"ܚܡܫ ܒܫܒܐ"@syc	<https://panlex.org/snapshot/panlex-20191001-csv/2892#110825559>				<https://panlex.org/snapshot/panlex-20191001-csv/2892#110825580>		"Hnub plaub"@cqd	
"ܚܡܫ ܒܫܒܐ"@syc	<https://panlex.org/snapshot/panlex-20191001-csv/2892#110825559>				<https://panlex.org/snapshot/panlex-20191001-csv/2892#110825646>		"𖬆𖬩 𖬄𖬦𖬵"@cqd	
"ܚܕ ܒܫܒܐ"@syc	<https://panlex.org/snapshot/panlex-20191001-csv/2892#110826775>				<https://panlex.org/snapshot/panlex-20191001-csv/2892#110826922>		"Hnub xya"@cqd	
"ܚܕ ܒܫܒܐ"@syc	<https://panlex.org/snapshot/panlex-20191001-csv/2892#110826775>				<https://panlex.org/snapshot/panlex-20191001-csv/2892#110826588>		"𖬆𖬩 𖬗𖬲𖬧𖬰"@cqd	
"ܐܪܒܥ ܒܫܒܐ"@syc	<https://panlex.org/snapshot/panlex-20191001-csv/2892#110824997>				<https://panlex.org/snapshot/panlex-20191001-csv/2892#110825229>		"Hnub peb"@cqd	
"ܐܪܒܥ ܒܫܒܐ"@syc	<https://panlex.org/snapshot/panlex-20191001-csv/2892#110824997>				<https://panlex.org/snapshot/panlex-20191001-csv/2892#110824944>		"𖬆𖬩 𖬈𖬪𖬵"@cqd	
"ܬܠܬ ܒܫܒܐ"@syc	<https://panlex.org/snapshot/panlex-20191001-csv/2892#110824536>				<https://panlex.org/snapshot/panlex-20191001-csv/2892#110824714>		"Hnub ob"@cqd	
"ܬܠܬ ܒܫܒܐ"@syc	<https://panlex.org/snapshot/panlex-20191001-csv/2892#110824536>				<https://panlex.org/snapshot/panlex-20191001-csv/2892#110824749>		"𖬆𖬩 𖬒𖬮𖬰"@cqd	
"ܥܪܘܒܬܐ"@syc	<https://panlex.org/snapshot/panlex-20191001-csv/2892#110826000>				<https://panlex.org/snapshot/panlex-20191001-csv/2892#110825862>		"𖬆𖬩 𖬂𖬝𖬰"@cqd	
"ܥܪܘܒܬܐ"@syc	<https://panlex.org/snapshot/panlex-20191001-csv/2892#110826000>				<https://panlex.org/snapshot/panlex-20191001-csv/2892#110825784>		"Hnub tsib"@cqd	
"ܬܪܝܢ ܒܫܒܐ"@syc	<https://panlex.org/snapshot/panlex-20191001-csv/2892#110824363>				<https://panlex.org/snapshot/panlex-20191001-csv/2892#110824063>		"Hnub ib"@cqd	
"ܬܪܝܢ ܒܫܒܐ"@syc	<https://panlex.org/snapshot/panlex-20191001-csv/2892#110824363>				<https://panlex.org/snapshot/panlex-20191001-csv/2892#110824303>		"𖬆𖬩 𖬂𖬮𖬰"@cqd	
"ܫܒܬܐ"@syc	<https://panlex.org/snapshot/panlex-20191001-csv/2892#110826130>				<https://panlex.org/snapshot/panlex-20191001-csv/2892#110826369>		"Hnub rau"@cqd	
"ܫܒܬܐ"@syc	<https://panlex.org/snapshot/panlex-20191001-csv/2892#110826130>				<https://panlex.org/snapshot/panlex-20191001-csv/2892#110826417>		"𖬆𖬩 𖬅𖬰𖬡"@cqd	
