"ܚܡܫ ܒܫܒܐ"@syc	<https://panlex.org/snapshot/panlex-20191001-csv/2892#110825559>				<https://panlex.org/snapshot/panlex-20191001-csv/2892#110825617>		"tuorestai"@fit	
"ܚܕ ܒܫܒܐ"@syc	<https://panlex.org/snapshot/panlex-20191001-csv/2892#110826775>				<https://panlex.org/snapshot/panlex-20191001-csv/2892#110826618>		"pyhä"@fit	
"ܚܕ ܒܫܒܐ"@syc	<https://panlex.org/snapshot/panlex-20191001-csv/2892#110826775>				<https://panlex.org/snapshot/panlex-20191001-csv/2892#110826928>		"sunnuntai"@fit	
"ܐܪܒܥ ܒܫܒܐ"@syc	<https://panlex.org/snapshot/panlex-20191001-csv/2892#110824997>				<https://panlex.org/snapshot/panlex-20191001-csv/2892#110825167>		"keskiviikko"@fit	
"ܬܠܬ ܒܫܒܐ"@syc	<https://panlex.org/snapshot/panlex-20191001-csv/2892#110824536>				<https://panlex.org/snapshot/panlex-20191001-csv/2892#110824708>		"tiistai"@fit	
"ܥܪܘܒܬܐ"@syc	<https://panlex.org/snapshot/panlex-20191001-csv/2892#110826000>				<https://panlex.org/snapshot/panlex-20191001-csv/2892#110825811>		"perjantai"@fit	
"ܬܪܝܢ ܒܫܒܐ"@syc	<https://panlex.org/snapshot/panlex-20191001-csv/2892#110824363>				<https://panlex.org/snapshot/panlex-20191001-csv/2892#110824197>		"maanantai"@fit	
"ܫܒܬܐ"@syc	<https://panlex.org/snapshot/panlex-20191001-csv/2892#110826130>				<https://panlex.org/snapshot/panlex-20191001-csv/2892#110826368>		"lauantai"@fit	
