"ܬܪܝܢ ܒܫܒܐ"@syc	<https://panlex.org/snapshot/panlex-20191001-csv/5947#84803584>				<https://panlex.org/snapshot/panlex-20191001-csv/5947#84803469>		"вильлун"@koi	
"ܒܝܬ ܨܘܒܐ"@syc	<https://panlex.org/snapshot/panlex-20191001-csv/2904#111024548>				<https://panlex.org/snapshot/panlex-20191001-csv/2904#111024547>		"университет"@koi	
"ܐܘܩܝܢܘܣ ܫܩܛܝܐ"@syc	<https://panlex.org/snapshot/panlex-20191001-csv/2901#110868096>				<https://panlex.org/snapshot/panlex-20191001-csv/2901#110868110>		"Ыджыт океан"@koi	
"ܐܘܩܝܢܘܣ ܫܩܛܝܐ"@syc	<https://panlex.org/snapshot/panlex-20191001-csv/2901#110868096>				<https://panlex.org/snapshot/panlex-20191001-csv/2901#110868002>		"Лӧнь океан"@koi	
"ܐܘܩܝܢܘܣ ܐܛܠܢܛܝܐ"@syc	<https://panlex.org/snapshot/panlex-20191001-csv/2901#110867487>				<https://panlex.org/snapshot/panlex-20191001-csv/2901#110867438>		"Атлантика океан"@koi	
"ܐܘܩܝܢܘܣ ܐܪܟܬܝܟܐ"@syc	<https://panlex.org/snapshot/panlex-20191001-csv/2901#110867289>				<https://panlex.org/snapshot/panlex-20191001-csv/2901#110867098>		"Ойвыв Йыа океан"@koi	
"ܐܘܩܝܢܘܣ ܗܢܕܘܝܐ"@syc	<https://panlex.org/snapshot/panlex-20191001-csv/2901#110867690>				<https://panlex.org/snapshot/panlex-20191001-csv/2901#110867769>		"Инда океан"@koi	
"ܚܡܫ ܒܫܒܐ"@syc	<https://panlex.org/snapshot/panlex-20191001-csv/2892#110825559>				<https://panlex.org/snapshot/panlex-20191001-csv/2892#110825630>		"четверг"@koi	
"ܚܕ ܒܫܒܐ"@syc	<https://panlex.org/snapshot/panlex-20191001-csv/2892#110826775>				<https://panlex.org/snapshot/panlex-20191001-csv/2892#110826698>		"кресення"@koi	
"ܐܪܒܥ ܒܫܒܐ"@syc	<https://panlex.org/snapshot/panlex-20191001-csv/2892#110824997>				<https://panlex.org/snapshot/panlex-20191001-csv/2892#110824876>		"середа"@koi	
"ܬܠܬ ܒܫܒܐ"@syc	<https://panlex.org/snapshot/panlex-20191001-csv/2892#110824536>				<https://panlex.org/snapshot/panlex-20191001-csv/2892#110824825>		"торник"@koi	
"ܥܪܘܒܬܐ"@syc	<https://panlex.org/snapshot/panlex-20191001-csv/2892#110826000>				<https://panlex.org/snapshot/panlex-20191001-csv/2892#110825911>		"пекнича"@koi	
"ܬܪܝܢ ܒܫܒܐ"@syc	<https://panlex.org/snapshot/panlex-20191001-csv/2892#110824363>				<https://panlex.org/snapshot/panlex-20191001-csv/2892#110824336>		"вильлун"@koi	
"ܫܒܬܐ"@syc	<https://panlex.org/snapshot/panlex-20191001-csv/2892#110826130>				<https://panlex.org/snapshot/panlex-20191001-csv/2892#110826337>		"субӧта"@koi	
"ܟܢܘܢ ܩܕܡ"@syc	<https://panlex.org/snapshot/panlex-20191001-csv/2897#110831966>				<https://panlex.org/snapshot/panlex-20191001-csv/2897#110831738>		"декаб"@koi	
"ܚܙܝܪܢ"@syc	<https://panlex.org/snapshot/panlex-20191001-csv/2897#110829130>				<https://panlex.org/snapshot/panlex-20191001-csv/2897#110829426>		"юнь"@koi	
"ܬܫܪܝܢ ܐܚܪܝ"@syc	<https://panlex.org/snapshot/panlex-20191001-csv/2897#110831381>				<https://panlex.org/snapshot/panlex-20191001-csv/2897#110831430>		"нояб"@koi	
"ܬܫܪܝܢ ܩܕܡ"@syc	<https://panlex.org/snapshot/panlex-20191001-csv/2897#110831026>				<https://panlex.org/snapshot/panlex-20191001-csv/2897#110831007>		"октяб"@koi	
"ܐܕܪ"@syc	<https://panlex.org/snapshot/panlex-20191001-csv/2897#110828053>				<https://panlex.org/snapshot/panlex-20191001-csv/2897#110828048>		"март"@koi	
"ܐܝܠܘܠ ܐܠܘܠ"@syc	<https://panlex.org/snapshot/panlex-20191001-csv/2897#110830412>				<https://panlex.org/snapshot/panlex-20191001-csv/2897#110830515>		"сентяб"@koi	
"ܬܫܪܝܢ ܩܕܝܡ"@syc	<https://panlex.org/snapshot/panlex-20191001-csv/2897#110830819>				<https://panlex.org/snapshot/panlex-20191001-csv/2897#110831007>		"октяб"@koi	
"ܟܢܘܢ ܐܚܪܝ"@syc	<https://panlex.org/snapshot/panlex-20191001-csv/2897#110827395>				<https://panlex.org/snapshot/panlex-20191001-csv/2897#110827156>		"январ"@koi	
"ܢܝܣܢ"@syc	<https://panlex.org/snapshot/panlex-20191001-csv/2897#110828528>				<https://panlex.org/snapshot/panlex-20191001-csv/2897#110828375>		"апрель"@koi	
"ܐܝܪ"@syc	<https://panlex.org/snapshot/panlex-20191001-csv/2897#110829065>				<https://panlex.org/snapshot/panlex-20191001-csv/2897#110829051>		"май"@koi	
"ܟܢܘܢ ܩܕܝܡ"@syc	<https://panlex.org/snapshot/panlex-20191001-csv/2897#110831909>				<https://panlex.org/snapshot/panlex-20191001-csv/2897#110831738>		"декаб"@koi	
"ܐܒ"@syc	<https://panlex.org/snapshot/panlex-20191001-csv/2897#110830304>				<https://panlex.org/snapshot/panlex-20191001-csv/2897#110830123>		"август"@koi	
"ܫܒܛ"@syc	<https://panlex.org/snapshot/panlex-20191001-csv/2897#110827551>				<https://panlex.org/snapshot/panlex-20191001-csv/2897#110827717>		"февраль"@koi	
"ܬܡܘܙ"@syc	<https://panlex.org/snapshot/panlex-20191001-csv/2897#110829504>				<https://panlex.org/snapshot/panlex-20191001-csv/2897#110829725>		"юль"@koi	
