"ei"@hvn	<https://panlex.org/snapshot/panlex-20191001-csv/12#850956>				<https://panlex.org/snapshot/panlex-20191001-csv/12#850979>		"wéye"@jmd	
"wùlaba"@hvn	<https://panlex.org/snapshot/panlex-20191001-csv/114#8051769>				<https://panlex.org/snapshot/panlex-20191001-csv/114#8051804>		"lime"@jmd	
"kedaŋa"@hvn	<https://panlex.org/snapshot/panlex-20191001-csv/114#8052774>				<https://panlex.org/snapshot/panlex-20191001-csv/114#8052799>		"fian"@jmd	
"tooga"@hvn	<https://panlex.org/snapshot/panlex-20191001-csv/114#8053257>				<https://panlex.org/snapshot/panlex-20191001-csv/114#8053290>		"eme"@jmd	
"soosoo"@hvn	<https://panlex.org/snapshot/panlex-20191001-csv/114#8060445>				<https://panlex.org/snapshot/panlex-20191001-csv/114#8060481>		"susu"@jmd	
"peŋé"@hvn	<https://panlex.org/snapshot/panlex-20191001-csv/114#8062029>				<https://panlex.org/snapshot/panlex-20191001-csv/114#8062057>		"n-kolak"@jmd	
"peŋé"@hvn	<https://panlex.org/snapshot/panlex-20191001-csv/114#8062029>				<https://panlex.org/snapshot/panlex-20191001-csv/114#8062058>		"na-daun"@jmd	
"peŋé"@hvn	<https://panlex.org/snapshot/panlex-20191001-csv/114#8062029>				<https://panlex.org/snapshot/panlex-20191001-csv/114#8062056>		"n-kambar"@jmd	
"ia"@hvn	<https://panlex.org/snapshot/panlex-20191001-csv/114#8061496>				<https://panlex.org/snapshot/panlex-20191001-csv/114#8061540>		"na-fai"@jmd	
"ɗole"@hvn	<https://panlex.org/snapshot/panlex-20191001-csv/114#8068263>				<https://panlex.org/snapshot/panlex-20191001-csv/114#8068304>		"n-malip"@jmd	
"ra"@hvn	<https://panlex.org/snapshot/panlex-20191001-csv/114#8063005>				<https://panlex.org/snapshot/panlex-20191001-csv/114#8063034>		"dare"@jmd	
"ruai"@hvn	<https://panlex.org/snapshot/panlex-20191001-csv/114#8051767>				<https://panlex.org/snapshot/panlex-20191001-csv/114#8051804>		"lime"@jmd	
"lakoko"@hvn	<https://panlex.org/snapshot/panlex-20191001-csv/114#8064089>				<https://panlex.org/snapshot/panlex-20191001-csv/114#8064122>		"nawe"@jmd	
"lakoko"@hvn	<https://panlex.org/snapshot/panlex-20191001-csv/114#8064089>				<https://panlex.org/snapshot/panlex-20191001-csv/114#8064121>		"manuk"@jmd	
"deka"@hvn	<https://panlex.org/snapshot/panlex-20191001-csv/114#8054888>				<https://panlex.org/snapshot/panlex-20191001-csv/114#8054922>		"n-ma"@jmd	
"duneeäla"@hvn	<https://panlex.org/snapshot/panlex-20191001-csv/114#8053254>				<https://panlex.org/snapshot/panlex-20191001-csv/114#8053290>		"eme"@jmd	
"kòlogoòno"@hvn	<https://panlex.org/snapshot/panlex-20191001-csv/114#8061003>				<https://panlex.org/snapshot/panlex-20191001-csv/114#8061029>		"ba|bara|n"@jmd	
"kòlogoòno"@hvn	<https://panlex.org/snapshot/panlex-20191001-csv/114#8061003>				<https://panlex.org/snapshot/panlex-20191001-csv/114#8061030>		"slyape"@jmd	
"caboosoosoo"@hvn	<https://panlex.org/snapshot/panlex-20191001-csv/114#8060442>				<https://panlex.org/snapshot/panlex-20191001-csv/114#8060481>		"susu"@jmd	
"owé"@hvn	<https://panlex.org/snapshot/panlex-20191001-csv/114#8062028>				<https://panlex.org/snapshot/panlex-20191001-csv/114#8062057>		"n-kolak"@jmd	
"owé"@hvn	<https://panlex.org/snapshot/panlex-20191001-csv/114#8062028>				<https://panlex.org/snapshot/panlex-20191001-csv/114#8062058>		"na-daun"@jmd	
"owé"@hvn	<https://panlex.org/snapshot/panlex-20191001-csv/114#8062028>				<https://panlex.org/snapshot/panlex-20191001-csv/114#8062056>		"n-kambar"@jmd	
"ŋutu"@hvn	<https://panlex.org/snapshot/panlex-20191001-csv/114#8067200>				<https://panlex.org/snapshot/panlex-20191001-csv/114#8067241>		"nife"@jmd	
"caboosoofoo"@hvn	<https://panlex.org/snapshot/panlex-20191001-csv/114#8060441>				<https://panlex.org/snapshot/panlex-20191001-csv/114#8060481>		"susu"@jmd	
"keruka"@hvn	<https://panlex.org/snapshot/panlex-20191001-csv/114#8068793>				<https://panlex.org/snapshot/panlex-20191001-csv/114#8068831>		"n-tasiŋ"@jmd	
