"ei"@hvn	<https://panlex.org/snapshot/panlex-20191001-csv/12#850956>				<https://panlex.org/snapshot/panlex-20191001-csv/12#850875>		"aqua"@ch	
"ei"@hvn	<https://panlex.org/snapshot/panlex-20191001-csv/12#850956>				<https://panlex.org/snapshot/panlex-20191001-csv/12#850876>		"hanom"@ch	
"wùlaba"@hvn	<https://panlex.org/snapshot/panlex-20191001-csv/114#8051769>				<https://panlex.org/snapshot/panlex-20191001-csv/114#8051703>		"kannai"@ch	
"kedaŋa"@hvn	<https://panlex.org/snapshot/panlex-20191001-csv/114#8052774>				<https://panlex.org/snapshot/panlex-20191001-csv/114#8052725>		"agapaʼ"@ch	
"tooga"@hvn	<https://panlex.org/snapshot/panlex-20191001-csv/114#8053257>				<https://panlex.org/snapshot/panlex-20191001-csv/114#8053190>		"addeng"@ch	
"soosoo"@hvn	<https://panlex.org/snapshot/panlex-20191001-csv/114#8060445>				<https://panlex.org/snapshot/panlex-20191001-csv/114#8060379>		"susu"@ch	
"peŋé"@hvn	<https://panlex.org/snapshot/panlex-20191001-csv/114#8062029>				<https://panlex.org/snapshot/panlex-20191001-csv/114#8061975>		"hasso"@ch	
"ia"@hvn	<https://panlex.org/snapshot/panlex-20191001-csv/114#8061496>				<https://panlex.org/snapshot/panlex-20191001-csv/114#8061429>		"tungoʼ"@ch	
"ɗole"@hvn	<https://panlex.org/snapshot/panlex-20191001-csv/114#8068263>				<https://panlex.org/snapshot/panlex-20191001-csv/114#8068198>		"chalek"@ch	
"ra"@hvn	<https://panlex.org/snapshot/panlex-20191001-csv/114#8063005>				<https://panlex.org/snapshot/panlex-20191001-csv/114#8062948>		"hagaʼ"@ch	
"ruai"@hvn	<https://panlex.org/snapshot/panlex-20191001-csv/114#8051767>				<https://panlex.org/snapshot/panlex-20191001-csv/114#8051703>		"kannai"@ch	
"lakoko"@hvn	<https://panlex.org/snapshot/panlex-20191001-csv/114#8064089>				<https://panlex.org/snapshot/panlex-20191001-csv/114#8064024>		"agaʼgaʼ"@ch	
"deka"@hvn	<https://panlex.org/snapshot/panlex-20191001-csv/114#8054888>				<https://panlex.org/snapshot/panlex-20191001-csv/114#8054825>		"mailaʼ"@ch	
"duneeäla"@hvn	<https://panlex.org/snapshot/panlex-20191001-csv/114#8053254>				<https://panlex.org/snapshot/panlex-20191001-csv/114#8053190>		"addeng"@ch	
"kòlogoòno"@hvn	<https://panlex.org/snapshot/panlex-20191001-csv/114#8061003>				<https://panlex.org/snapshot/panlex-20191001-csv/114#8060953>		"apaga"@ch	
"caboosoosoo"@hvn	<https://panlex.org/snapshot/panlex-20191001-csv/114#8060442>				<https://panlex.org/snapshot/panlex-20191001-csv/114#8060379>		"susu"@ch	
"owé"@hvn	<https://panlex.org/snapshot/panlex-20191001-csv/114#8062028>				<https://panlex.org/snapshot/panlex-20191001-csv/114#8061975>		"hasso"@ch	
"ŋutu"@hvn	<https://panlex.org/snapshot/panlex-20191001-csv/114#8067200>				<https://panlex.org/snapshot/panlex-20191001-csv/114#8067133>		"nifen"@ch	
"caboosoofoo"@hvn	<https://panlex.org/snapshot/panlex-20191001-csv/114#8060441>				<https://panlex.org/snapshot/panlex-20191001-csv/114#8060379>		"susu"@ch	
"keruka"@hvn	<https://panlex.org/snapshot/panlex-20191001-csv/114#8068793>				<https://panlex.org/snapshot/panlex-20191001-csv/114#8068732>		"tanges"@ch	
