"wùlaba"@hvn	<https://panlex.org/snapshot/panlex-20191001-csv/114#8051769>				<https://panlex.org/snapshot/panlex-20191001-csv/114#8052040>		"liman"@sjr	
"kedaŋa"@hvn	<https://panlex.org/snapshot/panlex-20191001-csv/114#8052774>				<https://panlex.org/snapshot/panlex-20191001-csv/114#8052993>		"sot"@sjr	
"tooga"@hvn	<https://panlex.org/snapshot/panlex-20191001-csv/114#8053257>				<https://panlex.org/snapshot/panlex-20191001-csv/114#8053529>		"keke n"@sjr	
"soosoo"@hvn	<https://panlex.org/snapshot/panlex-20191001-csv/114#8060445>				<https://panlex.org/snapshot/panlex-20191001-csv/114#8060718>		"susun"@sjr	
"soosoo"@hvn	<https://panlex.org/snapshot/panlex-20191001-csv/114#8060445>				<https://panlex.org/snapshot/panlex-20191001-csv/114#8060717>		"molosin"@sjr	
"ia"@hvn	<https://panlex.org/snapshot/panlex-20191001-csv/114#8061496>				<https://panlex.org/snapshot/panlex-20191001-csv/114#8061768>		"tasimon"@sjr	
"ɗole"@hvn	<https://panlex.org/snapshot/panlex-20191001-csv/114#8068263>				<https://panlex.org/snapshot/panlex-20191001-csv/114#8068515>		"langar"@sjr	
"ra"@hvn	<https://panlex.org/snapshot/panlex-20191001-csv/114#8063005>				<https://panlex.org/snapshot/panlex-20191001-csv/114#8063255>		"silik"@sjr	
"ruai"@hvn	<https://panlex.org/snapshot/panlex-20191001-csv/114#8051767>				<https://panlex.org/snapshot/panlex-20191001-csv/114#8052040>		"liman"@sjr	
"lakoko"@hvn	<https://panlex.org/snapshot/panlex-20191001-csv/114#8064089>				<https://panlex.org/snapshot/panlex-20191001-csv/114#8064332>		"koderan"@sjr	
"deka"@hvn	<https://panlex.org/snapshot/panlex-20191001-csv/114#8054888>				<https://panlex.org/snapshot/panlex-20191001-csv/114#8055135>		"ima"@sjr	
"duneeäla"@hvn	<https://panlex.org/snapshot/panlex-20191001-csv/114#8053254>				<https://panlex.org/snapshot/panlex-20191001-csv/114#8053529>		"keke n"@sjr	
"kòlogoòno"@hvn	<https://panlex.org/snapshot/panlex-20191001-csv/114#8061003>				<https://panlex.org/snapshot/panlex-20191001-csv/114#8061229>		"kamliman"@sjr	
"caboosoosoo"@hvn	<https://panlex.org/snapshot/panlex-20191001-csv/114#8060442>				<https://panlex.org/snapshot/panlex-20191001-csv/114#8060718>		"susun"@sjr	
"caboosoosoo"@hvn	<https://panlex.org/snapshot/panlex-20191001-csv/114#8060442>				<https://panlex.org/snapshot/panlex-20191001-csv/114#8060717>		"molosin"@sjr	
"ŋutu"@hvn	<https://panlex.org/snapshot/panlex-20191001-csv/114#8067200>				<https://panlex.org/snapshot/panlex-20191001-csv/114#8067466>		"kabinngisen"@sjr	
"ŋutu"@hvn	<https://panlex.org/snapshot/panlex-20191001-csv/114#8067200>				<https://panlex.org/snapshot/panlex-20191001-csv/114#8067467>		"ngisen"@sjr	
"caboosoofoo"@hvn	<https://panlex.org/snapshot/panlex-20191001-csv/114#8060441>				<https://panlex.org/snapshot/panlex-20191001-csv/114#8060718>		"susun"@sjr	
"caboosoofoo"@hvn	<https://panlex.org/snapshot/panlex-20191001-csv/114#8060441>				<https://panlex.org/snapshot/panlex-20191001-csv/114#8060717>		"molosin"@sjr	
