"wùlaba"@hvn	<https://panlex.org/snapshot/panlex-20191001-csv/114#8051769>				<https://panlex.org/snapshot/panlex-20191001-csv/114#8051850>		"lima"@lga	
"kedaŋa"@hvn	<https://panlex.org/snapshot/panlex-20191001-csv/114#8052774>				<https://panlex.org/snapshot/panlex-20191001-csv/114#8052836>		"matua"@lga	
"tooga"@hvn	<https://panlex.org/snapshot/panlex-20191001-csv/114#8053257>				<https://panlex.org/snapshot/panlex-20191001-csv/114#8053342>		"nene"@lga	
"soosoo"@hvn	<https://panlex.org/snapshot/panlex-20191001-csv/114#8060445>				<https://panlex.org/snapshot/panlex-20191001-csv/114#8060531>		"susu"@lga	
"peŋé"@hvn	<https://panlex.org/snapshot/panlex-20191001-csv/114#8062029>				<https://panlex.org/snapshot/panlex-20191001-csv/114#8062092>		"roroqu"@lga	
"ia"@hvn	<https://panlex.org/snapshot/panlex-20191001-csv/114#8061496>				<https://panlex.org/snapshot/panlex-20191001-csv/114#8061583>		"gigilai"@lga	
"ɗole"@hvn	<https://panlex.org/snapshot/panlex-20191001-csv/114#8068263>				<https://panlex.org/snapshot/panlex-20191001-csv/114#8068342>		"avu"@lga	
"ra"@hvn	<https://panlex.org/snapshot/panlex-20191001-csv/114#8063005>				<https://panlex.org/snapshot/panlex-20191001-csv/114#8063075>		"orungu"@lga	
"ruai"@hvn	<https://panlex.org/snapshot/panlex-20191001-csv/114#8051767>				<https://panlex.org/snapshot/panlex-20191001-csv/114#8051850>		"lima"@lga	
"lakoko"@hvn	<https://panlex.org/snapshot/panlex-20191001-csv/114#8064089>				<https://panlex.org/snapshot/panlex-20191001-csv/114#8064164>		"rua"@lga	
"deka"@hvn	<https://panlex.org/snapshot/panlex-20191001-csv/114#8054888>				<https://panlex.org/snapshot/panlex-20191001-csv/114#8054965>		"lame"@lga	
"deka"@hvn	<https://panlex.org/snapshot/panlex-20191001-csv/114#8054888>				<https://panlex.org/snapshot/panlex-20191001-csv/114#8054966>		"mei"@lga	
"duneeäla"@hvn	<https://panlex.org/snapshot/panlex-20191001-csv/114#8053254>				<https://panlex.org/snapshot/panlex-20191001-csv/114#8053342>		"nene"@lga	
"kòlogoòno"@hvn	<https://panlex.org/snapshot/panlex-20191001-csv/114#8061003>				<https://panlex.org/snapshot/panlex-20191001-csv/114#8061065>		"vara"@lga	
"caboosoosoo"@hvn	<https://panlex.org/snapshot/panlex-20191001-csv/114#8060442>				<https://panlex.org/snapshot/panlex-20191001-csv/114#8060531>		"susu"@lga	
"owé"@hvn	<https://panlex.org/snapshot/panlex-20191001-csv/114#8062028>				<https://panlex.org/snapshot/panlex-20191001-csv/114#8062092>		"roroqu"@lga	
"ŋutu"@hvn	<https://panlex.org/snapshot/panlex-20191001-csv/114#8067200>				<https://panlex.org/snapshot/panlex-20191001-csv/114#8067283>		"livo"@lga	
"caboosoofoo"@hvn	<https://panlex.org/snapshot/panlex-20191001-csv/114#8060441>				<https://panlex.org/snapshot/panlex-20191001-csv/114#8060531>		"susu"@lga	
