"wùlaba"@hvn	<https://panlex.org/snapshot/panlex-20191001-csv/114#8051769>				<https://panlex.org/snapshot/panlex-20191001-csv/114#8052037>		"eguy"@sge	
"kedaŋa"@hvn	<https://panlex.org/snapshot/panlex-20191001-csv/114#8052774>				<https://panlex.org/snapshot/panlex-20191001-csv/114#8052989>		"menʼaw"@sge	
"tooga"@hvn	<https://panlex.org/snapshot/panlex-20191001-csv/114#8053257>				<https://panlex.org/snapshot/panlex-20191001-csv/114#8053526>		"kul"@sge	
"soosoo"@hvn	<https://panlex.org/snapshot/panlex-20191001-csv/114#8060445>				<https://panlex.org/snapshot/panlex-20191001-csv/114#8060713>		"giʼ"@sge	
"peŋé"@hvn	<https://panlex.org/snapshot/panlex-20191001-csv/114#8062029>				<https://panlex.org/snapshot/panlex-20191001-csv/114#8062249>		"ngeusang"@sge	
"ia"@hvn	<https://panlex.org/snapshot/panlex-20191001-csv/114#8061496>				<https://panlex.org/snapshot/panlex-20191001-csv/114#8061764>		"ptèng"@sge	
"ɗole"@hvn	<https://panlex.org/snapshot/panlex-20191001-csv/114#8068263>				<https://panlex.org/snapshot/panlex-20191001-csv/114#8068512>		"loʼ"@sge	
"ra"@hvn	<https://panlex.org/snapshot/panlex-20191001-csv/114#8063005>				<https://panlex.org/snapshot/panlex-20191001-csv/114#8063252>		"leʼa"@sge	
"ruai"@hvn	<https://panlex.org/snapshot/panlex-20191001-csv/114#8051767>				<https://panlex.org/snapshot/panlex-20191001-csv/114#8052037>		"eguy"@sge	
"lakoko"@hvn	<https://panlex.org/snapshot/panlex-20191001-csv/114#8064089>				<https://panlex.org/snapshot/panlex-20191001-csv/114#8064329>		"ngeléang"@sge	
"deka"@hvn	<https://panlex.org/snapshot/panlex-20191001-csv/114#8054888>				<https://panlex.org/snapshot/panlex-20191001-csv/114#8055132>		"tawoʼ"@sge	
"duneeäla"@hvn	<https://panlex.org/snapshot/panlex-20191001-csv/114#8053254>				<https://panlex.org/snapshot/panlex-20191001-csv/114#8053526>		"kul"@sge	
"kòlogoòno"@hvn	<https://panlex.org/snapshot/panlex-20191001-csv/114#8061003>				<https://panlex.org/snapshot/panlex-20191001-csv/114#8061226>		"leʼip"@sge	
"caboosoosoo"@hvn	<https://panlex.org/snapshot/panlex-20191001-csv/114#8060442>				<https://panlex.org/snapshot/panlex-20191001-csv/114#8060713>		"giʼ"@sge	
"owé"@hvn	<https://panlex.org/snapshot/panlex-20191001-csv/114#8062028>				<https://panlex.org/snapshot/panlex-20191001-csv/114#8062249>		"ngeusang"@sge	
"ŋutu"@hvn	<https://panlex.org/snapshot/panlex-20191001-csv/114#8067200>				<https://panlex.org/snapshot/panlex-20191001-csv/114#8067463>		"kiu"@sge	
"caboosoofoo"@hvn	<https://panlex.org/snapshot/panlex-20191001-csv/114#8060441>				<https://panlex.org/snapshot/panlex-20191001-csv/114#8060713>		"giʼ"@sge	
