"yua"@pkp	<https://panlex.org/snapshot/panlex-20191001-csv/12#851106>				<https://panlex.org/snapshot/panlex-20191001-csv/12#851169>		"cai"@su	
"toto"@pkp	<https://panlex.org/snapshot/panlex-20191001-csv/15#965062>				<https://panlex.org/snapshot/panlex-20191001-csv/15#965074>		"getih"@su	
"kelekele"@pkp	<https://panlex.org/snapshot/panlex-20191001-csv/15#967048>				<https://panlex.org/snapshot/panlex-20191001-csv/15#967067>		"keusik"@su	
"liliki"@pkp	<https://panlex.org/snapshot/panlex-20191001-csv/15#955520>				<https://panlex.org/snapshot/panlex-20191001-csv/15#955530>		"leutik"@su	
"tini"@pkp	<https://panlex.org/snapshot/panlex-20191001-csv/15#967050>				<https://panlex.org/snapshot/panlex-20191001-csv/15#967067>		"keusik"@su	
"one"@pkp	<https://panlex.org/snapshot/panlex-20191001-csv/15#967049>				<https://panlex.org/snapshot/panlex-20191001-csv/15#967067>		"keusik"@su	
"lewu"@pkp	<https://panlex.org/snapshot/panlex-20191001-csv/15#955519>				<https://panlex.org/snapshot/panlex-20191001-csv/15#955530>		"leutik"@su	
"uma"@pkp	<https://panlex.org/snapshot/panlex-20191001-csv/114#8060671>				<https://panlex.org/snapshot/panlex-20191001-csv/114#8060752>		"susu"@su	
"aloalo"@pkp	<https://panlex.org/snapshot/panlex-20191001-csv/114#8060670>				<https://panlex.org/snapshot/panlex-20191001-csv/114#8060752>		"susu"@su	
"akaea"@pkp	<https://panlex.org/snapshot/panlex-20191001-csv/114#8065860>				<https://panlex.org/snapshot/panlex-20191001-csv/114#8065926>		"nyeunghap"@su	
"kakau"@pkp	<https://panlex.org/snapshot/panlex-20191001-csv/114#8056092>				<https://panlex.org/snapshot/panlex-20191001-csv/114#8056171>		"ngojay"@su	
"kili"@pkp	<https://panlex.org/snapshot/panlex-20191001-csv/114#8057579>				<https://panlex.org/snapshot/panlex-20191001-csv/114#8057658>		"kulit"@su	
"taepili"@pkp	<https://panlex.org/snapshot/panlex-20191001-csv/114#8059639>				<https://panlex.org/snapshot/panlex-20191001-csv/114#8059704>		"peujit"@su	
"laūlu"@pkp	<https://panlex.org/snapshot/panlex-20191001-csv/114#8064826>				<https://panlex.org/snapshot/panlex-20191001-csv/114#8064912>		"buuk"@su	
"laūlu"@pkp	<https://panlex.org/snapshot/panlex-20191001-csv/114#8064826>				<https://panlex.org/snapshot/panlex-20191001-csv/114#8064913>		"rambut"@su	
"tua"@pkp	<https://panlex.org/snapshot/panlex-20191001-csv/114#8058088>				<https://panlex.org/snapshot/panlex-20191001-csv/114#8058160>		"tonggong"@su	
"yongi"@pkp	<https://panlex.org/snapshot/panlex-20191001-csv/114#8066335>				<https://panlex.org/snapshot/panlex-20191001-csv/114#8066407>		"nyium"@su	
"ōmamai"@pkp	<https://panlex.org/snapshot/panlex-20191001-csv/114#8055087>				<https://panlex.org/snapshot/panlex-20191001-csv/114#8055160>		"datang"@su	
"wū"@pkp	<https://panlex.org/snapshot/panlex-20191001-csv/114#8060672>				<https://panlex.org/snapshot/panlex-20191001-csv/114#8060752>		"susu"@su	
"māwutu"@pkp	<https://panlex.org/snapshot/panlex-20191001-csv/114#8061720>				<https://panlex.org/snapshot/panlex-20191001-csv/114#8061795>		"nyaho"@su	
"mayala"@pkp	<https://panlex.org/snapshot/panlex-20191001-csv/114#8062210>				<https://panlex.org/snapshot/panlex-20191001-csv/114#8062277>		"mikir"@su	
"lima"@pkp	<https://panlex.org/snapshot/panlex-20191001-csv/114#8051991>				<https://panlex.org/snapshot/panlex-20191001-csv/114#8052074>		"leuŋeun"@su	
"iyu"@pkp	<https://panlex.org/snapshot/panlex-20191001-csv/114#8065387>				<https://panlex.org/snapshot/panlex-20191001-csv/114#8065463>		"irung"@su	
"īloloa"@pkp	<https://panlex.org/snapshot/panlex-20191001-csv/114#8061722>				<https://panlex.org/snapshot/panlex-20191001-csv/114#8061795>		"nyaho"@su	
"pakuongea"@pkp	<https://panlex.org/snapshot/panlex-20191001-csv/114#8056603>				<https://panlex.org/snapshot/panlex-20191001-csv/114#8056681>		"kotor"@su	
"wōmamai"@pkp	<https://panlex.org/snapshot/panlex-20191001-csv/114#8055085>				<https://panlex.org/snapshot/panlex-20191001-csv/114#8055160>		"datang"@su	
