"moot"@tjg	<https://panlex.org/snapshot/panlex-20191001-csv/114#8055188>				<https://panlex.org/snapshot/panlex-20191001-csv/114#8054846>		"ama"@don	
"alaw"@tjg	<https://panlex.org/snapshot/panlex-20191001-csv/114#8064948>				<https://panlex.org/snapshot/panlex-20191001-csv/114#8064579>		"hui"@don	
"kulit"@tjg	<https://panlex.org/snapshot/panlex-20191001-csv/114#8057687>				<https://panlex.org/snapshot/panlex-20191001-csv/114#8057338>		"vaha"@don	
"kulit"@tjg	<https://panlex.org/snapshot/panlex-20191001-csv/114#8057687>				<https://panlex.org/snapshot/panlex-20191001-csv/114#8057339>		"waha"@don	
"uruŋ"@tjg	<https://panlex.org/snapshot/panlex-20191001-csv/114#8065500>				<https://panlex.org/snapshot/panlex-20191001-csv/114#8065129>		"ururu"@don	
"ulay"@tjg	<https://panlex.org/snapshot/panlex-20191001-csv/114#8052588>				<https://panlex.org/snapshot/panlex-20191001-csv/114#8052269>		"lauriʼu"@don	
"calan"@tjg	<https://panlex.org/snapshot/panlex-20191001-csv/114#8054184>				<https://panlex.org/snapshot/panlex-20191001-csv/114#8053789>		"a taravari"@don	
"calan"@tjg	<https://panlex.org/snapshot/panlex-20191001-csv/114#8054184>				<https://panlex.org/snapshot/panlex-20191001-csv/114#8053790>		"vari"@don	
"tauʔ"@tjg	<https://panlex.org/snapshot/panlex-20191001-csv/114#8053045>				<https://panlex.org/snapshot/panlex-20191001-csv/114#8052736>		"itipaʼu"@don	
