"anum"@tjg	<https://panlex.org/snapshot/panlex-20191001-csv/12#851190>				<https://panlex.org/snapshot/panlex-20191001-csv/12#851169>		"cai"@su	
"moot"@tjg	<https://panlex.org/snapshot/panlex-20191001-csv/114#8055188>				<https://panlex.org/snapshot/panlex-20191001-csv/114#8055160>		"datang"@su	
"alaw"@tjg	<https://panlex.org/snapshot/panlex-20191001-csv/114#8064948>				<https://panlex.org/snapshot/panlex-20191001-csv/114#8064912>		"buuk"@su	
"alaw"@tjg	<https://panlex.org/snapshot/panlex-20191001-csv/114#8064948>				<https://panlex.org/snapshot/panlex-20191001-csv/114#8064913>		"rambut"@su	
"usiʔ ŋaiʔ"@tjg	<https://panlex.org/snapshot/panlex-20191001-csv/114#8059731>				<https://panlex.org/snapshot/panlex-20191001-csv/114#8059704>		"peujit"@su	
"dəbu"@tjg	<https://panlex.org/snapshot/panlex-20191001-csv/114#8057183>				<https://panlex.org/snapshot/panlex-20191001-csv/114#8057153>		"pelédug"@su	
"kulit"@tjg	<https://panlex.org/snapshot/panlex-20191001-csv/114#8057687>				<https://panlex.org/snapshot/panlex-20191001-csv/114#8057658>		"kulit"@su	
"uruŋ"@tjg	<https://panlex.org/snapshot/panlex-20191001-csv/114#8065500>				<https://panlex.org/snapshot/panlex-20191001-csv/114#8065463>		"irung"@su	
"oncoŋ"@tjg	<https://panlex.org/snapshot/panlex-20191001-csv/114#8066975>				<https://panlex.org/snapshot/panlex-20191001-csv/114#8066943>		"sungut"@su	
"ulay"@tjg	<https://panlex.org/snapshot/panlex-20191001-csv/114#8052588>				<https://panlex.org/snapshot/panlex-20191001-csv/114#8052556>		"kenca"@su	
"calan"@tjg	<https://panlex.org/snapshot/panlex-20191001-csv/114#8054184>				<https://panlex.org/snapshot/panlex-20191001-csv/114#8054150>		"leumpang"@su	
"tauʔ"@tjg	<https://panlex.org/snapshot/panlex-20191001-csv/114#8053045>				<https://panlex.org/snapshot/panlex-20191001-csv/114#8053016>		"katuhu"@su	
