"anum"@tjg	<https://panlex.org/snapshot/panlex-20191001-csv/12#851190>				<https://panlex.org/snapshot/panlex-20191001-csv/12#851166>		"kan"@ssg	
"moot"@tjg	<https://panlex.org/snapshot/panlex-20191001-csv/114#8055188>				<https://panlex.org/snapshot/panlex-20191001-csv/114#8055152>		"nahĩ ma"@ssg	
"alaw"@tjg	<https://panlex.org/snapshot/panlex-20191001-csv/114#8064948>				<https://panlex.org/snapshot/panlex-20191001-csv/114#8064902>		"uku-n"@ssg	
"usiʔ ŋaiʔ"@tjg	<https://panlex.org/snapshot/panlex-20191001-csv/114#8059731>				<https://panlex.org/snapshot/panlex-20191001-csv/114#8059698>		"puhũa-n"@ssg	
"dəbu"@tjg	<https://panlex.org/snapshot/panlex-20191001-csv/114#8057183>				<https://panlex.org/snapshot/panlex-20191001-csv/114#8057146>		"axuan"@ssg	
"kulit"@tjg	<https://panlex.org/snapshot/panlex-20191001-csv/114#8057687>				<https://panlex.org/snapshot/panlex-20191001-csv/114#8057649>		"uli-n"@ssg	
"uruŋ"@tjg	<https://panlex.org/snapshot/panlex-20191001-csv/114#8065500>				<https://panlex.org/snapshot/panlex-20191001-csv/114#8065454>		"we|ixu-n"@ssg	
"oncoŋ"@tjg	<https://panlex.org/snapshot/panlex-20191001-csv/114#8066975>				<https://panlex.org/snapshot/panlex-20191001-csv/114#8066935>		"awa-n"@ssg	
"ulay"@tjg	<https://panlex.org/snapshot/panlex-20191001-csv/114#8052588>				<https://panlex.org/snapshot/panlex-20191001-csv/114#8052550>		"kala|maw"@ssg	
"calan"@tjg	<https://panlex.org/snapshot/panlex-20191001-csv/114#8054184>				<https://panlex.org/snapshot/panlex-20191001-csv/114#8054139>		"nahĩ"@ssg	
"tauʔ"@tjg	<https://panlex.org/snapshot/panlex-20191001-csv/114#8053045>				<https://panlex.org/snapshot/panlex-20191001-csv/114#8053010>		"manaw"@ssg	
