"მარგალური"@xmf	<https://panlex.org/snapshot/panlex-20191001-csv/6708#112319917>				<https://panlex.org/snapshot/panlex-20191001-csv/6708#112319921>		"mingrelio"@es	
"მარგალური"@xmf	<https://panlex.org/snapshot/panlex-20191001-csv/6708#112319925>				<https://panlex.org/snapshot/panlex-20191001-csv/6708#112319929>		"mingrelio"@es	
"ბრონზეშ ხანა"@xmf	<https://panlex.org/snapshot/panlex-20191001-csv/6709#111075938>				<https://panlex.org/snapshot/panlex-20191001-csv/6709#111075977>		"Edad de Bronce"@es	
"მაართა მოსოფელიშ ლჷმა"@xmf	<https://panlex.org/snapshot/panlex-20191001-csv/6709#111077309>				<https://panlex.org/snapshot/panlex-20191001-csv/6709#111077452>		"Primera Guerra Mundial"@es	
"ქუაშ ხანა"@xmf	<https://panlex.org/snapshot/panlex-20191001-csv/6709#111075861>				<https://panlex.org/snapshot/panlex-20191001-csv/6709#111075901>		"Edad de Piedra"@es	
"მაჟირა მოსოფელიშ ლჷმა"@xmf	<https://panlex.org/snapshot/panlex-20191001-csv/6709#111077513>				<https://panlex.org/snapshot/panlex-20191001-csv/6709#111077502>		"Segunda Guerra Mundial"@es	
"ვიკინგეფი"@xmf	<https://panlex.org/snapshot/panlex-20191001-csv/6709#111076462>				<https://panlex.org/snapshot/panlex-20191001-csv/6709#111076537>		"Vikingos"@es	
"ავღანეთი"@xmf	<https://panlex.org/snapshot/panlex-20191001-csv/5947#84579284>				<https://panlex.org/snapshot/panlex-20191001-csv/5947#84579248>		"Afganistán"@es	
"ალბანეთი"@xmf	<https://panlex.org/snapshot/panlex-20191001-csv/5947#84579821>				<https://panlex.org/snapshot/panlex-20191001-csv/5947#84579783>		"Albania"@es	
"საფრანგეთი"@xmf	<https://panlex.org/snapshot/panlex-20191001-csv/5949#85323701>				<https://panlex.org/snapshot/panlex-20191001-csv/5949#85323668>		"Francia"@es	
"რუსეთი"@xmf	<https://panlex.org/snapshot/panlex-20191001-csv/5949#85319642>				<https://panlex.org/snapshot/panlex-20191001-csv/5949#85319594>		"Rusia"@es	
"ევფრატი"@xmf	<https://panlex.org/snapshot/panlex-20191001-csv/5949#85308731>				<https://panlex.org/snapshot/panlex-20191001-csv/5949#85308719>		"Éufrates"@es	
"მარაშინათუთა"@xmf	<https://panlex.org/snapshot/panlex-20191001-csv/5949#85329550>				<https://panlex.org/snapshot/panlex-20191001-csv/5949#85329501>		"agosto"@es	
"ყაზანი"@xmf	<https://panlex.org/snapshot/panlex-20191001-csv/5949#85312024>				<https://panlex.org/snapshot/panlex-20191001-csv/5949#85312015>		"Kazán"@es	
"დაღესტანი"@xmf	<https://panlex.org/snapshot/panlex-20191001-csv/5949#85307297>				<https://panlex.org/snapshot/panlex-20191001-csv/5949#85307288>		"Daguestán"@es	
"თერგი"@xmf	<https://panlex.org/snapshot/panlex-20191001-csv/5949#85322120>				<https://panlex.org/snapshot/panlex-20191001-csv/5949#85322115>		"Térek"@es	
"ბიბლია"@xmf	<https://panlex.org/snapshot/panlex-20191001-csv/5949#85302827>				<https://panlex.org/snapshot/panlex-20191001-csv/5949#85302784>		"Biblia"@es	
"ბერლინი"@xmf	<https://panlex.org/snapshot/panlex-20191001-csv/5949#85302563>				<https://panlex.org/snapshot/panlex-20191001-csv/5949#85302530>		"Berlín"@es	
"ავიაცია"@xmf	<https://panlex.org/snapshot/panlex-20191001-csv/5949#85329888>				<https://panlex.org/snapshot/panlex-20191001-csv/5949#85329868>		"aviación"@es	
"ინგუშეთი"@xmf	<https://panlex.org/snapshot/panlex-20191001-csv/5949#85310213>				<https://panlex.org/snapshot/panlex-20191001-csv/5949#85310202>		"Ingushetia"@es	
"ტკვარი"@xmf	<https://panlex.org/snapshot/panlex-20191001-csv/5949#85314033>				<https://panlex.org/snapshot/panlex-20191001-csv/5949#85314027>		"Kurá"@es	
"ქართი"@xmf	<https://panlex.org/snapshot/panlex-20191001-csv/5949#85321888>				<https://panlex.org/snapshot/panlex-20191001-csv/5949#85321867>		"Tiflis"@es	
"ევროპა"@xmf	<https://panlex.org/snapshot/panlex-20191001-csv/5949#85308669>				<https://panlex.org/snapshot/panlex-20191001-csv/5949#85308636>		"Europa"@es	
"ზუღა"@xmf	<https://panlex.org/snapshot/panlex-20191001-csv/5942#83283292>				<https://panlex.org/snapshot/panlex-20191001-csv/5942#83283170>		"mar"@es	<https://panlex.org/Noun>
"ეკვატორი"@xmf	<https://panlex.org/snapshot/panlex-20191001-csv/2910#110855192>				<https://panlex.org/snapshot/panlex-20191001-csv/2910#110855066>		"Ecuador"@es	
"ჩე ზუღა"@xmf	<https://panlex.org/snapshot/panlex-20191001-csv/2905#110871304>				<https://panlex.org/snapshot/panlex-20191001-csv/2905#110871457>		"Mar Blanco"@es	
"კასპიაშ ზუღა"@xmf	<https://panlex.org/snapshot/panlex-20191001-csv/2905#110869571>				<https://panlex.org/snapshot/panlex-20191001-csv/2905#110869534>		"Mar Caspio"@es	
"ბალტიაშ ზუღა"@xmf	<https://panlex.org/snapshot/panlex-20191001-csv/2905#110868662>				<https://panlex.org/snapshot/panlex-20191001-csv/2905#110868618>		"Mar Báltico"@es	
"ღურელი ზუღა"@xmf	<https://panlex.org/snapshot/panlex-20191001-csv/2905#110870057>				<https://panlex.org/snapshot/panlex-20191001-csv/2905#110869907>		"Mar Muerto"@es	
"სქირონაშქა ზუღა"@xmf	<https://panlex.org/snapshot/panlex-20191001-csv/2905#110870269>				<https://panlex.org/snapshot/panlex-20191001-csv/2905#110870401>		"Mar Mediterráneo"@es	
"არაბეთიშ ზუღა"@xmf	<https://panlex.org/snapshot/panlex-20191001-csv/2905#110868523>				<https://panlex.org/snapshot/panlex-20191001-csv/2905#110868482>		"Mar Arábigo"@es	
"არაბეთიშ ზუღა"@xmf	<https://panlex.org/snapshot/panlex-20191001-csv/2905#110868523>				<https://panlex.org/snapshot/panlex-20191001-csv/2905#110868453>		"Mar de Arabia"@es	
"კარიბიშ ზუღა"@xmf	<https://panlex.org/snapshot/panlex-20191001-csv/2905#110869386>				<https://panlex.org/snapshot/panlex-20191001-csv/2905#110869353>		"Mar Caribe"@es	
"უჩა ზუღა"@xmf	<https://panlex.org/snapshot/panlex-20191001-csv/2905#110869083>				<https://panlex.org/snapshot/panlex-20191001-csv/2905#110869192>		"Mar Negro"@es	
"ოორუეშ ზუღა"@xmf	<https://panlex.org/snapshot/panlex-20191001-csv/2905#110870547>				<https://panlex.org/snapshot/panlex-20191001-csv/2905#110870553>		"Mar del Norte"@es	
"ცერერა"@xmf	<https://panlex.org/snapshot/panlex-20191001-csv/2907#110846149>				<https://panlex.org/snapshot/panlex-20191001-csv/2907#110846314>		"Ceres"@es	
"ბჟა"@xmf	<https://panlex.org/snapshot/panlex-20191001-csv/2907#110845060>				<https://panlex.org/snapshot/panlex-20191001-csv/2907#110844900>		"Sol"@es	
"ურანი"@xmf	<https://panlex.org/snapshot/panlex-20191001-csv/2907#110846781>				<https://panlex.org/snapshot/panlex-20191001-csv/2907#110846853>		"Urano"@es	
"მორღა"@xmf	<https://panlex.org/snapshot/panlex-20191001-csv/2907#110845450>				<https://panlex.org/snapshot/panlex-20191001-csv/2907#110845424>		"Venus"@es	
"ერისი"@xmf	<https://panlex.org/snapshot/panlex-20191001-csv/2907#110847849>				<https://panlex.org/snapshot/panlex-20191001-csv/2907#110847827>		"Eris"@es	
"ჰაუმეა"@xmf	<https://panlex.org/snapshot/panlex-20191001-csv/2907#110847535>				<https://panlex.org/snapshot/panlex-20191001-csv/2907#110847470>		"Haumea"@es	
"იუპიტერი"@xmf	<https://panlex.org/snapshot/panlex-20191001-csv/2907#110846495>				<https://panlex.org/snapshot/panlex-20191001-csv/2907#110846475>		"Júpiter"@es	
"ნეპტუნი"@xmf	<https://panlex.org/snapshot/panlex-20191001-csv/2907#110847104>				<https://panlex.org/snapshot/panlex-20191001-csv/2907#110847051>		"Neptuno"@es	
"პლუტონი"@xmf	<https://panlex.org/snapshot/panlex-20191001-csv/2907#110847230>				<https://panlex.org/snapshot/panlex-20191001-csv/2907#110847256>		"Plutón"@es	
"დიხაუჩა"@xmf	<https://panlex.org/snapshot/panlex-20191001-csv/2907#110845575>				<https://panlex.org/snapshot/panlex-20191001-csv/2907#110845712>		"Tierra"@es	
"მოროხი"@xmf	<https://panlex.org/snapshot/panlex-20191001-csv/2907#110846020>				<https://panlex.org/snapshot/panlex-20191001-csv/2907#110846122>		"Marte"@es	
"ბჟაშ სისტემა"@xmf	<https://panlex.org/snapshot/panlex-20191001-csv/2907#110848249>				<https://panlex.org/snapshot/panlex-20191001-csv/2907#110848278>		"Sistema solar"@es	
"უჩა რხვილი"@xmf	<https://panlex.org/snapshot/panlex-20191001-csv/2907#110849603>				<https://panlex.org/snapshot/panlex-20191001-csv/2907#110849629>		"hoyo negro"@es	
"უჩა რხვილი"@xmf	<https://panlex.org/snapshot/panlex-20191001-csv/2907#110849603>				<https://panlex.org/snapshot/panlex-20191001-csv/2907#110849506>		"agujero negro"@es	
"მაკემაკე"@xmf	<https://panlex.org/snapshot/panlex-20191001-csv/2907#110847770>				<https://panlex.org/snapshot/panlex-20191001-csv/2907#110847723>		"Makemake"@es	
"მარსქული"@xmf	<https://panlex.org/snapshot/panlex-20191001-csv/2907#110846681>				<https://panlex.org/snapshot/panlex-20191001-csv/2907#110846634>		"Saturno"@es	
"თუთა"@xmf	<https://panlex.org/snapshot/panlex-20191001-csv/2907#110845887>				<https://panlex.org/snapshot/panlex-20191001-csv/2907#110845763>		"Luna"@es	
"მერკური"@xmf	<https://panlex.org/snapshot/panlex-20191001-csv/2907#110845199>				<https://panlex.org/snapshot/panlex-20191001-csv/2907#110845265>		"Mercurio"@es	
"ობჟათეშ ოკიანე"@xmf	<https://panlex.org/snapshot/panlex-20191001-csv/2901#110868161>				<https://panlex.org/snapshot/panlex-20191001-csv/2901#110868340>		"Océano Antártico"@es	
"ობჟათეშ ოკიანე"@xmf	<https://panlex.org/snapshot/panlex-20191001-csv/2901#110868161>				<https://panlex.org/snapshot/panlex-20191001-csv/2901#110868276>		"Océano Glacial Antártico"@es	
"ატლანტიშ ოკიანე"@xmf	<https://panlex.org/snapshot/panlex-20191001-csv/2901#110867534>				<https://panlex.org/snapshot/panlex-20191001-csv/2901#110867378>		"Océano Atlántico"@es	
"ოორუე ჸინუამი ოკიანე"@xmf	<https://panlex.org/snapshot/panlex-20191001-csv/2901#110867089>				<https://panlex.org/snapshot/panlex-20191001-csv/2901#110867307>		"Océano Glacial Ártico"@es	
"ოორუე ჸინუამი ოკიანე"@xmf	<https://panlex.org/snapshot/panlex-20191001-csv/2901#110867089>				<https://panlex.org/snapshot/panlex-20191001-csv/2901#110867346>		"Océano Ártico"@es	
"წყჷნარი ოკიანე"@xmf	<https://panlex.org/snapshot/panlex-20191001-csv/2901#110868005>				<https://panlex.org/snapshot/panlex-20191001-csv/2901#110868025>		"Océano Pacífico"@es	
"ინდოეთიშ ოკიანე"@xmf	<https://panlex.org/snapshot/panlex-20191001-csv/2901#110867699>				<https://panlex.org/snapshot/panlex-20191001-csv/2901#110867720>		"Océano Índico"@es	
"ჯუმაშხა"@xmf	<https://panlex.org/snapshot/panlex-20191001-csv/2892#110825231>				<https://panlex.org/snapshot/panlex-20191001-csv/2892#110824950>		"miércoles"@es	
"ჟაშხა"@xmf	<https://panlex.org/snapshot/panlex-20191001-csv/2892#110826740>				<https://panlex.org/snapshot/panlex-20191001-csv/2892#110826982>		"domingo"@es	
"თუთაშხა"@xmf	<https://panlex.org/snapshot/panlex-20191001-csv/2892#110824328>				<https://panlex.org/snapshot/panlex-20191001-csv/2892#110824198>		"lunes"@es	
"თახაშხა"@xmf	<https://panlex.org/snapshot/panlex-20191001-csv/2892#110824742>				<https://panlex.org/snapshot/panlex-20191001-csv/2892#110824790>		"martes"@es	
"ობიშხა"@xmf	<https://panlex.org/snapshot/panlex-20191001-csv/2892#110825972>				<https://panlex.org/snapshot/panlex-20191001-csv/2892#110826042>		"viernes"@es	
"შურიშხა"@xmf	<https://panlex.org/snapshot/panlex-20191001-csv/2892#110826215>				<https://panlex.org/snapshot/panlex-20191001-csv/2892#110826206>		"sábado"@es	
"ცაშხა"@xmf	<https://panlex.org/snapshot/panlex-20191001-csv/2892#110825362>				<https://panlex.org/snapshot/panlex-20191001-csv/2892#110825328>		"jueves"@es	
"ღურთუთა"@xmf	<https://panlex.org/snapshot/panlex-20191001-csv/2897#110827378>				<https://panlex.org/snapshot/panlex-20191001-csv/2897#110827377>		"Enero"@es	
"კვირკვე"@xmf	<https://panlex.org/snapshot/panlex-20191001-csv/2897#110829534>				<https://panlex.org/snapshot/panlex-20191001-csv/2897#110829863>		"Julio"@es	
"ქირსეთუთა"@xmf	<https://panlex.org/snapshot/panlex-20191001-csv/2897#110831615>				<https://panlex.org/snapshot/panlex-20191001-csv/2897#110831929>		"Diciembre"@es	
"მესი"@xmf	<https://panlex.org/snapshot/panlex-20191001-csv/2897#110828710>				<https://panlex.org/snapshot/panlex-20191001-csv/2897#110829020>		"Mayo"@es	
"ეკენია"@xmf	<https://panlex.org/snapshot/panlex-20191001-csv/2897#110830622>				<https://panlex.org/snapshot/panlex-20191001-csv/2897#110830415>		"Septiembre"@es	
"მელახი"@xmf	<https://panlex.org/snapshot/panlex-20191001-csv/2897#110828050>				<https://panlex.org/snapshot/panlex-20191001-csv/2897#110828067>		"Marzo"@es	
"მარაშინათუთა"@xmf	<https://panlex.org/snapshot/panlex-20191001-csv/2897#110830156>				<https://panlex.org/snapshot/panlex-20191001-csv/2897#110829959>		"Agosto"@es	
"ფურთუთა"@xmf	<https://panlex.org/snapshot/panlex-20191001-csv/2897#110827834>				<https://panlex.org/snapshot/panlex-20191001-csv/2897#110827690>		"Febrero"@es	
"მანგი"@xmf	<https://panlex.org/snapshot/panlex-20191001-csv/2897#110829220>				<https://panlex.org/snapshot/panlex-20191001-csv/2897#110829149>		"Junio"@es	
"გერგობათუთა"@xmf	<https://panlex.org/snapshot/panlex-20191001-csv/2897#110831204>				<https://panlex.org/snapshot/panlex-20191001-csv/2897#110831215>		"Noviembre"@es	
"პირელი"@xmf	<https://panlex.org/snapshot/panlex-20191001-csv/2897#110828363>				<https://panlex.org/snapshot/panlex-20191001-csv/2897#110828352>		"Abril"@es	
"გჷმათუთა"@xmf	<https://panlex.org/snapshot/panlex-20191001-csv/2897#110830750>				<https://panlex.org/snapshot/panlex-20191001-csv/2897#110830818>		"Octubre"@es	
"ამერიკა"@xmf	<https://panlex.org/snapshot/panlex-20191001-csv/2891#110853410>				<https://panlex.org/snapshot/panlex-20191001-csv/2891#110853323>		"América"@es	
"ევროპა"@xmf	<https://panlex.org/snapshot/panlex-20191001-csv/2891#110854283>				<https://panlex.org/snapshot/panlex-20191001-csv/2891#110854182>		"Europa"@es	
"აფრიკა"@xmf	<https://panlex.org/snapshot/panlex-20191001-csv/2891#110853214>				<https://panlex.org/snapshot/panlex-20191001-csv/2891#110853230>		"África"@es	
"ოკეანია"@xmf	<https://panlex.org/snapshot/panlex-20191001-csv/2891#110854402>				<https://panlex.org/snapshot/panlex-20191001-csv/2891#110854535>		"Oceanía"@es	
"ანტარქტიდა"@xmf	<https://panlex.org/snapshot/panlex-20191001-csv/2891#110853653>				<https://panlex.org/snapshot/panlex-20191001-csv/2891#110853682>		"Antártida"@es	
"ოკეანეთი"@xmf	<https://panlex.org/snapshot/panlex-20191001-csv/2891#110854427>				<https://panlex.org/snapshot/panlex-20191001-csv/2891#110854535>		"Oceanía"@es	
"აზია"@xmf	<https://panlex.org/snapshot/panlex-20191001-csv/2891#110853936>				<https://panlex.org/snapshot/panlex-20191001-csv/2891#110854012>		"Asia"@es	
"ალპეფი"@xmf	<https://panlex.org/snapshot/panlex-20191001-csv/2896#110865939>				<https://panlex.org/snapshot/panlex-20191001-csv/2896#110865886>		"Alpes"@es	
"კავკაცია"@xmf	<https://panlex.org/snapshot/panlex-20191001-csv/2896#110866243>				<https://panlex.org/snapshot/panlex-20191001-csv/2896#110866353>		"Cáucaso"@es	
"ურალი"@xmf	<https://panlex.org/snapshot/panlex-20191001-csv/2896#110866879>				<https://panlex.org/snapshot/panlex-20191001-csv/2896#110866906>		"Urales"@es	
"ანდეფი"@xmf	<https://panlex.org/snapshot/panlex-20191001-csv/2896#110866092>				<https://panlex.org/snapshot/panlex-20191001-csv/2896#110865993>		"Andes"@es	
"ვეზუვი"@xmf	<https://panlex.org/snapshot/panlex-20191001-csv/2896#110866989>				<https://panlex.org/snapshot/panlex-20191001-csv/2896#110867058>		"Vesubio"@es	
"მარგალური ნინა"@xmf	<https://panlex.org/snapshot/panlex-20191001-csv/0#107619862>				<https://panlex.org/snapshot/panlex-20191001-csv/0#115872344>		"megreliano"@es	
