"ჯუმაშხა"@xmf	<https://panlex.org/snapshot/panlex-20191001-csv/2892#110825231>				<https://panlex.org/snapshot/panlex-20191001-csv/2892#110825038>		"azəl wa-n əlarba"@ttq	
"ჯუმაშხა"@xmf	<https://panlex.org/snapshot/panlex-20191001-csv/2892#110825231>				<https://panlex.org/snapshot/panlex-20191001-csv/2892#110825161>		"اَزِلْ وَنْ اِلَرْبَ"@ttq	
"ჟაშხა"@xmf	<https://panlex.org/snapshot/panlex-20191001-csv/2892#110826740>				<https://panlex.org/snapshot/panlex-20191001-csv/2892#110826902>		"اَزِلْ وَنْ اَلْخَدْ"@ttq	
"ჟაშხა"@xmf	<https://panlex.org/snapshot/panlex-20191001-csv/2892#110826740>				<https://panlex.org/snapshot/panlex-20191001-csv/2892#110826633>		"azəl wa-n ălxăd"@ttq	
"თუთაშხა"@xmf	<https://panlex.org/snapshot/panlex-20191001-csv/2892#110824328>				<https://panlex.org/snapshot/panlex-20191001-csv/2892#110824039>		"اَزِلْ وَنْ لِيتْنىِ"@ttq	
"თუთაშხა"@xmf	<https://panlex.org/snapshot/panlex-20191001-csv/2892#110824328>				<https://panlex.org/snapshot/panlex-20191001-csv/2892#110824166>		"azəl wa-n litni"@ttq	
"თახაშხა"@xmf	<https://panlex.org/snapshot/panlex-20191001-csv/2892#110824742>				<https://panlex.org/snapshot/panlex-20191001-csv/2892#110824724>		"اَزِلْ وَنْ تِلَاتَ"@ttq	
"თახაშხა"@xmf	<https://panlex.org/snapshot/panlex-20191001-csv/2892#110824742>				<https://panlex.org/snapshot/panlex-20191001-csv/2892#110824745>		"azəl wa-n təlata"@ttq	
"ობიშხა"@xmf	<https://panlex.org/snapshot/panlex-20191001-csv/2892#110825972>				<https://panlex.org/snapshot/panlex-20191001-csv/2892#110826071>		"اَزِلْ وَنْ اِلْجَمَاغَتْ"@ttq	
"ობიშხა"@xmf	<https://panlex.org/snapshot/panlex-20191001-csv/2892#110825972>				<https://panlex.org/snapshot/panlex-20191001-csv/2892#110826111>		"azəl wa-n əlžămaɣăt"@ttq	
"შურიშხა"@xmf	<https://panlex.org/snapshot/panlex-20191001-csv/2892#110826215>				<https://panlex.org/snapshot/panlex-20191001-csv/2892#110826199>		"اَزِلْ وَنْ اِسِبِتْ"@ttq	
"შურიშხა"@xmf	<https://panlex.org/snapshot/panlex-20191001-csv/2892#110826215>				<https://panlex.org/snapshot/panlex-20191001-csv/2892#110826370>		"azəl wa-n əssəbbət"@ttq	
"ცაშხა"@xmf	<https://panlex.org/snapshot/panlex-20191001-csv/2892#110825362>				<https://panlex.org/snapshot/panlex-20191001-csv/2892#110825544>		"azəl wa-n əlxəmis"@ttq	
"ცაშხა"@xmf	<https://panlex.org/snapshot/panlex-20191001-csv/2892#110825362>				<https://panlex.org/snapshot/panlex-20191001-csv/2892#110825332>		"اَزِلْ وَنْ اِلْخِمِيسْ"@ttq	
