"ბრონზეშ ხანა"@xmf	<https://panlex.org/snapshot/panlex-20191001-csv/6709#111075938>				<https://panlex.org/snapshot/panlex-20191001-csv/6709#111075960>		"Асри биринҷӣ"@tg	
"ბრონზეშ ხანა"@xmf	<https://panlex.org/snapshot/panlex-20191001-csv/6709#111075938>				<https://panlex.org/snapshot/panlex-20191001-csv/6709#111075968>		"Asri birinçī"@tg	
"ბრონზეშ ხანა"@xmf	<https://panlex.org/snapshot/panlex-20191001-csv/6709#111075938>				<https://panlex.org/snapshot/panlex-20191001-csv/6709#111075937>		"عصر برنجی"@tg	
"მაართა მოსოფელიშ ლჷმა"@xmf	<https://panlex.org/snapshot/panlex-20191001-csv/6709#111077309>				<https://panlex.org/snapshot/panlex-20191001-csv/6709#111077451>		"Çangi çahoniji jakum"@tg	
"მაართა მოსოფელიშ ლჷმა"@xmf	<https://panlex.org/snapshot/panlex-20191001-csv/6709#111077309>				<https://panlex.org/snapshot/panlex-20191001-csv/6709#111077453>		"جنگ جهانی یكم"@tg	
"მაართა მოსოფელიშ ლჷმა"@xmf	<https://panlex.org/snapshot/panlex-20191001-csv/6709#111077309>				<https://panlex.org/snapshot/panlex-20191001-csv/6709#111077482>		"Ҷанги ҷаҳонии якум"@tg	
"ქუაშ ხანა"@xmf	<https://panlex.org/snapshot/panlex-20191001-csv/6709#111075861>				<https://panlex.org/snapshot/panlex-20191001-csv/6709#111075885>		"Asri sang"@tg	
"ქუაშ ხანა"@xmf	<https://panlex.org/snapshot/panlex-20191001-csv/6709#111075861>				<https://panlex.org/snapshot/panlex-20191001-csv/6709#111075873>		"Асри санг"@tg	
"ქუაშ ხანა"@xmf	<https://panlex.org/snapshot/panlex-20191001-csv/6709#111075861>				<https://panlex.org/snapshot/panlex-20191001-csv/6709#111075792>		"عصر سنگ"@tg	
"მაჟირა მოსოფელიშ ლჷმა"@xmf	<https://panlex.org/snapshot/panlex-20191001-csv/6709#111077513>				<https://panlex.org/snapshot/panlex-20191001-csv/6709#111077613>		"Çangi çahoniji dujum"@tg	
"მაჟირა მოსოფელიშ ლჷმა"@xmf	<https://panlex.org/snapshot/panlex-20191001-csv/6709#111077513>				<https://panlex.org/snapshot/panlex-20191001-csv/6709#111077633>		"جنگ جهانی دویم"@tg	
"მაჟირა მოსოფელიშ ლჷმა"@xmf	<https://panlex.org/snapshot/panlex-20191001-csv/6709#111077513>				<https://panlex.org/snapshot/panlex-20191001-csv/6709#111077529>		"Ҷанги ҷаҳонии дуюм"@tg	
"ვიკინგეფი"@xmf	<https://panlex.org/snapshot/panlex-20191001-csv/6709#111076462>				<https://panlex.org/snapshot/panlex-20191001-csv/6709#111076541>		"ویکینگ‌ها"@tg	
"ვიკინგეფი"@xmf	<https://panlex.org/snapshot/panlex-20191001-csv/6709#111076462>				<https://panlex.org/snapshot/panlex-20191001-csv/6709#111076555>		"Викингҳо"@tg	
"ვიკინგეფი"@xmf	<https://panlex.org/snapshot/panlex-20191001-csv/6709#111076462>				<https://panlex.org/snapshot/panlex-20191001-csv/6709#111076458>		"Vikingho"@tg	
"ავღანეთი"@xmf	<https://panlex.org/snapshot/panlex-20191001-csv/5947#84579284>				<https://panlex.org/snapshot/panlex-20191001-csv/5947#84579261>		"Афғонистон"@tg	
"ალბანეთი"@xmf	<https://panlex.org/snapshot/panlex-20191001-csv/5947#84579821>				<https://panlex.org/snapshot/panlex-20191001-csv/5947#84579798>		"Албания"@tg	
"საფრანგეთი"@xmf	<https://panlex.org/snapshot/panlex-20191001-csv/5949#85323701>				<https://panlex.org/snapshot/panlex-20191001-csv/5949#85323679>		"Фаронса"@tg	
"რუსეთი"@xmf	<https://panlex.org/snapshot/panlex-20191001-csv/5949#85319642>				<https://panlex.org/snapshot/panlex-20191001-csv/5949#85319610>		"Русия"@tg	
"მარაშინათუთა"@xmf	<https://panlex.org/snapshot/panlex-20191001-csv/5949#85329550>				<https://panlex.org/snapshot/panlex-20191001-csv/5949#85329518>		"август"@tg	
"ბიბლია"@xmf	<https://panlex.org/snapshot/panlex-20191001-csv/5949#85302827>				<https://panlex.org/snapshot/panlex-20191001-csv/5949#85302800>		"Таврот ва Инҷил"@tg	
"ბერლინი"@xmf	<https://panlex.org/snapshot/panlex-20191001-csv/5949#85302563>				<https://panlex.org/snapshot/panlex-20191001-csv/5949#85302543>		"Берлин"@tg	
"ავიაცია"@xmf	<https://panlex.org/snapshot/panlex-20191001-csv/5949#85329888>				<https://panlex.org/snapshot/panlex-20191001-csv/5949#85329879>		"авиатсия"@tg	
"ავიაცია"@xmf	<https://panlex.org/snapshot/panlex-20191001-csv/5949#85329888>				<https://panlex.org/snapshot/panlex-20191001-csv/5949#85329880>		"ҳавопаймоӣ"@tg	
"ქართი"@xmf	<https://panlex.org/snapshot/panlex-20191001-csv/5949#85321888>				<https://panlex.org/snapshot/panlex-20191001-csv/5949#85321875>		"Тбилисӣ"@tg	
"ევროპა"@xmf	<https://panlex.org/snapshot/panlex-20191001-csv/5949#85308669>				<https://panlex.org/snapshot/panlex-20191001-csv/5949#85308647>		"Аврупо"@tg	
"ზუღა"@xmf	<https://panlex.org/snapshot/panlex-20191001-csv/5942#83283292>				<https://panlex.org/snapshot/panlex-20191001-csv/5942#83283278>		"баҳр"@tg	
"ეკვატორი"@xmf	<https://panlex.org/snapshot/panlex-20191001-csv/2910#110855192>				<https://panlex.org/snapshot/panlex-20191001-csv/2910#110855114>		"Ekvator"@tg	
"ეკვატორი"@xmf	<https://panlex.org/snapshot/panlex-20191001-csv/2910#110855192>				<https://panlex.org/snapshot/panlex-20191001-csv/2910#110855049>		"Хатти Истиво"@tg	
"ეკვატორი"@xmf	<https://panlex.org/snapshot/panlex-20191001-csv/2910#110855192>				<https://panlex.org/snapshot/panlex-20191001-csv/2910#110855058>		"خط استوا"@tg	
"ეკვატორი"@xmf	<https://panlex.org/snapshot/panlex-20191001-csv/2910#110855192>				<https://panlex.org/snapshot/panlex-20191001-csv/2910#110855133>		"Xatti Istivo"@tg	
"ეკვატორი"@xmf	<https://panlex.org/snapshot/panlex-20191001-csv/2910#110855192>				<https://panlex.org/snapshot/panlex-20191001-csv/2910#110855073>		"ایکوتار"@tg	
"ეკვატორი"@xmf	<https://panlex.org/snapshot/panlex-20191001-csv/2910#110855192>				<https://panlex.org/snapshot/panlex-20191001-csv/2910#110855084>		"Экватор"@tg	
"ჩე ზუღა"@xmf	<https://panlex.org/snapshot/panlex-20191001-csv/2905#110871304>				<https://panlex.org/snapshot/panlex-20191001-csv/2905#110871315>		"Bahri Safed"@tg	
"ჩე ზუღა"@xmf	<https://panlex.org/snapshot/panlex-20191001-csv/2905#110871304>				<https://panlex.org/snapshot/panlex-20191001-csv/2905#110871374>		"بحر ابیض"@tg	
"ჩე ზუღა"@xmf	<https://panlex.org/snapshot/panlex-20191001-csv/2905#110871304>				<https://panlex.org/snapshot/panlex-20191001-csv/2905#110871321>		"Bahri Abjaz"@tg	
"ჩე ზუღა"@xmf	<https://panlex.org/snapshot/panlex-20191001-csv/2905#110871304>				<https://panlex.org/snapshot/panlex-20191001-csv/2905#110871378>		"Баҳри Абяз"@tg	
"ჩე ზუღა"@xmf	<https://panlex.org/snapshot/panlex-20191001-csv/2905#110871304>				<https://panlex.org/snapshot/panlex-20191001-csv/2905#110871322>		"بحر سفید"@tg	
"ჩე ზუღა"@xmf	<https://panlex.org/snapshot/panlex-20191001-csv/2905#110871304>				<https://panlex.org/snapshot/panlex-20191001-csv/2905#110871270>		"Баҳри Сафед"@tg	
"კასპიაშ ზუღა"@xmf	<https://panlex.org/snapshot/panlex-20191001-csv/2905#110869571>				<https://panlex.org/snapshot/panlex-20191001-csv/2905#110869686>		"بحر کسپی"@tg	
"კასპიაშ ზუღა"@xmf	<https://panlex.org/snapshot/panlex-20191001-csv/2905#110869571>				<https://panlex.org/snapshot/panlex-20191001-csv/2905#110869578>		"Баҳри Каспий"@tg	
"კასპიაშ ზუღა"@xmf	<https://panlex.org/snapshot/panlex-20191001-csv/2905#110869571>				<https://panlex.org/snapshot/panlex-20191001-csv/2905#110869704>		"Bahri Xazar"@tg	
"კასპიაშ ზუღა"@xmf	<https://panlex.org/snapshot/panlex-20191001-csv/2905#110869571>				<https://panlex.org/snapshot/panlex-20191001-csv/2905#110869657>		"Баҳри Хазар"@tg	
"კასპიაშ ზუღა"@xmf	<https://panlex.org/snapshot/panlex-20191001-csv/2905#110869571>				<https://panlex.org/snapshot/panlex-20191001-csv/2905#110869564>		"بحر خزر"@tg	
"კასპიაშ ზუღა"@xmf	<https://panlex.org/snapshot/panlex-20191001-csv/2905#110869571>				<https://panlex.org/snapshot/panlex-20191001-csv/2905#110869661>		"Bahri Kaspij"@tg	
"ბალტიაშ ზუღა"@xmf	<https://panlex.org/snapshot/panlex-20191001-csv/2905#110868662>				<https://panlex.org/snapshot/panlex-20191001-csv/2905#110868747>		"بحر بلتیکه"@tg	
"ბალტიაშ ზუღა"@xmf	<https://panlex.org/snapshot/panlex-20191001-csv/2905#110868662>				<https://panlex.org/snapshot/panlex-20191001-csv/2905#110868687>		"Баҳри Балтика"@tg	
"ბალტიაშ ზუღა"@xmf	<https://panlex.org/snapshot/panlex-20191001-csv/2905#110868662>				<https://panlex.org/snapshot/panlex-20191001-csv/2905#110868675>		"Bahri Baltika"@tg	
"ღურელი ზუღა"@xmf	<https://panlex.org/snapshot/panlex-20191001-csv/2905#110870057>				<https://panlex.org/snapshot/panlex-20191001-csv/2905#110870063>		"Баҳри Майит"@tg	
"ღურელი ზუღა"@xmf	<https://panlex.org/snapshot/panlex-20191001-csv/2905#110870057>				<https://panlex.org/snapshot/panlex-20191001-csv/2905#110870056>		"بحر میت"@tg	
"ღურელი ზუღა"@xmf	<https://panlex.org/snapshot/panlex-20191001-csv/2905#110870057>				<https://panlex.org/snapshot/panlex-20191001-csv/2905#110869999>		"Bahri Majit"@tg	
"სქირონაშქა ზუღა"@xmf	<https://panlex.org/snapshot/panlex-20191001-csv/2905#110870269>				<https://panlex.org/snapshot/panlex-20191001-csv/2905#110870444>		"Bahri Mijonazamin"@tg	
"სქირონაშქა ზუღა"@xmf	<https://panlex.org/snapshot/panlex-20191001-csv/2905#110870269>				<https://panlex.org/snapshot/panlex-20191001-csv/2905#110870336>		"بحر میانه‌زمین"@tg	
"სქირონაშქა ზუღა"@xmf	<https://panlex.org/snapshot/panlex-20191001-csv/2905#110870269>				<https://panlex.org/snapshot/panlex-20191001-csv/2905#110870356>		"Баҳри Миёназамин"@tg	
"არაბეთიშ ზუღა"@xmf	<https://panlex.org/snapshot/panlex-20191001-csv/2905#110868523>				<https://panlex.org/snapshot/panlex-20191001-csv/2905#110868503>		"Баҳри Араб"@tg	
"არაბეთიშ ზუღა"@xmf	<https://panlex.org/snapshot/panlex-20191001-csv/2905#110868523>				<https://panlex.org/snapshot/panlex-20191001-csv/2905#110868589>		"بحر عرب"@tg	
"არაბეთიშ ზუღა"@xmf	<https://panlex.org/snapshot/panlex-20191001-csv/2905#110868523>				<https://panlex.org/snapshot/panlex-20191001-csv/2905#110868587>		"Bahri Arab"@tg	
"კარიბიშ ზუღა"@xmf	<https://panlex.org/snapshot/panlex-20191001-csv/2905#110869386>				<https://panlex.org/snapshot/panlex-20191001-csv/2905#110869519>		"Bahri Karib"@tg	
"კარიბიშ ზუღა"@xmf	<https://panlex.org/snapshot/panlex-20191001-csv/2905#110869386>				<https://panlex.org/snapshot/panlex-20191001-csv/2905#110869368>		"Баҳри Кариб"@tg	
"კარიბიშ ზუღა"@xmf	<https://panlex.org/snapshot/panlex-20191001-csv/2905#110869386>				<https://panlex.org/snapshot/panlex-20191001-csv/2905#110869367>		"بحر کریب"@tg	
"უჩა ზუღა"@xmf	<https://panlex.org/snapshot/panlex-20191001-csv/2905#110869083>				<https://panlex.org/snapshot/panlex-20191001-csv/2905#110869028>		"Bahri Sijoh"@tg	
"უჩა ზუღა"@xmf	<https://panlex.org/snapshot/panlex-20191001-csv/2905#110869083>				<https://panlex.org/snapshot/panlex-20191001-csv/2905#110869095>		"Баҳри Асвад"@tg	
"უჩა ზუღა"@xmf	<https://panlex.org/snapshot/panlex-20191001-csv/2905#110869083>				<https://panlex.org/snapshot/panlex-20191001-csv/2905#110869209>		"بحر سیاه"@tg	
"უჩა ზუღა"@xmf	<https://panlex.org/snapshot/panlex-20191001-csv/2905#110869083>				<https://panlex.org/snapshot/panlex-20191001-csv/2905#110869164>		"بحر اسود"@tg	
"უჩა ზუღა"@xmf	<https://panlex.org/snapshot/panlex-20191001-csv/2905#110869083>				<https://panlex.org/snapshot/panlex-20191001-csv/2905#110869129>		"Bahri Asvad"@tg	
"უჩა ზუღა"@xmf	<https://panlex.org/snapshot/panlex-20191001-csv/2905#110869083>				<https://panlex.org/snapshot/panlex-20191001-csv/2905#110869195>		"Баҳри Сиёҳ"@tg	
"ოორუეშ ზუღა"@xmf	<https://panlex.org/snapshot/panlex-20191001-csv/2905#110870547>				<https://panlex.org/snapshot/panlex-20191001-csv/2905#110870655>		"Баҳри Шимолӣ"@tg	
"ოორუეშ ზუღა"@xmf	<https://panlex.org/snapshot/panlex-20191001-csv/2905#110870547>				<https://panlex.org/snapshot/panlex-20191001-csv/2905#110870659>		"بحر شمالی"@tg	
"ოორუეშ ზუღა"@xmf	<https://panlex.org/snapshot/panlex-20191001-csv/2905#110870547>				<https://panlex.org/snapshot/panlex-20191001-csv/2905#110870687>		"Bahri Şimolī"@tg	
"ცერერა"@xmf	<https://panlex.org/snapshot/panlex-20191001-csv/2907#110846149>				<https://panlex.org/snapshot/panlex-20191001-csv/2907#110846303>		"Серера"@tg	
"ცერერა"@xmf	<https://panlex.org/snapshot/panlex-20191001-csv/2907#110846149>				<https://panlex.org/snapshot/panlex-20191001-csv/2907#110846196>		"سیریره"@tg	
"ცერერა"@xmf	<https://panlex.org/snapshot/panlex-20191001-csv/2907#110846149>				<https://panlex.org/snapshot/panlex-20191001-csv/2907#110846319>		"Serera"@tg	
"ბჟა"@xmf	<https://panlex.org/snapshot/panlex-20191001-csv/2907#110845060>				<https://panlex.org/snapshot/panlex-20191001-csv/2907#110845048>		"Oftob"@tg	
"ბჟა"@xmf	<https://panlex.org/snapshot/panlex-20191001-csv/2907#110845060>				<https://panlex.org/snapshot/panlex-20191001-csv/2907#110845008>		"آفتاب"@tg	
"ბჟა"@xmf	<https://panlex.org/snapshot/panlex-20191001-csv/2907#110845060>				<https://panlex.org/snapshot/panlex-20191001-csv/2907#110844945>		"Офтоб"@tg	
"ურანი"@xmf	<https://panlex.org/snapshot/panlex-20191001-csv/2907#110846781>				<https://panlex.org/snapshot/panlex-20191001-csv/2907#110846784>		"Uran"@tg	
"ურანი"@xmf	<https://panlex.org/snapshot/panlex-20191001-csv/2907#110846781>				<https://panlex.org/snapshot/panlex-20191001-csv/2907#110846782>		"Уран"@tg	
"ურანი"@xmf	<https://panlex.org/snapshot/panlex-20191001-csv/2907#110846781>				<https://panlex.org/snapshot/panlex-20191001-csv/2907#110846848>		"اورن"@tg	
"მორღა"@xmf	<https://panlex.org/snapshot/panlex-20191001-csv/2907#110845450>				<https://panlex.org/snapshot/panlex-20191001-csv/2907#110845409>		"زهرة"@tg	
"მორღა"@xmf	<https://panlex.org/snapshot/panlex-20191001-csv/2907#110845450>				<https://panlex.org/snapshot/panlex-20191001-csv/2907#110845433>		"Zūhra"@tg	
"მორღა"@xmf	<https://panlex.org/snapshot/panlex-20191001-csv/2907#110845450>				<https://panlex.org/snapshot/panlex-20191001-csv/2907#110845313>		"Ноҳид"@tg	
"მორღა"@xmf	<https://panlex.org/snapshot/panlex-20191001-csv/2907#110845450>				<https://panlex.org/snapshot/panlex-20191001-csv/2907#110845358>		"ناهید"@tg	
"მორღა"@xmf	<https://panlex.org/snapshot/panlex-20191001-csv/2907#110845450>				<https://panlex.org/snapshot/panlex-20191001-csv/2907#110845408>		"Зӯҳра"@tg	
"მორღა"@xmf	<https://panlex.org/snapshot/panlex-20191001-csv/2907#110845450>				<https://panlex.org/snapshot/panlex-20191001-csv/2907#110845430>		"Nohid"@tg	
"ერისი"@xmf	<https://panlex.org/snapshot/panlex-20191001-csv/2907#110847849>				<https://panlex.org/snapshot/panlex-20191001-csv/2907#110847809>		"Эрида"@tg	
"ერისი"@xmf	<https://panlex.org/snapshot/panlex-20191001-csv/2907#110847849>				<https://panlex.org/snapshot/panlex-20191001-csv/2907#110847966>		"Erida"@tg	
"ერისი"@xmf	<https://panlex.org/snapshot/panlex-20191001-csv/2907#110847849>				<https://panlex.org/snapshot/panlex-20191001-csv/2907#110847793>		"ایریده"@tg	
"ჰაუმეა"@xmf	<https://panlex.org/snapshot/panlex-20191001-csv/2907#110847535>				<https://panlex.org/snapshot/panlex-20191001-csv/2907#110847582>		"خومیه"@tg	
"ჰაუმეა"@xmf	<https://panlex.org/snapshot/panlex-20191001-csv/2907#110847535>				<https://panlex.org/snapshot/panlex-20191001-csv/2907#110847483>		"Хаумеа"@tg	
"ჰაუმეა"@xmf	<https://panlex.org/snapshot/panlex-20191001-csv/2907#110847535>				<https://panlex.org/snapshot/panlex-20191001-csv/2907#110847476>		"Xaumea"@tg	
"იუპიტერი"@xmf	<https://panlex.org/snapshot/panlex-20191001-csv/2907#110846495>				<https://panlex.org/snapshot/panlex-20191001-csv/2907#110846395>		"مشتری"@tg	
"იუპიტერი"@xmf	<https://panlex.org/snapshot/panlex-20191001-csv/2907#110846495>				<https://panlex.org/snapshot/panlex-20191001-csv/2907#110846417>		"Муштарӣ"@tg	
"იუპიტერი"@xmf	<https://panlex.org/snapshot/panlex-20191001-csv/2907#110846495>				<https://panlex.org/snapshot/panlex-20191001-csv/2907#110846538>		"Muştarī"@tg	
"ნეპტუნი"@xmf	<https://panlex.org/snapshot/panlex-20191001-csv/2907#110847104>				<https://panlex.org/snapshot/panlex-20191001-csv/2907#110847016>		"Neptun"@tg	
"ნეპტუნი"@xmf	<https://panlex.org/snapshot/panlex-20191001-csv/2907#110847104>				<https://panlex.org/snapshot/panlex-20191001-csv/2907#110847017>		"نیپتون"@tg	
"ნეპტუნი"@xmf	<https://panlex.org/snapshot/panlex-20191001-csv/2907#110847104>				<https://panlex.org/snapshot/panlex-20191001-csv/2907#110847006>		"Нептун"@tg	
"პლუტონი"@xmf	<https://panlex.org/snapshot/panlex-20191001-csv/2907#110847230>				<https://panlex.org/snapshot/panlex-20191001-csv/2907#110847360>		"پلوتان"@tg	
"პლუტონი"@xmf	<https://panlex.org/snapshot/panlex-20191001-csv/2907#110847230>				<https://panlex.org/snapshot/panlex-20191001-csv/2907#110847252>		"Pluton"@tg	
"პლუტონი"@xmf	<https://panlex.org/snapshot/panlex-20191001-csv/2907#110847230>				<https://panlex.org/snapshot/panlex-20191001-csv/2907#110847343>		"Плутон"@tg	
"დიხაუჩა"@xmf	<https://panlex.org/snapshot/panlex-20191001-csv/2907#110845575>				<https://panlex.org/snapshot/panlex-20191001-csv/2907#110845626>		"Замин"@tg	
"დიხაუჩა"@xmf	<https://panlex.org/snapshot/panlex-20191001-csv/2907#110845575>				<https://panlex.org/snapshot/panlex-20191001-csv/2907#110845615>		"Zamin"@tg	
"დიხაუჩა"@xmf	<https://panlex.org/snapshot/panlex-20191001-csv/2907#110845575>				<https://panlex.org/snapshot/panlex-20191001-csv/2907#110845605>		"زمین"@tg	
"მოროხი"@xmf	<https://panlex.org/snapshot/panlex-20191001-csv/2907#110846020>				<https://panlex.org/snapshot/panlex-20191001-csv/2907#110845931>		"Mirrix"@tg	
"მოროხი"@xmf	<https://panlex.org/snapshot/panlex-20191001-csv/2907#110846020>				<https://panlex.org/snapshot/panlex-20191001-csv/2907#110846125>		"Миррих"@tg	
"მოროხი"@xmf	<https://panlex.org/snapshot/panlex-20191001-csv/2907#110846020>				<https://panlex.org/snapshot/panlex-20191001-csv/2907#110846032>		"مریخ"@tg	
"ბჟაშ სისტემა"@xmf	<https://panlex.org/snapshot/panlex-20191001-csv/2907#110848249>				<https://panlex.org/snapshot/panlex-20191001-csv/2907#110848298>		"Sistemaji oftobī"@tg	
"ბჟაშ სისტემა"@xmf	<https://panlex.org/snapshot/panlex-20191001-csv/2907#110848249>				<https://panlex.org/snapshot/panlex-20191001-csv/2907#110848220>		"سیستیمهٔ آفتابی"@tg	
"ბჟაშ სისტემა"@xmf	<https://panlex.org/snapshot/panlex-20191001-csv/2907#110848249>				<https://panlex.org/snapshot/panlex-20191001-csv/2907#110848319>		"Системаи офтобӣ"@tg	
"უჩა რხვილი"@xmf	<https://panlex.org/snapshot/panlex-20191001-csv/2907#110849603>				<https://panlex.org/snapshot/panlex-20191001-csv/2907#110849508>		"sūroxiji sijoh"@tg	
"უჩა რხვილი"@xmf	<https://panlex.org/snapshot/panlex-20191001-csv/2907#110849603>				<https://panlex.org/snapshot/panlex-20191001-csv/2907#110849634>		"سوراخی سیاه"@tg	
"უჩა რხვილი"@xmf	<https://panlex.org/snapshot/panlex-20191001-csv/2907#110849603>				<https://panlex.org/snapshot/panlex-20191001-csv/2907#110849611>		"сӯрохии сиёҳ"@tg	
"მაკემაკე"@xmf	<https://panlex.org/snapshot/panlex-20191001-csv/2907#110847770>				<https://panlex.org/snapshot/panlex-20191001-csv/2907#110847725>		"مکی‌مکی"@tg	
"მაკემაკე"@xmf	<https://panlex.org/snapshot/panlex-20191001-csv/2907#110847770>				<https://panlex.org/snapshot/panlex-20191001-csv/2907#110847756>		"Макемаке"@tg	
"მაკემაკე"@xmf	<https://panlex.org/snapshot/panlex-20191001-csv/2907#110847770>				<https://panlex.org/snapshot/panlex-20191001-csv/2907#110847661>		"Makemake"@tg	
"მარსქული"@xmf	<https://panlex.org/snapshot/panlex-20191001-csv/2907#110846681>				<https://panlex.org/snapshot/panlex-20191001-csv/2907#110846601>		"Zuhal"@tg	
"მარსქული"@xmf	<https://panlex.org/snapshot/panlex-20191001-csv/2907#110846681>				<https://panlex.org/snapshot/panlex-20191001-csv/2907#110846745>		"Зуҳал"@tg	
"მარსქული"@xmf	<https://panlex.org/snapshot/panlex-20191001-csv/2907#110846681>				<https://panlex.org/snapshot/panlex-20191001-csv/2907#110846608>		"کیوان"@tg	
"მარსქული"@xmf	<https://panlex.org/snapshot/panlex-20191001-csv/2907#110846681>				<https://panlex.org/snapshot/panlex-20191001-csv/2907#110846587>		"زحل"@tg	
"მარსქული"@xmf	<https://panlex.org/snapshot/panlex-20191001-csv/2907#110846681>				<https://panlex.org/snapshot/panlex-20191001-csv/2907#110846596>		"Kajvon"@tg	
"მარსქული"@xmf	<https://panlex.org/snapshot/panlex-20191001-csv/2907#110846681>				<https://panlex.org/snapshot/panlex-20191001-csv/2907#110846751>		"Кайвон"@tg	
"თუთა"@xmf	<https://panlex.org/snapshot/panlex-20191001-csv/2907#110845887>				<https://panlex.org/snapshot/panlex-20191001-csv/2907#110845827>		"ماه"@tg	
"თუთა"@xmf	<https://panlex.org/snapshot/panlex-20191001-csv/2907#110845887>				<https://panlex.org/snapshot/panlex-20191001-csv/2907#110845844>		"Moh"@tg	
"თუთა"@xmf	<https://panlex.org/snapshot/panlex-20191001-csv/2907#110845887>				<https://panlex.org/snapshot/panlex-20191001-csv/2907#110845843>		"Моҳ"@tg	
"მერკური"@xmf	<https://panlex.org/snapshot/panlex-20191001-csv/2907#110845199>				<https://panlex.org/snapshot/panlex-20191001-csv/2907#110845118>		"Tir"@tg	
"მერკური"@xmf	<https://panlex.org/snapshot/panlex-20191001-csv/2907#110845199>				<https://panlex.org/snapshot/panlex-20191001-csv/2907#110845187>		"Уторид"@tg	
"მერკური"@xmf	<https://panlex.org/snapshot/panlex-20191001-csv/2907#110845199>				<https://panlex.org/snapshot/panlex-20191001-csv/2907#110845213>		"Utorid"@tg	
"მერკური"@xmf	<https://panlex.org/snapshot/panlex-20191001-csv/2907#110845199>				<https://panlex.org/snapshot/panlex-20191001-csv/2907#110845134>		"Тир"@tg	
"მერკური"@xmf	<https://panlex.org/snapshot/panlex-20191001-csv/2907#110845199>				<https://panlex.org/snapshot/panlex-20191001-csv/2907#110845080>		"عطارد"@tg	
"მერკური"@xmf	<https://panlex.org/snapshot/panlex-20191001-csv/2907#110845199>				<https://panlex.org/snapshot/panlex-20191001-csv/2907#110845186>		"تیر"@tg	
"ობჟათეშ ოკიანე"@xmf	<https://panlex.org/snapshot/panlex-20191001-csv/2901#110868161>				<https://panlex.org/snapshot/panlex-20191001-csv/2901#110868192>		"Уқёнуси Ҷанубӣ"@tg	
"ობჟათეშ ოკიანე"@xmf	<https://panlex.org/snapshot/panlex-20191001-csv/2901#110868161>				<https://panlex.org/snapshot/panlex-20191001-csv/2901#110868189>		"Uqjonusi Çanubī"@tg	
"ობჟათეშ ოკიანე"@xmf	<https://panlex.org/snapshot/panlex-20191001-csv/2901#110868161>				<https://panlex.org/snapshot/panlex-20191001-csv/2901#110868320>		"اقیانوس جنوبی"@tg	
"ატლანტიშ ოკიანე"@xmf	<https://panlex.org/snapshot/panlex-20191001-csv/2901#110867534>				<https://panlex.org/snapshot/panlex-20191001-csv/2901#110867617>		"اقیانوس اتلنتیک"@tg	
"ატლანტიშ ოკიანე"@xmf	<https://panlex.org/snapshot/panlex-20191001-csv/2901#110867534>				<https://panlex.org/snapshot/panlex-20191001-csv/2901#110867465>		"Уқёнуси Атлантик"@tg	
"ატლანტიშ ოკიანე"@xmf	<https://panlex.org/snapshot/panlex-20191001-csv/2901#110867534>				<https://panlex.org/snapshot/panlex-20191001-csv/2901#110867520>		"Uqjonusi Atlantik"@tg	
"ოორუე ჸინუამი ოკიანე"@xmf	<https://panlex.org/snapshot/panlex-20191001-csv/2901#110867089>				<https://panlex.org/snapshot/panlex-20191001-csv/2901#110867303>		"Уқёнуси Яхбастаи Шимолӣ"@tg	
"ოორუე ჸინუამი ოკიანე"@xmf	<https://panlex.org/snapshot/panlex-20191001-csv/2901#110867089>				<https://panlex.org/snapshot/panlex-20191001-csv/2901#110867172>		"اقیانوس یخبستهٔ شمالی"@tg	
"ოორუე ჸინუამი ოკიანე"@xmf	<https://panlex.org/snapshot/panlex-20191001-csv/2901#110867089>				<https://panlex.org/snapshot/panlex-20191001-csv/2901#110867165>		"Uqjonusi Jaxbastaji Şimolī"@tg	
"წყჷნარი ოკიანე"@xmf	<https://panlex.org/snapshot/panlex-20191001-csv/2901#110868005>				<https://panlex.org/snapshot/panlex-20191001-csv/2901#110868055>		"Uqjonusi Orom"@tg	
"წყჷნარი ოკიანე"@xmf	<https://panlex.org/snapshot/panlex-20191001-csv/2901#110868005>				<https://panlex.org/snapshot/panlex-20191001-csv/2901#110868126>		"اقیانوس آرام"@tg	
"წყჷნარი ოკიანე"@xmf	<https://panlex.org/snapshot/panlex-20191001-csv/2901#110868005>				<https://panlex.org/snapshot/panlex-20191001-csv/2901#110868137>		"Уқёнуси Ором"@tg	
"ინდოეთიშ ოკიანე"@xmf	<https://panlex.org/snapshot/panlex-20191001-csv/2901#110867699>				<https://panlex.org/snapshot/panlex-20191001-csv/2901#110867857>		"Uqjonusi Hind"@tg	
"ინდოეთიშ ოკიანე"@xmf	<https://panlex.org/snapshot/panlex-20191001-csv/2901#110867699>				<https://panlex.org/snapshot/panlex-20191001-csv/2901#110867682>		"Уқёнуси Ҳинд"@tg	
"ინდოეთიშ ოკიანე"@xmf	<https://panlex.org/snapshot/panlex-20191001-csv/2901#110867699>				<https://panlex.org/snapshot/panlex-20191001-csv/2901#110867713>		"اقیانوس هند"@tg	
"ჯუმაშხა"@xmf	<https://panlex.org/snapshot/panlex-20191001-csv/2892#110825231>				<https://panlex.org/snapshot/panlex-20191001-csv/2892#110825043>		"چارشنبه"@tg	
"ჯუმაშხა"@xmf	<https://panlex.org/snapshot/panlex-20191001-csv/2892#110825231>				<https://panlex.org/snapshot/panlex-20191001-csv/2892#110825125>		"чоршанбе"@tg	
"ჯუმაშხა"@xmf	<https://panlex.org/snapshot/panlex-20191001-csv/2892#110825231>				<https://panlex.org/snapshot/panlex-20191001-csv/2892#110824912>		"corşanbe"@tg	
"ჟაშხა"@xmf	<https://panlex.org/snapshot/panlex-20191001-csv/2892#110826740>				<https://panlex.org/snapshot/panlex-20191001-csv/2892#110826951>		"якшанбе"@tg	
"ჟაშხა"@xmf	<https://panlex.org/snapshot/panlex-20191001-csv/2892#110826740>				<https://panlex.org/snapshot/panlex-20191001-csv/2892#110826700>		"jakşanbe"@tg	
"ჟაშხა"@xmf	<https://panlex.org/snapshot/panlex-20191001-csv/2892#110826740>				<https://panlex.org/snapshot/panlex-20191001-csv/2892#110826592>		"یکشنبه"@tg	
"თუთაშხა"@xmf	<https://panlex.org/snapshot/panlex-20191001-csv/2892#110824328>				<https://panlex.org/snapshot/panlex-20191001-csv/2892#110824185>		"دوشنبه"@tg	
"თუთაშხა"@xmf	<https://panlex.org/snapshot/panlex-20191001-csv/2892#110824328>				<https://panlex.org/snapshot/panlex-20191001-csv/2892#110824314>		"duşanbe"@tg	
"თუთაშხა"@xmf	<https://panlex.org/snapshot/panlex-20191001-csv/2892#110824328>				<https://panlex.org/snapshot/panlex-20191001-csv/2892#110824191>		"душанбе"@tg	
"თახაშხა"@xmf	<https://panlex.org/snapshot/panlex-20191001-csv/2892#110824742>				<https://panlex.org/snapshot/panlex-20191001-csv/2892#110824429>		"سه‌شنبه"@tg	
"თახაშხა"@xmf	<https://panlex.org/snapshot/panlex-20191001-csv/2892#110824742>				<https://panlex.org/snapshot/panlex-20191001-csv/2892#110824646>		"сешанбе"@tg	
"თახაშხა"@xmf	<https://panlex.org/snapshot/panlex-20191001-csv/2892#110824742>				<https://panlex.org/snapshot/panlex-20191001-csv/2892#110824481>		"seşanbe"@tg	
"ობიშხა"@xmf	<https://panlex.org/snapshot/panlex-20191001-csv/2892#110825972>				<https://panlex.org/snapshot/panlex-20191001-csv/2892#110825863>		"çum’a"@tg	
"ობიშხა"@xmf	<https://panlex.org/snapshot/panlex-20191001-csv/2892#110825972>				<https://panlex.org/snapshot/panlex-20191001-csv/2892#110825915>		"جمعه"@tg	
"ობიშხა"@xmf	<https://panlex.org/snapshot/panlex-20191001-csv/2892#110825972>				<https://panlex.org/snapshot/panlex-20191001-csv/2892#110825950>		"ҷумъа"@tg	
"შურიშხა"@xmf	<https://panlex.org/snapshot/panlex-20191001-csv/2892#110826215>				<https://panlex.org/snapshot/panlex-20191001-csv/2892#110826498>		"شنبه"@tg	
"შურიშხა"@xmf	<https://panlex.org/snapshot/panlex-20191001-csv/2892#110826215>				<https://panlex.org/snapshot/panlex-20191001-csv/2892#110826207>		"шанбе"@tg	
"შურიშხა"@xmf	<https://panlex.org/snapshot/panlex-20191001-csv/2892#110826215>				<https://panlex.org/snapshot/panlex-20191001-csv/2892#110826489>		"şanbe"@tg	
"ცაშხა"@xmf	<https://panlex.org/snapshot/panlex-20191001-csv/2892#110825362>				<https://panlex.org/snapshot/panlex-20191001-csv/2892#110825324>		"pançşanbe"@tg	
"ცაშხა"@xmf	<https://panlex.org/snapshot/panlex-20191001-csv/2892#110825362>				<https://panlex.org/snapshot/panlex-20191001-csv/2892#110825631>		"панҷшанбе"@tg	
"ცაშხა"@xmf	<https://panlex.org/snapshot/panlex-20191001-csv/2892#110825362>				<https://panlex.org/snapshot/panlex-20191001-csv/2892#110825561>		"پنجشنبه"@tg	
"ღურთუთა"@xmf	<https://panlex.org/snapshot/panlex-20191001-csv/2897#110827378>				<https://panlex.org/snapshot/panlex-20191001-csv/2897#110827241>		"ینور"@tg	
"ღურთუთა"@xmf	<https://panlex.org/snapshot/panlex-20191001-csv/2897#110827378>				<https://panlex.org/snapshot/panlex-20191001-csv/2897#110827429>		"janvar"@tg	
"ღურთუთა"@xmf	<https://panlex.org/snapshot/panlex-20191001-csv/2897#110827378>				<https://panlex.org/snapshot/panlex-20191001-csv/2897#110827092>		"январ"@tg	
"კვირკვე"@xmf	<https://panlex.org/snapshot/panlex-20191001-csv/2897#110829534>				<https://panlex.org/snapshot/panlex-20191001-csv/2897#110829784>		"ایول"@tg	
"კვირკვე"@xmf	<https://panlex.org/snapshot/panlex-20191001-csv/2897#110829534>				<https://panlex.org/snapshot/panlex-20191001-csv/2897#110829479>		"июл"@tg	
"კვირკვე"@xmf	<https://panlex.org/snapshot/panlex-20191001-csv/2897#110829534>				<https://panlex.org/snapshot/panlex-20191001-csv/2897#110829483>		"ijul"@tg	
"ქირსეთუთა"@xmf	<https://panlex.org/snapshot/panlex-20191001-csv/2897#110831615>				<https://panlex.org/snapshot/panlex-20191001-csv/2897#110831583>		"دیکبر"@tg	
"ქირსეთუთა"@xmf	<https://panlex.org/snapshot/panlex-20191001-csv/2897#110831615>				<https://panlex.org/snapshot/panlex-20191001-csv/2897#110831887>		"dekabr"@tg	
"ქირსეთუთა"@xmf	<https://panlex.org/snapshot/panlex-20191001-csv/2897#110831615>				<https://panlex.org/snapshot/panlex-20191001-csv/2897#110831960>		"декабр"@tg	
"მესი"@xmf	<https://panlex.org/snapshot/panlex-20191001-csv/2897#110828710>				<https://panlex.org/snapshot/panlex-20191001-csv/2897#110829045>		"می"@tg	
"მესი"@xmf	<https://panlex.org/snapshot/panlex-20191001-csv/2897#110828710>				<https://panlex.org/snapshot/panlex-20191001-csv/2897#110828992>		"maj"@tg	
"მესი"@xmf	<https://panlex.org/snapshot/panlex-20191001-csv/2897#110828710>				<https://panlex.org/snapshot/panlex-20191001-csv/2897#110828880>		"май"@tg	
"ეკენია"@xmf	<https://panlex.org/snapshot/panlex-20191001-csv/2897#110830622>				<https://panlex.org/snapshot/panlex-20191001-csv/2897#110830349>		"سنتیبر"@tg	
"ეკენია"@xmf	<https://panlex.org/snapshot/panlex-20191001-csv/2897#110830622>				<https://panlex.org/snapshot/panlex-20191001-csv/2897#110830456>		"sentjabr"@tg	
"ეკენია"@xmf	<https://panlex.org/snapshot/panlex-20191001-csv/2897#110830622>				<https://panlex.org/snapshot/panlex-20191001-csv/2897#110830693>		"сентябр"@tg	
"მელახი"@xmf	<https://panlex.org/snapshot/panlex-20191001-csv/2897#110828050>				<https://panlex.org/snapshot/panlex-20191001-csv/2897#110828182>		"март"@tg	
"მელახი"@xmf	<https://panlex.org/snapshot/panlex-20191001-csv/2897#110828050>				<https://panlex.org/snapshot/panlex-20191001-csv/2897#110827858>		"mart"@tg	
"მელახი"@xmf	<https://panlex.org/snapshot/panlex-20191001-csv/2897#110828050>				<https://panlex.org/snapshot/panlex-20191001-csv/2897#110827895>		"مرت"@tg	
"მარაშინათუთა"@xmf	<https://panlex.org/snapshot/panlex-20191001-csv/2897#110830156>				<https://panlex.org/snapshot/panlex-20191001-csv/2897#110830051>		"август"@tg	
"მარაშინათუთა"@xmf	<https://panlex.org/snapshot/panlex-20191001-csv/2897#110830156>				<https://panlex.org/snapshot/panlex-20191001-csv/2897#110830207>		"اوگست"@tg	
"მარაშინათუთა"@xmf	<https://panlex.org/snapshot/panlex-20191001-csv/2897#110830156>				<https://panlex.org/snapshot/panlex-20191001-csv/2897#110830119>		"avgust"@tg	
"ფურთუთა"@xmf	<https://panlex.org/snapshot/panlex-20191001-csv/2897#110827834>				<https://panlex.org/snapshot/panlex-20191001-csv/2897#110827608>		"феврал"@tg	
"ფურთუთა"@xmf	<https://panlex.org/snapshot/panlex-20191001-csv/2897#110827834>				<https://panlex.org/snapshot/panlex-20191001-csv/2897#110827538>		"فیورل"@tg	
"ფურთუთა"@xmf	<https://panlex.org/snapshot/panlex-20191001-csv/2897#110827834>				<https://panlex.org/snapshot/panlex-20191001-csv/2897#110827615>		"fevral"@tg	
"მანგი"@xmf	<https://panlex.org/snapshot/panlex-20191001-csv/2897#110829220>				<https://panlex.org/snapshot/panlex-20191001-csv/2897#110829205>		"ijun"@tg	
"მანგი"@xmf	<https://panlex.org/snapshot/panlex-20191001-csv/2897#110829220>				<https://panlex.org/snapshot/panlex-20191001-csv/2897#110829247>		"ایون"@tg	
"მანგი"@xmf	<https://panlex.org/snapshot/panlex-20191001-csv/2897#110829220>				<https://panlex.org/snapshot/panlex-20191001-csv/2897#110829268>		"июн"@tg	
"გერგობათუთა"@xmf	<https://panlex.org/snapshot/panlex-20191001-csv/2897#110831204>				<https://panlex.org/snapshot/panlex-20191001-csv/2897#110831444>		"nojabr"@tg	
"გერგობათუთა"@xmf	<https://panlex.org/snapshot/panlex-20191001-csv/2897#110831204>				<https://panlex.org/snapshot/panlex-20191001-csv/2897#110831502>		"نایبر"@tg	
"გერგობათუთა"@xmf	<https://panlex.org/snapshot/panlex-20191001-csv/2897#110831204>				<https://panlex.org/snapshot/panlex-20191001-csv/2897#110831462>		"ноябр"@tg	
"პირელი"@xmf	<https://panlex.org/snapshot/panlex-20191001-csv/2897#110828363>				<https://panlex.org/snapshot/panlex-20191001-csv/2897#110828537>		"اپریل"@tg	
"პირელი"@xmf	<https://panlex.org/snapshot/panlex-20191001-csv/2897#110828363>				<https://panlex.org/snapshot/panlex-20191001-csv/2897#110828508>		"апрел"@tg	
"პირელი"@xmf	<https://panlex.org/snapshot/panlex-20191001-csv/2897#110828363>				<https://panlex.org/snapshot/panlex-20191001-csv/2897#110828492>		"aprel"@tg	
"გჷმათუთა"@xmf	<https://panlex.org/snapshot/panlex-20191001-csv/2897#110830750>				<https://panlex.org/snapshot/panlex-20191001-csv/2897#110830948>		"oktjabr"@tg	
"გჷმათუთა"@xmf	<https://panlex.org/snapshot/panlex-20191001-csv/2897#110830750>				<https://panlex.org/snapshot/panlex-20191001-csv/2897#110831050>		"آکتیبر"@tg	
"გჷმათუთა"@xmf	<https://panlex.org/snapshot/panlex-20191001-csv/2897#110830750>				<https://panlex.org/snapshot/panlex-20191001-csv/2897#110830988>		"октябр"@tg	
"ამერიკა"@xmf	<https://panlex.org/snapshot/panlex-20191001-csv/2891#110853410>				<https://panlex.org/snapshot/panlex-20191001-csv/2891#110853379>		"Amriqo"@tg	
"ამერიკა"@xmf	<https://panlex.org/snapshot/panlex-20191001-csv/2891#110853410>				<https://panlex.org/snapshot/panlex-20191001-csv/2891#110853403>		"امریقا"@tg	
"ამერიკა"@xmf	<https://panlex.org/snapshot/panlex-20191001-csv/2891#110853410>				<https://panlex.org/snapshot/panlex-20191001-csv/2891#110853524>		"Амриқо"@tg	
"ამერიკა"@xmf	<https://panlex.org/snapshot/panlex-20191001-csv/2891#110853410>				<https://panlex.org/snapshot/panlex-20191001-csv/2891#110853421>		"Amerika"@tg	
"ამერიკა"@xmf	<https://panlex.org/snapshot/panlex-20191001-csv/2891#110853410>				<https://panlex.org/snapshot/panlex-20191001-csv/2891#110853386>		"امیریکه"@tg	
"ამერიკა"@xmf	<https://panlex.org/snapshot/panlex-20191001-csv/2891#110853410>				<https://panlex.org/snapshot/panlex-20191001-csv/2891#110853301>		"Америка"@tg	
"ევროპა"@xmf	<https://panlex.org/snapshot/panlex-20191001-csv/2891#110854283>				<https://panlex.org/snapshot/panlex-20191001-csv/2891#110854173>		"Аврупо"@tg	
"ევროპა"@xmf	<https://panlex.org/snapshot/panlex-20191001-csv/2891#110854283>				<https://panlex.org/snapshot/panlex-20191001-csv/2891#110854213>		"Avrupo"@tg	
"ევროპა"@xmf	<https://panlex.org/snapshot/panlex-20191001-csv/2891#110854283>				<https://panlex.org/snapshot/panlex-20191001-csv/2891#110854201>		"اوروپا"@tg	
"აფრიკა"@xmf	<https://panlex.org/snapshot/panlex-20191001-csv/2891#110853214>				<https://panlex.org/snapshot/panlex-20191001-csv/2891#110853210>		"افریقا"@tg	
"აფრიკა"@xmf	<https://panlex.org/snapshot/panlex-20191001-csv/2891#110853214>				<https://panlex.org/snapshot/panlex-20191001-csv/2891#110853128>		"Африқо"@tg	
"აფრიკა"@xmf	<https://panlex.org/snapshot/panlex-20191001-csv/2891#110853214>				<https://panlex.org/snapshot/panlex-20191001-csv/2891#110853244>		"Afriqo"@tg	
"აფრიკა"@xmf	<https://panlex.org/snapshot/panlex-20191001-csv/2891#110853214>				<https://panlex.org/snapshot/panlex-20191001-csv/2891#110853148>		"Африка"@tg	
"აფრიკა"@xmf	<https://panlex.org/snapshot/panlex-20191001-csv/2891#110853214>				<https://panlex.org/snapshot/panlex-20191001-csv/2891#110853200>		"افریکه"@tg	
"აფრიკა"@xmf	<https://panlex.org/snapshot/panlex-20191001-csv/2891#110853214>				<https://panlex.org/snapshot/panlex-20191001-csv/2891#110853159>		"Afrika"@tg	
"ოკეანია"@xmf	<https://panlex.org/snapshot/panlex-20191001-csv/2891#110854402>				<https://panlex.org/snapshot/panlex-20191001-csv/2891#110854544>		"Uqjonusija"@tg	
"ოკეანია"@xmf	<https://panlex.org/snapshot/panlex-20191001-csv/2891#110854402>				<https://panlex.org/snapshot/panlex-20191001-csv/2891#110854503>		"Уқёнусия"@tg	
"ოკეანია"@xmf	<https://panlex.org/snapshot/panlex-20191001-csv/2891#110854402>				<https://panlex.org/snapshot/panlex-20191001-csv/2891#110854362>		"اقیانوسیه"@tg	
"ანტარქტიდა"@xmf	<https://panlex.org/snapshot/panlex-20191001-csv/2891#110853653>				<https://panlex.org/snapshot/panlex-20191001-csv/2891#110853650>		"Антарктида"@tg	
"ანტარქტიდა"@xmf	<https://panlex.org/snapshot/panlex-20191001-csv/2891#110853653>				<https://panlex.org/snapshot/panlex-20191001-csv/2891#110853629>		"انترکتیده"@tg	
"ანტარქტიდა"@xmf	<https://panlex.org/snapshot/panlex-20191001-csv/2891#110853653>				<https://panlex.org/snapshot/panlex-20191001-csv/2891#110853718>		"Antarktida"@tg	
"ოკეანეთი"@xmf	<https://panlex.org/snapshot/panlex-20191001-csv/2891#110854427>				<https://panlex.org/snapshot/panlex-20191001-csv/2891#110854544>		"Uqjonusija"@tg	
"ოკეანეთი"@xmf	<https://panlex.org/snapshot/panlex-20191001-csv/2891#110854427>				<https://panlex.org/snapshot/panlex-20191001-csv/2891#110854503>		"Уқёнусия"@tg	
"ოკეანეთი"@xmf	<https://panlex.org/snapshot/panlex-20191001-csv/2891#110854427>				<https://panlex.org/snapshot/panlex-20191001-csv/2891#110854362>		"اقیانوسیه"@tg	
"აზია"@xmf	<https://panlex.org/snapshot/panlex-20191001-csv/2891#110853936>				<https://panlex.org/snapshot/panlex-20191001-csv/2891#110853930>		"Осиё"@tg	
"აზია"@xmf	<https://panlex.org/snapshot/panlex-20191001-csv/2891#110853936>				<https://panlex.org/snapshot/panlex-20191001-csv/2891#110853926>		"Osijo"@tg	
"აზია"@xmf	<https://panlex.org/snapshot/panlex-20191001-csv/2891#110853936>				<https://panlex.org/snapshot/panlex-20191001-csv/2891#110853932>		"آسیا"@tg	
"ალპეფი"@xmf	<https://panlex.org/snapshot/panlex-20191001-csv/2896#110865939>				<https://panlex.org/snapshot/panlex-20191001-csv/2896#110865880>		"Кӯҳҳои Алп"@tg	
"ალპეფი"@xmf	<https://panlex.org/snapshot/panlex-20191001-csv/2896#110865939>				<https://panlex.org/snapshot/panlex-20191001-csv/2896#110865915>		"Kūhhoji Alp"@tg	
"ალპეფი"@xmf	<https://panlex.org/snapshot/panlex-20191001-csv/2896#110865939>				<https://panlex.org/snapshot/panlex-20191001-csv/2896#110865938>		"کوه‌های الپ"@tg	
"კავკაცია"@xmf	<https://panlex.org/snapshot/panlex-20191001-csv/2896#110866243>				<https://panlex.org/snapshot/panlex-20191001-csv/2896#110866300>		"Қафқоз"@tg	
"კავკაცია"@xmf	<https://panlex.org/snapshot/panlex-20191001-csv/2896#110866243>				<https://panlex.org/snapshot/panlex-20191001-csv/2896#110866286>		"قفقاز"@tg	
"კავკაცია"@xmf	<https://panlex.org/snapshot/panlex-20191001-csv/2896#110866243>				<https://panlex.org/snapshot/panlex-20191001-csv/2896#110866344>		"Qafqoz"@tg	
"კავკაცია"@xmf	<https://panlex.org/snapshot/panlex-20191001-csv/2896#110866243>				<https://panlex.org/snapshot/panlex-20191001-csv/2896#110866357>		"Kavkaz"@tg	
"კავკაცია"@xmf	<https://panlex.org/snapshot/panlex-20191001-csv/2896#110866243>				<https://panlex.org/snapshot/panlex-20191001-csv/2896#110866232>		"Кавказ"@tg	
"კავკაცია"@xmf	<https://panlex.org/snapshot/panlex-20191001-csv/2896#110866243>				<https://panlex.org/snapshot/panlex-20191001-csv/2896#110866320>		"کوکز"@tg	
"ურალი"@xmf	<https://panlex.org/snapshot/panlex-20191001-csv/2896#110866879>				<https://panlex.org/snapshot/panlex-20191001-csv/2896#110866961>		"Кӯҳҳои Урал"@tg	
"ურალი"@xmf	<https://panlex.org/snapshot/panlex-20191001-csv/2896#110866879>				<https://panlex.org/snapshot/panlex-20191001-csv/2896#110866970>		"کوه‌های اورل"@tg	
"ურალი"@xmf	<https://panlex.org/snapshot/panlex-20191001-csv/2896#110866879>				<https://panlex.org/snapshot/panlex-20191001-csv/2896#110866883>		"Kūhhoji Ural"@tg	
"ანდეფი"@xmf	<https://panlex.org/snapshot/panlex-20191001-csv/2896#110866092>				<https://panlex.org/snapshot/panlex-20191001-csv/2896#110866083>		"Kūhhoji And"@tg	
"ანდეფი"@xmf	<https://panlex.org/snapshot/panlex-20191001-csv/2896#110866092>				<https://panlex.org/snapshot/panlex-20191001-csv/2896#110866098>		"کوه‌های اند"@tg	
"ანდეფი"@xmf	<https://panlex.org/snapshot/panlex-20191001-csv/2896#110866092>				<https://panlex.org/snapshot/panlex-20191001-csv/2896#110866014>		"Кӯҳҳои Анд"@tg	
"ვეზუვი"@xmf	<https://panlex.org/snapshot/panlex-20191001-csv/2896#110866989>				<https://panlex.org/snapshot/panlex-20191001-csv/2896#110866997>		"ویزووی"@tg	
"ვეზუვი"@xmf	<https://panlex.org/snapshot/panlex-20191001-csv/2896#110866989>				<https://panlex.org/snapshot/panlex-20191001-csv/2896#110867029>		"Vezuvij"@tg	
"ვეზუვი"@xmf	<https://panlex.org/snapshot/panlex-20191001-csv/2896#110866989>				<https://panlex.org/snapshot/panlex-20191001-csv/2896#110867051>		"Везувий"@tg	
