"Swideni"@cgg	<https://panlex.org/snapshot/panlex-20191001-csv/6898#113639890>				<https://panlex.org/snapshot/panlex-20191001-csv/6898#113639894>		"Uswidi"@teo	
"Guyana"@cgg	<https://panlex.org/snapshot/panlex-20191001-csv/6898#113628125>				<https://panlex.org/snapshot/panlex-20191001-csv/6898#113628153>		"Guyana"@teo	
"Kata"@cgg	<https://panlex.org/snapshot/panlex-20191001-csv/6898#113636865>				<https://panlex.org/snapshot/panlex-20191001-csv/6898#113636856>		"Katari"@teo	
"Madagasika"@cgg	<https://panlex.org/snapshot/panlex-20191001-csv/6898#113589992>				<https://panlex.org/snapshot/panlex-20191001-csv/6898#113590001>		"Bukini"@teo	
"Ekizinga Norifoko"@cgg	<https://panlex.org/snapshot/panlex-20191001-csv/6898#113642287>				<https://panlex.org/snapshot/panlex-20191001-csv/6898#113642298>		"Kisiwa cha Norfok"@teo	
"Paragwai"@cgg	<https://panlex.org/snapshot/panlex-20191001-csv/6898#113623853>				<https://panlex.org/snapshot/panlex-20191001-csv/6898#113623822>		"Paragwai"@teo	
"Gwamu"@cgg	<https://panlex.org/snapshot/panlex-20191001-csv/6898#113630812>				<https://panlex.org/snapshot/panlex-20191001-csv/6898#113630709>		"Gwam"@teo	
"Ginebisau"@cgg	<https://panlex.org/snapshot/panlex-20191001-csv/6898#113616561>				<https://panlex.org/snapshot/panlex-20191001-csv/6898#113616587>		"Ginebisau"@teo	
"Arigentina"@cgg	<https://panlex.org/snapshot/panlex-20191001-csv/6898#113642085>				<https://panlex.org/snapshot/panlex-20191001-csv/6898#113642147>		"Ajentina"@teo	
"Boziniya na Hezegovina"@cgg	<https://panlex.org/snapshot/panlex-20191001-csv/6898#113596818>				<https://panlex.org/snapshot/panlex-20191001-csv/6898#113596730>		"Bosnia na Hezegovina"@teo	
"Boriiviya"@cgg	<https://panlex.org/snapshot/panlex-20191001-csv/6898#113609602>				<https://panlex.org/snapshot/panlex-20191001-csv/6898#113609671>		"Bolivia"@teo	
"Amerika"@cgg	<https://panlex.org/snapshot/panlex-20191001-csv/6898#113597895>				<https://panlex.org/snapshot/panlex-20191001-csv/6898#113598083>		"Marekani"@teo	
"Kirigizistani"@cgg	<https://panlex.org/snapshot/panlex-20191001-csv/6898#113627274>				<https://panlex.org/snapshot/panlex-20191001-csv/6898#113627393>		"Kirigizistani"@teo	
"Bararusi"@cgg	<https://panlex.org/snapshot/panlex-20191001-csv/6898#113592280>				<https://panlex.org/snapshot/panlex-20191001-csv/6898#113592301>		"Belarusi"@teo	
"Lishenteni"@cgg	<https://panlex.org/snapshot/panlex-20191001-csv/6898#113613038>				<https://panlex.org/snapshot/panlex-20191001-csv/6898#113613167>		"Lishenteni"@teo	
"Bufaransa"@cgg	<https://panlex.org/snapshot/panlex-20191001-csv/6898#113618061>				<https://panlex.org/snapshot/panlex-20191001-csv/6898#113618053>		"Ufaransa"@teo	
"Koreya Amashuuma"@cgg	<https://panlex.org/snapshot/panlex-20191001-csv/6898#113638855>				<https://panlex.org/snapshot/panlex-20191001-csv/6898#113638812>		"Korea Kusini"@teo	
"Butani"@cgg	<https://panlex.org/snapshot/panlex-20191001-csv/6898#113639607>				<https://panlex.org/snapshot/panlex-20191001-csv/6898#113639585>		"Butani"@teo	
"Hondurasi"@cgg	<https://panlex.org/snapshot/panlex-20191001-csv/6898#113597091>				<https://panlex.org/snapshot/panlex-20191001-csv/6898#113597035>		"Hondurasi"@teo	
"Gyamaika"@cgg	<https://panlex.org/snapshot/panlex-20191001-csv/6898#113593201>				<https://panlex.org/snapshot/panlex-20191001-csv/6898#113593273>		"Jamaika"@teo	
"Mikironesiya"@cgg	<https://panlex.org/snapshot/panlex-20191001-csv/6898#113597196>				<https://panlex.org/snapshot/panlex-20191001-csv/6898#113597233>		"Mikronesia"@teo	
"Papua"@cgg	<https://panlex.org/snapshot/panlex-20191001-csv/6898#113614865>				<https://panlex.org/snapshot/panlex-20191001-csv/6898#113614976>		"Papua"@teo	
"Giburaata"@cgg	<https://panlex.org/snapshot/panlex-20191001-csv/6898#113593020>				<https://panlex.org/snapshot/panlex-20191001-csv/6898#113593052>		"Jibralta"@teo	
"Koreya Amatemba"@cgg	<https://panlex.org/snapshot/panlex-20191001-csv/6898#113598922>				<https://panlex.org/snapshot/panlex-20191001-csv/6898#113598811>		"Korea Kaskazini"@teo	
"Nauru"@cgg	<https://panlex.org/snapshot/panlex-20191001-csv/6898#113601653>				<https://panlex.org/snapshot/panlex-20191001-csv/6898#113601639>		"Nauru"@teo	
"Maurishiasi"@cgg	<https://panlex.org/snapshot/panlex-20191001-csv/6898#113611399>				<https://panlex.org/snapshot/panlex-20191001-csv/6898#113611443>		"Morisi"@teo	
"Gana"@cgg	<https://panlex.org/snapshot/panlex-20191001-csv/6898#113645437>				<https://panlex.org/snapshot/panlex-20191001-csv/6898#113645442>		"Ghana"@teo	
"Buraziiri"@cgg	<https://panlex.org/snapshot/panlex-20191001-csv/6898#113645361>				<https://panlex.org/snapshot/panlex-20191001-csv/6898#113645235>		"Brazili"@teo	
"Namibiya"@cgg	<https://panlex.org/snapshot/panlex-20191001-csv/6898#113606675>				<https://panlex.org/snapshot/panlex-20191001-csv/6898#113606749>		"Namibia"@teo	
"Bubirigi"@cgg	<https://panlex.org/snapshot/panlex-20191001-csv/6898#113643489>				<https://panlex.org/snapshot/panlex-20191001-csv/6898#113643511>		"Ubelgiji"@teo	
"Gyibuti"@cgg	<https://panlex.org/snapshot/panlex-20191001-csv/6898#113585724>				<https://panlex.org/snapshot/panlex-20191001-csv/6898#113585752>		"Jibuti"@teo	
"Saudi Areebiya"@cgg	<https://panlex.org/snapshot/panlex-20191001-csv/6898#113583536>				<https://panlex.org/snapshot/panlex-20191001-csv/6898#113583443>		"Saudi"@teo	
"Misiri"@cgg	<https://panlex.org/snapshot/panlex-20191001-csv/6898#113604570>				<https://panlex.org/snapshot/panlex-20191001-csv/6898#113604475>		"Misri"@teo	
"Eihanga rya Rwagati ya Afirika"@cgg	<https://panlex.org/snapshot/panlex-20191001-csv/6898#113591487>				<https://panlex.org/snapshot/panlex-20191001-csv/6898#113591484>		"Jamhuri ya Afrika ya Kati"@teo	
"Chadi"@cgg	<https://panlex.org/snapshot/panlex-20191001-csv/6898#113643270>				<https://panlex.org/snapshot/panlex-20191001-csv/6898#113643260>		"Chadi"@teo	
"Hangare"@cgg	<https://panlex.org/snapshot/panlex-20191001-csv/6898#113625103>				<https://panlex.org/snapshot/panlex-20191001-csv/6898#113625091>		"Hungaria"@teo	
"Poorandi"@cgg	<https://panlex.org/snapshot/panlex-20191001-csv/6898#113642617>				<https://panlex.org/snapshot/panlex-20191001-csv/6898#113642667>		"Polandi"@teo	
"Turukimenisitani"@cgg	<https://panlex.org/snapshot/panlex-20191001-csv/6898#113607862>				<https://panlex.org/snapshot/panlex-20191001-csv/6898#113607891>		"Turukimenistani"@teo	
"Ositureeriya"@cgg	<https://panlex.org/snapshot/panlex-20191001-csv/6898#113631574>				<https://panlex.org/snapshot/panlex-20191001-csv/6898#113631504>		"Australia"@teo	
"Liberiya"@cgg	<https://panlex.org/snapshot/panlex-20191001-csv/6898#113605452>				<https://panlex.org/snapshot/panlex-20191001-csv/6898#113605500>		"Liberia"@teo	
"Samowa"@cgg	<https://panlex.org/snapshot/panlex-20191001-csv/6898#113637487>				<https://panlex.org/snapshot/panlex-20191001-csv/6898#113637501>		"Samoa"@teo	
"Arubania"@cgg	<https://panlex.org/snapshot/panlex-20191001-csv/6898#113637729>				<https://panlex.org/snapshot/panlex-20191001-csv/6898#113637732>		"Albania"@teo	
"Ebizinga bya Faakilanda"@cgg	<https://panlex.org/snapshot/panlex-20191001-csv/6898#113642959>				<https://panlex.org/snapshot/panlex-20191001-csv/6898#113643046>		"Visiwa vya Falkland"@teo	
"Samowa ya Ameerika"@cgg	<https://panlex.org/snapshot/panlex-20191001-csv/6898#113606216>				<https://panlex.org/snapshot/panlex-20191001-csv/6898#113606233>		"Samoa ya Marekani"@teo	
"Benini"@cgg	<https://panlex.org/snapshot/panlex-20191001-csv/6898#113607461>				<https://panlex.org/snapshot/panlex-20191001-csv/6898#113607577>		"Benini"@teo	
"Guriinirandi"@cgg	<https://panlex.org/snapshot/panlex-20191001-csv/6898#113590694>				<https://panlex.org/snapshot/panlex-20191001-csv/6898#113590605>		"Grinlandi"@teo	
"Zimbabwe"@cgg	<https://panlex.org/snapshot/panlex-20191001-csv/6898#113583612>				<https://panlex.org/snapshot/panlex-20191001-csv/6898#113583741>		"Zimbabwe"@teo	
"Firipino"@cgg	<https://panlex.org/snapshot/panlex-20191001-csv/6898#113602742>				<https://panlex.org/snapshot/panlex-20191001-csv/6898#113602699>		"Filipino"@teo	
"Riyuniyoni"@cgg	<https://panlex.org/snapshot/panlex-20191001-csv/6898#113591696>				<https://panlex.org/snapshot/panlex-20191001-csv/6898#113591688>		"Riyunioni"@teo	
"Babadosi"@cgg	<https://panlex.org/snapshot/panlex-20191001-csv/6898#113620370>				<https://panlex.org/snapshot/panlex-20191001-csv/6898#113620448>		"Babadosi"@teo	
"Turinidad na Tobago"@cgg	<https://panlex.org/snapshot/panlex-20191001-csv/6898#113640166>				<https://panlex.org/snapshot/panlex-20191001-csv/6898#113640034>		"Trinidad na Tobago"@teo	
"Niue"@cgg	<https://panlex.org/snapshot/panlex-20191001-csv/6898#113641428>				<https://panlex.org/snapshot/panlex-20191001-csv/6898#113641387>		"Niue"@teo	
"Irerandi"@cgg	<https://panlex.org/snapshot/panlex-20191001-csv/6898#113625898>				<https://panlex.org/snapshot/panlex-20191001-csv/6898#113625892>		"Ayalandi"@teo	
"Zambia"@cgg	<https://panlex.org/snapshot/panlex-20191001-csv/6898#113617419>				<https://panlex.org/snapshot/panlex-20191001-csv/6898#113617449>		"Zambia"@teo	
"Sirovaaniya"@cgg	<https://panlex.org/snapshot/panlex-20191001-csv/6898#113636629>				<https://panlex.org/snapshot/panlex-20191001-csv/6898#113636572>		"Slovenia"@teo	
"Ripaaburika ya Zeeki"@cgg	<https://panlex.org/snapshot/panlex-20191001-csv/6898#113619537>				<https://panlex.org/snapshot/panlex-20191001-csv/6898#113619657>		"Jamhuri ya Cheki"@teo	
"Kazakisitani"@cgg	<https://panlex.org/snapshot/panlex-20191001-csv/6898#113591007>				<https://panlex.org/snapshot/panlex-20191001-csv/6898#113590929>		"Kazakistani"@teo	
"Berimuda"@cgg	<https://panlex.org/snapshot/panlex-20191001-csv/6898#113607268>				<https://panlex.org/snapshot/panlex-20191001-csv/6898#113607287>		"Bermuda"@teo	
"Mayote"@cgg	<https://panlex.org/snapshot/panlex-20191001-csv/6898#113603954>				<https://panlex.org/snapshot/panlex-20191001-csv/6898#113603917>		"Mayotte"@teo	
"Swazirandi"@cgg	<https://panlex.org/snapshot/panlex-20191001-csv/6898#113625348>				<https://panlex.org/snapshot/panlex-20191001-csv/6898#113625227>		"Uswazi"@teo	
"Montserrati"@cgg	<https://panlex.org/snapshot/panlex-20191001-csv/6898#113618426>				<https://panlex.org/snapshot/panlex-20191001-csv/6898#113618397>		"Montserrati"@teo	
"Tajikisitani"@cgg	<https://panlex.org/snapshot/panlex-20191001-csv/6898#113590167>				<https://panlex.org/snapshot/panlex-20191001-csv/6898#113590247>		"Tajikistani"@teo	
"Sausi Afirika"@cgg	<https://panlex.org/snapshot/panlex-20191001-csv/6898#113613640>				<https://panlex.org/snapshot/panlex-20191001-csv/6898#113613656>		"Afrika Kusini"@teo	
