"Alimankɛlɛ filanan"@bm	<https://panlex.org/snapshot/panlex-20191001-csv/6709#111077584>				<https://panlex.org/snapshot/panlex-20191001-csv/6709#111077634>		"Herbê Dınyayê Dıyıne"@kiu	
"Alimankɛlɛ fɔlɔ"@bm	<https://panlex.org/snapshot/panlex-20191001-csv/6709#111077332>				<https://panlex.org/snapshot/panlex-20191001-csv/6709#111077436>		"Herbê Dınyayê Yewıne"@kiu	
"Masadennin"@bm	<https://panlex.org/snapshot/panlex-20191001-csv/6710#111083141>				<https://panlex.org/snapshot/panlex-20191001-csv/6710#111083163>		"Şazadeo Qıckek"@kiu	
"ko korow"@bm	<https://panlex.org/snapshot/panlex-20191001-csv/2904#111023018>				<https://panlex.org/snapshot/panlex-20191001-csv/2904#111022887>		"tarix"@kiu	
"dɔkɔtɔrɔya"@bm	<https://panlex.org/snapshot/panlex-20191001-csv/2904#111023687>				<https://panlex.org/snapshot/panlex-20191001-csv/2904#111023654>		"tıb"@kiu	
"tariku"@bm	<https://panlex.org/snapshot/panlex-20191001-csv/2904#111022824>				<https://panlex.org/snapshot/panlex-20191001-csv/2904#111022887>		"tarix"@kiu	
"dùgùkòlòkùnnàkalan"@bm	<https://panlex.org/snapshot/panlex-20191001-csv/2904#111022812>				<https://panlex.org/snapshot/panlex-20191001-csv/2904#111022671>		"coğrafya"@kiu	
"here"@bm	<https://panlex.org/snapshot/panlex-20191001-csv/2902#111012078>				<https://panlex.org/snapshot/panlex-20191001-csv/2902#111012023>		"aşti"@kiu	
"errɛbɛ"@bm	<https://panlex.org/snapshot/panlex-20191001-csv/2902#111012148>				<https://panlex.org/snapshot/panlex-20191001-csv/2902#111012023>		"aşti"@kiu	
"Mediterane Baji"@bm	<https://panlex.org/snapshot/panlex-20191001-csv/2905#110870507>				<https://panlex.org/snapshot/panlex-20191001-csv/2905#110870270>		"Deryaê Miyanên"@kiu	
"Mediterane Baji"@bm	<https://panlex.org/snapshot/panlex-20191001-csv/2905#110870507>				<https://panlex.org/snapshot/panlex-20191001-csv/2905#110870343>		"Deryao Sıpê"@kiu	
"Kɔgɔji Salen"@bm	<https://panlex.org/snapshot/panlex-20191001-csv/2905#110870052>				<https://panlex.org/snapshot/panlex-20191001-csv/2905#110869913>		"Deryaê Luti"@kiu	
"Kɔgɔji Bilen"@bm	<https://panlex.org/snapshot/panlex-20191001-csv/2905#110870967>				<https://panlex.org/snapshot/panlex-20191001-csv/2905#110870946>		"Deryao Sur"@kiu	
"Atlantik Kogoji"@bm	<https://panlex.org/snapshot/panlex-20191001-csv/2901#110867412>				<https://panlex.org/snapshot/panlex-20191001-csv/2901#110867560>		"Okyanuso Atlantik"@kiu	
"Eropaka Jɛkulu"@bm	<https://panlex.org/snapshot/panlex-20191001-csv/2894#111100305>				<https://panlex.org/snapshot/panlex-20191001-csv/2894#111100426>		"Yewina Ewropa"@kiu	
"ntɛnɛn don"@bm	<https://panlex.org/snapshot/panlex-20191001-csv/2892#110824359>				<https://panlex.org/snapshot/panlex-20191001-csv/2892#110824324>		"dışeme"@kiu	
"ntɛnɛn"@bm	<https://panlex.org/snapshot/panlex-20191001-csv/2892#110824019>				<https://panlex.org/snapshot/panlex-20191001-csv/2892#110824324>		"dışeme"@kiu	
"sibiri don"@bm	<https://panlex.org/snapshot/panlex-20191001-csv/2892#110826314>				<https://panlex.org/snapshot/panlex-20191001-csv/2892#110826245>		"şeme"@kiu	
"kari"@bm	<https://panlex.org/snapshot/panlex-20191001-csv/2892#110826756>				<https://panlex.org/snapshot/panlex-20191001-csv/2892#110826678>		"yewşeme"@kiu	
"juma don"@bm	<https://panlex.org/snapshot/panlex-20191001-csv/2892#110825840>				<https://panlex.org/snapshot/panlex-20191001-csv/2892#110825820>		"yene"@kiu	
"tarata don"@bm	<https://panlex.org/snapshot/panlex-20191001-csv/2892#110824762>				<https://panlex.org/snapshot/panlex-20191001-csv/2892#110824611>		"sêşeme"@kiu	
"kari don"@bm	<https://panlex.org/snapshot/panlex-20191001-csv/2892#110826996>				<https://panlex.org/snapshot/panlex-20191001-csv/2892#110826678>		"yewşeme"@kiu	
"sibiri"@bm	<https://panlex.org/snapshot/panlex-20191001-csv/2892#110826301>				<https://panlex.org/snapshot/panlex-20191001-csv/2892#110826245>		"şeme"@kiu	
"tarata"@bm	<https://panlex.org/snapshot/panlex-20191001-csv/2892#110824514>				<https://panlex.org/snapshot/panlex-20191001-csv/2892#110824611>		"sêşeme"@kiu	
"araba don"@bm	<https://panlex.org/snapshot/panlex-20191001-csv/2892#110825009>				<https://panlex.org/snapshot/panlex-20191001-csv/2892#110824850>		"çarşeme"@kiu	
"alamisa don"@bm	<https://panlex.org/snapshot/panlex-20191001-csv/2892#110825538>				<https://panlex.org/snapshot/panlex-20191001-csv/2892#110825416>		"pancşeme"@kiu	
"juma"@bm	<https://panlex.org/snapshot/panlex-20191001-csv/2892#110826050>				<https://panlex.org/snapshot/panlex-20191001-csv/2892#110825820>		"yene"@kiu	
"alamisa"@bm	<https://panlex.org/snapshot/panlex-20191001-csv/2892#110825553>				<https://panlex.org/snapshot/panlex-20191001-csv/2892#110825416>		"pancşeme"@kiu	
"araba"@bm	<https://panlex.org/snapshot/panlex-20191001-csv/2892#110825054>				<https://panlex.org/snapshot/panlex-20191001-csv/2892#110824850>		"çarşeme"@kiu	
"desanburu"@bm	<https://panlex.org/snapshot/panlex-20191001-csv/2897#110831692>				<https://panlex.org/snapshot/panlex-20191001-csv/2897#110831580>		"kanun"@kiu	
"uti"@bm	<https://panlex.org/snapshot/panlex-20191001-csv/2897#110830133>				<https://panlex.org/snapshot/panlex-20191001-csv/2897#110830186>		"tebaxe"@kiu	
"zanwuye"@bm	<https://panlex.org/snapshot/panlex-20191001-csv/2897#110827346>				<https://panlex.org/snapshot/panlex-20191001-csv/2897#110827438>		"çele"@kiu	
"ɔkutɔburu"@bm	<https://panlex.org/snapshot/panlex-20191001-csv/2897#110831052>				<https://panlex.org/snapshot/panlex-20191001-csv/2897#110830853>		"tışrino verên"@kiu	
"zuɛn"@bm	<https://panlex.org/snapshot/panlex-20191001-csv/2897#110829265>				<https://panlex.org/snapshot/panlex-20191001-csv/2897#110829109>		"heziran"@kiu	
"feburuye"@bm	<https://panlex.org/snapshot/panlex-20191001-csv/2897#110827597>				<https://panlex.org/snapshot/panlex-20191001-csv/2897#110827835>		"şıbate"@kiu	
"nowanburu"@bm	<https://panlex.org/snapshot/panlex-20191001-csv/2897#110831403>				<https://panlex.org/snapshot/panlex-20191001-csv/2897#110831197>		"tışrino peyên"@kiu	
"sɛtanburu"@bm	<https://panlex.org/snapshot/panlex-20191001-csv/2897#110830698>				<https://panlex.org/snapshot/panlex-20191001-csv/2897#110830556>		"keşkelun"@kiu	
"marisi"@bm	<https://panlex.org/snapshot/panlex-20191001-csv/2897#110828090>				<https://panlex.org/snapshot/panlex-20191001-csv/2897#110827870>		"adar"@kiu	
"mɛ"@bm	<https://panlex.org/snapshot/panlex-20191001-csv/2897#110828917>				<https://panlex.org/snapshot/panlex-20191001-csv/2897#110829014>		"gulane"@kiu	
"awirili"@bm	<https://panlex.org/snapshot/panlex-20191001-csv/2897#110828414>				<https://panlex.org/snapshot/panlex-20191001-csv/2897#110828393>		"nisane"@kiu	
"zanwiye"@bm	<https://panlex.org/snapshot/panlex-20191001-csv/2897#110827181>				<https://panlex.org/snapshot/panlex-20191001-csv/2897#110827438>		"çele"@kiu	
"zuluye"@bm	<https://panlex.org/snapshot/panlex-20191001-csv/2897#110829845>				<https://panlex.org/snapshot/panlex-20191001-csv/2897#110829487>		"temmuz"@kiu	
"Ameriki"@bm	<https://panlex.org/snapshot/panlex-20191001-csv/2891#110853441>				<https://panlex.org/snapshot/panlex-20191001-csv/2891#110853428>		"Amerika"@kiu	
"Erɔpi"@bm	<https://panlex.org/snapshot/panlex-20191001-csv/2891#110854142>				<https://panlex.org/snapshot/panlex-20191001-csv/2891#110854087>		"Ewropa"@kiu	
"Antarakitiki"@bm	<https://panlex.org/snapshot/panlex-20191001-csv/2891#110853725>				<https://panlex.org/snapshot/panlex-20191001-csv/2891#110853560>		"Antarktika"@kiu	
"Ɔseyani"@bm	<https://panlex.org/snapshot/panlex-20191001-csv/2891#110854339>				<https://panlex.org/snapshot/panlex-20191001-csv/2891#110854366>		"Okyanusya"@kiu	
"Azi"@bm	<https://panlex.org/snapshot/panlex-20191001-csv/2891#110853804>				<https://panlex.org/snapshot/panlex-20191001-csv/2891#110853903>		"Asya"@kiu	
"Afiriki"@bm	<https://panlex.org/snapshot/panlex-20191001-csv/2891#110853102>				<https://panlex.org/snapshot/panlex-20191001-csv/2891#110853056>		"Afrika"@kiu	
