"emirembe"@lg	<https://panlex.org/snapshot/panlex-20191001-csv/2902#111012106>				<https://panlex.org/snapshot/panlex-20191001-csv/2902#111011979>		"талынхид"@bxr	
"Kiyira"@lg	<https://panlex.org/snapshot/panlex-20191001-csv/2903#110872899>				<https://panlex.org/snapshot/panlex-20191001-csv/2903#110872918>		"Нил"@bxr	
"Ennyanja ya Emyufu"@lg	<https://panlex.org/snapshot/panlex-20191001-csv/2905#110871087>				<https://panlex.org/snapshot/panlex-20191001-csv/2905#110871121>		"Улаан тэнгис"@bxr	
"Ennyanja eya Wakati"@lg	<https://panlex.org/snapshot/panlex-20191001-csv/2905#110870487>				<https://panlex.org/snapshot/panlex-20191001-csv/2905#110870469>		"Газарай дундада тэнгис"@bxr	
"Ennyanja ya Buwarabu"@lg	<https://panlex.org/snapshot/panlex-20191001-csv/2905#110868450>				<https://panlex.org/snapshot/panlex-20191001-csv/2905#110868540>		"Аравиин тэнгис"@bxr	
"ekibuga"@lg	<https://panlex.org/snapshot/panlex-20191001-csv/3776#91585530>				<https://panlex.org/snapshot/panlex-20191001-csv/3776#91585456>		"хото"@bxr	
"Bulaya"@lg	<https://panlex.org/snapshot/panlex-20191001-csv/2891#110854215>				<https://panlex.org/snapshot/panlex-20191001-csv/2891#110854102>		"Европо"@bxr	
