"Bizinga by’e Kepu Veredi"@lg	<https://panlex.org/snapshot/panlex-20191001-csv/6898#113629232>				<https://panlex.org/snapshot/panlex-20191001-csv/6898#113629394>		"Kapp Verde"@nb	
"Namibiya"@lg	<https://panlex.org/snapshot/panlex-20191001-csv/6898#113606806>				<https://panlex.org/snapshot/panlex-20191001-csv/6898#113606780>		"Namibia"@nb	
"Kanada"@lg	<https://panlex.org/snapshot/panlex-20191001-csv/6898#113595864>				<https://panlex.org/snapshot/panlex-20191001-csv/6898#113595910>		"Canada"@nb	
"Senti Piyere ne Mikeloni"@lg	<https://panlex.org/snapshot/panlex-20191001-csv/6898#113588881>				<https://panlex.org/snapshot/panlex-20191001-csv/6898#113588963>		"St. Pierre og Miquelon"@nb	
"Palesitayini"@lg	<https://panlex.org/snapshot/panlex-20191001-csv/6898#113586263>				<https://panlex.org/snapshot/panlex-20191001-csv/6898#113586376>		"Palestina"@nb	
"Palesitayini"@lg	<https://panlex.org/snapshot/panlex-20191001-csv/6898#113586263>				<https://panlex.org/snapshot/panlex-20191001-csv/6898#113586413>		"Det palestinske området"@nb	
"Buyindi"@lg	<https://panlex.org/snapshot/panlex-20191001-csv/6898#113616858>				<https://panlex.org/snapshot/panlex-20191001-csv/6898#113617003>		"India"@nb	
"Tayiwani"@lg	<https://panlex.org/snapshot/panlex-20191001-csv/6898#113605065>				<https://panlex.org/snapshot/panlex-20191001-csv/6898#113605165>		"Taiwan"@nb	
"Tonga"@lg	<https://panlex.org/snapshot/panlex-20191001-csv/6898#113610667>				<https://panlex.org/snapshot/panlex-20191001-csv/6898#113610806>		"Tonga"@nb	
"Bugereeki/Buyonaani"@lg	<https://panlex.org/snapshot/panlex-20191001-csv/6898#113630356>				<https://panlex.org/snapshot/panlex-20191001-csv/6898#113630294>		"Hellas"@nb	
"Vyetinaamu"@lg	<https://panlex.org/snapshot/panlex-20191001-csv/6898#113623594>				<https://panlex.org/snapshot/panlex-20191001-csv/6898#113623659>		"Vietnam"@nb	
"Maritiniiki"@lg	<https://panlex.org/snapshot/panlex-20191001-csv/6898#113586161>				<https://panlex.org/snapshot/panlex-20191001-csv/6898#113586159>		"Martinique"@nb	
"Pakisitaani"@lg	<https://panlex.org/snapshot/panlex-20191001-csv/6898#113607004>				<https://panlex.org/snapshot/panlex-20191001-csv/6898#113606866>		"Pakistan"@nb	
"Emireeti"@lg	<https://panlex.org/snapshot/panlex-20191001-csv/6898#113608625>				<https://panlex.org/snapshot/panlex-20191001-csv/6898#113608724>		"De forente arabiske emirater"@nb	
"Alibaniya"@lg	<https://panlex.org/snapshot/panlex-20191001-csv/6898#113637725>				<https://panlex.org/snapshot/panlex-20191001-csv/6898#113637765>		"Albania"@nb	
"Guyana enfalansa"@lg	<https://panlex.org/snapshot/panlex-20191001-csv/6898#113644503>				<https://panlex.org/snapshot/panlex-20191001-csv/6898#113644560>		"Fransk Guyana"@nb	
"Gwadalupe"@lg	<https://panlex.org/snapshot/panlex-20191001-csv/6898#113614668>				<https://panlex.org/snapshot/panlex-20191001-csv/6898#113614747>		"Guadeloupe"@nb	
"Jamayika"@lg	<https://panlex.org/snapshot/panlex-20191001-csv/6898#113593311>				<https://panlex.org/snapshot/panlex-20191001-csv/6898#113593384>		"Jamaica"@nb	
"Takimenesitaani"@lg	<https://panlex.org/snapshot/panlex-20191001-csv/6898#113607854>				<https://panlex.org/snapshot/panlex-20191001-csv/6898#113607856>		"Turkmenistan"@nb	
"Yindonezya"@lg	<https://panlex.org/snapshot/panlex-20191001-csv/6898#113633440>				<https://panlex.org/snapshot/panlex-20191001-csv/6898#113633431>		"Indonesia"@nb	
"Lesoso"@lg	<https://panlex.org/snapshot/panlex-20191001-csv/6898#113594748>				<https://panlex.org/snapshot/panlex-20191001-csv/6898#113594806>		"Lesotho"@nb	
"Malita"@lg	<https://panlex.org/snapshot/panlex-20191001-csv/6898#113645045>				<https://panlex.org/snapshot/panlex-20191001-csv/6898#113645059>		"Malta"@nb	
"Kizinga ky’eNorofoko"@lg	<https://panlex.org/snapshot/panlex-20191001-csv/6898#113642373>				<https://panlex.org/snapshot/panlex-20191001-csv/6898#113642458>		"Norfolkøya"@nb	
"Monteseraati"@lg	<https://panlex.org/snapshot/panlex-20191001-csv/6898#113618472>				<https://panlex.org/snapshot/panlex-20191001-csv/6898#113618359>		"Montserrat"@nb	
"Walisi ne Futuna"@lg	<https://panlex.org/snapshot/panlex-20191001-csv/6898#113638591>				<https://panlex.org/snapshot/panlex-20191001-csv/6898#113638554>		"Wallis og Futuna"@nb	
"Madagasika"@lg	<https://panlex.org/snapshot/panlex-20191001-csv/6898#113589995>				<https://panlex.org/snapshot/panlex-20191001-csv/6898#113590038>		"Madagaskar"@nb	
"Denimaaka"@lg	<https://panlex.org/snapshot/panlex-20191001-csv/6898#113629569>				<https://panlex.org/snapshot/panlex-20191001-csv/6898#113629469>		"Danmark"@nb	
"Kirigizisitaani"@lg	<https://panlex.org/snapshot/panlex-20191001-csv/6898#113627239>				<https://panlex.org/snapshot/panlex-20191001-csv/6898#113627384>		"Kirgisistan"@nb	
"Pitikeeni"@lg	<https://panlex.org/snapshot/panlex-20191001-csv/6898#113602798>				<https://panlex.org/snapshot/panlex-20191001-csv/6898#113602941>		"Pitcairn"@nb	
"Belarusi"@lg	<https://panlex.org/snapshot/panlex-20191001-csv/6898#113592129>				<https://panlex.org/snapshot/panlex-20191001-csv/6898#113592158>		"Hviterussland"@nb	
"Holandi"@lg	<https://panlex.org/snapshot/panlex-20191001-csv/6898#113635856>				<https://panlex.org/snapshot/panlex-20191001-csv/6898#113635889>		"Nederland"@nb	
"Tayirandi"@lg	<https://panlex.org/snapshot/panlex-20191001-csv/6898#113603619>				<https://panlex.org/snapshot/panlex-20191001-csv/6898#113603617>		"Thailand"@nb	
"Lipubulika ya Ceeka"@lg	<https://panlex.org/snapshot/panlex-20191001-csv/6898#113619616>				<https://panlex.org/snapshot/panlex-20191001-csv/6898#113619592>		"Den tsjekkiske republikk"@nb	
"Lipubulika ya Ceeka"@lg	<https://panlex.org/snapshot/panlex-20191001-csv/6898#113619616>				<https://panlex.org/snapshot/panlex-20191001-csv/6898#113619430>		"Tsjekkia"@nb	
"Arigentina"@lg	<https://panlex.org/snapshot/panlex-20191001-csv/6898#113642102>				<https://panlex.org/snapshot/panlex-20191001-csv/6898#113642136>		"Argentina"@nb	
"Surinaamu"@lg	<https://panlex.org/snapshot/panlex-20191001-csv/6898#113640681>				<https://panlex.org/snapshot/panlex-20191001-csv/6898#113640731>		"Surinam"@nb	
"Polandi"@lg	<https://panlex.org/snapshot/panlex-20191001-csv/6898#113642685>				<https://panlex.org/snapshot/panlex-20191001-csv/6898#113642708>		"Polen"@nb	
"El salivado"@lg	<https://panlex.org/snapshot/panlex-20191001-csv/6898#113600631>				<https://panlex.org/snapshot/panlex-20191001-csv/6898#113600724>		"El Salvador"@nb	
"Niyuziirandi"@lg	<https://panlex.org/snapshot/panlex-20191001-csv/6898#113587211>				<https://panlex.org/snapshot/panlex-20191001-csv/6898#113587112>		"New Zealand"@nb	
"Senti Kitisi ne Nevisi"@lg	<https://panlex.org/snapshot/panlex-20191001-csv/6898#113634367>				<https://panlex.org/snapshot/panlex-20191001-csv/6898#113634430>		"Saint Kitts og Nevis"@nb	
"Cayina"@lg	<https://panlex.org/snapshot/panlex-20191001-csv/6898#113614096>				<https://panlex.org/snapshot/panlex-20191001-csv/6898#113614070>		"Kina"@nb	
"Esyopya"@lg	<https://panlex.org/snapshot/panlex-20191001-csv/6898#113615635>				<https://panlex.org/snapshot/panlex-20191001-csv/6898#113615744>		"Etiopia"@nb	
"Cile"@lg	<https://panlex.org/snapshot/panlex-20191001-csv/6898#113624779>				<https://panlex.org/snapshot/panlex-20191001-csv/6898#113624795>		"Chile"@nb	
"Yemeni"@lg	<https://panlex.org/snapshot/panlex-20191001-csv/6898#113593552>				<https://panlex.org/snapshot/panlex-20191001-csv/6898#113593550>		"Jemen"@nb	
"Singapowa"@lg	<https://panlex.org/snapshot/panlex-20191001-csv/6898#113604965>				<https://panlex.org/snapshot/panlex-20191001-csv/6898#113604943>		"Singapore"@nb	
"Sirovakya"@lg	<https://panlex.org/snapshot/panlex-20191001-csv/6898#113614426>				<https://panlex.org/snapshot/panlex-20191001-csv/6898#113614490>		"Slovakia"@nb	
"Omaani"@lg	<https://panlex.org/snapshot/panlex-20191001-csv/6898#113622581>				<https://panlex.org/snapshot/panlex-20191001-csv/6898#113622519>		"Oman"@nb	
"Lasa"@lg	<https://panlex.org/snapshot/panlex-20191001-csv/6898#113645963>				<https://panlex.org/snapshot/panlex-20191001-csv/6898#113645831>		"Russland"@nb	
"Samowa"@lg	<https://panlex.org/snapshot/panlex-20191001-csv/6898#113637534>				<https://panlex.org/snapshot/panlex-20191001-csv/6898#113637550>		"Samoa"@nb	
"Liberya"@lg	<https://panlex.org/snapshot/panlex-20191001-csv/6898#113605540>				<https://panlex.org/snapshot/panlex-20191001-csv/6898#113605620>		"Liberia"@nb	
"Lisuwenya"@lg	<https://panlex.org/snapshot/panlex-20191001-csv/6898#113631928>				<https://panlex.org/snapshot/panlex-20191001-csv/6898#113632095>		"Litauen"@nb	
"Aligerya"@lg	<https://panlex.org/snapshot/panlex-20191001-csv/6898#113608148>				<https://panlex.org/snapshot/panlex-20191001-csv/6898#113608270>		"Algerie"@nb	
"Gini-Bisawu"@lg	<https://panlex.org/snapshot/panlex-20191001-csv/6898#113616518>				<https://panlex.org/snapshot/panlex-20191001-csv/6898#113616648>		"Guinea-Bissau"@nb	
"Bizinga by’eTaaka ne Kayikosi"@lg	<https://panlex.org/snapshot/panlex-20191001-csv/6898#113588595>				<https://panlex.org/snapshot/panlex-20191001-csv/6898#113588712>		"Turks- og Caicosøyene"@nb	
"Myanima"@lg	<https://panlex.org/snapshot/panlex-20191001-csv/6898#113594326>				<https://panlex.org/snapshot/panlex-20191001-csv/6898#113594398>		"Myanmar (Burma)"@nb	
"Potugaali"@lg	<https://panlex.org/snapshot/panlex-20191001-csv/6898#113628713>				<https://panlex.org/snapshot/panlex-20191001-csv/6898#113628695>		"Portugal"@nb	
"Fiji"@lg	<https://panlex.org/snapshot/panlex-20191001-csv/6898#113629917>				<https://panlex.org/snapshot/panlex-20191001-csv/6898#113629902>		"Fiji"@nb	
"Paragwayi"@lg	<https://panlex.org/snapshot/panlex-20191001-csv/6898#113623843>				<https://panlex.org/snapshot/panlex-20191001-csv/6898#113623799>		"Paraguay"@nb	
"Budaaki"@lg	<https://panlex.org/snapshot/panlex-20191001-csv/5950#85858379>				<https://panlex.org/snapshot/panlex-20191001-csv/5950#85858394>		"Tyskland"@nb	
"Budaaki"@lg	<https://panlex.org/snapshot/panlex-20191001-csv/5939#80782743>				<https://panlex.org/snapshot/panlex-20191001-csv/5939#80782757>		"Tyskland"@nb	
"Baibuli"@lg	<https://panlex.org/snapshot/panlex-20191001-csv/5949#85302733>				<https://panlex.org/snapshot/panlex-20191001-csv/5949#85302750>		"Bibelen"@nb	
"Finilandi"@lg	<https://panlex.org/snapshot/panlex-20191001-csv/5949#85323213>				<https://panlex.org/snapshot/panlex-20191001-csv/5949#85323227>		"Finland"@nb	
"Bulaaya"@lg	<https://panlex.org/snapshot/panlex-20191001-csv/5949#85308587>				<https://panlex.org/snapshot/panlex-20191001-csv/5949#85308604>		"Europa"@nb	
"Berlin"@lg	<https://panlex.org/snapshot/panlex-20191001-csv/5949#85302480>				<https://panlex.org/snapshot/panlex-20191001-csv/5949#85302497>		"Berlin"@nb	
"Budaaki"@lg	<https://panlex.org/snapshot/panlex-20191001-csv/9#474816>				<https://panlex.org/snapshot/panlex-20191001-csv/9#474828>		"Tyskland"@nb	
"emirembe"@lg	<https://panlex.org/snapshot/panlex-20191001-csv/2902#111012106>				<https://panlex.org/snapshot/panlex-20191001-csv/2902#111012151>		"fred"@nb	
"Kiyira"@lg	<https://panlex.org/snapshot/panlex-20191001-csv/2903#110872899>				<https://panlex.org/snapshot/panlex-20191001-csv/2903#110872872>		"Nilen"@nb	
"Ennyanja ya Emyufu"@lg	<https://panlex.org/snapshot/panlex-20191001-csv/2905#110871087>				<https://panlex.org/snapshot/panlex-20191001-csv/2905#110870934>		"Rødehavet"@nb	
"Ennyanja eya Wakati"@lg	<https://panlex.org/snapshot/panlex-20191001-csv/2905#110870487>				<https://panlex.org/snapshot/panlex-20191001-csv/2905#110870466>		"Middelhavet"@nb	
"Ennyanja ya Buwarabu"@lg	<https://panlex.org/snapshot/panlex-20191001-csv/2905#110868450>				<https://panlex.org/snapshot/panlex-20191001-csv/2905#110868564>		"Arabiahavet"@nb	
"mubazzi"@lg	<https://panlex.org/snapshot/panlex-20191001-csv/8#385826>				<https://panlex.org/snapshot/panlex-20191001-csv/8#385832>		"tømmermann"@nb	
"mubazzi"@lg	<https://panlex.org/snapshot/panlex-20191001-csv/8#385826>				<https://panlex.org/snapshot/panlex-20191001-csv/8#385831>		"snekker"@nb	
"omusenyu"@lg	<https://panlex.org/snapshot/panlex-20191001-csv/10#601168>				<https://panlex.org/snapshot/panlex-20191001-csv/10#601171>		"sand"@nb	
"linnyo"@lg	<https://panlex.org/snapshot/panlex-20191001-csv/10#601268>				<https://panlex.org/snapshot/panlex-20191001-csv/10#601271>		"tann"@nb	
"lutono"@lg	<https://panlex.org/snapshot/panlex-20191001-csv/15#955509>				<https://panlex.org/snapshot/panlex-20191001-csv/15#955516>		"liten"@nb	
"Bulaya"@lg	<https://panlex.org/snapshot/panlex-20191001-csv/2891#110854215>				<https://panlex.org/snapshot/panlex-20191001-csv/2891#110854181>		"Europa"@nb	
