"ريجا"@arz	<https://panlex.org/snapshot/panlex-20191001-csv/5949#85319178>				<https://panlex.org/snapshot/panlex-20191001-csv/5949#85319190>		"Riga"@csb	
"سينجابوره"@arz	<https://panlex.org/snapshot/panlex-20191001-csv/5949#85320466>				<https://panlex.org/snapshot/panlex-20191001-csv/5949#85320485>		"Singapùr"@csb	
"البرتغال"@arz	<https://panlex.org/snapshot/panlex-20191001-csv/5949#85318769>				<https://panlex.org/snapshot/panlex-20191001-csv/5949#85318782>		"Pòrtugalskô"@csb	
"لاتفيا"@arz	<https://panlex.org/snapshot/panlex-20191001-csv/5949#85314232>				<https://panlex.org/snapshot/panlex-20191001-csv/5949#85314255>		"Łotewskô"@csb	
"روسيا"@arz	<https://panlex.org/snapshot/panlex-20191001-csv/5949#85319391>				<https://panlex.org/snapshot/panlex-20191001-csv/5949#85319429>		"Ruskô"@csb	
"الأرض"@arz	<https://panlex.org/snapshot/panlex-20191001-csv/5949#85309502>				<https://panlex.org/snapshot/panlex-20191001-csv/5949#85309521>		"Zemia"@csb	
"الكتاب المقدس"@arz	<https://panlex.org/snapshot/panlex-20191001-csv/5949#85302632>				<https://panlex.org/snapshot/panlex-20191001-csv/5949#85302658>		"Biblëjô"@csb	
"القدس"@arz	<https://panlex.org/snapshot/panlex-20191001-csv/5949#85309880>				<https://panlex.org/snapshot/panlex-20191001-csv/5949#85309904>		"Jerozolëma"@csb	
"بيرلين"@arz	<https://panlex.org/snapshot/panlex-20191001-csv/5949#85302382>				<https://panlex.org/snapshot/panlex-20191001-csv/5949#85302406>		"Berlëno"@csb	
"نار"@arz	<https://panlex.org/snapshot/panlex-20191001-csv/3776#91600209>				<https://panlex.org/snapshot/panlex-20191001-csv/3776#91600231>		"òdżiń"@csb	
"خمسة"@arz	<https://panlex.org/snapshot/panlex-20191001-csv/3776#91650938>				<https://panlex.org/snapshot/panlex-20191001-csv/3776#91650969>		"piãc"@csb	
"اسبوع"@arz	<https://panlex.org/snapshot/panlex-20191001-csv/3776#91680798>				<https://panlex.org/snapshot/panlex-20191001-csv/3776#91680812>		"tidzéń"@csb	
"الإتنين"@arz	<https://panlex.org/snapshot/panlex-20191001-csv/3776#91702265>				<https://panlex.org/snapshot/panlex-20191001-csv/3776#91702287>		"pòniedzôłk"@csb	
"شجرة"@arz	<https://panlex.org/snapshot/panlex-20191001-csv/3776#91637616>				<https://panlex.org/snapshot/panlex-20191001-csv/3776#91637648>		"drzéwò"@csb	
