"qenakenuva"@kij	<https://panlex.org/snapshot/panlex-20191001-csv/5943#83323748>				<https://panlex.org/snapshot/panlex-20191001-csv/5943#83323771>		"one"@mi	
"sopi-momon"@kij	<https://panlex.org/snapshot/panlex-20191001-csv/12#850986>				<https://panlex.org/snapshot/panlex-20191001-csv/12#851060>		"wai"@mi	
"sopi-momon"@kij	<https://panlex.org/snapshot/panlex-20191001-csv/12#850986>				<https://panlex.org/snapshot/panlex-20191001-csv/12#851061>		"hane"@mi	
"qenakenuva"@kij	<https://panlex.org/snapshot/panlex-20191001-csv/15#967014>				<https://panlex.org/snapshot/panlex-20191001-csv/15#967035>		"one"@mi	
"ilara"@kij	<https://panlex.org/snapshot/panlex-20191001-csv/114#8061036>				<https://panlex.org/snapshot/panlex-20191001-csv/114#8061129>		"pakihiwi"@mi	
"yami|la"@kij	<https://panlex.org/snapshot/panlex-20191001-csv/114#8051811>				<https://panlex.org/snapshot/panlex-20191001-csv/114#8051927>		"ringa(ringa)"@mi	
"keyona"@kij	<https://panlex.org/snapshot/panlex-20191001-csv/114#8064129>				<https://panlex.org/snapshot/panlex-20191001-csv/114#8064231>		"ua"@mi	
"nukwali"@kij	<https://panlex.org/snapshot/panlex-20191001-csv/114#8061547>				<https://panlex.org/snapshot/panlex-20191001-csv/114#8061656>		"moohio"@mi	
"keki|la"@kij	<https://panlex.org/snapshot/panlex-20191001-csv/114#8053300>				<https://panlex.org/snapshot/panlex-20191001-csv/114#8053413>		"waewae"@mi	
"totuwana"@kij	<https://panlex.org/snapshot/panlex-20191001-csv/114#8058997>				<https://panlex.org/snapshot/panlex-20191001-csv/114#8059100>		"iwi"@mi	
"lola"@kij	<https://panlex.org/snapshot/panlex-20191001-csv/114#8053885>				<https://panlex.org/snapshot/panlex-20191001-csv/114#8053998>		"haere-a-waewae"@mi	
"wadona"@kij	<https://panlex.org/snapshot/panlex-20191001-csv/114#8066686>				<https://panlex.org/snapshot/panlex-20191001-csv/114#8066795>		"waha"@mi	
"wadona"@kij	<https://panlex.org/snapshot/panlex-20191001-csv/114#8066686>				<https://panlex.org/snapshot/panlex-20191001-csv/114#8066796>		"he gaõwai"@mi	
"kabulu"@kij	<https://panlex.org/snapshot/panlex-20191001-csv/114#8065216>				<https://panlex.org/snapshot/panlex-20191001-csv/114#8065326>		"ihu"@mi	
"kabulu"@kij	<https://panlex.org/snapshot/panlex-20191001-csv/114#8065216>				<https://panlex.org/snapshot/panlex-20191001-csv/114#8065327>		"he eih"@mi	
