"ilara"@kij	<https://panlex.org/snapshot/panlex-20191001-csv/114#8061036>				<https://panlex.org/snapshot/panlex-20191001-csv/114#8061001>		"phia 11"@huq	
"yami|la"@kij	<https://panlex.org/snapshot/panlex-20191001-csv/114#8051811>				<https://panlex.org/snapshot/panlex-20191001-csv/114#8051765>		"ŋa:n 33"@huq	
"keyona"@kij	<https://panlex.org/snapshot/panlex-20191001-csv/114#8064129>				<https://panlex.org/snapshot/panlex-20191001-csv/114#8064086>		"kuay 33"@huq	
"nukwali"@kij	<https://panlex.org/snapshot/panlex-20191001-csv/114#8061547>				<https://panlex.org/snapshot/panlex-20191001-csv/114#8061495>		"tiawʔ 32"@huq	
"keki|la"@kij	<https://panlex.org/snapshot/panlex-20191001-csv/114#8053300>				<https://panlex.org/snapshot/panlex-20191001-csv/114#8053251>		"ka:i 33"@huq	
"totuwana"@kij	<https://panlex.org/snapshot/panlex-20191001-csv/114#8058997>				<https://panlex.org/snapshot/panlex-20191001-csv/114#8058956>		"la:ŋ 33"@huq	
"lola"@kij	<https://panlex.org/snapshot/panlex-20191001-csv/114#8053885>				<https://panlex.org/snapshot/panlex-20191001-csv/114#8053833>		"phaʔ 43"@huq	
"lola"@kij	<https://panlex.org/snapshot/panlex-20191001-csv/114#8053885>				<https://panlex.org/snapshot/panlex-20191001-csv/114#8053832>		"na:uʔ 32"@huq	
"wadona"@kij	<https://panlex.org/snapshot/panlex-20191001-csv/114#8066686>				<https://panlex.org/snapshot/panlex-20191001-csv/114#8066643>		"pha 55"@huq	
"kabulu"@kij	<https://panlex.org/snapshot/panlex-20191001-csv/114#8065216>				<https://panlex.org/snapshot/panlex-20191001-csv/114#8065172>		"hu 11 thuŋ 11"@huq	
