"sopi-momon"@kij	<https://panlex.org/snapshot/panlex-20191001-csv/12#850986>				<https://panlex.org/snapshot/panlex-20191001-csv/12#851220>		"oe"@twu	
"ilara"@kij	<https://panlex.org/snapshot/panlex-20191001-csv/114#8061036>				<https://panlex.org/snapshot/panlex-20191001-csv/114#8061301>		"alu[k]"@twu	
"yami|la"@kij	<https://panlex.org/snapshot/panlex-20191001-csv/114#8051811>				<https://panlex.org/snapshot/panlex-20191001-csv/114#8052136>		"lima"@twu	
"keyona"@kij	<https://panlex.org/snapshot/panlex-20191001-csv/114#8064129>				<https://panlex.org/snapshot/panlex-20191001-csv/114#8064426>		"lesu[k]"@twu	
"nukwali"@kij	<https://panlex.org/snapshot/panlex-20191001-csv/114#8061547>				<https://panlex.org/snapshot/panlex-20191001-csv/114#8061861>		"buluk"@twu	
"nukwali"@kij	<https://panlex.org/snapshot/panlex-20191001-csv/114#8061547>				<https://panlex.org/snapshot/panlex-20191001-csv/114#8061862>		"lelak"@twu	
"keki|la"@kij	<https://panlex.org/snapshot/panlex-20191001-csv/114#8053300>				<https://panlex.org/snapshot/panlex-20191001-csv/114#8053626>		"ei[k]"@twu	
"totuwana"@kij	<https://panlex.org/snapshot/panlex-20191001-csv/114#8058997>				<https://panlex.org/snapshot/panlex-20191001-csv/114#8059285>		"dui[k]"@twu	
"lola"@kij	<https://panlex.org/snapshot/panlex-20191001-csv/114#8053885>				<https://panlex.org/snapshot/panlex-20191001-csv/114#8054212>		"laʔo"@twu	
"wadona"@kij	<https://panlex.org/snapshot/panlex-20191001-csv/114#8066686>				<https://panlex.org/snapshot/panlex-20191001-csv/114#8067000>		"bafa[k]"@twu	
"kabulu"@kij	<https://panlex.org/snapshot/panlex-20191001-csv/114#8065216>				<https://panlex.org/snapshot/panlex-20191001-csv/114#8065526>		"pana"@twu	
