"ilara"@kij	<https://panlex.org/snapshot/panlex-20191001-csv/114#8061036>				<https://panlex.org/snapshot/panlex-20191001-csv/114#8060985>		"qap̄a"@gad	
"yami|la"@kij	<https://panlex.org/snapshot/panlex-20191001-csv/114#8051811>				<https://panlex.org/snapshot/panlex-20191001-csv/114#8051745>		"langalay"@gad	
"keyona"@kij	<https://panlex.org/snapshot/panlex-20191001-csv/114#8064129>				<https://panlex.org/snapshot/panlex-20191001-csv/114#8064066>		"buqlaw"@gad	
"nukwali"@kij	<https://panlex.org/snapshot/panlex-20191001-csv/114#8061547>				<https://panlex.org/snapshot/panlex-20191001-csv/114#8061474>		"qammo"@gad	
"keki|la"@kij	<https://panlex.org/snapshot/panlex-20191001-csv/114#8053300>				<https://panlex.org/snapshot/panlex-20191001-csv/114#8053231>		"taki"@gad	
"totuwana"@kij	<https://panlex.org/snapshot/panlex-20191001-csv/114#8058997>				<https://panlex.org/snapshot/panlex-20191001-csv/114#8058937>		"tulang"@gad	
"lola"@kij	<https://panlex.org/snapshot/panlex-20191001-csv/114#8053885>				<https://panlex.org/snapshot/panlex-20191001-csv/114#8053807>		"mɨllakad"@gad	
"wadona"@kij	<https://panlex.org/snapshot/panlex-20191001-csv/114#8066686>				<https://panlex.org/snapshot/panlex-20191001-csv/114#8066623>		"wangit"@gad	
"kabulu"@kij	<https://panlex.org/snapshot/panlex-20191001-csv/114#8065216>				<https://panlex.org/snapshot/panlex-20191001-csv/114#8065153>		"qiyong"@gad	
