"pwaw-"@stn	<https://panlex.org/snapshot/panlex-20191001-csv/114#8063825>				<https://panlex.org/snapshot/panlex-20191001-csv/114#8063484>		"əkoʔ"@cje	
"mea-"@stn	<https://panlex.org/snapshot/panlex-20191001-csv/114#8068009>				<https://panlex.org/snapshot/panlex-20191001-csv/114#8067682>		"Dlax"@cje	
"ɤawo-"@stn	<https://panlex.org/snapshot/panlex-20191001-csv/114#8057655>				<https://panlex.org/snapshot/panlex-20191001-csv/114#8057323>		"kliʔ"@cje	
"aŋae-"@stn	<https://panlex.org/snapshot/panlex-20191001-csv/114#8059702>				<https://panlex.org/snapshot/panlex-20191001-csv/114#8059403>		"pruaiʔ"@cje	
"rio-"@stn	<https://panlex.org/snapshot/panlex-20191001-csv/114#8064360>				<https://panlex.org/snapshot/panlex-20191001-csv/114#8064028>		"təkuai"@cje	
"mamana"@stn	<https://panlex.org/snapshot/panlex-20191001-csv/114#8068538>				<https://panlex.org/snapshot/panlex-20191001-csv/114#8068208>		"klau"@cje	
"susu-"@stn	<https://panlex.org/snapshot/panlex-20191001-csv/114#8060748>				<https://panlex.org/snapshot/panlex-20191001-csv/114#8060385>		"xa:r təDa:"@cje	
"susu-"@stn	<https://panlex.org/snapshot/panlex-20191001-csv/114#8060748>				<https://panlex.org/snapshot/panlex-20191001-csv/114#8060383>		"mum"@cje	
"susu-"@stn	<https://panlex.org/snapshot/panlex-20191001-csv/114#8060748>				<https://panlex.org/snapshot/panlex-20191001-csv/114#8060384>		"təsɤu"@cje	
"rao mai"@stn	<https://panlex.org/snapshot/panlex-20191001-csv/114#8055159>				<https://panlex.org/snapshot/panlex-20191001-csv/114#8054831>		"trux"@cje	
"fara-"@stn	<https://panlex.org/snapshot/panlex-20191001-csv/114#8066939>				<https://panlex.org/snapshot/panlex-20191001-csv/114#8066586>		"ka:ng"@cje	
"tara"@stn	<https://panlex.org/snapshot/panlex-20191001-csv/114#8054654>				<https://panlex.org/snapshot/panlex-20191001-csv/114#8054341>		"jəla:n"@cje	
"arasi"@stn	<https://panlex.org/snapshot/panlex-20191001-csv/114#8056168>				<https://panlex.org/snapshot/panlex-20191001-csv/114#8055832>		"lua:i"@cje	
"rafu"@stn	<https://panlex.org/snapshot/panlex-20191001-csv/114#8057151>				<https://panlex.org/snapshot/panlex-20191001-csv/114#8056855>		"thul"@cje	
