"aŋapŋapa"@txn	<https://panlex.org/snapshot/panlex-20191001-csv/114#8052613>				<https://panlex.org/snapshot/panlex-20191001-csv/114#8052541>		"aulina"@snc	
"tubir"@txn	<https://panlex.org/snapshot/panlex-20191001-csv/114#8058777>				<https://panlex.org/snapshot/panlex-20191001-csv/114#8058692>		"núana"@snc	
"mel"@txn	<https://panlex.org/snapshot/panlex-20191001-csv/114#8068595>				<https://panlex.org/snapshot/panlex-20191001-csv/114#8068524>		"emamaini"@snc	
"ota"@txn	<https://panlex.org/snapshot/panlex-20191001-csv/114#8060242>				<https://panlex.org/snapshot/panlex-20191001-csv/114#8060170>		"ǥaena"@snc	
"tubir letlesar"@txn	<https://panlex.org/snapshot/panlex-20191001-csv/114#8059755>				<https://panlex.org/snapshot/panlex-20191001-csv/114#8059691>		"inaǥēna"@snc	
"lema-"@txn	<https://panlex.org/snapshot/panlex-20191001-csv/114#8052137>				<https://panlex.org/snapshot/panlex-20191001-csv/114#8052052>		"lʼmana"@snc	
"lema-"@txn	<https://panlex.org/snapshot/panlex-20191001-csv/114#8052137>				<https://panlex.org/snapshot/panlex-20191001-csv/114#8052051>		"ia imana"@snc	
"muŋir"@txn	<https://panlex.org/snapshot/panlex-20191001-csv/114#8056743>				<https://panlex.org/snapshot/panlex-20191001-csv/114#8056663>		"milo"@snc	
"maʔ"@txn	<https://panlex.org/snapshot/panlex-20191001-csv/114#8055215>				<https://panlex.org/snapshot/panlex-20191001-csv/114#8055143>		"edeamaini"@snc	
