"era"@mgm	<https://panlex.org/snapshot/panlex-20191001-csv/12#851042>				<https://panlex.org/snapshot/panlex-20191001-csv/12#850973>		"banyu"@jv	
"era"@mgm	<https://panlex.org/snapshot/panlex-20191001-csv/12#851042>				<https://panlex.org/snapshot/panlex-20191001-csv/12#850975>		"wway"@jv	
"era"@mgm	<https://panlex.org/snapshot/panlex-20191001-csv/12#851042>				<https://panlex.org/snapshot/panlex-20191001-csv/12#850974>		"bañu"@jv	
"era"@mgm	<https://panlex.org/snapshot/panlex-20191001-csv/12#851042>				<https://panlex.org/snapshot/panlex-20191001-csv/12#850976>		"wwe"@jv	
"bai-n"@mgm	<https://panlex.org/snapshot/panlex-20191001-csv/114#8058538>				<https://panlex.org/snapshot/panlex-20191001-csv/114#8058438>		"wětěng"@jv	
"bai-n"@mgm	<https://panlex.org/snapshot/panlex-20191001-csv/114#8058538>				<https://panlex.org/snapshot/panlex-20191001-csv/114#8058436>		"padaran"@jv	
"bai-n"@mgm	<https://panlex.org/snapshot/panlex-20191001-csv/114#8058538>				<https://panlex.org/snapshot/panlex-20191001-csv/114#8058437>		"weteŋ"@jv	
"toui-n"@mgm	<https://panlex.org/snapshot/panlex-20191001-csv/114#8052414>				<https://panlex.org/snapshot/panlex-20191001-csv/114#8052333>		"kiwa"@jv	
"toui-n"@mgm	<https://panlex.org/snapshot/panlex-20191001-csv/114#8052414>				<https://panlex.org/snapshot/panlex-20191001-csv/114#8052332>		"kering"@jv	
"oi-n"@mgm	<https://panlex.org/snapshot/panlex-20191001-csv/114#8053391>				<https://panlex.org/snapshot/panlex-20191001-csv/114#8053287>		"sampeyan"@jv	
"oi-n"@mgm	<https://panlex.org/snapshot/panlex-20191001-csv/114#8053391>				<https://panlex.org/snapshot/panlex-20191001-csv/114#8053288>		"sikil"@jv	
"oi-n"@mgm	<https://panlex.org/snapshot/panlex-20191001-csv/114#8053391>				<https://panlex.org/snapshot/panlex-20191001-csv/114#8053286>		"jöng"@jv	
"notar"@mgm	<https://panlex.org/snapshot/panlex-20191001-csv/114#8062135>				<https://panlex.org/snapshot/panlex-20191001-csv/114#8062054>		"mikir"@jv	
"notar"@mgm	<https://panlex.org/snapshot/panlex-20191001-csv/114#8062135>				<https://panlex.org/snapshot/panlex-20191001-csv/114#8062053>		"meŋqalih"@jv	
"notar"@mgm	<https://panlex.org/snapshot/panlex-20191001-csv/114#8062135>				<https://panlex.org/snapshot/panlex-20191001-csv/114#8062052>		"hid.ěp"@jv	
"ma"@mgm	<https://panlex.org/snapshot/panlex-20191001-csv/114#8055007>				<https://panlex.org/snapshot/panlex-20191001-csv/114#8054917>		"dateŋ"@jv	
"ma"@mgm	<https://panlex.org/snapshot/panlex-20191001-csv/114#8055007>				<https://panlex.org/snapshot/panlex-20191001-csv/114#8054920>		"teka"@jv	
"ma"@mgm	<https://panlex.org/snapshot/panlex-20191001-csv/114#8055007>				<https://panlex.org/snapshot/panlex-20191001-csv/114#8054919>		"rawuh"@jv	
"ma"@mgm	<https://panlex.org/snapshot/panlex-20191001-csv/114#8055007>				<https://panlex.org/snapshot/panlex-20191001-csv/114#8054918>		"para"@jv	
"lamalau"@mgm	<https://panlex.org/snapshot/panlex-20191001-csv/114#8067857>				<https://panlex.org/snapshot/panlex-20191001-csv/114#8067763>		"ilat"@jv	
"lamalau"@mgm	<https://panlex.org/snapshot/panlex-20191001-csv/114#8067857>				<https://panlex.org/snapshot/panlex-20191001-csv/114#8067764>		"lidah"@jv	
"inu kai-n"@mgm	<https://panlex.org/snapshot/panlex-20191001-csv/114#8065303>				<https://panlex.org/snapshot/panlex-20191001-csv/114#8065207>		"iruŋ"@jv	
"inu kai-n"@mgm	<https://panlex.org/snapshot/panlex-20191001-csv/114#8065303>				<https://panlex.org/snapshot/panlex-20191001-csv/114#8065206>		"irung"@jv	
"inu kai-n"@mgm	<https://panlex.org/snapshot/panlex-20191001-csv/114#8065303>				<https://panlex.org/snapshot/panlex-20191001-csv/114#8065205>		"grana"@jv	
"era"@mgm	<https://panlex.org/snapshot/panlex-20191001-csv/11#787645>				<https://panlex.org/snapshot/panlex-20191001-csv/11#787604>		"banyu"@jv	
"era"@mgm	<https://panlex.org/snapshot/panlex-20191001-csv/11#787645>				<https://panlex.org/snapshot/panlex-20191001-csv/11#787607>		"wwe"@jv	
"era"@mgm	<https://panlex.org/snapshot/panlex-20191001-csv/11#787645>				<https://panlex.org/snapshot/panlex-20191001-csv/11#787606>		"wway"@jv	
"era"@mgm	<https://panlex.org/snapshot/panlex-20191001-csv/11#787645>				<https://panlex.org/snapshot/panlex-20191001-csv/11#787605>		"bañu"@jv	
