"binapes"@agf	<https://panlex.org/snapshot/panlex-20191001-csv/114#8065581>				<https://panlex.org/snapshot/panlex-20191001-csv/114#8065908>		"harin[nain]"@slp	
"efe-"@agf	<https://panlex.org/snapshot/panlex-20191001-csv/114#8066504>				<https://panlex.org/snapshot/panlex-20191001-csv/114#8066919>		"wewan"@slp	
"aru-"@agf	<https://panlex.org/snapshot/panlex-20191001-csv/114#8063395>				<https://panlex.org/snapshot/panlex-20191001-csv/114#8063803>		"kotén"@slp	
"ruma-"@agf	<https://panlex.org/snapshot/panlex-20191001-csv/114#8051625>				<https://panlex.org/snapshot/panlex-20191001-csv/114#8052047>		"liman"@slp	
"aru"@agf	<https://panlex.org/snapshot/panlex-20191001-csv/114#8060887>				<https://panlex.org/snapshot/panlex-20191001-csv/114#8061234>		"hanan"@slp	
"parambimbe"@agf	<https://panlex.org/snapshot/panlex-20191001-csv/114#8052189>				<https://panlex.org/snapshot/panlex-20191001-csv/114#8052537>		"nékin"@slp	
"-ma"@agf	<https://panlex.org/snapshot/panlex-20191001-csv/114#8054764>				<https://panlex.org/snapshot/panlex-20191001-csv/114#8055139>		"sega"@slp	
"asigo-"@agf	<https://panlex.org/snapshot/panlex-20191001-csv/114#8065037>				<https://panlex.org/snapshot/panlex-20191001-csv/114#8065438>		"irun"@slp	
"sige-"@agf	<https://panlex.org/snapshot/panlex-20191001-csv/114#8058267>				<https://panlex.org/snapshot/panlex-20191001-csv/114#8058688>		"alén"@slp	
