"nɨ̀mí"@nbb	<https://panlex.org/snapshot/panlex-20191001-csv/3975#51727272>				<https://panlex.org/snapshot/panlex-20191001-csv/3975#51727276>		"nɔ̀ŋɔ̀"@ndd	
"nɨ̀mí"@nbb	<https://panlex.org/snapshot/panlex-20191001-csv/3975#51727272>				<https://panlex.org/snapshot/panlex-20191001-csv/3975#51727274>		"nɔ̀ŋɔ̂"@ndd	
"nɨ̀mí"@nbb	<https://panlex.org/snapshot/panlex-20191001-csv/3975#51727272>				<https://panlex.org/snapshot/panlex-20191001-csv/3975#51727275>		"nɔ̀ŋɔ̀"@ndd	
"ǹ=dɔ̂n"@nbb	<https://panlex.org/snapshot/panlex-20191001-csv/3975#51720765>				<https://panlex.org/snapshot/panlex-20191001-csv/3975#51720768>		"ǹ=tɔ̂ŋ"@ndd	
"ǹ=dɔ̂n"@nbb	<https://panlex.org/snapshot/panlex-20191001-csv/3975#51720765>				<https://panlex.org/snapshot/panlex-20191001-csv/3975#51720769>		"ǹ=tɔ̂ŋ"@ndd	
"ǹ=dɔ̂n"@nbb	<https://panlex.org/snapshot/panlex-20191001-csv/3975#51720765>				<https://panlex.org/snapshot/panlex-20191001-csv/3975#51720770>		"ǹ=tɔ̂ŋ"@ndd	
"ɲ̀=sìsí"@nbb	<https://panlex.org/snapshot/panlex-20191001-csv/3975#51723628>				<https://panlex.org/snapshot/panlex-20191001-csv/3975#51723630>		"ɲ̀=sèē"@ndd	
"ɲ̀=sìsí"@nbb	<https://panlex.org/snapshot/panlex-20191001-csv/3975#51723628>				<https://panlex.org/snapshot/panlex-20191001-csv/3975#51723632>		"ɲ̀=sǐ"@ndd	
"ɲ̀=sìsí"@nbb	<https://panlex.org/snapshot/panlex-20191001-csv/3975#51723628>				<https://panlex.org/snapshot/panlex-20191001-csv/3975#51723633>		"ɲ̄=sìsí"@ndd	
"ɲ̀=sìsí"@nbb	<https://panlex.org/snapshot/panlex-20191001-csv/3975#51723628>				<https://panlex.org/snapshot/panlex-20191001-csv/3975#51723631>		"ɲ̀=sìsē"@ndd	
"è=guíguɛ̂"@nbb	<https://panlex.org/snapshot/panlex-20191001-csv/3975#51727122>				<https://panlex.org/snapshot/panlex-20191001-csv/3975#51727126>		"nɛ̀=ɲân"@ndd	
"è=guíguɛ̂"@nbb	<https://panlex.org/snapshot/panlex-20191001-csv/3975#51727122>				<https://panlex.org/snapshot/panlex-20191001-csv/3975#51727124>		"nɛ̀=ɲân"@ndd	
"è=guíguɛ̂"@nbb	<https://panlex.org/snapshot/panlex-20191001-csv/3975#51727122>				<https://panlex.org/snapshot/panlex-20191001-csv/3975#51727125>		"nɛ̀=ɲân"@ndd	
"rɔ̌"@nbb	<https://panlex.org/snapshot/panlex-20191001-csv/3975#51730839>				<https://panlex.org/snapshot/panlex-20191001-csv/3975#51730843>		"yɛ̄ɛ̀"@ndd	
"rɔ̌"@nbb	<https://panlex.org/snapshot/panlex-20191001-csv/3975#51730839>				<https://panlex.org/snapshot/panlex-20191001-csv/3975#51730844>		"yɛ̂"@ndd	
"rɔ̌"@nbb	<https://panlex.org/snapshot/panlex-20191001-csv/3975#51730839>				<https://panlex.org/snapshot/panlex-20191001-csv/3975#51730845>		"yɛ̄ɛ̀"@ndd	
"yí-d"@nbb	<https://panlex.org/snapshot/panlex-20191001-csv/3975#51729585>				<https://panlex.org/snapshot/panlex-20191001-csv/3975#51729588>		"ɛ̄=ʓî"@ndd	
"yí-d"@nbb	<https://panlex.org/snapshot/panlex-20191001-csv/3975#51729585>				<https://panlex.org/snapshot/panlex-20191001-csv/3975#51729587>		"ɛ̄=ʓīì"@ndd	
"yí-d"@nbb	<https://panlex.org/snapshot/panlex-20191001-csv/3975#51729585>				<https://panlex.org/snapshot/panlex-20191001-csv/3975#51729589>		"ɲ̄=ʓīì"@ndd	
"ò=kǒ"@nbb	<https://panlex.org/snapshot/panlex-20191001-csv/3975#51724938>				<https://panlex.org/snapshot/panlex-20191001-csv/3975#51724942>		"ɛ̀=tâ"@ndd	
"ò=kǒ"@nbb	<https://panlex.org/snapshot/panlex-20191001-csv/3975#51724938>				<https://panlex.org/snapshot/panlex-20191001-csv/3975#51724943>		"ɔ̀=tâ"@ndd	
"ò=kǒ"@nbb	<https://panlex.org/snapshot/panlex-20191001-csv/3975#51724938>				<https://panlex.org/snapshot/panlex-20191001-csv/3975#51724941>		"ɛ̀=tâ"@ndd	
"ǹ=dí"@nbb	<https://panlex.org/snapshot/panlex-20191001-csv/3975#51725618>				<https://panlex.org/snapshot/panlex-20191001-csv/3975#51725622>		"nù=nû"@ndd	
"ǹ=dí"@nbb	<https://panlex.org/snapshot/panlex-20191001-csv/3975#51725618>				<https://panlex.org/snapshot/panlex-20191001-csv/3975#51725621>		"nɔ̀=nû"@ndd	
"ǹ=dí"@nbb	<https://panlex.org/snapshot/panlex-20191001-csv/3975#51725618>				<https://panlex.org/snapshot/panlex-20191001-csv/3975#51725620>		"nɛ̀=nû"@ndd	
"ɲ̀=ɲɔ́"@nbb	<https://panlex.org/snapshot/panlex-20191001-csv/3975#51735889>				<https://panlex.org/snapshot/panlex-20191001-csv/3975#51735891>		"ɲ̄=ɲɔ̀ɔ̂"@ndd	
"ɲ̀=ɲɔ́"@nbb	<https://panlex.org/snapshot/panlex-20191001-csv/3975#51735889>				<https://panlex.org/snapshot/panlex-20191001-csv/3975#51735892>		"ɲ̄=ɲɔ̀ɔ̂"@ndd	
"ɲ̀=ɲɔ́"@nbb	<https://panlex.org/snapshot/panlex-20191001-csv/3975#51735889>				<https://panlex.org/snapshot/panlex-20191001-csv/3975#51735893>		"ɲ̀=ɲɔ̂"@ndd	
"ɛ́=kǐ"@nbb	<https://panlex.org/snapshot/panlex-20191001-csv/3975#51723938>				<https://panlex.org/snapshot/panlex-20191001-csv/3975#51723943>		"ì=ʓī"@ndd	
"ɛ́=kǐ"@nbb	<https://panlex.org/snapshot/panlex-20191001-csv/3975#51723938>				<https://panlex.org/snapshot/panlex-20191001-csv/3975#51723941>		"è=ʓī"@ndd	
"ɛ́=kǐ"@nbb	<https://panlex.org/snapshot/panlex-20191001-csv/3975#51723938>				<https://panlex.org/snapshot/panlex-20191001-csv/3975#51723942>		"ɛ̀=ʓī"@ndd	
"é=ʓírá"@nbb	<https://panlex.org/snapshot/panlex-20191001-csv/3975#51721581>				<https://panlex.org/snapshot/panlex-20191001-csv/3975#51721583>		"ɲ̄=ɲɨ̀ɣâ"@ndd	
"é=ʓírá"@nbb	<https://panlex.org/snapshot/panlex-20191001-csv/3975#51721581>				<https://panlex.org/snapshot/panlex-20191001-csv/3975#51721584>		"ɲ̄=ɲǝ̀ɣâ"@ndd	
"é=ʓírá"@nbb	<https://panlex.org/snapshot/panlex-20191001-csv/3975#51721581>				<https://panlex.org/snapshot/panlex-20191001-csv/3975#51721585>		"ɲ̄=ɲǝ̀ɣā"@ndd	
"ŋ̀=ŋuɛ́g"@nbb	<https://panlex.org/snapshot/panlex-20191001-csv/3975#51726362>				<https://panlex.org/snapshot/panlex-20191001-csv/3975#51726366>		"ǹ=tǝ̄ŋā"@ndd	
"ŋ̀=ŋuɛ́g"@nbb	<https://panlex.org/snapshot/panlex-20191001-csv/3975#51726362>				<https://panlex.org/snapshot/panlex-20191001-csv/3975#51726365>		"ǹ=tǝ̄ŋā"@ndd	
"ŋ̀=ŋuɛ́g"@nbb	<https://panlex.org/snapshot/panlex-20191001-csv/3975#51726362>				<https://panlex.org/snapshot/panlex-20191001-csv/3975#51726364>		"ǹ=tɨ̄ŋā"@ndd	
"kuɔ́"@nbb	<https://panlex.org/snapshot/panlex-20191001-csv/3975#51722874>				<https://panlex.org/snapshot/panlex-20191001-csv/3975#51722877>		"kpɔ̂"@ndd	
"kuɔ́"@nbb	<https://panlex.org/snapshot/panlex-20191001-csv/3975#51722874>				<https://panlex.org/snapshot/panlex-20191001-csv/3975#51722879>		"kpɔ̂"@ndd	
"kuɔ́"@nbb	<https://panlex.org/snapshot/panlex-20191001-csv/3975#51722874>				<https://panlex.org/snapshot/panlex-20191001-csv/3975#51722878>		"kpɔ̂"@ndd	
"bà=lɔ̀l"@nbb	<https://panlex.org/snapshot/panlex-20191001-csv/3975#51724236>				<https://panlex.org/snapshot/panlex-20191001-csv/3975#51724241>		"à=fɔ̂"@ndd	
"bà=lɔ̀l"@nbb	<https://panlex.org/snapshot/panlex-20191001-csv/3975#51724236>				<https://panlex.org/snapshot/panlex-20191001-csv/3975#51724240>		"à=fɔ̂"@ndd	
"bà=lɔ̀l"@nbb	<https://panlex.org/snapshot/panlex-20191001-csv/3975#51724236>				<https://panlex.org/snapshot/panlex-20191001-csv/3975#51724239>		"à=fɔ̂m"@ndd	
"ŋ̀=ŋuí"@nbb	<https://panlex.org/snapshot/panlex-20191001-csv/3975#51729256>				<https://panlex.org/snapshot/panlex-20191001-csv/3975#51729258>		"m̀=mı̂n"@ndd	
"ŋ̀=ŋuí"@nbb	<https://panlex.org/snapshot/panlex-20191001-csv/3975#51729256>				<https://panlex.org/snapshot/panlex-20191001-csv/3975#51729260>		"m̀=mı̂n"@ndd	
"ŋ̀=ŋuí"@nbb	<https://panlex.org/snapshot/panlex-20191001-csv/3975#51729256>				<https://panlex.org/snapshot/panlex-20191001-csv/3975#51729259>		"m̀=mı̂n"@ndd	
"ń=nɔ̂nɔ́n"@nbb	<https://panlex.org/snapshot/panlex-20191001-csv/3975#51721303>				<https://panlex.org/snapshot/panlex-20191001-csv/3975#51721306>		"bǝ̀=sɔ̄g"@ndd	
"ń=nɔ̂nɔ́n"@nbb	<https://panlex.org/snapshot/panlex-20191001-csv/3975#51721303>				<https://panlex.org/snapshot/panlex-20191001-csv/3975#51721307>		"bò=sōg"@ndd	
"ń=nɔ̂nɔ́n"@nbb	<https://panlex.org/snapshot/panlex-20191001-csv/3975#51721303>				<https://panlex.org/snapshot/panlex-20191001-csv/3975#51721305>		"bɛ̀=sɔ́g"@ndd	
"ǹ=dɛ́nɛ̀ŋ"@nbb	<https://panlex.org/snapshot/panlex-20191001-csv/3975#51726226>				<https://panlex.org/snapshot/panlex-20191001-csv/3975#51726231>		"nè=tēː"@ndd	
"ǹ=dɛ́nɛ̀ŋ"@nbb	<https://panlex.org/snapshot/panlex-20191001-csv/3975#51726226>				<https://panlex.org/snapshot/panlex-20191001-csv/3975#51726230>		"nǝ̀=tē"@ndd	
"ǹ=dɛ́nɛ̀ŋ"@nbb	<https://panlex.org/snapshot/panlex-20191001-csv/3975#51726226>				<https://panlex.org/snapshot/panlex-20191001-csv/3975#51726229>		"nè=tém"@ndd	
"é=béá"@nbb	<https://panlex.org/snapshot/panlex-20191001-csv/3975#51730023>				<https://panlex.org/snapshot/panlex-20191001-csv/3975#51730026>		"m̄=bīnī"@ndd	
"é=béá"@nbb	<https://panlex.org/snapshot/panlex-20191001-csv/3975#51730023>				<https://panlex.org/snapshot/panlex-20191001-csv/3975#51730025>		"m̄=bīnī"@ndd	
"é=béá"@nbb	<https://panlex.org/snapshot/panlex-20191001-csv/3975#51730023>				<https://panlex.org/snapshot/panlex-20191001-csv/3975#51730027>		"m̄=bīnī"@ndd	
"ŋ̀=kòb"@nbb	<https://panlex.org/snapshot/panlex-20191001-csv/3975#51731292>				<https://panlex.org/snapshot/panlex-20191001-csv/3975#51731295>		"ŋ̀=gù"@ndd	
"ŋ̀=kòb"@nbb	<https://panlex.org/snapshot/panlex-20191001-csv/3975#51731292>				<https://panlex.org/snapshot/panlex-20191001-csv/3975#51731297>		"ŋ̀=gù"@ndd	
"ŋ̀=kòb"@nbb	<https://panlex.org/snapshot/panlex-20191001-csv/3975#51731292>				<https://panlex.org/snapshot/panlex-20191001-csv/3975#51731296>		"ŋ̀=gù"@ndd	
"bá"@nbb	<https://panlex.org/snapshot/panlex-20191001-csv/3975#51722692>				<https://panlex.org/snapshot/panlex-20191001-csv/3975#51722696>		"bâ"@ndd	
"bá"@nbb	<https://panlex.org/snapshot/panlex-20191001-csv/3975#51722692>				<https://panlex.org/snapshot/panlex-20191001-csv/3975#51722695>		"bâ"@ndd	
"bá"@nbb	<https://panlex.org/snapshot/panlex-20191001-csv/3975#51722692>				<https://panlex.org/snapshot/panlex-20191001-csv/3975#51722697>		"bâ"@ndd	
"lɛ̀=mǝ́ŋ"@nbb	<https://panlex.org/snapshot/panlex-20191001-csv/3975#51733347>				<https://panlex.org/snapshot/panlex-20191001-csv/3975#51733350>		"nɛ̀=mʌ̂n"@ndd	
"lɛ̀=mǝ́ŋ"@nbb	<https://panlex.org/snapshot/panlex-20191001-csv/3975#51733347>				<https://panlex.org/snapshot/panlex-20191001-csv/3975#51733352>		"nʌ̀=mʌ̂n"@ndd	
"lɛ̀=mǝ́ŋ"@nbb	<https://panlex.org/snapshot/panlex-20191001-csv/3975#51733347>				<https://panlex.org/snapshot/panlex-20191001-csv/3975#51733351>		"nè=mı̂n"@ndd	
"ɛ̀=kpáɣá"@nbb	<https://panlex.org/snapshot/panlex-20191001-csv/3975#51720895>				<https://panlex.org/snapshot/panlex-20191001-csv/3975#51720897>		"ɛ̀=kpǝ̄ɣā"@ndd	
"ɛ̀=kpáɣá"@nbb	<https://panlex.org/snapshot/panlex-20191001-csv/3975#51720895>				<https://panlex.org/snapshot/panlex-20191001-csv/3975#51720898>		"ɛ̀=kpǝ̄ɣā"@ndd	
"ɛ̀=kpáɣá"@nbb	<https://panlex.org/snapshot/panlex-20191001-csv/3975#51720895>				<https://panlex.org/snapshot/panlex-20191001-csv/3975#51720899>		"ɛ̀=kpǝ̄ɣā"@ndd	
"ǹ=nùg"@nbb	<https://panlex.org/snapshot/panlex-20191001-csv/3975#51722537>				<https://panlex.org/snapshot/panlex-20191001-csv/3975#51722542>		"à=nòg"@ndd	
"ǹ=nùg"@nbb	<https://panlex.org/snapshot/panlex-20191001-csv/3975#51722537>				<https://panlex.org/snapshot/panlex-20191001-csv/3975#51722540>		"à=nɔ̀g"@ndd	
"ǹ=nùg"@nbb	<https://panlex.org/snapshot/panlex-20191001-csv/3975#51722537>				<https://panlex.org/snapshot/panlex-20191001-csv/3975#51722541>		"à=nɔ̀g"@ndd	
"ò=kǒ"@nbb	<https://panlex.org/snapshot/panlex-20191001-csv/3975#51724939>				<https://panlex.org/snapshot/panlex-20191001-csv/3975#51724942>		"ɛ̀=tâ"@ndd	
"ò=kǒ"@nbb	<https://panlex.org/snapshot/panlex-20191001-csv/3975#51724939>				<https://panlex.org/snapshot/panlex-20191001-csv/3975#51724943>		"ɔ̀=tâ"@ndd	
"ò=kǒ"@nbb	<https://panlex.org/snapshot/panlex-20191001-csv/3975#51724939>				<https://panlex.org/snapshot/panlex-20191001-csv/3975#51724941>		"ɛ̀=tâ"@ndd	
"lál"@nbb	<https://panlex.org/snapshot/panlex-20191001-csv/3975#51731441>				<https://panlex.org/snapshot/panlex-20191001-csv/3975#51731444>		"nân"@ndd	
"lál"@nbb	<https://panlex.org/snapshot/panlex-20191001-csv/3975#51731441>				<https://panlex.org/snapshot/panlex-20191001-csv/3975#51731445>		"nân"@ndd	
"lál"@nbb	<https://panlex.org/snapshot/panlex-20191001-csv/3975#51731441>				<https://panlex.org/snapshot/panlex-20191001-csv/3975#51731446>		"nân"@ndd	
"wói"@nbb	<https://panlex.org/snapshot/panlex-20191001-csv/3975#51726697>				<https://panlex.org/snapshot/panlex-20191001-csv/3975#51726701>		"yôn"@ndd	
"wói"@nbb	<https://panlex.org/snapshot/panlex-20191001-csv/3975#51726697>				<https://panlex.org/snapshot/panlex-20191001-csv/3975#51726700>		"yôn"@ndd	
"wói"@nbb	<https://panlex.org/snapshot/panlex-20191001-csv/3975#51726697>				<https://panlex.org/snapshot/panlex-20191001-csv/3975#51726699>		"yôn"@ndd	
"màɛ̃́"@nbb	<https://panlex.org/snapshot/panlex-20191001-csv/3975#51726982>				<https://panlex.org/snapshot/panlex-20191001-csv/3975#51726986>		"mɨ̀ŋì"@ndd	
"màɛ̃́"@nbb	<https://panlex.org/snapshot/panlex-20191001-csv/3975#51726982>				<https://panlex.org/snapshot/panlex-20191001-csv/3975#51726987>		"mìŋì"@ndd	
"màɛ̃́"@nbb	<https://panlex.org/snapshot/panlex-20191001-csv/3975#51726982>				<https://panlex.org/snapshot/panlex-20191001-csv/3975#51726985>		"mɨ̀ŋî"@ndd	
"ǹ=nǝ́ŋ"@nbb	<https://panlex.org/snapshot/panlex-20191001-csv/3975#51728676>				<https://panlex.org/snapshot/panlex-20191001-csv/3975#51728679>		"m̀=bìŋ"@ndd	
"ǹ=nǝ́ŋ"@nbb	<https://panlex.org/snapshot/panlex-20191001-csv/3975#51728676>				<https://panlex.org/snapshot/panlex-20191001-csv/3975#51728682>		"m̀=bìŋ"@ndd	
"ǹ=nǝ́ŋ"@nbb	<https://panlex.org/snapshot/panlex-20191001-csv/3975#51728676>				<https://panlex.org/snapshot/panlex-20191001-csv/3975#51728681>		"m̀=bèŋ"@ndd	
"ǹ=nǝ́ŋ"@nbb	<https://panlex.org/snapshot/panlex-20191001-csv/3975#51728676>				<https://panlex.org/snapshot/panlex-20191001-csv/3975#51728680>		"m̀=bèŋ"@ndd	
"ò=rôn"@nbb	<https://panlex.org/snapshot/panlex-20191001-csv/3975#51723482>				<https://panlex.org/snapshot/panlex-20191001-csv/3975#51723485>		"ɛ̀=tɔ̂ŋ"@ndd	
"ò=rôn"@nbb	<https://panlex.org/snapshot/panlex-20191001-csv/3975#51723482>				<https://panlex.org/snapshot/panlex-20191001-csv/3975#51723486>		"ɛ̀=tɔ̂ŋ"@ndd	
"ò=rôn"@nbb	<https://panlex.org/snapshot/panlex-20191001-csv/3975#51723482>				<https://panlex.org/snapshot/panlex-20191001-csv/3975#51723487>		"ɔ̀=tɔ̂ŋ"@ndd	
"ŋ̀=káŋ"@nbb	<https://panlex.org/snapshot/panlex-20191001-csv/3975#51735619>				<https://panlex.org/snapshot/panlex-20191001-csv/3975#51735623>		"à=kʌ̂ŋ"@ndd	
"ŋ̀=káŋ"@nbb	<https://panlex.org/snapshot/panlex-20191001-csv/3975#51735619>				<https://panlex.org/snapshot/panlex-20191001-csv/3975#51735624>		"à=kʌ̂ŋ"@ndd	
"ŋ̀=káŋ"@nbb	<https://panlex.org/snapshot/panlex-20191001-csv/3975#51735619>				<https://panlex.org/snapshot/panlex-20191001-csv/3975#51735622>		"à=kʌ̂ŋ"@ndd	
"è=lîlî"@nbb	<https://panlex.org/snapshot/panlex-20191001-csv/3975#51731742>				<https://panlex.org/snapshot/panlex-20191001-csv/3975#51731745>		"ē=tɨ̀tìg"@ndd	
"è=lîlî"@nbb	<https://panlex.org/snapshot/panlex-20191001-csv/3975#51731742>				<https://panlex.org/snapshot/panlex-20191001-csv/3975#51731744>		"ā=tìtīg"@ndd	
"è=lîlî"@nbb	<https://panlex.org/snapshot/panlex-20191001-csv/3975#51731742>				<https://panlex.org/snapshot/panlex-20191001-csv/3975#51731746>		"ā=tìtīɣī"@ndd	
"bà=rɛ́m"@nbb	<https://panlex.org/snapshot/panlex-20191001-csv/3975#51727421>				<https://panlex.org/snapshot/panlex-20191001-csv/3975#51727424>		"ɛ̀=gbêr"@ndd	
"bà=rɛ́m"@nbb	<https://panlex.org/snapshot/panlex-20191001-csv/3975#51727421>				<https://panlex.org/snapshot/panlex-20191001-csv/3975#51727426>		"ò=gbêd"@ndd	
"bà=rɛ́m"@nbb	<https://panlex.org/snapshot/panlex-20191001-csv/3975#51727421>				<https://panlex.org/snapshot/panlex-20191001-csv/3975#51727423>		"ɛ̀=gbɛ̂r"@ndd	
"bà=rɛ́m"@nbb	<https://panlex.org/snapshot/panlex-20191001-csv/3975#51727421>				<https://panlex.org/snapshot/panlex-20191001-csv/3975#51727425>		"ò=gbêr"@ndd	
"lí"@nbb	<https://panlex.org/snapshot/panlex-20191001-csv/3975#51723783>				<https://panlex.org/snapshot/panlex-20191001-csv/3975#51723785>		"nɛ̂"@ndd	
"lí"@nbb	<https://panlex.org/snapshot/panlex-20191001-csv/3975#51723783>				<https://panlex.org/snapshot/panlex-20191001-csv/3975#51723787>		"nɛ̂"@ndd	
"lí"@nbb	<https://panlex.org/snapshot/panlex-20191001-csv/3975#51723783>				<https://panlex.org/snapshot/panlex-20191001-csv/3975#51723786>		"nɛ̂"@ndd	
"bú"@nbb	<https://panlex.org/snapshot/panlex-20191001-csv/3975#51724792>				<https://panlex.org/snapshot/panlex-20191001-csv/3975#51724795>		"fùbû"@ndd	
"bú"@nbb	<https://panlex.org/snapshot/panlex-20191001-csv/3975#51724792>				<https://panlex.org/snapshot/panlex-20191001-csv/3975#51724798>		"fùbù"@ndd	
"bú"@nbb	<https://panlex.org/snapshot/panlex-20191001-csv/3975#51724792>				<https://panlex.org/snapshot/panlex-20191001-csv/3975#51724797>		"fùbù"@ndd	
"bú"@nbb	<https://panlex.org/snapshot/panlex-20191001-csv/3975#51724792>				<https://panlex.org/snapshot/panlex-20191001-csv/3975#51724796>		"fùβû"@ndd	
"ŋ̀=kòb"@nbb	<https://panlex.org/snapshot/panlex-20191001-csv/3975#51731293>				<https://panlex.org/snapshot/panlex-20191001-csv/3975#51731295>		"ŋ̀=gù"@ndd	
"ŋ̀=kòb"@nbb	<https://panlex.org/snapshot/panlex-20191001-csv/3975#51731293>				<https://panlex.org/snapshot/panlex-20191001-csv/3975#51731297>		"ŋ̀=gù"@ndd	
"ŋ̀=kòb"@nbb	<https://panlex.org/snapshot/panlex-20191001-csv/3975#51731293>				<https://panlex.org/snapshot/panlex-20191001-csv/3975#51731296>		"ŋ̀=gù"@ndd	
"wóm"@nbb	<https://panlex.org/snapshot/panlex-20191001-csv/3975#51723339>				<https://panlex.org/snapshot/panlex-20191001-csv/3975#51723343>		"yô"@ndd	
"wóm"@nbb	<https://panlex.org/snapshot/panlex-20191001-csv/3975#51723339>				<https://panlex.org/snapshot/panlex-20191001-csv/3975#51723344>		"yô"@ndd	
"wóm"@nbb	<https://panlex.org/snapshot/panlex-20191001-csv/3975#51723339>				<https://panlex.org/snapshot/panlex-20191001-csv/3975#51723342>		"yôm"@ndd	
"wóm"@nbb	<https://panlex.org/snapshot/panlex-20191001-csv/3975#51723339>				<https://panlex.org/snapshot/panlex-20191001-csv/3975#51723345>		"yōò"@ndd	
"ǹ=tí-tí"@nbb	<https://panlex.org/snapshot/panlex-20191001-csv/3975#51725617>				<https://panlex.org/snapshot/panlex-20191001-csv/3975#51725622>		"nù=nû"@ndd	
"ǹ=tí-tí"@nbb	<https://panlex.org/snapshot/panlex-20191001-csv/3975#51725617>				<https://panlex.org/snapshot/panlex-20191001-csv/3975#51725621>		"nɔ̀=nû"@ndd	
"ǹ=tí-tí"@nbb	<https://panlex.org/snapshot/panlex-20191001-csv/3975#51725617>				<https://panlex.org/snapshot/panlex-20191001-csv/3975#51725620>		"nɛ̀=nû"@ndd	
"ɛ̀=kɨ́kɨ́b"@nbb	<https://panlex.org/snapshot/panlex-20191001-csv/3975#51721871>				<https://panlex.org/snapshot/panlex-20191001-csv/3975#51721875>		"ɛ̀=kʌ̄b"@ndd	
"ɛ̀=kɨ́kɨ́b"@nbb	<https://panlex.org/snapshot/panlex-20191001-csv/3975#51721871>				<https://panlex.org/snapshot/panlex-20191001-csv/3975#51721873>		"ɛ̀=kʌ̄b"@ndd	
"ɛ̀=kɨ́kɨ́b"@nbb	<https://panlex.org/snapshot/panlex-20191001-csv/3975#51721871>				<https://panlex.org/snapshot/panlex-20191001-csv/3975#51721874>		"ɛ̀=kǝ̄b"@ndd	
"bà=ɲîn"@nbb	<https://panlex.org/snapshot/panlex-20191001-csv/3975#51731741>				<https://panlex.org/snapshot/panlex-20191001-csv/3975#51731745>		"ē=tɨ̀tìg"@ndd	
"bà=ɲîn"@nbb	<https://panlex.org/snapshot/panlex-20191001-csv/3975#51731741>				<https://panlex.org/snapshot/panlex-20191001-csv/3975#51731744>		"ā=tìtīg"@ndd	
"bà=ɲîn"@nbb	<https://panlex.org/snapshot/panlex-20191001-csv/3975#51731741>				<https://panlex.org/snapshot/panlex-20191001-csv/3975#51731746>		"ā=tìtīɣī"@ndd	
"lí"@nbb	<https://panlex.org/snapshot/panlex-20191001-csv/3975#51723782>				<https://panlex.org/snapshot/panlex-20191001-csv/3975#51723785>		"nɛ̂"@ndd	
"lí"@nbb	<https://panlex.org/snapshot/panlex-20191001-csv/3975#51723782>				<https://panlex.org/snapshot/panlex-20191001-csv/3975#51723787>		"nɛ̂"@ndd	
"lí"@nbb	<https://panlex.org/snapshot/panlex-20191001-csv/3975#51723782>				<https://panlex.org/snapshot/panlex-20191001-csv/3975#51723786>		"nɛ̂"@ndd	
"kpédè-kpédè"@nbb	<https://panlex.org/snapshot/panlex-20191001-csv/3975#51735481>				<https://panlex.org/snapshot/panlex-20191001-csv/3975#51735484>		"kpērē-kpērē"@ndd	
"kpédè-kpédè"@nbb	<https://panlex.org/snapshot/panlex-20191001-csv/3975#51735481>				<https://panlex.org/snapshot/panlex-20191001-csv/3975#51735485>		"kpērē-kpērē"@ndd	
"kpédè-kpédè"@nbb	<https://panlex.org/snapshot/panlex-20191001-csv/3975#51735481>				<https://panlex.org/snapshot/panlex-20191001-csv/3975#51735486>		"kpērē-kpērē"@ndd	
"ɔ́=sɔ́nàg"@nbb	<https://panlex.org/snapshot/panlex-20191001-csv/3975#51736299>				<https://panlex.org/snapshot/panlex-20191001-csv/3975#51736302>		"ɲ̄=sɔ̀ŋɔ̂"@ndd	
"ɔ́=sɔ́nàg"@nbb	<https://panlex.org/snapshot/panlex-20191001-csv/3975#51736299>				<https://panlex.org/snapshot/panlex-20191001-csv/3975#51736303>		"ɲ̄=sɔ̀ŋɔ́"@ndd	
"ɔ́=sɔ́nàg"@nbb	<https://panlex.org/snapshot/panlex-20191001-csv/3975#51736299>				<https://panlex.org/snapshot/panlex-20191001-csv/3975#51736301>		"ɲ̄=sɔ̀ŋɔ̂"@ndd	
"m̀=màl"@nbb	<https://panlex.org/snapshot/panlex-20191001-csv/3975#51734123>				<https://panlex.org/snapshot/panlex-20191001-csv/3975#51734128>		"à=lǝ̄b"@ndd	
"m̀=màl"@nbb	<https://panlex.org/snapshot/panlex-20191001-csv/3975#51734123>				<https://panlex.org/snapshot/panlex-20191001-csv/3975#51734129>		"à=nʌ́b"@ndd	
"m̀=màl"@nbb	<https://panlex.org/snapshot/panlex-20191001-csv/3975#51734123>				<https://panlex.org/snapshot/panlex-20191001-csv/3975#51734127>		"à=nʌ̄b"@ndd	
"ɲ̀=sí"@nbb	<https://panlex.org/snapshot/panlex-20191001-csv/3975#51724662>				<https://panlex.org/snapshot/panlex-20191001-csv/3975#51724664>		"ɲama-nap"@ndd	
"ɲ̀=sí"@nbb	<https://panlex.org/snapshot/panlex-20191001-csv/3975#51724662>				<https://panlex.org/snapshot/panlex-20191001-csv/3975#51724667>		"ɲaː-alʌp"@ndd	
"ɲ̀=sí"@nbb	<https://panlex.org/snapshot/panlex-20191001-csv/3975#51724662>				<https://panlex.org/snapshot/panlex-20191001-csv/3975#51724666>		"ɲāː-ālʌ́p"@ndd	
"ɲ̀=sí"@nbb	<https://panlex.org/snapshot/panlex-20191001-csv/3975#51724662>				<https://panlex.org/snapshot/panlex-20191001-csv/3975#51724665>		"ɲaːlʌp"@ndd	
"bɛ́=fái"@nbb	<https://panlex.org/snapshot/panlex-20191001-csv/3975#51733658>				<https://panlex.org/snapshot/panlex-20191001-csv/3975#51733660>		"bī=bâ"@ndd	
"bɛ́=fái"@nbb	<https://panlex.org/snapshot/panlex-20191001-csv/3975#51733658>				<https://panlex.org/snapshot/panlex-20191001-csv/3975#51733661>		"bɨ̄=bâ"@ndd	
"bɛ́=fái"@nbb	<https://panlex.org/snapshot/panlex-20191001-csv/3975#51733658>				<https://panlex.org/snapshot/panlex-20191001-csv/3975#51733662>		"bǝ̄=bâ"@ndd	
"lɛ̀=ŋuán"@nbb	<https://panlex.org/snapshot/panlex-20191001-csv/3975#51727121>				<https://panlex.org/snapshot/panlex-20191001-csv/3975#51727126>		"nɛ̀=ɲân"@ndd	
"lɛ̀=ŋuán"@nbb	<https://panlex.org/snapshot/panlex-20191001-csv/3975#51727121>				<https://panlex.org/snapshot/panlex-20191001-csv/3975#51727124>		"nɛ̀=ɲân"@ndd	
"lɛ̀=ŋuán"@nbb	<https://panlex.org/snapshot/panlex-20191001-csv/3975#51727121>				<https://panlex.org/snapshot/panlex-20191001-csv/3975#51727125>		"nɛ̀=ɲân"@ndd	
"yɔ́"@nbb	<https://panlex.org/snapshot/panlex-20191001-csv/3975#51723183>				<https://panlex.org/snapshot/panlex-20191001-csv/3975#51723187>		"wɔ̂"@ndd	
"yɔ́"@nbb	<https://panlex.org/snapshot/panlex-20191001-csv/3975#51723183>				<https://panlex.org/snapshot/panlex-20191001-csv/3975#51723186>		"wɔ̂"@ndd	
"yɔ́"@nbb	<https://panlex.org/snapshot/panlex-20191001-csv/3975#51723183>				<https://panlex.org/snapshot/panlex-20191001-csv/3975#51723185>		"wɔ̂"@ndd	
"ǹ=núŋ"@nbb	<https://panlex.org/snapshot/panlex-20191001-csv/3975#51721725>				<https://panlex.org/snapshot/panlex-20191001-csv/3975#51721730>		"à=nɔ̄ŋ"@ndd	
"ǹ=núŋ"@nbb	<https://panlex.org/snapshot/panlex-20191001-csv/3975#51721725>				<https://panlex.org/snapshot/panlex-20191001-csv/3975#51721731>		"à=nɔ̄ŋ"@ndd	
"ǹ=núŋ"@nbb	<https://panlex.org/snapshot/panlex-20191001-csv/3975#51721725>				<https://panlex.org/snapshot/panlex-20191001-csv/3975#51721729>		"à=nɔ̄ŋ"@ndd	
"kpédì-kpédì"@nbb	<https://panlex.org/snapshot/panlex-20191001-csv/3975#51735482>				<https://panlex.org/snapshot/panlex-20191001-csv/3975#51735484>		"kpērē-kpērē"@ndd	
"kpédì-kpédì"@nbb	<https://panlex.org/snapshot/panlex-20191001-csv/3975#51735482>				<https://panlex.org/snapshot/panlex-20191001-csv/3975#51735485>		"kpērē-kpērē"@ndd	
"kpédì-kpédì"@nbb	<https://panlex.org/snapshot/panlex-20191001-csv/3975#51735482>				<https://panlex.org/snapshot/panlex-20191001-csv/3975#51735486>		"kpērē-kpērē"@ndd	
"màmài"@nbb	<https://panlex.org/snapshot/panlex-20191001-csv/3975#51734125>				<https://panlex.org/snapshot/panlex-20191001-csv/3975#51734128>		"à=lǝ̄b"@ndd	
"màmài"@nbb	<https://panlex.org/snapshot/panlex-20191001-csv/3975#51734125>				<https://panlex.org/snapshot/panlex-20191001-csv/3975#51734129>		"à=nʌ́b"@ndd	
"màmài"@nbb	<https://panlex.org/snapshot/panlex-20191001-csv/3975#51734125>				<https://panlex.org/snapshot/panlex-20191001-csv/3975#51734127>		"à=nʌ̄b"@ndd	
"wóg"@nbb	<https://panlex.org/snapshot/panlex-20191001-csv/3975#51726084>				<https://panlex.org/snapshot/panlex-20191001-csv/3975#51726086>		"yɔ̂g"@ndd	
"wóg"@nbb	<https://panlex.org/snapshot/panlex-20191001-csv/3975#51726084>				<https://panlex.org/snapshot/panlex-20191001-csv/3975#51726088>		"yôg"@ndd	
"wóg"@nbb	<https://panlex.org/snapshot/panlex-20191001-csv/3975#51726084>				<https://panlex.org/snapshot/panlex-20191001-csv/3975#51726087>		"yɔ̂g"@ndd	
"ǹ=tèd"@nbb	<https://panlex.org/snapshot/panlex-20191001-csv/3975#51726227>				<https://panlex.org/snapshot/panlex-20191001-csv/3975#51726231>		"nè=tēː"@ndd	
"ǹ=tèd"@nbb	<https://panlex.org/snapshot/panlex-20191001-csv/3975#51726227>				<https://panlex.org/snapshot/panlex-20191001-csv/3975#51726230>		"nǝ̀=tē"@ndd	
"ǹ=tèd"@nbb	<https://panlex.org/snapshot/panlex-20191001-csv/3975#51726227>				<https://panlex.org/snapshot/panlex-20191001-csv/3975#51726229>		"nè=tém"@ndd	
"ò=fêŋ"@nbb	<https://panlex.org/snapshot/panlex-20191001-csv/3975#51728273>				<https://panlex.org/snapshot/panlex-20191001-csv/3975#51728278>		"m̀=mɛ̃̄ː"@ndd	
"ò=fêŋ"@nbb	<https://panlex.org/snapshot/panlex-20191001-csv/3975#51728273>				<https://panlex.org/snapshot/panlex-20191001-csv/3975#51728276>		"m̀=mɛ̃̌"@ndd	
"ò=fêŋ"@nbb	<https://panlex.org/snapshot/panlex-20191001-csv/3975#51728273>				<https://panlex.org/snapshot/panlex-20191001-csv/3975#51728277>		"m̀=mɛ̃̌"@ndd	
"ʓɔ́"@nbb	<https://panlex.org/snapshot/panlex-20191001-csv/3975#51723182>				<https://panlex.org/snapshot/panlex-20191001-csv/3975#51723187>		"wɔ̂"@ndd	
"ʓɔ́"@nbb	<https://panlex.org/snapshot/panlex-20191001-csv/3975#51723182>				<https://panlex.org/snapshot/panlex-20191001-csv/3975#51723186>		"wɔ̂"@ndd	
"ʓɔ́"@nbb	<https://panlex.org/snapshot/panlex-20191001-csv/3975#51723182>				<https://panlex.org/snapshot/panlex-20191001-csv/3975#51723185>		"wɔ̂"@ndd	
"ǹ=dǔg"@nbb	<https://panlex.org/snapshot/panlex-20191001-csv/3975#51730299>				<https://panlex.org/snapshot/panlex-20191001-csv/3975#51730304>		"ǹ=dǒg"@ndd	
"ǹ=dǔg"@nbb	<https://panlex.org/snapshot/panlex-20191001-csv/3975#51730299>				<https://panlex.org/snapshot/panlex-20191001-csv/3975#51730303>		"ǹ=dǔg"@ndd	
"ǹ=dǔg"@nbb	<https://panlex.org/snapshot/panlex-20191001-csv/3975#51730299>				<https://panlex.org/snapshot/panlex-20191001-csv/3975#51730302>		"ǹ=dɔ̌g"@ndd	
"ɛ̀=mɛ̀l"@nbb	<https://panlex.org/snapshot/panlex-20191001-csv/3975#51728818>				<https://panlex.org/snapshot/panlex-20191001-csv/3975#51728823>		"ɛ̀=mɛ̃̀"@ndd	
"ɛ̀=mɛ̀l"@nbb	<https://panlex.org/snapshot/panlex-20191001-csv/3975#51728818>				<https://panlex.org/snapshot/panlex-20191001-csv/3975#51728822>		"ɛ̀=mɛ̀n"@ndd	
"ɛ̀=mɛ̀l"@nbb	<https://panlex.org/snapshot/panlex-20191001-csv/3975#51728818>				<https://panlex.org/snapshot/panlex-20191001-csv/3975#51728821>		"ɛ̀=mɛ̀n"@ndd	
"ɛ̀=mɛ̀l"@nbb	<https://panlex.org/snapshot/panlex-20191001-csv/3975#51728818>				<https://panlex.org/snapshot/panlex-20191001-csv/3975#51728824>		"ɛ̀=mɛ̀n"@ndd	
"è=lùg"@nbb	<https://panlex.org/snapshot/panlex-20191001-csv/3975#51722538>				<https://panlex.org/snapshot/panlex-20191001-csv/3975#51722542>		"à=nòg"@ndd	
"è=lùg"@nbb	<https://panlex.org/snapshot/panlex-20191001-csv/3975#51722538>				<https://panlex.org/snapshot/panlex-20191001-csv/3975#51722540>		"à=nɔ̀g"@ndd	
"è=lùg"@nbb	<https://panlex.org/snapshot/panlex-20191001-csv/3975#51722538>				<https://panlex.org/snapshot/panlex-20191001-csv/3975#51722541>		"à=nɔ̀g"@ndd	
"é=kě"@nbb	<https://panlex.org/snapshot/panlex-20191001-csv/3975#51723939>				<https://panlex.org/snapshot/panlex-20191001-csv/3975#51723943>		"ì=ʓī"@ndd	
"é=kě"@nbb	<https://panlex.org/snapshot/panlex-20191001-csv/3975#51723939>				<https://panlex.org/snapshot/panlex-20191001-csv/3975#51723941>		"è=ʓī"@ndd	
"é=kě"@nbb	<https://panlex.org/snapshot/panlex-20191001-csv/3975#51723939>				<https://panlex.org/snapshot/panlex-20191001-csv/3975#51723942>		"ɛ̀=ʓī"@ndd	
"ŋ̀=kòkôr"@nbb	<https://panlex.org/snapshot/panlex-20191001-csv/3975#51727684>				<https://panlex.org/snapshot/panlex-20191001-csv/3975#51727687>		"m̄=bànâ"@ndd	
"ŋ̀=kòkôr"@nbb	<https://panlex.org/snapshot/panlex-20191001-csv/3975#51727684>				<https://panlex.org/snapshot/panlex-20191001-csv/3975#51727688>		"m̄=bànâ"@ndd	
"ŋ̀=kòkôr"@nbb	<https://panlex.org/snapshot/panlex-20191001-csv/3975#51727684>				<https://panlex.org/snapshot/panlex-20191001-csv/3975#51727689>		"m̄=bànā"@ndd	
"ɛ̀=mɛ̀i"@nbb	<https://panlex.org/snapshot/panlex-20191001-csv/3975#51728819>				<https://panlex.org/snapshot/panlex-20191001-csv/3975#51728823>		"ɛ̀=mɛ̃̀"@ndd	
"ɛ̀=mɛ̀i"@nbb	<https://panlex.org/snapshot/panlex-20191001-csv/3975#51728819>				<https://panlex.org/snapshot/panlex-20191001-csv/3975#51728822>		"ɛ̀=mɛ̀n"@ndd	
"ɛ̀=mɛ̀i"@nbb	<https://panlex.org/snapshot/panlex-20191001-csv/3975#51728819>				<https://panlex.org/snapshot/panlex-20191001-csv/3975#51728821>		"ɛ̀=mɛ̀n"@ndd	
"ɛ̀=mɛ̀i"@nbb	<https://panlex.org/snapshot/panlex-20191001-csv/3975#51728819>				<https://panlex.org/snapshot/panlex-20191001-csv/3975#51728824>		"ɛ̀=mɛ̀n"@ndd	
"è=líd"@nbb	<https://panlex.org/snapshot/panlex-20191001-csv/3975#51724090>				<https://panlex.org/snapshot/panlex-20191001-csv/3975#51724094>		"nʌ̀=mʌ̂r"@ndd	
"è=líd"@nbb	<https://panlex.org/snapshot/panlex-20191001-csv/3975#51724090>				<https://panlex.org/snapshot/panlex-20191001-csv/3975#51724092>		"nɛ̀=mʌ̂r"@ndd	
"è=líd"@nbb	<https://panlex.org/snapshot/panlex-20191001-csv/3975#51724090>				<https://panlex.org/snapshot/panlex-20191001-csv/3975#51724093>		"nǝ̀=mǝ̂r"@ndd	
"bɨ̀nǝ́ŋ"@nbb	<https://panlex.org/snapshot/panlex-20191001-csv/3975#51731129>				<https://panlex.org/snapshot/panlex-20191001-csv/3975#51731132>		"ʓɔ̀n"@ndd	
"bɨ̀nǝ́ŋ"@nbb	<https://panlex.org/snapshot/panlex-20191001-csv/3975#51731129>				<https://panlex.org/snapshot/panlex-20191001-csv/3975#51731133>		"ʓɔ̀n"@ndd	
"bɨ̀nǝ́ŋ"@nbb	<https://panlex.org/snapshot/panlex-20191001-csv/3975#51731129>				<https://panlex.org/snapshot/panlex-20191001-csv/3975#51731134>		"ʓɔ̀"@ndd	
"ɛ̀=ŋuàŋuàrì"@nbb	<https://panlex.org/snapshot/panlex-20191001-csv/3975#51722278>				<https://panlex.org/snapshot/panlex-20191001-csv/3975#51722282>		"ɛ̄=màɣà"@ndd	
"ɛ̀=ŋuàŋuàrì"@nbb	<https://panlex.org/snapshot/panlex-20191001-csv/3975#51722278>				<https://panlex.org/snapshot/panlex-20191001-csv/3975#51722280>		"ḿ=màːɣà"@ndd	
"ɛ̀=ŋuàŋuàrì"@nbb	<https://panlex.org/snapshot/panlex-20191001-csv/3975#51722278>				<https://panlex.org/snapshot/panlex-20191001-csv/3975#51722281>		"m̄=màɣà"@ndd	
"rǒ"@nbb	<https://panlex.org/snapshot/panlex-20191001-csv/3975#51722143>				<https://panlex.org/snapshot/panlex-20191001-csv/3975#51722148>		"fî"@ndd	
"rǒ"@nbb	<https://panlex.org/snapshot/panlex-20191001-csv/3975#51722143>				<https://panlex.org/snapshot/panlex-20191001-csv/3975#51722147>		"fî"@ndd	
"rǒ"@nbb	<https://panlex.org/snapshot/panlex-20191001-csv/3975#51722143>				<https://panlex.org/snapshot/panlex-20191001-csv/3975#51722146>		"fî"@ndd	
"è=lébì"@nbb	<https://panlex.org/snapshot/panlex-20191001-csv/3975#51733194>				<https://panlex.org/snapshot/panlex-20191001-csv/3975#51733197>		"nē=nìbî"@ndd	
"è=lébì"@nbb	<https://panlex.org/snapshot/panlex-20191001-csv/3975#51733194>				<https://panlex.org/snapshot/panlex-20191001-csv/3975#51733196>		"nɛ̄=nìbî"@ndd	
"è=lébì"@nbb	<https://panlex.org/snapshot/panlex-20191001-csv/3975#51733194>				<https://panlex.org/snapshot/panlex-20191001-csv/3975#51733198>		"nī=nìβī"@ndd	
"ò=fêŋ"@nbb	<https://panlex.org/snapshot/panlex-20191001-csv/3975#51728274>				<https://panlex.org/snapshot/panlex-20191001-csv/3975#51728278>		"m̀=mɛ̃̄ː"@ndd	
"ò=fêŋ"@nbb	<https://panlex.org/snapshot/panlex-20191001-csv/3975#51728274>				<https://panlex.org/snapshot/panlex-20191001-csv/3975#51728276>		"m̀=mɛ̃̌"@ndd	
"ò=fêŋ"@nbb	<https://panlex.org/snapshot/panlex-20191001-csv/3975#51728274>				<https://panlex.org/snapshot/panlex-20191001-csv/3975#51728277>		"m̀=mɛ̃̌"@ndd	
"ŋ̀=ŋuúl"@nbb	<https://panlex.org/snapshot/panlex-20191001-csv/3975#51729255>				<https://panlex.org/snapshot/panlex-20191001-csv/3975#51729258>		"m̀=mı̂n"@ndd	
"ŋ̀=ŋuúl"@nbb	<https://panlex.org/snapshot/panlex-20191001-csv/3975#51729255>				<https://panlex.org/snapshot/panlex-20191001-csv/3975#51729260>		"m̀=mı̂n"@ndd	
"ŋ̀=ŋuúl"@nbb	<https://panlex.org/snapshot/panlex-20191001-csv/3975#51729255>				<https://panlex.org/snapshot/panlex-20191001-csv/3975#51729259>		"m̀=mı̂n"@ndd	
"bɛ́=fál"@nbb	<https://panlex.org/snapshot/panlex-20191001-csv/3975#51733657>				<https://panlex.org/snapshot/panlex-20191001-csv/3975#51733660>		"bī=bâ"@ndd	
"bɛ́=fál"@nbb	<https://panlex.org/snapshot/panlex-20191001-csv/3975#51733657>				<https://panlex.org/snapshot/panlex-20191001-csv/3975#51733661>		"bɨ̄=bâ"@ndd	
"bɛ́=fál"@nbb	<https://panlex.org/snapshot/panlex-20191001-csv/3975#51733657>				<https://panlex.org/snapshot/panlex-20191001-csv/3975#51733662>		"bǝ̄=bâ"@ndd	
"bà=rɛ́m"@nbb	<https://panlex.org/snapshot/panlex-20191001-csv/3975#51727420>				<https://panlex.org/snapshot/panlex-20191001-csv/3975#51727424>		"ɛ̀=gbêr"@ndd	
"bà=rɛ́m"@nbb	<https://panlex.org/snapshot/panlex-20191001-csv/3975#51727420>				<https://panlex.org/snapshot/panlex-20191001-csv/3975#51727426>		"ò=gbêd"@ndd	
"bà=rɛ́m"@nbb	<https://panlex.org/snapshot/panlex-20191001-csv/3975#51727420>				<https://panlex.org/snapshot/panlex-20191001-csv/3975#51727423>		"ɛ̀=gbɛ̂r"@ndd	
"bà=rɛ́m"@nbb	<https://panlex.org/snapshot/panlex-20191001-csv/3975#51727420>				<https://panlex.org/snapshot/panlex-20191001-csv/3975#51727425>		"ò=gbêr"@ndd	
"bɛ́=nɔ̀nɔ́n"@nbb	<https://panlex.org/snapshot/panlex-20191001-csv/3975#51721302>				<https://panlex.org/snapshot/panlex-20191001-csv/3975#51721306>		"bǝ̀=sɔ̄g"@ndd	
"bɛ́=nɔ̀nɔ́n"@nbb	<https://panlex.org/snapshot/panlex-20191001-csv/3975#51721302>				<https://panlex.org/snapshot/panlex-20191001-csv/3975#51721307>		"bò=sōg"@ndd	
"bɛ́=nɔ̀nɔ́n"@nbb	<https://panlex.org/snapshot/panlex-20191001-csv/3975#51721302>				<https://panlex.org/snapshot/panlex-20191001-csv/3975#51721305>		"bɛ̀=sɔ́g"@ndd	
"ɲ̀=ɲàm"@nbb	<https://panlex.org/snapshot/panlex-20191001-csv/3975#51728117>				<https://panlex.org/snapshot/panlex-20191001-csv/3975#51728120>		"ɲ̀=ɲà"@ndd	
"ɲ̀=ɲàm"@nbb	<https://panlex.org/snapshot/panlex-20191001-csv/3975#51728117>				<https://panlex.org/snapshot/panlex-20191001-csv/3975#51728119>		"ɲ̀=ɲàm"@ndd	
"ɲ̀=ɲàm"@nbb	<https://panlex.org/snapshot/panlex-20191001-csv/3975#51728117>				<https://panlex.org/snapshot/panlex-20191001-csv/3975#51728121>		"ɲ̀=ɲà"@ndd	
"mín=dòbî"@nbb	<https://panlex.org/snapshot/panlex-20191001-csv/3975#51724367>				<https://panlex.org/snapshot/panlex-20191001-csv/3975#51724370>		"nǝ̀=fǔr"@ndd	
"mín=dòbî"@nbb	<https://panlex.org/snapshot/panlex-20191001-csv/3975#51724367>				<https://panlex.org/snapshot/panlex-20191001-csv/3975#51724369>		"nɛ̀=fǔr"@ndd	
"mín=dòbî"@nbb	<https://panlex.org/snapshot/panlex-20191001-csv/3975#51724367>				<https://panlex.org/snapshot/panlex-20191001-csv/3975#51724371>		"nò=fǒd"@ndd	
"mìŋ=kǒd"@nbb	<https://panlex.org/snapshot/panlex-20191001-csv/3975#51724511>				<https://panlex.org/snapshot/panlex-20191001-csv/3975#51724513>		"ŋ̀=gôn"@ndd	
"mìŋ=kǒd"@nbb	<https://panlex.org/snapshot/panlex-20191001-csv/3975#51724511>				<https://panlex.org/snapshot/panlex-20191001-csv/3975#51724514>		"ŋ̀=gô"@ndd	
"mìŋ=kǒd"@nbb	<https://panlex.org/snapshot/panlex-20191001-csv/3975#51724511>				<https://panlex.org/snapshot/panlex-20191001-csv/3975#51724516>		"ŋ̀=gôn"@ndd	
"mìŋ=kǒd"@nbb	<https://panlex.org/snapshot/panlex-20191001-csv/3975#51724511>				<https://panlex.org/snapshot/panlex-20191001-csv/3975#51724515>		"ŋ̀=gôn"@ndd	
"ŋ̀=guɔ́"@nbb	<https://panlex.org/snapshot/panlex-20191001-csv/3975#51723027>				<https://panlex.org/snapshot/panlex-20191001-csv/3975#51723032>		"ŋm̀=wɔ̂"@ndd	
"ŋ̀=guɔ́"@nbb	<https://panlex.org/snapshot/panlex-20191001-csv/3975#51723027>				<https://panlex.org/snapshot/panlex-20191001-csv/3975#51723031>		"ŋm̀=wɔ̂"@ndd	
"ŋ̀=guɔ́"@nbb	<https://panlex.org/snapshot/panlex-20191001-csv/3975#51723027>				<https://panlex.org/snapshot/panlex-20191001-csv/3975#51723030>		"ŋm̀=wɔ̂"@ndd	
"ɛ̀=ŋuàràŋ"@nbb	<https://panlex.org/snapshot/panlex-20191001-csv/3975#51722277>				<https://panlex.org/snapshot/panlex-20191001-csv/3975#51722282>		"ɛ̄=màɣà"@ndd	
"ɛ̀=ŋuàràŋ"@nbb	<https://panlex.org/snapshot/panlex-20191001-csv/3975#51722277>				<https://panlex.org/snapshot/panlex-20191001-csv/3975#51722280>		"ḿ=màːɣà"@ndd	
"ɛ̀=ŋuàràŋ"@nbb	<https://panlex.org/snapshot/panlex-20191001-csv/3975#51722277>				<https://panlex.org/snapshot/panlex-20191001-csv/3975#51722281>		"m̄=màɣà"@ndd	
"kɨ̀mí"@nbb	<https://panlex.org/snapshot/panlex-20191001-csv/3975#51731130>				<https://panlex.org/snapshot/panlex-20191001-csv/3975#51731132>		"ʓɔ̀n"@ndd	
"kɨ̀mí"@nbb	<https://panlex.org/snapshot/panlex-20191001-csv/3975#51731130>				<https://panlex.org/snapshot/panlex-20191001-csv/3975#51731133>		"ʓɔ̀n"@ndd	
"kɨ̀mí"@nbb	<https://panlex.org/snapshot/panlex-20191001-csv/3975#51731130>				<https://panlex.org/snapshot/panlex-20191001-csv/3975#51731134>		"ʓɔ̀"@ndd	
"ǹ=dí"@nbb	<https://panlex.org/snapshot/panlex-20191001-csv/3975#51724661>				<https://panlex.org/snapshot/panlex-20191001-csv/3975#51724664>		"ɲama-nap"@ndd	
"ǹ=dí"@nbb	<https://panlex.org/snapshot/panlex-20191001-csv/3975#51724661>				<https://panlex.org/snapshot/panlex-20191001-csv/3975#51724667>		"ɲaː-alʌp"@ndd	
"ǹ=dí"@nbb	<https://panlex.org/snapshot/panlex-20191001-csv/3975#51724661>				<https://panlex.org/snapshot/panlex-20191001-csv/3975#51724666>		"ɲāː-ālʌ́p"@ndd	
"ǹ=dí"@nbb	<https://panlex.org/snapshot/panlex-20191001-csv/3975#51724661>				<https://panlex.org/snapshot/panlex-20191001-csv/3975#51724665>		"ɲaːlʌp"@ndd	
"ò=rôl"@nbb	<https://panlex.org/snapshot/panlex-20191001-csv/3975#51723483>				<https://panlex.org/snapshot/panlex-20191001-csv/3975#51723485>		"ɛ̀=tɔ̂ŋ"@ndd	
"ò=rôl"@nbb	<https://panlex.org/snapshot/panlex-20191001-csv/3975#51723483>				<https://panlex.org/snapshot/panlex-20191001-csv/3975#51723486>		"ɛ̀=tɔ̂ŋ"@ndd	
"ò=rôl"@nbb	<https://panlex.org/snapshot/panlex-20191001-csv/3975#51723483>				<https://panlex.org/snapshot/panlex-20191001-csv/3975#51723487>		"ɔ̀=tɔ̂ŋ"@ndd	
"è=ré-ré"@nbb	<https://panlex.org/snapshot/panlex-20191001-csv/3975#51733493>				<https://panlex.org/snapshot/panlex-20191001-csv/3975#51733497>		"è=tē"@ndd	
"è=ré-ré"@nbb	<https://panlex.org/snapshot/panlex-20191001-csv/3975#51733493>				<https://panlex.org/snapshot/panlex-20191001-csv/3975#51733495>		"è=tē"@ndd	
"è=ré-ré"@nbb	<https://panlex.org/snapshot/panlex-20191001-csv/3975#51733493>				<https://panlex.org/snapshot/panlex-20191001-csv/3975#51733496>		"ɛ̀=tē"@ndd	
"ń=dɔ̀ŋɔ̂n"@nbb	<https://panlex.org/snapshot/panlex-20191001-csv/3975#51736298>				<https://panlex.org/snapshot/panlex-20191001-csv/3975#51736302>		"ɲ̄=sɔ̀ŋɔ̂"@ndd	
"ń=dɔ̀ŋɔ̂n"@nbb	<https://panlex.org/snapshot/panlex-20191001-csv/3975#51736298>				<https://panlex.org/snapshot/panlex-20191001-csv/3975#51736303>		"ɲ̄=sɔ̀ŋɔ́"@ndd	
"ń=dɔ̀ŋɔ̂n"@nbb	<https://panlex.org/snapshot/panlex-20191001-csv/3975#51736298>				<https://panlex.org/snapshot/panlex-20191001-csv/3975#51736301>		"ɲ̄=sɔ̀ŋɔ̂"@ndd	
"lái"@nbb	<https://panlex.org/snapshot/panlex-20191001-csv/3975#51731442>				<https://panlex.org/snapshot/panlex-20191001-csv/3975#51731444>		"nân"@ndd	
"lái"@nbb	<https://panlex.org/snapshot/panlex-20191001-csv/3975#51731442>				<https://panlex.org/snapshot/panlex-20191001-csv/3975#51731445>		"nân"@ndd	
"lái"@nbb	<https://panlex.org/snapshot/panlex-20191001-csv/3975#51731442>				<https://panlex.org/snapshot/panlex-20191001-csv/3975#51731446>		"nân"@ndd	
"mǎi"@nbb	<https://panlex.org/snapshot/panlex-20191001-csv/3975#51726983>				<https://panlex.org/snapshot/panlex-20191001-csv/3975#51726986>		"mɨ̀ŋì"@ndd	
"mǎi"@nbb	<https://panlex.org/snapshot/panlex-20191001-csv/3975#51726983>				<https://panlex.org/snapshot/panlex-20191001-csv/3975#51726987>		"mìŋì"@ndd	
"mǎi"@nbb	<https://panlex.org/snapshot/panlex-20191001-csv/3975#51726983>				<https://panlex.org/snapshot/panlex-20191001-csv/3975#51726985>		"mɨ̀ŋî"@ndd	
"bú"@nbb	<https://panlex.org/snapshot/panlex-20191001-csv/3975#51724793>				<https://panlex.org/snapshot/panlex-20191001-csv/3975#51724795>		"fùbû"@ndd	
"bú"@nbb	<https://panlex.org/snapshot/panlex-20191001-csv/3975#51724793>				<https://panlex.org/snapshot/panlex-20191001-csv/3975#51724798>		"fùbù"@ndd	
"bú"@nbb	<https://panlex.org/snapshot/panlex-20191001-csv/3975#51724793>				<https://panlex.org/snapshot/panlex-20191001-csv/3975#51724797>		"fùbù"@ndd	
"bú"@nbb	<https://panlex.org/snapshot/panlex-20191001-csv/3975#51724793>				<https://panlex.org/snapshot/panlex-20191001-csv/3975#51724796>		"fùβû"@ndd	
"è=dûndúŋ"@nbb	<https://panlex.org/snapshot/panlex-20191001-csv/3975#51726842>				<https://panlex.org/snapshot/panlex-20191001-csv/3975#51726845>		"ɛ̀=rɔ̂ŋ"@ndd	
"è=dûndúŋ"@nbb	<https://panlex.org/snapshot/panlex-20191001-csv/3975#51726842>				<https://panlex.org/snapshot/panlex-20191001-csv/3975#51726844>		"ɛ̀=rɔ̂ŋ"@ndd	
"è=dûndúŋ"@nbb	<https://panlex.org/snapshot/panlex-20191001-csv/3975#51726842>				<https://panlex.org/snapshot/panlex-20191001-csv/3975#51726846>		"ɛ̀=rɔ̂ŋ"@ndd	
"rǒi"@nbb	<https://panlex.org/snapshot/panlex-20191001-csv/3975#51722144>				<https://panlex.org/snapshot/panlex-20191001-csv/3975#51722148>		"fî"@ndd	
"rǒi"@nbb	<https://panlex.org/snapshot/panlex-20191001-csv/3975#51722144>				<https://panlex.org/snapshot/panlex-20191001-csv/3975#51722147>		"fî"@ndd	
"rǒi"@nbb	<https://panlex.org/snapshot/panlex-20191001-csv/3975#51722144>				<https://panlex.org/snapshot/panlex-20191001-csv/3975#51722146>		"fî"@ndd	
"lóm"@nbb	<https://panlex.org/snapshot/panlex-20191001-csv/3975#51721441>				<https://panlex.org/snapshot/panlex-20191001-csv/3975#51721445>		"gʌ̂ŋ"@ndd	
"lóm"@nbb	<https://panlex.org/snapshot/panlex-20191001-csv/3975#51721441>				<https://panlex.org/snapshot/panlex-20191001-csv/3975#51721444>		"gʌ̂ŋ"@ndd	
"lóm"@nbb	<https://panlex.org/snapshot/panlex-20191001-csv/3975#51721441>				<https://panlex.org/snapshot/panlex-20191001-csv/3975#51721446>		"gʌ̂ŋ"@ndd	
"wóg"@nbb	<https://panlex.org/snapshot/panlex-20191001-csv/3975#51726083>				<https://panlex.org/snapshot/panlex-20191001-csv/3975#51726086>		"yɔ̂g"@ndd	
"wóg"@nbb	<https://panlex.org/snapshot/panlex-20191001-csv/3975#51726083>				<https://panlex.org/snapshot/panlex-20191001-csv/3975#51726088>		"yôg"@ndd	
"wóg"@nbb	<https://panlex.org/snapshot/panlex-20191001-csv/3975#51726083>				<https://panlex.org/snapshot/panlex-20191001-csv/3975#51726087>		"yɔ̂g"@ndd	
"bɔ̀=kɔ̀g"@nbb	<https://panlex.org/snapshot/panlex-20191001-csv/3975#51735088>				<https://panlex.org/snapshot/panlex-20191001-csv/3975#51735091>		"nǝ̄=gɔ̀g-nǝ̄gɔ̀g"@ndd	
"bɔ̀=kɔ̀g"@nbb	<https://panlex.org/snapshot/panlex-20191001-csv/3975#51735088>				<https://panlex.org/snapshot/panlex-20191001-csv/3975#51735092>		"nɔ̄=gɔ̀g-nɔ̄gɔ̄g"@ndd	
"bɔ̀=kɔ̀g"@nbb	<https://panlex.org/snapshot/panlex-20191001-csv/3975#51735088>				<https://panlex.org/snapshot/panlex-20191001-csv/3975#51735090>		"nɛ̄=gɔ̀g-nɛ̄gɔ̀g"@ndd	
"ɲ̀=ɲàm"@nbb	<https://panlex.org/snapshot/panlex-20191001-csv/3975#51728116>				<https://panlex.org/snapshot/panlex-20191001-csv/3975#51728120>		"ɲ̀=ɲà"@ndd	
"ɲ̀=ɲàm"@nbb	<https://panlex.org/snapshot/panlex-20191001-csv/3975#51728116>				<https://panlex.org/snapshot/panlex-20191001-csv/3975#51728119>		"ɲ̀=ɲàm"@ndd	
"ɲ̀=ɲàm"@nbb	<https://panlex.org/snapshot/panlex-20191001-csv/3975#51728116>				<https://panlex.org/snapshot/panlex-20191001-csv/3975#51728121>		"ɲ̀=ɲà"@ndd	
"m̀=mài"@nbb	<https://panlex.org/snapshot/panlex-20191001-csv/3975#51734124>				<https://panlex.org/snapshot/panlex-20191001-csv/3975#51734128>		"à=lǝ̄b"@ndd	
"m̀=mài"@nbb	<https://panlex.org/snapshot/panlex-20191001-csv/3975#51734124>				<https://panlex.org/snapshot/panlex-20191001-csv/3975#51734129>		"à=nʌ́b"@ndd	
"m̀=mài"@nbb	<https://panlex.org/snapshot/panlex-20191001-csv/3975#51734124>				<https://panlex.org/snapshot/panlex-20191001-csv/3975#51734127>		"à=nʌ̄b"@ndd	
"nùmúŋ"@nbb	<https://panlex.org/snapshot/panlex-20191001-csv/3975#51727271>				<https://panlex.org/snapshot/panlex-20191001-csv/3975#51727276>		"nɔ̀ŋɔ̀"@ndd	
"nùmúŋ"@nbb	<https://panlex.org/snapshot/panlex-20191001-csv/3975#51727271>				<https://panlex.org/snapshot/panlex-20191001-csv/3975#51727274>		"nɔ̀ŋɔ̂"@ndd	
"nùmúŋ"@nbb	<https://panlex.org/snapshot/panlex-20191001-csv/3975#51727271>				<https://panlex.org/snapshot/panlex-20191001-csv/3975#51727275>		"nɔ̀ŋɔ̀"@ndd	
"m̀=mùní"@nbb	<https://panlex.org/snapshot/panlex-20191001-csv/3975#51730988>				<https://panlex.org/snapshot/panlex-20191001-csv/3975#51730992>		"m̀=mòg"@ndd	
"m̀=mùní"@nbb	<https://panlex.org/snapshot/panlex-20191001-csv/3975#51730988>				<https://panlex.org/snapshot/panlex-20191001-csv/3975#51730990>		"m̀=mɔ̀g"@ndd	
"m̀=mùní"@nbb	<https://panlex.org/snapshot/panlex-20191001-csv/3975#51730988>				<https://panlex.org/snapshot/panlex-20191001-csv/3975#51730991>		"m̀=mɔ̀g"@ndd	
"lóm"@nbb	<https://panlex.org/snapshot/panlex-20191001-csv/3975#51721442>				<https://panlex.org/snapshot/panlex-20191001-csv/3975#51721445>		"gʌ̂ŋ"@ndd	
"lóm"@nbb	<https://panlex.org/snapshot/panlex-20191001-csv/3975#51721442>				<https://panlex.org/snapshot/panlex-20191001-csv/3975#51721444>		"gʌ̂ŋ"@ndd	
"lóm"@nbb	<https://panlex.org/snapshot/panlex-20191001-csv/3975#51721442>				<https://panlex.org/snapshot/panlex-20191001-csv/3975#51721446>		"gʌ̂ŋ"@ndd	
"è=rí"@nbb	<https://panlex.org/snapshot/panlex-20191001-csv/3975#51725925>				<https://panlex.org/snapshot/panlex-20191001-csv/3975#51725929>		"ì=sî"@ndd	
"è=rí"@nbb	<https://panlex.org/snapshot/panlex-20191001-csv/3975#51725925>				<https://panlex.org/snapshot/panlex-20191001-csv/3975#51725927>		"ɛ̀=sî"@ndd	
"è=rí"@nbb	<https://panlex.org/snapshot/panlex-20191001-csv/3975#51725925>				<https://panlex.org/snapshot/panlex-20191001-csv/3975#51725928>		"ɛ̀=sî"@ndd	
"é=kpókpó"@nbb	<https://panlex.org/snapshot/panlex-20191001-csv/3975#51722002>				<https://panlex.org/snapshot/panlex-20191001-csv/3975#51722004>		"ŋ̀=gʌ̌ŋ"@ndd	
"é=kpókpó"@nbb	<https://panlex.org/snapshot/panlex-20191001-csv/3975#51722002>				<https://panlex.org/snapshot/panlex-20191001-csv/3975#51722006>		"ŋ̀=gǎŋ"@ndd	
"é=kpókpó"@nbb	<https://panlex.org/snapshot/panlex-20191001-csv/3975#51722002>				<https://panlex.org/snapshot/panlex-20191001-csv/3975#51722005>		"ŋ̀=gʌ̌ŋ"@ndd	
"m̀=pɛ́b"@nbb	<https://panlex.org/snapshot/panlex-20191001-csv/3975#51736172>				<https://panlex.org/snapshot/panlex-20191001-csv/3975#51736177>		"ɱ̀=fɛ̂b"@ndd	
"m̀=pɛ́b"@nbb	<https://panlex.org/snapshot/panlex-20191001-csv/3975#51736172>				<https://panlex.org/snapshot/panlex-20191001-csv/3975#51736176>		"ɱ̀=fɛ̂b"@ndd	
"m̀=pɛ́b"@nbb	<https://panlex.org/snapshot/panlex-20191001-csv/3975#51736172>				<https://panlex.org/snapshot/panlex-20191001-csv/3975#51736175>		"ɱ̀=fɛ̂b"@ndd	
"ɔ̀=bɔ́"@nbb	<https://panlex.org/snapshot/panlex-20191001-csv/3975#51725769>				<https://panlex.org/snapshot/panlex-20191001-csv/3975#51725774>		"ɔ̀=bɔ̂"@ndd	
"ɔ̀=bɔ́"@nbb	<https://panlex.org/snapshot/panlex-20191001-csv/3975#51725769>				<https://panlex.org/snapshot/panlex-20191001-csv/3975#51725773>		"ɛ̀=bɔ̂"@ndd	
"ɔ̀=bɔ́"@nbb	<https://panlex.org/snapshot/panlex-20191001-csv/3975#51725769>				<https://panlex.org/snapshot/panlex-20191001-csv/3975#51725772>		"ɛ̀=bɔ̂"@ndd	
"wóm"@nbb	<https://panlex.org/snapshot/panlex-20191001-csv/3975#51723340>				<https://panlex.org/snapshot/panlex-20191001-csv/3975#51723343>		"yô"@ndd	
"wóm"@nbb	<https://panlex.org/snapshot/panlex-20191001-csv/3975#51723340>				<https://panlex.org/snapshot/panlex-20191001-csv/3975#51723344>		"yô"@ndd	
"wóm"@nbb	<https://panlex.org/snapshot/panlex-20191001-csv/3975#51723340>				<https://panlex.org/snapshot/panlex-20191001-csv/3975#51723342>		"yôm"@ndd	
"wóm"@nbb	<https://panlex.org/snapshot/panlex-20191001-csv/3975#51723340>				<https://panlex.org/snapshot/panlex-20191001-csv/3975#51723345>		"yōò"@ndd	
"m̀=pí"@nbb	<https://panlex.org/snapshot/panlex-20191001-csv/3975#51728677>				<https://panlex.org/snapshot/panlex-20191001-csv/3975#51728679>		"m̀=bìŋ"@ndd	
"m̀=pí"@nbb	<https://panlex.org/snapshot/panlex-20191001-csv/3975#51728677>				<https://panlex.org/snapshot/panlex-20191001-csv/3975#51728682>		"m̀=bìŋ"@ndd	
"m̀=pí"@nbb	<https://panlex.org/snapshot/panlex-20191001-csv/3975#51728677>				<https://panlex.org/snapshot/panlex-20191001-csv/3975#51728681>		"m̀=bèŋ"@ndd	
"m̀=pí"@nbb	<https://panlex.org/snapshot/panlex-20191001-csv/3975#51728677>				<https://panlex.org/snapshot/panlex-20191001-csv/3975#51728680>		"m̀=bèŋ"@ndd	
"wól"@nbb	<https://panlex.org/snapshot/panlex-20191001-csv/3975#51726696>				<https://panlex.org/snapshot/panlex-20191001-csv/3975#51726701>		"yôn"@ndd	
"wól"@nbb	<https://panlex.org/snapshot/panlex-20191001-csv/3975#51726696>				<https://panlex.org/snapshot/panlex-20191001-csv/3975#51726700>		"yôn"@ndd	
"wól"@nbb	<https://panlex.org/snapshot/panlex-20191001-csv/3975#51726696>				<https://panlex.org/snapshot/panlex-20191001-csv/3975#51726699>		"yôn"@ndd	
"ɔ̀=bɔ́"@nbb	<https://panlex.org/snapshot/panlex-20191001-csv/3975#51725770>				<https://panlex.org/snapshot/panlex-20191001-csv/3975#51725774>		"ɔ̀=bɔ̂"@ndd	
"ɔ̀=bɔ́"@nbb	<https://panlex.org/snapshot/panlex-20191001-csv/3975#51725770>				<https://panlex.org/snapshot/panlex-20191001-csv/3975#51725773>		"ɛ̀=bɔ̂"@ndd	
"ɔ̀=bɔ́"@nbb	<https://panlex.org/snapshot/panlex-20191001-csv/3975#51725770>				<https://panlex.org/snapshot/panlex-20191001-csv/3975#51725772>		"ɛ̀=bɔ̂"@ndd	
"mìŋ=kí"@nbb	<https://panlex.org/snapshot/panlex-20191001-csv/3975#51732594>				<https://panlex.org/snapshot/panlex-20191001-csv/3975#51732596>		"nè=sîn"@ndd	
"mìŋ=kí"@nbb	<https://panlex.org/snapshot/panlex-20191001-csv/3975#51732594>				<https://panlex.org/snapshot/panlex-20191001-csv/3975#51732598>		"nɛ̀=sı̂n"@ndd	
"mìŋ=kí"@nbb	<https://panlex.org/snapshot/panlex-20191001-csv/3975#51732594>				<https://panlex.org/snapshot/panlex-20191001-csv/3975#51732597>		"nè=sīìn"@ndd	
"mìŋ=kí"@nbb	<https://panlex.org/snapshot/panlex-20191001-csv/3975#51732594>				<https://panlex.org/snapshot/panlex-20191001-csv/3975#51732599>		"nì=sîn"@ndd	
"bɛ̀=kòkól"@nbb	<https://panlex.org/snapshot/panlex-20191001-csv/3975#51728394>				<https://panlex.org/snapshot/panlex-20191001-csv/3975#51728397>		"ɛ̀=gǒn"@ndd	
"bɛ̀=kòkól"@nbb	<https://panlex.org/snapshot/panlex-20191001-csv/3975#51728394>				<https://panlex.org/snapshot/panlex-20191001-csv/3975#51728398>		"ŋ̀=kòŋkon"@ndd	
"bɛ̀=kòkól"@nbb	<https://panlex.org/snapshot/panlex-20191001-csv/3975#51728394>				<https://panlex.org/snapshot/panlex-20191001-csv/3975#51728396>		"è=gǒn"@ndd	
"ʓí-d"@nbb	<https://panlex.org/snapshot/panlex-20191001-csv/3975#51729584>				<https://panlex.org/snapshot/panlex-20191001-csv/3975#51729588>		"ɛ̄=ʓî"@ndd	
"ʓí-d"@nbb	<https://panlex.org/snapshot/panlex-20191001-csv/3975#51729584>				<https://panlex.org/snapshot/panlex-20191001-csv/3975#51729587>		"ɛ̄=ʓīì"@ndd	
"ʓí-d"@nbb	<https://panlex.org/snapshot/panlex-20191001-csv/3975#51729584>				<https://panlex.org/snapshot/panlex-20191001-csv/3975#51729589>		"ɲ̄=ʓīì"@ndd	
"bɔ̀=kɔ̀g"@nbb	<https://panlex.org/snapshot/panlex-20191001-csv/3975#51735087>				<https://panlex.org/snapshot/panlex-20191001-csv/3975#51735091>		"nǝ̄=gɔ̀g-nǝ̄gɔ̀g"@ndd	
"bɔ̀=kɔ̀g"@nbb	<https://panlex.org/snapshot/panlex-20191001-csv/3975#51735087>				<https://panlex.org/snapshot/panlex-20191001-csv/3975#51735092>		"nɔ̄=gɔ̀g-nɔ̄gɔ̄g"@ndd	
"bɔ̀=kɔ̀g"@nbb	<https://panlex.org/snapshot/panlex-20191001-csv/3975#51735087>				<https://panlex.org/snapshot/panlex-20191001-csv/3975#51735090>		"nɛ̄=gɔ̀g-nɛ̄gɔ̀g"@ndd	
"ɛ̀=kǝ́b"@nbb	<https://panlex.org/snapshot/panlex-20191001-csv/3975#51721870>				<https://panlex.org/snapshot/panlex-20191001-csv/3975#51721875>		"ɛ̀=kʌ̄b"@ndd	
"ɛ̀=kǝ́b"@nbb	<https://panlex.org/snapshot/panlex-20191001-csv/3975#51721870>				<https://panlex.org/snapshot/panlex-20191001-csv/3975#51721873>		"ɛ̀=kʌ̄b"@ndd	
"ɛ̀=kǝ́b"@nbb	<https://panlex.org/snapshot/panlex-20191001-csv/3975#51721870>				<https://panlex.org/snapshot/panlex-20191001-csv/3975#51721874>		"ɛ̀=kǝ̄b"@ndd	
"m̀=mǔŋ"@nbb	<https://panlex.org/snapshot/panlex-20191001-csv/3975#51730987>				<https://panlex.org/snapshot/panlex-20191001-csv/3975#51730992>		"m̀=mòg"@ndd	
"m̀=mǔŋ"@nbb	<https://panlex.org/snapshot/panlex-20191001-csv/3975#51730987>				<https://panlex.org/snapshot/panlex-20191001-csv/3975#51730990>		"m̀=mɔ̀g"@ndd	
"m̀=mǔŋ"@nbb	<https://panlex.org/snapshot/panlex-20191001-csv/3975#51730987>				<https://panlex.org/snapshot/panlex-20191001-csv/3975#51730991>		"m̀=mɔ̀g"@ndd	
"ǹ=táŋ"@nbb	<https://panlex.org/snapshot/panlex-20191001-csv/3975#51726361>				<https://panlex.org/snapshot/panlex-20191001-csv/3975#51726366>		"ǹ=tǝ̄ŋā"@ndd	
"ǹ=táŋ"@nbb	<https://panlex.org/snapshot/panlex-20191001-csv/3975#51726361>				<https://panlex.org/snapshot/panlex-20191001-csv/3975#51726365>		"ǹ=tǝ̄ŋā"@ndd	
"ǹ=táŋ"@nbb	<https://panlex.org/snapshot/panlex-20191001-csv/3975#51726361>				<https://panlex.org/snapshot/panlex-20191001-csv/3975#51726364>		"ǹ=tɨ̄ŋā"@ndd	
"m̀=pɛ́b"@nbb	<https://panlex.org/snapshot/panlex-20191001-csv/3975#51736173>				<https://panlex.org/snapshot/panlex-20191001-csv/3975#51736177>		"ɱ̀=fɛ̂b"@ndd	
"m̀=pɛ́b"@nbb	<https://panlex.org/snapshot/panlex-20191001-csv/3975#51736173>				<https://panlex.org/snapshot/panlex-20191001-csv/3975#51736176>		"ɱ̀=fɛ̂b"@ndd	
"m̀=pɛ́b"@nbb	<https://panlex.org/snapshot/panlex-20191001-csv/3975#51736173>				<https://panlex.org/snapshot/panlex-20191001-csv/3975#51736175>		"ɱ̀=fɛ̂b"@ndd	
"lɛ̀=mǝ́rr"@nbb	<https://panlex.org/snapshot/panlex-20191001-csv/3975#51724089>				<https://panlex.org/snapshot/panlex-20191001-csv/3975#51724094>		"nʌ̀=mʌ̂r"@ndd	
"lɛ̀=mǝ́rr"@nbb	<https://panlex.org/snapshot/panlex-20191001-csv/3975#51724089>				<https://panlex.org/snapshot/panlex-20191001-csv/3975#51724092>		"nɛ̀=mʌ̂r"@ndd	
"lɛ̀=mǝ́rr"@nbb	<https://panlex.org/snapshot/panlex-20191001-csv/3975#51724089>				<https://panlex.org/snapshot/panlex-20191001-csv/3975#51724093>		"nǝ̀=mǝ̂r"@ndd	
"lámáŋ"@nbb	<https://panlex.org/snapshot/panlex-20191001-csv/3975#51731878>				<https://panlex.org/snapshot/panlex-20191001-csv/3975#51731883>		"yīmì"@ndd	
"lámáŋ"@nbb	<https://panlex.org/snapshot/panlex-20191001-csv/3975#51731878>				<https://panlex.org/snapshot/panlex-20191001-csv/3975#51731882>		"yēmè"@ndd	
"lámáŋ"@nbb	<https://panlex.org/snapshot/panlex-20191001-csv/3975#51731878>				<https://panlex.org/snapshot/panlex-20191001-csv/3975#51731881>		"yīmì"@ndd	
"ɛ́=ʓírá"@nbb	<https://panlex.org/snapshot/panlex-20191001-csv/3975#51721580>				<https://panlex.org/snapshot/panlex-20191001-csv/3975#51721583>		"ɲ̄=ɲɨ̀ɣâ"@ndd	
"ɛ́=ʓírá"@nbb	<https://panlex.org/snapshot/panlex-20191001-csv/3975#51721580>				<https://panlex.org/snapshot/panlex-20191001-csv/3975#51721584>		"ɲ̄=ɲǝ̀ɣâ"@ndd	
"ɛ́=ʓírá"@nbb	<https://panlex.org/snapshot/panlex-20191001-csv/3975#51721580>				<https://panlex.org/snapshot/panlex-20191001-csv/3975#51721585>		"ɲ̄=ɲǝ̀ɣā"@ndd	
"ɛ̀=rûndúŋ"@nbb	<https://panlex.org/snapshot/panlex-20191001-csv/3975#51726841>				<https://panlex.org/snapshot/panlex-20191001-csv/3975#51726845>		"ɛ̀=rɔ̂ŋ"@ndd	
"ɛ̀=rûndúŋ"@nbb	<https://panlex.org/snapshot/panlex-20191001-csv/3975#51726841>				<https://panlex.org/snapshot/panlex-20191001-csv/3975#51726844>		"ɛ̀=rɔ̂ŋ"@ndd	
"ɛ̀=rûndúŋ"@nbb	<https://panlex.org/snapshot/panlex-20191001-csv/3975#51726841>				<https://panlex.org/snapshot/panlex-20191001-csv/3975#51726846>		"ɛ̀=rɔ̂ŋ"@ndd	
"ń=dòbòg"@nbb	<https://panlex.org/snapshot/panlex-20191001-csv/3975#51724366>				<https://panlex.org/snapshot/panlex-20191001-csv/3975#51724370>		"nǝ̀=fǔr"@ndd	
"ń=dòbòg"@nbb	<https://panlex.org/snapshot/panlex-20191001-csv/3975#51724366>				<https://panlex.org/snapshot/panlex-20191001-csv/3975#51724369>		"nɛ̀=fǔr"@ndd	
"ń=dòbòg"@nbb	<https://panlex.org/snapshot/panlex-20191001-csv/3975#51724366>				<https://panlex.org/snapshot/panlex-20191001-csv/3975#51724371>		"nò=fǒd"@ndd	
"bò=rú"@nbb	<https://panlex.org/snapshot/panlex-20191001-csv/3975#51729098>				<https://panlex.org/snapshot/panlex-20191001-csv/3975#51729102>		"è=nōkǒn"@ndd	
"bò=rú"@nbb	<https://panlex.org/snapshot/panlex-20191001-csv/3975#51729098>				<https://panlex.org/snapshot/panlex-20191001-csv/3975#51729101>		"ɛ̀=nōkōn"@ndd	
"bò=rú"@nbb	<https://panlex.org/snapshot/panlex-20191001-csv/3975#51729098>				<https://panlex.org/snapshot/panlex-20191001-csv/3975#51729100>		"è=nōkōn"@ndd	
"ŋ̀=kòkôd"@nbb	<https://panlex.org/snapshot/panlex-20191001-csv/3975#51727685>				<https://panlex.org/snapshot/panlex-20191001-csv/3975#51727687>		"m̄=bànâ"@ndd	
"ŋ̀=kòkôd"@nbb	<https://panlex.org/snapshot/panlex-20191001-csv/3975#51727685>				<https://panlex.org/snapshot/panlex-20191001-csv/3975#51727688>		"m̄=bànâ"@ndd	
"ŋ̀=kòkôd"@nbb	<https://panlex.org/snapshot/panlex-20191001-csv/3975#51727685>				<https://panlex.org/snapshot/panlex-20191001-csv/3975#51727689>		"m̄=bànā"@ndd	
"mì=nɛ̀"@nbb	<https://panlex.org/snapshot/panlex-20191001-csv/3975#51729738>				<https://panlex.org/snapshot/panlex-20191001-csv/3975#51729742>		"ǹ=nɛ̀"@ndd	
"mì=nɛ̀"@nbb	<https://panlex.org/snapshot/panlex-20191001-csv/3975#51729738>				<https://panlex.org/snapshot/panlex-20191001-csv/3975#51729741>		"ǹ=nɛ̀"@ndd	
"mì=nɛ̀"@nbb	<https://panlex.org/snapshot/panlex-20191001-csv/3975#51729738>				<https://panlex.org/snapshot/panlex-20191001-csv/3975#51729740>		"ǹ=nɛ̀"@ndd	
"ɲ̀=ɲɔ́"@nbb	<https://panlex.org/snapshot/panlex-20191001-csv/3975#51735888>				<https://panlex.org/snapshot/panlex-20191001-csv/3975#51735891>		"ɲ̄=ɲɔ̀ɔ̂"@ndd	
"ɲ̀=ɲɔ́"@nbb	<https://panlex.org/snapshot/panlex-20191001-csv/3975#51735888>				<https://panlex.org/snapshot/panlex-20191001-csv/3975#51735892>		"ɲ̄=ɲɔ̀ɔ̂"@ndd	
"ɲ̀=ɲɔ́"@nbb	<https://panlex.org/snapshot/panlex-20191001-csv/3975#51735888>				<https://panlex.org/snapshot/panlex-20191001-csv/3975#51735893>		"ɲ̀=ɲɔ̂"@ndd	
"lè=légèb"@nbb	<https://panlex.org/snapshot/panlex-20191001-csv/3975#51733193>				<https://panlex.org/snapshot/panlex-20191001-csv/3975#51733197>		"nē=nìbî"@ndd	
"lè=légèb"@nbb	<https://panlex.org/snapshot/panlex-20191001-csv/3975#51733193>				<https://panlex.org/snapshot/panlex-20191001-csv/3975#51733196>		"nɛ̄=nìbî"@ndd	
"lè=légèb"@nbb	<https://panlex.org/snapshot/panlex-20191001-csv/3975#51733193>				<https://panlex.org/snapshot/panlex-20191001-csv/3975#51733198>		"nī=nìβī"@ndd	
"mìŋ=káŋ"@nbb	<https://panlex.org/snapshot/panlex-20191001-csv/3975#51735620>				<https://panlex.org/snapshot/panlex-20191001-csv/3975#51735623>		"à=kʌ̂ŋ"@ndd	
"mìŋ=káŋ"@nbb	<https://panlex.org/snapshot/panlex-20191001-csv/3975#51735620>				<https://panlex.org/snapshot/panlex-20191001-csv/3975#51735624>		"à=kʌ̂ŋ"@ndd	
"mìŋ=káŋ"@nbb	<https://panlex.org/snapshot/panlex-20191001-csv/3975#51735620>				<https://panlex.org/snapshot/panlex-20191001-csv/3975#51735622>		"à=kʌ̂ŋ"@ndd	
"kuɔ́"@nbb	<https://panlex.org/snapshot/panlex-20191001-csv/3975#51722875>				<https://panlex.org/snapshot/panlex-20191001-csv/3975#51722877>		"kpɔ̂"@ndd	
"kuɔ́"@nbb	<https://panlex.org/snapshot/panlex-20191001-csv/3975#51722875>				<https://panlex.org/snapshot/panlex-20191001-csv/3975#51722879>		"kpɔ̂"@ndd	
"kuɔ́"@nbb	<https://panlex.org/snapshot/panlex-20191001-csv/3975#51722875>				<https://panlex.org/snapshot/panlex-20191001-csv/3975#51722878>		"kpɔ̂"@ndd	
"rɔ̌"@nbb	<https://panlex.org/snapshot/panlex-20191001-csv/3975#51730840>				<https://panlex.org/snapshot/panlex-20191001-csv/3975#51730843>		"yɛ̄ɛ̀"@ndd	
"rɔ̌"@nbb	<https://panlex.org/snapshot/panlex-20191001-csv/3975#51730840>				<https://panlex.org/snapshot/panlex-20191001-csv/3975#51730844>		"yɛ̂"@ndd	
"rɔ̌"@nbb	<https://panlex.org/snapshot/panlex-20191001-csv/3975#51730840>				<https://panlex.org/snapshot/panlex-20191001-csv/3975#51730845>		"yɛ̄ɛ̀"@ndd	
"mìŋ=kánì"@nbb	<https://panlex.org/snapshot/panlex-20191001-csv/3975#51734940>				<https://panlex.org/snapshot/panlex-20191001-csv/3975#51734942>		"màŋ=kāː"@ndd	
"mìŋ=kánì"@nbb	<https://panlex.org/snapshot/panlex-20191001-csv/3975#51734940>				<https://panlex.org/snapshot/panlex-20191001-csv/3975#51734943>		"mǝ̀ŋ=kā"@ndd	
"mìŋ=kánì"@nbb	<https://panlex.org/snapshot/panlex-20191001-csv/3975#51734940>				<https://panlex.org/snapshot/panlex-20191001-csv/3975#51734944>		"mʌ̀ŋ=kāː"@ndd	
"é=bélá"@nbb	<https://panlex.org/snapshot/panlex-20191001-csv/3975#51730022>				<https://panlex.org/snapshot/panlex-20191001-csv/3975#51730026>		"m̄=bīnī"@ndd	
"é=bélá"@nbb	<https://panlex.org/snapshot/panlex-20191001-csv/3975#51730022>				<https://panlex.org/snapshot/panlex-20191001-csv/3975#51730025>		"m̄=bīnī"@ndd	
"é=bélá"@nbb	<https://panlex.org/snapshot/panlex-20191001-csv/3975#51730022>				<https://panlex.org/snapshot/panlex-20191001-csv/3975#51730027>		"m̄=bīnī"@ndd	
"ŋ̀=guɔ́"@nbb	<https://panlex.org/snapshot/panlex-20191001-csv/3975#51723028>				<https://panlex.org/snapshot/panlex-20191001-csv/3975#51723032>		"ŋm̀=wɔ̂"@ndd	
"ŋ̀=guɔ́"@nbb	<https://panlex.org/snapshot/panlex-20191001-csv/3975#51723028>				<https://panlex.org/snapshot/panlex-20191001-csv/3975#51723031>		"ŋm̀=wɔ̂"@ndd	
"ŋ̀=guɔ́"@nbb	<https://panlex.org/snapshot/panlex-20191001-csv/3975#51723028>				<https://panlex.org/snapshot/panlex-20191001-csv/3975#51723030>		"ŋm̀=wɔ̂"@ndd	
"ɲ̀=yá"@nbb	<https://panlex.org/snapshot/panlex-20191001-csv/3975#51736421>				<https://panlex.org/snapshot/panlex-20191001-csv/3975#51736424>		"ɲ̀=ɲâ"@ndd	
"ɲ̀=yá"@nbb	<https://panlex.org/snapshot/panlex-20191001-csv/3975#51736421>				<https://panlex.org/snapshot/panlex-20191001-csv/3975#51736426>		"ɲ̀=ɲâ"@ndd	
"ɲ̀=yá"@nbb	<https://panlex.org/snapshot/panlex-20191001-csv/3975#51736421>				<https://panlex.org/snapshot/panlex-20191001-csv/3975#51736425>		"ɲ̀=ɲâ"@ndd	
"ǹ=dɔ̂i"@nbb	<https://panlex.org/snapshot/panlex-20191001-csv/3975#51720766>				<https://panlex.org/snapshot/panlex-20191001-csv/3975#51720768>		"ǹ=tɔ̂ŋ"@ndd	
"ǹ=dɔ̂i"@nbb	<https://panlex.org/snapshot/panlex-20191001-csv/3975#51720766>				<https://panlex.org/snapshot/panlex-20191001-csv/3975#51720769>		"ǹ=tɔ̂ŋ"@ndd	
"ǹ=dɔ̂i"@nbb	<https://panlex.org/snapshot/panlex-20191001-csv/3975#51720766>				<https://panlex.org/snapshot/panlex-20191001-csv/3975#51720770>		"ǹ=tɔ̂ŋ"@ndd	
"ɛ́=kpókpó"@nbb	<https://panlex.org/snapshot/panlex-20191001-csv/3975#51722001>				<https://panlex.org/snapshot/panlex-20191001-csv/3975#51722004>		"ŋ̀=gʌ̌ŋ"@ndd	
"ɛ́=kpókpó"@nbb	<https://panlex.org/snapshot/panlex-20191001-csv/3975#51722001>				<https://panlex.org/snapshot/panlex-20191001-csv/3975#51722006>		"ŋ̀=gǎŋ"@ndd	
"ɛ́=kpókpó"@nbb	<https://panlex.org/snapshot/panlex-20191001-csv/3975#51722001>				<https://panlex.org/snapshot/panlex-20191001-csv/3975#51722005>		"ŋ̀=gʌ̌ŋ"@ndd	
"wɔ́g"@nbb	<https://panlex.org/snapshot/panlex-20191001-csv/3975#51732464>				<https://panlex.org/snapshot/panlex-20191001-csv/3975#51732466>		"yɔ̂g"@ndd	
"wɔ́g"@nbb	<https://panlex.org/snapshot/panlex-20191001-csv/3975#51732464>				<https://panlex.org/snapshot/panlex-20191001-csv/3975#51732467>		"yɔ̂g"@ndd	
"wɔ́g"@nbb	<https://panlex.org/snapshot/panlex-20191001-csv/3975#51732464>				<https://panlex.org/snapshot/panlex-20191001-csv/3975#51732468>		"yɔ̂g"@ndd	
"bò=ré"@nbb	<https://panlex.org/snapshot/panlex-20191001-csv/3975#51733492>				<https://panlex.org/snapshot/panlex-20191001-csv/3975#51733497>		"è=tē"@ndd	
"bò=ré"@nbb	<https://panlex.org/snapshot/panlex-20191001-csv/3975#51733492>				<https://panlex.org/snapshot/panlex-20191001-csv/3975#51733495>		"è=tē"@ndd	
"bò=ré"@nbb	<https://panlex.org/snapshot/panlex-20191001-csv/3975#51733492>				<https://panlex.org/snapshot/panlex-20191001-csv/3975#51733496>		"ɛ̀=tē"@ndd	
"ǹ=núŋ"@nbb	<https://panlex.org/snapshot/panlex-20191001-csv/3975#51721726>				<https://panlex.org/snapshot/panlex-20191001-csv/3975#51721730>		"à=nɔ̄ŋ"@ndd	
"ǹ=núŋ"@nbb	<https://panlex.org/snapshot/panlex-20191001-csv/3975#51721726>				<https://panlex.org/snapshot/panlex-20191001-csv/3975#51721731>		"à=nɔ̄ŋ"@ndd	
"ǹ=núŋ"@nbb	<https://panlex.org/snapshot/panlex-20191001-csv/3975#51721726>				<https://panlex.org/snapshot/panlex-20191001-csv/3975#51721729>		"à=nɔ̄ŋ"@ndd	
"bà=nɔ̀i"@nbb	<https://panlex.org/snapshot/panlex-20191001-csv/3975#51724237>				<https://panlex.org/snapshot/panlex-20191001-csv/3975#51724241>		"à=fɔ̂"@ndd	
"bà=nɔ̀i"@nbb	<https://panlex.org/snapshot/panlex-20191001-csv/3975#51724237>				<https://panlex.org/snapshot/panlex-20191001-csv/3975#51724240>		"à=fɔ̂"@ndd	
"bà=nɔ̀i"@nbb	<https://panlex.org/snapshot/panlex-20191001-csv/3975#51724237>				<https://panlex.org/snapshot/panlex-20191001-csv/3975#51724239>		"à=fɔ̂m"@ndd	
"ɛ̀=rí"@nbb	<https://panlex.org/snapshot/panlex-20191001-csv/3975#51725924>				<https://panlex.org/snapshot/panlex-20191001-csv/3975#51725929>		"ì=sî"@ndd	
"ɛ̀=rí"@nbb	<https://panlex.org/snapshot/panlex-20191001-csv/3975#51725924>				<https://panlex.org/snapshot/panlex-20191001-csv/3975#51725927>		"ɛ̀=sî"@ndd	
"ɛ̀=rí"@nbb	<https://panlex.org/snapshot/panlex-20191001-csv/3975#51725924>				<https://panlex.org/snapshot/panlex-20191001-csv/3975#51725928>		"ɛ̀=sî"@ndd	
"ɛ̀=kpágá"@nbb	<https://panlex.org/snapshot/panlex-20191001-csv/3975#51720894>				<https://panlex.org/snapshot/panlex-20191001-csv/3975#51720897>		"ɛ̀=kpǝ̄ɣā"@ndd	
"ɛ̀=kpágá"@nbb	<https://panlex.org/snapshot/panlex-20191001-csv/3975#51720894>				<https://panlex.org/snapshot/panlex-20191001-csv/3975#51720898>		"ɛ̀=kpǝ̄ɣā"@ndd	
"ɛ̀=kpágá"@nbb	<https://panlex.org/snapshot/panlex-20191001-csv/3975#51720894>				<https://panlex.org/snapshot/panlex-20191001-csv/3975#51720899>		"ɛ̀=kpǝ̄ɣā"@ndd	
"bá"@nbb	<https://panlex.org/snapshot/panlex-20191001-csv/3975#51722693>				<https://panlex.org/snapshot/panlex-20191001-csv/3975#51722696>		"bâ"@ndd	
"bá"@nbb	<https://panlex.org/snapshot/panlex-20191001-csv/3975#51722693>				<https://panlex.org/snapshot/panlex-20191001-csv/3975#51722695>		"bâ"@ndd	
"bá"@nbb	<https://panlex.org/snapshot/panlex-20191001-csv/3975#51722693>				<https://panlex.org/snapshot/panlex-20191001-csv/3975#51722697>		"bâ"@ndd	
"wɔ́g"@nbb	<https://panlex.org/snapshot/panlex-20191001-csv/3975#51732463>				<https://panlex.org/snapshot/panlex-20191001-csv/3975#51732466>		"yɔ̂g"@ndd	
"wɔ́g"@nbb	<https://panlex.org/snapshot/panlex-20191001-csv/3975#51732463>				<https://panlex.org/snapshot/panlex-20191001-csv/3975#51732467>		"yɔ̂g"@ndd	
"wɔ́g"@nbb	<https://panlex.org/snapshot/panlex-20191001-csv/3975#51732463>				<https://panlex.org/snapshot/panlex-20191001-csv/3975#51732468>		"yɔ̂g"@ndd	
"ŋ̀=kánàŋ"@nbb	<https://panlex.org/snapshot/panlex-20191001-csv/3975#51734939>				<https://panlex.org/snapshot/panlex-20191001-csv/3975#51734942>		"màŋ=kāː"@ndd	
"ŋ̀=kánàŋ"@nbb	<https://panlex.org/snapshot/panlex-20191001-csv/3975#51734939>				<https://panlex.org/snapshot/panlex-20191001-csv/3975#51734943>		"mǝ̀ŋ=kā"@ndd	
"ŋ̀=kánàŋ"@nbb	<https://panlex.org/snapshot/panlex-20191001-csv/3975#51734939>				<https://panlex.org/snapshot/panlex-20191001-csv/3975#51734944>		"mʌ̀ŋ=kāː"@ndd	
"bà=là"@nbb	<https://panlex.org/snapshot/panlex-20191001-csv/3975#51721019>				<https://panlex.org/snapshot/panlex-20191001-csv/3975#51721022>		"ǹ=nà"@ndd	
"bà=là"@nbb	<https://panlex.org/snapshot/panlex-20191001-csv/3975#51721019>				<https://panlex.org/snapshot/panlex-20191001-csv/3975#51721023>		"ǹ=nà"@ndd	
"bà=là"@nbb	<https://panlex.org/snapshot/panlex-20191001-csv/3975#51721019>				<https://panlex.org/snapshot/panlex-20191001-csv/3975#51721024>		"ǹ=nà"@ndd	
"ǹ=tɔ́b"@nbb	<https://panlex.org/snapshot/panlex-20191001-csv/3975#51723627>				<https://panlex.org/snapshot/panlex-20191001-csv/3975#51723630>		"ɲ̀=sèē"@ndd	
"ǹ=tɔ́b"@nbb	<https://panlex.org/snapshot/panlex-20191001-csv/3975#51723627>				<https://panlex.org/snapshot/panlex-20191001-csv/3975#51723632>		"ɲ̀=sǐ"@ndd	
"ǹ=tɔ́b"@nbb	<https://panlex.org/snapshot/panlex-20191001-csv/3975#51723627>				<https://panlex.org/snapshot/panlex-20191001-csv/3975#51723633>		"ɲ̄=sìsí"@ndd	
"ǹ=tɔ́b"@nbb	<https://panlex.org/snapshot/panlex-20191001-csv/3975#51723627>				<https://panlex.org/snapshot/panlex-20191001-csv/3975#51723631>		"ɲ̀=sìsē"@ndd	
"mìn=dǔg"@nbb	<https://panlex.org/snapshot/panlex-20191001-csv/3975#51730300>				<https://panlex.org/snapshot/panlex-20191001-csv/3975#51730304>		"ǹ=dǒg"@ndd	
"mìn=dǔg"@nbb	<https://panlex.org/snapshot/panlex-20191001-csv/3975#51730300>				<https://panlex.org/snapshot/panlex-20191001-csv/3975#51730303>		"ǹ=dǔg"@ndd	
"mìn=dǔg"@nbb	<https://panlex.org/snapshot/panlex-20191001-csv/3975#51730300>				<https://panlex.org/snapshot/panlex-20191001-csv/3975#51730302>		"ǹ=dɔ̌g"@ndd	
"bò=rú"@nbb	<https://panlex.org/snapshot/panlex-20191001-csv/3975#51729097>				<https://panlex.org/snapshot/panlex-20191001-csv/3975#51729102>		"è=nōkǒn"@ndd	
"bò=rú"@nbb	<https://panlex.org/snapshot/panlex-20191001-csv/3975#51729097>				<https://panlex.org/snapshot/panlex-20191001-csv/3975#51729101>		"ɛ̀=nōkōn"@ndd	
"bò=rú"@nbb	<https://panlex.org/snapshot/panlex-20191001-csv/3975#51729097>				<https://panlex.org/snapshot/panlex-20191001-csv/3975#51729100>		"è=nōkōn"@ndd	
"ŋ̀=kǒr"@nbb	<https://panlex.org/snapshot/panlex-20191001-csv/3975#51724510>				<https://panlex.org/snapshot/panlex-20191001-csv/3975#51724513>		"ŋ̀=gôn"@ndd	
"ŋ̀=kǒr"@nbb	<https://panlex.org/snapshot/panlex-20191001-csv/3975#51724510>				<https://panlex.org/snapshot/panlex-20191001-csv/3975#51724514>		"ŋ̀=gô"@ndd	
"ŋ̀=kǒr"@nbb	<https://panlex.org/snapshot/panlex-20191001-csv/3975#51724510>				<https://panlex.org/snapshot/panlex-20191001-csv/3975#51724516>		"ŋ̀=gôn"@ndd	
"ŋ̀=kǒr"@nbb	<https://panlex.org/snapshot/panlex-20191001-csv/3975#51724510>				<https://panlex.org/snapshot/panlex-20191001-csv/3975#51724515>		"ŋ̀=gôn"@ndd	
"ɛ̀=yá"@nbb	<https://panlex.org/snapshot/panlex-20191001-csv/3975#51736422>				<https://panlex.org/snapshot/panlex-20191001-csv/3975#51736424>		"ɲ̀=ɲâ"@ndd	
"ɛ̀=yá"@nbb	<https://panlex.org/snapshot/panlex-20191001-csv/3975#51736422>				<https://panlex.org/snapshot/panlex-20191001-csv/3975#51736426>		"ɲ̀=ɲâ"@ndd	
"ɛ̀=yá"@nbb	<https://panlex.org/snapshot/panlex-20191001-csv/3975#51736422>				<https://panlex.org/snapshot/panlex-20191001-csv/3975#51736425>		"ɲ̀=ɲâ"@ndd	
"ǹ=nɛ̀"@nbb	<https://panlex.org/snapshot/panlex-20191001-csv/3975#51729737>				<https://panlex.org/snapshot/panlex-20191001-csv/3975#51729742>		"ǹ=nɛ̀"@ndd	
"ǹ=nɛ̀"@nbb	<https://panlex.org/snapshot/panlex-20191001-csv/3975#51729737>				<https://panlex.org/snapshot/panlex-20191001-csv/3975#51729741>		"ǹ=nɛ̀"@ndd	
"ǹ=nɛ̀"@nbb	<https://panlex.org/snapshot/panlex-20191001-csv/3975#51729737>				<https://panlex.org/snapshot/panlex-20191001-csv/3975#51729740>		"ǹ=nɛ̀"@ndd	
"lámí"@nbb	<https://panlex.org/snapshot/panlex-20191001-csv/3975#51731879>				<https://panlex.org/snapshot/panlex-20191001-csv/3975#51731883>		"yīmì"@ndd	
"lámí"@nbb	<https://panlex.org/snapshot/panlex-20191001-csv/3975#51731879>				<https://panlex.org/snapshot/panlex-20191001-csv/3975#51731882>		"yēmè"@ndd	
"lámí"@nbb	<https://panlex.org/snapshot/panlex-20191001-csv/3975#51731879>				<https://panlex.org/snapshot/panlex-20191001-csv/3975#51731881>		"yīmì"@ndd	
"ŋ̀=kél"@nbb	<https://panlex.org/snapshot/panlex-20191001-csv/3975#51732593>				<https://panlex.org/snapshot/panlex-20191001-csv/3975#51732596>		"nè=sîn"@ndd	
"ŋ̀=kél"@nbb	<https://panlex.org/snapshot/panlex-20191001-csv/3975#51732593>				<https://panlex.org/snapshot/panlex-20191001-csv/3975#51732598>		"nɛ̀=sı̂n"@ndd	
"ŋ̀=kél"@nbb	<https://panlex.org/snapshot/panlex-20191001-csv/3975#51732593>				<https://panlex.org/snapshot/panlex-20191001-csv/3975#51732597>		"nè=sīìn"@ndd	
"ŋ̀=kél"@nbb	<https://panlex.org/snapshot/panlex-20191001-csv/3975#51732593>				<https://panlex.org/snapshot/panlex-20191001-csv/3975#51732599>		"nì=sîn"@ndd	
"bɔ̀=là"@nbb	<https://panlex.org/snapshot/panlex-20191001-csv/3975#51721020>				<https://panlex.org/snapshot/panlex-20191001-csv/3975#51721022>		"ǹ=nà"@ndd	
"bɔ̀=là"@nbb	<https://panlex.org/snapshot/panlex-20191001-csv/3975#51721020>				<https://panlex.org/snapshot/panlex-20191001-csv/3975#51721023>		"ǹ=nà"@ndd	
"bɔ̀=là"@nbb	<https://panlex.org/snapshot/panlex-20191001-csv/3975#51721020>				<https://panlex.org/snapshot/panlex-20191001-csv/3975#51721024>		"ǹ=nà"@ndd	
"è=líŋ"@nbb	<https://panlex.org/snapshot/panlex-20191001-csv/3975#51733348>				<https://panlex.org/snapshot/panlex-20191001-csv/3975#51733350>		"nɛ̀=mʌ̂n"@ndd	
"è=líŋ"@nbb	<https://panlex.org/snapshot/panlex-20191001-csv/3975#51733348>				<https://panlex.org/snapshot/panlex-20191001-csv/3975#51733352>		"nʌ̀=mʌ̂n"@ndd	
"è=líŋ"@nbb	<https://panlex.org/snapshot/panlex-20191001-csv/3975#51733348>				<https://panlex.org/snapshot/panlex-20191001-csv/3975#51733351>		"nè=mı̂n"@ndd	
