"nɨ̀mí"@nbb	<https://panlex.org/snapshot/panlex-20191001-csv/3975#51727272>				<https://panlex.org/snapshot/panlex-20191001-csv/3975#51727268>		"=tʰeː"@mvb	
"ǹ=dɔ̂n"@nbb	<https://panlex.org/snapshot/panlex-20191001-csv/3975#51720765>				<https://panlex.org/snapshot/panlex-20191001-csv/3975#51720762>		"tˈi=l=pai"@mvb	
"è=guíguɛ̂"@nbb	<https://panlex.org/snapshot/panlex-20191001-csv/3975#51727122>				<https://panlex.org/snapshot/panlex-20191001-csv/3975#51727118>		"=tʼˈaŋʼ"@mvb	
"rɔ̌"@nbb	<https://panlex.org/snapshot/panlex-20191001-csv/3975#51730839>				<https://panlex.org/snapshot/panlex-20191001-csv/3975#51730836>		"=ʔiːn"@mvb	
"yí-d"@nbb	<https://panlex.org/snapshot/panlex-20191001-csv/3975#51729585>				<https://panlex.org/snapshot/panlex-20191001-csv/3975#51729581>		"ɬˈaihaʔ"@mvb	
"ò=kǒ"@nbb	<https://panlex.org/snapshot/panlex-20191001-csv/3975#51724938>				<https://panlex.org/snapshot/panlex-20191001-csv/3975#51724935>		"=kʰeʔ"@mvb	
"ǹ=dí"@nbb	<https://panlex.org/snapshot/panlex-20191001-csv/3975#51725618>				<https://panlex.org/snapshot/panlex-20191001-csv/3975#51725614>		"=cʰiʔ=kˈaʔ"@mvb	
"ɲ̀=ɲɔ́"@nbb	<https://panlex.org/snapshot/panlex-20191001-csv/3975#51735889>				<https://panlex.org/snapshot/panlex-20191001-csv/3975#51735885>		"ƛʼiɣiš"@mvb	
"ɛ́=kǐ"@nbb	<https://panlex.org/snapshot/panlex-20191001-csv/3975#51723938>				<https://panlex.org/snapshot/panlex-20191001-csv/3975#51723936>		"=ɣˈeːx-eʔ"@mvb	
"é=ʓírá"@nbb	<https://panlex.org/snapshot/panlex-20191001-csv/3975#51721581>				<https://panlex.org/snapshot/panlex-20191001-csv/3975#51721577>		"=xin"@mvb	
"ŋ̀=ŋuɛ́g"@nbb	<https://panlex.org/snapshot/panlex-20191001-csv/3975#51726362>				<https://panlex.org/snapshot/panlex-20191001-csv/3975#51726358>		"=te-ʔ"@mvb	
"kuɔ́"@nbb	<https://panlex.org/snapshot/panlex-20191001-csv/3975#51722874>				<https://panlex.org/snapshot/panlex-20191001-csv/3975#51722871>		"=tiŋʼ"@mvb	
"bà=lɔ̀l"@nbb	<https://panlex.org/snapshot/panlex-20191001-csv/3975#51724236>				<https://panlex.org/snapshot/panlex-20191001-csv/3975#51724233>		"=kʼah"@mvb	
"ŋ̀=ŋuí"@nbb	<https://panlex.org/snapshot/panlex-20191001-csv/3975#51729256>				<https://panlex.org/snapshot/panlex-20191001-csv/3975#51729252>		"ˈ=n=čʰix"@mvb	
"ń=nɔ̂nɔ́n"@nbb	<https://panlex.org/snapshot/panlex-20191001-csv/3975#51721303>				<https://panlex.org/snapshot/panlex-20191001-csv/3975#51721299>		"ʔi=yˈaːx"@mvb	
"ǹ=dɛ́nɛ̀ŋ"@nbb	<https://panlex.org/snapshot/panlex-20191001-csv/3975#51726226>				<https://panlex.org/snapshot/panlex-20191001-csv/3975#51726223>		"=čˈiːy-eʔ"@mvb	
"é=béá"@nbb	<https://panlex.org/snapshot/panlex-20191001-csv/3975#51730023>				<https://panlex.org/snapshot/panlex-20191001-csv/3975#51730018>		"=čʰiːč"@mvb	
"ŋ̀=kòb"@nbb	<https://panlex.org/snapshot/panlex-20191001-csv/3975#51731292>				<https://panlex.org/snapshot/panlex-20191001-csv/3975#51731288>		"=tˈaːs-eʔ"@mvb	
"ŋ̀=kòb"@nbb	<https://panlex.org/snapshot/panlex-20191001-csv/3975#51731292>				<https://panlex.org/snapshot/panlex-20191001-csv/3975#51731289>		"=cʰˈeʔs"@mvb	
"bá"@nbb	<https://panlex.org/snapshot/panlex-20191001-csv/3975#51722692>				<https://panlex.org/snapshot/panlex-20191001-csv/3975#51722688>		"=yaː"@mvb	
"lɛ̀=mǝ́ŋ"@nbb	<https://panlex.org/snapshot/panlex-20191001-csv/3975#51733347>				<https://panlex.org/snapshot/panlex-20191001-csv/3975#51733344>		"=ɣʷˈoʔ"@mvb	
"ǹ=nùg"@nbb	<https://panlex.org/snapshot/panlex-20191001-csv/3975#51722537>				<https://panlex.org/snapshot/panlex-20191001-csv/3975#51722535>		"=kʼac"@mvb	
"ò=kǒ"@nbb	<https://panlex.org/snapshot/panlex-20191001-csv/3975#51724939>				<https://panlex.org/snapshot/panlex-20191001-csv/3975#51724935>		"=kʰeʔ"@mvb	
"lál"@nbb	<https://panlex.org/snapshot/panlex-20191001-csv/3975#51731441>				<https://panlex.org/snapshot/panlex-20191001-csv/3975#51731438>		"=laːɬ"@mvb	
"wói"@nbb	<https://panlex.org/snapshot/panlex-20191001-csv/3975#51726697>				<https://panlex.org/snapshot/panlex-20191001-csv/3975#51726694>		"=keː"@mvb	
"màɛ̃́"@nbb	<https://panlex.org/snapshot/panlex-20191001-csv/3975#51726982>				<https://panlex.org/snapshot/panlex-20191001-csv/3975#51726979>		"=cʼit"@mvb	
"ò=rôn"@nbb	<https://panlex.org/snapshot/panlex-20191001-csv/3975#51723482>				<https://panlex.org/snapshot/panlex-20191001-csv/3975#51723479>		"=čˈiːɣ-eʔ"@mvb	
"è=lîlî"@nbb	<https://panlex.org/snapshot/panlex-20191001-csv/3975#51731742>				<https://panlex.org/snapshot/panlex-20191001-csv/3975#51731738>		"ɬih"@mvb	
"bà=rɛ́m"@nbb	<https://panlex.org/snapshot/panlex-20191001-csv/3975#51727421>				<https://panlex.org/snapshot/panlex-20191001-csv/3975#51727417>		"=cʰˈiʔɬ"@mvb	
"lí"@nbb	<https://panlex.org/snapshot/panlex-20191001-csv/3975#51723783>				<https://panlex.org/snapshot/panlex-20191001-csv/3975#51723779>		"=yaːn"@mvb	
"bú"@nbb	<https://panlex.org/snapshot/panlex-20191001-csv/3975#51724792>				<https://panlex.org/snapshot/panlex-20191001-csv/3975#51724790>		"=tʼaɣ"@mvb	
"ŋ̀=kòb"@nbb	<https://panlex.org/snapshot/panlex-20191001-csv/3975#51731293>				<https://panlex.org/snapshot/panlex-20191001-csv/3975#51731288>		"=tˈaːs-eʔ"@mvb	
"ŋ̀=kòb"@nbb	<https://panlex.org/snapshot/panlex-20191001-csv/3975#51731293>				<https://panlex.org/snapshot/panlex-20191001-csv/3975#51731289>		"=cʰˈeʔs"@mvb	
"wóm"@nbb	<https://panlex.org/snapshot/panlex-20191001-csv/3975#51723339>				<https://panlex.org/snapshot/panlex-20191001-csv/3975#51723336>		"=cʰai"@mvb	
"ǹ=tí-tí"@nbb	<https://panlex.org/snapshot/panlex-20191001-csv/3975#51725617>				<https://panlex.org/snapshot/panlex-20191001-csv/3975#51725614>		"=cʰiʔ=kˈaʔ"@mvb	
"ɛ̀=kɨ́kɨ́b"@nbb	<https://panlex.org/snapshot/panlex-20191001-csv/3975#51721871>				<https://panlex.org/snapshot/panlex-20191001-csv/3975#51721867>		"=cʼˈin-eʔ"@mvb	
"bà=ɲîn"@nbb	<https://panlex.org/snapshot/panlex-20191001-csv/3975#51731741>				<https://panlex.org/snapshot/panlex-20191001-csv/3975#51731738>		"ɬih"@mvb	
"lí"@nbb	<https://panlex.org/snapshot/panlex-20191001-csv/3975#51723782>				<https://panlex.org/snapshot/panlex-20191001-csv/3975#51723779>		"=yaːn"@mvb	
"ɔ́=sɔ́nàg"@nbb	<https://panlex.org/snapshot/panlex-20191001-csv/3975#51736299>				<https://panlex.org/snapshot/panlex-20191001-csv/3975#51736295>		"yaneʔ"@mvb	
"m̀=màl"@nbb	<https://panlex.org/snapshot/panlex-20191001-csv/3975#51734123>				<https://panlex.org/snapshot/panlex-20191001-csv/3975#51734119>		"taʔ=naːh"@mvb	
"m̀=màl"@nbb	<https://panlex.org/snapshot/panlex-20191001-csv/3975#51734123>				<https://panlex.org/snapshot/panlex-20191001-csv/3975#51734120>		"taʔ=naːn"@mvb	
"ɲ̀=sí"@nbb	<https://panlex.org/snapshot/panlex-20191001-csv/3975#51724662>				<https://panlex.org/snapshot/panlex-20191001-csv/3975#51724658>		"ɬoːkʼˈeh"@mvb	
"bɛ́=fái"@nbb	<https://panlex.org/snapshot/panlex-20191001-csv/3975#51733658>				<https://panlex.org/snapshot/panlex-20191001-csv/3975#51733654>		"nakʰˈeh"@mvb	
"lɛ̀=ŋuán"@nbb	<https://panlex.org/snapshot/panlex-20191001-csv/3975#51727121>				<https://panlex.org/snapshot/panlex-20191001-csv/3975#51727118>		"=tʼˈaŋʼ"@mvb	
"yɔ́"@nbb	<https://panlex.org/snapshot/panlex-20191001-csv/3975#51723183>				<https://panlex.org/snapshot/panlex-20191001-csv/3975#51723179>		"=naːn"@mvb	
"ǹ=núŋ"@nbb	<https://panlex.org/snapshot/panlex-20191001-csv/3975#51721725>				<https://panlex.org/snapshot/panlex-20191001-csv/3975#51721722>		"=cʰeː=lˈin-eʔ"@mvb	
"màmài"@nbb	<https://panlex.org/snapshot/panlex-20191001-csv/3975#51734125>				<https://panlex.org/snapshot/panlex-20191001-csv/3975#51734119>		"taʔ=naːh"@mvb	
"màmài"@nbb	<https://panlex.org/snapshot/panlex-20191001-csv/3975#51734125>				<https://panlex.org/snapshot/panlex-20191001-csv/3975#51734120>		"taʔ=naːn"@mvb	
"wóg"@nbb	<https://panlex.org/snapshot/panlex-20191001-csv/3975#51726084>				<https://panlex.org/snapshot/panlex-20191001-csv/3975#51726080>		"=cʼi-ɣ"@mvb	
"wóg"@nbb	<https://panlex.org/snapshot/panlex-20191001-csv/3975#51726084>				<https://panlex.org/snapshot/panlex-20191001-csv/3975#51726079>		"=ni-x"@mvb	
"ǹ=tèd"@nbb	<https://panlex.org/snapshot/panlex-20191001-csv/3975#51726227>				<https://panlex.org/snapshot/panlex-20191001-csv/3975#51726223>		"=čˈiːy-eʔ"@mvb	
"ò=fêŋ"@nbb	<https://panlex.org/snapshot/panlex-20191001-csv/3975#51728273>				<https://panlex.org/snapshot/panlex-20191001-csv/3975#51728270>		"xaː"@mvb	
"ʓɔ́"@nbb	<https://panlex.org/snapshot/panlex-20191001-csv/3975#51723182>				<https://panlex.org/snapshot/panlex-20191001-csv/3975#51723179>		"=naːn"@mvb	
"ǹ=dǔg"@nbb	<https://panlex.org/snapshot/panlex-20191001-csv/3975#51730299>				<https://panlex.org/snapshot/panlex-20191001-csv/3975#51730297>		"=kʰˈat-eʔ"@mvb	
"ɛ̀=mɛ̀l"@nbb	<https://panlex.org/snapshot/panlex-20191001-csv/3975#51728818>				<https://panlex.org/snapshot/panlex-20191001-csv/3975#51728816>		"=kʼˈos"@mvb	
"è=lùg"@nbb	<https://panlex.org/snapshot/panlex-20191001-csv/3975#51722538>				<https://panlex.org/snapshot/panlex-20191001-csv/3975#51722535>		"=kʼac"@mvb	
"é=kě"@nbb	<https://panlex.org/snapshot/panlex-20191001-csv/3975#51723939>				<https://panlex.org/snapshot/panlex-20191001-csv/3975#51723936>		"=ɣˈeːx-eʔ"@mvb	
"ŋ̀=kòkôr"@nbb	<https://panlex.org/snapshot/panlex-20191001-csv/3975#51727684>				<https://panlex.org/snapshot/panlex-20191001-csv/3975#51727681>		"ʔiː=ʔˈaʔ"@mvb	
"ɛ̀=mɛ̀i"@nbb	<https://panlex.org/snapshot/panlex-20191001-csv/3975#51728819>				<https://panlex.org/snapshot/panlex-20191001-csv/3975#51728816>		"=kʼˈos"@mvb	
"è=líd"@nbb	<https://panlex.org/snapshot/panlex-20191001-csv/3975#51724090>				<https://panlex.org/snapshot/panlex-20191001-csv/3975#51724086>		"=nˈaːg-eʔ"@mvb	
"bɨ̀nǝ́ŋ"@nbb	<https://panlex.org/snapshot/panlex-20191001-csv/3975#51731129>				<https://panlex.org/snapshot/panlex-20191001-csv/3975#51731126>		"=taː"@mvb	
"ɛ̀=ŋuàŋuàrì"@nbb	<https://panlex.org/snapshot/panlex-20191001-csv/3975#51722278>				<https://panlex.org/snapshot/panlex-20191001-csv/3975#51722274>		"=laʔ=ɕʰˈeʔs"@mvb	
"rǒ"@nbb	<https://panlex.org/snapshot/panlex-20191001-csv/3975#51722143>				<https://panlex.org/snapshot/panlex-20191001-csv/3975#51722140>		"=kʼaŋʼ"@mvb	
"è=lébì"@nbb	<https://panlex.org/snapshot/panlex-20191001-csv/3975#51733194>				<https://panlex.org/snapshot/panlex-20191001-csv/3975#51733190>		"=sa=s=tʰˈaːn"@mvb	
"ò=fêŋ"@nbb	<https://panlex.org/snapshot/panlex-20191001-csv/3975#51728274>				<https://panlex.org/snapshot/panlex-20191001-csv/3975#51728270>		"xaː"@mvb	
"ŋ̀=ŋuúl"@nbb	<https://panlex.org/snapshot/panlex-20191001-csv/3975#51729255>				<https://panlex.org/snapshot/panlex-20191001-csv/3975#51729252>		"ˈ=n=čʰix"@mvb	
"bɛ́=fál"@nbb	<https://panlex.org/snapshot/panlex-20191001-csv/3975#51733657>				<https://panlex.org/snapshot/panlex-20191001-csv/3975#51733654>		"nakʰˈeh"@mvb	
"bà=rɛ́m"@nbb	<https://panlex.org/snapshot/panlex-20191001-csv/3975#51727420>				<https://panlex.org/snapshot/panlex-20191001-csv/3975#51727417>		"=cʰˈiʔɬ"@mvb	
"bɛ́=nɔ̀nɔ́n"@nbb	<https://panlex.org/snapshot/panlex-20191001-csv/3975#51721302>				<https://panlex.org/snapshot/panlex-20191001-csv/3975#51721299>		"ʔi=yˈaːx"@mvb	
"ɲ̀=ɲàm"@nbb	<https://panlex.org/snapshot/panlex-20191001-csv/3975#51728117>				<https://panlex.org/snapshot/panlex-20191001-csv/3975#51728113>		"ʔi=l=xˈin-eʔ"@mvb	
"mín=dòbî"@nbb	<https://panlex.org/snapshot/panlex-20191001-csv/3975#51724367>				<https://panlex.org/snapshot/panlex-20191001-csv/3975#51724364>		"tʼa-ʔ"@mvb	
"mìŋ=kǒd"@nbb	<https://panlex.org/snapshot/panlex-20191001-csv/3975#51724511>				<https://panlex.org/snapshot/panlex-20191001-csv/3975#51724507>		"kʰoŋʼ"@mvb	
"ŋ̀=guɔ́"@nbb	<https://panlex.org/snapshot/panlex-20191001-csv/3975#51723027>				<https://panlex.org/snapshot/panlex-20191001-csv/3975#51723024>		"naːƛʼˈiː"@mvb	
"ɛ̀=ŋuàràŋ"@nbb	<https://panlex.org/snapshot/panlex-20191001-csv/3975#51722277>				<https://panlex.org/snapshot/panlex-20191001-csv/3975#51722274>		"=laʔ=ɕʰˈeʔs"@mvb	
"kɨ̀mí"@nbb	<https://panlex.org/snapshot/panlex-20191001-csv/3975#51731130>				<https://panlex.org/snapshot/panlex-20191001-csv/3975#51731126>		"=taː"@mvb	
"ǹ=dí"@nbb	<https://panlex.org/snapshot/panlex-20191001-csv/3975#51724661>				<https://panlex.org/snapshot/panlex-20191001-csv/3975#51724658>		"ɬoːkʼˈeh"@mvb	
"ò=rôl"@nbb	<https://panlex.org/snapshot/panlex-20191001-csv/3975#51723483>				<https://panlex.org/snapshot/panlex-20191001-csv/3975#51723479>		"=čˈiːɣ-eʔ"@mvb	
"è=ré-ré"@nbb	<https://panlex.org/snapshot/panlex-20191001-csv/3975#51733493>				<https://panlex.org/snapshot/panlex-20191001-csv/3975#51733489>		"ɕʰiŋ"@mvb	
"ń=dɔ̀ŋɔ̂n"@nbb	<https://panlex.org/snapshot/panlex-20191001-csv/3975#51736298>				<https://panlex.org/snapshot/panlex-20191001-csv/3975#51736295>		"yaneʔ"@mvb	
"lái"@nbb	<https://panlex.org/snapshot/panlex-20191001-csv/3975#51731442>				<https://panlex.org/snapshot/panlex-20191001-csv/3975#51731438>		"=laːɬ"@mvb	
"mǎi"@nbb	<https://panlex.org/snapshot/panlex-20191001-csv/3975#51726983>				<https://panlex.org/snapshot/panlex-20191001-csv/3975#51726979>		"=cʼit"@mvb	
"bú"@nbb	<https://panlex.org/snapshot/panlex-20191001-csv/3975#51724793>				<https://panlex.org/snapshot/panlex-20191001-csv/3975#51724790>		"=tʼaɣ"@mvb	
"è=dûndúŋ"@nbb	<https://panlex.org/snapshot/panlex-20191001-csv/3975#51726842>				<https://panlex.org/snapshot/panlex-20191001-csv/3975#51726838>		"=kʷoʔɬ"@mvb	
"rǒi"@nbb	<https://panlex.org/snapshot/panlex-20191001-csv/3975#51722144>				<https://panlex.org/snapshot/panlex-20191001-csv/3975#51722140>		"=kʼaŋʼ"@mvb	
"lóm"@nbb	<https://panlex.org/snapshot/panlex-20191001-csv/3975#51721441>				<https://panlex.org/snapshot/panlex-20191001-csv/3975#51721436>		"=kič"@mvb	
"wóg"@nbb	<https://panlex.org/snapshot/panlex-20191001-csv/3975#51726083>				<https://panlex.org/snapshot/panlex-20191001-csv/3975#51726080>		"=cʼi-ɣ"@mvb	
"wóg"@nbb	<https://panlex.org/snapshot/panlex-20191001-csv/3975#51726083>				<https://panlex.org/snapshot/panlex-20191001-csv/3975#51726079>		"=ni-x"@mvb	
"bɔ̀=kɔ̀g"@nbb	<https://panlex.org/snapshot/panlex-20191001-csv/3975#51735088>				<https://panlex.org/snapshot/panlex-20191001-csv/3975#51735085>		"=cʰow"@mvb	
"ɲ̀=ɲàm"@nbb	<https://panlex.org/snapshot/panlex-20191001-csv/3975#51728116>				<https://panlex.org/snapshot/panlex-20191001-csv/3975#51728113>		"ʔi=l=xˈin-eʔ"@mvb	
"m̀=mài"@nbb	<https://panlex.org/snapshot/panlex-20191001-csv/3975#51734124>				<https://panlex.org/snapshot/panlex-20191001-csv/3975#51734119>		"taʔ=naːh"@mvb	
"m̀=mài"@nbb	<https://panlex.org/snapshot/panlex-20191001-csv/3975#51734124>				<https://panlex.org/snapshot/panlex-20191001-csv/3975#51734120>		"taʔ=naːn"@mvb	
"nùmúŋ"@nbb	<https://panlex.org/snapshot/panlex-20191001-csv/3975#51727271>				<https://panlex.org/snapshot/panlex-20191001-csv/3975#51727268>		"=tʰeː"@mvb	
"m̀=mùní"@nbb	<https://panlex.org/snapshot/panlex-20191001-csv/3975#51730988>				<https://panlex.org/snapshot/panlex-20191001-csv/3975#51730985>		"=cʰˈai-ʔ"@mvb	
"lóm"@nbb	<https://panlex.org/snapshot/panlex-20191001-csv/3975#51721442>				<https://panlex.org/snapshot/panlex-20191001-csv/3975#51721436>		"=kič"@mvb	
"è=rí"@nbb	<https://panlex.org/snapshot/panlex-20191001-csv/3975#51725925>				<https://panlex.org/snapshot/panlex-20191001-csv/3975#51725921>		"=cʰiʔ"@mvb	
"é=kpókpó"@nbb	<https://panlex.org/snapshot/panlex-20191001-csv/3975#51722002>				<https://panlex.org/snapshot/panlex-20191001-csv/3975#51721998>		"=cʼoː-ʔ"@mvb	
"ɔ̀=bɔ́"@nbb	<https://panlex.org/snapshot/panlex-20191001-csv/3975#51725769>				<https://panlex.org/snapshot/panlex-20191001-csv/3975#51725767>		"ˈ=laʔ"@mvb	
"wóm"@nbb	<https://panlex.org/snapshot/panlex-20191001-csv/3975#51723340>				<https://panlex.org/snapshot/panlex-20191001-csv/3975#51723336>		"=cʰai"@mvb	
"wól"@nbb	<https://panlex.org/snapshot/panlex-20191001-csv/3975#51726696>				<https://panlex.org/snapshot/panlex-20191001-csv/3975#51726694>		"=keː"@mvb	
"ɔ̀=bɔ́"@nbb	<https://panlex.org/snapshot/panlex-20191001-csv/3975#51725770>				<https://panlex.org/snapshot/panlex-20191001-csv/3975#51725767>		"ˈ=laʔ"@mvb	
"mìŋ=kí"@nbb	<https://panlex.org/snapshot/panlex-20191001-csv/3975#51732594>				<https://panlex.org/snapshot/panlex-20191001-csv/3975#51732590>		"=ɕʰiːʔ"@mvb	
"ʓí-d"@nbb	<https://panlex.org/snapshot/panlex-20191001-csv/3975#51729584>				<https://panlex.org/snapshot/panlex-20191001-csv/3975#51729581>		"ɬˈaihaʔ"@mvb	
"bɔ̀=kɔ̀g"@nbb	<https://panlex.org/snapshot/panlex-20191001-csv/3975#51735087>				<https://panlex.org/snapshot/panlex-20191001-csv/3975#51735085>		"=cʰow"@mvb	
"ɛ̀=kǝ́b"@nbb	<https://panlex.org/snapshot/panlex-20191001-csv/3975#51721870>				<https://panlex.org/snapshot/panlex-20191001-csv/3975#51721867>		"=cʼˈin-eʔ"@mvb	
"m̀=mǔŋ"@nbb	<https://panlex.org/snapshot/panlex-20191001-csv/3975#51730987>				<https://panlex.org/snapshot/panlex-20191001-csv/3975#51730985>		"=cʰˈai-ʔ"@mvb	
"ǹ=táŋ"@nbb	<https://panlex.org/snapshot/panlex-20191001-csv/3975#51726361>				<https://panlex.org/snapshot/panlex-20191001-csv/3975#51726358>		"=te-ʔ"@mvb	
"lɛ̀=mǝ́rr"@nbb	<https://panlex.org/snapshot/panlex-20191001-csv/3975#51724089>				<https://panlex.org/snapshot/panlex-20191001-csv/3975#51724086>		"=nˈaːg-eʔ"@mvb	
"lámáŋ"@nbb	<https://panlex.org/snapshot/panlex-20191001-csv/3975#51731878>				<https://panlex.org/snapshot/panlex-20191001-csv/3975#51731875>		"=yiːn"@mvb	
"ɛ́=ʓírá"@nbb	<https://panlex.org/snapshot/panlex-20191001-csv/3975#51721580>				<https://panlex.org/snapshot/panlex-20191001-csv/3975#51721577>		"=xin"@mvb	
"ɛ̀=rûndúŋ"@nbb	<https://panlex.org/snapshot/panlex-20191001-csv/3975#51726841>				<https://panlex.org/snapshot/panlex-20191001-csv/3975#51726838>		"=kʷoʔɬ"@mvb	
"ń=dòbòg"@nbb	<https://panlex.org/snapshot/panlex-20191001-csv/3975#51724366>				<https://panlex.org/snapshot/panlex-20191001-csv/3975#51724364>		"tʼa-ʔ"@mvb	
"bò=rú"@nbb	<https://panlex.org/snapshot/panlex-20191001-csv/3975#51729098>				<https://panlex.org/snapshot/panlex-20191001-csv/3975#51729094>		"ča=kʷo=l=xˈin"@mvb	
"ŋ̀=kòkôd"@nbb	<https://panlex.org/snapshot/panlex-20191001-csv/3975#51727685>				<https://panlex.org/snapshot/panlex-20191001-csv/3975#51727681>		"ʔiː=ʔˈaʔ"@mvb	
"mì=nɛ̀"@nbb	<https://panlex.org/snapshot/panlex-20191001-csv/3975#51729738>				<https://panlex.org/snapshot/panlex-20191001-csv/3975#51729734>		"kʷo=ni=s=tʼˈeʔ"@mvb	
"ɲ̀=ɲɔ́"@nbb	<https://panlex.org/snapshot/panlex-20191001-csv/3975#51735888>				<https://panlex.org/snapshot/panlex-20191001-csv/3975#51735885>		"ƛʼiɣiš"@mvb	
"lè=légèb"@nbb	<https://panlex.org/snapshot/panlex-20191001-csv/3975#51733193>				<https://panlex.org/snapshot/panlex-20191001-csv/3975#51733190>		"=sa=s=tʰˈaːn"@mvb	
"kuɔ́"@nbb	<https://panlex.org/snapshot/panlex-20191001-csv/3975#51722875>				<https://panlex.org/snapshot/panlex-20191001-csv/3975#51722871>		"=tiŋʼ"@mvb	
"rɔ̌"@nbb	<https://panlex.org/snapshot/panlex-20191001-csv/3975#51730840>				<https://panlex.org/snapshot/panlex-20191001-csv/3975#51730836>		"=ʔiːn"@mvb	
"mìŋ=kánì"@nbb	<https://panlex.org/snapshot/panlex-20191001-csv/3975#51734940>				<https://panlex.org/snapshot/panlex-20191001-csv/3975#51734936>		"yaŋ-kʰˈeh"@mvb	
"é=bélá"@nbb	<https://panlex.org/snapshot/panlex-20191001-csv/3975#51730022>				<https://panlex.org/snapshot/panlex-20191001-csv/3975#51730018>		"=čʰiːč"@mvb	
"ŋ̀=guɔ́"@nbb	<https://panlex.org/snapshot/panlex-20191001-csv/3975#51723028>				<https://panlex.org/snapshot/panlex-20191001-csv/3975#51723024>		"naːƛʼˈiː"@mvb	
"ǹ=dɔ̂i"@nbb	<https://panlex.org/snapshot/panlex-20191001-csv/3975#51720766>				<https://panlex.org/snapshot/panlex-20191001-csv/3975#51720762>		"tˈi=l=pai"@mvb	
"ɛ́=kpókpó"@nbb	<https://panlex.org/snapshot/panlex-20191001-csv/3975#51722001>				<https://panlex.org/snapshot/panlex-20191001-csv/3975#51721998>		"=cʼoː-ʔ"@mvb	
"wɔ́g"@nbb	<https://panlex.org/snapshot/panlex-20191001-csv/3975#51732464>				<https://panlex.org/snapshot/panlex-20191001-csv/3975#51732460>		"=peː"@mvb	
"bò=ré"@nbb	<https://panlex.org/snapshot/panlex-20191001-csv/3975#51733492>				<https://panlex.org/snapshot/panlex-20191001-csv/3975#51733489>		"ɕʰiŋ"@mvb	
"ǹ=núŋ"@nbb	<https://panlex.org/snapshot/panlex-20191001-csv/3975#51721726>				<https://panlex.org/snapshot/panlex-20191001-csv/3975#51721722>		"=cʰeː=lˈin-eʔ"@mvb	
"bà=nɔ̀i"@nbb	<https://panlex.org/snapshot/panlex-20191001-csv/3975#51724237>				<https://panlex.org/snapshot/panlex-20191001-csv/3975#51724233>		"=kʼah"@mvb	
"ɛ̀=rí"@nbb	<https://panlex.org/snapshot/panlex-20191001-csv/3975#51725924>				<https://panlex.org/snapshot/panlex-20191001-csv/3975#51725921>		"=cʰiʔ"@mvb	
"bá"@nbb	<https://panlex.org/snapshot/panlex-20191001-csv/3975#51722693>				<https://panlex.org/snapshot/panlex-20191001-csv/3975#51722688>		"=yaː"@mvb	
"wɔ́g"@nbb	<https://panlex.org/snapshot/panlex-20191001-csv/3975#51732463>				<https://panlex.org/snapshot/panlex-20191001-csv/3975#51732460>		"=peː"@mvb	
"ŋ̀=kánàŋ"@nbb	<https://panlex.org/snapshot/panlex-20191001-csv/3975#51734939>				<https://panlex.org/snapshot/panlex-20191001-csv/3975#51734936>		"yaŋ-kʰˈeh"@mvb	
"bà=là"@nbb	<https://panlex.org/snapshot/panlex-20191001-csv/3975#51721019>				<https://panlex.org/snapshot/panlex-20191001-csv/3975#51721017>		"=pˈiʔɬ"@mvb	
"mìn=dǔg"@nbb	<https://panlex.org/snapshot/panlex-20191001-csv/3975#51730300>				<https://panlex.org/snapshot/panlex-20191001-csv/3975#51730297>		"=kʰˈat-eʔ"@mvb	
"bò=rú"@nbb	<https://panlex.org/snapshot/panlex-20191001-csv/3975#51729097>				<https://panlex.org/snapshot/panlex-20191001-csv/3975#51729094>		"ča=kʷo=l=xˈin"@mvb	
"ŋ̀=kǒr"@nbb	<https://panlex.org/snapshot/panlex-20191001-csv/3975#51724510>				<https://panlex.org/snapshot/panlex-20191001-csv/3975#51724507>		"kʰoŋʼ"@mvb	
"ǹ=nɛ̀"@nbb	<https://panlex.org/snapshot/panlex-20191001-csv/3975#51729737>				<https://panlex.org/snapshot/panlex-20191001-csv/3975#51729734>		"kʷo=ni=s=tʼˈeʔ"@mvb	
"lámí"@nbb	<https://panlex.org/snapshot/panlex-20191001-csv/3975#51731879>				<https://panlex.org/snapshot/panlex-20191001-csv/3975#51731875>		"=yiːn"@mvb	
"ŋ̀=kél"@nbb	<https://panlex.org/snapshot/panlex-20191001-csv/3975#51732593>				<https://panlex.org/snapshot/panlex-20191001-csv/3975#51732590>		"=ɕʰiːʔ"@mvb	
"bɔ̀=là"@nbb	<https://panlex.org/snapshot/panlex-20191001-csv/3975#51721020>				<https://panlex.org/snapshot/panlex-20191001-csv/3975#51721017>		"=pˈiʔɬ"@mvb	
"è=líŋ"@nbb	<https://panlex.org/snapshot/panlex-20191001-csv/3975#51733348>				<https://panlex.org/snapshot/panlex-20191001-csv/3975#51733344>		"=ɣʷˈoʔ"@mvb	
