"Finilani"@to	<https://panlex.org/snapshot/panlex-20191001-csv/5943#83294166>				<https://panlex.org/snapshot/panlex-20191001-csv/5943#83294104>		"𐍆𐌹𐌽𐌽𐌰𐌻𐌰𐌽𐌳"@got	
"Sīsū"@to	<https://panlex.org/snapshot/panlex-20191001-csv/5943#83289605>				<https://panlex.org/snapshot/panlex-20191001-csv/5943#83289532>		"𐌹𐌴𐍃𐌿𐍃"@got	
"vai-melie"@to	<https://panlex.org/snapshot/panlex-20191001-csv/1573#50085859>				<https://panlex.org/snapshot/panlex-20191001-csv/1573#50085723>		"wato"@got	
"fuʔu ʔakau"@to	<https://panlex.org/snapshot/panlex-20191001-csv/1573#50090148>				<https://panlex.org/snapshot/panlex-20191001-csv/1573#50090025>		"bagms"@got	
"toafa"@to	<https://panlex.org/snapshot/panlex-20191001-csv/1573#50084433>				<https://panlex.org/snapshot/panlex-20191001-csv/1573#50084258>		"haiþi"@got	
"laʔā"@to	<https://panlex.org/snapshot/panlex-20191001-csv/1573#50091501>				<https://panlex.org/snapshot/panlex-20191001-csv/1573#50091378>		"sauil"@got	
"laʔā"@to	<https://panlex.org/snapshot/panlex-20191001-csv/1573#50091501>				<https://panlex.org/snapshot/panlex-20191001-csv/1573#50091379>		"sunno"@got	
"kiʔi vai-tafe"@to	<https://panlex.org/snapshot/panlex-20191001-csv/1573#50088586>				<https://panlex.org/snapshot/panlex-20191001-csv/1573#50088350>		"ahwa"@got	
"kiʔi vai-tafe"@to	<https://panlex.org/snapshot/panlex-20191001-csv/1573#50088586>				<https://panlex.org/snapshot/panlex-20191001-csv/1573#50088351>		"flodus"@got	
"ʔaka"@to	<https://panlex.org/snapshot/panlex-20191001-csv/1573#50090407>				<https://panlex.org/snapshot/panlex-20191001-csv/1573#50090277>		"triu"@got	
"moʔuŋa"@to	<https://panlex.org/snapshot/panlex-20191001-csv/1573#50083776>				<https://panlex.org/snapshot/panlex-20191001-csv/1573#50083575>		"hlain"@got	
"moʔuŋa"@to	<https://panlex.org/snapshot/panlex-20191001-csv/1573#50083776>				<https://panlex.org/snapshot/panlex-20191001-csv/1573#50083574>		"fairguni"@got	
"ʔuli"@to	<https://panlex.org/snapshot/panlex-20191001-csv/1573#50082567>				<https://panlex.org/snapshot/panlex-20191001-csv/1573#50082394>		"mulda"@got	
"malaʔe"@to	<https://panlex.org/snapshot/panlex-20191001-csv/1573#50084432>				<https://panlex.org/snapshot/panlex-20191001-csv/1573#50084258>		"haiþi"@got	
"tofu"@to	<https://panlex.org/snapshot/panlex-20191001-csv/1573#50086277>				<https://panlex.org/snapshot/panlex-20191001-csv/1573#50086187>		"wis"@got	
"koa"@to	<https://panlex.org/snapshot/panlex-20191001-csv/1573#50086654>				<https://panlex.org/snapshot/panlex-20191001-csv/1573#50086543>		"hwaþo"@got	
"faka-molū"@to	<https://panlex.org/snapshot/panlex-20191001-csv/1573#50086653>				<https://panlex.org/snapshot/panlex-20191001-csv/1573#50086543>		"hwaþo"@got	
"ake"@to	<https://panlex.org/snapshot/panlex-20191001-csv/1573#50087826>				<https://panlex.org/snapshot/panlex-20191001-csv/1573#50087706>		"wegos"@got	
"maʔuʔaŋa vai"@to	<https://panlex.org/snapshot/panlex-20191001-csv/1573#50089156>				<https://panlex.org/snapshot/panlex-20191001-csv/1573#50088964>		"brunna"@got	
"mofuike"@to	<https://panlex.org/snapshot/panlex-20191001-csv/1573#50091006>				<https://panlex.org/snapshot/panlex-20191001-csv/1573#50090922>		"reiro"@got	
"ano vai"@to	<https://panlex.org/snapshot/panlex-20191001-csv/1573#50087077>				<https://panlex.org/snapshot/panlex-20191001-csv/1573#50086956>		"saiws"@got	
"ano vai"@to	<https://panlex.org/snapshot/panlex-20191001-csv/1573#50087077>				<https://panlex.org/snapshot/panlex-20191001-csv/1573#50086955>		"mari-saiws"@got	
"tahi"@to	<https://panlex.org/snapshot/panlex-20191001-csv/1573#50086087>				<https://panlex.org/snapshot/panlex-20191001-csv/1573#50085973>		"marei"@got	
"maka afi"@to	<https://panlex.org/snapshot/panlex-20191001-csv/1573#50090804>				<https://panlex.org/snapshot/panlex-20191001-csv/1573#50090588>		"hallus"@got	
"maka afi"@to	<https://panlex.org/snapshot/panlex-20191001-csv/1573#50090804>				<https://panlex.org/snapshot/panlex-20191001-csv/1573#50090589>		"stains"@got	
"māmani"@to	<https://panlex.org/snapshot/panlex-20191001-csv/1573#50082250>				<https://panlex.org/snapshot/panlex-20191001-csv/1573#50082067>		"airþa"@got	
"māmani"@to	<https://panlex.org/snapshot/panlex-20191001-csv/1573#50082250>				<https://panlex.org/snapshot/panlex-20191001-csv/1573#50082068>		"land"@got	
"māmani"@to	<https://panlex.org/snapshot/panlex-20191001-csv/1573#50081908>				<https://panlex.org/snapshot/panlex-20191001-csv/1573#50081795>		"midjungards"@got	
"māmani"@to	<https://panlex.org/snapshot/panlex-20191001-csv/1573#50081908>				<https://panlex.org/snapshot/panlex-20191001-csv/1573#50081793>		"fairhwus"@got	
"māmani"@to	<https://panlex.org/snapshot/panlex-20191001-csv/1573#50081908>				<https://panlex.org/snapshot/panlex-20191001-csv/1573#50081794>		"manaseþs"@got	
"papa"@to	<https://panlex.org/snapshot/panlex-20191001-csv/1573#50090405>				<https://panlex.org/snapshot/panlex-20191001-csv/1573#50090277>		"triu"@got	
"efu"@to	<https://panlex.org/snapshot/panlex-20191001-csv/1573#50082836>				<https://panlex.org/snapshot/panlex-20191001-csv/1573#50082697>		"stubjus"@got	
"teleʔa"@to	<https://panlex.org/snapshot/panlex-20191001-csv/1573#50084660>				<https://panlex.org/snapshot/panlex-20191001-csv/1573#50084552>		"dals"@got	
"maka"@to	<https://panlex.org/snapshot/panlex-20191001-csv/1573#50090803>				<https://panlex.org/snapshot/panlex-20191001-csv/1573#50090588>		"hallus"@got	
"maka"@to	<https://panlex.org/snapshot/panlex-20191001-csv/1573#50090803>				<https://panlex.org/snapshot/panlex-20191001-csv/1573#50090589>		"stains"@got	
"lapa pe pelesitiki"@to	<https://panlex.org/snapshot/panlex-20191001-csv/1573#50086655>				<https://panlex.org/snapshot/panlex-20191001-csv/1573#50086543>		"hwaþo"@got	
"peau"@to	<https://panlex.org/snapshot/panlex-20191001-csv/1573#50087827>				<https://panlex.org/snapshot/panlex-20191001-csv/1573#50087706>		"wegos"@got	
"tuʔa"@to	<https://panlex.org/snapshot/panlex-20191001-csv/1573#50086088>				<https://panlex.org/snapshot/panlex-20191001-csv/1573#50085973>		"marei"@got	
"fonua"@to	<https://panlex.org/snapshot/panlex-20191001-csv/1573#50082248>				<https://panlex.org/snapshot/panlex-20191001-csv/1573#50082067>		"airþa"@got	
"fonua"@to	<https://panlex.org/snapshot/panlex-20191001-csv/1573#50082248>				<https://panlex.org/snapshot/panlex-20191001-csv/1573#50082068>		"land"@got	
"vaʔakau"@to	<https://panlex.org/snapshot/panlex-20191001-csv/1573#50090406>				<https://panlex.org/snapshot/panlex-20191001-csv/1573#50090277>		"triu"@got	
"matā-tahi"@to	<https://panlex.org/snapshot/panlex-20191001-csv/1573#50085352>				<https://panlex.org/snapshot/panlex-20191001-csv/1573#50085174>		"staþa"@got	
"vaha"@to	<https://panlex.org/snapshot/panlex-20191001-csv/1573#50086089>				<https://panlex.org/snapshot/panlex-20191001-csv/1573#50085973>		"marei"@got	
"laŋi"@to	<https://panlex.org/snapshot/panlex-20191001-csv/1573#50091249>				<https://panlex.org/snapshot/panlex-20191001-csv/1573#50091129>		"himins"@got	
"veʔe vai-tafe"@to	<https://panlex.org/snapshot/panlex-20191001-csv/1573#50085353>				<https://panlex.org/snapshot/panlex-20191001-csv/1573#50085174>		"staþa"@got	
"ʔoneʔone"@to	<https://panlex.org/snapshot/panlex-20191001-csv/1573#50083379>				<https://panlex.org/snapshot/panlex-20191001-csv/1573#50083248>		"malma"@got	
"pelepela"@to	<https://panlex.org/snapshot/panlex-20191001-csv/1573#50083134>				<https://panlex.org/snapshot/panlex-20191001-csv/1573#50082986>		"fani"@got	
"malū"@to	<https://panlex.org/snapshot/panlex-20191001-csv/1573#50086276>				<https://panlex.org/snapshot/panlex-20191001-csv/1573#50086187>		"wis"@got	
"ʔana"@to	<https://panlex.org/snapshot/panlex-20191001-csv/1573#50085607>				<https://panlex.org/snapshot/panlex-20191001-csv/1573#50085478>		"hulundi"@got	
"ʔotu moʔuŋa"@to	<https://panlex.org/snapshot/panlex-20191001-csv/1573#50083778>				<https://panlex.org/snapshot/panlex-20191001-csv/1573#50083575>		"hlain"@got	
"ʔotu moʔuŋa"@to	<https://panlex.org/snapshot/panlex-20191001-csv/1573#50083778>				<https://panlex.org/snapshot/panlex-20191001-csv/1573#50083574>		"fairguni"@got	
"vai"@to	<https://panlex.org/snapshot/panlex-20191001-csv/1573#50085858>				<https://panlex.org/snapshot/panlex-20191001-csv/1573#50085723>		"wato"@got	
"kelekele"@to	<https://panlex.org/snapshot/panlex-20191001-csv/1573#50082566>				<https://panlex.org/snapshot/panlex-20191001-csv/1573#50082394>		"mulda"@got	
"kelekele"@to	<https://panlex.org/snapshot/panlex-20191001-csv/1573#50082249>				<https://panlex.org/snapshot/panlex-20191001-csv/1573#50082067>		"airþa"@got	
"kelekele"@to	<https://panlex.org/snapshot/panlex-20191001-csv/1573#50082249>				<https://panlex.org/snapshot/panlex-20191001-csv/1573#50082068>		"land"@got	
"lilifa"@to	<https://panlex.org/snapshot/panlex-20191001-csv/1573#50084086>				<https://panlex.org/snapshot/panlex-20191001-csv/1573#50083952>		"driuso"@got	
"mata-vai"@to	<https://panlex.org/snapshot/panlex-20191001-csv/1573#50089155>				<https://panlex.org/snapshot/panlex-20191001-csv/1573#50088964>		"brunna"@got	
"matā-fonua"@to	<https://panlex.org/snapshot/panlex-20191001-csv/1573#50085351>				<https://panlex.org/snapshot/panlex-20191001-csv/1573#50085174>		"staþa"@got	
"tumutumu"@to	<https://panlex.org/snapshot/panlex-20191001-csv/1573#50083777>				<https://panlex.org/snapshot/panlex-20191001-csv/1573#50083575>		"hlain"@got	
"tumutumu"@to	<https://panlex.org/snapshot/panlex-20191001-csv/1573#50083777>				<https://panlex.org/snapshot/panlex-20191001-csv/1573#50083574>		"fairguni"@got	
"vai-tafe"@to	<https://panlex.org/snapshot/panlex-20191001-csv/1573#50088587>				<https://panlex.org/snapshot/panlex-20191001-csv/1573#50088350>		"ahwa"@got	
"vai-tafe"@to	<https://panlex.org/snapshot/panlex-20191001-csv/1573#50088587>				<https://panlex.org/snapshot/panlex-20191001-csv/1573#50088351>		"flodus"@got	
"moana"@to	<https://panlex.org/snapshot/panlex-20191001-csv/1573#50086086>				<https://panlex.org/snapshot/panlex-20191001-csv/1573#50085973>		"marei"@got	
"sapate"@to	<https://panlex.org/snapshot/panlex-20191001-csv/2892#110826642>				<https://panlex.org/snapshot/panlex-20191001-csv/2892#110826763>		"*𐍆𐍂𐌰𐌿𐌾𐌹𐌽𐍃 𐌳𐌰𐌲𐍃"@got	
"sapate"@to	<https://panlex.org/snapshot/panlex-20191001-csv/2892#110826642>				<https://panlex.org/snapshot/panlex-20191001-csv/2892#110826891>		"*𐍆𐍂𐌰𐌿𐌾𐌰𐌳𐌰𐌲𐍃"@got	
"sapate"@to	<https://panlex.org/snapshot/panlex-20191001-csv/2892#110826642>				<https://panlex.org/snapshot/panlex-20191001-csv/2892#110826667>		"*𐌺𐌹𐍂𐌹𐌺𐌰𐌳𐌰𐌲𐍃"@got	
"tusite"@to	<https://panlex.org/snapshot/panlex-20191001-csv/2892#110824512>				<https://panlex.org/snapshot/panlex-20191001-csv/2892#110824480>		"*𐌰𐍂𐌾𐌰𐌿𐍃𐌳𐌰𐌲𐍃"@got	
"tusite"@to	<https://panlex.org/snapshot/panlex-20191001-csv/2892#110824512>				<https://panlex.org/snapshot/panlex-20191001-csv/2892#110824453>		"*𐌰𐍂𐌴𐌹𐌽𐍃𐌳𐌰𐌲𐍃"@got	
"tokonaki"@to	<https://panlex.org/snapshot/panlex-20191001-csv/2892#110826557>				<https://panlex.org/snapshot/panlex-20191001-csv/2892#110826171>		"𐍃𐌰𐌱𐌱𐌰𐍄𐍉"@got	
"tokonaki"@to	<https://panlex.org/snapshot/panlex-20191001-csv/2892#110826557>				<https://panlex.org/snapshot/panlex-20191001-csv/2892#110826321>		"*𐍃𐌰𐌼𐌱𐌰𐍄𐌰𐌳𐌰𐌲𐍃"@got	
"pulelulu"@to	<https://panlex.org/snapshot/panlex-20191001-csv/2892#110824978>				<https://panlex.org/snapshot/panlex-20191001-csv/2892#110825001>		"*𐌼𐌹𐌳𐌾𐌰𐍅𐌹𐌺𐍉"@got	
"monite"@to	<https://panlex.org/snapshot/panlex-20191001-csv/2892#110824016>				<https://panlex.org/snapshot/panlex-20191001-csv/2892#110824279>		"*𐌳𐌹𐌿𐍄𐌰𐌳𐌰𐌲𐍃"@got	
"monite"@to	<https://panlex.org/snapshot/panlex-20191001-csv/2892#110824016>				<https://panlex.org/snapshot/panlex-20191001-csv/2892#110824210>		"*𐌳𐌰𐌹𐍅𐍄𐌰𐌹𐍂𐌰𐌳𐌰𐌲𐍃"@got	
"falaite"@to	<https://panlex.org/snapshot/panlex-20191001-csv/2892#110825976>				<https://panlex.org/snapshot/panlex-20191001-csv/2892#110826094>		"𐍀𐌰𐍂𐌰𐍃𐌺𐌰𐌹𐍅𐌴"@got	
"falaite"@to	<https://panlex.org/snapshot/panlex-20191001-csv/2892#110825976>				<https://panlex.org/snapshot/panlex-20191001-csv/2892#110825979>		"*𐍀𐌰𐍂𐌴𐌹𐌽𐍃𐌳𐌰𐌲𐍃"@got	
"tuʻapulelulu"@to	<https://panlex.org/snapshot/panlex-20191001-csv/2892#110825491>				<https://panlex.org/snapshot/panlex-20191001-csv/2892#110825689>		"*𐍀𐌹𐌽𐍄𐌰𐌳𐌰𐌲𐍃"@got	
"tuʻapulelulu"@to	<https://panlex.org/snapshot/panlex-20191001-csv/2892#110825491>				<https://panlex.org/snapshot/panlex-20191001-csv/2892#110825620>		"*𐍀𐌰𐌹𐌽𐍄𐌴𐌳𐌰𐌲𐍃"@got	
"Sanuali"@to	<https://panlex.org/snapshot/panlex-20191001-csv/2897#110827185>				<https://panlex.org/snapshot/panlex-20191001-csv/2897#110827312>		"*𐍃𐌿𐌻𐌰𐌼𐌴𐌽𐍉𐌸𐍃"@got	
"Sanuali"@to	<https://panlex.org/snapshot/panlex-20191001-csv/2897#110827185>				<https://panlex.org/snapshot/panlex-20191001-csv/2897#110827135>		"*𐌾𐌰𐌽𐌿𐌰𐍂𐌴𐌹𐍃"@got	
"Siulai"@to	<https://panlex.org/snapshot/panlex-20191001-csv/2897#110829652>				<https://panlex.org/snapshot/panlex-20191001-csv/2897#110829829>		"*𐌾𐌿𐌻𐌹𐌿𐍃"@got	
"Siulai"@to	<https://panlex.org/snapshot/panlex-20191001-csv/2897#110829652>				<https://panlex.org/snapshot/panlex-20191001-csv/2897#110829614>		"*𐍅𐌹𐌿𐌳𐌰𐌼𐌴𐌽𐍉𐌸𐍃"@got	
"Fepueli"@to	<https://panlex.org/snapshot/panlex-20191001-csv/2897#110827809>				<https://panlex.org/snapshot/panlex-20191001-csv/2897#110827845>		"*𐍆𐌰𐌹𐌱𐍂𐌿𐌰𐍂𐌴𐌹𐍃"@got	
"Fepueli"@to	<https://panlex.org/snapshot/panlex-20191001-csv/2897#110827809>				<https://panlex.org/snapshot/panlex-20191001-csv/2897#110827786>		"*𐌷𐍂𐍉𐌸𐌹𐌼𐌴𐌽𐍉𐌸𐍃"@got	
"Novema"@to	<https://panlex.org/snapshot/panlex-20191001-csv/2897#110831315>				<https://panlex.org/snapshot/panlex-20191001-csv/2897#110831450>		"*𐍆𐍂𐌿𐌼𐌰 𐌾𐌹𐌿𐌻𐌴𐌹𐍃"@got	
"Novema"@to	<https://panlex.org/snapshot/panlex-20191001-csv/2897#110831315>				<https://panlex.org/snapshot/panlex-20191001-csv/2897#110831432>		"𐌽𐌰𐌿𐌱𐌰𐌹𐌼𐌱𐌰𐌹𐍂"@got	
"Maʻasi"@to	<https://panlex.org/snapshot/panlex-20191001-csv/2897#110827869>				<https://panlex.org/snapshot/panlex-20191001-csv/2897#110828151>		"*𐌼𐌰𐍂𐍄𐌹𐌿𐍃"@got	
"Maʻasi"@to	<https://panlex.org/snapshot/panlex-20191001-csv/2897#110827869>				<https://panlex.org/snapshot/panlex-20191001-csv/2897#110828027>		"*𐌰𐌿𐍃𐍄𐍂𐌰𐌼𐌴𐌽𐍉𐌸𐍃"@got	
"ʻEpeleli"@to	<https://panlex.org/snapshot/panlex-20191001-csv/2897#110828459>				<https://panlex.org/snapshot/panlex-20191001-csv/2897#110828559>		"*𐌸𐍂𐌹𐌼𐌿𐌻𐌺𐌹"@got	
"ʻEpeleli"@to	<https://panlex.org/snapshot/panlex-20191001-csv/2897#110828459>				<https://panlex.org/snapshot/panlex-20191001-csv/2897#110828522>		"*𐌰𐍀𐍂𐌴𐌹𐌻𐌹𐍃"@got	
"ʻOkatopa"@to	<https://panlex.org/snapshot/panlex-20191001-csv/2897#110830971>				<https://panlex.org/snapshot/panlex-20191001-csv/2897#110830815>		"*𐌱𐌻𐍉𐍄𐌰𐌼𐌴𐌽𐍉𐌸𐍃"@got	
"ʻOkatopa"@to	<https://panlex.org/snapshot/panlex-20191001-csv/2897#110830971>				<https://panlex.org/snapshot/panlex-20191001-csv/2897#110830827>		"*𐌰𐌿𐌺𐍄𐍉𐌱𐌰𐌹𐍂"@got	
"Sune"@to	<https://panlex.org/snapshot/panlex-20191001-csv/2897#110829258>				<https://panlex.org/snapshot/panlex-20191001-csv/2897#110829428>		"*𐌰𐌽𐌸𐌰𐍂 𐌻𐌹𐌽𐌸𐌾𐌰"@got	
"Sune"@to	<https://panlex.org/snapshot/panlex-20191001-csv/2897#110829258>				<https://panlex.org/snapshot/panlex-20191001-csv/2897#110829125>		"*𐌾𐌿𐌽𐌹𐌿𐍃"@got	
"Me"@to	<https://panlex.org/snapshot/panlex-20191001-csv/2897#110828825>				<https://panlex.org/snapshot/panlex-20191001-csv/2897#110829061>		"*𐌼𐌰𐌾𐌿𐍃"@got	
"Me"@to	<https://panlex.org/snapshot/panlex-20191001-csv/2897#110828825>				<https://panlex.org/snapshot/panlex-20191001-csv/2897#110828832>		"*𐍆𐍂𐌿𐌼𐌰 𐌻𐌹𐌽𐌸𐌾𐌰"@got	
"Sepitema"@to	<https://panlex.org/snapshot/panlex-20191001-csv/2897#110830561>				<https://panlex.org/snapshot/panlex-20191001-csv/2897#110830381>		"*𐍅𐌹𐌽𐍄𐍂𐌿𐍆𐌿𐌻𐌻𐌴𐌹𐌸𐍃"@got	
"Sepitema"@to	<https://panlex.org/snapshot/panlex-20191001-csv/2897#110830561>				<https://panlex.org/snapshot/panlex-20191001-csv/2897#110830526>		"*𐍃𐌰𐌹𐍀𐍄𐌰𐌹𐌼𐌱𐌰𐌹𐍂"@got	
"ʻAokosi"@to	<https://panlex.org/snapshot/panlex-20191001-csv/2897#110830165>				<https://panlex.org/snapshot/panlex-20191001-csv/2897#110829928>		"𐌰𐌲𐌿𐍃𐍄𐌿𐍃"@got	
"ʻAokosi"@to	<https://panlex.org/snapshot/panlex-20191001-csv/2897#110830165>				<https://panlex.org/snapshot/panlex-20191001-csv/2897#110830276>		"*𐌷𐌰𐌹𐌻𐌰𐌲𐌰𐌼𐌴𐌽𐍉𐌸𐍃"@got	
"ʻAokosi"@to	<https://panlex.org/snapshot/panlex-20191001-csv/2897#110830165>				<https://panlex.org/snapshot/panlex-20191001-csv/2897#110830074>		"*𐌰𐍃𐌰𐌽𐌰𐌼𐌴𐌽𐍉𐌸𐍃"@got	
"Tisema"@to	<https://panlex.org/snapshot/panlex-20191001-csv/2897#110831659>				<https://panlex.org/snapshot/panlex-20191001-csv/2897#110831860>		"*𐌰𐍆𐍄𐌿𐌼𐌰 𐌾𐌹𐌿𐌻𐌴𐌹𐍃"@got	
"Tisema"@to	<https://panlex.org/snapshot/panlex-20191001-csv/2897#110831659>				<https://panlex.org/snapshot/panlex-20191001-csv/2897#110831665>		"*𐌰𐌽𐌸𐌰𐍂 𐌾𐌹𐌿𐌻𐌴𐌹𐍃"@got	
"Tisema"@to	<https://panlex.org/snapshot/panlex-20191001-csv/2897#110831659>				<https://panlex.org/snapshot/panlex-20191001-csv/2897#110831925>		"*𐌳𐌰𐌹𐌺𐌰𐌹𐌼𐌱𐌰𐌹𐍂"@got	
"ʻAmelika"@to	<https://panlex.org/snapshot/panlex-20191001-csv/2891#110853332>				<https://panlex.org/snapshot/panlex-20191001-csv/2891#110853533>		"𐌰𐌼𐌴𐍂𐌹𐌺𐌰"@got	
"ʻAfilika"@to	<https://panlex.org/snapshot/panlex-20191001-csv/2891#110853124>				<https://panlex.org/snapshot/panlex-20191001-csv/2891#110853192>		"𐌰𐍆𐍂𐌹𐌺𐌰"@got	
"ʻEsia"@to	<https://panlex.org/snapshot/panlex-20191001-csv/2891#110854026>				<https://panlex.org/snapshot/panlex-20191001-csv/2891#110854018>		"𐌰𐍃𐌹𐌰"@got	
"ʻIulope"@to	<https://panlex.org/snapshot/panlex-20191001-csv/2891#110854282>				<https://panlex.org/snapshot/panlex-20191001-csv/2891#110854258>		"𐌰𐌹𐍅𐍂𐍉𐍀𐌰"@got	
