"kili"@to	<https://panlex.org/snapshot/panlex-20191001-csv/114#8057701>				<https://panlex.org/snapshot/panlex-20191001-csv/114#8057388>		"upis"@ilp	
"ŋutu"@to	<https://panlex.org/snapshot/panlex-20191001-csv/114#8066988>				<https://panlex.org/snapshot/panlex-20191001-csv/114#8066656>		"ŋariʼ"@ilp	
"manavahē"@to	<https://panlex.org/snapshot/panlex-20191001-csv/114#8062821>				<https://panlex.org/snapshot/panlex-20191001-csv/114#8062511>		"g++kalek"@ilp	
"mataʔu"@to	<https://panlex.org/snapshot/panlex-20191001-csv/114#8053058>				<https://panlex.org/snapshot/panlex-20191001-csv/114#8052784>		"kawanan"@ilp	
"kia"@to	<https://panlex.org/snapshot/panlex-20191001-csv/114#8064412>				<https://panlex.org/snapshot/panlex-20191001-csv/114#8064099>		"liʼig"@ilp	
"nima"@to	<https://panlex.org/snapshot/panlex-20191001-csv/114#8052123>				<https://panlex.org/snapshot/panlex-20191001-csv/114#8051781>		"lima"@ilp	
"louʔulu"@to	<https://panlex.org/snapshot/panlex-20191001-csv/114#8064964>				<https://panlex.org/snapshot/panlex-20191001-csv/114#8064635>		"buʼuk"@ilp	
"kata"@to	<https://panlex.org/snapshot/panlex-20191001-csv/114#8068581>				<https://panlex.org/snapshot/panlex-20191001-csv/114#8068274>		"g++kalaʼ"@ilp	
"ʔulu"@to	<https://panlex.org/snapshot/panlex-20191001-csv/114#8063879>				<https://panlex.org/snapshot/panlex-20191001-csv/114#8063554>		"ulu"@ilp	
"liliu"@to	<https://panlex.org/snapshot/panlex-20191001-csv/114#8055698>				<https://panlex.org/snapshot/panlex-20191001-csv/114#8055397>		"b+pirau"@ilp	
"ʔuli"@to	<https://panlex.org/snapshot/panlex-20191001-csv/114#8056730>				<https://panlex.org/snapshot/panlex-20191001-csv/114#8056416>		"sebuʼ"@ilp	
"uma"@to	<https://panlex.org/snapshot/panlex-20191001-csv/114#8061292>				<https://panlex.org/snapshot/panlex-20191001-csv/114#8061014>		"waga"@ilp	
