"vai"@to	<https://panlex.org/snapshot/panlex-20191001-csv/12#851197>				<https://panlex.org/snapshot/panlex-20191001-csv/12#851013>		"d̃an"@lek	
"kili"@to	<https://panlex.org/snapshot/panlex-20191001-csv/114#8057701>				<https://panlex.org/snapshot/panlex-20191001-csv/114#8057449>		"kulhɪ-n"@lek	
"ŋutu"@to	<https://panlex.org/snapshot/panlex-20191001-csv/114#8066988>				<https://panlex.org/snapshot/panlex-20191001-csv/114#8066721>		"poho-n"@lek	
"manavahē"@to	<https://panlex.org/snapshot/panlex-20191001-csv/114#8062821>				<https://panlex.org/snapshot/panlex-20191001-csv/114#8062584>		"i-noh"@lek	
"mataʔu"@to	<https://panlex.org/snapshot/panlex-20191001-csv/114#8053058>				<https://panlex.org/snapshot/panlex-20191001-csv/114#8052834>		"ceŋin"@lek	
"kia"@to	<https://panlex.org/snapshot/panlex-20191001-csv/114#8064412>				<https://panlex.org/snapshot/panlex-20191001-csv/114#8064161>		"keñwe-n"@lek	
"nima"@to	<https://panlex.org/snapshot/panlex-20191001-csv/114#8052123>				<https://panlex.org/snapshot/panlex-20191001-csv/114#8051846>		"nime-n"@lek	
"louʔulu"@to	<https://panlex.org/snapshot/panlex-20191001-csv/114#8064964>				<https://panlex.org/snapshot/panlex-20191001-csv/114#8064698>		"pile-n"@lek	
"kata"@to	<https://panlex.org/snapshot/panlex-20191001-csv/114#8068581>				<https://panlex.org/snapshot/panlex-20191001-csv/114#8068339>		"hɪl"@lek	
"ʔulu"@to	<https://panlex.org/snapshot/panlex-20191001-csv/114#8063879>				<https://panlex.org/snapshot/panlex-20191001-csv/114#8063617>		"ple-n"@lek	
"liliu"@to	<https://panlex.org/snapshot/panlex-20191001-csv/114#8055698>				<https://panlex.org/snapshot/panlex-20191001-csv/114#8055458>		"kwacanɪm"@lek	
"ʔuli"@to	<https://panlex.org/snapshot/panlex-20191001-csv/114#8056730>				<https://panlex.org/snapshot/panlex-20191001-csv/114#8056482>		"coci"@lek	
"vai"@to	<https://panlex.org/snapshot/panlex-20191001-csv/11#787754>				<https://panlex.org/snapshot/panlex-20191001-csv/11#787623>		"d̃an"@lek	
