"kili"@to	<https://panlex.org/snapshot/panlex-20191001-csv/114#8057701>				<https://panlex.org/snapshot/panlex-20191001-csv/114#8057640>		"ni-mben"@sns	
"ŋutu"@to	<https://panlex.org/snapshot/panlex-20191001-csv/114#8066988>				<https://panlex.org/snapshot/panlex-20191001-csv/114#8066926>		"mboŋo-"@sns	
"manavahē"@to	<https://panlex.org/snapshot/panlex-20191001-csv/114#8062821>				<https://panlex.org/snapshot/panlex-20191001-csv/114#8062767>		"mataʔ"@sns	
"mataʔu"@to	<https://panlex.org/snapshot/panlex-20191001-csv/114#8053058>				<https://panlex.org/snapshot/panlex-20191001-csv/114#8053004>		"mbaraŋgin"@sns	
"kia"@to	<https://panlex.org/snapshot/panlex-20191001-csv/114#8064412>				<https://panlex.org/snapshot/panlex-20191001-csv/114#8064347>		"ndolo-"@sns	
"nima"@to	<https://panlex.org/snapshot/panlex-20191001-csv/114#8052123>				<https://panlex.org/snapshot/panlex-20191001-csv/114#8052055>		"ßara-"@sns	
"louʔulu"@to	<https://panlex.org/snapshot/panlex-20191001-csv/114#8064964>				<https://panlex.org/snapshot/panlex-20191001-csv/114#8064892>		"siplen"@sns	
"kata"@to	<https://panlex.org/snapshot/panlex-20191001-csv/114#8068581>				<https://panlex.org/snapshot/panlex-20191001-csv/114#8068527>		"mwas"@sns	
"ʔulu"@to	<https://panlex.org/snapshot/panlex-20191001-csv/114#8063879>				<https://panlex.org/snapshot/panlex-20191001-csv/114#8063810>		"mbwati-"@sns	
"ʔuli"@to	<https://panlex.org/snapshot/panlex-20191001-csv/114#8056730>				<https://panlex.org/snapshot/panlex-20191001-csv/114#8056667>		"molol"@sns	
"uma"@to	<https://panlex.org/snapshot/panlex-20191001-csv/114#8061292>				<https://panlex.org/snapshot/panlex-20191001-csv/114#8061241>		"mbataßan"@sns	
