"Ҷазираҳои Кук"@tg	<https://panlex.org/snapshot/panlex-20191001-csv/6898#113638514>				<https://panlex.org/snapshot/panlex-20191001-csv/6898#113638411>		"Cook Islands"@fil	
"Ҷазираҳои Маршалл"@tg	<https://panlex.org/snapshot/panlex-20191001-csv/6898#113594921>				<https://panlex.org/snapshot/panlex-20191001-csv/6898#113594888>		"Marshall Islands"@fil	
"Кореяи Шимолӣ"@tg	<https://panlex.org/snapshot/panlex-20191001-csv/6898#113598937>				<https://panlex.org/snapshot/panlex-20191001-csv/6898#113598813>		"Hilagang Korea"@fil	
"Швейтсария"@tg	<https://panlex.org/snapshot/panlex-20191001-csv/6898#113612915>				<https://panlex.org/snapshot/panlex-20191001-csv/6898#113612829>		"Switzerland"@fil	
"Аморатҳои Муттаҳидаи Араб"@tg	<https://panlex.org/snapshot/panlex-20191001-csv/6898#113608737>				<https://panlex.org/snapshot/panlex-20191001-csv/6898#113608781>		"United Arab Emirates"@fil	
"Нигерия"@tg	<https://panlex.org/snapshot/panlex-20191001-csv/6898#113624194>				<https://panlex.org/snapshot/panlex-20191001-csv/6898#113624040>		"Nigeria"@fil	
"Аргентина"@tg	<https://panlex.org/snapshot/panlex-20191001-csv/6898#113642106>				<https://panlex.org/snapshot/panlex-20191001-csv/6898#113642123>		"Argentina"@fil	
"Тунис"@tg	<https://panlex.org/snapshot/panlex-20191001-csv/6898#113606537>				<https://panlex.org/snapshot/panlex-20191001-csv/6898#113606522>		"Tunisia"@fil	
"Самоаи Америка"@tg	<https://panlex.org/snapshot/panlex-20191001-csv/6898#113606271>				<https://panlex.org/snapshot/panlex-20191001-csv/6898#113606305>		"American Samoa"@fil	
"Зимбабве"@tg	<https://panlex.org/snapshot/panlex-20191001-csv/6898#113583639>				<https://panlex.org/snapshot/panlex-20191001-csv/6898#113583634>		"Zimbabwe"@fil	
"Гондурас"@tg	<https://panlex.org/snapshot/panlex-20191001-csv/6898#113597013>				<https://panlex.org/snapshot/panlex-20191001-csv/6898#113597102>		"Honduras"@fil	
"Сан Томе ва Принсипи"@tg	<https://panlex.org/snapshot/panlex-20191001-csv/6898#113623027>				<https://panlex.org/snapshot/panlex-20191001-csv/6898#113622992>		"São Tomé and Príncipe"@fil	
"Папуа Гвинеяи Нав"@tg	<https://panlex.org/snapshot/panlex-20191001-csv/6898#113614928>				<https://panlex.org/snapshot/panlex-20191001-csv/6898#113614902>		"Papua New Guinea"@fil	
"Шпитсберген ва Ян Майен"@tg	<https://panlex.org/snapshot/panlex-20191001-csv/6898#113624315>				<https://panlex.org/snapshot/panlex-20191001-csv/6898#113624310>		"Svalbard and Jan Mayen"@fil	
"Тринидад ва Тобаго"@tg	<https://panlex.org/snapshot/panlex-20191001-csv/6898#113640186>				<https://panlex.org/snapshot/panlex-20191001-csv/6898#113640040>		"Trinidad and Tobago"@fil	
"Сербия"@tg	<https://panlex.org/snapshot/panlex-20191001-csv/6898#113635369>				<https://panlex.org/snapshot/panlex-20191001-csv/6898#113635336>		"Serbia"@fil	
"Науру"@tg	<https://panlex.org/snapshot/panlex-20191001-csv/6898#113601689>				<https://panlex.org/snapshot/panlex-20191001-csv/6898#113601588>		"Nauru"@fil	
"Габон"@tg	<https://panlex.org/snapshot/panlex-20191001-csv/6898#113585267>				<https://panlex.org/snapshot/panlex-20191001-csv/6898#113585206>		"Gabon"@fil	
"Ҷазираҳои Теркс ва Кайкос"@tg	<https://panlex.org/snapshot/panlex-20191001-csv/6898#113588728>				<https://panlex.org/snapshot/panlex-20191001-csv/6898#113588805>		"Turks and Caicos Islands"@fil	
"Қатар"@tg	<https://panlex.org/snapshot/panlex-20191001-csv/6898#113636911>				<https://panlex.org/snapshot/panlex-20191001-csv/6898#113636827>		"Qatar"@fil	
"Мянма"@tg	<https://panlex.org/snapshot/panlex-20191001-csv/6898#113594317>				<https://panlex.org/snapshot/panlex-20191001-csv/6898#113594376>		"Myanmar (Burma)"@fil	
"Мозамбик"@tg	<https://panlex.org/snapshot/panlex-20191001-csv/6898#113603306>				<https://panlex.org/snapshot/panlex-20191001-csv/6898#113603223>		"Mozambique"@fil	
"Никарагуа"@tg	<https://panlex.org/snapshot/panlex-20191001-csv/6898#113611239>				<https://panlex.org/snapshot/panlex-20191001-csv/6898#113611271>		"Nicaragua"@fil	
"Шри-Ланка"@tg	<https://panlex.org/snapshot/panlex-20191001-csv/6898#113609321>				<https://panlex.org/snapshot/panlex-20191001-csv/6898#113609418>		"Sri Lanka"@fil	
"Гайана"@tg	<https://panlex.org/snapshot/panlex-20191001-csv/6898#113628174>				<https://panlex.org/snapshot/panlex-20191001-csv/6898#113628162>		"Guyana"@fil	
"Булғория"@tg	<https://panlex.org/snapshot/panlex-20191001-csv/6898#113631187>				<https://panlex.org/snapshot/panlex-20191001-csv/6898#113631144>		"Bulgaria"@fil	
"Гаити"@tg	<https://panlex.org/snapshot/panlex-20191001-csv/6898#113634579>				<https://panlex.org/snapshot/panlex-20191001-csv/6898#113634611>		"Haiti"@fil	
"Ҷазираҳои Фарер"@tg	<https://panlex.org/snapshot/panlex-20191001-csv/6898#113607992>				<https://panlex.org/snapshot/panlex-20191001-csv/6898#113608033>		"Faroe Islands"@fil	
"Эквадор"@tg	<https://panlex.org/snapshot/panlex-20191001-csv/6898#113610909>				<https://panlex.org/snapshot/panlex-20191001-csv/6898#113610992>		"Ecuador"@fil	
"Буркина-Фасо"@tg	<https://panlex.org/snapshot/panlex-20191001-csv/6898#113632462>				<https://panlex.org/snapshot/panlex-20191001-csv/6898#113632437>		"Burkina Faso"@fil	
"Гибралтар"@tg	<https://panlex.org/snapshot/panlex-20191001-csv/6898#113592998>				<https://panlex.org/snapshot/panlex-20191001-csv/6898#113593059>		"Gibraltar"@fil	
"Свазиленд"@tg	<https://panlex.org/snapshot/panlex-20191001-csv/6898#113625276>				<https://panlex.org/snapshot/panlex-20191001-csv/6898#113625245>		"Swaziland"@fil	
"Либерия"@tg	<https://panlex.org/snapshot/panlex-20191001-csv/6898#113605474>				<https://panlex.org/snapshot/panlex-20191001-csv/6898#113605451>		"Liberia"@fil	
"Эритрея"@tg	<https://panlex.org/snapshot/panlex-20191001-csv/6898#113586962>				<https://panlex.org/snapshot/panlex-20191001-csv/6898#113587025>		"Eritrea"@fil	
"Тоҷикистон"@tg	<https://panlex.org/snapshot/panlex-20191001-csv/6898#113590158>				<https://panlex.org/snapshot/panlex-20191001-csv/6898#113590293>		"Tajikistan"@fil	
"Бермуда"@tg	<https://panlex.org/snapshot/panlex-20191001-csv/6898#113607381>				<https://panlex.org/snapshot/panlex-20191001-csv/6898#113607324>		"Bermuda"@fil	
"Ҷазираҳои Хурди Дурдасти ИМА"@tg	<https://panlex.org/snapshot/panlex-20191001-csv/6898#113607103>				<https://panlex.org/snapshot/panlex-20191001-csv/6898#113607123>		"U.S. Outlying Islands"@fil	
"Сент-Бартелми"@tg	<https://panlex.org/snapshot/panlex-20191001-csv/6898#113621736>				<https://panlex.org/snapshot/panlex-20191001-csv/6898#113621704>		"Saint Barthélemy"@fil	
"Антарктида"@tg	<https://panlex.org/snapshot/panlex-20191001-csv/6898#113646088>				<https://panlex.org/snapshot/panlex-20191001-csv/6898#113646098>		"Antarctica"@fil	
"Бурунди"@tg	<https://panlex.org/snapshot/panlex-20191001-csv/6898#113626906>				<https://panlex.org/snapshot/panlex-20191001-csv/6898#113626836>		"Burundi"@fil	
"Ирландия"@tg	<https://panlex.org/snapshot/panlex-20191001-csv/6898#113625973>				<https://panlex.org/snapshot/panlex-20191001-csv/6898#113625865>		"Ireland"@fil	
"Синт-Маартен"@tg	<https://panlex.org/snapshot/panlex-20191001-csv/6898#113620941>				<https://panlex.org/snapshot/panlex-20191001-csv/6898#113620994>		"Sint Maarten"@fil	
"Люксембург"@tg	<https://panlex.org/snapshot/panlex-20191001-csv/6898#113640952>				<https://panlex.org/snapshot/panlex-20191001-csv/6898#113640969>		"Luxembourg"@fil	
"Непал"@tg	<https://panlex.org/snapshot/panlex-20191001-csv/6898#113584233>				<https://panlex.org/snapshot/panlex-20191001-csv/6898#113584083>		"Nepal"@fil	
"Эфиопия"@tg	<https://panlex.org/snapshot/panlex-20191001-csv/6898#113615740>				<https://panlex.org/snapshot/panlex-20191001-csv/6898#113615711>		"Ethiopia"@fil	
"Тимор-Лесте"@tg	<https://panlex.org/snapshot/panlex-20191001-csv/6898#113632627>				<https://panlex.org/snapshot/panlex-20191001-csv/6898#113632634>		"Timor-Leste"@fil	
"Тимор-Лесте"@tg	<https://panlex.org/snapshot/panlex-20191001-csv/6898#113632627>				<https://panlex.org/snapshot/panlex-20191001-csv/6898#113632740>		"East Timor"@fil	
"Қувайт"@tg	<https://panlex.org/snapshot/panlex-20191001-csv/6898#113605859>				<https://panlex.org/snapshot/panlex-20191001-csv/6898#113605873>		"Kuwait"@fil	
"Португалия"@tg	<https://panlex.org/snapshot/panlex-20191001-csv/6898#113628644>				<https://panlex.org/snapshot/panlex-20191001-csv/6898#113628583>		"Portugal"@fil	
"Макао"@tg	<https://panlex.org/snapshot/panlex-20191001-csv/6898#113599453>				<https://panlex.org/snapshot/panlex-20191001-csv/6898#113599464>		"Macau"@fil	
"Макао"@tg	<https://panlex.org/snapshot/panlex-20191001-csv/6898#113599453>				<https://panlex.org/snapshot/panlex-20191001-csv/6898#113599411>		"Macau SAR China"@fil	
"Чили"@tg	<https://panlex.org/snapshot/panlex-20191001-csv/6898#113624808>				<https://panlex.org/snapshot/panlex-20191001-csv/6898#113624818>		"Chile"@fil	
"Мадагаскар"@tg	<https://panlex.org/snapshot/panlex-20191001-csv/6898#113589916>				<https://panlex.org/snapshot/panlex-20191001-csv/6898#113589953>		"Madagascar"@fil	
"Ҷерси"@tg	<https://panlex.org/snapshot/panlex-20191001-csv/6898#113594150>				<https://panlex.org/snapshot/panlex-20191001-csv/6898#113594115>		"Jersey"@fil	
"Шветсия"@tg	<https://panlex.org/snapshot/panlex-20191001-csv/6898#113639828>				<https://panlex.org/snapshot/panlex-20191001-csv/6898#113639928>		"Sweden"@fil	
"Латвия"@tg	<https://panlex.org/snapshot/panlex-20191001-csv/6898#113584922>				<https://panlex.org/snapshot/panlex-20191001-csv/6898#113585057>		"Latvia"@fil	
"Бангладеш"@tg	<https://panlex.org/snapshot/panlex-20191001-csv/6898#113632262>				<https://panlex.org/snapshot/panlex-20191001-csv/6898#113632244>		"Bangladesh"@fil	
"Уругвай"@tg	<https://panlex.org/snapshot/panlex-20191001-csv/6898#113623357>				<https://panlex.org/snapshot/panlex-20191001-csv/6898#113623368>		"Uruguay"@fil	
"Қазоқистон"@tg	<https://panlex.org/snapshot/panlex-20191001-csv/6898#113591028>				<https://panlex.org/snapshot/panlex-20191001-csv/6898#113591013>		"Kazakhstan"@fil	
"Баҳрайн"@tg	<https://panlex.org/snapshot/panlex-20191001-csv/6898#113596151>				<https://panlex.org/snapshot/panlex-20191001-csv/6898#113596162>		"Bahrain"@fil	
"Маврикий"@tg	<https://panlex.org/snapshot/panlex-20191001-csv/6898#113611403>				<https://panlex.org/snapshot/panlex-20191001-csv/6898#113611462>		"Mauritius"@fil	
"Канада"@tg	<https://panlex.org/snapshot/panlex-20191001-csv/6898#113595783>				<https://panlex.org/snapshot/panlex-20191001-csv/6898#113595761>		"Canada"@fil	
"Германия"@tg	<https://panlex.org/snapshot/panlex-20191001-csv/6898#113639354>				<https://panlex.org/snapshot/panlex-20191001-csv/6898#113639298>		"Germany"@fil	
"Лубнон"@tg	<https://panlex.org/snapshot/panlex-20191001-csv/6898#113585479>				<https://panlex.org/snapshot/panlex-20191001-csv/6898#113585488>		"Lebanon"@fil	
"душанбе دوشنبه duşanbe"@tg	<https://panlex.org/snapshot/panlex-20191001-csv/5947#84803593>				<https://panlex.org/snapshot/panlex-20191001-csv/5947#84803395>		"lunes"@fil	
"Украинӣ"@tg	<https://panlex.org/snapshot/panlex-20191001-csv/400#13364361>				<https://panlex.org/snapshot/panlex-20191001-csv/400#13364301>		"Ukranian"@fil	
"Ҷопонӣ"@tg	<https://panlex.org/snapshot/panlex-20191001-csv/400#13351394>				<https://panlex.org/snapshot/panlex-20191001-csv/400#13351329>		"Japanese"@fil	
"Ӯйғурӣ"@tg	<https://panlex.org/snapshot/panlex-20191001-csv/400#13364229>				<https://panlex.org/snapshot/panlex-20191001-csv/400#13364177>		"Uighur"@fil	
"Индонезӣ"@tg	<https://panlex.org/snapshot/panlex-20191001-csv/400#13350508>				<https://panlex.org/snapshot/panlex-20191001-csv/400#13350446>		"Indonesian"@fil	
"Қирғизӣ"@tg	<https://panlex.org/snapshot/panlex-20191001-csv/400#13353345>				<https://panlex.org/snapshot/panlex-20191001-csv/400#13353289>		"Kirghiz"@fil	
"Португалӣ (Бразилия)"@tg	<https://panlex.org/snapshot/panlex-20191001-csv/400#13358912>				<https://panlex.org/snapshot/panlex-20191001-csv/400#13358868>		"Portuges (Brasil)"@fil	
"Лаосӣ"@tg	<https://panlex.org/snapshot/panlex-20191001-csv/400#13353883>				<https://panlex.org/snapshot/panlex-20191001-csv/400#13353829>		"Lao"@fil	
"Каталанӣ"@tg	<https://panlex.org/snapshot/panlex-20191001-csv/400#13343676>				<https://panlex.org/snapshot/panlex-20191001-csv/400#13343617>		"Catalan"@fil	
"Фаронсавӣ"@tg	<https://panlex.org/snapshot/panlex-20191001-csv/400#13347849>				<https://panlex.org/snapshot/panlex-20191001-csv/400#13347785>		"Pranses"@fil	
"Ҳолландӣ"@tg	<https://panlex.org/snapshot/panlex-20191001-csv/400#13356829>				<https://panlex.org/snapshot/panlex-20191001-csv/400#13356766>		"Olandes"@fil	
"Булғорӣ"@tg	<https://panlex.org/snapshot/panlex-20191001-csv/400#13342687>				<https://panlex.org/snapshot/panlex-20191001-csv/400#13342627>		"Bulgarian"@fil	
"Яҳудӣ"@tg	<https://panlex.org/snapshot/panlex-20191001-csv/400#13349559>				<https://panlex.org/snapshot/panlex-20191001-csv/400#13349499>		"Hebreo"@fil	
"Гуҷаратӣ"@tg	<https://panlex.org/snapshot/panlex-20191001-csv/400#13349256>				<https://panlex.org/snapshot/panlex-20191001-csv/400#13349195>		"Gujarati"@fil	
"Исландӣ"@tg	<https://panlex.org/snapshot/panlex-20191001-csv/400#13351126>				<https://panlex.org/snapshot/panlex-20191001-csv/400#13351065>		"Icelandic"@fil	
"Норвегӣ"@tg	<https://panlex.org/snapshot/panlex-20191001-csv/400#13357055>				<https://panlex.org/snapshot/panlex-20191001-csv/400#13356992>		"Norwegian"@fil	
"Форсӣ"@tg	<https://panlex.org/snapshot/panlex-20191001-csv/400#13347214>				<https://panlex.org/snapshot/panlex-20191001-csv/400#13347151>		"Persian"@fil	
"Бенгалӣ"@tg	<https://panlex.org/snapshot/panlex-20191001-csv/400#13343106>				<https://panlex.org/snapshot/panlex-20191001-csv/400#13343043>		"Bengali"@fil	
"Бенгалӣ"@tg	<https://panlex.org/snapshot/panlex-20191001-csv/400#13343106>				<https://panlex.org/snapshot/panlex-20191001-csv/400#13343044>		"Bangla"@fil	
"Лотинӣ"@tg	<https://panlex.org/snapshot/panlex-20191001-csv/400#13353442>				<https://panlex.org/snapshot/panlex-20191001-csv/400#13353381>		"Latin"@fil	
"Англисӣ"@tg	<https://panlex.org/snapshot/panlex-20191001-csv/400#13346362>				<https://panlex.org/snapshot/panlex-20191001-csv/400#13346296>		"Ingles"@fil	
"Бретонӣ"@tg	<https://panlex.org/snapshot/panlex-20191001-csv/400#13343303>				<https://panlex.org/snapshot/panlex-20191001-csv/400#13343246>		"Breton"@fil	
"Шотландӣ-Галикӣ"@tg	<https://panlex.org/snapshot/panlex-20191001-csv/400#13348521>				<https://panlex.org/snapshot/panlex-20191001-csv/400#13348464>		"Scots Gaelic"@fil	
"Босниягӣ"@tg	<https://panlex.org/snapshot/panlex-20191001-csv/400#13343430>				<https://panlex.org/snapshot/panlex-20191001-csv/400#13343372>		"Bosnian"@fil	
"Португалӣ"@tg	<https://panlex.org/snapshot/panlex-20191001-csv/400#13358831>				<https://panlex.org/snapshot/panlex-20191001-csv/400#13358766>		"Portuges"@fil	
"Галисианӣ"@tg	<https://panlex.org/snapshot/panlex-20191001-csv/400#13348741>				<https://panlex.org/snapshot/panlex-20191001-csv/400#13348684>		"Galician"@fil	
"Фарозӣ"@tg	<https://panlex.org/snapshot/panlex-20191001-csv/400#13347711>				<https://panlex.org/snapshot/panlex-20191001-csv/400#13347654>		"Faroeso"@fil	
"Филиппинӣ"@tg	<https://panlex.org/snapshot/panlex-20191001-csv/400#13347519>				<https://panlex.org/snapshot/panlex-20191001-csv/400#13347463>		"Filipino"@fil	
"Лаҳистонӣ"@tg	<https://panlex.org/snapshot/panlex-20191001-csv/400#13358521>				<https://panlex.org/snapshot/panlex-20191001-csv/400#13358458>		"Polish"@fil	
"Белорусӣ"@tg	<https://panlex.org/snapshot/panlex-20191001-csv/400#13342477>				<https://panlex.org/snapshot/panlex-20191001-csv/400#13342416>		"Belarusian"@fil	
"Шведӣ"@tg	<https://panlex.org/snapshot/panlex-20191001-csv/400#13362233>				<https://panlex.org/snapshot/panlex-20191001-csv/400#13362170>		"Suwiso"@fil	
"Литвонӣ"@tg	<https://panlex.org/snapshot/panlex-20191001-csv/400#13354046>				<https://panlex.org/snapshot/panlex-20191001-csv/400#13353986>		"Lithuanian"@fil	
"Руминӣ"@tg	<https://panlex.org/snapshot/panlex-20191001-csv/400#13359338>				<https://panlex.org/snapshot/panlex-20191001-csv/400#13359277>		"Romanian"@fil	
"Урду"@tg	<https://panlex.org/snapshot/panlex-20191001-csv/400#13364558>				<https://panlex.org/snapshot/panlex-20191001-csv/400#13364500>		"Urdu"@fil	
"Зулу"@tg	<https://panlex.org/snapshot/panlex-20191001-csv/400#13366023>				<https://panlex.org/snapshot/panlex-20191001-csv/400#13365964>		"Zulu"@fil	
"Горанӣ"@tg	<https://panlex.org/snapshot/panlex-20191001-csv/400#13348873>				<https://panlex.org/snapshot/panlex-20191001-csv/400#13348817>		"Guarani"@fil	
"Чехӣ"@tg	<https://panlex.org/snapshot/panlex-20191001-csv/400#13344844>				<https://panlex.org/snapshot/panlex-20191001-csv/400#13344782>		"Czech"@fil	
"Немисӣ"@tg	<https://panlex.org/snapshot/panlex-20191001-csv/400#13345417>				<https://panlex.org/snapshot/panlex-20191001-csv/400#13345353>		"Aleman"@fil	
"Латвиягӣ"@tg	<https://panlex.org/snapshot/panlex-20191001-csv/400#13354349>				<https://panlex.org/snapshot/panlex-20191001-csv/400#13354288>		"Latvian"@fil	
"Ҳиндӣ"@tg	<https://panlex.org/snapshot/panlex-20191001-csv/400#13349664>				<https://panlex.org/snapshot/panlex-20191001-csv/400#13349601>		"Hindu"@fil	
"Биҳарӣ"@tg	<https://panlex.org/snapshot/panlex-20191001-csv/400#13342783>				<https://panlex.org/snapshot/panlex-20191001-csv/400#13342725>		"Bihari"@fil	
"Ирландӣ"@tg	<https://panlex.org/snapshot/panlex-20191001-csv/400#13348319>				<https://panlex.org/snapshot/panlex-20191001-csv/400#13348257>		"Irish"@fil	
"Байни забонӣ"@tg	<https://panlex.org/snapshot/panlex-20191001-csv/400#13350373>				<https://panlex.org/snapshot/panlex-20191001-csv/400#13350317>		"Interlingua"@fil	
"Ҷаванизӣ"@tg	<https://panlex.org/snapshot/panlex-20191001-csv/400#13351613>				<https://panlex.org/snapshot/panlex-20191001-csv/400#13351554>		"Javanese"@fil	
"Урисоӣ"@tg	<https://panlex.org/snapshot/panlex-20191001-csv/400#13357800>				<https://panlex.org/snapshot/panlex-20191001-csv/400#13357743>		"Oriya"@fil	
"Испанӣ"@tg	<https://panlex.org/snapshot/panlex-20191001-csv/400#13346797>				<https://panlex.org/snapshot/panlex-20191001-csv/400#13346732>		"Espanyol"@fil	
"Яҳудии Аврупои шарқӣ"@tg	<https://panlex.org/snapshot/panlex-20191001-csv/400#13365453>				<https://panlex.org/snapshot/panlex-20191001-csv/400#13365397>		"Yiddish"@fil	
"Финнӣ"@tg	<https://panlex.org/snapshot/panlex-20191001-csv/400#13347424>				<https://panlex.org/snapshot/panlex-20191001-csv/400#13347361>		"Finnish"@fil	
"Эсперанто"@tg	<https://panlex.org/snapshot/panlex-20191001-csv/400#13346691>				<https://panlex.org/snapshot/panlex-20191001-csv/400#13346632>		"Esperanto"@fil	
"Русӣ"@tg	<https://panlex.org/snapshot/panlex-20191001-csv/400#13359554>				<https://panlex.org/snapshot/panlex-20191001-csv/400#13359491>		"Ruso"@fil	
"Даниягӣ"@tg	<https://panlex.org/snapshot/panlex-20191001-csv/400#13345199>				<https://panlex.org/snapshot/panlex-20191001-csv/400#13345137>		"Danish"@fil	
"Гурҷӣ"@tg	<https://panlex.org/snapshot/panlex-20191001-csv/400#13351710>				<https://panlex.org/snapshot/panlex-20191001-csv/400#13351651>		"Georgian"@fil	
"Маҷорӣ"@tg	<https://panlex.org/snapshot/panlex-20191001-csv/400#13350117>				<https://panlex.org/snapshot/panlex-20191001-csv/400#13350057>		"Hungarian"@fil	
"Юнонӣ"@tg	<https://panlex.org/snapshot/panlex-20191001-csv/400#13346216>				<https://panlex.org/snapshot/panlex-20191001-csv/400#13346155>		"Griyego"@fil	
"Фрисианӣ"@tg	<https://panlex.org/snapshot/panlex-20191001-csv/400#13348217>				<https://panlex.org/snapshot/panlex-20191001-csv/400#13348159>		"Prisian"@fil	
"Баскӣ"@tg	<https://panlex.org/snapshot/panlex-20191001-csv/400#13347079>				<https://panlex.org/snapshot/panlex-20191001-csv/400#13347022>		"Basque"@fil	
"Ӯзбекӣ"@tg	<https://panlex.org/snapshot/panlex-20191001-csv/400#13364654>				<https://panlex.org/snapshot/panlex-20191001-csv/400#13364596>		"Uzbeko"@fil	
"Эстонӣ"@tg	<https://panlex.org/snapshot/panlex-20191001-csv/400#13346984>				<https://panlex.org/snapshot/panlex-20191001-csv/400#13346922>		"Estonian"@fil	
