"kansani"@btw	<https://panlex.org/snapshot/panlex-20191001-csv/114#8054812>				<https://panlex.org/snapshot/panlex-20191001-csv/114#8055163>		"mahi"@sxn	
"mopanaw"@btw	<https://panlex.org/snapshot/panlex-20191001-csv/114#8053749>				<https://panlex.org/snapshot/panlex-20191001-csv/114#8054153>		"d-um-aley"@sxn	
"mopanaw"@btw	<https://panlex.org/snapshot/panlex-20191001-csv/114#8053749>				<https://panlex.org/snapshot/panlex-20191001-csv/114#8054154>		"dumaḷeng"@sxn	
"abaga"@btw	<https://panlex.org/snapshot/panlex-20191001-csv/114#8060936>				<https://panlex.org/snapshot/panlex-20191001-csv/114#8061256>		"bɨmbang"@sxn	
"abaga"@btw	<https://panlex.org/snapshot/panlex-20191001-csv/114#8060936>				<https://panlex.org/snapshot/panlex-20191001-csv/114#8061255>		"bĕmbaŋ"@sxn	
"dugo"@btw	<https://panlex.org/snapshot/panlex-20191001-csv/114#8062934>				<https://panlex.org/snapshot/panlex-20191001-csv/114#8063287>		"daha"@sxn	
"kawaa"@btw	<https://panlex.org/snapshot/panlex-20191001-csv/114#8052242>				<https://panlex.org/snapshot/panlex-20191001-csv/114#8052558>		"kaihi"@sxn	
"oo"@btw	<https://panlex.org/snapshot/panlex-20191001-csv/114#8063458>				<https://panlex.org/snapshot/panlex-20191001-csv/114#8063831>		"tɨmboq"@sxn	
"oo"@btw	<https://panlex.org/snapshot/panlex-20191001-csv/114#8063458>				<https://panlex.org/snapshot/panlex-20191001-csv/114#8063830>		"tĕmboʔ"@sxn	
"hungahok"@btw	<https://panlex.org/snapshot/panlex-20191001-csv/114#8065623>				<https://panlex.org/snapshot/panlex-20191001-csv/114#8065928>		"sindaʔ"@sxn	
"hungahok"@btw	<https://panlex.org/snapshot/panlex-20191001-csv/114#8065623>				<https://panlex.org/snapshot/panlex-20191001-csv/114#8065929>		"suminda"@sxn	
"alima"@btw	<https://panlex.org/snapshot/panlex-20191001-csv/114#8051684>				<https://panlex.org/snapshot/panlex-20191001-csv/114#8052077>		"lima"@sxn	
"alima"@btw	<https://panlex.org/snapshot/panlex-20191001-csv/114#8051684>				<https://panlex.org/snapshot/panlex-20191001-csv/114#8052078>		"takiahɨq"@sxn	
"molangoy"@btw	<https://panlex.org/snapshot/panlex-20191001-csv/114#8055815>				<https://panlex.org/snapshot/panlex-20191001-csv/114#8056174>		"kalang"@sxn	
"molangoy"@btw	<https://panlex.org/snapshot/panlex-20191001-csv/114#8055815>				<https://panlex.org/snapshot/panlex-20191001-csv/114#8056175>		"kalaŋ"@sxn	
