"qaqay"@bya	<https://panlex.org/snapshot/panlex-20191001-csv/114#8053183>				<https://panlex.org/snapshot/panlex-20191001-csv/114#8053179>		"bati"@bvk	
"qalima"@bya	<https://panlex.org/snapshot/panlex-20191001-csv/114#8051692>				<https://panlex.org/snapshot/panlex-20191001-csv/114#8051688>		"laŋər"@bvk	
"qulu"@bya	<https://panlex.org/snapshot/panlex-20191001-csv/114#8063465>				<https://panlex.org/snapshot/panlex-20191001-csv/114#8063462>		"utɔk"@bvk	
"qabaga"@bya	<https://panlex.org/snapshot/panlex-20191001-csv/114#8060943>				<https://panlex.org/snapshot/panlex-20191001-csv/114#8060940>		"bavaŋ"@bvk	
"gaman"@bya	<https://panlex.org/snapshot/panlex-20191001-csv/114#8055822>				<https://panlex.org/snapshot/panlex-20191001-csv/114#8055819>		"navuŋ"@bvk	
"qatay"@bya	<https://panlex.org/snapshot/panlex-20191001-csv/114#8059863>				<https://panlex.org/snapshot/panlex-20191001-csv/114#8059861>		"ateʔ"@bvk	
"nipin"@bya	<https://panlex.org/snapshot/panlex-20191001-csv/114#8067124>				<https://panlex.org/snapshot/panlex-20191001-csv/114#8067120>		"begali"@bvk	
"takut"@bya	<https://panlex.org/snapshot/panlex-20191001-csv/114#8062434>				<https://panlex.org/snapshot/panlex-20191001-csv/114#8062431>		"but"@bvk	
"dilaq"@bya	<https://panlex.org/snapshot/panlex-20191001-csv/114#8067672>				<https://panlex.org/snapshot/panlex-20191001-csv/114#8067669>		"jalaʔ"@bvk	
