"qaqay"@bya	<https://panlex.org/snapshot/panlex-20191001-csv/114#8053183>				<https://panlex.org/snapshot/panlex-20191001-csv/114#8053615>		"sikih"@tsg	
"qalima"@bya	<https://panlex.org/snapshot/panlex-20191001-csv/114#8051692>				<https://panlex.org/snapshot/panlex-20191001-csv/114#8052126>		"limah"@tsg	
"qulu"@bya	<https://panlex.org/snapshot/panlex-20191001-csv/114#8063465>				<https://panlex.org/snapshot/panlex-20191001-csv/114#8063883>		"quuh"@tsg	
"qabaga"@bya	<https://panlex.org/snapshot/panlex-20191001-csv/114#8060943>				<https://panlex.org/snapshot/panlex-20191001-csv/114#8061296>		"qagabah"@tsg	
"gaman"@bya	<https://panlex.org/snapshot/panlex-20191001-csv/114#8055822>				<https://panlex.org/snapshot/panlex-20191001-csv/114#8056218>		"maglanguy"@tsg	
"qatay"@bya	<https://panlex.org/snapshot/panlex-20191001-csv/114#8059863>				<https://panlex.org/snapshot/panlex-20191001-csv/114#8060233>		"qatay"@tsg	
"buaq"@bya	<https://panlex.org/snapshot/panlex-20191001-csv/114#8064547>				<https://panlex.org/snapshot/panlex-20191001-csv/114#8064967>		"buhuk"@tsg	
"nipin"@bya	<https://panlex.org/snapshot/panlex-20191001-csv/114#8067124>				<https://panlex.org/snapshot/panlex-20191001-csv/114#8067546>		"qipun"@tsg	
"dudu"@bya	<https://panlex.org/snapshot/panlex-20191001-csv/114#8060369>				<https://panlex.org/snapshot/panlex-20191001-csv/114#8060812>		"daghal"@tsg	
"dudu"@bya	<https://panlex.org/snapshot/panlex-20191001-csv/114#8060369>				<https://panlex.org/snapshot/panlex-20191001-csv/114#8060813>		"duruq"@tsg	
"takut"@bya	<https://panlex.org/snapshot/panlex-20191001-csv/114#8062434>				<https://panlex.org/snapshot/panlex-20191001-csv/114#8062824>		"bugaq"@tsg	
"dilaq"@bya	<https://panlex.org/snapshot/panlex-20191001-csv/114#8067672>				<https://panlex.org/snapshot/panlex-20191001-csv/114#8068060>		"dilaq"@tsg	
