"qaqay"@bya	<https://panlex.org/snapshot/panlex-20191001-csv/114#8053183>				<https://panlex.org/snapshot/panlex-20191001-csv/114#8053605>		"ciʔi-ŋ"@tlx	
"qalima"@bya	<https://panlex.org/snapshot/panlex-20191001-csv/114#8051692>				<https://panlex.org/snapshot/panlex-20191001-csv/114#8052118>		"kue|ŋ"@tlx	
"qulu"@bya	<https://panlex.org/snapshot/panlex-20191001-csv/114#8063465>				<https://panlex.org/snapshot/panlex-20191001-csv/114#8063872>		"pesu-ŋ"@tlx	
"qabaga"@bya	<https://panlex.org/snapshot/panlex-20191001-csv/114#8060943>				<https://panlex.org/snapshot/panlex-20191001-csv/114#8061287>		"pwese-ŋ"@tlx	
"gaman"@bya	<https://panlex.org/snapshot/panlex-20191001-csv/114#8055822>				<https://panlex.org/snapshot/panlex-20191001-csv/114#8056210>		"ija"@tlx	
"qatay"@bya	<https://panlex.org/snapshot/panlex-20191001-csv/114#8059863>				<https://panlex.org/snapshot/panlex-20191001-csv/114#8060223>		"ete-ŋ"@tlx	
"buaq"@bya	<https://panlex.org/snapshot/panlex-20191001-csv/114#8064547>				<https://panlex.org/snapshot/panlex-20191001-csv/114#8064958>		"lemi"@tlx	
"nipin"@bya	<https://panlex.org/snapshot/panlex-20191001-csv/114#8067124>				<https://panlex.org/snapshot/panlex-20191001-csv/114#8067536>		"lihi-ŋ"@tlx	
"dudu"@bya	<https://panlex.org/snapshot/panlex-20191001-csv/114#8060369>				<https://panlex.org/snapshot/panlex-20191001-csv/114#8060802>		"tapuh"@tlx	
"takut"@bya	<https://panlex.org/snapshot/panlex-20191001-csv/114#8062434>				<https://panlex.org/snapshot/panlex-20191001-csv/114#8062816>		"onnoh"@tlx	
"dilaq"@bya	<https://panlex.org/snapshot/panlex-20191001-csv/114#8067672>				<https://panlex.org/snapshot/panlex-20191001-csv/114#8068050>		"keleme-ŋ"@tlx	
