"kafo"@mlu	<https://panlex.org/snapshot/panlex-20191001-csv/12#851050>				<https://panlex.org/snapshot/panlex-20191001-csv/12#850851>		"oi"@bhp	
"ʔoŋgi"@mlu	<https://panlex.org/snapshot/panlex-20191001-csv/114#8059088>				<https://panlex.org/snapshot/panlex-20191001-csv/114#8058869>		"peke"@bhp	
"toʔana"@mlu	<https://panlex.org/snapshot/panlex-20191001-csv/114#8066265>				<https://panlex.org/snapshot/panlex-20191001-csv/114#8066048>		"ngilu"@bhp	
"tala"@mlu	<https://panlex.org/snapshot/panlex-20191001-csv/114#8054512>				<https://panlex.org/snapshot/panlex-20191001-csv/114#8054309>		"ncai"@bhp	
"ʔamba"@mlu	<https://panlex.org/snapshot/panlex-20191001-csv/114#8051915>				<https://panlex.org/snapshot/panlex-20191001-csv/114#8051663>		"rima"@bhp	
"manata"@mlu	<https://panlex.org/snapshot/panlex-20191001-csv/114#8062143>				<https://panlex.org/snapshot/panlex-20191001-csv/114#8061950>		"kananu"@bhp	
"manata"@mlu	<https://panlex.org/snapshot/panlex-20191001-csv/114#8062143>				<https://panlex.org/snapshot/panlex-20191001-csv/114#8061949>		"fiki"@bhp	
"waela"@mlu	<https://panlex.org/snapshot/panlex-20191001-csv/114#8068398>				<https://panlex.org/snapshot/panlex-20191001-csv/114#8068162>		"hari"@bhp	
"maʔu"@mlu	<https://panlex.org/snapshot/panlex-20191001-csv/114#8062641>				<https://panlex.org/snapshot/panlex-20191001-csv/114#8062407>		"dahu"@bhp	
"mwaela"@mlu	<https://panlex.org/snapshot/panlex-20191001-csv/114#8068397>				<https://panlex.org/snapshot/panlex-20191001-csv/114#8068162>		"hari"@bhp	
"gwau"@mlu	<https://panlex.org/snapshot/panlex-20191001-csv/114#8063677>				<https://panlex.org/snapshot/panlex-20191001-csv/114#8063437>		"tuta"@bhp	
"ʔae"@mlu	<https://panlex.org/snapshot/panlex-20191001-csv/114#8053400>				<https://panlex.org/snapshot/panlex-20191001-csv/114#8053153>		"eḏi"@bhp	
"biliʔa"@mlu	<https://panlex.org/snapshot/panlex-20191001-csv/114#8056533>				<https://panlex.org/snapshot/panlex-20191001-csv/114#8056316>		"sampu"@bhp	
"susu"@mlu	<https://panlex.org/snapshot/panlex-20191001-csv/114#8060596>				<https://panlex.org/snapshot/panlex-20191001-csv/114#8060336>		"susu"@bhp	
"susu"@mlu	<https://panlex.org/snapshot/panlex-20191001-csv/114#8060596>				<https://panlex.org/snapshot/panlex-20191001-csv/114#8060337>		"tando"@bhp	
