"tíil"@ceb	<https://panlex.org/snapshot/panlex-20191001-csv/114#8053189>				<https://panlex.org/snapshot/panlex-20191001-csv/114#8053304>		"ɣahe-na"@kkk	
"mosímhot"@ceb	<https://panlex.org/snapshot/panlex-20191001-csv/114#8066080>				<https://panlex.org/snapshot/panlex-20191001-csv/114#8066177>		"siri"@kkk	
"buhók"@ceb	<https://panlex.org/snapshot/panlex-20191001-csv/114#8064556>				<https://panlex.org/snapshot/panlex-20191001-csv/114#8064668>		"kala-na"@kkk	
"dálan"@ceb	<https://panlex.org/snapshot/panlex-20191001-csv/114#8054336>				<https://panlex.org/snapshot/panlex-20191001-csv/114#8054433>		"guku"@kkk	
"dúghan"@ceb	<https://panlex.org/snapshot/panlex-20191001-csv/114#8060376>				<https://panlex.org/snapshot/panlex-20191001-csv/114#8060494>		"su-na"@kkk	
"suso"@ceb	<https://panlex.org/snapshot/panlex-20191001-csv/114#8060377>				<https://panlex.org/snapshot/panlex-20191001-csv/114#8060494>		"su-na"@kkk	
"moanhi"@ceb	<https://panlex.org/snapshot/panlex-20191001-csv/114#8054823>				<https://panlex.org/snapshot/panlex-20191001-csv/114#8054934>		"mai"@kkk	
"maalamon"@ceb	<https://panlex.org/snapshot/panlex-20191001-csv/114#8061428>				<https://panlex.org/snapshot/panlex-20191001-csv/114#8061550>		"lalase"@kkk	
"ba’ʔba’ʔ"@ceb	<https://panlex.org/snapshot/panlex-20191001-csv/114#8066579>				<https://panlex.org/snapshot/panlex-20191001-csv/114#8066691>		"maŋa-na"@kkk	
"abúg"@ceb	<https://panlex.org/snapshot/panlex-20191001-csv/114#8056852>				<https://panlex.org/snapshot/panlex-20191001-csv/114#8056940>		"foroku"@kkk	
"mahádlok"@ceb	<https://panlex.org/snapshot/panlex-20191001-csv/114#8062445>				<https://panlex.org/snapshot/panlex-20191001-csv/114#8062554>		"ṃano-na"@kkk	
