"sinae"@lml	<https://panlex.org/snapshot/panlex-20191001-csv/114#8059529>				<https://panlex.org/snapshot/panlex-20191001-csv/114#8059384>		"tiŋain"@brz	
"matagu"@lml	<https://panlex.org/snapshot/panlex-20191001-csv/114#8062595>				<https://panlex.org/snapshot/panlex-20191001-csv/114#8062426>		"-rer"@brz	
"gan|ihu"@lml	<https://panlex.org/snapshot/panlex-20191001-csv/114#8065267>				<https://panlex.org/snapshot/panlex-20191001-csv/114#8065095>		"vin"@brz	
"ban burigai"@lml	<https://panlex.org/snapshot/panlex-20191001-csv/114#8055470>				<https://panlex.org/snapshot/panlex-20191001-csv/114#8055318>		"daŋsa"@brz	
"ban burigai"@lml	<https://panlex.org/snapshot/panlex-20191001-csv/114#8055470>				<https://panlex.org/snapshot/panlex-20191001-csv/114#8055317>		"-buli"@brz	
"mwairi"@lml	<https://panlex.org/snapshot/panlex-20191001-csv/114#8052381>				<https://panlex.org/snapshot/panlex-20191001-csv/114#8052241>		"ŋasik"@brz	
"mea-"@lml	<https://panlex.org/snapshot/panlex-20191001-csv/114#8067820>				<https://panlex.org/snapshot/panlex-20191001-csv/114#8067664>		"balen"@brz	
"mwatua"@lml	<https://panlex.org/snapshot/panlex-20191001-csv/114#8052846>				<https://panlex.org/snapshot/panlex-20191001-csv/114#8052712>		"waŋ"@brz	
