"sinae"@lml	<https://panlex.org/snapshot/panlex-20191001-csv/114#8059529>				<https://panlex.org/snapshot/panlex-20191001-csv/114#8059518>		"bori"@lga	
"matagu"@lml	<https://panlex.org/snapshot/panlex-20191001-csv/114#8062595>				<https://panlex.org/snapshot/panlex-20191001-csv/114#8062585>		"matagutu"@lga	
"isibwa-"@lml	<https://panlex.org/snapshot/panlex-20191001-csv/114#8061075>				<https://panlex.org/snapshot/panlex-20191001-csv/114#8061065>		"vara"@lga	
"gan|ihu"@lml	<https://panlex.org/snapshot/panlex-20191001-csv/114#8065267>				<https://panlex.org/snapshot/panlex-20191001-csv/114#8065255>		"isu"@lga	
"ban burigai"@lml	<https://panlex.org/snapshot/panlex-20191001-csv/114#8055470>				<https://panlex.org/snapshot/panlex-20191001-csv/114#8055460>		"keqo"@lga	
"mwairi"@lml	<https://panlex.org/snapshot/panlex-20191001-csv/114#8052381>				<https://panlex.org/snapshot/panlex-20191001-csv/114#8052371>		"meri"@lga	
"mea-"@lml	<https://panlex.org/snapshot/panlex-20191001-csv/114#8067820>				<https://panlex.org/snapshot/panlex-20191001-csv/114#8067810>		"mea"@lga	
"mwatua"@lml	<https://panlex.org/snapshot/panlex-20191001-csv/114#8052846>				<https://panlex.org/snapshot/panlex-20191001-csv/114#8052836>		"matua"@lga	
