"wai"@lml	<https://panlex.org/snapshot/panlex-20191001-csv/12#851023>				<https://panlex.org/snapshot/panlex-20191001-csv/12#851240>		"naru"@wiv	
"sinae"@lml	<https://panlex.org/snapshot/panlex-20191001-csv/114#8059529>				<https://panlex.org/snapshot/panlex-20191001-csv/114#8059770>		"magali-"@wiv	
"sinae"@lml	<https://panlex.org/snapshot/panlex-20191001-csv/114#8059529>				<https://panlex.org/snapshot/panlex-20191001-csv/114#8059771>		"parokapai"@wiv	
"matagu"@lml	<https://panlex.org/snapshot/panlex-20191001-csv/114#8062595>				<https://panlex.org/snapshot/panlex-20191001-csv/114#8062848>		"ǥatewawani"@wiv	
"isibwa-"@lml	<https://panlex.org/snapshot/panlex-20191001-csv/114#8061075>				<https://panlex.org/snapshot/panlex-20191001-csv/114#8061315>		"loǥora"@wiv	
"gan|ihu"@lml	<https://panlex.org/snapshot/panlex-20191001-csv/114#8065267>				<https://panlex.org/snapshot/panlex-20191001-csv/114#8065550>		"ǥiḏu"@wiv	
"mwairi"@lml	<https://panlex.org/snapshot/panlex-20191001-csv/114#8052381>				<https://panlex.org/snapshot/panlex-20191001-csv/114#8052630>		"mauri"@wiv	
"mea-"@lml	<https://panlex.org/snapshot/panlex-20191001-csv/114#8067820>				<https://panlex.org/snapshot/panlex-20191001-csv/114#8068092>		"lave"@wiv	
"mwatua"@lml	<https://panlex.org/snapshot/panlex-20191001-csv/114#8052846>				<https://panlex.org/snapshot/panlex-20191001-csv/114#8053085>		"maroro"@wiv	
