"túmu"@rap	<https://panlex.org/snapshot/panlex-20191001-csv/1573#50089849>				<https://panlex.org/snapshot/panlex-20191001-csv/1573#50089913>		"awac̷i"@yvt	
"oone veri-veri"@rap	<https://panlex.org/snapshot/panlex-20191001-csv/1573#50083094>				<https://panlex.org/snapshot/panlex-20191001-csv/1573#50083154>		"yaini"@yvt	
"kaínga"@rap	<https://panlex.org/snapshot/panlex-20191001-csv/1573#50082187>				<https://panlex.org/snapshot/panlex-20191001-csv/1573#50082276>		"kaʼhac̷i"@yvt	
"raa"@rap	<https://panlex.org/snapshot/panlex-20191001-csv/1573#50091466>				<https://panlex.org/snapshot/panlex-20191001-csv/1573#50091524>		"kaʼmuľ̥i"@yvt	
"pureva"@rap	<https://panlex.org/snapshot/panlex-20191001-csv/1573#50090743>				<https://panlex.org/snapshot/panlex-20191001-csv/1573#50090835>		"siha"@yvt	
"toki"@rap	<https://panlex.org/snapshot/panlex-20191001-csv/1573#50090745>				<https://panlex.org/snapshot/panlex-20191001-csv/1573#50090835>		"siha"@yvt	
"pararaha"@rap	<https://panlex.org/snapshot/panlex-20191001-csv/1573#50084385>				<https://panlex.org/snapshot/panlex-20191001-csv/1573#50084455>		"maʼtehuľi"@yvt	
"vai tahē"@rap	<https://panlex.org/snapshot/panlex-20191001-csv/1573#50088512>				<https://panlex.org/snapshot/panlex-20191001-csv/1573#50088619>		"weni"@yvt	
"parera"@rap	<https://panlex.org/snapshot/panlex-20191001-csv/1573#50084049>				<https://panlex.org/snapshot/panlex-20191001-csv/1573#50084105>		"ewi"@yvt	
"kuta kuta"@rap	<https://panlex.org/snapshot/panlex-20191001-csv/1573#50086618>				<https://panlex.org/snapshot/panlex-20191001-csv/1573#50086676>		"kawi"@yvt	
"mounga"@rap	<https://panlex.org/snapshot/panlex-20191001-csv/1573#50083716>				<https://panlex.org/snapshot/panlex-20191001-csv/1573#50083808>		"yaha"@yvt	
"ráŋi"@rap	<https://panlex.org/snapshot/panlex-20191001-csv/1573#50091212>				<https://panlex.org/snapshot/panlex-20191001-csv/1573#50091276>		"enu"@yvt	
"rehu"@rap	<https://panlex.org/snapshot/panlex-20191001-csv/1573#50082799>				<https://panlex.org/snapshot/panlex-20191001-csv/1573#50082859>		"haʼľic̷i"@yvt	
"maéa vera"@rap	<https://panlex.org/snapshot/panlex-20191001-csv/1573#50090739>				<https://panlex.org/snapshot/panlex-20191001-csv/1573#50090835>		"siha"@yvt	
"ra ɲi"@rap	<https://panlex.org/snapshot/panlex-20191001-csv/1573#50091209>				<https://panlex.org/snapshot/panlex-20191001-csv/1573#50091276>		"enu"@yvt	
"kóna"@rap	<https://panlex.org/snapshot/panlex-20191001-csv/1573#50084384>				<https://panlex.org/snapshot/panlex-20191001-csv/1573#50084455>		"maʼtehuľi"@yvt	
"mouga"@rap	<https://panlex.org/snapshot/panlex-20191001-csv/1573#50083714>				<https://panlex.org/snapshot/panlex-20191001-csv/1573#50083808>		"yaha"@yvt	
"heenua"@rap	<https://panlex.org/snapshot/panlex-20191001-csv/1573#50082182>				<https://panlex.org/snapshot/panlex-20191001-csv/1573#50082276>		"kaʼhac̷i"@yvt	
"kuto-kuto"@rap	<https://panlex.org/snapshot/panlex-20191001-csv/1573#50086621>				<https://panlex.org/snapshot/panlex-20191001-csv/1573#50086676>		"kawi"@yvt	
"iho-iho"@rap	<https://panlex.org/snapshot/panlex-20191001-csv/1573#50090730>				<https://panlex.org/snapshot/panlex-20191001-csv/1573#50090835>		"siha"@yvt	
"oóne héke héke"@rap	<https://panlex.org/snapshot/panlex-20191001-csv/1573#50083095>				<https://panlex.org/snapshot/panlex-20191001-csv/1573#50083154>		"yaini"@yvt	
"taheta pu"@rap	<https://panlex.org/snapshot/panlex-20191001-csv/1573#50089105>				<https://panlex.org/snapshot/panlex-20191001-csv/1573#50089181>		"poso"@yvt	
"egu oone veku-veku"@rap	<https://panlex.org/snapshot/panlex-20191001-csv/1573#50083092>				<https://panlex.org/snapshot/panlex-20191001-csv/1573#50083154>		"yaini"@yvt	
"taheta"@rap	<https://panlex.org/snapshot/panlex-20191001-csv/1573#50089104>				<https://panlex.org/snapshot/panlex-20191001-csv/1573#50089181>		"poso"@yvt	
"raŋi"@rap	<https://panlex.org/snapshot/panlex-20191001-csv/1573#50091211>				<https://panlex.org/snapshot/panlex-20191001-csv/1573#50091276>		"enu"@yvt	
"maúŋa"@rap	<https://panlex.org/snapshot/panlex-20191001-csv/1573#50083712>				<https://panlex.org/snapshot/panlex-20191001-csv/1573#50083808>		"yaha"@yvt	
"puku"@rap	<https://panlex.org/snapshot/panlex-20191001-csv/1573#50090742>				<https://panlex.org/snapshot/panlex-20191001-csv/1573#50090835>		"siha"@yvt	
"ʔone"@rap	<https://panlex.org/snapshot/panlex-20191001-csv/1573#50083347>				<https://panlex.org/snapshot/panlex-20191001-csv/1573#50083401>		"kaʼhac̷i-na"@yvt	
"maʔuŋa"@rap	<https://panlex.org/snapshot/panlex-20191001-csv/1573#50083713>				<https://panlex.org/snapshot/panlex-20191001-csv/1573#50083808>		"yaha"@yvt	
"maéa tútu mahúte"@rap	<https://panlex.org/snapshot/panlex-20191001-csv/1573#50090738>				<https://panlex.org/snapshot/panlex-20191001-csv/1573#50090835>		"siha"@yvt	
"ʔana"@rap	<https://panlex.org/snapshot/panlex-20191001-csv/1573#50085574>				<https://panlex.org/snapshot/panlex-20191001-csv/1573#50085623>		"haʼniľ̥i"@yvt	
"ʔopata"@rap	<https://panlex.org/snapshot/panlex-20191001-csv/1573#50084050>				<https://panlex.org/snapshot/panlex-20191001-csv/1573#50084105>		"ewi"@yvt	
"hiriga"@rap	<https://panlex.org/snapshot/panlex-20191001-csv/1573#50083709>				<https://panlex.org/snapshot/panlex-20191001-csv/1573#50083808>		"yaha"@yvt	
"háŋa"@rap	<https://panlex.org/snapshot/panlex-20191001-csv/1573#50088510>				<https://panlex.org/snapshot/panlex-20191001-csv/1573#50088619>		"weni"@yvt	
"vave"@rap	<https://panlex.org/snapshot/panlex-20191001-csv/1573#50087792>				<https://panlex.org/snapshot/panlex-20191001-csv/1573#50087846>		"siʼľuľitami"@yvt	
"e"@rap	<https://panlex.org/snapshot/panlex-20191001-csv/1573#50087789>				<https://panlex.org/snapshot/panlex-20191001-csv/1573#50087846>		"siʼľuľitami"@yvt	
"maéa hónu"@rap	<https://panlex.org/snapshot/panlex-20191001-csv/1573#50090737>				<https://panlex.org/snapshot/panlex-20191001-csv/1573#50090835>		"siha"@yvt	
"miro tupu"@rap	<https://panlex.org/snapshot/panlex-20191001-csv/1573#50090115>				<https://panlex.org/snapshot/panlex-20191001-csv/1573#50090171>		"ata"@yvt	
"pugna éhu"@rap	<https://panlex.org/snapshot/panlex-20191001-csv/1573#50082797>				<https://panlex.org/snapshot/panlex-20191001-csv/1573#50082859>		"haʼľic̷i"@yvt	
"kúta-kúta"@rap	<https://panlex.org/snapshot/panlex-20191001-csv/1573#50086622>				<https://panlex.org/snapshot/panlex-20191001-csv/1573#50086676>		"kawi"@yvt	
"meʔeráhi te míro"@rap	<https://panlex.org/snapshot/panlex-20191001-csv/1573#50089847>				<https://panlex.org/snapshot/panlex-20191001-csv/1573#50089913>		"awac̷i"@yvt	
"oóne-ŋarúpa-rúpa"@rap	<https://panlex.org/snapshot/panlex-20191001-csv/1573#50083096>				<https://panlex.org/snapshot/panlex-20191001-csv/1573#50083154>		"yaini"@yvt	
"guáve"@rap	<https://panlex.org/snapshot/panlex-20191001-csv/1573#50087790>				<https://panlex.org/snapshot/panlex-20191001-csv/1573#50087846>		"siʼľuľitami"@yvt	
"bái"@rap	<https://panlex.org/snapshot/panlex-20191001-csv/1573#50085818>				<https://panlex.org/snapshot/panlex-20191001-csv/1573#50085883>		"weni"@yvt	
"maʔea"@rap	<https://panlex.org/snapshot/panlex-20191001-csv/1573#50090740>				<https://panlex.org/snapshot/panlex-20191001-csv/1573#50090835>		"siha"@yvt	
"one"@rap	<https://panlex.org/snapshot/panlex-20191001-csv/1573#50083345>				<https://panlex.org/snapshot/panlex-20191001-csv/1573#50083401>		"kaʼhac̷i-na"@yvt	
"kaiŋa"@rap	<https://panlex.org/snapshot/panlex-20191001-csv/1573#50084845>				<https://panlex.org/snapshot/panlex-20191001-csv/1573#50084894>		"kaʼdunuľi"@yvt	
"raá-kai"@rap	<https://panlex.org/snapshot/panlex-20191001-csv/1573#50091468>				<https://panlex.org/snapshot/panlex-20191001-csv/1573#50091524>		"kaʼmuľ̥i"@yvt	
"puŋaʔehu"@rap	<https://panlex.org/snapshot/panlex-20191001-csv/1573#50082798>				<https://panlex.org/snapshot/panlex-20191001-csv/1573#50082859>		"haʼľic̷i"@yvt	
"arova nei"@rap	<https://panlex.org/snapshot/panlex-20191001-csv/1573#50081873>				<https://panlex.org/snapshot/panlex-20191001-csv/1573#50081930>		"eɲahiľ̥i"@yvt	
"raá"@rap	<https://panlex.org/snapshot/panlex-20191001-csv/1573#50091467>				<https://panlex.org/snapshot/panlex-20191001-csv/1573#50091524>		"kaʼmuľ̥i"@yvt	
"karába"@rap	<https://panlex.org/snapshot/panlex-20191001-csv/1573#50085571>				<https://panlex.org/snapshot/panlex-20191001-csv/1573#50085623>		"haʼniľ̥i"@yvt	
"miro"@rap	<https://panlex.org/snapshot/panlex-20191001-csv/1573#50090369>				<https://panlex.org/snapshot/panlex-20191001-csv/1573#50090428>		"ata"@yvt	
"húŋa"@rap	<https://panlex.org/snapshot/panlex-20191001-csv/1573#50082795>				<https://panlex.org/snapshot/panlex-20191001-csv/1573#50082859>		"haʼľic̷i"@yvt	
"kuta-kuta vai-kava"@rap	<https://panlex.org/snapshot/panlex-20191001-csv/1573#50086620>				<https://panlex.org/snapshot/panlex-20191001-csv/1573#50086676>		"kawi"@yvt	
"kihi-kihi"@rap	<https://panlex.org/snapshot/panlex-20191001-csv/1573#50090733>				<https://panlex.org/snapshot/panlex-20191001-csv/1573#50090835>		"siha"@yvt	
"éa"@rap	<https://panlex.org/snapshot/panlex-20191001-csv/1573#50087793>				<https://panlex.org/snapshot/panlex-20191001-csv/1573#50087846>		"siʼľuľitami"@yvt	
"ure tiatia moana"@rap	<https://panlex.org/snapshot/panlex-20191001-csv/1573#50088762>				<https://panlex.org/snapshot/panlex-20191001-csv/1573#50088805>		"siʼľuľitami"@yvt	
"kukuto"@rap	<https://panlex.org/snapshot/panlex-20191001-csv/1573#50086617>				<https://panlex.org/snapshot/panlex-20191001-csv/1573#50086676>		"kawi"@yvt	
"kíhi kíhi"@rap	<https://panlex.org/snapshot/panlex-20191001-csv/1573#50090734>				<https://panlex.org/snapshot/panlex-20191001-csv/1573#50090835>		"siha"@yvt	
"ki-kiri"@rap	<https://panlex.org/snapshot/panlex-20191001-csv/1573#50090732>				<https://panlex.org/snapshot/panlex-20191001-csv/1573#50090835>		"siha"@yvt	
"bai téhe"@rap	<https://panlex.org/snapshot/panlex-20191001-csv/1573#50088509>				<https://panlex.org/snapshot/panlex-20191001-csv/1573#50088619>		"weni"@yvt	
"áka maéa"@rap	<https://panlex.org/snapshot/panlex-20191001-csv/1573#50090746>				<https://panlex.org/snapshot/panlex-20191001-csv/1573#50090835>		"siha"@yvt	
"kaina"@rap	<https://panlex.org/snapshot/panlex-20191001-csv/1573#50082186>				<https://panlex.org/snapshot/panlex-20191001-csv/1573#50082276>		"kaʼhac̷i"@yvt	
"rangi uri-uri"@rap	<https://panlex.org/snapshot/panlex-20191001-csv/1573#50091210>				<https://panlex.org/snapshot/panlex-20191001-csv/1573#50091276>		"enu"@yvt	
"henua"@rap	<https://panlex.org/snapshot/panlex-20191001-csv/1573#50082183>				<https://panlex.org/snapshot/panlex-20191001-csv/1573#50082276>		"kaʼhac̷i"@yvt	
"oone heke-heka"@rap	<https://panlex.org/snapshot/panlex-20191001-csv/1573#50083093>				<https://panlex.org/snapshot/panlex-20191001-csv/1573#50083154>		"yaini"@yvt	
"bábe"@rap	<https://panlex.org/snapshot/panlex-20191001-csv/1573#50087788>				<https://panlex.org/snapshot/panlex-20191001-csv/1573#50087846>		"siʼľuľitami"@yvt	
"vai"@rap	<https://panlex.org/snapshot/panlex-20191001-csv/1573#50085819>				<https://panlex.org/snapshot/panlex-20191001-csv/1573#50085883>		"weni"@yvt	
"puna"@rap	<https://panlex.org/snapshot/panlex-20191001-csv/1573#50089102>				<https://panlex.org/snapshot/panlex-20191001-csv/1573#50089181>		"poso"@yvt	
"keho"@rap	<https://panlex.org/snapshot/panlex-20191001-csv/1573#50090731>				<https://panlex.org/snapshot/panlex-20191001-csv/1573#50090835>		"siha"@yvt	
"mana-vai"@rap	<https://panlex.org/snapshot/panlex-20191001-csv/1573#50088511>				<https://panlex.org/snapshot/panlex-20191001-csv/1573#50088619>		"weni"@yvt	
"toka"@rap	<https://panlex.org/snapshot/panlex-20191001-csv/1573#50090744>				<https://panlex.org/snapshot/panlex-20191001-csv/1573#50090835>		"siha"@yvt	
"pú"@rap	<https://panlex.org/snapshot/panlex-20191001-csv/1573#50089103>				<https://panlex.org/snapshot/panlex-20191001-csv/1573#50089181>		"poso"@yvt	
"mótu"@rap	<https://panlex.org/snapshot/panlex-20191001-csv/1573#50084847>				<https://panlex.org/snapshot/panlex-20191001-csv/1573#50084894>		"kaʼdunuľi"@yvt	
"rare-rare"@rap	<https://panlex.org/snapshot/panlex-20191001-csv/1573#50083097>				<https://panlex.org/snapshot/panlex-20191001-csv/1573#50083154>		"yaini"@yvt	
"tumu"@rap	<https://panlex.org/snapshot/panlex-20191001-csv/1573#50089106>				<https://panlex.org/snapshot/panlex-20191001-csv/1573#50089181>		"poso"@yvt	
"tumu"@rap	<https://panlex.org/snapshot/panlex-20191001-csv/1573#50090116>				<https://panlex.org/snapshot/panlex-20191001-csv/1573#50090171>		"ata"@yvt	
"maka motu"@rap	<https://panlex.org/snapshot/panlex-20191001-csv/1573#50090736>				<https://panlex.org/snapshot/panlex-20191001-csv/1573#50090835>		"siha"@yvt	
"ao"@rap	<https://panlex.org/snapshot/panlex-20191001-csv/1573#50081872>				<https://panlex.org/snapshot/panlex-20191001-csv/1573#50081930>		"eɲahiľ̥i"@yvt	
"motu"@rap	<https://panlex.org/snapshot/panlex-20191001-csv/1573#50090741>				<https://panlex.org/snapshot/panlex-20191001-csv/1573#50090835>		"siha"@yvt	
"motu"@rap	<https://panlex.org/snapshot/panlex-20191001-csv/1573#50084846>				<https://panlex.org/snapshot/panlex-20191001-csv/1573#50084894>		"kaʼdunuľi"@yvt	
"maunga"@rap	<https://panlex.org/snapshot/panlex-20191001-csv/1573#50083710>				<https://panlex.org/snapshot/panlex-20191001-csv/1573#50083808>		"yaha"@yvt	
"kaiga"@rap	<https://panlex.org/snapshot/panlex-20191001-csv/1573#50082185>				<https://panlex.org/snapshot/panlex-20191001-csv/1573#50082276>		"kaʼhac̷i"@yvt	
"ohi-ohio"@rap	<https://panlex.org/snapshot/panlex-20191001-csv/1573#50088761>				<https://panlex.org/snapshot/panlex-20191001-csv/1573#50088805>		"siʼľuľitami"@yvt	
"ráa"@rap	<https://panlex.org/snapshot/panlex-20191001-csv/1573#50091470>				<https://panlex.org/snapshot/panlex-20191001-csv/1573#50091524>		"kaʼmuľ̥i"@yvt	
"oone"@rap	<https://panlex.org/snapshot/panlex-20191001-csv/1573#50082796>				<https://panlex.org/snapshot/panlex-20191001-csv/1573#50082859>		"haʼľic̷i"@yvt	
"oone"@rap	<https://panlex.org/snapshot/panlex-20191001-csv/1573#50082188>				<https://panlex.org/snapshot/panlex-20191001-csv/1573#50082276>		"kaʼhac̷i"@yvt	
"oone"@rap	<https://panlex.org/snapshot/panlex-20191001-csv/1573#50083346>				<https://panlex.org/snapshot/panlex-20191001-csv/1573#50083401>		"kaʼhac̷i-na"@yvt	
"kuta-kuta"@rap	<https://panlex.org/snapshot/panlex-20191001-csv/1573#50086619>				<https://panlex.org/snapshot/panlex-20191001-csv/1573#50086676>		"kawi"@yvt	
"tika"@rap	<https://panlex.org/snapshot/panlex-20191001-csv/1573#50084387>				<https://panlex.org/snapshot/panlex-20191001-csv/1573#50084455>		"maʼtehuľi"@yvt	
"mouga iti"@rap	<https://panlex.org/snapshot/panlex-20191001-csv/1573#50083715>				<https://panlex.org/snapshot/panlex-20191001-csv/1573#50083808>		"yaha"@yvt	
"ué-ué"@rap	<https://panlex.org/snapshot/panlex-20191001-csv/1573#50087791>				<https://panlex.org/snapshot/panlex-20191001-csv/1573#50087846>		"siʼľuľitami"@yvt	
"otu"@rap	<https://panlex.org/snapshot/panlex-20191001-csv/1573#50083717>				<https://panlex.org/snapshot/panlex-20191001-csv/1573#50083808>		"yaha"@yvt	
"rapa-rapa"@rap	<https://panlex.org/snapshot/panlex-20191001-csv/1573#50084386>				<https://panlex.org/snapshot/panlex-20191001-csv/1573#50084455>		"maʼtehuľi"@yvt	
"ána"@rap	<https://panlex.org/snapshot/panlex-20191001-csv/1573#50085573>				<https://panlex.org/snapshot/panlex-20191001-csv/1573#50085623>		"haʼniľ̥i"@yvt	
"henúa"@rap	<https://panlex.org/snapshot/panlex-20191001-csv/1573#50081874>				<https://panlex.org/snapshot/panlex-20191001-csv/1573#50081930>		"eɲahiľ̥i"@yvt	
"henúa"@rap	<https://panlex.org/snapshot/panlex-20191001-csv/1573#50084382>				<https://panlex.org/snapshot/panlex-20191001-csv/1573#50084455>		"maʼtehuľi"@yvt	
"henúa"@rap	<https://panlex.org/snapshot/panlex-20191001-csv/1573#50082184>				<https://panlex.org/snapshot/panlex-20191001-csv/1573#50082276>		"kaʼhac̷i"@yvt	
"maúnga"@rap	<https://panlex.org/snapshot/panlex-20191001-csv/1573#50083711>				<https://panlex.org/snapshot/panlex-20191001-csv/1573#50083808>		"yaha"@yvt	
"ana"@rap	<https://panlex.org/snapshot/panlex-20191001-csv/1573#50085570>				<https://panlex.org/snapshot/panlex-20191001-csv/1573#50085623>		"haʼniľ̥i"@yvt	
"raʔā"@rap	<https://panlex.org/snapshot/panlex-20191001-csv/1573#50091469>				<https://panlex.org/snapshot/panlex-20191001-csv/1573#50091524>		"kaʼmuľ̥i"@yvt	
"maea"@rap	<https://panlex.org/snapshot/panlex-20191001-csv/1573#50090735>				<https://panlex.org/snapshot/panlex-20191001-csv/1573#50090835>		"siha"@yvt	
"míro"@rap	<https://panlex.org/snapshot/panlex-20191001-csv/1573#50090370>				<https://panlex.org/snapshot/panlex-20191001-csv/1573#50090428>		"ata"@yvt	
"míro"@rap	<https://panlex.org/snapshot/panlex-20191001-csv/1573#50089848>				<https://panlex.org/snapshot/panlex-20191001-csv/1573#50089913>		"awac̷i"@yvt	
"káju rói"@rap	<https://panlex.org/snapshot/panlex-20191001-csv/1573#50084383>				<https://panlex.org/snapshot/panlex-20191001-csv/1573#50084455>		"maʼtehuľi"@yvt	
"ŋa-rupa-rupa"@rap	<https://panlex.org/snapshot/panlex-20191001-csv/1573#50083098>				<https://panlex.org/snapshot/panlex-20191001-csv/1573#50083154>		"yaini"@yvt	
"pigoa"@rap	<https://panlex.org/snapshot/panlex-20191001-csv/1573#50085572>				<https://panlex.org/snapshot/panlex-20191001-csv/1573#50085623>		"haʼniľ̥i"@yvt	
