"vai"@rap	<https://panlex.org/snapshot/panlex-20191001-csv/12#851123>				<https://panlex.org/snapshot/panlex-20191001-csv/12#850895>		"'er"@dmr	
"agi"@rap	<https://panlex.org/snapshot/panlex-20191001-csv/114#8061744>				<https://panlex.org/snapshot/panlex-20191001-csv/114#8061449>		"gaʼtu"@dmr	
"haha"@rap	<https://panlex.org/snapshot/panlex-20191001-csv/114#8066888>				<https://panlex.org/snapshot/panlex-20191001-csv/114#8066601>		"ʼwowaro"@dmr	
"rima"@rap	<https://panlex.org/snapshot/panlex-20191001-csv/114#8052017>				<https://panlex.org/snapshot/panlex-20191001-csv/114#8051722>		"ʼlimano"@dmr	
"gutu"@rap	<https://panlex.org/snapshot/panlex-20191001-csv/114#8066887>				<https://panlex.org/snapshot/panlex-20191001-csv/114#8066601>		"ʼwowaro"@dmr	
"manaba"@rap	<https://panlex.org/snapshot/panlex-20191001-csv/114#8058655>				<https://panlex.org/snapshot/panlex-20191001-csv/114#8058358>		"ʼapnono"@dmr	
"û"@rap	<https://panlex.org/snapshot/panlex-20191001-csv/114#8060694>				<https://panlex.org/snapshot/panlex-20191001-csv/114#8060397>		"ʼhuhuno"@dmr	
"toto"@rap	<https://panlex.org/snapshot/panlex-20191001-csv/114#8063234>				<https://panlex.org/snapshot/panlex-20191001-csv/114#8062965>		"ʼrar"@dmr	
"oho"@rap	<https://panlex.org/snapshot/panlex-20191001-csv/114#8064855>				<https://panlex.org/snapshot/panlex-20191001-csv/114#8064577>		"buʼgano"@dmr	
"kiri"@rap	<https://panlex.org/snapshot/panlex-20191001-csv/114#8057602>				<https://panlex.org/snapshot/panlex-20191001-csv/114#8057336>		"uliʼtianno"@dmr	
"ŋutu"@rap	<https://panlex.org/snapshot/panlex-20191001-csv/114#8066889>				<https://panlex.org/snapshot/panlex-20191001-csv/114#8066601>		"ʼwowaro"@dmr	
"ba`e"@rap	<https://panlex.org/snapshot/panlex-20191001-csv/114#8053502>				<https://panlex.org/snapshot/panlex-20191001-csv/114#8053206>		"ʼlɛʔɛno"@dmr	
