"agi"@rap	<https://panlex.org/snapshot/panlex-20191001-csv/114#8061744>				<https://panlex.org/snapshot/panlex-20191001-csv/114#8061740>		"kúle-e-(y)"@puw	
"manaʼu"@rap	<https://panlex.org/snapshot/panlex-20191001-csv/114#8062233>				<https://panlex.org/snapshot/panlex-20191001-csv/114#8062228>		"yákiyák"@puw	
"manaʼu"@rap	<https://panlex.org/snapshot/panlex-20191001-csv/114#8062233>				<https://panlex.org/snapshot/panlex-20191001-csv/114#8062225>		"máŋimáŋ"@puw	
"manaʼu"@rap	<https://panlex.org/snapshot/panlex-20191001-csv/114#8062233>				<https://panlex.org/snapshot/panlex-20191001-csv/114#8062226>		"yekiyek"@puw	
"manaʼu"@rap	<https://panlex.org/snapshot/panlex-20191001-csv/114#8062233>				<https://panlex.org/snapshot/panlex-20191001-csv/114#8062227>		"yekiyeki-(y)"@puw	
"haha"@rap	<https://panlex.org/snapshot/panlex-20191001-csv/114#8066888>				<https://panlex.org/snapshot/panlex-20191001-csv/114#8066881>		"yewá-(y)"@puw	
"haha"@rap	<https://panlex.org/snapshot/panlex-20191001-csv/114#8066888>				<https://panlex.org/snapshot/panlex-20191001-csv/114#8066880>		"yaawo"@puw	
"rima"@rap	<https://panlex.org/snapshot/panlex-20191001-csv/114#8052017>				<https://panlex.org/snapshot/panlex-20191001-csv/114#8052011>		"pawú-n"@puw	
"rima"@rap	<https://panlex.org/snapshot/panlex-20191001-csv/114#8052017>				<https://panlex.org/snapshot/panlex-20191001-csv/114#8052009>		"kumwúʀ"@puw	
"rima"@rap	<https://panlex.org/snapshot/panlex-20191001-csv/114#8052017>				<https://panlex.org/snapshot/panlex-20191001-csv/114#8052010>		"paaw"@puw	
"maui"@rap	<https://panlex.org/snapshot/panlex-20191001-csv/114#8052511>				<https://panlex.org/snapshot/panlex-20191001-csv/114#8052507>		"(yii)-mééyúŋ"@puw	
"maui"@rap	<https://panlex.org/snapshot/panlex-20191001-csv/114#8052511>				<https://panlex.org/snapshot/panlex-20191001-csv/114#8052506>		"(húyi)-mééyúŋ"@puw	
"gutu"@rap	<https://panlex.org/snapshot/panlex-20191001-csv/114#8066887>				<https://panlex.org/snapshot/panlex-20191001-csv/114#8066881>		"yewá-(y)"@puw	
"gutu"@rap	<https://panlex.org/snapshot/panlex-20191001-csv/114#8066887>				<https://panlex.org/snapshot/panlex-20191001-csv/114#8066880>		"yaawo"@puw	
"manaba"@rap	<https://panlex.org/snapshot/panlex-20191001-csv/114#8058655>				<https://panlex.org/snapshot/panlex-20191001-csv/114#8058649>		"wuupw"@puw	
"manaba"@rap	<https://panlex.org/snapshot/panlex-20191001-csv/114#8058655>				<https://panlex.org/snapshot/panlex-20191001-csv/114#8058648>		"wupwe-(er)"@puw	
"û"@rap	<https://panlex.org/snapshot/panlex-20191001-csv/114#8060694>				<https://panlex.org/snapshot/panlex-20191001-csv/114#8060689>		"túút"@puw	
"kapuhibi"@rap	<https://panlex.org/snapshot/panlex-20191001-csv/114#8061208>				<https://panlex.org/snapshot/panlex-20191001-csv/114#8061204>		"yefar"@puw	
"toto"@rap	<https://panlex.org/snapshot/panlex-20191001-csv/114#8063234>				<https://panlex.org/snapshot/panlex-20191001-csv/114#8063228>		"ccaa-"@puw	
"toto"@rap	<https://panlex.org/snapshot/panlex-20191001-csv/114#8063234>				<https://panlex.org/snapshot/panlex-20191001-csv/114#8063227>		"cca"@puw	
"oho"@rap	<https://panlex.org/snapshot/panlex-20191001-csv/114#8064855>				<https://panlex.org/snapshot/panlex-20191001-csv/114#8064848>		"wúnú-(n)"@puw	
"oho"@rap	<https://panlex.org/snapshot/panlex-20191001-csv/114#8064855>				<https://panlex.org/snapshot/panlex-20191001-csv/114#8064847>		"wún"@puw	
"kiri"@rap	<https://panlex.org/snapshot/panlex-20191001-csv/114#8057602>				<https://panlex.org/snapshot/panlex-20191001-csv/114#8057597>		"kiil"@puw	
"kiri"@rap	<https://panlex.org/snapshot/panlex-20191001-csv/114#8057602>				<https://panlex.org/snapshot/panlex-20191001-csv/114#8057598>		"kili"@puw	
"ŋutu"@rap	<https://panlex.org/snapshot/panlex-20191001-csv/114#8066889>				<https://panlex.org/snapshot/panlex-20191001-csv/114#8066881>		"yewá-(y)"@puw	
"ŋutu"@rap	<https://panlex.org/snapshot/panlex-20191001-csv/114#8066889>				<https://panlex.org/snapshot/panlex-20191001-csv/114#8066880>		"yaawo"@puw	
"ba`e"@rap	<https://panlex.org/snapshot/panlex-20191001-csv/114#8053502>				<https://panlex.org/snapshot/panlex-20191001-csv/114#8053498>		"peʀe"@puw	
"hoŋi"@rap	<https://panlex.org/snapshot/panlex-20191001-csv/114#8066359>				<https://panlex.org/snapshot/panlex-20191001-csv/114#8066355>		"téŋú-ú-(w)"@puw	
