"nipan"@beg	<https://panlex.org/snapshot/panlex-20191001-csv/114#8067091>				<https://panlex.org/snapshot/panlex-20191001-csv/114#8067327>		"nie"@mek	
"jamiʔ"@beg	<https://panlex.org/snapshot/panlex-20191001-csv/114#8056311>				<https://panlex.org/snapshot/panlex-20191001-csv/114#8056520>		"ofu"@mek	
"kulɛt"@beg	<https://panlex.org/snapshot/panlex-20191001-csv/114#8057279>				<https://panlex.org/snapshot/panlex-20191001-csv/114#8057496>		"faga"@mek	
"baʔot"@beg	<https://panlex.org/snapshot/panlex-20191001-csv/114#8062403>				<https://panlex.org/snapshot/panlex-20191001-csv/114#8062626>		"maniʼi"@mek	
"abiŋ"@beg	<https://panlex.org/snapshot/panlex-20191001-csv/114#8052218>				<https://panlex.org/snapshot/panlex-20191001-csv/114#8052410>		"lafani"@mek	
"madaʔ"@beg	<https://panlex.org/snapshot/panlex-20191001-csv/114#8066042>				<https://panlex.org/snapshot/panlex-20191001-csv/114#8066251>		"foga logo"@mek	
