"riaŋ"@ykm	<https://panlex.org/snapshot/panlex-20191001-csv/12#851258>				<https://panlex.org/snapshot/panlex-20191001-csv/12#851152>		"vai"@sm	
"rəmaló-uk"@ykm	<https://panlex.org/snapshot/panlex-20191001-csv/114#8065026>				<https://panlex.org/snapshot/panlex-20191001-csv/114#8064888>		"lau ulu"@sm	
"pəlapi-ak"@ykm	<https://panlex.org/snapshot/panlex-20191001-csv/114#8058823>				<https://panlex.org/snapshot/panlex-20191001-csv/114#8058691>		"manava"@sm	
"awi-ək"@ykm	<https://panlex.org/snapshot/panlex-20191001-csv/114#8052181>				<https://panlex.org/snapshot/panlex-20191001-csv/114#8052050>		"lima"@sm	
"-lol alí-ak"@ykm	<https://panlex.org/snapshot/panlex-20191001-csv/114#8066004>				<https://panlex.org/snapshot/panlex-20191001-csv/114#8065910>		"mānava"@sm	
"mawáŋ"@ykm	<https://panlex.org/snapshot/panlex-20191001-csv/114#8053106>				<https://panlex.org/snapshot/panlex-20191001-csv/114#8053000>		"tau-matau"@sm	
"lalí-ak"@ykm	<https://panlex.org/snapshot/panlex-20191001-csv/114#8068117>				<https://panlex.org/snapshot/panlex-20191001-csv/114#8067992>		"alelo"@sm	
"lalí-ak"@ykm	<https://panlex.org/snapshot/panlex-20191001-csv/114#8068117>				<https://panlex.org/snapshot/panlex-20191001-csv/114#8067991>		"laulaufaiva"@sm	
"aluək"@ykm	<https://panlex.org/snapshot/panlex-20191001-csv/114#8062364>				<https://panlex.org/snapshot/panlex-20191001-csv/114#8062262>		"māfaufau"@sm	
"pia-k waruwúŋ"@ykm	<https://panlex.org/snapshot/panlex-20191001-csv/114#8059789>				<https://panlex.org/snapshot/panlex-20191001-csv/114#8059690>		"ŋāʻau"@sm	
"tʏal təniəŋ"@ykm	<https://panlex.org/snapshot/panlex-20191001-csv/114#8054754>				<https://panlex.org/snapshot/panlex-20191001-csv/114#8054635>		"ala"@sm	
