"물"@ko	<https://panlex.org/snapshot/panlex-20191001-csv/2131#11695194>				<https://panlex.org/snapshot/panlex-20191001-csv/2131#11695237>		"faní"@ctg	
"여섯"@ko	<https://panlex.org/snapshot/panlex-20191001-csv/2131#11694959>				<https://panlex.org/snapshot/panlex-20191001-csv/2131#11694987>		"só"@ctg	
"내"@ko	<https://panlex.org/snapshot/panlex-20191001-csv/2131#11694860>				<https://panlex.org/snapshot/panlex-20191001-csv/2131#11694878>		"hál"@ctg	
"세"@ko	<https://panlex.org/snapshot/panlex-20191001-csv/8#107573>				<https://panlex.org/snapshot/panlex-20191001-csv/8#107533>		"tin"@ctg	
"밤"@ko	<https://panlex.org/snapshot/panlex-20191001-csv/8#132238>				<https://panlex.org/snapshot/panlex-20191001-csv/8#132210>		"rait"@ctg	
"평안"@ko	<https://panlex.org/snapshot/panlex-20191001-csv/8#114296>				<https://panlex.org/snapshot/panlex-20191001-csv/8#114276>		"cánti"@ctg	
"큰"@ko	<https://panlex.org/snapshot/panlex-20191001-csv/8#319293>				<https://panlex.org/snapshot/panlex-20191001-csv/8#319274>		"boro"@ctg	
"두"@ko	<https://panlex.org/snapshot/panlex-20191001-csv/8#107384>				<https://panlex.org/snapshot/panlex-20191001-csv/8#107337>		"dui"@ctg	
"오다"@ko	<https://panlex.org/snapshot/panlex-20191001-csv/8#192680>				<https://panlex.org/snapshot/panlex-20191001-csv/8#192657>		"ai"@ctg	
"젖"@ko	<https://panlex.org/snapshot/panlex-20191001-csv/8#253053>				<https://panlex.org/snapshot/panlex-20191001-csv/8#253026>		"dut"@ctg	
"부드럽다"@ko	<https://panlex.org/snapshot/panlex-20191001-csv/8#355557>				<https://panlex.org/snapshot/panlex-20191001-csv/8#355541>		"norom"@ctg	
"연기"@ko	<https://panlex.org/snapshot/panlex-20191001-csv/8#231149>				<https://panlex.org/snapshot/panlex-20191001-csv/8#231126>		"dúañ"@ctg	
