"헝가리"@ko	<https://panlex.org/snapshot/panlex-20191001-csv/6898#113624996>				<https://panlex.org/snapshot/panlex-20191001-csv/6898#113625047>		"Hungary"@luo	
"베네수엘라"@ko	<https://panlex.org/snapshot/panlex-20191001-csv/6898#113597548>				<https://panlex.org/snapshot/panlex-20191001-csv/6898#113597589>		"Venezuela"@luo	
"세이셸"@ko	<https://panlex.org/snapshot/panlex-20191001-csv/6898#113601868>				<https://panlex.org/snapshot/panlex-20191001-csv/6898#113601980>		"Seychelles"@luo	
"버뮤다"@ko	<https://panlex.org/snapshot/panlex-20191001-csv/6898#113607258>				<https://panlex.org/snapshot/panlex-20191001-csv/6898#113607281>		"Bermuda"@luo	
"자메이카"@ko	<https://panlex.org/snapshot/panlex-20191001-csv/6898#113593324>				<https://panlex.org/snapshot/panlex-20191001-csv/6898#113593362>		"Jamaica"@luo	
"페루"@ko	<https://panlex.org/snapshot/panlex-20191001-csv/6898#113593778>				<https://panlex.org/snapshot/panlex-20191001-csv/6898#113593674>		"Peru"@luo	
"아일랜드"@ko	<https://panlex.org/snapshot/panlex-20191001-csv/6898#113625982>				<https://panlex.org/snapshot/panlex-20191001-csv/6898#113625870>		"Ireland"@luo	
"영국"@ko	<https://panlex.org/snapshot/panlex-20191001-csv/6898#113592611>				<https://panlex.org/snapshot/panlex-20191001-csv/6898#113592508>		"United Kingdom"@luo	
"짐바브웨"@ko	<https://panlex.org/snapshot/panlex-20191001-csv/6898#113583656>				<https://panlex.org/snapshot/panlex-20191001-csv/6898#113583635>		"Zimbabwe"@luo	
"산마리노"@ko	<https://panlex.org/snapshot/panlex-20191001-csv/6898#113625713>				<https://panlex.org/snapshot/panlex-20191001-csv/6898#113625735>		"San Marino"@luo	
"콩고 공화국"@ko	<https://panlex.org/snapshot/panlex-20191001-csv/6898#113599029>				<https://panlex.org/snapshot/panlex-20191001-csv/6898#113599261>		"Congo"@luo	
"미얀마"@ko	<https://panlex.org/snapshot/panlex-20191001-csv/6898#113594318>				<https://panlex.org/snapshot/panlex-20191001-csv/6898#113594357>		"Myanmar"@luo	
"조지아"@ko	<https://panlex.org/snapshot/panlex-20191001-csv/6898#113635188>				<https://panlex.org/snapshot/panlex-20191001-csv/6898#113635248>		"Georgia"@luo	
"생피에르 미클롱"@ko	<https://panlex.org/snapshot/panlex-20191001-csv/6898#113589086>				<https://panlex.org/snapshot/panlex-20191001-csv/6898#113589053>		"Saint Pierre gi Miquelon"@luo	
"캐나다"@ko	<https://panlex.org/snapshot/panlex-20191001-csv/6898#113595842>				<https://panlex.org/snapshot/panlex-20191001-csv/6898#113595860>		"Canada"@luo	
"모리셔스"@ko	<https://panlex.org/snapshot/panlex-20191001-csv/6898#113611446>				<https://panlex.org/snapshot/panlex-20191001-csv/6898#113611513>		"Mauritius"@luo	
"튀니지"@ko	<https://panlex.org/snapshot/panlex-20191001-csv/6898#113606422>				<https://panlex.org/snapshot/panlex-20191001-csv/6898#113606375>		"Tunisia"@luo	
"아이슬란드"@ko	<https://panlex.org/snapshot/panlex-20191001-csv/6898#113601052>				<https://panlex.org/snapshot/panlex-20191001-csv/6898#113601081>		"Iceland"@luo	
"인도"@ko	<https://panlex.org/snapshot/panlex-20191001-csv/6898#113616908>				<https://panlex.org/snapshot/panlex-20191001-csv/6898#113616946>		"India"@luo	
"바누아투"@ko	<https://panlex.org/snapshot/panlex-20191001-csv/6898#113628989>				<https://panlex.org/snapshot/panlex-20191001-csv/6898#113629068>		"Vanuatu"@luo	
"소말리아"@ko	<https://panlex.org/snapshot/panlex-20191001-csv/6898#113608422>				<https://panlex.org/snapshot/panlex-20191001-csv/6898#113608395>		"Somalia"@luo	
"노르웨이"@ko	<https://panlex.org/snapshot/panlex-20191001-csv/6898#113609855>				<https://panlex.org/snapshot/panlex-20191001-csv/6898#113609975>		"Norway"@luo	
"중앙 아프리카 공화국"@ko	<https://panlex.org/snapshot/panlex-20191001-csv/6898#113591357>				<https://panlex.org/snapshot/panlex-20191001-csv/6898#113591419>		"Central African Republic"@luo	
"벨리즈"@ko	<https://panlex.org/snapshot/panlex-20191001-csv/6898#113609047>				<https://panlex.org/snapshot/panlex-20191001-csv/6898#113608942>		"Belize"@luo	
"엘살바도르"@ko	<https://panlex.org/snapshot/panlex-20191001-csv/6898#113600608>				<https://panlex.org/snapshot/panlex-20191001-csv/6898#113600589>		"El Salvador"@luo	
"마다가스카르"@ko	<https://panlex.org/snapshot/panlex-20191001-csv/6898#113590046>				<https://panlex.org/snapshot/panlex-20191001-csv/6898#113589954>		"Madagascar"@luo	
"오만"@ko	<https://panlex.org/snapshot/panlex-20191001-csv/6898#113622660>				<https://panlex.org/snapshot/panlex-20191001-csv/6898#113622538>		"Oman"@luo	
"쿠웨이트"@ko	<https://panlex.org/snapshot/panlex-20191001-csv/6898#113605959>				<https://panlex.org/snapshot/panlex-20191001-csv/6898#113605843>		"Kuwait"@luo	
"코트디부아르"@ko	<https://panlex.org/snapshot/panlex-20191001-csv/6898#113640538>				<https://panlex.org/snapshot/panlex-20191001-csv/6898#113640526>		"Côte d"@luo	
"스와질란드"@ko	<https://panlex.org/snapshot/panlex-20191001-csv/6898#113625315>				<https://panlex.org/snapshot/panlex-20191001-csv/6898#113625187>		"Swaziland"@luo	
"슬로바키아"@ko	<https://panlex.org/snapshot/panlex-20191001-csv/6898#113614459>				<https://panlex.org/snapshot/panlex-20191001-csv/6898#113614540>		"Slovakia"@luo	
"니제르"@ko	<https://panlex.org/snapshot/panlex-20191001-csv/6898#113644764>				<https://panlex.org/snapshot/panlex-20191001-csv/6898#113644883>		"Niger"@luo	
"미국"@ko	<https://panlex.org/snapshot/panlex-20191001-csv/6898#113597932>				<https://panlex.org/snapshot/panlex-20191001-csv/6898#113598033>		"USA"@luo	
"나이지리아"@ko	<https://panlex.org/snapshot/panlex-20191001-csv/6898#113624179>				<https://panlex.org/snapshot/panlex-20191001-csv/6898#113624192>		"Nigeria"@luo	
"사모아"@ko	<https://panlex.org/snapshot/panlex-20191001-csv/6898#113637492>				<https://panlex.org/snapshot/panlex-20191001-csv/6898#113637529>		"Samoa"@luo	
"벨기에"@ko	<https://panlex.org/snapshot/panlex-20191001-csv/6898#113643432>				<https://panlex.org/snapshot/panlex-20191001-csv/6898#113643533>		"Belgium"@luo	
"포클랜드 제도(말비나스 군도)"@ko	<https://panlex.org/snapshot/panlex-20191001-csv/6898#113642926>				<https://panlex.org/snapshot/panlex-20191001-csv/6898#113642855>		"Chuia mar Falkland"@luo	
"콩고-킨샤사"@ko	<https://panlex.org/snapshot/panlex-20191001-csv/6898#113589763>				<https://panlex.org/snapshot/panlex-20191001-csv/6898#113589773>		"Democratic Republic of the Congo"@luo	
"멕시코"@ko	<https://panlex.org/snapshot/panlex-20191001-csv/6898#113628429>				<https://panlex.org/snapshot/panlex-20191001-csv/6898#113628385>		"Mexico"@luo	
"몰디브"@ko	<https://panlex.org/snapshot/panlex-20191001-csv/6898#113641713>				<https://panlex.org/snapshot/panlex-20191001-csv/6898#113641710>		"Maldives"@luo	
"우즈베키스탄"@ko	<https://panlex.org/snapshot/panlex-20191001-csv/6898#113637253>				<https://panlex.org/snapshot/panlex-20191001-csv/6898#113637176>		"Uzbekistan"@luo	
"중국"@ko	<https://panlex.org/snapshot/panlex-20191001-csv/6898#113613982>				<https://panlex.org/snapshot/panlex-20191001-csv/6898#113613959>		"China"@luo	
"안도라"@ko	<https://panlex.org/snapshot/panlex-20191001-csv/6898#113588340>				<https://panlex.org/snapshot/panlex-20191001-csv/6898#113588372>		"Andorra"@luo	
"도미니카 공화국"@ko	<https://panlex.org/snapshot/panlex-20191001-csv/6898#113603429>				<https://panlex.org/snapshot/panlex-20191001-csv/6898#113603546>		"Dominican Republic"@luo	
"토고"@ko	<https://panlex.org/snapshot/panlex-20191001-csv/6898#113613885>				<https://panlex.org/snapshot/panlex-20191001-csv/6898#113613721>		"Togo"@luo	
"마케도니아"@ko	<https://panlex.org/snapshot/panlex-20191001-csv/6898#113613425>				<https://panlex.org/snapshot/panlex-20191001-csv/6898#113613254>		"Macedonia"@luo	
"모로코"@ko	<https://panlex.org/snapshot/panlex-20191001-csv/6898#113635998>				<https://panlex.org/snapshot/panlex-20191001-csv/6898#113636072>		"Morocco"@luo	
"토켈라우"@ko	<https://panlex.org/snapshot/panlex-20191001-csv/6898#113615921>				<https://panlex.org/snapshot/panlex-20191001-csv/6898#113615765>		"Tokelau"@luo	
"투르크메니스탄"@ko	<https://panlex.org/snapshot/panlex-20191001-csv/6898#113607887>				<https://panlex.org/snapshot/panlex-20191001-csv/6898#113607820>		"Turkmenistan"@luo	
"아메리칸 사모아"@ko	<https://panlex.org/snapshot/panlex-20191001-csv/6898#113606275>				<https://panlex.org/snapshot/panlex-20191001-csv/6898#113606217>		"American Samoa"@luo	
"브라질"@ko	<https://panlex.org/snapshot/panlex-20191001-csv/6898#113645381>				<https://panlex.org/snapshot/panlex-20191001-csv/6898#113645279>		"Brazil"@luo	
"도미니카"@ko	<https://panlex.org/snapshot/panlex-20191001-csv/6898#113599740>				<https://panlex.org/snapshot/panlex-20191001-csv/6898#113599849>		"Dominica"@luo	
"수리남"@ko	<https://panlex.org/snapshot/panlex-20191001-csv/6898#113640658>				<https://panlex.org/snapshot/panlex-20191001-csv/6898#113640759>		"Suriname"@luo	
"바티칸 시국"@ko	<https://panlex.org/snapshot/panlex-20191001-csv/6898#113629789>				<https://panlex.org/snapshot/panlex-20191001-csv/6898#113629721>		"Vatican State"@luo	
"창조주"@ko	<https://panlex.org/snapshot/panlex-20191001-csv/5949#85303055>				<https://panlex.org/snapshot/panlex-20191001-csv/5949#85303065>		"Nyasae"@luo	
"신"@ko	<https://panlex.org/snapshot/panlex-20191001-csv/5949#85303056>				<https://panlex.org/snapshot/panlex-20191001-csv/5949#85303065>		"Nyasae"@luo	
"하나님"@ko	<https://panlex.org/snapshot/panlex-20191001-csv/5949#85303057>				<https://panlex.org/snapshot/panlex-20191001-csv/5949#85303065>		"Nyasae"@luo	
"아제르바이잔"@ko	<https://panlex.org/snapshot/panlex-20191001-csv/5949#85298479>				<https://panlex.org/snapshot/panlex-20191001-csv/5949#85298492>		"Azabajan"@luo	
"신"@ko	<https://panlex.org/snapshot/panlex-20191001-csv/5943#83289836>				<https://panlex.org/snapshot/panlex-20191001-csv/5943#83289841>		"Nyasae"@luo	
