"saka-pan"@mbc	<https://panlex.org/snapshot/panlex-20191001-csv/1573#50083309>				<https://panlex.org/snapshot/panlex-20191001-csv/1573#50083221>		"sand"@da	
"wei"@mbc	<https://panlex.org/snapshot/panlex-20191001-csv/1573#50091433>				<https://panlex.org/snapshot/panlex-20191001-csv/1573#50091345>		"sol"@da	
"kaʔ"@mbc	<https://panlex.org/snapshot/panlex-20191001-csv/1573#50091174>				<https://panlex.org/snapshot/panlex-20191001-csv/1573#50091096>		"himmel"@da	
"sipa-sipa"@mbc	<https://panlex.org/snapshot/panlex-20191001-csv/1573#50087755>				<https://panlex.org/snapshot/panlex-20191001-csv/1573#50087673>		"bølge"@da	
"tuna awannɨ-saʔ man"@mbc	<https://panlex.org/snapshot/panlex-20191001-csv/1573#50088120>				<https://panlex.org/snapshot/panlex-20191001-csv/1573#50088082>		"højvande"@da	
"yei"@mbc	<https://panlex.org/snapshot/panlex-20191001-csv/1573#50090334>				<https://panlex.org/snapshot/panlex-20191001-csv/1573#50090241>		"træ"@da	
"tuna ena"@mbc	<https://panlex.org/snapshot/panlex-20191001-csv/1573#50085244>				<https://panlex.org/snapshot/panlex-20191001-csv/1573#50085126>		"strand"@da	
"tuna ena"@mbc	<https://panlex.org/snapshot/panlex-20191001-csv/1573#50085244>				<https://panlex.org/snapshot/panlex-20191001-csv/1573#50085124>		"bred"@da	
"tuna ena"@mbc	<https://panlex.org/snapshot/panlex-20191001-csv/1573#50085244>				<https://panlex.org/snapshot/panlex-20191001-csv/1573#50085125>		"kyst"@da	
"tɨʔne"@mbc	<https://panlex.org/snapshot/panlex-20191001-csv/1573#50086226>				<https://panlex.org/snapshot/panlex-20191001-csv/1573#50086157>		"stilhed"@da	
"wonoʔ"@mbc	<https://panlex.org/snapshot/panlex-20191001-csv/1573#50084812>				<https://panlex.org/snapshot/panlex-20191001-csv/1573#50084737>		"ø"@da	
"ramon"@mbc	<https://panlex.org/snapshot/panlex-20191001-csv/1573#50084601>				<https://panlex.org/snapshot/panlex-20191001-csv/1573#50084519>		"dal"@da	
"ikuʔpɨ"@mbc	<https://panlex.org/snapshot/panlex-20191001-csv/1573#50087006>				<https://panlex.org/snapshot/panlex-20191001-csv/1573#50086926>		"indsø"@da	
"ikuʔpɨ"@mbc	<https://panlex.org/snapshot/panlex-20191001-csv/1573#50087006>				<https://panlex.org/snapshot/panlex-20191001-csv/1573#50086927>		"sø"@da	
"tuna taime"@mbc	<https://panlex.org/snapshot/panlex-20191001-csv/1573#50088741>				<https://panlex.org/snapshot/panlex-20191001-csv/1573#50088674>		"hvirvel"@da	
"non"@mbc	<https://panlex.org/snapshot/panlex-20191001-csv/1573#50082475>				<https://panlex.org/snapshot/panlex-20191001-csv/1573#50082342>		"grund"@da	
"eren"@mbc	<https://panlex.org/snapshot/panlex-20191001-csv/1573#50088452>				<https://panlex.org/snapshot/panlex-20191001-csv/1573#50088285>		"strøm"@da	
"eren"@mbc	<https://panlex.org/snapshot/panlex-20191001-csv/1573#50088452>				<https://panlex.org/snapshot/panlex-20191001-csv/1573#50088284>		"flod"@da	
"eren"@mbc	<https://panlex.org/snapshot/panlex-20191001-csv/1573#50088452>				<https://panlex.org/snapshot/panlex-20191001-csv/1573#50088283>		"bæk"@da	
"yuʔ"@mbc	<https://panlex.org/snapshot/panlex-20191001-csv/1573#50089799>				<https://panlex.org/snapshot/panlex-20191001-csv/1573#50089700>		"skov"@da	
"tɨʔ-ta"@mbc	<https://panlex.org/snapshot/panlex-20191001-csv/1573#50085536>				<https://panlex.org/snapshot/panlex-20191001-csv/1573#50085445>		"hule"@da	
"tuna"@mbc	<https://panlex.org/snapshot/panlex-20191001-csv/1573#50085780>				<https://panlex.org/snapshot/panlex-20191001-csv/1573#50085692>		"vand"@da	
"pɨranna"@mbc	<https://panlex.org/snapshot/panlex-20191001-csv/1573#50086019>				<https://panlex.org/snapshot/panlex-20191001-csv/1573#50085942>		"hav"@da	
"pɨranna"@mbc	<https://panlex.org/snapshot/panlex-20191001-csv/1573#50086019>				<https://panlex.org/snapshot/panlex-20191001-csv/1573#50085943>		"sø"@da	
"pɨranna"@mbc	<https://panlex.org/snapshot/panlex-20191001-csv/1573#50086787>				<https://panlex.org/snapshot/panlex-20191001-csv/1573#50086722>		"ocean"@da	
"yani"@mbc	<https://panlex.org/snapshot/panlex-20191001-csv/1573#50089054>				<https://panlex.org/snapshot/panlex-20191001-csv/1573#50088906>		"brønd"@da	
"yani"@mbc	<https://panlex.org/snapshot/panlex-20191001-csv/1573#50089054>				<https://panlex.org/snapshot/panlex-20191001-csv/1573#50088907>		"kilde"@da	
"tuna aapaʔsaʔ man"@mbc	<https://panlex.org/snapshot/panlex-20191001-csv/1573#50088009>				<https://panlex.org/snapshot/panlex-20191001-csv/1573#50087975>		"lavvande"@da	
"kutuppan"@mbc	<https://panlex.org/snapshot/panlex-20191001-csv/1573#50082756>				<https://panlex.org/snapshot/panlex-20191001-csv/1573#50082661>		"støv"@da	
"iwɨtɨ"@mbc	<https://panlex.org/snapshot/panlex-20191001-csv/1573#50088453>				<https://panlex.org/snapshot/panlex-20191001-csv/1573#50088285>		"strøm"@da	
"iwɨtɨ"@mbc	<https://panlex.org/snapshot/panlex-20191001-csv/1573#50088453>				<https://panlex.org/snapshot/panlex-20191001-csv/1573#50088284>		"flod"@da	
"iwɨtɨ"@mbc	<https://panlex.org/snapshot/panlex-20191001-csv/1573#50088453>				<https://panlex.org/snapshot/panlex-20191001-csv/1573#50088283>		"bæk"@da	
"pata"@mbc	<https://panlex.org/snapshot/panlex-20191001-csv/1573#50082141>				<https://panlex.org/snapshot/panlex-20191001-csv/1573#50082023>		"jord"@da	
"pata"@mbc	<https://panlex.org/snapshot/panlex-20191001-csv/1573#50082141>				<https://panlex.org/snapshot/panlex-20191001-csv/1573#50082024>		"land"@da	
"tuna meru"@mbc	<https://panlex.org/snapshot/panlex-20191001-csv/1573#50089566>				<https://panlex.org/snapshot/panlex-20191001-csv/1573#50089495>		"vandfald"@da	
"etei"@mbc	<https://panlex.org/snapshot/panlex-20191001-csv/1573#50084337>				<https://panlex.org/snapshot/panlex-20191001-csv/1573#50084206>		"slette"@da	
"etei"@mbc	<https://panlex.org/snapshot/panlex-20191001-csv/1573#50084337>				<https://panlex.org/snapshot/panlex-20191001-csv/1573#50084205>		"mark"@da	
"kuusaʔ"@mbc	<https://panlex.org/snapshot/panlex-20191001-csv/1573#50083059>				<https://panlex.org/snapshot/panlex-20191001-csv/1573#50082939>		"mudder"@da	
"kuusaʔ"@mbc	<https://panlex.org/snapshot/panlex-20191001-csv/1573#50083059>				<https://panlex.org/snapshot/panlex-20191001-csv/1573#50082940>		"smuds"@da	
"wɨʔ"@mbc	<https://panlex.org/snapshot/panlex-20191001-csv/1573#50083663>				<https://panlex.org/snapshot/panlex-20191001-csv/1573#50083516>		"bakke"@da	
"wɨʔ"@mbc	<https://panlex.org/snapshot/panlex-20191001-csv/1573#50083663>				<https://panlex.org/snapshot/panlex-20191001-csv/1573#50083517>		"bjerg"@da	
"wɨʔ"@mbc	<https://panlex.org/snapshot/panlex-20191001-csv/1573#50083663>				<https://panlex.org/snapshot/panlex-20191001-csv/1573#50083518>		"fjeld"@da	
"tɨkapi"@mbc	<https://panlex.org/snapshot/panlex-20191001-csv/1573#50084017>				<https://panlex.org/snapshot/panlex-20191001-csv/1573#50083911>		"skær"@da	
"tɨkapi"@mbc	<https://panlex.org/snapshot/panlex-20191001-csv/1573#50084017>				<https://panlex.org/snapshot/panlex-20191001-csv/1573#50083910>		"klippe"@da	
"-yeʔ"@mbc	<https://panlex.org/snapshot/panlex-20191001-csv/1573#50090078>				<https://panlex.org/snapshot/panlex-20191001-csv/1573#50089992>		"træ"@da	
"tuna rakkon"@mbc	<https://panlex.org/snapshot/panlex-20191001-csv/1573#50086586>				<https://panlex.org/snapshot/panlex-20191001-csv/1573#50086515>		"skum"@da	
"tɨʔ"@mbc	<https://panlex.org/snapshot/panlex-20191001-csv/1573#50090678>				<https://panlex.org/snapshot/panlex-20191001-csv/1573#50090534>		"sten"@da	
"tɨʔ"@mbc	<https://panlex.org/snapshot/panlex-20191001-csv/1573#50090678>				<https://panlex.org/snapshot/panlex-20191001-csv/1573#50090533>		"klippe"@da	
