"baas"@tdt	<https://panlex.org/snapshot/panlex-20191001-csv/114#8061272>				<https://panlex.org/snapshot/panlex-20191001-csv/114#8061269>		"kalakana"@tbj	
"liman"@tdt	<https://panlex.org/snapshot/panlex-20191001-csv/114#8052100>				<https://panlex.org/snapshot/panlex-20191001-csv/114#8052096>		"limana"@tbj	
"nanaan"@tdt	<https://panlex.org/snapshot/panlex-20191001-csv/114#8068033>				<https://panlex.org/snapshot/panlex-20191001-csv/114#8068030>		"kiamana"@tbj	
"inus"@tdt	<https://panlex.org/snapshot/panlex-20191001-csv/114#8065491>				<https://panlex.org/snapshot/panlex-20191001-csv/114#8065486>		"isana"@tbj	
"fila"@tdt	<https://panlex.org/snapshot/panlex-20191001-csv/114#8055678>				<https://panlex.org/snapshot/panlex-20191001-csv/114#8055674>		"kalpak"@tbj	
"horan"@tdt	<https://panlex.org/snapshot/panlex-20191001-csv/114#8066425>				<https://panlex.org/snapshot/panlex-20191001-csv/114#8066421>		"mosong"@tbj	
"kwana"@tdt	<https://panlex.org/snapshot/panlex-20191001-csv/114#8053035>				<https://panlex.org/snapshot/panlex-20191001-csv/114#8053032>		"tuan"@tbj	
"kwana"@tdt	<https://panlex.org/snapshot/panlex-20191001-csv/114#8053035>				<https://panlex.org/snapshot/panlex-20191001-csv/114#8053031>		"limana tuan"@tbj	
"nanal"@tdt	<https://panlex.org/snapshot/panlex-20191001-csv/114#8068034>				<https://panlex.org/snapshot/panlex-20191001-csv/114#8068030>		"kiamana"@tbj	
"susun"@tdt	<https://panlex.org/snapshot/panlex-20191001-csv/114#8060782>				<https://panlex.org/snapshot/panlex-20191001-csv/114#8060776>		"kangena"@tbj	
"susun"@tdt	<https://panlex.org/snapshot/panlex-20191001-csv/114#8060782>				<https://panlex.org/snapshot/panlex-20191001-csv/114#8060777>		"tas sina"@tbj	
"los (liman los)"@tdt	<https://panlex.org/snapshot/panlex-20191001-csv/114#8053036>				<https://panlex.org/snapshot/panlex-20191001-csv/114#8053032>		"tuan"@tbj	
"los (liman los)"@tdt	<https://panlex.org/snapshot/panlex-20191001-csv/114#8053036>				<https://panlex.org/snapshot/panlex-20191001-csv/114#8053031>		"limana tuan"@tbj	
"raan"@tdt	<https://panlex.org/snapshot/panlex-20191001-csv/114#8063304>				<https://panlex.org/snapshot/panlex-20191001-csv/114#8063301>		"rangalang sina"@tbj	
"foer"@tdt	<https://panlex.org/snapshot/panlex-20191001-csv/114#8056702>				<https://panlex.org/snapshot/panlex-20191001-csv/114#8056698>		"bilinga"@tbj	
"karuk"@tdt	<https://panlex.org/snapshot/panlex-20191001-csv/114#8052578>				<https://panlex.org/snapshot/panlex-20191001-csv/114#8052573>		"kais"@tbj	
"karuk"@tdt	<https://panlex.org/snapshot/panlex-20191001-csv/114#8052578>				<https://panlex.org/snapshot/panlex-20191001-csv/114#8052574>		"limana kais"@tbj	
"kakorok"@tdt	<https://panlex.org/snapshot/panlex-20191001-csv/114#8064388>				<https://panlex.org/snapshot/panlex-20191001-csv/114#8064385>		"waiana"@tbj	
"filas"@tdt	<https://panlex.org/snapshot/panlex-20191001-csv/114#8055679>				<https://panlex.org/snapshot/panlex-20191001-csv/114#8055674>		"kalpak"@tbj	
"inur"@tdt	<https://panlex.org/snapshot/panlex-20191001-csv/114#8065490>				<https://panlex.org/snapshot/panlex-20191001-csv/114#8065486>		"isana"@tbj	
