"baas"@tdt	<https://panlex.org/snapshot/panlex-20191001-csv/114#8061272>				<https://panlex.org/snapshot/panlex-20191001-csv/114#8061112>		"papale"@mhy	
"liman"@tdt	<https://panlex.org/snapshot/panlex-20191001-csv/114#8052100>				<https://panlex.org/snapshot/panlex-20191001-csv/114#8051907>		"taŋan"@mhy	
"rai ahun"@tdt	<https://panlex.org/snapshot/panlex-20191001-csv/114#8057174>				<https://panlex.org/snapshot/panlex-20191001-csv/114#8057010>		"ewuŋ"@mhy	
"nanaan"@tdt	<https://panlex.org/snapshot/panlex-20191001-csv/114#8068033>				<https://panlex.org/snapshot/panlex-20191001-csv/114#8067860>		"lelaʔ"@mhy	
"inus"@tdt	<https://panlex.org/snapshot/panlex-20191001-csv/114#8065491>				<https://panlex.org/snapshot/panlex-20191001-csv/114#8065306>		"uruŋ"@mhy	
"fila"@tdt	<https://panlex.org/snapshot/panlex-20191001-csv/114#8055678>				<https://panlex.org/snapshot/panlex-20191001-csv/114#8055507>		"melok"@mhy	
"horan"@tdt	<https://panlex.org/snapshot/panlex-20191001-csv/114#8066425>				<https://panlex.org/snapshot/panlex-20191001-csv/114#8066259>		"ñiuk"@mhy	
"kwana"@tdt	<https://panlex.org/snapshot/panlex-20191001-csv/114#8053035>				<https://panlex.org/snapshot/panlex-20191001-csv/114#8052882>		"kawan"@mhy	
"nanal"@tdt	<https://panlex.org/snapshot/panlex-20191001-csv/114#8068034>				<https://panlex.org/snapshot/panlex-20191001-csv/114#8067860>		"lelaʔ"@mhy	
"susun"@tdt	<https://panlex.org/snapshot/panlex-20191001-csv/114#8060782>				<https://panlex.org/snapshot/panlex-20191001-csv/114#8060589>		"dubdob"@mhy	
"los (liman los)"@tdt	<https://panlex.org/snapshot/panlex-20191001-csv/114#8053036>				<https://panlex.org/snapshot/panlex-20191001-csv/114#8052882>		"kawan"@mhy	
"raan"@tdt	<https://panlex.org/snapshot/panlex-20191001-csv/114#8063304>				<https://panlex.org/snapshot/panlex-20191001-csv/114#8063132>		"iraʔ"@mhy	
"foer"@tdt	<https://panlex.org/snapshot/panlex-20191001-csv/114#8056702>				<https://panlex.org/snapshot/panlex-20191001-csv/114#8056528>		"murun"@mhy	
"karuk"@tdt	<https://panlex.org/snapshot/panlex-20191001-csv/114#8052578>				<https://panlex.org/snapshot/panlex-20191001-csv/114#8052417>		"kawiʔ"@mhy	
"kakorok"@tdt	<https://panlex.org/snapshot/panlex-20191001-csv/114#8064388>				<https://panlex.org/snapshot/panlex-20191001-csv/114#8064213>		"diuŋ"@mhy	
"filas"@tdt	<https://panlex.org/snapshot/panlex-20191001-csv/114#8055679>				<https://panlex.org/snapshot/panlex-20191001-csv/114#8055507>		"melok"@mhy	
"inur"@tdt	<https://panlex.org/snapshot/panlex-20191001-csv/114#8065490>				<https://panlex.org/snapshot/panlex-20191001-csv/114#8065306>		"uruŋ"@mhy	
