"baas"@tdt	<https://panlex.org/snapshot/panlex-20191001-csv/114#8061272>				<https://panlex.org/snapshot/panlex-20191001-csv/114#8061181>		"takeb"@pag	
"liman"@tdt	<https://panlex.org/snapshot/panlex-20191001-csv/114#8052100>				<https://panlex.org/snapshot/panlex-20191001-csv/114#8051987>		"lima"@pag	
"rai ahun"@tdt	<https://panlex.org/snapshot/panlex-20191001-csv/114#8057174>				<https://panlex.org/snapshot/panlex-20191001-csv/114#8057079>		"dabok"@pag	
"rai ahun"@tdt	<https://panlex.org/snapshot/panlex-20191001-csv/114#8057174>				<https://panlex.org/snapshot/panlex-20191001-csv/114#8057080>		"dutak"@pag	
"nanaan"@tdt	<https://panlex.org/snapshot/panlex-20191001-csv/114#8068033>				<https://panlex.org/snapshot/panlex-20191001-csv/114#8067932>		"dila"@pag	
"inus"@tdt	<https://panlex.org/snapshot/panlex-20191001-csv/114#8065491>				<https://panlex.org/snapshot/panlex-20191001-csv/114#8065382>		"eleng"@pag	
"fila"@tdt	<https://panlex.org/snapshot/panlex-20191001-csv/114#8055678>				<https://panlex.org/snapshot/panlex-20191001-csv/114#8055572>		"telek"@pag	
"fila"@tdt	<https://panlex.org/snapshot/panlex-20191001-csv/114#8055678>				<https://panlex.org/snapshot/panlex-20191001-csv/114#8055571>		"liko"@pag	
"horan"@tdt	<https://panlex.org/snapshot/panlex-20191001-csv/114#8066425>				<https://panlex.org/snapshot/panlex-20191001-csv/114#8066331>		"angob"@pag	
"kwana"@tdt	<https://panlex.org/snapshot/panlex-20191001-csv/114#8053035>				<https://panlex.org/snapshot/panlex-20191001-csv/114#8052948>		"caoanan"@pag	
"nanal"@tdt	<https://panlex.org/snapshot/panlex-20191001-csv/114#8068034>				<https://panlex.org/snapshot/panlex-20191001-csv/114#8067932>		"dila"@pag	
"susun"@tdt	<https://panlex.org/snapshot/panlex-20191001-csv/114#8060782>				<https://panlex.org/snapshot/panlex-20191001-csv/114#8060665>		"suso"@pag	
"los (liman los)"@tdt	<https://panlex.org/snapshot/panlex-20191001-csv/114#8053036>				<https://panlex.org/snapshot/panlex-20191001-csv/114#8052948>		"caoanan"@pag	
"raan"@tdt	<https://panlex.org/snapshot/panlex-20191001-csv/114#8063304>				<https://panlex.org/snapshot/panlex-20191001-csv/114#8063205>		"dala"@pag	
"foer"@tdt	<https://panlex.org/snapshot/panlex-20191001-csv/114#8056702>				<https://panlex.org/snapshot/panlex-20191001-csv/114#8056596>		"dutak"@pag	
"foer"@tdt	<https://panlex.org/snapshot/panlex-20191001-csv/114#8056702>				<https://panlex.org/snapshot/panlex-20191001-csv/114#8056597>		"marutak"@pag	
"karuk"@tdt	<https://panlex.org/snapshot/panlex-20191001-csv/114#8052578>				<https://panlex.org/snapshot/panlex-20191001-csv/114#8052485>		"caoigi"@pag	
"kakorok"@tdt	<https://panlex.org/snapshot/panlex-20191001-csv/114#8064388>				<https://panlex.org/snapshot/panlex-20191001-csv/114#8064284>		"tenger"@pag	
"kakorok"@tdt	<https://panlex.org/snapshot/panlex-20191001-csv/114#8064388>				<https://panlex.org/snapshot/panlex-20191001-csv/114#8064283>		"beklew"@pag	
"filas"@tdt	<https://panlex.org/snapshot/panlex-20191001-csv/114#8055679>				<https://panlex.org/snapshot/panlex-20191001-csv/114#8055572>		"telek"@pag	
"filas"@tdt	<https://panlex.org/snapshot/panlex-20191001-csv/114#8055679>				<https://panlex.org/snapshot/panlex-20191001-csv/114#8055571>		"liko"@pag	
"inur"@tdt	<https://panlex.org/snapshot/panlex-20191001-csv/114#8065490>				<https://panlex.org/snapshot/panlex-20191001-csv/114#8065382>		"eleng"@pag	
