"kodom"@nsn	<https://panlex.org/snapshot/panlex-20191001-csv/12#851088>				<https://panlex.org/snapshot/panlex-20191001-csv/12#851118>		"ane"@pyu	
"kodom"@nsn	<https://panlex.org/snapshot/panlex-20191001-csv/12#851088>				<https://panlex.org/snapshot/panlex-20191001-csv/12#851120>		"nnai"@pyu	
"kodom"@nsn	<https://panlex.org/snapshot/panlex-20191001-csv/12#851088>				<https://panlex.org/snapshot/panlex-20191001-csv/12#851119>		"a-tuei"@pyu	
"laur"@nsn	<https://panlex.org/snapshot/panlex-20191001-csv/12#851089>				<https://panlex.org/snapshot/panlex-20191001-csv/12#851118>		"ane"@pyu	
"laur"@nsn	<https://panlex.org/snapshot/panlex-20191001-csv/12#851089>				<https://panlex.org/snapshot/panlex-20191001-csv/12#851120>		"nnai"@pyu	
"laur"@nsn	<https://panlex.org/snapshot/panlex-20191001-csv/12#851089>				<https://panlex.org/snapshot/panlex-20191001-csv/12#851119>		"a-tuei"@pyu	
"makos[o]"@nsn	<https://panlex.org/snapshot/panlex-20191001-csv/114#8052939>				<https://panlex.org/snapshot/panlex-20191001-csv/114#8052973>		"tarawalán"@pyu	
"hiro"@nsn	<https://panlex.org/snapshot/panlex-20191001-csv/114#8059143>				<https://panlex.org/snapshot/panlex-20191001-csv/114#8059177>		"ʔokák"@pyu	
"ulu-"@nsn	<https://panlex.org/snapshot/panlex-20191001-csv/114#8064812>				<https://panlex.org/snapshot/panlex-20191001-csv/114#8064851>		"aruvo"@pyu	
"ulu-"@nsn	<https://panlex.org/snapshot/panlex-20191001-csv/114#8064812>				<https://panlex.org/snapshot/panlex-20191001-csv/114#8064852>		"q̂arvó"@pyu	
"mia"@nsn	<https://panlex.org/snapshot/panlex-20191001-csv/114#8067922>				<https://panlex.org/snapshot/panlex-20191001-csv/114#8067959>		"sema"@pyu	
"la"@nsn	<https://panlex.org/snapshot/panlex-20191001-csv/114#8054046>				<https://panlex.org/snapshot/panlex-20191001-csv/114#8054088>		"kəmakawan"@pyu	
"dikdiku"@nsn	<https://panlex.org/snapshot/panlex-20191001-csv/114#8056587>				<https://panlex.org/snapshot/panlex-20191001-csv/114#8056628>		"miliṭáq̂"@pyu	
"keken"@nsn	<https://panlex.org/snapshot/panlex-20191001-csv/114#8053466>				<https://panlex.org/snapshot/panlex-20191001-csv/114#8053501>		"kuíʔ"@pyu	
"liwo"@nsn	<https://panlex.org/snapshot/panlex-20191001-csv/114#8067400>				<https://panlex.org/snapshot/panlex-20191001-csv/114#8067444>		"wáliʔ"@pyu	
"liwo"@nsn	<https://panlex.org/snapshot/panlex-20191001-csv/114#8067400>				<https://panlex.org/snapshot/panlex-20191001-csv/114#8067443>		"ware"@pyu	
"huhuatan"@nsn	<https://panlex.org/snapshot/panlex-20191001-csv/114#8061173>				<https://panlex.org/snapshot/panlex-20191001-csv/114#8061206>		"ayab"@pyu	
"huhuatan"@nsn	<https://panlex.org/snapshot/panlex-20191001-csv/114#8061173>				<https://panlex.org/snapshot/panlex-20191001-csv/114#8061207>		"q̂íʼav"@pyu	
"lais"@nsn	<https://panlex.org/snapshot/panlex-20191001-csv/114#8052476>				<https://panlex.org/snapshot/panlex-20191001-csv/114#8052510>		"tamawiriʔ"@pyu	
"mudin"@nsn	<https://panlex.org/snapshot/panlex-20191001-csv/114#8058076>				<https://panlex.org/snapshot/panlex-20191001-csv/114#8058109>		"rikuẓán"@pyu	
"kodan"@nsn	<https://panlex.org/snapshot/panlex-20191001-csv/114#8060104>				<https://panlex.org/snapshot/panlex-20191001-csv/114#8060137>		"q̂áṭai"@pyu	
"wou"@nsn	<https://panlex.org/snapshot/panlex-20191001-csv/114#8057070>				<https://panlex.org/snapshot/panlex-20191001-csv/114#8057106>		"ramə́ŋ"@pyu	
"dewacin"@nsn	<https://panlex.org/snapshot/panlex-20191001-csv/114#8063194>				<https://panlex.org/snapshot/panlex-20191001-csv/114#8063233>		"ðaráq̂"@pyu	
"dewacin"@nsn	<https://panlex.org/snapshot/panlex-20191001-csv/114#8063194>				<https://panlex.org/snapshot/panlex-20191001-csv/114#8063231>		"damok"@pyu	
"dewacin"@nsn	<https://panlex.org/snapshot/panlex-20191001-csv/114#8063194>				<https://panlex.org/snapshot/panlex-20191001-csv/114#8063232>		"modomok"@pyu	
"wawan"@nsn	<https://panlex.org/snapshot/panlex-20191001-csv/114#8066845>				<https://panlex.org/snapshot/panlex-20191001-csv/114#8066886>		"ʔuðúŋ"@pyu	
"wawan"@nsn	<https://panlex.org/snapshot/panlex-20191001-csv/114#8066845>				<https://panlex.org/snapshot/panlex-20191001-csv/114#8066885>		"indan"@pyu	
"wawan"@nsn	<https://panlex.org/snapshot/panlex-20191001-csv/114#8066845>				<https://panlex.org/snapshot/panlex-20191001-csv/114#8066884>		"imdan"@pyu	
"sokor"@nsn	<https://panlex.org/snapshot/panlex-20191001-csv/114#8062695>				<https://panlex.org/snapshot/panlex-20191001-csv/114#8062731>		"makáuð"@pyu	
"hiro-"@nsn	<https://panlex.org/snapshot/panlex-20191001-csv/114#8059144>				<https://panlex.org/snapshot/panlex-20191001-csv/114#8059177>		"ʔokák"@pyu	
"kais"@nsn	<https://panlex.org/snapshot/panlex-20191001-csv/114#8052475>				<https://panlex.org/snapshot/panlex-20191001-csv/114#8052510>		"tamawiriʔ"@pyu	
"kapoko"@nsn	<https://panlex.org/snapshot/panlex-20191001-csv/114#8057565>				<https://panlex.org/snapshot/panlex-20191001-csv/114#8057601>		"ruviṭ"@pyu	
"uŋ"@nsn	<https://panlex.org/snapshot/panlex-20191001-csv/114#8065847>				<https://panlex.org/snapshot/panlex-20191001-csv/114#8065881>		"məŋáẓ"@pyu	
"ate"@nsn	<https://panlex.org/snapshot/panlex-20191001-csv/114#8061704>				<https://panlex.org/snapshot/panlex-20191001-csv/114#8061743>		"maẓalám"@pyu	
"bala"@nsn	<https://panlex.org/snapshot/panlex-20191001-csv/114#8059624>				<https://panlex.org/snapshot/panlex-20191001-csv/114#8059660>		"ṭinaq̂íʔ"@pyu	
