"duarsta"@sma	<https://panlex.org/snapshot/panlex-20191001-csv/2892#110825420>				<https://panlex.org/snapshot/panlex-20191001-csv/2892#110825305>		"Aŋpétu Tópa"@lkt	
"gaskevåhkoe"@sma	<https://panlex.org/snapshot/panlex-20191001-csv/2892#110824854>				<https://panlex.org/snapshot/panlex-20191001-csv/2892#110824964>		"Aŋpétu Yámni"@lkt	
"måanta"@sma	<https://panlex.org/snapshot/panlex-20191001-csv/2892#110824225>				<https://panlex.org/snapshot/panlex-20191001-csv/2892#110824398>		"Aŋpétu Tȟokáheya"@lkt	
"måanta"@sma	<https://panlex.org/snapshot/panlex-20191001-csv/2892#110824225>				<https://panlex.org/snapshot/panlex-20191001-csv/2892#110824026>		"Aŋpétu Tȟokáhe"@lkt	
"dæjsta"@sma	<https://panlex.org/snapshot/panlex-20191001-csv/2892#110824545>				<https://panlex.org/snapshot/panlex-20191001-csv/2892#110824627>		"Aŋpétu Núŋpa"@lkt	
"aejlege"@sma	<https://panlex.org/snapshot/panlex-20191001-csv/2892#110826967>				<https://panlex.org/snapshot/panlex-20191001-csv/2892#110826754>		"Aŋpétuwakȟáŋ"@lkt	
"laavvardahke"@sma	<https://panlex.org/snapshot/panlex-20191001-csv/2892#110826181>				<https://panlex.org/snapshot/panlex-20191001-csv/2892#110826541>		"Owáŋkayužažapi"@lkt	
"bearjadahke"@sma	<https://panlex.org/snapshot/panlex-20191001-csv/2892#110826003>				<https://panlex.org/snapshot/panlex-20191001-csv/2892#110825732>		"Aŋpétu Záptaŋ"@lkt	
"rahka"@sma	<https://panlex.org/snapshot/panlex-20191001-csv/2897#110831473>				<https://panlex.org/snapshot/panlex-20191001-csv/2897#110831309>		"Waníyetu wí"@lkt	
"rahka"@sma	<https://panlex.org/snapshot/panlex-20191001-csv/2897#110831473>				<https://panlex.org/snapshot/panlex-20191001-csv/2897#110831513>		"Tȟakhíyuȟa wí"@lkt	
"golke"@sma	<https://panlex.org/snapshot/panlex-20191001-csv/2897#110830916>				<https://panlex.org/snapshot/panlex-20191001-csv/2897#110831134>		"Čhaŋwápe kasná wí"@lkt	
"mïetske"@sma	<https://panlex.org/snapshot/panlex-20191001-csv/2897#110830279>				<https://panlex.org/snapshot/panlex-20191001-csv/2897#110830171>		"Wasúthuŋ wí"@lkt	
"mïetske"@sma	<https://panlex.org/snapshot/panlex-20191001-csv/2897#110830279>				<https://panlex.org/snapshot/panlex-20191001-csv/2897#110830218>		"Kȟáŋtašá wí"@lkt	
"snjaltje"@sma	<https://panlex.org/snapshot/panlex-20191001-csv/2897#110829496>				<https://panlex.org/snapshot/panlex-20191001-csv/2897#110829839>		"Čhaŋpȟásapa wí"@lkt	
"snjaltje"@sma	<https://panlex.org/snapshot/panlex-20191001-csv/2897#110829496>				<https://panlex.org/snapshot/panlex-20191001-csv/2897#110829507>		"Wazíškeča wí"@lkt	
"voerhtje"@sma	<https://panlex.org/snapshot/panlex-20191001-csv/2897#110828452>				<https://panlex.org/snapshot/panlex-20191001-csv/2897#110828581>		"Pȟežítȟo wí"@lkt	
"voerhtje"@sma	<https://panlex.org/snapshot/panlex-20191001-csv/2897#110828452>				<https://panlex.org/snapshot/panlex-20191001-csv/2897#110828592>		"Wihákakta čhépapi wí"@lkt	
"voerhtje"@sma	<https://panlex.org/snapshot/panlex-20191001-csv/2897#110828452>				<https://panlex.org/snapshot/panlex-20191001-csv/2897#110828351>		"Maǧáksiča aglí wí"@lkt	
"tsïengele"@sma	<https://panlex.org/snapshot/panlex-20191001-csv/2897#110827197>				<https://panlex.org/snapshot/panlex-20191001-csv/2897#110827260>		"Wiótheȟika wí"@lkt	
"suehpede"@sma	<https://panlex.org/snapshot/panlex-20191001-csv/2897#110829040>				<https://panlex.org/snapshot/panlex-20191001-csv/2897#110828827>		"Čhaŋwápetȟó wí"@lkt	
"suehpede"@sma	<https://panlex.org/snapshot/panlex-20191001-csv/2897#110829040>				<https://panlex.org/snapshot/panlex-20191001-csv/2897#110828944>		"Čhaŋwápe Nabléča wí"@lkt	
"skïerede"@sma	<https://panlex.org/snapshot/panlex-20191001-csv/2897#110830387>				<https://panlex.org/snapshot/panlex-20191001-csv/2897#110830669>		"Čhaŋwápe ǧí wí"@lkt	
"ruffie"@sma	<https://panlex.org/snapshot/panlex-20191001-csv/2897#110829411>				<https://panlex.org/snapshot/panlex-20191001-csv/2897#110829102>		"Wipázukȟa wašté wí"@lkt	
"ruffie"@sma	<https://panlex.org/snapshot/panlex-20191001-csv/2897#110829411>				<https://panlex.org/snapshot/panlex-20191001-csv/2897#110829181>		"Tȟíŋpsiŋla itkáȟča wí"@lkt	
"ruffie"@sma	<https://panlex.org/snapshot/panlex-20191001-csv/2897#110829411>				<https://panlex.org/snapshot/panlex-20191001-csv/2897#110829343>		"Wakíčhepa wí"@lkt	
"njoktje"@sma	<https://panlex.org/snapshot/panlex-20191001-csv/2897#110828193>				<https://panlex.org/snapshot/panlex-20191001-csv/2897#110827987>		"Ištáwičhayazaŋ wí"@lkt	
"goevte"@sma	<https://panlex.org/snapshot/panlex-20191001-csv/2897#110827744>				<https://panlex.org/snapshot/panlex-20191001-csv/2897#110827670>		"Thiyóȟeyuŋka wí"@lkt	
"goevte"@sma	<https://panlex.org/snapshot/panlex-20191001-csv/2897#110827744>				<https://panlex.org/snapshot/panlex-20191001-csv/2897#110827828>		"Čhaŋnápȟopa wí"@lkt	
"goeve"@sma	<https://panlex.org/snapshot/panlex-20191001-csv/2897#110831649>				<https://panlex.org/snapshot/panlex-20191001-csv/2897#110831587>		"Tȟahékapšuŋ wí"@lkt	
