"duarsta"@sma	<https://panlex.org/snapshot/panlex-20191001-csv/2892#110825420>				<https://panlex.org/snapshot/panlex-20191001-csv/2892#110825265>		"Taije"@mh	
"gaskevåhkoe"@sma	<https://panlex.org/snapshot/panlex-20191001-csv/2892#110824854>				<https://panlex.org/snapshot/panlex-20191001-csv/2892#110825180>		"Wonje"@mh	
"måanta"@sma	<https://panlex.org/snapshot/panlex-20191001-csv/2892#110824225>				<https://panlex.org/snapshot/panlex-20191001-csv/2892#110824021>		"Manre"@mh	
"dæjsta"@sma	<https://panlex.org/snapshot/panlex-20191001-csv/2892#110824545>				<https://panlex.org/snapshot/panlex-20191001-csv/2892#110824630>		"Juje"@mh	
"aejlege"@sma	<https://panlex.org/snapshot/panlex-20191001-csv/2892#110826967>				<https://panlex.org/snapshot/panlex-20191001-csv/2892#110827016>		"Jabot"@mh	
"laavvardahke"@sma	<https://panlex.org/snapshot/panlex-20191001-csv/2892#110826181>				<https://panlex.org/snapshot/panlex-20191001-csv/2892#110826177>		"Jarere"@mh	
"bearjadahke"@sma	<https://panlex.org/snapshot/panlex-20191001-csv/2892#110826003>				<https://panlex.org/snapshot/panlex-20191001-csv/2892#110826098>		"Balaire"@mh	
