"ʼqima"@itb	<https://panlex.org/snapshot/panlex-20191001-csv/114#8051791>				<https://panlex.org/snapshot/panlex-20191001-csv/114#8051902>		"ima"@meu	
"ʼsaka"@itb	<https://panlex.org/snapshot/panlex-20191001-csv/114#8053279>				<https://panlex.org/snapshot/panlex-20191001-csv/114#8053389>		"ae"@meu	
"maʼqamang"@itb	<https://panlex.org/snapshot/panlex-20191001-csv/114#8068284>				<https://panlex.org/snapshot/panlex-20191001-csv/114#8068386>		"kiri"@meu	
"ʼboqok"@itb	<https://panlex.org/snapshot/panlex-20191001-csv/114#8064644>				<https://panlex.org/snapshot/panlex-20191001-csv/114#8064743>		"hui"@meu	
"ʼbagis"@itb	<https://panlex.org/snapshot/panlex-20191001-csv/114#8059471>				<https://panlex.org/snapshot/panlex-20191001-csv/114#8059559>		"bogarau"@meu	
"diwaʼnan"@itb	<https://panlex.org/snapshot/panlex-20191001-csv/114#8052790>				<https://panlex.org/snapshot/panlex-20191001-csv/114#8052877>		"idiba"@meu	
"maʼnan"@itb	<https://panlex.org/snapshot/panlex-20191001-csv/114#8053857>				<https://panlex.org/snapshot/panlex-20191001-csv/114#8053974>		"raka"@meu	
"masʼqɨp (sɨʼqɨp)"@itb	<https://panlex.org/snapshot/panlex-20191001-csv/114#8066151>				<https://panlex.org/snapshot/panlex-20191001-csv/114#8066253>		"bona-ia"@meu	
"ʼqolo"@itb	<https://panlex.org/snapshot/panlex-20191001-csv/114#8063563>				<https://panlex.org/snapshot/panlex-20191001-csv/114#8063665>		"kwara"@meu	
"ʼtapok"@itb	<https://panlex.org/snapshot/panlex-20191001-csv/114#8056919>				<https://panlex.org/snapshot/panlex-20191001-csv/114#8057006>		"k|ahu"@meu	
"kopʼsit"@itb	<https://panlex.org/snapshot/panlex-20191001-csv/114#8057397>				<https://panlex.org/snapshot/panlex-20191001-csv/114#8057498>		"kopi"@meu	
