"manetac"@gmh	<https://panlex.org/snapshot/panlex-20191001-csv/5947#84803416>				<https://panlex.org/snapshot/panlex-20191001-csv/5947#84803556>		"bïkua-ôko"@sg	
"ſunnuntac"@gmh	<https://panlex.org/snapshot/panlex-20191001-csv/2892#110826734>				<https://panlex.org/snapshot/panlex-20191001-csv/2892#110827030>		"dimâsi"@sg	
"ſunnuntac"@gmh	<https://panlex.org/snapshot/panlex-20191001-csv/2892#110826734>				<https://panlex.org/snapshot/panlex-20191001-csv/2892#110826955>		"dimâse"@sg	
"ſunnuntac"@gmh	<https://panlex.org/snapshot/panlex-20191001-csv/2892#110826734>				<https://panlex.org/snapshot/panlex-20191001-csv/2892#110826812>		"lâ-yenga"@sg	
"ſunnuntac"@gmh	<https://panlex.org/snapshot/panlex-20191001-csv/2892#110826734>				<https://panlex.org/snapshot/panlex-20191001-csv/2892#110826663>		"dumâsi"@sg	
"ſunnuntac"@gmh	<https://panlex.org/snapshot/panlex-20191001-csv/2892#110826734>				<https://panlex.org/snapshot/panlex-20191001-csv/2892#110826683>		"yenga"@sg	
"ſambaztac"@gmh	<https://panlex.org/snapshot/panlex-20191001-csv/2892#110826157>				<https://panlex.org/snapshot/panlex-20191001-csv/2892#110826382>		"lâ-pôso"@sg	
"ſambaztac"@gmh	<https://panlex.org/snapshot/panlex-20191001-csv/2892#110826157>				<https://panlex.org/snapshot/panlex-20191001-csv/2892#110826227>		"samedï"@sg	
"ſambaztac"@gmh	<https://panlex.org/snapshot/panlex-20191001-csv/2892#110826157>				<https://panlex.org/snapshot/panlex-20191001-csv/2892#110826354>		"pôso"@sg	
"sambaztac"@gmh	<https://panlex.org/snapshot/panlex-20191001-csv/2892#110826191>				<https://panlex.org/snapshot/panlex-20191001-csv/2892#110826382>		"lâ-pôso"@sg	
"sambaztac"@gmh	<https://panlex.org/snapshot/panlex-20191001-csv/2892#110826191>				<https://panlex.org/snapshot/panlex-20191001-csv/2892#110826227>		"samedï"@sg	
"sambaztac"@gmh	<https://panlex.org/snapshot/panlex-20191001-csv/2892#110826191>				<https://panlex.org/snapshot/panlex-20191001-csv/2892#110826354>		"pôso"@sg	
"ziestac"@gmh	<https://panlex.org/snapshot/panlex-20191001-csv/2892#110824563>				<https://panlex.org/snapshot/panlex-20191001-csv/2892#110824722>		"bïkua-ûse"@sg	
"manetac"@gmh	<https://panlex.org/snapshot/panlex-20191001-csv/2892#110824195>				<https://panlex.org/snapshot/panlex-20191001-csv/2892#110824286>		"bïkua-ôko"@sg	
"vritac"@gmh	<https://panlex.org/snapshot/panlex-20191001-csv/2892#110826113>				<https://panlex.org/snapshot/panlex-20191001-csv/2892#110825829>		"bïkua-okü"@sg	
"mittewoche"@gmh	<https://panlex.org/snapshot/panlex-20191001-csv/2892#110824860>				<https://panlex.org/snapshot/panlex-20191001-csv/2892#110825092>		"bïkua-otâ"@sg	
"sunnuntac"@gmh	<https://panlex.org/snapshot/panlex-20191001-csv/2892#110826843>				<https://panlex.org/snapshot/panlex-20191001-csv/2892#110827030>		"dimâsi"@sg	
"sunnuntac"@gmh	<https://panlex.org/snapshot/panlex-20191001-csv/2892#110826843>				<https://panlex.org/snapshot/panlex-20191001-csv/2892#110826955>		"dimâse"@sg	
"sunnuntac"@gmh	<https://panlex.org/snapshot/panlex-20191001-csv/2892#110826843>				<https://panlex.org/snapshot/panlex-20191001-csv/2892#110826812>		"lâ-yenga"@sg	
"sunnuntac"@gmh	<https://panlex.org/snapshot/panlex-20191001-csv/2892#110826843>				<https://panlex.org/snapshot/panlex-20191001-csv/2892#110826663>		"dumâsi"@sg	
"sunnuntac"@gmh	<https://panlex.org/snapshot/panlex-20191001-csv/2892#110826843>				<https://panlex.org/snapshot/panlex-20191001-csv/2892#110826683>		"yenga"@sg	
"donarstac"@gmh	<https://panlex.org/snapshot/panlex-20191001-csv/2892#110825494>				<https://panlex.org/snapshot/panlex-20191001-csv/2892#110825490>		"bïkua-usyö"@sg	
