"taŋan"@emb	<https://panlex.org/snapshot/panlex-20191001-csv/114#8051730>				<https://panlex.org/snapshot/panlex-20191001-csv/114#8051684>		"alima"@btw	
"lempaŋ"@emb	<https://panlex.org/snapshot/panlex-20191001-csv/114#8055354>				<https://panlex.org/snapshot/panlex-20191001-csv/114#8055319>		"bilik"@btw	
"lempaŋ"@emb	<https://panlex.org/snapshot/panlex-20191001-csv/114#8055354>				<https://panlex.org/snapshot/panlex-20191001-csv/114#8055320>		"liso"@btw	
"arananaŋ"@emb	<https://panlex.org/snapshot/panlex-20191001-csv/114#8055848>				<https://panlex.org/snapshot/panlex-20191001-csv/114#8055815>		"molangoy"@btw	
"até"@emb	<https://panlex.org/snapshot/panlex-20191001-csv/114#8059889>				<https://panlex.org/snapshot/panlex-20191001-csv/114#8059857>		"atay"@btw	
"babaŋ"@emb	<https://panlex.org/snapshot/panlex-20191001-csv/114#8060973>				<https://panlex.org/snapshot/panlex-20191001-csv/114#8060936>		"abaga"@btw	
"parut"@emb	<https://panlex.org/snapshot/panlex-20191001-csv/114#8059416>				<https://panlex.org/snapshot/panlex-20191001-csv/114#8059385>		"tinai"@btw	
"daraʔ"@emb	<https://panlex.org/snapshot/panlex-20191001-csv/114#8062971>				<https://panlex.org/snapshot/panlex-20191001-csv/114#8062934>		"dugo"@btw	
