"danum"@emb	<https://panlex.org/snapshot/panlex-20191001-csv/12#850903>				<https://panlex.org/snapshot/panlex-20191001-csv/12#850998>		"wei"@ksx	
"taŋan"@emb	<https://panlex.org/snapshot/panlex-20191001-csv/114#8051730>				<https://panlex.org/snapshot/panlex-20191001-csv/114#8051830>		"liŋ"@ksx	
"arananaŋ"@emb	<https://panlex.org/snapshot/panlex-20191001-csv/114#8055848>				<https://panlex.org/snapshot/panlex-20191001-csv/114#8055937>		"naŋi"@ksx	
"até"@emb	<https://panlex.org/snapshot/panlex-20191001-csv/114#8059889>				<https://panlex.org/snapshot/panlex-20191001-csv/114#8059976>		"ate-n"@ksx	
"babaŋ"@emb	<https://panlex.org/snapshot/panlex-20191001-csv/114#8060973>				<https://panlex.org/snapshot/panlex-20191001-csv/114#8061048>		"wali"@ksx	
"parut"@emb	<https://panlex.org/snapshot/panlex-20191001-csv/114#8059416>				<https://panlex.org/snapshot/panlex-20191001-csv/114#8059500>		"teintai-n"@ksx	
"daraʔ"@emb	<https://panlex.org/snapshot/panlex-20191001-csv/114#8062971>				<https://panlex.org/snapshot/panlex-20191001-csv/114#8063056>		"weiʔ"@ksx	
"danum"@emb	<https://panlex.org/snapshot/panlex-20191001-csv/11#787543>				<https://panlex.org/snapshot/panlex-20191001-csv/11#787615>		"wei"@ksx	
