"danum"@emb	<https://panlex.org/snapshot/panlex-20191001-csv/12#850903>				<https://panlex.org/snapshot/panlex-20191001-csv/12#851003>		"wálar"@kwh	
"taŋan"@emb	<https://panlex.org/snapshot/panlex-20191001-csv/114#8051730>				<https://panlex.org/snapshot/panlex-20191001-csv/114#8051837>		"nima"@kwh	
"lempaŋ"@emb	<https://panlex.org/snapshot/panlex-20191001-csv/114#8055354>				<https://panlex.org/snapshot/panlex-20191001-csv/114#8055449>		"-faran"@kwh	
"arananaŋ"@emb	<https://panlex.org/snapshot/panlex-20191001-csv/114#8055848>				<https://panlex.org/snapshot/panlex-20191001-csv/114#8055945>		"-lagur"@kwh	
"até"@emb	<https://panlex.org/snapshot/panlex-20191001-csv/114#8059889>				<https://panlex.org/snapshot/panlex-20191001-csv/114#8059983>		"utaʼ"@kwh	
"babaŋ"@emb	<https://panlex.org/snapshot/panlex-20191001-csv/114#8060973>				<https://panlex.org/snapshot/panlex-20191001-csv/114#8061055>		"fafalan"@kwh	
"parut"@emb	<https://panlex.org/snapshot/panlex-20191001-csv/114#8059416>				<https://panlex.org/snapshot/panlex-20191001-csv/114#8059506>		"fitua waras"@kwh	
"daraʔ"@emb	<https://panlex.org/snapshot/panlex-20191001-csv/114#8062971>				<https://panlex.org/snapshot/panlex-20191001-csv/114#8063063>		"rara"@kwh	
