"taŋan"@emb	<https://panlex.org/snapshot/panlex-20191001-csv/114#8051730>				<https://panlex.org/snapshot/panlex-20191001-csv/114#8052120>		"rəŋə-"@tnk	
"lempaŋ"@emb	<https://panlex.org/snapshot/panlex-20191001-csv/114#8055354>				<https://panlex.org/snapshot/panlex-20191001-csv/114#8055695>		"ikou"@tnk	
"lempaŋ"@emb	<https://panlex.org/snapshot/panlex-20191001-csv/114#8055354>				<https://panlex.org/snapshot/panlex-20191001-csv/114#8055696>		"əkakini"@tnk	
"arananaŋ"@emb	<https://panlex.org/snapshot/panlex-20191001-csv/114#8055848>				<https://panlex.org/snapshot/panlex-20191001-csv/114#8056212>		"aiu"@tnk	
"até"@emb	<https://panlex.org/snapshot/panlex-20191001-csv/114#8059889>				<https://panlex.org/snapshot/panlex-20191001-csv/114#8060226>		"nakan|mapwu-"@tnk	
"babaŋ"@emb	<https://panlex.org/snapshot/panlex-20191001-csv/114#8060973>				<https://panlex.org/snapshot/panlex-20191001-csv/114#8061289>		"nura-"@tnk	
"parut"@emb	<https://panlex.org/snapshot/panlex-20191001-csv/114#8059416>				<https://panlex.org/snapshot/panlex-20191001-csv/114#8059738>		"naninha"@tnk	
"daraʔ"@emb	<https://panlex.org/snapshot/panlex-20191001-csv/114#8062971>				<https://panlex.org/snapshot/panlex-20191001-csv/114#8063325>		"neta"@tnk	
"daraʔ"@emb	<https://panlex.org/snapshot/panlex-20191001-csv/114#8062971>				<https://panlex.org/snapshot/panlex-20191001-csv/114#8063326>		"nəte-"@tnk	
