"danum"@emb	<https://panlex.org/snapshot/panlex-20191001-csv/12#850903>				<https://panlex.org/snapshot/panlex-20191001-csv/12#851024>		"we"@lmy	
"taŋan"@emb	<https://panlex.org/snapshot/panlex-20191001-csv/114#8051730>				<https://panlex.org/snapshot/panlex-20191001-csv/114#8051869>		"lima"@lmy	
"lempaŋ"@emb	<https://panlex.org/snapshot/panlex-20191001-csv/114#8055354>				<https://panlex.org/snapshot/panlex-20191001-csv/114#8055473>		"hekora"@lmy	
"arananaŋ"@emb	<https://panlex.org/snapshot/panlex-20191001-csv/114#8055848>				<https://panlex.org/snapshot/panlex-20191001-csv/114#8055970>		"nang"@lmy	
"arananaŋ"@emb	<https://panlex.org/snapshot/panlex-20191001-csv/114#8055848>				<https://panlex.org/snapshot/panlex-20191001-csv/114#8055971>		"nangi"@lmy	
"até"@emb	<https://panlex.org/snapshot/panlex-20191001-csv/114#8059889>				<https://panlex.org/snapshot/panlex-20191001-csv/114#8060008>		"ate"@lmy	
"babaŋ"@emb	<https://panlex.org/snapshot/panlex-20191001-csv/114#8060973>				<https://panlex.org/snapshot/panlex-20191001-csv/114#8061077>		"bhale"@lmy	
"parut"@emb	<https://panlex.org/snapshot/panlex-20191001-csv/114#8059416>				<https://panlex.org/snapshot/panlex-20191001-csv/114#8059532>		"tanai"@lmy	
"daraʔ"@emb	<https://panlex.org/snapshot/panlex-20191001-csv/114#8062971>				<https://panlex.org/snapshot/panlex-20191001-csv/114#8063087>		"ra"@lmy	
