"сывхыд"@rut	<https://panlex.org/snapshot/panlex-20191001-csv/1573#50086256>				<https://panlex.org/snapshot/panlex-20191001-csv/1573#50086178>		"лъасиш"@gin	
"чул"@rut	<https://panlex.org/snapshot/panlex-20191001-csv/1573#50084395>				<https://panlex.org/snapshot/panlex-20191001-csv/1573#50084246>		"майдан"@gin	
"кан-кан"@rut	<https://panlex.org/snapshot/panlex-20191001-csv/1573#50085578>				<https://panlex.org/snapshot/panlex-20191001-csv/1573#50085468>		"нохъо"@gin	
"кан-кан"@rut	<https://panlex.org/snapshot/panlex-20191001-csv/1573#50085578>				<https://panlex.org/snapshot/panlex-20191001-csv/1573#50085469>		"хъод"@gin	
"вах"@rut	<https://panlex.org/snapshot/panlex-20191001-csv/1573#50088523>				<https://panlex.org/snapshot/panlex-20191001-csv/1573#50088332>		"маду"@gin	
"вах"@rut	<https://panlex.org/snapshot/panlex-20191001-csv/1573#50088523>				<https://panlex.org/snapshot/panlex-20191001-csv/1573#50088331>		"иху"@gin	
"къирах"@rut	<https://panlex.org/snapshot/panlex-20191001-csv/1573#50085306>				<https://panlex.org/snapshot/panlex-20191001-csv/1573#50085164>		"рагІал"@gin	
"къирах"@rut	<https://panlex.org/snapshot/panlex-20191001-csv/1573#50085306>				<https://panlex.org/snapshot/panlex-20191001-csv/1573#50085163>		"ихиш"@gin	
"уьр"@rut	<https://panlex.org/snapshot/panlex-20191001-csv/1573#50087044>				<https://panlex.org/snapshot/panlex-20191001-csv/1573#50086948>		"гІалазан"@gin	
"ус"@rut	<https://panlex.org/snapshot/panlex-20191001-csv/1573#50090376>				<https://panlex.org/snapshot/panlex-20191001-csv/1573#50090270>		"чехъ"@gin	
"лепе"@rut	<https://panlex.org/snapshot/panlex-20191001-csv/1573#50087801>				<https://panlex.org/snapshot/panlex-20191001-csv/1573#50087697>		"карачел"@gin	
"хьидид йыкьаІ аднакьв"@rut	<https://panlex.org/snapshot/panlex-20191001-csv/1573#50084853>				<https://panlex.org/snapshot/panlex-20191001-csv/1573#50084759>		"чІинкІиллъи"@gin	
"чІир"@rut	<https://panlex.org/snapshot/panlex-20191001-csv/1573#50082524>				<https://panlex.org/snapshot/panlex-20191001-csv/1573#50082378>		"ракь"@gin	
"дайрагь лывырхын"@rut	<https://panlex.org/snapshot/panlex-20191001-csv/1573#50086428>				<https://panlex.org/snapshot/panlex-20191001-csv/1573#50086360>		"гьалагаб"@gin	
"дуьнйа"@rut	<https://panlex.org/snapshot/panlex-20191001-csv/1573#50081880>				<https://panlex.org/snapshot/panlex-20191001-csv/1573#50081780>		"дунйал"@gin	
"дагьар"@rut	<https://panlex.org/snapshot/panlex-20191001-csv/1573#50090754>				<https://panlex.org/snapshot/panlex-20191001-csv/1573#50090578>		"гамачІ"@gin	
"дагьар"@rut	<https://panlex.org/snapshot/panlex-20191001-csv/1573#50090754>				<https://panlex.org/snapshot/panlex-20191001-csv/1573#50090579>		"лъад"@gin	
"дуьзен"@rut	<https://panlex.org/snapshot/panlex-20191001-csv/1573#50084394>				<https://panlex.org/snapshot/panlex-20191001-csv/1573#50084246>		"майдан"@gin	
"палчикь"@rut	<https://panlex.org/snapshot/panlex-20191001-csv/1573#50083104>				<https://panlex.org/snapshot/panlex-20191001-csv/1573#50082971>		"ату"@gin	
"накьв"@rut	<https://panlex.org/snapshot/panlex-20191001-csv/1573#50082523>				<https://panlex.org/snapshot/panlex-20191001-csv/1573#50082378>		"ракь"@gin	
"накьв"@rut	<https://panlex.org/snapshot/panlex-20191001-csv/1573#50082196>				<https://panlex.org/snapshot/panlex-20191001-csv/1573#50082054>		"пачалихъ"@gin	
"накьв"@rut	<https://panlex.org/snapshot/panlex-20191001-csv/1573#50082196>				<https://panlex.org/snapshot/panlex-20191001-csv/1573#50082055>		"хІукумат"@gin	
"бугъаІл"@rut	<https://panlex.org/snapshot/panlex-20191001-csv/1573#50088766>				<https://panlex.org/snapshot/panlex-20191001-csv/1573#50088695>		"сотІирута"@gin	
"мири"@rut	<https://panlex.org/snapshot/panlex-20191001-csv/1573#50088524>				<https://panlex.org/snapshot/panlex-20191001-csv/1573#50088332>		"маду"@gin	
"мири"@rut	<https://panlex.org/snapshot/panlex-20191001-csv/1573#50088524>				<https://panlex.org/snapshot/panlex-20191001-csv/1573#50088331>		"иху"@gin	
"хьед"@rut	<https://panlex.org/snapshot/panlex-20191001-csv/1573#50085824>				<https://panlex.org/snapshot/panlex-20191001-csv/1573#50085716>		"лъе"@gin	
"сецІ"@rut	<https://panlex.org/snapshot/panlex-20191001-csv/1573#50083352>				<https://panlex.org/snapshot/panlex-20191001-csv/1573#50083243>		"сали"@gin	
"дам"@rut	<https://panlex.org/snapshot/panlex-20191001-csv/1573#50089854>				<https://panlex.org/snapshot/panlex-20191001-csv/1573#50089726>		"чехъ"@gin	
"лыкьын сипІин"@rut	<https://panlex.org/snapshot/panlex-20191001-csv/1573#50090988>				<https://panlex.org/snapshot/panlex-20191001-csv/1573#50090915>		"ракь лахлІеслъи"@gin	
"туз"@rut	<https://panlex.org/snapshot/panlex-20191001-csv/1573#50082806>				<https://panlex.org/snapshot/panlex-20191001-csv/1573#50082684>		"гебу"@gin	
"маІгаІлихьде"@rut	<https://panlex.org/snapshot/panlex-20191001-csv/1573#50089594>				<https://panlex.org/snapshot/panlex-20191001-csv/1573#50089519>		"чок"@gin	
"былах"@rut	<https://panlex.org/snapshot/panlex-20191001-csv/1573#50089115>				<https://panlex.org/snapshot/panlex-20191001-csv/1573#50088952>		"кик"@gin	
"кьырыш"@rut	<https://panlex.org/snapshot/panlex-20191001-csv/1573#50089387>				<https://panlex.org/snapshot/panlex-20191001-csv/1573#50089279>		"мозо"@gin	
"къас"@rut	<https://panlex.org/snapshot/panlex-20191001-csv/1573#50084058>				<https://panlex.org/snapshot/panlex-20191001-csv/1573#50083946>		"лъад"@gin	
"хурт"@rut	<https://panlex.org/snapshot/panlex-20191001-csv/1573#50086626>				<https://panlex.org/snapshot/panlex-20191001-csv/1573#50086538>		"муж"@gin	
"лар"@rut	<https://panlex.org/snapshot/panlex-20191001-csv/1573#50083103>				<https://panlex.org/snapshot/panlex-20191001-csv/1573#50082971>		"ату"@gin	
"дайрагь"@rut	<https://panlex.org/snapshot/panlex-20191001-csv/1573#50086062>				<https://panlex.org/snapshot/panlex-20191001-csv/1573#50085966>		"ралъад"@gin	
"хаІл"@rut	<https://panlex.org/snapshot/panlex-20191001-csv/1573#50091219>				<https://panlex.org/snapshot/panlex-20191001-csv/1573#50091123>		"ас"@gin	
"руг"@rut	<https://panlex.org/snapshot/panlex-20191001-csv/1573#50082805>				<https://panlex.org/snapshot/panlex-20191001-csv/1573#50082684>		"гебу"@gin	
"хьед ад къуй"@rut	<https://panlex.org/snapshot/panlex-20191001-csv/1573#50089116>				<https://panlex.org/snapshot/panlex-20191001-csv/1573#50088952>		"кик"@gin	
"кьул"@rut	<https://panlex.org/snapshot/panlex-20191001-csv/1573#50084059>				<https://panlex.org/snapshot/panlex-20191001-csv/1573#50083946>		"лъад"@gin	
"дере"@rut	<https://panlex.org/snapshot/panlex-20191001-csv/1573#50084642>				<https://panlex.org/snapshot/panlex-20191001-csv/1573#50084547>		"авлахъ"@gin	
"гивхьид"@rut	<https://panlex.org/snapshot/panlex-20191001-csv/1573#50086255>				<https://panlex.org/snapshot/panlex-20191001-csv/1573#50086178>		"лъасиш"@gin	
"виригъ"@rut	<https://panlex.org/snapshot/panlex-20191001-csv/1573#50091475>				<https://panlex.org/snapshot/panlex-20191001-csv/1573#50091373>		"бухъ"@gin	
"гьуІкйумет"@rut	<https://panlex.org/snapshot/panlex-20191001-csv/1573#50082195>				<https://panlex.org/snapshot/panlex-20191001-csv/1573#50082054>		"пачалихъ"@gin	
"гьуІкйумет"@rut	<https://panlex.org/snapshot/panlex-20191001-csv/1573#50082195>				<https://panlex.org/snapshot/panlex-20191001-csv/1573#50082055>		"хІукумат"@gin	
"бан"@rut	<https://panlex.org/snapshot/panlex-20191001-csv/1573#50083725>				<https://panlex.org/snapshot/panlex-20191001-csv/1573#50083560>		"хвин"@gin	
"хук"@rut	<https://panlex.org/snapshot/panlex-20191001-csv/1573#50090377>				<https://panlex.org/snapshot/panlex-20191001-csv/1573#50090270>		"чехъ"@gin	
"хук"@rut	<https://panlex.org/snapshot/panlex-20191001-csv/1573#50090123>				<https://panlex.org/snapshot/panlex-20191001-csv/1573#50090020>		"аже"@gin	
"къала"@rut	<https://panlex.org/snapshot/panlex-20191001-csv/1573#50084057>				<https://panlex.org/snapshot/panlex-20191001-csv/1573#50083946>		"лъад"@gin	
"дуьнйаьдид сур"@rut	<https://panlex.org/snapshot/panlex-20191001-csv/1573#50085021>				<https://panlex.org/snapshot/panlex-20191001-csv/1573#50084957>		"дуллан"@gin	
"духул"@rut	<https://panlex.org/snapshot/panlex-20191001-csv/1573#50090755>				<https://panlex.org/snapshot/panlex-20191001-csv/1573#50090578>		"гамачІ"@gin	
"духул"@rut	<https://panlex.org/snapshot/panlex-20191001-csv/1573#50090755>				<https://panlex.org/snapshot/panlex-20191001-csv/1573#50090579>		"лъад"@gin	
"къирахбыр"@rut	<https://panlex.org/snapshot/panlex-20191001-csv/1573#50085307>				<https://panlex.org/snapshot/panlex-20191001-csv/1573#50085164>		"рагІал"@gin	
"къирахбыр"@rut	<https://panlex.org/snapshot/panlex-20191001-csv/1573#50085307>				<https://panlex.org/snapshot/panlex-20191001-csv/1573#50085163>		"ихиш"@gin	
"дангыз"@rut	<https://panlex.org/snapshot/panlex-20191001-csv/1573#50086814>				<https://panlex.org/snapshot/panlex-20191001-csv/1573#50086745>		"ралъад"@gin	
"базар"@rut	<https://panlex.org/snapshot/panlex-20191001-csv/2892#110826892>				<https://panlex.org/snapshot/panlex-20191001-csv/2892#110826882>		"гьатӏан"@gin	
"сифтин"@rut	<https://panlex.org/snapshot/panlex-20191001-csv/2892#110826324>				<https://panlex.org/snapshot/panlex-20191001-csv/2892#110826327>		"шамат"@gin	
"улджумад наӏх"@rut	<https://panlex.org/snapshot/panlex-20191001-csv/2892#110825392>				<https://panlex.org/snapshot/panlex-20191001-csv/2892#110825600>		"хамиз"@gin	
"киш"@rut	<https://panlex.org/snapshot/panlex-20191001-csv/2892#110824315>				<https://panlex.org/snapshot/panlex-20191001-csv/2892#110824346>		"итни"@gin	
"вахадный"@rut	<https://panlex.org/snapshot/panlex-20191001-csv/2892#110826994>				<https://panlex.org/snapshot/panlex-20191001-csv/2892#110826882>		"гьатӏан"@gin	
"саласа"@rut	<https://panlex.org/snapshot/panlex-20191001-csv/2892#110824444>				<https://panlex.org/snapshot/panlex-20191001-csv/2892#110824564>		"талат"@gin	
"улджумад йыгъ"@rut	<https://panlex.org/snapshot/panlex-20191001-csv/2892#110825725>				<https://panlex.org/snapshot/panlex-20191001-csv/2892#110825881>		"рузман"@gin	
"гьаӏрба"@rut	<https://panlex.org/snapshot/panlex-20191001-csv/2892#110824921>				<https://panlex.org/snapshot/panlex-20191001-csv/2892#110825181>		"арбагӏ"@gin	
