"riuk"@lmr	<https://panlex.org/snapshot/panlex-20191001-csv/114#8059041>				<https://panlex.org/snapshot/panlex-20191001-csv/114#8059025>		"si"@lbv	
"ərã nãi"@lmr	<https://panlex.org/snapshot/panlex-20191001-csv/114#8065763>				<https://panlex.org/snapshot/panlex-20191001-csv/114#8065749>		"mamas"@lbv	
"tue"@lmr	<https://panlex.org/snapshot/panlex-20191001-csv/114#8055472>				<https://panlex.org/snapshot/panlex-20191001-csv/114#8055457>		"sapuk"@lbv	
"kəruit"@lmr	<https://panlex.org/snapshot/panlex-20191001-csv/114#8062596>				<https://panlex.org/snapshot/panlex-20191001-csv/114#8062582>		"maraat"@lbv	
"larã"@lmr	<https://panlex.org/snapshot/panlex-20191001-csv/114#8054472>				<https://panlex.org/snapshot/panlex-20191001-csv/114#8054455>		"ŋisu"@lbv	
"larã"@lmr	<https://panlex.org/snapshot/panlex-20191001-csv/114#8054472>				<https://panlex.org/snapshot/panlex-20191001-csv/114#8054454>		"ŋas"@lbv	
"maŋe"@lmr	<https://panlex.org/snapshot/panlex-20191001-csv/114#8055969>				<https://panlex.org/snapshot/panlex-20191001-csv/114#8055953>		"kagɪs"@lbv	
"milã"@lmr	<https://panlex.org/snapshot/panlex-20191001-csv/114#8056496>				<https://panlex.org/snapshot/panlex-20191001-csv/114#8056479>		"bira"@lbv	
"milã"@lmr	<https://panlex.org/snapshot/panlex-20191001-csv/114#8056496>				<https://panlex.org/snapshot/panlex-20191001-csv/114#8056478>		"benan"@lbv	
"petã"@lmr	<https://panlex.org/snapshot/panlex-20191001-csv/114#8062104>				<https://panlex.org/snapshot/panlex-20191001-csv/114#8062088>		"ndogondogoma"@lbv	
"geka"@lmr	<https://panlex.org/snapshot/panlex-20191001-csv/114#8068353>				<https://panlex.org/snapshot/panlex-20191001-csv/114#8068338>		"noŋon"@lbv	
