"riuk"@lmr	<https://panlex.org/snapshot/panlex-20191001-csv/114#8059041>				<https://panlex.org/snapshot/panlex-20191001-csv/114#8059092>		"lisi teren"@mmx	
"ərã nãi"@lmr	<https://panlex.org/snapshot/panlex-20191001-csv/114#8065763>				<https://panlex.org/snapshot/panlex-20191001-csv/114#8065797>		"i e mas"@mmx	
"tue"@lmr	<https://panlex.org/snapshot/panlex-20191001-csv/114#8055472>				<https://panlex.org/snapshot/panlex-20191001-csv/114#8055517>		"it kis tepukus"@mmx	
"kəruit"@lmr	<https://panlex.org/snapshot/panlex-20191001-csv/114#8062596>				<https://panlex.org/snapshot/panlex-20191001-csv/114#8062645>		"lamdak i marat"@mmx	
"larã"@lmr	<https://panlex.org/snapshot/panlex-20191001-csv/114#8054472>				<https://panlex.org/snapshot/panlex-20191001-csv/114#8054515>		"laga"@mmx	
"maŋe"@lmr	<https://panlex.org/snapshot/panlex-20191001-csv/114#8055969>				<https://panlex.org/snapshot/panlex-20191001-csv/114#8056023>		"i susu"@mmx	
"milã"@lmr	<https://panlex.org/snapshot/panlex-20191001-csv/114#8056496>				<https://panlex.org/snapshot/panlex-20191001-csv/114#8056536>		"i bilinga"@mmx	
"kotãte"@lmr	<https://panlex.org/snapshot/panlex-20191001-csv/114#8063633>				<https://panlex.org/snapshot/panlex-20191001-csv/114#8063681>		"lavat lak teren"@mmx	
"fuli"@lmr	<https://panlex.org/snapshot/panlex-20191001-csv/114#8064176>				<https://panlex.org/snapshot/panlex-20191001-csv/114#8064224>		"laǥa ka teren"@mmx	
"geka"@lmr	<https://panlex.org/snapshot/panlex-20191001-csv/114#8068353>				<https://panlex.org/snapshot/panlex-20191001-csv/114#8068402>		"i e nongon"@mmx	
