"riuk"@lmr	<https://panlex.org/snapshot/panlex-20191001-csv/114#8059041>				<https://panlex.org/snapshot/panlex-20191001-csv/114#8058957>		"rui"@hvn	
"ərã nãi"@lmr	<https://panlex.org/snapshot/panlex-20191001-csv/114#8065763>				<https://panlex.org/snapshot/panlex-20191001-csv/114#8065690>		"heŋa"@hvn	
"tue"@lmr	<https://panlex.org/snapshot/panlex-20191001-csv/114#8055472>				<https://panlex.org/snapshot/panlex-20191001-csv/114#8055386>		"ta-pote"@hvn	
"tue"@lmr	<https://panlex.org/snapshot/panlex-20191001-csv/114#8055472>				<https://panlex.org/snapshot/panlex-20191001-csv/114#8055387>		"ɓeli"@hvn	
"kəruit"@lmr	<https://panlex.org/snapshot/panlex-20191001-csv/114#8062596>				<https://panlex.org/snapshot/panlex-20191001-csv/114#8062500>		"medaʔu"@hvn	
"kəruit"@lmr	<https://panlex.org/snapshot/panlex-20191001-csv/114#8062596>				<https://panlex.org/snapshot/panlex-20191001-csv/114#8062501>		"tseeo"@hvn	
"larã"@lmr	<https://panlex.org/snapshot/panlex-20191001-csv/114#8054472>				<https://panlex.org/snapshot/panlex-20191001-csv/114#8054399>		"ru| ĵara"@hvn	
"maŋe"@lmr	<https://panlex.org/snapshot/panlex-20191001-csv/114#8055969>				<https://panlex.org/snapshot/panlex-20191001-csv/114#8055883>		"ta-naŋi"@hvn	
"milã"@lmr	<https://panlex.org/snapshot/panlex-20191001-csv/114#8056496>				<https://panlex.org/snapshot/panlex-20191001-csv/114#8056404>		"raʔi"@hvn	
"kotãte"@lmr	<https://panlex.org/snapshot/panlex-20191001-csv/114#8063633>				<https://panlex.org/snapshot/panlex-20191001-csv/114#8063543>		"catoo"@hvn	
"kotãte"@lmr	<https://panlex.org/snapshot/panlex-20191001-csv/114#8063633>				<https://panlex.org/snapshot/panlex-20191001-csv/114#8063544>		"katu"@hvn	
"fuli"@lmr	<https://panlex.org/snapshot/panlex-20191001-csv/114#8064176>				<https://panlex.org/snapshot/panlex-20191001-csv/114#8064088>		"lacòco"@hvn	
"fuli"@lmr	<https://panlex.org/snapshot/panlex-20191001-csv/114#8064176>				<https://panlex.org/snapshot/panlex-20191001-csv/114#8064087>		"lacoco"@hvn	
"fuli"@lmr	<https://panlex.org/snapshot/panlex-20191001-csv/114#8064176>				<https://panlex.org/snapshot/panlex-20191001-csv/114#8064089>		"lakoko"@hvn	
"petã"@lmr	<https://panlex.org/snapshot/panlex-20191001-csv/114#8062104>				<https://panlex.org/snapshot/panlex-20191001-csv/114#8062029>		"peŋé"@hvn	
"petã"@lmr	<https://panlex.org/snapshot/panlex-20191001-csv/114#8062104>				<https://panlex.org/snapshot/panlex-20191001-csv/114#8062028>		"owé"@hvn	
"geka"@lmr	<https://panlex.org/snapshot/panlex-20191001-csv/114#8068353>				<https://panlex.org/snapshot/panlex-20191001-csv/114#8068263>		"ɗole"@hvn	
"geka"@lmr	<https://panlex.org/snapshot/panlex-20191001-csv/114#8068353>				<https://panlex.org/snapshot/panlex-20191001-csv/114#8068262>		"ta-mari"@hvn	
