"ইতালি"@bn	<https://panlex.org/snapshot/panlex-20191001-csv/6898#113587979>				<https://panlex.org/snapshot/panlex-20191001-csv/6898#113587974>		"Italy"@gaz	
"জাপান"@bn	<https://panlex.org/snapshot/panlex-20191001-csv/6898#113634939>				<https://panlex.org/snapshot/panlex-20191001-csv/6898#113634850>		"Japan"@gaz	
"ইফিওপিয়া"@bn	<https://panlex.org/snapshot/panlex-20191001-csv/6898#113615603>				<https://panlex.org/snapshot/panlex-20191001-csv/6898#113615736>		"Itoophiyaa"@gaz	
"কেনিয়া"@bn	<https://panlex.org/snapshot/panlex-20191001-csv/6898#113594043>				<https://panlex.org/snapshot/panlex-20191001-csv/6898#113593922>		"Keeniyaa"@gaz	
"ইউ কে"@bn	<https://panlex.org/snapshot/panlex-20191001-csv/6898#113592543>				<https://panlex.org/snapshot/panlex-20191001-csv/6898#113592615>		"United Kingdom"@gaz	
"পোলিশ"@bn	<https://panlex.org/snapshot/panlex-20191001-csv/400#13358441>				<https://panlex.org/snapshot/panlex-20191001-csv/400#13358500>		"Afaan Polandii"@gaz	
"ভিয়েতনামী"@bn	<https://panlex.org/snapshot/panlex-20191001-csv/400#13364747>				<https://panlex.org/snapshot/panlex-20191001-csv/400#13364806>		"Afaan Veetinam"@gaz	
"সুইডিশ"@bn	<https://panlex.org/snapshot/panlex-20191001-csv/400#13362154>				<https://panlex.org/snapshot/panlex-20191001-csv/400#13362212>		"Afaan Suwidiin"@gaz	
"বসনীয়"@bn	<https://panlex.org/snapshot/panlex-20191001-csv/400#13343356>				<https://panlex.org/snapshot/panlex-20191001-csv/400#13343412>		"Afaan Bosniyaa"@gaz	
"ম্যাসেডোনীয"@bn	<https://panlex.org/snapshot/panlex-20191001-csv/400#13355018>				<https://panlex.org/snapshot/panlex-20191001-csv/400#13355077>		"Afaan Macedooniyaa"@gaz	
"জর্জিয়ান"@bn	<https://panlex.org/snapshot/panlex-20191001-csv/400#13351633>				<https://panlex.org/snapshot/panlex-20191001-csv/400#13351693>		"Afaan Georgian"@gaz	
"জোসা"@bn	<https://panlex.org/snapshot/panlex-20191001-csv/400#13365219>				<https://panlex.org/snapshot/panlex-20191001-csv/400#13365275>		"Afaan Xhosa"@gaz	
"নরওয়েজীয়"@bn	<https://panlex.org/snapshot/panlex-20191001-csv/400#13356975>				<https://panlex.org/snapshot/panlex-20191001-csv/400#13357034>		"Afaan Norweyii"@gaz	
"লিথুয়েনীয"@bn	<https://panlex.org/snapshot/panlex-20191001-csv/400#13353969>				<https://panlex.org/snapshot/panlex-20191001-csv/400#13354027>		"Afaan Liituniyaa"@gaz	
"অক্সিটান"@bn	<https://panlex.org/snapshot/panlex-20191001-csv/400#13357546>				<https://panlex.org/snapshot/panlex-20191001-csv/400#13357605>		"Afaan Occit"@gaz	
"ফার্সি"@bn	<https://panlex.org/snapshot/panlex-20191001-csv/400#13347134>				<https://panlex.org/snapshot/panlex-20191001-csv/400#13347194>		"Afaan Persia"@gaz	
"সিংহলী"@bn	<https://panlex.org/snapshot/panlex-20191001-csv/400#13360595>				<https://panlex.org/snapshot/panlex-20191001-csv/400#13360655>		"Afaan Sinhalese"@gaz	
"তুর্কী"@bn	<https://panlex.org/snapshot/panlex-20191001-csv/400#13363576>				<https://panlex.org/snapshot/panlex-20191001-csv/400#13363633>		"Afaan Turkii"@gaz	
"আইবেরিয়ান পর্তুগিজ"@bn	<https://panlex.org/snapshot/panlex-20191001-csv/400#13358928>				<https://panlex.org/snapshot/panlex-20191001-csv/400#13358966>		"Afaan Protuguese"@gaz	
"ইতালীয়"@bn	<https://panlex.org/snapshot/panlex-20191001-csv/400#13351149>				<https://panlex.org/snapshot/panlex-20191001-csv/400#13351212>		"Afaan Xaaliyaani"@gaz	
"বাস্ক"@bn	<https://panlex.org/snapshot/panlex-20191001-csv/400#13347005>				<https://panlex.org/snapshot/panlex-20191001-csv/400#13347062>		"Afaan Baskuu"@gaz	
"ফিলিপিনো"@bn	<https://panlex.org/snapshot/panlex-20191001-csv/400#13347447>				<https://panlex.org/snapshot/panlex-20191001-csv/400#13347502>		"Afaan Filippinii"@gaz	
"মারাঠি"@bn	<https://panlex.org/snapshot/panlex-20191001-csv/400#13355577>				<https://panlex.org/snapshot/panlex-20191001-csv/400#13355636>		"Afaan Maratii"@gaz	
"হিব্রু"@bn	<https://panlex.org/snapshot/panlex-20191001-csv/400#13349480>				<https://panlex.org/snapshot/panlex-20191001-csv/400#13349541>		"Afaan Hebrew"@gaz	
"আলবেনীয়"@bn	<https://panlex.org/snapshot/panlex-20191001-csv/400#13361518>				<https://panlex.org/snapshot/panlex-20191001-csv/400#13361578>		"Afaan Albaniyaa"@gaz	
"বুলগেরিয়"@bn	<https://panlex.org/snapshot/panlex-20191001-csv/400#13342610>				<https://panlex.org/snapshot/panlex-20191001-csv/400#13342669>		"Afaan Bulgariya"@gaz	
"থাই"@bn	<https://panlex.org/snapshot/panlex-20191001-csv/400#13362804>				<https://panlex.org/snapshot/panlex-20191001-csv/400#13362863>		"Afaan Tayii"@gaz	
"ডাচ"@bn	<https://panlex.org/snapshot/panlex-20191001-csv/400#13356746>				<https://panlex.org/snapshot/panlex-20191001-csv/400#13356808>		"Afaan Dachii"@gaz	
"মালেয়ালাম"@bn	<https://panlex.org/snapshot/panlex-20191001-csv/400#13355152>				<https://panlex.org/snapshot/panlex-20191001-csv/400#13355211>		"Malayaalamiffaa"@gaz	
"ফরাসি"@bn	<https://panlex.org/snapshot/panlex-20191001-csv/400#13347767>				<https://panlex.org/snapshot/panlex-20191001-csv/400#13347828>		"Afaan Faransaayii"@gaz	
"নরওয়েজীয় (নিনর্স্ক)"@bn	<https://panlex.org/snapshot/panlex-20191001-csv/400#13356893>				<https://panlex.org/snapshot/panlex-20191001-csv/400#13356944>		"Afaan Norwegian"@gaz	
"আইরিশ"@bn	<https://panlex.org/snapshot/panlex-20191001-csv/400#13348237>				<https://panlex.org/snapshot/panlex-20191001-csv/400#13348299>		"Afaan Ayirishii"@gaz	
"ক্রোয়েশীয়"@bn	<https://panlex.org/snapshot/panlex-20191001-csv/400#13349865>				<https://panlex.org/snapshot/panlex-20191001-csv/400#13349925>		"Afaan Croatian"@gaz	
"গুয়ারানি"@bn	<https://panlex.org/snapshot/panlex-20191001-csv/400#13348801>				<https://panlex.org/snapshot/panlex-20191001-csv/400#13348856>		"Afaan Guarani"@gaz	
"ইন্দোনেশীয়"@bn	<https://panlex.org/snapshot/panlex-20191001-csv/400#13350427>				<https://panlex.org/snapshot/panlex-20191001-csv/400#13350488>		"Afaan Indoneziya"@gaz	
"গুজরাটি"@bn	<https://panlex.org/snapshot/panlex-20191001-csv/400#13349178>				<https://panlex.org/snapshot/panlex-20191001-csv/400#13349236>		"Afaan Gujarati"@gaz	
"জাভানি"@bn	<https://panlex.org/snapshot/panlex-20191001-csv/400#13351537>				<https://panlex.org/snapshot/panlex-20191001-csv/400#13351595>		"Afaan Java"@gaz	
"বেলারুশিয়"@bn	<https://panlex.org/snapshot/panlex-20191001-csv/400#13342399>				<https://panlex.org/snapshot/panlex-20191001-csv/400#13342458>		"Afaan Belarusia"@gaz	
"পশ্চিম ফ্রিসিয়"@bn	<https://panlex.org/snapshot/panlex-20191001-csv/400#13348142>				<https://panlex.org/snapshot/panlex-20191001-csv/400#13348199>		"Afaan Firisiyaani"@gaz	
"মালে"@bn	<https://panlex.org/snapshot/panlex-20191001-csv/400#13355673>				<https://panlex.org/snapshot/panlex-20191001-csv/400#13355732>		"Malaayiffaa"@gaz	
"গ্যালিশিয়"@bn	<https://panlex.org/snapshot/panlex-20191001-csv/400#13348667>				<https://panlex.org/snapshot/panlex-20191001-csv/400#13348724>		"Afaan Galishii"@gaz	
"আইসল্যান্ডীয়"@bn	<https://panlex.org/snapshot/panlex-20191001-csv/400#13351046>				<https://panlex.org/snapshot/panlex-20191001-csv/400#13351106>		"Ayiislandiffaa"@gaz	
"জুলু"@bn	<https://panlex.org/snapshot/panlex-20191001-csv/400#13365947>				<https://panlex.org/snapshot/panlex-20191001-csv/400#13366005>		"Afaan Zuulu"@gaz	
"উজবেকীয়"@bn	<https://panlex.org/snapshot/panlex-20191001-csv/400#13364579>				<https://panlex.org/snapshot/panlex-20191001-csv/400#13364637>		"Afaan Uzbek"@gaz	
"হিন্দি"@bn	<https://panlex.org/snapshot/panlex-20191001-csv/400#13349582>				<https://panlex.org/snapshot/panlex-20191001-csv/400#13349643>		"Afaan Hindii"@gaz	
"রুশ"@bn	<https://panlex.org/snapshot/panlex-20191001-csv/400#13359474>				<https://panlex.org/snapshot/panlex-20191001-csv/400#13359534>		"Afaan Rushiyaa"@gaz	
"ব্রাজিলীয় পর্তুগীজ"@bn	<https://panlex.org/snapshot/panlex-20191001-csv/400#13358857>				<https://panlex.org/snapshot/panlex-20191001-csv/400#13358900>		"Afaan Portugali (Braazil)"@gaz	
"ইংরেজি"@bn	<https://panlex.org/snapshot/panlex-20191001-csv/400#13346277>				<https://panlex.org/snapshot/panlex-20191001-csv/400#13346340>		"Ingliffa"@gaz	
"ফিনিশ"@bn	<https://panlex.org/snapshot/panlex-20191001-csv/400#13347344>				<https://panlex.org/snapshot/panlex-20191001-csv/400#13347403>		"Afaan Fiilaandi"@gaz	
"ডেনিশ"@bn	<https://panlex.org/snapshot/panlex-20191001-csv/400#13345118>				<https://panlex.org/snapshot/panlex-20191001-csv/400#13345179>		"Afaan Deenmaark"@gaz	
"কোরিয়ান"@bn	<https://panlex.org/snapshot/panlex-20191001-csv/400#13352605>				<https://panlex.org/snapshot/panlex-20191001-csv/400#13352666>		"Afaan Korea"@gaz	
"আফ্রিকান্স"@bn	<https://panlex.org/snapshot/panlex-20191001-csv/400#13340680>				<https://panlex.org/snapshot/panlex-20191001-csv/400#13340738>		"Afrikoota"@gaz	
"হাঙ্গেরীয়"@bn	<https://panlex.org/snapshot/panlex-20191001-csv/400#13350040>				<https://panlex.org/snapshot/panlex-20191001-csv/400#13350099>		"Afaan Hangaari"@gaz	
"জাপানি"@bn	<https://panlex.org/snapshot/panlex-20191001-csv/400#13351311>				<https://panlex.org/snapshot/panlex-20191001-csv/400#13351373>		"Afaan Japanii"@gaz	
"অরোমো"@bn	<https://panlex.org/snapshot/panlex-20191001-csv/400#13357675>				<https://panlex.org/snapshot/panlex-20191001-csv/400#13357705>		"Oromoo"@gaz	
"ইন্টারলিঙ্গুয়া"@bn	<https://panlex.org/snapshot/panlex-20191001-csv/400#13350299>				<https://panlex.org/snapshot/panlex-20191001-csv/400#13350356>		"Interlingua"@gaz	
"স্লোভেনীয়"@bn	<https://panlex.org/snapshot/panlex-20191001-csv/400#13360902>				<https://panlex.org/snapshot/panlex-20191001-csv/400#13360961>		"Afaan Islovaniyaa"@gaz	
"আজারবাইজানীয়"@bn	<https://panlex.org/snapshot/panlex-20191001-csv/400#13342022>				<https://panlex.org/snapshot/panlex-20191001-csv/400#13342080>		"Afaan Azerbaijani"@gaz	
"চীনা"@bn	<https://panlex.org/snapshot/panlex-20191001-csv/400#13365700>				<https://panlex.org/snapshot/panlex-20191001-csv/400#13365752>		"Chinese"@gaz	
"ফেরাউনি"@bn	<https://panlex.org/snapshot/panlex-20191001-csv/400#13347637>				<https://panlex.org/snapshot/panlex-20191001-csv/400#13347693>		"Afaan Faroese"@gaz	
"তামিল"@bn	<https://panlex.org/snapshot/panlex-20191001-csv/400#13362415>				<https://panlex.org/snapshot/panlex-20191001-csv/400#13362474>		"Afaan Tamilii"@gaz	
"আমহারিক"@bn	<https://panlex.org/snapshot/panlex-20191001-csv/400#13341096>				<https://panlex.org/snapshot/panlex-20191001-csv/400#13341151>		"Afaan Sidaamaa"@gaz	
"বিহারি"@bn	<https://panlex.org/snapshot/panlex-20191001-csv/400#13342707>				<https://panlex.org/snapshot/panlex-20191001-csv/400#13342765>		"Afaan Bihari"@gaz	
"স্পেনীয়"@bn	<https://panlex.org/snapshot/panlex-20191001-csv/400#13346713>				<https://panlex.org/snapshot/panlex-20191001-csv/400#13346775>		"Afaan Ispeen"@gaz	
"গ্রিক"@bn	<https://panlex.org/snapshot/panlex-20191001-csv/400#13346135>				<https://panlex.org/snapshot/panlex-20191001-csv/400#13346197>		"Afaan Giriiki"@gaz	
"মল্টিয়"@bn	<https://panlex.org/snapshot/panlex-20191001-csv/400#13355769>				<https://panlex.org/snapshot/panlex-20191001-csv/400#13355826>		"Afaan Maltesii"@gaz	
"কাতালান"@bn	<https://panlex.org/snapshot/panlex-20191001-csv/400#13343599>				<https://panlex.org/snapshot/panlex-20191001-csv/400#13343658>		"Afaan Katalaa"@gaz	
"এস্তোনীয়"@bn	<https://panlex.org/snapshot/panlex-20191001-csv/400#13346903>				<https://panlex.org/snapshot/panlex-20191001-csv/400#13346964>		"Afaan Istooniya"@gaz	
"তুর্কমেনী"@bn	<https://panlex.org/snapshot/panlex-20191001-csv/400#13363065>				<https://panlex.org/snapshot/panlex-20191001-csv/400#13363120>		"Lammii Turkii"@gaz	
"আরবী"@bn	<https://panlex.org/snapshot/panlex-20191001-csv/400#13341364>				<https://panlex.org/snapshot/panlex-20191001-csv/400#13341426>		"Arabiffaa"@gaz	
"স্লোভাক"@bn	<https://panlex.org/snapshot/panlex-20191001-csv/400#13360807>				<https://panlex.org/snapshot/panlex-20191001-csv/400#13360865>		"Afaan Slovak"@gaz	
"চেক"@bn	<https://panlex.org/snapshot/panlex-20191001-csv/400#13344764>				<https://panlex.org/snapshot/panlex-20191001-csv/400#13344824>		"Afaan Czech"@gaz	
"নেপালী"@bn	<https://panlex.org/snapshot/panlex-20191001-csv/400#13356477>				<https://panlex.org/snapshot/panlex-20191001-csv/400#13356537>		"Afaan Nepalii"@gaz	
"রোমানীয়"@bn	<https://panlex.org/snapshot/panlex-20191001-csv/400#13359260>				<https://panlex.org/snapshot/panlex-20191001-csv/400#13359319>		"Afaan Romaniyaa"@gaz	
"লাত্ভীয়"@bn	<https://panlex.org/snapshot/panlex-20191001-csv/400#13354270>				<https://panlex.org/snapshot/panlex-20191001-csv/400#13354331>		"Afaan Lativiyaa"@gaz	
"সোয়াহিলি"@bn	<https://panlex.org/snapshot/panlex-20191001-csv/400#13362256>				<https://panlex.org/snapshot/panlex-20191001-csv/400#13362314>		"Suwahilii"@gaz	
"ক্লিঙ্গন"@bn	<https://panlex.org/snapshot/panlex-20191001-csv/400#13363252>				<https://panlex.org/snapshot/panlex-20191001-csv/400#13363306>		"Afaan Kilingon"@gaz	
"ইউক্রেনীয়"@bn	<https://panlex.org/snapshot/panlex-20191001-csv/400#13364283>				<https://panlex.org/snapshot/panlex-20191001-csv/400#13364343>		"Afaan Ukreenii"@gaz	
"বাংলা"@bn	<https://panlex.org/snapshot/panlex-20191001-csv/400#13343025>				<https://panlex.org/snapshot/panlex-20191001-csv/400#13343085>		"Afaan Baangladeshi"@gaz	
"পাঞ্জাবী"@bn	<https://panlex.org/snapshot/panlex-20191001-csv/400#13357970>				<https://panlex.org/snapshot/panlex-20191001-csv/400#13358028>		"Afaan Punjabii"@gaz	
"এস্পেরান্তো"@bn	<https://panlex.org/snapshot/panlex-20191001-csv/400#13346614>				<https://panlex.org/snapshot/panlex-20191001-csv/400#13346673>		"Afaan Esperantoo"@gaz	
"ওয়েলশ"@bn	<https://panlex.org/snapshot/panlex-20191001-csv/400#13345023>				<https://panlex.org/snapshot/panlex-20191001-csv/400#13345082>		"Welishiffaa"@gaz	
"সুদানী"@bn	<https://panlex.org/snapshot/panlex-20191001-csv/400#13361950>				<https://panlex.org/snapshot/panlex-20191001-csv/400#13362006>		"Afaan Sudaanii"@gaz	
"কান্নাড়ী"@bn	<https://panlex.org/snapshot/panlex-20191001-csv/400#13352509>				<https://panlex.org/snapshot/panlex-20191001-csv/400#13352568>		"Afaan Kannada"@gaz	
"সার্বীয়"@bn	<https://panlex.org/snapshot/panlex-20191001-csv/400#13361616>				<https://panlex.org/snapshot/panlex-20191001-csv/400#13361675>		"Afaan Serbiya"@gaz	
"উর্দু"@bn	<https://panlex.org/snapshot/panlex-20191001-csv/400#13364482>				<https://panlex.org/snapshot/panlex-20191001-csv/400#13364540>		"Afaan Urdu"@gaz	
"তিগরিনিয়া"@bn	<https://panlex.org/snapshot/panlex-20191001-csv/400#13362901>				<https://panlex.org/snapshot/panlex-20191001-csv/400#13362956>		"Afaan Tigiree"@gaz	
"লাটিন"@bn	<https://panlex.org/snapshot/panlex-20191001-csv/400#13353364>				<https://panlex.org/snapshot/panlex-20191001-csv/400#13353423>		"Afaan Laatini"@gaz	
"পর্তুগীজ"@bn	<https://panlex.org/snapshot/panlex-20191001-csv/400#13358750>				<https://panlex.org/snapshot/panlex-20191001-csv/400#13358809>		"Afaan Porchugaal"@gaz	
"স্কটস-গ্যেলিক"@bn	<https://panlex.org/snapshot/panlex-20191001-csv/400#13348446>				<https://panlex.org/snapshot/panlex-20191001-csv/400#13348504>		"Scots Gaelic"@gaz	
"জার্মান"@bn	<https://panlex.org/snapshot/panlex-20191001-csv/400#13345335>				<https://panlex.org/snapshot/panlex-20191001-csv/400#13345396>		"Afaan Jarmanii"@gaz	
"তেলেগু"@bn	<https://panlex.org/snapshot/panlex-20191001-csv/400#13362553>				<https://panlex.org/snapshot/panlex-20191001-csv/400#13362611>		"Afaan Telugu"@gaz	
"জল"@bn	<https://panlex.org/snapshot/panlex-20191001-csv/12#850849>				<https://panlex.org/snapshot/panlex-20191001-csv/12#851097>		"biye"@gaz	
"জল"@bn	<https://panlex.org/snapshot/panlex-20191001-csv/12#850849>				<https://panlex.org/snapshot/panlex-20191001-csv/12#851096>		"bishaan"@gaz	
"জল"@bn	<https://panlex.org/snapshot/panlex-20191001-csv/11#787492>				<https://panlex.org/snapshot/panlex-20191001-csv/11#787694>		"bishaan"@gaz	
"জল"@bn	<https://panlex.org/snapshot/panlex-20191001-csv/11#787492>				<https://panlex.org/snapshot/panlex-20191001-csv/11#787695>		"biye"@gaz	
