"গাম্বিয়া"@bn	<https://panlex.org/snapshot/panlex-20191001-csv/6898#113631292>				<https://panlex.org/snapshot/panlex-20191001-csv/6898#113631363>		"Gambi"@ses	
"নাউরু"@bn	<https://panlex.org/snapshot/panlex-20191001-csv/6898#113601730>				<https://panlex.org/snapshot/panlex-20191001-csv/6898#113601595>		"Nauru"@ses	
"তুর্কমেনিস্তান"@bn	<https://panlex.org/snapshot/panlex-20191001-csv/6898#113607853>				<https://panlex.org/snapshot/panlex-20191001-csv/6898#113607844>		"Turkmenistaŋ"@ses	
"উরুগুয়ে"@bn	<https://panlex.org/snapshot/panlex-20191001-csv/6898#113623448>				<https://panlex.org/snapshot/panlex-20191001-csv/6898#113623465>		"Uruguwey"@ses	
"ফকল্যান্ড আইল্যান্ড (ইসল্যাস মাসভেনিস)"@bn	<https://panlex.org/snapshot/panlex-20191001-csv/6898#113643054>				<https://panlex.org/snapshot/panlex-20191001-csv/6898#113642841>		"Kalkan gungey"@ses	
"নেদারল্যান্ডস"@bn	<https://panlex.org/snapshot/panlex-20191001-csv/6898#113635757>				<https://panlex.org/snapshot/panlex-20191001-csv/6898#113635880>		"Hollandu"@ses	
"বুরুন্ডি"@bn	<https://panlex.org/snapshot/panlex-20191001-csv/6898#113626842>				<https://panlex.org/snapshot/panlex-20191001-csv/6898#113626840>		"Burundi"@ses	
"মাদাগাস্কার"@bn	<https://panlex.org/snapshot/panlex-20191001-csv/6898#113589908>				<https://panlex.org/snapshot/panlex-20191001-csv/6898#113590020>		"Madagascar"@ses	
"মধ্য আফ্রিকার প্রজাতন্ত্র"@bn	<https://panlex.org/snapshot/panlex-20191001-csv/6898#113591489>				<https://panlex.org/snapshot/panlex-20191001-csv/6898#113591424>		"Centraafriki koyra"@ses	
"লিথুয়ানিয়া"@bn	<https://panlex.org/snapshot/panlex-20191001-csv/6898#113632016>				<https://panlex.org/snapshot/panlex-20191001-csv/6898#113632094>		"Lituaani"@ses	
"মার্টিনিক"@bn	<https://panlex.org/snapshot/panlex-20191001-csv/6898#113586026>				<https://panlex.org/snapshot/panlex-20191001-csv/6898#113586145>		"Martiniiki"@ses	
"পানামা"@bn	<https://panlex.org/snapshot/panlex-20191001-csv/6898#113606077>				<https://panlex.org/snapshot/panlex-20191001-csv/6898#113606130>		"Panama"@ses	
"টুভালু"@bn	<https://panlex.org/snapshot/panlex-20191001-csv/6898#113610231>				<https://panlex.org/snapshot/panlex-20191001-csv/6898#113610289>		"Tuvalu"@ses	
"থাইল্যান্ড"@bn	<https://panlex.org/snapshot/panlex-20191001-csv/6898#113603756>				<https://panlex.org/snapshot/panlex-20191001-csv/6898#113603698>		"Taayiland"@ses	
"জিম্বাবোয়ে"@bn	<https://panlex.org/snapshot/panlex-20191001-csv/6898#113583664>				<https://panlex.org/snapshot/panlex-20191001-csv/6898#113583746>		"Zimbabwe"@ses	
"দক্ষিণ আফ্রিকা"@bn	<https://panlex.org/snapshot/panlex-20191001-csv/6898#113613578>				<https://panlex.org/snapshot/panlex-20191001-csv/6898#113613665>		"Hawsa Afriki Laboo"@ses	
"নাইজার"@bn	<https://panlex.org/snapshot/panlex-20191001-csv/6898#113644770>				<https://panlex.org/snapshot/panlex-20191001-csv/6898#113644921>		"Nižer"@ses	
"সেন্ট লুসিয়া"@bn	<https://panlex.org/snapshot/panlex-20191001-csv/6898#113621973>				<https://panlex.org/snapshot/panlex-20191001-csv/6898#113621921>		"Seŋ Lussia"@ses	
"গ্রীস"@bn	<https://panlex.org/snapshot/panlex-20191001-csv/6898#113630271>				<https://panlex.org/snapshot/panlex-20191001-csv/6898#113630332>		"Greece"@ses	
"তাজিকস্থান"@bn	<https://panlex.org/snapshot/panlex-20191001-csv/6898#113590114>				<https://panlex.org/snapshot/panlex-20191001-csv/6898#113590193>		"Taažikistan"@ses	
"জামাইকা"@bn	<https://panlex.org/snapshot/panlex-20191001-csv/6898#113593382>				<https://panlex.org/snapshot/panlex-20191001-csv/6898#113593353>		"Jamaayik"@ses	
"ঘানা"@bn	<https://panlex.org/snapshot/panlex-20191001-csv/6898#113645573>				<https://panlex.org/snapshot/panlex-20191001-csv/6898#113645534>		"Gaana"@ses	
"গিয়ানা"@bn	<https://panlex.org/snapshot/panlex-20191001-csv/6898#113628109>				<https://panlex.org/snapshot/panlex-20191001-csv/6898#113628137>		"Guyaane"@ses	
"নিকারাগুয়া"@bn	<https://panlex.org/snapshot/panlex-20191001-csv/6898#113611159>				<https://panlex.org/snapshot/panlex-20191001-csv/6898#113611247>		"Nikaragwa"@ses	
"মায়োত্তে"@bn	<https://panlex.org/snapshot/panlex-20191001-csv/6898#113603972>				<https://panlex.org/snapshot/panlex-20191001-csv/6898#113603984>		"Mayooti"@ses	
"পালাউ"@bn	<https://panlex.org/snapshot/panlex-20191001-csv/6898#113630881>				<https://panlex.org/snapshot/panlex-20191001-csv/6898#113630882>		"Palu"@ses	
"পিটকেয়ার্ন দ্বীপপুঞ্জ"@bn	<https://panlex.org/snapshot/panlex-20191001-csv/6898#113602873>				<https://panlex.org/snapshot/panlex-20191001-csv/6898#113602786>		"Pitikarin"@ses	
"কুক দ্বীপপুঞ্জ"@bn	<https://panlex.org/snapshot/panlex-20191001-csv/6898#113638445>				<https://panlex.org/snapshot/panlex-20191001-csv/6898#113638513>		"Kuuk gungey"@ses	
"সিয়েরালিওন"@bn	<https://panlex.org/snapshot/panlex-20191001-csv/6898#113637078>				<https://panlex.org/snapshot/panlex-20191001-csv/6898#113637121>		"Seera Leon"@ses	
"সেন্ট কিটস ও নেভিস"@bn	<https://panlex.org/snapshot/panlex-20191001-csv/6898#113634322>				<https://panlex.org/snapshot/panlex-20191001-csv/6898#113634316>		"Seŋ Kitts nda Nevis"@ses	
"ভানুয়াটু"@bn	<https://panlex.org/snapshot/panlex-20191001-csv/6898#113628961>				<https://panlex.org/snapshot/panlex-20191001-csv/6898#113629079>		"Vanautu"@ses	
"তুর্কস ও কাইকোস দ্বীপপুঞ্জ"@bn	<https://panlex.org/snapshot/panlex-20191001-csv/6898#113588583>				<https://panlex.org/snapshot/panlex-20191001-csv/6898#113588745>		"Turk nda Kayikos Gungey"@ses	
"মার্শাল দ্বীপপুঞ্জ"@bn	<https://panlex.org/snapshot/panlex-20191001-csv/6898#113594926>				<https://panlex.org/snapshot/panlex-20191001-csv/6898#113595028>		"Maršal gungey"@ses	
"ম্যাসাডোনিয়া"@bn	<https://panlex.org/snapshot/panlex-20191001-csv/6898#113613453>				<https://panlex.org/snapshot/panlex-20191001-csv/6898#113613218>		"Maacedooni"@ses	
"কিরগিজিস্তান"@bn	<https://panlex.org/snapshot/panlex-20191001-csv/6898#113627235>				<https://panlex.org/snapshot/panlex-20191001-csv/6898#113627260>		"Kyrgyzstan"@ses	
"মাইক্রোনেশিয়া"@bn	<https://panlex.org/snapshot/panlex-20191001-csv/6898#113597245>				<https://panlex.org/snapshot/panlex-20191001-csv/6898#113597223>		"Mikronezi"@ses	
"উজবেকিস্তান"@bn	<https://panlex.org/snapshot/panlex-20191001-csv/6898#113637342>				<https://panlex.org/snapshot/panlex-20191001-csv/6898#113637233>		"Uzbeekistan"@ses	
"তাইওয়ান"@bn	<https://panlex.org/snapshot/panlex-20191001-csv/6898#113605099>				<https://panlex.org/snapshot/panlex-20191001-csv/6898#113605075>		"Taayiwan"@ses	
"মালি"@bn	<https://panlex.org/snapshot/panlex-20191001-csv/6898#113615085>				<https://panlex.org/snapshot/panlex-20191001-csv/6898#113615109>		"Maali"@ses	
"মেক্সিকো"@bn	<https://panlex.org/snapshot/panlex-20191001-csv/6898#113628383>				<https://panlex.org/snapshot/panlex-20191001-csv/6898#113628446>		"Mexiki"@ses	
"নরওয়ে"@bn	<https://panlex.org/snapshot/panlex-20191001-csv/6898#113609959>				<https://panlex.org/snapshot/panlex-20191001-csv/6898#113609808>		"Norveej"@ses	
"জর্ডন"@bn	<https://panlex.org/snapshot/panlex-20191001-csv/6898#113611594>				<https://panlex.org/snapshot/panlex-20191001-csv/6898#113611668>		"Urdun"@ses	
"সাইপ্রাস"@bn	<https://panlex.org/snapshot/panlex-20191001-csv/6898#113631741>				<https://panlex.org/snapshot/panlex-20191001-csv/6898#113631771>		"Šiipur"@ses	
"লেসোথো"@bn	<https://panlex.org/snapshot/panlex-20191001-csv/6898#113594740>				<https://panlex.org/snapshot/panlex-20191001-csv/6898#113594756>		"Leesoto"@ses	
"এন্টিগুয়া ও বারবুডা"@bn	<https://panlex.org/snapshot/panlex-20191001-csv/6898#113643678>				<https://panlex.org/snapshot/panlex-20191001-csv/6898#113643752>		"Antigua nda Barbuuda"@ses	
"বুরকিনা ফাসো"@bn	<https://panlex.org/snapshot/panlex-20191001-csv/6898#113632345>				<https://panlex.org/snapshot/panlex-20191001-csv/6898#113632392>		"Burkina faso"@ses	
"ইতালি"@bn	<https://panlex.org/snapshot/panlex-20191001-csv/6898#113587979>				<https://panlex.org/snapshot/panlex-20191001-csv/6898#113587850>		"Itaali"@ses	
"মঙ্গোলিয়া"@bn	<https://panlex.org/snapshot/panlex-20191001-csv/6898#113621573>				<https://panlex.org/snapshot/panlex-20191001-csv/6898#113621493>		"Mongooli"@ses	
"জিব্রাল্টার"@bn	<https://panlex.org/snapshot/panlex-20191001-csv/6898#113593007>				<https://panlex.org/snapshot/panlex-20191001-csv/6898#113592904>		"Gibraltar"@ses	
"বেনিন"@bn	<https://panlex.org/snapshot/panlex-20191001-csv/6898#113607626>				<https://panlex.org/snapshot/panlex-20191001-csv/6898#113607464>		"Beniŋ"@ses	
"আইসল্যান্ড"@bn	<https://panlex.org/snapshot/panlex-20191001-csv/6898#113601023>				<https://panlex.org/snapshot/panlex-20191001-csv/6898#113601109>		"Ayceland"@ses	
"নিউ ক্যালেডোনিয়া"@bn	<https://panlex.org/snapshot/panlex-20191001-csv/6898#113586579>				<https://panlex.org/snapshot/panlex-20191001-csv/6898#113586677>		"Kaaledooni Taagaa"@ses	
"জাপান"@bn	<https://panlex.org/snapshot/panlex-20191001-csv/6898#113634939>				<https://panlex.org/snapshot/panlex-20191001-csv/6898#113634827>		"Jaapoŋ"@ses	
"স্পেন"@bn	<https://panlex.org/snapshot/panlex-20191001-csv/6898#113594445>				<https://panlex.org/snapshot/panlex-20191001-csv/6898#113594546>		"Espaaɲe"@ses	
"নিউজিল্যান্ড"@bn	<https://panlex.org/snapshot/panlex-20191001-csv/6898#113587171>				<https://panlex.org/snapshot/panlex-20191001-csv/6898#113587179>		"Zeelandu Taaga"@ses	
"ভুটান"@bn	<https://panlex.org/snapshot/panlex-20191001-csv/6898#113639760>				<https://panlex.org/snapshot/panlex-20191001-csv/6898#113639680>		"Buutaŋ"@ses	
"ব্রিটিশ ভার্জিন দ্বীপপুঞ্জ"@bn	<https://panlex.org/snapshot/panlex-20191001-csv/6898#113590541>				<https://panlex.org/snapshot/panlex-20191001-csv/6898#113590440>		"Britiši Virgin gungey"@ses	
"ইফিওপিয়া"@bn	<https://panlex.org/snapshot/panlex-20191001-csv/6898#113615603>				<https://panlex.org/snapshot/panlex-20191001-csv/6898#113615749>		"Ecioopi"@ses	
"কেনিয়া"@bn	<https://panlex.org/snapshot/panlex-20191001-csv/6898#113594043>				<https://panlex.org/snapshot/panlex-20191001-csv/6898#113593999>		"Keeniya"@ses	
"আয়ারল্যান্ড"@bn	<https://panlex.org/snapshot/panlex-20191001-csv/6898#113626022>				<https://panlex.org/snapshot/panlex-20191001-csv/6898#113625999>		"Irlandu"@ses	
"রিইউনিয়ন"@bn	<https://panlex.org/snapshot/panlex-20191001-csv/6898#113591574>				<https://panlex.org/snapshot/panlex-20191001-csv/6898#113591609>		"Reenioŋ"@ses	
"সংযুক্ত আরব আমিরাত"@bn	<https://panlex.org/snapshot/panlex-20191001-csv/6898#113608622>				<https://panlex.org/snapshot/panlex-20191001-csv/6898#113608636>		"Laaraw Imaarawey Margantey"@ses	
"ইউক্রেন"@bn	<https://panlex.org/snapshot/panlex-20191001-csv/6898#113600746>				<https://panlex.org/snapshot/panlex-20191001-csv/6898#113600917>		"Ukreen"@ses	
"ফিলিস্তিন"@bn	<https://panlex.org/snapshot/panlex-20191001-csv/6898#113586365>				<https://panlex.org/snapshot/panlex-20191001-csv/6898#113586309>		"Palestine Dangay nda Gaaza"@ses	
"হাঙ্গেরি"@bn	<https://panlex.org/snapshot/panlex-20191001-csv/6898#113625000>				<https://panlex.org/snapshot/panlex-20191001-csv/6898#113625146>		"Hungaari"@ses	
"ইউ কে"@bn	<https://panlex.org/snapshot/panlex-20191001-csv/6898#113592543>				<https://panlex.org/snapshot/panlex-20191001-csv/6898#113592446>		"Albaasalaama Marganta"@ses	
"িবলাড়"@bn	<https://panlex.org/snapshot/panlex-20191001-csv/10#560505>				<https://panlex.org/snapshot/panlex-20191001-csv/10#560554>		"mushi"@ses	
"িবলাড়"@bn	<https://panlex.org/snapshot/panlex-20191001-csv/10#560505>				<https://panlex.org/snapshot/panlex-20191001-csv/10#560553>		"haila"@ses	
