"thuhlo"@st	<https://panlex.org/snapshot/panlex-20191001-csv/5939#80840597>				<https://panlex.org/snapshot/panlex-20191001-csv/5939#80840534>		"qäč̣əne"@am	
"Rephaboliki ya Federale ya Jeremane"@st	<https://panlex.org/snapshot/panlex-20191001-csv/5939#80768247>				<https://panlex.org/snapshot/panlex-20191001-csv/5939#80768171>		"yäǧärmän fedəralawi ripäblikä"@am	
"Rephaboliki ya Federale ya Jeremane"@st	<https://panlex.org/snapshot/panlex-20191001-csv/5939#80768247>				<https://panlex.org/snapshot/panlex-20191001-csv/5939#80768172>		"yäǧärmänə fedəral ripäblikä"@am	
"apole"@st	<https://panlex.org/snapshot/panlex-20191001-csv/5939#80724089>				<https://panlex.org/snapshot/panlex-20191001-csv/5939#80724004>		"təffah"@am	
"apole"@st	<https://panlex.org/snapshot/panlex-20191001-csv/5939#80724089>				<https://panlex.org/snapshot/panlex-20191001-csv/5939#80724006>		"tufa"@am	
"apole"@st	<https://panlex.org/snapshot/panlex-20191001-csv/5939#80724089>				<https://panlex.org/snapshot/panlex-20191001-csv/5939#80724007>		"tufah"@am	
"apole"@st	<https://panlex.org/snapshot/panlex-20191001-csv/5939#80724089>				<https://panlex.org/snapshot/panlex-20191001-csv/5939#80724005>		"pom"@am	
"Setòitšhi"@st	<https://panlex.org/snapshot/panlex-20191001-csv/5939#80782459>				<https://panlex.org/snapshot/panlex-20191001-csv/5939#80782336>		"ǧärmänña"@am	
"Hlakola"@st	<https://panlex.org/snapshot/panlex-20191001-csv/5939#80811315>				<https://panlex.org/snapshot/panlex-20191001-csv/5939#80811191>		"fēbiruwerī"@am	
"seipone"@st	<https://panlex.org/snapshot/panlex-20191001-csv/5946#84446310>				<https://panlex.org/snapshot/panlex-20191001-csv/5946#84446111>		"መስታዎት"@am	
"pula"@st	<https://panlex.org/snapshot/panlex-20191001-csv/5946#84436381>				<https://panlex.org/snapshot/panlex-20191001-csv/5946#84436225>		"ዝናብ"@am	
"Yuropo"@st	<https://panlex.org/snapshot/panlex-20191001-csv/5949#85308635>				<https://panlex.org/snapshot/panlex-20191001-csv/5949#85308484>		"አውሮፓ"@am	
"Latvia"@st	<https://panlex.org/snapshot/panlex-20191001-csv/5949#85314373>				<https://panlex.org/snapshot/panlex-20191001-csv/5949#85314227>		"ላትቪያ"@am	
"Riga"@st	<https://panlex.org/snapshot/panlex-20191001-csv/5949#85319261>				<https://panlex.org/snapshot/panlex-20191001-csv/5949#85319175>		"ሪጋ"@am	
"Phato"@st	<https://panlex.org/snapshot/panlex-20191001-csv/5949#85329500>				<https://panlex.org/snapshot/panlex-20191001-csv/5949#85329268>		"ኦገስት"@am	
"Bebele"@st	<https://panlex.org/snapshot/panlex-20191001-csv/5949#85302783>				<https://panlex.org/snapshot/panlex-20191001-csv/5949#85302627>		"መጽሐፍ ቅዱስ"@am	
"Se-jeremane"@st	<https://panlex.org/snapshot/panlex-20191001-csv/405#13624684>				<https://panlex.org/snapshot/panlex-20191001-csv/405#13624699>		"ዓረብኛ"@am	
"Se-jeremane"@st	<https://panlex.org/snapshot/panlex-20191001-csv/405#13624684>				<https://panlex.org/snapshot/panlex-20191001-csv/405#13624576>		"ጀርመንኛ"@am	
"Senyesemane"@st	<https://panlex.org/snapshot/panlex-20191001-csv/405#13623673>				<https://panlex.org/snapshot/panlex-20191001-csv/405#13623546>		"እንግሊዝኛ"@am	
"Se-Lithuano"@st	<https://panlex.org/snapshot/panlex-20191001-csv/400#13354038>				<https://panlex.org/snapshot/panlex-20191001-csv/400#13353964>		"ሊቱአኒያን"@am	
"Se-bihari"@st	<https://panlex.org/snapshot/panlex-20191001-csv/400#13342775>				<https://panlex.org/snapshot/panlex-20191001-csv/400#13342702>		"ቢሃሪ"@am	
"Se-sweden"@st	<https://panlex.org/snapshot/panlex-20191001-csv/400#13362225>				<https://panlex.org/snapshot/panlex-20191001-csv/400#13362149>		"ስዊድንኛ"@am	
"Se-romania"@st	<https://panlex.org/snapshot/panlex-20191001-csv/400#13359330>				<https://panlex.org/snapshot/panlex-20191001-csv/400#13359255>		"ሮማኒያን"@am	
"Se-croatia"@st	<https://panlex.org/snapshot/panlex-20191001-csv/400#13349937>				<https://panlex.org/snapshot/panlex-20191001-csv/400#13349860>		"ክሮሽያንኛ"@am	
"Se-nepali"@st	<https://panlex.org/snapshot/panlex-20191001-csv/400#13356548>				<https://panlex.org/snapshot/panlex-20191001-csv/400#13356472>		"ኔፓሊኛ"@am	
"Se-serbian"@st	<https://panlex.org/snapshot/panlex-20191001-csv/400#13361686>				<https://panlex.org/snapshot/panlex-20191001-csv/400#13361611>		"ሰርቢኛ"@am	
"Se-basque"@st	<https://panlex.org/snapshot/panlex-20191001-csv/400#13347072>				<https://panlex.org/snapshot/panlex-20191001-csv/400#13347000>		"ባስክኛ"@am	
"Se-czech"@st	<https://panlex.org/snapshot/panlex-20191001-csv/400#13344836>				<https://panlex.org/snapshot/panlex-20191001-csv/400#13344759>		"ቼክኛ"@am	
"Se-tariana"@st	<https://panlex.org/snapshot/panlex-20191001-csv/400#13351226>				<https://panlex.org/snapshot/panlex-20191001-csv/400#13351143>		"ጣሊያንኛ"@am	
"Se-tamil"@st	<https://panlex.org/snapshot/panlex-20191001-csv/400#13362486>				<https://panlex.org/snapshot/panlex-20191001-csv/400#13362410>		"ታሚልኛ"@am	
"Se-urdu"@st	<https://panlex.org/snapshot/panlex-20191001-csv/400#13364550>				<https://panlex.org/snapshot/panlex-20191001-csv/400#13364477>		"ኡርዱኛ"@am	
"Se-rushia"@st	<https://panlex.org/snapshot/panlex-20191001-csv/400#13359546>				<https://panlex.org/snapshot/panlex-20191001-csv/400#13359468>		"ራሽኛ"@am	
"Oriya"@st	<https://panlex.org/snapshot/panlex-20191001-csv/400#13357793>				<https://panlex.org/snapshot/panlex-20191001-csv/400#13357720>		"ኦሪያኛ"@am	
"Se-hebrew"@st	<https://panlex.org/snapshot/panlex-20191001-csv/400#13349551>				<https://panlex.org/snapshot/panlex-20191001-csv/400#13349475>		"ዕብራስጥ"@am	
"Se-finnish"@st	<https://panlex.org/snapshot/panlex-20191001-csv/400#13347416>				<https://panlex.org/snapshot/panlex-20191001-csv/400#13347339>		"ፊኒሽ"@am	
"se Zulu"@st	<https://panlex.org/snapshot/panlex-20191001-csv/400#13366015>				<https://panlex.org/snapshot/panlex-20191001-csv/400#13365942>		"ዙሉኛ"@am	
"Se-frisia"@st	<https://panlex.org/snapshot/panlex-20191001-csv/400#13348210>				<https://panlex.org/snapshot/panlex-20191001-csv/400#13348137>		"ፍሪስኛ"@am	
"Se-hungaria"@st	<https://panlex.org/snapshot/panlex-20191001-csv/400#13350109>				<https://panlex.org/snapshot/panlex-20191001-csv/400#13350035>		"ሀንጋሪኛ"@am	
"Guarani"@st	<https://panlex.org/snapshot/panlex-20191001-csv/400#13348866>				<https://panlex.org/snapshot/panlex-20191001-csv/400#13348796>		"ጓራኒኛ"@am	
"Se-geogia"@st	<https://panlex.org/snapshot/panlex-20191001-csv/400#13351703>				<https://panlex.org/snapshot/panlex-20191001-csv/400#13351628>		"ጊዮርጊያን"@am	
"Twi"@st	<https://panlex.org/snapshot/panlex-20191001-csv/400#13364018>				<https://panlex.org/snapshot/panlex-20191001-csv/400#13363949>		"ትዊኛ"@am	
"Se-telegu"@st	<https://panlex.org/snapshot/panlex-20191001-csv/400#13362622>				<https://panlex.org/snapshot/panlex-20191001-csv/400#13362548>		"ተሉጉኛ"@am	
"Se-klingon"@st	<https://panlex.org/snapshot/panlex-20191001-csv/400#13363317>				<https://panlex.org/snapshot/panlex-20191001-csv/400#13363247>		"ክሊንግኦንኛ"@am	
"Se-persia"@st	<https://panlex.org/snapshot/panlex-20191001-csv/400#13347206>				<https://panlex.org/snapshot/panlex-20191001-csv/400#13347129>		"ፐርሲያኛ"@am	
"Se-sinhali"@st	<https://panlex.org/snapshot/panlex-20191001-csv/400#13360666>				<https://panlex.org/snapshot/panlex-20191001-csv/400#13360590>		"ስንሃልኛ"@am	
"Se-slovak"@st	<https://panlex.org/snapshot/panlex-20191001-csv/400#13360876>				<https://panlex.org/snapshot/panlex-20191001-csv/400#13360802>		"ስሎቫክኛ"@am	
"Se-esperanto"@st	<https://panlex.org/snapshot/panlex-20191001-csv/400#13346684>				<https://panlex.org/snapshot/panlex-20191001-csv/400#13346609>		"ኤስፐራንቶ"@am	
"Seburu"@st	<https://panlex.org/snapshot/panlex-20191001-csv/400#13340752>				<https://panlex.org/snapshot/panlex-20191001-csv/400#13340675>		"አፍሪካንስኛ"@am	
"Seputukesi (sa Brazil)"@st	<https://panlex.org/snapshot/panlex-20191001-csv/400#13358907>				<https://panlex.org/snapshot/panlex-20191001-csv/400#13358853>		"ፖርቱጋሊኛ (የብራዚል)"@am	
"Se-dutch"@st	<https://panlex.org/snapshot/panlex-20191001-csv/400#13345191>				<https://panlex.org/snapshot/panlex-20191001-csv/400#13345113>		"ዴኒሽ"@am	
"Se-javane"@st	<https://panlex.org/snapshot/panlex-20191001-csv/400#13351606>				<https://panlex.org/snapshot/panlex-20191001-csv/400#13351532>		"ጃቫንኛ"@am	
"Se-malayalam"@st	<https://panlex.org/snapshot/panlex-20191001-csv/400#13355221>				<https://panlex.org/snapshot/panlex-20191001-csv/400#13355147>		"ማላያላምኛ"@am	
"Senyesemane"@st	<https://panlex.org/snapshot/panlex-20191001-csv/400#13346354>				<https://panlex.org/snapshot/panlex-20191001-csv/400#13346271>		"እንግሊዝኛ"@am	
"Se-hindi"@st	<https://panlex.org/snapshot/panlex-20191001-csv/400#13349656>				<https://panlex.org/snapshot/panlex-20191001-csv/400#13349577>		"ሐንድኛ"@am	
"Se-punjabi"@st	<https://panlex.org/snapshot/panlex-20191001-csv/400#13358040>				<https://panlex.org/snapshot/panlex-20191001-csv/400#13357965>		"ፓንጃቢኛ"@am	
"Se-swahili"@st	<https://panlex.org/snapshot/panlex-20191001-csv/400#13362324>				<https://panlex.org/snapshot/panlex-20191001-csv/400#13362251>		"ስዋሂሊኛ"@am	
"Breton"@st	<https://panlex.org/snapshot/panlex-20191001-csv/400#13343296>				<https://panlex.org/snapshot/panlex-20191001-csv/400#13343224>		"ብሬቶንኛ"@am	
"Se-latino"@st	<https://panlex.org/snapshot/panlex-20191001-csv/400#13353434>				<https://panlex.org/snapshot/panlex-20191001-csv/400#13353359>		"ላቲንኛ"@am	
"Se-bosnia"@st	<https://panlex.org/snapshot/panlex-20191001-csv/400#13343423>				<https://panlex.org/snapshot/panlex-20191001-csv/400#13343351>		"ቦስኒያንኛ"@am	
"se Xhosa"@st	<https://panlex.org/snapshot/panlex-20191001-csv/400#13365285>				<https://panlex.org/snapshot/panlex-20191001-csv/400#13365215>		"ዞሳኛ"@am	
"Se-jeremane"@st	<https://panlex.org/snapshot/panlex-20191001-csv/400#13345409>				<https://panlex.org/snapshot/panlex-20191001-csv/400#13345329>		"ጀርመን"@am	
"Se-occitan"@st	<https://panlex.org/snapshot/panlex-20191001-csv/400#13357617>				<https://panlex.org/snapshot/panlex-20191001-csv/400#13357541>		"ኦኪታንኛ"@am	
"Se-bulgaria"@st	<https://panlex.org/snapshot/panlex-20191001-csv/400#13342680>				<https://panlex.org/snapshot/panlex-20191001-csv/400#13342605>		"ቡልጋሪኛ"@am	
"Turkmen"@st	<https://panlex.org/snapshot/panlex-20191001-csv/400#13363130>				<https://panlex.org/snapshot/panlex-20191001-csv/400#13363060>		"ቱርክመንኛ"@am	
"Se-interlingua"@st	<https://panlex.org/snapshot/panlex-20191001-csv/400#13350366>				<https://panlex.org/snapshot/panlex-20191001-csv/400#13350294>		"ኢንቴርሊንጓ"@am	
"Se-masedonia"@st	<https://panlex.org/snapshot/panlex-20191001-csv/400#13355090>				<https://panlex.org/snapshot/panlex-20191001-csv/400#13355013>		"ማከዶኒኛ"@am	
"Se-theki"@st	<https://panlex.org/snapshot/panlex-20191001-csv/400#13363643>				<https://panlex.org/snapshot/panlex-20191001-csv/400#13363571>		"ቱርክኛ"@am	
"Se-catalia"@st	<https://panlex.org/snapshot/panlex-20191001-csv/400#13343669>				<https://panlex.org/snapshot/panlex-20191001-csv/400#13343594>		"ካታላንኛ"@am	
"Se-arab"@st	<https://panlex.org/snapshot/panlex-20191001-csv/400#13341440>				<https://panlex.org/snapshot/panlex-20191001-csv/400#13341359>		"ዐርቢኛ"@am	
"Se-ukrania"@st	<https://panlex.org/snapshot/panlex-20191001-csv/400#13364354>				<https://panlex.org/snapshot/panlex-20191001-csv/400#13364278>		"ዩክረኒኛ"@am	
"Se-kannada"@st	<https://panlex.org/snapshot/panlex-20191001-csv/400#13352578>				<https://panlex.org/snapshot/panlex-20191001-csv/400#13352504>		"ካናዳኛ"@am	
"Se-tagalog"@st	<https://panlex.org/snapshot/panlex-20191001-csv/400#13347512>				<https://panlex.org/snapshot/panlex-20191001-csv/400#13347442>		"ፊሊፕንኛ"@am	
"Se-irish"@st	<https://panlex.org/snapshot/panlex-20191001-csv/400#13348311>				<https://panlex.org/snapshot/panlex-20191001-csv/400#13348232>		"አይሪሽ"@am	
"Se-polish"@st	<https://panlex.org/snapshot/panlex-20191001-csv/400#13358513>				<https://panlex.org/snapshot/panlex-20191001-csv/400#13358436>		"ፖሊሽ"@am	
"Sespain"@st	<https://panlex.org/snapshot/panlex-20191001-csv/400#13346789>				<https://panlex.org/snapshot/panlex-20191001-csv/400#13346707>		"ስፓኒሽ"@am	
"Se-greek"@st	<https://panlex.org/snapshot/panlex-20191001-csv/400#13346208>				<https://panlex.org/snapshot/panlex-20191001-csv/400#13346130>		"ግሪክኛ"@am	
"Se-norway (Nynorsk)"@st	<https://panlex.org/snapshot/panlex-20191001-csv/400#13356955>				<https://panlex.org/snapshot/panlex-20191001-csv/400#13356888>		"የኖርዌ አዲሱ ኖርዌጅያንኛ"@am	
"Se-indonesia"@st	<https://panlex.org/snapshot/panlex-20191001-csv/400#13350500>				<https://panlex.org/snapshot/panlex-20191001-csv/400#13350422>		"እንዶኒሲኛ"@am	
"Serbo-Croatian"@st	<https://panlex.org/snapshot/panlex-20191001-csv/400#13360537>				<https://panlex.org/snapshot/panlex-20191001-csv/400#13360471>		"ሰርቦ-ክሮኤሽያኛ"@am	
"Yiddish"@st	<https://panlex.org/snapshot/panlex-20191001-csv/400#13365446>				<https://panlex.org/snapshot/panlex-20191001-csv/400#13365374>		"ይዲሻዊኛ"@am	
"Se-slovania"@st	<https://panlex.org/snapshot/panlex-20191001-csv/400#13360972>				<https://panlex.org/snapshot/panlex-20191001-csv/400#13360897>		"ስሎቪኛ"@am	
"Sesotho"@st	<https://panlex.org/snapshot/panlex-20191001-csv/400#13361925>				<https://panlex.org/snapshot/panlex-20191001-csv/400#13361858>		"ሶዞኛ"@am	
"Se-portugal"@st	<https://panlex.org/snapshot/panlex-20191001-csv/400#13358823>				<https://panlex.org/snapshot/panlex-20191001-csv/400#13358744>		"ፖርቱጋሊኛ"@am	
"Se-vietnam"@st	<https://panlex.org/snapshot/panlex-20191001-csv/400#13364816>				<https://panlex.org/snapshot/panlex-20191001-csv/400#13364742>		"ቪትናምኛ"@am	
"Se-portugal (Portugal)"@st	<https://panlex.org/snapshot/panlex-20191001-csv/400#13358975>				<https://panlex.org/snapshot/panlex-20191001-csv/400#13358924>		"ፖርቱጋሊኛ (የፖርቱጋል)"@am	
"Se-galicia"@st	<https://panlex.org/snapshot/panlex-20191001-csv/400#13348734>				<https://panlex.org/snapshot/panlex-20191001-csv/400#13348662>		"ጋለጋኛ"@am	
"Se-tigrinya"@st	<https://panlex.org/snapshot/panlex-20191001-csv/400#13362966>				<https://panlex.org/snapshot/panlex-20191001-csv/400#13362896>		"ትግርኛ"@am	
"Se-thai"@st	<https://panlex.org/snapshot/panlex-20191001-csv/400#13362874>				<https://panlex.org/snapshot/panlex-20191001-csv/400#13362799>		"ታይኛ"@am	
"Se-bengali"@st	<https://panlex.org/snapshot/panlex-20191001-csv/400#13343097>				<https://panlex.org/snapshot/panlex-20191001-csv/400#13343020>		"በንጋሊኛ"@am	
"Se-welsh"@st	<https://panlex.org/snapshot/panlex-20191001-csv/400#13345092>				<https://panlex.org/snapshot/panlex-20191001-csv/400#13345018>		"ወልሽ"@am	
"Se-scots gaelic"@st	<https://panlex.org/snapshot/panlex-20191001-csv/400#13348514>				<https://panlex.org/snapshot/panlex-20191001-csv/400#13348441>		"እስኮትስ ጌልክኛ"@am	
"Se-uzbek"@st	<https://panlex.org/snapshot/panlex-20191001-csv/400#13364647>				<https://panlex.org/snapshot/panlex-20191001-csv/400#13364574>		"ኡዝበክኛ"@am	
"Se-marathi"@st	<https://panlex.org/snapshot/panlex-20191001-csv/400#13355646>				<https://panlex.org/snapshot/panlex-20191001-csv/400#13355572>		"ማራዚኛ"@am	
"Se-foroese"@st	<https://panlex.org/snapshot/panlex-20191001-csv/400#13347704>				<https://panlex.org/snapshot/panlex-20191001-csv/400#13347632>		"ፋሮኛ"@am	
"Se-japane"@st	<https://panlex.org/snapshot/panlex-20191001-csv/400#13351386>				<https://panlex.org/snapshot/panlex-20191001-csv/400#13351305>		"ጃፓንኛ"@am	
"Se-gujarati"@st	<https://panlex.org/snapshot/panlex-20191001-csv/400#13349248>				<https://panlex.org/snapshot/panlex-20191001-csv/400#13349173>		"ጉጃርቲኛ"@am	
"Pashto"@st	<https://panlex.org/snapshot/panlex-20191001-csv/400#13358722>				<https://panlex.org/snapshot/panlex-20191001-csv/400#13358649>		"ፑሽቶኛ"@am	
"Se-sundanese"@st	<https://panlex.org/snapshot/panlex-20191001-csv/400#13362016>				<https://panlex.org/snapshot/panlex-20191001-csv/400#13361945>		"ሱዳንኛ"@am	
"Dutch"@st	<https://panlex.org/snapshot/panlex-20191001-csv/400#13356821>				<https://panlex.org/snapshot/panlex-20191001-csv/400#13356741>		"ደች"@am	
"Se-norway"@st	<https://panlex.org/snapshot/panlex-20191001-csv/400#13357047>				<https://panlex.org/snapshot/panlex-20191001-csv/400#13356970>		"ኖርዌጂያን"@am	
"Se-maltese"@st	<https://panlex.org/snapshot/panlex-20191001-csv/400#13355836>				<https://panlex.org/snapshot/panlex-20191001-csv/400#13355764>		"ማልቲስኛ"@am	
"Se-estonia"@st	<https://panlex.org/snapshot/panlex-20191001-csv/400#13346976>				<https://panlex.org/snapshot/panlex-20191001-csv/400#13346898>		"ኤስቶኒአን"@am	
"Kyrgyz"@st	<https://panlex.org/snapshot/panlex-20191001-csv/400#13353338>				<https://panlex.org/snapshot/panlex-20191001-csv/400#13353268>		"ኪርጊዝኛ"@am	
"Se-albanian"@st	<https://panlex.org/snapshot/panlex-20191001-csv/400#13361590>				<https://panlex.org/snapshot/panlex-20191001-csv/400#13361513>		"ልቤኒኛ"@am	
"Se-azerbaijani"@st	<https://panlex.org/snapshot/panlex-20191001-csv/400#13342091>				<https://panlex.org/snapshot/panlex-20191001-csv/400#13342016>		"አዜርባይጃንኛ"@am	
"Se-belarusia"@st	<https://panlex.org/snapshot/panlex-20191001-csv/400#13342470>				<https://panlex.org/snapshot/panlex-20191001-csv/400#13342394>		"ቤላራሻኛ"@am	
"Se-french"@st	<https://panlex.org/snapshot/panlex-20191001-csv/400#13347841>				<https://panlex.org/snapshot/panlex-20191001-csv/400#13347761>		"ፈረንሳይኛ"@am	
"Kurdish"@st	<https://panlex.org/snapshot/panlex-20191001-csv/400#13353101>				<https://panlex.org/snapshot/panlex-20191001-csv/400#13353026>		"ኩርድሽኛ"@am	
"Se-iceland"@st	<https://panlex.org/snapshot/panlex-20191001-csv/400#13351118>				<https://panlex.org/snapshot/panlex-20191001-csv/400#13351041>		"አይስላንድኛ"@am	
"Se-malay"@st	<https://panlex.org/snapshot/panlex-20191001-csv/400#13355742>				<https://panlex.org/snapshot/panlex-20191001-csv/400#13355668>		"ማላይኛ"@am	
"Se-amhari"@st	<https://panlex.org/snapshot/panlex-20191001-csv/400#13341162>				<https://panlex.org/snapshot/panlex-20191001-csv/400#13341091>		"አማርኛ"@am	
"Se-korea"@st	<https://panlex.org/snapshot/panlex-20191001-csv/400#13352677>				<https://panlex.org/snapshot/panlex-20191001-csv/400#13352600>		"ኮሪያኛ"@am	
"robong"@st	<https://panlex.org/snapshot/panlex-20191001-csv/9#491039>				<https://panlex.org/snapshot/panlex-20191001-csv/9#490917>		"ዘጠኝ"@am	
"kgotso"@st	<https://panlex.org/snapshot/panlex-20191001-csv/2902#111012207>				<https://panlex.org/snapshot/panlex-20191001-csv/2902#111011987>		"ሰላም"@am	
"Yuranese"@st	<https://panlex.org/snapshot/panlex-20191001-csv/2907#110846953>				<https://panlex.org/snapshot/panlex-20191001-csv/2907#110846963>		"ኡራኑስ"@am	
"Mase"@st	<https://panlex.org/snapshot/panlex-20191001-csv/2907#110846111>				<https://panlex.org/snapshot/panlex-20191001-csv/2907#110846105>		"ማርስ"@am	
"Kgwedi"@st	<https://panlex.org/snapshot/panlex-20191001-csv/2907#110845862>				<https://panlex.org/snapshot/panlex-20191001-csv/2907#110845724>		"ጨረቃ"@am	
"Nepetjhunu"@st	<https://panlex.org/snapshot/panlex-20191001-csv/2907#110847023>				<https://panlex.org/snapshot/panlex-20191001-csv/2907#110847043>		"ነፕቲዩን"@am	
"Satene"@st	<https://panlex.org/snapshot/panlex-20191001-csv/2907#110846711>				<https://panlex.org/snapshot/panlex-20191001-csv/2907#110846728>		"ማህፈድ"@am	
"Lefatshe"@st	<https://panlex.org/snapshot/panlex-20191001-csv/2907#110845658>				<https://panlex.org/snapshot/panlex-20191001-csv/2907#110845606>		"መሬት"@am	
"Letsatsi"@st	<https://panlex.org/snapshot/panlex-20191001-csv/2907#110844862>				<https://panlex.org/snapshot/panlex-20191001-csv/2907#110844921>		"ፀሐይ"@am	
"Tsamaiso ya dipolanete"@st	<https://panlex.org/snapshot/panlex-20191001-csv/2907#110848259>				<https://panlex.org/snapshot/panlex-20191001-csv/2907#110848166>		"የፀሐይ ሥርዓተ ፈለክ"@am	
"Puluto"@st	<https://panlex.org/snapshot/panlex-20191001-csv/2907#110847335>				<https://panlex.org/snapshot/panlex-20191001-csv/2907#110847195>		"ፕሉቶ"@am	
"Mekhuri"@st	<https://panlex.org/snapshot/panlex-20191001-csv/2907#110845169>				<https://panlex.org/snapshot/panlex-20191001-csv/2907#110845129>		"ሜርኩሪ"@am	
"Jupita"@st	<https://panlex.org/snapshot/panlex-20191001-csv/2907#110846500>				<https://panlex.org/snapshot/panlex-20191001-csv/2907#110846505>		"ጁፒተር"@am	
"Vinase"@st	<https://panlex.org/snapshot/panlex-20191001-csv/2907#110845508>				<https://panlex.org/snapshot/panlex-20191001-csv/2907#110845445>		"ዘሃራ"@am	
"Lewatle la Atlelantiki"@st	<https://panlex.org/snapshot/panlex-20191001-csv/2901#110867592>				<https://panlex.org/snapshot/panlex-20191001-csv/2901#110867447>		"አትላንቲክ ውቅያኖስ"@am	
"sodiamo"@st	<https://panlex.org/snapshot/panlex-20191001-csv/2893#110991001>				<https://panlex.org/snapshot/panlex-20191001-csv/2893#110990910>		"ሶዲየም"@am	
"antimoni"@st	<https://panlex.org/snapshot/panlex-20191001-csv/2893#110994376>				<https://panlex.org/snapshot/panlex-20191001-csv/2893#110994494>		"ኩል"@am	
"silikone"@st	<https://panlex.org/snapshot/panlex-20191001-csv/2893#110991505>				<https://panlex.org/snapshot/panlex-20191001-csv/2893#110991459>		"ሲልከን"@am	
"arseniki"@st	<https://panlex.org/snapshot/panlex-20191001-csv/2893#110993737>				<https://panlex.org/snapshot/panlex-20191001-csv/2893#110993767>		"አርሰኒክ"@am	
"potassiamo"@st	<https://panlex.org/snapshot/panlex-20191001-csv/2893#110992333>				<https://panlex.org/snapshot/panlex-20191001-csv/2893#110992385>		"ፖታሺየም"@am	
"tangstene"@st	<https://panlex.org/snapshot/panlex-20191001-csv/2893#110994772>				<https://panlex.org/snapshot/panlex-20191001-csv/2893#110994757>		"ተንግስተን"@am	
"sebabole"@st	<https://panlex.org/snapshot/panlex-20191001-csv/2893#110991835>				<https://panlex.org/snapshot/panlex-20191001-csv/2893#110992007>		"ድኝ"@am	
"magnesiamo"@st	<https://panlex.org/snapshot/panlex-20191001-csv/2893#110991126>				<https://panlex.org/snapshot/panlex-20191001-csv/2893#110991230>		"ማግኒዥየም"@am	
"borone"@st	<https://panlex.org/snapshot/panlex-20191001-csv/2893#110989681>				<https://panlex.org/snapshot/panlex-20191001-csv/2893#110989776>		"ቦሮን"@am	
"neone"@st	<https://panlex.org/snapshot/panlex-20191001-csv/2893#110990828>				<https://panlex.org/snapshot/panlex-20191001-csv/2893#110990771>		"ኒዮን"@am	
"gauta"@st	<https://panlex.org/snapshot/panlex-20191001-csv/2893#110995268>				<https://panlex.org/snapshot/panlex-20191001-csv/2893#110995159>		"ወርቅ"@am	
"ayotine"@st	<https://panlex.org/snapshot/panlex-20191001-csv/2893#110994750>				<https://panlex.org/snapshot/panlex-20191001-csv/2893#110994629>		"አዮዲን"@am	
"thini"@st	<https://panlex.org/snapshot/panlex-20191001-csv/2893#110994292>				<https://panlex.org/snapshot/panlex-20191001-csv/2893#110994307>		"ቆርቆሮ"@am	
"uraniamo"@st	<https://panlex.org/snapshot/panlex-20191001-csv/2893#110995808>				<https://panlex.org/snapshot/panlex-20191001-csv/2893#110995853>		"ዩራኒየም"@am	
"bromini"@st	<https://panlex.org/snapshot/panlex-20191001-csv/2893#110993807>				<https://panlex.org/snapshot/panlex-20191001-csv/2893#110993826>		"ብሮሚን"@am	
"khabone"@st	<https://panlex.org/snapshot/panlex-20191001-csv/2893#110989952>				<https://panlex.org/snapshot/panlex-20191001-csv/2893#110989920>		"ካርቦን"@am	
"koporo"@st	<https://panlex.org/snapshot/panlex-20191001-csv/2893#110993245>				<https://panlex.org/snapshot/panlex-20191001-csv/2893#110993355>		"መዳብ"@am	
"klorine"@st	<https://panlex.org/snapshot/panlex-20191001-csv/2893#110992115>				<https://panlex.org/snapshot/panlex-20191001-csv/2893#110992158>		"ክሎሪን"@am	
"tshepe"@st	<https://panlex.org/snapshot/panlex-20191001-csv/2893#110992619>				<https://panlex.org/snapshot/panlex-20191001-csv/2893#110992712>		"ብረት"@am	
"khobalete"@st	<https://panlex.org/snapshot/panlex-20191001-csv/2893#110992868>				<https://panlex.org/snapshot/panlex-20191001-csv/2893#110992955>		"ኮባልት"@am	
"haetrotsene"@st	<https://panlex.org/snapshot/panlex-20191001-csv/2893#110989313>				<https://panlex.org/snapshot/panlex-20191001-csv/2893#110989434>		"ሃይድሮጅን"@am	
"naetrojene"@st	<https://panlex.org/snapshot/panlex-20191001-csv/2893#110990112>				<https://panlex.org/snapshot/panlex-20191001-csv/2893#110990177>		"ናይትሮጅን"@am	
"heliamo"@st	<https://panlex.org/snapshot/panlex-20191001-csv/2893#110989542>				<https://panlex.org/snapshot/panlex-20191001-csv/2893#110989661>		"ሒሊየም"@am	
"tafole ya periodiki"@st	<https://panlex.org/snapshot/panlex-20191001-csv/2893#110989244>				<https://panlex.org/snapshot/panlex-20191001-csv/2893#110989238>		"የንጥረ ነገሮች ሠንጠረዥ"@am	
"silivera"@st	<https://panlex.org/snapshot/panlex-20191001-csv/2893#110993971>				<https://panlex.org/snapshot/panlex-20191001-csv/2893#110994074>		"ብር"@am	
"flourine"@st	<https://panlex.org/snapshot/panlex-20191001-csv/2893#110990505>				<https://panlex.org/snapshot/panlex-20191001-csv/2893#110990588>		"ፍሎሪን"@am	
"senke"@st	<https://panlex.org/snapshot/panlex-20191001-csv/2893#110993394>				<https://panlex.org/snapshot/panlex-20191001-csv/2893#110993402>		"ዚንክ"@am	
"loto"@st	<https://panlex.org/snapshot/panlex-20191001-csv/2893#110995618>				<https://panlex.org/snapshot/panlex-20191001-csv/2893#110995648>		"እርሳስ"@am	
"aluminiamo"@st	<https://panlex.org/snapshot/panlex-20191001-csv/2893#110991372>				<https://panlex.org/snapshot/panlex-20191001-csv/2893#110991395>		"አሉምንም"@am	
"kalsiamo"@st	<https://panlex.org/snapshot/panlex-20191001-csv/2893#110992582>				<https://panlex.org/snapshot/panlex-20191001-csv/2893#110992544>		"ካልሲየም"@am	
"okesejene"@st	<https://panlex.org/snapshot/panlex-20191001-csv/2893#110990474>				<https://panlex.org/snapshot/panlex-20191001-csv/2893#110990340>		"ኦክሲጅን"@am	
"nikele"@st	<https://panlex.org/snapshot/panlex-20191001-csv/2893#110993142>				<https://panlex.org/snapshot/panlex-20191001-csv/2893#110993146>		"ኒኬል"@am	
"fosforase"@st	<https://panlex.org/snapshot/panlex-20191001-csv/2893#110991788>				<https://panlex.org/snapshot/panlex-20191001-csv/2893#110991635>		"ፎስፈረስ"@am	
"mekhuri"@st	<https://panlex.org/snapshot/panlex-20191001-csv/2893#110995428>				<https://panlex.org/snapshot/panlex-20191001-csv/2893#110995379>		"ባዜቃ"@am	
"platinamo"@st	<https://panlex.org/snapshot/panlex-20191001-csv/2893#110995025>				<https://panlex.org/snapshot/panlex-20191001-csv/2893#110995112>		"ፕላቲነም"@am	
"Laboraro"@st	<https://panlex.org/snapshot/panlex-20191001-csv/2892#110825189>				<https://panlex.org/snapshot/panlex-20191001-csv/2892#110825121>		"ረቡ"@am	
"Laboraro"@st	<https://panlex.org/snapshot/panlex-20191001-csv/2892#110825189>				<https://panlex.org/snapshot/panlex-20191001-csv/2892#110824968>		"ሮብ"@am	
"Mantaha"@st	<https://panlex.org/snapshot/panlex-20191001-csv/2892#110824256>				<https://panlex.org/snapshot/panlex-20191001-csv/2892#110824342>		"ሰኞ"@am	
"Labohlano"@st	<https://panlex.org/snapshot/panlex-20191001-csv/2892#110825780>				<https://panlex.org/snapshot/panlex-20191001-csv/2892#110826081>		"ዓርብ"@am	
"Labobedi"@st	<https://panlex.org/snapshot/panlex-20191001-csv/2892#110824781>				<https://panlex.org/snapshot/panlex-20191001-csv/2892#110824497>		"ማክሰኞ"@am	
"Labone"@st	<https://panlex.org/snapshot/panlex-20191001-csv/2892#110825673>				<https://panlex.org/snapshot/panlex-20191001-csv/2892#110825290>		"ኀሙስ"@am	
"Moqebelo"@st	<https://panlex.org/snapshot/panlex-20191001-csv/2892#110826169>				<https://panlex.org/snapshot/panlex-20191001-csv/2892#110826280>		"ቅዳሜ"@am	
"Sontaha"@st	<https://panlex.org/snapshot/panlex-20191001-csv/2892#110826612>				<https://panlex.org/snapshot/panlex-20191001-csv/2892#110826586>		"እሑድ"@am	
"Hlakubele"@st	<https://panlex.org/snapshot/panlex-20191001-csv/2897#110828007>				<https://panlex.org/snapshot/panlex-20191001-csv/2897#110828222>		"ማርች"@am	
"Tshitwe"@st	<https://panlex.org/snapshot/panlex-20191001-csv/2897#110831908>				<https://panlex.org/snapshot/panlex-20191001-csv/2897#110831940>		"ዲሴምበር"@am	
"Pherekgong"@st	<https://panlex.org/snapshot/panlex-20191001-csv/2897#110827290>				<https://panlex.org/snapshot/panlex-20191001-csv/2897#110827163>		"ጃንዩወሪ"@am	
"Lwetse"@st	<https://panlex.org/snapshot/panlex-20191001-csv/2897#110830428>				<https://panlex.org/snapshot/panlex-20191001-csv/2897#110830702>		"ሴፕቴምበር"@am	
"Hlakola"@st	<https://panlex.org/snapshot/panlex-20191001-csv/2897#110827672>				<https://panlex.org/snapshot/panlex-20191001-csv/2897#110827505>		"ፌብሩወሪ"@am	
"Pudungwana"@st	<https://panlex.org/snapshot/panlex-20191001-csv/2897#110831404>				<https://panlex.org/snapshot/panlex-20191001-csv/2897#110831316>		"ኖቬምበር"@am	
"Mphalane"@st	<https://panlex.org/snapshot/panlex-20191001-csv/2897#110831128>				<https://panlex.org/snapshot/panlex-20191001-csv/2897#110830737>		"ኦክተውበር"@am	
"Mmesa"@st	<https://panlex.org/snapshot/panlex-20191001-csv/2897#110828579>				<https://panlex.org/snapshot/panlex-20191001-csv/2897#110828382>		"ኤፕረል"@am	
"Phupjane"@st	<https://panlex.org/snapshot/panlex-20191001-csv/2897#110829244>				<https://panlex.org/snapshot/panlex-20191001-csv/2897#110829174>		"ጁን"@am	
"Motsheanong"@st	<https://panlex.org/snapshot/panlex-20191001-csv/2897#110828813>				<https://panlex.org/snapshot/panlex-20191001-csv/2897#110828846>		"ሜይ"@am	
"Phato"@st	<https://panlex.org/snapshot/panlex-20191001-csv/2897#110830287>				<https://panlex.org/snapshot/panlex-20191001-csv/2897#110830216>		"ኦገስት"@am	
"Phupu"@st	<https://panlex.org/snapshot/panlex-20191001-csv/2897#110829849>				<https://panlex.org/snapshot/panlex-20191001-csv/2897#110829675>		"ጁላይ"@am	
"Yuropa"@st	<https://panlex.org/snapshot/panlex-20191001-csv/2891#110854265>				<https://panlex.org/snapshot/panlex-20191001-csv/2891#110854155>		"አውሮጳ"@am	
"Yuropa"@st	<https://panlex.org/snapshot/panlex-20191001-csv/2891#110854265>				<https://panlex.org/snapshot/panlex-20191001-csv/2891#110854076>		"አውሮፓ"@am	
"Yuropa"@st	<https://panlex.org/snapshot/panlex-20191001-csv/2891#110854265>				<https://panlex.org/snapshot/panlex-20191001-csv/2891#110854190>		"ኤውሮፓ"@am	
"Afrika"@st	<https://panlex.org/snapshot/panlex-20191001-csv/2891#110853168>				<https://panlex.org/snapshot/panlex-20191001-csv/2891#110853085>		"አፍሪቃ"@am	
"Amerika"@st	<https://panlex.org/snapshot/panlex-20191001-csv/2891#110853306>				<https://panlex.org/snapshot/panlex-20191001-csv/2891#110853509>		"አሜሪካ"@am	
