"ʼɲɛʔa"@nil	<https://panlex.org/snapshot/panlex-20191001-csv/114#8058603>				<https://panlex.org/snapshot/panlex-20191001-csv/114#8058822>		"betteŋ"@yka	
"ʼjata"@nil	<https://panlex.org/snapshot/panlex-20191001-csv/114#8060098>				<https://panlex.org/snapshot/panlex-20191001-csv/114#8060283>		"buaʔ"@yka	
"ʼma"@nil	<https://panlex.org/snapshot/panlex-20191001-csv/114#8067916>				<https://panlex.org/snapshot/panlex-20191001-csv/114#8068116>		"dellaʔ"@yka	
"ʼlɔka"@nil	<https://panlex.org/snapshot/panlex-20191001-csv/114#8053457>				<https://panlex.org/snapshot/panlex-20191001-csv/114#8053672>		"bettis"@yka	
"ʼnina"@nil	<https://panlex.org/snapshot/panlex-20191001-csv/114#8067394>				<https://panlex.org/snapshot/panlex-20191001-csv/114#8067600>		"impen"@yka	
"ṇʼkui"@nil	<https://panlex.org/snapshot/panlex-20191001-csv/114#8059136>				<https://panlex.org/snapshot/panlex-20191001-csv/114#8059328>		"tolaŋ"@yka	
"ʼpɔrti"@nil	<https://panlex.org/snapshot/panlex-20191001-csv/114#8064802>				<https://panlex.org/snapshot/panlex-20191001-csv/114#8065025>		"buu kook"@yka	
"ʼmɔrpi"@nil	<https://panlex.org/snapshot/panlex-20191001-csv/114#8055063>				<https://panlex.org/snapshot/panlex-20191001-csv/114#8055256>		"pitu"@yka	
"ʼso"@nil	<https://panlex.org/snapshot/panlex-20191001-csv/114#8066837>				<https://panlex.org/snapshot/panlex-20191001-csv/114#8067049>		"behe"@yka	
"ʼsalna"@nil	<https://panlex.org/snapshot/panlex-20191001-csv/114#8054561>				<https://panlex.org/snapshot/panlex-20191001-csv/114#8054753>		"lalan"@yka	
