"laiŋ"@mqy	<https://panlex.org/snapshot/panlex-20191001-csv/5943#83323770>				<https://panlex.org/snapshot/panlex-20191001-csv/5943#83323788>		"one"@rar	
"waé"@mqy	<https://panlex.org/snapshot/panlex-20191001-csv/12#851059>				<https://panlex.org/snapshot/panlex-20191001-csv/12#851124>		"vai"@rar	
"laiŋ"@mqy	<https://panlex.org/snapshot/panlex-20191001-csv/15#967034>				<https://panlex.org/snapshot/panlex-20191001-csv/15#967057>		"one"@rar	
"aŋiŋ"@mqy	<https://panlex.org/snapshot/panlex-20191001-csv/114#8056030>				<https://panlex.org/snapshot/panlex-20191001-csv/114#8056119>		"kau"@rar	
"nuk"@mqy	<https://panlex.org/snapshot/panlex-20191001-csv/114#8062151>				<https://panlex.org/snapshot/panlex-20191001-csv/114#8062234>		"maàra"@rar	
"cai"@mqy	<https://panlex.org/snapshot/panlex-20191001-csv/114#8055025>				<https://panlex.org/snapshot/panlex-20191001-csv/114#8055111>		"tātāʻi"@rar	
"ulu"@mqy	<https://panlex.org/snapshot/panlex-20191001-csv/114#8063688>				<https://panlex.org/snapshot/panlex-20191001-csv/114#8063776>		"upoko"@rar	
"r|awok"@mqy	<https://panlex.org/snapshot/panlex-20191001-csv/114#8057026>				<https://panlex.org/snapshot/panlex-20191001-csv/114#8057112>		"puèu"@rar	
"tuka"@mqy	<https://panlex.org/snapshot/panlex-20191001-csv/114#8058560>				<https://panlex.org/snapshot/panlex-20191001-csv/114#8058659>		"manava"@rar	
"tuka"@mqy	<https://panlex.org/snapshot/panlex-20191001-csv/114#8058560>				<https://panlex.org/snapshot/panlex-20191001-csv/114#8058658>		"koopuu"@rar	
"tuka"@mqy	<https://panlex.org/snapshot/panlex-20191001-csv/114#8058560>				<https://panlex.org/snapshot/panlex-20191001-csv/114#8058657>		"kona"@rar	
"tuka"@mqy	<https://panlex.org/snapshot/panlex-20191001-csv/114#8059582>				<https://panlex.org/snapshot/panlex-20191001-csv/114#8059662>		"ngaakau"@rar	
"saki"@mqy	<https://panlex.org/snapshot/panlex-20191001-csv/114#8056543>				<https://panlex.org/snapshot/panlex-20191001-csv/114#8056633>		"àvaàva"@rar	
"saki"@mqy	<https://panlex.org/snapshot/panlex-20191001-csv/114#8056543>				<https://panlex.org/snapshot/panlex-20191001-csv/114#8056632>		"repo"@rar	
"dara"@mqy	<https://panlex.org/snapshot/panlex-20191001-csv/114#8063149>				<https://panlex.org/snapshot/panlex-20191001-csv/114#8063235>		"toto"@rar	
"wekur"@mqy	<https://panlex.org/snapshot/panlex-20191001-csv/114#8058031>				<https://panlex.org/snapshot/panlex-20191001-csv/114#8058112>		"mokotua"@rar	
"waʔi"@mqy	<https://panlex.org/snapshot/panlex-20191001-csv/114#8053412>				<https://panlex.org/snapshot/panlex-20191001-csv/114#8053505>		"vae"@rar	
"waʔi"@mqy	<https://panlex.org/snapshot/panlex-20191001-csv/114#8053412>				<https://panlex.org/snapshot/panlex-20191001-csv/114#8053504>		"tapuae"@rar	
"léo"@mqy	<https://panlex.org/snapshot/panlex-20191001-csv/114#8052433>				<https://panlex.org/snapshot/panlex-20191001-csv/114#8052512>		"kauvī"@rar	
"léo"@mqy	<https://panlex.org/snapshot/panlex-20191001-csv/114#8052433>				<https://panlex.org/snapshot/panlex-20191001-csv/114#8052514>		"mauī"@rar	
"léo"@mqy	<https://panlex.org/snapshot/panlex-20191001-csv/114#8052433>				<https://panlex.org/snapshot/panlex-20191001-csv/114#8052513>		"kauī"@rar	
"isuŋ"@mqy	<https://panlex.org/snapshot/panlex-20191001-csv/114#8065325>				<https://panlex.org/snapshot/panlex-20191001-csv/114#8065413>		"putaang/iqu/"@rar	
"waé"@mqy	<https://panlex.org/snapshot/panlex-20191001-csv/11#787660>				<https://panlex.org/snapshot/panlex-20191001-csv/11#787710>		"vai"@rar	
