"mmi"@mvi	<https://panlex.org/snapshot/panlex-20191001-csv/114#8060622>				<https://panlex.org/snapshot/panlex-20191001-csv/114#8060785>		"susu-"@bjp	
"ngy"@mvi	<https://panlex.org/snapshot/panlex-20191001-csv/114#8052910>				<https://panlex.org/snapshot/panlex-20191001-csv/114#8053039>		"to"@bjp	
"pyday"@mvi	<https://panlex.org/snapshot/panlex-20191001-csv/114#8052447>				<https://panlex.org/snapshot/panlex-20191001-csv/114#8052582>		"kais"@bjp	
"kā"@mvi	<https://panlex.org/snapshot/panlex-20191001-csv/114#8057536>				<https://panlex.org/snapshot/panlex-20191001-csv/114#8057681>		"fo"@bjp	
"kusammi"@mvi	<https://panlex.org/snapshot/panlex-20191001-csv/114#8058044>				<https://panlex.org/snapshot/panlex-20191001-csv/114#8058187>		"tua"@bjp	
"nubuy"@mvi	<https://panlex.org/snapshot/panlex-20191001-csv/114#8064241>				<https://panlex.org/snapshot/panlex-20191001-csv/114#8064391>		"koŋoŋo-"@bjp	
"sda"@mvi	<https://panlex.org/snapshot/panlex-20191001-csv/114#8067892>				<https://panlex.org/snapshot/panlex-20191001-csv/114#8068037>		"keremet"@bjp	
"mcy"@mvi	<https://panlex.org/snapshot/panlex-20191001-csv/114#8054535>				<https://panlex.org/snapshot/panlex-20191001-csv/114#8054679>		"saris"@bjp	
"pā"@mvi	<https://panlex.org/snapshot/panlex-20191001-csv/114#8067369>				<https://panlex.org/snapshot/panlex-20191001-csv/114#8067523>		"ŋisa"@bjp	
"tī"@mvi	<https://panlex.org/snapshot/panlex-20191001-csv/114#8051942>				<https://panlex.org/snapshot/panlex-20191001-csv/114#8052103>		"nima-"@bjp	
