"mmi"@mvi	<https://panlex.org/snapshot/panlex-20191001-csv/114#8060622>				<https://panlex.org/snapshot/panlex-20191001-csv/114#8060639>		"mimi"@nen	
"ngy"@mvi	<https://panlex.org/snapshot/panlex-20191001-csv/114#8052910>				<https://panlex.org/snapshot/panlex-20191001-csv/114#8052928>		"nata"@nen	
"ngy"@mvi	<https://panlex.org/snapshot/panlex-20191001-csv/114#8052910>				<https://panlex.org/snapshot/panlex-20191001-csv/114#8052927>		"amanata"@nen	
"pyday"@mvi	<https://panlex.org/snapshot/panlex-20191001-csv/114#8052447>				<https://panlex.org/snapshot/panlex-20191001-csv/114#8052463>		"amagnoroni"@nen	
"pyday"@mvi	<https://panlex.org/snapshot/panlex-20191001-csv/114#8052447>				<https://panlex.org/snapshot/panlex-20191001-csv/114#8052464>		"ŋorohni"@nen	
"barō"@mvi	<https://panlex.org/snapshot/panlex-20191001-csv/114#8068423>				<https://panlex.org/snapshot/panlex-20191001-csv/114#8068439>		"numa"@nen	
"kā"@mvi	<https://panlex.org/snapshot/panlex-20191001-csv/114#8057536>				<https://panlex.org/snapshot/panlex-20191001-csv/114#8057554>		"nenun"@nen	
"kusammi"@mvi	<https://panlex.org/snapshot/panlex-20191001-csv/114#8058044>				<https://panlex.org/snapshot/panlex-20191001-csv/114#8058064>		"thoŋa"@nen	
"kusammi"@mvi	<https://panlex.org/snapshot/panlex-20191001-csv/114#8058044>				<https://panlex.org/snapshot/panlex-20191001-csv/114#8058063>		"durejo"@nen	
"kusammi"@mvi	<https://panlex.org/snapshot/panlex-20191001-csv/114#8058044>				<https://panlex.org/snapshot/panlex-20191001-csv/114#8058062>		"co"@nen	
"mtabuki"@mvi	<https://panlex.org/snapshot/panlex-20191001-csv/114#8057039>				<https://panlex.org/snapshot/panlex-20191001-csv/114#8057057>		"aerawa"@nen	
"nubuy"@mvi	<https://panlex.org/snapshot/panlex-20191001-csv/114#8064241>				<https://panlex.org/snapshot/panlex-20191001-csv/114#8064258>		"guretho"@nen	
"sda"@mvi	<https://panlex.org/snapshot/panlex-20191001-csv/114#8067892>				<https://panlex.org/snapshot/panlex-20191001-csv/114#8067908>		"gu|tinen"@nen	
"mcy"@mvi	<https://panlex.org/snapshot/panlex-20191001-csv/114#8054535>				<https://panlex.org/snapshot/panlex-20191001-csv/114#8054554>		"lene"@nen	
"mcy"@mvi	<https://panlex.org/snapshot/panlex-20191001-csv/114#8054535>				<https://panlex.org/snapshot/panlex-20191001-csv/114#8054553>		"gu|relan"@nen	
"pā"@mvi	<https://panlex.org/snapshot/panlex-20191001-csv/114#8067369>				<https://panlex.org/snapshot/panlex-20191001-csv/114#8067387>		"yege"@nen	
"tī"@mvi	<https://panlex.org/snapshot/panlex-20191001-csv/114#8051942>				<https://panlex.org/snapshot/panlex-20191001-csv/114#8051960>		"aranin"@nen	
"tī"@mvi	<https://panlex.org/snapshot/panlex-20191001-csv/114#8051942>				<https://panlex.org/snapshot/panlex-20191001-csv/114#8051961>		"nin"@nen	
"tī"@mvi	<https://panlex.org/snapshot/panlex-20191001-csv/114#8051942>				<https://panlex.org/snapshot/panlex-20191001-csv/114#8051962>		"wanin"@nen	
