"mmi"@mvi	<https://panlex.org/snapshot/panlex-20191001-csv/114#8060622>				<https://panlex.org/snapshot/panlex-20191001-csv/114#8060379>		"susu"@ch	
"ngy"@mvi	<https://panlex.org/snapshot/panlex-20191001-csv/114#8052910>				<https://panlex.org/snapshot/panlex-20191001-csv/114#8052725>		"agapaʼ"@ch	
"pyday"@mvi	<https://panlex.org/snapshot/panlex-20191001-csv/114#8052447>				<https://panlex.org/snapshot/panlex-20191001-csv/114#8052255>		"akague"@ch	
"barō"@mvi	<https://panlex.org/snapshot/panlex-20191001-csv/114#8068423>				<https://panlex.org/snapshot/panlex-20191001-csv/114#8068198>		"chalek"@ch	
"kā"@mvi	<https://panlex.org/snapshot/panlex-20191001-csv/114#8057536>				<https://panlex.org/snapshot/panlex-20191001-csv/114#8057319>		"lassas"@ch	
"kusammi"@mvi	<https://panlex.org/snapshot/panlex-20191001-csv/114#8058044>				<https://panlex.org/snapshot/panlex-20191001-csv/114#8057835>		"tátaloʼ"@ch	
"mtabuki"@mvi	<https://panlex.org/snapshot/panlex-20191001-csv/114#8057039>				<https://panlex.org/snapshot/panlex-20191001-csv/114#8056853>		"potbos"@ch	
"nubuy"@mvi	<https://panlex.org/snapshot/panlex-20191001-csv/114#8064241>				<https://panlex.org/snapshot/panlex-20191001-csv/114#8064024>		"agaʼgaʼ"@ch	
"sda"@mvi	<https://panlex.org/snapshot/panlex-20191001-csv/114#8067892>				<https://panlex.org/snapshot/panlex-20191001-csv/114#8067679>		"lenggua"@ch	
"sda"@mvi	<https://panlex.org/snapshot/panlex-20191001-csv/114#8067892>				<https://panlex.org/snapshot/panlex-20191001-csv/114#8067678>		"hulaʼ"@ch	
"mcy"@mvi	<https://panlex.org/snapshot/panlex-20191001-csv/114#8054535>				<https://panlex.org/snapshot/panlex-20191001-csv/114#8054337>		"chalan"@ch	
"pā"@mvi	<https://panlex.org/snapshot/panlex-20191001-csv/114#8067369>				<https://panlex.org/snapshot/panlex-20191001-csv/114#8067133>		"nifen"@ch	
"tī"@mvi	<https://panlex.org/snapshot/panlex-20191001-csv/114#8051942>				<https://panlex.org/snapshot/panlex-20191001-csv/114#8051703>		"kannai"@ch	
