"Ⲡⲣⲟⲥ Ⲫⲓⲗⲓⲡⲡⲟⲓⲥ"@cop	<https://panlex.org/snapshot/panlex-20191001-csv/6726#111132109>				<https://panlex.org/snapshot/panlex-20191001-csv/6726#111132189>		"Επιστολή προς Φιλιππησίους"@el	
"Ⲡⲉⲧⲣⲟⲩ Ⲉⲡⲓⲥⲧⲟⲗⲏ Ⲁ̄"@cop	<https://panlex.org/snapshot/panlex-20191001-csv/6726#111133849>				<https://panlex.org/snapshot/panlex-20191001-csv/6726#111133778>		"Επιστολή Πέτρου Αʹ"@el	
"Ⲡⲣⲟⲥ Ⲣⲱⲙⲉⲟⲥ"@cop	<https://panlex.org/snapshot/panlex-20191001-csv/6726#111131312>				<https://panlex.org/snapshot/panlex-20191001-csv/6726#111131301>		"Επιστολή προς Ρωμαίους"@el	
"Ⲡⲣⲁⲝⲓⲥ ⲧⲟⲛ Ⲁⲅⲓⲟⲛ Ⲁⲡⲟⲥⲧⲟⲗⲟⲛ"@cop	<https://panlex.org/snapshot/panlex-20191001-csv/6726#111131240>				<https://panlex.org/snapshot/panlex-20191001-csv/6726#111131164>		"Πράξεις των Αποστόλων"@el	
"Ⲓⲱⲁⲛⲛⲟⲩ Ⲉⲡⲓⲥⲧⲟⲗⲏ Ⲅ̄"@cop	<https://panlex.org/snapshot/panlex-20191001-csv/6726#111134525>				<https://panlex.org/snapshot/panlex-20191001-csv/6726#111134535>		"Επιστολή Ιωάννου Γʹ"@el	
"Ⲉⲩⲁⲅⲅⲉⲗⲓⲟⲛ ⲕⲁⲧⲁ Ⲗⲟⲩⲕⲁⲛ"@cop	<https://panlex.org/snapshot/panlex-20191001-csv/6726#111130923>				<https://panlex.org/snapshot/panlex-20191001-csv/6726#111130887>		"Κατά Λουκάν Ευαγγέλιον"@el	
"Ⲉⲩⲁⲅⲅⲉⲗⲓⲟⲛ ⲕⲁⲧⲁ Ⲙⲁⲣⲕⲟⲛ"@cop	<https://panlex.org/snapshot/panlex-20191001-csv/6726#111130736>				<https://panlex.org/snapshot/panlex-20191001-csv/6726#111130763>		"Κατά Μάρκον Ευαγγέλιον"@el	
"Ⲓⲱⲁⲛⲛⲟⲩ Ⲉⲡⲓⲥⲧⲟⲗⲏ Ⲃ̄"@cop	<https://panlex.org/snapshot/panlex-20191001-csv/6726#111134361>				<https://panlex.org/snapshot/panlex-20191001-csv/6726#111134322>		"Επιστολή Ιωάννου Βʹ"@el	
"Ϯⲁⲡⲟⲅⲁⲗⲩⲙⲯⲓⲥ ⲧⲟⲩ Ⲁⲅⲓⲟⲩ Ⲓⲱⲁⲛⲛⲟⲩ"@cop	<https://panlex.org/snapshot/panlex-20191001-csv/6726#111134841>				<https://panlex.org/snapshot/panlex-20191001-csv/6726#111134728>		"Αποκάλυψις Ιωάννου"@el	
"Ⲉⲡⲓⲥⲧⲟⲗⲏ Ⲓⲁⲕⲱⲃⲟⲥ"@cop	<https://panlex.org/snapshot/panlex-20191001-csv/6726#111133684>				<https://panlex.org/snapshot/panlex-20191001-csv/6726#111133575>		"Επιστολή Ιακώβου"@el	
"Ⲡⲣⲟⲥ Ⲧⲓⲙⲟⲑⲉⲟⲥ Ⲃ̄"@cop	<https://panlex.org/snapshot/panlex-20191001-csv/6726#111132925>				<https://panlex.org/snapshot/panlex-20191001-csv/6726#111133020>		"Επιστολή προς Τιμόθεον Βʹ"@el	
"Ⲡⲣⲟⲥ Ⲕⲟⲗⲁⲥⲥⲁⲓⲥ"@cop	<https://panlex.org/snapshot/panlex-20191001-csv/6726#111132277>				<https://panlex.org/snapshot/panlex-20191001-csv/6726#111132421>		"Επιστολή προς Κολοσσαείς"@el	
"Ⲡⲣⲟⲥ Ⲉⲫⲉⲥⲓⲟⲩⲥ"@cop	<https://panlex.org/snapshot/panlex-20191001-csv/6726#111132073>				<https://panlex.org/snapshot/panlex-20191001-csv/6726#111132016>		"Επιστολή προς Εφεσίους"@el	
"Ⲉⲩⲁⲅⲅⲉⲗⲓⲟⲛ ⲕⲁⲧⲁ Ⲓⲱⲁⲛⲛⲏⲥ"@cop	<https://panlex.org/snapshot/panlex-20191001-csv/6726#111131089>				<https://panlex.org/snapshot/panlex-20191001-csv/6726#111131099>		"Κατά Ιωάννην Ευαγγέλιον"@el	
"Ⲡⲉⲧⲣⲟⲩ Ⲉⲡⲓⲥⲧⲟⲗⲏ Ⲃ̄"@cop	<https://panlex.org/snapshot/panlex-20191001-csv/6726#111134007>				<https://panlex.org/snapshot/panlex-20191001-csv/6726#111133945>		"Επιστολή Πέτρου Βʹ"@el	
"Ⲓⲟⲩⲇⲁⲥ Ⲉⲡⲓⲥⲧⲟⲗⲏ"@cop	<https://panlex.org/snapshot/panlex-20191001-csv/6726#111134641>				<https://panlex.org/snapshot/panlex-20191001-csv/6726#111134614>		"Επιστολή Ιούδα"@el	
"Ⲡⲣⲟⲥ Ϩⲉⲃⲣⲉⲟⲥ"@cop	<https://panlex.org/snapshot/panlex-20191001-csv/6726#111133526>				<https://panlex.org/snapshot/panlex-20191001-csv/6726#111133498>		"Επιστολή προς Εβραίους"@el	
"Ⲡⲣⲟⲥ Ⲕⲟⲣⲓⲛⲑⲓⲟⲩⲥ Ⲁ̄"@cop	<https://panlex.org/snapshot/panlex-20191001-csv/6726#111131536>				<https://panlex.org/snapshot/panlex-20191001-csv/6726#111131470>		"Επιστολή προς Κορινθίους Αʹ"@el	
"Ⲓⲱⲁⲛⲛⲟⲩ Ⲉⲡⲓⲥⲧⲟⲗⲏ Ⲁ̄"@cop	<https://panlex.org/snapshot/panlex-20191001-csv/6726#111134156>				<https://panlex.org/snapshot/panlex-20191001-csv/6726#111134169>		"Επιστολή Ιωάννου Αʹ"@el	
"Ⲡⲣⲟⲥ Ⲕⲟⲣⲓⲛⲑⲓⲟⲩⲥ Ⲃ̄"@cop	<https://panlex.org/snapshot/panlex-20191001-csv/6726#111131649>				<https://panlex.org/snapshot/panlex-20191001-csv/6726#111131680>		"Επιστολή προς Κορινθίους Βʹ"@el	
"Ⲡⲣⲟⲥ Ⲅⲁⲗⲁⲧⲏⲥ"@cop	<https://panlex.org/snapshot/panlex-20191001-csv/6726#111131814>				<https://panlex.org/snapshot/panlex-20191001-csv/6726#111131913>		"Επιστολή προς Γαλάτας"@el	
"Ⲡⲣⲟⲥ Ⲑⲉⲥⲥⲁⲗⲟⲛⲓⲕⲏ Ⲁ̄"@cop	<https://panlex.org/snapshot/panlex-20191001-csv/6726#111132485>				<https://panlex.org/snapshot/panlex-20191001-csv/6726#111132585>		"Επιστολή προς Θεσσαλονικείς Αʹ"@el	
"Ⲡⲣⲟⲥ Ⲧⲓⲙⲟⲑⲉⲟⲥ Ⲁ̄"@cop	<https://panlex.org/snapshot/panlex-20191001-csv/6726#111132784>				<https://panlex.org/snapshot/panlex-20191001-csv/6726#111132856>		"Επιστολή προς Τιμόθεον Αʹ"@el	
"Ⲡⲣⲟⲥ Ⲧⲓⲧⲟⲥ"@cop	<https://panlex.org/snapshot/panlex-20191001-csv/6726#111133147>				<https://panlex.org/snapshot/panlex-20191001-csv/6726#111133230>		"Επιστολή προς Τίτον"@el	
"Ⲡⲣⲟⲥ Ⲑⲉⲥⲥⲁⲗⲟⲛⲓⲕⲏ Ⲃ̄"@cop	<https://panlex.org/snapshot/panlex-20191001-csv/6726#111132609>				<https://panlex.org/snapshot/panlex-20191001-csv/6726#111132665>		"Επιστολή προς Θεσσαλονικείς Βʹ"@el	
"Ⲡⲣⲟⲥ Ⲫⲓⲗⲓⲙⲱⲛ"@cop	<https://panlex.org/snapshot/panlex-20191001-csv/6726#111133379>				<https://panlex.org/snapshot/panlex-20191001-csv/6726#111133326>		"Επιστολή προς Φιλήμονα"@el	
"Ⲉⲩⲁⲅⲅⲉⲗⲓⲟⲛ ⲕⲁⲧⲁ Ⲙⲁⲧⲑⲉⲟⲛ"@cop	<https://panlex.org/snapshot/panlex-20191001-csv/6726#111130584>				<https://panlex.org/snapshot/panlex-20191001-csv/6726#111130519>		"Κατά Ματθαίον Ευαγγέλιον"@el	
"ⲡⲓⲥ̄ⲛⲁⲩ"@cop	<https://panlex.org/snapshot/panlex-20191001-csv/5947#84803365>				<https://panlex.org/snapshot/panlex-20191001-csv/5947#84803383>		"Δευτέρα"@el	
"ⲙⲁⲥⲉ"@cop	<https://panlex.org/snapshot/panlex-20191001-csv/5946#84453154>				<https://panlex.org/snapshot/panlex-20191001-csv/5946#84453162>		"μοσχάρι"@el	
"ⲑⲱⲟⲩⲓ"@cop	<https://panlex.org/snapshot/panlex-20191001-csv/5946#84451384>				<https://panlex.org/snapshot/panlex-20191001-csv/5946#84451392>		"υπόδημα"@el	
"ⲑⲱⲟⲩⲓ"@cop	<https://panlex.org/snapshot/panlex-20191001-csv/5946#84451384>				<https://panlex.org/snapshot/panlex-20191001-csv/5946#84451393>		"παπούτσι"@el	
"ϩⲓⲣⲏⲛⲏ"@cop	<https://panlex.org/snapshot/panlex-20191001-csv/2902#111012234>				<https://panlex.org/snapshot/panlex-20191001-csv/2902#111012199>		"ειρήνη"@el	
"Ⲡⲓⲓⲟⲙ ⲛ̄ⲭ̄ⲁⲙⲏ"@cop	<https://panlex.org/snapshot/panlex-20191001-csv/2905#110869117>				<https://panlex.org/snapshot/panlex-20191001-csv/2905#110869214>		"Εύξεινος Πόντος"@el	
"Ⲡⲓⲓⲟⲙ ⲛ̄ⲭ̄ⲁⲙⲏ"@cop	<https://panlex.org/snapshot/panlex-20191001-csv/2905#110869117>				<https://panlex.org/snapshot/panlex-20191001-csv/2905#110869184>		"Μαύρη Θάλασσα"@el	
"Ⲡⲓⲓⲟⲙ ⲛ̄ⲭ̄ⲁⲙⲏ"@cop	<https://panlex.org/snapshot/panlex-20191001-csv/2905#110869117>				<https://panlex.org/snapshot/panlex-20191001-csv/2905#110869002>		"Μαύρη Θάλασσα"@el	
"Ⲡⲓⲓⲟⲙ ⲛ̄ⲭ̄ⲁⲙⲏ"@cop	<https://panlex.org/snapshot/panlex-20191001-csv/2905#110869117>				<https://panlex.org/snapshot/panlex-20191001-csv/2905#110869026>		"Εὔξεινος Πόντος"@el	
"Ⲡⲓⲓⲟⲙ ⲛ̄ⲟ̄ⲩⲱⲃ"@cop	<https://panlex.org/snapshot/panlex-20191001-csv/2905#110871381>				<https://panlex.org/snapshot/panlex-20191001-csv/2905#110871292>		"Λευκή Θάλασσα"@el	
"Ⲡⲓⲓⲟⲙ ⲛ̄ⲟ̄ⲩⲱⲃ"@cop	<https://panlex.org/snapshot/panlex-20191001-csv/2905#110871381>				<https://panlex.org/snapshot/panlex-20191001-csv/2905#110871299>		"Λευκὴ Θάλασσα"@el	
"Ⲡⲓⲓⲟⲙ ⲛ̄ⲁ̄ⲟⲩⲓⲛ"@cop	<https://panlex.org/snapshot/panlex-20191001-csv/2905#110871510>				<https://panlex.org/snapshot/panlex-20191001-csv/2905#110871495>		"Κίτρινη Θάλασσα"@el	
"Ⲡⲓⲓⲟⲙ ⲛ̄ⲭ̄ⲣⲱⲙ"@cop	<https://panlex.org/snapshot/panlex-20191001-csv/2905#110870913>				<https://panlex.org/snapshot/panlex-20191001-csv/2905#110871074>		"Ερυθρά Θάλασσα"@el	
"Ⲡⲓⲓⲟⲙ ⲛ̄ⲭ̄ⲣⲱⲙ"@cop	<https://panlex.org/snapshot/panlex-20191001-csv/2905#110870913>				<https://panlex.org/snapshot/panlex-20191001-csv/2905#110871040>		"Ἐρυθρὰ Θάλασσα"@el	
"ⲥⲉ"@cop	<https://panlex.org/snapshot/panlex-20191001-csv/8#133891>				<https://panlex.org/snapshot/panlex-20191001-csv/8#133897>		"ναι"@el	
"ⲟⲉⲓⲕ"@cop	<https://panlex.org/snapshot/panlex-20191001-csv/10#596002>				<https://panlex.org/snapshot/panlex-20191001-csv/10#596007>		"ψωμί"@el	
"ⲕⲩⲣⲓⲁⲕⲏ"@cop	<https://panlex.org/snapshot/panlex-20191001-csv/2892#110826759>				<https://panlex.org/snapshot/panlex-20191001-csv/2892#110826706>		"Κυριακή"@el	
"ⲥⲁⲃⲃⲁⲧⲟⲛ"@cop	<https://panlex.org/snapshot/panlex-20191001-csv/2892#110826147>				<https://panlex.org/snapshot/panlex-20191001-csv/2892#110826518>		"Σάββατο"@el	
"ⲡⲉϥⲧⲟⲟⲩ"@cop	<https://panlex.org/snapshot/panlex-20191001-csv/2892#110825245>				<https://panlex.org/snapshot/panlex-20191001-csv/2892#110825240>		"Τετάρτη"@el	
"ⲡⲓⲥⲟⲟⲩ"@cop	<https://panlex.org/snapshot/panlex-20191001-csv/2892#110825875>				<https://panlex.org/snapshot/panlex-20191001-csv/2892#110825974>		"Παρασκευή"@el	
"ⲡⲓⲥ̄ⲛⲁⲩ"@cop	<https://panlex.org/snapshot/panlex-20191001-csv/2892#110824092>				<https://panlex.org/snapshot/panlex-20191001-csv/2892#110824274>		"Δευτέρα"@el	
"ⲡⲉⲥⲛⲁⲩ"@cop	<https://panlex.org/snapshot/panlex-20191001-csv/2892#110824417>				<https://panlex.org/snapshot/panlex-20191001-csv/2892#110824274>		"Δευτέρα"@el	
"ⲡⲓⲟⲩⲁⲓ"@cop	<https://panlex.org/snapshot/panlex-20191001-csv/2892#110826602>				<https://panlex.org/snapshot/panlex-20191001-csv/2892#110826706>		"Κυριακή"@el	
"ⲡⲁⲣⲁⲥⲕⲉⲩⲏ"@cop	<https://panlex.org/snapshot/panlex-20191001-csv/2892#110826118>				<https://panlex.org/snapshot/panlex-20191001-csv/2892#110825974>		"Παρασκευή"@el	
"ⲡϣⲟⲙⲛⲧ"@cop	<https://panlex.org/snapshot/panlex-20191001-csv/2892#110824519>				<https://panlex.org/snapshot/panlex-20191001-csv/2892#110824665>		"Τρίτη"@el	
"ⲥⲁⲃⲃⲁⲧⲟⲛ"@cop	<https://panlex.org/snapshot/panlex-20191001-csv/2892#110826222>				<https://panlex.org/snapshot/panlex-20191001-csv/2892#110826518>		"Σάββατο"@el	
"ⲡⲓϣⲟⲙⲧ"@cop	<https://panlex.org/snapshot/panlex-20191001-csv/2892#110824615>				<https://panlex.org/snapshot/panlex-20191001-csv/2892#110824665>		"Τρίτη"@el	
"ⲡⲁⲣⲁⲥⲕⲉⲩⲏ"@cop	<https://panlex.org/snapshot/panlex-20191001-csv/2892#110825758>				<https://panlex.org/snapshot/panlex-20191001-csv/2892#110825974>		"Παρασκευή"@el	
"ⲡⲓϣⲁϣϥ"@cop	<https://panlex.org/snapshot/panlex-20191001-csv/2892#110826466>				<https://panlex.org/snapshot/panlex-20191001-csv/2892#110826518>		"Σάββατο"@el	
"ⲕⲩⲣⲓⲁⲕⲏ"@cop	<https://panlex.org/snapshot/panlex-20191001-csv/2892#110826605>				<https://panlex.org/snapshot/panlex-20191001-csv/2892#110826706>		"Κυριακή"@el	
"ⲡⲥⲟⲟⲩ"@cop	<https://panlex.org/snapshot/panlex-20191001-csv/2892#110825939>				<https://panlex.org/snapshot/panlex-20191001-csv/2892#110825974>		"Παρασκευή"@el	
"ⲡⲓϯⲟⲩ"@cop	<https://panlex.org/snapshot/panlex-20191001-csv/2892#110825267>				<https://panlex.org/snapshot/panlex-20191001-csv/2892#110825616>		"Πέμπτη"@el	
"ⲡⲓϥ̄ⲧⲟⲟⲩ"@cop	<https://panlex.org/snapshot/panlex-20191001-csv/2892#110825117>				<https://panlex.org/snapshot/panlex-20191001-csv/2892#110825240>		"Τετάρτη"@el	
"ⲡϯⲟⲩ"@cop	<https://panlex.org/snapshot/panlex-20191001-csv/2892#110825568>				<https://panlex.org/snapshot/panlex-20191001-csv/2892#110825616>		"Πέμπτη"@el	
"Ⲛⲟⲉ̄ⲙⲃⲣⲓⲟⲥ"@cop	<https://panlex.org/snapshot/panlex-20191001-csv/2897#110831226>				<https://panlex.org/snapshot/panlex-20191001-csv/2897#110831159>		"Νοέμβρης"@el	
"Ⲛⲟⲉ̄ⲙⲃⲣⲓⲟⲥ"@cop	<https://panlex.org/snapshot/panlex-20191001-csv/2897#110831226>				<https://panlex.org/snapshot/panlex-20191001-csv/2897#110831318>		"Νοέμβριος"@el	
"Ⲥⲉⲡⲧⲉⲙⲃⲣⲓⲟⲥ"@cop	<https://panlex.org/snapshot/panlex-20191001-csv/2897#110830406>				<https://panlex.org/snapshot/panlex-20191001-csv/2897#110830441>		"Σεπτέμβριος"@el	
"Ⲥⲉⲡⲧⲉⲙⲃⲣⲓⲟⲥ"@cop	<https://panlex.org/snapshot/panlex-20191001-csv/2897#110830406>				<https://panlex.org/snapshot/panlex-20191001-csv/2897#110830718>		"Σεπτέμβρης"@el	
"Ⲙⲁⲓⲟⲥ"@cop	<https://panlex.org/snapshot/panlex-20191001-csv/2897#110828819>				<https://panlex.org/snapshot/panlex-20191001-csv/2897#110829030>		"Μάης"@el	
"Ⲙⲁⲓⲟⲥ"@cop	<https://panlex.org/snapshot/panlex-20191001-csv/2897#110828819>				<https://panlex.org/snapshot/panlex-20191001-csv/2897#110828719>		"Μάϊος"@el	
"Ⲓⲟⲩⲛⲓⲟⲥ"@cop	<https://panlex.org/snapshot/panlex-20191001-csv/2897#110829281>				<https://panlex.org/snapshot/panlex-20191001-csv/2897#110829274>		"Ἰούνιος"@el	
"Ⲓⲟⲩⲛⲓⲟⲥ"@cop	<https://panlex.org/snapshot/panlex-20191001-csv/2897#110829281>				<https://panlex.org/snapshot/panlex-20191001-csv/2897#110829172>		"Ιούνης"@el	
"Ⲁⲩⲅⲟⲩⲥⲧⲟⲥ"@cop	<https://panlex.org/snapshot/panlex-20191001-csv/2897#110830120>				<https://panlex.org/snapshot/panlex-20191001-csv/2897#110829963>		"Αὔγουστος"@el	
"Ⲁⲩⲅⲟⲩⲥⲧⲟⲥ"@cop	<https://panlex.org/snapshot/panlex-20191001-csv/2897#110830120>				<https://panlex.org/snapshot/panlex-20191001-csv/2897#110830174>		"Αύγουστος"@el	
"Ⲇⲉⲕⲉⲙⲃⲣⲓⲟⲥ"@cop	<https://panlex.org/snapshot/panlex-20191001-csv/2897#110831743>				<https://panlex.org/snapshot/panlex-20191001-csv/2897#110831895>		"Δεκέμβρης"@el	
"Ⲇⲉⲕⲉⲙⲃⲣⲓⲟⲥ"@cop	<https://panlex.org/snapshot/panlex-20191001-csv/2897#110831743>				<https://panlex.org/snapshot/panlex-20191001-csv/2897#110831893>		"Δεκέμβριος"@el	
"Ⲫⲉⲃⲣⲟⲩⲁ̄ⲣⲓⲟⲥ"@cop	<https://panlex.org/snapshot/panlex-20191001-csv/2897#110827579>				<https://panlex.org/snapshot/panlex-20191001-csv/2897#110827676>		"Φεβρουάριος"@el	
"Ⲫⲉⲃⲣⲟⲩⲁ̄ⲣⲓⲟⲥ"@cop	<https://panlex.org/snapshot/panlex-20191001-csv/2897#110827579>				<https://panlex.org/snapshot/panlex-20191001-csv/2897#110827649>		"Φλεβάρης"@el	
"Ⲓⲟⲩⲗⲓⲟⲥ"@cop	<https://panlex.org/snapshot/panlex-20191001-csv/2897#110829799>				<https://panlex.org/snapshot/panlex-20191001-csv/2897#110829552>		"Ιούλης"@el	
"Ⲓⲟⲩⲗⲓⲟⲥ"@cop	<https://panlex.org/snapshot/panlex-20191001-csv/2897#110829799>				<https://panlex.org/snapshot/panlex-20191001-csv/2897#110829738>		"Ἰούλιος"@el	
"Ⲟⲕⲧⲱⲃⲣⲓⲟⲥ"@cop	<https://panlex.org/snapshot/panlex-20191001-csv/2897#110831131>				<https://panlex.org/snapshot/panlex-20191001-csv/2897#110830841>		"Οκτώβρης"@el	
"Ⲟⲕⲧⲱⲃⲣⲓⲟⲥ"@cop	<https://panlex.org/snapshot/panlex-20191001-csv/2897#110831131>				<https://panlex.org/snapshot/panlex-20191001-csv/2897#110830823>		"Ὀκτώβριος"@el	
"Ⲓⲁⲛⲟⲩⲁ̄ⲣⲓⲟⲥ"@cop	<https://panlex.org/snapshot/panlex-20191001-csv/2897#110827085>				<https://panlex.org/snapshot/panlex-20191001-csv/2897#110827340>		"Ἰανουάριος"@el	
"Ⲓⲁⲛⲟⲩⲁ̄ⲣⲓⲟⲥ"@cop	<https://panlex.org/snapshot/panlex-20191001-csv/2897#110827085>				<https://panlex.org/snapshot/panlex-20191001-csv/2897#110827405>		"Γενάρης"@el	
"Ⲁⲡⲣⲓⲗⲓⲟⲥ"@cop	<https://panlex.org/snapshot/panlex-20191001-csv/2897#110828655>				<https://panlex.org/snapshot/panlex-20191001-csv/2897#110828583>		"Ἀπρίλιος"@el	
"Ⲁⲡⲣⲓⲗⲓⲟⲥ"@cop	<https://panlex.org/snapshot/panlex-20191001-csv/2897#110828655>				<https://panlex.org/snapshot/panlex-20191001-csv/2897#110828565>		"Απρίλης"@el	
"Ⲙⲁⲣⲧⲓⲟⲥ"@cop	<https://panlex.org/snapshot/panlex-20191001-csv/2897#110827862>				<https://panlex.org/snapshot/panlex-20191001-csv/2897#110827938>		"Μάρτης"@el	
"Ⲙⲁⲣⲧⲓⲟⲥ"@cop	<https://panlex.org/snapshot/panlex-20191001-csv/2897#110827862>				<https://panlex.org/snapshot/panlex-20191001-csv/2897#110828159>		"Μάρτιος"@el	
"Ⲁⲫⲣⲩⲕⲓⲁ̄"@cop	<https://panlex.org/snapshot/panlex-20191001-csv/2891#110853065>				<https://panlex.org/snapshot/panlex-20191001-csv/2891#110853174>		"Αφρική"@el	
"Ⲁⲫⲣⲩⲕⲓⲁ̄"@cop	<https://panlex.org/snapshot/panlex-20191001-csv/2891#110853065>				<https://panlex.org/snapshot/panlex-20191001-csv/2891#110853088>		"Ἀφρική"@el	
"ϯⲁⲥⲡⲓ ⲛⲣⲉⲙⲣⲏⲥ"@cop	<https://panlex.org/snapshot/panlex-20191001-csv/0#107618354>				<https://panlex.org/snapshot/panlex-20191001-csv/0#113662029>		"Κοπτική γλώσσα"@el	
