"na-hu-te"@elx	<https://panlex.org/snapshot/panlex-20191001-csv/1573#50091358>				<https://panlex.org/snapshot/panlex-20191001-csv/1573#50091447>		"sōl"@non	
"na-hu-te"@elx	<https://panlex.org/snapshot/panlex-20191001-csv/1573#50091358>				<https://panlex.org/snapshot/panlex-20191001-csv/1573#50091446>		"sunna"@non	
"zu-ul"@elx	<https://panlex.org/snapshot/panlex-20191001-csv/1573#50085704>				<https://panlex.org/snapshot/panlex-20191001-csv/1573#50085793>		"vatn"@non	
"šà-ri-ut"@elx	<https://panlex.org/snapshot/panlex-20191001-csv/1573#50085146>				<https://panlex.org/snapshot/panlex-20191001-csv/1573#50085264>		"bakki"@non	
"šà-ri-ut"@elx	<https://panlex.org/snapshot/panlex-20191001-csv/1573#50085146>				<https://panlex.org/snapshot/panlex-20191001-csv/1573#50085265>		"strond"@non	
"ma-lu"@elx	<https://panlex.org/snapshot/panlex-20191001-csv/1573#50090258>				<https://panlex.org/snapshot/panlex-20191001-csv/1573#50090348>		"trē"@non	
"ma-lu"@elx	<https://panlex.org/snapshot/panlex-20191001-csv/1573#50090258>				<https://panlex.org/snapshot/panlex-20191001-csv/1573#50090349>		"viðr"@non	
"hu-sa"@elx	<https://panlex.org/snapshot/panlex-20191001-csv/1573#50090004>				<https://panlex.org/snapshot/panlex-20191001-csv/1573#50090092>		"baðmr"@non	
"hu-sa"@elx	<https://panlex.org/snapshot/panlex-20191001-csv/1573#50090004>				<https://panlex.org/snapshot/panlex-20191001-csv/1573#50090093>		"trē"@non	
"har"@elx	<https://panlex.org/snapshot/panlex-20191001-csv/1573#50090556>				<https://panlex.org/snapshot/panlex-20191001-csv/1573#50090702>		"steinn"@non	
"zu-ul.la-li"@elx	<https://panlex.org/snapshot/panlex-20191001-csv/1573#50088931>				<https://panlex.org/snapshot/panlex-20191001-csv/1573#50089075>		"brunnr"@non	
"zu-ul.la-li"@elx	<https://panlex.org/snapshot/panlex-20191001-csv/1573#50088931>				<https://panlex.org/snapshot/panlex-20191001-csv/1573#50089076>		"kelda"@non	
"husa"@elx	<https://panlex.org/snapshot/panlex-20191001-csv/1573#50090006>				<https://panlex.org/snapshot/panlex-20191001-csv/1573#50090092>		"baðmr"@non	
"husa"@elx	<https://panlex.org/snapshot/panlex-20191001-csv/1573#50090006>				<https://panlex.org/snapshot/panlex-20191001-csv/1573#50090093>		"trē"@non	
"zul"@elx	<https://panlex.org/snapshot/panlex-20191001-csv/1573#50085705>				<https://panlex.org/snapshot/panlex-20191001-csv/1573#50085793>		"vatn"@non	
"am-ni"@elx	<https://panlex.org/snapshot/panlex-20191001-csv/1573#50083541>				<https://panlex.org/snapshot/panlex-20191001-csv/1573#50083682>		"fjall"@non	
"hu-sa-a"@elx	<https://panlex.org/snapshot/panlex-20191001-csv/1573#50090005>				<https://panlex.org/snapshot/panlex-20191001-csv/1573#50090092>		"baðmr"@non	
"hu-sa-a"@elx	<https://panlex.org/snapshot/panlex-20191001-csv/1573#50090005>				<https://panlex.org/snapshot/panlex-20191001-csv/1573#50090093>		"trē"@non	
"hu-uk"@elx	<https://panlex.org/snapshot/panlex-20191001-csv/1573#50090257>				<https://panlex.org/snapshot/panlex-20191001-csv/1573#50090348>		"trē"@non	
"hu-uk"@elx	<https://panlex.org/snapshot/panlex-20191001-csv/1573#50090257>				<https://panlex.org/snapshot/panlex-20191001-csv/1573#50090349>		"viðr"@non	
"kam"@elx	<https://panlex.org/snapshot/panlex-20191001-csv/1573#50085957>				<https://panlex.org/snapshot/panlex-20191001-csv/1573#50086034>		"marr"@non	
"kam"@elx	<https://panlex.org/snapshot/panlex-20191001-csv/1573#50085957>				<https://panlex.org/snapshot/panlex-20191001-csv/1573#50086033>		"haf"@non	
"kam"@elx	<https://panlex.org/snapshot/panlex-20191001-csv/1573#50085957>				<https://panlex.org/snapshot/panlex-20191001-csv/1573#50086035>		"sœr"@non	
"hu-h-qat"@elx	<https://panlex.org/snapshot/panlex-20191001-csv/1573#50090256>				<https://panlex.org/snapshot/panlex-20191001-csv/1573#50090348>		"trē"@non	
"hu-h-qat"@elx	<https://panlex.org/snapshot/panlex-20191001-csv/1573#50090256>				<https://panlex.org/snapshot/panlex-20191001-csv/1573#50090349>		"viðr"@non	
"nahiti = na-hi-ti"@elx	<https://panlex.org/snapshot/panlex-20191001-csv/1573#50091359>				<https://panlex.org/snapshot/panlex-20191001-csv/1573#50091447>		"sōl"@non	
"nahiti = na-hi-ti"@elx	<https://panlex.org/snapshot/panlex-20191001-csv/1573#50091359>				<https://panlex.org/snapshot/panlex-20191001-csv/1573#50091446>		"sunna"@non	
"su-uk-ma"@elx	<https://panlex.org/snapshot/panlex-20191001-csv/1573#50082672>				<https://panlex.org/snapshot/panlex-20191001-csv/1573#50082774>		"dust"@non	
"su-uk-ma"@elx	<https://panlex.org/snapshot/panlex-20191001-csv/1573#50082672>				<https://panlex.org/snapshot/panlex-20191001-csv/1573#50082773>		"dupt"@non	
"na-h-hu-un-te"@elx	<https://panlex.org/snapshot/panlex-20191001-csv/1573#50091357>				<https://panlex.org/snapshot/panlex-20191001-csv/1573#50091447>		"sōl"@non	
"na-h-hu-un-te"@elx	<https://panlex.org/snapshot/panlex-20191001-csv/1573#50091357>				<https://panlex.org/snapshot/panlex-20191001-csv/1573#50091446>		"sunna"@non	
"ú-h-um-ma"@elx	<https://panlex.org/snapshot/panlex-20191001-csv/1573#50090557>				<https://panlex.org/snapshot/panlex-20191001-csv/1573#50090702>		"steinn"@non	
