"eʼdo-gaay"@ayo	<https://panlex.org/snapshot/panlex-20191001-csv/1573#50085079>				<https://panlex.org/snapshot/panlex-20191001-csv/1573#50085175>		"aigia’los"@grc	
"eʼdo-gaay"@ayo	<https://panlex.org/snapshot/panlex-20191001-csv/1573#50085079>				<https://panlex.org/snapshot/panlex-20191001-csv/1573#50085176>		"a’ktē"@grc	
"pari-ʼŋee-oneʔ"@ayo	<https://panlex.org/snapshot/panlex-20191001-csv/1573#50084484>				<https://panlex.org/snapshot/panlex-20191001-csv/1573#50084553>		"koi’las"@grc	
"pari-ʼŋee-oneʔ"@ayo	<https://panlex.org/snapshot/panlex-20191001-csv/1573#50084484>				<https://panlex.org/snapshot/panlex-20191001-csv/1573#50084554>		"’napē"@grc	
"yote keʼde-n̥ai eebiʼe"@ayo	<https://panlex.org/snapshot/panlex-20191001-csv/1573#50087636>				<https://panlex.org/snapshot/panlex-20191001-csv/1573#50087707>		"’kūma"@grc	
"eero-ʼgodeʔ"@ayo	<https://panlex.org/snapshot/panlex-20191001-csv/1573#50090200>				<https://panlex.org/snapshot/panlex-20191001-csv/1573#50090278>		"’ksulon"@grc	
"eʼram-oneʔ"@ayo	<https://panlex.org/snapshot/panlex-20191001-csv/1573#50081718>				<https://panlex.org/snapshot/panlex-20191001-csv/1573#50081797>		"’kosmos"@grc	
"eʼram-oneʔ"@ayo	<https://panlex.org/snapshot/panlex-20191001-csv/1573#50081718>				<https://panlex.org/snapshot/panlex-20191001-csv/1573#50081796>		"oikū’menē"@grc	
"kukaʼrat-edo"@ayo	<https://panlex.org/snapshot/panlex-20191001-csv/1573#50085411>				<https://panlex.org/snapshot/panlex-20191001-csv/1573#50085480>		"’spēlaion"@grc	
"kukaʼrat-edo"@ayo	<https://panlex.org/snapshot/panlex-20191001-csv/1573#50085411>				<https://panlex.org/snapshot/panlex-20191001-csv/1573#50085479>		"’antron"@grc	
"ʼgaare"@ayo	<https://panlex.org/snapshot/panlex-20191001-csv/1573#50089212>				<https://panlex.org/snapshot/panlex-20191001-csv/1573#50089291>		"’helos"@grc	
"p-ačami-ʼni"@ayo	<https://panlex.org/snapshot/panlex-20191001-csv/1573#50081975>				<https://panlex.org/snapshot/panlex-20191001-csv/1573#50082070>		"kʰtʰōn"@grc	
"p-ačami-ʼni"@ayo	<https://panlex.org/snapshot/panlex-20191001-csv/1573#50081975>				<https://panlex.org/snapshot/panlex-20191001-csv/1573#50082069>		"gē"@grc	
"pakataari-ʼŋeei"@ayo	<https://panlex.org/snapshot/panlex-20191001-csv/1573#50082892>				<https://panlex.org/snapshot/panlex-20191001-csv/1573#50082987>		"pē’los"@grc	
"uʼru-i"@ayo	<https://panlex.org/snapshot/panlex-20191001-csv/1573#50082619>				<https://panlex.org/snapshot/panlex-20191001-csv/1573#50082698>		"’konis"@grc	
"gee-ʼdeʔ"@ayo	<https://panlex.org/snapshot/panlex-20191001-csv/1573#50091306>				<https://panlex.org/snapshot/panlex-20191001-csv/1573#50091380>		"’hēlios"@grc	
"abuʼe"@ayo	<https://panlex.org/snapshot/panlex-20191001-csv/1573#50084706>				<https://panlex.org/snapshot/panlex-20191001-csv/1573#50084767>		"’nēsos"@grc	
"oroʼko-daaʼte"@ayo	<https://panlex.org/snapshot/panlex-20191001-csv/1573#50083455>				<https://panlex.org/snapshot/panlex-20191001-csv/1573#50083577>		"kolō’nos"@grc	
"oroʼko-daaʼte"@ayo	<https://panlex.org/snapshot/panlex-20191001-csv/1573#50083455>				<https://panlex.org/snapshot/panlex-20191001-csv/1573#50083578>		"’lopʰos"@grc	
"oroʼko-daaʼte"@ayo	<https://panlex.org/snapshot/panlex-20191001-csv/1573#50083455>				<https://panlex.org/snapshot/panlex-20191001-csv/1573#50083576>		"bū’nos"@grc	
"oroʼko-daaʼte"@ayo	<https://panlex.org/snapshot/panlex-20191001-csv/1573#50083455>				<https://panlex.org/snapshot/panlex-20191001-csv/1573#50083579>		"’oros"@grc	
"yoote keʼde-n̥ai"@ayo	<https://panlex.org/snapshot/panlex-20191001-csv/1573#50085914>				<https://panlex.org/snapshot/panlex-20191001-csv/1573#50085975>		"’pontos"@grc	
"yoote keʼde-n̥ai"@ayo	<https://panlex.org/snapshot/panlex-20191001-csv/1573#50085914>				<https://panlex.org/snapshot/panlex-20191001-csv/1573#50085976>		"’tʰalassa"@grc	
"yoote keʼde-n̥ai"@ayo	<https://panlex.org/snapshot/panlex-20191001-csv/1573#50085914>				<https://panlex.org/snapshot/panlex-20191001-csv/1573#50085974>		"hals"@grc	
"yooʼdi"@ayo	<https://panlex.org/snapshot/panlex-20191001-csv/1573#50085651>				<https://panlex.org/snapshot/panlex-20191001-csv/1573#50085724>		"’hudōr"@grc	
"gaʼray"@ayo	<https://panlex.org/snapshot/panlex-20191001-csv/1573#50084149>				<https://panlex.org/snapshot/panlex-20191001-csv/1573#50084259>		"pe’dion"@grc	
"kukaraʼne"@ayo	<https://panlex.org/snapshot/panlex-20191001-csv/1573#50090476>				<https://panlex.org/snapshot/panlex-20191001-csv/1573#50090591>		"’petrā"@grc	
"kukaraʼne"@ayo	<https://panlex.org/snapshot/panlex-20191001-csv/1573#50090476>				<https://panlex.org/snapshot/panlex-20191001-csv/1573#50090590>		"’litʰos"@grc	
"gaaʼteei"@ayo	<https://panlex.org/snapshot/panlex-20191001-csv/1573#50091053>				<https://panlex.org/snapshot/panlex-20191001-csv/1573#50091130>		"ūra’nos"@grc	
"uʼn̥a"@ayo	<https://panlex.org/snapshot/panlex-20191001-csv/1573#50083181>				<https://panlex.org/snapshot/panlex-20191001-csv/1573#50083249>		"’ammos"@grc	
"uʼn̥a"@ayo	<https://panlex.org/snapshot/panlex-20191001-csv/1573#50083181>				<https://panlex.org/snapshot/panlex-20191001-csv/1573#50083250>		"’psammos"@grc	
"gaaʼɲ̥oo"@ayo	<https://panlex.org/snapshot/panlex-20191001-csv/1573#50086883>				<https://panlex.org/snapshot/panlex-20191001-csv/1573#50086957>		"’limnē"@grc	
"gaaʼɲ̥oo"@ayo	<https://panlex.org/snapshot/panlex-20191001-csv/1573#50087255>				<https://panlex.org/snapshot/panlex-20191001-csv/1573#50087295>		"’tenagos"@grc	
"eʼrami"@ayo	<https://panlex.org/snapshot/panlex-20191001-csv/1573#50089655>				<https://panlex.org/snapshot/panlex-20191001-csv/1573#50089735>		"’hūlē"@grc	
"tiiʼe"@ayo	<https://panlex.org/snapshot/panlex-20191001-csv/1573#50088211>				<https://panlex.org/snapshot/panlex-20191001-csv/1573#50088353>		"’hreuma"@grc	
"tiiʼe"@ayo	<https://panlex.org/snapshot/panlex-20191001-csv/1573#50088211>				<https://panlex.org/snapshot/panlex-20191001-csv/1573#50088352>		"pota’mos"@grc	
"tiiʼe"@ayo	<https://panlex.org/snapshot/panlex-20191001-csv/1573#50088211>				<https://panlex.org/snapshot/panlex-20191001-csv/1573#50088354>		"’kʰeimarros"@grc	
"n̥uʼmi taaraaʼčui"@ayo	<https://panlex.org/snapshot/panlex-20191001-csv/1573#50090862>				<https://panlex.org/snapshot/panlex-20191001-csv/1573#50090923>		"sei’smos"@grc	
"parari-ʼŋeke-daaʼtei"@ayo	<https://panlex.org/snapshot/panlex-20191001-csv/1573#50083858>				<https://panlex.org/snapshot/panlex-20191001-csv/1573#50083953>		"krē’mnos"@grc	
"n̥uʼmi"@ayo	<https://panlex.org/snapshot/panlex-20191001-csv/1573#50082306>				<https://panlex.org/snapshot/panlex-20191001-csv/1573#50082398>		"’pedon"@grc	
"n̥uʼmi"@ayo	<https://panlex.org/snapshot/panlex-20191001-csv/1573#50082306>				<https://panlex.org/snapshot/panlex-20191001-csv/1573#50082395>		"gē"@grc	
"n̥uʼmi"@ayo	<https://panlex.org/snapshot/panlex-20191001-csv/1573#50082306>				<https://panlex.org/snapshot/panlex-20191001-csv/1573#50082396>		"’edapʰos"@grc	
"n̥uʼmi"@ayo	<https://panlex.org/snapshot/panlex-20191001-csv/1573#50082306>				<https://panlex.org/snapshot/panlex-20191001-csv/1573#50082397>		"’kʰōma"@grc	
"siʼmii"@ayo	<https://panlex.org/snapshot/panlex-20191001-csv/1573#50088853>				<https://panlex.org/snapshot/panlex-20191001-csv/1573#50088966>		"’krēnē"@grc	
"siʼmii"@ayo	<https://panlex.org/snapshot/panlex-20191001-csv/1573#50088853>				<https://panlex.org/snapshot/panlex-20191001-csv/1573#50088967>		"’pʰrear"@grc	
"siʼmii"@ayo	<https://panlex.org/snapshot/panlex-20191001-csv/1573#50088853>				<https://panlex.org/snapshot/panlex-20191001-csv/1573#50088965>		"pē’gē"@grc	
"pooʼria"@ayo	<https://panlex.org/snapshot/panlex-20191001-csv/1573#50089946>				<https://panlex.org/snapshot/panlex-20191001-csv/1573#50090026>		"’dendron"@grc	
"iʼkarara"@ayo	<https://panlex.org/snapshot/panlex-20191001-csv/1573#50086484>				<https://panlex.org/snapshot/panlex-20191001-csv/1573#50086544>		"a’pʰros"@grc	
