"eʼdo-gaay"@ayo	<https://panlex.org/snapshot/panlex-20191001-csv/1573#50085079>				<https://panlex.org/snapshot/panlex-20191001-csv/1573#50085233>		"takaɬit yiŋmin"@enx	
"pari-ʼŋee-oneʔ"@ayo	<https://panlex.org/snapshot/panlex-20191001-csv/1573#50084484>				<https://panlex.org/snapshot/panlex-20191001-csv/1573#50084592>		"yipwat-iam"@enx	
"yote keʼde-n̥ai eebiʼe"@ayo	<https://panlex.org/snapshot/panlex-20191001-csv/1573#50087636>				<https://panlex.org/snapshot/panlex-20191001-csv/1573#50087742>		"el-yakya-haiam"@enx	
"eero-ʼgodeʔ"@ayo	<https://panlex.org/snapshot/panlex-20191001-csv/1573#50090200>				<https://panlex.org/snapshot/panlex-20191001-csv/1573#50090320>		"yantesiksik"@enx	
"eʼram-oneʔ"@ayo	<https://panlex.org/snapshot/panlex-20191001-csv/1573#50081718>				<https://panlex.org/snapshot/panlex-20191001-csv/1573#50081833>		"kyi-so-nel-wanmeŋ-kaɬa"@enx	
"ʼgaare"@ayo	<https://panlex.org/snapshot/panlex-20191001-csv/1573#50089212>				<https://panlex.org/snapshot/panlex-20191001-csv/1573#50089334>		"saŋye"@enx	
"p-ačami-ʼni"@ayo	<https://panlex.org/snapshot/panlex-20191001-csv/1573#50081975>				<https://panlex.org/snapshot/panlex-20191001-csv/1573#50082129>		"ɬapup"@enx	
"pakataari-ʼŋeei"@ayo	<https://panlex.org/snapshot/panlex-20191001-csv/1573#50082892>				<https://panlex.org/snapshot/panlex-20191001-csv/1573#50083039>		"yilpa"@enx	
"uʼru-i"@ayo	<https://panlex.org/snapshot/panlex-20191001-csv/1573#50082619>				<https://panlex.org/snapshot/panlex-20191001-csv/1573#50082743>		"ɬapup anik"@enx	
"abuʼe"@ayo	<https://panlex.org/snapshot/panlex-20191001-csv/1573#50084706>				<https://panlex.org/snapshot/panlex-20191001-csv/1573#50084805>		"ik-haiam ɬapup"@enx	
"oroʼko-daaʼte"@ayo	<https://panlex.org/snapshot/panlex-20191001-csv/1573#50083455>				<https://panlex.org/snapshot/panlex-20191001-csv/1573#50083647>		"inkyiɬe"@enx	
"yooʼdi"@ayo	<https://panlex.org/snapshot/panlex-20191001-csv/1573#50085651>				<https://panlex.org/snapshot/panlex-20191001-csv/1573#50085766>		"yiŋmin"@enx	
"gaʼray"@ayo	<https://panlex.org/snapshot/panlex-20191001-csv/1573#50084149>				<https://panlex.org/snapshot/panlex-20191001-csv/1573#50084325>		"paihe ɬapup"@enx	
"kukaraʼne"@ayo	<https://panlex.org/snapshot/panlex-20191001-csv/1573#50090476>				<https://panlex.org/snapshot/panlex-20191001-csv/1573#50090660>		"mitaimaŋ"@enx	
"gaaʼteei"@ayo	<https://panlex.org/snapshot/panlex-20191001-csv/1573#50091053>				<https://panlex.org/snapshot/panlex-20191001-csv/1573#50091165>		"netin"@enx	
"uʼn̥a"@ayo	<https://panlex.org/snapshot/panlex-20191001-csv/1573#50083181>				<https://panlex.org/snapshot/panlex-20191001-csv/1573#50083296>		"yinkamith"@enx	
"gaaʼɲ̥oo"@ayo	<https://panlex.org/snapshot/panlex-20191001-csv/1573#50086883>				<https://panlex.org/snapshot/panlex-20191001-csv/1573#50086995>		"ik-yakyeŋ-waiam"@enx	
"gaaʼɲ̥oo"@ayo	<https://panlex.org/snapshot/panlex-20191001-csv/1573#50087255>				<https://panlex.org/snapshot/panlex-20191001-csv/1573#50087317>		"saŋye"@enx	
"eʼrami"@ayo	<https://panlex.org/snapshot/panlex-20191001-csv/1573#50089655>				<https://panlex.org/snapshot/panlex-20191001-csv/1573#50089787>		"nathma"@enx	
"tiiʼe"@ayo	<https://panlex.org/snapshot/panlex-20191001-csv/1573#50088211>				<https://panlex.org/snapshot/panlex-20191001-csv/1573#50088433>		"elwata"@enx	
"tiiʼe"@ayo	<https://panlex.org/snapshot/panlex-20191001-csv/1573#50088211>				<https://panlex.org/snapshot/panlex-20191001-csv/1573#50088434>		"watsam"@enx	
"n̥uʼmi taaraaʼčui"@ayo	<https://panlex.org/snapshot/panlex-20191001-csv/1573#50090862>				<https://panlex.org/snapshot/panlex-20191001-csv/1573#50090956>		"ik-yohe-ka ɬapup"@enx	
"n̥uʼmi"@ayo	<https://panlex.org/snapshot/panlex-20191001-csv/1573#50082306>				<https://panlex.org/snapshot/panlex-20191001-csv/1573#50082458>		"ɬapup"@enx	
"siʼmii"@ayo	<https://panlex.org/snapshot/panlex-20191001-csv/1573#50088853>				<https://panlex.org/snapshot/panlex-20191001-csv/1573#50089037>		"yamilkyit"@enx	
"pooʼria"@ayo	<https://panlex.org/snapshot/panlex-20191001-csv/1573#50089946>				<https://panlex.org/snapshot/panlex-20191001-csv/1573#50090065>		"yamit"@enx	
"iʼkarara"@ayo	<https://panlex.org/snapshot/panlex-20191001-csv/1573#50086484>				<https://panlex.org/snapshot/panlex-20191001-csv/1573#50086576>		"ik-yak-mopaia"@enx	
