"palakeʔeme-n"@los	<https://panlex.org/snapshot/panlex-20191001-csv/114#8067824>				<https://panlex.org/snapshot/panlex-20191001-csv/114#8067689>		"meyana"@ddi	
"hoŋey"@los	<https://panlex.org/snapshot/panlex-20191001-csv/114#8066225>				<https://panlex.org/snapshot/panlex-20191001-csv/114#8066093>		"mayana"@ddi	
"maʔa-n"@los	<https://panlex.org/snapshot/panlex-20191001-csv/114#8057466>				<https://panlex.org/snapshot/panlex-20191001-csv/114#8057331>		"bubuna"@ddi	
"ŋoʔoputua-n"@los	<https://panlex.org/snapshot/panlex-20191001-csv/114#8059534>				<https://panlex.org/snapshot/panlex-20191001-csv/114#8059410>		"kamokamo"@ddi	
"helisai"@los	<https://panlex.org/snapshot/panlex-20191001-csv/114#8068357>				<https://panlex.org/snapshot/panlex-20191001-csv/114#8068214>		"velaiya"@ddi	
"ʔeye-n"@los	<https://panlex.org/snapshot/panlex-20191001-csv/114#8063089>				<https://panlex.org/snapshot/panlex-20191001-csv/114#8062960>		"dayayina"@ddi	
"pitiʔo-n"@los	<https://panlex.org/snapshot/panlex-20191001-csv/114#8059044>				<https://panlex.org/snapshot/panlex-20191001-csv/114#8058912>		"yeki"@ddi	
"koʔun"@los	<https://panlex.org/snapshot/panlex-20191001-csv/114#8052385>				<https://panlex.org/snapshot/panlex-20191001-csv/114#8052265>		"kaimawa"@ddi	
"nohono"@los	<https://panlex.org/snapshot/panlex-20191001-csv/114#8062599>				<https://panlex.org/snapshot/panlex-20191001-csv/114#8062456>		"matauta"@ddi	
