"पानी"@npi	<https://panlex.org/snapshot/panlex-20191001-csv/2131#11695219>				<https://panlex.org/snapshot/panlex-20191001-csv/2131#11695208>		"rano"@plt	
"अल्बानिया"@npi	<https://panlex.org/snapshot/panlex-20191001-csv/6898#113637724>				<https://panlex.org/snapshot/panlex-20191001-csv/6898#113637669>		"Albania"@plt	
"माउरिटानिया"@npi	<https://panlex.org/snapshot/panlex-20191001-csv/6898#113636494>				<https://panlex.org/snapshot/panlex-20191001-csv/6898#113636375>		"Maoritania"@plt	
"बर्मुडा"@npi	<https://panlex.org/snapshot/panlex-20191001-csv/6898#113607379>				<https://panlex.org/snapshot/panlex-20191001-csv/6898#113607370>		"Bermioda"@plt	
"दक्षिण अफ्रिका"@npi	<https://panlex.org/snapshot/panlex-20191001-csv/6898#113613580>				<https://panlex.org/snapshot/panlex-20191001-csv/6898#113613593>		"Afrika Atsimo"@plt	
"माल्डोभा"@npi	<https://panlex.org/snapshot/panlex-20191001-csv/6898#113633309>				<https://panlex.org/snapshot/panlex-20191001-csv/6898#113633381>		"Môldavia"@plt	
"बोस्निया एण्ड हर्जगोभिनिया"@npi	<https://panlex.org/snapshot/panlex-20191001-csv/6898#113596841>				<https://panlex.org/snapshot/panlex-20191001-csv/6898#113596777>		"Bosnia sy Herzegovina"@plt	
"गुवाम"@npi	<https://panlex.org/snapshot/panlex-20191001-csv/6898#113630643>				<https://panlex.org/snapshot/panlex-20191001-csv/6898#113630707>		"Guam"@plt	
"नियुइ"@npi	<https://panlex.org/snapshot/panlex-20191001-csv/6898#113641272>				<https://panlex.org/snapshot/panlex-20191001-csv/6898#113641383>		"Nioé"@plt	
"साउदी अरब"@npi	<https://panlex.org/snapshot/panlex-20191001-csv/6898#113583497>				<https://panlex.org/snapshot/panlex-20191001-csv/6898#113583548>		"Arabia saodita"@plt	
"माल्टा"@npi	<https://panlex.org/snapshot/panlex-20191001-csv/6898#113645103>				<https://panlex.org/snapshot/panlex-20191001-csv/6898#113645102>		"Malta"@plt	
"स्विडेन"@npi	<https://panlex.org/snapshot/panlex-20191001-csv/6898#113639825>				<https://panlex.org/snapshot/panlex-20191001-csv/6898#113639864>		"Soedy"@plt	
"नाउरू"@npi	<https://panlex.org/snapshot/panlex-20191001-csv/6898#113601692>				<https://panlex.org/snapshot/panlex-20191001-csv/6898#113601720>		"Naorò"@plt	
"प्यालेस्टनी भू-भागहरु"@npi	<https://panlex.org/snapshot/panlex-20191001-csv/6898#113586400>				<https://panlex.org/snapshot/panlex-20191001-csv/6898#113586285>		"Palestina"@plt	
"ग्रेनाडा"@npi	<https://panlex.org/snapshot/panlex-20191001-csv/6898#113604238>				<https://panlex.org/snapshot/panlex-20191001-csv/6898#113604190>		"Grenady"@plt	
"बेलायती हिन्द महासागर क्षेत्र"@npi	<https://panlex.org/snapshot/panlex-20191001-csv/6898#113584421>				<https://panlex.org/snapshot/panlex-20191001-csv/6898#113584335>		"Faridranomasina indiana britanika"@plt	
"लिबिया"@npi	<https://panlex.org/snapshot/panlex-20191001-csv/6898#113597806>				<https://panlex.org/snapshot/panlex-20191001-csv/6898#113597702>		"Libya"@plt	
"तुभालु"@npi	<https://panlex.org/snapshot/panlex-20191001-csv/6898#113610230>				<https://panlex.org/snapshot/panlex-20191001-csv/6898#113610335>		"Tovalò"@plt	
"डोमिनिकन गणतन्त्र"@npi	<https://panlex.org/snapshot/panlex-20191001-csv/6898#113603573>				<https://panlex.org/snapshot/panlex-20191001-csv/6898#113603460>		"Repoblika Dominikanina"@plt	
"स्पेन"@npi	<https://panlex.org/snapshot/panlex-20191001-csv/6898#113594617>				<https://panlex.org/snapshot/panlex-20191001-csv/6898#113594482>		"Espaina"@plt	
"सेन्ट भिन्सेन्ट र ग्रेनाडिन्स"@npi	<https://panlex.org/snapshot/panlex-20191001-csv/6898#113611947>				<https://panlex.org/snapshot/panlex-20191001-csv/6898#113611866>		"Saint-Vincent-et-les Grenadines"@plt	
"बुरूण्डी"@npi	<https://panlex.org/snapshot/panlex-20191001-csv/6898#113626893>				<https://panlex.org/snapshot/panlex-20191001-csv/6898#113626848>		"Borondi"@plt	
"नयाँ कालेडोनिया"@npi	<https://panlex.org/snapshot/panlex-20191001-csv/6898#113586552>				<https://panlex.org/snapshot/panlex-20191001-csv/6898#113586604>		"Nouvelle-Calédonie"@plt	
"ब्राजिल"@npi	<https://panlex.org/snapshot/panlex-20191001-csv/6898#113645380>				<https://panlex.org/snapshot/panlex-20191001-csv/6898#113645267>		"Brezila"@plt	
"कोलोम्बिया"@npi	<https://panlex.org/snapshot/panlex-20191001-csv/6898#113620724>				<https://panlex.org/snapshot/panlex-20191001-csv/6898#113620782>		"Kôlômbia"@plt	
"जोर्डन"@npi	<https://panlex.org/snapshot/panlex-20191001-csv/6898#113611658>				<https://panlex.org/snapshot/panlex-20191001-csv/6898#113611672>		"Jordania"@plt	
"क्रोएशिया"@npi	<https://panlex.org/snapshot/panlex-20191001-csv/6898#113623135>				<https://panlex.org/snapshot/panlex-20191001-csv/6898#113623177>		"Kroasia"@plt	
"माइक्रोनेसिया"@npi	<https://panlex.org/snapshot/panlex-20191001-csv/6898#113597265>				<https://panlex.org/snapshot/panlex-20191001-csv/6898#113597273>		"Mikrônezia"@plt	
"लाओस"@npi	<https://panlex.org/snapshot/panlex-20191001-csv/6898#113619095>				<https://panlex.org/snapshot/panlex-20191001-csv/6898#113619018>		"Laôs"@plt	
"थाइल्याण्ड"@npi	<https://panlex.org/snapshot/panlex-20191001-csv/6898#113603662>				<https://panlex.org/snapshot/panlex-20191001-csv/6898#113603631>		"Thailandy"@plt	
"सेचेलेस"@npi	<https://panlex.org/snapshot/panlex-20191001-csv/6898#113601856>				<https://panlex.org/snapshot/panlex-20191001-csv/6898#113601852>		"Seyshela"@plt	
"चेक गणतन्त्र"@npi	<https://panlex.org/snapshot/panlex-20191001-csv/6898#113619648>				<https://panlex.org/snapshot/panlex-20191001-csv/6898#113619650>		"Repoblikan’i Tseky"@plt	
"तान्जानिया"@npi	<https://panlex.org/snapshot/panlex-20191001-csv/6898#113627701>				<https://panlex.org/snapshot/panlex-20191001-csv/6898#113627788>		"Tanzania"@plt	
"अष्ट्रेलिया"@npi	<https://panlex.org/snapshot/panlex-20191001-csv/6898#113631572>				<https://panlex.org/snapshot/panlex-20191001-csv/6898#113631505>		"Aostralia"@plt	
"बेलायत"@npi	<https://panlex.org/snapshot/panlex-20191001-csv/6898#113592481>				<https://panlex.org/snapshot/panlex-20191001-csv/6898#113592455>		"Angletera"@plt	
"हन्डुरास"@npi	<https://panlex.org/snapshot/panlex-20191001-csv/6898#113596949>				<https://panlex.org/snapshot/panlex-20191001-csv/6898#113596964>		"Hondiorasy"@plt	
"युगाण्डा"@npi	<https://panlex.org/snapshot/panlex-20191001-csv/6898#113637983>				<https://panlex.org/snapshot/panlex-20191001-csv/6898#113637967>		"Oganda"@plt	
"पाकिस्तान"@npi	<https://panlex.org/snapshot/panlex-20191001-csv/6898#113606897>				<https://panlex.org/snapshot/panlex-20191001-csv/6898#113606859>		"Pakistan"@plt	
"नाइजेरिया"@npi	<https://panlex.org/snapshot/panlex-20191001-csv/6898#113624149>				<https://panlex.org/snapshot/panlex-20191001-csv/6898#113624132>		"Nizeria"@plt	
"अष्ट्रिया"@npi	<https://panlex.org/snapshot/panlex-20191001-csv/6898#113616283>				<https://panlex.org/snapshot/panlex-20191001-csv/6898#113616249>		"Aotrisy"@plt	
"चाड"@npi	<https://panlex.org/snapshot/panlex-20191001-csv/6898#113643399>				<https://panlex.org/snapshot/panlex-20191001-csv/6898#113643297>		"Tsady"@plt	
"गाम्विया"@npi	<https://panlex.org/snapshot/panlex-20191001-csv/6898#113631362>				<https://panlex.org/snapshot/panlex-20191001-csv/6898#113631266>		"Gambia"@plt	
"कुवेत"@npi	<https://panlex.org/snapshot/panlex-20191001-csv/6898#113605960>				<https://panlex.org/snapshot/panlex-20191001-csv/6898#113605780>		"Kôeity"@plt	
"साइप्रस"@npi	<https://panlex.org/snapshot/panlex-20191001-csv/6898#113631790>				<https://panlex.org/snapshot/panlex-20191001-csv/6898#113631711>		"Sypra"@plt	
"बार्बाडोस"@npi	<https://panlex.org/snapshot/panlex-20191001-csv/6898#113620480>				<https://panlex.org/snapshot/panlex-20191001-csv/6898#113620331>		"Barbady"@plt	
"उत्तरी मारिआना टापु"@npi	<https://panlex.org/snapshot/panlex-20191001-csv/6898#113635433>				<https://panlex.org/snapshot/panlex-20191001-csv/6898#113635493>		"Nosy Mariana Atsinanana"@plt	
"गुयाना"@npi	<https://panlex.org/snapshot/panlex-20191001-csv/6898#113628022>				<https://panlex.org/snapshot/panlex-20191001-csv/6898#113628190>		"Guyana"@plt	
"म्याकेडोनिया"@npi	<https://panlex.org/snapshot/panlex-20191001-csv/6898#113613445>				<https://panlex.org/snapshot/panlex-20191001-csv/6898#113613298>		"Makedonia"@plt	
"उरूग्वे"@npi	<https://panlex.org/snapshot/panlex-20191001-csv/6898#113623376>				<https://panlex.org/snapshot/panlex-20191001-csv/6898#113623388>		"Orogoay"@plt	
"सुडान"@npi	<https://panlex.org/snapshot/panlex-20191001-csv/6898#113633016>				<https://panlex.org/snapshot/panlex-20191001-csv/6898#113632973>		"Sodan"@plt	
"पोर्चुगल"@npi	<https://panlex.org/snapshot/panlex-20191001-csv/6898#113628641>				<https://panlex.org/snapshot/panlex-20191001-csv/6898#113628637>		"Pôrtiogala"@plt	
"कङ्गो (डीआर्‌सी)"@npi	<https://panlex.org/snapshot/panlex-20191001-csv/6898#113589663>				<https://panlex.org/snapshot/panlex-20191001-csv/6898#113589739>		"Repoblikan’i Kongo"@plt	
"फ्रान्सेली पोलिनेसिया"@npi	<https://panlex.org/snapshot/panlex-20191001-csv/6898#113621223>				<https://panlex.org/snapshot/panlex-20191001-csv/6898#113621081>		"Polynezia frantsay"@plt	
"तुर्कमेनिस्तान"@npi	<https://panlex.org/snapshot/panlex-20191001-csv/6898#113607879>				<https://panlex.org/snapshot/panlex-20191001-csv/6898#113607860>		"Torkmenistan"@plt	
"एन्टिगुआ र बारबुडा"@npi	<https://panlex.org/snapshot/panlex-20191001-csv/6898#113643750>				<https://panlex.org/snapshot/panlex-20191001-csv/6898#113643778>		"Antiga sy Barboda"@plt	
"माल्दिभ्स"@npi	<https://panlex.org/snapshot/panlex-20191001-csv/6898#113641744>				<https://panlex.org/snapshot/panlex-20191001-csv/6898#113641768>		"Maldiva"@plt	
"डोमिनिका"@npi	<https://panlex.org/snapshot/panlex-20191001-csv/6898#113599721>				<https://panlex.org/snapshot/panlex-20191001-csv/6898#113599802>		"Dominika"@plt	
"बेल्जियम"@npi	<https://panlex.org/snapshot/panlex-20191001-csv/6898#113643521>				<https://panlex.org/snapshot/panlex-20191001-csv/6898#113643516>		"Belzika"@plt	
"लेबनन"@npi	<https://panlex.org/snapshot/panlex-20191001-csv/6898#113585421>				<https://panlex.org/snapshot/panlex-20191001-csv/6898#113585467>		"Libana"@plt	
"आकाश"@npi	<https://panlex.org/snapshot/panlex-20191001-csv/611#25810993>				<https://panlex.org/snapshot/panlex-20191001-csv/611#25810998>		"lanitra"@plt	
"तारा"@npi	<https://panlex.org/snapshot/panlex-20191001-csv/611#25808544>				<https://panlex.org/snapshot/panlex-20191001-csv/611#25808550>		"kintana"@plt	
"सूर्य"@npi	<https://panlex.org/snapshot/panlex-20191001-csv/611#25808977>				<https://panlex.org/snapshot/panlex-20191001-csv/611#25808982>		"masoandro"@plt	
"शरद ऋतु"@npi	<https://panlex.org/snapshot/panlex-20191001-csv/611#25795679>				<https://panlex.org/snapshot/panlex-20191001-csv/611#25795685>		"fararano"@plt	
"शरद ऋतु"@npi	<https://panlex.org/snapshot/panlex-20191001-csv/611#25795761>				<https://panlex.org/snapshot/panlex-20191001-csv/611#25795767>		"fararano"@plt	
"बर्ष"@npi	<https://panlex.org/snapshot/panlex-20191001-csv/611#25800127>				<https://panlex.org/snapshot/panlex-20191001-csv/611#25800132>		"taona"@plt	
"हप्ता"@npi	<https://panlex.org/snapshot/panlex-20191001-csv/611#25807104>				<https://panlex.org/snapshot/panlex-20191001-csv/611#25807111>		"herinandro"@plt	
"फ्रान्सेली भाषा"@npi	<https://panlex.org/snapshot/panlex-20191001-csv/405#13624297>				<https://panlex.org/snapshot/panlex-20191001-csv/405#13624307>		"fiteny frantsay"@plt	
"स्पेनी भाषा"@npi	<https://panlex.org/snapshot/panlex-20191001-csv/405#13632103>				<https://panlex.org/snapshot/panlex-20191001-csv/405#13632110>		"fiteny espaniola"@plt	
"अँग्रेजी"@npi	<https://panlex.org/snapshot/panlex-20191001-csv/9#479784>				<https://panlex.org/snapshot/panlex-20191001-csv/9#479776>		"anglisy"@plt	
"लिथुआनिया"@npi	<https://panlex.org/snapshot/panlex-20191001-csv/9#539816>				<https://panlex.org/snapshot/panlex-20191001-csv/9#539811>		"Lituania"@plt	
"एसिया"@npi	<https://panlex.org/snapshot/panlex-20191001-csv/9#502707>				<https://panlex.org/snapshot/panlex-20191001-csv/9#502701>		"Azia"@plt	
"एण्डोरा"@npi	<https://panlex.org/snapshot/panlex-20191001-csv/9#526249>				<https://panlex.org/snapshot/panlex-20191001-csv/9#526244>		"Andora"@plt	
"लिथुआनियाली"@npi	<https://panlex.org/snapshot/panlex-20191001-csv/5#27340>				<https://panlex.org/snapshot/panlex-20191001-csv/5#27338>		"litoanina"@plt	
"डच"@npi	<https://panlex.org/snapshot/panlex-20191001-csv/5#24275>				<https://panlex.org/snapshot/panlex-20191001-csv/5#24273>		"hôlandey"@plt	
"इन्डोनेसियाली"@npi	<https://panlex.org/snapshot/panlex-20191001-csv/5#21542>				<https://panlex.org/snapshot/panlex-20191001-csv/5#21540>		"indônezianina"@plt	
"नर्वेली"@npi	<https://panlex.org/snapshot/panlex-20191001-csv/5#21233>				<https://panlex.org/snapshot/panlex-20191001-csv/5#21231>		"nôrvezianina"@plt	
"अरबी"@npi	<https://panlex.org/snapshot/panlex-20191001-csv/5#20078>				<https://panlex.org/snapshot/panlex-20191001-csv/5#20076>		"arabo"@plt	
"नर्वेजियाली"@npi	<https://panlex.org/snapshot/panlex-20191001-csv/5#21234>				<https://panlex.org/snapshot/panlex-20191001-csv/5#21231>		"nôrvezianina"@plt	
"रोमानियाली"@npi	<https://panlex.org/snapshot/panlex-20191001-csv/5#27238>				<https://panlex.org/snapshot/panlex-20191001-csv/5#27236>		"romanina"@plt	
"स्वाहिली"@npi	<https://panlex.org/snapshot/panlex-20191001-csv/5#21846>				<https://panlex.org/snapshot/panlex-20191001-csv/5#21844>		"soahely"@plt	
"जर्मन"@npi	<https://panlex.org/snapshot/panlex-20191001-csv/5#20699>				<https://panlex.org/snapshot/panlex-20191001-csv/5#20697>		"alema"@plt	
"अँग्रेजी"@npi	<https://panlex.org/snapshot/panlex-20191001-csv/5#28657>				<https://panlex.org/snapshot/panlex-20191001-csv/5#28652>		"anglisy"@plt	
"स्लोभाकियाली"@npi	<https://panlex.org/snapshot/panlex-20191001-csv/5#25293>				<https://panlex.org/snapshot/panlex-20191001-csv/5#25291>		"slôvaka"@plt	
"जापानी"@npi	<https://panlex.org/snapshot/panlex-20191001-csv/5#21025>				<https://panlex.org/snapshot/panlex-20191001-csv/5#21023>		"japoney"@plt	
"अल्बेनियन"@npi	<https://panlex.org/snapshot/panlex-20191001-csv/5#21743>				<https://panlex.org/snapshot/panlex-20191001-csv/5#21741>		"albaney"@plt	
"क्रोएसियाली"@npi	<https://panlex.org/snapshot/panlex-20191001-csv/5#22940>				<https://panlex.org/snapshot/panlex-20191001-csv/5#22938>		"krôata"@plt	
"ड्यानिश"@npi	<https://panlex.org/snapshot/panlex-20191001-csv/5#20922>				<https://panlex.org/snapshot/panlex-20191001-csv/5#20920>		"danoa"@plt	
"नेपाली"@npi	<https://panlex.org/snapshot/panlex-20191001-csv/5#27638>				<https://panlex.org/snapshot/panlex-20191001-csv/5#27636>		"nepaley"@plt	
"कोरियाली"@npi	<https://panlex.org/snapshot/panlex-20191001-csv/5#28047>				<https://panlex.org/snapshot/panlex-20191001-csv/5#28045>		"kôreanina"@plt	
"म्यासेडोनियन"@npi	<https://panlex.org/snapshot/panlex-20191001-csv/5#23868>				<https://panlex.org/snapshot/panlex-20191001-csv/5#23866>		"makedônianina"@plt	
"आइरिश"@npi	<https://panlex.org/snapshot/panlex-20191001-csv/5#26208>				<https://panlex.org/snapshot/panlex-20191001-csv/5#26206>		"irlandey"@plt	
"पोलिश"@npi	<https://panlex.org/snapshot/panlex-20191001-csv/5#20484>				<https://panlex.org/snapshot/panlex-20191001-csv/5#20482>		"pôlôney"@plt	
"सोमाली"@npi	<https://panlex.org/snapshot/panlex-20191001-csv/5#25693>				<https://panlex.org/snapshot/panlex-20191001-csv/5#25691>		"sômalianina"@plt	
"बुल्गेरियाली"@npi	<https://panlex.org/snapshot/panlex-20191001-csv/5#21437>				<https://panlex.org/snapshot/panlex-20191001-csv/5#21435>		"bolgary"@plt	
"हिब्रु"@npi	<https://panlex.org/snapshot/panlex-20191001-csv/5#24382>				<https://panlex.org/snapshot/panlex-20191001-csv/5#24380>		"hebreo"@plt	
"इटालियन"@npi	<https://panlex.org/snapshot/panlex-20191001-csv/5#23659>				<https://panlex.org/snapshot/panlex-20191001-csv/5#23657>		"italianina"@plt	
"आइसल्यान्डिक"@npi	<https://panlex.org/snapshot/panlex-20191001-csv/5#23255>				<https://panlex.org/snapshot/panlex-20191001-csv/5#23253>		"islandey"@plt	
"पुर्तोगाली"@npi	<https://panlex.org/snapshot/panlex-20191001-csv/5#23045>				<https://panlex.org/snapshot/panlex-20191001-csv/5#23043>		"pôrtogay"@plt	
"मंगोलियन"@npi	<https://panlex.org/snapshot/panlex-20191001-csv/5#22645>				<https://panlex.org/snapshot/panlex-20191001-csv/5#22643>		"môngôla"@plt	
"ग्रीक"@npi	<https://panlex.org/snapshot/panlex-20191001-csv/5#26426>				<https://panlex.org/snapshot/panlex-20191001-csv/5#26423>		"girika"@plt	
"स्कट्स गाएलिक"@npi	<https://panlex.org/snapshot/panlex-20191001-csv/5#24479>				<https://panlex.org/snapshot/panlex-20191001-csv/5#24477>		"ekosey"@plt	
"चीनी"@npi	<https://panlex.org/snapshot/panlex-20191001-csv/5#24882>				<https://panlex.org/snapshot/panlex-20191001-csv/5#24880>		"sinoa"@plt	
"स्प्यानिश"@npi	<https://panlex.org/snapshot/panlex-20191001-csv/5#26316>				<https://panlex.org/snapshot/panlex-20191001-csv/5#26314>		"espaniôla"@plt	
"फ्रांसिसी"@npi	<https://panlex.org/snapshot/panlex-20191001-csv/5#27841>				<https://panlex.org/snapshot/panlex-20191001-csv/5#27839>		"frantsay"@plt	
"बेलारुसियाली"@npi	<https://panlex.org/snapshot/panlex-20191001-csv/5#25896>				<https://panlex.org/snapshot/panlex-20191001-csv/5#25894>		"belarosianina"@plt	
"रसियाली"@npi	<https://panlex.org/snapshot/panlex-20191001-csv/5#23153>				<https://panlex.org/snapshot/panlex-20191001-csv/5#23151>		"rosianina"@plt	
"वेल्श"@npi	<https://panlex.org/snapshot/panlex-20191001-csv/5#23355>				<https://panlex.org/snapshot/panlex-20191001-csv/5#23353>		"galoa"@plt	
"स्लोभेनियाली"@npi	<https://panlex.org/snapshot/panlex-20191001-csv/5#24677>				<https://panlex.org/snapshot/panlex-20191001-csv/5#24675>		"slôvenina"@plt	
"तुर्की"@npi	<https://panlex.org/snapshot/panlex-20191001-csv/5#26727>				<https://panlex.org/snapshot/panlex-20191001-csv/5#26725>		"tiorka"@plt	
"स्विडिश"@npi	<https://panlex.org/snapshot/panlex-20191001-csv/5#27039>				<https://panlex.org/snapshot/panlex-20191001-csv/5#27037>		"soedoa"@plt	
"चेक"@npi	<https://panlex.org/snapshot/panlex-20191001-csv/5#22742>				<https://panlex.org/snapshot/panlex-20191001-csv/5#22740>		"tseka"@plt	
"सर्बियाली"@npi	<https://panlex.org/snapshot/panlex-20191001-csv/5#21338>				<https://panlex.org/snapshot/panlex-20191001-csv/5#21336>		"serba"@plt	
"पानी"@npi	<https://panlex.org/snapshot/panlex-20191001-csv/11#787680>				<https://panlex.org/snapshot/panlex-20191001-csv/11#787651>		"ráno"@plt	
"पानी"@npi	<https://panlex.org/snapshot/panlex-20191001-csv/11#787680>				<https://panlex.org/snapshot/panlex-20191001-csv/11#787650>		"rano"@plt	
"पानी"@npi	<https://panlex.org/snapshot/panlex-20191001-csv/11#787680>				<https://panlex.org/snapshot/panlex-20191001-csv/11#787652>		"siniben-drano"@plt	
