"дарган"@dar	<https://panlex.org/snapshot/panlex-20191001-csv/6708#112329252>				<https://panlex.org/snapshot/panlex-20191001-csv/6708#112329258>		"达尔格瓦语"@cmn	
"шин"@dar	<https://panlex.org/snapshot/panlex-20191001-csv/5947#84886442>				<https://panlex.org/snapshot/panlex-20191001-csv/5947#84886437>		"水"@cmn	
"шин"@dar	<https://panlex.org/snapshot/panlex-20191001-csv/5947#84886442>				<https://panlex.org/snapshot/panlex-20191001-csv/5947#84886436>		"水"@cmn	
"август"@dar	<https://panlex.org/snapshot/panlex-20191001-csv/5949#85329314>				<https://panlex.org/snapshot/panlex-20191001-csv/5949#85329304>		"八月"@cmn	
"август"@dar	<https://panlex.org/snapshot/panlex-20191001-csv/5949#85329314>				<https://panlex.org/snapshot/panlex-20191001-csv/5949#85329305>		"八月"@cmn	
"ГIянжи-Къала"@dar	<https://panlex.org/snapshot/panlex-20191001-csv/5949#85315435>				<https://panlex.org/snapshot/panlex-20191001-csv/5949#85315434>		"馬哈奇卡拉"@cmn	
"ГIянжи-Къала"@dar	<https://panlex.org/snapshot/panlex-20191001-csv/5949#85315435>				<https://panlex.org/snapshot/panlex-20191001-csv/5949#85315433>		"马哈奇卡拉"@cmn	
"МяхIячкъала"@dar	<https://panlex.org/snapshot/panlex-20191001-csv/5949#85315436>				<https://panlex.org/snapshot/panlex-20191001-csv/5949#85315434>		"馬哈奇卡拉"@cmn	
"МяхIячкъала"@dar	<https://panlex.org/snapshot/panlex-20191001-csv/5949#85315436>				<https://panlex.org/snapshot/panlex-20191001-csv/5949#85315433>		"马哈奇卡拉"@cmn	
"Бац"@dar	<https://panlex.org/snapshot/panlex-20191001-csv/2907#110845753>				<https://panlex.org/snapshot/panlex-20191001-csv/2907#110845765>		"月球"@cmn	
"Бац"@dar	<https://panlex.org/snapshot/panlex-20191001-csv/2907#110845753>				<https://panlex.org/snapshot/panlex-20191001-csv/2907#110845888>		"月球"@cmn	
"Юпитер"@dar	<https://panlex.org/snapshot/panlex-20191001-csv/2907#110846385>				<https://panlex.org/snapshot/panlex-20191001-csv/2907#110846446>		"木星"@cmn	
"Юпитер"@dar	<https://panlex.org/snapshot/panlex-20191001-csv/2907#110846385>				<https://panlex.org/snapshot/panlex-20191001-csv/2907#110846380>		"木星"@cmn	
"Берхӏи"@dar	<https://panlex.org/snapshot/panlex-20191001-csv/2907#110844912>				<https://panlex.org/snapshot/panlex-20191001-csv/2907#110844883>		"太阳"@cmn	
"Берхӏи"@dar	<https://panlex.org/snapshot/panlex-20191001-csv/2907#110844912>				<https://panlex.org/snapshot/panlex-20191001-csv/2907#110845001>		"太陽"@cmn	
"Макемаке"@dar	<https://panlex.org/snapshot/panlex-20191001-csv/2907#110847780>				<https://panlex.org/snapshot/panlex-20191001-csv/2907#110847737>		"鳥神星"@cmn	
"Макемаке"@dar	<https://panlex.org/snapshot/panlex-20191001-csv/2907#110847780>				<https://panlex.org/snapshot/panlex-20191001-csv/2907#110847664>		"鸟神星"@cmn	
"Марс"@dar	<https://panlex.org/snapshot/panlex-20191001-csv/2907#110846119>				<https://panlex.org/snapshot/panlex-20191001-csv/2907#110845957>		"火星"@cmn	
"Марс"@dar	<https://panlex.org/snapshot/panlex-20191001-csv/2907#110846119>				<https://panlex.org/snapshot/panlex-20191001-csv/2907#110846050>		"火星"@cmn	
"Нептун"@dar	<https://panlex.org/snapshot/panlex-20191001-csv/2907#110847185>				<https://panlex.org/snapshot/panlex-20191001-csv/2907#110847181>		"海王星"@cmn	
"Нептун"@dar	<https://panlex.org/snapshot/panlex-20191001-csv/2907#110847185>				<https://panlex.org/snapshot/panlex-20191001-csv/2907#110847028>		"海王星"@cmn	
"Хаумеа"@dar	<https://panlex.org/snapshot/panlex-20191001-csv/2907#110847522>				<https://panlex.org/snapshot/panlex-20191001-csv/2907#110847482>		"妊神星"@cmn	
"Хаумеа"@dar	<https://panlex.org/snapshot/panlex-20191001-csv/2907#110847522>				<https://panlex.org/snapshot/panlex-20191001-csv/2907#110847421>		"妊神星"@cmn	
"Сатурн"@dar	<https://panlex.org/snapshot/panlex-20191001-csv/2907#110846654>				<https://panlex.org/snapshot/panlex-20191001-csv/2907#110846766>		"土星"@cmn	
"Сатурн"@dar	<https://panlex.org/snapshot/panlex-20191001-csv/2907#110846654>				<https://panlex.org/snapshot/panlex-20191001-csv/2907#110846696>		"土星"@cmn	
"Плутон"@dar	<https://panlex.org/snapshot/panlex-20191001-csv/2907#110847192>				<https://panlex.org/snapshot/panlex-20191001-csv/2907#110847246>		"冥王星"@cmn	
"Плутон"@dar	<https://panlex.org/snapshot/panlex-20191001-csv/2907#110847192>				<https://panlex.org/snapshot/panlex-20191001-csv/2907#110847323>		"冥王星"@cmn	
"Церера"@dar	<https://panlex.org/snapshot/panlex-20191001-csv/2907#110846326>				<https://panlex.org/snapshot/panlex-20191001-csv/2907#110846160>		"谷神星"@cmn	
"Церера"@dar	<https://panlex.org/snapshot/panlex-20191001-csv/2907#110846326>				<https://panlex.org/snapshot/panlex-20191001-csv/2907#110846215>		"谷神星"@cmn	
"Меркурий"@dar	<https://panlex.org/snapshot/panlex-20191001-csv/2907#110845194>				<https://panlex.org/snapshot/panlex-20191001-csv/2907#110845163>		"水星"@cmn	
"Меркурий"@dar	<https://panlex.org/snapshot/panlex-20191001-csv/2907#110845194>				<https://panlex.org/snapshot/panlex-20191001-csv/2907#110845235>		"水星"@cmn	
"Венера"@dar	<https://panlex.org/snapshot/panlex-20191001-csv/2907#110845367>				<https://panlex.org/snapshot/panlex-20191001-csv/2907#110845494>		"金星"@cmn	
"Венера"@dar	<https://panlex.org/snapshot/panlex-20191001-csv/2907#110845367>				<https://panlex.org/snapshot/panlex-20191001-csv/2907#110845336>		"金星"@cmn	
"Уран"@dar	<https://panlex.org/snapshot/panlex-20191001-csv/2907#110846928>				<https://panlex.org/snapshot/panlex-20191001-csv/2907#110846938>		"天王星"@cmn	
"Уран"@dar	<https://panlex.org/snapshot/panlex-20191001-csv/2907#110846928>				<https://panlex.org/snapshot/panlex-20191001-csv/2907#110846831>		"天王星"@cmn	
"Эрида"@dar	<https://panlex.org/snapshot/panlex-20191001-csv/2907#110847965>				<https://panlex.org/snapshot/panlex-20191001-csv/2907#110847915>		"纠神星"@cmn	
"Эрида"@dar	<https://panlex.org/snapshot/panlex-20191001-csv/2907#110847965>				<https://panlex.org/snapshot/panlex-20191001-csv/2907#110847950>		"糾神星"@cmn	
"Ванза"@dar	<https://panlex.org/snapshot/panlex-20191001-csv/2907#110845622>				<https://panlex.org/snapshot/panlex-20191001-csv/2907#110845550>		"地球"@cmn	
"Ванза"@dar	<https://panlex.org/snapshot/panlex-20191001-csv/2907#110845622>				<https://panlex.org/snapshot/panlex-20191001-csv/2907#110845682>		"地球"@cmn	
"талат"@dar	<https://panlex.org/snapshot/panlex-20191001-csv/2892#110824457>				<https://panlex.org/snapshot/panlex-20191001-csv/2892#110824567>		"星期二"@cmn	
"талат"@dar	<https://panlex.org/snapshot/panlex-20191001-csv/2892#110824457>				<https://panlex.org/snapshot/panlex-20191001-csv/2892#110824657>		"星期二"@cmn	
"сут"@dar	<https://panlex.org/snapshot/panlex-20191001-csv/2892#110826386>				<https://panlex.org/snapshot/panlex-20191001-csv/2892#110826251>		"星期六"@cmn	
"сут"@dar	<https://panlex.org/snapshot/panlex-20191001-csv/2892#110826386>				<https://panlex.org/snapshot/panlex-20191001-csv/2892#110826170>		"星期六"@cmn	
"хамис"@dar	<https://panlex.org/snapshot/panlex-20191001-csv/2892#110825345>				<https://panlex.org/snapshot/panlex-20191001-csv/2892#110825279>		"星期四"@cmn	
"хамис"@dar	<https://panlex.org/snapshot/panlex-20191001-csv/2892#110825345>				<https://panlex.org/snapshot/panlex-20191001-csv/2892#110825426>		"星期四"@cmn	
"арбягӏ"@dar	<https://panlex.org/snapshot/panlex-20191001-csv/2892#110824986>				<https://panlex.org/snapshot/panlex-20191001-csv/2892#110824853>		"星期三"@cmn	
"арбягӏ"@dar	<https://panlex.org/snapshot/panlex-20191001-csv/2892#110824986>				<https://panlex.org/snapshot/panlex-20191001-csv/2892#110824920>		"星期三"@cmn	
"итни"@dar	<https://panlex.org/snapshot/panlex-20191001-csv/2892#110824171>				<https://panlex.org/snapshot/panlex-20191001-csv/2892#110824254>		"星期一"@cmn	
"итни"@dar	<https://panlex.org/snapshot/panlex-20191001-csv/2892#110824171>				<https://panlex.org/snapshot/panlex-20191001-csv/2892#110824177>		"星期一"@cmn	
"жумягӏ"@dar	<https://panlex.org/snapshot/panlex-20191001-csv/2892#110826059>				<https://panlex.org/snapshot/panlex-20191001-csv/2892#110826077>		"星期五"@cmn	
"жумягӏ"@dar	<https://panlex.org/snapshot/panlex-20191001-csv/2892#110826059>				<https://panlex.org/snapshot/panlex-20191001-csv/2892#110825800>		"星期五"@cmn	
"алхӏят"@dar	<https://panlex.org/snapshot/panlex-20191001-csv/2892#110826794>				<https://panlex.org/snapshot/panlex-20191001-csv/2892#110826867>		"星期天"@cmn	
"алхӏят"@dar	<https://panlex.org/snapshot/panlex-20191001-csv/2892#110826794>				<https://panlex.org/snapshot/panlex-20191001-csv/2892#110827022>		"星期日"@cmn	
"алхӏят"@dar	<https://panlex.org/snapshot/panlex-20191001-csv/2892#110826794>				<https://panlex.org/snapshot/panlex-20191001-csv/2892#110826802>		"星期天"@cmn	
"алхӏят"@dar	<https://panlex.org/snapshot/panlex-20191001-csv/2892#110826794>				<https://panlex.org/snapshot/panlex-20191001-csv/2892#110826876>		"星期日"@cmn	
"январь"@dar	<https://panlex.org/snapshot/panlex-20191001-csv/2897#110827122>				<https://panlex.org/snapshot/panlex-20191001-csv/2897#110827196>		"一月"@cmn	
"январь"@dar	<https://panlex.org/snapshot/panlex-20191001-csv/2897#110827122>				<https://panlex.org/snapshot/panlex-20191001-csv/2897#110827068>		"一月"@cmn	
"декабрь"@dar	<https://panlex.org/snapshot/panlex-20191001-csv/2897#110831643>				<https://panlex.org/snapshot/panlex-20191001-csv/2897#110831698>		"十二月"@cmn	
"декабрь"@dar	<https://panlex.org/snapshot/panlex-20191001-csv/2897#110831643>				<https://panlex.org/snapshot/panlex-20191001-csv/2897#110831768>		"十二月"@cmn	
"октябрь"@dar	<https://panlex.org/snapshot/panlex-20191001-csv/2897#110831044>				<https://panlex.org/snapshot/panlex-20191001-csv/2897#110830885>		"十月"@cmn	
"октябрь"@dar	<https://panlex.org/snapshot/panlex-20191001-csv/2897#110831044>				<https://panlex.org/snapshot/panlex-20191001-csv/2897#110830762>		"十月"@cmn	
"ноябрь"@dar	<https://panlex.org/snapshot/panlex-20191001-csv/2897#110831193>				<https://panlex.org/snapshot/panlex-20191001-csv/2897#110831172>		"十一月"@cmn	
"ноябрь"@dar	<https://panlex.org/snapshot/panlex-20191001-csv/2897#110831193>				<https://panlex.org/snapshot/panlex-20191001-csv/2897#110831228>		"十一月"@cmn	
"февраль"@dar	<https://panlex.org/snapshot/panlex-20191001-csv/2897#110827802>				<https://panlex.org/snapshot/panlex-20191001-csv/2897#110827683>		"二月"@cmn	
"февраль"@dar	<https://panlex.org/snapshot/panlex-20191001-csv/2897#110827802>				<https://panlex.org/snapshot/panlex-20191001-csv/2897#110827808>		"二月"@cmn	
"август"@dar	<https://panlex.org/snapshot/panlex-20191001-csv/2897#110829932>				<https://panlex.org/snapshot/panlex-20191001-csv/2897#110829915>		"八月"@cmn	
"август"@dar	<https://panlex.org/snapshot/panlex-20191001-csv/2897#110829932>				<https://panlex.org/snapshot/panlex-20191001-csv/2897#110830059>		"八月"@cmn	
"сентябрь"@dar	<https://panlex.org/snapshot/panlex-20191001-csv/2897#110830483>				<https://panlex.org/snapshot/panlex-20191001-csv/2897#110830508>		"九月"@cmn	
"сентябрь"@dar	<https://panlex.org/snapshot/panlex-20191001-csv/2897#110830483>				<https://panlex.org/snapshot/panlex-20191001-csv/2897#110830574>		"九月"@cmn	
"июль"@dar	<https://panlex.org/snapshot/panlex-20191001-csv/2897#110829690>				<https://panlex.org/snapshot/panlex-20191001-csv/2897#110829522>		"七月"@cmn	
"июль"@dar	<https://panlex.org/snapshot/panlex-20191001-csv/2897#110829690>				<https://panlex.org/snapshot/panlex-20191001-csv/2897#110829792>		"七月"@cmn	
"июнь"@dar	<https://panlex.org/snapshot/panlex-20191001-csv/2897#110829423>				<https://panlex.org/snapshot/panlex-20191001-csv/2897#110829413>		"六月"@cmn	
"июнь"@dar	<https://panlex.org/snapshot/panlex-20191001-csv/2897#110829423>				<https://panlex.org/snapshot/panlex-20191001-csv/2897#110829342>		"六月"@cmn	
"май"@dar	<https://panlex.org/snapshot/panlex-20191001-csv/2897#110828978>				<https://panlex.org/snapshot/panlex-20191001-csv/2897#110828759>		"五月"@cmn	
"май"@dar	<https://panlex.org/snapshot/panlex-20191001-csv/2897#110828978>				<https://panlex.org/snapshot/panlex-20191001-csv/2897#110829033>		"五月"@cmn	
"март"@dar	<https://panlex.org/snapshot/panlex-20191001-csv/2897#110827890>				<https://panlex.org/snapshot/panlex-20191001-csv/2897#110828138>		"三月"@cmn	
"март"@dar	<https://panlex.org/snapshot/panlex-20191001-csv/2897#110827890>				<https://panlex.org/snapshot/panlex-20191001-csv/2897#110827881>		"三月"@cmn	
"апрель"@dar	<https://panlex.org/snapshot/panlex-20191001-csv/2897#110828449>				<https://panlex.org/snapshot/panlex-20191001-csv/2897#110828335>		"四月"@cmn	
"апрель"@dar	<https://panlex.org/snapshot/panlex-20191001-csv/2897#110828449>				<https://panlex.org/snapshot/panlex-20191001-csv/2897#110828257>		"四月"@cmn	
