"БерхӀи"@dar	<https://panlex.org/snapshot/panlex-20191001-csv/5949#85320882>				<https://panlex.org/snapshot/panlex-20191001-csv/5949#85321009>		"سورج"@ur	
"август"@dar	<https://panlex.org/snapshot/panlex-20191001-csv/5949#85329314>				<https://panlex.org/snapshot/panlex-20191001-csv/5949#85329534>		"اگست"@ur	
"Дагъистала"@dar	<https://panlex.org/snapshot/panlex-20191001-csv/5949#85307264>				<https://panlex.org/snapshot/panlex-20191001-csv/5949#85307296>		"داغستان"@ur	
"Бац"@dar	<https://panlex.org/snapshot/panlex-20191001-csv/2907#110845753>				<https://panlex.org/snapshot/panlex-20191001-csv/2907#110845783>		"چندر ماں"@ur	
"Юпитер"@dar	<https://panlex.org/snapshot/panlex-20191001-csv/2907#110846385>				<https://panlex.org/snapshot/panlex-20191001-csv/2907#110846546>		"مشتری"@ur	
"Берхӏи"@dar	<https://panlex.org/snapshot/panlex-20191001-csv/2907#110844912>				<https://panlex.org/snapshot/panlex-20191001-csv/2907#110844918>		"سورج"@ur	
"Макемаке"@dar	<https://panlex.org/snapshot/panlex-20191001-csv/2907#110847780>				<https://panlex.org/snapshot/panlex-20191001-csv/2907#110847620>		"ماکی‌ماکی"@ur	
"Марс"@dar	<https://panlex.org/snapshot/panlex-20191001-csv/2907#110846119>				<https://panlex.org/snapshot/panlex-20191001-csv/2907#110846130>		"مریخ"@ur	
"Нептун"@dar	<https://panlex.org/snapshot/panlex-20191001-csv/2907#110847185>				<https://panlex.org/snapshot/panlex-20191001-csv/2907#110847062>		"نیپچوں"@ur	
"Хаумеа"@dar	<https://panlex.org/snapshot/panlex-20191001-csv/2907#110847522>				<https://panlex.org/snapshot/panlex-20191001-csv/2907#110847450>		"ہومیا"@ur	
"Сатурн"@dar	<https://panlex.org/snapshot/panlex-20191001-csv/2907#110846654>				<https://panlex.org/snapshot/panlex-20191001-csv/2907#110846724>		"زحل"@ur	
"Плутон"@dar	<https://panlex.org/snapshot/panlex-20191001-csv/2907#110847192>				<https://panlex.org/snapshot/panlex-20191001-csv/2907#110847354>		"پلوٹو"@ur	
"Церера"@dar	<https://panlex.org/snapshot/panlex-20191001-csv/2907#110846326>				<https://panlex.org/snapshot/panlex-20191001-csv/2907#110846270>		"سیریس"@ur	
"Меркурий"@dar	<https://panlex.org/snapshot/panlex-20191001-csv/2907#110845194>				<https://panlex.org/snapshot/panlex-20191001-csv/2907#110845179>		"عطارد"@ur	
"Венера"@dar	<https://panlex.org/snapshot/panlex-20191001-csv/2907#110845367>				<https://panlex.org/snapshot/panlex-20191001-csv/2907#110845449>		"زہرہ"@ur	
"Уран"@dar	<https://panlex.org/snapshot/panlex-20191001-csv/2907#110846928>				<https://panlex.org/snapshot/panlex-20191001-csv/2907#110846930>		"یورینس"@ur	
"Эрида"@dar	<https://panlex.org/snapshot/panlex-20191001-csv/2907#110847965>				<https://panlex.org/snapshot/panlex-20191001-csv/2907#110847787>		"ایریس"@ur	
"Ванза"@dar	<https://panlex.org/snapshot/panlex-20191001-csv/2907#110845622>				<https://panlex.org/snapshot/panlex-20191001-csv/2907#110845572>		"زمین"@ur	
"талат"@dar	<https://panlex.org/snapshot/panlex-20191001-csv/2892#110824457>				<https://panlex.org/snapshot/panlex-20191001-csv/2892#110824647>		"منگل"@ur	
"сут"@dar	<https://panlex.org/snapshot/panlex-20191001-csv/2892#110826386>				<https://panlex.org/snapshot/panlex-20191001-csv/2892#110826563>		"ہفتہ"@ur	
"хамис"@dar	<https://panlex.org/snapshot/panlex-20191001-csv/2892#110825345>				<https://panlex.org/snapshot/panlex-20191001-csv/2892#110825396>		"جمعرات"@ur	
"арбягӏ"@dar	<https://panlex.org/snapshot/panlex-20191001-csv/2892#110824986>				<https://panlex.org/snapshot/panlex-20191001-csv/2892#110825251>		"بدھ"@ur	
"итни"@dar	<https://panlex.org/snapshot/panlex-20191001-csv/2892#110824171>				<https://panlex.org/snapshot/panlex-20191001-csv/2892#110824238>		"پیر"@ur	
"жумягӏ"@dar	<https://panlex.org/snapshot/panlex-20191001-csv/2892#110826059>				<https://panlex.org/snapshot/panlex-20191001-csv/2892#110825809>		"جمعہ"@ur	
"алхӏят"@dar	<https://panlex.org/snapshot/panlex-20191001-csv/2892#110826794>				<https://panlex.org/snapshot/panlex-20191001-csv/2892#110826845>		"اتوار"@ur	
"январь"@dar	<https://panlex.org/snapshot/panlex-20191001-csv/2897#110827122>				<https://panlex.org/snapshot/panlex-20191001-csv/2897#110827150>		"جنوری"@ur	
"декабрь"@dar	<https://panlex.org/snapshot/panlex-20191001-csv/2897#110831643>				<https://panlex.org/snapshot/panlex-20191001-csv/2897#110831870>		"دسمبر"@ur	
"октябрь"@dar	<https://panlex.org/snapshot/panlex-20191001-csv/2897#110831044>				<https://panlex.org/snapshot/panlex-20191001-csv/2897#110830886>		"اکتوبر"@ur	
"ноябрь"@dar	<https://panlex.org/snapshot/panlex-20191001-csv/2897#110831193>				<https://panlex.org/snapshot/panlex-20191001-csv/2897#110831426>		"نومبر"@ur	
"февраль"@dar	<https://panlex.org/snapshot/panlex-20191001-csv/2897#110827802>				<https://panlex.org/snapshot/panlex-20191001-csv/2897#110827583>		"فروری"@ur	
"август"@dar	<https://panlex.org/snapshot/panlex-20191001-csv/2897#110829932>				<https://panlex.org/snapshot/panlex-20191001-csv/2897#110829986>		"اگست"@ur	
"сентябрь"@dar	<https://panlex.org/snapshot/panlex-20191001-csv/2897#110830483>				<https://panlex.org/snapshot/panlex-20191001-csv/2897#110830721>		"ستمبر"@ur	
"июль"@dar	<https://panlex.org/snapshot/panlex-20191001-csv/2897#110829690>				<https://panlex.org/snapshot/panlex-20191001-csv/2897#110829508>		"جولائی"@ur	
"июнь"@dar	<https://panlex.org/snapshot/panlex-20191001-csv/2897#110829423>				<https://panlex.org/snapshot/panlex-20191001-csv/2897#110829113>		"جون"@ur	
"май"@dar	<https://panlex.org/snapshot/panlex-20191001-csv/2897#110828978>				<https://panlex.org/snapshot/panlex-20191001-csv/2897#110828945>		"مئ"@ur	
"март"@dar	<https://panlex.org/snapshot/panlex-20191001-csv/2897#110827890>				<https://panlex.org/snapshot/panlex-20191001-csv/2897#110828134>		"مارچ"@ur	
"апрель"@dar	<https://panlex.org/snapshot/panlex-20191001-csv/2897#110828449>				<https://panlex.org/snapshot/panlex-20191001-csv/2897#110828578>		"اپریل"@ur	
