"кьулла"@dar	<https://panlex.org/snapshot/panlex-20191001-csv/1573#50088919>				<https://panlex.org/snapshot/panlex-20191001-csv/1573#50089067>		"lu-βe"@mzp	
"дуне"@dar	<https://panlex.org/snapshot/panlex-20191001-csv/1573#50081759>				<https://panlex.org/snapshot/panlex-20191001-csv/1573#50081850>		"mundo"@mzp	
"муза"@dar	<https://panlex.org/snapshot/panlex-20191001-csv/1573#50083526>				<https://panlex.org/snapshot/panlex-20191001-csv/1573#50083677>		"ɗuɗuʔ-kʷa"@mzp	
"ццав"@dar	<https://panlex.org/snapshot/panlex-20191001-csv/1573#50091098>				<https://panlex.org/snapshot/panlex-20191001-csv/1573#50091186>		"ɓen̉-ra"@mzp	
"къаркъа"@dar	<https://panlex.org/snapshot/panlex-20191001-csv/1573#50090538>				<https://panlex.org/snapshot/panlex-20191001-csv/1573#50090697>		"čam-pa"@mzp	
"билхІла"@dar	<https://panlex.org/snapshot/panlex-20191001-csv/1573#50089251>				<https://panlex.org/snapshot/panlex-20191001-csv/1573#50089358>		"ɓeteɬ-kʷa"@mzp	
"шинхъ"@dar	<https://panlex.org/snapshot/panlex-20191001-csv/1573#50089255>				<https://panlex.org/snapshot/panlex-20191001-csv/1573#50089358>		"ɓeteɬ-kʷa"@mzp	
"гьухъе"@dar	<https://panlex.org/snapshot/panlex-20191001-csv/1573#50083523>				<https://panlex.org/snapshot/panlex-20191001-csv/1573#50083677>		"ɗuɗuʔ-kʷa"@mzp	
"гІиниз"@dar	<https://panlex.org/snapshot/panlex-20191001-csv/1573#50088908>				<https://panlex.org/snapshot/panlex-20191001-csv/1573#50089067>		"lu-βe"@mzp	
"хьамхьа"@dar	<https://panlex.org/snapshot/panlex-20191001-csv/1573#50086518>				<https://panlex.org/snapshot/panlex-20191001-csv/1573#50086596>		"taβa-kʷa"@mzp	
"акІвла лум"@dar	<https://panlex.org/snapshot/panlex-20191001-csv/1573#50085130>				<https://panlex.org/snapshot/panlex-20191001-csv/1573#50085258>		"ɓih-ra"@mzp	
"муза"@dar	<https://panlex.org/snapshot/panlex-20191001-csv/1573#50083520>				<https://panlex.org/snapshot/panlex-20191001-csv/1573#50083677>		"ɗuɗuʔ-kʷa"@mzp	
"варачан"@dar	<https://panlex.org/snapshot/panlex-20191001-csv/1573#50088293>				<https://panlex.org/snapshot/panlex-20191001-csv/1573#50088469>		"in̉-wa"@mzp	
"урцул"@dar	<https://panlex.org/snapshot/panlex-20191001-csv/1573#50090247>				<https://panlex.org/snapshot/panlex-20191001-csv/1573#50090345>		"koʔo"@mzp	
"эркІ"@dar	<https://panlex.org/snapshot/panlex-20191001-csv/1573#50088291>				<https://panlex.org/snapshot/panlex-20191001-csv/1573#50088469>		"in̉-wa"@mzp	
"гІиникъ"@dar	<https://panlex.org/snapshot/panlex-20191001-csv/1573#50085446>				<https://panlex.org/snapshot/panlex-20191001-csv/1573#50085546>		"siɬ-kʷa"@mzp	
"бар"@dar	<https://panlex.org/snapshot/panlex-20191001-csv/1573#50091350>				<https://panlex.org/snapshot/panlex-20191001-csv/1573#50091443>		"tinno"@mzp	
"къум"@dar	<https://panlex.org/snapshot/panlex-20191001-csv/1573#50083223>				<https://panlex.org/snapshot/panlex-20191001-csv/1573#50083320>		"wiʔwis"@mzp	
"шяхъв"@dar	<https://panlex.org/snapshot/panlex-20191001-csv/1573#50088915>				<https://panlex.org/snapshot/panlex-20191001-csv/1573#50089067>		"lu-βe"@mzp	
"урумчч"@dar	<https://panlex.org/snapshot/panlex-20191001-csv/1573#50088918>				<https://panlex.org/snapshot/panlex-20191001-csv/1573#50089067>		"lu-βe"@mzp	
"дум"@dar	<https://panlex.org/snapshot/panlex-20191001-csv/1573#50085134>				<https://panlex.org/snapshot/panlex-20191001-csv/1573#50085258>		"ɓih-ra"@mzp	
"чярт"@dar	<https://panlex.org/snapshot/panlex-20191001-csv/1573#50082941>				<https://panlex.org/snapshot/panlex-20191001-csv/1573#50083072>		"ɓuɓun̉-kʷa"@mzp	
"хъичІа"@dar	<https://panlex.org/snapshot/panlex-20191001-csv/1573#50083922>				<https://panlex.org/snapshot/panlex-20191001-csv/1573#50084028>		"ɬaβaɬ-kʷa"@mzp	
"кІав"@dar	<https://panlex.org/snapshot/panlex-20191001-csv/1573#50086932>				<https://panlex.org/snapshot/panlex-20191001-csv/1573#50087016>		"pou-lo"@mzp	
"къинч"@dar	<https://panlex.org/snapshot/panlex-20191001-csv/1573#50083524>				<https://panlex.org/snapshot/panlex-20191001-csv/1573#50083677>		"ɗuɗuʔ-kʷa"@mzp	
"къинч"@dar	<https://panlex.org/snapshot/panlex-20191001-csv/1573#50083918>				<https://panlex.org/snapshot/panlex-20191001-csv/1573#50084028>		"ɬaβaɬ-kʷa"@mzp	
"гІянччи"@dar	<https://panlex.org/snapshot/panlex-20191001-csv/1573#50082348>				<https://panlex.org/snapshot/panlex-20191001-csv/1573#50082489>		"ɬakam̉-ɓa"@mzp	
"гъума"@dar	<https://panlex.org/snapshot/panlex-20191001-csv/1573#50090543>				<https://panlex.org/snapshot/panlex-20191001-csv/1573#50090697>		"čam-pa"@mzp	
"шин"@dar	<https://panlex.org/snapshot/panlex-20191001-csv/1573#50085693>				<https://panlex.org/snapshot/panlex-20191001-csv/1573#50085790>		"tomi"@mzp	
"ругер"@dar	<https://panlex.org/snapshot/panlex-20191001-csv/1573#50087674>				<https://panlex.org/snapshot/panlex-20191001-csv/1573#50087764>		"papau-ɬa"@mzp	
"шин"@dar	<https://panlex.org/snapshot/panlex-20191001-csv/1573#50085695>				<https://panlex.org/snapshot/panlex-20191001-csv/1573#50085790>		"tomi"@mzp	
"дуна"@dar	<https://panlex.org/snapshot/panlex-20191001-csv/1573#50081758>				<https://panlex.org/snapshot/panlex-20191001-csv/1573#50081850>		"mundo"@mzp	
"авлахъ"@dar	<https://panlex.org/snapshot/panlex-20191001-csv/1573#50084211>				<https://panlex.org/snapshot/panlex-20191001-csv/1573#50084354>		"ɓen̉-ʔi"@mzp	
"остров"@dar	<https://panlex.org/snapshot/panlex-20191001-csv/1573#50084738>				<https://panlex.org/snapshot/panlex-20191001-csv/1573#50084822>		"pai-ɬim"@mzp	
"няс"@dar	<https://panlex.org/snapshot/panlex-20191001-csv/1573#50082946>				<https://panlex.org/snapshot/panlex-20191001-csv/1573#50083072>		"ɓuɓun̉-kʷa"@mzp	
"хъвясса"@dar	<https://panlex.org/snapshot/panlex-20191001-csv/1573#50082666>				<https://panlex.org/snapshot/panlex-20191001-csv/1573#50082770>		"βus-kʷa"@mzp	
"дубура"@dar	<https://panlex.org/snapshot/panlex-20191001-csv/1573#50083525>				<https://panlex.org/snapshot/panlex-20191001-csv/1573#50083677>		"ɗuɗuʔ-kʷa"@mzp	
"ругер"@dar	<https://panlex.org/snapshot/panlex-20191001-csv/1573#50087676>				<https://panlex.org/snapshot/panlex-20191001-csv/1573#50087764>		"papau-ɬa"@mzp	
"шинна тум"@dar	<https://panlex.org/snapshot/panlex-20191001-csv/1573#50088914>				<https://panlex.org/snapshot/panlex-20191001-csv/1573#50089067>		"lu-βe"@mzp	
"хьамхьа"@dar	<https://panlex.org/snapshot/panlex-20191001-csv/1573#50086517>				<https://panlex.org/snapshot/panlex-20191001-csv/1573#50086596>		"taβa-kʷa"@mzp	
"къуйу"@dar	<https://panlex.org/snapshot/panlex-20191001-csv/1573#50088917>				<https://panlex.org/snapshot/panlex-20191001-csv/1573#50089067>		"lu-βe"@mzp	
"къум"@dar	<https://panlex.org/snapshot/panlex-20191001-csv/1573#50083226>				<https://panlex.org/snapshot/panlex-20191001-csv/1573#50083320>		"wiʔwis"@mzp	
"хвисса"@dar	<https://panlex.org/snapshot/panlex-20191001-csv/1573#50082665>				<https://panlex.org/snapshot/panlex-20191001-csv/1573#50082770>		"βus-kʷa"@mzp	
"хІебургъуси"@dar	<https://panlex.org/snapshot/panlex-20191001-csv/1573#50086159>				<https://panlex.org/snapshot/panlex-20191001-csv/1573#50086231>		"tah-poh"@mzp	
"ккалкки"@dar	<https://panlex.org/snapshot/panlex-20191001-csv/1573#50089996>				<https://panlex.org/snapshot/panlex-20191001-csv/1573#50090089>		"koʔo"@mzp	
"гІянчча"@dar	<https://panlex.org/snapshot/panlex-20191001-csv/1573#50082345>				<https://panlex.org/snapshot/panlex-20191001-csv/1573#50082489>		"ɬakam̉-ɓa"@mzp	
"авлакъ"@dar	<https://panlex.org/snapshot/panlex-20191001-csv/1573#50084213>				<https://panlex.org/snapshot/panlex-20191001-csv/1573#50084354>		"ɓen̉-ʔi"@mzp	
"усул"@dar	<https://panlex.org/snapshot/panlex-20191001-csv/1573#50090245>				<https://panlex.org/snapshot/panlex-20191001-csv/1573#50090345>		"koʔo"@mzp	
"къум"@dar	<https://panlex.org/snapshot/panlex-20191001-csv/1573#50083224>				<https://panlex.org/snapshot/panlex-20191001-csv/1573#50083320>		"wiʔwis"@mzp	
"гъума"@dar	<https://panlex.org/snapshot/panlex-20191001-csv/1573#50090537>				<https://panlex.org/snapshot/panlex-20191001-csv/1573#50090697>		"čam-pa"@mzp	
"пухІ"@dar	<https://panlex.org/snapshot/panlex-20191001-csv/1573#50082662>				<https://panlex.org/snapshot/panlex-20191001-csv/1573#50082770>		"βus-kʷa"@mzp	
"ше"@dar	<https://panlex.org/snapshot/panlex-20191001-csv/1573#50090540>				<https://panlex.org/snapshot/panlex-20191001-csv/1573#50090697>		"čam-pa"@mzp	
"ше"@dar	<https://panlex.org/snapshot/panlex-20191001-csv/1573#50083920>				<https://panlex.org/snapshot/panlex-20191001-csv/1573#50084028>		"ɬaβaɬ-kʷa"@mzp	
"гІиниц"@dar	<https://panlex.org/snapshot/panlex-20191001-csv/1573#50088910>				<https://panlex.org/snapshot/panlex-20191001-csv/1573#50089067>		"lu-βe"@mzp	
"диркьак"@dar	<https://panlex.org/snapshot/panlex-20191001-csv/1573#50084209>				<https://panlex.org/snapshot/panlex-20191001-csv/1573#50084354>		"ɓen̉-ʔi"@mzp	
"шара"@dar	<https://panlex.org/snapshot/panlex-20191001-csv/1573#50086929>				<https://panlex.org/snapshot/panlex-20191001-csv/1573#50087016>		"pou-lo"@mzp	
"остров"@dar	<https://panlex.org/snapshot/panlex-20191001-csv/1573#50084739>				<https://panlex.org/snapshot/panlex-20191001-csv/1573#50084822>		"pai-ɬim"@mzp	
"дуцца"@dar	<https://panlex.org/snapshot/panlex-20191001-csv/1573#50089702>				<https://panlex.org/snapshot/panlex-20191001-csv/1573#50089811>		"čaʔ-mo"@mzp	
"ццаб"@dar	<https://panlex.org/snapshot/panlex-20191001-csv/1573#50091099>				<https://panlex.org/snapshot/panlex-20191001-csv/1573#50091186>		"ɓen̉-ra"@mzp	
"хІиркІ"@dar	<https://panlex.org/snapshot/panlex-20191001-csv/1573#50088294>				<https://panlex.org/snapshot/panlex-20191001-csv/1573#50088469>		"in̉-wa"@mzp	
"шар"@dar	<https://panlex.org/snapshot/panlex-20191001-csv/1573#50086933>				<https://panlex.org/snapshot/panlex-20191001-csv/1573#50087016>		"pou-lo"@mzp	
"кІав"@dar	<https://panlex.org/snapshot/panlex-20191001-csv/1573#50086928>				<https://panlex.org/snapshot/panlex-20191001-csv/1573#50087016>		"pou-lo"@mzp	
"ухьулла лум"@dar	<https://panlex.org/snapshot/panlex-20191001-csv/1573#50085131>				<https://panlex.org/snapshot/panlex-20191001-csv/1573#50085258>		"ɓih-ra"@mzp	
"дагьаг"@dar	<https://panlex.org/snapshot/panlex-20191001-csv/1573#50083915>				<https://panlex.org/snapshot/panlex-20191001-csv/1573#50084028>		"ɬaβaɬ-kʷa"@mzp	
"гІянжи"@dar	<https://panlex.org/snapshot/panlex-20191001-csv/1573#50082344>				<https://panlex.org/snapshot/panlex-20191001-csv/1573#50082489>		"ɬakam̉-ɓa"@mzp	
"шелла нахъ"@dar	<https://panlex.org/snapshot/panlex-20191001-csv/1573#50085448>				<https://panlex.org/snapshot/panlex-20191001-csv/1573#50085546>		"siɬ-kʷa"@mzp	
"бехІ"@dar	<https://panlex.org/snapshot/panlex-20191001-csv/1573#50083912>				<https://panlex.org/snapshot/panlex-20191001-csv/1573#50084028>		"ɬaβaɬ-kʷa"@mzp	
"ццаб"@dar	<https://panlex.org/snapshot/panlex-20191001-csv/1573#50091101>				<https://panlex.org/snapshot/panlex-20191001-csv/1573#50091186>		"ɓen̉-ra"@mzp	
"диркь"@dar	<https://panlex.org/snapshot/panlex-20191001-csv/1573#50084214>				<https://panlex.org/snapshot/panlex-20191001-csv/1573#50084354>		"ɓen̉-ʔi"@mzp	
"шин"@dar	<https://panlex.org/snapshot/panlex-20191001-csv/1573#50085694>				<https://panlex.org/snapshot/panlex-20191001-csv/1573#50085790>		"tomi"@mzp	
"дум"@dar	<https://panlex.org/snapshot/panlex-20191001-csv/1573#50085132>				<https://panlex.org/snapshot/panlex-20191001-csv/1573#50085258>		"ɓih-ra"@mzp	
"урцули"@dar	<https://panlex.org/snapshot/panlex-20191001-csv/1573#50090246>				<https://panlex.org/snapshot/panlex-20191001-csv/1573#50090345>		"koʔo"@mzp	
"кабурц"@dar	<https://panlex.org/snapshot/panlex-20191001-csv/1573#50089256>				<https://panlex.org/snapshot/panlex-20191001-csv/1573#50089358>		"ɓeteɬ-kʷa"@mzp	
"бергІла"@dar	<https://panlex.org/snapshot/panlex-20191001-csv/1573#50089252>				<https://panlex.org/snapshot/panlex-20191001-csv/1573#50089358>		"ɓeteɬ-kʷa"@mzp	
"диркьа"@dar	<https://panlex.org/snapshot/panlex-20191001-csv/1573#50084208>				<https://panlex.org/snapshot/panlex-20191001-csv/1573#50084354>		"ɓen̉-ʔi"@mzp	
"дуб"@dar	<https://panlex.org/snapshot/panlex-20191001-csv/1573#50085127>				<https://panlex.org/snapshot/panlex-20191001-csv/1573#50085258>		"ɓih-ra"@mzp	
"хьамхьа"@dar	<https://panlex.org/snapshot/panlex-20191001-csv/1573#50086516>				<https://panlex.org/snapshot/panlex-20191001-csv/1573#50086596>		"taβa-kʷa"@mzp	
"пинцІа"@dar	<https://panlex.org/snapshot/panlex-20191001-csv/1573#50082943>				<https://panlex.org/snapshot/panlex-20191001-csv/1573#50083072>		"ɓuɓun̉-kʷa"@mzp	
"берхІи"@dar	<https://panlex.org/snapshot/panlex-20191001-csv/1573#50091346>				<https://panlex.org/snapshot/panlex-20191001-csv/1573#50091443>		"tinno"@mzp	
"майдан"@dar	<https://panlex.org/snapshot/panlex-20191001-csv/1573#50084216>				<https://panlex.org/snapshot/panlex-20191001-csv/1573#50084354>		"ɓen̉-ʔi"@mzp	
"урхьулла"@dar	<https://panlex.org/snapshot/panlex-20191001-csv/1573#50087130>				<https://panlex.org/snapshot/panlex-20191001-csv/1573#50087191>		"wala-čo"@mzp	
"дуне"@dar	<https://panlex.org/snapshot/panlex-20191001-csv/1573#50081757>				<https://panlex.org/snapshot/panlex-20191001-csv/1573#50081850>		"mundo"@mzp	
"руккири"@dar	<https://panlex.org/snapshot/panlex-20191001-csv/1573#50087678>				<https://panlex.org/snapshot/panlex-20191001-csv/1573#50087764>		"papau-ɬa"@mzp	
"жери"@dar	<https://panlex.org/snapshot/panlex-20191001-csv/1573#50088290>				<https://panlex.org/snapshot/panlex-20191001-csv/1573#50088469>		"in̉-wa"@mzp	
"табкабетиб мусса"@dar	<https://panlex.org/snapshot/panlex-20191001-csv/1573#50083919>				<https://panlex.org/snapshot/panlex-20191001-csv/1573#50084028>		"ɬaβaɬ-kʷa"@mzp	
"авлахъ"@dar	<https://panlex.org/snapshot/panlex-20191001-csv/1573#50084207>				<https://panlex.org/snapshot/panlex-20191001-csv/1573#50084354>		"ɓen̉-ʔi"@mzp	
"урунж"@dar	<https://panlex.org/snapshot/panlex-20191001-csv/1573#50088912>				<https://panlex.org/snapshot/panlex-20191001-csv/1573#50089067>		"lu-βe"@mzp	
"ванза"@dar	<https://panlex.org/snapshot/panlex-20191001-csv/1573#50082343>				<https://panlex.org/snapshot/panlex-20191001-csv/1573#50082489>		"ɬakam̉-ɓa"@mzp	
"ккалкка"@dar	<https://panlex.org/snapshot/panlex-20191001-csv/1573#50089994>				<https://panlex.org/snapshot/panlex-20191001-csv/1573#50090089>		"koʔo"@mzp	
"рамч"@dar	<https://panlex.org/snapshot/panlex-20191001-csv/1573#50087679>				<https://panlex.org/snapshot/panlex-20191001-csv/1573#50087764>		"papau-ɬa"@mzp	
"вацІа"@dar	<https://panlex.org/snapshot/panlex-20191001-csv/1573#50089701>				<https://panlex.org/snapshot/panlex-20191001-csv/1573#50089811>		"čaʔ-mo"@mzp	
"хІяшш"@dar	<https://panlex.org/snapshot/panlex-20191001-csv/1573#50082947>				<https://panlex.org/snapshot/panlex-20191001-csv/1573#50083072>		"ɓuɓun̉-kʷa"@mzp	
"пяхІ"@dar	<https://panlex.org/snapshot/panlex-20191001-csv/1573#50082663>				<https://panlex.org/snapshot/panlex-20191001-csv/1573#50082770>		"βus-kʷa"@mzp	
"шури"@dar	<https://panlex.org/snapshot/panlex-20191001-csv/1573#50083917>				<https://panlex.org/snapshot/panlex-20191001-csv/1573#50084028>		"ɬaβaɬ-kʷa"@mzp	
"ккалкк"@dar	<https://panlex.org/snapshot/panlex-20191001-csv/1573#50089997>				<https://panlex.org/snapshot/panlex-20191001-csv/1573#50090089>		"koʔo"@mzp	
"дуба-карчІа"@dar	<https://panlex.org/snapshot/panlex-20191001-csv/1573#50085128>				<https://panlex.org/snapshot/panlex-20191001-csv/1573#50085258>		"ɓih-ra"@mzp	
"гьин"@dar	<https://panlex.org/snapshot/panlex-20191001-csv/1573#50085697>				<https://panlex.org/snapshot/panlex-20191001-csv/1573#50085790>		"tomi"@mzp	
"дубур"@dar	<https://panlex.org/snapshot/panlex-20191001-csv/1573#50083522>				<https://panlex.org/snapshot/panlex-20191001-csv/1573#50083677>		"ɗuɗuʔ-kʷa"@mzp	
"эркІла кьяли"@dar	<https://panlex.org/snapshot/panlex-20191001-csv/1573#50087131>				<https://panlex.org/snapshot/panlex-20191001-csv/1573#50087191>		"wala-čo"@mzp	
"хъу"@dar	<https://panlex.org/snapshot/panlex-20191001-csv/1573#50084210>				<https://panlex.org/snapshot/panlex-20191001-csv/1573#50084354>		"ɓen̉-ʔi"@mzp	
"къаркъа"@dar	<https://panlex.org/snapshot/panlex-20191001-csv/1573#50090541>				<https://panlex.org/snapshot/panlex-20191001-csv/1573#50090697>		"čam-pa"@mzp	
"остров"@dar	<https://panlex.org/snapshot/panlex-20191001-csv/1573#50084740>				<https://panlex.org/snapshot/panlex-20191001-csv/1573#50084822>		"pai-ɬim"@mzp	
"дуцца"@dar	<https://panlex.org/snapshot/panlex-20191001-csv/1573#50089703>				<https://panlex.org/snapshot/panlex-20191001-csv/1573#50089811>		"čaʔ-mo"@mzp	
"акІв"@dar	<https://panlex.org/snapshot/panlex-20191001-csv/1573#50088292>				<https://panlex.org/snapshot/panlex-20191001-csv/1573#50088469>		"in̉-wa"@mzp	
"шери"@dar	<https://panlex.org/snapshot/panlex-20191001-csv/1573#50086930>				<https://panlex.org/snapshot/panlex-20191001-csv/1573#50087016>		"pou-lo"@mzp	
"ванза"@dar	<https://panlex.org/snapshot/panlex-20191001-csv/1573#50082347>				<https://panlex.org/snapshot/panlex-20191001-csv/1573#50082489>		"ɬakam̉-ɓa"@mzp	
"ччуркя"@dar	<https://panlex.org/snapshot/panlex-20191001-csv/1573#50082944>				<https://panlex.org/snapshot/panlex-20191001-csv/1573#50083072>		"ɓuɓun̉-kʷa"@mzp	
"лусен"@dar	<https://panlex.org/snapshot/panlex-20191001-csv/1573#50083913>				<https://panlex.org/snapshot/panlex-20191001-csv/1573#50084028>		"ɬaβaɬ-kʷa"@mzp	
"варачан"@dar	<https://panlex.org/snapshot/panlex-20191001-csv/1573#50088286>				<https://panlex.org/snapshot/panlex-20191001-csv/1573#50088469>		"in̉-wa"@mzp	
"гамза"@dar	<https://panlex.org/snapshot/panlex-20191001-csv/1573#50082349>				<https://panlex.org/snapshot/panlex-20191001-csv/1573#50082489>		"ɬakam̉-ɓa"@mzp	
"дунъя"@dar	<https://panlex.org/snapshot/panlex-20191001-csv/1573#50081756>				<https://panlex.org/snapshot/panlex-20191001-csv/1573#50081850>		"mundo"@mzp	
"няс"@dar	<https://panlex.org/snapshot/panlex-20191001-csv/1573#50082942>				<https://panlex.org/snapshot/panlex-20191001-csv/1573#50083072>		"ɓuɓun̉-kʷa"@mzp	
"авлакъ"@dar	<https://panlex.org/snapshot/panlex-20191001-csv/1573#50084215>				<https://panlex.org/snapshot/panlex-20191001-csv/1573#50084354>		"ɓen̉-ʔi"@mzp	
"паргъатсиб"@dar	<https://panlex.org/snapshot/panlex-20191001-csv/1573#50086161>				<https://panlex.org/snapshot/panlex-20191001-csv/1573#50086231>		"tah-poh"@mzp	
"чяхІи"@dar	<https://panlex.org/snapshot/panlex-20191001-csv/1573#50088288>				<https://panlex.org/snapshot/panlex-20191001-csv/1573#50088469>		"in̉-wa"@mzp	
"аркІв"@dar	<https://panlex.org/snapshot/panlex-20191001-csv/1573#50088295>				<https://panlex.org/snapshot/panlex-20191001-csv/1573#50088469>		"in̉-wa"@mzp	
"батмахъ"@dar	<https://panlex.org/snapshot/panlex-20191001-csv/1573#50089253>				<https://panlex.org/snapshot/panlex-20191001-csv/1573#50089358>		"ɓeteɬ-kʷa"@mzp	
"даршудеш"@dar	<https://panlex.org/snapshot/panlex-20191001-csv/1573#50081755>				<https://panlex.org/snapshot/panlex-20191001-csv/1573#50081850>		"mundo"@mzp	
"юккукІ"@dar	<https://panlex.org/snapshot/panlex-20191001-csv/1573#50087677>				<https://panlex.org/snapshot/panlex-20191001-csv/1573#50087764>		"papau-ɬa"@mzp	
"рахІятил"@dar	<https://panlex.org/snapshot/panlex-20191001-csv/1573#50086162>				<https://panlex.org/snapshot/panlex-20191001-csv/1573#50086231>		"tah-poh"@mzp	
"урцул"@dar	<https://panlex.org/snapshot/panlex-20191001-csv/1573#50090243>				<https://panlex.org/snapshot/panlex-20191001-csv/1573#50090345>		"koʔo"@mzp	
"гІиницц"@dar	<https://panlex.org/snapshot/panlex-20191001-csv/1573#50088916>				<https://panlex.org/snapshot/panlex-20191001-csv/1573#50089067>		"lu-βe"@mzp	
"бари"@dar	<https://panlex.org/snapshot/panlex-20191001-csv/1573#50091347>				<https://panlex.org/snapshot/panlex-20191001-csv/1573#50091443>		"tinno"@mzp	
"ццак"@dar	<https://panlex.org/snapshot/panlex-20191001-csv/1573#50091100>				<https://panlex.org/snapshot/panlex-20191001-csv/1573#50091186>		"ɓen̉-ra"@mzp	
"къую"@dar	<https://panlex.org/snapshot/panlex-20191001-csv/1573#50088911>				<https://panlex.org/snapshot/panlex-20191001-csv/1573#50089067>		"lu-βe"@mzp	
"хІеркІ"@dar	<https://panlex.org/snapshot/panlex-20191001-csv/1573#50088287>				<https://panlex.org/snapshot/panlex-20191001-csv/1573#50088469>		"in̉-wa"@mzp	
"хьвярхьвя"@dar	<https://panlex.org/snapshot/panlex-20191001-csv/1573#50086520>				<https://panlex.org/snapshot/panlex-20191001-csv/1573#50086596>		"taβa-kʷa"@mzp	
"кьулла"@dar	<https://panlex.org/snapshot/panlex-20191001-csv/1573#50088913>				<https://panlex.org/snapshot/panlex-20191001-csv/1573#50089067>		"lu-βe"@mzp	
"шин"@dar	<https://panlex.org/snapshot/panlex-20191001-csv/1573#50085696>				<https://panlex.org/snapshot/panlex-20191001-csv/1573#50085790>		"tomi"@mzp	
"хьамхьа"@dar	<https://panlex.org/snapshot/panlex-20191001-csv/1573#50086519>				<https://panlex.org/snapshot/panlex-20191001-csv/1573#50086596>		"taβa-kʷa"@mzp	
"ванза"@dar	<https://panlex.org/snapshot/panlex-20191001-csv/1573#50082346>				<https://panlex.org/snapshot/panlex-20191001-csv/1573#50082489>		"ɬakam̉-ɓa"@mzp	
"тум"@dar	<https://panlex.org/snapshot/panlex-20191001-csv/1573#50083527>				<https://panlex.org/snapshot/panlex-20191001-csv/1573#50083677>		"ɗuɗuʔ-kʷa"@mzp	
"лис"@dar	<https://panlex.org/snapshot/panlex-20191001-csv/1573#50083921>				<https://panlex.org/snapshot/panlex-20191001-csv/1573#50084028>		"ɬaβaɬ-kʷa"@mzp	
"лис"@dar	<https://panlex.org/snapshot/panlex-20191001-csv/1573#50090542>				<https://panlex.org/snapshot/panlex-20191001-csv/1573#50090697>		"čam-pa"@mzp	
"дубура"@dar	<https://panlex.org/snapshot/panlex-20191001-csv/1573#50083519>				<https://panlex.org/snapshot/panlex-20191001-csv/1573#50083677>		"ɗuɗuʔ-kʷa"@mzp	
"зак"@dar	<https://panlex.org/snapshot/panlex-20191001-csv/1573#50091097>				<https://panlex.org/snapshot/panlex-20191001-csv/1573#50091186>		"ɓen̉-ra"@mzp	
"дунеъ"@dar	<https://panlex.org/snapshot/panlex-20191001-csv/1573#50081760>				<https://panlex.org/snapshot/panlex-20191001-csv/1573#50081850>		"mundo"@mzp	
"вацІа"@dar	<https://panlex.org/snapshot/panlex-20191001-csv/1573#50089704>				<https://panlex.org/snapshot/panlex-20191001-csv/1573#50089811>		"čaʔ-mo"@mzp	
"гъум"@dar	<https://panlex.org/snapshot/panlex-20191001-csv/1573#50083222>				<https://panlex.org/snapshot/panlex-20191001-csv/1573#50083320>		"wiʔwis"@mzp	
"шури"@dar	<https://panlex.org/snapshot/panlex-20191001-csv/1573#50090536>				<https://panlex.org/snapshot/panlex-20191001-csv/1573#50090697>		"čam-pa"@mzp	
"шури"@dar	<https://panlex.org/snapshot/panlex-20191001-csv/1573#50083914>				<https://panlex.org/snapshot/panlex-20191001-csv/1573#50084028>		"ɬaβaɬ-kʷa"@mzp	
"гатти"@dar	<https://panlex.org/snapshot/panlex-20191001-csv/1573#50083521>				<https://panlex.org/snapshot/panlex-20191001-csv/1573#50083677>		"ɗuɗuʔ-kʷa"@mzp	
"варачан"@dar	<https://panlex.org/snapshot/panlex-20191001-csv/1573#50088289>				<https://panlex.org/snapshot/panlex-20191001-csv/1573#50088469>		"in̉-wa"@mzp	
"билхІла"@dar	<https://panlex.org/snapshot/panlex-20191001-csv/1573#50089254>				<https://panlex.org/snapshot/panlex-20191001-csv/1573#50089358>		"ɓeteɬ-kʷa"@mzp	
"дикьа"@dar	<https://panlex.org/snapshot/panlex-20191001-csv/1573#50084212>				<https://panlex.org/snapshot/panlex-20191001-csv/1573#50084354>		"ɓen̉-ʔi"@mzp	
"тутта"@dar	<https://panlex.org/snapshot/panlex-20191001-csv/1573#50089995>				<https://panlex.org/snapshot/panlex-20191001-csv/1573#50090089>		"koʔo"@mzp	
"баъ"@dar	<https://panlex.org/snapshot/panlex-20191001-csv/1573#50085129>				<https://panlex.org/snapshot/panlex-20191001-csv/1573#50085258>		"ɓih-ra"@mzp	
"шя"@dar	<https://panlex.org/snapshot/panlex-20191001-csv/1573#50086931>				<https://panlex.org/snapshot/panlex-20191001-csv/1573#50087016>		"pou-lo"@mzp	
"бубхьа"@dar	<https://panlex.org/snapshot/panlex-20191001-csv/1573#50082664>				<https://panlex.org/snapshot/panlex-20191001-csv/1573#50082770>		"βus-kʷa"@mzp	
"галга"@dar	<https://panlex.org/snapshot/panlex-20191001-csv/1573#50090242>				<https://panlex.org/snapshot/panlex-20191001-csv/1573#50090345>		"koʔo"@mzp	
"галга"@dar	<https://panlex.org/snapshot/panlex-20191001-csv/1573#50089993>				<https://panlex.org/snapshot/panlex-20191001-csv/1573#50090089>		"koʔo"@mzp	
"равч"@dar	<https://panlex.org/snapshot/panlex-20191001-csv/1573#50087675>				<https://panlex.org/snapshot/panlex-20191001-csv/1573#50087764>		"papau-ɬa"@mzp	
"инихъ"@dar	<https://panlex.org/snapshot/panlex-20191001-csv/1573#50085447>				<https://panlex.org/snapshot/panlex-20191001-csv/1573#50085546>		"siɬ-kʷa"@mzp	
"муза"@dar	<https://panlex.org/snapshot/panlex-20191001-csv/1573#50083916>				<https://panlex.org/snapshot/panlex-20191001-csv/1573#50084028>		"ɬaβaɬ-kʷa"@mzp	
"къую"@dar	<https://panlex.org/snapshot/panlex-20191001-csv/1573#50088909>				<https://panlex.org/snapshot/panlex-20191001-csv/1573#50089067>		"lu-βe"@mzp	
"вацІа"@dar	<https://panlex.org/snapshot/panlex-20191001-csv/1573#50089705>				<https://panlex.org/snapshot/panlex-20191001-csv/1573#50089811>		"čaʔ-mo"@mzp	
"паргъатци"@dar	<https://panlex.org/snapshot/panlex-20191001-csv/1573#50086163>				<https://panlex.org/snapshot/panlex-20191001-csv/1573#50086231>		"tah-poh"@mzp	
"умхха"@dar	<https://panlex.org/snapshot/panlex-20191001-csv/1573#50085450>				<https://panlex.org/snapshot/panlex-20191001-csv/1573#50085546>		"siɬ-kʷa"@mzp	
"къум"@dar	<https://panlex.org/snapshot/panlex-20191001-csv/1573#50083225>				<https://panlex.org/snapshot/panlex-20191001-csv/1573#50083320>		"wiʔwis"@mzp	
"паргъаткай"@dar	<https://panlex.org/snapshot/panlex-20191001-csv/1573#50086160>				<https://panlex.org/snapshot/panlex-20191001-csv/1573#50086231>		"tah-poh"@mzp	
"бегвала"@dar	<https://panlex.org/snapshot/panlex-20191001-csv/1573#50091348>				<https://panlex.org/snapshot/panlex-20191001-csv/1573#50091443>		"tinno"@mzp	
"паргъатси"@dar	<https://panlex.org/snapshot/panlex-20191001-csv/1573#50086158>				<https://panlex.org/snapshot/panlex-20191001-csv/1573#50086231>		"tah-poh"@mzp	
"бархІи"@dar	<https://panlex.org/snapshot/panlex-20191001-csv/1573#50091349>				<https://panlex.org/snapshot/panlex-20191001-csv/1573#50091443>		"tinno"@mzp	
"къаркъа"@dar	<https://panlex.org/snapshot/panlex-20191001-csv/1573#50090535>				<https://panlex.org/snapshot/panlex-20191001-csv/1573#50090697>		"čam-pa"@mzp	
"къакъа"@dar	<https://panlex.org/snapshot/panlex-20191001-csv/1573#50090539>				<https://panlex.org/snapshot/panlex-20191001-csv/1573#50090697>		"čam-pa"@mzp	
"гІиникъ"@dar	<https://panlex.org/snapshot/panlex-20191001-csv/1573#50085449>				<https://panlex.org/snapshot/panlex-20191001-csv/1573#50085546>		"siɬ-kʷa"@mzp	
"хІянра"@dar	<https://panlex.org/snapshot/panlex-20191001-csv/1573#50082945>				<https://panlex.org/snapshot/panlex-20191001-csv/1573#50083072>		"ɓuɓun̉-kʷa"@mzp	
"урцул"@dar	<https://panlex.org/snapshot/panlex-20191001-csv/1573#50090244>				<https://panlex.org/snapshot/panlex-20191001-csv/1573#50090345>		"koʔo"@mzp	
"урхьва дум"@dar	<https://panlex.org/snapshot/panlex-20191001-csv/1573#50085133>				<https://panlex.org/snapshot/panlex-20191001-csv/1573#50085258>		"ɓih-ra"@mzp	
