"шин"@dar	<https://panlex.org/snapshot/panlex-20191001-csv/5947#84886442>				<https://panlex.org/snapshot/panlex-20191001-csv/5947#84886551>		"voda"@sl	
"БерхӀи"@dar	<https://panlex.org/snapshot/panlex-20191001-csv/5949#85320882>				<https://panlex.org/snapshot/panlex-20191001-csv/5949#85320981>		"Sonce"@sl	
"август"@dar	<https://panlex.org/snapshot/panlex-20191001-csv/5949#85329314>				<https://panlex.org/snapshot/panlex-20191001-csv/5949#85329491>		"avgust"@sl	
"август"@dar	<https://panlex.org/snapshot/panlex-20191001-csv/5949#85329314>				<https://panlex.org/snapshot/panlex-20191001-csv/5949#85329492>		"veliki srpan"@sl	
"Бац"@dar	<https://panlex.org/snapshot/panlex-20191001-csv/2907#110845753>				<https://panlex.org/snapshot/panlex-20191001-csv/2907#110845850>		"Luna"@sl	
"Юпитер"@dar	<https://panlex.org/snapshot/panlex-20191001-csv/2907#110846385>				<https://panlex.org/snapshot/panlex-20191001-csv/2907#110846427>		"Jupiter"@sl	
"Берхӏи"@dar	<https://panlex.org/snapshot/panlex-20191001-csv/2907#110844912>				<https://panlex.org/snapshot/panlex-20191001-csv/2907#110844983>		"Sonce"@sl	
"Макемаке"@dar	<https://panlex.org/snapshot/panlex-20191001-csv/2907#110847780>				<https://panlex.org/snapshot/panlex-20191001-csv/2907#110847673>		"Makemake"@sl	
"Марс"@dar	<https://panlex.org/snapshot/panlex-20191001-csv/2907#110846119>				<https://panlex.org/snapshot/panlex-20191001-csv/2907#110845992>		"Mars"@sl	
"Нептун"@dar	<https://panlex.org/snapshot/panlex-20191001-csv/2907#110847185>				<https://panlex.org/snapshot/panlex-20191001-csv/2907#110847162>		"Neptun"@sl	
"Хаумеа"@dar	<https://panlex.org/snapshot/panlex-20191001-csv/2907#110847522>				<https://panlex.org/snapshot/panlex-20191001-csv/2907#110847397>		"Haumea"@sl	
"Сатурн"@dar	<https://panlex.org/snapshot/panlex-20191001-csv/2907#110846654>				<https://panlex.org/snapshot/panlex-20191001-csv/2907#110846658>		"Saturn"@sl	
"Плутон"@dar	<https://panlex.org/snapshot/panlex-20191001-csv/2907#110847192>				<https://panlex.org/snapshot/panlex-20191001-csv/2907#110847272>		"Pluton"@sl	
"Церера"@dar	<https://panlex.org/snapshot/panlex-20191001-csv/2907#110846326>				<https://panlex.org/snapshot/panlex-20191001-csv/2907#110846186>		"Ceres"@sl	
"Меркурий"@dar	<https://panlex.org/snapshot/panlex-20191001-csv/2907#110845194>				<https://panlex.org/snapshot/panlex-20191001-csv/2907#110845258>		"Merkur"@sl	
"Венера"@dar	<https://panlex.org/snapshot/panlex-20191001-csv/2907#110845367>				<https://panlex.org/snapshot/panlex-20191001-csv/2907#110845405>		"Venera"@sl	
"Уран"@dar	<https://panlex.org/snapshot/panlex-20191001-csv/2907#110846928>				<https://panlex.org/snapshot/panlex-20191001-csv/2907#110846847>		"Uran"@sl	
"Эрида"@dar	<https://panlex.org/snapshot/panlex-20191001-csv/2907#110847965>				<https://panlex.org/snapshot/panlex-20191001-csv/2907#110847941>		"Erida"@sl	
"Ванза"@dar	<https://panlex.org/snapshot/panlex-20191001-csv/2907#110845622>				<https://panlex.org/snapshot/panlex-20191001-csv/2907#110845619>		"Zemlja"@sl	
"талат"@dar	<https://panlex.org/snapshot/panlex-20191001-csv/2892#110824457>				<https://panlex.org/snapshot/panlex-20191001-csv/2892#110824693>		"torek"@sl	
"сут"@dar	<https://panlex.org/snapshot/panlex-20191001-csv/2892#110826386>				<https://panlex.org/snapshot/panlex-20191001-csv/2892#110826380>		"sobota"@sl	
"хамис"@dar	<https://panlex.org/snapshot/panlex-20191001-csv/2892#110825345>				<https://panlex.org/snapshot/panlex-20191001-csv/2892#110825534>		"četrtek"@sl	
"арбягӏ"@dar	<https://panlex.org/snapshot/panlex-20191001-csv/2892#110824986>				<https://panlex.org/snapshot/panlex-20191001-csv/2892#110825191>		"sreda"@sl	
"итни"@dar	<https://panlex.org/snapshot/panlex-20191001-csv/2892#110824171>				<https://panlex.org/snapshot/panlex-20191001-csv/2892#110824215>		"ponedeljek"@sl	
"жумягӏ"@dar	<https://panlex.org/snapshot/panlex-20191001-csv/2892#110826059>				<https://panlex.org/snapshot/panlex-20191001-csv/2892#110825893>		"petek"@sl	
"алхӏят"@dar	<https://panlex.org/snapshot/panlex-20191001-csv/2892#110826794>				<https://panlex.org/snapshot/panlex-20191001-csv/2892#110826713>		"nedelja"@sl	
"январь"@dar	<https://panlex.org/snapshot/panlex-20191001-csv/2897#110827122>				<https://panlex.org/snapshot/panlex-20191001-csv/2897#110827393>		"svečen"@sl	
"январь"@dar	<https://panlex.org/snapshot/panlex-20191001-csv/2897#110827122>				<https://panlex.org/snapshot/panlex-20191001-csv/2897#110827245>		"lednik"@sl	
"январь"@dar	<https://panlex.org/snapshot/panlex-20191001-csv/2897#110827122>				<https://panlex.org/snapshot/panlex-20191001-csv/2897#110827065>		"prosinec"@sl	
"январь"@dar	<https://panlex.org/snapshot/panlex-20191001-csv/2897#110827122>				<https://panlex.org/snapshot/panlex-20191001-csv/2897#110827179>		"januar"@sl	
"декабрь"@dar	<https://panlex.org/snapshot/panlex-20191001-csv/2897#110831643>				<https://panlex.org/snapshot/panlex-20191001-csv/2897#110831824>		"gruden"@sl	
"декабрь"@dar	<https://panlex.org/snapshot/panlex-20191001-csv/2897#110831643>				<https://panlex.org/snapshot/panlex-20191001-csv/2897#110831760>		"december"@sl	
"октябрь"@dar	<https://panlex.org/snapshot/panlex-20191001-csv/2897#110831044>				<https://panlex.org/snapshot/panlex-20191001-csv/2897#110830757>		"vinotok"@sl	
"октябрь"@dar	<https://panlex.org/snapshot/panlex-20191001-csv/2897#110831044>				<https://panlex.org/snapshot/panlex-20191001-csv/2897#110831083>		"oktober"@sl	
"ноябрь"@dar	<https://panlex.org/snapshot/panlex-20191001-csv/2897#110831193>				<https://panlex.org/snapshot/panlex-20191001-csv/2897#110831258>		"listopad"@sl	
"ноябрь"@dar	<https://panlex.org/snapshot/panlex-20191001-csv/2897#110831193>				<https://panlex.org/snapshot/panlex-20191001-csv/2897#110831216>		"november"@sl	
"февраль"@dar	<https://panlex.org/snapshot/panlex-20191001-csv/2897#110827802>				<https://panlex.org/snapshot/panlex-20191001-csv/2897#110827546>		"februar"@sl	
"февраль"@dar	<https://panlex.org/snapshot/panlex-20191001-csv/2897#110827802>				<https://panlex.org/snapshot/panlex-20191001-csv/2897#110827587>		"svečan"@sl	
"август"@dar	<https://panlex.org/snapshot/panlex-20191001-csv/2897#110829932>				<https://panlex.org/snapshot/panlex-20191001-csv/2897#110830056>		"avgust"@sl	
"август"@dar	<https://panlex.org/snapshot/panlex-20191001-csv/2897#110829932>				<https://panlex.org/snapshot/panlex-20191001-csv/2897#110830058>		"veliki srpan"@sl	
"сентябрь"@dar	<https://panlex.org/snapshot/panlex-20191001-csv/2897#110830483>				<https://panlex.org/snapshot/panlex-20191001-csv/2897#110830538>		"september"@sl	
"сентябрь"@dar	<https://panlex.org/snapshot/panlex-20191001-csv/2897#110830483>				<https://panlex.org/snapshot/panlex-20191001-csv/2897#110830422>		"kimavec"@sl	
"июль"@dar	<https://panlex.org/snapshot/panlex-20191001-csv/2897#110829690>				<https://panlex.org/snapshot/panlex-20191001-csv/2897#110829602>		"mali srpan"@sl	
"июль"@dar	<https://panlex.org/snapshot/panlex-20191001-csv/2897#110829690>				<https://panlex.org/snapshot/panlex-20191001-csv/2897#110829627>		"julij"@sl	
"июнь"@dar	<https://panlex.org/snapshot/panlex-20191001-csv/2897#110829423>				<https://panlex.org/snapshot/panlex-20191001-csv/2897#110829238>		"junij"@sl	
"июнь"@dar	<https://panlex.org/snapshot/panlex-20191001-csv/2897#110829423>				<https://panlex.org/snapshot/panlex-20191001-csv/2897#110829298>		"rožnik"@sl	
"май"@dar	<https://panlex.org/snapshot/panlex-20191001-csv/2897#110828978>				<https://panlex.org/snapshot/panlex-20191001-csv/2897#110829028>		"veliki traven"@sl	
"май"@dar	<https://panlex.org/snapshot/panlex-20191001-csv/2897#110828978>				<https://panlex.org/snapshot/panlex-20191001-csv/2897#110828784>		"maj"@sl	
"март"@dar	<https://panlex.org/snapshot/panlex-20191001-csv/2897#110827890>				<https://panlex.org/snapshot/panlex-20191001-csv/2897#110828180>		"sušec"@sl	
"март"@dar	<https://panlex.org/snapshot/panlex-20191001-csv/2897#110827890>				<https://panlex.org/snapshot/panlex-20191001-csv/2897#110828055>		"marec"@sl	
"апрель"@dar	<https://panlex.org/snapshot/panlex-20191001-csv/2897#110828449>				<https://panlex.org/snapshot/panlex-20191001-csv/2897#110828493>		"april"@sl	
"апрель"@dar	<https://panlex.org/snapshot/panlex-20191001-csv/2897#110828449>				<https://panlex.org/snapshot/panlex-20191001-csv/2897#110828391>		"mali traven"@sl	
