"Dasiamime"@ee	<https://panlex.org/snapshot/panlex-20191001-csv/5949#85329331>				<https://panlex.org/snapshot/panlex-20191001-csv/5949#85329388>		"küz ay"@kdr	
"August"@ee	<https://panlex.org/snapshot/panlex-20191001-csv/5949#85329332>				<https://panlex.org/snapshot/panlex-20191001-csv/5949#85329388>		"küz ay"@kdr	
"Brãɖagbe"@ee	<https://panlex.org/snapshot/panlex-20191001-csv/2892#110824500>				<https://panlex.org/snapshot/panlex-20191001-csv/2892#110824676>		"orta kün"@kdr	
"Memleɖagbe"@ee	<https://panlex.org/snapshot/panlex-20191001-csv/2892#110826196>				<https://panlex.org/snapshot/panlex-20191001-csv/2892#110826336>		"şabbat kün"@kdr	
"Kuɖagbe"@ee	<https://panlex.org/snapshot/panlex-20191001-csv/2892#110824994>				<https://panlex.org/snapshot/panlex-20191001-csv/2892#110825020>		"xan kün"@kdr	
"Dzoɖagbe"@ee	<https://panlex.org/snapshot/panlex-20191001-csv/2892#110824083>				<https://panlex.org/snapshot/panlex-20191001-csv/2892#110824059>		"yexbaş kün"@kdr	
"Yawɔɖagbe"@ee	<https://panlex.org/snapshot/panlex-20191001-csv/2892#110825509>				<https://panlex.org/snapshot/panlex-20191001-csv/2892#110825471>		"kiçibaraski"@kdr	
"Fiɖagbe"@ee	<https://panlex.org/snapshot/panlex-20191001-csv/2892#110826073>				<https://panlex.org/snapshot/panlex-20191001-csv/2892#110825723>		"baraski"@kdr	
"Kɔsiɖagbe"@ee	<https://panlex.org/snapshot/panlex-20191001-csv/2892#110826611>				<https://panlex.org/snapshot/panlex-20191001-csv/2892#110826781>		"yexkün"@kdr	
"September"@ee	<https://panlex.org/snapshot/panlex-20191001-csv/2897#110830592>				<https://panlex.org/snapshot/panlex-20191001-csv/2897#110830713>		"sohum ay"@kdr	
"Mars"@ee	<https://panlex.org/snapshot/panlex-20191001-csv/2897#110828132>				<https://panlex.org/snapshot/panlex-20191001-csv/2897#110827943>		"başqusxan ay"@kdr	
"Masa"@ee	<https://panlex.org/snapshot/panlex-20191001-csv/2897#110829458>				<https://panlex.org/snapshot/panlex-20191001-csv/2897#110829273>		"çirik ay"@kdr	
"Tedoxe"@ee	<https://panlex.org/snapshot/panlex-20191001-csv/2897#110827974>				<https://panlex.org/snapshot/panlex-20191001-csv/2897#110827943>		"başqusxan ay"@kdr	
"Februar"@ee	<https://panlex.org/snapshot/panlex-20191001-csv/2897#110827516>				<https://panlex.org/snapshot/panlex-20191001-csv/2897#110827448>		"qural ay"@kdr	
"August"@ee	<https://panlex.org/snapshot/panlex-20191001-csv/2897#110829972>				<https://panlex.org/snapshot/panlex-20191001-csv/2897#110830231>		"küz ay"@kdr	
"Mai"@ee	<https://panlex.org/snapshot/panlex-20191001-csv/2897#110829013>				<https://panlex.org/snapshot/panlex-20191001-csv/2897#110829000>		"ulah ay"@kdr	
"Dzodze"@ee	<https://panlex.org/snapshot/panlex-20191001-csv/2897#110827848>				<https://panlex.org/snapshot/panlex-20191001-csv/2897#110827448>		"qural ay"@kdr	
"Adeɛmekpɔxe"@ee	<https://panlex.org/snapshot/panlex-20191001-csv/2897#110831538>				<https://panlex.org/snapshot/panlex-20191001-csv/2897#110831358>		"qaraqış ay"@kdr	
"Dasiamime"@ee	<https://panlex.org/snapshot/panlex-20191001-csv/2897#110830103>				<https://panlex.org/snapshot/panlex-20191001-csv/2897#110830231>		"küz ay"@kdr	
"Ɔktober"@ee	<https://panlex.org/snapshot/panlex-20191001-csv/2897#110831070>				<https://panlex.org/snapshot/panlex-20191001-csv/2897#110830872>		"qış ay"@kdr	
"Afɔfiɛ"@ee	<https://panlex.org/snapshot/panlex-20191001-csv/2897#110828263>				<https://panlex.org/snapshot/panlex-20191001-csv/2897#110828606>		"yaz ay"@kdr	
"Nɔvember"@ee	<https://panlex.org/snapshot/panlex-20191001-csv/2897#110831523>				<https://panlex.org/snapshot/panlex-20191001-csv/2897#110831358>		"qaraqış ay"@kdr	
"Dzove"@ee	<https://panlex.org/snapshot/panlex-20191001-csv/2897#110827304>				<https://panlex.org/snapshot/panlex-20191001-csv/2897#110827042>		"artarıx ay"@kdr	
"Yuli"@ee	<https://panlex.org/snapshot/panlex-20191001-csv/2897#110829655>				<https://panlex.org/snapshot/panlex-20191001-csv/2897#110829727>		"ayrıxsı ay"@kdr	
"Kele"@ee	<https://panlex.org/snapshot/panlex-20191001-csv/2897#110831006>				<https://panlex.org/snapshot/panlex-20191001-csv/2897#110830872>		"qış ay"@kdr	
"Yanuar"@ee	<https://panlex.org/snapshot/panlex-20191001-csv/2897#110827308>				<https://panlex.org/snapshot/panlex-20191001-csv/2897#110827042>		"artarıx ay"@kdr	
"Dzome"@ee	<https://panlex.org/snapshot/panlex-20191001-csv/2897#110831581>				<https://panlex.org/snapshot/panlex-20191001-csv/2897#110831639>		"süvünç ay"@kdr	
"Damɛ"@ee	<https://panlex.org/snapshot/panlex-20191001-csv/2897#110828804>				<https://panlex.org/snapshot/panlex-20191001-csv/2897#110829000>		"ulah ay"@kdr	
"Yuni"@ee	<https://panlex.org/snapshot/panlex-20191001-csv/2897#110829087>				<https://panlex.org/snapshot/panlex-20191001-csv/2897#110829273>		"çirik ay"@kdr	
"Anyɔnyɔ"@ee	<https://panlex.org/snapshot/panlex-20191001-csv/2897#110830315>				<https://panlex.org/snapshot/panlex-20191001-csv/2897#110830713>		"sohum ay"@kdr	
"Siamlɔm"@ee	<https://panlex.org/snapshot/panlex-20191001-csv/2897#110829597>				<https://panlex.org/snapshot/panlex-20191001-csv/2897#110829727>		"ayrıxsı ay"@kdr	
"Dezember"@ee	<https://panlex.org/snapshot/panlex-20191001-csv/2897#110831778>				<https://panlex.org/snapshot/panlex-20191001-csv/2897#110831639>		"süvünç ay"@kdr	
"April"@ee	<https://panlex.org/snapshot/panlex-20191001-csv/2897#110828358>				<https://panlex.org/snapshot/panlex-20191001-csv/2897#110828606>		"yaz ay"@kdr	
