"Tsile nutome"@ee	<https://panlex.org/snapshot/panlex-20191001-csv/6898#113624827>				<https://panlex.org/snapshot/panlex-20191001-csv/6898#113624732>		"Chile"@seh	
"Ekuatorial Guini nutome"@ee	<https://panlex.org/snapshot/panlex-20191001-csv/6898#113633878>				<https://panlex.org/snapshot/panlex-20191001-csv/6898#113634015>		"Guiné Equatorial"@seh	
"Guatemala nutome"@ee	<https://panlex.org/snapshot/panlex-20191001-csv/6898#113600523>				<https://panlex.org/snapshot/panlex-20191001-csv/6898#113600388>		"Guatemala"@seh	
"Palestinia nutome"@ee	<https://panlex.org/snapshot/panlex-20191001-csv/6898#113586362>				<https://panlex.org/snapshot/panlex-20191001-csv/6898#113586412>		"Território da Palestina"@seh	
"Uzbekistan nutome"@ee	<https://panlex.org/snapshot/panlex-20191001-csv/6898#113637231>				<https://panlex.org/snapshot/panlex-20191001-csv/6898#113637255>		"Uzbequistão"@seh	
"Gambia nutome"@ee	<https://panlex.org/snapshot/panlex-20191001-csv/6898#113631309>				<https://panlex.org/snapshot/panlex-20191001-csv/6898#113631389>		"Gâmbia"@seh	
"Swaziland nutome"@ee	<https://panlex.org/snapshot/panlex-20191001-csv/6898#113625218>				<https://panlex.org/snapshot/panlex-20191001-csv/6898#113625329>		"Suazilândia"@seh	
"Saint Pierre kple Mikelɔn nutome"@ee	<https://panlex.org/snapshot/panlex-20191001-csv/6898#113588925>				<https://panlex.org/snapshot/panlex-20191001-csv/6898#113589057>		"Saint Pierre e Miquelon"@seh	
"Bermuda nutome"@ee	<https://panlex.org/snapshot/panlex-20191001-csv/6898#113607422>				<https://panlex.org/snapshot/panlex-20191001-csv/6898#113607286>		"Bermudas"@seh	
"Finland nutome"@ee	<https://panlex.org/snapshot/panlex-20191001-csv/6898#113641609>				<https://panlex.org/snapshot/panlex-20191001-csv/6898#113641475>		"Finlândia"@seh	
"Frentsi Gayana nutome"@ee	<https://panlex.org/snapshot/panlex-20191001-csv/6898#113644421>				<https://panlex.org/snapshot/panlex-20191001-csv/6898#113644524>		"Guiana Francesa"@seh	
"Britaintɔwo ƒe india ƒudome nutome"@ee	<https://panlex.org/snapshot/panlex-20191001-csv/6898#113584393>				<https://panlex.org/snapshot/panlex-20191001-csv/6898#113584375>		"Território Britânico do Oceano Índico"@seh	
"Ivory Kost nutome"@ee	<https://panlex.org/snapshot/panlex-20191001-csv/6898#113640483>				<https://panlex.org/snapshot/panlex-20191001-csv/6898#113640361>		"Costa do Marfim"@seh	
"Palau nutome"@ee	<https://panlex.org/snapshot/panlex-20191001-csv/6898#113630848>				<https://panlex.org/snapshot/panlex-20191001-csv/6898#113630928>		"Palau"@seh	
"Kazakstan nutome"@ee	<https://panlex.org/snapshot/panlex-20191001-csv/6898#113591072>				<https://panlex.org/snapshot/panlex-20191001-csv/6898#113590957>		"Casaquistão"@seh	
"Samoa nutome"@ee	<https://panlex.org/snapshot/panlex-20191001-csv/6898#113637471>				<https://panlex.org/snapshot/panlex-20191001-csv/6898#113637438>		"Samoa"@seh	
"Timor-Leste nutome"@ee	<https://panlex.org/snapshot/panlex-20191001-csv/6898#113632555>				<https://panlex.org/snapshot/panlex-20191001-csv/6898#113632790>		"Timor Leste"@seh	
"Niue nutome"@ee	<https://panlex.org/snapshot/panlex-20191001-csv/6898#113641405>				<https://panlex.org/snapshot/panlex-20191001-csv/6898#113641369>		"Niue"@seh	
"Barbados nutome"@ee	<https://panlex.org/snapshot/panlex-20191001-csv/6898#113620339>				<https://panlex.org/snapshot/panlex-20191001-csv/6898#113620470>		"Barbados"@seh	
"Azerbaijan nutome"@ee	<https://panlex.org/snapshot/panlex-20191001-csv/6898#113619261>				<https://panlex.org/snapshot/panlex-20191001-csv/6898#113619339>		"Azerbaijão"@seh	
"Brunei nutome"@ee	<https://panlex.org/snapshot/panlex-20191001-csv/6898#113616088>				<https://panlex.org/snapshot/panlex-20191001-csv/6898#113616073>		"Brunei"@seh	
"maldivesdukɔ"@ee	<https://panlex.org/snapshot/panlex-20191001-csv/6898#113641860>				<https://panlex.org/snapshot/panlex-20191001-csv/6898#113641808>		"Maldivas"@seh	
"Monako nutome"@ee	<https://panlex.org/snapshot/panlex-20191001-csv/6898#113600311>				<https://panlex.org/snapshot/panlex-20191001-csv/6898#113600267>		"Mônaco"@seh	
"Oman nutome"@ee	<https://panlex.org/snapshot/panlex-20191001-csv/6898#113622546>				<https://panlex.org/snapshot/panlex-20191001-csv/6898#113622535>		"Omã"@seh	
"Tɛks kple Kaikos ƒudomekpowo nutome"@ee	<https://panlex.org/snapshot/panlex-20191001-csv/6898#113588684>				<https://panlex.org/snapshot/panlex-20191001-csv/6898#113588624>		"Ilhas Turks e Caicos"@seh	
"Vanuatu nutome"@ee	<https://panlex.org/snapshot/panlex-20191001-csv/6898#113629069>				<https://panlex.org/snapshot/panlex-20191001-csv/6898#113628946>		"Vanuatu"@seh	
"Nauru nutome"@ee	<https://panlex.org/snapshot/panlex-20191001-csv/6898#113601734>				<https://panlex.org/snapshot/panlex-20191001-csv/6898#113601709>		"Nauru"@seh	
"Marshal ƒudomekpowo nutome"@ee	<https://panlex.org/snapshot/panlex-20191001-csv/6898#113594942>				<https://panlex.org/snapshot/panlex-20191001-csv/6898#113594884>		"Ilhas Marshall"@seh	
"Tokelau nutome"@ee	<https://panlex.org/snapshot/panlex-20191001-csv/6898#113615831>				<https://panlex.org/snapshot/panlex-20191001-csv/6898#113615923>		"Tokelau"@seh	
"Guam nutome"@ee	<https://panlex.org/snapshot/panlex-20191001-csv/6898#113630637>				<https://panlex.org/snapshot/panlex-20191001-csv/6898#113630703>		"Guam"@seh	
"Malta nutome"@ee	<https://panlex.org/snapshot/panlex-20191001-csv/6898#113645123>				<https://panlex.org/snapshot/panlex-20191001-csv/6898#113645014>		"Malta"@seh	
"Botswana nutome"@ee	<https://panlex.org/snapshot/panlex-20191001-csv/6898#113595382>				<https://panlex.org/snapshot/panlex-20191001-csv/6898#113595342>		"Botsuana"@seh	
"Réunion nutome"@ee	<https://panlex.org/snapshot/panlex-20191001-csv/6898#113591581>				<https://panlex.org/snapshot/panlex-20191001-csv/6898#113591618>		"Reunião"@seh	
"El Salvadɔ nutome"@ee	<https://panlex.org/snapshot/panlex-20191001-csv/6898#113600585>				<https://panlex.org/snapshot/panlex-20191001-csv/6898#113600601>		"El Salvador"@seh	
"Norfolk ƒudomekpo nutome"@ee	<https://panlex.org/snapshot/panlex-20191001-csv/6898#113642383>				<https://panlex.org/snapshot/panlex-20191001-csv/6898#113642343>		"Ilhas Norfolk"@seh	
"Mongolia nutome"@ee	<https://panlex.org/snapshot/panlex-20191001-csv/6898#113621595>				<https://panlex.org/snapshot/panlex-20191001-csv/6898#113621511>		"Mongólia"@seh	
"Portugal nutome"@ee	<https://panlex.org/snapshot/panlex-20191001-csv/6898#113628663>				<https://panlex.org/snapshot/panlex-20191001-csv/6898#113628715>		"Portugal"@seh	
"Mexico nutome"@ee	<https://panlex.org/snapshot/panlex-20191001-csv/6898#113628400>				<https://panlex.org/snapshot/panlex-20191001-csv/6898#113628329>		"México"@seh	
"Spain nutome"@ee	<https://panlex.org/snapshot/panlex-20191001-csv/6898#113594579>				<https://panlex.org/snapshot/panlex-20191001-csv/6898#113594547>		"Espanha"@seh	
"Montserrat nutome"@ee	<https://panlex.org/snapshot/panlex-20191001-csv/6898#113618351>				<https://panlex.org/snapshot/panlex-20191001-csv/6898#113618485>		"Montserrat"@seh	
"Tsaina nutome"@ee	<https://panlex.org/snapshot/panlex-20191001-csv/6898#113614025>				<https://panlex.org/snapshot/panlex-20191001-csv/6898#113614003>		"China"@seh	
"Iran nutome"@ee	<https://panlex.org/snapshot/panlex-20191001-csv/6898#113626222>				<https://panlex.org/snapshot/panlex-20191001-csv/6898#113626182>		"Irã"@seh	
"Fidzi nutome"@ee	<https://panlex.org/snapshot/panlex-20191001-csv/6898#113629989>				<https://panlex.org/snapshot/panlex-20191001-csv/6898#113629970>		"Fiji"@seh	
"Tuvalu nutome"@ee	<https://panlex.org/snapshot/panlex-20191001-csv/6898#113610351>				<https://panlex.org/snapshot/panlex-20191001-csv/6898#113610355>		"Tuvalu"@seh	
"Saint Helena nutome"@ee	<https://panlex.org/snapshot/panlex-20191001-csv/6898#113622745>				<https://panlex.org/snapshot/panlex-20191001-csv/6898#113622820>		"Santa Helena"@seh	
"Saiprus nutome"@ee	<https://panlex.org/snapshot/panlex-20191001-csv/6898#113631728>				<https://panlex.org/snapshot/panlex-20191001-csv/6898#113631796>		"Chipre"@seh	
"Yordan nutome"@ee	<https://panlex.org/snapshot/panlex-20191001-csv/6898#113611577>				<https://panlex.org/snapshot/panlex-20191001-csv/6898#113611712>		"Jordânia"@seh	
"Bolivia nutome"@ee	<https://panlex.org/snapshot/panlex-20191001-csv/6898#113609616>				<https://panlex.org/snapshot/panlex-20191001-csv/6898#113609640>		"Bolívia"@seh	
"Kote d’Ivoire nutome"@ee	<https://panlex.org/snapshot/panlex-20191001-csv/6898#113640478>				<https://panlex.org/snapshot/panlex-20191001-csv/6898#113640361>		"Costa do Marfim"@seh	
"Anyiehe Korea nutome"@ee	<https://panlex.org/snapshot/panlex-20191001-csv/6898#113638784>				<https://panlex.org/snapshot/panlex-20191001-csv/6898#113638817>		"Coréia do Sul"@seh	
"Argentina nutome"@ee	<https://panlex.org/snapshot/panlex-20191001-csv/6898#113642170>				<https://panlex.org/snapshot/panlex-20191001-csv/6898#113642196>		"Argentina"@seh	
"Haiti nutome"@ee	<https://panlex.org/snapshot/panlex-20191001-csv/6898#113634594>				<https://panlex.org/snapshot/panlex-20191001-csv/6898#113634585>		"Haiti"@seh	
"Hungari nutome"@ee	<https://panlex.org/snapshot/panlex-20191001-csv/6898#113625135>				<https://panlex.org/snapshot/panlex-20191001-csv/6898#113624985>		"Hungria"@seh	
"Kook ƒudomekpo nutome"@ee	<https://panlex.org/snapshot/panlex-20191001-csv/6898#113638419>				<https://panlex.org/snapshot/panlex-20191001-csv/6898#113638375>		"Ilhas Cook"@seh	
"Dominika nutome"@ee	<https://panlex.org/snapshot/panlex-20191001-csv/6898#113599762>				<https://panlex.org/snapshot/panlex-20191001-csv/6898#113599697>		"Dominica"@seh	
"Ireland nutome"@ee	<https://panlex.org/snapshot/panlex-20191001-csv/6898#113625883>				<https://panlex.org/snapshot/panlex-20191001-csv/6898#113625993>		"Irlanda"@seh	
"Kongo demokratik repɔblik nutome"@ee	<https://panlex.org/snapshot/panlex-20191001-csv/6898#113589448>				<https://panlex.org/snapshot/panlex-20191001-csv/6898#113589798>		"Congo-Kinshasa"@seh	
"Bangladesh nutome"@ee	<https://panlex.org/snapshot/panlex-20191001-csv/6898#113632188>				<https://panlex.org/snapshot/panlex-20191001-csv/6898#113632176>		"Bangladesh"@seh	
"Tajikistan nutome"@ee	<https://panlex.org/snapshot/panlex-20191001-csv/6898#113590278>				<https://panlex.org/snapshot/panlex-20191001-csv/6898#113590275>		"Tadjiquistão"@seh	
"Kiribati nutome"@ee	<https://panlex.org/snapshot/panlex-20191001-csv/6898#113603035>				<https://panlex.org/snapshot/panlex-20191001-csv/6898#113603098>		"Quiribati"@seh	
"Paragua nutome"@ee	<https://panlex.org/snapshot/panlex-20191001-csv/6898#113623834>				<https://panlex.org/snapshot/panlex-20191001-csv/6898#113623902>		"Paraguai"@seh	
"Litsenstein nutome"@ee	<https://panlex.org/snapshot/panlex-20191001-csv/6898#113613191>				<https://panlex.org/snapshot/panlex-20191001-csv/6898#113613192>		"Liechtenstein"@seh	
"Egypte nutome"@ee	<https://panlex.org/snapshot/panlex-20191001-csv/6898#113604605>				<https://panlex.org/snapshot/panlex-20191001-csv/6898#113604544>		"Egito"@seh	
"Burkina Faso nutome"@ee	<https://panlex.org/snapshot/panlex-20191001-csv/6898#113632484>				<https://panlex.org/snapshot/panlex-20191001-csv/6898#113632390>		"Burquina Faso"@seh	
"New Kaledonia nutome"@ee	<https://panlex.org/snapshot/panlex-20191001-csv/6898#113586576>				<https://panlex.org/snapshot/panlex-20191001-csv/6898#113586600>		"Nova Caledônia"@seh	
