"*tinaqi"@poz	<https://panlex.org/snapshot/panlex-20191001-csv/114#8059652>				<https://panlex.org/snapshot/panlex-20191001-csv/114#8059607>		"tinteluen"@ncn	
"*ijuŋ"@poz	<https://panlex.org/snapshot/panlex-20191001-csv/114#8065399>				<https://panlex.org/snapshot/panlex-20191001-csv/114#8065357>		"ŋot"@ncn	
"*hema"@poz	<https://panlex.org/snapshot/panlex-20191001-csv/114#8067952>				<https://panlex.org/snapshot/panlex-20191001-csv/114#8067906>		"kalmim"@ncn	
"*tian"@poz	<https://panlex.org/snapshot/panlex-20191001-csv/114#8058643>				<https://panlex.org/snapshot/panlex-20191001-csv/114#8058591>		"ti"@ncn	
"*puter"@poz	<https://panlex.org/snapshot/panlex-20191001-csv/114#8055597>				<https://panlex.org/snapshot/panlex-20191001-csv/114#8055548>		"aŋilut"@ncn	
"*cemed"@poz	<https://panlex.org/snapshot/panlex-20191001-csv/114#8056619>				<https://panlex.org/snapshot/panlex-20191001-csv/114#8056567>		"calcaran"@ncn	
"*ka-wanan"@poz	<https://panlex.org/snapshot/panlex-20191001-csv/114#8052964>				<https://panlex.org/snapshot/panlex-20191001-csv/114#8052925>		"kali|matu"@ncn	
"*qabaʀa"@poz	<https://panlex.org/snapshot/panlex-20191001-csv/114#8061199>				<https://panlex.org/snapshot/panlex-20191001-csv/114#8061156>		"kuŋ"@ncn	
"*qulu"@poz	<https://panlex.org/snapshot/panlex-20191001-csv/114#8063763>				<https://panlex.org/snapshot/panlex-20191001-csv/114#8063721>		"hal"@ncn	
"*ipen"@poz	<https://panlex.org/snapshot/panlex-20191001-csv/114#8067430>				<https://panlex.org/snapshot/panlex-20191001-csv/114#8067385>		"lih"@ncn	
"*hajek"@poz	<https://panlex.org/snapshot/panlex-20191001-csv/114#8066350>				<https://panlex.org/snapshot/panlex-20191001-csv/114#8066306>		"caŋin"@ncn	
"*zalan"@poz	<https://panlex.org/snapshot/panlex-20191001-csv/114#8054596>				<https://panlex.org/snapshot/panlex-20191001-csv/114#8054550>		"cal"@ncn	
"*tuqelan"@poz	<https://panlex.org/snapshot/panlex-20191001-csv/114#8059168>				<https://panlex.org/snapshot/panlex-20191001-csv/114#8059127>		"cin"@ncn	
"*dilaq"@poz	<https://panlex.org/snapshot/panlex-20191001-csv/114#8067951>				<https://panlex.org/snapshot/panlex-20191001-csv/114#8067906>		"kalmim"@ncn	
"*mañawa"@poz	<https://panlex.org/snapshot/panlex-20191001-csv/114#8065873>				<https://panlex.org/snapshot/panlex-20191001-csv/114#8065831>		"kohu kuñah"@ncn	
