"*tinaqi"@poz	<https://panlex.org/snapshot/panlex-20191001-csv/114#8059652>				<https://panlex.org/snapshot/panlex-20191001-csv/114#8059729>		"tinaiq"@tih	
"*ijuŋ"@poz	<https://panlex.org/snapshot/panlex-20191001-csv/114#8065399>				<https://panlex.org/snapshot/panlex-20191001-csv/114#8065498>		"aduŋ"@tih	
"*hema"@poz	<https://panlex.org/snapshot/panlex-20191001-csv/114#8067952>				<https://panlex.org/snapshot/panlex-20191001-csv/114#8068041>		"dilaq"@tih	
"*tian"@poz	<https://panlex.org/snapshot/panlex-20191001-csv/114#8058643>				<https://panlex.org/snapshot/panlex-20191001-csv/114#8058741>		"tinaiq"@tih	
"*puter"@poz	<https://panlex.org/snapshot/panlex-20191001-csv/114#8055597>				<https://panlex.org/snapshot/panlex-20191001-csv/114#8055685>		"-lisaŋ"@tih	
"*cemed"@poz	<https://panlex.org/snapshot/panlex-20191001-csv/114#8056619>				<https://panlex.org/snapshot/panlex-20191001-csv/114#8056711>		"-jamol"@tih	
"*ka-wanan"@poz	<https://panlex.org/snapshot/panlex-20191001-csv/114#8052964>				<https://panlex.org/snapshot/panlex-20191001-csv/114#8053043>		"pamiris"@tih	
"*qabaʀa"@poz	<https://panlex.org/snapshot/panlex-20191001-csv/114#8061199>				<https://panlex.org/snapshot/panlex-20191001-csv/114#8061280>		"limbawo"@tih	
"*qulu"@poz	<https://panlex.org/snapshot/panlex-20191001-csv/114#8063763>				<https://panlex.org/snapshot/panlex-20191001-csv/114#8063859>		"ulu"@tih	
"*ipen"@poz	<https://panlex.org/snapshot/panlex-20191001-csv/114#8067430>				<https://panlex.org/snapshot/panlex-20191001-csv/114#8067527>		"dipon"@tih	
"*hajek"@poz	<https://panlex.org/snapshot/panlex-20191001-csv/114#8066350>				<https://panlex.org/snapshot/panlex-20191001-csv/114#8066433>		"-alok"@tih	
"*zalan"@poz	<https://panlex.org/snapshot/panlex-20191001-csv/114#8054596>				<https://panlex.org/snapshot/panlex-20191001-csv/114#8054682>		"dalan"@tih	
"*tuqelan"@poz	<https://panlex.org/snapshot/panlex-20191001-csv/114#8059168>				<https://panlex.org/snapshot/panlex-20191001-csv/114#8059256>		"tulaŋ"@tih	
"*dilaq"@poz	<https://panlex.org/snapshot/panlex-20191001-csv/114#8067951>				<https://panlex.org/snapshot/panlex-20191001-csv/114#8068041>		"dilaq"@tih	
"*mañawa"@poz	<https://panlex.org/snapshot/panlex-20191001-csv/114#8065873>				<https://panlex.org/snapshot/panlex-20191001-csv/114#8065947>		"-painawo"@tih	
