"*tinaqi"@poz	<https://panlex.org/snapshot/panlex-20191001-csv/114#8059652>				<https://panlex.org/snapshot/panlex-20191001-csv/114#8059774>		"tanei"@wnk	
"*ijuŋ"@poz	<https://panlex.org/snapshot/panlex-20191001-csv/114#8065399>				<https://panlex.org/snapshot/panlex-20191001-csv/114#8065553>		"íru"@wnk	
"*hema"@poz	<https://panlex.org/snapshot/panlex-20191001-csv/114#8067952>				<https://panlex.org/snapshot/panlex-20191001-csv/114#8068095>		"lèma"@wnk	
"*tian"@poz	<https://panlex.org/snapshot/panlex-20191001-csv/114#8058643>				<https://panlex.org/snapshot/panlex-20191001-csv/114#8058805>		"kabu"@wnk	
"*puter"@poz	<https://panlex.org/snapshot/panlex-20191001-csv/114#8055597>				<https://panlex.org/snapshot/panlex-20191001-csv/114#8055727>		"heʼit"@wnk	
"*cemed"@poz	<https://panlex.org/snapshot/panlex-20191001-csv/114#8056619>				<https://panlex.org/snapshot/panlex-20191001-csv/114#8056765>		"kamèting"@wnk	
"*ka-wanan"@poz	<https://panlex.org/snapshot/panlex-20191001-csv/114#8052964>				<https://panlex.org/snapshot/panlex-20191001-csv/114#8053088>		"lawana"@wnk	
"*qabaʀa"@poz	<https://panlex.org/snapshot/panlex-20191001-csv/114#8061199>				<https://panlex.org/snapshot/panlex-20191001-csv/114#8061320>		"kabàki"@wnk	
"*qulu"@poz	<https://panlex.org/snapshot/panlex-20191001-csv/114#8063763>				<https://panlex.org/snapshot/panlex-20191001-csv/114#8063919>		"katiku"@wnk	
"*ipen"@poz	<https://panlex.org/snapshot/panlex-20191001-csv/114#8067430>				<https://panlex.org/snapshot/panlex-20191001-csv/114#8067581>		"wongidu"@wnk	
"*hajek"@poz	<https://panlex.org/snapshot/panlex-20191001-csv/114#8066350>				<https://panlex.org/snapshot/panlex-20191001-csv/114#8066480>		"ngèdi"@wnk	
"*zalan"@poz	<https://panlex.org/snapshot/panlex-20191001-csv/114#8054596>				<https://panlex.org/snapshot/panlex-20191001-csv/114#8054735>		"larangí"@wnk	
"*tuqelan"@poz	<https://panlex.org/snapshot/panlex-20191001-csv/114#8059168>				<https://panlex.org/snapshot/panlex-20191001-csv/114#8059309>		"rí"@wnk	
"*dilaq"@poz	<https://panlex.org/snapshot/panlex-20191001-csv/114#8067951>				<https://panlex.org/snapshot/panlex-20191001-csv/114#8068095>		"lèma"@wnk	
"*mañawa"@poz	<https://panlex.org/snapshot/panlex-20191001-csv/114#8065873>				<https://panlex.org/snapshot/panlex-20191001-csv/114#8065989>		"hangahu"@wnk	
