"kalita"@map	<https://panlex.org/snapshot/panlex-20191001-csv/114#8057475>				<https://panlex.org/snapshot/panlex-20191001-csv/114#8057499>		"tini"@mgl	
"dog"@map	<https://panlex.org/snapshot/panlex-20191001-csv/114#8059057>				<https://panlex.org/snapshot/panlex-20191001-csv/114#8059077>		"ḇolḇoli"@mgl	
"ɣaeŋgu"@map	<https://panlex.org/snapshot/panlex-20191001-csv/114#8066759>				<https://panlex.org/snapshot/panlex-20191001-csv/114#8066770>		"ao"@mgl	
"mamiye"@map	<https://panlex.org/snapshot/panlex-20191001-csv/114#8067844>				<https://panlex.org/snapshot/panlex-20191001-csv/114#8067856>		"mai"@mgl	
"kamwaita"@map	<https://panlex.org/snapshot/panlex-20191001-csv/114#8054493>				<https://panlex.org/snapshot/panlex-20191001-csv/114#8054502>		"roro"@mgl	
"ŋe-"@map	<https://panlex.org/snapshot/panlex-20191001-csv/114#8053377>				<https://panlex.org/snapshot/panlex-20191001-csv/114#8053390>		"ai"@mgl	
"*litaq"@map	<https://panlex.org/snapshot/panlex-20191001-csv/114#8063100>				<https://panlex.org/snapshot/panlex-20191001-csv/114#8063127>		"tepo"@mgl	
"mimin"@map	<https://panlex.org/snapshot/panlex-20191001-csv/114#8067839>				<https://panlex.org/snapshot/panlex-20191001-csv/114#8067856>		"mai"@mgl	
"mɨro"@map	<https://panlex.org/snapshot/panlex-20191001-csv/114#8062614>				<https://panlex.org/snapshot/panlex-20191001-csv/114#8062629>		"motou"@mgl	
"mena"@map	<https://panlex.org/snapshot/panlex-20191001-csv/114#8054999>				<https://panlex.org/snapshot/panlex-20191001-csv/114#8055006>		"mai"@mgl	
"sukulo-"@map	<https://panlex.org/snapshot/panlex-20191001-csv/114#8057483>				<https://panlex.org/snapshot/panlex-20191001-csv/114#8057499>		"tini"@mgl	
"tilin"@map	<https://panlex.org/snapshot/panlex-20191001-csv/114#8053374>				<https://panlex.org/snapshot/panlex-20191001-csv/114#8053390>		"ai"@mgl	
"*ŋiTi"@map	<https://panlex.org/snapshot/panlex-20191001-csv/114#8068366>				<https://panlex.org/snapshot/panlex-20191001-csv/114#8068387>		"ŋiŋ"@mgl	
"bulumolɔɔ"@map	<https://panlex.org/snapshot/panlex-20191001-csv/114#8056989>				<https://panlex.org/snapshot/panlex-20191001-csv/114#8057007>		"muk"@mgl	
"ati"@map	<https://panlex.org/snapshot/panlex-20191001-csv/114#8060020>				<https://panlex.org/snapshot/panlex-20191001-csv/114#8060040>		"atati"@mgl	
"*bliq"@map	<https://panlex.org/snapshot/panlex-20191001-csv/114#8053369>				<https://panlex.org/snapshot/panlex-20191001-csv/114#8053390>		"ai"@mgl	
"madauta"@map	<https://panlex.org/snapshot/panlex-20191001-csv/114#8062610>				<https://panlex.org/snapshot/panlex-20191001-csv/114#8062629>		"motou"@mgl	
"*afara"@map	<https://panlex.org/snapshot/panlex-20191001-csv/114#8061088>				<https://panlex.org/snapshot/panlex-20191001-csv/114#8061108>		"alu"@mgl	
"*una-fi"@map	<https://panlex.org/snapshot/panlex-20191001-csv/114#8064723>				<https://panlex.org/snapshot/panlex-20191001-csv/114#8064744>		"[kuri] louloua"@mgl	
"ra"@map	<https://panlex.org/snapshot/panlex-20191001-csv/114#8063107>				<https://panlex.org/snapshot/panlex-20191001-csv/114#8063127>		"tepo"@mgl	
"ŋas"@map	<https://panlex.org/snapshot/panlex-20191001-csv/114#8052400>				<https://panlex.org/snapshot/panlex-20191001-csv/114#8052413>		"ŋas"@mgl	
"nesivule-"@map	<https://panlex.org/snapshot/panlex-20191001-csv/114#8064730>				<https://panlex.org/snapshot/panlex-20191001-csv/114#8064744>		"[kuri] louloua"@mgl	
"boŋo-"@map	<https://panlex.org/snapshot/panlex-20191001-csv/114#8066754>				<https://panlex.org/snapshot/panlex-20191001-csv/114#8066770>		"ao"@mgl	
"-pou"@map	<https://panlex.org/snapshot/panlex-20191001-csv/114#8054996>				<https://panlex.org/snapshot/panlex-20191001-csv/114#8055006>		"mai"@mgl	
"waki"@map	<https://panlex.org/snapshot/panlex-20191001-csv/114#8059063>				<https://panlex.org/snapshot/panlex-20191001-csv/114#8059077>		"ḇolḇoli"@mgl	
"buzu/n"@map	<https://panlex.org/snapshot/panlex-20191001-csv/114#8064190>				<https://panlex.org/snapshot/panlex-20191001-csv/114#8064209>		"ǥoli"@mgl	
"bwəlin"@map	<https://panlex.org/snapshot/panlex-20191001-csv/114#8057995>				<https://panlex.org/snapshot/panlex-20191001-csv/114#8058012>		"ǥunǥuni"@mgl	
"lima"@map	<https://panlex.org/snapshot/panlex-20191001-csv/114#8051882>				<https://panlex.org/snapshot/panlex-20191001-csv/114#8051903>		"ḇaǥe"@mgl	
"*ka-wiʀi"@map	<https://panlex.org/snapshot/panlex-20191001-csv/114#8052392>				<https://panlex.org/snapshot/panlex-20191001-csv/114#8052413>		"ŋas"@mgl	
"*[m]ʼuli"@map	<https://panlex.org/snapshot/panlex-20191001-csv/114#8068367>				<https://panlex.org/snapshot/panlex-20191001-csv/114#8068387>		"ŋiŋ"@mgl	
"*bajaq"@map	<https://panlex.org/snapshot/panlex-20191001-csv/114#8061606>				<https://panlex.org/snapshot/panlex-20191001-csv/114#8061632>		"ôtai"@mgl	
"*ney[ae]"@map	<https://panlex.org/snapshot/panlex-20191001-csv/114#8053367>				<https://panlex.org/snapshot/panlex-20191001-csv/114#8053390>		"ai"@mgl	
"-log"@map	<https://panlex.org/snapshot/panlex-20191001-csv/114#8055986>				<https://panlex.org/snapshot/panlex-20191001-csv/114#8056006>		"uaǥɛn"@mgl	
"-tol"@map	<https://panlex.org/snapshot/panlex-20191001-csv/114#8053960>				<https://panlex.org/snapshot/panlex-20191001-csv/114#8053975>		"lala"@mgl	
"*k[m]ahuŋ"@map	<https://panlex.org/snapshot/panlex-20191001-csv/114#8055983>				<https://panlex.org/snapshot/panlex-20191001-csv/114#8056006>		"uaǥɛn"@mgl	
"balen"@map	<https://panlex.org/snapshot/panlex-20191001-csv/114#8067837>				<https://panlex.org/snapshot/panlex-20191001-csv/114#8067856>		"mai"@mgl	
"nempuly-"@map	<https://panlex.org/snapshot/panlex-20191001-csv/114#8053376>				<https://panlex.org/snapshot/panlex-20191001-csv/114#8053390>		"ai"@mgl	
"*takuru"@map	<https://panlex.org/snapshot/panlex-20191001-csv/114#8057991>				<https://panlex.org/snapshot/panlex-20191001-csv/114#8058012>		"ǥunǥuni"@mgl	
"vuɣavuɣauye"@map	<https://panlex.org/snapshot/panlex-20191001-csv/114#8056993>				<https://panlex.org/snapshot/panlex-20191001-csv/114#8057007>		"muk"@mgl	
"ɣeɣe"@map	<https://panlex.org/snapshot/panlex-20191001-csv/114#8053378>				<https://panlex.org/snapshot/panlex-20191001-csv/114#8053390>		"ai"@mgl	
"movmit"@map	<https://panlex.org/snapshot/panlex-20191001-csv/114#8060024>				<https://panlex.org/snapshot/panlex-20191001-csv/114#8060040>		"atati"@mgl	
"nuluvo-"@map	<https://panlex.org/snapshot/panlex-20191001-csv/114#8067312>				<https://panlex.org/snapshot/panlex-20191001-csv/114#8067330>		"roŋa"@mgl	
"dədəngen"@map	<https://panlex.org/snapshot/panlex-20191001-csv/114#8062613>				<https://panlex.org/snapshot/panlex-20191001-csv/114#8062629>		"motou"@mgl	
"Nakaw"@map	<https://panlex.org/snapshot/panlex-20191001-csv/114#8053948>				<https://panlex.org/snapshot/panlex-20191001-csv/114#8053975>		"lala"@mgl	
"*kipan"@map	<https://panlex.org/snapshot/panlex-20191001-csv/114#8067306>				<https://panlex.org/snapshot/panlex-20191001-csv/114#8067330>		"roŋa"@mgl	
"notnor"@map	<https://panlex.org/snapshot/panlex-20191001-csv/114#8062122>				<https://panlex.org/snapshot/panlex-20191001-csv/114#8062133>		"remo"@mgl	
"-tor"@map	<https://panlex.org/snapshot/panlex-20191001-csv/114#8053955>				<https://panlex.org/snapshot/panlex-20191001-csv/114#8053975>		"lala"@mgl	
"nebil-"@map	<https://panlex.org/snapshot/panlex-20191001-csv/114#8061092>				<https://panlex.org/snapshot/panlex-20191001-csv/114#8061108>		"alu"@mgl	
"lúgi-da"@map	<https://panlex.org/snapshot/panlex-20191001-csv/114#8064726>				<https://panlex.org/snapshot/panlex-20191001-csv/114#8064744>		"[kuri] louloua"@mgl	
"nehuhu-"@map	<https://panlex.org/snapshot/panlex-20191001-csv/114#8060566>				<https://panlex.org/snapshot/panlex-20191001-csv/114#8060585>		"su"@mgl	
"soksok"@map	<https://panlex.org/snapshot/panlex-20191001-csv/114#8056508>				<https://panlex.org/snapshot/panlex-20191001-csv/114#8056523>		"muru"@mgl	
"nangi"@map	<https://panlex.org/snapshot/panlex-20191001-csv/114#8055985>				<https://panlex.org/snapshot/panlex-20191001-csv/114#8056006>		"uaǥɛn"@mgl	
"sus"@map	<https://panlex.org/snapshot/panlex-20191001-csv/114#8060561>				<https://panlex.org/snapshot/panlex-20191001-csv/114#8060585>		"su"@mgl	
"koku"@map	<https://panlex.org/snapshot/panlex-20191001-csv/114#8064188>				<https://panlex.org/snapshot/panlex-20191001-csv/114#8064209>		"ǥoli"@mgl	
"taboŋo"@map	<https://panlex.org/snapshot/panlex-20191001-csv/114#8065775>				<https://panlex.org/snapshot/panlex-20191001-csv/114#8065784>		"alke"@mgl	
"ŋator"@map	<https://panlex.org/snapshot/panlex-20191001-csv/114#8053962>				<https://panlex.org/snapshot/panlex-20191001-csv/114#8053975>		"lala"@mgl	
"pəti vwisin"@map	<https://panlex.org/snapshot/panlex-20191001-csv/114#8061093>				<https://panlex.org/snapshot/panlex-20191001-csv/114#8061108>		"alu"@mgl	
"ngàja-da"@map	<https://panlex.org/snapshot/panlex-20191001-csv/114#8066749>				<https://panlex.org/snapshot/panlex-20191001-csv/114#8066770>		"ao"@mgl	
"keru"@map	<https://panlex.org/snapshot/panlex-20191001-csv/114#8065281>				<https://panlex.org/snapshot/panlex-20191001-csv/114#8065302>		"ḇani"@mgl	
"leŋe-"@map	<https://panlex.org/snapshot/panlex-20191001-csv/114#8057481>				<https://panlex.org/snapshot/panlex-20191001-csv/114#8057499>		"tini"@mgl	
"*gadaq"@map	<https://panlex.org/snapshot/panlex-20191001-csv/114#8061611>				<https://panlex.org/snapshot/panlex-20191001-csv/114#8061632>		"ôtai"@mgl	
"moiye"@map	<https://panlex.org/snapshot/panlex-20191001-csv/114#8052401>				<https://panlex.org/snapshot/panlex-20191001-csv/114#8052413>		"ŋas"@mgl	
"wiliŋ"@map	<https://panlex.org/snapshot/panlex-20191001-csv/114#8054994>				<https://panlex.org/snapshot/panlex-20191001-csv/114#8055006>		"mai"@mgl	
"kabàki"@map	<https://panlex.org/snapshot/panlex-20191001-csv/114#8061091>				<https://panlex.org/snapshot/panlex-20191001-csv/114#8061108>		"alu"@mgl	
"*unauna"@map	<https://panlex.org/snapshot/panlex-20191001-csv/114#8064724>				<https://panlex.org/snapshot/panlex-20191001-csv/114#8064744>		"[kuri] louloua"@mgl	
"lawana"@map	<https://panlex.org/snapshot/panlex-20191001-csv/114#8052859>				<https://panlex.org/snapshot/panlex-20191001-csv/114#8052878>		"ôtai"@mgl	
"*wae"@map	<https://panlex.org/snapshot/panlex-20191001-csv/114#8053368>				<https://panlex.org/snapshot/panlex-20191001-csv/114#8053390>		"ai"@mgl	
"katowa"@map	<https://panlex.org/snapshot/panlex-20191001-csv/114#8063644>				<https://panlex.org/snapshot/panlex-20191001-csv/114#8063666>		"kuri"@mgl	
"kòru"@map	<https://panlex.org/snapshot/panlex-20191001-csv/114#8065282>				<https://panlex.org/snapshot/panlex-20191001-csv/114#8065302>		"ḇani"@mgl	
"səsərip"@map	<https://panlex.org/snapshot/panlex-20191001-csv/114#8066236>				<https://panlex.org/snapshot/panlex-20191001-csv/114#8066254>		"kunia"@mgl	
"səsərip"@map	<https://panlex.org/snapshot/panlex-20191001-csv/114#8066236>				<https://panlex.org/snapshot/panlex-20191001-csv/114#8066255>		"loŋo"@mgl	
"nemʼemʼ-"@map	<https://panlex.org/snapshot/panlex-20191001-csv/114#8067838>				<https://panlex.org/snapshot/panlex-20191001-csv/114#8067856>		"mai"@mgl	
"*wɨk"@map	<https://panlex.org/snapshot/panlex-20191001-csv/114#8064725>				<https://panlex.org/snapshot/panlex-20191001-csv/114#8064744>		"[kuri] louloua"@mgl	
"ləmen"@map	<https://panlex.org/snapshot/panlex-20191001-csv/114#8051886>				<https://panlex.org/snapshot/panlex-20191001-csv/114#8051903>		"ḇaǥe"@mgl	
"navarra-"@map	<https://panlex.org/snapshot/panlex-20191001-csv/114#8051885>				<https://panlex.org/snapshot/panlex-20191001-csv/114#8051903>		"ḇaǥe"@mgl	
"sel"@map	<https://panlex.org/snapshot/panlex-20191001-csv/114#8054489>				<https://panlex.org/snapshot/panlex-20191001-csv/114#8054502>		"roro"@mgl	
"nangi"@map	<https://panlex.org/snapshot/panlex-20191001-csv/114#8055984>				<https://panlex.org/snapshot/panlex-20191001-csv/114#8056006>		"uaǥɛn"@mgl	
"*qabal"@map	<https://panlex.org/snapshot/panlex-20191001-csv/114#8061089>				<https://panlex.org/snapshot/panlex-20191001-csv/114#8061108>		"alu"@mgl	
"mpatava-"@map	<https://panlex.org/snapshot/panlex-20191001-csv/114#8061095>				<https://panlex.org/snapshot/panlex-20191001-csv/114#8061108>		"alu"@mgl	
"sinog a-"@map	<https://panlex.org/snapshot/panlex-20191001-csv/114#8056511>				<https://panlex.org/snapshot/panlex-20191001-csv/114#8056523>		"muru"@mgl	
"*ata-i-"@map	<https://panlex.org/snapshot/panlex-20191001-csv/114#8061607>				<https://panlex.org/snapshot/panlex-20191001-csv/114#8061632>		"ôtai"@mgl	
"nai"@map	<https://panlex.org/snapshot/panlex-20191001-csv/114#8066242>				<https://panlex.org/snapshot/panlex-20191001-csv/114#8066254>		"kunia"@mgl	
"nai"@map	<https://panlex.org/snapshot/panlex-20191001-csv/114#8066242>				<https://panlex.org/snapshot/panlex-20191001-csv/114#8066255>		"loŋo"@mgl	
"*ua"@map	<https://panlex.org/snapshot/panlex-20191001-csv/114#8064186>				<https://panlex.org/snapshot/panlex-20191001-csv/114#8064209>		"ǥoli"@mgl	
"nəmae"@map	<https://panlex.org/snapshot/panlex-20191001-csv/114#8051891>				<https://panlex.org/snapshot/panlex-20191001-csv/114#8051903>		"ḇaǥe"@mgl	
"mia-"@map	<https://panlex.org/snapshot/panlex-20191001-csv/114#8067840>				<https://panlex.org/snapshot/panlex-20191001-csv/114#8067856>		"mai"@mgl	
"*pwauSu"@map	<https://panlex.org/snapshot/panlex-20191001-csv/114#8065279>				<https://panlex.org/snapshot/panlex-20191001-csv/114#8065302>		"ḇani"@mgl	
"*likeS"@map	<https://panlex.org/snapshot/panlex-20191001-csv/114#8056983>				<https://panlex.org/snapshot/panlex-20191001-csv/114#8057007>		"muk"@mgl	
"nintrei"@map	<https://panlex.org/snapshot/panlex-20191001-csv/114#8063108>				<https://panlex.org/snapshot/panlex-20191001-csv/114#8063127>		"tepo"@mgl	
"*saŋu"@map	<https://panlex.org/snapshot/panlex-20191001-csv/114#8066232>				<https://panlex.org/snapshot/panlex-20191001-csv/114#8066254>		"kunia"@mgl	
"*saŋu"@map	<https://panlex.org/snapshot/panlex-20191001-csv/114#8066232>				<https://panlex.org/snapshot/panlex-20191001-csv/114#8066255>		"loŋo"@mgl	
"tini-"@map	<https://panlex.org/snapshot/panlex-20191001-csv/114#8057485>				<https://panlex.org/snapshot/panlex-20191001-csv/114#8057499>		"tini"@mgl	
"*ʼatay"@map	<https://panlex.org/snapshot/panlex-20191001-csv/114#8060019>				<https://panlex.org/snapshot/panlex-20191001-csv/114#8060040>		"atati"@mgl	
"pangàdanga"@map	<https://panlex.org/snapshot/panlex-20191001-csv/114#8062118>				<https://panlex.org/snapshot/panlex-20191001-csv/114#8062133>		"remo"@mgl	
"bani-"@map	<https://panlex.org/snapshot/panlex-20191001-csv/114#8051889>				<https://panlex.org/snapshot/panlex-20191001-csv/114#8051903>		"ḇaǥe"@mgl	
"*maŋi"@map	<https://panlex.org/snapshot/panlex-20191001-csv/114#8062117>				<https://panlex.org/snapshot/panlex-20191001-csv/114#8062133>		"remo"@mgl	
"*ma-takut"@map	<https://panlex.org/snapshot/panlex-20191001-csv/114#8062606>				<https://panlex.org/snapshot/panlex-20191001-csv/114#8062629>		"motou"@mgl	
"te-da"@map	<https://panlex.org/snapshot/panlex-20191001-csv/114#8058514>				<https://panlex.org/snapshot/panlex-20191001-csv/114#8058537>		"opo"@mgl	
"vetən"@map	<https://panlex.org/snapshot/panlex-20191001-csv/114#8058517>				<https://panlex.org/snapshot/panlex-20191001-csv/114#8058537>		"opo"@mgl	
"rrong usong"@map	<https://panlex.org/snapshot/panlex-20191001-csv/114#8061614>				<https://panlex.org/snapshot/panlex-20191001-csv/114#8061632>		"ôtai"@mgl	
"*Sajek"@map	<https://panlex.org/snapshot/panlex-20191001-csv/114#8066231>				<https://panlex.org/snapshot/panlex-20191001-csv/114#8066254>		"kunia"@mgl	
"*Sajek"@map	<https://panlex.org/snapshot/panlex-20191001-csv/114#8066231>				<https://panlex.org/snapshot/panlex-20191001-csv/114#8066255>		"loŋo"@mgl	
"ŋaraŋarmpon"@map	<https://panlex.org/snapshot/panlex-20191001-csv/114#8066238>				<https://panlex.org/snapshot/panlex-20191001-csv/114#8066254>		"kunia"@mgl	
"ŋaraŋarmpon"@map	<https://panlex.org/snapshot/panlex-20191001-csv/114#8066238>				<https://panlex.org/snapshot/panlex-20191001-csv/114#8066255>		"loŋo"@mgl	
"lara"@map	<https://panlex.org/snapshot/panlex-20191001-csv/114#8054485>				<https://panlex.org/snapshot/panlex-20191001-csv/114#8054502>		"roro"@mgl	
"*baʼ"@map	<https://panlex.org/snapshot/panlex-20191001-csv/114#8066748>				<https://panlex.org/snapshot/panlex-20191001-csv/114#8066770>		"ao"@mgl	
"umbaliye"@map	<https://panlex.org/snapshot/panlex-20191001-csv/114#8063653>				<https://panlex.org/snapshot/panlex-20191001-csv/114#8063666>		"kuri"@mgl	
"umbaliye"@map	<https://panlex.org/snapshot/panlex-20191001-csv/114#8064732>				<https://panlex.org/snapshot/panlex-20191001-csv/114#8064744>		"[kuri] louloua"@mgl	
"*Cinaqi"@map	<https://panlex.org/snapshot/panlex-20191001-csv/114#8059541>				<https://panlex.org/snapshot/panlex-20191001-csv/114#8059560>		"mugalia"@mgl	
"kil|pwele"@map	<https://panlex.org/snapshot/panlex-20191001-csv/114#8061616>				<https://panlex.org/snapshot/panlex-20191001-csv/114#8061632>		"ôtai"@mgl	
"*[m]quŋɨp"@map	<https://panlex.org/snapshot/panlex-20191001-csv/114#8066233>				<https://panlex.org/snapshot/panlex-20191001-csv/114#8066254>		"kunia"@mgl	
"*[m]quŋɨp"@map	<https://panlex.org/snapshot/panlex-20191001-csv/114#8066233>				<https://panlex.org/snapshot/panlex-20191001-csv/114#8066255>		"loŋo"@mgl	
"niveti-"@map	<https://panlex.org/snapshot/panlex-20191001-csv/114#8058520>				<https://panlex.org/snapshot/panlex-20191001-csv/114#8058537>		"opo"@mgl	
"nasus"@map	<https://panlex.org/snapshot/panlex-20191001-csv/114#8060562>				<https://panlex.org/snapshot/panlex-20191001-csv/114#8060585>		"su"@mgl	
"tanai"@map	<https://panlex.org/snapshot/panlex-20191001-csv/114#8059543>				<https://panlex.org/snapshot/panlex-20191001-csv/114#8059560>		"mugalia"@mgl	
"gəlaŋgəle"@map	<https://panlex.org/snapshot/panlex-20191001-csv/114#8061097>				<https://panlex.org/snapshot/panlex-20191001-csv/114#8061108>		"alu"@mgl	
"*ala"@map	<https://panlex.org/snapshot/panlex-20191001-csv/114#8054484>				<https://panlex.org/snapshot/panlex-20191001-csv/114#8054502>		"roro"@mgl	
"kahuki-da"@map	<https://panlex.org/snapshot/panlex-20191001-csv/114#8057993>				<https://panlex.org/snapshot/panlex-20191001-csv/114#8058012>		"ǥunǥuni"@mgl	
"mami"@map	<https://panlex.org/snapshot/panlex-20191001-csv/114#8067843>				<https://panlex.org/snapshot/panlex-20191001-csv/114#8067856>		"mai"@mgl	
"awa"@map	<https://panlex.org/snapshot/panlex-20191001-csv/114#8066757>				<https://panlex.org/snapshot/panlex-20191001-csv/114#8066770>		"ao"@mgl	
"madibaŋgu"@map	<https://panlex.org/snapshot/panlex-20191001-csv/114#8063115>				<https://panlex.org/snapshot/panlex-20191001-csv/114#8063127>		"tepo"@mgl	
"*qaqay"@map	<https://panlex.org/snapshot/panlex-20191001-csv/114#8053366>				<https://panlex.org/snapshot/panlex-20191001-csv/114#8053390>		"ai"@mgl	
"luo-"@map	<https://panlex.org/snapshot/panlex-20191001-csv/114#8067314>				<https://panlex.org/snapshot/panlex-20191001-csv/114#8067330>		"roŋa"@mgl	
"hangahu"@map	<https://panlex.org/snapshot/panlex-20191001-csv/114#8065772>				<https://panlex.org/snapshot/panlex-20191001-csv/114#8065784>		"alke"@mgl	
"kalogara"@map	<https://panlex.org/snapshot/panlex-20191001-csv/114#8063645>				<https://panlex.org/snapshot/panlex-20191001-csv/114#8063666>		"kuri"@mgl	
"silil"@map	<https://panlex.org/snapshot/panlex-20191001-csv/114#8054490>				<https://panlex.org/snapshot/panlex-20191001-csv/114#8054502>		"roro"@mgl	
"gufgaf"@map	<https://panlex.org/snapshot/panlex-20191001-csv/114#8056992>				<https://panlex.org/snapshot/panlex-20191001-csv/114#8057007>		"muk"@mgl	
"narre"@map	<https://panlex.org/snapshot/panlex-20191001-csv/114#8063104>				<https://panlex.org/snapshot/panlex-20191001-csv/114#8063127>		"tepo"@mgl	
"*qabaʀa"@map	<https://panlex.org/snapshot/panlex-20191001-csv/114#8061087>				<https://panlex.org/snapshot/panlex-20191001-csv/114#8061108>		"alu"@mgl	
"mpoŋo-"@map	<https://panlex.org/snapshot/panlex-20191001-csv/114#8066755>				<https://panlex.org/snapshot/panlex-20191001-csv/114#8066770>		"ao"@mgl	
"pare-"@map	<https://panlex.org/snapshot/panlex-20191001-csv/114#8063649>				<https://panlex.org/snapshot/panlex-20191001-csv/114#8063666>		"kuri"@mgl	
"mpoloŋo-"@map	<https://panlex.org/snapshot/panlex-20191001-csv/114#8059061>				<https://panlex.org/snapshot/panlex-20191001-csv/114#8059077>		"ḇolḇoli"@mgl	
"bulo-"@map	<https://panlex.org/snapshot/panlex-20191001-csv/114#8064194>				<https://panlex.org/snapshot/panlex-20191001-csv/114#8064209>		"ǥoli"@mgl	
"mæru"@map	<https://panlex.org/snapshot/panlex-20191001-csv/114#8052862>				<https://panlex.org/snapshot/panlex-20191001-csv/114#8052878>		"ôtai"@mgl	
"*tia"@map	<https://panlex.org/snapshot/panlex-20191001-csv/114#8058511>				<https://panlex.org/snapshot/panlex-20191001-csv/114#8058537>		"opo"@mgl	
