"קאץ"@ydd	<https://panlex.org/snapshot/panlex-20191001-csv/2129#11694611>				<https://panlex.org/snapshot/panlex-20191001-csv/2129#11694508>		"ᏪᏌ"@chr	
"װאַסער"@ydd	<https://panlex.org/snapshot/panlex-20191001-csv/2131#11695274>				<https://panlex.org/snapshot/panlex-20191001-csv/2131#11695154>		"ᎠᎹ"@chr	
"גוואַטעמאַלע"@ydd	<https://panlex.org/snapshot/panlex-20191001-csv/6898#113600368>				<https://panlex.org/snapshot/panlex-20191001-csv/6898#113600501>		"ᏩᏔᎹᎳ"@chr	
"ברוניי"@ydd	<https://panlex.org/snapshot/panlex-20191001-csv/6898#113616003>				<https://panlex.org/snapshot/panlex-20191001-csv/6898#113616067>		"ᏊᎾᎢ"@chr	
"עסטלאַנד"@ydd	<https://panlex.org/snapshot/panlex-20191001-csv/6898#113601435>				<https://panlex.org/snapshot/panlex-20191001-csv/6898#113601411>		"ᎡᏍᏙᏂᏯ"@chr	
"קיריבאַטי"@ydd	<https://panlex.org/snapshot/panlex-20191001-csv/6898#113603009>				<https://panlex.org/snapshot/panlex-20191001-csv/6898#113603138>		"ᎧᎵᏆᏘ"@chr	
"אַנדארע"@ydd	<https://panlex.org/snapshot/panlex-20191001-csv/6898#113588318>				<https://panlex.org/snapshot/panlex-20191001-csv/6898#113588496>		"ᎠᏂᏙᎳ"@chr	
"דייטשלאַנד"@ydd	<https://panlex.org/snapshot/panlex-20191001-csv/6898#113639355>				<https://panlex.org/snapshot/panlex-20191001-csv/6898#113639296>		"ᎠᏂᏛᏥ"@chr	
"בורונדי"@ydd	<https://panlex.org/snapshot/panlex-20191001-csv/6898#113626738>				<https://panlex.org/snapshot/panlex-20191001-csv/6898#113626734>		"ᏋᎷᏂᏗ"@chr	
"סלאוואַקיי"@ydd	<https://panlex.org/snapshot/panlex-20191001-csv/6898#113614384>				<https://panlex.org/snapshot/panlex-20191001-csv/6898#113614391>		"ᏍᎶᏩᎩᎠ"@chr	
"באַהאַמאַס"@ydd	<https://panlex.org/snapshot/panlex-20191001-csv/6898#113592778>				<https://panlex.org/snapshot/panlex-20191001-csv/6898#113592863>		"ᎾᏍᎩ ᏆᎭᎹᏍ"@chr	
"גויאַנע"@ydd	<https://panlex.org/snapshot/panlex-20191001-csv/6898#113628175>				<https://panlex.org/snapshot/panlex-20191001-csv/6898#113628067>		"ᎦᏯᎾ"@chr	
"גערנזי"@ydd	<https://panlex.org/snapshot/panlex-20191001-csv/6898#113633105>				<https://panlex.org/snapshot/panlex-20191001-csv/6898#113633093>		"ᎬᏂᏏ"@chr	
"לאַאס"@ydd	<https://panlex.org/snapshot/panlex-20191001-csv/6898#113619069>				<https://panlex.org/snapshot/panlex-20191001-csv/6898#113619104>		"ᎴᎣᏍ"@chr	
"איסלאַנד"@ydd	<https://panlex.org/snapshot/panlex-20191001-csv/6898#113601036>				<https://panlex.org/snapshot/panlex-20191001-csv/6898#113600986>		"ᏧᏁᏍᏓᎸᎯ"@chr	
"סלאוועניע"@ydd	<https://panlex.org/snapshot/panlex-20191001-csv/6898#113636558>				<https://panlex.org/snapshot/panlex-20191001-csv/6898#113636656>		"ᏍᎶᏫᏂᎠ"@chr	
"לבנון"@ydd	<https://panlex.org/snapshot/panlex-20191001-csv/6898#113585423>				<https://panlex.org/snapshot/panlex-20191001-csv/6898#113585484>		"ᎴᏆᎾᏂ"@chr	
"פּאַנאַמאַ"@ydd	<https://panlex.org/snapshot/panlex-20191001-csv/6898#113606050>				<https://panlex.org/snapshot/panlex-20191001-csv/6898#113605969>		"ᏆᎾᎹ"@chr	
"ליכטנשטיין"@ydd	<https://panlex.org/snapshot/panlex-20191001-csv/6898#113613183>				<https://panlex.org/snapshot/panlex-20191001-csv/6898#113613174>		"ᎵᎦᏗᏂᏍᏓᏂ"@chr	
"פֿראַנצויזישע גויאַנע"@ydd	<https://panlex.org/snapshot/panlex-20191001-csv/6898#113644456>				<https://panlex.org/snapshot/panlex-20191001-csv/6898#113644586>		"ᎠᏂᎦᎸᏥ ᎩᎠ"@chr	
"קאמאראס"@ydd	<https://panlex.org/snapshot/panlex-20191001-csv/6898#113626985>				<https://panlex.org/snapshot/panlex-20191001-csv/6898#113627055>		"ᎪᎼᎳᏍ"@chr	
"מאנגאליי"@ydd	<https://panlex.org/snapshot/panlex-20191001-csv/6898#113621471>				<https://panlex.org/snapshot/panlex-20191001-csv/6898#113621644>		"ᎹᏂᎪᎵᎠ"@chr	
"גוואַדעלופ"@ydd	<https://panlex.org/snapshot/panlex-20191001-csv/6898#113614650>				<https://panlex.org/snapshot/panlex-20191001-csv/6898#113614722>		"ᏩᏓᎷᏇ"@chr	
"סיישעל"@ydd	<https://panlex.org/snapshot/panlex-20191001-csv/6898#113601896>				<https://panlex.org/snapshot/panlex-20191001-csv/6898#113601881>		"ᏏᎡᏥᎵᏍ"@chr	
"מעקסיקע"@ydd	<https://panlex.org/snapshot/panlex-20191001-csv/6898#113628309>				<https://panlex.org/snapshot/panlex-20191001-csv/6898#113628305>		"ᎠᏂᏍᏆᏂ"@chr	
"אויסטראַליע"@ydd	<https://panlex.org/snapshot/panlex-20191001-csv/6898#113631620>				<https://panlex.org/snapshot/panlex-20191001-csv/6898#113631655>		"ᎡᎳᏗᏜ"@chr	
"וואַטיקאַן שטאָט"@ydd	<https://panlex.org/snapshot/panlex-20191001-csv/6898#113629683>				<https://panlex.org/snapshot/panlex-20191001-csv/6898#113629725>		"ᎠᏥᎳᏁᏠ ᎦᏚᎲ"@chr	
"מיאַנמאַר"@ydd	<https://panlex.org/snapshot/panlex-20191001-csv/6898#113594312>				<https://panlex.org/snapshot/panlex-20191001-csv/6898#113594418>		"ᎹᏯᎹᎵ"@chr	
"גאַמביע"@ydd	<https://panlex.org/snapshot/panlex-20191001-csv/6898#113631243>				<https://panlex.org/snapshot/panlex-20191001-csv/6898#113631276>		"ᎦᎹᏈᎢᎠ"@chr	
"גאַבאן"@ydd	<https://panlex.org/snapshot/panlex-20191001-csv/6898#113585176>				<https://panlex.org/snapshot/panlex-20191001-csv/6898#113585207>		"ᎦᏉᏂ"@chr	
"פּוילן"@ydd	<https://panlex.org/snapshot/panlex-20191001-csv/6898#113642742>				<https://panlex.org/snapshot/panlex-20191001-csv/6898#113642591>		"ᏉᎳᏂ"@chr	
"קאַמבאדיע"@ydd	<https://panlex.org/snapshot/panlex-20191001-csv/6898#113591747>				<https://panlex.org/snapshot/panlex-20191001-csv/6898#113591910>		"ᎧᎹᏉᏗᎠᏂ"@chr	
"בעליז"@ydd	<https://panlex.org/snapshot/panlex-20191001-csv/6898#113608984>				<https://panlex.org/snapshot/panlex-20191001-csv/6898#113608927>		"ᏇᎵᏍ"@chr	
"מאַלאַווי"@ydd	<https://panlex.org/snapshot/panlex-20191001-csv/6898#113583868>				<https://panlex.org/snapshot/panlex-20191001-csv/6898#113584017>		"ᎹᎳᏫ"@chr	
"פֿאַלקלאַנד אינזלען"@ydd	<https://panlex.org/snapshot/panlex-20191001-csv/6898#113642986>				<https://panlex.org/snapshot/panlex-20191001-csv/6898#113642980>		"ᏩᎩ ᏚᎦᏚᏛᎢ (ᎢᏍᎳᏍ ᎹᎸᏫᎾᏍ)"@chr	
"פֿאַלקלאַנד אינזלען"@ydd	<https://panlex.org/snapshot/panlex-20191001-csv/6898#113642986>				<https://panlex.org/snapshot/panlex-20191001-csv/6898#113643037>		"ᏩᎩ ᏚᎦᏚᏛᎢ"@chr	
"בראַזיל"@ydd	<https://panlex.org/snapshot/panlex-20191001-csv/6898#113645263>				<https://panlex.org/snapshot/panlex-20191001-csv/6898#113645312>		"ᏆᏏᎵ"@chr	
"רוואַנדע"@ydd	<https://panlex.org/snapshot/panlex-20191001-csv/6898#113625579>				<https://panlex.org/snapshot/panlex-20191001-csv/6898#113625497>		"ᎶᏩᏂᏓ"@chr	
"זאַמביע"@ydd	<https://panlex.org/snapshot/panlex-20191001-csv/6898#113617336>				<https://panlex.org/snapshot/panlex-20191001-csv/6898#113617307>		"ᏌᎻᏈᏯ"@chr	
"סאַא טאמע און פּרינסיפּע"@ydd	<https://panlex.org/snapshot/panlex-20191001-csv/6898#113622994>				<https://panlex.org/snapshot/panlex-20191001-csv/6898#113622961>		"ᏌᎣ ᏙᎺ ᎠᎴ ᏈᏂᏏᏇ"@chr	
"קאלאמביע"@ydd	<https://panlex.org/snapshot/panlex-20191001-csv/6898#113620742>				<https://panlex.org/snapshot/panlex-20191001-csv/6898#113620781>		"ᎪᎸᎻᏈᎢᎠ"@chr	
"אַמעריקע"@ydd	<https://panlex.org/snapshot/panlex-20191001-csv/6898#113624515>				<https://panlex.org/snapshot/panlex-20191001-csv/6898#113624524>		"ᎠᎺᎵᎦᎢ"@chr	
"קאַטאַר"@ydd	<https://panlex.org/snapshot/panlex-20191001-csv/6898#113636876>				<https://panlex.org/snapshot/panlex-20191001-csv/6898#113636767>		"ᎧᏔᎵ"@chr	
"איטאַליע"@ydd	<https://panlex.org/snapshot/panlex-20191001-csv/6898#113587958>				<https://panlex.org/snapshot/panlex-20191001-csv/6898#113587855>		"ᎢᏔᎵ"@chr	
"מאַיאט"@ydd	<https://panlex.org/snapshot/panlex-20191001-csv/6898#113603951>				<https://panlex.org/snapshot/panlex-20191001-csv/6898#113604036>		"ᎺᏯᏖ"@chr	
"טרינידאַד און טאבאַגא"@ydd	<https://panlex.org/snapshot/panlex-20191001-csv/6898#113640121>				<https://panlex.org/snapshot/panlex-20191001-csv/6898#113640140>		"ᏟᏂᏕᏗ ᎠᎴ ᏙᏆᎪ"@chr	
"רוסלאַנד"@ydd	<https://panlex.org/snapshot/panlex-20191001-csv/6898#113646004>				<https://panlex.org/snapshot/panlex-20191001-csv/6898#113645889>		"ᏲᏂᎢ"@chr	
"בורקינע פֿאַסא"@ydd	<https://panlex.org/snapshot/panlex-20191001-csv/6898#113632477>				<https://panlex.org/snapshot/panlex-20191001-csv/6898#113632438>		"ᏋᎩᎾ ᏩᏐ"@chr	
"דרום־סודאַן"@ydd	<https://panlex.org/snapshot/panlex-20191001-csv/6898#113622182>				<https://panlex.org/snapshot/panlex-20191001-csv/6898#113622217>		"ᏧᎦᎾᏮ ᏑᏕᏂ"@chr	
"עקוואַטארישע גינע"@ydd	<https://panlex.org/snapshot/panlex-20191001-csv/6898#113634022>				<https://panlex.org/snapshot/panlex-20191001-csv/6898#113633914>		"ᎡᏆᏙᎵᎠᎵ ᎩᎢᏂ"@chr	
"גינע־ביסאַו"@ydd	<https://panlex.org/snapshot/panlex-20191001-csv/6898#113616554>				<https://panlex.org/snapshot/panlex-20191001-csv/6898#113616542>		"ᎩᎢᏂ-ᏈᏌᎤᏫ"@chr	
"טשעכיי"@ydd	<https://panlex.org/snapshot/panlex-20191001-csv/6898#113619636>				<https://panlex.org/snapshot/panlex-20191001-csv/6898#113619621>		"ᏤᎩ ᏍᎦᏚᎩ"@chr	
"טשעכיי"@ydd	<https://panlex.org/snapshot/panlex-20191001-csv/6898#113619636>				<https://panlex.org/snapshot/panlex-20191001-csv/6898#113619603>		"ᏤᎩᎠ"@chr	
"דזשערזי"@ydd	<https://panlex.org/snapshot/panlex-20191001-csv/6898#113594121>				<https://panlex.org/snapshot/panlex-20191001-csv/6898#113594188>		"ᏨᎵᏏ"@chr	
"זימבאַבווע"@ydd	<https://panlex.org/snapshot/panlex-20191001-csv/6898#113583747>				<https://panlex.org/snapshot/panlex-20191001-csv/6898#113583681>		"ᏏᎻᏆᏇ"@chr	
"שוועדן"@ydd	<https://panlex.org/snapshot/panlex-20191001-csv/6898#113639877>				<https://panlex.org/snapshot/panlex-20191001-csv/6898#113639920>		"ᏍᏫᏕᏂ"@chr	
"אומבאַוואוסטער ראַיאן"@ydd	<https://panlex.org/snapshot/panlex-20191001-csv/6898#113628893>				<https://panlex.org/snapshot/panlex-20191001-csv/6898#113628776>		"ᏄᏬᎵᏍᏛᎾ ᎤᏔᏂᏗᎦᏙᎯ"@chr	
"אַרמעניע"@ydd	<https://panlex.org/snapshot/panlex-20191001-csv/6898#113596545>				<https://panlex.org/snapshot/panlex-20191001-csv/6898#113596470>		"ᎠᎵᎻᏂᎠ"@chr	
"לעסאטא"@ydd	<https://panlex.org/snapshot/panlex-20191001-csv/6898#113594671>				<https://panlex.org/snapshot/panlex-20191001-csv/6898#113594713>		"ᎴᏐᏙ"@chr	
"מאנטענעגרא"@ydd	<https://panlex.org/snapshot/panlex-20191001-csv/6898#113616402>				<https://panlex.org/snapshot/panlex-20191001-csv/6898#113616385>		"ᎼᏂᏔᏁᎦᎶ"@chr	
"שבת"@ydd	<https://panlex.org/snapshot/panlex-20191001-csv/18#1002851>				<https://panlex.org/snapshot/panlex-20191001-csv/18#1002798>		"ᎤᎾᏙᏓᏈᏕᎾ"@chr	
"מיטוואָך"@ydd	<https://panlex.org/snapshot/panlex-20191001-csv/5945#84399008>				<https://panlex.org/snapshot/panlex-20191001-csv/5945#84398947>		"ᏦᎢᏁ ᎢᎦ"@chr	
"פֿיש"@ydd	<https://panlex.org/snapshot/panlex-20191001-csv/5947#84831569>				<https://panlex.org/snapshot/panlex-20191001-csv/5947#84831501>		"ᎠᏣᏗ"@chr	
"בליץ"@ydd	<https://panlex.org/snapshot/panlex-20191001-csv/5947#84794117>				<https://panlex.org/snapshot/panlex-20191001-csv/5947#84794052>		"ᎠᎾᎦᎵᏍᎩ"@chr	
"און"@ydd	<https://panlex.org/snapshot/panlex-20191001-csv/5947#84702359>				<https://panlex.org/snapshot/panlex-20191001-csv/5947#84702212>		"ᎠᎴ"@chr	
"נאָוועמבער"@ydd	<https://panlex.org/snapshot/panlex-20191001-csv/5947#84740669>				<https://panlex.org/snapshot/panlex-20191001-csv/5947#84740570>		"ᏄᏓᏕᏆ"@chr	
"וואַסער"@ydd	<https://panlex.org/snapshot/panlex-20191001-csv/5947#84886586>				<https://panlex.org/snapshot/panlex-20191001-csv/5947#84886432>		"ᎠᎹ"@chr	
"ווײַס"@ydd	<https://panlex.org/snapshot/panlex-20191001-csv/5947#84639881>				<https://panlex.org/snapshot/panlex-20191001-csv/5947#84639699>		"ᎤᏁᎬ"@chr	
"חיה"@ydd	<https://panlex.org/snapshot/panlex-20191001-csv/5947#84908838>				<https://panlex.org/snapshot/panlex-20191001-csv/5947#84908737>		"ᎦᎾᏝᎢ"@chr	
"סעפּטעמבער"@ydd	<https://panlex.org/snapshot/panlex-20191001-csv/5947#84888411>				<https://panlex.org/snapshot/panlex-20191001-csv/5947#84888323>		"ᏚᎵᎢᏍᏗ"@chr	
"פאראייניקטע שטאטן פון אמעריקע"@ydd	<https://panlex.org/snapshot/panlex-20191001-csv/5940#81280178>				<https://panlex.org/snapshot/panlex-20191001-csv/5940#81280071>		"ᎠᎺᎢ"@chr	
"אייראפע"@ydd	<https://panlex.org/snapshot/panlex-20191001-csv/5940#81279795>				<https://panlex.org/snapshot/panlex-20191001-csv/5940#81279714>		"ᎡᎶᏆ"@chr	
"גריכיש"@ydd	<https://panlex.org/snapshot/panlex-20191001-csv/5940#81319114>				<https://panlex.org/snapshot/panlex-20191001-csv/5940#81319049>		"ᎬᎵᎧ"@chr	
"אָדלער"@ydd	<https://panlex.org/snapshot/panlex-20191001-csv/5940#81295869>				<https://panlex.org/snapshot/panlex-20191001-csv/5940#81295789>		"ᎤᏬᎭᎵ"@chr	
"Khine"@ydd	<https://panlex.org/snapshot/panlex-20191001-csv/5939#80773615>				<https://panlex.org/snapshot/panlex-20191001-csv/5939#80773532>		"Tsina"@chr	
"טייך"@ydd	<https://panlex.org/snapshot/panlex-20191001-csv/5939#80818664>				<https://panlex.org/snapshot/panlex-20191001-csv/5939#80818559>		"uweyv"@chr	
"Belarusie"@ydd	<https://panlex.org/snapshot/panlex-20191001-csv/5939#80748869>				<https://panlex.org/snapshot/panlex-20191001-csv/5939#80748827>		"quelalusv"@chr	
"Azye"@ydd	<https://panlex.org/snapshot/panlex-20191001-csv/5939#80730017>				<https://panlex.org/snapshot/panlex-20191001-csv/5939#80729925>		"ᎠᏏᎠ"@chr	
"פֿראַנצױזיש"@ydd	<https://panlex.org/snapshot/panlex-20191001-csv/5939#80821448>				<https://panlex.org/snapshot/panlex-20191001-csv/5939#80821376>		"agalvtsi"@chr	
"bulgarisch"@ydd	<https://panlex.org/snapshot/panlex-20191001-csv/5939#80767759>				<https://panlex.org/snapshot/panlex-20191001-csv/5939#80767707>		"quolvgali"@chr	
"los"@ydd	<https://panlex.org/snapshot/panlex-20191001-csv/5939#80797204>				<https://panlex.org/snapshot/panlex-20191001-csv/5939#80797149>		"awie"@chr	
"taykh"@ydd	<https://panlex.org/snapshot/panlex-20191001-csv/5939#80818665>				<https://panlex.org/snapshot/panlex-20191001-csv/5939#80818559>		"uweyv"@chr	
"english"@ydd	<https://panlex.org/snapshot/panlex-20191001-csv/5939#80799785>				<https://panlex.org/snapshot/panlex-20191001-csv/5939#80799679>		"yonega"@chr	
"english"@ydd	<https://panlex.org/snapshot/panlex-20191001-csv/5939#80799785>				<https://panlex.org/snapshot/panlex-20191001-csv/5939#80799680>		"gilisi"@chr	
"הונט"@ydd	<https://panlex.org/snapshot/panlex-20191001-csv/5946#84438490>				<https://panlex.org/snapshot/panlex-20191001-csv/5946#84438370>		"ᎩᏟ"@chr	
"הונט"@ydd	<https://panlex.org/snapshot/panlex-20191001-csv/5946#84438490>				<https://panlex.org/snapshot/panlex-20191001-csv/5946#84438371>		"ᎩᎵ"@chr	
"פֿיש"@ydd	<https://panlex.org/snapshot/panlex-20191001-csv/5946#84454820>				<https://panlex.org/snapshot/panlex-20191001-csv/5946#84454734>		"ᎠᏣᏗ"@chr	
"פֿיל"@ydd	<https://panlex.org/snapshot/panlex-20191001-csv/5946#84442568>				<https://panlex.org/snapshot/panlex-20191001-csv/5946#84442401>		"ᎤᎪᏗᏗ"@chr	
"שפּיגל"@ydd	<https://panlex.org/snapshot/panlex-20191001-csv/5946#84446357>				<https://panlex.org/snapshot/panlex-20191001-csv/5946#84446143>		"ᏓᏎᏘ"@chr	
"שפין"@ydd	<https://panlex.org/snapshot/panlex-20191001-csv/5946#84452183>				<https://panlex.org/snapshot/panlex-20191001-csv/5946#84452103>		"ᎧᎾᏁᏍᎩ"@chr	
"הויז"@ydd	<https://panlex.org/snapshot/panlex-20191001-csv/5946#84437305>				<https://panlex.org/snapshot/panlex-20191001-csv/5946#84437224>		"ᎨᏣᏗ"@chr	
"אַ סך"@ydd	<https://panlex.org/snapshot/panlex-20191001-csv/5946#84442569>				<https://panlex.org/snapshot/panlex-20191001-csv/5946#84442401>		"ᎤᎪᏗᏗ"@chr	
"רעגן"@ydd	<https://panlex.org/snapshot/panlex-20191001-csv/5946#84436408>				<https://panlex.org/snapshot/panlex-20191001-csv/5946#84436256>		"ᎠᎦᏍᎬ"@chr	
"שוך"@ydd	<https://panlex.org/snapshot/panlex-20191001-csv/5946#84451500>				<https://panlex.org/snapshot/panlex-20191001-csv/5946#84451379>		"ᎠᎳᏑᎶ"@chr	
"קו"@ydd	<https://panlex.org/snapshot/panlex-20191001-csv/5946#84440027>				<https://panlex.org/snapshot/panlex-20191001-csv/5946#84439798>		"ᏩᎦ"@chr	
"יאפאן"@ydd	<https://panlex.org/snapshot/panlex-20191001-csv/5949#85326131>				<https://panlex.org/snapshot/panlex-20191001-csv/5949#85326051>		"ᏣᏆᏂ"@chr	
"פֿראַנקרײַך"@ydd	<https://panlex.org/snapshot/panlex-20191001-csv/5949#85323702>				<https://panlex.org/snapshot/panlex-20191001-csv/5949#85323548>		"ᎦᎸᏥᏱ"@chr	
"אייראָפּע"@ydd	<https://panlex.org/snapshot/panlex-20191001-csv/5949#85308670>				<https://panlex.org/snapshot/panlex-20191001-csv/5949#85308511>		"ᎡᎶᏆ"@chr	
"אדוואקאט"@ydd	<https://panlex.org/snapshot/panlex-20191001-csv/5949#85333224>				<https://panlex.org/snapshot/panlex-20191001-csv/5949#85333139>		"ᏗᏘᏲᎯᎯ"@chr	
"אפריקע"@ydd	<https://panlex.org/snapshot/panlex-20191001-csv/5949#85300998>				<https://panlex.org/snapshot/panlex-20191001-csv/5949#85300936>		"ᎬᎿᎦᏍᏛ"@chr	
"אױגוסט"@ydd	<https://panlex.org/snapshot/panlex-20191001-csv/5949#85329552>				<https://panlex.org/snapshot/panlex-20191001-csv/5949#85329298>		"ᎦᎶᏂᎢ"@chr	
"רוסלאַנד"@ydd	<https://panlex.org/snapshot/panlex-20191001-csv/5949#85319643>				<https://panlex.org/snapshot/panlex-20191001-csv/5949#85319421>		"ᎶᏏᏴ"@chr	
"רוסלאַנד"@ydd	<https://panlex.org/snapshot/panlex-20191001-csv/5949#85319643>				<https://panlex.org/snapshot/panlex-20191001-csv/5949#85319420>		"ᏲᏂᏱ"@chr	
"ספר"@ydd	<https://panlex.org/snapshot/panlex-20191001-csv/5942#83282800>				<https://panlex.org/snapshot/panlex-20191001-csv/5942#83282708>		"ᎪᏪᎵ"@chr	
"גריכיש"@ydd	<https://panlex.org/snapshot/panlex-20191001-csv/5942#83282022>				<https://panlex.org/snapshot/panlex-20191001-csv/5942#83281980>		"ᎬᎵᎧ"@chr	
"טארנאדא"@ydd	<https://panlex.org/snapshot/panlex-20191001-csv/5942#83285967>				<https://panlex.org/snapshot/panlex-20191001-csv/5942#83285885>		"ᎠᎦᎷᎦ"@chr	
"טארנאדא"@ydd	<https://panlex.org/snapshot/panlex-20191001-csv/5942#83285967>				<https://panlex.org/snapshot/panlex-20191001-csv/5942#83285886>		"ᎤᏃᎴ"@chr	
"מיטוואָך"@ydd	<https://panlex.org/snapshot/panlex-20191001-csv/19#1021613>				<https://panlex.org/snapshot/panlex-20191001-csv/19#1021559>		"ᏦᎢᏁ ᎢᎦ"@chr	
"פֿראַנצױזיש"@ydd	<https://panlex.org/snapshot/panlex-20191001-csv/19#1023553>				<https://panlex.org/snapshot/panlex-20191001-csv/19#1023491>		"ᎠᎦᎸᏥ"@chr	
"ענגליש"@ydd	<https://panlex.org/snapshot/panlex-20191001-csv/9#479822>				<https://panlex.org/snapshot/panlex-20191001-csv/9#479734>		"ᏲᏁᎦ"@chr	
"פֿױגל"@ydd	<https://panlex.org/snapshot/panlex-20191001-csv/9#482024>				<https://panlex.org/snapshot/panlex-20191001-csv/9#481941>		"ᏥᏍᏆ"@chr	
"אײראָפּע"@ydd	<https://panlex.org/snapshot/panlex-20191001-csv/9#501133>				<https://panlex.org/snapshot/panlex-20191001-csv/9#501089>		"ᎡᎶᏆ"@chr	
"אזיע"@ydd	<https://panlex.org/snapshot/panlex-20191001-csv/9#502743>				<https://panlex.org/snapshot/panlex-20191001-csv/9#502655>		"ᎠᏏᎠ"@chr	
"בולגאַריש"@ydd	<https://panlex.org/snapshot/panlex-20191001-csv/9#486401>				<https://panlex.org/snapshot/panlex-20191001-csv/9#486351>		"ᏉᎸᎦᎵ"@chr	
"בעלאָרוסיע"@ydd	<https://panlex.org/snapshot/panlex-20191001-csv/9#548968>				<https://panlex.org/snapshot/panlex-20191001-csv/9#548935>		"ᏇᎳᎷᏒ"@chr	
"ער"@ydd	<https://panlex.org/snapshot/panlex-20191001-csv/9#473914>				<https://panlex.org/snapshot/panlex-20191001-csv/9#473821>		"ᏀᎢ"@chr	
"טשעכיש"@ydd	<https://panlex.org/snapshot/panlex-20191001-csv/9#485641>				<https://panlex.org/snapshot/panlex-20191001-csv/9#485586>		"ᏤᎬ"@chr	
"ראמעניע"@ydd	<https://panlex.org/snapshot/panlex-20191001-csv/12#896688>				<https://panlex.org/snapshot/panlex-20191001-csv/12#896617>		"ᎶᎹᏂᏯ"@chr	
"שבת"@ydd	<https://panlex.org/snapshot/panlex-20191001-csv/12#857441>				<https://panlex.org/snapshot/panlex-20191001-csv/12#857382>		"ᎤᎾᏙᏓᏈᏕᎾ"@chr	
"זונטיק"@ydd	<https://panlex.org/snapshot/panlex-20191001-csv/12#857516>				<https://panlex.org/snapshot/panlex-20191001-csv/12#857455>		"ᎤᎾᏙᏓᏆᏍᎬ"@chr	
"אזיע"@ydd	<https://panlex.org/snapshot/panlex-20191001-csv/12#867031>				<https://panlex.org/snapshot/panlex-20191001-csv/12#866963>		"ᎠᏏᎠ"@chr	
"בולגאַריש"@ydd	<https://panlex.org/snapshot/panlex-20191001-csv/12#894241>				<https://panlex.org/snapshot/panlex-20191001-csv/12#894188>		"ᏉᎸᎦᎵ"@chr	
"מיטװאָך"@ydd	<https://panlex.org/snapshot/panlex-20191001-csv/12#857644>				<https://panlex.org/snapshot/panlex-20191001-csv/12#857593>		"ᏦᎢᏁ ᎢᎦ"@chr	
"מאָלדאַװיע"@ydd	<https://panlex.org/snapshot/panlex-20191001-csv/12#913365>				<https://panlex.org/snapshot/panlex-20191001-csv/12#913298>		"ᎼᎸᏙᏩ"@chr	
"איטאַליעניש"@ydd	<https://panlex.org/snapshot/panlex-20191001-csv/12#894863>				<https://panlex.org/snapshot/panlex-20191001-csv/12#894796>		"ᎢᏔᎵᎠᏃ"@chr	
"לשון־קודש"@ydd	<https://panlex.org/snapshot/panlex-20191001-csv/12#870827>				<https://panlex.org/snapshot/panlex-20191001-csv/12#870756>		"ᎮᏊ"@chr	
"פֿראַנצױזיש"@ydd	<https://panlex.org/snapshot/panlex-20191001-csv/12#845028>				<https://panlex.org/snapshot/panlex-20191001-csv/12#844964>		"ᎠᎦᎸᏥ"@chr	
"העברעיִש"@ydd	<https://panlex.org/snapshot/panlex-20191001-csv/12#870826>				<https://panlex.org/snapshot/panlex-20191001-csv/12#870756>		"ᎮᏊ"@chr	
"אונגאַריש"@ydd	<https://panlex.org/snapshot/panlex-20191001-csv/12#894541>				<https://panlex.org/snapshot/panlex-20191001-csv/12#894477>		"ᎲᎦᎵ"@chr	
"אונגאַריש"@ydd	<https://panlex.org/snapshot/panlex-20191001-csv/12#897752>				<https://panlex.org/snapshot/panlex-20191001-csv/12#897688>		"ᎲᎦᎵ"@chr	
"דאָנערשטיק"@ydd	<https://panlex.org/snapshot/panlex-20191001-csv/12#857727>				<https://panlex.org/snapshot/panlex-20191001-csv/12#857658>		"ᏅᎩᏁ ᎢᎦ"@chr	
"שװעדיש"@ydd	<https://panlex.org/snapshot/panlex-20191001-csv/12#872241>				<https://panlex.org/snapshot/panlex-20191001-csv/12#872178>		"ᏑᏪᏗ"@chr	
"שפּאַניש"@ydd	<https://panlex.org/snapshot/panlex-20191001-csv/12#869783>				<https://panlex.org/snapshot/panlex-20191001-csv/12#869715>		"ᏍᏆᏂ"@chr	
"טשעכיש"@ydd	<https://panlex.org/snapshot/panlex-20191001-csv/12#894390>				<https://panlex.org/snapshot/panlex-20191001-csv/12#894330>		"ᏤᎬ"@chr	
"ליטװיש"@ydd	<https://panlex.org/snapshot/panlex-20191001-csv/12#895904>				<https://panlex.org/snapshot/panlex-20191001-csv/12#895842>		"ᎵᏚᏩᏂ"@chr	
"פרײַטאָג"@ydd	<https://panlex.org/snapshot/panlex-20191001-csv/12#857369>				<https://panlex.org/snapshot/panlex-20191001-csv/12#857297>		"ᏧᎾᎩᎶᏍᏗ"@chr	
"דײַטש"@ydd	<https://panlex.org/snapshot/panlex-20191001-csv/12#849711>				<https://panlex.org/snapshot/panlex-20191001-csv/12#849637>		"ᎠᏛᏥ"@chr	
"הונט"@ydd	<https://panlex.org/snapshot/panlex-20191001-csv/12#853908>				<https://panlex.org/snapshot/panlex-20191001-csv/12#853792>		"ᎩᎵ"@chr	
"הונט"@ydd	<https://panlex.org/snapshot/panlex-20191001-csv/12#853908>				<https://panlex.org/snapshot/panlex-20191001-csv/12#853793>		"ᎩᏟ"@chr	
"הונט"@ydd	<https://panlex.org/snapshot/panlex-20191001-csv/12#853774>				<https://panlex.org/snapshot/panlex-20191001-csv/12#853678>		"ᎩᎵ"@chr	
"הונט"@ydd	<https://panlex.org/snapshot/panlex-20191001-csv/12#853774>				<https://panlex.org/snapshot/panlex-20191001-csv/12#853679>		"ᎩᏟ"@chr	
"פֿילאָסאָפֿיע"@ydd	<https://panlex.org/snapshot/panlex-20191001-csv/2904#111023950>				<https://panlex.org/snapshot/panlex-20191001-csv/2904#111023766>		"uwolatsvhi"@chr	
"פֿילאָסאָפֿיע"@ydd	<https://panlex.org/snapshot/panlex-20191001-csv/2904#111023950>				<https://panlex.org/snapshot/panlex-20191001-csv/2904#111023956>		"ᎤᏬᎳᏨᎯ"@chr	
"פרידן"@ydd	<https://panlex.org/snapshot/panlex-20191001-csv/2902#111011975>				<https://panlex.org/snapshot/panlex-20191001-csv/2902#111012141>		"dohiyi"@chr	
"פרידן"@ydd	<https://panlex.org/snapshot/panlex-20191001-csv/2902#111011975>				<https://panlex.org/snapshot/panlex-20191001-csv/2902#111011996>		"ᏙᎯᏱ"@chr	
"שלום"@ydd	<https://panlex.org/snapshot/panlex-20191001-csv/2902#111012327>				<https://panlex.org/snapshot/panlex-20191001-csv/2902#111012141>		"dohiyi"@chr	
"שלום"@ydd	<https://panlex.org/snapshot/panlex-20191001-csv/2902#111012327>				<https://panlex.org/snapshot/panlex-20191001-csv/2902#111011996>		"ᏙᎯᏱ"@chr	
"מילכװעג"@ydd	<https://panlex.org/snapshot/panlex-20191001-csv/2907#110848856>				<https://panlex.org/snapshot/panlex-20191001-csv/2907#110848897>		"Gili Ulisvsdanvyi"@chr	
"מילכװעג"@ydd	<https://panlex.org/snapshot/panlex-20191001-csv/2907#110848856>				<https://panlex.org/snapshot/panlex-20191001-csv/2907#110848813>		"ᎩᎵ ᎤᎵᏒᏍᏓᏅᏱ"@chr	
"צוויי"@ydd	<https://panlex.org/snapshot/panlex-20191001-csv/8#107455>				<https://panlex.org/snapshot/panlex-20191001-csv/8#107331>		"ᏔᎵ"@chr	
"לשון"@ydd	<https://panlex.org/snapshot/panlex-20191001-csv/8#112027>				<https://panlex.org/snapshot/panlex-20191001-csv/8#111919>		"ᎦᏬᏂᎯᏍᏗ"@chr	
"ענגליש"@ydd	<https://panlex.org/snapshot/panlex-20191001-csv/8#102881>				<https://panlex.org/snapshot/panlex-20191001-csv/8#102773>		"ᏲᏁᎦ"@chr	
"ענגליש"@ydd	<https://panlex.org/snapshot/panlex-20191001-csv/8#102881>				<https://panlex.org/snapshot/panlex-20191001-csv/8#102772>		"ᎩᎵᏏ"@chr	
"זונטיק"@ydd	<https://panlex.org/snapshot/panlex-20191001-csv/8#97728>				<https://panlex.org/snapshot/panlex-20191001-csv/8#97655>		"ᎤᎾᏙᏓᏆᏍᎬᎢ"@chr	
"eizn"@ydd	<https://panlex.org/snapshot/panlex-20191001-csv/8#216203>				<https://panlex.org/snapshot/panlex-20191001-csv/8#215981>		"ᏔᎷᎩᏍᎩ"@chr	
"דײַטש"@ydd	<https://panlex.org/snapshot/panlex-20191001-csv/10#557403>				<https://panlex.org/snapshot/panlex-20191001-csv/10#557325>		"ᎠᏛᏥ"@chr	
"מיטװאָך"@ydd	<https://panlex.org/snapshot/panlex-20191001-csv/10#557229>				<https://panlex.org/snapshot/panlex-20191001-csv/10#557177>		"ᏦᎢᏁ ᎢᎦ"@chr	
"ערד-פלאנעט"@ydd	<https://panlex.org/snapshot/panlex-20191001-csv/10#581069>				<https://panlex.org/snapshot/panlex-20191001-csv/10#580975>		"ᎡᎶᎯ"@chr	
"בעלאָרוסיע"@ydd	<https://panlex.org/snapshot/panlex-20191001-csv/10#752748>				<https://panlex.org/snapshot/panlex-20191001-csv/10#752648>		"ᏇᎳᎷᏒ"@chr	
"בולגאַריש"@ydd	<https://panlex.org/snapshot/panlex-20191001-csv/13#950824>				<https://panlex.org/snapshot/panlex-20191001-csv/13#950769>		"ᏉᎸᎦᎵ"@chr	
"גריכיש"@ydd	<https://panlex.org/snapshot/panlex-20191001-csv/13#944860>				<https://panlex.org/snapshot/panlex-20191001-csv/13#944792>		"ᎬᎵᎧ"@chr	
"פֿראַנצױזיש"@ydd	<https://panlex.org/snapshot/panlex-20191001-csv/13#945081>				<https://panlex.org/snapshot/panlex-20191001-csv/13#945020>		"ᎠᎦᎸᏥ"@chr	
"העברעיִש"@ydd	<https://panlex.org/snapshot/panlex-20191001-csv/13#944779>				<https://panlex.org/snapshot/panlex-20191001-csv/13#944712>		"ᎮᏊ"@chr	
"דײַטש"@ydd	<https://panlex.org/snapshot/panlex-20191001-csv/13#944698>				<https://panlex.org/snapshot/panlex-20191001-csv/13#944630>		"ᎠᏛᏥ"@chr	
"לשון־קודש"@ydd	<https://panlex.org/snapshot/panlex-20191001-csv/13#944780>				<https://panlex.org/snapshot/panlex-20191001-csv/13#944712>		"ᎮᏊ"@chr	
"איטאַליעניש"@ydd	<https://panlex.org/snapshot/panlex-20191001-csv/13#944546>				<https://panlex.org/snapshot/panlex-20191001-csv/13#944483>		"ᎢᏔᎵᎠᏃ"@chr	
"דאָנערשטיק"@ydd	<https://panlex.org/snapshot/panlex-20191001-csv/2892#110825274>				<https://panlex.org/snapshot/panlex-20191001-csv/2892#110825558>		"nvgine iga"@chr	
"דאָנערשטיק"@ydd	<https://panlex.org/snapshot/panlex-20191001-csv/2892#110825274>				<https://panlex.org/snapshot/panlex-20191001-csv/2892#110825343>		"ᏅᎩᏁ ᎢᎦ"@chr	
"דינסטיק"@ydd	<https://panlex.org/snapshot/panlex-20191001-csv/2892#110824446>				<https://panlex.org/snapshot/panlex-20191001-csv/2892#110824584>		"taline iga"@chr	
"דינסטיק"@ydd	<https://panlex.org/snapshot/panlex-20191001-csv/2892#110824446>				<https://panlex.org/snapshot/panlex-20191001-csv/2892#110824787>		"ᏔᎵᏁ ᎢᎦ"@chr	
"זונטיק"@ydd	<https://panlex.org/snapshot/panlex-20191001-csv/2892#110826954>				<https://panlex.org/snapshot/panlex-20191001-csv/2892#110826899>		"unadodaquasgv"@chr	
"זונטיק"@ydd	<https://panlex.org/snapshot/panlex-20191001-csv/2892#110826954>				<https://panlex.org/snapshot/panlex-20191001-csv/2892#110826796>		"ᎤᎾᏙᏓᏆᏍᎬ"@chr	
"שבת"@ydd	<https://panlex.org/snapshot/panlex-20191001-csv/2892#110826261>				<https://panlex.org/snapshot/panlex-20191001-csv/2892#110826523>		"unadodaquidena"@chr	
"שבת"@ydd	<https://panlex.org/snapshot/panlex-20191001-csv/2892#110826261>				<https://panlex.org/snapshot/panlex-20191001-csv/2892#110826362>		"ᎤᎾᏙᏓᏈᏕᎾ"@chr	
"פֿרײַטיק"@ydd	<https://panlex.org/snapshot/panlex-20191001-csv/2892#110825890>				<https://panlex.org/snapshot/panlex-20191001-csv/2892#110825870>		"tsunagilosdi"@chr	
"פֿרײַטיק"@ydd	<https://panlex.org/snapshot/panlex-20191001-csv/2892#110825890>				<https://panlex.org/snapshot/panlex-20191001-csv/2892#110825842>		"ᏧᎾᎩᎶᏍᏗ"@chr	
"מיטװאָך"@ydd	<https://panlex.org/snapshot/panlex-20191001-csv/2892#110825238>				<https://panlex.org/snapshot/panlex-20191001-csv/2892#110824915>		"ᏦᎢᏁ ᎢᎦ"@chr	
"מיטװאָך"@ydd	<https://panlex.org/snapshot/panlex-20191001-csv/2892#110825238>				<https://panlex.org/snapshot/panlex-20191001-csv/2892#110825028>		"tsoine iga"@chr	
"מאָנטיק"@ydd	<https://panlex.org/snapshot/panlex-20191001-csv/2892#110824404>				<https://panlex.org/snapshot/panlex-20191001-csv/2892#110824100>		"unadodaquonvhi"@chr	
"מאָנטיק"@ydd	<https://panlex.org/snapshot/panlex-20191001-csv/2892#110824404>				<https://panlex.org/snapshot/panlex-20191001-csv/2892#110824161>		"ᎤᎾᏙᏓᏉᏅᎯ"@chr	
"אַפּריל"@ydd	<https://panlex.org/snapshot/panlex-20191001-csv/2897#110828560>				<https://panlex.org/snapshot/panlex-20191001-csv/2897#110828542>		"ᎧᏩᏂ"@chr	
"אַפּריל"@ydd	<https://panlex.org/snapshot/panlex-20191001-csv/2897#110828560>				<https://panlex.org/snapshot/panlex-20191001-csv/2897#110828258>		"kawani"@chr	
"אָקטאָבער"@ydd	<https://panlex.org/snapshot/panlex-20191001-csv/2897#110830945>				<https://panlex.org/snapshot/panlex-20191001-csv/2897#110830764>		"ᏚᏂᏅᏗ"@chr	
"אָקטאָבער"@ydd	<https://panlex.org/snapshot/panlex-20191001-csv/2897#110830945>				<https://panlex.org/snapshot/panlex-20191001-csv/2897#110831005>		"duninvdi"@chr	
"אױגוסט"@ydd	<https://panlex.org/snapshot/panlex-20191001-csv/2897#110830064>				<https://panlex.org/snapshot/panlex-20191001-csv/2897#110829911>		"ᎦᎶᏂᎢ"@chr	
"אױגוסט"@ydd	<https://panlex.org/snapshot/panlex-20191001-csv/2897#110830064>				<https://panlex.org/snapshot/panlex-20191001-csv/2897#110830163>		"galonii"@chr	
"דעצעמבער"@ydd	<https://panlex.org/snapshot/panlex-20191001-csv/2897#110831844>				<https://panlex.org/snapshot/panlex-20191001-csv/2897#110831945>		"vsgiga"@chr	
"דעצעמבער"@ydd	<https://panlex.org/snapshot/panlex-20191001-csv/2897#110831844>				<https://panlex.org/snapshot/panlex-20191001-csv/2897#110831849>		"ᎥᏍᎩᎦ"@chr	
"נאָװעמבער"@ydd	<https://panlex.org/snapshot/panlex-20191001-csv/2897#110831518>				<https://panlex.org/snapshot/panlex-20191001-csv/2897#110831545>		"ᏄᏓᏕᏆ"@chr	
"נאָװעמבער"@ydd	<https://panlex.org/snapshot/panlex-20191001-csv/2897#110831518>				<https://panlex.org/snapshot/panlex-20191001-csv/2897#110831178>		"nudadequa"@chr	
"יאַנואַר"@ydd	<https://panlex.org/snapshot/panlex-20191001-csv/2897#110827077>				<https://panlex.org/snapshot/panlex-20191001-csv/2897#110827213>		"dunolvtani"@chr	
"יאַנואַר"@ydd	<https://panlex.org/snapshot/panlex-20191001-csv/2897#110827077>				<https://panlex.org/snapshot/panlex-20191001-csv/2897#110827265>		"ᏚᏃᎸᏔᏂ"@chr	
"יוני"@ydd	<https://panlex.org/snapshot/panlex-20191001-csv/2897#110829073>				<https://panlex.org/snapshot/panlex-20191001-csv/2897#110829175>		"dehaluyi"@chr	
"יוני"@ydd	<https://panlex.org/snapshot/panlex-20191001-csv/2897#110829073>				<https://panlex.org/snapshot/panlex-20191001-csv/2897#110829203>		"ᏕᎭᎷᏱ"@chr	
"מערץ"@ydd	<https://panlex.org/snapshot/panlex-20191001-csv/2897#110827936>				<https://panlex.org/snapshot/panlex-20191001-csv/2897#110827952>		"anuyi"@chr	
"מערץ"@ydd	<https://panlex.org/snapshot/panlex-20191001-csv/2897#110827936>				<https://panlex.org/snapshot/panlex-20191001-csv/2897#110827917>		"ᎠᏄᏱ"@chr	
"יולי"@ydd	<https://panlex.org/snapshot/panlex-20191001-csv/2897#110829497>				<https://panlex.org/snapshot/panlex-20191001-csv/2897#110829623>		"guyequoni"@chr	
"יולי"@ydd	<https://panlex.org/snapshot/panlex-20191001-csv/2897#110829497>				<https://panlex.org/snapshot/panlex-20191001-csv/2897#110829709>		"ᎫᏰᏉᏂ"@chr	
"סעפּטעמבער"@ydd	<https://panlex.org/snapshot/panlex-20191001-csv/2897#110830365>				<https://panlex.org/snapshot/panlex-20191001-csv/2897#110830317>		"ᏚᎵᎢᏍᏗ"@chr	
"סעפּטעמבער"@ydd	<https://panlex.org/snapshot/panlex-20191001-csv/2897#110830365>				<https://panlex.org/snapshot/panlex-20191001-csv/2897#110830440>		"duliisdi"@chr	
"פֿעברואַר"@ydd	<https://panlex.org/snapshot/panlex-20191001-csv/2897#110827699>				<https://panlex.org/snapshot/panlex-20191001-csv/2897#110827662>		"ᎧᎦᎵ"@chr	
"פֿעברואַר"@ydd	<https://panlex.org/snapshot/panlex-20191001-csv/2897#110827699>				<https://panlex.org/snapshot/panlex-20191001-csv/2897#110827734>		"kagali"@chr	
"מײַ"@ydd	<https://panlex.org/snapshot/panlex-20191001-csv/2897#110828691>				<https://panlex.org/snapshot/panlex-20191001-csv/2897#110828741>		"ᎠᎾᎠᎬᏘ"@chr	
"מײַ"@ydd	<https://panlex.org/snapshot/panlex-20191001-csv/2897#110828691>				<https://panlex.org/snapshot/panlex-20191001-csv/2897#110829053>		"anaagvti"@chr	
"אַזיע"@ydd	<https://panlex.org/snapshot/panlex-20191001-csv/2891#110853901>				<https://panlex.org/snapshot/panlex-20191001-csv/2891#110853937>		"Asia"@chr	
"אַזיע"@ydd	<https://panlex.org/snapshot/panlex-20191001-csv/2891#110853901>				<https://panlex.org/snapshot/panlex-20191001-csv/2891#110853872>		"ᎠᏏᎠ"@chr	
"אַמעריקע"@ydd	<https://panlex.org/snapshot/panlex-20191001-csv/2891#110853402>				<https://panlex.org/snapshot/panlex-20191001-csv/2891#110853493>		"ᎠᎺᎵᎦ"@chr	
"אַמעריקע"@ydd	<https://panlex.org/snapshot/panlex-20191001-csv/2891#110853402>				<https://panlex.org/snapshot/panlex-20191001-csv/2891#110853503>		"Ameliga"@chr	
"אײראָפּע"@ydd	<https://panlex.org/snapshot/panlex-20191001-csv/2891#110854192>				<https://panlex.org/snapshot/panlex-20191001-csv/2891#110854153>		"ᎡᎶᏆ"@chr	
"אײראָפּע"@ydd	<https://panlex.org/snapshot/panlex-20191001-csv/2891#110854192>				<https://panlex.org/snapshot/panlex-20191001-csv/2891#110854306>		"Eloqua"@chr	
