"štejn"@ydd	<https://panlex.org/snapshot/panlex-20191001-csv/1573#50090833>				<https://panlex.org/snapshot/panlex-20191001-csv/1573#50090653>		"кьор"@kva	
"štejn"@ydd	<https://panlex.org/snapshot/panlex-20191001-csv/1573#50090833>				<https://panlex.org/snapshot/panlex-20191001-csv/1573#50090652>		"гьинцІа"@kva	
"ʼerd-citerniš"@ydd	<https://panlex.org/snapshot/panlex-20191001-csv/1573#50091020>				<https://panlex.org/snapshot/panlex-20191001-csv/1573#50090951>		"гъаймиса гьигьвадар"@kva	
"brune"@ydd	<https://panlex.org/snapshot/panlex-20191001-csv/1573#50089176>				<https://panlex.org/snapshot/panlex-20191001-csv/1573#50089030>		"гъуй"@kva	
"brune"@ydd	<https://panlex.org/snapshot/panlex-20191001-csv/1573#50089176>				<https://panlex.org/snapshot/panlex-20191001-csv/1573#50089031>		"иᴴс̅"@kva	
"štojb"@ydd	<https://panlex.org/snapshot/panlex-20191001-csv/1573#50082857>				<https://panlex.org/snapshot/panlex-20191001-csv/1573#50082739>		"дара"@kva	
"feld"@ydd	<https://panlex.org/snapshot/panlex-20191001-csv/1573#50084452>				<https://panlex.org/snapshot/panlex-20191001-csv/1573#50084317>		"гьуᴴша"@kva	
"bergl"@ydd	<https://panlex.org/snapshot/panlex-20191001-csv/1573#50083806>				<https://panlex.org/snapshot/panlex-20191001-csv/1573#50083639>		"беса"@kva	
"bergl"@ydd	<https://panlex.org/snapshot/panlex-20191001-csv/1573#50083806>				<https://panlex.org/snapshot/panlex-20191001-csv/1573#50083640>		"гъол"@kva	
"indzl"@ydd	<https://panlex.org/snapshot/panlex-20191001-csv/1573#50084892>				<https://panlex.org/snapshot/panlex-20191001-csv/1573#50084801>		"кьуᴴлІимакІва"@kva	
"šam"@ydd	<https://panlex.org/snapshot/panlex-20191001-csv/1573#50086674>				<https://panlex.org/snapshot/panlex-20191001-csv/1573#50086572>		"палв"@kva	
"grunt"@ydd	<https://panlex.org/snapshot/panlex-20191001-csv/1573#50082589>				<https://panlex.org/snapshot/panlex-20191001-csv/1573#50082453>		"уᴴщ"@kva	
"grunt"@ydd	<https://panlex.org/snapshot/panlex-20191001-csv/1573#50082589>				<https://panlex.org/snapshot/panlex-20191001-csv/1573#50082452>		"у̃ᴴщ"@kva	
"kval"@ydd	<https://panlex.org/snapshot/panlex-20191001-csv/1573#50089177>				<https://panlex.org/snapshot/panlex-20191001-csv/1573#50089030>		"гъуй"@kva	
"kval"@ydd	<https://panlex.org/snapshot/panlex-20191001-csv/1573#50089177>				<https://panlex.org/snapshot/panlex-20191001-csv/1573#50089031>		"иᴴс̅"@kva	
"ʼvaserfal"@ydd	<https://panlex.org/snapshot/panlex-20191001-csv/1573#50089624>				<https://panlex.org/snapshot/panlex-20191001-csv/1573#50089556>		"лълъеᴴ чвадо̅р"@kva	
"ʼvaserfal"@ydd	<https://panlex.org/snapshot/panlex-20191001-csv/1573#50089624>				<https://panlex.org/snapshot/panlex-20191001-csv/1573#50089555>		"лъеᴴ чвадар"@kva	
"zump"@ydd	<https://panlex.org/snapshot/panlex-20191001-csv/1573#50089438>				<https://panlex.org/snapshot/panlex-20191001-csv/1573#50089331>		"тус̅І"@kva	
"umruik"@ydd	<https://panlex.org/snapshot/panlex-20191001-csv/1573#50086459>				<https://panlex.org/snapshot/panlex-20191001-csv/1573#50086394>		"гьалагаб"@kva	
"barg"@ydd	<https://panlex.org/snapshot/panlex-20191001-csv/1573#50083805>				<https://panlex.org/snapshot/panlex-20191001-csv/1573#50083639>		"беса"@kva	
"barg"@ydd	<https://panlex.org/snapshot/panlex-20191001-csv/1573#50083805>				<https://panlex.org/snapshot/panlex-20191001-csv/1573#50083640>		"гъол"@kva	
"hejl"@ydd	<https://panlex.org/snapshot/panlex-20191001-csv/1573#50085622>				<https://panlex.org/snapshot/panlex-20191001-csv/1573#50085520>		"рущІа"@kva	
"holc"@ydd	<https://panlex.org/snapshot/panlex-20191001-csv/1573#50090426>				<https://panlex.org/snapshot/panlex-20191001-csv/1573#50090316>		"гьур"@kva	
"keslgrub"@ydd	<https://panlex.org/snapshot/panlex-20191001-csv/1573#50088802>				<https://panlex.org/snapshot/panlex-20191001-csv/1573#50088729>		"лъеᴴлъ свардар"@kva	
"ʼkrenice"@ydd	<https://panlex.org/snapshot/panlex-20191001-csv/1573#50089178>				<https://panlex.org/snapshot/panlex-20191001-csv/1573#50089030>		"гъуй"@kva	
"ʼkrenice"@ydd	<https://panlex.org/snapshot/panlex-20191001-csv/1573#50089178>				<https://panlex.org/snapshot/panlex-20191001-csv/1573#50089031>		"иᴴс̅"@kva	
"jam"@ydd	<https://panlex.org/snapshot/panlex-20191001-csv/1573#50086105>				<https://panlex.org/snapshot/panlex-20191001-csv/1573#50086002>		"релгьа"@kva	
"ričke"@ydd	<https://panlex.org/snapshot/panlex-20191001-csv/1573#50088615>				<https://panlex.org/snapshot/panlex-20191001-csv/1573#50088424>		"иᴴх̅"@kva	
"velt"@ydd	<https://panlex.org/snapshot/panlex-20191001-csv/1573#50081928>				<https://panlex.org/snapshot/panlex-20191001-csv/1573#50081829>		"дунел"@kva	
"vaser"@ydd	<https://panlex.org/snapshot/panlex-20191001-csv/1573#50085881>				<https://panlex.org/snapshot/panlex-20191001-csv/1573#50085761>		"лълъеᴴ"@kva	
"bojm"@ydd	<https://panlex.org/snapshot/panlex-20191001-csv/1573#50090169>				<https://panlex.org/snapshot/panlex-20191001-csv/1573#50090061>		"роша"@kva	
"blote"@ydd	<https://panlex.org/snapshot/panlex-20191001-csv/1573#50083152>				<https://panlex.org/snapshot/panlex-20191001-csv/1573#50083032>		"щІаб"@kva	
"blote"@ydd	<https://panlex.org/snapshot/panlex-20191001-csv/1573#50083152>				<https://panlex.org/snapshot/panlex-20191001-csv/1573#50083031>		"гъиз"@kva	
"ruik"@ydd	<https://panlex.org/snapshot/panlex-20191001-csv/1573#50086291>				<https://panlex.org/snapshot/panlex-20191001-csv/1573#50086215>		"хІащІар бещдуб"@kva	
"porex"@ydd	<https://panlex.org/snapshot/panlex-20191001-csv/1573#50082856>				<https://panlex.org/snapshot/panlex-20191001-csv/1573#50082739>		"дара"@kva	
"box"@ydd	<https://panlex.org/snapshot/panlex-20191001-csv/1573#50088614>				<https://panlex.org/snapshot/panlex-20191001-csv/1573#50088424>		"иᴴх̅"@kva	
"jaboše"@ydd	<https://panlex.org/snapshot/panlex-20191001-csv/1573#50085044>				<https://panlex.org/snapshot/panlex-20191001-csv/1573#50084992>		"кантинент"@kva	
"xvalʸe"@ydd	<https://panlex.org/snapshot/panlex-20191001-csv/1573#50087843>				<https://panlex.org/snapshot/panlex-20191001-csv/1573#50087738>		"кара̅чел"@kva	
"zun"@ydd	<https://panlex.org/snapshot/panlex-20191001-csv/1573#50091522>				<https://panlex.org/snapshot/panlex-20191001-csv/1573#50091419>		"милгь"@kva	
"tajx"@ydd	<https://panlex.org/snapshot/panlex-20191001-csv/1573#50088616>				<https://panlex.org/snapshot/panlex-20191001-csv/1573#50088424>		"иᴴх̅"@kva	
"feldz"@ydd	<https://panlex.org/snapshot/panlex-20191001-csv/1573#50084103>				<https://panlex.org/snapshot/panlex-20191001-csv/1573#50083998>		"парс̅"@kva	
"feldz"@ydd	<https://panlex.org/snapshot/panlex-20191001-csv/1573#50084103>				<https://panlex.org/snapshot/panlex-20191001-csv/1573#50083997>		"мищ"@kva	
"feldz"@ydd	<https://panlex.org/snapshot/panlex-20191001-csv/1573#50084103>				<https://panlex.org/snapshot/panlex-20191001-csv/1573#50083996>		"кьор"@kva	
"plejn"@ydd	<https://panlex.org/snapshot/panlex-20191001-csv/1573#50084453>				<https://panlex.org/snapshot/panlex-20191001-csv/1573#50084317>		"гьуᴴша"@kva	
"zamd"@ydd	<https://panlex.org/snapshot/panlex-20191001-csv/1573#50083399>				<https://panlex.org/snapshot/panlex-20191001-csv/1573#50083290>		"сел"@kva	
"zamd"@ydd	<https://panlex.org/snapshot/panlex-20191001-csv/1573#50083399>				<https://panlex.org/snapshot/panlex-20191001-csv/1573#50083291>		"селв"@kva	
"tol"@ydd	<https://panlex.org/snapshot/panlex-20191001-csv/1573#50084674>				<https://panlex.org/snapshot/panlex-20191001-csv/1573#50084588>		"бала"@kva	
"oʼkean"@ydd	<https://panlex.org/snapshot/panlex-20191001-csv/1573#50086852>				<https://panlex.org/snapshot/panlex-20191001-csv/1573#50086777>		"акиан"@kva	
"vald"@ydd	<https://panlex.org/snapshot/panlex-20191001-csv/1573#50089911>				<https://panlex.org/snapshot/panlex-20191001-csv/1573#50089783>		"рохь"@kva	
"ʼozere"@ydd	<https://panlex.org/snapshot/panlex-20191001-csv/1573#50087096>				<https://panlex.org/snapshot/panlex-20191001-csv/1573#50086991>		"илгьа"@kva	
"himl"@ydd	<https://panlex.org/snapshot/panlex-20191001-csv/1573#50091274>				<https://panlex.org/snapshot/panlex-20191001-csv/1573#50091161>		"решен"@kva	
"erd"@ydd	<https://panlex.org/snapshot/panlex-20191001-csv/1573#50082274>				<https://panlex.org/snapshot/panlex-20191001-csv/1573#50082122>		"уᴴщ"@kva	
"erd"@ydd	<https://panlex.org/snapshot/panlex-20191001-csv/1573#50082274>				<https://panlex.org/snapshot/panlex-20191001-csv/1573#50082121>		"улка"@kva	
"breg"@ydd	<https://panlex.org/snapshot/panlex-20191001-csv/1573#50085378>				<https://panlex.org/snapshot/panlex-20191001-csv/1573#50085227>		"релгьалъбала"@kva	
"breg"@ydd	<https://panlex.org/snapshot/panlex-20191001-csv/1573#50085378>				<https://panlex.org/snapshot/panlex-20191001-csv/1573#50085225>		"гьес̅абалальа"@kva	
"breg"@ydd	<https://panlex.org/snapshot/panlex-20191001-csv/1573#50085378>				<https://panlex.org/snapshot/panlex-20191001-csv/1573#50085226>		"релгьалбала"@kva	
"דאָנערשטיק"@ydd	<https://panlex.org/snapshot/panlex-20191001-csv/2892#110825274>				<https://panlex.org/snapshot/panlex-20191001-csv/2892#110825510>		"хамиз"@kva	
"דינסטיק"@ydd	<https://panlex.org/snapshot/panlex-20191001-csv/2892#110824446>				<https://panlex.org/snapshot/panlex-20191001-csv/2892#110824533>		"талат"@kva	
"זונטיק"@ydd	<https://panlex.org/snapshot/panlex-20191001-csv/2892#110826954>				<https://panlex.org/snapshot/panlex-20191001-csv/2892#110826900>		"гьатӏан"@kva	
"שבת"@ydd	<https://panlex.org/snapshot/panlex-20191001-csv/2892#110826261>				<https://panlex.org/snapshot/panlex-20191001-csv/2892#110826564>		"шамат"@kva	
"פֿרײַטיק"@ydd	<https://panlex.org/snapshot/panlex-20191001-csv/2892#110825890>				<https://panlex.org/snapshot/panlex-20191001-csv/2892#110825857>		"рузман"@kva	
"מיטװאָך"@ydd	<https://panlex.org/snapshot/panlex-20191001-csv/2892#110825238>				<https://panlex.org/snapshot/panlex-20191001-csv/2892#110824862>		"арбагӏ"@kva	
"מאָנטיק"@ydd	<https://panlex.org/snapshot/panlex-20191001-csv/2892#110824404>				<https://panlex.org/snapshot/panlex-20191001-csv/2892#110824108>		"итни"@kva	
