"štejn"@ydd	<https://panlex.org/snapshot/panlex-20191001-csv/1573#50090833>				<https://panlex.org/snapshot/panlex-20191001-csv/1573#50090523>		"mõgaʼra"@cmi	
"ʼerd-citerniš"@ydd	<https://panlex.org/snapshot/panlex-20191001-csv/1573#50091020>				<https://panlex.org/snapshot/panlex-20191001-csv/1573#50090885>		"uʼre-mia"@cmi	
"brune"@ydd	<https://panlex.org/snapshot/panlex-20191001-csv/1573#50089176>				<https://panlex.org/snapshot/panlex-20191001-csv/1573#50088899>		"do-čiʼwa"@cmi	
"feld"@ydd	<https://panlex.org/snapshot/panlex-20191001-csv/1573#50084452>				<https://panlex.org/snapshot/panlex-20191001-csv/1573#50084195>		"heweʼɗa"@cmi	
"bergl"@ydd	<https://panlex.org/snapshot/panlex-20191001-csv/1573#50083806>				<https://panlex.org/snapshot/panlex-20191001-csv/1573#50083505>		"eʼya"@cmi	
"indzl"@ydd	<https://panlex.org/snapshot/panlex-20191001-csv/1573#50084892>				<https://panlex.org/snapshot/panlex-20191001-csv/1573#50084729>		"do-ʼdu"@cmi	
"grunt"@ydd	<https://panlex.org/snapshot/panlex-20191001-csv/1573#50082589>				<https://panlex.org/snapshot/panlex-20191001-csv/1573#50082336>		"egoʼro"@cmi	
"kval"@ydd	<https://panlex.org/snapshot/panlex-20191001-csv/1573#50089177>				<https://panlex.org/snapshot/panlex-20191001-csv/1573#50088899>		"do-čiʼwa"@cmi	
"ʼvaserfal"@ydd	<https://panlex.org/snapshot/panlex-20191001-csv/1573#50089624>				<https://panlex.org/snapshot/panlex-20191001-csv/1573#50089490>		"kõbiʼrãda"@cmi	
"laʼgun"@ydd	<https://panlex.org/snapshot/panlex-20191001-csv/1573#50087380>				<https://panlex.org/snapshot/panlex-20191001-csv/1573#50087273>		"ameʼne"@cmi	
"zump"@ydd	<https://panlex.org/snapshot/panlex-20191001-csv/1573#50089438>				<https://panlex.org/snapshot/panlex-20191001-csv/1573#50089239>		"egoʼro-ɓa"@cmi	
"barg"@ydd	<https://panlex.org/snapshot/panlex-20191001-csv/1573#50083805>				<https://panlex.org/snapshot/panlex-20191001-csv/1573#50083505>		"eʼya"@cmi	
"hejl"@ydd	<https://panlex.org/snapshot/panlex-20191001-csv/1573#50085622>				<https://panlex.org/snapshot/panlex-20191001-csv/1573#50085437>		"uʼria"@cmi	
"holc"@ydd	<https://panlex.org/snapshot/panlex-20191001-csv/1573#50090426>				<https://panlex.org/snapshot/panlex-20191001-csv/1573#50090228>		"bakuʼru"@cmi	
"keslgrub"@ydd	<https://panlex.org/snapshot/panlex-20191001-csv/1573#50088802>				<https://panlex.org/snapshot/panlex-20191001-csv/1573#50088664>		"do-puʼr̃a-dru"@cmi	
"ʼkrenice"@ydd	<https://panlex.org/snapshot/panlex-20191001-csv/1573#50089178>				<https://panlex.org/snapshot/panlex-20191001-csv/1573#50088899>		"do-čiʼwa"@cmi	
"jam"@ydd	<https://panlex.org/snapshot/panlex-20191001-csv/1573#50086105>				<https://panlex.org/snapshot/panlex-20191001-csv/1573#50085936>		"puʼsa"@cmi	
"ričke"@ydd	<https://panlex.org/snapshot/panlex-20191001-csv/1573#50088615>				<https://panlex.org/snapshot/panlex-20191001-csv/1573#50088268>		"do"@cmi	
"velt"@ydd	<https://panlex.org/snapshot/panlex-20191001-csv/1573#50081928>				<https://panlex.org/snapshot/panlex-20191001-csv/1573#50081747>		"ẽhũʼa"@cmi	
"vaser"@ydd	<https://panlex.org/snapshot/panlex-20191001-csv/1573#50085881>				<https://panlex.org/snapshot/panlex-20191001-csv/1573#50085680>		"ʼbai-do"@cmi	
"bojm"@ydd	<https://panlex.org/snapshot/panlex-20191001-csv/1573#50090169>				<https://panlex.org/snapshot/panlex-20191001-csv/1573#50089980>		"bakuʼru"@cmi	
"blote"@ydd	<https://panlex.org/snapshot/panlex-20191001-csv/1573#50083152>				<https://panlex.org/snapshot/panlex-20191001-csv/1573#50082927>		"egoʼro-ɓa"@cmi	
"box"@ydd	<https://panlex.org/snapshot/panlex-20191001-csv/1573#50088614>				<https://panlex.org/snapshot/panlex-20191001-csv/1573#50088268>		"do"@cmi	
"zun"@ydd	<https://panlex.org/snapshot/panlex-20191001-csv/1573#50091522>				<https://panlex.org/snapshot/panlex-20191001-csv/1573#50091335>		"uʼmã-dau"@cmi	
"tajx"@ydd	<https://panlex.org/snapshot/panlex-20191001-csv/1573#50088616>				<https://panlex.org/snapshot/panlex-20191001-csv/1573#50088268>		"do"@cmi	
"jaboše-cung"@ydd	<https://panlex.org/snapshot/panlex-20191001-csv/1573#50087605>				<https://panlex.org/snapshot/panlex-20191001-csv/1573#50087502>		"eʼya"@cmi	
"plejn"@ydd	<https://panlex.org/snapshot/panlex-20191001-csv/1573#50084453>				<https://panlex.org/snapshot/panlex-20191001-csv/1573#50084195>		"heweʼɗa"@cmi	
"zamd"@ydd	<https://panlex.org/snapshot/panlex-20191001-csv/1573#50083399>				<https://panlex.org/snapshot/panlex-20191001-csv/1573#50083213>		"ĩʼbɨ"@cmi	
"kap"@ydd	<https://panlex.org/snapshot/panlex-20191001-csv/1573#50087606>				<https://panlex.org/snapshot/panlex-20191001-csv/1573#50087502>		"eʼya"@cmi	
"oʼkean"@ydd	<https://panlex.org/snapshot/panlex-20191001-csv/1573#50086852>				<https://panlex.org/snapshot/panlex-20191001-csv/1573#50086717>		"puʼsa"@cmi	
"jam-flejc"@ydd	<https://panlex.org/snapshot/panlex-20191001-csv/1573#50087945>				<https://panlex.org/snapshot/panlex-20191001-csv/1573#50087878>		"biʼru"@cmi	
"vald"@ydd	<https://panlex.org/snapshot/panlex-20191001-csv/1573#50089911>				<https://panlex.org/snapshot/panlex-20191001-csv/1573#50089689>		"mea"@cmi	
"ʼozere"@ydd	<https://panlex.org/snapshot/panlex-20191001-csv/1573#50087096>				<https://panlex.org/snapshot/panlex-20191001-csv/1573#50086916>		"ameʼne"@cmi	
"himl"@ydd	<https://panlex.org/snapshot/panlex-20191001-csv/1573#50091274>				<https://panlex.org/snapshot/panlex-20191001-csv/1573#50091084>		"ba-ʼhã"@cmi	
"erd"@ydd	<https://panlex.org/snapshot/panlex-20191001-csv/1573#50082274>				<https://panlex.org/snapshot/panlex-20191001-csv/1573#50082014>		"ʼdrua"@cmi	
"breg"@ydd	<https://panlex.org/snapshot/panlex-20191001-csv/1573#50085378>				<https://panlex.org/snapshot/panlex-20191001-csv/1573#50085113>		"do-ikaʼwa"@cmi	
