"ישעיה"@ydd	<https://panlex.org/snapshot/panlex-20191001-csv/6718#111120342>				<https://panlex.org/snapshot/panlex-20191001-csv/6718#111120324>		"Isaia"@mg	
"איכה"@ydd	<https://panlex.org/snapshot/panlex-20191001-csv/6718#111121417>				<https://panlex.org/snapshot/panlex-20191001-csv/6718#111121365>		"Fitomaniana"@mg	
"דבֿרי הימים"@ydd	<https://panlex.org/snapshot/panlex-20191001-csv/6718#111121984>				<https://panlex.org/snapshot/panlex-20191001-csv/6718#111121986>		"Tantara"@mg	
"ירמיה"@ydd	<https://panlex.org/snapshot/panlex-20191001-csv/6718#111120430>				<https://panlex.org/snapshot/panlex-20191001-csv/6718#111120434>		"Jeremia"@mg	
"בראשית"@ydd	<https://panlex.org/snapshot/panlex-20191001-csv/6718#111119244>				<https://panlex.org/snapshot/panlex-20191001-csv/6718#111119185>		"Genesisy"@mg	
"זכריה"@ydd	<https://panlex.org/snapshot/panlex-20191001-csv/6718#111123334>				<https://panlex.org/snapshot/panlex-20191001-csv/6718#111123394>		"Zakaria"@mg	
"איובֿ"@ydd	<https://panlex.org/snapshot/panlex-20191001-csv/6718#111121013>				<https://panlex.org/snapshot/panlex-20191001-csv/6718#111121080>		"Joba"@mg	
"צפֿניה"@ydd	<https://panlex.org/snapshot/panlex-20191001-csv/6718#111123054>				<https://panlex.org/snapshot/panlex-20191001-csv/6718#111123075>		"Zefania"@mg	
"הושע"@ydd	<https://panlex.org/snapshot/panlex-20191001-csv/6718#111122103>				<https://panlex.org/snapshot/panlex-20191001-csv/6718#111122158>		"Hosea"@mg	
"שופֿטים"@ydd	<https://panlex.org/snapshot/panlex-20191001-csv/6718#111119940>				<https://panlex.org/snapshot/panlex-20191001-csv/6718#111119989>		"Mpitsara"@mg	
"אסתּר"@ydd	<https://panlex.org/snapshot/panlex-20191001-csv/6718#111121689>				<https://panlex.org/snapshot/panlex-20191001-csv/6718#111121596>		"Estera"@mg	
"תּהילים"@ydd	<https://panlex.org/snapshot/panlex-20191001-csv/6718#111120760>				<https://panlex.org/snapshot/panlex-20191001-csv/6718#111120766>		"Salamo"@mg	
"ויקראָ"@ydd	<https://panlex.org/snapshot/panlex-20191001-csv/6718#111119391>				<https://panlex.org/snapshot/panlex-20191001-csv/6718#111119468>		"Levitikosy"@mg	
"יהושע"@ydd	<https://panlex.org/snapshot/panlex-20191001-csv/6718#111119865>				<https://panlex.org/snapshot/panlex-20191001-csv/6718#111119843>		"Josoa"@mg	
"יואל"@ydd	<https://panlex.org/snapshot/panlex-20191001-csv/6718#111122258>				<https://panlex.org/snapshot/panlex-20191001-csv/6718#111122192>		"Joela"@mg	
"מלאָכי"@ydd	<https://panlex.org/snapshot/panlex-20191001-csv/6718#111123428>				<https://panlex.org/snapshot/panlex-20191001-csv/6718#111123472>		"Malakia"@mg	
"מלכים"@ydd	<https://panlex.org/snapshot/panlex-20191001-csv/6718#111120129>				<https://panlex.org/snapshot/panlex-20191001-csv/6718#111120150>		"Mpanjaka"@mg	
"שמות"@ydd	<https://panlex.org/snapshot/panlex-20191001-csv/6718#111119307>				<https://panlex.org/snapshot/panlex-20191001-csv/6718#111119257>		"Eksodosy"@mg	
"יחזקאל"@ydd	<https://panlex.org/snapshot/panlex-20191001-csv/6718#111120515>				<https://panlex.org/snapshot/panlex-20191001-csv/6718#111120526>		"Ezekiela"@mg	
"במדבר"@ydd	<https://panlex.org/snapshot/panlex-20191001-csv/6718#111119539>				<https://panlex.org/snapshot/panlex-20191001-csv/6718#111119549>		"Nomery"@mg	
"חגי"@ydd	<https://panlex.org/snapshot/panlex-20191001-csv/6718#111123265>				<https://panlex.org/snapshot/panlex-20191001-csv/6718#111123247>		"Hagay"@mg	
"עובֿדיה"@ydd	<https://panlex.org/snapshot/panlex-20191001-csv/6718#111122503>				<https://panlex.org/snapshot/panlex-20191001-csv/6718#111122486>		"Obadia"@mg	
"קהלת"@ydd	<https://panlex.org/snapshot/panlex-20191001-csv/6718#111121544>				<https://panlex.org/snapshot/panlex-20191001-csv/6718#111121470>		"Mpitoriteny"@mg	
"רות"@ydd	<https://panlex.org/snapshot/panlex-20191001-csv/6718#111121294>				<https://panlex.org/snapshot/panlex-20191001-csv/6718#111121258>		"Rota"@mg	
"יונה"@ydd	<https://panlex.org/snapshot/panlex-20191001-csv/6718#111122632>				<https://panlex.org/snapshot/panlex-20191001-csv/6718#111122601>		"Jona"@mg	
"שמואל"@ydd	<https://panlex.org/snapshot/panlex-20191001-csv/6718#111120065>				<https://panlex.org/snapshot/panlex-20191001-csv/6718#111119997>		"Samoela"@mg	
"עמוס"@ydd	<https://panlex.org/snapshot/panlex-20191001-csv/6718#111122420>				<https://panlex.org/snapshot/panlex-20191001-csv/6718#111122410>		"Amosa"@mg	
"חבֿקוק"@ydd	<https://panlex.org/snapshot/panlex-20191001-csv/6718#111123024>				<https://panlex.org/snapshot/panlex-20191001-csv/6718#111123001>		"Habakoka"@mg	
"שיר השירים"@ydd	<https://panlex.org/snapshot/panlex-20191001-csv/6718#111121199>				<https://panlex.org/snapshot/panlex-20191001-csv/6718#111121144>		"Tonon-kiran’i Solomona"@mg	
"נחום"@ydd	<https://panlex.org/snapshot/panlex-20191001-csv/6718#111122825>				<https://panlex.org/snapshot/panlex-20191001-csv/6718#111122822>		"Nahoma"@mg	
"עזרא - נחמיה"@ydd	<https://panlex.org/snapshot/panlex-20191001-csv/6718#111121920>				<https://panlex.org/snapshot/panlex-20191001-csv/6718#111121867>		"Ezra – Nehemia"@mg	
"משלי"@ydd	<https://panlex.org/snapshot/panlex-20191001-csv/6718#111120859>				<https://panlex.org/snapshot/panlex-20191001-csv/6718#111120935>		"Ohabolana"@mg	
"מיכה"@ydd	<https://panlex.org/snapshot/panlex-20191001-csv/6718#111122768>				<https://panlex.org/snapshot/panlex-20191001-csv/6718#111122709>		"Mika"@mg	
"דניאל"@ydd	<https://panlex.org/snapshot/panlex-20191001-csv/6718#111121803>				<https://panlex.org/snapshot/panlex-20191001-csv/6718#111121703>		"Daniela"@mg	
"דבֿרים"@ydd	<https://panlex.org/snapshot/panlex-20191001-csv/6718#111119697>				<https://panlex.org/snapshot/panlex-20191001-csv/6718#111119736>		"Deotoronomia"@mg	
"רױמיש־קאַטױלישע קירך"@ydd	<https://panlex.org/snapshot/panlex-20191001-csv/6717#111107637>				<https://panlex.org/snapshot/panlex-20191001-csv/6717#111107733>		"Fiangonana Katolika Romana"@mg	
"קאַלטע קריג"@ydd	<https://panlex.org/snapshot/panlex-20191001-csv/6709#111077819>				<https://panlex.org/snapshot/panlex-20191001-csv/6709#111077712>		"Ady mangatsiaka"@mg	
"צװײטע װעלט קריג"@ydd	<https://panlex.org/snapshot/panlex-20191001-csv/6709#111077611>				<https://panlex.org/snapshot/panlex-20191001-csv/6709#111077676>		"Ady Lehibe Faharoa"@mg	
"קאַלטע מלחמה"@ydd	<https://panlex.org/snapshot/panlex-20191001-csv/6709#111077779>				<https://panlex.org/snapshot/panlex-20191001-csv/6709#111077712>		"Ady mangatsiaka"@mg	
"ערשטע װעלט מלחמה"@ydd	<https://panlex.org/snapshot/panlex-20191001-csv/6709#111077434>				<https://panlex.org/snapshot/panlex-20191001-csv/6709#111077481>		"Ady Lehibe Voalohany"@mg	
"צװײטע װעלט מלחמה"@ydd	<https://panlex.org/snapshot/panlex-20191001-csv/6709#111077616>				<https://panlex.org/snapshot/panlex-20191001-csv/6709#111077676>		"Ady Lehibe Faharoa"@mg	
"ערשטע װעלט קריג"@ydd	<https://panlex.org/snapshot/panlex-20191001-csv/6709#111077404>				<https://panlex.org/snapshot/panlex-20191001-csv/6709#111077481>		"Ady Lehibe Voalohany"@mg	
"דער קלײנע פּרינץ"@ydd	<https://panlex.org/snapshot/panlex-20191001-csv/6710#111083151>				<https://panlex.org/snapshot/panlex-20191001-csv/6710#111083040>		"Ilay Andriandahy Kely"@mg	
"דער צװײטער בריװ צו די טעסאַלאָניקער"@ydd	<https://panlex.org/snapshot/panlex-20191001-csv/6726#111132611>				<https://panlex.org/snapshot/panlex-20191001-csv/6726#111132594>		"Epistola faharoan’i Paoly ho an’ny Tesalonisiana"@mg	
"די גוטע בשׂורה לױט יוחנן"@ydd	<https://panlex.org/snapshot/panlex-20191001-csv/6726#111131047>				<https://panlex.org/snapshot/panlex-20191001-csv/6726#111131074>		"Evanjelin’i Joany"@mg	
"דער ערשטער בריװ צו די טעסאַלאָניקער"@ydd	<https://panlex.org/snapshot/panlex-20191001-csv/6726#111132580>				<https://panlex.org/snapshot/panlex-20191001-csv/6726#111132478>		"Epistola voalohan’i Paoly ho an’ny Tesalonisiana"@mg	
"דער דריטער בריװ פֿון יוחנן"@ydd	<https://panlex.org/snapshot/panlex-20191001-csv/6726#111134473>				<https://panlex.org/snapshot/panlex-20191001-csv/6726#111134442>		"Epistola fahatelon’i Joany"@mg	
"יעקבֿס בריװ"@ydd	<https://panlex.org/snapshot/panlex-20191001-csv/6726#111133706>				<https://panlex.org/snapshot/panlex-20191001-csv/6726#111133572>		"Epistola Jakoba"@mg	
"דער ערשטער בריװ צו טימאָטעוסן"@ydd	<https://panlex.org/snapshot/panlex-20191001-csv/6726#111132883>				<https://panlex.org/snapshot/panlex-20191001-csv/6726#111132803>		"Epistola voalohan’i Paoly ho an’i Timote"@mg	
"דער צװײטער בריװ צו טימאָטעוסן"@ydd	<https://panlex.org/snapshot/panlex-20191001-csv/6726#111133062>				<https://panlex.org/snapshot/panlex-20191001-csv/6726#111133011>		"Epistola faharoan’i Paoly ho an’i Timote"@mg	
"דער בריװ צו די עפֿעזער"@ydd	<https://panlex.org/snapshot/panlex-20191001-csv/6726#111132092>				<https://panlex.org/snapshot/panlex-20191001-csv/6726#111131972>		"Epistolan’i Paoly ho an’ny Efeziana"@mg	
"דער בריװ צו די גאַלאַטער"@ydd	<https://panlex.org/snapshot/panlex-20191001-csv/6726#111131766>				<https://panlex.org/snapshot/panlex-20191001-csv/6726#111131798>		"Epistolan’i Paoly ho an’ny Galatiana"@mg	
"דער ערשטער בריװ פֿון פּעטרוס"@ydd	<https://panlex.org/snapshot/panlex-20191001-csv/6726#111133848>				<https://panlex.org/snapshot/panlex-20191001-csv/6726#111133871>		"Epistola voalohan’i Piera"@mg	
"דער בריװ צו פֿילעמאָן"@ydd	<https://panlex.org/snapshot/panlex-20191001-csv/6726#111133298>				<https://panlex.org/snapshot/panlex-20191001-csv/6726#111133252>		"Epistolan’i Paoly ho an’i Filemona"@mg	
"דער בריװ צו טיטוסן"@ydd	<https://panlex.org/snapshot/panlex-20191001-csv/6726#111133193>				<https://panlex.org/snapshot/panlex-20191001-csv/6726#111133210>		"Epistolan’i Paoly ho an’i Tito"@mg	
"די שליחים־געשיכטע"@ydd	<https://panlex.org/snapshot/panlex-20191001-csv/6726#111131232>				<https://panlex.org/snapshot/panlex-20191001-csv/6726#111131210>		"Asan’ny Apostoly"@mg	
"דער בריװ צו די פֿיליפּער"@ydd	<https://panlex.org/snapshot/panlex-20191001-csv/6726#111132234>				<https://panlex.org/snapshot/panlex-20191001-csv/6726#111132155>		"Epistolan’i Paoly ho an’ny Filipiana"@mg	
"יהודהס בריװ"@ydd	<https://panlex.org/snapshot/panlex-20191001-csv/6726#111134578>				<https://panlex.org/snapshot/panlex-20191001-csv/6726#111134572>		"Epistola Joda"@mg	
"דער בריװ צו די קאָלאָסער"@ydd	<https://panlex.org/snapshot/panlex-20191001-csv/6726#111132382>				<https://panlex.org/snapshot/panlex-20191001-csv/6726#111132405>		"Epistolan’i Paoly ho an’ny Kolosiana"@mg	
"די גוטע בשׂורה לױט מתּי"@ydd	<https://panlex.org/snapshot/panlex-20191001-csv/6726#111130469>				<https://panlex.org/snapshot/panlex-20191001-csv/6726#111130478>		"Evanjelin’i Matio"@mg	
"דער צװײטער בריװ פֿון פּעטרוס"@ydd	<https://panlex.org/snapshot/panlex-20191001-csv/6726#111133951>				<https://panlex.org/snapshot/panlex-20191001-csv/6726#111134040>		"Epistola faharoan’i Piera"@mg	
"דער ערשטער בריװ צו די קאָרינטער"@ydd	<https://panlex.org/snapshot/panlex-20191001-csv/6726#111131488>				<https://panlex.org/snapshot/panlex-20191001-csv/6726#111131548>		"Epistola voalohan’i Paoly ho an’ny Korintiana"@mg	
"די אַנטפּלעקונג פֿון יוחנן"@ydd	<https://panlex.org/snapshot/panlex-20191001-csv/6726#111134776>				<https://panlex.org/snapshot/panlex-20191001-csv/6726#111134822>		"Apokalipsa"@mg	
"דער בריװ צו די ייִדן"@ydd	<https://panlex.org/snapshot/panlex-20191001-csv/6726#111133411>				<https://panlex.org/snapshot/panlex-20191001-csv/6726#111133508>		"Epistolan’i Paoly ho an’ny Hebreo"@mg	
"דער ערשטער בריװ פֿון יוחנן"@ydd	<https://panlex.org/snapshot/panlex-20191001-csv/6726#111134089>				<https://panlex.org/snapshot/panlex-20191001-csv/6726#111134148>		"Epistola voalohan’i Joany"@mg	
"די גוטע בשׂורה לױט מאַרקוס"@ydd	<https://panlex.org/snapshot/panlex-20191001-csv/6726#111130749>				<https://panlex.org/snapshot/panlex-20191001-csv/6726#111130643>		"Evanjelin’i Marka"@mg	
"דער צװײטער בריװ צו די קאָרינטער"@ydd	<https://panlex.org/snapshot/panlex-20191001-csv/6726#111131641>				<https://panlex.org/snapshot/panlex-20191001-csv/6726#111131694>		"Epistola faharoan’i Paoly ho an’ny Korintiana"@mg	
"בריתּ החדשה"@ydd	<https://panlex.org/snapshot/panlex-20191001-csv/6726#111134929>				<https://panlex.org/snapshot/panlex-20191001-csv/6726#111134972>		"Testamenta Vaovao"@mg	
"דער בריװ צו די רױמער"@ydd	<https://panlex.org/snapshot/panlex-20191001-csv/6726#111131363>				<https://panlex.org/snapshot/panlex-20191001-csv/6726#111131375>		"Epistolan’i Paoly ho an’ny Romana"@mg	
"דער צװײטער בריװ פֿון יוחנן"@ydd	<https://panlex.org/snapshot/panlex-20191001-csv/6726#111134323>				<https://panlex.org/snapshot/panlex-20191001-csv/6726#111134325>		"Epistola faharoan’i Joany"@mg	
"די גוטע בשׂורה לױט לוקאַס"@ydd	<https://panlex.org/snapshot/panlex-20191001-csv/6726#111130905>				<https://panlex.org/snapshot/panlex-20191001-csv/6726#111130821>		"Evanjelin’i Lioka"@mg	
"harts"@ydd	<https://panlex.org/snapshot/panlex-20191001-csv/5950#85876441>				<https://panlex.org/snapshot/panlex-20191001-csv/5950#85876410>		"fo"@mg	
"Daytshland"@ydd	<https://panlex.org/snapshot/panlex-20191001-csv/5950#85858441>				<https://panlex.org/snapshot/panlex-20191001-csv/5950#85858384>		"Jarumanu Vilay"@mg	
"Daytshland"@ydd	<https://panlex.org/snapshot/panlex-20191001-csv/5950#85858441>				<https://panlex.org/snapshot/panlex-20191001-csv/5950#85858383>		"Allemana"@mg	
"Frankrjak"@ydd	<https://panlex.org/snapshot/panlex-20191001-csv/5950#85860405>				<https://panlex.org/snapshot/panlex-20191001-csv/5950#85860367>		"Frantsa"@mg	
"froy"@ydd	<https://panlex.org/snapshot/panlex-20191001-csv/5950#85865241>				<https://panlex.org/snapshot/panlex-20191001-csv/5950#85865212>		"vavy"@mg	
"froy"@ydd	<https://panlex.org/snapshot/panlex-20191001-csv/5950#85865241>				<https://panlex.org/snapshot/panlex-20191001-csv/5950#85865213>		"vehivavy"@mg	
"פסיכאלאגיע"@ydd	<https://panlex.org/snapshot/panlex-20191001-csv/5945#84412366>				<https://panlex.org/snapshot/panlex-20191001-csv/5945#84412329>		"psychology"@mg	
"װיקיװערטערבוך"@ydd	<https://panlex.org/snapshot/panlex-20191001-csv/5945#84345140>				<https://panlex.org/snapshot/panlex-20191001-csv/5945#84345098>		"Wikibolana"@mg	
"אפגאניסטאן"@ydd	<https://panlex.org/snapshot/panlex-20191001-csv/5947#84579285>				<https://panlex.org/snapshot/panlex-20191001-csv/5947#84579211>		"Afganistana"@mg	
"דיפּלאָם"@ydd	<https://panlex.org/snapshot/panlex-20191001-csv/5947#84674012>				<https://panlex.org/snapshot/panlex-20191001-csv/5947#84674000>		"mari-pankasitrahana"@mg	
"פּאַרפֿום"@ydd	<https://panlex.org/snapshot/panlex-20191001-csv/5947#84790827>				<https://panlex.org/snapshot/panlex-20191001-csv/5947#84790818>		"ranomanitra"@mg	
"טולפּאַן"@ydd	<https://panlex.org/snapshot/panlex-20191001-csv/5947#84870943>				<https://panlex.org/snapshot/panlex-20191001-csv/5947#84870931>		"tiolipa"@mg	
"ביסקופּ"@ydd	<https://panlex.org/snapshot/panlex-20191001-csv/5947#84641545>				<https://panlex.org/snapshot/panlex-20191001-csv/5947#84641520>		"eveka"@mg	
"זעלבסטמאָרד"@ydd	<https://panlex.org/snapshot/panlex-20191001-csv/5947#84835497>				<https://panlex.org/snapshot/panlex-20191001-csv/5947#84835477>		"mamono"@mg	
"און"@ydd	<https://panlex.org/snapshot/panlex-20191001-csv/5947#84702359>				<https://panlex.org/snapshot/panlex-20191001-csv/5947#84702298>		"ary"@mg	
"און"@ydd	<https://panlex.org/snapshot/panlex-20191001-csv/5947#84702359>				<https://panlex.org/snapshot/panlex-20191001-csv/5947#84702297>		"sy"@mg	
"און"@ydd	<https://panlex.org/snapshot/panlex-20191001-csv/5947#84702359>				<https://panlex.org/snapshot/panlex-20191001-csv/5947#84702299>		"dia"@mg	
"וואַסער"@ydd	<https://panlex.org/snapshot/panlex-20191001-csv/5947#84886586>				<https://panlex.org/snapshot/panlex-20191001-csv/5947#84886512>		"rano"@mg	
"פֿאַרבעטונג"@ydd	<https://panlex.org/snapshot/panlex-20191001-csv/5947#84900792>				<https://panlex.org/snapshot/panlex-20191001-csv/5947#84900784>		"fiantsoana"@mg	
"ווײַס"@ydd	<https://panlex.org/snapshot/panlex-20191001-csv/5947#84639881>				<https://panlex.org/snapshot/panlex-20191001-csv/5947#84639805>		"fotsy"@mg	
"פּאַסכע"@ydd	<https://panlex.org/snapshot/panlex-20191001-csv/5947#84616001>				<https://panlex.org/snapshot/panlex-20191001-csv/5947#84615942>		"Paska"@mg	
"אַרסען"@ydd	<https://panlex.org/snapshot/panlex-20191001-csv/5947#84630619>				<https://panlex.org/snapshot/panlex-20191001-csv/5947#84630606>		"arsenika"@mg	
"אינגבער"@ydd	<https://panlex.org/snapshot/panlex-20191001-csv/5947#84703272>				<https://panlex.org/snapshot/panlex-20191001-csv/5947#84703256>		"fakamalao"@mg	
"דאָקטער"@ydd	<https://panlex.org/snapshot/panlex-20191001-csv/5947#84737887>				<https://panlex.org/snapshot/panlex-20191001-csv/5947#84737837>		"mpitsabo"@mg	
"tish"@ydd	<https://panlex.org/snapshot/panlex-20191001-csv/5940#81366730>				<https://panlex.org/snapshot/panlex-20191001-csv/5940#81366689>		"latabatra"@mg	
"פאראייניגטע פעלקער"@ydd	<https://panlex.org/snapshot/panlex-20191001-csv/5940#81286027>				<https://panlex.org/snapshot/panlex-20191001-csv/5940#81285970>		"Firenena Mikambana"@mg	
"קארטאפל"@ydd	<https://panlex.org/snapshot/panlex-20191001-csv/5940#81350786>				<https://panlex.org/snapshot/panlex-20191001-csv/5940#81350743>		"ovy"@mg	
"אקטאבער"@ydd	<https://panlex.org/snapshot/panlex-20191001-csv/5940#81285714>				<https://panlex.org/snapshot/panlex-20191001-csv/5940#81285669>		"Oktobra"@mg	
"Khine"@ydd	<https://panlex.org/snapshot/panlex-20191001-csv/5939#80773615>				<https://panlex.org/snapshot/panlex-20191001-csv/5939#80773580>		"Sina"@mg	
"daytshland"@ydd	<https://panlex.org/snapshot/panlex-20191001-csv/5939#80782830>				<https://panlex.org/snapshot/panlex-20191001-csv/5939#80782748>		"Jarumanu Vilay"@mg	
"daytshland"@ydd	<https://panlex.org/snapshot/panlex-20191001-csv/5939#80782830>				<https://panlex.org/snapshot/panlex-20191001-csv/5939#80782747>		"Allemana"@mg	
"p̄ʻbrwʼar"@ydd	<https://panlex.org/snapshot/panlex-20191001-csv/5939#80811347>				<https://panlex.org/snapshot/panlex-20191001-csv/5939#80811278>		"febroary"@mg	
"bin"@ydd	<https://panlex.org/snapshot/panlex-20191001-csv/5939#80754725>				<https://panlex.org/snapshot/panlex-20191001-csv/5939#80754695>		"tantely"@mg	
"bin"@ydd	<https://panlex.org/snapshot/panlex-20191001-csv/5939#80754725>				<https://panlex.org/snapshot/panlex-20191001-csv/5939#80754694>		"reny"@mg	
"şʼamṗʼanyʻr"@ydd	<https://panlex.org/snapshot/panlex-20191001-csv/5939#80772466>				<https://panlex.org/snapshot/panlex-20191001-csv/5939#80772444>		"sampaina"@mg	
"Afganistan"@ydd	<https://panlex.org/snapshot/panlex-20191001-csv/5939#80708889>				<https://panlex.org/snapshot/panlex-20191001-csv/5939#80708851>		"Afganistana"@mg	
"oygust"@ydd	<https://panlex.org/snapshot/panlex-20191001-csv/5939#80734681>				<https://panlex.org/snapshot/panlex-20191001-csv/5939#80734627>		"agositra"@mg	
"pʻbrwʼr"@ydd	<https://panlex.org/snapshot/panlex-20191001-csv/5939#80811348>				<https://panlex.org/snapshot/panlex-20191001-csv/5939#80811278>		"febroary"@mg	
"Azye"@ydd	<https://panlex.org/snapshot/panlex-20191001-csv/5939#80730017>				<https://panlex.org/snapshot/panlex-20191001-csv/5939#80729974>		"Azia"@mg	
"dinstik"@ydd	<https://panlex.org/snapshot/panlex-20191001-csv/5939#80784089>				<https://panlex.org/snapshot/panlex-20191001-csv/5939#80784048>		"talata"@mg	
"aptejk"@ydd	<https://panlex.org/snapshot/panlex-20191001-csv/5939#80724800>				<https://panlex.org/snapshot/panlex-20191001-csv/5939#80724759>		"famoaham-panafody"@mg	
"aptejk"@ydd	<https://panlex.org/snapshot/panlex-20191001-csv/5939#80724800>				<https://panlex.org/snapshot/panlex-20191001-csv/5939#80724758>		"fivarotam-panafody"@mg	
"detsember"@ydd	<https://panlex.org/snapshot/panlex-20191001-csv/5939#80783013>				<https://panlex.org/snapshot/panlex-20191001-csv/5939#80782979>		"desambra"@mg	
"Frankrjak"@ydd	<https://panlex.org/snapshot/panlex-20191001-csv/5939#80821082>				<https://panlex.org/snapshot/panlex-20191001-csv/5939#80821043>		"Frantsa"@mg	
"אַנדאָראַ"@ydd	<https://panlex.org/snapshot/panlex-20191001-csv/5939#80718610>				<https://panlex.org/snapshot/panlex-20191001-csv/5939#80718565>		"Andora"@mg	
"english"@ydd	<https://panlex.org/snapshot/panlex-20191001-csv/5939#80799785>				<https://panlex.org/snapshot/panlex-20191001-csv/5939#80799729>		"anglisy"@mg	
"שפּיגל"@ydd	<https://panlex.org/snapshot/panlex-20191001-csv/5946#84446357>				<https://panlex.org/snapshot/panlex-20191001-csv/5946#84446258>		"fitaratra"@mg	
"שאָטן"@ydd	<https://panlex.org/snapshot/panlex-20191001-csv/5946#84447116>				<https://panlex.org/snapshot/panlex-20191001-csv/5946#84447069>		"àloka"@mg	
"ביבל"@ydd	<https://panlex.org/snapshot/panlex-20191001-csv/5949#85302828>				<https://panlex.org/snapshot/panlex-20191001-csv/5949#85302738>		"Baiboly"@mg	
"זון"@ydd	<https://panlex.org/snapshot/panlex-20191001-csv/5949#85321018>				<https://panlex.org/snapshot/panlex-20191001-csv/5949#85320952>		"Masoandro"@mg	
"פֿראַנקרײַך"@ydd	<https://panlex.org/snapshot/panlex-20191001-csv/5949#85323702>				<https://panlex.org/snapshot/panlex-20191001-csv/5949#85323627>		"Frantsa"@mg	
"אייראָפּע"@ydd	<https://panlex.org/snapshot/panlex-20191001-csv/5949#85308670>				<https://panlex.org/snapshot/panlex-20191001-csv/5949#85308591>		"Eoropa"@mg	
"בוס"@ydd	<https://panlex.org/snapshot/panlex-20191001-csv/5949#85330589>				<https://panlex.org/snapshot/panlex-20191001-csv/5949#85330540>		"fiara fitaterana"@mg	
"סינגאפור"@ydd	<https://panlex.org/snapshot/panlex-20191001-csv/5949#85320615>				<https://panlex.org/snapshot/panlex-20191001-csv/5949#85320551>		"Singapaoro"@mg	
"אױסטראַליע"@ydd	<https://panlex.org/snapshot/panlex-20191001-csv/5949#85298254>				<https://panlex.org/snapshot/panlex-20191001-csv/5949#85298183>		"Aostralia"@mg	
"ריגע"@ydd	<https://panlex.org/snapshot/panlex-20191001-csv/5949#85319281>				<https://panlex.org/snapshot/panlex-20191001-csv/5949#85319235>		"Riga"@mg	
"אדמיראל"@ydd	<https://panlex.org/snapshot/panlex-20191001-csv/5949#85333736>				<https://panlex.org/snapshot/panlex-20191001-csv/5949#85333707>		"amiraly"@mg	
"בערלין"@ydd	<https://panlex.org/snapshot/panlex-20191001-csv/5949#85302564>				<https://panlex.org/snapshot/panlex-20191001-csv/5949#85302485>		"Berlin"@mg	
"לעטלאנד"@ydd	<https://panlex.org/snapshot/panlex-20191001-csv/5949#85314406>				<https://panlex.org/snapshot/panlex-20191001-csv/5949#85314332>		"Latvia"@mg	
"אפריקע"@ydd	<https://panlex.org/snapshot/panlex-20191001-csv/5949#85300998>				<https://panlex.org/snapshot/panlex-20191001-csv/5949#85300972>		"Afrika"@mg	
"פינלאנד"@ydd	<https://panlex.org/snapshot/panlex-20191001-csv/5949#85323274>				<https://panlex.org/snapshot/panlex-20191001-csv/5949#85323219>		"Finlandy"@mg	
"שאָטלאַנד"@ydd	<https://panlex.org/snapshot/panlex-20191001-csv/5949#85325330>				<https://panlex.org/snapshot/panlex-20191001-csv/5949#85325275>		"Ekôsy"@mg	
"אױגוסט"@ydd	<https://panlex.org/snapshot/panlex-20191001-csv/5949#85329552>				<https://panlex.org/snapshot/panlex-20191001-csv/5949#85329435>		"aogositra"@mg	
"רוסלאַנד"@ydd	<https://panlex.org/snapshot/panlex-20191001-csv/5949#85319643>				<https://panlex.org/snapshot/panlex-20191001-csv/5949#85319537>		"Rosia"@mg	
"בייזשינג"@ydd	<https://panlex.org/snapshot/panlex-20191001-csv/5949#85318077>				<https://panlex.org/snapshot/panlex-20191001-csv/5949#85318017>		"Beijing"@mg	
"היסטאריע"@ydd	<https://panlex.org/snapshot/panlex-20191001-csv/5942#83282347>				<https://panlex.org/snapshot/panlex-20191001-csv/5942#83282290>		"tantara"@mg	
"װיסנשאַפֿט"@ydd	<https://panlex.org/snapshot/panlex-20191001-csv/2904#111024210>				<https://panlex.org/snapshot/panlex-20191001-csv/2904#111024269>		"fahalalana"@mg	
"פֿילאָסאָפֿיע"@ydd	<https://panlex.org/snapshot/panlex-20191001-csv/2904#111023950>				<https://panlex.org/snapshot/panlex-20191001-csv/2904#111023884>		"filozofy"@mg	
"געאָגראַפֿיע"@ydd	<https://panlex.org/snapshot/panlex-20191001-csv/2904#111022765>				<https://panlex.org/snapshot/panlex-20191001-csv/2904#111022758>		"jeografia"@mg	
"מאַטעמאַטיק"@ydd	<https://panlex.org/snapshot/panlex-20191001-csv/2904#111023346>				<https://panlex.org/snapshot/panlex-20191001-csv/2904#111023493>		"kajy"@mg	
"אוניװערסיטעט"@ydd	<https://panlex.org/snapshot/panlex-20191001-csv/2904#111024444>				<https://panlex.org/snapshot/panlex-20191001-csv/2904#111024436>		"oniversite"@mg	
"געשיכטע"@ydd	<https://panlex.org/snapshot/panlex-20191001-csv/2904#111023043>				<https://panlex.org/snapshot/panlex-20191001-csv/2904#111022878>		"tantara"@mg	
"צפֿון פּאָלוס"@ydd	<https://panlex.org/snapshot/panlex-20191001-csv/2910#110854688>				<https://panlex.org/snapshot/panlex-20191001-csv/2910#110854575>		"Tendrontany Avaratra"@mg	
"עקװאַטאָר"@ydd	<https://panlex.org/snapshot/panlex-20191001-csv/2910#110855157>				<https://panlex.org/snapshot/panlex-20191001-csv/2910#110855186>		"Fehibe"@mg	
"עקװאַטאָר"@ydd	<https://panlex.org/snapshot/panlex-20191001-csv/2910#110855157>				<https://panlex.org/snapshot/panlex-20191001-csv/2910#110855046>		"Ekoatera"@mg	
"דרום פּאָלוס"@ydd	<https://panlex.org/snapshot/panlex-20191001-csv/2910#110855586>				<https://panlex.org/snapshot/panlex-20191001-csv/2910#110855597>		"Tendrontany Atsimo"@mg	
"פרידן"@ydd	<https://panlex.org/snapshot/panlex-20191001-csv/2902#111011975>				<https://panlex.org/snapshot/panlex-20191001-csv/2902#111012213>		"fiadanana"@mg	
"שלום"@ydd	<https://panlex.org/snapshot/panlex-20191001-csv/2902#111012327>				<https://panlex.org/snapshot/panlex-20191001-csv/2902#111012213>		"fiadanana"@mg	
"װײַסע ים"@ydd	<https://panlex.org/snapshot/panlex-20191001-csv/2905#110871433>				<https://panlex.org/snapshot/panlex-20191001-csv/2905#110871411>		"Ranomasina Fotsy"@mg	
"רויטע ים"@ydd	<https://panlex.org/snapshot/panlex-20191001-csv/2905#110871024>				<https://panlex.org/snapshot/panlex-20191001-csv/2905#110870993>		"Ranomasina Mena"@mg	
"באַלטישע ים"@ydd	<https://panlex.org/snapshot/panlex-20191001-csv/2905#110868639>				<https://panlex.org/snapshot/panlex-20191001-csv/2905#110868750>		"Ranomasina Baltika"@mg	
"שװאַרצע ים"@ydd	<https://panlex.org/snapshot/panlex-20191001-csv/2905#110869073>				<https://panlex.org/snapshot/panlex-20191001-csv/2905#110869087>		"Ranomasina Mainty"@mg	
"מיטלענדישע ים"@ydd	<https://panlex.org/snapshot/panlex-20191001-csv/2905#110870291>				<https://panlex.org/snapshot/panlex-20191001-csv/2905#110870421>		"Ranomasina Mediteranea"@mg	
"ים־סוף"@ydd	<https://panlex.org/snapshot/panlex-20191001-csv/2905#110870988>				<https://panlex.org/snapshot/panlex-20191001-csv/2905#110870993>		"Ranomasina Mena"@mg	
"צפֿון־ים"@ydd	<https://panlex.org/snapshot/panlex-20191001-csv/2905#110870656>				<https://panlex.org/snapshot/panlex-20191001-csv/2905#110870555>		"Ranomasina Avaratra"@mg	
"שװאַרצע לאָך"@ydd	<https://panlex.org/snapshot/panlex-20191001-csv/2907#110849614>				<https://panlex.org/snapshot/panlex-20191001-csv/2907#110849622>		"lavaka mainty"@mg	
"קאָמעט"@ydd	<https://panlex.org/snapshot/panlex-20191001-csv/2907#110849250>				<https://panlex.org/snapshot/panlex-20191001-csv/2907#110849255>		"komety"@mg	
"דרום־אָקעאַן"@ydd	<https://panlex.org/snapshot/panlex-20191001-csv/2901#110868363>				<https://panlex.org/snapshot/panlex-20191001-csv/2901#110868436>		"Ranomasimbe Antartika"@mg	
"פּאַציפֿישע אָקעאַן"@ydd	<https://panlex.org/snapshot/panlex-20191001-csv/2901#110867929>				<https://panlex.org/snapshot/panlex-20191001-csv/2901#110867889>		"Ranomasimbe Pasifika"@mg	
"אַטלאַנטיק"@ydd	<https://panlex.org/snapshot/panlex-20191001-csv/2901#110867597>				<https://panlex.org/snapshot/panlex-20191001-csv/2901#110867514>		"Ranomasimbe Atlantika"@mg	
"אַנטאַרקטישע אָקעאַן"@ydd	<https://panlex.org/snapshot/panlex-20191001-csv/2901#110868204>				<https://panlex.org/snapshot/panlex-20191001-csv/2901#110868436>		"Ranomasimbe Antartika"@mg	
"פּאַציפֿיק"@ydd	<https://panlex.org/snapshot/panlex-20191001-csv/2901#110867931>				<https://panlex.org/snapshot/panlex-20191001-csv/2901#110867889>		"Ranomasimbe Pasifika"@mg	
"אַרקטישע אָקעאַן"@ydd	<https://panlex.org/snapshot/panlex-20191001-csv/2901#110867183>				<https://panlex.org/snapshot/panlex-20191001-csv/2901#110867334>		"Ranomasimbe Artika"@mg	
"אַטלאַנטישע אָקעאַן"@ydd	<https://panlex.org/snapshot/panlex-20191001-csv/2901#110867452>				<https://panlex.org/snapshot/panlex-20191001-csv/2901#110867514>		"Ranomasimbe Atlantika"@mg	
"אײַז־ים"@ydd	<https://panlex.org/snapshot/panlex-20191001-csv/2901#110867129>				<https://panlex.org/snapshot/panlex-20191001-csv/2901#110867334>		"Ranomasimbe Artika"@mg	
"אינדישע אָקעאַן"@ydd	<https://panlex.org/snapshot/panlex-20191001-csv/2901#110867783>				<https://panlex.org/snapshot/panlex-20191001-csv/2901#110867646>		"Ranomasimbe Indiana"@mg	
"אַדם און חוה"@ydd	<https://panlex.org/snapshot/panlex-20191001-csv/2906#111019149>				<https://panlex.org/snapshot/panlex-20191001-csv/2906#111019150>		"i Adama sy i Eva"@mg	
"אַפֿריקאַנישע פֿאַרבאַנד"@ydd	<https://panlex.org/snapshot/panlex-20191001-csv/2894#111099605>				<https://panlex.org/snapshot/panlex-20191001-csv/2894#111099468>		"Firaisana Afrikanina"@mg	
"אײראָפּעישע פֿאַרבאַנד"@ydd	<https://panlex.org/snapshot/panlex-20191001-csv/2894#111100218>				<https://panlex.org/snapshot/panlex-20191001-csv/2894#111100332>		"Firaisana Eorôpeanina"@mg	
"פֿאַראײניקטע נאַציעס"@ydd	<https://panlex.org/snapshot/panlex-20191001-csv/2894#111101960>				<https://panlex.org/snapshot/panlex-20191001-csv/2894#111102094>		"Firenena Mikambana"@mg	
"פֿאַראײניקטע נאַציעס"@ydd	<https://panlex.org/snapshot/panlex-20191001-csv/2894#111101960>				<https://panlex.org/snapshot/panlex-20191001-csv/2894#111102097>		"ONU"@mg	
"דאָנערשטיק"@ydd	<https://panlex.org/snapshot/panlex-20191001-csv/2892#110825274>				<https://panlex.org/snapshot/panlex-20191001-csv/2892#110825361>		"alakamisy"@mg	
"דינסטיק"@ydd	<https://panlex.org/snapshot/panlex-20191001-csv/2892#110824446>				<https://panlex.org/snapshot/panlex-20191001-csv/2892#110824664>		"talata"@mg	
"זונטיק"@ydd	<https://panlex.org/snapshot/panlex-20191001-csv/2892#110826954>				<https://panlex.org/snapshot/panlex-20191001-csv/2892#110826861>		"alahady"@mg	
"שבת"@ydd	<https://panlex.org/snapshot/panlex-20191001-csv/2892#110826261>				<https://panlex.org/snapshot/panlex-20191001-csv/2892#110826211>		"asabotsy"@mg	
"פֿרײַטיק"@ydd	<https://panlex.org/snapshot/panlex-20191001-csv/2892#110825890>				<https://panlex.org/snapshot/panlex-20191001-csv/2892#110825936>		"zoma"@mg	
"מיטװאָך"@ydd	<https://panlex.org/snapshot/panlex-20191001-csv/2892#110825238>				<https://panlex.org/snapshot/panlex-20191001-csv/2892#110825130>		"alarobia"@mg	
"מאָנטיק"@ydd	<https://panlex.org/snapshot/panlex-20191001-csv/2892#110824404>				<https://panlex.org/snapshot/panlex-20191001-csv/2892#110824047>		"alatsinainy"@mg	
"טבֿת"@ydd	<https://panlex.org/snapshot/panlex-20191001-csv/2898#110834364>				<https://panlex.org/snapshot/panlex-20191001-csv/2898#110834350>		"tebeta"@mg	
"חשװן"@ydd	<https://panlex.org/snapshot/panlex-20191001-csv/2898#110834194>				<https://panlex.org/snapshot/panlex-20191001-csv/2898#110834184>		"hesvana"@mg	
"חשװן"@ydd	<https://panlex.org/snapshot/panlex-20191001-csv/2898#110834194>				<https://panlex.org/snapshot/panlex-20191001-csv/2898#110834177>		"marhesvana"@mg	
"אָדר"@ydd	<https://panlex.org/snapshot/panlex-20191001-csv/2898#110834453>				<https://panlex.org/snapshot/panlex-20191001-csv/2898#110834484>		"adara"@mg	
"ניסן"@ydd	<https://panlex.org/snapshot/panlex-20191001-csv/2898#110833677>				<https://panlex.org/snapshot/panlex-20191001-csv/2898#110833714>		"nisana"@mg	
"תּישרי"@ydd	<https://panlex.org/snapshot/panlex-20191001-csv/2898#110834093>				<https://panlex.org/snapshot/panlex-20191001-csv/2898#110834070>		"tisry"@mg	
"אייר"@ydd	<https://panlex.org/snapshot/panlex-20191001-csv/2898#110833786>				<https://panlex.org/snapshot/panlex-20191001-csv/2898#110833797>		"iara"@mg	
"תּמוז"@ydd	<https://panlex.org/snapshot/panlex-20191001-csv/2898#110833895>				<https://panlex.org/snapshot/panlex-20191001-csv/2898#110833880>		"tamoza"@mg	
"אלול"@ydd	<https://panlex.org/snapshot/panlex-20191001-csv/2898#110833998>				<https://panlex.org/snapshot/panlex-20191001-csv/2898#110834049>		"elola"@mg	
"אָבֿ"@ydd	<https://panlex.org/snapshot/panlex-20191001-csv/2898#110833936>				<https://panlex.org/snapshot/panlex-20191001-csv/2898#110833941>		"aba"@mg	
"שבֿט"@ydd	<https://panlex.org/snapshot/panlex-20191001-csv/2898#110834390>				<https://panlex.org/snapshot/panlex-20191001-csv/2898#110834425>		"sebata"@mg	
"כּיסלו"@ydd	<https://panlex.org/snapshot/panlex-20191001-csv/2898#110834254>				<https://panlex.org/snapshot/panlex-20191001-csv/2898#110834267>		"kisleva"@mg	
"כּיסלו"@ydd	<https://panlex.org/snapshot/panlex-20191001-csv/2898#110834254>				<https://panlex.org/snapshot/panlex-20191001-csv/2898#110834244>		"kisleo"@mg	
"סיװן"@ydd	<https://panlex.org/snapshot/panlex-20191001-csv/2898#110833839>				<https://panlex.org/snapshot/panlex-20191001-csv/2898#110833855>		"sivana"@mg	
"אַפּריל"@ydd	<https://panlex.org/snapshot/panlex-20191001-csv/2897#110828560>				<https://panlex.org/snapshot/panlex-20191001-csv/2897#110828503>		"aprily"@mg	
"אָקטאָבער"@ydd	<https://panlex.org/snapshot/panlex-20191001-csv/2897#110830945>				<https://panlex.org/snapshot/panlex-20191001-csv/2897#110830877>		"ôktôbra"@mg	
"אױגוסט"@ydd	<https://panlex.org/snapshot/panlex-20191001-csv/2897#110830064>				<https://panlex.org/snapshot/panlex-20191001-csv/2897#110830194>		"aogositra"@mg	
"דעצעמבער"@ydd	<https://panlex.org/snapshot/panlex-20191001-csv/2897#110831844>				<https://panlex.org/snapshot/panlex-20191001-csv/2897#110831558>		"desambra"@mg	
"נאָװעמבער"@ydd	<https://panlex.org/snapshot/panlex-20191001-csv/2897#110831518>				<https://panlex.org/snapshot/panlex-20191001-csv/2897#110831472>		"nôvambra"@mg	
"יאַנואַר"@ydd	<https://panlex.org/snapshot/panlex-20191001-csv/2897#110827077>				<https://panlex.org/snapshot/panlex-20191001-csv/2897#110827295>		"janoary"@mg	
"יוני"@ydd	<https://panlex.org/snapshot/panlex-20191001-csv/2897#110829073>				<https://panlex.org/snapshot/panlex-20191001-csv/2897#110829114>		"jiona"@mg	
"מערץ"@ydd	<https://panlex.org/snapshot/panlex-20191001-csv/2897#110827936>				<https://panlex.org/snapshot/panlex-20191001-csv/2897#110827957>		"martsa"@mg	
"יולי"@ydd	<https://panlex.org/snapshot/panlex-20191001-csv/2897#110829497>				<https://panlex.org/snapshot/panlex-20191001-csv/2897#110829593>		"jolay"@mg	
"סעפּטעמבער"@ydd	<https://panlex.org/snapshot/panlex-20191001-csv/2897#110830365>				<https://panlex.org/snapshot/panlex-20191001-csv/2897#110830674>		"septambra"@mg	
"פֿעברואַר"@ydd	<https://panlex.org/snapshot/panlex-20191001-csv/2897#110827699>				<https://panlex.org/snapshot/panlex-20191001-csv/2897#110827561>		"febroary"@mg	
"מײַ"@ydd	<https://panlex.org/snapshot/panlex-20191001-csv/2897#110828691>				<https://panlex.org/snapshot/panlex-20191001-csv/2897#110828686>		"mey"@mg	
"אָקעאַניע"@ydd	<https://panlex.org/snapshot/panlex-20191001-csv/2891#110854363>				<https://panlex.org/snapshot/panlex-20191001-csv/2891#110854426>		"Ôseania"@mg	
"אַזיע"@ydd	<https://panlex.org/snapshot/panlex-20191001-csv/2891#110853901>				<https://panlex.org/snapshot/panlex-20191001-csv/2891#110853801>		"Azia"@mg	
"אַפֿריקע"@ydd	<https://panlex.org/snapshot/panlex-20191001-csv/2891#110853161>				<https://panlex.org/snapshot/panlex-20191001-csv/2891#110853185>		"Afrika"@mg	
"אַמעריקע"@ydd	<https://panlex.org/snapshot/panlex-20191001-csv/2891#110853402>				<https://panlex.org/snapshot/panlex-20191001-csv/2891#110853459>		"Amerika"@mg	
"אײראָפּע"@ydd	<https://panlex.org/snapshot/panlex-20191001-csv/2891#110854192>				<https://panlex.org/snapshot/panlex-20191001-csv/2891#110854037>		"Eorôpa"@mg	
"אַנטאַרקטיקע"@ydd	<https://panlex.org/snapshot/panlex-20191001-csv/2891#110853556>				<https://panlex.org/snapshot/panlex-20191001-csv/2891#110853547>		"Antartika"@mg	
