"Emetab Vietnam"@kln	<https://panlex.org/snapshot/panlex-20191001-csv/6898#113623644>				<https://panlex.org/snapshot/panlex-20191001-csv/6898#113623650>		"ویتنام"@bgn	
"Emetab Malaysia"@kln	<https://panlex.org/snapshot/panlex-20191001-csv/6898#113584723>				<https://panlex.org/snapshot/panlex-20191001-csv/6898#113584640>		"مالیزیا"@bgn	
"Emetab Bermuda"@kln	<https://panlex.org/snapshot/panlex-20191001-csv/6898#113607394>				<https://panlex.org/snapshot/panlex-20191001-csv/6898#113607407>		"بیرمودا"@bgn	
"Emetab Cyprus"@kln	<https://panlex.org/snapshot/panlex-20191001-csv/6898#113631786>				<https://panlex.org/snapshot/panlex-20191001-csv/6898#113631819>		"قبرس"@bgn	
"Emetab Italy"@kln	<https://panlex.org/snapshot/panlex-20191001-csv/6898#113587915>				<https://panlex.org/snapshot/panlex-20191001-csv/6898#113587932>		"ایتالیه"@bgn	
"Emetab Tunisia"@kln	<https://panlex.org/snapshot/panlex-20191001-csv/6898#113606542>				<https://panlex.org/snapshot/panlex-20191001-csv/6898#113606491>		"ٹونیس"@bgn	
"Emetab Guinea"@kln	<https://panlex.org/snapshot/panlex-20191001-csv/6898#113617796>				<https://panlex.org/snapshot/panlex-20191001-csv/6898#113617853>		"گوینیا"@bgn	
"Emetab Bahrain"@kln	<https://panlex.org/snapshot/panlex-20191001-csv/6898#113596073>				<https://panlex.org/snapshot/panlex-20191001-csv/6898#113596111>		"بحرین"@bgn	
"Emetab Anguilla"@kln	<https://panlex.org/snapshot/panlex-20191001-csv/6898#113587486>				<https://panlex.org/snapshot/panlex-20191001-csv/6898#113587459>		"انگویلا"@bgn	
"Emetab Kenya"@kln	<https://panlex.org/snapshot/panlex-20191001-csv/6898#113594034>				<https://panlex.org/snapshot/panlex-20191001-csv/6898#113594049>		"کینیا"@bgn	
"Emetab Canada"@kln	<https://panlex.org/snapshot/panlex-20191001-csv/6898#113595790>				<https://panlex.org/snapshot/panlex-20191001-csv/6898#113595894>		"کاناڈا"@bgn	
"Emetab Cambodia"@kln	<https://panlex.org/snapshot/panlex-20191001-csv/6898#113591775>				<https://panlex.org/snapshot/panlex-20191001-csv/6898#113591911>		"کمبودیا"@bgn	
"Emetab Bolivia"@kln	<https://panlex.org/snapshot/panlex-20191001-csv/6898#113609586>				<https://panlex.org/snapshot/panlex-20191001-csv/6898#113609717>		"بولیویه"@bgn	
"Emetab France"@kln	<https://panlex.org/snapshot/panlex-20191001-csv/6898#113617896>				<https://panlex.org/snapshot/panlex-20191001-csv/6898#113618009>		"فرانسه"@bgn	
"Emetab Burundi"@kln	<https://panlex.org/snapshot/panlex-20191001-csv/6898#113626767>				<https://panlex.org/snapshot/panlex-20191001-csv/6898#113626803>		"بروندی"@bgn	
"Emetab Kyrgyzstan"@kln	<https://panlex.org/snapshot/panlex-20191001-csv/6898#113627276>				<https://panlex.org/snapshot/panlex-20191001-csv/6898#113627284>		"قیرغیزستان"@bgn	
"Emetab Tanzania"@kln	<https://panlex.org/snapshot/panlex-20191001-csv/6898#113627849>				<https://panlex.org/snapshot/panlex-20191001-csv/6898#113627846>		"تانزانیا"@bgn	
"Emetab Chad"@kln	<https://panlex.org/snapshot/panlex-20191001-csv/6898#113643242>				<https://panlex.org/snapshot/panlex-20191001-csv/6898#113643301>		"چاد"@bgn	
"Emetab Nigeria"@kln	<https://panlex.org/snapshot/panlex-20191001-csv/6898#113624056>				<https://panlex.org/snapshot/panlex-20191001-csv/6898#113624026>		"نایجیریا"@bgn	
"Emetab Uzibekistani"@kln	<https://panlex.org/snapshot/panlex-20191001-csv/6898#113637168>				<https://panlex.org/snapshot/panlex-20191001-csv/6898#113637178>		"اوزبکیستان"@bgn	
"Emetab Syria"@kln	<https://panlex.org/snapshot/panlex-20191001-csv/6898#113598553>				<https://panlex.org/snapshot/panlex-20191001-csv/6898#113598629>		"سوریه"@bgn	
"Emetab Laos"@kln	<https://panlex.org/snapshot/panlex-20191001-csv/6898#113619163>				<https://panlex.org/snapshot/panlex-20191001-csv/6898#113619159>		"لاوس"@bgn	
"Emetab Panama"@kln	<https://panlex.org/snapshot/panlex-20191001-csv/6898#113605985>				<https://panlex.org/snapshot/panlex-20191001-csv/6898#113606047>		"پانامه"@bgn	
"Emetab Rwanda"@kln	<https://panlex.org/snapshot/panlex-20191001-csv/6898#113625450>				<https://panlex.org/snapshot/panlex-20191001-csv/6898#113625478>		"روندا"@bgn	
"Emetab Mexico"@kln	<https://panlex.org/snapshot/panlex-20191001-csv/6898#113628458>				<https://panlex.org/snapshot/panlex-20191001-csv/6898#113628434>		"مکسیکو"@bgn	
"Emetab Hungary"@kln	<https://panlex.org/snapshot/panlex-20191001-csv/6898#113625061>				<https://panlex.org/snapshot/panlex-20191001-csv/6898#113625054>		"هنگری"@bgn	
"Emetab Oman"@kln	<https://panlex.org/snapshot/panlex-20191001-csv/6898#113622539>				<https://panlex.org/snapshot/panlex-20191001-csv/6898#113622558>		"ئومان"@bgn	
"Emetab Ecuador"@kln	<https://panlex.org/snapshot/panlex-20191001-csv/6898#113611069>				<https://panlex.org/snapshot/panlex-20191001-csv/6898#113610967>		"اکوادور"@bgn	
"Emetab China"@kln	<https://panlex.org/snapshot/panlex-20191001-csv/6898#113614097>				<https://panlex.org/snapshot/panlex-20191001-csv/6898#113613949>		"چین"@bgn	
"Emetab Portugal"@kln	<https://panlex.org/snapshot/panlex-20191001-csv/6898#113628603>				<https://panlex.org/snapshot/panlex-20191001-csv/6898#113628683>		"پورتگال"@bgn	
"Emetab Kazakhstan"@kln	<https://panlex.org/snapshot/panlex-20191001-csv/6898#113591051>				<https://panlex.org/snapshot/panlex-20191001-csv/6898#113590931>		"قزاقستان"@bgn	
"Emetab Senegal"@kln	<https://panlex.org/snapshot/panlex-20191001-csv/6898#113591268>				<https://panlex.org/snapshot/panlex-20191001-csv/6898#113591258>		"سینیگال"@bgn	
"Emetab Morocco"@kln	<https://panlex.org/snapshot/panlex-20191001-csv/6898#113636023>				<https://panlex.org/snapshot/panlex-20191001-csv/6898#113635927>		"مراکو"@bgn	
"Emetab Guyana"@kln	<https://panlex.org/snapshot/panlex-20191001-csv/6898#113628004>				<https://panlex.org/snapshot/panlex-20191001-csv/6898#113628165>		"گویانا"@bgn	
"Emetab Madagascar"@kln	<https://panlex.org/snapshot/panlex-20191001-csv/6898#113589911>				<https://panlex.org/snapshot/panlex-20191001-csv/6898#113590016>		"ماداگاسکار"@bgn	
