"Emetab Italy"@kln	<https://panlex.org/snapshot/panlex-20191001-csv/6898#113587915>				<https://panlex.org/snapshot/panlex-20191001-csv/6898#113587869>		"ئیتالیا"@lrc	
"Emetab France"@kln	<https://panlex.org/snapshot/panlex-20191001-csv/6898#113617896>				<https://panlex.org/snapshot/panlex-20191001-csv/6898#113618076>		"فأرانسە"@lrc	
"Emetab Kibagenge nebo Uingereza"@kln	<https://panlex.org/snapshot/panlex-20191001-csv/6898#113592426>				<https://panlex.org/snapshot/panlex-20191001-csv/6898#113592507>		"بیریتانیا گأپ"@lrc	
"Emetab China"@kln	<https://panlex.org/snapshot/panlex-20191001-csv/6898#113614097>				<https://panlex.org/snapshot/panlex-20191001-csv/6898#113614049>		"چین"@lrc	
"Emetab India"@kln	<https://panlex.org/snapshot/panlex-20191001-csv/6898#113616846>				<https://panlex.org/snapshot/panlex-20191001-csv/6898#113616975>		"ھئن"@lrc	
