"sus"@bzq	<https://panlex.org/snapshot/panlex-20191001-csv/114#8060372>				<https://panlex.org/snapshot/panlex-20191001-csv/114#8060731>		"saduë"@sne	
"pipasā"@bzq	<https://panlex.org/snapshot/panlex-20191001-csv/114#8056850>				<https://panlex.org/snapshot/panlex-20191001-csv/114#8057137>		"abux"@sne	
"pipasā"@bzq	<https://panlex.org/snapshot/panlex-20191001-csv/114#8056850>				<https://panlex.org/snapshot/panlex-20191001-csv/114#8057138>		"sapok"@sne	
"fico"@bzq	<https://panlex.org/snapshot/panlex-20191001-csv/114#8053185>				<https://panlex.org/snapshot/panlex-20191001-csv/114#8053542>		"pĕun"@sne	
"papleo"@bzq	<https://panlex.org/snapshot/panlex-20191001-csv/114#8067675>				<https://panlex.org/snapshot/panlex-20191001-csv/114#8067994>		"jorah"@sne	
"balit"@bzq	<https://panlex.org/snapshot/panlex-20191001-csv/114#8052252>				<https://panlex.org/snapshot/panlex-20191001-csv/114#8052542>		"bait"@sne	
"amolol"@bzq	<https://panlex.org/snapshot/panlex-20191001-csv/114#8055329>				<https://panlex.org/snapshot/panlex-20191001-csv/114#8055644>		"kus"@sne	
"laliŋ"@bzq	<https://panlex.org/snapshot/panlex-20191001-csv/114#8054332>				<https://panlex.org/snapshot/panlex-20191001-csv/114#8054637>		"aran"@sne	
"làfa"@bzq	<https://panlex.org/snapshot/panlex-20191001-csv/114#8054821>				<https://panlex.org/snapshot/panlex-20191001-csv/114#8055144>		"nug"@sne	
"loŋ"@bzq	<https://panlex.org/snapshot/panlex-20191001-csv/114#8058897>				<https://panlex.org/snapshot/panlex-20191001-csv/114#8059211>		"turaŋ"@sne	
"fatan"@bzq	<https://panlex.org/snapshot/panlex-20191001-csv/114#8066078>				<https://panlex.org/snapshot/panlex-20191001-csv/114#8066388>		"koduk"@sne	
