"sus"@bzq	<https://panlex.org/snapshot/panlex-20191001-csv/114#8060372>				<https://panlex.org/snapshot/panlex-20191001-csv/114#8060307>		"ji"@ane	
"hñai walwalo"@bzq	<https://panlex.org/snapshot/panlex-20191001-csv/114#8059395>				<https://panlex.org/snapshot/panlex-20191001-csv/114#8059349>		"kwã"@ane	
"pipasā"@bzq	<https://panlex.org/snapshot/panlex-20191001-csv/114#8056850>				<https://panlex.org/snapshot/panlex-20191001-csv/114#8056800>		"purɛu"@ane	
"fico"@bzq	<https://panlex.org/snapshot/panlex-20191001-csv/114#8053185>				<https://panlex.org/snapshot/panlex-20191001-csv/114#8053126>		"pa"@ane	
"papleo"@bzq	<https://panlex.org/snapshot/panlex-20191001-csv/114#8067675>				<https://panlex.org/snapshot/panlex-20191001-csv/114#8067620>		"kurumɛ"@ane	
"balit"@bzq	<https://panlex.org/snapshot/panlex-20191001-csv/114#8052252>				<https://panlex.org/snapshot/panlex-20191001-csv/114#8052200>		"çɛdɛyaa"@ane	
"amolol"@bzq	<https://panlex.org/snapshot/panlex-20191001-csv/114#8055329>				<https://panlex.org/snapshot/panlex-20191001-csv/114#8055278>		"šɛpwĩrĩ"@ane	
"laliŋ"@bzq	<https://panlex.org/snapshot/panlex-20191001-csv/114#8054332>				<https://panlex.org/snapshot/panlex-20191001-csv/114#8054284>		"xwãĨ"@ane	
"làfa"@bzq	<https://panlex.org/snapshot/panlex-20191001-csv/114#8054821>				<https://panlex.org/snapshot/panlex-20191001-csv/114#8054774>		"mɛ̃"@ane	
"loŋ"@bzq	<https://panlex.org/snapshot/panlex-20191001-csv/114#8058897>				<https://panlex.org/snapshot/panlex-20191001-csv/114#8058845>		"ñɪ"@ane	
"fatan"@bzq	<https://panlex.org/snapshot/panlex-20191001-csv/114#8066078>				<https://panlex.org/snapshot/panlex-20191001-csv/114#8066025>		"bu"@ane	
