"umalam"@tao	<https://panlex.org/snapshot/panlex-20191001-csv/114#8054160>				<https://panlex.org/snapshot/panlex-20191001-csv/114#8054004>		"bigkat"@mta	
"angno"@tao	<https://panlex.org/snapshot/panlex-20191001-csv/114#8066415>				<https://panlex.org/snapshot/panlex-20191001-csv/114#8066286>		"hadɨk"@mta	
"umininawáʔ"@tao	<https://panlex.org/snapshot/panlex-20191001-csv/114#8065933>				<https://panlex.org/snapshot/panlex-20191001-csv/114#8065814>		"ginawa"@mta	
"cinai"@tao	<https://panlex.org/snapshot/panlex-20191001-csv/114#8059710>				<https://panlex.org/snapshot/panlex-20191001-csv/114#8059588>		"tagakɨn"@mta	
"ŋuṣuʔ"@tao	<https://panlex.org/snapshot/panlex-20191001-csv/114#8066954>				<https://panlex.org/snapshot/panlex-20191001-csv/114#8066805>		"qɨbaq"@mta	
"kátenngan"@tao	<https://panlex.org/snapshot/panlex-20191001-csv/114#8061806>				<https://panlex.org/snapshot/panlex-20191001-csv/114#8061663>		"kilayam"@mta	
"likod"@tao	<https://panlex.org/snapshot/panlex-20191001-csv/114#8058169>				<https://panlex.org/snapshot/panlex-20191001-csv/114#8058038>		"qiyug"@mta	
"ŋəpə́n"@tao	<https://panlex.org/snapshot/panlex-20191001-csv/114#8067506>				<https://panlex.org/snapshot/panlex-20191001-csv/114#8067364>		"ngipin"@mta	
"momosa"@tao	<https://panlex.org/snapshot/panlex-20191001-csv/114#8065474>				<https://panlex.org/snapshot/panlex-20191001-csv/114#8065335>		"qidung"@mta	
"katəŋán"@tao	<https://panlex.org/snapshot/panlex-20191001-csv/114#8061805>				<https://panlex.org/snapshot/panlex-20191001-csv/114#8061663>		"kilayam"@mta	
"milwawát"@tao	<https://panlex.org/snapshot/panlex-20191001-csv/114#8056181>				<https://panlex.org/snapshot/panlex-20191001-csv/114#8056037>		"kahung"@mta	
"omalam"@tao	<https://panlex.org/snapshot/panlex-20191001-csv/114#8054159>				<https://panlex.org/snapshot/panlex-20191001-csv/114#8054004>		"bigkat"@mta	
"kolit"@tao	<https://panlex.org/snapshot/panlex-20191001-csv/114#8057666>				<https://panlex.org/snapshot/panlex-20191001-csv/114#8057531>		"kunul"@mta	
"vələ́k"@tao	<https://panlex.org/snapshot/panlex-20191001-csv/114#8058722>				<https://panlex.org/snapshot/panlex-20191001-csv/114#8058571>		"gɨtɨk"@mta	
"rukap"@tao	<https://panlex.org/snapshot/panlex-20191001-csv/114#8052085>				<https://panlex.org/snapshot/panlex-20191001-csv/114#8051937>		"bɨlad"@mta	
"mamíən"@tao	<https://panlex.org/snapshot/panlex-20191001-csv/114#8068551>				<https://panlex.org/snapshot/panlex-20191001-csv/114#8068418>		"gɨmɨn"@mta	
"velek"@tao	<https://panlex.org/snapshot/panlex-20191001-csv/114#8058721>				<https://panlex.org/snapshot/panlex-20191001-csv/114#8058571>		"gɨtɨk"@mta	
"kawanán"@tao	<https://panlex.org/snapshot/panlex-20191001-csv/114#8053023>				<https://panlex.org/snapshot/panlex-20191001-csv/114#8052905>		"kuwanan"@mta	
"piṣagatán"@tao	<https://panlex.org/snapshot/panlex-20191001-csv/114#8058171>				<https://panlex.org/snapshot/panlex-20191001-csv/114#8058038>		"qiyug"@mta	
"jijanaʔ"@tao	<https://panlex.org/snapshot/panlex-20191001-csv/114#8055168>				<https://panlex.org/snapshot/panlex-20191001-csv/114#8055032>		"tebow"@mta	
"jijanaʔ"@tao	<https://panlex.org/snapshot/panlex-20191001-csv/114#8055168>				<https://panlex.org/snapshot/panlex-20191001-csv/114#8055033>		"teel"@mta	
"maniaɤiʔ"@tao	<https://panlex.org/snapshot/panlex-20191001-csv/114#8062791>				<https://panlex.org/snapshot/panlex-20191001-csv/114#8062661>		"kɨkimɨdangan"@mta	
"likud"@tao	<https://panlex.org/snapshot/panlex-20191001-csv/114#8058170>				<https://panlex.org/snapshot/panlex-20191001-csv/114#8058038>		"qiyug"@mta	
"ngongoy"@tao	<https://panlex.org/snapshot/panlex-20191001-csv/114#8066953>				<https://panlex.org/snapshot/panlex-20191001-csv/114#8066805>		"qɨbaq"@mta	
"zagaw"@tao	<https://panlex.org/snapshot/panlex-20191001-csv/114#8064376>				<https://panlex.org/snapshot/panlex-20191001-csv/114#8064237>		"liqɨg"@mta	
"voboya"@tao	<https://panlex.org/snapshot/panlex-20191001-csv/114#8063839>				<https://panlex.org/snapshot/panlex-20191001-csv/114#8063697>		"qulu"@mta	
"ibek"@tao	<https://panlex.org/snapshot/panlex-20191001-csv/114#8057163>				<https://panlex.org/snapshot/panlex-20191001-csv/114#8057034>		"kɨpung"@mta	
"uvək"@tao	<https://panlex.org/snapshot/panlex-20191001-csv/114#8064924>				<https://panlex.org/snapshot/panlex-20191001-csv/114#8064774>		"balut qulu"@mta	
"wanan"@tao	<https://panlex.org/snapshot/panlex-20191001-csv/114#8053024>				<https://panlex.org/snapshot/panlex-20191001-csv/114#8052905>		"kuwanan"@mta	
"totoang"@tao	<https://panlex.org/snapshot/panlex-20191001-csv/114#8059236>				<https://panlex.org/snapshot/panlex-20191001-csv/114#8059106>		"tuqɨlan"@mta	
