"rima"@nho	<https://panlex.org/snapshot/panlex-20191001-csv/114#8051965>				<https://panlex.org/snapshot/panlex-20191001-csv/114#8051943>		"lima-"@mvo	
"kkafi"@nho	<https://panlex.org/snapshot/panlex-20191001-csv/114#8061691>				<https://panlex.org/snapshot/panlex-20191001-csv/114#8061668>		"atɛn|ia"@mvo	
"ua"@nho	<https://panlex.org/snapshot/panlex-20191001-csv/114#8064261>				<https://panlex.org/snapshot/panlex-20191001-csv/114#8064242>		"rua-"@mvo	
"ara"@nho	<https://panlex.org/snapshot/panlex-20191001-csv/114#8054557>				<https://panlex.org/snapshot/panlex-20191001-csv/114#8054536>		"huana"@mvo	
"puk/a"@nho	<https://panlex.org/snapshot/panlex-20191001-csv/114#8066833>				<https://panlex.org/snapshot/panlex-20191001-csv/114#8066811>		"hunju-"@mvo	
"sare"@nho	<https://panlex.org/snapshot/panlex-20191001-csv/114#8054032>				<https://panlex.org/snapshot/panlex-20191001-csv/114#8054010>		"ɛne"@mvo	
"kerekere"@nho	<https://panlex.org/snapshot/panlex-20191001-csv/114#8056574>				<https://panlex.org/snapshot/panlex-20191001-csv/114#8056556>		"nindze"@mvo	
"maauii"@nho	<https://panlex.org/snapshot/panlex-20191001-csv/114#8052467>				<https://panlex.org/snapshot/panlex-20191001-csv/114#8052448>		"hɛnde"@mvo	
"mataku"@nho	<https://panlex.org/snapshot/panlex-20191001-csv/114#8062686>				<https://panlex.org/snapshot/panlex-20191001-csv/114#8062666>		"talokɛte"@mvo	
"manava"@nho	<https://panlex.org/snapshot/panlex-20191001-csv/114#8058598>				<https://panlex.org/snapshot/panlex-20191001-csv/114#8058577>		"tia-"@mvo	
"uu"@nho	<https://panlex.org/snapshot/panlex-20191001-csv/114#8060642>				<https://panlex.org/snapshot/panlex-20191001-csv/114#8060623>		"cucu-"@mvo	
"kau"@nho	<https://panlex.org/snapshot/panlex-20191001-csv/114#8056067>				<https://panlex.org/snapshot/panlex-20191001-csv/114#8056044>		"cucuve"@mvo	
"ttoo"@nho	<https://panlex.org/snapshot/panlex-20191001-csv/114#8063183>				<https://panlex.org/snapshot/panlex-20191001-csv/114#8063163>		"njuka-"@mvo	
"toto"@nho	<https://panlex.org/snapshot/panlex-20191001-csv/114#8063182>				<https://panlex.org/snapshot/panlex-20191001-csv/114#8063163>		"njuka-"@mvo	
