"vai"@nho	<https://panlex.org/snapshot/panlex-20191001-csv/12#851079>				<https://panlex.org/snapshot/panlex-20191001-csv/12#851235>		"'ve"@vme	
"rima"@nho	<https://panlex.org/snapshot/panlex-20191001-csv/114#8051965>				<https://panlex.org/snapshot/panlex-20191001-csv/114#8052149>		"ʼnim"@vme	
"kkafi"@nho	<https://panlex.org/snapshot/panlex-20191001-csv/114#8061691>				<https://panlex.org/snapshot/panlex-20191001-csv/114#8061872>		"moʼvorei"@vme	
"ua"@nho	<https://panlex.org/snapshot/panlex-20191001-csv/114#8064261>				<https://panlex.org/snapshot/panlex-20191001-csv/114#8064440>		"ʼkɛl"@vme	
"ara"@nho	<https://panlex.org/snapshot/panlex-20191001-csv/114#8054557>				<https://panlex.org/snapshot/panlex-20191001-csv/114#8054722>		"ʼal"@vme	
"puk/a"@nho	<https://panlex.org/snapshot/panlex-20191001-csv/114#8066833>				<https://panlex.org/snapshot/panlex-20191001-csv/114#8067016>		"ʼlor"@vme	
"sare"@nho	<https://panlex.org/snapshot/panlex-20191001-csv/114#8054032>				<https://panlex.org/snapshot/panlex-20191001-csv/114#8054224>		"ʼmona"@vme	
"manava"@nho	<https://panlex.org/snapshot/panlex-20191001-csv/114#8058598>				<https://panlex.org/snapshot/panlex-20191001-csv/114#8058790>		"ʼapən"@vme	
"uu"@nho	<https://panlex.org/snapshot/panlex-20191001-csv/114#8060642>				<https://panlex.org/snapshot/panlex-20191001-csv/114#8060837>		"ʼtut"@vme	
"kau"@nho	<https://panlex.org/snapshot/panlex-20191001-csv/114#8056067>				<https://panlex.org/snapshot/panlex-20191001-csv/114#8056240>		"ʼmovnon"@vme	
"ttoo"@nho	<https://panlex.org/snapshot/panlex-20191001-csv/114#8063183>				<https://panlex.org/snapshot/panlex-20191001-csv/114#8063355>		"ʼra"@vme	
"toto"@nho	<https://panlex.org/snapshot/panlex-20191001-csv/114#8063182>				<https://panlex.org/snapshot/panlex-20191001-csv/114#8063355>		"ʼra"@vme	
