"mai"@mek	<https://panlex.org/snapshot/panlex-20191001-csv/114#8055003>				<https://panlex.org/snapshot/panlex-20191001-csv/114#8054779>		"apam"@aty	
"ʼaʼe"@mek	<https://panlex.org/snapshot/panlex-20191001-csv/114#8060037>				<https://panlex.org/snapshot/panlex-20191001-csv/114#8059818>		"inmop̃o-"@aty	
"ifa"@mek	<https://panlex.org/snapshot/panlex-20191001-csv/114#8063124>				<https://panlex.org/snapshot/panlex-20191001-csv/114#8062896>		"inja"@aty	
"gua"@mek	<https://panlex.org/snapshot/panlex-20191001-csv/114#8058533>				<https://panlex.org/snapshot/panlex-20191001-csv/114#8058288>		"nipjinetŋa-"@aty	
"fago"@mek	<https://panlex.org/snapshot/panlex-20191001-csv/114#8061105>				<https://panlex.org/snapshot/panlex-20191001-csv/114#8060904>		"nili-"@aty	
"kai"@mek	<https://panlex.org/snapshot/panlex-20191001-csv/114#8052875>				<https://panlex.org/snapshot/panlex-20191001-csv/114#8052676>		"inmata-"@aty	
"kua"@mek	<https://panlex.org/snapshot/panlex-20191001-csv/114#8065299>				<https://panlex.org/snapshot/panlex-20191001-csv/114#8065057>		"inŋotje-"@aty	
"unia"@mek	<https://panlex.org/snapshot/panlex-20191001-csv/114#8059074>				<https://panlex.org/snapshot/panlex-20191001-csv/114#8058852>		"neθuo-"@aty	
"opola"@mek	<https://panlex.org/snapshot/panlex-20191001-csv/114#8062130>				<https://panlex.org/snapshot/panlex-20191001-csv/114#8061932>		"ataktai"@aty	
"olaga"@mek	<https://panlex.org/snapshot/panlex-20191001-csv/114#8060582>				<https://panlex.org/snapshot/panlex-20191001-csv/114#8060316>		"neθeθ"@aty	
