"mai"@mek	<https://panlex.org/snapshot/panlex-20191001-csv/114#8055003>				<https://panlex.org/snapshot/panlex-20191001-csv/114#8055137>		"lam"@sku	
"ʼaʼe"@mek	<https://panlex.org/snapshot/panlex-20191001-csv/114#8060037>				<https://panlex.org/snapshot/panlex-20191001-csv/114#8060162>		"[ɛ]pɛkar"@sku	
"ifa"@mek	<https://panlex.org/snapshot/panlex-20191001-csv/114#8063124>				<https://panlex.org/snapshot/panlex-20191001-csv/114#8063259>		"[ɛ]nɛ-ɣ"@sku	
"ifa"@mek	<https://panlex.org/snapshot/panlex-20191001-csv/114#8063124>				<https://panlex.org/snapshot/panlex-20191001-csv/114#8063258>		"[ɛ]nɛ-n"@sku	
"ifa"@mek	<https://panlex.org/snapshot/panlex-20191001-csv/114#8063124>				<https://panlex.org/snapshot/panlex-20191001-csv/114#8063257>		"[ɛ]nɛ-"@sku	
"gua"@mek	<https://panlex.org/snapshot/panlex-20191001-csv/114#8058533>				<https://panlex.org/snapshot/panlex-20191001-csv/114#8058685>		"[ɒ]ðɨŋɒ-n"@sku	
"gua"@mek	<https://panlex.org/snapshot/panlex-20191001-csv/114#8058533>				<https://panlex.org/snapshot/panlex-20191001-csv/114#8058684>		"[œ]ðɨŋœ-ɣ"@sku	
"gua"@mek	<https://panlex.org/snapshot/panlex-20191001-csv/114#8058533>				<https://panlex.org/snapshot/panlex-20191001-csv/114#8058683>		"[œ]ðœŋ-"@sku	
"fago"@mek	<https://panlex.org/snapshot/panlex-20191001-csv/114#8061105>				<https://panlex.org/snapshot/panlex-20191001-csv/114#8061231>		"[ɒ]ðɒlβarkɛ"@sku	
"fago"@mek	<https://panlex.org/snapshot/panlex-20191001-csv/114#8061105>				<https://panlex.org/snapshot/panlex-20191001-csv/114#8061232>		"[ɒ]βɒtɔlklɛ-ɣ"@sku	
"kai"@mek	<https://panlex.org/snapshot/panlex-20191001-csv/114#8052875>				<https://panlex.org/snapshot/panlex-20191001-csv/114#8052995>		"jɛr"@sku	
"kua"@mek	<https://panlex.org/snapshot/panlex-20191001-csv/114#8065299>				<https://panlex.org/snapshot/panlex-20191001-csv/114#8065434>		"[ɛ]ðelhœ-n"@sku	
"kua"@mek	<https://panlex.org/snapshot/panlex-20191001-csv/114#8065299>				<https://panlex.org/snapshot/panlex-20191001-csv/114#8065435>		"[ɛ]ðɛlhy-ɣ"@sku	
"unia"@mek	<https://panlex.org/snapshot/panlex-20191001-csv/114#8059074>				<https://panlex.org/snapshot/panlex-20191001-csv/114#8059201>		"akry-ɣ"@sku	
"unia"@mek	<https://panlex.org/snapshot/panlex-20191001-csv/114#8059074>				<https://panlex.org/snapshot/panlex-20191001-csv/114#8059202>		"akrœ-n"@sku	
"unia"@mek	<https://panlex.org/snapshot/panlex-20191001-csv/114#8059074>				<https://panlex.org/snapshot/panlex-20191001-csv/114#8059203>		"akyr-"@sku	
"opola"@mek	<https://panlex.org/snapshot/panlex-20191001-csv/114#8062130>				<https://panlex.org/snapshot/panlex-20191001-csv/114#8062258>		"rɛm"@sku	
"opola"@mek	<https://panlex.org/snapshot/panlex-20191001-csv/114#8062130>				<https://panlex.org/snapshot/panlex-20191001-csv/114#8062257>		"rœm"@sku	
"olaga"@mek	<https://panlex.org/snapshot/panlex-20191001-csv/114#8060582>				<https://panlex.org/snapshot/panlex-20191001-csv/114#8060720>		"[ɛ]ssi"@sku	
