"kiki"@ifb	<https://panlex.org/snapshot/panlex-20191001-csv/114#8068269>				<https://panlex.org/snapshot/panlex-20191001-csv/114#8068506>		"ʼwaraʻ"@ryn	
"bonog"@ifb	<https://panlex.org/snapshot/panlex-20191001-csv/114#8057899>				<https://panlex.org/snapshot/panlex-20191001-csv/114#8058123>		"xusi"@ryn	
"di:la"@ifb	<https://panlex.org/snapshot/panlex-20191001-csv/114#8067742>				<https://panlex.org/snapshot/panlex-20191001-csv/114#8067972>		"sïba"@ryn	
"da:la"@ifb	<https://panlex.org/snapshot/panlex-20191001-csv/114#8063011>				<https://panlex.org/snapshot/panlex-20191001-csv/114#8063246>		"cii"@ryn	
"qoltay"@ifb	<https://panlex.org/snapshot/panlex-20191001-csv/114#8059930>				<https://panlex.org/snapshot/panlex-20191001-csv/114#8060150>		"kimo"@ryn	
"hu:hu"@ifb	<https://panlex.org/snapshot/panlex-20191001-csv/114#8060452>				<https://panlex.org/snapshot/panlex-20191001-csv/114#8060705>		"munï"@ryn	
"baba"@ifb	<https://panlex.org/snapshot/panlex-20191001-csv/114#8067206>				<https://panlex.org/snapshot/panlex-20191001-csv/114#8067456>		"hwa"@ryn	
"duma:lan"@ifb	<https://panlex.org/snapshot/panlex-20191001-csv/114#8053844>				<https://panlex.org/snapshot/panlex-20191001-csv/114#8054101>		"ʔakk"@ryn	
