"tabu"@ilk	<https://panlex.org/snapshot/panlex-20191001-csv/114#8058416>				<https://panlex.org/snapshot/panlex-20191001-csv/114#8058534>		"guem"@mel	
"tabu"@ilk	<https://panlex.org/snapshot/panlex-20191001-csv/114#8058416>				<https://panlex.org/snapshot/panlex-20191001-csv/114#8058535>		"paʔit"@mel	
"tɨǥi"@ilk	<https://panlex.org/snapshot/panlex-20191001-csv/114#8053268>				<https://panlex.org/snapshot/panlex-20191001-csv/114#8053388>		"buduk"@mel	
"nanguy"@ilk	<https://panlex.org/snapshot/panlex-20191001-csv/114#8055892>				<https://panlex.org/snapshot/panlex-20191001-csv/114#8056004>		"tuun"@mel	
"ari"@ilk	<https://panlex.org/snapshot/panlex-20191001-csv/114#8054894>				<https://panlex.org/snapshot/panlex-20191001-csv/114#8055004>		"tapaʔ"@mel	
"naŋuy"@ilk	<https://panlex.org/snapshot/panlex-20191001-csv/114#8055893>				<https://panlex.org/snapshot/panlex-20191001-csv/114#8056004>		"tuun"@mel	
"bɨ:nua"@ilk	<https://panlex.org/snapshot/panlex-20191001-csv/114#8054403>				<https://panlex.org/snapshot/panlex-20191001-csv/114#8054500>		"jalan"@mel	
"wanan"@ilk	<https://panlex.org/snapshot/panlex-20191001-csv/114#8052783>				<https://panlex.org/snapshot/panlex-20191001-csv/114#8052876>		"taʔew"@mel	
"likɨd"@ilk	<https://panlex.org/snapshot/panlex-20191001-csv/114#8055396>				<https://panlex.org/snapshot/panlex-20191001-csv/114#8055503>		"pusiŋ"@mel	
"napadiǥan"@ilk	<https://panlex.org/snapshot/panlex-20191001-csv/114#8056415>				<https://panlex.org/snapshot/panlex-20191001-csv/114#8056521>		"mamaʔ"@mel	
"qɨǥɨng"@ilk	<https://panlex.org/snapshot/panlex-20191001-csv/114#8065184>				<https://panlex.org/snapshot/panlex-20191001-csv/114#8065300>		"uduŋ"@mel	
"bunubun"@ilk	<https://panlex.org/snapshot/panlex-20191001-csv/114#8056912>				<https://panlex.org/snapshot/panlex-20191001-csv/114#8057005>		"urayh"@mel	
"bunubun"@ilk	<https://panlex.org/snapshot/panlex-20191001-csv/114#8056912>				<https://panlex.org/snapshot/panlex-20191001-csv/114#8057004>		"dabouw"@mel	
"bunubun"@ilk	<https://panlex.org/snapshot/panlex-20191001-csv/114#8056912>				<https://panlex.org/snapshot/panlex-20191001-csv/114#8057003>		"abuk"@mel	
"kuwa"@ilk	<https://panlex.org/snapshot/panlex-20191001-csv/114#8053847>				<https://panlex.org/snapshot/panlex-20191001-csv/114#8053973>		"makaw"@mel	
"qaǥsi"@ilk	<https://panlex.org/snapshot/panlex-20191001-csv/114#8059933>				<https://panlex.org/snapshot/panlex-20191001-csv/114#8060038>		"atay"@mel	
"wili"@ilk	<https://panlex.org/snapshot/panlex-20191001-csv/114#8052315>				<https://panlex.org/snapshot/panlex-20191001-csv/114#8052411>		"ulay"@mel	
