"tabu"@ilk	<https://panlex.org/snapshot/panlex-20191001-csv/114#8058416>				<https://panlex.org/snapshot/panlex-20191001-csv/114#8058824>		"tijan"@zbc	
"tɨǥi"@ilk	<https://panlex.org/snapshot/panlex-20191001-csv/114#8053268>				<https://panlex.org/snapshot/panlex-20191001-csv/114#8053674>		"gimaʔ"@zbc	
"nanguy"@ilk	<https://panlex.org/snapshot/panlex-20191001-csv/114#8055892>				<https://panlex.org/snapshot/panlex-20191001-csv/114#8056273>		"pə|loŋoy"@zbc	
"ari"@ilk	<https://panlex.org/snapshot/panlex-20191001-csv/114#8054894>				<https://panlex.org/snapshot/panlex-20191001-csv/114#8055258>		"lɪʔ"@zbc	
"naŋuy"@ilk	<https://panlex.org/snapshot/panlex-20191001-csv/114#8055893>				<https://panlex.org/snapshot/panlex-20191001-csv/114#8056273>		"pə|loŋoy"@zbc	
"bɨ:nua"@ilk	<https://panlex.org/snapshot/panlex-20191001-csv/114#8054403>				<https://panlex.org/snapshot/panlex-20191001-csv/114#8054755>		"ilan"@zbc	
"wanan"@ilk	<https://panlex.org/snapshot/panlex-20191001-csv/114#8052783>				<https://panlex.org/snapshot/panlex-20191001-csv/114#8053107>		"pəŋka|tuʔoh"@zbc	
"likɨd"@ilk	<https://panlex.org/snapshot/panlex-20191001-csv/114#8055396>				<https://panlex.org/snapshot/panlex-20191001-csv/114#8055747>		"ŋəlibɪʔ"@zbc	
"napadiǥan"@ilk	<https://panlex.org/snapshot/panlex-20191001-csv/114#8056415>				<https://panlex.org/snapshot/panlex-20191001-csv/114#8056783>		"labih"@zbc	
"qɨǥɨng"@ilk	<https://panlex.org/snapshot/panlex-20191001-csv/114#8065184>				<https://panlex.org/snapshot/panlex-20191001-csv/114#8065573>		"cuŋ"@zbc	
"bunubun"@ilk	<https://panlex.org/snapshot/panlex-20191001-csv/114#8056912>				<https://panlex.org/snapshot/panlex-20191001-csv/114#8057238>		"apoʔ"@zbc	
"kuwa"@ilk	<https://panlex.org/snapshot/panlex-20191001-csv/114#8053847>				<https://panlex.org/snapshot/panlex-20191001-csv/114#8054265>		"lakaw"@zbc	
"qaǥsi"@ilk	<https://panlex.org/snapshot/panlex-20191001-csv/114#8059933>				<https://panlex.org/snapshot/panlex-20191001-csv/114#8060285>		"atay"@zbc	
"wili"@ilk	<https://panlex.org/snapshot/panlex-20191001-csv/114#8052315>				<https://panlex.org/snapshot/panlex-20191001-csv/114#8052652>		"pəmaiŋ"@zbc	
