"tsinaih"@sps	<https://panlex.org/snapshot/panlex-20191001-csv/114#8059696>				<https://panlex.org/snapshot/panlex-20191001-csv/114#8059488>		"kohoi"@kje	
"tsinaih"@sps	<https://panlex.org/snapshot/panlex-20191001-csv/114#8059696>				<https://panlex.org/snapshot/panlex-20191001-csv/114#8059489>		"romuk"@kje	
"at"@sps	<https://panlex.org/snapshot/panlex-20191001-csv/114#8060178>				<https://panlex.org/snapshot/panlex-20191001-csv/114#8059961>		"aki"@kje	
"sisiuf"@sps	<https://panlex.org/snapshot/panlex-20191001-csv/114#8056158>				<https://panlex.org/snapshot/panlex-20191001-csv/114#8055924>		"nani"@kje	
"taof"@sps	<https://panlex.org/snapshot/panlex-20191001-csv/114#8066396>				<https://panlex.org/snapshot/panlex-20191001-csv/114#8066175>		"masi"@kje	
"ŋisi-naih"@sps	<https://panlex.org/snapshot/panlex-20191001-csv/114#8067487>				<https://panlex.org/snapshot/panlex-20191001-csv/114#8067250>		"nihan"@kje	
"tan"@sps	<https://panlex.org/snapshot/panlex-20191001-csv/114#8054136>				<https://panlex.org/snapshot/panlex-20191001-csv/114#8053887>		"la"@kje	
"nat"@sps	<https://panlex.org/snapshot/panlex-20191001-csv/114#8061784>				<https://panlex.org/snapshot/panlex-20191001-csv/114#8061548>		"ma-waroin"@kje	
