"wai"@rob	<https://panlex.org/snapshot/panlex-20191001-csv/12#851131>				<https://panlex.org/snapshot/panlex-20191001-csv/12#851014>		"danum"@lhn	
"giliŋ"@rob	<https://panlex.org/snapshot/panlex-20191001-csv/114#8055615>				<https://panlex.org/snapshot/panlex-20191001-csv/114#8055461>		"kək|ɪlaŋ"@lhn	
"ʔae"@rob	<https://panlex.org/snapshot/panlex-20191001-csv/114#8053511>				<https://panlex.org/snapshot/panlex-20191001-csv/114#8053343>		"bəti"@lhn	
"palempeŋ"@rob	<https://panlex.org/snapshot/panlex-20191001-csv/114#8061216>				<https://panlex.org/snapshot/panlex-20191001-csv/114#8061066>		"bəbaŋ"@lhn	
"issan"@rob	<https://panlex.org/snapshot/panlex-20191001-csv/114#8061750>				<https://panlex.org/snapshot/panlex-20191001-csv/114#8061584>		"baŋ"@lhn	
"matausi"@rob	<https://panlex.org/snapshot/panlex-20191001-csv/114#8062738>				<https://panlex.org/snapshot/panlex-20191001-csv/114#8062586>		"poʔut"@lhn	
"rara"@rob	<https://panlex.org/snapshot/panlex-20191001-csv/114#8063239>				<https://panlex.org/snapshot/panlex-20191001-csv/114#8063076>		"laʔa"@lhn	
"boga-"@rob	<https://panlex.org/snapshot/panlex-20191001-csv/114#8058664>				<https://panlex.org/snapshot/panlex-20191001-csv/114#8058483>		"butit"@lhn	
"lalan"@rob	<https://panlex.org/snapshot/panlex-20191001-csv/114#8054612>				<https://panlex.org/snapshot/panlex-20191001-csv/114#8054462>		"jilu"@lhn	
"takuʔ"@rob	<https://panlex.org/snapshot/panlex-20191001-csv/114#8062739>				<https://panlex.org/snapshot/panlex-20191001-csv/114#8062586>		"poʔut"@lhn	
"dobila"@rob	<https://panlex.org/snapshot/panlex-20191001-csv/114#8054611>				<https://panlex.org/snapshot/panlex-20191001-csv/114#8054462>		"jilu"@lhn	
"nuatui"@rob	<https://panlex.org/snapshot/panlex-20191001-csv/114#8062237>				<https://panlex.org/snapshot/panlex-20191001-csv/114#8062093>		"pikir"@lhn	
"ʔawa"@rob	<https://panlex.org/snapshot/panlex-20191001-csv/114#8066896>				<https://panlex.org/snapshot/panlex-20191001-csv/114#8066725>		"baʔ"@lhn	
"ʔawa"@rob	<https://panlex.org/snapshot/panlex-20191001-csv/114#8067451>				<https://panlex.org/snapshot/panlex-20191001-csv/114#8067284>		"ñipən"@lhn	
"liŋka"@rob	<https://panlex.org/snapshot/panlex-20191001-csv/114#8054095>				<https://panlex.org/snapshot/panlex-20191001-csv/114#8053925>		"b|lakaw"@lhn	
"ʔate"@rob	<https://panlex.org/snapshot/panlex-20191001-csv/114#8060145>				<https://panlex.org/snapshot/panlex-20191001-csv/114#8059997>		"atay"@lhn	
"uduk"@rob	<https://panlex.org/snapshot/panlex-20191001-csv/114#8066363>				<https://panlex.org/snapshot/panlex-20191001-csv/114#8066210>		"ŋ-arək"@lhn	
"ate"@rob	<https://panlex.org/snapshot/panlex-20191001-csv/114#8060144>				<https://panlex.org/snapshot/panlex-20191001-csv/114#8059997>		"atay"@lhn	
"huhua"@rob	<https://panlex.org/snapshot/panlex-20191001-csv/114#8057116>				<https://panlex.org/snapshot/panlex-20191001-csv/114#8056964>		"luaw"@lhn	
"kanan"@rob	<https://panlex.org/snapshot/panlex-20191001-csv/114#8052978>				<https://panlex.org/snapshot/panlex-20191001-csv/114#8052837>		"taʔo"@lhn	
"lila"@rob	<https://panlex.org/snapshot/panlex-20191001-csv/114#8067966>				<https://panlex.org/snapshot/panlex-20191001-csv/114#8067811>		"jillaʔ"@lhn	
"sinae"@rob	<https://panlex.org/snapshot/panlex-20191001-csv/114#8059665>				<https://panlex.org/snapshot/panlex-20191001-csv/114#8059519>		"buri"@lhn	
"gado-"@rob	<https://panlex.org/snapshot/panlex-20191001-csv/114#8064319>				<https://panlex.org/snapshot/panlex-20191001-csv/114#8064165>		"kənuʔa"@lhn	
"muʔamuʔa"@rob	<https://panlex.org/snapshot/panlex-20191001-csv/114#8057117>				<https://panlex.org/snapshot/panlex-20191001-csv/114#8056964>		"luaw"@lhn	
"dui"@rob	<https://panlex.org/snapshot/panlex-20191001-csv/114#8056123>				<https://panlex.org/snapshot/panlex-20191001-csv/114#8055959>		"satoŋ"@lhn	
