"wai"@rob	<https://panlex.org/snapshot/panlex-20191001-csv/12#851131>				<https://panlex.org/snapshot/panlex-20191001-csv/12#851254>		"ralom"@xsy	
"ʔae"@rob	<https://panlex.org/snapshot/panlex-20191001-csv/114#8053511>				<https://panlex.org/snapshot/panlex-20191001-csv/114#8053668>		"ʔäʔäy"@xsy	
"palempeŋ"@rob	<https://panlex.org/snapshot/panlex-20191001-csv/114#8061216>				<https://panlex.org/snapshot/panlex-20191001-csv/114#8061334>		"ʔäbaʼaʔ"@xsy	
"issan"@rob	<https://panlex.org/snapshot/panlex-20191001-csv/114#8061750>				<https://panlex.org/snapshot/panlex-20191001-csv/114#8061902>		"raʼam"@xsy	
"matausi"@rob	<https://panlex.org/snapshot/panlex-20191001-csv/114#8062738>				<https://panlex.org/snapshot/panlex-20191001-csv/114#8062866>		"imatiktikot"@xsy	
"rara"@rob	<https://panlex.org/snapshot/panlex-20191001-csv/114#8063239>				<https://panlex.org/snapshot/panlex-20191001-csv/114#8063383>		"ramoʔ"@xsy	
"boga-"@rob	<https://panlex.org/snapshot/panlex-20191001-csv/114#8058664>				<https://panlex.org/snapshot/panlex-20191001-csv/114#8058818>		"tiyäl"@xsy	
"lalan"@rob	<https://panlex.org/snapshot/panlex-20191001-csv/114#8054612>				<https://panlex.org/snapshot/panlex-20191001-csv/114#8054750>		"raʼan"@xsy	
"takuʔ"@rob	<https://panlex.org/snapshot/panlex-20191001-csv/114#8062739>				<https://panlex.org/snapshot/panlex-20191001-csv/114#8062866>		"imatiktikot"@xsy	
"dobila"@rob	<https://panlex.org/snapshot/panlex-20191001-csv/114#8054611>				<https://panlex.org/snapshot/panlex-20191001-csv/114#8054750>		"raʼan"@xsy	
"nuatui"@rob	<https://panlex.org/snapshot/panlex-20191001-csv/114#8062237>				<https://panlex.org/snapshot/panlex-20191001-csv/114#8062359>		"eʔazʔazəm"@xsy	
"ʔawa"@rob	<https://panlex.org/snapshot/panlex-20191001-csv/114#8066896>				<https://panlex.org/snapshot/panlex-20191001-csv/114#8067044>		"ŋabas"@xsy	
"ʔawa"@rob	<https://panlex.org/snapshot/panlex-20191001-csv/114#8067451>				<https://panlex.org/snapshot/panlex-20191001-csv/114#8067597>		"nəpən"@xsy	
"liŋka"@rob	<https://panlex.org/snapshot/panlex-20191001-csv/114#8054095>				<https://panlex.org/snapshot/panlex-20191001-csv/114#8054259>		"maiziza"@xsy	
"liŋka"@rob	<https://panlex.org/snapshot/panlex-20191001-csv/114#8054095>				<https://panlex.org/snapshot/panlex-20191001-csv/114#8054260>		"manraʼan"@xsy	
"susu"@rob	<https://panlex.org/snapshot/panlex-20191001-csv/114#8060699>				<https://panlex.org/snapshot/panlex-20191001-csv/114#8060870>		"höhöʔ"@xsy	
"ʔate"@rob	<https://panlex.org/snapshot/panlex-20191001-csv/114#8060145>				<https://panlex.org/snapshot/panlex-20191001-csv/114#8060280>		"räʔäl"@xsy	
"uduk"@rob	<https://panlex.org/snapshot/panlex-20191001-csv/114#8066363>				<https://panlex.org/snapshot/panlex-20191001-csv/114#8066492>		"sazəkən"@xsy	
"ate"@rob	<https://panlex.org/snapshot/panlex-20191001-csv/114#8060144>				<https://panlex.org/snapshot/panlex-20191001-csv/114#8060280>		"räʔäl"@xsy	
"huhua"@rob	<https://panlex.org/snapshot/panlex-20191001-csv/114#8057116>				<https://panlex.org/snapshot/panlex-20191001-csv/114#8057234>		"säʼpäʔ"@xsy	
"kanan"@rob	<https://panlex.org/snapshot/panlex-20191001-csv/114#8052978>				<https://panlex.org/snapshot/panlex-20191001-csv/114#8053102>		"kaʔnal"@xsy	
"lila"@rob	<https://panlex.org/snapshot/panlex-20191001-csv/114#8067966>				<https://panlex.org/snapshot/panlex-20191001-csv/114#8068112>		"kähmaʔ"@xsy	
"sinae"@rob	<https://panlex.org/snapshot/panlex-20191001-csv/114#8059665>				<https://panlex.org/snapshot/panlex-20191001-csv/114#8059785>		"maʔasay"@xsy	
"gado-"@rob	<https://panlex.org/snapshot/panlex-20191001-csv/114#8064319>				<https://panlex.org/snapshot/panlex-20191001-csv/114#8064472>		"kaŝlar"@xsy	
"gado-"@rob	<https://panlex.org/snapshot/panlex-20191001-csv/114#8064319>				<https://panlex.org/snapshot/panlex-20191001-csv/114#8064473>		"töʔwiŝ"@xsy	
"gado-"@rob	<https://panlex.org/snapshot/panlex-20191001-csv/114#8064319>				<https://panlex.org/snapshot/panlex-20191001-csv/114#8064474>		"warəŋ"@xsy	
"muʔamuʔa"@rob	<https://panlex.org/snapshot/panlex-20191001-csv/114#8057117>				<https://panlex.org/snapshot/panlex-20191001-csv/114#8057234>		"säʼpäʔ"@xsy	
"dui"@rob	<https://panlex.org/snapshot/panlex-20191001-csv/114#8056123>				<https://panlex.org/snapshot/panlex-20191001-csv/114#8056268>		"lalaŋoy"@xsy	
