"wai"@rob	<https://panlex.org/snapshot/panlex-20191001-csv/12#851131>				<https://panlex.org/snapshot/panlex-20191001-csv/12#851237>		"mbesi"@vrs	
"giliŋ"@rob	<https://panlex.org/snapshot/panlex-20191001-csv/114#8055615>				<https://panlex.org/snapshot/panlex-20191001-csv/114#8055718>		"visuse"@vrs	
"ʔae"@rob	<https://panlex.org/snapshot/panlex-20191001-csv/114#8053511>				<https://panlex.org/snapshot/panlex-20191001-csv/114#8053644>		"make -"@vrs	
"issan"@rob	<https://panlex.org/snapshot/panlex-20191001-csv/114#8061750>				<https://panlex.org/snapshot/panlex-20191001-csv/114#8061875>		"rɔve"@vrs	
"matausi"@rob	<https://panlex.org/snapshot/panlex-20191001-csv/114#8062738>				<https://panlex.org/snapshot/panlex-20191001-csv/114#8062843>		"sareki"@vrs	
"rara"@rob	<https://panlex.org/snapshot/panlex-20191001-csv/114#8063239>				<https://panlex.org/snapshot/panlex-20191001-csv/114#8063359>		"parasa-"@vrs	
"boga-"@rob	<https://panlex.org/snapshot/panlex-20191001-csv/114#8058664>				<https://panlex.org/snapshot/panlex-20191001-csv/114#8058794>		"sɔpa-"@vrs	
"lalan"@rob	<https://panlex.org/snapshot/panlex-20191001-csv/114#8054612>				<https://panlex.org/snapshot/panlex-20191001-csv/114#8054725>		"zuka"@vrs	
"takuʔ"@rob	<https://panlex.org/snapshot/panlex-20191001-csv/114#8062739>				<https://panlex.org/snapshot/panlex-20191001-csv/114#8062843>		"sareki"@vrs	
"dobila"@rob	<https://panlex.org/snapshot/panlex-20191001-csv/114#8054611>				<https://panlex.org/snapshot/panlex-20191001-csv/114#8054725>		"zuka"@vrs	
"nuatui"@rob	<https://panlex.org/snapshot/panlex-20191001-csv/114#8062237>				<https://panlex.org/snapshot/panlex-20191001-csv/114#8062333>		"nanau"@vrs	
"ʔawa"@rob	<https://panlex.org/snapshot/panlex-20191001-csv/114#8066896>				<https://panlex.org/snapshot/panlex-20191001-csv/114#8067020>		"saŋge-"@vrs	
"ʔawa"@rob	<https://panlex.org/snapshot/panlex-20191001-csv/114#8067451>				<https://panlex.org/snapshot/panlex-20191001-csv/114#8067572>		"sasaŋgema-"@vrs	
"liŋka"@rob	<https://panlex.org/snapshot/panlex-20191001-csv/114#8054095>				<https://panlex.org/snapshot/panlex-20191001-csv/114#8054228>		"ɤɔeneɤɔene"@vrs	
"susu"@rob	<https://panlex.org/snapshot/panlex-20191001-csv/114#8060699>				<https://panlex.org/snapshot/panlex-20191001-csv/114#8060844>		"susu-"@vrs	
"ʔate"@rob	<https://panlex.org/snapshot/panlex-20191001-csv/114#8060145>				<https://panlex.org/snapshot/panlex-20191001-csv/114#8060256>		"tɔtɔne-"@vrs	
"uduk"@rob	<https://panlex.org/snapshot/panlex-20191001-csv/114#8066363>				<https://panlex.org/snapshot/panlex-20191001-csv/114#8066472>		"nɔnoli"@vrs	
"ate"@rob	<https://panlex.org/snapshot/panlex-20191001-csv/114#8060144>				<https://panlex.org/snapshot/panlex-20191001-csv/114#8060256>		"tɔtɔne-"@vrs	
"huhua"@rob	<https://panlex.org/snapshot/panlex-20191001-csv/114#8057116>				<https://panlex.org/snapshot/panlex-20191001-csv/114#8057212>		"raɤu"@vrs	
"kanan"@rob	<https://panlex.org/snapshot/panlex-20191001-csv/114#8052978>				<https://panlex.org/snapshot/panlex-20191001-csv/114#8053080>		"matau-na"@vrs	
"lila"@rob	<https://panlex.org/snapshot/panlex-20191001-csv/114#8067966>				<https://panlex.org/snapshot/panlex-20191001-csv/114#8068086>		"kalamea-"@vrs	
"sinae"@rob	<https://panlex.org/snapshot/panlex-20191001-csv/114#8059665>				<https://panlex.org/snapshot/panlex-20191001-csv/114#8059765>		"kuamba-"@vrs	
"gado-"@rob	<https://panlex.org/snapshot/panlex-20191001-csv/114#8064319>				<https://panlex.org/snapshot/panlex-20191001-csv/114#8064444>		"kɔkɔli-"@vrs	
"muʔamuʔa"@rob	<https://panlex.org/snapshot/panlex-20191001-csv/114#8057117>				<https://panlex.org/snapshot/panlex-20191001-csv/114#8057212>		"raɤu"@vrs	
"dui"@rob	<https://panlex.org/snapshot/panlex-20191001-csv/114#8056123>				<https://panlex.org/snapshot/panlex-20191001-csv/114#8056243>		"mbaru"@vrs	
