"taɤuru-"@kji	<https://panlex.org/snapshot/panlex-20191001-csv/114#8057932>				<https://panlex.org/snapshot/panlex-20191001-csv/114#8058256>		"ikor"@xsy	
"puti-"@kji	<https://panlex.org/snapshot/panlex-20191001-csv/114#8060493>				<https://panlex.org/snapshot/panlex-20191001-csv/114#8060870>		"höhöʔ"@xsy	
"huma-"@kji	<https://panlex.org/snapshot/panlex-20191001-csv/114#8059000>				<https://panlex.org/snapshot/panlex-20191001-csv/114#8059325>		"böʔöl"@xsy	
"pau-"@kji	<https://panlex.org/snapshot/panlex-20191001-csv/114#8063584>				<https://panlex.org/snapshot/panlex-20191001-csv/114#8063935>		"taʔölöh"@xsy	
"nehu-"@kji	<https://panlex.org/snapshot/panlex-20191001-csv/114#8065219>				<https://panlex.org/snapshot/panlex-20191001-csv/114#8065568>		"kaŋosəlan"@xsy	
"mamaɤu"@kji	<https://panlex.org/snapshot/panlex-20191001-csv/114#8062553>				<https://panlex.org/snapshot/panlex-20191001-csv/114#8062866>		"imatiktikot"@xsy	
"busaka-"@kji	<https://panlex.org/snapshot/panlex-20191001-csv/114#8063044>				<https://panlex.org/snapshot/panlex-20191001-csv/114#8063383>		"ramoʔ"@xsy	
"hiŋa-"@kji	<https://panlex.org/snapshot/panlex-20191001-csv/114#8067251>				<https://panlex.org/snapshot/panlex-20191001-csv/114#8067597>		"nəpən"@xsy	
"kafu-"@kji	<https://panlex.org/snapshot/panlex-20191001-csv/114#8057415>				<https://panlex.org/snapshot/panlex-20191001-csv/114#8057755>		"baŋəŝ"@xsy	
"paɤɔ̄"@kji	<https://panlex.org/snapshot/panlex-20191001-csv/114#8068313>				<https://panlex.org/snapshot/panlex-20191001-csv/114#8068636>		"sawaʔ"@xsy	
"mairi"@kji	<https://panlex.org/snapshot/panlex-20191001-csv/114#8052345>				<https://panlex.org/snapshot/panlex-20191001-csv/114#8052647>		"kayʼiʔ"@xsy	
"avɔhi"@kji	<https://panlex.org/snapshot/panlex-20191001-csv/114#8061549>				<https://panlex.org/snapshot/panlex-20191001-csv/114#8061902>		"raʼam"@xsy	
"ɤaɤahe"@kji	<https://panlex.org/snapshot/panlex-20191001-csv/114#8053888>				<https://panlex.org/snapshot/panlex-20191001-csv/114#8054259>		"maiziza"@xsy	
"ɤaɤahe"@kji	<https://panlex.org/snapshot/panlex-20191001-csv/114#8053888>				<https://panlex.org/snapshot/panlex-20191001-csv/114#8054260>		"manraʼan"@xsy	
