"puti-"@kji	<https://panlex.org/snapshot/panlex-20191001-csv/114#8060493>				<https://panlex.org/snapshot/panlex-20191001-csv/114#8060753>		"ʼtut"@sve	
"huma-"@kji	<https://panlex.org/snapshot/panlex-20191001-csv/114#8059000>				<https://panlex.org/snapshot/panlex-20191001-csv/114#8059229>		"rulʼjɛ"@sve	
"pau-"@kji	<https://panlex.org/snapshot/panlex-20191001-csv/114#8063584>				<https://panlex.org/snapshot/panlex-20191001-csv/114#8063828>		"oʼo"@sve	
"nehu-"@kji	<https://panlex.org/snapshot/panlex-20191001-csv/114#8065219>				<https://panlex.org/snapshot/panlex-20191001-csv/114#8065464>		"iʼrɛl"@sve	
"busaka-"@kji	<https://panlex.org/snapshot/panlex-20191001-csv/114#8063044>				<https://panlex.org/snapshot/panlex-20191001-csv/114#8063285>		"raʼɛ"@sve	
"hiŋa-"@kji	<https://panlex.org/snapshot/panlex-20191001-csv/114#8067251>				<https://panlex.org/snapshot/panlex-20191001-csv/114#8067498>		"ʼlil"@sve	
"kafu-"@kji	<https://panlex.org/snapshot/panlex-20191001-csv/114#8057415>				<https://panlex.org/snapshot/panlex-20191001-csv/114#8057659>		"toʼbɛ"@sve	
"paɤɔ̄"@kji	<https://panlex.org/snapshot/panlex-20191001-csv/114#8068313>				<https://panlex.org/snapshot/panlex-20191001-csv/114#8068543>		"ljɛmʼon"@sve	
"avɔhi"@kji	<https://panlex.org/snapshot/panlex-20191001-csv/114#8061549>				<https://panlex.org/snapshot/panlex-20191001-csv/114#8061796>		"ljɛʼbrɛ"@sve	
"ɤaɤahe"@kji	<https://panlex.org/snapshot/panlex-20191001-csv/114#8053888>				<https://panlex.org/snapshot/panlex-20191001-csv/114#8054151>		"ljɛʼla"@sve	
