"taɤuru-"@kji	<https://panlex.org/snapshot/panlex-20191001-csv/114#8057932>				<https://panlex.org/snapshot/panlex-20191001-csv/114#8057795>		"taŋguruŋ"@bbc	
"puti-"@kji	<https://panlex.org/snapshot/panlex-20191001-csv/114#8060493>				<https://panlex.org/snapshot/panlex-20191001-csv/114#8060325>		"susu"@bbc	
"huma-"@kji	<https://panlex.org/snapshot/panlex-20191001-csv/114#8059000>				<https://panlex.org/snapshot/panlex-20191001-csv/114#8058859>		"holi-holi"@bbc	
"pau-"@kji	<https://panlex.org/snapshot/panlex-20191001-csv/114#8063584>				<https://panlex.org/snapshot/panlex-20191001-csv/114#8063426>		"ulu"@bbc	
"nehu-"@kji	<https://panlex.org/snapshot/panlex-20191001-csv/114#8065219>				<https://panlex.org/snapshot/panlex-20191001-csv/114#8065064>		"iguŋ"@bbc	
"mamaɤu"@kji	<https://panlex.org/snapshot/panlex-20191001-csv/114#8062553>				<https://panlex.org/snapshot/panlex-20191001-csv/114#8062398>		"mabiar"@bbc	
"busaka-"@kji	<https://panlex.org/snapshot/panlex-20191001-csv/114#8063044>				<https://panlex.org/snapshot/panlex-20191001-csv/114#8062904>		"mudar"@bbc	
"hiŋa-"@kji	<https://panlex.org/snapshot/panlex-20191001-csv/114#8067251>				<https://panlex.org/snapshot/panlex-20191001-csv/114#8067085>		"ŋiŋi"@bbc	
"kafu-"@kji	<https://panlex.org/snapshot/panlex-20191001-csv/114#8057415>				<https://panlex.org/snapshot/panlex-20191001-csv/114#8057272>		"hulikkuliŋ"@bbc	
"fihiki"@kji	<https://panlex.org/snapshot/panlex-20191001-csv/114#8055432>				<https://panlex.org/snapshot/panlex-20191001-csv/114#8055289>		"gelok"@bbc	
"paɤɔ̄"@kji	<https://panlex.org/snapshot/panlex-20191001-csv/114#8068313>				<https://panlex.org/snapshot/panlex-20191001-csv/114#8068152>		"mekkel"@bbc	
"mairi"@kji	<https://panlex.org/snapshot/panlex-20191001-csv/114#8052345>				<https://panlex.org/snapshot/panlex-20191001-csv/114#8052213>		"sihambiraŋi"@bbc	
"avɔhi"@kji	<https://panlex.org/snapshot/panlex-20191001-csv/114#8061549>				<https://panlex.org/snapshot/panlex-20191001-csv/114#8061375>		"boto"@bbc	
"ɤaɤahe"@kji	<https://panlex.org/snapshot/panlex-20191001-csv/114#8053888>				<https://panlex.org/snapshot/panlex-20191001-csv/114#8053714>		"mardalan"@bbc	
