"taɤuru-"@kji	<https://panlex.org/snapshot/panlex-20191001-csv/114#8057932>				<https://panlex.org/snapshot/panlex-20191001-csv/114#8057771>		"vine pio"@aie	
"puti-"@kji	<https://panlex.org/snapshot/panlex-20191001-csv/114#8060493>				<https://panlex.org/snapshot/panlex-20191001-csv/114#8060297>		"nemŋe"@aie	
"puti-"@kji	<https://panlex.org/snapshot/panlex-20191001-csv/114#8060493>				<https://panlex.org/snapshot/panlex-20191001-csv/114#8060296>		"kosio"@aie	
"huma-"@kji	<https://panlex.org/snapshot/panlex-20191001-csv/114#8059000>				<https://panlex.org/snapshot/panlex-20191001-csv/114#8058835>		"gigio"@aie	
"pau-"@kji	<https://panlex.org/snapshot/panlex-20191001-csv/114#8063584>				<https://panlex.org/snapshot/panlex-20191001-csv/114#8063398>		"gude kane"@aie	
"nehu-"@kji	<https://panlex.org/snapshot/panlex-20191001-csv/114#8065219>				<https://panlex.org/snapshot/panlex-20191001-csv/114#8065040>		"sŋore ka"@aie	
"mamaɤu"@kji	<https://panlex.org/snapshot/panlex-20191001-csv/114#8062553>				<https://panlex.org/snapshot/panlex-20191001-csv/114#8062375>		"motou"@aie	
"busaka-"@kji	<https://panlex.org/snapshot/panlex-20191001-csv/114#8063044>				<https://panlex.org/snapshot/panlex-20191001-csv/114#8062880>		"otopo"@aie	
"hiŋa-"@kji	<https://panlex.org/snapshot/panlex-20191001-csv/114#8067251>				<https://panlex.org/snapshot/panlex-20191001-csv/114#8067061>		"na kane vre kokŋe"@aie	
"kafu-"@kji	<https://panlex.org/snapshot/panlex-20191001-csv/114#8057415>				<https://panlex.org/snapshot/panlex-20191001-csv/114#8057248>		"kulkulio"@aie	
"fihiki"@kji	<https://panlex.org/snapshot/panlex-20191001-csv/114#8055432>				<https://panlex.org/snapshot/panlex-20191001-csv/114#8055268>		"opul iou"@aie	
"fihiki"@kji	<https://panlex.org/snapshot/panlex-20191001-csv/114#8055432>				<https://panlex.org/snapshot/panlex-20191001-csv/114#8055269>		"pul"@aie	
"paɤɔ̄"@kji	<https://panlex.org/snapshot/panlex-20191001-csv/114#8068313>				<https://panlex.org/snapshot/panlex-20191001-csv/114#8068128>		"ŋiŋ"@aie	
"mairi"@kji	<https://panlex.org/snapshot/panlex-20191001-csv/114#8052345>				<https://panlex.org/snapshot/panlex-20191001-csv/114#8052191>		"ŋas"@aie	
"avɔhi"@kji	<https://panlex.org/snapshot/panlex-20191001-csv/114#8061549>				<https://panlex.org/snapshot/panlex-20191001-csv/114#8061350>		"klele"@aie	
"ɤaɤahe"@kji	<https://panlex.org/snapshot/panlex-20191001-csv/114#8053888>				<https://panlex.org/snapshot/panlex-20191001-csv/114#8053685>		"leila"@aie	
