"taɤuru-"@kji	<https://panlex.org/snapshot/panlex-20191001-csv/114#8057932>				<https://panlex.org/snapshot/panlex-20191001-csv/114#8057802>		"paŋku"@bhq	
"puti-"@kji	<https://panlex.org/snapshot/panlex-20191001-csv/114#8060493>				<https://panlex.org/snapshot/panlex-20191001-csv/114#8060338>		"titi"@bhq	
"huma-"@kji	<https://panlex.org/snapshot/panlex-20191001-csv/114#8059000>				<https://panlex.org/snapshot/panlex-20191001-csv/114#8058870>		"ɓuku"@bhq	
"pau-"@kji	<https://panlex.org/snapshot/panlex-20191001-csv/114#8063584>				<https://panlex.org/snapshot/panlex-20191001-csv/114#8063438>		"kapala"@bhq	
"nehu-"@kji	<https://panlex.org/snapshot/panlex-20191001-csv/114#8065219>				<https://panlex.org/snapshot/panlex-20191001-csv/114#8065075>		"ŋoʔo"@bhq	
"mamaɤu"@kji	<https://panlex.org/snapshot/panlex-20191001-csv/114#8062553>				<https://panlex.org/snapshot/panlex-20191001-csv/114#8062408>		"maʔaka"@bhq	
"busaka-"@kji	<https://panlex.org/snapshot/panlex-20191001-csv/114#8063044>				<https://panlex.org/snapshot/panlex-20191001-csv/114#8062915>		"raha"@bhq	
"hiŋa-"@kji	<https://panlex.org/snapshot/panlex-20191001-csv/114#8067251>				<https://panlex.org/snapshot/panlex-20191001-csv/114#8067096>		"koni"@bhq	
"kafu-"@kji	<https://panlex.org/snapshot/panlex-20191001-csv/114#8057415>				<https://panlex.org/snapshot/panlex-20191001-csv/114#8057283>		"kuli"@bhq	
"paɤɔ̄"@kji	<https://panlex.org/snapshot/panlex-20191001-csv/114#8068313>				<https://panlex.org/snapshot/panlex-20191001-csv/114#8068163>		"koni"@bhq	
"mairi"@kji	<https://panlex.org/snapshot/panlex-20191001-csv/114#8052345>				<https://panlex.org/snapshot/panlex-20191001-csv/114#8052223>		"mɔhí"@bhq	
"avɔhi"@kji	<https://panlex.org/snapshot/panlex-20191001-csv/114#8061549>				<https://panlex.org/snapshot/panlex-20191001-csv/114#8061390>		"ɗahaniʔe"@bhq	
"ɤaɤahe"@kji	<https://panlex.org/snapshot/panlex-20191001-csv/114#8053888>				<https://panlex.org/snapshot/panlex-20191001-csv/114#8053727>		"kita"@bhq	
