"taɤuru-"@kji	<https://panlex.org/snapshot/panlex-20191001-csv/114#8057932>				<https://panlex.org/snapshot/panlex-20191001-csv/114#8058025>		"likod"@mmn	
"puti-"@kji	<https://panlex.org/snapshot/panlex-20191001-csv/114#8060493>				<https://panlex.org/snapshot/panlex-20191001-csv/114#8060598>		"dibdib"@mmn	
"puti-"@kji	<https://panlex.org/snapshot/panlex-20191001-csv/114#8060493>				<https://panlex.org/snapshot/panlex-20191001-csv/114#8060599>		"soso"@mmn	
"huma-"@kji	<https://panlex.org/snapshot/panlex-20191001-csv/114#8059000>				<https://panlex.org/snapshot/panlex-20191001-csv/114#8059090>		"bɨkɨg"@mmn	
"pau-"@kji	<https://panlex.org/snapshot/panlex-20191001-csv/114#8063584>				<https://panlex.org/snapshot/panlex-20191001-csv/114#8063679>		"qolo"@mmn	
"nehu-"@kji	<https://panlex.org/snapshot/panlex-20191001-csv/114#8065219>				<https://panlex.org/snapshot/panlex-20191001-csv/114#8065315>		"qirong"@mmn	
"mamaɤu"@kji	<https://panlex.org/snapshot/panlex-20191001-csv/114#8062553>				<https://panlex.org/snapshot/panlex-20191001-csv/114#8062643>		"haldɨk"@mmn	
"busaka-"@kji	<https://panlex.org/snapshot/panlex-20191001-csv/114#8063044>				<https://panlex.org/snapshot/panlex-20191001-csv/114#8063141>		"dogoq"@mmn	
"hiŋa-"@kji	<https://panlex.org/snapshot/panlex-20191001-csv/114#8067251>				<https://panlex.org/snapshot/panlex-20191001-csv/114#8067344>		"ngipin"@mmn	
"kafu-"@kji	<https://panlex.org/snapshot/panlex-20191001-csv/114#8057415>				<https://panlex.org/snapshot/panlex-20191001-csv/114#8057513>		"kindal"@mmn	
"fihiki"@kji	<https://panlex.org/snapshot/panlex-20191001-csv/114#8055432>				<https://panlex.org/snapshot/panlex-20191001-csv/114#8055515>		"liso"@mmn	
"paɤɔ̄"@kji	<https://panlex.org/snapshot/panlex-20191001-csv/114#8068313>				<https://panlex.org/snapshot/panlex-20191001-csv/114#8068400>		"katawa"@mmn	
"mairi"@kji	<https://panlex.org/snapshot/panlex-20191001-csv/114#8052345>				<https://panlex.org/snapshot/panlex-20191001-csv/114#8052425>		"wala"@mmn	
"avɔhi"@kji	<https://panlex.org/snapshot/panlex-20191001-csv/114#8061549>				<https://panlex.org/snapshot/panlex-20191001-csv/114#8061645>		"kilala"@mmn	
"ɤaɤahe"@kji	<https://panlex.org/snapshot/panlex-20191001-csv/114#8053888>				<https://panlex.org/snapshot/panlex-20191001-csv/114#8053987>		"panaw"@mmn	
