"enelela"@ttu	<https://panlex.org/snapshot/panlex-20191001-csv/114#8053617>				<https://panlex.org/snapshot/panlex-20191001-csv/114#8053606>		"bolokon"@tmb	
"oraora"@ttu	<https://panlex.org/snapshot/panlex-20191001-csv/114#8066453>				<https://panlex.org/snapshot/panlex-20191001-csv/114#8066443>		"robit"@tmb	
"oraora"@ttu	<https://panlex.org/snapshot/panlex-20191001-csv/114#8066453>				<https://panlex.org/snapshot/panlex-20191001-csv/114#8066444>		"sungsung"@tmb	
"pauna"@ttu	<https://panlex.org/snapshot/panlex-20191001-csv/114#8063885>				<https://panlex.org/snapshot/panlex-20191001-csv/114#8063873>		"bat"@tmb	
"pauna"@ttu	<https://panlex.org/snapshot/panlex-20191001-csv/114#8063885>				<https://panlex.org/snapshot/panlex-20191001-csv/114#8063874>		"batn"@tmb	
"pauna"@ttu	<https://panlex.org/snapshot/panlex-20191001-csv/114#8064969>				<https://panlex.org/snapshot/panlex-20191001-csv/114#8064959>		"sivlen"@tmb	
"sumala"@ttu	<https://panlex.org/snapshot/panlex-20191001-csv/114#8059277>				<https://panlex.org/snapshot/panlex-20191001-csv/114#8059267>		"bolong"@tmb	
"baela"@ttu	<https://panlex.org/snapshot/panlex-20191001-csv/114#8052128>				<https://panlex.org/snapshot/panlex-20191001-csv/114#8052119>		"varan"@tmb	
"matau"@ttu	<https://panlex.org/snapshot/panlex-20191001-csv/114#8053063>				<https://panlex.org/snapshot/panlex-20191001-csv/114#8053053>		"bariin"@tmb	
"siopa"@ttu	<https://panlex.org/snapshot/panlex-20191001-csv/114#8059747>				<https://panlex.org/snapshot/panlex-20191001-csv/114#8059737>		"bburtan"@tmb	
"iro"@ttu	<https://panlex.org/snapshot/panlex-20191001-csv/114#8058214>				<https://panlex.org/snapshot/panlex-20191001-csv/114#8058204>		"udruun"@tmb	
"unina"@ttu	<https://panlex.org/snapshot/panlex-20191001-csv/114#8057706>				<https://panlex.org/snapshot/panlex-20191001-csv/114#8057696>		"ipmin"@tmb	
"maeriu"@ttu	<https://panlex.org/snapshot/panlex-20191001-csv/114#8052606>				<https://panlex.org/snapshot/panlex-20191001-csv/114#8052596>		"mwiir"@tmb	
"nonotola"@ttu	<https://panlex.org/snapshot/panlex-20191001-csv/114#8066994>				<https://panlex.org/snapshot/panlex-20191001-csv/114#8066982>		"bongon"@tmb	
"ruau"@ttu	<https://panlex.org/snapshot/panlex-20191001-csv/114#8064417>				<https://panlex.org/snapshot/panlex-20191001-csv/114#8064407>		"balawan"@tmb	
