"enelela"@ttu	<https://panlex.org/snapshot/panlex-20191001-csv/114#8053617>				<https://panlex.org/snapshot/panlex-20191001-csv/114#8053401>		"na-yŋɪ-k"@mlv	
"oraora"@ttu	<https://panlex.org/snapshot/panlex-20191001-csv/114#8066453>				<https://panlex.org/snapshot/panlex-20191001-csv/114#8066266>		"hɪmɛn"@mlv	
"pauna"@ttu	<https://panlex.org/snapshot/panlex-20191001-csv/114#8063885>				<https://panlex.org/snapshot/panlex-20191001-csv/114#8063678>		"ni-kpwti-k"@mlv	
"pauna"@ttu	<https://panlex.org/snapshot/panlex-20191001-csv/114#8064969>				<https://panlex.org/snapshot/panlex-20191001-csv/114#8064754>		"n-ili-k"@mlv	
"sumala"@ttu	<https://panlex.org/snapshot/panlex-20191001-csv/114#8059277>				<https://panlex.org/snapshot/panlex-20191001-csv/114#8059089>		"ni-hiy"@mlv	
"baela"@ttu	<https://panlex.org/snapshot/panlex-20191001-csv/114#8052128>				<https://panlex.org/snapshot/panlex-20191001-csv/114#8051916>		"na-mnɪ-k"@mlv	
"matau"@ttu	<https://panlex.org/snapshot/panlex-20191001-csv/114#8053063>				<https://panlex.org/snapshot/panlex-20191001-csv/114#8052888>		"na-mtʊ"@mlv	
"siopa"@ttu	<https://panlex.org/snapshot/panlex-20191001-csv/114#8059747>				<https://panlex.org/snapshot/panlex-20191001-csv/114#8059573>		"nɪ-tna"@mlv	
"iro"@ttu	<https://panlex.org/snapshot/panlex-20191001-csv/114#8058214>				<https://panlex.org/snapshot/panlex-20191001-csv/114#8058024>		"nɪ-klɛ-k"@mlv	
"unina"@ttu	<https://panlex.org/snapshot/panlex-20191001-csv/114#8057706>				<https://panlex.org/snapshot/panlex-20191001-csv/114#8057512>		"ni-pni-k"@mlv	
"maeriu"@ttu	<https://panlex.org/snapshot/panlex-20191001-csv/114#8052606>				<https://panlex.org/snapshot/panlex-20191001-csv/114#8052424>		"na-ɣla"@mlv	
"nonotola"@ttu	<https://panlex.org/snapshot/panlex-20191001-csv/114#8066994>				<https://panlex.org/snapshot/panlex-20191001-csv/114#8066782>		"na-plɛ-k"@mlv	
"nonotola"@ttu	<https://panlex.org/snapshot/panlex-20191001-csv/114#8066994>				<https://panlex.org/snapshot/panlex-20191001-csv/114#8066783>		"na-ŋyɛ-k"@mlv	
"ruau"@ttu	<https://panlex.org/snapshot/panlex-20191001-csv/114#8064417>				<https://panlex.org/snapshot/panlex-20191001-csv/114#8064221>		"nɪ-nlɪ-k"@mlv	
