"enelela"@ttu	<https://panlex.org/snapshot/panlex-20191001-csv/114#8053617>				<https://panlex.org/snapshot/panlex-20191001-csv/114#8053152>		"ai"@bgz	
"oraora"@ttu	<https://panlex.org/snapshot/panlex-20191001-csv/114#8066453>				<https://panlex.org/snapshot/panlex-20191001-csv/114#8066046>		"onoki"@bgz	
"oraora"@ttu	<https://panlex.org/snapshot/panlex-20191001-csv/114#8066453>				<https://panlex.org/snapshot/panlex-20191001-csv/114#8066047>		"oŋoki"@bgz	
"pauna"@ttu	<https://panlex.org/snapshot/panlex-20191001-csv/114#8063885>				<https://panlex.org/snapshot/panlex-20191001-csv/114#8063436>		"ulu"@bgz	
"pauna"@ttu	<https://panlex.org/snapshot/panlex-20191001-csv/114#8064969>				<https://panlex.org/snapshot/panlex-20191001-csv/114#8064520>		"buuk"@bgz	
"sumala"@ttu	<https://panlex.org/snapshot/panlex-20191001-csv/114#8059277>				<https://panlex.org/snapshot/panlex-20191001-csv/114#8058868>		"buku"@bgz	
"baela"@ttu	<https://panlex.org/snapshot/panlex-20191001-csv/114#8052128>				<https://panlex.org/snapshot/panlex-20191001-csv/114#8051662>		"lima"@bgz	
"matau"@ttu	<https://panlex.org/snapshot/panlex-20191001-csv/114#8053063>				<https://panlex.org/snapshot/panlex-20191001-csv/114#8052693>		"bakaliŋa"@bgz	
"iro"@ttu	<https://panlex.org/snapshot/panlex-20191001-csv/114#8058214>				<https://panlex.org/snapshot/panlex-20191001-csv/114#8057800>		"toŋkuluŋ"@bgz	
"maeriu"@ttu	<https://panlex.org/snapshot/panlex-20191001-csv/114#8052606>				<https://panlex.org/snapshot/panlex-20191001-csv/114#8052221>		"bobo"@bgz	
"nonotola"@ttu	<https://panlex.org/snapshot/panlex-20191001-csv/114#8066994>				<https://panlex.org/snapshot/panlex-20191001-csv/114#8066542>		"baba"@bgz	
"nonotola"@ttu	<https://panlex.org/snapshot/panlex-20191001-csv/114#8066994>				<https://panlex.org/snapshot/panlex-20191001-csv/114#8066543>		"suuŋ"@bgz	
"ruau"@ttu	<https://panlex.org/snapshot/panlex-20191001-csv/114#8064417>				<https://panlex.org/snapshot/panlex-20191001-csv/114#8063985>		"buŋkut"@bgz	
