"manava-"@tva	<https://panlex.org/snapshot/panlex-20191001-csv/114#8060236>				<https://panlex.org/snapshot/panlex-20191001-csv/114#8060052>		"na-ßay"@mlv	
"tɔtɔka-"@tva	<https://panlex.org/snapshot/panlex-20191001-csv/114#8058217>				<https://panlex.org/snapshot/panlex-20191001-csv/114#8058024>		"nɪ-klɛ-k"@mlv	
"supa-"@tva	<https://panlex.org/snapshot/panlex-20191001-csv/114#8059749>				<https://panlex.org/snapshot/panlex-20191001-csv/114#8059573>		"nɪ-tna"@mlv	
"marapəɤa"@tva	<https://panlex.org/snapshot/panlex-20191001-csv/114#8065966>				<https://panlex.org/snapshot/panlex-20191001-csv/114#8065795>		"ŋmwʊkhɛɣ"@mlv	
"susu-"@tva	<https://panlex.org/snapshot/panlex-20191001-csv/114#8060818>				<https://panlex.org/snapshot/panlex-20191001-csv/114#8060597>		"ni-sis"@mlv	
"pɔŋɔ"@tva	<https://panlex.org/snapshot/panlex-20191001-csv/114#8056738>				<https://panlex.org/snapshot/panlex-20191001-csv/114#8056534>		"nɛ-lɛm"@mlv	
"nanau"@tva	<https://panlex.org/snapshot/panlex-20191001-csv/114#8062317>				<https://panlex.org/snapshot/panlex-20191001-csv/114#8062144>		"dɪm"@mlv	
"paŋgara-"@tva	<https://panlex.org/snapshot/panlex-20191001-csv/114#8053620>				<https://panlex.org/snapshot/panlex-20191001-csv/114#8053401>		"na-yŋɪ-k"@mlv	
"rove"@tva	<https://panlex.org/snapshot/panlex-20191001-csv/114#8061854>				<https://panlex.org/snapshot/panlex-20191001-csv/114#8061643>		"nɔ-lɔlmɛyɛn"@mlv	
"rove"@tva	<https://panlex.org/snapshot/panlex-20191001-csv/114#8061854>				<https://panlex.org/snapshot/panlex-20191001-csv/114#8061644>		"ɪɣlal"@mlv	
