"ŋaseŋase"@woe	<https://panlex.org/snapshot/panlex-20191001-csv/114#8065992>				<https://panlex.org/snapshot/panlex-20191001-csv/114#8065876>		"napas"@pse	
"yafa"@woe	<https://panlex.org/snapshot/panlex-20191001-csv/114#8056255>				<https://panlex.org/snapshot/panlex-20191001-csv/114#8056111>		"bədənaŋ"@pse	
"ŋii"@woe	<https://panlex.org/snapshot/panlex-20191001-csv/114#8067584>				<https://panlex.org/snapshot/panlex-20191001-csv/114#8067436>		"gigi"@pse	
"mangi-a"@woe	<https://panlex.org/snapshot/panlex-20191001-csv/114#8062342>				<https://panlex.org/snapshot/panlex-20191001-csv/114#8062223>		"bəpikir"@pse	
"buu-"@woe	<https://panlex.org/snapshot/panlex-20191001-csv/114#8055242>				<https://panlex.org/snapshot/panlex-20191001-csv/114#8055104>		"dataŋ"@pse	
"geraatiuyetɪʊ"@woe	<https://panlex.org/snapshot/panlex-20191001-csv/114#8057222>				<https://panlex.org/snapshot/panlex-20191001-csv/114#8057102>		"abu"@pse	
"yawa"@woe	<https://panlex.org/snapshot/panlex-20191001-csv/114#8067031>				<https://panlex.org/snapshot/panlex-20191001-csv/114#8066878>		"mulut"@pse	
"shúú-"@woe	<https://panlex.org/snapshot/panlex-20191001-csv/114#8059313>				<https://panlex.org/snapshot/panlex-20191001-csv/114#8059172>		"tulaŋ"@pse	
"-bootɪ"@woe	<https://panlex.org/snapshot/panlex-20191001-csv/114#8065555>				<https://panlex.org/snapshot/panlex-20191001-csv/114#8065403>		"iduŋ"@pse	
"ffase"@woe	<https://panlex.org/snapshot/panlex-20191001-csv/114#8068623>				<https://panlex.org/snapshot/panlex-20191001-csv/114#8068487>		"tətawə"@pse	
"metagʊ"@woe	<https://panlex.org/snapshot/panlex-20191001-csv/114#8062854>				<https://panlex.org/snapshot/panlex-20191001-csv/114#8062726>		"takut"@pse	
"yen-(nape)"@woe	<https://panlex.org/snapshot/panlex-20191001-csv/114#8054740>				<https://panlex.org/snapshot/panlex-20191001-csv/114#8054599>		"jalan"@pse	
"ngiuri-a"@woe	<https://panlex.org/snapshot/panlex-20191001-csv/114#8066482>				<https://panlex.org/snapshot/panlex-20191001-csv/114#8066353>		"m̃ium"@pse	
"úúwe"@woe	<https://panlex.org/snapshot/panlex-20191001-csv/114#8064458>				<https://panlex.org/snapshot/panlex-20191001-csv/114#8064305>		"liax̥"@pse	
"yafera-(le)"@woe	<https://panlex.org/snapshot/panlex-20191001-csv/114#8061321>				<https://panlex.org/snapshot/panlex-20191001-csv/114#8061202>		"bau"@pse	
"chaa"@woe	<https://panlex.org/snapshot/panlex-20191001-csv/114#8063370>				<https://panlex.org/snapshot/panlex-20191001-csv/114#8063225>		"daxah"@pse	
"shimwa"@woe	<https://panlex.org/snapshot/panlex-20191001-csv/114#8063921>				<https://panlex.org/snapshot/panlex-20191001-csv/114#8063767>		"palaʔ"@pse	
"yala"@woe	<https://panlex.org/snapshot/panlex-20191001-csv/114#8054738>				<https://panlex.org/snapshot/panlex-20191001-csv/114#8054599>		"jalan"@pse	
"yefare"@woe	<https://panlex.org/snapshot/panlex-20191001-csv/114#8061323>				<https://panlex.org/snapshot/panlex-20191001-csv/114#8061202>		"bau"@pse	
"yaase"@woe	<https://panlex.org/snapshot/panlex-20191001-csv/114#8060267>				<https://panlex.org/snapshot/panlex-20191001-csv/114#8060132>		"ati"@pse	
"paaú"@woe	<https://panlex.org/snapshot/panlex-20191001-csv/114#8052165>				<https://panlex.org/snapshot/panlex-20191001-csv/114#8052007>		"taŋan"@pse	
"pwpwelɪʊ"@woe	<https://panlex.org/snapshot/panlex-20191001-csv/114#8056767>				<https://panlex.org/snapshot/panlex-20191001-csv/114#8056624>		"kamah"@pse	
"pesheɛ"@woe	<https://panlex.org/snapshot/panlex-20191001-csv/114#8053657>				<https://panlex.org/snapshot/panlex-20191001-csv/114#8053496>		"kətiŋ"@pse	
"me-tagú-(ú)"@woe	<https://panlex.org/snapshot/panlex-20191001-csv/114#8062853>				<https://panlex.org/snapshot/panlex-20191001-csv/114#8062726>		"takut"@pse	
