"да"@kum	<https://panlex.org/snapshot/panlex-20191001-csv/5947#84702280>				<https://panlex.org/snapshot/panlex-20191001-csv/5947#84702221>		"ve"@crh	
"да"@kum	<https://panlex.org/snapshot/panlex-20191001-csv/5947#84702280>				<https://panlex.org/snapshot/panlex-20191001-csv/5947#84702220>		"ile"@crh	
"явун"@kum	<https://panlex.org/snapshot/panlex-20191001-csv/5946#84436330>				<https://panlex.org/snapshot/panlex-20191001-csv/5946#84436266>		"yağmur"@crh	
"гюзгю"@kum	<https://panlex.org/snapshot/panlex-20191001-csv/5946#84446237>				<https://panlex.org/snapshot/panlex-20191001-csv/5946#84446154>		"küzgü"@crh	
"янгур"@kum	<https://panlex.org/snapshot/panlex-20191001-csv/5946#84436331>				<https://panlex.org/snapshot/panlex-20191001-csv/5946#84436266>		"yağmur"@crh	
"Гюнеш"@kum	<https://panlex.org/snapshot/panlex-20191001-csv/5949#85320939>				<https://panlex.org/snapshot/panlex-20191001-csv/5949#85320878>		"Küneş"@crh	
"август"@kum	<https://panlex.org/snapshot/panlex-20191001-csv/5949#85329408>				<https://panlex.org/snapshot/panlex-20191001-csv/5949#85329308>		"ağustos"@crh	
"август"@kum	<https://panlex.org/snapshot/panlex-20191001-csv/5949#85329408>				<https://panlex.org/snapshot/panlex-20191001-csv/5949#85329309>		"avgust"@crh	
"Гюн"@kum	<https://panlex.org/snapshot/panlex-20191001-csv/5949#85320938>				<https://panlex.org/snapshot/panlex-20191001-csv/5949#85320878>		"Küneş"@crh	
"Россия"@kum	<https://panlex.org/snapshot/panlex-20191001-csv/5949#85319518>				<https://panlex.org/snapshot/panlex-20191001-csv/5949#85319428>		"Rusiye"@crh	
"автобус"@kum	<https://panlex.org/snapshot/panlex-20191001-csv/5949#85330530>				<https://panlex.org/snapshot/panlex-20191001-csv/5949#85330479>		"avtobus"@crh	
"Азербайжан"@kum	<https://panlex.org/snapshot/panlex-20191001-csv/5949#85298481>				<https://panlex.org/snapshot/panlex-20191001-csv/5949#85298433>		"Azerbaycan"@crh	
"Къазахстан"@kum	<https://panlex.org/snapshot/panlex-20191001-csv/5949#85312115>				<https://panlex.org/snapshot/panlex-20191001-csv/5949#85312061>		"Qazahistan"@crh	
"тогъуз"@kum	<https://panlex.org/snapshot/panlex-20191001-csv/9#490994>				<https://panlex.org/snapshot/panlex-20191001-csv/9#490937>		"doquz"@crh	
"Темиркъазыкъ поляр дёгереги"@kum	<https://panlex.org/snapshot/panlex-20191001-csv/2910#110854752>				<https://panlex.org/snapshot/panlex-20191001-csv/2910#110854785>		"Şimaliy qutup tögeregi"@crh	
"Темиркъазыкъ поляр дёгереги"@kum	<https://panlex.org/snapshot/panlex-20191001-csv/2910#110854752>				<https://panlex.org/snapshot/panlex-20191001-csv/2910#110854765>		"Шималий къутуп тёгереги"@crh	
"Къыбла поляр дёгереги"@kum	<https://panlex.org/snapshot/panlex-20191001-csv/2910#110855458>				<https://panlex.org/snapshot/panlex-20191001-csv/2910#110855495>		"Cenübiy qutup tögeregi"@crh	
"Къыбла поляр дёгереги"@kum	<https://panlex.org/snapshot/panlex-20191001-csv/2910#110855458>				<https://panlex.org/snapshot/panlex-20191001-csv/2910#110855473>		"Дженюбий къутуп тёгереги"@crh	
"Къыбла полюс"@kum	<https://panlex.org/snapshot/panlex-20191001-csv/2910#110855637>				<https://panlex.org/snapshot/panlex-20191001-csv/2910#110855601>		"Дженюбий къутуп"@crh	
"Къыбла полюс"@kum	<https://panlex.org/snapshot/panlex-20191001-csv/2910#110855637>				<https://panlex.org/snapshot/panlex-20191001-csv/2910#110855541>		"Cenübiy qutup"@crh	
"Темиркъазыкъ полюс"@kum	<https://panlex.org/snapshot/panlex-20191001-csv/2910#110854627>				<https://panlex.org/snapshot/panlex-20191001-csv/2910#110854581>		"Şimaliy qutup"@crh	
"Темиркъазыкъ полюс"@kum	<https://panlex.org/snapshot/panlex-20191001-csv/2910#110854627>				<https://panlex.org/snapshot/panlex-20191001-csv/2910#110854647>		"Шималий къутуп"@crh	
"Экватор"@kum	<https://panlex.org/snapshot/panlex-20191001-csv/2910#110855048>				<https://panlex.org/snapshot/panlex-20191001-csv/2910#110855193>		"Экватор"@crh	
"Экватор"@kum	<https://panlex.org/snapshot/panlex-20191001-csv/2910#110855048>				<https://panlex.org/snapshot/panlex-20191001-csv/2910#110855119>		"Ekvator"@crh	
"Каспий денгиз"@kum	<https://panlex.org/snapshot/panlex-20191001-csv/2905#110869680>				<https://panlex.org/snapshot/panlex-20191001-csv/2905#110869671>		"Hazar deñizi"@crh	
"Каспий денгиз"@kum	<https://panlex.org/snapshot/panlex-20191001-csv/2905#110869680>				<https://panlex.org/snapshot/panlex-20191001-csv/2905#110869532>		"Хазар денъизи"@crh	
"Къара денгиз"@kum	<https://panlex.org/snapshot/panlex-20191001-csv/2905#110869030>				<https://panlex.org/snapshot/panlex-20191001-csv/2905#110869169>		"Qara deñiz"@crh	
"Къара денгиз"@kum	<https://panlex.org/snapshot/panlex-20191001-csv/2905#110869030>				<https://panlex.org/snapshot/panlex-20191001-csv/2905#110869049>		"Къара денъиз"@crh	
"Сари денгиз"@kum	<https://panlex.org/snapshot/panlex-20191001-csv/2905#110871567>				<https://panlex.org/snapshot/panlex-20191001-csv/2905#110871488>		"Sarı deñiz"@crh	
"Сари денгиз"@kum	<https://panlex.org/snapshot/panlex-20191001-csv/2905#110871567>				<https://panlex.org/snapshot/panlex-20191001-csv/2905#110871589>		"Сары денъиз"@crh	
"Темиркъазыкъ денгиз"@kum	<https://panlex.org/snapshot/panlex-20191001-csv/2905#110870689>				<https://panlex.org/snapshot/panlex-20191001-csv/2905#110870615>		"Шималий денъиз"@crh	
"Темиркъазыкъ денгиз"@kum	<https://panlex.org/snapshot/panlex-20191001-csv/2905#110870689>				<https://panlex.org/snapshot/panlex-20191001-csv/2905#110870528>		"Şimaliy deñiz"@crh	
"Къызыл денгиз"@kum	<https://panlex.org/snapshot/panlex-20191001-csv/2905#110870902>				<https://panlex.org/snapshot/panlex-20191001-csv/2905#110871022>		"Qızıl deñiz"@crh	
"Къызыл денгиз"@kum	<https://panlex.org/snapshot/panlex-20191001-csv/2905#110870902>				<https://panlex.org/snapshot/panlex-20191001-csv/2905#110871039>		"Къызыл денъиз"@crh	
"Кариб денгиз"@kum	<https://panlex.org/snapshot/panlex-20191001-csv/2905#110869450>				<https://panlex.org/snapshot/panlex-20191001-csv/2905#110869511>		"Karib deñizi"@crh	
"Кариб денгиз"@kum	<https://panlex.org/snapshot/panlex-20191001-csv/2905#110869450>				<https://panlex.org/snapshot/panlex-20191001-csv/2905#110869494>		"Кариб денъизи"@crh	
"Орта денгиз"@kum	<https://panlex.org/snapshot/panlex-20191001-csv/2905#110870483>				<https://panlex.org/snapshot/panlex-20191001-csv/2905#110870449>		"Aq deñiz"@crh	
"Орта денгиз"@kum	<https://panlex.org/snapshot/panlex-20191001-csv/2905#110870483>				<https://panlex.org/snapshot/panlex-20191001-csv/2905#110870438>		"Акъ денъиз"@crh	
"Арап денгизи"@kum	<https://panlex.org/snapshot/panlex-20191001-csv/2905#110868545>				<https://panlex.org/snapshot/panlex-20191001-csv/2905#110868459>		"Арап денъизи"@crh	
"Арап денгизи"@kum	<https://panlex.org/snapshot/panlex-20191001-csv/2905#110868545>				<https://panlex.org/snapshot/panlex-20191001-csv/2905#110868510>		"Arap deñizi"@crh	
"Акъ денгиз"@kum	<https://panlex.org/snapshot/panlex-20191001-csv/2905#110871335>				<https://panlex.org/snapshot/panlex-20191001-csv/2905#110871435>		"Beyaz deñiz"@crh	
"Акъ денгиз"@kum	<https://panlex.org/snapshot/panlex-20191001-csv/2905#110871335>				<https://panlex.org/snapshot/panlex-20191001-csv/2905#110871363>		"Беяз денъиз"@crh	
"Оьлген денгиз"@kum	<https://panlex.org/snapshot/panlex-20191001-csv/2905#110869940>				<https://panlex.org/snapshot/panlex-20191001-csv/2905#110869946>		"Ölü deñiz"@crh	
"Оьлген денгиз"@kum	<https://panlex.org/snapshot/panlex-20191001-csv/2905#110869940>				<https://panlex.org/snapshot/panlex-20191001-csv/2905#110869932>		"Олю денъиз"@crh	
"Балтик денгиз"@kum	<https://panlex.org/snapshot/panlex-20191001-csv/2905#110868684>				<https://panlex.org/snapshot/panlex-20191001-csv/2905#110868739>		"Baltik deñiz"@crh	
"Балтик денгиз"@kum	<https://panlex.org/snapshot/panlex-20191001-csv/2905#110868684>				<https://panlex.org/snapshot/panlex-20191001-csv/2905#110868624>		"Балтик денъиз"@crh	
"Маржан денгизи"@kum	<https://panlex.org/snapshot/panlex-20191001-csv/2905#110869833>				<https://panlex.org/snapshot/panlex-20191001-csv/2905#110869842>		"Mercan deñizi"@crh	
"Маржан денгизи"@kum	<https://panlex.org/snapshot/panlex-20191001-csv/2905#110869833>				<https://panlex.org/snapshot/panlex-20191001-csv/2905#110869792>		"Мерджан денъизи"@crh	
"Уран"@kum	<https://panlex.org/snapshot/panlex-20191001-csv/2907#110846871>				<https://panlex.org/snapshot/panlex-20191001-csv/2907#110846855>		"Уран"@crh	
"Уран"@kum	<https://panlex.org/snapshot/panlex-20191001-csv/2907#110846871>				<https://panlex.org/snapshot/panlex-20191001-csv/2907#110846822>		"Uran"@crh	
"Гюнеш"@kum	<https://panlex.org/snapshot/panlex-20191001-csv/2907#110844972>				<https://panlex.org/snapshot/panlex-20191001-csv/2907#110845063>		"Кюнеш"@crh	
"Гюнеш"@kum	<https://panlex.org/snapshot/panlex-20191001-csv/2907#110844972>				<https://panlex.org/snapshot/panlex-20191001-csv/2907#110845016>		"Küneş"@crh	
"Макемаке"@kum	<https://panlex.org/snapshot/panlex-20191001-csv/2907#110847646>				<https://panlex.org/snapshot/panlex-20191001-csv/2907#110847645>		"Makemake"@crh	
"Макемаке"@kum	<https://panlex.org/snapshot/panlex-20191001-csv/2907#110847646>				<https://panlex.org/snapshot/panlex-20191001-csv/2907#110847629>		"Макемаке"@crh	
"Хаумеа"@kum	<https://panlex.org/snapshot/panlex-20191001-csv/2907#110847520>				<https://panlex.org/snapshot/panlex-20191001-csv/2907#110847432>		"Haumea"@crh	
"Хаумеа"@kum	<https://panlex.org/snapshot/panlex-20191001-csv/2907#110847520>				<https://panlex.org/snapshot/panlex-20191001-csv/2907#110847454>		"Хаумеа"@crh	
"Юпитер"@kum	<https://panlex.org/snapshot/panlex-20191001-csv/2907#110846452>				<https://panlex.org/snapshot/panlex-20191001-csv/2907#110846408>		"Мюштери"@crh	
"Юпитер"@kum	<https://panlex.org/snapshot/panlex-20191001-csv/2907#110846452>				<https://panlex.org/snapshot/panlex-20191001-csv/2907#110846388>		"Müşteri"@crh	
"Церера"@kum	<https://panlex.org/snapshot/panlex-20191001-csv/2907#110846193>				<https://panlex.org/snapshot/panlex-20191001-csv/2907#110846202>		"Ceres"@crh	
"Церера"@kum	<https://panlex.org/snapshot/panlex-20191001-csv/2907#110846193>				<https://panlex.org/snapshot/panlex-20191001-csv/2907#110846301>		"Джерес"@crh	
"Ай"@kum	<https://panlex.org/snapshot/panlex-20191001-csv/2907#110845754>				<https://panlex.org/snapshot/panlex-20191001-csv/2907#110845898>		"Ay"@crh	
"Ай"@kum	<https://panlex.org/snapshot/panlex-20191001-csv/2907#110845754>				<https://panlex.org/snapshot/panlex-20191001-csv/2907#110845732>		"Ай"@crh	
"Сатурн"@kum	<https://panlex.org/snapshot/panlex-20191001-csv/2907#110846571>				<https://panlex.org/snapshot/panlex-20191001-csv/2907#110846666>		"Zual"@crh	
"Сатурн"@kum	<https://panlex.org/snapshot/panlex-20191001-csv/2907#110846571>				<https://panlex.org/snapshot/panlex-20191001-csv/2907#110846701>		"Зуал"@crh	
"Венера"@kum	<https://panlex.org/snapshot/panlex-20191001-csv/2907#110845419>				<https://panlex.org/snapshot/panlex-20191001-csv/2907#110845287>		"Çolpan"@crh	
"Венера"@kum	<https://panlex.org/snapshot/panlex-20191001-csv/2907#110845419>				<https://panlex.org/snapshot/panlex-20191001-csv/2907#110845460>		"Чолпан"@crh	
"Меркурий"@kum	<https://panlex.org/snapshot/panlex-20191001-csv/2907#110845162>				<https://panlex.org/snapshot/panlex-20191001-csv/2907#110845259>		"Утарит"@crh	
"Меркурий"@kum	<https://panlex.org/snapshot/panlex-20191001-csv/2907#110845162>				<https://panlex.org/snapshot/panlex-20191001-csv/2907#110845142>		"Utarit"@crh	
"Гюн"@kum	<https://panlex.org/snapshot/panlex-20191001-csv/2907#110845019>				<https://panlex.org/snapshot/panlex-20191001-csv/2907#110845063>		"Кюнеш"@crh	
"Гюн"@kum	<https://panlex.org/snapshot/panlex-20191001-csv/2907#110845019>				<https://panlex.org/snapshot/panlex-20191001-csv/2907#110845016>		"Küneş"@crh	
"Ер"@kum	<https://panlex.org/snapshot/panlex-20191001-csv/2907#110845548>				<https://panlex.org/snapshot/panlex-20191001-csv/2907#110845708>		"Zemin"@crh	
"Ер"@kum	<https://panlex.org/snapshot/panlex-20191001-csv/2907#110845548>				<https://panlex.org/snapshot/panlex-20191001-csv/2907#110845529>		"Земин"@crh	
"Нептун"@kum	<https://panlex.org/snapshot/panlex-20191001-csv/2907#110847146>				<https://panlex.org/snapshot/panlex-20191001-csv/2907#110847038>		"Нептун"@crh	
"Нептун"@kum	<https://panlex.org/snapshot/panlex-20191001-csv/2907#110847146>				<https://panlex.org/snapshot/panlex-20191001-csv/2907#110847055>		"Neptun"@crh	
"Марс"@kum	<https://panlex.org/snapshot/panlex-20191001-csv/2907#110846058>				<https://panlex.org/snapshot/panlex-20191001-csv/2907#110846121>		"Мерих"@crh	
"Марс"@kum	<https://panlex.org/snapshot/panlex-20191001-csv/2907#110846058>				<https://panlex.org/snapshot/panlex-20191001-csv/2907#110846016>		"Merih"@crh	
"Плутон"@kum	<https://panlex.org/snapshot/panlex-20191001-csv/2907#110847193>				<https://panlex.org/snapshot/panlex-20191001-csv/2907#110847348>		"Pluton"@crh	
"Плутон"@kum	<https://panlex.org/snapshot/panlex-20191001-csv/2907#110847193>				<https://panlex.org/snapshot/panlex-20191001-csv/2907#110847368>		"Плутон"@crh	
"Эрида"@kum	<https://panlex.org/snapshot/panlex-20191001-csv/2907#110847893>				<https://panlex.org/snapshot/panlex-20191001-csv/2907#110847814>		"Eris"@crh	
"Эрида"@kum	<https://panlex.org/snapshot/panlex-20191001-csv/2907#110847893>				<https://panlex.org/snapshot/panlex-20191001-csv/2907#110847879>		"Эрис"@crh	
"Индия океан"@kum	<https://panlex.org/snapshot/panlex-20191001-csv/2901#110867722>				<https://panlex.org/snapshot/panlex-20191001-csv/2901#110867687>		"Инд океаны"@crh	
"Индия океан"@kum	<https://panlex.org/snapshot/panlex-20191001-csv/2901#110867722>				<https://panlex.org/snapshot/panlex-20191001-csv/2901#110867812>		"İnd okeanı"@crh	
"Темиркъазыкъ Бузлу океан"@kum	<https://panlex.org/snapshot/panlex-20191001-csv/2901#110867099>				<https://panlex.org/snapshot/panlex-20191001-csv/2901#110867240>		"Арктик океан"@crh	
"Темиркъазыкъ Бузлу океан"@kum	<https://panlex.org/snapshot/panlex-20191001-csv/2901#110867099>				<https://panlex.org/snapshot/panlex-20191001-csv/2901#110867339>		"Arktik okean"@crh	
"Юваш океан"@kum	<https://panlex.org/snapshot/panlex-20191001-csv/2901#110868080>				<https://panlex.org/snapshot/panlex-20191001-csv/2901#110868122>		"Тынч океан"@crh	
"Юваш океан"@kum	<https://panlex.org/snapshot/panlex-20191001-csv/2901#110868080>				<https://panlex.org/snapshot/panlex-20191001-csv/2901#110867877>		"Tınç okean"@crh	
"Къыбла океан"@kum	<https://panlex.org/snapshot/panlex-20191001-csv/2901#110868318>				<https://panlex.org/snapshot/panlex-20191001-csv/2901#110868154>		"Дженюбий океан"@crh	
"Къыбла океан"@kum	<https://panlex.org/snapshot/panlex-20191001-csv/2901#110868318>				<https://panlex.org/snapshot/panlex-20191001-csv/2901#110868159>		"Cenübiy okean"@crh	
"Тихий океан"@kum	<https://panlex.org/snapshot/panlex-20191001-csv/2901#110867911>				<https://panlex.org/snapshot/panlex-20191001-csv/2901#110868122>		"Тынч океан"@crh	
"Тихий океан"@kum	<https://panlex.org/snapshot/panlex-20191001-csv/2901#110867911>				<https://panlex.org/snapshot/panlex-20191001-csv/2901#110867877>		"Tınç okean"@crh	
"Атлантик океан"@kum	<https://panlex.org/snapshot/panlex-20191001-csv/2901#110867513>				<https://panlex.org/snapshot/panlex-20191001-csv/2901#110867528>		"Атлантик океан"@crh	
"Атлантик океан"@kum	<https://panlex.org/snapshot/panlex-20191001-csv/2901#110867513>				<https://panlex.org/snapshot/panlex-20191001-csv/2901#110867531>		"Atlantik okean"@crh	
"Ягьия пайхаммар"@kum	<https://panlex.org/snapshot/panlex-20191001-csv/2906#111020498>				<https://panlex.org/snapshot/panlex-20191001-csv/2906#111020518>		"Batırıcı Yağya"@crh	
"Ягьия пайхаммар"@kum	<https://panlex.org/snapshot/panlex-20191001-csv/2906#111020498>				<https://panlex.org/snapshot/panlex-20191001-csv/2906#111020471>		"Батырыджы Ягъя"@crh	
"сыйыр"@kum	<https://panlex.org/snapshot/panlex-20191001-csv/3776#91683921>				<https://panlex.org/snapshot/panlex-20191001-csv/3776#91683868>		"tuvar"@crh	
"сыйыр"@kum	<https://panlex.org/snapshot/panlex-20191001-csv/3776#91683921>				<https://panlex.org/snapshot/panlex-20191001-csv/3776#91683867>		"sığır"@crh	
"сыйыр"@kum	<https://panlex.org/snapshot/panlex-20191001-csv/3776#91683921>				<https://panlex.org/snapshot/panlex-20191001-csv/3776#91683869>		"sıyır"@crh	
"буз"@kum	<https://panlex.org/snapshot/panlex-20191001-csv/3776#91607918>				<https://panlex.org/snapshot/panlex-20191001-csv/3776#91607862>		"ayaz"@crh	
"буз"@kum	<https://panlex.org/snapshot/panlex-20191001-csv/3776#91607918>				<https://panlex.org/snapshot/panlex-20191001-csv/3776#91607863>		"buz"@crh	
"оьлюм"@kum	<https://panlex.org/snapshot/panlex-20191001-csv/3776#91695762>				<https://panlex.org/snapshot/panlex-20191001-csv/3776#91695688>		"ecel"@crh	
"оьлюм"@kum	<https://panlex.org/snapshot/panlex-20191001-csv/3776#91695762>				<https://panlex.org/snapshot/panlex-20191001-csv/3776#91695689>		"ölüm"@crh	
"сорав"@kum	<https://panlex.org/snapshot/panlex-20191001-csv/3776#91591614>				<https://panlex.org/snapshot/panlex-20191001-csv/3776#91591570>		"sual"@crh	
"къоргъашин"@kum	<https://panlex.org/snapshot/panlex-20191001-csv/2893#110995636>				<https://panlex.org/snapshot/panlex-20191001-csv/2893#110995601>		"qurşun"@crh	
"къоргъашин"@kum	<https://panlex.org/snapshot/panlex-20191001-csv/2893#110995636>				<https://panlex.org/snapshot/panlex-20191001-csv/2893#110995625>		"къуршун"@crh	
"гелий"@kum	<https://panlex.org/snapshot/panlex-20191001-csv/2893#110989533>				<https://panlex.org/snapshot/panlex-20191001-csv/2893#110989653>		"гелий"@crh	
"гелий"@kum	<https://panlex.org/snapshot/panlex-20191001-csv/2893#110989533>				<https://panlex.org/snapshot/panlex-20191001-csv/2893#110989592>		"geliy"@crh	
"гюнесув"@kum	<https://panlex.org/snapshot/panlex-20191001-csv/2893#110995477>				<https://panlex.org/snapshot/panlex-20191001-csv/2893#110995539>		"künesuv"@crh	
"гюнесув"@kum	<https://panlex.org/snapshot/panlex-20191001-csv/2893#110995477>				<https://panlex.org/snapshot/panlex-20191001-csv/2893#110995366>		"кюнесув"@crh	
"кислород"@kum	<https://panlex.org/snapshot/panlex-20191001-csv/2893#110990403>				<https://panlex.org/snapshot/panlex-20191001-csv/2893#110990300>		"оксиген"@crh	
"кислород"@kum	<https://panlex.org/snapshot/panlex-20191001-csv/2893#110990403>				<https://panlex.org/snapshot/panlex-20191001-csv/2893#110990318>		"oksigen"@crh	
"уран"@kum	<https://panlex.org/snapshot/panlex-20191001-csv/2893#110995806>				<https://panlex.org/snapshot/panlex-20191001-csv/2893#110995886>		"уран"@crh	
"уран"@kum	<https://panlex.org/snapshot/panlex-20191001-csv/2893#110995806>				<https://panlex.org/snapshot/panlex-20191001-csv/2893#110995868>		"uran"@crh	
"кюкюрт"@kum	<https://panlex.org/snapshot/panlex-20191001-csv/2893#110991996>				<https://panlex.org/snapshot/panlex-20191001-csv/2893#110992026>		"кюкюрт"@crh	
"кюкюрт"@kum	<https://panlex.org/snapshot/panlex-20191001-csv/2893#110991996>				<https://panlex.org/snapshot/panlex-20191001-csv/2893#110991950>		"kükürt"@crh	
"алтын"@kum	<https://panlex.org/snapshot/panlex-20191001-csv/2893#110995289>				<https://panlex.org/snapshot/panlex-20191001-csv/2893#110995326>		"алтын"@crh	
"алтын"@kum	<https://panlex.org/snapshot/panlex-20191001-csv/2893#110995289>				<https://panlex.org/snapshot/panlex-20191001-csv/2893#110995232>		"altın"@crh	
"никель"@kum	<https://panlex.org/snapshot/panlex-20191001-csv/2893#110993072>				<https://panlex.org/snapshot/panlex-20191001-csv/2893#110993007>		"nikel"@crh	
"никель"@kum	<https://panlex.org/snapshot/panlex-20191001-csv/2893#110993072>				<https://panlex.org/snapshot/panlex-20191001-csv/2893#110993095>		"никел"@crh	
"бор"@kum	<https://panlex.org/snapshot/panlex-20191001-csv/2893#110989814>				<https://panlex.org/snapshot/panlex-20191001-csv/2893#110989835>		"bor"@crh	
"бор"@kum	<https://panlex.org/snapshot/panlex-20191001-csv/2893#110989814>				<https://panlex.org/snapshot/panlex-20191001-csv/2893#110989710>		"бор"@crh	
"натрий"@kum	<https://panlex.org/snapshot/panlex-20191001-csv/2893#110990923>				<https://panlex.org/snapshot/panlex-20191001-csv/2893#110991005>		"natriy"@crh	
"натрий"@kum	<https://panlex.org/snapshot/panlex-20191001-csv/2893#110990923>				<https://panlex.org/snapshot/panlex-20191001-csv/2893#110991024>		"натрий"@crh	
"неон"@kum	<https://panlex.org/snapshot/panlex-20191001-csv/2893#110990844>				<https://panlex.org/snapshot/panlex-20191001-csv/2893#110990785>		"neon"@crh	
"неон"@kum	<https://panlex.org/snapshot/panlex-20191001-csv/2893#110990844>				<https://panlex.org/snapshot/panlex-20191001-csv/2893#110990750>		"неон"@crh	
"сурьма"@kum	<https://panlex.org/snapshot/panlex-20191001-csv/2893#110994489>				<https://panlex.org/snapshot/panlex-20191001-csv/2893#110994406>		"сюрме"@crh	
"сурьма"@kum	<https://panlex.org/snapshot/panlex-20191001-csv/2893#110994489>				<https://panlex.org/snapshot/panlex-20191001-csv/2893#110994429>		"sürme"@crh	
"сурьма"@kum	<https://panlex.org/snapshot/panlex-20191001-csv/2893#110994489>				<https://panlex.org/snapshot/panlex-20191001-csv/2893#110994510>		"stibium"@crh	
"сурьма"@kum	<https://panlex.org/snapshot/panlex-20191001-csv/2893#110994489>				<https://panlex.org/snapshot/panlex-20191001-csv/2893#110994523>		"стибиум"@crh	
"бром"@kum	<https://panlex.org/snapshot/panlex-20191001-csv/2893#110993903>				<https://panlex.org/snapshot/panlex-20191001-csv/2893#110993954>		"brom"@crh	
"бром"@kum	<https://panlex.org/snapshot/panlex-20191001-csv/2893#110993903>				<https://panlex.org/snapshot/panlex-20191001-csv/2893#110993896>		"бром"@crh	
"багъыр"@kum	<https://panlex.org/snapshot/panlex-20191001-csv/2893#110993180>				<https://panlex.org/snapshot/panlex-20191001-csv/2893#110993312>		"baqır"@crh	
"багъыр"@kum	<https://panlex.org/snapshot/panlex-20191001-csv/2893#110993180>				<https://panlex.org/snapshot/panlex-20191001-csv/2893#110993210>		"бакъыр"@crh	
"алюминий"@kum	<https://panlex.org/snapshot/panlex-20191001-csv/2893#110991285>				<https://panlex.org/snapshot/panlex-20191001-csv/2893#110991334>		"alüminiy"@crh	
"алюминий"@kum	<https://panlex.org/snapshot/panlex-20191001-csv/2893#110991285>				<https://panlex.org/snapshot/panlex-20191001-csv/2893#110991417>		"алюминий"@crh	
"калай"@kum	<https://panlex.org/snapshot/panlex-20191001-csv/2893#110994330>				<https://panlex.org/snapshot/panlex-20191001-csv/2893#110994191>		"qalay"@crh	
"калай"@kum	<https://panlex.org/snapshot/panlex-20191001-csv/2893#110994330>				<https://panlex.org/snapshot/panlex-20191001-csv/2893#110994236>		"къалай"@crh	
"мышьяк"@kum	<https://panlex.org/snapshot/panlex-20191001-csv/2893#110993715>				<https://panlex.org/snapshot/panlex-20191001-csv/2893#110993718>		"арсен"@crh	
"мышьяк"@kum	<https://panlex.org/snapshot/panlex-20191001-csv/2893#110993715>				<https://panlex.org/snapshot/panlex-20191001-csv/2893#110993780>		"arsen"@crh	
"кремний"@kum	<https://panlex.org/snapshot/panlex-20191001-csv/2893#110991517>				<https://panlex.org/snapshot/panlex-20191001-csv/2893#110991596>		"кремний"@crh	
"кремний"@kum	<https://panlex.org/snapshot/panlex-20191001-csv/2893#110991517>				<https://panlex.org/snapshot/panlex-20191001-csv/2893#110991601>		"kremniy"@crh	
"вольфрам"@kum	<https://panlex.org/snapshot/panlex-20191001-csv/2893#110994895>				<https://panlex.org/snapshot/panlex-20191001-csv/2893#110994904>		"volfram"@crh	
"вольфрам"@kum	<https://panlex.org/snapshot/panlex-20191001-csv/2893#110994895>				<https://panlex.org/snapshot/panlex-20191001-csv/2893#110994811>		"волфрам"@crh	
"фосфор"@kum	<https://panlex.org/snapshot/panlex-20191001-csv/2893#110991648>				<https://panlex.org/snapshot/panlex-20191001-csv/2893#110991780>		"fosfor"@crh	
"фосфор"@kum	<https://panlex.org/snapshot/panlex-20191001-csv/2893#110991648>				<https://panlex.org/snapshot/panlex-20191001-csv/2893#110991740>		"фосфор"@crh	
"кобальт"@kum	<https://panlex.org/snapshot/panlex-20191001-csv/2893#110992806>				<https://panlex.org/snapshot/panlex-20191001-csv/2893#110992954>		"kobalt"@crh	
"кобальт"@kum	<https://panlex.org/snapshot/panlex-20191001-csv/2893#110992806>				<https://panlex.org/snapshot/panlex-20191001-csv/2893#110992871>		"кобалт"@crh	
"азот"@kum	<https://panlex.org/snapshot/panlex-20191001-csv/2893#110990266>				<https://panlex.org/snapshot/panlex-20191001-csv/2893#110990120>		"нитроген"@crh	
"азот"@kum	<https://panlex.org/snapshot/panlex-20191001-csv/2893#110990266>				<https://panlex.org/snapshot/panlex-20191001-csv/2893#110990255>		"nitrogen"@crh	
"углерод"@kum	<https://panlex.org/snapshot/panlex-20191001-csv/2893#110989904>				<https://panlex.org/snapshot/panlex-20191001-csv/2893#110990023>		"karbon"@crh	
"углерод"@kum	<https://panlex.org/snapshot/panlex-20191001-csv/2893#110989904>				<https://panlex.org/snapshot/panlex-20191001-csv/2893#110990024>		"карбон"@crh	
"гюмюш"@kum	<https://panlex.org/snapshot/panlex-20191001-csv/2893#110994094>				<https://panlex.org/snapshot/panlex-20191001-csv/2893#110994016>		"кюмюш"@crh	
"гюмюш"@kum	<https://panlex.org/snapshot/panlex-20191001-csv/2893#110994094>				<https://panlex.org/snapshot/panlex-20191001-csv/2893#110993989>		"kümüş"@crh	
"хлор"@kum	<https://panlex.org/snapshot/panlex-20191001-csv/2893#110992081>				<https://panlex.org/snapshot/panlex-20191001-csv/2893#110992105>		"хлор"@crh	
"хлор"@kum	<https://panlex.org/snapshot/panlex-20191001-csv/2893#110992081>				<https://panlex.org/snapshot/panlex-20191001-csv/2893#110992194>		"hlor"@crh	
"кальций"@kum	<https://panlex.org/snapshot/panlex-20191001-csv/2893#110992425>				<https://panlex.org/snapshot/panlex-20191001-csv/2893#110992421>		"калций"@crh	
"кальций"@kum	<https://panlex.org/snapshot/panlex-20191001-csv/2893#110992425>				<https://panlex.org/snapshot/panlex-20191001-csv/2893#110992500>		"kaltsiy"@crh	
"йод"@kum	<https://panlex.org/snapshot/panlex-20191001-csv/2893#110994617>				<https://panlex.org/snapshot/panlex-20191001-csv/2893#110994682>		"iod"@crh	
"йод"@kum	<https://panlex.org/snapshot/panlex-20191001-csv/2893#110994617>				<https://panlex.org/snapshot/panlex-20191001-csv/2893#110994737>		"иод"@crh	
"цинк"@kum	<https://panlex.org/snapshot/panlex-20191001-csv/2893#110993503>				<https://panlex.org/snapshot/panlex-20191001-csv/2893#110993440>		"цинк"@crh	
"цинк"@kum	<https://panlex.org/snapshot/panlex-20191001-csv/2893#110993503>				<https://panlex.org/snapshot/panlex-20191001-csv/2893#110993556>		"tsink"@crh	
"акъ алтын"@kum	<https://panlex.org/snapshot/panlex-20191001-csv/2893#110995014>				<https://panlex.org/snapshot/panlex-20191001-csv/2893#110995143>		"акъалтын"@crh	
"акъ алтын"@kum	<https://panlex.org/snapshot/panlex-20191001-csv/2893#110995014>				<https://panlex.org/snapshot/panlex-20191001-csv/2893#110994982>		"aqaltın"@crh	
"калий"@kum	<https://panlex.org/snapshot/panlex-20191001-csv/2893#110992234>				<https://panlex.org/snapshot/panlex-20191001-csv/2893#110992384>		"kaliy"@crh	
"калий"@kum	<https://panlex.org/snapshot/panlex-20191001-csv/2893#110992234>				<https://panlex.org/snapshot/panlex-20191001-csv/2893#110992251>		"калий"@crh	
"магний"@kum	<https://panlex.org/snapshot/panlex-20191001-csv/2893#110991242>				<https://panlex.org/snapshot/panlex-20191001-csv/2893#110991147>		"magniy"@crh	
"магний"@kum	<https://panlex.org/snapshot/panlex-20191001-csv/2893#110991242>				<https://panlex.org/snapshot/panlex-20191001-csv/2893#110991213>		"магний"@crh	
"водород"@kum	<https://panlex.org/snapshot/panlex-20191001-csv/2893#110989436>				<https://panlex.org/snapshot/panlex-20191001-csv/2893#110989390>		"гидроген"@crh	
"водород"@kum	<https://panlex.org/snapshot/panlex-20191001-csv/2893#110989436>				<https://panlex.org/snapshot/panlex-20191001-csv/2893#110989388>		"gidrogen"@crh	
"фтор"@kum	<https://panlex.org/snapshot/panlex-20191001-csv/2893#110990619>				<https://panlex.org/snapshot/panlex-20191001-csv/2893#110990620>		"фтор"@crh	
"фтор"@kum	<https://panlex.org/snapshot/panlex-20191001-csv/2893#110990619>				<https://panlex.org/snapshot/panlex-20191001-csv/2893#110990671>		"ftor"@crh	
"темир"@kum	<https://panlex.org/snapshot/panlex-20191001-csv/2893#110992744>				<https://panlex.org/snapshot/panlex-20191001-csv/2893#110992741>		"demir"@crh	
"темир"@kum	<https://panlex.org/snapshot/panlex-20191001-csv/2893#110992744>				<https://panlex.org/snapshot/panlex-20191001-csv/2893#110992674>		"демир"@crh	
"Къызыл Хач"@kum	<https://panlex.org/snapshot/panlex-20191001-csv/2894#111101610>				<https://panlex.org/snapshot/panlex-20191001-csv/2894#111101557>		"Къызыл Къач"@crh	
"Къызыл Хач"@kum	<https://panlex.org/snapshot/panlex-20191001-csv/2894#111101610>				<https://panlex.org/snapshot/panlex-20191001-csv/2894#111101677>		"Qızıl Qaç"@crh	
"Къызыл Ай"@kum	<https://panlex.org/snapshot/panlex-20191001-csv/2894#111101759>				<https://panlex.org/snapshot/panlex-20191001-csv/2894#111101712>		"Qızıl Yarım ay"@crh	
"Къызыл Ай"@kum	<https://panlex.org/snapshot/panlex-20191001-csv/2894#111101759>				<https://panlex.org/snapshot/panlex-20191001-csv/2894#111101763>		"Къызыл Ярым ай"@crh	
"жумагюн"@kum	<https://panlex.org/snapshot/panlex-20191001-csv/2892#110825814>				<https://panlex.org/snapshot/panlex-20191001-csv/2892#110826009>		"cuma"@crh	
"жумагюн"@kum	<https://panlex.org/snapshot/panlex-20191001-csv/2892#110825814>				<https://panlex.org/snapshot/panlex-20191001-csv/2892#110825825>		"джума"@crh	
"арбагюн"@kum	<https://panlex.org/snapshot/panlex-20191001-csv/2892#110825122>				<https://panlex.org/snapshot/panlex-20191001-csv/2892#110824916>		"чаршамба"@crh	
"арбагюн"@kum	<https://panlex.org/snapshot/panlex-20191001-csv/2892#110825122>				<https://panlex.org/snapshot/panlex-20191001-csv/2892#110825079>		"çarşamba"@crh	
"сонгугюн"@kum	<https://panlex.org/snapshot/panlex-20191001-csv/2892#110826424>				<https://panlex.org/snapshot/panlex-20191001-csv/2892#110826451>		"джумартеси"@crh	
"сонгугюн"@kum	<https://panlex.org/snapshot/panlex-20191001-csv/2892#110826424>				<https://panlex.org/snapshot/panlex-20191001-csv/2892#110826127>		"cumartesi"@crh	
"хамисгюн"@kum	<https://panlex.org/snapshot/panlex-20191001-csv/2892#110825352>				<https://panlex.org/snapshot/panlex-20191001-csv/2892#110825565>		"першембе"@crh	
"хамисгюн"@kum	<https://panlex.org/snapshot/panlex-20191001-csv/2892#110825352>				<https://panlex.org/snapshot/panlex-20191001-csv/2892#110825382>		"perşembe"@crh	
"талатгюн"@kum	<https://panlex.org/snapshot/panlex-20191001-csv/2892#110824845>				<https://panlex.org/snapshot/panlex-20191001-csv/2892#110824586>		"salı"@crh	
"талатгюн"@kum	<https://panlex.org/snapshot/panlex-20191001-csv/2892#110824845>				<https://panlex.org/snapshot/panlex-20191001-csv/2892#110824515>		"салы"@crh	
"итнигюн"@kum	<https://panlex.org/snapshot/panlex-20191001-csv/2892#110824297>				<https://panlex.org/snapshot/panlex-20191001-csv/2892#110824221>		"pazartesi"@crh	
"итнигюн"@kum	<https://panlex.org/snapshot/panlex-20191001-csv/2892#110824297>				<https://panlex.org/snapshot/panlex-20191001-csv/2892#110824295>		"пазартеси"@crh	
"къаттыгюн"@kum	<https://panlex.org/snapshot/panlex-20191001-csv/2892#110826829>				<https://panlex.org/snapshot/panlex-20191001-csv/2892#110826661>		"pazar"@crh	
"къаттыгюн"@kum	<https://panlex.org/snapshot/panlex-20191001-csv/2892#110826829>				<https://panlex.org/snapshot/panlex-20191001-csv/2892#110826755>		"пазар"@crh	
"февраль"@kum	<https://panlex.org/snapshot/panlex-20191001-csv/2897#110827563>				<https://panlex.org/snapshot/panlex-20191001-csv/2897#110827631>		"şubat"@crh	
"февраль"@kum	<https://panlex.org/snapshot/panlex-20191001-csv/2897#110827563>				<https://panlex.org/snapshot/panlex-20191001-csv/2897#110827843>		"февраль"@crh	
"февраль"@kum	<https://panlex.org/snapshot/panlex-20191001-csv/2897#110827563>				<https://panlex.org/snapshot/panlex-20191001-csv/2897#110827767>		"fevral"@crh	
"февраль"@kum	<https://panlex.org/snapshot/panlex-20191001-csv/2897#110827563>				<https://panlex.org/snapshot/panlex-20191001-csv/2897#110827827>		"шубат"@crh	
"октябрь"@kum	<https://panlex.org/snapshot/panlex-20191001-csv/2897#110831103>				<https://panlex.org/snapshot/panlex-20191001-csv/2897#110830950>		"эким"@crh	
"октябрь"@kum	<https://panlex.org/snapshot/panlex-20191001-csv/2897#110831103>				<https://panlex.org/snapshot/panlex-20191001-csv/2897#110830754>		"октябрь"@crh	
"октябрь"@kum	<https://panlex.org/snapshot/panlex-20191001-csv/2897#110831103>				<https://panlex.org/snapshot/panlex-20191001-csv/2897#110830844>		"ekim"@crh	
"октябрь"@kum	<https://panlex.org/snapshot/panlex-20191001-csv/2897#110831103>				<https://panlex.org/snapshot/panlex-20191001-csv/2897#110831066>		"oktâbr"@crh	
"апрель"@kum	<https://panlex.org/snapshot/panlex-20191001-csv/2897#110828303>				<https://panlex.org/snapshot/panlex-20191001-csv/2897#110828275>		"апрель"@crh	
"апрель"@kum	<https://panlex.org/snapshot/panlex-20191001-csv/2897#110828303>				<https://panlex.org/snapshot/panlex-20191001-csv/2897#110828511>		"aprel"@crh	
"апрель"@kum	<https://panlex.org/snapshot/panlex-20191001-csv/2897#110828303>				<https://panlex.org/snapshot/panlex-20191001-csv/2897#110828460>		"нисан"@crh	
"апрель"@kum	<https://panlex.org/snapshot/panlex-20191001-csv/2897#110828303>				<https://panlex.org/snapshot/panlex-20191001-csv/2897#110828318>		"nisan"@crh	
"июль"@kum	<https://panlex.org/snapshot/panlex-20191001-csv/2897#110829537>				<https://panlex.org/snapshot/panlex-20191001-csv/2897#110829662>		"теммуз"@crh	
"июль"@kum	<https://panlex.org/snapshot/panlex-20191001-csv/2897#110829537>				<https://panlex.org/snapshot/panlex-20191001-csv/2897#110829494>		"июль"@crh	
"июль"@kum	<https://panlex.org/snapshot/panlex-20191001-csv/2897#110829537>				<https://panlex.org/snapshot/panlex-20191001-csv/2897#110829809>		"temmuz"@crh	
"июль"@kum	<https://panlex.org/snapshot/panlex-20191001-csv/2897#110829537>				<https://panlex.org/snapshot/panlex-20191001-csv/2897#110829747>		"iyül"@crh	
"январь"@kum	<https://panlex.org/snapshot/panlex-20191001-csv/2897#110827386>				<https://panlex.org/snapshot/panlex-20191001-csv/2897#110827397>		"оджакъ"@crh	
"январь"@kum	<https://panlex.org/snapshot/panlex-20191001-csv/2897#110827386>				<https://panlex.org/snapshot/panlex-20191001-csv/2897#110827173>		"yanvar"@crh	
"январь"@kum	<https://panlex.org/snapshot/panlex-20191001-csv/2897#110827386>				<https://panlex.org/snapshot/panlex-20191001-csv/2897#110827151>		"январь"@crh	
"январь"@kum	<https://panlex.org/snapshot/panlex-20191001-csv/2897#110827386>				<https://panlex.org/snapshot/panlex-20191001-csv/2897#110827102>		"ocaq"@crh	
"ноябрь"@kum	<https://panlex.org/snapshot/panlex-20191001-csv/2897#110831147>				<https://panlex.org/snapshot/panlex-20191001-csv/2897#110831347>		"noyabr"@crh	
"ноябрь"@kum	<https://panlex.org/snapshot/panlex-20191001-csv/2897#110831147>				<https://panlex.org/snapshot/panlex-20191001-csv/2897#110831164>		"ноябрь"@crh	
"ноябрь"@kum	<https://panlex.org/snapshot/panlex-20191001-csv/2897#110831147>				<https://panlex.org/snapshot/panlex-20191001-csv/2897#110831506>		"qasım"@crh	
"ноябрь"@kum	<https://panlex.org/snapshot/panlex-20191001-csv/2897#110831147>				<https://panlex.org/snapshot/panlex-20191001-csv/2897#110831323>		"къасым"@crh	
"декабрь"@kum	<https://panlex.org/snapshot/panlex-20191001-csv/2897#110831729>				<https://panlex.org/snapshot/panlex-20191001-csv/2897#110831943>		"dekabr"@crh	
"декабрь"@kum	<https://panlex.org/snapshot/panlex-20191001-csv/2897#110831729>				<https://panlex.org/snapshot/panlex-20191001-csv/2897#110831688>		"аралыкъ"@crh	
"декабрь"@kum	<https://panlex.org/snapshot/panlex-20191001-csv/2897#110831729>				<https://panlex.org/snapshot/panlex-20191001-csv/2897#110831629>		"декабрь"@crh	
"декабрь"@kum	<https://panlex.org/snapshot/panlex-20191001-csv/2897#110831729>				<https://panlex.org/snapshot/panlex-20191001-csv/2897#110831551>		"aralıq"@crh	
"сентябрь"@kum	<https://panlex.org/snapshot/panlex-20191001-csv/2897#110830352>				<https://panlex.org/snapshot/panlex-20191001-csv/2897#110830628>		"эйлул"@crh	
"сентябрь"@kum	<https://panlex.org/snapshot/panlex-20191001-csv/2897#110830352>				<https://panlex.org/snapshot/panlex-20191001-csv/2897#110830394>		"eylül"@crh	
"сентябрь"@kum	<https://panlex.org/snapshot/panlex-20191001-csv/2897#110830352>				<https://panlex.org/snapshot/panlex-20191001-csv/2897#110830696>		"sentâbr"@crh	
"сентябрь"@kum	<https://panlex.org/snapshot/panlex-20191001-csv/2897#110830352>				<https://panlex.org/snapshot/panlex-20191001-csv/2897#110830443>		"сентябрь"@crh	
"август"@kum	<https://panlex.org/snapshot/panlex-20191001-csv/2897#110830149>				<https://panlex.org/snapshot/panlex-20191001-csv/2897#110830255>		"агъустос"@crh	
"август"@kum	<https://panlex.org/snapshot/panlex-20191001-csv/2897#110830149>				<https://panlex.org/snapshot/panlex-20191001-csv/2897#110830193>		"ağustos"@crh	
"август"@kum	<https://panlex.org/snapshot/panlex-20191001-csv/2897#110830149>				<https://panlex.org/snapshot/panlex-20191001-csv/2897#110830033>		"август"@crh	
"август"@kum	<https://panlex.org/snapshot/panlex-20191001-csv/2897#110830149>				<https://panlex.org/snapshot/panlex-20191001-csv/2897#110830230>		"avgust"@crh	
"июнь"@kum	<https://panlex.org/snapshot/panlex-20191001-csv/2897#110829383>				<https://panlex.org/snapshot/panlex-20191001-csv/2897#110829333>		"iyün"@crh	
"июнь"@kum	<https://panlex.org/snapshot/panlex-20191001-csv/2897#110829383>				<https://panlex.org/snapshot/panlex-20191001-csv/2897#110829347>		"хазиран"@crh	
"июнь"@kum	<https://panlex.org/snapshot/panlex-20191001-csv/2897#110829383>				<https://panlex.org/snapshot/panlex-20191001-csv/2897#110829394>		"haziran"@crh	
"июнь"@kum	<https://panlex.org/snapshot/panlex-20191001-csv/2897#110829383>				<https://panlex.org/snapshot/panlex-20191001-csv/2897#110829420>		"июнь"@crh	
"март"@kum	<https://panlex.org/snapshot/panlex-20191001-csv/2897#110827857>				<https://panlex.org/snapshot/panlex-20191001-csv/2897#110828064>		"mart"@crh	
"март"@kum	<https://panlex.org/snapshot/panlex-20191001-csv/2897#110827857>				<https://panlex.org/snapshot/panlex-20191001-csv/2897#110827956>		"март"@crh	
"май"@kum	<https://panlex.org/snapshot/panlex-20191001-csv/2897#110828879>				<https://panlex.org/snapshot/panlex-20191001-csv/2897#110829018>		"майыс"@crh	
"май"@kum	<https://panlex.org/snapshot/panlex-20191001-csv/2897#110828879>				<https://panlex.org/snapshot/panlex-20191001-csv/2897#110828745>		"mayıs"@crh	
"Европа"@kum	<https://panlex.org/snapshot/panlex-20191001-csv/2891#110854045>				<https://panlex.org/snapshot/panlex-20191001-csv/2891#110854254>		"Avropa"@crh	
"Европа"@kum	<https://panlex.org/snapshot/panlex-20191001-csv/2891#110854045>				<https://panlex.org/snapshot/panlex-20191001-csv/2891#110854083>		"Авропа"@crh	
"Океания"@kum	<https://panlex.org/snapshot/panlex-20191001-csv/2891#110854460>				<https://panlex.org/snapshot/panlex-20191001-csv/2891#110854511>		"Okeaniya"@crh	
"Океания"@kum	<https://panlex.org/snapshot/panlex-20191001-csv/2891#110854460>				<https://panlex.org/snapshot/panlex-20191001-csv/2891#110854365>		"Океания"@crh	
"Антарктида"@kum	<https://panlex.org/snapshot/panlex-20191001-csv/2891#110853648>				<https://panlex.org/snapshot/panlex-20191001-csv/2891#110853626>		"Antarktida"@crh	
"Антарктида"@kum	<https://panlex.org/snapshot/panlex-20191001-csv/2891#110853648>				<https://panlex.org/snapshot/panlex-20191001-csv/2891#110853721>		"Антарктида"@crh	
"Америка"@kum	<https://panlex.org/snapshot/panlex-20191001-csv/2891#110853485>				<https://panlex.org/snapshot/panlex-20191001-csv/2891#110853496>		"Amerika"@crh	
"Америка"@kum	<https://panlex.org/snapshot/panlex-20191001-csv/2891#110853485>				<https://panlex.org/snapshot/panlex-20191001-csv/2891#110853516>		"Америка"@crh	
"Африка"@kum	<https://panlex.org/snapshot/panlex-20191001-csv/2891#110853178>				<https://panlex.org/snapshot/panlex-20191001-csv/2891#110853087>		"Африка"@crh	
"Африка"@kum	<https://panlex.org/snapshot/panlex-20191001-csv/2891#110853178>				<https://panlex.org/snapshot/panlex-20191001-csv/2891#110853058>		"Afrika"@crh	
"Азия"@kum	<https://panlex.org/snapshot/panlex-20191001-csv/2891#110853832>				<https://panlex.org/snapshot/panlex-20191001-csv/2891#110853927>		"Асия"@crh	
"Азия"@kum	<https://panlex.org/snapshot/panlex-20191001-csv/2891#110853832>				<https://panlex.org/snapshot/panlex-20191001-csv/2891#110853904>		"Asiya"@crh	
