"one"@mrv	<https://panlex.org/snapshot/panlex-20191001-csv/5943#83323773>				<https://panlex.org/snapshot/panlex-20191001-csv/5943#83323753>		"one"@kwf	
"vai"@mrv	<https://panlex.org/snapshot/panlex-20191001-csv/12#851063>				<https://panlex.org/snapshot/panlex-20191001-csv/12#851002>		"kafo"@kwf	
"one"@mrv	<https://panlex.org/snapshot/panlex-20191001-csv/15#967037>				<https://panlex.org/snapshot/panlex-20191001-csv/15#967019>		"one"@kwf	
"ʻogi"@mrv	<https://panlex.org/snapshot/panlex-20191001-csv/114#8066283>				<https://panlex.org/snapshot/panlex-20191001-csv/114#8066196>		"moko"@kwf	
"rima"@mrv	<https://panlex.org/snapshot/panlex-20191001-csv/114#8051934>				<https://panlex.org/snapshot/panlex-20191001-csv/114#8051836>		"lima"@kwf	
"kapu/rima"@mrv	<https://panlex.org/snapshot/panlex-20191001-csv/114#8051933>				<https://panlex.org/snapshot/panlex-20191001-csv/114#8051836>		"lima"@kwf	
"kau"@mrv	<https://panlex.org/snapshot/panlex-20191001-csv/114#8056034>				<https://panlex.org/snapshot/panlex-20191001-csv/114#8055944>		"ʼaru"@kwf	
"kona"@mrv	<https://panlex.org/snapshot/panlex-20191001-csv/114#8058565>				<https://panlex.org/snapshot/panlex-20191001-csv/114#8058469>		"sira"@kwf	
"kona"@mrv	<https://panlex.org/snapshot/panlex-20191001-csv/114#8058565>				<https://panlex.org/snapshot/panlex-20191001-csv/114#8058468>		"oga"@kwf	
"ate"@mrv	<https://panlex.org/snapshot/panlex-20191001-csv/114#8060067>				<https://panlex.org/snapshot/panlex-20191001-csv/114#8059982>		"saʼe fou"@kwf	
"mataku"@mrv	<https://panlex.org/snapshot/panlex-20191001-csv/114#8062658>				<https://panlex.org/snapshot/panlex-20191001-csv/114#8062573>		"maʼu"@kwf	
"i`u"@mrv	<https://panlex.org/snapshot/panlex-20191001-csv/114#8065332>				<https://panlex.org/snapshot/panlex-20191001-csv/114#8065238>		"raka"@kwf	
"vai"@mrv	<https://panlex.org/snapshot/panlex-20191001-csv/11#787664>				<https://panlex.org/snapshot/panlex-20191001-csv/11#787617>		"kafo"@kwf	
