"ʻogi"@mrv	<https://panlex.org/snapshot/panlex-20191001-csv/114#8066283>				<https://panlex.org/snapshot/panlex-20191001-csv/114#8066086>		"hañah"@cjm	
"rima"@mrv	<https://panlex.org/snapshot/panlex-20191001-csv/114#8051934>				<https://panlex.org/snapshot/panlex-20191001-csv/114#8051710>		"taŋin"@cjm	
"kapu/rima"@mrv	<https://panlex.org/snapshot/panlex-20191001-csv/114#8051933>				<https://panlex.org/snapshot/panlex-20191001-csv/114#8051710>		"taŋin"@cjm	
"kau"@mrv	<https://panlex.org/snapshot/panlex-20191001-csv/114#8056034>				<https://panlex.org/snapshot/panlex-20191001-csv/114#8055833>		"luai"@cjm	
"kona"@mrv	<https://panlex.org/snapshot/panlex-20191001-csv/114#8058565>				<https://panlex.org/snapshot/panlex-20191001-csv/114#8058346>		"tian"@cjm	
"ate"@mrv	<https://panlex.org/snapshot/panlex-20191001-csv/114#8060067>				<https://panlex.org/snapshot/panlex-20191001-csv/114#8059875>		"hatai"@cjm	
"mataku"@mrv	<https://panlex.org/snapshot/panlex-20191001-csv/114#8062658>				<https://panlex.org/snapshot/panlex-20191001-csv/114#8062450>		"hɔch"@cjm	
"i`u"@mrv	<https://panlex.org/snapshot/panlex-20191001-csv/114#8065332>				<https://panlex.org/snapshot/panlex-20191001-csv/114#8065115>		"ʔbauk"@cjm	
