"rima"@mrv	<https://panlex.org/snapshot/panlex-20191001-csv/114#8051934>				<https://panlex.org/snapshot/panlex-20191001-csv/114#8051639>		"ʼlima"@apx	
"kapu/rima"@mrv	<https://panlex.org/snapshot/panlex-20191001-csv/114#8051933>				<https://panlex.org/snapshot/panlex-20191001-csv/114#8051639>		"ʼlima"@apx	
"kau"@mrv	<https://panlex.org/snapshot/panlex-20191001-csv/114#8056034>				<https://panlex.org/snapshot/panlex-20191001-csv/114#8055768>		"ʼnani"@apx	
"kona"@mrv	<https://panlex.org/snapshot/panlex-20191001-csv/114#8058565>				<https://panlex.org/snapshot/panlex-20191001-csv/114#8058284>		"ʼteŋ"@apx	
"ate"@mrv	<https://panlex.org/snapshot/panlex-20191001-csv/114#8060067>				<https://panlex.org/snapshot/panlex-20191001-csv/114#8059814>		"ʼrumaŋ"@apx	
"i`u"@mrv	<https://panlex.org/snapshot/panlex-20191001-csv/114#8065332>				<https://panlex.org/snapshot/panlex-20191001-csv/114#8065053>		"ʼnunur"@apx	
