"dewél"@lmg	<https://panlex.org/snapshot/panlex-20191001-csv/114#8068351>				<https://panlex.org/snapshot/panlex-20191001-csv/114#8068557>		"borau"@tbj	
"wewleiné"@lmg	<https://panlex.org/snapshot/panlex-20191001-csv/114#8067819>				<https://panlex.org/snapshot/panlex-20191001-csv/114#8068030>		"kiamana"@tbj	
"aúgu"@lmg	<https://panlex.org/snapshot/panlex-20191001-csv/114#8061074>				<https://panlex.org/snapshot/panlex-20191001-csv/114#8061269>		"kalakana"@tbj	
"melsék"@lmg	<https://panlex.org/snapshot/panlex-20191001-csv/114#8051861>				<https://panlex.org/snapshot/panlex-20191001-csv/114#8052096>		"limana"@tbj	
"kolouná"@lmg	<https://panlex.org/snapshot/panlex-20191001-csv/114#8064710>				<https://panlex.org/snapshot/panlex-20191001-csv/114#8064934>		"ina"@tbj	
"milpí"@lmg	<https://panlex.org/snapshot/panlex-20191001-csv/114#8051864>				<https://panlex.org/snapshot/panlex-20191001-csv/114#8052096>		"limana"@tbj	
"musé"@lmg	<https://panlex.org/snapshot/panlex-20191001-csv/114#8056494>				<https://panlex.org/snapshot/panlex-20191001-csv/114#8056698>		"bilinga"@tbj	
"kaip"@lmg	<https://panlex.org/snapshot/panlex-20191001-csv/114#8053352>				<https://panlex.org/snapshot/panlex-20191001-csv/114#8053580>		"kekena"@tbj	
"nekék"@lmg	<https://panlex.org/snapshot/panlex-20191001-csv/114#8055469>				<https://panlex.org/snapshot/panlex-20191001-csv/114#8055674>		"kalpak"@tbj	
"auná"@lmg	<https://panlex.org/snapshot/panlex-20191001-csv/114#8066734>				<https://panlex.org/snapshot/panlex-20191001-csv/114#8066962>		"balana"@tbj	
"tou"@lmg	<https://panlex.org/snapshot/panlex-20191001-csv/114#8057978>				<https://panlex.org/snapshot/panlex-20191001-csv/114#8058180>		"mina"@tbj	
"melép"@lmg	<https://panlex.org/snapshot/panlex-20191001-csv/114#8051862>				<https://panlex.org/snapshot/panlex-20191001-csv/114#8052096>		"limana"@tbj	
"peléi"@lmg	<https://panlex.org/snapshot/panlex-20191001-csv/114#8058493>				<https://panlex.org/snapshot/panlex-20191001-csv/114#8058730>		"kuna"@tbj	
"aḡú"@lmg	<https://panlex.org/snapshot/panlex-20191001-csv/114#8066735>				<https://panlex.org/snapshot/panlex-20191001-csv/114#8066962>		"balana"@tbj	
"kóroi"@lmg	<https://panlex.org/snapshot/panlex-20191001-csv/114#8064173>				<https://panlex.org/snapshot/panlex-20191001-csv/114#8064385>		"waiana"@tbj	
