"dewél"@lmg	<https://panlex.org/snapshot/panlex-20191001-csv/114#8068351>				<https://panlex.org/snapshot/panlex-20191001-csv/114#8068125>		"turakhak"@abx	
"dewél"@lmg	<https://panlex.org/snapshot/panlex-20191001-csv/114#8068351>				<https://panlex.org/snapshot/panlex-20191001-csv/114#8068124>		"patatawa"@abx	
"wewleiné"@lmg	<https://panlex.org/snapshot/panlex-20191001-csv/114#8067819>				<https://panlex.org/snapshot/panlex-20191001-csv/114#8067608>		"dallaʼ"@abx	
"aúgu"@lmg	<https://panlex.org/snapshot/panlex-20191001-csv/114#8061074>				<https://panlex.org/snapshot/panlex-20191001-csv/114#8060886>		"sugbong"@abx	
"melsék"@lmg	<https://panlex.org/snapshot/panlex-20191001-csv/114#8051861>				<https://panlex.org/snapshot/panlex-20191001-csv/114#8051623>		"kambag"@abx	
"melsék"@lmg	<https://panlex.org/snapshot/panlex-20191001-csv/114#8051861>				<https://panlex.org/snapshot/panlex-20191001-csv/114#8051624>		"tamburoʼ"@abx	
"kolouná"@lmg	<https://panlex.org/snapshot/panlex-20191001-csv/114#8064710>				<https://panlex.org/snapshot/panlex-20191001-csv/114#8064486>		"barahibo"@abx	
"milpí"@lmg	<https://panlex.org/snapshot/panlex-20191001-csv/114#8051864>				<https://panlex.org/snapshot/panlex-20191001-csv/114#8051623>		"kambag"@abx	
"milpí"@lmg	<https://panlex.org/snapshot/panlex-20191001-csv/114#8051864>				<https://panlex.org/snapshot/panlex-20191001-csv/114#8051624>		"tamburoʼ"@abx	
"musé"@lmg	<https://panlex.org/snapshot/panlex-20191001-csv/114#8056494>				<https://panlex.org/snapshot/panlex-20191001-csv/114#8056278>		"rigsok +d1"@abx	
"kaip"@lmg	<https://panlex.org/snapshot/panlex-20191001-csv/114#8053352>				<https://panlex.org/snapshot/panlex-20191001-csv/114#8053113>		"kitid"@abx	
"nekék"@lmg	<https://panlex.org/snapshot/panlex-20191001-csv/114#8055469>				<https://panlex.org/snapshot/panlex-20191001-csv/114#8055265>		"arop"@abx	
"auná"@lmg	<https://panlex.org/snapshot/panlex-20191001-csv/114#8066734>				<https://panlex.org/snapshot/panlex-20191001-csv/114#8066503>		"bawaʼ"@abx	
"tou"@lmg	<https://panlex.org/snapshot/panlex-20191001-csv/114#8057978>				<https://panlex.org/snapshot/panlex-20191001-csv/114#8057768>		"taludtod"@abx	
"melép"@lmg	<https://panlex.org/snapshot/panlex-20191001-csv/114#8051862>				<https://panlex.org/snapshot/panlex-20191001-csv/114#8051623>		"kambag"@abx	
"melép"@lmg	<https://panlex.org/snapshot/panlex-20191001-csv/114#8051862>				<https://panlex.org/snapshot/panlex-20191001-csv/114#8051624>		"tamburoʼ"@abx	
"peléi"@lmg	<https://panlex.org/snapshot/panlex-20191001-csv/114#8058493>				<https://panlex.org/snapshot/panlex-20191001-csv/114#8058266>		"battong +it+d1"@abx	
"aḡú"@lmg	<https://panlex.org/snapshot/panlex-20191001-csv/114#8066735>				<https://panlex.org/snapshot/panlex-20191001-csv/114#8066503>		"bawaʼ"@abx	
"kóroi"@lmg	<https://panlex.org/snapshot/panlex-20191001-csv/114#8064173>				<https://panlex.org/snapshot/panlex-20191001-csv/114#8063948>		"kallong"@abx	
