"susul"@lih	<https://panlex.org/snapshot/panlex-20191001-csv/114#8055961>				<https://panlex.org/snapshot/panlex-20191001-csv/114#8055920>		"nagi"@kem	
"akon"@lih	<https://panlex.org/snapshot/panlex-20191001-csv/114#8063623>				<https://panlex.org/snapshot/panlex-20191001-csv/114#8063579>		"gara-r"@kem	
"a luan"@lih	<https://panlex.org/snapshot/panlex-20191001-csv/114#8064167>				<https://panlex.org/snapshot/panlex-20191001-csv/114#8064127>		"kɔrɔ-rɔ"@kem	
"ne"@lih	<https://panlex.org/snapshot/panlex-20191001-csv/114#8054464>				<https://panlex.org/snapshot/panlex-20191001-csv/114#8054426>		"sala"@kem	
"tio"@lih	<https://panlex.org/snapshot/panlex-20191001-csv/114#8059033>				<https://panlex.org/snapshot/panlex-20191001-csv/114#8058995>		"ru:i"@kem	
"wir"@lih	<https://panlex.org/snapshot/panlex-20191001-csv/114#8055463>				<https://panlex.org/snapshot/panlex-20191001-csv/114#8055428>		"si:pɛ"@kem	
"a tinen"@lih	<https://panlex.org/snapshot/panlex-20191001-csv/114#8058485>				<https://panlex.org/snapshot/panlex-20191001-csv/114#8058445>		"waʔi-ri"@kem	
"a kulien"@lih	<https://panlex.org/snapshot/panlex-20191001-csv/114#8057455>				<https://panlex.org/snapshot/panlex-20191001-csv/114#8057410>		"uliti"@kem	
"a ision"@lih	<https://panlex.org/snapshot/panlex-20191001-csv/114#8065258>				<https://panlex.org/snapshot/panlex-20191001-csv/114#8065214>		"ilu-ru"@kem	
