"susul"@lih	<https://panlex.org/snapshot/panlex-20191001-csv/114#8055961>				<https://panlex.org/snapshot/panlex-20191001-csv/114#8056005>		"nahu"@meu	
"akon"@lih	<https://panlex.org/snapshot/panlex-20191001-csv/114#8063623>				<https://panlex.org/snapshot/panlex-20191001-csv/114#8063665>		"kwara"@meu	
"a luan"@lih	<https://panlex.org/snapshot/panlex-20191001-csv/114#8064167>				<https://panlex.org/snapshot/panlex-20191001-csv/114#8064208>		"aio"@meu	
"ne"@lih	<https://panlex.org/snapshot/panlex-20191001-csv/114#8054464>				<https://panlex.org/snapshot/panlex-20191001-csv/114#8054501>		"dala"@meu	
"tio"@lih	<https://panlex.org/snapshot/panlex-20191001-csv/114#8059033>				<https://panlex.org/snapshot/panlex-20191001-csv/114#8059076>		"turia"@meu	
"wir"@lih	<https://panlex.org/snapshot/panlex-20191001-csv/114#8055463>				<https://panlex.org/snapshot/panlex-20191001-csv/114#8055504>		"kerehai"@meu	
"kolan"@lih	<https://panlex.org/snapshot/panlex-20191001-csv/114#8061068>				<https://panlex.org/snapshot/panlex-20191001-csv/114#8061107>		"pāga"@meu	
"a tinen"@lih	<https://panlex.org/snapshot/panlex-20191001-csv/114#8058485>				<https://panlex.org/snapshot/panlex-20191001-csv/114#8058536>		"boga"@meu	
"a kulien"@lih	<https://panlex.org/snapshot/panlex-20191001-csv/114#8057455>				<https://panlex.org/snapshot/panlex-20191001-csv/114#8057498>		"kopi"@meu	
"a ision"@lih	<https://panlex.org/snapshot/panlex-20191001-csv/114#8065258>				<https://panlex.org/snapshot/panlex-20191001-csv/114#8065301>		"udu"@meu	
