"kapayapan"@pam	<https://panlex.org/snapshot/panlex-20191001-csv/2902#111012043>				<https://panlex.org/snapshot/panlex-20191001-csv/2902#111012029>		"سوله"@pst	
"Aldo"@pam	<https://panlex.org/snapshot/panlex-20191001-csv/2907#110844989>				<https://panlex.org/snapshot/panlex-20191001-csv/2907#110844926>		"لمر"@pst	
"Bulan"@pam	<https://panlex.org/snapshot/panlex-20191001-csv/2907#110845744>				<https://panlex.org/snapshot/panlex-20191001-csv/2907#110845830>		"مياشت"@pst	
"Makemake"@pam	<https://panlex.org/snapshot/panlex-20191001-csv/2907#110847590>				<https://panlex.org/snapshot/panlex-20191001-csv/2907#110847638>		"ماکيماکي"@pst	
"Saturn"@pam	<https://panlex.org/snapshot/panlex-20191001-csv/2907#110846614>				<https://panlex.org/snapshot/panlex-20191001-csv/2907#110846719>		"زحل"@pst	
"Mars"@pam	<https://panlex.org/snapshot/panlex-20191001-csv/2907#110845927>				<https://panlex.org/snapshot/panlex-20191001-csv/2907#110846099>		"مريخ"@pst	
"Ceres"@pam	<https://panlex.org/snapshot/panlex-20191001-csv/2907#110846324>				<https://panlex.org/snapshot/panlex-20191001-csv/2907#110846293>		"سيريس"@pst	
"Eris"@pam	<https://panlex.org/snapshot/panlex-20191001-csv/2907#110847820>				<https://panlex.org/snapshot/panlex-20191001-csv/2907#110847949>		"اېريس"@pst	
"Haumea"@pam	<https://panlex.org/snapshot/panlex-20191001-csv/2907#110847504>				<https://panlex.org/snapshot/panlex-20191001-csv/2907#110847465>		"هائوميا"@pst	
"Venus"@pam	<https://panlex.org/snapshot/panlex-20191001-csv/2907#110845437>				<https://panlex.org/snapshot/panlex-20191001-csv/2907#110845428>		"زهره"@pst	
"Uranus"@pam	<https://panlex.org/snapshot/panlex-20191001-csv/2907#110846838>				<https://panlex.org/snapshot/panlex-20191001-csv/2907#110846874>		"اورانوس"@pst	
"Yatu"@pam	<https://panlex.org/snapshot/panlex-20191001-csv/2907#110845655>				<https://panlex.org/snapshot/panlex-20191001-csv/2907#110845609>		"ځمکه"@pst	
"Neptune"@pam	<https://panlex.org/snapshot/panlex-20191001-csv/2907#110847156>				<https://panlex.org/snapshot/panlex-20191001-csv/2907#110847000>		"نېپټون"@pst	
"Mercury"@pam	<https://panlex.org/snapshot/panlex-20191001-csv/2907#110845182>				<https://panlex.org/snapshot/panlex-20191001-csv/2907#110845083>		"عطارد"@pst	
"Pluto"@pam	<https://panlex.org/snapshot/panlex-20191001-csv/2907#110847275>				<https://panlex.org/snapshot/panlex-20191001-csv/2907#110847362>		"پلوټو"@pst	
"Jupiter"@pam	<https://panlex.org/snapshot/panlex-20191001-csv/2907#110846377>				<https://panlex.org/snapshot/panlex-20191001-csv/2907#110846512>		"مشتري"@pst	
"Miercules"@pam	<https://panlex.org/snapshot/panlex-20191001-csv/2892#110824869>				<https://panlex.org/snapshot/panlex-20191001-csv/2892#110824945>		"چارشنبې"@pst	
"Miercules"@pam	<https://panlex.org/snapshot/panlex-20191001-csv/2892#110824869>				<https://panlex.org/snapshot/panlex-20191001-csv/2892#110825208>		"چارسنبه"@pst	
"Martes"@pam	<https://panlex.org/snapshot/panlex-20191001-csv/2892#110824775>				<https://panlex.org/snapshot/panlex-20191001-csv/2892#110824779>		"سه‌شنبې"@pst	
"Martes"@pam	<https://panlex.org/snapshot/panlex-20191001-csv/2892#110824775>				<https://panlex.org/snapshot/panlex-20191001-csv/2892#110824642>		"سه‌شنبه"@pst	
"Biernes"@pam	<https://panlex.org/snapshot/panlex-20191001-csv/2892#110826057>				<https://panlex.org/snapshot/panlex-20191001-csv/2892#110826007>		"جمعه"@pst	
"Sabado"@pam	<https://panlex.org/snapshot/panlex-20191001-csv/2892#110826507>				<https://panlex.org/snapshot/panlex-20191001-csv/2892#110826300>		"شنبې"@pst	
"Sabado"@pam	<https://panlex.org/snapshot/panlex-20191001-csv/2892#110826507>				<https://panlex.org/snapshot/panlex-20191001-csv/2892#110826352>		"شنبه"@pst	
"Lunes"@pam	<https://panlex.org/snapshot/panlex-20191001-csv/2892#110824400>				<https://panlex.org/snapshot/panlex-20191001-csv/2892#110824131>		"دوشنبه"@pst	
"Lunes"@pam	<https://panlex.org/snapshot/panlex-20191001-csv/2892#110824400>				<https://panlex.org/snapshot/panlex-20191001-csv/2892#110824090>		"دوشنبې"@pst	
"Domingo"@pam	<https://panlex.org/snapshot/panlex-20191001-csv/2892#110826600>				<https://panlex.org/snapshot/panlex-20191001-csv/2892#110826935>		"يکشنبې"@pst	
"Domingo"@pam	<https://panlex.org/snapshot/panlex-20191001-csv/2892#110826600>				<https://panlex.org/snapshot/panlex-20191001-csv/2892#110826717>		"يکشنبه"@pst	
"Domingo"@pam	<https://panlex.org/snapshot/panlex-20191001-csv/2892#110826600>				<https://panlex.org/snapshot/panlex-20191001-csv/2892#110826791>		"اتوار"@pst	
"Huebes"@pam	<https://panlex.org/snapshot/panlex-20191001-csv/2892#110825515>				<https://panlex.org/snapshot/panlex-20191001-csv/2892#110825466>		"پنجشنبې"@pst	
"Huebes"@pam	<https://panlex.org/snapshot/panlex-20191001-csv/2892#110825515>				<https://panlex.org/snapshot/panlex-20191001-csv/2892#110825633>		"پنجسنبه"@pst	
"Nobiembri"@pam	<https://panlex.org/snapshot/panlex-20191001-csv/2897#110831445>				<https://panlex.org/snapshot/panlex-20191001-csv/2897#110831519>		"نومبر"@pst	
"Eneru"@pam	<https://panlex.org/snapshot/panlex-20191001-csv/2897#110827126>				<https://panlex.org/snapshot/panlex-20191001-csv/2897#110827406>		"جنوري"@pst	
"Marsu"@pam	<https://panlex.org/snapshot/panlex-20191001-csv/2897#110827978>				<https://panlex.org/snapshot/panlex-20191001-csv/2897#110828125>		"مارچ"@pst	
"Abril"@pam	<https://panlex.org/snapshot/panlex-20191001-csv/2897#110828666>				<https://panlex.org/snapshot/panlex-20191001-csv/2897#110828619>		"اپريل"@pst	
"Octubri"@pam	<https://panlex.org/snapshot/panlex-20191001-csv/2897#110830964>				<https://panlex.org/snapshot/panlex-20191001-csv/2897#110830791>		"اکتوبر"@pst	
"Juliu"@pam	<https://panlex.org/snapshot/panlex-20191001-csv/2897#110829746>				<https://panlex.org/snapshot/panlex-20191001-csv/2897#110829780>		"جولاي"@pst	
"Mayu"@pam	<https://panlex.org/snapshot/panlex-20191001-csv/2897#110828754>				<https://panlex.org/snapshot/panlex-20191001-csv/2897#110828796>		"مۍ"@pst	
"Mayu"@pam	<https://panlex.org/snapshot/panlex-20191001-csv/2897#110828754>				<https://panlex.org/snapshot/panlex-20191001-csv/2897#110828672>		"مې"@pst	
"Agostu"@pam	<https://panlex.org/snapshot/panlex-20191001-csv/2897#110829900>				<https://panlex.org/snapshot/panlex-20191001-csv/2897#110829930>		"اګست"@pst	
"Juniu"@pam	<https://panlex.org/snapshot/panlex-20191001-csv/2897#110829379>				<https://panlex.org/snapshot/panlex-20191001-csv/2897#110829393>		"جون"@pst	
"Pebreru"@pam	<https://panlex.org/snapshot/panlex-20191001-csv/2897#110827457>				<https://panlex.org/snapshot/panlex-20191001-csv/2897#110827794>		"فبروري"@pst	
"Septiembri"@pam	<https://panlex.org/snapshot/panlex-20191001-csv/2897#110830595>				<https://panlex.org/snapshot/panlex-20191001-csv/2897#110830545>		"سپتمبر"@pst	
"Disiembri"@pam	<https://panlex.org/snapshot/panlex-20191001-csv/2897#110831840>				<https://panlex.org/snapshot/panlex-20191001-csv/2897#110831690>		"دسمبر"@pst	
