"Albania"@pam	<https://panlex.org/snapshot/panlex-20191001-csv/5947#84579752>				<https://panlex.org/snapshot/panlex-20191001-csv/5947#84579808>		"البانیا"@ur	
"Finland"@pam	<https://panlex.org/snapshot/panlex-20191001-csv/5947#84591127>				<https://panlex.org/snapshot/panlex-20191001-csv/5947#84591159>		"فن لینڈ"@ur	
"Espanya"@pam	<https://panlex.org/snapshot/panlex-20191001-csv/5940#81280990>				<https://panlex.org/snapshot/panlex-20191001-csv/5940#81281022>		"اسپین"@ur	
"United States"@pam	<https://panlex.org/snapshot/panlex-20191001-csv/5940#81280138>				<https://panlex.org/snapshot/panlex-20191001-csv/5940#81280173>		"ریاستہائے متحدہ امریکہ"@ur	
"Asia"@pam	<https://panlex.org/snapshot/panlex-20191001-csv/5939#80729984>				<https://panlex.org/snapshot/panlex-20191001-csv/5939#80730014>		"ešiyā"@ur	
"Uruguay"@pam	<https://panlex.org/snapshot/panlex-20191001-csv/5949#85322940>				<https://panlex.org/snapshot/panlex-20191001-csv/5949#85322976>		"یوراگوئے"@ur	
"Beijing"@pam	<https://panlex.org/snapshot/panlex-20191001-csv/5949#85318031>				<https://panlex.org/snapshot/panlex-20191001-csv/5949#85318072>		"بیجنگ"@ur	
"Turkey"@pam	<https://panlex.org/snapshot/panlex-20191001-csv/5949#85322569>				<https://panlex.org/snapshot/panlex-20191001-csv/5949#85322608>		"ترکی"@ur	
"Rusia"@pam	<https://panlex.org/snapshot/panlex-20191001-csv/5949#85319566>				<https://panlex.org/snapshot/panlex-20191001-csv/5949#85319624>		"روس"@ur	
"Filipinas"@pam	<https://panlex.org/snapshot/panlex-20191001-csv/5949#85323389>				<https://panlex.org/snapshot/panlex-20191001-csv/5949#85323433>		"فلپائن"@ur	
"Tbilisi"@pam	<https://panlex.org/snapshot/panlex-20191001-csv/5949#85321854>				<https://panlex.org/snapshot/panlex-20191001-csv/5949#85321882>		"طفلس"@ur	
"Agostu"@pam	<https://panlex.org/snapshot/panlex-20191001-csv/5949#85329459>				<https://panlex.org/snapshot/panlex-20191001-csv/5949#85329534>		"اگست"@ur	
"Tanzania"@pam	<https://panlex.org/snapshot/panlex-20191001-csv/5949#85321641>				<https://panlex.org/snapshot/panlex-20191001-csv/5949#85321672>		"تنزانیہ"@ur	
"Peru"@pam	<https://panlex.org/snapshot/panlex-20191001-csv/5949#85318292>				<https://panlex.org/snapshot/panlex-20191001-csv/5949#85318331>		"پیرو"@ur	
"Singapore"@pam	<https://panlex.org/snapshot/panlex-20191001-csv/5949#85320567>				<https://panlex.org/snapshot/panlex-20191001-csv/5949#85320608>		"سنگاپور"@ur	
"Latvia"@pam	<https://panlex.org/snapshot/panlex-20191001-csv/5949#85314350>				<https://panlex.org/snapshot/panlex-20191001-csv/5949#85314396>		"لٹویا"@ur	
"Berlin"@pam	<https://panlex.org/snapshot/panlex-20191001-csv/5949#85302502>				<https://panlex.org/snapshot/panlex-20191001-csv/5949#85302554>		"برلن"@ur	
"Hong Kong"@pam	<https://panlex.org/snapshot/panlex-20191001-csv/5949#85306711>				<https://panlex.org/snapshot/panlex-20191001-csv/5949#85306744>		"ہانگ کانگ"@ur	
"Australia"@pam	<https://panlex.org/snapshot/panlex-20191001-csv/5949#85298200>				<https://panlex.org/snapshot/panlex-20191001-csv/5949#85298246>		"آسٹریلیا"@ur	
"Novial"@pam	<https://panlex.org/snapshot/panlex-20191001-csv/405#13629409>				<https://panlex.org/snapshot/panlex-20191001-csv/405#13629419>		"نوویال"@ur	
"Asia"@pam	<https://panlex.org/snapshot/panlex-20191001-csv/9#502713>				<https://panlex.org/snapshot/panlex-20191001-csv/9#502741>		"ایشیا"@ur	
"ayup"@pam	<https://panlex.org/snapshot/panlex-20191001-csv/9#481996>				<https://panlex.org/snapshot/panlex-20191001-csv/9#482020>		"پرنده"@ur	
"Eritrea"@pam	<https://panlex.org/snapshot/panlex-20191001-csv/12#928952>				<https://panlex.org/snapshot/panlex-20191001-csv/12#928972>		"اریٹیریا"@ur	
"Eritrea"@pam	<https://panlex.org/snapshot/panlex-20191001-csv/12#928004>				<https://panlex.org/snapshot/panlex-20191001-csv/12#928025>		"اریٹیریا"@ur	
"Eritrea"@pam	<https://panlex.org/snapshot/panlex-20191001-csv/12#927351>				<https://panlex.org/snapshot/panlex-20191001-csv/12#927372>		"اریٹیریا"@ur	
"Eritrea"@pam	<https://panlex.org/snapshot/panlex-20191001-csv/12#929109>				<https://panlex.org/snapshot/panlex-20191001-csv/12#929130>		"اریٹیریا"@ur	
"Eritrea"@pam	<https://panlex.org/snapshot/panlex-20191001-csv/12#927273>				<https://panlex.org/snapshot/panlex-20191001-csv/12#927293>		"اریٹیریا"@ur	
"Eritrea"@pam	<https://panlex.org/snapshot/panlex-20191001-csv/12#928795>				<https://panlex.org/snapshot/panlex-20191001-csv/12#928814>		"اریٹیریا"@ur	
"Eritrea"@pam	<https://panlex.org/snapshot/panlex-20191001-csv/12#928716>				<https://panlex.org/snapshot/panlex-20191001-csv/12#928736>		"اریٹیریا"@ur	
"Eritrea"@pam	<https://panlex.org/snapshot/panlex-20191001-csv/12#927767>				<https://panlex.org/snapshot/panlex-20191001-csv/12#927788>		"اریٹیریا"@ur	
"Eritrea"@pam	<https://panlex.org/snapshot/panlex-20191001-csv/12#927509>				<https://panlex.org/snapshot/panlex-20191001-csv/12#927530>		"اریٹیریا"@ur	
"Eritrea"@pam	<https://panlex.org/snapshot/panlex-20191001-csv/12#926441>				<https://panlex.org/snapshot/panlex-20191001-csv/12#926462>		"اریٹیریا"@ur	
"Eritrea"@pam	<https://panlex.org/snapshot/panlex-20191001-csv/12#928873>				<https://panlex.org/snapshot/panlex-20191001-csv/12#928893>		"اریٹیریا"@ur	
"Eritrea"@pam	<https://panlex.org/snapshot/panlex-20191001-csv/12#928162>				<https://panlex.org/snapshot/panlex-20191001-csv/12#928183>		"اریٹیریا"@ur	
"Eritrea"@pam	<https://panlex.org/snapshot/panlex-20191001-csv/12#928083>				<https://panlex.org/snapshot/panlex-20191001-csv/12#928104>		"اریٹیریا"@ur	
"Eritrea"@pam	<https://panlex.org/snapshot/panlex-20191001-csv/12#926722>				<https://panlex.org/snapshot/panlex-20191001-csv/12#926743>		"اریٹیریا"@ur	
"Eritrea"@pam	<https://panlex.org/snapshot/panlex-20191001-csv/12#928400>				<https://panlex.org/snapshot/panlex-20191001-csv/12#928420>		"اریٹیریا"@ur	
"Eritrea"@pam	<https://panlex.org/snapshot/panlex-20191001-csv/12#928241>				<https://panlex.org/snapshot/panlex-20191001-csv/12#928262>		"اریٹیریا"@ur	
"Eritrea"@pam	<https://panlex.org/snapshot/panlex-20191001-csv/12#927846>				<https://panlex.org/snapshot/panlex-20191001-csv/12#927867>		"اریٹیریا"@ur	
"Eritrea"@pam	<https://panlex.org/snapshot/panlex-20191001-csv/12#928558>				<https://panlex.org/snapshot/panlex-20191001-csv/12#928578>		"اریٹیریا"@ur	
"Eritrea"@pam	<https://panlex.org/snapshot/panlex-20191001-csv/12#927688>				<https://panlex.org/snapshot/panlex-20191001-csv/12#927709>		"اریٹیریا"@ur	
"Eritrea"@pam	<https://panlex.org/snapshot/panlex-20191001-csv/12#928320>				<https://panlex.org/snapshot/panlex-20191001-csv/12#928341>		"اریٹیریا"@ur	
"Eritrea"@pam	<https://panlex.org/snapshot/panlex-20191001-csv/12#927430>				<https://panlex.org/snapshot/panlex-20191001-csv/12#927451>		"اریٹیریا"@ur	
"Eritrea"@pam	<https://panlex.org/snapshot/panlex-20191001-csv/12#926878>				<https://panlex.org/snapshot/panlex-20191001-csv/12#926898>		"اریٹیریا"@ur	
"Eritrea"@pam	<https://panlex.org/snapshot/panlex-20191001-csv/12#927035>				<https://panlex.org/snapshot/panlex-20191001-csv/12#927056>		"اریٹیریا"@ur	
"Eritrea"@pam	<https://panlex.org/snapshot/panlex-20191001-csv/12#926956>				<https://panlex.org/snapshot/panlex-20191001-csv/12#926977>		"اریٹیریا"@ur	
"Eritrea"@pam	<https://panlex.org/snapshot/panlex-20191001-csv/12#926564>				<https://panlex.org/snapshot/panlex-20191001-csv/12#926585>		"اریٹیریا"@ur	
"Eritrea"@pam	<https://panlex.org/snapshot/panlex-20191001-csv/12#928479>				<https://panlex.org/snapshot/panlex-20191001-csv/12#928499>		"اریٹیریا"@ur	
"Eritrea"@pam	<https://panlex.org/snapshot/panlex-20191001-csv/12#928637>				<https://panlex.org/snapshot/panlex-20191001-csv/12#928657>		"اریٹیریا"@ur	
"Eritrea"@pam	<https://panlex.org/snapshot/panlex-20191001-csv/12#927588>				<https://panlex.org/snapshot/panlex-20191001-csv/12#927608>		"اریٹیریا"@ur	
"Eritrea"@pam	<https://panlex.org/snapshot/panlex-20191001-csv/12#926800>				<https://panlex.org/snapshot/panlex-20191001-csv/12#926820>		"اریٹیریا"@ur	
"Eritrea"@pam	<https://panlex.org/snapshot/panlex-20191001-csv/12#926643>				<https://panlex.org/snapshot/panlex-20191001-csv/12#926664>		"اریٹیریا"@ur	
"Eritrea"@pam	<https://panlex.org/snapshot/panlex-20191001-csv/12#927193>				<https://panlex.org/snapshot/panlex-20191001-csv/12#927214>		"اریٹیریا"@ur	
"Eritrea"@pam	<https://panlex.org/snapshot/panlex-20191001-csv/12#927114>				<https://panlex.org/snapshot/panlex-20191001-csv/12#927135>		"اریٹیریا"@ur	
"Eritrea"@pam	<https://panlex.org/snapshot/panlex-20191001-csv/12#927925>				<https://panlex.org/snapshot/panlex-20191001-csv/12#927946>		"اریٹیریا"@ur	
"danúm"@pam	<https://panlex.org/snapshot/panlex-20191001-csv/12#851098>				<https://panlex.org/snapshot/panlex-20191001-csv/12#851226>		"آب"@ur	
"Egypt"@pam	<https://panlex.org/snapshot/panlex-20191001-csv/12#852556>				<https://panlex.org/snapshot/panlex-20191001-csv/12#852577>		"مصر"@ur	
"kapayapan"@pam	<https://panlex.org/snapshot/panlex-20191001-csv/2902#111012043>				<https://panlex.org/snapshot/panlex-20191001-csv/2902#111012214>		"امن"@ur	
"kapayapan"@pam	<https://panlex.org/snapshot/panlex-20191001-csv/2902#111012043>				<https://panlex.org/snapshot/panlex-20191001-csv/2902#111012338>		"صلح"@ur	
"Aldo"@pam	<https://panlex.org/snapshot/panlex-20191001-csv/2907#110844989>				<https://panlex.org/snapshot/panlex-20191001-csv/2907#110844918>		"سورج"@ur	
"Bulan"@pam	<https://panlex.org/snapshot/panlex-20191001-csv/2907#110845744>				<https://panlex.org/snapshot/panlex-20191001-csv/2907#110845783>		"چندر ماں"@ur	
"Makemake"@pam	<https://panlex.org/snapshot/panlex-20191001-csv/2907#110847590>				<https://panlex.org/snapshot/panlex-20191001-csv/2907#110847620>		"ماکی‌ماکی"@ur	
"Saturn"@pam	<https://panlex.org/snapshot/panlex-20191001-csv/2907#110846614>				<https://panlex.org/snapshot/panlex-20191001-csv/2907#110846724>		"زحل"@ur	
"Mars"@pam	<https://panlex.org/snapshot/panlex-20191001-csv/2907#110845927>				<https://panlex.org/snapshot/panlex-20191001-csv/2907#110846130>		"مریخ"@ur	
"Ceres"@pam	<https://panlex.org/snapshot/panlex-20191001-csv/2907#110846324>				<https://panlex.org/snapshot/panlex-20191001-csv/2907#110846270>		"سیریس"@ur	
"Eris"@pam	<https://panlex.org/snapshot/panlex-20191001-csv/2907#110847820>				<https://panlex.org/snapshot/panlex-20191001-csv/2907#110847787>		"ایریس"@ur	
"Haumea"@pam	<https://panlex.org/snapshot/panlex-20191001-csv/2907#110847504>				<https://panlex.org/snapshot/panlex-20191001-csv/2907#110847450>		"ہومیا"@ur	
"Venus"@pam	<https://panlex.org/snapshot/panlex-20191001-csv/2907#110845437>				<https://panlex.org/snapshot/panlex-20191001-csv/2907#110845449>		"زہرہ"@ur	
"Uranus"@pam	<https://panlex.org/snapshot/panlex-20191001-csv/2907#110846838>				<https://panlex.org/snapshot/panlex-20191001-csv/2907#110846930>		"یورینس"@ur	
"Yatu"@pam	<https://panlex.org/snapshot/panlex-20191001-csv/2907#110845655>				<https://panlex.org/snapshot/panlex-20191001-csv/2907#110845572>		"زمین"@ur	
"Neptune"@pam	<https://panlex.org/snapshot/panlex-20191001-csv/2907#110847156>				<https://panlex.org/snapshot/panlex-20191001-csv/2907#110847062>		"نیپچوں"@ur	
"Mercury"@pam	<https://panlex.org/snapshot/panlex-20191001-csv/2907#110845182>				<https://panlex.org/snapshot/panlex-20191001-csv/2907#110845179>		"عطارد"@ur	
"Pluto"@pam	<https://panlex.org/snapshot/panlex-20191001-csv/2907#110847275>				<https://panlex.org/snapshot/panlex-20191001-csv/2907#110847354>		"پلوٹو"@ur	
"Jupiter"@pam	<https://panlex.org/snapshot/panlex-20191001-csv/2907#110846377>				<https://panlex.org/snapshot/panlex-20191001-csv/2907#110846546>		"مشتری"@ur	
"masaplalang bayung banwa"@pam	<https://panlex.org/snapshot/panlex-20191001-csv/8#328221>				<https://panlex.org/snapshot/panlex-20191001-csv/8#328242>		"نیا سال مبارک"@ur	
"Israel"@pam	<https://panlex.org/snapshot/panlex-20191001-csv/10#756266>				<https://panlex.org/snapshot/panlex-20191001-csv/10#756286>		"اسرائیل"@ur	
"Espanya"@pam	<https://panlex.org/snapshot/panlex-20191001-csv/10#642124>				<https://panlex.org/snapshot/panlex-20191001-csv/10#642155>		"اسپین"@ur	
"Iraq"@pam	<https://panlex.org/snapshot/panlex-20191001-csv/10#760422>				<https://panlex.org/snapshot/panlex-20191001-csv/10#760447>		"عراق"@ur	
"Solomon Islands"@pam	<https://panlex.org/snapshot/panlex-20191001-csv/10#771889>				<https://panlex.org/snapshot/panlex-20191001-csv/10#771909>		"سولومن آئلینڈ"@ur	
"Miercules"@pam	<https://panlex.org/snapshot/panlex-20191001-csv/2892#110824869>				<https://panlex.org/snapshot/panlex-20191001-csv/2892#110825251>		"بدھ"@ur	
"Martes"@pam	<https://panlex.org/snapshot/panlex-20191001-csv/2892#110824775>				<https://panlex.org/snapshot/panlex-20191001-csv/2892#110824647>		"منگل"@ur	
"Biernes"@pam	<https://panlex.org/snapshot/panlex-20191001-csv/2892#110826057>				<https://panlex.org/snapshot/panlex-20191001-csv/2892#110825809>		"جمعہ"@ur	
"Sabado"@pam	<https://panlex.org/snapshot/panlex-20191001-csv/2892#110826507>				<https://panlex.org/snapshot/panlex-20191001-csv/2892#110826563>		"ہفتہ"@ur	
"Lunes"@pam	<https://panlex.org/snapshot/panlex-20191001-csv/2892#110824400>				<https://panlex.org/snapshot/panlex-20191001-csv/2892#110824238>		"پیر"@ur	
"Domingo"@pam	<https://panlex.org/snapshot/panlex-20191001-csv/2892#110826600>				<https://panlex.org/snapshot/panlex-20191001-csv/2892#110826845>		"اتوار"@ur	
"Huebes"@pam	<https://panlex.org/snapshot/panlex-20191001-csv/2892#110825515>				<https://panlex.org/snapshot/panlex-20191001-csv/2892#110825396>		"جمعرات"@ur	
"Nobiembri"@pam	<https://panlex.org/snapshot/panlex-20191001-csv/2897#110831445>				<https://panlex.org/snapshot/panlex-20191001-csv/2897#110831426>		"نومبر"@ur	
"Eneru"@pam	<https://panlex.org/snapshot/panlex-20191001-csv/2897#110827126>				<https://panlex.org/snapshot/panlex-20191001-csv/2897#110827150>		"جنوری"@ur	
"Marsu"@pam	<https://panlex.org/snapshot/panlex-20191001-csv/2897#110827978>				<https://panlex.org/snapshot/panlex-20191001-csv/2897#110828134>		"مارچ"@ur	
"Abril"@pam	<https://panlex.org/snapshot/panlex-20191001-csv/2897#110828666>				<https://panlex.org/snapshot/panlex-20191001-csv/2897#110828578>		"اپریل"@ur	
"Octubri"@pam	<https://panlex.org/snapshot/panlex-20191001-csv/2897#110830964>				<https://panlex.org/snapshot/panlex-20191001-csv/2897#110830886>		"اکتوبر"@ur	
"Juliu"@pam	<https://panlex.org/snapshot/panlex-20191001-csv/2897#110829746>				<https://panlex.org/snapshot/panlex-20191001-csv/2897#110829508>		"جولائی"@ur	
"Mayu"@pam	<https://panlex.org/snapshot/panlex-20191001-csv/2897#110828754>				<https://panlex.org/snapshot/panlex-20191001-csv/2897#110828945>		"مئ"@ur	
"Agostu"@pam	<https://panlex.org/snapshot/panlex-20191001-csv/2897#110829900>				<https://panlex.org/snapshot/panlex-20191001-csv/2897#110829986>		"اگست"@ur	
"Juniu"@pam	<https://panlex.org/snapshot/panlex-20191001-csv/2897#110829379>				<https://panlex.org/snapshot/panlex-20191001-csv/2897#110829113>		"جون"@ur	
"Pebreru"@pam	<https://panlex.org/snapshot/panlex-20191001-csv/2897#110827457>				<https://panlex.org/snapshot/panlex-20191001-csv/2897#110827583>		"فروری"@ur	
"Septiembri"@pam	<https://panlex.org/snapshot/panlex-20191001-csv/2897#110830595>				<https://panlex.org/snapshot/panlex-20191001-csv/2897#110830721>		"ستمبر"@ur	
"Disiembri"@pam	<https://panlex.org/snapshot/panlex-20191001-csv/2897#110831840>				<https://panlex.org/snapshot/panlex-20191001-csv/2897#110831870>		"دسمبر"@ur	
