"taxna"@mwh	<https://panlex.org/snapshot/panlex-20191001-csv/114#8057539>				<https://panlex.org/snapshot/panlex-20191001-csv/114#8057530>		"paris nang qutaw"@msk	
"opol"@mwh	<https://panlex.org/snapshot/panlex-20191001-csv/114#8061145>				<https://panlex.org/snapshot/panlex-20191001-csv/114#8061137>		"qabaga"@msk	
"otuo"@mwh	<https://panlex.org/snapshot/panlex-20191001-csv/114#8058049>				<https://panlex.org/snapshot/panlex-20191001-csv/114#8058037>		"likud nang qutaw"@msk	
"agune"@mwh	<https://panlex.org/snapshot/panlex-20191001-csv/114#8064244>				<https://panlex.org/snapshot/panlex-20191001-csv/114#8064236>		"liyɨg"@msk	
"tarna"@mwh	<https://panlex.org/snapshot/panlex-20191001-csv/114#8057538>				<https://panlex.org/snapshot/panlex-20191001-csv/114#8057530>		"paris nang qutaw"@msk	
"lokono"@mwh	<https://panlex.org/snapshot/panlex-20191001-csv/114#8052912>				<https://panlex.org/snapshot/panlex-20191001-csv/114#8052904>		"karintu na qutaw"@msk	
"bauluk"@mwh	<https://panlex.org/snapshot/panlex-20191001-csv/114#8055537>				<https://panlex.org/snapshot/panlex-20191001-csv/114#8055527>		"sigɨng"@msk	
"kerere"@mwh	<https://panlex.org/snapshot/panlex-20191001-csv/114#8056559>				<https://panlex.org/snapshot/panlex-20191001-csv/114#8056549>		"maripaq"@msk	
"mnaŋan"@mwh	<https://panlex.org/snapshot/panlex-20191001-csv/114#8066298>				<https://panlex.org/snapshot/panlex-20191001-csv/114#8066285>		"baquq"@msk	
"atna"@mwh	<https://panlex.org/snapshot/panlex-20191001-csv/114#8060077>				<https://panlex.org/snapshot/panlex-20191001-csv/114#8060069>		"qatay"@msk	
"pele"@mwh	<https://panlex.org/snapshot/panlex-20191001-csv/114#8059597>				<https://panlex.org/snapshot/panlex-20191001-csv/114#8059587>		"tinaqi"@msk	
"pele"@mwh	<https://panlex.org/snapshot/panlex-20191001-csv/114#8058580>				<https://panlex.org/snapshot/panlex-20191001-csv/114#8058570>		"dɨbdɨb"@msk	
"maxau"@mwh	<https://panlex.org/snapshot/panlex-20191001-csv/114#8063165>				<https://panlex.org/snapshot/panlex-20191001-csv/114#8063156>		"duguq"@msk	
"ene blene"@mwh	<https://panlex.org/snapshot/panlex-20191001-csv/114#8067894>				<https://panlex.org/snapshot/panlex-20191001-csv/114#8067886>		"dilaq"@msk	
"kamla"@mwh	<https://panlex.org/snapshot/panlex-20191001-csv/114#8053429>				<https://panlex.org/snapshot/panlex-20191001-csv/114#8053420>		"bitiqis"@msk	
"mogolu"@mwh	<https://panlex.org/snapshot/panlex-20191001-csv/114#8059596>				<https://panlex.org/snapshot/panlex-20191001-csv/114#8059587>		"tinaqi"@msk	
"mismis"@mwh	<https://panlex.org/snapshot/panlex-20191001-csv/114#8057044>				<https://panlex.org/snapshot/panlex-20191001-csv/114#8057033>		"qăbug"@msk	
"gala"@mwh	<https://panlex.org/snapshot/panlex-20191001-csv/114#8052450>				<https://panlex.org/snapshot/panlex-20191001-csv/114#8052441>		"kawara na qutaw"@msk	
"eine uatna"@mwh	<https://panlex.org/snapshot/panlex-20191001-csv/114#8067371>				<https://panlex.org/snapshot/panlex-20191001-csv/114#8067363>		"quntu"@msk	
