"aki"@mwh	<https://panlex.org/snapshot/panlex-20191001-csv/12#851070>				<https://panlex.org/snapshot/panlex-20191001-csv/12#850852>		"wār"@bhw	
"taxna"@mwh	<https://panlex.org/snapshot/panlex-20191001-csv/114#8057539>				<https://panlex.org/snapshot/panlex-20191001-csv/114#8057284>		"rib"@bhw	
"uti"@mwh	<https://panlex.org/snapshot/panlex-20191001-csv/114#8055042>				<https://panlex.org/snapshot/panlex-20191001-csv/114#8054798>		"rāma"@bhw	
"opol"@mwh	<https://panlex.org/snapshot/panlex-20191001-csv/114#8061145>				<https://panlex.org/snapshot/panlex-20191001-csv/114#8060921>		"radar[si]"@bhw	
"otuo"@mwh	<https://panlex.org/snapshot/panlex-20191001-csv/114#8058049>				<https://panlex.org/snapshot/panlex-20191001-csv/114#8057803>		"kru[ri]"@bhw	
"agune"@mwh	<https://panlex.org/snapshot/panlex-20191001-csv/114#8064244>				<https://panlex.org/snapshot/panlex-20191001-csv/114#8063988>		"sasu[ri]"@bhw	
"tarna"@mwh	<https://panlex.org/snapshot/panlex-20191001-csv/114#8057538>				<https://panlex.org/snapshot/panlex-20191001-csv/114#8057284>		"rib"@bhw	
"lokono"@mwh	<https://panlex.org/snapshot/panlex-20191001-csv/114#8052912>				<https://panlex.org/snapshot/panlex-20191001-csv/114#8052696>		"kaku"@bhw	
"soŋsoŋ"@mwh	<https://panlex.org/snapshot/panlex-20191001-csv/114#8065821>				<https://panlex.org/snapshot/panlex-20191001-csv/114#8065611>		"mnasu"@bhw	
"bauluk"@mwh	<https://panlex.org/snapshot/panlex-20191001-csv/114#8055537>				<https://panlex.org/snapshot/panlex-20191001-csv/114#8055299>		"kabĕr"@bhw	
"kerere"@mwh	<https://panlex.org/snapshot/panlex-20191001-csv/114#8056559>				<https://panlex.org/snapshot/panlex-20191001-csv/114#8056318>		"akĕm"@bhw	
"kerere"@mwh	<https://panlex.org/snapshot/panlex-20191001-csv/114#8056559>				<https://panlex.org/snapshot/panlex-20191001-csv/114#8056319>		"fambrum"@bhw	
"mnaŋan"@mwh	<https://panlex.org/snapshot/panlex-20191001-csv/114#8066298>				<https://panlex.org/snapshot/panlex-20191001-csv/114#8066050>		"nasĕm"@bhw	
"atna"@mwh	<https://panlex.org/snapshot/panlex-20191001-csv/114#8060077>				<https://panlex.org/snapshot/panlex-20191001-csv/114#8059841>		"ke|n"@bhw	
"max"@mwh	<https://panlex.org/snapshot/panlex-20191001-csv/114#8055040>				<https://panlex.org/snapshot/panlex-20191001-csv/114#8054798>		"rāma"@bhw	
"pele"@mwh	<https://panlex.org/snapshot/panlex-20191001-csv/114#8059597>				<https://panlex.org/snapshot/panlex-20191001-csv/114#8059367>		"sne|war[si]"@bhw	
"pele"@mwh	<https://panlex.org/snapshot/panlex-20191001-csv/114#8058580>				<https://panlex.org/snapshot/panlex-20191001-csv/114#8058308>		"sne[ri]"@bhw	
"maxau"@mwh	<https://panlex.org/snapshot/panlex-20191001-csv/114#8063165>				<https://panlex.org/snapshot/panlex-20191001-csv/114#8062916>		"rik"@bhw	
"biŋos"@mwh	<https://panlex.org/snapshot/panlex-20191001-csv/114#8065820>				<https://panlex.org/snapshot/panlex-20191001-csv/114#8065611>		"mnasu"@bhw	
"ene blene"@mwh	<https://panlex.org/snapshot/panlex-20191001-csv/114#8067894>				<https://panlex.org/snapshot/panlex-20191001-csv/114#8067647>		"kaprendi"@bhw	
"ene blene"@mwh	<https://panlex.org/snapshot/panlex-20191001-csv/114#8067894>				<https://panlex.org/snapshot/panlex-20191001-csv/114#8067648>		"kaprer"@bhw	
"bitna didi"@mwh	<https://panlex.org/snapshot/panlex-20191001-csv/114#8062164>				<https://panlex.org/snapshot/panlex-20191001-csv/114#8061952>		"swār"@bhw	
"kamla"@mwh	<https://panlex.org/snapshot/panlex-20191001-csv/114#8053429>				<https://panlex.org/snapshot/panlex-20191001-csv/114#8053155>		"we"@bhw	
"mogolu"@mwh	<https://panlex.org/snapshot/panlex-20191001-csv/114#8059596>				<https://panlex.org/snapshot/panlex-20191001-csv/114#8059367>		"sne|war[si]"@bhw	
"mismis"@mwh	<https://panlex.org/snapshot/panlex-20191001-csv/114#8057044>				<https://panlex.org/snapshot/panlex-20191001-csv/114#8056822>		"ananef"@bhw	
"mismis"@mwh	<https://panlex.org/snapshot/panlex-20191001-csv/114#8057044>				<https://panlex.org/snapshot/panlex-20191001-csv/114#8056823>		"yorĕf"@bhw	
"gala"@mwh	<https://panlex.org/snapshot/panlex-20191001-csv/114#8052450>				<https://panlex.org/snapshot/panlex-20191001-csv/114#8052224>		"sār"@bhw	
"me"@mwh	<https://panlex.org/snapshot/panlex-20191001-csv/114#8055041>				<https://panlex.org/snapshot/panlex-20191001-csv/114#8054798>		"rāma"@bhw	
"eine uatna"@mwh	<https://panlex.org/snapshot/panlex-20191001-csv/114#8067371>				<https://panlex.org/snapshot/panlex-20191001-csv/114#8067097>		"na"@bhw	
"aki"@mwh	<https://panlex.org/snapshot/panlex-20191001-csv/11#787671>				<https://panlex.org/snapshot/panlex-20191001-csv/11#787495>		"wār"@bhw	
