"kore-"@bcm	<https://panlex.org/snapshot/panlex-20191001-csv/114#8059363>				<https://panlex.org/snapshot/panlex-20191001-csv/114#8059782>		"kasaiwono"@xmt	
"kobi-"@bcm	<https://panlex.org/snapshot/panlex-20191001-csv/114#8058299>				<https://panlex.org/snapshot/panlex-20191001-csv/114#8058814>		"nia-"@xmt	
"tsughi-"@bcm	<https://panlex.org/snapshot/panlex-20191001-csv/114#8057797>				<https://panlex.org/snapshot/panlex-20191001-csv/114#8058252>		"uta-"@xmt	
"tororona"@bcm	<https://panlex.org/snapshot/panlex-20191001-csv/114#8052215>				<https://panlex.org/snapshot/panlex-20191001-csv/114#8052643>		"pelimi"@xmt	
"dzaneko-"@bcm	<https://panlex.org/snapshot/panlex-20191001-csv/114#8060911>				<https://panlex.org/snapshot/panlex-20191001-csv/114#8061330>		"paŋkadiɔ"@xmt	
"sanana"@bcm	<https://panlex.org/snapshot/panlex-20191001-csv/114#8054302>				<https://panlex.org/snapshot/panlex-20191001-csv/114#8054747>		"tag"@xmt	
"punu-"@bcm	<https://panlex.org/snapshot/panlex-20191001-csv/114#8064514>				<https://panlex.org/snapshot/panlex-20191001-csv/114#8065018>		"pa"@xmt	
"mea-"@bcm	<https://panlex.org/snapshot/panlex-20191001-csv/114#8067637>				<https://panlex.org/snapshot/panlex-20191001-csv/114#8068108>		"telebo-"@xmt	
"ghau"@bcm	<https://panlex.org/snapshot/panlex-20191001-csv/114#8066039>				<https://panlex.org/snapshot/panlex-20191001-csv/114#8066489>		"-fatam"@xmt	
"tope-"@bcm	<https://panlex.org/snapshot/panlex-20191001-csv/114#8063429>				<https://panlex.org/snapshot/panlex-20191001-csv/114#8063931>		"wu-"@xmt	
"ŋatsi"@bcm	<https://panlex.org/snapshot/panlex-20191001-csv/114#8062907>				<https://panlex.org/snapshot/panlex-20191001-csv/114#8063379>		"lomos"@xmt	
"maŋo-"@bcm	<https://panlex.org/snapshot/panlex-20191001-csv/114#8066535>				<https://panlex.org/snapshot/panlex-20191001-csv/114#8067040>		"samo-"@xmt	
"vagiri"@bcm	<https://panlex.org/snapshot/panlex-20191001-csv/114#8068156>				<https://panlex.org/snapshot/panlex-20191001-csv/114#8068631>		"-mlef"@xmt	
