"koromo"@bcm	<https://panlex.org/snapshot/panlex-20191001-csv/12#850845>				<https://panlex.org/snapshot/panlex-20191001-csv/12#851065>		"air"@zsm	
"kore-"@bcm	<https://panlex.org/snapshot/panlex-20191001-csv/114#8059363>				<https://panlex.org/snapshot/panlex-20191001-csv/114#8059793>		"usus"@zsm	
"kobi-"@bcm	<https://panlex.org/snapshot/panlex-20191001-csv/114#8058299>				<https://panlex.org/snapshot/panlex-20191001-csv/114#8058829>		"perut"@zsm	
"tsughi-"@bcm	<https://panlex.org/snapshot/panlex-20191001-csv/114#8057797>				<https://panlex.org/snapshot/panlex-20191001-csv/114#8058263>		"punggung"@zsm	
"tsughi-"@bcm	<https://panlex.org/snapshot/panlex-20191001-csv/114#8057797>				<https://panlex.org/snapshot/panlex-20191001-csv/114#8058262>		"belakang"@zsm	
"tororona"@bcm	<https://panlex.org/snapshot/panlex-20191001-csv/114#8052215>				<https://panlex.org/snapshot/panlex-20191001-csv/114#8052655>		"kiri"@zsm	
"dzaneko-"@bcm	<https://panlex.org/snapshot/panlex-20191001-csv/114#8060911>				<https://panlex.org/snapshot/panlex-20191001-csv/114#8061343>		"bahu"@zsm	
"sanana"@bcm	<https://panlex.org/snapshot/panlex-20191001-csv/114#8054302>				<https://panlex.org/snapshot/panlex-20191001-csv/114#8054759>		"jalan"@zsm	
"punu-"@bcm	<https://panlex.org/snapshot/panlex-20191001-csv/114#8064514>				<https://panlex.org/snapshot/panlex-20191001-csv/114#8065032>		"rambut"@zsm	
"punu-"@bcm	<https://panlex.org/snapshot/panlex-20191001-csv/114#8064514>				<https://panlex.org/snapshot/panlex-20191001-csv/114#8065033>		"ramput"@zsm	
"mea-"@bcm	<https://panlex.org/snapshot/panlex-20191001-csv/114#8067637>				<https://panlex.org/snapshot/panlex-20191001-csv/114#8068121>		"lidah"@zsm	
"ghau"@bcm	<https://panlex.org/snapshot/panlex-20191001-csv/114#8066039>				<https://panlex.org/snapshot/panlex-20191001-csv/114#8066500>		"hidu"@zsm	
"tope-"@bcm	<https://panlex.org/snapshot/panlex-20191001-csv/114#8063429>				<https://panlex.org/snapshot/panlex-20191001-csv/114#8063945>		"kepala"@zsm	
"ŋatsi"@bcm	<https://panlex.org/snapshot/panlex-20191001-csv/114#8062907>				<https://panlex.org/snapshot/panlex-20191001-csv/114#8063391>		"darah"@zsm	
"maŋo-"@bcm	<https://panlex.org/snapshot/panlex-20191001-csv/114#8066535>				<https://panlex.org/snapshot/panlex-20191001-csv/114#8067055>		"mulut"@zsm	
"vagiri"@bcm	<https://panlex.org/snapshot/panlex-20191001-csv/114#8068156>				<https://panlex.org/snapshot/panlex-20191001-csv/114#8068645>		"ketawa"@zsm	
"koromo"@bcm	<https://panlex.org/snapshot/panlex-20191001-csv/11#787488>				<https://panlex.org/snapshot/panlex-20191001-csv/11#787666>		"air"@zsm	
