"kayu"@arn	<https://panlex.org/snapshot/panlex-20191001-csv/2131#11694972>				<https://panlex.org/snapshot/panlex-20191001-csv/2131#11694924>		"whegh"@kw	
"küzawfe"@arn	<https://panlex.org/snapshot/panlex-20191001-csv/5939#80726049>				<https://panlex.org/snapshot/panlex-20191001-csv/5939#80726067>		"oberor"@kw	
"küzawfe"@arn	<https://panlex.org/snapshot/panlex-20191001-csv/5939#80726049>				<https://panlex.org/snapshot/panlex-20191001-csv/5939#80726066>		"gwythor"@kw	
"küzawfe"@arn	<https://panlex.org/snapshot/panlex-20191001-csv/5939#80726049>				<https://panlex.org/snapshot/panlex-20191001-csv/5939#80726065>		"gonesek"@kw	
"külfün"@arn	<https://panlex.org/snapshot/panlex-20191001-csv/5939#80726050>				<https://panlex.org/snapshot/panlex-20191001-csv/5939#80726067>		"oberor"@kw	
"külfün"@arn	<https://panlex.org/snapshot/panlex-20191001-csv/5939#80726050>				<https://panlex.org/snapshot/panlex-20191001-csv/5939#80726066>		"gwythor"@kw	
"külfün"@arn	<https://panlex.org/snapshot/panlex-20191001-csv/5939#80726050>				<https://panlex.org/snapshot/panlex-20191001-csv/5939#80726065>		"gonesek"@kw	
"komütuwe"@arn	<https://panlex.org/snapshot/panlex-20191001-csv/5946#84446114>				<https://panlex.org/snapshot/panlex-20191001-csv/5946#84446149>		"mirour"@kw	
"yechepeyüm"@arn	<https://panlex.org/snapshot/panlex-20191001-csv/5949#85330470>				<https://panlex.org/snapshot/panlex-20191001-csv/5949#85330478>		"kyttryn"@kw	
"foro"@arn	<https://panlex.org/snapshot/panlex-20191001-csv/5942#83281027>				<https://panlex.org/snapshot/panlex-20191001-csv/5942#83281037>		"dans"@kw	
"kiñe"@arn	<https://panlex.org/snapshot/panlex-20191001-csv/19#1028558>				<https://panlex.org/snapshot/panlex-20191001-csv/19#1028569>		"onan"@kw	
"fey"@arn	<https://panlex.org/snapshot/panlex-20191001-csv/9#473813>				<https://panlex.org/snapshot/panlex-20191001-csv/9#473823>		"ev"@kw	
"ko"@arn	<https://panlex.org/snapshot/panlex-20191001-csv/12#850833>				<https://panlex.org/snapshot/panlex-20191001-csv/12#850886>		"dowr"@kw	
"ko"@arn	<https://panlex.org/snapshot/panlex-20191001-csv/11#787476>				<https://panlex.org/snapshot/panlex-20191001-csv/11#787528>		"dowr"@kw	
