"berge"@dcr	<https://panlex.org/snapshot/panlex-20191001-csv/1573#50083528>				<https://panlex.org/snapshot/panlex-20191001-csv/1573#50083483>		"ʼkuyi"@cbi	
"berge"@dcr	<https://panlex.org/snapshot/panlex-20191001-csv/1573#50083528>				<https://panlex.org/snapshot/panlex-20191001-csv/1573#50083484>		"ʼlun-ʼguyi"@cbi	
"bom"@dcr	<https://panlex.org/snapshot/panlex-20191001-csv/1573#50089998>				<https://panlex.org/snapshot/panlex-20191001-csv/1573#50089968>		"či"@cbi	
"boba"@dcr	<https://panlex.org/snapshot/panlex-20191001-csv/1573#50082949>				<https://panlex.org/snapshot/panlex-20191001-csv/1573#50082913>		"ʼpihpa"@cbi	
"hewun"@dcr	<https://panlex.org/snapshot/panlex-20191001-csv/1573#50091102>				<https://panlex.org/snapshot/panlex-20191001-csv/1573#50091072>		"ʼselu"@cbi	
"ze"@dcr	<https://panlex.org/snapshot/panlex-20191001-csv/1573#50085950>				<https://panlex.org/snapshot/panlex-20191001-csv/1573#50085926>		"ʼlaʼmaa"@cbi	
"ze"@dcr	<https://panlex.org/snapshot/panlex-20191001-csv/1573#50085950>				<https://panlex.org/snapshot/panlex-20191001-csv/1573#50085927>		"ʼΦera"@cbi	
"ze"@dcr	<https://panlex.org/snapshot/panlex-20191001-csv/1573#50086730>				<https://panlex.org/snapshot/panlex-20191001-csv/1573#50086710>		"ʼlaʼmaa"@cbi	
"gron"@dcr	<https://panlex.org/snapshot/panlex-20191001-csv/1573#50082350>				<https://panlex.org/snapshot/panlex-20191001-csv/1573#50082326>		"tu"@cbi	
"baba"@dcr	<https://panlex.org/snapshot/panlex-20191001-csv/1573#50082948>				<https://panlex.org/snapshot/panlex-20191001-csv/1573#50082913>		"ʼpihpa"@cbi	
"gras-pis"@dcr	<https://panlex.org/snapshot/panlex-20191001-csv/1573#50084217>				<https://panlex.org/snapshot/panlex-20191001-csv/1573#50084177>		"panba"@cbi	
"riva"@dcr	<https://panlex.org/snapshot/panlex-20191001-csv/1573#50088296>				<https://panlex.org/snapshot/panlex-20191001-csv/1573#50088243>		"ʼpi-ʼhula"@cbi	
"riva"@dcr	<https://panlex.org/snapshot/panlex-20191001-csv/1573#50088296>				<https://panlex.org/snapshot/panlex-20191001-csv/1573#50088242>		"pi"@cbi	
"himul"@dcr	<https://panlex.org/snapshot/panlex-20191001-csv/1573#50091103>				<https://panlex.org/snapshot/panlex-20191001-csv/1573#50091072>		"ʼselu"@cbi	
"sten"@dcr	<https://panlex.org/snapshot/panlex-20191001-csv/1573#50090544>				<https://panlex.org/snapshot/panlex-20191001-csv/1573#50090504>		"ʼšu-ʼpuka"@cbi	
"sten"@dcr	<https://panlex.org/snapshot/panlex-20191001-csv/1573#50090544>				<https://panlex.org/snapshot/panlex-20191001-csv/1573#50090503>		"ʼlanbaki"@cbi	
"san"@dcr	<https://panlex.org/snapshot/panlex-20191001-csv/1573#50083227>				<https://panlex.org/snapshot/panlex-20191001-csv/1573#50083201>		"ʼɲii-pe"@cbi	
"son"@dcr	<https://panlex.org/snapshot/panlex-20191001-csv/1573#50091351>				<https://panlex.org/snapshot/panlex-20191001-csv/1573#50091325>		"ʼpahta"@cbi	
"grot sten"@dcr	<https://panlex.org/snapshot/panlex-20191001-csv/1573#50083923>				<https://panlex.org/snapshot/panlex-20191001-csv/1573#50083890>		"ʼlanʼbaki"@cbi	
"grot sten"@dcr	<https://panlex.org/snapshot/panlex-20191001-csv/1573#50083923>				<https://panlex.org/snapshot/panlex-20191001-csv/1573#50083889>		"ʼkuh-tu"@cbi	
"hiwun"@dcr	<https://panlex.org/snapshot/panlex-20191001-csv/1573#50091105>				<https://panlex.org/snapshot/panlex-20191001-csv/1573#50091072>		"ʼselu"@cbi	
"klip"@dcr	<https://panlex.org/snapshot/panlex-20191001-csv/1573#50087408>				<https://panlex.org/snapshot/panlex-20191001-csv/1573#50087395>		"ʼɲi-ʼyaʔ"@cbi	
"bɛrgi"@dcr	<https://panlex.org/snapshot/panlex-20191001-csv/1573#50083530>				<https://panlex.org/snapshot/panlex-20191001-csv/1573#50083483>		"ʼkuyi"@cbi	
"bɛrgi"@dcr	<https://panlex.org/snapshot/panlex-20191001-csv/1573#50083530>				<https://panlex.org/snapshot/panlex-20191001-csv/1573#50083484>		"ʼlun-ʼguyi"@cbi	
"zɛ"@dcr	<https://panlex.org/snapshot/panlex-20191001-csv/1573#50086731>				<https://panlex.org/snapshot/panlex-20191001-csv/1573#50086710>		"ʼlaʼmaa"@cbi	
"wərən"@dcr	<https://panlex.org/snapshot/panlex-20191001-csv/1573#50081761>				<https://panlex.org/snapshot/panlex-20191001-csv/1573#50081733>		"tu"@cbi	
"ot-kwek"@dcr	<https://panlex.org/snapshot/panlex-20191001-csv/1573#50090899>				<https://panlex.org/snapshot/panlex-20191001-csv/1573#50090875>		"ʼkala"@cbi	
"strom"@dcr	<https://panlex.org/snapshot/panlex-20191001-csv/1573#50087680>				<https://panlex.org/snapshot/panlex-20191001-csv/1573#50087654>		"ʼpi-ʼsunda"@cbi	
"strom"@dcr	<https://panlex.org/snapshot/panlex-20191001-csv/1573#50087680>				<https://panlex.org/snapshot/panlex-20191001-csv/1573#50087653>		"ʼpi-ʼsela"@cbi	
"houtu"@dcr	<https://panlex.org/snapshot/panlex-20191001-csv/1573#50090249>				<https://panlex.org/snapshot/panlex-20191001-csv/1573#50090219>		"či"@cbi	
"bai"@dcr	<https://panlex.org/snapshot/panlex-20191001-csv/1573#50087132>				<https://panlex.org/snapshot/panlex-20191001-csv/1573#50087117>		"pi"@cbi	
"himun"@dcr	<https://panlex.org/snapshot/panlex-20191001-csv/1573#50091104>				<https://panlex.org/snapshot/panlex-20191001-csv/1573#50091072>		"ʼselu"@cbi	
"adu"@dcr	<https://panlex.org/snapshot/panlex-20191001-csv/1573#50082033>				<https://panlex.org/snapshot/panlex-20191001-csv/1573#50081998>		"tu"@cbi	
"swampi"@dcr	<https://panlex.org/snapshot/panlex-20191001-csv/1573#50089257>				<https://panlex.org/snapshot/panlex-20191001-csv/1573#50089231>		"ʼwanʼdaa"@cbi	
"buba"@dcr	<https://panlex.org/snapshot/panlex-20191001-csv/1573#50082950>				<https://panlex.org/snapshot/panlex-20191001-csv/1573#50082913>		"ʼpihpa"@cbi	
"bus"@dcr	<https://panlex.org/snapshot/panlex-20191001-csv/1573#50089706>				<https://panlex.org/snapshot/panlex-20191001-csv/1573#50089676>		"ʼhele"@cbi	
"bus"@dcr	<https://panlex.org/snapshot/panlex-20191001-csv/1573#50089706>				<https://panlex.org/snapshot/panlex-20191001-csv/1573#50089675>		"ʼheen-ʼbala"@cbi	
"pit"@dcr	<https://panlex.org/snapshot/panlex-20191001-csv/1573#50088920>				<https://panlex.org/snapshot/panlex-20191001-csv/1573#50088880>		"ʼpusu"@cbi	
"hautu"@dcr	<https://panlex.org/snapshot/panlex-20191001-csv/1573#50090248>				<https://panlex.org/snapshot/panlex-20191001-csv/1573#50090219>		"či"@cbi	
"hɛwun"@dcr	<https://panlex.org/snapshot/panlex-20191001-csv/1573#50091106>				<https://panlex.org/snapshot/panlex-20191001-csv/1573#50091072>		"ʼselu"@cbi	
"se"@dcr	<https://panlex.org/snapshot/panlex-20191001-csv/1573#50085949>				<https://panlex.org/snapshot/panlex-20191001-csv/1573#50085926>		"ʼlaʼmaa"@cbi	
"se"@dcr	<https://panlex.org/snapshot/panlex-20191001-csv/1573#50085949>				<https://panlex.org/snapshot/panlex-20191001-csv/1573#50085927>		"ʼΦera"@cbi	
"se"@dcr	<https://panlex.org/snapshot/panlex-20191001-csv/1573#50086729>				<https://panlex.org/snapshot/panlex-20191001-csv/1573#50086710>		"ʼlaʼmaa"@cbi	
"watu"@dcr	<https://panlex.org/snapshot/panlex-20191001-csv/1573#50085698>				<https://panlex.org/snapshot/panlex-20191001-csv/1573#50085670>		"pi"@cbi	
"saban"@dcr	<https://panlex.org/snapshot/panlex-20191001-csv/1573#50084218>				<https://panlex.org/snapshot/panlex-20191001-csv/1573#50084177>		"panba"@cbi	
"bergə"@dcr	<https://panlex.org/snapshot/panlex-20191001-csv/1573#50083529>				<https://panlex.org/snapshot/panlex-20191001-csv/1573#50083483>		"ʼkuyi"@cbi	
"bergə"@dcr	<https://panlex.org/snapshot/panlex-20191001-csv/1573#50083529>				<https://panlex.org/snapshot/panlex-20191001-csv/1573#50083484>		"ʼlun-ʼguyi"@cbi	
"pɛt"@dcr	<https://panlex.org/snapshot/panlex-20191001-csv/1573#50088921>				<https://panlex.org/snapshot/panlex-20191001-csv/1573#50088880>		"ʼpusu"@cbi	
