"wéye"@jmd	<https://panlex.org/snapshot/panlex-20191001-csv/12#850979>				<https://panlex.org/snapshot/panlex-20191001-csv/12#851220>		"oe"@twu	
"balik"@jmd	<https://panlex.org/snapshot/panlex-20191001-csv/114#8055423>				<https://panlex.org/snapshot/panlex-20191001-csv/114#8055709>		"lepos"@twu	
"reke"@jmd	<https://panlex.org/snapshot/panlex-20191001-csv/114#8065716>				<https://panlex.org/snapshot/panlex-20191001-csv/114#8065969>		"hae"@twu	
"kambu"@jmd	<https://panlex.org/snapshot/panlex-20191001-csv/114#8059479>				<https://panlex.org/snapshot/panlex-20191001-csv/114#8059754>		"tei"@twu	
"kambu"@jmd	<https://panlex.org/snapshot/panlex-20191001-csv/114#8058440>				<https://panlex.org/snapshot/panlex-20191001-csv/114#8058776>		"tei"@twu	
"fian"@jmd	<https://panlex.org/snapshot/panlex-20191001-csv/114#8052799>				<https://panlex.org/snapshot/panlex-20191001-csv/114#8053068>		"kona"@twu	
"kini"@jmd	<https://panlex.org/snapshot/panlex-20191001-csv/114#8056441>				<https://panlex.org/snapshot/panlex-20191001-csv/114#8056742>		"ŋgeŋgèo"@twu	
"n-ma"@jmd	<https://panlex.org/snapshot/panlex-20191001-csv/114#8054922>				<https://panlex.org/snapshot/panlex-20191001-csv/114#8055214>		"mai"@twu	
"na-fai"@jmd	<https://panlex.org/snapshot/panlex-20191001-csv/114#8061540>				<https://panlex.org/snapshot/panlex-20191001-csv/114#8061861>		"buluk"@twu	
"na-fai"@jmd	<https://panlex.org/snapshot/panlex-20191001-csv/114#8061540>				<https://panlex.org/snapshot/panlex-20191001-csv/114#8061862>		"lelak"@twu	
"dalamtene"@jmd	<https://panlex.org/snapshot/panlex-20191001-csv/114#8054422>				<https://panlex.org/snapshot/panlex-20191001-csv/114#8054711>		"eno[k]"@twu	
"n-mban"@jmd	<https://panlex.org/snapshot/panlex-20191001-csv/114#8053877>				<https://panlex.org/snapshot/panlex-20191001-csv/114#8054212>		"laʔo"@twu	
"laye"@jmd	<https://panlex.org/snapshot/panlex-20191001-csv/114#8053876>				<https://panlex.org/snapshot/panlex-20191001-csv/114#8054212>		"laʔo"@twu	
"ate"@jmd	<https://panlex.org/snapshot/panlex-20191001-csv/114#8059953>				<https://panlex.org/snapshot/panlex-20191001-csv/114#8060241>		"ate"@twu	
"slyape"@jmd	<https://panlex.org/snapshot/panlex-20191001-csv/114#8061030>				<https://panlex.org/snapshot/panlex-20191001-csv/114#8061301>		"alu[k]"@twu	
"nife"@jmd	<https://panlex.org/snapshot/panlex-20191001-csv/114#8067241>				<https://panlex.org/snapshot/panlex-20191001-csv/114#8067554>		"nisi[k]"@twu	
"ulu"@jmd	<https://panlex.org/snapshot/panlex-20191001-csv/114#8063574>				<https://panlex.org/snapshot/panlex-20191001-csv/114#8063892>		"laŋa"@twu	
