"balik"@jmd	<https://panlex.org/snapshot/panlex-20191001-csv/114#8055423>				<https://panlex.org/snapshot/panlex-20191001-csv/114#8055418>		"-ô"@jae	
"reke"@jmd	<https://panlex.org/snapshot/panlex-20191001-csv/114#8065716>				<https://panlex.org/snapshot/panlex-20191001-csv/114#8065710>		"làu"@jae	
"kambu"@jmd	<https://panlex.org/snapshot/panlex-20191001-csv/114#8058440>				<https://panlex.org/snapshot/panlex-20191001-csv/114#8058434>		"tâê"@jae	
"fian"@jmd	<https://panlex.org/snapshot/panlex-20191001-csv/114#8052799>				<https://panlex.org/snapshot/panlex-20191001-csv/114#8052793>		"anôŋa"@jae	
"kini"@jmd	<https://panlex.org/snapshot/panlex-20191001-csv/114#8056441>				<https://panlex.org/snapshot/panlex-20191001-csv/114#8056435>		"ŋatêmui"@jae	
"n-ma"@jmd	<https://panlex.org/snapshot/panlex-20191001-csv/114#8054922>				<https://panlex.org/snapshot/panlex-20191001-csv/114#8054915>		"-mêŋ"@jae	
"na-fai"@jmd	<https://panlex.org/snapshot/panlex-20191001-csv/114#8061540>				<https://panlex.org/snapshot/panlex-20191001-csv/114#8061534>		"kauc"@jae	
"dalamtene"@jmd	<https://panlex.org/snapshot/panlex-20191001-csv/114#8054422>				<https://panlex.org/snapshot/panlex-20191001-csv/114#8054417>		"intêna"@jae	
"n-mban"@jmd	<https://panlex.org/snapshot/panlex-20191001-csv/114#8053877>				<https://panlex.org/snapshot/panlex-20191001-csv/114#8053867>		"-jà"@jae	
"n-mban"@jmd	<https://panlex.org/snapshot/panlex-20191001-csv/114#8053877>				<https://panlex.org/snapshot/panlex-20191001-csv/114#8053868>		"-na"@jae	
"laye"@jmd	<https://panlex.org/snapshot/panlex-20191001-csv/114#8053876>				<https://panlex.org/snapshot/panlex-20191001-csv/114#8053867>		"-jà"@jae	
"laye"@jmd	<https://panlex.org/snapshot/panlex-20191001-csv/114#8053876>				<https://panlex.org/snapshot/panlex-20191001-csv/114#8053868>		"-na"@jae	
"ate"@jmd	<https://panlex.org/snapshot/panlex-20191001-csv/114#8059953>				<https://panlex.org/snapshot/panlex-20191001-csv/114#8059947>		"atê"@jae	
"n-aŋat"@jmd	<https://panlex.org/snapshot/panlex-20191001-csv/114#8066167>				<https://panlex.org/snapshot/panlex-20191001-csv/114#8066161>		"-ôc"@jae	
"nife"@jmd	<https://panlex.org/snapshot/panlex-20191001-csv/114#8067241>				<https://panlex.org/snapshot/panlex-20191001-csv/114#8067234>		"lồ"@jae	
"ulu"@jmd	<https://panlex.org/snapshot/panlex-20191001-csv/114#8063574>				<https://panlex.org/snapshot/panlex-20191001-csv/114#8063569>		"môkê"@jae	
