"livo"@sbb	<https://panlex.org/snapshot/panlex-20191001-csv/114#8067458>				<https://panlex.org/snapshot/panlex-20191001-csv/114#8067453>		"nite-"@rro	
"avu"@sbb	<https://panlex.org/snapshot/panlex-20191001-csv/114#8068508>				<https://panlex.org/snapshot/panlex-20191001-csv/114#8068503>		"móiriiri"@rro	
"roroqu"@sbb	<https://panlex.org/snapshot/panlex-20191001-csv/114#8062245>				<https://panlex.org/snapshot/panlex-20191001-csv/114#8062240>		"mo|raunana"@rro	
"tia-na"@sbb	<https://panlex.org/snapshot/panlex-20191001-csv/114#8058673>				<https://panlex.org/snapshot/panlex-20191001-csv/114#8058667>		"nua-na"@rro	
"tia-na"@sbb	<https://panlex.org/snapshot/panlex-20191001-csv/114#8058673>				<https://panlex.org/snapshot/panlex-20191001-csv/114#8058666>		"nua-mu"@rro	
"tia-na"@sbb	<https://panlex.org/snapshot/panlex-20191001-csv/114#8058673>				<https://panlex.org/snapshot/panlex-20191001-csv/114#8058668>		"nua-ʔu"@rro	
"susu"@sbb	<https://panlex.org/snapshot/panlex-20191001-csv/114#8060707>				<https://panlex.org/snapshot/panlex-20191001-csv/114#8060702>		"susu-na"@rro	
"nonoga"@sbb	<https://panlex.org/snapshot/panlex-20191001-csv/114#8061759>				<https://panlex.org/snapshot/panlex-20191001-csv/114#8061753>		"iovi-na"@rro	
"mea"@sbb	<https://panlex.org/snapshot/panlex-20191001-csv/114#8067974>				<https://panlex.org/snapshot/panlex-20191001-csv/114#8067969>		"maia-"@rro	
