"livo"@sbb	<https://panlex.org/snapshot/panlex-20191001-csv/114#8067458>				<https://panlex.org/snapshot/panlex-20191001-csv/114#8067469>		"[œ]ry-"@sku	
"livo"@sbb	<https://panlex.org/snapshot/panlex-20191001-csv/114#8067458>				<https://panlex.org/snapshot/panlex-20191001-csv/114#8067471>		"[œ]rœ-n"@sku	
"livo"@sbb	<https://panlex.org/snapshot/panlex-20191001-csv/114#8067458>				<https://panlex.org/snapshot/panlex-20191001-csv/114#8067470>		"[œ]ry-ɣ"@sku	
"rua"@sbb	<https://panlex.org/snapshot/panlex-20191001-csv/114#8064325>				<https://panlex.org/snapshot/panlex-20191001-csv/114#8064334>		"[œ]rlœ-ɣ"@sku	
"rua"@sbb	<https://panlex.org/snapshot/panlex-20191001-csv/114#8064325>				<https://panlex.org/snapshot/panlex-20191001-csv/114#8064335>		"[œ]rœl-"@sku	
"rua"@sbb	<https://panlex.org/snapshot/panlex-20191001-csv/114#8064325>				<https://panlex.org/snapshot/panlex-20191001-csv/114#8064336>		"[ɔ]rlɔ-n"@sku	
"avu"@sbb	<https://panlex.org/snapshot/panlex-20191001-csv/114#8068508>				<https://panlex.org/snapshot/panlex-20191001-csv/114#8068517>		"wyr"@sku	
"roroqu"@sbb	<https://panlex.org/snapshot/panlex-20191001-csv/114#8062245>				<https://panlex.org/snapshot/panlex-20191001-csv/114#8062258>		"rɛm"@sku	
"roroqu"@sbb	<https://panlex.org/snapshot/panlex-20191001-csv/114#8062245>				<https://panlex.org/snapshot/panlex-20191001-csv/114#8062257>		"rœm"@sku	
"tia-na"@sbb	<https://panlex.org/snapshot/panlex-20191001-csv/114#8058673>				<https://panlex.org/snapshot/panlex-20191001-csv/114#8058685>		"[ɒ]ðɨŋɒ-n"@sku	
"tia-na"@sbb	<https://panlex.org/snapshot/panlex-20191001-csv/114#8058673>				<https://panlex.org/snapshot/panlex-20191001-csv/114#8058684>		"[œ]ðɨŋœ-ɣ"@sku	
"tia-na"@sbb	<https://panlex.org/snapshot/panlex-20191001-csv/114#8058673>				<https://panlex.org/snapshot/panlex-20191001-csv/114#8058683>		"[œ]ðœŋ-"@sku	
"vara"@sbb	<https://panlex.org/snapshot/panlex-20191001-csv/114#8061222>				<https://panlex.org/snapshot/panlex-20191001-csv/114#8061231>		"[ɒ]ðɒlβarkɛ"@sku	
"vara"@sbb	<https://panlex.org/snapshot/panlex-20191001-csv/114#8061222>				<https://panlex.org/snapshot/panlex-20191001-csv/114#8061232>		"[ɒ]βɒtɔlklɛ-ɣ"@sku	
"mairi"@sbb	<https://panlex.org/snapshot/panlex-20191001-csv/114#8052524>				<https://panlex.org/snapshot/panlex-20191001-csv/114#8052535>		"jɛnar"@sku	
"susu"@sbb	<https://panlex.org/snapshot/panlex-20191001-csv/114#8060707>				<https://panlex.org/snapshot/panlex-20191001-csv/114#8060720>		"[ɛ]ssi"@sku	
"nonoga"@sbb	<https://panlex.org/snapshot/panlex-20191001-csv/114#8061759>				<https://panlex.org/snapshot/panlex-20191001-csv/114#8061770>		"ɣœðhɛri"@sku	
"mea"@sbb	<https://panlex.org/snapshot/panlex-20191001-csv/114#8067974>				<https://panlex.org/snapshot/panlex-20191001-csv/114#8067984>		"[œ]nœ-ɣ"@sku	
"mea"@sbb	<https://panlex.org/snapshot/panlex-20191001-csv/114#8067974>				<https://panlex.org/snapshot/panlex-20191001-csv/114#8067985>		"[ɒ]nɒ-n [œ]nœ-"@sku	
