"nulo"@nfl	<https://panlex.org/snapshot/panlex-20191001-csv/114#8064259>				<https://panlex.org/snapshot/panlex-20191001-csv/114#8064062>		"taang"@fos	
"nulo"@nfl	<https://panlex.org/snapshot/panlex-20191001-csv/114#8064259>				<https://panlex.org/snapshot/panlex-20191001-csv/114#8064061>		"ruch"@fos	
"nulo"@nfl	<https://panlex.org/snapshot/panlex-20191001-csv/114#8064259>				<https://panlex.org/snapshot/panlex-20191001-csv/114#8064060>		"lalo"@fos	
"nulo"@nfl	<https://panlex.org/snapshot/panlex-20191001-csv/114#8064259>				<https://panlex.org/snapshot/panlex-20191001-csv/114#8064059>		"kuduak"@fos	
"wä"@nfl	<https://panlex.org/snapshot/panlex-20191001-csv/114#8054030>				<https://panlex.org/snapshot/panlex-20191001-csv/114#8053804>		"mounounang"@fos	
"wä"@nfl	<https://panlex.org/snapshot/panlex-20191001-csv/114#8054030>				<https://panlex.org/snapshot/panlex-20191001-csv/114#8053803>		"marisip"@fos	
"nabulou"@nfl	<https://panlex.org/snapshot/panlex-20191001-csv/114#8061159>				<https://panlex.org/snapshot/panlex-20191001-csv/114#8060981>		"tagu"@fos	
"nabulou"@nfl	<https://panlex.org/snapshot/panlex-20191001-csv/114#8061159>				<https://panlex.org/snapshot/panlex-20191001-csv/114#8060980>		"tago"@fos	
"kapulopwe"@nfl	<https://panlex.org/snapshot/panlex-20191001-csv/114#8057058>				<https://panlex.org/snapshot/panlex-20191001-csv/114#8056874>		"mal"@fos	
"nyiluu"@nfl	<https://panlex.org/snapshot/panlex-20191001-csv/114#8064796>				<https://panlex.org/snapshot/panlex-20191001-csv/114#8064596>		"vaukugh"@fos	
"nyiluu"@nfl	<https://panlex.org/snapshot/panlex-20191001-csv/114#8064796>				<https://panlex.org/snapshot/panlex-20191001-csv/114#8064597>		"voukig"@fos	
"nyiluu"@nfl	<https://panlex.org/snapshot/panlex-20191001-csv/114#8064796>				<https://panlex.org/snapshot/panlex-20191001-csv/114#8064595>		"bukaun"@fos	
"eɒto"@nfl	<https://panlex.org/snapshot/panlex-20191001-csv/114#8066309>				<https://panlex.org/snapshot/panlex-20191001-csv/114#8066108>		"smasangog"@fos	
"ñīæ"@nfl	<https://panlex.org/snapshot/panlex-20191001-csv/114#8060640>				<https://panlex.org/snapshot/panlex-20191001-csv/114#8060413>		"oho"@fos	
"neve"@nfl	<https://panlex.org/snapshot/panlex-20191001-csv/114#8059130>				<https://panlex.org/snapshot/panlex-20191001-csv/114#8058933>		"toural"@fos	
"nwoso"@nfl	<https://panlex.org/snapshot/panlex-20191001-csv/114#8058595>				<https://panlex.org/snapshot/panlex-20191001-csv/114#8058377>		"vouil"@fos	
"nwoso"@nfl	<https://panlex.org/snapshot/panlex-20191001-csv/114#8058595>				<https://panlex.org/snapshot/panlex-20191001-csv/114#8058376>		"vauyl"@fos	
"mbou"@nfl	<https://panlex.org/snapshot/panlex-20191001-csv/114#8062684>				<https://panlex.org/snapshot/panlex-20191001-csv/114#8062471>		"mattacot"@fos	
"savele"@nfl	<https://panlex.org/snapshot/panlex-20191001-csv/114#8054029>				<https://panlex.org/snapshot/panlex-20191001-csv/114#8053804>		"mounounang"@fos	
"savele"@nfl	<https://panlex.org/snapshot/panlex-20191001-csv/114#8054029>				<https://panlex.org/snapshot/panlex-20191001-csv/114#8053803>		"marisip"@fos	
"nuwotā"@nfl	<https://panlex.org/snapshot/panlex-20191001-csv/114#8063724>				<https://panlex.org/snapshot/panlex-20191001-csv/114#8063518>		"vaungo"@fos	
"nuwotā"@nfl	<https://panlex.org/snapshot/panlex-20191001-csv/114#8063724>				<https://panlex.org/snapshot/panlex-20191001-csv/114#8063516>		"bungu"@fos	
"nuwotā"@nfl	<https://panlex.org/snapshot/panlex-20191001-csv/114#8063724>				<https://panlex.org/snapshot/panlex-20191001-csv/114#8063517>		"uho"@fos	
"nuwotā"@nfl	<https://panlex.org/snapshot/panlex-20191001-csv/114#8063724>				<https://panlex.org/snapshot/panlex-20191001-csv/114#8063519>		"vongo"@fos	
"nulo kuwä"@nfl	<https://panlex.org/snapshot/panlex-20191001-csv/114#8062177>				<https://panlex.org/snapshot/panlex-20191001-csv/114#8062004>		"pagdimdim"@fos	
"læŋge"@nfl	<https://panlex.org/snapshot/panlex-20191001-csv/114#8057555>				<https://panlex.org/snapshot/panlex-20191001-csv/114#8057354>		"validt"@fos	
