"maaɬek aɬaŋkok"@spn	<https://panlex.org/snapshot/panlex-20191001-csv/1573#50085584>				<https://panlex.org/snapshot/panlex-20191001-csv/1573#50085466>		"ka:ŋa"@ghl	
"maaɬek aɬaŋkok"@spn	<https://panlex.org/snapshot/panlex-20191001-csv/1573#50085584>				<https://panlex.org/snapshot/panlex-20191001-csv/1573#50085467>		"kaŋŋa"@ghl	
"ɬoopʔaktek"@spn	<https://panlex.org/snapshot/panlex-20191001-csv/1573#50083357>				<https://panlex.org/snapshot/panlex-20191001-csv/1573#50083242>		"kwartu"@ghl	
"ɬoopʔaktek"@spn	<https://panlex.org/snapshot/panlex-20191001-csv/1573#50082542>				<https://panlex.org/snapshot/panlex-20191001-csv/1573#50082377>		"we:na"@ghl	
"ɬoopʔaktek"@spn	<https://panlex.org/snapshot/panlex-20191001-csv/1573#50082215>				<https://panlex.org/snapshot/panlex-20191001-csv/1573#50082053>		"top"@ghl	
"neeten"@spn	<https://panlex.org/snapshot/panlex-20191001-csv/1573#50091225>				<https://panlex.org/snapshot/panlex-20191001-csv/1573#50091122>		"arrɛnayn"@ghl	
"neyaawaʔatsamˀ"@spn	<https://panlex.org/snapshot/panlex-20191001-csv/1573#50085316>				<https://panlex.org/snapshot/panlex-20191001-csv/1573#50085162>		"ɔtiɲidu"@ghl	
"alyaʔyahayaamˀ"@spn	<https://panlex.org/snapshot/panlex-20191001-csv/1573#50087805>				<https://panlex.org/snapshot/panlex-20191001-csv/1573#50087696>		"kuraraŋ"@ghl	
"akyawhaykamˀ ɬoopʔaktek"@spn	<https://panlex.org/snapshot/panlex-20191001-csv/1573#50090991>				<https://panlex.org/snapshot/panlex-20191001-csv/1573#50090914>		"topŋiʈiʈye"@ghl	
"mataymoŋ"@spn	<https://panlex.org/snapshot/panlex-20191001-csv/1573#50083733>				<https://panlex.org/snapshot/panlex-20191001-csv/1573#50083559>		"kuli"@ghl	
"mataymoŋ"@spn	<https://panlex.org/snapshot/panlex-20191001-csv/1573#50083733>				<https://panlex.org/snapshot/panlex-20191001-csv/1573#50083558>		"kudu"@ghl	
"mataymoŋ"@spn	<https://panlex.org/snapshot/panlex-20191001-csv/1573#50090762>				<https://panlex.org/snapshot/panlex-20191001-csv/1573#50090576>		"aŕi"@ghl	
"mataymoŋ"@spn	<https://panlex.org/snapshot/panlex-20191001-csv/1573#50090762>				<https://panlex.org/snapshot/panlex-20191001-csv/1573#50090577>		"kakar"@ghl	
"naɬmaʔ"@spn	<https://panlex.org/snapshot/panlex-20191001-csv/1573#50089859>				<https://panlex.org/snapshot/panlex-20191001-csv/1573#50089725>		"ɛǰe"@ghl	
"ɬoopʔaktek aŋkooʔ"@spn	<https://panlex.org/snapshot/panlex-20191001-csv/1573#50083359>				<https://panlex.org/snapshot/panlex-20191001-csv/1573#50083242>		"kwartu"@ghl	
"awaʔɬok"@spn	<https://panlex.org/snapshot/panlex-20191001-csv/1573#50089390>				<https://panlex.org/snapshot/panlex-20191001-csv/1573#50089278>		"atu"@ghl	
"awaʔɬok"@spn	<https://panlex.org/snapshot/panlex-20191001-csv/1573#50087347>				<https://panlex.org/snapshot/panlex-20191001-csv/1573#50087293>		"baraŋ"@ghl	
"awaʔɬok"@spn	<https://panlex.org/snapshot/panlex-20191001-csv/1573#50087347>				<https://panlex.org/snapshot/panlex-20191001-csv/1573#50087294>		"baraŋi"@ghl	
"yeŋmen"@spn	<https://panlex.org/snapshot/panlex-20191001-csv/1573#50085834>				<https://panlex.org/snapshot/panlex-20191001-csv/1573#50085715>		"ɔti"@ghl	
"akyeheŋwaykamɬa yeŋmen"@spn	<https://panlex.org/snapshot/panlex-20191001-csv/1573#50089122>				<https://panlex.org/snapshot/panlex-20191001-csv/1573#50088950>		"kʊl"@ghl	
"akyeheŋwaykamɬa yeŋmen"@spn	<https://panlex.org/snapshot/panlex-20191001-csv/1573#50089122>				<https://panlex.org/snapshot/panlex-20191001-csv/1573#50088951>		"kʊli"@ghl	
"eŋkeɬe"@spn	<https://panlex.org/snapshot/panlex-20191001-csv/1573#50083732>				<https://panlex.org/snapshot/panlex-20191001-csv/1573#50083559>		"kuli"@ghl	
"eŋkeɬe"@spn	<https://panlex.org/snapshot/panlex-20191001-csv/1573#50083732>				<https://panlex.org/snapshot/panlex-20191001-csv/1573#50083558>		"kudu"@ghl	
"yaamet awhak"@spn	<https://panlex.org/snapshot/panlex-20191001-csv/1573#50090130>				<https://panlex.org/snapshot/panlex-20191001-csv/1573#50090018>		"orí"@ghl	
"yaamet awhak"@spn	<https://panlex.org/snapshot/panlex-20191001-csv/1573#50090130>				<https://panlex.org/snapshot/panlex-20191001-csv/1573#50090019>		"ór"@ghl	
"ɬoopʔaktek aanek"@spn	<https://panlex.org/snapshot/panlex-20191001-csv/1573#50083358>				<https://panlex.org/snapshot/panlex-20191001-csv/1573#50083242>		"kwartu"@ghl	
"aknemˀ"@spn	<https://panlex.org/snapshot/panlex-20191001-csv/1573#50091481>				<https://panlex.org/snapshot/panlex-20191001-csv/1573#50091372>		"ɪŋŋaltu"@ghl	
"aknemˀ"@spn	<https://panlex.org/snapshot/panlex-20191001-csv/1573#50091481>				<https://panlex.org/snapshot/panlex-20191001-csv/1573#50091371>		"ɪč"@ghl	
"maaɬek"@spn	<https://panlex.org/snapshot/panlex-20191001-csv/1573#50085583>				<https://panlex.org/snapshot/panlex-20191001-csv/1573#50085466>		"ka:ŋa"@ghl	
"maaɬek"@spn	<https://panlex.org/snapshot/panlex-20191001-csv/1573#50085583>				<https://panlex.org/snapshot/panlex-20191001-csv/1573#50085467>		"kaŋŋa"@ghl	
"alwaataʔ"@spn	<https://panlex.org/snapshot/panlex-20191001-csv/1573#50084646>				<https://panlex.org/snapshot/panlex-20191001-csv/1573#50084546>		"ɔbule"@ghl	
"alwaataʔ"@spn	<https://panlex.org/snapshot/panlex-20191001-csv/1573#50084646>				<https://panlex.org/snapshot/panlex-20191001-csv/1573#50084545>		"ɔbul"@ghl	
"yamʔaateɬ"@spn	<https://panlex.org/snapshot/panlex-20191001-csv/1573#50090763>				<https://panlex.org/snapshot/panlex-20191001-csv/1573#50090576>		"aŕi"@ghl	
"yamʔaateɬ"@spn	<https://panlex.org/snapshot/panlex-20191001-csv/1573#50090763>				<https://panlex.org/snapshot/panlex-20191001-csv/1573#50090577>		"kakar"@ghl	
"as naaɬpop"@spn	<https://panlex.org/snapshot/panlex-20191001-csv/1573#50081888>				<https://panlex.org/snapshot/panlex-20191001-csv/1573#50081779>		"top"@ghl	
"as naaɬpop"@spn	<https://panlex.org/snapshot/panlex-20191001-csv/1573#50081888>				<https://panlex.org/snapshot/panlex-20191001-csv/1573#50081778>		"tobi"@ghl	
"aanek"@spn	<https://panlex.org/snapshot/panlex-20191001-csv/1573#50082812>				<https://panlex.org/snapshot/panlex-20191001-csv/1573#50082683>		"ʊɽʊ"@ghl	
"apwanmaykekɬa peyaamˀ"@spn	<https://panlex.org/snapshot/panlex-20191001-csv/1573#50086260>				<https://panlex.org/snapshot/panlex-20191001-csv/1573#50086177>		"dokola"@ghl	
"apwanmaykekɬa peyaamˀ"@spn	<https://panlex.org/snapshot/panlex-20191001-csv/1573#50086260>				<https://panlex.org/snapshot/panlex-20191001-csv/1573#50086176>		"dokili"@ghl	
"yaamet"@spn	<https://panlex.org/snapshot/panlex-20191001-csv/1573#50090381>				<https://panlex.org/snapshot/panlex-20191001-csv/1573#50090269>		"ór"@ghl	
"yaamet"@spn	<https://panlex.org/snapshot/panlex-20191001-csv/1573#50090381>				<https://panlex.org/snapshot/panlex-20191001-csv/1573#50090268>		"orí"@ghl	
"yaamet"@spn	<https://panlex.org/snapshot/panlex-20191001-csv/1573#50090129>				<https://panlex.org/snapshot/panlex-20191001-csv/1573#50090018>		"orí"@ghl	
"yaamet"@spn	<https://panlex.org/snapshot/panlex-20191001-csv/1573#50090129>				<https://panlex.org/snapshot/panlex-20191001-csv/1573#50090019>		"ór"@ghl	
"naaɬpop"@spn	<https://panlex.org/snapshot/panlex-20191001-csv/1573#50082541>				<https://panlex.org/snapshot/panlex-20191001-csv/1573#50082377>		"we:na"@ghl	
"akpaʔanma"@spn	<https://panlex.org/snapshot/panlex-20191001-csv/1573#50082813>				<https://panlex.org/snapshot/panlex-20191001-csv/1573#50082683>		"ʊɽʊ"@ghl	
"yaamelket"@spn	<https://panlex.org/snapshot/panlex-20191001-csv/1573#50089123>				<https://panlex.org/snapshot/panlex-20191001-csv/1573#50088950>		"kʊl"@ghl	
"yaamelket"@spn	<https://panlex.org/snapshot/panlex-20191001-csv/1573#50089123>				<https://panlex.org/snapshot/panlex-20191001-csv/1573#50088951>		"kʊli"@ghl	
"ayeŋmenek"@spn	<https://panlex.org/snapshot/panlex-20191001-csv/1573#50085833>				<https://panlex.org/snapshot/panlex-20191001-csv/1573#50085715>		"ɔti"@ghl	
"waʔatsamˀ"@spn	<https://panlex.org/snapshot/panlex-20191001-csv/1573#50086822>				<https://panlex.org/snapshot/panlex-20191001-csv/1573#50086744>		"iɽí"@ghl	
"waʔatsamˀ"@spn	<https://panlex.org/snapshot/panlex-20191001-csv/1573#50086069>				<https://panlex.org/snapshot/panlex-20191001-csv/1573#50085965>		"ɪɽi"@ghl	
"waʔatsamˀ"@spn	<https://panlex.org/snapshot/panlex-20191001-csv/1573#50088531>				<https://panlex.org/snapshot/panlex-20191001-csv/1573#50088330>		"torgɪl"@ghl	
"waʔatsamˀ"@spn	<https://panlex.org/snapshot/panlex-20191001-csv/1573#50088531>				<https://panlex.org/snapshot/panlex-20191001-csv/1573#50088329>		"torga"@ghl	
"yelpaʔ"@spn	<https://panlex.org/snapshot/panlex-20191001-csv/1573#50083109>				<https://panlex.org/snapshot/panlex-20191001-csv/1573#50082970>		"ɖótu"@ghl	
"yelpaʔ"@spn	<https://panlex.org/snapshot/panlex-20191001-csv/1573#50083109>				<https://panlex.org/snapshot/panlex-20191001-csv/1573#50082969>		"dí:da"@ghl	
"yaŋkomeɬ"@spn	<https://panlex.org/snapshot/panlex-20191001-csv/1573#50087349>				<https://panlex.org/snapshot/panlex-20191001-csv/1573#50087293>		"baraŋ"@ghl	
"yaŋkomeɬ"@spn	<https://panlex.org/snapshot/panlex-20191001-csv/1573#50087349>				<https://panlex.org/snapshot/panlex-20191001-csv/1573#50087294>		"baraŋi"@ghl	
"waʔatsamˀ-aktoŋ"@spn	<https://panlex.org/snapshot/panlex-20191001-csv/1573#50088532>				<https://panlex.org/snapshot/panlex-20191001-csv/1573#50088330>		"torgɪl"@ghl	
"waʔatsamˀ-aktoŋ"@spn	<https://panlex.org/snapshot/panlex-20191001-csv/1573#50088532>				<https://panlex.org/snapshot/panlex-20191001-csv/1573#50088329>		"torga"@ghl	
"waʔatsamˀ-aktoŋ"@spn	<https://panlex.org/snapshot/panlex-20191001-csv/1573#50087348>				<https://panlex.org/snapshot/panlex-20191001-csv/1573#50087293>		"baraŋ"@ghl	
"waʔatsamˀ-aktoŋ"@spn	<https://panlex.org/snapshot/panlex-20191001-csv/1573#50087348>				<https://panlex.org/snapshot/panlex-20191001-csv/1573#50087294>		"baraŋi"@ghl	
"mepke yennamaam"@spn	<https://panlex.org/snapshot/panlex-20191001-csv/1573#50086261>				<https://panlex.org/snapshot/panlex-20191001-csv/1573#50086177>		"dokola"@ghl	
"mepke yennamaam"@spn	<https://panlex.org/snapshot/panlex-20191001-csv/1573#50086261>				<https://panlex.org/snapshot/panlex-20191001-csv/1573#50086176>		"dokili"@ghl	
"neŋeleeywomakɬaʔ"@spn	<https://panlex.org/snapshot/panlex-20191001-csv/1573#50081889>				<https://panlex.org/snapshot/panlex-20191001-csv/1573#50081779>		"top"@ghl	
"neŋeleeywomakɬaʔ"@spn	<https://panlex.org/snapshot/panlex-20191001-csv/1573#50081889>				<https://panlex.org/snapshot/panlex-20191001-csv/1573#50081778>		"tobi"@ghl	
"apyawʔa"@spn	<https://panlex.org/snapshot/panlex-20191001-csv/1573#50090761>				<https://panlex.org/snapshot/panlex-20191001-csv/1573#50090576>		"aŕi"@ghl	
"apyawʔa"@spn	<https://panlex.org/snapshot/panlex-20191001-csv/1573#50090761>				<https://panlex.org/snapshot/panlex-20191001-csv/1573#50090577>		"kakar"@ghl	
"akyeeyhaam yeŋmen"@spn	<https://panlex.org/snapshot/panlex-20191001-csv/1573#50088770>				<https://panlex.org/snapshot/panlex-20191001-csv/1573#50088693>		"ɲalúm"@ghl	
"akyeeyhaam yeŋmen"@spn	<https://panlex.org/snapshot/panlex-20191001-csv/1573#50088770>				<https://panlex.org/snapshot/panlex-20191001-csv/1573#50088694>		"ɲalúme"@ghl	
"yaamet ayseksek"@spn	<https://panlex.org/snapshot/panlex-20191001-csv/1573#50090382>				<https://panlex.org/snapshot/panlex-20191001-csv/1573#50090269>		"ór"@ghl	
"yaamet ayseksek"@spn	<https://panlex.org/snapshot/panlex-20191001-csv/1573#50090382>				<https://panlex.org/snapshot/panlex-20191001-csv/1573#50090268>		"orí"@ghl	
"amyep"@spn	<https://panlex.org/snapshot/panlex-20191001-csv/1573#50082214>				<https://panlex.org/snapshot/panlex-20191001-csv/1573#50082053>		"top"@ghl	
"amyep"@spn	<https://panlex.org/snapshot/panlex-20191001-csv/1573#50084401>				<https://panlex.org/snapshot/panlex-20191001-csv/1573#50084245>		"káto"@ghl	
"amyep"@spn	<https://panlex.org/snapshot/panlex-20191001-csv/1573#50084401>				<https://panlex.org/snapshot/panlex-20191001-csv/1573#50084244>		"kaní"@ghl	
"akyaʔmopoyˀ"@spn	<https://panlex.org/snapshot/panlex-20191001-csv/1573#50086629>				<https://panlex.org/snapshot/panlex-20191001-csv/1573#50086537>		"ordu"@ghl	
"aʔaɬwa"@spn	<https://panlex.org/snapshot/panlex-20191001-csv/1573#50085582>				<https://panlex.org/snapshot/panlex-20191001-csv/1573#50085466>		"ka:ŋa"@ghl	
"aʔaɬwa"@spn	<https://panlex.org/snapshot/panlex-20191001-csv/1573#50085582>				<https://panlex.org/snapshot/panlex-20191001-csv/1573#50085467>		"kaŋŋa"@ghl	
"nekha waʔatsamˀ"@spn	<https://panlex.org/snapshot/panlex-20191001-csv/1573#50085315>				<https://panlex.org/snapshot/panlex-20191001-csv/1573#50085162>		"ɔtiɲidu"@ghl	
