"lima"@xbr	<https://panlex.org/snapshot/panlex-20191001-csv/114#8052170>				<https://panlex.org/snapshot/panlex-20191001-csv/114#8051845>		"kuŋa-"@lcm	
"ŋaru"@xbr	<https://panlex.org/snapshot/panlex-20191001-csv/114#8067038>				<https://panlex.org/snapshot/panlex-20191001-csv/114#8066720>		"ŋur"@lcm	
"mangàdat"@xbr	<https://panlex.org/snapshot/panlex-20191001-csv/114#8062859>				<https://panlex.org/snapshot/panlex-20191001-csv/114#8062583>		"aleŋ"@lcm	
"ngindu"@xbr	<https://panlex.org/snapshot/panlex-20191001-csv/114#8067589>				<https://panlex.org/snapshot/panlex-20191001-csv/114#8067279>		"ŋisa-"@lcm	
"kananding"@xbr	<https://panlex.org/snapshot/panlex-20191001-csv/114#8062350>				<https://panlex.org/snapshot/panlex-20191001-csv/114#8062089>		"lomlomonai"@lcm	
"kananding"@xbr	<https://panlex.org/snapshot/panlex-20191001-csv/114#8062350>				<https://panlex.org/snapshot/panlex-20191001-csv/114#8062090>		"lomon"@lcm	
"pangàdang"@xbr	<https://panlex.org/snapshot/panlex-20191001-csv/114#8062351>				<https://panlex.org/snapshot/panlex-20191001-csv/114#8062089>		"lomlomonai"@lcm	
"pangàdang"@xbr	<https://panlex.org/snapshot/panlex-20191001-csv/114#8062351>				<https://panlex.org/snapshot/panlex-20191001-csv/114#8062090>		"lomon"@lcm	
"l|ama"@xbr	<https://panlex.org/snapshot/panlex-20191001-csv/114#8068103>				<https://panlex.org/snapshot/panlex-20191001-csv/114#8067806>		"kalkalame"@lcm	
"ngarangí"@xbr	<https://panlex.org/snapshot/panlex-20191001-csv/114#8054744>				<https://panlex.org/snapshot/panlex-20191001-csv/114#8054456>		"salan"@lcm	
"ngarangí"@xbr	<https://panlex.org/snapshot/panlex-20191001-csv/114#8054744>				<https://panlex.org/snapshot/panlex-20191001-csv/114#8054457>		"selen"@lcm	
"katiku"@xbr	<https://panlex.org/snapshot/panlex-20191001-csv/114#8063926>				<https://panlex.org/snapshot/panlex-20191001-csv/114#8063614>		"pat"@lcm	
"katiku"@xbr	<https://panlex.org/snapshot/panlex-20191001-csv/114#8063926>				<https://panlex.org/snapshot/panlex-20191001-csv/114#8063616>		"vaŋaŋ"@lcm	
"katiku"@xbr	<https://panlex.org/snapshot/panlex-20191001-csv/114#8063926>				<https://panlex.org/snapshot/panlex-20191001-csv/114#8063615>		"patu-"@lcm	
"rii"@xbr	<https://panlex.org/snapshot/panlex-20191001-csv/114#8059316>				<https://panlex.org/snapshot/panlex-20191001-csv/114#8059026>		"tuan"@lcm	
"wai ria"@xbr	<https://panlex.org/snapshot/panlex-20191001-csv/114#8063377>				<https://panlex.org/snapshot/panlex-20191001-csv/114#8063071>		"raŋai"@lcm	
"rau longgi"@xbr	<https://panlex.org/snapshot/panlex-20191001-csv/114#8065016>				<https://panlex.org/snapshot/panlex-20191001-csv/114#8064697>		"uŋ"@lcm	
"katàku"@xbr	<https://panlex.org/snapshot/panlex-20191001-csv/114#8063929>				<https://panlex.org/snapshot/panlex-20191001-csv/114#8063614>		"pat"@lcm	
"katàku"@xbr	<https://panlex.org/snapshot/panlex-20191001-csv/114#8063929>				<https://panlex.org/snapshot/panlex-20191001-csv/114#8063616>		"vaŋaŋ"@lcm	
"katàku"@xbr	<https://panlex.org/snapshot/panlex-20191001-csv/114#8063929>				<https://panlex.org/snapshot/panlex-20191001-csv/114#8063615>		"patu-"@lcm	
"weu-na"@xbr	<https://panlex.org/snapshot/panlex-20191001-csv/114#8068105>				<https://panlex.org/snapshot/panlex-20191001-csv/114#8067806>		"kalkalame"@lcm	
"tanei"@xbr	<https://panlex.org/snapshot/panlex-20191001-csv/114#8059780>				<https://panlex.org/snapshot/panlex-20191001-csv/114#8059515>		"nei"@lcm	
"halaku"@xbr	<https://panlex.org/snapshot/panlex-20191001-csv/114#8054249>				<https://panlex.org/snapshot/panlex-20191001-csv/114#8053919>		"pasal"@lcm	
"rí kawudu"@xbr	<https://panlex.org/snapshot/panlex-20191001-csv/114#8059319>				<https://panlex.org/snapshot/panlex-20191001-csv/114#8059026>		"tuan"@lcm	
"mai"@xbr	<https://panlex.org/snapshot/panlex-20191001-csv/114#8055246>				<https://panlex.org/snapshot/panlex-20191001-csv/114#8054960>		"palak"@lcm	
"mai"@xbr	<https://panlex.org/snapshot/panlex-20191001-csv/114#8055246>				<https://panlex.org/snapshot/panlex-20191001-csv/114#8054959>		"me"@lcm	
"mai"@xbr	<https://panlex.org/snapshot/panlex-20191001-csv/114#8055246>				<https://panlex.org/snapshot/panlex-20191001-csv/114#8054961>		"serei"@lcm	
"peinya"@xbr	<https://panlex.org/snapshot/panlex-20191001-csv/114#8061892>				<https://panlex.org/snapshot/panlex-20191001-csv/114#8061579>		"nas"@lcm	
"ŋgoru"@xbr	<https://panlex.org/snapshot/panlex-20191001-csv/114#8064465>				<https://panlex.org/snapshot/panlex-20191001-csv/114#8064159>		"eŋono"@lcm	
"ŋgoru"@xbr	<https://panlex.org/snapshot/panlex-20191001-csv/114#8064465>				<https://panlex.org/snapshot/panlex-20191001-csv/114#8064160>		"ŋo"@lcm	
"kaku"@xbr	<https://panlex.org/snapshot/panlex-20191001-csv/114#8054250>				<https://panlex.org/snapshot/panlex-20191001-csv/114#8053919>		"pasal"@lcm	
"me"@xbr	<https://panlex.org/snapshot/panlex-20191001-csv/114#8055247>				<https://panlex.org/snapshot/panlex-20191001-csv/114#8054960>		"palak"@lcm	
"me"@xbr	<https://panlex.org/snapshot/panlex-20191001-csv/114#8055247>				<https://panlex.org/snapshot/panlex-20191001-csv/114#8054959>		"me"@lcm	
"me"@xbr	<https://panlex.org/snapshot/panlex-20191001-csv/114#8055247>				<https://panlex.org/snapshot/panlex-20191001-csv/114#8054961>		"serei"@lcm	
"longgu"@xbr	<https://panlex.org/snapshot/panlex-20191001-csv/114#8065012>				<https://panlex.org/snapshot/panlex-20191001-csv/114#8064697>		"uŋ"@lcm	
"piiŋu"@xbr	<https://panlex.org/snapshot/panlex-20191001-csv/114#8061894>				<https://panlex.org/snapshot/panlex-20191001-csv/114#8061579>		"nas"@lcm	
"ngind"@xbr	<https://panlex.org/snapshot/panlex-20191001-csv/114#8067588>				<https://panlex.org/snapshot/panlex-20191001-csv/114#8067279>		"ŋisa-"@lcm	
"irak"@xbr	<https://panlex.org/snapshot/panlex-20191001-csv/114#8056770>				<https://panlex.org/snapshot/panlex-20191001-csv/114#8056480>		"muŋ"@lcm	
"irak"@xbr	<https://panlex.org/snapshot/panlex-20191001-csv/114#8056770>				<https://panlex.org/snapshot/panlex-20191001-csv/114#8056481>		"muŋan"@lcm	
"pengu"@xbr	<https://panlex.org/snapshot/panlex-20191001-csv/114#8061893>				<https://panlex.org/snapshot/panlex-20191001-csv/114#8061579>		"nas"@lcm	
