"wai"@xbr	<https://panlex.org/snapshot/panlex-20191001-csv/12#851250>				<https://panlex.org/snapshot/panlex-20191001-csv/12#850864>		"way"@bty	
"wai"@xbr	<https://panlex.org/snapshot/panlex-20191001-csv/12#851250>				<https://panlex.org/snapshot/panlex-20191001-csv/12#850863>		"wai"@bty	
"wolai"@xbr	<https://panlex.org/snapshot/panlex-20191001-csv/114#8052641>				<https://panlex.org/snapshot/panlex-20191001-csv/114#8052243>		"avet"@bty	
"wolai"@xbr	<https://panlex.org/snapshot/panlex-20191001-csv/114#8052641>				<https://panlex.org/snapshot/panlex-20191001-csv/114#8052244>		"kabalit"@bty	
"lima"@xbr	<https://panlex.org/snapshot/panlex-20191001-csv/114#8052170>				<https://panlex.org/snapshot/panlex-20191001-csv/114#8051686>		"hasan"@bty	
"lima"@xbr	<https://panlex.org/snapshot/panlex-20191001-csv/114#8052170>				<https://panlex.org/snapshot/panlex-20191001-csv/114#8051685>		"animan"@bty	
"kaŋabu"@xbr	<https://panlex.org/snapshot/panlex-20191001-csv/114#8057226>				<https://panlex.org/snapshot/panlex-20191001-csv/114#8056843>		"lavṿ lavṿ"@bty	
"kaŋabu"@xbr	<https://panlex.org/snapshot/panlex-20191001-csv/114#8057226>				<https://panlex.org/snapshot/panlex-20191001-csv/114#8056844>		"ubas"@bty	
"ŋaru"@xbr	<https://panlex.org/snapshot/panlex-20191001-csv/114#8067038>				<https://panlex.org/snapshot/panlex-20191001-csv/114#8066566>		"avivin"@bty	
"ŋaru"@xbr	<https://panlex.org/snapshot/panlex-20191001-csv/114#8067038>				<https://panlex.org/snapshot/panlex-20191001-csv/114#8066567>		"uban"@bty	
"awu"@xbr	<https://panlex.org/snapshot/panlex-20191001-csv/114#8057225>				<https://panlex.org/snapshot/panlex-20191001-csv/114#8056843>		"lavṿ lavṿ"@bty	
"awu"@xbr	<https://panlex.org/snapshot/panlex-20191001-csv/114#8057225>				<https://panlex.org/snapshot/panlex-20191001-csv/114#8056844>		"ubas"@bty	
"hibut"@xbr	<https://panlex.org/snapshot/panlex-20191001-csv/114#8055733>				<https://panlex.org/snapshot/panlex-20191001-csv/114#8055322>		"ibutar"@bty	
"hibut"@xbr	<https://panlex.org/snapshot/panlex-20191001-csv/114#8055733>				<https://panlex.org/snapshot/panlex-20191001-csv/114#8055321>		"hutan"@bty	
"mangàdat"@xbr	<https://panlex.org/snapshot/panlex-20191001-csv/114#8062859>				<https://panlex.org/snapshot/panlex-20191001-csv/114#8062429>		"katoit"@bty	
"mangàdat"@xbr	<https://panlex.org/snapshot/panlex-20191001-csv/114#8062859>				<https://panlex.org/snapshot/panlex-20191001-csv/114#8062428>		"imtait"@bty	
"kúndu"@xbr	<https://panlex.org/snapshot/panlex-20191001-csv/114#8061328>				<https://panlex.org/snapshot/panlex-20191001-csv/114#8060937>		"avaya|yan"@bty	
"kúndu"@xbr	<https://panlex.org/snapshot/panlex-20191001-csv/114#8061328>				<https://panlex.org/snapshot/panlex-20191001-csv/114#8060938>		"malat"@bty	
"ngindu"@xbr	<https://panlex.org/snapshot/panlex-20191001-csv/114#8067589>				<https://panlex.org/snapshot/panlex-20191001-csv/114#8067117>		"anifan"@bty	
"ngindu"@xbr	<https://panlex.org/snapshot/panlex-20191001-csv/114#8067589>				<https://panlex.org/snapshot/panlex-20191001-csv/114#8067118>		"nihan"@bty	
"kananding"@xbr	<https://panlex.org/snapshot/panlex-20191001-csv/114#8062350>				<https://panlex.org/snapshot/panlex-20191001-csv/114#8061965>		"ita"@bty	
"kananding"@xbr	<https://panlex.org/snapshot/panlex-20191001-csv/114#8062350>				<https://panlex.org/snapshot/panlex-20191001-csv/114#8061964>		"afikir"@bty	
"haŋudu"@xbr	<https://panlex.org/snapshot/panlex-20191001-csv/114#8066487>				<https://panlex.org/snapshot/panlex-20191001-csv/114#8066069>		"abufmauk"@bty	
"haŋudu"@xbr	<https://panlex.org/snapshot/panlex-20191001-csv/114#8066487>				<https://panlex.org/snapshot/panlex-20191001-csv/114#8066070>		"mulit"@bty	
"kawana"@xbr	<https://panlex.org/snapshot/panlex-20191001-csv/114#8053094>				<https://panlex.org/snapshot/panlex-20191001-csv/114#8052715>		"lalait"@bty	
"kawana"@xbr	<https://panlex.org/snapshot/panlex-20191001-csv/114#8053094>				<https://panlex.org/snapshot/panlex-20191001-csv/114#8052714>		"kamuin"@bty	
"pangàdang"@xbr	<https://panlex.org/snapshot/panlex-20191001-csv/114#8062351>				<https://panlex.org/snapshot/panlex-20191001-csv/114#8061965>		"ita"@bty	
"pangàdang"@xbr	<https://panlex.org/snapshot/panlex-20191001-csv/114#8062351>				<https://panlex.org/snapshot/panlex-20191001-csv/114#8061964>		"afikir"@bty	
"l|ama"@xbr	<https://panlex.org/snapshot/panlex-20191001-csv/114#8068103>				<https://panlex.org/snapshot/panlex-20191001-csv/114#8067666>		"amelin"@bty	
"l|ama"@xbr	<https://panlex.org/snapshot/panlex-20191001-csv/114#8068103>				<https://panlex.org/snapshot/panlex-20191001-csv/114#8067667>		"lehaʔ"@bty	
"ngarangí"@xbr	<https://panlex.org/snapshot/panlex-20191001-csv/114#8054744>				<https://panlex.org/snapshot/panlex-20191001-csv/114#8054326>		"lolon"@bty	
"katiku"@xbr	<https://panlex.org/snapshot/panlex-20191001-csv/114#8063926>				<https://panlex.org/snapshot/panlex-20191001-csv/114#8063459>		"anba"@bty	
"katiku"@xbr	<https://panlex.org/snapshot/panlex-20191001-csv/114#8063926>				<https://panlex.org/snapshot/panlex-20191001-csv/114#8063460>		"ulin"@bty	
"rii"@xbr	<https://panlex.org/snapshot/panlex-20191001-csv/114#8059316>				<https://panlex.org/snapshot/panlex-20191001-csv/114#8058889>		"lusin"@bty	
"rii"@xbr	<https://panlex.org/snapshot/panlex-20191001-csv/114#8059316>				<https://panlex.org/snapshot/panlex-20191001-csv/114#8058888>		"aɬuin"@bty	
"wai ria"@xbr	<https://panlex.org/snapshot/panlex-20191001-csv/114#8063377>				<https://panlex.org/snapshot/panlex-20191001-csv/114#8062935>		"alawan"@bty	
"wai ria"@xbr	<https://panlex.org/snapshot/panlex-20191001-csv/114#8063377>				<https://panlex.org/snapshot/panlex-20191001-csv/114#8062936>		"lasa"@bty	
"kuundu"@xbr	<https://panlex.org/snapshot/panlex-20191001-csv/114#8061327>				<https://panlex.org/snapshot/panlex-20191001-csv/114#8060937>		"avaya|yan"@bty	
"kuundu"@xbr	<https://panlex.org/snapshot/panlex-20191001-csv/114#8061327>				<https://panlex.org/snapshot/panlex-20191001-csv/114#8060938>		"malat"@bty	
"au"@xbr	<https://panlex.org/snapshot/panlex-20191001-csv/114#8057224>				<https://panlex.org/snapshot/panlex-20191001-csv/114#8056843>		"lavṿ lavṿ"@bty	
"au"@xbr	<https://panlex.org/snapshot/panlex-20191001-csv/114#8057224>				<https://panlex.org/snapshot/panlex-20191001-csv/114#8056844>		"ubas"@bty	
"rau longgi"@xbr	<https://panlex.org/snapshot/panlex-20191001-csv/114#8065016>				<https://panlex.org/snapshot/panlex-20191001-csv/114#8064543>		"ulin lan"@bty	
"rau longgi"@xbr	<https://panlex.org/snapshot/panlex-20191001-csv/114#8065016>				<https://panlex.org/snapshot/panlex-20191001-csv/114#8064542>		"aʔulin"@bty	
"kalai"@xbr	<https://panlex.org/snapshot/panlex-20191001-csv/114#8052639>				<https://panlex.org/snapshot/panlex-20191001-csv/114#8052243>		"avet"@bty	
"kalai"@xbr	<https://panlex.org/snapshot/panlex-20191001-csv/114#8052639>				<https://panlex.org/snapshot/panlex-20191001-csv/114#8052244>		"kabalit"@bty	
"kayeku"@xbr	<https://panlex.org/snapshot/panlex-20191001-csv/114#8065997>				<https://panlex.org/snapshot/panlex-20191001-csv/114#8065625>		"manowa"@bty	
"kayeku"@xbr	<https://panlex.org/snapshot/panlex-20191001-csv/114#8065997>				<https://panlex.org/snapshot/panlex-20191001-csv/114#8065624>		"amesa"@bty	
"katàku"@xbr	<https://panlex.org/snapshot/panlex-20191001-csv/114#8063929>				<https://panlex.org/snapshot/panlex-20191001-csv/114#8063459>		"anba"@bty	
"katàku"@xbr	<https://panlex.org/snapshot/panlex-20191001-csv/114#8063929>				<https://panlex.org/snapshot/panlex-20191001-csv/114#8063460>		"ulin"@bty	
"weu-na"@xbr	<https://panlex.org/snapshot/panlex-20191001-csv/114#8068105>				<https://panlex.org/snapshot/panlex-20191001-csv/114#8067666>		"amelin"@bty	
"weu-na"@xbr	<https://panlex.org/snapshot/panlex-20191001-csv/114#8068105>				<https://panlex.org/snapshot/panlex-20191001-csv/114#8067667>		"lehaʔ"@bty	
"tanei"@xbr	<https://panlex.org/snapshot/panlex-20191001-csv/114#8059780>				<https://panlex.org/snapshot/panlex-20191001-csv/114#8059386>		"avị tuan"@bty	
"tanei"@xbr	<https://panlex.org/snapshot/panlex-20191001-csv/114#8059780>				<https://panlex.org/snapshot/panlex-20191001-csv/114#8059387>		"tuan walan"@bty	
"halaku"@xbr	<https://panlex.org/snapshot/panlex-20191001-csv/114#8054249>				<https://panlex.org/snapshot/panlex-20191001-csv/114#8053752>		"uha"@bty	
"halaku"@xbr	<https://panlex.org/snapshot/panlex-20191001-csv/114#8054249>				<https://panlex.org/snapshot/panlex-20191001-csv/114#8053751>		"lea"@bty	
"halaku"@xbr	<https://panlex.org/snapshot/panlex-20191001-csv/114#8054249>				<https://panlex.org/snapshot/panlex-20191001-csv/114#8053750>		"iko"@bty	
"rí kawudu"@xbr	<https://panlex.org/snapshot/panlex-20191001-csv/114#8059319>				<https://panlex.org/snapshot/panlex-20191001-csv/114#8058889>		"lusin"@bty	
"rí kawudu"@xbr	<https://panlex.org/snapshot/panlex-20191001-csv/114#8059319>				<https://panlex.org/snapshot/panlex-20191001-csv/114#8058888>		"aɬuin"@bty	
"mai"@xbr	<https://panlex.org/snapshot/panlex-20191001-csv/114#8055246>				<https://panlex.org/snapshot/panlex-20191001-csv/114#8054813>		"boti"@bty	
"mai"@xbr	<https://panlex.org/snapshot/panlex-20191001-csv/114#8055246>				<https://panlex.org/snapshot/panlex-20191001-csv/114#8054814>		"islot"@bty	
"hilur"@xbr	<https://panlex.org/snapshot/panlex-20191001-csv/114#8055735>				<https://panlex.org/snapshot/panlex-20191001-csv/114#8055322>		"ibutar"@bty	
"hilur"@xbr	<https://panlex.org/snapshot/panlex-20191001-csv/114#8055735>				<https://panlex.org/snapshot/panlex-20191001-csv/114#8055321>		"hutan"@bty	
"peinya"@xbr	<https://panlex.org/snapshot/panlex-20191001-csv/114#8061892>				<https://panlex.org/snapshot/panlex-20191001-csv/114#8061412>		"iaveneta"@bty	
"peinya"@xbr	<https://panlex.org/snapshot/panlex-20191001-csv/114#8061892>				<https://panlex.org/snapshot/panlex-20191001-csv/114#8061413>		"kalelan"@bty	
"wowana"@xbr	<https://panlex.org/snapshot/panlex-20191001-csv/114#8053095>				<https://panlex.org/snapshot/panlex-20191001-csv/114#8052715>		"lalait"@bty	
"wowana"@xbr	<https://panlex.org/snapshot/panlex-20191001-csv/114#8053095>				<https://panlex.org/snapshot/panlex-20191001-csv/114#8052714>		"kamuin"@bty	
"ŋgoru"@xbr	<https://panlex.org/snapshot/panlex-20191001-csv/114#8064465>				<https://panlex.org/snapshot/panlex-20191001-csv/114#8064009>		"ayonin"@bty	
"ŋgoru"@xbr	<https://panlex.org/snapshot/panlex-20191001-csv/114#8064465>				<https://panlex.org/snapshot/panlex-20191001-csv/114#8064010>		"wosan"@bty	
"kaku"@xbr	<https://panlex.org/snapshot/panlex-20191001-csv/114#8054250>				<https://panlex.org/snapshot/panlex-20191001-csv/114#8053752>		"uha"@bty	
"kaku"@xbr	<https://panlex.org/snapshot/panlex-20191001-csv/114#8054250>				<https://panlex.org/snapshot/panlex-20191001-csv/114#8053751>		"lea"@bty	
"kaku"@xbr	<https://panlex.org/snapshot/panlex-20191001-csv/114#8054250>				<https://panlex.org/snapshot/panlex-20191001-csv/114#8053750>		"iko"@bty	
"riki"@xbr	<https://panlex.org/snapshot/panlex-20191001-csv/114#8068628>				<https://panlex.org/snapshot/panlex-20191001-csv/114#8068183>		"balíʔ"@bty	
"riki"@xbr	<https://panlex.org/snapshot/panlex-20191001-csv/114#8068628>				<https://panlex.org/snapshot/panlex-20191001-csv/114#8068182>		"amɬi"@bty	
"me"@xbr	<https://panlex.org/snapshot/panlex-20191001-csv/114#8055247>				<https://panlex.org/snapshot/panlex-20191001-csv/114#8054813>		"boti"@bty	
"me"@xbr	<https://panlex.org/snapshot/panlex-20191001-csv/114#8055247>				<https://panlex.org/snapshot/panlex-20191001-csv/114#8054814>		"islot"@bty	
"longgu"@xbr	<https://panlex.org/snapshot/panlex-20191001-csv/114#8065012>				<https://panlex.org/snapshot/panlex-20191001-csv/114#8064543>		"ulin lan"@bty	
"longgu"@xbr	<https://panlex.org/snapshot/panlex-20191001-csv/114#8065012>				<https://panlex.org/snapshot/panlex-20191001-csv/114#8064542>		"aʔulin"@bty	
"piiŋu"@xbr	<https://panlex.org/snapshot/panlex-20191001-csv/114#8061894>				<https://panlex.org/snapshot/panlex-20191001-csv/114#8061412>		"iaveneta"@bty	
"piiŋu"@xbr	<https://panlex.org/snapshot/panlex-20191001-csv/114#8061894>				<https://panlex.org/snapshot/panlex-20191001-csv/114#8061413>		"kalelan"@bty	
"ngind"@xbr	<https://panlex.org/snapshot/panlex-20191001-csv/114#8067588>				<https://panlex.org/snapshot/panlex-20191001-csv/114#8067117>		"anifan"@bty	
"ngind"@xbr	<https://panlex.org/snapshot/panlex-20191001-csv/114#8067588>				<https://panlex.org/snapshot/panlex-20191001-csv/114#8067118>		"nihan"@bty	
"irak"@xbr	<https://panlex.org/snapshot/panlex-20191001-csv/114#8056770>				<https://panlex.org/snapshot/panlex-20191001-csv/114#8056337>		"baʔoboʔ"@bty	
"irak"@xbr	<https://panlex.org/snapshot/panlex-20191001-csv/114#8056770>				<https://panlex.org/snapshot/panlex-20191001-csv/114#8056338>		"fofṿ fofṿ"@bty	
"pengu"@xbr	<https://panlex.org/snapshot/panlex-20191001-csv/114#8061893>				<https://panlex.org/snapshot/panlex-20191001-csv/114#8061412>		"iaveneta"@bty	
"pengu"@xbr	<https://panlex.org/snapshot/panlex-20191001-csv/114#8061893>				<https://panlex.org/snapshot/panlex-20191001-csv/114#8061413>		"kalelan"@bty	
