"wai"@xbr	<https://panlex.org/snapshot/panlex-20191001-csv/12#851250>				<https://panlex.org/snapshot/panlex-20191001-csv/12#850903>		"danum"@emb	
"wolai"@xbr	<https://panlex.org/snapshot/panlex-20191001-csv/114#8052641>				<https://panlex.org/snapshot/panlex-20191001-csv/114#8052272>		"kayoko"@emb	
"lima"@xbr	<https://panlex.org/snapshot/panlex-20191001-csv/114#8052170>				<https://panlex.org/snapshot/panlex-20191001-csv/114#8051730>		"taŋan"@emb	
"ŋaru"@xbr	<https://panlex.org/snapshot/panlex-20191001-csv/114#8067038>				<https://panlex.org/snapshot/panlex-20191001-csv/114#8066608>		"babaʔ"@emb	
"hibut"@xbr	<https://panlex.org/snapshot/panlex-20191001-csv/114#8055733>				<https://panlex.org/snapshot/panlex-20191001-csv/114#8055354>		"lempaŋ"@emb	
"mangàdat"@xbr	<https://panlex.org/snapshot/panlex-20191001-csv/114#8062859>				<https://panlex.org/snapshot/panlex-20191001-csv/114#8062464>		"takut"@emb	
"kúndu"@xbr	<https://panlex.org/snapshot/panlex-20191001-csv/114#8061328>				<https://panlex.org/snapshot/panlex-20191001-csv/114#8060973>		"babaŋ"@emb	
"ngindu"@xbr	<https://panlex.org/snapshot/panlex-20191001-csv/114#8067589>				<https://panlex.org/snapshot/panlex-20191001-csv/114#8067160>		"isi"@emb	
"kananding"@xbr	<https://panlex.org/snapshot/panlex-20191001-csv/114#8062350>				<https://panlex.org/snapshot/panlex-20191001-csv/114#8061995>		"bapik"@emb	
"haŋudu"@xbr	<https://panlex.org/snapshot/panlex-20191001-csv/114#8066487>				<https://panlex.org/snapshot/panlex-20191001-csv/114#8066100>		"mambu"@emb	
"kawana"@xbr	<https://panlex.org/snapshot/panlex-20191001-csv/114#8053094>				<https://panlex.org/snapshot/panlex-20191001-csv/114#8052739>		"kato"@emb	
"pangàdang"@xbr	<https://panlex.org/snapshot/panlex-20191001-csv/114#8062351>				<https://panlex.org/snapshot/panlex-20191001-csv/114#8061995>		"bapik"@emb	
"l|ama"@xbr	<https://panlex.org/snapshot/panlex-20191001-csv/114#8068103>				<https://panlex.org/snapshot/panlex-20191001-csv/114#8067700>		"lilaʔ"@emb	
"ngarangí"@xbr	<https://panlex.org/snapshot/panlex-20191001-csv/114#8054744>				<https://panlex.org/snapshot/panlex-20191001-csv/114#8054363>		"dalan"@emb	
"katiku"@xbr	<https://panlex.org/snapshot/panlex-20191001-csv/114#8063926>				<https://panlex.org/snapshot/panlex-20191001-csv/114#8063505>		"ulu"@emb	
"rii"@xbr	<https://panlex.org/snapshot/panlex-20191001-csv/114#8059316>				<https://panlex.org/snapshot/panlex-20191001-csv/114#8058923>		"tulaŋ"@emb	
"wai ria"@xbr	<https://panlex.org/snapshot/panlex-20191001-csv/114#8063377>				<https://panlex.org/snapshot/panlex-20191001-csv/114#8062971>		"daraʔ"@emb	
"kuundu"@xbr	<https://panlex.org/snapshot/panlex-20191001-csv/114#8061327>				<https://panlex.org/snapshot/panlex-20191001-csv/114#8060973>		"babaŋ"@emb	
"rau longgi"@xbr	<https://panlex.org/snapshot/panlex-20191001-csv/114#8065016>				<https://panlex.org/snapshot/panlex-20191001-csv/114#8064584>		"búk"@emb	
"kalai"@xbr	<https://panlex.org/snapshot/panlex-20191001-csv/114#8052639>				<https://panlex.org/snapshot/panlex-20191001-csv/114#8052272>		"kayoko"@emb	
"kayeku"@xbr	<https://panlex.org/snapshot/panlex-20191001-csv/114#8065997>				<https://panlex.org/snapshot/panlex-20191001-csv/114#8065656>		"batak ñawa"@emb	
"katàku"@xbr	<https://panlex.org/snapshot/panlex-20191001-csv/114#8063929>				<https://panlex.org/snapshot/panlex-20191001-csv/114#8063505>		"ulu"@emb	
"weu-na"@xbr	<https://panlex.org/snapshot/panlex-20191001-csv/114#8068105>				<https://panlex.org/snapshot/panlex-20191001-csv/114#8067700>		"lilaʔ"@emb	
"tanei"@xbr	<https://panlex.org/snapshot/panlex-20191001-csv/114#8059780>				<https://panlex.org/snapshot/panlex-20191001-csv/114#8059416>		"parut"@emb	
"halaku"@xbr	<https://panlex.org/snapshot/panlex-20191001-csv/114#8054249>				<https://panlex.org/snapshot/panlex-20191001-csv/114#8053794>		"lambaʔ"@emb	
"rí kawudu"@xbr	<https://panlex.org/snapshot/panlex-20191001-csv/114#8059319>				<https://panlex.org/snapshot/panlex-20191001-csv/114#8058923>		"tulaŋ"@emb	
"mai"@xbr	<https://panlex.org/snapshot/panlex-20191001-csv/114#8055246>				<https://panlex.org/snapshot/panlex-20191001-csv/114#8054851>		"mondok"@emb	
"hilur"@xbr	<https://panlex.org/snapshot/panlex-20191001-csv/114#8055735>				<https://panlex.org/snapshot/panlex-20191001-csv/114#8055354>		"lempaŋ"@emb	
"peinya"@xbr	<https://panlex.org/snapshot/panlex-20191001-csv/114#8061892>				<https://panlex.org/snapshot/panlex-20191001-csv/114#8061456>		"tamu"@emb	
"wowana"@xbr	<https://panlex.org/snapshot/panlex-20191001-csv/114#8053095>				<https://panlex.org/snapshot/panlex-20191001-csv/114#8052739>		"kato"@emb	
"ŋgoru"@xbr	<https://panlex.org/snapshot/panlex-20191001-csv/114#8064465>				<https://panlex.org/snapshot/panlex-20191001-csv/114#8064049>		"kaloŋ"@emb	
"kaku"@xbr	<https://panlex.org/snapshot/panlex-20191001-csv/114#8054250>				<https://panlex.org/snapshot/panlex-20191001-csv/114#8053794>		"lambaʔ"@emb	
"riki"@xbr	<https://panlex.org/snapshot/panlex-20191001-csv/114#8068628>				<https://panlex.org/snapshot/panlex-20191001-csv/114#8068226>		"tatawa"@emb	
"me"@xbr	<https://panlex.org/snapshot/panlex-20191001-csv/114#8055247>				<https://panlex.org/snapshot/panlex-20191001-csv/114#8054851>		"mondok"@emb	
"longgu"@xbr	<https://panlex.org/snapshot/panlex-20191001-csv/114#8065012>				<https://panlex.org/snapshot/panlex-20191001-csv/114#8064584>		"búk"@emb	
"piiŋu"@xbr	<https://panlex.org/snapshot/panlex-20191001-csv/114#8061894>				<https://panlex.org/snapshot/panlex-20191001-csv/114#8061456>		"tamu"@emb	
"ngind"@xbr	<https://panlex.org/snapshot/panlex-20191001-csv/114#8067588>				<https://panlex.org/snapshot/panlex-20191001-csv/114#8067160>		"isi"@emb	
"irak"@xbr	<https://panlex.org/snapshot/panlex-20191001-csv/114#8056770>				<https://panlex.org/snapshot/panlex-20191001-csv/114#8056363>		"kotor"@emb	
"pengu"@xbr	<https://panlex.org/snapshot/panlex-20191001-csv/114#8061893>				<https://panlex.org/snapshot/panlex-20191001-csv/114#8061456>		"tamu"@emb	
