"lima"@xbr	<https://panlex.org/snapshot/panlex-20191001-csv/114#8052170>				<https://panlex.org/snapshot/panlex-20191001-csv/114#8051721>		"ʼimon"@dij	
"ŋaru"@xbr	<https://panlex.org/snapshot/panlex-20191001-csv/114#8067038>				<https://panlex.org/snapshot/panlex-20191001-csv/114#8066600>		"ʼuʔon"@dij	
"ngindu"@xbr	<https://panlex.org/snapshot/panlex-20191001-csv/114#8067589>				<https://panlex.org/snapshot/panlex-20191001-csv/114#8067153>		"ʼidon"@dij	
"l|ama"@xbr	<https://panlex.org/snapshot/panlex-20191001-csv/114#8068103>				<https://panlex.org/snapshot/panlex-20191001-csv/114#8067693>		"nɛʼmaʔon"@dij	
"ngarangí"@xbr	<https://panlex.org/snapshot/panlex-20191001-csv/114#8054744>				<https://panlex.org/snapshot/panlex-20191001-csv/114#8054354>		"ʼhannon"@dij	
"katiku"@xbr	<https://panlex.org/snapshot/panlex-20191001-csv/114#8063926>				<https://panlex.org/snapshot/panlex-20191001-csv/114#8063497>		"ʼunʔon"@dij	
"rii"@xbr	<https://panlex.org/snapshot/panlex-20191001-csv/114#8059316>				<https://panlex.org/snapshot/panlex-20191001-csv/114#8058916>		"ʼruson"@dij	
"wai ria"@xbr	<https://panlex.org/snapshot/panlex-20191001-csv/114#8063377>				<https://panlex.org/snapshot/panlex-20191001-csv/114#8062964>		"raʼʔon"@dij	
"rau longgi"@xbr	<https://panlex.org/snapshot/panlex-20191001-csv/114#8065016>				<https://panlex.org/snapshot/panlex-20191001-csv/114#8064576>		"moitʼon"@dij	
"katàku"@xbr	<https://panlex.org/snapshot/panlex-20191001-csv/114#8063929>				<https://panlex.org/snapshot/panlex-20191001-csv/114#8063497>		"ʼunʔon"@dij	
"weu-na"@xbr	<https://panlex.org/snapshot/panlex-20191001-csv/114#8068105>				<https://panlex.org/snapshot/panlex-20191001-csv/114#8067693>		"nɛʼmaʔon"@dij	
"halaku"@xbr	<https://panlex.org/snapshot/panlex-20191001-csv/114#8054249>				<https://panlex.org/snapshot/panlex-20191001-csv/114#8053786>		"nɛnʼaʔat"@dij	
"rí kawudu"@xbr	<https://panlex.org/snapshot/panlex-20191001-csv/114#8059319>				<https://panlex.org/snapshot/panlex-20191001-csv/114#8058916>		"ʼruson"@dij	
"mai"@xbr	<https://panlex.org/snapshot/panlex-20191001-csv/114#8055246>				<https://panlex.org/snapshot/panlex-20191001-csv/114#8054843>		"ṇʼmai"@dij	
"peinya"@xbr	<https://panlex.org/snapshot/panlex-20191001-csv/114#8061892>				<https://panlex.org/snapshot/panlex-20191001-csv/114#8061448>		"ɛnʼat"@dij	
"ŋgoru"@xbr	<https://panlex.org/snapshot/panlex-20191001-csv/114#8064465>				<https://panlex.org/snapshot/panlex-20191001-csv/114#8064040>		"ʼtɛnnon"@dij	
"kaku"@xbr	<https://panlex.org/snapshot/panlex-20191001-csv/114#8054250>				<https://panlex.org/snapshot/panlex-20191001-csv/114#8053786>		"nɛnʼaʔat"@dij	
"riki"@xbr	<https://panlex.org/snapshot/panlex-20191001-csv/114#8068628>				<https://panlex.org/snapshot/panlex-20191001-csv/114#8068219>		"ṇʼhan"@dij	
"me"@xbr	<https://panlex.org/snapshot/panlex-20191001-csv/114#8055247>				<https://panlex.org/snapshot/panlex-20191001-csv/114#8054843>		"ṇʼmai"@dij	
"longgu"@xbr	<https://panlex.org/snapshot/panlex-20191001-csv/114#8065012>				<https://panlex.org/snapshot/panlex-20191001-csv/114#8064576>		"moitʼon"@dij	
"piiŋu"@xbr	<https://panlex.org/snapshot/panlex-20191001-csv/114#8061894>				<https://panlex.org/snapshot/panlex-20191001-csv/114#8061448>		"ɛnʼat"@dij	
"ngind"@xbr	<https://panlex.org/snapshot/panlex-20191001-csv/114#8067588>				<https://panlex.org/snapshot/panlex-20191001-csv/114#8067153>		"ʼidon"@dij	
"pengu"@xbr	<https://panlex.org/snapshot/panlex-20191001-csv/114#8061893>				<https://panlex.org/snapshot/panlex-20191001-csv/114#8061448>		"ɛnʼat"@dij	
