"ʼawa"@dob	<https://panlex.org/snapshot/panlex-20191001-csv/114#8066602>				<https://panlex.org/snapshot/panlex-20191001-csv/114#8066571>		"avana"@bxf	
"ʼae-na"@dob	<https://panlex.org/snapshot/panlex-20191001-csv/114#8053207>				<https://panlex.org/snapshot/panlex-20191001-csv/114#8053182>		"na kikina"@bxf	
"ʼae-na"@dob	<https://panlex.org/snapshot/panlex-20191001-csv/114#8053207>				<https://panlex.org/snapshot/panlex-20191001-csv/114#8053181>		"a kikina"@bxf	
"lopilidadana"@dob	<https://panlex.org/snapshot/panlex-20191001-csv/114#8053788>				<https://panlex.org/snapshot/panlex-20191001-csv/114#8053758>		"i vanan"@bxf	
"lopilidadana"@dob	<https://panlex.org/snapshot/panlex-20191001-csv/114#8053788>				<https://panlex.org/snapshot/panlex-20191001-csv/114#8053757>		"i van"@bxf	
"gegeumi-na"@dob	<https://panlex.org/snapshot/panlex-20191001-csv/114#8052268>				<https://panlex.org/snapshot/panlex-20191001-csv/114#8052249>		"ainor"@bxf	
"matauta"@dob	<https://panlex.org/snapshot/panlex-20191001-csv/114#8062460>				<https://panlex.org/snapshot/panlex-20191001-csv/114#8062433>		"i bukur vanatnat"@bxf	
"mui"@dob	<https://panlex.org/snapshot/panlex-20191001-csv/114#8066096>				<https://panlex.org/snapshot/panlex-20191001-csv/114#8066074>		"i nug na ur magit"@bxf	
"ʼubusu-na"@dob	<https://panlex.org/snapshot/panlex-20191001-csv/114#8065128>				<https://panlex.org/snapshot/panlex-20191001-csv/114#8065102>		"oleuna"@bxf	
"dedo"@dob	<https://panlex.org/snapshot/panlex-20191001-csv/114#8068750>				<https://panlex.org/snapshot/panlex-20191001-csv/114#8068722>		"i tangi"@bxf	
"meia-na"@dob	<https://panlex.org/snapshot/panlex-20191001-csv/114#8067695>				<https://panlex.org/snapshot/panlex-20191001-csv/114#8067671>		"okaramepipi"@bxf	
"nima-na"@dob	<https://panlex.org/snapshot/panlex-20191001-csv/114#8051723>				<https://panlex.org/snapshot/panlex-20191001-csv/114#8051691>		"akuna"@bxf	
"nima-na"@dob	<https://panlex.org/snapshot/panlex-20191001-csv/114#8051723>				<https://panlex.org/snapshot/panlex-20191001-csv/114#8051690>		"a kuna"@bxf	
"susu-na"@dob	<https://panlex.org/snapshot/panlex-20191001-csv/114#8060398>				<https://panlex.org/snapshot/panlex-20191001-csv/114#8060366>		"a nun gir na box"@bxf	
"susu-na"@dob	<https://panlex.org/snapshot/panlex-20191001-csv/114#8060398>				<https://panlex.org/snapshot/panlex-20191001-csv/114#8060367>		"o una"@bxf	
"iawasi-na"@dob	<https://panlex.org/snapshot/panlex-20191001-csv/114#8065653>				<https://panlex.org/snapshot/panlex-20191001-csv/114#8065629>		"ilo vuvu"@bxf	
"edagi"@dob	<https://panlex.org/snapshot/panlex-20191001-csv/114#8068221>				<https://panlex.org/snapshot/panlex-20191001-csv/114#8068187>		"i ar kobor"@bxf	
"deba-na"@dob	<https://panlex.org/snapshot/panlex-20191001-csv/114#8063499>				<https://panlex.org/snapshot/panlex-20191001-csv/114#8063464>		"euna"@bxf	
