"boasi"@dob	<https://panlex.org/snapshot/panlex-20191001-csv/12#850896>				<https://panlex.org/snapshot/panlex-20191001-csv/12#851054>		"bai"@mnv	
"ʼawa"@dob	<https://panlex.org/snapshot/panlex-20191001-csv/114#8066602>				<https://panlex.org/snapshot/panlex-20191001-csv/114#8066790>		"ngutu"@mnv	
"ʼawa"@dob	<https://panlex.org/snapshot/panlex-20191001-csv/114#8066602>				<https://panlex.org/snapshot/panlex-20191001-csv/114#8066789>		"haha/nga"@mnv	
"ʼae-na"@dob	<https://panlex.org/snapshot/panlex-20191001-csv/114#8053207>				<https://panlex.org/snapshot/panlex-20191001-csv/114#8053408>		"ba`e"@mnv	
"lopilidadana"@dob	<https://panlex.org/snapshot/panlex-20191001-csv/114#8053788>				<https://panlex.org/snapshot/panlex-20191001-csv/114#8053993>		"sa`ege"@mnv	
"gegeumi-na"@dob	<https://panlex.org/snapshot/panlex-20191001-csv/114#8052268>				<https://panlex.org/snapshot/panlex-20191001-csv/114#8052429>		"sema"@mnv	
"matauta"@dob	<https://panlex.org/snapshot/panlex-20191001-csv/114#8062460>				<https://panlex.org/snapshot/panlex-20191001-csv/114#8062648>		"mataku"@mnv	
"mui"@dob	<https://panlex.org/snapshot/panlex-20191001-csv/114#8066096>				<https://panlex.org/snapshot/panlex-20191001-csv/114#8066272>		"puìa"@mnv	
"ʼubusu-na"@dob	<https://panlex.org/snapshot/panlex-20191001-csv/114#8065128>				<https://panlex.org/snapshot/panlex-20191001-csv/114#8065320>		"isu-"@mnv	
"meia-na"@dob	<https://panlex.org/snapshot/panlex-20191001-csv/114#8067695>				<https://panlex.org/snapshot/panlex-20191001-csv/114#8067875>		"àgego"@mnv	
"nima-na"@dob	<https://panlex.org/snapshot/panlex-20191001-csv/114#8051723>				<https://panlex.org/snapshot/panlex-20191001-csv/114#8051922>		"gima"@mnv	
"gamwa-na"@dob	<https://panlex.org/snapshot/panlex-20191001-csv/114#8058359>				<https://panlex.org/snapshot/panlex-20191001-csv/114#8058554>		"manaba"@mnv	
"susu-na"@dob	<https://panlex.org/snapshot/panlex-20191001-csv/114#8060398>				<https://panlex.org/snapshot/panlex-20191001-csv/114#8060603>		"uu"@mnv	
"iawasi-na"@dob	<https://panlex.org/snapshot/panlex-20191001-csv/114#8065653>				<https://panlex.org/snapshot/panlex-20191001-csv/114#8065801>		"manaba"@mnv	
"iawasi-na"@dob	<https://panlex.org/snapshot/panlex-20191001-csv/114#8065653>				<https://panlex.org/snapshot/panlex-20191001-csv/114#8065803>		"ngaa/ekeeke"@mnv	
"iawasi-na"@dob	<https://panlex.org/snapshot/panlex-20191001-csv/114#8065653>				<https://panlex.org/snapshot/panlex-20191001-csv/114#8065800>		"haka/maanaba/"@mnv	
"iawasi-na"@dob	<https://panlex.org/snapshot/panlex-20191001-csv/114#8065653>				<https://panlex.org/snapshot/panlex-20191001-csv/114#8065802>		"manaba/ànga"@mnv	
"edagi"@dob	<https://panlex.org/snapshot/panlex-20191001-csv/114#8068221>				<https://panlex.org/snapshot/panlex-20191001-csv/114#8068405>		"kata"@mnv	
"deba-na"@dob	<https://panlex.org/snapshot/panlex-20191001-csv/114#8063499>				<https://panlex.org/snapshot/panlex-20191001-csv/114#8063684>		"poko/`ugu"@mnv	
"deba-na"@dob	<https://panlex.org/snapshot/panlex-20191001-csv/114#8063499>				<https://panlex.org/snapshot/panlex-20191001-csv/114#8063683>		"`ugu"@mnv	
