"Ìjo̩ Katholiki Romu"@yo	<https://panlex.org/snapshot/panlex-20191001-csv/6717#111107620>				<https://panlex.org/snapshot/panlex-20191001-csv/6717#111107704>		"Roma Kathuliku Inlisya"@qu	
"Ogun Àgbáyé Kìíní"@yo	<https://panlex.org/snapshot/panlex-20191001-csv/6709#111077307>				<https://panlex.org/snapshot/panlex-20191001-csv/6709#111077419>		"Huk ñiqin pachantin maqanakuy"@qu	
"Ogun Àgbáyé Kejì"@yo	<https://panlex.org/snapshot/panlex-20191001-csv/6709#111077541>				<https://panlex.org/snapshot/panlex-20191001-csv/6709#111077580>		"Iskay ñiqin pachantin maqanakuy"@qu	
"Ife-è̩ye̩ Àgbáyé Bó̩ò̩lù-e̩lé̩sè̩"@yo	<https://panlex.org/snapshot/panlex-20191001-csv/6715#111107259>				<https://panlex.org/snapshot/panlex-20191001-csv/6715#111107330>		"Piluta Hayt’ay Pachantin Kupa"@qu	
"Orílẹ́ède Kamerúúnì"@yo	<https://panlex.org/snapshot/panlex-20191001-csv/6898#113638967>				<https://panlex.org/snapshot/panlex-20191001-csv/6898#113639064>		"Camerún"@qu	
"Orílɛ́ède Kurishisitani"@yo	<https://panlex.org/snapshot/panlex-20191001-csv/6898#113627303>				<https://panlex.org/snapshot/panlex-20191001-csv/6898#113627377>		"Kirguistán"@qu	
"Orílɛ́ède Panama"@yo	<https://panlex.org/snapshot/panlex-20191001-csv/6898#113605977>				<https://panlex.org/snapshot/panlex-20191001-csv/6898#113606032>		"Panamá"@qu	
"Orílẹ́ède yemeni"@yo	<https://panlex.org/snapshot/panlex-20191001-csv/6898#113593556>				<https://panlex.org/snapshot/panlex-20191001-csv/6898#113593531>		"Yemen"@qu	
"Orílɛ́ède Maritiusi"@yo	<https://panlex.org/snapshot/panlex-20191001-csv/6898#113611383>				<https://panlex.org/snapshot/panlex-20191001-csv/6898#113611437>		"Mauricio"@qu	
"Orílẹ́ède Laosi"@yo	<https://panlex.org/snapshot/panlex-20191001-csv/6898#113619056>				<https://panlex.org/snapshot/panlex-20191001-csv/6898#113619102>		"Laos"@qu	
"Orílɛ́ède Kúbà"@yo	<https://panlex.org/snapshot/panlex-20191001-csv/6898#113618678>				<https://panlex.org/snapshot/panlex-20191001-csv/6898#113618660>		"Cuba"@qu	
"Orílɛ́ède Makoronesia"@yo	<https://panlex.org/snapshot/panlex-20191001-csv/6898#113597168>				<https://panlex.org/snapshot/panlex-20191001-csv/6898#113597174>		"Micronesia"@qu	
"Orilɛ́ède Kóngò"@yo	<https://panlex.org/snapshot/panlex-20191001-csv/6898#113589496>				<https://panlex.org/snapshot/panlex-20191001-csv/6898#113589696>		"Congo (RDC)"@qu	
"Orílɛ́ède Sɛnɛga"@yo	<https://panlex.org/snapshot/panlex-20191001-csv/6898#113591225>				<https://panlex.org/snapshot/panlex-20191001-csv/6898#113591287>		"Senegal"@qu	
"Orílẹ́ède Siria"@yo	<https://panlex.org/snapshot/panlex-20191001-csv/6898#113598706>				<https://panlex.org/snapshot/panlex-20191001-csv/6898#113598668>		"Siria"@qu	
"Orílẹ́ède Tanṣania"@yo	<https://panlex.org/snapshot/panlex-20191001-csv/6898#113627756>				<https://panlex.org/snapshot/panlex-20191001-csv/6898#113627864>		"Tanzania"@qu	
"Orílẹ́ède Singapo"@yo	<https://panlex.org/snapshot/panlex-20191001-csv/6898#113604939>				<https://panlex.org/snapshot/panlex-20191001-csv/6898#113604855>		"Singapur"@qu	
"Orílẹ́ède Pọto Riko"@yo	<https://panlex.org/snapshot/panlex-20191001-csv/6898#113612389>				<https://panlex.org/snapshot/panlex-20191001-csv/6898#113612459>		"Puerto Rico"@qu	
"Orílẹ́ède Madasika"@yo	<https://panlex.org/snapshot/panlex-20191001-csv/6898#113589913>				<https://panlex.org/snapshot/panlex-20191001-csv/6898#113590049>		"Madagascar"@qu	
"Orílẹ́ède Fẹnẹṣuẹla"@yo	<https://panlex.org/snapshot/panlex-20191001-csv/6898#113597597>				<https://panlex.org/snapshot/panlex-20191001-csv/6898#113597450>		"Venezuela"@qu	
"Orílẹ́ède Pikarini"@yo	<https://panlex.org/snapshot/panlex-20191001-csv/6898#113602846>				<https://panlex.org/snapshot/panlex-20191001-csv/6898#113602964>		"Islas Pitcairn"@qu	
"Orílɛ́ède Filandi"@yo	<https://panlex.org/snapshot/panlex-20191001-csv/6898#113641613>				<https://panlex.org/snapshot/panlex-20191001-csv/6898#113641501>		"Finlandia"@qu	
"Orílẹ́ède Paraguye"@yo	<https://panlex.org/snapshot/panlex-20191001-csv/6898#113623912>				<https://panlex.org/snapshot/panlex-20191001-csv/6898#113623926>		"Paraguay"@qu	
"Orílẹ́ède Àlùgèríánì"@yo	<https://panlex.org/snapshot/panlex-20191001-csv/6898#113608267>				<https://panlex.org/snapshot/panlex-20191001-csv/6898#113608118>		"Argelia"@qu	
"Orílɛ́ède Moroko"@yo	<https://panlex.org/snapshot/panlex-20191001-csv/6898#113635945>				<https://panlex.org/snapshot/panlex-20191001-csv/6898#113635969>		"Marruecos"@qu	
"Orílɛ́ède Esitonia"@yo	<https://panlex.org/snapshot/panlex-20191001-csv/6898#113601415>				<https://panlex.org/snapshot/panlex-20191001-csv/6898#113601516>		"Estonia"@qu	
"Orílẹ́ède Uganda"@yo	<https://panlex.org/snapshot/panlex-20191001-csv/6898#113637999>				<https://panlex.org/snapshot/panlex-20191001-csv/6898#113638116>		"Uganda"@qu	
"Orílẹ́ède Bọ̀tìsúwánà"@yo	<https://panlex.org/snapshot/panlex-20191001-csv/6898#113595435>				<https://panlex.org/snapshot/panlex-20191001-csv/6898#113595362>		"Botsuana"@qu	
"Orílẹ́ède Kenya"@yo	<https://panlex.org/snapshot/panlex-20191001-csv/6898#113593933>				<https://panlex.org/snapshot/panlex-20191001-csv/6898#113593959>		"Kenia"@qu	
"Orílẹ́ède Kòróátíà"@yo	<https://panlex.org/snapshot/panlex-20191001-csv/6898#113623211>				<https://panlex.org/snapshot/panlex-20191001-csv/6898#113623156>		"Croacia"@qu	
"Orílẹ́ède Filandi"@yo	<https://panlex.org/snapshot/panlex-20191001-csv/6898#113641474>				<https://panlex.org/snapshot/panlex-20191001-csv/6898#113641501>		"Finlandia"@qu	
"Orílẹ́ède Faniatu"@yo	<https://panlex.org/snapshot/panlex-20191001-csv/6898#113629011>				<https://panlex.org/snapshot/panlex-20191001-csv/6898#113629067>		"Vanuatu"@qu	
"Orílɛ́ède Kuweti"@yo	<https://panlex.org/snapshot/panlex-20191001-csv/6898#113605818>				<https://panlex.org/snapshot/panlex-20191001-csv/6898#113605823>		"Kuwait"@qu	
"Orílɛ́ède Omobabirin"@yo	<https://panlex.org/snapshot/panlex-20191001-csv/6898#113592383>				<https://panlex.org/snapshot/panlex-20191001-csv/6898#113592403>		"Reino Unido"@qu	
"Orílɛ́ède Guyana"@yo	<https://panlex.org/snapshot/panlex-20191001-csv/6898#113628135>				<https://panlex.org/snapshot/panlex-20191001-csv/6898#113628108>		"Guyana"@qu	
"Orílɛ́ède Laberia"@yo	<https://panlex.org/snapshot/panlex-20191001-csv/6898#113605608>				<https://panlex.org/snapshot/panlex-20191001-csv/6898#113605546>		"Liberia"@qu	
"Orílɛ́ède Italiyi"@yo	<https://panlex.org/snapshot/panlex-20191001-csv/6898#113587948>				<https://panlex.org/snapshot/panlex-20191001-csv/6898#113588021>		"Italia"@qu	
"Orílẹ́ède Hondurasi"@yo	<https://panlex.org/snapshot/panlex-20191001-csv/6898#113596999>				<https://panlex.org/snapshot/panlex-20191001-csv/6898#113596962>		"Honduras"@qu	
"Orílẹ́ède Nàìjíríà"@yo	<https://panlex.org/snapshot/panlex-20191001-csv/6898#113624152>				<https://panlex.org/snapshot/panlex-20191001-csv/6898#113624182>		"Nigeria"@qu	
"Orílẹ́ède Nedalandi"@yo	<https://panlex.org/snapshot/panlex-20191001-csv/6898#113635875>				<https://panlex.org/snapshot/panlex-20191001-csv/6898#113635765>		"Países Bajos"@qu	
"Orílɛ́ède Nɔɔwii"@yo	<https://panlex.org/snapshot/panlex-20191001-csv/6898#113609830>				<https://panlex.org/snapshot/panlex-20191001-csv/6898#113609950>		"Noruega"@qu	
"Orílɛ́ède Nepa"@yo	<https://panlex.org/snapshot/panlex-20191001-csv/6898#113584169>				<https://panlex.org/snapshot/panlex-20191001-csv/6898#113584046>		"Nepal"@qu	
"Orílẹ́ède Dòmíníkà"@yo	<https://panlex.org/snapshot/panlex-20191001-csv/6898#113599748>				<https://panlex.org/snapshot/panlex-20191001-csv/6898#113599778>		"Dominica"@qu	
"Orílɛ́ède Namibia"@yo	<https://panlex.org/snapshot/panlex-20191001-csv/6898#113606757>				<https://panlex.org/snapshot/panlex-20191001-csv/6898#113606713>		"Namibia"@qu	
"Orílẹ́ède Àlùbàníánì"@yo	<https://panlex.org/snapshot/panlex-20191001-csv/6898#113637640>				<https://panlex.org/snapshot/panlex-20191001-csv/6898#113637695>		"Albania"@qu	
"Orílɛ́ède Asítíríà"@yo	<https://panlex.org/snapshot/panlex-20191001-csv/6898#113616280>				<https://panlex.org/snapshot/panlex-20191001-csv/6898#113616204>		"Austria"@qu	
"Orílẹ́ède Monako"@yo	<https://panlex.org/snapshot/panlex-20191001-csv/6898#113600228>				<https://panlex.org/snapshot/panlex-20191001-csv/6898#113600166>		"Mónaco"@qu	
"Orílɛ́ède Siria looni"@yo	<https://panlex.org/snapshot/panlex-20191001-csv/6898#113637116>				<https://panlex.org/snapshot/panlex-20191001-csv/6898#113636971>		"Sierra Leona"@qu	
"Orílɛ́ède Somalia"@yo	<https://panlex.org/snapshot/panlex-20191001-csv/6898#113608521>				<https://panlex.org/snapshot/panlex-20191001-csv/6898#113608489>		"Somalia"@qu	
"Orílɛ́ède Ààngólà"@yo	<https://panlex.org/snapshot/panlex-20191001-csv/6898#113599895>				<https://panlex.org/snapshot/panlex-20191001-csv/6898#113600059>		"Angola"@qu	
"Orílẹ́ède Ẹẹsáfádò"@yo	<https://panlex.org/snapshot/panlex-20191001-csv/6898#113600691>				<https://panlex.org/snapshot/panlex-20191001-csv/6898#113600700>		"El Salvador"@qu	
"Orílɛ́ède Swidini"@yo	<https://panlex.org/snapshot/panlex-20191001-csv/6898#113639797>				<https://panlex.org/snapshot/panlex-20191001-csv/6898#113639950>		"Suecia"@qu	
"Orílɛ́ède Àlùgèríánì"@yo	<https://panlex.org/snapshot/panlex-20191001-csv/6898#113608221>				<https://panlex.org/snapshot/panlex-20191001-csv/6898#113608118>		"Argelia"@qu	
"Orílɛ́ède Paraguye"@yo	<https://panlex.org/snapshot/panlex-20191001-csv/6898#113623947>				<https://panlex.org/snapshot/panlex-20191001-csv/6898#113623926>		"Paraguay"@qu	
"Orílɛ́ède Moshamibiku"@yo	<https://panlex.org/snapshot/panlex-20191001-csv/6898#113603250>				<https://panlex.org/snapshot/panlex-20191001-csv/6898#113603377>		"Mozambique"@qu	
"Orílẹ́ède Lusemogi"@yo	<https://panlex.org/snapshot/panlex-20191001-csv/6898#113641029>				<https://panlex.org/snapshot/panlex-20191001-csv/6898#113640944>		"Luxemburgo"@qu	
"Orílẹ́ède Sani Marino"@yo	<https://panlex.org/snapshot/panlex-20191001-csv/6898#113625683>				<https://panlex.org/snapshot/panlex-20191001-csv/6898#113625688>		"San Marino"@qu	
"Orílẹ́ède Malata"@yo	<https://panlex.org/snapshot/panlex-20191001-csv/6898#113645069>				<https://panlex.org/snapshot/panlex-20191001-csv/6898#113645037>		"Malta"@qu	
"Orílẹ́ède Bọ̀lífíyà"@yo	<https://panlex.org/snapshot/panlex-20191001-csv/6898#113609557>				<https://panlex.org/snapshot/panlex-20191001-csv/6898#113609718>		"Bolivia"@qu	
"Orílẹ́ède Améníà"@yo	<https://panlex.org/snapshot/panlex-20191001-csv/6898#113596605>				<https://panlex.org/snapshot/panlex-20191001-csv/6898#113596487>		"Armenia"@qu	
"Orílẹ́ède ṣílè"@yo	<https://panlex.org/snapshot/panlex-20191001-csv/6898#113624792>				<https://panlex.org/snapshot/panlex-20191001-csv/6898#113624763>		"Chile"@qu	
"Orílẹ́ède Ariwa Kọria"@yo	<https://panlex.org/snapshot/panlex-20191001-csv/6898#113638871>				<https://panlex.org/snapshot/panlex-20191001-csv/6898#113638874>		"Corea del Sur"@qu	
"Orílɛ́ède Masidonia"@yo	<https://panlex.org/snapshot/panlex-20191001-csv/6898#113613368>				<https://panlex.org/snapshot/panlex-20191001-csv/6898#113613435>		"ERY Macedonia"@qu	
"Orílɛ́ède Asɛ́bájánì"@yo	<https://panlex.org/snapshot/panlex-20191001-csv/6898#113619390>				<https://panlex.org/snapshot/panlex-20191001-csv/6898#113619382>		"Azerbaiyán"@qu	
"Orílẹ́ède filipini"@yo	<https://panlex.org/snapshot/panlex-20191001-csv/6898#113602721>				<https://panlex.org/snapshot/panlex-20191001-csv/6898#113602694>		"Filipinas"@qu	
"Orílẹ́ède Kaṣaṣatani"@yo	<https://panlex.org/snapshot/panlex-20191001-csv/6898#113591035>				<https://panlex.org/snapshot/panlex-20191001-csv/6898#113591034>		"Kazajistán"@qu	
"Orílẹ́ède Nọọwii"@yo	<https://panlex.org/snapshot/panlex-20191001-csv/6898#113609875>				<https://panlex.org/snapshot/panlex-20191001-csv/6898#113609950>		"Noruega"@qu	
"Orílẹ́ède Gana"@yo	<https://panlex.org/snapshot/panlex-20191001-csv/6898#113645547>				<https://panlex.org/snapshot/panlex-20191001-csv/6898#113645481>		"Ghana"@qu	
"Orílɛ́ède Haati"@yo	<https://panlex.org/snapshot/panlex-20191001-csv/6898#113634525>				<https://panlex.org/snapshot/panlex-20191001-csv/6898#113634593>		"Haití"@qu	
"Orílẹ́ède Tuniṣia"@yo	<https://panlex.org/snapshot/panlex-20191001-csv/6898#113606550>				<https://panlex.org/snapshot/panlex-20191001-csv/6898#113606468>		"Túnez"@qu	
"Orílɛ́ède Guusu Kɔria"@yo	<https://panlex.org/snapshot/panlex-20191001-csv/6898#113598793>				<https://panlex.org/snapshot/panlex-20191001-csv/6898#113598859>		"Corea del Norte"@qu	
"Orílɛ́ède Pakisitan"@yo	<https://panlex.org/snapshot/panlex-20191001-csv/6898#113607000>				<https://panlex.org/snapshot/panlex-20191001-csv/6898#113606988>		"Pakistán"@qu	
"Orílẹ́ède Mali"@yo	<https://panlex.org/snapshot/panlex-20191001-csv/6898#113615079>				<https://panlex.org/snapshot/panlex-20191001-csv/6898#113615162>		"Malí"@qu	
"Orílɛ́ède Takisitani"@yo	<https://panlex.org/snapshot/panlex-20191001-csv/6898#113590218>				<https://panlex.org/snapshot/panlex-20191001-csv/6898#113590221>		"Tayikistán"@qu	
"Orílẹ́ède Haati"@yo	<https://panlex.org/snapshot/panlex-20191001-csv/6898#113634670>				<https://panlex.org/snapshot/panlex-20191001-csv/6898#113634593>		"Haití"@qu	
"Orílɛ́ède Nruguayi"@yo	<https://panlex.org/snapshot/panlex-20191001-csv/6898#113623432>				<https://panlex.org/snapshot/panlex-20191001-csv/6898#113623481>		"Uruguay"@qu	
"Orílɛ́ède Àlùbàníánì"@yo	<https://panlex.org/snapshot/panlex-20191001-csv/6898#113637629>				<https://panlex.org/snapshot/panlex-20191001-csv/6898#113637695>		"Albania"@qu	
"Orílɛ́ède Ɛɛsáfádò"@yo	<https://panlex.org/snapshot/panlex-20191001-csv/6898#113600726>				<https://panlex.org/snapshot/panlex-20191001-csv/6898#113600700>		"El Salvador"@qu	
"Orílɛ́ède Lebanoni"@yo	<https://panlex.org/snapshot/panlex-20191001-csv/6898#113585451>				<https://panlex.org/snapshot/panlex-20191001-csv/6898#113585412>		"Líbano"@qu	
"Orílɛ́ède Ástràlìá"@yo	<https://panlex.org/snapshot/panlex-20191001-csv/6898#113631536>				<https://panlex.org/snapshot/panlex-20191001-csv/6898#113631628>		"Australia"@qu	
"Orílẹ́ède Asẹ́bájánì"@yo	<https://panlex.org/snapshot/panlex-20191001-csv/6898#113619248>				<https://panlex.org/snapshot/panlex-20191001-csv/6898#113619382>		"Azerbaiyán"@qu	
"Orílẹ́ède Nepa"@yo	<https://panlex.org/snapshot/panlex-20191001-csv/6898#113584137>				<https://panlex.org/snapshot/panlex-20191001-csv/6898#113584046>		"Nepal"@qu	
"Orílɛ́ède India"@yo	<https://panlex.org/snapshot/panlex-20191001-csv/6898#113616929>				<https://panlex.org/snapshot/panlex-20191001-csv/6898#113616972>		"India"@qu	
"Orílɛ́ède Pikarini"@yo	<https://panlex.org/snapshot/panlex-20191001-csv/6898#113602833>				<https://panlex.org/snapshot/panlex-20191001-csv/6898#113602964>		"Islas Pitcairn"@qu	
"Orílɛ́ède Sipani"@yo	<https://panlex.org/snapshot/panlex-20191001-csv/6898#113594572>				<https://panlex.org/snapshot/panlex-20191001-csv/6898#113594606>		"España"@qu	
"Orílɛ́ède Polandi"@yo	<https://panlex.org/snapshot/panlex-20191001-csv/6898#113642768>				<https://panlex.org/snapshot/panlex-20191001-csv/6898#113642648>		"Polonia"@qu	
"Orílɛ́ède Kóútè forà"@yo	<https://panlex.org/snapshot/panlex-20191001-csv/6898#113640367>				<https://panlex.org/snapshot/panlex-20191001-csv/6898#113640472>		"Côte d’Ivoire"@qu	
"Orílɛ́ède Bùùgáríà"@yo	<https://panlex.org/snapshot/panlex-20191001-csv/6898#113631165>				<https://panlex.org/snapshot/panlex-20191001-csv/6898#113631089>		"Bulgaria"@qu	
"Orílɛ́ède ÌlàOòrùn Tímɔ̀"@yo	<https://panlex.org/snapshot/panlex-20191001-csv/6898#113632523>				<https://panlex.org/snapshot/panlex-20191001-csv/6898#113632532>		"Timor-Leste"@qu	
"Orílɛ́ède Lɛshitɛnisiteni"@yo	<https://panlex.org/snapshot/panlex-20191001-csv/6898#113613033>				<https://panlex.org/snapshot/panlex-20191001-csv/6898#113613021>		"Liechtenstein"@qu	
"Orílẹ́ède Kuriṣisitani"@yo	<https://panlex.org/snapshot/panlex-20191001-csv/6898#113627359>				<https://panlex.org/snapshot/panlex-20191001-csv/6898#113627377>		"Kirguistán"@qu	
"Orílẹ́ède Ariwa Afirika"@yo	<https://panlex.org/snapshot/panlex-20191001-csv/6898#113613626>				<https://panlex.org/snapshot/panlex-20191001-csv/6898#113613609>		"Sudáfrica"@qu	
"Orílɛ́ède Hondurasi"@yo	<https://panlex.org/snapshot/panlex-20191001-csv/6898#113597020>				<https://panlex.org/snapshot/panlex-20191001-csv/6898#113596962>		"Honduras"@qu	
"Orílẹ́ède Geriisi"@yo	<https://panlex.org/snapshot/panlex-20191001-csv/6898#113630329>				<https://panlex.org/snapshot/panlex-20191001-csv/6898#113630371>		"Grecia"@qu	
"ọjọ"@yo	<https://panlex.org/snapshot/panlex-20191001-csv/611#25809491>				<https://panlex.org/snapshot/panlex-20191001-csv/611#25809476>		"pʼunchay"@qu	
"ọjọ"@yo	<https://panlex.org/snapshot/panlex-20191001-csv/611#25809372>				<https://panlex.org/snapshot/panlex-20191001-csv/611#25809357>		"pʼunchay"@qu	
"ọjọ"@yo	<https://panlex.org/snapshot/panlex-20191001-csv/611#25809431>				<https://panlex.org/snapshot/panlex-20191001-csv/611#25809416>		"pʼunchay"@qu	
"Osupa"@yo	<https://panlex.org/snapshot/panlex-20191001-csv/611#25802678>				<https://panlex.org/snapshot/panlex-20191001-csv/611#25802646>		"Killa"@qu	
"ọdun"@yo	<https://panlex.org/snapshot/panlex-20191001-csv/611#25800156>				<https://panlex.org/snapshot/panlex-20191001-csv/611#25800135>		"wata"@qu	
"Oòrùn"@yo	<https://panlex.org/snapshot/panlex-20191001-csv/611#25809009>				<https://panlex.org/snapshot/panlex-20191001-csv/611#25808987>		"Inti"@qu	
"Ede Latini"@yo	<https://panlex.org/snapshot/panlex-20191001-csv/405#13627546>				<https://panlex.org/snapshot/panlex-20191001-csv/405#13627519>		"Latin simi"@qu	
"Èdè Gẹ̀ẹ́sì"@yo	<https://panlex.org/snapshot/panlex-20191001-csv/405#13623698>				<https://panlex.org/snapshot/panlex-20191001-csv/405#13623662>		"Inlish simi"@qu	
"Ede Greeki"@yo	<https://panlex.org/snapshot/panlex-20191001-csv/405#13624963>				<https://panlex.org/snapshot/panlex-20191001-csv/405#13624942>		"Grigu simi"@qu	
"ó"@yo	<https://panlex.org/snapshot/panlex-20191001-csv/9#473915>				<https://panlex.org/snapshot/panlex-20191001-csv/9#473890>		"pay"@qu	
"ọgóta"@yo	<https://panlex.org/snapshot/panlex-20191001-csv/12#845886>				<https://panlex.org/snapshot/panlex-20191001-csv/12#845863>		"suqta chunka"@qu	
"omi"@yo	<https://panlex.org/snapshot/panlex-20191001-csv/12#851259>				<https://panlex.org/snapshot/panlex-20191001-csv/12#851121>		"unu"@qu	
"omi"@yo	<https://panlex.org/snapshot/panlex-20191001-csv/12#851259>				<https://panlex.org/snapshot/panlex-20191001-csv/12#851122>		"yaku"@qu	
"ìwé ìko̩ni nípa àgbáyé"@yo	<https://panlex.org/snapshot/panlex-20191001-csv/2904#111022637>				<https://panlex.org/snapshot/panlex-20191001-csv/2904#111022652>		"pachajt’ikunaku"@qu	
"è̩kó̩ mímò̩ èdè"@yo	<https://panlex.org/snapshot/panlex-20191001-csv/2904#111023279>				<https://panlex.org/snapshot/panlex-20191001-csv/2904#111023276>		"simi yachaq"@qu	
"ìs̩irò"@yo	<https://panlex.org/snapshot/panlex-20191001-csv/2904#111023373>				<https://panlex.org/snapshot/panlex-20191001-csv/2904#111023413>		"juchhawa yupana"@qu	
"irú é̩ko̩ kan"@yo	<https://panlex.org/snapshot/panlex-20191001-csv/2904#111022503>				<https://panlex.org/snapshot/panlex-20191001-csv/2904#111022446>		"chaqllisinchi"@qu	
"egbògi"@yo	<https://panlex.org/snapshot/panlex-20191001-csv/2904#111023572>				<https://panlex.org/snapshot/panlex-20191001-csv/2904#111023625>		"hampi yachay"@qu	
"è̩kó̩ nípa é̩dá bàyó̩ló̩jì"@yo	<https://panlex.org/snapshot/panlex-20191001-csv/2904#111022342>				<https://panlex.org/snapshot/panlex-20191001-csv/2904#111022295>		"kawsay yachay"@qu	
"yunifásítì"@yo	<https://panlex.org/snapshot/panlex-20191001-csv/2904#111024455>				<https://panlex.org/snapshot/panlex-20191001-csv/2904#111024540>		"yachay suntur"@qu	
"íwé ìtàn"@yo	<https://panlex.org/snapshot/panlex-20191001-csv/2904#111022962>				<https://panlex.org/snapshot/panlex-20191001-csv/2904#111022947>		"runakhipu"@qu	
"è̩kó̩ ìmò̩"@yo	<https://panlex.org/snapshot/panlex-20191001-csv/2904#111023873>				<https://panlex.org/snapshot/panlex-20191001-csv/2904#111023784>		"yachay wayllukuy"@qu	
"aworan ilé̩ kíkó̩"@yo	<https://panlex.org/snapshot/panlex-20191001-csv/2904#111021855>				<https://panlex.org/snapshot/panlex-20191001-csv/2904#111021702>		"arkhitiktura"@qu	
"aworan ilé̩ kíkó̩"@yo	<https://panlex.org/snapshot/panlex-20191001-csv/2904#111021855>				<https://panlex.org/snapshot/panlex-20191001-csv/2904#111021858>		"sumaq wasichay kamay"@qu	
"agbára"@yo	<https://panlex.org/snapshot/panlex-20191001-csv/2904#111023987>				<https://panlex.org/snapshot/panlex-20191001-csv/2904#111024008>		"pachaykamay"@qu	
"agbára"@yo	<https://panlex.org/snapshot/panlex-20191001-csv/2904#111023987>				<https://panlex.org/snapshot/panlex-20191001-csv/2904#111024046>		"phisika"@qu	
"é̩ko̩ nípa àwěn ìràwó̩ìmo̩ ìràwó̩"@yo	<https://panlex.org/snapshot/panlex-20191001-csv/2904#111022040>				<https://panlex.org/snapshot/panlex-20191001-csv/2904#111022060>		"quyllur yachay"@qu	
"sáyé̩nsì"@yo	<https://panlex.org/snapshot/panlex-20191001-csv/2904#111024290>				<https://panlex.org/snapshot/panlex-20191001-csv/2904#111024229>		"sumaj yachaqay"@qu	
"alaáfía"@yo	<https://panlex.org/snapshot/panlex-20191001-csv/2902#111012037>				<https://panlex.org/snapshot/panlex-20191001-csv/2902#111011978>		"qasikay"@qu	
"Òkun Me̩ditéránì"@yo	<https://panlex.org/snapshot/panlex-20191001-csv/2905#110870371>				<https://panlex.org/snapshot/panlex-20191001-csv/2905#110870442>		"Allpapura hatun qucha"@qu	
"Òkun Dúdú"@yo	<https://panlex.org/snapshot/panlex-20191001-csv/2905#110869168>				<https://panlex.org/snapshot/panlex-20191001-csv/2905#110869090>		"Yana hatun qucha"@qu	
"Júpítà"@yo	<https://panlex.org/snapshot/panlex-20191001-csv/2907#110846523>				<https://panlex.org/snapshot/panlex-20191001-csv/2907#110846396>		"Pirwa"@qu	
"Ò̩nà ètò tòòrùn"@yo	<https://panlex.org/snapshot/panlex-20191001-csv/2907#110848193>				<https://panlex.org/snapshot/panlex-20191001-csv/2907#110848219>		"Inti Llika"@qu	
"Òs̩ùpá"@yo	<https://panlex.org/snapshot/panlex-20191001-csv/2907#110845720>				<https://panlex.org/snapshot/panlex-20191001-csv/2907#110845845>		"Killa"@qu	
"Sátó̩ó̩nù"@yo	<https://panlex.org/snapshot/panlex-20191001-csv/2907#110846564>				<https://panlex.org/snapshot/panlex-20191001-csv/2907#110846703>		"Hawcha"@qu	
"Òòrùn"@yo	<https://panlex.org/snapshot/panlex-20191001-csv/2907#110845056>				<https://panlex.org/snapshot/panlex-20191001-csv/2907#110844894>		"Inti"@qu	
"Úránó̩ó̩sì"@yo	<https://panlex.org/snapshot/panlex-20191001-csv/2907#110846974>				<https://panlex.org/snapshot/panlex-20191001-csv/2907#110846803>		"Uranu"@qu	
"Pluto"@yo	<https://panlex.org/snapshot/panlex-20191001-csv/2907#110847194>				<https://panlex.org/snapshot/panlex-20191001-csv/2907#110847330>		"Plutun"@qu	
"Àgùàlà"@yo	<https://panlex.org/snapshot/panlex-20191001-csv/2907#110845462>				<https://panlex.org/snapshot/panlex-20191001-csv/2907#110845478>		"Ch’aska"@qu	
"Mársì"@yo	<https://panlex.org/snapshot/panlex-20191001-csv/2907#110846056>				<https://panlex.org/snapshot/panlex-20191001-csv/2907#110846092>		"Awqakuq"@qu	
"Nẹ́ptúùnù"@yo	<https://panlex.org/snapshot/panlex-20191001-csv/2907#110847027>				<https://panlex.org/snapshot/panlex-20191001-csv/2907#110847001>		"Niptun"@qu	
"Ilè̩-ayé"@yo	<https://panlex.org/snapshot/panlex-20191001-csv/2907#110845630>				<https://panlex.org/snapshot/panlex-20191001-csv/2907#110845705>		"Tiksi muyu"@qu	
"Mé̩kíúrì"@yo	<https://panlex.org/snapshot/panlex-20191001-csv/2907#110845092>				<https://panlex.org/snapshot/panlex-20191001-csv/2907#110845106>		"Qatuylla"@qu	
"Òkun Atlantiki"@yo	<https://panlex.org/snapshot/panlex-20191001-csv/2901#110867403>				<https://panlex.org/snapshot/panlex-20191001-csv/2901#110867568>		"Atlantiku mama qucha"@qu	
"Òkun Árktìkì"@yo	<https://panlex.org/snapshot/panlex-20191001-csv/2901#110867257>				<https://panlex.org/snapshot/panlex-20191001-csv/2901#110867362>		"Artiku mama qucha"@qu	
"Òkun Alafia"@yo	<https://panlex.org/snapshot/panlex-20191001-csv/2901#110867985>				<https://panlex.org/snapshot/panlex-20191001-csv/2901#110868009>		"Pasiphiku mama qucha"@qu	
"Òkun Apa-Ariwa"@yo	<https://panlex.org/snapshot/panlex-20191001-csv/2901#110868387>				<https://panlex.org/snapshot/panlex-20191001-csv/2901#110868229>		"Antartiku mama qucha"@qu	
"Òkun India"@yo	<https://panlex.org/snapshot/panlex-20191001-csv/2901#110867818>				<https://panlex.org/snapshot/panlex-20191001-csv/2901#110867800>		"Indiku mama qucha"@qu	
"ó"@yo	<https://panlex.org/snapshot/panlex-20191001-csv/8#179875>				<https://panlex.org/snapshot/panlex-20191001-csv/8#179848>		"pay"@qu	
"ó"@yo	<https://panlex.org/snapshot/panlex-20191001-csv/8#179947>				<https://panlex.org/snapshot/panlex-20191001-csv/8#179925>		"pay"@qu	
"ó"@yo	<https://panlex.org/snapshot/panlex-20191001-csv/8#180078>				<https://panlex.org/snapshot/panlex-20191001-csv/8#180067>		"pay"@qu	
"ọgóta"@yo	<https://panlex.org/snapshot/panlex-20191001-csv/10#592246>				<https://panlex.org/snapshot/panlex-20191001-csv/10#592223>		"suqta chunka"@qu	
"Orílẹ̀-Èdè Amẹ́ríkà"@yo	<https://panlex.org/snapshot/panlex-20191001-csv/10#581488>				<https://panlex.org/snapshot/panlex-20191001-csv/10#581456>		"Hukllachisqa Amirika Suyukuna"@qu	
"Ilẹ̀-ayé"@yo	<https://panlex.org/snapshot/panlex-20191001-csv/10#581070>				<https://panlex.org/snapshot/panlex-20191001-csv/10#581043>		"Tiksi muyu"@qu	
"ènìyàn"@yo	<https://panlex.org/snapshot/panlex-20191001-csv/15#962205>				<https://panlex.org/snapshot/panlex-20191001-csv/15#962195>		"runa"@qu	
"Àkójo̩e̩gbé̩ Ìs̩ò̩kan àwo̩n Orílè̩-èdè"@yo	<https://panlex.org/snapshot/panlex-20191001-csv/2894#111102108>				<https://panlex.org/snapshot/panlex-20191001-csv/2894#111101898>		"HN"@qu	
"Àkójo̩e̩gbé̩ Ìs̩ò̩kan àwo̩n Orílè̩-èdè"@yo	<https://panlex.org/snapshot/panlex-20191001-csv/2894#111102108>				<https://panlex.org/snapshot/panlex-20191001-csv/2894#111101917>		"Huñusqa Nasyunkuna"@qu	
"o̩jó̩ Wesidé"@yo	<https://panlex.org/snapshot/panlex-20191001-csv/2892#110825256>				<https://panlex.org/snapshot/panlex-20191001-csv/2892#110825183>		"quyllurchaw"@qu	
"Àlàmísì"@yo	<https://panlex.org/snapshot/panlex-20191001-csv/2892#110825607>				<https://panlex.org/snapshot/panlex-20191001-csv/2892#110825351>		"illapachaw"@qu	
"o̩jó̩ kini o̩sè̩"@yo	<https://panlex.org/snapshot/panlex-20191001-csv/2892#110826947>				<https://panlex.org/snapshot/panlex-20191001-csv/2892#110826822>		"intichaw"@qu	
"o̩jó̩ Jimõ̩"@yo	<https://panlex.org/snapshot/panlex-20191001-csv/2892#110825945>				<https://panlex.org/snapshot/panlex-20191001-csv/2892#110825879>		"ch’askachaw"@qu	
"o̩jó̩ ’Bo̩̩"@yo	<https://panlex.org/snapshot/panlex-20191001-csv/2892#110825529>				<https://panlex.org/snapshot/panlex-20191001-csv/2892#110825351>		"illapachaw"@qu	
"o̩jó̩ Mo̩ndé"@yo	<https://panlex.org/snapshot/panlex-20191001-csv/2892#110824027>				<https://panlex.org/snapshot/panlex-20191001-csv/2892#110824326>		"killachaw"@qu	
"Jimõ̩"@yo	<https://panlex.org/snapshot/panlex-20191001-csv/2892#110825756>				<https://panlex.org/snapshot/panlex-20191001-csv/2892#110825879>		"ch’askachaw"@qu	
"o̩jó̩ Is̩è̩gun"@yo	<https://panlex.org/snapshot/panlex-20191001-csv/2892#110824452>				<https://panlex.org/snapshot/panlex-20191001-csv/2892#110824462>		"atipachaw"@qu	
"o̩jó̩ keje o̩sè̩"@yo	<https://panlex.org/snapshot/panlex-20191001-csv/2892#110826244>				<https://panlex.org/snapshot/panlex-20191001-csv/2892#110826437>		"k’uychichaw"@qu	
"o̩jó̩ Abame̩ta"@yo	<https://panlex.org/snapshot/panlex-20191001-csv/2892#110826309>				<https://panlex.org/snapshot/panlex-20191001-csv/2892#110826437>		"k’uychichaw"@qu	
"o̩jó̩ Àikú"@yo	<https://panlex.org/snapshot/panlex-20191001-csv/2892#110826587>				<https://panlex.org/snapshot/panlex-20191001-csv/2892#110826822>		"intichaw"@qu	
"Tusidé"@yo	<https://panlex.org/snapshot/panlex-20191001-csv/2892#110824573>				<https://panlex.org/snapshot/panlex-20191001-csv/2892#110824462>		"atipachaw"@qu	
"o̩jó̩ ke̩rin o̩sè̩"@yo	<https://panlex.org/snapshot/panlex-20191001-csv/2892#110825244>				<https://panlex.org/snapshot/panlex-20191001-csv/2892#110825183>		"quyllurchaw"@qu	
"o̩jó̩ kãrun o̩sè̩"@yo	<https://panlex.org/snapshot/panlex-20191001-csv/2892#110825573>				<https://panlex.org/snapshot/panlex-20191001-csv/2892#110825351>		"illapachaw"@qu	
"o̩jó̩ Ajé"@yo	<https://panlex.org/snapshot/panlex-20191001-csv/2892#110824386>				<https://panlex.org/snapshot/panlex-20191001-csv/2892#110824326>		"killachaw"@qu	
"o̩jó̩ o̩sè̩"@yo	<https://panlex.org/snapshot/panlex-20191001-csv/2892#110826806>				<https://panlex.org/snapshot/panlex-20191001-csv/2892#110826822>		"intichaw"@qu	
"o̩jó̩ E̩ti"@yo	<https://panlex.org/snapshot/panlex-20191001-csv/2892#110825748>				<https://panlex.org/snapshot/panlex-20191001-csv/2892#110825879>		"ch’askachaw"@qu	
"o̩jó̩ Àlàmísì"@yo	<https://panlex.org/snapshot/panlex-20191001-csv/2892#110825672>				<https://panlex.org/snapshot/panlex-20191001-csv/2892#110825351>		"illapachaw"@qu	
"o̩jó̩ ’Ru"@yo	<https://panlex.org/snapshot/panlex-20191001-csv/2892#110824881>				<https://panlex.org/snapshot/panlex-20191001-csv/2892#110825183>		"quyllurchaw"@qu	
"o̩jó̩ Satidé"@yo	<https://panlex.org/snapshot/panlex-20191001-csv/2892#110826278>				<https://panlex.org/snapshot/panlex-20191001-csv/2892#110826437>		"k’uychichaw"@qu	
"Mo̩ndé"@yo	<https://panlex.org/snapshot/panlex-20191001-csv/2892#110824104>				<https://panlex.org/snapshot/panlex-20191001-csv/2892#110824326>		"killachaw"@qu	
"o̩jó̩ ke̩fà o̩sè̩"@yo	<https://panlex.org/snapshot/panlex-20191001-csv/2892#110826126>				<https://panlex.org/snapshot/panlex-20191001-csv/2892#110825879>		"ch’askachaw"@qu	
"o̩jó̩ ke̩ta o̩sè̩"@yo	<https://panlex.org/snapshot/panlex-20191001-csv/2892#110824518>				<https://panlex.org/snapshot/panlex-20191001-csv/2892#110824462>		"atipachaw"@qu	
"So̩ndé"@yo	<https://panlex.org/snapshot/panlex-20191001-csv/2892#110826976>				<https://panlex.org/snapshot/panlex-20191001-csv/2892#110826822>		"intichaw"@qu	
"Satidé"@yo	<https://panlex.org/snapshot/panlex-20191001-csv/2892#110826421>				<https://panlex.org/snapshot/panlex-20191001-csv/2892#110826437>		"k’uychichaw"@qu	
"Wesidé"@yo	<https://panlex.org/snapshot/panlex-20191001-csv/2892#110825234>				<https://panlex.org/snapshot/panlex-20191001-csv/2892#110825183>		"quyllurchaw"@qu	
"o̩jó̩ keji o̩sè̩"@yo	<https://panlex.org/snapshot/panlex-20191001-csv/2892#110824318>				<https://panlex.org/snapshot/panlex-20191001-csv/2892#110824326>		"killachaw"@qu	
"o̩jó̩ Tusidé"@yo	<https://panlex.org/snapshot/panlex-20191001-csv/2892#110824740>				<https://panlex.org/snapshot/panlex-20191001-csv/2892#110824462>		"atipachaw"@qu	
"o̩jó̩ So̩ndé"@yo	<https://panlex.org/snapshot/panlex-20191001-csv/2892#110826852>				<https://panlex.org/snapshot/panlex-20191001-csv/2892#110826822>		"intichaw"@qu	
"ke̩jo̩"@yo	<https://panlex.org/snapshot/panlex-20191001-csv/2897#110830305>				<https://panlex.org/snapshot/panlex-20191001-csv/2897#110829937>		"Chakra yapuy killa"@qu	
"ke̩jo̩"@yo	<https://panlex.org/snapshot/panlex-20191001-csv/2897#110830305>				<https://panlex.org/snapshot/panlex-20191001-csv/2897#110830183>		"Awustu"@qu	
"ke̩jo̩"@yo	<https://panlex.org/snapshot/panlex-20191001-csv/2897#110830305>				<https://panlex.org/snapshot/panlex-20191001-csv/2897#110830005>		"Qhapaq situwa killa"@qu	
"ke̩rin"@yo	<https://panlex.org/snapshot/panlex-20191001-csv/2897#110828336>				<https://panlex.org/snapshot/panlex-20191001-csv/2897#110828412>		"Awril"@qu	
"ke̩rin"@yo	<https://panlex.org/snapshot/panlex-20191001-csv/2897#110828336>				<https://panlex.org/snapshot/panlex-20191001-csv/2897#110828594>		"Ayriway killa"@qu	
"kè̩wá"@yo	<https://panlex.org/snapshot/panlex-20191001-csv/2897#110830880>				<https://panlex.org/snapshot/panlex-20191001-csv/2897#110830809>		"Uktuwri"@qu	
"kè̩wá"@yo	<https://panlex.org/snapshot/panlex-20191001-csv/2897#110830880>				<https://panlex.org/snapshot/panlex-20191001-csv/2897#110830924>		"Kantaray killa"@qu	
"kejìlá"@yo	<https://panlex.org/snapshot/panlex-20191001-csv/2897#110831575>				<https://panlex.org/snapshot/panlex-20191001-csv/2897#110831651>		"Disimri"@qu	
"kejìlá"@yo	<https://panlex.org/snapshot/panlex-20191001-csv/2897#110831575>				<https://panlex.org/snapshot/panlex-20191001-csv/2897#110831705>		"Qhapaq raymi killa"@qu	
"keje"@yo	<https://panlex.org/snapshot/panlex-20191001-csv/2897#110829814>				<https://panlex.org/snapshot/panlex-20191001-csv/2897#110829558>		"Hulyu"@qu	
"keje"@yo	<https://panlex.org/snapshot/panlex-20191001-csv/2897#110829814>				<https://panlex.org/snapshot/panlex-20191001-csv/2897#110829535>		"Anta situwa killa"@qu	
"kejì"@yo	<https://panlex.org/snapshot/panlex-20191001-csv/2897#110827753>				<https://panlex.org/snapshot/panlex-20191001-csv/2897#110827647>		"Phiwriru"@qu	
"kejì"@yo	<https://panlex.org/snapshot/panlex-20191001-csv/2897#110827753>				<https://panlex.org/snapshot/panlex-20191001-csv/2897#110827624>		"Hatun puquy killa"@qu	
"kínní"@yo	<https://panlex.org/snapshot/panlex-20191001-csv/2897#110827160>				<https://panlex.org/snapshot/panlex-20191001-csv/2897#110827162>		"Iniru"@qu	
"kínní"@yo	<https://panlex.org/snapshot/panlex-20191001-csv/2897#110827160>				<https://panlex.org/snapshot/panlex-20191001-csv/2897#110827418>		"Qhulla puquy killa"@qu	
"kè̩sán"@yo	<https://panlex.org/snapshot/panlex-20191001-csv/2897#110830328>				<https://panlex.org/snapshot/panlex-20191001-csv/2897#110830353>		"Tarpuy killa"@qu	
"kè̩sán"@yo	<https://panlex.org/snapshot/panlex-20191001-csv/2897#110830328>				<https://panlex.org/snapshot/panlex-20191001-csv/2897#110830470>		"Sitimri"@qu	
"kè̩sán"@yo	<https://panlex.org/snapshot/panlex-20191001-csv/2897#110830328>				<https://panlex.org/snapshot/panlex-20191001-csv/2897#110830407>		"Quya raymi killa"@qu	
"kè̩sán"@yo	<https://panlex.org/snapshot/panlex-20191001-csv/2897#110830328>				<https://panlex.org/snapshot/panlex-20191001-csv/2897#110830598>		"Uma raymi killa"@qu	
"ke̩fà"@yo	<https://panlex.org/snapshot/panlex-20191001-csv/2897#110829359>				<https://panlex.org/snapshot/panlex-20191001-csv/2897#110829360>		"Inti raymi killa"@qu	
"ke̩fà"@yo	<https://panlex.org/snapshot/panlex-20191001-csv/2897#110829359>				<https://panlex.org/snapshot/panlex-20191001-csv/2897#110829151>		"Hunyu"@qu	
"ko̩kànlá"@yo	<https://panlex.org/snapshot/panlex-20191001-csv/2897#110831166>				<https://panlex.org/snapshot/panlex-20191001-csv/2897#110831238>		"Nuwimri"@qu	
"ko̩kànlá"@yo	<https://panlex.org/snapshot/panlex-20191001-csv/2897#110831166>				<https://panlex.org/snapshot/panlex-20191001-csv/2897#110831180>		"Ayamarq’a killa"@qu	
"kàrún"@yo	<https://panlex.org/snapshot/panlex-20191001-csv/2897#110828890>				<https://panlex.org/snapshot/panlex-20191001-csv/2897#110828884>		"Aymuray killa"@qu	
"kàrún"@yo	<https://panlex.org/snapshot/panlex-20191001-csv/2897#110828890>				<https://panlex.org/snapshot/panlex-20191001-csv/2897#110828946>		"Mayukilla"@qu	
"ke̩ta"@yo	<https://panlex.org/snapshot/panlex-20191001-csv/2897#110828239>				<https://panlex.org/snapshot/panlex-20191001-csv/2897#110827878>		"Pawqar waray killa"@qu	
"ke̩ta"@yo	<https://panlex.org/snapshot/panlex-20191001-csv/2897#110828239>				<https://panlex.org/snapshot/panlex-20191001-csv/2897#110828197>		"Marsu"@qu	
"Yúróòpù"@yo	<https://panlex.org/snapshot/panlex-20191001-csv/2891#110854191>				<https://panlex.org/snapshot/panlex-20191001-csv/2891#110854176>		"Iwrupa"@qu	
