"Haggai"@yo	<https://panlex.org/snapshot/panlex-20191001-csv/6718#111123220>				<https://panlex.org/snapshot/panlex-20191001-csv/6718#111123221>		"Haggai"@sv	
"Rutu"@yo	<https://panlex.org/snapshot/panlex-20191001-csv/6718#111121222>				<https://panlex.org/snapshot/panlex-20191001-csv/6718#111121278>		"Rut"@sv	
"Joeli"@yo	<https://panlex.org/snapshot/panlex-20191001-csv/6718#111122262>				<https://panlex.org/snapshot/panlex-20191001-csv/6718#111122203>		"Joel"@sv	
"Numeri"@yo	<https://panlex.org/snapshot/panlex-20191001-csv/6718#111119515>				<https://panlex.org/snapshot/panlex-20191001-csv/6718#111119604>		"Fjärde Moseboken"@sv	
"Isaiah"@yo	<https://panlex.org/snapshot/panlex-20191001-csv/6718#111120281>				<https://panlex.org/snapshot/panlex-20191001-csv/6718#111120278>		"Jesaja"@sv	
"Samue̩li"@yo	<https://panlex.org/snapshot/panlex-20191001-csv/6718#111120108>				<https://panlex.org/snapshot/panlex-20191001-csv/6718#111119998>		"Samuel"@sv	
"Aláso̩té̩lè̩ Méjìlá"@yo	<https://panlex.org/snapshot/panlex-20191001-csv/6718#111120621>				<https://panlex.org/snapshot/panlex-20191001-csv/6718#111120697>		"De tolv profeterna"@sv	
"Eksodu"@yo	<https://panlex.org/snapshot/panlex-20191001-csv/6718#111119330>				<https://panlex.org/snapshot/panlex-20191001-csv/6718#111119308>		"Andra Moseboken"@sv	
"Àwo̩n Oniwasu"@yo	<https://panlex.org/snapshot/panlex-20191001-csv/6718#111121457>				<https://panlex.org/snapshot/panlex-20191001-csv/6718#111121540>		"Predikaren"@sv	
"Psalmu"@yo	<https://panlex.org/snapshot/panlex-20191001-csv/6718#111120721>				<https://panlex.org/snapshot/panlex-20191001-csv/6718#111120819>		"Psaltaren"@sv	
"Orin Solomoni"@yo	<https://panlex.org/snapshot/panlex-20191001-csv/6718#111121097>				<https://panlex.org/snapshot/panlex-20191001-csv/6718#111121115>		"Höga Visan"@sv	
"Lefitiku"@yo	<https://panlex.org/snapshot/panlex-20191001-csv/6718#111119472>				<https://panlex.org/snapshot/panlex-20191001-csv/6718#111119492>		"Tredje Moseboken"@sv	
"Malaki"@yo	<https://panlex.org/snapshot/panlex-20191001-csv/6718#111123429>				<https://panlex.org/snapshot/panlex-20191001-csv/6718#111123491>		"Malaki"@sv	
"Obadiah"@yo	<https://panlex.org/snapshot/panlex-20191001-csv/6718#111122433>				<https://panlex.org/snapshot/panlex-20191001-csv/6718#111122447>		"Obadja"@sv	
"Habakkuku"@yo	<https://panlex.org/snapshot/panlex-20191001-csv/6718#111122962>				<https://panlex.org/snapshot/panlex-20191001-csv/6718#111122981>		"Habackuk"@sv	
"Hosea"@yo	<https://panlex.org/snapshot/panlex-20191001-csv/6718#111122142>				<https://panlex.org/snapshot/panlex-20191001-csv/6718#111122183>		"Hosea"@sv	
"Nahumu"@yo	<https://panlex.org/snapshot/panlex-20191001-csv/6718#111122808>				<https://panlex.org/snapshot/panlex-20191001-csv/6718#111122819>		"Nahum"@sv	
"Jeremiah"@yo	<https://panlex.org/snapshot/panlex-20191001-csv/6718#111120450>				<https://panlex.org/snapshot/panlex-20191001-csv/6718#111120360>		"Jeremia"@sv	
"E̩kún Jeremiah"@yo	<https://panlex.org/snapshot/panlex-20191001-csv/6718#111121437>				<https://panlex.org/snapshot/panlex-20191001-csv/6718#111121404>		"Klagovisorna"@sv	
"Sekariah"@yo	<https://panlex.org/snapshot/panlex-20191001-csv/6718#111123375>				<https://panlex.org/snapshot/panlex-20191001-csv/6718#111123320>		"Sakarja"@sv	
"Àwo̩n Onídàjó̩"@yo	<https://panlex.org/snapshot/panlex-20191001-csv/6718#111119955>				<https://panlex.org/snapshot/panlex-20191001-csv/6718#111119949>		"Domarboken"@sv	
"Amosi"@yo	<https://panlex.org/snapshot/panlex-20191001-csv/6718#111122358>				<https://panlex.org/snapshot/panlex-20191001-csv/6718#111122324>		"Amos"@sv	
"Deuteronomi"@yo	<https://panlex.org/snapshot/panlex-20191001-csv/6718#111119696>				<https://panlex.org/snapshot/panlex-20191001-csv/6718#111119732>		"Femte Moseboken"@sv	
"Danieli"@yo	<https://panlex.org/snapshot/panlex-20191001-csv/6718#111121807>				<https://panlex.org/snapshot/panlex-20191001-csv/6718#111121746>		"Daniel"@sv	
"Àwo̩n O̩ba"@yo	<https://panlex.org/snapshot/panlex-20191001-csv/6718#111120133>				<https://panlex.org/snapshot/panlex-20191001-csv/6718#111120161>		"Kungaboken"@sv	
"Jona"@yo	<https://panlex.org/snapshot/panlex-20191001-csv/6718#111122582>				<https://panlex.org/snapshot/panlex-20191001-csv/6718#111122646>		"Jona"@sv	
"E̩steri"@yo	<https://panlex.org/snapshot/panlex-20191001-csv/6718#111121659>				<https://panlex.org/snapshot/panlex-20191001-csv/6718#111121618>		"Ester"@sv	
"Esekieli"@yo	<https://panlex.org/snapshot/panlex-20191001-csv/6718#111120563>				<https://panlex.org/snapshot/panlex-20191001-csv/6718#111120538>		"Hesekiel"@sv	
"Kronika"@yo	<https://panlex.org/snapshot/panlex-20191001-csv/6718#111122009>				<https://panlex.org/snapshot/panlex-20191001-csv/6718#111121997>		"Krönikeboken"@sv	
"Joobu"@yo	<https://panlex.org/snapshot/panlex-20191001-csv/6718#111120997>				<https://panlex.org/snapshot/panlex-20191001-csv/6718#111121002>		"Job"@sv	
"E̩sra – Nehemiah"@yo	<https://panlex.org/snapshot/panlex-20191001-csv/6718#111121834>				<https://panlex.org/snapshot/panlex-20191001-csv/6718#111121917>		"Esra – Nehemja"@sv	
"Jos̩ua"@yo	<https://panlex.org/snapshot/panlex-20191001-csv/6718#111119831>				<https://panlex.org/snapshot/panlex-20191001-csv/6718#111119864>		"Josua"@sv	
"Òwe"@yo	<https://panlex.org/snapshot/panlex-20191001-csv/6718#111120841>				<https://panlex.org/snapshot/panlex-20191001-csv/6718#111120921>		"Ordspråksboken"@sv	
"Mika"@yo	<https://panlex.org/snapshot/panlex-20191001-csv/6718#111122678>				<https://panlex.org/snapshot/panlex-20191001-csv/6718#111122677>		"Mika"@sv	
"Sefaniah"@yo	<https://panlex.org/snapshot/panlex-20191001-csv/6718#111123080>				<https://panlex.org/snapshot/panlex-20191001-csv/6718#111123077>		"Sefanja"@sv	
"Genesisi"@yo	<https://panlex.org/snapshot/panlex-20191001-csv/6718#111119145>				<https://panlex.org/snapshot/panlex-20191001-csv/6718#111119213>		"Första Moseboken"@sv	
"Ìjo̩ Katholiki Romu"@yo	<https://panlex.org/snapshot/panlex-20191001-csv/6717#111107620>				<https://panlex.org/snapshot/panlex-20191001-csv/6717#111107638>		"Romersk-katolska kyrkan"@sv	
"Ogun Àgbáyé Kìíní"@yo	<https://panlex.org/snapshot/panlex-20191001-csv/6709#111077307>				<https://panlex.org/snapshot/panlex-20191001-csv/6709#111077471>		"Första världskriget"@sv	
"Ogun Àgbáyé Kejì"@yo	<https://panlex.org/snapshot/panlex-20191001-csv/6709#111077541>				<https://panlex.org/snapshot/panlex-20191001-csv/6709#111077667>		"Andra världskriget"@sv	
"Ife-è̩ye̩ Àgbáyé Bó̩ò̩lù-e̩lé̩sè̩"@yo	<https://panlex.org/snapshot/panlex-20191001-csv/6715#111107259>				<https://panlex.org/snapshot/panlex-20191001-csv/6715#111107328>		"Världsmästerskapet i fotboll"@sv	
"Awo̩n ará Korinti (Kinni)"@yo	<https://panlex.org/snapshot/panlex-20191001-csv/6726#111131556>				<https://panlex.org/snapshot/panlex-20191001-csv/6726#111131436>		"Första Korinthierbrevet"@sv	
"Johanu"@yo	<https://panlex.org/snapshot/panlex-20191001-csv/6726#111131017>				<https://panlex.org/snapshot/panlex-20191001-csv/6726#111131048>		"Johannesevangeliet"@sv	
"Awo̩n iwe maje̩mu titun"@yo	<https://panlex.org/snapshot/panlex-20191001-csv/6726#111134918>				<https://panlex.org/snapshot/panlex-20191001-csv/6726#111134895>		"Nya Testamentet"@sv	
"Titu"@yo	<https://panlex.org/snapshot/panlex-20191001-csv/6726#111133225>				<https://panlex.org/snapshot/panlex-20191001-csv/6726#111133135>		"Titusbrevet"@sv	
"Awo̩n ará Tessalonika (Keji)"@yo	<https://panlex.org/snapshot/panlex-20191001-csv/6726#111132601>				<https://panlex.org/snapshot/panlex-20191001-csv/6726#111132694>		"Andra Thessalonikerbrevet"@sv	
"Juda"@yo	<https://panlex.org/snapshot/panlex-20191001-csv/6726#111134565>				<https://panlex.org/snapshot/panlex-20191001-csv/6726#111134559>		"Judas brev"@sv	
"Johanu (Keji)"@yo	<https://panlex.org/snapshot/panlex-20191001-csv/6726#111134296>				<https://panlex.org/snapshot/panlex-20191001-csv/6726#111134301>		"Andra Johannesbrevet"@sv	
"Jemisi"@yo	<https://panlex.org/snapshot/panlex-20191001-csv/6726#111133571>				<https://panlex.org/snapshot/panlex-20191001-csv/6726#111133658>		"Jakobs brev"@sv	
"Awo̩n ará Romu"@yo	<https://panlex.org/snapshot/panlex-20191001-csv/6726#111131419>				<https://panlex.org/snapshot/panlex-20191001-csv/6726#111131434>		"Romarbrevet"@sv	
"Marku"@yo	<https://panlex.org/snapshot/panlex-20191001-csv/6726#111130651>				<https://panlex.org/snapshot/panlex-20191001-csv/6726#111130626>		"Markusevangeliet"@sv	
"Matteu"@yo	<https://panlex.org/snapshot/panlex-20191001-csv/6726#111130471>				<https://panlex.org/snapshot/panlex-20191001-csv/6726#111130557>		"Matteusevangeliet"@sv	
"Timoteu (Kinni)"@yo	<https://panlex.org/snapshot/panlex-20191001-csv/6726#111132822>				<https://panlex.org/snapshot/panlex-20191001-csv/6726#111132912>		"Första Timoteusbrevet"@sv	
"Awo̩n ará Kolosse"@yo	<https://panlex.org/snapshot/panlex-20191001-csv/6726#111132272>				<https://panlex.org/snapshot/panlex-20191001-csv/6726#111132299>		"Kolosserbrevet"@sv	
"Awo̩n ará Tessalonika (Kinni)"@yo	<https://panlex.org/snapshot/panlex-20191001-csv/6726#111132473>				<https://panlex.org/snapshot/panlex-20191001-csv/6726#111132470>		"Första Thessalonikerbrevet"@sv	
"Ifihan"@yo	<https://panlex.org/snapshot/panlex-20191001-csv/6726#111134769>				<https://panlex.org/snapshot/panlex-20191001-csv/6726#111134746>		"Uppenbarelseboken"@sv	
"Peteru (Kinni)"@yo	<https://panlex.org/snapshot/panlex-20191001-csv/6726#111133856>				<https://panlex.org/snapshot/panlex-20191001-csv/6726#111133822>		"Första Petrusbrevet"@sv	
"Johanu (Ke̩ta)"@yo	<https://panlex.org/snapshot/panlex-20191001-csv/6726#111134454>				<https://panlex.org/snapshot/panlex-20191001-csv/6726#111134463>		"Tredje Johannesbrevet"@sv	
"Awo̩n ará Korinti (Keji)"@yo	<https://panlex.org/snapshot/panlex-20191001-csv/6726#111131646>				<https://panlex.org/snapshot/panlex-20191001-csv/6726#111131739>		"Andra Korinthierbrevet"@sv	
"Luku"@yo	<https://panlex.org/snapshot/panlex-20191001-csv/6726#111130911>				<https://panlex.org/snapshot/panlex-20191001-csv/6726#111130871>		"Lukasevangeliet"@sv	
"Filemo̩ni"@yo	<https://panlex.org/snapshot/panlex-20191001-csv/6726#111133345>				<https://panlex.org/snapshot/panlex-20191001-csv/6726#111133249>		"Brevet till Filemon"@sv	
"Peteru (Keji)"@yo	<https://panlex.org/snapshot/panlex-20191001-csv/6726#111133933>				<https://panlex.org/snapshot/panlex-20191001-csv/6726#111133928>		"Andra Petrusbrevet"@sv	
"Timoteu (Keji)"@yo	<https://panlex.org/snapshot/panlex-20191001-csv/6726#111132960>				<https://panlex.org/snapshot/panlex-20191001-csv/6726#111133043>		"Andra Timoteusbrevet"@sv	
"Awo̩n ará Efesu"@yo	<https://panlex.org/snapshot/panlex-20191001-csv/6726#111132076>				<https://panlex.org/snapshot/panlex-20191001-csv/6726#111132026>		"Efesierbrevet"@sv	
"Johanu (Kinni)"@yo	<https://panlex.org/snapshot/panlex-20191001-csv/6726#111134142>				<https://panlex.org/snapshot/panlex-20191001-csv/6726#111134126>		"Första Johannesbrevet"@sv	
"Awo̩n Heberu"@yo	<https://panlex.org/snapshot/panlex-20191001-csv/6726#111133423>				<https://panlex.org/snapshot/panlex-20191001-csv/6726#111133467>		"Hebreerbrevet"@sv	
"Ise Awo̩n Aposteli"@yo	<https://panlex.org/snapshot/panlex-20191001-csv/6726#111131178>				<https://panlex.org/snapshot/panlex-20191001-csv/6726#111131198>		"Apostlagärningarna"@sv	
"Awo̩n ará Galatia"@yo	<https://panlex.org/snapshot/panlex-20191001-csv/6726#111131787>				<https://panlex.org/snapshot/panlex-20191001-csv/6726#111131867>		"Galaterbrevet"@sv	
"Awo̩n ará Filippi"@yo	<https://panlex.org/snapshot/panlex-20191001-csv/6726#111132245>				<https://panlex.org/snapshot/panlex-20191001-csv/6726#111132095>		"Filipperbrevet"@sv	
"Orílẹ́ède Kamerúúnì"@yo	<https://panlex.org/snapshot/panlex-20191001-csv/6898#113638967>				<https://panlex.org/snapshot/panlex-20191001-csv/6898#113639005>		"Kamerun"@sv	
"Orílɛ́ède Kurishisitani"@yo	<https://panlex.org/snapshot/panlex-20191001-csv/6898#113627303>				<https://panlex.org/snapshot/panlex-20191001-csv/6898#113627259>		"Kirgizistan"@sv	
"Orílɛ́ède Panama"@yo	<https://panlex.org/snapshot/panlex-20191001-csv/6898#113605977>				<https://panlex.org/snapshot/panlex-20191001-csv/6898#113606068>		"Panama"@sv	
"Orílẹ́ède yemeni"@yo	<https://panlex.org/snapshot/panlex-20191001-csv/6898#113593556>				<https://panlex.org/snapshot/panlex-20191001-csv/6898#113593465>		"Jemen"@sv	
"Orílɛ́ède Maritiusi"@yo	<https://panlex.org/snapshot/panlex-20191001-csv/6898#113611383>				<https://panlex.org/snapshot/panlex-20191001-csv/6898#113611371>		"Mauritius"@sv	
"Orílẹ́ède Laosi"@yo	<https://panlex.org/snapshot/panlex-20191001-csv/6898#113619056>				<https://panlex.org/snapshot/panlex-20191001-csv/6898#113619006>		"Laos"@sv	
"Orílɛ́ède Kúbà"@yo	<https://panlex.org/snapshot/panlex-20191001-csv/6898#113618678>				<https://panlex.org/snapshot/panlex-20191001-csv/6898#113618528>		"Kuba"@sv	
"Orílɛ́ède Makoronesia"@yo	<https://panlex.org/snapshot/panlex-20191001-csv/6898#113597168>				<https://panlex.org/snapshot/panlex-20191001-csv/6898#113597264>		"Mikronesien"@sv	
"Orilɛ́ède Kóngò"@yo	<https://panlex.org/snapshot/panlex-20191001-csv/6898#113589496>				<https://panlex.org/snapshot/panlex-20191001-csv/6898#113589618>		"Kongo-Kinshasa"@sv	
"Orilɛ́ède Kóngò"@yo	<https://panlex.org/snapshot/panlex-20191001-csv/6898#113589496>				<https://panlex.org/snapshot/panlex-20191001-csv/6898#113589766>		"Demokratiska republiken Kongo"@sv	
"Orílɛ́ède Sɛnɛga"@yo	<https://panlex.org/snapshot/panlex-20191001-csv/6898#113591225>				<https://panlex.org/snapshot/panlex-20191001-csv/6898#113591154>		"Senegal"@sv	
"Orílẹ́ède Siria"@yo	<https://panlex.org/snapshot/panlex-20191001-csv/6898#113598706>				<https://panlex.org/snapshot/panlex-20191001-csv/6898#113598677>		"Syrien"@sv	
"Orílẹ́ède Tokelau"@yo	<https://panlex.org/snapshot/panlex-20191001-csv/6898#113615777>				<https://panlex.org/snapshot/panlex-20191001-csv/6898#113615798>		"Tokelau"@sv	
"Orílẹ́ède Tanṣania"@yo	<https://panlex.org/snapshot/panlex-20191001-csv/6898#113627756>				<https://panlex.org/snapshot/panlex-20191001-csv/6898#113627842>		"Tanzania"@sv	
"Orílẹ́ède Singapo"@yo	<https://panlex.org/snapshot/panlex-20191001-csv/6898#113604939>				<https://panlex.org/snapshot/panlex-20191001-csv/6898#113604869>		"Singapore"@sv	
"Orílẹ́ède Pọto Riko"@yo	<https://panlex.org/snapshot/panlex-20191001-csv/6898#113612389>				<https://panlex.org/snapshot/panlex-20191001-csv/6898#113612444>		"Puerto Rico"@sv	
"Orílẹ́ède Madasika"@yo	<https://panlex.org/snapshot/panlex-20191001-csv/6898#113589913>				<https://panlex.org/snapshot/panlex-20191001-csv/6898#113590031>		"Madagaskar"@sv	
"Orílẹ́ède Fẹnẹṣuẹla"@yo	<https://panlex.org/snapshot/panlex-20191001-csv/6898#113597597>				<https://panlex.org/snapshot/panlex-20191001-csv/6898#113597534>		"Venezuela"@sv	
"Orílẹ́ède Etíkun Fágínì ti ìlú Bírítísì"@yo	<https://panlex.org/snapshot/panlex-20191001-csv/6898#113590492>				<https://panlex.org/snapshot/panlex-20191001-csv/6898#113590518>		"Brittiska Jungfruöarna"@sv	
"Orílẹ́ède Pikarini"@yo	<https://panlex.org/snapshot/panlex-20191001-csv/6898#113602846>				<https://panlex.org/snapshot/panlex-20191001-csv/6898#113602895>		"Pitcairnöarna"@sv	
"Orílɛ́ède Filandi"@yo	<https://panlex.org/snapshot/panlex-20191001-csv/6898#113641613>				<https://panlex.org/snapshot/panlex-20191001-csv/6898#113641508>		"Finland"@sv	
"Orílẹ́ède Paraguye"@yo	<https://panlex.org/snapshot/panlex-20191001-csv/6898#113623912>				<https://panlex.org/snapshot/panlex-20191001-csv/6898#113623788>		"Paraguay"@sv	
"Orílẹ́ède Àlùgèríánì"@yo	<https://panlex.org/snapshot/panlex-20191001-csv/6898#113608267>				<https://panlex.org/snapshot/panlex-20191001-csv/6898#113608119>		"Algeriet"@sv	
"Orílɛ́ède Moroko"@yo	<https://panlex.org/snapshot/panlex-20191001-csv/6898#113635945>				<https://panlex.org/snapshot/panlex-20191001-csv/6898#113635985>		"Marocko"@sv	
"Orílɛ́ède Esitonia"@yo	<https://panlex.org/snapshot/panlex-20191001-csv/6898#113601415>				<https://panlex.org/snapshot/panlex-20191001-csv/6898#113601449>		"Estland"@sv	
"Orílẹ́ède Uganda"@yo	<https://panlex.org/snapshot/panlex-20191001-csv/6898#113637999>				<https://panlex.org/snapshot/panlex-20191001-csv/6898#113638018>		"Uganda"@sv	
"Orílẹ́ède Bọ̀tìsúwánà"@yo	<https://panlex.org/snapshot/panlex-20191001-csv/6898#113595435>				<https://panlex.org/snapshot/panlex-20191001-csv/6898#113595332>		"Botswana"@sv	
"Orílẹ́ède Kenya"@yo	<https://panlex.org/snapshot/panlex-20191001-csv/6898#113593933>				<https://panlex.org/snapshot/panlex-20191001-csv/6898#113593953>		"Kenya"@sv	
"Orílẹ́ède Kòróátíà"@yo	<https://panlex.org/snapshot/panlex-20191001-csv/6898#113623211>				<https://panlex.org/snapshot/panlex-20191001-csv/6898#113623288>		"Kroatien"@sv	
"Orílẹ́ède Filandi"@yo	<https://panlex.org/snapshot/panlex-20191001-csv/6898#113641474>				<https://panlex.org/snapshot/panlex-20191001-csv/6898#113641508>		"Finland"@sv	
"Orílẹ́ède Etikun Fakalandi"@yo	<https://panlex.org/snapshot/panlex-20191001-csv/6898#113642851>				<https://panlex.org/snapshot/panlex-20191001-csv/6898#113642868>		"Falklandsöarna"@sv	
"Orílẹ́ède Faniatu"@yo	<https://panlex.org/snapshot/panlex-20191001-csv/6898#113629011>				<https://panlex.org/snapshot/panlex-20191001-csv/6898#113628936>		"Vanuatu"@sv	
"Orílɛ́ède Kuweti"@yo	<https://panlex.org/snapshot/panlex-20191001-csv/6898#113605818>				<https://panlex.org/snapshot/panlex-20191001-csv/6898#113605832>		"Kuwait"@sv	
"Orílɛ́ède Omobabirin"@yo	<https://panlex.org/snapshot/panlex-20191001-csv/6898#113592383>				<https://panlex.org/snapshot/panlex-20191001-csv/6898#113592471>		"Storbritannien"@sv	
"Orílɛ́ède Guyana"@yo	<https://panlex.org/snapshot/panlex-20191001-csv/6898#113628135>				<https://panlex.org/snapshot/panlex-20191001-csv/6898#113628035>		"Guyana"@sv	
"Orílɛ́ède Laberia"@yo	<https://panlex.org/snapshot/panlex-20191001-csv/6898#113605608>				<https://panlex.org/snapshot/panlex-20191001-csv/6898#113605604>		"Liberia"@sv	
"Orílẹ́ède Fisẹnnti ati Genadina"@yo	<https://panlex.org/snapshot/panlex-20191001-csv/6898#113611939>				<https://panlex.org/snapshot/panlex-20191001-csv/6898#113611811>		"S:t Vincent och Grenadinerna"@sv	
"Orílɛ́ède Italiyi"@yo	<https://panlex.org/snapshot/panlex-20191001-csv/6898#113587948>				<https://panlex.org/snapshot/panlex-20191001-csv/6898#113587909>		"Italien"@sv	
"Orílẹ́ède Hondurasi"@yo	<https://panlex.org/snapshot/panlex-20191001-csv/6898#113596999>				<https://panlex.org/snapshot/panlex-20191001-csv/6898#113597067>		"Honduras"@sv	
"Orílẹ́ède Nàìjíríà"@yo	<https://panlex.org/snapshot/panlex-20191001-csv/6898#113624152>				<https://panlex.org/snapshot/panlex-20191001-csv/6898#113624125>		"Nigeria"@sv	
"Orílẹ́ède Nedalandi"@yo	<https://panlex.org/snapshot/panlex-20191001-csv/6898#113635875>				<https://panlex.org/snapshot/panlex-20191001-csv/6898#113635756>		"Nederländerna"@sv	
"Orílɛ́ède Nɔɔwii"@yo	<https://panlex.org/snapshot/panlex-20191001-csv/6898#113609830>				<https://panlex.org/snapshot/panlex-20191001-csv/6898#113609786>		"Norge"@sv	
"Orílɛ́ède Nepa"@yo	<https://panlex.org/snapshot/panlex-20191001-csv/6898#113584169>				<https://panlex.org/snapshot/panlex-20191001-csv/6898#113584146>		"Nepal"@sv	
"Orílẹ́ède Dòmíníkà"@yo	<https://panlex.org/snapshot/panlex-20191001-csv/6898#113599748>				<https://panlex.org/snapshot/panlex-20191001-csv/6898#113599878>		"Dominica"@sv	
"Orílɛ́ède Namibia"@yo	<https://panlex.org/snapshot/panlex-20191001-csv/6898#113606757>				<https://panlex.org/snapshot/panlex-20191001-csv/6898#113606764>		"Namibia"@sv	
"Orílẹ́ède Àlùbàníánì"@yo	<https://panlex.org/snapshot/panlex-20191001-csv/6898#113637640>				<https://panlex.org/snapshot/panlex-20191001-csv/6898#113637637>		"Albanien"@sv	
"Orílɛ́ède Asítíríà"@yo	<https://panlex.org/snapshot/panlex-20191001-csv/6898#113616280>				<https://panlex.org/snapshot/panlex-20191001-csv/6898#113616178>		"Österrike"@sv	
"Orílẹ́ède Monako"@yo	<https://panlex.org/snapshot/panlex-20191001-csv/6898#113600228>				<https://panlex.org/snapshot/panlex-20191001-csv/6898#113600219>		"Monaco"@sv	
"Orílɛ́ède Hɛlena"@yo	<https://panlex.org/snapshot/panlex-20191001-csv/6898#113622718>				<https://panlex.org/snapshot/panlex-20191001-csv/6898#113622809>		"S:t Helena"@sv	
"Orílɛ́ède Siria looni"@yo	<https://panlex.org/snapshot/panlex-20191001-csv/6898#113637116>				<https://panlex.org/snapshot/panlex-20191001-csv/6898#113637021>		"Sierra Leone"@sv	
"Orílɛ́ède Somalia"@yo	<https://panlex.org/snapshot/panlex-20191001-csv/6898#113608521>				<https://panlex.org/snapshot/panlex-20191001-csv/6898#113608548>		"Somalia"@sv	
"Orílɛ́ède Ààngólà"@yo	<https://panlex.org/snapshot/panlex-20191001-csv/6898#113599895>				<https://panlex.org/snapshot/panlex-20191001-csv/6898#113600070>		"Angola"@sv	
"Orílẹ́ède Ẹẹsáfádò"@yo	<https://panlex.org/snapshot/panlex-20191001-csv/6898#113600691>				<https://panlex.org/snapshot/panlex-20191001-csv/6898#113600647>		"El Salvador"@sv	
"Orílẹ́ède Árúbà"@yo	<https://panlex.org/snapshot/panlex-20191001-csv/6898#113644149>				<https://panlex.org/snapshot/panlex-20191001-csv/6898#113644023>		"Aruba"@sv	
"Orílɛ́ède Romaniya"@yo	<https://panlex.org/snapshot/panlex-20191001-csv/6898#113618208>				<https://panlex.org/snapshot/panlex-20191001-csv/6898#113618177>		"Rumänien"@sv	
"Orílẹ́ède Mayote"@yo	<https://panlex.org/snapshot/panlex-20191001-csv/6898#113603874>				<https://panlex.org/snapshot/panlex-20191001-csv/6898#113603973>		"Mayotte"@sv	
"Orílẹ́ède Matinikuwi"@yo	<https://panlex.org/snapshot/panlex-20191001-csv/6898#113586155>				<https://panlex.org/snapshot/panlex-20191001-csv/6898#113585991>		"Martinique"@sv	
"Orílẹ́ède Tọọkimenisita"@yo	<https://panlex.org/snapshot/panlex-20191001-csv/6898#113607905>				<https://panlex.org/snapshot/panlex-20191001-csv/6898#113607788>		"Turkmenistan"@sv	
"Orílɛ́ède Ààntígúà àti Báríbúdà"@yo	<https://panlex.org/snapshot/panlex-20191001-csv/6898#113643721>				<https://panlex.org/snapshot/panlex-20191001-csv/6898#113643660>		"Antigua och Barbuda"@sv	
"Orílɛ́ède Swidini"@yo	<https://panlex.org/snapshot/panlex-20191001-csv/6898#113639797>				<https://panlex.org/snapshot/panlex-20191001-csv/6898#113639834>		"Sverige"@sv	
"Orílɛ́ède Àlùgèríánì"@yo	<https://panlex.org/snapshot/panlex-20191001-csv/6898#113608221>				<https://panlex.org/snapshot/panlex-20191001-csv/6898#113608119>		"Algeriet"@sv	
"Orílɛ́ède Malasia"@yo	<https://panlex.org/snapshot/panlex-20191001-csv/6898#113584762>				<https://panlex.org/snapshot/panlex-20191001-csv/6898#113584663>		"Malaysia"@sv	
"Orílɛ́ède Paraguye"@yo	<https://panlex.org/snapshot/panlex-20191001-csv/6898#113623947>				<https://panlex.org/snapshot/panlex-20191001-csv/6898#113623788>		"Paraguay"@sv	
"Orílɛ́ède Moshamibiku"@yo	<https://panlex.org/snapshot/panlex-20191001-csv/6898#113603250>				<https://panlex.org/snapshot/panlex-20191001-csv/6898#113603214>		"Moçambique"@sv	
"Orílɛ́ède Fisɛnnti ati Genadina"@yo	<https://panlex.org/snapshot/panlex-20191001-csv/6898#113611873>				<https://panlex.org/snapshot/panlex-20191001-csv/6898#113611811>		"S:t Vincent och Grenadinerna"@sv	
"Orílɛ́ède Árúbà"@yo	<https://panlex.org/snapshot/panlex-20191001-csv/6898#113644128>				<https://panlex.org/snapshot/panlex-20191001-csv/6898#113644023>		"Aruba"@sv	
"Orílẹ́ède Lusemogi"@yo	<https://panlex.org/snapshot/panlex-20191001-csv/6898#113641029>				<https://panlex.org/snapshot/panlex-20191001-csv/6898#113641041>		"Luxemburg"@sv	
"Orílẹ́ède Sani Marino"@yo	<https://panlex.org/snapshot/panlex-20191001-csv/6898#113625683>				<https://panlex.org/snapshot/panlex-20191001-csv/6898#113625775>		"San Marino"@sv	
"Orílẹ́ède Etíokun Kùúkù"@yo	<https://panlex.org/snapshot/panlex-20191001-csv/6898#113638451>				<https://panlex.org/snapshot/panlex-20191001-csv/6898#113638502>		"Cooköarna"@sv	
"Orílẹ́ède Malata"@yo	<https://panlex.org/snapshot/panlex-20191001-csv/6898#113645069>				<https://panlex.org/snapshot/panlex-20191001-csv/6898#113645137>		"Malta"@sv	
"Orílẹ́ède Bọ̀lífíyà"@yo	<https://panlex.org/snapshot/panlex-20191001-csv/6898#113609557>				<https://panlex.org/snapshot/panlex-20191001-csv/6898#113609548>		"Bolivia"@sv	
"Orílẹ́ède Améníà"@yo	<https://panlex.org/snapshot/panlex-20191001-csv/6898#113596605>				<https://panlex.org/snapshot/panlex-20191001-csv/6898#113596533>		"Armenien"@sv	
"Orílɛ́ède Etikun Fakalandi"@yo	<https://panlex.org/snapshot/panlex-20191001-csv/6898#113643057>				<https://panlex.org/snapshot/panlex-20191001-csv/6898#113642868>		"Falklandsöarna"@sv	
"Orílẹ́ède ṣílè"@yo	<https://panlex.org/snapshot/panlex-20191001-csv/6898#113624792>				<https://panlex.org/snapshot/panlex-20191001-csv/6898#113624782>		"Chile"@sv	
"Orílɛ́ède Bémúdà"@yo	<https://panlex.org/snapshot/panlex-20191001-csv/6898#113607292>				<https://panlex.org/snapshot/panlex-20191001-csv/6898#113607313>		"Bermuda"@sv	
"Orílẹ́ède Ariwa Kọria"@yo	<https://panlex.org/snapshot/panlex-20191001-csv/6898#113638871>				<https://panlex.org/snapshot/panlex-20191001-csv/6898#113638854>		"Sydkorea"@sv	
"Orílɛ́ède Tufalu"@yo	<https://panlex.org/snapshot/panlex-20191001-csv/6898#113610241>				<https://panlex.org/snapshot/panlex-20191001-csv/6898#113610226>		"Tuvalu"@sv	
"Orílɛ́ède Masidonia"@yo	<https://panlex.org/snapshot/panlex-20191001-csv/6898#113613368>				<https://panlex.org/snapshot/panlex-20191001-csv/6898#113613417>		"Makedonien"@sv	
"Orílɛ́ède Masidonia"@yo	<https://panlex.org/snapshot/panlex-20191001-csv/6898#113613368>				<https://panlex.org/snapshot/panlex-20191001-csv/6898#113613307>		"f.d. jugoslaviska republiken Makedonien"@sv	
"Orílɛ́ède Asɛ́bájánì"@yo	<https://panlex.org/snapshot/panlex-20191001-csv/6898#113619390>				<https://panlex.org/snapshot/panlex-20191001-csv/6898#113619279>		"Azerbajdzjan"@sv	
"Orílẹ́ède filipini"@yo	<https://panlex.org/snapshot/panlex-20191001-csv/6898#113602721>				<https://panlex.org/snapshot/panlex-20191001-csv/6898#113602644>		"Filippinerna"@sv	
"Orílẹ́ède Gerelandi"@yo	<https://panlex.org/snapshot/panlex-20191001-csv/6898#113590610>				<https://panlex.org/snapshot/panlex-20191001-csv/6898#113590758>		"Grönland"@sv	
"Orílẹ́ède Bọ̀síníà àti Ẹtisẹgófínà"@yo	<https://panlex.org/snapshot/panlex-20191001-csv/6898#113596707>				<https://panlex.org/snapshot/panlex-20191001-csv/6898#113596887>		"Bosnien och Hercegovina"@sv	
"Orílẹ́ède Kaṣaṣatani"@yo	<https://panlex.org/snapshot/panlex-20191001-csv/6898#113591035>				<https://panlex.org/snapshot/panlex-20191001-csv/6898#113591004>		"Kazakstan"@sv	
"Orílẹ́ède Nọọwii"@yo	<https://panlex.org/snapshot/panlex-20191001-csv/6898#113609875>				<https://panlex.org/snapshot/panlex-20191001-csv/6898#113609786>		"Norge"@sv	
"Orílẹ́ède Gana"@yo	<https://panlex.org/snapshot/panlex-20191001-csv/6898#113645547>				<https://panlex.org/snapshot/panlex-20191001-csv/6898#113645516>		"Ghana"@sv	
"Orílɛ́ède Haati"@yo	<https://panlex.org/snapshot/panlex-20191001-csv/6898#113634525>				<https://panlex.org/snapshot/panlex-20191001-csv/6898#113634521>		"Haiti"@sv	
"Orílẹ́ède Tuniṣia"@yo	<https://panlex.org/snapshot/panlex-20191001-csv/6898#113606550>				<https://panlex.org/snapshot/panlex-20191001-csv/6898#113606419>		"Tunisien"@sv	
"Orílɛ́ède Guusu Kɔria"@yo	<https://panlex.org/snapshot/panlex-20191001-csv/6898#113598793>				<https://panlex.org/snapshot/panlex-20191001-csv/6898#113598934>		"Nordkorea"@sv	
"Orílɛ́ède Pakisitan"@yo	<https://panlex.org/snapshot/panlex-20191001-csv/6898#113607000>				<https://panlex.org/snapshot/panlex-20191001-csv/6898#113606874>		"Pakistan"@sv	
"Orílẹ́ède Mali"@yo	<https://panlex.org/snapshot/panlex-20191001-csv/6898#113615079>				<https://panlex.org/snapshot/panlex-20191001-csv/6898#113615012>		"Mali"@sv	
"Orílɛ́ède Takisitani"@yo	<https://panlex.org/snapshot/panlex-20191001-csv/6898#113590218>				<https://panlex.org/snapshot/panlex-20191001-csv/6898#113590239>		"Tadzjikistan"@sv	
"Orílẹ́ède Haati"@yo	<https://panlex.org/snapshot/panlex-20191001-csv/6898#113634670>				<https://panlex.org/snapshot/panlex-20191001-csv/6898#113634521>		"Haiti"@sv	
"Orílɛ́ède Nruguayi"@yo	<https://panlex.org/snapshot/panlex-20191001-csv/6898#113623432>				<https://panlex.org/snapshot/panlex-20191001-csv/6898#113623487>		"Uruguay"@sv	
"Orílẹ́ède Etíkun Índíánì ti Ìlú Bírítísì"@yo	<https://panlex.org/snapshot/panlex-20191001-csv/6898#113584412>				<https://panlex.org/snapshot/panlex-20191001-csv/6898#113584294>		"Brittiska territoriet i Indiska oceanen"@sv	
"Orílẹ́ède Luṣia"@yo	<https://panlex.org/snapshot/panlex-20191001-csv/6898#113621889>				<https://panlex.org/snapshot/panlex-20191001-csv/6898#113622006>		"S:t Lucia"@sv	
"Orílẹ́ède Etikun Solomoni"@yo	<https://panlex.org/snapshot/panlex-20191001-csv/6898#113602357>				<https://panlex.org/snapshot/panlex-20191001-csv/6898#113602399>		"Salomonöarna"@sv	
"Orílɛ́ède Àlùbàníánì"@yo	<https://panlex.org/snapshot/panlex-20191001-csv/6898#113637629>				<https://panlex.org/snapshot/panlex-20191001-csv/6898#113637637>		"Albanien"@sv	
"Orílɛ́ède Ɛɛsáfádò"@yo	<https://panlex.org/snapshot/panlex-20191001-csv/6898#113600726>				<https://panlex.org/snapshot/panlex-20191001-csv/6898#113600647>		"El Salvador"@sv	
"Orílɛ́ède Lebanoni"@yo	<https://panlex.org/snapshot/panlex-20191001-csv/6898#113585451>				<https://panlex.org/snapshot/panlex-20191001-csv/6898#113585529>		"Libanon"@sv	
"Orílɛ́ède Ástràlìá"@yo	<https://panlex.org/snapshot/panlex-20191001-csv/6898#113631536>				<https://panlex.org/snapshot/panlex-20191001-csv/6898#113631624>		"Australien"@sv	
"Orílẹ́ède Asẹ́bájánì"@yo	<https://panlex.org/snapshot/panlex-20191001-csv/6898#113619248>				<https://panlex.org/snapshot/panlex-20191001-csv/6898#113619279>		"Azerbajdzjan"@sv	
"Orílẹ́ède Nepa"@yo	<https://panlex.org/snapshot/panlex-20191001-csv/6898#113584137>				<https://panlex.org/snapshot/panlex-20191001-csv/6898#113584146>		"Nepal"@sv	
"Orílɛ́ède India"@yo	<https://panlex.org/snapshot/panlex-20191001-csv/6898#113616929>				<https://panlex.org/snapshot/panlex-20191001-csv/6898#113616956>		"Indien"@sv	
"Orílɛ́ède Pikarini"@yo	<https://panlex.org/snapshot/panlex-20191001-csv/6898#113602833>				<https://panlex.org/snapshot/panlex-20191001-csv/6898#113602895>		"Pitcairnöarna"@sv	
"Orílɛ́ède Sipani"@yo	<https://panlex.org/snapshot/panlex-20191001-csv/6898#113594572>				<https://panlex.org/snapshot/panlex-20191001-csv/6898#113594574>		"Spanien"@sv	
"Orílɛ́ède Polandi"@yo	<https://panlex.org/snapshot/panlex-20191001-csv/6898#113642768>				<https://panlex.org/snapshot/panlex-20191001-csv/6898#113642613>		"Polen"@sv	
"Orílɛ́ède Kóútè forà"@yo	<https://panlex.org/snapshot/panlex-20191001-csv/6898#113640367>				<https://panlex.org/snapshot/panlex-20191001-csv/6898#113640508>		"Elfenbenskusten"@sv	
"Orílɛ́ède Bùùgáríà"@yo	<https://panlex.org/snapshot/panlex-20191001-csv/6898#113631165>				<https://panlex.org/snapshot/panlex-20191001-csv/6898#113631170>		"Bulgarien"@sv	
"Orílɛ́ède Gadelope"@yo	<https://panlex.org/snapshot/panlex-20191001-csv/6898#113614779>				<https://panlex.org/snapshot/panlex-20191001-csv/6898#113614731>		"Guadeloupe"@sv	
"Orílɛ́ède ÌlàOòrùn Tímɔ̀"@yo	<https://panlex.org/snapshot/panlex-20191001-csv/6898#113632523>				<https://panlex.org/snapshot/panlex-20191001-csv/6898#113632661>		"Östtimor"@sv	
"Orílɛ́ède Lɛshitɛnisiteni"@yo	<https://panlex.org/snapshot/panlex-20191001-csv/6898#113613033>				<https://panlex.org/snapshot/panlex-20191001-csv/6898#113613172>		"Liechtenstein"@sv	
"Orílẹ́ède Kuriṣisitani"@yo	<https://panlex.org/snapshot/panlex-20191001-csv/6898#113627359>				<https://panlex.org/snapshot/panlex-20191001-csv/6898#113627259>		"Kirgizistan"@sv	
"Orílẹ́ède Ariwa Afirika"@yo	<https://panlex.org/snapshot/panlex-20191001-csv/6898#113613626>				<https://panlex.org/snapshot/panlex-20191001-csv/6898#113613638>		"Sydafrika"@sv	
"Orílɛ́ède Hondurasi"@yo	<https://panlex.org/snapshot/panlex-20191001-csv/6898#113597020>				<https://panlex.org/snapshot/panlex-20191001-csv/6898#113597067>		"Honduras"@sv	
"Orílẹ́ède Geriisi"@yo	<https://panlex.org/snapshot/panlex-20191001-csv/6898#113630329>				<https://panlex.org/snapshot/panlex-20191001-csv/6898#113630281>		"Grekland"@sv	
"copernicium"@yo	<https://panlex.org/snapshot/panlex-20191001-csv/5945#84369113>				<https://panlex.org/snapshot/panlex-20191001-csv/5945#84369104>		"copernicium"@sv	
"Eku odun ajinde"@yo	<https://panlex.org/snapshot/panlex-20191001-csv/5945#84360358>				<https://panlex.org/snapshot/panlex-20191001-csv/5945#84360351>		"Glad Påsk"@sv	
"roentgenium"@yo	<https://panlex.org/snapshot/panlex-20191001-csv/5945#84416950>				<https://panlex.org/snapshot/panlex-20191001-csv/5945#84416941>		"röntgenium"@sv	
"Columbus"@yo	<https://panlex.org/snapshot/panlex-20191001-csv/5947#84597672>				<https://panlex.org/snapshot/panlex-20191001-csv/5947#84597669>		"Columbus"@sv	
"ọdun Ajin-de"@yo	<https://panlex.org/snapshot/panlex-20191001-csv/5947#84616002>				<https://panlex.org/snapshot/panlex-20191001-csv/5947#84615978>		"påsk"@sv	
"Polandi"@yo	<https://panlex.org/snapshot/panlex-20191001-csv/5947#84607869>				<https://panlex.org/snapshot/panlex-20191001-csv/5947#84607838>		"Polen"@sv	
"Sao Tome ati Prinsipe"@yo	<https://panlex.org/snapshot/panlex-20191001-csv/5947#84617572>				<https://panlex.org/snapshot/panlex-20191001-csv/5947#84617559>		"São Tomé och Príncipe"@sv	
"mọ́ṣálásí"@yo	<https://panlex.org/snapshot/panlex-20191001-csv/5947#84748333>				<https://panlex.org/snapshot/panlex-20191001-csv/5947#84748322>		"moské"@sv	
"idì"@yo	<https://panlex.org/snapshot/panlex-20191001-csv/5947#84782403>				<https://panlex.org/snapshot/panlex-20191001-csv/5947#84782363>		"örn"@sv	
"igbo-kijikiji"@yo	<https://panlex.org/snapshot/panlex-20191001-csv/5947#84678119>				<https://panlex.org/snapshot/panlex-20191001-csv/5947#84678101>		"djungel"@sv	
"Kọnfukiọsi"@yo	<https://panlex.org/snapshot/panlex-20191001-csv/5947#84597867>				<https://panlex.org/snapshot/panlex-20191001-csv/5947#84597862>		"Konfucius"@sv	
"o̩jó̩ keji o̩sè̩"@yo	<https://panlex.org/snapshot/panlex-20191001-csv/5947#84803629>				<https://panlex.org/snapshot/panlex-20191001-csv/5947#84803582>		"måndag"@sv	
"ìgbà rírú ewé"@yo	<https://panlex.org/snapshot/panlex-20191001-csv/5947#84885056>				<https://panlex.org/snapshot/panlex-20191001-csv/5947#84885041>		"vår"@sv	
"ko̩kànlá"@yo	<https://panlex.org/snapshot/panlex-20191001-csv/5947#84740670>				<https://panlex.org/snapshot/panlex-20191001-csv/5947#84740649>		"november"@sv	
"ẹ́dọ́ọ́dọ́ki"@yo	<https://panlex.org/snapshot/panlex-20191001-csv/5947#84895321>				<https://panlex.org/snapshot/panlex-20191001-csv/5947#84895298>		"lever"@sv	
"ọṣà"@yo	<https://panlex.org/snapshot/panlex-20191001-csv/5947#84859416>				<https://panlex.org/snapshot/panlex-20191001-csv/5947#84859414>		"schimpans"@sv	
"Ilẹ̀-ayé"@yo	<https://panlex.org/snapshot/panlex-20191001-csv/5940#81310835>				<https://panlex.org/snapshot/panlex-20191001-csv/5940#81310821>		"Jorden"@sv	
"kẹ̀kẹ́"@yo	<https://panlex.org/snapshot/panlex-20191001-csv/5940#81353604>				<https://panlex.org/snapshot/panlex-20191001-csv/5940#81353592>		"cykel"@sv	
"básíkùlù"@yo	<https://panlex.org/snapshot/panlex-20191001-csv/5940#81353603>				<https://panlex.org/snapshot/panlex-20191001-csv/5940#81353592>		"cykel"@sv	
"Àgbájọ àwọn Orílẹ̀-èdè Aṣòkan"@yo	<https://panlex.org/snapshot/panlex-20191001-csv/5940#81286028>				<https://panlex.org/snapshot/panlex-20191001-csv/5940#81286009>		"Förenta nationerna"@sv	
"Orílẹ̀-Èdè Amẹ́ríkà"@yo	<https://panlex.org/snapshot/panlex-20191001-csv/5940#81280179>				<https://panlex.org/snapshot/panlex-20191001-csv/5940#81280161>		"Amerikas förenta stater"@sv	
"Orílẹ̀-Èdè Amẹ́ríkà"@yo	<https://panlex.org/snapshot/panlex-20191001-csv/5940#81280179>				<https://panlex.org/snapshot/panlex-20191001-csv/5940#81280162>		"Förenta staterna"@sv	
"núkléù átọ̀mù"@yo	<https://panlex.org/snapshot/panlex-20191001-csv/5939#80731865>				<https://panlex.org/snapshot/panlex-20191001-csv/5939#80731858>		"atomkärna"@sv	
"Àwọn Erékùṣù Cook"@yo	<https://panlex.org/snapshot/panlex-20191001-csv/5939#80776233>				<https://panlex.org/snapshot/panlex-20191001-csv/5939#80776224>		"Cooköarna"@sv	
"Afghanistan"@yo	<https://panlex.org/snapshot/panlex-20191001-csv/5939#80708890>				<https://panlex.org/snapshot/panlex-20191001-csv/5939#80708873>		"Afghanistan"@sv	
"Àwọn Ìpínlẹ̀ Àṣepapọ̀ ilẹ̀ Mikronésíà"@yo	<https://panlex.org/snapshot/panlex-20191001-csv/5939#80826605>				<https://panlex.org/snapshot/panlex-20191001-csv/5939#80826597>		"Mikronesiska federationen"@sv	
"Ilẹ̀-Ọmọba Andorra"@yo	<https://panlex.org/snapshot/panlex-20191001-csv/5939#80827255>				<https://panlex.org/snapshot/panlex-20191001-csv/5939#80827246>		"Furstendömet Andorra"@sv	
"odò"@yo	<https://panlex.org/snapshot/panlex-20191001-csv/5939#80818666>				<https://panlex.org/snapshot/panlex-20191001-csv/5939#80818648>		"älv"@sv	
"odò"@yo	<https://panlex.org/snapshot/panlex-20191001-csv/5939#80818666>				<https://panlex.org/snapshot/panlex-20191001-csv/5939#80818647>		"flod"@sv	
"ìsopọ̀ àjọfagbáradìmú"@yo	<https://panlex.org/snapshot/panlex-20191001-csv/5939#80731793>				<https://panlex.org/snapshot/panlex-20191001-csv/5939#80731791>		"kovalent bindning"@sv	
"ìsopọ̀ àjọfagbáradìmú"@yo	<https://panlex.org/snapshot/panlex-20191001-csv/5939#80731793>				<https://panlex.org/snapshot/panlex-20191001-csv/5939#80731790>		"elektronparbindning"@sv	
"ìsopọ̀ àjọfagbáradìmú"@yo	<https://panlex.org/snapshot/panlex-20191001-csv/5939#80731793>				<https://panlex.org/snapshot/panlex-20191001-csv/5939#80731789>		"atombindning"@sv	
"Fíjì"@yo	<https://panlex.org/snapshot/panlex-20191001-csv/5939#80814707>				<https://panlex.org/snapshot/panlex-20191001-csv/5939#80814700>		"Fiji"@sv	
"Burundi"@yo	<https://panlex.org/snapshot/panlex-20191001-csv/5939#80768865>				<https://panlex.org/snapshot/panlex-20191001-csv/5939#80768855>		"Burundi"@sv	
"anioni"@yo	<https://panlex.org/snapshot/panlex-20191001-csv/5939#80720233>				<https://panlex.org/snapshot/panlex-20191001-csv/5939#80720227>		"anjon"@sv	
"òjò"@yo	<https://panlex.org/snapshot/panlex-20191001-csv/5946#84436409>				<https://panlex.org/snapshot/panlex-20191001-csv/5946#84436386>		"regn"@sv	
"wakaš"@yo	<https://panlex.org/snapshot/panlex-20191001-csv/5946#84440028>				<https://panlex.org/snapshot/panlex-20191001-csv/5946#84440007>		"ko"@sv	
"wakaš"@yo	<https://panlex.org/snapshot/panlex-20191001-csv/5946#84440028>				<https://panlex.org/snapshot/panlex-20191001-csv/5946#84440006>		"tjur"@sv	
"wakaš"@yo	<https://panlex.org/snapshot/panlex-20191001-csv/5946#84440028>				<https://panlex.org/snapshot/panlex-20191001-csv/5946#84440012>		"kossa"@sv	
"wakaš"@yo	<https://panlex.org/snapshot/panlex-20191001-csv/5946#84440028>				<https://panlex.org/snapshot/panlex-20191001-csv/5946#84440004>		"oxe"@sv	
"wakaš"@yo	<https://panlex.org/snapshot/panlex-20191001-csv/5946#84440028>				<https://panlex.org/snapshot/panlex-20191001-csv/5946#84440009>		"nötkreatur"@sv	
"wakaš"@yo	<https://panlex.org/snapshot/panlex-20191001-csv/5946#84440028>				<https://panlex.org/snapshot/panlex-20191001-csv/5946#84440011>		"boskap"@sv	
"wakaš"@yo	<https://panlex.org/snapshot/panlex-20191001-csv/5946#84440028>				<https://panlex.org/snapshot/panlex-20191001-csv/5946#84440005>		"kalv"@sv	
"wakaš"@yo	<https://panlex.org/snapshot/panlex-20191001-csv/5946#84440028>				<https://panlex.org/snapshot/panlex-20191001-csv/5946#84440008>		"kreatur"@sv	
"wakaš"@yo	<https://panlex.org/snapshot/panlex-20191001-csv/5946#84440028>				<https://panlex.org/snapshot/panlex-20191001-csv/5946#84440010>		"fä"@sv	
"alantakun"@yo	<https://panlex.org/snapshot/panlex-20191001-csv/5946#84452184>				<https://panlex.org/snapshot/panlex-20191001-csv/5946#84452171>		"spindel"@sv	
"díngí"@yo	<https://panlex.org/snapshot/panlex-20191001-csv/5946#84446358>				<https://panlex.org/snapshot/panlex-20191001-csv/5946#84446315>		"spegel"@sv	
"Nọ́rwèy"@yo	<https://panlex.org/snapshot/panlex-20191001-csv/5949#85317147>				<https://panlex.org/snapshot/panlex-20191001-csv/5949#85317139>		"Norge"@sv	
"Johannesburg"@yo	<https://panlex.org/snapshot/panlex-20191001-csv/5949#85311571>				<https://panlex.org/snapshot/panlex-20191001-csv/5949#85311560>		"Johannesburg"@sv	
"Fránsì"@yo	<https://panlex.org/snapshot/panlex-20191001-csv/5949#85323703>				<https://panlex.org/snapshot/panlex-20191001-csv/5949#85323674>		"Frankrike"@sv	
"Yemen"@yo	<https://panlex.org/snapshot/panlex-20191001-csv/5949#85311071>				<https://panlex.org/snapshot/panlex-20191001-csv/5949#85311050>		"Jemen"@sv	
"Kùránì"@yo	<https://panlex.org/snapshot/panlex-20191001-csv/5949#85313500>				<https://panlex.org/snapshot/panlex-20191001-csv/5949#85313479>		"Koranen"@sv	
"Tanzania"@yo	<https://panlex.org/snapshot/panlex-20191001-csv/5949#85321678>				<https://panlex.org/snapshot/panlex-20191001-csv/5949#85321662>		"Tanzania"@sv	
"Kepu Ferde"@yo	<https://panlex.org/snapshot/panlex-20191001-csv/5949#85311972>				<https://panlex.org/snapshot/panlex-20191001-csv/5949#85311960>		"Kap Verde"@sv	
"Singapore"@yo	<https://panlex.org/snapshot/panlex-20191001-csv/5949#85320616>				<https://panlex.org/snapshot/panlex-20191001-csv/5949#85320594>		"Singapore"@sv	
"Bíbélì Mímọ́"@yo	<https://panlex.org/snapshot/panlex-20191001-csv/5949#85302829>				<https://panlex.org/snapshot/panlex-20191001-csv/5949#85302792>		"Bibeln"@sv	
"ke̩jo̩"@yo	<https://panlex.org/snapshot/panlex-20191001-csv/5949#85329553>				<https://panlex.org/snapshot/panlex-20191001-csv/5949#85329509>		"skördemånad"@sv	
"ke̩jo̩"@yo	<https://panlex.org/snapshot/panlex-20191001-csv/5949#85329553>				<https://panlex.org/snapshot/panlex-20191001-csv/5949#85329510>		"augusti"@sv	
"Fínlándì"@yo	<https://panlex.org/snapshot/panlex-20191001-csv/5949#85323275>				<https://panlex.org/snapshot/panlex-20191001-csv/5949#85323252>		"Finland"@sv	
"Gabon"@yo	<https://panlex.org/snapshot/panlex-20191001-csv/5949#85305738>				<https://panlex.org/snapshot/panlex-20191001-csv/5949#85305723>		"Gabon"@sv	
"Látfíà"@yo	<https://panlex.org/snapshot/panlex-20191001-csv/5949#85314407>				<https://panlex.org/snapshot/panlex-20191001-csv/5949#85314380>		"Lettland"@sv	
"Japan"@yo	<https://panlex.org/snapshot/panlex-20191001-csv/5949#85326132>				<https://panlex.org/snapshot/panlex-20191001-csv/5949#85326115>		"Japan"@sv	
"Filipínì"@yo	<https://panlex.org/snapshot/panlex-20191001-csv/5949#85323446>				<https://panlex.org/snapshot/panlex-20191001-csv/5949#85323417>		"Filippinerna"@sv	
"Túrkì"@yo	<https://panlex.org/snapshot/panlex-20191001-csv/5949#85322618>				<https://panlex.org/snapshot/panlex-20191001-csv/5949#85322592>		"Turkiet"@sv	
"Tbilisi"@yo	<https://panlex.org/snapshot/panlex-20191001-csv/5949#85321890>				<https://panlex.org/snapshot/panlex-20191001-csv/5949#85321871>		"Tbilisi"@sv	
"Ìwé Psalmu"@yo	<https://panlex.org/snapshot/panlex-20191001-csv/5949#85318979>				<https://panlex.org/snapshot/panlex-20191001-csv/5949#85318971>		"Psaltaren"@sv	
"Vienna"@yo	<https://panlex.org/snapshot/panlex-20191001-csv/5949#85304627>				<https://panlex.org/snapshot/panlex-20191001-csv/5949#85304612>		"Wien"@sv	
"Peru"@yo	<https://panlex.org/snapshot/panlex-20191001-csv/5949#85318342>				<https://panlex.org/snapshot/panlex-20191001-csv/5949#85318318>		"Peru"@sv	
"Uruguay"@yo	<https://panlex.org/snapshot/panlex-20191001-csv/5949#85322986>				<https://panlex.org/snapshot/panlex-20191001-csv/5949#85322964>		"Uruguay"@sv	
"Òòrùn"@yo	<https://panlex.org/snapshot/panlex-20191001-csv/5949#85321019>				<https://panlex.org/snapshot/panlex-20191001-csv/5949#85320990>		"solen"@sv	
"Beijing"@yo	<https://panlex.org/snapshot/panlex-20191001-csv/5949#85318078>				<https://panlex.org/snapshot/panlex-20191001-csv/5949#85318059>		"Peking"@sv	
"Rọ́síà"@yo	<https://panlex.org/snapshot/panlex-20191001-csv/5949#85319644>				<https://panlex.org/snapshot/panlex-20191001-csv/5949#85319601>		"Ryssland"@sv	
"Zürich"@yo	<https://panlex.org/snapshot/panlex-20191001-csv/5949#85324529>				<https://panlex.org/snapshot/panlex-20191001-csv/5949#85324513>		"Zürich"@sv	
"ilé"@yo	<https://panlex.org/snapshot/panlex-20191001-csv/5942#83279896>				<https://panlex.org/snapshot/panlex-20191001-csv/5942#83279887>		"hus"@sv	
"ehínerìgiògàn"@yo	<https://panlex.org/snapshot/panlex-20191001-csv/5942#83281092>				<https://panlex.org/snapshot/panlex-20191001-csv/5942#83281084>		"tand"@sv	
"ìràwọ̀"@yo	<https://panlex.org/snapshot/panlex-20191001-csv/5942#83281603>				<https://panlex.org/snapshot/panlex-20191001-csv/5942#83281597>		"stjärna"@sv	
"ìwé"@yo	<https://panlex.org/snapshot/panlex-20191001-csv/5942#83282801>				<https://panlex.org/snapshot/panlex-20191001-csv/5942#83282780>		"bok"@sv	
"ènìyàn"@yo	<https://panlex.org/snapshot/panlex-20191001-csv/5943#83329171>				<https://panlex.org/snapshot/panlex-20191001-csv/5943#83329163>		"människa"@sv	
"ajá"@yo	<https://panlex.org/snapshot/panlex-20191001-csv/5943#83350659>				<https://panlex.org/snapshot/panlex-20191001-csv/5943#83350648>		"hund"@sv	
"Ọlọ́run"@yo	<https://panlex.org/snapshot/panlex-20191001-csv/5943#83289876>				<https://panlex.org/snapshot/panlex-20191001-csv/5943#83289865>		"Gud"@sv	
"kòkó"@yo	<https://panlex.org/snapshot/panlex-20191001-csv/5943#83337086>				<https://panlex.org/snapshot/panlex-20191001-csv/5943#83337083>		"kakao"@sv	
"kòkó"@yo	<https://panlex.org/snapshot/panlex-20191001-csv/5943#83337086>				<https://panlex.org/snapshot/panlex-20191001-csv/5943#83337082>		"choklad"@sv	
"kọfí"@yo	<https://panlex.org/snapshot/panlex-20191001-csv/5943#83337745>				<https://panlex.org/snapshot/panlex-20191001-csv/5943#83337738>		"kaffe"@sv	
"ọ̀nì"@yo	<https://panlex.org/snapshot/panlex-20191001-csv/5943#83354519>				<https://panlex.org/snapshot/panlex-20191001-csv/5943#83354515>		"krokodil"@sv	
"Jésù"@yo	<https://panlex.org/snapshot/panlex-20191001-csv/5943#83289617>				<https://panlex.org/snapshot/panlex-20191001-csv/5943#83289597>		"Jesus"@sv	
"wàrà"@yo	<https://panlex.org/snapshot/panlex-20191001-csv/5943#83373061>				<https://panlex.org/snapshot/panlex-20191001-csv/5943#83373055>		"mjölk"@sv	
"irawọ"@yo	<https://panlex.org/snapshot/panlex-20191001-csv/611#25808573>				<https://panlex.org/snapshot/panlex-20191001-csv/611#25808562>		"stjärna"@sv	
"ọjọ"@yo	<https://panlex.org/snapshot/panlex-20191001-csv/611#25809491>				<https://panlex.org/snapshot/panlex-20191001-csv/611#25809482>		"dag"@sv	
"ọjọ"@yo	<https://panlex.org/snapshot/panlex-20191001-csv/611#25809372>				<https://panlex.org/snapshot/panlex-20191001-csv/611#25809363>		"dag"@sv	
"ọjọ"@yo	<https://panlex.org/snapshot/panlex-20191001-csv/611#25809431>				<https://panlex.org/snapshot/panlex-20191001-csv/611#25809422>		"dag"@sv	
"Osupa"@yo	<https://panlex.org/snapshot/panlex-20191001-csv/611#25802678>				<https://panlex.org/snapshot/panlex-20191001-csv/611#25802662>		"Måne"@sv	
"ọdun"@yo	<https://panlex.org/snapshot/panlex-20191001-csv/611#25800156>				<https://panlex.org/snapshot/panlex-20191001-csv/611#25800146>		"år"@sv	
"Oòrùn"@yo	<https://panlex.org/snapshot/panlex-20191001-csv/611#25809009>				<https://panlex.org/snapshot/panlex-20191001-csv/611#25808999>		"Sol"@sv	
"Amharic"@yo	<https://panlex.org/snapshot/panlex-20191001-csv/405#13620626>				<https://panlex.org/snapshot/panlex-20191001-csv/405#13620622>		"amhariska"@sv	
"Ede Latini"@yo	<https://panlex.org/snapshot/panlex-20191001-csv/405#13627546>				<https://panlex.org/snapshot/panlex-20191001-csv/405#13627530>		"latin"@sv	
"Èdè Tswana"@yo	<https://panlex.org/snapshot/panlex-20191001-csv/405#13633017>				<https://panlex.org/snapshot/panlex-20191001-csv/405#13633015>		"setswana"@sv	
"Èdèe Yorùbá"@yo	<https://panlex.org/snapshot/panlex-20191001-csv/405#13634060>				<https://panlex.org/snapshot/panlex-20191001-csv/405#13634057>		"yoruba"@sv	
"Ede Macedonia"@yo	<https://panlex.org/snapshot/panlex-20191001-csv/400#13355105>				<https://panlex.org/snapshot/panlex-20191001-csv/400#13355094>		"makedonska"@sv	
"Ede Portugal"@yo	<https://panlex.org/snapshot/panlex-20191001-csv/400#13358988>				<https://panlex.org/snapshot/panlex-20191001-csv/400#13358979>		"europeisk portugisiska"@sv	
"Uighur"@yo	<https://panlex.org/snapshot/panlex-20191001-csv/400#13364236>				<https://panlex.org/snapshot/panlex-20191001-csv/400#13364226>		"uiguriska"@sv	
"Ede Kannada"@yo	<https://panlex.org/snapshot/panlex-20191001-csv/400#13352594>				<https://panlex.org/snapshot/panlex-20191001-csv/400#13352582>		"kannada"@sv	
"Ede Ukrani"@yo	<https://panlex.org/snapshot/panlex-20191001-csv/400#13364370>				<https://panlex.org/snapshot/panlex-20191001-csv/400#13364358>		"ukrainska"@sv	
"Ede Latvianu"@yo	<https://panlex.org/snapshot/panlex-20191001-csv/400#13354359>				<https://panlex.org/snapshot/panlex-20191001-csv/400#13354345>		"lettiska"@sv	
"Ede Sudani"@yo	<https://panlex.org/snapshot/panlex-20191001-csv/400#13362031>				<https://panlex.org/snapshot/panlex-20191001-csv/400#13362020>		"sundanesiska"@sv	
"Kurdish"@yo	<https://panlex.org/snapshot/panlex-20191001-csv/400#13353115>				<https://panlex.org/snapshot/panlex-20191001-csv/400#13353105>		"kurdiska"@sv	
"Ede Norway"@yo	<https://panlex.org/snapshot/panlex-20191001-csv/400#13357067>				<https://panlex.org/snapshot/panlex-20191001-csv/400#13357051>		"norska"@sv	
"Ede Galicia"@yo	<https://panlex.org/snapshot/panlex-20191001-csv/400#13348750>				<https://panlex.org/snapshot/panlex-20191001-csv/400#13348738>		"galiciska"@sv	
"Ede Estonia"@yo	<https://panlex.org/snapshot/panlex-20191001-csv/400#13346994>				<https://panlex.org/snapshot/panlex-20191001-csv/400#13346980>		"estniska"@sv	
"Ede Malta"@yo	<https://panlex.org/snapshot/panlex-20191001-csv/400#13355851>				<https://panlex.org/snapshot/panlex-20191001-csv/400#13355840>		"maltesiska"@sv	
"Japanisi"@yo	<https://panlex.org/snapshot/panlex-20191001-csv/400#13351410>				<https://panlex.org/snapshot/panlex-20191001-csv/400#13351390>		"japanska"@sv	
"Cambodian"@yo	<https://panlex.org/snapshot/panlex-20191001-csv/400#13352464>				<https://panlex.org/snapshot/panlex-20191001-csv/400#13352455>		"kambodjanska"@sv	
"Iru Ede"@yo	<https://panlex.org/snapshot/panlex-20191001-csv/400#13350600>				<https://panlex.org/snapshot/panlex-20191001-csv/400#13350592>		"interlingue"@sv	
"Ede pipo"@yo	<https://panlex.org/snapshot/panlex-20191001-csv/400#13350382>				<https://panlex.org/snapshot/panlex-20191001-csv/400#13350370>		"interlingua"@sv	
"Heberu"@yo	<https://panlex.org/snapshot/panlex-20191001-csv/400#13349570>				<https://panlex.org/snapshot/panlex-20191001-csv/400#13349555>		"hebreiska"@sv	
"Ede Amharic"@yo	<https://panlex.org/snapshot/panlex-20191001-csv/400#13341177>				<https://panlex.org/snapshot/panlex-20191001-csv/400#13341166>		"amhariska"@sv	
"Finisi"@yo	<https://panlex.org/snapshot/panlex-20191001-csv/400#13347436>				<https://panlex.org/snapshot/panlex-20191001-csv/400#13347420>		"finska"@sv	
"Panyan"@yo	<https://panlex.org/snapshot/panlex-20191001-csv/400#13346813>				<https://panlex.org/snapshot/panlex-20191001-csv/400#13346793>		"spanska"@sv	
"Ede marathi"@yo	<https://panlex.org/snapshot/panlex-20191001-csv/400#13355662>				<https://panlex.org/snapshot/panlex-20191001-csv/400#13355650>		"marathi"@sv	
"Kyrgyz"@yo	<https://panlex.org/snapshot/panlex-20191001-csv/400#13353353>				<https://panlex.org/snapshot/panlex-20191001-csv/400#13353342>		"kirgisiska"@sv	
"Ede Zulu"@yo	<https://panlex.org/snapshot/panlex-20191001-csv/400#13366032>				<https://panlex.org/snapshot/panlex-20191001-csv/400#13366019>		"zulu"@sv	
"Ede Bulgaria"@yo	<https://panlex.org/snapshot/panlex-20191001-csv/400#13342696>				<https://panlex.org/snapshot/panlex-20191001-csv/400#13342684>		"bulgariska"@sv	
"Èdè Faransé"@yo	<https://panlex.org/snapshot/panlex-20191001-csv/400#13347865>				<https://panlex.org/snapshot/panlex-20191001-csv/400#13347845>		"franska"@sv	
"Sindhi"@yo	<https://panlex.org/snapshot/panlex-20191001-csv/400#13360213>				<https://panlex.org/snapshot/panlex-20191001-csv/400#13360204>		"sindhi"@sv	
"Ede Tagalogi"@yo	<https://panlex.org/snapshot/panlex-20191001-csv/400#13347527>				<https://panlex.org/snapshot/panlex-20191001-csv/400#13347516>		"filippinska"@sv	
"Oriya"@yo	<https://panlex.org/snapshot/panlex-20191001-csv/400#13357808>				<https://panlex.org/snapshot/panlex-20191001-csv/400#13357797>		"oriya"@sv	
"ede awon ara Indo"@yo	<https://panlex.org/snapshot/panlex-20191001-csv/400#13359744>				<https://panlex.org/snapshot/panlex-20191001-csv/400#13359735>		"sanskrit"@sv	
"Ede Uzbek"@yo	<https://panlex.org/snapshot/panlex-20191001-csv/400#13364666>				<https://panlex.org/snapshot/panlex-20191001-csv/400#13364651>		"uzbekiska"@sv	
"Bretoni"@yo	<https://panlex.org/snapshot/panlex-20191001-csv/400#13343311>				<https://panlex.org/snapshot/panlex-20191001-csv/400#13343300>		"bretonska"@sv	
"Ede Gujarati"@yo	<https://panlex.org/snapshot/panlex-20191001-csv/400#13349265>				<https://panlex.org/snapshot/panlex-20191001-csv/400#13349252>		"gujarati"@sv	
"Ede Tigrinya"@yo	<https://panlex.org/snapshot/panlex-20191001-csv/400#13362981>				<https://panlex.org/snapshot/panlex-20191001-csv/400#13362970>		"tigrinja"@sv	
"Ede Baski"@yo	<https://panlex.org/snapshot/panlex-20191001-csv/400#13347088>				<https://panlex.org/snapshot/panlex-20191001-csv/400#13347076>		"baskiska"@sv	
"Ede Turkey"@yo	<https://panlex.org/snapshot/panlex-20191001-csv/400#13363659>				<https://panlex.org/snapshot/panlex-20191001-csv/400#13363647>		"turkiska"@sv	
"Ede Afrikani"@yo	<https://panlex.org/snapshot/panlex-20191001-csv/400#13340767>				<https://panlex.org/snapshot/panlex-20191001-csv/400#13340756>		"afrikaans"@sv	
"Ede Dutch"@yo	<https://panlex.org/snapshot/panlex-20191001-csv/400#13356841>				<https://panlex.org/snapshot/panlex-20191001-csv/400#13356825>		"nederländska"@sv	
"Yiddishi"@yo	<https://panlex.org/snapshot/panlex-20191001-csv/400#13365461>				<https://panlex.org/snapshot/panlex-20191001-csv/400#13365450>		"jiddisch"@sv	
"Ti Assam"@yo	<https://panlex.org/snapshot/panlex-20191001-csv/400#13341753>				<https://panlex.org/snapshot/panlex-20191001-csv/400#13341744>		"assamesiska"@sv	
"Ede Sinhalese"@yo	<https://panlex.org/snapshot/panlex-20191001-csv/400#13360681>				<https://panlex.org/snapshot/panlex-20191001-csv/400#13360670>		"singalesiska"@sv	
"Ede Indonesia"@yo	<https://panlex.org/snapshot/panlex-20191001-csv/400#13350517>				<https://panlex.org/snapshot/panlex-20191001-csv/400#13350504>		"indonesiska"@sv	
"Ede Malayalami"@yo	<https://panlex.org/snapshot/panlex-20191001-csv/400#13355237>				<https://panlex.org/snapshot/panlex-20191001-csv/400#13355225>		"malayalam"@sv	
"Ede Javana"@yo	<https://panlex.org/snapshot/panlex-20191001-csv/400#13351622>				<https://panlex.org/snapshot/panlex-20191001-csv/400#13351610>		"javanesiska"@sv	
"Ede Vietnamu"@yo	<https://panlex.org/snapshot/panlex-20191001-csv/400#13364831>				<https://panlex.org/snapshot/panlex-20191001-csv/400#13364820>		"vietnamesiska"@sv	
"Èdè Ilẹ̀ Germany"@yo	<https://panlex.org/snapshot/panlex-20191001-csv/400#13345433>				<https://panlex.org/snapshot/panlex-20191001-csv/400#13345413>		"tyska"@sv	
"Korean"@yo	<https://panlex.org/snapshot/panlex-20191001-csv/400#13352694>				<https://panlex.org/snapshot/panlex-20191001-csv/400#13352681>		"koreanska"@sv	
"Ede Esperanto"@yo	<https://panlex.org/snapshot/panlex-20191001-csv/400#13346700>				<https://panlex.org/snapshot/panlex-20191001-csv/400#13346688>		"esperanto"@sv	
"Èdè Gẹ̀ẹ́sì"@yo	<https://panlex.org/snapshot/panlex-20191001-csv/400#13346378>				<https://panlex.org/snapshot/panlex-20191001-csv/400#13346358>		"engelska"@sv	
"Ede Catala"@yo	<https://panlex.org/snapshot/panlex-20191001-csv/400#13343685>				<https://panlex.org/snapshot/panlex-20191001-csv/400#13343673>		"katalanska"@sv	
"Ede Thai"@yo	<https://panlex.org/snapshot/panlex-20191001-csv/400#13362890>				<https://panlex.org/snapshot/panlex-20191001-csv/400#13362878>		"thailändska"@sv	
"Ede Welshi"@yo	<https://panlex.org/snapshot/panlex-20191001-csv/400#13345107>				<https://panlex.org/snapshot/panlex-20191001-csv/400#13345096>		"walesiska"@sv	
"Ede Slovaki"@yo	<https://panlex.org/snapshot/panlex-20191001-csv/400#13360891>				<https://panlex.org/snapshot/panlex-20191001-csv/400#13360880>		"slovakiska"@sv	
"Ede Kroatia"@yo	<https://panlex.org/snapshot/panlex-20191001-csv/400#13349952>				<https://panlex.org/snapshot/panlex-20191001-csv/400#13349941>		"kroatiska"@sv	
"ara Laos"@yo	<https://panlex.org/snapshot/panlex-20191001-csv/400#13353890>				<https://panlex.org/snapshot/panlex-20191001-csv/400#13353880>		"laotiska"@sv	
"Ede Occitani"@yo	<https://panlex.org/snapshot/panlex-20191001-csv/400#13357632>				<https://panlex.org/snapshot/panlex-20191001-csv/400#13357621>		"occitanska"@sv	
"giriki"@yo	<https://panlex.org/snapshot/panlex-20191001-csv/400#13346227>				<https://panlex.org/snapshot/panlex-20191001-csv/400#13346212>		"grekiska"@sv	
"Ede Persia"@yo	<https://panlex.org/snapshot/panlex-20191001-csv/400#13347225>				<https://panlex.org/snapshot/panlex-20191001-csv/400#13347210>		"persiska"@sv	
"Orile-ede Tseki"@yo	<https://panlex.org/snapshot/panlex-20191001-csv/400#13344854>				<https://panlex.org/snapshot/panlex-20191001-csv/400#13344840>		"tjeckiska"@sv	
"Ede Slovenia"@yo	<https://panlex.org/snapshot/panlex-20191001-csv/400#13360987>				<https://panlex.org/snapshot/panlex-20191001-csv/400#13360976>		"slovenska"@sv	
"Pashto"@yo	<https://panlex.org/snapshot/panlex-20191001-csv/400#13358737>				<https://panlex.org/snapshot/panlex-20191001-csv/400#13358726>		"afghanska"@sv	
"Ede Klingoni"@yo	<https://panlex.org/snapshot/panlex-20191001-csv/400#13363331>				<https://panlex.org/snapshot/panlex-20191001-csv/400#13363321>		"klingonska"@sv	
"Ede Telugu"@yo	<https://panlex.org/snapshot/panlex-20191001-csv/400#13362638>				<https://panlex.org/snapshot/panlex-20191001-csv/400#13362626>		"telugiska"@sv	
"Ede Belarusi"@yo	<https://panlex.org/snapshot/panlex-20191001-csv/400#13342486>				<https://panlex.org/snapshot/panlex-20191001-csv/400#13342474>		"vitryska"@sv	
"Ede Lithuania"@yo	<https://panlex.org/snapshot/panlex-20191001-csv/400#13354056>				<https://panlex.org/snapshot/panlex-20191001-csv/400#13354042>		"litauiska"@sv	
"ara Mangoli"@yo	<https://panlex.org/snapshot/panlex-20191001-csv/400#13355330>				<https://panlex.org/snapshot/panlex-20191001-csv/400#13355320>		"mongoliska"@sv	
"Ede Bosnia"@yo	<https://panlex.org/snapshot/panlex-20191001-csv/400#13343438>				<https://panlex.org/snapshot/panlex-20191001-csv/400#13343427>		"bosniska"@sv	
"Ede Bengali"@yo	<https://panlex.org/snapshot/panlex-20191001-csv/400#13343116>				<https://panlex.org/snapshot/panlex-20191001-csv/400#13343101>		"bengali"@sv	
"Twi"@yo	<https://panlex.org/snapshot/panlex-20191001-csv/400#13364032>				<https://panlex.org/snapshot/panlex-20191001-csv/400#13364022>		"twi"@sv	
"Ede Romania"@yo	<https://panlex.org/snapshot/panlex-20191001-csv/400#13359348>				<https://panlex.org/snapshot/panlex-20191001-csv/400#13359334>		"rumänska"@sv	
"Ede Xhosa"@yo	<https://panlex.org/snapshot/panlex-20191001-csv/400#13365301>				<https://panlex.org/snapshot/panlex-20191001-csv/400#13365289>		"xhosa"@sv	
"Ede Albania"@yo	<https://panlex.org/snapshot/panlex-20191001-csv/400#13361605>				<https://panlex.org/snapshot/panlex-20191001-csv/400#13361594>		"albanska"@sv	
"Ede Frisia"@yo	<https://panlex.org/snapshot/panlex-20191001-csv/400#13348226>				<https://panlex.org/snapshot/panlex-20191001-csv/400#13348214>		"västfrisiska"@sv	
"Ede Serbia"@yo	<https://panlex.org/snapshot/panlex-20191001-csv/400#13361703>				<https://panlex.org/snapshot/panlex-20191001-csv/400#13361691>		"serbiska"@sv	
"Sesoto"@yo	<https://panlex.org/snapshot/panlex-20191001-csv/400#13361939>				<https://panlex.org/snapshot/panlex-20191001-csv/400#13361929>		"sydsotho"@sv	
"Èdè Ilẹ̀ Denmark"@yo	<https://panlex.org/snapshot/panlex-20191001-csv/400#13345210>				<https://panlex.org/snapshot/panlex-20191001-csv/400#13345195>		"danska"@sv	
"Ede Faroesi"@yo	<https://panlex.org/snapshot/panlex-20191001-csv/400#13347720>				<https://panlex.org/snapshot/panlex-20191001-csv/400#13347708>		"färöiska"@sv	
"Ede Icelandic"@yo	<https://panlex.org/snapshot/panlex-20191001-csv/400#13351136>				<https://panlex.org/snapshot/panlex-20191001-csv/400#13351122>		"isländska"@sv	
"Èdè Ilẹ̀ Polandi"@yo	<https://panlex.org/snapshot/panlex-20191001-csv/400#13358531>				<https://panlex.org/snapshot/panlex-20191001-csv/400#13358517>		"polska"@sv	
"Ede Hungaria"@yo	<https://panlex.org/snapshot/panlex-20191001-csv/400#13350127>				<https://panlex.org/snapshot/panlex-20191001-csv/400#13350113>		"ungerska"@sv	
"Ede Gaelik ti Ilu Scotland"@yo	<https://panlex.org/snapshot/panlex-20191001-csv/400#13348530>				<https://panlex.org/snapshot/panlex-20191001-csv/400#13348518>		"höglandsskotska"@sv	
"Ede Malaya"@yo	<https://panlex.org/snapshot/panlex-20191001-csv/400#13355758>				<https://panlex.org/snapshot/panlex-20191001-csv/400#13355746>		"malajiska"@sv	
"Italiani"@yo	<https://panlex.org/snapshot/panlex-20191001-csv/400#13351249>				<https://panlex.org/snapshot/panlex-20191001-csv/400#13351230>		"italienska"@sv	
"Ede Roosia"@yo	<https://panlex.org/snapshot/panlex-20191001-csv/400#13359569>				<https://panlex.org/snapshot/panlex-20191001-csv/400#13359550>		"ryska"@sv	
"Ile Armenia"@yo	<https://panlex.org/snapshot/panlex-20191001-csv/400#13350254>				<https://panlex.org/snapshot/panlex-20191001-csv/400#13350245>		"armeniska"@sv	
"Guarani"@yo	<https://panlex.org/snapshot/panlex-20191001-csv/400#13348881>				<https://panlex.org/snapshot/panlex-20191001-csv/400#13348870>		"guaraní"@sv	
"Ede Swahili"@yo	<https://panlex.org/snapshot/panlex-20191001-csv/400#13362340>				<https://panlex.org/snapshot/panlex-20191001-csv/400#13362328>		"swahili"@sv	
"Ede Tamili"@yo	<https://panlex.org/snapshot/panlex-20191001-csv/400#13362502>				<https://panlex.org/snapshot/panlex-20191001-csv/400#13362490>		"tamil"@sv	
"Ede Latini"@yo	<https://panlex.org/snapshot/panlex-20191001-csv/400#13353452>				<https://panlex.org/snapshot/panlex-20191001-csv/400#13353438>		"latin"@sv	
"Ede Arabia"@yo	<https://panlex.org/snapshot/panlex-20191001-csv/400#13341460>				<https://panlex.org/snapshot/panlex-20191001-csv/400#13341444>		"arabiska"@sv	
"Ede Portugi"@yo	<https://panlex.org/snapshot/panlex-20191001-csv/400#13358847>				<https://panlex.org/snapshot/panlex-20191001-csv/400#13358827>		"portugisiska"@sv	
"Yorùbá"@yo	<https://panlex.org/snapshot/panlex-20191001-csv/400#13365512>				<https://panlex.org/snapshot/panlex-20191001-csv/400#13365507>		"yoruba"@sv	
"Ede Ireland"@yo	<https://panlex.org/snapshot/panlex-20191001-csv/400#13348329>				<https://panlex.org/snapshot/panlex-20191001-csv/400#13348315>		"iriska"@sv	
"Turkmen"@yo	<https://panlex.org/snapshot/panlex-20191001-csv/400#13363144>				<https://panlex.org/snapshot/panlex-20191001-csv/400#13363134>		"turkmeniska"@sv	
"Ede Azerbaijani"@yo	<https://panlex.org/snapshot/panlex-20191001-csv/400#13342106>				<https://panlex.org/snapshot/panlex-20191001-csv/400#13342095>		"azerbajdzjanska"@sv	
"Ede Hindi"@yo	<https://panlex.org/snapshot/panlex-20191001-csv/400#13349677>				<https://panlex.org/snapshot/panlex-20191001-csv/400#13349660>		"hindi"@sv	
"Ta"@yo	<https://panlex.org/snapshot/panlex-20191001-csv/400#13353799>				<https://panlex.org/snapshot/panlex-20191001-csv/400#13353790>		"lingala"@sv	
"ara Somalia"@yo	<https://panlex.org/snapshot/panlex-20191001-csv/400#13361440>				<https://panlex.org/snapshot/panlex-20191001-csv/400#13361431>		"somaliska"@sv	
"Ede Bihari"@yo	<https://panlex.org/snapshot/panlex-20191001-csv/400#13342792>				<https://panlex.org/snapshot/panlex-20191001-csv/400#13342779>		"bihari"@sv	
"suwidiisi"@yo	<https://panlex.org/snapshot/panlex-20191001-csv/400#13362245>				<https://panlex.org/snapshot/panlex-20191001-csv/400#13362229>		"svenska"@sv	
"Ede Georgia"@yo	<https://panlex.org/snapshot/panlex-20191001-csv/400#13351719>				<https://panlex.org/snapshot/panlex-20191001-csv/400#13351707>		"georgiska"@sv	
"Ede Punjabi"@yo	<https://panlex.org/snapshot/panlex-20191001-csv/400#13358056>				<https://panlex.org/snapshot/panlex-20191001-csv/400#13358044>		"punjabi"@sv	
"Serbo-Croatiani"@yo	<https://panlex.org/snapshot/panlex-20191001-csv/400#13360550>				<https://panlex.org/snapshot/panlex-20191001-csv/400#13360541>		"serbokroatiska"@sv	
"Ede Nepali"@yo	<https://panlex.org/snapshot/panlex-20191001-csv/400#13356564>				<https://panlex.org/snapshot/panlex-20191001-csv/400#13356552>		"nepalesiska"@sv	
"Ede Urdu"@yo	<https://panlex.org/snapshot/panlex-20191001-csv/400#13364568>				<https://panlex.org/snapshot/panlex-20191001-csv/400#13364554>		"urdu"@sv	
"oti"@yo	<https://panlex.org/snapshot/panlex-20191001-csv/19#1025958>				<https://panlex.org/snapshot/panlex-20191001-csv/19#1025956>		"nej"@sv	
"ó"@yo	<https://panlex.org/snapshot/panlex-20191001-csv/9#473915>				<https://panlex.org/snapshot/panlex-20191001-csv/9#473903>		"han"@sv	
"çërin"@yo	<https://panlex.org/snapshot/panlex-20191001-csv/12#845463>				<https://panlex.org/snapshot/panlex-20191001-csv/12#845447>		"fyra"@sv	
"ọgóta"@yo	<https://panlex.org/snapshot/panlex-20191001-csv/12#845886>				<https://panlex.org/snapshot/panlex-20191001-csv/12#845877>		"sextio"@sv	
"omi"@yo	<https://panlex.org/snapshot/panlex-20191001-csv/12#851259>				<https://panlex.org/snapshot/panlex-20191001-csv/12#851172>		"vatten"@sv	
"ọṣẹ"@yo	<https://panlex.org/snapshot/panlex-20191001-csv/12#883235>				<https://panlex.org/snapshot/panlex-20191001-csv/12#883227>		"såpa"@sv	
"ọṣẹ"@yo	<https://panlex.org/snapshot/panlex-20191001-csv/12#883235>				<https://panlex.org/snapshot/panlex-20191001-csv/12#883228>		"tvål"@sv	
"ìwé ìko̩ni nípa àgbáyé"@yo	<https://panlex.org/snapshot/panlex-20191001-csv/2904#111022637>				<https://panlex.org/snapshot/panlex-20191001-csv/2904#111022676>		"geografi"@sv	
"è̩kó̩ mímò̩ èdè"@yo	<https://panlex.org/snapshot/panlex-20191001-csv/2904#111023279>				<https://panlex.org/snapshot/panlex-20191001-csv/2904#111023172>		"lingvistik"@sv	
"è̩kó̩ mímò̩ èdè"@yo	<https://panlex.org/snapshot/panlex-20191001-csv/2904#111023279>				<https://panlex.org/snapshot/panlex-20191001-csv/2904#111023160>		"språkvetenskap"@sv	
"ìs̩irò"@yo	<https://panlex.org/snapshot/panlex-20191001-csv/2904#111023373>				<https://panlex.org/snapshot/panlex-20191001-csv/2904#111023503>		"matematik"@sv	
"irú é̩ko̩ kan"@yo	<https://panlex.org/snapshot/panlex-20191001-csv/2904#111022503>				<https://panlex.org/snapshot/panlex-20191001-csv/2904#111022380>		"kemi"@sv	
"egbògi"@yo	<https://panlex.org/snapshot/panlex-20191001-csv/2904#111023572>				<https://panlex.org/snapshot/panlex-20191001-csv/2904#111023576>		"medicin"@sv	
"è̩kó̩ nípa é̩dá bàyó̩ló̩jì"@yo	<https://panlex.org/snapshot/panlex-20191001-csv/2904#111022342>				<https://panlex.org/snapshot/panlex-20191001-csv/2904#111022270>		"biologi"@sv	
"yunifásítì"@yo	<https://panlex.org/snapshot/panlex-20191001-csv/2904#111024455>				<https://panlex.org/snapshot/panlex-20191001-csv/2904#111024597>		"universitet"@sv	
"íwé ìtàn"@yo	<https://panlex.org/snapshot/panlex-20191001-csv/2904#111022962>				<https://panlex.org/snapshot/panlex-20191001-csv/2904#111022939>		"historia"@sv	
"è̩kó̩ ìmò̩"@yo	<https://panlex.org/snapshot/panlex-20191001-csv/2904#111023873>				<https://panlex.org/snapshot/panlex-20191001-csv/2904#111023881>		"filosofi"@sv	
"aworan ilé̩ kíkó̩"@yo	<https://panlex.org/snapshot/panlex-20191001-csv/2904#111021855>				<https://panlex.org/snapshot/panlex-20191001-csv/2904#111021795>		"arkitektur"@sv	
"agbára"@yo	<https://panlex.org/snapshot/panlex-20191001-csv/2904#111023987>				<https://panlex.org/snapshot/panlex-20191001-csv/2904#111024071>		"fysik"@sv	
"é̩ko̩ nípa àwěn ìràwó̩ìmo̩ ìràwó̩"@yo	<https://panlex.org/snapshot/panlex-20191001-csv/2904#111022040>				<https://panlex.org/snapshot/panlex-20191001-csv/2904#111022121>		"astronomi"@sv	
"sáyé̩nsì"@yo	<https://panlex.org/snapshot/panlex-20191001-csv/2904#111024290>				<https://panlex.org/snapshot/panlex-20191001-csv/2904#111024324>		"vetenskap"@sv	
"alaáfía"@yo	<https://panlex.org/snapshot/panlex-20191001-csv/2902#111012037>				<https://panlex.org/snapshot/panlex-20191001-csv/2902#111012323>		"fred"@sv	
"Òkun Pupa"@yo	<https://panlex.org/snapshot/panlex-20191001-csv/2905#110871006>				<https://panlex.org/snapshot/panlex-20191001-csv/2905#110871105>		"Röda havet"@sv	
"Òkun Me̩ditéránì"@yo	<https://panlex.org/snapshot/panlex-20191001-csv/2905#110870371>				<https://panlex.org/snapshot/panlex-20191001-csv/2905#110870431>		"Medelhavet"@sv	
"Òkun Dúdú"@yo	<https://panlex.org/snapshot/panlex-20191001-csv/2905#110869168>				<https://panlex.org/snapshot/panlex-20191001-csv/2905#110869005>		"Svarta havet"@sv	
"Òkun Arábíà"@yo	<https://panlex.org/snapshot/panlex-20191001-csv/2905#110868467>				<https://panlex.org/snapshot/panlex-20191001-csv/2905#110868528>		"Arabiska havet"@sv	
"Júpítà"@yo	<https://panlex.org/snapshot/panlex-20191001-csv/2907#110846523>				<https://panlex.org/snapshot/panlex-20191001-csv/2907#110846528>		"Jupiter"@sv	
"Ò̩nà ètò tòòrùn"@yo	<https://panlex.org/snapshot/panlex-20191001-csv/2907#110848193>				<https://panlex.org/snapshot/panlex-20191001-csv/2907#110848201>		"Solsystemet"@sv	
"Òs̩ùpá"@yo	<https://panlex.org/snapshot/panlex-20191001-csv/2907#110845720>				<https://panlex.org/snapshot/panlex-20191001-csv/2907#110845772>		"Månen"@sv	
"Sátó̩ó̩nù"@yo	<https://panlex.org/snapshot/panlex-20191001-csv/2907#110846564>				<https://panlex.org/snapshot/panlex-20191001-csv/2907#110846563>		"Saturnus"@sv	
"Òòrùn"@yo	<https://panlex.org/snapshot/panlex-20191001-csv/2907#110845056>				<https://panlex.org/snapshot/panlex-20191001-csv/2907#110845062>		"Solen"@sv	
"Úránó̩ó̩sì"@yo	<https://panlex.org/snapshot/panlex-20191001-csv/2907#110846974>				<https://panlex.org/snapshot/panlex-20191001-csv/2907#110846870>		"Uranus"@sv	
"Pluto"@yo	<https://panlex.org/snapshot/panlex-20191001-csv/2907#110847194>				<https://panlex.org/snapshot/panlex-20191001-csv/2907#110847221>		"Pluto"@sv	
"Àgùàlà"@yo	<https://panlex.org/snapshot/panlex-20191001-csv/2907#110845462>				<https://panlex.org/snapshot/panlex-20191001-csv/2907#110845339>		"Venus"@sv	
"Mársì"@yo	<https://panlex.org/snapshot/panlex-20191001-csv/2907#110846056>				<https://panlex.org/snapshot/panlex-20191001-csv/2907#110846085>		"Mars"@sv	
"Nẹ́ptúùnù"@yo	<https://panlex.org/snapshot/panlex-20191001-csv/2907#110847027>				<https://panlex.org/snapshot/panlex-20191001-csv/2907#110847021>		"Neptunus"@sv	
"Ilè̩-ayé"@yo	<https://panlex.org/snapshot/panlex-20191001-csv/2907#110845630>				<https://panlex.org/snapshot/panlex-20191001-csv/2907#110845535>		"Jorden"@sv	
"Mé̩kíúrì"@yo	<https://panlex.org/snapshot/panlex-20191001-csv/2907#110845092>				<https://panlex.org/snapshot/panlex-20191001-csv/2907#110845214>		"Merkurius"@sv	
"Ayégbogbo è̩dáàgbáyé"@yo	<https://panlex.org/snapshot/panlex-20191001-csv/2907#110848930>				<https://panlex.org/snapshot/panlex-20191001-csv/2907#110849085>		"Universum"@sv	
"Òkun Atlantiki"@yo	<https://panlex.org/snapshot/panlex-20191001-csv/2901#110867403>				<https://panlex.org/snapshot/panlex-20191001-csv/2901#110867519>		"Atlantiska oceanen"@sv	
"Òkun Atlantiki"@yo	<https://panlex.org/snapshot/panlex-20191001-csv/2901#110867403>				<https://panlex.org/snapshot/panlex-20191001-csv/2901#110867424>		"Atlanten"@sv	
"Òkun Árktìkì"@yo	<https://panlex.org/snapshot/panlex-20191001-csv/2901#110867257>				<https://panlex.org/snapshot/panlex-20191001-csv/2901#110867312>		"Arktiska oceanen"@sv	
"Òkun Árktìkì"@yo	<https://panlex.org/snapshot/panlex-20191001-csv/2901#110867257>				<https://panlex.org/snapshot/panlex-20191001-csv/2901#110867164>		"Ishavet"@sv	
"Òkun Árktìkì"@yo	<https://panlex.org/snapshot/panlex-20191001-csv/2901#110867257>				<https://panlex.org/snapshot/panlex-20191001-csv/2901#110867350>		"Norra ishavet"@sv	
"Òkun Alafia"@yo	<https://panlex.org/snapshot/panlex-20191001-csv/2901#110867985>				<https://panlex.org/snapshot/panlex-20191001-csv/2901#110868037>		"Stilla havet"@sv	
"Òkun Apa-Ariwa"@yo	<https://panlex.org/snapshot/panlex-20191001-csv/2901#110868387>				<https://panlex.org/snapshot/panlex-20191001-csv/2901#110868374>		"Södra ishavet"@sv	
"Òkun Apa-Ariwa"@yo	<https://panlex.org/snapshot/panlex-20191001-csv/2901#110868387>				<https://panlex.org/snapshot/panlex-20191001-csv/2901#110868385>		"Södra oceanen"@sv	
"Òkun Apa-Ariwa"@yo	<https://panlex.org/snapshot/panlex-20191001-csv/2901#110868387>				<https://panlex.org/snapshot/panlex-20191001-csv/2901#110868372>		"Antarktiska oceanen"@sv	
"Òkun India"@yo	<https://panlex.org/snapshot/panlex-20191001-csv/2901#110867818>				<https://panlex.org/snapshot/panlex-20191001-csv/2901#110867841>		"Indiska oceanen"@sv	
"Ádámù àti Éfà"@yo	<https://panlex.org/snapshot/panlex-20191001-csv/2906#111019227>				<https://panlex.org/snapshot/panlex-20191001-csv/2906#111019131>		"Adam och Eva"@sv	
"Ale̩ksándrò̩s Olókìkí"@yo	<https://panlex.org/snapshot/panlex-20191001-csv/2906#111019336>				<https://panlex.org/snapshot/panlex-20191001-csv/2906#111019238>		"Alexander den store"@sv	
"ó"@yo	<https://panlex.org/snapshot/panlex-20191001-csv/8#179875>				<https://panlex.org/snapshot/panlex-20191001-csv/8#179857>		"han"@sv	
"ó"@yo	<https://panlex.org/snapshot/panlex-20191001-csv/8#179947>				<https://panlex.org/snapshot/panlex-20191001-csv/8#179934>		"hon"@sv	
"ọgóta"@yo	<https://panlex.org/snapshot/panlex-20191001-csv/10#592246>				<https://panlex.org/snapshot/panlex-20191001-csv/10#592237>		"sextio"@sv	
"Ọjó ajé"@yo	<https://panlex.org/snapshot/panlex-20191001-csv/10#557041>				<https://panlex.org/snapshot/panlex-20191001-csv/10#557035>		"måndag"@sv	
"Orílẹ̀-Èdè Amẹ́ríkà"@yo	<https://panlex.org/snapshot/panlex-20191001-csv/10#581488>				<https://panlex.org/snapshot/panlex-20191001-csv/10#581471>		"Amerikas förenta stater"@sv	
"Orílẹ̀-Èdè Amẹ́ríkà"@yo	<https://panlex.org/snapshot/panlex-20191001-csv/10#581488>				<https://panlex.org/snapshot/panlex-20191001-csv/10#581472>		"Förenta staterna"@sv	
"Ilẹ̀-ayé"@yo	<https://panlex.org/snapshot/panlex-20191001-csv/10#581070>				<https://panlex.org/snapshot/panlex-20191001-csv/10#581055>		"Jorden"@sv	
"ajá"@yo	<https://panlex.org/snapshot/panlex-20191001-csv/10#578673>				<https://panlex.org/snapshot/panlex-20191001-csv/10#578661>		"hund"@sv	
"àlùbọ́sà"@yo	<https://panlex.org/snapshot/panlex-20191001-csv/15#985365>				<https://panlex.org/snapshot/panlex-20191001-csv/15#985363>		"lök"@sv	
"ọ̀nì"@yo	<https://panlex.org/snapshot/panlex-20191001-csv/15#982784>				<https://panlex.org/snapshot/panlex-20191001-csv/15#982779>		"krokodil"@sv	
"kọfí"@yo	<https://panlex.org/snapshot/panlex-20191001-csv/15#952154>				<https://panlex.org/snapshot/panlex-20191001-csv/15#952146>		"kaffe"@sv	
"ènìyàn"@yo	<https://panlex.org/snapshot/panlex-20191001-csv/15#962205>				<https://panlex.org/snapshot/panlex-20191001-csv/15#962198>		"människa"@sv	
"kòkó"@yo	<https://panlex.org/snapshot/panlex-20191001-csv/15#981973>				<https://panlex.org/snapshot/panlex-20191001-csv/15#981968>		"choklad"@sv	
"kòkó"@yo	<https://panlex.org/snapshot/panlex-20191001-csv/15#981973>				<https://panlex.org/snapshot/panlex-20191001-csv/15#981969>		"kakao"@sv	
"omi"@yo	<https://panlex.org/snapshot/panlex-20191001-csv/15#954023>				<https://panlex.org/snapshot/panlex-20191001-csv/15#954012>		"vatten"@sv	
"ajá"@yo	<https://panlex.org/snapshot/panlex-20191001-csv/15#953030>				<https://panlex.org/snapshot/panlex-20191001-csv/15#953021>		"hund"@sv	
"Àkójo̩e̩gbé̩ Ìs̩ò̩kan àwo̩n Orílè̩-èdè"@yo	<https://panlex.org/snapshot/panlex-20191001-csv/2894#111102108>				<https://panlex.org/snapshot/panlex-20191001-csv/2894#111101963>		"Förenta Nationerna"@sv	
"Àkójo̩e̩gbé̩ Ìs̩ò̩kan àwo̩n Orílè̩-èdè"@yo	<https://panlex.org/snapshot/panlex-20191001-csv/2894#111102108>				<https://panlex.org/snapshot/panlex-20191001-csv/2894#111102021>		"FN"@sv	
"Igbimo Olympiki Kakiriaye"@yo	<https://panlex.org/snapshot/panlex-20191001-csv/2894#111100636>				<https://panlex.org/snapshot/panlex-20191001-csv/2894#111100607>		"IOK"@sv	
"Igbimo Olympiki Kakiriaye"@yo	<https://panlex.org/snapshot/panlex-20191001-csv/2894#111100636>				<https://panlex.org/snapshot/panlex-20191001-csv/2894#111100688>		"Internationella Olympiska Kommittén"@sv	
"Àgbájo̩ Ìsòwò Àgbáyé"@yo	<https://panlex.org/snapshot/panlex-20191001-csv/2894#111102688>				<https://panlex.org/snapshot/panlex-20191001-csv/2894#111102717>		"Världshandelsorganisationen"@sv	
"o̩jó̩ Wesidé"@yo	<https://panlex.org/snapshot/panlex-20191001-csv/2892#110825256>				<https://panlex.org/snapshot/panlex-20191001-csv/2892#110824884>		"onsdag"@sv	
"Àlàmísì"@yo	<https://panlex.org/snapshot/panlex-20191001-csv/2892#110825607>				<https://panlex.org/snapshot/panlex-20191001-csv/2892#110825393>		"torsdag"@sv	
"o̩jó̩ kini o̩sè̩"@yo	<https://panlex.org/snapshot/panlex-20191001-csv/2892#110826947>				<https://panlex.org/snapshot/panlex-20191001-csv/2892#110826670>		"söndag"@sv	
"o̩jó̩ Jimõ̩"@yo	<https://panlex.org/snapshot/panlex-20191001-csv/2892#110825945>				<https://panlex.org/snapshot/panlex-20191001-csv/2892#110826039>		"fredag"@sv	
"o̩jó̩ ’Bo̩̩"@yo	<https://panlex.org/snapshot/panlex-20191001-csv/2892#110825529>				<https://panlex.org/snapshot/panlex-20191001-csv/2892#110825393>		"torsdag"@sv	
"o̩jó̩ Mo̩ndé"@yo	<https://panlex.org/snapshot/panlex-20191001-csv/2892#110824027>				<https://panlex.org/snapshot/panlex-20191001-csv/2892#110824230>		"måndag"@sv	
"Jimõ̩"@yo	<https://panlex.org/snapshot/panlex-20191001-csv/2892#110825756>				<https://panlex.org/snapshot/panlex-20191001-csv/2892#110826039>		"fredag"@sv	
"o̩jó̩ Is̩è̩gun"@yo	<https://panlex.org/snapshot/panlex-20191001-csv/2892#110824452>				<https://panlex.org/snapshot/panlex-20191001-csv/2892#110824606>		"tisdag"@sv	
"o̩jó̩ keje o̩sè̩"@yo	<https://panlex.org/snapshot/panlex-20191001-csv/2892#110826244>				<https://panlex.org/snapshot/panlex-20191001-csv/2892#110826213>		"lördag"@sv	
"o̩jó̩ Abame̩ta"@yo	<https://panlex.org/snapshot/panlex-20191001-csv/2892#110826309>				<https://panlex.org/snapshot/panlex-20191001-csv/2892#110826213>		"lördag"@sv	
"o̩jó̩ Àikú"@yo	<https://panlex.org/snapshot/panlex-20191001-csv/2892#110826587>				<https://panlex.org/snapshot/panlex-20191001-csv/2892#110826670>		"söndag"@sv	
"Tusidé"@yo	<https://panlex.org/snapshot/panlex-20191001-csv/2892#110824573>				<https://panlex.org/snapshot/panlex-20191001-csv/2892#110824606>		"tisdag"@sv	
"o̩jó̩ ke̩rin o̩sè̩"@yo	<https://panlex.org/snapshot/panlex-20191001-csv/2892#110825244>				<https://panlex.org/snapshot/panlex-20191001-csv/2892#110824884>		"onsdag"@sv	
"o̩jó̩ kãrun o̩sè̩"@yo	<https://panlex.org/snapshot/panlex-20191001-csv/2892#110825573>				<https://panlex.org/snapshot/panlex-20191001-csv/2892#110825393>		"torsdag"@sv	
"o̩jó̩ Ajé"@yo	<https://panlex.org/snapshot/panlex-20191001-csv/2892#110824386>				<https://panlex.org/snapshot/panlex-20191001-csv/2892#110824230>		"måndag"@sv	
"o̩jó̩ o̩sè̩"@yo	<https://panlex.org/snapshot/panlex-20191001-csv/2892#110826806>				<https://panlex.org/snapshot/panlex-20191001-csv/2892#110826670>		"söndag"@sv	
"o̩jó̩ E̩ti"@yo	<https://panlex.org/snapshot/panlex-20191001-csv/2892#110825748>				<https://panlex.org/snapshot/panlex-20191001-csv/2892#110826039>		"fredag"@sv	
"o̩jó̩ Àlàmísì"@yo	<https://panlex.org/snapshot/panlex-20191001-csv/2892#110825672>				<https://panlex.org/snapshot/panlex-20191001-csv/2892#110825393>		"torsdag"@sv	
"o̩jó̩ ’Ru"@yo	<https://panlex.org/snapshot/panlex-20191001-csv/2892#110824881>				<https://panlex.org/snapshot/panlex-20191001-csv/2892#110824884>		"onsdag"@sv	
"o̩jó̩ Satidé"@yo	<https://panlex.org/snapshot/panlex-20191001-csv/2892#110826278>				<https://panlex.org/snapshot/panlex-20191001-csv/2892#110826213>		"lördag"@sv	
"Mo̩ndé"@yo	<https://panlex.org/snapshot/panlex-20191001-csv/2892#110824104>				<https://panlex.org/snapshot/panlex-20191001-csv/2892#110824230>		"måndag"@sv	
"o̩jó̩ ke̩fà o̩sè̩"@yo	<https://panlex.org/snapshot/panlex-20191001-csv/2892#110826126>				<https://panlex.org/snapshot/panlex-20191001-csv/2892#110826039>		"fredag"@sv	
"o̩jó̩ ke̩ta o̩sè̩"@yo	<https://panlex.org/snapshot/panlex-20191001-csv/2892#110824518>				<https://panlex.org/snapshot/panlex-20191001-csv/2892#110824606>		"tisdag"@sv	
"So̩ndé"@yo	<https://panlex.org/snapshot/panlex-20191001-csv/2892#110826976>				<https://panlex.org/snapshot/panlex-20191001-csv/2892#110826670>		"söndag"@sv	
"Satidé"@yo	<https://panlex.org/snapshot/panlex-20191001-csv/2892#110826421>				<https://panlex.org/snapshot/panlex-20191001-csv/2892#110826213>		"lördag"@sv	
"Wesidé"@yo	<https://panlex.org/snapshot/panlex-20191001-csv/2892#110825234>				<https://panlex.org/snapshot/panlex-20191001-csv/2892#110824884>		"onsdag"@sv	
"o̩jó̩ keji o̩sè̩"@yo	<https://panlex.org/snapshot/panlex-20191001-csv/2892#110824318>				<https://panlex.org/snapshot/panlex-20191001-csv/2892#110824230>		"måndag"@sv	
"o̩jó̩ Tusidé"@yo	<https://panlex.org/snapshot/panlex-20191001-csv/2892#110824740>				<https://panlex.org/snapshot/panlex-20191001-csv/2892#110824606>		"tisdag"@sv	
"o̩jó̩ So̩ndé"@yo	<https://panlex.org/snapshot/panlex-20191001-csv/2892#110826852>				<https://panlex.org/snapshot/panlex-20191001-csv/2892#110826670>		"söndag"@sv	
"ke̩jo̩"@yo	<https://panlex.org/snapshot/panlex-20191001-csv/2897#110830305>				<https://panlex.org/snapshot/panlex-20191001-csv/2897#110830111>		"augusti"@sv	
"ke̩jo̩"@yo	<https://panlex.org/snapshot/panlex-20191001-csv/2897#110830305>				<https://panlex.org/snapshot/panlex-20191001-csv/2897#110829994>		"skördemånad"@sv	
"ke̩rin"@yo	<https://panlex.org/snapshot/panlex-20191001-csv/2897#110828336>				<https://panlex.org/snapshot/panlex-20191001-csv/2897#110828284>		"gräsmånad"@sv	
"ke̩rin"@yo	<https://panlex.org/snapshot/panlex-20191001-csv/2897#110828336>				<https://panlex.org/snapshot/panlex-20191001-csv/2897#110828302>		"april"@sv	
"kè̩wá"@yo	<https://panlex.org/snapshot/panlex-20191001-csv/2897#110830880>				<https://panlex.org/snapshot/panlex-20191001-csv/2897#110831107>		"slaktmånad"@sv	
"kè̩wá"@yo	<https://panlex.org/snapshot/panlex-20191001-csv/2897#110830880>				<https://panlex.org/snapshot/panlex-20191001-csv/2897#110831075>		"oktober"@sv	
"kejìlá"@yo	<https://panlex.org/snapshot/panlex-20191001-csv/2897#110831575>				<https://panlex.org/snapshot/panlex-20191001-csv/2897#110831912>		"julmånad"@sv	
"kejìlá"@yo	<https://panlex.org/snapshot/panlex-20191001-csv/2897#110831575>				<https://panlex.org/snapshot/panlex-20191001-csv/2897#110831941>		"december"@sv	
"keje"@yo	<https://panlex.org/snapshot/panlex-20191001-csv/2897#110829814>				<https://panlex.org/snapshot/panlex-20191001-csv/2897#110829648>		"hömånad"@sv	
"keje"@yo	<https://panlex.org/snapshot/panlex-20191001-csv/2897#110829814>				<https://panlex.org/snapshot/panlex-20191001-csv/2897#110829835>		"juli"@sv	
"kejì"@yo	<https://panlex.org/snapshot/panlex-20191001-csv/2897#110827753>				<https://panlex.org/snapshot/panlex-20191001-csv/2897#110827841>		"februari"@sv	
"kejì"@yo	<https://panlex.org/snapshot/panlex-20191001-csv/2897#110827753>				<https://panlex.org/snapshot/panlex-20191001-csv/2897#110827562>		"göjemånad"@sv	
"kínní"@yo	<https://panlex.org/snapshot/panlex-20191001-csv/2897#110827160>				<https://panlex.org/snapshot/panlex-20191001-csv/2897#110827319>		"januari"@sv	
"kínní"@yo	<https://panlex.org/snapshot/panlex-20191001-csv/2897#110827160>				<https://panlex.org/snapshot/panlex-20191001-csv/2897#110827363>		"torsmånad"@sv	
"kè̩sán"@yo	<https://panlex.org/snapshot/panlex-20191001-csv/2897#110830328>				<https://panlex.org/snapshot/panlex-20191001-csv/2897#110830357>		"höstmånad"@sv	
"kè̩sán"@yo	<https://panlex.org/snapshot/panlex-20191001-csv/2897#110830328>				<https://panlex.org/snapshot/panlex-20191001-csv/2897#110830445>		"september"@sv	
"ke̩fà"@yo	<https://panlex.org/snapshot/panlex-20191001-csv/2897#110829359>				<https://panlex.org/snapshot/panlex-20191001-csv/2897#110829332>		"sommarmånad"@sv	
"ke̩fà"@yo	<https://panlex.org/snapshot/panlex-20191001-csv/2897#110829359>				<https://panlex.org/snapshot/panlex-20191001-csv/2897#110829121>		"juni"@sv	
"ko̩kànlá"@yo	<https://panlex.org/snapshot/panlex-20191001-csv/2897#110831166>				<https://panlex.org/snapshot/panlex-20191001-csv/2897#110831327>		"vintermånad"@sv	
"ko̩kànlá"@yo	<https://panlex.org/snapshot/panlex-20191001-csv/2897#110831166>				<https://panlex.org/snapshot/panlex-20191001-csv/2897#110831468>		"november"@sv	
"kàrún"@yo	<https://panlex.org/snapshot/panlex-20191001-csv/2897#110828890>				<https://panlex.org/snapshot/panlex-20191001-csv/2897#110828866>		"lövmånad"@sv	
"kàrún"@yo	<https://panlex.org/snapshot/panlex-20191001-csv/2897#110828890>				<https://panlex.org/snapshot/panlex-20191001-csv/2897#110828906>		"maj"@sv	
"kàrún"@yo	<https://panlex.org/snapshot/panlex-20191001-csv/2897#110828890>				<https://panlex.org/snapshot/panlex-20191001-csv/2897#110828887>		"blomstermånad"@sv	
"ke̩ta"@yo	<https://panlex.org/snapshot/panlex-20191001-csv/2897#110828239>				<https://panlex.org/snapshot/panlex-20191001-csv/2897#110828030>		"vårmånad"@sv	
"ke̩ta"@yo	<https://panlex.org/snapshot/panlex-20191001-csv/2897#110828239>				<https://panlex.org/snapshot/panlex-20191001-csv/2897#110827859>		"mars"@sv	
"Yúróòpù"@yo	<https://panlex.org/snapshot/panlex-20191001-csv/2891#110854191>				<https://panlex.org/snapshot/panlex-20191001-csv/2891#110854239>		"Europa"@sv	
