"ì=ɲân"@isi	<https://panlex.org/snapshot/panlex-20191001-csv/3975#51727102>				<https://panlex.org/snapshot/panlex-20191001-csv/3975#51727092>		"tʰàná"@hio	
"ì=ɲân"@isi	<https://panlex.org/snapshot/panlex-20191001-csv/3975#51727102>				<https://panlex.org/snapshot/panlex-20191001-csv/3975#51727091>		"ɡǀana"@hio	
"ì=té"@isi	<https://panlex.org/snapshot/panlex-20191001-csv/3975#51733472>				<https://panlex.org/snapshot/panlex-20191001-csv/3975#51733462>		"yǐ"@hio	
"ì=té"@isi	<https://panlex.org/snapshot/panlex-20191001-csv/3975#51733472>				<https://panlex.org/snapshot/panlex-20191001-csv/3975#51733461>		"hiː"@hio	
"ì=té"@isi	<https://panlex.org/snapshot/panlex-20191001-csv/3975#51733472>				<https://panlex.org/snapshot/panlex-20191001-csv/3975#51733460>		"yiː"@hio	
"m̀=bôl"@isi	<https://panlex.org/snapshot/panlex-20191001-csv/3975#51727664>				<https://panlex.org/snapshot/panlex-20191001-csv/3975#51727654>		"ɡǀǀam"@hio	
"m̀=bôl"@isi	<https://panlex.org/snapshot/panlex-20191001-csv/3975#51727664>				<https://panlex.org/snapshot/panlex-20191001-csv/3975#51727655>		"kʼúnì"@hio	
"ǹ=gôn"@isi	<https://panlex.org/snapshot/panlex-20191001-csv/3975#51724483>				<https://panlex.org/snapshot/panlex-20191001-csv/3975#51724473>		"ǀeː"@hio	
"ǹ=gôn"@isi	<https://panlex.org/snapshot/panlex-20191001-csv/3975#51724483>				<https://panlex.org/snapshot/panlex-20191001-csv/3975#51724474>		"ǀʼé"@hio	
"à=tɔ̂ŋ"@isi	<https://panlex.org/snapshot/panlex-20191001-csv/3975#51720742>				<https://panlex.org/snapshot/panlex-20191001-csv/3975#51720731>		"ʓùá"@hio	
"à=tɔ̂ŋ"@isi	<https://panlex.org/snapshot/panlex-20191001-csv/3975#51720742>				<https://panlex.org/snapshot/panlex-20191001-csv/3975#51720730>		"ǯoaː"@hio	
"bûg"@isi	<https://panlex.org/snapshot/panlex-20191001-csv/3975#51724774>				<https://panlex.org/snapshot/panlex-20191001-csv/3975#51724765>		"fofa"@hio	
"=fùfúp"@isi	<https://panlex.org/snapshot/panlex-20191001-csv/3975#51733964>				<https://panlex.org/snapshot/panlex-20191001-csv/3975#51733958>		"ǂeː"@hio	
"ɲ̀=ɲò"@isi	<https://panlex.org/snapshot/panlex-20191001-csv/3975#51728508>				<https://panlex.org/snapshot/panlex-20191001-csv/3975#51728496>		"ǂam"@hio	
"ɲ̀=ɲò"@isi	<https://panlex.org/snapshot/panlex-20191001-csv/3975#51728508>				<https://panlex.org/snapshot/panlex-20191001-csv/3975#51728497>		"kʼàm̀"@hio	
"bȯ̂g"@isi	<https://panlex.org/snapshot/panlex-20191001-csv/3975#51724775>				<https://panlex.org/snapshot/panlex-20191001-csv/3975#51724765>		"fofa"@hio	
"ɲɛ̃̂n"@isi	<https://panlex.org/snapshot/panlex-20191001-csv/3975#51730813>				<https://panlex.org/snapshot/panlex-20191001-csv/3975#51730801>		"mũ̂"@hio	
"ɲɛ̃̂n"@isi	<https://panlex.org/snapshot/panlex-20191001-csv/3975#51730813>				<https://panlex.org/snapshot/panlex-20191001-csv/3975#51730800>		"moː"@hio	
"yêm"@isi	<https://panlex.org/snapshot/panlex-20191001-csv/3975#51731861>				<https://panlex.org/snapshot/panlex-20191001-csv/3975#51731853>		"tè"@hio	
"yêm"@isi	<https://panlex.org/snapshot/panlex-20191001-csv/3975#51731861>				<https://panlex.org/snapshot/panlex-20191001-csv/3975#51731852>		"tʰe"@hio	
"lupʰ"@isi	<https://panlex.org/snapshot/panlex-20191001-csv/3975#51735330>				<https://panlex.org/snapshot/panlex-20191001-csv/3975#51735320>		"kúḿ"@hio	
"m̀=môl"@isi	<https://panlex.org/snapshot/panlex-20191001-csv/3975#51729227>				<https://panlex.org/snapshot/panlex-20191001-csv/3975#51729218>		"ɕúì"@hio	
"m̀=môl"@isi	<https://panlex.org/snapshot/panlex-20191001-csv/3975#51729227>				<https://panlex.org/snapshot/panlex-20191001-csv/3975#51729216>		"čui"@hio	
"m̀=môl"@isi	<https://panlex.org/snapshot/panlex-20191001-csv/3975#51729227>				<https://panlex.org/snapshot/panlex-20191001-csv/3975#51729217>		"čwi"@hio	
"ì=kùrùŋkù"@isi	<https://panlex.org/snapshot/panlex-20191001-csv/3975#51721981>				<https://panlex.org/snapshot/panlex-20191001-csv/3975#51721972>		"ǀʰuː"@hio	
"ì=kùrùŋkù"@isi	<https://panlex.org/snapshot/panlex-20191001-csv/3975#51721981>				<https://panlex.org/snapshot/panlex-20191001-csv/3975#51721973>		"ǀǀǔ"@hio	
"ǹ=dȯ̌g"@isi	<https://panlex.org/snapshot/panlex-20191001-csv/3975#51730283>				<https://panlex.org/snapshot/panlex-20191001-csv/3975#51730275>		"papasi"@hio	
"ì=lôl"@isi	<https://panlex.org/snapshot/panlex-20191001-csv/3975#51733323>				<https://panlex.org/snapshot/panlex-20191001-csv/3975#51733313>		"ǀǀṹ"@hio	
"ì=lôl"@isi	<https://panlex.org/snapshot/panlex-20191001-csv/3975#51733323>				<https://panlex.org/snapshot/panlex-20191001-csv/3975#51733312>		"ɡǀǀoː"@hio	
"rap"@isi	<https://panlex.org/snapshot/panlex-20191001-csv/3975#51727537>				<https://panlex.org/snapshot/panlex-20191001-csv/3975#51727529>		"ǂxau"@hio	
"ù=gɔ̀ŋúgɔ̀ŋ"@isi	<https://panlex.org/snapshot/panlex-20191001-csv/3975#51735067>				<https://panlex.org/snapshot/panlex-20191001-csv/3975#51735060>		"setʰaː"@hio	
"à=fɔ̂m"@isi	<https://panlex.org/snapshot/panlex-20191001-csv/3975#51724212>				<https://panlex.org/snapshot/panlex-20191001-csv/3975#51724201>		"ɳǀǀùí"@hio	
"=ánà"@isi	<https://panlex.org/snapshot/panlex-20191001-csv/3975#51732880>				<https://panlex.org/snapshot/panlex-20191001-csv/3975#51732869>		"ǐ"@hio	
"=ánà"@isi	<https://panlex.org/snapshot/panlex-20191001-csv/3975#51732880>				<https://panlex.org/snapshot/panlex-20191001-csv/3975#51732868>		"e"@hio	
"ŋ́=kɔ̀bɔ́"@isi	<https://panlex.org/snapshot/panlex-20191001-csv/3975#51724640>				<https://panlex.org/snapshot/panlex-20191001-csv/3975#51724630>		"tʰapi"@hio	
"ì=rá"@isi	<https://panlex.org/snapshot/panlex-20191001-csv/3975#51736402>				<https://panlex.org/snapshot/panlex-20191001-csv/3975#51736388>		"čuri"@hio	
"ì=rá"@isi	<https://panlex.org/snapshot/panlex-20191001-csv/3975#51736402>				<https://panlex.org/snapshot/panlex-20191001-csv/3975#51736389>		"cúrí"@hio	
"yémɛ̀"@isi	<https://panlex.org/snapshot/panlex-20191001-csv/3975#51731862>				<https://panlex.org/snapshot/panlex-20191001-csv/3975#51731853>		"tè"@hio	
"yémɛ̀"@isi	<https://panlex.org/snapshot/panlex-20191001-csv/3975#51731862>				<https://panlex.org/snapshot/panlex-20191001-csv/3975#51731852>		"tʰe"@hio	
"nɛ=nɔm"@isi	<https://panlex.org/snapshot/panlex-20191001-csv/3975#51727798>				<https://panlex.org/snapshot/panlex-20191001-csv/3975#51727788>		"kʼáò"@hio	
"nɛ=nɔm"@isi	<https://panlex.org/snapshot/panlex-20191001-csv/3975#51727798>				<https://panlex.org/snapshot/panlex-20191001-csv/3975#51727787>		"kau-čo"@hio	
"ì=šî"@isi	<https://panlex.org/snapshot/panlex-20191001-csv/3975#51725900>				<https://panlex.org/snapshot/panlex-20191001-csv/3975#51725889>		"hma"@hio	
"ì=šî"@isi	<https://panlex.org/snapshot/panlex-20191001-csv/3975#51725900>				<https://panlex.org/snapshot/panlex-20191001-csv/3975#51725890>		"ḿ-ʔà"@hio	
"báiː=ǯùm"@isi	<https://panlex.org/snapshot/panlex-20191001-csv/3975#51734479>				<https://panlex.org/snapshot/panlex-20191001-csv/3975#51734469>		"na-o"@hio	
"yôl"@isi	<https://panlex.org/snapshot/panlex-20191001-csv/3975#51726679>				<https://panlex.org/snapshot/panlex-20191001-csv/3975#51726668>		"ɡǀoː"@hio	
"yôl"@isi	<https://panlex.org/snapshot/panlex-20191001-csv/3975#51726679>				<https://panlex.org/snapshot/panlex-20191001-csv/3975#51726669>		"ǀʼṹ"@hio	
"i=bùbú"@isi	<https://panlex.org/snapshot/panlex-20191001-csv/3975#51730507>				<https://panlex.org/snapshot/panlex-20191001-csv/3975#51730499>		"hom"@hio	
"m̀=bábár"@isi	<https://panlex.org/snapshot/panlex-20191001-csv/3975#51734627>				<https://panlex.org/snapshot/panlex-20191001-csv/3975#51734619>		"hwe-he"@hio	
"ɲ̀=ɲàɲàg"@isi	<https://panlex.org/snapshot/panlex-20191001-csv/3975#51721557>				<https://panlex.org/snapshot/panlex-20191001-csv/3975#51721548>		"ǯu-ɲe"@hio	
"ɲ̀=ɲàɲàg"@isi	<https://panlex.org/snapshot/panlex-20191001-csv/3975#51721557>				<https://panlex.org/snapshot/panlex-20191001-csv/3975#51721549>		"dú"@hio	
"lî"@isi	<https://panlex.org/snapshot/panlex-20191001-csv/3975#51723755>				<https://panlex.org/snapshot/panlex-20191001-csv/3975#51723744>		"ka"@hio	
"lî"@isi	<https://panlex.org/snapshot/panlex-20191001-csv/3975#51723755>				<https://panlex.org/snapshot/panlex-20191001-csv/3975#51723745>		"ʔyũ̌"@hio	
"ràbî"@isi	<https://panlex.org/snapshot/panlex-20191001-csv/3975#51727536>				<https://panlex.org/snapshot/panlex-20191001-csv/3975#51727529>		"ǂxau"@hio	
"ì=kpàd"@isi	<https://panlex.org/snapshot/panlex-20191001-csv/3975#51724909>				<https://panlex.org/snapshot/panlex-20191001-csv/3975#51724901>		"kareː"@hio	
"ì=kpàd"@isi	<https://panlex.org/snapshot/panlex-20191001-csv/3975#51724909>				<https://panlex.org/snapshot/panlex-20191001-csv/3975#51724902>		"káré"@hio	
"ú"@isi	<https://panlex.org/snapshot/panlex-20191001-csv/3975#51734273>				<https://panlex.org/snapshot/panlex-20191001-csv/3975#51734259>		"=e"@hio	
"ú"@isi	<https://panlex.org/snapshot/panlex-20191001-csv/3975#51734273>				<https://panlex.org/snapshot/panlex-20191001-csv/3975#51734262>		"=íè"@hio	
"ú"@isi	<https://panlex.org/snapshot/panlex-20191001-csv/3975#51734273>				<https://panlex.org/snapshot/panlex-20191001-csv/3975#51734261>		"=á"@hio	
"ú"@isi	<https://panlex.org/snapshot/panlex-20191001-csv/3975#51734273>				<https://panlex.org/snapshot/panlex-20191001-csv/3975#51734260>		"=bè"@hio	
"ì=té"@isi	<https://panlex.org/snapshot/panlex-20191001-csv/3975#51733473>				<https://panlex.org/snapshot/panlex-20191001-csv/3975#51733462>		"yǐ"@hio	
"ì=té"@isi	<https://panlex.org/snapshot/panlex-20191001-csv/3975#51733473>				<https://panlex.org/snapshot/panlex-20191001-csv/3975#51733461>		"hiː"@hio	
"ì=té"@isi	<https://panlex.org/snapshot/panlex-20191001-csv/3975#51733473>				<https://panlex.org/snapshot/panlex-20191001-csv/3975#51733460>		"yiː"@hio	
"nɔ̀ŋî"@isi	<https://panlex.org/snapshot/panlex-20191001-csv/3975#51727249>				<https://panlex.org/snapshot/panlex-20191001-csv/3975#51727241>		"ǀǀúé"@hio	
"dól"@isi	<https://panlex.org/snapshot/panlex-20191001-csv/3975#51727946>				<https://panlex.org/snapshot/panlex-20191001-csv/3975#51727937>		"cao"@hio	
"ù=bɔ̂"@isi	<https://panlex.org/snapshot/panlex-20191001-csv/3975#51725749>				<https://panlex.org/snapshot/panlex-20191001-csv/3975#51725738>		"cau"@hio	
"ù=bɔ̂"@isi	<https://panlex.org/snapshot/panlex-20191001-csv/3975#51725749>				<https://panlex.org/snapshot/panlex-20191001-csv/3975#51725739>		"càú"@hio	
"mè"@isi	<https://panlex.org/snapshot/panlex-20191001-csv/3975#51726491>				<https://panlex.org/snapshot/panlex-20191001-csv/3975#51726478>		"či"@hio	
"mè"@isi	<https://panlex.org/snapshot/panlex-20191001-csv/3975#51726491>				<https://panlex.org/snapshot/panlex-20191001-csv/3975#51726479>		"kʸé"@hio	
"bâ"@isi	<https://panlex.org/snapshot/panlex-20191001-csv/3975#51722664>				<https://panlex.org/snapshot/panlex-20191001-csv/3975#51722651>		"ya"@hio	
"bâ"@isi	<https://panlex.org/snapshot/panlex-20191001-csv/3975#51722664>				<https://panlex.org/snapshot/panlex-20191001-csv/3975#51722652>		"hâ"@hio	
"ń=dɔ̀ŋí"@isi	<https://panlex.org/snapshot/panlex-20191001-csv/3975#51736281>				<https://panlex.org/snapshot/panlex-20191001-csv/3975#51736276>		"ɡǀǀxaie"@hio	
"ŋ̀=gòb-ʓì"@isi	<https://panlex.org/snapshot/panlex-20191001-csv/3975#51731264>				<https://panlex.org/snapshot/panlex-20191001-csv/3975#51731254>		"kʰǒ"@hio	
"ŋ̀=gòb-ʓì"@isi	<https://panlex.org/snapshot/panlex-20191001-csv/3975#51731264>				<https://panlex.org/snapshot/panlex-20191001-csv/3975#51731253>		"čo"@hio	
"fî"@isi	<https://panlex.org/snapshot/panlex-20191001-csv/3975#51722119>				<https://panlex.org/snapshot/panlex-20191001-csv/3975#51722111>		"dáò"@hio	
"fî"@isi	<https://panlex.org/snapshot/panlex-20191001-csv/3975#51722119>				<https://panlex.org/snapshot/panlex-20191001-csv/3975#51722110>		"dʰau"@hio	
"ì=tém"@isi	<https://panlex.org/snapshot/panlex-20191001-csv/3975#51726208>				<https://panlex.org/snapshot/panlex-20191001-csv/3975#51726197>		"kʸô"@hio	
"ì=tém"@isi	<https://panlex.org/snapshot/panlex-20191001-csv/3975#51726208>				<https://panlex.org/snapshot/panlex-20191001-csv/3975#51726196>		"čoː"@hio	
"n=ǯʉl"@isi	<https://panlex.org/snapshot/panlex-20191001-csv/3975#51732292>				<https://panlex.org/snapshot/panlex-20191001-csv/3975#51732279>		"ǀam"@hio	
"n=ǯʉl"@isi	<https://panlex.org/snapshot/panlex-20191001-csv/3975#51732292>				<https://panlex.org/snapshot/panlex-20191001-csv/3975#51732280>		"ǀáḿ"@hio	
"ɲónō"@isi	<https://panlex.org/snapshot/panlex-20191001-csv/3975#51734755>				<https://panlex.org/snapshot/panlex-20191001-csv/3975#51734745>		"nare"@hio	
"à=fɔ̂m"@isi	<https://panlex.org/snapshot/panlex-20191001-csv/3975#51724213>				<https://panlex.org/snapshot/panlex-20191001-csv/3975#51724201>		"ɳǀǀùí"@hio	
"m̀=bɔ̂"@isi	<https://panlex.org/snapshot/panlex-20191001-csv/3975#51723003>				<https://panlex.org/snapshot/panlex-20191001-csv/3975#51722990>		"ʔábà"@hio	
"m̀=bɔ̂"@isi	<https://panlex.org/snapshot/panlex-20191001-csv/3975#51723003>				<https://panlex.org/snapshot/panlex-20191001-csv/3975#51722989>		"aba"@hio	
"yom"@isi	<https://panlex.org/snapshot/panlex-20191001-csv/3975#51723317>				<https://panlex.org/snapshot/panlex-20191001-csv/3975#51723308>		"ǀo"@hio	
"yom"@isi	<https://panlex.org/snapshot/panlex-20191001-csv/3975#51723317>				<https://panlex.org/snapshot/panlex-20191001-csv/3975#51723309>		"ǀʼô"@hio	
"ì=rʋ̂ŋ"@isi	<https://panlex.org/snapshot/panlex-20191001-csv/3975#51726825>				<https://panlex.org/snapshot/panlex-20191001-csv/3975#51726815>		"kukuru"@hio	
"ì=rʋ̂ŋ"@isi	<https://panlex.org/snapshot/panlex-20191001-csv/3975#51726825>				<https://panlex.org/snapshot/panlex-20191001-csv/3975#51726816>		"ǀǀóé"@hio	
"à=tɨ́ták"@isi	<https://panlex.org/snapshot/panlex-20191001-csv/3975#51731716>				<https://panlex.org/snapshot/panlex-20191001-csv/3975#51731706>		"cʼínì"@hio	
"à=tɨ́ták"@isi	<https://panlex.org/snapshot/panlex-20191001-csv/3975#51731716>				<https://panlex.org/snapshot/panlex-20191001-csv/3975#51731705>		"cene"@hio	
"u=tal"@isi	<https://panlex.org/snapshot/panlex-20191001-csv/3975#51732151>				<https://panlex.org/snapshot/panlex-20191001-csv/3975#51732141>		"ɡǀǀwa"@hio	
"u=tal"@isi	<https://panlex.org/snapshot/panlex-20191001-csv/3975#51732151>				<https://panlex.org/snapshot/panlex-20191001-csv/3975#51732142>		"qárò"@hio	
"ǹ=nè"@isi	<https://panlex.org/snapshot/panlex-20191001-csv/3975#51729710>				<https://panlex.org/snapshot/panlex-20191001-csv/3975#51729701>		"cʰòé"@hio	
"ǹ=nè"@isi	<https://panlex.org/snapshot/panlex-20191001-csv/3975#51729710>				<https://panlex.org/snapshot/panlex-20191001-csv/3975#51729700>		"čwa"@hio	
"ǹ=nè"@isi	<https://panlex.org/snapshot/panlex-20191001-csv/3975#51729710>				<https://panlex.org/snapshot/panlex-20191001-csv/3975#51729699>		"čo"@hio	
"m̀=bèŋ"@isi	<https://panlex.org/snapshot/panlex-20191001-csv/3975#51728657>				<https://panlex.org/snapshot/panlex-20191001-csv/3975#51728648>		"ǀun"@hio	
"m̀=bèŋ"@isi	<https://panlex.org/snapshot/panlex-20191001-csv/3975#51728657>				<https://panlex.org/snapshot/panlex-20191001-csv/3975#51728649>		"ǀʼúǹ"@hio	
"à=tú"@isi	<https://panlex.org/snapshot/panlex-20191001-csv/3975#51729073>				<https://panlex.org/snapshot/panlex-20191001-csv/3975#51729060>		"haie"@hio	
"à=lóŋ"@isi	<https://panlex.org/snapshot/panlex-20191001-csv/3975#51721700>				<https://panlex.org/snapshot/panlex-20191001-csv/3975#51721690>		"tâkà"@hio	
"à=lóŋ"@isi	<https://panlex.org/snapshot/panlex-20191001-csv/3975#51721700>				<https://panlex.org/snapshot/panlex-20191001-csv/3975#51721689>		"tʰaka"@hio	
"bɨ̂g"@isi	<https://panlex.org/snapshot/panlex-20191001-csv/3975#51724773>				<https://panlex.org/snapshot/panlex-20191001-csv/3975#51724765>		"fofa"@hio	
"kpɔ"@isi	<https://panlex.org/snapshot/panlex-20191001-csv/3975#51722848>				<https://panlex.org/snapshot/panlex-20191001-csv/3975#51722835>		"oː"@hio	
"kpɔ"@isi	<https://panlex.org/snapshot/panlex-20191001-csv/3975#51722848>				<https://panlex.org/snapshot/panlex-20191001-csv/3975#51722836>		"ʔǒ"@hio	
"í=gbór"@isi	<https://panlex.org/snapshot/panlex-20191001-csv/3975#51721138>				<https://panlex.org/snapshot/panlex-20191001-csv/3975#51721129>		"ǀǀũ̂"@hio	
"í=gbór"@isi	<https://panlex.org/snapshot/panlex-20191001-csv/3975#51721138>				<https://panlex.org/snapshot/panlex-20191001-csv/3975#51721127>		"ǀǀoː"@hio	
"í=gbór"@isi	<https://panlex.org/snapshot/panlex-20191001-csv/3975#51721138>				<https://panlex.org/snapshot/panlex-20191001-csv/3975#51721128>		"ǀǀxoː"@hio	
"mɛ"@isi	<https://panlex.org/snapshot/panlex-20191001-csv/3975#51726492>				<https://panlex.org/snapshot/panlex-20191001-csv/3975#51726478>		"či"@hio	
"mɛ"@isi	<https://panlex.org/snapshot/panlex-20191001-csv/3975#51726492>				<https://panlex.org/snapshot/panlex-20191001-csv/3975#51726479>		"kʸé"@hio	
"m̀=mɔ̀gɔ̀"@isi	<https://panlex.org/snapshot/panlex-20191001-csv/3975#51730975>				<https://panlex.org/snapshot/panlex-20191001-csv/3975#51730967>		"ǀxúrí"@hio	
"ì=mèl"@isi	<https://panlex.org/snapshot/panlex-20191001-csv/3975#51728798>				<https://panlex.org/snapshot/panlex-20191001-csv/3975#51728790>		"kínù"@hio	
"ì=mèl"@isi	<https://panlex.org/snapshot/panlex-20191001-csv/3975#51728798>				<https://panlex.org/snapshot/panlex-20191001-csv/3975#51728789>		"ǂano"@hio	
"ì=fɨ̀fɛ̀"@isi	<https://panlex.org/snapshot/panlex-20191001-csv/3975#51736147>				<https://panlex.org/snapshot/panlex-20191001-csv/3975#51736136>		"ɲaː"@hio	
"ì=fɨ̀fɛ̀"@isi	<https://panlex.org/snapshot/panlex-20191001-csv/3975#51736147>				<https://panlex.org/snapshot/panlex-20191001-csv/3975#51736137>		"ʔyã̂"@hio	
"ń=dùgɨ́ndò"@isi	<https://panlex.org/snapshot/panlex-20191001-csv/3975#51731997>				<https://panlex.org/snapshot/panlex-20191001-csv/3975#51731986>		"ǂxaine"@hio	
"ń=dùgɨ́ndò"@isi	<https://panlex.org/snapshot/panlex-20191001-csv/3975#51731997>				<https://panlex.org/snapshot/panlex-20191001-csv/3975#51731987>		"ǀxáinì"@hio	
"à=tú"@isi	<https://panlex.org/snapshot/panlex-20191001-csv/3975#51729072>				<https://panlex.org/snapshot/panlex-20191001-csv/3975#51729060>		"haie"@hio	
"ì=mɛ̃̀l"@isi	<https://panlex.org/snapshot/panlex-20191001-csv/3975#51728799>				<https://panlex.org/snapshot/panlex-20191001-csv/3975#51728790>		"kínù"@hio	
"ì=mɛ̃̀l"@isi	<https://panlex.org/snapshot/panlex-20191001-csv/3975#51728799>				<https://panlex.org/snapshot/panlex-20191001-csv/3975#51728789>		"ǂano"@hio	
"à=là"@isi	<https://panlex.org/snapshot/panlex-20191001-csv/3975#51721003>				<https://panlex.org/snapshot/panlex-20191001-csv/3975#51720993>		"ǀâ"@hio	
"kâr"@isi	<https://panlex.org/snapshot/panlex-20191001-csv/3975#51725174>				<https://panlex.org/snapshot/panlex-20191001-csv/3975#51725165>		"tʰeː"@hio	
"í=lèbɛ́"@isi	<https://panlex.org/snapshot/panlex-20191001-csv/3975#51733170>				<https://panlex.org/snapshot/panlex-20191001-csv/3975#51733159>		"dʰam"@hio	
"í=lèbɛ́"@isi	<https://panlex.org/snapshot/panlex-20191001-csv/3975#51733170>				<https://panlex.org/snapshot/panlex-20191001-csv/3975#51733160>		"dáḿ"@hio	
"m̀=bèŋ"@isi	<https://panlex.org/snapshot/panlex-20191001-csv/3975#51728656>				<https://panlex.org/snapshot/panlex-20191001-csv/3975#51728648>		"ǀun"@hio	
"m̀=bèŋ"@isi	<https://panlex.org/snapshot/panlex-20191001-csv/3975#51728656>				<https://panlex.org/snapshot/panlex-20191001-csv/3975#51728649>		"ǀʼúǹ"@hio	
"èbòrí-mbótàː"@isi	<https://panlex.org/snapshot/panlex-20191001-csv/3975#51722393>				<https://panlex.org/snapshot/panlex-20191001-csv/3975#51722386>		"ǂom"@hio	
"ɲ́=ʓǝ́-rǝ́ŋ"@isi	<https://panlex.org/snapshot/panlex-20191001-csv/3975#51729561>				<https://panlex.org/snapshot/panlex-20191001-csv/3975#51729550>		"ǀúí"@hio	
"ɲ́=ʓǝ́-rǝ́ŋ"@isi	<https://panlex.org/snapshot/panlex-20191001-csv/3975#51729561>				<https://panlex.org/snapshot/panlex-20191001-csv/3975#51729549>		"kwiye"@hio	
"ɲ́=ʓǝ́-rǝ́ŋ"@isi	<https://panlex.org/snapshot/panlex-20191001-csv/3975#51729561>				<https://panlex.org/snapshot/panlex-20191001-csv/3975#51729548>		"kwie"@hio	
"ǹ=dòróŋdò"@isi	<https://panlex.org/snapshot/panlex-20191001-csv/3975#51731996>				<https://panlex.org/snapshot/panlex-20191001-csv/3975#51731986>		"ǂxaine"@hio	
"ǹ=dòróŋdò"@isi	<https://panlex.org/snapshot/panlex-20191001-csv/3975#51731996>				<https://panlex.org/snapshot/panlex-20191001-csv/3975#51731987>		"ǀxáinì"@hio	
"ń=kòbí"@isi	<https://panlex.org/snapshot/panlex-20191001-csv/3975#51724639>				<https://panlex.org/snapshot/panlex-20191001-csv/3975#51724630>		"tʰapi"@hio	
"ì=mɨ̂r"@isi	<https://panlex.org/snapshot/panlex-20191001-csv/3975#51724062>				<https://panlex.org/snapshot/panlex-20191001-csv/3975#51724050>		"čaiː"@hio	
"ì=mɨ̂r"@isi	<https://panlex.org/snapshot/panlex-20191001-csv/3975#51724062>				<https://panlex.org/snapshot/panlex-20191001-csv/3975#51724051>		"ɕxàí"@hio	
"yol"@isi	<https://panlex.org/snapshot/panlex-20191001-csv/3975#51726678>				<https://panlex.org/snapshot/panlex-20191001-csv/3975#51726668>		"ɡǀoː"@hio	
"yol"@isi	<https://panlex.org/snapshot/panlex-20191001-csv/3975#51726678>				<https://panlex.org/snapshot/panlex-20191001-csv/3975#51726669>		"ǀʼṹ"@hio	
"kpetʰ"@isi	<https://panlex.org/snapshot/panlex-20191001-csv/3975#51735735>				<https://panlex.org/snapshot/panlex-20191001-csv/3975#51735723>		"ǀǀom-ɲe"@hio	
"kpetʰ"@isi	<https://panlex.org/snapshot/panlex-20191001-csv/3975#51735735>				<https://panlex.org/snapshot/panlex-20191001-csv/3975#51735724>		"ǀǀúm̀"@hio	
"ì=ɲàɲàg"@isi	<https://panlex.org/snapshot/panlex-20191001-csv/3975#51721558>				<https://panlex.org/snapshot/panlex-20191001-csv/3975#51721548>		"ǯu-ɲe"@hio	
"ì=ɲàɲàg"@isi	<https://panlex.org/snapshot/panlex-20191001-csv/3975#51721558>				<https://panlex.org/snapshot/panlex-20191001-csv/3975#51721549>		"dú"@hio	
"ɲ̀=ɲɔ́"@isi	<https://panlex.org/snapshot/panlex-20191001-csv/3975#51735869>				<https://panlex.org/snapshot/panlex-20191001-csv/3975#51735857>		"ɡǀauo"@hio	
"ɲ̀=ɲɔ́"@isi	<https://panlex.org/snapshot/panlex-20191001-csv/3975#51735869>				<https://panlex.org/snapshot/panlex-20191001-csv/3975#51735858>		"ɡǀǀao"@hio	
"ɲ̀=ɲɔ́"@isi	<https://panlex.org/snapshot/panlex-20191001-csv/3975#51735869>				<https://panlex.org/snapshot/panlex-20191001-csv/3975#51735859>		"ǀʼáó"@hio	
"wô"@isi	<https://panlex.org/snapshot/panlex-20191001-csv/3975#51723156>				<https://panlex.org/snapshot/panlex-20191001-csv/3975#51723147>		"kʼâ"@hio	
"wô"@isi	<https://panlex.org/snapshot/panlex-20191001-csv/3975#51723156>				<https://panlex.org/snapshot/panlex-20191001-csv/3975#51723146>		"ǂxaː"@hio	
"ʓènî"@isi	<https://panlex.org/snapshot/panlex-20191001-csv/3975#51734478>				<https://panlex.org/snapshot/panlex-20191001-csv/3975#51734469>		"na-o"@hio	
"à=lóŋ"@isi	<https://panlex.org/snapshot/panlex-20191001-csv/3975#51721701>				<https://panlex.org/snapshot/panlex-20191001-csv/3975#51721690>		"tâkà"@hio	
"à=lóŋ"@isi	<https://panlex.org/snapshot/panlex-20191001-csv/3975#51721701>				<https://panlex.org/snapshot/panlex-20191001-csv/3975#51721689>		"tʰaka"@hio	
"ŋ̀=gô"@isi	<https://panlex.org/snapshot/panlex-20191001-csv/3975#51723002>				<https://panlex.org/snapshot/panlex-20191001-csv/3975#51722990>		"ʔábà"@hio	
"ŋ̀=gô"@isi	<https://panlex.org/snapshot/panlex-20191001-csv/3975#51723002>				<https://panlex.org/snapshot/panlex-20191001-csv/3975#51722989>		"aba"@hio	
"wá"@isi	<https://panlex.org/snapshot/panlex-20191001-csv/3975#51720598>				<https://panlex.org/snapshot/panlex-20191001-csv/3975#51720590>		"i-he"@hio	
"í=fòrí"@isi	<https://panlex.org/snapshot/panlex-20191001-csv/3975#51724350>				<https://panlex.org/snapshot/panlex-20191001-csv/3975#51724341>		"ɡǀo"@hio	
"yôg"@isi	<https://panlex.org/snapshot/panlex-20191001-csv/3975#51726053>				<https://panlex.org/snapshot/panlex-20191001-csv/3975#51726042>		"čom"@hio	
"yôg"@isi	<https://panlex.org/snapshot/panlex-20191001-csv/3975#51726053>				<https://panlex.org/snapshot/panlex-20191001-csv/3975#51726043>		"cóḿ"@hio	
"ú=bɛ̂d"@isi	<https://panlex.org/snapshot/panlex-20191001-csv/3975#51727398>				<https://panlex.org/snapshot/panlex-20191001-csv/3975#51727388>		"ɕʼĩ̌"@hio	
"ú=bɛ̂d"@isi	<https://panlex.org/snapshot/panlex-20191001-csv/3975#51727398>				<https://panlex.org/snapshot/panlex-20191001-csv/3975#51727387>		"če"@hio	
"bɨ=bara"@isi	<https://panlex.org/snapshot/panlex-20191001-csv/3975#51734628>				<https://panlex.org/snapshot/panlex-20191001-csv/3975#51734619>		"hwe-he"@hio	
"fî"@isi	<https://panlex.org/snapshot/panlex-20191001-csv/3975#51722120>				<https://panlex.org/snapshot/panlex-20191001-csv/3975#51722111>		"dáò"@hio	
"fî"@isi	<https://panlex.org/snapshot/panlex-20191001-csv/3975#51722120>				<https://panlex.org/snapshot/panlex-20191001-csv/3975#51722110>		"dʰau"@hio	
"à=lòg"@isi	<https://panlex.org/snapshot/panlex-20191001-csv/3975#51722519>				<https://panlex.org/snapshot/panlex-20191001-csv/3975#51722508>		"hùrú"@hio	
"à=lòg"@isi	<https://panlex.org/snapshot/panlex-20191001-csv/3975#51722519>				<https://panlex.org/snapshot/panlex-20191001-csv/3975#51722507>		"haiː"@hio	
"lôb"@isi	<https://panlex.org/snapshot/panlex-20191001-csv/3975#51735329>				<https://panlex.org/snapshot/panlex-20191001-csv/3975#51735320>		"kúḿ"@hio	
"=om"@isi	<https://panlex.org/snapshot/panlex-20191001-csv/3975#51729390>				<https://panlex.org/snapshot/panlex-20191001-csv/3975#51729379>		"=beː"@hio	
"=om"@isi	<https://panlex.org/snapshot/panlex-20191001-csv/3975#51729390>				<https://panlex.org/snapshot/panlex-20191001-csv/3975#51729380>		"=tà"@hio	
"lâl"@isi	<https://panlex.org/snapshot/panlex-20191001-csv/3975#51731419>				<https://panlex.org/snapshot/panlex-20191001-csv/3975#51731409>		"ɡǀǀom"@hio	
"lâl"@isi	<https://panlex.org/snapshot/panlex-20191001-csv/3975#51731419>				<https://panlex.org/snapshot/panlex-20191001-csv/3975#51731410>		"ǀǀúé"@hio	
"wur"@isi	<https://panlex.org/snapshot/panlex-20191001-csv/3975#51734274>				<https://panlex.org/snapshot/panlex-20191001-csv/3975#51734259>		"=e"@hio	
"wur"@isi	<https://panlex.org/snapshot/panlex-20191001-csv/3975#51734274>				<https://panlex.org/snapshot/panlex-20191001-csv/3975#51734262>		"=íè"@hio	
"wur"@isi	<https://panlex.org/snapshot/panlex-20191001-csv/3975#51734274>				<https://panlex.org/snapshot/panlex-20191001-csv/3975#51734261>		"=á"@hio	
"wur"@isi	<https://panlex.org/snapshot/panlex-20191001-csv/3975#51734274>				<https://panlex.org/snapshot/panlex-20191001-csv/3975#51734260>		"=bè"@hio	
"wɔ"@isi	<https://panlex.org/snapshot/panlex-20191001-csv/3975#51733020>				<https://panlex.org/snapshot/panlex-20191001-csv/3975#51733011>		"ča"@hio	
"bɨ́mɛ̀"@isi	<https://panlex.org/snapshot/panlex-20191001-csv/3975#51731104>				<https://panlex.org/snapshot/panlex-20191001-csv/3975#51731093>		"ɲo"@hio	
"bɨ́mɛ̀"@isi	<https://panlex.org/snapshot/panlex-20191001-csv/3975#51731104>				<https://panlex.org/snapshot/panlex-20191001-csv/3975#51731094>		"ɲũ̀"@hio	
"ɲínò"@isi	<https://panlex.org/snapshot/panlex-20191001-csv/3975#51734753>				<https://panlex.org/snapshot/panlex-20191001-csv/3975#51734745>		"nare"@hio	
"rɨ́ŋ"@isi	<https://panlex.org/snapshot/panlex-20191001-csv/3975#51729560>				<https://panlex.org/snapshot/panlex-20191001-csv/3975#51729550>		"ǀúí"@hio	
"rɨ́ŋ"@isi	<https://panlex.org/snapshot/panlex-20191001-csv/3975#51729560>				<https://panlex.org/snapshot/panlex-20191001-csv/3975#51729549>		"kwiye"@hio	
"rɨ́ŋ"@isi	<https://panlex.org/snapshot/panlex-20191001-csv/3975#51729560>				<https://panlex.org/snapshot/panlex-20191001-csv/3975#51729548>		"kwie"@hio	
"mbonta"@isi	<https://panlex.org/snapshot/panlex-20191001-csv/3975#51729865>				<https://panlex.org/snapshot/panlex-20191001-csv/3975#51729855>		"tú"@hio	
"mbonta"@isi	<https://panlex.org/snapshot/panlex-20191001-csv/3975#51729865>				<https://panlex.org/snapshot/panlex-20191001-csv/3975#51729854>		"tu"@hio	
"ǹ=dǔg"@isi	<https://panlex.org/snapshot/panlex-20191001-csv/3975#51730282>				<https://panlex.org/snapshot/panlex-20191001-csv/3975#51730275>		"papasi"@hio	
"buŋ"@isi	<https://panlex.org/snapshot/panlex-20191001-csv/3975#51730648>				<https://panlex.org/snapshot/panlex-20191001-csv/3975#51730640>		"me"@hio	
"ù=mɛ̌r"@isi	<https://panlex.org/snapshot/panlex-20191001-csv/3975#51728248>				<https://panlex.org/snapshot/panlex-20191001-csv/3975#51728236>		"ɳǀǀúé"@hio	
"ù=mɛ̌r"@isi	<https://panlex.org/snapshot/panlex-20191001-csv/3975#51728248>				<https://panlex.org/snapshot/panlex-20191001-csv/3975#51728235>		"ɡǀweː"@hio	
"nɛ=nɔm"@isi	<https://panlex.org/snapshot/panlex-20191001-csv/3975#51727799>				<https://panlex.org/snapshot/panlex-20191001-csv/3975#51727788>		"kʼáò"@hio	
"nɛ=nɔm"@isi	<https://panlex.org/snapshot/panlex-20191001-csv/3975#51727799>				<https://panlex.org/snapshot/panlex-20191001-csv/3975#51727787>		"kau-čo"@hio	
"kpédɨ́-kpédɛ́"@isi	<https://panlex.org/snapshot/panlex-20191001-csv/3975#51735461>				<https://panlex.org/snapshot/panlex-20191001-csv/3975#51735450>		"ǀû"@hio	
"kpédɨ́-kpédɛ́"@isi	<https://panlex.org/snapshot/panlex-20191001-csv/3975#51735461>				<https://panlex.org/snapshot/panlex-20191001-csv/3975#51735449>		"ǀu"@hio	
"ì=kpàdà"@isi	<https://panlex.org/snapshot/panlex-20191001-csv/3975#51724910>				<https://panlex.org/snapshot/panlex-20191001-csv/3975#51724901>		"kareː"@hio	
"ì=kpàdà"@isi	<https://panlex.org/snapshot/panlex-20191001-csv/3975#51724910>				<https://panlex.org/snapshot/panlex-20191001-csv/3975#51724902>		"káré"@hio	
"yêd"@isi	<https://panlex.org/snapshot/panlex-20191001-csv/3975#51730812>				<https://panlex.org/snapshot/panlex-20191001-csv/3975#51730801>		"mũ̂"@hio	
"yêd"@isi	<https://panlex.org/snapshot/panlex-20191001-csv/3975#51730812>				<https://panlex.org/snapshot/panlex-20191001-csv/3975#51730800>		"moː"@hio	
"à=là"@isi	<https://panlex.org/snapshot/panlex-20191001-csv/3975#51721002>				<https://panlex.org/snapshot/panlex-20191001-csv/3975#51720993>		"ǀâ"@hio	
"à=tȯ́tȯ̂g"@isi	<https://panlex.org/snapshot/panlex-20191001-csv/3975#51731717>				<https://panlex.org/snapshot/panlex-20191001-csv/3975#51731706>		"cʼínì"@hio	
"à=tȯ́tȯ̂g"@isi	<https://panlex.org/snapshot/panlex-20191001-csv/3975#51731717>				<https://panlex.org/snapshot/panlex-20191001-csv/3975#51731705>		"cene"@hio	
"ǹ=dègɛ́"@isi	<https://panlex.org/snapshot/panlex-20191001-csv/3975#51723607>				<https://panlex.org/snapshot/panlex-20191001-csv/3975#51723594>		"xóḿ"@hio	
"fep"@isi	<https://panlex.org/snapshot/panlex-20191001-csv/3975#51727947>				<https://panlex.org/snapshot/panlex-20191001-csv/3975#51727937>		"cao"@hio	
"ror"@isi	<https://panlex.org/snapshot/panlex-20191001-csv/3975#51725053>				<https://panlex.org/snapshot/panlex-20191001-csv/3975#51725043>		"ǀʼóé"@hio	
"=ô"@isi	<https://panlex.org/snapshot/panlex-20191001-csv/3975#51732725>				<https://panlex.org/snapshot/panlex-20191001-csv/3975#51732711>		"a"@hio	
"=ô"@isi	<https://panlex.org/snapshot/panlex-20191001-csv/3975#51732725>				<https://panlex.org/snapshot/panlex-20191001-csv/3975#51732712>		"ho"@hio	
"=ô"@isi	<https://panlex.org/snapshot/panlex-20191001-csv/3975#51732725>				<https://panlex.org/snapshot/panlex-20191001-csv/3975#51732713>		"ǔ"@hio	
"ì=kpág"@isi	<https://panlex.org/snapshot/panlex-20191001-csv/3975#51720872>				<https://panlex.org/snapshot/panlex-20191001-csv/3975#51720862>		"ǯoreː"@hio	
"lâl"@isi	<https://panlex.org/snapshot/panlex-20191001-csv/3975#51731420>				<https://panlex.org/snapshot/panlex-20191001-csv/3975#51731409>		"ɡǀǀom"@hio	
"lâl"@isi	<https://panlex.org/snapshot/panlex-20191001-csv/3975#51731420>				<https://panlex.org/snapshot/panlex-20191001-csv/3975#51731410>		"ǀǀúé"@hio	
"ɲ̀=ɲàm"@isi	<https://panlex.org/snapshot/panlex-20191001-csv/3975#51728090>				<https://panlex.org/snapshot/panlex-20191001-csv/3975#51728080>		"ko-ho"@hio	
"ɲ̀=ɲàm"@isi	<https://panlex.org/snapshot/panlex-20191001-csv/3975#51728090>				<https://panlex.org/snapshot/panlex-20191001-csv/3975#51728081>		"kʼó-xù"@hio	
"šɔ̀n"@isi	<https://panlex.org/snapshot/panlex-20191001-csv/3975#51733787>				<https://panlex.org/snapshot/panlex-20191001-csv/3975#51733776>		"xo"@hio	
"šɔ̀n"@isi	<https://panlex.org/snapshot/panlex-20191001-csv/3975#51733787>				<https://panlex.org/snapshot/panlex-20191001-csv/3975#51733777>		"kũ̂"@hio	
"ŋ̀=gôn"@isi	<https://panlex.org/snapshot/panlex-20191001-csv/3975#51724484>				<https://panlex.org/snapshot/panlex-20191001-csv/3975#51724473>		"ǀeː"@hio	
"ŋ̀=gôn"@isi	<https://panlex.org/snapshot/panlex-20191001-csv/3975#51724484>				<https://panlex.org/snapshot/panlex-20191001-csv/3975#51724474>		"ǀʼé"@hio	
"ɲɔ̀ː"@isi	<https://panlex.org/snapshot/panlex-20191001-csv/3975#51728509>				<https://panlex.org/snapshot/panlex-20191001-csv/3975#51728496>		"ǂam"@hio	
"ɲɔ̀ː"@isi	<https://panlex.org/snapshot/panlex-20191001-csv/3975#51728509>				<https://panlex.org/snapshot/panlex-20191001-csv/3975#51728497>		"kʼàm̀"@hio	
"à=tɔ̂ŋ"@isi	<https://panlex.org/snapshot/panlex-20191001-csv/3975#51720743>				<https://panlex.org/snapshot/panlex-20191001-csv/3975#51720731>		"ʓùá"@hio	
"à=tɔ̂ŋ"@isi	<https://panlex.org/snapshot/panlex-20191001-csv/3975#51720743>				<https://panlex.org/snapshot/panlex-20191001-csv/3975#51720730>		"ǯoaː"@hio	
"wa"@isi	<https://panlex.org/snapshot/panlex-20191001-csv/3975#51720599>				<https://panlex.org/snapshot/panlex-20191001-csv/3975#51720590>		"i-he"@hio	
"mòn á ɲ̀=ɲàm"@isi	<https://panlex.org/snapshot/panlex-20191001-csv/3975#51721278>				<https://panlex.org/snapshot/panlex-20191001-csv/3975#51721269>		"ʒérà"@hio	
"mòn á ɲ̀=ɲàm"@isi	<https://panlex.org/snapshot/panlex-20191001-csv/3975#51721278>				<https://panlex.org/snapshot/panlex-20191001-csv/3975#51721268>		"zera"@hio	
"ń=nù-šî"@isi	<https://panlex.org/snapshot/panlex-20191001-csv/3975#51725597>				<https://panlex.org/snapshot/panlex-20191001-csv/3975#51725585>		"ǀʼũ̂"@hio	
"ń=nù-šî"@isi	<https://panlex.org/snapshot/panlex-20191001-csv/3975#51725597>				<https://panlex.org/snapshot/panlex-20191001-csv/3975#51725584>		"ǀʰoː"@hio	
"=ɲô"@isi	<https://panlex.org/snapshot/panlex-20191001-csv/3975#51735868>				<https://panlex.org/snapshot/panlex-20191001-csv/3975#51735857>		"ɡǀauo"@hio	
"=ɲô"@isi	<https://panlex.org/snapshot/panlex-20191001-csv/3975#51735868>				<https://panlex.org/snapshot/panlex-20191001-csv/3975#51735858>		"ɡǀǀao"@hio	
"=ɲô"@isi	<https://panlex.org/snapshot/panlex-20191001-csv/3975#51735868>				<https://panlex.org/snapshot/panlex-20191001-csv/3975#51735859>		"ǀʼáó"@hio	
"ǹ=wèrí"@isi	<https://panlex.org/snapshot/panlex-20191001-csv/3975#51728247>				<https://panlex.org/snapshot/panlex-20191001-csv/3975#51728236>		"ɳǀǀúé"@hio	
"ǹ=wèrí"@isi	<https://panlex.org/snapshot/panlex-20191001-csv/3975#51728247>				<https://panlex.org/snapshot/panlex-20191001-csv/3975#51728235>		"ɡǀweː"@hio	
"à=kâŋ"@isi	<https://panlex.org/snapshot/panlex-20191001-csv/3975#51735600>				<https://panlex.org/snapshot/panlex-20191001-csv/3975#51735590>		"dèbé"@hio	
"à=kâŋ"@isi	<https://panlex.org/snapshot/panlex-20191001-csv/3975#51735600>				<https://panlex.org/snapshot/panlex-20191001-csv/3975#51735589>		"debe"@hio	
"yóg"@isi	<https://panlex.org/snapshot/panlex-20191001-csv/3975#51726052>				<https://panlex.org/snapshot/panlex-20191001-csv/3975#51726042>		"čom"@hio	
"yóg"@isi	<https://panlex.org/snapshot/panlex-20191001-csv/3975#51726052>				<https://panlex.org/snapshot/panlex-20191001-csv/3975#51726043>		"cóḿ"@hio	
"ì=rèbí"@isi	<https://panlex.org/snapshot/panlex-20191001-csv/3975#51733169>				<https://panlex.org/snapshot/panlex-20191001-csv/3975#51733159>		"dʰam"@hio	
"ì=rèbí"@isi	<https://panlex.org/snapshot/panlex-20191001-csv/3975#51733169>				<https://panlex.org/snapshot/panlex-20191001-csv/3975#51733160>		"dáḿ"@hio	
"ì=lôl"@isi	<https://panlex.org/snapshot/panlex-20191001-csv/3975#51733322>				<https://panlex.org/snapshot/panlex-20191001-csv/3975#51733313>		"ǀǀṹ"@hio	
"ì=lôl"@isi	<https://panlex.org/snapshot/panlex-20191001-csv/3975#51733322>				<https://panlex.org/snapshot/panlex-20191001-csv/3975#51733312>		"ɡǀǀoː"@hio	
"ì=kób"@isi	<https://panlex.org/snapshot/panlex-20191001-csv/3975#51721852>				<https://panlex.org/snapshot/panlex-20191001-csv/3975#51721839>		"ɳǀgwa"@hio	
"ì=kób"@isi	<https://panlex.org/snapshot/panlex-20191001-csv/3975#51721852>				<https://panlex.org/snapshot/panlex-20191001-csv/3975#51721840>		"ǀʼṍã̀"@hio	
"ǹ=kêl"@isi	<https://panlex.org/snapshot/panlex-20191001-csv/3975#51732569>				<https://panlex.org/snapshot/panlex-20191001-csv/3975#51732560>		"cáó"@hio	
"ǹ=kêl"@isi	<https://panlex.org/snapshot/panlex-20191001-csv/3975#51732569>				<https://panlex.org/snapshot/panlex-20191001-csv/3975#51732559>		"cau"@hio	
"wɔ̂"@isi	<https://panlex.org/snapshot/panlex-20191001-csv/3975#51723157>				<https://panlex.org/snapshot/panlex-20191001-csv/3975#51723147>		"kʼâ"@hio	
"wɔ̂"@isi	<https://panlex.org/snapshot/panlex-20191001-csv/3975#51723157>				<https://panlex.org/snapshot/panlex-20191001-csv/3975#51723146>		"ǂxaː"@hio	
"í=bâl"@isi	<https://panlex.org/snapshot/panlex-20191001-csv/3975#51733626>				<https://panlex.org/snapshot/panlex-20191001-csv/3975#51733612>		"ǀam-e"@hio	
"í=bâl"@isi	<https://panlex.org/snapshot/panlex-20191001-csv/3975#51733626>				<https://panlex.org/snapshot/panlex-20191001-csv/3975#51733614>		"ǀám̀"@hio	
"í=bâl"@isi	<https://panlex.org/snapshot/panlex-20191001-csv/3975#51733626>				<https://panlex.org/snapshot/panlex-20191001-csv/3975#51733613>		"ǀam-ɲe"@hio	
"lôm"@isi	<https://panlex.org/snapshot/panlex-20191001-csv/3975#51721419>				<https://panlex.org/snapshot/panlex-20191001-csv/3975#51721410>		"pʰa"@hio	
"lôm"@isi	<https://panlex.org/snapshot/panlex-20191001-csv/3975#51721419>				<https://panlex.org/snapshot/panlex-20191001-csv/3975#51721411>		"pá"@hio	
"í=fǒr"@isi	<https://panlex.org/snapshot/panlex-20191001-csv/3975#51724351>				<https://panlex.org/snapshot/panlex-20191001-csv/3975#51724341>		"ɡǀo"@hio	
"kaː"@isi	<https://panlex.org/snapshot/panlex-20191001-csv/3975#51725175>				<https://panlex.org/snapshot/panlex-20191001-csv/3975#51725165>		"tʰeː"@hio	
"ì=búmbúntà"@isi	<https://panlex.org/snapshot/panlex-20191001-csv/3975#51722394>				<https://panlex.org/snapshot/panlex-20191001-csv/3975#51722386>		"ǂom"@hio	
"ì=rá"@isi	<https://panlex.org/snapshot/panlex-20191001-csv/3975#51736401>				<https://panlex.org/snapshot/panlex-20191001-csv/3975#51736388>		"čuri"@hio	
"ì=rá"@isi	<https://panlex.org/snapshot/panlex-20191001-csv/3975#51736401>				<https://panlex.org/snapshot/panlex-20191001-csv/3975#51736389>		"cúrí"@hio	
"ì=mɨ̂r"@isi	<https://panlex.org/snapshot/panlex-20191001-csv/3975#51724061>				<https://panlex.org/snapshot/panlex-20191001-csv/3975#51724050>		"čaiː"@hio	
"ì=mɨ̂r"@isi	<https://panlex.org/snapshot/panlex-20191001-csv/3975#51724061>				<https://panlex.org/snapshot/panlex-20191001-csv/3975#51724051>		"ɕxàí"@hio	
"ǹ=nɛ̀"@isi	<https://panlex.org/snapshot/panlex-20191001-csv/3975#51729711>				<https://panlex.org/snapshot/panlex-20191001-csv/3975#51729701>		"cʰòé"@hio	
"ǹ=nɛ̀"@isi	<https://panlex.org/snapshot/panlex-20191001-csv/3975#51729711>				<https://panlex.org/snapshot/panlex-20191001-csv/3975#51729700>		"čwa"@hio	
"ǹ=nɛ̀"@isi	<https://panlex.org/snapshot/panlex-20191001-csv/3975#51729711>				<https://panlex.org/snapshot/panlex-20191001-csv/3975#51729699>		"čo"@hio	
"fup"@isi	<https://panlex.org/snapshot/panlex-20191001-csv/3975#51733965>				<https://panlex.org/snapshot/panlex-20191001-csv/3975#51733958>		"ǂeː"@hio	
"m̀=bár"@isi	<https://panlex.org/snapshot/panlex-20191001-csv/3975#51730144>				<https://panlex.org/snapshot/panlex-20191001-csv/3975#51730134>		"dáó"@hio	
"m̀=bár"@isi	<https://panlex.org/snapshot/panlex-20191001-csv/3975#51730144>				<https://panlex.org/snapshot/panlex-20191001-csv/3975#51730133>		"dʰau"@hio	
"ǹ=tâŋ"@isi	<https://panlex.org/snapshot/panlex-20191001-csv/3975#51726343>				<https://panlex.org/snapshot/panlex-20191001-csv/3975#51726335>		"ɳǀǀgaː"@hio	
"ǹ=tâŋ"@isi	<https://panlex.org/snapshot/panlex-20191001-csv/3975#51726343>				<https://panlex.org/snapshot/panlex-20191001-csv/3975#51726336>		"ɳǀǀnâ"@hio	
"ì=rȯ̂ŋ"@isi	<https://panlex.org/snapshot/panlex-20191001-csv/3975#51726826>				<https://panlex.org/snapshot/panlex-20191001-csv/3975#51726815>		"kukuru"@hio	
"ì=rȯ̂ŋ"@isi	<https://panlex.org/snapshot/panlex-20191001-csv/3975#51726826>				<https://panlex.org/snapshot/panlex-20191001-csv/3975#51726816>		"ǀǀóé"@hio	
"ù=tôŋ"@isi	<https://panlex.org/snapshot/panlex-20191001-csv/3975#51723458>				<https://panlex.org/snapshot/panlex-20191001-csv/3975#51723446>		"čeː"@hio	
"ù=tôŋ"@isi	<https://panlex.org/snapshot/panlex-20191001-csv/3975#51723458>				<https://panlex.org/snapshot/panlex-20191001-csv/3975#51723447>		"kʸê"@hio	
"tèkè"@isi	<https://panlex.org/snapshot/panlex-20191001-csv/3975#51731575>				<https://panlex.org/snapshot/panlex-20191001-csv/3975#51731564>		"hai-ni"@hio	
"tèkè"@isi	<https://panlex.org/snapshot/panlex-20191001-csv/3975#51731575>				<https://panlex.org/snapshot/panlex-20191001-csv/3975#51731565>		"ǀʼàré"@hio	
"bâl"@isi	<https://panlex.org/snapshot/panlex-20191001-csv/3975#51733625>				<https://panlex.org/snapshot/panlex-20191001-csv/3975#51733612>		"ǀam-e"@hio	
"bâl"@isi	<https://panlex.org/snapshot/panlex-20191001-csv/3975#51733625>				<https://panlex.org/snapshot/panlex-20191001-csv/3975#51733614>		"ǀám̀"@hio	
"bâl"@isi	<https://panlex.org/snapshot/panlex-20191001-csv/3975#51733625>				<https://panlex.org/snapshot/panlex-20191001-csv/3975#51733613>		"ǀam-ɲe"@hio	
"=ónò"@isi	<https://panlex.org/snapshot/panlex-20191001-csv/3975#51732726>				<https://panlex.org/snapshot/panlex-20191001-csv/3975#51732711>		"a"@hio	
"=ónò"@isi	<https://panlex.org/snapshot/panlex-20191001-csv/3975#51732726>				<https://panlex.org/snapshot/panlex-20191001-csv/3975#51732712>		"ho"@hio	
"=ónò"@isi	<https://panlex.org/snapshot/panlex-20191001-csv/3975#51732726>				<https://panlex.org/snapshot/panlex-20191001-csv/3975#51732713>		"ǔ"@hio	
"ù"@isi	<https://panlex.org/snapshot/panlex-20191001-csv/3975#51733019>				<https://panlex.org/snapshot/panlex-20191001-csv/3975#51733011>		"ča"@hio	
"yôm"@isi	<https://panlex.org/snapshot/panlex-20191001-csv/3975#51723318>				<https://panlex.org/snapshot/panlex-20191001-csv/3975#51723308>		"ǀo"@hio	
"yôm"@isi	<https://panlex.org/snapshot/panlex-20191001-csv/3975#51723318>				<https://panlex.org/snapshot/panlex-20191001-csv/3975#51723309>		"ǀʼô"@hio	
"m̀=mʋ̀g"@isi	<https://panlex.org/snapshot/panlex-20191001-csv/3975#51730974>				<https://panlex.org/snapshot/panlex-20191001-csv/3975#51730967>		"ǀxúrí"@hio	
"kà"@isi	<https://panlex.org/snapshot/panlex-20191001-csv/3975#51729389>				<https://panlex.org/snapshot/panlex-20191001-csv/3975#51729379>		"=beː"@hio	
"kà"@isi	<https://panlex.org/snapshot/panlex-20191001-csv/3975#51729389>				<https://panlex.org/snapshot/panlex-20191001-csv/3975#51729380>		"=tà"@hio	
"ì=gɔ̀ŋígɔ̀ŋ"@isi	<https://panlex.org/snapshot/panlex-20191001-csv/3975#51735068>				<https://panlex.org/snapshot/panlex-20191001-csv/3975#51735060>		"setʰaː"@hio	
"m=fɛ-mfɛ"@isi	<https://panlex.org/snapshot/panlex-20191001-csv/3975#51728936>				<https://panlex.org/snapshot/panlex-20191001-csv/3975#51728927>		"ɳǀǀáò"@hio	
"ŋ̀=ŋôl"@isi	<https://panlex.org/snapshot/panlex-20191001-csv/3975#51729226>				<https://panlex.org/snapshot/panlex-20191001-csv/3975#51729218>		"ɕúì"@hio	
"ŋ̀=ŋôl"@isi	<https://panlex.org/snapshot/panlex-20191001-csv/3975#51729226>				<https://panlex.org/snapshot/panlex-20191001-csv/3975#51729216>		"čui"@hio	
"ŋ̀=ŋôl"@isi	<https://panlex.org/snapshot/panlex-20191001-csv/3975#51729226>				<https://panlex.org/snapshot/panlex-20191001-csv/3975#51729217>		"čwi"@hio	
"=â"@isi	<https://panlex.org/snapshot/panlex-20191001-csv/3975#51732879>				<https://panlex.org/snapshot/panlex-20191001-csv/3975#51732869>		"ǐ"@hio	
"=â"@isi	<https://panlex.org/snapshot/panlex-20191001-csv/3975#51732879>				<https://panlex.org/snapshot/panlex-20191001-csv/3975#51732868>		"e"@hio	
"ì=mǝ̀màrà"@isi	<https://panlex.org/snapshot/panlex-20191001-csv/3975#51722259>				<https://panlex.org/snapshot/panlex-20191001-csv/3975#51722251>		"ɡǀara"@hio	
"ù=tôŋ"@isi	<https://panlex.org/snapshot/panlex-20191001-csv/3975#51723457>				<https://panlex.org/snapshot/panlex-20191001-csv/3975#51723446>		"čeː"@hio	
"ù=tôŋ"@isi	<https://panlex.org/snapshot/panlex-20191001-csv/3975#51723457>				<https://panlex.org/snapshot/panlex-20191001-csv/3975#51723447>		"kʸê"@hio	
"ì=róg"@isi	<https://panlex.org/snapshot/panlex-20191001-csv/3975#51721279>				<https://panlex.org/snapshot/panlex-20191001-csv/3975#51721269>		"ʒérà"@hio	
"ì=róg"@isi	<https://panlex.org/snapshot/panlex-20191001-csv/3975#51721279>				<https://panlex.org/snapshot/panlex-20191001-csv/3975#51721268>		"zera"@hio	
"ú=gêd"@isi	<https://panlex.org/snapshot/panlex-20191001-csv/3975#51727397>				<https://panlex.org/snapshot/panlex-20191001-csv/3975#51727388>		"ɕʼĩ̌"@hio	
"ú=gêd"@isi	<https://panlex.org/snapshot/panlex-20191001-csv/3975#51727397>				<https://panlex.org/snapshot/panlex-20191001-csv/3975#51727387>		"če"@hio	
"m=fɛ-mfɛ"@isi	<https://panlex.org/snapshot/panlex-20191001-csv/3975#51728935>				<https://panlex.org/snapshot/panlex-20191001-csv/3975#51728927>		"ɳǀǀáò"@hio	
"bá"@isi	<https://panlex.org/snapshot/panlex-20191001-csv/3975#51722663>				<https://panlex.org/snapshot/panlex-20191001-csv/3975#51722651>		"ya"@hio	
"bá"@isi	<https://panlex.org/snapshot/panlex-20191001-csv/3975#51722663>				<https://panlex.org/snapshot/panlex-20191001-csv/3975#51722652>		"hâ"@hio	
"m=buŋ"@isi	<https://panlex.org/snapshot/panlex-20191001-csv/3975#51730649>				<https://panlex.org/snapshot/panlex-20191001-csv/3975#51730640>		"me"@hio	
"kpɔ̂"@isi	<https://panlex.org/snapshot/panlex-20191001-csv/3975#51722849>				<https://panlex.org/snapshot/panlex-20191001-csv/3975#51722835>		"oː"@hio	
"kpɔ̂"@isi	<https://panlex.org/snapshot/panlex-20191001-csv/3975#51722849>				<https://panlex.org/snapshot/panlex-20191001-csv/3975#51722836>		"ʔǒ"@hio	
"ɲ́=ɲù-šî"@isi	<https://panlex.org/snapshot/panlex-20191001-csv/3975#51725596>				<https://panlex.org/snapshot/panlex-20191001-csv/3975#51725585>		"ǀʼũ̂"@hio	
"ɲ́=ɲù-šî"@isi	<https://panlex.org/snapshot/panlex-20191001-csv/3975#51725596>				<https://panlex.org/snapshot/panlex-20191001-csv/3975#51725584>		"ǀʰoː"@hio	
"nɛ̀ŋ=kál"@isi	<https://panlex.org/snapshot/panlex-20191001-csv/3975#51734913>				<https://panlex.org/snapshot/panlex-20191001-csv/3975#51734902>		"ɡǀǀai-čo"@hio	
"nɛ̀ŋ=kál"@isi	<https://panlex.org/snapshot/panlex-20191001-csv/3975#51734913>				<https://panlex.org/snapshot/panlex-20191001-csv/3975#51734903>		"ɡǀǀaie-čwe"@hio	
"nɛ̀ŋ=kál"@isi	<https://panlex.org/snapshot/panlex-20191001-csv/3975#51734913>				<https://panlex.org/snapshot/panlex-20191001-csv/3975#51734904>		"ɡǀǀae-"@hio	
"ì=bêbêl"@isi	<https://panlex.org/snapshot/panlex-20191001-csv/3975#51730004>				<https://panlex.org/snapshot/panlex-20191001-csv/3975#51729995>		"wúdú"@hio	
"ì=bêbêl"@isi	<https://panlex.org/snapshot/panlex-20191001-csv/3975#51730004>				<https://panlex.org/snapshot/panlex-20191001-csv/3975#51729994>		"ɡǀeye"@hio	
"ḿ=kpèrí"@isi	<https://panlex.org/snapshot/panlex-20191001-csv/3975#51727663>				<https://panlex.org/snapshot/panlex-20191001-csv/3975#51727654>		"ɡǀǀam"@hio	
"ḿ=kpèrí"@isi	<https://panlex.org/snapshot/panlex-20191001-csv/3975#51727663>				<https://panlex.org/snapshot/panlex-20191001-csv/3975#51727655>		"kʼúnì"@hio	
"í=ʓǐ"@isi	<https://panlex.org/snapshot/panlex-20191001-csv/3975#51723921>				<https://panlex.org/snapshot/panlex-20191001-csv/3975#51723913>		"ibi"@hio	
"í=ʓǐ"@isi	<https://panlex.org/snapshot/panlex-20191001-csv/3975#51723921>				<https://panlex.org/snapshot/panlex-20191001-csv/3975#51723914>		"ʔíbí"@hio	
"kpédí-kpédí"@isi	<https://panlex.org/snapshot/panlex-20191001-csv/3975#51735460>				<https://panlex.org/snapshot/panlex-20191001-csv/3975#51735450>		"ǀû"@hio	
"kpédí-kpédí"@isi	<https://panlex.org/snapshot/panlex-20191001-csv/3975#51735460>				<https://panlex.org/snapshot/panlex-20191001-csv/3975#51735449>		"ǀu"@hio	
"ǹ=dègí"@isi	<https://panlex.org/snapshot/panlex-20191001-csv/3975#51723606>				<https://panlex.org/snapshot/panlex-20191001-csv/3975#51723594>		"xóḿ"@hio	
"ì=kpágá"@isi	<https://panlex.org/snapshot/panlex-20191001-csv/3975#51720873>				<https://panlex.org/snapshot/panlex-20191001-csv/3975#51720862>		"ǯoreː"@hio	
"kɨ̀bî"@isi	<https://panlex.org/snapshot/panlex-20191001-csv/3975#51735734>				<https://panlex.org/snapshot/panlex-20191001-csv/3975#51735723>		"ǀǀom-ɲe"@hio	
"kɨ̀bî"@isi	<https://panlex.org/snapshot/panlex-20191001-csv/3975#51735734>				<https://panlex.org/snapshot/panlex-20191001-csv/3975#51735724>		"ǀǀúm̀"@hio	
"è=lʌ́p"@isi	<https://panlex.org/snapshot/panlex-20191001-csv/3975#51729866>				<https://panlex.org/snapshot/panlex-20191001-csv/3975#51729855>		"tú"@hio	
"è=lʌ́p"@isi	<https://panlex.org/snapshot/panlex-20191001-csv/3975#51729866>				<https://panlex.org/snapshot/panlex-20191001-csv/3975#51729854>		"tu"@hio	
"ì=tém"@isi	<https://panlex.org/snapshot/panlex-20191001-csv/3975#51726207>				<https://panlex.org/snapshot/panlex-20191001-csv/3975#51726197>		"kʸô"@hio	
"ì=tém"@isi	<https://panlex.org/snapshot/panlex-20191001-csv/3975#51726207>				<https://panlex.org/snapshot/panlex-20191001-csv/3975#51726196>		"čoː"@hio	
"nòbî"@isi	<https://panlex.org/snapshot/panlex-20191001-csv/3975#51725336>				<https://panlex.org/snapshot/panlex-20191001-csv/3975#51725327>		"tʼṹĩ̀"@hio	
"nòbî"@isi	<https://panlex.org/snapshot/panlex-20191001-csv/3975#51725336>				<https://panlex.org/snapshot/panlex-20191001-csv/3975#51725326>		"čo"@hio	
"à=lǝ́b"@isi	<https://panlex.org/snapshot/panlex-20191001-csv/3975#51734098>				<https://panlex.org/snapshot/panlex-20191001-csv/3975#51734087>		"caː"@hio	
"à=lǝ́b"@isi	<https://panlex.org/snapshot/panlex-20191001-csv/3975#51734098>				<https://panlex.org/snapshot/panlex-20191001-csv/3975#51734088>		"cʰǎ"@hio	
"ɲ̀=ɲàm"@isi	<https://panlex.org/snapshot/panlex-20191001-csv/3975#51728091>				<https://panlex.org/snapshot/panlex-20191001-csv/3975#51728080>		"ko-ho"@hio	
"ɲ̀=ɲàm"@isi	<https://panlex.org/snapshot/panlex-20191001-csv/3975#51728091>				<https://panlex.org/snapshot/panlex-20191001-csv/3975#51728081>		"kʼó-xù"@hio	
"ǹ=táŋ"@isi	<https://panlex.org/snapshot/panlex-20191001-csv/3975#51726344>				<https://panlex.org/snapshot/panlex-20191001-csv/3975#51726335>		"ɳǀǀgaː"@hio	
"ǹ=táŋ"@isi	<https://panlex.org/snapshot/panlex-20191001-csv/3975#51726344>				<https://panlex.org/snapshot/panlex-20191001-csv/3975#51726336>		"ɳǀǀnâ"@hio	
"bɨm"@isi	<https://panlex.org/snapshot/panlex-20191001-csv/3975#51731103>				<https://panlex.org/snapshot/panlex-20191001-csv/3975#51731093>		"ɲo"@hio	
"bɨm"@isi	<https://panlex.org/snapshot/panlex-20191001-csv/3975#51731103>				<https://panlex.org/snapshot/panlex-20191001-csv/3975#51731094>		"ɲũ̀"@hio	
"kèŋ-kǝ́ŋ"@isi	<https://panlex.org/snapshot/panlex-20191001-csv/3975#51736011>				<https://panlex.org/snapshot/panlex-20191001-csv/3975#51736002>		"ɡǀǀai-ču"@hio	
"ì=ɲánà"@isi	<https://panlex.org/snapshot/panlex-20191001-csv/3975#51727103>				<https://panlex.org/snapshot/panlex-20191001-csv/3975#51727092>		"tʰàná"@hio	
"ì=ɲánà"@isi	<https://panlex.org/snapshot/panlex-20191001-csv/3975#51727103>				<https://panlex.org/snapshot/panlex-20191001-csv/3975#51727091>		"ɡǀana"@hio	
"nɔ̀ŋɔ̂"@isi	<https://panlex.org/snapshot/panlex-20191001-csv/3975#51727250>				<https://panlex.org/snapshot/panlex-20191001-csv/3975#51727241>		"ǀǀúé"@hio	
"ì=šî"@isi	<https://panlex.org/snapshot/panlex-20191001-csv/3975#51725901>				<https://panlex.org/snapshot/panlex-20191001-csv/3975#51725889>		"hma"@hio	
"ì=šî"@isi	<https://panlex.org/snapshot/panlex-20191001-csv/3975#51725901>				<https://panlex.org/snapshot/panlex-20191001-csv/3975#51725890>		"ḿ-ʔà"@hio	
"ì=krùŋkù"@isi	<https://panlex.org/snapshot/panlex-20191001-csv/3975#51721982>				<https://panlex.org/snapshot/panlex-20191001-csv/3975#51721972>		"ǀʰuː"@hio	
"ì=krùŋkù"@isi	<https://panlex.org/snapshot/panlex-20191001-csv/3975#51721982>				<https://panlex.org/snapshot/panlex-20191001-csv/3975#51721973>		"ǀǀǔ"@hio	
"ì=kêl"@isi	<https://panlex.org/snapshot/panlex-20191001-csv/3975#51732570>				<https://panlex.org/snapshot/panlex-20191001-csv/3975#51732560>		"cáó"@hio	
"ì=kêl"@isi	<https://panlex.org/snapshot/panlex-20191001-csv/3975#51732570>				<https://panlex.org/snapshot/panlex-20191001-csv/3975#51732559>		"cau"@hio	
"ń=dɔ̀ŋdɔ́ŋɔ́"@isi	<https://panlex.org/snapshot/panlex-20191001-csv/3975#51736282>				<https://panlex.org/snapshot/panlex-20191001-csv/3975#51736276>		"ɡǀǀxaie"@hio	
"inɨ=nǝp"@isi	<https://panlex.org/snapshot/panlex-20191001-csv/3975#51725337>				<https://panlex.org/snapshot/panlex-20191001-csv/3975#51725327>		"tʼṹĩ̀"@hio	
"inɨ=nǝp"@isi	<https://panlex.org/snapshot/panlex-20191001-csv/3975#51725337>				<https://panlex.org/snapshot/panlex-20191001-csv/3975#51725326>		"čo"@hio	
"ù=tál"@isi	<https://panlex.org/snapshot/panlex-20191001-csv/3975#51732150>				<https://panlex.org/snapshot/panlex-20191001-csv/3975#51732141>		"ɡǀǀwa"@hio	
"ù=tál"@isi	<https://panlex.org/snapshot/panlex-20191001-csv/3975#51732150>				<https://panlex.org/snapshot/panlex-20191001-csv/3975#51732142>		"qárò"@hio	
"í=ʓǐ"@isi	<https://panlex.org/snapshot/panlex-20191001-csv/3975#51723922>				<https://panlex.org/snapshot/panlex-20191001-csv/3975#51723913>		"ibi"@hio	
"í=ʓǐ"@isi	<https://panlex.org/snapshot/panlex-20191001-csv/3975#51723922>				<https://panlex.org/snapshot/panlex-20191001-csv/3975#51723914>		"ʔíbí"@hio	
"ì=káb"@isi	<https://panlex.org/snapshot/panlex-20191001-csv/3975#51721851>				<https://panlex.org/snapshot/panlex-20191001-csv/3975#51721839>		"ɳǀgwa"@hio	
"ì=káb"@isi	<https://panlex.org/snapshot/panlex-20191001-csv/3975#51721851>				<https://panlex.org/snapshot/panlex-20191001-csv/3975#51721840>		"ǀʼṍã̀"@hio	
"ǹ=ʓòl"@isi	<https://panlex.org/snapshot/panlex-20191001-csv/3975#51732291>				<https://panlex.org/snapshot/panlex-20191001-csv/3975#51732279>		"ǀam"@hio	
"ǹ=ʓòl"@isi	<https://panlex.org/snapshot/panlex-20191001-csv/3975#51732291>				<https://panlex.org/snapshot/panlex-20191001-csv/3975#51732280>		"ǀáḿ"@hio	
"ḿ=bébél"@isi	<https://panlex.org/snapshot/panlex-20191001-csv/3975#51730003>				<https://panlex.org/snapshot/panlex-20191001-csv/3975#51729995>		"wúdú"@hio	
"ḿ=bébél"@isi	<https://panlex.org/snapshot/panlex-20191001-csv/3975#51730003>				<https://panlex.org/snapshot/panlex-20191001-csv/3975#51729994>		"ɡǀeye"@hio	
"lôm"@isi	<https://panlex.org/snapshot/panlex-20191001-csv/3975#51721420>				<https://panlex.org/snapshot/panlex-20191001-csv/3975#51721410>		"pʰa"@hio	
"lôm"@isi	<https://panlex.org/snapshot/panlex-20191001-csv/3975#51721420>				<https://panlex.org/snapshot/panlex-20191001-csv/3975#51721411>		"pá"@hio	
"ù=bô"@isi	<https://panlex.org/snapshot/panlex-20191001-csv/3975#51725748>				<https://panlex.org/snapshot/panlex-20191001-csv/3975#51725738>		"cau"@hio	
"ù=bô"@isi	<https://panlex.org/snapshot/panlex-20191001-csv/3975#51725748>				<https://panlex.org/snapshot/panlex-20191001-csv/3975#51725739>		"càú"@hio	
"m=bar"@isi	<https://panlex.org/snapshot/panlex-20191001-csv/3975#51730145>				<https://panlex.org/snapshot/panlex-20191001-csv/3975#51730134>		"dáó"@hio	
"m=bar"@isi	<https://panlex.org/snapshot/panlex-20191001-csv/3975#51730145>				<https://panlex.org/snapshot/panlex-20191001-csv/3975#51730133>		"dʰau"@hio	
"m̀=bùbú"@isi	<https://panlex.org/snapshot/panlex-20191001-csv/3975#51730506>				<https://panlex.org/snapshot/panlex-20191001-csv/3975#51730499>		"hom"@hio	
"à=lɨ́b"@isi	<https://panlex.org/snapshot/panlex-20191001-csv/3975#51734097>				<https://panlex.org/snapshot/panlex-20191001-csv/3975#51734087>		"caː"@hio	
"à=lɨ́b"@isi	<https://panlex.org/snapshot/panlex-20191001-csv/3975#51734097>				<https://panlex.org/snapshot/panlex-20191001-csv/3975#51734088>		"cʰǎ"@hio	
"ǹ=nè=ǹ=kál"@isi	<https://panlex.org/snapshot/panlex-20191001-csv/3975#51734912>				<https://panlex.org/snapshot/panlex-20191001-csv/3975#51734902>		"ɡǀǀai-čo"@hio	
"ǹ=nè=ǹ=kál"@isi	<https://panlex.org/snapshot/panlex-20191001-csv/3975#51734912>				<https://panlex.org/snapshot/panlex-20191001-csv/3975#51734903>		"ɡǀǀaie-čwe"@hio	
"ǹ=nè=ǹ=kál"@isi	<https://panlex.org/snapshot/panlex-20191001-csv/3975#51734912>				<https://panlex.org/snapshot/panlex-20191001-csv/3975#51734904>		"ɡǀǀae-"@hio	
"ǹ"@isi	<https://panlex.org/snapshot/panlex-20191001-csv/3975#51726490>				<https://panlex.org/snapshot/panlex-20191001-csv/3975#51726478>		"či"@hio	
"ǹ"@isi	<https://panlex.org/snapshot/panlex-20191001-csv/3975#51726490>				<https://panlex.org/snapshot/panlex-20191001-csv/3975#51726479>		"kʸé"@hio	
"lî"@isi	<https://panlex.org/snapshot/panlex-20191001-csv/3975#51723754>				<https://panlex.org/snapshot/panlex-20191001-csv/3975#51723744>		"ka"@hio	
"lî"@isi	<https://panlex.org/snapshot/panlex-20191001-csv/3975#51723754>				<https://panlex.org/snapshot/panlex-20191001-csv/3975#51723745>		"ʔyũ̌"@hio	
"ì=fɨ̀fè"@isi	<https://panlex.org/snapshot/panlex-20191001-csv/3975#51736146>				<https://panlex.org/snapshot/panlex-20191001-csv/3975#51736136>		"ɲaː"@hio	
"ì=fɨ̀fè"@isi	<https://panlex.org/snapshot/panlex-20191001-csv/3975#51736146>				<https://panlex.org/snapshot/panlex-20191001-csv/3975#51736137>		"ʔyã̂"@hio	
"ŋ̀=gòb-ʓì"@isi	<https://panlex.org/snapshot/panlex-20191001-csv/3975#51731265>				<https://panlex.org/snapshot/panlex-20191001-csv/3975#51731254>		"kʰǒ"@hio	
"ŋ̀=gòb-ʓì"@isi	<https://panlex.org/snapshot/panlex-20191001-csv/3975#51731265>				<https://panlex.org/snapshot/panlex-20191001-csv/3975#51731253>		"čo"@hio	
"ɲî"@isi	<https://panlex.org/snapshot/panlex-20191001-csv/3975#51726964>				<https://panlex.org/snapshot/panlex-20191001-csv/3975#51726954>		"an"@hio	
"ɲî"@isi	<https://panlex.org/snapshot/panlex-20191001-csv/3975#51726964>				<https://panlex.org/snapshot/panlex-20191001-csv/3975#51726955>		"ʔã́"@hio	
"ɲínǒ"@isi	<https://panlex.org/snapshot/panlex-20191001-csv/3975#51734754>				<https://panlex.org/snapshot/panlex-20191001-csv/3975#51734745>		"nare"@hio	
"à=kâŋ"@isi	<https://panlex.org/snapshot/panlex-20191001-csv/3975#51735599>				<https://panlex.org/snapshot/panlex-20191001-csv/3975#51735590>		"dèbé"@hio	
"à=kâŋ"@isi	<https://panlex.org/snapshot/panlex-20191001-csv/3975#51735599>				<https://panlex.org/snapshot/panlex-20191001-csv/3975#51735589>		"debe"@hio	
"ɲi"@isi	<https://panlex.org/snapshot/panlex-20191001-csv/3975#51726963>				<https://panlex.org/snapshot/panlex-20191001-csv/3975#51726954>		"an"@hio	
"ɲi"@isi	<https://panlex.org/snapshot/panlex-20191001-csv/3975#51726963>				<https://panlex.org/snapshot/panlex-20191001-csv/3975#51726955>		"ʔã́"@hio	
"tɨm"@isi	<https://panlex.org/snapshot/panlex-20191001-csv/3975#51733786>				<https://panlex.org/snapshot/panlex-20191001-csv/3975#51733776>		"xo"@hio	
"tɨm"@isi	<https://panlex.org/snapshot/panlex-20191001-csv/3975#51733786>				<https://panlex.org/snapshot/panlex-20191001-csv/3975#51733777>		"kũ̂"@hio	
"ì=ŋʋùŋuàr"@isi	<https://panlex.org/snapshot/panlex-20191001-csv/3975#51722258>				<https://panlex.org/snapshot/panlex-20191001-csv/3975#51722251>		"ɡǀara"@hio	
"à=lùg"@isi	<https://panlex.org/snapshot/panlex-20191001-csv/3975#51722518>				<https://panlex.org/snapshot/panlex-20191001-csv/3975#51722508>		"hùrú"@hio	
"à=lùg"@isi	<https://panlex.org/snapshot/panlex-20191001-csv/3975#51722518>				<https://panlex.org/snapshot/panlex-20191001-csv/3975#51722507>		"haiː"@hio	
