"Amerika Syarikat"@zsm	<https://panlex.org/snapshot/panlex-20191001-csv/5940#81280180>				<https://panlex.org/snapshot/panlex-20191001-csv/5940#81280164>		"fenua Marite"@ty	
"pulau"@zsm	<https://panlex.org/snapshot/panlex-20191001-csv/5940#81343966>				<https://panlex.org/snapshot/panlex-20191001-csv/5940#81343952>		"motu"@ty	
"Februari"@zsm	<https://panlex.org/snapshot/panlex-20191001-csv/5939#80811349>				<https://panlex.org/snapshot/panlex-20191001-csv/5939#80811325>		"fepuare"@ty	
"cermin"@zsm	<https://panlex.org/snapshot/panlex-20191001-csv/5946#84446363>				<https://panlex.org/snapshot/panlex-20191001-csv/5946#84446321>		"hiʻo"@ty	
"Ogos"@zsm	<https://panlex.org/snapshot/panlex-20191001-csv/5949#85329557>				<https://panlex.org/snapshot/panlex-20191001-csv/5949#85329514>		"ʻātete"@ty	
"Australia"@zsm	<https://panlex.org/snapshot/panlex-20191001-csv/5949#85298257>				<https://panlex.org/snapshot/panlex-20191001-csv/5949#85298232>		"Autereraria"@ty	
"Alkitab"@zsm	<https://panlex.org/snapshot/panlex-20191001-csv/5949#85302831>				<https://panlex.org/snapshot/panlex-20191001-csv/5949#85302795>		"Pipiria"@ty	
"Rusia"@zsm	<https://panlex.org/snapshot/panlex-20191001-csv/5949#85319646>				<https://panlex.org/snapshot/panlex-20191001-csv/5949#85319605>		"Rūtia"@ty	
"Berlin"@zsm	<https://panlex.org/snapshot/panlex-20191001-csv/5949#85302567>				<https://panlex.org/snapshot/panlex-20191001-csv/5949#85302538>		"Berlin"@ty	
"tertawa"@zsm	<https://panlex.org/snapshot/panlex-20191001-csv/5943#83383791>				<https://panlex.org/snapshot/panlex-20191001-csv/5943#83383785>		"ata"@ty	
"laut"@zsm	<https://panlex.org/snapshot/panlex-20191001-csv/5943#83376134>				<https://panlex.org/snapshot/panlex-20191001-csv/5943#83376122>		"miti"@ty	
"laut"@zsm	<https://panlex.org/snapshot/panlex-20191001-csv/5943#83376134>				<https://panlex.org/snapshot/panlex-20191001-csv/5943#83376123>		"mona"@ty	
"kotor"@zsm	<https://panlex.org/snapshot/panlex-20191001-csv/5943#83366583>				<https://panlex.org/snapshot/panlex-20191001-csv/5943#83366575>		"repo"@ty	
"pasir"@zsm	<https://panlex.org/snapshot/panlex-20191001-csv/5943#83323819>				<https://panlex.org/snapshot/panlex-20191001-csv/5943#83323807>		"one"@ty	
"duduk"@zsm	<https://panlex.org/snapshot/panlex-20191001-csv/5943#83332519>				<https://panlex.org/snapshot/panlex-20191001-csv/5943#83332514>		"paarahi"@ty	
"laba-laba"@zsm	<https://panlex.org/snapshot/panlex-20191001-csv/5943#83328283>				<https://panlex.org/snapshot/panlex-20191001-csv/5943#83328279>		"tūtūrahonui"@ty	
"tali"@zsm	<https://panlex.org/snapshot/panlex-20191001-csv/5943#83361041>				<https://panlex.org/snapshot/panlex-20191001-csv/5943#83361035>		"taura"@ty	
"terbang"@zsm	<https://panlex.org/snapshot/panlex-20191001-csv/5943#83365009>				<https://panlex.org/snapshot/panlex-20191001-csv/5943#83365004>		"rere"@ty	
"berjalan"@zsm	<https://panlex.org/snapshot/panlex-20191001-csv/5943#83360488>				<https://panlex.org/snapshot/panlex-20191001-csv/5943#83360483>		"haere"@ty	
"baik"@zsm	<https://panlex.org/snapshot/panlex-20191001-csv/5943#83327968>				<https://panlex.org/snapshot/panlex-20191001-csv/5943#83327955>		"monamona"@ty	
"burung"@zsm	<https://panlex.org/snapshot/panlex-20191001-csv/5943#83367023>				<https://panlex.org/snapshot/panlex-20191001-csv/5943#83367012>		"manu"@ty	
"tangan"@zsm	<https://panlex.org/snapshot/panlex-20191001-csv/5943#83360012>				<https://panlex.org/snapshot/panlex-20191001-csv/5943#83360001>		"rima"@ty	
"tangan"@zsm	<https://panlex.org/snapshot/panlex-20191001-csv/5943#83360052>				<https://panlex.org/snapshot/panlex-20191001-csv/5943#83360044>		"rima"@ty	
"danau"@zsm	<https://panlex.org/snapshot/panlex-20191001-csv/5943#83336597>				<https://panlex.org/snapshot/panlex-20191001-csv/5943#83336591>		"roto"@ty	
"tulang"@zsm	<https://panlex.org/snapshot/panlex-20191001-csv/5943#83369758>				<https://panlex.org/snapshot/panlex-20191001-csv/5943#83369751>		"ivi"@ty	
"bahasa perancis"@zsm	<https://panlex.org/snapshot/panlex-20191001-csv/405#13624343>				<https://panlex.org/snapshot/panlex-20191001-csv/405#13624327>		"reo farāni"@ty	
"bahasa asturia"@zsm	<https://panlex.org/snapshot/panlex-20191001-csv/405#13624263>				<https://panlex.org/snapshot/panlex-20191001-csv/405#13624327>		"reo farāni"@ty	
"bahasa catalonia"@zsm	<https://panlex.org/snapshot/panlex-20191001-csv/405#13622396>				<https://panlex.org/snapshot/panlex-20191001-csv/405#13622389>		"reo tatarūnia"@ty	
"bahasa inggeris"@zsm	<https://panlex.org/snapshot/panlex-20191001-csv/405#13623699>				<https://panlex.org/snapshot/panlex-20191001-csv/405#13623681>		"anglès"@ty	
"dia"@zsm	<https://panlex.org/snapshot/panlex-20191001-csv/9#473916>				<https://panlex.org/snapshot/panlex-20191001-csv/9#473905>		"ʔoia"@ty	
"pulau"@zsm	<https://panlex.org/snapshot/panlex-20191001-csv/12#854178>				<https://panlex.org/snapshot/panlex-20191001-csv/12#854201>		"motu"@ty	
"susu"@zsm	<https://panlex.org/snapshot/panlex-20191001-csv/12#854927>				<https://panlex.org/snapshot/panlex-20191001-csv/12#854953>		"haʻari"@ty	
"air"@zsm	<https://panlex.org/snapshot/panlex-20191001-csv/12#851065>				<https://panlex.org/snapshot/panlex-20191001-csv/12#851176>		"pape"@ty	
"air"@zsm	<https://panlex.org/snapshot/panlex-20191001-csv/12#851065>				<https://panlex.org/snapshot/panlex-20191001-csv/12#851177>		"vai"@ty	
"keamanan"@zsm	<https://panlex.org/snapshot/panlex-20191001-csv/2902#111012225>				<https://panlex.org/snapshot/panlex-20191001-csv/2902#111012217>		"hau"@ty	
"كأمانن"@zsm	<https://panlex.org/snapshot/panlex-20191001-csv/2902#111012003>				<https://panlex.org/snapshot/panlex-20191001-csv/2902#111012217>		"hau"@ty	
"لأوتن تدوه"@zsm	<https://panlex.org/snapshot/panlex-20191001-csv/2901#110868097>				<https://panlex.org/snapshot/panlex-20191001-csv/2901#110868109>		"Moana Pātitifā"@ty	
"Lautan Pasifik"@zsm	<https://panlex.org/snapshot/panlex-20191001-csv/2901#110868133>				<https://panlex.org/snapshot/panlex-20191001-csv/2901#110868109>		"Moana Pātitifā"@ty	
"لأوتن ڤاسيفيك"@zsm	<https://panlex.org/snapshot/panlex-20191001-csv/2901#110868031>				<https://panlex.org/snapshot/panlex-20191001-csv/2901#110868109>		"Moana Pātitifā"@ty	
"Lautan Teduh"@zsm	<https://panlex.org/snapshot/panlex-20191001-csv/2901#110868127>				<https://panlex.org/snapshot/panlex-20191001-csv/2901#110868109>		"Moana Pātitifā"@ty	
"Saya cintakan awak"@zsm	<https://panlex.org/snapshot/panlex-20191001-csv/8#109507>				<https://panlex.org/snapshot/panlex-20191001-csv/8#109573>		"Ua here vau ia oe"@ty	
"nol"@zsm	<https://panlex.org/snapshot/panlex-20191001-csv/10#569669>				<https://panlex.org/snapshot/panlex-20191001-csv/10#569661>		"ʻaore"@ty	
"pulau"@zsm	<https://panlex.org/snapshot/panlex-20191001-csv/10#763964>				<https://panlex.org/snapshot/panlex-20191001-csv/10#763955>		"motu"@ty	
"pasir"@zsm	<https://panlex.org/snapshot/panlex-20191001-csv/10#601147>				<https://panlex.org/snapshot/panlex-20191001-csv/10#601143>		"one"@ty	
"laba"@zsm	<https://panlex.org/snapshot/panlex-20191001-csv/15#973115>				<https://panlex.org/snapshot/panlex-20191001-csv/15#973112>		"tūtūrahonui"@ty	
"kotor"@zsm	<https://panlex.org/snapshot/panlex-20191001-csv/15#963283>				<https://panlex.org/snapshot/panlex-20191001-csv/15#963280>		"repo"@ty	
"tertawa"@zsm	<https://panlex.org/snapshot/panlex-20191001-csv/15#964396>				<https://panlex.org/snapshot/panlex-20191001-csv/15#964393>		"ata"@ty	
"pasir"@zsm	<https://panlex.org/snapshot/panlex-20191001-csv/15#967086>				<https://panlex.org/snapshot/panlex-20191001-csv/15#967071>		"one"@ty	
"mata"@zsm	<https://panlex.org/snapshot/panlex-20191001-csv/15#953924>				<https://panlex.org/snapshot/panlex-20191001-csv/15#953918>		"mata"@ty	
"darah"@zsm	<https://panlex.org/snapshot/panlex-20191001-csv/15#965082>				<https://panlex.org/snapshot/panlex-20191001-csv/15#965076>		"toto"@ty	
"duduk"@zsm	<https://panlex.org/snapshot/panlex-20191001-csv/15#971094>				<https://panlex.org/snapshot/panlex-20191001-csv/15#971090>		"paarahi"@ty	
"bahu"@zsm	<https://panlex.org/snapshot/panlex-20191001-csv/114#8061343>				<https://panlex.org/snapshot/panlex-20191001-csv/114#8061260>		"tapono"@ty	
"bahu"@zsm	<https://panlex.org/snapshot/panlex-20191001-csv/114#8061343>				<https://panlex.org/snapshot/panlex-20191001-csv/114#8061259>		"etapon"@ty	
"gigi"@zsm	<https://panlex.org/snapshot/panlex-20191001-csv/114#8067605>				<https://panlex.org/snapshot/panlex-20191001-csv/114#8067503>		"eneeho"@ty	
"gigi"@zsm	<https://panlex.org/snapshot/panlex-20191001-csv/114#8067605>				<https://panlex.org/snapshot/panlex-20191001-csv/114#8067504>		"niho"@ty	
"kotor"@zsm	<https://panlex.org/snapshot/panlex-20191001-csv/114#8056785>				<https://panlex.org/snapshot/panlex-20191001-csv/114#8056689>		"repo"@ty	
"kotor"@zsm	<https://panlex.org/snapshot/panlex-20191001-csv/114#8056785>				<https://panlex.org/snapshot/panlex-20191001-csv/114#8056690>		"repoa"@ty	
"rambut"@zsm	<https://panlex.org/snapshot/panlex-20191001-csv/114#8065032>				<https://panlex.org/snapshot/panlex-20191001-csv/114#8064921>		"eraowroo"@ty	
"rambut"@zsm	<https://panlex.org/snapshot/panlex-20191001-csv/114#8065032>				<https://panlex.org/snapshot/panlex-20191001-csv/114#8064922>		"rouru"@ty	
"jalan kaki"@zsm	<https://panlex.org/snapshot/panlex-20191001-csv/114#8054269>				<https://panlex.org/snapshot/panlex-20191001-csv/114#8054157>		"haere"@ty	
"jalan kaki"@zsm	<https://panlex.org/snapshot/panlex-20191001-csv/114#8054269>				<https://panlex.org/snapshot/panlex-20191001-csv/114#8054158>		"ori"@ty	
"payudara"@zsm	<https://panlex.org/snapshot/panlex-20191001-csv/114#8060882>				<https://panlex.org/snapshot/panlex-20191001-csv/114#8060765>		"ʻoouma"@ty	
"payudara"@zsm	<https://panlex.org/snapshot/panlex-20191001-csv/114#8060882>				<https://panlex.org/snapshot/panlex-20191001-csv/114#8060762>		"eoo"@ty	
"payudara"@zsm	<https://panlex.org/snapshot/panlex-20191001-csv/114#8060882>				<https://panlex.org/snapshot/panlex-20191001-csv/114#8060761>		"eom"@ty	
"payudara"@zsm	<https://panlex.org/snapshot/panlex-20191001-csv/114#8060882>				<https://panlex.org/snapshot/panlex-20191001-csv/114#8060763>		"tiitii"@ty	
"payudara"@zsm	<https://panlex.org/snapshot/panlex-20191001-csv/114#8060882>				<https://panlex.org/snapshot/panlex-20191001-csv/114#8060764>		"uu"@ty	
"habuk"@zsm	<https://panlex.org/snapshot/panlex-20191001-csv/114#8057241>				<https://panlex.org/snapshot/panlex-20191001-csv/114#8057162>		"repo puehu"@ty	
"habuk"@zsm	<https://panlex.org/snapshot/panlex-20191001-csv/114#8057241>				<https://panlex.org/snapshot/panlex-20191001-csv/114#8057161>		"huʻahuaa"@ty	
"habuk"@zsm	<https://panlex.org/snapshot/panlex-20191001-csv/114#8057241>				<https://panlex.org/snapshot/panlex-20191001-csv/114#8057159>		"one"@ty	
"habuk"@zsm	<https://panlex.org/snapshot/panlex-20191001-csv/114#8057241>				<https://panlex.org/snapshot/panlex-20191001-csv/114#8057160>		"repo"@ty	
"belok"@zsm	<https://panlex.org/snapshot/panlex-20191001-csv/114#8055749>				<https://panlex.org/snapshot/panlex-20191001-csv/114#8055668>		"wahoee"@ty	
"belok"@zsm	<https://panlex.org/snapshot/panlex-20191001-csv/114#8055749>				<https://panlex.org/snapshot/panlex-20191001-csv/114#8055666>		"ehaòe"@ty	
"belok"@zsm	<https://panlex.org/snapshot/panlex-20191001-csv/114#8055749>				<https://panlex.org/snapshot/panlex-20191001-csv/114#8055667>		"tiipuʻu"@ty	
"kanan"@zsm	<https://panlex.org/snapshot/panlex-20191001-csv/114#8053110>				<https://panlex.org/snapshot/panlex-20191001-csv/114#8053022>		"ʻatau"@ty	
"usus"@zsm	<https://panlex.org/snapshot/panlex-20191001-csv/114#8059793>				<https://panlex.org/snapshot/panlex-20191001-csv/114#8059709>		"ʻaaʻau"@ty	
"mengetahui"@zsm	<https://panlex.org/snapshot/panlex-20191001-csv/114#8061910>				<https://panlex.org/snapshot/panlex-20191001-csv/114#8061804>		"ʻite"@ty	
"fikir"@zsm	<https://panlex.org/snapshot/panlex-20191001-csv/114#8062368>				<https://panlex.org/snapshot/panlex-20191001-csv/114#8062282>		"manaʻo"@ty	
"hidu"@zsm	<https://panlex.org/snapshot/panlex-20191001-csv/114#8066500>				<https://panlex.org/snapshot/panlex-20191001-csv/114#8066412>		"ephàow"@ty	
"hidu"@zsm	<https://panlex.org/snapshot/panlex-20191001-csv/114#8066500>				<https://panlex.org/snapshot/panlex-20191001-csv/114#8066413>		"hauʻa"@ty	
"hidu"@zsm	<https://panlex.org/snapshot/panlex-20191001-csv/114#8066500>				<https://panlex.org/snapshot/panlex-20191001-csv/114#8066414>		"hoʻi"@ty	
"air"@zsm	<https://panlex.org/snapshot/panlex-20191001-csv/11#787666>				<https://panlex.org/snapshot/panlex-20191001-csv/11#787742>		"vai"@ty	
"air"@zsm	<https://panlex.org/snapshot/panlex-20191001-csv/11#787666>				<https://panlex.org/snapshot/panlex-20191001-csv/11#787741>		"pape"@ty	
"ثلاث"@zsm	<https://panlex.org/snapshot/panlex-20191001-csv/2892#110824484>				<https://panlex.org/snapshot/panlex-20191001-csv/2892#110824675>		"mahana piti"@ty	
"minggu"@zsm	<https://panlex.org/snapshot/panlex-20191001-csv/2892#110826681>				<https://panlex.org/snapshot/panlex-20191001-csv/2892#110826776>		"tāpati"@ty	
"رابو"@zsm	<https://panlex.org/snapshot/panlex-20191001-csv/2892#110824989>				<https://panlex.org/snapshot/panlex-20191001-csv/2892#110825040>		"mahana toru"@ty	
"jumaat"@zsm	<https://panlex.org/snapshot/panlex-20191001-csv/2892#110825749>				<https://panlex.org/snapshot/panlex-20191001-csv/2892#110825871>		"mahana pae"@ty	
"jumaat"@zsm	<https://panlex.org/snapshot/panlex-20191001-csv/2892#110825749>				<https://panlex.org/snapshot/panlex-20191001-csv/2892#110825859>		"farairē"@ty	
"selasa"@zsm	<https://panlex.org/snapshot/panlex-20191001-csv/2892#110824844>				<https://panlex.org/snapshot/panlex-20191001-csv/2892#110824675>		"mahana piti"@ty	
"اثنين"@zsm	<https://panlex.org/snapshot/panlex-20191001-csv/2892#110824179>				<https://panlex.org/snapshot/panlex-20191001-csv/2892#110824049>		"monirē"@ty	
"احد"@zsm	<https://panlex.org/snapshot/panlex-20191001-csv/2892#110826841>				<https://panlex.org/snapshot/panlex-20191001-csv/2892#110826776>		"tāpati"@ty	
"senen"@zsm	<https://panlex.org/snapshot/panlex-20191001-csv/2892#110824143>				<https://panlex.org/snapshot/panlex-20191001-csv/2892#110824049>		"monirē"@ty	
"khamis"@zsm	<https://panlex.org/snapshot/panlex-20191001-csv/2892#110825486>				<https://panlex.org/snapshot/panlex-20191001-csv/2892#110825422>		"mahana maha"@ty	
"سنين"@zsm	<https://panlex.org/snapshot/panlex-20191001-csv/2892#110824129>				<https://panlex.org/snapshot/panlex-20191001-csv/2892#110824049>		"monirē"@ty	
"ahad"@zsm	<https://panlex.org/snapshot/panlex-20191001-csv/2892#110826940>				<https://panlex.org/snapshot/panlex-20191001-csv/2892#110826776>		"tāpati"@ty	
"sabtu"@zsm	<https://panlex.org/snapshot/panlex-20191001-csv/2892#110826514>				<https://panlex.org/snapshot/panlex-20191001-csv/2892#110826509>		"mahana māʻa"@ty	
"rabu"@zsm	<https://panlex.org/snapshot/panlex-20191001-csv/2892#110824992>				<https://panlex.org/snapshot/panlex-20191001-csv/2892#110825040>		"mahana toru"@ty	
"ميڠݢو"@zsm	<https://panlex.org/snapshot/panlex-20191001-csv/2892#110826941>				<https://panlex.org/snapshot/panlex-20191001-csv/2892#110826776>		"tāpati"@ty	
"خميس"@zsm	<https://panlex.org/snapshot/panlex-20191001-csv/2892#110825644>				<https://panlex.org/snapshot/panlex-20191001-csv/2892#110825422>		"mahana maha"@ty	
"سبتو"@zsm	<https://panlex.org/snapshot/panlex-20191001-csv/2892#110826524>				<https://panlex.org/snapshot/panlex-20191001-csv/2892#110826509>		"mahana māʻa"@ty	
"جمعة"@zsm	<https://panlex.org/snapshot/panlex-20191001-csv/2892#110825973>				<https://panlex.org/snapshot/panlex-20191001-csv/2892#110825871>		"mahana pae"@ty	
"جمعة"@zsm	<https://panlex.org/snapshot/panlex-20191001-csv/2892#110825973>				<https://panlex.org/snapshot/panlex-20191001-csv/2892#110825859>		"farairē"@ty	
"isnin"@zsm	<https://panlex.org/snapshot/panlex-20191001-csv/2892#110824368>				<https://panlex.org/snapshot/panlex-20191001-csv/2892#110824049>		"monirē"@ty	
"Januari"@zsm	<https://panlex.org/snapshot/panlex-20191001-csv/2897#110827433>				<https://panlex.org/snapshot/panlex-20191001-csv/2897#110827327>		"tenuare"@ty	
"جولاي"@zsm	<https://panlex.org/snapshot/panlex-20191001-csv/2897#110829480>				<https://panlex.org/snapshot/panlex-20191001-csv/2897#110829521>		"tiurai"@ty	
"Februari"@zsm	<https://panlex.org/snapshot/panlex-20191001-csv/2897#110827622>				<https://panlex.org/snapshot/panlex-20191001-csv/2897#110827613>		"fepuare"@ty	
"فيبرواري"@zsm	<https://panlex.org/snapshot/panlex-20191001-csv/2897#110827555>				<https://panlex.org/snapshot/panlex-20191001-csv/2897#110827613>		"fepuare"@ty	
"Oktober"@zsm	<https://panlex.org/snapshot/panlex-20191001-csv/2897#110830911>				<https://panlex.org/snapshot/panlex-20191001-csv/2897#110830865>		"ʻatopa"@ty	
"جون"@zsm	<https://panlex.org/snapshot/panlex-20191001-csv/2897#110829119>				<https://panlex.org/snapshot/panlex-20191001-csv/2897#110829389>		"tiunu"@ty	
"جانواري"@zsm	<https://panlex.org/snapshot/panlex-20191001-csv/2897#110827157>				<https://panlex.org/snapshot/panlex-20191001-csv/2897#110827327>		"tenuare"@ty	
"April"@zsm	<https://panlex.org/snapshot/panlex-20191001-csv/2897#110828394>				<https://panlex.org/snapshot/panlex-20191001-csv/2897#110828485>		"ʻeperēra"@ty	
"مي"@zsm	<https://panlex.org/snapshot/panlex-20191001-csv/2897#110829054>				<https://panlex.org/snapshot/panlex-20191001-csv/2897#110828881>		"mē"@ty	
"Julai"@zsm	<https://panlex.org/snapshot/panlex-20191001-csv/2897#110829484>				<https://panlex.org/snapshot/panlex-20191001-csv/2897#110829521>		"tiurai"@ty	
"مچ"@zsm	<https://panlex.org/snapshot/panlex-20191001-csv/2897#110827947>				<https://panlex.org/snapshot/panlex-20191001-csv/2897#110828158>		"māti"@ty	
"اڤريل"@zsm	<https://panlex.org/snapshot/panlex-20191001-csv/2897#110828293>				<https://panlex.org/snapshot/panlex-20191001-csv/2897#110828485>		"ʻeperēra"@ty	
"اوكتوبر"@zsm	<https://panlex.org/snapshot/panlex-20191001-csv/2897#110831034>				<https://panlex.org/snapshot/panlex-20191001-csv/2897#110830865>		"ʻatopa"@ty	
"Ogos"@zsm	<https://panlex.org/snapshot/panlex-20191001-csv/2897#110830129>				<https://panlex.org/snapshot/panlex-20191001-csv/2897#110830084>		"ʻātete"@ty	
"ديسيمبر"@zsm	<https://panlex.org/snapshot/panlex-20191001-csv/2897#110831646>				<https://panlex.org/snapshot/panlex-20191001-csv/2897#110831731>		"titema"@ty	
"Jun"@zsm	<https://panlex.org/snapshot/panlex-20191001-csv/2897#110829118>				<https://panlex.org/snapshot/panlex-20191001-csv/2897#110829389>		"tiunu"@ty	
"نوۏيمبر"@zsm	<https://panlex.org/snapshot/panlex-20191001-csv/2897#110831546>				<https://panlex.org/snapshot/panlex-20191001-csv/2897#110831272>		"noema"@ty	
"نوۏيمبر"@zsm	<https://panlex.org/snapshot/panlex-20191001-csv/2897#110831546>				<https://panlex.org/snapshot/panlex-20191001-csv/2897#110831329>		"novema"@ty	
"Mei"@zsm	<https://panlex.org/snapshot/panlex-20191001-csv/2897#110828797>				<https://panlex.org/snapshot/panlex-20191001-csv/2897#110828881>		"mē"@ty	
"September"@zsm	<https://panlex.org/snapshot/panlex-20191001-csv/2897#110830380>				<https://panlex.org/snapshot/panlex-20191001-csv/2897#110830325>		"tetepa"@ty	
"اوݢوس"@zsm	<https://panlex.org/snapshot/panlex-20191001-csv/2897#110829896>				<https://panlex.org/snapshot/panlex-20191001-csv/2897#110830084>		"ʻātete"@ty	
"Mac"@zsm	<https://panlex.org/snapshot/panlex-20191001-csv/2897#110828254>				<https://panlex.org/snapshot/panlex-20191001-csv/2897#110828158>		"māti"@ty	
"Disember"@zsm	<https://panlex.org/snapshot/panlex-20191001-csv/2897#110831796>				<https://panlex.org/snapshot/panlex-20191001-csv/2897#110831731>		"titema"@ty	
"سيڤتيمبر"@zsm	<https://panlex.org/snapshot/panlex-20191001-csv/2897#110830630>				<https://panlex.org/snapshot/panlex-20191001-csv/2897#110830325>		"tetepa"@ty	
"November"@zsm	<https://panlex.org/snapshot/panlex-20191001-csv/2897#110831390>				<https://panlex.org/snapshot/panlex-20191001-csv/2897#110831272>		"noema"@ty	
"November"@zsm	<https://panlex.org/snapshot/panlex-20191001-csv/2897#110831390>				<https://panlex.org/snapshot/panlex-20191001-csv/2897#110831329>		"novema"@ty	
"اسيا"@zsm	<https://panlex.org/snapshot/panlex-20191001-csv/2891#110853969>				<https://panlex.org/snapshot/panlex-20191001-csv/2891#110853980>		"ʻĀtia"@ty	
"Afrika"@zsm	<https://panlex.org/snapshot/panlex-20191001-csv/2891#110853047>				<https://panlex.org/snapshot/panlex-20191001-csv/2891#110852998>		"ʻĀfirita"@ty	
"Amerika"@zsm	<https://panlex.org/snapshot/panlex-20191001-csv/2891#110853537>				<https://panlex.org/snapshot/panlex-20191001-csv/2891#110853429>		"Marite"@ty	
"اميريكا"@zsm	<https://panlex.org/snapshot/panlex-20191001-csv/2891#110853510>				<https://panlex.org/snapshot/panlex-20191001-csv/2891#110853429>		"Marite"@ty	
"افريكا"@zsm	<https://panlex.org/snapshot/panlex-20191001-csv/2891#110853000>				<https://panlex.org/snapshot/panlex-20191001-csv/2891#110852998>		"ʻĀfirita"@ty	
"ايروڤه"@zsm	<https://panlex.org/snapshot/panlex-20191001-csv/2891#110854279>				<https://panlex.org/snapshot/panlex-20191001-csv/2891#110854308>		"ʻEuropa"@ty	
"Asia"@zsm	<https://panlex.org/snapshot/panlex-20191001-csv/2891#110854035>				<https://panlex.org/snapshot/panlex-20191001-csv/2891#110853980>		"ʻĀtia"@ty	
"Eropah"@zsm	<https://panlex.org/snapshot/panlex-20191001-csv/2891#110854079>				<https://panlex.org/snapshot/panlex-20191001-csv/2891#110854308>		"ʻEuropa"@ty	
