"kʼˈoɗoy"@nmu	<https://panlex.org/snapshot/panlex-20191001-csv/3975#51736433>				<https://panlex.org/snapshot/panlex-20191001-csv/3975#51736440>		"ǹ=lâ"@ofu	
"ɓˌuk-ˈu"@nmu	<https://panlex.org/snapshot/panlex-20191001-csv/3975#51732609>				<https://panlex.org/snapshot/panlex-20191001-csv/3975#51732614>		"ɲ̀=sîn"@ofu	
"kapˈu-m-i"@nmu	<https://panlex.org/snapshot/panlex-20191001-csv/3975#51720908>				<https://panlex.org/snapshot/panlex-20191001-csv/3975#51720912>		"è=kpǝ́ɣá"@ofu	
"ȶʼe-"@nmu	<https://panlex.org/snapshot/panlex-20191001-csv/3975#51730869>				<https://panlex.org/snapshot/panlex-20191001-csv/3975#51730874>		"ɲǝ́ŋ"@ofu	
"pɨ-yˈeto-"@nmu	<https://panlex.org/snapshot/panlex-20191001-csv/3975#51732472>				<https://panlex.org/snapshot/panlex-20191001-csv/3975#51732478>		"yuɔ́g"@ofu	
"mˈa"@nmu	<https://panlex.org/snapshot/panlex-20191001-csv/3975#51725787>				<https://panlex.org/snapshot/panlex-20191001-csv/3975#51725792>		"ò=buɔ̂"@ofu	
"kɨlˈe"@nmu	<https://panlex.org/snapshot/panlex-20191001-csv/3975#51734963>				<https://panlex.org/snapshot/panlex-20191001-csv/3975#51734968>		"niɛ̀ŋ=kán"@ofu	
"po-sˈala"@nmu	<https://panlex.org/snapshot/panlex-20191001-csv/3975#51731312>				<https://panlex.org/snapshot/panlex-20191001-csv/3975#51731318>		"ŋ̀=gùgù"@ofu	
"mo-"@nmu	<https://panlex.org/snapshot/panlex-20191001-csv/3975#51723209>				<https://panlex.org/snapshot/panlex-20191001-csv/3975#51723214>		"wuɔ́"@ofu	
"ʔa-"@nmu	<https://panlex.org/snapshot/panlex-20191001-csv/3975#51730698>				<https://panlex.org/snapshot/panlex-20191001-csv/3975#51730703>		"e=dak"@ofu	
"hˌɨtʼ-ˈi"@nmu	<https://panlex.org/snapshot/panlex-20191001-csv/3975#51724254>				<https://panlex.org/snapshot/panlex-20191001-csv/3975#51724259>		"à=fuɔ̂m"@ofu	
"pˌokʼ-ˈo"@nmu	<https://panlex.org/snapshot/panlex-20191001-csv/3975#51728286>				<https://panlex.org/snapshot/panlex-20191001-csv/3975#51728291>		"m̀=mĩ̀ɛ̃̌"@ofu	
"pˌokʼ-ˈo"@nmu	<https://panlex.org/snapshot/panlex-20191001-csv/3975#51732340>				<https://panlex.org/snapshot/panlex-20191001-csv/3975#51732345>		"ń=ʒùn"@ofu	
"pˌokʼ-ˈo"@nmu	<https://panlex.org/snapshot/panlex-20191001-csv/3975#51732340>				<https://panlex.org/snapshot/panlex-20191001-csv/3975#51732346>		"ń=zùn"@ofu	
"kʼˌuy-ˈi"@nmu	<https://panlex.org/snapshot/panlex-20191001-csv/3975#51728831>				<https://panlex.org/snapshot/panlex-20191001-csv/3975#51728836>		"è=miɛ̀n"@ofu	
"heɗˈen"@nmu	<https://panlex.org/snapshot/panlex-20191001-csv/3975#51735493>				<https://panlex.org/snapshot/panlex-20191001-csv/3975#51735498>		"báβà"@ofu	
"kʼˈoɗo"@nmu	<https://panlex.org/snapshot/panlex-20191001-csv/3975#51736432>				<https://panlex.org/snapshot/panlex-20191001-csv/3975#51736440>		"ǹ=lâ"@ofu	
"pˌiw-ˈi"@nmu	<https://panlex.org/snapshot/panlex-20191001-csv/3975#51730309>				<https://panlex.org/snapshot/panlex-20191001-csv/3975#51730314>		"ǹ=duɔ̌g"@ofu	
"mˈak-kit-"@nmu	<https://panlex.org/snapshot/panlex-20191001-csv/3975#51726998>				<https://panlex.org/snapshot/panlex-20191001-csv/3975#51727003>		"gbiɛ́rǝ̀"@ofu	
"kʼaɗˈik-i"@nmu	<https://panlex.org/snapshot/panlex-20191001-csv/3975#51729898>				<https://panlex.org/snapshot/panlex-20191001-csv/3975#51729903>		"a=lʌp"@ofu	
"pˈin-"@nmu	<https://panlex.org/snapshot/panlex-20191001-csv/3975#51726105>				<https://panlex.org/snapshot/panlex-20191001-csv/3975#51726110>		"yuɔ́g"@ofu	
"nˈi"@nmu	<https://panlex.org/snapshot/panlex-20191001-csv/3975#51726548>				<https://panlex.org/snapshot/panlex-20191001-csv/3975#51726556>		"me"@ofu	
"pˌay-ˈi"@nmu	<https://panlex.org/snapshot/panlex-20191001-csv/3975#51724952>				<https://panlex.org/snapshot/panlex-20191001-csv/3975#51724957>		"è=sàn"@ofu	
"nanˈa"@nmu	<https://panlex.org/snapshot/panlex-20191001-csv/3975#51722017>				<https://panlex.org/snapshot/panlex-20191001-csv/3975#51722021>		"ŋ̀=gǝ̌ŋ"@ofu	
"hˌin-ˈi"@nmu	<https://panlex.org/snapshot/panlex-20191001-csv/3975#51724109>				<https://panlex.org/snapshot/panlex-20191001-csv/3975#51724114>		"è=mǝ̂r"@ofu	
"ʔɨ=yˈe-"@nmu	<https://panlex.org/snapshot/panlex-20191001-csv/3975#51722722>				<https://panlex.org/snapshot/panlex-20191001-csv/3975#51722727>		"bá"@ofu	
"ɓutˈu"@nmu	<https://panlex.org/snapshot/panlex-20191001-csv/3975#51725639>				<https://panlex.org/snapshot/panlex-20191001-csv/3975#51725644>		"è=lû"@ofu	
"ʔˈo"@nmu	<https://panlex.org/snapshot/panlex-20191001-csv/3975#51732182>				<https://panlex.org/snapshot/panlex-20191001-csv/3975#51732187>		"è=tán"@ofu	
"lˈak=lˌak-pe"@nmu	<https://panlex.org/snapshot/panlex-20191001-csv/3975#51730039>				<https://panlex.org/snapshot/panlex-20191001-csv/3975#51730044>		"é=bíːná"@ofu	
"sˈa"@nmu	<https://panlex.org/snapshot/panlex-20191001-csv/3975#51724530>				<https://panlex.org/snapshot/panlex-20191001-csv/3975#51724535>		"ŋ̀=gʋ̂n"@ofu	
"yˈa"@nmu	<https://panlex.org/snapshot/panlex-20191001-csv/3975#51728694>				<https://panlex.org/snapshot/panlex-20191001-csv/3975#51728700>		"m̀=bìŋ"@ofu	
"yˈa"@nmu	<https://panlex.org/snapshot/panlex-20191001-csv/3975#51725374>				<https://panlex.org/snapshot/panlex-20191001-csv/3975#51725379>		"è=tíŋà"@ofu	
"watʼˈa-m ȶʼetˈi-pe"@nmu	<https://panlex.org/snapshot/panlex-20191001-csv/3975#51730420>				<https://panlex.org/snapshot/panlex-20191001-csv/3975#51730425>		"é=kárɛ̀-nkā"@ofu	
"kˈay-"@nmu	<https://panlex.org/snapshot/panlex-20191001-csv/3975#51724809>				<https://panlex.org/snapshot/panlex-20191001-csv/3975#51724814>		"fúːβǝ̀"@ofu	
"yˈe"@nmu	<https://panlex.org/snapshot/panlex-20191001-csv/3975#51724381>				<https://panlex.org/snapshot/panlex-20191001-csv/3975#51724386>		"è=fʋ̌r"@ofu	
"ɓˌiȶʼ-ˈi"@nmu	<https://panlex.org/snapshot/panlex-20191001-csv/3975#51722296>				<https://panlex.org/snapshot/panlex-20191001-csv/3975#51722301>		"ŋḿ=kpá=màːrà"@ofu	
"pokʼˈos-i"@nmu	<https://panlex.org/snapshot/panlex-20191001-csv/3975#51726856>				<https://panlex.org/snapshot/panlex-20191001-csv/3975#51726860>		"è=dʋ̂ŋ"@ofu	
"sˈɨ"@nmu	<https://panlex.org/snapshot/panlex-20191001-csv/3975#51723047>				<https://panlex.org/snapshot/panlex-20191001-csv/3975#51723052>		"ŋm̀=wuɔ̂"@ofu	
"wˈono-ti-"@nmu	<https://panlex.org/snapshot/panlex-20191001-csv/3975#51726716>				<https://panlex.org/snapshot/panlex-20191001-csv/3975#51726722>		"yún"@ofu	
"ɗˈi"@nmu	<https://panlex.org/snapshot/panlex-20191001-csv/3975#51727696>				<https://panlex.org/snapshot/panlex-20191001-csv/3975#51727700>		"ḿ=báːnǝ̀"@ofu	
"ɗˈo-"@nmu	<https://panlex.org/snapshot/panlex-20191001-csv/3975#51721458>				<https://panlex.org/snapshot/panlex-20191001-csv/3975#51721463>		"gǝ́ŋ"@ofu	
"sˈiw=sˌiw"@nmu	<https://panlex.org/snapshot/panlex-20191001-csv/3975#51721594>				<https://panlex.org/snapshot/panlex-20191001-csv/3975#51721599>		"é=ɲǝ́ɣǝ̀"@ofu	
"nˌi-sˈe"@nmu	<https://panlex.org/snapshot/panlex-20191001-csv/3975#51734339>				<https://panlex.org/snapshot/panlex-20191001-csv/3975#51734347>		"war"@ofu	
"ʔɨ=kʼˈoy-"@nmu	<https://panlex.org/snapshot/panlex-20191001-csv/3975#51733833>				<https://panlex.org/snapshot/panlex-20191001-csv/3975#51733838>		"sɨŋ"@ofu	
"mˌo-m-ˈi"@nmu	<https://panlex.org/snapshot/panlex-20191001-csv/3975#51734139>				<https://panlex.org/snapshot/panlex-20191001-csv/3975#51734144>		"à=lǝ́b"@ofu	
"mˈi"@nmu	<https://panlex.org/snapshot/panlex-20191001-csv/3975#51733055>				<https://panlex.org/snapshot/panlex-20191001-csv/3975#51733060>		"wo"@ofu	
"pˈak=pak-ˌa"@nmu	<https://panlex.org/snapshot/panlex-20191001-csv/3975#51723953>				<https://panlex.org/snapshot/panlex-20191001-csv/3975#51723957>		"è=zí"@ofu	
"ɓɨ-ɗˈoy-"@nmu	<https://panlex.org/snapshot/panlex-20191001-csv/3975#51731155>				<https://panlex.org/snapshot/panlex-20191001-csv/3975#51731160>		"zuɔ̀n"@ofu	
"ʔɨpˈe-kʼan-ˌi"@nmu	<https://panlex.org/snapshot/panlex-20191001-csv/3975#51720634>				<https://panlex.org/snapshot/panlex-20191001-csv/3975#51720640>		"fie-fie"@ofu	
"ɓotˈo"@nmu	<https://panlex.org/snapshot/panlex-20191001-csv/3975#51727137>				<https://panlex.org/snapshot/panlex-20191001-csv/3975#51727142>		"é=ɲánǝ́"@ofu	
"tˈɨs-woyˌe-"@nmu	<https://panlex.org/snapshot/panlex-20191001-csv/3975#51731896>				<https://panlex.org/snapshot/panlex-20191001-csv/3975#51731901>		"yíːmǝ̀"@ofu	
"lˈam-pe"@nmu	<https://panlex.org/snapshot/panlex-20191001-csv/3975#51727567>				<https://panlex.org/snapshot/panlex-20191001-csv/3975#51727572>		"é=dàbá-ndà"@ofu	
"sˌɨm-ˈi"@nmu	<https://panlex.org/snapshot/panlex-20191001-csv/3975#51728137>				<https://panlex.org/snapshot/panlex-20191001-csv/3975#51728142>		"ɲ̀=ɲàm"@ofu	
"mˈayɗɨ"@nmu	<https://panlex.org/snapshot/panlex-20191001-csv/3975#51729753>				<https://panlex.org/snapshot/panlex-20191001-csv/3975#51729758>		"ǹ=niɛ̀"@ofu	
"hˌon-ˈi"@nmu	<https://panlex.org/snapshot/panlex-20191001-csv/3975#51726245>				<https://panlex.org/snapshot/panlex-20191001-csv/3975#51726250>		"è=tím"@ofu	
"pˈene"@nmu	<https://panlex.org/snapshot/panlex-20191001-csv/3975#51733672>				<https://panlex.org/snapshot/panlex-20191001-csv/3975#51733677>		"á=βân"@ofu	
"pe-"@nmu	<https://panlex.org/snapshot/panlex-20191001-csv/3975#51723809>				<https://panlex.org/snapshot/panlex-20191001-csv/3975#51723814>		"yiɛ́"@ofu	
"kʼˌaw-ˈi"@nmu	<https://panlex.org/snapshot/panlex-20191001-csv/3975#51723641>				<https://panlex.org/snapshot/panlex-20191001-csv/3975#51723646>		"à=tuɔ́"@ofu	
"kʼˌaw-ˈi"@nmu	<https://panlex.org/snapshot/panlex-20191001-csv/3975#51723641>				<https://panlex.org/snapshot/panlex-20191001-csv/3975#51723647>		"à=tútuɔ̄"@ofu	
"wihˈɨl-"@nmu	<https://panlex.org/snapshot/panlex-20191001-csv/3975#51735355>				<https://panlex.org/snapshot/panlex-20191001-csv/3975#51735360>		"è=lùb-lúb"@ofu	
"kˈɨlla"@nmu	<https://panlex.org/snapshot/panlex-20191001-csv/3975#51727436>				<https://panlex.org/snapshot/panlex-20191001-csv/3975#51727440>		"è=miɛ̂r"@ofu	
"tʼˈes"@nmu	<https://panlex.org/snapshot/panlex-20191001-csv/3975#51735764>				<https://panlex.org/snapshot/panlex-20191001-csv/3975#51735772>		"è=kíkǝ̀m"@ofu	
"seɗˈe"@nmu	<https://panlex.org/snapshot/panlex-20191001-csv/3975#51721740>				<https://panlex.org/snapshot/panlex-20191001-csv/3975#51721745>		"à=lʋ́ŋ"@ofu	
"pˈo"@nmu	<https://panlex.org/snapshot/panlex-20191001-csv/3975#51729118>				<https://panlex.org/snapshot/panlex-20191001-csv/3975#51729123>		"è=tǝ́ŋ=à=tù"@ofu	
"ɓˈo"@nmu	<https://panlex.org/snapshot/panlex-20191001-csv/3975#51730179>				<https://panlex.org/snapshot/panlex-20191001-csv/3975#51730184>		"m̀ː=bá"@ofu	
"yˌepʼ-ˈi"@nmu	<https://panlex.org/snapshot/panlex-20191001-csv/3975#51727841>				<https://panlex.org/snapshot/panlex-20191001-csv/3975#51727846>		"ǹyɛ̀n=lúm"@ofu	
"ɓɨmˈɨk-ɨ"@nmu	<https://panlex.org/snapshot/panlex-20191001-csv/3975#51730542>				<https://panlex.org/snapshot/panlex-20191001-csv/3975#51730547>		"è=sísíè"@ofu	
"kʼˈut-tʼɨtʼˌɨ"@nmu	<https://panlex.org/snapshot/panlex-20191001-csv/3975#51721321>				<https://panlex.org/snapshot/panlex-20191001-csv/3975#51721326>		"è=súsuɔ́g"@ofu	
"ȶʼu-lˈalˌak"@nmu	<https://panlex.org/snapshot/panlex-20191001-csv/3975#51735097>				<https://panlex.org/snapshot/panlex-20191001-csv/3975#51735102>		"ò=guɔ̀ɣ-óguɔ̀g"@ofu	
"tˈɨ-ti-"@nmu	<https://panlex.org/snapshot/panlex-20191001-csv/3975#51722159>				<https://panlex.org/snapshot/panlex-20191001-csv/3975#51722164>		"fí"@ofu	
"ȶʼˌikʼ-ˈi"@nmu	<https://panlex.org/snapshot/panlex-20191001-csv/3975#51733367>				<https://panlex.org/snapshot/panlex-20191001-csv/3975#51733372>		"è=mǝ̂n"@ofu	
"sˈɨtti"@nmu	<https://panlex.org/snapshot/panlex-20191001-csv/3975#51729603>				<https://panlex.org/snapshot/panlex-20191001-csv/3975#51729608>		"zízî"@ofu	
"ʔo-nˈo"@nmu	<https://panlex.org/snapshot/panlex-20191001-csv/3975#51725944>				<https://panlex.org/snapshot/panlex-20191001-csv/3975#51725949>		"è=sî"@ofu	
"yˈonno"@nmu	<https://panlex.org/snapshot/panlex-20191001-csv/3975#51726378>				<https://panlex.org/snapshot/panlex-20191001-csv/3975#51726383>		"ǹ=tǝ́ŋá"@ofu	
"lɨlˈɨ"@nmu	<https://panlex.org/snapshot/panlex-20191001-csv/3975#51732037>				<https://panlex.org/snapshot/panlex-20191001-csv/3975#51732043>		"è=dùrándù"@ofu	
"ȶʼˈa"@nmu	<https://panlex.org/snapshot/panlex-20191001-csv/3975#51733514>				<https://panlex.org/snapshot/panlex-20191001-csv/3975#51733519>		"è=tí"@ofu	
"pʼi=kʼˈal"@nmu	<https://panlex.org/snapshot/panlex-20191001-csv/3975#51723354>				<https://panlex.org/snapshot/panlex-20191001-csv/3975#51723359>		"yúm"@ofu	
"sˌim-ˈi"@nmu	<https://panlex.org/snapshot/panlex-20191001-csv/3975#51728548>				<https://panlex.org/snapshot/panlex-20191001-csv/3975#51728554>		"í=ɲyô"@ofu	
"ɗˈal=ɗˌal"@nmu	<https://panlex.org/snapshot/panlex-20191001-csv/3975#51734652>				<https://panlex.org/snapshot/panlex-20191001-csv/3975#51734657>		"e=bara-bara"@ofu	
"yahˈa"@nmu	<https://panlex.org/snapshot/panlex-20191001-csv/3975#51725373>				<https://panlex.org/snapshot/panlex-20191001-csv/3975#51725379>		"è=tíŋà"@ofu	
"ɓˌɨm-ˈi"@nmu	<https://panlex.org/snapshot/panlex-20191001-csv/3975#51721884>				<https://panlex.org/snapshot/panlex-20191001-csv/3975#51721888>		"è=kǝ́b"@ofu	
"kʼayhˈi"@nmu	<https://panlex.org/snapshot/panlex-20191001-csv/3975#51736306>				<https://panlex.org/snapshot/panlex-20191001-csv/3975#51736311>		"ɲ́=suɔ́ŋǝ̄"@ofu	
"hˈi-kɨ"@nmu	<https://panlex.org/snapshot/panlex-20191001-csv/3975#51729274>				<https://panlex.org/snapshot/panlex-20191001-csv/3975#51729280>		"m̀=mʋ̂n"@ofu	
"wo-wˈo-kinu-"@nmu	<https://panlex.org/snapshot/panlex-20191001-csv/3975#51727292>				<https://panlex.org/snapshot/panlex-20191001-csv/3975#51727295>		"nuɔ́ŋǝ̄"@ofu	
"hˌes-ˈi"@nmu	<https://panlex.org/snapshot/panlex-20191001-csv/3975#51734517>				<https://panlex.org/snapshot/panlex-20191001-csv/3975#51734522>		"ǯɛn"@ofu	
"hˌes-ˈi"@nmu	<https://panlex.org/snapshot/panlex-20191001-csv/3975#51734517>				<https://panlex.org/snapshot/panlex-20191001-csv/3975#51734523>		"ǯyɛn"@ofu	
"po-sˈal-i"@nmu	<https://panlex.org/snapshot/panlex-20191001-csv/3975#51731313>				<https://panlex.org/snapshot/panlex-20191001-csv/3975#51731318>		"ŋ̀=gùgù"@ofu	
"ɓˈa"@nmu	<https://panlex.org/snapshot/panlex-20191001-csv/3975#51735631>				<https://panlex.org/snapshot/panlex-20191001-csv/3975#51735636>		"à=kǝ̂ŋ"@ofu	
"ɓonˈo"@nmu	<https://panlex.org/snapshot/panlex-20191001-csv/3975#51723498>				<https://panlex.org/snapshot/panlex-20191001-csv/3975#51723503>		"ò=tʋ̂ŋ"@ofu	
"ɓˈɨ-wo"@nmu	<https://panlex.org/snapshot/panlex-20191001-csv/3975#51736192>				<https://panlex.org/snapshot/panlex-20191001-csv/3975#51736197>		"ɱ̀=fiɛ̂b"@ofu	
"pʼi=ɗˈus-i"@nmu	<https://panlex.org/snapshot/panlex-20191001-csv/3975#51720777>				<https://panlex.org/snapshot/panlex-20191001-csv/3975#51720781>		"ǹ=tûŋ"@ofu	
"homˈo-ni"@nmu	<https://panlex.org/snapshot/panlex-20191001-csv/3975#51734791>				<https://panlex.org/snapshot/panlex-20191001-csv/3975#51734796>		"duo"@ofu	
"wˈono-"@nmu	<https://panlex.org/snapshot/panlex-20191001-csv/3975#51722892>				<https://panlex.org/snapshot/panlex-20191001-csv/3975#51722897>		"kpɔ́"@ofu	
"sˌukʼ-ˈu"@nmu	<https://panlex.org/snapshot/panlex-20191001-csv/3975#51731758>				<https://panlex.org/snapshot/panlex-20191001-csv/3975#51731763>		"é=tìtìɣǝ́"@ofu	
"tˈuy-"@nmu	<https://panlex.org/snapshot/panlex-20191001-csv/3975#51731464>				<https://panlex.org/snapshot/panlex-20191001-csv/3975#51731470>		"lán"@ofu	
"makˈo"@nmu	<https://panlex.org/snapshot/panlex-20191001-csv/3975#51724673>				<https://panlex.org/snapshot/panlex-20191001-csv/3975#51724678>		"ɲyama-lep"@ofu	
"ya"@nmu	<https://panlex.org/snapshot/panlex-20191001-csv/3975#51728695>				<https://panlex.org/snapshot/panlex-20191001-csv/3975#51728700>		"m̀=bìŋ"@ofu	
"mˈey-"@nmu	<https://panlex.org/snapshot/panlex-20191001-csv/3975#51725223>				<https://panlex.org/snapshot/panlex-20191001-csv/3975#51725228>		"ka"@ofu	
"pˈi"@nmu	<https://panlex.org/snapshot/panlex-20191001-csv/3975#51727982>				<https://panlex.org/snapshot/panlex-20191001-csv/3975#51727987>		"ákpáŋà"@ofu	
"hˈus-kɨ"@nmu	<https://panlex.org/snapshot/panlex-20191001-csv/3975#51735910>				<https://panlex.org/snapshot/panlex-20191001-csv/3975#51735915>		"ɲ́=ɲuɔ̂"@ofu	
"ʔˌen-ˈi"@nmu	<https://panlex.org/snapshot/panlex-20191001-csv/3975#51733211>				<https://panlex.org/snapshot/panlex-20191001-csv/3975#51733216>		"é=líːβǝ̀"@ofu	
"yamˈan-i"@nmu	<https://panlex.org/snapshot/panlex-20191001-csv/3975#51728404>				<https://panlex.org/snapshot/panlex-20191001-csv/3975#51728409>		"è=gʋ̌n"@ofu	
"pʼi-lˈis"@nmu	<https://panlex.org/snapshot/panlex-20191001-csv/3975#51734000>				<https://panlex.org/snapshot/panlex-20191001-csv/3975#51734005>		"ì=fup"@ofu	
"kʼˌam-ˈi"@nmu	<https://panlex.org/snapshot/panlex-20191001-csv/3975#51721033>				<https://panlex.org/snapshot/panlex-20191001-csv/3975#51721038>		"ò=là"@ofu	
"pɨlˈɨlɨm-pe"@nmu	<https://panlex.org/snapshot/panlex-20191001-csv/3975#51730419>				<https://panlex.org/snapshot/panlex-20191001-csv/3975#51730425>		"é=kárɛ̀-nkā"@ofu	
"kʼˌom-ˈi"@nmu	<https://panlex.org/snapshot/panlex-20191001-csv/3975#51731000>				<https://panlex.org/snapshot/panlex-20191001-csv/3975#51731006>		"m̀=muɔ̀g"@ofu	
