"আফগানিস্তান"@as	<https://panlex.org/snapshot/panlex-20191001-csv/5947#84579092>				<https://panlex.org/snapshot/panlex-20191001-csv/5947#84579127>		"އަފްޣާނިސްތާން"@dv	
"ফেব্ৰুৱাৰী"@as	<https://panlex.org/snapshot/panlex-20191001-csv/5947#84742771>				<https://panlex.org/snapshot/panlex-20191001-csv/5947#84742829>		"ފެބުރުއަރީ"@dv	
"দাপোণ"@as	<https://panlex.org/snapshot/panlex-20191001-csv/5946#84446115>				<https://panlex.org/snapshot/panlex-20191001-csv/5946#84446161>		"މޫނުބަލާ ލޯގަނޑު"@dv	
"ফ্ৰান্স"@as	<https://panlex.org/snapshot/panlex-20191001-csv/5949#85323532>				<https://panlex.org/snapshot/panlex-20191001-csv/5949#85323557>		"ފަރަންސޭސިވިލާތް"@dv	
"সূৰ্য"@as	<https://panlex.org/snapshot/panlex-20191001-csv/5949#85320859>				<https://panlex.org/snapshot/panlex-20191001-csv/5949#85320885>		"އިރު"@dv	
"ফিলিপাইন"@as	<https://panlex.org/snapshot/panlex-20191001-csv/5949#85323287>				<https://panlex.org/snapshot/panlex-20191001-csv/5949#85323313>		"ފިލިޕީންސް"@dv	
"আগচ্ট"@as	<https://panlex.org/snapshot/panlex-20191001-csv/5949#85329275>				<https://panlex.org/snapshot/panlex-20191001-csv/5949#85329319>		"އޯގަސްޓް"@dv	
"কোৰান"@as	<https://panlex.org/snapshot/panlex-20191001-csv/5949#85313373>				<https://panlex.org/snapshot/panlex-20191001-csv/5949#85313396>		"ކީރިތި ޤުރުއާން"@dv	
"অসমীয়া ভাষা আৰু লিপি"@as	<https://panlex.org/snapshot/panlex-20191001-csv/405#13624053>				<https://panlex.org/snapshot/panlex-20191001-csv/405#13624062>		"ސުއޯމީ"@dv	
"বিজ্ঞান"@as	<https://panlex.org/snapshot/panlex-20191001-csv/2904#111024377>				<https://panlex.org/snapshot/panlex-20191001-csv/2904#111024219>		"ސައިންސް"@dv	
"দৰ্শন"@as	<https://panlex.org/snapshot/panlex-20191001-csv/2904#111023972>				<https://panlex.org/snapshot/panlex-20191001-csv/2904#111023840>		"ފަލްސަފާ"@dv	
"ৰসায়ন"@as	<https://panlex.org/snapshot/panlex-20191001-csv/2904#111022524>				<https://panlex.org/snapshot/panlex-20191001-csv/2904#111022367>		"ކީމިއާއީ އިލްމު"@dv	
"ইতিহাস"@as	<https://panlex.org/snapshot/panlex-20191001-csv/2904#111022848>				<https://panlex.org/snapshot/panlex-20191001-csv/2904#111022853>		"ތާރީޚް"@dv	
"ভাষাবিজ্ঞান"@as	<https://panlex.org/snapshot/panlex-20191001-csv/2904#111023233>				<https://panlex.org/snapshot/panlex-20191001-csv/2904#111023291>		"ބަހަވީ އިލްމު"@dv	
"ভাষাতত্ব"@as	<https://panlex.org/snapshot/panlex-20191001-csv/2904#111023230>				<https://panlex.org/snapshot/panlex-20191001-csv/2904#111023291>		"ބަހަވީ އިލްމު"@dv	
"ৰসায়নবিজ্ঞান"@as	<https://panlex.org/snapshot/panlex-20191001-csv/2904#111022457>				<https://panlex.org/snapshot/panlex-20191001-csv/2904#111022367>		"ކީމިއާއީ އިލްމު"@dv	
"পদাৰ্থবিজ্ঞান"@as	<https://panlex.org/snapshot/panlex-20191001-csv/2904#111023977>				<https://panlex.org/snapshot/panlex-20191001-csv/2904#111024152>		"ފީޒިޔާއީ އިލްމު"@dv	
"জীৱবিদ্যা"@as	<https://panlex.org/snapshot/panlex-20191001-csv/2904#111022290>				<https://panlex.org/snapshot/panlex-20191001-csv/2904#111022187>		"ދިރުމާބެހޭ އިލްމު"@dv	
"মহাকাশবিজ্ঞান"@as	<https://panlex.org/snapshot/panlex-20191001-csv/2904#111022086>				<https://panlex.org/snapshot/panlex-20191001-csv/2904#111022034>		"ފަލަކީ އިލްމު"@dv	
"ভূগোল"@as	<https://panlex.org/snapshot/panlex-20191001-csv/2904#111022773>				<https://panlex.org/snapshot/panlex-20191001-csv/2904#111022602>		"ޖުޣުރާފީ"@dv	
"বুৰঞ্জী"@as	<https://panlex.org/snapshot/panlex-20191001-csv/2904#111023021>				<https://panlex.org/snapshot/panlex-20191001-csv/2904#111022853>		"ތާރީޚް"@dv	
"ঔষধ"@as	<https://panlex.org/snapshot/panlex-20191001-csv/2904#111023542>				<https://panlex.org/snapshot/panlex-20191001-csv/2904#111023601>		"ބޭސް"@dv	
"বিশ্ববিদ্যালয়"@as	<https://panlex.org/snapshot/panlex-20191001-csv/2904#111024440>				<https://panlex.org/snapshot/panlex-20191001-csv/2904#111024450>		"ޔުނިވަރސިޓީ"@dv	
"গণিত"@as	<https://panlex.org/snapshot/panlex-20191001-csv/2904#111023380>				<https://panlex.org/snapshot/panlex-20191001-csv/2904#111023386>		"ހިސާބު"@dv	
"খ-বিদ্যা"@as	<https://panlex.org/snapshot/panlex-20191001-csv/2904#111022021>				<https://panlex.org/snapshot/panlex-20191001-csv/2904#111022034>		"ފަލަކީ އިލްމު"@dv	
"জীৱবিজ্ঞান"@as	<https://panlex.org/snapshot/panlex-20191001-csv/2904#111022196>				<https://panlex.org/snapshot/panlex-20191001-csv/2904#111022187>		"ދިރުމާބެހޭ އިލްމު"@dv	
"বিষুৱ ৰেখা"@as	<https://panlex.org/snapshot/panlex-20191001-csv/2910#110855103>				<https://panlex.org/snapshot/panlex-20191001-csv/2910#110855130>		"ދެބައިހަމަ"@dv	
"শান্তি"@as	<https://panlex.org/snapshot/panlex-20191001-csv/2902#111012306>				<https://panlex.org/snapshot/panlex-20191001-csv/2902#111012310>		"ސުލްޙަ"@dv	
"মঙ্গল"@as	<https://panlex.org/snapshot/panlex-20191001-csv/2907#110846086>				<https://panlex.org/snapshot/panlex-20191001-csv/2907#110845954>		"މިއްރީޚު"@dv	
"মংগল"@as	<https://panlex.org/snapshot/panlex-20191001-csv/2907#110846055>				<https://panlex.org/snapshot/panlex-20191001-csv/2907#110845954>		"މިއްރީޚު"@dv	
"ইউৰেনাচ"@as	<https://panlex.org/snapshot/panlex-20191001-csv/2907#110846867>				<https://panlex.org/snapshot/panlex-20191001-csv/2907#110846806>		"ޔުރެނަސް"@dv	
"সূৰ্য"@as	<https://panlex.org/snapshot/panlex-20191001-csv/2907#110844952>				<https://panlex.org/snapshot/panlex-20191001-csv/2907#110844922>		"އިރު"@dv	
"চন্দ্ৰ"@as	<https://panlex.org/snapshot/panlex-20191001-csv/2907#110845792>				<https://panlex.org/snapshot/panlex-20191001-csv/2907#110845808>		"ހަނދު"@dv	
"নেপচুন"@as	<https://panlex.org/snapshot/panlex-20191001-csv/2907#110847035>				<https://panlex.org/snapshot/panlex-20191001-csv/2907#110847115>		"ނެޕްޗޫން"@dv	
"প্লুটো"@as	<https://panlex.org/snapshot/panlex-20191001-csv/2907#110847204>				<https://panlex.org/snapshot/panlex-20191001-csv/2907#110847327>		"ޕުލޫޓޯ"@dv	
"শুক্ৰ"@as	<https://panlex.org/snapshot/panlex-20191001-csv/2907#110845492>				<https://panlex.org/snapshot/panlex-20191001-csv/2907#110845364>		"ޒަހުރަތު"@dv	
"ধুমকেতু"@as	<https://panlex.org/snapshot/panlex-20191001-csv/2907#110849182>				<https://panlex.org/snapshot/panlex-20191001-csv/2907#110849292>		"ގިނިހިލަ"@dv	
"শনি"@as	<https://panlex.org/snapshot/panlex-20191001-csv/2907#110846605>				<https://panlex.org/snapshot/panlex-20191001-csv/2907#110846721>		"ޒަޙުލު"@dv	
"পিৃথৱী"@as	<https://panlex.org/snapshot/panlex-20191001-csv/2907#110845709>				<https://panlex.org/snapshot/panlex-20191001-csv/2907#110845706>		"ބިން"@dv	
"বুধ"@as	<https://panlex.org/snapshot/panlex-20191001-csv/2907#110845191>				<https://panlex.org/snapshot/panlex-20191001-csv/2907#110845165>		"ޢަޠާރިދު"@dv	
"সৌৰজগত"@as	<https://panlex.org/snapshot/panlex-20191001-csv/2907#110848165>				<https://panlex.org/snapshot/panlex-20191001-csv/2907#110848229>		"އިރަވީ ނިޒާމު"@dv	
"বৃহস্পতি"@as	<https://panlex.org/snapshot/panlex-20191001-csv/2907#110846543>				<https://panlex.org/snapshot/panlex-20191001-csv/2907#110846459>		"މުޝްތަރީ"@dv	
"ভাৰত মহাসাগৰ"@as	<https://panlex.org/snapshot/panlex-20191001-csv/2901#110867815>				<https://panlex.org/snapshot/panlex-20191001-csv/2901#110867836>		"ހިންދު ކަނޑު"@dv	
"গণিত"@as	<https://panlex.org/snapshot/panlex-20191001-csv/3776#91749892>				<https://panlex.org/snapshot/panlex-20191001-csv/3776#91749921>		"ރިޔާޟިއްޔާތު"@dv	
"বাংলাদেশ"@as	<https://panlex.org/snapshot/panlex-20191001-csv/3776#91715930>				<https://panlex.org/snapshot/panlex-20191001-csv/3776#91715943>		"ބަންގާޅު"@dv	
"বৰফ"@as	<https://panlex.org/snapshot/panlex-20191001-csv/3776#91631907>				<https://panlex.org/snapshot/panlex-20191001-csv/3776#91631935>		"ސްނޯ"@dv	
"মৃত্যু"@as	<https://panlex.org/snapshot/panlex-20191001-csv/3776#91695661>				<https://panlex.org/snapshot/panlex-20191001-csv/3776#91695696>		"މަރު"@dv	
"মৃত্যু"@as	<https://panlex.org/snapshot/panlex-20191001-csv/3776#91695661>				<https://panlex.org/snapshot/panlex-20191001-csv/3776#91695697>		"ޥަފާތް"@dv	
"মঙ্গলবাৰ"@as	<https://panlex.org/snapshot/panlex-20191001-csv/2892#110824822>				<https://panlex.org/snapshot/panlex-20191001-csv/2892#110824702>		"އަންގާރަ"@dv	
"ৰবিবাৰ"@as	<https://panlex.org/snapshot/panlex-20191001-csv/2892#110826640>				<https://panlex.org/snapshot/panlex-20191001-csv/2892#110826594>		"އާދިއްތަ"@dv	
"দেওবাৰ"@as	<https://panlex.org/snapshot/panlex-20191001-csv/2892#110826948>				<https://panlex.org/snapshot/panlex-20191001-csv/2892#110826594>		"އާދިއްތަ"@dv	
"বুধবাৰ"@as	<https://panlex.org/snapshot/panlex-20191001-csv/2892#110825192>				<https://panlex.org/snapshot/panlex-20191001-csv/2892#110825061>		"ބުދަ"@dv	
"সোমবাৰ"@as	<https://panlex.org/snapshot/panlex-20191001-csv/2892#110824235>				<https://panlex.org/snapshot/panlex-20191001-csv/2892#110824157>		"ހޯމަ"@dv	
"শনিবাৰ"@as	<https://panlex.org/snapshot/panlex-20191001-csv/2892#110826326>				<https://panlex.org/snapshot/panlex-20191001-csv/2892#110826318>		"ހޮނިހިރު"@dv	
"বৃহস্পতিবাৰ"@as	<https://panlex.org/snapshot/panlex-20191001-csv/2892#110825405>				<https://panlex.org/snapshot/panlex-20191001-csv/2892#110825555>		"ބުރާސްފަތި"@dv	
"শুক্ৰবাৰ"@as	<https://panlex.org/snapshot/panlex-20191001-csv/2892#110826024>				<https://panlex.org/snapshot/panlex-20191001-csv/2892#110825959>		"ހުކުރު"@dv	
"আগচ্ট"@as	<https://panlex.org/snapshot/panlex-20191001-csv/2897#110830176>				<https://panlex.org/snapshot/panlex-20191001-csv/2897#110830263>		"އޯގަސްޓް"@dv	
"অক্টোবৰ"@as	<https://panlex.org/snapshot/panlex-20191001-csv/2897#110830820>				<https://panlex.org/snapshot/panlex-20191001-csv/2897#110830814>		"އޮކްޓޯބަރު"@dv	
"ডিচেম্বৰ"@as	<https://panlex.org/snapshot/panlex-20191001-csv/2897#110831968>				<https://panlex.org/snapshot/panlex-20191001-csv/2897#110831715>		"ޑިސެމްބަރު"@dv	
"মাৰ্চ"@as	<https://panlex.org/snapshot/panlex-20191001-csv/2897#110827901>				<https://panlex.org/snapshot/panlex-20191001-csv/2897#110828130>		"މާޗް"@dv	
"মে"@as	<https://panlex.org/snapshot/panlex-20191001-csv/2897#110828700>				<https://panlex.org/snapshot/panlex-20191001-csv/2897#110829050>		"މެއި"@dv	
"নৱেম্বৰ"@as	<https://panlex.org/snapshot/panlex-20191001-csv/2897#110831396>				<https://panlex.org/snapshot/panlex-20191001-csv/2897#110831350>		"ނޮވެމްބަރު"@dv	
"চেপ্টেম্বৰ"@as	<https://panlex.org/snapshot/panlex-20191001-csv/2897#110830541>				<https://panlex.org/snapshot/panlex-20191001-csv/2897#110830632>		"ސެޕްޓެމްބަރު"@dv	
"এপ্ৰিল"@as	<https://panlex.org/snapshot/panlex-20191001-csv/2897#110828448>				<https://panlex.org/snapshot/panlex-20191001-csv/2897#110828348>		"އެޕްރިލް"@dv	
"জানুৱাৰী"@as	<https://panlex.org/snapshot/panlex-20191001-csv/2897#110827107>				<https://panlex.org/snapshot/panlex-20191001-csv/2897#110827117>		"ޖެނުއަރީ"@dv	
"জুন"@as	<https://panlex.org/snapshot/panlex-20191001-csv/2897#110829231>				<https://panlex.org/snapshot/panlex-20191001-csv/2897#110829355>		"ޖޫން"@dv	
"ফেব্ৰুৱাৰী"@as	<https://panlex.org/snapshot/panlex-20191001-csv/2897#110827746>				<https://panlex.org/snapshot/panlex-20191001-csv/2897#110827711>		"ފެބުރުއަރީ"@dv	
"জুলাই"@as	<https://panlex.org/snapshot/panlex-20191001-csv/2897#110829788>				<https://panlex.org/snapshot/panlex-20191001-csv/2897#110829515>		"ޖުލައި"@dv	
"এছিয়া"@as	<https://panlex.org/snapshot/panlex-20191001-csv/2891#110853989>				<https://panlex.org/snapshot/panlex-20191001-csv/2891#110853812>		"އޭޝިޔާ"@dv	
"আফ্ৰিকা"@as	<https://panlex.org/snapshot/panlex-20191001-csv/2891#110853132>				<https://panlex.org/snapshot/panlex-20191001-csv/2891#110853197>		"އެފްރިކާ"@dv	
"আমেৰিকা"@as	<https://panlex.org/snapshot/panlex-20191001-csv/2891#110853370>				<https://panlex.org/snapshot/panlex-20191001-csv/2891#110853384>		"އެމެރިކާ"@dv	
