"প্ৰথম বিশ্বযুদ্ধ"@as	<https://panlex.org/snapshot/panlex-20191001-csv/6709#111077385>				<https://panlex.org/snapshot/panlex-20191001-csv/6709#111077435>		"Primel Guerra Mundial"@ext	
"ঔদ্যোগিক বিপ্লৱ"@as	<https://panlex.org/snapshot/panlex-20191001-csv/6709#111077138>				<https://panlex.org/snapshot/panlex-20191001-csv/6709#111077139>		"Revolución Endustrial"@ext	
"দ্বিতীয় বিশ্বযুদ্ধ"@as	<https://panlex.org/snapshot/panlex-20191001-csv/6709#111077677>				<https://panlex.org/snapshot/panlex-20191001-csv/6709#111077591>		"Segundera Guerra Mundial"@ext	
"ঠাণ্ডা যুদ্ধ"@as	<https://panlex.org/snapshot/panlex-20191001-csv/6709#111077737>				<https://panlex.org/snapshot/panlex-20191001-csv/6709#111077700>		"Guerra Fria"@ext	
"আফগানিস্তান"@as	<https://panlex.org/snapshot/panlex-20191001-csv/5947#84579092>				<https://panlex.org/snapshot/panlex-20191001-csv/5947#84579137>		"Afganistán"@ext	
"ফেব্ৰুৱাৰী"@as	<https://panlex.org/snapshot/panlex-20191001-csv/5947#84742771>				<https://panlex.org/snapshot/panlex-20191001-csv/5947#84742850>		"Hebreru"@ext	
"দাপোণ"@as	<https://panlex.org/snapshot/panlex-20191001-csv/5946#84446115>				<https://panlex.org/snapshot/panlex-20191001-csv/5946#84446172>		"ehpehu"@ext	
"ফিলিপাইন"@as	<https://panlex.org/snapshot/panlex-20191001-csv/5949#85323287>				<https://panlex.org/snapshot/panlex-20191001-csv/5949#85323319>		"Hilipinas"@ext	
"আগচ্ট"@as	<https://panlex.org/snapshot/panlex-20191001-csv/5949#85329275>				<https://panlex.org/snapshot/panlex-20191001-csv/5949#85329333>		"Agostu"@ext	
"কোৰান"@as	<https://panlex.org/snapshot/panlex-20191001-csv/5949#85313373>				<https://panlex.org/snapshot/panlex-20191001-csv/5949#85313404>		"Corán"@ext	
"ইতিহাস"@as	<https://panlex.org/snapshot/panlex-20191001-csv/5942#83282212>				<https://panlex.org/snapshot/panlex-20191001-csv/5942#83282240>		"estória"@ext	
"বিশ্ববিদ্যালয়"@as	<https://panlex.org/snapshot/panlex-20191001-csv/2904#111024440>				<https://panlex.org/snapshot/panlex-20191001-csv/2904#111024632>		"univelsiá"@ext	
"আপেক্ষিকতাবাদ সূত্ৰ"@as	<https://panlex.org/snapshot/panlex-20191001-csv/2907#110849796>				<https://panlex.org/snapshot/panlex-20191001-csv/2907#110849860>		"teoría de la relativiá"@ext	
"সুমেৰু মহাসাগৰ"@as	<https://panlex.org/snapshot/panlex-20191001-csv/2901#110867329>				<https://panlex.org/snapshot/panlex-20191001-csv/2901#110867255>		"Océanu Glacial Árticu"@ext	
"দক্ষিণ মহাসাগৰ"@as	<https://panlex.org/snapshot/panlex-20191001-csv/2901#110868347>				<https://panlex.org/snapshot/panlex-20191001-csv/2901#110868348>		"Océanu Glacial Antálticu"@ext	
"উত্তৰ মহাসাগৰ"@as	<https://panlex.org/snapshot/panlex-20191001-csv/2901#110867261>				<https://panlex.org/snapshot/panlex-20191001-csv/2901#110867255>		"Océanu Glacial Árticu"@ext	
"প্ৰশান্ত মহাসাগৰ"@as	<https://panlex.org/snapshot/panlex-20191001-csv/2901#110867991>				<https://panlex.org/snapshot/panlex-20191001-csv/2901#110868141>		"Océanu Pacíficu"@ext	
"ভাৰত মহাসাগৰ"@as	<https://panlex.org/snapshot/panlex-20191001-csv/2901#110867815>				<https://panlex.org/snapshot/panlex-20191001-csv/2901#110867683>		"Océanu Índicu"@ext	
"এণ্টাৰ্কটিক মহাসাগৰ"@as	<https://panlex.org/snapshot/panlex-20191001-csv/2901#110868162>				<https://panlex.org/snapshot/panlex-20191001-csv/2901#110868348>		"Océanu Glacial Antálticu"@ext	
"আটলান্টিক মহাসাগৰ"@as	<https://panlex.org/snapshot/panlex-20191001-csv/2901#110867482>				<https://panlex.org/snapshot/panlex-20191001-csv/2901#110867432>		"Océanu Alánticu"@ext	
"আটলান্টিক মহাসাগৰ"@as	<https://panlex.org/snapshot/panlex-20191001-csv/2901#110867482>				<https://panlex.org/snapshot/panlex-20191001-csv/2901#110867363>		"Océanu Atlánticu"@ext	
"গণিত"@as	<https://panlex.org/snapshot/panlex-20191001-csv/3776#91749892>				<https://panlex.org/snapshot/panlex-20191001-csv/3776#91749931>		"matemáticas"@ext	
"আগচ্ট"@as	<https://panlex.org/snapshot/panlex-20191001-csv/2897#110830176>				<https://panlex.org/snapshot/panlex-20191001-csv/2897#110830076>		"Agostu"@ext	
"অক্টোবৰ"@as	<https://panlex.org/snapshot/panlex-20191001-csv/2897#110830820>				<https://panlex.org/snapshot/panlex-20191001-csv/2897#110830918>		"Otubri"@ext	
"ডিচেম্বৰ"@as	<https://panlex.org/snapshot/panlex-20191001-csv/2897#110831968>				<https://panlex.org/snapshot/panlex-20191001-csv/2897#110831826>		"Diziembri"@ext	
"মাৰ্চ"@as	<https://panlex.org/snapshot/panlex-20191001-csv/2897#110827901>				<https://panlex.org/snapshot/panlex-20191001-csv/2897#110827918>		"Marçu"@ext	
"মে"@as	<https://panlex.org/snapshot/panlex-20191001-csv/2897#110828700>				<https://panlex.org/snapshot/panlex-20191001-csv/2897#110828690>		"Mayu"@ext	
"নৱেম্বৰ"@as	<https://panlex.org/snapshot/panlex-20191001-csv/2897#110831396>				<https://panlex.org/snapshot/panlex-20191001-csv/2897#110831456>		"Noviembri"@ext	
"চেপ্টেম্বৰ"@as	<https://panlex.org/snapshot/panlex-20191001-csv/2897#110830541>				<https://panlex.org/snapshot/panlex-20191001-csv/2897#110830544>		"Setiembri"@ext	
"এপ্ৰিল"@as	<https://panlex.org/snapshot/panlex-20191001-csv/2897#110828448>				<https://panlex.org/snapshot/panlex-20191001-csv/2897#110828328>		"Abril"@ext	
"জানুৱাৰী"@as	<https://panlex.org/snapshot/panlex-20191001-csv/2897#110827107>				<https://panlex.org/snapshot/panlex-20191001-csv/2897#110827198>		"Jeneru"@ext	
"জুন"@as	<https://panlex.org/snapshot/panlex-20191001-csv/2897#110829231>				<https://panlex.org/snapshot/panlex-20191001-csv/2897#110829305>		"Juñu"@ext	
"ফেব্ৰুৱাৰী"@as	<https://panlex.org/snapshot/panlex-20191001-csv/2897#110827746>				<https://panlex.org/snapshot/panlex-20191001-csv/2897#110827687>		"Hebreru"@ext	
"জুলাই"@as	<https://panlex.org/snapshot/panlex-20191001-csv/2897#110829788>				<https://panlex.org/snapshot/panlex-20191001-csv/2897#110829802>		"Júliu"@ext	
"ওচেনিয়া"@as	<https://panlex.org/snapshot/panlex-20191001-csv/2891#110854437>				<https://panlex.org/snapshot/panlex-20191001-csv/2891#110854338>		"Oceania"@ext	
"এছিয়া"@as	<https://panlex.org/snapshot/panlex-20191001-csv/2891#110853989>				<https://panlex.org/snapshot/panlex-20191001-csv/2891#110853834>		"Ásia"@ext	
"আফ্ৰিকা"@as	<https://panlex.org/snapshot/panlex-20191001-csv/2891#110853132>				<https://panlex.org/snapshot/panlex-20191001-csv/2891#110853182>		"África"@ext	
"ইউৰোপ"@as	<https://panlex.org/snapshot/panlex-20191001-csv/2891#110854044>				<https://panlex.org/snapshot/panlex-20191001-csv/2891#110854220>		"Uropa"@ext	
"এন্টাৰ্কটিকা"@as	<https://panlex.org/snapshot/panlex-20191001-csv/2891#110853759>				<https://panlex.org/snapshot/panlex-20191001-csv/2891#110853571>		"Antáltia"@ext	
"আমেৰিকা"@as	<https://panlex.org/snapshot/panlex-20191001-csv/2891#110853370>				<https://panlex.org/snapshot/panlex-20191001-csv/2891#110853435>		"América"@ext	
