"=ʔila"@aas	<https://panlex.org/snapshot/panlex-20191001-csv/3975#51725280>				<https://panlex.org/snapshot/panlex-20191001-csv/3975#51725323>		"cʼẽ̂"@gwj	
"ʔag-"@aas	<https://panlex.org/snapshot/panlex-20191001-csv/3975#51723694>				<https://panlex.org/snapshot/panlex-20191001-csv/3975#51723741>		"kíàm"@gwj	
"deʔ-ok"@aas	<https://panlex.org/snapshot/panlex-20191001-csv/3975#51732098>				<https://panlex.org/snapshot/panlex-20191001-csv/3975#51732138>		"ɳǀǀòá"@gwj	
"yogo-t"@aas	<https://panlex.org/snapshot/panlex-20191001-csv/3975#51724423>				<https://panlex.org/snapshot/panlex-20191001-csv/3975#51724470>		"ǀʼéː"@gwj	
"miǯ-ok"@aas	<https://panlex.org/snapshot/panlex-20191001-csv/3975#51729810>				<https://panlex.org/snapshot/panlex-20191001-csv/3975#51729851>		"ɕúː"@gwj	
"raʔ"@aas	<https://panlex.org/snapshot/panlex-20191001-csv/3975#51731360>				<https://panlex.org/snapshot/panlex-20191001-csv/3975#51731406>		"ǀǀʼóam̀"@gwj	
"moŋ-ok"@aas	<https://panlex.org/snapshot/panlex-20191001-csv/3975#51725692>				<https://panlex.org/snapshot/panlex-20191001-csv/3975#51725733>		"cáú"@gwj	
"šimu-t"@aas	<https://panlex.org/snapshot/panlex-20191001-csv/3975#51730088>				<https://panlex.org/snapshot/panlex-20191001-csv/3975#51730130>		"ʓíò"@gwj	
"siŋiri"@aas	<https://panlex.org/snapshot/panlex-20191001-csv/3975#51724583>				<https://panlex.org/snapshot/panlex-20191001-csv/3975#51724625>		"ǀǀʼáù"@gwj	
"širaʔa"@aas	<https://panlex.org/snapshot/panlex-20191001-csv/3975#51721225>				<https://panlex.org/snapshot/panlex-20191001-csv/3975#51721264>		"ʒérá"@gwj	
"ʔaǯ-it"@aas	<https://panlex.org/snapshot/panlex-20191001-csv/3975#51732231>				<https://panlex.org/snapshot/panlex-20191001-csv/3975#51732275>		"ǀáḿ"@gwj	
"ga-"@aas	<https://panlex.org/snapshot/panlex-20191001-csv/3975#51722785>				<https://panlex.org/snapshot/panlex-20191001-csv/3975#51722832>		"ǀǀʼó"@gwj	
"af-ok"@aas	<https://panlex.org/snapshot/panlex-20191001-csv/3975#51728450>				<https://panlex.org/snapshot/panlex-20191001-csv/3975#51728493>		"kxáḿ"@gwj	
"ʔadam-"@aas	<https://panlex.org/snapshot/panlex-20191001-csv/3975#51730754>				<https://panlex.org/snapshot/panlex-20191001-csv/3975#51730797>		"m̂"@gwj	
"has-"@aas	<https://panlex.org/snapshot/panlex-20191001-csv/3975#51725997>				<https://panlex.org/snapshot/panlex-20191001-csv/3975#51726039>		"kóám"@gwj	
"=biasa"@aas	<https://panlex.org/snapshot/panlex-20191001-csv/3975#51721504>				<https://panlex.org/snapshot/panlex-20191001-csv/3975#51721545>		"ɳǂúː"@gwj	
"saʔaka"@aas	<https://panlex.org/snapshot/panlex-20191001-csv/3975#51721644>				<https://panlex.org/snapshot/panlex-20191001-csv/3975#51721686>		"ǀʼáò"@gwj	
"toʔusay-ok"@aas	<https://panlex.org/snapshot/panlex-20191001-csv/3975#51731664>				<https://panlex.org/snapshot/panlex-20191001-csv/3975#51731702>		"cʼɛ́nɛ̀"@gwj	
"dowo"@aas	<https://panlex.org/snapshot/panlex-20191001-csv/3975#51727346>				<https://panlex.org/snapshot/panlex-20191001-csv/3975#51727384>		"kʼã́ẽ́"@gwj	
"hut-"@aas	<https://panlex.org/snapshot/panlex-20191001-csv/3975#51731809>				<https://panlex.org/snapshot/panlex-20191001-csv/3975#51731849>		"ɕíé"@gwj	
"=rakaš"@aas	<https://panlex.org/snapshot/panlex-20191001-csv/3975#51723265>				<https://panlex.org/snapshot/panlex-20191001-csv/3975#51723305>		"ǀǀxó"@gwj	
"debiya"@aas	<https://panlex.org/snapshot/panlex-20191001-csv/3975#51727047>				<https://panlex.org/snapshot/panlex-20191001-csv/3975#51727088>		"dà̰nã̀"@gwj	
"far-it"@aas	<https://panlex.org/snapshot/panlex-20191001-csv/3975#51721792>				<https://panlex.org/snapshot/panlex-20191001-csv/3975#51721836>		"ǀʼṍã́"@gwj	
"ʔaga"@aas	<https://panlex.org/snapshot/panlex-20191001-csv/3975#51728033>				<https://panlex.org/snapshot/panlex-20191001-csv/3975#51728077>		"ǀxáː"@gwj	
"hareta"@aas	<https://panlex.org/snapshot/panlex-20191001-csv/3975#51733913>				<https://panlex.org/snapshot/panlex-20191001-csv/3975#51733955>		"kuru"@gwj	
"ʔara"@aas	<https://panlex.org/snapshot/panlex-20191001-csv/3975#51731517>				<https://panlex.org/snapshot/panlex-20191001-csv/3975#51731561>		"ǀkxáré"@gwj	
"maʔa"@aas	<https://panlex.org/snapshot/panlex-20191001-csv/3975#51734039>				<https://panlex.org/snapshot/panlex-20191001-csv/3975#51734083>		"cʰáː"@gwj	
"ʔumara"@aas	<https://panlex.org/snapshot/panlex-20191001-csv/3975#51735680>				<https://panlex.org/snapshot/panlex-20191001-csv/3975#51735719>		"ǀǀòam̀"@gwj	
"=huma"@aas	<https://panlex.org/snapshot/panlex-20191001-csv/3975#51729950>				<https://panlex.org/snapshot/panlex-20191001-csv/3975#51729991>		"ɳǀùà"@gwj	
"ʔidu-k"@aas	<https://panlex.org/snapshot/panlex-20191001-csv/3975#51729657>				<https://panlex.org/snapshot/panlex-20191001-csv/3975#51729698>		"kʰóé"@gwj	
"šeferank"@aas	<https://panlex.org/snapshot/panlex-20191001-csv/3975#51733113>				<https://panlex.org/snapshot/panlex-20191001-csv/3975#51733156>		"ʓém"@gwj	
"mayi-to"@aas	<https://panlex.org/snapshot/panlex-20191001-csv/3975#51734849>				<https://panlex.org/snapshot/panlex-20191001-csv/3975#51734898>		"ɡǀǀae-"@gwj	
"mon-ok"@aas	<https://panlex.org/snapshot/panlex-20191001-csv/3975#51726153>				<https://panlex.org/snapshot/panlex-20191001-csv/3975#51726192>		"ǂáó"@gwj	
"dah-"@aas	<https://panlex.org/snapshot/panlex-20191001-csv/3975#51722597>				<https://panlex.org/snapshot/panlex-20191001-csv/3975#51722648>		"hâ"@gwj	
"kašiŋ"@aas	<https://panlex.org/snapshot/panlex-20191001-csv/3975#51733415>				<https://panlex.org/snapshot/panlex-20191001-csv/3975#51733457>		"īː"@gwj	
"ga-s-"@aas	<https://panlex.org/snapshot/panlex-20191001-csv/3975#51726623>				<https://panlex.org/snapshot/panlex-20191001-csv/3975#51726665>		"ǀkxṹ"@gwj	
"iriŋa"@aas	<https://panlex.org/snapshot/panlex-20191001-csv/3975#51729169>				<https://panlex.org/snapshot/panlex-20191001-csv/3975#51729211>		"ǂúì"@gwj	
"wa-t-"@aas	<https://panlex.org/snapshot/panlex-20191001-csv/3975#51723099>				<https://panlex.org/snapshot/panlex-20191001-csv/3975#51723143>		"kxâː"@gwj	
"hesa"@aas	<https://panlex.org/snapshot/panlex-20191001-csv/3975#51732514>				<https://panlex.org/snapshot/panlex-20191001-csv/3975#51732555>		"cáó"@gwj	
"mogeŋera"@aas	<https://panlex.org/snapshot/panlex-20191001-csv/3975#51730233>				<https://panlex.org/snapshot/panlex-20191001-csv/3975#51730272>		"tabe"@gwj	
"ki=te"@aas	<https://panlex.org/snapshot/panlex-20191001-csv/3975#51722946>				<https://panlex.org/snapshot/panlex-20191001-csv/3975#51722986>		"hárúgù"@gwj	
"seʔem-uk"@aas	<https://panlex.org/snapshot/panlex-20191001-csv/3975#51725544>				<https://panlex.org/snapshot/panlex-20191001-csv/3975#51725581>		"ǀʼũ̂"@gwj	
"yatara"@aas	<https://panlex.org/snapshot/panlex-20191001-csv/3975#51723403>				<https://panlex.org/snapshot/panlex-20191001-csv/3975#51723443>		"ǂéē"@gwj	
"leh-ek"@aas	<https://panlex.org/snapshot/panlex-20191001-csv/3975#51728191>				<https://panlex.org/snapshot/panlex-20191001-csv/3975#51728232>		"ɳǀǀóè"@gwj	
"hat-uk"@aas	<https://panlex.org/snapshot/panlex-20191001-csv/3975#51727740>				<https://panlex.org/snapshot/panlex-20191001-csv/3975#51727784>		"kxáò"@gwj	
"wura-to"@aas	<https://panlex.org/snapshot/panlex-20191001-csv/3975#51720684>				<https://panlex.org/snapshot/panlex-20191001-csv/3975#51720726>		"ɡǂúà"@gwj	
"sog-ok"@aas	<https://panlex.org/snapshot/panlex-20191001-csv/3975#51725839>				<https://panlex.org/snapshot/panlex-20191001-csv/3975#51725886>		"m̀ʔm̂"@gwj	
"ʎam"@aas	<https://panlex.org/snapshot/panlex-20191001-csv/3975#51733568>				<https://panlex.org/snapshot/panlex-20191001-csv/3975#51733609>		"ǀám̀"@gwj	
"šoʔ-ok"@aas	<https://panlex.org/snapshot/panlex-20191001-csv/3975#51736089>				<https://panlex.org/snapshot/panlex-20191001-csv/3975#51736133>		"ǂʼã́"@gwj	
"ʔoreʔ-ek"@aas	<https://panlex.org/snapshot/panlex-20191001-csv/3975#51724159>				<https://panlex.org/snapshot/panlex-20191001-csv/3975#51724198>		"ɳǀǀúì"@gwj	
"ŋulu-et"@aas	<https://panlex.org/snapshot/panlex-20191001-csv/3975#51726767>				<https://panlex.org/snapshot/panlex-20191001-csv/3975#51726812>		"ǀǀʼṹ-kxèrì"@gwj	
"haš-"@aas	<https://panlex.org/snapshot/panlex-20191001-csv/3975#51725003>				<https://panlex.org/snapshot/panlex-20191001-csv/3975#51725040>		"ǀkxóɛ́"@gwj	
"hadoŋ"@aas	<https://panlex.org/snapshot/panlex-20191001-csv/3975#51726296>				<https://panlex.org/snapshot/panlex-20191001-csv/3975#51726332>		"ɳǀǀnâ"@gwj	
"ʔita"@aas	<https://panlex.org/snapshot/panlex-20191001-csv/3975#51727612>				<https://panlex.org/snapshot/panlex-20191001-csv/3975#51727651>		"kxúní"@gwj	
"=ǯareta"@aas	<https://panlex.org/snapshot/panlex-20191001-csv/3975#51725428>				<https://panlex.org/snapshot/panlex-20191001-csv/3975#51725458>		"cxʼāē"@gwj	
"ʔim-ok"@aas	<https://panlex.org/snapshot/panlex-20191001-csv/3975#51728604>				<https://panlex.org/snapshot/panlex-20191001-csv/3975#51728644>		"ǀkxōān"@gwj	
"=ʔamba"@aas	<https://panlex.org/snapshot/panlex-20191001-csv/3975#51728881>				<https://panlex.org/snapshot/panlex-20191001-csv/3975#51728924>		"qábà"@gwj	
"daʔ-"@aas	<https://panlex.org/snapshot/panlex-20191001-csv/3975#51722066>				<https://panlex.org/snapshot/panlex-20191001-csv/3975#51722107>		"díò"@gwj	
"šah-"@aas	<https://panlex.org/snapshot/panlex-20191001-csv/3975#51730584>				<https://panlex.org/snapshot/panlex-20191001-csv/3975#51730635>		"me"@gwj	
"haǯa-t"@aas	<https://panlex.org/snapshot/panlex-20191001-csv/3975#51723549>				<https://panlex.org/snapshot/panlex-20191001-csv/3975#51723591>		"xóḿ"@gwj	
"haǯa-t"@aas	<https://panlex.org/snapshot/panlex-20191001-csv/3975#51730454>				<https://panlex.org/snapshot/panlex-20191001-csv/3975#51730495>		"xóḿ"@gwj	
"saŋa"@aas	<https://panlex.org/snapshot/panlex-20191001-csv/3975#51735144>				<https://panlex.org/snapshot/panlex-20191001-csv/3975#51735190>		"kxáí"@gwj	
"wataka"@aas	<https://panlex.org/snapshot/panlex-20191001-csv/3975#50811726>				<https://panlex.org/snapshot/panlex-20191001-csv/3975#51720586>		"wèē"@gwj	
"liga"@aas	<https://panlex.org/snapshot/panlex-20191001-csv/3975#51733263>				<https://panlex.org/snapshot/panlex-20191001-csv/3975#51733308>		"ǀǀṹ"@gwj	
"ila-t"@aas	<https://panlex.org/snapshot/panlex-20191001-csv/3975#51723997>				<https://panlex.org/snapshot/panlex-20191001-csv/3975#51724044>		"ǂxéí"@gwj	
"kinde"@aas	<https://panlex.org/snapshot/panlex-20191001-csv/3975#51729498>				<https://panlex.org/snapshot/panlex-20191001-csv/3975#51729541>		"ǀúí"@gwj	
"ʔag-im-"@aas	<https://panlex.org/snapshot/panlex-20191001-csv/3975#51723695>				<https://panlex.org/snapshot/panlex-20191001-csv/3975#51723741>		"kíàm"@gwj	
"ʔamim-"@aas	<https://panlex.org/snapshot/panlex-20191001-csv/3975#51731042>				<https://panlex.org/snapshot/panlex-20191001-csv/3975#51731088>		"ɳǂnú"@gwj	
"ʔalalaya"@aas	<https://panlex.org/snapshot/panlex-20191001-csv/3975#51731942>				<https://panlex.org/snapshot/panlex-20191001-csv/3975#51731982>		"ǂxónù"@gwj	
"ǯalas-"@aas	<https://panlex.org/snapshot/panlex-20191001-csv/3975#51721367>				<https://panlex.org/snapshot/panlex-20191001-csv/3975#51721406>		"páː"@gwj	
