"-log"@brz	<https://panlex.org/snapshot/panlex-20191001-csv/114#8055814>				<https://panlex.org/snapshot/panlex-20191001-csv/114#8056254>		"ŋaraŋar"@woc	
"tinin"@brz	<https://panlex.org/snapshot/panlex-20191001-csv/114#8057302>				<https://panlex.org/snapshot/panlex-20191001-csv/114#8057738>		"kusi-"@woc	
"niman"@brz	<https://panlex.org/snapshot/panlex-20191001-csv/114#8051683>				<https://panlex.org/snapshot/panlex-20191001-csv/114#8052163>		"lima-"@woc	
"balen"@brz	<https://panlex.org/snapshot/panlex-20191001-csv/114#8067664>				<https://panlex.org/snapshot/panlex-20191001-csv/114#8068096>		"meme-"@woc	
"sogohon"@brz	<https://panlex.org/snapshot/panlex-20191001-csv/114#8056841>				<https://panlex.org/snapshot/panlex-20191001-csv/114#8057221>		"fuŋa"@woc	
"buru/n"@brz	<https://panlex.org/snapshot/panlex-20191001-csv/114#8064007>				<https://panlex.org/snapshot/panlex-20191001-csv/114#8064455>		"vea-"@woc	
"masapen"@brz	<https://panlex.org/snapshot/panlex-20191001-csv/114#8057819>				<https://panlex.org/snapshot/panlex-20191001-csv/114#8058242>		"katkai-"@woc	
"nien"@brz	<https://panlex.org/snapshot/panlex-20191001-csv/114#8053174>				<https://panlex.org/snapshot/panlex-20191001-csv/114#8053655>		"wae-"@woc	
"aua-"@brz	<https://panlex.org/snapshot/panlex-20191001-csv/114#8066564>				<https://panlex.org/snapshot/panlex-20191001-csv/114#8067029>		"wawa-"@woc	
"au"@brz	<https://panlex.org/snapshot/panlex-20191001-csv/114#8053748>				<https://panlex.org/snapshot/panlex-20191001-csv/114#8054240>		"kwa"@woc	
"au"@brz	<https://panlex.org/snapshot/panlex-20191001-csv/114#8053748>				<https://panlex.org/snapshot/panlex-20191001-csv/114#8054241>		"lako"@woc	
