"Берлин"@lez	<https://panlex.org/snapshot/panlex-20191001-csv/5949#85302472>				<https://panlex.org/snapshot/panlex-20191001-csv/5949#85302546>		"Berlin"@tpi	
"Иерусалим"@lez	<https://panlex.org/snapshot/panlex-20191001-csv/5949#85309971>				<https://panlex.org/snapshot/panlex-20191001-csv/5949#85310036>		"Yerusalem"@tpi	
"Урусат"@lez	<https://panlex.org/snapshot/panlex-20191001-csv/5949#85319524>				<https://panlex.org/snapshot/panlex-20191001-csv/5949#85319615>		"Rasia"@tpi	
"пахун"@lez	<https://panlex.org/snapshot/panlex-20191001-csv/5949#85329415>				<https://panlex.org/snapshot/panlex-20191001-csv/5949#85329523>		"Ogas"@tpi	
"Франция"@lez	<https://panlex.org/snapshot/panlex-20191001-csv/5949#85323615>				<https://panlex.org/snapshot/panlex-20191001-csv/5949#85323684>		"Pranis"@tpi	
"август"@lez	<https://panlex.org/snapshot/panlex-20191001-csv/5949#85329414>				<https://panlex.org/snapshot/panlex-20191001-csv/5949#85329523>		"Ogas"@tpi	
"Рагъ"@lez	<https://panlex.org/snapshot/panlex-20191001-csv/5949#85320943>				<https://panlex.org/snapshot/panlex-20191001-csv/5949#85321000>		"San"@tpi	
"Европа"@lez	<https://panlex.org/snapshot/panlex-20191001-csv/5949#85308581>				<https://panlex.org/snapshot/panlex-20191001-csv/5949#85308650>		"Yurop"@tpi	
"чилинмикит"@lez	<https://panlex.org/snapshot/panlex-20191001-csv/2904#111022647>				<https://panlex.org/snapshot/panlex-20191001-csv/2904#111022599>		"jiograpi"@tpi	
"география"@lez	<https://panlex.org/snapshot/panlex-20191001-csv/2904#111022684>				<https://panlex.org/snapshot/panlex-20191001-csv/2904#111022599>		"jiograpi"@tpi	
"философия"@lez	<https://panlex.org/snapshot/panlex-20191001-csv/2904#111023916>				<https://panlex.org/snapshot/panlex-20191001-csv/2904#111023933>		"pilosopi"@tpi	
"тарих"@lez	<https://panlex.org/snapshot/panlex-20191001-csv/2904#111023032>				<https://panlex.org/snapshot/panlex-20191001-csv/2904#111022827>		"histori"@tpi	
"астрономия"@lez	<https://panlex.org/snapshot/panlex-20191001-csv/2904#111022109>				<https://panlex.org/snapshot/panlex-20191001-csv/2904#111022024>		"estronomi"@tpi	
"ислягьвал"@lez	<https://panlex.org/snapshot/panlex-20191001-csv/2902#111011950>				<https://panlex.org/snapshot/panlex-20191001-csv/2902#111012315>		"gutpela taim"@tpi	
"Рагь"@lez	<https://panlex.org/snapshot/panlex-20191001-csv/2907#110844999>				<https://panlex.org/snapshot/panlex-20191001-csv/2907#110845041>		"San"@tpi	
"Ракъинин система"@lez	<https://panlex.org/snapshot/panlex-20191001-csv/2907#110848312>				<https://panlex.org/snapshot/panlex-20191001-csv/2907#110848252>		"Sola Sistem"@tpi	
"Уран"@lez	<https://panlex.org/snapshot/panlex-20191001-csv/2907#110846801>				<https://panlex.org/snapshot/panlex-20191001-csv/2907#110846897>		"Yurenas"@tpi	
"Церера"@lez	<https://panlex.org/snapshot/panlex-20191001-csv/2907#110846154>				<https://panlex.org/snapshot/panlex-20191001-csv/2907#110846176>		"Ceres"@tpi	
"Сатурн"@lez	<https://panlex.org/snapshot/panlex-20191001-csv/2907#110846622>				<https://panlex.org/snapshot/panlex-20191001-csv/2907#110846604>		"Saten"@tpi	
"Юпитер"@lez	<https://panlex.org/snapshot/panlex-20191001-csv/2907#110846420>				<https://panlex.org/snapshot/panlex-20191001-csv/2907#110846506>		"Jupita"@tpi	
"Нептун"@lez	<https://panlex.org/snapshot/panlex-20191001-csv/2907#110846990>				<https://panlex.org/snapshot/panlex-20191001-csv/2907#110847026>		"Neptun"@tpi	
"Марс"@lez	<https://panlex.org/snapshot/panlex-20191001-csv/2907#110846079>				<https://panlex.org/snapshot/panlex-20191001-csv/2907#110846114>		"Mas"@tpi	
"Ччил"@lez	<https://panlex.org/snapshot/panlex-20191001-csv/2907#110845531>				<https://panlex.org/snapshot/panlex-20191001-csv/2907#110845672>		"Graun"@tpi	
"Макемаке"@lez	<https://panlex.org/snapshot/panlex-20191001-csv/2907#110847656>				<https://panlex.org/snapshot/panlex-20191001-csv/2907#110847707>		"Makemake"@tpi	
"Варз"@lez	<https://panlex.org/snapshot/panlex-20191001-csv/2907#110845796>				<https://panlex.org/snapshot/panlex-20191001-csv/2907#110845836>		"Mun"@tpi	
"Венера"@lez	<https://panlex.org/snapshot/panlex-20191001-csv/2907#110845309>				<https://panlex.org/snapshot/panlex-20191001-csv/2907#110845375>		"Vinas"@tpi	
"Меркурий"@lez	<https://panlex.org/snapshot/panlex-20191001-csv/2907#110845155>				<https://panlex.org/snapshot/panlex-20191001-csv/2907#110845116>		"Makuri"@tpi	
"Хаумеа"@lez	<https://panlex.org/snapshot/panlex-20191001-csv/2907#110847458>				<https://panlex.org/snapshot/panlex-20191001-csv/2907#110847543>		"Haumea"@tpi	
"Эрида"@lez	<https://panlex.org/snapshot/panlex-20191001-csv/2907#110847839>				<https://panlex.org/snapshot/panlex-20191001-csv/2907#110847957>		"Eris"@tpi	
"Плутон"@lez	<https://panlex.org/snapshot/panlex-20191001-csv/2907#110847367>				<https://panlex.org/snapshot/panlex-20191001-csv/2907#110847395>		"Pluto"@tpi	
"Лас океан"@lez	<https://panlex.org/snapshot/panlex-20191001-csv/2901#110868105>				<https://panlex.org/snapshot/panlex-20191001-csv/2901#110867900>		"Pasifik"@tpi	
"Адамни Гьава"@lez	<https://panlex.org/snapshot/panlex-20191001-csv/2906#111019143>				<https://panlex.org/snapshot/panlex-20191001-csv/2906#111019195>		"Adam na Iv"@tpi	
"икӀи"@lez	<https://panlex.org/snapshot/panlex-20191001-csv/11#796965>				<https://panlex.org/snapshot/panlex-20191001-csv/11#796975>		"Mande"@tpi	
"саласа"@lez	<https://panlex.org/snapshot/panlex-20191001-csv/11#794228>				<https://panlex.org/snapshot/panlex-20191001-csv/11#794240>		"Tunde"@tpi	
"арбе"@lez	<https://panlex.org/snapshot/panlex-20191001-csv/2892#110824938>				<https://panlex.org/snapshot/panlex-20191001-csv/2892#110824866>		"Trinde"@tpi	
"киш"@lez	<https://panlex.org/snapshot/panlex-20191001-csv/2892#110826265>				<https://panlex.org/snapshot/panlex-20191001-csv/2892#110826356>		"Sarere"@tpi	
"ислен"@lez	<https://panlex.org/snapshot/panlex-20191001-csv/2892#110824152>				<https://panlex.org/snapshot/panlex-20191001-csv/2892#110824309>		"Mande"@tpi	
"гьяд"@lez	<https://panlex.org/snapshot/panlex-20191001-csv/2892#110826797>				<https://panlex.org/snapshot/panlex-20191001-csv/2892#110826747>		"Sande"@tpi	
"саласа"@lez	<https://panlex.org/snapshot/panlex-20191001-csv/2892#110824843>				<https://panlex.org/snapshot/panlex-20191001-csv/2892#110824617>		"Tunde"@tpi	
"жумя"@lez	<https://panlex.org/snapshot/panlex-20191001-csv/2892#110825731>				<https://panlex.org/snapshot/panlex-20191001-csv/2892#110825778>		"Fraide"@tpi	
"хемис"@lez	<https://panlex.org/snapshot/panlex-20191001-csv/2892#110825462>				<https://panlex.org/snapshot/panlex-20191001-csv/2892#110825433>		"Fonde"@tpi	
"сентябрь"@lez	<https://panlex.org/snapshot/panlex-20191001-csv/2897#110830519>				<https://panlex.org/snapshot/panlex-20191001-csv/2897#110830499>		"Septemba"@tpi	
"нава"@lez	<https://panlex.org/snapshot/panlex-20191001-csv/2897#110828365>				<https://panlex.org/snapshot/panlex-20191001-csv/2897#110828585>		"Epril"@tpi	
"февраль"@lez	<https://panlex.org/snapshot/panlex-20191001-csv/2897#110827499>				<https://panlex.org/snapshot/panlex-20191001-csv/2897#110827525>		"Februeri"@tpi	
"мара"@lez	<https://panlex.org/snapshot/panlex-20191001-csv/2897#110830531>				<https://panlex.org/snapshot/panlex-20191001-csv/2897#110830499>		"Septemba"@tpi	
"тӏул"@lez	<https://panlex.org/snapshot/panlex-20191001-csv/2897#110828685>				<https://panlex.org/snapshot/panlex-20191001-csv/2897#110828800>		"Me"@tpi	
"декабрь"@lez	<https://panlex.org/snapshot/panlex-20191001-csv/2897#110831958>				<https://panlex.org/snapshot/panlex-20191001-csv/2897#110831815>		"Disemba"@tpi	
"апрель"@lez	<https://panlex.org/snapshot/panlex-20191001-csv/2897#110828476>				<https://panlex.org/snapshot/panlex-20191001-csv/2897#110828585>		"Epril"@tpi	
"июнь"@lez	<https://panlex.org/snapshot/panlex-20191001-csv/2897#110829161>				<https://panlex.org/snapshot/panlex-20191001-csv/2897#110829223>		"Jun"@tpi	
"октябрь"@lez	<https://panlex.org/snapshot/panlex-20191001-csv/2897#110830905>				<https://panlex.org/snapshot/panlex-20191001-csv/2897#110830944>		"Oktoba"@tpi	
"январь"@lez	<https://panlex.org/snapshot/panlex-20191001-csv/2897#110827170>				<https://panlex.org/snapshot/panlex-20191001-csv/2897#110827165>		"Janueri"@tpi	
"фандукӏ"@lez	<https://panlex.org/snapshot/panlex-20191001-csv/2897#110831761>				<https://panlex.org/snapshot/panlex-20191001-csv/2897#110831815>		"Disemba"@tpi	
"баскӏум"@lez	<https://panlex.org/snapshot/panlex-20191001-csv/2897#110831076>				<https://panlex.org/snapshot/panlex-20191001-csv/2897#110830944>		"Oktoba"@tpi	
"эхем"@lez	<https://panlex.org/snapshot/panlex-20191001-csv/2897#110827801>				<https://panlex.org/snapshot/panlex-20191001-csv/2897#110827525>		"Februeri"@tpi	
"март"@lez	<https://panlex.org/snapshot/panlex-20191001-csv/2897#110828039>				<https://panlex.org/snapshot/panlex-20191001-csv/2897#110827970>		"Mas"@tpi	
"чиле"@lez	<https://panlex.org/snapshot/panlex-20191001-csv/2897#110829762>				<https://panlex.org/snapshot/panlex-20191001-csv/2897#110829681>		"Julai"@tpi	
"пахун"@lez	<https://panlex.org/snapshot/panlex-20191001-csv/2897#110830173>				<https://panlex.org/snapshot/panlex-20191001-csv/2897#110830198>		"Ogas"@tpi	
"ибне"@lez	<https://panlex.org/snapshot/panlex-20191001-csv/2897#110828202>				<https://panlex.org/snapshot/panlex-20191001-csv/2897#110827970>		"Mas"@tpi	
"гьер"@lez	<https://panlex.org/snapshot/panlex-20191001-csv/2897#110827226>				<https://panlex.org/snapshot/panlex-20191001-csv/2897#110827165>		"Janueri"@tpi	
"цӏехуьл"@lez	<https://panlex.org/snapshot/panlex-20191001-csv/2897#110831296>				<https://panlex.org/snapshot/panlex-20191001-csv/2897#110831176>		"Novemba"@tpi	
"август"@lez	<https://panlex.org/snapshot/panlex-20191001-csv/2897#110830154>				<https://panlex.org/snapshot/panlex-20191001-csv/2897#110830198>		"Ogas"@tpi	
"июль"@lez	<https://panlex.org/snapshot/panlex-20191001-csv/2897#110829616>				<https://panlex.org/snapshot/panlex-20191001-csv/2897#110829681>		"Julai"@tpi	
"къамуг"@lez	<https://panlex.org/snapshot/panlex-20191001-csv/2897#110829441>				<https://panlex.org/snapshot/panlex-20191001-csv/2897#110829223>		"Jun"@tpi	
"май"@lez	<https://panlex.org/snapshot/panlex-20191001-csv/2897#110828995>				<https://panlex.org/snapshot/panlex-20191001-csv/2897#110828800>		"Me"@tpi	
"ноябрь"@lez	<https://panlex.org/snapshot/panlex-20191001-csv/2897#110831150>				<https://panlex.org/snapshot/panlex-20191001-csv/2897#110831176>		"Novemba"@tpi	
"Азия"@lez	<https://panlex.org/snapshot/panlex-20191001-csv/2891#110854023>				<https://panlex.org/snapshot/panlex-20191001-csv/2891#110854024>		"Asia"@tpi	
"Океания"@lez	<https://panlex.org/snapshot/panlex-20191001-csv/2891#110854451>				<https://panlex.org/snapshot/panlex-20191001-csv/2891#110854340>		"Osenia"@tpi	
"Америка"@lez	<https://panlex.org/snapshot/panlex-20191001-csv/2891#110853416>				<https://panlex.org/snapshot/panlex-20191001-csv/2891#110853427>		"Amerika"@tpi	
"Антарктида"@lez	<https://panlex.org/snapshot/panlex-20191001-csv/2891#110853757>				<https://panlex.org/snapshot/panlex-20191001-csv/2891#110853672>		"Antatika"@tpi	
"Европа"@lez	<https://panlex.org/snapshot/panlex-20191001-csv/2891#110854139>				<https://panlex.org/snapshot/panlex-20191001-csv/2891#110854086>		"Yurop"@tpi	
"Африка"@lez	<https://panlex.org/snapshot/panlex-20191001-csv/2891#110853252>				<https://panlex.org/snapshot/panlex-20191001-csv/2891#110853151>		"Aprika"@tpi	
"Африка"@lez	<https://panlex.org/snapshot/panlex-20191001-csv/2891#110853252>				<https://panlex.org/snapshot/panlex-20191001-csv/2891#110853057>		"Afrika"@tpi	
