"рух"@lez	<https://panlex.org/snapshot/panlex-20191001-csv/6712#111098717>				<https://panlex.org/snapshot/panlex-20191001-csv/6712#111098770>		"torre"@oc	
"ферзь"@lez	<https://panlex.org/snapshot/panlex-20191001-csv/6712#111098575>				<https://panlex.org/snapshot/panlex-20191001-csv/6712#111098579>		"reina"@oc	
"пачагь"@lez	<https://panlex.org/snapshot/panlex-20191001-csv/6712#111098455>				<https://panlex.org/snapshot/panlex-20191001-csv/6712#111098450>		"rei"@oc	
"шахматар"@lez	<https://panlex.org/snapshot/panlex-20191001-csv/6712#111099423>				<https://panlex.org/snapshot/panlex-20191001-csv/6712#111099417>		"escacs"@oc	
"палкан"@lez	<https://panlex.org/snapshot/panlex-20191001-csv/6712#111099096>				<https://panlex.org/snapshot/panlex-20191001-csv/6712#111099064>		"caval"@oc	
"лиф"@lez	<https://panlex.org/snapshot/panlex-20191001-csv/6712#111098945>				<https://panlex.org/snapshot/panlex-20191001-csv/6712#111098964>		"fòl"@oc	
"пешка"@lez	<https://panlex.org/snapshot/panlex-20191001-csv/6712#111099257>				<https://panlex.org/snapshot/panlex-20191001-csv/6712#111099203>		"pion"@oc	
"Къвандзин асир"@lez	<https://panlex.org/snapshot/panlex-20191001-csv/6709#111075781>				<https://panlex.org/snapshot/panlex-20191001-csv/6709#111075798>		"Edat de la pèira"@oc	
"Хашпарар дявеяр"@lez	<https://panlex.org/snapshot/panlex-20191001-csv/6709#111076749>				<https://panlex.org/snapshot/panlex-20191001-csv/6709#111076618>		"Crosadas"@oc	
"Дуьньядин садлагьай дяве"@lez	<https://panlex.org/snapshot/panlex-20191001-csv/6709#111077318>				<https://panlex.org/snapshot/panlex-20191001-csv/6709#111077391>		"Primièra Guèrra Mondiala"@oc	
"Чирвилерин девир"@lez	<https://panlex.org/snapshot/panlex-20191001-csv/6709#111077035>				<https://panlex.org/snapshot/panlex-20191001-csv/6709#111077071>		"Sègle de las Luses"@oc	
"Викингар"@lez	<https://panlex.org/snapshot/panlex-20191001-csv/6709#111076560>				<https://panlex.org/snapshot/panlex-20191001-csv/6709#111076519>		"Vikings"@oc	
"Юкьван асир"@lez	<https://panlex.org/snapshot/panlex-20191001-csv/6709#111076284>				<https://panlex.org/snapshot/panlex-20191001-csv/6709#111076269>		"Edat Mejana"@oc	
"Юкьван асир"@lez	<https://panlex.org/snapshot/panlex-20191001-csv/6709#111076284>				<https://panlex.org/snapshot/panlex-20191001-csv/6709#111076395>		"Atge Mejan"@oc	
"Ракьун асир"@lez	<https://panlex.org/snapshot/panlex-20191001-csv/6709#111076128>				<https://panlex.org/snapshot/panlex-20191001-csv/6709#111076179>		"Edat dau fèrre"@oc	
"Дуьньядин кьведлагьай дяве"@lez	<https://panlex.org/snapshot/panlex-20191001-csv/6709#111077505>				<https://panlex.org/snapshot/panlex-20191001-csv/6709#111077627>		"Segonda Guèrra Mondiala"@oc	
"Кишпирдин асир"@lez	<https://panlex.org/snapshot/panlex-20191001-csv/6709#111075952>				<https://panlex.org/snapshot/panlex-20191001-csv/6709#111075941>		"Edat del bronze"@oc	
"Къайи дяве"@lez	<https://panlex.org/snapshot/panlex-20191001-csv/6709#111077817>				<https://panlex.org/snapshot/panlex-20191001-csv/6709#111077750>		"Guèrra Freja"@oc	
"Агъзур ни сад йиф"@lez	<https://panlex.org/snapshot/panlex-20191001-csv/6710#111082762>				<https://panlex.org/snapshot/panlex-20191001-csv/6710#111082824>		"Las mila e una nuèits"@oc	
"ислен"@lez	<https://panlex.org/snapshot/panlex-20191001-csv/5947#84803487>				<https://panlex.org/snapshot/panlex-20191001-csv/5947#84803526>		"deluns dilun"@oc	
"ислен"@lez	<https://panlex.org/snapshot/panlex-20191001-csv/5947#84803487>				<https://panlex.org/snapshot/panlex-20191001-csv/5947#84803525>		"diluns"@oc	
"гуьзгуь"@lez	<https://panlex.org/snapshot/panlex-20191001-csv/5946#84446241>				<https://panlex.org/snapshot/panlex-20191001-csv/5946#84446273>		"miralh"@oc	
"гуьзгуь"@lez	<https://panlex.org/snapshot/panlex-20191001-csv/5946#84446241>				<https://panlex.org/snapshot/panlex-20191001-csv/5946#84446274>		"espill"@oc	
"Берлин"@lez	<https://panlex.org/snapshot/panlex-20191001-csv/5949#85302472>				<https://panlex.org/snapshot/panlex-20191001-csv/5949#85302500>		"Berlin"@oc	
"Азербайжан"@lez	<https://panlex.org/snapshot/panlex-20191001-csv/5949#85298488>				<https://panlex.org/snapshot/panlex-20191001-csv/5949#85298508>		"Azerbaitjan"@oc	
"векил"@lez	<https://panlex.org/snapshot/panlex-20191001-csv/5949#85333185>				<https://panlex.org/snapshot/panlex-20191001-csv/5949#85333194>		"avocat"@oc	
"Иерусалим"@lez	<https://panlex.org/snapshot/panlex-20191001-csv/5949#85309971>				<https://panlex.org/snapshot/panlex-20191001-csv/5949#85309994>		"Jerusalèm"@oc	
"Урусат"@lez	<https://panlex.org/snapshot/panlex-20191001-csv/5949#85319524>				<https://panlex.org/snapshot/panlex-20191001-csv/5949#85319562>		"Russia"@oc	
"пахун"@lez	<https://panlex.org/snapshot/panlex-20191001-csv/5949#85329415>				<https://panlex.org/snapshot/panlex-20191001-csv/5949#85329454>		"agóst"@oc	
"Баку"@lez	<https://panlex.org/snapshot/panlex-20191001-csv/5949#85301493>				<https://panlex.org/snapshot/panlex-20191001-csv/5949#85301512>		"Bakó"@oc	
"авиация"@lez	<https://panlex.org/snapshot/panlex-20191001-csv/5949#85329840>				<https://panlex.org/snapshot/panlex-20191001-csv/5949#85329853>		"aviacion"@oc	
"Франция"@lez	<https://panlex.org/snapshot/panlex-20191001-csv/5949#85323615>				<https://panlex.org/snapshot/panlex-20191001-csv/5949#85323640>		"França"@oc	
"август"@lez	<https://panlex.org/snapshot/panlex-20191001-csv/5949#85329414>				<https://panlex.org/snapshot/panlex-20191001-csv/5949#85329454>		"agóst"@oc	
"Льеж"@lez	<https://panlex.org/snapshot/panlex-20191001-csv/5949#85314836>				<https://panlex.org/snapshot/panlex-20191001-csv/5949#85314846>		"Lièja"@oc	
"Рагъ"@lez	<https://panlex.org/snapshot/panlex-20191001-csv/5949#85320943>				<https://panlex.org/snapshot/panlex-20191001-csv/5949#85320965>		"Solelh"@oc	
"Европа"@lez	<https://panlex.org/snapshot/panlex-20191001-csv/5949#85308581>				<https://panlex.org/snapshot/panlex-20191001-csv/5949#85308605>		"Euròpa"@oc	
"адвокат"@lez	<https://panlex.org/snapshot/panlex-20191001-csv/5949#85333184>				<https://panlex.org/snapshot/panlex-20191001-csv/5949#85333194>		"avocat"@oc	
"гьафте"@lez	<https://panlex.org/snapshot/panlex-20191001-csv/611#25807094>				<https://panlex.org/snapshot/panlex-20191001-csv/611#25807107>		"setmana"@oc	
"химия"@lez	<https://panlex.org/snapshot/panlex-20191001-csv/2904#111022474>				<https://panlex.org/snapshot/panlex-20191001-csv/2904#111022490>		"quimia"@oc	
"лингвистика"@lez	<https://panlex.org/snapshot/panlex-20191001-csv/2904#111023144>				<https://panlex.org/snapshot/panlex-20191001-csv/2904#111023078>		"lingüistica"@oc	
"лингвистика"@lez	<https://panlex.org/snapshot/panlex-20191001-csv/2904#111023144>				<https://panlex.org/snapshot/panlex-20191001-csv/2904#111023310>		"lenguistica"@oc	
"илим"@lez	<https://panlex.org/snapshot/panlex-20191001-csv/2904#111024388>				<https://panlex.org/snapshot/panlex-20191001-csv/2904#111024216>		"sapiença"@oc	
"математика"@lez	<https://panlex.org/snapshot/panlex-20191001-csv/2904#111023432>				<https://panlex.org/snapshot/panlex-20191001-csv/2904#111023364>		"matematicas"@oc	
"биология"@lez	<https://panlex.org/snapshot/panlex-20191001-csv/2904#111022344>				<https://panlex.org/snapshot/panlex-20191001-csv/2904#111022157>		"biologia"@oc	
"университет"@lez	<https://panlex.org/snapshot/panlex-20191001-csv/2904#111024509>				<https://panlex.org/snapshot/panlex-20191001-csv/2904#111024648>		"universitat"@oc	
"физика"@lez	<https://panlex.org/snapshot/panlex-20191001-csv/2904#111024002>				<https://panlex.org/snapshot/panlex-20191001-csv/2904#111024106>		"fisica"@oc	
"медицина"@lez	<https://panlex.org/snapshot/panlex-20191001-csv/2904#111023552>				<https://panlex.org/snapshot/panlex-20191001-csv/2904#111023605>		"medecina"@oc	
"чилинмикит"@lez	<https://panlex.org/snapshot/panlex-20191001-csv/2904#111022647>				<https://panlex.org/snapshot/panlex-20191001-csv/2904#111022718>		"geografia"@oc	
"география"@lez	<https://panlex.org/snapshot/panlex-20191001-csv/2904#111022684>				<https://panlex.org/snapshot/panlex-20191001-csv/2904#111022718>		"geografia"@oc	
"философия"@lez	<https://panlex.org/snapshot/panlex-20191001-csv/2904#111023916>				<https://panlex.org/snapshot/panlex-20191001-csv/2904#111023912>		"filosofia"@oc	
"архитектура"@lez	<https://panlex.org/snapshot/panlex-20191001-csv/2904#111021791>				<https://panlex.org/snapshot/panlex-20191001-csv/2904#111021779>		"arquitectura"@oc	
"тарих"@lez	<https://panlex.org/snapshot/panlex-20191001-csv/2904#111023032>				<https://panlex.org/snapshot/panlex-20191001-csv/2904#111022933>		"istòria"@oc	
"астрономия"@lez	<https://panlex.org/snapshot/panlex-20191001-csv/2904#111022109>				<https://panlex.org/snapshot/panlex-20191001-csv/2904#111022022>		"astronomia"@oc	
"Кьибледин полюс"@lez	<https://panlex.org/snapshot/panlex-20191001-csv/2910#110855585>				<https://panlex.org/snapshot/panlex-20191001-csv/2910#110855673>		"Pòl Sud"@oc	
"Экватор"@lez	<https://panlex.org/snapshot/panlex-20191001-csv/2910#110855080>				<https://panlex.org/snapshot/panlex-20191001-csv/2910#110855184>		"Eqüator"@oc	
"Кефердин полюс"@lez	<https://panlex.org/snapshot/panlex-20191001-csv/2910#110854677>				<https://panlex.org/snapshot/panlex-20191001-csv/2910#110854659>		"Pòl Nòrd"@oc	
"ислягьвал"@lez	<https://panlex.org/snapshot/panlex-20191001-csv/2902#111011950>				<https://panlex.org/snapshot/panlex-20191001-csv/2902#111012050>		"patz"@oc	
"ислягьвал"@lez	<https://panlex.org/snapshot/panlex-20191001-csv/2902#111011950>				<https://panlex.org/snapshot/panlex-20191001-csv/2902#111012033>		"pas"@oc	
"Аравилин гьуьл"@lez	<https://panlex.org/snapshot/panlex-20191001-csv/2905#110870370>				<https://panlex.org/snapshot/panlex-20191001-csv/2905#110870496>		"Mar Mediterranèa"@oc	
"Кариб гьуьл"@lez	<https://panlex.org/snapshot/panlex-20191001-csv/2905#110869483>				<https://panlex.org/snapshot/panlex-20191001-csv/2905#110869366>		"Mar Cariba"@oc	
"Чӏулав гьуьл"@lez	<https://panlex.org/snapshot/panlex-20191001-csv/2905#110869154>				<https://panlex.org/snapshot/panlex-20191001-csv/2905#110869075>		"Mar Negra"@oc	
"Балтика гьуьл"@lez	<https://panlex.org/snapshot/panlex-20191001-csv/2905#110868636>				<https://panlex.org/snapshot/panlex-20191001-csv/2905#110868654>		"Mar Baltica"@oc	
"Яру гьуьл"@lez	<https://panlex.org/snapshot/panlex-20191001-csv/2905#110871094>				<https://panlex.org/snapshot/panlex-20191001-csv/2905#110871090>		"Mar Roja"@oc	
"Арабистандин гьуьл"@lez	<https://panlex.org/snapshot/panlex-20191001-csv/2905#110868553>				<https://panlex.org/snapshot/panlex-20191001-csv/2905#110868572>		"Mar d’Arabia"@oc	
"Каспий гьуьл"@lez	<https://panlex.org/snapshot/panlex-20191001-csv/2905#110869703>				<https://panlex.org/snapshot/panlex-20191001-csv/2905#110869669>		"Mar Caspiana"@oc	
"Кеферпатан гьуьл"@lez	<https://panlex.org/snapshot/panlex-20191001-csv/2905#110870554>				<https://panlex.org/snapshot/panlex-20191001-csv/2905#110870538>		"Mar del Nòrd"@oc	
"чӏулав тӏеквен"@lez	<https://panlex.org/snapshot/panlex-20191001-csv/2907#110849494>				<https://panlex.org/snapshot/panlex-20191001-csv/2907#110849497>		"trauc negre"@oc	
"Рагь"@lez	<https://panlex.org/snapshot/panlex-20191001-csv/2907#110844999>				<https://panlex.org/snapshot/panlex-20191001-csv/2907#110844982>		"Solelh"@oc	
"Койпердин чӏул"@lez	<https://panlex.org/snapshot/panlex-20191001-csv/2907#110848570>				<https://panlex.org/snapshot/panlex-20191001-csv/2907#110848471>		"Cencha de Kuiper"@oc	
"Астероидрин чӏул"@lez	<https://panlex.org/snapshot/panlex-20191001-csv/2907#110848380>				<https://panlex.org/snapshot/panlex-20191001-csv/2907#110848326>		"Cencha d’asteroïdes"@oc	
"Ракъинин система"@lez	<https://panlex.org/snapshot/panlex-20191001-csv/2907#110848312>				<https://panlex.org/snapshot/panlex-20191001-csv/2907#110848245>		"Sistèma solar"@oc	
"чӏулав хъалхъам"@lez	<https://panlex.org/snapshot/panlex-20191001-csv/2907#110849477>				<https://panlex.org/snapshot/panlex-20191001-csv/2907#110849497>		"trauc negre"@oc	
"Уран"@lez	<https://panlex.org/snapshot/panlex-20191001-csv/2907#110846801>				<https://panlex.org/snapshot/panlex-20191001-csv/2907#110846949>		"Uranus"@oc	
"Чилер-цавар"@lez	<https://panlex.org/snapshot/panlex-20191001-csv/2907#110848951>				<https://panlex.org/snapshot/panlex-20191001-csv/2907#110848996>		"Univèrs"@oc	
"Церера"@lez	<https://panlex.org/snapshot/panlex-20191001-csv/2907#110846154>				<https://panlex.org/snapshot/panlex-20191001-csv/2907#110846298>		"Cères"@oc	
"Сатурн"@lez	<https://panlex.org/snapshot/panlex-20191001-csv/2907#110846622>				<https://panlex.org/snapshot/panlex-20191001-csv/2907#110846704>		"Saturne"@oc	
"Юпитер"@lez	<https://panlex.org/snapshot/panlex-20191001-csv/2907#110846420>				<https://panlex.org/snapshot/panlex-20191001-csv/2907#110846373>		"Jupitèr"@oc	
"Нептун"@lez	<https://panlex.org/snapshot/panlex-20191001-csv/2907#110846990>				<https://panlex.org/snapshot/panlex-20191001-csv/2907#110847190>		"Neptun"@oc	
"Марс"@lez	<https://panlex.org/snapshot/panlex-20191001-csv/2907#110846079>				<https://panlex.org/snapshot/panlex-20191001-csv/2907#110846017>		"Mart"@oc	
"Ччил"@lez	<https://panlex.org/snapshot/panlex-20191001-csv/2907#110845531>				<https://panlex.org/snapshot/panlex-20191001-csv/2907#110845700>		"Tèrra"@oc	
"Карванд Рехъ"@lez	<https://panlex.org/snapshot/panlex-20191001-csv/2907#110848825>				<https://panlex.org/snapshot/panlex-20191001-csv/2907#110848717>		"Via Lactèa"@oc	
"Карванд Рехъ"@lez	<https://panlex.org/snapshot/panlex-20191001-csv/2907#110848825>				<https://panlex.org/snapshot/panlex-20191001-csv/2907#110848922>		"Camin de Sant Jaume"@oc	
"Макемаке"@lez	<https://panlex.org/snapshot/panlex-20191001-csv/2907#110847656>				<https://panlex.org/snapshot/panlex-20191001-csv/2907#110847747>		"Makemake"@oc	
"Варз"@lez	<https://panlex.org/snapshot/panlex-20191001-csv/2907#110845796>				<https://panlex.org/snapshot/panlex-20191001-csv/2907#110845745>		"Luna"@oc	
"Венера"@lez	<https://panlex.org/snapshot/panlex-20191001-csv/2907#110845309>				<https://panlex.org/snapshot/panlex-20191001-csv/2907#110845368>		"Vènus"@oc	
"Меркурий"@lez	<https://panlex.org/snapshot/panlex-20191001-csv/2907#110845155>				<https://panlex.org/snapshot/panlex-20191001-csv/2907#110845087>		"Mercuri"@oc	
"Хаумеа"@lez	<https://panlex.org/snapshot/panlex-20191001-csv/2907#110847458>				<https://panlex.org/snapshot/panlex-20191001-csv/2907#110847491>		"Haumea"@oc	
"Эрида"@lez	<https://panlex.org/snapshot/panlex-20191001-csv/2907#110847839>				<https://panlex.org/snapshot/panlex-20191001-csv/2907#110847876>		"Èris"@oc	
"Плутон"@lez	<https://panlex.org/snapshot/panlex-20191001-csv/2907#110847367>				<https://panlex.org/snapshot/panlex-20191001-csv/2907#110847276>		"Pluton"@oc	
"Оортдин циф"@lez	<https://panlex.org/snapshot/panlex-20191001-csv/2907#110848642>				<https://panlex.org/snapshot/panlex-20191001-csv/2907#110848597>		"Nívol d’Oort"@oc	
"комета"@lez	<https://panlex.org/snapshot/panlex-20191001-csv/2907#110849151>				<https://panlex.org/snapshot/panlex-20191001-csv/2907#110849287>		"cometa"@oc	
"Кьиблепатан океан"@lez	<https://panlex.org/snapshot/panlex-20191001-csv/2901#110868207>				<https://panlex.org/snapshot/panlex-20191001-csv/2901#110868202>		"Ocean Glacial Antartic"@oc	
"Кьиблепатан океан"@lez	<https://panlex.org/snapshot/panlex-20191001-csv/2901#110868207>				<https://panlex.org/snapshot/panlex-20191001-csv/2901#110868442>		"Ocean Antartic"@oc	
"Атлантик океан"@lez	<https://panlex.org/snapshot/panlex-20191001-csv/2901#110867367>				<https://panlex.org/snapshot/panlex-20191001-csv/2901#110867435>		"Ocean Atlantic"@oc	
"Гьинди океан"@lez	<https://panlex.org/snapshot/panlex-20191001-csv/2901#110867704>				<https://panlex.org/snapshot/panlex-20191001-csv/2901#110867763>		"Ocean Indian"@oc	
"Лас океан"@lez	<https://panlex.org/snapshot/panlex-20191001-csv/2901#110868105>				<https://panlex.org/snapshot/panlex-20191001-csv/2901#110867903>		"Ocean Pacific"@oc	
"Муркӏарин океан"@lez	<https://panlex.org/snapshot/panlex-20191001-csv/2901#110867248>				<https://panlex.org/snapshot/panlex-20191001-csv/2901#110867284>		"Ocean Glacial Artic"@oc	
"Муркӏарин океан"@lez	<https://panlex.org/snapshot/panlex-20191001-csv/2901#110867248>				<https://panlex.org/snapshot/panlex-20191001-csv/2901#110867115>		"Ocean Artic"@oc	
"Александр Чӏехи"@lez	<https://panlex.org/snapshot/panlex-20191001-csv/2906#111019345>				<https://panlex.org/snapshot/panlex-20191001-csv/2906#111019333>		"Alexandre lo Grand"@oc	
"Карл Чӏехи"@lez	<https://panlex.org/snapshot/panlex-20191001-csv/2906#111019667>				<https://panlex.org/snapshot/panlex-20191001-csv/2906#111019569>		"Carlesmanhe"@oc	
"кац"@lez	<https://panlex.org/snapshot/panlex-20191001-csv/11#795636>				<https://panlex.org/snapshot/panlex-20191001-csv/11#795657>		"felin"@oc	
"йод"@lez	<https://panlex.org/snapshot/panlex-20191001-csv/2893#110994608>				<https://panlex.org/snapshot/panlex-20191001-csv/2893#110994646>		"iòde"@oc	
"кремний"@lez	<https://panlex.org/snapshot/panlex-20191001-csv/2893#110991485>				<https://panlex.org/snapshot/panlex-20191001-csv/2893#110991552>		"silici"@oc	
"мышьяк"@lez	<https://panlex.org/snapshot/panlex-20191001-csv/2893#110993775>				<https://panlex.org/snapshot/panlex-20191001-csv/2893#110993708>		"arsenic"@oc	
"ракь"@lez	<https://panlex.org/snapshot/panlex-20191001-csv/2893#110992678>				<https://panlex.org/snapshot/panlex-20191001-csv/2893#110992794>		"fèrre"@oc	
"водород"@lez	<https://panlex.org/snapshot/panlex-20191001-csv/2893#110989334>				<https://panlex.org/snapshot/panlex-20191001-csv/2893#110989354>		"idrogèn"@oc	
"кобальт"@lez	<https://panlex.org/snapshot/panlex-20191001-csv/2893#110992901>				<https://panlex.org/snapshot/panlex-20191001-csv/2893#110992931>		"cobalt"@oc	
"гелий"@lez	<https://panlex.org/snapshot/panlex-20191001-csv/2893#110989522>				<https://panlex.org/snapshot/panlex-20191001-csv/2893#110989581>		"eli"@oc	
"сурьма"@lez	<https://panlex.org/snapshot/panlex-20191001-csv/2893#110994422>				<https://panlex.org/snapshot/panlex-20191001-csv/2893#110994420>		"antimòni"@oc	
"къизил"@lez	<https://panlex.org/snapshot/panlex-20191001-csv/2893#110995285>				<https://panlex.org/snapshot/panlex-20191001-csv/2893#110995196>		"aur"@oc	
"хлор"@lez	<https://panlex.org/snapshot/panlex-20191001-csv/2893#110992117>				<https://panlex.org/snapshot/panlex-20191001-csv/2893#110992083>		"clòr"@oc	
"алюминий"@lez	<https://panlex.org/snapshot/panlex-20191001-csv/2893#110991276>				<https://panlex.org/snapshot/panlex-20191001-csv/2893#110991365>		"alumini"@oc	
"бром"@lez	<https://panlex.org/snapshot/panlex-20191001-csv/2893#110993947>				<https://panlex.org/snapshot/panlex-20191001-csv/2893#110993942>		"bròm"@oc	
"къеле"@lez	<https://panlex.org/snapshot/panlex-20191001-csv/2893#110994227>				<https://panlex.org/snapshot/panlex-20191001-csv/2893#110994298>		"estanh"@oc	
"калий"@lez	<https://panlex.org/snapshot/panlex-20191001-csv/2893#110992337>				<https://panlex.org/snapshot/panlex-20191001-csv/2893#110992327>		"potassi"@oc	
"бор"@lez	<https://panlex.org/snapshot/panlex-20191001-csv/2893#110989704>				<https://panlex.org/snapshot/panlex-20191001-csv/2893#110989674>		"bòr"@oc	
"неон"@lez	<https://panlex.org/snapshot/panlex-20191001-csv/2893#110990697>				<https://panlex.org/snapshot/panlex-20191001-csv/2893#110990684>		"neon"@oc	
"фтор"@lez	<https://panlex.org/snapshot/panlex-20191001-csv/2893#110990524>				<https://panlex.org/snapshot/panlex-20191001-csv/2893#110990644>		"fluòr"@oc	
"живе"@lez	<https://panlex.org/snapshot/panlex-20191001-csv/2893#110995430>				<https://panlex.org/snapshot/panlex-20191001-csv/2893#110995395>		"mercuri"@oc	
"углерод"@lez	<https://panlex.org/snapshot/panlex-20191001-csv/2893#110989905>				<https://panlex.org/snapshot/panlex-20191001-csv/2893#110989875>		"carbòni"@oc	
"магний"@lez	<https://panlex.org/snapshot/panlex-20191001-csv/2893#110991108>				<https://panlex.org/snapshot/panlex-20191001-csv/2893#110991196>		"magnèsi"@oc	
"кьуркьушум"@lez	<https://panlex.org/snapshot/panlex-20191001-csv/2893#110995629>				<https://panlex.org/snapshot/panlex-20191001-csv/2893#110995710>		"plomb"@oc	
"девирдин система"@lez	<https://panlex.org/snapshot/panlex-20191001-csv/2893#110989107>				<https://panlex.org/snapshot/panlex-20191001-csv/2893#110989253>		"taula periodica"@oc	
"уран"@lez	<https://panlex.org/snapshot/panlex-20191001-csv/2893#110995794>				<https://panlex.org/snapshot/panlex-20191001-csv/2893#110995870>		"urani"@oc	
"натрий"@lez	<https://panlex.org/snapshot/panlex-20191001-csv/2893#110990962>				<https://panlex.org/snapshot/panlex-20191001-csv/2893#110991026>		"sòdi"@oc	
"кальций"@lez	<https://panlex.org/snapshot/panlex-20191001-csv/2893#110992577>				<https://panlex.org/snapshot/panlex-20191001-csv/2893#110992573>		"calci"@oc	
"вольфрам"@lez	<https://panlex.org/snapshot/panlex-20191001-csv/2893#110994930>				<https://panlex.org/snapshot/panlex-20191001-csv/2893#110994914>		"tungstèn"@oc	
"цур"@lez	<https://panlex.org/snapshot/panlex-20191001-csv/2893#110993187>				<https://panlex.org/snapshot/panlex-20191001-csv/2893#110993192>		"coire"@oc	
"гугурт"@lez	<https://panlex.org/snapshot/panlex-20191001-csv/2893#110991887>				<https://panlex.org/snapshot/panlex-20191001-csv/2893#110991882>		"sofre"@oc	
"кислород"@lez	<https://panlex.org/snapshot/panlex-20191001-csv/2893#110990452>				<https://panlex.org/snapshot/panlex-20191001-csv/2893#110990283>		"oxigèn"@oc	
"сера"@lez	<https://panlex.org/snapshot/panlex-20191001-csv/2893#110991871>				<https://panlex.org/snapshot/panlex-20191001-csv/2893#110991882>		"sofre"@oc	
"ртуть"@lez	<https://panlex.org/snapshot/panlex-20191001-csv/2893#110995461>				<https://panlex.org/snapshot/panlex-20191001-csv/2893#110995395>		"mercuri"@oc	
"азот"@lez	<https://panlex.org/snapshot/panlex-20191001-csv/2893#110990157>				<https://panlex.org/snapshot/panlex-20191001-csv/2893#110990179>		"azòt"@oc	
"цинк"@lez	<https://panlex.org/snapshot/panlex-20191001-csv/2893#110993555>				<https://panlex.org/snapshot/panlex-20191001-csv/2893#110993499>		"zinc"@oc	
"алтун"@lez	<https://panlex.org/snapshot/panlex-20191001-csv/2893#110995214>				<https://panlex.org/snapshot/panlex-20191001-csv/2893#110995196>		"aur"@oc	
"наргимиш"@lez	<https://panlex.org/snapshot/panlex-20191001-csv/2893#110993742>				<https://panlex.org/snapshot/panlex-20191001-csv/2893#110993708>		"arsenic"@oc	
"платина"@lez	<https://panlex.org/snapshot/panlex-20191001-csv/2893#110994975>				<https://panlex.org/snapshot/panlex-20191001-csv/2893#110994952>		"platin"@oc	
"фосфор"@lez	<https://panlex.org/snapshot/panlex-20191001-csv/2893#110991682>				<https://panlex.org/snapshot/panlex-20191001-csv/2893#110991814>		"fosfòr"@oc	
"никель"@lez	<https://panlex.org/snapshot/panlex-20191001-csv/2893#110993024>				<https://panlex.org/snapshot/panlex-20191001-csv/2893#110993132>		"niquèl"@oc	
"гимиш"@lez	<https://panlex.org/snapshot/panlex-20191001-csv/2893#110993978>				<https://panlex.org/snapshot/panlex-20191001-csv/2893#110994068>		"argent"@oc	
"Африкадин Садвал"@lez	<https://panlex.org/snapshot/panlex-20191001-csv/2894#111099512>				<https://panlex.org/snapshot/panlex-20191001-csv/2894#111099563>		"UA"@oc	
"Африкадин Садвал"@lez	<https://panlex.org/snapshot/panlex-20191001-csv/2894#111099512>				<https://panlex.org/snapshot/panlex-20191001-csv/2894#111099478>		"Union Africana"@oc	
"Садхьанвай миллетрин тешкилат"@lez	<https://panlex.org/snapshot/panlex-20191001-csv/2894#111101945>				<https://panlex.org/snapshot/panlex-20191001-csv/2894#111101906>		"ONU"@oc	
"Садхьанвай миллетрин тешкилат"@lez	<https://panlex.org/snapshot/panlex-20191001-csv/2894#111101945>				<https://panlex.org/snapshot/panlex-20191001-csv/2894#111101996>		"Organizacion de las Nacions Unidas"@oc	
"Африкадин Галкӏ"@lez	<https://panlex.org/snapshot/panlex-20191001-csv/2894#111099643>				<https://panlex.org/snapshot/panlex-20191001-csv/2894#111099563>		"UA"@oc	
"Африкадин Галкӏ"@lez	<https://panlex.org/snapshot/panlex-20191001-csv/2894#111099643>				<https://panlex.org/snapshot/panlex-20191001-csv/2894#111099478>		"Union Africana"@oc	
"СМТ"@lez	<https://panlex.org/snapshot/panlex-20191001-csv/2894#111102027>				<https://panlex.org/snapshot/panlex-20191001-csv/2894#111101906>		"ONU"@oc	
"СМТ"@lez	<https://panlex.org/snapshot/panlex-20191001-csv/2894#111102027>				<https://panlex.org/snapshot/panlex-20191001-csv/2894#111101996>		"Organizacion de las Nacions Unidas"@oc	
"Европадин Садвал"@lez	<https://panlex.org/snapshot/panlex-20191001-csv/2894#111100301>				<https://panlex.org/snapshot/panlex-20191001-csv/2894#111100279>		"Union Europèa"@oc	
"Европадин Садвал"@lez	<https://panlex.org/snapshot/panlex-20191001-csv/2894#111100301>				<https://panlex.org/snapshot/panlex-20191001-csv/2894#111100356>		"EU"@oc	
"Европадин Галкӏ"@lez	<https://panlex.org/snapshot/panlex-20191001-csv/2894#111100229>				<https://panlex.org/snapshot/panlex-20191001-csv/2894#111100279>		"Union Europèa"@oc	
"Европадин Галкӏ"@lez	<https://panlex.org/snapshot/panlex-20191001-csv/2894#111100229>				<https://panlex.org/snapshot/panlex-20191001-csv/2894#111100356>		"EU"@oc	
"арбе"@lez	<https://panlex.org/snapshot/panlex-20191001-csv/2892#110824938>				<https://panlex.org/snapshot/panlex-20191001-csv/2892#110824847>		"dimècres"@oc	
"арбе"@lez	<https://panlex.org/snapshot/panlex-20191001-csv/2892#110824938>				<https://panlex.org/snapshot/panlex-20191001-csv/2892#110825112>		"dimèrcles"@oc	
"арбе"@lez	<https://panlex.org/snapshot/panlex-20191001-csv/2892#110824938>				<https://panlex.org/snapshot/panlex-20191001-csv/2892#110824962>		"dimecres"@oc	
"киш"@lez	<https://panlex.org/snapshot/panlex-20191001-csv/2892#110826265>				<https://panlex.org/snapshot/panlex-20191001-csv/2892#110826175>		"dissabte"@oc	
"киш"@lez	<https://panlex.org/snapshot/panlex-20191001-csv/2892#110826265>				<https://panlex.org/snapshot/panlex-20191001-csv/2892#110826253>		"dissabte"@oc	
"киш"@lez	<https://panlex.org/snapshot/panlex-20191001-csv/2892#110826265>				<https://panlex.org/snapshot/panlex-20191001-csv/2892#110826444>		"dissate"@oc	
"ислен"@lez	<https://panlex.org/snapshot/panlex-20191001-csv/2892#110824152>				<https://panlex.org/snapshot/panlex-20191001-csv/2892#110824269>		"diluns"@oc	
"ислен"@lez	<https://panlex.org/snapshot/panlex-20191001-csv/2892#110824152>				<https://panlex.org/snapshot/panlex-20191001-csv/2892#110824025>		"deluns"@oc	
"ислен"@lez	<https://panlex.org/snapshot/panlex-20191001-csv/2892#110824152>				<https://panlex.org/snapshot/panlex-20191001-csv/2892#110824307>		"dilun"@oc	
"гьяд"@lez	<https://panlex.org/snapshot/panlex-20191001-csv/2892#110826797>				<https://panlex.org/snapshot/panlex-20191001-csv/2892#110826629>		"dimenge"@oc	
"гьяд"@lez	<https://panlex.org/snapshot/panlex-20191001-csv/2892#110826797>				<https://panlex.org/snapshot/panlex-20191001-csv/2892#110826578>		"dimenche"@oc	
"гьяд"@lez	<https://panlex.org/snapshot/panlex-20191001-csv/2892#110826797>				<https://panlex.org/snapshot/panlex-20191001-csv/2892#110826879>		"dimenge"@oc	
"саласа"@lez	<https://panlex.org/snapshot/panlex-20191001-csv/2892#110824843>				<https://panlex.org/snapshot/panlex-20191001-csv/2892#110824626>		"dimars"@oc	
"саласа"@lez	<https://panlex.org/snapshot/panlex-20191001-csv/2892#110824843>				<https://panlex.org/snapshot/panlex-20191001-csv/2892#110824700>		"dimars"@oc	
"жумя"@lez	<https://panlex.org/snapshot/panlex-20191001-csv/2892#110825731>				<https://panlex.org/snapshot/panlex-20191001-csv/2892#110825856>		"diuendres"@oc	
"жумя"@lez	<https://panlex.org/snapshot/panlex-20191001-csv/2892#110825731>				<https://panlex.org/snapshot/panlex-20191001-csv/2892#110825700>		"divendres"@oc	
"жумя"@lez	<https://panlex.org/snapshot/panlex-20191001-csv/2892#110825731>				<https://panlex.org/snapshot/panlex-20191001-csv/2892#110825745>		"divendre"@oc	
"хемис"@lez	<https://panlex.org/snapshot/panlex-20191001-csv/2892#110825462>				<https://panlex.org/snapshot/panlex-20191001-csv/2892#110825581>		"dijòus"@oc	
"хемис"@lez	<https://panlex.org/snapshot/panlex-20191001-csv/2892#110825462>				<https://panlex.org/snapshot/panlex-20191001-csv/2892#110825647>		"dijaus"@oc	
"хемис"@lez	<https://panlex.org/snapshot/panlex-20191001-csv/2892#110825462>				<https://panlex.org/snapshot/panlex-20191001-csv/2892#110825590>		"dijou"@oc	
"сентябрь"@lez	<https://panlex.org/snapshot/panlex-20191001-csv/2897#110830519>				<https://panlex.org/snapshot/panlex-20191001-csv/2897#110830491>		"sètembre"@oc	
"сентябрь"@lez	<https://panlex.org/snapshot/panlex-20191001-csv/2897#110830519>				<https://panlex.org/snapshot/panlex-20191001-csv/2897#110830543>		"seteme"@oc	
"сентябрь"@lez	<https://panlex.org/snapshot/panlex-20191001-csv/2897#110830519>				<https://panlex.org/snapshot/panlex-20191001-csv/2897#110830370>		"setembre"@oc	
"нава"@lez	<https://panlex.org/snapshot/panlex-20191001-csv/2897#110828365>				<https://panlex.org/snapshot/panlex-20191001-csv/2897#110828512>		"abril"@oc	
"нава"@lez	<https://panlex.org/snapshot/panlex-20191001-csv/2897#110828365>				<https://panlex.org/snapshot/panlex-20191001-csv/2897#110828282>		"abriu"@oc	
"нава"@lez	<https://panlex.org/snapshot/panlex-20191001-csv/2897#110828365>				<https://panlex.org/snapshot/panlex-20191001-csv/2897#110828273>		"abriéu"@oc	
"февраль"@lez	<https://panlex.org/snapshot/panlex-20191001-csv/2897#110827499>				<https://panlex.org/snapshot/panlex-20191001-csv/2897#110827477>		"febrié"@oc	
"февраль"@lez	<https://panlex.org/snapshot/panlex-20191001-csv/2897#110827499>				<https://panlex.org/snapshot/panlex-20191001-csv/2897#110827806>		"hereuèr"@oc	
"февраль"@lez	<https://panlex.org/snapshot/panlex-20191001-csv/2897#110827499>				<https://panlex.org/snapshot/panlex-20191001-csv/2897#110827745>		"febrièr"@oc	
"мара"@lez	<https://panlex.org/snapshot/panlex-20191001-csv/2897#110830531>				<https://panlex.org/snapshot/panlex-20191001-csv/2897#110830491>		"sètembre"@oc	
"мара"@lez	<https://panlex.org/snapshot/panlex-20191001-csv/2897#110830531>				<https://panlex.org/snapshot/panlex-20191001-csv/2897#110830543>		"seteme"@oc	
"мара"@lez	<https://panlex.org/snapshot/panlex-20191001-csv/2897#110830531>				<https://panlex.org/snapshot/panlex-20191001-csv/2897#110830370>		"setembre"@oc	
"тӏул"@lez	<https://panlex.org/snapshot/panlex-20191001-csv/2897#110828685>				<https://panlex.org/snapshot/panlex-20191001-csv/2897#110828764>		"mai"@oc	
"тӏул"@lez	<https://panlex.org/snapshot/panlex-20191001-csv/2897#110828685>				<https://panlex.org/snapshot/panlex-20191001-csv/2897#110828989>		"mai"@oc	
"декабрь"@lez	<https://panlex.org/snapshot/panlex-20191001-csv/2897#110831958>				<https://panlex.org/snapshot/panlex-20191001-csv/2897#110831593>		"decembre"@oc	
"декабрь"@lez	<https://panlex.org/snapshot/panlex-20191001-csv/2897#110831958>				<https://panlex.org/snapshot/panlex-20191001-csv/2897#110831633>		"deseme"@oc	
"декабрь"@lez	<https://panlex.org/snapshot/panlex-20191001-csv/2897#110831958>				<https://panlex.org/snapshot/panlex-20191001-csv/2897#110831775>		"desèmbre"@oc	
"апрель"@lez	<https://panlex.org/snapshot/panlex-20191001-csv/2897#110828476>				<https://panlex.org/snapshot/panlex-20191001-csv/2897#110828512>		"abril"@oc	
"апрель"@lez	<https://panlex.org/snapshot/panlex-20191001-csv/2897#110828476>				<https://panlex.org/snapshot/panlex-20191001-csv/2897#110828282>		"abriu"@oc	
"апрель"@lez	<https://panlex.org/snapshot/panlex-20191001-csv/2897#110828476>				<https://panlex.org/snapshot/panlex-20191001-csv/2897#110828273>		"abriéu"@oc	
"июнь"@lez	<https://panlex.org/snapshot/panlex-20191001-csv/2897#110829161>				<https://panlex.org/snapshot/panlex-20191001-csv/2897#110829384>		"junh"@oc	
"июнь"@lez	<https://panlex.org/snapshot/panlex-20191001-csv/2897#110829161>				<https://panlex.org/snapshot/panlex-20191001-csv/2897#110829444>		"junh"@oc	
"июнь"@lez	<https://panlex.org/snapshot/panlex-20191001-csv/2897#110829161>				<https://panlex.org/snapshot/panlex-20191001-csv/2897#110829152>		"jun"@oc	
"октябрь"@lez	<https://panlex.org/snapshot/panlex-20191001-csv/2897#110830905>				<https://panlex.org/snapshot/panlex-20191001-csv/2897#110831130>		"octòbre"@oc	
"октябрь"@lez	<https://panlex.org/snapshot/panlex-20191001-csv/2897#110830905>				<https://panlex.org/snapshot/panlex-20191001-csv/2897#110830730>		"óutobre"@oc	
"октябрь"@lez	<https://panlex.org/snapshot/panlex-20191001-csv/2897#110830905>				<https://panlex.org/snapshot/panlex-20191001-csv/2897#110831136>		"octobre"@oc	
"январь"@lez	<https://panlex.org/snapshot/panlex-20191001-csv/2897#110827170>				<https://panlex.org/snapshot/panlex-20191001-csv/2897#110827071>		"genièr"@oc	
"январь"@lez	<https://panlex.org/snapshot/panlex-20191001-csv/2897#110827170>				<https://panlex.org/snapshot/panlex-20191001-csv/2897#110827262>		"janvié"@oc	
"январь"@lez	<https://panlex.org/snapshot/panlex-20191001-csv/2897#110827170>				<https://panlex.org/snapshot/panlex-20191001-csv/2897#110827038>		"gèr"@oc	
"фандукӏ"@lez	<https://panlex.org/snapshot/panlex-20191001-csv/2897#110831761>				<https://panlex.org/snapshot/panlex-20191001-csv/2897#110831593>		"decembre"@oc	
"фандукӏ"@lez	<https://panlex.org/snapshot/panlex-20191001-csv/2897#110831761>				<https://panlex.org/snapshot/panlex-20191001-csv/2897#110831633>		"deseme"@oc	
"фандукӏ"@lez	<https://panlex.org/snapshot/panlex-20191001-csv/2897#110831761>				<https://panlex.org/snapshot/panlex-20191001-csv/2897#110831775>		"desèmbre"@oc	
"баскӏум"@lez	<https://panlex.org/snapshot/panlex-20191001-csv/2897#110831076>				<https://panlex.org/snapshot/panlex-20191001-csv/2897#110831130>		"octòbre"@oc	
"баскӏум"@lez	<https://panlex.org/snapshot/panlex-20191001-csv/2897#110831076>				<https://panlex.org/snapshot/panlex-20191001-csv/2897#110830730>		"óutobre"@oc	
"баскӏум"@lez	<https://panlex.org/snapshot/panlex-20191001-csv/2897#110831076>				<https://panlex.org/snapshot/panlex-20191001-csv/2897#110831136>		"octobre"@oc	
"эхем"@lez	<https://panlex.org/snapshot/panlex-20191001-csv/2897#110827801>				<https://panlex.org/snapshot/panlex-20191001-csv/2897#110827477>		"febrié"@oc	
"эхем"@lez	<https://panlex.org/snapshot/panlex-20191001-csv/2897#110827801>				<https://panlex.org/snapshot/panlex-20191001-csv/2897#110827806>		"hereuèr"@oc	
"эхем"@lez	<https://panlex.org/snapshot/panlex-20191001-csv/2897#110827801>				<https://panlex.org/snapshot/panlex-20191001-csv/2897#110827745>		"febrièr"@oc	
"март"@lez	<https://panlex.org/snapshot/panlex-20191001-csv/2897#110828039>				<https://panlex.org/snapshot/panlex-20191001-csv/2897#110827909>		"març"@oc	
"март"@lez	<https://panlex.org/snapshot/panlex-20191001-csv/2897#110828039>				<https://panlex.org/snapshot/panlex-20191001-csv/2897#110828238>		"març"@oc	
"март"@lez	<https://panlex.org/snapshot/panlex-20191001-csv/2897#110828039>				<https://panlex.org/snapshot/panlex-20191001-csv/2897#110828028>		"mars"@oc	
"чиле"@lez	<https://panlex.org/snapshot/panlex-20191001-csv/2897#110829762>				<https://panlex.org/snapshot/panlex-20191001-csv/2897#110829813>		"juliet"@oc	
"чиле"@lez	<https://panlex.org/snapshot/panlex-20191001-csv/2897#110829762>				<https://panlex.org/snapshot/panlex-20191001-csv/2897#110829579>		"julhet"@oc	
"чиле"@lez	<https://panlex.org/snapshot/panlex-20191001-csv/2897#110829762>				<https://panlex.org/snapshot/panlex-20191001-csv/2897#110829739>		"junhsèga"@oc	
"пахун"@lez	<https://panlex.org/snapshot/panlex-20191001-csv/2897#110830173>				<https://panlex.org/snapshot/panlex-20191001-csv/2897#110830259>		"agóst"@oc	
"пахун"@lez	<https://panlex.org/snapshot/panlex-20191001-csv/2897#110830173>				<https://panlex.org/snapshot/panlex-20191001-csv/2897#110829888>		"agost"@oc	
"пахун"@lez	<https://panlex.org/snapshot/panlex-20191001-csv/2897#110830173>				<https://panlex.org/snapshot/panlex-20191001-csv/2897#110830187>		"avoust"@oc	
"ибне"@lez	<https://panlex.org/snapshot/panlex-20191001-csv/2897#110828202>				<https://panlex.org/snapshot/panlex-20191001-csv/2897#110827909>		"març"@oc	
"ибне"@lez	<https://panlex.org/snapshot/panlex-20191001-csv/2897#110828202>				<https://panlex.org/snapshot/panlex-20191001-csv/2897#110828238>		"març"@oc	
"ибне"@lez	<https://panlex.org/snapshot/panlex-20191001-csv/2897#110828202>				<https://panlex.org/snapshot/panlex-20191001-csv/2897#110828028>		"mars"@oc	
"гьер"@lez	<https://panlex.org/snapshot/panlex-20191001-csv/2897#110827226>				<https://panlex.org/snapshot/panlex-20191001-csv/2897#110827071>		"genièr"@oc	
"гьер"@lez	<https://panlex.org/snapshot/panlex-20191001-csv/2897#110827226>				<https://panlex.org/snapshot/panlex-20191001-csv/2897#110827262>		"janvié"@oc	
"гьер"@lez	<https://panlex.org/snapshot/panlex-20191001-csv/2897#110827226>				<https://panlex.org/snapshot/panlex-20191001-csv/2897#110827038>		"gèr"@oc	
"цӏехуьл"@lez	<https://panlex.org/snapshot/panlex-20191001-csv/2897#110831296>				<https://panlex.org/snapshot/panlex-20191001-csv/2897#110831211>		"nouvèmbre"@oc	
"цӏехуьл"@lez	<https://panlex.org/snapshot/panlex-20191001-csv/2897#110831296>				<https://panlex.org/snapshot/panlex-20191001-csv/2897#110831298>		"novembre"@oc	
"цӏехуьл"@lez	<https://panlex.org/snapshot/panlex-20191001-csv/2897#110831296>				<https://panlex.org/snapshot/panlex-20191001-csv/2897#110831522>		"noveme"@oc	
"август"@lez	<https://panlex.org/snapshot/panlex-20191001-csv/2897#110830154>				<https://panlex.org/snapshot/panlex-20191001-csv/2897#110830259>		"agóst"@oc	
"август"@lez	<https://panlex.org/snapshot/panlex-20191001-csv/2897#110830154>				<https://panlex.org/snapshot/panlex-20191001-csv/2897#110829888>		"agost"@oc	
"август"@lez	<https://panlex.org/snapshot/panlex-20191001-csv/2897#110830154>				<https://panlex.org/snapshot/panlex-20191001-csv/2897#110830187>		"avoust"@oc	
"июль"@lez	<https://panlex.org/snapshot/panlex-20191001-csv/2897#110829616>				<https://panlex.org/snapshot/panlex-20191001-csv/2897#110829813>		"juliet"@oc	
"июль"@lez	<https://panlex.org/snapshot/panlex-20191001-csv/2897#110829616>				<https://panlex.org/snapshot/panlex-20191001-csv/2897#110829579>		"julhet"@oc	
"июль"@lez	<https://panlex.org/snapshot/panlex-20191001-csv/2897#110829616>				<https://panlex.org/snapshot/panlex-20191001-csv/2897#110829739>		"junhsèga"@oc	
"къамуг"@lez	<https://panlex.org/snapshot/panlex-20191001-csv/2897#110829441>				<https://panlex.org/snapshot/panlex-20191001-csv/2897#110829384>		"junh"@oc	
"къамуг"@lez	<https://panlex.org/snapshot/panlex-20191001-csv/2897#110829441>				<https://panlex.org/snapshot/panlex-20191001-csv/2897#110829444>		"junh"@oc	
"къамуг"@lez	<https://panlex.org/snapshot/panlex-20191001-csv/2897#110829441>				<https://panlex.org/snapshot/panlex-20191001-csv/2897#110829152>		"jun"@oc	
"май"@lez	<https://panlex.org/snapshot/panlex-20191001-csv/2897#110828995>				<https://panlex.org/snapshot/panlex-20191001-csv/2897#110828764>		"mai"@oc	
"май"@lez	<https://panlex.org/snapshot/panlex-20191001-csv/2897#110828995>				<https://panlex.org/snapshot/panlex-20191001-csv/2897#110828989>		"mai"@oc	
"ноябрь"@lez	<https://panlex.org/snapshot/panlex-20191001-csv/2897#110831150>				<https://panlex.org/snapshot/panlex-20191001-csv/2897#110831211>		"nouvèmbre"@oc	
"ноябрь"@lez	<https://panlex.org/snapshot/panlex-20191001-csv/2897#110831150>				<https://panlex.org/snapshot/panlex-20191001-csv/2897#110831298>		"novembre"@oc	
"ноябрь"@lez	<https://panlex.org/snapshot/panlex-20191001-csv/2897#110831150>				<https://panlex.org/snapshot/panlex-20191001-csv/2897#110831522>		"noveme"@oc	
"Азия"@lez	<https://panlex.org/snapshot/panlex-20191001-csv/2891#110854023>				<https://panlex.org/snapshot/panlex-20191001-csv/2891#110853819>		"Asia"@oc	
"Океания"@lez	<https://panlex.org/snapshot/panlex-20191001-csv/2891#110854451>				<https://panlex.org/snapshot/panlex-20191001-csv/2891#110854378>		"Oceania"@oc	
"Америка"@lez	<https://panlex.org/snapshot/panlex-20191001-csv/2891#110853416>				<https://panlex.org/snapshot/panlex-20191001-csv/2891#110853371>		"America"@oc	
"Антарктида"@lez	<https://panlex.org/snapshot/panlex-20191001-csv/2891#110853757>				<https://panlex.org/snapshot/panlex-20191001-csv/2891#110853677>		"Antartida"@oc	
"Европа"@lez	<https://panlex.org/snapshot/panlex-20191001-csv/2891#110854139>				<https://panlex.org/snapshot/panlex-20191001-csv/2891#110854180>		"Euròpa"@oc	
"Африка"@lez	<https://panlex.org/snapshot/panlex-20191001-csv/2891#110853252>				<https://panlex.org/snapshot/panlex-20191001-csv/2891#110853134>		"Africa"@oc	
"Рагар авай сувар"@lez	<https://panlex.org/snapshot/panlex-20191001-csv/2896#110866768>				<https://panlex.org/snapshot/panlex-20191001-csv/2896#110866809>		"Montanhas Rocosas"@oc	
"Къавкъаз"@lez	<https://panlex.org/snapshot/panlex-20191001-csv/2896#110866306>				<https://panlex.org/snapshot/panlex-20191001-csv/2896#110866308>		"Caucàs"@oc	
