"рух"@lez	<https://panlex.org/snapshot/panlex-20191001-csv/6712#111098717>				<https://panlex.org/snapshot/panlex-20191001-csv/6712#111098700>		"توپ"@ug	
"рух"@lez	<https://panlex.org/snapshot/panlex-20191001-csv/6712#111098717>				<https://panlex.org/snapshot/panlex-20191001-csv/6712#111098776>		"топ"@ug	
"рух"@lez	<https://panlex.org/snapshot/panlex-20191001-csv/6712#111098717>				<https://panlex.org/snapshot/panlex-20191001-csv/6712#111098808>		"top"@ug	
"ферзь"@lez	<https://panlex.org/snapshot/panlex-20191001-csv/6712#111098575>				<https://panlex.org/snapshot/panlex-20191001-csv/6712#111098676>		"پەرزىن"@ug	
"ферзь"@lez	<https://panlex.org/snapshot/panlex-20191001-csv/6712#111098575>				<https://panlex.org/snapshot/panlex-20191001-csv/6712#111098528>		"пәрзин"@ug	
"ферзь"@lez	<https://panlex.org/snapshot/panlex-20191001-csv/6712#111098575>				<https://panlex.org/snapshot/panlex-20191001-csv/6712#111098611>		"perzin"@ug	
"пачагь"@lez	<https://panlex.org/snapshot/panlex-20191001-csv/6712#111098455>				<https://panlex.org/snapshot/panlex-20191001-csv/6712#111098433>		"падишаһ"@ug	
"пачагь"@lez	<https://panlex.org/snapshot/panlex-20191001-csv/6712#111098455>				<https://panlex.org/snapshot/panlex-20191001-csv/6712#111098509>		"پادىشاھ"@ug	
"пачагь"@lez	<https://panlex.org/snapshot/panlex-20191001-csv/6712#111098455>				<https://panlex.org/snapshot/panlex-20191001-csv/6712#111098374>		"padishah"@ug	
"шахматар"@lez	<https://panlex.org/snapshot/panlex-20191001-csv/6712#111099423>				<https://panlex.org/snapshot/panlex-20191001-csv/6712#111099320>		"شاھمات"@ug	
"шахматар"@lez	<https://panlex.org/snapshot/panlex-20191001-csv/6712#111099423>				<https://panlex.org/snapshot/panlex-20191001-csv/6712#111099354>		"shahmat"@ug	
"шахматар"@lez	<https://panlex.org/snapshot/panlex-20191001-csv/6712#111099423>				<https://panlex.org/snapshot/panlex-20191001-csv/6712#111099357>		"шаһмат"@ug	
"палкан"@lez	<https://panlex.org/snapshot/panlex-20191001-csv/6712#111099096>				<https://panlex.org/snapshot/panlex-20191001-csv/6712#111099044>		"ат"@ug	
"палкан"@lez	<https://panlex.org/snapshot/panlex-20191001-csv/6712#111099096>				<https://panlex.org/snapshot/panlex-20191001-csv/6712#111099035>		"at"@ug	
"палкан"@lez	<https://panlex.org/snapshot/panlex-20191001-csv/6712#111099096>				<https://panlex.org/snapshot/panlex-20191001-csv/6712#111098993>		"ئات"@ug	
"лиф"@lez	<https://panlex.org/snapshot/panlex-20191001-csv/6712#111098945>				<https://panlex.org/snapshot/panlex-20191001-csv/6712#111098888>		"pil"@ug	
"лиф"@lez	<https://panlex.org/snapshot/panlex-20191001-csv/6712#111098945>				<https://panlex.org/snapshot/panlex-20191001-csv/6712#111098856>		"پىل"@ug	
"лиф"@lez	<https://panlex.org/snapshot/panlex-20191001-csv/6712#111098945>				<https://panlex.org/snapshot/panlex-20191001-csv/6712#111098938>		"пил"@ug	
"пешка"@lez	<https://panlex.org/snapshot/panlex-20191001-csv/6712#111099257>				<https://panlex.org/snapshot/panlex-20191001-csv/6712#111099209>		"пешка"@ug	
"пешка"@lez	<https://panlex.org/snapshot/panlex-20191001-csv/6712#111099257>				<https://panlex.org/snapshot/panlex-20191001-csv/6712#111099193>		"پېشكا"@ug	
"пешка"@lez	<https://panlex.org/snapshot/panlex-20191001-csv/6712#111099257>				<https://panlex.org/snapshot/panlex-20191001-csv/6712#111099250>		"péshka"@ug	
"Къвандзин асир"@lez	<https://panlex.org/snapshot/panlex-20191001-csv/6709#111075781>				<https://panlex.org/snapshot/panlex-20191001-csv/6709#111075788>		"Tash qoral dewri"@ug	
"Къвандзин асир"@lez	<https://panlex.org/snapshot/panlex-20191001-csv/6709#111075781>				<https://panlex.org/snapshot/panlex-20191001-csv/6709#111075864>		"Таш қорал дәври"@ug	
"Къвандзин асир"@lez	<https://panlex.org/snapshot/panlex-20191001-csv/6709#111075781>				<https://panlex.org/snapshot/panlex-20191001-csv/6709#111075881>		"تاش قورال دەۋرى"@ug	
"Хашпарар дявеяр"@lez	<https://panlex.org/snapshot/panlex-20191001-csv/6709#111076749>				<https://panlex.org/snapshot/panlex-20191001-csv/6709#111076669>		"Krést ürüshliri"@ug	
"Хашпарар дявеяр"@lez	<https://panlex.org/snapshot/panlex-20191001-csv/6709#111076749>				<https://panlex.org/snapshot/panlex-20191001-csv/6709#111076594>		"كرېست ئۇرۇشلىرى"@ug	
"Хашпарар дявеяр"@lez	<https://panlex.org/snapshot/panlex-20191001-csv/6709#111076749>				<https://panlex.org/snapshot/panlex-20191001-csv/6709#111076752>		"Крест үрүшлири"@ug	
"Дуьньядин садлагьай дяве"@lez	<https://panlex.org/snapshot/panlex-20191001-csv/6709#111077318>				<https://panlex.org/snapshot/panlex-20191001-csv/6709#111077304>		"Birinchi dunya urushi"@ug	
"Дуьньядин садлагьай дяве"@lez	<https://panlex.org/snapshot/panlex-20191001-csv/6709#111077318>				<https://panlex.org/snapshot/panlex-20191001-csv/6709#111077380>		"بىرىنچى دۇنيا ئۇرۇشى"@ug	
"Дуьньядин садлагьай дяве"@lez	<https://panlex.org/snapshot/panlex-20191001-csv/6709#111077318>				<https://panlex.org/snapshot/panlex-20191001-csv/6709#111077374>		"Биринчи дуня уруши"@ug	
"Чирвилерин девир"@lez	<https://panlex.org/snapshot/panlex-20191001-csv/6709#111077035>				<https://panlex.org/snapshot/panlex-20191001-csv/6709#111076965>		"مەرىپەت ھەرىكىتى"@ug	
"Чирвилерин девир"@lez	<https://panlex.org/snapshot/panlex-20191001-csv/6709#111077035>				<https://panlex.org/snapshot/panlex-20191001-csv/6709#111077095>		"Мәрипәт һәрикити"@ug	
"Чирвилерин девир"@lez	<https://panlex.org/snapshot/panlex-20191001-csv/6709#111077035>				<https://panlex.org/snapshot/panlex-20191001-csv/6709#111077111>		"Meripet herikiti"@ug	
"Викингар"@lez	<https://panlex.org/snapshot/panlex-20191001-csv/6709#111076560>				<https://panlex.org/snapshot/panlex-20191001-csv/6709#111076502>		"ۋىكىڭلەر"@ug	
"Викингар"@lez	<https://panlex.org/snapshot/panlex-20191001-csv/6709#111076560>				<https://panlex.org/snapshot/panlex-20191001-csv/6709#111076510>		"Викингләр"@ug	
"Викингар"@lez	<https://panlex.org/snapshot/panlex-20191001-csv/6709#111076560>				<https://panlex.org/snapshot/panlex-20191001-csv/6709#111076536>		"Wikingler"@ug	
"Юкьван асир"@lez	<https://panlex.org/snapshot/panlex-20191001-csv/6709#111076284>				<https://panlex.org/snapshot/panlex-20191001-csv/6709#111076278>		"Ottura esir"@ug	
"Юкьван асир"@lez	<https://panlex.org/snapshot/panlex-20191001-csv/6709#111076284>				<https://panlex.org/snapshot/panlex-20191001-csv/6709#111076443>		"Оттура есир"@ug	
"Юкьван асир"@lez	<https://panlex.org/snapshot/panlex-20191001-csv/6709#111076284>				<https://panlex.org/snapshot/panlex-20191001-csv/6709#111076329>		"ئوتتۇرا ئەسىر"@ug	
"Ракьун асир"@lez	<https://panlex.org/snapshot/panlex-20191001-csv/6709#111076128>				<https://panlex.org/snapshot/panlex-20191001-csv/6709#111076144>		"تۆمۈر قورال دەۋرى"@ug	
"Ракьун асир"@lez	<https://panlex.org/snapshot/panlex-20191001-csv/6709#111076128>				<https://panlex.org/snapshot/panlex-20191001-csv/6709#111076177>		"Төмүр қорал дәври"@ug	
"Ракьун асир"@lez	<https://panlex.org/snapshot/panlex-20191001-csv/6709#111076128>				<https://panlex.org/snapshot/panlex-20191001-csv/6709#111076106>		"Tömür qoral dewri"@ug	
"Дуьньядин кьведлагьай дяве"@lez	<https://panlex.org/snapshot/panlex-20191001-csv/6709#111077505>				<https://panlex.org/snapshot/panlex-20191001-csv/6709#111077554>		"ئىككىنچى دۇنيا ئۇرۇشى"@ug	
"Дуьньядин кьведлагьай дяве"@lez	<https://panlex.org/snapshot/panlex-20191001-csv/6709#111077505>				<https://panlex.org/snapshot/panlex-20191001-csv/6709#111077496>		"Иккинчи дуня уруши"@ug	
"Дуьньядин кьведлагьай дяве"@lez	<https://panlex.org/snapshot/panlex-20191001-csv/6709#111077505>				<https://panlex.org/snapshot/panlex-20191001-csv/6709#111077664>		"Ikkinchi dunya urushi"@ug	
"Кишпирдин асир"@lez	<https://panlex.org/snapshot/panlex-20191001-csv/6709#111075952>				<https://panlex.org/snapshot/panlex-20191001-csv/6709#111076053>		"Mis qoral dewri"@ug	
"Кишпирдин асир"@lez	<https://panlex.org/snapshot/panlex-20191001-csv/6709#111075952>				<https://panlex.org/snapshot/panlex-20191001-csv/6709#111076043>		"Мис қорал дәври"@ug	
"Кишпирдин асир"@lez	<https://panlex.org/snapshot/panlex-20191001-csv/6709#111075952>				<https://panlex.org/snapshot/panlex-20191001-csv/6709#111075949>		"مىس قورال دەۋرى"@ug	
"Къайи дяве"@lez	<https://panlex.org/snapshot/panlex-20191001-csv/6709#111077817>				<https://panlex.org/snapshot/panlex-20191001-csv/6709#111077785>		"Соғуқ уруш"@ug	
"Къайи дяве"@lez	<https://panlex.org/snapshot/panlex-20191001-csv/6709#111077817>				<https://panlex.org/snapshot/panlex-20191001-csv/6709#111077802>		"Soghuq urush"@ug	
"Къайи дяве"@lez	<https://panlex.org/snapshot/panlex-20191001-csv/6709#111077817>				<https://panlex.org/snapshot/panlex-20191001-csv/6709#111077823>		"سوغۇق ئۇرۇش"@ug	
"Агъзур ни сад йиф"@lez	<https://panlex.org/snapshot/panlex-20191001-csv/6710#111082762>				<https://panlex.org/snapshot/panlex-20191001-csv/6710#111082865>		"Ming bir kéche"@ug	
"Агъзур ни сад йиф"@lez	<https://panlex.org/snapshot/panlex-20191001-csv/6710#111082762>				<https://panlex.org/snapshot/panlex-20191001-csv/6710#111082851>		"مىڭ بىر كېچە"@ug	
"Агъзур ни сад йиф"@lez	<https://panlex.org/snapshot/panlex-20191001-csv/6710#111082762>				<https://panlex.org/snapshot/panlex-20191001-csv/6710#111082835>		"Миң бир кечә"@ug	
"ислен"@lez	<https://panlex.org/snapshot/panlex-20191001-csv/5947#84803487>				<https://panlex.org/snapshot/panlex-20191001-csv/5947#84803610>		"دۈشەنبە düshenbe дүшәнбә"@ug	
"гуьзгуь"@lez	<https://panlex.org/snapshot/panlex-20191001-csv/5946#84446241>				<https://panlex.org/snapshot/panlex-20191001-csv/5946#84446338>		"eynek"@ug	
"гуьзгуь"@lez	<https://panlex.org/snapshot/panlex-20191001-csv/5946#84446241>				<https://panlex.org/snapshot/panlex-20191001-csv/5946#84446337>		"közgü"@ug	
"Берлин"@lez	<https://panlex.org/snapshot/panlex-20191001-csv/5949#85302472>				<https://panlex.org/snapshot/panlex-20191001-csv/5949#85302552>		"Bérlin"@ug	
"Азербайжан"@lez	<https://panlex.org/snapshot/panlex-20191001-csv/5949#85298488>				<https://panlex.org/snapshot/panlex-20191001-csv/5949#85298544>		"ئازەربەيجان"@ug	
"Иерусалим"@lez	<https://panlex.org/snapshot/panlex-20191001-csv/5949#85309971>				<https://panlex.org/snapshot/panlex-20191001-csv/5949#85310042>		"قۇددۇس"@ug	
"Иерусалим"@lez	<https://panlex.org/snapshot/panlex-20191001-csv/5949#85309971>				<https://panlex.org/snapshot/panlex-20191001-csv/5949#85310041>		"يېرۇسالېم"@ug	
"Урусат"@lez	<https://panlex.org/snapshot/panlex-20191001-csv/5949#85319524>				<https://panlex.org/snapshot/panlex-20191001-csv/5949#85319622>		"روسىيە"@ug	
"Баку"@lez	<https://panlex.org/snapshot/panlex-20191001-csv/5949#85301493>				<https://panlex.org/snapshot/panlex-20191001-csv/5949#85301539>		"Baku"@ug	
"Къазахсттан"@lez	<https://panlex.org/snapshot/panlex-20191001-csv/5949#85312119>				<https://panlex.org/snapshot/panlex-20191001-csv/5949#85312162>		"ﻗﺎﺯﺍﻏﯩﺴﺘﺎﻥ"@ug	
"адмирал"@lez	<https://panlex.org/snapshot/panlex-20191001-csv/5949#85333703>				<https://panlex.org/snapshot/panlex-20191001-csv/5949#85333732>		"ئادمىرال"@ug	
"Рагъ"@lez	<https://panlex.org/snapshot/panlex-20191001-csv/5949#85320943>				<https://panlex.org/snapshot/panlex-20191001-csv/5949#85321007>		"Quyash"@ug	
"Европа"@lez	<https://panlex.org/snapshot/panlex-20191001-csv/5949#85308581>				<https://panlex.org/snapshot/panlex-20191001-csv/5949#85308654>		"ياۋروپا"@ug	
"химия"@lez	<https://panlex.org/snapshot/panlex-20191001-csv/2904#111022474>				<https://panlex.org/snapshot/panlex-20191001-csv/2904#111022409>		"ximiye"@ug	
"химия"@lez	<https://panlex.org/snapshot/panlex-20191001-csv/2904#111022474>				<https://panlex.org/snapshot/panlex-20191001-csv/2904#111022405>		"خىمىيە"@ug	
"химия"@lez	<https://panlex.org/snapshot/panlex-20191001-csv/2904#111022474>				<https://panlex.org/snapshot/panlex-20191001-csv/2904#111022445>		"химия"@ug	
"лингвистика"@lez	<https://panlex.org/snapshot/panlex-20191001-csv/2904#111023144>				<https://panlex.org/snapshot/panlex-20191001-csv/2904#111023288>		"тилшунаслиқ"@ug	
"лингвистика"@lez	<https://panlex.org/snapshot/panlex-20191001-csv/2904#111023144>				<https://panlex.org/snapshot/panlex-20191001-csv/2904#111023047>		"تىلشۇناسلىق"@ug	
"лингвистика"@lez	<https://panlex.org/snapshot/panlex-20191001-csv/2904#111023144>				<https://panlex.org/snapshot/panlex-20191001-csv/2904#111023260>		"tilshunasliq"@ug	
"илим"@lez	<https://panlex.org/snapshot/panlex-20191001-csv/2904#111024388>				<https://panlex.org/snapshot/panlex-20191001-csv/2904#111024213>		"pen"@ug	
"илим"@lez	<https://panlex.org/snapshot/panlex-20191001-csv/2904#111024388>				<https://panlex.org/snapshot/panlex-20191001-csv/2904#111024280>		"پەن"@ug	
"илим"@lez	<https://panlex.org/snapshot/panlex-20191001-csv/2904#111024388>				<https://panlex.org/snapshot/panlex-20191001-csv/2904#111024222>		"пән"@ug	
"илим"@lez	<https://panlex.org/snapshot/panlex-20191001-csv/2904#111024388>				<https://panlex.org/snapshot/panlex-20191001-csv/2904#111024231>		"илим"@ug	
"илим"@lez	<https://panlex.org/snapshot/panlex-20191001-csv/2904#111024388>				<https://panlex.org/snapshot/panlex-20191001-csv/2904#111024242>		"ئىلىم"@ug	
"илим"@lez	<https://panlex.org/snapshot/panlex-20191001-csv/2904#111024388>				<https://panlex.org/snapshot/panlex-20191001-csv/2904#111024321>		"ilim"@ug	
"математика"@lez	<https://panlex.org/snapshot/panlex-20191001-csv/2904#111023432>				<https://panlex.org/snapshot/panlex-20191001-csv/2904#111023474>		"matématika"@ug	
"математика"@lez	<https://panlex.org/snapshot/panlex-20191001-csv/2904#111023432>				<https://panlex.org/snapshot/panlex-20191001-csv/2904#111023382>		"riyaziyat"@ug	
"математика"@lez	<https://panlex.org/snapshot/panlex-20191001-csv/2904#111023432>				<https://panlex.org/snapshot/panlex-20191001-csv/2904#111023355>		"риязият"@ug	
"математика"@lez	<https://panlex.org/snapshot/panlex-20191001-csv/2904#111023432>				<https://panlex.org/snapshot/panlex-20191001-csv/2904#111023336>		"رىيازىيات"@ug	
"математика"@lez	<https://panlex.org/snapshot/panlex-20191001-csv/2904#111023432>				<https://panlex.org/snapshot/panlex-20191001-csv/2904#111023530>		"математика"@ug	
"математика"@lez	<https://panlex.org/snapshot/panlex-20191001-csv/2904#111023432>				<https://panlex.org/snapshot/panlex-20191001-csv/2904#111023399>		"ماتېماتىكا"@ug	
"биология"@lez	<https://panlex.org/snapshot/panlex-20191001-csv/2904#111022344>				<https://panlex.org/snapshot/panlex-20191001-csv/2904#111022184>		"биология"@ug	
"биология"@lez	<https://panlex.org/snapshot/panlex-20191001-csv/2904#111022344>				<https://panlex.org/snapshot/panlex-20191001-csv/2904#111022292>		"بىئولوگىيە"@ug	
"биология"@lez	<https://panlex.org/snapshot/panlex-20191001-csv/2904#111022344>				<https://panlex.org/snapshot/panlex-20191001-csv/2904#111022248>		"biologiye"@ug	
"университет"@lez	<https://panlex.org/snapshot/panlex-20191001-csv/2904#111024509>				<https://panlex.org/snapshot/panlex-20191001-csv/2904#111024546>		"ئۇنىۋېرسىتېت"@ug	
"университет"@lez	<https://panlex.org/snapshot/panlex-20191001-csv/2904#111024509>				<https://panlex.org/snapshot/panlex-20191001-csv/2904#111024532>		"uniwérsitét"@ug	
"университет"@lez	<https://panlex.org/snapshot/panlex-20191001-csv/2904#111024509>				<https://panlex.org/snapshot/panlex-20191001-csv/2904#111024563>		"университет"@ug	
"физика"@lez	<https://panlex.org/snapshot/panlex-20191001-csv/2904#111024002>				<https://panlex.org/snapshot/panlex-20191001-csv/2904#111024088>		"fizika"@ug	
"физика"@lez	<https://panlex.org/snapshot/panlex-20191001-csv/2904#111024002>				<https://panlex.org/snapshot/panlex-20191001-csv/2904#111024131>		"физика"@ug	
"физика"@lez	<https://panlex.org/snapshot/panlex-20191001-csv/2904#111024002>				<https://panlex.org/snapshot/panlex-20191001-csv/2904#111024024>		"فىزىكا"@ug	
"медицина"@lez	<https://panlex.org/snapshot/panlex-20191001-csv/2904#111023552>				<https://panlex.org/snapshot/panlex-20191001-csv/2904#111023577>		"تىبابەت"@ug	
"медицина"@lez	<https://panlex.org/snapshot/panlex-20191001-csv/2904#111023552>				<https://panlex.org/snapshot/panlex-20191001-csv/2904#111023602>		"méditsina"@ug	
"медицина"@lez	<https://panlex.org/snapshot/panlex-20191001-csv/2904#111023552>				<https://panlex.org/snapshot/panlex-20191001-csv/2904#111023582>		"tibabet"@ug	
"медицина"@lez	<https://panlex.org/snapshot/panlex-20191001-csv/2904#111023552>				<https://panlex.org/snapshot/panlex-20191001-csv/2904#111023679>		"медицина"@ug	
"медицина"@lez	<https://panlex.org/snapshot/panlex-20191001-csv/2904#111023552>				<https://panlex.org/snapshot/panlex-20191001-csv/2904#111023567>		"مېدىتسىنا"@ug	
"медицина"@lez	<https://panlex.org/snapshot/panlex-20191001-csv/2904#111023552>				<https://panlex.org/snapshot/panlex-20191001-csv/2904#111023544>		"тибабәт"@ug	
"чилинмикит"@lez	<https://panlex.org/snapshot/panlex-20191001-csv/2904#111022647>				<https://panlex.org/snapshot/panlex-20191001-csv/2904#111022714>		"җуғрапийә"@ug	
"чилинмикит"@lez	<https://panlex.org/snapshot/panlex-20191001-csv/2904#111022647>				<https://panlex.org/snapshot/panlex-20191001-csv/2904#111022692>		"jughrapiye"@ug	
"чилинмикит"@lez	<https://panlex.org/snapshot/panlex-20191001-csv/2904#111022647>				<https://panlex.org/snapshot/panlex-20191001-csv/2904#111022721>		"جۇغراپىيە"@ug	
"география"@lez	<https://panlex.org/snapshot/panlex-20191001-csv/2904#111022684>				<https://panlex.org/snapshot/panlex-20191001-csv/2904#111022714>		"җуғрапийә"@ug	
"география"@lez	<https://panlex.org/snapshot/panlex-20191001-csv/2904#111022684>				<https://panlex.org/snapshot/panlex-20191001-csv/2904#111022692>		"jughrapiye"@ug	
"география"@lez	<https://panlex.org/snapshot/panlex-20191001-csv/2904#111022684>				<https://panlex.org/snapshot/panlex-20191001-csv/2904#111022721>		"جۇغراپىيە"@ug	
"философия"@lez	<https://panlex.org/snapshot/panlex-20191001-csv/2904#111023916>				<https://panlex.org/snapshot/panlex-20191001-csv/2904#111023949>		"پەلسەپە"@ug	
"философия"@lez	<https://panlex.org/snapshot/panlex-20191001-csv/2904#111023916>				<https://panlex.org/snapshot/panlex-20191001-csv/2904#111023965>		"пәлсәпә"@ug	
"философия"@lez	<https://panlex.org/snapshot/panlex-20191001-csv/2904#111023916>				<https://panlex.org/snapshot/panlex-20191001-csv/2904#111023834>		"pelsepe"@ug	
"архитектура"@lez	<https://panlex.org/snapshot/panlex-20191001-csv/2904#111021791>				<https://panlex.org/snapshot/panlex-20191001-csv/2904#111021816>		"binakarliq"@ug	
"архитектура"@lez	<https://panlex.org/snapshot/panlex-20191001-csv/2904#111021791>				<https://panlex.org/snapshot/panlex-20191001-csv/2904#111021740>		"بىناكارلىق"@ug	
"архитектура"@lez	<https://panlex.org/snapshot/panlex-20191001-csv/2904#111021791>				<https://panlex.org/snapshot/panlex-20191001-csv/2904#111021895>		"бинакарлиқ"@ug	
"тарих"@lez	<https://panlex.org/snapshot/panlex-20191001-csv/2904#111023032>				<https://panlex.org/snapshot/panlex-20191001-csv/2904#111022869>		"тарих"@ug	
"тарих"@lez	<https://panlex.org/snapshot/panlex-20191001-csv/2904#111023032>				<https://panlex.org/snapshot/panlex-20191001-csv/2904#111022986>		"تارىخ"@ug	
"тарих"@lez	<https://panlex.org/snapshot/panlex-20191001-csv/2904#111023032>				<https://panlex.org/snapshot/panlex-20191001-csv/2904#111022970>		"tarix"@ug	
"астрономия"@lez	<https://panlex.org/snapshot/panlex-20191001-csv/2904#111022109>				<https://panlex.org/snapshot/panlex-20191001-csv/2904#111022006>		"alemshunasliq"@ug	
"астрономия"@lez	<https://panlex.org/snapshot/panlex-20191001-csv/2904#111022109>				<https://panlex.org/snapshot/panlex-20191001-csv/2904#111022012>		"ئالەمشۇناسلىق"@ug	
"астрономия"@lez	<https://panlex.org/snapshot/panlex-20191001-csv/2904#111022109>				<https://panlex.org/snapshot/panlex-20191001-csv/2904#111021999>		"astronomiye"@ug	
"астрономия"@lez	<https://panlex.org/snapshot/panlex-20191001-csv/2904#111022109>				<https://panlex.org/snapshot/panlex-20191001-csv/2904#111022019>		"астрономия"@ug	
"астрономия"@lez	<https://panlex.org/snapshot/panlex-20191001-csv/2904#111022109>				<https://panlex.org/snapshot/panlex-20191001-csv/2904#111022104>		"аләмшунаслиқ"@ug	
"астрономия"@lez	<https://panlex.org/snapshot/panlex-20191001-csv/2904#111022109>				<https://panlex.org/snapshot/panlex-20191001-csv/2904#111022067>		"ئاسترونومىيە"@ug	
"Кьибледин полюс"@lez	<https://panlex.org/snapshot/panlex-20191001-csv/2910#110855585>				<https://panlex.org/snapshot/panlex-20191001-csv/2910#110855553>		"Jenubiy qutup"@ug	
"Кьибледин полюс"@lez	<https://panlex.org/snapshot/panlex-20191001-csv/2910#110855585>				<https://panlex.org/snapshot/panlex-20191001-csv/2910#110855590>		"جەنۇبىي قۇتۇپ"@ug	
"Кьибледин полюс"@lez	<https://panlex.org/snapshot/panlex-20191001-csv/2910#110855585>				<https://panlex.org/snapshot/panlex-20191001-csv/2910#110855624>		"Җәнубий қутуп"@ug	
"Экватор"@lez	<https://panlex.org/snapshot/panlex-20191001-csv/2910#110855080>				<https://panlex.org/snapshot/panlex-20191001-csv/2910#110855035>		"Ékwator"@ug	
"Экватор"@lez	<https://panlex.org/snapshot/panlex-20191001-csv/2910#110855080>				<https://panlex.org/snapshot/panlex-20191001-csv/2910#110855224>		"Экватор"@ug	
"Экватор"@lez	<https://panlex.org/snapshot/panlex-20191001-csv/2910#110855080>				<https://panlex.org/snapshot/panlex-20191001-csv/2910#110855102>		"ئېكۋاتور"@ug	
"Кефердин полюс"@lez	<https://panlex.org/snapshot/panlex-20191001-csv/2910#110854677>				<https://panlex.org/snapshot/panlex-20191001-csv/2910#110854652>		"Шималий қутуп"@ug	
"Кефердин полюс"@lez	<https://panlex.org/snapshot/panlex-20191001-csv/2910#110854677>				<https://panlex.org/snapshot/panlex-20191001-csv/2910#110854606>		"Shimaliy qutup"@ug	
"Кефердин полюс"@lez	<https://panlex.org/snapshot/panlex-20191001-csv/2910#110854677>				<https://panlex.org/snapshot/panlex-20191001-csv/2910#110854623>		"شىمالىي قۇتۇپ"@ug	
"ислягьвал"@lez	<https://panlex.org/snapshot/panlex-20191001-csv/2902#111011950>				<https://panlex.org/snapshot/panlex-20191001-csv/2902#111012302>		"تىنچلىق"@ug	
"ислягьвал"@lez	<https://panlex.org/snapshot/panlex-20191001-csv/2902#111011950>				<https://panlex.org/snapshot/panlex-20191001-csv/2902#111012253>		"tinchliq"@ug	
"ислягьвал"@lez	<https://panlex.org/snapshot/panlex-20191001-csv/2902#111011950>				<https://panlex.org/snapshot/panlex-20191001-csv/2902#111012176>		"тинчлиқ"@ug	
"Аравилин гьуьл"@lez	<https://panlex.org/snapshot/panlex-20191001-csv/2905#110870370>				<https://panlex.org/snapshot/panlex-20191001-csv/2905#110870320>		"Yer ottura déngizi"@ug	
"Аравилин гьуьл"@lez	<https://panlex.org/snapshot/panlex-20191001-csv/2905#110870370>				<https://panlex.org/snapshot/panlex-20191001-csv/2905#110870391>		"Йәр оттура деңизи"@ug	
"Аравилин гьуьл"@lez	<https://panlex.org/snapshot/panlex-20191001-csv/2905#110870370>				<https://panlex.org/snapshot/panlex-20191001-csv/2905#110870313>		"يەر ئوتتۇرا دېڭىزى"@ug	
"Кариб гьуьл"@lez	<https://panlex.org/snapshot/panlex-20191001-csv/2905#110869483>				<https://panlex.org/snapshot/panlex-20191001-csv/2905#110869361>		"Кариб деңизи"@ug	
"Кариб гьуьл"@lez	<https://panlex.org/snapshot/panlex-20191001-csv/2905#110869483>				<https://panlex.org/snapshot/panlex-20191001-csv/2905#110869453>		"كارىب دېڭىزى"@ug	
"Кариб гьуьл"@lez	<https://panlex.org/snapshot/panlex-20191001-csv/2905#110869483>				<https://panlex.org/snapshot/panlex-20191001-csv/2905#110869351>		"Karib déngizi"@ug	
"Чӏулав гьуьл"@lez	<https://panlex.org/snapshot/panlex-20191001-csv/2905#110869154>				<https://panlex.org/snapshot/panlex-20191001-csv/2905#110869110>		"Қара деңиз"@ug	
"Чӏулав гьуьл"@lez	<https://panlex.org/snapshot/panlex-20191001-csv/2905#110869154>				<https://panlex.org/snapshot/panlex-20191001-csv/2905#110869146>		"Qara déngiz"@ug	
"Чӏулав гьуьл"@lez	<https://panlex.org/snapshot/panlex-20191001-csv/2905#110869154>				<https://panlex.org/snapshot/panlex-20191001-csv/2905#110869203>		"قارا دېڭىز"@ug	
"Балтика гьуьл"@lez	<https://panlex.org/snapshot/panlex-20191001-csv/2905#110868636>				<https://panlex.org/snapshot/panlex-20191001-csv/2905#110868760>		"Baltik déngizi"@ug	
"Балтика гьуьл"@lez	<https://panlex.org/snapshot/panlex-20191001-csv/2905#110868636>				<https://panlex.org/snapshot/panlex-20191001-csv/2905#110868645>		"Балтик деңизи"@ug	
"Балтика гьуьл"@lez	<https://panlex.org/snapshot/panlex-20191001-csv/2905#110868636>				<https://panlex.org/snapshot/panlex-20191001-csv/2905#110868700>		"بالتىك دېڭىزى"@ug	
"Яру гьуьл"@lez	<https://panlex.org/snapshot/panlex-20191001-csv/2905#110871094>				<https://panlex.org/snapshot/panlex-20191001-csv/2905#110871038>		"Qizil déngiz"@ug	
"Яру гьуьл"@lez	<https://panlex.org/snapshot/panlex-20191001-csv/2905#110871094>				<https://panlex.org/snapshot/panlex-20191001-csv/2905#110871008>		"Қизил деңиз"@ug	
"Яру гьуьл"@lez	<https://panlex.org/snapshot/panlex-20191001-csv/2905#110871094>				<https://panlex.org/snapshot/panlex-20191001-csv/2905#110871095>		"قىزىل دېڭىز"@ug	
"Лацу гьуьл"@lez	<https://panlex.org/snapshot/panlex-20191001-csv/2905#110871412>				<https://panlex.org/snapshot/panlex-20191001-csv/2905#110871416>		"Aq déngiz"@ug	
"Лацу гьуьл"@lez	<https://panlex.org/snapshot/panlex-20191001-csv/2905#110871412>				<https://panlex.org/snapshot/panlex-20191001-csv/2905#110871431>		"ئاق دېڭىز"@ug	
"Лацу гьуьл"@lez	<https://panlex.org/snapshot/panlex-20191001-csv/2905#110871412>				<https://panlex.org/snapshot/panlex-20191001-csv/2905#110871312>		"Ақ деңиз"@ug	
"Арабистандин гьуьл"@lez	<https://panlex.org/snapshot/panlex-20191001-csv/2905#110868553>				<https://panlex.org/snapshot/panlex-20191001-csv/2905#110868578>		"Erep déngizi"@ug	
"Арабистандин гьуьл"@lez	<https://panlex.org/snapshot/panlex-20191001-csv/2905#110868553>				<https://panlex.org/snapshot/panlex-20191001-csv/2905#110868452>		"ئەرەپ دېڭىزى"@ug	
"Арабистандин гьуьл"@lez	<https://panlex.org/snapshot/panlex-20191001-csv/2905#110868553>				<https://panlex.org/snapshot/panlex-20191001-csv/2905#110868462>		"Әрәп деңизи"@ug	
"Каспий гьуьл"@lez	<https://panlex.org/snapshot/panlex-20191001-csv/2905#110869703>				<https://panlex.org/snapshot/panlex-20191001-csv/2905#110869608>		"Каспий деңизи"@ug	
"Каспий гьуьл"@lez	<https://panlex.org/snapshot/panlex-20191001-csv/2905#110869703>				<https://panlex.org/snapshot/panlex-20191001-csv/2905#110869524>		"كاسپىي دېڭىزى"@ug	
"Каспий гьуьл"@lez	<https://panlex.org/snapshot/panlex-20191001-csv/2905#110869703>				<https://panlex.org/snapshot/panlex-20191001-csv/2905#110869645>		"Kaspiy déngizi"@ug	
"Кеферпатан гьуьл"@lez	<https://panlex.org/snapshot/panlex-20191001-csv/2905#110870554>				<https://panlex.org/snapshot/panlex-20191001-csv/2905#110870708>		"Shimaliy déngiz"@ug	
"Кеферпатан гьуьл"@lez	<https://panlex.org/snapshot/panlex-20191001-csv/2905#110870554>				<https://panlex.org/snapshot/panlex-20191001-csv/2905#110870599>		"شىمالىي دېڭىز"@ug	
"Кеферпатан гьуьл"@lez	<https://panlex.org/snapshot/panlex-20191001-csv/2905#110870554>				<https://panlex.org/snapshot/panlex-20191001-csv/2905#110870617>		"Шималий деңиз"@ug	
"чӏулав тӏеквен"@lez	<https://panlex.org/snapshot/panlex-20191001-csv/2907#110849494>				<https://panlex.org/snapshot/panlex-20191001-csv/2907#110849576>		"قارا تۆشۈك"@ug	
"чӏулав тӏеквен"@lez	<https://panlex.org/snapshot/panlex-20191001-csv/2907#110849494>				<https://panlex.org/snapshot/panlex-20191001-csv/2907#110849503>		"qara töshük"@ug	
"чӏулав тӏеквен"@lez	<https://panlex.org/snapshot/panlex-20191001-csv/2907#110849494>				<https://panlex.org/snapshot/panlex-20191001-csv/2907#110849631>		"қара төшүк"@ug	
"Рагь"@lez	<https://panlex.org/snapshot/panlex-20191001-csv/2907#110844999>				<https://panlex.org/snapshot/panlex-20191001-csv/2907#110844962>		"قۇياش"@ug	
"Рагь"@lez	<https://panlex.org/snapshot/panlex-20191001-csv/2907#110844999>				<https://panlex.org/snapshot/panlex-20191001-csv/2907#110844866>		"Қуяш"@ug	
"Рагь"@lez	<https://panlex.org/snapshot/panlex-20191001-csv/2907#110844999>				<https://panlex.org/snapshot/panlex-20191001-csv/2907#110844923>		"Quyash"@ug	
"Ракъинин система"@lez	<https://panlex.org/snapshot/panlex-20191001-csv/2907#110848312>				<https://panlex.org/snapshot/panlex-20191001-csv/2907#110848169>		"Quyash sistémisi"@ug	
"Ракъинин система"@lez	<https://panlex.org/snapshot/panlex-20191001-csv/2907#110848312>				<https://panlex.org/snapshot/panlex-20191001-csv/2907#110848301>		"Қуяш системиси"@ug	
"Ракъинин система"@lez	<https://panlex.org/snapshot/panlex-20191001-csv/2907#110848312>				<https://panlex.org/snapshot/panlex-20191001-csv/2907#110848189>		"قۇياش سىستېمىسى"@ug	
"чӏулав хъалхъам"@lez	<https://panlex.org/snapshot/panlex-20191001-csv/2907#110849477>				<https://panlex.org/snapshot/panlex-20191001-csv/2907#110849576>		"قارا تۆشۈك"@ug	
"чӏулав хъалхъам"@lez	<https://panlex.org/snapshot/panlex-20191001-csv/2907#110849477>				<https://panlex.org/snapshot/panlex-20191001-csv/2907#110849503>		"qara töshük"@ug	
"чӏулав хъалхъам"@lez	<https://panlex.org/snapshot/panlex-20191001-csv/2907#110849477>				<https://panlex.org/snapshot/panlex-20191001-csv/2907#110849631>		"қара төшүк"@ug	
"Уран"@lez	<https://panlex.org/snapshot/panlex-20191001-csv/2907#110846801>				<https://panlex.org/snapshot/panlex-20191001-csv/2907#110846778>		"Уран"@ug	
"Уран"@lez	<https://panlex.org/snapshot/panlex-20191001-csv/2907#110846801>				<https://panlex.org/snapshot/panlex-20191001-csv/2907#110846882>		"Uran"@ug	
"Уран"@lez	<https://panlex.org/snapshot/panlex-20191001-csv/2907#110846801>				<https://panlex.org/snapshot/panlex-20191001-csv/2907#110846910>		"ئۇران"@ug	
"Чилер-цавар"@lez	<https://panlex.org/snapshot/panlex-20191001-csv/2907#110848951>				<https://panlex.org/snapshot/panlex-20191001-csv/2907#110849034>		"جاھان"@ug	
"Чилер-цавар"@lez	<https://panlex.org/snapshot/panlex-20191001-csv/2907#110848951>				<https://panlex.org/snapshot/panlex-20191001-csv/2907#110849066>		"Каинат"@ug	
"Чилер-цавар"@lez	<https://panlex.org/snapshot/panlex-20191001-csv/2907#110848951>				<https://panlex.org/snapshot/panlex-20191001-csv/2907#110849026>		"Аләм"@ug	
"Чилер-цавар"@lez	<https://panlex.org/snapshot/panlex-20191001-csv/2907#110848951>				<https://panlex.org/snapshot/panlex-20191001-csv/2907#110849015>		"Kainat"@ug	
"Чилер-цавар"@lez	<https://panlex.org/snapshot/panlex-20191001-csv/2907#110848951>				<https://panlex.org/snapshot/panlex-20191001-csv/2907#110849130>		"كائىنات"@ug	
"Чилер-цавар"@lez	<https://panlex.org/snapshot/panlex-20191001-csv/2907#110848951>				<https://panlex.org/snapshot/panlex-20191001-csv/2907#110848984>		"Alem"@ug	
"Чилер-цавар"@lez	<https://panlex.org/snapshot/panlex-20191001-csv/2907#110848951>				<https://panlex.org/snapshot/panlex-20191001-csv/2907#110849095>		"Җаһан"@ug	
"Чилер-цавар"@lez	<https://panlex.org/snapshot/panlex-20191001-csv/2907#110848951>				<https://panlex.org/snapshot/panlex-20191001-csv/2907#110849082>		"ئالەم"@ug	
"Чилер-цавар"@lez	<https://panlex.org/snapshot/panlex-20191001-csv/2907#110848951>				<https://panlex.org/snapshot/panlex-20191001-csv/2907#110848944>		"Jahan"@ug	
"Церера"@lez	<https://panlex.org/snapshot/panlex-20191001-csv/2907#110846154>				<https://panlex.org/snapshot/panlex-20191001-csv/2907#110846158>		"سېرېرا"@ug	
"Церера"@lez	<https://panlex.org/snapshot/panlex-20191001-csv/2907#110846154>				<https://panlex.org/snapshot/panlex-20191001-csv/2907#110846219>		"Серера"@ug	
"Церера"@lez	<https://panlex.org/snapshot/panlex-20191001-csv/2907#110846154>				<https://panlex.org/snapshot/panlex-20191001-csv/2907#110846198>		"Séréra"@ug	
"Сатурн"@lez	<https://panlex.org/snapshot/panlex-20191001-csv/2907#110846622>				<https://panlex.org/snapshot/panlex-20191001-csv/2907#110846714>		"Saturn"@ug	
"Сатурн"@lez	<https://panlex.org/snapshot/panlex-20191001-csv/2907#110846622>				<https://panlex.org/snapshot/panlex-20191001-csv/2907#110846617>		"Сатурн"@ug	
"Сатурн"@lez	<https://panlex.org/snapshot/panlex-20191001-csv/2907#110846622>				<https://panlex.org/snapshot/panlex-20191001-csv/2907#110846749>		"ساتۇرن"@ug	
"Юпитер"@lez	<https://panlex.org/snapshot/panlex-20191001-csv/2907#110846420>				<https://panlex.org/snapshot/panlex-20191001-csv/2907#110846391>		"Yupitér"@ug	
"Юпитер"@lez	<https://panlex.org/snapshot/panlex-20191001-csv/2907#110846420>				<https://panlex.org/snapshot/panlex-20191001-csv/2907#110846517>		"يۇپىتېر"@ug	
"Юпитер"@lez	<https://panlex.org/snapshot/panlex-20191001-csv/2907#110846420>				<https://panlex.org/snapshot/panlex-20191001-csv/2907#110846423>		"Юпитер"@ug	
"Нептун"@lez	<https://panlex.org/snapshot/panlex-20191001-csv/2907#110846990>				<https://panlex.org/snapshot/panlex-20191001-csv/2907#110846985>		"Нептун"@ug	
"Нептун"@lez	<https://panlex.org/snapshot/panlex-20191001-csv/2907#110846990>				<https://panlex.org/snapshot/panlex-20191001-csv/2907#110847065>		"نېپتۇن"@ug	
"Нептун"@lez	<https://panlex.org/snapshot/panlex-20191001-csv/2907#110846990>				<https://panlex.org/snapshot/panlex-20191001-csv/2907#110846993>		"Néptun"@ug	
"Марс"@lez	<https://panlex.org/snapshot/panlex-20191001-csv/2907#110846079>				<https://panlex.org/snapshot/panlex-20191001-csv/2907#110846049>		"Mars"@ug	
"Марс"@lez	<https://panlex.org/snapshot/panlex-20191001-csv/2907#110846079>				<https://panlex.org/snapshot/panlex-20191001-csv/2907#110846096>		"مارس"@ug	
"Марс"@lez	<https://panlex.org/snapshot/panlex-20191001-csv/2907#110846079>				<https://panlex.org/snapshot/panlex-20191001-csv/2907#110845994>		"Марс"@ug	
"Ччил"@lez	<https://panlex.org/snapshot/panlex-20191001-csv/2907#110845531>				<https://panlex.org/snapshot/panlex-20191001-csv/2907#110845553>		"Yer"@ug	
"Ччил"@lez	<https://panlex.org/snapshot/panlex-20191001-csv/2907#110845531>				<https://panlex.org/snapshot/panlex-20191001-csv/2907#110845600>		"يەر"@ug	
"Ччил"@lez	<https://panlex.org/snapshot/panlex-20191001-csv/2907#110845531>				<https://panlex.org/snapshot/panlex-20191001-csv/2907#110845714>		"Йәр"@ug	
"Карванд Рехъ"@lez	<https://panlex.org/snapshot/panlex-20191001-csv/2907#110848825>				<https://panlex.org/snapshot/panlex-20191001-csv/2907#110848794>		"Saman Yoli"@ug	
"Карванд Рехъ"@lez	<https://panlex.org/snapshot/panlex-20191001-csv/2907#110848825>				<https://panlex.org/snapshot/panlex-20191001-csv/2907#110848754>		"Саман Йоли"@ug	
"Карванд Рехъ"@lez	<https://panlex.org/snapshot/panlex-20191001-csv/2907#110848825>				<https://panlex.org/snapshot/panlex-20191001-csv/2907#110848787>		"سامان يولى"@ug	
"Макемаке"@lez	<https://panlex.org/snapshot/panlex-20191001-csv/2907#110847656>				<https://panlex.org/snapshot/panlex-20191001-csv/2907#110847659>		"Макемаке"@ug	
"Макемаке"@lez	<https://panlex.org/snapshot/panlex-20191001-csv/2907#110847656>				<https://panlex.org/snapshot/panlex-20191001-csv/2907#110847679>		"Makémaké"@ug	
"Макемаке"@lez	<https://panlex.org/snapshot/panlex-20191001-csv/2907#110847656>				<https://panlex.org/snapshot/panlex-20191001-csv/2907#110847627>		"ماكېماكې"@ug	
"Варз"@lez	<https://panlex.org/snapshot/panlex-20191001-csv/2907#110845796>				<https://panlex.org/snapshot/panlex-20191001-csv/2907#110845880>		"Ай"@ug	
"Варз"@lez	<https://panlex.org/snapshot/panlex-20191001-csv/2907#110845796>				<https://panlex.org/snapshot/panlex-20191001-csv/2907#110845737>		"ئاي"@ug	
"Варз"@lez	<https://panlex.org/snapshot/panlex-20191001-csv/2907#110845796>				<https://panlex.org/snapshot/panlex-20191001-csv/2907#110845839>		"Ay"@ug	
"Венера"@lez	<https://panlex.org/snapshot/panlex-20191001-csv/2907#110845309>				<https://panlex.org/snapshot/panlex-20191001-csv/2907#110845505>		"Венера"@ug	
"Венера"@lez	<https://panlex.org/snapshot/panlex-20191001-csv/2907#110845309>				<https://panlex.org/snapshot/panlex-20191001-csv/2907#110845501>		"ۋېنېرا"@ug	
"Венера"@lez	<https://panlex.org/snapshot/panlex-20191001-csv/2907#110845309>				<https://panlex.org/snapshot/panlex-20191001-csv/2907#110845468>		"Wénéra"@ug	
"Меркурий"@lez	<https://panlex.org/snapshot/panlex-20191001-csv/2907#110845155>				<https://panlex.org/snapshot/panlex-20191001-csv/2907#110845206>		"Mérkuriy"@ug	
"Меркурий"@lez	<https://panlex.org/snapshot/panlex-20191001-csv/2907#110845155>				<https://panlex.org/snapshot/panlex-20191001-csv/2907#110845251>		"مېركۇرىي"@ug	
"Меркурий"@lez	<https://panlex.org/snapshot/panlex-20191001-csv/2907#110845155>				<https://panlex.org/snapshot/panlex-20191001-csv/2907#110845122>		"Меркурий"@ug	
"Хаумеа"@lez	<https://panlex.org/snapshot/panlex-20191001-csv/2907#110847458>				<https://panlex.org/snapshot/panlex-20191001-csv/2907#110847461>		"Hauméa"@ug	
"Хаумеа"@lez	<https://panlex.org/snapshot/panlex-20191001-csv/2907#110847458>				<https://panlex.org/snapshot/panlex-20191001-csv/2907#110847560>		"ھائۇمېئا"@ug	
"Хаумеа"@lez	<https://panlex.org/snapshot/panlex-20191001-csv/2907#110847458>				<https://panlex.org/snapshot/panlex-20191001-csv/2907#110847552>		"Һаумеа"@ug	
"Эрида"@lez	<https://panlex.org/snapshot/panlex-20191001-csv/2907#110847839>				<https://panlex.org/snapshot/panlex-20191001-csv/2907#110847923>		"ئېرىدا"@ug	
"Эрида"@lez	<https://panlex.org/snapshot/panlex-20191001-csv/2907#110847839>				<https://panlex.org/snapshot/panlex-20191001-csv/2907#110847886>		"Érida"@ug	
"Эрида"@lez	<https://panlex.org/snapshot/panlex-20191001-csv/2907#110847839>				<https://panlex.org/snapshot/panlex-20191001-csv/2907#110847878>		"Ерида"@ug	
"Плутон"@lez	<https://panlex.org/snapshot/panlex-20191001-csv/2907#110847367>				<https://panlex.org/snapshot/panlex-20191001-csv/2907#110847296>		"Pluton"@ug	
"Плутон"@lez	<https://panlex.org/snapshot/panlex-20191001-csv/2907#110847367>				<https://panlex.org/snapshot/panlex-20191001-csv/2907#110847319>		"Плутон"@ug	
"Плутон"@lez	<https://panlex.org/snapshot/panlex-20191001-csv/2907#110847367>				<https://panlex.org/snapshot/panlex-20191001-csv/2907#110847388>		"پلۇتون"@ug	
"Оортдин циф"@lez	<https://panlex.org/snapshot/panlex-20191001-csv/2907#110848642>				<https://panlex.org/snapshot/panlex-20191001-csv/2907#110848619>		"Оорт булити"@ug	
"Оортдин циф"@lez	<https://panlex.org/snapshot/panlex-20191001-csv/2907#110848642>				<https://panlex.org/snapshot/panlex-20191001-csv/2907#110848620>		"Oort buliti"@ug	
"Оортдин циф"@lez	<https://panlex.org/snapshot/panlex-20191001-csv/2907#110848642>				<https://panlex.org/snapshot/panlex-20191001-csv/2907#110848672>		"ئورت بۇلىتى"@ug	
"комета"@lez	<https://panlex.org/snapshot/panlex-20191001-csv/2907#110849151>				<https://panlex.org/snapshot/panlex-20191001-csv/2907#110849302>		"قۇيرۇقلۇق يۇلتۇز"@ug	
"комета"@lez	<https://panlex.org/snapshot/panlex-20191001-csv/2907#110849151>				<https://panlex.org/snapshot/panlex-20191001-csv/2907#110849254>		"quyruqluq yultuz"@ug	
"комета"@lez	<https://panlex.org/snapshot/panlex-20191001-csv/2907#110849151>				<https://panlex.org/snapshot/panlex-20191001-csv/2907#110849323>		"қуйруқлуқ йултуз"@ug	
"Кьиблепатан океан"@lez	<https://panlex.org/snapshot/panlex-20191001-csv/2901#110868207>				<https://panlex.org/snapshot/panlex-20191001-csv/2901#110868190>		"Җәнубий океан"@ug	
"Кьиблепатан океан"@lez	<https://panlex.org/snapshot/panlex-20191001-csv/2901#110868207>				<https://panlex.org/snapshot/panlex-20191001-csv/2901#110868429>		"Jenubiy okyan"@ug	
"Кьиблепатан океан"@lez	<https://panlex.org/snapshot/panlex-20191001-csv/2901#110868207>				<https://panlex.org/snapshot/panlex-20191001-csv/2901#110868402>		"جەنۇبىي ئوكيان"@ug	
"Атлантик океан"@lez	<https://panlex.org/snapshot/panlex-20191001-csv/2901#110867367>				<https://panlex.org/snapshot/panlex-20191001-csv/2901#110867549>		"ئاتلانتىك ئوكيانى"@ug	
"Атлантик океан"@lez	<https://panlex.org/snapshot/panlex-20191001-csv/2901#110867367>				<https://panlex.org/snapshot/panlex-20191001-csv/2901#110867391>		"Atlantik okyani"@ug	
"Атлантик океан"@lez	<https://panlex.org/snapshot/panlex-20191001-csv/2901#110867367>				<https://panlex.org/snapshot/panlex-20191001-csv/2901#110867418>		"Атлантик океани"@ug	
"Гьинди океан"@lez	<https://panlex.org/snapshot/panlex-20191001-csv/2901#110867704>				<https://panlex.org/snapshot/panlex-20191001-csv/2901#110867717>		"Һинд океани"@ug	
"Гьинди океан"@lez	<https://panlex.org/snapshot/panlex-20191001-csv/2901#110867704>				<https://panlex.org/snapshot/panlex-20191001-csv/2901#110867686>		"ھىند ئوكيانى"@ug	
"Гьинди океан"@lez	<https://panlex.org/snapshot/panlex-20191001-csv/2901#110867704>				<https://panlex.org/snapshot/panlex-20191001-csv/2901#110867784>		"Hind okyani"@ug	
"Лас океан"@lez	<https://panlex.org/snapshot/panlex-20191001-csv/2901#110868105>				<https://panlex.org/snapshot/panlex-20191001-csv/2901#110867872>		"Tinch okyan"@ug	
"Лас океан"@lez	<https://panlex.org/snapshot/panlex-20191001-csv/2901#110868105>				<https://panlex.org/snapshot/panlex-20191001-csv/2901#110868017>		"Тинч океан"@ug	
"Лас океан"@lez	<https://panlex.org/snapshot/panlex-20191001-csv/2901#110868105>				<https://panlex.org/snapshot/panlex-20191001-csv/2901#110867892>		"تىنچ ئوكيان"@ug	
"Муркӏарин океан"@lez	<https://panlex.org/snapshot/panlex-20191001-csv/2901#110867248>				<https://panlex.org/snapshot/panlex-20191001-csv/2901#110867224>		"شىمالىي مۇزدەك ئوكيانى"@ug	
"Муркӏарин океан"@lez	<https://panlex.org/snapshot/panlex-20191001-csv/2901#110867248>				<https://panlex.org/snapshot/panlex-20191001-csv/2901#110867326>		"Шималий муздәк океани"@ug	
"Муркӏарин океан"@lez	<https://panlex.org/snapshot/panlex-20191001-csv/2901#110867248>				<https://panlex.org/snapshot/panlex-20191001-csv/2901#110867228>		"Shimaliy muzdek okyani"@ug	
"Александр Чӏехи"@lez	<https://panlex.org/snapshot/panlex-20191001-csv/2906#111019345>				<https://panlex.org/snapshot/panlex-20191001-csv/2906#111019279>		"Iskender Zulqerneyin"@ug	
"Александр Чӏехи"@lez	<https://panlex.org/snapshot/panlex-20191001-csv/2906#111019345>				<https://panlex.org/snapshot/panlex-20191001-csv/2906#111019251>		"ئىسكەندەر زۇلقەرنەيىن"@ug	
"Александр Чӏехи"@lez	<https://panlex.org/snapshot/panlex-20191001-csv/2906#111019345>				<https://panlex.org/snapshot/panlex-20191001-csv/2906#111019381>		"Искәндәр Зулқәрнәйин"@ug	
"Адамни Гьава"@lez	<https://panlex.org/snapshot/panlex-20191001-csv/2906#111019143>				<https://panlex.org/snapshot/panlex-20191001-csv/2906#111019114>		"ئادەم ۋە ھاۋا"@ug	
"Адамни Гьава"@lez	<https://panlex.org/snapshot/panlex-20191001-csv/2906#111019143>				<https://panlex.org/snapshot/panlex-20191001-csv/2906#111019159>		"Адәм вә Һава"@ug	
"Адамни Гьава"@lez	<https://panlex.org/snapshot/panlex-20191001-csv/2906#111019143>				<https://panlex.org/snapshot/panlex-20191001-csv/2906#111019094>		"Adem we Hawa"@ug	
"кац"@lez	<https://panlex.org/snapshot/panlex-20191001-csv/11#795636>				<https://panlex.org/snapshot/panlex-20191001-csv/11#795688>		"مۈشۈك"@ug	
"йод"@lez	<https://panlex.org/snapshot/panlex-20191001-csv/2893#110994608>				<https://panlex.org/snapshot/panlex-20191001-csv/2893#110994680>		"yod"@ug	
"йод"@lez	<https://panlex.org/snapshot/panlex-20191001-csv/2893#110994608>				<https://panlex.org/snapshot/panlex-20191001-csv/2893#110994675>		"йод"@ug	
"йод"@lez	<https://panlex.org/snapshot/panlex-20191001-csv/2893#110994608>				<https://panlex.org/snapshot/panlex-20191001-csv/2893#110994731>		"يود"@ug	
"кремний"@lez	<https://panlex.org/snapshot/panlex-20191001-csv/2893#110991485>				<https://panlex.org/snapshot/panlex-20191001-csv/2893#110991539>		"силиций"@ug	
"кремний"@lez	<https://panlex.org/snapshot/panlex-20191001-csv/2893#110991485>				<https://panlex.org/snapshot/panlex-20191001-csv/2893#110991509>		"кремний"@ug	
"кремний"@lez	<https://panlex.org/snapshot/panlex-20191001-csv/2893#110991485>				<https://panlex.org/snapshot/panlex-20191001-csv/2893#110991568>		"سىلىتسىي"@ug	
"кремний"@lez	<https://panlex.org/snapshot/panlex-20191001-csv/2893#110991485>				<https://panlex.org/snapshot/panlex-20191001-csv/2893#110991487>		"krémniy"@ug	
"кремний"@lez	<https://panlex.org/snapshot/panlex-20191001-csv/2893#110991485>				<https://panlex.org/snapshot/panlex-20191001-csv/2893#110991545>		"silitsiy"@ug	
"кремний"@lez	<https://panlex.org/snapshot/panlex-20191001-csv/2893#110991485>				<https://panlex.org/snapshot/panlex-20191001-csv/2893#110991619>		"كرېمنىي"@ug	
"мышьяк"@lez	<https://panlex.org/snapshot/panlex-20191001-csv/2893#110993775>				<https://panlex.org/snapshot/panlex-20191001-csv/2893#110993769>		"арсен"@ug	
"мышьяк"@lez	<https://panlex.org/snapshot/panlex-20191001-csv/2893#110993775>				<https://panlex.org/snapshot/panlex-20191001-csv/2893#110993691>		"arsén"@ug	
"мышьяк"@lez	<https://panlex.org/snapshot/panlex-20191001-csv/2893#110993775>				<https://panlex.org/snapshot/panlex-20191001-csv/2893#110993601>		"ئارسېن"@ug	
"ракь"@lez	<https://panlex.org/snapshot/panlex-20191001-csv/2893#110992678>				<https://panlex.org/snapshot/panlex-20191001-csv/2893#110992612>		"تۆمۈر"@ug	
"ракь"@lez	<https://panlex.org/snapshot/panlex-20191001-csv/2893#110992678>				<https://panlex.org/snapshot/panlex-20191001-csv/2893#110992737>		"tömür"@ug	
"ракь"@lez	<https://panlex.org/snapshot/panlex-20191001-csv/2893#110992678>				<https://panlex.org/snapshot/panlex-20191001-csv/2893#110992682>		"төмүр"@ug	
"водород"@lez	<https://panlex.org/snapshot/panlex-20191001-csv/2893#110989334>				<https://panlex.org/snapshot/panlex-20191001-csv/2893#110989273>		"һидроген"@ug	
"водород"@lez	<https://panlex.org/snapshot/panlex-20191001-csv/2893#110989334>				<https://panlex.org/snapshot/panlex-20191001-csv/2893#110989476>		"ھىدروگېن"@ug	
"водород"@lez	<https://panlex.org/snapshot/panlex-20191001-csv/2893#110989334>				<https://panlex.org/snapshot/panlex-20191001-csv/2893#110989415>		"hidrogén"@ug	
"кобальт"@lez	<https://panlex.org/snapshot/panlex-20191001-csv/2893#110992901>				<https://panlex.org/snapshot/panlex-20191001-csv/2893#110992814>		"кобальт"@ug	
"кобальт"@lez	<https://panlex.org/snapshot/panlex-20191001-csv/2893#110992901>				<https://panlex.org/snapshot/panlex-20191001-csv/2893#110992863>		"كوبالت"@ug	
"кобальт"@lez	<https://panlex.org/snapshot/panlex-20191001-csv/2893#110992901>				<https://panlex.org/snapshot/panlex-20191001-csv/2893#110992904>		"kobalt"@ug	
"гелий"@lez	<https://panlex.org/snapshot/panlex-20191001-csv/2893#110989522>				<https://panlex.org/snapshot/panlex-20191001-csv/2893#110989563>		"гелий"@ug	
"гелий"@lez	<https://panlex.org/snapshot/panlex-20191001-csv/2893#110989522>				<https://panlex.org/snapshot/panlex-20191001-csv/2893#110989523>		"گېلىي"@ug	
"гелий"@lez	<https://panlex.org/snapshot/panlex-20191001-csv/2893#110989522>				<https://panlex.org/snapshot/panlex-20191001-csv/2893#110989531>		"géliy"@ug	
"сурьма"@lez	<https://panlex.org/snapshot/panlex-20191001-csv/2893#110994422>				<https://panlex.org/snapshot/panlex-20191001-csv/2893#110994537>		"سۈرمە"@ug	
"сурьма"@lez	<https://panlex.org/snapshot/panlex-20191001-csv/2893#110994422>				<https://panlex.org/snapshot/panlex-20191001-csv/2893#110994456>		"сүрмә"@ug	
"сурьма"@lez	<https://panlex.org/snapshot/panlex-20191001-csv/2893#110994422>				<https://panlex.org/snapshot/panlex-20191001-csv/2893#110994520>		"sürme"@ug	
"сурьма"@lez	<https://panlex.org/snapshot/panlex-20191001-csv/2893#110994422>				<https://panlex.org/snapshot/panlex-20191001-csv/2893#110994531>		"antimon"@ug	
"сурьма"@lez	<https://panlex.org/snapshot/panlex-20191001-csv/2893#110994422>				<https://panlex.org/snapshot/panlex-20191001-csv/2893#110994481>		"ئانتىمون"@ug	
"сурьма"@lez	<https://panlex.org/snapshot/panlex-20191001-csv/2893#110994422>				<https://panlex.org/snapshot/panlex-20191001-csv/2893#110994534>		"антимон"@ug	
"къизил"@lez	<https://panlex.org/snapshot/panlex-20191001-csv/2893#110995285>				<https://panlex.org/snapshot/panlex-20191001-csv/2893#110995319>		"ئالتۇن"@ug	
"къизил"@lez	<https://panlex.org/snapshot/panlex-20191001-csv/2893#110995285>				<https://panlex.org/snapshot/panlex-20191001-csv/2893#110995212>		"altun"@ug	
"къизил"@lez	<https://panlex.org/snapshot/panlex-20191001-csv/2893#110995285>				<https://panlex.org/snapshot/panlex-20191001-csv/2893#110995314>		"алтун"@ug	
"хлор"@lez	<https://panlex.org/snapshot/panlex-20191001-csv/2893#110992117>				<https://panlex.org/snapshot/panlex-20191001-csv/2893#110992211>		"хлор"@ug	
"хлор"@lez	<https://panlex.org/snapshot/panlex-20191001-csv/2893#110992117>				<https://panlex.org/snapshot/panlex-20191001-csv/2893#110992044>		"خلور"@ug	
"хлор"@lez	<https://panlex.org/snapshot/panlex-20191001-csv/2893#110992117>				<https://panlex.org/snapshot/panlex-20191001-csv/2893#110992144>		"xlor"@ug	
"алюминий"@lez	<https://panlex.org/snapshot/panlex-20191001-csv/2893#110991276>				<https://panlex.org/snapshot/panlex-20191001-csv/2893#110991408>		"ئاليۇمىن"@ug	
"алюминий"@lez	<https://panlex.org/snapshot/panlex-20191001-csv/2893#110991276>				<https://panlex.org/snapshot/panlex-20191001-csv/2893#110991371>		"алюмин"@ug	
"алюминий"@lez	<https://panlex.org/snapshot/panlex-20191001-csv/2893#110991276>				<https://panlex.org/snapshot/panlex-20191001-csv/2893#110991319>		"alyumin"@ug	
"бром"@lez	<https://panlex.org/snapshot/panlex-20191001-csv/2893#110993947>				<https://panlex.org/snapshot/panlex-20191001-csv/2893#110993841>		"бром"@ug	
"бром"@lez	<https://panlex.org/snapshot/panlex-20191001-csv/2893#110993947>				<https://panlex.org/snapshot/panlex-20191001-csv/2893#110993821>		"brom"@ug	
"бром"@lez	<https://panlex.org/snapshot/panlex-20191001-csv/2893#110993947>				<https://panlex.org/snapshot/panlex-20191001-csv/2893#110993842>		"بروم"@ug	
"къеле"@lez	<https://panlex.org/snapshot/panlex-20191001-csv/2893#110994227>				<https://panlex.org/snapshot/panlex-20191001-csv/2893#110994305>		"qeley"@ug	
"къеле"@lez	<https://panlex.org/snapshot/panlex-20191001-csv/2893#110994227>				<https://panlex.org/snapshot/panlex-20191001-csv/2893#110994255>		"қәләй"@ug	
"къеле"@lez	<https://panlex.org/snapshot/panlex-20191001-csv/2893#110994227>				<https://panlex.org/snapshot/panlex-20191001-csv/2893#110994350>		"قەلەي"@ug	
"калий"@lez	<https://panlex.org/snapshot/panlex-20191001-csv/2893#110992337>				<https://panlex.org/snapshot/panlex-20191001-csv/2893#110992310>		"kaliy"@ug	
"калий"@lez	<https://panlex.org/snapshot/panlex-20191001-csv/2893#110992337>				<https://panlex.org/snapshot/panlex-20191001-csv/2893#110992309>		"كالىي"@ug	
"калий"@lez	<https://panlex.org/snapshot/panlex-20191001-csv/2893#110992337>				<https://panlex.org/snapshot/panlex-20191001-csv/2893#110992247>		"калий"@ug	
"бор"@lez	<https://panlex.org/snapshot/panlex-20191001-csv/2893#110989704>				<https://panlex.org/snapshot/panlex-20191001-csv/2893#110989706>		"بور"@ug	
"бор"@lez	<https://panlex.org/snapshot/panlex-20191001-csv/2893#110989704>				<https://panlex.org/snapshot/panlex-20191001-csv/2893#110989686>		"bor"@ug	
"бор"@lez	<https://panlex.org/snapshot/panlex-20191001-csv/2893#110989704>				<https://panlex.org/snapshot/panlex-20191001-csv/2893#110989678>		"бор"@ug	
"неон"@lez	<https://panlex.org/snapshot/panlex-20191001-csv/2893#110990697>				<https://panlex.org/snapshot/panlex-20191001-csv/2893#110990769>		"néon"@ug	
"неон"@lez	<https://panlex.org/snapshot/panlex-20191001-csv/2893#110990697>				<https://panlex.org/snapshot/panlex-20191001-csv/2893#110990714>		"неон"@ug	
"неон"@lez	<https://panlex.org/snapshot/panlex-20191001-csv/2893#110990697>				<https://panlex.org/snapshot/panlex-20191001-csv/2893#110990791>		"نېئون"@ug	
"фтор"@lez	<https://panlex.org/snapshot/panlex-20191001-csv/2893#110990524>				<https://panlex.org/snapshot/panlex-20191001-csv/2893#110990648>		"fitor"@ug	
"фтор"@lez	<https://panlex.org/snapshot/panlex-20191001-csv/2893#110990524>				<https://panlex.org/snapshot/panlex-20191001-csv/2893#110990491>		"фтор"@ug	
"фтор"@lez	<https://panlex.org/snapshot/panlex-20191001-csv/2893#110990524>				<https://panlex.org/snapshot/panlex-20191001-csv/2893#110990496>		"فىتور"@ug	
"живе"@lez	<https://panlex.org/snapshot/panlex-20191001-csv/2893#110995430>				<https://panlex.org/snapshot/panlex-20191001-csv/2893#110995380>		"simab"@ug	
"живе"@lez	<https://panlex.org/snapshot/panlex-20191001-csv/2893#110995430>				<https://panlex.org/snapshot/panlex-20191001-csv/2893#110995516>		"симаб"@ug	
"живе"@lez	<https://panlex.org/snapshot/panlex-20191001-csv/2893#110995430>				<https://panlex.org/snapshot/panlex-20191001-csv/2893#110995414>		"سىماب"@ug	
"углерод"@lez	<https://panlex.org/snapshot/panlex-20191001-csv/2893#110989905>				<https://panlex.org/snapshot/panlex-20191001-csv/2893#110990043>		"карбон"@ug	
"углерод"@lez	<https://panlex.org/snapshot/panlex-20191001-csv/2893#110989905>				<https://panlex.org/snapshot/panlex-20191001-csv/2893#110990015>		"karbon"@ug	
"углерод"@lez	<https://panlex.org/snapshot/panlex-20191001-csv/2893#110989905>				<https://panlex.org/snapshot/panlex-20191001-csv/2893#110989871>		"كاربون"@ug	
"магний"@lez	<https://panlex.org/snapshot/panlex-20191001-csv/2893#110991108>				<https://panlex.org/snapshot/panlex-20191001-csv/2893#110991173>		"magniy"@ug	
"магний"@lez	<https://panlex.org/snapshot/panlex-20191001-csv/2893#110991108>				<https://panlex.org/snapshot/panlex-20191001-csv/2893#110991118>		"магний"@ug	
"магний"@lez	<https://panlex.org/snapshot/panlex-20191001-csv/2893#110991108>				<https://panlex.org/snapshot/panlex-20191001-csv/2893#110991228>		"ماگنىي"@ug	
"кьуркьушум"@lez	<https://panlex.org/snapshot/panlex-20191001-csv/2893#110995629>				<https://panlex.org/snapshot/panlex-20191001-csv/2893#110995684>		"قوغۇشۇن"@ug	
"кьуркьушум"@lez	<https://panlex.org/snapshot/panlex-20191001-csv/2893#110995629>				<https://panlex.org/snapshot/panlex-20191001-csv/2893#110995590>		"қоғушун"@ug	
"кьуркьушум"@lez	<https://panlex.org/snapshot/panlex-20191001-csv/2893#110995629>				<https://panlex.org/snapshot/panlex-20191001-csv/2893#110995662>		"qoghushun"@ug	
"девирдин система"@lez	<https://panlex.org/snapshot/panlex-20191001-csv/2893#110989107>				<https://panlex.org/snapshot/panlex-20191001-csv/2893#110989234>		"dewri jedwili"@ug	
"девирдин система"@lez	<https://panlex.org/snapshot/panlex-20191001-csv/2893#110989107>				<https://panlex.org/snapshot/panlex-20191001-csv/2893#110989173>		"دەۋرى جەدۋىلى"@ug	
"девирдин система"@lez	<https://panlex.org/snapshot/panlex-20191001-csv/2893#110989107>				<https://panlex.org/snapshot/panlex-20191001-csv/2893#110989129>		"дәври җәдвили"@ug	
"уран"@lez	<https://panlex.org/snapshot/panlex-20191001-csv/2893#110995794>				<https://panlex.org/snapshot/panlex-20191001-csv/2893#110995888>		"ئۇران"@ug	
"уран"@lez	<https://panlex.org/snapshot/panlex-20191001-csv/2893#110995794>				<https://panlex.org/snapshot/panlex-20191001-csv/2893#110995786>		"uran"@ug	
"уран"@lez	<https://panlex.org/snapshot/panlex-20191001-csv/2893#110995794>				<https://panlex.org/snapshot/panlex-20191001-csv/2893#110995864>		"уран"@ug	
"натрий"@lez	<https://panlex.org/snapshot/panlex-20191001-csv/2893#110990962>				<https://panlex.org/snapshot/panlex-20191001-csv/2893#110990898>		"natriy"@ug	
"натрий"@lez	<https://panlex.org/snapshot/panlex-20191001-csv/2893#110990962>				<https://panlex.org/snapshot/panlex-20191001-csv/2893#110990930>		"натрий"@ug	
"натрий"@lez	<https://panlex.org/snapshot/panlex-20191001-csv/2893#110990962>				<https://panlex.org/snapshot/panlex-20191001-csv/2893#110990909>		"ناترىي"@ug	
"кальций"@lez	<https://panlex.org/snapshot/panlex-20191001-csv/2893#110992577>				<https://panlex.org/snapshot/panlex-20191001-csv/2893#110992555>		"kaltsiy"@ug	
"кальций"@lez	<https://panlex.org/snapshot/panlex-20191001-csv/2893#110992577>				<https://panlex.org/snapshot/panlex-20191001-csv/2893#110992424>		"كالتسىي"@ug	
"кальций"@lez	<https://panlex.org/snapshot/panlex-20191001-csv/2893#110992577>				<https://panlex.org/snapshot/panlex-20191001-csv/2893#110992438>		"кальций"@ug	
"вольфрам"@lez	<https://panlex.org/snapshot/panlex-20191001-csv/2893#110994930>				<https://panlex.org/snapshot/panlex-20191001-csv/2893#110994861>		"wolfram"@ug	
"вольфрам"@lez	<https://panlex.org/snapshot/panlex-20191001-csv/2893#110994930>				<https://panlex.org/snapshot/panlex-20191001-csv/2893#110994889>		"вольфрам"@ug	
"вольфрам"@lez	<https://panlex.org/snapshot/panlex-20191001-csv/2893#110994930>				<https://panlex.org/snapshot/panlex-20191001-csv/2893#110994943>		"ۋولفرام"@ug	
"цур"@lez	<https://panlex.org/snapshot/panlex-20191001-csv/2893#110993187>				<https://panlex.org/snapshot/panlex-20191001-csv/2893#110993255>		"мис"@ug	
"цур"@lez	<https://panlex.org/snapshot/panlex-20191001-csv/2893#110993187>				<https://panlex.org/snapshot/panlex-20191001-csv/2893#110993209>		"مىس"@ug	
"цур"@lez	<https://panlex.org/snapshot/panlex-20191001-csv/2893#110993187>				<https://panlex.org/snapshot/panlex-20191001-csv/2893#110993326>		"mis"@ug	
"гугурт"@lez	<https://panlex.org/snapshot/panlex-20191001-csv/2893#110991887>				<https://panlex.org/snapshot/panlex-20191001-csv/2893#110991907>		"гүңгүрт"@ug	
"гугурт"@lez	<https://panlex.org/snapshot/panlex-20191001-csv/2893#110991887>				<https://panlex.org/snapshot/panlex-20191001-csv/2893#110992016>		"günggürt"@ug	
"гугурт"@lez	<https://panlex.org/snapshot/panlex-20191001-csv/2893#110991887>				<https://panlex.org/snapshot/panlex-20191001-csv/2893#110991836>		"گۈڭگۈرت"@ug	
"кислород"@lez	<https://panlex.org/snapshot/panlex-20191001-csv/2893#110990452>				<https://panlex.org/snapshot/panlex-20191001-csv/2893#110990402>		"ئوكسىگېن"@ug	
"кислород"@lez	<https://panlex.org/snapshot/panlex-20191001-csv/2893#110990452>				<https://panlex.org/snapshot/panlex-20191001-csv/2893#110990360>		"оксиген"@ug	
"кислород"@lez	<https://panlex.org/snapshot/panlex-20191001-csv/2893#110990452>				<https://panlex.org/snapshot/panlex-20191001-csv/2893#110990288>		"oksigén"@ug	
"сера"@lez	<https://panlex.org/snapshot/panlex-20191001-csv/2893#110991871>				<https://panlex.org/snapshot/panlex-20191001-csv/2893#110991907>		"гүңгүрт"@ug	
"сера"@lez	<https://panlex.org/snapshot/panlex-20191001-csv/2893#110991871>				<https://panlex.org/snapshot/panlex-20191001-csv/2893#110992016>		"günggürt"@ug	
"сера"@lez	<https://panlex.org/snapshot/panlex-20191001-csv/2893#110991871>				<https://panlex.org/snapshot/panlex-20191001-csv/2893#110991836>		"گۈڭگۈرت"@ug	
"ртуть"@lez	<https://panlex.org/snapshot/panlex-20191001-csv/2893#110995461>				<https://panlex.org/snapshot/panlex-20191001-csv/2893#110995380>		"simab"@ug	
"ртуть"@lez	<https://panlex.org/snapshot/panlex-20191001-csv/2893#110995461>				<https://panlex.org/snapshot/panlex-20191001-csv/2893#110995516>		"симаб"@ug	
"ртуть"@lez	<https://panlex.org/snapshot/panlex-20191001-csv/2893#110995461>				<https://panlex.org/snapshot/panlex-20191001-csv/2893#110995414>		"سىماب"@ug	
"азот"@lez	<https://panlex.org/snapshot/panlex-20191001-csv/2893#110990157>				<https://panlex.org/snapshot/panlex-20191001-csv/2893#110990200>		"azot"@ug	
"азот"@lez	<https://panlex.org/snapshot/panlex-20191001-csv/2893#110990157>				<https://panlex.org/snapshot/panlex-20191001-csv/2893#110990208>		"нитроген"@ug	
"азот"@lez	<https://panlex.org/snapshot/panlex-20191001-csv/2893#110990157>				<https://panlex.org/snapshot/panlex-20191001-csv/2893#110990089>		"nitrogén"@ug	
"азот"@lez	<https://panlex.org/snapshot/panlex-20191001-csv/2893#110990157>				<https://panlex.org/snapshot/panlex-20191001-csv/2893#110990209>		"ئازوت"@ug	
"азот"@lez	<https://panlex.org/snapshot/panlex-20191001-csv/2893#110990157>				<https://panlex.org/snapshot/panlex-20191001-csv/2893#110990259>		"азот"@ug	
"азот"@lez	<https://panlex.org/snapshot/panlex-20191001-csv/2893#110990157>				<https://panlex.org/snapshot/panlex-20191001-csv/2893#110990274>		"نىتروگېن"@ug	
"цинк"@lez	<https://panlex.org/snapshot/panlex-20191001-csv/2893#110993555>				<https://panlex.org/snapshot/panlex-20191001-csv/2893#110993498>		"цинк"@ug	
"цинк"@lez	<https://panlex.org/snapshot/panlex-20191001-csv/2893#110993555>				<https://panlex.org/snapshot/panlex-20191001-csv/2893#110993566>		"سىنك"@ug	
"цинк"@lez	<https://panlex.org/snapshot/panlex-20191001-csv/2893#110993555>				<https://panlex.org/snapshot/panlex-20191001-csv/2893#110993502>		"sink"@ug	
"алтун"@lez	<https://panlex.org/snapshot/panlex-20191001-csv/2893#110995214>				<https://panlex.org/snapshot/panlex-20191001-csv/2893#110995319>		"ئالتۇن"@ug	
"алтун"@lez	<https://panlex.org/snapshot/panlex-20191001-csv/2893#110995214>				<https://panlex.org/snapshot/panlex-20191001-csv/2893#110995212>		"altun"@ug	
"алтун"@lez	<https://panlex.org/snapshot/panlex-20191001-csv/2893#110995214>				<https://panlex.org/snapshot/panlex-20191001-csv/2893#110995314>		"алтун"@ug	
"наргимиш"@lez	<https://panlex.org/snapshot/panlex-20191001-csv/2893#110993742>				<https://panlex.org/snapshot/panlex-20191001-csv/2893#110993769>		"арсен"@ug	
"наргимиш"@lez	<https://panlex.org/snapshot/panlex-20191001-csv/2893#110993742>				<https://panlex.org/snapshot/panlex-20191001-csv/2893#110993691>		"arsén"@ug	
"наргимиш"@lez	<https://panlex.org/snapshot/panlex-20191001-csv/2893#110993742>				<https://panlex.org/snapshot/panlex-20191001-csv/2893#110993601>		"ئارسېن"@ug	
"платина"@lez	<https://panlex.org/snapshot/panlex-20191001-csv/2893#110994975>				<https://panlex.org/snapshot/panlex-20191001-csv/2893#110995122>		"ئاق ئالتۇن"@ug	
"платина"@lez	<https://panlex.org/snapshot/panlex-20191001-csv/2893#110994975>				<https://panlex.org/snapshot/panlex-20191001-csv/2893#110994981>		"platina"@ug	
"платина"@lez	<https://panlex.org/snapshot/panlex-20191001-csv/2893#110994975>				<https://panlex.org/snapshot/panlex-20191001-csv/2893#110995047>		"پلاتىنا"@ug	
"платина"@lez	<https://panlex.org/snapshot/panlex-20191001-csv/2893#110994975>				<https://panlex.org/snapshot/panlex-20191001-csv/2893#110995026>		"aq altun"@ug	
"платина"@lez	<https://panlex.org/snapshot/panlex-20191001-csv/2893#110994975>				<https://panlex.org/snapshot/panlex-20191001-csv/2893#110995097>		"ақ алтун"@ug	
"платина"@lez	<https://panlex.org/snapshot/panlex-20191001-csv/2893#110994975>				<https://panlex.org/snapshot/panlex-20191001-csv/2893#110995002>		"платина"@ug	
"фосфор"@lez	<https://panlex.org/snapshot/panlex-20191001-csv/2893#110991682>				<https://panlex.org/snapshot/panlex-20191001-csv/2893#110991767>		"فوسفور"@ug	
"фосфор"@lez	<https://panlex.org/snapshot/panlex-20191001-csv/2893#110991682>				<https://panlex.org/snapshot/panlex-20191001-csv/2893#110991674>		"fosfor"@ug	
"фосфор"@lez	<https://panlex.org/snapshot/panlex-20191001-csv/2893#110991682>				<https://panlex.org/snapshot/panlex-20191001-csv/2893#110991714>		"фосфор"@ug	
"никель"@lez	<https://panlex.org/snapshot/panlex-20191001-csv/2893#110993024>				<https://panlex.org/snapshot/panlex-20191001-csv/2893#110993065>		"nikél"@ug	
"никель"@lez	<https://panlex.org/snapshot/panlex-20191001-csv/2893#110993024>				<https://panlex.org/snapshot/panlex-20191001-csv/2893#110993100>		"никель"@ug	
"никель"@lez	<https://panlex.org/snapshot/panlex-20191001-csv/2893#110993024>				<https://panlex.org/snapshot/panlex-20191001-csv/2893#110992993>		"نىكېل"@ug	
"гимиш"@lez	<https://panlex.org/snapshot/panlex-20191001-csv/2893#110993978>				<https://panlex.org/snapshot/panlex-20191001-csv/2893#110993998>		"kümüsh"@ug	
"гимиш"@lez	<https://panlex.org/snapshot/panlex-20191001-csv/2893#110993978>				<https://panlex.org/snapshot/panlex-20191001-csv/2893#110994081>		"كۈمۈش"@ug	
"гимиш"@lez	<https://panlex.org/snapshot/panlex-20191001-csv/2893#110993978>				<https://panlex.org/snapshot/panlex-20191001-csv/2893#110994067>		"күмүш"@ug	
"Африкадин Садвал"@lez	<https://panlex.org/snapshot/panlex-20191001-csv/2894#111099512>				<https://panlex.org/snapshot/panlex-20191001-csv/2894#111099538>		"ئافرىقا ئىتتىپاقى"@ug	
"Африкадин Садвал"@lez	<https://panlex.org/snapshot/panlex-20191001-csv/2894#111099512>				<https://panlex.org/snapshot/panlex-20191001-csv/2894#111099489>		"Африқа Иттипақи"@ug	
"Африкадин Садвал"@lez	<https://panlex.org/snapshot/panlex-20191001-csv/2894#111099512>				<https://panlex.org/snapshot/panlex-20191001-csv/2894#111099637>		"Afriqa Ittipaqi"@ug	
"Садхьанвай миллетрин тешкилат"@lez	<https://panlex.org/snapshot/panlex-20191001-csv/2894#111101945>				<https://panlex.org/snapshot/panlex-20191001-csv/2894#111101949>		"بىرلەشكەن دۆلەتلەر تەشكىلاتى"@ug	
"Садхьанвай миллетрин тешкилат"@lez	<https://panlex.org/snapshot/panlex-20191001-csv/2894#111101945>				<https://panlex.org/snapshot/panlex-20191001-csv/2894#111101904>		"Бирләшкән Дөләтләр Тәшкилати"@ug	
"Садхьанвай миллетрин тешкилат"@lez	<https://panlex.org/snapshot/panlex-20191001-csv/2894#111101945>				<https://panlex.org/snapshot/panlex-20191001-csv/2894#111101872>		"Birleshken Döletler Teshkilati"@ug	
"Африкадин Галкӏ"@lez	<https://panlex.org/snapshot/panlex-20191001-csv/2894#111099643>				<https://panlex.org/snapshot/panlex-20191001-csv/2894#111099538>		"ئافرىقا ئىتتىپاقى"@ug	
"Африкадин Галкӏ"@lez	<https://panlex.org/snapshot/panlex-20191001-csv/2894#111099643>				<https://panlex.org/snapshot/panlex-20191001-csv/2894#111099489>		"Африқа Иттипақи"@ug	
"Африкадин Галкӏ"@lez	<https://panlex.org/snapshot/panlex-20191001-csv/2894#111099643>				<https://panlex.org/snapshot/panlex-20191001-csv/2894#111099637>		"Afriqa Ittipaqi"@ug	
"СМТ"@lez	<https://panlex.org/snapshot/panlex-20191001-csv/2894#111102027>				<https://panlex.org/snapshot/panlex-20191001-csv/2894#111101949>		"بىرلەشكەن دۆلەتلەر تەشكىلاتى"@ug	
"СМТ"@lez	<https://panlex.org/snapshot/panlex-20191001-csv/2894#111102027>				<https://panlex.org/snapshot/panlex-20191001-csv/2894#111101904>		"Бирләшкән Дөләтләр Тәшкилати"@ug	
"СМТ"@lez	<https://panlex.org/snapshot/panlex-20191001-csv/2894#111102027>				<https://panlex.org/snapshot/panlex-20191001-csv/2894#111101872>		"Birleshken Döletler Teshkilati"@ug	
"Арабрин гьукуматардин лига"@lez	<https://panlex.org/snapshot/panlex-20191001-csv/2894#111100894>				<https://panlex.org/snapshot/panlex-20191001-csv/2894#111100946>		"Ereb birleshmisi"@ug	
"Арабрин гьукуматардин лига"@lez	<https://panlex.org/snapshot/panlex-20191001-csv/2894#111100894>				<https://panlex.org/snapshot/panlex-20191001-csv/2894#111100915>		"Әрәб бирләшмиси"@ug	
"Арабрин гьукуматардин лига"@lez	<https://panlex.org/snapshot/panlex-20191001-csv/2894#111100894>				<https://panlex.org/snapshot/panlex-20191001-csv/2894#111100923>		"ئەرەب بىرلەشمىسى"@ug	
"Европадин Садвал"@lez	<https://panlex.org/snapshot/panlex-20191001-csv/2894#111100301>				<https://panlex.org/snapshot/panlex-20191001-csv/2894#111100166>		"Явропа Иттипақи"@ug	
"Европадин Садвал"@lez	<https://panlex.org/snapshot/panlex-20191001-csv/2894#111100301>				<https://panlex.org/snapshot/panlex-20191001-csv/2894#111100275>		"Yawropa Ittipaqi"@ug	
"Европадин Садвал"@lez	<https://panlex.org/snapshot/panlex-20191001-csv/2894#111100301>				<https://panlex.org/snapshot/panlex-20191001-csv/2894#111100232>		"ياۋروپا ئىتتىپاقى"@ug	
"Европадин Галкӏ"@lez	<https://panlex.org/snapshot/panlex-20191001-csv/2894#111100229>				<https://panlex.org/snapshot/panlex-20191001-csv/2894#111100166>		"Явропа Иттипақи"@ug	
"Европадин Галкӏ"@lez	<https://panlex.org/snapshot/panlex-20191001-csv/2894#111100229>				<https://panlex.org/snapshot/panlex-20191001-csv/2894#111100275>		"Yawropa Ittipaqi"@ug	
"Европадин Галкӏ"@lez	<https://panlex.org/snapshot/panlex-20191001-csv/2894#111100229>				<https://panlex.org/snapshot/panlex-20191001-csv/2894#111100232>		"ياۋروپا ئىتتىپاقى"@ug	
"арбе"@lez	<https://panlex.org/snapshot/panlex-20191001-csv/2892#110824938>				<https://panlex.org/snapshot/panlex-20191001-csv/2892#110824941>		"чаршәнбә"@ug	
"арбе"@lez	<https://panlex.org/snapshot/panlex-20191001-csv/2892#110824938>				<https://panlex.org/snapshot/panlex-20191001-csv/2892#110825237>		"charshenbe"@ug	
"арбе"@lez	<https://panlex.org/snapshot/panlex-20191001-csv/2892#110824938>				<https://panlex.org/snapshot/panlex-20191001-csv/2892#110825124>		"چارشەنبە"@ug	
"киш"@lez	<https://panlex.org/snapshot/panlex-20191001-csv/2892#110826265>				<https://panlex.org/snapshot/panlex-20191001-csv/2892#110826146>		"شەنبە"@ug	
"киш"@lez	<https://panlex.org/snapshot/panlex-20191001-csv/2892#110826265>				<https://panlex.org/snapshot/panlex-20191001-csv/2892#110826178>		"shenbe"@ug	
"киш"@lez	<https://panlex.org/snapshot/panlex-20191001-csv/2892#110826265>				<https://panlex.org/snapshot/panlex-20191001-csv/2892#110826488>		"шәнбә"@ug	
"ислен"@lez	<https://panlex.org/snapshot/panlex-20191001-csv/2892#110824152>				<https://panlex.org/snapshot/panlex-20191001-csv/2892#110824373>		"düshenbe"@ug	
"ислен"@lez	<https://panlex.org/snapshot/panlex-20191001-csv/2892#110824152>				<https://panlex.org/snapshot/panlex-20191001-csv/2892#110824209>		"دۈشەنبە"@ug	
"ислен"@lez	<https://panlex.org/snapshot/panlex-20191001-csv/2892#110824152>				<https://panlex.org/snapshot/panlex-20191001-csv/2892#110824132>		"дүшәнбә"@ug	
"гьяд"@lez	<https://panlex.org/snapshot/panlex-20191001-csv/2892#110826797>				<https://panlex.org/snapshot/panlex-20191001-csv/2892#110826931>		"يەكشەنبە"@ug	
"гьяд"@lez	<https://panlex.org/snapshot/panlex-20191001-csv/2892#110826797>				<https://panlex.org/snapshot/panlex-20191001-csv/2892#110826737>		"yekshenbe"@ug	
"гьяд"@lez	<https://panlex.org/snapshot/panlex-20191001-csv/2892#110826797>				<https://panlex.org/snapshot/panlex-20191001-csv/2892#110826641>		"йәкшәнбә"@ug	
"саласа"@lez	<https://panlex.org/snapshot/panlex-20191001-csv/2892#110824843>				<https://panlex.org/snapshot/panlex-20191001-csv/2892#110824637>		"سەيشەنبە"@ug	
"саласа"@lez	<https://panlex.org/snapshot/panlex-20191001-csv/2892#110824843>				<https://panlex.org/snapshot/panlex-20191001-csv/2892#110824434>		"seyshenbe"@ug	
"саласа"@lez	<https://panlex.org/snapshot/panlex-20191001-csv/2892#110824843>				<https://panlex.org/snapshot/panlex-20191001-csv/2892#110824800>		"сәйшәнбә"@ug	
"жумя"@lez	<https://panlex.org/snapshot/panlex-20191001-csv/2892#110825731>				<https://panlex.org/snapshot/panlex-20191001-csv/2892#110826088>		"jüme"@ug	
"жумя"@lez	<https://panlex.org/snapshot/panlex-20191001-csv/2892#110825731>				<https://panlex.org/snapshot/panlex-20191001-csv/2892#110825903>		"җүмә"@ug	
"жумя"@lez	<https://panlex.org/snapshot/panlex-20191001-csv/2892#110825731>				<https://panlex.org/snapshot/panlex-20191001-csv/2892#110826063>		"جۈمە"@ug	
"хемис"@lez	<https://panlex.org/snapshot/panlex-20191001-csv/2892#110825462>				<https://panlex.org/snapshot/panlex-20191001-csv/2892#110825576>		"پەيشەنبە"@ug	
"хемис"@lez	<https://panlex.org/snapshot/panlex-20191001-csv/2892#110825462>				<https://panlex.org/snapshot/panlex-20191001-csv/2892#110825370>		"peyshenbe"@ug	
"хемис"@lez	<https://panlex.org/snapshot/panlex-20191001-csv/2892#110825462>				<https://panlex.org/snapshot/panlex-20191001-csv/2892#110825587>		"пәйшәнбә"@ug	
"сентябрь"@lez	<https://panlex.org/snapshot/panlex-20191001-csv/2897#110830519>				<https://panlex.org/snapshot/panlex-20191001-csv/2897#110830617>		"سېنتەبىر"@ug	
"сентябрь"@lez	<https://panlex.org/snapshot/panlex-20191001-csv/2897#110830519>				<https://panlex.org/snapshot/panlex-20191001-csv/2897#110830329>		"сентябрь"@ug	
"сентябрь"@lez	<https://panlex.org/snapshot/panlex-20191001-csv/2897#110830519>				<https://panlex.org/snapshot/panlex-20191001-csv/2897#110830705>		"séntebir"@ug	
"нава"@lez	<https://panlex.org/snapshot/panlex-20191001-csv/2897#110828365>				<https://panlex.org/snapshot/panlex-20191001-csv/2897#110828304>		"апрель"@ug	
"нава"@lez	<https://panlex.org/snapshot/panlex-20191001-csv/2897#110828365>				<https://panlex.org/snapshot/panlex-20191001-csv/2897#110828624>		"aprél"@ug	
"нава"@lez	<https://panlex.org/snapshot/panlex-20191001-csv/2897#110828365>				<https://panlex.org/snapshot/panlex-20191001-csv/2897#110828600>		"ئاپرېل"@ug	
"февраль"@lez	<https://panlex.org/snapshot/panlex-20191001-csv/2897#110827499>				<https://panlex.org/snapshot/panlex-20191001-csv/2897#110827783>		"féwral"@ug	
"февраль"@lez	<https://panlex.org/snapshot/panlex-20191001-csv/2897#110827499>				<https://panlex.org/snapshot/panlex-20191001-csv/2897#110827536>		"февраль"@ug	
"февраль"@lez	<https://panlex.org/snapshot/panlex-20191001-csv/2897#110827499>				<https://panlex.org/snapshot/panlex-20191001-csv/2897#110827831>		"فېۋرال"@ug	
"мара"@lez	<https://panlex.org/snapshot/panlex-20191001-csv/2897#110830531>				<https://panlex.org/snapshot/panlex-20191001-csv/2897#110830617>		"سېنتەبىر"@ug	
"мара"@lez	<https://panlex.org/snapshot/panlex-20191001-csv/2897#110830531>				<https://panlex.org/snapshot/panlex-20191001-csv/2897#110830329>		"сентябрь"@ug	
"мара"@lez	<https://panlex.org/snapshot/panlex-20191001-csv/2897#110830531>				<https://panlex.org/snapshot/panlex-20191001-csv/2897#110830705>		"séntebir"@ug	
"тӏул"@lez	<https://panlex.org/snapshot/panlex-20191001-csv/2897#110828685>				<https://panlex.org/snapshot/panlex-20191001-csv/2897#110828808>		"may"@ug	
"тӏул"@lez	<https://panlex.org/snapshot/panlex-20191001-csv/2897#110828685>				<https://panlex.org/snapshot/panlex-20191001-csv/2897#110828748>		"ماي"@ug	
"тӏул"@lez	<https://panlex.org/snapshot/panlex-20191001-csv/2897#110828685>				<https://panlex.org/snapshot/panlex-20191001-csv/2897#110828692>		"май"@ug	
"декабрь"@lez	<https://panlex.org/snapshot/panlex-20191001-csv/2897#110831958>				<https://panlex.org/snapshot/panlex-20191001-csv/2897#110831762>		"dékabir"@ug	
"декабрь"@lez	<https://panlex.org/snapshot/panlex-20191001-csv/2897#110831958>				<https://panlex.org/snapshot/panlex-20191001-csv/2897#110831969>		"دېكابىر"@ug	
"декабрь"@lez	<https://panlex.org/snapshot/panlex-20191001-csv/2897#110831958>				<https://panlex.org/snapshot/panlex-20191001-csv/2897#110831808>		"декабрь"@ug	
"апрель"@lez	<https://panlex.org/snapshot/panlex-20191001-csv/2897#110828476>				<https://panlex.org/snapshot/panlex-20191001-csv/2897#110828304>		"апрель"@ug	
"апрель"@lez	<https://panlex.org/snapshot/panlex-20191001-csv/2897#110828476>				<https://panlex.org/snapshot/panlex-20191001-csv/2897#110828624>		"aprél"@ug	
"апрель"@lez	<https://panlex.org/snapshot/panlex-20191001-csv/2897#110828476>				<https://panlex.org/snapshot/panlex-20191001-csv/2897#110828600>		"ئاپرېل"@ug	
"июнь"@lez	<https://panlex.org/snapshot/panlex-20191001-csv/2897#110829161>				<https://panlex.org/snapshot/panlex-20191001-csv/2897#110829209>		"июнь"@ug	
"июнь"@lez	<https://panlex.org/snapshot/panlex-20191001-csv/2897#110829161>				<https://panlex.org/snapshot/panlex-20191001-csv/2897#110829177>		"ئىيۇن"@ug	
"июнь"@lez	<https://panlex.org/snapshot/panlex-20191001-csv/2897#110829161>				<https://panlex.org/snapshot/panlex-20191001-csv/2897#110829348>		"iyun"@ug	
"октябрь"@lez	<https://panlex.org/snapshot/panlex-20191001-csv/2897#110830905>				<https://panlex.org/snapshot/panlex-20191001-csv/2897#110830847>		"ئۆكتەبىر"@ug	
"октябрь"@lez	<https://panlex.org/snapshot/panlex-20191001-csv/2897#110830905>				<https://panlex.org/snapshot/panlex-20191001-csv/2897#110830910>		"öktebir"@ug	
"октябрь"@lez	<https://panlex.org/snapshot/panlex-20191001-csv/2897#110830905>				<https://panlex.org/snapshot/panlex-20191001-csv/2897#110830992>		"октябрь"@ug	
"январь"@lez	<https://panlex.org/snapshot/panlex-20191001-csv/2897#110827170>				<https://panlex.org/snapshot/panlex-20191001-csv/2897#110827282>		"yanwar"@ug	
"январь"@lez	<https://panlex.org/snapshot/panlex-20191001-csv/2897#110827170>				<https://panlex.org/snapshot/panlex-20191001-csv/2897#110827284>		"يانۋار"@ug	
"январь"@lez	<https://panlex.org/snapshot/panlex-20191001-csv/2897#110827170>				<https://panlex.org/snapshot/panlex-20191001-csv/2897#110827194>		"январь"@ug	
"фандукӏ"@lez	<https://panlex.org/snapshot/panlex-20191001-csv/2897#110831761>				<https://panlex.org/snapshot/panlex-20191001-csv/2897#110831762>		"dékabir"@ug	
"фандукӏ"@lez	<https://panlex.org/snapshot/panlex-20191001-csv/2897#110831761>				<https://panlex.org/snapshot/panlex-20191001-csv/2897#110831969>		"دېكابىر"@ug	
"фандукӏ"@lez	<https://panlex.org/snapshot/panlex-20191001-csv/2897#110831761>				<https://panlex.org/snapshot/panlex-20191001-csv/2897#110831808>		"декабрь"@ug	
"баскӏум"@lez	<https://panlex.org/snapshot/panlex-20191001-csv/2897#110831076>				<https://panlex.org/snapshot/panlex-20191001-csv/2897#110830847>		"ئۆكتەبىر"@ug	
"баскӏум"@lez	<https://panlex.org/snapshot/panlex-20191001-csv/2897#110831076>				<https://panlex.org/snapshot/panlex-20191001-csv/2897#110830910>		"öktebir"@ug	
"баскӏум"@lez	<https://panlex.org/snapshot/panlex-20191001-csv/2897#110831076>				<https://panlex.org/snapshot/panlex-20191001-csv/2897#110830992>		"октябрь"@ug	
"эхем"@lez	<https://panlex.org/snapshot/panlex-20191001-csv/2897#110827801>				<https://panlex.org/snapshot/panlex-20191001-csv/2897#110827783>		"féwral"@ug	
"эхем"@lez	<https://panlex.org/snapshot/panlex-20191001-csv/2897#110827801>				<https://panlex.org/snapshot/panlex-20191001-csv/2897#110827536>		"февраль"@ug	
"эхем"@lez	<https://panlex.org/snapshot/panlex-20191001-csv/2897#110827801>				<https://panlex.org/snapshot/panlex-20191001-csv/2897#110827831>		"فېۋرال"@ug	
"март"@lez	<https://panlex.org/snapshot/panlex-20191001-csv/2897#110828039>				<https://panlex.org/snapshot/panlex-20191001-csv/2897#110827934>		"mart"@ug	
"март"@lez	<https://panlex.org/snapshot/panlex-20191001-csv/2897#110828039>				<https://panlex.org/snapshot/panlex-20191001-csv/2897#110827893>		"март"@ug	
"март"@lez	<https://panlex.org/snapshot/panlex-20191001-csv/2897#110828039>				<https://panlex.org/snapshot/panlex-20191001-csv/2897#110828177>		"مارت"@ug	
"чиле"@lez	<https://panlex.org/snapshot/panlex-20191001-csv/2897#110829762>				<https://panlex.org/snapshot/panlex-20191001-csv/2897#110829693>		"ئىيۇل"@ug	
"чиле"@lez	<https://panlex.org/snapshot/panlex-20191001-csv/2897#110829762>				<https://panlex.org/snapshot/panlex-20191001-csv/2897#110829528>		"июль"@ug	
"чиле"@lez	<https://panlex.org/snapshot/panlex-20191001-csv/2897#110829762>				<https://panlex.org/snapshot/panlex-20191001-csv/2897#110829689>		"iyul"@ug	
"пахун"@lez	<https://panlex.org/snapshot/panlex-20191001-csv/2897#110830173>				<https://panlex.org/snapshot/panlex-20191001-csv/2897#110830098>		"август"@ug	
"пахун"@lez	<https://panlex.org/snapshot/panlex-20191001-csv/2897#110830173>				<https://panlex.org/snapshot/panlex-20191001-csv/2897#110829904>		"ئاۋغۇست"@ug	
"пахун"@lez	<https://panlex.org/snapshot/panlex-20191001-csv/2897#110830173>				<https://panlex.org/snapshot/panlex-20191001-csv/2897#110830002>		"awghust"@ug	
"ибне"@lez	<https://panlex.org/snapshot/panlex-20191001-csv/2897#110828202>				<https://panlex.org/snapshot/panlex-20191001-csv/2897#110827934>		"mart"@ug	
"ибне"@lez	<https://panlex.org/snapshot/panlex-20191001-csv/2897#110828202>				<https://panlex.org/snapshot/panlex-20191001-csv/2897#110827893>		"март"@ug	
"ибне"@lez	<https://panlex.org/snapshot/panlex-20191001-csv/2897#110828202>				<https://panlex.org/snapshot/panlex-20191001-csv/2897#110828177>		"مارت"@ug	
"гьер"@lez	<https://panlex.org/snapshot/panlex-20191001-csv/2897#110827226>				<https://panlex.org/snapshot/panlex-20191001-csv/2897#110827282>		"yanwar"@ug	
"гьер"@lez	<https://panlex.org/snapshot/panlex-20191001-csv/2897#110827226>				<https://panlex.org/snapshot/panlex-20191001-csv/2897#110827284>		"يانۋار"@ug	
"гьер"@lez	<https://panlex.org/snapshot/panlex-20191001-csv/2897#110827226>				<https://panlex.org/snapshot/panlex-20191001-csv/2897#110827194>		"январь"@ug	
"цӏехуьл"@lez	<https://panlex.org/snapshot/panlex-20191001-csv/2897#110831296>				<https://panlex.org/snapshot/panlex-20191001-csv/2897#110831342>		"noyabir"@ug	
"цӏехуьл"@lez	<https://panlex.org/snapshot/panlex-20191001-csv/2897#110831296>				<https://panlex.org/snapshot/panlex-20191001-csv/2897#110831331>		"ноябрь"@ug	
"цӏехуьл"@lez	<https://panlex.org/snapshot/panlex-20191001-csv/2897#110831296>				<https://panlex.org/snapshot/panlex-20191001-csv/2897#110831486>		"نويابىر"@ug	
"август"@lez	<https://panlex.org/snapshot/panlex-20191001-csv/2897#110830154>				<https://panlex.org/snapshot/panlex-20191001-csv/2897#110830098>		"август"@ug	
"август"@lez	<https://panlex.org/snapshot/panlex-20191001-csv/2897#110830154>				<https://panlex.org/snapshot/panlex-20191001-csv/2897#110829904>		"ئاۋغۇست"@ug	
"август"@lez	<https://panlex.org/snapshot/panlex-20191001-csv/2897#110830154>				<https://panlex.org/snapshot/panlex-20191001-csv/2897#110830002>		"awghust"@ug	
"июль"@lez	<https://panlex.org/snapshot/panlex-20191001-csv/2897#110829616>				<https://panlex.org/snapshot/panlex-20191001-csv/2897#110829693>		"ئىيۇل"@ug	
"июль"@lez	<https://panlex.org/snapshot/panlex-20191001-csv/2897#110829616>				<https://panlex.org/snapshot/panlex-20191001-csv/2897#110829528>		"июль"@ug	
"июль"@lez	<https://panlex.org/snapshot/panlex-20191001-csv/2897#110829616>				<https://panlex.org/snapshot/panlex-20191001-csv/2897#110829689>		"iyul"@ug	
"къамуг"@lez	<https://panlex.org/snapshot/panlex-20191001-csv/2897#110829441>				<https://panlex.org/snapshot/panlex-20191001-csv/2897#110829209>		"июнь"@ug	
"къамуг"@lez	<https://panlex.org/snapshot/panlex-20191001-csv/2897#110829441>				<https://panlex.org/snapshot/panlex-20191001-csv/2897#110829177>		"ئىيۇن"@ug	
"къамуг"@lez	<https://panlex.org/snapshot/panlex-20191001-csv/2897#110829441>				<https://panlex.org/snapshot/panlex-20191001-csv/2897#110829348>		"iyun"@ug	
"май"@lez	<https://panlex.org/snapshot/panlex-20191001-csv/2897#110828995>				<https://panlex.org/snapshot/panlex-20191001-csv/2897#110828808>		"may"@ug	
"май"@lez	<https://panlex.org/snapshot/panlex-20191001-csv/2897#110828995>				<https://panlex.org/snapshot/panlex-20191001-csv/2897#110828748>		"ماي"@ug	
"май"@lez	<https://panlex.org/snapshot/panlex-20191001-csv/2897#110828995>				<https://panlex.org/snapshot/panlex-20191001-csv/2897#110828692>		"май"@ug	
"ноябрь"@lez	<https://panlex.org/snapshot/panlex-20191001-csv/2897#110831150>				<https://panlex.org/snapshot/panlex-20191001-csv/2897#110831342>		"noyabir"@ug	
"ноябрь"@lez	<https://panlex.org/snapshot/panlex-20191001-csv/2897#110831150>				<https://panlex.org/snapshot/panlex-20191001-csv/2897#110831331>		"ноябрь"@ug	
"ноябрь"@lez	<https://panlex.org/snapshot/panlex-20191001-csv/2897#110831150>				<https://panlex.org/snapshot/panlex-20191001-csv/2897#110831486>		"نويابىر"@ug	
"Азия"@lez	<https://panlex.org/snapshot/panlex-20191001-csv/2891#110854023>				<https://panlex.org/snapshot/panlex-20191001-csv/2891#110853794>		"Asiye"@ug	
"Азия"@lez	<https://panlex.org/snapshot/panlex-20191001-csv/2891#110854023>				<https://panlex.org/snapshot/panlex-20191001-csv/2891#110853826>		"Асия"@ug	
"Азия"@lez	<https://panlex.org/snapshot/panlex-20191001-csv/2891#110854023>				<https://panlex.org/snapshot/panlex-20191001-csv/2891#110853817>		"ئاسىيە"@ug	
"Океания"@lez	<https://panlex.org/snapshot/panlex-20191001-csv/2891#110854451>				<https://panlex.org/snapshot/panlex-20191001-csv/2891#110854414>		"ئوكيانىيە"@ug	
"Океания"@lez	<https://panlex.org/snapshot/panlex-20191001-csv/2891#110854451>				<https://panlex.org/snapshot/panlex-20191001-csv/2891#110854439>		"Океания"@ug	
"Океания"@lez	<https://panlex.org/snapshot/panlex-20191001-csv/2891#110854451>				<https://panlex.org/snapshot/panlex-20191001-csv/2891#110854413>		"Okyaniye"@ug	
"Америка"@lez	<https://panlex.org/snapshot/panlex-20191001-csv/2891#110853416>				<https://panlex.org/snapshot/panlex-20191001-csv/2891#110853518>		"Amérika"@ug	
"Америка"@lez	<https://panlex.org/snapshot/panlex-20191001-csv/2891#110853416>				<https://panlex.org/snapshot/panlex-20191001-csv/2891#110853501>		"ئامېرىكا"@ug	
"Америка"@lez	<https://panlex.org/snapshot/panlex-20191001-csv/2891#110853416>				<https://panlex.org/snapshot/panlex-20191001-csv/2891#110853401>		"Америка"@ug	
"Антарктида"@lez	<https://panlex.org/snapshot/panlex-20191001-csv/2891#110853757>				<https://panlex.org/snapshot/panlex-20191001-csv/2891#110853584>		"Antarktida"@ug	
"Антарктида"@lez	<https://panlex.org/snapshot/panlex-20191001-csv/2891#110853757>				<https://panlex.org/snapshot/panlex-20191001-csv/2891#110853719>		"ئانتاركتىدا"@ug	
"Антарктида"@lez	<https://panlex.org/snapshot/panlex-20191001-csv/2891#110853757>				<https://panlex.org/snapshot/panlex-20191001-csv/2891#110853764>		"Антарктида"@ug	
"Европа"@lez	<https://panlex.org/snapshot/panlex-20191001-csv/2891#110854139>				<https://panlex.org/snapshot/panlex-20191001-csv/2891#110854053>		"Yawropa"@ug	
"Европа"@lez	<https://panlex.org/snapshot/panlex-20191001-csv/2891#110854139>				<https://panlex.org/snapshot/panlex-20191001-csv/2891#110854109>		"ياۋروپا"@ug	
"Европа"@lez	<https://panlex.org/snapshot/panlex-20191001-csv/2891#110854139>				<https://panlex.org/snapshot/panlex-20191001-csv/2891#110854115>		"Явропа"@ug	
"Африка"@lez	<https://panlex.org/snapshot/panlex-20191001-csv/2891#110853252>				<https://panlex.org/snapshot/panlex-20191001-csv/2891#110853152>		"Африқа"@ug	
"Африка"@lez	<https://panlex.org/snapshot/panlex-20191001-csv/2891#110853252>				<https://panlex.org/snapshot/panlex-20191001-csv/2891#110853119>		"Afriqa"@ug	
"Африка"@lez	<https://panlex.org/snapshot/panlex-20191001-csv/2891#110853252>				<https://panlex.org/snapshot/panlex-20191001-csv/2891#110853249>		"ئافرىقا"@ug	
"Рагар авай сувар"@lez	<https://panlex.org/snapshot/panlex-20191001-csv/2896#110866768>				<https://panlex.org/snapshot/panlex-20191001-csv/2896#110866822>		"Қийилиқ тағлар"@ug	
"Рагар авай сувар"@lez	<https://panlex.org/snapshot/panlex-20191001-csv/2896#110866768>				<https://panlex.org/snapshot/panlex-20191001-csv/2896#110866848>		"قىيىلىق تاغلار"@ug	
"Рагар авай сувар"@lez	<https://panlex.org/snapshot/panlex-20191001-csv/2896#110866768>				<https://panlex.org/snapshot/panlex-20191001-csv/2896#110866807>		"Qiyiliq taghlar"@ug	
"Къавкъаз"@lez	<https://panlex.org/snapshot/panlex-20191001-csv/2896#110866306>				<https://panlex.org/snapshot/panlex-20191001-csv/2896#110866337>		"Kawkaz"@ug	
"Къавкъаз"@lez	<https://panlex.org/snapshot/panlex-20191001-csv/2896#110866306>				<https://panlex.org/snapshot/panlex-20191001-csv/2896#110866302>		"Кавказ"@ug	
"Къавкъаз"@lez	<https://panlex.org/snapshot/panlex-20191001-csv/2896#110866306>				<https://panlex.org/snapshot/panlex-20191001-csv/2896#110866333>		"كاۋكاز"@ug	
