"Amerikaanisch-Samoa"@gsw	<https://panlex.org/snapshot/panlex-20191001-csv/6898#113606182>				<https://panlex.org/snapshot/panlex-20191001-csv/6898#113606222>		"Samoa ya Marekani"@jmc	
"Maläisia"@gsw	<https://panlex.org/snapshot/panlex-20191001-csv/6898#113584791>				<https://panlex.org/snapshot/panlex-20191001-csv/6898#113584764>		"Malesia"@jmc	
"Thailand"@gsw	<https://panlex.org/snapshot/panlex-20191001-csv/6898#113603751>				<https://panlex.org/snapshot/panlex-20191001-csv/6898#113603722>		"Tailandi"@jmc	
"Antigua und Barbuda"@gsw	<https://panlex.org/snapshot/panlex-20191001-csv/6898#113643716>				<https://panlex.org/snapshot/panlex-20191001-csv/6898#113643760>		"Antigua na Barbuda"@jmc	
"Japan"@gsw	<https://panlex.org/snapshot/panlex-20191001-csv/6898#113634811>				<https://panlex.org/snapshot/panlex-20191001-csv/6898#113634777>		"Japani"@jmc	
"Pitggäärn"@gsw	<https://panlex.org/snapshot/panlex-20191001-csv/6898#113602789>				<https://panlex.org/snapshot/panlex-20191001-csv/6898#113602928>		"Pitkairni"@jmc	
"Mazedoonie"@gsw	<https://panlex.org/snapshot/panlex-20191001-csv/6898#113613490>				<https://panlex.org/snapshot/panlex-20191001-csv/6898#113613236>		"Masedonia"@jmc	
"St. Kitts und Niuwis"@gsw	<https://panlex.org/snapshot/panlex-20191001-csv/6898#113634409>				<https://panlex.org/snapshot/panlex-20191001-csv/6898#113634258>		"Santakitzi na Nevis"@jmc	
"Barbados"@gsw	<https://panlex.org/snapshot/panlex-20191001-csv/6898#113620412>				<https://panlex.org/snapshot/panlex-20191001-csv/6898#113620484>		"Babadosi"@jmc	
"Irland"@gsw	<https://panlex.org/snapshot/panlex-20191001-csv/6898#113625939>				<https://panlex.org/snapshot/panlex-20191001-csv/6898#113625873>		"Ayalandi"@jmc	
"USA"@gsw	<https://panlex.org/snapshot/panlex-20191001-csv/6898#113597983>				<https://panlex.org/snapshot/panlex-20191001-csv/6898#113598140>		"Marekani"@jmc	
"Moosörrat"@gsw	<https://panlex.org/snapshot/panlex-20191001-csv/6898#113618326>				<https://panlex.org/snapshot/panlex-20191001-csv/6898#113618437>		"Montserrati"@jmc	
"Veräinigti Schtaate"@gsw	<https://panlex.org/snapshot/panlex-20191001-csv/6898#113598099>				<https://panlex.org/snapshot/panlex-20191001-csv/6898#113598140>		"Marekani"@jmc	
"Geoorgie"@gsw	<https://panlex.org/snapshot/panlex-20191001-csv/6898#113635164>				<https://panlex.org/snapshot/panlex-20191001-csv/6898#113635157>		"Jojia"@jmc	
"St. Vincent und d’Grönadiine"@gsw	<https://panlex.org/snapshot/panlex-20191001-csv/6898#113611777>				<https://panlex.org/snapshot/panlex-20191001-csv/6898#113611780>		"Santavisenti na Grenadini"@jmc	
"Gröönland"@gsw	<https://panlex.org/snapshot/panlex-20191001-csv/6898#113590607>				<https://panlex.org/snapshot/panlex-20191001-csv/6898#113590636>		"Grinlandi"@jmc	
"Omaan"@gsw	<https://panlex.org/snapshot/panlex-20191001-csv/6898#113622574>				<https://panlex.org/snapshot/panlex-20191001-csv/6898#113622521>		"Omani"@jmc	
"Littaue"@gsw	<https://panlex.org/snapshot/panlex-20191001-csv/6898#113632027>				<https://panlex.org/snapshot/panlex-20191001-csv/6898#113632089>		"Litwania"@jmc	
"Aruba"@gsw	<https://panlex.org/snapshot/panlex-20191001-csv/6898#113644183>				<https://panlex.org/snapshot/panlex-20191001-csv/6898#113644037>		"Aruba"@jmc	
"Majott"@gsw	<https://panlex.org/snapshot/panlex-20191001-csv/6898#113603996>				<https://panlex.org/snapshot/panlex-20191001-csv/6898#113603929>		"Mayotte"@jmc	
"Tänemark"@gsw	<https://panlex.org/snapshot/panlex-20191001-csv/6898#113629481>				<https://panlex.org/snapshot/panlex-20191001-csv/6898#113629601>		"Denmaki"@jmc	
"Tuneesie"@gsw	<https://panlex.org/snapshot/panlex-20191001-csv/6898#113606473>				<https://panlex.org/snapshot/panlex-20191001-csv/6898#113606421>		"Tunisia"@jmc	
"Ruanda"@gsw	<https://panlex.org/snapshot/panlex-20191001-csv/6898#113625577>				<https://panlex.org/snapshot/panlex-20191001-csv/6898#113625459>		"Rwanda"@jmc	
"Iraan"@gsw	<https://panlex.org/snapshot/panlex-20191001-csv/6898#113626069>				<https://panlex.org/snapshot/panlex-20191001-csv/6898#113626193>		"Uajemi"@jmc	
"Laaos"@gsw	<https://panlex.org/snapshot/panlex-20191001-csv/6898#113619027>				<https://panlex.org/snapshot/panlex-20191001-csv/6898#113619167>		"Laosi"@jmc	
"Indoneesie"@gsw	<https://panlex.org/snapshot/panlex-20191001-csv/6898#113633600>				<https://panlex.org/snapshot/panlex-20191001-csv/6898#113633586>		"Indonesia"@jmc	
"Tokelau"@gsw	<https://panlex.org/snapshot/panlex-20191001-csv/6898#113615804>				<https://panlex.org/snapshot/panlex-20191001-csv/6898#113615780>		"Tokelau"@jmc	
"Senegal"@gsw	<https://panlex.org/snapshot/panlex-20191001-csv/6898#113591148>				<https://panlex.org/snapshot/panlex-20191001-csv/6898#113591232>		"Senegali"@jmc	
"Tschibuuti"@gsw	<https://panlex.org/snapshot/panlex-20191001-csv/6898#113585773>				<https://panlex.org/snapshot/panlex-20191001-csv/6898#113585663>		"Jibuti"@jmc	
"St. Helena"@gsw	<https://panlex.org/snapshot/panlex-20191001-csv/6898#113622839>				<https://panlex.org/snapshot/panlex-20191001-csv/6898#113622722>		"Santahelena"@jmc	
"Tansaniia"@gsw	<https://panlex.org/snapshot/panlex-20191001-csv/6898#113627811>				<https://panlex.org/snapshot/panlex-20191001-csv/6898#113627776>		"Tanzania"@jmc	
"Amerikaanischi Jungfere-Insle"@gsw	<https://panlex.org/snapshot/panlex-20191001-csv/6898#113587796>				<https://panlex.org/snapshot/panlex-20191001-csv/6898#113587648>		"Visiwa vya Virgin vya Marekani"@jmc	
"Ägüpte"@gsw	<https://panlex.org/snapshot/panlex-20191001-csv/6898#113604596>				<https://panlex.org/snapshot/panlex-20191001-csv/6898#113604523>		"Misri"@jmc	
"Kambodscha"@gsw	<https://panlex.org/snapshot/panlex-20191001-csv/6898#113591877>				<https://panlex.org/snapshot/panlex-20191001-csv/6898#113591772>		"Kambodia"@jmc	
"Tüütschland"@gsw	<https://panlex.org/snapshot/panlex-20191001-csv/6898#113639335>				<https://panlex.org/snapshot/panlex-20191001-csv/6898#113639293>		"Ujerumani"@jmc	
"Somaalie"@gsw	<https://panlex.org/snapshot/panlex-20191001-csv/6898#113608512>				<https://panlex.org/snapshot/panlex-20191001-csv/6898#113608509>		"Somalia"@jmc	
"Trinidad und Tobaago"@gsw	<https://panlex.org/snapshot/panlex-20191001-csv/6898#113640054>				<https://panlex.org/snapshot/panlex-20191001-csv/6898#113640074>		"Trinidad na Tobago"@jmc	
"Slowakäi"@gsw	<https://panlex.org/snapshot/panlex-20191001-csv/6898#113614387>				<https://panlex.org/snapshot/panlex-20191001-csv/6898#113614539>		"Slovakia"@jmc	
"Bangladesch"@gsw	<https://panlex.org/snapshot/panlex-20191001-csv/6898#113632201>				<https://panlex.org/snapshot/panlex-20191001-csv/6898#113632144>		"Bangladeshi"@jmc	
"Kasachschtan"@gsw	<https://panlex.org/snapshot/panlex-20191001-csv/6898#113591046>				<https://panlex.org/snapshot/panlex-20191001-csv/6898#113591078>		"Kazakistani"@jmc	
"Malta"@gsw	<https://panlex.org/snapshot/panlex-20191001-csv/6898#113645099>				<https://panlex.org/snapshot/panlex-20191001-csv/6898#113645061>		"Malta"@jmc	
"Puerto Riggo"@gsw	<https://panlex.org/snapshot/panlex-20191001-csv/6898#113612449>				<https://panlex.org/snapshot/panlex-20191001-csv/6898#113612432>		"Pwetoriko"@jmc	
"Benin"@gsw	<https://panlex.org/snapshot/panlex-20191001-csv/6898#113607498>				<https://panlex.org/snapshot/panlex-20191001-csv/6898#113607590>		"Benini"@jmc	
"Gibraltar"@gsw	<https://panlex.org/snapshot/panlex-20191001-csv/6898#113592923>				<https://panlex.org/snapshot/panlex-20191001-csv/6898#113593066>		"Jibralta"@jmc	
"Bachräin"@gsw	<https://panlex.org/snapshot/panlex-20191001-csv/6898#113596090>				<https://panlex.org/snapshot/panlex-20191001-csv/6898#113596157>		"Bahareni"@jmc	
"Tominikaanischi Republik"@gsw	<https://panlex.org/snapshot/panlex-20191001-csv/6898#113603447>				<https://panlex.org/snapshot/panlex-20191001-csv/6898#113603499>		"Jamhuri ya Dominika"@jmc	
"Mexiko"@gsw	<https://panlex.org/snapshot/panlex-20191001-csv/6898#113628369>				<https://panlex.org/snapshot/panlex-20191001-csv/6898#113628381>		"Meksiko"@jmc	
"Armeenie"@gsw	<https://panlex.org/snapshot/panlex-20191001-csv/6898#113596489>				<https://panlex.org/snapshot/panlex-20191001-csv/6898#113596502>		"Armenia"@jmc	
"Guäjaana"@gsw	<https://panlex.org/snapshot/panlex-20191001-csv/6898#113628045>				<https://panlex.org/snapshot/panlex-20191001-csv/6898#113628093>		"Guyana"@jmc	
"Sloweenie"@gsw	<https://panlex.org/snapshot/panlex-20191001-csv/6898#113636697>				<https://panlex.org/snapshot/panlex-20191001-csv/6898#113636584>		"Slovenia"@jmc	
"Gaana"@gsw	<https://panlex.org/snapshot/panlex-20191001-csv/6898#113645501>				<https://panlex.org/snapshot/panlex-20191001-csv/6898#113645454>		"Ghana"@jmc	
"Libeeria"@gsw	<https://panlex.org/snapshot/panlex-20191001-csv/6898#113605518>				<https://panlex.org/snapshot/panlex-20191001-csv/6898#113605436>		"Liberia"@jmc	
"Tschile"@gsw	<https://panlex.org/snapshot/panlex-20191001-csv/6898#113624841>				<https://panlex.org/snapshot/panlex-20191001-csv/6898#113624839>		"Chile"@jmc	
"Andorra"@gsw	<https://panlex.org/snapshot/panlex-20191001-csv/6898#113588350>				<https://panlex.org/snapshot/panlex-20191001-csv/6898#113588332>		"Andora"@jmc	
"Saudi-Araabie"@gsw	<https://panlex.org/snapshot/panlex-20191001-csv/6898#113583537>				<https://panlex.org/snapshot/panlex-20191001-csv/6898#113583482>		"Saudi"@jmc	
"Republik Moldau"@gsw	<https://panlex.org/snapshot/panlex-20191001-csv/6898#113633249>				<https://panlex.org/snapshot/panlex-20191001-csv/6898#113633298>		"Moldova"@jmc	
"Seischälle"@gsw	<https://panlex.org/snapshot/panlex-20191001-csv/6898#113601958>				<https://panlex.org/snapshot/panlex-20191001-csv/6898#113601979>		"Shelisheli"@jmc	
"Temokraatischi Republik Kongo"@gsw	<https://panlex.org/snapshot/panlex-20191001-csv/6898#113589751>				<https://panlex.org/snapshot/panlex-20191001-csv/6898#113589656>		"Jamhuri ya Kidemokrasia ya Kongo"@jmc	
"Boliivie"@gsw	<https://panlex.org/snapshot/panlex-20191001-csv/6898#113609534>				<https://panlex.org/snapshot/panlex-20191001-csv/6898#113609682>		"Bolivia"@jmc	
"Kolumbie"@gsw	<https://panlex.org/snapshot/panlex-20191001-csv/6898#113620810>				<https://panlex.org/snapshot/panlex-20191001-csv/6898#113620656>		"Kolombia"@jmc	
"Haiti"@gsw	<https://panlex.org/snapshot/panlex-20191001-csv/6898#113634517>				<https://panlex.org/snapshot/panlex-20191001-csv/6898#113634540>		"Haiti"@jmc	
"Käimän-Insle"@gsw	<https://panlex.org/snapshot/panlex-20191001-csv/6898#113630117>				<https://panlex.org/snapshot/panlex-20191001-csv/6898#113630152>		"Visiwa vya Kayman"@jmc	
"Kuwäit"@gsw	<https://panlex.org/snapshot/panlex-20191001-csv/6898#113605932>				<https://panlex.org/snapshot/panlex-20191001-csv/6898#113605949>		"Kuwaiti"@jmc	
"Myanmar (Burma)"@gsw	<https://panlex.org/snapshot/panlex-20191001-csv/6898#113594270>				<https://panlex.org/snapshot/panlex-20191001-csv/6898#113594414>		"Myama"@jmc	
"Frankriich"@gsw	<https://panlex.org/snapshot/panlex-20191001-csv/6898#113618069>				<https://panlex.org/snapshot/panlex-20191001-csv/6898#113618039>		"Ufaransa"@jmc	
"Jordaanie"@gsw	<https://panlex.org/snapshot/panlex-20191001-csv/6898#113611642>				<https://panlex.org/snapshot/panlex-20191001-csv/6898#113611613>		"Yordani"@jmc	
"Marokko"@gsw	<https://panlex.org/snapshot/panlex-20191001-csv/6898#113635960>				<https://panlex.org/snapshot/panlex-20191001-csv/6898#113636021>		"Moroko"@jmc	
"Ööschtriich"@gsw	<https://panlex.org/snapshot/panlex-20191001-csv/6898#113616270>				<https://panlex.org/snapshot/panlex-20191001-csv/6898#113616231>		"Austria"@jmc	
"Wallis und Futuuna"@gsw	<https://panlex.org/snapshot/panlex-20191001-csv/6898#113638587>				<https://panlex.org/snapshot/panlex-20191001-csv/6898#113638667>		"Walis na Futuna"@jmc	
"Bulgaarie"@gsw	<https://panlex.org/snapshot/panlex-20191001-csv/6898#113631044>				<https://panlex.org/snapshot/panlex-20191001-csv/6898#113631173>		"Bulgaria"@jmc	
"Eestland"@gsw	<https://panlex.org/snapshot/panlex-20191001-csv/6898#113601346>				<https://panlex.org/snapshot/panlex-20191001-csv/6898#113601534>		"Estonia"@jmc	
"Schri Lanka"@gsw	<https://panlex.org/snapshot/panlex-20191001-csv/6898#113609363>				<https://panlex.org/snapshot/panlex-20191001-csv/6898#113609316>		"Sirilanka"@jmc	
"Kiribaati"@gsw	<https://panlex.org/snapshot/panlex-20191001-csv/6898#113603108>				<https://panlex.org/snapshot/panlex-20191001-csv/6898#113603123>		"Kiribati"@jmc	
"Sambia"@gsw	<https://panlex.org/snapshot/panlex-20191001-csv/6898#113617442>				<https://panlex.org/snapshot/panlex-20191001-csv/6898#113617432>		"Zambia"@jmc	
"Iraak"@gsw	<https://panlex.org/snapshot/panlex-20191001-csv/6898#113633732>				<https://panlex.org/snapshot/panlex-20191001-csv/6898#113633758>		"Iraki"@jmc	
"Brunäi Tarussalam"@gsw	<https://panlex.org/snapshot/panlex-20191001-csv/6898#113616049>				<https://panlex.org/snapshot/panlex-20191001-csv/6898#113616120>		"Brunei"@jmc	
