"阿尔及利亚"@wuu	<https://panlex.org/snapshot/panlex-20191001-csv/5947#84580235>				<https://panlex.org/snapshot/panlex-20191001-csv/5947#84580234>		"Alseeri"@wo	
"联合国"@wuu	<https://panlex.org/snapshot/panlex-20191001-csv/5940#81286026>				<https://panlex.org/snapshot/panlex-20191001-csv/5940#81286025>		"Kureelu Mbootayu Xeet yi"@wo	
"秘鲁"@wuu	<https://panlex.org/snapshot/panlex-20191001-csv/5949#85318339>				<https://panlex.org/snapshot/panlex-20191001-csv/5949#85318338>		"Peru"@wo	
"乌拉圭"@wuu	<https://panlex.org/snapshot/panlex-20191001-csv/5949#85322983>				<https://panlex.org/snapshot/panlex-20191001-csv/5949#85322982>		"Uruguwaay"@wo	
"俄罗斯"@wuu	<https://panlex.org/snapshot/panlex-20191001-csv/5949#85319639>				<https://panlex.org/snapshot/panlex-20191001-csv/5949#85319638>		"Riisi"@wo	
"苏黎世"@wuu	<https://panlex.org/snapshot/panlex-20191001-csv/5949#85324527>				<https://panlex.org/snapshot/panlex-20191001-csv/5949#85324526>		"Zurich"@wo	
"香港"@wuu	<https://panlex.org/snapshot/panlex-20191001-csv/5949#85306750>				<https://panlex.org/snapshot/panlex-20191001-csv/5949#85306749>		"Ooŋ Koŋ"@wo	
"法国"@wuu	<https://panlex.org/snapshot/panlex-20191001-csv/5949#85323700>				<https://panlex.org/snapshot/panlex-20191001-csv/5949#85323699>		"Faraas"@wo	
"葡萄牙"@wuu	<https://panlex.org/snapshot/panlex-20191001-csv/5949#85318867>				<https://panlex.org/snapshot/panlex-20191001-csv/5949#85318866>		"Portugaal"@wo	
"拉脱维亚"@wuu	<https://panlex.org/snapshot/panlex-20191001-csv/5949#85314404>				<https://panlex.org/snapshot/panlex-20191001-csv/5949#85314403>		"Letóoni"@wo	
"菲律宾"@wuu	<https://panlex.org/snapshot/panlex-20191001-csv/5949#85323443>				<https://panlex.org/snapshot/panlex-20191001-csv/5949#85323442>		"Filipiin"@wo	
"圣经"@wuu	<https://panlex.org/snapshot/panlex-20191001-csv/5949#85302825>				<https://panlex.org/snapshot/panlex-20191001-csv/5949#85302824>		"Biibël"@wo	
"印度"@wuu	<https://panlex.org/snapshot/panlex-20191001-csv/10#580253>				<https://panlex.org/snapshot/panlex-20191001-csv/10#580252>		"India"@wo	
"水"@wuu	<https://panlex.org/snapshot/panlex-20191001-csv/15#954022>				<https://panlex.org/snapshot/panlex-20191001-csv/15#954021>		"ndox"@wo	
