"mɔwana"@bhq	<https://panlex.org/snapshot/panlex-20191001-csv/114#8052695>				<https://panlex.org/snapshot/panlex-20191001-csv/114#8053056>		"kanan"@tnt	
"koni"@bhq	<https://panlex.org/snapshot/panlex-20191001-csv/114#8068163>				<https://panlex.org/snapshot/panlex-20191001-csv/114#8068580>		"maʔkeʔkeʔ"@tnt	
"koni"@bhq	<https://panlex.org/snapshot/panlex-20191001-csv/114#8067096>				<https://panlex.org/snapshot/panlex-20191001-csv/114#8067541>		"waʔaŋ"@tnt	
"ɸuʔu"@bhq	<https://panlex.org/snapshot/panlex-20191001-csv/114#8063987>				<https://panlex.org/snapshot/panlex-20191001-csv/114#8064410>		"kanat"@tnt	
"kalu kompo"@bhq	<https://panlex.org/snapshot/panlex-20191001-csv/114#8059366>				<https://panlex.org/snapshot/panlex-20191001-csv/114#8059740>		"tinaʔi"@tnt	
"kɛaβa"@bhq	<https://panlex.org/snapshot/panlex-20191001-csv/114#8055791>				<https://panlex.org/snapshot/panlex-20191001-csv/114#8056214>		"keŋkeŋ"@tnt	
"kuli"@bhq	<https://panlex.org/snapshot/panlex-20191001-csv/114#8057283>				<https://panlex.org/snapshot/panlex-20191001-csv/114#8057699>		"kuliʔ"@tnt	
"kompo"@bhq	<https://panlex.org/snapshot/panlex-20191001-csv/114#8058307>				<https://panlex.org/snapshot/panlex-20191001-csv/114#8058759>		"poʔot"@tnt	
"intɛŋa"@bhq	<https://panlex.org/snapshot/panlex-20191001-csv/114#8054310>				<https://panlex.org/snapshot/panlex-20191001-csv/114#8054697>		"lalan"@tnt	
"mɔhí"@bhq	<https://panlex.org/snapshot/panlex-20191001-csv/114#8052223>				<https://panlex.org/snapshot/panlex-20191001-csv/114#8052599>		"kaʔbiri"@tnt	
"mai"@bhq	<https://panlex.org/snapshot/panlex-20191001-csv/114#8054797>				<https://panlex.org/snapshot/panlex-20191001-csv/114#8055199>		"maʔai"@tnt	
