"butit"@ree	<https://panlex.org/snapshot/panlex-20191001-csv/114#8058660>				<https://panlex.org/snapshot/panlex-20191001-csv/114#8058364>		"tian"@dtp	
"ba"@ree	<https://panlex.org/snapshot/panlex-20191001-csv/114#8066891>				<https://panlex.org/snapshot/panlex-20191001-csv/114#8066607>		"kabang"@dtp	
"takut"@ree	<https://panlex.org/snapshot/panlex-20191001-csv/114#8062736>				<https://panlex.org/snapshot/panlex-20191001-csv/114#8062463>		"oris"@dtp	
"ñili"@ree	<https://panlex.org/snapshot/panlex-20191001-csv/114#8055612>				<https://panlex.org/snapshot/panlex-20191001-csv/114#8055353>		"kilong"@dtp	
"tenaʔiʔ"@ree	<https://panlex.org/snapshot/panlex-20191001-csv/114#8059663>				<https://panlex.org/snapshot/panlex-20191001-csv/114#8059415>		"tinaiʔ"@dtp	
"[laʔip]"@ree	<https://panlex.org/snapshot/panlex-20191001-csv/114#8061214>				<https://panlex.org/snapshot/panlex-20191001-csv/114#8060972>		"lihao"@dtp	
"jela"@ree	<https://panlex.org/snapshot/panlex-20191001-csv/114#8067963>				<https://panlex.org/snapshot/panlex-20191001-csv/114#8067699>		"dilaʔ"@dtp	
"né"@ree	<https://panlex.org/snapshot/panlex-20191001-csv/114#8055112>				<https://panlex.org/snapshot/panlex-20191001-csv/114#8054850>		"rikot"@dtp	
"pano"@ree	<https://panlex.org/snapshot/panlex-20191001-csv/114#8054091>				<https://panlex.org/snapshot/panlex-20191001-csv/114#8053793>		"panau"@dtp	
"hulé"@ree	<https://panlex.org/snapshot/panlex-20191001-csv/114#8052515>				<https://panlex.org/snapshot/panlex-20191001-csv/114#8052271>		"gibang"@dtp	
"kesiŋ"@ree	<https://panlex.org/snapshot/panlex-20191001-csv/114#8068497>				<https://panlex.org/snapshot/panlex-20191001-csv/114#8068225>		"irak"@dtp	
"jam"@ree	<https://panlex.org/snapshot/panlex-20191001-csv/114#8061747>				<https://panlex.org/snapshot/panlex-20191001-csv/114#8061454>		"ilo"@dtp	
"jam"@ree	<https://panlex.org/snapshot/panlex-20191001-csv/114#8061747>				<https://panlex.org/snapshot/panlex-20191001-csv/114#8061455>		"koilo"@dtp	
