"níʒwàʔ"@ato	<https://panlex.org/snapshot/panlex-20191001-csv/2411#33465342>				<https://panlex.org/snapshot/panlex-20191001-csv/2411#33465336>		"ituŋ"@ngj	
"níʒwàʔ"@ato	<https://panlex.org/snapshot/panlex-20191001-csv/2411#33465342>				<https://panlex.org/snapshot/panlex-20191001-csv/2411#33465337>		"bigi"@ngj	
"nífù"@ato	<https://panlex.org/snapshot/panlex-20191001-csv/2411#33465505>				<https://panlex.org/snapshot/panlex-20191001-csv/2411#33465500>		"ku"@ngj	
"nífù"@ato	<https://panlex.org/snapshot/panlex-20191001-csv/2411#33465505>				<https://panlex.org/snapshot/panlex-20191001-csv/2411#33465499>		"iku"@ngj	
"ə̀bù̵ɣà"@ato	<https://panlex.org/snapshot/panlex-20191001-csv/2411#33466311>				<https://panlex.org/snapshot/panlex-20191001-csv/2411#33466306>		"etíà"@ngj	
"nínjà"@ato	<https://panlex.org/snapshot/panlex-20191001-csv/2411#33466023>				<https://panlex.org/snapshot/panlex-20191001-csv/2411#33466016>		"inaʔ"@ngj	
"nínjà"@ato	<https://panlex.org/snapshot/panlex-20191001-csv/2411#33466023>				<https://panlex.org/snapshot/panlex-20191001-csv/2411#33466017>		"naʔa"@ngj	
"áŋgjâ"@ato	<https://panlex.org/snapshot/panlex-20191001-csv/2411#33465148>				<https://panlex.org/snapshot/panlex-20191001-csv/2411#33465142>		"etúɔ́"@ngj	
"áŋgjâ"@ato	<https://panlex.org/snapshot/panlex-20191001-csv/2411#33465148>				<https://panlex.org/snapshot/panlex-20191001-csv/2411#33465141>		"ibum"@ngj	
"éwé"@ato	<https://panlex.org/snapshot/panlex-20191001-csv/2411#33468198>				<https://panlex.org/snapshot/panlex-20191001-csv/2411#33468191>		"uwɛŋ"@ngj	
"éwé"@ato	<https://panlex.org/snapshot/panlex-20191001-csv/2411#33468198>				<https://panlex.org/snapshot/panlex-20191001-csv/2411#33468192>		"ɛwɛŋ"@ngj	
"ɛ̀nɔ́n"@ato	<https://panlex.org/snapshot/panlex-20191001-csv/2411#33465179>				<https://panlex.org/snapshot/panlex-20191001-csv/2411#33465173>		"unən"@ngj	
"ɛ̀nɔ́n"@ato	<https://panlex.org/snapshot/panlex-20191001-csv/2411#33465179>				<https://panlex.org/snapshot/panlex-20191001-csv/2411#33465174>		"ɨnən"@ngj	
"èfùbì"@ato	<https://panlex.org/snapshot/panlex-20191001-csv/2411#33466279>				<https://panlex.org/snapshot/panlex-20191001-csv/2411#33466274>		"ɛfu"@ngj	
"èfùbì"@ato	<https://panlex.org/snapshot/panlex-20191001-csv/2411#33466279>				<https://panlex.org/snapshot/panlex-20191001-csv/2411#33466273>		"ufuʔ"@ngj	
"tʃwá"@ato	<https://panlex.org/snapshot/panlex-20191001-csv/2411#33468449>				<https://panlex.org/snapshot/panlex-20191001-csv/2411#33468443>		"inzej"@ngj	
"tʃwá"@ato	<https://panlex.org/snapshot/panlex-20191001-csv/2411#33468449>				<https://panlex.org/snapshot/panlex-20191001-csv/2411#33468444>		"tʃoŋ"@ngj	
"ŋ̀kín"@ato	<https://panlex.org/snapshot/panlex-20191001-csv/2411#33465244>				<https://panlex.org/snapshot/panlex-20191001-csv/2411#33465239>		"anəŋ"@ngj	
"ŋ̀kín"@ato	<https://panlex.org/snapshot/panlex-20191001-csv/2411#33465244>				<https://panlex.org/snapshot/panlex-20191001-csv/2411#33465238>		"anəm"@ngj	
"éfɔ̂"@ato	<https://panlex.org/snapshot/panlex-20191001-csv/2411#33467739>				<https://panlex.org/snapshot/panlex-20191001-csv/2411#33467733>		"iǹdoŋ̀"@ngj	
"éfɔ̂"@ato	<https://panlex.org/snapshot/panlex-20191001-csv/2411#33467739>				<https://panlex.org/snapshot/panlex-20191001-csv/2411#33467732>		"indɔŋ"@ngj	
"nímɔ̀t"@ato	<https://panlex.org/snapshot/panlex-20191001-csv/2411#33467284>				<https://panlex.org/snapshot/panlex-20191001-csv/2411#33467278>		"migi"@ngj	
"nímɔ̀t"@ato	<https://panlex.org/snapshot/panlex-20191001-csv/2411#33467284>				<https://panlex.org/snapshot/panlex-20191001-csv/2411#33467277>		"ifo"@ngj	
"njóndì fì"@ato	<https://panlex.org/snapshot/panlex-20191001-csv/2411#33466055>				<https://panlex.org/snapshot/panlex-20191001-csv/2411#33466049>		"ŋwatok ̚"@ngj	
"njóndì fì"@ato	<https://panlex.org/snapshot/panlex-20191001-csv/2411#33466055>				<https://panlex.org/snapshot/panlex-20191001-csv/2411#33466048>		"iŋɔŋ"@ngj	
"ńtám"@ato	<https://panlex.org/snapshot/panlex-20191001-csv/2411#33467023>				<https://panlex.org/snapshot/panlex-20191001-csv/2411#33467017>		"aʒuwa"@ngj	
"ńtám"@ato	<https://panlex.org/snapshot/panlex-20191001-csv/2411#33467023>				<https://panlex.org/snapshot/panlex-20191001-csv/2411#33467016>		"azobodʒ"@ngj	
"ɛ́nsɛ̂t"@ato	<https://panlex.org/snapshot/panlex-20191001-csv/2411#33467978>				<https://panlex.org/snapshot/panlex-20191001-csv/2411#33467972>		"itʃat"@ngj	
"ɛ́nsɛ̂t"@ato	<https://panlex.org/snapshot/panlex-20191001-csv/2411#33467978>				<https://panlex.org/snapshot/panlex-20191001-csv/2411#33467973>		"ɛtʃɛt"@ngj	
"nízū"@ato	<https://panlex.org/snapshot/panlex-20191001-csv/2411#33466151>				<https://panlex.org/snapshot/panlex-20191001-csv/2411#33466145>		"ʒok ̚"@ngj	
"nízū"@ato	<https://panlex.org/snapshot/panlex-20191001-csv/2411#33466151>				<https://panlex.org/snapshot/panlex-20191001-csv/2411#33466144>		"izəu"@ngj	
"gjêt"@ato	<https://panlex.org/snapshot/panlex-20191001-csv/2411#33468041>				<https://panlex.org/snapshot/panlex-20191001-csv/2411#33468034>		"igat"@ngj	
"gjêt"@ato	<https://panlex.org/snapshot/panlex-20191001-csv/2411#33468041>				<https://panlex.org/snapshot/panlex-20191001-csv/2411#33468035>		"gɛt"@ngj	
"níbūm"@ato	<https://panlex.org/snapshot/panlex-20191001-csv/2411#33468984>				<https://panlex.org/snapshot/panlex-20191001-csv/2411#33468979>		"guru"@ngj	
"níbūm"@ato	<https://panlex.org/snapshot/panlex-20191001-csv/2411#33468984>				<https://panlex.org/snapshot/panlex-20191001-csv/2411#33468978>		"igət"@ngj	
"nínōm"@ato	<https://panlex.org/snapshot/panlex-20191001-csv/2411#33465211>				<https://panlex.org/snapshot/panlex-20191001-csv/2411#33465206>		"nom"@ngj	
"nínōm"@ato	<https://panlex.org/snapshot/panlex-20191001-csv/2411#33465211>				<https://panlex.org/snapshot/panlex-20191001-csv/2411#33465205>		"inɔm"@ngj	
"níkjàβà"@ato	<https://panlex.org/snapshot/panlex-20191001-csv/2411#33466246>				<https://panlex.org/snapshot/panlex-20191001-csv/2411#33466241>		"krɨ"@ngj	
"níkjàβà"@ato	<https://panlex.org/snapshot/panlex-20191001-csv/2411#33466246>				<https://panlex.org/snapshot/panlex-20191001-csv/2411#33466240>		"ikyaj"@ngj	
"enjìní nìbvúŋ"@ato	<https://panlex.org/snapshot/panlex-20191001-csv/2411#33468638>				<https://panlex.org/snapshot/panlex-20191001-csv/2411#33468631>		"abəu"@ngj	
"enjìní nìbvúŋ"@ato	<https://panlex.org/snapshot/panlex-20191001-csv/2411#33468638>				<https://panlex.org/snapshot/panlex-20191001-csv/2411#33468632>		"ɛbuʔʊ"@ngj	
"nízè"@ato	<https://panlex.org/snapshot/panlex-20191001-csv/2411#33467478>				<https://panlex.org/snapshot/panlex-20191001-csv/2411#33467472>		"ʒəŋə"@ngj	
"èɣɔ́"@ato	<https://panlex.org/snapshot/panlex-20191001-csv/2411#33466797>				<https://panlex.org/snapshot/panlex-20191001-csv/2411#33466792>		"ɛgrə"@ngj	
"èɣɔ́"@ato	<https://panlex.org/snapshot/panlex-20191001-csv/2411#33466797>				<https://panlex.org/snapshot/panlex-20191001-csv/2411#33466791>		"uniʔ"@ngj	
"nídɔ̄ŋgɨ̵̄"@ato	<https://panlex.org/snapshot/panlex-20191001-csv/2411#33468763>				<https://panlex.org/snapshot/panlex-20191001-csv/2411#33468758>		"də"@ngj	
"nídɔ̄ŋgɨ̵̄"@ato	<https://panlex.org/snapshot/panlex-20191001-csv/2411#33468763>				<https://panlex.org/snapshot/panlex-20191001-csv/2411#33468757>		"itu"@ngj	
"ŋ̀ká"@ato	<https://panlex.org/snapshot/panlex-20191001-csv/2411#33466766>				<https://panlex.org/snapshot/panlex-20191001-csv/2411#33466760>		"aɣaŋ"@ngj	
"ŋ̀ká"@ato	<https://panlex.org/snapshot/panlex-20191001-csv/2411#33466766>				<https://panlex.org/snapshot/panlex-20191001-csv/2411#33466759>		"uɣaŋ"@ngj	
"índʒú"@ato	<https://panlex.org/snapshot/panlex-20191001-csv/2411#33466441>				<https://panlex.org/snapshot/panlex-20191001-csv/2411#33466435>		"neu"@ngj	
"índʒú"@ato	<https://panlex.org/snapshot/panlex-20191001-csv/2411#33466441>				<https://panlex.org/snapshot/panlex-20191001-csv/2411#33466434>		"utʃəu"@ngj	
"níkīlī"@ato	<https://panlex.org/snapshot/panlex-20191001-csv/2411#33468889>				<https://panlex.org/snapshot/panlex-20191001-csv/2411#33468884>		"tʃiri"@ngj	
"níkīlī"@ato	<https://panlex.org/snapshot/panlex-20191001-csv/2411#33468889>				<https://panlex.org/snapshot/panlex-20191001-csv/2411#33468883>		"ikwedʒ"@ngj	
"nítòm"@ato	<https://panlex.org/snapshot/panlex-20191001-csv/2411#33468699>				<https://panlex.org/snapshot/panlex-20191001-csv/2411#33468694>		"tom"@ngj	
"nítòm"@ato	<https://panlex.org/snapshot/panlex-20191001-csv/2411#33468699>				<https://panlex.org/snapshot/panlex-20191001-csv/2411#33468693>		"itʃa"@ngj	
"níndʒwì"@ato	<https://panlex.org/snapshot/panlex-20191001-csv/2411#33468922>				<https://panlex.org/snapshot/panlex-20191001-csv/2411#33468916>		"tue"@ngj	
"níndʒwì"@ato	<https://panlex.org/snapshot/panlex-20191001-csv/2411#33468922>				<https://panlex.org/snapshot/panlex-20191001-csv/2411#33468915>		"itɣe"@ngj	
"dzɨ́ɣà"@ato	<https://panlex.org/snapshot/panlex-20191001-csv/2411#33468134>				<https://panlex.org/snapshot/panlex-20191001-csv/2411#33468129>		"indro"@ngj	
"dzɨ́ɣà"@ato	<https://panlex.org/snapshot/panlex-20191001-csv/2411#33468134>				<https://panlex.org/snapshot/panlex-20191001-csv/2411#33468128>		"ugyʌ"@ngj	
"mú̵ɣá"@ato	<https://panlex.org/snapshot/panlex-20191001-csv/2411#33467543>				<https://panlex.org/snapshot/panlex-20191001-csv/2411#33467537>		"ingro"@ngj	
"mú̵ɣá"@ato	<https://panlex.org/snapshot/panlex-20191001-csv/2411#33467543>				<https://panlex.org/snapshot/panlex-20191001-csv/2411#33467536>		"une"@ngj	
"ēnēmī"@ato	<https://panlex.org/snapshot/panlex-20191001-csv/2411#33467380>				<https://panlex.org/snapshot/panlex-20191001-csv/2411#33467375>		"inɛ"@ngj	
"ēnēmī"@ato	<https://panlex.org/snapshot/panlex-20191001-csv/2411#33467380>				<https://panlex.org/snapshot/panlex-20191001-csv/2411#33467374>		"inemi"@ngj	
"ndɔ́ʔ"@ato	<https://panlex.org/snapshot/panlex-20191001-csv/2411#33468165>				<https://panlex.org/snapshot/panlex-20191001-csv/2411#33468159>		"ina"@ngj	
"ndɔ́ʔ"@ato	<https://panlex.org/snapshot/panlex-20191001-csv/2411#33468165>				<https://panlex.org/snapshot/panlex-20191001-csv/2411#33468160>		"nɨgɨ"@ngj	
"bít"@ato	<https://panlex.org/snapshot/panlex-20191001-csv/2411#33468294>				<https://panlex.org/snapshot/panlex-20191001-csv/2411#33468288>		"ɨbiri"@ngj	
"bít"@ato	<https://panlex.org/snapshot/panlex-20191001-csv/2411#33468294>				<https://panlex.org/snapshot/panlex-20191001-csv/2411#33468287>		"bɛt"@ngj	
"níʒīʔī"@ato	<https://panlex.org/snapshot/panlex-20191001-csv/2411#33465440>				<https://panlex.org/snapshot/panlex-20191001-csv/2411#33465435>		"ʒiʔi"@ngj	
"níʒīʔī"@ato	<https://panlex.org/snapshot/panlex-20191001-csv/2411#33465440>				<https://panlex.org/snapshot/panlex-20191001-csv/2411#33465434>		"izaʔa"@ngj	
"èsàmbúɣá"@ato	<https://panlex.org/snapshot/panlex-20191001-csv/2411#33468574>				<https://panlex.org/snapshot/panlex-20191001-csv/2411#33468568>		"isambiə"@ngj	
"èsàmbúɣá"@ato	<https://panlex.org/snapshot/panlex-20191001-csv/2411#33468574>				<https://panlex.org/snapshot/panlex-20191001-csv/2411#33468569>		"ʃambia"@ngj	
"tʃwɛ́ njàm"@ato	<https://panlex.org/snapshot/panlex-20191001-csv/2411#33468480>				<https://panlex.org/snapshot/panlex-20191001-csv/2411#33468475>		"adoŋaña"@ngj	
"ɛ̀fwát"@ato	<https://panlex.org/snapshot/panlex-20191001-csv/2411#33468668>				<https://panlex.org/snapshot/panlex-20191001-csv/2411#33468662>		"iɣum"@ngj	
"ɛ̀fwát"@ato	<https://panlex.org/snapshot/panlex-20191001-csv/2411#33468668>				<https://panlex.org/snapshot/panlex-20191001-csv/2411#33468663>		"ɛɣəm"@ngj	
"ɛ̀nòm"@ato	<https://panlex.org/snapshot/panlex-20191001-csv/2411#33466182>				<https://panlex.org/snapshot/panlex-20191001-csv/2411#33466176>		"unɔm"@ngj	
"ɛ̀nòm"@ato	<https://panlex.org/snapshot/panlex-20191001-csv/2411#33466182>				<https://panlex.org/snapshot/panlex-20191001-csv/2411#33466177>		"anɔmajɛ́"@ngj	
"éfjéé"@ato	<https://panlex.org/snapshot/panlex-20191001-csv/2411#33467447>				<https://panlex.org/snapshot/panlex-20191001-csv/2411#33467440>		"ubiə"@ngj	
"éfjéé"@ato	<https://panlex.org/snapshot/panlex-20191001-csv/2411#33467447>				<https://panlex.org/snapshot/panlex-20191001-csv/2411#33467441>		"ɛfijɛ"@ngj	
"níkwān"@ato	<https://panlex.org/snapshot/panlex-20191001-csv/2411#33466958>				<https://panlex.org/snapshot/panlex-20191001-csv/2411#33466953>		"nəʔə"@ngj	
"níkwān"@ato	<https://panlex.org/snapshot/panlex-20191001-csv/2411#33466958>				<https://panlex.org/snapshot/panlex-20191001-csv/2411#33466952>		"itini"@ngj	
"nídʒàʔàtè"@ato	<https://panlex.org/snapshot/panlex-20191001-csv/2411#33467152>				<https://panlex.org/snapshot/panlex-20191001-csv/2411#33467146>		"itʃwɛn"@ngj	
"nídʒàʔàtè"@ato	<https://panlex.org/snapshot/panlex-20191001-csv/2411#33467152>				<https://panlex.org/snapshot/panlex-20191001-csv/2411#33467147>		"təɔro"@ngj	
"nítʃù ǹsandí"@ato	<https://panlex.org/snapshot/panlex-20191001-csv/2411#33467120>				<https://panlex.org/snapshot/panlex-20191001-csv/2411#33467114>		"tu"@ngj	
"nítʃù ǹsandí"@ato	<https://panlex.org/snapshot/panlex-20191001-csv/2411#33467120>				<https://panlex.org/snapshot/panlex-20191001-csv/2411#33467113>		"itʃat"@ngj	
"tíŋtséndí"@ato	<https://panlex.org/snapshot/panlex-20191001-csv/2411#33466862>				<https://panlex.org/snapshot/panlex-20191001-csv/2411#33466855>		"isekwa"@ngj	
"tíŋtséndí"@ato	<https://panlex.org/snapshot/panlex-20191001-csv/2411#33466862>				<https://panlex.org/snapshot/panlex-20191001-csv/2411#33466856>		"iʃiɛ"@ngj	
"bú"@ato	<https://panlex.org/snapshot/panlex-20191001-csv/2411#33465539>				<https://panlex.org/snapshot/panlex-20191001-csv/2411#33465533>		"bok ̚"@ngj	
"bú"@ato	<https://panlex.org/snapshot/panlex-20191001-csv/2411#33465539>				<https://panlex.org/snapshot/panlex-20191001-csv/2411#33465532>		"ibəu"@ngj	
"wá"@ato	<https://panlex.org/snapshot/panlex-20191001-csv/2411#33465375>				<https://panlex.org/snapshot/panlex-20191001-csv/2411#33465369>		"ŋuə"@ngj	
"wá"@ato	<https://panlex.org/snapshot/panlex-20191001-csv/2411#33465375>				<https://panlex.org/snapshot/panlex-20191001-csv/2411#33465370>		"wa"@ngj	
"m̀fʷám"@ato	<https://panlex.org/snapshot/panlex-20191001-csv/2411#33465763>				<https://panlex.org/snapshot/panlex-20191001-csv/2411#33465758>		"ɛfo"@ngj	
"m̀fʷám"@ato	<https://panlex.org/snapshot/panlex-20191001-csv/2411#33465763>				<https://panlex.org/snapshot/panlex-20191001-csv/2411#33465757>		"ifuŋ"@ngj	
"nígò"@ato	<https://panlex.org/snapshot/panlex-20191001-csv/2411#33466668>				<https://panlex.org/snapshot/panlex-20191001-csv/2411#33466663>		"goː"@ngj	
"nígò"@ato	<https://panlex.org/snapshot/panlex-20191001-csv/2411#33466668>				<https://panlex.org/snapshot/panlex-20191001-csv/2411#33466662>		"itini"@ngj	
"níflò"@ato	<https://panlex.org/snapshot/panlex-20191001-csv/2411#33465926>				<https://panlex.org/snapshot/panlex-20191001-csv/2411#33465920>		"pɨɣɨ"@ngj	
"níflò"@ato	<https://panlex.org/snapshot/panlex-20191001-csv/2411#33465926>				<https://panlex.org/snapshot/panlex-20191001-csv/2411#33465919>		"ipu̵ʔə"@ngj	
"níkjē"@ato	<https://panlex.org/snapshot/panlex-20191001-csv/2411#33469018>				<https://panlex.org/snapshot/panlex-20191001-csv/2411#33469012>		"tʃəŋ"@ngj	
"níkjē"@ato	<https://panlex.org/snapshot/panlex-20191001-csv/2411#33469018>				<https://panlex.org/snapshot/panlex-20191001-csv/2411#33469011>		"ikap"@ngj	
"ńtsêt"@ato	<https://panlex.org/snapshot/panlex-20191001-csv/2411#33467979>				<https://panlex.org/snapshot/panlex-20191001-csv/2411#33467972>		"itʃat"@ngj	
"ńtsêt"@ato	<https://panlex.org/snapshot/panlex-20191001-csv/2411#33467979>				<https://panlex.org/snapshot/panlex-20191001-csv/2411#33467973>		"ɛtʃɛt"@ngj	
"ɛ̀ntúɣō"@ato	<https://panlex.org/snapshot/panlex-20191001-csv/2411#33465082>				<https://panlex.org/snapshot/panlex-20191001-csv/2411#33465077>		"aburu"@ngj	
"ɛ̀ntúɣō"@ato	<https://panlex.org/snapshot/panlex-20191001-csv/2411#33465082>				<https://panlex.org/snapshot/panlex-20191001-csv/2411#33465076>		"abəri"@ngj	
"épáβlì"@ato	<https://panlex.org/snapshot/panlex-20191001-csv/2411#33467608>				<https://panlex.org/snapshot/panlex-20191001-csv/2411#33467602>		"abíà"@ngj	
"épáβlì"@ato	<https://panlex.org/snapshot/panlex-20191001-csv/2411#33467608>				<https://panlex.org/snapshot/panlex-20191001-csv/2411#33467601>		"aba"@ngj	
"ábúŋ"@ato	<https://panlex.org/snapshot/panlex-20191001-csv/2411#33466601>				<https://panlex.org/snapshot/panlex-20191001-csv/2411#33466595>		"afe"@ngj	
"ábúŋ"@ato	<https://panlex.org/snapshot/panlex-20191001-csv/2411#33466601>				<https://panlex.org/snapshot/panlex-20191001-csv/2411#33466596>		"abiŋ"@ngj	
"nízū"@ato	<https://panlex.org/snapshot/panlex-20191001-csv/2411#33466150>				<https://panlex.org/snapshot/panlex-20191001-csv/2411#33466145>		"ʒok ̚"@ngj	
"nízū"@ato	<https://panlex.org/snapshot/panlex-20191001-csv/2411#33466150>				<https://panlex.org/snapshot/panlex-20191001-csv/2411#33466144>		"izəu"@ngj	
"èʒwí"@ato	<https://panlex.org/snapshot/panlex-20191001-csv/2411#33466569>				<https://panlex.org/snapshot/panlex-20191001-csv/2411#33466564>		"iʒʊ"@ngj	
"èʒwí"@ato	<https://panlex.org/snapshot/panlex-20191001-csv/2411#33466569>				<https://panlex.org/snapshot/panlex-20191001-csv/2411#33466563>		"idʒutʃi"@ngj	
"éwá"@ato	<https://panlex.org/snapshot/panlex-20191001-csv/2411#33468263>				<https://panlex.org/snapshot/panlex-20191001-csv/2411#33468257>		"ɛwoŋ"@ngj	
"éwá"@ato	<https://panlex.org/snapshot/panlex-20191001-csv/2411#33468263>				<https://panlex.org/snapshot/panlex-20191001-csv/2411#33468256>		"iwɔŋ"@ngj	
"níŋwa̅"@ato	<https://panlex.org/snapshot/panlex-20191001-csv/2411#33465571>				<https://panlex.org/snapshot/panlex-20191001-csv/2411#33465565>		"ñu"@ngj	
"níŋwa̅"@ato	<https://panlex.org/snapshot/panlex-20191001-csv/2411#33465571>				<https://panlex.org/snapshot/panlex-20191001-csv/2411#33465564>		"inuʔə"@ngj	
"tìntsì"@ato	<https://panlex.org/snapshot/panlex-20191001-csv/2411#33467252>				<https://panlex.org/snapshot/panlex-20191001-csv/2411#33467245>		"atʃuri"@ngj	
"tìntsì"@ato	<https://panlex.org/snapshot/panlex-20191001-csv/2411#33467252>				<https://panlex.org/snapshot/panlex-20191001-csv/2411#33467246>		"ɛtʃui"@ngj	
"níndī"@ato	<https://panlex.org/snapshot/panlex-20191001-csv/2411#33465634>				<https://panlex.org/snapshot/panlex-20191001-csv/2411#33465629>		"nik ̚̚"@ngj	
"níndī"@ato	<https://panlex.org/snapshot/panlex-20191001-csv/2411#33465634>				<https://panlex.org/snapshot/panlex-20191001-csv/2411#33465628>		"idʒək"@ngj	
"níkjē"@ato	<https://panlex.org/snapshot/panlex-20191001-csv/2411#33469017>				<https://panlex.org/snapshot/panlex-20191001-csv/2411#33469012>		"tʃəŋ"@ngj	
"níkjē"@ato	<https://panlex.org/snapshot/panlex-20191001-csv/2411#33469017>				<https://panlex.org/snapshot/panlex-20191001-csv/2411#33469011>		"ikap"@ngj	
"níkwān"@ato	<https://panlex.org/snapshot/panlex-20191001-csv/2411#33466959>				<https://panlex.org/snapshot/panlex-20191001-csv/2411#33466953>		"nəʔə"@ngj	
"níkwān"@ato	<https://panlex.org/snapshot/panlex-20191001-csv/2411#33466959>				<https://panlex.org/snapshot/panlex-20191001-csv/2411#33466952>		"itini"@ngj	
"éʒwí"@ato	<https://panlex.org/snapshot/panlex-20191001-csv/2411#33466570>				<https://panlex.org/snapshot/panlex-20191001-csv/2411#33466564>		"iʒʊ"@ngj	
"éʒwí"@ato	<https://panlex.org/snapshot/panlex-20191001-csv/2411#33466570>				<https://panlex.org/snapshot/panlex-20191001-csv/2411#33466563>		"idʒutʃi"@ngj	
"ēbūɣū"@ato	<https://panlex.org/snapshot/panlex-20191001-csv/2411#33466734>				<https://panlex.org/snapshot/panlex-20191001-csv/2411#33466727>		"imbəŋ"@ngj	
"ēbūɣū"@ato	<https://panlex.org/snapshot/panlex-20191001-csv/2411#33466734>				<https://panlex.org/snapshot/panlex-20191001-csv/2411#33466728>		"ɨbrɛ"@ngj	
"níkīrī"@ato	<https://panlex.org/snapshot/panlex-20191001-csv/2411#33468890>				<https://panlex.org/snapshot/panlex-20191001-csv/2411#33468884>		"tʃiri"@ngj	
"níkīrī"@ato	<https://panlex.org/snapshot/panlex-20191001-csv/2411#33468890>				<https://panlex.org/snapshot/panlex-20191001-csv/2411#33468883>		"ikwedʒ"@ngj	
"átɔ́nɔ́"@ato	<https://panlex.org/snapshot/panlex-20191001-csv/2411#33468512>				<https://panlex.org/snapshot/panlex-20191001-csv/2411#33468506>		"atɨ̵nɨ"@ngj	
"átɔ́nɔ́"@ato	<https://panlex.org/snapshot/panlex-20191001-csv/2411#33468512>				<https://panlex.org/snapshot/panlex-20191001-csv/2411#33468505>		"atəni"@ngj	
"ɛ́nɔ́n"@ato	<https://panlex.org/snapshot/panlex-20191001-csv/2411#33465180>				<https://panlex.org/snapshot/panlex-20191001-csv/2411#33465173>		"unən"@ngj	
"ɛ́nɔ́n"@ato	<https://panlex.org/snapshot/panlex-20191001-csv/2411#33465180>				<https://panlex.org/snapshot/panlex-20191001-csv/2411#33465174>		"ɨnən"@ngj	
"nídʒī"@ato	<https://panlex.org/snapshot/panlex-20191001-csv/2411#33468858>				<https://panlex.org/snapshot/panlex-20191001-csv/2411#33468851>		"idʒi"@ngj	
"nídʒī"@ato	<https://panlex.org/snapshot/panlex-20191001-csv/2411#33468858>				<https://panlex.org/snapshot/panlex-20191001-csv/2411#33468852>		"dʒi"@ngj	
"níʒwī"@ato	<https://panlex.org/snapshot/panlex-20191001-csv/2411#33466215>				<https://panlex.org/snapshot/panlex-20191001-csv/2411#33466208>		"izuri"@ngj	
"níʒwī"@ato	<https://panlex.org/snapshot/panlex-20191001-csv/2411#33466215>				<https://panlex.org/snapshot/panlex-20191001-csv/2411#33466209>		"ʒuri"@ngj	
"wànóm"@ato	<https://panlex.org/snapshot/panlex-20191001-csv/2411#33466376>				<https://panlex.org/snapshot/panlex-20191001-csv/2411#33466370>		"anɔm"@ngj	
"wànóm"@ato	<https://panlex.org/snapshot/panlex-20191001-csv/2411#33466376>				<https://panlex.org/snapshot/panlex-20191001-csv/2411#33466371>		"anɔm"@ngj	
"ǹnòm"@ato	<https://panlex.org/snapshot/panlex-20191001-csv/2411#33466183>				<https://panlex.org/snapshot/panlex-20191001-csv/2411#33466176>		"unɔm"@ngj	
"ǹnòm"@ato	<https://panlex.org/snapshot/panlex-20191001-csv/2411#33466183>				<https://panlex.org/snapshot/panlex-20191001-csv/2411#33466177>		"anɔmajɛ́"@ngj	
"nídìʔì"@ato	<https://panlex.org/snapshot/panlex-20191001-csv/2411#33468731>				<https://panlex.org/snapshot/panlex-20191001-csv/2411#33468725>		"idu"@ngj	
"nídìʔì"@ato	<https://panlex.org/snapshot/panlex-20191001-csv/2411#33468731>				<https://panlex.org/snapshot/panlex-20191001-csv/2411#33468726>		"ñɛrɛ"@ngj	
"mú̵ɣá"@ato	<https://panlex.org/snapshot/panlex-20191001-csv/2411#33467542>				<https://panlex.org/snapshot/panlex-20191001-csv/2411#33467537>		"ingro"@ngj	
"mú̵ɣá"@ato	<https://panlex.org/snapshot/panlex-20191001-csv/2411#33467542>				<https://panlex.org/snapshot/panlex-20191001-csv/2411#33467536>		"une"@ngj	
"ètwán"@ato	<https://panlex.org/snapshot/panlex-20191001-csv/2411#33467916>				<https://panlex.org/snapshot/panlex-20191001-csv/2411#33467910>		"itɔŋ"@ngj	
"ètwán"@ato	<https://panlex.org/snapshot/panlex-20191001-csv/2411#33467916>				<https://panlex.org/snapshot/panlex-20191001-csv/2411#33467911>		"ɛ́tóŋ"@ngj	
"nítīlī"@ato	<https://panlex.org/snapshot/panlex-20191001-csv/2411#33465730>				<https://panlex.org/snapshot/panlex-20191001-csv/2411#33465724>		"igəu"@ngj	
"nítīlī"@ato	<https://panlex.org/snapshot/panlex-20191001-csv/2411#33465730>				<https://panlex.org/snapshot/panlex-20191001-csv/2411#33465725>		"turu"@ngj	
"èŋkúlō"@ato	<https://panlex.org/snapshot/panlex-20191001-csv/2411#33468229>				<https://panlex.org/snapshot/panlex-20191001-csv/2411#33468224>		"atigi"@ngj	
"èŋkúlō"@ato	<https://panlex.org/snapshot/panlex-20191001-csv/2411#33468229>				<https://panlex.org/snapshot/panlex-20191001-csv/2411#33468223>		"ubej"@ngj	
"ɛ̀ŋgùm"@ato	<https://panlex.org/snapshot/panlex-20191001-csv/2411#33467574>				<https://panlex.org/snapshot/panlex-20191001-csv/2411#33467569>		"ɛfu"@ngj	
"ɛ̀ŋgùm"@ato	<https://panlex.org/snapshot/panlex-20191001-csv/2411#33467574>				<https://panlex.org/snapshot/panlex-20191001-csv/2411#33467568>		"ufu̵̵̵̵"@ngj	
"ǹtúɣú tī"@ato	<https://panlex.org/snapshot/panlex-20191001-csv/2411#33465083>				<https://panlex.org/snapshot/panlex-20191001-csv/2411#33465077>		"aburu"@ngj	
"ǹtúɣú tī"@ato	<https://panlex.org/snapshot/panlex-20191001-csv/2411#33465083>				<https://panlex.org/snapshot/panlex-20191001-csv/2411#33465076>		"abəri"@ngj	
"níkjàβà"@ato	<https://panlex.org/snapshot/panlex-20191001-csv/2411#33466247>				<https://panlex.org/snapshot/panlex-20191001-csv/2411#33466241>		"krɨ"@ngj	
"níkjàβà"@ato	<https://panlex.org/snapshot/panlex-20191001-csv/2411#33466247>				<https://panlex.org/snapshot/panlex-20191001-csv/2411#33466240>		"ikyaj"@ngj	
"ébɔ́n"@ato	<https://panlex.org/snapshot/panlex-20191001-csv/2411#33467673>				<https://panlex.org/snapshot/panlex-20191001-csv/2411#33467666>		"ibɛn"@ngj	
"ébɔ́n"@ato	<https://panlex.org/snapshot/panlex-20191001-csv/2411#33467673>				<https://panlex.org/snapshot/panlex-20191001-csv/2411#33467667>		"ibən"@ngj	
"nízè"@ato	<https://panlex.org/snapshot/panlex-20191001-csv/2411#33467477>				<https://panlex.org/snapshot/panlex-20191001-csv/2411#33467472>		"ʒəŋə"@ngj	
"átí"@ato	<https://panlex.org/snapshot/panlex-20191001-csv/2411#33468418>				<https://panlex.org/snapshot/panlex-20191001-csv/2411#33468412>		"azɛt ̚"@ngj	
"átí"@ato	<https://panlex.org/snapshot/panlex-20191001-csv/2411#33468418>				<https://panlex.org/snapshot/panlex-20191001-csv/2411#33468411>		"azat"@ngj	
"ènjì"@ato	<https://panlex.org/snapshot/panlex-20191001-csv/2411#33465989>				<https://panlex.org/snapshot/panlex-20191001-csv/2411#33465984>		"ɛtʃuwa"@ngj	
"ènjì"@ato	<https://panlex.org/snapshot/panlex-20191001-csv/2411#33465989>				<https://panlex.org/snapshot/panlex-20191001-csv/2411#33465983>		"ikurə"@ngj	
"èjwí"@ato	<https://panlex.org/snapshot/panlex-20191001-csv/2411#33465827>				<https://panlex.org/snapshot/panlex-20191001-csv/2411#33465822>		"ɛju"@ngj	
"èjwí"@ato	<https://panlex.org/snapshot/panlex-20191001-csv/2411#33465827>				<https://panlex.org/snapshot/panlex-20191001-csv/2411#33465821>		"uwɛt"@ngj	
"níʒìnì"@ato	<https://panlex.org/snapshot/panlex-20191001-csv/2411#33467510>				<https://panlex.org/snapshot/panlex-20191001-csv/2411#33467504>		"iyi"@ngj	
"níʒìnì"@ato	<https://panlex.org/snapshot/panlex-20191001-csv/2411#33467510>				<https://panlex.org/snapshot/panlex-20191001-csv/2411#33467505>		"jɨni"@ngj	
"níŋāāmī"@ato	<https://panlex.org/snapshot/panlex-20191001-csv/2411#33467186>				<https://panlex.org/snapshot/panlex-20191001-csv/2411#33467180>		"iku̵ŋ"@ngj	
"níŋāāmī"@ato	<https://panlex.org/snapshot/panlex-20191001-csv/2411#33467186>				<https://panlex.org/snapshot/panlex-20191001-csv/2411#33467181>		"kam"@ngj	
"níʒwàʔ"@ato	<https://panlex.org/snapshot/panlex-20191001-csv/2411#33465343>				<https://panlex.org/snapshot/panlex-20191001-csv/2411#33465336>		"ituŋ"@ngj	
"níʒwàʔ"@ato	<https://panlex.org/snapshot/panlex-20191001-csv/2411#33465343>				<https://panlex.org/snapshot/panlex-20191001-csv/2411#33465337>		"bigi"@ngj	
"ápáβlì"@ato	<https://panlex.org/snapshot/panlex-20191001-csv/2411#33467607>				<https://panlex.org/snapshot/panlex-20191001-csv/2411#33467602>		"abíà"@ngj	
"ápáβlì"@ato	<https://panlex.org/snapshot/panlex-20191001-csv/2411#33467607>				<https://panlex.org/snapshot/panlex-20191001-csv/2411#33467601>		"aba"@ngj	
"nímòɣò"@ato	<https://panlex.org/snapshot/panlex-20191001-csv/2411#33466893>				<https://panlex.org/snapshot/panlex-20191001-csv/2411#33466888>		"məgə"@ngj	
"nímòɣò"@ato	<https://panlex.org/snapshot/panlex-20191001-csv/2411#33466893>				<https://panlex.org/snapshot/panlex-20191001-csv/2411#33466887>		"iɣedʒ"@ngj	
"èfwá"@ato	<https://panlex.org/snapshot/panlex-20191001-csv/2411#33467413>				<https://panlex.org/snapshot/panlex-20191001-csv/2411#33467407>		"iʃɔŋ"@ngj	
"èfwá"@ato	<https://panlex.org/snapshot/panlex-20191001-csv/2411#33467413>				<https://panlex.org/snapshot/panlex-20191001-csv/2411#33467408>		"aʃoŋ"@ngj	
"fí"@ato	<https://panlex.org/snapshot/panlex-20191001-csv/2411#33466118>				<https://panlex.org/snapshot/panlex-20191001-csv/2411#33466112>		"atəu"@ngj	
"fí"@ato	<https://panlex.org/snapshot/panlex-20191001-csv/2411#33466118>				<https://panlex.org/snapshot/panlex-20191001-csv/2411#33466113>		"atəʔ"@ngj	
"nítī"@ato	<https://panlex.org/snapshot/panlex-20191001-csv/2411#33469048>				<https://panlex.org/snapshot/panlex-20191001-csv/2411#33469042>		"ite"@ngj	
"nítī"@ato	<https://panlex.org/snapshot/panlex-20191001-csv/2411#33469048>				<https://panlex.org/snapshot/panlex-20191001-csv/2411#33469043>		"te"@ngj	
"nítōm"@ato	<https://panlex.org/snapshot/panlex-20191001-csv/2411#33468700>				<https://panlex.org/snapshot/panlex-20191001-csv/2411#33468694>		"tom"@ngj	
"nítōm"@ato	<https://panlex.org/snapshot/panlex-20191001-csv/2411#33468700>				<https://panlex.org/snapshot/panlex-20191001-csv/2411#33468693>		"itʃa"@ngj	
"wá"@ato	<https://panlex.org/snapshot/panlex-20191001-csv/2411#33465376>				<https://panlex.org/snapshot/panlex-20191001-csv/2411#33465369>		"ŋuə"@ngj	
"wá"@ato	<https://panlex.org/snapshot/panlex-20191001-csv/2411#33465376>				<https://panlex.org/snapshot/panlex-20191001-csv/2411#33465370>		"wa"@ngj	
"ákɔ̂n"@ato	<https://panlex.org/snapshot/panlex-20191001-csv/2411#33465667>				<https://panlex.org/snapshot/panlex-20191001-csv/2411#33465661>		"agəg"@ngj	
"ákɔ̂n"@ato	<https://panlex.org/snapshot/panlex-20191001-csv/2411#33465667>				<https://panlex.org/snapshot/panlex-20191001-csv/2411#33465660>		"abɔm"@ngj	
"ʃwí"@ato	<https://panlex.org/snapshot/panlex-20191001-csv/2411#33465859>				<https://panlex.org/snapshot/panlex-20191001-csv/2411#33465854>		"ʃu"@ngj	
"ʃwí"@ato	<https://panlex.org/snapshot/panlex-20191001-csv/2411#33465859>				<https://panlex.org/snapshot/panlex-20191001-csv/2411#33465853>		"isu"@ngj	
"ébúɣà"@ato	<https://panlex.org/snapshot/panlex-20191001-csv/2411#33466312>				<https://panlex.org/snapshot/panlex-20191001-csv/2411#33466306>		"etíà"@ngj	
"àdzíɣá"@ato	<https://panlex.org/snapshot/panlex-20191001-csv/2411#33467706>				<https://panlex.org/snapshot/panlex-20191001-csv/2411#33467699>		"uŋgəmi"@ngj	
"àdzíɣá"@ato	<https://panlex.org/snapshot/panlex-20191001-csv/2411#33467706>				<https://panlex.org/snapshot/panlex-20191001-csv/2411#33467700>		"ifuənən"@ngj	
"àdzíɣá"@ato	<https://panlex.org/snapshot/panlex-20191001-csv/2411#33467853>				<https://panlex.org/snapshot/panlex-20191001-csv/2411#33467847>		"ɛwa"@ngj	
"nídʒìì"@ato	<https://panlex.org/snapshot/panlex-20191001-csv/2411#33468857>				<https://panlex.org/snapshot/panlex-20191001-csv/2411#33468851>		"idʒi"@ngj	
"nídʒìì"@ato	<https://panlex.org/snapshot/panlex-20191001-csv/2411#33468857>				<https://panlex.org/snapshot/panlex-20191001-csv/2411#33468852>		"dʒi"@ngj	
"njàm"@ato	<https://panlex.org/snapshot/panlex-20191001-csv/2411#33465050>				<https://panlex.org/snapshot/panlex-20191001-csv/2411#33465045>		"ña"@ngj	
"njàm"@ato	<https://panlex.org/snapshot/panlex-20191001-csv/2411#33466408>				<https://panlex.org/snapshot/panlex-20191001-csv/2411#33466403>		"ña"@ngj	
"njàm"@ato	<https://panlex.org/snapshot/panlex-20191001-csv/2411#33466408>				<https://panlex.org/snapshot/panlex-20191001-csv/2411#33466402>		"ɲiə"@ngj	
"níʒìní"@ato	<https://panlex.org/snapshot/panlex-20191001-csv/2411#33467511>				<https://panlex.org/snapshot/panlex-20191001-csv/2411#33467504>		"iyi"@ngj	
"níʒìní"@ato	<https://panlex.org/snapshot/panlex-20191001-csv/2411#33467511>				<https://panlex.org/snapshot/panlex-20191001-csv/2411#33467505>		"jɨni"@ngj	
"èdʒí njâm"@ato	<https://panlex.org/snapshot/panlex-20191001-csv/2411#33468481>				<https://panlex.org/snapshot/panlex-20191001-csv/2411#33468475>		"adoŋaña"@ngj	
"dʒúɣó"@ato	<https://panlex.org/snapshot/panlex-20191001-csv/2411#33467087>				<https://panlex.org/snapshot/panlex-20191001-csv/2411#33467081>		"idʒugy"@ngj	
"dʒúɣó"@ato	<https://panlex.org/snapshot/panlex-20191001-csv/2411#33467087>				<https://panlex.org/snapshot/panlex-20191001-csv/2411#33467082>		"dʒuwə"@ngj	
"nísò"@ato	<https://panlex.org/snapshot/panlex-20191001-csv/2411#33468827>				<https://panlex.org/snapshot/panlex-20191001-csv/2411#33468820>		"isəu"@ngj	
"nísò"@ato	<https://panlex.org/snapshot/panlex-20191001-csv/2411#33468827>				<https://panlex.org/snapshot/panlex-20191001-csv/2411#33468821>		"ʃugo"@ngj	
"nítʃū ǹsándí"@ato	<https://panlex.org/snapshot/panlex-20191001-csv/2411#33467119>				<https://panlex.org/snapshot/panlex-20191001-csv/2411#33467114>		"tu"@ngj	
"nítʃū ǹsándí"@ato	<https://panlex.org/snapshot/panlex-20191001-csv/2411#33467119>				<https://panlex.org/snapshot/panlex-20191001-csv/2411#33467113>		"itʃat"@ngj	
"nídɔ̄ŋgī"@ato	<https://panlex.org/snapshot/panlex-20191001-csv/2411#33468764>				<https://panlex.org/snapshot/panlex-20191001-csv/2411#33468758>		"də"@ngj	
"nídɔ̄ŋgī"@ato	<https://panlex.org/snapshot/panlex-20191001-csv/2411#33468764>				<https://panlex.org/snapshot/panlex-20191001-csv/2411#33468757>		"itu"@ngj	
"níŋwā"@ato	<https://panlex.org/snapshot/panlex-20191001-csv/2411#33465570>				<https://panlex.org/snapshot/panlex-20191001-csv/2411#33465565>		"ñu"@ngj	
"níŋwā"@ato	<https://panlex.org/snapshot/panlex-20191001-csv/2411#33465570>				<https://panlex.org/snapshot/panlex-20191001-csv/2411#33465564>		"inuʔə"@ngj	
"ndɔ́ʔ"@ato	<https://panlex.org/snapshot/panlex-20191001-csv/2411#33468166>				<https://panlex.org/snapshot/panlex-20191001-csv/2411#33468159>		"ina"@ngj	
"ndɔ́ʔ"@ato	<https://panlex.org/snapshot/panlex-20191001-csv/2411#33468166>				<https://panlex.org/snapshot/panlex-20191001-csv/2411#33468160>		"nɨgɨ"@ngj	
"àŋgjí"@ato	<https://panlex.org/snapshot/panlex-20191001-csv/2411#33467055>				<https://panlex.org/snapshot/panlex-20191001-csv/2411#33467049>		"ndiʔ"@ngj	
"àŋgjí"@ato	<https://panlex.org/snapshot/panlex-20191001-csv/2411#33467055>				<https://panlex.org/snapshot/panlex-20191001-csv/2411#33467050>		"añi ̚"@ngj	
"níndʒwì"@ato	<https://panlex.org/snapshot/panlex-20191001-csv/2411#33468921>				<https://panlex.org/snapshot/panlex-20191001-csv/2411#33468916>		"tue"@ngj	
"níndʒwì"@ato	<https://panlex.org/snapshot/panlex-20191001-csv/2411#33468921>				<https://panlex.org/snapshot/panlex-20191001-csv/2411#33468915>		"itɣe"@ngj	
"m̀púmtə̀ntʃwì"@ato	<https://panlex.org/snapshot/panlex-20191001-csv/2411#33467251>				<https://panlex.org/snapshot/panlex-20191001-csv/2411#33467245>		"atʃuri"@ngj	
"m̀púmtə̀ntʃwì"@ato	<https://panlex.org/snapshot/panlex-20191001-csv/2411#33467251>				<https://panlex.org/snapshot/panlex-20191001-csv/2411#33467246>		"ɛtʃui"@ngj	
"nígbīʔī"@ato	<https://panlex.org/snapshot/panlex-20191001-csv/2411#33468795>				<https://panlex.org/snapshot/panlex-20191001-csv/2411#33468789>		"ikɔm"@ngj	
"nígbīʔī"@ato	<https://panlex.org/snapshot/panlex-20191001-csv/2411#33468795>				<https://panlex.org/snapshot/panlex-20191001-csv/2411#33468790>		"fɛ"@ngj	
"ézóp"@ato	<https://panlex.org/snapshot/panlex-20191001-csv/2411#33467022>				<https://panlex.org/snapshot/panlex-20191001-csv/2411#33467017>		"aʒuwa"@ngj	
"ézóp"@ato	<https://panlex.org/snapshot/panlex-20191001-csv/2411#33467022>				<https://panlex.org/snapshot/panlex-20191001-csv/2411#33467016>		"azobodʒ"@ngj	
"àŋgjà"@ato	<https://panlex.org/snapshot/panlex-20191001-csv/2411#33465147>				<https://panlex.org/snapshot/panlex-20191001-csv/2411#33465142>		"etúɔ́"@ngj	
"àŋgjà"@ato	<https://panlex.org/snapshot/panlex-20191001-csv/2411#33465147>				<https://panlex.org/snapshot/panlex-20191001-csv/2411#33465141>		"ibum"@ngj	
"áwú"@ato	<https://panlex.org/snapshot/panlex-20191001-csv/2411#33465311>				<https://panlex.org/snapshot/panlex-20191001-csv/2411#33465305>		"awu"@ngj	
"áwú"@ato	<https://panlex.org/snapshot/panlex-20191001-csv/2411#33465311>				<https://panlex.org/snapshot/panlex-20191001-csv/2411#33465304>		"awuə"@ngj	
"tʃwâp"@ato	<https://panlex.org/snapshot/panlex-20191001-csv/2411#33468071>				<https://panlex.org/snapshot/panlex-20191001-csv/2411#33468066>		"tʃua"@ngj	
"tʃwâp"@ato	<https://panlex.org/snapshot/panlex-20191001-csv/2411#33468071>				<https://panlex.org/snapshot/panlex-20191001-csv/2411#33468065>		"isef"@ngj	
"ékôn"@ato	<https://panlex.org/snapshot/panlex-20191001-csv/2411#33465666>				<https://panlex.org/snapshot/panlex-20191001-csv/2411#33465661>		"agəg"@ngj	
"ékôn"@ato	<https://panlex.org/snapshot/panlex-20191001-csv/2411#33465666>				<https://panlex.org/snapshot/panlex-20191001-csv/2411#33465660>		"abɔm"@ngj	
"gwît"@ato	<https://panlex.org/snapshot/panlex-20191001-csv/2411#33466345>				<https://panlex.org/snapshot/panlex-20191001-csv/2411#33466339>		"ɛtírí"@ngj	
"gwît"@ato	<https://panlex.org/snapshot/panlex-20191001-csv/2411#33466345>				<https://panlex.org/snapshot/panlex-20191001-csv/2411#33466338>		"upə"@ngj	
"ètʃèètí"@ato	<https://panlex.org/snapshot/panlex-20191001-csv/2411#33468542>				<https://panlex.org/snapshot/panlex-20191001-csv/2411#33468536>		"ifəu"@ngj	
"ètʃèètí"@ato	<https://panlex.org/snapshot/panlex-20191001-csv/2411#33468542>				<https://panlex.org/snapshot/panlex-20191001-csv/2411#33468537>		"ɛfok ̚"@ngj	
"nítīrī"@ato	<https://panlex.org/snapshot/panlex-20191001-csv/2411#33465731>				<https://panlex.org/snapshot/panlex-20191001-csv/2411#33465724>		"igəu"@ngj	
"nítīrī"@ato	<https://panlex.org/snapshot/panlex-20191001-csv/2411#33465731>				<https://panlex.org/snapshot/panlex-20191001-csv/2411#33465725>		"turu"@ngj	
"nímɔ̀t"@ato	<https://panlex.org/snapshot/panlex-20191001-csv/2411#33467283>				<https://panlex.org/snapshot/panlex-20191001-csv/2411#33467278>		"migi"@ngj	
"nímɔ̀t"@ato	<https://panlex.org/snapshot/panlex-20191001-csv/2411#33467283>				<https://panlex.org/snapshot/panlex-20191001-csv/2411#33467277>		"ifo"@ngj	
"ɛ̀tá"@ato	<https://panlex.org/snapshot/panlex-20191001-csv/2411#33467770>				<https://panlex.org/snapshot/panlex-20191001-csv/2411#33467764>		"umək"@ngj	
"ɛ̀tá"@ato	<https://panlex.org/snapshot/panlex-20191001-csv/2411#33467770>				<https://panlex.org/snapshot/panlex-20191001-csv/2411#33467765>		"ɛmuə"@ngj	
"éyúlì"@ato	<https://panlex.org/snapshot/panlex-20191001-csv/2411#33465796>				<https://panlex.org/snapshot/panlex-20191001-csv/2411#33465789>		"iyuri"@ngj	
"éyúlì"@ato	<https://panlex.org/snapshot/panlex-20191001-csv/2411#33465796>				<https://panlex.org/snapshot/panlex-20191001-csv/2411#33465790>		"aju"@ngj	
"níndī"@ato	<https://panlex.org/snapshot/panlex-20191001-csv/2411#33465635>				<https://panlex.org/snapshot/panlex-20191001-csv/2411#33465629>		"nik ̚̚"@ngj	
"níndī"@ato	<https://panlex.org/snapshot/panlex-20191001-csv/2411#33465635>				<https://panlex.org/snapshot/panlex-20191001-csv/2411#33465628>		"idʒək"@ngj	
"ékúmí"@ato	<https://panlex.org/snapshot/panlex-20191001-csv/2411#33466472>				<https://panlex.org/snapshot/panlex-20191001-csv/2411#33466466>		"ukum"@ngj	
"ékúmí"@ato	<https://panlex.org/snapshot/panlex-20191001-csv/2411#33466472>				<https://panlex.org/snapshot/panlex-20191001-csv/2411#33466467>		"ɛkɨ̵m"@ngj	
"ènjĭn nìbùŋ"@ato	<https://panlex.org/snapshot/panlex-20191001-csv/2411#33468637>				<https://panlex.org/snapshot/panlex-20191001-csv/2411#33468631>		"abəu"@ngj	
"ènjĭn nìbùŋ"@ato	<https://panlex.org/snapshot/panlex-20191001-csv/2411#33468637>				<https://panlex.org/snapshot/panlex-20191001-csv/2411#33468632>		"ɛbuʔʊ"@ngj	
"èbɔ́n"@ato	<https://panlex.org/snapshot/panlex-20191001-csv/2411#33467672>				<https://panlex.org/snapshot/panlex-20191001-csv/2411#33467666>		"ibɛn"@ngj	
"èbɔ́n"@ato	<https://panlex.org/snapshot/panlex-20191001-csv/2411#33467672>				<https://panlex.org/snapshot/panlex-20191001-csv/2411#33467667>		"ibən"@ngj	
"njâm"@ato	<https://panlex.org/snapshot/panlex-20191001-csv/2411#33466409>				<https://panlex.org/snapshot/panlex-20191001-csv/2411#33466403>		"ña"@ngj	
"njâm"@ato	<https://panlex.org/snapshot/panlex-20191001-csv/2411#33466409>				<https://panlex.org/snapshot/panlex-20191001-csv/2411#33466402>		"ɲiə"@ngj	
"njâm"@ato	<https://panlex.org/snapshot/panlex-20191001-csv/2411#33465051>				<https://panlex.org/snapshot/panlex-20191001-csv/2411#33465045>		"ña"@ngj	
"ví"@ato	<https://panlex.org/snapshot/panlex-20191001-csv/2411#33468356>				<https://panlex.org/snapshot/panlex-20191001-csv/2411#33468350>		"ibəʔi"@ngj	
"ví"@ato	<https://panlex.org/snapshot/panlex-20191001-csv/2411#33468356>				<https://panlex.org/snapshot/panlex-20191001-csv/2411#33468351>		"bu"@ngj	
"mjá"@ato	<https://panlex.org/snapshot/panlex-20191001-csv/2411#33466829>				<https://panlex.org/snapshot/panlex-20191001-csv/2411#33466823>		"uŋgwaŋ"@ngj	
"mjá"@ato	<https://panlex.org/snapshot/panlex-20191001-csv/2411#33466829>				<https://panlex.org/snapshot/panlex-20191001-csv/2411#33466824>		"imbaŋ"@ngj	
"ɛ̀tàn"@ato	<https://panlex.org/snapshot/panlex-20191001-csv/2411#33465892>				<https://panlex.org/snapshot/panlex-20191001-csv/2411#33465887>		"ɛtɛn"@ngj	
"ɛ̀tàn"@ato	<https://panlex.org/snapshot/panlex-20191001-csv/2411#33465892>				<https://panlex.org/snapshot/panlex-20191001-csv/2411#33465886>		"itu̵̵"@ngj	
"fí"@ato	<https://panlex.org/snapshot/panlex-20191001-csv/2411#33466119>				<https://panlex.org/snapshot/panlex-20191001-csv/2411#33466112>		"atəu"@ngj	
"fí"@ato	<https://panlex.org/snapshot/panlex-20191001-csv/2411#33466119>				<https://panlex.org/snapshot/panlex-20191001-csv/2411#33466113>		"atəʔ"@ngj	
"tʃwâp"@ato	<https://panlex.org/snapshot/panlex-20191001-csv/2411#33468072>				<https://panlex.org/snapshot/panlex-20191001-csv/2411#33468066>		"tʃua"@ngj	
"tʃwâp"@ato	<https://panlex.org/snapshot/panlex-20191001-csv/2411#33468072>				<https://panlex.org/snapshot/panlex-20191001-csv/2411#33468065>		"isef"@ngj	
"nítūm"@ato	<https://panlex.org/snapshot/panlex-20191001-csv/2411#33466636>				<https://panlex.org/snapshot/panlex-20191001-csv/2411#33466630>		"itəʔ"@ngj	
"nítūm"@ato	<https://panlex.org/snapshot/panlex-20191001-csv/2411#33466636>				<https://panlex.org/snapshot/panlex-20191001-csv/2411#33466631>		"ɨɣan"@ngj	
"èfìgjèé"@ato	<https://panlex.org/snapshot/panlex-20191001-csv/2411#33467446>				<https://panlex.org/snapshot/panlex-20191001-csv/2411#33467440>		"ubiə"@ngj	
"èfìgjèé"@ato	<https://panlex.org/snapshot/panlex-20191001-csv/2411#33467446>				<https://panlex.org/snapshot/panlex-20191001-csv/2411#33467441>		"ɛfijɛ"@ngj	
"ènjìní"@ato	<https://panlex.org/snapshot/panlex-20191001-csv/2411#33468606>				<https://panlex.org/snapshot/panlex-20191001-csv/2411#33468600>		"ifu̵ʔi"@ngj	
"ènjìní"@ato	<https://panlex.org/snapshot/panlex-20191001-csv/2411#33468606>				<https://panlex.org/snapshot/panlex-20191001-csv/2411#33468601>		"ɛfuwã"@ngj	
"ábvúŋ"@ato	<https://panlex.org/snapshot/panlex-20191001-csv/2411#33466602>				<https://panlex.org/snapshot/panlex-20191001-csv/2411#33466595>		"afe"@ngj	
"ábvúŋ"@ato	<https://panlex.org/snapshot/panlex-20191001-csv/2411#33466602>				<https://panlex.org/snapshot/panlex-20191001-csv/2411#33466596>		"abiŋ"@ngj	
"àjùlì"@ato	<https://panlex.org/snapshot/panlex-20191001-csv/2411#33465795>				<https://panlex.org/snapshot/panlex-20191001-csv/2411#33465789>		"iyuri"@ngj	
"àjùlì"@ato	<https://panlex.org/snapshot/panlex-20191001-csv/2411#33465795>				<https://panlex.org/snapshot/panlex-20191001-csv/2411#33465790>		"aju"@ngj	
"nízɔ̄"@ato	<https://panlex.org/snapshot/panlex-20191001-csv/2411#33466925>				<https://panlex.org/snapshot/panlex-20191001-csv/2411#33466919>		"izən"@ngj	
"nízɔ̄"@ato	<https://panlex.org/snapshot/panlex-20191001-csv/2411#33466925>				<https://panlex.org/snapshot/panlex-20191001-csv/2411#33466920>		"ʒə"@ngj	
"níndwá"@ato	<https://panlex.org/snapshot/panlex-20191001-csv/2411#33467830>				<https://panlex.org/snapshot/panlex-20191001-csv/2411#33467825>		"àdóŋ"@ngj	
"ìfí"@ato	<https://panlex.org/snapshot/panlex-20191001-csv/2411#33465698>				<https://panlex.org/snapshot/panlex-20191001-csv/2411#33465693>		"iɣu̵"@ngj	
"ìfí"@ato	<https://panlex.org/snapshot/panlex-20191001-csv/2411#33465698>				<https://panlex.org/snapshot/panlex-20191001-csv/2411#33465692>		"iɣu̵"@ngj	
"nífē"@ato	<https://panlex.org/snapshot/panlex-20191001-csv/2411#33465278>				<https://panlex.org/snapshot/panlex-20191001-csv/2411#33465272>		"ifu̵"@ngj	
"nífē"@ato	<https://panlex.org/snapshot/panlex-20191001-csv/2411#33465278>				<https://panlex.org/snapshot/panlex-20191001-csv/2411#33465273>		"du̵"@ngj	
"múmbù̵ɣà"@ato	<https://panlex.org/snapshot/panlex-20191001-csv/2411#33465957>				<https://panlex.org/snapshot/panlex-20191001-csv/2411#33465951>		"aɣəu"@ngj	
"múmbù̵ɣà"@ato	<https://panlex.org/snapshot/panlex-20191001-csv/2411#33465957>				<https://panlex.org/snapshot/panlex-20191001-csv/2411#33465952>		"ɛbraro"@ngj	
"níbī"@ato	<https://panlex.org/snapshot/panlex-20191001-csv/2411#33468954>				<https://panlex.org/snapshot/panlex-20191001-csv/2411#33468947>		"ibɛ"@ngj	
"níbī"@ato	<https://panlex.org/snapshot/panlex-20191001-csv/2411#33468954>				<https://panlex.org/snapshot/panlex-20191001-csv/2411#33468948>		"bigi"@ngj	
"dʒúɣó"@ato	<https://panlex.org/snapshot/panlex-20191001-csv/2411#33467088>				<https://panlex.org/snapshot/panlex-20191001-csv/2411#33467081>		"idʒugy"@ngj	
"dʒúɣó"@ato	<https://panlex.org/snapshot/panlex-20191001-csv/2411#33467088>				<https://panlex.org/snapshot/panlex-20191001-csv/2411#33467082>		"dʒuwə"@ngj	
"múmbù̵ɣà"@ato	<https://panlex.org/snapshot/panlex-20191001-csv/2411#33465958>				<https://panlex.org/snapshot/panlex-20191001-csv/2411#33465951>		"aɣəu"@ngj	
"múmbù̵ɣà"@ato	<https://panlex.org/snapshot/panlex-20191001-csv/2411#33465958>				<https://panlex.org/snapshot/panlex-20191001-csv/2411#33465952>		"ɛbraro"@ngj	
"nísɔ̀"@ato	<https://panlex.org/snapshot/panlex-20191001-csv/2411#33468732>				<https://panlex.org/snapshot/panlex-20191001-csv/2411#33468725>		"idu"@ngj	
"nísɔ̀"@ato	<https://panlex.org/snapshot/panlex-20191001-csv/2411#33468732>				<https://panlex.org/snapshot/panlex-20191001-csv/2411#33468726>		"ñɛrɛ"@ngj	
"nínī"@ato	<https://panlex.org/snapshot/panlex-20191001-csv/2411#33468953>				<https://panlex.org/snapshot/panlex-20191001-csv/2411#33468947>		"ibɛ"@ngj	
"nínī"@ato	<https://panlex.org/snapshot/panlex-20191001-csv/2411#33468953>				<https://panlex.org/snapshot/panlex-20191001-csv/2411#33468948>		"bigi"@ngj	
"níʃwā"@ato	<https://panlex.org/snapshot/panlex-20191001-csv/2411#33467220>				<https://panlex.org/snapshot/panlex-20191001-csv/2411#33467214>		"dʒu"@ngj	
"níʃwā"@ato	<https://panlex.org/snapshot/panlex-20191001-csv/2411#33467220>				<https://panlex.org/snapshot/panlex-20191001-csv/2411#33467213>		"iso"@ngj	
"èkjé"@ato	<https://panlex.org/snapshot/panlex-20191001-csv/2411#33467316>				<https://panlex.org/snapshot/panlex-20191001-csv/2411#33467310>		"ukɔn"@ngj	
"èkjé"@ato	<https://panlex.org/snapshot/panlex-20191001-csv/2411#33467316>				<https://panlex.org/snapshot/panlex-20191001-csv/2411#33467311>		"ɛkɔn"@ngj	
"áŋgjí"@ato	<https://panlex.org/snapshot/panlex-20191001-csv/2411#33467056>				<https://panlex.org/snapshot/panlex-20191001-csv/2411#33467049>		"ndiʔ"@ngj	
"áŋgjí"@ato	<https://panlex.org/snapshot/panlex-20191001-csv/2411#33467056>				<https://panlex.org/snapshot/panlex-20191001-csv/2411#33467050>		"añi ̚"@ngj	
"kìfùfù"@ato	<https://panlex.org/snapshot/panlex-20191001-csv/2411#33467575>				<https://panlex.org/snapshot/panlex-20191001-csv/2411#33467569>		"ɛfu"@ngj	
"kìfùfù"@ato	<https://panlex.org/snapshot/panlex-20191001-csv/2411#33467575>				<https://panlex.org/snapshot/panlex-20191001-csv/2411#33467568>		"ufu̵̵̵̵"@ngj	
"wâjé"@ato	<https://panlex.org/snapshot/panlex-20191001-csv/2411#33467641>				<https://panlex.org/snapshot/panlex-20191001-csv/2411#33467634>		"ayedʒ"@ngj	
"wâjé"@ato	<https://panlex.org/snapshot/panlex-20191001-csv/2411#33467641>				<https://panlex.org/snapshot/panlex-20191001-csv/2411#33467635>		"aje"@ngj	
"wânóm"@ato	<https://panlex.org/snapshot/panlex-20191001-csv/2411#33466377>				<https://panlex.org/snapshot/panlex-20191001-csv/2411#33466370>		"anɔm"@ngj	
"wânóm"@ato	<https://panlex.org/snapshot/panlex-20191001-csv/2411#33466377>				<https://panlex.org/snapshot/panlex-20191001-csv/2411#33466371>		"anɔm"@ngj	
"gí"@ato	<https://panlex.org/snapshot/panlex-20191001-csv/2411#33468102>				<https://panlex.org/snapshot/panlex-20191001-csv/2411#33468096>		"ndʒi"@ngj	
"gí"@ato	<https://panlex.org/snapshot/panlex-20191001-csv/2411#33468102>				<https://panlex.org/snapshot/panlex-20191001-csv/2411#33468097>		"ɨɣadʒɨrə"@ngj	
"ébúɣū"@ato	<https://panlex.org/snapshot/panlex-20191001-csv/2411#33466086>				<https://panlex.org/snapshot/panlex-20191001-csv/2411#33466081>		"abuɔ"@ngj	
"ébúɣū"@ato	<https://panlex.org/snapshot/panlex-20191001-csv/2411#33466086>				<https://panlex.org/snapshot/panlex-20191001-csv/2411#33466080>		"abusə"@ngj	
"ŋkúrò"@ato	<https://panlex.org/snapshot/panlex-20191001-csv/2411#33468230>				<https://panlex.org/snapshot/panlex-20191001-csv/2411#33468224>		"atigi"@ngj	
"ŋkúrò"@ato	<https://panlex.org/snapshot/panlex-20191001-csv/2411#33468230>				<https://panlex.org/snapshot/panlex-20191001-csv/2411#33468223>		"ubej"@ngj	
"ètʃèètí"@ato	<https://panlex.org/snapshot/panlex-20191001-csv/2411#33468543>				<https://panlex.org/snapshot/panlex-20191001-csv/2411#33468536>		"ifəu"@ngj	
"ètʃèètí"@ato	<https://panlex.org/snapshot/panlex-20191001-csv/2411#33468543>				<https://panlex.org/snapshot/panlex-20191001-csv/2411#33468537>		"ɛfok ̚"@ngj	
"bít"@ato	<https://panlex.org/snapshot/panlex-20191001-csv/2411#33468293>				<https://panlex.org/snapshot/panlex-20191001-csv/2411#33468288>		"ɨbiri"@ngj	
"bít"@ato	<https://panlex.org/snapshot/panlex-20191001-csv/2411#33468293>				<https://panlex.org/snapshot/panlex-20191001-csv/2411#33468287>		"bɛt"@ngj	
"gíkùm"@ato	<https://panlex.org/snapshot/panlex-20191001-csv/2411#33467831>				<https://panlex.org/snapshot/panlex-20191001-csv/2411#33467825>		"àdóŋ"@ngj	
"éfwá"@ato	<https://panlex.org/snapshot/panlex-20191001-csv/2411#33467414>				<https://panlex.org/snapshot/panlex-20191001-csv/2411#33467407>		"iʃɔŋ"@ngj	
"éfwá"@ato	<https://panlex.org/snapshot/panlex-20191001-csv/2411#33467414>				<https://panlex.org/snapshot/panlex-20191001-csv/2411#33467408>		"aʃoŋ"@ngj	
"éfí"@ato	<https://panlex.org/snapshot/panlex-20191001-csv/2411#33465699>				<https://panlex.org/snapshot/panlex-20191001-csv/2411#33465693>		"iɣu̵"@ngj	
"éfí"@ato	<https://panlex.org/snapshot/panlex-20191001-csv/2411#33465699>				<https://panlex.org/snapshot/panlex-20191001-csv/2411#33465692>		"iɣu̵"@ngj	
"étóŋní"@ato	<https://panlex.org/snapshot/panlex-20191001-csv/2411#33465603>				<https://panlex.org/snapshot/panlex-20191001-csv/2411#33465596>		"atɔŋ"@ngj	
"étóŋní"@ato	<https://panlex.org/snapshot/panlex-20191001-csv/2411#33465603>				<https://panlex.org/snapshot/panlex-20191001-csv/2411#33465597>		"àtóŋ"@ngj	
"ébúɣō"@ato	<https://panlex.org/snapshot/panlex-20191001-csv/2411#33466087>				<https://panlex.org/snapshot/panlex-20191001-csv/2411#33466081>		"abuɔ"@ngj	
"ébúɣō"@ato	<https://panlex.org/snapshot/panlex-20191001-csv/2411#33466087>				<https://panlex.org/snapshot/panlex-20191001-csv/2411#33466080>		"abusə"@ngj	
"nígò"@ato	<https://panlex.org/snapshot/panlex-20191001-csv/2411#33466669>				<https://panlex.org/snapshot/panlex-20191001-csv/2411#33466663>		"goː"@ngj	
"nígò"@ato	<https://panlex.org/snapshot/panlex-20191001-csv/2411#33466669>				<https://panlex.org/snapshot/panlex-20191001-csv/2411#33466662>		"itini"@ngj	
"níʒwì"@ato	<https://panlex.org/snapshot/panlex-20191001-csv/2411#33466214>				<https://panlex.org/snapshot/panlex-20191001-csv/2411#33466208>		"izuri"@ngj	
"níʒwì"@ato	<https://panlex.org/snapshot/panlex-20191001-csv/2411#33466214>				<https://panlex.org/snapshot/panlex-20191001-csv/2411#33466209>		"ʒuri"@ngj	
"wêd"@ato	<https://panlex.org/snapshot/panlex-20191001-csv/2411#33468009>				<https://panlex.org/snapshot/panlex-20191001-csv/2411#33468004>		"anɔm"@ngj	
"wêd"@ato	<https://panlex.org/snapshot/panlex-20191001-csv/2411#33468009>				<https://panlex.org/snapshot/panlex-20191001-csv/2411#33468003>		"wa"@ngj	
"èfú"@ato	<https://panlex.org/snapshot/panlex-20191001-csv/2411#33466280>				<https://panlex.org/snapshot/panlex-20191001-csv/2411#33466274>		"ɛfu"@ngj	
"èfú"@ato	<https://panlex.org/snapshot/panlex-20191001-csv/2411#33466280>				<https://panlex.org/snapshot/panlex-20191001-csv/2411#33466273>		"ufuʔ"@ngj	
"éfɔ̂"@ato	<https://panlex.org/snapshot/panlex-20191001-csv/2411#33467738>				<https://panlex.org/snapshot/panlex-20191001-csv/2411#33467733>		"iǹdoŋ̀"@ngj	
"éfɔ̂"@ato	<https://panlex.org/snapshot/panlex-20191001-csv/2411#33467738>				<https://panlex.org/snapshot/panlex-20191001-csv/2411#33467732>		"indɔŋ"@ngj	
"mbùtə̀ŋgjà"@ato	<https://panlex.org/snapshot/panlex-20191001-csv/2411#33467947>				<https://panlex.org/snapshot/panlex-20191001-csv/2411#33467941>		"utuʔə"@ngj	
"mbùtə̀ŋgjà"@ato	<https://panlex.org/snapshot/panlex-20191001-csv/2411#33467947>				<https://panlex.org/snapshot/panlex-20191001-csv/2411#33467942>		"ɛkrɛtuɔ ̚"@ngj	
"àbàβlɨ̀ kjándu̵"@ato	<https://panlex.org/snapshot/panlex-20191001-csv/2411#33467885>				<https://panlex.org/snapshot/panlex-20191001-csv/2411#33467879>		"iɲi"@ngj	
"àbàβlɨ̀ kjándu̵"@ato	<https://panlex.org/snapshot/panlex-20191001-csv/2411#33467885>				<https://panlex.org/snapshot/panlex-20191001-csv/2411#33467880>		"indʒiŋi"@ngj	
"gôp"@ato	<https://panlex.org/snapshot/panlex-20191001-csv/2411#33466991>				<https://panlex.org/snapshot/panlex-20191001-csv/2411#33466985>		"guaʃin"@ngj	
"gôp"@ato	<https://panlex.org/snapshot/panlex-20191001-csv/2411#33466991>				<https://panlex.org/snapshot/panlex-20191001-csv/2411#33466984>		"igɔp"@ngj	
"nítīnī"@ato	<https://panlex.org/snapshot/panlex-20191001-csv/2411#33466701>				<https://panlex.org/snapshot/panlex-20191001-csv/2411#33466695>		"tini"@ngj	
"nítīnī"@ato	<https://panlex.org/snapshot/panlex-20191001-csv/2411#33466701>				<https://panlex.org/snapshot/panlex-20191001-csv/2411#33466694>		"ikuʔaŋ"@ngj	
"ēbūɣū"@ato	<https://panlex.org/snapshot/panlex-20191001-csv/2411#33466733>				<https://panlex.org/snapshot/panlex-20191001-csv/2411#33466727>		"imbəŋ"@ngj	
"ēbūɣū"@ato	<https://panlex.org/snapshot/panlex-20191001-csv/2411#33466733>				<https://panlex.org/snapshot/panlex-20191001-csv/2411#33466728>		"ɨbrɛ"@ngj	
"ǹsòʔ"@ato	<https://panlex.org/snapshot/panlex-20191001-csv/2411#33468325>				<https://panlex.org/snapshot/panlex-20191001-csv/2411#33468319>		"añafom"@ngj	
"ǹsòʔ"@ato	<https://panlex.org/snapshot/panlex-20191001-csv/2411#33468325>				<https://panlex.org/snapshot/panlex-20191001-csv/2411#33468318>		"aɲafɔm"@ngj	
"ḿfwám"@ato	<https://panlex.org/snapshot/panlex-20191001-csv/2411#33465764>				<https://panlex.org/snapshot/panlex-20191001-csv/2411#33465758>		"ɛfo"@ngj	
"ḿfwám"@ato	<https://panlex.org/snapshot/panlex-20191001-csv/2411#33465764>				<https://panlex.org/snapshot/panlex-20191001-csv/2411#33465757>		"ifuŋ"@ngj	
"níʃwātī"@ato	<https://panlex.org/snapshot/panlex-20191001-csv/2411#33467219>				<https://panlex.org/snapshot/panlex-20191001-csv/2411#33467214>		"dʒu"@ngj	
"níʃwātī"@ato	<https://panlex.org/snapshot/panlex-20191001-csv/2411#33467219>				<https://panlex.org/snapshot/panlex-20191001-csv/2411#33467213>		"iso"@ngj	
"gí"@ato	<https://panlex.org/snapshot/panlex-20191001-csv/2411#33468103>				<https://panlex.org/snapshot/panlex-20191001-csv/2411#33468096>		"ndʒi"@ngj	
"gí"@ato	<https://panlex.org/snapshot/panlex-20191001-csv/2411#33468103>				<https://panlex.org/snapshot/panlex-20191001-csv/2411#33468097>		"ɨɣadʒɨrə"@ngj	
"áfûp"@ato	<https://panlex.org/snapshot/panlex-20191001-csv/2411#33466536>				<https://panlex.org/snapshot/panlex-20191001-csv/2411#33466530>		"afəp"@ngj	
"áfûp"@ato	<https://panlex.org/snapshot/panlex-20191001-csv/2411#33466536>				<https://panlex.org/snapshot/panlex-20191001-csv/2411#33466531>		"afok ̚"@ngj	
"nítā"@ato	<https://panlex.org/snapshot/panlex-20191001-csv/2411#33465473>				<https://panlex.org/snapshot/panlex-20191001-csv/2411#33465467>		"taŋ"@ngj	
"nítā"@ato	<https://panlex.org/snapshot/panlex-20191001-csv/2411#33465473>				<https://panlex.org/snapshot/panlex-20191001-csv/2411#33465466>		"itaŋ"@ngj	
"tʃwá"@ato	<https://panlex.org/snapshot/panlex-20191001-csv/2411#33468450>				<https://panlex.org/snapshot/panlex-20191001-csv/2411#33468443>		"inzej"@ngj	
"tʃwá"@ato	<https://panlex.org/snapshot/panlex-20191001-csv/2411#33468450>				<https://panlex.org/snapshot/panlex-20191001-csv/2411#33468444>		"tʃoŋ"@ngj	
"ɛ̀ŋká"@ato	<https://panlex.org/snapshot/panlex-20191001-csv/2411#33466765>				<https://panlex.org/snapshot/panlex-20191001-csv/2411#33466760>		"aɣaŋ"@ngj	
"ɛ̀ŋká"@ato	<https://panlex.org/snapshot/panlex-20191001-csv/2411#33466765>				<https://panlex.org/snapshot/panlex-20191001-csv/2411#33466759>		"uɣaŋ"@ngj	
"ɛ́lémí"@ato	<https://panlex.org/snapshot/panlex-20191001-csv/2411#33467381>				<https://panlex.org/snapshot/panlex-20191001-csv/2411#33467375>		"inɛ"@ngj	
"ɛ́lémí"@ato	<https://panlex.org/snapshot/panlex-20191001-csv/2411#33467381>				<https://panlex.org/snapshot/panlex-20191001-csv/2411#33467374>		"inemi"@ngj	
"nítī"@ato	<https://panlex.org/snapshot/panlex-20191001-csv/2411#33469049>				<https://panlex.org/snapshot/panlex-20191001-csv/2411#33469042>		"ite"@ngj	
"nítī"@ato	<https://panlex.org/snapshot/panlex-20191001-csv/2411#33469049>				<https://panlex.org/snapshot/panlex-20191001-csv/2411#33469043>		"te"@ngj	
"èmì"@ato	<https://panlex.org/snapshot/panlex-20191001-csv/2411#33466504>				<https://panlex.org/snapshot/panlex-20191001-csv/2411#33466499>		"ɨmiʔ"@ngj	
"èmì"@ato	<https://panlex.org/snapshot/panlex-20191001-csv/2411#33466504>				<https://panlex.org/snapshot/panlex-20191001-csv/2411#33466498>		"amedʒ"@ngj	
"dzɨ̀ɣà"@ato	<https://panlex.org/snapshot/panlex-20191001-csv/2411#33468135>				<https://panlex.org/snapshot/panlex-20191001-csv/2411#33468129>		"indro"@ngj	
"dzɨ̀ɣà"@ato	<https://panlex.org/snapshot/panlex-20191001-csv/2411#33468135>				<https://panlex.org/snapshot/panlex-20191001-csv/2411#33468128>		"ugyʌ"@ngj	
"étóŋní"@ato	<https://panlex.org/snapshot/panlex-20191001-csv/2411#33465602>				<https://panlex.org/snapshot/panlex-20191001-csv/2411#33465596>		"atɔŋ"@ngj	
"étóŋní"@ato	<https://panlex.org/snapshot/panlex-20191001-csv/2411#33465602>				<https://panlex.org/snapshot/panlex-20191001-csv/2411#33465597>		"àtóŋ"@ngj	
"éŋkó̷mì"@ato	<https://panlex.org/snapshot/panlex-20191001-csv/2411#33467801>				<https://panlex.org/snapshot/panlex-20191001-csv/2411#33467795>		"gəʔəkʷoŋ"@ngj	
"ékí"@ato	<https://panlex.org/snapshot/panlex-20191001-csv/2411#33467317>				<https://panlex.org/snapshot/panlex-20191001-csv/2411#33467310>		"ukɔn"@ngj	
"ékí"@ato	<https://panlex.org/snapshot/panlex-20191001-csv/2411#33467317>				<https://panlex.org/snapshot/panlex-20191001-csv/2411#33467311>		"ɛkɔn"@ngj	
"ètját"@ato	<https://panlex.org/snapshot/panlex-20191001-csv/2411#33467349>				<https://panlex.org/snapshot/panlex-20191001-csv/2411#33467342>		"ita"@ngj	
"ètját"@ato	<https://panlex.org/snapshot/panlex-20191001-csv/2411#33467349>				<https://panlex.org/snapshot/panlex-20191001-csv/2411#33467343>		"ɨtaʔa"@ngj	
"njóndì fí"@ato	<https://panlex.org/snapshot/panlex-20191001-csv/2411#33466054>				<https://panlex.org/snapshot/panlex-20191001-csv/2411#33466049>		"ŋwatok ̚"@ngj	
"njóndì fí"@ato	<https://panlex.org/snapshot/panlex-20191001-csv/2411#33466054>				<https://panlex.org/snapshot/panlex-20191001-csv/2411#33466048>		"iŋɔŋ"@ngj	
"nísò"@ato	<https://panlex.org/snapshot/panlex-20191001-csv/2411#33468826>				<https://panlex.org/snapshot/panlex-20191001-csv/2411#33468820>		"isəu"@ngj	
"nísò"@ato	<https://panlex.org/snapshot/panlex-20191001-csv/2411#33468826>				<https://panlex.org/snapshot/panlex-20191001-csv/2411#33468821>		"ʃugo"@ngj	
"níbvūm"@ato	<https://panlex.org/snapshot/panlex-20191001-csv/2411#33468985>				<https://panlex.org/snapshot/panlex-20191001-csv/2411#33468979>		"guru"@ngj	
"níbvūm"@ato	<https://panlex.org/snapshot/panlex-20191001-csv/2411#33468985>				<https://panlex.org/snapshot/panlex-20191001-csv/2411#33468978>		"igət"@ngj	
"nímòɣò"@ato	<https://panlex.org/snapshot/panlex-20191001-csv/2411#33466894>				<https://panlex.org/snapshot/panlex-20191001-csv/2411#33466888>		"məgə"@ngj	
"nímòɣò"@ato	<https://panlex.org/snapshot/panlex-20191001-csv/2411#33466894>				<https://panlex.org/snapshot/panlex-20191001-csv/2411#33466887>		"iɣedʒ"@ngj	
"nífū"@ato	<https://panlex.org/snapshot/panlex-20191001-csv/2411#33465506>				<https://panlex.org/snapshot/panlex-20191001-csv/2411#33465500>		"ku"@ngj	
"nífū"@ato	<https://panlex.org/snapshot/panlex-20191001-csv/2411#33465506>				<https://panlex.org/snapshot/panlex-20191001-csv/2411#33465499>		"iku"@ngj	
"nízɔ̄"@ato	<https://panlex.org/snapshot/panlex-20191001-csv/2411#33466926>				<https://panlex.org/snapshot/panlex-20191001-csv/2411#33466919>		"izən"@ngj	
"nízɔ̄"@ato	<https://panlex.org/snapshot/panlex-20191001-csv/2411#33466926>				<https://panlex.org/snapshot/panlex-20191001-csv/2411#33466920>		"ʒə"@ngj	
"mjá"@ato	<https://panlex.org/snapshot/panlex-20191001-csv/2411#33466830>				<https://panlex.org/snapshot/panlex-20191001-csv/2411#33466823>		"uŋgwaŋ"@ngj	
"mjá"@ato	<https://panlex.org/snapshot/panlex-20191001-csv/2411#33466830>				<https://panlex.org/snapshot/panlex-20191001-csv/2411#33466824>		"imbaŋ"@ngj	
"áfûp"@ato	<https://panlex.org/snapshot/panlex-20191001-csv/2411#33466537>				<https://panlex.org/snapshot/panlex-20191001-csv/2411#33466530>		"afəp"@ngj	
"áfûp"@ato	<https://panlex.org/snapshot/panlex-20191001-csv/2411#33466537>				<https://panlex.org/snapshot/panlex-20191001-csv/2411#33466531>		"afok ̚"@ngj	
"m̀bɔ́"@ato	<https://panlex.org/snapshot/panlex-20191001-csv/2411#33468387>				<https://panlex.org/snapshot/panlex-20191001-csv/2411#33468381>		"atroki"@ngj	
"àdzíɣā"@ato	<https://panlex.org/snapshot/panlex-20191001-csv/2411#33467852>				<https://panlex.org/snapshot/panlex-20191001-csv/2411#33467847>		"ɛwa"@ngj	
"àdzíɣā"@ato	<https://panlex.org/snapshot/panlex-20191001-csv/2411#33467705>				<https://panlex.org/snapshot/panlex-20191001-csv/2411#33467699>		"uŋgəmi"@ngj	
"àdzíɣā"@ato	<https://panlex.org/snapshot/panlex-20191001-csv/2411#33467705>				<https://panlex.org/snapshot/panlex-20191001-csv/2411#33467700>		"ifuənən"@ngj	
"wâjē"@ato	<https://panlex.org/snapshot/panlex-20191001-csv/2411#33467640>				<https://panlex.org/snapshot/panlex-20191001-csv/2411#33467634>		"ayedʒ"@ngj	
"wâjē"@ato	<https://panlex.org/snapshot/panlex-20191001-csv/2411#33467640>				<https://panlex.org/snapshot/panlex-20191001-csv/2411#33467635>		"aje"@ngj	
"ènjìní"@ato	<https://panlex.org/snapshot/panlex-20191001-csv/2411#33468607>				<https://panlex.org/snapshot/panlex-20191001-csv/2411#33468600>		"ifu̵ʔi"@ngj	
"ènjìní"@ato	<https://panlex.org/snapshot/panlex-20191001-csv/2411#33468607>				<https://panlex.org/snapshot/panlex-20191001-csv/2411#33468601>		"ɛfuwã"@ngj	
"ǹsò"@ato	<https://panlex.org/snapshot/panlex-20191001-csv/2411#33468324>				<https://panlex.org/snapshot/panlex-20191001-csv/2411#33468319>		"añafom"@ngj	
"ǹsò"@ato	<https://panlex.org/snapshot/panlex-20191001-csv/2411#33468324>				<https://panlex.org/snapshot/panlex-20191001-csv/2411#33468318>		"aɲafɔm"@ngj	
"níkjām"@ato	<https://panlex.org/snapshot/panlex-20191001-csv/2411#33467187>				<https://panlex.org/snapshot/panlex-20191001-csv/2411#33467180>		"iku̵ŋ"@ngj	
"níkjām"@ato	<https://panlex.org/snapshot/panlex-20191001-csv/2411#33467187>				<https://panlex.org/snapshot/panlex-20191001-csv/2411#33467181>		"kam"@ngj	
"èkúm"@ato	<https://panlex.org/snapshot/panlex-20191001-csv/2411#33466473>				<https://panlex.org/snapshot/panlex-20191001-csv/2411#33466466>		"ukum"@ngj	
"èkúm"@ato	<https://panlex.org/snapshot/panlex-20191001-csv/2411#33466473>				<https://panlex.org/snapshot/panlex-20191001-csv/2411#33466467>		"ɛkɨ̵m"@ngj	
"étwán"@ato	<https://panlex.org/snapshot/panlex-20191001-csv/2411#33467917>				<https://panlex.org/snapshot/panlex-20191001-csv/2411#33467910>		"itɔŋ"@ngj	
"étwán"@ato	<https://panlex.org/snapshot/panlex-20191001-csv/2411#33467917>				<https://panlex.org/snapshot/panlex-20191001-csv/2411#33467911>		"ɛ́tóŋ"@ngj	
"ènjì"@ato	<https://panlex.org/snapshot/panlex-20191001-csv/2411#33465990>				<https://panlex.org/snapshot/panlex-20191001-csv/2411#33465984>		"ɛtʃuwa"@ngj	
"ènjì"@ato	<https://panlex.org/snapshot/panlex-20191001-csv/2411#33465990>				<https://panlex.org/snapshot/panlex-20191001-csv/2411#33465983>		"ikurə"@ngj	
"m̀vùlùŋgjà"@ato	<https://panlex.org/snapshot/panlex-20191001-csv/2411#33467948>				<https://panlex.org/snapshot/panlex-20191001-csv/2411#33467941>		"utuʔə"@ngj	
"m̀vùlùŋgjà"@ato	<https://panlex.org/snapshot/panlex-20191001-csv/2411#33467948>				<https://panlex.org/snapshot/panlex-20191001-csv/2411#33467942>		"ɛkrɛtuɔ ̚"@ngj	
"éjwí"@ato	<https://panlex.org/snapshot/panlex-20191001-csv/2411#33465828>				<https://panlex.org/snapshot/panlex-20191001-csv/2411#33465822>		"ɛju"@ngj	
"éjwí"@ato	<https://panlex.org/snapshot/panlex-20191001-csv/2411#33465828>				<https://panlex.org/snapshot/panlex-20191001-csv/2411#33465821>		"uwɛt"@ngj	
"ɛ́ɣɔ́"@ato	<https://panlex.org/snapshot/panlex-20191001-csv/2411#33466798>				<https://panlex.org/snapshot/panlex-20191001-csv/2411#33466792>		"ɛgrə"@ngj	
"ɛ́ɣɔ́"@ato	<https://panlex.org/snapshot/panlex-20191001-csv/2411#33466798>				<https://panlex.org/snapshot/panlex-20191001-csv/2411#33466791>		"uniʔ"@ngj	
"émî"@ato	<https://panlex.org/snapshot/panlex-20191001-csv/2411#33466505>				<https://panlex.org/snapshot/panlex-20191001-csv/2411#33466499>		"ɨmiʔ"@ngj	
"émî"@ato	<https://panlex.org/snapshot/panlex-20191001-csv/2411#33466505>				<https://panlex.org/snapshot/panlex-20191001-csv/2411#33466498>		"amedʒ"@ngj	
"ɛ̀mbɔ́"@ato	<https://panlex.org/snapshot/panlex-20191001-csv/2411#33468386>				<https://panlex.org/snapshot/panlex-20191001-csv/2411#33468381>		"atroki"@ngj	
"gôp étí"@ato	<https://panlex.org/snapshot/panlex-20191001-csv/2411#33465115>				<https://panlex.org/snapshot/panlex-20191001-csv/2411#33465109>		"awɔzɛt ̚"@ngj	
"tíŋsē"@ato	<https://panlex.org/snapshot/panlex-20191001-csv/2411#33466861>				<https://panlex.org/snapshot/panlex-20191001-csv/2411#33466855>		"isekwa"@ngj	
"tíŋsē"@ato	<https://panlex.org/snapshot/panlex-20191001-csv/2411#33466861>				<https://panlex.org/snapshot/panlex-20191001-csv/2411#33466856>		"iʃiɛ"@ngj	
"bú"@ato	<https://panlex.org/snapshot/panlex-20191001-csv/2411#33465538>				<https://panlex.org/snapshot/panlex-20191001-csv/2411#33465533>		"bok ̚"@ngj	
"bú"@ato	<https://panlex.org/snapshot/panlex-20191001-csv/2411#33465538>				<https://panlex.org/snapshot/panlex-20191001-csv/2411#33465532>		"ibəu"@ngj	
"nítūm"@ato	<https://panlex.org/snapshot/panlex-20191001-csv/2411#33466637>				<https://panlex.org/snapshot/panlex-20191001-csv/2411#33466630>		"itəʔ"@ngj	
"nítūm"@ato	<https://panlex.org/snapshot/panlex-20191001-csv/2411#33466637>				<https://panlex.org/snapshot/panlex-20191001-csv/2411#33466631>		"ɨɣan"@ngj	
"ètàn"@ato	<https://panlex.org/snapshot/panlex-20191001-csv/2411#33465893>				<https://panlex.org/snapshot/panlex-20191001-csv/2411#33465887>		"ɛtɛn"@ngj	
"ètàn"@ato	<https://panlex.org/snapshot/panlex-20191001-csv/2411#33465893>				<https://panlex.org/snapshot/panlex-20191001-csv/2411#33465886>		"itu̵̵"@ngj	
"ŋ́kín"@ato	<https://panlex.org/snapshot/panlex-20191001-csv/2411#33465245>				<https://panlex.org/snapshot/panlex-20191001-csv/2411#33465239>		"anəŋ"@ngj	
"ŋ́kín"@ato	<https://panlex.org/snapshot/panlex-20191001-csv/2411#33465245>				<https://panlex.org/snapshot/panlex-20191001-csv/2411#33465238>		"anəm"@ngj	
"títí"@ato	<https://panlex.org/snapshot/panlex-20191001-csv/2411#33468417>				<https://panlex.org/snapshot/panlex-20191001-csv/2411#33468412>		"azɛt ̚"@ngj	
"títí"@ato	<https://panlex.org/snapshot/panlex-20191001-csv/2411#33468417>				<https://panlex.org/snapshot/panlex-20191001-csv/2411#33468411>		"azat"@ngj	
"nífùlì"@ato	<https://panlex.org/snapshot/panlex-20191001-csv/2411#33465925>				<https://panlex.org/snapshot/panlex-20191001-csv/2411#33465920>		"pɨɣɨ"@ngj	
"nífùlì"@ato	<https://panlex.org/snapshot/panlex-20191001-csv/2411#33465925>				<https://panlex.org/snapshot/panlex-20191001-csv/2411#33465919>		"ipu̵ʔə"@ngj	
"ɛ̀mbà"@ato	<https://panlex.org/snapshot/panlex-20191001-csv/2411#33465407>				<https://panlex.org/snapshot/panlex-20191001-csv/2411#33465401>		"ipa"@ngj	
"ɛ̀mbà"@ato	<https://panlex.org/snapshot/panlex-20191001-csv/2411#33465407>				<https://panlex.org/snapshot/panlex-20191001-csv/2411#33465402>		"ɨmba ̚"@ngj	
"níʒātī"@ato	<https://panlex.org/snapshot/panlex-20191001-csv/2411#33467153>				<https://panlex.org/snapshot/panlex-20191001-csv/2411#33467146>		"itʃwɛn"@ngj	
"níʒātī"@ato	<https://panlex.org/snapshot/panlex-20191001-csv/2411#33467153>				<https://panlex.org/snapshot/panlex-20191001-csv/2411#33467147>		"təɔro"@ngj	
"èsàmbúɣá"@ato	<https://panlex.org/snapshot/panlex-20191001-csv/2411#33468575>				<https://panlex.org/snapshot/panlex-20191001-csv/2411#33468568>		"isambiə"@ngj	
"èsàmbúɣá"@ato	<https://panlex.org/snapshot/panlex-20191001-csv/2411#33468575>				<https://panlex.org/snapshot/panlex-20191001-csv/2411#33468569>		"ʃambia"@ngj	
"nígbē"@ato	<https://panlex.org/snapshot/panlex-20191001-csv/2411#33468796>				<https://panlex.org/snapshot/panlex-20191001-csv/2411#33468789>		"ikɔm"@ngj	
"nígbē"@ato	<https://panlex.org/snapshot/panlex-20191001-csv/2411#33468796>				<https://panlex.org/snapshot/panlex-20191001-csv/2411#33468790>		"fɛ"@ngj	
"gjɛ̂t"@ato	<https://panlex.org/snapshot/panlex-20191001-csv/2411#33468040>				<https://panlex.org/snapshot/panlex-20191001-csv/2411#33468034>		"igat"@ngj	
"gjɛ̂t"@ato	<https://panlex.org/snapshot/panlex-20191001-csv/2411#33468040>				<https://panlex.org/snapshot/panlex-20191001-csv/2411#33468035>		"gɛt"@ngj	
"éwé"@ato	<https://panlex.org/snapshot/panlex-20191001-csv/2411#33468197>				<https://panlex.org/snapshot/panlex-20191001-csv/2411#33468191>		"uwɛŋ"@ngj	
"éwé"@ato	<https://panlex.org/snapshot/panlex-20191001-csv/2411#33468197>				<https://panlex.org/snapshot/panlex-20191001-csv/2411#33468192>		"ɛwɛŋ"@ngj	
"kíŋ kwā lēmê"@ato	<https://panlex.org/snapshot/panlex-20191001-csv/2411#33467800>				<https://panlex.org/snapshot/panlex-20191001-csv/2411#33467795>		"gəʔəkʷoŋ"@ngj	
"ʃwí"@ato	<https://panlex.org/snapshot/panlex-20191001-csv/2411#33465860>				<https://panlex.org/snapshot/panlex-20191001-csv/2411#33465854>		"ʃu"@ngj	
"ʃwí"@ato	<https://panlex.org/snapshot/panlex-20191001-csv/2411#33465860>				<https://panlex.org/snapshot/panlex-20191001-csv/2411#33465853>		"isu"@ngj	
"ɛ́tá"@ato	<https://panlex.org/snapshot/panlex-20191001-csv/2411#33467771>				<https://panlex.org/snapshot/panlex-20191001-csv/2411#33467764>		"umək"@ngj	
"ɛ́tá"@ato	<https://panlex.org/snapshot/panlex-20191001-csv/2411#33467771>				<https://panlex.org/snapshot/panlex-20191001-csv/2411#33467765>		"ɛmuə"@ngj	
"gôp ə̀tí"@ato	<https://panlex.org/snapshot/panlex-20191001-csv/2411#33465114>				<https://panlex.org/snapshot/panlex-20191001-csv/2411#33465109>		"awɔzɛt ̚"@ngj	
"àbáβlà kjándū̵"@ato	<https://panlex.org/snapshot/panlex-20191001-csv/2411#33467886>				<https://panlex.org/snapshot/panlex-20191001-csv/2411#33467879>		"iɲi"@ngj	
"àbáβlà kjándū̵"@ato	<https://panlex.org/snapshot/panlex-20191001-csv/2411#33467886>				<https://panlex.org/snapshot/panlex-20191001-csv/2411#33467880>		"indʒiŋi"@ngj	
"ví"@ato	<https://panlex.org/snapshot/panlex-20191001-csv/2411#33468357>				<https://panlex.org/snapshot/panlex-20191001-csv/2411#33468350>		"ibəʔi"@ngj	
"ví"@ato	<https://panlex.org/snapshot/panlex-20191001-csv/2411#33468357>				<https://panlex.org/snapshot/panlex-20191001-csv/2411#33468351>		"bu"@ngj	
"nínjà"@ato	<https://panlex.org/snapshot/panlex-20191001-csv/2411#33466022>				<https://panlex.org/snapshot/panlex-20191001-csv/2411#33466016>		"inaʔ"@ngj	
"nínjà"@ato	<https://panlex.org/snapshot/panlex-20191001-csv/2411#33466022>				<https://panlex.org/snapshot/panlex-20191001-csv/2411#33466017>		"naʔa"@ngj	
"gôp"@ato	<https://panlex.org/snapshot/panlex-20191001-csv/2411#33466990>				<https://panlex.org/snapshot/panlex-20191001-csv/2411#33466985>		"guaʃin"@ngj	
"gôp"@ato	<https://panlex.org/snapshot/panlex-20191001-csv/2411#33466990>				<https://panlex.org/snapshot/panlex-20191001-csv/2411#33466984>		"igɔp"@ngj	
"èfwát"@ato	<https://panlex.org/snapshot/panlex-20191001-csv/2411#33468669>				<https://panlex.org/snapshot/panlex-20191001-csv/2411#33468662>		"iɣum"@ngj	
"èfwát"@ato	<https://panlex.org/snapshot/panlex-20191001-csv/2411#33468669>				<https://panlex.org/snapshot/panlex-20191001-csv/2411#33468663>		"ɛɣəm"@ngj	
"èwá"@ato	<https://panlex.org/snapshot/panlex-20191001-csv/2411#33468262>				<https://panlex.org/snapshot/panlex-20191001-csv/2411#33468257>		"ɛwoŋ"@ngj	
"èwá"@ato	<https://panlex.org/snapshot/panlex-20191001-csv/2411#33468262>				<https://panlex.org/snapshot/panlex-20191001-csv/2411#33468256>		"iwɔŋ"@ngj	
"ètját"@ato	<https://panlex.org/snapshot/panlex-20191001-csv/2411#33467348>				<https://panlex.org/snapshot/panlex-20191001-csv/2411#33467342>		"ita"@ngj	
"ètját"@ato	<https://panlex.org/snapshot/panlex-20191001-csv/2411#33467348>				<https://panlex.org/snapshot/panlex-20191001-csv/2411#33467343>		"ɨtaʔa"@ngj	
"átɔ́nɔ́"@ato	<https://panlex.org/snapshot/panlex-20191001-csv/2411#33468511>				<https://panlex.org/snapshot/panlex-20191001-csv/2411#33468506>		"atɨ̵nɨ"@ngj	
"átɔ́nɔ́"@ato	<https://panlex.org/snapshot/panlex-20191001-csv/2411#33468511>				<https://panlex.org/snapshot/panlex-20191001-csv/2411#33468505>		"atəni"@ngj	
"nínōm"@ato	<https://panlex.org/snapshot/panlex-20191001-csv/2411#33465212>				<https://panlex.org/snapshot/panlex-20191001-csv/2411#33465206>		"nom"@ngj	
"nínōm"@ato	<https://panlex.org/snapshot/panlex-20191001-csv/2411#33465212>				<https://panlex.org/snapshot/panlex-20191001-csv/2411#33465205>		"inɔm"@ngj	
"nítīn"@ato	<https://panlex.org/snapshot/panlex-20191001-csv/2411#33466700>				<https://panlex.org/snapshot/panlex-20191001-csv/2411#33466695>		"tini"@ngj	
"nítīn"@ato	<https://panlex.org/snapshot/panlex-20191001-csv/2411#33466700>				<https://panlex.org/snapshot/panlex-20191001-csv/2411#33466694>		"ikuʔaŋ"@ngj	
"wêd"@ato	<https://panlex.org/snapshot/panlex-20191001-csv/2411#33468010>				<https://panlex.org/snapshot/panlex-20191001-csv/2411#33468004>		"anɔm"@ngj	
"wêd"@ato	<https://panlex.org/snapshot/panlex-20191001-csv/2411#33468010>				<https://panlex.org/snapshot/panlex-20191001-csv/2411#33468003>		"wa"@ngj	
"èndʒú"@ato	<https://panlex.org/snapshot/panlex-20191001-csv/2411#33466440>				<https://panlex.org/snapshot/panlex-20191001-csv/2411#33466435>		"neu"@ngj	
"èndʒú"@ato	<https://panlex.org/snapshot/panlex-20191001-csv/2411#33466440>				<https://panlex.org/snapshot/panlex-20191001-csv/2411#33466434>		"utʃəu"@ngj	
"nípìɣì"@ato	<https://panlex.org/snapshot/panlex-20191001-csv/2411#33465472>				<https://panlex.org/snapshot/panlex-20191001-csv/2411#33465467>		"taŋ"@ngj	
"nípìɣì"@ato	<https://panlex.org/snapshot/panlex-20191001-csv/2411#33465472>				<https://panlex.org/snapshot/panlex-20191001-csv/2411#33465466>		"itaŋ"@ngj	
"gwît"@ato	<https://panlex.org/snapshot/panlex-20191001-csv/2411#33466344>				<https://panlex.org/snapshot/panlex-20191001-csv/2411#33466339>		"ɛtírí"@ngj	
"gwît"@ato	<https://panlex.org/snapshot/panlex-20191001-csv/2411#33466344>				<https://panlex.org/snapshot/panlex-20191001-csv/2411#33466338>		"upə"@ngj	
"nífē"@ato	<https://panlex.org/snapshot/panlex-20191001-csv/2411#33465279>				<https://panlex.org/snapshot/panlex-20191001-csv/2411#33465272>		"ifu̵"@ngj	
"nífē"@ato	<https://panlex.org/snapshot/panlex-20191001-csv/2411#33465279>				<https://panlex.org/snapshot/panlex-20191001-csv/2411#33465273>		"du̵"@ngj	
"ʒí"@ato	<https://panlex.org/snapshot/panlex-20191001-csv/2411#33465441>				<https://panlex.org/snapshot/panlex-20191001-csv/2411#33465435>		"ʒiʔi"@ngj	
"ʒí"@ato	<https://panlex.org/snapshot/panlex-20191001-csv/2411#33465441>				<https://panlex.org/snapshot/panlex-20191001-csv/2411#33465434>		"izaʔa"@ngj	
"èmbàʔ"@ato	<https://panlex.org/snapshot/panlex-20191001-csv/2411#33465408>				<https://panlex.org/snapshot/panlex-20191001-csv/2411#33465401>		"ipa"@ngj	
"èmbàʔ"@ato	<https://panlex.org/snapshot/panlex-20191001-csv/2411#33465408>				<https://panlex.org/snapshot/panlex-20191001-csv/2411#33465402>		"ɨmba ̚"@ngj	
"áwú"@ato	<https://panlex.org/snapshot/panlex-20191001-csv/2411#33465310>				<https://panlex.org/snapshot/panlex-20191001-csv/2411#33465305>		"awu"@ngj	
"áwú"@ato	<https://panlex.org/snapshot/panlex-20191001-csv/2411#33465310>				<https://panlex.org/snapshot/panlex-20191001-csv/2411#33465304>		"awuə"@ngj	
