"eiki"@aie	<https://panlex.org/snapshot/panlex-20191001-csv/12#850824>				<https://panlex.org/snapshot/panlex-20191001-csv/12#850922>		"vai"@fut	
"adeŋe"@aie	<https://panlex.org/snapshot/panlex-20191001-csv/114#8063951>				<https://panlex.org/snapshot/panlex-20191001-csv/114#8064065>		"penaaua"@fut	
"omomod"@aie	<https://panlex.org/snapshot/panlex-20191001-csv/114#8065582>				<https://panlex.org/snapshot/panlex-20191001-csv/114#8065669>		"manava"@fut	
"pul"@aie	<https://panlex.org/snapshot/panlex-20191001-csv/114#8055269>				<https://panlex.org/snapshot/panlex-20191001-csv/114#8055366>		"tafuri"@fut	
"katkate"@aie	<https://panlex.org/snapshot/panlex-20191001-csv/114#8059800>				<https://panlex.org/snapshot/panlex-20191001-csv/114#8059904>		"ate"@fut	
"kosio"@aie	<https://panlex.org/snapshot/panlex-20191001-csv/114#8060296>				<https://panlex.org/snapshot/panlex-20191001-csv/114#8060416>		"u"@fut	
"uore"@aie	<https://panlex.org/snapshot/panlex-20191001-csv/114#8064489>				<https://panlex.org/snapshot/panlex-20191001-csv/114#8064601>		"furu"@fut	
"uore"@aie	<https://panlex.org/snapshot/panlex-20191001-csv/114#8064489>				<https://panlex.org/snapshot/panlex-20191001-csv/114#8064602>		"ra-uru"@fut	
"nemŋe"@aie	<https://panlex.org/snapshot/panlex-20191001-csv/114#8060297>				<https://panlex.org/snapshot/panlex-20191001-csv/114#8060416>		"u"@fut	
"ŋiŋ"@aie	<https://panlex.org/snapshot/panlex-20191001-csv/114#8068128>				<https://panlex.org/snapshot/panlex-20191001-csv/114#8068240>		"kata"@fut	
"kope"@aie	<https://panlex.org/snapshot/panlex-20191001-csv/114#8058270>				<https://panlex.org/snapshot/panlex-20191001-csv/114#8058383>		"manava"@fut	
"kope"@aie	<https://panlex.org/snapshot/panlex-20191001-csv/114#8058270>				<https://panlex.org/snapshot/panlex-20191001-csv/114#8058382>		"alo"@fut	
"opul iou"@aie	<https://panlex.org/snapshot/panlex-20191001-csv/114#8055268>				<https://panlex.org/snapshot/panlex-20191001-csv/114#8055366>		"tafuri"@fut	
"guda maganio"@aie	<https://panlex.org/snapshot/panlex-20191001-csv/114#8063952>				<https://panlex.org/snapshot/panlex-20191001-csv/114#8064065>		"penaaua"@fut	
"eiki"@aie	<https://panlex.org/snapshot/panlex-20191001-csv/11#787469>				<https://panlex.org/snapshot/panlex-20191001-csv/11#787560>		"vai"@fut	
