"𒂷𒆪"@akk	<https://panlex.org/snapshot/panlex-20191001-csv/5947#84731219>				<https://panlex.org/snapshot/panlex-20191001-csv/5947#84731225>		"král"@cs	
"𒍝𒄢"@akk	<https://panlex.org/snapshot/panlex-20191001-csv/5947#84909697>				<https://panlex.org/snapshot/panlex-20191001-csv/5947#84909704>		"zub"@cs	
"𒀀𒇉"@akk	<https://panlex.org/snapshot/panlex-20191001-csv/5947#84832690>				<https://panlex.org/snapshot/panlex-20191001-csv/5947#84832696>		"řeka"@cs	
"𒃵𒂷"@akk	<https://panlex.org/snapshot/panlex-20191001-csv/5947#84882780>				<https://panlex.org/snapshot/panlex-20191001-csv/5947#84882786>		"velbloud"@cs	
"𒀀𒉿𒈝"@akk	<https://panlex.org/snapshot/panlex-20191001-csv/5947#84758686>				<https://panlex.org/snapshot/panlex-20191001-csv/5947#84758697>		"muž"@cs	
"𒄷𒄭"@akk	<https://panlex.org/snapshot/panlex-20191001-csv/5947#84729403>				<https://panlex.org/snapshot/panlex-20191001-csv/5947#84729412>		"krev"@cs	
"kulbābu"@akk	<https://panlex.org/snapshot/panlex-20191001-csv/5939#80715725>				<https://panlex.org/snapshot/panlex-20191001-csv/5939#80715730>		"mravenec"@cs	
"iṣu"@akk	<https://panlex.org/snapshot/panlex-20191001-csv/5939#80745461>				<https://panlex.org/snapshot/panlex-20191001-csv/5939#80745467>		"strom"@cs	
"𒀫"@akk	<https://panlex.org/snapshot/panlex-20191001-csv/5946#84453136>				<https://panlex.org/snapshot/panlex-20191001-csv/5946#84453146>		"tele"@cs	
"𒍑"@akk	<https://panlex.org/snapshot/panlex-20191001-csv/5942#83284357>				<https://panlex.org/snapshot/panlex-20191001-csv/5942#83284381>		"pyj"@cs	
"𒍑"@akk	<https://panlex.org/snapshot/panlex-20191001-csv/5942#83284357>				<https://panlex.org/snapshot/panlex-20191001-csv/5942#83284380>		"penis"@cs	
"mu"@akk	<https://panlex.org/snapshot/panlex-20191001-csv/12#850826>				<https://panlex.org/snapshot/panlex-20191001-csv/12#850874>		"voda"@cs	
"bît"@akk	<https://panlex.org/snapshot/panlex-20191001-csv/12#878827>				<https://panlex.org/snapshot/panlex-20191001-csv/12#878828>		"dům"@cs	
"abu"@akk	<https://panlex.org/snapshot/panlex-20191001-csv/2898#110833947>				<https://panlex.org/snapshot/panlex-20191001-csv/2898#110833946>		"áb"@cs	
"kisilīmu"@akk	<https://panlex.org/snapshot/panlex-20191001-csv/2898#110834271>				<https://panlex.org/snapshot/panlex-20191001-csv/2898#110834309>		"kislev"@cs	
"kisilīmu"@akk	<https://panlex.org/snapshot/panlex-20191001-csv/2898#110834271>				<https://panlex.org/snapshot/panlex-20191001-csv/2898#110834256>		"kislef"@cs	
"ulūlu"@akk	<https://panlex.org/snapshot/panlex-20191001-csv/2898#110834026>				<https://panlex.org/snapshot/panlex-20191001-csv/2898#110834038>		"elúl"@cs	
"dûzu"@akk	<https://panlex.org/snapshot/panlex-20191001-csv/2898#110833877>				<https://panlex.org/snapshot/panlex-20191001-csv/2898#110833912>		"tammúz"@cs	
"nisannu"@akk	<https://panlex.org/snapshot/panlex-20191001-csv/2898#110833738>				<https://panlex.org/snapshot/panlex-20191001-csv/2898#110833707>		"nísan"@cs	
"adaru"@akk	<https://panlex.org/snapshot/panlex-20191001-csv/2898#110834479>				<https://panlex.org/snapshot/panlex-20191001-csv/2898#110834488>		"adar"@cs	
"ṭebētu"@akk	<https://panlex.org/snapshot/panlex-20191001-csv/2898#110834326>				<https://panlex.org/snapshot/panlex-20191001-csv/2898#110834317>		"tebet"@cs	
"ayyaru"@akk	<https://panlex.org/snapshot/panlex-20191001-csv/2898#110833751>				<https://panlex.org/snapshot/panlex-20191001-csv/2898#110833767>		"ijar"@cs	
"addaru"@akk	<https://panlex.org/snapshot/panlex-20191001-csv/2898#110834435>				<https://panlex.org/snapshot/panlex-20191001-csv/2898#110834488>		"adar"@cs	
"simānu"@akk	<https://panlex.org/snapshot/panlex-20191001-csv/2898#110833859>				<https://panlex.org/snapshot/panlex-20191001-csv/2898#110833822>		"síván"@cs	
"araḫsamna"@akk	<https://panlex.org/snapshot/panlex-20191001-csv/2898#110834189>				<https://panlex.org/snapshot/panlex-20191001-csv/2898#110834147>		"chešván"@cs	
"araḫsamna"@akk	<https://panlex.org/snapshot/panlex-20191001-csv/2898#110834189>				<https://panlex.org/snapshot/panlex-20191001-csv/2898#110834171>		"marchešván"@cs	
"elūlu"@akk	<https://panlex.org/snapshot/panlex-20191001-csv/2898#110834010>				<https://panlex.org/snapshot/panlex-20191001-csv/2898#110834038>		"elúl"@cs	
"kislīmu"@akk	<https://panlex.org/snapshot/panlex-20191001-csv/2898#110834248>				<https://panlex.org/snapshot/panlex-20191001-csv/2898#110834309>		"kislev"@cs	
"kislīmu"@akk	<https://panlex.org/snapshot/panlex-20191001-csv/2898#110834248>				<https://panlex.org/snapshot/panlex-20191001-csv/2898#110834256>		"kislef"@cs	
"tašrītu"@akk	<https://panlex.org/snapshot/panlex-20191001-csv/2898#110834075>				<https://panlex.org/snapshot/panlex-20191001-csv/2898#110834102>		"tišrí"@cs	
"simannu"@akk	<https://panlex.org/snapshot/panlex-20191001-csv/2898#110833811>				<https://panlex.org/snapshot/panlex-20191001-csv/2898#110833822>		"síván"@cs	
"elūnu"@akk	<https://panlex.org/snapshot/panlex-20191001-csv/2898#110834046>				<https://panlex.org/snapshot/panlex-20191001-csv/2898#110834038>		"elúl"@cs	
"šabāṭu"@akk	<https://panlex.org/snapshot/panlex-20191001-csv/2898#110834391>				<https://panlex.org/snapshot/panlex-20191001-csv/2898#110834393>		"šebát"@cs	
"du'ūzu"@akk	<https://panlex.org/snapshot/panlex-20191001-csv/2898#110833911>				<https://panlex.org/snapshot/panlex-20191001-csv/2898#110833912>		"tammúz"@cs	
"nisānu"@akk	<https://panlex.org/snapshot/panlex-20191001-csv/2898#110833716>				<https://panlex.org/snapshot/panlex-20191001-csv/2898#110833707>		"nísan"@cs	
