"no-'ti"@brg	<http://ids.clld.org/values/2-960-261-1>		<http://ids.clld.org/parameters/2-960>		<http://ids.clld.org/values/2-960-148-1>		"pɨdiʔ"@yrk	
"no-'ti"@brg	<http://ids.clld.org/values/2-960-261-1>		<http://ids.clld.org/parameters/2-960>		<http://ids.clld.org/values/2-960-148-3>		"pɨdoʔ"@yrk	
"-karo-'wo-w"@brg	<http://ids.clld.org/values/17-240-261-1>		<http://ids.clld.org/parameters/17-240>		<http://ids.clld.org/values/17-240-148-1>		"toxolkosʸ"@yrk	
"kori-"@brg	<http://ids.clld.org/values/20-250-261-1>		<http://ids.clld.org/parameters/20-250>		<http://ids.clld.org/values/20-250-148-1>		"muŋg"@yrk	
"so'won"@brg	<http://ids.clld.org/values/1-750-261-1>		<http://ids.clld.org/parameters/1-750>		<http://ids.clld.org/values/1-750-148-1>		"sar̃ʸo"@yrk	
"-i'ki"@brg	<http://ids.clld.org/values/4-210-261-1>		<http://ids.clld.org/parameters/4-210>		<http://ids.clld.org/values/4-210-148-1>		"sew"@yrk	
"'n-eta"@brg	<http://ids.clld.org/values/2-450-261-3>		<http://ids.clld.org/parameters/2-450>		<http://ids.clld.org/values/2-450-148-1>		"nʸe nʸa"@yrk	
"-emo"@brg	<http://ids.clld.org/values/2-310-261-3>		<http://ids.clld.org/parameters/2-310>		<http://ids.clld.org/values/2-310-148-1>		"xasawa ~ wesako"@yrk	
"kohino-kon"@brg	<http://ids.clld.org/values/15-810-261-3>		<http://ids.clld.org/parameters/15-810>		<http://ids.clld.org/values/15-810-148-1>		"saŋgowota"@yrk	
"-pi-"@brg	<http://ids.clld.org/values/16-530-261-1>		<http://ids.clld.org/parameters/16-530>		<http://ids.clld.org/values/16-530-148-1>		"pinwa"@yrk	
"šo'me"@brg	<http://ids.clld.org/values/6-780-261-1>		<http://ids.clld.org/parameters/6-780>		<http://ids.clld.org/values/6-780-148-1>		"ŋewaʔ sʸeʔ"@yrk	
"-'hi-no-"@brg	<http://ids.clld.org/values/15-810-261-1>		<http://ids.clld.org/parameters/15-810>		<http://ids.clld.org/values/15-810-148-1>		"saŋgowota"@yrk	
"'heni"@brg	<http://ids.clld.org/values/16-710-261-1>		<http://ids.clld.org/parameters/16-710>		<http://ids.clld.org/values/16-710-148-1>		"sawa"@yrk	
"ṛ̌a'βiyowon?"@brg	<http://ids.clld.org/values/17-660-261-3>		<http://ids.clld.org/parameters/17-660>		<http://ids.clld.org/values/17-660-148-1>		"xanʸana"@yrk	
"ṛ̌a'βiyowon?"@brg	<http://ids.clld.org/values/17-660-261-3>		<http://ids.clld.org/parameters/17-660>		<http://ids.clld.org/values/17-660-148-3>		"xanʸaʔ"@yrk	
"-a'mo"@brg	<http://ids.clld.org/values/11-130-261-1>		<http://ids.clld.org/parameters/11-130>		<http://ids.clld.org/values/11-130-148-1>		"mesʸ ~ nʸaʔʔmasʸ"@yrk	
"in"@brg	<http://ids.clld.org/values/1-310-261-1>		<http://ids.clld.org/parameters/1-310>		<http://ids.clld.org/values/1-310-148-1>		"iʔʔ"@yrk	
"'amo(n-)"@brg	<http://ids.clld.org/values/10-620-261-1>		<http://ids.clld.org/parameters/10-620>		<http://ids.clld.org/values/10-620-148-1>		"tasʸ ~ tewr̃asʸ"@yrk	
"-'per"@brg	<http://ids.clld.org/values/3-110-261-1>		<http://ids.clld.org/parameters/3-110>		<http://ids.clld.org/values/3-110-148-1>		"sar̃mik"@yrk	
"ki'he-ṛ̌"@brg	<http://ids.clld.org/values/1-530-261-1>		<http://ids.clld.org/parameters/1-530>		<http://ids.clld.org/values/1-530-148-3>		"ir̃ɨ"@yrk	
"ki'he-ṛ̌"@brg	<http://ids.clld.org/values/1-530-261-1>		<http://ids.clld.org/parameters/1-530>		<http://ids.clld.org/values/1-530-148-1>		"ir̃iy"@yrk	
"tipo'pok"@brg	<http://ids.clld.org/values/20-240-261-1>		<http://ids.clld.org/parameters/20-240>		<http://ids.clld.org/values/20-240-148-1>		"ŋɨn"@yrk	
"-'he-ki"@brg	<http://ids.clld.org/values/4-460-261-1>		<http://ids.clld.org/parameters/4-460>		<http://ids.clld.org/values/4-460-148-1>		"nʸanko"@yrk	
"-'he-ki"@brg	<http://ids.clld.org/values/4-460-261-1>		<http://ids.clld.org/parameters/4-460>		<http://ids.clld.org/values/4-460-148-3>		"pir̃c̷i"@yrk	
"m-a'pi-n"@brg	<http://ids.clld.org/values/13-20-261-1>		<http://ids.clld.org/parameters/13-20>		<http://ids.clld.org/values/13-20-148-1>		"sidʸa"@yrk	
"nam"@brg	<http://ids.clld.org/values/10-610-261-1>		<http://ids.clld.org/parameters/10-610>		<http://ids.clld.org/values/10-610-148-3>		"minar̃c̷ʸ"@yrk	
"nam"@brg	<http://ids.clld.org/values/10-610-261-1>		<http://ids.clld.org/parameters/10-610>		<http://ids.clld.org/values/10-610-148-1>		"minʸesʸ"@yrk	
"-'mo-ri"@brg	<http://ids.clld.org/values/15-770-261-1>		<http://ids.clld.org/parameters/15-770>		<http://ids.clld.org/values/15-770-148-1>		"salmuy"@yrk	
"-'rapi"@brg	<http://ids.clld.org/values/19-610-261-1>		<http://ids.clld.org/parameters/19-610>		<http://ids.clld.org/values/19-610-148-1>		"mesɨʔʔ"@yrk	
"ṛ̌i-'ti"@brg	<http://ids.clld.org/values/2-930-261-3>		<http://ids.clld.org/parameters/2-930>		<http://ids.clld.org/values/2-930-148-1>		"pɨda"@yrk	
"'tipoṛ̌ek"@brg	<http://ids.clld.org/values/3-550-261-1>		<http://ids.clld.org/parameters/3-550>		<http://ids.clld.org/values/3-550-148-1>		"xanʸey"@yrk	
"ni-'čahaih"@brg	<http://ids.clld.org/values/4-140-261-3>		<http://ids.clld.org/parameters/4-140>		<http://ids.clld.org/values/4-140-148-1>		"ŋebtʔ yaʔʔ"@yrk	
"ṛ̌o'sesokonoeṛ̌"@brg	<http://ids.clld.org/values/14-410-261-3>		<http://ids.clld.org/parameters/14-410>		<http://ids.clld.org/values/14-410-148-1>		"yalʸa"@yrk	
"-a'haṛ̌ow"@brg	<http://ids.clld.org/values/1-851-261-1>		<http://ids.clld.org/parameters/1-851>		<http://ids.clld.org/values/1-851-148-1>		"par̃adamba(sʸ)"@yrk	
"-'sipa"@brg	<http://ids.clld.org/values/9-360-261-1>		<http://ids.clld.org/parameters/9-360>		<http://ids.clld.org/values/9-360-148-1>		"xaltambasʸ"@yrk	
"ni'kamoseṛ̌ow"@brg	<http://ids.clld.org/values/17-450-261-1>		<http://ids.clld.org/parameters/17-450>		<http://ids.clld.org/values/17-450-148-1>		"tar̃awa"@yrk	
"er"@brg	<http://ids.clld.org/values/5-130-261-1>		<http://ids.clld.org/parameters/5-130>		<http://ids.clld.org/values/5-130-148-1>		"idar̃c̷ʸ"@yrk	
"-ton"@brg	<http://ids.clld.org/values/4-310-261-3>		<http://ids.clld.org/parameters/4-310>		<http://ids.clld.org/values/4-310-148-1>		"ŋuda"@yrk	
"e-pono'e"@brg	<http://ids.clld.org/values/8-560-261-1>		<http://ids.clld.org/parameters/8-560>		<http://ids.clld.org/values/8-560-148-1>		"weba"@yrk	
"hi-ṛ̌"@brg	<http://ids.clld.org/values/2-210-261-1>		<http://ids.clld.org/parameters/2-210>		<http://ids.clld.org/values/2-210-148-1>		"xasawa"@yrk	
"yo-ṛ̌"@brg	<http://ids.clld.org/values/3-760-261-1>		<http://ids.clld.org/parameters/3-760>		<http://ids.clld.org/values/3-760-148-1>		"ŋaya tar̃ʔʔ"@yrk	
"ni'čomonoki"@brg	<http://ids.clld.org/values/4-250-261-1>		<http://ids.clld.org/parameters/4-250>		<http://ids.clld.org/values/4-250-148-1>		"pibtʸaʔ"@yrk	
"-šo-n"@brg	<http://ids.clld.org/values/4-410-261-1>		<http://ids.clld.org/parameters/4-410>		<http://ids.clld.org/values/4-410-148-1>		"ŋamʸa"@yrk	
"'ačokon"@brg	<http://ids.clld.org/values/13-210-261-1>		<http://ids.clld.org/parameters/13-210>		<http://ids.clld.org/values/13-210-148-1>		"panta"@yrk	
"ni-'pi-h"@brg	<http://ids.clld.org/values/4-280-261-3>		<http://ids.clld.org/parameters/4-280>		<http://ids.clld.org/values/4-280-148-1>		"ik"@yrk	
"ṛ̌o'čomoṛ̌omoṛ̌eow"@brg	<http://ids.clld.org/values/1-570-261-1>		<http://ids.clld.org/parameters/1-570>		<http://ids.clld.org/values/1-570-148-1>		"xeʔ tu"@yrk	
"-'ko-ka-"@brg	<http://ids.clld.org/values/16-250-261-1>		<http://ids.clld.org/parameters/16-250>		<http://ids.clld.org/values/16-250-148-1>		"pisʸanzʸ"@yrk	
"ša'no-ki"@brg	<http://ids.clld.org/values/10-710-261-3>		<http://ids.clld.org/parameters/10-710>		<http://ids.clld.org/values/10-710-148-1>		"sʸexer̃ɨ"@yrk	
"e'so-ki"@brg	<http://ids.clld.org/values/8-311-261-1>		<http://ids.clld.org/parameters/8-311>		<http://ids.clld.org/values/8-311-148-1>		"yaʔsew ~ sibʸako"@yrk	
"ha'mo-ṛ̌e"@brg	<http://ids.clld.org/values/1-620-261-3>		<http://ids.clld.org/parameters/1-620>		<http://ids.clld.org/values/1-620-148-1>		"pewdʸa"@yrk	
"čač"@brg	<http://ids.clld.org/values/2-350-261-3>		<http://ids.clld.org/parameters/2-350>		<http://ids.clld.org/values/2-350-148-1>		"nisʸa"@yrk	
"a'βe-"@brg	<http://ids.clld.org/values/12-440-261-1>		<http://ids.clld.org/parameters/12-440>		<http://ids.clld.org/values/12-440-148-1>		"ŋaxaʔʔna"@yrk	
"'ya-ki"@brg	<http://ids.clld.org/values/1-810-261-1>		<http://ids.clld.org/parameters/1-810>		<http://ids.clld.org/values/1-810-148-1>		"tu"@yrk	
"poe-"@brg	<http://ids.clld.org/values/12-30-261-3>		<http://ids.clld.org/parameters/12-30>		<http://ids.clld.org/values/12-30-148-3>		"tasiʔ"@yrk	
"poe-"@brg	<http://ids.clld.org/values/12-30-261-3>		<http://ids.clld.org/parameters/12-30>		<http://ids.clld.org/values/12-30-148-1>		"tasinʸa"@yrk	
"ya'kis"@brg	<http://ids.clld.org/values/1-880-261-1>		<http://ids.clld.org/parameters/1-880>		<http://ids.clld.org/values/1-880-148-1>		"pʸaʔʔ"@yrk	
"ya'kis"@brg	<http://ids.clld.org/values/1-880-261-1>		<http://ids.clld.org/parameters/1-880>		<http://ids.clld.org/values/1-880-148-3>		"tuʔ pʸa"@yrk	
"'činti"@brg	<http://ids.clld.org/values/19-210-261-1>		<http://ids.clld.org/parameters/19-210>		<http://ids.clld.org/values/19-210-148-1>		"xibʸaʔʔ"@yrk	
"-'po-ri-a"@brg	<http://ids.clld.org/values/6-350-261-1>		<http://ids.clld.org/parameters/6-350>		<http://ids.clld.org/values/6-350-148-1>		"sedor̃asʸ"@yrk	
"βi-'ti"@brg	<http://ids.clld.org/values/2-940-261-1>		<http://ids.clld.org/parameters/2-940>		<http://ids.clld.org/values/2-940-148-1>		"maniʔ"@yrk	
"βi-'ti"@brg	<http://ids.clld.org/values/2-940-261-1>		<http://ids.clld.org/parameters/2-940>		<http://ids.clld.org/values/2-940-148-3>		"manʸaʔʔ"@yrk	
"-ye"@brg	<http://ids.clld.org/values/12-50-261-1>		<http://ids.clld.org/parameters/12-50>		<http://ids.clld.org/values/12-50-148-1>		"mʸunʸa"@yrk	
"-'si-ri"@brg	<http://ids.clld.org/values/4-230-261-1>		<http://ids.clld.org/parameters/4-230>		<http://ids.clld.org/values/4-230-148-1>		"pɨya"@yrk	
"-po'wo-ki"@brg	<http://ids.clld.org/values/4-310-261-1>		<http://ids.clld.org/parameters/4-310>		<http://ids.clld.org/values/4-310-148-1>		"ŋuda"@yrk	
"e'hi"@brg	<http://ids.clld.org/values/4-170-261-1>		<http://ids.clld.org/parameters/4-170>		<http://ids.clld.org/values/4-170-148-1>		"nʸamd"@yrk	
"-čo-'ko-"@brg	<http://ids.clld.org/values/4-740-261-1>		<http://ids.clld.org/parameters/4-740>		<http://ids.clld.org/values/4-740-148-5>		"ilʔ"@yrk	
"-čo-'ko-"@brg	<http://ids.clld.org/values/4-740-261-1>		<http://ids.clld.org/parameters/4-740>		<http://ids.clld.org/values/4-740-148-3>		"ilʸena"@yrk	
"-čo-'ko-"@brg	<http://ids.clld.org/values/4-740-261-1>		<http://ids.clld.org/parameters/4-740>		<http://ids.clld.org/values/4-740-148-1>		"ilʸe(sʸ)"@yrk	
"ni-'piṛ̌i"@brg	<http://ids.clld.org/values/2-450-261-1>		<http://ids.clld.org/parameters/2-450>		<http://ids.clld.org/values/2-450-148-1>		"nʸe nʸa"@yrk	
"ni-'wohis"@brg	<http://ids.clld.org/values/4-340-261-1>		<http://ids.clld.org/parameters/4-340>		<http://ids.clld.org/values/4-340-148-1>		"ŋudaʔ tar̃ka"@yrk	
"-a'ro"@brg	<http://ids.clld.org/values/3-830-261-1>		<http://ids.clld.org/parameters/3-830>		<http://ids.clld.org/values/3-830-148-1>		"toxondabc̷o"@yrk	
"ṛ̌e'pen"@brg	<http://ids.clld.org/values/4-750-261-3>		<http://ids.clld.org/parameters/4-750>		<http://ids.clld.org/values/4-750-148-1>		"xaŋga(sʸ)"@yrk	
"ṛ̌e'pen"@brg	<http://ids.clld.org/values/4-750-261-3>		<http://ids.clld.org/parameters/4-750>		<http://ids.clld.org/values/4-750-148-5>		"xawɨ"@yrk	
"ṛ̌e'pen"@brg	<http://ids.clld.org/values/4-750-261-3>		<http://ids.clld.org/parameters/4-750>		<http://ids.clld.org/values/4-750-148-3>		"xa(sʸ)"@yrk	
"ni-ša'won"@brg	<http://ids.clld.org/values/4-142-261-1>		<http://ids.clld.org/parameters/4-142>		<http://ids.clld.org/values/4-142-148-1>		"munoc̷ʸʔ"@yrk	
"ane"@brg	<http://ids.clld.org/values/3-823-261-1>		<http://ids.clld.org/parameters/3-823>		<http://ids.clld.org/values/3-823-148-1>		"xeb"@yrk	
"ra'roni"@brg	<http://ids.clld.org/values/6-120-261-1>		<http://ids.clld.org/parameters/6-120>		<http://ids.clld.org/values/6-120-148-3>		"imbɨtʔʔ"@yrk	
"ra'roni"@brg	<http://ids.clld.org/values/6-120-261-1>		<http://ids.clld.org/parameters/6-120>		<http://ids.clld.org/values/6-120-148-1>		"yembdʸar̃ʔʔ"@yrk	
"-'čipi"@brg	<http://ids.clld.org/values/4-190-261-1>		<http://ids.clld.org/parameters/4-190>		<http://ids.clld.org/values/4-190-148-1>		"maxa"@yrk	
"ša'no-ki"@brg	<http://ids.clld.org/values/10-720-261-1>		<http://ids.clld.org/parameters/10-720>		<http://ids.clld.org/values/10-720-148-1>		"sar̃pʸa"@yrk	
"a'ne"@brg	<http://ids.clld.org/values/2-461-261-1>		<http://ids.clld.org/parameters/2-461>		<http://ids.clld.org/values/2-461-148-1>		"wesako ~ wesey"@yrk	
"ne'ṛ̌iki"@brg	<http://ids.clld.org/values/14-180-261-1>		<http://ids.clld.org/parameters/14-180>		<http://ids.clld.org/values/14-180-148-1>		"tʸedaʔ"@yrk	
"ni-'ro-"@brg	<http://ids.clld.org/values/9-190-261-1>		<http://ids.clld.org/parameters/9-190>		<http://ids.clld.org/values/9-190-148-1>		"inʸa"@yrk	
"emones"@brg	<http://ids.clld.org/values/1-890-261-1>		<http://ids.clld.org/parameters/1-890>		<http://ids.clld.org/values/1-890-148-1>		"pʸaʔ yataʔʔma"@yrk	
"ṛ̌eki'ton"@brg	<http://ids.clld.org/values/8-540-261-1>		<http://ids.clld.org/parameters/8-540>		<http://ids.clld.org/values/8-540-148-1>		"wano ~ paŋg ~ paxaʔ"@yrk	
"rom"@brg	<http://ids.clld.org/values/19-240-261-1>		<http://ids.clld.org/parameters/19-240>		<http://ids.clld.org/values/19-240-148-1>		"yer̃w"@yrk	
"wapo'eṛ̌"@brg	<http://ids.clld.org/values/1-360-261-1>		<http://ids.clld.org/parameters/1-360>		<http://ids.clld.org/values/1-360-148-3>		"loxor̃ta"@yrk	
"wapo'eṛ̌"@brg	<http://ids.clld.org/values/1-360-261-1>		<http://ids.clld.org/parameters/1-360>		<http://ids.clld.org/values/1-360-148-1>		"yaxa"@yrk	
"oypoka"@brg	<http://ids.clld.org/values/17-660-261-1>		<http://ids.clld.org/parameters/17-660>		<http://ids.clld.org/values/17-660-148-1>		"xanʸana"@yrk	
"oypoka"@brg	<http://ids.clld.org/values/17-660-261-1>		<http://ids.clld.org/parameters/17-660>		<http://ids.clld.org/values/17-660-148-3>		"xanʸaʔ"@yrk	
"ti'ʔa-ci"@brg	<http://ids.clld.org/values/12-560-261-5>		<http://ids.clld.org/parameters/12-560>		<http://ids.clld.org/values/12-560-148-1>		"nʸudʸa"@yrk	
"a'ni-ye"@brg	<http://ids.clld.org/values/1-510-261-1>		<http://ids.clld.org/parameters/1-510>		<http://ids.clld.org/values/1-510-148-1>		"numʔ"@yrk	
"koto-"@brg	<http://ids.clld.org/values/9-120-261-1>		<http://ids.clld.org/parameters/9-120>		<http://ids.clld.org/values/9-120-148-1>		"manzar̃asʸ"@yrk	
"-i'ho-s"@brg	<http://ids.clld.org/values/4-180-261-1>		<http://ids.clld.org/parameters/4-180>		<http://ids.clld.org/values/4-180-148-1>		"tewa"@yrk	
"ča'ko-ki"@brg	<http://ids.clld.org/values/4-400-261-1>		<http://ids.clld.org/parameters/4-400>		<http://ids.clld.org/values/4-400-148-1>		"lembar̃a"@yrk	
"-po'e-ko-w"@brg	<http://ids.clld.org/values/11-210-261-1>		<http://ids.clld.org/parameters/11-210>		<http://ids.clld.org/values/11-210-148-1>		"tasʸ"@yrk	
"ni-'poṛ̌ia-w"@brg	<http://ids.clld.org/values/6-350-261-3>		<http://ids.clld.org/parameters/6-350>		<http://ids.clld.org/values/6-350-148-1>		"sedor̃asʸ"@yrk	
"'mpiri"@brg	<http://ids.clld.org/values/2-456-261-3>		<http://ids.clld.org/parameters/2-456>		<http://ids.clld.org/values/2-456-148-3>		"nʸe nʸa"@yrk	
"'mpiri"@brg	<http://ids.clld.org/values/2-456-261-3>		<http://ids.clld.org/parameters/2-456>		<http://ids.clld.org/values/2-456-148-1>		"nʸa"@yrk	
"-hi-'ko-"@brg	<http://ids.clld.org/values/5-160-261-1>		<http://ids.clld.org/parameters/5-160>		<http://ids.clld.org/values/5-160-148-1>		"nimnʸeba(sʸ)"@yrk	
"ni'a"@brg	<http://ids.clld.org/values/1-590-261-1>		<http://ids.clld.org/parameters/1-590>		<http://ids.clld.org/values/1-590-148-1>		"nuwʔ sʸoyar̃ʔʔ ~ nuwʔ panu"@yrk	
"ka'ha-weš"@brg	<http://ids.clld.org/values/6-240-261-1>		<http://ids.clld.org/parameters/6-240>		<http://ids.clld.org/values/6-240-148-1>		"toxoʔʔ"@yrk	
"a'piye"@brg	<http://ids.clld.org/values/12-70-261-1>		<http://ids.clld.org/parameters/12-70>		<http://ids.clld.org/values/12-70-148-1>		"ŋɨlʔ ~ ŋɨlnʸa"@yrk	
"kotipo'pin"@brg	<http://ids.clld.org/values/6-380-261-1>		<http://ids.clld.org/parameters/6-380>		<http://ids.clld.org/values/6-380-148-1>		"ten ~ temboy"@yrk	
"-čo-"@brg	<http://ids.clld.org/values/17-170-261-1>		<http://ids.clld.org/parameters/17-170>		<http://ids.clld.org/values/17-170-148-1>		"tʸenʸewasʸ"@yrk	
"n-eš"@brg	<http://ids.clld.org/values/5-610-261-1>		<http://ids.clld.org/parameters/5-610>		<http://ids.clld.org/values/5-610-148-1>		"ŋamza"@yrk	
"e'ton"@brg	<http://ids.clld.org/values/2-220-261-1>		<http://ids.clld.org/parameters/2-220>		<http://ids.clld.org/values/2-220-148-1>		"nʸe"@yrk	
"ṛ̌o-'ti"@brg	<http://ids.clld.org/values/2-930-261-1>		<http://ids.clld.org/parameters/2-930>		<http://ids.clld.org/values/2-930-148-1>		"pɨda"@yrk	
"nesta'kaβiyar"@brg	<http://ids.clld.org/values/9-210-261-1>		<http://ids.clld.org/parameters/9-210>		<http://ids.clld.org/values/9-210-148-1>		"lador̃pasʸ ~ lador̃c̷ʸ"@yrk	
"'waki"@brg	<http://ids.clld.org/values/4-331-261-1>		<http://ids.clld.org/parameters/4-331>		<http://ids.clld.org/values/4-331-148-1>		"pʸeʔ"@yrk	
"'haβi"@brg	<http://ids.clld.org/values/10-851-261-1>		<http://ids.clld.org/parameters/10-851>		<http://ids.clld.org/values/10-851-148-1>		"labʸa"@yrk	
"-'powos"@brg	<http://ids.clld.org/values/4-300-261-3>		<http://ids.clld.org/parameters/4-300>		<http://ids.clld.org/values/4-300-148-1>		"mar̃c̷ʸʔ"@yrk	
"ya'šoṛ̌"@brg	<http://ids.clld.org/values/10-831-261-1>		<http://ids.clld.org/parameters/10-831>		<http://ids.clld.org/values/10-831-148-1>		"xoyʔ ŋano"@yrk	
"a'ni-ye"@brg	<http://ids.clld.org/values/12-80-261-1>		<http://ids.clld.org/parameters/12-80>		<http://ids.clld.org/values/12-80-148-1>		"tʸuʔʔuna"@yrk	
"a'ni-ye"@brg	<http://ids.clld.org/values/12-80-261-1>		<http://ids.clld.org/parameters/12-80>		<http://ids.clld.org/values/12-80-148-3>		"ninʸa ~ nimnʸa"@yrk	
"ni'toṛ̌i"@brg	<http://ids.clld.org/values/19-510-261-1>		<http://ids.clld.org/parameters/19-510>		<http://ids.clld.org/values/19-510-148-1>		"nʸa ~ yur̃ʸo"@yrk	
"me'hewokon"@brg	<http://ids.clld.org/values/16-720-261-1>		<http://ids.clld.org/parameters/16-720>		<http://ids.clld.org/values/16-720-148-1>		"wewa"@yrk	
"-os"@brg	<http://ids.clld.org/values/2-470-261-1>		<http://ids.clld.org/parameters/2-470>		<http://ids.clld.org/values/2-470-148-1>		"xada"@yrk	
"ememna'reko"@brg	<http://ids.clld.org/values/16-270-261-3>		<http://ids.clld.org/parameters/16-270>		<http://ids.clld.org/values/16-270-148-1>		"menʸewa ~ xamsawa"@yrk	
"ememna'reko"@brg	<http://ids.clld.org/values/16-270-261-3>		<http://ids.clld.org/parameters/16-270>		<http://ids.clld.org/values/16-270-148-3>		"menʸesʸ"@yrk	
"to'tikop"@brg	<http://ids.clld.org/values/3-813-261-1>		<http://ids.clld.org/parameters/3-813>		<http://ids.clld.org/values/3-813-148-1>		"luxu"@yrk	
"-aki"@brg	<http://ids.clld.org/values/2-620-261-3>		<http://ids.clld.org/parameters/2-620>		<http://ids.clld.org/values/2-620-148-1>		"nʸe ŋɨnab ~ xada"@yrk	
"i'no-k"@brg	<http://ids.clld.org/values/3-811-261-1>		<http://ids.clld.org/parameters/3-811>		<http://ids.clld.org/values/3-811-148-1>		"panzʸeʔʔe"@yrk	
"-pi-h"@brg	<http://ids.clld.org/values/4-280-261-1>		<http://ids.clld.org/parameters/4-280>		<http://ids.clld.org/values/4-280-148-1>		"ik"@yrk	
"-č-om"@brg	<http://ids.clld.org/values/4-120-261-1>		<http://ids.clld.org/parameters/4-120>		<http://ids.clld.org/values/4-120-148-1>		"tobyowa"@yrk	
"-č-om"@brg	<http://ids.clld.org/values/4-120-261-1>		<http://ids.clld.org/parameters/4-120>		<http://ids.clld.org/values/4-120-148-3>		"xoba"@yrk	
"'či-n-ti"@brg	<http://ids.clld.org/values/2-100-261-1>		<http://ids.clld.org/parameters/2-100>		<http://ids.clld.org/values/2-100-148-1>		"nʸenec̷ʸʔ"@yrk	
"wa'his"@brg	<http://ids.clld.org/values/1-540-261-1>		<http://ids.clld.org/parameters/1-540>		<http://ids.clld.org/values/1-540-148-1>		"numgɨ"@yrk	
"si'mori"@brg	<http://ids.clld.org/values/3-350-261-1>		<http://ids.clld.org/parameters/3-350>		<http://ids.clld.org/values/3-350-148-1>		"par̃asʸʔ nʸu"@yrk	
"-ya-"@brg	<http://ids.clld.org/values/5-123-261-1>		<http://ids.clld.org/parameters/5-123>		<http://ids.clld.org/values/5-123-148-1>		"xolkabey ~ xolkawɨ"@yrk	
"ni'piri"@brg	<http://ids.clld.org/values/2-440-261-1>		<http://ids.clld.org/parameters/2-440>		<http://ids.clld.org/values/2-440-148-1>		"nʸa"@yrk	
"kotipo'pin"@brg	<http://ids.clld.org/values/15-640-261-1>		<http://ids.clld.org/parameters/15-640>		<http://ids.clld.org/values/15-640-148-1>		"ser̃ʔʔ ~ ser̃ako"@yrk	
"pon"@brg	<http://ids.clld.org/values/13-140-261-1>		<http://ids.clld.org/parameters/13-140>		<http://ids.clld.org/values/13-140-148-1>		"xusuwey"@yrk	
"n-ti"@brg	<http://ids.clld.org/values/2-910-261-3>		<http://ids.clld.org/parameters/2-910>		<http://ids.clld.org/values/2-910-148-1>		"manʸ"@yrk	
"ni-'poʔe"@brg	<http://ids.clld.org/values/4-200-261-1>		<http://ids.clld.org/parameters/4-200>		<http://ids.clld.org/values/4-200-148-1>		"ŋewa"@yrk	
"ṛ̌o'čoṛ̌eow"@brg	<http://ids.clld.org/values/1-560-261-1>		<http://ids.clld.org/parameters/1-560>		<http://ids.clld.org/values/1-560-148-1>		"xeʔ"@yrk	
"ni-'kis"@brg	<http://ids.clld.org/values/4-210-261-3>		<http://ids.clld.org/parameters/4-210>		<http://ids.clld.org/values/4-210-148-1>		"sew"@yrk	
"pi-'ti"@brg	<http://ids.clld.org/values/2-920-261-1>		<http://ids.clld.org/parameters/2-920>		<http://ids.clld.org/values/2-920-148-1>		"pɨdar̃"@yrk	
"-mos"@brg	<http://ids.clld.org/values/2-620-261-1>		<http://ids.clld.org/parameters/2-620>		<http://ids.clld.org/values/2-620-148-1>		"nʸe ŋɨnab ~ xada"@yrk	
"'ko-piti-"@brg	<http://ids.clld.org/values/9-343-261-1>		<http://ids.clld.org/parameters/9-343>		<http://ids.clld.org/values/9-343-148-1>		"latr̃ambasʸ"@yrk	
"-piko-w"@brg	<http://ids.clld.org/values/10-480-261-1>		<http://ids.clld.org/parameters/10-480>		<http://ids.clld.org/values/10-480-148-1>		"tosʸ"@yrk	
"-piko-w"@brg	<http://ids.clld.org/values/10-480-261-1>		<http://ids.clld.org/parameters/10-480>		<http://ids.clld.org/values/10-480-148-3>		"tur̃c̷ʸ"@yrk	
"ni'panoṛ̌"@brg	<http://ids.clld.org/values/4-205-261-1>		<http://ids.clld.org/parameters/4-205>		<http://ids.clld.org/values/4-205-148-1>		"tay"@yrk	
"-'ko-ti"@brg	<http://ids.clld.org/values/11-120-261-1>		<http://ids.clld.org/parameters/11-120>		<http://ids.clld.org/values/11-120-148-3>		"mec̷ʸ"@yrk	
"-'ko-ti"@brg	<http://ids.clld.org/values/11-120-261-1>		<http://ids.clld.org/parameters/11-120>		<http://ids.clld.org/values/11-120-148-1>		"tanʸasʸ"@yrk	
"ni-'kow"@brg	<http://ids.clld.org/values/5-110-261-3>		<http://ids.clld.org/parameters/5-110>		<http://ids.clld.org/values/5-110-148-1>		"ŋawor̃c̷ʸ"@yrk	
"'onkaw"@brg	<http://ids.clld.org/values/17-560-261-1>		<http://ids.clld.org/parameters/17-560>		<http://ids.clld.org/values/17-560-148-1>		"nisʸ"@yrk	
"se-s"@brg	<http://ids.clld.org/values/14-410-261-1>		<http://ids.clld.org/parameters/14-410>		<http://ids.clld.org/values/14-410-148-1>		"yalʸa"@yrk	
"yoto'e-ṛ̌"@brg	<http://ids.clld.org/values/14-420-261-1>		<http://ids.clld.org/parameters/14-420>		<http://ids.clld.org/values/14-420-148-1>		"pi"@yrk	
"-ša"@brg	<http://ids.clld.org/values/6-280-261-1>		<http://ids.clld.org/parameters/6-280>		<http://ids.clld.org/values/6-280-148-1>		"xobaʔ tar̃ʔʔ"@yrk	
"-wo-"@brg	<http://ids.clld.org/values/4-330-261-1>		<http://ids.clld.org/parameters/4-330>		<http://ids.clld.org/values/4-330-148-1>		"ŋuda"@yrk	
"-ča'no-ki"@brg	<http://ids.clld.org/values/4-280-261-5>		<http://ids.clld.org/parameters/4-280>		<http://ids.clld.org/values/4-280-148-1>		"ik"@yrk	
"-ča-"@brg	<http://ids.clld.org/values/4-140-261-1>		<http://ids.clld.org/parameters/4-140>		<http://ids.clld.org/values/4-140-148-1>		"ŋebtʔ yaʔʔ"@yrk	
"ro'kamokow"@brg	<http://ids.clld.org/values/5-791-261-1>		<http://ids.clld.org/parameters/5-791>		<http://ids.clld.org/values/5-791-148-1>		"tuʔʔ"@yrk	
"ni"@brg	<http://ids.clld.org/values/3-832-261-1>		<http://ids.clld.org/parameters/3-832>		<http://ids.clld.org/values/3-832-148-1>		"nʸenʸaŋg"@yrk	
"šo-'wa-no-n"@brg	<http://ids.clld.org/values/11-880-261-1>		<http://ids.clld.org/parameters/11-880>		<http://ids.clld.org/values/11-880-148-1>		"mir̃ʸeta"@yrk	
"him"@brg	<http://ids.clld.org/values/3-650-261-1>		<http://ids.clld.org/parameters/3-650>		<http://ids.clld.org/values/3-650-148-1>		"xalʸa"@yrk	
"pai-"@brg	<http://ids.clld.org/values/12-30-261-1>		<http://ids.clld.org/parameters/12-30>		<http://ids.clld.org/values/12-30-148-3>		"tasiʔ"@yrk	
"pai-"@brg	<http://ids.clld.org/values/12-30-261-1>		<http://ids.clld.org/parameters/12-30>		<http://ids.clld.org/values/12-30-148-1>		"tasinʸa"@yrk	
"a'ne-kon"@brg	<http://ids.clld.org/values/12-430-261-1>		<http://ids.clld.org/parameters/12-430>		<http://ids.clld.org/values/12-430-148-1>		"xaxai"@yrk	
"ničo'koki"@brg	<http://ids.clld.org/values/4-460-261-3>		<http://ids.clld.org/parameters/4-460>		<http://ids.clld.org/values/4-460-148-1>		"nʸanko"@yrk	
"ničo'koki"@brg	<http://ids.clld.org/values/4-460-261-3>		<http://ids.clld.org/parameters/4-460>		<http://ids.clld.org/values/4-460-148-3>		"pir̃c̷i"@yrk	
"-koti-"@brg	<http://ids.clld.org/values/16-310-261-1>		<http://ids.clld.org/parameters/16-310>		<http://ids.clld.org/values/16-310-148-1>		"yedʸa"@yrk	
"naβi'non"@brg	<http://ids.clld.org/values/2-310-261-1>		<http://ids.clld.org/parameters/2-310>		<http://ids.clld.org/values/2-310-148-1>		"xasawa ~ wesako"@yrk	
"βi'te-ṛ̌"@brg	<http://ids.clld.org/values/3-591-261-1>		<http://ids.clld.org/parameters/3-591>		<http://ids.clld.org/values/3-591-148-1>		"pʸenzo"@yrk	
"-'emo-ni"@brg	<http://ids.clld.org/values/16-270-261-1>		<http://ids.clld.org/parameters/16-270>		<http://ids.clld.org/values/16-270-148-1>		"menʸewa ~ xamsawa"@yrk	
"-'emo-ni"@brg	<http://ids.clld.org/values/16-270-261-1>		<http://ids.clld.org/parameters/16-270>		<http://ids.clld.org/values/16-270-148-3>		"menʸesʸ"@yrk	
"'k-ičo"@brg	<http://ids.clld.org/values/18-220-261-1>		<http://ids.clld.org/parameters/18-220>		<http://ids.clld.org/values/18-220-148-1>		"masʸ"@yrk	
"-yono-w"@brg	<http://ids.clld.org/values/10-470-261-1>		<http://ids.clld.org/parameters/10-470>		<http://ids.clld.org/values/10-470-148-1>		"yadasʸ ~ minzʸ"@yrk	
"-den-pe-n"@brg	<http://ids.clld.org/values/7-120-261-5>		<http://ids.clld.org/parameters/7-120>		<http://ids.clld.org/values/7-120-148-1>		"xar̃d ~ xar̃ad"@yrk	
"kotiso'kon"@brg	<http://ids.clld.org/values/1-830-261-1>		<http://ids.clld.org/parameters/1-830>		<http://ids.clld.org/values/1-830-148-1>		"yake"@yrk	
"n-i'tip"@brg	<http://ids.clld.org/values/4-344-261-1>		<http://ids.clld.org/parameters/4-344>		<http://ids.clld.org/values/4-344-148-1>		"xada"@yrk	
"či-n"@brg	<http://ids.clld.org/values/14-150-261-1>		<http://ids.clld.org/parameters/14-150>		<http://ids.clld.org/values/14-150-148-3>		"nʸewxɨ"@yrk	
"či-n"@brg	<http://ids.clld.org/values/14-150-261-1>		<http://ids.clld.org/parameters/14-150>		<http://ids.clld.org/values/14-150-148-1>		"wesako"@yrk	
"'ni-piko-w"@brg	<http://ids.clld.org/values/16-530-261-3>		<http://ids.clld.org/parameters/16-530>		<http://ids.clld.org/values/16-530-148-1>		"pinwa"@yrk	
"ha'moṛ̌en"@brg	<http://ids.clld.org/values/1-620-261-1>		<http://ids.clld.org/parameters/1-620>		<http://ids.clld.org/values/1-620-148-1>		"pewdʸa"@yrk	
"si'poṛ̌i"@brg	<http://ids.clld.org/values/3-950-261-1>		<http://ids.clld.org/parameters/3-950>		<http://ids.clld.org/values/3-950-148-1>		"tʸamdeʔʔ"@yrk	
"-som-"@brg	<http://ids.clld.org/values/15-410-261-1>		<http://ids.clld.org/parameters/15-410>		<http://ids.clld.org/values/15-410-148-1>		"namdor̃c̷ʸ"@yrk	
"-mo'ko-w"@brg	<http://ids.clld.org/values/4-610-261-3>		<http://ids.clld.org/parameters/4-610>		<http://ids.clld.org/values/4-610-148-1>		"xonʸo(sʸ)"@yrk	
"-'kaβio"@brg	<http://ids.clld.org/values/4-980-261-1>		<http://ids.clld.org/parameters/4-980>		<http://ids.clld.org/values/4-980-148-1>		"yabʸenʸa"@yrk	
"-a'mo"@brg	<http://ids.clld.org/values/11-150-261-1>		<http://ids.clld.org/parameters/11-150>		<http://ids.clld.org/values/11-150-148-1>		"nʸaʔʔambasʸ"@yrk	
"e'sis"@brg	<http://ids.clld.org/values/4-393-261-1>		<http://ids.clld.org/parameters/4-393>		<http://ids.clld.org/values/4-393-148-1>		"toʔ tar̃ʔʔ"@yrk	
"-e'ro-"@brg	<http://ids.clld.org/values/5-130-261-3>		<http://ids.clld.org/parameters/5-130>		<http://ids.clld.org/values/5-130-148-1>		"idar̃c̷ʸ"@yrk	
"'ewokoe"@brg	<http://ids.clld.org/values/1-420-261-1>		<http://ids.clld.org/parameters/1-420>		<http://ids.clld.org/values/1-420-148-1>		"pʸa"@yrk	
"-pi"@brg	<http://ids.clld.org/values/12-570-261-1>		<http://ids.clld.org/parameters/12-570>		<http://ids.clld.org/values/12-570-148-1>		"yamb"@yrk	
"-e'pe-"@brg	<http://ids.clld.org/values/4-750-261-1>		<http://ids.clld.org/parameters/4-750>		<http://ids.clld.org/values/4-750-148-1>		"xaŋga(sʸ)"@yrk	
"-e'pe-"@brg	<http://ids.clld.org/values/4-750-261-1>		<http://ids.clld.org/parameters/4-750>		<http://ids.clld.org/values/4-750-148-5>		"xawɨ"@yrk	
"-e'pe-"@brg	<http://ids.clld.org/values/4-750-261-1>		<http://ids.clld.org/parameters/4-750>		<http://ids.clld.org/values/4-750-148-3>		"xa(sʸ)"@yrk	
"a'čane"@brg	<http://ids.clld.org/values/2-230-261-1>		<http://ids.clld.org/parameters/2-230>		<http://ids.clld.org/values/2-230-148-1>		"xasawa"@yrk	
"šo-'no-"@brg	<http://ids.clld.org/values/10-710-261-1>		<http://ids.clld.org/parameters/10-710>		<http://ids.clld.org/values/10-710-148-1>		"sʸexer̃ɨ"@yrk	
"-i'a"@brg	<http://ids.clld.org/values/2-350-261-1>		<http://ids.clld.org/parameters/2-350>		<http://ids.clld.org/values/2-350-148-1>		"nisʸa"@yrk	
"-'we-ṛ̌"@brg	<http://ids.clld.org/values/7-120-261-3>		<http://ids.clld.org/parameters/7-120>		<http://ids.clld.org/values/7-120-148-1>		"xar̃d ~ xar̃ad"@yrk	
"ničo'βekos"@brg	<http://ids.clld.org/values/4-360-261-1>		<http://ids.clld.org/parameters/4-360>		<http://ids.clld.org/values/4-360-148-1>		"pulɨ"@yrk	
"-pes"@brg	<http://ids.clld.org/values/4-351-261-1>		<http://ids.clld.org/parameters/4-351>		<http://ids.clld.org/values/4-351-148-1>		"yeyʔ"@yrk	
"-e'pe-ṛ̌on"@brg	<http://ids.clld.org/values/4-450-261-1>		<http://ids.clld.org/parameters/4-450>		<http://ids.clld.org/values/4-450-148-1>		"mɨd"@yrk	
"-ar-"@brg	<http://ids.clld.org/values/10-370-261-1>		<http://ids.clld.org/parameters/10-370>		<http://ids.clld.org/values/10-370-148-1>		"tir̃c̷ʸ"@yrk	
"heβi-ṛ̌"@brg	<http://ids.clld.org/values/9-370-261-1>		<http://ids.clld.org/parameters/9-370>		<http://ids.clld.org/values/9-370-148-1>		"naʔʔwolpasʸ"@yrk	
"ni-'noki"@brg	<http://ids.clld.org/values/4-240-261-1>		<http://ids.clld.org/parameters/4-240>		<http://ids.clld.org/values/4-240-148-1>		"nʸaʔ"@yrk	
"senoki"@brg	<http://ids.clld.org/values/4-220-261-3>		<http://ids.clld.org/parameters/4-220>		<http://ids.clld.org/values/4-220-148-1>		"xa"@yrk	
"-'kami-"@brg	<http://ids.clld.org/values/16-620-261-1>		<http://ids.clld.org/parameters/16-620>		<http://ids.clld.org/values/16-620-148-1>		"xar̃wasʸ"@yrk	
"nesta'paika"@brg	<http://ids.clld.org/values/10-230-261-1>		<http://ids.clld.org/parameters/10-230>		<http://ids.clld.org/values/10-230-148-3>		"moʔʔnasʸ"@yrk	
"nesta'paika"@brg	<http://ids.clld.org/values/10-230-261-1>		<http://ids.clld.org/parameters/10-230>		<http://ids.clld.org/values/10-230-148-1>		"moʔʔnaŋgasʸ"@yrk	
"ni'ay"@brg	<http://ids.clld.org/values/2-440-261-3>		<http://ids.clld.org/parameters/2-440>		<http://ids.clld.org/values/2-440-148-1>		"nʸa"@yrk	
"siṛ̌ia'mok"@brg	<http://ids.clld.org/values/20-640-261-1>		<http://ids.clld.org/parameters/20-640>		<http://ids.clld.org/values/20-640-148-1>		"yaŋgo"@yrk	
"-i'ša"@brg	<http://ids.clld.org/values/4-144-261-1>		<http://ids.clld.org/parameters/4-144>		<http://ids.clld.org/values/4-144-148-1>		"ŋebt ~ ŋewaʔ tar̃ʔʔ"@yrk	
"kaki'woko-ye"@brg	<http://ids.clld.org/values/1-410-261-1>		<http://ids.clld.org/parameters/1-410>		<http://ids.clld.org/values/1-410-148-1>		"pedar̃a"@yrk	
"-pe-n"@brg	<http://ids.clld.org/values/4-260-261-1>		<http://ids.clld.org/parameters/4-260>		<http://ids.clld.org/values/4-260-148-1>		"nʸamʸu"@yrk	
"-'saho-kia-"@brg	<http://ids.clld.org/values/8-220-261-1>		<http://ids.clld.org/parameters/8-220>		<http://ids.clld.org/values/8-220-148-1>		"sabkabasʸ"@yrk	
"ko-'se-ro"@brg	<http://ids.clld.org/values/15-780-261-1>		<http://ids.clld.org/parameters/15-780>		<http://ids.clld.org/values/15-780-148-1>		"paʔʔmʸa"@yrk	
"-'haβi-ko-w"@brg	<http://ids.clld.org/values/10-380-261-1>		<http://ids.clld.org/parameters/10-380>		<http://ids.clld.org/values/10-380-148-1>		"posɨbasʸ"@yrk	
"'mičokiṛ̌i"@brg	<http://ids.clld.org/values/12-560-261-3>		<http://ids.clld.org/parameters/12-560>		<http://ids.clld.org/values/12-560-148-1>		"nʸudʸa"@yrk	
"kik"@brg	<http://ids.clld.org/values/2-510-261-1>		<http://ids.clld.org/parameters/2-510>		<http://ids.clld.org/values/2-510-148-1>		"tidʸa"@yrk	
"to'βi-"@brg	<http://ids.clld.org/values/12-730-261-1>		<http://ids.clld.org/parameters/12-730>		<http://ids.clld.org/values/12-730-148-1>		"nʸenza"@yrk	
"-po'to-"@brg	<http://ids.clld.org/values/15-830-261-1>		<http://ids.clld.org/parameters/15-830>		<http://ids.clld.org/values/15-830-148-1>		"saʔʔnʸuy"@yrk	
"čo-"@brg	<http://ids.clld.org/values/12-550-261-1>		<http://ids.clld.org/parameters/12-550>		<http://ids.clld.org/values/12-550-148-3>		"sʸudbʸa"@yrk	
"čo-"@brg	<http://ids.clld.org/values/12-550-261-1>		<http://ids.clld.org/parameters/12-550>		<http://ids.clld.org/values/12-550-148-1>		"ŋar̃ka"@yrk	
"šo'po-"@brg	<http://ids.clld.org/values/12-630-261-1>		<http://ids.clld.org/parameters/12-630>		<http://ids.clld.org/values/12-630-148-1>		"nʸaŋota"@yrk	
"we'ṛ̌ok"@brg	<http://ids.clld.org/values/4-880-261-1>		<http://ids.clld.org/parameters/4-880>		<http://ids.clld.org/values/4-880-148-1>		"par̃don"@yrk	
"čoporikon"@brg	<http://ids.clld.org/values/12-810-261-1>		<http://ids.clld.org/parameters/12-810>		<http://ids.clld.org/values/12-810-148-1>		"sʸur̃tʸaw"@yrk	
"m'po-n"@brg	<http://ids.clld.org/values/13-30-261-1>		<http://ids.clld.org/parameters/13-30>		<http://ids.clld.org/values/13-30-148-1>		"nʸaxar̃ʔʔ"@yrk	
"'pero-"@brg	<http://ids.clld.org/values/12-570-261-3>		<http://ids.clld.org/parameters/12-570>		<http://ids.clld.org/values/12-570-148-1>		"yamb"@yrk	
"se-s"@brg	<http://ids.clld.org/values/1-520-261-1>		<http://ids.clld.org/parameters/1-520>		<http://ids.clld.org/values/1-520-148-1>		"xayer̃ʔʔ"@yrk	
"ta'ha"@brg	<http://ids.clld.org/values/4-441-261-1>		<http://ids.clld.org/parameters/4-441>		<http://ids.clld.org/values/4-441-148-1>		"tiwak"@yrk	
"čonoe-"@brg	<http://ids.clld.org/values/2-100-261-3>		<http://ids.clld.org/parameters/2-100>		<http://ids.clld.org/values/2-100-148-1>		"nʸenec̷ʸʔ"@yrk	
"pkore"@brg	<http://ids.clld.org/values/10-831-261-3>		<http://ids.clld.org/parameters/10-831>		<http://ids.clld.org/values/10-831-148-1>		"xoyʔ ŋano"@yrk	
"ni-'se-ṛ̌"@brg	<http://ids.clld.org/values/4-270-261-1>		<http://ids.clld.org/parameters/4-270>		<http://ids.clld.org/values/4-270-148-1>		"tibʸa"@yrk	
"-'čoko-n"@brg	<http://ids.clld.org/values/4-220-261-1>		<http://ids.clld.org/parameters/4-220>		<http://ids.clld.org/values/4-220-148-1>		"xa"@yrk	
"yi-'ti"@brg	<http://ids.clld.org/values/2-950-261-1>		<http://ids.clld.org/parameters/2-950>		<http://ids.clld.org/values/2-950-148-3>		"pɨdar̃aʔʔ"@yrk	
"yi-'ti"@brg	<http://ids.clld.org/values/2-950-261-1>		<http://ids.clld.org/parameters/2-950>		<http://ids.clld.org/values/2-950-148-1>		"pɨdar̃iʔ"@yrk	
"-'opi"@brg	<http://ids.clld.org/values/4-160-261-1>		<http://ids.clld.org/parameters/4-160>		<http://ids.clld.org/values/4-160-148-1>		"lɨ"@yrk	
"ečo'pi"@brg	<http://ids.clld.org/values/7-510-261-1>		<http://ids.clld.org/parameters/7-510>		<http://ids.clld.org/values/7-510-148-1>		"xar̃adʔ maxaley"@yrk	
"ni'βeiʔinow"@brg	<http://ids.clld.org/values/5-140-261-1>		<http://ids.clld.org/parameters/5-140>		<http://ids.clld.org/values/5-140-148-1>		"ŋawor̃c̷ʸawa"@yrk	
"nipoeho'kon"@brg	<http://ids.clld.org/values/4-209-261-1>		<http://ids.clld.org/parameters/4-209>		<http://ids.clld.org/values/4-209-148-1>		"nʸaŋu"@yrk	
"epenene"@brg	<http://ids.clld.org/values/4-260-261-3>		<http://ids.clld.org/parameters/4-260>		<http://ids.clld.org/values/4-260-148-1>		"nʸamʸu"@yrk	
"po'ewok"@brg	<http://ids.clld.org/values/1-210-261-1>		<http://ids.clld.org/parameters/1-210>		<http://ids.clld.org/values/1-210-148-1>		"ya"@yrk	
"ni-'čom"@brg	<http://ids.clld.org/values/4-120-261-3>		<http://ids.clld.org/parameters/4-120>		<http://ids.clld.org/values/4-120-148-1>		"tobyowa"@yrk	
"ni-'čom"@brg	<http://ids.clld.org/values/4-120-261-3>		<http://ids.clld.org/parameters/4-120>		<http://ids.clld.org/values/4-120-148-3>		"xoba"@yrk	
"-či"@brg	<http://ids.clld.org/values/12-560-261-1>		<http://ids.clld.org/parameters/12-560>		<http://ids.clld.org/values/12-560-148-1>		"nʸudʸa"@yrk	
"'čobi ~ 'čobe"@brg	<http://ids.clld.org/values/5-810-261-1>		<http://ids.clld.org/parameters/5-810>		<http://ids.clld.org/values/5-810-148-1>		"ser̃ʔʔ"@yrk	
"ni-'wohi-s"@brg	<http://ids.clld.org/values/4-330-261-3>		<http://ids.clld.org/parameters/4-330>		<http://ids.clld.org/values/4-330-148-1>		"ŋuda"@yrk	
"neto'koʔin"@brg	<http://ids.clld.org/values/4-440-261-1>		<http://ids.clld.org/parameters/4-440>		<http://ids.clld.org/values/4-440-148-1>		"sʸey"@yrk	
"ni-'powosi"@brg	<http://ids.clld.org/values/4-300-261-1>		<http://ids.clld.org/parameters/4-300>		<http://ids.clld.org/values/4-300-148-1>		"mar̃c̷ʸʔ"@yrk	
"-ya"@brg	<http://ids.clld.org/values/16-370-261-1>		<http://ids.clld.org/parameters/16-370>		<http://ids.clld.org/values/16-370-148-1>		"yar̃c̷ʸ"@yrk	
"poi-p"@brg	<http://ids.clld.org/values/1-213-261-3>		<http://ids.clld.org/parameters/1-213>		<http://ids.clld.org/values/1-213-148-1>		"sibʸa"@yrk	
"ne-'yon"@brg	<http://ids.clld.org/values/2-320-261-1>		<http://ids.clld.org/parameters/2-320>		<http://ids.clld.org/values/2-320-148-1>		"nʸe ~ puxuc̷ʸa"@yrk	
"kopo'eṛ̌"@brg	<http://ids.clld.org/values/1-213-261-1>		<http://ids.clld.org/parameters/1-213>		<http://ids.clld.org/values/1-213-148-1>		"sibʸa"@yrk	
"ni'poih"@brg	<http://ids.clld.org/values/4-370-261-1>		<http://ids.clld.org/parameters/4-370>		<http://ids.clld.org/values/4-370-148-1>		"ŋe"@yrk	
"moro'sero-"@brg	<http://ids.clld.org/values/15-660-261-1>		<http://ids.clld.org/parameters/15-660>		<http://ids.clld.org/values/15-660-148-1>		"nʸar̃yana"@yrk	
"koβes"@brg	<http://ids.clld.org/values/3-650-261-3>		<http://ids.clld.org/parameters/3-650>		<http://ids.clld.org/values/3-650-148-1>		"xalʸa"@yrk	
"-tipo"@brg	<http://ids.clld.org/values/20-240-261-3>		<http://ids.clld.org/parameters/20-240>		<http://ids.clld.org/values/20-240-148-1>		"ŋɨn"@yrk	
"-'pi-ri"@brg	<http://ids.clld.org/values/2-456-261-1>		<http://ids.clld.org/parameters/2-456>		<http://ids.clld.org/values/2-456-148-3>		"nʸe nʸa"@yrk	
"-'pi-ri"@brg	<http://ids.clld.org/values/2-456-261-1>		<http://ids.clld.org/parameters/2-456>		<http://ids.clld.org/values/2-456-148-1>		"nʸa"@yrk	
"[mes]"@brg	<http://ids.clld.org/values/7-440-261-1>		<http://ids.clld.org/parameters/7-440>		<http://ids.clld.org/values/7-440-148-1>		"tol ~ tolʸ"@yrk	
"su'ipistakapa"@brg	<http://ids.clld.org/values/9-343-261-3>		<http://ids.clld.org/parameters/9-343>		<http://ids.clld.org/values/9-343-148-1>		"latr̃ambasʸ"@yrk	
"'pa-ṛ̌i"@brg	<http://ids.clld.org/values/7-120-261-1>		<http://ids.clld.org/parameters/7-120>		<http://ids.clld.org/values/7-120-148-1>		"xar̃d ~ xar̃ad"@yrk	
"ni-'kiʔinow"@brg	<http://ids.clld.org/values/16-620-261-3>		<http://ids.clld.org/parameters/16-620>		<http://ids.clld.org/values/16-620-148-1>		"xar̃wasʸ"@yrk	
"ni'wohis to ni'poih"@brg	<http://ids.clld.org/values/4-380-261-1>		<http://ids.clld.org/parameters/4-380>		<http://ids.clld.org/values/4-380-148-1>		"ŋeʔ tar̃ka"@yrk	
"šiṛ̌iwa'niye"@brg	<http://ids.clld.org/values/12-11-261-1>		<http://ids.clld.org/parameters/12-11>		<http://ids.clld.org/values/12-11-148-1>		"tʸaxaʔ"@yrk	
"šiṛ̌iwa'niye"@brg	<http://ids.clld.org/values/12-11-261-1>		<http://ids.clld.org/parameters/12-11>		<http://ids.clld.org/values/12-11-148-3>		"punʸana"@yrk	
"'inkaw ~ 'onkaw"@brg	<http://ids.clld.org/values/13-0-261-1>		<http://ids.clld.org/parameters/13-0>		<http://ids.clld.org/values/13-0-148-1>		"ŋamgexer̃t"@yrk	
"nimo'šok"@brg	<http://ids.clld.org/values/2-610-261-1>		<http://ids.clld.org/parameters/2-610>		<http://ids.clld.org/values/2-610-148-1>		"ŋɨnab ~ ir̃i"@yrk	
"po'noš"@brg	<http://ids.clld.org/values/13-10-261-1>		<http://ids.clld.org/parameters/13-10>		<http://ids.clld.org/values/13-10-148-1>		"ŋopoy"@yrk	
"-yo'no"@brg	<http://ids.clld.org/values/10-450-261-1>		<http://ids.clld.org/parameters/10-450>		<http://ids.clld.org/values/10-450-148-3>		"yader̃c̷ʸ"@yrk	
"-yo'no"@brg	<http://ids.clld.org/values/10-450-261-1>		<http://ids.clld.org/parameters/10-450>		<http://ids.clld.org/values/10-450-148-1>		"minzʸ"@yrk	
"po'e"@brg	<http://ids.clld.org/values/9-250-261-1>		<http://ids.clld.org/parameters/9-250>		<http://ids.clld.org/values/9-250-148-1>		"tubka"@yrk	
"činti-neβ"@brg	<http://ids.clld.org/values/19-210-261-3>		<http://ids.clld.org/parameters/19-210>		<http://ids.clld.org/values/19-210-148-1>		"xibʸaʔʔ"@yrk	
"ni-pa-'siṛ̌i"@brg	<http://ids.clld.org/values/4-230-261-3>		<http://ids.clld.org/parameters/4-230>		<http://ids.clld.org/values/4-230-148-1>		"pɨya"@yrk	
"nito'taki"@brg	<http://ids.clld.org/values/4-320-261-1>		<http://ids.clld.org/parameters/4-320>		<http://ids.clld.org/values/4-320-148-1>		"salik"@yrk	
"'sa-pi"@brg	<http://ids.clld.org/values/12-420-261-1>		<http://ids.clld.org/parameters/12-420>		<http://ids.clld.org/values/12-420-148-1>		"sʸatanʸaŋɨ"@yrk	
"mo-"@brg	<http://ids.clld.org/values/2-270-261-1>		<http://ids.clld.org/parameters/2-270>		<http://ids.clld.org/values/2-270-148-1>		"ŋac̷ʸekɨʔʔ"@yrk	
"e'tip"@brg	<http://ids.clld.org/values/4-345-261-1>		<http://ids.clld.org/parameters/4-345>		<http://ids.clld.org/values/4-345-148-1>		"xada"@yrk	
"'βe-ha"@brg	<http://ids.clld.org/values/12-240-261-1>		<http://ids.clld.org/parameters/12-240>		<http://ids.clld.org/values/12-240-148-1>		"nesʸ"@yrk	
"'monikowapa"@brg	<http://ids.clld.org/values/16-810-261-1>		<http://ids.clld.org/parameters/16-810>		<http://ids.clld.org/values/16-810-148-3>		"sʸadota"@yrk	
"'monikowapa"@brg	<http://ids.clld.org/values/16-810-261-1>		<http://ids.clld.org/parameters/16-810>		<http://ids.clld.org/values/16-810-148-1>		"sac̷ʸ sawa"@yrk	
"to biši'moč"@brg	<http://ids.clld.org/values/10-550-261-1>		<http://ids.clld.org/parameters/10-550>		<http://ids.clld.org/values/10-550-148-1>		"tosʸ"@yrk	
"kaeerapoka"@brg	<http://ids.clld.org/values/17-650-261-1>		<http://ids.clld.org/parameters/17-650>		<http://ids.clld.org/values/17-650-148-1>		"sʸaxaʔ ~ sʸaʔʔnʸa"@yrk	
"kon to 'woyokon"@brg	<http://ids.clld.org/values/17-680-261-1>		<http://ids.clld.org/parameters/17-680>		<http://ids.clld.org/values/17-680-148-1>		"xibʸa"@yrk	
"βiṛ̌"@brg	<http://ids.clld.org/values/1-720-261-1>		<http://ids.clld.org/parameters/1-720>		<http://ids.clld.org/values/1-720-148-1>		"mʸer̃c̷ʸa"@yrk	
"'č-aki"@brg	<http://ids.clld.org/values/1-330-261-1>		<http://ids.clld.org/parameters/1-330>		<http://ids.clld.org/values/1-330-148-1>		"to"@yrk	
"'iti"@brg	<http://ids.clld.org/values/4-150-261-1>		<http://ids.clld.org/parameters/4-150>		<http://ids.clld.org/values/4-150-148-1>		"xemʔ ~ weya"@yrk	
"e'tis"@brg	<http://ids.clld.org/values/4-660-261-1>		<http://ids.clld.org/parameters/4-660>		<http://ids.clld.org/values/4-660-148-1>		"palka"@yrk	
"-tiṛ̌i"@brg	<http://ids.clld.org/values/17-170-261-3>		<http://ids.clld.org/parameters/17-170>		<http://ids.clld.org/values/17-170-148-1>		"tʸenʸewasʸ"@yrk	
"ni-yičo"@brg	<http://ids.clld.org/values/20-340-261-1>		<http://ids.clld.org/parameters/20-340>		<http://ids.clld.org/values/20-340-148-1>		"yesʸa ŋedʸaʔ"@yrk	
"'monči"@brg	<http://ids.clld.org/values/2-280-261-1>		<http://ids.clld.org/parameters/2-280>		<http://ids.clld.org/values/2-280-148-1>		"ŋayabeko"@yrk	
"ṛ̌i-'somopoek"@brg	<http://ids.clld.org/values/15-410-261-3>		<http://ids.clld.org/parameters/15-410>		<http://ids.clld.org/values/15-410-148-1>		"namdor̃c̷ʸ"@yrk	
"-i'mo"@brg	<http://ids.clld.org/values/4-610-261-1>		<http://ids.clld.org/parameters/4-610>		<http://ids.clld.org/values/4-610-148-1>		"xonʸo(sʸ)"@yrk	
"son"@brg	<http://ids.clld.org/values/8-680-261-1>		<http://ids.clld.org/parameters/8-680>		<http://ids.clld.org/values/8-680-148-1>		"sʸar̃"@yrk	
"po'ip"@brg	<http://ids.clld.org/values/1-840-261-1>		<http://ids.clld.org/parameters/1-840>		<http://ids.clld.org/values/1-840-148-1>		"tuʔ sibʸa"@yrk	
"ni'pes"@brg	<http://ids.clld.org/values/4-350-261-1>		<http://ids.clld.org/parameters/4-350>		<http://ids.clld.org/values/4-350-148-1>		"ŋey"@yrk	
"'ya-s-ko-"@brg	<http://ids.clld.org/values/15-690-261-1>		<http://ids.clld.org/parameters/15-690>		<http://ids.clld.org/values/15-690-148-1>		"tasʸexey"@yrk	
"kopo'e-"@brg	<http://ids.clld.org/values/11-620-261-1>		<http://ids.clld.org/parameters/11-620>		<http://ids.clld.org/values/11-620-148-1>		"ŋatʸewlʸesʸ"@yrk	
"ṛ̌o'ponič"@brg	<http://ids.clld.org/values/16-260-261-1>		<http://ids.clld.org/parameters/16-260>		<http://ids.clld.org/values/16-260-148-1>		"sʸanakosʸ"@yrk	
"-ni-"@brg	<http://ids.clld.org/values/5-110-261-1>		<http://ids.clld.org/parameters/5-110>		<http://ids.clld.org/values/5-110-148-1>		"ŋawor̃c̷ʸ"@yrk	
"-šom"@brg	<http://ids.clld.org/values/12-150-261-1>		<http://ids.clld.org/parameters/12-150>		<http://ids.clld.org/values/12-150-148-1>		"nusʸ"@yrk	
"mo-"@brg	<http://ids.clld.org/values/13-150-261-1>		<http://ids.clld.org/parameters/13-150>		<http://ids.clld.org/values/13-150-148-1>		"ŋoka"@yrk	
"n-en"@brg	<http://ids.clld.org/values/2-360-261-1>		<http://ids.clld.org/parameters/2-360>		<http://ids.clld.org/values/2-360-148-1>		"nʸebʸa"@yrk	
"ni-"@brg	<http://ids.clld.org/values/2-910-261-1>		<http://ids.clld.org/parameters/2-910>		<http://ids.clld.org/values/2-910-148-1>		"manʸ"@yrk	
