"vai"@mxe	<https://panlex.org/snapshot/panlex-20191001-csv/12#851073>				<https://panlex.org/snapshot/panlex-20191001-csv/12#851112>		"vai"@pnh	
"masui"@mxe	<https://panlex.org/snapshot/panlex-20191001-csv/114#8052455>				<https://panlex.org/snapshot/panlex-20191001-csv/114#8052499>		"kauii"@pnh	
"rauru"@mxe	<https://panlex.org/snapshot/panlex-20191001-csv/114#8064786>				<https://panlex.org/snapshot/panlex-20191001-csv/114#8064839>		"huru/huru"@pnh	
"mataku"@mxe	<https://panlex.org/snapshot/panlex-20191001-csv/114#8062675>				<https://panlex.org/snapshot/panlex-20191001-csv/114#8062721>		"mataku"@pnh	
"ara"@mxe	<https://panlex.org/snapshot/panlex-20191001-csv/114#8054543>				<https://panlex.org/snapshot/panlex-20191001-csv/114#8054594>		"ara"@pnh	
"sinae"@mxe	<https://panlex.org/snapshot/panlex-20191001-csv/114#8059601>				<https://panlex.org/snapshot/panlex-20191001-csv/114#8059649>		"ngaakau"@pnh	
"toto"@mxe	<https://panlex.org/snapshot/panlex-20191001-csv/114#8063170>				<https://panlex.org/snapshot/panlex-20191001-csv/114#8063220>		"toto"@pnh	
"vava"@mxe	<https://panlex.org/snapshot/panlex-20191001-csv/114#8059602>				<https://panlex.org/snapshot/panlex-20191001-csv/114#8059649>		"ngaakau"@pnh	
"pena/ua/"@mxe	<https://panlex.org/snapshot/panlex-20191001-csv/114#8064250>				<https://panlex.org/snapshot/panlex-20191001-csv/114#8064299>		"kakii"@pnh	
"kata"@mxe	<https://panlex.org/snapshot/panlex-20191001-csv/114#8068431>				<https://panlex.org/snapshot/panlex-20191001-csv/114#8068481>		"kata"@pnh	
"arero"@mxe	<https://panlex.org/snapshot/panlex-20191001-csv/114#8067900>				<https://panlex.org/snapshot/panlex-20191001-csv/114#8067948>		"arero"@pnh	
"rima"@mxe	<https://panlex.org/snapshot/panlex-20191001-csv/114#8051950>				<https://panlex.org/snapshot/panlex-20191001-csv/114#8052002>		"rima"@pnh	
"matau"@mxe	<https://panlex.org/snapshot/panlex-20191001-csv/114#8052918>				<https://panlex.org/snapshot/panlex-20191001-csv/114#8052962>		"katau"@pnh	
"nifo"@mxe	<https://panlex.org/snapshot/panlex-20191001-csv/114#8067376>				<https://panlex.org/snapshot/panlex-20191001-csv/114#8067428>		"niho"@pnh	
