"vai"@mxe	<https://panlex.org/snapshot/panlex-20191001-csv/12#851073>				<https://panlex.org/snapshot/panlex-20191001-csv/12#851005>		"aying"@kxd	
"masui"@mxe	<https://panlex.org/snapshot/panlex-20191001-csv/114#8052455>				<https://panlex.org/snapshot/panlex-20191001-csv/114#8052363>		"kiri"@kxd	
"rauru"@mxe	<https://panlex.org/snapshot/panlex-20191001-csv/114#8064786>				<https://panlex.org/snapshot/panlex-20191001-csv/114#8064691>		"rambut"@kxd	
"mataku"@mxe	<https://panlex.org/snapshot/panlex-20191001-csv/114#8062675>				<https://panlex.org/snapshot/panlex-20191001-csv/114#8062577>		"takut"@kxd	
"ara"@mxe	<https://panlex.org/snapshot/panlex-20191001-csv/114#8054543>				<https://panlex.org/snapshot/panlex-20191001-csv/114#8054449>		"jalan"@kxd	
"sinae"@mxe	<https://panlex.org/snapshot/panlex-20191001-csv/114#8059601>				<https://panlex.org/snapshot/panlex-20191001-csv/114#8059509>		"usus"@kxd	
"sinae"@mxe	<https://panlex.org/snapshot/panlex-20191001-csv/114#8059601>				<https://panlex.org/snapshot/panlex-20191001-csv/114#8059508>		"taliparut"@kxd	
"toto"@mxe	<https://panlex.org/snapshot/panlex-20191001-csv/114#8063170>				<https://panlex.org/snapshot/panlex-20191001-csv/114#8063065>		"darah"@kxd	
"vava"@mxe	<https://panlex.org/snapshot/panlex-20191001-csv/114#8059602>				<https://panlex.org/snapshot/panlex-20191001-csv/114#8059509>		"usus"@kxd	
"vava"@mxe	<https://panlex.org/snapshot/panlex-20191001-csv/114#8059602>				<https://panlex.org/snapshot/panlex-20191001-csv/114#8059508>		"taliparut"@kxd	
"pena/ua/"@mxe	<https://panlex.org/snapshot/panlex-20191001-csv/114#8064250>				<https://panlex.org/snapshot/panlex-20191001-csv/114#8064154>		"lihir"@kxd	
"kata"@mxe	<https://panlex.org/snapshot/panlex-20191001-csv/114#8068431>				<https://panlex.org/snapshot/panlex-20191001-csv/114#8068333>		"tatawa"@kxd	
"arero"@mxe	<https://panlex.org/snapshot/panlex-20191001-csv/114#8067900>				<https://panlex.org/snapshot/panlex-20191001-csv/114#8067800>		"lidah"@kxd	
"rima"@mxe	<https://panlex.org/snapshot/panlex-20191001-csv/114#8051950>				<https://panlex.org/snapshot/panlex-20191001-csv/114#8051839>		"tangan"@kxd	
"matau"@mxe	<https://panlex.org/snapshot/panlex-20191001-csv/114#8052918>				<https://panlex.org/snapshot/panlex-20191001-csv/114#8052828>		"kanan"@kxd	
"nifo"@mxe	<https://panlex.org/snapshot/panlex-20191001-csv/114#8067376>				<https://panlex.org/snapshot/panlex-20191001-csv/114#8067273>		"gigi"@kxd	
"vai"@mxe	<https://panlex.org/snapshot/panlex-20191001-csv/11#787674>				<https://panlex.org/snapshot/panlex-20191001-csv/11#787618>		"aying"@kxd	
