"y=oshäː-te-ʔ"@see	<https://panlex.org/snapshot/panlex-20191001-csv/3975#51736450>				<https://panlex.org/snapshot/panlex-20191001-csv/3975#51736467>		"tʰáːkʷ"@tli	
"ʔˈo=ɔ̃hta-ʔ"@see	<https://panlex.org/snapshot/panlex-20191001-csv/3975#51723512>				<https://panlex.org/snapshot/panlex-20191001-csv/3975#51723529>		"kúk"@tli	
"haw=ˈeːey-ɔ̃ːh"@see	<https://panlex.org/snapshot/panlex-20191001-csv/3975#51722908>				<https://panlex.org/snapshot/panlex-20191001-csv/3975#51722923>		"naː"@tli	
"tkwˈɛ̃htäː-ʔɛ̃ː-ʔ"@see	<https://panlex.org/snapshot/panlex-20191001-csv/3975#51730051>				<https://panlex.org/snapshot/panlex-20191001-csv/3975#51730070>		"χʼaːn"@tli	
"ʒˈitkwäː-ʔɛ̃ː-ʔ"@see	<https://panlex.org/snapshot/panlex-20191001-csv/3975#51735110>				<https://panlex.org/snapshot/panlex-20191001-csv/3975#51735128>		"ƛʼáːƛʼ"@tli	
"k=ˈäːhkwaː-ʔ"@see	<https://panlex.org/snapshot/panlex-20191001-csv/3975#51728299>				<https://panlex.org/snapshot/panlex-20191001-csv/3975#51728316>		"tís"@tli	
"k=ˈäːhkwaː-ʔ"@see	<https://panlex.org/snapshot/panlex-20191001-csv/3975#51732354>				<https://panlex.org/snapshot/panlex-20191001-csv/3975#51732373>		"qa=kaːn"@tli	
"ʔ=ɔ̃ːkwe-h"@see	<https://panlex.org/snapshot/panlex-20191001-csv/3975#51729769>				<https://panlex.org/snapshot/panlex-20191001-csv/3975#51729789>		"qʰáː"@tli	
"ʔ=ɔ̃ːkwe-h"@see	<https://panlex.org/snapshot/panlex-20191001-csv/3975#51729769>				<https://panlex.org/snapshot/panlex-20191001-csv/3975#51729788>		"ɬinkít"@tli	
"ʔ=ɔ̃ːkwe-h"@see	<https://panlex.org/snapshot/panlex-20191001-csv/3975#51729769>				<https://panlex.org/snapshot/panlex-20191001-csv/3975#51729787>		"ɬiːnkít"@tli	
"ʔak=hˈɛ̃ʔtaː-h"@see	<https://panlex.org/snapshot/panlex-20191001-csv/3975#51722171>				<https://panlex.org/snapshot/panlex-20191001-csv/3975#51722188>		"kaːn"@tli	
"ʔak=ˈaːɔ̃k-ɛ̃h"@see	<https://panlex.org/snapshot/panlex-20191001-csv/3975#51726119>				<https://panlex.org/snapshot/panlex-20191001-csv/3975#51726133>		"ʔaːχ"@tli	
"ʔaːk=ɛ̃ː-h"@see	<https://panlex.org/snapshot/panlex-20191001-csv/3975#51730713>				<https://panlex.org/snapshot/panlex-20191001-csv/3975#51730730>		"qʰaː"@tli	
"ʔo=nˈɔ̃ʔkäː-ʔ"@see	<https://panlex.org/snapshot/panlex-20191001-csv/3975#51726389>				<https://panlex.org/snapshot/panlex-20191001-csv/3975#51726407>		"=šeːt-í"@tli	
"ʔˈo=äʔnɔ̃hsa-ʔ"@see	<https://panlex.org/snapshot/panlex-20191001-csv/3975#51733223>				<https://panlex.org/snapshot/panlex-20191001-csv/3975#51733241>		"ɬʼúːtʼ"@tli	
"tekhniːh"@see	<https://panlex.org/snapshot/panlex-20191001-csv/3975#51733689>				<https://panlex.org/snapshot/panlex-20191001-csv/3975#51733708>		"téːχ"@tli	
"ʔiːy=ɔ̃ːs"@see	<https://panlex.org/snapshot/panlex-20191001-csv/3975#51727579>				<https://panlex.org/snapshot/panlex-20191001-csv/3975#51727595>		"yaːtʼ"@tli	
"ʔoː=nɔ̃-ʔ"@see	<https://panlex.org/snapshot/panlex-20191001-csv/3975#51724264>				<https://panlex.org/snapshot/panlex-20191001-csv/3975#51724281>		"tʰaːy"@tli	
"ʔo=ste-ʔ"@see	<https://panlex.org/snapshot/panlex-20191001-csv/3975#51735366>				<https://panlex.org/snapshot/panlex-20191001-csv/3975#51735382>		"taːɬ"@tli	
"ʔo=ʔkˈɛ̃ː-ʔ"@see	<https://panlex.org/snapshot/panlex-20191001-csv/3975#51720787>				<https://panlex.org/snapshot/panlex-20191001-csv/3975#51720805>		"kʰéɬʼ-tʼ"@tli	
"ka=ʔskwaːa-ʔ"@see	<https://panlex.org/snapshot/panlex-20191001-csv/3975#51732194>				<https://panlex.org/snapshot/panlex-20191001-csv/3975#51732212>		"tʰé"@tli	
"toskɛ̃h"@see	<https://panlex.org/snapshot/panlex-20191001-csv/3975#51735511>				<https://panlex.org/snapshot/panlex-20191001-csv/3975#51735527>		"=χán"@tli	
"toskɛ̃h"@see	<https://panlex.org/snapshot/panlex-20191001-csv/3975#51735511>				<https://panlex.org/snapshot/panlex-20191001-csv/3975#51735528>		"=či=χán"@tli	
"ʔaw=ˈɛ̃nyahsa-ʔ"@see	<https://panlex.org/snapshot/panlex-20191001-csv/3975#51726258>				<https://panlex.org/snapshot/panlex-20191001-csv/3975#51726276>		"tʰéːχʼ"@tli	
"ka=kɛ̃ːɛ̃t"@see	<https://panlex.org/snapshot/panlex-20191001-csv/3975#51734666>				<https://panlex.org/snapshot/panlex-20191001-csv/3975#51734681>		"ƛeːt"@tli	
"ka=ʒiːsta-ʔ"@see	<https://panlex.org/snapshot/panlex-20191001-csv/3975#51724546>				<https://panlex.org/snapshot/panlex-20191001-csv/3975#51724563>		"χʼaːn"@tli	
"ni=w=ˈakʔaː-h"@see	<https://panlex.org/snapshot/panlex-20191001-csv/3975#51735778>				<https://panlex.org/snapshot/panlex-20191001-csv/3975#51735795>		"yaːƛʼ"@tli	
"ʔo=yˈɛ̃ʔkwäː-ʔ"@see	<https://panlex.org/snapshot/panlex-20191001-csv/3975#51731771>				<https://panlex.org/snapshot/panlex-20191001-csv/3975#51731789>		"sʼeːq"@tli	
"ʔo=yˈɛ̃ʔkwäː-ʔ"@see	<https://panlex.org/snapshot/panlex-20191001-csv/3975#51731771>				<https://panlex.org/snapshot/panlex-20191001-csv/3975#51731788>		"sʼiːq"@tli	
"ʔˈa=ɔ̃sha-ʔ"@see	<https://panlex.org/snapshot/panlex-20191001-csv/3975#51726868>				<https://panlex.org/snapshot/panlex-20191001-csv/3975#51726887>		"=kʰiːy"@tli	
"ʔakeː=kɛ̃ː-h"@see	<https://panlex.org/snapshot/panlex-20191001-csv/3975#51730887>				<https://panlex.org/snapshot/panlex-20191001-csv/3975#51730901>		"tʰiːn"@tli	
"ʒɛ̃ːstˈa-ʔɛ̃ː-ʔ"@see	<https://panlex.org/snapshot/panlex-20191001-csv/3975#51721607>				<https://panlex.org/snapshot/panlex-20191001-csv/3975#51721624>		"tʼuːčʼ"@tli	
"ʔo=ʒˈihsɔ̃ʔta-ʔ"@see	<https://panlex.org/snapshot/panlex-20191001-csv/3975#51732052>				<https://panlex.org/snapshot/panlex-20191001-csv/3975#51732077>		"qʰutχʼayanaháː"@tli	
"ʔo=ʒˈihsɔ̃ʔta-ʔ"@see	<https://panlex.org/snapshot/panlex-20191001-csv/3975#51732052>				<https://panlex.org/snapshot/panlex-20191001-csv/3975#51732075>		"qʰutχ ʔayanahá"@tli	
"ʔo=ʒˈihsɔ̃ʔta-ʔ"@see	<https://panlex.org/snapshot/panlex-20191001-csv/3975#51732052>				<https://panlex.org/snapshot/panlex-20191001-csv/3975#51732076>		"qʰutχ ʔayanaháː"@tli	
"ʔo=nˈɛ̃hta-ʔ"@see	<https://panlex.org/snapshot/panlex-20191001-csv/3975#51727153>				<https://panlex.org/snapshot/panlex-20191001-csv/3975#51727171>		"kʰayaːní"@tli	
"ʔo=ʔnˈehsa-ʔ"@see	<https://panlex.org/snapshot/panlex-20191001-csv/3975#51730555>				<https://panlex.org/snapshot/panlex-20191001-csv/3975#51730567>		"ɬʼéːw"@tli	
"ni=ka=takˈäː-ɔ̃h"@see	<https://panlex.org/snapshot/panlex-20191001-csv/3975#51736053>				<https://panlex.org/snapshot/panlex-20191001-csv/3975#51736070>		"qʼáːƛʼ"@tli	
"ni=ka=takˈäː-ɔ̃h"@see	<https://panlex.org/snapshot/panlex-20191001-csv/3975#51736053>				<https://panlex.org/snapshot/panlex-20191001-csv/3975#51736071>		"saː"@tli	
"ʔo=hsˈiʔta-ʔ"@see	<https://panlex.org/snapshot/panlex-20191001-csv/3975#51724967>				<https://panlex.org/snapshot/panlex-20191001-csv/3975#51724984>		"χʼuːs"@tli	
"ʔo=ʒˈikheʔta-ʔ"@see	<https://panlex.org/snapshot/panlex-20191001-csv/3975#51735646>				<https://panlex.org/snapshot/panlex-20191001-csv/3975#51735662>		"ʔéːɬʼ"@tli	
"ʔo=hɛ̃ː-h"@see	<https://panlex.org/snapshot/panlex-20191001-csv/3975#51723365>				<https://panlex.org/snapshot/panlex-20191001-csv/3975#51723381>		"xuːk"@tli	
"ʔo=nˈɔ̃hkwɛ̃ɔ̃-ʔ"@see	<https://panlex.org/snapshot/panlex-20191001-csv/3975#51731014>				<https://panlex.org/snapshot/panlex-20191001-csv/3975#51731030>		"=xʼaːkʰeːt-í"@tli	
"ʔo=ʔhˈɔ̃hsa-ʔ"@see	<https://panlex.org/snapshot/panlex-20191001-csv/3975#51723964>				<https://panlex.org/snapshot/panlex-20191001-csv/3975#51723979>		"kʼʷátʼ"@tli	
"teʔ-"@see	<https://panlex.org/snapshot/panlex-20191001-csv/3975#51729458>				<https://panlex.org/snapshot/panlex-20191001-csv/3975#51729476>		"ƛʰéːɬ"@tli	
"y=ɔ̃ɛ̃ʒa-te-ʔ"@see	<https://panlex.org/snapshot/panlex-20191001-csv/3975#51723656>				<https://panlex.org/snapshot/panlex-20191001-csv/3975#51723673>		"ƛʼát-k"@tli	
"y=ɔ̃ɛ̃ʒa-te-ʔ"@see	<https://panlex.org/snapshot/panlex-20191001-csv/3975#51723656>				<https://panlex.org/snapshot/panlex-20191001-csv/3975#51723675>		"ƛʼét-k"@tli	
"y=ɔ̃ɛ̃ʒa-te-ʔ"@see	<https://panlex.org/snapshot/panlex-20191001-csv/3975#51723656>				<https://panlex.org/snapshot/panlex-20191001-csv/3975#51723674>		"ƛʼát-ki"@tli	
"ʔo=shˈaista-ʔ"@see	<https://panlex.org/snapshot/panlex-20191001-csv/3975#51735925>				<https://panlex.org/snapshot/panlex-20191001-csv/3975#51735938>		"ɬʼutʼ-ƛʰáːq"@tli	
"ʔak=ˈɛ̃nɔ̃htɔ̃-ʔ"@see	<https://panlex.org/snapshot/panlex-20191001-csv/3975#51727013>				<https://panlex.org/snapshot/panlex-20191001-csv/3975#51727028>		"kʰuː"@tli	
"ʒiʔt-ˈɛ̃ʔɔ̃ː-h"@see	<https://panlex.org/snapshot/panlex-20191001-csv/3975#51721335>				<https://panlex.org/snapshot/panlex-20191001-csv/3975#51721351>		"cʼíckʷ"@tli	
"ʔˈiːʔ"@see	<https://panlex.org/snapshot/panlex-20191001-csv/3975#51734360>				<https://panlex.org/snapshot/panlex-20191001-csv/3975#51734391>		"tʰu-"@tli	
"ʔˈiːʔ"@see	<https://panlex.org/snapshot/panlex-20191001-csv/3975#51734360>				<https://panlex.org/snapshot/panlex-20191001-csv/3975#51734390>		"ʔuː-háː-n"@tli	
"ʔˈiːʔ"@see	<https://panlex.org/snapshot/panlex-20191001-csv/3975#51734360>				<https://panlex.org/snapshot/panlex-20191001-csv/3975#51734392>		"tʰuː"@tli	
"ʔˈiːʔ"@see	<https://panlex.org/snapshot/panlex-20191001-csv/3975#51734360>				<https://panlex.org/snapshot/panlex-20191001-csv/3975#51734389>		"ʔu-háː-n"@tli	
"ʔˈiːʔ"@see	<https://panlex.org/snapshot/panlex-20191001-csv/3975#51726571>				<https://panlex.org/snapshot/panlex-20191001-csv/3975#51726593>		"χá-t"@tli	
"weːɛ̃h"@see	<https://panlex.org/snapshot/panlex-20191001-csv/3975#51735242>				<https://panlex.org/snapshot/panlex-20191001-csv/3975#51735255>		"ɬeː"@tli	
"ʔo=hʒˈiʔkä-ʔ"@see	<https://panlex.org/snapshot/panlex-20191001-csv/3975#51722433>				<https://panlex.org/snapshot/panlex-20191001-csv/3975#51722446>		"qʰu=kúːsʼ"@tli	
"ʔo=hʒˈiʔkä-ʔ"@see	<https://panlex.org/snapshot/panlex-20191001-csv/3975#51722433>				<https://panlex.org/snapshot/panlex-20191001-csv/3975#51722447>		"qʰu=ɬi=kúːsʼ"@tli	
"ka=nɔ̃ːh-ɔ̃h"@see	<https://panlex.org/snapshot/panlex-20191001-csv/3975#51725086>				<https://panlex.org/snapshot/panlex-20191001-csv/3975#51725099>		"hiːk"@tli	
"skaː"@see	<https://panlex.org/snapshot/panlex-20191001-csv/3975#51729619>				<https://panlex.org/snapshot/panlex-20191001-csv/3975#51729639>		"ƛʰéː-xʼ"@tli	
"ʔo=staːa-ʔ"@see	<https://panlex.org/snapshot/panlex-20191001-csv/3975#51729913>				<https://panlex.org/snapshot/panlex-20191001-csv/3975#51729930>		"síːw"@tli	
"ʒˈiʔt-ɛ̃ʔɔ̃ː-h"@see	<https://panlex.org/snapshot/panlex-20191001-csv/3975#51721336>				<https://panlex.org/snapshot/panlex-20191001-csv/3975#51721351>		"cʼíckʷ"@tli	
"ʔo=ʔwˈaʒista-ʔ"@see	<https://panlex.org/snapshot/panlex-20191001-csv/3975#51720919>				<https://panlex.org/snapshot/panlex-20191001-csv/3975#51720932>		"ɬuːn"@tli	
"ʔak=iːyoː-h"@see	<https://panlex.org/snapshot/panlex-20191001-csv/3975#51726728>				<https://panlex.org/snapshot/panlex-20191001-csv/3975#51726744>		"čaːq"@tli	
"nˈiːʔ"@see	<https://panlex.org/snapshot/panlex-20191001-csv/3975#51734361>				<https://panlex.org/snapshot/panlex-20191001-csv/3975#51734391>		"tʰu-"@tli	
"nˈiːʔ"@see	<https://panlex.org/snapshot/panlex-20191001-csv/3975#51734361>				<https://panlex.org/snapshot/panlex-20191001-csv/3975#51734390>		"ʔuː-háː-n"@tli	
"nˈiːʔ"@see	<https://panlex.org/snapshot/panlex-20191001-csv/3975#51734361>				<https://panlex.org/snapshot/panlex-20191001-csv/3975#51734392>		"tʰuː"@tli	
"nˈiːʔ"@see	<https://panlex.org/snapshot/panlex-20191001-csv/3975#51734361>				<https://panlex.org/snapshot/panlex-20191001-csv/3975#51734389>		"ʔu-háː-n"@tli	
"nˈiːʔ"@see	<https://panlex.org/snapshot/panlex-20191001-csv/3975#51726572>				<https://panlex.org/snapshot/panlex-20191001-csv/3975#51726593>		"χá-t"@tli	
"ka=kweːk-ɔ̃h"@see	<https://panlex.org/snapshot/panlex-20191001-csv/3975#51720649>				<https://panlex.org/snapshot/panlex-20191001-csv/3975#51720663>		"ɬ=takʰát"@tli	
"ʔoʔ=k=iːk"@see	<https://panlex.org/snapshot/panlex-20191001-csv/3975#51721471>				<https://panlex.org/snapshot/panlex-20191001-csv/3975#51721486>		"yiːq"@tli	
"ʔo=ʔtˈaiɛ̃ː-h"@see	<https://panlex.org/snapshot/panlex-20191001-csv/3975#51734012>				<https://panlex.org/snapshot/panlex-20191001-csv/3975#51734021>		"tʼaː"@tli	
"ʔo=nˈɔ̃ʔnoː-h"@see	<https://panlex.org/snapshot/panlex-20191001-csv/3975#51722564>				<https://panlex.org/snapshot/panlex-20191001-csv/3975#51722578>		"ʔaːtʼ"@tli	
"k=owaːnɛ̃-h"@see	<https://panlex.org/snapshot/panlex-20191001-csv/3975#51721186>				<https://panlex.org/snapshot/panlex-20191001-csv/3975#51721204>		"=keː"@tli	
"ʔo=nˈähta-ʔ"@see	<https://panlex.org/snapshot/panlex-20191001-csv/3975#51727154>				<https://panlex.org/snapshot/panlex-20191001-csv/3975#51727171>		"kʰayaːní"@tli	
"ʔo=ʔˈehta-ʔ"@see	<https://panlex.org/snapshot/panlex-20191001-csv/3975#51722309>				<https://panlex.org/snapshot/panlex-20191001-csv/3975#51722328>		"χaːkʷ"@tli	
"ʔo=ʔnɛ̃ːya-ʔ"@see	<https://panlex.org/snapshot/panlex-20191001-csv/3975#51721895>				<https://panlex.org/snapshot/panlex-20191001-csv/3975#51721913>		"sʼaːq"@tli	
"ke=nyˈosyoːt"@see	<https://panlex.org/snapshot/panlex-20191001-csv/3975#51731173>				<https://panlex.org/snapshot/panlex-20191001-csv/3975#51731190>		"ʔaː"@tli	
"ʔoː=nyˈaʔsa-ʔ"@see	<https://panlex.org/snapshot/panlex-20191001-csv/3975#51728843>				<https://panlex.org/snapshot/panlex-20191001-csv/3975#51728861>		"ɬu-tíχʼ"@tli	
"ʔoː=nyˈaʔsa-ʔ"@see	<https://panlex.org/snapshot/panlex-20191001-csv/3975#51728843>				<https://panlex.org/snapshot/panlex-20191001-csv/3975#51728860>		"ɬi-tíχʼ"@tli	
"hoː=nˈeke-ɛ̃h"@see	<https://panlex.org/snapshot/panlex-20191001-csv/3975#51723225>				<https://panlex.org/snapshot/panlex-20191001-csv/3975#51723243>		"naː"@tli	
"ʔo=ʔnɔ̃wˈɔ̃ehta-ʔ"@see	<https://panlex.org/snapshot/panlex-20191001-csv/3975#51736319>				<https://panlex.org/snapshot/panlex-20191001-csv/3975#51736327>		"ƛʼúkʼ-χ"@tli	
"ʒiːyä-h"@see	<https://panlex.org/snapshot/panlex-20191001-csv/3975#51723061>				<https://panlex.org/snapshot/panlex-20191001-csv/3975#51723078>		"kʰeːƛ"@tli	
"ke=ʔtˈɔ̃hsä-ʔkeh"@see	<https://panlex.org/snapshot/panlex-20191001-csv/3975#51722029>				<https://panlex.org/snapshot/panlex-20191001-csv/3975#51722046>		"=ɬʼaː"@tli	
"ha=hsˈa-kaːɛ̃t"@see	<https://panlex.org/snapshot/panlex-20191001-csv/3975#51728563>				<https://panlex.org/snapshot/panlex-20191001-csv/3975#51728584>		"χʼé"@tli	
"ye=ɔ̃-h"@see	<https://panlex.org/snapshot/panlex-20191001-csv/3975#51734979>				<https://panlex.org/snapshot/panlex-20191001-csv/3975#51734997>		"šaː-wát"@tli	
"ʔo=nˈoʔʒa-ʔ"@see	<https://panlex.org/snapshot/panlex-20191001-csv/3975#51733378>				<https://panlex.org/snapshot/panlex-20191001-csv/3975#51733395>		"ʔuːχ"@tli	
"w=aːseː-ʔ"@see	<https://panlex.org/snapshot/panlex-20191001-csv/3975#51728977>				<https://panlex.org/snapshot/panlex-20191001-csv/3975#51728996>		"yíːs"@tli	
"ʔo=kˈeʔä-ʔ"@see	<https://panlex.org/snapshot/panlex-20191001-csv/3975#51725652>				<https://panlex.org/snapshot/panlex-20191001-csv/3975#51725669>		"=ša=χaːw-ú"@tli	
"kɛ̃=ʒɔ̃-h"@see	<https://panlex.org/snapshot/panlex-20191001-csv/3975#51724687>				<https://panlex.org/snapshot/panlex-20191001-csv/3975#51724708>		"χáːt"@tli	
"ʔo=thwˈɛ̃hsa-ʔ"@see	<https://panlex.org/snapshot/panlex-20191001-csv/3975#51727447>				<https://panlex.org/snapshot/panlex-20191001-csv/3975#51727464>		"=ƛʼúːq-u"@tli	
"ʔakeː=k-ɔ̃h"@see	<https://panlex.org/snapshot/panlex-20191001-csv/3975#51723826>				<https://panlex.org/snapshot/panlex-20191001-csv/3975#51723845>		"χaː"@tli	
"w=iːyoː-h"@see	<https://panlex.org/snapshot/panlex-20191001-csv/3975#51725385>				<https://panlex.org/snapshot/panlex-20191001-csv/3975#51725402>		"kʼeː"@tli	
"ʒiʔnɔ̃ː-h"@see	<https://panlex.org/snapshot/panlex-20191001-csv/3975#51727706>				<https://panlex.org/snapshot/panlex-20191001-csv/3975#51727723>		"wéːsʼ"@tli	
"ʔo=ʔnɔ̃wˈeːhta-ʔ"@see	<https://panlex.org/snapshot/panlex-20191001-csv/3975#51736320>				<https://panlex.org/snapshot/panlex-20191001-csv/3975#51736327>		"ƛʼúkʼ-χ"@tli	
"ʔo=ktˈeä-ʔ"@see	<https://panlex.org/snapshot/panlex-20191001-csv/3975#51730322>				<https://panlex.org/snapshot/panlex-20191001-csv/3975#51730334>		"χaːt"@tli	
"ka=kˈaː-ʔ"@see	<https://panlex.org/snapshot/panlex-20191001-csv/3975#51724122>				<https://panlex.org/snapshot/panlex-20191001-csv/3975#51724139>		"waːq"@tli	
"w=ahsɔ̃ta-te-ʔ"@see	<https://panlex.org/snapshot/panlex-20191001-csv/3975#51729133>				<https://panlex.org/snapshot/panlex-20191001-csv/3975#51729148>		"tʰaːt"@tli	
"kɛ̃=hkaːa-ʔ"@see	<https://panlex.org/snapshot/panlex-20191001-csv/3975#51732622>				<https://panlex.org/snapshot/panlex-20191001-csv/3975#51732639>		"=ɬʼiːt-í"@tli	
"ʔak=atawɛ̃ː-h"@see	<https://panlex.org/snapshot/panlex-20191001-csv/3975#51732483>				<https://panlex.org/snapshot/panlex-20191001-csv/3975#51732498>		"huː"@tli	
"ʔo=sʔˈohta-ʔ"@see	<https://panlex.org/snapshot/panlex-20191001-csv/3975#51725801>				<https://panlex.org/snapshot/panlex-20191001-csv/3975#51725818>		"čí-n"@tli	
"h=aktɔ̃-s"@see	<https://panlex.org/snapshot/panlex-20191001-csv/3975#51722741>				<https://panlex.org/snapshot/panlex-20191001-csv/3975#51722760>		"ya=kuːt"@tli	
"ʔo=shˈeːwa-ʔ"@see	<https://panlex.org/snapshot/panlex-20191001-csv/3975#51721045>				<https://panlex.org/snapshot/panlex-20191001-csv/3975#51721063>		"=yuːw-á"@tli	
"ʔo=ʔwˈaː-ʔ"@see	<https://panlex.org/snapshot/panlex-20191001-csv/3975#51728151>				<https://panlex.org/snapshot/panlex-20191001-csv/3975#51728168>		"ƛiːy"@tli	
"ʔo=nɔ̃ta-te-ʔ"@see	<https://panlex.org/snapshot/panlex-20191001-csv/3975#51728419>				<https://panlex.org/snapshot/panlex-20191001-csv/3975#51728432>		"šaː"@tli	
"ke=kˈɔ̃ta-ʔkeh"@see	<https://panlex.org/snapshot/panlex-20191001-csv/3975#51729289>				<https://panlex.org/snapshot/panlex-20191001-csv/3975#51729307>		"=ɬú"@tli	
"te=yoː=tɛ̃ː-h"@see	<https://panlex.org/snapshot/panlex-20191001-csv/3975#51724822>				<https://panlex.org/snapshot/panlex-20191001-csv/3975#51724831>		"qʰiːn"@tli	
"tɛ̃ʔɛ̃h"@see	<https://panlex.org/snapshot/panlex-20191001-csv/3975#51734534>				<https://panlex.org/snapshot/panlex-20191001-csv/3975#51734556>		"taː-t"@tli	
"w=eːso-ʔ"@see	<https://panlex.org/snapshot/panlex-20191001-csv/3975#51727998>				<https://panlex.org/snapshot/panlex-20191001-csv/3975#51728010>		"keː"@tli	
"w=eːso-ʔ"@see	<https://panlex.org/snapshot/panlex-20191001-csv/3975#51727998>				<https://panlex.org/snapshot/panlex-20191001-csv/3975#51728011>		"haː"@tli	
"ni=w=ˈaʔaː-h"@see	<https://panlex.org/snapshot/panlex-20191001-csv/3975#51731623>				<https://panlex.org/snapshot/panlex-20191001-csv/3975#51731640>		"kéːkʼ"@tli	
"ʔo=tkwˈɛ̃hsa-ʔ"@see	<https://panlex.org/snapshot/panlex-20191001-csv/3975#51721755>				<https://panlex.org/snapshot/panlex-20191001-csv/3975#51721772>		"šé"@tli	
"neʔhoh"@see	<https://panlex.org/snapshot/panlex-20191001-csv/3975#51732777>				<https://panlex.org/snapshot/panlex-20191001-csv/3975#51732798>		"wéː"@tli	
"neʔhoh"@see	<https://panlex.org/snapshot/panlex-20191001-csv/3975#51732777>				<https://panlex.org/snapshot/panlex-20191001-csv/3975#51732797>		"wé"@tli	
"ʔoː=ä-te-ʔ"@see	<https://panlex.org/snapshot/panlex-20191001-csv/3975#51736205>				<https://panlex.org/snapshot/panlex-20191001-csv/3975#51736222>		"ʔúːx-čaː"@tli	
"ha=ʒiːnɔ̃-h"@see	<https://panlex.org/snapshot/panlex-20191001-csv/3975#51727854>				<https://panlex.org/snapshot/panlex-20191001-csv/3975#51727872>		"qʰáː"@tli	
"ho=tˈaʔ-ɔ̃h"@see	<https://panlex.org/snapshot/panlex-20191001-csv/3975#51731479>				<https://panlex.org/snapshot/panlex-20191001-csv/3975#51731496>		"tʰaː"@tli	
"ʔoː=neka-no-s"@see	<https://panlex.org/snapshot/panlex-20191001-csv/3975#51734153>				<https://panlex.org/snapshot/panlex-20191001-csv/3975#51734172>		"híːn"@tli	
"ka=nˈähta-ik-hɔ̃-ʔ"@see	<https://panlex.org/snapshot/panlex-20191001-csv/3975#51725510>				<https://panlex.org/snapshot/panlex-20191001-csv/3975#51725527>		"sʼuːw"@tli	
"nɛ̃:kɛ̃:h"@see	<https://panlex.org/snapshot/panlex-20191001-csv/3975#51732928>				<https://panlex.org/snapshot/panlex-20191001-csv/3975#51732950>		"yá"@tli	
"nɛ̃:kɛ̃:h"@see	<https://panlex.org/snapshot/panlex-20191001-csv/3975#51732928>				<https://panlex.org/snapshot/panlex-20191001-csv/3975#51732951>		"yáː"@tli	
"skaːt"@see	<https://panlex.org/snapshot/panlex-20191001-csv/3975#51729618>				<https://panlex.org/snapshot/panlex-20191001-csv/3975#51729639>		"ƛʰéː-xʼ"@tli	
"k=äːit"@see	<https://panlex.org/snapshot/panlex-20191001-csv/3975#51733527>				<https://panlex.org/snapshot/panlex-20191001-csv/3975#51733545>		"ʔaːs"@tli	
"ʔiːkeː=t"@see	<https://panlex.org/snapshot/panlex-20191001-csv/3975#51731909>				<https://panlex.org/snapshot/panlex-20191001-csv/3975#51731923>		"haːn"@tli	
"nˈiːs"@see	<https://panlex.org/snapshot/panlex-20191001-csv/3975#51733074>				<https://panlex.org/snapshot/panlex-20191001-csv/3975#51733091>		"wa-ʔé"@tli	
"ʔˈo=äʔta-ʔ"@see	<https://panlex.org/snapshot/panlex-20191001-csv/3975#51724392>				<https://panlex.org/snapshot/panlex-20191001-csv/3975#51724404>		"tʼaːw"@tli	
"ʔˈiːs"@see	<https://panlex.org/snapshot/panlex-20191001-csv/3975#51733073>				<https://panlex.org/snapshot/panlex-20191001-csv/3975#51733091>		"wa-ʔé"@tli	
"ka=hsɛ̃ːnɔ̃-ʔ"@see	<https://panlex.org/snapshot/panlex-20191001-csv/3975#51728708>				<https://panlex.org/snapshot/panlex-20191001-csv/3975#51728726>		"saː"@tli	
"ʔo=nˈɔ̃ʔɛ̃ː-ʔ"@see	<https://panlex.org/snapshot/panlex-20191001-csv/3975#51725957>				<https://panlex.org/snapshot/panlex-20191001-csv/3975#51725975>		"šá"@tli	
"ka=nˈɛ̃hta-ik-hɔ̃-ʔ"@see	<https://panlex.org/snapshot/panlex-20191001-csv/3975#51725509>				<https://panlex.org/snapshot/panlex-20191001-csv/3975#51725527>		"sʼuːw"@tli	
"ʔak=ˈahtɛ̃ty-ɔ̃ːh"@see	<https://panlex.org/snapshot/panlex-20191001-csv/3975#51733853>				<https://panlex.org/snapshot/panlex-20191001-csv/3975#51733878>		"ya=kuːt"@tli	
"k=iːnˈɔ̃ː-neh"@see	<https://panlex.org/snapshot/panlex-20191001-csv/3975#51731325>				<https://panlex.org/snapshot/panlex-20191001-csv/3975#51731342>		"=tuːk"@tli	
"hak=aːwiː-h"@see	<https://panlex.org/snapshot/panlex-20191001-csv/3975#51725241>				<https://panlex.org/snapshot/panlex-20191001-csv/3975#51725255>		"tʰiː"@tli	
"ʔoː=a-te-ʔ"@see	<https://panlex.org/snapshot/panlex-20191001-csv/3975#51730193>				<https://panlex.org/snapshot/panlex-20191001-csv/3975#51730211>		"teː"@tli	
"sɔ̃ːh"@see	<https://panlex.org/snapshot/panlex-20191001-csv/3975#51734806>				<https://panlex.org/snapshot/panlex-20191001-csv/3975#51734830>		"ʔaː-tuː"@tli	
"ha=yˈashɛ̃-ʔ"@see	<https://panlex.org/snapshot/panlex-20191001-csv/3975#51727306>				<https://panlex.org/snapshot/panlex-20191001-csv/3975#51727321>		"tʰaː"@tli	
