"Vietnamu"@swc	<https://panlex.org/snapshot/panlex-20191001-csv/6898#113623572>				<https://panlex.org/snapshot/panlex-20191001-csv/6898#113623643>		"Vietnam"@fy	
"Katari"@swc	<https://panlex.org/snapshot/panlex-20191001-csv/6898#113636859>				<https://panlex.org/snapshot/panlex-20191001-csv/6898#113636743>		"Qatar"@fy	
"Maldivi"@swc	<https://panlex.org/snapshot/panlex-20191001-csv/6898#113641769>				<https://panlex.org/snapshot/panlex-20191001-csv/6898#113641708>		"Maldiven"@fy	
"Kodivaa"@swc	<https://panlex.org/snapshot/panlex-20191001-csv/6898#113640391>				<https://panlex.org/snapshot/panlex-20191001-csv/6898#113640443>		"Ivoorkust"@fy	
"Nijeri"@swc	<https://panlex.org/snapshot/panlex-20191001-csv/6898#113644758>				<https://panlex.org/snapshot/panlex-20191001-csv/6898#113644784>		"Niger"@fy	
"Yordani"@swc	<https://panlex.org/snapshot/panlex-20191001-csv/6898#113611725>				<https://panlex.org/snapshot/panlex-20191001-csv/6898#113611661>		"Jordanië"@fy	
