"Vietnamu"@swc	<https://panlex.org/snapshot/panlex-20191001-csv/6898#113623572>				<https://panlex.org/snapshot/panlex-20191001-csv/6898#113623644>		"Emetab Vietnam"@kln	
"Katari"@swc	<https://panlex.org/snapshot/panlex-20191001-csv/6898#113636859>				<https://panlex.org/snapshot/panlex-20191001-csv/6898#113636806>		"Emetab Qatar"@kln	
"Maldivi"@swc	<https://panlex.org/snapshot/panlex-20191001-csv/6898#113641769>				<https://panlex.org/snapshot/panlex-20191001-csv/6898#113641735>		"Emetab Maldives"@kln	
"Kodivaa"@swc	<https://panlex.org/snapshot/panlex-20191001-csv/6898#113640391>				<https://panlex.org/snapshot/panlex-20191001-csv/6898#113640511>		"Emetab Côte d’Ivoire"@kln	
"Nijeri"@swc	<https://panlex.org/snapshot/panlex-20191001-csv/6898#113644758>				<https://panlex.org/snapshot/panlex-20191001-csv/6898#113644755>		"Emetab niger"@kln	
"Yordani"@swc	<https://panlex.org/snapshot/panlex-20191001-csv/6898#113611725>				<https://panlex.org/snapshot/panlex-20191001-csv/6898#113611696>		"Emetab Jordan"@kln	
