"-ɬuʼkʷeʔ"@mtp	<https://panlex.org/snapshot/panlex-20191001-csv/1573#50085544>				<https://panlex.org/snapshot/panlex-20191001-csv/1573#50085428>		"kani"@cav	
"huʼlu"@mtp	<https://panlex.org/snapshot/panlex-20191001-csv/1573#50083317>				<https://panlex.org/snapshot/panlex-20191001-csv/1573#50083200>		"mehihi"@cav	
"iʼnot"@mtp	<https://panlex.org/snapshot/panlex-20191001-csv/1573#50085787>				<https://panlex.org/snapshot/panlex-20191001-csv/1573#50085669>		"e-na"@cav	
"aɬu-ʼtah"@mtp	<https://panlex.org/snapshot/panlex-20191001-csv/1573#50084351>				<https://panlex.org/snapshot/panlex-20191001-csv/1573#50084176>		"yači"@cav	
"hʷaʼlaʔ"@mtp	<https://panlex.org/snapshot/panlex-20191001-csv/1573#50091440>				<https://panlex.org/snapshot/panlex-20191001-csv/1573#50091324>		"iheti"@cav	
"tačeʼnah"@mtp	<https://panlex.org/snapshot/panlex-20191001-csv/1573#50083674>				<https://panlex.org/snapshot/panlex-20191001-csv/1573#50083482>		"owa-kʷemoso"@cav	
"inot-ʼwet"@mtp	<https://panlex.org/snapshot/panlex-20191001-csv/1573#50084819>				<https://panlex.org/snapshot/panlex-20191001-csv/1573#50084717>		"ekobobo"@cav	
"komok-ʼtah"@mtp	<https://panlex.org/snapshot/panlex-20191001-csv/1573#50087761>				<https://panlex.org/snapshot/panlex-20191001-csv/1573#50087652>		"ena-pako"@cav	
"tahʼɲi"@mtp	<https://panlex.org/snapshot/panlex-20191001-csv/1573#50089808>				<https://panlex.org/snapshot/panlex-20191001-csv/1573#50089674>		"e-ki-ke"@cav	
"-la-khuh"@mtp	<https://panlex.org/snapshot/panlex-20191001-csv/1573#50086594>				<https://panlex.org/snapshot/panlex-20191001-csv/1573#50086498>		"oba"@cav	
"tewuk-leʼnek"@mtp	<https://panlex.org/snapshot/panlex-20191001-csv/1573#50088747>				<https://panlex.org/snapshot/panlex-20191001-csv/1573#50088655>		"ena kawai-ti-ya"@cav	
"hohnat-ʼmuk"@mtp	<https://panlex.org/snapshot/panlex-20191001-csv/1573#50082766>				<https://panlex.org/snapshot/panlex-20191001-csv/1573#50082640>		"moro"@cav	
"aʼɬu"@mtp	<https://panlex.org/snapshot/panlex-20191001-csv/1573#50084352>				<https://panlex.org/snapshot/panlex-20191001-csv/1573#50084176>		"yači"@cav	
"teʼwuk"@mtp	<https://panlex.org/snapshot/panlex-20191001-csv/1573#50088466>				<https://panlex.org/snapshot/panlex-20191001-csv/1573#50088241>		"kʷe-ri"@cav	
"niʼɬokeh hohʼnat"@mtp	<https://panlex.org/snapshot/panlex-20191001-csv/1573#50081846>				<https://panlex.org/snapshot/panlex-20191001-csv/1573#50081732>		"yawa"@cav	
"hohʼnat"@mtp	<https://panlex.org/snapshot/panlex-20191001-csv/1573#50082150>				<https://panlex.org/snapshot/panlex-20191001-csv/1573#50081997>		"meči"@cav	
"teykʷiʼtah"@mtp	<https://panlex.org/snapshot/panlex-20191001-csv/1573#50087326>				<https://panlex.org/snapshot/panlex-20191001-csv/1573#50087266>		"bei-kaka"@cav	
"peʼleʔ"@mtp	<https://panlex.org/snapshot/panlex-20191001-csv/1573#50091182>				<https://panlex.org/snapshot/panlex-20191001-csv/1573#50091071>		"bare-pa"@cav	
"tenʼteʔ"@mtp	<https://panlex.org/snapshot/panlex-20191001-csv/1573#50090694>				<https://panlex.org/snapshot/panlex-20191001-csv/1573#50090502>		"tomo"@cav	
"tˀen-ʼtah"@mtp	<https://panlex.org/snapshot/panlex-20191001-csv/1573#50082486>				<https://panlex.org/snapshot/panlex-20191001-csv/1573#50082325>		"mehihi"@cav	
"lawuʼmek"@mtp	<https://panlex.org/snapshot/panlex-20191001-csv/1573#50087014>				<https://panlex.org/snapshot/panlex-20191001-csv/1573#50086904>		"bei"@cav	
"isʼtak-čo"@mtp	<https://panlex.org/snapshot/panlex-20191001-csv/1573#50084026>				<https://panlex.org/snapshot/panlex-20191001-csv/1573#50083888>		"etiweso"@cav	
"haʔʼloʔ"@mtp	<https://panlex.org/snapshot/panlex-20191001-csv/1573#50090086>				<https://panlex.org/snapshot/panlex-20191001-csv/1573#50089967>		"akʷi"@cav	
"inot-noʼyih"@mtp	<https://panlex.org/snapshot/panlex-20191001-csv/1573#50089574>				<https://panlex.org/snapshot/panlex-20191001-csv/1573#50089481>		"sororo"@cav	
"inot-c̷iʼhʷik"@mtp	<https://panlex.org/snapshot/panlex-20191001-csv/1573#50089065>				<https://panlex.org/snapshot/panlex-20191001-csv/1573#50088879>		"kani"@cav	
"ihʼɲot"@mtp	<https://panlex.org/snapshot/panlex-20191001-csv/1573#50089355>				<https://panlex.org/snapshot/panlex-20191001-csv/1573#50089230>		"nabade"@cav	
"ihʼɲot"@mtp	<https://panlex.org/snapshot/panlex-20191001-csv/1573#50083069>				<https://panlex.org/snapshot/panlex-20191001-csv/1573#50082912>		"oyo-da"@cav	
"tewuk-ʼɬip"@mtp	<https://panlex.org/snapshot/panlex-20191001-csv/1573#50085255>				<https://panlex.org/snapshot/panlex-20191001-csv/1573#50085099>		"e-kʷac̷a"@cav	
