"ડેનમાર્ક"@gu	<https://panlex.org/snapshot/panlex-20191001-csv/6898#113629492>				<https://panlex.org/snapshot/panlex-20191001-csv/6898#113629441>		"Dɛnɨmà"@agq	
"સૅન મેરિનો"@gu	<https://panlex.org/snapshot/panlex-20191001-csv/6898#113625624>				<https://panlex.org/snapshot/panlex-20191001-csv/6898#113625726>		"Sàn Màlenù"@agq	
"બ્રિટિશ વર્જિન ટાપુઓ"@gu	<https://panlex.org/snapshot/panlex-20191001-csv/6898#113590370>				<https://panlex.org/snapshot/panlex-20191001-csv/6898#113590448>		"Chwɨlà m̀ Vidzinyìa m̀ Bɨ̀letì mò"@agq	
"કુવૈત"@gu	<https://panlex.org/snapshot/panlex-20191001-csv/6898#113605944>				<https://panlex.org/snapshot/panlex-20191001-csv/6898#113605885>		"Kùwɛ̂"@agq	
"મેક્સિકો"@gu	<https://panlex.org/snapshot/panlex-20191001-csv/6898#113628307>				<https://panlex.org/snapshot/panlex-20191001-csv/6898#113628304>		"Mɛkɨzikù"@agq	
"લૈચટેંસ્ટેઇન"@gu	<https://panlex.org/snapshot/panlex-20191001-csv/6898#113613073>				<https://panlex.org/snapshot/panlex-20191001-csv/6898#113613059>		"Letɨnshɨ̀n"@agq	
"સીરિયા"@gu	<https://panlex.org/snapshot/panlex-20191001-csv/6898#113598688>				<https://panlex.org/snapshot/panlex-20191001-csv/6898#113598652>		"Silîa"@agq	
"ઉત્તરીય મારિયાના આઇલેન્ડ્સ"@gu	<https://panlex.org/snapshot/panlex-20191001-csv/6898#113635562>				<https://panlex.org/snapshot/panlex-20191001-csv/6898#113635525>		"Chwɨlà m̀ Màlǐanà mɨ̀ Ekùw mò"@agq	
"કોંગો (ડીઆરસી)"@gu	<https://panlex.org/snapshot/panlex-20191001-csv/6898#113589533>				<https://panlex.org/snapshot/panlex-20191001-csv/6898#113589782>		"Dɛ̀mùkàlatì Lèkpubèlè è Kuŋgù"@agq	
"બલ્ગેરિયા"@gu	<https://panlex.org/snapshot/panlex-20191001-csv/6898#113631201>				<https://panlex.org/snapshot/panlex-20191001-csv/6898#113631082>		"Bùugɛlìa"@agq	
"યુ.કે."@gu	<https://panlex.org/snapshot/panlex-20191001-csv/6898#113592444>				<https://panlex.org/snapshot/panlex-20191001-csv/6898#113592472>		"Yùnaetɛ Kiŋdɔ̀m"@agq	
"કેમેન ટાપુઓ"@gu	<https://panlex.org/snapshot/panlex-20191001-csv/6898#113630147>				<https://panlex.org/snapshot/panlex-20191001-csv/6898#113630210>		"Chwɨlà ŋ̀ Kaemàn"@agq	
"બોત્સ્વાના"@gu	<https://panlex.org/snapshot/panlex-20191001-csv/6898#113595461>				<https://panlex.org/snapshot/panlex-20191001-csv/6898#113595403>		"Bòtɨ̀swǎnà"@agq	
"ટોંગા"@gu	<https://panlex.org/snapshot/panlex-20191001-csv/6898#113610713>				<https://panlex.org/snapshot/panlex-20191001-csv/6898#113610808>		"Tuŋgà"@agq	
"ફિલીપાઇન્સ"@gu	<https://panlex.org/snapshot/panlex-20191001-csv/6898#113602675>				<https://panlex.org/snapshot/panlex-20191001-csv/6898#113602711>		"Felèkpî"@agq	
"તિમોર-લેસ્તે"@gu	<https://panlex.org/snapshot/panlex-20191001-csv/6898#113632600>				<https://panlex.org/snapshot/panlex-20191001-csv/6898#113632601>		"Ês Taemò"@agq	
"ગ્રેનેડા"@gu	<https://panlex.org/snapshot/panlex-20191001-csv/6898#113604217>				<https://panlex.org/snapshot/panlex-20191001-csv/6898#113604216>		"Gɨ̀lɛnadà"@agq	
"સાઉદી અરેબિયા"@gu	<https://panlex.org/snapshot/panlex-20191001-csv/6898#113583542>				<https://panlex.org/snapshot/panlex-20191001-csv/6898#113583423>		"Sawudi Alabi"@agq	
"ચિલી"@gu	<https://panlex.org/snapshot/panlex-20191001-csv/6898#113624901>				<https://panlex.org/snapshot/panlex-20191001-csv/6898#113624761>		"Chilè"@agq	
"ફૉકલેન્ડ ટાપુઓ"@gu	<https://panlex.org/snapshot/panlex-20191001-csv/6898#113642971>				<https://panlex.org/snapshot/panlex-20191001-csv/6898#113643056>		"Chwɨlà fɨ Fakɨlàn"@agq	
"પેલેસ્ટાઇન"@gu	<https://panlex.org/snapshot/panlex-20191001-csv/6898#113586274>				<https://panlex.org/snapshot/panlex-20191001-csv/6898#113586357>		"Adzɨmā kɨ ŋgùŋ kɨ Palɛsɨtɨnyia à kɨ Gazà kò"@agq	
"માઇક્રોનેશિયા"@gu	<https://panlex.org/snapshot/panlex-20191001-csv/6898#113597237>				<https://panlex.org/snapshot/panlex-20191001-csv/6898#113597134>		"Maekòlòneshìa"@agq	
"મેયોટ"@gu	<https://panlex.org/snapshot/panlex-20191001-csv/6898#113604013>				<https://panlex.org/snapshot/panlex-20191001-csv/6898#113603977>		"Màyotì"@agq	
"તાજીકિસ્તાન"@gu	<https://panlex.org/snapshot/panlex-20191001-csv/6898#113590147>				<https://panlex.org/snapshot/panlex-20191001-csv/6898#113590200>		"Tàdzikìsɨ̀tân"@agq	
"એન્ટીગુઆ અને બર્મુડા"@gu	<https://panlex.org/snapshot/panlex-20191001-csv/6898#113643810>				<https://panlex.org/snapshot/panlex-20191001-csv/6898#113643677>		"Àntigwà à Bàbudà"@agq	
"સ્વાઝિલેન્ડ"@gu	<https://panlex.org/snapshot/panlex-20191001-csv/6898#113625296>				<https://panlex.org/snapshot/panlex-20191001-csv/6898#113625207>		"Shǔazìlân"@agq	
"આર્જેન્ટીના"@gu	<https://panlex.org/snapshot/panlex-20191001-csv/6898#113642128>				<https://panlex.org/snapshot/panlex-20191001-csv/6898#113642214>		"Àdzɛ̀ntinà"@agq	
"સેનેગલ"@gu	<https://panlex.org/snapshot/panlex-20191001-csv/6898#113591172>				<https://panlex.org/snapshot/panlex-20191001-csv/6898#113591276>		"Sɛ̀nɛ̀gâa"@agq	
"ઝિમ્બાબ્વે"@gu	<https://panlex.org/snapshot/panlex-20191001-csv/6898#113583679>				<https://panlex.org/snapshot/panlex-20191001-csv/6898#113583732>		"Zìmbagbɛ̀"@agq	
"નીયુ"@gu	<https://panlex.org/snapshot/panlex-20191001-csv/6898#113641276>				<https://panlex.org/snapshot/panlex-20191001-csv/6898#113641277>		"Niyu"@agq	
"એલ સેલ્વાડોર"@gu	<https://panlex.org/snapshot/panlex-20191001-csv/6898#113600729>				<https://panlex.org/snapshot/panlex-20191001-csv/6898#113600690>		"Esàvadò"@agq	
"ચેક રીપબ્લિક"@gu	<https://panlex.org/snapshot/panlex-20191001-csv/6898#113619619>				<https://panlex.org/snapshot/panlex-20191001-csv/6898#113619462>		"Chɛ̂ Lèkpubèlè"@agq	
"ઇટાલી"@gu	<https://panlex.org/snapshot/panlex-20191001-csv/6898#113587844>				<https://panlex.org/snapshot/panlex-20191001-csv/6898#113587989>		"Etalè"@agq	
"નામિબિયા"@gu	<https://panlex.org/snapshot/panlex-20191001-csv/6898#113606836>				<https://panlex.org/snapshot/panlex-20191001-csv/6898#113606663>		"Nàmibìa"@agq	
"ન્યુ સેલેડોનિયા"@gu	<https://panlex.org/snapshot/panlex-20191001-csv/6898#113586606>				<https://panlex.org/snapshot/panlex-20191001-csv/6898#113586665>		"Kàlèdonyìa È fūghū"@agq	
"ગેબન"@gu	<https://panlex.org/snapshot/panlex-20191001-csv/6898#113585160>				<https://panlex.org/snapshot/panlex-20191001-csv/6898#113585242>		"Gàbûn"@agq	
"તુર્કમેનિસ્તાન"@gu	<https://panlex.org/snapshot/panlex-20191001-csv/6898#113607944>				<https://panlex.org/snapshot/panlex-20191001-csv/6898#113607798>		"Tekɨmènèsɨ̀tân"@agq	
"સ્લોવેકિયા"@gu	<https://panlex.org/snapshot/panlex-20191001-csv/6898#113614531>				<https://panlex.org/snapshot/panlex-20191001-csv/6898#113614546>		"Sɨ̀lòvɨkɨ̀a"@agq	
"મોરિશિયસ"@gu	<https://panlex.org/snapshot/panlex-20191001-csv/6898#113611535>				<https://panlex.org/snapshot/panlex-20191001-csv/6898#113611401>		"Mùleshwɨ̀s"@agq	
"ઇથિઓપિયા"@gu	<https://panlex.org/snapshot/panlex-20191001-csv/6898#113615685>				<https://panlex.org/snapshot/panlex-20191001-csv/6898#113615581>		"Ètyǒpìa"@agq	
"તાઇવાન"@gu	<https://panlex.org/snapshot/panlex-20191001-csv/6898#113605197>				<https://panlex.org/snapshot/panlex-20191001-csv/6898#113605241>		"Taewàn"@agq	
"હોન્ડુરસ"@gu	<https://panlex.org/snapshot/panlex-20191001-csv/6898#113597045>				<https://panlex.org/snapshot/panlex-20191001-csv/6898#113596939>		"Hɔndulàs"@agq	
"સેન્ટ્રલ આફ્રિકન રીપબ્લિક"@gu	<https://panlex.org/snapshot/panlex-20191001-csv/6898#113591353>				<https://panlex.org/snapshot/panlex-20191001-csv/6898#113591446>		"Sɛnta Afɨlekan Lèkpobèlè"@agq	
"બાર્બાડોસ"@gu	<https://panlex.org/snapshot/panlex-20191001-csv/6898#113620468>				<https://panlex.org/snapshot/panlex-20191001-csv/6898#113620456>		"Bàbadòs"@agq	
"બ્રુનેઇ"@gu	<https://panlex.org/snapshot/panlex-20191001-csv/6898#113616015>				<https://panlex.org/snapshot/panlex-20191001-csv/6898#113615973>		"Bɨ̀lunè"@agq	
"બાંગ્લાદેશ"@gu	<https://panlex.org/snapshot/panlex-20191001-csv/6898#113632142>				<https://panlex.org/snapshot/panlex-20191001-csv/6898#113632291>		"Baŋgɨ̀làdɛ̂"@agq	
"અરુબા"@gu	<https://panlex.org/snapshot/panlex-20191001-csv/6898#113644189>				<https://panlex.org/snapshot/panlex-20191001-csv/6898#113644197>		"Àlubà"@agq	
"કઝાકિસ્તાન"@gu	<https://panlex.org/snapshot/panlex-20191001-csv/6898#113591063>				<https://panlex.org/snapshot/panlex-20191001-csv/6898#113591110>		"Kàzasɨ̀tân"@agq	
"લાત્વિયા"@gu	<https://panlex.org/snapshot/panlex-20191001-csv/6898#113584940>				<https://panlex.org/snapshot/panlex-20191001-csv/6898#113585004>		"Làtɨva"@agq	
"ઑસ્ટ્રેલિયા"@gu	<https://panlex.org/snapshot/panlex-20191001-csv/6898#113631615>				<https://panlex.org/snapshot/panlex-20191001-csv/6898#113631480>		"Ùsɨ̀tɛ̀lɛlìa"@agq	
"આર્મેનિયા"@gu	<https://panlex.org/snapshot/panlex-20191001-csv/6898#113596542>				<https://panlex.org/snapshot/panlex-20191001-csv/6898#113596628>		"Àmɛnyìa"@agq	
"યુ.એસ."@gu	<https://panlex.org/snapshot/panlex-20191001-csv/6898#113597950>				<https://panlex.org/snapshot/panlex-20191001-csv/6898#113598050>		"USA"@agq	
"નિકારાગુઆ"@gu	<https://panlex.org/snapshot/panlex-20191001-csv/6898#113611203>				<https://panlex.org/snapshot/panlex-20191001-csv/6898#113611278>		"Nikàlagwà"@agq	
"મ્યાંમાર (બર્મા)"@gu	<https://panlex.org/snapshot/panlex-20191001-csv/6898#113594392>				<https://panlex.org/snapshot/panlex-20191001-csv/6898#113594380>		"Mǐanmà"@agq	
"યુ.એસ. વર્જિન ટાપુઓ"@gu	<https://panlex.org/snapshot/panlex-20191001-csv/6898#113587641>				<https://panlex.org/snapshot/panlex-20191001-csv/6898#113587682>		"U. S. Chwɨlà fɨ Mbuʔmbu"@agq	
"મેસેડોનિયા (FYROM)"@gu	<https://panlex.org/snapshot/panlex-20191001-csv/6898#113613205>				<https://panlex.org/snapshot/panlex-20191001-csv/6898#113613283>		"Mɨ̀sɨ̀donyìa"@agq	
"પાપુઆ ન્યૂ ગિની"@gu	<https://panlex.org/snapshot/panlex-20191001-csv/6898#113614923>				<https://panlex.org/snapshot/panlex-20191001-csv/6898#113614822>		"Kpakpua Ginè È fūghū"@agq	
"સોલોમન આઇલેન્ડ્સ"@gu	<https://panlex.org/snapshot/panlex-20191001-csv/6898#113602450>				<https://panlex.org/snapshot/panlex-20191001-csv/6898#113602409>		"Chwɨlà fɨ Solomwɨ̀n"@agq	
"માલાવી"@gu	<https://panlex.org/snapshot/panlex-20191001-csv/6898#113584029>				<https://panlex.org/snapshot/panlex-20191001-csv/6898#113583935>		"Màlawì"@agq	
"ક્રોએશિયા"@gu	<https://panlex.org/snapshot/panlex-20191001-csv/6898#113623227>				<https://panlex.org/snapshot/panlex-20191001-csv/6898#113623120>		"Kòwɛshìa"@agq	
"પીટકૈર્ન આઇલેન્ડ્સ"@gu	<https://panlex.org/snapshot/panlex-20191001-csv/6898#113602823>				<https://panlex.org/snapshot/panlex-20191001-csv/6898#113602901>		"Kpitɨ̀kalè"@agq	
