"ઈંડું"@gu	<https://panlex.org/snapshot/panlex-20191001-csv/5947#84707483>				<https://panlex.org/snapshot/panlex-20191001-csv/5947#84707490>		"itlog"@hil	
"શાંતિ"@gu	<https://panlex.org/snapshot/panlex-20191001-csv/2902#111012251>				<https://panlex.org/snapshot/panlex-20191001-csv/2902#111012051>		"paghidait"@hil	
"પીળો"@gu	<https://panlex.org/snapshot/panlex-20191001-csv/3776#91675599>				<https://panlex.org/snapshot/panlex-20191001-csv/3776#91675603>		"dalag"@hil	
"પીળો"@gu	<https://panlex.org/snapshot/panlex-20191001-csv/3776#91675599>				<https://panlex.org/snapshot/panlex-20191001-csv/3776#91675604>		"kanaryo"@hil	
"સાઇકલ"@gu	<https://panlex.org/snapshot/panlex-20191001-csv/3776#91579658>				<https://panlex.org/snapshot/panlex-20191001-csv/3776#91579660>		"bisikleta"@hil	
"માછલી"@gu	<https://panlex.org/snapshot/panlex-20191001-csv/3776#91600694>				<https://panlex.org/snapshot/panlex-20191001-csv/3776#91600698>		"abakan"@hil	
