"хӏоноилъу"@khv	<https://panlex.org/snapshot/panlex-20191001-csv/5947#84803464>				<https://panlex.org/snapshot/panlex-20191001-csv/5947#84803596>		"ሰኖ"@tig	
"къунеилъу"@khv	<https://panlex.org/snapshot/panlex-20191001-csv/2892#110826751>				<https://panlex.org/snapshot/panlex-20191001-csv/2892#110826664>		"ሰንበት ዓባይ"@tig	
"рузма-зеду"@khv	<https://panlex.org/snapshot/panlex-20191001-csv/2892#110825931>				<https://panlex.org/snapshot/panlex-20191001-csv/2892#110825719>		"ጅምዓት"@tig	
"гьосилӏо"@khv	<https://panlex.org/snapshot/panlex-20191001-csv/2892#110826553>				<https://panlex.org/snapshot/panlex-20191001-csv/2892#110826484>		"ሰንበት ንኢሽ"@tig	
"хӏоноилъу"@khv	<https://panlex.org/snapshot/panlex-20191001-csv/2892#110824375>				<https://panlex.org/snapshot/panlex-20191001-csv/2892#110824341>		"ሰኖ"@tig	
"лъоноилъу"@khv	<https://panlex.org/snapshot/panlex-20191001-csv/2892#110824963>				<https://panlex.org/snapshot/panlex-20191001-csv/2892#110824856>		"ኣረርባዓ"@tig	
"ункъаилъу"@khv	<https://panlex.org/snapshot/panlex-20191001-csv/2892#110824636>				<https://panlex.org/snapshot/panlex-20191001-csv/2892#110824824>		"ታላሸኖ"@tig	
"базар-зебу"@khv	<https://panlex.org/snapshot/panlex-20191001-csv/2892#110826793>				<https://panlex.org/snapshot/panlex-20191001-csv/2892#110826664>		"ሰንበት ዓባይ"@tig	
"элъолъу"@khv	<https://panlex.org/snapshot/panlex-20191001-csv/2892#110825588>				<https://panlex.org/snapshot/panlex-20191001-csv/2892#110825511>		"ከሚሽ"@tig	
