"хӏоноилъу"@khv	<https://panlex.org/snapshot/panlex-20191001-csv/5947#84803464>				<https://panlex.org/snapshot/panlex-20191001-csv/5947#84803303>		"иттлин"@agx	
"эхху"@khv	<https://panlex.org/snapshot/panlex-20191001-csv/1573#50088405>				<https://panlex.org/snapshot/panlex-20191001-csv/1573#50088158>		"нецІв"@agx	
"эхху"@khv	<https://panlex.org/snapshot/panlex-20191001-csv/1573#50088405>				<https://panlex.org/snapshot/panlex-20191001-csv/1573#50088159>		"рух"@agx	
"гъигъингу"@khv	<https://panlex.org/snapshot/panlex-20191001-csv/1573#50090943>				<https://panlex.org/snapshot/panlex-20191001-csv/1573#50090839>		"джил ттуттанас"@agx	
"гъигъинчу"@khv	<https://panlex.org/snapshot/panlex-20191001-csv/1573#50090944>				<https://panlex.org/snapshot/panlex-20191001-csv/1573#50090839>		"джил ттуттанас"@agx	
"кьебха"@khv	<https://panlex.org/snapshot/panlex-20191001-csv/1573#50082729>				<https://panlex.org/snapshot/panlex-20191001-csv/1573#50082596>		"руг"@agx	
"кокус лъо"@khv	<https://panlex.org/snapshot/panlex-20191001-csv/1573#50089015>				<https://panlex.org/snapshot/panlex-20191001-csv/1573#50088808>		"булагъ"@agx	
"кокус лъо"@khv	<https://panlex.org/snapshot/panlex-20191001-csv/1573#50089015>				<https://panlex.org/snapshot/panlex-20191001-csv/1573#50088810>		"хьед айчІва ус"@agx	
"кокус лъо"@khv	<https://panlex.org/snapshot/panlex-20191001-csv/1573#50089015>				<https://panlex.org/snapshot/panlex-20191001-csv/1573#50088809>		"къуй"@agx	
"кІара"@khv	<https://panlex.org/snapshot/panlex-20191001-csv/1573#50086981>				<https://panlex.org/snapshot/panlex-20191001-csv/1573#50086857>		"дагар"@agx	
"ралъадес бала"@khv	<https://panlex.org/snapshot/panlex-20191001-csv/1573#50085214>				<https://panlex.org/snapshot/panlex-20191001-csv/1573#50085048>		"къирагъ"@agx	
"гъуй"@khv	<https://panlex.org/snapshot/panlex-20191001-csv/1573#50089013>				<https://panlex.org/snapshot/panlex-20191001-csv/1573#50088808>		"булагъ"@agx	
"гъуй"@khv	<https://panlex.org/snapshot/panlex-20191001-csv/1573#50089013>				<https://panlex.org/snapshot/panlex-20191001-csv/1573#50088810>		"хьед айчІва ус"@agx	
"гъуй"@khv	<https://panlex.org/snapshot/panlex-20191001-csv/1573#50089013>				<https://panlex.org/snapshot/panlex-20191001-csv/1573#50088809>		"къуй"@agx	
"ралъад"@khv	<https://panlex.org/snapshot/panlex-20191001-csv/1573#50085995>				<https://panlex.org/snapshot/panlex-20191001-csv/1573#50085887>		"хІул"@agx	
"ралъад"@khv	<https://panlex.org/snapshot/panlex-20191001-csv/1573#50086769>				<https://panlex.org/snapshot/panlex-20191001-csv/1573#50086680>		"акеан"@agx	
"ралъад"@khv	<https://panlex.org/snapshot/panlex-20191001-csv/1573#50086769>				<https://panlex.org/snapshot/panlex-20191001-csv/1573#50086681>		"хІул"@agx	
"дунийал"@khv	<https://panlex.org/snapshot/panlex-20191001-csv/1573#50081820>				<https://panlex.org/snapshot/panlex-20191001-csv/1573#50081688>		"дуьнйа"@agx	
"авлахъ"@khv	<https://panlex.org/snapshot/panlex-20191001-csv/1573#50084576>				<https://panlex.org/snapshot/panlex-20191001-csv/1573#50084459>		"дере"@agx	
"рачалихъ"@khv	<https://panlex.org/snapshot/panlex-20191001-csv/1573#50082104>				<https://panlex.org/snapshot/panlex-20191001-csv/1573#50081935>		"улка"@agx	
"рачалихъ"@khv	<https://panlex.org/snapshot/panlex-20191001-csv/1573#50082104>				<https://panlex.org/snapshot/panlex-20191001-csv/1573#50081934>		"джил"@agx	
"гъур"@khv	<https://panlex.org/snapshot/panlex-20191001-csv/1573#50090631>				<https://panlex.org/snapshot/panlex-20191001-csv/1573#50090433>		"дагьар"@agx	
"гъур"@khv	<https://panlex.org/snapshot/panlex-20191001-csv/1573#50090631>				<https://panlex.org/snapshot/panlex-20191001-csv/1573#50090432>		"гъван"@agx	
"карачел"@khv	<https://panlex.org/snapshot/panlex-20191001-csv/1573#50087730>				<https://panlex.org/snapshot/panlex-20191001-csv/1573#50087611>		"лепе"@agx	
"къиц"@khv	<https://panlex.org/snapshot/panlex-20191001-csv/1573#50083018>				<https://panlex.org/snapshot/panlex-20191001-csv/1573#50082863>		"бетІур"@agx	
"чІида"@khv	<https://panlex.org/snapshot/panlex-20191001-csv/1573#50082435>				<https://panlex.org/snapshot/panlex-20191001-csv/1573#50082280>		"наькьв"@agx	
"муж"@khv	<https://panlex.org/snapshot/panlex-20191001-csv/1573#50086565>				<https://panlex.org/snapshot/panlex-20191001-csv/1573#50086462>		"гъурт"@agx	
"кака"@khv	<https://panlex.org/snapshot/panlex-20191001-csv/1573#50089014>				<https://panlex.org/snapshot/panlex-20191001-csv/1573#50088808>		"булагъ"@agx	
"кака"@khv	<https://panlex.org/snapshot/panlex-20191001-csv/1573#50089014>				<https://panlex.org/snapshot/panlex-20191001-csv/1573#50088810>		"хьед айчІва ус"@agx	
"кака"@khv	<https://panlex.org/snapshot/panlex-20191001-csv/1573#50089014>				<https://panlex.org/snapshot/panlex-20191001-csv/1573#50088809>		"къуй"@agx	
"мокІо"@khv	<https://panlex.org/snapshot/panlex-20191001-csv/1573#50089774>				<https://panlex.org/snapshot/panlex-20191001-csv/1573#50089629>		"дар"@agx	
"лъа"@khv	<https://panlex.org/snapshot/panlex-20191001-csv/1573#50085749>				<https://panlex.org/snapshot/panlex-20191001-csv/1573#50085626>		"хьед"@agx	
"къебха"@khv	<https://panlex.org/snapshot/panlex-20191001-csv/1573#50082730>				<https://panlex.org/snapshot/panlex-20191001-csv/1573#50082596>		"руг"@agx	
"муᴴзом"@khv	<https://panlex.org/snapshot/panlex-20191001-csv/1573#50089325>				<https://panlex.org/snapshot/panlex-20191001-csv/1573#50089186>		"уьр"@agx	
"муᴴзом"@khv	<https://panlex.org/snapshot/panlex-20191001-csv/1573#50089325>				<https://panlex.org/snapshot/panlex-20191001-csv/1573#50089185>		"кьир"@agx	
"кантинент"@khv	<https://panlex.org/snapshot/panlex-20191001-csv/1573#50084986>				<https://panlex.org/snapshot/panlex-20191001-csv/1573#50084897>		"кантинент"@agx	
"байдан"@khv	<https://panlex.org/snapshot/panlex-20191001-csv/1573#50084296>				<https://panlex.org/snapshot/panlex-20191001-csv/1573#50084110>		"ху"@agx	
"байдан"@khv	<https://panlex.org/snapshot/panlex-20191001-csv/1573#50084296>				<https://panlex.org/snapshot/panlex-20191001-csv/1573#50084109>		"гал"@agx	
"аба гьакъи"@khv	<https://panlex.org/snapshot/panlex-20191001-csv/1573#50090632>				<https://panlex.org/snapshot/panlex-20191001-csv/1573#50090433>		"дагьар"@agx	
"аба гьакъи"@khv	<https://panlex.org/snapshot/panlex-20191001-csv/1573#50090632>				<https://panlex.org/snapshot/panlex-20191001-csv/1573#50090432>		"гъван"@agx	
"гъонолъгъул"@khv	<https://panlex.org/snapshot/panlex-20191001-csv/1573#50089772>				<https://panlex.org/snapshot/panlex-20191001-csv/1573#50089629>		"дар"@agx	
"гъван"@khv	<https://panlex.org/snapshot/panlex-20191001-csv/1573#50090051>				<https://panlex.org/snapshot/panlex-20191001-csv/1573#50089918>		"кІур"@agx	
"гъван"@khv	<https://panlex.org/snapshot/panlex-20191001-csv/1573#50089771>				<https://panlex.org/snapshot/panlex-20191001-csv/1573#50089629>		"дар"@agx	
"чІидо"@khv	<https://panlex.org/snapshot/panlex-20191001-csv/1573#50082437>				<https://panlex.org/snapshot/panlex-20191001-csv/1573#50082280>		"наькьв"@agx	
"эхну"@khv	<https://panlex.org/snapshot/panlex-20191001-csv/1573#50085511>				<https://panlex.org/snapshot/panlex-20191001-csv/1573#50085384>		"улуд"@agx	
"ралъад"@khv	<https://panlex.org/snapshot/panlex-20191001-csv/1573#50086771>				<https://panlex.org/snapshot/panlex-20191001-csv/1573#50086680>		"акеан"@agx	
"ралъад"@khv	<https://panlex.org/snapshot/panlex-20191001-csv/1573#50086771>				<https://panlex.org/snapshot/panlex-20191001-csv/1573#50086681>		"хІул"@agx	
"ралъад"@khv	<https://panlex.org/snapshot/panlex-20191001-csv/1573#50085996>				<https://panlex.org/snapshot/panlex-20191001-csv/1573#50085887>		"хІул"@agx	
"улка"@khv	<https://panlex.org/snapshot/panlex-20191001-csv/1573#50082103>				<https://panlex.org/snapshot/panlex-20191001-csv/1573#50081935>		"улка"@agx	
"улка"@khv	<https://panlex.org/snapshot/panlex-20191001-csv/1573#50082103>				<https://panlex.org/snapshot/panlex-20191001-csv/1573#50081934>		"джил"@agx	
"кІал"@khv	<https://panlex.org/snapshot/panlex-20191001-csv/1573#50083622>				<https://panlex.org/snapshot/panlex-20191001-csv/1573#50083405>		"су"@agx	
"кІал"@khv	<https://panlex.org/snapshot/panlex-20191001-csv/1573#50083622>				<https://panlex.org/snapshot/panlex-20191001-csv/1573#50083407>		"тепе"@agx	
"кІал"@khv	<https://panlex.org/snapshot/panlex-20191001-csv/1573#50083622>				<https://panlex.org/snapshot/panlex-20191001-csv/1573#50083406>		"сув"@agx	
"хІукмат"@khv	<https://panlex.org/snapshot/panlex-20191001-csv/1573#50082107>				<https://panlex.org/snapshot/panlex-20191001-csv/1573#50081935>		"улка"@agx	
"хІукмат"@khv	<https://panlex.org/snapshot/panlex-20191001-csv/1573#50082107>				<https://panlex.org/snapshot/panlex-20191001-csv/1573#50081934>		"джил"@agx	
"лида"@khv	<https://panlex.org/snapshot/panlex-20191001-csv/1573#50090305>				<https://panlex.org/snapshot/panlex-20191001-csv/1573#50090175>		"кІур"@agx	
"гъура"@khv	<https://panlex.org/snapshot/panlex-20191001-csv/1573#50090634>				<https://panlex.org/snapshot/panlex-20191001-csv/1573#50090433>		"дагьар"@agx	
"гъура"@khv	<https://panlex.org/snapshot/panlex-20191001-csv/1573#50090634>				<https://panlex.org/snapshot/panlex-20191001-csv/1573#50090432>		"гъван"@agx	
"ас"@khv	<https://panlex.org/snapshot/panlex-20191001-csv/1573#50091153>				<https://panlex.org/snapshot/panlex-20191001-csv/1573#50091025>		"зав"@agx	
"лидо"@khv	<https://panlex.org/snapshot/panlex-20191001-csv/1573#50090306>				<https://panlex.org/snapshot/panlex-20191001-csv/1573#50090175>		"кІур"@agx	
"биххида"@khv	<https://panlex.org/snapshot/panlex-20191001-csv/1573#50086385>				<https://panlex.org/snapshot/panlex-20191001-csv/1573#50086295>		"гуджлу"@agx	
"гьун"@khv	<https://panlex.org/snapshot/panlex-20191001-csv/1573#50083621>				<https://panlex.org/snapshot/panlex-20191001-csv/1573#50083405>		"су"@agx	
"гьун"@khv	<https://panlex.org/snapshot/panlex-20191001-csv/1573#50083621>				<https://panlex.org/snapshot/panlex-20191001-csv/1573#50083407>		"тепе"@agx	
"гьун"@khv	<https://panlex.org/snapshot/panlex-20191001-csv/1573#50083621>				<https://panlex.org/snapshot/panlex-20191001-csv/1573#50083406>		"сув"@agx	
"лъо"@khv	<https://panlex.org/snapshot/panlex-20191001-csv/1573#50085750>				<https://panlex.org/snapshot/panlex-20191001-csv/1573#50085626>		"хьед"@agx	
"бухъ"@khv	<https://panlex.org/snapshot/panlex-20191001-csv/1573#50091406>				<https://panlex.org/snapshot/panlex-20191001-csv/1573#50091280>		"рагъ"@agx	
"чΙинкΙиллъи"@khv	<https://panlex.org/snapshot/panlex-20191001-csv/1573#50084794>				<https://panlex.org/snapshot/panlex-20191001-csv/1573#50084680>		"остров"@agx	
"чΙинкΙиллъи"@khv	<https://panlex.org/snapshot/panlex-20191001-csv/1573#50084794>				<https://panlex.org/snapshot/panlex-20191001-csv/1573#50084679>		"джазира"@agx	
"иху"@khv	<https://panlex.org/snapshot/panlex-20191001-csv/1573#50088402>				<https://panlex.org/snapshot/panlex-20191001-csv/1573#50088158>		"нецІв"@agx	
"иху"@khv	<https://panlex.org/snapshot/panlex-20191001-csv/1573#50088402>				<https://panlex.org/snapshot/panlex-20191001-csv/1573#50088159>		"рух"@agx	
"гъодхъосо мокΙо"@khv	<https://panlex.org/snapshot/panlex-20191001-csv/1573#50091154>				<https://panlex.org/snapshot/panlex-20191001-csv/1573#50091025>		"зав"@agx	
"къуц"@khv	<https://panlex.org/snapshot/panlex-20191001-csv/1573#50083019>				<https://panlex.org/snapshot/panlex-20191001-csv/1573#50082863>		"бетІур"@agx	
"ихху"@khv	<https://panlex.org/snapshot/panlex-20191001-csv/1573#50088403>				<https://panlex.org/snapshot/panlex-20191001-csv/1573#50088158>		"нецІв"@agx	
"ихху"@khv	<https://panlex.org/snapshot/panlex-20191001-csv/1573#50088403>				<https://panlex.org/snapshot/panlex-20191001-csv/1573#50088159>		"рух"@agx	
"бухъ"@khv	<https://panlex.org/snapshot/panlex-20191001-csv/1573#50091409>				<https://panlex.org/snapshot/panlex-20191001-csv/1573#50091280>		"рагъ"@agx	
"гъур"@khv	<https://panlex.org/snapshot/panlex-20191001-csv/1573#50090633>				<https://panlex.org/snapshot/panlex-20191001-csv/1573#50090433>		"дагьар"@agx	
"гъур"@khv	<https://panlex.org/snapshot/panlex-20191001-csv/1573#50090633>				<https://panlex.org/snapshot/panlex-20191001-csv/1573#50090432>		"гъван"@agx	
"лудо"@khv	<https://panlex.org/snapshot/panlex-20191001-csv/1573#50090307>				<https://panlex.org/snapshot/panlex-20191001-csv/1573#50090175>		"кІур"@agx	
"тІагІил"@khv	<https://panlex.org/snapshot/panlex-20191001-csv/1573#50090308>				<https://panlex.org/snapshot/panlex-20191001-csv/1573#50090175>		"кІур"@agx	
"улка"@khv	<https://panlex.org/snapshot/panlex-20191001-csv/1573#50082105>				<https://panlex.org/snapshot/panlex-20191001-csv/1573#50081935>		"улка"@agx	
"улка"@khv	<https://panlex.org/snapshot/panlex-20191001-csv/1573#50082105>				<https://panlex.org/snapshot/panlex-20191001-csv/1573#50081934>		"джил"@agx	
"кΙара"@khv	<https://panlex.org/snapshot/panlex-20191001-csv/1573#50086770>				<https://panlex.org/snapshot/panlex-20191001-csv/1573#50086680>		"акеан"@agx	
"кΙара"@khv	<https://panlex.org/snapshot/panlex-20191001-csv/1573#50086770>				<https://panlex.org/snapshot/panlex-20191001-csv/1573#50086681>		"хІул"@agx	
"мане"@khv	<https://panlex.org/snapshot/panlex-20191001-csv/1573#50083625>				<https://panlex.org/snapshot/panlex-20191001-csv/1573#50083405>		"су"@agx	
"мане"@khv	<https://panlex.org/snapshot/panlex-20191001-csv/1573#50083625>				<https://panlex.org/snapshot/panlex-20191001-csv/1573#50083407>		"тепе"@agx	
"мане"@khv	<https://panlex.org/snapshot/panlex-20191001-csv/1573#50083625>				<https://panlex.org/snapshot/panlex-20191001-csv/1573#50083406>		"сув"@agx	
"гьилІа"@khv	<https://panlex.org/snapshot/panlex-20191001-csv/1573#50086206>				<https://panlex.org/snapshot/panlex-20191001-csv/1573#50086110>		"сакин"@agx	
"эхну"@khv	<https://panlex.org/snapshot/panlex-20191001-csv/1573#50085510>				<https://panlex.org/snapshot/panlex-20191001-csv/1573#50085384>		"улуд"@agx	
"кантинент"@khv	<https://panlex.org/snapshot/panlex-20191001-csv/1573#50084987>				<https://panlex.org/snapshot/panlex-20191001-csv/1573#50084897>		"кантинент"@agx	
"музом"@khv	<https://panlex.org/snapshot/panlex-20191001-csv/1573#50089324>				<https://panlex.org/snapshot/panlex-20191001-csv/1573#50089186>		"уьр"@agx	
"музом"@khv	<https://panlex.org/snapshot/panlex-20191001-csv/1573#50089324>				<https://panlex.org/snapshot/panlex-20191001-csv/1573#50089185>		"кьир"@agx	
"чІинкІиллъи"@khv	<https://panlex.org/snapshot/panlex-20191001-csv/1573#50084793>				<https://panlex.org/snapshot/panlex-20191001-csv/1573#50084680>		"остров"@agx	
"чІинкІиллъи"@khv	<https://panlex.org/snapshot/panlex-20191001-csv/1573#50084793>				<https://panlex.org/snapshot/panlex-20191001-csv/1573#50084679>		"джазира"@agx	
"дунйал"@khv	<https://panlex.org/snapshot/panlex-20191001-csv/1573#50081819>				<https://panlex.org/snapshot/panlex-20191001-csv/1573#50081688>		"дуьнйа"@agx	
"рагІал"@khv	<https://panlex.org/snapshot/panlex-20191001-csv/1573#50085216>				<https://panlex.org/snapshot/panlex-20191001-csv/1573#50085048>		"къирагъ"@agx	
"байдан"@khv	<https://panlex.org/snapshot/panlex-20191001-csv/1573#50084297>				<https://panlex.org/snapshot/panlex-20191001-csv/1573#50084110>		"ху"@agx	
"байдан"@khv	<https://panlex.org/snapshot/panlex-20191001-csv/1573#50084297>				<https://panlex.org/snapshot/panlex-20191001-csv/1573#50084109>		"гал"@agx	
"гъвада"@khv	<https://panlex.org/snapshot/panlex-20191001-csv/1573#50091152>				<https://panlex.org/snapshot/panlex-20191001-csv/1573#50091025>		"зав"@agx	
"пачалихъ"@khv	<https://panlex.org/snapshot/panlex-20191001-csv/1573#50082102>				<https://panlex.org/snapshot/panlex-20191001-csv/1573#50081935>		"улка"@agx	
"пачалихъ"@khv	<https://panlex.org/snapshot/panlex-20191001-csv/1573#50082102>				<https://panlex.org/snapshot/panlex-20191001-csv/1573#50081934>		"джил"@agx	
"сокку"@khv	<https://panlex.org/snapshot/panlex-20191001-csv/1573#50086207>				<https://panlex.org/snapshot/panlex-20191001-csv/1573#50086110>		"сакин"@agx	
"кьебха"@khv	<https://panlex.org/snapshot/panlex-20191001-csv/1573#50082731>				<https://panlex.org/snapshot/panlex-20191001-csv/1573#50082596>		"руг"@agx	
"бихиду"@khv	<https://panlex.org/snapshot/panlex-20191001-csv/1573#50086386>				<https://panlex.org/snapshot/panlex-20191001-csv/1573#50086295>		"гуджлу"@agx	
"эху"@khv	<https://panlex.org/snapshot/panlex-20191001-csv/1573#50088404>				<https://panlex.org/snapshot/panlex-20191001-csv/1573#50088158>		"нецІв"@agx	
"эху"@khv	<https://panlex.org/snapshot/panlex-20191001-csv/1573#50088404>				<https://panlex.org/snapshot/panlex-20191001-csv/1573#50088159>		"рух"@agx	
"гьин"@khv	<https://panlex.org/snapshot/panlex-20191001-csv/1573#50083623>				<https://panlex.org/snapshot/panlex-20191001-csv/1573#50083405>		"су"@agx	
"гьин"@khv	<https://panlex.org/snapshot/panlex-20191001-csv/1573#50083623>				<https://panlex.org/snapshot/panlex-20191001-csv/1573#50083407>		"тепе"@agx	
"гьин"@khv	<https://panlex.org/snapshot/panlex-20191001-csv/1573#50083623>				<https://panlex.org/snapshot/panlex-20191001-csv/1573#50083406>		"сув"@agx	
"чанчал"@khv	<https://panlex.org/snapshot/panlex-20191001-csv/1573#50089549>				<https://panlex.org/snapshot/panlex-20191001-csv/1573#50089443>		"хьед алайча ус"@agx	
"чІинкІиллъи"@khv	<https://panlex.org/snapshot/panlex-20191001-csv/1573#50084795>				<https://panlex.org/snapshot/panlex-20191001-csv/1573#50084680>		"остров"@agx	
"чІинкІиллъи"@khv	<https://panlex.org/snapshot/panlex-20191001-csv/1573#50084795>				<https://panlex.org/snapshot/panlex-20191001-csv/1573#50084679>		"джазира"@agx	
"кІара"@khv	<https://panlex.org/snapshot/panlex-20191001-csv/1573#50086982>				<https://panlex.org/snapshot/panlex-20191001-csv/1573#50086857>		"дагар"@agx	
"гьун"@khv	<https://panlex.org/snapshot/panlex-20191001-csv/1573#50083624>				<https://panlex.org/snapshot/panlex-20191001-csv/1573#50083405>		"су"@agx	
"гьун"@khv	<https://panlex.org/snapshot/panlex-20191001-csv/1573#50083624>				<https://panlex.org/snapshot/panlex-20191001-csv/1573#50083407>		"тепе"@agx	
"гьун"@khv	<https://panlex.org/snapshot/panlex-20191001-csv/1573#50083624>				<https://panlex.org/snapshot/panlex-20191001-csv/1573#50083406>		"сув"@agx	
"гъудул"@khv	<https://panlex.org/snapshot/panlex-20191001-csv/1573#50084298>				<https://panlex.org/snapshot/panlex-20191001-csv/1573#50084110>		"ху"@agx	
"гъудул"@khv	<https://panlex.org/snapshot/panlex-20191001-csv/1573#50084298>				<https://panlex.org/snapshot/panlex-20191001-csv/1573#50084109>		"гал"@agx	
"гъудул"@khv	<https://panlex.org/snapshot/panlex-20191001-csv/1573#50084578>				<https://panlex.org/snapshot/panlex-20191001-csv/1573#50084459>		"дере"@agx	
"гъегъенчу"@khv	<https://panlex.org/snapshot/panlex-20191001-csv/1573#50090942>				<https://panlex.org/snapshot/panlex-20191001-csv/1573#50090839>		"джил ттуттанас"@agx	
"муж"@khv	<https://panlex.org/snapshot/panlex-20191001-csv/1573#50086566>				<https://panlex.org/snapshot/panlex-20191001-csv/1573#50086462>		"гъурт"@agx	
"берди"@khv	<https://panlex.org/snapshot/panlex-20191001-csv/1573#50083984>				<https://panlex.org/snapshot/panlex-20191001-csv/1573#50083813>		"гъун"@agx	
"берди"@khv	<https://panlex.org/snapshot/panlex-20191001-csv/1573#50083984>				<https://panlex.org/snapshot/panlex-20191001-csv/1573#50083815>		"суван кІукІ"@agx	
"берди"@khv	<https://panlex.org/snapshot/panlex-20191001-csv/1573#50083984>				<https://panlex.org/snapshot/panlex-20191001-csv/1573#50083814>		"дагвар"@agx	
"биххиду ралъад"@khv	<https://panlex.org/snapshot/panlex-20191001-csv/1573#50086387>				<https://panlex.org/snapshot/panlex-20191001-csv/1573#50086295>		"гуджлу"@agx	
"хΙуклат"@khv	<https://panlex.org/snapshot/panlex-20191001-csv/1573#50082106>				<https://panlex.org/snapshot/panlex-20191001-csv/1573#50081935>		"улка"@agx	
"хΙуклат"@khv	<https://panlex.org/snapshot/panlex-20191001-csv/1573#50082106>				<https://panlex.org/snapshot/panlex-20191001-csv/1573#50081934>		"джил"@agx	
"авлахъ"@khv	<https://panlex.org/snapshot/panlex-20191001-csv/1573#50084577>				<https://panlex.org/snapshot/panlex-20191001-csv/1573#50084459>		"дере"@agx	
"хьуцІба"@khv	<https://panlex.org/snapshot/panlex-20191001-csv/1573#50089323>				<https://panlex.org/snapshot/panlex-20191001-csv/1573#50089186>		"уьр"@agx	
"хьуцІба"@khv	<https://panlex.org/snapshot/panlex-20191001-csv/1573#50089323>				<https://panlex.org/snapshot/panlex-20191001-csv/1573#50089185>		"кьир"@agx	
"гъон"@khv	<https://panlex.org/snapshot/panlex-20191001-csv/1573#50090052>				<https://panlex.org/snapshot/panlex-20191001-csv/1573#50089918>		"кІур"@agx	
"бихъ"@khv	<https://panlex.org/snapshot/panlex-20191001-csv/1573#50091408>				<https://panlex.org/snapshot/panlex-20191001-csv/1573#50091280>		"рагъ"@agx	
"гьакъи"@khv	<https://panlex.org/snapshot/panlex-20191001-csv/1573#50090635>				<https://panlex.org/snapshot/panlex-20191001-csv/1573#50090433>		"дагьар"@agx	
"гьакъи"@khv	<https://panlex.org/snapshot/panlex-20191001-csv/1573#50090635>				<https://panlex.org/snapshot/panlex-20191001-csv/1573#50090432>		"гъван"@agx	
"гьакъи"@khv	<https://panlex.org/snapshot/panlex-20191001-csv/1573#50083985>				<https://panlex.org/snapshot/panlex-20191001-csv/1573#50083813>		"гъун"@agx	
"гьакъи"@khv	<https://panlex.org/snapshot/panlex-20191001-csv/1573#50083985>				<https://panlex.org/snapshot/panlex-20191001-csv/1573#50083815>		"суван кІукІ"@agx	
"гьакъи"@khv	<https://panlex.org/snapshot/panlex-20191001-csv/1573#50083985>				<https://panlex.org/snapshot/panlex-20191001-csv/1573#50083814>		"дагвар"@agx	
"дуниял"@khv	<https://panlex.org/snapshot/panlex-20191001-csv/1573#50081821>				<https://panlex.org/snapshot/panlex-20191001-csv/1573#50081688>		"дуьнйа"@agx	
"карачел"@khv	<https://panlex.org/snapshot/panlex-20191001-csv/1573#50087731>				<https://panlex.org/snapshot/panlex-20191001-csv/1573#50087611>		"лепе"@agx	
"рагΙал"@khv	<https://panlex.org/snapshot/panlex-20191001-csv/1573#50085215>				<https://panlex.org/snapshot/panlex-20191001-csv/1573#50085048>		"къирагъ"@agx	
"чΙидо"@khv	<https://panlex.org/snapshot/panlex-20191001-csv/1573#50082436>				<https://panlex.org/snapshot/panlex-20191001-csv/1573#50082280>		"наькьв"@agx	
"гъонолъо"@khv	<https://panlex.org/snapshot/panlex-20191001-csv/1573#50089773>				<https://panlex.org/snapshot/panlex-20191001-csv/1573#50089629>		"дар"@agx	
"хъец"@khv	<https://panlex.org/snapshot/panlex-20191001-csv/1573#50083017>				<https://panlex.org/snapshot/panlex-20191001-csv/1573#50082863>		"бетІур"@agx	
"гьакъи"@khv	<https://panlex.org/snapshot/panlex-20191001-csv/1573#50083983>				<https://panlex.org/snapshot/panlex-20191001-csv/1573#50083813>		"гъун"@agx	
"гьакъи"@khv	<https://panlex.org/snapshot/panlex-20191001-csv/1573#50083983>				<https://panlex.org/snapshot/panlex-20191001-csv/1573#50083815>		"суван кІукІ"@agx	
"гьакъи"@khv	<https://panlex.org/snapshot/panlex-20191001-csv/1573#50083983>				<https://panlex.org/snapshot/panlex-20191001-csv/1573#50083814>		"дагвар"@agx	
"сокун"@khv	<https://panlex.org/snapshot/panlex-20191001-csv/1573#50086208>				<https://panlex.org/snapshot/panlex-20191001-csv/1573#50086110>		"сакин"@agx	
"бикъ"@khv	<https://panlex.org/snapshot/panlex-20191001-csv/1573#50091407>				<https://panlex.org/snapshot/panlex-20191001-csv/1573#50091280>		"рагъ"@agx	
"къунеилъу"@khv	<https://panlex.org/snapshot/panlex-20191001-csv/2892#110826751>				<https://panlex.org/snapshot/panlex-20191001-csv/2892#110826810>		"элхӏад"@agx	
"рузма-зеду"@khv	<https://panlex.org/snapshot/panlex-20191001-csv/2892#110825931>				<https://panlex.org/snapshot/panlex-20191001-csv/2892#110825958>		"джумъӏа"@agx	
"гьосилӏо"@khv	<https://panlex.org/snapshot/panlex-20191001-csv/2892#110826553>				<https://panlex.org/snapshot/panlex-20191001-csv/2892#110826350>		"киш"@agx	
"хӏоноилъу"@khv	<https://panlex.org/snapshot/panlex-20191001-csv/2892#110824375>				<https://panlex.org/snapshot/panlex-20191001-csv/2892#110824355>		"иттлин"@agx	
"лъоноилъу"@khv	<https://panlex.org/snapshot/panlex-20191001-csv/2892#110824963>				<https://panlex.org/snapshot/panlex-20191001-csv/2892#110825226>		"ъӏарба"@agx	
"ункъаилъу"@khv	<https://panlex.org/snapshot/panlex-20191001-csv/2892#110824636>				<https://panlex.org/snapshot/panlex-20191001-csv/2892#110824448>		"салас"@agx	
"базар-зебу"@khv	<https://panlex.org/snapshot/panlex-20191001-csv/2892#110826793>				<https://panlex.org/snapshot/panlex-20191001-csv/2892#110826810>		"элхӏад"@agx	
"элъолъу"@khv	<https://panlex.org/snapshot/panlex-20191001-csv/2892#110825588>				<https://panlex.org/snapshot/panlex-20191001-csv/2892#110825366>		"хамис"@agx	
