"эхху"@khv	<https://panlex.org/snapshot/panlex-20191001-csv/1573#50088405>				<https://panlex.org/snapshot/panlex-20191001-csv/1573#50088619>		"weni"@yvt	
"кьебха"@khv	<https://panlex.org/snapshot/panlex-20191001-csv/1573#50082729>				<https://panlex.org/snapshot/panlex-20191001-csv/1573#50082859>		"haʼľic̷i"@yvt	
"кокус лъо"@khv	<https://panlex.org/snapshot/panlex-20191001-csv/1573#50089015>				<https://panlex.org/snapshot/panlex-20191001-csv/1573#50089181>		"poso"@yvt	
"гъуй"@khv	<https://panlex.org/snapshot/panlex-20191001-csv/1573#50089013>				<https://panlex.org/snapshot/panlex-20191001-csv/1573#50089181>		"poso"@yvt	
"дунийал"@khv	<https://panlex.org/snapshot/panlex-20191001-csv/1573#50081820>				<https://panlex.org/snapshot/panlex-20191001-csv/1573#50081930>		"eɲahiľ̥i"@yvt	
"рачалихъ"@khv	<https://panlex.org/snapshot/panlex-20191001-csv/1573#50082104>				<https://panlex.org/snapshot/panlex-20191001-csv/1573#50082276>		"kaʼhac̷i"@yvt	
"гъур"@khv	<https://panlex.org/snapshot/panlex-20191001-csv/1573#50090631>				<https://panlex.org/snapshot/panlex-20191001-csv/1573#50090835>		"siha"@yvt	
"карачел"@khv	<https://panlex.org/snapshot/panlex-20191001-csv/1573#50087730>				<https://panlex.org/snapshot/panlex-20191001-csv/1573#50087846>		"siʼľuľitami"@yvt	
"къиц"@khv	<https://panlex.org/snapshot/panlex-20191001-csv/1573#50083018>				<https://panlex.org/snapshot/panlex-20191001-csv/1573#50083154>		"yaini"@yvt	
"муж"@khv	<https://panlex.org/snapshot/panlex-20191001-csv/1573#50086565>				<https://panlex.org/snapshot/panlex-20191001-csv/1573#50086676>		"kawi"@yvt	
"кака"@khv	<https://panlex.org/snapshot/panlex-20191001-csv/1573#50089014>				<https://panlex.org/snapshot/panlex-20191001-csv/1573#50089181>		"poso"@yvt	
"мокІо"@khv	<https://panlex.org/snapshot/panlex-20191001-csv/1573#50089774>				<https://panlex.org/snapshot/panlex-20191001-csv/1573#50089913>		"awac̷i"@yvt	
"лъа"@khv	<https://panlex.org/snapshot/panlex-20191001-csv/1573#50085749>				<https://panlex.org/snapshot/panlex-20191001-csv/1573#50085883>		"weni"@yvt	
"къебха"@khv	<https://panlex.org/snapshot/panlex-20191001-csv/1573#50082730>				<https://panlex.org/snapshot/panlex-20191001-csv/1573#50082859>		"haʼľic̷i"@yvt	
"гебо"@khv	<https://panlex.org/snapshot/panlex-20191001-csv/1573#50083277>				<https://panlex.org/snapshot/panlex-20191001-csv/1573#50083401>		"kaʼhac̷i-na"@yvt	
"байдан"@khv	<https://panlex.org/snapshot/panlex-20191001-csv/1573#50084296>				<https://panlex.org/snapshot/panlex-20191001-csv/1573#50084455>		"maʼtehuľi"@yvt	
"аба гьакъи"@khv	<https://panlex.org/snapshot/panlex-20191001-csv/1573#50090632>				<https://panlex.org/snapshot/panlex-20191001-csv/1573#50090835>		"siha"@yvt	
"гъонолъгъул"@khv	<https://panlex.org/snapshot/panlex-20191001-csv/1573#50089772>				<https://panlex.org/snapshot/panlex-20191001-csv/1573#50089913>		"awac̷i"@yvt	
"гъван"@khv	<https://panlex.org/snapshot/panlex-20191001-csv/1573#50090051>				<https://panlex.org/snapshot/panlex-20191001-csv/1573#50090171>		"ata"@yvt	
"гъван"@khv	<https://panlex.org/snapshot/panlex-20191001-csv/1573#50089771>				<https://panlex.org/snapshot/panlex-20191001-csv/1573#50089913>		"awac̷i"@yvt	
"эхну"@khv	<https://panlex.org/snapshot/panlex-20191001-csv/1573#50085511>				<https://panlex.org/snapshot/panlex-20191001-csv/1573#50085623>		"haʼniľ̥i"@yvt	
"улка"@khv	<https://panlex.org/snapshot/panlex-20191001-csv/1573#50082103>				<https://panlex.org/snapshot/panlex-20191001-csv/1573#50082276>		"kaʼhac̷i"@yvt	
"кІал"@khv	<https://panlex.org/snapshot/panlex-20191001-csv/1573#50083622>				<https://panlex.org/snapshot/panlex-20191001-csv/1573#50083808>		"yaha"@yvt	
"хІукмат"@khv	<https://panlex.org/snapshot/panlex-20191001-csv/1573#50082107>				<https://panlex.org/snapshot/panlex-20191001-csv/1573#50082276>		"kaʼhac̷i"@yvt	
"лида"@khv	<https://panlex.org/snapshot/panlex-20191001-csv/1573#50090305>				<https://panlex.org/snapshot/panlex-20191001-csv/1573#50090428>		"ata"@yvt	
"гъура"@khv	<https://panlex.org/snapshot/panlex-20191001-csv/1573#50090634>				<https://panlex.org/snapshot/panlex-20191001-csv/1573#50090835>		"siha"@yvt	
"ас"@khv	<https://panlex.org/snapshot/panlex-20191001-csv/1573#50091153>				<https://panlex.org/snapshot/panlex-20191001-csv/1573#50091276>		"enu"@yvt	
"лидо"@khv	<https://panlex.org/snapshot/panlex-20191001-csv/1573#50090306>				<https://panlex.org/snapshot/panlex-20191001-csv/1573#50090428>		"ata"@yvt	
"гьун"@khv	<https://panlex.org/snapshot/panlex-20191001-csv/1573#50083621>				<https://panlex.org/snapshot/panlex-20191001-csv/1573#50083808>		"yaha"@yvt	
"лъо"@khv	<https://panlex.org/snapshot/panlex-20191001-csv/1573#50085750>				<https://panlex.org/snapshot/panlex-20191001-csv/1573#50085883>		"weni"@yvt	
"бухъ"@khv	<https://panlex.org/snapshot/panlex-20191001-csv/1573#50091406>				<https://panlex.org/snapshot/panlex-20191001-csv/1573#50091524>		"kaʼmuľ̥i"@yvt	
"чΙинкΙиллъи"@khv	<https://panlex.org/snapshot/panlex-20191001-csv/1573#50084794>				<https://panlex.org/snapshot/panlex-20191001-csv/1573#50084894>		"kaʼdunuľi"@yvt	
"иху"@khv	<https://panlex.org/snapshot/panlex-20191001-csv/1573#50088402>				<https://panlex.org/snapshot/panlex-20191001-csv/1573#50088619>		"weni"@yvt	
"гъодхъосо мокΙо"@khv	<https://panlex.org/snapshot/panlex-20191001-csv/1573#50091154>				<https://panlex.org/snapshot/panlex-20191001-csv/1573#50091276>		"enu"@yvt	
"къуц"@khv	<https://panlex.org/snapshot/panlex-20191001-csv/1573#50083019>				<https://panlex.org/snapshot/panlex-20191001-csv/1573#50083154>		"yaini"@yvt	
"ихху"@khv	<https://panlex.org/snapshot/panlex-20191001-csv/1573#50088403>				<https://panlex.org/snapshot/panlex-20191001-csv/1573#50088619>		"weni"@yvt	
"бухъ"@khv	<https://panlex.org/snapshot/panlex-20191001-csv/1573#50091409>				<https://panlex.org/snapshot/panlex-20191001-csv/1573#50091524>		"kaʼmuľ̥i"@yvt	
"гъур"@khv	<https://panlex.org/snapshot/panlex-20191001-csv/1573#50090633>				<https://panlex.org/snapshot/panlex-20191001-csv/1573#50090835>		"siha"@yvt	
"лудо"@khv	<https://panlex.org/snapshot/panlex-20191001-csv/1573#50090307>				<https://panlex.org/snapshot/panlex-20191001-csv/1573#50090428>		"ata"@yvt	
"тІагІил"@khv	<https://panlex.org/snapshot/panlex-20191001-csv/1573#50090308>				<https://panlex.org/snapshot/panlex-20191001-csv/1573#50090428>		"ata"@yvt	
"улка"@khv	<https://panlex.org/snapshot/panlex-20191001-csv/1573#50082105>				<https://panlex.org/snapshot/panlex-20191001-csv/1573#50082276>		"kaʼhac̷i"@yvt	
"мане"@khv	<https://panlex.org/snapshot/panlex-20191001-csv/1573#50083625>				<https://panlex.org/snapshot/panlex-20191001-csv/1573#50083808>		"yaha"@yvt	
"эхну"@khv	<https://panlex.org/snapshot/panlex-20191001-csv/1573#50085510>				<https://panlex.org/snapshot/panlex-20191001-csv/1573#50085623>		"haʼniľ̥i"@yvt	
"чІинкІиллъи"@khv	<https://panlex.org/snapshot/panlex-20191001-csv/1573#50084793>				<https://panlex.org/snapshot/panlex-20191001-csv/1573#50084894>		"kaʼdunuľi"@yvt	
"дунйал"@khv	<https://panlex.org/snapshot/panlex-20191001-csv/1573#50081819>				<https://panlex.org/snapshot/panlex-20191001-csv/1573#50081930>		"eɲahiľ̥i"@yvt	
"байдан"@khv	<https://panlex.org/snapshot/panlex-20191001-csv/1573#50084297>				<https://panlex.org/snapshot/panlex-20191001-csv/1573#50084455>		"maʼtehuľi"@yvt	
"гъвада"@khv	<https://panlex.org/snapshot/panlex-20191001-csv/1573#50091152>				<https://panlex.org/snapshot/panlex-20191001-csv/1573#50091276>		"enu"@yvt	
"пачалихъ"@khv	<https://panlex.org/snapshot/panlex-20191001-csv/1573#50082102>				<https://panlex.org/snapshot/panlex-20191001-csv/1573#50082276>		"kaʼhac̷i"@yvt	
"сала-сала лъа лулІо"@khv	<https://panlex.org/snapshot/panlex-20191001-csv/1573#50088721>				<https://panlex.org/snapshot/panlex-20191001-csv/1573#50088805>		"siʼľuľitami"@yvt	
"гъум"@khv	<https://panlex.org/snapshot/panlex-20191001-csv/1573#50083279>				<https://panlex.org/snapshot/panlex-20191001-csv/1573#50083401>		"kaʼhac̷i-na"@yvt	
"кьебха"@khv	<https://panlex.org/snapshot/panlex-20191001-csv/1573#50082731>				<https://panlex.org/snapshot/panlex-20191001-csv/1573#50082859>		"haʼľic̷i"@yvt	
"эху"@khv	<https://panlex.org/snapshot/panlex-20191001-csv/1573#50088404>				<https://panlex.org/snapshot/panlex-20191001-csv/1573#50088619>		"weni"@yvt	
"гьин"@khv	<https://panlex.org/snapshot/panlex-20191001-csv/1573#50083623>				<https://panlex.org/snapshot/panlex-20191001-csv/1573#50083808>		"yaha"@yvt	
"чанчал"@khv	<https://panlex.org/snapshot/panlex-20191001-csv/1573#50089549>				<https://panlex.org/snapshot/panlex-20191001-csv/1573#50089626>		"numa-kade weni"@yvt	
"чІинкІиллъи"@khv	<https://panlex.org/snapshot/panlex-20191001-csv/1573#50084795>				<https://panlex.org/snapshot/panlex-20191001-csv/1573#50084894>		"kaʼdunuľi"@yvt	
"гьун"@khv	<https://panlex.org/snapshot/panlex-20191001-csv/1573#50083624>				<https://panlex.org/snapshot/panlex-20191001-csv/1573#50083808>		"yaha"@yvt	
"гъудул"@khv	<https://panlex.org/snapshot/panlex-20191001-csv/1573#50084298>				<https://panlex.org/snapshot/panlex-20191001-csv/1573#50084455>		"maʼtehuľi"@yvt	
"муж"@khv	<https://panlex.org/snapshot/panlex-20191001-csv/1573#50086566>				<https://panlex.org/snapshot/panlex-20191001-csv/1573#50086676>		"kawi"@yvt	
"берди"@khv	<https://panlex.org/snapshot/panlex-20191001-csv/1573#50083984>				<https://panlex.org/snapshot/panlex-20191001-csv/1573#50084105>		"ewi"@yvt	
"хΙуклат"@khv	<https://panlex.org/snapshot/panlex-20191001-csv/1573#50082106>				<https://panlex.org/snapshot/panlex-20191001-csv/1573#50082276>		"kaʼhac̷i"@yvt	
"гъон"@khv	<https://panlex.org/snapshot/panlex-20191001-csv/1573#50090052>				<https://panlex.org/snapshot/panlex-20191001-csv/1573#50090171>		"ata"@yvt	
"бихъ"@khv	<https://panlex.org/snapshot/panlex-20191001-csv/1573#50091408>				<https://panlex.org/snapshot/panlex-20191001-csv/1573#50091524>		"kaʼmuľ̥i"@yvt	
"гьакъи"@khv	<https://panlex.org/snapshot/panlex-20191001-csv/1573#50090635>				<https://panlex.org/snapshot/panlex-20191001-csv/1573#50090835>		"siha"@yvt	
"гьакъи"@khv	<https://panlex.org/snapshot/panlex-20191001-csv/1573#50083985>				<https://panlex.org/snapshot/panlex-20191001-csv/1573#50084105>		"ewi"@yvt	
"дуниял"@khv	<https://panlex.org/snapshot/panlex-20191001-csv/1573#50081821>				<https://panlex.org/snapshot/panlex-20191001-csv/1573#50081930>		"eɲahiľ̥i"@yvt	
"карачел"@khv	<https://panlex.org/snapshot/panlex-20191001-csv/1573#50087731>				<https://panlex.org/snapshot/panlex-20191001-csv/1573#50087846>		"siʼľuľitami"@yvt	
"гебо"@khv	<https://panlex.org/snapshot/panlex-20191001-csv/1573#50083276>				<https://panlex.org/snapshot/panlex-20191001-csv/1573#50083401>		"kaʼhac̷i-na"@yvt	
"гъонолъо"@khv	<https://panlex.org/snapshot/panlex-20191001-csv/1573#50089773>				<https://panlex.org/snapshot/panlex-20191001-csv/1573#50089913>		"awac̷i"@yvt	
"хъец"@khv	<https://panlex.org/snapshot/panlex-20191001-csv/1573#50083017>				<https://panlex.org/snapshot/panlex-20191001-csv/1573#50083154>		"yaini"@yvt	
"гебу"@khv	<https://panlex.org/snapshot/panlex-20191001-csv/1573#50083278>				<https://panlex.org/snapshot/panlex-20191001-csv/1573#50083401>		"kaʼhac̷i-na"@yvt	
"гьакъи"@khv	<https://panlex.org/snapshot/panlex-20191001-csv/1573#50083983>				<https://panlex.org/snapshot/panlex-20191001-csv/1573#50084105>		"ewi"@yvt	
"бикъ"@khv	<https://panlex.org/snapshot/panlex-20191001-csv/1573#50091407>				<https://panlex.org/snapshot/panlex-20191001-csv/1573#50091524>		"kaʼmuľ̥i"@yvt	
