"эхху"@khv	<https://panlex.org/snapshot/panlex-20191001-csv/1573#50088405>				<https://panlex.org/snapshot/panlex-20191001-csv/1573#50088497>		"’anavai"@pmt	
"эхху"@khv	<https://panlex.org/snapshot/panlex-20191001-csv/1573#50088405>				<https://panlex.org/snapshot/panlex-20191001-csv/1573#50088496>		"komo.tahe"@pmt	
"кьебха"@khv	<https://panlex.org/snapshot/panlex-20191001-csv/1573#50082729>				<https://panlex.org/snapshot/panlex-20191001-csv/1573#50082786>		"kōnui"@pmt	
"кьебха"@khv	<https://panlex.org/snapshot/panlex-20191001-csv/1573#50082729>				<https://panlex.org/snapshot/panlex-20191001-csv/1573#50082787>		"rehu"@pmt	
"кокус лъо"@khv	<https://panlex.org/snapshot/panlex-20191001-csv/1573#50089015>				<https://panlex.org/snapshot/panlex-20191001-csv/1573#50089090>		"kū.keri.komo"@pmt	
"кокус лъо"@khv	<https://panlex.org/snapshot/panlex-20191001-csv/1573#50089015>				<https://panlex.org/snapshot/panlex-20191001-csv/1573#50089087>		"ka heru-vai"@pmt	
"кокус лъо"@khv	<https://panlex.org/snapshot/panlex-20191001-csv/1573#50089015>				<https://panlex.org/snapshot/panlex-20191001-csv/1573#50089088>		"komo-tumu"@pmt	
"кокус лъо"@khv	<https://panlex.org/snapshot/panlex-20191001-csv/1573#50089015>				<https://panlex.org/snapshot/panlex-20191001-csv/1573#50089089>		"komo.hī"@pmt	
"ралъадес бала"@khv	<https://panlex.org/snapshot/panlex-20191001-csv/1573#50085214>				<https://panlex.org/snapshot/panlex-20191001-csv/1573#50085280>		"ta.hora"@pmt	
"ралъадес бала"@khv	<https://panlex.org/snapshot/panlex-20191001-csv/1573#50085214>				<https://panlex.org/snapshot/panlex-20191001-csv/1573#50085279>		"hui.rere"@pmt	
"ралъадес бала"@khv	<https://panlex.org/snapshot/panlex-20191001-csv/1573#50085214>				<https://panlex.org/snapshot/panlex-20191001-csv/1573#50085281>		"tari-henua"@pmt	
"ралъадес бала"@khv	<https://panlex.org/snapshot/panlex-20191001-csv/1573#50085214>				<https://panlex.org/snapshot/panlex-20191001-csv/1573#50085278>		"ahāria"@pmt	
"гъуй"@khv	<https://panlex.org/snapshot/panlex-20191001-csv/1573#50089013>				<https://panlex.org/snapshot/panlex-20191001-csv/1573#50089090>		"kū.keri.komo"@pmt	
"гъуй"@khv	<https://panlex.org/snapshot/panlex-20191001-csv/1573#50089013>				<https://panlex.org/snapshot/panlex-20191001-csv/1573#50089087>		"ka heru-vai"@pmt	
"гъуй"@khv	<https://panlex.org/snapshot/panlex-20191001-csv/1573#50089013>				<https://panlex.org/snapshot/panlex-20191001-csv/1573#50089088>		"komo-tumu"@pmt	
"гъуй"@khv	<https://panlex.org/snapshot/panlex-20191001-csv/1573#50089013>				<https://panlex.org/snapshot/panlex-20191001-csv/1573#50089089>		"komo.hī"@pmt	
"ралъад"@khv	<https://panlex.org/snapshot/panlex-20191001-csv/1573#50085995>				<https://panlex.org/snapshot/panlex-20191001-csv/1573#50086047>		"fatu.moāna"@pmt	
"ралъад"@khv	<https://panlex.org/snapshot/panlex-20191001-csv/1573#50086769>				<https://panlex.org/snapshot/panlex-20191001-csv/1573#50086803>		"tō.aha.ŋa"@pmt	
"дунийал"@khv	<https://panlex.org/snapshot/panlex-20191001-csv/1573#50081820>				<https://panlex.org/snapshot/panlex-20191001-csv/1573#50081865>		"aopoto"@pmt	
"дунийал"@khv	<https://panlex.org/snapshot/panlex-20191001-csv/1573#50081820>				<https://panlex.org/snapshot/panlex-20191001-csv/1573#50081864>		"ao"@pmt	
"дунийал"@khv	<https://panlex.org/snapshot/panlex-20191001-csv/1573#50081820>				<https://panlex.org/snapshot/panlex-20191001-csv/1573#50081866>		"hei.ao"@pmt	
"рачалихъ"@khv	<https://panlex.org/snapshot/panlex-20191001-csv/1573#50082104>				<https://panlex.org/snapshot/panlex-20191001-csv/1573#50082175>		"vavau"@pmt	
"рачалихъ"@khv	<https://panlex.org/snapshot/panlex-20191001-csv/1573#50082104>				<https://panlex.org/snapshot/panlex-20191001-csv/1573#50082174>		"henūa"@pmt	
"рачалихъ"@khv	<https://panlex.org/snapshot/panlex-20191001-csv/1573#50082104>				<https://panlex.org/snapshot/panlex-20191001-csv/1573#50082173>		"henua nei"@pmt	
"рачалихъ"@khv	<https://panlex.org/snapshot/panlex-20191001-csv/1573#50082104>				<https://panlex.org/snapshot/panlex-20191001-csv/1573#50082172>		"ao.nei"@pmt	
"гъур"@khv	<https://panlex.org/snapshot/panlex-20191001-csv/1573#50090631>				<https://panlex.org/snapshot/panlex-20191001-csv/1573#50090718>		"pō.fatu"@pmt	
"гъур"@khv	<https://panlex.org/snapshot/panlex-20191001-csv/1573#50090631>				<https://panlex.org/snapshot/panlex-20191001-csv/1573#50090719>		"pōhatu"@pmt	
"гъур"@khv	<https://panlex.org/snapshot/panlex-20191001-csv/1573#50090631>				<https://panlex.org/snapshot/panlex-20191001-csv/1573#50090717>		"kiri.kiri"@pmt	
"гъур"@khv	<https://panlex.org/snapshot/panlex-20191001-csv/1573#50090631>				<https://panlex.org/snapshot/panlex-20191001-csv/1573#50090716>		"hua.kiri"@pmt	
"карачел"@khv	<https://panlex.org/snapshot/panlex-20191001-csv/1573#50087730>				<https://panlex.org/snapshot/panlex-20191001-csv/1573#50087782>		"ŋaru"@pmt	
"карачел"@khv	<https://panlex.org/snapshot/panlex-20191001-csv/1573#50087730>				<https://panlex.org/snapshot/panlex-20191001-csv/1573#50087783>		"ŋaru.ae"@pmt	
"карачел"@khv	<https://panlex.org/snapshot/panlex-20191001-csv/1573#50087730>				<https://panlex.org/snapshot/panlex-20191001-csv/1573#50087781>		"kare"@pmt	
"чІида"@khv	<https://panlex.org/snapshot/panlex-20191001-csv/1573#50082435>				<https://panlex.org/snapshot/panlex-20191001-csv/1573#50082504>		"ŋā.ere"@pmt	
"чІида"@khv	<https://panlex.org/snapshot/panlex-20191001-csv/1573#50082435>				<https://panlex.org/snapshot/panlex-20191001-csv/1573#50082505>		"ŋā.ere.henūa"@pmt	
"муж"@khv	<https://panlex.org/snapshot/panlex-20191001-csv/1573#50086565>				<https://panlex.org/snapshot/panlex-20191001-csv/1573#50086610>		"huka.huka.ŋaru"@pmt	
"муж"@khv	<https://panlex.org/snapshot/panlex-20191001-csv/1573#50086565>				<https://panlex.org/snapshot/panlex-20191001-csv/1573#50086611>		"ma.hina"@pmt	
"кака"@khv	<https://panlex.org/snapshot/panlex-20191001-csv/1573#50089014>				<https://panlex.org/snapshot/panlex-20191001-csv/1573#50089090>		"kū.keri.komo"@pmt	
"кака"@khv	<https://panlex.org/snapshot/panlex-20191001-csv/1573#50089014>				<https://panlex.org/snapshot/panlex-20191001-csv/1573#50089087>		"ka heru-vai"@pmt	
"кака"@khv	<https://panlex.org/snapshot/panlex-20191001-csv/1573#50089014>				<https://panlex.org/snapshot/panlex-20191001-csv/1573#50089088>		"komo-tumu"@pmt	
"кака"@khv	<https://panlex.org/snapshot/panlex-20191001-csv/1573#50089014>				<https://panlex.org/snapshot/panlex-20191001-csv/1573#50089089>		"komo.hī"@pmt	
"мокІо"@khv	<https://panlex.org/snapshot/panlex-20191001-csv/1573#50089774>				<https://panlex.org/snapshot/panlex-20191001-csv/1573#50089833>		"aru"@pmt	
"мокІо"@khv	<https://panlex.org/snapshot/panlex-20191001-csv/1573#50089774>				<https://panlex.org/snapshot/panlex-20191001-csv/1573#50089835>		"uru-rākau"@pmt	
"мокІо"@khv	<https://panlex.org/snapshot/panlex-20191001-csv/1573#50089774>				<https://panlex.org/snapshot/panlex-20191001-csv/1573#50089834>		"taru"@pmt	
"мокІо"@khv	<https://panlex.org/snapshot/panlex-20191001-csv/1573#50089774>				<https://panlex.org/snapshot/panlex-20191001-csv/1573#50089836>		"ārakau"@pmt	
"лъа"@khv	<https://panlex.org/snapshot/panlex-20191001-csv/1573#50085749>				<https://panlex.org/snapshot/panlex-20191001-csv/1573#50085808>		"kūvai"@pmt	
"лъа"@khv	<https://panlex.org/snapshot/panlex-20191001-csv/1573#50085749>				<https://panlex.org/snapshot/panlex-20191001-csv/1573#50085807>		"komo.vai"@pmt	
"лъа"@khv	<https://panlex.org/snapshot/panlex-20191001-csv/1573#50085749>				<https://panlex.org/snapshot/panlex-20191001-csv/1573#50085811>		"vai"@pmt	
"лъа"@khv	<https://panlex.org/snapshot/panlex-20191001-csv/1573#50085749>				<https://panlex.org/snapshot/panlex-20191001-csv/1573#50085810>		"mi"@pmt	
"лъа"@khv	<https://panlex.org/snapshot/panlex-20191001-csv/1573#50085749>				<https://panlex.org/snapshot/panlex-20191001-csv/1573#50085805>		"kami"@pmt	
"лъа"@khv	<https://panlex.org/snapshot/panlex-20191001-csv/1573#50085749>				<https://panlex.org/snapshot/panlex-20191001-csv/1573#50085809>		"mahūi"@pmt	
"лъа"@khv	<https://panlex.org/snapshot/panlex-20191001-csv/1573#50085749>				<https://panlex.org/snapshot/panlex-20191001-csv/1573#50085806>		"komo"@pmt	
"къебха"@khv	<https://panlex.org/snapshot/panlex-20191001-csv/1573#50082730>				<https://panlex.org/snapshot/panlex-20191001-csv/1573#50082786>		"kōnui"@pmt	
"къебха"@khv	<https://panlex.org/snapshot/panlex-20191001-csv/1573#50082730>				<https://panlex.org/snapshot/panlex-20191001-csv/1573#50082787>		"rehu"@pmt	
"муᴴзом"@khv	<https://panlex.org/snapshot/panlex-20191001-csv/1573#50089325>				<https://panlex.org/snapshot/panlex-20191001-csv/1573#50089373>		"kōmeri"@pmt	
"муᴴзом"@khv	<https://panlex.org/snapshot/panlex-20191001-csv/1573#50089325>				<https://panlex.org/snapshot/panlex-20191001-csv/1573#50089372>		"ka.hora.kōpara"@pmt	
"гебо"@khv	<https://panlex.org/snapshot/panlex-20191001-csv/1573#50083277>				<https://panlex.org/snapshot/panlex-20191001-csv/1573#50083338>		"ŋā.ere"@pmt	
"байдан"@khv	<https://panlex.org/snapshot/panlex-20191001-csv/1573#50084296>				<https://panlex.org/snapshot/panlex-20191001-csv/1573#50084372>		"ma.hora"@pmt	
"аба гьакъи"@khv	<https://panlex.org/snapshot/panlex-20191001-csv/1573#50090632>				<https://panlex.org/snapshot/panlex-20191001-csv/1573#50090718>		"pō.fatu"@pmt	
"аба гьакъи"@khv	<https://panlex.org/snapshot/panlex-20191001-csv/1573#50090632>				<https://panlex.org/snapshot/panlex-20191001-csv/1573#50090719>		"pōhatu"@pmt	
"аба гьакъи"@khv	<https://panlex.org/snapshot/panlex-20191001-csv/1573#50090632>				<https://panlex.org/snapshot/panlex-20191001-csv/1573#50090717>		"kiri.kiri"@pmt	
"аба гьакъи"@khv	<https://panlex.org/snapshot/panlex-20191001-csv/1573#50090632>				<https://panlex.org/snapshot/panlex-20191001-csv/1573#50090716>		"hua.kiri"@pmt	
"гъонолъгъул"@khv	<https://panlex.org/snapshot/panlex-20191001-csv/1573#50089772>				<https://panlex.org/snapshot/panlex-20191001-csv/1573#50089833>		"aru"@pmt	
"гъонолъгъул"@khv	<https://panlex.org/snapshot/panlex-20191001-csv/1573#50089772>				<https://panlex.org/snapshot/panlex-20191001-csv/1573#50089835>		"uru-rākau"@pmt	
"гъонолъгъул"@khv	<https://panlex.org/snapshot/panlex-20191001-csv/1573#50089772>				<https://panlex.org/snapshot/panlex-20191001-csv/1573#50089834>		"taru"@pmt	
"гъонолъгъул"@khv	<https://panlex.org/snapshot/panlex-20191001-csv/1573#50089772>				<https://panlex.org/snapshot/panlex-20191001-csv/1573#50089836>		"ārakau"@pmt	
"гъван"@khv	<https://panlex.org/snapshot/panlex-20191001-csv/1573#50089771>				<https://panlex.org/snapshot/panlex-20191001-csv/1573#50089833>		"aru"@pmt	
"гъван"@khv	<https://panlex.org/snapshot/panlex-20191001-csv/1573#50089771>				<https://panlex.org/snapshot/panlex-20191001-csv/1573#50089835>		"uru-rākau"@pmt	
"гъван"@khv	<https://panlex.org/snapshot/panlex-20191001-csv/1573#50089771>				<https://panlex.org/snapshot/panlex-20191001-csv/1573#50089834>		"taru"@pmt	
"гъван"@khv	<https://panlex.org/snapshot/panlex-20191001-csv/1573#50089771>				<https://panlex.org/snapshot/panlex-20191001-csv/1573#50089836>		"ārakau"@pmt	
"чІидо"@khv	<https://panlex.org/snapshot/panlex-20191001-csv/1573#50082437>				<https://panlex.org/snapshot/panlex-20191001-csv/1573#50082504>		"ŋā.ere"@pmt	
"чІидо"@khv	<https://panlex.org/snapshot/panlex-20191001-csv/1573#50082437>				<https://panlex.org/snapshot/panlex-20191001-csv/1573#50082505>		"ŋā.ere.henūa"@pmt	
"эхну"@khv	<https://panlex.org/snapshot/panlex-20191001-csv/1573#50085511>				<https://panlex.org/snapshot/panlex-20191001-csv/1573#50085562>		"ana"@pmt	
"ралъад"@khv	<https://panlex.org/snapshot/panlex-20191001-csv/1573#50086771>				<https://panlex.org/snapshot/panlex-20191001-csv/1573#50086803>		"tō.aha.ŋa"@pmt	
"ралъад"@khv	<https://panlex.org/snapshot/panlex-20191001-csv/1573#50085996>				<https://panlex.org/snapshot/panlex-20191001-csv/1573#50086047>		"fatu.moāna"@pmt	
"улка"@khv	<https://panlex.org/snapshot/panlex-20191001-csv/1573#50082103>				<https://panlex.org/snapshot/panlex-20191001-csv/1573#50082175>		"vavau"@pmt	
"улка"@khv	<https://panlex.org/snapshot/panlex-20191001-csv/1573#50082103>				<https://panlex.org/snapshot/panlex-20191001-csv/1573#50082174>		"henūa"@pmt	
"улка"@khv	<https://panlex.org/snapshot/panlex-20191001-csv/1573#50082103>				<https://panlex.org/snapshot/panlex-20191001-csv/1573#50082173>		"henua nei"@pmt	
"улка"@khv	<https://panlex.org/snapshot/panlex-20191001-csv/1573#50082103>				<https://panlex.org/snapshot/panlex-20191001-csv/1573#50082172>		"ao.nei"@pmt	
"хІукмат"@khv	<https://panlex.org/snapshot/panlex-20191001-csv/1573#50082107>				<https://panlex.org/snapshot/panlex-20191001-csv/1573#50082175>		"vavau"@pmt	
"хІукмат"@khv	<https://panlex.org/snapshot/panlex-20191001-csv/1573#50082107>				<https://panlex.org/snapshot/panlex-20191001-csv/1573#50082174>		"henūa"@pmt	
"хІукмат"@khv	<https://panlex.org/snapshot/panlex-20191001-csv/1573#50082107>				<https://panlex.org/snapshot/panlex-20191001-csv/1573#50082173>		"henua nei"@pmt	
"хІукмат"@khv	<https://panlex.org/snapshot/panlex-20191001-csv/1573#50082107>				<https://panlex.org/snapshot/panlex-20191001-csv/1573#50082172>		"ao.nei"@pmt	
"лъо лагьи кьолол"@khv	<https://panlex.org/snapshot/panlex-20191001-csv/1573#50088109>				<https://panlex.org/snapshot/panlex-20191001-csv/1573#50088131>		"pī kahu"@pmt	
"лъо лагьи кьолол"@khv	<https://panlex.org/snapshot/panlex-20191001-csv/1573#50088109>				<https://panlex.org/snapshot/panlex-20191001-csv/1573#50088130>		"perehue"@pmt	
"гъура"@khv	<https://panlex.org/snapshot/panlex-20191001-csv/1573#50090634>				<https://panlex.org/snapshot/panlex-20191001-csv/1573#50090718>		"pō.fatu"@pmt	
"гъура"@khv	<https://panlex.org/snapshot/panlex-20191001-csv/1573#50090634>				<https://panlex.org/snapshot/panlex-20191001-csv/1573#50090719>		"pōhatu"@pmt	
"гъура"@khv	<https://panlex.org/snapshot/panlex-20191001-csv/1573#50090634>				<https://panlex.org/snapshot/panlex-20191001-csv/1573#50090717>		"kiri.kiri"@pmt	
"гъура"@khv	<https://panlex.org/snapshot/panlex-20191001-csv/1573#50090634>				<https://panlex.org/snapshot/panlex-20191001-csv/1573#50090716>		"hua.kiri"@pmt	
"ас"@khv	<https://panlex.org/snapshot/panlex-20191001-csv/1573#50091153>				<https://panlex.org/snapshot/panlex-20191001-csv/1573#50091200>		"raŋi"@pmt	
"ас"@khv	<https://panlex.org/snapshot/panlex-20191001-csv/1573#50091153>				<https://panlex.org/snapshot/panlex-20191001-csv/1573#50091199>		"ahātea"@pmt	
"лъо"@khv	<https://panlex.org/snapshot/panlex-20191001-csv/1573#50085750>				<https://panlex.org/snapshot/panlex-20191001-csv/1573#50085808>		"kūvai"@pmt	
"лъо"@khv	<https://panlex.org/snapshot/panlex-20191001-csv/1573#50085750>				<https://panlex.org/snapshot/panlex-20191001-csv/1573#50085807>		"komo.vai"@pmt	
"лъо"@khv	<https://panlex.org/snapshot/panlex-20191001-csv/1573#50085750>				<https://panlex.org/snapshot/panlex-20191001-csv/1573#50085811>		"vai"@pmt	
"лъо"@khv	<https://panlex.org/snapshot/panlex-20191001-csv/1573#50085750>				<https://panlex.org/snapshot/panlex-20191001-csv/1573#50085810>		"mi"@pmt	
"лъо"@khv	<https://panlex.org/snapshot/panlex-20191001-csv/1573#50085750>				<https://panlex.org/snapshot/panlex-20191001-csv/1573#50085805>		"kami"@pmt	
"лъо"@khv	<https://panlex.org/snapshot/panlex-20191001-csv/1573#50085750>				<https://panlex.org/snapshot/panlex-20191001-csv/1573#50085809>		"mahūi"@pmt	
"лъо"@khv	<https://panlex.org/snapshot/panlex-20191001-csv/1573#50085750>				<https://panlex.org/snapshot/panlex-20191001-csv/1573#50085806>		"komo"@pmt	
"бухъ"@khv	<https://panlex.org/snapshot/panlex-20191001-csv/1573#50091406>				<https://panlex.org/snapshot/panlex-20191001-csv/1573#50091458>		"rā"@pmt	
"чΙинкΙиллъи"@khv	<https://panlex.org/snapshot/panlex-20191001-csv/1573#50084794>				<https://panlex.org/snapshot/panlex-20191001-csv/1573#50084837>		"papāŋahu"@pmt	
"чΙинкΙиллъи"@khv	<https://panlex.org/snapshot/panlex-20191001-csv/1573#50084794>				<https://panlex.org/snapshot/panlex-20191001-csv/1573#50084838>		"tahuna"@pmt	
"чΙинкΙиллъи"@khv	<https://panlex.org/snapshot/panlex-20191001-csv/1573#50084794>				<https://panlex.org/snapshot/panlex-20191001-csv/1573#50084836>		"motu"@pmt	
"чΙинкΙиллъи"@khv	<https://panlex.org/snapshot/panlex-20191001-csv/1573#50084794>				<https://panlex.org/snapshot/panlex-20191001-csv/1573#50084839>		"ŋahu"@pmt	
"иху"@khv	<https://panlex.org/snapshot/panlex-20191001-csv/1573#50088402>				<https://panlex.org/snapshot/panlex-20191001-csv/1573#50088497>		"’anavai"@pmt	
"иху"@khv	<https://panlex.org/snapshot/panlex-20191001-csv/1573#50088402>				<https://panlex.org/snapshot/panlex-20191001-csv/1573#50088496>		"komo.tahe"@pmt	
"гъодхъосо мокΙо"@khv	<https://panlex.org/snapshot/panlex-20191001-csv/1573#50091154>				<https://panlex.org/snapshot/panlex-20191001-csv/1573#50091200>		"raŋi"@pmt	
"гъодхъосо мокΙо"@khv	<https://panlex.org/snapshot/panlex-20191001-csv/1573#50091154>				<https://panlex.org/snapshot/panlex-20191001-csv/1573#50091199>		"ahātea"@pmt	
"ихху"@khv	<https://panlex.org/snapshot/panlex-20191001-csv/1573#50088403>				<https://panlex.org/snapshot/panlex-20191001-csv/1573#50088497>		"’anavai"@pmt	
"ихху"@khv	<https://panlex.org/snapshot/panlex-20191001-csv/1573#50088403>				<https://panlex.org/snapshot/panlex-20191001-csv/1573#50088496>		"komo.tahe"@pmt	
"бухъ"@khv	<https://panlex.org/snapshot/panlex-20191001-csv/1573#50091409>				<https://panlex.org/snapshot/panlex-20191001-csv/1573#50091458>		"rā"@pmt	
"гъур"@khv	<https://panlex.org/snapshot/panlex-20191001-csv/1573#50090633>				<https://panlex.org/snapshot/panlex-20191001-csv/1573#50090718>		"pō.fatu"@pmt	
"гъур"@khv	<https://panlex.org/snapshot/panlex-20191001-csv/1573#50090633>				<https://panlex.org/snapshot/panlex-20191001-csv/1573#50090719>		"pōhatu"@pmt	
"гъур"@khv	<https://panlex.org/snapshot/panlex-20191001-csv/1573#50090633>				<https://panlex.org/snapshot/panlex-20191001-csv/1573#50090717>		"kiri.kiri"@pmt	
"гъур"@khv	<https://panlex.org/snapshot/panlex-20191001-csv/1573#50090633>				<https://panlex.org/snapshot/panlex-20191001-csv/1573#50090716>		"hua.kiri"@pmt	
"улка"@khv	<https://panlex.org/snapshot/panlex-20191001-csv/1573#50082105>				<https://panlex.org/snapshot/panlex-20191001-csv/1573#50082175>		"vavau"@pmt	
"улка"@khv	<https://panlex.org/snapshot/panlex-20191001-csv/1573#50082105>				<https://panlex.org/snapshot/panlex-20191001-csv/1573#50082174>		"henūa"@pmt	
"улка"@khv	<https://panlex.org/snapshot/panlex-20191001-csv/1573#50082105>				<https://panlex.org/snapshot/panlex-20191001-csv/1573#50082173>		"henua nei"@pmt	
"улка"@khv	<https://panlex.org/snapshot/panlex-20191001-csv/1573#50082105>				<https://panlex.org/snapshot/panlex-20191001-csv/1573#50082172>		"ao.nei"@pmt	
"кΙара"@khv	<https://panlex.org/snapshot/panlex-20191001-csv/1573#50086770>				<https://panlex.org/snapshot/panlex-20191001-csv/1573#50086803>		"tō.aha.ŋa"@pmt	
"гьилІа"@khv	<https://panlex.org/snapshot/panlex-20191001-csv/1573#50086206>				<https://panlex.org/snapshot/panlex-20191001-csv/1573#50086241>		"kō.ari"@pmt	
"гьилІа"@khv	<https://panlex.org/snapshot/panlex-20191001-csv/1573#50086206>				<https://panlex.org/snapshot/panlex-20191001-csv/1573#50086242>		"ŋare"@pmt	
"эхну"@khv	<https://panlex.org/snapshot/panlex-20191001-csv/1573#50085510>				<https://panlex.org/snapshot/panlex-20191001-csv/1573#50085562>		"ana"@pmt	
"музом"@khv	<https://panlex.org/snapshot/panlex-20191001-csv/1573#50089324>				<https://panlex.org/snapshot/panlex-20191001-csv/1573#50089373>		"kōmeri"@pmt	
"музом"@khv	<https://panlex.org/snapshot/panlex-20191001-csv/1573#50089324>				<https://panlex.org/snapshot/panlex-20191001-csv/1573#50089372>		"ka.hora.kōpara"@pmt	
"чІинкІиллъи"@khv	<https://panlex.org/snapshot/panlex-20191001-csv/1573#50084793>				<https://panlex.org/snapshot/panlex-20191001-csv/1573#50084837>		"papāŋahu"@pmt	
"чІинкІиллъи"@khv	<https://panlex.org/snapshot/panlex-20191001-csv/1573#50084793>				<https://panlex.org/snapshot/panlex-20191001-csv/1573#50084838>		"tahuna"@pmt	
"чІинкІиллъи"@khv	<https://panlex.org/snapshot/panlex-20191001-csv/1573#50084793>				<https://panlex.org/snapshot/panlex-20191001-csv/1573#50084836>		"motu"@pmt	
"чІинкІиллъи"@khv	<https://panlex.org/snapshot/panlex-20191001-csv/1573#50084793>				<https://panlex.org/snapshot/panlex-20191001-csv/1573#50084839>		"ŋahu"@pmt	
"дунйал"@khv	<https://panlex.org/snapshot/panlex-20191001-csv/1573#50081819>				<https://panlex.org/snapshot/panlex-20191001-csv/1573#50081865>		"aopoto"@pmt	
"дунйал"@khv	<https://panlex.org/snapshot/panlex-20191001-csv/1573#50081819>				<https://panlex.org/snapshot/panlex-20191001-csv/1573#50081864>		"ao"@pmt	
"дунйал"@khv	<https://panlex.org/snapshot/panlex-20191001-csv/1573#50081819>				<https://panlex.org/snapshot/panlex-20191001-csv/1573#50081866>		"hei.ao"@pmt	
"рагІал"@khv	<https://panlex.org/snapshot/panlex-20191001-csv/1573#50085216>				<https://panlex.org/snapshot/panlex-20191001-csv/1573#50085280>		"ta.hora"@pmt	
"рагІал"@khv	<https://panlex.org/snapshot/panlex-20191001-csv/1573#50085216>				<https://panlex.org/snapshot/panlex-20191001-csv/1573#50085279>		"hui.rere"@pmt	
"рагІал"@khv	<https://panlex.org/snapshot/panlex-20191001-csv/1573#50085216>				<https://panlex.org/snapshot/panlex-20191001-csv/1573#50085281>		"tari-henua"@pmt	
"рагІал"@khv	<https://panlex.org/snapshot/panlex-20191001-csv/1573#50085216>				<https://panlex.org/snapshot/panlex-20191001-csv/1573#50085278>		"ahāria"@pmt	
"байдан"@khv	<https://panlex.org/snapshot/panlex-20191001-csv/1573#50084297>				<https://panlex.org/snapshot/panlex-20191001-csv/1573#50084372>		"ma.hora"@pmt	
"гъвада"@khv	<https://panlex.org/snapshot/panlex-20191001-csv/1573#50091152>				<https://panlex.org/snapshot/panlex-20191001-csv/1573#50091200>		"raŋi"@pmt	
"гъвада"@khv	<https://panlex.org/snapshot/panlex-20191001-csv/1573#50091152>				<https://panlex.org/snapshot/panlex-20191001-csv/1573#50091199>		"ahātea"@pmt	
"пачалихъ"@khv	<https://panlex.org/snapshot/panlex-20191001-csv/1573#50082102>				<https://panlex.org/snapshot/panlex-20191001-csv/1573#50082175>		"vavau"@pmt	
"пачалихъ"@khv	<https://panlex.org/snapshot/panlex-20191001-csv/1573#50082102>				<https://panlex.org/snapshot/panlex-20191001-csv/1573#50082174>		"henūa"@pmt	
"пачалихъ"@khv	<https://panlex.org/snapshot/panlex-20191001-csv/1573#50082102>				<https://panlex.org/snapshot/panlex-20191001-csv/1573#50082173>		"henua nei"@pmt	
"пачалихъ"@khv	<https://panlex.org/snapshot/panlex-20191001-csv/1573#50082102>				<https://panlex.org/snapshot/panlex-20191001-csv/1573#50082172>		"ao.nei"@pmt	
"гъум"@khv	<https://panlex.org/snapshot/panlex-20191001-csv/1573#50083279>				<https://panlex.org/snapshot/panlex-20191001-csv/1573#50083338>		"ŋā.ere"@pmt	
"сокку"@khv	<https://panlex.org/snapshot/panlex-20191001-csv/1573#50086207>				<https://panlex.org/snapshot/panlex-20191001-csv/1573#50086241>		"kō.ari"@pmt	
"сокку"@khv	<https://panlex.org/snapshot/panlex-20191001-csv/1573#50086207>				<https://panlex.org/snapshot/panlex-20191001-csv/1573#50086242>		"ŋare"@pmt	
"кьебха"@khv	<https://panlex.org/snapshot/panlex-20191001-csv/1573#50082731>				<https://panlex.org/snapshot/panlex-20191001-csv/1573#50082786>		"kōnui"@pmt	
"кьебха"@khv	<https://panlex.org/snapshot/panlex-20191001-csv/1573#50082731>				<https://panlex.org/snapshot/panlex-20191001-csv/1573#50082787>		"rehu"@pmt	
"эху"@khv	<https://panlex.org/snapshot/panlex-20191001-csv/1573#50088404>				<https://panlex.org/snapshot/panlex-20191001-csv/1573#50088497>		"’anavai"@pmt	
"эху"@khv	<https://panlex.org/snapshot/panlex-20191001-csv/1573#50088404>				<https://panlex.org/snapshot/panlex-20191001-csv/1573#50088496>		"komo.tahe"@pmt	
"чІинкІиллъи"@khv	<https://panlex.org/snapshot/panlex-20191001-csv/1573#50084795>				<https://panlex.org/snapshot/panlex-20191001-csv/1573#50084837>		"papāŋahu"@pmt	
"чІинкІиллъи"@khv	<https://panlex.org/snapshot/panlex-20191001-csv/1573#50084795>				<https://panlex.org/snapshot/panlex-20191001-csv/1573#50084838>		"tahuna"@pmt	
"чІинкІиллъи"@khv	<https://panlex.org/snapshot/panlex-20191001-csv/1573#50084795>				<https://panlex.org/snapshot/panlex-20191001-csv/1573#50084836>		"motu"@pmt	
"чІинкІиллъи"@khv	<https://panlex.org/snapshot/panlex-20191001-csv/1573#50084795>				<https://panlex.org/snapshot/panlex-20191001-csv/1573#50084839>		"ŋahu"@pmt	
"гъудул"@khv	<https://panlex.org/snapshot/panlex-20191001-csv/1573#50084298>				<https://panlex.org/snapshot/panlex-20191001-csv/1573#50084372>		"ma.hora"@pmt	
"лъо некьи гилъил"@khv	<https://panlex.org/snapshot/panlex-20191001-csv/1573#50087999>				<https://panlex.org/snapshot/panlex-20191001-csv/1573#50088023>		"ŋōe"@pmt	
"лъо некьи гилъил"@khv	<https://panlex.org/snapshot/panlex-20191001-csv/1573#50087999>				<https://panlex.org/snapshot/panlex-20191001-csv/1573#50088022>		"hu.hu"@pmt	
"лъо некьи гилъил"@khv	<https://panlex.org/snapshot/panlex-20191001-csv/1573#50087999>				<https://panlex.org/snapshot/panlex-20191001-csv/1573#50088024>		"ŋōne"@pmt	
"лъо некьи гилъил"@khv	<https://panlex.org/snapshot/panlex-20191001-csv/1573#50087999>				<https://panlex.org/snapshot/panlex-20191001-csv/1573#50088025>		"ŋōē.ŋa"@pmt	
"муж"@khv	<https://panlex.org/snapshot/panlex-20191001-csv/1573#50086566>				<https://panlex.org/snapshot/panlex-20191001-csv/1573#50086610>		"huka.huka.ŋaru"@pmt	
"муж"@khv	<https://panlex.org/snapshot/panlex-20191001-csv/1573#50086566>				<https://panlex.org/snapshot/panlex-20191001-csv/1573#50086611>		"ma.hina"@pmt	
"хΙуклат"@khv	<https://panlex.org/snapshot/panlex-20191001-csv/1573#50082106>				<https://panlex.org/snapshot/panlex-20191001-csv/1573#50082175>		"vavau"@pmt	
"хΙуклат"@khv	<https://panlex.org/snapshot/panlex-20191001-csv/1573#50082106>				<https://panlex.org/snapshot/panlex-20191001-csv/1573#50082174>		"henūa"@pmt	
"хΙуклат"@khv	<https://panlex.org/snapshot/panlex-20191001-csv/1573#50082106>				<https://panlex.org/snapshot/panlex-20191001-csv/1573#50082173>		"henua nei"@pmt	
"хΙуклат"@khv	<https://panlex.org/snapshot/panlex-20191001-csv/1573#50082106>				<https://panlex.org/snapshot/panlex-20191001-csv/1573#50082172>		"ao.nei"@pmt	
"хьуцІба"@khv	<https://panlex.org/snapshot/panlex-20191001-csv/1573#50089323>				<https://panlex.org/snapshot/panlex-20191001-csv/1573#50089373>		"kōmeri"@pmt	
"хьуцІба"@khv	<https://panlex.org/snapshot/panlex-20191001-csv/1573#50089323>				<https://panlex.org/snapshot/panlex-20191001-csv/1573#50089372>		"ka.hora.kōpara"@pmt	
"бихъ"@khv	<https://panlex.org/snapshot/panlex-20191001-csv/1573#50091408>				<https://panlex.org/snapshot/panlex-20191001-csv/1573#50091458>		"rā"@pmt	
"гьакъи"@khv	<https://panlex.org/snapshot/panlex-20191001-csv/1573#50090635>				<https://panlex.org/snapshot/panlex-20191001-csv/1573#50090718>		"pō.fatu"@pmt	
"гьакъи"@khv	<https://panlex.org/snapshot/panlex-20191001-csv/1573#50090635>				<https://panlex.org/snapshot/panlex-20191001-csv/1573#50090719>		"pōhatu"@pmt	
"гьакъи"@khv	<https://panlex.org/snapshot/panlex-20191001-csv/1573#50090635>				<https://panlex.org/snapshot/panlex-20191001-csv/1573#50090717>		"kiri.kiri"@pmt	
"гьакъи"@khv	<https://panlex.org/snapshot/panlex-20191001-csv/1573#50090635>				<https://panlex.org/snapshot/panlex-20191001-csv/1573#50090716>		"hua.kiri"@pmt	
"дуниял"@khv	<https://panlex.org/snapshot/panlex-20191001-csv/1573#50081821>				<https://panlex.org/snapshot/panlex-20191001-csv/1573#50081865>		"aopoto"@pmt	
"дуниял"@khv	<https://panlex.org/snapshot/panlex-20191001-csv/1573#50081821>				<https://panlex.org/snapshot/panlex-20191001-csv/1573#50081864>		"ao"@pmt	
"дуниял"@khv	<https://panlex.org/snapshot/panlex-20191001-csv/1573#50081821>				<https://panlex.org/snapshot/panlex-20191001-csv/1573#50081866>		"hei.ao"@pmt	
"карачел"@khv	<https://panlex.org/snapshot/panlex-20191001-csv/1573#50087731>				<https://panlex.org/snapshot/panlex-20191001-csv/1573#50087782>		"ŋaru"@pmt	
"карачел"@khv	<https://panlex.org/snapshot/panlex-20191001-csv/1573#50087731>				<https://panlex.org/snapshot/panlex-20191001-csv/1573#50087783>		"ŋaru.ae"@pmt	
"карачел"@khv	<https://panlex.org/snapshot/panlex-20191001-csv/1573#50087731>				<https://panlex.org/snapshot/panlex-20191001-csv/1573#50087781>		"kare"@pmt	
"гебо"@khv	<https://panlex.org/snapshot/panlex-20191001-csv/1573#50083276>				<https://panlex.org/snapshot/panlex-20191001-csv/1573#50083338>		"ŋā.ere"@pmt	
"рагΙал"@khv	<https://panlex.org/snapshot/panlex-20191001-csv/1573#50085215>				<https://panlex.org/snapshot/panlex-20191001-csv/1573#50085280>		"ta.hora"@pmt	
"рагΙал"@khv	<https://panlex.org/snapshot/panlex-20191001-csv/1573#50085215>				<https://panlex.org/snapshot/panlex-20191001-csv/1573#50085279>		"hui.rere"@pmt	
"рагΙал"@khv	<https://panlex.org/snapshot/panlex-20191001-csv/1573#50085215>				<https://panlex.org/snapshot/panlex-20191001-csv/1573#50085281>		"tari-henua"@pmt	
"рагΙал"@khv	<https://panlex.org/snapshot/panlex-20191001-csv/1573#50085215>				<https://panlex.org/snapshot/panlex-20191001-csv/1573#50085278>		"ahāria"@pmt	
"чΙидо"@khv	<https://panlex.org/snapshot/panlex-20191001-csv/1573#50082436>				<https://panlex.org/snapshot/panlex-20191001-csv/1573#50082504>		"ŋā.ere"@pmt	
"чΙидо"@khv	<https://panlex.org/snapshot/panlex-20191001-csv/1573#50082436>				<https://panlex.org/snapshot/panlex-20191001-csv/1573#50082505>		"ŋā.ere.henūa"@pmt	
"гъонолъо"@khv	<https://panlex.org/snapshot/panlex-20191001-csv/1573#50089773>				<https://panlex.org/snapshot/panlex-20191001-csv/1573#50089833>		"aru"@pmt	
"гъонолъо"@khv	<https://panlex.org/snapshot/panlex-20191001-csv/1573#50089773>				<https://panlex.org/snapshot/panlex-20191001-csv/1573#50089835>		"uru-rākau"@pmt	
"гъонолъо"@khv	<https://panlex.org/snapshot/panlex-20191001-csv/1573#50089773>				<https://panlex.org/snapshot/panlex-20191001-csv/1573#50089834>		"taru"@pmt	
"гъонолъо"@khv	<https://panlex.org/snapshot/panlex-20191001-csv/1573#50089773>				<https://panlex.org/snapshot/panlex-20191001-csv/1573#50089836>		"ārakau"@pmt	
"гебу"@khv	<https://panlex.org/snapshot/panlex-20191001-csv/1573#50083278>				<https://panlex.org/snapshot/panlex-20191001-csv/1573#50083338>		"ŋā.ere"@pmt	
"сокун"@khv	<https://panlex.org/snapshot/panlex-20191001-csv/1573#50086208>				<https://panlex.org/snapshot/panlex-20191001-csv/1573#50086241>		"kō.ari"@pmt	
"сокун"@khv	<https://panlex.org/snapshot/panlex-20191001-csv/1573#50086208>				<https://panlex.org/snapshot/panlex-20191001-csv/1573#50086242>		"ŋare"@pmt	
"бикъ"@khv	<https://panlex.org/snapshot/panlex-20191001-csv/1573#50091407>				<https://panlex.org/snapshot/panlex-20191001-csv/1573#50091458>		"rā"@pmt	
