"ኒው ካሌዶኒያ"@ti	<https://panlex.org/snapshot/panlex-20191001-csv/6898#113586643>				<https://panlex.org/snapshot/panlex-20191001-csv/6898#113586649>		"新喀里多尼亞"@yue	
"ኤስቶኒያ"@ti	<https://panlex.org/snapshot/panlex-20191001-csv/6898#113601370>				<https://panlex.org/snapshot/panlex-20191001-csv/6898#113601483>		"愛沙尼亞"@yue	
"ጋቦን"@ti	<https://panlex.org/snapshot/panlex-20191001-csv/6898#113585152>				<https://panlex.org/snapshot/panlex-20191001-csv/6898#113585225>		"加彭"@yue	
"ካምቦዲያ"@ti	<https://panlex.org/snapshot/panlex-20191001-csv/6898#113591818>				<https://panlex.org/snapshot/panlex-20191001-csv/6898#113591774>		"柬埔寨"@yue	
"ምሥራቃዊ እስያ"@ti	<https://panlex.org/snapshot/panlex-20191001-csv/6898#113636215>				<https://panlex.org/snapshot/panlex-20191001-csv/6898#113636224>		"南亞"@yue	
"ታይዋን"@ti	<https://panlex.org/snapshot/panlex-20191001-csv/6898#113605116>				<https://panlex.org/snapshot/panlex-20191001-csv/6898#113605142>		"台灣"@yue	
"ፔሩ"@ti	<https://panlex.org/snapshot/panlex-20191001-csv/6898#113593710>				<https://panlex.org/snapshot/panlex-20191001-csv/6898#113593838>		"秘魯"@yue	
"ፊሊፒንስ"@ti	<https://panlex.org/snapshot/panlex-20191001-csv/6898#113602766>				<https://panlex.org/snapshot/panlex-20191001-csv/6898#113602647>		"菲律賓"@yue	
"የፎልክላንድ ደሴቶች"@ti	<https://panlex.org/snapshot/panlex-20191001-csv/6898#113643006>				<https://panlex.org/snapshot/panlex-20191001-csv/6898#113642998>		"福克蘭群島"@yue	
"የፎልክላንድ ደሴቶች"@ti	<https://panlex.org/snapshot/panlex-20191001-csv/6898#113643006>				<https://panlex.org/snapshot/panlex-20191001-csv/6898#113642848>		"福克蘭群島 (馬爾維納斯群島)"@yue	
"ምስራቅ ቲሞር"@ti	<https://panlex.org/snapshot/panlex-20191001-csv/6898#113632660>				<https://panlex.org/snapshot/panlex-20191001-csv/6898#113632735>		"東帝汶"@yue	
"ቡርኪና ፋሶ"@ti	<https://panlex.org/snapshot/panlex-20191001-csv/6898#113632377>				<https://panlex.org/snapshot/panlex-20191001-csv/6898#113632381>		"布吉納法索"@yue	
"ሪዩኒየን"@ti	<https://panlex.org/snapshot/panlex-20191001-csv/6898#113591513>				<https://panlex.org/snapshot/panlex-20191001-csv/6898#113591683>		"留尼旺"@yue	
"ብሩንዲ"@ti	<https://panlex.org/snapshot/panlex-20191001-csv/6898#113626881>				<https://panlex.org/snapshot/panlex-20191001-csv/6898#113626727>		"蒲隆地"@yue	
"ፓራጓይ"@ti	<https://panlex.org/snapshot/panlex-20191001-csv/6898#113623785>				<https://panlex.org/snapshot/panlex-20191001-csv/6898#113623915>		"巴拉圭"@yue	
"ጊኒ"@ti	<https://panlex.org/snapshot/panlex-20191001-csv/6898#113617832>				<https://panlex.org/snapshot/panlex-20191001-csv/6898#113617707>		"幾內亞"@yue	
"ፓኪስታን"@ti	<https://panlex.org/snapshot/panlex-20191001-csv/6898#113606860>				<https://panlex.org/snapshot/panlex-20191001-csv/6898#113606954>		"巴基斯坦"@yue	
"ምዕራባዊ አፍሪካ"@ti	<https://panlex.org/snapshot/panlex-20191001-csv/6898#113644304>				<https://panlex.org/snapshot/panlex-20191001-csv/6898#113644292>		"西非"@yue	
"ምዕራባዊ እስያ"@ti	<https://panlex.org/snapshot/panlex-20191001-csv/6898#113598248>				<https://panlex.org/snapshot/panlex-20191001-csv/6898#113598182>		"西亞"@yue	
"ግሬናዳ"@ti	<https://panlex.org/snapshot/panlex-20191001-csv/6898#113604236>				<https://panlex.org/snapshot/panlex-20191001-csv/6898#113604178>		"格瑞那達"@yue	
"ቅዱስ ኪትስ እና ኔቪስ"@ti	<https://panlex.org/snapshot/panlex-20191001-csv/6898#113634413>				<https://panlex.org/snapshot/panlex-20191001-csv/6898#113634288>		"聖基茨同尼維斯"@yue	
"ትሪኒዳድ እና ቶባጎ"@ti	<https://panlex.org/snapshot/panlex-20191001-csv/6898#113640026>				<https://panlex.org/snapshot/panlex-20191001-csv/6898#113640152>		"千里達同多巴哥"@yue	
"ቱርክ"@ti	<https://panlex.org/snapshot/panlex-20191001-csv/6898#113612043>				<https://panlex.org/snapshot/panlex-20191001-csv/6898#113611977>		"土耳其"@yue	
"ሳውድአረቢያ"@ti	<https://panlex.org/snapshot/panlex-20191001-csv/6898#113583385>				<https://panlex.org/snapshot/panlex-20191001-csv/6898#113583491>		"沙烏地阿拉伯"@yue	
"አውስትራሊያ እና ኒው ዚላንድ"@ti	<https://panlex.org/snapshot/panlex-20191001-csv/6898#113638140>				<https://panlex.org/snapshot/panlex-20191001-csv/6898#113638196>		"澳洲同紐西蘭"@yue	
"አውስትሬሊያ"@ti	<https://panlex.org/snapshot/panlex-20191001-csv/6898#113631630>				<https://panlex.org/snapshot/panlex-20191001-csv/6898#113631619>		"澳洲"@yue	
"ላኦስ"@ti	<https://panlex.org/snapshot/panlex-20191001-csv/6898#113619016>				<https://panlex.org/snapshot/panlex-20191001-csv/6898#113619190>		"寮國"@yue	
"ስዊድን"@ti	<https://panlex.org/snapshot/panlex-20191001-csv/6898#113639867>				<https://panlex.org/snapshot/panlex-20191001-csv/6898#113639941>		"瑞典"@yue	
"ኮንጎ"@ti	<https://panlex.org/snapshot/panlex-20191001-csv/6898#113589737>				<https://panlex.org/snapshot/panlex-20191001-csv/6898#113589590>		"剛果民主共和國"@yue	
"ኮንጎ"@ti	<https://panlex.org/snapshot/panlex-20191001-csv/6898#113589737>				<https://panlex.org/snapshot/panlex-20191001-csv/6898#113589673>		"剛果（金夏沙）"@yue	
"የፋሮይ ደሴቶች"@ti	<https://panlex.org/snapshot/panlex-20191001-csv/6898#113608013>				<https://panlex.org/snapshot/panlex-20191001-csv/6898#113608057>		"法羅群島"@yue	
"ምዕራባዊ አውሮፓ"@ti	<https://panlex.org/snapshot/panlex-20191001-csv/6898#113622110>				<https://panlex.org/snapshot/panlex-20191001-csv/6898#113622043>		"西歐"@yue	
"ክሮኤሽያ"@ti	<https://panlex.org/snapshot/panlex-20191001-csv/6898#113623213>				<https://panlex.org/snapshot/panlex-20191001-csv/6898#113623289>		"克羅埃西亞"@yue	
"ካናዳ"@ti	<https://panlex.org/snapshot/panlex-20191001-csv/6898#113595862>				<https://panlex.org/snapshot/panlex-20191001-csv/6898#113595914>		"加拿大"@yue	
"ኢራን"@ti	<https://panlex.org/snapshot/panlex-20191001-csv/6898#113626125>				<https://panlex.org/snapshot/panlex-20191001-csv/6898#113626245>		"伊朗"@yue	
"ቬንዙዌላ"@ti	<https://panlex.org/snapshot/panlex-20191001-csv/6898#113597494>				<https://panlex.org/snapshot/panlex-20191001-csv/6898#113597542>		"委內瑞拉"@yue	
"ዚምቧቤ"@ti	<https://panlex.org/snapshot/panlex-20191001-csv/6898#113583674>				<https://panlex.org/snapshot/panlex-20191001-csv/6898#113583610>		"辛巴威"@yue	
"ኖርዌ"@ti	<https://panlex.org/snapshot/panlex-20191001-csv/6898#113609948>				<https://panlex.org/snapshot/panlex-20191001-csv/6898#113609932>		"挪威"@yue	
"ላይቤሪያ"@ti	<https://panlex.org/snapshot/panlex-20191001-csv/6898#113605615>				<https://panlex.org/snapshot/panlex-20191001-csv/6898#113605455>		"賴比瑞亞"@yue	
"ቤኒን"@ti	<https://panlex.org/snapshot/panlex-20191001-csv/6898#113607510>				<https://panlex.org/snapshot/panlex-20191001-csv/6898#113607524>		"貝南"@yue	
"ካሪቢያን"@ti	<https://panlex.org/snapshot/panlex-20191001-csv/6898#113605383>				<https://panlex.org/snapshot/panlex-20191001-csv/6898#113605381>		"加勒比海"@yue	
"ደቡብ አፍሪካ"@ti	<https://panlex.org/snapshot/panlex-20191001-csv/6898#113613679>				<https://panlex.org/snapshot/panlex-20191001-csv/6898#113613625>		"南非"@yue	
"ደቡብ ኮሪያ"@ti	<https://panlex.org/snapshot/panlex-20191001-csv/6898#113638775>				<https://panlex.org/snapshot/panlex-20191001-csv/6898#113638751>		"南韓"@yue	
"ኤል ሳልቫዶር"@ti	<https://panlex.org/snapshot/panlex-20191001-csv/6898#113600703>				<https://panlex.org/snapshot/panlex-20191001-csv/6898#113600658>		"薩爾瓦多"@yue	
"ዩክሬን"@ti	<https://panlex.org/snapshot/panlex-20191001-csv/6898#113600802>				<https://panlex.org/snapshot/panlex-20191001-csv/6898#113600799>		"烏克蘭"@yue	
"ታጃኪስታን"@ti	<https://panlex.org/snapshot/panlex-20191001-csv/6898#113590238>				<https://panlex.org/snapshot/panlex-20191001-csv/6898#113590172>		"塔吉克"@yue	
"ፓላው"@ti	<https://panlex.org/snapshot/panlex-20191001-csv/6898#113630865>				<https://panlex.org/snapshot/panlex-20191001-csv/6898#113630994>		"帛琉"@yue	
"ወጣ ያለ ኦሽኒያ"@ti	<https://panlex.org/snapshot/panlex-20191001-csv/6898#113612782>				<https://panlex.org/snapshot/panlex-20191001-csv/6898#113612755>		"大洋洲邊疆群島"@yue	
"ሲሪያ"@ti	<https://panlex.org/snapshot/panlex-20191001-csv/6898#113598573>				<https://panlex.org/snapshot/panlex-20191001-csv/6898#113598636>		"敘利亞"@yue	
"አፍጋኒስታን"@ti	<https://panlex.org/snapshot/panlex-20191001-csv/6898#113604810>				<https://panlex.org/snapshot/panlex-20191001-csv/6898#113604822>		"阿富汗"@yue	
"ቻይና"@ti	<https://panlex.org/snapshot/panlex-20191001-csv/6898#113614057>				<https://panlex.org/snapshot/panlex-20191001-csv/6898#113614131>		"中華人民共和國"@yue	
"ኔዘርላንድ"@ti	<https://panlex.org/snapshot/panlex-20191001-csv/6898#113635794>				<https://panlex.org/snapshot/panlex-20191001-csv/6898#113635887>		"荷蘭"@yue	
"ኒጀር"@ti	<https://panlex.org/snapshot/panlex-20191001-csv/6898#113644855>				<https://panlex.org/snapshot/panlex-20191001-csv/6898#113644815>		"尼日"@yue	
"ሱዳን"@ti	<https://panlex.org/snapshot/panlex-20191001-csv/6898#113633053>				<https://panlex.org/snapshot/panlex-20191001-csv/6898#113633012>		"蘇丹"@yue	
"ሞልዶቫ"@ti	<https://panlex.org/snapshot/panlex-20191001-csv/6898#113633265>				<https://panlex.org/snapshot/panlex-20191001-csv/6898#113633311>		"摩爾多瓦"@yue	
"ማሌዢያ"@ti	<https://panlex.org/snapshot/panlex-20191001-csv/6898#113584684>				<https://panlex.org/snapshot/panlex-20191001-csv/6898#113584668>		"馬來西亞"@yue	
"የሰሜናዊ ማሪያና ደሴቶች"@ti	<https://panlex.org/snapshot/panlex-20191001-csv/6898#113635452>				<https://panlex.org/snapshot/panlex-20191001-csv/6898#113635509>		"北馬里亞納群島"@yue	
"ቀይሕ ባሕሪ"@ti	<https://panlex.org/snapshot/panlex-20191001-csv/2905#110870960>				<https://panlex.org/snapshot/panlex-20191001-csv/2905#110870971>		"红海"@yue	
"ቀይሕ ባሕሪ"@ti	<https://panlex.org/snapshot/panlex-20191001-csv/2905#110870960>				<https://panlex.org/snapshot/panlex-20191001-csv/2905#110871075>		"红海"@yue	
