"ܒܘܟܘܪܫܬ"@arc	<https://panlex.org/snapshot/panlex-20191001-csv/5950#85859696>				<https://panlex.org/snapshot/panlex-20191001-csv/5950#85859741>		"Bukarest"@zsm	
"ܬܫܪܝܢ ܐ"@arc	<https://panlex.org/snapshot/panlex-20191001-csv/5940#81285607>				<https://panlex.org/snapshot/panlex-20191001-csv/5940#81285715>		"Oktober"@zsm	
"ܕܡܐ"@arc	<https://panlex.org/snapshot/panlex-20191001-csv/5940#81293586>				<https://panlex.org/snapshot/panlex-20191001-csv/5940#81293658>		"darah"@zsm	
"ܣܘܣܪܐ"@arc	<https://panlex.org/snapshot/panlex-20191001-csv/5940#81279131>				<https://panlex.org/snapshot/panlex-20191001-csv/5940#81279226>		"Switzerland"@zsm	
"Āmsterdam"@arc	<https://panlex.org/snapshot/panlex-20191001-csv/5939#80717046>				<https://panlex.org/snapshot/panlex-20191001-csv/5939#80717147>		"Amsterdam"@zsm	
"ܐܨܝܐ"@arc	<https://panlex.org/snapshot/panlex-20191001-csv/5939#80729913>				<https://panlex.org/snapshot/panlex-20191001-csv/5939#80730018>		"Asia"@zsm	
"אוקינוס"@arc	<https://panlex.org/snapshot/panlex-20191001-csv/5946#84441319>				<https://panlex.org/snapshot/panlex-20191001-csv/5946#84441381>		"segara"@zsm	
"נונא"@arc	<https://panlex.org/snapshot/panlex-20191001-csv/5946#84454722>				<https://panlex.org/snapshot/panlex-20191001-csv/5946#84454821>		"ikan"@zsm	
"ܟܠܒܬܐ"@arc	<https://panlex.org/snapshot/panlex-20191001-csv/5946#84438348>				<https://panlex.org/snapshot/panlex-20191001-csv/5946#84438491>		"anjing"@zsm	
"ܡܛܪܐ"@arc	<https://panlex.org/snapshot/panlex-20191001-csv/5946#84436229>				<https://panlex.org/snapshot/panlex-20191001-csv/5946#84436410>		"hujan"@zsm	
"ܒܝܬܐ"@arc	<https://panlex.org/snapshot/panlex-20191001-csv/5946#84437214>				<https://panlex.org/snapshot/panlex-20191001-csv/5946#84437306>		"rumah"@zsm	
"ביתא"@arc	<https://panlex.org/snapshot/panlex-20191001-csv/5946#84437213>				<https://panlex.org/snapshot/panlex-20191001-csv/5946#84437306>		"rumah"@zsm	
"ܐܝܠܢܐ"@arc	<https://panlex.org/snapshot/panlex-20191001-csv/5946#84449545>				<https://panlex.org/snapshot/panlex-20191001-csv/5946#84449667>		"pokok"@zsm	
"ܕܟ ܐܝܘܬ؟"@arc	<https://panlex.org/snapshot/panlex-20191001-csv/5946#84445691>				<https://panlex.org/snapshot/panlex-20191001-csv/5946#84445796>		"apa khabar"@zsm	
"כלבא"@arc	<https://panlex.org/snapshot/panlex-20191001-csv/5946#84438350>				<https://panlex.org/snapshot/panlex-20191001-csv/5946#84438491>		"anjing"@zsm	
"ܢܘܢܐ"@arc	<https://panlex.org/snapshot/panlex-20191001-csv/5946#84454721>				<https://panlex.org/snapshot/panlex-20191001-csv/5946#84454821>		"ikan"@zsm	
"אילנא"@arc	<https://panlex.org/snapshot/panlex-20191001-csv/5946#84449544>				<https://panlex.org/snapshot/panlex-20191001-csv/5946#84449667>		"pokok"@zsm	
"ܐܘܩܝܢܘܣ"@arc	<https://panlex.org/snapshot/panlex-20191001-csv/5946#84441320>				<https://panlex.org/snapshot/panlex-20191001-csv/5946#84441381>		"segara"@zsm	
"כלבתא"@arc	<https://panlex.org/snapshot/panlex-20191001-csv/5946#84438349>				<https://panlex.org/snapshot/panlex-20191001-csv/5946#84438491>		"anjing"@zsm	
"ܟܠܒܐ"@arc	<https://panlex.org/snapshot/panlex-20191001-csv/5946#84438347>				<https://panlex.org/snapshot/panlex-20191001-csv/5946#84438491>		"anjing"@zsm	
"מטרא"@arc	<https://panlex.org/snapshot/panlex-20191001-csv/5946#84436228>				<https://panlex.org/snapshot/panlex-20191001-csv/5946#84436410>		"hujan"@zsm	
"ܩܘܪܐܢ"@arc	<https://panlex.org/snapshot/panlex-20191001-csv/5949#85313370>				<https://panlex.org/snapshot/panlex-20191001-csv/5949#85313501>		"Al-Quran"@zsm	
"ܦܝܠܝܦܝܢܝܐ"@arc	<https://panlex.org/snapshot/panlex-20191001-csv/5949#85323284>				<https://panlex.org/snapshot/panlex-20191001-csv/5949#85323447>		"Filipina"@zsm	
"ܠܛܒܝܐ"@arc	<https://panlex.org/snapshot/panlex-20191001-csv/5949#85314230>				<https://panlex.org/snapshot/panlex-20191001-csv/5949#85314409>		"Latvia"@zsm	
"ܬܣܝܪܝܟ"@arc	<https://panlex.org/snapshot/panlex-20191001-csv/5949#85324430>				<https://panlex.org/snapshot/panlex-20191001-csv/5949#85324530>		"Zürich"@zsm	
"ܝܡܐ"@arc	<https://panlex.org/snapshot/panlex-20191001-csv/5942#83283175>				<https://panlex.org/snapshot/panlex-20191001-csv/5942#83283295>		"laut"@zsm	
"ܦܢܠܢܕܐ"@arc	<https://panlex.org/snapshot/panlex-20191001-csv/5943#83294071>				<https://panlex.org/snapshot/panlex-20191001-csv/5943#83294177>		"Finlandia"@zsm	
"ישוע"@arc	<https://panlex.org/snapshot/panlex-20191001-csv/5943#83289486>				<https://panlex.org/snapshot/panlex-20191001-csv/5943#83289618>		"Yesus"@zsm	
"ܝܫܘܥ"@arc	<https://panlex.org/snapshot/panlex-20191001-csv/5943#83289487>				<https://panlex.org/snapshot/panlex-20191001-csv/5943#83289618>		"Yesus"@zsm	
"ܠܫܢܐ ܦܪܣܝܐ"@arc	<https://panlex.org/snapshot/panlex-20191001-csv/405#13629963>				<https://panlex.org/snapshot/panlex-20191001-csv/405#13630031>		"bahasa parsi"@zsm	
"ܠܫܢܐ ܐܢܓܠܝܐ"@arc	<https://panlex.org/snapshot/panlex-20191001-csv/405#13623549>				<https://panlex.org/snapshot/panlex-20191001-csv/405#13623699>		"bahasa inggeris"@zsm	
"ܠܫܢܐ ܦܪܢܣܝܐ"@arc	<https://panlex.org/snapshot/panlex-20191001-csv/405#13624210>				<https://panlex.org/snapshot/panlex-20191001-csv/405#13624343>		"bahasa perancis"@zsm	
"ܠܫܢܐ ܦܪܢܣܝܐ"@arc	<https://panlex.org/snapshot/panlex-20191001-csv/405#13624210>				<https://panlex.org/snapshot/panlex-20191001-csv/405#13624263>		"bahasa asturia"@zsm	
"ܠܫܢܐ ܛܘܪܩܝܐ"@arc	<https://panlex.org/snapshot/panlex-20191001-csv/405#13633043>				<https://panlex.org/snapshot/panlex-20191001-csv/405#13633117>		"bahasa turki"@zsm	
"ܠܫܢܐ ܐܠܒܢܝܐ"@arc	<https://panlex.org/snapshot/panlex-20191001-csv/405#13620426>				<https://panlex.org/snapshot/panlex-20191001-csv/405#13620490>		"bahasa albania"@zsm	
"ܠܫܢܐ ܠܛܝܢܝܐ"@arc	<https://panlex.org/snapshot/panlex-20191001-csv/405#13627441>				<https://panlex.org/snapshot/panlex-20191001-csv/405#13627547>		"bahasa latin"@zsm	
"ܠܫܢܐ ܓܪܡܢܝܐ"@arc	<https://panlex.org/snapshot/panlex-20191001-csv/405#13624579>				<https://panlex.org/snapshot/panlex-20191001-csv/405#13624708>		"bahasa jerman"@zsm	
"ܠܫܢܐ ܥܪܒܝܐ"@arc	<https://panlex.org/snapshot/panlex-20191001-csv/405#13620780>				<https://panlex.org/snapshot/panlex-20191001-csv/405#13620826>		"bahasa greek"@zsm	
"ܠܫܢܐ ܥܪܒܝܐ"@arc	<https://panlex.org/snapshot/panlex-20191001-csv/405#13620780>				<https://panlex.org/snapshot/panlex-20191001-csv/405#13620884>		"bahasa arab"@zsm	
"ܠܫܢܐ ܓܘܪܓܝܐ"@arc	<https://panlex.org/snapshot/panlex-20191001-csv/405#13624519>				<https://panlex.org/snapshot/panlex-20191001-csv/405#13624571>		"bahasa georgia"@zsm	
"ܠܫܢܐ ܦܘܠܢܕܝܐ"@arc	<https://panlex.org/snapshot/panlex-20191001-csv/405#13630114>				<https://panlex.org/snapshot/panlex-20191001-csv/405#13630197>		"bahasa poland"@zsm	
"ܠܫܢܐ ܐܟܕܝܐ"@arc	<https://panlex.org/snapshot/panlex-20191001-csv/405#13620377>				<https://panlex.org/snapshot/panlex-20191001-csv/405#13620420>		"bahasa akkadia"@zsm	
"ܠܫܢܐ ܥܒܪܝܐ"@arc	<https://panlex.org/snapshot/panlex-20191001-csv/405#13625217>				<https://panlex.org/snapshot/panlex-20191001-csv/405#13625296>		"bahasa ibrani"@zsm	
"ܠܫܢܐ ܝܘܢܝܐ"@arc	<https://panlex.org/snapshot/panlex-20191001-csv/405#13624882>				<https://panlex.org/snapshot/panlex-20191001-csv/405#13624964>		"bahasa greek"@zsm	
"ܠܫܢܐ ܥܪܒܝܐ ܝܗܘܕܝܐ"@arc	<https://panlex.org/snapshot/panlex-20191001-csv/405#13622192>				<https://panlex.org/snapshot/panlex-20191001-csv/405#13622195>		"bahasa bulgaria"@zsm	
"ܠܫܢܐ ܣܘܝܕܝܐ"@arc	<https://panlex.org/snapshot/panlex-20191001-csv/405#13632320>				<https://panlex.org/snapshot/panlex-20191001-csv/405#13632404>		"bahasa sweden"@zsm	
"ܛܘܪܐ"@arc	<https://panlex.org/snapshot/panlex-20191001-csv/19#1044578>				<https://panlex.org/snapshot/panlex-20191001-csv/19#1044639>		"gunung"@zsm	
"ܡܨܪܢ"@arc	<https://panlex.org/snapshot/panlex-20191001-csv/12#852495>				<https://panlex.org/snapshot/panlex-20191001-csv/12#852547>		"Mesir"@zsm	
"ܠܘܟܣܡܒܘܪܓ"@arc	<https://panlex.org/snapshot/panlex-20191001-csv/12#917906>				<https://panlex.org/snapshot/panlex-20191001-csv/12#917952>		"Luxembourg"@zsm	
"כלבא"@arc	<https://panlex.org/snapshot/panlex-20191001-csv/8#94025>				<https://panlex.org/snapshot/panlex-20191001-csv/8#94169>		"anjing"@zsm	
"נורא"@arc	<https://panlex.org/snapshot/panlex-20191001-csv/8#193217>				<https://panlex.org/snapshot/panlex-20191001-csv/8#193260>		"api"@zsm	
"יום ארבעה בשבה"@arc	<https://panlex.org/snapshot/panlex-20191001-csv/2892#110825232>				<https://panlex.org/snapshot/panlex-20191001-csv/2892#110824992>		"rabu"@zsm	
"יום ארבעה בשבה"@arc	<https://panlex.org/snapshot/panlex-20191001-csv/2892#110825232>				<https://panlex.org/snapshot/panlex-20191001-csv/2892#110824989>		"رابو"@zsm	
"יום חד בשבה"@arc	<https://panlex.org/snapshot/panlex-20191001-csv/2892#110826832>				<https://panlex.org/snapshot/panlex-20191001-csv/2892#110826941>		"ميڠݢو"@zsm	
"יום חד בשבה"@arc	<https://panlex.org/snapshot/panlex-20191001-csv/2892#110826832>				<https://panlex.org/snapshot/panlex-20191001-csv/2892#110826940>		"ahad"@zsm	
"יום חד בשבה"@arc	<https://panlex.org/snapshot/panlex-20191001-csv/2892#110826832>				<https://panlex.org/snapshot/panlex-20191001-csv/2892#110826681>		"minggu"@zsm	
"יום חד בשבה"@arc	<https://panlex.org/snapshot/panlex-20191001-csv/2892#110826832>				<https://panlex.org/snapshot/panlex-20191001-csv/2892#110826841>		"احد"@zsm	
"יום תלתה"@arc	<https://panlex.org/snapshot/panlex-20191001-csv/2892#110824504>				<https://panlex.org/snapshot/panlex-20191001-csv/2892#110824484>		"ثلاث"@zsm	
"יום תלתה"@arc	<https://panlex.org/snapshot/panlex-20191001-csv/2892#110824504>				<https://panlex.org/snapshot/panlex-20191001-csv/2892#110824844>		"selasa"@zsm	
"יום תלתה בשבה"@arc	<https://panlex.org/snapshot/panlex-20191001-csv/2892#110824655>				<https://panlex.org/snapshot/panlex-20191001-csv/2892#110824484>		"ثلاث"@zsm	
"יום תלתה בשבה"@arc	<https://panlex.org/snapshot/panlex-20191001-csv/2892#110824655>				<https://panlex.org/snapshot/panlex-20191001-csv/2892#110824844>		"selasa"@zsm	
"יום תרין בשבה"@arc	<https://panlex.org/snapshot/panlex-20191001-csv/2892#110824085>				<https://panlex.org/snapshot/panlex-20191001-csv/2892#110824143>		"senen"@zsm	
"יום תרין בשבה"@arc	<https://panlex.org/snapshot/panlex-20191001-csv/2892#110824085>				<https://panlex.org/snapshot/panlex-20191001-csv/2892#110824368>		"isnin"@zsm	
"יום תרין בשבה"@arc	<https://panlex.org/snapshot/panlex-20191001-csv/2892#110824085>				<https://panlex.org/snapshot/panlex-20191001-csv/2892#110824179>		"اثنين"@zsm	
"יום תרין בשבה"@arc	<https://panlex.org/snapshot/panlex-20191001-csv/2892#110824085>				<https://panlex.org/snapshot/panlex-20191001-csv/2892#110824129>		"سنين"@zsm	
"ערובתה"@arc	<https://panlex.org/snapshot/panlex-20191001-csv/2892#110825864>				<https://panlex.org/snapshot/panlex-20191001-csv/2892#110825749>		"jumaat"@zsm	
"ערובתה"@arc	<https://panlex.org/snapshot/panlex-20191001-csv/2892#110825864>				<https://panlex.org/snapshot/panlex-20191001-csv/2892#110825973>		"جمعة"@zsm	
"יום שבתה"@arc	<https://panlex.org/snapshot/panlex-20191001-csv/2892#110826521>				<https://panlex.org/snapshot/panlex-20191001-csv/2892#110826524>		"سبتو"@zsm	
"יום שבתה"@arc	<https://panlex.org/snapshot/panlex-20191001-csv/2892#110826521>				<https://panlex.org/snapshot/panlex-20191001-csv/2892#110826514>		"sabtu"@zsm	
"יום ארבעה"@arc	<https://panlex.org/snapshot/panlex-20191001-csv/2892#110825201>				<https://panlex.org/snapshot/panlex-20191001-csv/2892#110824992>		"rabu"@zsm	
"יום ארבעה"@arc	<https://panlex.org/snapshot/panlex-20191001-csv/2892#110825201>				<https://panlex.org/snapshot/panlex-20191001-csv/2892#110824989>		"رابو"@zsm	
"יום תרין"@arc	<https://panlex.org/snapshot/panlex-20191001-csv/2892#110824416>				<https://panlex.org/snapshot/panlex-20191001-csv/2892#110824143>		"senen"@zsm	
"יום תרין"@arc	<https://panlex.org/snapshot/panlex-20191001-csv/2892#110824416>				<https://panlex.org/snapshot/panlex-20191001-csv/2892#110824368>		"isnin"@zsm	
"יום תרין"@arc	<https://panlex.org/snapshot/panlex-20191001-csv/2892#110824416>				<https://panlex.org/snapshot/panlex-20191001-csv/2892#110824179>		"اثنين"@zsm	
"יום תרין"@arc	<https://panlex.org/snapshot/panlex-20191001-csv/2892#110824416>				<https://panlex.org/snapshot/panlex-20191001-csv/2892#110824129>		"سنين"@zsm	
"יום חמשה"@arc	<https://panlex.org/snapshot/panlex-20191001-csv/2892#110825472>				<https://panlex.org/snapshot/panlex-20191001-csv/2892#110825644>		"خميس"@zsm	
"יום חמשה"@arc	<https://panlex.org/snapshot/panlex-20191001-csv/2892#110825472>				<https://panlex.org/snapshot/panlex-20191001-csv/2892#110825486>		"khamis"@zsm	
"יום חמשה בשבה"@arc	<https://panlex.org/snapshot/panlex-20191001-csv/2892#110825283>				<https://panlex.org/snapshot/panlex-20191001-csv/2892#110825644>		"خميس"@zsm	
"יום חמשה בשבה"@arc	<https://panlex.org/snapshot/panlex-20191001-csv/2892#110825283>				<https://panlex.org/snapshot/panlex-20191001-csv/2892#110825486>		"khamis"@zsm	
"יום חד"@arc	<https://panlex.org/snapshot/panlex-20191001-csv/2892#110826613>				<https://panlex.org/snapshot/panlex-20191001-csv/2892#110826941>		"ميڠݢو"@zsm	
"יום חד"@arc	<https://panlex.org/snapshot/panlex-20191001-csv/2892#110826613>				<https://panlex.org/snapshot/panlex-20191001-csv/2892#110826940>		"ahad"@zsm	
"יום חד"@arc	<https://panlex.org/snapshot/panlex-20191001-csv/2892#110826613>				<https://panlex.org/snapshot/panlex-20191001-csv/2892#110826681>		"minggu"@zsm	
"יום חד"@arc	<https://panlex.org/snapshot/panlex-20191001-csv/2892#110826613>				<https://panlex.org/snapshot/panlex-20191001-csv/2892#110826841>		"احد"@zsm	
