"one"@haw	<https://panlex.org/snapshot/panlex-20191001-csv/5943#83323742>				<https://panlex.org/snapshot/panlex-20191001-csv/5943#83323772>		"one"@mrq	
"wai"@haw	<https://panlex.org/snapshot/panlex-20191001-csv/12#850943>				<https://panlex.org/snapshot/panlex-20191001-csv/12#851062>		"vai"@mrq	
"lā"@haw	<https://panlex.org/snapshot/panlex-20191001-csv/1573#50091387>				<https://panlex.org/snapshot/panlex-20191001-csv/1573#50091439>		"oumati"@mrq	
"kuahiwi"@haw	<https://panlex.org/snapshot/panlex-20191001-csv/1573#50083588>				<https://panlex.org/snapshot/panlex-20191001-csv/1573#50083672>		"tuaivi"@mrq	
"kuahiwi"@haw	<https://panlex.org/snapshot/panlex-20191001-csv/1573#50083588>				<https://panlex.org/snapshot/panlex-20191001-csv/1573#50083671>		"ivi"@mrq	
"kuahiwi"@haw	<https://panlex.org/snapshot/panlex-20191001-csv/1573#50083588>				<https://panlex.org/snapshot/panlex-20191001-csv/1573#50083673>		"uta"@mrq	
"ulu lāʔau"@haw	<https://panlex.org/snapshot/panlex-20191001-csv/1573#50089744>				<https://panlex.org/snapshot/panlex-20191001-csv/1573#50089807>		"taha teita nui"@mrq	
"kahaone"@haw	<https://panlex.org/snapshot/panlex-20191001-csv/1573#50085185>				<https://panlex.org/snapshot/panlex-20191001-csv/1573#50085254>		"vaávaá"@mrq	
"kahaone"@haw	<https://panlex.org/snapshot/panlex-20191001-csv/1573#50085185>				<https://panlex.org/snapshot/panlex-20191001-csv/1573#50085252>		"one"@mrq	
"kahaone"@haw	<https://panlex.org/snapshot/panlex-20191001-csv/1573#50085185>				<https://panlex.org/snapshot/panlex-20191001-csv/1573#50085253>		"vakavaka"@mrq	
"puʔu"@haw	<https://panlex.org/snapshot/panlex-20191001-csv/1573#50083590>				<https://panlex.org/snapshot/panlex-20191001-csv/1573#50083672>		"tuaivi"@mrq	
"puʔu"@haw	<https://panlex.org/snapshot/panlex-20191001-csv/1573#50083590>				<https://panlex.org/snapshot/panlex-20191001-csv/1573#50083671>		"ivi"@mrq	
"puʔu"@haw	<https://panlex.org/snapshot/panlex-20191001-csv/1573#50083590>				<https://panlex.org/snapshot/panlex-20191001-csv/1573#50083673>		"uta"@mrq	
"kai make"@haw	<https://panlex.org/snapshot/panlex-20191001-csv/1573#50087989>				<https://panlex.org/snapshot/panlex-20191001-csv/1573#50088014>		"tai heke atu"@mrq	
"ʔōlaʔi"@haw	<https://panlex.org/snapshot/panlex-20191001-csv/1573#50090928>				<https://panlex.org/snapshot/panlex-20191001-csv/1573#50090967>		"ú ote henua"@mrq	
"papa kea"@haw	<https://panlex.org/snapshot/panlex-20191001-csv/1573#50085187>				<https://panlex.org/snapshot/panlex-20191001-csv/1573#50085254>		"vaávaá"@mrq	
"papa kea"@haw	<https://panlex.org/snapshot/panlex-20191001-csv/1573#50085187>				<https://panlex.org/snapshot/panlex-20191001-csv/1573#50085252>		"one"@mrq	
"papa kea"@haw	<https://panlex.org/snapshot/panlex-20191001-csv/1573#50085187>				<https://panlex.org/snapshot/panlex-20191001-csv/1573#50085253>		"vakavaka"@mrq	
"au"@haw	<https://panlex.org/snapshot/panlex-20191001-csv/1573#50087895>				<https://panlex.org/snapshot/panlex-20191001-csv/1573#50087919>		"tai heke"@mrq	
"au"@haw	<https://panlex.org/snapshot/panlex-20191001-csv/1573#50087895>				<https://panlex.org/snapshot/panlex-20191001-csv/1573#50087920>		"tai pi"@mrq	
"kuehu"@haw	<https://panlex.org/snapshot/panlex-20191001-csv/1573#50082707>				<https://panlex.org/snapshot/panlex-20191001-csv/1573#50082765>		"épo éhu"@mrq	
"kuehu"@haw	<https://panlex.org/snapshot/panlex-20191001-csv/1573#50082707>				<https://panlex.org/snapshot/panlex-20191001-csv/1573#50082763>		"kau"@mrq	
"kuehu"@haw	<https://panlex.org/snapshot/panlex-20191001-csv/1573#50082707>				<https://panlex.org/snapshot/panlex-20191001-csv/1573#50082764>		"épo"@mrq	
"kele"@haw	<https://panlex.org/snapshot/panlex-20191001-csv/1573#50089298>				<https://panlex.org/snapshot/panlex-20191001-csv/1573#50089354>		"vai paápaá tao"@mrq	
"pōhaku"@haw	<https://panlex.org/snapshot/panlex-20191001-csv/1573#50090598>				<https://panlex.org/snapshot/panlex-20191001-csv/1573#50090692>		"kiíkií"@mrq	
"pōhaku"@haw	<https://panlex.org/snapshot/panlex-20191001-csv/1573#50090598>				<https://panlex.org/snapshot/panlex-20191001-csv/1573#50090693>		"tukií"@mrq	
"pōhaku"@haw	<https://panlex.org/snapshot/panlex-20191001-csv/1573#50090598>				<https://panlex.org/snapshot/panlex-20191001-csv/1573#50090691>		"keá"@mrq	
"kapa kai"@haw	<https://panlex.org/snapshot/panlex-20191001-csv/1573#50085186>				<https://panlex.org/snapshot/panlex-20191001-csv/1573#50085254>		"vaávaá"@mrq	
"kapa kai"@haw	<https://panlex.org/snapshot/panlex-20191001-csv/1573#50085186>				<https://panlex.org/snapshot/panlex-20191001-csv/1573#50085252>		"one"@mrq	
"kapa kai"@haw	<https://panlex.org/snapshot/panlex-20191001-csv/1573#50085186>				<https://panlex.org/snapshot/panlex-20191001-csv/1573#50085253>		"vakavaka"@mrq	
"hana-"@haw	<https://panlex.org/snapshot/panlex-20191001-csv/1573#50087156>				<https://panlex.org/snapshot/panlex-20191001-csv/1573#50087186>		"fana"@mrq	
"hana-"@haw	<https://panlex.org/snapshot/panlex-20191001-csv/1573#50087156>				<https://panlex.org/snapshot/panlex-20191001-csv/1573#50087187>		"hana"@mrq	
"hana-"@haw	<https://panlex.org/snapshot/panlex-20191001-csv/1573#50087156>				<https://panlex.org/snapshot/panlex-20191001-csv/1573#50087188>		"hanaka"@mrq	
"hana-"@haw	<https://panlex.org/snapshot/panlex-20191001-csv/1573#50087156>				<https://panlex.org/snapshot/panlex-20191001-csv/1573#50087185>		"e ava puta"@mrq	
"lani"@haw	<https://panlex.org/snapshot/panlex-20191001-csv/1573#50091136>				<https://panlex.org/snapshot/panlex-20191001-csv/1573#50091181>		"áni"@mrq	
"lani"@haw	<https://panlex.org/snapshot/panlex-20191001-csv/1573#50091136>				<https://panlex.org/snapshot/panlex-20191001-csv/1573#50091180>		"áki"@mrq	
"lepo ʔūkele"@haw	<https://panlex.org/snapshot/panlex-20191001-csv/1573#50082996>				<https://panlex.org/snapshot/panlex-20191001-csv/1573#50083067>		"épo"@mrq	
"lepo ʔūkele"@haw	<https://panlex.org/snapshot/panlex-20191001-csv/1573#50082996>				<https://panlex.org/snapshot/panlex-20191001-csv/1573#50083068>		"épo koákoá"@mrq	
"moku-ʔāina"@haw	<https://panlex.org/snapshot/panlex-20191001-csv/1573#50084773>				<https://panlex.org/snapshot/panlex-20191001-csv/1573#50084818>		"motu"@mrq	
"moku-ʔāina"@haw	<https://panlex.org/snapshot/panlex-20191001-csv/1573#50084773>				<https://panlex.org/snapshot/panlex-20191001-csv/1573#50084817>		"mota fenua"@mrq	
"kai-kūʔono"@haw	<https://panlex.org/snapshot/panlex-20191001-csv/1573#50087158>				<https://panlex.org/snapshot/panlex-20191001-csv/1573#50087186>		"fana"@mrq	
"kai-kūʔono"@haw	<https://panlex.org/snapshot/panlex-20191001-csv/1573#50087158>				<https://panlex.org/snapshot/panlex-20191001-csv/1573#50087187>		"hana"@mrq	
"kai-kūʔono"@haw	<https://panlex.org/snapshot/panlex-20191001-csv/1573#50087158>				<https://panlex.org/snapshot/panlex-20191001-csv/1573#50087188>		"hanaka"@mrq	
"kai-kūʔono"@haw	<https://panlex.org/snapshot/panlex-20191001-csv/1573#50087158>				<https://panlex.org/snapshot/panlex-20191001-csv/1573#50087185>		"e ava puta"@mrq	
"ʔehu"@haw	<https://panlex.org/snapshot/panlex-20191001-csv/1573#50086551>				<https://panlex.org/snapshot/panlex-20191001-csv/1573#50086591>		"puapua"@mrq	
"ʔehu"@haw	<https://panlex.org/snapshot/panlex-20191001-csv/1573#50086551>				<https://panlex.org/snapshot/panlex-20191001-csv/1573#50086592>		"épo"@mrq	
"ʔehu"@haw	<https://panlex.org/snapshot/panlex-20191001-csv/1573#50086551>				<https://panlex.org/snapshot/panlex-20191001-csv/1573#50086593>		"ímu"@mrq	
"ʔehu"@haw	<https://panlex.org/snapshot/panlex-20191001-csv/1573#50082711>				<https://panlex.org/snapshot/panlex-20191001-csv/1573#50082765>		"épo éhu"@mrq	
"ʔehu"@haw	<https://panlex.org/snapshot/panlex-20191001-csv/1573#50082711>				<https://panlex.org/snapshot/panlex-20191001-csv/1573#50082763>		"kau"@mrq	
"ʔehu"@haw	<https://panlex.org/snapshot/panlex-20191001-csv/1573#50082711>				<https://panlex.org/snapshot/panlex-20191001-csv/1573#50082764>		"épo"@mrq	
"puna"@haw	<https://panlex.org/snapshot/panlex-20191001-csv/1573#50088977>				<https://panlex.org/snapshot/panlex-20191001-csv/1573#50089063>		"puna"@mrq	
"puna"@haw	<https://panlex.org/snapshot/panlex-20191001-csv/1573#50088977>				<https://panlex.org/snapshot/panlex-20191001-csv/1573#50089064>		"tumu"@mrq	
"lelehuna"@haw	<https://panlex.org/snapshot/panlex-20191001-csv/1573#50082708>				<https://panlex.org/snapshot/panlex-20191001-csv/1573#50082765>		"épo éhu"@mrq	
"lelehuna"@haw	<https://panlex.org/snapshot/panlex-20191001-csv/1573#50082708>				<https://panlex.org/snapshot/panlex-20191001-csv/1573#50082763>		"kau"@mrq	
"lelehuna"@haw	<https://panlex.org/snapshot/panlex-20191001-csv/1573#50082708>				<https://panlex.org/snapshot/panlex-20191001-csv/1573#50082764>		"épo"@mrq	
"muli-wai"@haw	<https://panlex.org/snapshot/panlex-20191001-csv/1573#50088361>				<https://panlex.org/snapshot/panlex-20191001-csv/1573#50088465>		"vai tahe"@mrq	
"muli-wai"@haw	<https://panlex.org/snapshot/panlex-20191001-csv/1573#50088361>				<https://panlex.org/snapshot/panlex-20191001-csv/1573#50088464>		"kaávai"@mrq	
"ʔāina pālaha-laha"@haw	<https://panlex.org/snapshot/panlex-20191001-csv/1573#50084268>				<https://panlex.org/snapshot/panlex-20191001-csv/1573#50084350>		"vahi paáhaáha"@mrq	
"ʔāina pālaha-laha"@haw	<https://panlex.org/snapshot/panlex-20191001-csv/1573#50084268>				<https://panlex.org/snapshot/panlex-20191001-csv/1573#50084348>		"e uta"@mrq	
"ʔāina pālaha-laha"@haw	<https://panlex.org/snapshot/panlex-20191001-csv/1573#50084268>				<https://panlex.org/snapshot/panlex-20191001-csv/1573#50084349>		"vahi pakahakaha"@mrq	
"ʔale"@haw	<https://panlex.org/snapshot/panlex-20191001-csv/1573#50087714>				<https://panlex.org/snapshot/panlex-20191001-csv/1573#50087760>		"peáu tai"@mrq	
"ʔale"@haw	<https://panlex.org/snapshot/panlex-20191001-csv/1573#50087714>				<https://panlex.org/snapshot/panlex-20191001-csv/1573#50087759>		"kaú"@mrq	
"kumu-lāʔau"@haw	<https://panlex.org/snapshot/panlex-20191001-csv/1573#50090034>				<https://panlex.org/snapshot/panlex-20191001-csv/1573#50090084>		"tumu kaáu"@mrq	
"kumu-lāʔau"@haw	<https://panlex.org/snapshot/panlex-20191001-csv/1573#50090034>				<https://panlex.org/snapshot/panlex-20191001-csv/1573#50090085>		"tumu ákau"@mrq	
"ʔā"@haw	<https://panlex.org/snapshot/panlex-20191001-csv/1573#50090602>				<https://panlex.org/snapshot/panlex-20191001-csv/1573#50090692>		"kiíkií"@mrq	
"ʔā"@haw	<https://panlex.org/snapshot/panlex-20191001-csv/1573#50090602>				<https://panlex.org/snapshot/panlex-20191001-csv/1573#50090693>		"tukií"@mrq	
"ʔā"@haw	<https://panlex.org/snapshot/panlex-20191001-csv/1573#50090602>				<https://panlex.org/snapshot/panlex-20191001-csv/1573#50090691>		"keá"@mrq	
"kahakai"@haw	<https://panlex.org/snapshot/panlex-20191001-csv/1573#50085184>				<https://panlex.org/snapshot/panlex-20191001-csv/1573#50085254>		"vaávaá"@mrq	
"kahakai"@haw	<https://panlex.org/snapshot/panlex-20191001-csv/1573#50085184>				<https://panlex.org/snapshot/panlex-20191001-csv/1573#50085252>		"one"@mrq	
"kahakai"@haw	<https://panlex.org/snapshot/panlex-20191001-csv/1573#50085184>				<https://panlex.org/snapshot/panlex-20191001-csv/1573#50085253>		"vakavaka"@mrq	
"huʔa"@haw	<https://panlex.org/snapshot/panlex-20191001-csv/1573#50086550>				<https://panlex.org/snapshot/panlex-20191001-csv/1573#50086591>		"puapua"@mrq	
"huʔa"@haw	<https://panlex.org/snapshot/panlex-20191001-csv/1573#50086550>				<https://panlex.org/snapshot/panlex-20191001-csv/1573#50086592>		"épo"@mrq	
"huʔa"@haw	<https://panlex.org/snapshot/panlex-20191001-csv/1573#50086550>				<https://panlex.org/snapshot/panlex-20191001-csv/1573#50086593>		"ímu"@mrq	
"kaha-wai"@haw	<https://panlex.org/snapshot/panlex-20191001-csv/1573#50088360>				<https://panlex.org/snapshot/panlex-20191001-csv/1573#50088465>		"vai tahe"@mrq	
"kaha-wai"@haw	<https://panlex.org/snapshot/panlex-20191001-csv/1573#50088360>				<https://panlex.org/snapshot/panlex-20191001-csv/1573#50088464>		"kaávai"@mrq	
"ao"@haw	<https://panlex.org/snapshot/panlex-20191001-csv/1573#50081802>				<https://panlex.org/snapshot/panlex-20191001-csv/1573#50081844>		"ao-maáma"@mrq	
"ao"@haw	<https://panlex.org/snapshot/panlex-20191001-csv/1573#50081802>				<https://panlex.org/snapshot/panlex-20191001-csv/1573#50081845>		"e ao nei"@mrq	
"ao"@haw	<https://panlex.org/snapshot/panlex-20191001-csv/1573#50082076>				<https://panlex.org/snapshot/panlex-20191001-csv/1573#50082148>		"one"@mrq	
"ao"@haw	<https://panlex.org/snapshot/panlex-20191001-csv/1573#50082076>				<https://panlex.org/snapshot/panlex-20191001-csv/1573#50082149>		"épo"@mrq	
"loko"@haw	<https://panlex.org/snapshot/panlex-20191001-csv/1573#50086963>				<https://panlex.org/snapshot/panlex-20191001-csv/1573#50087012>		"vai koto"@mrq	
"loko"@haw	<https://panlex.org/snapshot/panlex-20191001-csv/1573#50086963>				<https://panlex.org/snapshot/panlex-20191001-csv/1573#50087013>		"vai óto"@mrq	
"loko"@haw	<https://panlex.org/snapshot/panlex-20191001-csv/1573#50084969>				<https://panlex.org/snapshot/panlex-20191001-csv/1573#50085002>		"motu nui"@mrq	
"loko"@haw	<https://panlex.org/snapshot/panlex-20191001-csv/1573#50084969>				<https://panlex.org/snapshot/panlex-20191001-csv/1573#50085001>		"fenua nui"@mrq	
"nahele"@haw	<https://panlex.org/snapshot/panlex-20191001-csv/1573#50089743>				<https://panlex.org/snapshot/panlex-20191001-csv/1573#50089807>		"taha teita nui"@mrq	
"lepo ʔaeʔae"@haw	<https://panlex.org/snapshot/panlex-20191001-csv/1573#50082709>				<https://panlex.org/snapshot/panlex-20191001-csv/1573#50082765>		"épo éhu"@mrq	
"lepo ʔaeʔae"@haw	<https://panlex.org/snapshot/panlex-20191001-csv/1573#50082709>				<https://panlex.org/snapshot/panlex-20191001-csv/1573#50082763>		"kau"@mrq	
"lepo ʔaeʔae"@haw	<https://panlex.org/snapshot/panlex-20191001-csv/1573#50082709>				<https://panlex.org/snapshot/panlex-20191001-csv/1573#50082764>		"épo"@mrq	
"one-one"@haw	<https://panlex.org/snapshot/panlex-20191001-csv/1573#50083258>				<https://panlex.org/snapshot/panlex-20191001-csv/1573#50083316>		"one"@mrq	
"uahi"@haw	<https://panlex.org/snapshot/panlex-20191001-csv/1573#50082710>				<https://panlex.org/snapshot/panlex-20191001-csv/1573#50082765>		"épo éhu"@mrq	
"uahi"@haw	<https://panlex.org/snapshot/panlex-20191001-csv/1573#50082710>				<https://panlex.org/snapshot/panlex-20191001-csv/1573#50082763>		"kau"@mrq	
"uahi"@haw	<https://panlex.org/snapshot/panlex-20191001-csv/1573#50082710>				<https://panlex.org/snapshot/panlex-20191001-csv/1573#50082764>		"épo"@mrq	
"ʔeka"@haw	<https://panlex.org/snapshot/panlex-20191001-csv/1573#50082408>				<https://panlex.org/snapshot/panlex-20191001-csv/1573#50082485>		"tohua"@mrq	
"ʔeka"@haw	<https://panlex.org/snapshot/panlex-20191001-csv/1573#50082408>				<https://panlex.org/snapshot/panlex-20191001-csv/1573#50082484>		"henua"@mrq	
"naele"@haw	<https://panlex.org/snapshot/panlex-20191001-csv/1573#50089299>				<https://panlex.org/snapshot/panlex-20191001-csv/1573#50089354>		"vai paápaá tao"@mrq	
"wai puna"@haw	<https://panlex.org/snapshot/panlex-20191001-csv/1573#50088979>				<https://panlex.org/snapshot/panlex-20191001-csv/1573#50089063>		"puna"@mrq	
"wai puna"@haw	<https://panlex.org/snapshot/panlex-20191001-csv/1573#50088979>				<https://panlex.org/snapshot/panlex-20191001-csv/1573#50089064>		"tumu"@mrq	
"pālolo"@haw	<https://panlex.org/snapshot/panlex-20191001-csv/1573#50082997>				<https://panlex.org/snapshot/panlex-20191001-csv/1573#50083067>		"épo"@mrq	
"pālolo"@haw	<https://panlex.org/snapshot/panlex-20191001-csv/1573#50082997>				<https://panlex.org/snapshot/panlex-20191001-csv/1573#50083068>		"épo koákoá"@mrq	
"kumu"@haw	<https://panlex.org/snapshot/panlex-20191001-csv/1573#50090033>				<https://panlex.org/snapshot/panlex-20191001-csv/1573#50090084>		"tumu kaáu"@mrq	
"kumu"@haw	<https://panlex.org/snapshot/panlex-20191001-csv/1573#50090033>				<https://panlex.org/snapshot/panlex-20191001-csv/1573#50090085>		"tumu ákau"@mrq	
"kai"@haw	<https://panlex.org/snapshot/panlex-20191001-csv/1573#50086754>				<https://panlex.org/snapshot/panlex-20191001-csv/1573#50086791>		"moana"@mrq	
"kai"@haw	<https://panlex.org/snapshot/panlex-20191001-csv/1573#50086754>				<https://panlex.org/snapshot/panlex-20191001-csv/1573#50086792>		"tai nui"@mrq	
"kai"@haw	<https://panlex.org/snapshot/panlex-20191001-csv/1573#50087896>				<https://panlex.org/snapshot/panlex-20191001-csv/1573#50087919>		"tai heke"@mrq	
"kai"@haw	<https://panlex.org/snapshot/panlex-20191001-csv/1573#50087896>				<https://panlex.org/snapshot/panlex-20191001-csv/1573#50087920>		"tai pi"@mrq	
"kai"@haw	<https://panlex.org/snapshot/panlex-20191001-csv/1573#50085982>				<https://panlex.org/snapshot/panlex-20191001-csv/1573#50086026>		"tai pi"@mrq	
"kai"@haw	<https://panlex.org/snapshot/panlex-20191001-csv/1573#50085982>				<https://panlex.org/snapshot/panlex-20191001-csv/1573#50086025>		"tai"@mrq	
"pā-hoehoe"@haw	<https://panlex.org/snapshot/panlex-20191001-csv/1573#50090597>				<https://panlex.org/snapshot/panlex-20191001-csv/1573#50090692>		"kiíkií"@mrq	
"pā-hoehoe"@haw	<https://panlex.org/snapshot/panlex-20191001-csv/1573#50090597>				<https://panlex.org/snapshot/panlex-20191001-csv/1573#50090693>		"tukií"@mrq	
"pā-hoehoe"@haw	<https://panlex.org/snapshot/panlex-20191001-csv/1573#50090597>				<https://panlex.org/snapshot/panlex-20191001-csv/1573#50090691>		"keá"@mrq	
"kumu wai"@haw	<https://panlex.org/snapshot/panlex-20191001-csv/1573#50088975>				<https://panlex.org/snapshot/panlex-20191001-csv/1573#50089063>		"puna"@mrq	
"kumu wai"@haw	<https://panlex.org/snapshot/panlex-20191001-csv/1573#50088975>				<https://panlex.org/snapshot/panlex-20191001-csv/1573#50089064>		"tumu"@mrq	
"pohō"@haw	<https://panlex.org/snapshot/panlex-20191001-csv/1573#50089300>				<https://panlex.org/snapshot/panlex-20191001-csv/1573#50089354>		"vai paápaá tao"@mrq	
"piki-pikiʔō"@haw	<https://panlex.org/snapshot/panlex-20191001-csv/1573#50086371>				<https://panlex.org/snapshot/panlex-20191001-csv/1573#50086411>		"koukou a ia"@mrq	
"ʔailana"@haw	<https://panlex.org/snapshot/panlex-20191001-csv/1573#50084774>				<https://panlex.org/snapshot/panlex-20191001-csv/1573#50084818>		"motu"@mrq	
"ʔailana"@haw	<https://panlex.org/snapshot/panlex-20191001-csv/1573#50084774>				<https://panlex.org/snapshot/panlex-20191001-csv/1573#50084817>		"mota fenua"@mrq	
"wili-wai"@haw	<https://panlex.org/snapshot/panlex-20191001-csv/1573#50088705>				<https://panlex.org/snapshot/panlex-20191001-csv/1573#50088746>		"vai kaviívií"@mrq	
"lua"@haw	<https://panlex.org/snapshot/panlex-20191001-csv/1573#50085490>				<https://panlex.org/snapshot/panlex-20191001-csv/1573#50085542>		"ana"@mrq	
"lua"@haw	<https://panlex.org/snapshot/panlex-20191001-csv/1573#50085490>				<https://panlex.org/snapshot/panlex-20191001-csv/1573#50085543>		"ana hohonu"@mrq	
"ehu lepo"@haw	<https://panlex.org/snapshot/panlex-20191001-csv/1573#50082706>				<https://panlex.org/snapshot/panlex-20191001-csv/1573#50082765>		"épo éhu"@mrq	
"ehu lepo"@haw	<https://panlex.org/snapshot/panlex-20191001-csv/1573#50082706>				<https://panlex.org/snapshot/panlex-20191001-csv/1573#50082763>		"kau"@mrq	
"ehu lepo"@haw	<https://panlex.org/snapshot/panlex-20191001-csv/1573#50082706>				<https://panlex.org/snapshot/panlex-20191001-csv/1573#50082764>		"épo"@mrq	
"ʔae kai"@haw	<https://panlex.org/snapshot/panlex-20191001-csv/1573#50085188>				<https://panlex.org/snapshot/panlex-20191001-csv/1573#50085254>		"vaávaá"@mrq	
"ʔae kai"@haw	<https://panlex.org/snapshot/panlex-20191001-csv/1573#50085188>				<https://panlex.org/snapshot/panlex-20191001-csv/1573#50085252>		"one"@mrq	
"ʔae kai"@haw	<https://panlex.org/snapshot/panlex-20191001-csv/1573#50085188>				<https://panlex.org/snapshot/panlex-20191001-csv/1573#50085253>		"vakavaka"@mrq	
"hono-"@haw	<https://panlex.org/snapshot/panlex-20191001-csv/1573#50087157>				<https://panlex.org/snapshot/panlex-20191001-csv/1573#50087186>		"fana"@mrq	
"hono-"@haw	<https://panlex.org/snapshot/panlex-20191001-csv/1573#50087157>				<https://panlex.org/snapshot/panlex-20191001-csv/1573#50087187>		"hana"@mrq	
"hono-"@haw	<https://panlex.org/snapshot/panlex-20191001-csv/1573#50087157>				<https://panlex.org/snapshot/panlex-20191001-csv/1573#50087188>		"hanaka"@mrq	
"hono-"@haw	<https://panlex.org/snapshot/panlex-20191001-csv/1573#50087157>				<https://panlex.org/snapshot/panlex-20191001-csv/1573#50087185>		"e ava puta"@mrq	
"ʔaʔā"@haw	<https://panlex.org/snapshot/panlex-20191001-csv/1573#50090600>				<https://panlex.org/snapshot/panlex-20191001-csv/1573#50090692>		"kiíkií"@mrq	
"ʔaʔā"@haw	<https://panlex.org/snapshot/panlex-20191001-csv/1573#50090600>				<https://panlex.org/snapshot/panlex-20191001-csv/1573#50090693>		"tukií"@mrq	
"ʔaʔā"@haw	<https://panlex.org/snapshot/panlex-20191001-csv/1573#50090600>				<https://panlex.org/snapshot/panlex-20191001-csv/1573#50090691>		"keá"@mrq	
"ʔāina nui"@haw	<https://panlex.org/snapshot/panlex-20191001-csv/1573#50084971>				<https://panlex.org/snapshot/panlex-20191001-csv/1573#50085002>		"motu nui"@mrq	
"ʔāina nui"@haw	<https://panlex.org/snapshot/panlex-20191001-csv/1573#50084971>				<https://panlex.org/snapshot/panlex-20191001-csv/1573#50085001>		"fenua nui"@mrq	
"one"@haw	<https://panlex.org/snapshot/panlex-20191001-csv/1573#50082407>				<https://panlex.org/snapshot/panlex-20191001-csv/1573#50082485>		"tohua"@mrq	
"one"@haw	<https://panlex.org/snapshot/panlex-20191001-csv/1573#50082407>				<https://panlex.org/snapshot/panlex-20191001-csv/1573#50082484>		"henua"@mrq	
"one"@haw	<https://panlex.org/snapshot/panlex-20191001-csv/1573#50083257>				<https://panlex.org/snapshot/panlex-20191001-csv/1573#50083316>		"one"@mrq	
"nalu"@haw	<https://panlex.org/snapshot/panlex-20191001-csv/1573#50087713>				<https://panlex.org/snapshot/panlex-20191001-csv/1573#50087760>		"peáu tai"@mrq	
"nalu"@haw	<https://panlex.org/snapshot/panlex-20191001-csv/1573#50087713>				<https://panlex.org/snapshot/panlex-20191001-csv/1573#50087759>		"kaú"@mrq	
"mimilo"@haw	<https://panlex.org/snapshot/panlex-20191001-csv/1573#50088704>				<https://panlex.org/snapshot/panlex-20191001-csv/1573#50088746>		"vai kaviívií"@mrq	
"wai māpuna"@haw	<https://panlex.org/snapshot/panlex-20191001-csv/1573#50088978>				<https://panlex.org/snapshot/panlex-20191001-csv/1573#50089063>		"puna"@mrq	
"wai māpuna"@haw	<https://panlex.org/snapshot/panlex-20191001-csv/1573#50088978>				<https://panlex.org/snapshot/panlex-20191001-csv/1573#50089064>		"tumu"@mrq	
"moana"@haw	<https://panlex.org/snapshot/panlex-20191001-csv/1573#50086755>				<https://panlex.org/snapshot/panlex-20191001-csv/1573#50086791>		"moana"@mrq	
"moana"@haw	<https://panlex.org/snapshot/panlex-20191001-csv/1573#50086755>				<https://panlex.org/snapshot/panlex-20191001-csv/1573#50086792>		"tai nui"@mrq	
"moana"@haw	<https://panlex.org/snapshot/panlex-20191001-csv/1573#50085983>				<https://panlex.org/snapshot/panlex-20191001-csv/1573#50086026>		"tai pi"@mrq	
"moana"@haw	<https://panlex.org/snapshot/panlex-20191001-csv/1573#50085983>				<https://panlex.org/snapshot/panlex-20191001-csv/1573#50086025>		"tai"@mrq	
"honua"@haw	<https://panlex.org/snapshot/panlex-20191001-csv/1573#50082077>				<https://panlex.org/snapshot/panlex-20191001-csv/1573#50082148>		"one"@mrq	
"honua"@haw	<https://panlex.org/snapshot/panlex-20191001-csv/1573#50082077>				<https://panlex.org/snapshot/panlex-20191001-csv/1573#50082149>		"épo"@mrq	
"honua"@haw	<https://panlex.org/snapshot/panlex-20191001-csv/1573#50081803>				<https://panlex.org/snapshot/panlex-20191001-csv/1573#50081844>		"ao-maáma"@mrq	
"honua"@haw	<https://panlex.org/snapshot/panlex-20191001-csv/1573#50081803>				<https://panlex.org/snapshot/panlex-20191001-csv/1573#50081845>		"e ao nei"@mrq	
"mauna"@haw	<https://panlex.org/snapshot/panlex-20191001-csv/1573#50083589>				<https://panlex.org/snapshot/panlex-20191001-csv/1573#50083672>		"tuaivi"@mrq	
"mauna"@haw	<https://panlex.org/snapshot/panlex-20191001-csv/1573#50083589>				<https://panlex.org/snapshot/panlex-20191001-csv/1573#50083671>		"ivi"@mrq	
"mauna"@haw	<https://panlex.org/snapshot/panlex-20191001-csv/1573#50083589>				<https://panlex.org/snapshot/panlex-20191001-csv/1573#50083673>		"uta"@mrq	
"pao"@haw	<https://panlex.org/snapshot/panlex-20191001-csv/1573#50085491>				<https://panlex.org/snapshot/panlex-20191001-csv/1573#50085542>		"ana"@mrq	
"pao"@haw	<https://panlex.org/snapshot/panlex-20191001-csv/1573#50085491>				<https://panlex.org/snapshot/panlex-20191001-csv/1573#50085543>		"ana hohonu"@mrq	
"kele-kele"@haw	<https://panlex.org/snapshot/panlex-20191001-csv/1573#50082995>				<https://panlex.org/snapshot/panlex-20191001-csv/1573#50083067>		"épo"@mrq	
"kele-kele"@haw	<https://panlex.org/snapshot/panlex-20191001-csv/1573#50082995>				<https://panlex.org/snapshot/panlex-20191001-csv/1573#50083068>		"épo koákoá"@mrq	
"lepo"@haw	<https://panlex.org/snapshot/panlex-20191001-csv/1573#50082405>				<https://panlex.org/snapshot/panlex-20191001-csv/1573#50082485>		"tohua"@mrq	
"lepo"@haw	<https://panlex.org/snapshot/panlex-20191001-csv/1573#50082405>				<https://panlex.org/snapshot/panlex-20191001-csv/1573#50082484>		"henua"@mrq	
"awa-awa"@haw	<https://panlex.org/snapshot/panlex-20191001-csv/1573#50084559>				<https://panlex.org/snapshot/panlex-20191001-csv/1573#50084609>		"vava henua"@mrq	
"awa-awa"@haw	<https://panlex.org/snapshot/panlex-20191001-csv/1573#50084559>				<https://panlex.org/snapshot/panlex-20191001-csv/1573#50084608>		"kaávai"@mrq	
"ʔalā"@haw	<https://panlex.org/snapshot/panlex-20191001-csv/1573#50090599>				<https://panlex.org/snapshot/panlex-20191001-csv/1573#50090692>		"kiíkií"@mrq	
"ʔalā"@haw	<https://panlex.org/snapshot/panlex-20191001-csv/1573#50090599>				<https://panlex.org/snapshot/panlex-20191001-csv/1573#50090693>		"tukií"@mrq	
"ʔalā"@haw	<https://panlex.org/snapshot/panlex-20191001-csv/1573#50090599>				<https://panlex.org/snapshot/panlex-20191001-csv/1573#50090691>		"keá"@mrq	
"pali-paʔa"@haw	<https://panlex.org/snapshot/panlex-20191001-csv/1573#50083958>				<https://panlex.org/snapshot/panlex-20191001-csv/1573#50084025>		"ópata"@mrq	
"pali-paʔa"@haw	<https://panlex.org/snapshot/panlex-20191001-csv/1573#50083958>				<https://panlex.org/snapshot/panlex-20191001-csv/1573#50084023>		"pauma"@mrq	
"pali-paʔa"@haw	<https://panlex.org/snapshot/panlex-20191001-csv/1573#50083958>				<https://panlex.org/snapshot/panlex-20191001-csv/1573#50084024>		"pauma meniaka"@mrq	
"wai"@haw	<https://panlex.org/snapshot/panlex-20191001-csv/1573#50085730>				<https://panlex.org/snapshot/panlex-20191001-csv/1573#50085786>		"vai"@mrq	
"wai"@haw	<https://panlex.org/snapshot/panlex-20191001-csv/1573#50088362>				<https://panlex.org/snapshot/panlex-20191001-csv/1573#50088465>		"vai tahe"@mrq	
"wai"@haw	<https://panlex.org/snapshot/panlex-20191001-csv/1573#50088362>				<https://panlex.org/snapshot/panlex-20191001-csv/1573#50088464>		"kaávai"@mrq	
"ehu"@haw	<https://panlex.org/snapshot/panlex-20191001-csv/1573#50082705>				<https://panlex.org/snapshot/panlex-20191001-csv/1573#50082765>		"épo éhu"@mrq	
"ehu"@haw	<https://panlex.org/snapshot/panlex-20191001-csv/1573#50082705>				<https://panlex.org/snapshot/panlex-20191001-csv/1573#50082763>		"kau"@mrq	
"ehu"@haw	<https://panlex.org/snapshot/panlex-20191001-csv/1573#50082705>				<https://panlex.org/snapshot/panlex-20191001-csv/1573#50082764>		"épo"@mrq	
"wai-lele"@haw	<https://panlex.org/snapshot/panlex-20191001-csv/1573#50089532>				<https://panlex.org/snapshot/panlex-20191001-csv/1573#50089572>		"e vaikahi"@mrq	
"wai-lele"@haw	<https://panlex.org/snapshot/panlex-20191001-csv/1573#50089532>				<https://panlex.org/snapshot/panlex-20191001-csv/1573#50089573>		"kahi vai"@mrq	
"wai-lele"@haw	<https://panlex.org/snapshot/panlex-20191001-csv/1573#50089532>				<https://panlex.org/snapshot/panlex-20191001-csv/1573#50089571>		"e kahi"@mrq	
"ana"@haw	<https://panlex.org/snapshot/panlex-20191001-csv/1573#50085489>				<https://panlex.org/snapshot/panlex-20191001-csv/1573#50085542>		"ana"@mrq	
"ana"@haw	<https://panlex.org/snapshot/panlex-20191001-csv/1573#50085489>				<https://panlex.org/snapshot/panlex-20191001-csv/1573#50085543>		"ana hohonu"@mrq	
"loko wai"@haw	<https://panlex.org/snapshot/panlex-20191001-csv/1573#50086964>				<https://panlex.org/snapshot/panlex-20191001-csv/1573#50087012>		"vai koto"@mrq	
"loko wai"@haw	<https://panlex.org/snapshot/panlex-20191001-csv/1573#50086964>				<https://panlex.org/snapshot/panlex-20191001-csv/1573#50087013>		"vai óto"@mrq	
"kūʔono"@haw	<https://panlex.org/snapshot/panlex-20191001-csv/1573#50087159>				<https://panlex.org/snapshot/panlex-20191001-csv/1573#50087186>		"fana"@mrq	
"kūʔono"@haw	<https://panlex.org/snapshot/panlex-20191001-csv/1573#50087159>				<https://panlex.org/snapshot/panlex-20191001-csv/1573#50087187>		"hana"@mrq	
"kūʔono"@haw	<https://panlex.org/snapshot/panlex-20191001-csv/1573#50087159>				<https://panlex.org/snapshot/panlex-20191001-csv/1573#50087188>		"hanaka"@mrq	
"kūʔono"@haw	<https://panlex.org/snapshot/panlex-20191001-csv/1573#50087159>				<https://panlex.org/snapshot/panlex-20191001-csv/1573#50087185>		"e ava puta"@mrq	
"kīhāpai"@haw	<https://panlex.org/snapshot/panlex-20191001-csv/1573#50084267>				<https://panlex.org/snapshot/panlex-20191001-csv/1573#50084350>		"vahi paáhaáha"@mrq	
"kīhāpai"@haw	<https://panlex.org/snapshot/panlex-20191001-csv/1573#50084267>				<https://panlex.org/snapshot/panlex-20191001-csv/1573#50084348>		"e uta"@mrq	
"kīhāpai"@haw	<https://panlex.org/snapshot/panlex-20191001-csv/1573#50084267>				<https://panlex.org/snapshot/panlex-20191001-csv/1573#50084349>		"vahi pakahakaha"@mrq	
"ʔāina makua"@haw	<https://panlex.org/snapshot/panlex-20191001-csv/1573#50084970>				<https://panlex.org/snapshot/panlex-20191001-csv/1573#50085002>		"motu nui"@mrq	
"ʔāina makua"@haw	<https://panlex.org/snapshot/panlex-20191001-csv/1573#50084970>				<https://panlex.org/snapshot/panlex-20191001-csv/1573#50085001>		"fenua nui"@mrq	
"nā-ueue"@haw	<https://panlex.org/snapshot/panlex-20191001-csv/1573#50090927>				<https://panlex.org/snapshot/panlex-20191001-csv/1573#50090967>		"ú ote henua"@mrq	
"moku-puni"@haw	<https://panlex.org/snapshot/panlex-20191001-csv/1573#50084772>				<https://panlex.org/snapshot/panlex-20191001-csv/1573#50084818>		"motu"@mrq	
"moku-puni"@haw	<https://panlex.org/snapshot/panlex-20191001-csv/1573#50084772>				<https://panlex.org/snapshot/panlex-20191001-csv/1573#50084817>		"mota fenua"@mrq	
"lāʔau"@haw	<https://panlex.org/snapshot/panlex-20191001-csv/1573#50090284>				<https://panlex.org/snapshot/panlex-20191001-csv/1573#50090342>		"ákau"@mrq	
"lāʔau"@haw	<https://panlex.org/snapshot/panlex-20191001-csv/1573#50090284>				<https://panlex.org/snapshot/panlex-20191001-csv/1573#50090340>		"kaáu"@mrq	
"lāʔau"@haw	<https://panlex.org/snapshot/panlex-20191001-csv/1573#50090284>				<https://panlex.org/snapshot/panlex-20191001-csv/1573#50090341>		"taha teita nui"@mrq	
"lāʔau"@haw	<https://panlex.org/snapshot/panlex-20191001-csv/1573#50090035>				<https://panlex.org/snapshot/panlex-20191001-csv/1573#50090084>		"tumu kaáu"@mrq	
"lāʔau"@haw	<https://panlex.org/snapshot/panlex-20191001-csv/1573#50090035>				<https://panlex.org/snapshot/panlex-20191001-csv/1573#50090085>		"tumu ákau"@mrq	
"moku"@haw	<https://panlex.org/snapshot/panlex-20191001-csv/1573#50084771>				<https://panlex.org/snapshot/panlex-20191001-csv/1573#50084818>		"motu"@mrq	
"moku"@haw	<https://panlex.org/snapshot/panlex-20191001-csv/1573#50084771>				<https://panlex.org/snapshot/panlex-20191001-csv/1573#50084817>		"mota fenua"@mrq	
"kohola"@haw	<https://panlex.org/snapshot/panlex-20191001-csv/1573#50087424>				<https://panlex.org/snapshot/panlex-20191001-csv/1573#50087455>		"tai hati"@mrq	
"kohola"@haw	<https://panlex.org/snapshot/panlex-20191001-csv/1573#50087424>				<https://panlex.org/snapshot/panlex-20191001-csv/1573#50087454>		"tai fati"@mrq	
"kohola"@haw	<https://panlex.org/snapshot/panlex-20191001-csv/1573#50087424>				<https://panlex.org/snapshot/panlex-20191001-csv/1573#50087452>		"koutu"@mrq	
"kohola"@haw	<https://panlex.org/snapshot/panlex-20191001-csv/1573#50087424>				<https://panlex.org/snapshot/panlex-20191001-csv/1573#50087453>		"papa koutu"@mrq	
"ʔāina"@haw	<https://panlex.org/snapshot/panlex-20191001-csv/1573#50082078>				<https://panlex.org/snapshot/panlex-20191001-csv/1573#50082148>		"one"@mrq	
"ʔāina"@haw	<https://panlex.org/snapshot/panlex-20191001-csv/1573#50082078>				<https://panlex.org/snapshot/panlex-20191001-csv/1573#50082149>		"épo"@mrq	
"ʔāina pāpū"@haw	<https://panlex.org/snapshot/panlex-20191001-csv/1573#50084269>				<https://panlex.org/snapshot/panlex-20191001-csv/1573#50084350>		"vahi paáhaáha"@mrq	
"ʔāina pāpū"@haw	<https://panlex.org/snapshot/panlex-20191001-csv/1573#50084269>				<https://panlex.org/snapshot/panlex-20191001-csv/1573#50084348>		"e uta"@mrq	
"ʔāina pāpū"@haw	<https://panlex.org/snapshot/panlex-20191001-csv/1573#50084269>				<https://panlex.org/snapshot/panlex-20191001-csv/1573#50084349>		"vahi pakahakaha"@mrq	
"kula"@haw	<https://panlex.org/snapshot/panlex-20191001-csv/1573#50084266>				<https://panlex.org/snapshot/panlex-20191001-csv/1573#50084350>		"vahi paáhaáha"@mrq	
"kula"@haw	<https://panlex.org/snapshot/panlex-20191001-csv/1573#50084266>				<https://panlex.org/snapshot/panlex-20191001-csv/1573#50084348>		"e uta"@mrq	
"kula"@haw	<https://panlex.org/snapshot/panlex-20191001-csv/1573#50084266>				<https://panlex.org/snapshot/panlex-20191001-csv/1573#50084349>		"vahi pakahakaha"@mrq	
"uluaōʔa"@haw	<https://panlex.org/snapshot/panlex-20191001-csv/1573#50089745>				<https://panlex.org/snapshot/panlex-20191001-csv/1573#50089807>		"taha teita nui"@mrq	
"wao nahele"@haw	<https://panlex.org/snapshot/panlex-20191001-csv/1573#50089746>				<https://panlex.org/snapshot/panlex-20191001-csv/1573#50089807>		"taha teita nui"@mrq	
"kai maloʔo"@haw	<https://panlex.org/snapshot/panlex-20191001-csv/1573#50087990>				<https://panlex.org/snapshot/panlex-20191001-csv/1573#50088014>		"tai heke atu"@mrq	
"ʔālo-ʔaloʔa"@haw	<https://panlex.org/snapshot/panlex-20191001-csv/1573#50086372>				<https://panlex.org/snapshot/panlex-20191001-csv/1573#50086411>		"koukou a ia"@mrq	
"lepo hānai"@haw	<https://panlex.org/snapshot/panlex-20191001-csv/1573#50082406>				<https://panlex.org/snapshot/panlex-20191001-csv/1573#50082485>		"tohua"@mrq	
"lepo hānai"@haw	<https://panlex.org/snapshot/panlex-20191001-csv/1573#50082406>				<https://panlex.org/snapshot/panlex-20191001-csv/1573#50082484>		"henua"@mrq	
"ʔili-ʔili"@haw	<https://panlex.org/snapshot/panlex-20191001-csv/1573#50090601>				<https://panlex.org/snapshot/panlex-20191001-csv/1573#50090692>		"kiíkií"@mrq	
"ʔili-ʔili"@haw	<https://panlex.org/snapshot/panlex-20191001-csv/1573#50090601>				<https://panlex.org/snapshot/panlex-20191001-csv/1573#50090693>		"tukií"@mrq	
"ʔili-ʔili"@haw	<https://panlex.org/snapshot/panlex-20191001-csv/1573#50090601>				<https://panlex.org/snapshot/panlex-20191001-csv/1573#50090691>		"keá"@mrq	
"māpuna"@haw	<https://panlex.org/snapshot/panlex-20191001-csv/1573#50088976>				<https://panlex.org/snapshot/panlex-20191001-csv/1573#50089063>		"puna"@mrq	
"māpuna"@haw	<https://panlex.org/snapshot/panlex-20191001-csv/1573#50088976>				<https://panlex.org/snapshot/panlex-20191001-csv/1573#50089064>		"tumu"@mrq	
"pali"@haw	<https://panlex.org/snapshot/panlex-20191001-csv/1573#50083957>				<https://panlex.org/snapshot/panlex-20191001-csv/1573#50084025>		"ópata"@mrq	
"pali"@haw	<https://panlex.org/snapshot/panlex-20191001-csv/1573#50083957>				<https://panlex.org/snapshot/panlex-20191001-csv/1573#50084023>		"pauma"@mrq	
"pali"@haw	<https://panlex.org/snapshot/panlex-20191001-csv/1573#50083957>				<https://panlex.org/snapshot/panlex-20191001-csv/1573#50084024>		"pauma meniaka"@mrq	
"one"@haw	<https://panlex.org/snapshot/panlex-20191001-csv/15#967010>				<https://panlex.org/snapshot/panlex-20191001-csv/15#967036>		"one"@mrq	
"hema"@haw	<https://panlex.org/snapshot/panlex-20191001-csv/114#8052298>				<https://panlex.org/snapshot/panlex-20191001-csv/114#8052436>		"akeake"@mrq	
"hema"@haw	<https://panlex.org/snapshot/panlex-20191001-csv/114#8052298>				<https://panlex.org/snapshot/panlex-20191001-csv/114#8052437>		"ʻima aʻeaʻe"@mrq	
"ʻaka"@haw	<https://panlex.org/snapshot/panlex-20191001-csv/114#8068254>				<https://panlex.org/snapshot/panlex-20191001-csv/114#8068413>		"kata"@mrq	
"ʻaka"@haw	<https://panlex.org/snapshot/panlex-20191001-csv/114#8068254>				<https://panlex.org/snapshot/panlex-20191001-csv/114#8068414>		"àta"@mrq	
"ʻike"@haw	<https://panlex.org/snapshot/panlex-20191001-csv/114#8061488>				<https://panlex.org/snapshot/panlex-20191001-csv/114#8061659>		"hani"@mrq	
"poʻo"@haw	<https://panlex.org/snapshot/panlex-20191001-csv/114#8063537>				<https://panlex.org/snapshot/panlex-20191001-csv/114#8063692>		"upoko"@mrq	
"poʻo"@haw	<https://panlex.org/snapshot/panlex-20191001-csv/114#8063537>				<https://panlex.org/snapshot/panlex-20191001-csv/114#8063693>		"uʻu"@mrq	
"manaʻo"@haw	<https://panlex.org/snapshot/panlex-20191001-csv/114#8062020>				<https://panlex.org/snapshot/panlex-20191001-csv/114#8062155>		"maákau"@mrq	
"wili"@haw	<https://panlex.org/snapshot/panlex-20191001-csv/114#8055379>				<https://panlex.org/snapshot/panlex-20191001-csv/114#8055525>		"kavií"@mrq	
"ʻeʻa"@haw	<https://panlex.org/snapshot/panlex-20191001-csv/114#8056894>				<https://panlex.org/snapshot/panlex-20191001-csv/114#8057029>		"ʻepo"@mrq	
"aho"@haw	<https://panlex.org/snapshot/panlex-20191001-csv/114#8065683>				<https://panlex.org/snapshot/panlex-20191001-csv/114#8065811>		"ha"@mrq	
"aho"@haw	<https://panlex.org/snapshot/panlex-20191001-csv/114#8065683>				<https://panlex.org/snapshot/panlex-20191001-csv/114#8065812>		"menava"@mrq	
"ʻau"@haw	<https://panlex.org/snapshot/panlex-20191001-csv/114#8055875>				<https://panlex.org/snapshot/panlex-20191001-csv/114#8056033>		"kau"@mrq	
"makaʻu"@haw	<https://panlex.org/snapshot/panlex-20191001-csv/114#8062492>				<https://panlex.org/snapshot/panlex-20191001-csv/114#8062657>		"metaʻu"@mrq	
"makaʻu"@haw	<https://panlex.org/snapshot/panlex-20191001-csv/114#8062492>				<https://panlex.org/snapshot/panlex-20191001-csv/114#8062656>		"haʻametaʻu"@mrq	
"ihu"@haw	<https://panlex.org/snapshot/panlex-20191001-csv/114#8065166>				<https://panlex.org/snapshot/panlex-20191001-csv/114#8065331>		"ihu"@mrq	
"alelo"@haw	<https://panlex.org/snapshot/panlex-20191001-csv/114#8067728>				<https://panlex.org/snapshot/panlex-20191001-csv/114#8067883>		"aʻèo"@mrq	
"koko"@haw	<https://panlex.org/snapshot/panlex-20191001-csv/114#8062999>				<https://panlex.org/snapshot/panlex-20191001-csv/114#8063153>		"toto"@mrq	
"lepo"@haw	<https://panlex.org/snapshot/panlex-20191001-csv/114#8056396>				<https://panlex.org/snapshot/panlex-20191001-csv/114#8056546>		"hava"@mrq	
"lepo"@haw	<https://panlex.org/snapshot/panlex-20191001-csv/114#8056396>				<https://panlex.org/snapshot/panlex-20191001-csv/114#8056547>		"paàpaà"@mrq	
"waha"@haw	<https://panlex.org/snapshot/panlex-20191001-csv/114#8066636>				<https://panlex.org/snapshot/panlex-20191001-csv/114#8066799>		"fafa"@mrq	
"waha"@haw	<https://panlex.org/snapshot/panlex-20191001-csv/114#8066636>				<https://panlex.org/snapshot/panlex-20191001-csv/114#8066800>		"haha"@mrq	
"waha"@haw	<https://panlex.org/snapshot/panlex-20191001-csv/114#8066636>				<https://panlex.org/snapshot/panlex-20191001-csv/114#8066801>		"nutu"@mrq	
"wai"@haw	<https://panlex.org/snapshot/panlex-20191001-csv/11#787580>				<https://panlex.org/snapshot/panlex-20191001-csv/11#787663>		"vai"@mrq	
