"hema"@haw	<https://panlex.org/snapshot/panlex-20191001-csv/114#8052298>				<https://panlex.org/snapshot/panlex-20191001-csv/114#8052271>		"gibang"@dtp	
"uwē"@haw	<https://panlex.org/snapshot/panlex-20191001-csv/114#8068787>				<https://panlex.org/snapshot/panlex-20191001-csv/114#8068754>		"ihad"@dtp	
"ʻaka"@haw	<https://panlex.org/snapshot/panlex-20191001-csv/114#8068254>				<https://panlex.org/snapshot/panlex-20191001-csv/114#8068225>		"irak"@dtp	
"ʻike"@haw	<https://panlex.org/snapshot/panlex-20191001-csv/114#8061488>				<https://panlex.org/snapshot/panlex-20191001-csv/114#8061454>		"ilo"@dtp	
"ʻike"@haw	<https://panlex.org/snapshot/panlex-20191001-csv/114#8061488>				<https://panlex.org/snapshot/panlex-20191001-csv/114#8061455>		"koilo"@dtp	
"poʻo"@haw	<https://panlex.org/snapshot/panlex-20191001-csv/114#8063537>				<https://panlex.org/snapshot/panlex-20191001-csv/114#8063504>		"tulu"@dtp	
"manaʻo"@haw	<https://panlex.org/snapshot/panlex-20191001-csv/114#8062020>				<https://panlex.org/snapshot/panlex-20191001-csv/114#8061994>		"sorou"@dtp	
"wili"@haw	<https://panlex.org/snapshot/panlex-20191001-csv/114#8055379>				<https://panlex.org/snapshot/panlex-20191001-csv/114#8055353>		"kilong"@dtp	
"ʻeʻa"@haw	<https://panlex.org/snapshot/panlex-20191001-csv/114#8056894>				<https://panlex.org/snapshot/panlex-20191001-csv/114#8056867>		"lisohu"@dtp	
"ʻeʻa"@haw	<https://panlex.org/snapshot/panlex-20191001-csv/114#8056894>				<https://panlex.org/snapshot/panlex-20191001-csv/114#8056866>		"abuk"@dtp	
"aho"@haw	<https://panlex.org/snapshot/panlex-20191001-csv/114#8065683>				<https://panlex.org/snapshot/panlex-20191001-csv/114#8065655>		"puhobo"@dtp	
"ʻau"@haw	<https://panlex.org/snapshot/panlex-20191001-csv/114#8055875>				<https://panlex.org/snapshot/panlex-20191001-csv/114#8055847>		"kaau"@dtp	
"makaʻu"@haw	<https://panlex.org/snapshot/panlex-20191001-csv/114#8062492>				<https://panlex.org/snapshot/panlex-20191001-csv/114#8062463>		"oris"@dtp	
"ihu"@haw	<https://panlex.org/snapshot/panlex-20191001-csv/114#8065166>				<https://panlex.org/snapshot/panlex-20191001-csv/114#8065134>		"todung"@dtp	
"alelo"@haw	<https://panlex.org/snapshot/panlex-20191001-csv/114#8067728>				<https://panlex.org/snapshot/panlex-20191001-csv/114#8067699>		"dilaʔ"@dtp	
"koko"@haw	<https://panlex.org/snapshot/panlex-20191001-csv/114#8062999>				<https://panlex.org/snapshot/panlex-20191001-csv/114#8062970>		"rahaʔ"@dtp	
"lepo"@haw	<https://panlex.org/snapshot/panlex-20191001-csv/114#8056396>				<https://panlex.org/snapshot/panlex-20191001-csv/114#8056362>		"romos"@dtp	
"waha"@haw	<https://panlex.org/snapshot/panlex-20191001-csv/114#8066636>				<https://panlex.org/snapshot/panlex-20191001-csv/114#8066607>		"kabang"@dtp	
