"hema"@haw	<https://panlex.org/snapshot/panlex-20191001-csv/114#8052298>				<https://panlex.org/snapshot/panlex-20191001-csv/114#8052405>		"hiβang"@mbi	
"ʻaka"@haw	<https://panlex.org/snapshot/panlex-20191001-csv/114#8068254>				<https://panlex.org/snapshot/panlex-20191001-csv/114#8068379>		"qɨngit"@mbi	
"ʻike"@haw	<https://panlex.org/snapshot/panlex-20191001-csv/114#8061488>				<https://panlex.org/snapshot/panlex-20191001-csv/114#8061623>		"kilala"@mbi	
"poʻo"@haw	<https://panlex.org/snapshot/panlex-20191001-csv/114#8063537>				<https://panlex.org/snapshot/panlex-20191001-csv/114#8063658>		"qulu"@mbi	
"wili"@haw	<https://panlex.org/snapshot/panlex-20191001-csv/114#8055379>				<https://panlex.org/snapshot/panlex-20191001-csv/114#8055496>		"tilɨng"@mbi	
"ʻeʻa"@haw	<https://panlex.org/snapshot/panlex-20191001-csv/114#8056894>				<https://panlex.org/snapshot/panlex-20191001-csv/114#8056997>		"lipukpuk"@mbi	
"ʻau"@haw	<https://panlex.org/snapshot/panlex-20191001-csv/114#8055875>				<https://panlex.org/snapshot/panlex-20191001-csv/114#8055997>		"pɨmaras"@mbi	
"makaʻu"@haw	<https://panlex.org/snapshot/panlex-20191001-csv/114#8062492>				<https://panlex.org/snapshot/panlex-20191001-csv/114#8062621>		"qandɨk"@mbi	
"ihu"@haw	<https://panlex.org/snapshot/panlex-20191001-csv/114#8065166>				<https://panlex.org/snapshot/panlex-20191001-csv/114#8065293>		"qirung"@mbi	
"alelo"@haw	<https://panlex.org/snapshot/panlex-20191001-csv/114#8067728>				<https://panlex.org/snapshot/panlex-20191001-csv/114#8067848>		"dilaq"@mbi	
"koko"@haw	<https://panlex.org/snapshot/panlex-20191001-csv/114#8062999>				<https://panlex.org/snapshot/panlex-20191001-csv/114#8063119>		"lɨngɨsa"@mbi	
"lepo"@haw	<https://panlex.org/snapshot/panlex-20191001-csv/114#8056396>				<https://panlex.org/snapshot/panlex-20191001-csv/114#8056515>		"mɨrɨdsik"@mbi	
"waha"@haw	<https://panlex.org/snapshot/panlex-20191001-csv/114#8066636>				<https://panlex.org/snapshot/panlex-20191001-csv/114#8066762>		"bɨqbaq"@mbi	
