"hema"@haw	<https://panlex.org/snapshot/panlex-20191001-csv/114#8052298>				<https://panlex.org/snapshot/panlex-20191001-csv/114#8052542>		"bait"@sne	
"ʻaka"@haw	<https://panlex.org/snapshot/panlex-20191001-csv/114#8068254>				<https://panlex.org/snapshot/panlex-20191001-csv/114#8068525>		"tauwix"@sne	
"ʻike"@haw	<https://panlex.org/snapshot/panlex-20191001-csv/114#8061488>				<https://panlex.org/snapshot/panlex-20191001-csv/114#8061778>		"puan"@sne	
"poʻo"@haw	<https://panlex.org/snapshot/panlex-20191001-csv/114#8063537>				<https://panlex.org/snapshot/panlex-20191001-csv/114#8063808>		"bak"@sne	
"manaʻo"@haw	<https://panlex.org/snapshot/panlex-20191001-csv/114#8062020>				<https://panlex.org/snapshot/panlex-20191001-csv/114#8062263>		"saka ŋasuŋ"@sne	
"wili"@haw	<https://panlex.org/snapshot/panlex-20191001-csv/114#8055379>				<https://panlex.org/snapshot/panlex-20191001-csv/114#8055644>		"kus"@sne	
"ʻeʻa"@haw	<https://panlex.org/snapshot/panlex-20191001-csv/114#8056894>				<https://panlex.org/snapshot/panlex-20191001-csv/114#8057137>		"abux"@sne	
"ʻeʻa"@haw	<https://panlex.org/snapshot/panlex-20191001-csv/114#8056894>				<https://panlex.org/snapshot/panlex-20191001-csv/114#8057138>		"sapok"@sne	
"aho"@haw	<https://panlex.org/snapshot/panlex-20191001-csv/114#8065683>				<https://panlex.org/snapshot/panlex-20191001-csv/114#8065912>		"masuŋ"@sne	
"ʻau"@haw	<https://panlex.org/snapshot/panlex-20191001-csv/114#8055875>				<https://panlex.org/snapshot/panlex-20191001-csv/114#8056152>		"naŋuy"@sne	
"makaʻu"@haw	<https://panlex.org/snapshot/panlex-20191001-csv/114#8062492>				<https://panlex.org/snapshot/panlex-20191001-csv/114#8062765>		"toru"@sne	
"ihu"@haw	<https://panlex.org/snapshot/panlex-20191001-csv/114#8065166>				<https://panlex.org/snapshot/panlex-20191001-csv/114#8065443>		"nuŋ"@sne	
"alelo"@haw	<https://panlex.org/snapshot/panlex-20191001-csv/114#8067728>				<https://panlex.org/snapshot/panlex-20191001-csv/114#8067994>		"jorah"@sne	
"koko"@haw	<https://panlex.org/snapshot/panlex-20191001-csv/114#8062999>				<https://panlex.org/snapshot/panlex-20191001-csv/114#8063266>		"doya"@sne	
"lepo"@haw	<https://panlex.org/snapshot/panlex-20191001-csv/114#8056396>				<https://panlex.org/snapshot/panlex-20191001-csv/114#8056664>		"kais"@sne	
"lepo"@haw	<https://panlex.org/snapshot/panlex-20191001-csv/114#8056396>				<https://panlex.org/snapshot/panlex-20191001-csv/114#8056665>		"sirida"@sne	
"waha"@haw	<https://panlex.org/snapshot/panlex-20191001-csv/114#8066636>				<https://panlex.org/snapshot/panlex-20191001-csv/114#8066924>		"boba"@sne	
