"=l=vicʼ"@tfn	<https://panlex.org/snapshot/panlex-20191001-csv/3975#51730435>				<https://panlex.org/snapshot/panlex-20191001-csv/3975#51730405>		"элкъвей"@lez	
"ǝyu"@tfn	<https://panlex.org/snapshot/panlex-20191001-csv/3975#51727717>				<https://panlex.org/snapshot/panlex-20191001-csv/3975#51727675>		"net"@lez	
"l=cʰǝʁ-i"@tfn	<https://panlex.org/snapshot/panlex-20191001-csv/3975#51735117>				<https://panlex.org/snapshot/panlex-20191001-csv/3975#51735080>		"qʸpːˈi"@lez	
"=cʰi=l=kʰǝɬ"@tfn	<https://panlex.org/snapshot/panlex-20191001-csv/3975#51732493>				<https://panlex.org/snapshot/panlex-20191001-csv/3975#51732455>		"sirnˈaw-"@lez	
"ya=ti"@tfn	<https://panlex.org/snapshot/panlex-20191001-csv/3975#51734548>				<https://panlex.org/snapshot/panlex-20191001-csv/3975#51734492>		"wu=č"@lez	
"qʰutʼan-a"@tfn	<https://panlex.org/snapshot/panlex-20191001-csv/3975#51727867>				<https://panlex.org/snapshot/panlex-20191001-csv/3975#51727811>		"tːim"@lez	
"qʰutʼan-a"@tfn	<https://panlex.org/snapshot/panlex-20191001-csv/3975#51729782>				<https://panlex.org/snapshot/panlex-20191001-csv/3975#51729725>		"insˈan"@lez	
"=yu"@tfn	<https://panlex.org/snapshot/panlex-20191001-csv/3975#51733868>				<https://panlex.org/snapshot/panlex-20191001-csv/3975#51733804>		"šu-"@lez	
"=yu"@tfn	<https://panlex.org/snapshot/panlex-20191001-csv/3975#51722756>				<https://panlex.org/snapshot/panlex-20191001-csv/3975#51722680>		"qːʷe-"@lez	
"=yu"@tfn	<https://panlex.org/snapshot/panlex-20191001-csv/3975#51722756>				<https://panlex.org/snapshot/panlex-20191001-csv/3975#51722681>		"atːˈa-"@lez	
"=kʰi=n=ʔi"@tfn	<https://panlex.org/snapshot/panlex-20191001-csv/3975#51725971>				<https://panlex.org/snapshot/panlex-20191001-csv/3975#51725913>		"qʼil"@lez	
"z-"@tfn	<https://panlex.org/snapshot/panlex-20191001-csv/3975#51729469>				<https://panlex.org/snapshot/panlex-20191001-csv/3975#51729402>		"=č"@lez	
"kʼ=cʰǝn"@tfn	<https://panlex.org/snapshot/panlex-20191001-csv/3975#51728163>				<https://panlex.org/snapshot/panlex-20191001-csv/3975#51728105>		"yak"@lez	
"čʼ-va-la"@tfn	<https://panlex.org/snapshot/panlex-20191001-csv/3975#51733537>				<https://panlex.org/snapshot/panlex-20191001-csv/3975#51733483>		"tːar"@lez	
"=qacʼ-a"@tfn	<https://panlex.org/snapshot/panlex-20191001-csv/3975#51730329>				<https://panlex.org/snapshot/panlex-20191001-csv/3975#51730289>		"duwˈul"@lez	
"qʼǝs"@tfn	<https://panlex.org/snapshot/panlex-20191001-csv/3975#51722439>				<https://panlex.org/snapshot/panlex-20191001-csv/3975#51722405>		"cːif"@lez	
"=ɬ=naz"@tfn	<https://panlex.org/snapshot/panlex-20191001-csv/3975#51727588>				<https://panlex.org/snapshot/panlex-20191001-csv/3975#51727551>		"yärʁˈi"@lez	
"=pa"@tfn	<https://panlex.org/snapshot/panlex-20191001-csv/3975#51732494>				<https://panlex.org/snapshot/panlex-20191001-csv/3975#51732455>		"sirnˈaw-"@lez	
"čʰi==t=ɬ=yuq"@tfn	<https://panlex.org/snapshot/panlex-20191001-csv/3975#51726738>				<https://panlex.org/snapshot/panlex-20191001-csv/3975#51726686>		"r=äqʼˈi-"@lez	
"čʰi==t=ɬ=yuq"@tfn	<https://panlex.org/snapshot/panlex-20191001-csv/3975#51726738>				<https://panlex.org/snapshot/panlex-20191001-csv/3975#51726687>		"qʼˈe-"@lez	
"=ɬ=kʰuʁ"@tfn	<https://panlex.org/snapshot/panlex-20191001-csv/3975#51721198>				<https://panlex.org/snapshot/panlex-20191001-csv/3975#51721151>		"čʼiqˈi"@lez	
"=iqʼti"@tfn	<https://panlex.org/snapshot/panlex-20191001-csv/3975#51726268>				<https://panlex.org/snapshot/panlex-20191001-csv/3975#51726218>		"rikʼ"@lez	
"=n=cʼǝs-a"@tfn	<https://panlex.org/snapshot/panlex-20191001-csv/3975#51731026>				<https://panlex.org/snapshot/panlex-20191001-csv/3975#51730981>		"fin"@lez	
"=lu=qǝn-ʔa"@tfn	<https://panlex.org/snapshot/panlex-20191001-csv/3975#51722323>				<https://panlex.org/snapshot/panlex-20191001-csv/3975#51722268>		"kek"@lez	
"cʼ-pa-la"@tfn	<https://panlex.org/snapshot/panlex-20191001-csv/3975#51733540>				<https://panlex.org/snapshot/panlex-20191001-csv/3975#51733483>		"tːar"@lez	
"=tʼu"@tfn	<https://panlex.org/snapshot/panlex-20191001-csv/3975#51724397>				<https://panlex.org/snapshot/panlex-20191001-csv/3975#51724358>		"cʼap-ˈur"@lez	
"čǝʁ-ʔa"@tfn	<https://panlex.org/snapshot/panlex-20191001-csv/3975#51723522>				<https://panlex.org/snapshot/panlex-20191001-csv/3975#51723472>		"yab"@lez	
"čʰi==t=ɬ=yuq"@tfn	<https://panlex.org/snapshot/panlex-20191001-csv/3975#51726739>				<https://panlex.org/snapshot/panlex-20191001-csv/3975#51726686>		"r=äqʼˈi-"@lez	
"čʰi==t=ɬ=yuq"@tfn	<https://panlex.org/snapshot/panlex-20191001-csv/3975#51726739>				<https://panlex.org/snapshot/panlex-20191001-csv/3975#51726687>		"qʼˈe-"@lez	
"kʼ=čʰan qʰi-ti-l-tʼan-i"@tfn	<https://panlex.org/snapshot/panlex-20191001-csv/3975#51725516>				<https://panlex.org/snapshot/panlex-20191001-csv/3975#51725482>		"qːacːˈu"@lez	
"=tǝl"@tfn	<https://panlex.org/snapshot/panlex-20191001-csv/3975#51730063>				<https://panlex.org/snapshot/panlex-20191001-csv/3975#51730012>		"yarˈu"@lez	
"=tu"@tfn	<https://panlex.org/snapshot/panlex-20191001-csv/3975#51728574>				<https://panlex.org/snapshot/panlex-20191001-csv/3975#51728522>		"siw"@lez	
"tʁili"@tfn	<https://panlex.org/snapshot/panlex-20191001-csv/3975#51728424>				<https://panlex.org/snapshot/panlex-20191001-csv/3975#51728387>		"daʁ"@lez	
"ti=tǝ=cʰik-i"@tfn	<https://panlex.org/snapshot/panlex-20191001-csv/3975#51735120>				<https://panlex.org/snapshot/panlex-20191001-csv/3975#51735080>		"qʸpːˈi"@lez	
"=cʼǝn"@tfn	<https://panlex.org/snapshot/panlex-20191001-csv/3975#51721906>				<https://panlex.org/snapshot/panlex-20191001-csv/3975#51721860>		"kʼarˈab"@lez	
"=ʁi"@tfn	<https://panlex.org/snapshot/panlex-20191001-csv/3975#51733389>				<https://panlex.org/snapshot/panlex-20191001-csv/3975#51733337>		"sas"@lez	
"=ɬ=nǝy"@tfn	<https://panlex.org/snapshot/panlex-20191001-csv/3975#51727591>				<https://panlex.org/snapshot/panlex-20191001-csv/3975#51727551>		"yärʁˈi"@lez	
"=tʼun"@tfn	<https://panlex.org/snapshot/panlex-20191001-csv/3975#51727167>				<https://panlex.org/snapshot/panlex-20191001-csv/3975#51727111>		"beš"@lez	
"kʼ=tʼičʼ-a"@tfn	<https://panlex.org/snapshot/panlex-20191001-csv/3975#51720927>				<https://panlex.org/snapshot/panlex-20191001-csv/3975#51720887>		"čikːal"@lez	
"ʁǝ=l=ca-y"@tfn	<https://panlex.org/snapshot/panlex-20191001-csv/3975#51728312>				<https://panlex.org/snapshot/panlex-20191001-csv/3975#51728263>		"warʒ"@lez	
"sǝm"@tfn	<https://panlex.org/snapshot/panlex-20191001-csv/3975#51732065>				<https://panlex.org/snapshot/panlex-20191001-csv/3975#51732013>		"ʁed"@lez	
"=qʼǝn"@tfn	<https://panlex.org/snapshot/panlex-20191001-csv/3975#51722183>				<https://panlex.org/snapshot/panlex-20191001-csv/3975#51722133>		"kːu-"@lez	
"=ʁay-a"@tfn	<https://panlex.org/snapshot/panlex-20191001-csv/3975#51723975>				<https://panlex.org/snapshot/panlex-20191001-csv/3975#51723930>		"kːakːˈa"@lez	
"n=ʔu-yi"@tfn	<https://panlex.org/snapshot/panlex-20191001-csv/3975#51732366>				<https://panlex.org/snapshot/panlex-20191001-csv/3975#51732307>		"raʁ"@lez	
"na-y-na"@tfn	<https://panlex.org/snapshot/panlex-20191001-csv/3975#51734381>				<https://panlex.org/snapshot/panlex-20191001-csv/3975#51734294>		"ču-n"@lez	
"sin"@tfn	<https://panlex.org/snapshot/panlex-20191001-csv/3975#51732062>				<https://panlex.org/snapshot/panlex-20191001-csv/3975#51732013>		"ʁed"@lez	
"=čʼiš"@tfn	<https://panlex.org/snapshot/panlex-20191001-csv/3975#51723375>				<https://panlex.org/snapshot/panlex-20191001-csv/3975#51723331>		"qʼurˈa-y"@lez	
"ši"@tfn	<https://panlex.org/snapshot/panlex-20191001-csv/3975#51726585>				<https://panlex.org/snapshot/panlex-20191001-csv/3975#51726509>		"zu-n"@lez	
"ʁi-n-i"@tfn	<https://panlex.org/snapshot/panlex-20191001-csv/3975#51732790>				<https://panlex.org/snapshot/panlex-20191001-csv/3975#51732742>		"a=tʼˈa"@lez	
"nu-tʰ-ay"@tfn	<https://panlex.org/snapshot/panlex-20191001-csv/3975#51733703>				<https://panlex.org/snapshot/panlex-20191001-csv/3975#51733647>		"qʼʷe"@lez	
"šakǝla"@tfn	<https://panlex.org/snapshot/panlex-20191001-csv/3975#51724698>				<https://panlex.org/snapshot/panlex-20191001-csv/3975#51724651>		"ʁed"@lez	
"miɬni"@tfn	<https://panlex.org/snapshot/panlex-20191001-csv/3975#51734167>				<https://panlex.org/snapshot/panlex-20191001-csv/3975#51734112>		"yad"@lez	
"=mamʔa"@tfn	<https://panlex.org/snapshot/panlex-20191001-csv/3975#51722042>				<https://panlex.org/snapshot/panlex-20191001-csv/3975#51721991>		"χur"@lez	
"kʰun"@tfn	<https://panlex.org/snapshot/panlex-20191001-csv/3975#51729925>				<https://panlex.org/snapshot/panlex-20191001-csv/3975#51729878>		"marf"@lez	
"l=cʰǝʁ-i"@tfn	<https://panlex.org/snapshot/panlex-20191001-csv/3975#51735119>				<https://panlex.org/snapshot/panlex-20191001-csv/3975#51735080>		"qʸpːˈi"@lez	
"vinɬni"@tfn	<https://panlex.org/snapshot/panlex-20191001-csv/3975#51734163>				<https://panlex.org/snapshot/panlex-20191001-csv/3975#51734112>		"yad"@lez	
"=n=cʰi"@tfn	<https://panlex.org/snapshot/panlex-20191001-csv/3975#51725967>				<https://panlex.org/snapshot/panlex-20191001-csv/3975#51725913>		"qʼil"@lez	
"=tu"@tfn	<https://panlex.org/snapshot/panlex-20191001-csv/3975#51731185>				<https://panlex.org/snapshot/panlex-20191001-csv/3975#51731120>		"az=ˈuqʼ-"@lez	
"=tu"@tfn	<https://panlex.org/snapshot/panlex-20191001-csv/3975#51728580>				<https://panlex.org/snapshot/panlex-20191001-csv/3975#51728522>		"siw"@lez	
"sǝm"@tfn	<https://panlex.org/snapshot/panlex-20191001-csv/3975#51732068>				<https://panlex.org/snapshot/panlex-20191001-csv/3975#51732013>		"ʁed"@lez	
"=naʁ-a"@tfn	<https://panlex.org/snapshot/panlex-20191001-csv/3975#51724135>				<https://panlex.org/snapshot/panlex-20191001-csv/3975#51724079>		"wil"@lez	
"=n=cʼǝs-ʔa"@tfn	<https://panlex.org/snapshot/panlex-20191001-csv/3975#51731023>				<https://panlex.org/snapshot/panlex-20191001-csv/3975#51730981>		"fin"@lez	
"=zaqʼ"@tfn	<https://panlex.org/snapshot/panlex-20191001-csv/3975#51728577>				<https://panlex.org/snapshot/panlex-20191001-csv/3975#51728522>		"siw"@lez	
"cʼǝɬ-"@tfn	<https://panlex.org/snapshot/panlex-20191001-csv/3975#51729631>				<https://panlex.org/snapshot/panlex-20191001-csv/3975#51729574>		"sa"@lez	
"ya=ta"@tfn	<https://panlex.org/snapshot/panlex-20191001-csv/3975#51734544>				<https://panlex.org/snapshot/panlex-20191001-csv/3975#51734492>		"wu=č"@lez	
"=qʼǝn"@tfn	<https://panlex.org/snapshot/panlex-20191001-csv/3975#51722180>				<https://panlex.org/snapshot/panlex-20191001-csv/3975#51722133>		"kːu-"@lez	
"nǝn"@tfn	<https://panlex.org/snapshot/panlex-20191001-csv/3975#51733083>				<https://panlex.org/snapshot/panlex-20191001-csv/3975#51733034>		"wu-n"@lez	
"χuʁ"@tfn	<https://panlex.org/snapshot/panlex-20191001-csv/3975#51735523>				<https://panlex.org/snapshot/panlex-20191001-csv/3975#51735474>		"maqʼʷa"@lez	
"pa=ta"@tfn	<https://panlex.org/snapshot/panlex-20191001-csv/3975#51734825>				<https://panlex.org/snapshot/panlex-20191001-csv/3975#51734769>		"wu=ž"@lez	
"=ta"@tfn	<https://panlex.org/snapshot/panlex-20191001-csv/3975#51726400>				<https://panlex.org/snapshot/panlex-20191001-csv/3975#51726351>		"karč"@lez	
"ɬi-kʼa"@tfn	<https://panlex.org/snapshot/panlex-20191001-csv/3975#51723071>				<https://panlex.org/snapshot/panlex-20191001-csv/3975#51723018>		"kicʼ"@lez	
"ɬ=čʼǝy"@tfn	<https://panlex.org/snapshot/panlex-20191001-csv/3975#51736216>				<https://panlex.org/snapshot/panlex-20191001-csv/3975#51736162>		"ɣar"@lez	
"suy"@tfn	<https://panlex.org/snapshot/panlex-20191001-csv/3975#51730561>				<https://panlex.org/snapshot/panlex-20191001-csv/3975#51730520>		"qːum"@lez	
"=ɬ=qǝčʼ"@tfn	<https://panlex.org/snapshot/panlex-20191001-csv/3975#51735788>				<https://panlex.org/snapshot/panlex-20191001-csv/3975#51735743>		"kːʷerˈi"@lez	
"nǝ-x"@tfn	<https://panlex.org/snapshot/panlex-20191001-csv/3975#51726129>				<https://panlex.org/snapshot/panlex-20191001-csv/3975#51726072>		"wan že-"@lez	
"=qʼǝχ"@tfn	<https://panlex.org/snapshot/panlex-20191001-csv/3975#51724277>				<https://panlex.org/snapshot/panlex-20191001-csv/3975#51724228>		"maqʼ"@lez	
"qʼu-ti-qʰǝ-ya-ʔa"@tfn	<https://panlex.org/snapshot/panlex-20191001-csv/3975#51728988>				<https://panlex.org/snapshot/panlex-20191001-csv/3975#51728948>		"cʼeyˈi"@lez	
"qʰuχtʼan-a"@tfn	<https://panlex.org/snapshot/panlex-20191001-csv/3975#51729779>				<https://panlex.org/snapshot/panlex-20191001-csv/3975#51729725>		"insˈan"@lez	
"qʰuχtʼan-a"@tfn	<https://panlex.org/snapshot/panlex-20191001-csv/3975#51727864>				<https://panlex.org/snapshot/panlex-20191001-csv/3975#51727811>		"tːim"@lez	
"ɬi-kʼa"@tfn	<https://panlex.org/snapshot/panlex-20191001-csv/3975#51723074>				<https://panlex.org/snapshot/panlex-20191001-csv/3975#51723018>		"kicʼ"@lez	
"kʼuštʼa"@tfn	<https://panlex.org/snapshot/panlex-20191001-csv/3975#51729471>				<https://panlex.org/snapshot/panlex-20191001-csv/3975#51729402>		"=č"@lez	
"=yu"@tfn	<https://panlex.org/snapshot/panlex-20191001-csv/3975#51722755>				<https://panlex.org/snapshot/panlex-20191001-csv/3975#51722680>		"qːʷe-"@lez	
"=yu"@tfn	<https://panlex.org/snapshot/panlex-20191001-csv/3975#51722755>				<https://panlex.org/snapshot/panlex-20191001-csv/3975#51722681>		"atːˈa-"@lez	
"=yu"@tfn	<https://panlex.org/snapshot/panlex-20191001-csv/3975#51733867>				<https://panlex.org/snapshot/panlex-20191001-csv/3975#51733804>		"šu-"@lez	
"ya=ʁǝl-i"@tfn	<https://panlex.org/snapshot/panlex-20191001-csv/3975#51725397>				<https://panlex.org/snapshot/panlex-20191001-csv/3975#51725351>		"qisˈe-n"@lez	
"=l=qǝy"@tfn	<https://panlex.org/snapshot/panlex-20191001-csv/3975#51734674>				<https://panlex.org/snapshot/panlex-20191001-csv/3975#51734636>		"lacːˈu"@lez	
"kʰi=š=tʼa"@tfn	<https://panlex.org/snapshot/panlex-20191001-csv/3975#51728003>				<https://panlex.org/snapshot/panlex-20191001-csv/3975#51727960>		"gizˈaf"@lez	
"=l=tʼun"@tfn	<https://panlex.org/snapshot/panlex-20191001-csv/3975#51736060>				<https://panlex.org/snapshot/panlex-20191001-csv/3975#51736025>		"qʼelˈečʼ"@lez	
"=l=tʼun"@tfn	<https://panlex.org/snapshot/panlex-20191001-csv/3975#51736060>				<https://panlex.org/snapshot/panlex-20191001-csv/3975#51736026>		"šükʼˈü"@lez	
"ɬuqʼa"@tfn	<https://panlex.org/snapshot/panlex-20191001-csv/3975#51724701>				<https://panlex.org/snapshot/panlex-20191001-csv/3975#51724651>		"ʁed"@lez	
"kʰa=ta=ɬ=tʰin"@tfn	<https://panlex.org/snapshot/panlex-20191001-csv/3975#51721766>				<https://panlex.org/snapshot/panlex-20191001-csv/3975#51721715>		"i-wˈi"@lez	
"qaqa-sla"@tfn	<https://panlex.org/snapshot/panlex-20191001-csv/3975#51721347>				<https://panlex.org/snapshot/panlex-20191001-csv/3975#51721292>		"qːuš"@lez	
"=yǝs"@tfn	<https://panlex.org/snapshot/panlex-20191001-csv/3975#51731338>				<https://panlex.org/snapshot/panlex-20191001-csv/3975#51731282>		"χam"@lez	
"ǝyu"@tfn	<https://panlex.org/snapshot/panlex-20191001-csv/3975#51727716>				<https://panlex.org/snapshot/panlex-20191001-csv/3975#51727675>		"net"@lez	
"qwa"@tfn	<https://panlex.org/snapshot/panlex-20191001-csv/3975#51731636>				<https://panlex.org/snapshot/panlex-20191001-csv/3975#51731589>		"ʁʷačʼˈi"@lez	
"=yǝtʼ"@tfn	<https://panlex.org/snapshot/panlex-20191001-csv/3975#51727460>				<https://panlex.org/snapshot/panlex-20191001-csv/3975#51727412>		"läqʼ"@lez	
"=yu"@tfn	<https://panlex.org/snapshot/panlex-20191001-csv/3975#51733865>				<https://panlex.org/snapshot/panlex-20191001-csv/3975#51733804>		"šu-"@lez	
"=yu"@tfn	<https://panlex.org/snapshot/panlex-20191001-csv/3975#51722753>				<https://panlex.org/snapshot/panlex-20191001-csv/3975#51722680>		"qːʷe-"@lez	
"=yu"@tfn	<https://panlex.org/snapshot/panlex-20191001-csv/3975#51722753>				<https://panlex.org/snapshot/panlex-20191001-csv/3975#51722681>		"atːˈa-"@lez	
"na-yi"@tfn	<https://panlex.org/snapshot/panlex-20191001-csv/3975#51734378>				<https://panlex.org/snapshot/panlex-20191001-csv/3975#51734294>		"ču-n"@lez	
"=qʼǝs"@tfn	<https://panlex.org/snapshot/panlex-20191001-csv/3975#51728853>				<https://panlex.org/snapshot/panlex-20191001-csv/3975#51728810>		"gardˈan"@lez	
"ǝ=ži"@tfn	<https://panlex.org/snapshot/panlex-20191001-csv/3975#51722574>				<https://panlex.org/snapshot/panlex-20191001-csv/3975#51722530>		"qːa-yˈi"@lez	
"ɬ=čʼǝy"@tfn	<https://panlex.org/snapshot/panlex-20191001-csv/3975#51736215>				<https://panlex.org/snapshot/panlex-20191001-csv/3975#51736162>		"ɣar"@lez	
"=i=ži"@tfn	<https://panlex.org/snapshot/panlex-20191001-csv/3975#51728720>				<https://panlex.org/snapshot/panlex-20191001-csv/3975#51728667>		"tʼar"@lez	
"nu-tʰ-a"@tfn	<https://panlex.org/snapshot/panlex-20191001-csv/3975#51733702>				<https://panlex.org/snapshot/panlex-20191001-csv/3975#51733647>		"qʼʷe"@lez	
"tǝ=ʁ=kʼis-ǝn"@tfn	<https://panlex.org/snapshot/panlex-20191001-csv/3975#51734990>				<https://panlex.org/snapshot/panlex-20191001-csv/3975#51734929>		"pːab"@lez	
"qʰa=ɬ=nik-i"@tfn	<https://panlex.org/snapshot/panlex-20191001-csv/3975#51732207>				<https://panlex.org/snapshot/panlex-20191001-csv/3975#51732160>		"qːʷan"@lez	
"ki-n-i"@tfn	<https://panlex.org/snapshot/panlex-20191001-csv/3975#51732940>				<https://panlex.org/snapshot/panlex-20191001-csv/3975#51732892>		"i"@lez	
"ki-n"@tfn	<https://panlex.org/snapshot/panlex-20191001-csv/3975#51732945>				<https://panlex.org/snapshot/panlex-20191001-csv/3975#51732892>		"i"@lez	
"kʰa=ta=ɬ=tʰin"@tfn	<https://panlex.org/snapshot/panlex-20191001-csv/3975#51721765>				<https://panlex.org/snapshot/panlex-20191001-csv/3975#51721715>		"i-wˈi"@lez	
"=kʰa-čat-a"@tfn	<https://panlex.org/snapshot/panlex-20191001-csv/3975#51732633>				<https://panlex.org/snapshot/panlex-20191001-csv/3975#51732583>		"tːum"@lez	
"=ɬ=naz"@tfn	<https://panlex.org/snapshot/panlex-20191001-csv/3975#51727590>				<https://panlex.org/snapshot/panlex-20191001-csv/3975#51727551>		"yärʁˈi"@lez	
"=cʰi=la"@tfn	<https://panlex.org/snapshot/panlex-20191001-csv/3975#51733237>				<https://panlex.org/snapshot/panlex-20191001-csv/3975#51733183>		"meʒ"@lez	
"=tʰa-n"@tfn	<https://panlex.org/snapshot/panlex-20191001-csv/3975#51727316>				<https://panlex.org/snapshot/panlex-20191001-csv/3975#51727263>		"qːat=xˈi-"@lez	
"kʼ=tʼičʼ-a"@tfn	<https://panlex.org/snapshot/panlex-20191001-csv/3975#51720928>				<https://panlex.org/snapshot/panlex-20191001-csv/3975#51720887>		"čikːal"@lez	
"ya-ta"@tfn	<https://panlex.org/snapshot/panlex-20191001-csv/3975#51734549>				<https://panlex.org/snapshot/panlex-20191001-csv/3975#51734492>		"wu=č"@lez	
"=tʰa-n"@tfn	<https://panlex.org/snapshot/panlex-20191001-csv/3975#51727318>				<https://panlex.org/snapshot/panlex-20191001-csv/3975#51727263>		"qːat=xˈi-"@lez	
"=qǝn"@tfn	<https://panlex.org/snapshot/panlex-20191001-csv/3975#51723377>				<https://panlex.org/snapshot/panlex-20191001-csv/3975#51723331>		"qʼurˈa-y"@lez	
"=tay-a"@tfn	<https://panlex.org/snapshot/panlex-20191001-csv/3975#51726402>				<https://panlex.org/snapshot/panlex-20191001-csv/3975#51726351>		"karč"@lez	
"=zǝtʼ"@tfn	<https://panlex.org/snapshot/panlex-20191001-csv/3975#51727459>				<https://panlex.org/snapshot/panlex-20191001-csv/3975#51727412>		"läqʼ"@lez	
"qʰuχtʼan-a"@tfn	<https://panlex.org/snapshot/panlex-20191001-csv/3975#51727866>				<https://panlex.org/snapshot/panlex-20191001-csv/3975#51727811>		"tːim"@lez	
"qʰuχtʼan-a"@tfn	<https://panlex.org/snapshot/panlex-20191001-csv/3975#51729781>				<https://panlex.org/snapshot/panlex-20191001-csv/3975#51729725>		"insˈan"@lez	
"=cʼǝn-a"@tfn	<https://panlex.org/snapshot/panlex-20191001-csv/3975#51721909>				<https://panlex.org/snapshot/panlex-20191001-csv/3975#51721860>		"kʼarˈab"@lez	
"qʰa=ɬ=nik-i"@tfn	<https://panlex.org/snapshot/panlex-20191001-csv/3975#51732204>				<https://panlex.org/snapshot/panlex-20191001-csv/3975#51732160>		"qːʷan"@lez	
"=n=ʁ=ʔi"@tfn	<https://panlex.org/snapshot/panlex-20191001-csv/3975#51725970>				<https://panlex.org/snapshot/panlex-20191001-csv/3975#51725913>		"qʼil"@lez	
"=l=qʰat"@tfn	<https://panlex.org/snapshot/panlex-20191001-csv/3975#51723837>				<https://panlex.org/snapshot/panlex-20191001-csv/3975#51723771>		"tʼü-"@lez	
"=l=qʰat"@tfn	<https://panlex.org/snapshot/panlex-20191001-csv/3975#51723837>				<https://panlex.org/snapshot/panlex-20191001-csv/3975#51723770>		"ne-"@lez	
"tǝl"@tfn	<https://panlex.org/snapshot/panlex-20191001-csv/3975#51721768>				<https://panlex.org/snapshot/panlex-20191001-csv/3975#51721715>		"i-wˈi"@lez	
"=t=nun"@tfn	<https://panlex.org/snapshot/panlex-20191001-csv/3975#51723238>				<https://panlex.org/snapshot/panlex-20191001-csv/3975#51723173>		"qʷa-"@lez	
"=naʁ-ʔa"@tfn	<https://panlex.org/snapshot/panlex-20191001-csv/3975#51724132>				<https://panlex.org/snapshot/panlex-20191001-csv/3975#51724079>		"wil"@lez	
"kʰaʔa"@tfn	<https://panlex.org/snapshot/panlex-20191001-csv/3975#51721199>				<https://panlex.org/snapshot/panlex-20191001-csv/3975#51721151>		"čʼiqˈi"@lez	
"ki-n-i"@tfn	<https://panlex.org/snapshot/panlex-20191001-csv/3975#51732938>				<https://panlex.org/snapshot/panlex-20191001-csv/3975#51732892>		"i"@lez	
"=ti"@tfn	<https://panlex.org/snapshot/panlex-20191001-csv/3975#51728578>				<https://panlex.org/snapshot/panlex-20191001-csv/3975#51728522>		"siw"@lez	
"=cʼǝs"@tfn	<https://panlex.org/snapshot/panlex-20191001-csv/3975#51726882>				<https://panlex.org/snapshot/panlex-20191001-csv/3975#51726834>		"met"@lez	
"=mamʔa"@tfn	<https://panlex.org/snapshot/panlex-20191001-csv/3975#51722041>				<https://panlex.org/snapshot/panlex-20191001-csv/3975#51721991>		"χur"@lez	
"=qʼǝs"@tfn	<https://panlex.org/snapshot/panlex-20191001-csv/3975#51728856>				<https://panlex.org/snapshot/panlex-20191001-csv/3975#51728810>		"gardˈan"@lez	
"cʼǝɬ-"@tfn	<https://panlex.org/snapshot/panlex-20191001-csv/3975#51729629>				<https://panlex.org/snapshot/panlex-20191001-csv/3975#51729574>		"sa"@lez	
"χǝyi"@tfn	<https://panlex.org/snapshot/panlex-20191001-csv/3975#51736462>				<https://panlex.org/snapshot/panlex-20191001-csv/3975#51736413>		"yis"@lez	
"=qʼǝn"@tfn	<https://panlex.org/snapshot/panlex-20191001-csv/3975#51722181>				<https://panlex.org/snapshot/panlex-20191001-csv/3975#51722133>		"kːu-"@lez	
"cʼǝɬ-"@tfn	<https://panlex.org/snapshot/panlex-20191001-csv/3975#51729630>				<https://panlex.org/snapshot/panlex-20191001-csv/3975#51729574>		"sa"@lez	
"=lu=qǝn-a"@tfn	<https://panlex.org/snapshot/panlex-20191001-csv/3975#51722322>				<https://panlex.org/snapshot/panlex-20191001-csv/3975#51722268>		"kek"@lez	
"=ɬ=čʰǝkʼ"@tfn	<https://panlex.org/snapshot/panlex-20191001-csv/3975#51731634>				<https://panlex.org/snapshot/panlex-20191001-csv/3975#51731589>		"ʁʷačʼˈi"@lez	
"ǝyu"@tfn	<https://panlex.org/snapshot/panlex-20191001-csv/3975#51727719>				<https://panlex.org/snapshot/panlex-20191001-csv/3975#51727675>		"net"@lez	
"l=cʰǝʁ-i"@tfn	<https://panlex.org/snapshot/panlex-20191001-csv/3975#51735121>				<https://panlex.org/snapshot/panlex-20191001-csv/3975#51735080>		"qʸpːˈi"@lez	
"minɬni"@tfn	<https://panlex.org/snapshot/panlex-20191001-csv/3975#51734164>				<https://panlex.org/snapshot/panlex-20191001-csv/3975#51734112>		"yad"@lez	
"kʰun"@tfn	<https://panlex.org/snapshot/panlex-20191001-csv/3975#51729923>				<https://panlex.org/snapshot/panlex-20191001-csv/3975#51729878>		"marf"@lez	
"=n=čʰix"@tfn	<https://panlex.org/snapshot/panlex-20191001-csv/3975#51729299>				<https://panlex.org/snapshot/panlex-20191001-csv/3975#51729245>		"ner"@lez	
"ɬač"@tfn	<https://panlex.org/snapshot/panlex-20191001-csv/3975#51723666>				<https://panlex.org/snapshot/panlex-20191001-csv/3975#51723619>		"rug"@lez	
"piɬni"@tfn	<https://panlex.org/snapshot/panlex-20191001-csv/3975#51734168>				<https://panlex.org/snapshot/panlex-20191001-csv/3975#51734112>		"yad"@lez	
"va=ta"@tfn	<https://panlex.org/snapshot/panlex-20191001-csv/3975#51734819>				<https://panlex.org/snapshot/panlex-20191001-csv/3975#51734769>		"wu=ž"@lez	
"=ƛʼǝčʼ"@tfn	<https://panlex.org/snapshot/panlex-20191001-csv/3975#51721617>				<https://panlex.org/snapshot/panlex-20191001-csv/3975#51721572>		"čʼulˈaw"@lez	
"qʼu-ti-ti"@tfn	<https://panlex.org/snapshot/panlex-20191001-csv/3975#51728991>				<https://panlex.org/snapshot/panlex-20191001-csv/3975#51728948>		"cʼeyˈi"@lez	
"=ʁǝs"@tfn	<https://panlex.org/snapshot/panlex-20191001-csv/3975#51721907>				<https://panlex.org/snapshot/panlex-20191001-csv/3975#51721860>		"kʼarˈab"@lez	
"kʰi=š=tʼa"@tfn	<https://panlex.org/snapshot/panlex-20191001-csv/3975#51728005>				<https://panlex.org/snapshot/panlex-20191001-csv/3975#51727960>		"gizˈaf"@lez	
"sin"@tfn	<https://panlex.org/snapshot/panlex-20191001-csv/3975#51732069>				<https://panlex.org/snapshot/panlex-20191001-csv/3975#51732013>		"ʁed"@lez	
"sǝn"@tfn	<https://panlex.org/snapshot/panlex-20191001-csv/3975#51732070>				<https://panlex.org/snapshot/panlex-20191001-csv/3975#51732013>		"ʁed"@lez	
"=san"@tfn	<https://panlex.org/snapshot/panlex-20191001-csv/3975#51731918>				<https://panlex.org/snapshot/panlex-20191001-csv/3975#51731870>		"aqːʷ=ˈaz-"@lez	
"kʼ=cʰǝn"@tfn	<https://panlex.org/snapshot/panlex-20191001-csv/3975#51728164>				<https://panlex.org/snapshot/panlex-20191001-csv/3975#51728105>		"yak"@lez	
"=ci-l-ʔu"@tfn	<https://panlex.org/snapshot/panlex-20191001-csv/3975#51723525>				<https://panlex.org/snapshot/panlex-20191001-csv/3975#51723472>		"yab"@lez	
"=zǝtʼ"@tfn	<https://panlex.org/snapshot/panlex-20191001-csv/3975#51727457>				<https://panlex.org/snapshot/panlex-20191001-csv/3975#51727412>		"läqʼ"@lez	
"suɣi"@tfn	<https://panlex.org/snapshot/panlex-20191001-csv/3975#51730560>				<https://panlex.org/snapshot/panlex-20191001-csv/3975#51730520>		"qːum"@lez	
"=ɬ=qǝčʼ"@tfn	<https://panlex.org/snapshot/panlex-20191001-csv/3975#51735790>				<https://panlex.org/snapshot/panlex-20191001-csv/3975#51735743>		"kːʷerˈi"@lez	
"=tʼun"@tfn	<https://panlex.org/snapshot/panlex-20191001-csv/3975#51727166>				<https://panlex.org/snapshot/panlex-20191001-csv/3975#51727111>		"beš"@lez	
"qʼu-ti-qʰǝ-ya-ʔa"@tfn	<https://panlex.org/snapshot/panlex-20191001-csv/3975#51728986>				<https://panlex.org/snapshot/panlex-20191001-csv/3975#51728948>		"cʼeyˈi"@lez	
"ƛʼaqʼ"@tfn	<https://panlex.org/snapshot/panlex-20191001-csv/3975#51729143>				<https://panlex.org/snapshot/panlex-20191001-csv/3975#51729087>		"yif"@lez	
"=ʁaž-ʔa"@tfn	<https://panlex.org/snapshot/panlex-20191001-csv/3975#51723974>				<https://panlex.org/snapshot/panlex-20191001-csv/3975#51723930>		"kːakːˈa"@lez	
"=tʼu"@tfn	<https://panlex.org/snapshot/panlex-20191001-csv/3975#51724399>				<https://panlex.org/snapshot/panlex-20191001-csv/3975#51724358>		"cʼap-ˈur"@lez	
"=ʁaž-a"@tfn	<https://panlex.org/snapshot/panlex-20191001-csv/3975#51723973>				<https://panlex.org/snapshot/panlex-20191001-csv/3975#51723930>		"kːakːˈa"@lez	
"=qʼǝχ"@tfn	<https://panlex.org/snapshot/panlex-20191001-csv/3975#51724275>				<https://panlex.org/snapshot/panlex-20191001-csv/3975#51724228>		"maqʼ"@lez	
"=tʼu"@tfn	<https://panlex.org/snapshot/panlex-20191001-csv/3975#51724398>				<https://panlex.org/snapshot/panlex-20191001-csv/3975#51724358>		"cʼap-ˈur"@lez	
"ti=t=čʰik-i"@tfn	<https://panlex.org/snapshot/panlex-20191001-csv/3975#51735114>				<https://panlex.org/snapshot/panlex-20191001-csv/3975#51735080>		"qʸpːˈi"@lez	
"n=ʔu-yi"@tfn	<https://panlex.org/snapshot/panlex-20191001-csv/3975#51732365>				<https://panlex.org/snapshot/panlex-20191001-csv/3975#51732307>		"raʁ"@lez	
"=lu=qǝn-ʔa"@tfn	<https://panlex.org/snapshot/panlex-20191001-csv/3975#51722321>				<https://panlex.org/snapshot/panlex-20191001-csv/3975#51722268>		"kek"@lez	
"=i=ži"@tfn	<https://panlex.org/snapshot/panlex-20191001-csv/3975#51728718>				<https://panlex.org/snapshot/panlex-20191001-csv/3975#51728667>		"tʼar"@lez	
"ti=tǝ=čʰik-i"@tfn	<https://panlex.org/snapshot/panlex-20191001-csv/3975#51735118>				<https://panlex.org/snapshot/panlex-20191001-csv/3975#51735080>		"qʸpːˈi"@lez	
"kʼ=čʰan qʰi-ti-l-tʼan-i"@tfn	<https://panlex.org/snapshot/panlex-20191001-csv/3975#51725520>				<https://panlex.org/snapshot/panlex-20191001-csv/3975#51725482>		"qːacːˈu"@lez	
"nǝn"@tfn	<https://panlex.org/snapshot/panlex-20191001-csv/3975#51733084>				<https://panlex.org/snapshot/panlex-20191001-csv/3975#51733034>		"wu-n"@lez	
"=zǝtʼ"@tfn	<https://panlex.org/snapshot/panlex-20191001-csv/3975#51727458>				<https://panlex.org/snapshot/panlex-20191001-csv/3975#51727412>		"läqʼ"@lez	
"quya"@tfn	<https://panlex.org/snapshot/panlex-20191001-csv/3975#51731635>				<https://panlex.org/snapshot/panlex-20191001-csv/3975#51731589>		"ʁʷačʼˈi"@lez	
"=l=qʰat"@tfn	<https://panlex.org/snapshot/panlex-20191001-csv/3975#51723840>				<https://panlex.org/snapshot/panlex-20191001-csv/3975#51723771>		"tʼü-"@lez	
"=l=qʰat"@tfn	<https://panlex.org/snapshot/panlex-20191001-csv/3975#51723840>				<https://panlex.org/snapshot/panlex-20191001-csv/3975#51723770>		"ne-"@lez	
"=tʼun"@tfn	<https://panlex.org/snapshot/panlex-20191001-csv/3975#51727165>				<https://panlex.org/snapshot/panlex-20191001-csv/3975#51727111>		"beš"@lez	
"=ǝɬtʰuʁ-ʔa"@tfn	<https://panlex.org/snapshot/panlex-20191001-csv/3975#51724134>				<https://panlex.org/snapshot/panlex-20191001-csv/3975#51724079>		"wil"@lez	
"ʁi-n"@tfn	<https://panlex.org/snapshot/panlex-20191001-csv/3975#51732791>				<https://panlex.org/snapshot/panlex-20191001-csv/3975#51732742>		"a=tʼˈa"@lez	
"tʁili"@tfn	<https://panlex.org/snapshot/panlex-20191001-csv/3975#51728425>				<https://panlex.org/snapshot/panlex-20191001-csv/3975#51728387>		"daʁ"@lez	
"qʰǝn"@tfn	<https://panlex.org/snapshot/panlex-20191001-csv/3975#51724559>				<https://panlex.org/snapshot/panlex-20191001-csv/3975#51724500>		"cʼay"@lez	
"si"@tfn	<https://panlex.org/snapshot/panlex-20191001-csv/3975#51726587>				<https://panlex.org/snapshot/panlex-20191001-csv/3975#51726509>		"zu-n"@lez	
"kʰun"@tfn	<https://panlex.org/snapshot/panlex-20191001-csv/3975#51729924>				<https://panlex.org/snapshot/panlex-20191001-csv/3975#51729878>		"marf"@lez	
"=V"@tfn	<https://panlex.org/snapshot/panlex-20191001-csv/3975#51729470>				<https://panlex.org/snapshot/panlex-20191001-csv/3975#51729402>		"=č"@lez	
"nu=ʔu-y"@tfn	<https://panlex.org/snapshot/panlex-20191001-csv/3975#51732369>				<https://panlex.org/snapshot/panlex-20191001-csv/3975#51732307>		"raʁ"@lez	
"=yǝs"@tfn	<https://panlex.org/snapshot/panlex-20191001-csv/3975#51731337>				<https://panlex.org/snapshot/panlex-20191001-csv/3975#51731282>		"χam"@lez	
"=tu"@tfn	<https://panlex.org/snapshot/panlex-20191001-csv/3975#51731184>				<https://panlex.org/snapshot/panlex-20191001-csv/3975#51731120>		"az=ˈuqʼ-"@lez	
"cʰi=ʁu"@tfn	<https://panlex.org/snapshot/panlex-20191001-csv/3975#51725665>				<https://panlex.org/snapshot/panlex-20191001-csv/3975#51725606>		"čʼar"@lez	
"qʼu-ti-ti"@tfn	<https://panlex.org/snapshot/panlex-20191001-csv/3975#51728989>				<https://panlex.org/snapshot/panlex-20191001-csv/3975#51728948>		"cʼeyˈi"@lez	
"=ɬ=qǝčʼ"@tfn	<https://panlex.org/snapshot/panlex-20191001-csv/3975#51735789>				<https://panlex.org/snapshot/panlex-20191001-csv/3975#51735743>		"kːʷerˈi"@lez	
"cʰakǝla"@tfn	<https://panlex.org/snapshot/panlex-20191001-csv/3975#51724702>				<https://panlex.org/snapshot/panlex-20191001-csv/3975#51724651>		"ʁed"@lez	
"nu-tʰi"@tfn	<https://panlex.org/snapshot/panlex-20191001-csv/3975#51735655>				<https://panlex.org/snapshot/panlex-20191001-csv/3975#51735611>		"qʼäl"@lez	
"=ni"@tfn	<https://panlex.org/snapshot/panlex-20191001-csv/3975#51727024>				<https://panlex.org/snapshot/panlex-20191001-csv/3975#51726971>		"čːi-"@lez	
"=ni"@tfn	<https://panlex.org/snapshot/panlex-20191001-csv/3975#51730723>				<https://panlex.org/snapshot/panlex-20191001-csv/3975#51730667>		"l=uhˈu-"@lez	
"=qʰi=sil"@tfn	<https://panlex.org/snapshot/panlex-20191001-csv/3975#51722918>				<https://panlex.org/snapshot/panlex-20191001-csv/3975#51722864>		"qʼˈe-"@lez	
"=qʰi=sil"@tfn	<https://panlex.org/snapshot/panlex-20191001-csv/3975#51722918>				<https://panlex.org/snapshot/panlex-20191001-csv/3975#51722863>		"r=äqʼˈi-"@lez	
"ɬiqʼa"@tfn	<https://panlex.org/snapshot/panlex-20191001-csv/3975#51724699>				<https://panlex.org/snapshot/panlex-20191001-csv/3975#51724651>		"ʁed"@lez	
"=qǝn"@tfn	<https://panlex.org/snapshot/panlex-20191001-csv/3975#51723374>				<https://panlex.org/snapshot/panlex-20191001-csv/3975#51723331>		"qʼurˈa-y"@lez	
"pa-ta"@tfn	<https://panlex.org/snapshot/panlex-20191001-csv/3975#51734824>				<https://panlex.org/snapshot/panlex-20191001-csv/3975#51734769>		"wu=ž"@lez	
"kʼis-ǝn"@tfn	<https://panlex.org/snapshot/panlex-20191001-csv/3975#51734989>				<https://panlex.org/snapshot/panlex-20191001-csv/3975#51734929>		"pːab"@lez	
"ɬuqʼu"@tfn	<https://panlex.org/snapshot/panlex-20191001-csv/3975#51720656>				<https://panlex.org/snapshot/panlex-20191001-csv/3975#51720611>		"warˈi"@lez	
"=l=tʼun"@tfn	<https://panlex.org/snapshot/panlex-20191001-csv/3975#51736061>				<https://panlex.org/snapshot/panlex-20191001-csv/3975#51736025>		"qʼelˈečʼ"@lez	
"=l=tʼun"@tfn	<https://panlex.org/snapshot/panlex-20191001-csv/3975#51736061>				<https://panlex.org/snapshot/panlex-20191001-csv/3975#51736026>		"šükʼˈü"@lez	
"qʼu-ti-qʰǝ-ya-ʔa"@tfn	<https://panlex.org/snapshot/panlex-20191001-csv/3975#51728990>				<https://panlex.org/snapshot/panlex-20191001-csv/3975#51728948>		"cʼeyˈi"@lez	
"kʼ=cʰǝn"@tfn	<https://panlex.org/snapshot/panlex-20191001-csv/3975#51728161>				<https://panlex.org/snapshot/panlex-20191001-csv/3975#51728105>		"yak"@lez	
"=vǝtʼ"@tfn	<https://panlex.org/snapshot/panlex-20191001-csv/3975#51721055>				<https://panlex.org/snapshot/panlex-20191001-csv/3975#51721010>		"rufˈun"@lez	
"=iqʼti"@tfn	<https://panlex.org/snapshot/panlex-20191001-csv/3975#51726271>				<https://panlex.org/snapshot/panlex-20191001-csv/3975#51726218>		"rikʼ"@lez	
"χuʁ"@tfn	<https://panlex.org/snapshot/panlex-20191001-csv/3975#51735522>				<https://panlex.org/snapshot/panlex-20191001-csv/3975#51735474>		"maqʼʷa"@lez	
"=vǝtʼ"@tfn	<https://panlex.org/snapshot/panlex-20191001-csv/3975#51721056>				<https://panlex.org/snapshot/panlex-20191001-csv/3975#51721010>		"rufˈun"@lez	
"=ta"@tfn	<https://panlex.org/snapshot/panlex-20191001-csv/3975#51726399>				<https://panlex.org/snapshot/panlex-20191001-csv/3975#51726351>		"karč"@lez	
"kʼǝ=lač-a"@tfn	<https://panlex.org/snapshot/panlex-20191001-csv/3975#51720798>				<https://panlex.org/snapshot/panlex-20191001-csv/3975#51720756>		"rüq"@lez	
"sǝm"@tfn	<https://panlex.org/snapshot/panlex-20191001-csv/3975#51732063>				<https://panlex.org/snapshot/panlex-20191001-csv/3975#51732013>		"ʁed"@lez	
"ki-n"@tfn	<https://panlex.org/snapshot/panlex-20191001-csv/3975#51732941>				<https://panlex.org/snapshot/panlex-20191001-csv/3975#51732892>		"i"@lez	
"kʼ=tʼun qʰi-ti-l-tʼan-i"@tfn	<https://panlex.org/snapshot/panlex-20191001-csv/3975#51725515>				<https://panlex.org/snapshot/panlex-20191001-csv/3975#51725482>		"qːacːˈu"@lez	
"ki-n-i"@tfn	<https://panlex.org/snapshot/panlex-20191001-csv/3975#51732944>				<https://panlex.org/snapshot/panlex-20191001-csv/3975#51732892>		"i"@lez	
"kʼ=tʼun qʰi-ti-l-tʼan-i"@tfn	<https://panlex.org/snapshot/panlex-20191001-csv/3975#51725521>				<https://panlex.org/snapshot/panlex-20191001-csv/3975#51725482>		"qːacːˈu"@lez	
"ya-ti"@tfn	<https://panlex.org/snapshot/panlex-20191001-csv/3975#51734547>				<https://panlex.org/snapshot/panlex-20191001-csv/3975#51734492>		"wu=č"@lez	
"=kʰa"@tfn	<https://panlex.org/snapshot/panlex-20191001-csv/3975#51732634>				<https://panlex.org/snapshot/panlex-20191001-csv/3975#51732583>		"tːum"@lez	
"=qʰa"@tfn	<https://panlex.org/snapshot/panlex-20191001-csv/3975#51724977>				<https://panlex.org/snapshot/panlex-20191001-csv/3975#51724928>		"kʼʷač"@lez	
"=ʁi"@tfn	<https://panlex.org/snapshot/panlex-20191001-csv/3975#51733388>				<https://panlex.org/snapshot/panlex-20191001-csv/3975#51733337>		"sas"@lez	
"n=čʼu"@tfn	<https://panlex.org/snapshot/panlex-20191001-csv/3975#51729468>				<https://panlex.org/snapshot/panlex-20191001-csv/3975#51729402>		"=č"@lez	
"=ɬ=tuz"@tfn	<https://panlex.org/snapshot/panlex-20191001-csv/3975#51735377>				<https://panlex.org/snapshot/panlex-20191001-csv/3975#51735341>		"zalˈan"@lez	
"ɬi-kʼa"@tfn	<https://panlex.org/snapshot/panlex-20191001-csv/3975#51723073>				<https://panlex.org/snapshot/panlex-20191001-csv/3975#51723018>		"kicʼ"@lez	
"=t=nun"@tfn	<https://panlex.org/snapshot/panlex-20191001-csv/3975#51723236>				<https://panlex.org/snapshot/panlex-20191001-csv/3975#51723173>		"qʷa-"@lez	
"=qʼǝs"@tfn	<https://panlex.org/snapshot/panlex-20191001-csv/3975#51728855>				<https://panlex.org/snapshot/panlex-20191001-csv/3975#51728810>		"gardˈan"@lez	
"=l=taq"@tfn	<https://panlex.org/snapshot/panlex-20191001-csv/3975#51731492>				<https://panlex.org/snapshot/panlex-20191001-csv/3975#51731433>		"k=usˈu-"@lez	
"=ni"@tfn	<https://panlex.org/snapshot/panlex-20191001-csv/3975#51730722>				<https://panlex.org/snapshot/panlex-20191001-csv/3975#51730667>		"l=uhˈu-"@lez	
"=l=tǝl"@tfn	<https://panlex.org/snapshot/panlex-20191001-csv/3975#51730062>				<https://panlex.org/snapshot/panlex-20191001-csv/3975#51730012>		"yarˈu"@lez	
"suɣ"@tfn	<https://panlex.org/snapshot/panlex-20191001-csv/3975#51730562>				<https://panlex.org/snapshot/panlex-20191001-csv/3975#51730520>		"qːum"@lez	
"=naʁ-a"@tfn	<https://panlex.org/snapshot/panlex-20191001-csv/3975#51724133>				<https://panlex.org/snapshot/panlex-20191001-csv/3975#51724079>		"wil"@lez	
"n=ʔu-yi"@tfn	<https://panlex.org/snapshot/panlex-20191001-csv/3975#51732368>				<https://panlex.org/snapshot/panlex-20191001-csv/3975#51732307>		"raʁ"@lez	
"va-ta"@tfn	<https://panlex.org/snapshot/panlex-20191001-csv/3975#51734818>				<https://panlex.org/snapshot/panlex-20191001-csv/3975#51734769>		"wu=ž"@lez	
"=l=tʼun"@tfn	<https://panlex.org/snapshot/panlex-20191001-csv/3975#51736062>				<https://panlex.org/snapshot/panlex-20191001-csv/3975#51736025>		"qʼelˈečʼ"@lez	
"=l=tʼun"@tfn	<https://panlex.org/snapshot/panlex-20191001-csv/3975#51736062>				<https://panlex.org/snapshot/panlex-20191001-csv/3975#51736026>		"šükʼˈü"@lez	
"=mamʔa"@tfn	<https://panlex.org/snapshot/panlex-20191001-csv/3975#51722039>				<https://panlex.org/snapshot/panlex-20191001-csv/3975#51721991>		"χur"@lez	
"tʰǝc"@tfn	<https://panlex.org/snapshot/panlex-20191001-csv/3975#51729142>				<https://panlex.org/snapshot/panlex-20191001-csv/3975#51729087>		"yif"@lez	
"kʼǝ=lačʼ-a"@tfn	<https://panlex.org/snapshot/panlex-20191001-csv/3975#51720799>				<https://panlex.org/snapshot/panlex-20191001-csv/3975#51720756>		"rüq"@lez	
"sǝm"@tfn	<https://panlex.org/snapshot/panlex-20191001-csv/3975#51732071>				<https://panlex.org/snapshot/panlex-20191001-csv/3975#51732013>		"ʁed"@lez	
"=l=tʼun"@tfn	<https://panlex.org/snapshot/panlex-20191001-csv/3975#51736059>				<https://panlex.org/snapshot/panlex-20191001-csv/3975#51736025>		"qʼelˈečʼ"@lez	
"=l=tʼun"@tfn	<https://panlex.org/snapshot/panlex-20191001-csv/3975#51736059>				<https://panlex.org/snapshot/panlex-20191001-csv/3975#51736026>		"šükʼˈü"@lez	
"=n=cʰi"@tfn	<https://panlex.org/snapshot/panlex-20191001-csv/3975#51725969>				<https://panlex.org/snapshot/panlex-20191001-csv/3975#51725913>		"qʼil"@lez	
"=tʰa-n"@tfn	<https://panlex.org/snapshot/panlex-20191001-csv/3975#51727317>				<https://panlex.org/snapshot/panlex-20191001-csv/3975#51727263>		"qːat=xˈi-"@lez	
"=V"@tfn	<https://panlex.org/snapshot/panlex-20191001-csv/3975#51729473>				<https://panlex.org/snapshot/panlex-20191001-csv/3975#51729402>		"=č"@lez	
"=cʰi"@tfn	<https://panlex.org/snapshot/panlex-20191001-csv/3975#51725968>				<https://panlex.org/snapshot/panlex-20191001-csv/3975#51725913>		"qʼil"@lez	
"=qʰa"@tfn	<https://panlex.org/snapshot/panlex-20191001-csv/3975#51724978>				<https://panlex.org/snapshot/panlex-20191001-csv/3975#51724928>		"kʼʷač"@lez	
"=cʼǝn"@tfn	<https://panlex.org/snapshot/panlex-20191001-csv/3975#51721908>				<https://panlex.org/snapshot/panlex-20191001-csv/3975#51721860>		"kʼarˈab"@lez	
"ʁi-n-i"@tfn	<https://panlex.org/snapshot/panlex-20191001-csv/3975#51732786>				<https://panlex.org/snapshot/panlex-20191001-csv/3975#51732742>		"a=tʼˈa"@lez	
"=kʰu-y-ʔi-n"@tfn	<https://panlex.org/snapshot/panlex-20191001-csv/3975#51726272>				<https://panlex.org/snapshot/panlex-20191001-csv/3975#51726218>		"rikʼ"@lez	
"nǝn"@tfn	<https://panlex.org/snapshot/panlex-20191001-csv/3975#51733081>				<https://panlex.org/snapshot/panlex-20191001-csv/3975#51733034>		"wu-n"@lez	
"=san"@tfn	<https://panlex.org/snapshot/panlex-20191001-csv/3975#51731919>				<https://panlex.org/snapshot/panlex-20191001-csv/3975#51731870>		"aqːʷ=ˈaz-"@lez	
"ki-n-i"@tfn	<https://panlex.org/snapshot/panlex-20191001-csv/3975#51732942>				<https://panlex.org/snapshot/panlex-20191001-csv/3975#51732892>		"i"@lez	
"=qun-a"@tfn	<https://panlex.org/snapshot/panlex-20191001-csv/3975#51725812>				<https://panlex.org/snapshot/panlex-20191001-csv/3975#51725760>		"ʁil"@lez	
"=qun-ʔa"@tfn	<https://panlex.org/snapshot/panlex-20191001-csv/3975#51725813>				<https://panlex.org/snapshot/panlex-20191001-csv/3975#51725760>		"ʁil"@lez	
"ku=ta=ɬ=tʰin"@tfn	<https://panlex.org/snapshot/panlex-20191001-csv/3975#51721767>				<https://panlex.org/snapshot/panlex-20191001-csv/3975#51721715>		"i-wˈi"@lez	
"=qʼǝχ"@tfn	<https://panlex.org/snapshot/panlex-20191001-csv/3975#51724276>				<https://panlex.org/snapshot/panlex-20191001-csv/3975#51724228>		"maqʼ"@lez	
"čǝʁ-ʔa"@tfn	<https://panlex.org/snapshot/panlex-20191001-csv/3975#51723524>				<https://panlex.org/snapshot/panlex-20191001-csv/3975#51723472>		"yab"@lez	
"ʁi-n-i"@tfn	<https://panlex.org/snapshot/panlex-20191001-csv/3975#51732792>				<https://panlex.org/snapshot/panlex-20191001-csv/3975#51732742>		"a=tʼˈa"@lez	
"ʁi-n-i"@tfn	<https://panlex.org/snapshot/panlex-20191001-csv/3975#51732788>				<https://panlex.org/snapshot/panlex-20191001-csv/3975#51732742>		"a=tʼˈa"@lez	
"=ƛan"@tfn	<https://panlex.org/snapshot/panlex-20191001-csv/3975#51722919>				<https://panlex.org/snapshot/panlex-20191001-csv/3975#51722864>		"qʼˈe-"@lez	
"=ƛan"@tfn	<https://panlex.org/snapshot/panlex-20191001-csv/3975#51722919>				<https://panlex.org/snapshot/panlex-20191001-csv/3975#51722863>		"r=äqʼˈi-"@lez	
"ki-n"@tfn	<https://panlex.org/snapshot/panlex-20191001-csv/3975#51732939>				<https://panlex.org/snapshot/panlex-20191001-csv/3975#51732892>		"i"@lez	
"na-yi"@tfn	<https://panlex.org/snapshot/panlex-20191001-csv/3975#51734379>				<https://panlex.org/snapshot/panlex-20191001-csv/3975#51734294>		"ču-n"@lez	
"ʁǝ=l=ča-y"@tfn	<https://panlex.org/snapshot/panlex-20191001-csv/3975#51728309>				<https://panlex.org/snapshot/panlex-20191001-csv/3975#51728263>		"warʒ"@lez	
"ɬ=čʼǝɣ"@tfn	<https://panlex.org/snapshot/panlex-20191001-csv/3975#51736217>				<https://panlex.org/snapshot/panlex-20191001-csv/3975#51736162>		"ɣar"@lez	
"=i=ži"@tfn	<https://panlex.org/snapshot/panlex-20191001-csv/3975#51728719>				<https://panlex.org/snapshot/panlex-20191001-csv/3975#51728667>		"tʼar"@lez	
"ya=ta"@tfn	<https://panlex.org/snapshot/panlex-20191001-csv/3975#51734550>				<https://panlex.org/snapshot/panlex-20191001-csv/3975#51734492>		"wu=č"@lez	
"=ʁi"@tfn	<https://panlex.org/snapshot/panlex-20191001-csv/3975#51733391>				<https://panlex.org/snapshot/panlex-20191001-csv/3975#51733337>		"sas"@lez	
"=l=qʰat"@tfn	<https://panlex.org/snapshot/panlex-20191001-csv/3975#51723839>				<https://panlex.org/snapshot/panlex-20191001-csv/3975#51723771>		"tʼü-"@lez	
"=l=qʰat"@tfn	<https://panlex.org/snapshot/panlex-20191001-csv/3975#51723839>				<https://panlex.org/snapshot/panlex-20191001-csv/3975#51723770>		"ne-"@lez	
"kʼ=tʼičʼ-a"@tfn	<https://panlex.org/snapshot/panlex-20191001-csv/3975#51720926>				<https://panlex.org/snapshot/panlex-20191001-csv/3975#51720887>		"čikːal"@lez	
"=l=tǝl"@tfn	<https://panlex.org/snapshot/panlex-20191001-csv/3975#51730065>				<https://panlex.org/snapshot/panlex-20191001-csv/3975#51730012>		"yarˈu"@lez	
"sim"@tfn	<https://panlex.org/snapshot/panlex-20191001-csv/3975#51732066>				<https://panlex.org/snapshot/panlex-20191001-csv/3975#51732013>		"ʁed"@lez	
"qʰa=ɬ=nik-i"@tfn	<https://panlex.org/snapshot/panlex-20191001-csv/3975#51732206>				<https://panlex.org/snapshot/panlex-20191001-csv/3975#51732160>		"qːʷan"@lez	
"=l=qǝy"@tfn	<https://panlex.org/snapshot/panlex-20191001-csv/3975#51734676>				<https://panlex.org/snapshot/panlex-20191001-csv/3975#51734636>		"lacːˈu"@lez	
"=yaqʼ"@tfn	<https://panlex.org/snapshot/panlex-20191001-csv/3975#51728579>				<https://panlex.org/snapshot/panlex-20191001-csv/3975#51728522>		"siw"@lez	
"sakǝla"@tfn	<https://panlex.org/snapshot/panlex-20191001-csv/3975#51724703>				<https://panlex.org/snapshot/panlex-20191001-csv/3975#51724651>		"ʁed"@lez	
"=qǝtʼ"@tfn	<https://panlex.org/snapshot/panlex-20191001-csv/3975#51726883>				<https://panlex.org/snapshot/panlex-20191001-csv/3975#51726834>		"met"@lez	
"vinɬni"@tfn	<https://panlex.org/snapshot/panlex-20191001-csv/3975#51734165>				<https://panlex.org/snapshot/panlex-20191001-csv/3975#51734112>		"yad"@lez	
"nu-tʰ-iχ-a"@tfn	<https://panlex.org/snapshot/panlex-20191001-csv/3975#51733704>				<https://panlex.org/snapshot/panlex-20191001-csv/3975#51733647>		"qʼʷe"@lez	
"=n=cʼǝs-a"@tfn	<https://panlex.org/snapshot/panlex-20191001-csv/3975#51731024>				<https://panlex.org/snapshot/panlex-20191001-csv/3975#51730981>		"fin"@lez	
"tʰǝc"@tfn	<https://panlex.org/snapshot/panlex-20191001-csv/3975#51729144>				<https://panlex.org/snapshot/panlex-20191001-csv/3975#51729087>		"yif"@lez	
"nu-tʰi"@tfn	<https://panlex.org/snapshot/panlex-20191001-csv/3975#51735658>				<https://panlex.org/snapshot/panlex-20191001-csv/3975#51735611>		"qʼäl"@lez	
"čʼix"@tfn	<https://panlex.org/snapshot/panlex-20191001-csv/3975#51725664>				<https://panlex.org/snapshot/panlex-20191001-csv/3975#51725606>		"čʼar"@lez	
"=ta"@tfn	<https://panlex.org/snapshot/panlex-20191001-csv/3975#51726403>				<https://panlex.org/snapshot/panlex-20191001-csv/3975#51726351>		"karč"@lez	
"ʁi-n"@tfn	<https://panlex.org/snapshot/panlex-20191001-csv/3975#51732793>				<https://panlex.org/snapshot/panlex-20191001-csv/3975#51732742>		"a=tʼˈa"@lez	
"χǝyi"@tfn	<https://panlex.org/snapshot/panlex-20191001-csv/3975#51736460>				<https://panlex.org/snapshot/panlex-20191001-csv/3975#51736413>		"yis"@lez	
"qʰa=n=ɬ=nik-i"@tfn	<https://panlex.org/snapshot/panlex-20191001-csv/3975#51732205>				<https://panlex.org/snapshot/panlex-20191001-csv/3975#51732160>		"qːʷan"@lez	
"=tʼu"@tfn	<https://panlex.org/snapshot/panlex-20191001-csv/3975#51724400>				<https://panlex.org/snapshot/panlex-20191001-csv/3975#51724358>		"cʼap-ˈur"@lez	
"qʼu-ti-ti"@tfn	<https://panlex.org/snapshot/panlex-20191001-csv/3975#51728985>				<https://panlex.org/snapshot/panlex-20191001-csv/3975#51728948>		"cʼeyˈi"@lez	
"=ɬ=qǝcʼ"@tfn	<https://panlex.org/snapshot/panlex-20191001-csv/3975#51735791>				<https://panlex.org/snapshot/panlex-20191001-csv/3975#51735743>		"kːʷerˈi"@lez	
"qʼu-ti-ti"@tfn	<https://panlex.org/snapshot/panlex-20191001-csv/3975#51728987>				<https://panlex.org/snapshot/panlex-20191001-csv/3975#51728948>		"cʼeyˈi"@lez	
"va-ta"@tfn	<https://panlex.org/snapshot/panlex-20191001-csv/3975#51734820>				<https://panlex.org/snapshot/panlex-20191001-csv/3975#51734769>		"wu=ž"@lez	
"tǝ=kʼis-ǝn"@tfn	<https://panlex.org/snapshot/panlex-20191001-csv/3975#51734992>				<https://panlex.org/snapshot/panlex-20191001-csv/3975#51734929>		"pːab"@lez	
"=cʼǝn"@tfn	<https://panlex.org/snapshot/panlex-20191001-csv/3975#51721905>				<https://panlex.org/snapshot/panlex-20191001-csv/3975#51721860>		"kʼarˈab"@lez	
"=čǝχ"@tfn	<https://panlex.org/snapshot/panlex-20191001-csv/3975#51724827>				<https://panlex.org/snapshot/panlex-20191001-csv/3975#51724784>		"luw ɣu-"@lez	
"cʰi=ʁu"@tfn	<https://panlex.org/snapshot/panlex-20191001-csv/3975#51725662>				<https://panlex.org/snapshot/panlex-20191001-csv/3975#51725606>		"čʼar"@lez	
"=ʁaš"@tfn	<https://panlex.org/snapshot/panlex-20191001-csv/3975#51721481>				<https://panlex.org/snapshot/panlex-20191001-csv/3975#51721429>		"kʼˈas-"@lez	
"nu-tʰi"@tfn	<https://panlex.org/snapshot/panlex-20191001-csv/3975#51735656>				<https://panlex.org/snapshot/panlex-20191001-csv/3975#51735611>		"qʼäl"@lez	
"=ɬ=naz"@tfn	<https://panlex.org/snapshot/panlex-20191001-csv/3975#51727589>				<https://panlex.org/snapshot/panlex-20191001-csv/3975#51727551>		"yärʁˈi"@lez	
"šakǝla"@tfn	<https://panlex.org/snapshot/panlex-20191001-csv/3975#51724696>				<https://panlex.org/snapshot/panlex-20191001-csv/3975#51724651>		"ʁed"@lez	
"=l=ʁaž"@tfn	<https://panlex.org/snapshot/panlex-20191001-csv/3975#51730436>				<https://panlex.org/snapshot/panlex-20191001-csv/3975#51730405>		"элкъвей"@lez	
"=kʰu-z-ʔi-n"@tfn	<https://panlex.org/snapshot/panlex-20191001-csv/3975#51726269>				<https://panlex.org/snapshot/panlex-20191001-csv/3975#51726218>		"rikʼ"@lez	
"=t=nun"@tfn	<https://panlex.org/snapshot/panlex-20191001-csv/3975#51723235>				<https://panlex.org/snapshot/panlex-20191001-csv/3975#51723173>		"qʷa-"@lez	
"ši"@tfn	<https://panlex.org/snapshot/panlex-20191001-csv/3975#51726586>				<https://panlex.org/snapshot/panlex-20191001-csv/3975#51726509>		"zu-n"@lez	
"kʼis-ǝn"@tfn	<https://panlex.org/snapshot/panlex-20191001-csv/3975#51734993>				<https://panlex.org/snapshot/panlex-20191001-csv/3975#51734929>		"pːab"@lez	
"qaqa-šla quya"@tfn	<https://panlex.org/snapshot/panlex-20191001-csv/3975#51721344>				<https://panlex.org/snapshot/panlex-20191001-csv/3975#51721292>		"qːuš"@lez	
"tʰǝn"@tfn	<https://panlex.org/snapshot/panlex-20191001-csv/3975#51730205>				<https://panlex.org/snapshot/panlex-20191001-csv/3975#51730157>		"räq"@lez	
"=cʰi=lu"@tfn	<https://panlex.org/snapshot/panlex-20191001-csv/3975#51733236>				<https://panlex.org/snapshot/panlex-20191001-csv/3975#51733183>		"meʒ"@lez	
"kʼ=cʰan qʼǝ-l-cʰin-i"@tfn	<https://panlex.org/snapshot/panlex-20191001-csv/3975#51725522>				<https://panlex.org/snapshot/panlex-20191001-csv/3975#51725482>		"qːacːˈu"@lez	
"sin"@tfn	<https://panlex.org/snapshot/panlex-20191001-csv/3975#51732064>				<https://panlex.org/snapshot/panlex-20191001-csv/3975#51732013>		"ʁed"@lez	
"=qǝn"@tfn	<https://panlex.org/snapshot/panlex-20191001-csv/3975#51723373>				<https://panlex.org/snapshot/panlex-20191001-csv/3975#51723331>		"qʼurˈa-y"@lez	
"kʰi=s=tʼa"@tfn	<https://panlex.org/snapshot/panlex-20191001-csv/3975#51728006>				<https://panlex.org/snapshot/panlex-20191001-csv/3975#51727960>		"gizˈaf"@lez	
"ši"@tfn	<https://panlex.org/snapshot/panlex-20191001-csv/3975#51726584>				<https://panlex.org/snapshot/panlex-20191001-csv/3975#51726509>		"zu-n"@lez	
"ɬ=cʼǝy"@tfn	<https://panlex.org/snapshot/panlex-20191001-csv/3975#51736218>				<https://panlex.org/snapshot/panlex-20191001-csv/3975#51736162>		"ɣar"@lez	
"ǝyu"@tfn	<https://panlex.org/snapshot/panlex-20191001-csv/3975#51727718>				<https://panlex.org/snapshot/panlex-20191001-csv/3975#51727675>		"net"@lez	
"=cʰi=la"@tfn	<https://panlex.org/snapshot/panlex-20191001-csv/3975#51733234>				<https://panlex.org/snapshot/panlex-20191001-csv/3975#51733183>		"meʒ"@lez	
"ƛʼaqʼ"@tfn	<https://panlex.org/snapshot/panlex-20191001-csv/3975#51729141>				<https://panlex.org/snapshot/panlex-20191001-csv/3975#51729087>		"yif"@lez	
"=t=nun"@tfn	<https://panlex.org/snapshot/panlex-20191001-csv/3975#51723237>				<https://panlex.org/snapshot/panlex-20191001-csv/3975#51723173>		"qʷa-"@lez	
"=l=taq"@tfn	<https://panlex.org/snapshot/panlex-20191001-csv/3975#51731491>				<https://panlex.org/snapshot/panlex-20191001-csv/3975#51731433>		"k=usˈu-"@lez	
"kʼ=tʼun qʰi-ti-l-tʼan-i"@tfn	<https://panlex.org/snapshot/panlex-20191001-csv/3975#51725519>				<https://panlex.org/snapshot/panlex-20191001-csv/3975#51725482>		"qːacːˈu"@lez	
"tʼančʼqʼu"@tfn	<https://panlex.org/snapshot/panlex-20191001-csv/3975#51720657>				<https://panlex.org/snapshot/panlex-20191001-csv/3975#51720611>		"warˈi"@lez	
"=ʁǝs"@tfn	<https://panlex.org/snapshot/panlex-20191001-csv/3975#51721482>				<https://panlex.org/snapshot/panlex-20191001-csv/3975#51721429>		"kʼˈas-"@lez	
"=yǝs"@tfn	<https://panlex.org/snapshot/panlex-20191001-csv/3975#51731335>				<https://panlex.org/snapshot/panlex-20191001-csv/3975#51731282>		"χam"@lez	
"tʁili"@tfn	<https://panlex.org/snapshot/panlex-20191001-csv/3975#51728426>				<https://panlex.org/snapshot/panlex-20191001-csv/3975#51728387>		"daʁ"@lez	
"tazʔi"@tfn	<https://panlex.org/snapshot/panlex-20191001-csv/3975#51724557>				<https://panlex.org/snapshot/panlex-20191001-csv/3975#51724500>		"cʼay"@lez	
"pa=ti-n"@tfn	<https://panlex.org/snapshot/panlex-20191001-csv/3975#51734823>				<https://panlex.org/snapshot/panlex-20191001-csv/3975#51734769>		"wu=ž"@lez	
"=qʰa-ƛʼn-ʔa"@tfn	<https://panlex.org/snapshot/panlex-20191001-csv/3975#51724979>				<https://panlex.org/snapshot/panlex-20191001-csv/3975#51724928>		"kʼʷač"@lez	
"ɬuqʼu"@tfn	<https://panlex.org/snapshot/panlex-20191001-csv/3975#51720658>				<https://panlex.org/snapshot/panlex-20191001-csv/3975#51720611>		"warˈi"@lez	
"ya=ʁǝl-i"@tfn	<https://panlex.org/snapshot/panlex-20191001-csv/3975#51725396>				<https://panlex.org/snapshot/panlex-20191001-csv/3975#51725351>		"qisˈe-n"@lez	
"=pis"@tfn	<https://panlex.org/snapshot/panlex-20191001-csv/3975#51721057>				<https://panlex.org/snapshot/panlex-20191001-csv/3975#51721010>		"rufˈun"@lez	
"ta=s=kǝt-i"@tfn	<https://panlex.org/snapshot/panlex-20191001-csv/3975#51731782>				<https://panlex.org/snapshot/panlex-20191001-csv/3975#51731731>		"ɣum"@lez	
"=qacʼ-a"@tfn	<https://panlex.org/snapshot/panlex-20191001-csv/3975#51730327>				<https://panlex.org/snapshot/panlex-20191001-csv/3975#51730289>		"duwˈul"@lez	
"=zaqʼ"@tfn	<https://panlex.org/snapshot/panlex-20191001-csv/3975#51728575>				<https://panlex.org/snapshot/panlex-20191001-csv/3975#51728522>		"siw"@lez	
"χǝyi"@tfn	<https://panlex.org/snapshot/panlex-20191001-csv/3975#51736463>				<https://panlex.org/snapshot/panlex-20191001-csv/3975#51736413>		"yis"@lez	
"=yǝs"@tfn	<https://panlex.org/snapshot/panlex-20191001-csv/3975#51731336>				<https://panlex.org/snapshot/panlex-20191001-csv/3975#51731282>		"χam"@lez	
"=qun-a"@tfn	<https://panlex.org/snapshot/panlex-20191001-csv/3975#51725814>				<https://panlex.org/snapshot/panlex-20191001-csv/3975#51725760>		"ʁil"@lez	
"ya-ta"@tfn	<https://panlex.org/snapshot/panlex-20191001-csv/3975#51734543>				<https://panlex.org/snapshot/panlex-20191001-csv/3975#51734492>		"wu=č"@lez	
"=qacʼ-a"@tfn	<https://panlex.org/snapshot/panlex-20191001-csv/3975#51730330>				<https://panlex.org/snapshot/panlex-20191001-csv/3975#51730289>		"duwˈul"@lez	
"=čʰiš"@tfn	<https://panlex.org/snapshot/panlex-20191001-csv/3975#51726879>				<https://panlex.org/snapshot/panlex-20191001-csv/3975#51726834>		"met"@lez	
"ti=t=čʰik-i"@tfn	<https://panlex.org/snapshot/panlex-20191001-csv/3975#51735116>				<https://panlex.org/snapshot/panlex-20191001-csv/3975#51735080>		"qʸpːˈi"@lez	
"suy"@tfn	<https://panlex.org/snapshot/panlex-20191001-csv/3975#51730563>				<https://panlex.org/snapshot/panlex-20191001-csv/3975#51730520>		"qːum"@lez	
"=l=taq"@tfn	<https://panlex.org/snapshot/panlex-20191001-csv/3975#51731489>				<https://panlex.org/snapshot/panlex-20191001-csv/3975#51731433>		"k=usˈu-"@lez	
"pa-ti-n"@tfn	<https://panlex.org/snapshot/panlex-20191001-csv/3975#51734822>				<https://panlex.org/snapshot/panlex-20191001-csv/3975#51734769>		"wu=ž"@lez	
"qʼǝs"@tfn	<https://panlex.org/snapshot/panlex-20191001-csv/3975#51722441>				<https://panlex.org/snapshot/panlex-20191001-csv/3975#51722405>		"cːif"@lez	
"ya=ta"@tfn	<https://panlex.org/snapshot/panlex-20191001-csv/3975#51734546>				<https://panlex.org/snapshot/panlex-20191001-csv/3975#51734492>		"wu=č"@lez	
"nu-tʰ-iχ-a"@tfn	<https://panlex.org/snapshot/panlex-20191001-csv/3975#51733700>				<https://panlex.org/snapshot/panlex-20191001-csv/3975#51733647>		"qʼʷe"@lez	
"=l=qǝy"@tfn	<https://panlex.org/snapshot/panlex-20191001-csv/3975#51734677>				<https://panlex.org/snapshot/panlex-20191001-csv/3975#51734636>		"lacːˈu"@lez	
"qʼǝs"@tfn	<https://panlex.org/snapshot/panlex-20191001-csv/3975#51722440>				<https://panlex.org/snapshot/panlex-20191001-csv/3975#51722405>		"cːif"@lez	
"čʼ=qaqa-šla"@tfn	<https://panlex.org/snapshot/panlex-20191001-csv/3975#51721345>				<https://panlex.org/snapshot/panlex-20191001-csv/3975#51721292>		"qːuš"@lez	
"kʼ=cʰǝn"@tfn	<https://panlex.org/snapshot/panlex-20191001-csv/3975#51728162>				<https://panlex.org/snapshot/panlex-20191001-csv/3975#51728105>		"yak"@lez	
"ɬi-kʼa"@tfn	<https://panlex.org/snapshot/panlex-20191001-csv/3975#51723072>				<https://panlex.org/snapshot/panlex-20191001-csv/3975#51723018>		"kicʼ"@lez	
"=qʼǝn"@tfn	<https://panlex.org/snapshot/panlex-20191001-csv/3975#51722182>				<https://panlex.org/snapshot/panlex-20191001-csv/3975#51722133>		"kːu-"@lez	
"qʼǝs"@tfn	<https://panlex.org/snapshot/panlex-20191001-csv/3975#51722438>				<https://panlex.org/snapshot/panlex-20191001-csv/3975#51722405>		"cːif"@lez	
"ta=s=kǝt-i"@tfn	<https://panlex.org/snapshot/panlex-20191001-csv/3975#51731783>				<https://panlex.org/snapshot/panlex-20191001-csv/3975#51731731>		"ɣum"@lez	
"qaqa-šla"@tfn	<https://panlex.org/snapshot/panlex-20191001-csv/3975#51721346>				<https://panlex.org/snapshot/panlex-20191001-csv/3975#51721292>		"qːuš"@lez	
"sin"@tfn	<https://panlex.org/snapshot/panlex-20191001-csv/3975#51732067>				<https://panlex.org/snapshot/panlex-20191001-csv/3975#51732013>		"ʁed"@lez	
"χǝyi"@tfn	<https://panlex.org/snapshot/panlex-20191001-csv/3975#51736461>				<https://panlex.org/snapshot/panlex-20191001-csv/3975#51736413>		"yis"@lez	
"kʼǝ=lac-a"@tfn	<https://panlex.org/snapshot/panlex-20191001-csv/3975#51720800>				<https://panlex.org/snapshot/panlex-20191001-csv/3975#51720756>		"rüq"@lez	
"na-na"@tfn	<https://panlex.org/snapshot/panlex-20191001-csv/3975#51734380>				<https://panlex.org/snapshot/panlex-20191001-csv/3975#51734294>		"ču-n"@lez	
"=ɬ=kʰuʁ"@tfn	<https://panlex.org/snapshot/panlex-20191001-csv/3975#51721196>				<https://panlex.org/snapshot/panlex-20191001-csv/3975#51721151>		"čʼiqˈi"@lez	
"=l=tʼǝš"@tfn	<https://panlex.org/snapshot/panlex-20191001-csv/3975#51721619>				<https://panlex.org/snapshot/panlex-20191001-csv/3975#51721572>		"čʼulˈaw"@lez	
"minɬni"@tfn	<https://panlex.org/snapshot/panlex-20191001-csv/3975#51734166>				<https://panlex.org/snapshot/panlex-20191001-csv/3975#51734112>		"yad"@lez	
"=lu=qǝn-a"@tfn	<https://panlex.org/snapshot/panlex-20191001-csv/3975#51722324>				<https://panlex.org/snapshot/panlex-20191001-csv/3975#51722268>		"kek"@lez	
"ɬač"@tfn	<https://panlex.org/snapshot/panlex-20191001-csv/3975#51723668>				<https://panlex.org/snapshot/panlex-20191001-csv/3975#51723619>		"rug"@lez	
"tʰǝn"@tfn	<https://panlex.org/snapshot/panlex-20191001-csv/3975#51730204>				<https://panlex.org/snapshot/panlex-20191001-csv/3975#51730157>		"räq"@lez	
"tʰǝn"@tfn	<https://panlex.org/snapshot/panlex-20191001-csv/3975#51730203>				<https://panlex.org/snapshot/panlex-20191001-csv/3975#51730157>		"räq"@lez	
"ni=ʔ-i"@tfn	<https://panlex.org/snapshot/panlex-20191001-csv/3975#51732367>				<https://panlex.org/snapshot/panlex-20191001-csv/3975#51732307>		"raʁ"@lez	
"kʼ=tʼun qʰi-ti-l-tʼan-i"@tfn	<https://panlex.org/snapshot/panlex-20191001-csv/3975#51725517>				<https://panlex.org/snapshot/panlex-20191001-csv/3975#51725482>		"qːacːˈu"@lez	
"=zaqʼ"@tfn	<https://panlex.org/snapshot/panlex-20191001-csv/3975#51728573>				<https://panlex.org/snapshot/panlex-20191001-csv/3975#51728522>		"siw"@lez	
"ɬiqʼa"@tfn	<https://panlex.org/snapshot/panlex-20191001-csv/3975#51724704>				<https://panlex.org/snapshot/panlex-20191001-csv/3975#51724651>		"ʁed"@lez	
"=l=qʰat"@tfn	<https://panlex.org/snapshot/panlex-20191001-csv/3975#51723838>				<https://panlex.org/snapshot/panlex-20191001-csv/3975#51723771>		"tʼü-"@lez	
"=l=qʰat"@tfn	<https://panlex.org/snapshot/panlex-20191001-csv/3975#51723838>				<https://panlex.org/snapshot/panlex-20191001-csv/3975#51723770>		"ne-"@lez	
"ya=ʁǝl-i"@tfn	<https://panlex.org/snapshot/panlex-20191001-csv/3975#51725398>				<https://panlex.org/snapshot/panlex-20191001-csv/3975#51725351>		"qisˈe-n"@lez	
"ki-n"@tfn	<https://panlex.org/snapshot/panlex-20191001-csv/3975#51732943>				<https://panlex.org/snapshot/panlex-20191001-csv/3975#51732892>		"i"@lez	
"čʼ-wa-la"@tfn	<https://panlex.org/snapshot/panlex-20191001-csv/3975#51733539>				<https://panlex.org/snapshot/panlex-20191001-csv/3975#51733483>		"tːar"@lez	
"ʁi-n"@tfn	<https://panlex.org/snapshot/panlex-20191001-csv/3975#51732789>				<https://panlex.org/snapshot/panlex-20191001-csv/3975#51732742>		"a=tʼˈa"@lez	
"tazʔi"@tfn	<https://panlex.org/snapshot/panlex-20191001-csv/3975#51724558>				<https://panlex.org/snapshot/panlex-20191001-csv/3975#51724500>		"cʼay"@lez	
"kʰun"@tfn	<https://panlex.org/snapshot/panlex-20191001-csv/3975#51729926>				<https://panlex.org/snapshot/panlex-20191001-csv/3975#51729878>		"marf"@lez	
"kʼis-ǝn"@tfn	<https://panlex.org/snapshot/panlex-20191001-csv/3975#51734991>				<https://panlex.org/snapshot/panlex-20191001-csv/3975#51734929>		"pːab"@lez	
"ta=s=kǝt-i"@tfn	<https://panlex.org/snapshot/panlex-20191001-csv/3975#51731784>				<https://panlex.org/snapshot/panlex-20191001-csv/3975#51731731>		"ɣum"@lez	
"=l=tǝl"@tfn	<https://panlex.org/snapshot/panlex-20191001-csv/3975#51730064>				<https://panlex.org/snapshot/panlex-20191001-csv/3975#51730012>		"yarˈu"@lez	
"cʼǝɬ-"@tfn	<https://panlex.org/snapshot/panlex-20191001-csv/3975#51729632>				<https://panlex.org/snapshot/panlex-20191001-csv/3975#51729574>		"sa"@lez	
"qʼu-ti-χ-ya-ʔa"@tfn	<https://panlex.org/snapshot/panlex-20191001-csv/3975#51728992>				<https://panlex.org/snapshot/panlex-20191001-csv/3975#51728948>		"cʼeyˈi"@lez	
"=cʰi=la"@tfn	<https://panlex.org/snapshot/panlex-20191001-csv/3975#51733235>				<https://panlex.org/snapshot/panlex-20191001-csv/3975#51733183>		"meʒ"@lez	
"=qʰa"@tfn	<https://panlex.org/snapshot/panlex-20191001-csv/3975#51724980>				<https://panlex.org/snapshot/panlex-20191001-csv/3975#51724928>		"kʼʷač"@lez	
"ʁǝ=l=ča"@tfn	<https://panlex.org/snapshot/panlex-20191001-csv/3975#51728311>				<https://panlex.org/snapshot/panlex-20191001-csv/3975#51728263>		"warʒ"@lez	
"qʰuχtʼan-a"@tfn	<https://panlex.org/snapshot/panlex-20191001-csv/3975#51729783>				<https://panlex.org/snapshot/panlex-20191001-csv/3975#51729725>		"insˈan"@lez	
"qʰuχtʼan-a"@tfn	<https://panlex.org/snapshot/panlex-20191001-csv/3975#51727868>				<https://panlex.org/snapshot/panlex-20191001-csv/3975#51727811>		"tːim"@lez	
"=zaqʼ=ǝz=ƛi"@tfn	<https://panlex.org/snapshot/panlex-20191001-csv/3975#51733390>				<https://panlex.org/snapshot/panlex-20191001-csv/3975#51733337>		"sas"@lez	
"=n=cʰis"@tfn	<https://panlex.org/snapshot/panlex-20191001-csv/3975#51729302>				<https://panlex.org/snapshot/panlex-20191001-csv/3975#51729245>		"ner"@lez	
"=l=qǝy"@tfn	<https://panlex.org/snapshot/panlex-20191001-csv/3975#51734675>				<https://panlex.org/snapshot/panlex-20191001-csv/3975#51734636>		"lacːˈu"@lez	
"=qacʼ-a"@tfn	<https://panlex.org/snapshot/panlex-20191001-csv/3975#51730328>				<https://panlex.org/snapshot/panlex-20191001-csv/3975#51730289>		"duwˈul"@lez	
"=ni"@tfn	<https://panlex.org/snapshot/panlex-20191001-csv/3975#51727023>				<https://panlex.org/snapshot/panlex-20191001-csv/3975#51726971>		"čːi-"@lez	
"=ni"@tfn	<https://panlex.org/snapshot/panlex-20191001-csv/3975#51730721>				<https://panlex.org/snapshot/panlex-20191001-csv/3975#51730667>		"l=uhˈu-"@lez	
"=kʰa-la"@tfn	<https://panlex.org/snapshot/panlex-20191001-csv/3975#51732635>				<https://panlex.org/snapshot/panlex-20191001-csv/3975#51732583>		"tːum"@lez	
"=qǝn"@tfn	<https://panlex.org/snapshot/panlex-20191001-csv/3975#51723376>				<https://panlex.org/snapshot/panlex-20191001-csv/3975#51723331>		"qʼurˈa-y"@lez	
"=čʰiš"@tfn	<https://panlex.org/snapshot/panlex-20191001-csv/3975#51726880>				<https://panlex.org/snapshot/panlex-20191001-csv/3975#51726834>		"met"@lez	
"=n=čʰix"@tfn	<https://panlex.org/snapshot/panlex-20191001-csv/3975#51729300>				<https://panlex.org/snapshot/panlex-20191001-csv/3975#51729245>		"ner"@lez	
"ʁi-n"@tfn	<https://panlex.org/snapshot/panlex-20191001-csv/3975#51732787>				<https://panlex.org/snapshot/panlex-20191001-csv/3975#51732742>		"a=tʼˈa"@lez	
"nǝn"@tfn	<https://panlex.org/snapshot/panlex-20191001-csv/3975#51733082>				<https://panlex.org/snapshot/panlex-20191001-csv/3975#51733034>		"wu-n"@lez	
"=qun-ʔa"@tfn	<https://panlex.org/snapshot/panlex-20191001-csv/3975#51725811>				<https://panlex.org/snapshot/panlex-20191001-csv/3975#51725760>		"ʁil"@lez	
"=tu"@tfn	<https://panlex.org/snapshot/panlex-20191001-csv/3975#51731183>				<https://panlex.org/snapshot/panlex-20191001-csv/3975#51731120>		"az=ˈuqʼ-"@lez	
"=tu"@tfn	<https://panlex.org/snapshot/panlex-20191001-csv/3975#51728576>				<https://panlex.org/snapshot/panlex-20191001-csv/3975#51728522>		"siw"@lez	
"čʼ-va-la"@tfn	<https://panlex.org/snapshot/panlex-20191001-csv/3975#51733538>				<https://panlex.org/snapshot/panlex-20191001-csv/3975#51733483>		"tːar"@lez	
"=n=cʼǝs-ʔa"@tfn	<https://panlex.org/snapshot/panlex-20191001-csv/3975#51731025>				<https://panlex.org/snapshot/panlex-20191001-csv/3975#51730981>		"fin"@lez	
"nu-tʰi"@tfn	<https://panlex.org/snapshot/panlex-20191001-csv/3975#51735657>				<https://panlex.org/snapshot/panlex-20191001-csv/3975#51735611>		"qʼäl"@lez	
"qʰa=ɬ=nik-i"@tfn	<https://panlex.org/snapshot/panlex-20191001-csv/3975#51732208>				<https://panlex.org/snapshot/panlex-20191001-csv/3975#51732160>		"qːʷan"@lez	
"=l=qʰǝn"@tfn	<https://panlex.org/snapshot/panlex-20191001-csv/3975#51734017>				<https://panlex.org/snapshot/panlex-20191001-csv/3975#51733977>		"čimˈi"@lez	
"ɬač"@tfn	<https://panlex.org/snapshot/panlex-20191001-csv/3975#51723667>				<https://panlex.org/snapshot/panlex-20191001-csv/3975#51723619>		"rug"@lez	
"tazʔi"@tfn	<https://panlex.org/snapshot/panlex-20191001-csv/3975#51724556>				<https://panlex.org/snapshot/panlex-20191001-csv/3975#51724500>		"cʼay"@lez	
"tʰǝn"@tfn	<https://panlex.org/snapshot/panlex-20191001-csv/3975#51730206>				<https://panlex.org/snapshot/panlex-20191001-csv/3975#51730157>		"räq"@lez	
"=yu"@tfn	<https://panlex.org/snapshot/panlex-20191001-csv/3975#51722754>				<https://panlex.org/snapshot/panlex-20191001-csv/3975#51722680>		"qːʷe-"@lez	
"=yu"@tfn	<https://panlex.org/snapshot/panlex-20191001-csv/3975#51722754>				<https://panlex.org/snapshot/panlex-20191001-csv/3975#51722681>		"atːˈa-"@lez	
"=yu"@tfn	<https://panlex.org/snapshot/panlex-20191001-csv/3975#51733866>				<https://panlex.org/snapshot/panlex-20191001-csv/3975#51733804>		"šu-"@lez	
"=n=čʰiš"@tfn	<https://panlex.org/snapshot/panlex-20191001-csv/3975#51729301>				<https://panlex.org/snapshot/panlex-20191001-csv/3975#51729245>		"ner"@lez	
"l=cʰǝʁ-i"@tfn	<https://panlex.org/snapshot/panlex-20191001-csv/3975#51735115>				<https://panlex.org/snapshot/panlex-20191001-csv/3975#51735080>		"qʸpːˈi"@lez	
"=ta"@tfn	<https://panlex.org/snapshot/panlex-20191001-csv/3975#51726401>				<https://panlex.org/snapshot/panlex-20191001-csv/3975#51726351>		"karč"@lez	
"ya=ʁǝl-i"@tfn	<https://panlex.org/snapshot/panlex-20191001-csv/3975#51725395>				<https://panlex.org/snapshot/panlex-20191001-csv/3975#51725351>		"qisˈe-n"@lez	
"šakǝla"@tfn	<https://panlex.org/snapshot/panlex-20191001-csv/3975#51724700>				<https://panlex.org/snapshot/panlex-20191001-csv/3975#51724651>		"ʁed"@lez	
"=kʰa-čat-a"@tfn	<https://panlex.org/snapshot/panlex-20191001-csv/3975#51732632>				<https://panlex.org/snapshot/panlex-20191001-csv/3975#51732583>		"tːum"@lez	
"ɬiqʼa"@tfn	<https://panlex.org/snapshot/panlex-20191001-csv/3975#51724697>				<https://panlex.org/snapshot/panlex-20191001-csv/3975#51724651>		"ʁed"@lez	
"ɬuqʼu"@tfn	<https://panlex.org/snapshot/panlex-20191001-csv/3975#51720659>				<https://panlex.org/snapshot/panlex-20191001-csv/3975#51720611>		"warˈi"@lez	
"ɬac"@tfn	<https://panlex.org/snapshot/panlex-20191001-csv/3975#51723669>				<https://panlex.org/snapshot/panlex-20191001-csv/3975#51723619>		"rug"@lez	
"tʁǝlay"@tfn	<https://panlex.org/snapshot/panlex-20191001-csv/3975#51728427>				<https://panlex.org/snapshot/panlex-20191001-csv/3975#51728387>		"daʁ"@lez	
"=i=yi"@tfn	<https://panlex.org/snapshot/panlex-20191001-csv/3975#51728721>				<https://panlex.org/snapshot/panlex-20191001-csv/3975#51728667>		"tʼar"@lez	
"=l=tʼicʼ"@tfn	<https://panlex.org/snapshot/panlex-20191001-csv/3975#51721620>				<https://panlex.org/snapshot/panlex-20191001-csv/3975#51721572>		"čʼulˈaw"@lez	
"=qʼǝs"@tfn	<https://panlex.org/snapshot/panlex-20191001-csv/3975#51728854>				<https://panlex.org/snapshot/panlex-20191001-csv/3975#51728810>		"gardˈan"@lez	
"ya-ta"@tfn	<https://panlex.org/snapshot/panlex-20191001-csv/3975#51734545>				<https://panlex.org/snapshot/panlex-20191001-csv/3975#51734492>		"wu=č"@lez	
"cʰi=ʁu"@tfn	<https://panlex.org/snapshot/panlex-20191001-csv/3975#51725663>				<https://panlex.org/snapshot/panlex-20191001-csv/3975#51725606>		"čʼar"@lez	
"kʼ=čʰan qʰi-ti-l-tʼan-i"@tfn	<https://panlex.org/snapshot/panlex-20191001-csv/3975#51725518>				<https://panlex.org/snapshot/panlex-20191001-csv/3975#51725482>		"qːacːˈu"@lez	
"=ʔan"@tfn	<https://panlex.org/snapshot/panlex-20191001-csv/3975#51730897>				<https://panlex.org/snapshot/panlex-20191001-csv/3975#51730829>		"akːʷˈa-"@lez	
"z-"@tfn	<https://panlex.org/snapshot/panlex-20191001-csv/3975#51729472>				<https://panlex.org/snapshot/panlex-20191001-csv/3975#51729402>		"=č"@lez	
"=pǝtʼ"@tfn	<https://panlex.org/snapshot/panlex-20191001-csv/3975#51721058>				<https://panlex.org/snapshot/panlex-20191001-csv/3975#51721010>		"rufˈun"@lez	
"=kʰu-z-ʔi-n"@tfn	<https://panlex.org/snapshot/panlex-20191001-csv/3975#51726270>				<https://panlex.org/snapshot/panlex-20191001-csv/3975#51726218>		"rikʼ"@lez	
"čǝʁ-a"@tfn	<https://panlex.org/snapshot/panlex-20191001-csv/3975#51723523>				<https://panlex.org/snapshot/panlex-20191001-csv/3975#51723472>		"yab"@lez	
"=tʼun"@tfn	<https://panlex.org/snapshot/panlex-20191001-csv/3975#51727164>				<https://panlex.org/snapshot/panlex-20191001-csv/3975#51727111>		"beš"@lez	
"va=ta"@tfn	<https://panlex.org/snapshot/panlex-20191001-csv/3975#51734821>				<https://panlex.org/snapshot/panlex-20191001-csv/3975#51734769>		"wu=ž"@lez	
"kʼǝ=lačʼ-a"@tfn	<https://panlex.org/snapshot/panlex-20191001-csv/3975#51720797>				<https://panlex.org/snapshot/panlex-20191001-csv/3975#51720756>		"rüq"@lez	
"=ƛʼǝčʼ"@tfn	<https://panlex.org/snapshot/panlex-20191001-csv/3975#51721618>				<https://panlex.org/snapshot/panlex-20191001-csv/3975#51721572>		"čʼulˈaw"@lez	
"=čʰiš"@tfn	<https://panlex.org/snapshot/panlex-20191001-csv/3975#51726881>				<https://panlex.org/snapshot/panlex-20191001-csv/3975#51726834>		"met"@lez	
"ɬuqʼu"@tfn	<https://panlex.org/snapshot/panlex-20191001-csv/3975#51720660>				<https://panlex.org/snapshot/panlex-20191001-csv/3975#51720611>		"warˈi"@lez	
"qʰutʼan"@tfn	<https://panlex.org/snapshot/panlex-20191001-csv/3975#51729780>				<https://panlex.org/snapshot/panlex-20191001-csv/3975#51729725>		"insˈan"@lez	
"qʰutʼan"@tfn	<https://panlex.org/snapshot/panlex-20191001-csv/3975#51727865>				<https://panlex.org/snapshot/panlex-20191001-csv/3975#51727811>		"tːim"@lez	
"ta=s=kǝt-i"@tfn	<https://panlex.org/snapshot/panlex-20191001-csv/3975#51731781>				<https://panlex.org/snapshot/panlex-20191001-csv/3975#51731731>		"ɣum"@lez	
"=mamʔa"@tfn	<https://panlex.org/snapshot/panlex-20191001-csv/3975#51722040>				<https://panlex.org/snapshot/panlex-20191001-csv/3975#51721991>		"χur"@lez	
"=i=ya"@tfn	<https://panlex.org/snapshot/panlex-20191001-csv/3975#51728722>				<https://panlex.org/snapshot/panlex-20191001-csv/3975#51728667>		"tʼar"@lez	
"=l=taq"@tfn	<https://panlex.org/snapshot/panlex-20191001-csv/3975#51731490>				<https://panlex.org/snapshot/panlex-20191001-csv/3975#51731433>		"k=usˈu-"@lez	
"=qʼǝχ"@tfn	<https://panlex.org/snapshot/panlex-20191001-csv/3975#51724274>				<https://panlex.org/snapshot/panlex-20191001-csv/3975#51724228>		"maqʼ"@lez	
"čʰǝχ"@tfn	<https://panlex.org/snapshot/panlex-20191001-csv/3975#51721197>				<https://panlex.org/snapshot/panlex-20191001-csv/3975#51721151>		"čʼiqˈi"@lez	
"nu-tʰ-iχ-a"@tfn	<https://panlex.org/snapshot/panlex-20191001-csv/3975#51733699>				<https://panlex.org/snapshot/panlex-20191001-csv/3975#51733647>		"qʼʷe"@lez	
"nu-tʰ-iχ-a"@tfn	<https://panlex.org/snapshot/panlex-20191001-csv/3975#51733701>				<https://panlex.org/snapshot/panlex-20191001-csv/3975#51733647>		"qʼʷe"@lez	
"ʁǝ=l=ča-y"@tfn	<https://panlex.org/snapshot/panlex-20191001-csv/3975#51728310>				<https://panlex.org/snapshot/panlex-20191001-csv/3975#51728263>		"warʒ"@lez	
"kʰi=š=tʼa"@tfn	<https://panlex.org/snapshot/panlex-20191001-csv/3975#51728004>				<https://panlex.org/snapshot/panlex-20191001-csv/3975#51727960>		"gizˈaf"@lez	
"=ʁaž-ʔa"@tfn	<https://panlex.org/snapshot/panlex-20191001-csv/3975#51723972>				<https://panlex.org/snapshot/panlex-20191001-csv/3975#51723930>		"kːakːˈa"@lez	
"=sǝt"@tfn	<https://panlex.org/snapshot/panlex-20191001-csv/3975#51735251>				<https://panlex.org/snapshot/panlex-20191001-csv/3975#51735214>		"yarʁˈa-l"@lez	
"=l=vǝn"@tfn	<https://panlex.org/snapshot/panlex-20191001-csv/3975#51725095>				<https://panlex.org/snapshot/panlex-20191001-csv/3975#51725061>		"acʼˈa-"@lez	
