"gunin"@nen	<https://panlex.org/snapshot/panlex-20191001-csv/5943#83323778>				<https://panlex.org/snapshot/panlex-20191001-csv/5943#83323810>		"one"@tkl	
"gunin"@nen	<https://panlex.org/snapshot/panlex-20191001-csv/15#967042>				<https://panlex.org/snapshot/panlex-20191001-csv/15#967074>		"one"@tkl	
"carajewe"@nen	<https://panlex.org/snapshot/panlex-20191001-csv/114#8061685>				<https://panlex.org/snapshot/panlex-20191001-csv/114#8061833>		"iloa/gia"@tkl	
"carajewe"@nen	<https://panlex.org/snapshot/panlex-20191001-csv/114#8061685>				<https://panlex.org/snapshot/panlex-20191001-csv/114#8061832>		"iloa"@tkl	
"carajewe"@nen	<https://panlex.org/snapshot/panlex-20191001-csv/114#8061685>				<https://panlex.org/snapshot/panlex-20191001-csv/114#8061831>		"ilo"@tkl	
"carajewe"@nen	<https://panlex.org/snapshot/panlex-20191001-csv/114#8061685>				<https://panlex.org/snapshot/panlex-20191001-csv/114#8061834>		"kite"@tkl	
"gu|tinen"@nen	<https://panlex.org/snapshot/panlex-20191001-csv/114#8067908>				<https://panlex.org/snapshot/panlex-20191001-csv/114#8068044>		"alelo"@tkl	
"gupied"@nen	<https://panlex.org/snapshot/panlex-20191001-csv/114#8065359>				<https://panlex.org/snapshot/panlex-20191001-csv/114#8065501>		"ihu"@tkl	
"|wa|ta"@nen	<https://panlex.org/snapshot/panlex-20191001-csv/114#8053449>				<https://panlex.org/snapshot/panlex-20191001-csv/114#8053597>		"vae"@tkl	
"nono"@nen	<https://panlex.org/snapshot/panlex-20191001-csv/114#8065833>				<https://panlex.org/snapshot/panlex-20191001-csv/114#8065950>		"maanava"@tkl	
"aerawa"@nen	<https://panlex.org/snapshot/panlex-20191001-csv/114#8057057>				<https://panlex.org/snapshot/panlex-20191001-csv/114#8057184>		"pefu"@tkl	
"mimi"@nen	<https://panlex.org/snapshot/panlex-20191001-csv/114#8060639>				<https://panlex.org/snapshot/panlex-20191001-csv/114#8060794>		"huhu"@tkl	
"guretho"@nen	<https://panlex.org/snapshot/panlex-20191001-csv/114#8064258>				<https://panlex.org/snapshot/panlex-20191001-csv/114#8064399>		"ua"@tkl	
"rawa"@nen	<https://panlex.org/snapshot/panlex-20191001-csv/114#8056570>				<https://panlex.org/snapshot/panlex-20191001-csv/114#8056714>		"hava"@tkl	
"rawa"@nen	<https://panlex.org/snapshot/panlex-20191001-csv/114#8056570>				<https://panlex.org/snapshot/panlex-20191001-csv/114#8056715>		"palapala"@tkl	
