"carajewe"@nen	<https://panlex.org/snapshot/panlex-20191001-csv/114#8061685>				<https://panlex.org/snapshot/panlex-20191001-csv/114#8061810>		"talakirana"@tbf	
"carajewe"@nen	<https://panlex.org/snapshot/panlex-20191001-csv/114#8061685>				<https://panlex.org/snapshot/panlex-20191001-csv/114#8061811>		"vadovadona"@tbf	
"gu|tinen"@nen	<https://panlex.org/snapshot/panlex-20191001-csv/114#8067908>				<https://panlex.org/snapshot/panlex-20191001-csv/114#8068028>		"karameŋ"@tbf	
"gu|tinen"@nen	<https://panlex.org/snapshot/panlex-20191001-csv/114#8067908>				<https://panlex.org/snapshot/panlex-20191001-csv/114#8068029>		"mi karawieŋ"@tbf	
"gupied"@nen	<https://panlex.org/snapshot/panlex-20191001-csv/114#8065359>				<https://panlex.org/snapshot/panlex-20191001-csv/114#8065484>		"pipinsun(a)"@tbf	
"gupied"@nen	<https://panlex.org/snapshot/panlex-20191001-csv/114#8065359>				<https://panlex.org/snapshot/panlex-20191001-csv/114#8065485>		"pipi|usu-na"@tbf	
"|wa|ta"@nen	<https://panlex.org/snapshot/panlex-20191001-csv/114#8053449>				<https://panlex.org/snapshot/panlex-20191001-csv/114#8053579>		"mi kakena"@tbf	
"|wa|ta"@nen	<https://panlex.org/snapshot/panlex-20191001-csv/114#8053449>				<https://panlex.org/snapshot/panlex-20191001-csv/114#8053578>		"kakena"@tbf	
"|wa|ta"@nen	<https://panlex.org/snapshot/panlex-20191001-csv/114#8053449>				<https://panlex.org/snapshot/panlex-20191001-csv/114#8053577>		"kake-na"@tbf	
"nono"@nen	<https://panlex.org/snapshot/panlex-20191001-csv/114#8065833>				<https://panlex.org/snapshot/panlex-20191001-csv/114#8065937>		"mase"@tbf	
"ŋorohni"@nen	<https://panlex.org/snapshot/panlex-20191001-csv/114#8052464>				<https://panlex.org/snapshot/panlex-20191001-csv/114#8052572>		"rimana keari"@tbf	
"ŋorohni"@nen	<https://panlex.org/snapshot/panlex-20191001-csv/114#8052464>				<https://panlex.org/snapshot/panlex-20191001-csv/114#8052571>		"keari"@tbf	
"aerawa"@nen	<https://panlex.org/snapshot/panlex-20191001-csv/114#8057057>				<https://panlex.org/snapshot/panlex-20191001-csv/114#8057170>		"puti"@tbf	
"wanin"@nen	<https://panlex.org/snapshot/panlex-20191001-csv/114#8051962>				<https://panlex.org/snapshot/panlex-20191001-csv/114#8052095>		"rima-na"@tbf	
"wanin"@nen	<https://panlex.org/snapshot/panlex-20191001-csv/114#8051962>				<https://panlex.org/snapshot/panlex-20191001-csv/114#8052094>		"mi rimana"@tbf	
"mimi"@nen	<https://panlex.org/snapshot/panlex-20191001-csv/114#8060639>				<https://panlex.org/snapshot/panlex-20191001-csv/114#8060774>		"mi susuna"@tbf	
"mimi"@nen	<https://panlex.org/snapshot/panlex-20191001-csv/114#8060639>				<https://panlex.org/snapshot/panlex-20191001-csv/114#8060775>		"susu-na"@tbf	
"aranin"@nen	<https://panlex.org/snapshot/panlex-20191001-csv/114#8051960>				<https://panlex.org/snapshot/panlex-20191001-csv/114#8052095>		"rima-na"@tbf	
"aranin"@nen	<https://panlex.org/snapshot/panlex-20191001-csv/114#8051960>				<https://panlex.org/snapshot/panlex-20191001-csv/114#8052094>		"mi rimana"@tbf	
"yepeh"@nen	<https://panlex.org/snapshot/panlex-20191001-csv/114#8066829>				<https://panlex.org/snapshot/panlex-20191001-csv/114#8066960>		"mi ŋujuna"@tbf	
"yepeh"@nen	<https://panlex.org/snapshot/panlex-20191001-csv/114#8066829>				<https://panlex.org/snapshot/panlex-20191001-csv/114#8066961>		"ŋuju-na"@tbf	
"guretho"@nen	<https://panlex.org/snapshot/panlex-20191001-csv/114#8064258>				<https://panlex.org/snapshot/panlex-20191001-csv/114#8064383>		"konokono-na"@tbf	
"guretho"@nen	<https://panlex.org/snapshot/panlex-20191001-csv/114#8064258>				<https://panlex.org/snapshot/panlex-20191001-csv/114#8064384>		"mi konokonona"@tbf	
"amagnoroni"@nen	<https://panlex.org/snapshot/panlex-20191001-csv/114#8052463>				<https://panlex.org/snapshot/panlex-20191001-csv/114#8052572>		"rimana keari"@tbf	
"amagnoroni"@nen	<https://panlex.org/snapshot/panlex-20191001-csv/114#8052463>				<https://panlex.org/snapshot/panlex-20191001-csv/114#8052571>		"keari"@tbf	
"nata"@nen	<https://panlex.org/snapshot/panlex-20191001-csv/114#8052928>				<https://panlex.org/snapshot/panlex-20191001-csv/114#8053029>		"rimana suvu"@tbf	
"nata"@nen	<https://panlex.org/snapshot/panlex-20191001-csv/114#8052928>				<https://panlex.org/snapshot/panlex-20191001-csv/114#8053030>		"suvu"@tbf	
"rawa"@nen	<https://panlex.org/snapshot/panlex-20191001-csv/114#8056570>				<https://panlex.org/snapshot/panlex-20191001-csv/114#8056697>		"bita"@tbf	
"huebut"@nen	<https://panlex.org/snapshot/panlex-20191001-csv/114#8055055>				<https://panlex.org/snapshot/panlex-20191001-csv/114#8055174>		"nemai"@tbf	
"huebut"@nen	<https://panlex.org/snapshot/panlex-20191001-csv/114#8055055>				<https://panlex.org/snapshot/panlex-20191001-csv/114#8055175>		"ne|mai"@tbf	
