"carajewe"@nen	<https://panlex.org/snapshot/panlex-20191001-csv/114#8061685>				<https://panlex.org/snapshot/panlex-20191001-csv/114#8061906>		"niñon"@zbc	
"gu|tinen"@nen	<https://panlex.org/snapshot/panlex-20191001-csv/114#8067908>				<https://panlex.org/snapshot/panlex-20191001-csv/114#8068118>		"jali"@zbc	
"gupied"@nen	<https://panlex.org/snapshot/panlex-20191001-csv/114#8065359>				<https://panlex.org/snapshot/panlex-20191001-csv/114#8065573>		"cuŋ"@zbc	
"|wa|ta"@nen	<https://panlex.org/snapshot/panlex-20191001-csv/114#8053449>				<https://panlex.org/snapshot/panlex-20191001-csv/114#8053674>		"gimaʔ"@zbc	
"nono"@nen	<https://panlex.org/snapshot/panlex-20191001-csv/114#8065833>				<https://panlex.org/snapshot/panlex-20191001-csv/114#8066005>		"ŋə-təcin"@zbc	
"ŋorohni"@nen	<https://panlex.org/snapshot/panlex-20191001-csv/114#8052464>				<https://panlex.org/snapshot/panlex-20191001-csv/114#8052652>		"pəmaiŋ"@zbc	
"aerawa"@nen	<https://panlex.org/snapshot/panlex-20191001-csv/114#8057057>				<https://panlex.org/snapshot/panlex-20191001-csv/114#8057238>		"apoʔ"@zbc	
"wanin"@nen	<https://panlex.org/snapshot/panlex-20191001-csv/114#8051962>				<https://panlex.org/snapshot/panlex-20191001-csv/114#8052183>		"tisu"@zbc	
"mimi"@nen	<https://panlex.org/snapshot/panlex-20191001-csv/114#8060639>				<https://panlex.org/snapshot/panlex-20191001-csv/114#8060875>		"iteʔ"@zbc	
"aranin"@nen	<https://panlex.org/snapshot/panlex-20191001-csv/114#8051960>				<https://panlex.org/snapshot/panlex-20191001-csv/114#8052183>		"tisu"@zbc	
"yepeh"@nen	<https://panlex.org/snapshot/panlex-20191001-csv/114#8066829>				<https://panlex.org/snapshot/panlex-20191001-csv/114#8067052>		"munoŋ"@zbc	
"guretho"@nen	<https://panlex.org/snapshot/panlex-20191001-csv/114#8064258>				<https://panlex.org/snapshot/panlex-20191001-csv/114#8064479>		"bitoʔ"@zbc	
"amagnoroni"@nen	<https://panlex.org/snapshot/panlex-20191001-csv/114#8052463>				<https://panlex.org/snapshot/panlex-20191001-csv/114#8052652>		"pəmaiŋ"@zbc	
"nata"@nen	<https://panlex.org/snapshot/panlex-20191001-csv/114#8052928>				<https://panlex.org/snapshot/panlex-20191001-csv/114#8053107>		"pəŋka|tuʔoh"@zbc	
"rawa"@nen	<https://panlex.org/snapshot/panlex-20191001-csv/114#8056570>				<https://panlex.org/snapshot/panlex-20191001-csv/114#8056783>		"labih"@zbc	
"huebut"@nen	<https://panlex.org/snapshot/panlex-20191001-csv/114#8055055>				<https://panlex.org/snapshot/panlex-20191001-csv/114#8055258>		"lɪʔ"@zbc	
