"carajewe"@nen	<https://panlex.org/snapshot/panlex-20191001-csv/114#8061685>				<https://panlex.org/snapshot/panlex-20191001-csv/114#8061880>		"pàde"@wew	
"gu|tinen"@nen	<https://panlex.org/snapshot/panlex-20191001-csv/114#8067908>				<https://panlex.org/snapshot/panlex-20191001-csv/114#8068091>		"lòma"@wew	
"gupied"@nen	<https://panlex.org/snapshot/panlex-20191001-csv/114#8065359>				<https://panlex.org/snapshot/panlex-20191001-csv/114#8065549>		"kuru"@wew	
"|wa|ta"@nen	<https://panlex.org/snapshot/panlex-20191001-csv/114#8053449>				<https://panlex.org/snapshot/panlex-20191001-csv/114#8053650>		"ghaʼi"@wew	
"nono"@nen	<https://panlex.org/snapshot/panlex-20191001-csv/114#8065833>				<https://panlex.org/snapshot/panlex-20191001-csv/114#8065984>		"ngau"@wew	
"ŋorohni"@nen	<https://panlex.org/snapshot/panlex-20191001-csv/114#8052464>				<https://panlex.org/snapshot/panlex-20191001-csv/114#8052629>		"ghèlo"@wew	
"aerawa"@nen	<https://panlex.org/snapshot/panlex-20191001-csv/114#8057057>				<https://panlex.org/snapshot/panlex-20191001-csv/114#8057216>		"kòbura"@wew	
"wanin"@nen	<https://panlex.org/snapshot/panlex-20191001-csv/114#8051962>				<https://panlex.org/snapshot/panlex-20191001-csv/114#8052158>		"lima"@wew	
"mimi"@nen	<https://panlex.org/snapshot/panlex-20191001-csv/114#8060639>				<https://panlex.org/snapshot/panlex-20191001-csv/114#8060850>		"zuzu"@wew	
"aranin"@nen	<https://panlex.org/snapshot/panlex-20191001-csv/114#8051960>				<https://panlex.org/snapshot/panlex-20191001-csv/114#8052158>		"lima"@wew	
"yepeh"@nen	<https://panlex.org/snapshot/panlex-20191001-csv/114#8066829>				<https://panlex.org/snapshot/panlex-20191001-csv/114#8067025>		"nganda"@wew	
"guretho"@nen	<https://panlex.org/snapshot/panlex-20191001-csv/114#8064258>				<https://panlex.org/snapshot/panlex-20191001-csv/114#8064449>		"buku"@wew	
"amagnoroni"@nen	<https://panlex.org/snapshot/panlex-20191001-csv/114#8052463>				<https://panlex.org/snapshot/panlex-20191001-csv/114#8052629>		"ghèlo"@wew	
"nata"@nen	<https://panlex.org/snapshot/panlex-20191001-csv/114#8052928>				<https://panlex.org/snapshot/panlex-20191001-csv/114#8053084>		"kawano"@wew	
"rawa"@nen	<https://panlex.org/snapshot/panlex-20191001-csv/114#8056570>				<https://panlex.org/snapshot/panlex-20191001-csv/114#8056758>		"mète-na"@wew	
"huebut"@nen	<https://panlex.org/snapshot/panlex-20191001-csv/114#8055055>				<https://panlex.org/snapshot/panlex-20191001-csv/114#8055234>		"mai"@wew	
