"pihl"@pon	<https://panlex.org/snapshot/panlex-20191001-csv/12#851114>				<https://panlex.org/snapshot/panlex-20191001-csv/12#851188>		"ruene"@tio	
"lahu"@pon	<https://panlex.org/snapshot/panlex-20191001-csv/114#8067949>				<https://panlex.org/snapshot/panlex-20191001-csv/114#8068042>		"meana"@tio	
"kepwe"@pon	<https://panlex.org/snapshot/panlex-20191001-csv/114#8059650>				<https://panlex.org/snapshot/panlex-20191001-csv/114#8059730>		"hiapa"@tio	
"tumwe"@pon	<https://panlex.org/snapshot/panlex-20191001-csv/114#8065398>				<https://panlex.org/snapshot/panlex-20191001-csv/114#8065499>		"ihuna"@tio	
"palimaun"@pon	<https://panlex.org/snapshot/panlex-20191001-csv/114#8052963>				<https://panlex.org/snapshot/panlex-20191001-csv/114#8053044>		"matau"@tio	
"[tepin]were"@pon	<https://panlex.org/snapshot/panlex-20191001-csv/114#8064300>				<https://panlex.org/snapshot/panlex-20191001-csv/114#8064396>		"gogona"@tio	
"[tepin]were"@pon	<https://panlex.org/snapshot/panlex-20191001-csv/114#8064300>				<https://panlex.org/snapshot/panlex-20191001-csv/114#8064397>		"gogoona"@tio	
"[pohn] sowe"@pon	<https://panlex.org/snapshot/panlex-20191001-csv/114#8058099>				<https://panlex.org/snapshot/panlex-20191001-csv/114#8058193>		"tonuna"@tio	
"[pohn] sowe"@pon	<https://panlex.org/snapshot/panlex-20191001-csv/114#8058099>				<https://panlex.org/snapshot/panlex-20191001-csv/114#8058192>		"tobnuna"@tio	
"pwopwe"@pon	<https://panlex.org/snapshot/panlex-20191001-csv/114#8061198>				<https://panlex.org/snapshot/panlex-20191001-csv/114#8061281>		"[gogoona] varavara"@tio	
"alu"@pon	<https://panlex.org/snapshot/panlex-20191001-csv/114#8054076>				<https://panlex.org/snapshot/panlex-20191001-csv/114#8054183>		"pita"@tio	
"pap"@pon	<https://panlex.org/snapshot/panlex-20191001-csv/114#8056106>				<https://panlex.org/snapshot/panlex-20191001-csv/114#8056200>		"ruvu"@tio	
"kouruhr"@pon	<https://panlex.org/snapshot/panlex-20191001-csv/114#8068482>				<https://panlex.org/snapshot/panlex-20191001-csv/114#8068568>		"haesi"@tio	
"kihl"@pon	<https://panlex.org/snapshot/panlex-20191001-csv/114#8057591>				<https://panlex.org/snapshot/panlex-20191001-csv/114#8057686>		"kapa"@tio	
"esiŋek"@pon	<https://panlex.org/snapshot/panlex-20191001-csv/114#8065872>				<https://panlex.org/snapshot/panlex-20191001-csv/114#8065948>		"va vuriha"@tio	
"ŋih"@pon	<https://panlex.org/snapshot/panlex-20191001-csv/114#8067429>				<https://panlex.org/snapshot/panlex-20191001-csv/114#8067528>		"nihi"@tio	
