"ŋosoʕ"@ami	<https://panlex.org/snapshot/panlex-20191001-csv/114#8065047>				<https://panlex.org/snapshot/panlex-20191001-csv/114#8065533>		"nüñɔ"@utp	
"ma-acek"@ami	<https://panlex.org/snapshot/panlex-20191001-csv/114#8056287>				<https://panlex.org/snapshot/panlex-20191001-csv/114#8056748>		"istakɔrɔ"@utp	
"tiaL"@ami	<https://panlex.org/snapshot/panlex-20191001-csv/114#8058277>				<https://panlex.org/snapshot/panlex-20191001-csv/114#8058784>		"nātu"@utp	
"tinaiq"@ami	<https://panlex.org/snapshot/panlex-20191001-csv/114#8059345>				<https://panlex.org/snapshot/panlex-20191001-csv/114#8059760>		"račani"@utp	
"kawanan"@ami	<https://panlex.org/snapshot/panlex-20191001-csv/114#8052667>				<https://panlex.org/snapshot/panlex-20191001-csv/114#8053073>		"marœ"@utp	
"kulur"@ami	<https://panlex.org/snapshot/panlex-20191001-csv/114#8057778>				<https://panlex.org/snapshot/panlex-20191001-csv/114#8058225>		"naṇiɔ"@utp	
"liqer"@ami	<https://panlex.org/snapshot/panlex-20191001-csv/114#8063958>				<https://panlex.org/snapshot/panlex-20191001-csv/114#8064433>		"kɔ"@utp	
"ʕatay"@ami	<https://panlex.org/snapshot/panlex-20191001-csv/114#8059808>				<https://panlex.org/snapshot/panlex-20191001-csv/114#8060248>		"mmenai"@utp	
"kawili"@ami	<https://panlex.org/snapshot/panlex-20191001-csv/114#8052197>				<https://panlex.org/snapshot/panlex-20191001-csv/114#8052618>		"muyœ"@utp	
