"Späjel"@pdt	<https://panlex.org/snapshot/panlex-20191001-csv/5946#84446283>				<https://panlex.org/snapshot/panlex-20191001-csv/5946#84446103>		"гIвы́га"@abq	
"Nodsee"@pdt	<https://panlex.org/snapshot/panlex-20191001-csv/2905#110870521>				<https://panlex.org/snapshot/panlex-20191001-csv/2905#110870582>		"Северна тенгьыз"@abq	
"Ooſtſee"@pdt	<https://panlex.org/snapshot/panlex-20191001-csv/2905#110868746>				<https://panlex.org/snapshot/panlex-20191001-csv/2905#110868640>		"Балтийска тенгьыз"@abq	
"Nodſee"@pdt	<https://panlex.org/snapshot/panlex-20191001-csv/2905#110870564>				<https://panlex.org/snapshot/panlex-20191001-csv/2905#110870582>		"Северна тенгьыз"@abq	
"Meddelmea"@pdt	<https://panlex.org/snapshot/panlex-20191001-csv/2905#110870465>				<https://panlex.org/snapshot/panlex-20191001-csv/2905#110870439>		"Средиземна тенгьыз"@abq	
"Schwoatet Mea"@pdt	<https://panlex.org/snapshot/panlex-20191001-csv/2905#110869139>				<https://panlex.org/snapshot/panlex-20191001-csv/2905#110869114>		"Тенгьыз Квайчӏва"@abq	
"Oostsee"@pdt	<https://panlex.org/snapshot/panlex-20191001-csv/2905#110868696>				<https://panlex.org/snapshot/panlex-20191001-csv/2905#110868640>		"Балтийска тенгьыз"@abq	
"Arktischa Oozean"@pdt	<https://panlex.org/snapshot/panlex-20191001-csv/2901#110867268>				<https://panlex.org/snapshot/panlex-20191001-csv/2901#110867159>		"Северна Ледовита океан"@abq	
"Indik"@pdt	<https://panlex.org/snapshot/panlex-20191001-csv/2901#110867728>				<https://panlex.org/snapshot/panlex-20191001-csv/2901#110867667>		"Индийска океан"@abq	
"Indischa Oozean"@pdt	<https://panlex.org/snapshot/panlex-20191001-csv/2901#110867777>				<https://panlex.org/snapshot/panlex-20191001-csv/2901#110867667>		"Индийска океан"@abq	
"Siedlicha Oozean"@pdt	<https://panlex.org/snapshot/panlex-20191001-csv/2901#110868227>				<https://panlex.org/snapshot/panlex-20191001-csv/2901#110868197>		"Южна океан"@abq	
"Atlauntischa Oozean"@pdt	<https://panlex.org/snapshot/panlex-20191001-csv/2901#110867527>				<https://panlex.org/snapshot/panlex-20191001-csv/2901#110867480>		"Атлантическа океан"@abq	
"Siedpolarmea"@pdt	<https://panlex.org/snapshot/panlex-20191001-csv/2901#110868277>				<https://panlex.org/snapshot/panlex-20191001-csv/2901#110868197>		"Южна океан"@abq	
"Atlauntik"@pdt	<https://panlex.org/snapshot/panlex-20191001-csv/2901#110867525>				<https://panlex.org/snapshot/panlex-20191001-csv/2901#110867480>		"Атлантическа океан"@abq	
"Atlauntiſcha Oozean"@pdt	<https://panlex.org/snapshot/panlex-20191001-csv/2901#110867407>				<https://panlex.org/snapshot/panlex-20191001-csv/2901#110867480>		"Атлантическа океан"@abq	
"Nodpolarmea"@pdt	<https://panlex.org/snapshot/panlex-20191001-csv/2901#110867341>				<https://panlex.org/snapshot/panlex-20191001-csv/2901#110867159>		"Северна Ледовита океан"@abq	
"Stella Oozean"@pdt	<https://panlex.org/snapshot/panlex-20191001-csv/2901#110867948>				<https://panlex.org/snapshot/panlex-20191001-csv/2901#110867881>		"Тиха океан"@abq	
"Pazifik"@pdt	<https://panlex.org/snapshot/panlex-20191001-csv/2901#110867912>				<https://panlex.org/snapshot/panlex-20191001-csv/2901#110867881>		"Тиха океан"@abq	
"Pazifischa Oozean"@pdt	<https://panlex.org/snapshot/panlex-20191001-csv/2901#110868071>				<https://panlex.org/snapshot/panlex-20191001-csv/2901#110867881>		"Тиха океан"@abq	
"Indiſcha Oozean"@pdt	<https://panlex.org/snapshot/panlex-20191001-csv/2901#110867832>				<https://panlex.org/snapshot/panlex-20191001-csv/2901#110867667>		"Индийска океан"@abq	
"Arktiſcha Oozean"@pdt	<https://panlex.org/snapshot/panlex-20191001-csv/2901#110867182>				<https://panlex.org/snapshot/panlex-20191001-csv/2901#110867159>		"Северна Ледовита океан"@abq	
"Pazifiſcha Oozean"@pdt	<https://panlex.org/snapshot/panlex-20191001-csv/2901#110868066>				<https://panlex.org/snapshot/panlex-20191001-csv/2901#110867881>		"Тиха океан"@abq	
"Sinndag"@pdt	<https://panlex.org/snapshot/panlex-20191001-csv/2892#110826909>				<https://panlex.org/snapshot/panlex-20191001-csv/2892#110826690>		"мтшаша"@abq	
"Meddweakj"@pdt	<https://panlex.org/snapshot/panlex-20191001-csv/2892#110825246>				<https://panlex.org/snapshot/panlex-20191001-csv/2892#110825005>		"хаша"@abq	
"Sinnovend"@pdt	<https://panlex.org/snapshot/panlex-20191001-csv/2892#110826307>				<https://panlex.org/snapshot/panlex-20191001-csv/2892#110826331>		"сабша"@abq	
"Friedag"@pdt	<https://panlex.org/snapshot/panlex-20191001-csv/2892#110825916>				<https://panlex.org/snapshot/panlex-20191001-csv/2892#110826044>		"хваша"@abq	
"Moondag"@pdt	<https://panlex.org/snapshot/panlex-20191001-csv/2892#110824180>				<https://panlex.org/snapshot/panlex-20191001-csv/2892#110824052>		"швахьа"@abq	
"Dinjsdag"@pdt	<https://panlex.org/snapshot/panlex-20191001-csv/2892#110824540>				<https://panlex.org/snapshot/panlex-20191001-csv/2892#110824610>		"гӏваша"@abq	
"Donnadag"@pdt	<https://panlex.org/snapshot/panlex-20191001-csv/2892#110825316>				<https://panlex.org/snapshot/panlex-20191001-csv/2892#110825535>		"пщаша"@abq	
"Moaz"@pdt	<https://panlex.org/snapshot/panlex-20191001-csv/2897#110828209>				<https://panlex.org/snapshot/panlex-20191001-csv/2897#110827902>		"март"@abq	
"Moaz"@pdt	<https://panlex.org/snapshot/panlex-20191001-csv/2897#110828209>				<https://panlex.org/snapshot/panlex-20191001-csv/2897#110828205>		"мартӏ"@abq	
"Moaz"@pdt	<https://panlex.org/snapshot/panlex-20191001-csv/2897#110828209>				<https://panlex.org/snapshot/panlex-20191001-csv/2897#110828215>		"гӏапынхъамыз"@abq	
"Aprel"@pdt	<https://panlex.org/snapshot/panlex-20191001-csv/2897#110828642>				<https://panlex.org/snapshot/panlex-20191001-csv/2897#110828647>		"апрель"@abq	
"Jaunwoa"@pdt	<https://panlex.org/snapshot/panlex-20191001-csv/2897#110827104>				<https://panlex.org/snapshot/panlex-20191001-csv/2897#110827082>		"гъынчыльа"@abq	
"Jaunwoa"@pdt	<https://panlex.org/snapshot/panlex-20191001-csv/2897#110827104>				<https://panlex.org/snapshot/panlex-20191001-csv/2897#110827423>		"январь"@abq	
"Novamba"@pdt	<https://panlex.org/snapshot/panlex-20191001-csv/2897#110831413>				<https://panlex.org/snapshot/panlex-20191001-csv/2897#110831205>		"ноябрь"@abq	
"Oktoba"@pdt	<https://panlex.org/snapshot/panlex-20191001-csv/2897#110831122>				<https://panlex.org/snapshot/panlex-20191001-csv/2897#110830940>		"октябрь"@abq	
"Dezamba"@pdt	<https://panlex.org/snapshot/panlex-20191001-csv/2897#110831571>				<https://panlex.org/snapshot/panlex-20191001-csv/2897#110831787>		"декабрь"@abq	
"Septamba"@pdt	<https://panlex.org/snapshot/panlex-20191001-csv/2897#110830625>				<https://panlex.org/snapshot/panlex-20191001-csv/2897#110830539>		"сентябрь"@abq	
"Auguſt"@pdt	<https://panlex.org/snapshot/panlex-20191001-csv/2897#110830049>				<https://panlex.org/snapshot/panlex-20191001-csv/2897#110829973>		"август"@abq	
"Febawoa"@pdt	<https://panlex.org/snapshot/panlex-20191001-csv/2897#110827575>				<https://panlex.org/snapshot/panlex-20191001-csv/2897#110827836>		"февраль"@abq	
"Febawoa"@pdt	<https://panlex.org/snapshot/panlex-20191001-csv/2897#110827575>				<https://panlex.org/snapshot/panlex-20191001-csv/2897#110827796>		"мазахӏван"@abq	
"August"@pdt	<https://panlex.org/snapshot/panlex-20191001-csv/2897#110830159>				<https://panlex.org/snapshot/panlex-20191001-csv/2897#110829973>		"август"@abq	
"Jüli"@pdt	<https://panlex.org/snapshot/panlex-20191001-csv/2897#110829549>				<https://panlex.org/snapshot/panlex-20191001-csv/2897#110829548>		"пхынчыльа"@abq	
"Jüli"@pdt	<https://panlex.org/snapshot/panlex-20191001-csv/2897#110829549>				<https://panlex.org/snapshot/panlex-20191001-csv/2897#110829766>		"июль"@abq	
"Mai"@pdt	<https://panlex.org/snapshot/panlex-20191001-csv/2897#110828848>				<https://panlex.org/snapshot/panlex-20191001-csv/2897#110828908>		"май"@abq	
"Jüni"@pdt	<https://panlex.org/snapshot/panlex-20191001-csv/2897#110829081>				<https://panlex.org/snapshot/panlex-20191001-csv/2897#110829337>		"июнь"@abq	
"Jüni"@pdt	<https://panlex.org/snapshot/panlex-20191001-csv/2897#110829081>				<https://panlex.org/snapshot/panlex-20191001-csv/2897#110829080>		"пхынхъа"@abq	
"Aſien"@pdt	<https://panlex.org/snapshot/panlex-20191001-csv/2891#110853974>				<https://panlex.org/snapshot/panlex-20191001-csv/2891#110853985>		"Азия"@abq	
"Afrika"@pdt	<https://panlex.org/snapshot/panlex-20191001-csv/2891#110853145>				<https://panlex.org/snapshot/panlex-20191001-csv/2891#110853014>		"Африка"@abq	
"Asien"@pdt	<https://panlex.org/snapshot/panlex-20191001-csv/2891#110853877>				<https://panlex.org/snapshot/panlex-20191001-csv/2891#110853985>		"Азия"@abq	
"Antarktis"@pdt	<https://panlex.org/snapshot/panlex-20191001-csv/2891#110853549>				<https://panlex.org/snapshot/panlex-20191001-csv/2891#110853716>		"Антарктида"@abq	
"Euroopa"@pdt	<https://panlex.org/snapshot/panlex-20191001-csv/2891#110854151>				<https://panlex.org/snapshot/panlex-20191001-csv/2891#110854106>		"Европа"@abq	
"Amerika"@pdt	<https://panlex.org/snapshot/panlex-20191001-csv/2891#110853414>				<https://panlex.org/snapshot/panlex-20191001-csv/2891#110853307>		"Америка"@abq	
