"цIока"@inh	<https://panlex.org/snapshot/panlex-20191001-csv/3975#51731263>				<https://panlex.org/snapshot/panlex-20191001-csv/3975#51731293>		"ŋ̀=kòb"@nbb	
"цIока"@inh	<https://panlex.org/snapshot/panlex-20191001-csv/3975#51731263>				<https://panlex.org/snapshot/panlex-20191001-csv/3975#51731292>		"ŋ̀=kòb"@nbb	
"чо"@inh	<https://panlex.org/snapshot/panlex-20191001-csv/3975#51725595>				<https://panlex.org/snapshot/panlex-20191001-csv/3975#51725618>		"ǹ=dí"@nbb	
"чо"@inh	<https://panlex.org/snapshot/panlex-20191001-csv/3975#51725595>				<https://panlex.org/snapshot/panlex-20191001-csv/3975#51725617>		"ǹ=tí-tí"@nbb	
"ха"@inh	<https://panlex.org/snapshot/panlex-20191001-csv/3975#51726962>				<https://panlex.org/snapshot/panlex-20191001-csv/3975#51726983>		"mǎi"@nbb	
"ха"@inh	<https://panlex.org/snapshot/panlex-20191001-csv/3975#51726962>				<https://panlex.org/snapshot/panlex-20191001-csv/3975#51726982>		"màɛ̃́"@nbb	
"шийла"@inh	<https://panlex.org/snapshot/panlex-20191001-csv/3975#51722517>				<https://panlex.org/snapshot/panlex-20191001-csv/3975#51722537>		"ǹ=nùg"@nbb	
"шийла"@inh	<https://panlex.org/snapshot/panlex-20191001-csv/3975#51722517>				<https://panlex.org/snapshot/panlex-20191001-csv/3975#51722538>		"è=lùg"@nbb	
"декъа"@inh	<https://panlex.org/snapshot/panlex-20191001-csv/3975#51723316>				<https://panlex.org/snapshot/panlex-20191001-csv/3975#51723339>		"wóm"@nbb	
"декъа"@inh	<https://panlex.org/snapshot/panlex-20191001-csv/3975#51723316>				<https://panlex.org/snapshot/panlex-20191001-csv/3975#51723340>		"wóm"@nbb	
"дийхк"@inh	<https://panlex.org/snapshot/panlex-20191001-csv/3975#51727396>				<https://panlex.org/snapshot/panlex-20191001-csv/3975#51727420>		"bà=rɛ́m"@nbb	
"дийхк"@inh	<https://panlex.org/snapshot/panlex-20191001-csv/3975#51727396>				<https://panlex.org/snapshot/panlex-20191001-csv/3975#51727421>		"bà=rɛ́m"@nbb	
"xaz-a (хаза}"@inh	<https://panlex.org/snapshot/panlex-20191001-csv/3975#51726051>				<https://panlex.org/snapshot/panlex-20191001-csv/3975#51726084>		"wóg"@nbb	
"xaz-a (хаза}"@inh	<https://panlex.org/snapshot/panlex-20191001-csv/3975#51726051>				<https://panlex.org/snapshot/panlex-20191001-csv/3975#51726083>		"wóg"@nbb	
"латта"@inh	<https://panlex.org/snapshot/panlex-20191001-csv/3975#51731860>				<https://panlex.org/snapshot/panlex-20191001-csv/3975#51731879>		"lámí"@nbb	
"латта"@inh	<https://panlex.org/snapshot/panlex-20191001-csv/3975#51731860>				<https://panlex.org/snapshot/panlex-20191001-csv/3975#51731878>		"lámáŋ"@nbb	
"маза"@inh	<https://panlex.org/snapshot/panlex-20191001-csv/3975#51727662>				<https://panlex.org/snapshot/panlex-20191001-csv/3975#51727684>		"ŋ̀=kòkôr"@nbb	
"маза"@inh	<https://panlex.org/snapshot/panlex-20191001-csv/3975#51727662>				<https://panlex.org/snapshot/panlex-20191001-csv/3975#51727685>		"ŋ̀=kòkôd"@nbb	
"фуъ"@inh	<https://panlex.org/snapshot/panlex-20191001-csv/3975#51723920>				<https://panlex.org/snapshot/panlex-20191001-csv/3975#51723938>		"ɛ́=kǐ"@nbb	
"фуъ"@inh	<https://panlex.org/snapshot/panlex-20191001-csv/3975#51723920>				<https://panlex.org/snapshot/panlex-20191001-csv/3975#51723939>		"é=kě"@nbb	
"цIи"@inh	<https://panlex.org/snapshot/panlex-20191001-csv/3975#51728655>				<https://panlex.org/snapshot/panlex-20191001-csv/3975#51728677>		"m̀=pí"@nbb	
"цIи"@inh	<https://panlex.org/snapshot/panlex-20191001-csv/3975#51728655>				<https://panlex.org/snapshot/panlex-20191001-csv/3975#51728676>		"ǹ=nǝ́ŋ"@nbb	
"цIи"@inh	<https://panlex.org/snapshot/panlex-20191001-csv/3975#51724482>				<https://panlex.org/snapshot/panlex-20191001-csv/3975#51724510>		"ŋ̀=kǒr"@nbb	
"цIи"@inh	<https://panlex.org/snapshot/panlex-20191001-csv/3975#51724482>				<https://panlex.org/snapshot/panlex-20191001-csv/3975#51724511>		"mìŋ=kǒd"@nbb	
"бутт"@inh	<https://panlex.org/snapshot/panlex-20191001-csv/3975#51728246>				<https://panlex.org/snapshot/panlex-20191001-csv/3975#51728274>		"ò=fêŋ"@nbb	
"бутт"@inh	<https://panlex.org/snapshot/panlex-20191001-csv/3975#51728246>				<https://panlex.org/snapshot/panlex-20191001-csv/3975#51728273>		"ò=fêŋ"@nbb	
"гаргара"@inh	<https://panlex.org/snapshot/panlex-20191001-csv/3975#51735459>				<https://panlex.org/snapshot/panlex-20191001-csv/3975#51735482>		"kpédì-kpédì"@nbb	
"гаргара"@inh	<https://panlex.org/snapshot/panlex-20191001-csv/3975#51735459>				<https://panlex.org/snapshot/panlex-20191001-csv/3975#51735481>		"kpédè-kpédè"@nbb	
"алла"@inh	<https://panlex.org/snapshot/panlex-20191001-csv/3975#51727248>				<https://panlex.org/snapshot/panlex-20191001-csv/3975#51727271>		"nùmúŋ"@nbb	
"алла"@inh	<https://panlex.org/snapshot/panlex-20191001-csv/3975#51727248>				<https://panlex.org/snapshot/panlex-20191001-csv/3975#51727272>		"nɨ̀mí"@nbb	
"наб е"@inh	<https://panlex.org/snapshot/panlex-20191001-csv/3975#51731418>				<https://panlex.org/snapshot/panlex-20191001-csv/3975#51731442>		"lái"@nbb	
"наб е"@inh	<https://panlex.org/snapshot/panlex-20191001-csv/3975#51731418>				<https://panlex.org/snapshot/panlex-20191001-csv/3975#51731441>		"lál"@nbb	
"га"@inh	<https://panlex.org/snapshot/panlex-20191001-csv/3975#51733471>				<https://panlex.org/snapshot/panlex-20191001-csv/3975#51733492>		"bò=ré"@nbb	
"га"@inh	<https://panlex.org/snapshot/panlex-20191001-csv/3975#51733471>				<https://panlex.org/snapshot/panlex-20191001-csv/3975#51733493>		"è=ré-ré"@nbb	
"цIог"@inh	<https://panlex.org/snapshot/panlex-20191001-csv/3975#51732568>				<https://panlex.org/snapshot/panlex-20191001-csv/3975#51732593>		"ŋ̀=kél"@nbb	
"цIог"@inh	<https://panlex.org/snapshot/panlex-20191001-csv/3975#51732568>				<https://panlex.org/snapshot/panlex-20191001-csv/3975#51732594>		"mìŋ=kí"@nbb	
"тух"@inh	<https://panlex.org/snapshot/panlex-20191001-csv/3975#51735598>				<https://panlex.org/snapshot/panlex-20191001-csv/3975#51735619>		"ŋ̀=káŋ"@nbb	
"тух"@inh	<https://panlex.org/snapshot/panlex-20191001-csv/3975#51735598>				<https://panlex.org/snapshot/panlex-20191001-csv/3975#51735620>		"mìŋ=káŋ"@nbb	
"овла"@inh	<https://panlex.org/snapshot/panlex-20191001-csv/3975#51730281>				<https://panlex.org/snapshot/panlex-20191001-csv/3975#51730300>		"mìn=dǔg"@nbb	
"овла"@inh	<https://panlex.org/snapshot/panlex-20191001-csv/3975#51730281>				<https://panlex.org/snapshot/panlex-20191001-csv/3975#51730299>		"ǹ=dǔg"@nbb	
"ког"@inh	<https://panlex.org/snapshot/panlex-20191001-csv/3975#51724908>				<https://panlex.org/snapshot/panlex-20191001-csv/3975#51724938>		"ò=kǒ"@nbb	
"ког"@inh	<https://panlex.org/snapshot/panlex-20191001-csv/3975#51724908>				<https://panlex.org/snapshot/panlex-20191001-csv/3975#51724939>		"ò=kǒ"@nbb	
"тIехк"@inh	<https://panlex.org/snapshot/panlex-20191001-csv/3975#51721850>				<https://panlex.org/snapshot/panlex-20191001-csv/3975#51721871>		"ɛ̀=kɨ́kɨ́b"@nbb	
"тIехк"@inh	<https://panlex.org/snapshot/panlex-20191001-csv/3975#51721850>				<https://panlex.org/snapshot/panlex-20191001-csv/3975#51721870>		"ɛ̀=kǝ́b"@nbb	
"даа"@inh	<https://panlex.org/snapshot/panlex-20191001-csv/3975#51723753>				<https://panlex.org/snapshot/panlex-20191001-csv/3975#51723782>		"lí"@nbb	
"даа"@inh	<https://panlex.org/snapshot/panlex-20191001-csv/3975#51723753>				<https://panlex.org/snapshot/panlex-20191001-csv/3975#51723783>		"lí"@nbb	
"IажагIа"@inh	<https://panlex.org/snapshot/panlex-20191001-csv/3975#51735066>				<https://panlex.org/snapshot/panlex-20191001-csv/3975#51735088>		"bɔ̀=kɔ̀g"@nbb	
"IажагIа"@inh	<https://panlex.org/snapshot/panlex-20191001-csv/3975#51735066>				<https://panlex.org/snapshot/panlex-20191001-csv/3975#51735087>		"bɔ̀=kɔ̀g"@nbb	
"вагIа"@inh	<https://panlex.org/snapshot/panlex-20191001-csv/3975#51731102>				<https://panlex.org/snapshot/panlex-20191001-csv/3975#51731129>		"bɨ̀nǝ́ŋ"@nbb	
"вагIа"@inh	<https://panlex.org/snapshot/panlex-20191001-csv/3975#51731102>				<https://panlex.org/snapshot/panlex-20191001-csv/3975#51731130>		"kɨ̀mí"@nbb	
"хий"@inh	<https://panlex.org/snapshot/panlex-20191001-csv/3975#51734096>				<https://panlex.org/snapshot/panlex-20191001-csv/3975#51734125>		"màmài"@nbb	
"хий"@inh	<https://panlex.org/snapshot/panlex-20191001-csv/3975#51734096>				<https://panlex.org/snapshot/panlex-20191001-csv/3975#51734123>		"m̀=màl"@nbb	
"хий"@inh	<https://panlex.org/snapshot/panlex-20191001-csv/3975#51734096>				<https://panlex.org/snapshot/panlex-20191001-csv/3975#51734124>		"m̀=mài"@nbb	
"оалхазар"@inh	<https://panlex.org/snapshot/panlex-20191001-csv/3975#51721277>				<https://panlex.org/snapshot/panlex-20191001-csv/3975#51721303>		"ń=nɔ̂nɔ́n"@nbb	
"оалхазар"@inh	<https://panlex.org/snapshot/panlex-20191001-csv/3975#51721277>				<https://panlex.org/snapshot/panlex-20191001-csv/3975#51721302>		"bɛ́=nɔ̀nɔ́n"@nbb	
"нIана"@inh	<https://panlex.org/snapshot/panlex-20191001-csv/3975#51736280>				<https://panlex.org/snapshot/panlex-20191001-csv/3975#51736298>		"ń=dɔ̀ŋɔ̂n"@nbb	
"нIана"@inh	<https://panlex.org/snapshot/panlex-20191001-csv/3975#51736280>				<https://panlex.org/snapshot/panlex-20191001-csv/3975#51736299>		"ɔ́=sɔ́nàg"@nbb	
"накха"@inh	<https://panlex.org/snapshot/panlex-20191001-csv/3975#51721980>				<https://panlex.org/snapshot/panlex-20191001-csv/3975#51722002>		"é=kpókpó"@nbb	
"накха"@inh	<https://panlex.org/snapshot/panlex-20191001-csv/3975#51721980>				<https://panlex.org/snapshot/panlex-20191001-csv/3975#51722001>		"ɛ́=kpókpó"@nbb	
"доагаде"@inh	<https://panlex.org/snapshot/panlex-20191001-csv/3975#51722118>				<https://panlex.org/snapshot/panlex-20191001-csv/3975#51722143>		"rǒ"@nbb	
"доагаде"@inh	<https://panlex.org/snapshot/panlex-20191001-csv/3975#51722118>				<https://panlex.org/snapshot/panlex-20191001-csv/3975#51722144>		"rǒi"@nbb	
"цIий"@inh	<https://panlex.org/snapshot/panlex-20191001-csv/3975#51721699>				<https://panlex.org/snapshot/panlex-20191001-csv/3975#51721726>		"ǹ=núŋ"@nbb	
"цIий"@inh	<https://panlex.org/snapshot/panlex-20191001-csv/3975#51721699>				<https://panlex.org/snapshot/panlex-20191001-csv/3975#51721725>		"ǹ=núŋ"@nbb	
"царг"@inh	<https://panlex.org/snapshot/panlex-20191001-csv/3975#51733321>				<https://panlex.org/snapshot/panlex-20191001-csv/3975#51733347>		"lɛ̀=mǝ́ŋ"@nbb	
"царг"@inh	<https://panlex.org/snapshot/panlex-20191001-csv/3975#51733321>				<https://panlex.org/snapshot/panlex-20191001-csv/3975#51733348>		"è=líŋ"@nbb	
"дог"@inh	<https://panlex.org/snapshot/panlex-20191001-csv/3975#51726206>				<https://panlex.org/snapshot/panlex-20191001-csv/3975#51726226>		"ǹ=dɛ́nɛ̀ŋ"@nbb	
"дог"@inh	<https://panlex.org/snapshot/panlex-20191001-csv/3975#51726206>				<https://panlex.org/snapshot/panlex-20191001-csv/3975#51726227>		"ǹ=tèd"@nbb	
"лаьтта"@inh	<https://panlex.org/snapshot/panlex-20191001-csv/3975#51723605>				<https://panlex.org/snapshot/panlex-20191001-csv/3975#51723628>		"ɲ̀=sìsí"@nbb	
"лаьтта"@inh	<https://panlex.org/snapshot/panlex-20191001-csv/3975#51723605>				<https://panlex.org/snapshot/panlex-20191001-csv/3975#51723627>		"ǹ=tɔ́b"@nbb	
"муIа"@inh	<https://panlex.org/snapshot/panlex-20191001-csv/3975#51726342>				<https://panlex.org/snapshot/panlex-20191001-csv/3975#51726361>		"ǹ=táŋ"@nbb	
"муIа"@inh	<https://panlex.org/snapshot/panlex-20191001-csv/3975#51726342>				<https://panlex.org/snapshot/panlex-20191001-csv/3975#51726362>		"ŋ̀=ŋuɛ́g"@nbb	
"мIара"@inh	<https://panlex.org/snapshot/panlex-20191001-csv/3975#51722257>				<https://panlex.org/snapshot/panlex-20191001-csv/3975#51722277>		"ɛ̀=ŋuàràŋ"@nbb	
"мIара"@inh	<https://panlex.org/snapshot/panlex-20191001-csv/3975#51722257>				<https://panlex.org/snapshot/panlex-20191001-csv/3975#51722278>		"ɛ̀=ŋuàŋuàrì"@nbb	
"фоарт"@inh	<https://panlex.org/snapshot/panlex-20191001-csv/3975#51728797>				<https://panlex.org/snapshot/panlex-20191001-csv/3975#51728819>		"ɛ̀=mɛ̀i"@nbb	
"фоарт"@inh	<https://panlex.org/snapshot/panlex-20191001-csv/3975#51728797>				<https://panlex.org/snapshot/panlex-20191001-csv/3975#51728818>		"ɛ̀=mɛ̀l"@nbb	
"гIа"@inh	<https://panlex.org/snapshot/panlex-20191001-csv/3975#51727101>				<https://panlex.org/snapshot/panlex-20191001-csv/3975#51727121>		"lɛ̀=ŋuán"@nbb	
"гIа"@inh	<https://panlex.org/snapshot/panlex-20191001-csv/3975#51727101>				<https://panlex.org/snapshot/panlex-20191001-csv/3975#51727122>		"è=guíguɛ̂"@nbb	
"цаI"@inh	<https://panlex.org/snapshot/panlex-20191001-csv/3975#51729559>				<https://panlex.org/snapshot/panlex-20191001-csv/3975#51729585>		"yí-d"@nbb	
"цаI"@inh	<https://panlex.org/snapshot/panlex-20191001-csv/3975#51729559>				<https://panlex.org/snapshot/panlex-20191001-csv/3975#51729584>		"ʓí-d"@nbb	
"кхалсаг"@inh	<https://panlex.org/snapshot/panlex-20191001-csv/3975#51734911>				<https://panlex.org/snapshot/panlex-20191001-csv/3975#51734940>		"mìŋ=kánì"@nbb	
"кхалсаг"@inh	<https://panlex.org/snapshot/panlex-20191001-csv/3975#51734911>				<https://panlex.org/snapshot/panlex-20191001-csv/3975#51734939>		"ŋ̀=kánàŋ"@nbb	
"ва"@inh	<https://panlex.org/snapshot/panlex-20191001-csv/3975#51722662>				<https://panlex.org/snapshot/panlex-20191001-csv/3975#51722693>		"bá"@nbb	
"ва"@inh	<https://panlex.org/snapshot/panlex-20191001-csv/3975#51722662>				<https://panlex.org/snapshot/panlex-20191001-csv/3975#51722692>		"bá"@nbb	
"цIе"@inh	<https://panlex.org/snapshot/panlex-20191001-csv/3975#51730002>				<https://panlex.org/snapshot/panlex-20191001-csv/3975#51730023>		"é=béá"@nbb	
"цIе"@inh	<https://panlex.org/snapshot/panlex-20191001-csv/3975#51730002>				<https://panlex.org/snapshot/panlex-20191001-csv/3975#51730022>		"é=bélá"@nbb	
"лерг"@inh	<https://panlex.org/snapshot/panlex-20191001-csv/3975#51723456>				<https://panlex.org/snapshot/panlex-20191001-csv/3975#51723482>		"ò=rôn"@nbb	
"лерг"@inh	<https://panlex.org/snapshot/panlex-20191001-csv/3975#51723456>				<https://panlex.org/snapshot/panlex-20191001-csv/3975#51723483>		"ò=rôl"@nbb	
"бийса"@inh	<https://panlex.org/snapshot/panlex-20191001-csv/3975#51729071>				<https://panlex.org/snapshot/panlex-20191001-csv/3975#51729097>		"bò=rú"@nbb	
"бийса"@inh	<https://panlex.org/snapshot/panlex-20191001-csv/3975#51729071>				<https://panlex.org/snapshot/panlex-20191001-csv/3975#51729098>		"bò=rú"@nbb	
"дала"@inh	<https://panlex.org/snapshot/panlex-20191001-csv/3975#51722846>				<https://panlex.org/snapshot/panlex-20191001-csv/3975#51722875>		"kuɔ́"@nbb	
"дала"@inh	<https://panlex.org/snapshot/panlex-20191001-csv/3975#51722846>				<https://panlex.org/snapshot/panlex-20191001-csv/3975#51722874>		"kuɔ́"@nbb	
"кIур"@inh	<https://panlex.org/snapshot/panlex-20191001-csv/3975#51731715>				<https://panlex.org/snapshot/panlex-20191001-csv/3975#51731741>		"bà=ɲîn"@nbb	
"кIур"@inh	<https://panlex.org/snapshot/panlex-20191001-csv/3975#51731715>				<https://panlex.org/snapshot/panlex-20191001-csv/3975#51731742>		"è=lîlî"@nbb	
"че"@inh	<https://panlex.org/snapshot/panlex-20191001-csv/3975#51721001>				<https://panlex.org/snapshot/panlex-20191001-csv/3975#51721019>		"bà=là"@nbb	
"че"@inh	<https://panlex.org/snapshot/panlex-20191001-csv/3975#51721001>				<https://panlex.org/snapshot/panlex-20191001-csv/3975#51721020>		"bɔ̀=là"@nbb	
"мела"@inh	<https://panlex.org/snapshot/panlex-20191001-csv/3975#51723155>				<https://panlex.org/snapshot/panlex-20191001-csv/3975#51723182>		"ʓɔ́"@nbb	
"мела"@inh	<https://panlex.org/snapshot/panlex-20191001-csv/3975#51723155>				<https://panlex.org/snapshot/panlex-20191001-csv/3975#51723183>		"yɔ́"@nbb	
"мераж"@inh	<https://panlex.org/snapshot/panlex-20191001-csv/3975#51729225>				<https://panlex.org/snapshot/panlex-20191001-csv/3975#51729255>		"ŋ̀=ŋuúl"@nbb	
"мераж"@inh	<https://panlex.org/snapshot/panlex-20191001-csv/3975#51729225>				<https://panlex.org/snapshot/panlex-20191001-csv/3975#51729256>		"ŋ̀=ŋuí"@nbb	
"нек де"@inh	<https://panlex.org/snapshot/panlex-20191001-csv/3975#51732440>				<https://panlex.org/snapshot/panlex-20191001-csv/3975#51732464>		"wɔ́g"@nbb	
"нек де"@inh	<https://panlex.org/snapshot/panlex-20191001-csv/3975#51732440>				<https://panlex.org/snapshot/panlex-20191001-csv/3975#51732463>		"wɔ́g"@nbb	
"мух"@inh	<https://panlex.org/snapshot/panlex-20191001-csv/3975#51736145>				<https://panlex.org/snapshot/panlex-20191001-csv/3975#51736172>		"m̀=pɛ́b"@nbb	
"мух"@inh	<https://panlex.org/snapshot/panlex-20191001-csv/3975#51736145>				<https://panlex.org/snapshot/panlex-20191001-csv/3975#51736173>		"m̀=pɛ́b"@nbb	
"кулг"@inh	<https://panlex.org/snapshot/panlex-20191001-csv/3975#51725747>				<https://panlex.org/snapshot/panlex-20191001-csv/3975#51725769>		"ɔ̀=bɔ́"@nbb	
"кулг"@inh	<https://panlex.org/snapshot/panlex-20191001-csv/3975#51725747>				<https://panlex.org/snapshot/panlex-20191001-csv/3975#51725770>		"ɔ̀=bɔ́"@nbb	
"саг"@inh	<https://panlex.org/snapshot/panlex-20191001-csv/3975#51729709>				<https://panlex.org/snapshot/panlex-20191001-csv/3975#51729738>		"mì=nɛ̀"@nbb	
"саг"@inh	<https://panlex.org/snapshot/panlex-20191001-csv/3975#51729709>				<https://panlex.org/snapshot/panlex-20191001-csv/3975#51729737>		"ǹ=nɛ̀"@nbb	
"чкъаьра"@inh	<https://panlex.org/snapshot/panlex-20191001-csv/3975#51724638>				<https://panlex.org/snapshot/panlex-20191001-csv/3975#51724661>		"ǹ=dí"@nbb	
"чкъаьра"@inh	<https://panlex.org/snapshot/panlex-20191001-csv/3975#51724638>				<https://panlex.org/snapshot/panlex-20191001-csv/3975#51724662>		"ɲ̀=sí"@nbb	
"го"@inh	<https://panlex.org/snapshot/panlex-20191001-csv/3975#51726824>				<https://panlex.org/snapshot/panlex-20191001-csv/3975#51726842>		"è=dûndúŋ"@nbb	
"го"@inh	<https://panlex.org/snapshot/panlex-20191001-csv/3975#51726824>				<https://panlex.org/snapshot/panlex-20191001-csv/3975#51726841>		"ɛ̀=rûndúŋ"@nbb	
"го"@inh	<https://panlex.org/snapshot/panlex-20191001-csv/3975#51730811>				<https://panlex.org/snapshot/panlex-20191001-csv/3975#51730839>		"rɔ̌"@nbb	
"го"@inh	<https://panlex.org/snapshot/panlex-20191001-csv/3975#51730811>				<https://panlex.org/snapshot/panlex-20191001-csv/3975#51730840>		"rɔ̌"@nbb	
"Iаьржа"@inh	<https://panlex.org/snapshot/panlex-20191001-csv/3975#51721556>				<https://panlex.org/snapshot/panlex-20191001-csv/3975#51721581>		"é=ʓírá"@nbb	
"Iаьржа"@inh	<https://panlex.org/snapshot/panlex-20191001-csv/3975#51721556>				<https://panlex.org/snapshot/panlex-20191001-csv/3975#51721580>		"ɛ́=ʓírá"@nbb	
"бIехал"@inh	<https://panlex.org/snapshot/panlex-20191001-csv/3975#51735867>				<https://panlex.org/snapshot/panlex-20191001-csv/3975#51735888>		"ɲ̀=ɲɔ́"@nbb	
"бIехал"@inh	<https://panlex.org/snapshot/panlex-20191001-csv/3975#51735867>				<https://panlex.org/snapshot/panlex-20191001-csv/3975#51735889>		"ɲ̀=ɲɔ́"@nbb	
"йокъ"@inh	<https://panlex.org/snapshot/panlex-20191001-csv/3975#51720741>				<https://panlex.org/snapshot/panlex-20191001-csv/3975#51720765>		"ǹ=dɔ̂n"@nbb	
"йокъ"@inh	<https://panlex.org/snapshot/panlex-20191001-csv/3975#51720741>				<https://panlex.org/snapshot/panlex-20191001-csv/3975#51720766>		"ǹ=dɔ̂i"@nbb	
"бIарг"@inh	<https://panlex.org/snapshot/panlex-20191001-csv/3975#51724060>				<https://panlex.org/snapshot/panlex-20191001-csv/3975#51724090>		"è=líd"@nbb	
"бIарг"@inh	<https://panlex.org/snapshot/panlex-20191001-csv/3975#51724060>				<https://panlex.org/snapshot/panlex-20191001-csv/3975#51724089>		"lɛ̀=mǝ́rr"@nbb	
"лела"@inh	<https://panlex.org/snapshot/panlex-20191001-csv/3975#51724772>				<https://panlex.org/snapshot/panlex-20191001-csv/3975#51724793>		"bú"@nbb	
"лела"@inh	<https://panlex.org/snapshot/panlex-20191001-csv/3975#51724772>				<https://panlex.org/snapshot/panlex-20191001-csv/3975#51724792>		"bú"@nbb	
"бедар"@inh	<https://panlex.org/snapshot/panlex-20191001-csv/3975#51724349>				<https://panlex.org/snapshot/panlex-20191001-csv/3975#51724367>		"mín=dòbî"@nbb	
"бедар"@inh	<https://panlex.org/snapshot/panlex-20191001-csv/3975#51724349>				<https://panlex.org/snapshot/panlex-20191001-csv/3975#51724366>		"ń=dòbòg"@nbb	
"мотт"@inh	<https://panlex.org/snapshot/panlex-20191001-csv/3975#51733168>				<https://panlex.org/snapshot/panlex-20191001-csv/3975#51733193>		"lè=légèb"@nbb	
"мотт"@inh	<https://panlex.org/snapshot/panlex-20191001-csv/3975#51733168>				<https://panlex.org/snapshot/panlex-20191001-csv/3975#51733194>		"è=lébì"@nbb	
"жIали"@inh	<https://panlex.org/snapshot/panlex-20191001-csv/3975#51723001>				<https://panlex.org/snapshot/panlex-20191001-csv/3975#51723028>		"ŋ̀=guɔ́"@nbb	
"жIали"@inh	<https://panlex.org/snapshot/panlex-20191001-csv/3975#51723001>				<https://panlex.org/snapshot/panlex-20191001-csv/3975#51723027>		"ŋ̀=guɔ́"@nbb	
"корта"@inh	<https://panlex.org/snapshot/panlex-20191001-csv/3975#51725899>				<https://panlex.org/snapshot/panlex-20191001-csv/3975#51725925>		"è=rí"@nbb	
"корта"@inh	<https://panlex.org/snapshot/panlex-20191001-csv/3975#51725899>				<https://panlex.org/snapshot/panlex-20191001-csv/3975#51725924>		"ɛ̀=rí"@nbb	
"коаст"@inh	<https://panlex.org/snapshot/panlex-20191001-csv/3975#51720871>				<https://panlex.org/snapshot/panlex-20191001-csv/3975#51720895>		"ɛ̀=kpáɣá"@nbb	
"коаст"@inh	<https://panlex.org/snapshot/panlex-20191001-csv/3975#51720871>				<https://panlex.org/snapshot/panlex-20191001-csv/3975#51720894>		"ɛ̀=kpágá"@nbb	
"ги"@inh	<https://panlex.org/snapshot/panlex-20191001-csv/3975#51730973>				<https://panlex.org/snapshot/panlex-20191001-csv/3975#51730987>		"m̀=mǔŋ"@nbb	
"ги"@inh	<https://panlex.org/snapshot/panlex-20191001-csv/3975#51730973>				<https://panlex.org/snapshot/panlex-20191001-csv/3975#51730988>		"m̀=mùní"@nbb	
"царгаш йохка"@inh	<https://panlex.org/snapshot/panlex-20191001-csv/3975#51721418>				<https://panlex.org/snapshot/panlex-20191001-csv/3975#51721441>		"lóm"@nbb	
"царгаш йохка"@inh	<https://panlex.org/snapshot/panlex-20191001-csv/3975#51721418>				<https://panlex.org/snapshot/panlex-20191001-csv/3975#51721442>		"lóm"@nbb	
"де"@inh	<https://panlex.org/snapshot/panlex-20191001-csv/3975#51726677>				<https://panlex.org/snapshot/panlex-20191001-csv/3975#51726696>		"wól"@nbb	
"де"@inh	<https://panlex.org/snapshot/panlex-20191001-csv/3975#51726677>				<https://panlex.org/snapshot/panlex-20191001-csv/3975#51726697>		"wói"@nbb	
"мухь"@inh	<https://panlex.org/snapshot/panlex-20191001-csv/3975#51724211>				<https://panlex.org/snapshot/panlex-20191001-csv/3975#51724237>		"bà=nɔ̀i"@nbb	
"мухь"@inh	<https://panlex.org/snapshot/panlex-20191001-csv/3975#51724211>				<https://panlex.org/snapshot/panlex-20191001-csv/3975#51724236>		"bà=lɔ̀l"@nbb	
"шиъ"@inh	<https://panlex.org/snapshot/panlex-20191001-csv/3975#51733624>				<https://panlex.org/snapshot/panlex-20191001-csv/3975#51733658>		"bɛ́=fái"@nbb	
"шиъ"@inh	<https://panlex.org/snapshot/panlex-20191001-csv/3975#51733624>				<https://panlex.org/snapshot/panlex-20191001-csv/3975#51733657>		"bɛ́=fál"@nbb	
"вала"@inh	<https://panlex.org/snapshot/panlex-20191001-csv/3975#51722847>				<https://panlex.org/snapshot/panlex-20191001-csv/3975#51722875>		"kuɔ́"@nbb	
"вала"@inh	<https://panlex.org/snapshot/panlex-20191001-csv/3975#51722847>				<https://panlex.org/snapshot/panlex-20191001-csv/3975#51722874>		"kuɔ́"@nbb	
"наьк де"@inh	<https://panlex.org/snapshot/panlex-20191001-csv/3975#51732441>				<https://panlex.org/snapshot/panlex-20191001-csv/3975#51732464>		"wɔ́g"@nbb	
"наьк де"@inh	<https://panlex.org/snapshot/panlex-20191001-csv/3975#51732441>				<https://panlex.org/snapshot/panlex-20191001-csv/3975#51732463>		"wɔ́g"@nbb	
"лоам"@inh	<https://panlex.org/snapshot/panlex-20191001-csv/3975#51728378>				<https://panlex.org/snapshot/panlex-20191001-csv/3975#51728394>		"bɛ̀=kòkól"@nbb	
"шу"@inh	<https://panlex.org/snapshot/panlex-20191001-csv/3975#51736400>				<https://panlex.org/snapshot/panlex-20191001-csv/3975#51736422>		"ɛ̀=yá"@nbb	
"шу"@inh	<https://panlex.org/snapshot/panlex-20191001-csv/3975#51736400>				<https://panlex.org/snapshot/panlex-20191001-csv/3975#51736421>		"ɲ̀=yá"@nbb	
"дулх"@inh	<https://panlex.org/snapshot/panlex-20191001-csv/3975#51728089>				<https://panlex.org/snapshot/panlex-20191001-csv/3975#51728116>		"ɲ̀=ɲàm"@nbb	
"дулх"@inh	<https://panlex.org/snapshot/panlex-20191001-csv/3975#51728089>				<https://panlex.org/snapshot/panlex-20191001-csv/3975#51728117>		"ɲ̀=ɲàm"@nbb	
