"лаку ноћ"@sh	<https://panlex.org/snapshot/panlex-20191001-csv/5947#84667458>				<https://panlex.org/snapshot/panlex-20191001-csv/5947#84667444>		"dobru noc"@dsb	
"глагол glagol"@sh	<https://panlex.org/snapshot/panlex-20191001-csv/5947#84660109>				<https://panlex.org/snapshot/panlex-20191001-csv/5947#84660095>		"werb"@dsb	
"Avganistan"@sh	<https://panlex.org/snapshot/panlex-20191001-csv/5947#84579158>				<https://panlex.org/snapshot/panlex-20191001-csv/5947#84579128>		"Afghanistan"@dsb	
"Finska"@sh	<https://panlex.org/snapshot/panlex-20191001-csv/5947#84591090>				<https://panlex.org/snapshot/panlex-20191001-csv/5947#84591067>		"Finska"@dsb	
"око"@sh	<https://panlex.org/snapshot/panlex-20191001-csv/5947#84778341>				<https://panlex.org/snapshot/panlex-20191001-csv/5947#84778321>		"woko"@dsb	
"филм film"@sh	<https://panlex.org/snapshot/panlex-20191001-csv/5947#84684782>				<https://panlex.org/snapshot/panlex-20191001-csv/5947#84684772>		"film"@dsb	
"policijski sat"@sh	<https://panlex.org/snapshot/panlex-20191001-csv/5939#80735375>				<https://panlex.org/snapshot/panlex-20191001-csv/5939#80735372>		"zakaz wuchoda"@dsb	
"bela rada"@sh	<https://panlex.org/snapshot/panlex-20191001-csv/5939#80848880>				<https://panlex.org/snapshot/panlex-20191001-csv/5939#80848864>		"gusorowa kwětka"@dsb	
"bela rada"@sh	<https://panlex.org/snapshot/panlex-20191001-csv/5939#80848880>				<https://panlex.org/snapshot/panlex-20191001-csv/5939#80848865>		"gusacka"@dsb	
"bela rada"@sh	<https://panlex.org/snapshot/panlex-20191001-csv/5939#80848880>				<https://panlex.org/snapshot/panlex-20191001-csv/5939#80848863>		"gusyna kwětka"@dsb	
"gubitak"@sh	<https://panlex.org/snapshot/panlex-20191001-csv/5939#80794202>				<https://panlex.org/snapshot/panlex-20191001-csv/5939#80794191>		"tšuśe"@dsb	
"gubitak"@sh	<https://panlex.org/snapshot/panlex-20191001-csv/5939#80794202>				<https://panlex.org/snapshot/panlex-20191001-csv/5939#80794192>		"pśisajźenje"@dsb	
"bus"@sh	<https://panlex.org/snapshot/panlex-20191001-csv/5939#80768925>				<https://panlex.org/snapshot/panlex-20191001-csv/5939#80768913>		"bus"@dsb	
"Džordž"@sh	<https://panlex.org/snapshot/panlex-20191001-csv/5939#80835350>				<https://panlex.org/snapshot/panlex-20191001-csv/5939#80835316>		"Jurij"@dsb	
"Džordž"@sh	<https://panlex.org/snapshot/panlex-20191001-csv/5939#80835555>				<https://panlex.org/snapshot/panlex-20191001-csv/5939#80835521>		"Jurij"@dsb	
"šteta"@sh	<https://panlex.org/snapshot/panlex-20191001-csv/5939#80794201>				<https://panlex.org/snapshot/panlex-20191001-csv/5939#80794191>		"tšuśe"@dsb	
"šteta"@sh	<https://panlex.org/snapshot/panlex-20191001-csv/5939#80794201>				<https://panlex.org/snapshot/panlex-20191001-csv/5939#80794192>		"pśisajźenje"@dsb	
"tajna policija"@sh	<https://panlex.org/snapshot/panlex-20191001-csv/5939#80832191>				<https://panlex.org/snapshot/panlex-20191001-csv/5939#80832186>		"pótajmna policija"@dsb	
"drvo"@sh	<https://panlex.org/snapshot/panlex-20191001-csv/5939#80745487>				<https://panlex.org/snapshot/panlex-20191001-csv/5939#80745471>		"bom"@dsb	
"enzim"@sh	<https://panlex.org/snapshot/panlex-20191001-csv/5939#80801269>				<https://panlex.org/snapshot/panlex-20191001-csv/5939#80801257>		"encym"@dsb	
"grad duhova"@sh	<https://panlex.org/snapshot/panlex-20191001-csv/5939#80832890>				<https://panlex.org/snapshot/panlex-20191001-csv/5939#80832885>		"spušćone město"@dsb	
"jegulja"@sh	<https://panlex.org/snapshot/panlex-20191001-csv/5939#80698931>				<https://panlex.org/snapshot/panlex-20191001-csv/5939#80698911>		"wugoŕ"@dsb	
"krasuljak"@sh	<https://panlex.org/snapshot/panlex-20191001-csv/5939#80848879>				<https://panlex.org/snapshot/panlex-20191001-csv/5939#80848864>		"gusorowa kwětka"@dsb	
"krasuljak"@sh	<https://panlex.org/snapshot/panlex-20191001-csv/5939#80848879>				<https://panlex.org/snapshot/panlex-20191001-csv/5939#80848865>		"gusacka"@dsb	
"krasuljak"@sh	<https://panlex.org/snapshot/panlex-20191001-csv/5939#80848879>				<https://panlex.org/snapshot/panlex-20191001-csv/5939#80848863>		"gusyna kwětka"@dsb	
"Beograd"@sh	<https://panlex.org/snapshot/panlex-20191001-csv/5939#80749142>				<https://panlex.org/snapshot/panlex-20191001-csv/5939#80749127>		"Běłogrod"@dsb	
"berlinski"@sh	<https://panlex.org/snapshot/panlex-20191001-csv/5939#80750909>				<https://panlex.org/snapshot/panlex-20191001-csv/5939#80750903>		"Barlinski"@dsb	
"stablo"@sh	<https://panlex.org/snapshot/panlex-20191001-csv/5939#80745488>				<https://panlex.org/snapshot/panlex-20191001-csv/5939#80745471>		"bom"@dsb	
"grudnjak"@sh	<https://panlex.org/snapshot/panlex-20191001-csv/5939#80771008>				<https://panlex.org/snapshot/panlex-20191001-csv/5939#80771004>		"nadrac"@dsb	
"Njemačka"@sh	<https://panlex.org/snapshot/panlex-20191001-csv/5939#80782700>				<https://panlex.org/snapshot/panlex-20191001-csv/5939#80782671>		"Nimska"@dsb	
"Немачка"@sh	<https://panlex.org/snapshot/panlex-20191001-csv/5939#80782697>				<https://panlex.org/snapshot/panlex-20191001-csv/5939#80782671>		"Nimska"@dsb	
"Nemačka"@sh	<https://panlex.org/snapshot/panlex-20191001-csv/5939#80782699>				<https://panlex.org/snapshot/panlex-20191001-csv/5939#80782671>		"Nimska"@dsb	
"beduin"@sh	<https://panlex.org/snapshot/panlex-20191001-csv/5939#80746682>				<https://panlex.org/snapshot/panlex-20191001-csv/5939#80746677>		"Beduin"@dsb	
"ledenjak"@sh	<https://panlex.org/snapshot/panlex-20191001-csv/5939#80841551>				<https://panlex.org/snapshot/panlex-20191001-csv/5939#80841542>		"lodojc"@dsb	
"semafor"@sh	<https://panlex.org/snapshot/panlex-20191001-csv/5939#80716602>				<https://panlex.org/snapshot/panlex-20191001-csv/5939#80716595>		"wobchadowa ampla"@dsb	
"Њемачка"@sh	<https://panlex.org/snapshot/panlex-20191001-csv/5939#80782698>				<https://panlex.org/snapshot/panlex-20191001-csv/5939#80782671>		"Nimska"@dsb	
"belka"@sh	<https://panlex.org/snapshot/panlex-20191001-csv/5939#80848881>				<https://panlex.org/snapshot/panlex-20191001-csv/5939#80848864>		"gusorowa kwětka"@dsb	
"belka"@sh	<https://panlex.org/snapshot/panlex-20191001-csv/5939#80848881>				<https://panlex.org/snapshot/panlex-20191001-csv/5939#80848865>		"gusacka"@dsb	
"belka"@sh	<https://panlex.org/snapshot/panlex-20191001-csv/5939#80848881>				<https://panlex.org/snapshot/panlex-20191001-csv/5939#80848863>		"gusyna kwětka"@dsb	
"rijeka"@sh	<https://panlex.org/snapshot/panlex-20191001-csv/5939#80818586>				<https://panlex.org/snapshot/panlex-20191001-csv/5939#80818566>		"rĕka"@dsb	
"mnȍgī"@sh	<https://panlex.org/snapshot/panlex-20191001-csv/5946#84442441>				<https://panlex.org/snapshot/panlex-20191001-csv/5946#84442415>		"wjele"@dsb	
"mnȍgo"@sh	<https://panlex.org/snapshot/panlex-20191001-csv/5946#84442444>				<https://panlex.org/snapshot/panlex-20191001-csv/5946#84442415>		"wjele"@dsb	
"mnogo"@sh	<https://panlex.org/snapshot/panlex-20191001-csv/5946#84442443>				<https://panlex.org/snapshot/panlex-20191001-csv/5946#84442415>		"wjele"@dsb	
"mnogi"@sh	<https://panlex.org/snapshot/panlex-20191001-csv/5946#84442442>				<https://panlex.org/snapshot/panlex-20191001-csv/5946#84442415>		"wjele"@dsb	
"Kuran"@sh	<https://panlex.org/snapshot/panlex-20191001-csv/5949#85313415>				<https://panlex.org/snapshot/panlex-20191001-csv/5949#85313397>		"Koran"@dsb	
"Jerusalim"@sh	<https://panlex.org/snapshot/panlex-20191001-csv/5949#85309933>				<https://panlex.org/snapshot/panlex-20191001-csv/5949#85309911>		"Jeruzalem"@dsb	
"Baku"@sh	<https://panlex.org/snapshot/panlex-20191001-csv/5949#85301468>				<https://panlex.org/snapshot/panlex-20191001-csv/5949#85301452>		"Baku"@dsb	
"Australija"@sh	<https://panlex.org/snapshot/panlex-20191001-csv/5949#85298128>				<https://panlex.org/snapshot/panlex-20191001-csv/5949#85298102>		"Awstralska"@dsb	
"Urugvaj"@sh	<https://panlex.org/snapshot/panlex-20191001-csv/5949#85322891>				<https://panlex.org/snapshot/panlex-20191001-csv/5949#85322868>		"Uruguay"@dsb	
"Peru"@sh	<https://panlex.org/snapshot/panlex-20191001-csv/5949#85318235>				<https://panlex.org/snapshot/panlex-20191001-csv/5949#85318212>		"Peru"@dsb	
"Bavarska"@sh	<https://panlex.org/snapshot/panlex-20191001-csv/5949#85301188>				<https://panlex.org/snapshot/panlex-20191001-csv/5949#85301175>		"Bayerska"@dsb	
"Evropa"@sh	<https://panlex.org/snapshot/panlex-20191001-csv/5949#85308546>				<https://panlex.org/snapshot/panlex-20191001-csv/5949#85308523>		"Europa"@dsb	
"Biblija"@sh	<https://panlex.org/snapshot/panlex-20191001-csv/5949#85302688>				<https://panlex.org/snapshot/panlex-20191001-csv/5949#85302664>		"Biblija"@dsb	
"Letonija"@sh	<https://panlex.org/snapshot/panlex-20191001-csv/5949#85314287>				<https://panlex.org/snapshot/panlex-20191001-csv/5949#85314261>		"Letiska"@dsb	
"Jeruzalem"@sh	<https://panlex.org/snapshot/panlex-20191001-csv/5949#85309934>				<https://panlex.org/snapshot/panlex-20191001-csv/5949#85309911>		"Jeruzalem"@dsb	
"pas"@sh	<https://panlex.org/snapshot/panlex-20191001-csv/5943#83350604>				<https://panlex.org/snapshot/panlex-20191001-csv/5943#83350595>		"pjas"@dsb	
"Ѝсус Ìsus"@sh	<https://panlex.org/snapshot/panlex-20191001-csv/5943#83289533>				<https://panlex.org/snapshot/panlex-20191001-csv/5943#83289516>		"Jezus"@dsb	
"пас"@sh	<https://panlex.org/snapshot/panlex-20191001-csv/5943#83350603>				<https://panlex.org/snapshot/panlex-20191001-csv/5943#83350595>		"pjas"@dsb	
"hrvatski jezik"@sh	<https://panlex.org/snapshot/panlex-20191001-csv/405#13623018>				<https://panlex.org/snapshot/panlex-20191001-csv/405#13623010>		"Chorwatska rěc"@dsb	
"nemački jezik"@sh	<https://panlex.org/snapshot/panlex-20191001-csv/405#13624626>				<https://panlex.org/snapshot/panlex-20191001-csv/405#13624609>		"Nimšćina"@dsb	
"Esperanto"@sh	<https://panlex.org/snapshot/panlex-20191001-csv/405#13623759>				<https://panlex.org/snapshot/panlex-20191001-csv/405#13623746>		"Esperanto"@dsb	
"arapski jezik"@sh	<https://panlex.org/snapshot/panlex-20191001-csv/405#13620816>				<https://panlex.org/snapshot/panlex-20191001-csv/405#13620803>		"Arabska rěc"@dsb	
"staroslavenski jezik"@sh	<https://panlex.org/snapshot/panlex-20191001-csv/405#13629511>				<https://panlex.org/snapshot/panlex-20191001-csv/405#13629508>		"Staro-cerkwjejno-słowjańska rěc"@dsb	
"Češki jezik"@sh	<https://panlex.org/snapshot/panlex-20191001-csv/405#13623116>				<https://panlex.org/snapshot/panlex-20191001-csv/405#13623104>		"Česka rěc"@dsb	
"francuski jezik"@sh	<https://panlex.org/snapshot/panlex-20191001-csv/405#13624257>				<https://panlex.org/snapshot/panlex-20191001-csv/405#13624238>		"Francojska rěc"@dsb	
"engleski jezik"@sh	<https://panlex.org/snapshot/panlex-20191001-csv/405#13623603>				<https://panlex.org/snapshot/panlex-20191001-csv/405#13623581>		"Engelšćina"@dsb	
"srpskohrvatski jezik"@sh	<https://panlex.org/snapshot/panlex-20191001-csv/405#13631369>				<https://panlex.org/snapshot/panlex-20191001-csv/405#13631363>		"Serbisko-chorwatska rěc"@dsb	
"bugarski jezik"@sh	<https://panlex.org/snapshot/panlex-20191001-csv/405#13622151>				<https://panlex.org/snapshot/panlex-20191001-csv/405#13622140>		"Bulgarska rěc"@dsb	
"makedonski jezik"@sh	<https://panlex.org/snapshot/panlex-20191001-csv/405#13628000>				<https://panlex.org/snapshot/panlex-20191001-csv/405#13627993>		"Makedońska rěc"@dsb	
"ukrajinski jezik"@sh	<https://panlex.org/snapshot/panlex-20191001-csv/405#13633302>				<https://panlex.org/snapshot/panlex-20191001-csv/405#13633291>		"Ukrainska rěc"@dsb	
"poljski jezik"@sh	<https://panlex.org/snapshot/panlex-20191001-csv/405#13630144>				<https://panlex.org/snapshot/panlex-20191001-csv/405#13630133>		"Pólšćina"@dsb	
"slovački jezik"@sh	<https://panlex.org/snapshot/panlex-20191001-csv/405#13631784>				<https://panlex.org/snapshot/panlex-20191001-csv/405#13631774>		"Słowakska rěc"@dsb	
"ruski jezik"@sh	<https://panlex.org/snapshot/panlex-20191001-csv/405#13630723>				<https://panlex.org/snapshot/panlex-20191001-csv/405#13630708>		"Rusojska rěc"@dsb	
"Litva"@sh	<https://panlex.org/snapshot/panlex-20191001-csv/9#539784>				<https://panlex.org/snapshot/panlex-20191001-csv/9#539770>		"Litawska"@dsb	
