"nepobjediv"@sh	<https://panlex.org/snapshot/panlex-20191001-csv/5947#84769061>				<https://panlex.org/snapshot/panlex-20191001-csv/5947#84769060>		"neuvainshtyragh"@gv	
"bizmut"@sh	<https://panlex.org/snapshot/panlex-20191001-csv/5947#84641859>				<https://panlex.org/snapshot/panlex-20191001-csv/5947#84641858>		"bismuth"@gv	
"hodočasnik"@sh	<https://panlex.org/snapshot/panlex-20191001-csv/5947#84792062>				<https://panlex.org/snapshot/panlex-20191001-csv/5947#84792061>		"pirgrin"@gv	
"hodočasnik"@sh	<https://panlex.org/snapshot/panlex-20191001-csv/5947#84792062>				<https://panlex.org/snapshot/panlex-20191001-csv/5947#84792060>		"troailtagh crauee"@gv	
"nepobediv"@sh	<https://panlex.org/snapshot/panlex-20191001-csv/5947#84769062>				<https://panlex.org/snapshot/panlex-20191001-csv/5947#84769060>		"neuvainshtyragh"@gv	
"Avganistan"@sh	<https://panlex.org/snapshot/panlex-20191001-csv/5947#84579158>				<https://panlex.org/snapshot/panlex-20191001-csv/5947#84579149>		"Afghanistaan"@gv	
"Finska"@sh	<https://panlex.org/snapshot/panlex-20191001-csv/5947#84591090>				<https://panlex.org/snapshot/panlex-20191001-csv/5947#84591086>		"Fynlann"@gv	
"aluminij"@sh	<https://panlex.org/snapshot/panlex-20191001-csv/5947#84691094>				<https://panlex.org/snapshot/panlex-20191001-csv/5947#84691093>		"ollymin"@gv	
"zavera"@sh	<https://panlex.org/snapshot/panlex-20191001-csv/5947#84724289>				<https://panlex.org/snapshot/panlex-20191001-csv/5947#84724288>		"co-vollaght"@gv	
"neutralan"@sh	<https://panlex.org/snapshot/panlex-20191001-csv/5947#84764034>				<https://panlex.org/snapshot/panlex-20191001-csv/5947#84764033>		"neuchommeeagh"@gv	
"kanibalizam"@sh	<https://panlex.org/snapshot/panlex-20191001-csv/5947#84713579>				<https://panlex.org/snapshot/panlex-20191001-csv/5947#84713578>		"canniblaght"@gv	
"Brazil"@sh	<https://panlex.org/snapshot/panlex-20191001-csv/5947#84585986>				<https://panlex.org/snapshot/panlex-20191001-csv/5947#84585985>		"Brasil"@gv	
"Ujedinjeni narodi"@sh	<https://panlex.org/snapshot/panlex-20191001-csv/5940#81285930>				<https://panlex.org/snapshot/panlex-20191001-csv/5940#81285926>		"Ny h-Ashoonyn Unnaneysit"@gv	
"Džordž"@sh	<https://panlex.org/snapshot/panlex-20191001-csv/5939#80835350>				<https://panlex.org/snapshot/panlex-20191001-csv/5939#80835348>		"Shorys"@gv	
"Džordž"@sh	<https://panlex.org/snapshot/panlex-20191001-csv/5939#80835555>				<https://panlex.org/snapshot/panlex-20191001-csv/5939#80835553>		"Shorys"@gv	
"drvo"@sh	<https://panlex.org/snapshot/panlex-20191001-csv/5939#80745487>				<https://panlex.org/snapshot/panlex-20191001-csv/5939#80745483>		"saayl"@gv	
"drvo"@sh	<https://panlex.org/snapshot/panlex-20191001-csv/5939#80745487>				<https://panlex.org/snapshot/panlex-20191001-csv/5939#80745482>		"billagh"@gv	
"drvo"@sh	<https://panlex.org/snapshot/panlex-20191001-csv/5939#80745487>				<https://panlex.org/snapshot/panlex-20191001-csv/5939#80745481>		"billey"@gv	
"Andaluzija"@sh	<https://panlex.org/snapshot/panlex-20191001-csv/5939#80718285>				<https://panlex.org/snapshot/panlex-20191001-csv/5939#80718284>		"Andalusia"@gv	
"Dublin"@sh	<https://panlex.org/snapshot/panlex-20191001-csv/5939#80789620>				<https://panlex.org/snapshot/panlex-20191001-csv/5939#80789618>		"Divlyn"@gv	
"Beograd"@sh	<https://panlex.org/snapshot/panlex-20191001-csv/5939#80749142>				<https://panlex.org/snapshot/panlex-20191001-csv/5939#80749140>		"Belgraaid"@gv	
"amper"@sh	<https://panlex.org/snapshot/panlex-20191001-csv/5939#80716737>				<https://panlex.org/snapshot/panlex-20191001-csv/5939#80716736>		"ampere"@gv	
"stablo"@sh	<https://panlex.org/snapshot/panlex-20191001-csv/5939#80745488>				<https://panlex.org/snapshot/panlex-20191001-csv/5939#80745483>		"saayl"@gv	
"stablo"@sh	<https://panlex.org/snapshot/panlex-20191001-csv/5939#80745488>				<https://panlex.org/snapshot/panlex-20191001-csv/5939#80745482>		"billagh"@gv	
"stablo"@sh	<https://panlex.org/snapshot/panlex-20191001-csv/5939#80745488>				<https://panlex.org/snapshot/panlex-20191001-csv/5939#80745481>		"billey"@gv	
"Njemačka"@sh	<https://panlex.org/snapshot/panlex-20191001-csv/5939#80782700>				<https://panlex.org/snapshot/panlex-20191001-csv/5939#80782689>		"yn Ghermaan"@gv	
"Немачка"@sh	<https://panlex.org/snapshot/panlex-20191001-csv/5939#80782697>				<https://panlex.org/snapshot/panlex-20191001-csv/5939#80782689>		"yn Ghermaan"@gv	
"Nemačka"@sh	<https://panlex.org/snapshot/panlex-20191001-csv/5939#80782699>				<https://panlex.org/snapshot/panlex-20191001-csv/5939#80782689>		"yn Ghermaan"@gv	
"Њемачка"@sh	<https://panlex.org/snapshot/panlex-20191001-csv/5939#80782698>				<https://panlex.org/snapshot/panlex-20191001-csv/5939#80782689>		"yn Ghermaan"@gv	
"rijeka"@sh	<https://panlex.org/snapshot/panlex-20191001-csv/5939#80818586>				<https://panlex.org/snapshot/panlex-20191001-csv/5939#80818582>		"awin"@gv	
"tele"@sh	<https://panlex.org/snapshot/panlex-20191001-csv/5946#84453176>				<https://panlex.org/snapshot/panlex-20191001-csv/5946#84453175>		"lheiy"@gv	
"печурка"@sh	<https://panlex.org/snapshot/panlex-20191001-csv/5946#84450261>				<https://panlex.org/snapshot/panlex-20191001-csv/5946#84450257>		"fliughane"@gv	
"гљива"@sh	<https://panlex.org/snapshot/panlex-20191001-csv/5946#84450260>				<https://panlex.org/snapshot/panlex-20191001-csv/5946#84450257>		"fliughane"@gv	
"pečurka"@sh	<https://panlex.org/snapshot/panlex-20191001-csv/5946#84450263>				<https://panlex.org/snapshot/panlex-20191001-csv/5946#84450257>		"fliughane"@gv	
"gljiva"@sh	<https://panlex.org/snapshot/panlex-20191001-csv/5946#84450262>				<https://panlex.org/snapshot/panlex-20191001-csv/5946#84450257>		"fliughane"@gv	
"Australija"@sh	<https://panlex.org/snapshot/panlex-20191001-csv/5949#85298128>				<https://panlex.org/snapshot/panlex-20191001-csv/5949#85298121>		"Yn Austrail"@gv	
"Urugvaj"@sh	<https://panlex.org/snapshot/panlex-20191001-csv/5949#85322891>				<https://panlex.org/snapshot/panlex-20191001-csv/5949#85322886>		"yn Ooraguay"@gv	
"Peru"@sh	<https://panlex.org/snapshot/panlex-20191001-csv/5949#85318235>				<https://panlex.org/snapshot/panlex-20191001-csv/5949#85318230>		"yn Pheroo"@gv	
"Bavarska"@sh	<https://panlex.org/snapshot/panlex-20191001-csv/5949#85301188>				<https://panlex.org/snapshot/panlex-20191001-csv/5949#85301187>		"Yn Vaveyr"@gv	
"Peking"@sh	<https://panlex.org/snapshot/panlex-20191001-csv/5949#85317983>				<https://panlex.org/snapshot/panlex-20191001-csv/5949#85317979>		"Beijing"@gv	
"Filipini"@sh	<https://panlex.org/snapshot/panlex-20191001-csv/5949#85323336>				<https://panlex.org/snapshot/panlex-20191001-csv/5949#85323330>		"Ny h-Ellanyn Philippeenagh"@gv	
"Pluton"@sh	<https://panlex.org/snapshot/panlex-20191001-csv/5949#85318462>				<https://panlex.org/snapshot/panlex-20191001-csv/5949#85318460>		"Pluto"@gv	
"Tbilisi"@sh	<https://panlex.org/snapshot/panlex-20191001-csv/5949#85321810>				<https://panlex.org/snapshot/panlex-20191001-csv/5949#85321808>		"Tbilisi"@gv	
"Letonija"@sh	<https://panlex.org/snapshot/panlex-20191001-csv/5949#85314287>				<https://panlex.org/snapshot/panlex-20191001-csv/5949#85314283>		"yn Latvey"@gv	
"Gabon"@sh	<https://panlex.org/snapshot/panlex-20191001-csv/5949#85305669>				<https://panlex.org/snapshot/panlex-20191001-csv/5949#85305667>		"Gabon"@gv	
"penis"@sh	<https://panlex.org/snapshot/panlex-20191001-csv/5942#83284424>				<https://panlex.org/snapshot/panlex-20191001-csv/5942#83284420>		"bwoid"@gv	
"broć"@sh	<https://panlex.org/snapshot/panlex-20191001-csv/5942#83285132>				<https://panlex.org/snapshot/panlex-20191001-csv/5942#83285131>		"maddyr"@gv	
"vodopad"@sh	<https://panlex.org/snapshot/panlex-20191001-csv/5942#83279771>				<https://panlex.org/snapshot/panlex-20191001-csv/5942#83279769>		"eas"@gv	
"historija"@sh	<https://panlex.org/snapshot/panlex-20191001-csv/5942#83282254>				<https://panlex.org/snapshot/panlex-20191001-csv/5942#83282250>		"shennaghys"@gv	
"nemački jezik"@sh	<https://panlex.org/snapshot/panlex-20191001-csv/405#13624626>				<https://panlex.org/snapshot/panlex-20191001-csv/405#13624624>		"Germaanish"@gv	
"francuski jezik"@sh	<https://panlex.org/snapshot/panlex-20191001-csv/405#13624257>				<https://panlex.org/snapshot/panlex-20191001-csv/405#13624254>		"Frangish"@gv	
"danski jezik"@sh	<https://panlex.org/snapshot/panlex-20191001-csv/405#13623200>				<https://panlex.org/snapshot/panlex-20191001-csv/405#13623199>		"Danvargish"@gv	
"engleski jezik"@sh	<https://panlex.org/snapshot/panlex-20191001-csv/405#13623603>				<https://panlex.org/snapshot/panlex-20191001-csv/405#13623598>		"Baarle"@gv	
"turski jezik"@sh	<https://panlex.org/snapshot/panlex-20191001-csv/405#13633071>				<https://panlex.org/snapshot/panlex-20191001-csv/405#13633070>		"Turkish"@gv	
"bugarski jezik"@sh	<https://panlex.org/snapshot/panlex-20191001-csv/405#13622151>				<https://panlex.org/snapshot/panlex-20191001-csv/405#13622150>		"Bulgeyrish"@gv	
"ukrajinski jezik"@sh	<https://panlex.org/snapshot/panlex-20191001-csv/405#13633302>				<https://panlex.org/snapshot/panlex-20191001-csv/405#13633301>		"Ookraainish"@gv	
"baskijski jezik"@sh	<https://panlex.org/snapshot/panlex-20191001-csv/405#13621561>				<https://panlex.org/snapshot/panlex-20191001-csv/405#13621560>		"Bascish"@gv	
"latinski jezik"@sh	<https://panlex.org/snapshot/panlex-20191001-csv/405#13627479>				<https://panlex.org/snapshot/panlex-20191001-csv/405#13627477>		"Ladjyn"@gv	
"grčki jezik"@sh	<https://panlex.org/snapshot/panlex-20191001-csv/405#13624909>				<https://panlex.org/snapshot/panlex-20191001-csv/405#13624910>		"Aragonish"@gv	
"irski jezik"@sh	<https://panlex.org/snapshot/panlex-20191001-csv/405#13626186>				<https://panlex.org/snapshot/panlex-20191001-csv/405#13626185>		"Yernish"@gv	
"katalonski jezik"@sh	<https://panlex.org/snapshot/panlex-20191001-csv/405#13622344>				<https://panlex.org/snapshot/panlex-20191001-csv/405#13622343>		"Catalonish"@gv	
"ruski jezik"@sh	<https://panlex.org/snapshot/panlex-20191001-csv/405#13630723>				<https://panlex.org/snapshot/panlex-20191001-csv/405#13630721>		"Rooshish"@gv	
"он"@sh	<https://panlex.org/snapshot/panlex-20191001-csv/9#473850>				<https://panlex.org/snapshot/panlex-20191001-csv/9#473840>		"eshyn"@gv	
"Egipat"@sh	<https://panlex.org/snapshot/panlex-20191001-csv/12#852525>				<https://panlex.org/snapshot/panlex-20191001-csv/12#852522>		"Eajipt"@gv	
"Ujedinjeno Kraljevstvo"@sh	<https://panlex.org/snapshot/panlex-20191001-csv/10#565921>				<https://panlex.org/snapshot/panlex-20191001-csv/10#565920>		"Reeriaght Unnaneyssit"@gv	
"Otok Man"@sh	<https://panlex.org/snapshot/panlex-20191001-csv/10#772147>				<https://panlex.org/snapshot/panlex-20191001-csv/10#772146>		"Mannin"@gv	
"Otok Man"@sh	<https://panlex.org/snapshot/panlex-20191001-csv/10#772147>				<https://panlex.org/snapshot/panlex-20191001-csv/10#772145>		"Ellan Vannin"@gv	
"Egipat"@sh	<https://panlex.org/snapshot/panlex-20191001-csv/10#581633>				<https://panlex.org/snapshot/panlex-20191001-csv/10#581630>		"Eajipt"@gv	
"yero"@sh	<https://panlex.org/snapshot/panlex-20191001-csv/15#951821>				<https://panlex.org/snapshot/panlex-20191001-csv/15#951819>		"buigh"@gv	
