"započeti"@sh	<https://panlex.org/snapshot/panlex-20191001-csv/1#113518059>				<https://panlex.org/snapshot/panlex-20191001-csv/1#113518061>		"cfari"@jbo	
"твој"@sh	<https://panlex.org/snapshot/panlex-20191001-csv/1#113517039>				<https://panlex.org/snapshot/panlex-20191001-csv/1#113517042>		"be do"@jbo	
"други"@sh	<https://panlex.org/snapshot/panlex-20191001-csv/1#113517445>				<https://panlex.org/snapshot/panlex-20191001-csv/1#113517448>		"drata"@jbo	
"најбољи"@sh	<https://panlex.org/snapshot/panlex-20191001-csv/1#113515644>				<https://panlex.org/snapshot/panlex-20191001-csv/1#113515647>		"traji"@jbo	
"prilog"@sh	<https://panlex.org/snapshot/panlex-20191001-csv/1#113518669>				<https://panlex.org/snapshot/panlex-20191001-csv/1#113518671>		"adverbivla"@jbo	
"одобрити"@sh	<https://panlex.org/snapshot/panlex-20191001-csv/1#113517242>				<https://panlex.org/snapshot/panlex-20191001-csv/1#113517245>		"zanru"@jbo	
"зауставити"@sh	<https://panlex.org/snapshot/panlex-20191001-csv/1#113515727>				<https://panlex.org/snapshot/panlex-20191001-csv/1#113515730>		"sisti"@jbo	
"GNU лиценца за слободну документацију"@sh	<https://panlex.org/snapshot/panlex-20191001-csv/1#113519605>				<https://panlex.org/snapshot/panlex-20191001-csv/1#113519608>		"la zifre je vreji curmi be la gy.ny.ubu."@jbo	
"odobren"@sh	<https://panlex.org/snapshot/panlex-20191001-csv/1#113515604>				<https://panlex.org/snapshot/panlex-20191001-csv/1#113515606>		"pu zanru"@jbo	
"pridev"@sh	<https://panlex.org/snapshot/panlex-20191001-csv/1#113518628>				<https://panlex.org/snapshot/panlex-20191001-csv/1#113518630>		"skivla"@jbo	
"да"@sh	<https://panlex.org/snapshot/panlex-20191001-csv/1#113516014>				<https://panlex.org/snapshot/panlex-20191001-csv/1#113516017>		"go'i"@jbo	
"uređivati"@sh	<https://panlex.org/snapshot/panlex-20191001-csv/1#113516876>				<https://panlex.org/snapshot/panlex-20191001-csv/1#113516878>		"stika"@jbo	
"допунски"@sh	<https://panlex.org/snapshot/panlex-20191001-csv/1#113519197>				<https://panlex.org/snapshot/panlex-20191001-csv/1#113519200>		"jmina"@jbo	
"ime"@sh	<https://panlex.org/snapshot/panlex-20191001-csv/1#113516056>				<https://panlex.org/snapshot/panlex-20191001-csv/1#113516058>		"cmene"@jbo	
"zbogom"@sh	<https://panlex.org/snapshot/panlex-20191001-csv/1#113515398>				<https://panlex.org/snapshot/panlex-20191001-csv/1#113515400>		"co'o"@jbo	
"заменица"@sh	<https://panlex.org/snapshot/panlex-20191001-csv/1#113518750>				<https://panlex.org/snapshot/panlex-20191001-csv/1#113518753>		"basyvla"@jbo	
"predmet"@sh	<https://panlex.org/snapshot/panlex-20191001-csv/1#113518464>				<https://panlex.org/snapshot/panlex-20191001-csv/1#113518466>		"kuspe"@jbo	
"заменити"@sh	<https://panlex.org/snapshot/panlex-20191001-csv/1#113517568>				<https://panlex.org/snapshot/panlex-20191001-csv/1#113517571>		"basti"@jbo	
"знак"@sh	<https://panlex.org/snapshot/panlex-20191001-csv/1#113519156>				<https://panlex.org/snapshot/panlex-20191001-csv/1#113519159>		"lerfu"@jbo	
"право"@sh	<https://panlex.org/snapshot/panlex-20191001-csv/1#113519361>				<https://panlex.org/snapshot/panlex-20191001-csv/1#113519364>		"krali"@jbo	
"ti"@sh	<https://panlex.org/snapshot/panlex-20191001-csv/1#113516138>				<https://panlex.org/snapshot/panlex-20191001-csv/1#113516140>		"do"@jbo	
"nepoznat"@sh	<https://panlex.org/snapshot/panlex-20191001-csv/1#113519565>				<https://panlex.org/snapshot/panlex-20191001-csv/1#113519567>		"na djuno"@jbo	
"учињено"@sh	<https://panlex.org/snapshot/panlex-20191001-csv/1#113519810>				<https://panlex.org/snapshot/panlex-20191001-csv/1#113519813>		"mulno"@jbo	
"адреса"@sh	<https://panlex.org/snapshot/panlex-20191001-csv/1#113516507>				<https://panlex.org/snapshot/panlex-20191001-csv/1#113516510>		"samjudri"@jbo	
"fajl"@sh	<https://panlex.org/snapshot/panlex-20191001-csv/1#113516549>				<https://panlex.org/snapshot/panlex-20191001-csv/1#113516551>		"vreji"@jbo	
"из"@sh	<https://panlex.org/snapshot/panlex-20191001-csv/1#113516630>				<https://panlex.org/snapshot/panlex-20191001-csv/1#113516633>		"co'a"@jbo	
"između"@sh	<https://panlex.org/snapshot/panlex-20191001-csv/1#113520056>				<https://panlex.org/snapshot/panlex-20191001-csv/1#113520058>		"bi'i"@jbo	
"minuta"@sh	<https://panlex.org/snapshot/panlex-20191001-csv/1#113519934>				<https://panlex.org/snapshot/panlex-20191001-csv/1#113519936>		"mentu"@jbo	
"razni"@sh	<https://panlex.org/snapshot/panlex-20191001-csv/1#113517487>				<https://panlex.org/snapshot/panlex-20191001-csv/1#113517489>		"panra"@jbo	
"не"@sh	<https://panlex.org/snapshot/panlex-20191001-csv/1#113516096>				<https://panlex.org/snapshot/panlex-20191001-csv/1#113516099>		"nago'i"@jbo	
"poslati"@sh	<https://panlex.org/snapshot/panlex-20191001-csv/1#113517202>				<https://panlex.org/snapshot/panlex-20191001-csv/1#113517204>		"dunda"@jbo	
"дати"@sh	<https://panlex.org/snapshot/panlex-20191001-csv/1#116289340>				<https://panlex.org/snapshot/panlex-20191001-csv/1#116289343>		"dunda"@jbo	
"da"@sh	<https://panlex.org/snapshot/panlex-20191001-csv/1#113516015>				<https://panlex.org/snapshot/panlex-20191001-csv/1#113516017>		"go'i"@jbo	
"ПанЛекс"@sh	<https://panlex.org/snapshot/panlex-20191001-csv/1#113515932>				<https://panlex.org/snapshot/panlex-20191001-csv/1#113515935>		"la panleks."@jbo	
"težak"@sh	<https://panlex.org/snapshot/panlex-20191001-csv/1#113519770>				<https://panlex.org/snapshot/panlex-20191001-csv/1#113519772>		"nandu"@jbo	
"brojanje"@sh	<https://panlex.org/snapshot/panlex-20191001-csv/1#113518301>				<https://panlex.org/snapshot/panlex-20191001-csv/1#113518303>		"kanji"@jbo	
"star"@sh	<https://panlex.org/snapshot/panlex-20191001-csv/1#113518100>				<https://panlex.org/snapshot/panlex-20191001-csv/1#113518102>		"slabu"@jbo	
"poboljšati"@sh	<https://panlex.org/snapshot/panlex-20191001-csv/1#113516384>				<https://panlex.org/snapshot/panlex-20191001-csv/1#113516386>		"xaufarvi"@jbo	
"корисничко име"@sh	<https://panlex.org/snapshot/panlex-20191001-csv/1#113516916>				<https://panlex.org/snapshot/panlex-20191001-csv/1#113516919>		"plicme"@jbo	
"тачан"@sh	<https://panlex.org/snapshot/panlex-20191001-csv/1#113520096>				<https://panlex.org/snapshot/panlex-20191001-csv/1#113520099>		"satci"@jbo	
"značenje"@sh	<https://panlex.org/snapshot/panlex-20191001-csv/1#113515769>				<https://panlex.org/snapshot/panlex-20191001-csv/1#113515771>		"smuni"@jbo	
"даље"@sh	<https://panlex.org/snapshot/panlex-20191001-csv/1#113517814>				<https://panlex.org/snapshot/panlex-20191001-csv/1#113517817>		"zmadu"@jbo	
"Mac OS X"@sh	<https://panlex.org/snapshot/panlex-20191001-csv/1#113517978>				<https://panlex.org/snapshot/panlex-20191001-csv/1#113517980>		"la .obu.syxy."@jbo	
"одока"@sh	<https://panlex.org/snapshot/panlex-20191001-csv/1#113519974>				<https://panlex.org/snapshot/panlex-20191001-csv/1#113519977>		"ji'i"@jbo	
"добар"@sh	<https://panlex.org/snapshot/panlex-20191001-csv/1#113515439>				<https://panlex.org/snapshot/panlex-20191001-csv/1#113515442>		"xamgu"@jbo	
"korisničko ime"@sh	<https://panlex.org/snapshot/panlex-20191001-csv/1#113516917>				<https://panlex.org/snapshot/panlex-20191001-csv/1#113516919>		"plicme"@jbo	
"и-мејл"@sh	<https://panlex.org/snapshot/panlex-20191001-csv/1#113516589>				<https://panlex.org/snapshot/panlex-20191001-csv/1#113516592>		"samymri"@jbo	
"нов"@sh	<https://panlex.org/snapshot/panlex-20191001-csv/1#113516178>				<https://panlex.org/snapshot/panlex-20191001-csv/1#113516181>		"cnino"@jbo	
"drugi"@sh	<https://panlex.org/snapshot/panlex-20191001-csv/1#113517446>				<https://panlex.org/snapshot/panlex-20191001-csv/1#113517448>		"drata"@jbo	
"тражити"@sh	<https://panlex.org/snapshot/panlex-20191001-csv/1#113515850>				<https://panlex.org/snapshot/panlex-20191001-csv/1#113515853>		"sisku"@jbo	
"GNU licenca za slobodnu dokumentaciju"@sh	<https://panlex.org/snapshot/panlex-20191001-csv/1#113519606>				<https://panlex.org/snapshot/panlex-20191001-csv/1#113519608>		"la zifre je vreji curmi be la gy.ny.ubu."@jbo	
"imenica"@sh	<https://panlex.org/snapshot/panlex-20191001-csv/1#113518546>				<https://panlex.org/snapshot/panlex-20191001-csv/1#113518548>		"sumvla"@jbo	
"Уникс"@sh	<https://panlex.org/snapshot/panlex-20191001-csv/1#113517936>				<https://panlex.org/snapshot/panlex-20191001-csv/1#113517939>		"la .uniks."@jbo	
"знак навода"@sh	<https://panlex.org/snapshot/panlex-20191001-csv/1#113519238>				<https://panlex.org/snapshot/panlex-20191001-csv/1#113519241>		"sitsku bu"@jbo	
"tvoj"@sh	<https://panlex.org/snapshot/panlex-20191001-csv/1#113517040>				<https://panlex.org/snapshot/panlex-20191001-csv/1#113517042>		"be do"@jbo	
"изабрати"@sh	<https://panlex.org/snapshot/panlex-20191001-csv/1#113515891>				<https://panlex.org/snapshot/panlex-20191001-csv/1#113515894>		"cuxna"@jbo	
"odoka"@sh	<https://panlex.org/snapshot/panlex-20191001-csv/1#113519975>				<https://panlex.org/snapshot/panlex-20191001-csv/1#113519977>		"ji'i"@jbo	
"детерминатив"@sh	<https://panlex.org/snapshot/panlex-20191001-csv/1#113518871>				<https://panlex.org/snapshot/panlex-20191001-csv/1#113518874>		"gadri"@jbo	
"dodatak"@sh	<https://panlex.org/snapshot/panlex-20191001-csv/1#113519075>				<https://panlex.org/snapshot/panlex-20191001-csv/1#113519077>		"rafsi"@jbo	
"сада"@sh	<https://panlex.org/snapshot/panlex-20191001-csv/1#113520015>				<https://panlex.org/snapshot/panlex-20191001-csv/1#113520017>		"ca"@jbo	
"činјenica"@sh	<https://panlex.org/snapshot/panlex-20191001-csv/1#113519280>				<https://panlex.org/snapshot/panlex-20191001-csv/1#113519282>		"fatci"@jbo	
"tražiti"@sh	<https://panlex.org/snapshot/panlex-20191001-csv/1#113515851>				<https://panlex.org/snapshot/panlex-20191001-csv/1#113515853>		"sisku"@jbo	
"много"@sh	<https://panlex.org/snapshot/panlex-20191001-csv/1#113518259>				<https://panlex.org/snapshot/panlex-20191001-csv/1#113518262>		"so'i"@jbo	
"све"@sh	<https://panlex.org/snapshot/panlex-20191001-csv/1#113515482>				<https://panlex.org/snapshot/panlex-20191001-csv/1#113515485>		"piro"@jbo	
"broj ISBN"@sh	<https://panlex.org/snapshot/panlex-20191001-csv/1#113516343>				<https://panlex.org/snapshot/panlex-20191001-csv/1#113516345>		"sornai manri cukta bo namcu"@jbo	
"odobriti"@sh	<https://panlex.org/snapshot/panlex-20191001-csv/1#113517243>				<https://panlex.org/snapshot/panlex-20191001-csv/1#113517245>		"zanru"@jbo	
"čovek"@sh	<https://panlex.org/snapshot/panlex-20191001-csv/1#113516261>				<https://panlex.org/snapshot/panlex-20191001-csv/1#113516263>		"prenu"@jbo	
"uskličnik"@sh	<https://panlex.org/snapshot/panlex-20191001-csv/1#113519034>				<https://panlex.org/snapshot/panlex-20191001-csv/1#113519036>		"cnima'o"@jbo	
"kraj"@sh	<https://panlex.org/snapshot/panlex-20191001-csv/1#113517528>				<https://panlex.org/snapshot/panlex-20191001-csv/1#113517530>		"fanmo"@jbo	
"zamenica"@sh	<https://panlex.org/snapshot/panlex-20191001-csv/1#113518751>				<https://panlex.org/snapshot/panlex-20191001-csv/1#113518753>		"basyvla"@jbo	
"назад"@sh	<https://panlex.org/snapshot/panlex-20191001-csv/1#113515685>				<https://panlex.org/snapshot/panlex-20191001-csv/1#113515688>		"xruti"@jbo	
"vlastita imenica"@sh	<https://panlex.org/snapshot/panlex-20191001-csv/1#113518710>				<https://panlex.org/snapshot/panlex-20191001-csv/1#113518712>		"drasumvla"@jbo	
"i-mejl"@sh	<https://panlex.org/snapshot/panlex-20191001-csv/1#113516590>				<https://panlex.org/snapshot/panlex-20191001-csv/1#113516592>		"samymri"@jbo	
"речца"@sh	<https://panlex.org/snapshot/panlex-20191001-csv/1#113518791>				<https://panlex.org/snapshot/panlex-20191001-csv/1#113518794>		"fasnyvla cmavo"@jbo	
"фајл"@sh	<https://panlex.org/snapshot/panlex-20191001-csv/1#113516548>				<https://panlex.org/snapshot/panlex-20191001-csv/1#113516551>		"vreji"@jbo	
"тежак"@sh	<https://panlex.org/snapshot/panlex-20191001-csv/1#113519769>				<https://panlex.org/snapshot/panlex-20191001-csv/1#113519772>		"nandu"@jbo	
"започети"@sh	<https://panlex.org/snapshot/panlex-20191001-csv/1#113518058>				<https://panlex.org/snapshot/panlex-20191001-csv/1#113518061>		"cfari"@jbo	
"линија"@sh	<https://panlex.org/snapshot/panlex-20191001-csv/1#113517609>				<https://panlex.org/snapshot/panlex-20191001-csv/1#113517612>		"linji"@jbo	
"GNU Lesser General Public License"@sh	<https://panlex.org/snapshot/panlex-20191001-csv/1#113519893>				<https://panlex.org/snapshot/panlex-20191001-csv/1#113519895>		"la mleca je mujyku'e jebo gubni curmi be la gy.ny.ubu."@jbo	
"jezik"@sh	<https://panlex.org/snapshot/panlex-20191001-csv/1#113515315>				<https://panlex.org/snapshot/panlex-20191001-csv/1#113515317>		"bangu"@jbo	
"Windows"@sh	<https://panlex.org/snapshot/panlex-20191001-csv/1#113517856>				<https://panlex.org/snapshot/panlex-20191001-csv/1#113517858>		"la canko"@jbo	
"zaustaviti"@sh	<https://panlex.org/snapshot/panlex-20191001-csv/1#113515728>				<https://panlex.org/snapshot/panlex-20191001-csv/1#113515730>		"sisti"@jbo	
"svaki"@sh	<https://panlex.org/snapshot/panlex-20191001-csv/1#113515483>				<https://panlex.org/snapshot/panlex-20191001-csv/1#113515485>		"piro"@jbo	
"svaki"@sh	<https://panlex.org/snapshot/panlex-20191001-csv/1#113518505>				<https://panlex.org/snapshot/panlex-20191001-csv/1#113518507>		"ro"@jbo	
"najbolji"@sh	<https://panlex.org/snapshot/panlex-20191001-csv/1#113515645>				<https://panlex.org/snapshot/panlex-20191001-csv/1#113515647>		"traji"@jbo	
"бројање"@sh	<https://panlex.org/snapshot/panlex-20191001-csv/1#113518300>				<https://panlex.org/snapshot/panlex-20191001-csv/1#113518303>		"kanji"@jbo	
"код"@sh	<https://panlex.org/snapshot/panlex-20191001-csv/1#113518140>				<https://panlex.org/snapshot/panlex-20191001-csv/1#113518143>		"nacme'e"@jbo	
"zameniti"@sh	<https://panlex.org/snapshot/panlex-20191001-csv/1#113517569>				<https://panlex.org/snapshot/panlex-20191001-csv/1#113517571>		"basti"@jbo	
"главни"@sh	<https://panlex.org/snapshot/panlex-20191001-csv/1#113517282>				<https://panlex.org/snapshot/panlex-20191001-csv/1#113517285>		"ralju"@jbo	
"izraz"@sh	<https://panlex.org/snapshot/panlex-20191001-csv/1#113515524>				<https://panlex.org/snapshot/panlex-20191001-csv/1#113515526>		"jarco"@jbo	
"predložiti"@sh	<https://panlex.org/snapshot/panlex-20191001-csv/1#113519729>				<https://panlex.org/snapshot/panlex-20191001-csv/1#113519731>		"friti"@jbo	
"proveriti"@sh	<https://panlex.org/snapshot/panlex-20191001-csv/1#113517774>				<https://panlex.org/snapshot/panlex-20191001-csv/1#113517776>		"birti"@jbo	
"veznik"@sh	<https://panlex.org/snapshot/panlex-20191001-csv/1#113518993>				<https://panlex.org/snapshot/panlex-20191001-csv/1#113518995>		"terjonma'o"@jbo	
"GNU Lesser General Public License"@sh	<https://panlex.org/snapshot/panlex-20191001-csv/1#113519892>				<https://panlex.org/snapshot/panlex-20191001-csv/1#113519895>		"la mleca je mujyku'e jebo gubni curmi be la gy.ny.ubu."@jbo	
"Лиценца MIT"@sh	<https://panlex.org/snapshot/panlex-20191001-csv/1#113520135>				<https://panlex.org/snapshot/panlex-20191001-csv/1#113520138>		"la curmi be la my.ibu.ty."@jbo	
"kroz"@sh	<https://panlex.org/snapshot/panlex-20191001-csv/1#113520176>				<https://panlex.org/snapshot/panlex-20191001-csv/1#113520178>		"xebe'i"@jbo	
"дефиниција"@sh	<https://panlex.org/snapshot/panlex-20191001-csv/1#113518423>				<https://panlex.org/snapshot/panlex-20191001-csv/1#113518426>		"ciksi"@jbo	
"linija"@sh	<https://panlex.org/snapshot/panlex-20191001-csv/1#113517610>				<https://panlex.org/snapshot/panlex-20191001-csv/1#113517612>		"linji"@jbo	
"именица"@sh	<https://panlex.org/snapshot/panlex-20191001-csv/1#113518545>				<https://panlex.org/snapshot/panlex-20191001-csv/1#113518548>		"sumvla"@jbo	
"mnogo"@sh	<https://panlex.org/snapshot/panlex-20191001-csv/1#113518260>				<https://panlex.org/snapshot/panlex-20191001-csv/1#113518262>		"so'i"@jbo	
"jedan"@sh	<https://panlex.org/snapshot/panlex-20191001-csv/1#113518383>				<https://panlex.org/snapshot/panlex-20191001-csv/1#113518385>		"pa"@jbo	
"javni domen"@sh	<https://panlex.org/snapshot/panlex-20191001-csv/1#113519402>				<https://panlex.org/snapshot/panlex-20191001-csv/1#113519404>		"gubzi'e"@jbo	
"ne"@sh	<https://panlex.org/snapshot/panlex-20191001-csv/1#113516097>				<https://panlex.org/snapshot/panlex-20191001-csv/1#113516099>		"nago'i"@jbo	
"преводити"@sh	<https://panlex.org/snapshot/panlex-20191001-csv/1#113515563>				<https://panlex.org/snapshot/panlex-20191001-csv/1#113515566>		"fanva"@jbo	
"izbrisati"@sh	<https://panlex.org/snapshot/panlex-20191001-csv/1#113516467>				<https://panlex.org/snapshot/panlex-20191001-csv/1#113516469>		"vimcu"@jbo	
"definicija"@sh	<https://panlex.org/snapshot/panlex-20191001-csv/1#113518424>				<https://panlex.org/snapshot/panlex-20191001-csv/1#113518426>		"ciksi"@jbo	
"текст"@sh	<https://panlex.org/snapshot/panlex-20191001-csv/1#113517650>				<https://panlex.org/snapshot/panlex-20191001-csv/1#113517653>		"uenzi"@jbo	
"добити"@sh	<https://panlex.org/snapshot/panlex-20191001-csv/1#113517691>				<https://panlex.org/snapshot/panlex-20191001-csv/1#113517694>		"cpacu"@jbo	
"чињеница"@sh	<https://panlex.org/snapshot/panlex-20191001-csv/1#113519279>				<https://panlex.org/snapshot/panlex-20191001-csv/1#113519282>		"fatci"@jbo	
"ништа"@sh	<https://panlex.org/snapshot/panlex-20191001-csv/1#113517732>				<https://panlex.org/snapshot/panlex-20191001-csv/1#113517735>		"noda"@jbo	
"постпозиција"@sh	<https://panlex.org/snapshot/panlex-20191001-csv/1#113518951>				<https://panlex.org/snapshot/panlex-20191001-csv/1#113518954>		"rixma'o"@jbo	
"ništa"@sh	<https://panlex.org/snapshot/panlex-20191001-csv/1#113517733>				<https://panlex.org/snapshot/panlex-20191001-csv/1#113517735>		"noda"@jbo	
"Unix"@sh	<https://panlex.org/snapshot/panlex-20191001-csv/1#113517937>				<https://panlex.org/snapshot/panlex-20191001-csv/1#113517939>		"la .uniks."@jbo	
"крај"@sh	<https://panlex.org/snapshot/panlex-20191001-csv/1#113517527>				<https://panlex.org/snapshot/panlex-20191001-csv/1#113517530>		"fanmo"@jbo	
"dati"@sh	<https://panlex.org/snapshot/panlex-20191001-csv/1#116289341>				<https://panlex.org/snapshot/panlex-20191001-csv/1#116289343>		"dunda"@jbo	
"ja"@sh	<https://panlex.org/snapshot/panlex-20191001-csv/1#113515357>				<https://panlex.org/snapshot/panlex-20191001-csv/1#113515359>		"mi"@jbo	
"ја"@sh	<https://panlex.org/snapshot/panlex-20191001-csv/1#113515356>				<https://panlex.org/snapshot/panlex-20191001-csv/1#113515359>		"mi"@jbo	
"предложити"@sh	<https://panlex.org/snapshot/panlex-20191001-csv/1#113519728>				<https://panlex.org/snapshot/panlex-20191001-csv/1#113519731>		"friti"@jbo	
"loš"@sh	<https://panlex.org/snapshot/panlex-20191001-csv/1#113519688>				<https://panlex.org/snapshot/panlex-20191001-csv/1#113519690>		"xlali"@jbo	
"послати"@sh	<https://panlex.org/snapshot/panlex-20191001-csv/1#113517201>				<https://panlex.org/snapshot/panlex-20191001-csv/1#113517204>		"dunda"@jbo	
"глагол"@sh	<https://panlex.org/snapshot/panlex-20191001-csv/1#113518586>				<https://panlex.org/snapshot/panlex-20191001-csv/1#113518589>		"fasnyvla"@jbo	
"znak"@sh	<https://panlex.org/snapshot/panlex-20191001-csv/1#113519157>				<https://panlex.org/snapshot/panlex-20191001-csv/1#113519159>		"lerfu"@jbo	
"World Wide Web"@sh	<https://panlex.org/snapshot/panlex-20191001-csv/1#113516957>				<https://panlex.org/snapshot/panlex-20191001-csv/1#113516960>		"la .ueb."@jbo	
"побољшати"@sh	<https://panlex.org/snapshot/panlex-20191001-csv/1#113516383>				<https://panlex.org/snapshot/panlex-20191001-csv/1#113516386>		"xaufarvi"@jbo	
"GNU General Public License"@sh	<https://panlex.org/snapshot/panlex-20191001-csv/1#113519482>				<https://panlex.org/snapshot/panlex-20191001-csv/1#113519485>		"la mujyku'e gubni curmi be la gy.ny.ubu."@jbo	
"PanLeks"@sh	<https://panlex.org/snapshot/panlex-20191001-csv/1#113515933>				<https://panlex.org/snapshot/panlex-20191001-csv/1#113515935>		"la panleks."@jbo	
"година"@sh	<https://panlex.org/snapshot/panlex-20191001-csv/1#113515973>				<https://panlex.org/snapshot/panlex-20191001-csv/1#113515976>		"nanca"@jbo	
"име"@sh	<https://panlex.org/snapshot/panlex-20191001-csv/1#113516055>				<https://panlex.org/snapshot/panlex-20191001-csv/1#113516058>		"cmene"@jbo	
"kopirati"@sh	<https://panlex.org/snapshot/panlex-20191001-csv/1#113516836>				<https://panlex.org/snapshot/panlex-20191001-csv/1#113516838>		"fukpi"@jbo	
"prevod"@sh	<https://panlex.org/snapshot/panlex-20191001-csv/1#113515810>				<https://panlex.org/snapshot/panlex-20191001-csv/1#113515812>		"xe fanva"@jbo	
"Creative Commons"@sh	<https://panlex.org/snapshot/panlex-20191001-csv/1#113519443>				<https://panlex.org/snapshot/panlex-20191001-csv/1#113519445>		"la finkai cecmu"@jbo	
"наслов"@sh	<https://panlex.org/snapshot/panlex-20191001-csv/1#113516794>				<https://panlex.org/snapshot/panlex-20191001-csv/1#113516797>		"cmene"@jbo	
"tvorac"@sh	<https://panlex.org/snapshot/panlex-20191001-csv/1#113516754>				<https://panlex.org/snapshot/panlex-20191001-csv/1#113516756>		"finti"@jbo	
"придев"@sh	<https://panlex.org/snapshot/panlex-20191001-csv/1#113518627>				<https://panlex.org/snapshot/panlex-20191001-csv/1#113518630>		"skivla"@jbo	
"израз"@sh	<https://panlex.org/snapshot/panlex-20191001-csv/1#113515523>				<https://panlex.org/snapshot/panlex-20191001-csv/1#113515526>		"jarco"@jbo	
"предлог"@sh	<https://panlex.org/snapshot/panlex-20191001-csv/1#113518911>				<https://panlex.org/snapshot/panlex-20191001-csv/1#113518914>		"crama'o"@jbo	
"један"@sh	<https://panlex.org/snapshot/panlex-20191001-csv/1#113518382>				<https://panlex.org/snapshot/panlex-20191001-csv/1#113518385>		"pa"@jbo	
"изменити"@sh	<https://panlex.org/snapshot/panlex-20191001-csv/1#113516998>				<https://panlex.org/snapshot/panlex-20191001-csv/1#113517001>		"galfi"@jbo	
"prevoditi"@sh	<https://panlex.org/snapshot/panlex-20191001-csv/1#113515564>				<https://panlex.org/snapshot/panlex-20191001-csv/1#113515566>		"fanva"@jbo	
"стар"@sh	<https://panlex.org/snapshot/panlex-20191001-csv/1#113518099>				<https://panlex.org/snapshot/panlex-20191001-csv/1#113518102>		"slabu"@jbo	
"једноставан"@sh	<https://panlex.org/snapshot/panlex-20191001-csv/1#113518341>				<https://panlex.org/snapshot/panlex-20191001-csv/1#113518344>		"frili"@jbo	
"почетак"@sh	<https://panlex.org/snapshot/panlex-20191001-csv/1#113517079>				<https://panlex.org/snapshot/panlex-20191001-csv/1#113517082>		"tolfa'o"@jbo	
"dobar"@sh	<https://panlex.org/snapshot/panlex-20191001-csv/1#113515440>				<https://panlex.org/snapshot/panlex-20191001-csv/1#113515442>		"xamgu"@jbo	
"ауторско право"@sh	<https://panlex.org/snapshot/panlex-20191001-csv/1#113519522>				<https://panlex.org/snapshot/panlex-20191001-csv/1#113519525>		"fukzifypo'e"@jbo	
"интерункција"@sh	<https://panlex.org/snapshot/panlex-20191001-csv/1#113520216>				<https://panlex.org/snapshot/panlex-20191001-csv/1#113520219>		"padle'u"@jbo	
"број"@sh	<https://panlex.org/snapshot/panlex-20191001-csv/1#113517323>				<https://panlex.org/snapshot/panlex-20191001-csv/1#113517326>		"namcu"@jbo	
"determinativ"@sh	<https://panlex.org/snapshot/panlex-20191001-csv/1#113518872>				<https://panlex.org/snapshot/panlex-20191001-csv/1#113518874>		"gadri"@jbo	
"glavni"@sh	<https://panlex.org/snapshot/panlex-20191001-csv/1#113517283>				<https://panlex.org/snapshot/panlex-20191001-csv/1#113517285>		"ralju"@jbo	
"мешавина"@sh	<https://panlex.org/snapshot/panlex-20191001-csv/1#113519115>				<https://panlex.org/snapshot/panlex-20191001-csv/1#113519118>		"vrici"@jbo	
"у"@sh	<https://panlex.org/snapshot/panlex-20191001-csv/1#113517364>				<https://panlex.org/snapshot/panlex-20191001-csv/1#113517367>		"mo'ine'i"@jbo	
"лош"@sh	<https://panlex.org/snapshot/panlex-20191001-csv/1#113519687>				<https://panlex.org/snapshot/panlex-20191001-csv/1#113519690>		"xlali"@jbo	
"Unikod"@sh	<https://panlex.org/snapshot/panlex-20191001-csv/1#113517897>				<https://panlex.org/snapshot/panlex-20191001-csv/1#113517899>		"iunkoda"@jbo	
"dobiti"@sh	<https://panlex.org/snapshot/panlex-20191001-csv/1#113517692>				<https://panlex.org/snapshot/panlex-20191001-csv/1#113517694>		"cpacu"@jbo	
"видети"@sh	<https://panlex.org/snapshot/panlex-20191001-csv/1#113516301>				<https://panlex.org/snapshot/panlex-20191001-csv/1#113516304>		"viska"@jbo	
"rod"@sh	<https://panlex.org/snapshot/panlex-20191001-csv/1#113517405>				<https://panlex.org/snapshot/panlex-20191001-csv/1#113517407>		"cmima"@jbo	
"izabrati"@sh	<https://panlex.org/snapshot/panlex-20191001-csv/1#113515892>				<https://panlex.org/snapshot/panlex-20191001-csv/1#113515894>		"cuxna"@jbo	
"проверити"@sh	<https://panlex.org/snapshot/panlex-20191001-csv/1#113517773>				<https://panlex.org/snapshot/panlex-20191001-csv/1#113517776>		"birti"@jbo	
"уређивати"@sh	<https://panlex.org/snapshot/panlex-20191001-csv/1#113516875>				<https://panlex.org/snapshot/panlex-20191001-csv/1#113516878>		"stika"@jbo	
"jednostavan"@sh	<https://panlex.org/snapshot/panlex-20191001-csv/1#113518342>				<https://panlex.org/snapshot/panlex-20191001-csv/1#113518344>		"frili"@jbo	
"dopunski"@sh	<https://panlex.org/snapshot/panlex-20191001-csv/1#113519198>				<https://panlex.org/snapshot/panlex-20191001-csv/1#113519200>		"jmina"@jbo	
"World Wide Web"@sh	<https://panlex.org/snapshot/panlex-20191001-csv/1#113516958>				<https://panlex.org/snapshot/panlex-20191001-csv/1#113516960>		"la .ueb."@jbo	
"pomoćni glagol"@sh	<https://panlex.org/snapshot/panlex-20191001-csv/1#113518832>				<https://panlex.org/snapshot/panlex-20191001-csv/1#113518834>		"jmina fasnyvla"@jbo	
"videti"@sh	<https://panlex.org/snapshot/panlex-20191001-csv/1#113516302>				<https://panlex.org/snapshot/panlex-20191001-csv/1#113516304>		"viska"@jbo	
"izdavač"@sh	<https://panlex.org/snapshot/panlex-20191001-csv/1#113516713>				<https://panlex.org/snapshot/panlex-20191001-csv/1#113516715>		"gubsku"@jbo	
"kod"@sh	<https://panlex.org/snapshot/panlex-20191001-csv/1#113518141>				<https://panlex.org/snapshot/panlex-20191001-csv/1#113518143>		"nacme'e"@jbo	
"dozvola"@sh	<https://panlex.org/snapshot/panlex-20191001-csv/1#113519321>				<https://panlex.org/snapshot/panlex-20191001-csv/1#113519323>		"curmi"@jbo	
"сваки"@sh	<https://panlex.org/snapshot/panlex-20191001-csv/1#113518504>				<https://panlex.org/snapshot/panlex-20191001-csv/1#113518507>		"ro"@jbo	
"језик"@sh	<https://panlex.org/snapshot/panlex-20191001-csv/1#113515314>				<https://panlex.org/snapshot/panlex-20191001-csv/1#113515317>		"bangu"@jbo	
"дио"@sh	<https://panlex.org/snapshot/panlex-20191001-csv/1#113517161>				<https://panlex.org/snapshot/panlex-20191001-csv/1#113517164>		"pagbu"@jbo	
"Creative Commons"@sh	<https://panlex.org/snapshot/panlex-20191001-csv/1#113519442>				<https://panlex.org/snapshot/panlex-20191001-csv/1#113519445>		"la finkai cecmu"@jbo	
"питати"@sh	<https://panlex.org/snapshot/panlex-20191001-csv/1#113519646>				<https://panlex.org/snapshot/panlex-20191001-csv/1#113519649>		"cpedu"@jbo	
"број ISBN"@sh	<https://panlex.org/snapshot/panlex-20191001-csv/1#113516342>				<https://panlex.org/snapshot/panlex-20191001-csv/1#113516345>		"sornai manri cukta bo namcu"@jbo	
"извор"@sh	<https://panlex.org/snapshot/panlex-20191001-csv/1#113516425>				<https://panlex.org/snapshot/panlex-20191001-csv/1#113516428>		"krasi"@jbo	
"dio"@sh	<https://panlex.org/snapshot/panlex-20191001-csv/1#113517162>				<https://panlex.org/snapshot/panlex-20191001-csv/1#113517164>		"pagbu"@jbo	
"кроз"@sh	<https://panlex.org/snapshot/panlex-20191001-csv/1#113520175>				<https://panlex.org/snapshot/panlex-20191001-csv/1#113520178>		"xebe'i"@jbo	
"učinjeno"@sh	<https://panlex.org/snapshot/panlex-20191001-csv/1#113519811>				<https://panlex.org/snapshot/panlex-20191001-csv/1#113519813>		"mulno"@jbo	
"tačan"@sh	<https://panlex.org/snapshot/panlex-20191001-csv/1#113520097>				<https://panlex.org/snapshot/panlex-20191001-csv/1#113520099>		"satci"@jbo	
"pravo"@sh	<https://panlex.org/snapshot/panlex-20191001-csv/1#113519362>				<https://panlex.org/snapshot/panlex-20191001-csv/1#113519364>		"krali"@jbo	
"postpozicija"@sh	<https://panlex.org/snapshot/panlex-20191001-csv/1#113518952>				<https://panlex.org/snapshot/panlex-20191001-csv/1#113518954>		"rixma'o"@jbo	
"Mac OS X"@sh	<https://panlex.org/snapshot/panlex-20191001-csv/1#113517977>				<https://panlex.org/snapshot/panlex-20191001-csv/1#113517980>		"la .obu.syxy."@jbo	
"lozinka"@sh	<https://panlex.org/snapshot/panlex-20191001-csv/1#113516220>				<https://panlex.org/snapshot/panlex-20191001-csv/1#113516222>		"japyvla"@jbo	
"превод"@sh	<https://panlex.org/snapshot/panlex-20191001-csv/1#113515809>				<https://panlex.org/snapshot/panlex-20191001-csv/1#113515812>		"xe fanva"@jbo	
"GNU General Public License"@sh	<https://panlex.org/snapshot/panlex-20191001-csv/1#113519483>				<https://panlex.org/snapshot/panlex-20191001-csv/1#113519485>		"la mujyku'e gubni curmi be la gy.ny.ubu."@jbo	
"збогом"@sh	<https://panlex.org/snapshot/panlex-20191001-csv/1#113515397>				<https://panlex.org/snapshot/panlex-20191001-csv/1#113515400>		"co'o"@jbo	
"између"@sh	<https://panlex.org/snapshot/panlex-20191001-csv/1#113520055>				<https://panlex.org/snapshot/panlex-20191001-csv/1#113520058>		"bi'i"@jbo	
"немогућ"@sh	<https://panlex.org/snapshot/panlex-20191001-csv/1#113516671>				<https://panlex.org/snapshot/panlex-20191001-csv/1#113516674>		"tolcu'i"@jbo	
"Уникод"@sh	<https://panlex.org/snapshot/panlex-20191001-csv/1#113517896>				<https://panlex.org/snapshot/panlex-20191001-csv/1#113517899>		"iunkoda"@jbo	
"предмет"@sh	<https://panlex.org/snapshot/panlex-20191001-csv/1#113518463>				<https://panlex.org/snapshot/panlex-20191001-csv/1#113518466>		"kuspe"@jbo	
"vrsta"@sh	<https://panlex.org/snapshot/panlex-20191001-csv/1#113518182>				<https://panlex.org/snapshot/panlex-20191001-csv/1#113518184>		"bankle"@jbo	
"rečca"@sh	<https://panlex.org/snapshot/panlex-20191001-csv/1#113518792>				<https://panlex.org/snapshot/panlex-20191001-csv/1#113518794>		"fasnyvla cmavo"@jbo	
"početak"@sh	<https://panlex.org/snapshot/panlex-20191001-csv/1#113517080>				<https://panlex.org/snapshot/panlex-20191001-csv/1#113517082>		"tolfa'o"@jbo	
"naslov"@sh	<https://panlex.org/snapshot/panlex-20191001-csv/1#113516795>				<https://panlex.org/snapshot/panlex-20191001-csv/1#113516797>		"cmene"@jbo	
"izvor"@sh	<https://panlex.org/snapshot/panlex-20191001-csv/1#113516426>				<https://panlex.org/snapshot/panlex-20191001-csv/1#113516428>		"krasi"@jbo	
"kratica"@sh	<https://panlex.org/snapshot/panlex-20191001-csv/1#113520321>				<https://panlex.org/snapshot/panlex-20191001-csv/1#113520323>		"torvla"@jbo	
"творац"@sh	<https://panlex.org/snapshot/panlex-20191001-csv/1#113516753>				<https://panlex.org/snapshot/panlex-20191001-csv/1#113516756>		"finti"@jbo	
"значење"@sh	<https://panlex.org/snapshot/panlex-20191001-csv/1#113515768>				<https://panlex.org/snapshot/panlex-20191001-csv/1#113515771>		"smuni"@jbo	
"помоћни глагол"@sh	<https://panlex.org/snapshot/panlex-20191001-csv/1#113518831>				<https://panlex.org/snapshot/panlex-20191001-csv/1#113518834>		"jmina fasnyvla"@jbo	
"predlog"@sh	<https://panlex.org/snapshot/panlex-20191001-csv/1#113518912>				<https://panlex.org/snapshot/panlex-20191001-csv/1#113518914>		"crama'o"@jbo	
"разни"@sh	<https://panlex.org/snapshot/panlex-20191001-csv/1#113517486>				<https://panlex.org/snapshot/panlex-20191001-csv/1#113517489>		"panra"@jbo	
"јавни домен"@sh	<https://panlex.org/snapshot/panlex-20191001-csv/1#113519401>				<https://panlex.org/snapshot/panlex-20191001-csv/1#113519404>		"gubzi'e"@jbo	
"tekst"@sh	<https://panlex.org/snapshot/panlex-20191001-csv/1#113517651>				<https://panlex.org/snapshot/panlex-20191001-csv/1#113517653>		"uenzi"@jbo	
"mešavina"@sh	<https://panlex.org/snapshot/panlex-20191001-csv/1#113519116>				<https://panlex.org/snapshot/panlex-20191001-csv/1#113519118>		"vrici"@jbo	
"broj"@sh	<https://panlex.org/snapshot/panlex-20191001-csv/1#113517324>				<https://panlex.org/snapshot/panlex-20191001-csv/1#113517326>		"namcu"@jbo	
"Macintosh"@sh	<https://panlex.org/snapshot/panlex-20191001-csv/1#113518018>				<https://panlex.org/snapshot/panlex-20191001-csv/1#113518020>		"la makintoc."@jbo	
"godina"@sh	<https://panlex.org/snapshot/panlex-20191001-csv/1#113515974>				<https://panlex.org/snapshot/panlex-20191001-csv/1#113515976>		"nanca"@jbo	
"непознат"@sh	<https://panlex.org/snapshot/panlex-20191001-csv/1#113519564>				<https://panlex.org/snapshot/panlex-20191001-csv/1#113519567>		"na djuno"@jbo	
"везник"@sh	<https://panlex.org/snapshot/panlex-20191001-csv/1#113518992>				<https://panlex.org/snapshot/panlex-20191001-csv/1#113518995>		"terjonma'o"@jbo	
"nazad"@sh	<https://panlex.org/snapshot/panlex-20191001-csv/1#113515686>				<https://panlex.org/snapshot/panlex-20191001-csv/1#113515688>		"xruti"@jbo	
"одобрен"@sh	<https://panlex.org/snapshot/panlex-20191001-csv/1#113515603>				<https://panlex.org/snapshot/panlex-20191001-csv/1#113515606>		"pu zanru"@jbo	
"копирати"@sh	<https://panlex.org/snapshot/panlex-20191001-csv/1#113516835>				<https://panlex.org/snapshot/panlex-20191001-csv/1#113516838>		"fukpi"@jbo	
"потребан"@sh	<https://panlex.org/snapshot/panlex-20191001-csv/1#113519851>				<https://panlex.org/snapshot/panlex-20191001-csv/1#113519854>		"sarcu"@jbo	
"ти"@sh	<https://panlex.org/snapshot/panlex-20191001-csv/1#113516137>				<https://panlex.org/snapshot/panlex-20191001-csv/1#113516140>		"do"@jbo	
"adresa"@sh	<https://panlex.org/snapshot/panlex-20191001-csv/1#113516508>				<https://panlex.org/snapshot/panlex-20191001-csv/1#113516510>		"samjudri"@jbo	
"pitati"@sh	<https://panlex.org/snapshot/panlex-20191001-csv/1#113519647>				<https://panlex.org/snapshot/panlex-20191001-csv/1#113519649>		"cpedu"@jbo	
"дозвола"@sh	<https://panlex.org/snapshot/panlex-20191001-csv/1#113519320>				<https://panlex.org/snapshot/panlex-20191001-csv/1#113519323>		"curmi"@jbo	
"Windows"@sh	<https://panlex.org/snapshot/panlex-20191001-csv/1#113517855>				<https://panlex.org/snapshot/panlex-20191001-csv/1#113517858>		"la canko"@jbo	
"ускличник"@sh	<https://panlex.org/snapshot/panlex-20191001-csv/1#113519033>				<https://panlex.org/snapshot/panlex-20191001-csv/1#113519036>		"cnima'o"@jbo	
"издавач"@sh	<https://panlex.org/snapshot/panlex-20191001-csv/1#113516712>				<https://panlex.org/snapshot/panlex-20191001-csv/1#113516715>		"gubsku"@jbo	
"минута"@sh	<https://panlex.org/snapshot/panlex-20191001-csv/1#113519933>				<https://panlex.org/snapshot/panlex-20191001-csv/1#113519936>		"mentu"@jbo	
"u"@sh	<https://panlex.org/snapshot/panlex-20191001-csv/1#113517365>				<https://panlex.org/snapshot/panlex-20191001-csv/1#113517367>		"mo'ine'i"@jbo	
"glagol"@sh	<https://panlex.org/snapshot/panlex-20191001-csv/1#113518587>				<https://panlex.org/snapshot/panlex-20191001-csv/1#113518589>		"fasnyvla"@jbo	
"nov"@sh	<https://panlex.org/snapshot/panlex-20191001-csv/1#113516179>				<https://panlex.org/snapshot/panlex-20191001-csv/1#113516181>		"cnino"@jbo	
"пример"@sh	<https://panlex.org/snapshot/panlex-20191001-csv/1#113517120>				<https://panlex.org/snapshot/panlex-20191001-csv/1#113517123>		"mupli"@jbo	
"додатак"@sh	<https://panlex.org/snapshot/panlex-20191001-csv/1#113519074>				<https://panlex.org/snapshot/panlex-20191001-csv/1#113519077>		"rafsi"@jbo	
"potreban"@sh	<https://panlex.org/snapshot/panlex-20191001-csv/1#113519852>				<https://panlex.org/snapshot/panlex-20191001-csv/1#113519854>		"sarcu"@jbo	
"izmeniti"@sh	<https://panlex.org/snapshot/panlex-20191001-csv/1#113516999>				<https://panlex.org/snapshot/panlex-20191001-csv/1#113517001>		"galfi"@jbo	
"primer"@sh	<https://panlex.org/snapshot/panlex-20191001-csv/1#113517121>				<https://panlex.org/snapshot/panlex-20191001-csv/1#113517123>		"mupli"@jbo	
"прилог"@sh	<https://panlex.org/snapshot/panlex-20191001-csv/1#113518668>				<https://panlex.org/snapshot/panlex-20191001-csv/1#113518671>		"adverbivla"@jbo	
"човек"@sh	<https://panlex.org/snapshot/panlex-20191001-csv/1#113516260>				<https://panlex.org/snapshot/panlex-20191001-csv/1#113516263>		"prenu"@jbo	
"лозинка"@sh	<https://panlex.org/snapshot/panlex-20191001-csv/1#113516219>				<https://panlex.org/snapshot/panlex-20191001-csv/1#113516222>		"japyvla"@jbo	
"род"@sh	<https://panlex.org/snapshot/panlex-20191001-csv/1#113517404>				<https://panlex.org/snapshot/panlex-20191001-csv/1#113517407>		"cmima"@jbo	
"interpunkcija"@sh	<https://panlex.org/snapshot/panlex-20191001-csv/1#113520217>				<https://panlex.org/snapshot/panlex-20191001-csv/1#113520219>		"padle'u"@jbo	
"iz"@sh	<https://panlex.org/snapshot/panlex-20191001-csv/1#113516631>				<https://panlex.org/snapshot/panlex-20191001-csv/1#113516633>		"co'a"@jbo	
"znak navoda"@sh	<https://panlex.org/snapshot/panlex-20191001-csv/1#113519239>				<https://panlex.org/snapshot/panlex-20191001-csv/1#113519241>		"sitsku bu"@jbo	
"nemoguć"@sh	<https://panlex.org/snapshot/panlex-20191001-csv/1#113516672>				<https://panlex.org/snapshot/panlex-20191001-csv/1#113516674>		"tolcu'i"@jbo	
"dalje"@sh	<https://panlex.org/snapshot/panlex-20191001-csv/1#113517815>				<https://panlex.org/snapshot/panlex-20191001-csv/1#113517817>		"zmadu"@jbo	
"autorsko pravo"@sh	<https://panlex.org/snapshot/panlex-20191001-csv/1#113519523>				<https://panlex.org/snapshot/panlex-20191001-csv/1#113519525>		"fukzifypo'e"@jbo	
"Macintosh"@sh	<https://panlex.org/snapshot/panlex-20191001-csv/1#113518017>				<https://panlex.org/snapshot/panlex-20191001-csv/1#113518020>		"la makintoc."@jbo	
"избрисати"@sh	<https://panlex.org/snapshot/panlex-20191001-csv/1#113516466>				<https://panlex.org/snapshot/panlex-20191001-csv/1#113516469>		"vimcu"@jbo	
"Licenca MIT"@sh	<https://panlex.org/snapshot/panlex-20191001-csv/1#113520136>				<https://panlex.org/snapshot/panlex-20191001-csv/1#113520138>		"la curmi be la my.ibu.ty."@jbo	
"sada"@sh	<https://panlex.org/snapshot/panlex-20191001-csv/1#113520016>				<https://panlex.org/snapshot/panlex-20191001-csv/1#113520017>		"ca"@jbo	
"властита именица"@sh	<https://panlex.org/snapshot/panlex-20191001-csv/1#113518709>				<https://panlex.org/snapshot/panlex-20191001-csv/1#113518712>		"drasumvla"@jbo	
"врста"@sh	<https://panlex.org/snapshot/panlex-20191001-csv/1#113518181>				<https://panlex.org/snapshot/panlex-20191001-csv/1#113518184>		"bankle"@jbo	
"Avganistan"@sh	<https://panlex.org/snapshot/panlex-20191001-csv/5947#84579158>				<https://panlex.org/snapshot/panlex-20191001-csv/5947#84579177>		"afyganisTAN"@jbo	
"litij"@sh	<https://panlex.org/snapshot/panlex-20191001-csv/5940#81334736>				<https://panlex.org/snapshot/panlex-20191001-csv/5940#81334746>		"roksodna"@jbo	
"Ujedinjeni narodi"@sh	<https://panlex.org/snapshot/panlex-20191001-csv/5940#81285930>				<https://panlex.org/snapshot/panlex-20191001-csv/5940#81285945>		"gunma natmi"@jbo	
"bor"@sh	<https://panlex.org/snapshot/panlex-20191001-csv/5940#81309270>				<https://panlex.org/snapshot/panlex-20191001-csv/5940#81309280>		"jicmrboro"@jbo	
"Španjolska"@sh	<https://panlex.org/snapshot/panlex-20191001-csv/5940#81280954>				<https://panlex.org/snapshot/panlex-20191001-csv/5940#81280966>		"sangu'e"@jbo	
"dušik"@sh	<https://panlex.org/snapshot/panlex-20191001-csv/5940#81290815>				<https://panlex.org/snapshot/panlex-20191001-csv/5940#81290826>		"trano"@jbo	
"kiseonik"@sh	<https://panlex.org/snapshot/panlex-20191001-csv/5940#81346934>				<https://panlex.org/snapshot/panlex-20191001-csv/5940#81346946>		"kijno"@jbo	
"berilijum"@sh	<https://panlex.org/snapshot/panlex-20191001-csv/5940#81307390>				<https://panlex.org/snapshot/panlex-20191001-csv/5940#81307400>		"jinmrberilo"@jbo	
"Sjedinjene Američke Države"@sh	<https://panlex.org/snapshot/panlex-20191001-csv/5940#81280095>				<https://panlex.org/snapshot/panlex-20191001-csv/5940#81280108>		"mergu'e"@jbo	
"Azerbejdžan"@sh	<https://panlex.org/snapshot/panlex-20191001-csv/5939#80729713>				<https://panlex.org/snapshot/panlex-20191001-csv/5939#80729723>		"azerbaijan"@jbo	
"Angola"@sh	<https://panlex.org/snapshot/panlex-20191001-csv/5939#80719697>				<https://panlex.org/snapshot/panlex-20191001-csv/5939#80719708>		"angol"@jbo	
"Andora"@sh	<https://panlex.org/snapshot/panlex-20191001-csv/5939#80718536>				<https://panlex.org/snapshot/panlex-20191001-csv/5939#80718549>		"andoras"@jbo	
"Njemačka"@sh	<https://panlex.org/snapshot/panlex-20191001-csv/5939#80782700>				<https://panlex.org/snapshot/panlex-20191001-csv/5939#80782716>		"dotygu'e"@jbo	
"Немачка"@sh	<https://panlex.org/snapshot/panlex-20191001-csv/5939#80782697>				<https://panlex.org/snapshot/panlex-20191001-csv/5939#80782716>		"dotygu'e"@jbo	
"Azija"@sh	<https://panlex.org/snapshot/panlex-20191001-csv/5939#80729948>				<https://panlex.org/snapshot/panlex-20191001-csv/5939#80729958>		"zdotu'a"@jbo	
"Nemačka"@sh	<https://panlex.org/snapshot/panlex-20191001-csv/5939#80782699>				<https://panlex.org/snapshot/panlex-20191001-csv/5939#80782716>		"dotygu'e"@jbo	
"Њемачка"@sh	<https://panlex.org/snapshot/panlex-20191001-csv/5939#80782698>				<https://panlex.org/snapshot/panlex-20191001-csv/5939#80782716>		"dotygu'e"@jbo	
"rijeka"@sh	<https://panlex.org/snapshot/panlex-20191001-csv/5939#80818586>				<https://panlex.org/snapshot/panlex-20191001-csv/5939#80818600>		"rirxe"@jbo	
"kíšiti"@sh	<https://panlex.org/snapshot/panlex-20191001-csv/5946#84436439>				<https://panlex.org/snapshot/panlex-20191001-csv/5946#84436446>		"carvi"@jbo	
"mnȍgī"@sh	<https://panlex.org/snapshot/panlex-20191001-csv/5946#84442441>				<https://panlex.org/snapshot/panlex-20191001-csv/5946#84442465>		"so'i"@jbo	
"mnȍgo"@sh	<https://panlex.org/snapshot/panlex-20191001-csv/5946#84442444>				<https://panlex.org/snapshot/panlex-20191001-csv/5946#84442465>		"so'i"@jbo	
"mnogo"@sh	<https://panlex.org/snapshot/panlex-20191001-csv/5946#84442443>				<https://panlex.org/snapshot/panlex-20191001-csv/5946#84442465>		"so'i"@jbo	
"mnogi"@sh	<https://panlex.org/snapshot/panlex-20191001-csv/5946#84442442>				<https://panlex.org/snapshot/panlex-20191001-csv/5946#84442465>		"so'i"@jbo	
"kiša"@sh	<https://panlex.org/snapshot/panlex-20191001-csv/5946#84436296>				<https://panlex.org/snapshot/panlex-20191001-csv/5946#84436311>		"carvi"@jbo	
"dažd"@sh	<https://panlex.org/snapshot/panlex-20191001-csv/5946#84436295>				<https://panlex.org/snapshot/panlex-20191001-csv/5946#84436311>		"carvi"@jbo	
"Urugvaj"@sh	<https://panlex.org/snapshot/panlex-20191001-csv/5949#85322891>				<https://panlex.org/snapshot/panlex-20191001-csv/5949#85322906>		"uruguais"@jbo	
"Peru"@sh	<https://panlex.org/snapshot/panlex-20191001-csv/5949#85318235>				<https://panlex.org/snapshot/panlex-20191001-csv/5949#85318254>		"perus"@jbo	
"Evropa"@sh	<https://panlex.org/snapshot/panlex-20191001-csv/5949#85308546>				<https://panlex.org/snapshot/panlex-20191001-csv/5949#85308561>		"rontu'a"@jbo	
"Peking"@sh	<https://panlex.org/snapshot/panlex-20191001-csv/5949#85317983>				<https://panlex.org/snapshot/panlex-20191001-csv/5949#85317996>		"beidjin"@jbo	
"Republika Francuska"@sh	<https://panlex.org/snapshot/panlex-20191001-csv/5949#85323578>				<https://panlex.org/snapshot/panlex-20191001-csv/5949#85323597>		"fasygu'e"@jbo	
"Francuska"@sh	<https://panlex.org/snapshot/panlex-20191001-csv/5949#85323579>				<https://panlex.org/snapshot/panlex-20191001-csv/5949#85323597>		"fasygu'e"@jbo	
"historija"@sh	<https://panlex.org/snapshot/panlex-20191001-csv/5942#83282254>				<https://panlex.org/snapshot/panlex-20191001-csv/5942#83282267>		"citri"@jbo	
"Ѝсус Ìsus"@sh	<https://panlex.org/snapshot/panlex-20191001-csv/5943#83289533>				<https://panlex.org/snapshot/panlex-20191001-csv/5943#83289547>		"iecu,ys"@jbo	
"nemački jezik"@sh	<https://panlex.org/snapshot/panlex-20191001-csv/405#13624626>				<https://panlex.org/snapshot/panlex-20191001-csv/405#13624641>		"dotybau"@jbo	
"Esperanto"@sh	<https://panlex.org/snapshot/panlex-20191001-csv/405#13623759>				<https://panlex.org/snapshot/panlex-20191001-csv/405#13623773>		"esperant"@jbo	
"francuski jezik"@sh	<https://panlex.org/snapshot/panlex-20191001-csv/405#13624257>				<https://panlex.org/snapshot/panlex-20191001-csv/405#13624272>		"fasybau"@jbo	
"engleski jezik"@sh	<https://panlex.org/snapshot/panlex-20191001-csv/405#13623603>				<https://panlex.org/snapshot/panlex-20191001-csv/405#13623620>		"glibau"@jbo	
"Volapik"@sh	<https://panlex.org/snapshot/panlex-20191001-csv/405#13633637>				<https://panlex.org/snapshot/panlex-20191001-csv/405#13633645>		"volapuk"@jbo	
"indoevropski jezici"@sh	<https://panlex.org/snapshot/panlex-20191001-csv/405#13625876>				<https://panlex.org/snapshot/panlex-20191001-csv/405#13625887>		"xinjoiroʼo bangu"@jbo	
"Španski jezik"@sh	<https://panlex.org/snapshot/panlex-20191001-csv/405#13632067>				<https://panlex.org/snapshot/panlex-20191001-csv/405#13632082>		"sanbau"@jbo	
"japanski jezik"@sh	<https://panlex.org/snapshot/panlex-20191001-csv/405#13626385>				<https://panlex.org/snapshot/panlex-20191001-csv/405#13626397>		"ponbau"@jbo	
"malteški jezik"@sh	<https://panlex.org/snapshot/panlex-20191001-csv/405#13628232>				<https://panlex.org/snapshot/panlex-20191001-csv/405#13628242>		"bangrmalti"@jbo	
"Azija"@sh	<https://panlex.org/snapshot/panlex-20191001-csv/9#502675>				<https://panlex.org/snapshot/panlex-20191001-csv/9#502686>		"zdotuʼa"@jbo	
"Prirodan broj"@sh	<https://panlex.org/snapshot/panlex-20191001-csv/12#926273>				<https://panlex.org/snapshot/panlex-20191001-csv/12#926281>		"rarnaʼu"@jbo	
"Austrija"@sh	<https://panlex.org/snapshot/panlex-20191001-csv/12#925578>				<https://panlex.org/snapshot/panlex-20191001-csv/12#925588>		"osteraix"@jbo	
"Austrija"@sh	<https://panlex.org/snapshot/panlex-20191001-csv/12#925463>				<https://panlex.org/snapshot/panlex-20191001-csv/12#925473>		"osteraix"@jbo	
"Austrija"@sh	<https://panlex.org/snapshot/panlex-20191001-csv/12#925348>				<https://panlex.org/snapshot/panlex-20191001-csv/12#925358>		"osteraix"@jbo	
"Zemlja"@sh	<https://panlex.org/snapshot/panlex-20191001-csv/10#581000>				<https://panlex.org/snapshot/panlex-20191001-csv/10#581013>		"Terdi"@jbo	
"džainizam"@sh	<https://panlex.org/snapshot/panlex-20191001-csv/10#779317>				<https://panlex.org/snapshot/panlex-20191001-csv/10#779322>		"lijdrdjaina"@jbo	
"Meksiko"@sh	<https://panlex.org/snapshot/panlex-20191001-csv/10#581544>				<https://panlex.org/snapshot/panlex-20191001-csv/10#581553>		"mexyguʼe"@jbo	
"darmštatijum"@sh	<https://panlex.org/snapshot/panlex-20191001-csv/10#619163>				<https://panlex.org/snapshot/panlex-20191001-csv/10#619167>		"jinmrdarmctati"@jbo	
