"vuk"@sh	<https://panlex.org/snapshot/panlex-20191001-csv/2129#11694469>				<https://panlex.org/snapshot/panlex-20191001-csv/2129#11694480>		"lobo"@tl	
"Zajednica Nezavisnih Država"@sh	<https://panlex.org/snapshot/panlex-20191001-csv/5950#85859396>				<https://panlex.org/snapshot/panlex-20191001-csv/5950#85859426>		"Komonwelt ng mga Malalayang Estado"@tl	
"глагол glagol"@sh	<https://panlex.org/snapshot/panlex-20191001-csv/5947#84660109>				<https://panlex.org/snapshot/panlex-20191001-csv/5947#84660151>		"pandiwa"@tl	
"Avganistan"@sh	<https://panlex.org/snapshot/panlex-20191001-csv/5947#84579158>				<https://panlex.org/snapshot/panlex-20191001-csv/5947#84579262>		"Afghanistan"@tl	
"Finska"@sh	<https://panlex.org/snapshot/panlex-20191001-csv/5947#84591090>				<https://panlex.org/snapshot/panlex-20191001-csv/5947#84591152>		"Finland"@tl	
"orgazam"@sh	<https://panlex.org/snapshot/panlex-20191001-csv/5947#84781673>				<https://panlex.org/snapshot/panlex-20191001-csv/5947#84781709>		"sukdulan"@tl	
"Južna Afrika"@sh	<https://panlex.org/snapshot/panlex-20191001-csv/5940#81285461>				<https://panlex.org/snapshot/panlex-20191001-csv/5940#81285501>		"Timog Aprika"@tl	
"Ujedinjeni narodi"@sh	<https://panlex.org/snapshot/panlex-20191001-csv/5940#81285930>				<https://panlex.org/snapshot/panlex-20191001-csv/5940#81286015>		"Mga Nagkakaisang Bansa"@tl	
"Odin"@sh	<https://panlex.org/snapshot/panlex-20191001-csv/5940#81285839>				<https://panlex.org/snapshot/panlex-20191001-csv/5940#81285868>		"Odin"@tl	
"Španjolska"@sh	<https://panlex.org/snapshot/panlex-20191001-csv/5940#81280954>				<https://panlex.org/snapshot/panlex-20191001-csv/5940#81281013>		"Espanya"@tl	
"krv"@sh	<https://panlex.org/snapshot/panlex-20191001-csv/5940#81293609>				<https://panlex.org/snapshot/panlex-20191001-csv/5940#81293651>		"dugô"@tl	
"kiseonik"@sh	<https://panlex.org/snapshot/panlex-20191001-csv/5940#81346934>				<https://panlex.org/snapshot/panlex-20191001-csv/5940#81346985>		"oksiheno"@tl	
"Oktobar"@sh	<https://panlex.org/snapshot/panlex-20191001-csv/5940#81285640>				<https://panlex.org/snapshot/panlex-20191001-csv/5940#81285703>		"Oktubre"@tl	
"Homer"@sh	<https://panlex.org/snapshot/panlex-20191001-csv/5940#81275015>				<https://panlex.org/snapshot/panlex-20191001-csv/5940#81275050>		"Homer"@tl	
"Sirija"@sh	<https://panlex.org/snapshot/panlex-20191001-csv/5940#81288559>				<https://panlex.org/snapshot/panlex-20191001-csv/5940#81288594>		"Syria"@tl	
"Sjedinjene Američke Države"@sh	<https://panlex.org/snapshot/panlex-20191001-csv/5940#81280095>				<https://panlex.org/snapshot/panlex-20191001-csv/5940#81280167>		"Estados Unidos"@tl	
"Zemlja"@sh	<https://panlex.org/snapshot/panlex-20191001-csv/5940#81310770>				<https://panlex.org/snapshot/panlex-20191001-csv/5940#81310824>		"Daigdig"@tl	
"анјон"@sh	<https://panlex.org/snapshot/panlex-20191001-csv/5939#80720201>				<https://panlex.org/snapshot/panlex-20191001-csv/5939#80720228>		"aniono"@tl	
"анјон"@sh	<https://panlex.org/snapshot/panlex-20191001-csv/5939#80720201>				<https://panlex.org/snapshot/panlex-20191001-csv/5939#80720229>		"tahapik"@tl	
"radnik"@sh	<https://panlex.org/snapshot/panlex-20191001-csv/5939#80726095>				<https://panlex.org/snapshot/panlex-20191001-csv/5939#80726160>		"manggagawâ"@tl	
"Andaluzija"@sh	<https://panlex.org/snapshot/panlex-20191001-csv/5939#80718285>				<https://panlex.org/snapshot/panlex-20191001-csv/5939#80718328>		"Andalucía"@tl	
"Azerbejdžan"@sh	<https://panlex.org/snapshot/panlex-20191001-csv/5939#80729713>				<https://panlex.org/snapshot/panlex-20191001-csv/5939#80729768>		"Azerbaijan"@tl	
"jegulja"@sh	<https://panlex.org/snapshot/panlex-20191001-csv/5939#80698931>				<https://panlex.org/snapshot/panlex-20191001-csv/5939#80698971>		"palos"@tl	
"Angola"@sh	<https://panlex.org/snapshot/panlex-20191001-csv/5939#80719697>				<https://panlex.org/snapshot/panlex-20191001-csv/5939#80719737>		"Anggola"@tl	
"Jermenija"@sh	<https://panlex.org/snapshot/panlex-20191001-csv/5939#80727959>				<https://panlex.org/snapshot/panlex-20191001-csv/5939#80728013>		"Armenia"@tl	
"Bangladeš"@sh	<https://panlex.org/snapshot/panlex-20191001-csv/5939#80742655>				<https://panlex.org/snapshot/panlex-20191001-csv/5939#80742701>		"Bangladesh"@tl	
"Adis Abeba"@sh	<https://panlex.org/snapshot/panlex-20191001-csv/5939#80706937>				<https://panlex.org/snapshot/panlex-20191001-csv/5939#80706970>		"Addis Ababa"@tl	
"Evropska unija"@sh	<https://panlex.org/snapshot/panlex-20191001-csv/5939#80806977>				<https://panlex.org/snapshot/panlex-20191001-csv/5939#80807032>		"Kaisahang Europeo"@tl	
"Benin"@sh	<https://panlex.org/snapshot/panlex-20191001-csv/5939#80749706>				<https://panlex.org/snapshot/panlex-20191001-csv/5939#80749740>		"Benin"@tl	
"Andora"@sh	<https://panlex.org/snapshot/panlex-20191001-csv/5939#80718536>				<https://panlex.org/snapshot/panlex-20191001-csv/5939#80718600>		"Andorra"@tl	
"Savezna Republika Nemačka"@sh	<https://panlex.org/snapshot/panlex-20191001-csv/5939#80768199>				<https://panlex.org/snapshot/panlex-20191001-csv/5939#80768260>		"Republika Federal ng Alemanya"@tl	
"Njemačka"@sh	<https://panlex.org/snapshot/panlex-20191001-csv/5939#80782700>				<https://panlex.org/snapshot/panlex-20191001-csv/5939#80782802>		"Germany"@tl	
"Njemačka"@sh	<https://panlex.org/snapshot/panlex-20191001-csv/5939#80782700>				<https://panlex.org/snapshot/panlex-20191001-csv/5939#80782803>		"Alemanya"@tl	
"Немачка"@sh	<https://panlex.org/snapshot/panlex-20191001-csv/5939#80782697>				<https://panlex.org/snapshot/panlex-20191001-csv/5939#80782802>		"Germany"@tl	
"Немачка"@sh	<https://panlex.org/snapshot/panlex-20191001-csv/5939#80782697>				<https://panlex.org/snapshot/panlex-20191001-csv/5939#80782803>		"Alemanya"@tl	
"Azija"@sh	<https://panlex.org/snapshot/panlex-20191001-csv/5939#80729948>				<https://panlex.org/snapshot/panlex-20191001-csv/5939#80730007>		"Asya"@tl	
"Nemačka"@sh	<https://panlex.org/snapshot/panlex-20191001-csv/5939#80782699>				<https://panlex.org/snapshot/panlex-20191001-csv/5939#80782802>		"Germany"@tl	
"Nemačka"@sh	<https://panlex.org/snapshot/panlex-20191001-csv/5939#80782699>				<https://panlex.org/snapshot/panlex-20191001-csv/5939#80782803>		"Alemanya"@tl	
"Antigva i Barbuda"@sh	<https://panlex.org/snapshot/panlex-20191001-csv/5939#80722420>				<https://panlex.org/snapshot/panlex-20191001-csv/5939#80722471>		"Antigua and Barbuda"@tl	
"Њемачка"@sh	<https://panlex.org/snapshot/panlex-20191001-csv/5939#80782698>				<https://panlex.org/snapshot/panlex-20191001-csv/5939#80782802>		"Germany"@tl	
"Њемачка"@sh	<https://panlex.org/snapshot/panlex-20191001-csv/5939#80782698>				<https://panlex.org/snapshot/panlex-20191001-csv/5939#80782803>		"Alemanya"@tl	
"rijeka"@sh	<https://panlex.org/snapshot/panlex-20191001-csv/5939#80818586>				<https://panlex.org/snapshot/panlex-20191001-csv/5939#80818655>		"ilog"@tl	
"Debian"@sh	<https://panlex.org/snapshot/panlex-20191001-csv/5939#80779823>				<https://panlex.org/snapshot/panlex-20191001-csv/5939#80779853>		"Debian"@tl	
"nametljiv"@sh	<https://panlex.org/snapshot/panlex-20191001-csv/5946#84437958>				<https://panlex.org/snapshot/panlex-20191001-csv/5946#84437998>		"okupado"@tl	
"motika"@sh	<https://panlex.org/snapshot/panlex-20191001-csv/5946#84452630>				<https://panlex.org/snapshot/panlex-20191001-csv/5946#84452658>		"asada"@tl	
"motika"@sh	<https://panlex.org/snapshot/panlex-20191001-csv/5946#84452630>				<https://panlex.org/snapshot/panlex-20191001-csv/5946#84452657>		"asarol"@tl	
"postòla"@sh	<https://panlex.org/snapshot/panlex-20191001-csv/5946#84451413>				<https://panlex.org/snapshot/panlex-20191001-csv/5946#84451484>		"sapatos"@tl	
"kamen"@sh	<https://panlex.org/snapshot/panlex-20191001-csv/5946#84437710>				<https://panlex.org/snapshot/panlex-20191001-csv/5946#84437758>		"bato"@tl	
"mnȍgī"@sh	<https://panlex.org/snapshot/panlex-20191001-csv/5946#84442441>				<https://panlex.org/snapshot/panlex-20191001-csv/5946#84442551>		"madami"@tl	
"prometan"@sh	<https://panlex.org/snapshot/panlex-20191001-csv/5946#84437957>				<https://panlex.org/snapshot/panlex-20191001-csv/5946#84437998>		"okupado"@tl	
"pakika"@sh	<https://panlex.org/snapshot/panlex-20191001-csv/5946#84451415>				<https://panlex.org/snapshot/panlex-20191001-csv/5946#84451484>		"sapatos"@tl	
"cìpela"@sh	<https://panlex.org/snapshot/panlex-20191001-csv/5946#84451414>				<https://panlex.org/snapshot/panlex-20191001-csv/5946#84451484>		"sapatos"@tl	
"обућа"@sh	<https://panlex.org/snapshot/panlex-20191001-csv/5946#84451409>				<https://panlex.org/snapshot/panlex-20191001-csv/5946#84451484>		"sapatos"@tl	
"постола"@sh	<https://panlex.org/snapshot/panlex-20191001-csv/5946#84451410>				<https://panlex.org/snapshot/panlex-20191001-csv/5946#84451484>		"sapatos"@tl	
"obuća"@sh	<https://panlex.org/snapshot/panlex-20191001-csv/5946#84451412>				<https://panlex.org/snapshot/panlex-20191001-csv/5946#84451484>		"sapatos"@tl	
"mnȍgo"@sh	<https://panlex.org/snapshot/panlex-20191001-csv/5946#84442444>				<https://panlex.org/snapshot/panlex-20191001-csv/5946#84442551>		"madami"@tl	
"mnogo"@sh	<https://panlex.org/snapshot/panlex-20191001-csv/5946#84442443>				<https://panlex.org/snapshot/panlex-20191001-csv/5946#84442551>		"madami"@tl	
"mnogi"@sh	<https://panlex.org/snapshot/panlex-20191001-csv/5946#84442442>				<https://panlex.org/snapshot/panlex-20191001-csv/5946#84442551>		"madami"@tl	
"ципела"@sh	<https://panlex.org/snapshot/panlex-20191001-csv/5946#84451411>				<https://panlex.org/snapshot/panlex-20191001-csv/5946#84451484>		"sapatos"@tl	
"kiša"@sh	<https://panlex.org/snapshot/panlex-20191001-csv/5946#84436296>				<https://panlex.org/snapshot/panlex-20191001-csv/5946#84436392>		"ulan"@tl	
"dažd"@sh	<https://panlex.org/snapshot/panlex-20191001-csv/5946#84436295>				<https://panlex.org/snapshot/panlex-20191001-csv/5946#84436392>		"ulan"@tl	
"Kuran"@sh	<https://panlex.org/snapshot/panlex-20191001-csv/5949#85313415>				<https://panlex.org/snapshot/panlex-20191001-csv/5949#85313487>		"Qur'an"@tl	
"Kuran"@sh	<https://panlex.org/snapshot/panlex-20191001-csv/5949#85313415>				<https://panlex.org/snapshot/panlex-20191001-csv/5949#85313486>		"Quran"@tl	
"Kuran"@sh	<https://panlex.org/snapshot/panlex-20191001-csv/5949#85313415>				<https://panlex.org/snapshot/panlex-20191001-csv/5949#85313485>		"Koran"@tl	
"Dioniz"@sh	<https://panlex.org/snapshot/panlex-20191001-csv/5949#85307990>				<https://panlex.org/snapshot/panlex-20191001-csv/5949#85308023>		"Dionysos"@tl	
"Jerusalim"@sh	<https://panlex.org/snapshot/panlex-20191001-csv/5949#85309933>				<https://panlex.org/snapshot/panlex-20191001-csv/5949#85310034>		"Jerusalem"@tl	
"Baku"@sh	<https://panlex.org/snapshot/panlex-20191001-csv/5949#85301468>				<https://panlex.org/snapshot/panlex-20191001-csv/5949#85301535>		"Baku"@tl	
"Australija"@sh	<https://panlex.org/snapshot/panlex-20191001-csv/5949#85298128>				<https://panlex.org/snapshot/panlex-20191001-csv/5949#85298239>		"Australya"@tl	
"Australija"@sh	<https://panlex.org/snapshot/panlex-20191001-csv/5949#85298128>				<https://panlex.org/snapshot/panlex-20191001-csv/5949#85298240>		"Australia"@tl	
"Urugvaj"@sh	<https://panlex.org/snapshot/panlex-20191001-csv/5949#85322891>				<https://panlex.org/snapshot/panlex-20191001-csv/5949#85322971>		"Urugway"@tl	
"Peru"@sh	<https://panlex.org/snapshot/panlex-20191001-csv/5949#85318235>				<https://panlex.org/snapshot/panlex-20191001-csv/5949#85318326>		"Peru"@tl	
"Bavarska"@sh	<https://panlex.org/snapshot/panlex-20191001-csv/5949#85301188>				<https://panlex.org/snapshot/panlex-20191001-csv/5949#85301250>		"Bavaria"@tl	
"Melpomena"@sh	<https://panlex.org/snapshot/panlex-20191001-csv/5949#85315563>				<https://panlex.org/snapshot/panlex-20191001-csv/5949#85315587>		"Melpomene"@tl	
"Evropa"@sh	<https://panlex.org/snapshot/panlex-20191001-csv/5949#85308546>				<https://panlex.org/snapshot/panlex-20191001-csv/5949#85308648>		"Europa"@tl	
"Peking"@sh	<https://panlex.org/snapshot/panlex-20191001-csv/5949#85317983>				<https://panlex.org/snapshot/panlex-20191001-csv/5949#85318065>		"Beijing"@tl	
"Filipini"@sh	<https://panlex.org/snapshot/panlex-20191001-csv/5949#85323336>				<https://panlex.org/snapshot/panlex-20191001-csv/5949#85323425>		"Pilipinas"@tl	
"Riga"@sh	<https://panlex.org/snapshot/panlex-20191001-csv/5949#85319204>				<https://panlex.org/snapshot/panlex-20191001-csv/5949#85319270>		"Riga"@tl	
"Psalmi"@sh	<https://panlex.org/snapshot/panlex-20191001-csv/5949#85318933>				<https://panlex.org/snapshot/panlex-20191001-csv/5949#85318973>		"Mga Salmo"@tl	
"Pluton"@sh	<https://panlex.org/snapshot/panlex-20191001-csv/5949#85318462>				<https://panlex.org/snapshot/panlex-20191001-csv/5949#85318503>		"Pluton"@tl	
"Republika Francuska"@sh	<https://panlex.org/snapshot/panlex-20191001-csv/5949#85323578>				<https://panlex.org/snapshot/panlex-20191001-csv/5949#85323680>		"Pransiya"@tl	
"Tbilisi"@sh	<https://panlex.org/snapshot/panlex-20191001-csv/5949#85321810>				<https://panlex.org/snapshot/panlex-20191001-csv/5949#85321876>		"Tbilisi"@tl	
"Biblija"@sh	<https://panlex.org/snapshot/panlex-20191001-csv/5949#85302688>				<https://panlex.org/snapshot/panlex-20191001-csv/5949#85302801>		"Bibliya"@tl	
"Francuska"@sh	<https://panlex.org/snapshot/panlex-20191001-csv/5949#85323579>				<https://panlex.org/snapshot/panlex-20191001-csv/5949#85323680>		"Pransiya"@tl	
"Letonija"@sh	<https://panlex.org/snapshot/panlex-20191001-csv/5949#85314287>				<https://panlex.org/snapshot/panlex-20191001-csv/5949#85314388>		"Latbiya"@tl	
"Anapa"@sh	<https://panlex.org/snapshot/panlex-20191001-csv/5949#85299436>				<https://panlex.org/snapshot/panlex-20191001-csv/5949#85299458>		"Anapa"@tl	
"Gabon"@sh	<https://panlex.org/snapshot/panlex-20191001-csv/5949#85305669>				<https://panlex.org/snapshot/panlex-20191001-csv/5949#85305726>		"Gabon"@tl	
"Zürich"@sh	<https://panlex.org/snapshot/panlex-20191001-csv/5949#85324460>				<https://panlex.org/snapshot/panlex-20191001-csv/5949#85324516>		"Zürich"@tl	
"Jeruzalem"@sh	<https://panlex.org/snapshot/panlex-20191001-csv/5949#85309934>				<https://panlex.org/snapshot/panlex-20191001-csv/5949#85310034>		"Jerusalem"@tl	
"tornado"@sh	<https://panlex.org/snapshot/panlex-20191001-csv/5942#83285905>				<https://panlex.org/snapshot/panlex-20191001-csv/5942#83285960>		"buhawi"@tl	
"penis"@sh	<https://panlex.org/snapshot/panlex-20191001-csv/5942#83284424>				<https://panlex.org/snapshot/panlex-20191001-csv/5942#83284512>		"ari"@tl	
"penis"@sh	<https://panlex.org/snapshot/panlex-20191001-csv/5942#83284424>				<https://panlex.org/snapshot/panlex-20191001-csv/5942#83284509>		"burat"@tl	
"penis"@sh	<https://panlex.org/snapshot/panlex-20191001-csv/5942#83284424>				<https://panlex.org/snapshot/panlex-20191001-csv/5942#83284510>		"tarugo"@tl	
"penis"@sh	<https://panlex.org/snapshot/panlex-20191001-csv/5942#83284424>				<https://panlex.org/snapshot/panlex-20191001-csv/5942#83284508>		"tite"@tl	
"penis"@sh	<https://panlex.org/snapshot/panlex-20191001-csv/5942#83284424>				<https://panlex.org/snapshot/panlex-20191001-csv/5942#83284511>		"alaga"@tl	
"pH vrednost"@sh	<https://panlex.org/snapshot/panlex-20191001-csv/5942#83283967>				<https://panlex.org/snapshot/panlex-20191001-csv/5942#83284024>		"pH"@tl	
"knjiga"@sh	<https://panlex.org/snapshot/panlex-20191001-csv/5942#83282728>				<https://panlex.org/snapshot/panlex-20191001-csv/5942#83282786>		"libro"@tl	
"knjiga"@sh	<https://panlex.org/snapshot/panlex-20191001-csv/5942#83282728>				<https://panlex.org/snapshot/panlex-20191001-csv/5942#83282787>		"aklát"@tl	
"vodopad"@sh	<https://panlex.org/snapshot/panlex-20191001-csv/5942#83279771>				<https://panlex.org/snapshot/panlex-20191001-csv/5942#83279812>		"talon"@tl	
"majoneza"@sh	<https://panlex.org/snapshot/panlex-20191001-csv/5942#83282990>				<https://panlex.org/snapshot/panlex-20191001-csv/5942#83283019>		"mayonnaise"@tl	
"historija"@sh	<https://panlex.org/snapshot/panlex-20191001-csv/5942#83282254>				<https://panlex.org/snapshot/panlex-20191001-csv/5942#83282334>		"kasaysayan"@tl	
"majonez"@sh	<https://panlex.org/snapshot/panlex-20191001-csv/5942#83282991>				<https://panlex.org/snapshot/panlex-20191001-csv/5942#83283019>		"mayonnaise"@tl	
"patka"@sh	<https://panlex.org/snapshot/panlex-20191001-csv/5943#83302518>				<https://panlex.org/snapshot/panlex-20191001-csv/5943#83302551>		"pato"@tl	
"dvoglavi nadlaktični mišić"@sh	<https://panlex.org/snapshot/panlex-20191001-csv/5943#83321550>				<https://panlex.org/snapshot/panlex-20191001-csv/5943#83321561>		"daga-dagaan"@tl	
"Ѝсус Ìsus"@sh	<https://panlex.org/snapshot/panlex-20191001-csv/5943#83289533>				<https://panlex.org/snapshot/panlex-20191001-csv/5943#83289603>		"Hesus"@tl	
"srpski jezik"@sh	<https://panlex.org/snapshot/panlex-20191001-csv/405#13631310>				<https://panlex.org/snapshot/panlex-20191001-csv/405#13631345>		"wikang Serbyo"@tl	
"nemački jezik"@sh	<https://panlex.org/snapshot/panlex-20191001-csv/405#13624626>				<https://panlex.org/snapshot/panlex-20191001-csv/405#13624695>		"wikang Aleman"@tl	
"portugalski jezik"@sh	<https://panlex.org/snapshot/panlex-20191001-csv/405#13630236>				<https://panlex.org/snapshot/panlex-20191001-csv/405#13630285>		"wikang Portuges"@tl	
"arapski jezik"@sh	<https://panlex.org/snapshot/panlex-20191001-csv/405#13625242>				<https://panlex.org/snapshot/panlex-20191001-csv/405#13625289>		"wikang Ebreo"@tl	
"arapski jezik"@sh	<https://panlex.org/snapshot/panlex-20191001-csv/405#13620816>				<https://panlex.org/snapshot/panlex-20191001-csv/405#13620817>		"wikang Griyego"@tl	
"arapski jezik"@sh	<https://panlex.org/snapshot/panlex-20191001-csv/405#13620816>				<https://panlex.org/snapshot/panlex-20191001-csv/405#13620877>		"wikang Arabe"@tl	
"francuski jezik"@sh	<https://panlex.org/snapshot/panlex-20191001-csv/405#13624257>				<https://panlex.org/snapshot/panlex-20191001-csv/405#13624330>		"wikang Pranses"@tl	
"Hindi"@sh	<https://panlex.org/snapshot/panlex-20191001-csv/405#13625410>				<https://panlex.org/snapshot/panlex-20191001-csv/405#13625461>		"wikang Hindī"@tl	
"holandski jezik"@sh	<https://panlex.org/snapshot/panlex-20191001-csv/405#13623403>				<https://panlex.org/snapshot/panlex-20191001-csv/405#13623454>		"wikang Olandes"@tl	
"engleski jezik"@sh	<https://panlex.org/snapshot/panlex-20191001-csv/405#13623603>				<https://panlex.org/snapshot/panlex-20191001-csv/405#13623684>		"wikang Ingles"@tl	
"bugarski jezik"@sh	<https://panlex.org/snapshot/panlex-20191001-csv/405#13622151>				<https://panlex.org/snapshot/panlex-20191001-csv/405#13622189>		"wikang Bulgaro"@tl	
"Ilocano"@sh	<https://panlex.org/snapshot/panlex-20191001-csv/405#13625781>				<https://panlex.org/snapshot/panlex-20191001-csv/405#13625793>		"wikang Iloko"@tl	
"Španski jezik"@sh	<https://panlex.org/snapshot/panlex-20191001-csv/405#13632067>				<https://panlex.org/snapshot/panlex-20191001-csv/405#13632133>		"wikang Kastila"@tl	
"japanski jezik"@sh	<https://panlex.org/snapshot/panlex-20191001-csv/405#13626385>				<https://panlex.org/snapshot/panlex-20191001-csv/405#13626435>		"wikang Hapones"@tl	
"japanski jezik"@sh	<https://panlex.org/snapshot/panlex-20191001-csv/405#13634001>				<https://panlex.org/snapshot/panlex-20191001-csv/405#13634032>		"wikang Yidish"@tl	
"malteški jezik"@sh	<https://panlex.org/snapshot/panlex-20191001-csv/405#13628232>				<https://panlex.org/snapshot/panlex-20191001-csv/405#13628266>		"wikang Maltes"@tl	
"italijanski jezik"@sh	<https://panlex.org/snapshot/panlex-20191001-csv/405#13626286>				<https://panlex.org/snapshot/panlex-20191001-csv/405#13626339>		"wikang Italyano"@tl	
"latinski jezik"@sh	<https://panlex.org/snapshot/panlex-20191001-csv/405#13627479>				<https://panlex.org/snapshot/panlex-20191001-csv/405#13627535>		"wikang Latin"@tl	
"grčki jezik"@sh	<https://panlex.org/snapshot/panlex-20191001-csv/405#13624909>				<https://panlex.org/snapshot/panlex-20191001-csv/405#13624954>		"wikang Griyego"@tl	
"Sanskrt"@sh	<https://panlex.org/snapshot/panlex-20191001-csv/405#13630999>				<https://panlex.org/snapshot/panlex-20191001-csv/405#13631045>		"wikang Sanskrit"@tl	
"hebrejski jezik"@sh	<https://panlex.org/snapshot/panlex-20191001-csv/405#13625244>				<https://panlex.org/snapshot/panlex-20191001-csv/405#13625289>		"wikang Ebreo"@tl	
"irski jezik"@sh	<https://panlex.org/snapshot/panlex-20191001-csv/405#13626186>				<https://panlex.org/snapshot/panlex-20191001-csv/405#13626224>		"wikang Irlandes"@tl	
"katalonski jezik"@sh	<https://panlex.org/snapshot/panlex-20191001-csv/405#13622344>				<https://panlex.org/snapshot/panlex-20191001-csv/405#13622390>		"wikang Katalan"@tl	
"ruski jezik"@sh	<https://panlex.org/snapshot/panlex-20191001-csv/405#13630723>				<https://panlex.org/snapshot/panlex-20191001-csv/405#13630782>		"wikang Ruso"@tl	
"bosanski jezik"@sh	<https://panlex.org/snapshot/panlex-20191001-csv/405#13621977>				<https://panlex.org/snapshot/panlex-20191001-csv/405#13622005>		"wikang Bosnian"@tl	
"Azija"@sh	<https://panlex.org/snapshot/panlex-20191001-csv/9#502675>				<https://panlex.org/snapshot/panlex-20191001-csv/9#502734>		"Asya"@tl	
"Južna Koreja"@sh	<https://panlex.org/snapshot/panlex-20191001-csv/9#544400>				<https://panlex.org/snapshot/panlex-20191001-csv/9#544436>		"Timog Korea"@tl	
"Litva"@sh	<https://panlex.org/snapshot/panlex-20191001-csv/9#539784>				<https://panlex.org/snapshot/panlex-20191001-csv/9#539842>		"Lithuania"@tl	
"Hrvatska"@sh	<https://panlex.org/snapshot/panlex-20191001-csv/9#526581>				<https://panlex.org/snapshot/panlex-20191001-csv/9#526614>		"Croatia"@tl	
"Ujedinjeni narodi"@sh	<https://panlex.org/snapshot/panlex-20191001-csv/9#555025>				<https://panlex.org/snapshot/panlex-20191001-csv/9#555065>		"Mga Nagkakaisang Bansa"@tl	
"он"@sh	<https://panlex.org/snapshot/panlex-20191001-csv/9#473850>				<https://panlex.org/snapshot/panlex-20191001-csv/9#473908>		"siya"@tl	
"Mađarska"@sh	<https://panlex.org/snapshot/panlex-20191001-csv/12#897863>				<https://panlex.org/snapshot/panlex-20191001-csv/12#897908>		"Hungary"@tl	
"Mađarska"@sh	<https://panlex.org/snapshot/panlex-20191001-csv/12#897783>				<https://panlex.org/snapshot/panlex-20191001-csv/12#897827>		"Hungary"@tl	
"Rusija"@sh	<https://panlex.org/snapshot/panlex-20191001-csv/12#871330>				<https://panlex.org/snapshot/panlex-20191001-csv/12#871380>		"Russia"@tl	
"Hong Kong"@sh	<https://panlex.org/snapshot/panlex-20191001-csv/12#922426>				<https://panlex.org/snapshot/panlex-20191001-csv/12#922462>		"Hong Kong"@tl	
"Hong Kong"@sh	<https://panlex.org/snapshot/panlex-20191001-csv/12#922489>				<https://panlex.org/snapshot/panlex-20191001-csv/12#922525>		"Hong Kong"@tl	
"Hrvatska"@sh	<https://panlex.org/snapshot/panlex-20191001-csv/12#908300>				<https://panlex.org/snapshot/panlex-20191001-csv/12#908359>		"Croatia"@tl	
"Kiribati"@sh	<https://panlex.org/snapshot/panlex-20191001-csv/12#943622>				<https://panlex.org/snapshot/panlex-20191001-csv/12#943657>		"Kiribati"@tl	
"Evropska unija"@sh	<https://panlex.org/snapshot/panlex-20191001-csv/12#905226>				<https://panlex.org/snapshot/panlex-20191001-csv/12#905267>		"Kaisahang Europeo"@tl	
"Afrika"@sh	<https://panlex.org/snapshot/panlex-20191001-csv/12#870240>				<https://panlex.org/snapshot/panlex-20191001-csv/12#870284>		"Aprika"@tl	
"Burma"@sh	<https://panlex.org/snapshot/panlex-20191001-csv/12#938350>				<https://panlex.org/snapshot/panlex-20191001-csv/12#938382>		"Burma"@tl	
"Namibija"@sh	<https://panlex.org/snapshot/panlex-20191001-csv/12#853069>				<https://panlex.org/snapshot/panlex-20191001-csv/12#853110>		"Namibia"@tl	
"Rumunija"@sh	<https://panlex.org/snapshot/panlex-20191001-csv/12#896636>				<https://panlex.org/snapshot/panlex-20191001-csv/12#896681>		"Romania"@tl	
"Demokratska Republika Kongo"@sh	<https://panlex.org/snapshot/panlex-20191001-csv/12#912775>				<https://panlex.org/snapshot/panlex-20191001-csv/12#912813>		"Demokratikong Republika ng Congo"@tl	
"Luksemburg"@sh	<https://panlex.org/snapshot/panlex-20191001-csv/12#917932>				<https://panlex.org/snapshot/panlex-20191001-csv/12#917976>		"Luxembourg"@tl	
"Fidži"@sh	<https://panlex.org/snapshot/panlex-20191001-csv/12#918354>				<https://panlex.org/snapshot/panlex-20191001-csv/12#918391>		"Fiji"@tl	
"Istočni Timor"@sh	<https://panlex.org/snapshot/panlex-20191001-csv/12#926032>				<https://panlex.org/snapshot/panlex-20191001-csv/12#926073>		"Silangang Timor"@tl	
"Tajland"@sh	<https://panlex.org/snapshot/panlex-20191001-csv/12#852227>				<https://panlex.org/snapshot/panlex-20191001-csv/12#852266>		"Thailand"@tl	
"Filipini"@sh	<https://panlex.org/snapshot/panlex-20191001-csv/12#852098>				<https://panlex.org/snapshot/panlex-20191001-csv/12#852136>		"Pilipinas"@tl	
"Laos"@sh	<https://panlex.org/snapshot/panlex-20191001-csv/12#943373>				<https://panlex.org/snapshot/panlex-20191001-csv/12#943414>		"Laos"@tl	
"Džibuti"@sh	<https://panlex.org/snapshot/panlex-20191001-csv/12#940892>				<https://panlex.org/snapshot/panlex-20191001-csv/12#940932>		"Djibouti"@tl	
"Slovačka"@sh	<https://panlex.org/snapshot/panlex-20191001-csv/12#904836>				<https://panlex.org/snapshot/panlex-20191001-csv/12#904871>		"Slovakia"@tl	
"Mali"@sh	<https://panlex.org/snapshot/panlex-20191001-csv/12#853191>				<https://panlex.org/snapshot/panlex-20191001-csv/12#853222>		"Mali"@tl	
"Finska"@sh	<https://panlex.org/snapshot/panlex-20191001-csv/12#852808>				<https://panlex.org/snapshot/panlex-20191001-csv/12#852852>		"Finland"@tl	
"Italija"@sh	<https://panlex.org/snapshot/panlex-20191001-csv/12#853563>				<https://panlex.org/snapshot/panlex-20191001-csv/12#853608>		"Italya"@tl	
"Mauritanija"@sh	<https://panlex.org/snapshot/panlex-20191001-csv/12#909423>				<https://panlex.org/snapshot/panlex-20191001-csv/12#909456>		"Mauritania"@tl	
"Malezija"@sh	<https://panlex.org/snapshot/panlex-20191001-csv/12#896085>				<https://panlex.org/snapshot/panlex-20191001-csv/12#896122>		"Malaysia"@tl	
"Egipat"@sh	<https://panlex.org/snapshot/panlex-20191001-csv/12#852525>				<https://panlex.org/snapshot/panlex-20191001-csv/12#852572>		"Egypt"@tl	
"Samoa"@sh	<https://panlex.org/snapshot/panlex-20191001-csv/12#912904>				<https://panlex.org/snapshot/panlex-20191001-csv/12#912936>		"Samoa"@tl	
"Eritreja"@sh	<https://panlex.org/snapshot/panlex-20191001-csv/12#927086>				<https://panlex.org/snapshot/panlex-20191001-csv/12#927129>		"Eritrea"@tl	
"Eritreja"@sh	<https://panlex.org/snapshot/panlex-20191001-csv/12#927006>				<https://panlex.org/snapshot/panlex-20191001-csv/12#927050>		"Eritrea"@tl	
"Eritreja"@sh	<https://panlex.org/snapshot/panlex-20191001-csv/12#927660>				<https://panlex.org/snapshot/panlex-20191001-csv/12#927703>		"Eritrea"@tl	
"Eritreja"@sh	<https://panlex.org/snapshot/panlex-20191001-csv/12#928134>				<https://panlex.org/snapshot/panlex-20191001-csv/12#928177>		"Eritrea"@tl	
"Eritreja"@sh	<https://panlex.org/snapshot/panlex-20191001-csv/12#927481>				<https://panlex.org/snapshot/panlex-20191001-csv/12#927524>		"Eritrea"@tl	
"Eritreja"@sh	<https://panlex.org/snapshot/panlex-20191001-csv/12#927401>				<https://panlex.org/snapshot/panlex-20191001-csv/12#927445>		"Eritrea"@tl	
"Eritreja"@sh	<https://panlex.org/snapshot/panlex-20191001-csv/12#927738>				<https://panlex.org/snapshot/panlex-20191001-csv/12#927782>		"Eritrea"@tl	
"Eritreja"@sh	<https://panlex.org/snapshot/panlex-20191001-csv/12#928371>				<https://panlex.org/snapshot/panlex-20191001-csv/12#928415>		"Eritrea"@tl	
"Eritreja"@sh	<https://panlex.org/snapshot/panlex-20191001-csv/12#928608>				<https://panlex.org/snapshot/panlex-20191001-csv/12#928651>		"Eritrea"@tl	
"Eritreja"@sh	<https://panlex.org/snapshot/panlex-20191001-csv/12#928292>				<https://panlex.org/snapshot/panlex-20191001-csv/12#928335>		"Eritrea"@tl	
"Eritreja"@sh	<https://panlex.org/snapshot/panlex-20191001-csv/12#926849>				<https://panlex.org/snapshot/panlex-20191001-csv/12#926893>		"Eritrea"@tl	
"Eritreja"@sh	<https://panlex.org/snapshot/panlex-20191001-csv/12#928766>				<https://panlex.org/snapshot/panlex-20191001-csv/12#928808>		"Eritrea"@tl	
"Eritreja"@sh	<https://panlex.org/snapshot/panlex-20191001-csv/12#927897>				<https://panlex.org/snapshot/panlex-20191001-csv/12#927940>		"Eritrea"@tl	
"Eritreja"@sh	<https://panlex.org/snapshot/panlex-20191001-csv/12#928450>				<https://panlex.org/snapshot/panlex-20191001-csv/12#928493>		"Eritrea"@tl	
"Eritreja"@sh	<https://panlex.org/snapshot/panlex-20191001-csv/12#926535>				<https://panlex.org/snapshot/panlex-20191001-csv/12#926579>		"Eritrea"@tl	
"Eritreja"@sh	<https://panlex.org/snapshot/panlex-20191001-csv/12#928213>				<https://panlex.org/snapshot/panlex-20191001-csv/12#928256>		"Eritrea"@tl	
"Eritreja"@sh	<https://panlex.org/snapshot/panlex-20191001-csv/12#927322>				<https://panlex.org/snapshot/panlex-20191001-csv/12#927366>		"Eritrea"@tl	
"Eritreja"@sh	<https://panlex.org/snapshot/panlex-20191001-csv/12#927164>				<https://panlex.org/snapshot/panlex-20191001-csv/12#927208>		"Eritrea"@tl	
"Eritreja"@sh	<https://panlex.org/snapshot/panlex-20191001-csv/12#926413>				<https://panlex.org/snapshot/panlex-20191001-csv/12#926456>		"Eritrea"@tl	
"Eritreja"@sh	<https://panlex.org/snapshot/panlex-20191001-csv/12#927559>				<https://panlex.org/snapshot/panlex-20191001-csv/12#927603>		"Eritrea"@tl	
"Eritreja"@sh	<https://panlex.org/snapshot/panlex-20191001-csv/12#928529>				<https://panlex.org/snapshot/panlex-20191001-csv/12#928572>		"Eritrea"@tl	
"Eritreja"@sh	<https://panlex.org/snapshot/panlex-20191001-csv/12#928923>				<https://panlex.org/snapshot/panlex-20191001-csv/12#928967>		"Eritrea"@tl	
"Eritreja"@sh	<https://panlex.org/snapshot/panlex-20191001-csv/12#926693>				<https://panlex.org/snapshot/panlex-20191001-csv/12#926737>		"Eritrea"@tl	
"Eritreja"@sh	<https://panlex.org/snapshot/panlex-20191001-csv/12#929080>				<https://panlex.org/snapshot/panlex-20191001-csv/12#929124>		"Eritrea"@tl	
"Eritreja"@sh	<https://panlex.org/snapshot/panlex-20191001-csv/12#928687>				<https://panlex.org/snapshot/panlex-20191001-csv/12#928730>		"Eritrea"@tl	
"Eritreja"@sh	<https://panlex.org/snapshot/panlex-20191001-csv/12#927976>				<https://panlex.org/snapshot/panlex-20191001-csv/12#928019>		"Eritrea"@tl	
"Eritreja"@sh	<https://panlex.org/snapshot/panlex-20191001-csv/12#926927>				<https://panlex.org/snapshot/panlex-20191001-csv/12#926971>		"Eritrea"@tl	
"Eritreja"@sh	<https://panlex.org/snapshot/panlex-20191001-csv/12#928844>				<https://panlex.org/snapshot/panlex-20191001-csv/12#928887>		"Eritrea"@tl	
"Eritreja"@sh	<https://panlex.org/snapshot/panlex-20191001-csv/12#927244>				<https://panlex.org/snapshot/panlex-20191001-csv/12#927287>		"Eritrea"@tl	
"Eritreja"@sh	<https://panlex.org/snapshot/panlex-20191001-csv/12#927818>				<https://panlex.org/snapshot/panlex-20191001-csv/12#927861>		"Eritrea"@tl	
"Eritreja"@sh	<https://panlex.org/snapshot/panlex-20191001-csv/12#928055>				<https://panlex.org/snapshot/panlex-20191001-csv/12#928098>		"Eritrea"@tl	
"Eritreja"@sh	<https://panlex.org/snapshot/panlex-20191001-csv/12#929002>				<https://panlex.org/snapshot/panlex-20191001-csv/12#929046>		"Eritrea"@tl	
"Eritreja"@sh	<https://panlex.org/snapshot/panlex-20191001-csv/12#926614>				<https://panlex.org/snapshot/panlex-20191001-csv/12#926658>		"Eritrea"@tl	
"Ruanda"@sh	<https://panlex.org/snapshot/panlex-20191001-csv/12#852984>				<https://panlex.org/snapshot/panlex-20191001-csv/12#853019>		"Rwanda"@tl	
"Moldavija"@sh	<https://panlex.org/snapshot/panlex-20191001-csv/12#913316>				<https://panlex.org/snapshot/panlex-20191001-csv/12#913359>		"Moldova"@tl	
"Slovenija"@sh	<https://panlex.org/snapshot/panlex-20191001-csv/12#904773>				<https://panlex.org/snapshot/panlex-20191001-csv/12#904806>		"Slovenia"@tl	
"Albanija"@sh	<https://panlex.org/snapshot/panlex-20191001-csv/12#919883>				<https://panlex.org/snapshot/panlex-20191001-csv/12#919940>		"Albanya"@tl	
"Tihi ocean"@sh	<https://panlex.org/snapshot/panlex-20191001-csv/12#913908>				<https://panlex.org/snapshot/panlex-20191001-csv/12#913941>		"Karagatang Pasipiko"@tl	
"Austrija"@sh	<https://panlex.org/snapshot/panlex-20191001-csv/12#925578>				<https://panlex.org/snapshot/panlex-20191001-csv/12#925638>		"Austria"@tl	
"Austrija"@sh	<https://panlex.org/snapshot/panlex-20191001-csv/12#925463>				<https://panlex.org/snapshot/panlex-20191001-csv/12#925523>		"Austria"@tl	
"Austrija"@sh	<https://panlex.org/snapshot/panlex-20191001-csv/12#925348>				<https://panlex.org/snapshot/panlex-20191001-csv/12#925408>		"Austria"@tl	
"Mianmar"@sh	<https://panlex.org/snapshot/panlex-20191001-csv/12#938410>				<https://panlex.org/snapshot/panlex-20191001-csv/12#938455>		"Myanmar"@tl	
"Belgija"@sh	<https://panlex.org/snapshot/panlex-20191001-csv/12#852698>				<https://panlex.org/snapshot/panlex-20191001-csv/12#852761>		"Belhika"@tl	
"Fidži"@sh	<https://panlex.org/snapshot/panlex-20191001-csv/10#758084>				<https://panlex.org/snapshot/panlex-20191001-csv/10#758119>		"Fiji"@tl	
"Južna Afrika"@sh	<https://panlex.org/snapshot/panlex-20191001-csv/10#758692>				<https://panlex.org/snapshot/panlex-20191001-csv/10#758730>		"Timog Aprika"@tl	
"Čad"@sh	<https://panlex.org/snapshot/panlex-20191001-csv/10#751919>				<https://panlex.org/snapshot/panlex-20191001-csv/10#751954>		"Chad"@tl	
"Benin"@sh	<https://panlex.org/snapshot/panlex-20191001-csv/10#755904>				<https://panlex.org/snapshot/panlex-20191001-csv/10#755936>		"Benin"@tl	
"Zapadna obala"@sh	<https://panlex.org/snapshot/panlex-20191001-csv/10#758141>				<https://panlex.org/snapshot/panlex-20191001-csv/10#758157>		"Kanlurang Pampang"@tl	
"Merkur"@sh	<https://panlex.org/snapshot/panlex-20191001-csv/10#584385>				<https://panlex.org/snapshot/panlex-20191001-csv/10#584429>		"Merkuryo"@tl	
"Kiribati"@sh	<https://panlex.org/snapshot/panlex-20191001-csv/10#769210>				<https://panlex.org/snapshot/panlex-20191001-csv/10#769243>		"Kiribati"@tl	
"Singapore"@sh	<https://panlex.org/snapshot/panlex-20191001-csv/10#757729>				<https://panlex.org/snapshot/panlex-20191001-csv/10#757766>		"Singapore"@tl	
"Sudan"@sh	<https://panlex.org/snapshot/panlex-20191001-csv/10#755743>				<https://panlex.org/snapshot/panlex-20191001-csv/10#755772>		"Sudan"@tl	
"Nigerija"@sh	<https://panlex.org/snapshot/panlex-20191001-csv/10#621321>				<https://panlex.org/snapshot/panlex-20191001-csv/10#621359>		"Nigeria"@tl	
"Srbija i Crna Gora"@sh	<https://panlex.org/snapshot/panlex-20191001-csv/10#760537>				<https://panlex.org/snapshot/panlex-20191001-csv/10#760569>		"Serbia at Montenegro"@tl	
"Libija"@sh	<https://panlex.org/snapshot/panlex-20191001-csv/10#755678>				<https://panlex.org/snapshot/panlex-20191001-csv/10#755710>		"Libya"@tl	
"Izrael"@sh	<https://panlex.org/snapshot/panlex-20191001-csv/10#756237>				<https://panlex.org/snapshot/panlex-20191001-csv/10#756280>		"Israel"@tl	
"Ujedinjeno Kraljevstvo"@sh	<https://panlex.org/snapshot/panlex-20191001-csv/10#565921>				<https://panlex.org/snapshot/panlex-20191001-csv/10#565957>		"Nagkakaisang Kaharian"@tl	
"Ekvatorska Gvineja"@sh	<https://panlex.org/snapshot/panlex-20191001-csv/10#767720>				<https://panlex.org/snapshot/panlex-20191001-csv/10#767754>		"Equatorial Guinea"@tl	
"Zemlja"@sh	<https://panlex.org/snapshot/panlex-20191001-csv/10#581000>				<https://panlex.org/snapshot/panlex-20191001-csv/10#581058>		"Daigdig"@tl	
"Kuvajt"@sh	<https://panlex.org/snapshot/panlex-20191001-csv/10#762851>				<https://panlex.org/snapshot/panlex-20191001-csv/10#762887>		"Kuwait"@tl	
"Irak"@sh	<https://panlex.org/snapshot/panlex-20191001-csv/10#760394>				<https://panlex.org/snapshot/panlex-20191001-csv/10#760440>		"Iraq"@tl	
"Meksiko"@sh	<https://panlex.org/snapshot/panlex-20191001-csv/10#581544>				<https://panlex.org/snapshot/panlex-20191001-csv/10#581585>		"Mehiko"@tl	
"Burkina Faso"@sh	<https://panlex.org/snapshot/panlex-20191001-csv/10#761080>				<https://panlex.org/snapshot/panlex-20191001-csv/10#761124>		"Burkina Faso"@tl	
"Vatikanski Grad"@sh	<https://panlex.org/snapshot/panlex-20191001-csv/10#768888>				<https://panlex.org/snapshot/panlex-20191001-csv/10#768913>		"Lungsod ng Vatican"@tl	
"Sveta Lucija"@sh	<https://panlex.org/snapshot/panlex-20191001-csv/10#768580>				<https://panlex.org/snapshot/panlex-20191001-csv/10#768608>		"Saint Lucia"@tl	
"Maldivi"@sh	<https://panlex.org/snapshot/panlex-20191001-csv/10#763776>				<https://panlex.org/snapshot/panlex-20191001-csv/10#763813>		"Maldives"@tl	
"Etiopija"@sh	<https://panlex.org/snapshot/panlex-20191001-csv/10#755343>				<https://panlex.org/snapshot/panlex-20191001-csv/10#755378>		"Ethiopia"@tl	
"Sejšeli"@sh	<https://panlex.org/snapshot/panlex-20191001-csv/10#764941>				<https://panlex.org/snapshot/panlex-20191001-csv/10#764972>		"Seychelles"@tl	
"Bjelorusija"@sh	<https://panlex.org/snapshot/panlex-20191001-csv/10#752675>				<https://panlex.org/snapshot/panlex-20191001-csv/10#752737>		"Belarus"@tl	
"Salvador"@sh	<https://panlex.org/snapshot/panlex-20191001-csv/10#766864>				<https://panlex.org/snapshot/panlex-20191001-csv/10#766901>		"El Salvador"@tl	
"Gana"@sh	<https://panlex.org/snapshot/panlex-20191001-csv/10#762763>				<https://panlex.org/snapshot/panlex-20191001-csv/10#762801>		"Ghana"@tl	
"Bosna i Hercegovina"@sh	<https://panlex.org/snapshot/panlex-20191001-csv/10#760013>				<https://panlex.org/snapshot/panlex-20191001-csv/10#760073>		"Bosnia at Herzegovina"@tl	
"Arktički ocean"@sh	<https://panlex.org/snapshot/panlex-20191001-csv/10#773928>				<https://panlex.org/snapshot/panlex-20191001-csv/10#773962>		"Karagatang Artiko"@tl	
"Egipat"@sh	<https://panlex.org/snapshot/panlex-20191001-csv/10#581633>				<https://panlex.org/snapshot/panlex-20191001-csv/10#581679>		"Egypt"@tl	
"Pitagora"@sh	<https://panlex.org/snapshot/panlex-20191001-csv/10#778370>				<https://panlex.org/snapshot/panlex-20191001-csv/10#778406>		"Pythagoras"@tl	
"Ekvador"@sh	<https://panlex.org/snapshot/panlex-20191001-csv/10#621649>				<https://panlex.org/snapshot/panlex-20191001-csv/10#621696>		"Ecuador"@tl	
"Hong Kong"@sh	<https://panlex.org/snapshot/panlex-20191001-csv/10#772296>				<https://panlex.org/snapshot/panlex-20191001-csv/10#772330>		"Hong Kong"@tl	
"Antigva i Barbuda"@sh	<https://panlex.org/snapshot/panlex-20191001-csv/10#757673>				<https://panlex.org/snapshot/panlex-20191001-csv/10#757705>		"Antigua at Barbuda"@tl	
"Sveti Toma i Princip"@sh	<https://panlex.org/snapshot/panlex-20191001-csv/10#769382>				<https://panlex.org/snapshot/panlex-20191001-csv/10#769415>		"São Tomé at Príncipe"@tl	
"Tajland"@sh	<https://panlex.org/snapshot/panlex-20191001-csv/10#757888>				<https://panlex.org/snapshot/panlex-20191001-csv/10#757926>		"Thailand"@tl	
"Tunis"@sh	<https://panlex.org/snapshot/panlex-20191001-csv/10#755562>				<https://panlex.org/snapshot/panlex-20191001-csv/10#755594>		"Tunisia"@tl	
"Burma"@sh	<https://panlex.org/snapshot/panlex-20191001-csv/10#769917>				<https://panlex.org/snapshot/panlex-20191001-csv/10#769947>		"Burma"@tl	
"Litva"@sh	<https://panlex.org/snapshot/panlex-20191001-csv/10#675278>				<https://panlex.org/snapshot/panlex-20191001-csv/10#675336>		"Lithuania"@tl	
"Belize"@sh	<https://panlex.org/snapshot/panlex-20191001-csv/10#766725>				<https://panlex.org/snapshot/panlex-20191001-csv/10#766761>		"Belize"@tl	
"Gvineja Bisau"@sh	<https://panlex.org/snapshot/panlex-20191001-csv/10#767644>				<https://panlex.org/snapshot/panlex-20191001-csv/10#767679>		"Guinea-Bissau"@tl	
"Libija"@sh	<https://panlex.org/snapshot/panlex-20191001-csv/15#967156>				<https://panlex.org/snapshot/panlex-20191001-csv/15#967191>		"Libya"@tl	
"Iran"@sh	<https://panlex.org/snapshot/panlex-20191001-csv/15#966728>				<https://panlex.org/snapshot/panlex-20191001-csv/15#966759>		"Iran"@tl	
