"tuku"@rw	<https://panlex.org/snapshot/panlex-20191001-csv/10#563760>				<https://panlex.org/snapshot/panlex-20191001-csv/10#563737>		"ʔənəcə́qw"@clm	
"ku wa gatandatu"@rw	<https://panlex.org/snapshot/panlex-20191001-csv/2892#110826530>				<https://panlex.org/snapshot/panlex-20191001-csv/2892#110826494>		"sq̕əm̕áyu"@clm	
"ku wa gatandatu"@rw	<https://panlex.org/snapshot/panlex-20191001-csv/2892#110826530>				<https://panlex.org/snapshot/panlex-20191001-csv/2892#110826549>		"q̕əm̕ʔə́təŋ"@clm	
"ku wa kane"@rw	<https://panlex.org/snapshot/panlex-20191001-csv/2892#110825432>				<https://panlex.org/snapshot/panlex-20191001-csv/2892#110825651>		"sŋəsɬnát"@clm	
"ku wa kabiri"@rw	<https://panlex.org/snapshot/panlex-20191001-csv/2892#110824470>				<https://panlex.org/snapshot/panlex-20191001-csv/2892#110824622>		"scəŋənát"@clm	
"ku wa gatatu"@rw	<https://panlex.org/snapshot/panlex-20191001-csv/2892#110824849>				<https://panlex.org/snapshot/panlex-20191001-csv/2892#110825115>		"sɬxʷɬnát"@clm	
"ku wa mbere"@rw	<https://panlex.org/snapshot/panlex-20191001-csv/2892#110824091>				<https://panlex.org/snapshot/panlex-20191001-csv/2892#110824253>		"sčiʔikʷɬnát"@clm	
"ku wa gatanu"@rw	<https://panlex.org/snapshot/panlex-20191001-csv/2892#110825697>				<https://panlex.org/snapshot/panlex-20191001-csv/2892#110826013>		"sɬq̕čšɬnát"@clm	
"ku cyumweru"@rw	<https://panlex.org/snapshot/panlex-20191001-csv/2892#110827006>				<https://panlex.org/snapshot/panlex-20191001-csv/2892#110827007>		"nəmá skʷáči"@clm	
"Nzeli"@rw	<https://panlex.org/snapshot/panlex-20191001-csv/2897#110830554>				<https://panlex.org/snapshot/panlex-20191001-csv/2897#110830369>		"čən̕hə́nən"@clm	
"Kamena"@rw	<https://panlex.org/snapshot/panlex-20191001-csv/2897#110829099>				<https://panlex.org/snapshot/panlex-20191001-csv/2897#110829071>		"čən̕kʷítšən"@clm	
"Mutarama"@rw	<https://panlex.org/snapshot/panlex-20191001-csv/2897#110827129>				<https://panlex.org/snapshot/panlex-20191001-csv/2897#110827382>		"x̣aʔwəsčiʔánəŋ"@clm	
"Nyakanga"@rw	<https://panlex.org/snapshot/panlex-20191001-csv/2897#110829663>				<https://panlex.org/snapshot/panlex-20191001-csv/2897#110829524>		"čən̕q̕ə́čqs"@clm	
"Ugushyingo"@rw	<https://panlex.org/snapshot/panlex-20191001-csv/2897#110831182>				<https://panlex.org/snapshot/panlex-20191001-csv/2897#110831291>		"čən̕háʔnəŋ"@clm	
"Kanama"@rw	<https://panlex.org/snapshot/panlex-20191001-csv/2897#110830050>				<https://panlex.org/snapshot/panlex-20191001-csv/2897#110830278>		"čən̕t̕áqaʔ"@clm	
"Werurwe"@rw	<https://panlex.org/snapshot/panlex-20191001-csv/2897#110828223>				<https://panlex.org/snapshot/panlex-20191001-csv/2897#110827900>		"x̣áƛ̕ ɬqáy̕əč"@clm	
"Ukuboza"@rw	<https://panlex.org/snapshot/panlex-20191001-csv/2897#110831702>				<https://panlex.org/snapshot/panlex-20191001-csv/2897#110831907>		"x̣əp̕sčiʔánəŋ"@clm	
"Gashyantare"@rw	<https://panlex.org/snapshot/panlex-20191001-csv/2897#110827743>				<https://panlex.org/snapshot/panlex-20191001-csv/2897#110827823>		"č̕aʔyéʔəɬ ɬqáy̕əč"@clm	
"Gicurasi"@rw	<https://panlex.org/snapshot/panlex-20191001-csv/2897#110828858>				<https://panlex.org/snapshot/panlex-20191001-csv/2897#110828873>		"čən̕lílu"@clm	
"Mata"@rw	<https://panlex.org/snapshot/panlex-20191001-csv/2897#110828290>				<https://panlex.org/snapshot/panlex-20191001-csv/2897#110828595>		"čən̕máʔəxʷ"@clm	
"Ukwakira"@rw	<https://panlex.org/snapshot/panlex-20191001-csv/2897#110830790>				<https://panlex.org/snapshot/panlex-20191001-csv/2897#110830859>		"sx̣ʷúpč"@clm	
