"dương"@vi	<https://panlex.org/snapshot/panlex-20191001-csv/5945#84344133>				<https://panlex.org/snapshot/panlex-20191001-csv/5945#84344124>		"taawa"@hop	
"mặt trời"@vi	<https://panlex.org/snapshot/panlex-20191001-csv/5945#84344132>				<https://panlex.org/snapshot/panlex-20191001-csv/5945#84344124>		"taawa"@hop	
"tuyết"@vi	<https://panlex.org/snapshot/panlex-20191001-csv/5947#84915262>				<https://panlex.org/snapshot/panlex-20191001-csv/5947#84915202>		"nuva"@hop	
"dương"@vi	<https://panlex.org/snapshot/panlex-20191001-csv/19#1027553>				<https://panlex.org/snapshot/panlex-20191001-csv/19#1027545>		"taawa"@hop	
"một"@vi	<https://panlex.org/snapshot/panlex-20191001-csv/19#1028624>				<https://panlex.org/snapshot/panlex-20191001-csv/19#1028589>		"suukya'"@hop	
"mặt trời"@vi	<https://panlex.org/snapshot/panlex-20191001-csv/19#1027554>				<https://panlex.org/snapshot/panlex-20191001-csv/19#1027545>		"taawa"@hop	
"nước"@vi	<https://panlex.org/snapshot/panlex-20191001-csv/12#851234>				<https://panlex.org/snapshot/panlex-20191001-csv/12#850950>		"kuuyi"@hop	
"hòa bình"@vi	<https://panlex.org/snapshot/panlex-20191001-csv/2902#111012044>				<https://panlex.org/snapshot/panlex-20191001-csv/2902#111012082>		"sipala"@hop	
"nước"@vi	<https://panlex.org/snapshot/panlex-20191001-csv/11#787768>				<https://panlex.org/snapshot/panlex-20191001-csv/11#787585>		"kuuyi"@hop	
