"Giáo hội Công giáo Rôma"@vi	<https://panlex.org/snapshot/panlex-20191001-csv/6717#111107615>				<https://panlex.org/snapshot/panlex-20191001-csv/6717#111107694>		"Eklezya ya bakatolike ya Roma"@ln	
"Biển Đức ⅩⅥ"@vi	<https://panlex.org/snapshot/panlex-20191001-csv/6717#111107341>				<https://panlex.org/snapshot/panlex-20191001-csv/6717#111107466>		"Pápa Benwa ⅩⅥ"@ln	
"Phanxicô"@vi	<https://panlex.org/snapshot/panlex-20191001-csv/6717#111107479>				<https://panlex.org/snapshot/panlex-20191001-csv/6717#111107527>		"Falaswa"@ln	
"Bênêđictô ⅩⅥ"@vi	<https://panlex.org/snapshot/panlex-20191001-csv/6717#111107422>				<https://panlex.org/snapshot/panlex-20191001-csv/6717#111107466>		"Pápa Benwa ⅩⅥ"@ln	
"Giáo hoàng Benedict ⅩⅥ"@vi	<https://panlex.org/snapshot/panlex-20191001-csv/6717#111107403>				<https://panlex.org/snapshot/panlex-20191001-csv/6717#111107466>		"Pápa Benwa ⅩⅥ"@ln	
"Thư thứ nhì gởi Timothy"@vi	<https://panlex.org/snapshot/panlex-20191001-csv/6726#111133046>				<https://panlex.org/snapshot/panlex-20191001-csv/6726#111132999>		"Mokanda ya mibale na Timoté"@ln	
"Thư thứ nhì của Gioan"@vi	<https://panlex.org/snapshot/panlex-20191001-csv/6726#111134240>				<https://panlex.org/snapshot/panlex-20191001-csv/6726#111134352>		"Mokanda ya mibale na Yoane"@ln	
"Thư thứ nhì gởi các tín hữu tại Côrintô"@vi	<https://panlex.org/snapshot/panlex-20191001-csv/6726#111131602>				<https://panlex.org/snapshot/panlex-20191001-csv/6726#111131689>		"Mokanda ya mibale na Bakorentien"@ln	
"Thư thứ ba của Gioan"@vi	<https://panlex.org/snapshot/panlex-20191001-csv/6726#111134441>				<https://panlex.org/snapshot/panlex-20191001-csv/6726#111134512>		"Mokanda ya misato na Yoane"@ln	
"Phúc âm Matthêu"@vi	<https://panlex.org/snapshot/panlex-20191001-csv/6726#111130472>				<https://panlex.org/snapshot/panlex-20191001-csv/6726#111130577>		"Nsango Malamu ya Matai"@ln	
"Thư thư nhất của Phêrô"@vi	<https://panlex.org/snapshot/panlex-20191001-csv/6726#111133754>				<https://panlex.org/snapshot/panlex-20191001-csv/6726#111133892>		"Mokanda ya libosa na Petelo"@ln	
"Thư gởi Philemon"@vi	<https://panlex.org/snapshot/panlex-20191001-csv/6726#111133360>				<https://panlex.org/snapshot/panlex-20191001-csv/6726#111133328>		"Mokanda na Filemon"@ln	
"Thư thứ nhì gởi các tín hữu tại Thessalonica"@vi	<https://panlex.org/snapshot/panlex-20191001-csv/6726#111132661>				<https://panlex.org/snapshot/panlex-20191001-csv/6726#111132652>		"Mokanda ya mibale na Batesaolonisien"@ln	
"Thư thứ nhất gởi các tín hữu tại Thessalonica"@vi	<https://panlex.org/snapshot/panlex-20191001-csv/6726#111132512>				<https://panlex.org/snapshot/panlex-20191001-csv/6726#111132493>		"Mokanda ya libosa na Batesaolonisien"@ln	
"Phúc âm Gioan"@vi	<https://panlex.org/snapshot/panlex-20191001-csv/6726#111131106>				<https://panlex.org/snapshot/panlex-20191001-csv/6726#111131044>		"Nsango Malamu ya Yoane"@ln	
"Thư gởi các tín hữu tại Ephêxô"@vi	<https://panlex.org/snapshot/panlex-20191001-csv/6726#111132052>				<https://panlex.org/snapshot/panlex-20191001-csv/6726#111132002>		"Mokanda na Baefezien"@ln	
"Thư của Giuđa"@vi	<https://panlex.org/snapshot/panlex-20191001-csv/6726#111134661>				<https://panlex.org/snapshot/panlex-20191001-csv/6726#111134663>		"Mokanda na Yuda"@ln	
"Phúc âm Macô"@vi	<https://panlex.org/snapshot/panlex-20191001-csv/6726#111130687>				<https://panlex.org/snapshot/panlex-20191001-csv/6726#111130666>		"Nsango Malamu ya Marko"@ln	
"Phúc âm Luca"@vi	<https://panlex.org/snapshot/panlex-20191001-csv/6726#111130816>				<https://panlex.org/snapshot/panlex-20191001-csv/6726#111130927>		"Nsango Malamu ya Luka"@ln	
"Thư gởi các tín hữu tại Philippi"@vi	<https://panlex.org/snapshot/panlex-20191001-csv/6726#111132156>				<https://panlex.org/snapshot/panlex-20191001-csv/6726#111132099>		"Mokanda na Bafilipien"@ln	
"Thư thứ nhất gởi các tín hữu tại Côrintô"@vi	<https://panlex.org/snapshot/panlex-20191001-csv/6726#111131533>				<https://panlex.org/snapshot/panlex-20191001-csv/6726#111131546>		"Mokanda ya libosa na Bakorentien"@ln	
"Thư gởi các tín hữu Do Thái"@vi	<https://panlex.org/snapshot/panlex-20191001-csv/6726#111133440>				<https://panlex.org/snapshot/panlex-20191001-csv/6726#111133551>		"Mokanda na Baebré"@ln	
"Thư của Giacôbe"@vi	<https://panlex.org/snapshot/panlex-20191001-csv/6726#111133578>				<https://panlex.org/snapshot/panlex-20191001-csv/6726#111133705>		"Mokanda na Yakobo"@ln	
"Thư gởi các tín hữu tại Côlôsê"@vi	<https://panlex.org/snapshot/panlex-20191001-csv/6726#111132355>				<https://panlex.org/snapshot/panlex-20191001-csv/6726#111132268>		"Mokanda na Bakolosien"@ln	
"Thư gởi các tín hữu tại Roma"@vi	<https://panlex.org/snapshot/panlex-20191001-csv/6726#111131304>				<https://panlex.org/snapshot/panlex-20191001-csv/6726#111131379>		"Mokanda na Baromén"@ln	
"Thư gởi Titus"@vi	<https://panlex.org/snapshot/panlex-20191001-csv/6726#111133213>				<https://panlex.org/snapshot/panlex-20191001-csv/6726#111133081>		"Mokanda na Tite"@ln	
"Thư thứ nhất của Gioan"@vi	<https://panlex.org/snapshot/panlex-20191001-csv/6726#111134113>				<https://panlex.org/snapshot/panlex-20191001-csv/6726#111134095>		"Mokanda ya libosa na Yoane"@ln	
"Thư thứ nhì của Phêrô"@vi	<https://panlex.org/snapshot/panlex-20191001-csv/6726#111134023>				<https://panlex.org/snapshot/panlex-20191001-csv/6726#111133921>		"Mokanda ya mibale na Petelo"@ln	
"Tông đồ Công vụ"@vi	<https://panlex.org/snapshot/panlex-20191001-csv/6726#111131227>				<https://panlex.org/snapshot/panlex-20191001-csv/6726#111131212>		"Misála ya Bantoma"@ln	
"Khải Huyền"@vi	<https://panlex.org/snapshot/panlex-20191001-csv/6726#111134761>				<https://panlex.org/snapshot/panlex-20191001-csv/6726#111134867>		"Koyébisa Basékélé"@ln	
"Thư thứ nhất gởi Timothy"@vi	<https://panlex.org/snapshot/panlex-20191001-csv/6726#111132794>				<https://panlex.org/snapshot/panlex-20191001-csv/6726#111132891>		"Mokanda ya libosa na Timoté"@ln	
"Tân Ước"@vi	<https://panlex.org/snapshot/panlex-20191001-csv/6726#111134892>				<https://panlex.org/snapshot/panlex-20191001-csv/6726#111135027>		"Boyokani ya Sika"@ln	
"Thư gởi các tín hữu tại Galat"@vi	<https://panlex.org/snapshot/panlex-20191001-csv/6726#111131859>				<https://panlex.org/snapshot/panlex-20191001-csv/6726#111131828>		"Mokanda na Bagalate"@ln	
"mèo"@vi	<https://panlex.org/snapshot/panlex-20191001-csv/2129#11694608>				<https://panlex.org/snapshot/panlex-20191001-csv/2129#11694558>		"nkɔ́ndɔkɔ́"@ln	
"ngôn"@vi	<https://panlex.org/snapshot/panlex-20191001-csv/2129#11694385>				<https://panlex.org/snapshot/panlex-20191001-csv/2129#11694338>		"lokótá"@ln	
"Tanzania"@vi	<https://panlex.org/snapshot/panlex-20191001-csv/6898#113627803>				<https://panlex.org/snapshot/panlex-20191001-csv/6898#113627810>		"Tanzani"@ln	
"Áo"@vi	<https://panlex.org/snapshot/panlex-20191001-csv/6898#113616262>				<https://panlex.org/snapshot/panlex-20191001-csv/6898#113616220>		"Otilisi"@ln	
"Quần đảo Canary"@vi	<https://panlex.org/snapshot/panlex-20191001-csv/6898#113602540>				<https://panlex.org/snapshot/panlex-20191001-csv/6898#113602523>		"Bisanga bya Kanári"@ln	
"Svalbard và Jan Mayen"@vi	<https://panlex.org/snapshot/panlex-20191001-csv/6898#113624243>				<https://panlex.org/snapshot/panlex-20191001-csv/6898#113624305>		"Svalbard mpé Jan Mayen"@ln	
"Các đảo xa thuộc Hoa Kỳ"@vi	<https://panlex.org/snapshot/panlex-20191001-csv/6898#113607122>				<https://panlex.org/snapshot/panlex-20191001-csv/6898#113607104>		"Bisanga Mokɛ́na Mosíká bya Lisangá lya Ameríka"@ln	
"Ethiopia"@vi	<https://panlex.org/snapshot/panlex-20191001-csv/6898#113615585>				<https://panlex.org/snapshot/panlex-20191001-csv/6898#113615611>		"Etsíopi"@ln	
"Comoros"@vi	<https://panlex.org/snapshot/panlex-20191001-csv/6898#113626947>				<https://panlex.org/snapshot/panlex-20191001-csv/6898#113627004>		"Komorɛ"@ln	
"Honduras"@vi	<https://panlex.org/snapshot/panlex-20191001-csv/6898#113597063>				<https://panlex.org/snapshot/panlex-20191001-csv/6898#113596956>		"Ondurasɛ"@ln	
"Phần Lan"@vi	<https://panlex.org/snapshot/panlex-20191001-csv/6898#113641534>				<https://panlex.org/snapshot/panlex-20191001-csv/6898#113641636>		"Filandɛ"@ln	
"Bỉ"@vi	<https://panlex.org/snapshot/panlex-20191001-csv/6898#113643562>				<https://panlex.org/snapshot/panlex-20191001-csv/6898#113643608>		"Beleziki"@ln	
"Macedonia"@vi	<https://panlex.org/snapshot/panlex-20191001-csv/6898#113613219>				<https://panlex.org/snapshot/panlex-20191001-csv/6898#113613249>		"Masedoni (RYYYK)"@ln	
"Macedonia"@vi	<https://panlex.org/snapshot/panlex-20191001-csv/6898#113613219>				<https://panlex.org/snapshot/panlex-20191001-csv/6898#113613397>		"Masedwanɛ"@ln	
"Seychelles"@vi	<https://panlex.org/snapshot/panlex-20191001-csv/6898#113601915>				<https://panlex.org/snapshot/panlex-20191001-csv/6898#113601964>		"Sɛshɛlɛ"@ln	
"Châu Mỹ La-tinh"@vi	<https://panlex.org/snapshot/panlex-20191001-csv/6898#113619972>				<https://panlex.org/snapshot/panlex-20191001-csv/6898#113619986>		"Ameríka Latína"@ln	
"Uganda"@vi	<https://panlex.org/snapshot/panlex-20191001-csv/6898#113638115>				<https://panlex.org/snapshot/panlex-20191001-csv/6898#113638030>		"Uganda"@ln	
"Indonesia"@vi	<https://panlex.org/snapshot/panlex-20191001-csv/6898#113633510>				<https://panlex.org/snapshot/panlex-20191001-csv/6898#113633466>		"Indonezi"@ln	
"Đảo Man"@vi	<https://panlex.org/snapshot/panlex-20191001-csv/6898#113584588>				<https://panlex.org/snapshot/panlex-20191001-csv/6898#113584499>		"Esanga ya Man"@ln	
"Australia"@vi	<https://panlex.org/snapshot/panlex-20191001-csv/6898#113631485>				<https://panlex.org/snapshot/panlex-20191001-csv/6898#113631614>		"Ositáli"@ln	
"Niue"@vi	<https://panlex.org/snapshot/panlex-20191001-csv/6898#113641315>				<https://panlex.org/snapshot/panlex-20191001-csv/6898#113641285>		"Nyué"@ln	
"Li-băng"@vi	<https://panlex.org/snapshot/panlex-20191001-csv/6898#113585395>				<https://panlex.org/snapshot/panlex-20191001-csv/6898#113585468>		"Libá"@ln	
"Lãnh thổ Anh tại Ấn Độ Dương"@vi	<https://panlex.org/snapshot/panlex-20191001-csv/6898#113584419>				<https://panlex.org/snapshot/panlex-20191001-csv/6898#113584257>		"Mabelé ya Angɛlɛtɛ́lɛ na mbú ya Indiya"@ln	
"Tây Sahara"@vi	<https://panlex.org/snapshot/panlex-20191001-csv/6898#113646246>				<https://panlex.org/snapshot/panlex-20191001-csv/6898#113646268>		"Sahara ya Limbɛ"@ln	
"Quần đảo Virgin thuộc Anh"@vi	<https://panlex.org/snapshot/panlex-20191001-csv/6898#113590404>				<https://panlex.org/snapshot/panlex-20191001-csv/6898#113590422>		"Bisanga bya Vierzi ya Angɛlɛtɛ́lɛ"@ln	
"Costa Rica"@vi	<https://panlex.org/snapshot/panlex-20191001-csv/6898#113598504>				<https://panlex.org/snapshot/panlex-20191001-csv/6898#113598353>		"Kositarika"@ln	
"Trung Phi"@vi	<https://panlex.org/snapshot/panlex-20191001-csv/6898#113639428>				<https://panlex.org/snapshot/panlex-20191001-csv/6898#113639409>		"Afríka ya Katikáti"@ln	
"Liên Minh Châu Âu"@vi	<https://panlex.org/snapshot/panlex-20191001-csv/6898#113617626>				<https://panlex.org/snapshot/panlex-20191001-csv/6898#113617628>		"Lisangá ya Erópa"@ln	
"Algeria"@vi	<https://panlex.org/snapshot/panlex-20191001-csv/6898#113608298>				<https://panlex.org/snapshot/panlex-20191001-csv/6898#113608201>		"Alizɛri"@ln	
"Malaysia"@vi	<https://panlex.org/snapshot/panlex-20191001-csv/6898#113584809>				<https://panlex.org/snapshot/panlex-20191001-csv/6898#113584681>		"Malezi"@ln	
"Guinea"@vi	<https://panlex.org/snapshot/panlex-20191001-csv/6898#113617718>				<https://panlex.org/snapshot/panlex-20191001-csv/6898#113617700>		"Ginɛ"@ln	
"Đảo Norfolk"@vi	<https://panlex.org/snapshot/panlex-20191001-csv/6898#113642443>				<https://panlex.org/snapshot/panlex-20191001-csv/6898#113642310>		"Esanga Norfokɛ"@ln	
"St. Helena"@vi	<https://panlex.org/snapshot/panlex-20191001-csv/6898#113622761>				<https://panlex.org/snapshot/panlex-20191001-csv/6898#113622723>		"Sántu eleni"@ln	
"Miền Nam Châu Phi"@vi	<https://panlex.org/snapshot/panlex-20191001-csv/6898#113587361>				<https://panlex.org/snapshot/panlex-20191001-csv/6898#113587354>		"Afríka ya Sidi"@ln	
"Israel"@vi	<https://panlex.org/snapshot/panlex-20191001-csv/6898#113615445>				<https://panlex.org/snapshot/panlex-20191001-csv/6898#113615295>		"Isirayelɛ"@ln	
"Gibraltar"@vi	<https://panlex.org/snapshot/panlex-20191001-csv/6898#113593028>				<https://panlex.org/snapshot/panlex-20191001-csv/6898#113593045>		"Zibatalɛ"@ln	
"Ý"@vi	<https://panlex.org/snapshot/panlex-20191001-csv/6898#113588039>				<https://panlex.org/snapshot/panlex-20191001-csv/6898#113587968>		"Itali"@ln	
"Mauritania"@vi	<https://panlex.org/snapshot/panlex-20191001-csv/6898#113636473>				<https://panlex.org/snapshot/panlex-20191001-csv/6898#113636390>		"Moritani"@ln	
"Guinea-Bissau"@vi	<https://panlex.org/snapshot/panlex-20191001-csv/6898#113616640>				<https://panlex.org/snapshot/panlex-20191001-csv/6898#113616617>		"Ginɛbisau"@ln	
"Thành Vatican"@vi	<https://panlex.org/snapshot/panlex-20191001-csv/6898#113629653>				<https://panlex.org/snapshot/panlex-20191001-csv/6898#113629655>		"Vatiká"@ln	
"Palau"@vi	<https://panlex.org/snapshot/panlex-20191001-csv/6898#113630956>				<https://panlex.org/snapshot/panlex-20191001-csv/6898#113630903>		"Palau"@ln	
"Niger"@vi	<https://panlex.org/snapshot/panlex-20191001-csv/6898#113644841>				<https://panlex.org/snapshot/panlex-20191001-csv/6898#113644818>		"Nizɛrɛ"@ln	
"Gambia"@vi	<https://panlex.org/snapshot/panlex-20191001-csv/6898#113631249>				<https://panlex.org/snapshot/panlex-20191001-csv/6898#113631417>		"Gambi"@ln	
"Bắc Phi"@vi	<https://panlex.org/snapshot/panlex-20191001-csv/6898#113612180>				<https://panlex.org/snapshot/panlex-20191001-csv/6898#113612190>		"Afríka ya Nola"@ln	
"São Tomé và Príncipe"@vi	<https://panlex.org/snapshot/panlex-20191001-csv/6898#113622907>				<https://panlex.org/snapshot/panlex-20191001-csv/6898#113622927>		"Sao Tomé mpé Presipɛ"@ln	
"Timor-Leste"@vi	<https://panlex.org/snapshot/panlex-20191001-csv/6898#113632522>				<https://panlex.org/snapshot/panlex-20191001-csv/6898#113632719>		"Timorɛ ya Moniɛlɛ"@ln	
"Timor-Leste"@vi	<https://panlex.org/snapshot/panlex-20191001-csv/6898#113632522>				<https://panlex.org/snapshot/panlex-20191001-csv/6898#113632722>		"Timor ya Monyɛlɛ"@ln	
"Uruguay"@vi	<https://panlex.org/snapshot/panlex-20191001-csv/6898#113623468>				<https://panlex.org/snapshot/panlex-20191001-csv/6898#113623347>		"Irigwei"@ln	
"Papua New Guinea"@vi	<https://panlex.org/snapshot/panlex-20191001-csv/6898#113614797>				<https://panlex.org/snapshot/panlex-20191001-csv/6898#113614816>		"Papwazi Ginɛ ya sika"@ln	
"Uzbekistan"@vi	<https://panlex.org/snapshot/panlex-20191001-csv/6898#113637213>				<https://panlex.org/snapshot/panlex-20191001-csv/6898#113637245>		"Uzibɛkisitá"@ln	
"Luxembourg"@vi	<https://panlex.org/snapshot/panlex-20191001-csv/6898#113640861>				<https://panlex.org/snapshot/panlex-20191001-csv/6898#113640920>		"Likisambulu"@ln	
"Lãnh thổ phía Nam Thuộc Pháp"@vi	<https://panlex.org/snapshot/panlex-20191001-csv/6898#113643906>				<https://panlex.org/snapshot/panlex-20191001-csv/6898#113643997>		"Terres australes et antarctiques françaises"@ln	
"Hoa Kỳ"@vi	<https://panlex.org/snapshot/panlex-20191001-csv/6898#113597868>				<https://panlex.org/snapshot/panlex-20191001-csv/6898#113597922>		"Ameriki"@ln	
"Vương quốc Anh"@vi	<https://panlex.org/snapshot/panlex-20191001-csv/6898#113592649>				<https://panlex.org/snapshot/panlex-20191001-csv/6898#113592580>		"Angɛlɛtɛ́lɛ"@ln	
"Thái Lan"@vi	<https://panlex.org/snapshot/panlex-20191001-csv/6898#113603674>				<https://panlex.org/snapshot/panlex-20191001-csv/6898#113603792>		"Tailandɛ"@ln	
"Bolivia"@vi	<https://panlex.org/snapshot/panlex-20191001-csv/6898#113609618>				<https://panlex.org/snapshot/panlex-20191001-csv/6898#113609545>		"Bolivi"@ln	
"Bangladesh"@vi	<https://panlex.org/snapshot/panlex-20191001-csv/6898#113632209>				<https://panlex.org/snapshot/panlex-20191001-csv/6898#113632237>		"Bengalidɛsi"@ln	
"Quần đảo Solomon"@vi	<https://panlex.org/snapshot/panlex-20191001-csv/6898#113602408>				<https://panlex.org/snapshot/panlex-20191001-csv/6898#113602395>		"Bisanga Solomɔ"@ln	
"Gabon"@vi	<https://panlex.org/snapshot/panlex-20191001-csv/6898#113585177>				<https://panlex.org/snapshot/panlex-20191001-csv/6898#113585285>		"Gabɔ"@ln	
"Chad"@vi	<https://panlex.org/snapshot/panlex-20191001-csv/6898#113643329>				<https://panlex.org/snapshot/panlex-20191001-csv/6898#113643345>		"Tsádi"@ln	
"Oman"@vi	<https://panlex.org/snapshot/panlex-20191001-csv/6898#113622642>				<https://panlex.org/snapshot/panlex-20191001-csv/6898#113622537>		"Ománɛ"@ln	
"Bahrain"@vi	<https://panlex.org/snapshot/panlex-20191001-csv/6898#113596125>				<https://panlex.org/snapshot/panlex-20191001-csv/6898#113596149>		"Bahrɛnɛ"@ln	
"Châu Á"@vi	<https://panlex.org/snapshot/panlex-20191001-csv/6898#113624445>				<https://panlex.org/snapshot/panlex-20191001-csv/6898#113624359>		"Azía"@ln	
"Quần đảo Nam Georgia và Nam Sandwich"@vi	<https://panlex.org/snapshot/panlex-20191001-csv/6898#113621443>				<https://panlex.org/snapshot/panlex-20191001-csv/6898#113621402>		"Îles de Géorgie du Sud et Sandwich du Sud"@ln	
"Quần đảo Cook"@vi	<https://panlex.org/snapshot/panlex-20191001-csv/6898#113638398>				<https://panlex.org/snapshot/panlex-20191001-csv/6898#113638461>		"Bisanga bya Kookɛ"@ln	
"Đảo Bouvet"@vi	<https://panlex.org/snapshot/panlex-20191001-csv/6898#113626572>				<https://panlex.org/snapshot/panlex-20191001-csv/6898#113626559>		"Esanga Buvé"@ln	
"Trung Quốc"@vi	<https://panlex.org/snapshot/panlex-20191001-csv/6898#113614091>				<https://panlex.org/snapshot/panlex-20191001-csv/6898#113614032>		"Sinɛ"@ln	
"Vanuatu"@vi	<https://panlex.org/snapshot/panlex-20191001-csv/6898#113628941>				<https://panlex.org/snapshot/panlex-20191001-csv/6898#113629035>		"Vanuatu"@ln	
"Ấn Độ"@vi	<https://panlex.org/snapshot/panlex-20191001-csv/6898#113617042>				<https://panlex.org/snapshot/panlex-20191001-csv/6898#113616989>		"Índɛ"@ln	
"Cộng hòa Congo"@vi	<https://panlex.org/snapshot/panlex-20191001-csv/6898#113599155>				<https://panlex.org/snapshot/panlex-20191001-csv/6898#113599163>		"Kongo"@ln	
"Cộng hòa Congo"@vi	<https://panlex.org/snapshot/panlex-20191001-csv/6898#113599155>				<https://panlex.org/snapshot/panlex-20191001-csv/6898#113599177>		"Kongó-Brazzaville"@ln	
"Triều Tiên"@vi	<https://panlex.org/snapshot/panlex-20191001-csv/6898#113598847>				<https://panlex.org/snapshot/panlex-20191001-csv/6898#113598850>		"Korɛ ya nɔ́rdi"@ln	
"Nam Phi"@vi	<https://panlex.org/snapshot/panlex-20191001-csv/6898#113613620>				<https://panlex.org/snapshot/panlex-20191001-csv/6898#113613550>		"Afríka ya Súdi"@ln	
"Hà Lan"@vi	<https://panlex.org/snapshot/panlex-20191001-csv/6898#113635817>				<https://panlex.org/snapshot/panlex-20191001-csv/6898#113635877>		"Olandɛ"@ln	
"Iraq"@vi	<https://panlex.org/snapshot/panlex-20191001-csv/6898#113633780>				<https://panlex.org/snapshot/panlex-20191001-csv/6898#113633795>		"Iraki"@ln	
"xeri"@vi	<https://panlex.org/snapshot/panlex-20191001-csv/187#51059969>				<https://panlex.org/snapshot/panlex-20191001-csv/187#51059931>		"selu"@ln	
"kripton"@vi	<https://panlex.org/snapshot/panlex-20191001-csv/187#51062764>				<https://panlex.org/snapshot/panlex-20191001-csv/187#51062726>		"kliptoni"@ln	
"chì"@vi	<https://panlex.org/snapshot/panlex-20191001-csv/187#51064686>				<https://panlex.org/snapshot/panlex-20191001-csv/187#51064645>		"kubéle"@ln	
"osimi"@vi	<https://panlex.org/snapshot/panlex-20191001-csv/187#51064482>				<https://panlex.org/snapshot/panlex-20191001-csv/187#51064443>		"osumu"@ln	
"gecmani"@vi	<https://panlex.org/snapshot/panlex-20191001-csv/187#51061960>				<https://panlex.org/snapshot/panlex-20191001-csv/187#51061921>		"jemani"@ln	
"thuỷ ngân"@vi	<https://panlex.org/snapshot/panlex-20191001-csv/187#51062269>				<https://panlex.org/snapshot/panlex-20191001-csv/187#51062226>		"mekuli"@ln	
"plutoni"@vi	<https://panlex.org/snapshot/panlex-20191001-csv/187#51065294>				<https://panlex.org/snapshot/panlex-20191001-csv/187#51065255>		"putonu"@ln	
"menđelevi"@vi	<https://panlex.org/snapshot/panlex-20191001-csv/187#51063273>				<https://panlex.org/snapshot/panlex-20191001-csv/187#51063234>		"mendelu"@ln	
"nhốm"@vi	<https://panlex.org/snapshot/panlex-20191001-csv/187#51058561>				<https://panlex.org/snapshot/panlex-20191001-csv/187#51058520>		"aluminyu"@ln	
"asen"@vi	<https://panlex.org/snapshot/panlex-20191001-csv/187#51058863>				<https://panlex.org/snapshot/panlex-20191001-csv/187#51058824>		"aseni"@ln	
"tecnexi"@vi	<https://panlex.org/snapshot/panlex-20191001-csv/187#51067188>				<https://panlex.org/snapshot/panlex-20191001-csv/187#51067150>		"tenetu?"@ln	
"vàng"@vi	<https://panlex.org/snapshot/panlex-20191001-csv/187#51059066>				<https://panlex.org/snapshot/panlex-20191001-csv/187#51059026>		"wólo"@ln	
"telua"@vi	<https://panlex.org/snapshot/panlex-20191001-csv/187#51067288>				<https://panlex.org/snapshot/panlex-20191001-csv/187#51067249>		"telulu"@ln	
"berili"@vi	<https://panlex.org/snapshot/panlex-20191001-csv/187#51059268>				<https://panlex.org/snapshot/panlex-20191001-csv/187#51059229>		"belilu"@ln	
"franxi"@vi	<https://panlex.org/snapshot/panlex-20191001-csv/187#51061657>				<https://panlex.org/snapshot/panlex-20191001-csv/187#51061618>		"fansu"@ln	
"lutexi"@vi	<https://panlex.org/snapshot/panlex-20191001-csv/187#51063174>				<https://panlex.org/snapshot/panlex-20191001-csv/187#51063135>		"lutetu"@ln	
"actini"@vi	<https://panlex.org/snapshot/panlex-20191001-csv/187#51058360>				<https://panlex.org/snapshot/panlex-20191001-csv/187#51058321>		"atinu"@ln	
"tali"@vi	<https://panlex.org/snapshot/panlex-20191001-csv/187#51067594>				<https://panlex.org/snapshot/panlex-20191001-csv/187#51067555>		"talu"@ln	
"curi"@vi	<https://panlex.org/snapshot/panlex-20191001-csv/187#51060272>				<https://panlex.org/snapshot/panlex-20191001-csv/187#51060233>		"kolumu"@ln	
"gali"@vi	<https://panlex.org/snapshot/panlex-20191001-csv/187#51061758>				<https://panlex.org/snapshot/panlex-20191001-csv/187#51061719>		"galu"@ln	
"selen"@vi	<https://panlex.org/snapshot/panlex-20191001-csv/187#51066386>				<https://panlex.org/snapshot/panlex-20191001-csv/187#51066347>		"seleni"@ln	
"meitneri"@vi	<https://panlex.org/snapshot/panlex-20191001-csv/187#51063668>				<https://panlex.org/snapshot/panlex-20191001-csv/187#51063633>		"meitenu"@ln	
"dubni"@vi	<https://panlex.org/snapshot/panlex-20191001-csv/187#51060862>				<https://panlex.org/snapshot/panlex-20191001-csv/187#51060824>		"dubenu"@ln	
"ziriconi"@vi	<https://panlex.org/snapshot/panlex-20191001-csv/187#51068100>				<https://panlex.org/snapshot/panlex-20191001-csv/187#51068061>		"zikonu"@ln	
"tantali"@vi	<https://panlex.org/snapshot/panlex-20191001-csv/187#51066986>				<https://panlex.org/snapshot/panlex-20191001-csv/187#51066947>		"tantalu"@ln	
"califoni"@vi	<https://panlex.org/snapshot/panlex-20191001-csv/187#51060069>				<https://panlex.org/snapshot/panlex-20191001-csv/187#51060030>		"kalifu"@ln	
"xêzi"@vi	<https://panlex.org/snapshot/panlex-20191001-csv/187#51060660>				<https://panlex.org/snapshot/panlex-20191001-csv/187#51060620>		"kaesu"@ln	
"rađơn"@vi	<https://panlex.org/snapshot/panlex-20191001-csv/187#51065982>				<https://panlex.org/snapshot/panlex-20191001-csv/187#51065944>		"lado"@ln	
"indi"@vi	<https://panlex.org/snapshot/panlex-20191001-csv/187#51062564>				<https://panlex.org/snapshot/panlex-20191001-csv/187#51062525>		"indu"@ln	
"đồng"@vi	<https://panlex.org/snapshot/panlex-20191001-csv/187#51060765>				<https://panlex.org/snapshot/panlex-20191001-csv/187#51060721>		"mbengi"@ln	
"ruteni"@vi	<https://panlex.org/snapshot/panlex-20191001-csv/187#51066083>				<https://panlex.org/snapshot/panlex-20191001-csv/187#51066044>		"lotenu"@ln	
"bari"@vi	<https://panlex.org/snapshot/panlex-20191001-csv/187#51059167>				<https://panlex.org/snapshot/panlex-20191001-csv/187#51059128>		"balu"@ln	
"rubiđi"@vi	<https://panlex.org/snapshot/panlex-20191001-csv/187#51065496>				<https://panlex.org/snapshot/panlex-20191001-csv/187#51065457>		"libidu"@ln	
"magiê"@vi	<https://panlex.org/snapshot/panlex-20191001-csv/187#51063376>				<https://panlex.org/snapshot/panlex-20191001-csv/187#51063336>		"manezu"@ln	
"nê-ông"@vi	<https://panlex.org/snapshot/panlex-20191001-csv/187#51064078>				<https://panlex.org/snapshot/panlex-20191001-csv/187#51064039>		"neoni"@ln	
"heli"@vi	<https://panlex.org/snapshot/panlex-20191001-csv/187#51062061>				<https://panlex.org/snapshot/panlex-20191001-csv/187#51062022>		"eliyúmu"@ln	
"ytecbi"@vi	<https://panlex.org/snapshot/panlex-20191001-csv/187#51067898>				<https://panlex.org/snapshot/panlex-20191001-csv/187#51067859>		"yetibu"@ln	
"ytecbi"@vi	<https://panlex.org/snapshot/panlex-20191001-csv/187#51067898>				<https://panlex.org/snapshot/panlex-20191001-csv/187#51067860>		"y?"@ln	
"antimon"@vi	<https://panlex.org/snapshot/panlex-20191001-csv/187#51066184>				<https://panlex.org/snapshot/panlex-20191001-csv/187#51066144>		"antimoni"@ln	
"samari"@vi	<https://panlex.org/snapshot/panlex-20191001-csv/187#51066683>				<https://panlex.org/snapshot/panlex-20191001-csv/187#51066644>		"samalu"@ln	
"platin"@vi	<https://panlex.org/snapshot/panlex-20191001-csv/187#51065193>				<https://panlex.org/snapshot/panlex-20191001-csv/187#51065153>		"palata"@ln	
"lantan"@vi	<https://panlex.org/snapshot/panlex-20191001-csv/187#51062866>				<https://panlex.org/snapshot/panlex-20191001-csv/187#51062827>		"lantani"@ln	
"niobi"@vi	<https://panlex.org/snapshot/panlex-20191001-csv/187#51063875>				<https://panlex.org/snapshot/panlex-20191001-csv/187#51063836>		"nobu"@ln	
"stronti"@vi	<https://panlex.org/snapshot/panlex-20191001-csv/187#51066886>				<https://panlex.org/snapshot/panlex-20191001-csv/187#51066847>		"sitotu"@ln	
"neođim"@vi	<https://panlex.org/snapshot/panlex-20191001-csv/187#51063976>				<https://panlex.org/snapshot/panlex-20191001-csv/187#51063937>		"nedimu?"@ln	
"tecbi"@vi	<https://panlex.org/snapshot/panlex-20191001-csv/187#51067088>				<https://panlex.org/snapshot/panlex-20191001-csv/187#51067049>		"telebumu"@ln	
"hassi"@vi	<https://panlex.org/snapshot/panlex-20191001-csv/187#51062463>				<https://panlex.org/snapshot/panlex-20191001-csv/187#51062428>		"hasu?"@ln	
"bismut"@vi	<https://panlex.org/snapshot/panlex-20191001-csv/187#51059462>				<https://panlex.org/snapshot/panlex-20191001-csv/187#51059421>		"bisemu"@ln	
"prazeođim"@vi	<https://panlex.org/snapshot/panlex-20191001-csv/187#51065090>				<https://panlex.org/snapshot/panlex-20191001-csv/187#51065052>		"padimu"@ln	
"neptuni"@vi	<https://panlex.org/snapshot/panlex-20191001-csv/187#51064381>				<https://panlex.org/snapshot/panlex-20191001-csv/187#51064342>		"netunu"@ln	
"bitmut"@vi	<https://panlex.org/snapshot/panlex-20191001-csv/187#51059461>				<https://panlex.org/snapshot/panlex-20191001-csv/187#51059421>		"bisemu"@ln	
"clo"@vi	<https://panlex.org/snapshot/panlex-20191001-csv/187#51060170>				<https://panlex.org/snapshot/panlex-20191001-csv/187#51060131>		"koloki"@ln	
"rađi"@vi	<https://panlex.org/snapshot/panlex-20191001-csv/187#51065395>				<https://panlex.org/snapshot/panlex-20191001-csv/187#51065356>		"ladu"@ln	
"sắt"@vi	<https://panlex.org/snapshot/panlex-20191001-csv/187#51061455>				<https://panlex.org/snapshot/panlex-20191001-csv/187#51061415>		"ebendé"@ln	
"poloni"@vi	<https://panlex.org/snapshot/panlex-20191001-csv/187#51064990>				<https://panlex.org/snapshot/panlex-20191001-csv/187#51064951>		"polonu"@ln	
"iriđi"@vi	<https://panlex.org/snapshot/panlex-20191001-csv/187#51062665>				<https://panlex.org/snapshot/panlex-20191001-csv/187#51062626>		"ilidu"@ln	
"canxi"@vi	<https://panlex.org/snapshot/panlex-20191001-csv/187#51059766>				<https://panlex.org/snapshot/panlex-20191001-csv/187#51059726>		"kalisu"@ln	
"molipđen"@vi	<https://panlex.org/snapshot/panlex-20191001-csv/187#51063576>				<https://panlex.org/snapshot/panlex-20191001-csv/187#51063536>		"modemu"@ln	
"europi"@vi	<https://panlex.org/snapshot/panlex-20191001-csv/187#51061353>				<https://panlex.org/snapshot/panlex-20191001-csv/187#51061314>		"elopu"@ln	
"catmi"@vi	<https://panlex.org/snapshot/panlex-20191001-csv/187#51059868>				<https://panlex.org/snapshot/panlex-20191001-csv/187#51059829>		"kademu"@ln	
"gađolini"@vi	<https://panlex.org/snapshot/panlex-20191001-csv/187#51061859>				<https://panlex.org/snapshot/panlex-20191001-csv/187#51061820>		"gadoli"@ln	
"xezi"@vi	<https://panlex.org/snapshot/panlex-20191001-csv/187#51060659>				<https://panlex.org/snapshot/panlex-20191001-csv/187#51060620>		"kaesu"@ln	
"xenon"@vi	<https://panlex.org/snapshot/panlex-20191001-csv/187#51067796>				<https://panlex.org/snapshot/panlex-20191001-csv/187#51067757>		"zenoni"@ln	
"bạc"@vi	<https://panlex.org/snapshot/panlex-20191001-csv/187#51058457>				<https://panlex.org/snapshot/panlex-20191001-csv/187#51058419>		"sɛ́ngi"@ln	
"đisprozi"@vi	<https://panlex.org/snapshot/panlex-20191001-csv/187#51061050>				<https://panlex.org/snapshot/panlex-20191001-csv/187#51061010>		"diposu"@ln	
"thori"@vi	<https://panlex.org/snapshot/panlex-20191001-csv/187#51067390>				<https://panlex.org/snapshot/panlex-20191001-csv/187#51067351>		"tolu"@ln	
"liti"@vi	<https://panlex.org/snapshot/panlex-20191001-csv/187#51062969>				<https://panlex.org/snapshot/panlex-20191001-csv/187#51062929>		"litu"@ln	
"brom"@vi	<https://panlex.org/snapshot/panlex-20191001-csv/187#51059662>				<https://panlex.org/snapshot/panlex-20191001-csv/187#51059623>		"bomo"@ln	
"neon"@vi	<https://panlex.org/snapshot/panlex-20191001-csv/187#51064077>				<https://panlex.org/snapshot/panlex-20191001-csv/187#51064039>		"neoni"@ln	
"palađi"@vi	<https://panlex.org/snapshot/panlex-20191001-csv/187#51064788>				<https://panlex.org/snapshot/panlex-20191001-csv/187#51064749>		"paladu"@ln	
"lorenxi"@vi	<https://panlex.org/snapshot/panlex-20191001-csv/187#51063072>				<https://panlex.org/snapshot/panlex-20191001-csv/187#51063032>		"laleku"@ln	
"prometi"@vi	<https://panlex.org/snapshot/panlex-20191001-csv/187#51064889>				<https://panlex.org/snapshot/panlex-20191001-csv/187#51064851>		"pometu"@ln	
"natri"@vi	<https://panlex.org/snapshot/panlex-20191001-csv/187#51063772>				<https://panlex.org/snapshot/panlex-20191001-csv/187#51063732>		"sodu"@ln	
"kẽm"@vi	<https://panlex.org/snapshot/panlex-20191001-csv/187#51067998>				<https://panlex.org/snapshot/panlex-20191001-csv/187#51067958>		"zɛ́nki"@ln	
"darmstadti"@vi	<https://panlex.org/snapshot/panlex-20191001-csv/187#51060948>				<https://panlex.org/snapshot/panlex-20191001-csv/187#51060913>		"damtadu?"@ln	
"tuli"@vi	<https://panlex.org/snapshot/panlex-20191001-csv/187#51067695>				<https://panlex.org/snapshot/panlex-20191001-csv/187#51067656>		"tulu"@ln	
"lawrenci"@vi	<https://panlex.org/snapshot/panlex-20191001-csv/187#51063073>				<https://panlex.org/snapshot/panlex-20191001-csv/187#51063032>		"laleku"@ln	
"fecmi"@vi	<https://panlex.org/snapshot/panlex-20191001-csv/187#51061556>				<https://panlex.org/snapshot/panlex-20191001-csv/187#51061517>		"femu"@ln	
"reni"@vi	<https://panlex.org/snapshot/panlex-20191001-csv/187#51065597>				<https://panlex.org/snapshot/panlex-20191001-csv/187#51065558>		"lenu?"@ln	
"tantan"@vi	<https://panlex.org/snapshot/panlex-20191001-csv/187#51066987>				<https://panlex.org/snapshot/panlex-20191001-csv/187#51066947>		"tantalu"@ln	
"osmi"@vi	<https://panlex.org/snapshot/panlex-20191001-csv/187#51064483>				<https://panlex.org/snapshot/panlex-20191001-csv/187#51064443>		"osumu"@ln	
"nikel"@vi	<https://panlex.org/snapshot/panlex-20191001-csv/187#51064179>				<https://panlex.org/snapshot/panlex-20191001-csv/187#51064141>		"nikɛ́li"@ln	
"roentgeni"@vi	<https://panlex.org/snapshot/panlex-20191001-csv/187#51065782>				<https://panlex.org/snapshot/panlex-20191001-csv/187#51065748>		"luntenu?"@ln	
"eribi"@vi	<https://panlex.org/snapshot/panlex-20191001-csv/187#51061151>				<https://panlex.org/snapshot/panlex-20191001-csv/187#51061112>		"ebu"@ln	
"cađimi"@vi	<https://panlex.org/snapshot/panlex-20191001-csv/187#51059869>				<https://panlex.org/snapshot/panlex-20191001-csv/187#51059829>		"kademu"@ln	
"rođi"@vi	<https://panlex.org/snapshot/panlex-20191001-csv/187#51065883>				<https://panlex.org/snapshot/panlex-20191001-csv/187#51065844>		"lodu"@ln	
"holmi"@vi	<https://panlex.org/snapshot/panlex-20191001-csv/187#51062371>				<https://panlex.org/snapshot/panlex-20191001-csv/187#51062332>		"olimu"@ln	
"lithi"@vi	<https://panlex.org/snapshot/panlex-20191001-csv/187#51062968>				<https://panlex.org/snapshot/panlex-20191001-csv/187#51062929>		"litu"@ln	
"molypđen"@vi	<https://panlex.org/snapshot/panlex-20191001-csv/187#51063575>				<https://panlex.org/snapshot/panlex-20191001-csv/187#51063536>		"modemu"@ln	
"copernici"@vi	<https://panlex.org/snapshot/panlex-20191001-csv/187#51060352>				<https://panlex.org/snapshot/panlex-20191001-csv/187#51060320>		"ununbu?"@ln	
"rutherfordi"@vi	<https://panlex.org/snapshot/panlex-20191001-csv/187#51065697>				<https://panlex.org/snapshot/panlex-20191001-csv/187#51065659>		"lotefodu"@ln	
"bohri"@vi	<https://panlex.org/snapshot/panlex-20191001-csv/187#51059359>				<https://panlex.org/snapshot/panlex-20191001-csv/187#51059325>		"bohlu"@ln	
"amerixi"@vi	<https://panlex.org/snapshot/panlex-20191001-csv/187#51058662>				<https://panlex.org/snapshot/panlex-20191001-csv/187#51058623>		"amelu"@ln	
"scandi"@vi	<https://panlex.org/snapshot/panlex-20191001-csv/187#51066286>				<https://panlex.org/snapshot/panlex-20191001-csv/187#51066247>		"sekandu"@ln	
"titan"@vi	<https://panlex.org/snapshot/panlex-20191001-csv/187#51067493>				<https://panlex.org/snapshot/panlex-20191001-csv/187#51067454>		"titani"@ln	
"đysprosi"@vi	<https://panlex.org/snapshot/panlex-20191001-csv/187#51061049>				<https://panlex.org/snapshot/panlex-20191001-csv/187#51061010>		"diposu"@ln	
"hafini"@vi	<https://panlex.org/snapshot/panlex-20191001-csv/187#51062162>				<https://panlex.org/snapshot/panlex-20191001-csv/187#51062123>		"hafenu"@ln	
"crom"@vi	<https://panlex.org/snapshot/panlex-20191001-csv/187#51060556>				<https://panlex.org/snapshot/panlex-20191001-csv/187#51060517>		"kolomo"@ln	
"mangan"@vi	<https://panlex.org/snapshot/panlex-20191001-csv/187#51063475>				<https://panlex.org/snapshot/panlex-20191001-csv/187#51063437>		"manezu"@ln	
"astatin"@vi	<https://panlex.org/snapshot/panlex-20191001-csv/187#51058966>				<https://panlex.org/snapshot/panlex-20191001-csv/187#51058925>		"atati"@ln	
"nobeli"@vi	<https://panlex.org/snapshot/panlex-20191001-csv/187#51064280>				<https://panlex.org/snapshot/panlex-20191001-csv/187#51064241>		"nobelu"@ln	
"thiếc"@vi	<https://panlex.org/snapshot/panlex-20191001-csv/187#51066785>				<https://panlex.org/snapshot/panlex-20191001-csv/187#51066742>		"etani"@ln	
"silic"@vi	<https://panlex.org/snapshot/panlex-20191001-csv/187#51066582>				<https://panlex.org/snapshot/panlex-20191001-csv/187#51066541>		"siliki"@ln	
"telu"@vi	<https://panlex.org/snapshot/panlex-20191001-csv/187#51067289>				<https://panlex.org/snapshot/panlex-20191001-csv/187#51067249>		"telulu"@ln	
"ensteni"@vi	<https://panlex.org/snapshot/panlex-20191001-csv/187#51061252>				<https://panlex.org/snapshot/panlex-20191001-csv/187#51061213>		"eselemu"@ln	
"coban"@vi	<https://panlex.org/snapshot/panlex-20191001-csv/187#51060455>				<https://panlex.org/snapshot/panlex-20191001-csv/187#51060415>		"kobalti"@ln	
"seaborgi"@vi	<https://panlex.org/snapshot/panlex-20191001-csv/187#51066478>				<https://panlex.org/snapshot/panlex-20191001-csv/187#51066443>		"seabodu?"@ln	
"protactini"@vi	<https://panlex.org/snapshot/panlex-20191001-csv/187#51064584>				<https://panlex.org/snapshot/panlex-20191001-csv/187#51064545>		"potinu?"@ln	
"honmi"@vi	<https://panlex.org/snapshot/panlex-20191001-csv/187#51062372>				<https://panlex.org/snapshot/panlex-20191001-csv/187#51062332>		"olimu"@ln	
"agon"@vi	<https://panlex.org/snapshot/panlex-20191001-csv/187#51058761>				<https://panlex.org/snapshot/panlex-20191001-csv/187#51058723>		"alago"@ln	
"beckeli"@vi	<https://panlex.org/snapshot/panlex-20191001-csv/187#51059562>				<https://panlex.org/snapshot/panlex-20191001-csv/187#51059523>		"bekelu"@ln	
"tim"@vi	<https://panlex.org/snapshot/panlex-20191001-csv/5950#85876440>				<https://panlex.org/snapshot/panlex-20191001-csv/5950#85876403>		"motema"@ln	
"Đức"@vi	<https://panlex.org/snapshot/panlex-20191001-csv/5950#85858437>				<https://panlex.org/snapshot/panlex-20191001-csv/5950#85858376>		"Alémani"@ln	
"nước Đức"@vi	<https://panlex.org/snapshot/panlex-20191001-csv/5950#85858436>				<https://panlex.org/snapshot/panlex-20191001-csv/5950#85858376>		"Alémani"@ln	
"Wiktionary"@vi	<https://panlex.org/snapshot/panlex-20191001-csv/5945#84345137>				<https://panlex.org/snapshot/panlex-20191001-csv/5945#84345092>		"Wiktionari"@ln	
"A Phú Hãn"@vi	<https://panlex.org/snapshot/panlex-20191001-csv/5947#84579276>				<https://panlex.org/snapshot/panlex-20191001-csv/5947#84579201>		"Afganistáni"@ln	
"Áp-ga-ni-xtan"@vi	<https://panlex.org/snapshot/panlex-20191001-csv/5947#84579274>				<https://panlex.org/snapshot/panlex-20191001-csv/5947#84579201>		"Afganistáni"@ln	
"Bỉ"@vi	<https://panlex.org/snapshot/panlex-20191001-csv/5947#84584544>				<https://panlex.org/snapshot/panlex-20191001-csv/5947#84584456>		"Bɛ́ljika"@ln	
"gừng"@vi	<https://panlex.org/snapshot/panlex-20191001-csv/5947#84703271>				<https://panlex.org/snapshot/panlex-20191001-csv/5947#84703254>		"tangawísi"@ln	
"gừng"@vi	<https://panlex.org/snapshot/panlex-20191001-csv/5947#84703271>				<https://panlex.org/snapshot/panlex-20191001-csv/5947#84703255>		"tangawúsi"@ln	
"nước"@vi	<https://panlex.org/snapshot/panlex-20191001-csv/5947#84886577>				<https://panlex.org/snapshot/panlex-20191001-csv/5947#84886503>		"mái"@ln	
"Tunisia"@vi	<https://panlex.org/snapshot/panlex-20191001-csv/5947#84613985>				<https://panlex.org/snapshot/panlex-20191001-csv/5947#84613950>		"Tunisia"@ln	
"An-ba-ni"@vi	<https://panlex.org/snapshot/panlex-20191001-csv/5947#84579813>				<https://panlex.org/snapshot/panlex-20191001-csv/5947#84579724>		"Albania"@ln	
"Trái Đất"@vi	<https://panlex.org/snapshot/panlex-20191001-csv/5940#81310832>				<https://panlex.org/snapshot/panlex-20191001-csv/5940#81310790>		"Mabelé"@ln	
"ngón tay"@vi	<https://panlex.org/snapshot/panlex-20191001-csv/5940#81312751>				<https://panlex.org/snapshot/panlex-20191001-csv/5940#81312733>		"mosapi"@ln	
"ngón tay"@vi	<https://panlex.org/snapshot/panlex-20191001-csv/5940#81312751>				<https://panlex.org/snapshot/panlex-20191001-csv/5940#81312732>		"mosai"@ln	
"Ochobre"@vi	<https://panlex.org/snapshot/panlex-20191001-csv/5940#81285710>				<https://panlex.org/snapshot/panlex-20191001-csv/5940#81285663>		"Sánza ya zómi"@ln	
"ôxy"@vi	<https://panlex.org/snapshot/panlex-20191001-csv/5940#81346990>				<https://panlex.org/snapshot/panlex-20191001-csv/5940#81346954>		"oksijɛ́ní"@ln	
"Luân Đôn"@vi	<https://panlex.org/snapshot/panlex-20191001-csv/5940#81283607>				<https://panlex.org/snapshot/panlex-20191001-csv/5940#81283572>		"Londoni"@ln	
"tim"@vi	<https://panlex.org/snapshot/panlex-20191001-csv/5940#81328457>				<https://panlex.org/snapshot/panlex-20191001-csv/5940#81328420>		"motéma"@ln	
"Thụy Sĩ"@vi	<https://panlex.org/snapshot/panlex-20191001-csv/5940#81279222>				<https://panlex.org/snapshot/panlex-20191001-csv/5940#81279182>		"Swisi"@ln	
"ngôn ngữ"@vi	<https://panlex.org/snapshot/panlex-20191001-csv/5940#81311515>				<https://panlex.org/snapshot/panlex-20191001-csv/5940#81311496>		"lokótá"@ln	
"ở đây"@vi	<https://panlex.org/snapshot/panlex-20191001-csv/5940#81317374>				<https://panlex.org/snapshot/panlex-20191001-csv/5940#81317350>		"áwa"@ln	
"nitơ"@vi	<https://panlex.org/snapshot/panlex-20191001-csv/5940#81290865>				<https://panlex.org/snapshot/panlex-20191001-csv/5940#81290834>		"azoti"@ln	
"Tây Ban Nha"@vi	<https://panlex.org/snapshot/panlex-20191001-csv/5940#81281024>				<https://panlex.org/snapshot/panlex-20191001-csv/5940#81280975>		"Espania"@ln	
"Tháng mười"@vi	<https://panlex.org/snapshot/panlex-20191001-csv/5940#81285709>				<https://panlex.org/snapshot/panlex-20191001-csv/5940#81285663>		"Sánza ya zómi"@ln	
"Tiếng Ðức"@vi	<https://panlex.org/snapshot/panlex-20191001-csv/5939#80782484>				<https://panlex.org/snapshot/panlex-20191001-csv/5939#80782419>		"lialémani"@ln	
"thứ ba"@vi	<https://panlex.org/snapshot/panlex-20191001-csv/5939#80784085>				<https://panlex.org/snapshot/panlex-20191001-csv/5939#80784040>		"mokolo ya mibale"@ln	
"tháng tám"@vi	<https://panlex.org/snapshot/panlex-20191001-csv/5939#80734677>				<https://panlex.org/snapshot/panlex-20191001-csv/5939#80734622>		"ogusiti"@ln	
"Afghanistan"@vi	<https://panlex.org/snapshot/panlex-20191001-csv/5939#80708886>				<https://panlex.org/snapshot/panlex-20191001-csv/5939#80708847>		"Afganistani"@ln	
"mạch máu"@vi	<https://panlex.org/snapshot/panlex-20191001-csv/5939#80759681>				<https://panlex.org/snapshot/panlex-20191001-csv/5939#80759659>		"monsisá"@ln	
"tháng hai"@vi	<https://panlex.org/snapshot/panlex-20191001-csv/5939#80811343>				<https://panlex.org/snapshot/panlex-20191001-csv/5939#80811268>		"sánzá ya míbalé"@ln	
"sông"@vi	<https://panlex.org/snapshot/panlex-20191001-csv/5939#80818661>				<https://panlex.org/snapshot/panlex-20191001-csv/5939#80818614>		"ebale"@ln	
"Algiers"@vi	<https://panlex.org/snapshot/panlex-20191001-csv/5939#80712890>				<https://panlex.org/snapshot/panlex-20191001-csv/5939#80712866>		"Alje"@ln	
"nước Đức"@vi	<https://panlex.org/snapshot/panlex-20191001-csv/5939#80782824>				<https://panlex.org/snapshot/panlex-20191001-csv/5939#80782738>		"Alémani"@ln	
"hạt nhân nguyên tử"@vi	<https://panlex.org/snapshot/panlex-20191001-csv/5939#80731863>				<https://panlex.org/snapshot/panlex-20191001-csv/5939#80731837>		"mokókóló mwa atome"@ln	
"Đức"@vi	<https://panlex.org/snapshot/panlex-20191001-csv/5939#80782825>				<https://panlex.org/snapshot/panlex-20191001-csv/5939#80782738>		"Alémani"@ln	
"A Xec Bay Gian"@vi	<https://panlex.org/snapshot/panlex-20191001-csv/5939#80729776>				<https://panlex.org/snapshot/panlex-20191001-csv/5939#80729731>		"Azerbaijan"@ln	
"Châu Âu"@vi	<https://panlex.org/snapshot/panlex-20191001-csv/5949#85308660>				<https://panlex.org/snapshot/panlex-20191001-csv/5949#85308583>		"Erópa"@ln	
"Tanzania"@vi	<https://panlex.org/snapshot/panlex-20191001-csv/5949#85321675>				<https://panlex.org/snapshot/panlex-20191001-csv/5949#85321627>		"Tanzania"@ln	
"tháng tám"@vi	<https://panlex.org/snapshot/panlex-20191001-csv/5949#85329539>				<https://panlex.org/snapshot/panlex-20191001-csv/5949#85329419>		"sánzá ya mwambe"@ln	
"tháng tám"@vi	<https://panlex.org/snapshot/panlex-20191001-csv/5949#85329539>				<https://panlex.org/snapshot/panlex-20191001-csv/5949#85329418>		"augústo"@ln	
"tháng tám"@vi	<https://panlex.org/snapshot/panlex-20191001-csv/5949#85329539>				<https://panlex.org/snapshot/panlex-20191001-csv/5949#85329420>		"ogusiti"@ln	
"Latvia"@vi	<https://panlex.org/snapshot/panlex-20191001-csv/5949#85314399>				<https://panlex.org/snapshot/panlex-20191001-csv/5949#85314322>		"Letoni"@ln	
"Thổ Nhĩ Kỳ"@vi	<https://panlex.org/snapshot/panlex-20191001-csv/5949#85322611>				<https://panlex.org/snapshot/panlex-20191001-csv/5949#85322547>		"Turkí"@ln	
"Nga"@vi	<https://panlex.org/snapshot/panlex-20191001-csv/5949#85319632>				<https://panlex.org/snapshot/panlex-20191001-csv/5949#85319526>		"Rusí"@ln	
"Gabon"@vi	<https://panlex.org/snapshot/panlex-20191001-csv/5949#85305734>				<https://panlex.org/snapshot/panlex-20191001-csv/5949#85305692>		"Gabɔ́"@ln	
"Scotland"@vi	<https://panlex.org/snapshot/panlex-20191001-csv/5949#85325323>				<https://panlex.org/snapshot/panlex-20191001-csv/5949#85325268>		"Ekósi"@ln	
"Riga"@vi	<https://panlex.org/snapshot/panlex-20191001-csv/5949#85319278>				<https://panlex.org/snapshot/panlex-20191001-csv/5949#85319228>		"Riga"@ln	
"nước Nga"@vi	<https://panlex.org/snapshot/panlex-20191001-csv/5949#85319631>				<https://panlex.org/snapshot/panlex-20191001-csv/5949#85319526>		"Rusí"@ln	
"Tô Cách Lan"@vi	<https://panlex.org/snapshot/panlex-20191001-csv/5949#85325322>				<https://panlex.org/snapshot/panlex-20191001-csv/5949#85325268>		"Ekósi"@ln	
"Berlin"@vi	<https://panlex.org/snapshot/panlex-20191001-csv/5949#85302557>				<https://panlex.org/snapshot/panlex-20191001-csv/5949#85302475>		"Berlin"@ln	
"Yemen"@vi	<https://panlex.org/snapshot/panlex-20191001-csv/5949#85311065>				<https://panlex.org/snapshot/panlex-20191001-csv/5949#85311015>		"Yeméni"@ln	
"Pakistan"@vi	<https://panlex.org/snapshot/panlex-20191001-csv/5949#85317765>				<https://panlex.org/snapshot/panlex-20191001-csv/5949#85317734>		"Pakistáni"@ln	
"Bá-linh"@vi	<https://panlex.org/snapshot/panlex-20191001-csv/5949#85302558>				<https://panlex.org/snapshot/panlex-20191001-csv/5949#85302475>		"Berlin"@ln	
"Gambia"@vi	<https://panlex.org/snapshot/panlex-20191001-csv/5949#85305954>				<https://panlex.org/snapshot/panlex-20191001-csv/5949#85305928>		"Gambie"@ln	
"Phần Lan"@vi	<https://panlex.org/snapshot/panlex-20191001-csv/5949#85323269>				<https://panlex.org/snapshot/panlex-20191001-csv/5949#85323209>		"Finilanda"@ln	
"Uruguay"@vi	<https://panlex.org/snapshot/panlex-20191001-csv/5949#85322978>				<https://panlex.org/snapshot/panlex-20191001-csv/5949#85322919>		"Ulugwai"@ln	
"Peru"@vi	<https://panlex.org/snapshot/panlex-20191001-csv/5949#85318334>				<https://panlex.org/snapshot/panlex-20191001-csv/5949#85318271>		"Peru"@ln	
"Singapore"@vi	<https://panlex.org/snapshot/panlex-20191001-csv/5949#85320610>				<https://panlex.org/snapshot/panlex-20191001-csv/5949#85320542>		"Singapur"@ln	
"Giê-ru-da-lem"@vi	<https://panlex.org/snapshot/panlex-20191001-csv/5949#85310049>				<https://panlex.org/snapshot/panlex-20191001-csv/5949#85309974>		"Yerusalémi"@ln	
"Mặt Trời"@vi	<https://panlex.org/snapshot/panlex-20191001-csv/5949#85321011>				<https://panlex.org/snapshot/panlex-20191001-csv/5949#85320945>		"Mói"@ln	
"Kinh Thánh"@vi	<https://panlex.org/snapshot/panlex-20191001-csv/5949#85302820>				<https://panlex.org/snapshot/panlex-20191001-csv/5949#85302729>		"Biblíya"@ln	
"Pháp"@vi	<https://panlex.org/snapshot/panlex-20191001-csv/5949#85323693>				<https://panlex.org/snapshot/panlex-20191001-csv/5949#85323617>		"Falansia"@ln	
"Jerusalem"@vi	<https://panlex.org/snapshot/panlex-20191001-csv/5949#85310050>				<https://panlex.org/snapshot/panlex-20191001-csv/5949#85309974>		"Yerusalémi"@ln	
"Johannesburg"@vi	<https://panlex.org/snapshot/panlex-20191001-csv/5949#85311569>				<https://panlex.org/snapshot/panlex-20191001-csv/5949#85311538>		"Johannesburg"@ln	
"âm phủ"@vi	<https://panlex.org/snapshot/panlex-20191001-csv/5942#83282551>				<https://panlex.org/snapshot/panlex-20191001-csv/5942#83282521>		"lífelo"@ln	
"biển"@vi	<https://panlex.org/snapshot/panlex-20191001-csv/5942#83283287>				<https://panlex.org/snapshot/panlex-20191001-csv/5942#83283236>		"lombú"@ln	
"tuyền đài"@vi	<https://panlex.org/snapshot/panlex-20191001-csv/5942#83282552>				<https://panlex.org/snapshot/panlex-20191001-csv/5942#83282521>		"lífelo"@ln	
"nhân"@vi	<https://panlex.org/snapshot/panlex-20191001-csv/5943#83329170>				<https://panlex.org/snapshot/panlex-20191001-csv/5943#83329147>		"motu"@ln	
"dương vật"@vi	<https://panlex.org/snapshot/panlex-20191001-csv/5943#83395670>				<https://panlex.org/snapshot/panlex-20191001-csv/5943#83395615>		"nsɔ́ka"@ln	
"Thiên Chúa"@vi	<https://panlex.org/snapshot/panlex-20191001-csv/5943#83289874>				<https://panlex.org/snapshot/panlex-20191001-csv/5943#83289839>		"Nzámbe"@ln	
"Mặt trăng"@vi	<https://panlex.org/snapshot/panlex-20191001-csv/611#25802674>				<https://panlex.org/snapshot/panlex-20191001-csv/611#25802626>		"sanza"@ln	
"ngôi sao"@vi	<https://panlex.org/snapshot/panlex-20191001-csv/611#25808570>				<https://panlex.org/snapshot/panlex-20191001-csv/611#25808538>		"monzoto"@ln	
"năm"@vi	<https://panlex.org/snapshot/panlex-20191001-csv/611#25800153>				<https://panlex.org/snapshot/panlex-20191001-csv/611#25800120>		"mbula"@ln	
"vì sao"@vi	<https://panlex.org/snapshot/panlex-20191001-csv/611#25808571>				<https://panlex.org/snapshot/panlex-20191001-csv/611#25808538>		"monzoto"@ln	
"sao"@vi	<https://panlex.org/snapshot/panlex-20191001-csv/611#25808569>				<https://panlex.org/snapshot/panlex-20191001-csv/611#25808538>		"monzoto"@ln	
"trời"@vi	<https://panlex.org/snapshot/panlex-20191001-csv/611#25811018>				<https://panlex.org/snapshot/panlex-20191001-csv/611#25810987>		"likolo"@ln	
"Mặt Trời"@vi	<https://panlex.org/snapshot/panlex-20191001-csv/611#25809007>				<https://panlex.org/snapshot/panlex-20191001-csv/611#25808970>		"Moi"@ln	
"Tiếng Tây Ban Nha"@vi	<https://panlex.org/snapshot/panlex-20191001-csv/405#13632138>				<https://panlex.org/snapshot/panlex-20191001-csv/405#13632093>		"lispanyoli"@ln	
"Tiếng Ả Rập"@vi	<https://panlex.org/snapshot/panlex-20191001-csv/405#13620882>				<https://panlex.org/snapshot/panlex-20191001-csv/405#13620844>		"liarabi"@ln	
"Tiếng Bồ Đào Nha"@vi	<https://panlex.org/snapshot/panlex-20191001-csv/405#13630290>				<https://panlex.org/snapshot/panlex-20191001-csv/405#13630256>		"lipulutugɛ́si"@ln	
"Latinh"@vi	<https://panlex.org/snapshot/panlex-20191001-csv/405#13627542>				<https://panlex.org/snapshot/panlex-20191001-csv/405#13627498>		"latina"@ln	
"Tiếng Hà Lan"@vi	<https://panlex.org/snapshot/panlex-20191001-csv/405#13623459>				<https://panlex.org/snapshot/panlex-20191001-csv/405#13623423>		"lifalamá"@ln	
"Tiếng Đức"@vi	<https://panlex.org/snapshot/panlex-20191001-csv/405#13624703>				<https://panlex.org/snapshot/panlex-20191001-csv/405#13624651>		"lialémani"@ln	
"Tiếng Hebrew"@vi	<https://panlex.org/snapshot/panlex-20191001-csv/405#13625294>				<https://panlex.org/snapshot/panlex-20191001-csv/405#13625265>		"liébeleo"@ln	
"Tiếng Pháp"@vi	<https://panlex.org/snapshot/panlex-20191001-csv/405#13624339>				<https://panlex.org/snapshot/panlex-20191001-csv/405#13624287>		"falansé"@ln	
"Tiếng Anh"@vi	<https://panlex.org/snapshot/panlex-20191001-csv/405#13623693>				<https://panlex.org/snapshot/panlex-20191001-csv/405#13623634>		"lingɛlɛ́sa"@ln	
"Tiếng Hy Lạp"@vi	<https://panlex.org/snapshot/panlex-20191001-csv/405#13624961>				<https://panlex.org/snapshot/panlex-20191001-csv/405#13624927>		"ligreki"@ln	
"Tiếng Tigrigya"@vi	<https://panlex.org/snapshot/panlex-20191001-csv/400#13362979>				<https://panlex.org/snapshot/panlex-20191001-csv/400#13362945>		"tigirinya"@ln	
"Tiếng Tuôc-men"@vi	<https://panlex.org/snapshot/panlex-20191001-csv/400#13363142>				<https://panlex.org/snapshot/panlex-20191001-csv/400#13363110>		"turkmen"@ln	
"Tiếng Gujarati"@vi	<https://panlex.org/snapshot/panlex-20191001-csv/400#13349263>				<https://panlex.org/snapshot/panlex-20191001-csv/400#13349224>		"liguzarati"@ln	
"Tiếng Kyrgyz"@vi	<https://panlex.org/snapshot/panlex-20191001-csv/400#13353351>				<https://panlex.org/snapshot/panlex-20191001-csv/400#13353318>		"kirgizi"@ln	
"Tiếng Hàn Quốc"@vi	<https://panlex.org/snapshot/panlex-20191001-csv/400#13352692>				<https://panlex.org/snapshot/panlex-20191001-csv/400#13352654>		"likorea"@ln	
"Tiếng Pháp"@vi	<https://panlex.org/snapshot/panlex-20191001-csv/400#13347861>				<https://panlex.org/snapshot/panlex-20191001-csv/400#13347816>		"lifalansé"@ln	
"Tiếng Ma-xê-đô-ni-a"@vi	<https://panlex.org/snapshot/panlex-20191001-csv/400#13355103>				<https://panlex.org/snapshot/panlex-20191001-csv/400#13355066>		"limasedonia"@ln	
"Tiếng Bồ Đào Nha (Braxin)"@vi	<https://panlex.org/snapshot/panlex-20191001-csv/400#13358919>				<https://panlex.org/snapshot/panlex-20191001-csv/400#13358891>		"lipulutugɛ́si (Brazil)"@ln	
"Tiếng Marathi"@vi	<https://panlex.org/snapshot/panlex-20191001-csv/400#13355660>				<https://panlex.org/snapshot/panlex-20191001-csv/400#13355624>		"limarati"@ln	
"Tiếng Kurd (Iran)"@vi	<https://panlex.org/snapshot/panlex-20191001-csv/400#13353113>				<https://panlex.org/snapshot/panlex-20191001-csv/400#13353080>		"likurdi"@ln	
"Tiếng Georgian"@vi	<https://panlex.org/snapshot/panlex-20191001-csv/400#13351717>				<https://panlex.org/snapshot/panlex-20191001-csv/400#13351681>		"lizorzi"@ln	
"Tiếng Séc"@vi	<https://panlex.org/snapshot/panlex-20191001-csv/400#13344852>				<https://panlex.org/snapshot/panlex-20191001-csv/400#13344812>		"litshɛki"@ln	
"Tiếng Ma-lay-xi-a"@vi	<https://panlex.org/snapshot/panlex-20191001-csv/400#13355756>				<https://panlex.org/snapshot/panlex-20191001-csv/400#13355720>		"limalasi"@ln	
"Tiếng Anh"@vi	<https://panlex.org/snapshot/panlex-20191001-csv/400#13346374>				<https://panlex.org/snapshot/panlex-20191001-csv/400#13346328>		"lingɛlɛ́sa"@ln	
"Tiếng Lingala"@vi	<https://panlex.org/snapshot/panlex-20191001-csv/400#13353797>				<https://panlex.org/snapshot/panlex-20191001-csv/400#13353769>		"lingála"@ln	
"Tiếng Zulu"@vi	<https://panlex.org/snapshot/panlex-20191001-csv/400#13366030>				<https://panlex.org/snapshot/panlex-20191001-csv/400#13365993>		"zulu"@ln	
"Tiếng Occitan"@vi	<https://panlex.org/snapshot/panlex-20191001-csv/400#13357630>				<https://panlex.org/snapshot/panlex-20191001-csv/400#13357593>		"liosita"@ln	
"Tiếng Đức"@vi	<https://panlex.org/snapshot/panlex-20191001-csv/400#13345429>				<https://panlex.org/snapshot/panlex-20191001-csv/400#13345384>		"lialemani"@ln	
"Tiếng Bantu"@vi	<https://panlex.org/snapshot/panlex-20191001-csv/400#13365299>				<https://panlex.org/snapshot/panlex-20191001-csv/400#13365264>		"xhosa"@ln	
"Tiếng Ý"@vi	<https://panlex.org/snapshot/panlex-20191001-csv/400#13351245>				<https://panlex.org/snapshot/panlex-20191001-csv/400#13351200>		"litaliano"@ln	
"Tiếng Campuchia"@vi	<https://panlex.org/snapshot/panlex-20191001-csv/400#13352462>				<https://panlex.org/snapshot/panlex-20191001-csv/400#13352431>		"likambodia"@ln	
"Tiếng Tamil"@vi	<https://panlex.org/snapshot/panlex-20191001-csv/400#13362500>				<https://panlex.org/snapshot/panlex-20191001-csv/400#13362462>		"tamili"@ln	
"Tiếng Bê-la-rút"@vi	<https://panlex.org/snapshot/panlex-20191001-csv/400#13342484>				<https://panlex.org/snapshot/panlex-20191001-csv/400#13342446>		"belarusi"@ln	
"Tiếng Y-đit"@vi	<https://panlex.org/snapshot/panlex-20191001-csv/400#13365459>				<https://panlex.org/snapshot/panlex-20191001-csv/400#13365426>		"yiddish"@ln	
"Tiếng Kan-na-đa"@vi	<https://panlex.org/snapshot/panlex-20191001-csv/400#13352592>				<https://panlex.org/snapshot/panlex-20191001-csv/400#13352556>		"kanada"@ln	
"Tiếng Mông Cổ"@vi	<https://panlex.org/snapshot/panlex-20191001-csv/400#13355328>				<https://panlex.org/snapshot/panlex-20191001-csv/400#13355295>		"limongoli"@ln	
"Tiếng Ca-ta-lăng"@vi	<https://panlex.org/snapshot/panlex-20191001-csv/400#13343683>				<https://panlex.org/snapshot/panlex-20191001-csv/400#13343647>		"katalani"@ln	
"Tiếng Xentơ (Xcốt len)"@vi	<https://panlex.org/snapshot/panlex-20191001-csv/400#13348528>				<https://panlex.org/snapshot/panlex-20191001-csv/400#13348493>		"ligaeliki"@ln	
"Tiếng E-xtô-ni-a"@vi	<https://panlex.org/snapshot/panlex-20191001-csv/400#13346992>				<https://panlex.org/snapshot/panlex-20191001-csv/400#13346952>		"liestonia"@ln	
"Tiếng Bun-ga-ri"@vi	<https://panlex.org/snapshot/panlex-20191001-csv/400#13342694>				<https://panlex.org/snapshot/panlex-20191001-csv/400#13342657>		"kibulgaria"@ln	
"Tiếng A-rập"@vi	<https://panlex.org/snapshot/panlex-20191001-csv/400#13341457>				<https://panlex.org/snapshot/panlex-20191001-csv/400#13341414>		"liarabu"@ln	
"Tiếng Lít-va"@vi	<https://panlex.org/snapshot/panlex-20191001-csv/400#13354054>				<https://panlex.org/snapshot/panlex-20191001-csv/400#13354016>		"lituani"@ln	
"Tiếng Telugu"@vi	<https://panlex.org/snapshot/panlex-20191001-csv/400#13362636>				<https://panlex.org/snapshot/panlex-20191001-csv/400#13362600>		"litelegu"@ln	
"Tiếng Bengali"@vi	<https://panlex.org/snapshot/panlex-20191001-csv/400#13343114>				<https://panlex.org/snapshot/panlex-20191001-csv/400#13343073>		"bengali"@ln	
"Tiếng Thụy Điển"@vi	<https://panlex.org/snapshot/panlex-20191001-csv/400#13362242>				<https://panlex.org/snapshot/panlex-20191001-csv/400#13362200>		"liswédwa"@ln	
"Tiếng Ai-déc-bai-gian"@vi	<https://panlex.org/snapshot/panlex-20191001-csv/400#13342104>				<https://panlex.org/snapshot/panlex-20191001-csv/400#13342069>		"liazerbayani"@ln	
"Tiếng Đan Mạch"@vi	<https://panlex.org/snapshot/panlex-20191001-csv/400#13345207>				<https://panlex.org/snapshot/panlex-20191001-csv/400#13345167>		"lidanemark"@ln	
"Tiếng U-crai-na"@vi	<https://panlex.org/snapshot/panlex-20191001-csv/400#13364368>				<https://panlex.org/snapshot/panlex-20191001-csv/400#13364331>		"liukrenia"@ln	
"Tiếng Lát-vi-a"@vi	<https://panlex.org/snapshot/panlex-20191001-csv/400#13354357>				<https://panlex.org/snapshot/panlex-20191001-csv/400#13354318>		"lilativa"@ln	
"Tiếng Xentơ"@vi	<https://panlex.org/snapshot/panlex-20191001-csv/400#13345105>				<https://panlex.org/snapshot/panlex-20191001-csv/400#13345070>		"liwelesi"@ln	
"Tiếng Uighur"@vi	<https://panlex.org/snapshot/panlex-20191001-csv/400#13364234>				<https://panlex.org/snapshot/panlex-20191001-csv/400#13364203>		"uighur"@ln	
"Tiếng Xô-ma-li"@vi	<https://panlex.org/snapshot/panlex-20191001-csv/400#13361438>				<https://panlex.org/snapshot/panlex-20191001-csv/400#13361407>		"lisomali"@ln	
"und"@vi	<https://panlex.org/snapshot/panlex-20191001-csv/400#13364473>				<https://panlex.org/snapshot/panlex-20191001-csv/400#13364446>		"lokótá eyébámí tɛ́"@ln	
"Tiếng Breton"@vi	<https://panlex.org/snapshot/panlex-20191001-csv/400#13343309>				<https://panlex.org/snapshot/panlex-20191001-csv/400#13343276>		"breton"@ln	
"Tiếng Na Uy (Nynorsk)"@vi	<https://panlex.org/snapshot/panlex-20191001-csv/400#13356963>				<https://panlex.org/snapshot/panlex-20191001-csv/400#13356935>		"linovezi-nynorsk"@ln	
"Tiếng Bồ Đào Nha"@vi	<https://panlex.org/snapshot/panlex-20191001-csv/400#13358843>				<https://panlex.org/snapshot/panlex-20191001-csv/400#13358797>		"lipulutugɛ́si"@ln	
"Tiếng Hê-brơ"@vi	<https://panlex.org/snapshot/panlex-20191001-csv/400#13349568>				<https://panlex.org/snapshot/panlex-20191001-csv/400#13349529>		"liyuda"@ln	
"Tiếng Klingon"@vi	<https://panlex.org/snapshot/panlex-20191001-csv/400#13363329>				<https://panlex.org/snapshot/panlex-20191001-csv/400#13363295>		"kilingoni"@ln	
"Tiếng Philipin"@vi	<https://panlex.org/snapshot/panlex-20191001-csv/400#13347525>				<https://panlex.org/snapshot/panlex-20191001-csv/400#13347490>		"litagalog"@ln	
"Tiếng In-đô-nê-xia"@vi	<https://panlex.org/snapshot/panlex-20191001-csv/400#13350515>				<https://panlex.org/snapshot/panlex-20191001-csv/400#13350476>		"lindonesi"@ln	
"Tiếng Nhật"@vi	<https://panlex.org/snapshot/panlex-20191001-csv/400#13351406>				<https://panlex.org/snapshot/panlex-20191001-csv/400#13351361>		"liyapani"@ln	
"Tiếng Twi"@vi	<https://panlex.org/snapshot/panlex-20191001-csv/400#13364030>				<https://panlex.org/snapshot/panlex-20191001-csv/400#13363998>		"twi"@ln	
"Tiếng Malayalam"@vi	<https://panlex.org/snapshot/panlex-20191001-csv/400#13355235>				<https://panlex.org/snapshot/panlex-20191001-csv/400#13355199>		"limalayalami"@ln	
"Tiếng Ác-mê-ni"@vi	<https://panlex.org/snapshot/panlex-20191001-csv/400#13350252>				<https://panlex.org/snapshot/panlex-20191001-csv/400#13350221>		"liarmenya"@ln	
"Tiếng Pa-tô"@vi	<https://panlex.org/snapshot/panlex-20191001-csv/400#13358735>				<https://panlex.org/snapshot/panlex-20191001-csv/400#13358702>		"pashto"@ln	
"Tiếng Hy Lạp"@vi	<https://panlex.org/snapshot/panlex-20191001-csv/400#13346225>				<https://panlex.org/snapshot/panlex-20191001-csv/400#13346185>		"ligreki"@ln	
"Tiếng Basque"@vi	<https://panlex.org/snapshot/panlex-20191001-csv/400#13347086>				<https://panlex.org/snapshot/panlex-20191001-csv/400#13347051>		"libaske"@ln	
"Tiếng Nam Phi"@vi	<https://panlex.org/snapshot/panlex-20191001-csv/400#13340765>				<https://panlex.org/snapshot/panlex-20191001-csv/400#13340727>		"afrikánsi"@ln	
"Tiếng Việt"@vi	<https://panlex.org/snapshot/panlex-20191001-csv/400#13364829>				<https://panlex.org/snapshot/panlex-20191001-csv/400#13364794>		"livietnami"@ln	
"Tiếng La-tinh"@vi	<https://panlex.org/snapshot/panlex-20191001-csv/400#13353450>				<https://panlex.org/snapshot/panlex-20191001-csv/400#13353411>		"kilatini"@ln	
"Tiếng Bihari"@vi	<https://panlex.org/snapshot/panlex-20191001-csv/400#13342790>				<https://panlex.org/snapshot/panlex-20191001-csv/400#13342754>		"libiyari"@ln	
"Tiếng Ru-ma-ni"@vi	<https://panlex.org/snapshot/panlex-20191001-csv/400#13359346>				<https://panlex.org/snapshot/panlex-20191001-csv/400#13359307>		"lirumani"@ln	
"Tiếng Sesotho"@vi	<https://panlex.org/snapshot/panlex-20191001-csv/400#13361937>				<https://panlex.org/snapshot/panlex-20191001-csv/400#13361906>		"Sotho ya Sidi"@ln	
"Tiếng Punjabi"@vi	<https://panlex.org/snapshot/panlex-20191001-csv/400#13358054>				<https://panlex.org/snapshot/panlex-20191001-csv/400#13358016>		"lipunzabi"@ln	
"Tiếng Thổ Nhĩ Kỳ"@vi	<https://panlex.org/snapshot/panlex-20191001-csv/400#13363657>				<https://panlex.org/snapshot/panlex-20191001-csv/400#13363622>		"turk"@ln	
"Tiếng Assam"@vi	<https://panlex.org/snapshot/panlex-20191001-csv/400#13341751>				<https://panlex.org/snapshot/panlex-20191001-csv/400#13341720>		"liasame"@ln	
"Tiếng Phạn"@vi	<https://panlex.org/snapshot/panlex-20191001-csv/400#13359742>				<https://panlex.org/snapshot/panlex-20191001-csv/400#13359710>		"indu-ya-kala"@ln	
"Tiếng Hà Lan"@vi	<https://panlex.org/snapshot/panlex-20191001-csv/400#13356838>				<https://panlex.org/snapshot/panlex-20191001-csv/400#13356796>		"lifalamá"@ln	
"Tiếng Hung-ga-ri"@vi	<https://panlex.org/snapshot/panlex-20191001-csv/400#13350125>				<https://panlex.org/snapshot/panlex-20191001-csv/400#13350087>		"liungaria"@ln	
"Tiếng Ba Lan"@vi	<https://panlex.org/snapshot/panlex-20191001-csv/400#13358529>				<https://panlex.org/snapshot/panlex-20191001-csv/400#13358488>		"lipoloni"@ln	
"Tiếng Khoa Học Quốc Tế"@vi	<https://panlex.org/snapshot/panlex-20191001-csv/400#13350380>				<https://panlex.org/snapshot/panlex-20191001-csv/400#13350345>		"interlingua"@ln	
"Tiếng Thái"@vi	<https://panlex.org/snapshot/panlex-20191001-csv/400#13362888>				<https://panlex.org/snapshot/panlex-20191001-csv/400#13362851>		"thai"@ln	
"Tiếng Galician"@vi	<https://panlex.org/snapshot/panlex-20191001-csv/400#13348748>				<https://panlex.org/snapshot/panlex-20191001-csv/400#13348713>		"ligalicia"@ln	
"Tiếng Sin-hi"@vi	<https://panlex.org/snapshot/panlex-20191001-csv/400#13360211>				<https://panlex.org/snapshot/panlex-20191001-csv/400#13360181>		"lisindi"@ln	
"Tiếng Na Uy"@vi	<https://panlex.org/snapshot/panlex-20191001-csv/400#13357064>				<https://panlex.org/snapshot/panlex-20191001-csv/400#13357022>		"linovezi"@ln	
"Tiếng Nam Tư"@vi	<https://panlex.org/snapshot/panlex-20191001-csv/400#13343436>				<https://panlex.org/snapshot/panlex-20191001-csv/400#13343400>		"libosinia"@ln	
"Tiếng Crô-a-ti-a"@vi	<https://panlex.org/snapshot/panlex-20191001-csv/400#13349950>				<https://panlex.org/snapshot/panlex-20191001-csv/400#13349913>		"likroasia"@ln	
"Tiếng Ô-ri-a"@vi	<https://panlex.org/snapshot/panlex-20191001-csv/400#13357806>				<https://panlex.org/snapshot/panlex-20191001-csv/400#13357772>		"oriya"@ln	
"Tiếng Ai-len"@vi	<https://panlex.org/snapshot/panlex-20191001-csv/400#13348327>				<https://panlex.org/snapshot/panlex-20191001-csv/400#13348287>		"lirlande"@ln	
"Tiếng Amharic"@vi	<https://panlex.org/snapshot/panlex-20191001-csv/400#13341175>				<https://panlex.org/snapshot/panlex-20191001-csv/400#13341140>		"liamariki"@ln	
"Tiếng Séc-bi"@vi	<https://panlex.org/snapshot/panlex-20191001-csv/400#13361701>				<https://panlex.org/snapshot/panlex-20191001-csv/400#13361663>		"liserbia"@ln	
"Tiếng Khoa học quốc tế"@vi	<https://panlex.org/snapshot/panlex-20191001-csv/400#13350598>				<https://panlex.org/snapshot/panlex-20191001-csv/400#13350570>		"interlingue"@ln	
"Tiếng Bantu (Đông Phi)"@vi	<https://panlex.org/snapshot/panlex-20191001-csv/400#13362338>				<https://panlex.org/snapshot/panlex-20191001-csv/400#13362303>		"kiswahili"@ln	
"Tiếng Tây Ban Nha"@vi	<https://panlex.org/snapshot/panlex-20191001-csv/400#13346809>				<https://panlex.org/snapshot/panlex-20191001-csv/400#13346763>		"lispanyola"@ln	
"Tiếng An-ba-ni"@vi	<https://panlex.org/snapshot/panlex-20191001-csv/400#13361603>				<https://panlex.org/snapshot/panlex-20191001-csv/400#13361566>		"lialbania"@ln	
"Tiếng Uđu"@vi	<https://panlex.org/snapshot/panlex-20191001-csv/400#13364566>				<https://panlex.org/snapshot/panlex-20191001-csv/400#13364529>		"liurdu"@ln	
"Tiếng Sinhala"@vi	<https://panlex.org/snapshot/panlex-20191001-csv/400#13360679>				<https://panlex.org/snapshot/panlex-20191001-csv/400#13360643>		"lisinalɛ́si"@ln	
"Tiếng Ba Tư"@vi	<https://panlex.org/snapshot/panlex-20191001-csv/400#13347223>				<https://panlex.org/snapshot/panlex-20191001-csv/400#13347182>		"lipɛrsi"@ln	
"Tiếng Xéc bi - Croatia"@vi	<https://panlex.org/snapshot/panlex-20191001-csv/400#13360548>				<https://panlex.org/snapshot/panlex-20191001-csv/400#13360518>		"liserbokroata"@ln	
"Tiếng Mantơ"@vi	<https://panlex.org/snapshot/panlex-20191001-csv/400#13355849>				<https://panlex.org/snapshot/panlex-20191001-csv/400#13355815>		"limalta"@ln	
"Tiếng Ai-xơ-len"@vi	<https://panlex.org/snapshot/panlex-20191001-csv/400#13351134>				<https://panlex.org/snapshot/panlex-20191001-csv/400#13351095>		"lislanda"@ln	
"Tiếng Nga"@vi	<https://panlex.org/snapshot/panlex-20191001-csv/400#13359566>				<https://panlex.org/snapshot/panlex-20191001-csv/400#13359522>		"lirusi"@ln	
"Tiếng Phần Lan"@vi	<https://panlex.org/snapshot/panlex-20191001-csv/400#13347433>				<https://panlex.org/snapshot/panlex-20191001-csv/400#13347391>		"lifilandi"@ln	
"Tiếng Faore"@vi	<https://panlex.org/snapshot/panlex-20191001-csv/400#13347718>				<https://panlex.org/snapshot/panlex-20191001-csv/400#13347682>		"lifarose"@ln	
"Tiếng Guarani"@vi	<https://panlex.org/snapshot/panlex-20191001-csv/400#13348879>				<https://panlex.org/snapshot/panlex-20191001-csv/400#13348846>		"ligwarani"@ln	
"Tiếng Xu đăng"@vi	<https://panlex.org/snapshot/panlex-20191001-csv/400#13362029>				<https://panlex.org/snapshot/panlex-20191001-csv/400#13361995>		"lisundanɛ́si"@ln	
"Tiếng U-dơ-bếch"@vi	<https://panlex.org/snapshot/panlex-20191001-csv/400#13364664>				<https://panlex.org/snapshot/panlex-20191001-csv/400#13364626>		"liusibeki"@ln	
"Tiếng Hin-đi"@vi	<https://panlex.org/snapshot/panlex-20191001-csv/400#13349674>				<https://panlex.org/snapshot/panlex-20191001-csv/400#13349631>		"lihindi"@ln	
"Tiếng Frisian"@vi	<https://panlex.org/snapshot/panlex-20191001-csv/400#13348224>				<https://panlex.org/snapshot/panlex-20191001-csv/400#13348187>		"lifrisi"@ln	
"Tiếng Xlô-vác"@vi	<https://panlex.org/snapshot/panlex-20191001-csv/400#13360889>				<https://panlex.org/snapshot/panlex-20191001-csv/400#13360853>		"lisolovaki"@ln	
"Tiếng Lào"@vi	<https://panlex.org/snapshot/panlex-20191001-csv/400#13353888>				<https://panlex.org/snapshot/panlex-20191001-csv/400#13353857>		"lilao"@ln	
"Tiếng Gia-va"@vi	<https://panlex.org/snapshot/panlex-20191001-csv/400#13351620>				<https://panlex.org/snapshot/panlex-20191001-csv/400#13351583>		"lizava"@ln	
"Tiếng Quốc Tế Ngữ"@vi	<https://panlex.org/snapshot/panlex-20191001-csv/400#13346698>				<https://panlex.org/snapshot/panlex-20191001-csv/400#13346662>		"lisipelanto"@ln	
"Tiếng Nê-pan"@vi	<https://panlex.org/snapshot/panlex-20191001-csv/400#13356562>				<https://panlex.org/snapshot/panlex-20191001-csv/400#13356525>		"linepali"@ln	
"Tiếng Xlô-ven"@vi	<https://panlex.org/snapshot/panlex-20191001-csv/400#13360985>				<https://panlex.org/snapshot/panlex-20191001-csv/400#13360949>		"lisoloveni"@ln	
"anh"@vi	<https://panlex.org/snapshot/panlex-20191001-csv/19#1045427>				<https://panlex.org/snapshot/panlex-20191001-csv/19#1045393>		"ndeko"@ln	
"em"@vi	<https://panlex.org/snapshot/panlex-20191001-csv/19#1045428>				<https://panlex.org/snapshot/panlex-20191001-csv/19#1045393>		"ndeko"@ln	
"núi"@vi	<https://panlex.org/snapshot/panlex-20191001-csv/19#1044638>				<https://panlex.org/snapshot/panlex-20191001-csv/19#1044615>		"ngómbá"@ln	
"cà phê"@vi	<https://panlex.org/snapshot/panlex-20191001-csv/9#476760>				<https://panlex.org/snapshot/panlex-20191001-csv/9#476723>		"kafe"@ln	
"nước Đức"@vi	<https://panlex.org/snapshot/panlex-20191001-csv/9#474870>				<https://panlex.org/snapshot/panlex-20191001-csv/9#474812>		"Alémani"@ln	
"Đức"@vi	<https://panlex.org/snapshot/panlex-20191001-csv/9#474869>				<https://panlex.org/snapshot/panlex-20191001-csv/9#474812>		"Alémani"@ln	
"Afghanistan"@vi	<https://panlex.org/snapshot/panlex-20191001-csv/9#499211>				<https://panlex.org/snapshot/panlex-20191001-csv/9#499177>		"Afganistani"@ln	
"thứ ba"@vi	<https://panlex.org/snapshot/panlex-20191001-csv/9#477344>				<https://panlex.org/snapshot/panlex-20191001-csv/9#477304>		"mokolo ya mibale"@ln	
"chín"@vi	<https://panlex.org/snapshot/panlex-20191001-csv/9#491064>				<https://panlex.org/snapshot/panlex-20191001-csv/9#490997>		"libwa"@ln	
"tháng tám"@vi	<https://panlex.org/snapshot/panlex-20191001-csv/9#473500>				<https://panlex.org/snapshot/panlex-20191001-csv/9#473460>		"ogusiti"@ln	
"Áo"@vi	<https://panlex.org/snapshot/panlex-20191001-csv/12#925647>				<https://panlex.org/snapshot/panlex-20191001-csv/12#925599>		"Otrish"@ln	
"Áo"@vi	<https://panlex.org/snapshot/panlex-20191001-csv/12#925417>				<https://panlex.org/snapshot/panlex-20191001-csv/12#925369>		"Otrish"@ln	
"Áo"@vi	<https://panlex.org/snapshot/panlex-20191001-csv/12#925532>				<https://panlex.org/snapshot/panlex-20191001-csv/12#925484>		"Otrish"@ln	
"An Ba Ni"@vi	<https://panlex.org/snapshot/panlex-20191001-csv/12#919948>				<https://panlex.org/snapshot/panlex-20191001-csv/12#919901>		"Albania"@ln	
"nước"@vi	<https://panlex.org/snapshot/panlex-20191001-csv/12#851234>				<https://panlex.org/snapshot/panlex-20191001-csv/12#851016>		"mai"@ln	
"Thụy Sĩ"@vi	<https://panlex.org/snapshot/panlex-20191001-csv/12#902532>				<https://panlex.org/snapshot/panlex-20191001-csv/12#902505>		"Swisi"@ln	
"Cộng hoà Dân chủ Congo"@vi	<https://panlex.org/snapshot/panlex-20191001-csv/12#912818>				<https://panlex.org/snapshot/panlex-20191001-csv/12#912790>		"Republiki ya Kɔ́ngɔ Demokratiki"@ln	
"Crô A Xi"@vi	<https://panlex.org/snapshot/panlex-20191001-csv/12#908364>				<https://panlex.org/snapshot/panlex-20191001-csv/12#908320>		"Kroasia"@ln	
"dân chủ"@vi	<https://panlex.org/snapshot/panlex-20191001-csv/12#917342>				<https://panlex.org/snapshot/panlex-20191001-csv/12#917325>		"demokrasi"@ln	
"thứ tư"@vi	<https://panlex.org/snapshot/panlex-20191001-csv/12#857642>				<https://panlex.org/snapshot/panlex-20191001-csv/12#857624>		"mokɔlɔ mwa misálá mísáto"@ln	
"thứ tư"@vi	<https://panlex.org/snapshot/panlex-20191001-csv/12#857642>				<https://panlex.org/snapshot/panlex-20191001-csv/12#857623>		"misálá mísáto"@ln	
"Namibia"@vi	<https://panlex.org/snapshot/panlex-20191001-csv/12#853115>				<https://panlex.org/snapshot/panlex-20191001-csv/12#853084>		"Namibia"@ln	
"Bỉ"@vi	<https://panlex.org/snapshot/panlex-20191001-csv/12#852772>				<https://panlex.org/snapshot/panlex-20191001-csv/12#852718>		"Bɛ́ljika"@ln	
"Bỉ"@vi	<https://panlex.org/snapshot/panlex-20191001-csv/12#852772>				<https://panlex.org/snapshot/panlex-20191001-csv/12#852719>		"Bɛ́lɛjika"@ln	
"Bỉ"@vi	<https://panlex.org/snapshot/panlex-20191001-csv/12#852772>				<https://panlex.org/snapshot/panlex-20191001-csv/12#852720>		"Bɛ́lɛzika"@ln	
"địa lý học"@vi	<https://panlex.org/snapshot/panlex-20191001-csv/2904#111022790>				<https://panlex.org/snapshot/panlex-20191001-csv/2904#111022807>		"mambí ma mabelé"@ln	
"ngành hoá học"@vi	<https://panlex.org/snapshot/panlex-20191001-csv/2904#111022436>				<https://panlex.org/snapshot/panlex-20191001-csv/2904#111022527>		"kémi"@ln	
"vật lý học"@vi	<https://panlex.org/snapshot/panlex-20191001-csv/2904#111024013>				<https://panlex.org/snapshot/panlex-20191001-csv/2904#111024068>		"fízíkí"@ln	
"thiên văn học"@vi	<https://panlex.org/snapshot/panlex-20191001-csv/2904#111021996>				<https://panlex.org/snapshot/panlex-20191001-csv/2904#111022126>		"mambí ma nzɔ́tɔ"@ln	
"Xích Đạo"@vi	<https://panlex.org/snapshot/panlex-20191001-csv/2910#110855081>				<https://panlex.org/snapshot/panlex-20191001-csv/2910#110855132>		"Mambénga"@ln	
"hòa bình"@vi	<https://panlex.org/snapshot/panlex-20191001-csv/2902#111012044>				<https://panlex.org/snapshot/panlex-20191001-csv/2902#111012278>		"kímía"@ln	
"Tigris"@vi	<https://panlex.org/snapshot/panlex-20191001-csv/2903#110873387>				<https://panlex.org/snapshot/panlex-20191001-csv/2903#110873441>		"Tigre"@ln	
"Euphrates"@vi	<https://panlex.org/snapshot/panlex-20191001-csv/2903#110872262>				<https://panlex.org/snapshot/panlex-20191001-csv/2903#110872216>		"Ufrate"@ln	
"Nin"@vi	<https://panlex.org/snapshot/panlex-20191001-csv/2903#110872908>				<https://panlex.org/snapshot/panlex-20191001-csv/2903#110872881>		"Nil"@ln	
"Biển Đen"@vi	<https://panlex.org/snapshot/panlex-20191001-csv/2905#110869014>				<https://panlex.org/snapshot/panlex-20191001-csv/2905#110869220>		"Mbu Moindo"@ln	
"Hồng Hải"@vi	<https://panlex.org/snapshot/panlex-20191001-csv/2905#110871081>				<https://panlex.org/snapshot/panlex-20191001-csv/2905#110870936>		"Mai Matelo"@ln	
"Địa Trung Hải"@vi	<https://panlex.org/snapshot/panlex-20191001-csv/2905#110870283>				<https://panlex.org/snapshot/panlex-20191001-csv/2905#110870440>		"Mbu ya Kati"@ln	
"Địa Trung Hải"@vi	<https://panlex.org/snapshot/panlex-20191001-csv/2905#110870283>				<https://panlex.org/snapshot/panlex-20191001-csv/2905#110870475>		"Mediterané"@ln	
"Biển Đỏ"@vi	<https://panlex.org/snapshot/panlex-20191001-csv/2905#110870991>				<https://panlex.org/snapshot/panlex-20191001-csv/2905#110870936>		"Mai Matelo"@ln	
"Đại Tây Dương"@vi	<https://panlex.org/snapshot/panlex-20191001-csv/2901#110867374>				<https://panlex.org/snapshot/panlex-20191001-csv/2901#110867508>		"Lombú Atlantíki"@ln	
"Thái Bình Dương"@vi	<https://panlex.org/snapshot/panlex-20191001-csv/2901#110868006>				<https://panlex.org/snapshot/panlex-20191001-csv/2901#110867933>		"Lombú Pasifíki"@ln	
"Ấn Độ Dương"@vi	<https://panlex.org/snapshot/panlex-20191001-csv/2901#110867846>				<https://panlex.org/snapshot/panlex-20191001-csv/2901#110867627>		"Lombú India"@ln	
"Gioan Baotixita"@vi	<https://panlex.org/snapshot/panlex-20191001-csv/2906#111020459>				<https://panlex.org/snapshot/panlex-20191001-csv/2906#111020425>		"Yoane Mobatisi"@ln	
"A-đam và Ê-va"@vi	<https://panlex.org/snapshot/panlex-20191001-csv/2906#111019225>				<https://panlex.org/snapshot/panlex-20191001-csv/2906#111019133>		"Adama mpe Eva"@ln	
"Giăng Báp-tít"@vi	<https://panlex.org/snapshot/panlex-20191001-csv/2906#111020428>				<https://panlex.org/snapshot/panlex-20191001-csv/2906#111020425>		"Yoane Mobatisi"@ln	
"tiếng"@vi	<https://panlex.org/snapshot/panlex-20191001-csv/8#112023>				<https://panlex.org/snapshot/panlex-20191001-csv/8#111969>		"lokóta"@ln	
"An Ba Ni"@vi	<https://panlex.org/snapshot/panlex-20191001-csv/10#645160>				<https://panlex.org/snapshot/panlex-20191001-csv/10#645113>		"Albania"@ln	
"ở đây"@vi	<https://panlex.org/snapshot/panlex-20191001-csv/10#598179>				<https://panlex.org/snapshot/panlex-20191001-csv/10#598155>		"áwa"@ln	
"gai"@vi	<https://panlex.org/snapshot/panlex-20191001-csv/10#622874>				<https://panlex.org/snapshot/panlex-20191001-csv/10#622848>		"nzúbɛ"@ln	
"Luân Đôn"@vi	<https://panlex.org/snapshot/panlex-20191001-csv/10#613052>				<https://panlex.org/snapshot/panlex-20191001-csv/10#613012>		"Londoni"@ln	
"Bung Ga Ri"@vi	<https://panlex.org/snapshot/panlex-20191001-csv/10#671397>				<https://panlex.org/snapshot/panlex-20191001-csv/10#671346>		"Bulgaria"@ln	
"Áo"@vi	<https://panlex.org/snapshot/panlex-20191001-csv/10#574430>				<https://panlex.org/snapshot/panlex-20191001-csv/10#574383>		"Otrish"@ln	
"Đan Mạch"@vi	<https://panlex.org/snapshot/panlex-20191001-csv/10#574013>				<https://panlex.org/snapshot/panlex-20191001-csv/10#573937>		"Denmark"@ln	
"nhôm"@vi	<https://panlex.org/snapshot/panlex-20191001-csv/10#607830>				<https://panlex.org/snapshot/panlex-20191001-csv/10#607807>		"aluminyu"@ln	
"Bosna và Hercegovina"@vi	<https://panlex.org/snapshot/panlex-20191001-csv/10#760081>				<https://panlex.org/snapshot/panlex-20191001-csv/10#760034>		"Bosnia na Erzegovina"@ln	
"sữa"@vi	<https://panlex.org/snapshot/panlex-20191001-csv/10#599960>				<https://panlex.org/snapshot/panlex-20191001-csv/10#599921>		"míliki"@ln	
"Pháp"@vi	<https://panlex.org/snapshot/panlex-20191001-csv/10#569007>				<https://panlex.org/snapshot/panlex-20191001-csv/10#568947>		"Falansia"@ln	
"Bê La Rut"@vi	<https://panlex.org/snapshot/panlex-20191001-csv/10#752744>				<https://panlex.org/snapshot/panlex-20191001-csv/10#752699>		"Bielorusia"@ln	
"Crô A Xi"@vi	<https://panlex.org/snapshot/panlex-20191001-csv/10#673817>				<https://panlex.org/snapshot/panlex-20191001-csv/10#673775>		"Kroasia"@ln	
"nhân"@vi	<https://panlex.org/snapshot/panlex-20191001-csv/15#962203>				<https://panlex.org/snapshot/panlex-20191001-csv/15#962194>		"motu"@ln	
"trả ngay"@vi	<https://panlex.org/snapshot/panlex-20191001-csv/5146#110886786>				<https://panlex.org/snapshot/panlex-20191001-csv/5146#110886764>		"-a mbongo"@ln	
"tự phục vụ"@vi	<https://panlex.org/snapshot/panlex-20191001-csv/5146#110888069>				<https://panlex.org/snapshot/panlex-20191001-csv/5146#110888055>		"bomibonzeli"@ln	
"kinh doanh"@vi	<https://panlex.org/snapshot/panlex-20191001-csv/5146#110885950>				<https://panlex.org/snapshot/panlex-20191001-csv/5146#110885929>		"makambo"@ln	
"kinh doanh"@vi	<https://panlex.org/snapshot/panlex-20191001-csv/5146#110885950>				<https://panlex.org/snapshot/panlex-20191001-csv/5146#110885928>		"mombongo"@ln	
"sản phẩm"@vi	<https://panlex.org/snapshot/panlex-20191001-csv/5146#110889021>				<https://panlex.org/snapshot/panlex-20191001-csv/5146#110889001>		"eloko"@ln	
"sản xuất tại"@vi	<https://panlex.org/snapshot/panlex-20191001-csv/5146#110887648>				<https://panlex.org/snapshot/panlex-20191001-csv/5146#110887622>		"esalemi na"@ln	
"sản xuất tại"@vi	<https://panlex.org/snapshot/panlex-20191001-csv/5146#110887648>				<https://panlex.org/snapshot/panlex-20191001-csv/5146#110887624>		"esalami na"@ln	
"sản xuất tại"@vi	<https://panlex.org/snapshot/panlex-20191001-csv/5146#110887648>				<https://panlex.org/snapshot/panlex-20191001-csv/5146#110887623>		"o"@ln	
"trung tâm thương mại"@vi	<https://panlex.org/snapshot/panlex-20191001-csv/5146#110886407>				<https://panlex.org/snapshot/panlex-20191001-csv/5146#110886394>		"nganda mombongo"@ln	
"khách hàng"@vi	<https://panlex.org/snapshot/panlex-20191001-csv/5146#110886552>				<https://panlex.org/snapshot/panlex-20191001-csv/5146#110886532>		"kiliya"@ln	
"người bán"@vi	<https://panlex.org/snapshot/panlex-20191001-csv/5146#110889953>				<https://panlex.org/snapshot/panlex-20191001-csv/5146#110889935>		"moteki"@ln	
"tấn công não"@vi	<https://panlex.org/snapshot/panlex-20191001-csv/5146#110889218>				<https://panlex.org/snapshot/panlex-20191001-csv/5146#110889200>		"ekumbaki bongo"@ln	
"nhà tổ chức du lịch"@vi	<https://panlex.org/snapshot/panlex-20191001-csv/5146#110890001>				<https://panlex.org/snapshot/panlex-20191001-csv/5146#110889982>		"mobembisi"@ln	
"nhu cầu"@vi	<https://panlex.org/snapshot/panlex-20191001-csv/5146#110886240>				<https://panlex.org/snapshot/panlex-20191001-csv/5146#110886222>		"masengisi"@ln	
"hợp đồng ủy thác"@vi	<https://panlex.org/snapshot/panlex-20191001-csv/5146#110887699>				<https://panlex.org/snapshot/panlex-20191001-csv/5146#110887690>		"liakalisi"@ln	
"hợp tác xã"@vi	<https://panlex.org/snapshot/panlex-20191001-csv/5146#110886928>				<https://panlex.org/snapshot/panlex-20191001-csv/5146#110886911>		"lisanga-lisungani"@ln	
"hợp tác xã"@vi	<https://panlex.org/snapshot/panlex-20191001-csv/5146#110886928>				<https://panlex.org/snapshot/panlex-20191001-csv/5146#110886910>		"lisanga-lisalisani"@ln	
"đặc trưng xí nghiệp"@vi	<https://panlex.org/snapshot/panlex-20191001-csv/5146#110887119>				<https://panlex.org/snapshot/panlex-20191001-csv/5146#110887103>		"ntoki ya lisanga"@ln	
"người mua"@vi	<https://panlex.org/snapshot/panlex-20191001-csv/5146#110885851>				<https://panlex.org/snapshot/panlex-20191001-csv/5146#110885831>		"mosombi"@ln	
"hợp đồng"@vi	<https://panlex.org/snapshot/panlex-20191001-csv/5146#110886874>				<https://panlex.org/snapshot/panlex-20191001-csv/5146#110886854>		"kontra"@ln	
"hợp đồng"@vi	<https://panlex.org/snapshot/panlex-20191001-csv/5146#110886874>				<https://panlex.org/snapshot/panlex-20191001-csv/5146#110886852>		"bobembabani"@ln	
"hợp đồng"@vi	<https://panlex.org/snapshot/panlex-20191001-csv/5146#110886874>				<https://panlex.org/snapshot/panlex-20191001-csv/5146#110886855>		"kontala"@ln	
"hợp đồng"@vi	<https://panlex.org/snapshot/panlex-20191001-csv/5146#110886874>				<https://panlex.org/snapshot/panlex-20191001-csv/5146#110886853>		"boyokani"@ln	
"tiền trả định kỳ"@vi	<https://panlex.org/snapshot/panlex-20191001-csv/5146#110889168>				<https://panlex.org/snapshot/panlex-20191001-csv/5146#110889145>		"mpako"@ln	
"cầu"@vi	<https://panlex.org/snapshot/panlex-20191001-csv/5146#110887288>				<https://panlex.org/snapshot/panlex-20191001-csv/5146#110887268>		"bosengi"@ln	
"cầu"@vi	<https://panlex.org/snapshot/panlex-20191001-csv/5146#110887288>				<https://panlex.org/snapshot/panlex-20191001-csv/5146#110887269>		"lisengi"@ln	
"xí nghiệp"@vi	<https://panlex.org/snapshot/panlex-20191001-csv/5146#110887500>				<https://panlex.org/snapshot/panlex-20191001-csv/5146#110887483>		"sosete"@ln	
"xí nghiệp"@vi	<https://panlex.org/snapshot/panlex-20191001-csv/5146#110887500>				<https://panlex.org/snapshot/panlex-20191001-csv/5146#110887482>		"kompanyi"@ln	
"hội tương tế"@vi	<https://panlex.org/snapshot/panlex-20191001-csv/5146#110888595>				<https://panlex.org/snapshot/panlex-20191001-csv/5146#110888576>		"moziki"@ln	
"ổ đĩa cứng"@vi	<https://panlex.org/snapshot/panlex-20191001-csv/11#837812>				<https://panlex.org/snapshot/panlex-20191001-csv/11#837781>		"diski ebómbelo enéne"@ln	
"mèo"@vi	<https://panlex.org/snapshot/panlex-20191001-csv/11#795692>				<https://panlex.org/snapshot/panlex-20191001-csv/11#795640>		"púsu"@ln	
"mèo"@vi	<https://panlex.org/snapshot/panlex-20191001-csv/11#795692>				<https://panlex.org/snapshot/panlex-20191001-csv/11#795639>		"nyáo"@ln	
"mèo"@vi	<https://panlex.org/snapshot/panlex-20191001-csv/11#795692>				<https://panlex.org/snapshot/panlex-20191001-csv/11#795638>		"nkɔ́ndɔkɔ́"@ln	
"nước"@vi	<https://panlex.org/snapshot/panlex-20191001-csv/11#787768>				<https://panlex.org/snapshot/panlex-20191001-csv/11#787625>		"mai"@ln	
"ổ cứng"@vi	<https://panlex.org/snapshot/panlex-20191001-csv/11#837811>				<https://panlex.org/snapshot/panlex-20191001-csv/11#837781>		"diski ebómbelo enéne"@ln	
"flo"@vi	<https://panlex.org/snapshot/panlex-20191001-csv/2893#110990571>				<https://panlex.org/snapshot/panlex-20191001-csv/2893#110990497>		"folina"@ln	
"bo"@vi	<https://panlex.org/snapshot/panlex-20191001-csv/2893#110989671>				<https://panlex.org/snapshot/panlex-20191001-csv/2893#110989839>		"bolo"@ln	
"clo"@vi	<https://panlex.org/snapshot/panlex-20191001-csv/2893#110992133>				<https://panlex.org/snapshot/panlex-20191001-csv/2893#110992196>		"koloki"@ln	
"magiê"@vi	<https://panlex.org/snapshot/panlex-20191001-csv/2893#110991240>				<https://panlex.org/snapshot/panlex-20191001-csv/2893#110991214>		"manezu"@ln	
"canxi"@vi	<https://panlex.org/snapshot/panlex-20191001-csv/2893#110992563>				<https://panlex.org/snapshot/panlex-20191001-csv/2893#110992481>		"kalisu"@ln	
"vàng"@vi	<https://panlex.org/snapshot/panlex-20191001-csv/2893#110995227>				<https://panlex.org/snapshot/panlex-20191001-csv/2893#110995226>		"wólo"@ln	
"silic"@vi	<https://panlex.org/snapshot/panlex-20191001-csv/2893#110991605>				<https://panlex.org/snapshot/panlex-20191001-csv/2893#110991452>		"siliki"@ln	
"neon"@vi	<https://panlex.org/snapshot/panlex-20191001-csv/2893#110990772>				<https://panlex.org/snapshot/panlex-20191001-csv/2893#110990827>		"neoni"@ln	
"platin"@vi	<https://panlex.org/snapshot/panlex-20191001-csv/2893#110994990>				<https://panlex.org/snapshot/panlex-20191001-csv/2893#110995089>		"palata"@ln	
"nitơ"@vi	<https://panlex.org/snapshot/panlex-20191001-csv/2893#110990211>				<https://panlex.org/snapshot/panlex-20191001-csv/2893#110990095>		"azoti"@ln	
"phốtpho"@vi	<https://panlex.org/snapshot/panlex-20191001-csv/2893#110991806>				<https://panlex.org/snapshot/panlex-20191001-csv/2893#110991725>		"fosofo"@ln	
"sắt"@vi	<https://panlex.org/snapshot/panlex-20191001-csv/2893#110992679>				<https://panlex.org/snapshot/panlex-20191001-csv/2893#110992780>		"ebendé"@ln	
"antimon"@vi	<https://panlex.org/snapshot/panlex-20191001-csv/2893#110994404>				<https://panlex.org/snapshot/panlex-20191001-csv/2893#110994458>		"antimoni"@ln	
"nhốm"@vi	<https://panlex.org/snapshot/panlex-20191001-csv/2893#110991331>				<https://panlex.org/snapshot/panlex-20191001-csv/2893#110991262>		"aluminyu"@ln	
"brôm"@vi	<https://panlex.org/snapshot/panlex-20191001-csv/2893#110993805>				<https://panlex.org/snapshot/panlex-20191001-csv/2893#110993859>		"bomo"@ln	
"kẽm"@vi	<https://panlex.org/snapshot/panlex-20191001-csv/2893#110993446>				<https://panlex.org/snapshot/panlex-20191001-csv/2893#110993489>		"zɛ́nki"@ln	
"hiđrô"@vi	<https://panlex.org/snapshot/panlex-20191001-csv/2893#110989315>				<https://panlex.org/snapshot/panlex-20191001-csv/2893#110989479>		"idrojɛ́ní"@ln	
"heli"@vi	<https://panlex.org/snapshot/panlex-20191001-csv/2893#110989496>				<https://panlex.org/snapshot/panlex-20191001-csv/2893#110989540>		"eliyúmu"@ln	
"ôxy"@vi	<https://panlex.org/snapshot/panlex-20191001-csv/2893#110990449>				<https://panlex.org/snapshot/panlex-20191001-csv/2893#110990481>		"oksijɛ́ní"@ln	
"niken"@vi	<https://panlex.org/snapshot/panlex-20191001-csv/2893#110993074>				<https://panlex.org/snapshot/panlex-20191001-csv/2893#110993020>		"nikɛ́li"@ln	
"urani"@vi	<https://panlex.org/snapshot/panlex-20191001-csv/2893#110995925>				<https://panlex.org/snapshot/panlex-20191001-csv/2893#110995940>		"ulanu"@ln	
"bảng tuần hoàn"@vi	<https://panlex.org/snapshot/panlex-20191001-csv/2893#110989245>				<https://panlex.org/snapshot/panlex-20191001-csv/2893#110989177>		"etánda ya bileko"@ln	
"thiếc"@vi	<https://panlex.org/snapshot/panlex-20191001-csv/2893#110994257>				<https://panlex.org/snapshot/panlex-20191001-csv/2893#110994309>		"etani"@ln	
"iốt"@vi	<https://panlex.org/snapshot/panlex-20191001-csv/2893#110994580>				<https://panlex.org/snapshot/panlex-20191001-csv/2893#110994662>		"ide"@ln	
"asen"@vi	<https://panlex.org/snapshot/panlex-20191001-csv/2893#110993581>				<https://panlex.org/snapshot/panlex-20191001-csv/2893#110993650>		"aseni"@ln	
"thủy ngân"@vi	<https://panlex.org/snapshot/panlex-20191001-csv/2893#110995499>				<https://panlex.org/snapshot/panlex-20191001-csv/2893#110995474>		"mekuli"@ln	
"cacbon"@vi	<https://panlex.org/snapshot/panlex-20191001-csv/2893#110989925>				<https://panlex.org/snapshot/panlex-20191001-csv/2893#110990055>		"kaboni"@ln	
"vonfram"@vi	<https://panlex.org/snapshot/panlex-20191001-csv/2893#110994809>				<https://panlex.org/snapshot/panlex-20191001-csv/2893#110994783>		"tungu"@ln	
"bạc"@vi	<https://panlex.org/snapshot/panlex-20191001-csv/2893#110994046>				<https://panlex.org/snapshot/panlex-20191001-csv/2893#110994142>		"sɛ́ngi"@ln	
"lưu huỳnh"@vi	<https://panlex.org/snapshot/panlex-20191001-csv/2893#110991841>				<https://panlex.org/snapshot/panlex-20191001-csv/2893#110991893>		"sufa"@ln	
"natri"@vi	<https://panlex.org/snapshot/panlex-20191001-csv/2893#110990946>				<https://panlex.org/snapshot/panlex-20191001-csv/2893#110990864>		"sodu"@ln	
"đồng"@vi	<https://panlex.org/snapshot/panlex-20191001-csv/2893#110993334>				<https://panlex.org/snapshot/panlex-20191001-csv/2893#110993358>		"mbengi"@ln	
"coban"@vi	<https://panlex.org/snapshot/panlex-20191001-csv/2893#110992889>				<https://panlex.org/snapshot/panlex-20191001-csv/2893#110992884>		"kobalti"@ln	
"chì"@vi	<https://panlex.org/snapshot/panlex-20191001-csv/2893#110995690>				<https://panlex.org/snapshot/panlex-20191001-csv/2893#110995639>		"kubéle"@ln	
"kali"@vi	<https://panlex.org/snapshot/panlex-20191001-csv/2893#110992321>				<https://panlex.org/snapshot/panlex-20191001-csv/2893#110992301>		"potasu"@ln	
"thứ hai"@vi	<https://panlex.org/snapshot/panlex-20191001-csv/2892#110824320>				<https://panlex.org/snapshot/panlex-20191001-csv/2892#110824287>		"mokɔlɔ ya libosó"@ln	
"thứ bảy"@vi	<https://panlex.org/snapshot/panlex-20191001-csv/2892#110826407>				<https://panlex.org/snapshot/panlex-20191001-csv/2892#110826272>		"mpɔ́sɔ"@ln	
"thứ sáu"@vi	<https://panlex.org/snapshot/panlex-20191001-csv/2892#110826012>				<https://panlex.org/snapshot/panlex-20191001-csv/2892#110826115>		"mokɔlɔ ya mítáno"@ln	
"thứ ba"@vi	<https://panlex.org/snapshot/panlex-20191001-csv/2892#110824525>				<https://panlex.org/snapshot/panlex-20191001-csv/2892#110824588>		"mokɔlɔ ya míbalé"@ln	
"thứ năm"@vi	<https://panlex.org/snapshot/panlex-20191001-csv/2892#110825678>				<https://panlex.org/snapshot/panlex-20191001-csv/2892#110825591>		"mokɔlɔ ya mínéi"@ln	
"thứ tư"@vi	<https://panlex.org/snapshot/panlex-20191001-csv/2892#110825108>				<https://panlex.org/snapshot/panlex-20191001-csv/2892#110824988>		"mokɔlɔ ya mísáto"@ln	
"chủ nhật"@vi	<https://panlex.org/snapshot/panlex-20191001-csv/2892#110826847>				<https://panlex.org/snapshot/panlex-20191001-csv/2892#110826597>		"eyenga"@ln	
"chủ nhật"@vi	<https://panlex.org/snapshot/panlex-20191001-csv/2892#110826847>				<https://panlex.org/snapshot/panlex-20191001-csv/2892#110826697>		"lomíngo"@ln	
"tháng mười một"@vi	<https://panlex.org/snapshot/panlex-20191001-csv/2897#110831454>				<https://panlex.org/snapshot/panlex-20191001-csv/2897#110831187>		"novɛ́mbɛ"@ln	
"tháng mười một"@vi	<https://panlex.org/snapshot/panlex-20191001-csv/2897#110831454>				<https://panlex.org/snapshot/panlex-20191001-csv/2897#110831162>		"sánzá ya zómí na mɔ̌kɔ́"@ln	
"tháng năm"@vi	<https://panlex.org/snapshot/panlex-20191001-csv/2897#110829063>				<https://panlex.org/snapshot/panlex-20191001-csv/2897#110828844>		"sánzá ya mítáno"@ln	
"tháng năm"@vi	<https://panlex.org/snapshot/panlex-20191001-csv/2897#110829063>				<https://panlex.org/snapshot/panlex-20191001-csv/2897#110828811>		"máyí"@ln	
"tháng tư"@vi	<https://panlex.org/snapshot/panlex-20191001-csv/2897#110828266>				<https://panlex.org/snapshot/panlex-20191001-csv/2897#110828271>		"apríli"@ln	
"tháng tư"@vi	<https://panlex.org/snapshot/panlex-20191001-csv/2897#110828266>				<https://panlex.org/snapshot/panlex-20191001-csv/2897#110828555>		"sánzá ya mínéi"@ln	
"tháng ba"@vi	<https://panlex.org/snapshot/panlex-20191001-csv/2897#110828149>				<https://panlex.org/snapshot/panlex-20191001-csv/2897#110828207>		"mársi"@ln	
"tháng ba"@vi	<https://panlex.org/snapshot/panlex-20191001-csv/2897#110828149>				<https://panlex.org/snapshot/panlex-20191001-csv/2897#110828141>		"sánzá ya mísáto"@ln	
"tháng một"@vi	<https://panlex.org/snapshot/panlex-20191001-csv/2897#110827432>				<https://panlex.org/snapshot/panlex-20191001-csv/2897#110827146>		"yanwáli"@ln	
"tháng một"@vi	<https://panlex.org/snapshot/panlex-20191001-csv/2897#110827432>				<https://panlex.org/snapshot/panlex-20191001-csv/2897#110827289>		"sánzá ya yambo"@ln	
"tháng mười"@vi	<https://panlex.org/snapshot/panlex-20191001-csv/2897#110831084>				<https://panlex.org/snapshot/panlex-20191001-csv/2897#110830854>		"sánzá ya zómí"@ln	
"tháng mười"@vi	<https://panlex.org/snapshot/panlex-20191001-csv/2897#110831084>				<https://panlex.org/snapshot/panlex-20191001-csv/2897#110830998>		"ɔkɔtɔ́bɛ"@ln	
"tháng tám"@vi	<https://panlex.org/snapshot/panlex-20191001-csv/2897#110830044>				<https://panlex.org/snapshot/panlex-20191001-csv/2897#110829895>		"sánzá ya mwambe"@ln	
"tháng tám"@vi	<https://panlex.org/snapshot/panlex-20191001-csv/2897#110830044>				<https://panlex.org/snapshot/panlex-20191001-csv/2897#110830043>		"augústo"@ln	
"tháng mười hai"@vi	<https://panlex.org/snapshot/panlex-20191001-csv/2897#110831745>				<https://panlex.org/snapshot/panlex-20191001-csv/2897#110831830>		"dɛsɛ́mbɛ"@ln	
"tháng mười hai"@vi	<https://panlex.org/snapshot/panlex-20191001-csv/2897#110831745>				<https://panlex.org/snapshot/panlex-20191001-csv/2897#110831682>		"sánzá ya zómí na míbalé"@ln	
"tháng hai"@vi	<https://panlex.org/snapshot/panlex-20191001-csv/2897#110827815>				<https://panlex.org/snapshot/panlex-20191001-csv/2897#110827797>		"sánzá ya míbalé"@ln	
"tháng hai"@vi	<https://panlex.org/snapshot/panlex-20191001-csv/2897#110827815>				<https://panlex.org/snapshot/panlex-20191001-csv/2897#110827674>		"febwáli"@ln	
"tháng chín"@vi	<https://panlex.org/snapshot/panlex-20191001-csv/2897#110830409>				<https://panlex.org/snapshot/panlex-20191001-csv/2897#110830333>		"sánzá ya libwa"@ln	
"tháng chín"@vi	<https://panlex.org/snapshot/panlex-20191001-csv/2897#110830409>				<https://panlex.org/snapshot/panlex-20191001-csv/2897#110830404>		"sɛtɛ́mbɛ"@ln	
"tháng bảy"@vi	<https://panlex.org/snapshot/panlex-20191001-csv/2897#110829654>				<https://panlex.org/snapshot/panlex-20191001-csv/2897#110829855>		"sánzá ya nsambo"@ln	
"tháng bảy"@vi	<https://panlex.org/snapshot/panlex-20191001-csv/2897#110829654>				<https://panlex.org/snapshot/panlex-20191001-csv/2897#110829638>		"yúli"@ln	
"tháng sáu"@vi	<https://panlex.org/snapshot/panlex-20191001-csv/2897#110829240>				<https://panlex.org/snapshot/panlex-20191001-csv/2897#110829467>		"sánzá ya motóbá"@ln	
"tháng sáu"@vi	<https://panlex.org/snapshot/panlex-20191001-csv/2897#110829240>				<https://panlex.org/snapshot/panlex-20191001-csv/2897#110829415>		"yúni"@ln	
"Châu Âu"@vi	<https://panlex.org/snapshot/panlex-20191001-csv/2891#110854322>				<https://panlex.org/snapshot/panlex-20191001-csv/2891#110854221>		"Erópa"@ln	
"Châu Phi"@vi	<https://panlex.org/snapshot/panlex-20191001-csv/2891#110853010>				<https://panlex.org/snapshot/panlex-20191001-csv/2891#110853216>		"Afilíka"@ln	
"Châu Phi"@vi	<https://panlex.org/snapshot/panlex-20191001-csv/2891#110853010>				<https://panlex.org/snapshot/panlex-20191001-csv/2891#110853141>		"Afríka"@ln	
"Châu Mỹ"@vi	<https://panlex.org/snapshot/panlex-20191001-csv/2891#110853264>				<https://panlex.org/snapshot/panlex-20191001-csv/2891#110853295>		"Ameríka"@ln	
"Châu Á"@vi	<https://panlex.org/snapshot/panlex-20191001-csv/2891#110853836>				<https://panlex.org/snapshot/panlex-20191001-csv/2891#110853781>		"Azía"@ln	
"Thợ Săn"@vi	<https://panlex.org/snapshot/panlex-20191001-csv/2890#111030592>				<https://panlex.org/snapshot/panlex-20191001-csv/2890#111030595>		"Mitó mya ekange"@ln	
"Gấu Nhỏ"@vi	<https://panlex.org/snapshot/panlex-20191001-csv/2890#111033133>				<https://panlex.org/snapshot/panlex-20191001-csv/2890#111033060>		"Motóngolóngo"@ln	
"Gấu Lớn"@vi	<https://panlex.org/snapshot/panlex-20191001-csv/2890#111032997>				<https://panlex.org/snapshot/panlex-20191001-csv/2890#111033003>		"Ndambákole"@ln	
