"wichuʼ"@chf	<https://panlex.org/snapshot/panlex-20191001-csv/3776#91583092>				<https://panlex.org/snapshot/panlex-20191001-csv/3776#91583136>		"tzʼiʼ"@kek	
"kʼin"@chf	<https://panlex.org/snapshot/panlex-20191001-csv/3776#91667743>				<https://panlex.org/snapshot/panlex-20191001-csv/3776#91667773>		"saqʼe"@kek	
"chatu"@chf	<https://panlex.org/snapshot/panlex-20191001-csv/3776#91649684>				<https://panlex.org/snapshot/panlex-20191001-csv/3776#91649722>		"kaʼibʼ"@kek	
"jaʼ"@chf	<https://panlex.org/snapshot/panlex-20191001-csv/3776#91639784>				<https://panlex.org/snapshot/panlex-20191001-csv/3776#91639828>		"haʼ"@kek	
"chan"@chf	<https://panlex.org/snapshot/panlex-20191001-csv/3776#91630262>				<https://panlex.org/snapshot/panlex-20191001-csv/3776#91630308>		"kʼaantiiʼ"@kek	
"yɨx"@chf	<https://panlex.org/snapshot/panlex-20191001-csv/3776#91675787>				<https://panlex.org/snapshot/panlex-20191001-csv/3776#91675823>		"raax"@kek	
"untu"@chf	<https://panlex.org/snapshot/panlex-20191001-csv/3776#91649490>				<https://panlex.org/snapshot/panlex-20191001-csv/3776#91649530>		"jun"@kek	
"kʼɨn"@chf	<https://panlex.org/snapshot/panlex-20191001-csv/3776#91675709>				<https://panlex.org/snapshot/panlex-20191001-csv/3776#91675742>		"qʼan"@kek	
"pum"@chf	<https://panlex.org/snapshot/panlex-20191001-csv/3776#91668070>				<https://panlex.org/snapshot/panlex-20191001-csv/3776#91668095>		"maax"@kek	
"mut"@chf	<https://panlex.org/snapshot/panlex-20191001-csv/3776#91580301>				<https://panlex.org/snapshot/panlex-20191001-csv/3776#91580348>		"tzʼik"@kek	
"chɨk"@chf	<https://panlex.org/snapshot/panlex-20191001-csv/3776#91666953>				<https://panlex.org/snapshot/panlex-20191001-csv/3776#91666999>		"kaq"@kek	
"ixik"@chf	<https://panlex.org/snapshot/panlex-20191001-csv/3776#91640760>				<https://panlex.org/snapshot/panlex-20191001-csv/3776#91640828>		"ixq"@kek	
"mɨlu"@chf	<https://panlex.org/snapshot/panlex-20191001-csv/3776#91600656>				<https://panlex.org/snapshot/panlex-20191001-csv/3776#91600726>		"kar"@kek	
