"uma"@ay	<https://panlex.org/snapshot/panlex-20191001-csv/2131#11695138>				<https://panlex.org/snapshot/panlex-20191001-csv/2131#11695177>		"wai"@haw	
"warmi"@ay	<https://panlex.org/snapshot/panlex-20191001-csv/5950#85865150>				<https://panlex.org/snapshot/panlex-20191001-csv/5950#85865185>		"wahine"@haw	
"kirkiña"@ay	<https://panlex.org/snapshot/panlex-20191001-csv/5947#84915484>				<https://panlex.org/snapshot/panlex-20191001-csv/5947#84915512>		"mele"@haw	
"janq’u"@ay	<https://panlex.org/snapshot/panlex-20191001-csv/5947#84639681>				<https://panlex.org/snapshot/panlex-20191001-csv/5947#84639753>		"kea"@haw	
"janq’u"@ay	<https://panlex.org/snapshot/panlex-20191001-csv/5947#84639681>				<https://panlex.org/snapshot/panlex-20191001-csv/5947#84639752>		"keʻokeʻo"@haw	
"suma navidad"@ay	<https://panlex.org/snapshot/panlex-20191001-csv/5947#84615692>				<https://panlex.org/snapshot/panlex-20191001-csv/5947#84615724>		"mele Kalikimaka"@haw	
"Bilkiya"@ay	<https://panlex.org/snapshot/panlex-20191001-csv/5947#84584337>				<https://panlex.org/snapshot/panlex-20191001-csv/5947#84584410>		"Pelekiuma"@haw	
"chichu"@ay	<https://panlex.org/snapshot/panlex-20191001-csv/5947#84851404>				<https://panlex.org/snapshot/panlex-20191001-csv/5947#84851458>		"Ianuali"@haw	
"k'awna"@ay	<https://panlex.org/snapshot/panlex-20191001-csv/5947#84707431>				<https://panlex.org/snapshot/panlex-20191001-csv/5947#84707487>		"hua"@haw	
"k'awna"@ay	<https://panlex.org/snapshot/panlex-20191001-csv/5947#84707431>				<https://panlex.org/snapshot/panlex-20191001-csv/5947#84707486>		"hua moa"@haw	
"qasïwi"@ay	<https://panlex.org/snapshot/panlex-20191001-csv/5947#84744020>				<https://panlex.org/snapshot/panlex-20191001-csv/5947#84744060>		"Mei"@haw	
"llamp'u phaxsi"@ay	<https://panlex.org/snapshot/panlex-20191001-csv/5947#84888315>				<https://panlex.org/snapshot/panlex-20191001-csv/5947#84888349>		"Kepakemapa"@haw	
"Iwrupa"@ay	<https://panlex.org/snapshot/panlex-20191001-csv/5940#81279706>				<https://panlex.org/snapshot/panlex-20191001-csv/5940#81279737>		"ʻEulopa"@haw	
"chichillanka"@ay	<https://panlex.org/snapshot/panlex-20191001-csv/5939#80817240>				<https://panlex.org/snapshot/panlex-20191001-csv/5939#80817249>		"lele"@haw	
"chichillanka"@ay	<https://panlex.org/snapshot/panlex-20191001-csv/5939#80817240>				<https://panlex.org/snapshot/panlex-20191001-csv/5939#80817248>		"nalo"@haw	
"anata phaxsi"@ay	<https://panlex.org/snapshot/panlex-20191001-csv/5939#80811195>				<https://panlex.org/snapshot/panlex-20191001-csv/5939#80811238>		"Pepeluali"@haw	
"Iwrupa"@ay	<https://panlex.org/snapshot/panlex-20191001-csv/5939#80806590>				<https://panlex.org/snapshot/panlex-20191001-csv/5939#80806621>		"ʻEulopa"@haw	
"jallu"@ay	<https://panlex.org/snapshot/panlex-20191001-csv/5946#84436239>				<https://panlex.org/snapshot/panlex-20191001-csv/5946#84436294>		"ua"@haw	
"k'ayra"@ay	<https://panlex.org/snapshot/panlex-20191001-csv/5946#84446387>				<https://panlex.org/snapshot/panlex-20191001-csv/5946#84446422>		"poloka"@haw	
"lirpu"@ay	<https://panlex.org/snapshot/panlex-20191001-csv/5946#84446118>				<https://panlex.org/snapshot/panlex-20191001-csv/5946#84446194>		"aniani"@haw	
"challwa"@ay	<https://panlex.org/snapshot/panlex-20191001-csv/5946#84454724>				<https://panlex.org/snapshot/panlex-20191001-csv/5946#84454759>		"iʻa"@haw	
"llumpaqa"@ay	<https://panlex.org/snapshot/panlex-20191001-csv/5949#85329278>				<https://panlex.org/snapshot/panlex-20191001-csv/5949#85329358>		"ʻAukake"@haw	
"Berlin"@ay	<https://panlex.org/snapshot/panlex-20191001-csv/5949#85302384>				<https://panlex.org/snapshot/panlex-20191001-csv/5949#85302435>		"Pelelina"@haw	
"Rusiya"@ay	<https://panlex.org/snapshot/panlex-20191001-csv/5949#85319395>				<https://panlex.org/snapshot/panlex-20191001-csv/5949#85319463>		"Rūsia"@haw	
"Inti"@ay	<https://panlex.org/snapshot/panlex-20191001-csv/5949#85320862>				<https://panlex.org/snapshot/panlex-20191001-csv/5949#85320909>		"Lā"@haw	
"Pekin'"@ay	<https://panlex.org/snapshot/panlex-20191001-csv/5949#85317937>				<https://panlex.org/snapshot/panlex-20191001-csv/5949#85317982>		"Beijing"@haw	
"Willka"@ay	<https://panlex.org/snapshot/panlex-20191001-csv/5949#85320863>				<https://panlex.org/snapshot/panlex-20191001-csv/5949#85320909>		"Lā"@haw	
"Iwrupa"@ay	<https://panlex.org/snapshot/panlex-20191001-csv/5949#85308492>				<https://panlex.org/snapshot/panlex-20191001-csv/5949#85308545>		"'Eulopa"@haw	
"Biblia"@ay	<https://panlex.org/snapshot/panlex-20191001-csv/5949#85302634>				<https://panlex.org/snapshot/panlex-20191001-csv/5949#85302687>		"Paipala"@haw	
"Phransiya"@ay	<https://panlex.org/snapshot/panlex-20191001-csv/5949#85323534>				<https://panlex.org/snapshot/panlex-20191001-csv/5949#85323577>		"Palani"@haw	
"laka ch'aka"@ay	<https://panlex.org/snapshot/panlex-20191001-csv/5942#83281029>				<https://panlex.org/snapshot/panlex-20191001-csv/5942#83281052>		"niho"@haw	
"quri"@ay	<https://panlex.org/snapshot/panlex-20191001-csv/5942#83283854>				<https://panlex.org/snapshot/panlex-20191001-csv/5942#83283871>		"kula"@haw	
"warawara"@ay	<https://panlex.org/snapshot/panlex-20191001-csv/5942#83281550>				<https://panlex.org/snapshot/panlex-20191001-csv/5942#83281569>		"hōkū"@haw	
"allu"@ay	<https://panlex.org/snapshot/panlex-20191001-csv/5943#83395557>				<https://panlex.org/snapshot/panlex-20191001-csv/5943#83395585>		"ule"@haw	
"ttantta"@ay	<https://panlex.org/snapshot/panlex-20191001-csv/5943#83364533>				<https://panlex.org/snapshot/panlex-20191001-csv/5943#83364553>		"palaoa"@haw	
"puraka"@ay	<https://panlex.org/snapshot/panlex-20191001-csv/5943#83372617>				<https://panlex.org/snapshot/panlex-20191001-csv/5943#83372637>		"'ōpū"@haw	
"puraka"@ay	<https://panlex.org/snapshot/panlex-20191001-csv/5943#83372617>				<https://panlex.org/snapshot/panlex-20191001-csv/5943#83372638>		"'opu"@haw	
"laḳˀa"@ay	<https://panlex.org/snapshot/panlex-20191001-csv/1573#50082618>				<https://panlex.org/snapshot/panlex-20191001-csv/1573#50082710>		"uahi"@haw	
"laḳˀa"@ay	<https://panlex.org/snapshot/panlex-20191001-csv/1573#50082618>				<https://panlex.org/snapshot/panlex-20191001-csv/1573#50082707>		"kuehu"@haw	
"laḳˀa"@ay	<https://panlex.org/snapshot/panlex-20191001-csv/1573#50082618>				<https://panlex.org/snapshot/panlex-20191001-csv/1573#50082706>		"ehu lepo"@haw	
"laḳˀa"@ay	<https://panlex.org/snapshot/panlex-20191001-csv/1573#50082618>				<https://panlex.org/snapshot/panlex-20191001-csv/1573#50082708>		"lelehuna"@haw	
"laḳˀa"@ay	<https://panlex.org/snapshot/panlex-20191001-csv/1573#50082618>				<https://panlex.org/snapshot/panlex-20191001-csv/1573#50082709>		"lepo ʔaeʔae"@haw	
"laḳˀa"@ay	<https://panlex.org/snapshot/panlex-20191001-csv/1573#50082618>				<https://panlex.org/snapshot/panlex-20191001-csv/1573#50082705>		"ehu"@haw	
"laḳˀa"@ay	<https://panlex.org/snapshot/panlex-20191001-csv/1573#50082618>				<https://panlex.org/snapshot/panlex-20191001-csv/1573#50082711>		"ʔehu"@haw	
"uma"@ay	<https://panlex.org/snapshot/panlex-20191001-csv/1573#50085650>				<https://panlex.org/snapshot/panlex-20191001-csv/1573#50085730>		"wai"@haw	
"ali"@ay	<https://panlex.org/snapshot/panlex-20191001-csv/1573#50089944>				<https://panlex.org/snapshot/panlex-20191001-csv/1573#50090035>		"lāʔau"@haw	
"ali"@ay	<https://panlex.org/snapshot/panlex-20191001-csv/1573#50089944>				<https://panlex.org/snapshot/panlex-20191001-csv/1573#50090034>		"kumu-lāʔau"@haw	
"ali"@ay	<https://panlex.org/snapshot/panlex-20191001-csv/1573#50089944>				<https://panlex.org/snapshot/panlex-20191001-csv/1573#50090033>		"kumu"@haw	
"ḳala"@ay	<https://panlex.org/snapshot/panlex-20191001-csv/1573#50090474>				<https://panlex.org/snapshot/panlex-20191001-csv/1573#50090600>		"ʔaʔā"@haw	
"ḳala"@ay	<https://panlex.org/snapshot/panlex-20191001-csv/1573#50090474>				<https://panlex.org/snapshot/panlex-20191001-csv/1573#50090597>		"pā-hoehoe"@haw	
"ḳala"@ay	<https://panlex.org/snapshot/panlex-20191001-csv/1573#50090474>				<https://panlex.org/snapshot/panlex-20191001-csv/1573#50090599>		"ʔalā"@haw	
"ḳala"@ay	<https://panlex.org/snapshot/panlex-20191001-csv/1573#50090474>				<https://panlex.org/snapshot/panlex-20191001-csv/1573#50090602>		"ʔā"@haw	
"ḳala"@ay	<https://panlex.org/snapshot/panlex-20191001-csv/1573#50090474>				<https://panlex.org/snapshot/panlex-20191001-csv/1573#50090601>		"ʔili-ʔili"@haw	
"ḳala"@ay	<https://panlex.org/snapshot/panlex-20191001-csv/1573#50090474>				<https://panlex.org/snapshot/panlex-20191001-csv/1573#50090598>		"pōhaku"@haw	
"ḳuta-ɲa"@ay	<https://panlex.org/snapshot/panlex-20191001-csv/1573#50087254>				<https://panlex.org/snapshot/panlex-20191001-csv/1573#50087304>		"loko kai"@haw	
"ḳuta-ɲa"@ay	<https://panlex.org/snapshot/panlex-20191001-csv/1573#50087254>				<https://panlex.org/snapshot/panlex-20191001-csv/1573#50087303>		"kuaʔau"@haw	
"ḳuta-ɲa"@ay	<https://panlex.org/snapshot/panlex-20191001-csv/1573#50087254>				<https://panlex.org/snapshot/panlex-20191001-csv/1573#50087302>		"kiʔo wai"@haw	
"ḳuta-ɲa"@ay	<https://panlex.org/snapshot/panlex-20191001-csv/1573#50087254>				<https://panlex.org/snapshot/panlex-20191001-csv/1573#50087301>		"kai kohola"@haw	
"ḳuta-ɲa"@ay	<https://panlex.org/snapshot/panlex-20191001-csv/1573#50087254>				<https://panlex.org/snapshot/panlex-20191001-csv/1573#50087305>		"loko wai"@haw	
"inti"@ay	<https://panlex.org/snapshot/panlex-20191001-csv/1573#50091304>				<https://panlex.org/snapshot/panlex-20191001-csv/1573#50091387>		"lā"@haw	
"pʰaxča"@ay	<https://panlex.org/snapshot/panlex-20191001-csv/1573#50089465>				<https://panlex.org/snapshot/panlex-20191001-csv/1573#50089532>		"wai-lele"@haw	
"ɲiḳˀi"@ay	<https://panlex.org/snapshot/panlex-20191001-csv/1573#50082891>				<https://panlex.org/snapshot/panlex-20191001-csv/1573#50082997>		"pālolo"@haw	
"ɲiḳˀi"@ay	<https://panlex.org/snapshot/panlex-20191001-csv/1573#50082891>				<https://panlex.org/snapshot/panlex-20191001-csv/1573#50082995>		"kele-kele"@haw	
"ɲiḳˀi"@ay	<https://panlex.org/snapshot/panlex-20191001-csv/1573#50082891>				<https://panlex.org/snapshot/panlex-20191001-csv/1573#50082996>		"lepo ʔūkele"@haw	
"mama-ḳuta"@ay	<https://panlex.org/snapshot/panlex-20191001-csv/1573#50086698>				<https://panlex.org/snapshot/panlex-20191001-csv/1573#50086755>		"moana"@haw	
"mama-ḳuta"@ay	<https://panlex.org/snapshot/panlex-20191001-csv/1573#50086698>				<https://panlex.org/snapshot/panlex-20191001-csv/1573#50086754>		"kai"@haw	
"uxi"@ay	<https://panlex.org/snapshot/panlex-20191001-csv/1573#50087635>				<https://panlex.org/snapshot/panlex-20191001-csv/1573#50087713>		"nalu"@haw	
"uxi"@ay	<https://panlex.org/snapshot/panlex-20191001-csv/1573#50087635>				<https://panlex.org/snapshot/panlex-20191001-csv/1573#50087714>		"ʔale"@haw	
"ḳuta"@ay	<https://panlex.org/snapshot/panlex-20191001-csv/1573#50086882>				<https://panlex.org/snapshot/panlex-20191001-csv/1573#50086964>		"loko wai"@haw	
"ḳuta"@ay	<https://panlex.org/snapshot/panlex-20191001-csv/1573#50086882>				<https://panlex.org/snapshot/panlex-20191001-csv/1573#50086963>		"loko"@haw	
"alax-pača"@ay	<https://panlex.org/snapshot/panlex-20191001-csv/1573#50091051>				<https://panlex.org/snapshot/panlex-20191001-csv/1573#50091136>		"lani"@haw	
"kˀulʸu"@ay	<https://panlex.org/snapshot/panlex-20191001-csv/1573#50090199>				<https://panlex.org/snapshot/panlex-20191001-csv/1573#50090284>		"lāʔau"@haw	
"wilʸka"@ay	<https://panlex.org/snapshot/panlex-20191001-csv/1573#50091305>				<https://panlex.org/snapshot/panlex-20191001-csv/1573#50091387>		"lā"@haw	
"ḳuḳa"@ay	<https://panlex.org/snapshot/panlex-20191001-csv/1573#50089945>				<https://panlex.org/snapshot/panlex-20191001-csv/1573#50090035>		"lāʔau"@haw	
"ḳuḳa"@ay	<https://panlex.org/snapshot/panlex-20191001-csv/1573#50089945>				<https://panlex.org/snapshot/panlex-20191001-csv/1573#50090034>		"kumu-lāʔau"@haw	
"ḳuḳa"@ay	<https://panlex.org/snapshot/panlex-20191001-csv/1573#50089945>				<https://panlex.org/snapshot/panlex-20191001-csv/1573#50090033>		"kumu"@haw	
"ḳʰuči"@ay	<https://panlex.org/snapshot/panlex-20191001-csv/1573#50089211>				<https://panlex.org/snapshot/panlex-20191001-csv/1573#50089300>		"pohō"@haw	
"ḳʰuči"@ay	<https://panlex.org/snapshot/panlex-20191001-csv/1573#50089211>				<https://panlex.org/snapshot/panlex-20191001-csv/1573#50089298>		"kele"@haw	
"ḳʰuči"@ay	<https://panlex.org/snapshot/panlex-20191001-csv/1573#50089211>				<https://panlex.org/snapshot/panlex-20191001-csv/1573#50089299>		"naele"@haw	
"čˀalʸa"@ay	<https://panlex.org/snapshot/panlex-20191001-csv/1573#50083180>				<https://panlex.org/snapshot/panlex-20191001-csv/1573#50083258>		"one-one"@haw	
"čˀalʸa"@ay	<https://panlex.org/snapshot/panlex-20191001-csv/1573#50083180>				<https://panlex.org/snapshot/panlex-20191001-csv/1573#50083257>		"one"@haw	
"uraḳi"@ay	<https://panlex.org/snapshot/panlex-20191001-csv/1573#50082305>				<https://panlex.org/snapshot/panlex-20191001-csv/1573#50082406>		"lepo hānai"@haw	
"uraḳi"@ay	<https://panlex.org/snapshot/panlex-20191001-csv/1573#50082305>				<https://panlex.org/snapshot/panlex-20191001-csv/1573#50082405>		"lepo"@haw	
"uraḳi"@ay	<https://panlex.org/snapshot/panlex-20191001-csv/1573#50082305>				<https://panlex.org/snapshot/panlex-20191001-csv/1573#50082407>		"one"@haw	
"uraḳi"@ay	<https://panlex.org/snapshot/panlex-20191001-csv/1573#50082305>				<https://panlex.org/snapshot/panlex-20191001-csv/1573#50082408>		"ʔeka"@haw	
"uraḳi"@ay	<https://panlex.org/snapshot/panlex-20191001-csv/1573#50081974>				<https://panlex.org/snapshot/panlex-20191001-csv/1573#50082077>		"honua"@haw	
"uraḳi"@ay	<https://panlex.org/snapshot/panlex-20191001-csv/1573#50081974>				<https://panlex.org/snapshot/panlex-20191001-csv/1573#50082076>		"ao"@haw	
"uraḳi"@ay	<https://panlex.org/snapshot/panlex-20191001-csv/1573#50081974>				<https://panlex.org/snapshot/panlex-20191001-csv/1573#50082078>		"ʔāina"@haw	
"pʰučˀu"@ay	<https://panlex.org/snapshot/panlex-20191001-csv/1573#50088852>				<https://panlex.org/snapshot/panlex-20191001-csv/1573#50088976>		"māpuna"@haw	
"pʰučˀu"@ay	<https://panlex.org/snapshot/panlex-20191001-csv/1573#50088852>				<https://panlex.org/snapshot/panlex-20191001-csv/1573#50088975>		"kumu wai"@haw	
"pʰučˀu"@ay	<https://panlex.org/snapshot/panlex-20191001-csv/1573#50088852>				<https://panlex.org/snapshot/panlex-20191001-csv/1573#50088978>		"wai māpuna"@haw	
"pʰučˀu"@ay	<https://panlex.org/snapshot/panlex-20191001-csv/1573#50088852>				<https://panlex.org/snapshot/panlex-20191001-csv/1573#50088977>		"puna"@haw	
"pʰučˀu"@ay	<https://panlex.org/snapshot/panlex-20191001-csv/1573#50088852>				<https://panlex.org/snapshot/panlex-20191001-csv/1573#50088979>		"wai puna"@haw	
"xupʰuḳu"@ay	<https://panlex.org/snapshot/panlex-20191001-csv/1573#50086483>				<https://panlex.org/snapshot/panlex-20191001-csv/1573#50086550>		"huʔa"@haw	
"xupʰuḳu"@ay	<https://panlex.org/snapshot/panlex-20191001-csv/1573#50086483>				<https://panlex.org/snapshot/panlex-20191001-csv/1573#50086551>		"ʔehu"@haw	
"isla"@ay	<https://panlex.org/snapshot/panlex-20191001-csv/1573#50084705>				<https://panlex.org/snapshot/panlex-20191001-csv/1573#50084774>		"ʔailana"@haw	
"isla"@ay	<https://panlex.org/snapshot/panlex-20191001-csv/1573#50084705>				<https://panlex.org/snapshot/panlex-20191001-csv/1573#50084771>		"moku"@haw	
"isla"@ay	<https://panlex.org/snapshot/panlex-20191001-csv/1573#50084705>				<https://panlex.org/snapshot/panlex-20191001-csv/1573#50084772>		"moku-puni"@haw	
"isla"@ay	<https://panlex.org/snapshot/panlex-20191001-csv/1573#50084705>				<https://panlex.org/snapshot/panlex-20191001-csv/1573#50084773>		"moku-ʔāina"@haw	
"pampa"@ay	<https://panlex.org/snapshot/panlex-20191001-csv/1573#50084148>				<https://panlex.org/snapshot/panlex-20191001-csv/1573#50084269>		"ʔāina pāpū"@haw	
"pampa"@ay	<https://panlex.org/snapshot/panlex-20191001-csv/1573#50084148>				<https://panlex.org/snapshot/panlex-20191001-csv/1573#50084268>		"ʔāina pālaha-laha"@haw	
"pampa"@ay	<https://panlex.org/snapshot/panlex-20191001-csv/1573#50084148>				<https://panlex.org/snapshot/panlex-20191001-csv/1573#50084266>		"kula"@haw	
"pampa"@ay	<https://panlex.org/snapshot/panlex-20191001-csv/1573#50084148>				<https://panlex.org/snapshot/panlex-20191001-csv/1573#50084267>		"kīhāpai"@haw	
"lamara"@ay	<https://panlex.org/snapshot/panlex-20191001-csv/1573#50085913>				<https://panlex.org/snapshot/panlex-20191001-csv/1573#50085983>		"moana"@haw	
"lamara"@ay	<https://panlex.org/snapshot/panlex-20191001-csv/1573#50085913>				<https://panlex.org/snapshot/panlex-20191001-csv/1573#50085982>		"kai"@haw	
"pʰusu"@ay	<https://panlex.org/snapshot/panlex-20191001-csv/1573#50089210>				<https://panlex.org/snapshot/panlex-20191001-csv/1573#50089300>		"pohō"@haw	
"pʰusu"@ay	<https://panlex.org/snapshot/panlex-20191001-csv/1573#50089210>				<https://panlex.org/snapshot/panlex-20191001-csv/1573#50089298>		"kele"@haw	
"pʰusu"@ay	<https://panlex.org/snapshot/panlex-20191001-csv/1573#50089210>				<https://panlex.org/snapshot/panlex-20191001-csv/1573#50089299>		"naele"@haw	
"ḳuta laka"@ay	<https://panlex.org/snapshot/panlex-20191001-csv/1573#50085078>				<https://panlex.org/snapshot/panlex-20191001-csv/1573#50085185>		"kahaone"@haw	
"ḳuta laka"@ay	<https://panlex.org/snapshot/panlex-20191001-csv/1573#50085078>				<https://panlex.org/snapshot/panlex-20191001-csv/1573#50085186>		"kapa kai"@haw	
"ḳuta laka"@ay	<https://panlex.org/snapshot/panlex-20191001-csv/1573#50085078>				<https://panlex.org/snapshot/panlex-20191001-csv/1573#50085188>		"ʔae kai"@haw	
"ḳuta laka"@ay	<https://panlex.org/snapshot/panlex-20191001-csv/1573#50085078>				<https://panlex.org/snapshot/panlex-20191001-csv/1573#50085184>		"kahakai"@haw	
"ḳuta laka"@ay	<https://panlex.org/snapshot/panlex-20191001-csv/1573#50085078>				<https://panlex.org/snapshot/panlex-20191001-csv/1573#50085187>		"papa kea"@haw	
"laḳampu"@ay	<https://panlex.org/snapshot/panlex-20191001-csv/1573#50091052>				<https://panlex.org/snapshot/panlex-20191001-csv/1573#50091136>		"lani"@haw	
"tixi"@ay	<https://panlex.org/snapshot/panlex-20191001-csv/1573#50085410>				<https://panlex.org/snapshot/panlex-20191001-csv/1573#50085491>		"pao"@haw	
"tixi"@ay	<https://panlex.org/snapshot/panlex-20191001-csv/1573#50085410>				<https://panlex.org/snapshot/panlex-20191001-csv/1573#50085489>		"ana"@haw	
"tixi"@ay	<https://panlex.org/snapshot/panlex-20191001-csv/1573#50085410>				<https://panlex.org/snapshot/panlex-20191001-csv/1573#50085490>		"lua"@haw	
"ḳarḳa"@ay	<https://panlex.org/snapshot/panlex-20191001-csv/1573#50090475>				<https://panlex.org/snapshot/panlex-20191001-csv/1573#50090600>		"ʔaʔā"@haw	
"ḳarḳa"@ay	<https://panlex.org/snapshot/panlex-20191001-csv/1573#50090475>				<https://panlex.org/snapshot/panlex-20191001-csv/1573#50090597>		"pā-hoehoe"@haw	
"ḳarḳa"@ay	<https://panlex.org/snapshot/panlex-20191001-csv/1573#50090475>				<https://panlex.org/snapshot/panlex-20191001-csv/1573#50090599>		"ʔalā"@haw	
"ḳarḳa"@ay	<https://panlex.org/snapshot/panlex-20191001-csv/1573#50090475>				<https://panlex.org/snapshot/panlex-20191001-csv/1573#50090602>		"ʔā"@haw	
"ḳarḳa"@ay	<https://panlex.org/snapshot/panlex-20191001-csv/1573#50090475>				<https://panlex.org/snapshot/panlex-20191001-csv/1573#50090601>		"ʔili-ʔili"@haw	
"ḳarḳa"@ay	<https://panlex.org/snapshot/panlex-20191001-csv/1573#50090475>				<https://panlex.org/snapshot/panlex-20191001-csv/1573#50090598>		"pōhaku"@haw	
"ḳʰirwa"@ay	<https://panlex.org/snapshot/panlex-20191001-csv/1573#50084483>				<https://panlex.org/snapshot/panlex-20191001-csv/1573#50084559>		"awa-awa"@haw	
"čˀumi"@ay	<https://panlex.org/snapshot/panlex-20191001-csv/1573#50089654>				<https://panlex.org/snapshot/panlex-20191001-csv/1573#50089745>		"uluaōʔa"@haw	
"čˀumi"@ay	<https://panlex.org/snapshot/panlex-20191001-csv/1573#50089654>				<https://panlex.org/snapshot/panlex-20191001-csv/1573#50089744>		"ulu lāʔau"@haw	
"čˀumi"@ay	<https://panlex.org/snapshot/panlex-20191001-csv/1573#50089654>				<https://panlex.org/snapshot/panlex-20191001-csv/1573#50089743>		"nahele"@haw	
"čˀumi"@ay	<https://panlex.org/snapshot/panlex-20191001-csv/1573#50089654>				<https://panlex.org/snapshot/panlex-20191001-csv/1573#50089746>		"wao nahele"@haw	
"xawira"@ay	<https://panlex.org/snapshot/panlex-20191001-csv/1573#50088210>				<https://panlex.org/snapshot/panlex-20191001-csv/1573#50088360>		"kaha-wai"@haw	
"xawira"@ay	<https://panlex.org/snapshot/panlex-20191001-csv/1573#50088210>				<https://panlex.org/snapshot/panlex-20191001-csv/1573#50088361>		"muli-wai"@haw	
"xawira"@ay	<https://panlex.org/snapshot/panlex-20191001-csv/1573#50088210>				<https://panlex.org/snapshot/panlex-20191001-csv/1573#50088362>		"wai"@haw	
"ḳulʸu"@ay	<https://panlex.org/snapshot/panlex-20191001-csv/1573#50083454>				<https://panlex.org/snapshot/panlex-20191001-csv/1573#50083589>		"mauna"@haw	
"ḳulʸu"@ay	<https://panlex.org/snapshot/panlex-20191001-csv/1573#50083454>				<https://panlex.org/snapshot/panlex-20191001-csv/1573#50083590>		"puʔu"@haw	
"ḳulʸu"@ay	<https://panlex.org/snapshot/panlex-20191001-csv/1573#50083454>				<https://panlex.org/snapshot/panlex-20191001-csv/1573#50083588>		"kuahiwi"@haw	
