"a-rispar"@sob	<https://panlex.org/snapshot/panlex-20191001-csv/114#8055646>				<https://panlex.org/snapshot/panlex-20191001-csv/114#8055426>		"eʼironava"@kbt	
"sisu"@sob	<https://panlex.org/snapshot/panlex-20191001-csv/114#8060736>				<https://panlex.org/snapshot/panlex-20191001-csv/114#8060485>		"pasipasinana"@kbt	
"sisu"@sob	<https://panlex.org/snapshot/panlex-20191001-csv/114#8060736>				<https://panlex.org/snapshot/panlex-20191001-csv/114#8060486>		"rakanada"@kbt	
"soude"@sob	<https://panlex.org/snapshot/panlex-20191001-csv/114#8052545>				<https://panlex.org/snapshot/panlex-20191001-csv/114#8052338>		"eari"@kbt	
"nenʔa"@sob	<https://panlex.org/snapshot/panlex-20191001-csv/114#8062768>				<https://panlex.org/snapshot/panlex-20191001-csv/114#8062547>		"emekauva"@kbt	
"dahu-m rau"@sob	<https://panlex.org/snapshot/panlex-20191001-csv/114#8064893>				<https://panlex.org/snapshot/panlex-20191001-csv/114#8064661>		"idunada"@kbt	
"mermit"@sob	<https://panlex.org/snapshot/panlex-20191001-csv/114#8068528>				<https://panlex.org/snapshot/panlex-20191001-csv/114#8068307>		"evainaiva"@kbt	
"desa"@sob	<https://panlex.org/snapshot/panlex-20191001-csv/114#8057141>				<https://panlex.org/snapshot/panlex-20191001-csv/114#8056934>		"gobore"@kbt	
"imi-m"@sob	<https://panlex.org/snapshot/panlex-20191001-csv/114#8052056>				<https://panlex.org/snapshot/panlex-20191001-csv/114#8051807>		"imanana"@kbt	
"a-yas"@sob	<https://panlex.org/snapshot/panlex-20191001-csv/114#8056155>				<https://panlex.org/snapshot/panlex-20191001-csv/114#8055918>		"nau"@kbt	
"edo[adoʔo]"@sob	<https://panlex.org/snapshot/panlex-20191001-csv/114#8056668>				<https://panlex.org/snapshot/panlex-20191001-csv/114#8056446>		"more"@kbt	
"oyum|ai"@sob	<https://panlex.org/snapshot/panlex-20191001-csv/114#8053545>				<https://panlex.org/snapshot/panlex-20191001-csv/114#8053293>		"a enana"@kbt	
"oyum|ai"@sob	<https://panlex.org/snapshot/panlex-20191001-csv/114#8053545>				<https://panlex.org/snapshot/panlex-20191001-csv/114#8053294>		"aenada"@kbt	
