"rani"@sob	<https://panlex.org/snapshot/panlex-20191001-csv/12#851154>				<https://panlex.org/snapshot/panlex-20191001-csv/12#850907>		"nai"@erk	
"a-rispar"@sob	<https://panlex.org/snapshot/panlex-20191001-csv/114#8055646>				<https://panlex.org/snapshot/panlex-20191001-csv/114#8055360>		"nre"@erk	
"sisu"@sob	<https://panlex.org/snapshot/panlex-20191001-csv/114#8060736>				<https://panlex.org/snapshot/panlex-20191001-csv/114#8060411>		"nais"@erk	
"soude"@sob	<https://panlex.org/snapshot/panlex-20191001-csv/114#8052545>				<https://panlex.org/snapshot/panlex-20191001-csv/114#8052279>		"maur"@erk	
"nenʔa"@sob	<https://panlex.org/snapshot/panlex-20191001-csv/114#8062768>				<https://panlex.org/snapshot/panlex-20191001-csv/114#8062469>		"mtak"@erk	
"dahu-m rau"@sob	<https://panlex.org/snapshot/panlex-20191001-csv/114#8064893>				<https://panlex.org/snapshot/panlex-20191001-csv/114#8064593>		"nal"@erk	
"mermit"@sob	<https://panlex.org/snapshot/panlex-20191001-csv/114#8068528>				<https://panlex.org/snapshot/panlex-20191001-csv/114#8068234>		"mur"@erk	
"desa"@sob	<https://panlex.org/snapshot/panlex-20191001-csv/114#8057141>				<https://panlex.org/snapshot/panlex-20191001-csv/114#8056872>		"nalo"@erk	
"imi-m"@sob	<https://panlex.org/snapshot/panlex-20191001-csv/114#8052056>				<https://panlex.org/snapshot/panlex-20191001-csv/114#8051738>		"nar"@erk	
"a-yas"@sob	<https://panlex.org/snapshot/panlex-20191001-csv/114#8056155>				<https://panlex.org/snapshot/panlex-20191001-csv/114#8055855>		"waf"@erk	
"sumaro"@sob	<https://panlex.org/snapshot/panlex-20191001-csv/114#8065914>				<https://panlex.org/snapshot/panlex-20191001-csv/114#8065663>		"mar"@erk	
"edo[adoʔo]"@sob	<https://panlex.org/snapshot/panlex-20191001-csv/114#8056668>				<https://panlex.org/snapshot/panlex-20191001-csv/114#8056370>		"milo"@erk	
"oyum|ai"@sob	<https://panlex.org/snapshot/panlex-20191001-csv/114#8053545>				<https://panlex.org/snapshot/panlex-20191001-csv/114#8053225>		"natu"@erk	
