"rani"@sob	<https://panlex.org/snapshot/panlex-20191001-csv/12#851154>				<https://panlex.org/snapshot/panlex-20191001-csv/12#851013>		"d̃an"@lek	
"a-rispar"@sob	<https://panlex.org/snapshot/panlex-20191001-csv/114#8055646>				<https://panlex.org/snapshot/panlex-20191001-csv/114#8055458>		"kwacanɪm"@lek	
"sisu"@sob	<https://panlex.org/snapshot/panlex-20191001-csv/114#8060736>				<https://panlex.org/snapshot/panlex-20191001-csv/114#8060528>		"susu-n"@lek	
"soude"@sob	<https://panlex.org/snapshot/panlex-20191001-csv/114#8052545>				<https://panlex.org/snapshot/panlex-20191001-csv/114#8052369>		"ka|maw"@lek	
"nenʔa"@sob	<https://panlex.org/snapshot/panlex-20191001-csv/114#8062768>				<https://panlex.org/snapshot/panlex-20191001-csv/114#8062584>		"i-noh"@lek	
"dahu-m rau"@sob	<https://panlex.org/snapshot/panlex-20191001-csv/114#8064893>				<https://panlex.org/snapshot/panlex-20191001-csv/114#8064698>		"pile-n"@lek	
"mermit"@sob	<https://panlex.org/snapshot/panlex-20191001-csv/114#8068528>				<https://panlex.org/snapshot/panlex-20191001-csv/114#8068339>		"hɪl"@lek	
"desa"@sob	<https://panlex.org/snapshot/panlex-20191001-csv/114#8057141>				<https://panlex.org/snapshot/panlex-20191001-csv/114#8056961>		"maŋah"@lek	
"imi-m"@sob	<https://panlex.org/snapshot/panlex-20191001-csv/114#8052056>				<https://panlex.org/snapshot/panlex-20191001-csv/114#8051846>		"nime-n"@lek	
"a-yas"@sob	<https://panlex.org/snapshot/panlex-20191001-csv/114#8056155>				<https://panlex.org/snapshot/panlex-20191001-csv/114#8055954>		"kuyey"@lek	
"sumaro"@sob	<https://panlex.org/snapshot/panlex-20191001-csv/114#8065914>				<https://panlex.org/snapshot/panlex-20191001-csv/114#8065750>		"tucap ŋohosa-n"@lek	
"edo[adoʔo]"@sob	<https://panlex.org/snapshot/panlex-20191001-csv/114#8056668>				<https://panlex.org/snapshot/panlex-20191001-csv/114#8056482>		"coci"@lek	
"oyum|ai"@sob	<https://panlex.org/snapshot/panlex-20191001-csv/114#8053545>				<https://panlex.org/snapshot/panlex-20191001-csv/114#8053338>		"keka-n"@lek	
"rani"@sob	<https://panlex.org/snapshot/panlex-20191001-csv/11#787729>				<https://panlex.org/snapshot/panlex-20191001-csv/11#787623>		"d̃an"@lek	
