"wei"@loj	<https://panlex.org/snapshot/panlex-20191001-csv/12#851025>				<https://panlex.org/snapshot/panlex-20191001-csv/12#851037>		"wahig"@mbb	
"karirit"@loj	<https://panlex.org/snapshot/panlex-20191001-csv/114#8062598>				<https://panlex.org/snapshot/panlex-20191001-csv/114#8062618>		"handek"@mbb	
"karirit"@loj	<https://panlex.org/snapshot/panlex-20191001-csv/114#8062598>				<https://panlex.org/snapshot/panlex-20191001-csv/114#8062619>		"handɨk"@mbb	
"kari-"@loj	<https://panlex.org/snapshot/panlex-20191001-csv/114#8060009>				<https://panlex.org/snapshot/panlex-20191001-csv/114#8060030>		"qatɨy"@mbb	
"kari-"@loj	<https://panlex.org/snapshot/panlex-20191001-csv/114#8060009>				<https://panlex.org/snapshot/panlex-20191001-csv/114#8060029>		"atey"@mbb	
"lia-"@loj	<https://panlex.org/snapshot/panlex-20191001-csv/114#8067297>				<https://panlex.org/snapshot/panlex-20191001-csv/114#8067320>		"ŋipen"@mbb	
"lia-"@loj	<https://panlex.org/snapshot/panlex-20191001-csv/114#8067297>				<https://panlex.org/snapshot/panlex-20191001-csv/114#8067319>		"ngipin"@mbb	
"turi-"@loj	<https://panlex.org/snapshot/panlex-20191001-csv/114#8063088>				<https://panlex.org/snapshot/panlex-20191001-csv/114#8063116>		"leŋesa"@mbb	
"turi-"@loj	<https://panlex.org/snapshot/panlex-20191001-csv/114#8063088>				<https://panlex.org/snapshot/panlex-20191001-csv/114#8063117>		"lɨngɨsa"@mbb	
"tomwa-"@loj	<https://panlex.org/snapshot/panlex-20191001-csv/114#8057982>				<https://panlex.org/snapshot/panlex-20191001-csv/114#8058002>		"peka"@mbb	
"tomwa-"@loj	<https://panlex.org/snapshot/panlex-20191001-csv/114#8057982>				<https://panlex.org/snapshot/panlex-20191001-csv/114#8058003>		"pɨka"@mbb	
"kuna-"@loj	<https://panlex.org/snapshot/panlex-20191001-csv/114#8057465>				<https://panlex.org/snapshot/panlex-20191001-csv/114#8057488>		"lundis"@mbb	
"karmi-"@loj	<https://panlex.org/snapshot/panlex-20191001-csv/114#8067823>				<https://panlex.org/snapshot/panlex-20191001-csv/114#8067846>		"dilaq"@mbb	
"sal"@loj	<https://panlex.org/snapshot/panlex-20191001-csv/114#8054474>				<https://panlex.org/snapshot/panlex-20191001-csv/114#8054495>		"dalan"@mbb	
