"karirit"@loj	<https://panlex.org/snapshot/panlex-20191001-csv/114#8062598>				<https://panlex.org/snapshot/panlex-20191001-csv/114#8062813>		"matahuni"@tlr	
"kari-"@loj	<https://panlex.org/snapshot/panlex-20191001-csv/114#8060009>				<https://panlex.org/snapshot/panlex-20191001-csv/114#8060220>		"ate"@tlr	
"lia-"@loj	<https://panlex.org/snapshot/panlex-20191001-csv/114#8067297>				<https://panlex.org/snapshot/panlex-20191001-csv/114#8067533>		"livo"@tlr	
"turi-"@loj	<https://panlex.org/snapshot/panlex-20191001-csv/114#8063088>				<https://panlex.org/snapshot/panlex-20191001-csv/114#8063320>		"habu"@tlr	
"tomwa-"@loj	<https://panlex.org/snapshot/panlex-20191001-csv/114#8057982>				<https://panlex.org/snapshot/panlex-20191001-csv/114#8058199>		"buke"@tlr	
"tomwa-"@loj	<https://panlex.org/snapshot/panlex-20191001-csv/114#8057982>				<https://panlex.org/snapshot/panlex-20191001-csv/114#8058200>		"muri"@tlr	
"kuna-"@loj	<https://panlex.org/snapshot/panlex-20191001-csv/114#8057465>				<https://panlex.org/snapshot/panlex-20191001-csv/114#8057692>		"huli"@tlr	
"karmi-"@loj	<https://panlex.org/snapshot/panlex-20191001-csv/114#8067823>				<https://panlex.org/snapshot/panlex-20191001-csv/114#8068047>		"lapi"@tlr	
"sal"@loj	<https://panlex.org/snapshot/panlex-20191001-csv/114#8054474>				<https://panlex.org/snapshot/panlex-20191001-csv/114#8054689>		"sala"@tlr	
