"kone"@loj	<https://panlex.org/snapshot/panlex-20191001-csv/5943#83323766>				<https://panlex.org/snapshot/panlex-20191001-csv/5943#83323792>		"one"@sky	
"wei"@loj	<https://panlex.org/snapshot/panlex-20191001-csv/12#851025>				<https://panlex.org/snapshot/panlex-20191001-csv/12#851146>		"vai"@sky	
"kone"@loj	<https://panlex.org/snapshot/panlex-20191001-csv/15#967029>				<https://panlex.org/snapshot/panlex-20191001-csv/15#967060>		"one"@sky	
"karirit"@loj	<https://panlex.org/snapshot/panlex-20191001-csv/114#8062598>				<https://panlex.org/snapshot/panlex-20191001-csv/114#8062757>		"maka`u"@sky	
"kari-"@loj	<https://panlex.org/snapshot/panlex-20191001-csv/114#8060009>				<https://panlex.org/snapshot/panlex-20191001-csv/114#8060163>		"ate"@sky	
"lia-"@loj	<https://panlex.org/snapshot/panlex-20191001-csv/114#8067297>				<https://panlex.org/snapshot/panlex-20191001-csv/114#8067472>		"niho"@sky	
"tomwa-"@loj	<https://panlex.org/snapshot/panlex-20191001-csv/114#8057982>				<https://panlex.org/snapshot/panlex-20191001-csv/114#8058136>		"tua"@sky	
"karmi-"@loj	<https://panlex.org/snapshot/panlex-20191001-csv/114#8067823>				<https://panlex.org/snapshot/panlex-20191001-csv/114#8067986>		"arero"@sky	
"sal"@loj	<https://panlex.org/snapshot/panlex-20191001-csv/114#8054474>				<https://panlex.org/snapshot/panlex-20191001-csv/114#8054631>		"ala"@sky	
