"al"@wah	<https://panlex.org/snapshot/panlex-20191001-csv/12#851239>				<https://panlex.org/snapshot/panlex-20191001-csv/12#850936>		"ko"@gri	
"utka-"@wah	<https://panlex.org/snapshot/panlex-20191001-csv/114#8059767>				<https://panlex.org/snapshot/panlex-20191001-csv/114#8059438>		"tinae-"@gri	
"matakut"@wah	<https://panlex.org/snapshot/panlex-20191001-csv/114#8062845>				<https://panlex.org/snapshot/panlex-20191001-csv/114#8062487>		"mataɣu"@gri	
"a|lko-"@wah	<https://panlex.org/snapshot/panlex-20191001-csv/114#8064446>				<https://panlex.org/snapshot/panlex-20191001-csv/114#8064076>		"lio-"@gri	
"kwe-"@wah	<https://panlex.org/snapshot/panlex-20191001-csv/114#8053647>				<https://panlex.org/snapshot/panlex-20191001-csv/114#8053240>		"tua-"@gri	
"lamno-"@wah	<https://panlex.org/snapshot/panlex-20191001-csv/114#8060258>				<https://panlex.org/snapshot/panlex-20191001-csv/114#8059914>		"ate-"@gri	
"lama"@wah	<https://panlex.org/snapshot/panlex-20191001-csv/114#8068088>				<https://panlex.org/snapshot/panlex-20191001-csv/114#8067724>		"lapi-"@gri	
"kabu-"@wah	<https://panlex.org/snapshot/panlex-20191001-csv/114#8058796>				<https://panlex.org/snapshot/panlex-20191001-csv/114#8058394>		"tomba-"@gri	
"hili"@wah	<https://panlex.org/snapshot/panlex-20191001-csv/114#8067022>				<https://panlex.org/snapshot/panlex-20191001-csv/114#8066632>		"maŋa-"@gri	
"nifo"@wah	<https://panlex.org/snapshot/panlex-20191001-csv/114#8067574>				<https://panlex.org/snapshot/panlex-20191001-csv/114#8067186>		"livo-"@gri	
"hu-"@wah	<https://panlex.org/snapshot/panlex-20191001-csv/114#8065546>				<https://panlex.org/snapshot/panlex-20191001-csv/114#8065162>		"isu-"@gri	
"fana"@wah	<https://panlex.org/snapshot/panlex-20191001-csv/114#8054230>				<https://panlex.org/snapshot/panlex-20191001-csv/114#8053821>		"vano"@gri	
"kuŋahi"@wah	<https://panlex.org/snapshot/panlex-20191001-csv/114#8066474>				<https://panlex.org/snapshot/panlex-20191001-csv/114#8066121>		"siɣinia"@gri	
