"al"@wah	<https://panlex.org/snapshot/panlex-20191001-csv/12#851239>				<https://panlex.org/snapshot/panlex-20191001-csv/12#850898>		"achilai"@dru	
"utka-"@wah	<https://panlex.org/snapshot/panlex-20191001-csv/114#8059767>				<https://panlex.org/snapshot/panlex-20191001-csv/114#8059414>		"boʔóroʔ"@dru	
"matakut"@wah	<https://panlex.org/snapshot/panlex-20191001-csv/114#8062845>				<https://panlex.org/snapshot/panlex-20191001-csv/114#8062462>		"mokʼlə́dʼ"@dru	
"a|lko-"@wah	<https://panlex.org/snapshot/panlex-20191001-csv/114#8064446>				<https://panlex.org/snapshot/panlex-20191001-csv/114#8064047>		"rəʼəʔ"@dru	
"a|lko-"@wah	<https://panlex.org/snapshot/panlex-20191001-csv/114#8064446>				<https://panlex.org/snapshot/panlex-20191001-csv/114#8064045>		"ourohu"@dru	
"a|lko-"@wah	<https://panlex.org/snapshot/panlex-20191001-csv/114#8064446>				<https://panlex.org/snapshot/panlex-20191001-csv/114#8064046>		"rolun"@dru	
"kwe-"@wah	<https://panlex.org/snapshot/panlex-20191001-csv/114#8053647>				<https://panlex.org/snapshot/panlex-20191001-csv/114#8053212>		"daʔalʼ"@dru	
"kwe-"@wah	<https://panlex.org/snapshot/panlex-20191001-csv/114#8053647>				<https://panlex.org/snapshot/panlex-20191001-csv/114#8053213>		"tsapku"@dru	
"kwe-"@wah	<https://panlex.org/snapshot/panlex-20191001-csv/114#8053647>				<https://panlex.org/snapshot/panlex-20191001-csv/114#8053210>		"amou"@dru	
"kwe-"@wah	<https://panlex.org/snapshot/panlex-20191001-csv/114#8053647>				<https://panlex.org/snapshot/panlex-20191001-csv/114#8053211>		"dapalʼ"@dru	
"lamno-"@wah	<https://panlex.org/snapshot/panlex-20191001-csv/114#8060258>				<https://panlex.org/snapshot/panlex-20191001-csv/114#8059887>		"ʔatái"@dru	
"lama"@wah	<https://panlex.org/snapshot/panlex-20191001-csv/114#8068088>				<https://panlex.org/snapshot/panlex-20191001-csv/114#8067698>		"ridámʼ"@dru	
"kabu-"@wah	<https://panlex.org/snapshot/panlex-20191001-csv/114#8058796>				<https://panlex.org/snapshot/panlex-20191001-csv/114#8058363>		"baráŋʼ"@dru	
"hili"@wah	<https://panlex.org/snapshot/panlex-20191001-csv/114#8067022>				<https://panlex.org/snapshot/panlex-20191001-csv/114#8066606>		"ŋodə́i"@dru	
"hili"@wah	<https://panlex.org/snapshot/panlex-20191001-csv/114#8067022>				<https://panlex.org/snapshot/panlex-20191001-csv/114#8066604>		"muto-mytou"@dru	
"hili"@wah	<https://panlex.org/snapshot/panlex-20191001-csv/114#8067022>				<https://panlex.org/snapshot/panlex-20191001-csv/114#8066605>		"ŋodui"@dru	
"nifo"@wah	<https://panlex.org/snapshot/panlex-20191001-csv/114#8067574>				<https://panlex.org/snapshot/panlex-20191001-csv/114#8067158>		"valisʼ"@dru	
"hu-"@wah	<https://panlex.org/snapshot/panlex-20191001-csv/114#8065546>				<https://panlex.org/snapshot/panlex-20191001-csv/114#8065133>		"ŋuŋuʼá"@dru	
"hu-"@wah	<https://panlex.org/snapshot/panlex-20191001-csv/114#8065546>				<https://panlex.org/snapshot/panlex-20191001-csv/114#8065131>		"coumonu"@dru	
"hu-"@wah	<https://panlex.org/snapshot/panlex-20191001-csv/114#8065546>				<https://panlex.org/snapshot/panlex-20191001-csv/114#8065132>		"ongoho"@dru	
"fana"@wah	<https://panlex.org/snapshot/panlex-20191001-csv/114#8054230>				<https://panlex.org/snapshot/panlex-20191001-csv/114#8053792>		"udadawácʼ"@dru	
"kuŋahi"@wah	<https://panlex.org/snapshot/panlex-20191001-csv/114#8066474>				<https://panlex.org/snapshot/panlex-20191001-csv/114#8066098>		"wasabáliʔ"@dru	
