"lɔ́=wɔ̀"@abi	<https://panlex.org/snapshot/panlex-20191001-csv/3975#51728884>				<https://panlex.org/snapshot/panlex-20191001-csv/3975#51728917>		"xaɲ"@coc	
"yí"@abi	<https://panlex.org/snapshot/panlex-20191001-csv/3975#51734852>				<https://panlex.org/snapshot/panlex-20191001-csv/3975#51734889>		"s=ʔak"@coc	
"rúhó"@abi	<https://panlex.org/snapshot/panlex-20191001-csv/3975#51724303>				<https://panlex.org/snapshot/panlex-20191001-csv/3975#51724333>		"ša=wˈal"@coc	
"ló=bù"@abi	<https://panlex.org/snapshot/panlex-20191001-csv/3975#51721507>				<https://panlex.org/snapshot/panlex-20191001-csv/3975#51721536>		"ɲ=iːʎ̥"@coc	
"ɲè … ɛ́tı̀"@abi	<https://panlex.org/snapshot/panlex-20191001-csv/3975#51731812>				<https://panlex.org/snapshot/panlex-20191001-csv/3975#51731840>		"p=ʔaː"@coc	
"hı̀"@abi	<https://panlex.org/snapshot/panlex-20191001-csv/3975#51723698>				<https://panlex.org/snapshot/panlex-20191001-csv/3975#51723732>		"ma"@coc	
"ŋ́=kʋ́ã́"@abi	<https://panlex.org/snapshot/panlex-20191001-csv/3975#51722213>				<https://panlex.org/snapshot/panlex-20191001-csv/3975#51722240>		"ɬka=xʷˈaw"@coc	
"ŋ́=kʋ́ã́"@abi	<https://panlex.org/snapshot/panlex-20191001-csv/3975#51722213>				<https://panlex.org/snapshot/panlex-20191001-csv/3975#51722241>		"ʎ̥ka=xʷˈaw"@coc	
"gbéĩ́"@abi	<https://panlex.org/snapshot/panlex-20191001-csv/3975#51735405>				<https://panlex.org/snapshot/panlex-20191001-csv/3975#51735438>		"xɾ=pay"@coc	
"nʋ́=mʋ́-tì"@abi	<https://panlex.org/snapshot/panlex-20191001-csv/3975#51728453>				<https://panlex.org/snapshot/panlex-20191001-csv/3975#51728483>		"ʔi=yˈa"@coc	
"ɛ̀fɛ̀"@abi	<https://panlex.org/snapshot/panlex-20191001-csv/3975#51732972>				<https://panlex.org/snapshot/panlex-20191001-csv/3975#51733001>		"ma-pˈu-č"@coc	
"ʔà"@abi	<https://panlex.org/snapshot/panlex-20191001-csv/3975#51733729>				<https://panlex.org/snapshot/panlex-20191001-csv/3975#51733765>		"ʔaː"@coc	
"wò"@abi	<https://panlex.org/snapshot/panlex-20191001-csv/3975#51726626>				<https://panlex.org/snapshot/panlex-20191001-csv/3975#51726656>		"nak"@coc	
"ʓrǔ"@abi	<https://panlex.org/snapshot/panlex-20191001-csv/3975#51722348>				<https://panlex.org/snapshot/panlex-20191001-csv/3975#51722377>		"kʷiː"@coc	
"lı́ká"@abi	<https://panlex.org/snapshot/panlex-20191001-csv/3975#51730236>				<https://panlex.org/snapshot/panlex-20191001-csv/3975#51730264>		"šma"@coc	
"íné"@abi	<https://panlex.org/snapshot/panlex-20191001-csv/3975#51728607>				<https://panlex.org/snapshot/panlex-20191001-csv/3975#51728636>		"muʎ̥"@coc	
"ń=nı̃̀ɛ̃̀"@abi	<https://panlex.org/snapshot/panlex-20191001-csv/3975#51728036>				<https://panlex.org/snapshot/panlex-20191001-csv/3975#51728068>		"ʔi=mˈaːč"@coc	
"múhú"@abi	<https://panlex.org/snapshot/panlex-20191001-csv/3975#51735549>				<https://panlex.org/snapshot/panlex-20191001-csv/3975#51735578>		"ʂ=ʔiɾ"@coc	
"lʋ́=kpɔ̃́"@abi	<https://panlex.org/snapshot/panlex-20191001-csv/3975#51726769>				<https://panlex.org/snapshot/panlex-20191001-csv/3975#51726801>		"ʔimˈiː taːkˈaːɲ"@coc	
"bɔ́"@abi	<https://panlex.org/snapshot/panlex-20191001-csv/3975#51725695>				<https://panlex.org/snapshot/panlex-20191001-csv/3975#51725724>		"ʔi=šˈaːʎ̥"@coc	
"ámã́"@abi	<https://panlex.org/snapshot/panlex-20191001-csv/3975#51730929>				<https://panlex.org/snapshot/panlex-20191001-csv/3975#51730956>		"yas"@coc	
"íé"@abi	<https://panlex.org/snapshot/panlex-20191001-csv/3975#51725005>				<https://panlex.org/snapshot/panlex-20191001-csv/3975#51725033>		"č=puɾ"@coc	
"gbẽ̂"@abi	<https://panlex.org/snapshot/panlex-20191001-csv/3975#51732234>				<https://panlex.org/snapshot/panlex-20191001-csv/3975#51732264>		"ɲa"@coc	
"lɛ̃̄hı̃̀"@abi	<https://panlex.org/snapshot/panlex-20191001-csv/3975#51727485>				<https://panlex.org/snapshot/panlex-20191001-csv/3975#51727520>		"kuʎ̥"@coc	
"ótṹkpò"@abi	<https://panlex.org/snapshot/panlex-20191001-csv/3975#51736244>				<https://panlex.org/snapshot/panlex-20191001-csv/3975#51736266>		"ma=ʔˈiːʎ̥"@coc	
"dı̀=ã́"@abi	<https://panlex.org/snapshot/panlex-20191001-csv/3975#51726913>				<https://panlex.org/snapshot/panlex-20191001-csv/3975#51726943>		"ʔuː=yˈaː"@coc	
"nʋ́nʋ̀wı̀"@abi	<https://panlex.org/snapshot/panlex-20191001-csv/3975#51724001>				<https://panlex.org/snapshot/panlex-20191001-csv/3975#51724035>		"ʔi=yˈu"@coc	
"hrǔhrú"@abi	<https://panlex.org/snapshot/panlex-20191001-csv/3975#51730350>				<https://panlex.org/snapshot/panlex-20191001-csv/3975#51730381>		"ɾ=ʔuɾ"@coc	
"hrǔhrú"@abi	<https://panlex.org/snapshot/panlex-20191001-csv/3975#51730350>				<https://panlex.org/snapshot/panlex-20191001-csv/3975#51730382>		"ɾ=yaɾ"@coc	
"ʄà- …-nʋ́"@abi	<https://panlex.org/snapshot/panlex-20191001-csv/3975#51725283>				<https://panlex.org/snapshot/panlex-20191001-csv/3975#51725313>		"p=xʷay"@coc	
"hrɛ́hrɛ́"@abi	<https://panlex.org/snapshot/panlex-20191001-csv/3975#51723268>				<https://panlex.org/snapshot/panlex-20191001-csv/3975#51723297>		"ʂ=ʔaɾ"@coc	
"ɛ̀mı̃́"@abi	<https://panlex.org/snapshot/panlex-20191001-csv/3975#51734422>				<https://panlex.org/snapshot/panlex-20191001-csv/3975#51734456>		"luːɲ"@coc	
"wù"@abi	<https://panlex.org/snapshot/panlex-20191001-csv/3975#51724729>				<https://panlex.org/snapshot/panlex-20191001-csv/3975#51724757>		"man"@coc	
"ń=dî"@abi	<https://panlex.org/snapshot/panlex-20191001-csv/3975#51723872>				<https://panlex.org/snapshot/panlex-20191001-csv/3975#51723901>		"xmˌa=ʂ=u=ʔˈap"@coc	
"nʋ́"@abi	<https://panlex.org/snapshot/panlex-20191001-csv/3975#51724000>				<https://panlex.org/snapshot/panlex-20191001-csv/3975#51724035>		"ʔi=yˈu"@coc	
"bũ̀ṍ-bùò"@abi	<https://panlex.org/snapshot/panlex-20191001-csv/3975#51735147>				<https://panlex.org/snapshot/panlex-20191001-csv/3975#51735183>		"kuɾ"@coc	
"àtìŋmgbré"@abi	<https://panlex.org/snapshot/panlex-20191001-csv/3975#51730091>				<https://panlex.org/snapshot/panlex-20191001-csv/3975#51730121>		"waɲˈa"@coc	
"tĩ̂"@abi	<https://panlex.org/snapshot/panlex-20191001-csv/3975#51733418>				<https://panlex.org/snapshot/panlex-20191001-csv/3975#51733448>		"ʔayˈaː"@coc	
"à=dùà"@abi	<https://panlex.org/snapshot/panlex-20191001-csv/3975#51722949>				<https://panlex.org/snapshot/panlex-20191001-csv/3975#51722977>		"xat"@coc	
"mĩ́dí"@abi	<https://panlex.org/snapshot/panlex-20191001-csv/3975#51729813>				<https://panlex.org/snapshot/panlex-20191001-csv/3975#51729843>		"p=ʔa-y"@coc	
"mĩ́dí"@abi	<https://panlex.org/snapshot/panlex-20191001-csv/3975#51734042>				<https://panlex.org/snapshot/panlex-20191001-csv/3975#51734074>		"xa"@coc	
"ínè"@abi	<https://panlex.org/snapshot/panlex-20191001-csv/3975#51725842>				<https://panlex.org/snapshot/panlex-20191001-csv/3975#51725876>		"m=kuɾ"@coc	
"dı̀=nʋ̃́"@abi	<https://panlex.org/snapshot/panlex-20191001-csv/3975#51730757>				<https://panlex.org/snapshot/panlex-20191001-csv/3975#51730787>		"wiː"@coc	
"ɛ̀bı̂"@abi	<https://panlex.org/snapshot/panlex-20191001-csv/3975#51734700>				<https://panlex.org/snapshot/panlex-20191001-csv/3975#51734734>		"luːɲ"@coc	
"lú"@abi	<https://panlex.org/snapshot/panlex-20191001-csv/3975#51736343>				<https://panlex.org/snapshot/panlex-20191001-csv/3975#51736375>		"mˌat-kˈaːm"@coc	
"lú"@abi	<https://panlex.org/snapshot/panlex-20191001-csv/3975#51722788>				<https://panlex.org/snapshot/panlex-20191001-csv/3975#51722822>		"mʂ=pa"@coc	
"rı́kɛ́kı̀"@abi	<https://panlex.org/snapshot/panlex-20191001-csv/3975#51723552>				<https://panlex.org/snapshot/panlex-20191001-csv/3975#51723582>		"mat"@coc	
"kpã̂"@abi	<https://panlex.org/snapshot/panlex-20191001-csv/3975#51729660>				<https://panlex.org/snapshot/panlex-20191001-csv/3975#51729689>		"ča=pˈa-y"@coc	
"là … lɛ́"@abi	<https://panlex.org/snapshot/panlex-20191001-csv/3975#51722069>				<https://panlex.org/snapshot/panlex-20191001-csv/3975#51722098>		"ʎ̥=maɾ"@coc	
"lı́fã̂"@abi	<https://panlex.org/snapshot/panlex-20191001-csv/3975#51736092>				<https://panlex.org/snapshot/panlex-20191001-csv/3975#51736124>		"č=xa"@coc	
"là … bé"@abi	<https://panlex.org/snapshot/panlex-20191001-csv/3975#51727191>				<https://panlex.org/snapshot/panlex-20191001-csv/3975#51727227>		"yak"@coc	
"=mʋ́"@abi	<https://panlex.org/snapshot/panlex-20191001-csv/3975#51729328>				<https://panlex.org/snapshot/panlex-20191001-csv/3975#51729363>		"lu-…-m"@coc	
"ŋ̀krìã́"@abi	<https://panlex.org/snapshot/panlex-20191001-csv/3975#51730456>				<https://panlex.org/snapshot/panlex-20191001-csv/3975#51730487>		"mˌat=ʎ̥šʔˈaː"@coc	
"áhʋ́á"@abi	<https://panlex.org/snapshot/panlex-20191001-csv/3975#51726298>				<https://panlex.org/snapshot/panlex-20191001-csv/3975#51726324>		"kʷa"@coc	
"òbú"@abi	<https://panlex.org/snapshot/panlex-20191001-csv/3975#51732823>				<https://panlex.org/snapshot/panlex-20191001-csv/3975#51732855>		"piː"@coc	
"òbú"@abi	<https://panlex.org/snapshot/panlex-20191001-csv/3975#51732823>				<https://panlex.org/snapshot/panlex-20191001-csv/3975#51732856>		"ʔu=pˈiː"@coc	
"ɔ́ɲʋ́"@abi	<https://panlex.org/snapshot/panlex-20191001-csv/3975#51727615>				<https://panlex.org/snapshot/panlex-20191001-csv/3975#51727644>		"ʔi=ʔˈiʎ̥"@coc	
"bɔ̀-dí"@abi	<https://panlex.org/snapshot/panlex-20191001-csv/3975#51732395>				<https://panlex.org/snapshot/panlex-20191001-csv/3975#51732427>		"xaʎ̥ nup"@coc	
"mẽ+nátʋ̀"@abi	<https://panlex.org/snapshot/panlex-20191001-csv/3975#51720687>				<https://panlex.org/snapshot/panlex-20191001-csv/3975#51720718>		"xmʔuɬ"@coc	
"ĩ́né"@abi	<https://panlex.org/snapshot/panlex-20191001-csv/3975#51733116>				<https://panlex.org/snapshot/panlex-20191001-csv/3975#51733146>		"m=paʎ̥"@coc	
"dùò"@abi	<https://panlex.org/snapshot/panlex-20191001-csv/3975#51720825>				<https://panlex.org/snapshot/panlex-20191001-csv/3975#51720852>		"ʂxuyˈal"@coc	
"grèlè"@abi	<https://panlex.org/snapshot/panlex-20191001-csv/3975#51722465>				<https://panlex.org/snapshot/panlex-20191001-csv/3975#51722496>		"x=suːɾ"@coc	
"létè"@abi	<https://panlex.org/snapshot/panlex-20191001-csv/3975#51727348>				<https://panlex.org/snapshot/panlex-20191001-csv/3975#51727375>		"č=puʂˈu"@coc	
"ɛ̀mɛ̀"@abi	<https://panlex.org/snapshot/panlex-20191001-csv/3975#51726429>				<https://panlex.org/snapshot/panlex-20191001-csv/3975#51726461>		"ɲaː-č"@coc	
"ɛ̀rɛ̀"@abi	<https://panlex.org/snapshot/panlex-20191001-csv/3975#51734193>				<https://panlex.org/snapshot/panlex-20191001-csv/3975#51734235>		"ɲaː-č"@coc	
"ã̀bı́"@abi	<https://panlex.org/snapshot/panlex-20191001-csv/3975#51732660>				<https://panlex.org/snapshot/panlex-20191001-csv/3975#51732697>		"ʂuː-"@coc	
"ã̀bı́"@abi	<https://panlex.org/snapshot/panlex-20191001-csv/3975#51732660>				<https://panlex.org/snapshot/panlex-20191001-csv/3975#51732698>		"ʔu=ʂˈuː-"@coc	
"tı̀"@abi	<https://panlex.org/snapshot/panlex-20191001-csv/3975#51733915>				<https://panlex.org/snapshot/panlex-20191001-csv/3975#51733946>		"ʎ̥ap"@coc	
"tı̀"@abi	<https://panlex.org/snapshot/panlex-20191001-csv/3975#51721370>				<https://panlex.org/snapshot/panlex-20191001-csv/3975#51721397>		"ʂaː"@coc	
"lɛ́"@abi	<https://panlex.org/snapshot/panlex-20191001-csv/3975#51724426>				<https://panlex.org/snapshot/panlex-20191001-csv/3975#51724461>		"ʔa=ʔˈaː"@coc	
"wɔ̃̂"@abi	<https://panlex.org/snapshot/panlex-20191001-csv/3975#51728195>				<https://panlex.org/snapshot/panlex-20191001-csv/3975#51728224>		"xʎ̥=ʔa"@coc	
"kã̀"@abi	<https://panlex.org/snapshot/panlex-20191001-csv/3975#51730587>				<https://panlex.org/snapshot/panlex-20191001-csv/3975#51730623>		"ʔi"@coc	
"mʋ́lɔ́lɔ́"@abi	<https://panlex.org/snapshot/panlex-20191001-csv/3975#51731944>				<https://panlex.org/snapshot/panlex-20191001-csv/3975#51731975>		"kʷ=ʎ̥ap"@coc	
"wɔ̃́"@abi	<https://panlex.org/snapshot/panlex-20191001-csv/3975#51729172>				<https://panlex.org/snapshot/panlex-20191001-csv/3975#51729203>		"ʔi=xˈu"@coc	
"ɔ́lʋ̃̂"@abi	<https://panlex.org/snapshot/panlex-20191001-csv/3975#51735817>				<https://panlex.org/snapshot/panlex-20191001-csv/3975#51735843>		"ʔa=wˈi"@coc	
"lú=wú"@abi	<https://panlex.org/snapshot/panlex-20191001-csv/3975#51721795>				<https://panlex.org/snapshot/panlex-20191001-csv/3975#51721827>		"ɲ=y=aːk"@coc	
"lú=wú"@abi	<https://panlex.org/snapshot/panlex-20191001-csv/3975#51720949>				<https://panlex.org/snapshot/panlex-20191001-csv/3975#51720980>		"ʔi=čˈu"@coc	
"kpɛ̃́kpɛ̀"@abi	<https://panlex.org/snapshot/panlex-20191001-csv/3975#51731216>				<https://panlex.org/snapshot/panlex-20191001-csv/3975#51731243>		"ɲ=kʷ=ʔaɬ"@coc	
"hí"@abi	<https://panlex.org/snapshot/panlex-20191001-csv/3975#51722600>				<https://panlex.org/snapshot/panlex-20191001-csv/3975#51722639>		"yiː"@coc	
"pì … été"@abi	<https://panlex.org/snapshot/panlex-20191001-csv/3975#51731045>				<https://panlex.org/snapshot/panlex-20191001-csv/3975#51731077>		"wa"@coc	
"lı́=ká"@abi	<https://panlex.org/snapshot/panlex-20191001-csv/3975#51724855>				<https://panlex.org/snapshot/panlex-20191001-csv/3975#51724888>		"ʔi=mˈiː"@coc	
"fɛ̃́ĩ́"@abi	<https://panlex.org/snapshot/panlex-20191001-csv/3975#50811729>				<https://panlex.org/snapshot/panlex-20191001-csv/3975#51720576>		"s=aːm"@coc	
"gbàdà"@abi	<https://panlex.org/snapshot/panlex-20191001-csv/3975#51721085>				<https://panlex.org/snapshot/panlex-20191001-csv/3975#51721115>		"p=t̪ay"@coc	
"tʋ̀"@abi	<https://panlex.org/snapshot/panlex-20191001-csv/3975#51725117>				<https://panlex.org/snapshot/panlex-20191001-csv/3975#51725154>		"=iː"@coc	
"síé"@abi	<https://panlex.org/snapshot/panlex-20191001-csv/3975#51724586>				<https://panlex.org/snapshot/panlex-20191001-csv/3975#51724616>		"si-ʔˈiʎ̥"@coc	
"tì"@abi	<https://panlex.org/snapshot/panlex-20191001-csv/3975#51726000>				<https://panlex.org/snapshot/panlex-20191001-csv/3975#51726029>		"ʔiː=ʔˈiːp"@coc	
"nɔ̃̀"@abi	<https://panlex.org/snapshot/panlex-20191001-csv/3975#51723102>				<https://panlex.org/snapshot/panlex-20191001-csv/3975#51723134>		"ʂi"@coc	
"ḿ=búó"@abi	<https://panlex.org/snapshot/panlex-20191001-csv/3975#51721647>				<https://panlex.org/snapshot/panlex-20191001-csv/3975#51721676>		"ɲ=xʷat"@coc	
"òkũ̌"@abi	<https://panlex.org/snapshot/panlex-20191001-csv/3975#51721933>				<https://panlex.org/snapshot/panlex-20191001-csv/3975#51721962>		"čxkaɾ"@coc	
"òkũ̌"@abi	<https://panlex.org/snapshot/panlex-20191001-csv/3975#51721933>				<https://panlex.org/snapshot/panlex-20191001-csv/3975#51721961>		"xčkaɾ"@coc	
"ríné"@abi	<https://panlex.org/snapshot/panlex-20191001-csv/3975#51724162>				<https://panlex.org/snapshot/panlex-20191001-csv/3975#51724191>		"šay"@coc	
"rı́tı́"@abi	<https://panlex.org/snapshot/panlex-20191001-csv/3975#51723406>				<https://panlex.org/snapshot/panlex-20191001-csv/3975#51723434>		"šmaːl"@coc	
"lé=bè"@abi	<https://panlex.org/snapshot/panlex-20191001-csv/3975#51729953>				<https://panlex.org/snapshot/panlex-20191001-csv/3975#51729981>		"xʷat"@coc	
"kpã́gbá"@abi	<https://panlex.org/snapshot/panlex-20191001-csv/3975#51727892>				<https://panlex.org/snapshot/panlex-20191001-csv/3975#51727927>		"ʎ̥ay"@coc	
"kè=mʋ̃́nɔ̀"@abi	<https://panlex.org/snapshot/panlex-20191001-csv/3975#51731365>				<https://panlex.org/snapshot/panlex-20191001-csv/3975#51731397>		"š=ma"@coc	
"lʋ́wı́"@abi	<https://panlex.org/snapshot/panlex-20191001-csv/3975#51731520>				<https://panlex.org/snapshot/panlex-20191001-csv/3975#51731552>		"ʔiʎ=čˈaš"@coc	
"wátí"@abi	<https://panlex.org/snapshot/panlex-20191001-csv/3975#51728749>				<https://panlex.org/snapshot/panlex-20191001-csv/3975#51728778>		"m=puk"@coc	
"kpı́-sı̀"@abi	<https://panlex.org/snapshot/panlex-20191001-csv/3975#51727743>				<https://panlex.org/snapshot/panlex-20191001-csv/3975#51727774>		"ʔa=pˈa"@coc	
"núhũ̀ĩ̀"@abi	<https://panlex.org/snapshot/panlex-20191001-csv/3975#51732517>				<https://panlex.org/snapshot/panlex-20191001-csv/3975#51732547>		"š=yuʎ̥"@coc	
"rʋ́wà"@abi	<https://panlex.org/snapshot/panlex-20191001-csv/3975#51727050>				<https://panlex.org/snapshot/panlex-20191001-csv/3975#51727080>		"wal"@coc	
"ló=fù"@abi	<https://panlex.org/snapshot/panlex-20191001-csv/3975#51734579>				<https://panlex.org/snapshot/panlex-20191001-csv/3975#51734608>		"xm=aːʎ̥"@coc	
"ɛ̃́ʔı̃́"@abi	<https://panlex.org/snapshot/panlex-20191001-csv/3975#51733266>				<https://panlex.org/snapshot/panlex-20191001-csv/3975#51733300>		"ʔi=yˈa"@coc	
"áxʋ́á"@abi	<https://panlex.org/snapshot/panlex-20191001-csv/3975#51726299>				<https://panlex.org/snapshot/panlex-20191001-csv/3975#51726324>		"kʷa"@coc	
"yǒú"@abi	<https://panlex.org/snapshot/panlex-20191001-csv/3975#51729014>				<https://panlex.org/snapshot/panlex-20191001-csv/3975#51729050>		"č=ɲam"@coc	
"=mú"@abi	<https://panlex.org/snapshot/panlex-20191001-csv/3975#51729329>				<https://panlex.org/snapshot/panlex-20191001-csv/3975#51729363>		"lu-…-m"@coc	
