"lɔ́=wɔ̀"@abi	<https://panlex.org/snapshot/panlex-20191001-csv/3975#51728884>				<https://panlex.org/snapshot/panlex-20191001-csv/3975#51728930>		"zà"@huc	
"yí"@abi	<https://panlex.org/snapshot/panlex-20191001-csv/3975#51734852>				<https://panlex.org/snapshot/panlex-20191001-csv/3975#51734907>		"ʔǎ̰ri=ɡǀǀá̰i"@huc	
"rúhó"@abi	<https://panlex.org/snapshot/panlex-20191001-csv/3975#51724303>				<https://panlex.org/snapshot/panlex-20191001-csv/3975#51724343>		"ɳǂu"@huc	
"ló=bù"@abi	<https://panlex.org/snapshot/panlex-20191001-csv/3975#51721507>				<https://panlex.org/snapshot/panlex-20191001-csv/3975#51721553>		"ǂkxau"@huc	
"hı̀"@abi	<https://panlex.org/snapshot/panlex-20191001-csv/3975#51723698>				<https://panlex.org/snapshot/panlex-20191001-csv/3975#51723749>		"ʔám"@huc	
"gbéĩ́"@abi	<https://panlex.org/snapshot/panlex-20191001-csv/3975#51735405>				<https://panlex.org/snapshot/panlex-20191001-csv/3975#51735454>		"ɕea̰m̩"@huc	
"gbéĩ́"@abi	<https://panlex.org/snapshot/panlex-20191001-csv/3975#51735405>				<https://panlex.org/snapshot/panlex-20191001-csv/3975#51735455>		"ɕea̰am̩"@huc	
"nʋ́=mʋ́-tì"@abi	<https://panlex.org/snapshot/panlex-20191001-csv/3975#51728453>				<https://panlex.org/snapshot/panlex-20191001-csv/3975#51728501>		"šĩ"@huc	
"ɛ̀fɛ̀"@abi	<https://panlex.org/snapshot/panlex-20191001-csv/3975#51732972>				<https://panlex.org/snapshot/panlex-20191001-csv/3975#51733014>		"úː"@huc	
"ʔà"@abi	<https://panlex.org/snapshot/panlex-20191001-csv/3975#51733729>				<https://panlex.org/snapshot/panlex-20191001-csv/3975#51733781>		"ɕà̰o"@huc	
"ń=nı̃̀ɛ̃̀"@abi	<https://panlex.org/snapshot/panlex-20191001-csv/3975#51728036>				<https://panlex.org/snapshot/panlex-20191001-csv/3975#51728085>		"ǀǀa̰ḛ"@huc	
"múhú"@abi	<https://panlex.org/snapshot/panlex-20191001-csv/3975#51735549>				<https://panlex.org/snapshot/panlex-20191001-csv/3975#51735594>		"qana"@huc	
"múhú"@abi	<https://panlex.org/snapshot/panlex-20191001-csv/3975#51735549>				<https://panlex.org/snapshot/panlex-20191001-csv/3975#51735593>		"qaʔana"@huc	
"lʋ́=kpɔ̃́"@abi	<https://panlex.org/snapshot/panlex-20191001-csv/3975#51726769>				<https://panlex.org/snapshot/panlex-20191001-csv/3975#51726820>		"ǂʰeme"@huc	
"bɔ́"@abi	<https://panlex.org/snapshot/panlex-20191001-csv/3975#51725695>				<https://panlex.org/snapshot/panlex-20191001-csv/3975#51725743>		"šíu"@huc	
"gbẽ̂"@abi	<https://panlex.org/snapshot/panlex-20191001-csv/3975#51732234>				<https://panlex.org/snapshot/panlex-20191001-csv/3975#51732286>		"ʒʼaː"@huc	
"gbẽ̂"@abi	<https://panlex.org/snapshot/panlex-20191001-csv/3975#51732234>				<https://panlex.org/snapshot/panlex-20191001-csv/3975#51732284>		"čʰaː"@huc	
"gbẽ̂"@abi	<https://panlex.org/snapshot/panlex-20191001-csv/3975#51732234>				<https://panlex.org/snapshot/panlex-20191001-csv/3975#51732285>		"ʒa"@huc	
"lɛ̃̄hı̃̀"@abi	<https://panlex.org/snapshot/panlex-20191001-csv/3975#51727485>				<https://panlex.org/snapshot/panlex-20191001-csv/3975#51727531>		"čàʔa"@huc	
"dı̀=ã́"@abi	<https://panlex.org/snapshot/panlex-20191001-csv/3975#51726913>				<https://panlex.org/snapshot/panlex-20191001-csv/3975#51726959>		"ciʔa"@huc	
"nʋ́nʋ̀wı̀"@abi	<https://panlex.org/snapshot/panlex-20191001-csv/3975#51724001>				<https://panlex.org/snapshot/panlex-20191001-csv/3975#51724055>		"ʘōā"@huc	
"ʄà- …-nʋ́"@abi	<https://panlex.org/snapshot/panlex-20191001-csv/3975#51725283>				<https://panlex.org/snapshot/panlex-20191001-csv/3975#51725331>		"qʰãẽ"@huc	
"hrɛ́hrɛ́"@abi	<https://panlex.org/snapshot/panlex-20191001-csv/3975#51723268>				<https://panlex.org/snapshot/panlex-20191001-csv/3975#51723312>		"ǀqʼau"@huc	
"ɛ̀mı̃́"@abi	<https://panlex.org/snapshot/panlex-20191001-csv/3975#51734422>				<https://panlex.org/snapshot/panlex-20191001-csv/3975#51734472>		"ɕini"@huc	
"wù"@abi	<https://panlex.org/snapshot/panlex-20191001-csv/3975#51724729>				<https://panlex.org/snapshot/panlex-20191001-csv/3975#51724767>		"kàla"@huc	
"ń=dî"@abi	<https://panlex.org/snapshot/panlex-20191001-csv/3975#51723872>				<https://panlex.org/snapshot/panlex-20191001-csv/3975#51723917>		"kʰõʔẽ"@huc	
"nʋ́"@abi	<https://panlex.org/snapshot/panlex-20191001-csv/3975#51724000>				<https://panlex.org/snapshot/panlex-20191001-csv/3975#51724055>		"ʘōā"@huc	
"bũ̀ṍ-bùò"@abi	<https://panlex.org/snapshot/panlex-20191001-csv/3975#51735147>				<https://panlex.org/snapshot/panlex-20191001-csv/3975#51735199>		"ɡǂoa"@huc	
"àtìŋmgbré"@abi	<https://panlex.org/snapshot/panlex-20191001-csv/3975#51730091>				<https://panlex.org/snapshot/panlex-20191001-csv/3975#51730138>		"ʓeo"@huc	
"tĩ̂"@abi	<https://panlex.org/snapshot/panlex-20191001-csv/3975#51733418>				<https://panlex.org/snapshot/panlex-20191001-csv/3975#51733466>		"ǀʼṍ"@huc	
"à=dùà"@abi	<https://panlex.org/snapshot/panlex-20191001-csv/3975#51722949>				<https://panlex.org/snapshot/panlex-20191001-csv/3975#51722994>		"ɕeama"@huc	
"mĩ́dí"@abi	<https://panlex.org/snapshot/panlex-20191001-csv/3975#51729813>				<https://panlex.org/snapshot/panlex-20191001-csv/3975#51729859>		"čoʔãː"@huc	
"mĩ́dí"@abi	<https://panlex.org/snapshot/panlex-20191001-csv/3975#51729813>				<https://panlex.org/snapshot/panlex-20191001-csv/3975#51729860>		"cõʔãː"@huc	
"mĩ́dí"@abi	<https://panlex.org/snapshot/panlex-20191001-csv/3975#51734042>				<https://panlex.org/snapshot/panlex-20191001-csv/3975#51734092>		"ǯo"@huc	
"ínè"@abi	<https://panlex.org/snapshot/panlex-20191001-csv/3975#51725842>				<https://panlex.org/snapshot/panlex-20191001-csv/3975#51725894>		"ʔɳʘũ"@huc	
"dı̀=nʋ̃́"@abi	<https://panlex.org/snapshot/panlex-20191001-csv/3975#51730757>				<https://panlex.org/snapshot/panlex-20191001-csv/3975#51730805>		"cí"@huc	
"lú"@abi	<https://panlex.org/snapshot/panlex-20191001-csv/3975#51736343>				<https://panlex.org/snapshot/panlex-20191001-csv/3975#51736393>		"kʰãẽ"@huc	
"lú"@abi	<https://panlex.org/snapshot/panlex-20191001-csv/3975#51736343>				<https://panlex.org/snapshot/panlex-20191001-csv/3975#51736394>		"kʰẽĩ"@huc	
"lú"@abi	<https://panlex.org/snapshot/panlex-20191001-csv/3975#51722788>				<https://panlex.org/snapshot/panlex-20191001-csv/3975#51722840>		"šĩ́"@huc	
"rı́kɛ́kı̀"@abi	<https://panlex.org/snapshot/panlex-20191001-csv/3975#51723552>				<https://panlex.org/snapshot/panlex-20191001-csv/3975#51723598>		"kxà"@huc	
"kpã̂"@abi	<https://panlex.org/snapshot/panlex-20191001-csv/3975#51729660>				<https://panlex.org/snapshot/panlex-20191001-csv/3975#51729705>		"ǂʼàm-kòːe"@huc	
"lı́fã̂"@abi	<https://panlex.org/snapshot/panlex-20191001-csv/3975#51736092>				<https://panlex.org/snapshot/panlex-20191001-csv/3975#51736141>		"ǂqʼui"@huc	
"là … bé"@abi	<https://panlex.org/snapshot/panlex-20191001-csv/3975#51727191>				<https://panlex.org/snapshot/panlex-20191001-csv/3975#51727244>		"ǂqíʔi"@huc	
"=mʋ́"@abi	<https://panlex.org/snapshot/panlex-20191001-csv/3975#51729328>				<https://panlex.org/snapshot/panlex-20191001-csv/3975#51729384>		"ǀʰõʔõ"@huc	
"òbú"@abi	<https://panlex.org/snapshot/panlex-20191001-csv/3975#51732823>				<https://panlex.org/snapshot/panlex-20191001-csv/3975#51732872>		"háː"@huc	
"ɔ́ɲʋ́"@abi	<https://panlex.org/snapshot/panlex-20191001-csv/3975#51727615>				<https://panlex.org/snapshot/panlex-20191001-csv/3975#51727658>		"cʼiː"@huc	
"mẽ+nátʋ̀"@abi	<https://panlex.org/snapshot/panlex-20191001-csv/3975#51720687>				<https://panlex.org/snapshot/panlex-20191001-csv/3975#51720735>		"ɳǂʰoe"@huc	
"ĩ́né"@abi	<https://panlex.org/snapshot/panlex-20191001-csv/3975#51733116>				<https://panlex.org/snapshot/panlex-20191001-csv/3975#51733164>		"cela"@huc	
"grèlè"@abi	<https://panlex.org/snapshot/panlex-20191001-csv/3975#51722465>				<https://panlex.org/snapshot/panlex-20191001-csv/3975#51722512>		"ǀaba"@huc	
"létè"@abi	<https://panlex.org/snapshot/panlex-20191001-csv/3975#51727348>				<https://panlex.org/snapshot/panlex-20191001-csv/3975#51727392>		"kui"@huc	
"ɛ̀mɛ̀"@abi	<https://panlex.org/snapshot/panlex-20191001-csv/3975#51726429>				<https://panlex.org/snapshot/panlex-20191001-csv/3975#51726483>		"ma"@huc	
"ã̀bı́"@abi	<https://panlex.org/snapshot/panlex-20191001-csv/3975#51732660>				<https://panlex.org/snapshot/panlex-20191001-csv/3975#51732717>		"ɕǒa"@huc	
"tı̀"@abi	<https://panlex.org/snapshot/panlex-20191001-csv/3975#51733915>				<https://panlex.org/snapshot/panlex-20191001-csv/3975#51733959>		"kǔru"@huc	
"lɛ́"@abi	<https://panlex.org/snapshot/panlex-20191001-csv/3975#51724426>				<https://panlex.org/snapshot/panlex-20191001-csv/3975#51724478>		"ɡʘoa"@huc	
"wɔ̃̂"@abi	<https://panlex.org/snapshot/panlex-20191001-csv/3975#51728195>				<https://panlex.org/snapshot/panlex-20191001-csv/3975#51728240>		"ɡǂibi"@huc	
"kã̀"@abi	<https://panlex.org/snapshot/panlex-20191001-csv/3975#51730587>				<https://panlex.org/snapshot/panlex-20191001-csv/3975#51730643>		"kiʔi"@huc	
"mʋ́lɔ́lɔ́"@abi	<https://panlex.org/snapshot/panlex-20191001-csv/3975#51731944>				<https://panlex.org/snapshot/panlex-20191001-csv/3975#51731991>		"ǂõ̏"@huc	
"lú=wú"@abi	<https://panlex.org/snapshot/panlex-20191001-csv/3975#51721795>				<https://panlex.org/snapshot/panlex-20191001-csv/3975#51721844>		"ɕa̰ː"@huc	
"kpɛ̃́kpɛ̀"@abi	<https://panlex.org/snapshot/panlex-20191001-csv/3975#51731216>				<https://panlex.org/snapshot/panlex-20191001-csv/3975#51731258>		"čʼu"@huc	
"hí"@abi	<https://panlex.org/snapshot/panlex-20191001-csv/3975#51722600>				<https://panlex.org/snapshot/panlex-20191001-csv/3975#51722656>		"čá"@huc	
"pì … été"@abi	<https://panlex.org/snapshot/panlex-20191001-csv/3975#51731045>				<https://panlex.org/snapshot/panlex-20191001-csv/3975#51731098>		"ʔɳǀā"@huc	
"fɛ̃́ĩ́"@abi	<https://panlex.org/snapshot/panlex-20191001-csv/3975#50811729>				<https://panlex.org/snapshot/panlex-20191001-csv/3975#51720592>		"ùē"@huc	
"gbàdà"@abi	<https://panlex.org/snapshot/panlex-20191001-csv/3975#51721085>				<https://panlex.org/snapshot/panlex-20191001-csv/3975#51721133>		"ɳǀǀam"@huc	
"tʋ̀"@abi	<https://panlex.org/snapshot/panlex-20191001-csv/3975#51725117>				<https://panlex.org/snapshot/panlex-20191001-csv/3975#51725169>		"šu"@huc	
"tì"@abi	<https://panlex.org/snapshot/panlex-20191001-csv/3975#51726000>				<https://panlex.org/snapshot/panlex-20191001-csv/3975#51726047>		"cã̄"@huc	
"nɔ̃̀"@abi	<https://panlex.org/snapshot/panlex-20191001-csv/3975#51723102>				<https://panlex.org/snapshot/panlex-20191001-csv/3975#51723151>		"ču"@huc	
"ḿ=búó"@abi	<https://panlex.org/snapshot/panlex-20191001-csv/3975#51721647>				<https://panlex.org/snapshot/panlex-20191001-csv/3975#51721694>		"ǀqʼi"@huc	
"ríné"@abi	<https://panlex.org/snapshot/panlex-20191001-csv/3975#51724162>				<https://panlex.org/snapshot/panlex-20191001-csv/3975#51724206>		"ǀʼui"@huc	
"ríné"@abi	<https://panlex.org/snapshot/panlex-20191001-csv/3975#51724162>				<https://panlex.org/snapshot/panlex-20191001-csv/3975#51724205>		"ǀui"@huc	
"rı́tı́"@abi	<https://panlex.org/snapshot/panlex-20191001-csv/3975#51723406>				<https://panlex.org/snapshot/panlex-20191001-csv/3975#51723451>		"ǀqʰõ̀ẽ̄"@huc	
"kpã́gbá"@abi	<https://panlex.org/snapshot/panlex-20191001-csv/3975#51727892>				<https://panlex.org/snapshot/panlex-20191001-csv/3975#51727939>		"ǯua"@huc	
"kpã́gbá"@abi	<https://panlex.org/snapshot/panlex-20191001-csv/3975#51727892>				<https://panlex.org/snapshot/panlex-20191001-csv/3975#51727940>		"ʒũã"@huc	
"kè=mʋ̃́nɔ̀"@abi	<https://panlex.org/snapshot/panlex-20191001-csv/3975#51731365>				<https://panlex.org/snapshot/panlex-20191001-csv/3975#51731414>		"cʼã̄"@huc	
"wátí"@abi	<https://panlex.org/snapshot/panlex-20191001-csv/3975#51728749>				<https://panlex.org/snapshot/panlex-20191001-csv/3975#51728793>		"ɕʰa"@huc	
"kpı́-sı̀"@abi	<https://panlex.org/snapshot/panlex-20191001-csv/3975#51727743>				<https://panlex.org/snapshot/panlex-20191001-csv/3975#51727791>		"ʔǎ̰ri"@huc	
"núhũ̀ĩ̀"@abi	<https://panlex.org/snapshot/panlex-20191001-csv/3975#51732517>				<https://panlex.org/snapshot/panlex-20191001-csv/3975#51732564>		"ʘxui"@huc	
"rʋ́wà"@abi	<https://panlex.org/snapshot/panlex-20191001-csv/3975#51727050>				<https://panlex.org/snapshot/panlex-20191001-csv/3975#51727096>		"kí=ʓȍ̰ba"@huc	
"ló=fù"@abi	<https://panlex.org/snapshot/panlex-20191001-csv/3975#51734579>				<https://panlex.org/snapshot/panlex-20191001-csv/3975#51734622>		"ǂà̰ʔnna"@huc	
"ɛ̃́ʔı̃́"@abi	<https://panlex.org/snapshot/panlex-20191001-csv/3975#51733266>				<https://panlex.org/snapshot/panlex-20191001-csv/3975#51733317>		"cʼíú"@huc	
"yǒú"@abi	<https://panlex.org/snapshot/panlex-20191001-csv/3975#51729014>				<https://panlex.org/snapshot/panlex-20191001-csv/3975#51729064>		"cʰao"@huc	
"=mú"@abi	<https://panlex.org/snapshot/panlex-20191001-csv/3975#51729329>				<https://panlex.org/snapshot/panlex-20191001-csv/3975#51729384>		"ǀʰõʔõ"@huc	
