"ṇʼmai"@lex	<https://panlex.org/snapshot/panlex-20191001-csv/114#8054964>				<https://panlex.org/snapshot/panlex-20191001-csv/114#8055092>		"atoʼ"@plv	
"ṇʼmai"@lex	<https://panlex.org/snapshot/panlex-20191001-csv/114#8054964>				<https://panlex.org/snapshot/panlex-20191001-csv/114#8055093>		"matoʼ"@plv	
"ʼoʔətani"@lex	<https://panlex.org/snapshot/panlex-20191001-csv/114#8063619>				<https://panlex.org/snapshot/panlex-20191001-csv/114#8063754>		"ulo"@plv	
"namʼmali"@lex	<https://panlex.org/snapshot/panlex-20191001-csv/114#8068341>				<https://panlex.org/snapshot/panlex-20191001-csv/114#8068474>		"kesit"@plv	
"namʼmali"@lex	<https://panlex.org/snapshot/panlex-20191001-csv/114#8068341>				<https://panlex.org/snapshot/panlex-20191001-csv/114#8068475>		"kumsit"@plv	
"ʼnamə"@lex	<https://panlex.org/snapshot/panlex-20191001-csv/114#8067809>				<https://panlex.org/snapshot/panlex-20191001-csv/114#8067942>		"dilaʼ"@plv	
