"kǫ̀"@dgr	<https://panlex.org/snapshot/panlex-20191001-csv/3776#91594218>				<https://panlex.org/snapshot/panlex-20191001-csv/3776#91594222>		"σπίτι"@el	
"zhah"@dgr	<https://panlex.org/snapshot/panlex-20191001-csv/3776#91631934>				<https://panlex.org/snapshot/panlex-20191001-csv/3776#91631939>		"χιόνι"@el	
"eyè"@dgr	<https://panlex.org/snapshot/panlex-20191001-csv/3776#91595477>				<https://panlex.org/snapshot/panlex-20191001-csv/3776#91595482>		"αυγό"@el	
"eyè"@dgr	<https://panlex.org/snapshot/panlex-20191001-csv/3776#91595477>				<https://panlex.org/snapshot/panlex-20191001-csv/3776#91595483>		"ωόν"@el	
"eyè"@dgr	<https://panlex.org/snapshot/panlex-20191001-csv/3776#91595477>				<https://panlex.org/snapshot/panlex-20191001-csv/3776#91595481>		"αβγό"@el	
"łıwe"@dgr	<https://panlex.org/snapshot/panlex-20191001-csv/3776#91600670>				<https://panlex.org/snapshot/panlex-20191001-csv/3776#91600677>		"ψάρι"@el	
"chǫ"@dgr	<https://panlex.org/snapshot/panlex-20191001-csv/3776#91626410>				<https://panlex.org/snapshot/panlex-20191001-csv/3776#91626413>		"βροχή"@el	
"dìga"@dgr	<https://panlex.org/snapshot/panlex-20191001-csv/3776#91733995>				<https://panlex.org/snapshot/panlex-20191001-csv/3776#91734001>		"λύκος"@el	
