"ʁusˈan-um"@bsk	<https://panlex.org/snapshot/panlex-20191001-csv/3975#51727514>				<https://panlex.org/snapshot/panlex-20191001-csv/3975#51727537>		"rap"@isi	
"ʁusˈan-um"@bsk	<https://panlex.org/snapshot/panlex-20191001-csv/3975#51727514>				<https://panlex.org/snapshot/panlex-20191001-csv/3975#51727536>		"ràbî"@isi	
"asˈur"@bsk	<https://panlex.org/snapshot/panlex-20191001-csv/3975#51735434>				<https://panlex.org/snapshot/panlex-20191001-csv/3975#51735460>		"kpédí-kpédí"@isi	
"asˈur"@bsk	<https://panlex.org/snapshot/panlex-20191001-csv/3975#51735434>				<https://panlex.org/snapshot/panlex-20191001-csv/3975#51735461>		"kpédɨ́-kpédɛ́"@isi	
"=lɕin"@bsk	<https://panlex.org/snapshot/panlex-20191001-csv/3975#51724028>				<https://panlex.org/snapshot/panlex-20191001-csv/3975#51724062>		"ì=mɨ̂r"@isi	
"=lɕin"@bsk	<https://panlex.org/snapshot/panlex-20191001-csv/3975#51724028>				<https://panlex.org/snapshot/panlex-20191001-csv/3975#51724061>		"ì=mɨ̂r"@isi	
"cˈur-"@bsk	<https://panlex.org/snapshot/panlex-20191001-csv/3975#51722633>				<https://panlex.org/snapshot/panlex-20191001-csv/3975#51722663>		"bá"@isi	
"cˈur-"@bsk	<https://panlex.org/snapshot/panlex-20191001-csv/3975#51722633>				<https://panlex.org/snapshot/panlex-20191001-csv/3975#51722664>		"bâ"@isi	
"tiʂ"@bsk	<https://panlex.org/snapshot/panlex-20191001-csv/3975#51736119>				<https://panlex.org/snapshot/panlex-20191001-csv/3975#51736146>		"ì=fɨ̀fè"@isi	
"tiʂ"@bsk	<https://panlex.org/snapshot/panlex-20191001-csv/3975#51736119>				<https://panlex.org/snapshot/panlex-20191001-csv/3975#51736147>		"ì=fɨ̀fɛ̀"@isi	
"d=…ya-"@bsk	<https://panlex.org/snapshot/panlex-20191001-csv/3975#51722630>				<https://panlex.org/snapshot/panlex-20191001-csv/3975#51722663>		"bá"@isi	
"d=…ya-"@bsk	<https://panlex.org/snapshot/panlex-20191001-csv/3975#51722630>				<https://panlex.org/snapshot/panlex-20191001-csv/3975#51722664>		"bâ"@isi	
"=yeˈec-"@bsk	<https://panlex.org/snapshot/panlex-20191001-csv/3975#51730781>				<https://panlex.org/snapshot/panlex-20191001-csv/3975#51730812>		"yêd"@isi	
"=yeˈec-"@bsk	<https://panlex.org/snapshot/panlex-20191001-csv/3975#51730781>				<https://panlex.org/snapshot/panlex-20191001-csv/3975#51730813>		"ɲɛ̃̂n"@isi	
"=s=qan-"@bsk	<https://panlex.org/snapshot/panlex-20191001-csv/3975#51726651>				<https://panlex.org/snapshot/panlex-20191001-csv/3975#51726679>		"yôl"@isi	
"=s=qan-"@bsk	<https://panlex.org/snapshot/panlex-20191001-csv/3975#51726651>				<https://panlex.org/snapshot/panlex-20191001-csv/3975#51726678>		"yol"@isi	
"ʁusˈan-um"@bsk	<https://panlex.org/snapshot/panlex-20191001-csv/3975#51727515>				<https://panlex.org/snapshot/panlex-20191001-csv/3975#51727537>		"rap"@isi	
"ʁusˈan-um"@bsk	<https://panlex.org/snapshot/panlex-20191001-csv/3975#51727515>				<https://panlex.org/snapshot/panlex-20191001-csv/3975#51727536>		"ràbî"@isi	
"mi"@bsk	<https://panlex.org/snapshot/panlex-20191001-csv/3975#51734228>				<https://panlex.org/snapshot/panlex-20191001-csv/3975#51734273>		"ú"@isi	
"mi"@bsk	<https://panlex.org/snapshot/panlex-20191001-csv/3975#51734228>				<https://panlex.org/snapshot/panlex-20191001-csv/3975#51734274>		"wur"@isi	
"bˈard-um"@bsk	<https://panlex.org/snapshot/panlex-20191001-csv/3975#51729975>				<https://panlex.org/snapshot/panlex-20191001-csv/3975#51730003>		"ḿ=bébél"@isi	
"bˈard-um"@bsk	<https://panlex.org/snapshot/panlex-20191001-csv/3975#51729975>				<https://panlex.org/snapshot/panlex-20191001-csv/3975#51730004>		"ì=bêbêl"@isi	
"gar-ˈum"@bsk	<https://panlex.org/snapshot/panlex-20191001-csv/3975#51733941>				<https://panlex.org/snapshot/panlex-20191001-csv/3975#51733964>		"=fùfúp"@isi	
"gar-ˈum"@bsk	<https://panlex.org/snapshot/panlex-20191001-csv/3975#51733941>				<https://panlex.org/snapshot/panlex-20191001-csv/3975#51733965>		"fup"@isi	
"min-"@bsk	<https://panlex.org/snapshot/panlex-20191001-csv/3975#51723128>				<https://panlex.org/snapshot/panlex-20191001-csv/3975#51723156>		"wô"@isi	
"min-"@bsk	<https://panlex.org/snapshot/panlex-20191001-csv/3975#51723128>				<https://panlex.org/snapshot/panlex-20191001-csv/3975#51723157>		"wɔ̂"@isi	
"=mˈe"@bsk	<https://panlex.org/snapshot/panlex-20191001-csv/3975#51733294>				<https://panlex.org/snapshot/panlex-20191001-csv/3975#51733322>		"ì=lôl"@isi	
"=mˈe"@bsk	<https://panlex.org/snapshot/panlex-20191001-csv/3975#51733294>				<https://panlex.org/snapshot/panlex-20191001-csv/3975#51733323>		"ì=lôl"@isi	
"pʰˈet-iŋ"@bsk	<https://panlex.org/snapshot/panlex-20191001-csv/3975#51720713>				<https://panlex.org/snapshot/panlex-20191001-csv/3975#51720743>		"à=tɔ̂ŋ"@isi	
"pʰˈet-iŋ"@bsk	<https://panlex.org/snapshot/panlex-20191001-csv/3975#51720713>				<https://panlex.org/snapshot/panlex-20191001-csv/3975#51720742>		"à=tɔ̂ŋ"@isi	
"=ʂ"@bsk	<https://panlex.org/snapshot/panlex-20191001-csv/3975#51728773>				<https://panlex.org/snapshot/panlex-20191001-csv/3975#51728798>		"ì=mèl"@isi	
"=ʂ"@bsk	<https://panlex.org/snapshot/panlex-20191001-csv/3975#51728773>				<https://panlex.org/snapshot/panlex-20191001-csv/3975#51728799>		"ì=mɛ̃̀l"@isi	
"=ʂˈi-"@bsk	<https://panlex.org/snapshot/panlex-20191001-csv/3975#51723726>				<https://panlex.org/snapshot/panlex-20191001-csv/3975#51723754>		"lî"@isi	
"=ʂˈi-"@bsk	<https://panlex.org/snapshot/panlex-20191001-csv/3975#51723726>				<https://panlex.org/snapshot/panlex-20191001-csv/3975#51723755>		"lî"@isi	
"tik"@bsk	<https://panlex.org/snapshot/panlex-20191001-csv/3975#51723576>				<https://panlex.org/snapshot/panlex-20191001-csv/3975#51723607>		"ǹ=dègɛ́"@isi	
"tik"@bsk	<https://panlex.org/snapshot/panlex-20191001-csv/3975#51723576>				<https://panlex.org/snapshot/panlex-20191001-csv/3975#51723606>		"ǹ=dègí"@isi	
"tul"@bsk	<https://panlex.org/snapshot/panlex-20191001-csv/3975#51735839>				<https://panlex.org/snapshot/panlex-20191001-csv/3975#51735869>		"ɲ̀=ɲɔ́"@isi	
"tul"@bsk	<https://panlex.org/snapshot/panlex-20191001-csv/3975#51735839>				<https://panlex.org/snapshot/panlex-20191001-csv/3975#51735868>		"=ɲô"@isi	
"=xˈat"@bsk	<https://panlex.org/snapshot/panlex-20191001-csv/3975#51728477>				<https://panlex.org/snapshot/panlex-20191001-csv/3975#51728509>		"ɲɔ̀ː"@isi	
"=xˈat"@bsk	<https://panlex.org/snapshot/panlex-20191001-csv/3975#51728477>				<https://panlex.org/snapshot/panlex-20191001-csv/3975#51728508>		"ɲ̀=ɲò"@isi	
"kʰuʈ"@bsk	<https://panlex.org/snapshot/panlex-20191001-csv/3975#51735705>				<https://panlex.org/snapshot/panlex-20191001-csv/3975#51735735>		"kpetʰ"@isi	
"kʰuʈ"@bsk	<https://panlex.org/snapshot/panlex-20191001-csv/3975#51735705>				<https://panlex.org/snapshot/panlex-20191001-csv/3975#51735734>		"kɨ̀bî"@isi	
"tin"@bsk	<https://panlex.org/snapshot/panlex-20191001-csv/3975#51721821>				<https://panlex.org/snapshot/panlex-20191001-csv/3975#51721852>		"ì=kób"@isi	
"tin"@bsk	<https://panlex.org/snapshot/panlex-20191001-csv/3975#51721821>				<https://panlex.org/snapshot/panlex-20191001-csv/3975#51721851>		"ì=káb"@isi	
"=yˈaʈi-s"@bsk	<https://panlex.org/snapshot/panlex-20191001-csv/3975#51725870>				<https://panlex.org/snapshot/panlex-20191001-csv/3975#51725901>		"ì=šî"@isi	
"=yˈaʈi-s"@bsk	<https://panlex.org/snapshot/panlex-20191001-csv/3975#51725870>				<https://panlex.org/snapshot/panlex-20191001-csv/3975#51725900>		"ì=šî"@isi	
"ses"@bsk	<https://panlex.org/snapshot/panlex-20191001-csv/3975#51729682>				<https://panlex.org/snapshot/panlex-20191001-csv/3975#51729711>		"ǹ=nɛ̀"@isi	
"ses"@bsk	<https://panlex.org/snapshot/panlex-20191001-csv/3975#51729682>				<https://panlex.org/snapshot/panlex-20191001-csv/3975#51729710>		"ǹ=nè"@isi	
"tik"@bsk	<https://panlex.org/snapshot/panlex-20191001-csv/3975#51723577>				<https://panlex.org/snapshot/panlex-20191001-csv/3975#51723607>		"ǹ=dègɛ́"@isi	
"tik"@bsk	<https://panlex.org/snapshot/panlex-20191001-csv/3975#51723577>				<https://panlex.org/snapshot/panlex-20191001-csv/3975#51723606>		"ǹ=dègí"@isi	
"qʰurˈonc̢"@bsk	<https://panlex.org/snapshot/panlex-20191001-csv/3975#51722370>				<https://panlex.org/snapshot/panlex-20191001-csv/3975#51722394>		"ì=búmbúntà"@isi	
"qʰurˈonc̢"@bsk	<https://panlex.org/snapshot/panlex-20191001-csv/3975#51722370>				<https://panlex.org/snapshot/panlex-20191001-csv/3975#51722393>		"èbòrí-mbótàː"@isi	
"cel"@bsk	<https://panlex.org/snapshot/panlex-20191001-csv/3975#51734069>				<https://panlex.org/snapshot/panlex-20191001-csv/3975#51734097>		"à=lɨ́b"@isi	
"cel"@bsk	<https://panlex.org/snapshot/panlex-20191001-csv/3975#51734069>				<https://panlex.org/snapshot/panlex-20191001-csv/3975#51734098>		"à=lǝ́b"@isi	
"asiˈir"@bsk	<https://panlex.org/snapshot/panlex-20191001-csv/3975#51735433>				<https://panlex.org/snapshot/panlex-20191001-csv/3975#51735460>		"kpédí-kpédí"@isi	
"asiˈir"@bsk	<https://panlex.org/snapshot/panlex-20191001-csv/3975#51735433>				<https://panlex.org/snapshot/panlex-20191001-csv/3975#51735461>		"kpédɨ́-kpédɛ́"@isi	
"ca-ʈ"@bsk	<https://panlex.org/snapshot/panlex-20191001-csv/3975#51731834>				<https://panlex.org/snapshot/panlex-20191001-csv/3975#51731861>		"yêm"@isi	
"ca-ʈ"@bsk	<https://panlex.org/snapshot/panlex-20191001-csv/3975#51731834>				<https://panlex.org/snapshot/panlex-20191001-csv/3975#51731862>		"yémɛ̀"@isi	
"tʰap"@bsk	<https://panlex.org/snapshot/panlex-20191001-csv/3975#51729043>				<https://panlex.org/snapshot/panlex-20191001-csv/3975#51729072>		"à=tú"@isi	
"tʰap"@bsk	<https://panlex.org/snapshot/panlex-20191001-csv/3975#51729043>				<https://panlex.org/snapshot/panlex-20191001-csv/3975#51729073>		"à=tú"@isi	
"=ʆˈilan"@bsk	<https://panlex.org/snapshot/panlex-20191001-csv/3975#51732542>				<https://panlex.org/snapshot/panlex-20191001-csv/3975#51732569>		"ǹ=kêl"@isi	
"=ʆˈilan"@bsk	<https://panlex.org/snapshot/panlex-20191001-csv/3975#51732542>				<https://panlex.org/snapshot/panlex-20191001-csv/3975#51732570>		"ì=kêl"@isi	
"=lɕi-"@bsk	<https://panlex.org/snapshot/panlex-20191001-csv/3975#51724029>				<https://panlex.org/snapshot/panlex-20191001-csv/3975#51724062>		"ì=mɨ̂r"@isi	
"=lɕi-"@bsk	<https://panlex.org/snapshot/panlex-20191001-csv/3975#51724029>				<https://panlex.org/snapshot/panlex-20191001-csv/3975#51724061>		"ì=mɨ̂r"@isi	
"draχt"@bsk	<https://panlex.org/snapshot/panlex-20191001-csv/3975#51733442>				<https://panlex.org/snapshot/panlex-20191001-csv/3975#51733472>		"ì=té"@isi	
"draχt"@bsk	<https://panlex.org/snapshot/panlex-20191001-csv/3975#51733442>				<https://panlex.org/snapshot/panlex-20191001-csv/3975#51733473>		"ì=té"@isi	
"tur"@bsk	<https://panlex.org/snapshot/panlex-20191001-csv/3975#51726318>				<https://panlex.org/snapshot/panlex-20191001-csv/3975#51726343>		"ǹ=tâŋ"@isi	
"tur"@bsk	<https://panlex.org/snapshot/panlex-20191001-csv/3975#51726318>				<https://panlex.org/snapshot/panlex-20191001-csv/3975#51726344>		"ǹ=táŋ"@isi	
"minyˈa-"@bsk	<https://panlex.org/snapshot/panlex-20191001-csv/3975#51732421>				<https://panlex.org/snapshot/panlex-20191001-csv/3975#51732442>		"ɲɔg"@isi	
"minyˈa-"@bsk	<https://panlex.org/snapshot/panlex-20191001-csv/3975#51732421>				<https://panlex.org/snapshot/panlex-20191001-csv/3975#51732443>		"ɲɔ̂g"@isi	
"gilˈin-um"@bsk	<https://panlex.org/snapshot/panlex-20191001-csv/3975#51735985>				<https://panlex.org/snapshot/panlex-20191001-csv/3975#51736011>		"kèŋ-kǝ́ŋ"@isi	
"aˈi-"@bsk	<https://panlex.org/snapshot/panlex-20191001-csv/3975#51729357>				<https://panlex.org/snapshot/panlex-20191001-csv/3975#51729390>		"=om"@isi	
"aˈi-"@bsk	<https://panlex.org/snapshot/panlex-20191001-csv/3975#51729357>				<https://panlex.org/snapshot/panlex-20191001-csv/3975#51729389>		"kà"@isi	
"=rˈen"@bsk	<https://panlex.org/snapshot/panlex-20191001-csv/3975#51725718>				<https://panlex.org/snapshot/panlex-20191001-csv/3975#51725748>		"ù=bô"@isi	
"=rˈen"@bsk	<https://panlex.org/snapshot/panlex-20191001-csv/3975#51725718>				<https://panlex.org/snapshot/panlex-20191001-csv/3975#51725749>		"ù=bɔ̂"@isi	
"den"@bsk	<https://panlex.org/snapshot/panlex-20191001-csv/3975#51736370>				<https://panlex.org/snapshot/panlex-20191001-csv/3975#51736401>		"ì=rá"@isi	
"den"@bsk	<https://panlex.org/snapshot/panlex-20191001-csv/3975#51736370>				<https://panlex.org/snapshot/panlex-20191001-csv/3975#51736402>		"ì=rá"@isi	
"bis"@bsk	<https://panlex.org/snapshot/panlex-20191001-csv/3975#51724185>				<https://panlex.org/snapshot/panlex-20191001-csv/3975#51724212>		"à=fɔ̂m"@isi	
"bis"@bsk	<https://panlex.org/snapshot/panlex-20191001-csv/3975#51724185>				<https://panlex.org/snapshot/panlex-20191001-csv/3975#51724213>		"à=fɔ̂m"@isi	
"ɕʰˈumo"@bsk	<https://panlex.org/snapshot/panlex-20191001-csv/3975#51724611>				<https://panlex.org/snapshot/panlex-20191001-csv/3975#51724639>		"ń=kòbí"@isi	
"ɕʰˈumo"@bsk	<https://panlex.org/snapshot/panlex-20191001-csv/3975#51724611>				<https://panlex.org/snapshot/panlex-20191001-csv/3975#51724640>		"ŋ́=kɔ̀bɔ́"@isi	
"bˈuɻ-"@bsk	<https://panlex.org/snapshot/panlex-20191001-csv/3975#51723290>				<https://panlex.org/snapshot/panlex-20191001-csv/3975#51723317>		"yom"@isi	
"bˈuɻ-"@bsk	<https://panlex.org/snapshot/panlex-20191001-csv/3975#51723290>				<https://panlex.org/snapshot/panlex-20191001-csv/3975#51723318>		"yôm"@isi	
"=ltˈumal"@bsk	<https://panlex.org/snapshot/panlex-20191001-csv/3975#51723428>				<https://panlex.org/snapshot/panlex-20191001-csv/3975#51723458>		"ù=tôŋ"@isi	
"=ltˈumal"@bsk	<https://panlex.org/snapshot/panlex-20191001-csv/3975#51723428>				<https://panlex.org/snapshot/panlex-20191001-csv/3975#51723457>		"ù=tôŋ"@isi	
"be"@bsk	<https://panlex.org/snapshot/panlex-20191001-csv/3975#51734450>				<https://panlex.org/snapshot/panlex-20191001-csv/3975#51734478>		"ʓènî"@isi	
"be"@bsk	<https://panlex.org/snapshot/panlex-20191001-csv/3975#51734450>				<https://panlex.org/snapshot/panlex-20191001-csv/3975#51734479>		"báiː=ǯùm"@isi	
"pʰu"@bsk	<https://panlex.org/snapshot/panlex-20191001-csv/3975#51724455>				<https://panlex.org/snapshot/panlex-20191001-csv/3975#51724483>		"ǹ=gôn"@isi	
"pʰu"@bsk	<https://panlex.org/snapshot/panlex-20191001-csv/3975#51724455>				<https://panlex.org/snapshot/panlex-20191001-csv/3975#51724484>		"ŋ̀=gôn"@isi	
"ʁuyˈaŋ"@bsk	<https://panlex.org/snapshot/panlex-20191001-csv/3975#51725566>				<https://panlex.org/snapshot/panlex-20191001-csv/3975#51725597>		"ń=nù-šî"@isi	
"ʁuyˈaŋ"@bsk	<https://panlex.org/snapshot/panlex-20191001-csv/3975#51725566>				<https://panlex.org/snapshot/panlex-20191001-csv/3975#51725596>		"ɲ́=ɲù-šî"@isi	
"ʈiŋˈan"@bsk	<https://panlex.org/snapshot/panlex-20191001-csv/3975#51723895>				<https://panlex.org/snapshot/panlex-20191001-csv/3975#51723921>		"í=ʓǐ"@isi	
"ʈiŋˈan"@bsk	<https://panlex.org/snapshot/panlex-20191001-csv/3975#51723895>				<https://panlex.org/snapshot/panlex-20191001-csv/3975#51723922>		"í=ʓǐ"@isi	
"ɕʰiʂ"@bsk	<https://panlex.org/snapshot/panlex-20191001-csv/3975#51728358>				<https://panlex.org/snapshot/panlex-20191001-csv/3975#51728380>		"ì=gǒl"@isi	
"ɕʰiʂ"@bsk	<https://panlex.org/snapshot/panlex-20191001-csv/3975#51728358>				<https://panlex.org/snapshot/panlex-20191001-csv/3975#51728379>		"ì=gòlí"@isi	
"bˈaard-um"@bsk	<https://panlex.org/snapshot/panlex-20191001-csv/3975#51729974>				<https://panlex.org/snapshot/panlex-20191001-csv/3975#51730003>		"ḿ=bébél"@isi	
"bˈaard-um"@bsk	<https://panlex.org/snapshot/panlex-20191001-csv/3975#51729974>				<https://panlex.org/snapshot/panlex-20191001-csv/3975#51730004>		"ì=bêbêl"@isi	
"tam"@bsk	<https://panlex.org/snapshot/panlex-20191001-csv/3975#51732420>				<https://panlex.org/snapshot/panlex-20191001-csv/3975#51732442>		"ɲɔg"@isi	
"tam"@bsk	<https://panlex.org/snapshot/panlex-20191001-csv/3975#51732420>				<https://panlex.org/snapshot/panlex-20191001-csv/3975#51732443>		"ɲɔ̂g"@isi	
"multˈan"@bsk	<https://panlex.org/snapshot/panlex-20191001-csv/3975#51721670>				<https://panlex.org/snapshot/panlex-20191001-csv/3975#51721700>		"à=lóŋ"@isi	
"multˈan"@bsk	<https://panlex.org/snapshot/panlex-20191001-csv/3975#51721670>				<https://panlex.org/snapshot/panlex-20191001-csv/3975#51721701>		"à=lóŋ"@isi	
"har"@bsk	<https://panlex.org/snapshot/panlex-20191001-csv/3975#51720569>				<https://panlex.org/snapshot/panlex-20191001-csv/3975#51720599>		"wa"@isi	
"har"@bsk	<https://panlex.org/snapshot/panlex-20191001-csv/3975#51720569>				<https://panlex.org/snapshot/panlex-20191001-csv/3975#51720598>		"wá"@isi	
"kʰarˈu"@bsk	<https://panlex.org/snapshot/panlex-20191001-csv/3975#51727640>				<https://panlex.org/snapshot/panlex-20191001-csv/3975#51727663>		"ḿ=kpèrí"@isi	
"kʰarˈu"@bsk	<https://panlex.org/snapshot/panlex-20191001-csv/3975#51727640>				<https://panlex.org/snapshot/panlex-20191001-csv/3975#51727664>		"m̀=bôl"@isi	
"cul-ˈum"@bsk	<https://panlex.org/snapshot/panlex-20191001-csv/3975#51735306>				<https://panlex.org/snapshot/panlex-20191001-csv/3975#51735330>		"lupʰ"@isi	
"cul-ˈum"@bsk	<https://panlex.org/snapshot/panlex-20191001-csv/3975#51735306>				<https://panlex.org/snapshot/panlex-20191001-csv/3975#51735329>		"lôb"@isi	
"du=wˈal-"@bsk	<https://panlex.org/snapshot/panlex-20191001-csv/3975#51724751>				<https://panlex.org/snapshot/panlex-20191001-csv/3975#51724773>		"bɨ̂g"@isi	
"du=wˈal-"@bsk	<https://panlex.org/snapshot/panlex-20191001-csv/3975#51724751>				<https://panlex.org/snapshot/panlex-20191001-csv/3975#51724774>		"bûg"@isi	
"du=wˈal-"@bsk	<https://panlex.org/snapshot/panlex-20191001-csv/3975#51724751>				<https://panlex.org/snapshot/panlex-20191001-csv/3975#51724775>		"bȯ̂g"@isi	
"gal-"@bsk	<https://panlex.org/snapshot/panlex-20191001-csv/3975#51733760>				<https://panlex.org/snapshot/panlex-20191001-csv/3975#51733787>		"šɔ̀n"@isi	
"gal-"@bsk	<https://panlex.org/snapshot/panlex-20191001-csv/3975#51733760>				<https://panlex.org/snapshot/panlex-20191001-csv/3975#51733786>		"tɨm"@isi	
"ʂikˈark"@bsk	<https://panlex.org/snapshot/panlex-20191001-csv/3975#51735046>				<https://panlex.org/snapshot/panlex-20191001-csv/3975#51735067>		"ù=gɔ̀ŋúgɔ̀ŋ"@isi	
"ʂikˈark"@bsk	<https://panlex.org/snapshot/panlex-20191001-csv/3975#51735046>				<https://panlex.org/snapshot/panlex-20191001-csv/3975#51735068>		"ì=gɔ̀ŋígɔ̀ŋ"@isi	
"=muʆ"@bsk	<https://panlex.org/snapshot/panlex-20191001-csv/3975#51729198>				<https://panlex.org/snapshot/panlex-20191001-csv/3975#51729227>		"m̀=môl"@isi	
"=muʆ"@bsk	<https://panlex.org/snapshot/panlex-20191001-csv/3975#51729198>				<https://panlex.org/snapshot/panlex-20191001-csv/3975#51729226>		"ŋ̀=ŋôl"@isi	
"i-"@bsk	<https://panlex.org/snapshot/panlex-20191001-csv/3975#51732692>				<https://panlex.org/snapshot/panlex-20191001-csv/3975#51732725>		"=ô"@isi	
"i-"@bsk	<https://panlex.org/snapshot/panlex-20191001-csv/3975#51732692>				<https://panlex.org/snapshot/panlex-20191001-csv/3975#51732726>		"=ónò"@isi	
"=ɕˈi-"@bsk	<https://panlex.org/snapshot/panlex-20191001-csv/3975#51725149>				<https://panlex.org/snapshot/panlex-20191001-csv/3975#51725175>		"kaː"@isi	
"=ɕˈi-"@bsk	<https://panlex.org/snapshot/panlex-20191001-csv/3975#51725149>				<https://panlex.org/snapshot/panlex-20191001-csv/3975#51725174>		"kâr"@isi	
"buʈ"@bsk	<https://panlex.org/snapshot/panlex-20191001-csv/3975#51727921>				<https://panlex.org/snapshot/panlex-20191001-csv/3975#51727947>		"fep"@isi	
"buʈ"@bsk	<https://panlex.org/snapshot/panlex-20191001-csv/3975#51727921>				<https://panlex.org/snapshot/panlex-20191001-csv/3975#51727946>		"dól"@isi	
"=mˈu-pu-ʂ"@bsk	<https://panlex.org/snapshot/panlex-20191001-csv/3975#51729197>				<https://panlex.org/snapshot/panlex-20191001-csv/3975#51729227>		"m̀=môl"@isi	
"=mˈu-pu-ʂ"@bsk	<https://panlex.org/snapshot/panlex-20191001-csv/3975#51729197>				<https://panlex.org/snapshot/panlex-20191001-csv/3975#51729226>		"ŋ̀=ŋôl"@isi	
"=yˈaʈe-s"@bsk	<https://panlex.org/snapshot/panlex-20191001-csv/3975#51725871>				<https://panlex.org/snapshot/panlex-20191001-csv/3975#51725901>		"ì=šî"@isi	
"=yˈaʈe-s"@bsk	<https://panlex.org/snapshot/panlex-20191001-csv/3975#51725871>				<https://panlex.org/snapshot/panlex-20191001-csv/3975#51725900>		"ì=šî"@isi	
"guɕˈa-"@bsk	<https://panlex.org/snapshot/panlex-20191001-csv/3975#51727222>				<https://panlex.org/snapshot/panlex-20191001-csv/3975#51727249>		"nɔ̀ŋî"@isi	
"guɕˈa-"@bsk	<https://panlex.org/snapshot/panlex-20191001-csv/3975#51727222>				<https://panlex.org/snapshot/panlex-20191001-csv/3975#51727250>		"nɔ̀ŋɔ̂"@isi	
"=ltˈumal"@bsk	<https://panlex.org/snapshot/panlex-20191001-csv/3975#51723429>				<https://panlex.org/snapshot/panlex-20191001-csv/3975#51723458>		"ù=tôŋ"@isi	
"=ltˈumal"@bsk	<https://panlex.org/snapshot/panlex-20191001-csv/3975#51723429>				<https://panlex.org/snapshot/panlex-20191001-csv/3975#51723457>		"ù=tôŋ"@isi	
"alt-"@bsk	<https://panlex.org/snapshot/panlex-20191001-csv/3975#51733594>				<https://panlex.org/snapshot/panlex-20191001-csv/3975#51733625>		"bâl"@isi	
"alt-"@bsk	<https://panlex.org/snapshot/panlex-20191001-csv/3975#51733594>				<https://panlex.org/snapshot/panlex-20191001-csv/3975#51733626>		"í=bâl"@isi	
"=qʰˈat"@bsk	<https://panlex.org/snapshot/panlex-20191001-csv/3975#51728476>				<https://panlex.org/snapshot/panlex-20191001-csv/3975#51728509>		"ɲɔ̀ː"@isi	
"=qʰˈat"@bsk	<https://panlex.org/snapshot/panlex-20191001-csv/3975#51728476>				<https://panlex.org/snapshot/panlex-20191001-csv/3975#51728508>		"ɲ̀=ɲò"@isi	
"=ˈu-"@bsk	<https://panlex.org/snapshot/panlex-20191001-csv/3975#51725146>				<https://panlex.org/snapshot/panlex-20191001-csv/3975#51725175>		"kaː"@isi	
"=ˈu-"@bsk	<https://panlex.org/snapshot/panlex-20191001-csv/3975#51725146>				<https://panlex.org/snapshot/panlex-20191001-csv/3975#51725174>		"kâr"@isi	
"=ndˈil"@bsk	<https://panlex.org/snapshot/panlex-20191001-csv/3975#51721955>				<https://panlex.org/snapshot/panlex-20191001-csv/3975#51721982>		"ì=krùŋkù"@isi	
"=ndˈil"@bsk	<https://panlex.org/snapshot/panlex-20191001-csv/3975#51721955>				<https://panlex.org/snapshot/panlex-20191001-csv/3975#51721981>		"ì=kùrùŋkù"@isi	
"minˈe-"@bsk	<https://panlex.org/snapshot/panlex-20191001-csv/3975#51732422>				<https://panlex.org/snapshot/panlex-20191001-csv/3975#51732442>		"ɲɔg"@isi	
"minˈe-"@bsk	<https://panlex.org/snapshot/panlex-20191001-csv/3975#51732422>				<https://panlex.org/snapshot/panlex-20191001-csv/3975#51732443>		"ɲɔ̂g"@isi	
"bu-m"@bsk	<https://panlex.org/snapshot/panlex-20191001-csv/3975#51723291>				<https://panlex.org/snapshot/panlex-20191001-csv/3975#51723317>		"yom"@isi	
"bu-m"@bsk	<https://panlex.org/snapshot/panlex-20191001-csv/3975#51723291>				<https://panlex.org/snapshot/panlex-20191001-csv/3975#51723318>		"yôm"@isi	
"tʰas"@bsk	<https://panlex.org/snapshot/panlex-20191001-csv/3975#51731690>				<https://panlex.org/snapshot/panlex-20191001-csv/3975#51731716>		"à=tɨ́ták"@isi	
"tʰas"@bsk	<https://panlex.org/snapshot/panlex-20191001-csv/3975#51731690>				<https://panlex.org/snapshot/panlex-20191001-csv/3975#51731717>		"à=tȯ́tȯ̂g"@isi	
"pʰu"@bsk	<https://panlex.org/snapshot/panlex-20191001-csv/3975#51724456>				<https://panlex.org/snapshot/panlex-20191001-csv/3975#51724483>		"ǹ=gôn"@isi	
"pʰu"@bsk	<https://panlex.org/snapshot/panlex-20191001-csv/3975#51724456>				<https://panlex.org/snapshot/panlex-20191001-csv/3975#51724484>		"ŋ̀=gôn"@isi	
"ʆuˈa"@bsk	<https://panlex.org/snapshot/panlex-20191001-csv/3975#51725307>				<https://panlex.org/snapshot/panlex-20191001-csv/3975#51725337>		"inɨ=nǝp"@isi	
"ʆuˈa"@bsk	<https://panlex.org/snapshot/panlex-20191001-csv/3975#51725307>				<https://panlex.org/snapshot/panlex-20191001-csv/3975#51725336>		"nòbî"@isi	
"cʰil"@bsk	<https://panlex.org/snapshot/panlex-20191001-csv/3975#51734068>				<https://panlex.org/snapshot/panlex-20191001-csv/3975#51734097>		"à=lɨ́b"@isi	
"cʰil"@bsk	<https://panlex.org/snapshot/panlex-20191001-csv/3975#51734068>				<https://panlex.org/snapshot/panlex-20191001-csv/3975#51734098>		"à=lǝ́b"@isi	
"gan"@bsk	<https://panlex.org/snapshot/panlex-20191001-csv/3975#51730115>				<https://panlex.org/snapshot/panlex-20191001-csv/3975#51730144>		"m̀=bár"@isi	
"gan"@bsk	<https://panlex.org/snapshot/panlex-20191001-csv/3975#51730115>				<https://panlex.org/snapshot/panlex-20191001-csv/3975#51730145>		"m=bar"@isi	
"hiˈr"@bsk	<https://panlex.org/snapshot/panlex-20191001-csv/3975#51727767>				<https://panlex.org/snapshot/panlex-20191001-csv/3975#51727798>		"nɛ=nɔm"@isi	
"hiˈr"@bsk	<https://panlex.org/snapshot/panlex-20191001-csv/3975#51727767>				<https://panlex.org/snapshot/panlex-20191001-csv/3975#51727799>		"nɛ=nɔm"@isi	
"=dˈumus"@bsk	<https://panlex.org/snapshot/panlex-20191001-csv/3975#51726794>				<https://panlex.org/snapshot/panlex-20191001-csv/3975#51726826>		"ì=rȯ̂ŋ"@isi	
"=dˈumus"@bsk	<https://panlex.org/snapshot/panlex-20191001-csv/3975#51726794>				<https://panlex.org/snapshot/panlex-20191001-csv/3975#51726825>		"ì=rʋ̂ŋ"@isi	
"huk"@bsk	<https://panlex.org/snapshot/panlex-20191001-csv/3975#51722971>				<https://panlex.org/snapshot/panlex-20191001-csv/3975#51723003>		"m̀=bɔ̂"@isi	
"huk"@bsk	<https://panlex.org/snapshot/panlex-20191001-csv/3975#51722971>				<https://panlex.org/snapshot/panlex-20191001-csv/3975#51723002>		"ŋ̀=gô"@isi	
"ʁalʁˈu"@bsk	<https://panlex.org/snapshot/panlex-20191001-csv/3975#51736260>				<https://panlex.org/snapshot/panlex-20191001-csv/3975#51736282>		"ń=dɔ̀ŋdɔ́ŋɔ́"@isi	
"ʁalʁˈu"@bsk	<https://panlex.org/snapshot/panlex-20191001-csv/3975#51736260>				<https://panlex.org/snapshot/panlex-20191001-csv/3975#51736281>		"ń=dɔ̀ŋí"@isi	
"ca"@bsk	<https://panlex.org/snapshot/panlex-20191001-csv/3975#51731833>				<https://panlex.org/snapshot/panlex-20191001-csv/3975#51731861>		"yêm"@isi	
"ca"@bsk	<https://panlex.org/snapshot/panlex-20191001-csv/3975#51731833>				<https://panlex.org/snapshot/panlex-20191001-csv/3975#51731862>		"yémɛ̀"@isi	
"sis"@bsk	<https://panlex.org/snapshot/panlex-20191001-csv/3975#51729681>				<https://panlex.org/snapshot/panlex-20191001-csv/3975#51729711>		"ǹ=nɛ̀"@isi	
"sis"@bsk	<https://panlex.org/snapshot/panlex-20191001-csv/3975#51729681>				<https://panlex.org/snapshot/panlex-20191001-csv/3975#51729710>		"ǹ=nè"@isi	
"biˈen-um"@bsk	<https://panlex.org/snapshot/panlex-20191001-csv/3975#51735984>				<https://panlex.org/snapshot/panlex-20191001-csv/3975#51736011>		"kèŋ-kǝ́ŋ"@isi	
"uyˈ-um"@bsk	<https://panlex.org/snapshot/panlex-20191001-csv/3975#51721109>				<https://panlex.org/snapshot/panlex-20191001-csv/3975#51721138>		"í=gbór"@isi	
"=yˈuŋus"@bsk	<https://panlex.org/snapshot/panlex-20191001-csv/3975#51733141>				<https://panlex.org/snapshot/panlex-20191001-csv/3975#51733169>		"ì=rèbí"@isi	
"=yˈuŋus"@bsk	<https://panlex.org/snapshot/panlex-20191001-csv/3975#51733141>				<https://panlex.org/snapshot/panlex-20191001-csv/3975#51733170>		"í=lèbɛ́"@isi	
"be"@bsk	<https://panlex.org/snapshot/panlex-20191001-csv/3975#51734448>				<https://panlex.org/snapshot/panlex-20191001-csv/3975#51734478>		"ʓènî"@isi	
"be"@bsk	<https://panlex.org/snapshot/panlex-20191001-csv/3975#51734448>				<https://panlex.org/snapshot/panlex-20191001-csv/3975#51734479>		"báiː=ǯùm"@isi	
"tol"@bsk	<https://panlex.org/snapshot/panlex-20191001-csv/3975#51735838>				<https://panlex.org/snapshot/panlex-20191001-csv/3975#51735869>		"ɲ̀=ɲɔ́"@isi	
"tol"@bsk	<https://panlex.org/snapshot/panlex-20191001-csv/3975#51735838>				<https://panlex.org/snapshot/panlex-20191001-csv/3975#51735868>		"=ɲô"@isi	
"kʰiɻ"@bsk	<https://panlex.org/snapshot/panlex-20191001-csv/3975#51727074>				<https://panlex.org/snapshot/panlex-20191001-csv/3975#51727103>		"ì=ɲánà"@isi	
"kʰiɻ"@bsk	<https://panlex.org/snapshot/panlex-20191001-csv/3975#51727074>				<https://panlex.org/snapshot/panlex-20191001-csv/3975#51727102>		"ì=ɲân"@isi	
"alt-"@bsk	<https://panlex.org/snapshot/panlex-20191001-csv/3975#51733595>				<https://panlex.org/snapshot/panlex-20191001-csv/3975#51733625>		"bâl"@isi	
"alt-"@bsk	<https://panlex.org/snapshot/panlex-20191001-csv/3975#51733595>				<https://panlex.org/snapshot/panlex-20191001-csv/3975#51733626>		"í=bâl"@isi	
"c̢iq"@bsk	<https://panlex.org/snapshot/panlex-20191001-csv/3975#51720571>				<https://panlex.org/snapshot/panlex-20191001-csv/3975#51720599>		"wa"@isi	
"c̢iq"@bsk	<https://panlex.org/snapshot/panlex-20191001-csv/3975#51720571>				<https://panlex.org/snapshot/panlex-20191001-csv/3975#51720598>		"wá"@isi	
"iʂkˈark"@bsk	<https://panlex.org/snapshot/panlex-20191001-csv/3975#51735047>				<https://panlex.org/snapshot/panlex-20191001-csv/3975#51735067>		"ù=gɔ̀ŋúgɔ̀ŋ"@isi	
"iʂkˈark"@bsk	<https://panlex.org/snapshot/panlex-20191001-csv/3975#51735047>				<https://panlex.org/snapshot/panlex-20191001-csv/3975#51735068>		"ì=gɔ̀ŋígɔ̀ŋ"@isi	
"gagˈan-um"@bsk	<https://panlex.org/snapshot/panlex-20191001-csv/3975#51735706>				<https://panlex.org/snapshot/panlex-20191001-csv/3975#51735735>		"kpetʰ"@isi	
"gagˈan-um"@bsk	<https://panlex.org/snapshot/panlex-20191001-csv/3975#51735706>				<https://panlex.org/snapshot/panlex-20191001-csv/3975#51735734>		"kɨ̀bî"@isi	
"=nˈuŋus"@bsk	<https://panlex.org/snapshot/panlex-20191001-csv/3975#51726796>				<https://panlex.org/snapshot/panlex-20191001-csv/3975#51726826>		"ì=rȯ̂ŋ"@isi	
"=nˈuŋus"@bsk	<https://panlex.org/snapshot/panlex-20191001-csv/3975#51726796>				<https://panlex.org/snapshot/panlex-20191001-csv/3975#51726825>		"ì=rʋ̂ŋ"@isi	
"=sˈumal"@bsk	<https://panlex.org/snapshot/panlex-20191001-csv/3975#51732541>				<https://panlex.org/snapshot/panlex-20191001-csv/3975#51732569>		"ǹ=kêl"@isi	
"=sˈumal"@bsk	<https://panlex.org/snapshot/panlex-20191001-csv/3975#51732541>				<https://panlex.org/snapshot/panlex-20191001-csv/3975#51732570>		"ì=kêl"@isi	
"me-n"@bsk	<https://panlex.org/snapshot/panlex-20191001-csv/3975#51734727>				<https://panlex.org/snapshot/panlex-20191001-csv/3975#51734755>		"ɲónō"@isi	
"me-n"@bsk	<https://panlex.org/snapshot/panlex-20191001-csv/3975#51734727>				<https://panlex.org/snapshot/panlex-20191001-csv/3975#51734753>		"ɲínò"@isi	
"me-n"@bsk	<https://panlex.org/snapshot/panlex-20191001-csv/3975#51734727>				<https://panlex.org/snapshot/panlex-20191001-csv/3975#51734754>		"ɲínǒ"@isi	
"huk"@bsk	<https://panlex.org/snapshot/panlex-20191001-csv/3975#51722972>				<https://panlex.org/snapshot/panlex-20191001-csv/3975#51723003>		"m̀=bɔ̂"@isi	
"huk"@bsk	<https://panlex.org/snapshot/panlex-20191001-csv/3975#51722972>				<https://panlex.org/snapshot/panlex-20191001-csv/3975#51723002>		"ŋ̀=gô"@isi	
"ʁonˈo"@bsk	<https://panlex.org/snapshot/panlex-20191001-csv/3975#51730952>				<https://panlex.org/snapshot/panlex-20191001-csv/3975#51730974>		"m̀=mʋ̀g"@isi	
"ʁonˈo"@bsk	<https://panlex.org/snapshot/panlex-20191001-csv/3975#51730952>				<https://panlex.org/snapshot/panlex-20191001-csv/3975#51730975>		"m̀=mɔ̀gɔ̀"@isi	
"ɕaʁˈur-um"@bsk	<https://panlex.org/snapshot/panlex-20191001-csv/3975#51722491>				<https://panlex.org/snapshot/panlex-20191001-csv/3975#51722519>		"à=lòg"@isi	
"ɕaʁˈur-um"@bsk	<https://panlex.org/snapshot/panlex-20191001-csv/3975#51722491>				<https://panlex.org/snapshot/panlex-20191001-csv/3975#51722518>		"à=lùg"@isi	
"=s"@bsk	<https://panlex.org/snapshot/panlex-20191001-csv/3975#51726178>				<https://panlex.org/snapshot/panlex-20191001-csv/3975#51726207>		"ì=tém"@isi	
"=s"@bsk	<https://panlex.org/snapshot/panlex-20191001-csv/3975#51726178>				<https://panlex.org/snapshot/panlex-20191001-csv/3975#51726208>		"ì=tém"@isi	
"i-"@bsk	<https://panlex.org/snapshot/panlex-20191001-csv/3975#51732691>				<https://panlex.org/snapshot/panlex-20191001-csv/3975#51732725>		"=ô"@isi	
"i-"@bsk	<https://panlex.org/snapshot/panlex-20191001-csv/3975#51732691>				<https://panlex.org/snapshot/panlex-20191001-csv/3975#51732726>		"=ónò"@isi	
"=dˈumuc"@bsk	<https://panlex.org/snapshot/panlex-20191001-csv/3975#51726795>				<https://panlex.org/snapshot/panlex-20191001-csv/3975#51726826>		"ì=rȯ̂ŋ"@isi	
"=dˈumuc"@bsk	<https://panlex.org/snapshot/panlex-20191001-csv/3975#51726795>				<https://panlex.org/snapshot/panlex-20191001-csv/3975#51726825>		"ì=rʋ̂ŋ"@isi	
"=ɕuɣun"@bsk	<https://panlex.org/snapshot/panlex-20191001-csv/3975#51731547>				<https://panlex.org/snapshot/panlex-20191001-csv/3975#51731575>		"tèkè"@isi	
"ay-"@bsk	<https://panlex.org/snapshot/panlex-20191001-csv/3975#51729358>				<https://panlex.org/snapshot/panlex-20191001-csv/3975#51729390>		"=om"@isi	
"ay-"@bsk	<https://panlex.org/snapshot/panlex-20191001-csv/3975#51729358>				<https://panlex.org/snapshot/panlex-20191001-csv/3975#51729389>		"kà"@isi	
"garˈur-um"@bsk	<https://panlex.org/snapshot/panlex-20191001-csv/3975#51733940>				<https://panlex.org/snapshot/panlex-20191001-csv/3975#51733964>		"=fùfúp"@isi	
"garˈur-um"@bsk	<https://panlex.org/snapshot/panlex-20191001-csv/3975#51733940>				<https://panlex.org/snapshot/panlex-20191001-csv/3975#51733965>		"fup"@isi	
"=s-"@bsk	<https://panlex.org/snapshot/panlex-20191001-csv/3975#51730617>				<https://panlex.org/snapshot/panlex-20191001-csv/3975#51730649>		"m=buŋ"@isi	
"=s-"@bsk	<https://panlex.org/snapshot/panlex-20191001-csv/3975#51730617>				<https://panlex.org/snapshot/panlex-20191001-csv/3975#51730648>		"buŋ"@isi	
"ɕiʂ"@bsk	<https://panlex.org/snapshot/panlex-20191001-csv/3975#51728359>				<https://panlex.org/snapshot/panlex-20191001-csv/3975#51728380>		"ì=gǒl"@isi	
"ɕiʂ"@bsk	<https://panlex.org/snapshot/panlex-20191001-csv/3975#51728359>				<https://panlex.org/snapshot/panlex-20191001-csv/3975#51728379>		"ì=gòlí"@isi	
"hik"@bsk	<https://panlex.org/snapshot/panlex-20191001-csv/3975#51725026>				<https://panlex.org/snapshot/panlex-20191001-csv/3975#51725053>		"ror"@isi	
"dan"@bsk	<https://panlex.org/snapshot/panlex-20191001-csv/3975#51732123>				<https://panlex.org/snapshot/panlex-20191001-csv/3975#51732150>		"ù=tál"@isi	
"dan"@bsk	<https://panlex.org/snapshot/panlex-20191001-csv/3975#51732123>				<https://panlex.org/snapshot/panlex-20191001-csv/3975#51732151>		"u=tal"@isi	
"=yˈek"@bsk	<https://panlex.org/snapshot/panlex-20191001-csv/3975#51728632>				<https://panlex.org/snapshot/panlex-20191001-csv/3975#51728657>		"m̀=bèŋ"@isi	
"=yˈek"@bsk	<https://panlex.org/snapshot/panlex-20191001-csv/3975#51728632>				<https://panlex.org/snapshot/panlex-20191001-csv/3975#51728656>		"m̀=bèŋ"@isi	
"biɖirˈ-iko"@bsk	<https://panlex.org/snapshot/panlex-20191001-csv/3975#51730375>				<https://panlex.org/snapshot/panlex-20191001-csv/3975#51730399>		"kɨle-lelele"@isi	
"biɖirˈ-iko"@bsk	<https://panlex.org/snapshot/panlex-20191001-csv/3975#51730375>				<https://panlex.org/snapshot/panlex-20191001-csv/3975#51730398>		"kɨlɛ-lɛlɛ"@isi	
"bo"@bsk	<https://panlex.org/snapshot/panlex-20191001-csv/3975#51734449>				<https://panlex.org/snapshot/panlex-20191001-csv/3975#51734478>		"ʓènî"@isi	
"bo"@bsk	<https://panlex.org/snapshot/panlex-20191001-csv/3975#51734449>				<https://panlex.org/snapshot/panlex-20191001-csv/3975#51734479>		"báiː=ǯùm"@isi	
"c̢ik"@bsk	<https://panlex.org/snapshot/panlex-20191001-csv/3975#51720570>				<https://panlex.org/snapshot/panlex-20191001-csv/3975#51720599>		"wa"@isi	
"c̢ik"@bsk	<https://panlex.org/snapshot/panlex-20191001-csv/3975#51720570>				<https://panlex.org/snapshot/panlex-20191001-csv/3975#51720598>		"wá"@isi	
"ʓe"@bsk	<https://panlex.org/snapshot/panlex-20191001-csv/3975#51726455>				<https://panlex.org/snapshot/panlex-20191001-csv/3975#51726491>		"mè"@isi	
"ʓe"@bsk	<https://panlex.org/snapshot/panlex-20191001-csv/3975#51726455>				<https://panlex.org/snapshot/panlex-20191001-csv/3975#51726490>		"ǹ"@isi	
"ʓe"@bsk	<https://panlex.org/snapshot/panlex-20191001-csv/3975#51726455>				<https://panlex.org/snapshot/panlex-20191001-csv/3975#51726492>		"mɛ"@isi	
"tiʂ"@bsk	<https://panlex.org/snapshot/panlex-20191001-csv/3975#51736118>				<https://panlex.org/snapshot/panlex-20191001-csv/3975#51736146>		"ì=fɨ̀fè"@isi	
"tiʂ"@bsk	<https://panlex.org/snapshot/panlex-20191001-csv/3975#51736118>				<https://panlex.org/snapshot/panlex-20191001-csv/3975#51736147>		"ì=fɨ̀fɛ̀"@isi	
"=rˈiiŋ"@bsk	<https://panlex.org/snapshot/panlex-20191001-csv/3975#51725717>				<https://panlex.org/snapshot/panlex-20191001-csv/3975#51725748>		"ù=bô"@isi	
"=rˈiiŋ"@bsk	<https://panlex.org/snapshot/panlex-20191001-csv/3975#51725717>				<https://panlex.org/snapshot/panlex-20191001-csv/3975#51725749>		"ù=bɔ̂"@isi	
"un"@bsk	<https://panlex.org/snapshot/panlex-20191001-csv/3975#51732995>				<https://panlex.org/snapshot/panlex-20191001-csv/3975#51733020>		"wɔ"@isi	
"un"@bsk	<https://panlex.org/snapshot/panlex-20191001-csv/3975#51732995>				<https://panlex.org/snapshot/panlex-20191001-csv/3975#51733019>		"ù"@isi	
"gus"@bsk	<https://panlex.org/snapshot/panlex-20191001-csv/3975#51734882>				<https://panlex.org/snapshot/panlex-20191001-csv/3975#51734913>		"nɛ̀ŋ=kál"@isi	
"gus"@bsk	<https://panlex.org/snapshot/panlex-20191001-csv/3975#51734882>				<https://panlex.org/snapshot/panlex-20191001-csv/3975#51734912>		"ǹ=nè=ǹ=kál"@isi	
"ʓa"@bsk	<https://panlex.org/snapshot/panlex-20191001-csv/3975#51726456>				<https://panlex.org/snapshot/panlex-20191001-csv/3975#51726491>		"mè"@isi	
"ʓa"@bsk	<https://panlex.org/snapshot/panlex-20191001-csv/3975#51726456>				<https://panlex.org/snapshot/panlex-20191001-csv/3975#51726490>		"ǹ"@isi	
"ʓa"@bsk	<https://panlex.org/snapshot/panlex-20191001-csv/3975#51726456>				<https://panlex.org/snapshot/panlex-20191001-csv/3975#51726492>		"mɛ"@isi	
"d=yal-"@bsk	<https://panlex.org/snapshot/panlex-20191001-csv/3975#51726023>				<https://panlex.org/snapshot/panlex-20191001-csv/3975#51726052>		"yóg"@isi	
"d=yal-"@bsk	<https://panlex.org/snapshot/panlex-20191001-csv/3975#51726023>				<https://panlex.org/snapshot/panlex-20191001-csv/3975#51726053>		"yôg"@isi	
"ᶚˈu-"@bsk	<https://panlex.org/snapshot/panlex-20191001-csv/3975#51722632>				<https://panlex.org/snapshot/panlex-20191001-csv/3975#51722663>		"bá"@isi	
"ᶚˈu-"@bsk	<https://panlex.org/snapshot/panlex-20191001-csv/3975#51722632>				<https://panlex.org/snapshot/panlex-20191001-csv/3975#51722664>		"bâ"@isi	
"a-"@bsk	<https://panlex.org/snapshot/panlex-20191001-csv/3975#51729356>				<https://panlex.org/snapshot/panlex-20191001-csv/3975#51729390>		"=om"@isi	
"a-"@bsk	<https://panlex.org/snapshot/panlex-20191001-csv/3975#51729356>				<https://panlex.org/snapshot/panlex-20191001-csv/3975#51729389>		"kà"@isi	
"halˈanc"@bsk	<https://panlex.org/snapshot/panlex-20191001-csv/3975#51728218>				<https://panlex.org/snapshot/panlex-20191001-csv/3975#51728248>		"ù=mɛ̌r"@isi	
"halˈanc"@bsk	<https://panlex.org/snapshot/panlex-20191001-csv/3975#51728218>				<https://panlex.org/snapshot/panlex-20191001-csv/3975#51728247>		"ǹ=wèrí"@isi	
"ɕʰap"@bsk	<https://panlex.org/snapshot/panlex-20191001-csv/3975#51728062>				<https://panlex.org/snapshot/panlex-20191001-csv/3975#51728091>		"ɲ̀=ɲàm"@isi	
"ɕʰap"@bsk	<https://panlex.org/snapshot/panlex-20191001-csv/3975#51728062>				<https://panlex.org/snapshot/panlex-20191001-csv/3975#51728090>		"ɲ̀=ɲàm"@isi	
"=ˈuri-ʂ"@bsk	<https://panlex.org/snapshot/panlex-20191001-csv/3975#51722233>				<https://panlex.org/snapshot/panlex-20191001-csv/3975#51722259>		"ì=mǝ̀màrà"@isi	
"=ˈuri-ʂ"@bsk	<https://panlex.org/snapshot/panlex-20191001-csv/3975#51722233>				<https://panlex.org/snapshot/panlex-20191001-csv/3975#51722258>		"ì=ŋʋùŋuàr"@isi	
"ken"@bsk	<https://panlex.org/snapshot/panlex-20191001-csv/3975#51727370>				<https://panlex.org/snapshot/panlex-20191001-csv/3975#51727397>		"ú=gêd"@isi	
"ken"@bsk	<https://panlex.org/snapshot/panlex-20191001-csv/3975#51727370>				<https://panlex.org/snapshot/panlex-20191001-csv/3975#51727398>		"ú=bɛ̂d"@isi	
"χor-ˈoŋ"@bsk	<https://panlex.org/snapshot/panlex-20191001-csv/3975#51722372>				<https://panlex.org/snapshot/panlex-20191001-csv/3975#51722394>		"ì=búmbúntà"@isi	
"χor-ˈoŋ"@bsk	<https://panlex.org/snapshot/panlex-20191001-csv/3975#51722372>				<https://panlex.org/snapshot/panlex-20191001-csv/3975#51722393>		"èbòrí-mbótàː"@isi	
"multˈan"@bsk	<https://panlex.org/snapshot/panlex-20191001-csv/3975#51721671>				<https://panlex.org/snapshot/panlex-20191001-csv/3975#51721700>		"à=lóŋ"@isi	
"multˈan"@bsk	<https://panlex.org/snapshot/panlex-20191001-csv/3975#51721671>				<https://panlex.org/snapshot/panlex-20191001-csv/3975#51721701>		"à=lóŋ"@isi	
"bu-yˈam"@bsk	<https://panlex.org/snapshot/panlex-20191001-csv/3975#51723292>				<https://panlex.org/snapshot/panlex-20191001-csv/3975#51723317>		"yom"@isi	
"bu-yˈam"@bsk	<https://panlex.org/snapshot/panlex-20191001-csv/3975#51723292>				<https://panlex.org/snapshot/panlex-20191001-csv/3975#51723318>		"yôm"@isi	
"tʰas"@bsk	<https://panlex.org/snapshot/panlex-20191001-csv/3975#51731689>				<https://panlex.org/snapshot/panlex-20191001-csv/3975#51731716>		"à=tɨ́ták"@isi	
"tʰas"@bsk	<https://panlex.org/snapshot/panlex-20191001-csv/3975#51731689>				<https://panlex.org/snapshot/panlex-20191001-csv/3975#51731717>		"à=tȯ́tȯ̂g"@isi	
"gilˈigin-um"@bsk	<https://panlex.org/snapshot/panlex-20191001-csv/3975#51735983>				<https://panlex.org/snapshot/panlex-20191001-csv/3975#51736011>		"kèŋ-kǝ́ŋ"@isi	
"hurˈuʈ-"@bsk	<https://panlex.org/snapshot/panlex-20191001-csv/3975#51731072>				<https://panlex.org/snapshot/panlex-20191001-csv/3975#51731103>		"bɨm"@isi	
"hurˈuʈ-"@bsk	<https://panlex.org/snapshot/panlex-20191001-csv/3975#51731072>				<https://panlex.org/snapshot/panlex-20191001-csv/3975#51731104>		"bɨ́mɛ̀"@isi	
"hir"@bsk	<https://panlex.org/snapshot/panlex-20191001-csv/3975#51727766>				<https://panlex.org/snapshot/panlex-20191001-csv/3975#51727798>		"nɛ=nɔm"@isi	
"hir"@bsk	<https://panlex.org/snapshot/panlex-20191001-csv/3975#51727766>				<https://panlex.org/snapshot/panlex-20191001-csv/3975#51727799>		"nɛ=nɔm"@isi	
"sa"@bsk	<https://panlex.org/snapshot/panlex-20191001-csv/3975#51732259>				<https://panlex.org/snapshot/panlex-20191001-csv/3975#51732292>		"n=ǯʉl"@isi	
"sa"@bsk	<https://panlex.org/snapshot/panlex-20191001-csv/3975#51732259>				<https://panlex.org/snapshot/panlex-20191001-csv/3975#51732291>		"ǹ=ʓòl"@isi	
"sˈen-"@bsk	<https://panlex.org/snapshot/panlex-20191001-csv/3975#51730618>				<https://panlex.org/snapshot/panlex-20191001-csv/3975#51730649>		"m=buŋ"@isi	
"sˈen-"@bsk	<https://panlex.org/snapshot/panlex-20191001-csv/3975#51730618>				<https://panlex.org/snapshot/panlex-20191001-csv/3975#51730648>		"buŋ"@isi	
"=ˈuʈi-s"@bsk	<https://panlex.org/snapshot/panlex-20191001-csv/3975#51724882>				<https://panlex.org/snapshot/panlex-20191001-csv/3975#51724909>		"ì=kpàd"@isi	
"=ˈuʈi-s"@bsk	<https://panlex.org/snapshot/panlex-20191001-csv/3975#51724882>				<https://panlex.org/snapshot/panlex-20191001-csv/3975#51724910>		"ì=kpàdà"@isi	
"ʆuˈa"@bsk	<https://panlex.org/snapshot/panlex-20191001-csv/3975#51725308>				<https://panlex.org/snapshot/panlex-20191001-csv/3975#51725337>		"inɨ=nǝp"@isi	
"ʆuˈa"@bsk	<https://panlex.org/snapshot/panlex-20191001-csv/3975#51725308>				<https://panlex.org/snapshot/panlex-20191001-csv/3975#51725336>		"nòbî"@isi	
"ᶚˈo-"@bsk	<https://panlex.org/snapshot/panlex-20191001-csv/3975#51722634>				<https://panlex.org/snapshot/panlex-20191001-csv/3975#51722663>		"bá"@isi	
"ᶚˈo-"@bsk	<https://panlex.org/snapshot/panlex-20191001-csv/3975#51722634>				<https://panlex.org/snapshot/panlex-20191001-csv/3975#51722664>		"bâ"@isi	
"dan"@bsk	<https://panlex.org/snapshot/panlex-20191001-csv/3975#51732124>				<https://panlex.org/snapshot/panlex-20191001-csv/3975#51732150>		"ù=tál"@isi	
"dan"@bsk	<https://panlex.org/snapshot/panlex-20191001-csv/3975#51732124>				<https://panlex.org/snapshot/panlex-20191001-csv/3975#51732151>		"u=tal"@isi	
"tʰoʂ"@bsk	<https://panlex.org/snapshot/panlex-20191001-csv/3975#51728910>				<https://panlex.org/snapshot/panlex-20191001-csv/3975#51728935>		"m=fɛ-mfɛ"@isi	
"tʰoʂ"@bsk	<https://panlex.org/snapshot/panlex-20191001-csv/3975#51728910>				<https://panlex.org/snapshot/panlex-20191001-csv/3975#51728936>		"m=fɛ-mfɛ"@isi	
"=ˈuru"@bsk	<https://panlex.org/snapshot/panlex-20191001-csv/3975#51722234>				<https://panlex.org/snapshot/panlex-20191001-csv/3975#51722259>		"ì=mǝ̀màrà"@isi	
"=ˈuru"@bsk	<https://panlex.org/snapshot/panlex-20191001-csv/3975#51722234>				<https://panlex.org/snapshot/panlex-20191001-csv/3975#51722258>		"ì=ŋʋùŋuàr"@isi	
"asˈumun"@bsk	<https://panlex.org/snapshot/panlex-20191001-csv/3975#51731970>				<https://panlex.org/snapshot/panlex-20191001-csv/3975#51731996>		"ǹ=dòróŋdò"@isi	
"asˈumun"@bsk	<https://panlex.org/snapshot/panlex-20191001-csv/3975#51731970>				<https://panlex.org/snapshot/panlex-20191001-csv/3975#51731997>		"ń=dùgɨ́ndò"@isi	
"hi-"@bsk	<https://panlex.org/snapshot/panlex-20191001-csv/3975#51729524>				<https://panlex.org/snapshot/panlex-20191001-csv/3975#51729561>		"ɲ́=ʓǝ́-rǝ́ŋ"@isi	
"hi-"@bsk	<https://panlex.org/snapshot/panlex-20191001-csv/3975#51729524>				<https://panlex.org/snapshot/panlex-20191001-csv/3975#51729560>		"rɨ́ŋ"@isi	
"me-n"@bsk	<https://panlex.org/snapshot/panlex-20191001-csv/3975#51734728>				<https://panlex.org/snapshot/panlex-20191001-csv/3975#51734755>		"ɲónō"@isi	
"me-n"@bsk	<https://panlex.org/snapshot/panlex-20191001-csv/3975#51734728>				<https://panlex.org/snapshot/panlex-20191001-csv/3975#51734753>		"ɲínò"@isi	
"me-n"@bsk	<https://panlex.org/snapshot/panlex-20191001-csv/3975#51734728>				<https://panlex.org/snapshot/panlex-20191001-csv/3975#51734754>		"ɲínǒ"@isi	
"c̢ʰin"@bsk	<https://panlex.org/snapshot/panlex-20191001-csv/3975#51721249>				<https://panlex.org/snapshot/panlex-20191001-csv/3975#51721279>		"ì=róg"@isi	
"c̢ʰin"@bsk	<https://panlex.org/snapshot/panlex-20191001-csv/3975#51721249>				<https://panlex.org/snapshot/panlex-20191001-csv/3975#51721278>		"mòn á ɲ̀=ɲàm"@isi	
"tap"@bsk	<https://panlex.org/snapshot/panlex-20191001-csv/3975#51727075>				<https://panlex.org/snapshot/panlex-20191001-csv/3975#51727103>		"ì=ɲánà"@isi	
"tap"@bsk	<https://panlex.org/snapshot/panlex-20191001-csv/3975#51727075>				<https://panlex.org/snapshot/panlex-20191001-csv/3975#51727102>		"ì=ɲân"@isi	
"baʈ"@bsk	<https://panlex.org/snapshot/panlex-20191001-csv/3975#51731239>				<https://panlex.org/snapshot/panlex-20191001-csv/3975#51731264>		"ŋ̀=gòb-ʓì"@isi	
"baʈ"@bsk	<https://panlex.org/snapshot/panlex-20191001-csv/3975#51731239>				<https://panlex.org/snapshot/panlex-20191001-csv/3975#51731265>		"ŋ̀=gòb-ʓì"@isi	
"bayˈu"@bsk	<https://panlex.org/snapshot/panlex-20191001-csv/3975#51735572>				<https://panlex.org/snapshot/panlex-20191001-csv/3975#51735599>		"à=kâŋ"@isi	
"bayˈu"@bsk	<https://panlex.org/snapshot/panlex-20191001-csv/3975#51735572>				<https://panlex.org/snapshot/panlex-20191001-csv/3975#51735600>		"à=kâŋ"@isi	
"=hˈuʈi-s"@bsk	<https://panlex.org/snapshot/panlex-20191001-csv/3975#51724883>				<https://panlex.org/snapshot/panlex-20191001-csv/3975#51724909>		"ì=kpàd"@isi	
"=hˈuʈi-s"@bsk	<https://panlex.org/snapshot/panlex-20191001-csv/3975#51724883>				<https://panlex.org/snapshot/panlex-20191001-csv/3975#51724910>		"ì=kpàdà"@isi	
"sa"@bsk	<https://panlex.org/snapshot/panlex-20191001-csv/3975#51732258>				<https://panlex.org/snapshot/panlex-20191001-csv/3975#51732292>		"n=ǯʉl"@isi	
"sa"@bsk	<https://panlex.org/snapshot/panlex-20191001-csv/3975#51732258>				<https://panlex.org/snapshot/panlex-20191001-csv/3975#51732291>		"ǹ=ʓòl"@isi	
"mat-ˈum"@bsk	<https://panlex.org/snapshot/panlex-20191001-csv/3975#51721530>				<https://panlex.org/snapshot/panlex-20191001-csv/3975#51721557>		"ɲ̀=ɲàɲàg"@isi	
"mat-ˈum"@bsk	<https://panlex.org/snapshot/panlex-20191001-csv/3975#51721530>				<https://panlex.org/snapshot/panlex-20191001-csv/3975#51721558>		"ì=ɲàɲàg"@isi	
"=iˈr-"@bsk	<https://panlex.org/snapshot/panlex-20191001-csv/3975#51722816>				<https://panlex.org/snapshot/panlex-20191001-csv/3975#51722848>		"kpɔ"@isi	
"=iˈr-"@bsk	<https://panlex.org/snapshot/panlex-20191001-csv/3975#51722816>				<https://panlex.org/snapshot/panlex-20191001-csv/3975#51722849>		"kpɔ̂"@isi	
"bur-ˈum"@bsk	<https://panlex.org/snapshot/panlex-20191001-csv/3975#51734602>				<https://panlex.org/snapshot/panlex-20191001-csv/3975#51734627>		"m̀=bábár"@isi	
"bur-ˈum"@bsk	<https://panlex.org/snapshot/panlex-20191001-csv/3975#51734602>				<https://panlex.org/snapshot/panlex-20191001-csv/3975#51734628>		"bɨ=bara"@isi	
"daŋ"@bsk	<https://panlex.org/snapshot/panlex-20191001-csv/3975#51731392>				<https://panlex.org/snapshot/panlex-20191001-csv/3975#51731419>		"lâl"@isi	
"daŋ"@bsk	<https://panlex.org/snapshot/panlex-20191001-csv/3975#51731392>				<https://panlex.org/snapshot/panlex-20191001-csv/3975#51731420>		"lâl"@isi	
"he-"@bsk	<https://panlex.org/snapshot/panlex-20191001-csv/3975#51729525>				<https://panlex.org/snapshot/panlex-20191001-csv/3975#51729561>		"ɲ́=ʓǝ́-rǝ́ŋ"@isi	
"he-"@bsk	<https://panlex.org/snapshot/panlex-20191001-csv/3975#51729525>				<https://panlex.org/snapshot/panlex-20191001-csv/3975#51729560>		"rɨ́ŋ"@isi	
"=s"@bsk	<https://panlex.org/snapshot/panlex-20191001-csv/3975#51726177>				<https://panlex.org/snapshot/panlex-20191001-csv/3975#51726207>		"ì=tém"@isi	
"=s"@bsk	<https://panlex.org/snapshot/panlex-20191001-csv/3975#51726177>				<https://panlex.org/snapshot/panlex-20191001-csv/3975#51726208>		"ì=tém"@isi	
"mi"@bsk	<https://panlex.org/snapshot/panlex-20191001-csv/3975#51734229>				<https://panlex.org/snapshot/panlex-20191001-csv/3975#51734273>		"ú"@isi	
"mi"@bsk	<https://panlex.org/snapshot/panlex-20191001-csv/3975#51734229>				<https://panlex.org/snapshot/panlex-20191001-csv/3975#51734274>		"wur"@isi	
"cʰirˈiʂ"@bsk	<https://panlex.org/snapshot/panlex-20191001-csv/3975#51730258>				<https://panlex.org/snapshot/panlex-20191001-csv/3975#51730283>		"ǹ=dȯ̌g"@isi	
"cʰirˈiʂ"@bsk	<https://panlex.org/snapshot/panlex-20191001-csv/3975#51730258>				<https://panlex.org/snapshot/panlex-20191001-csv/3975#51730282>		"ǹ=dǔg"@isi	
"=ˈumus"@bsk	<https://panlex.org/snapshot/panlex-20191001-csv/3975#51733140>				<https://panlex.org/snapshot/panlex-20191001-csv/3975#51733169>		"ì=rèbí"@isi	
"=ˈumus"@bsk	<https://panlex.org/snapshot/panlex-20191001-csv/3975#51733140>				<https://panlex.org/snapshot/panlex-20191001-csv/3975#51733170>		"í=lèbɛ́"@isi	
"=ʂ"@bsk	<https://panlex.org/snapshot/panlex-20191001-csv/3975#51728772>				<https://panlex.org/snapshot/panlex-20191001-csv/3975#51728798>		"ì=mèl"@isi	
"=ʂ"@bsk	<https://panlex.org/snapshot/panlex-20191001-csv/3975#51728772>				<https://panlex.org/snapshot/panlex-20191001-csv/3975#51728799>		"ì=mɛ̃̀l"@isi	
"pinɖˈoro"@bsk	<https://panlex.org/snapshot/panlex-20191001-csv/3975#51730376>				<https://panlex.org/snapshot/panlex-20191001-csv/3975#51730399>		"kɨle-lelele"@isi	
"pinɖˈoro"@bsk	<https://panlex.org/snapshot/panlex-20191001-csv/3975#51730376>				<https://panlex.org/snapshot/panlex-20191001-csv/3975#51730398>		"kɨlɛ-lɛlɛ"@isi	
"gus"@bsk	<https://panlex.org/snapshot/panlex-20191001-csv/3975#51734881>				<https://panlex.org/snapshot/panlex-20191001-csv/3975#51734913>		"nɛ̀ŋ=kál"@isi	
"gus"@bsk	<https://panlex.org/snapshot/panlex-20191001-csv/3975#51734881>				<https://panlex.org/snapshot/panlex-20191001-csv/3975#51734912>		"ǹ=nè=ǹ=kál"@isi	
"ʓoʈ"@bsk	<https://panlex.org/snapshot/panlex-20191001-csv/3975#51731546>				<https://panlex.org/snapshot/panlex-20191001-csv/3975#51731575>		"tèkè"@isi	
"=ˈul"@bsk	<https://panlex.org/snapshot/panlex-20191001-csv/3975#51720974>				<https://panlex.org/snapshot/panlex-20191001-csv/3975#51721002>		"à=là"@isi	
"=ˈul"@bsk	<https://panlex.org/snapshot/panlex-20191001-csv/3975#51720974>				<https://panlex.org/snapshot/panlex-20191001-csv/3975#51721003>		"à=là"@isi	
"tom"@bsk	<https://panlex.org/snapshot/panlex-20191001-csv/3975#51733441>				<https://panlex.org/snapshot/panlex-20191001-csv/3975#51733472>		"ì=té"@isi	
"tom"@bsk	<https://panlex.org/snapshot/panlex-20191001-csv/3975#51733441>				<https://panlex.org/snapshot/panlex-20191001-csv/3975#51733473>		"ì=té"@isi	
"bes"@bsk	<https://panlex.org/snapshot/panlex-20191001-csv/3975#51724186>				<https://panlex.org/snapshot/panlex-20191001-csv/3975#51724212>		"à=fɔ̂m"@isi	
"bes"@bsk	<https://panlex.org/snapshot/panlex-20191001-csv/3975#51724186>				<https://panlex.org/snapshot/panlex-20191001-csv/3975#51724213>		"à=fɔ̂m"@isi	
"=ˈik"@bsk	<https://panlex.org/snapshot/panlex-20191001-csv/3975#51728631>				<https://panlex.org/snapshot/panlex-20191001-csv/3975#51728657>		"m̀=bèŋ"@isi	
"=ˈik"@bsk	<https://panlex.org/snapshot/panlex-20191001-csv/3975#51728631>				<https://panlex.org/snapshot/panlex-20191001-csv/3975#51728656>		"m̀=bèŋ"@isi	
"ɕʰaʁˈur-um"@bsk	<https://panlex.org/snapshot/panlex-20191001-csv/3975#51722490>				<https://panlex.org/snapshot/panlex-20191001-csv/3975#51722519>		"à=lòg"@isi	
"ɕʰaʁˈur-um"@bsk	<https://panlex.org/snapshot/panlex-20191001-csv/3975#51722490>				<https://panlex.org/snapshot/panlex-20191001-csv/3975#51722518>		"à=lùg"@isi	
"den"@bsk	<https://panlex.org/snapshot/panlex-20191001-csv/3975#51736371>				<https://panlex.org/snapshot/panlex-20191001-csv/3975#51736401>		"ì=rá"@isi	
"den"@bsk	<https://panlex.org/snapshot/panlex-20191001-csv/3975#51736371>				<https://panlex.org/snapshot/panlex-20191001-csv/3975#51736402>		"ì=rá"@isi	
"gaʈ-"@bsk	<https://panlex.org/snapshot/panlex-20191001-csv/3975#51721391>				<https://panlex.org/snapshot/panlex-20191001-csv/3975#51721419>		"lôm"@isi	
"gaʈ-"@bsk	<https://panlex.org/snapshot/panlex-20191001-csv/3975#51721391>				<https://panlex.org/snapshot/panlex-20191001-csv/3975#51721420>		"lôm"@isi	
"=ˈuri"@bsk	<https://panlex.org/snapshot/panlex-20191001-csv/3975#51722232>				<https://panlex.org/snapshot/panlex-20191001-csv/3975#51722259>		"ì=mǝ̀màrà"@isi	
"=ˈuri"@bsk	<https://panlex.org/snapshot/panlex-20191001-csv/3975#51722232>				<https://panlex.org/snapshot/panlex-20191001-csv/3975#51722258>		"ì=ŋʋùŋuàr"@isi	
"=ˈu-"@bsk	<https://panlex.org/snapshot/panlex-20191001-csv/3975#51725148>				<https://panlex.org/snapshot/panlex-20191001-csv/3975#51725175>		"kaː"@isi	
"=ˈu-"@bsk	<https://panlex.org/snapshot/panlex-20191001-csv/3975#51725148>				<https://panlex.org/snapshot/panlex-20191001-csv/3975#51725174>		"kâr"@isi	
"biɖˈiro"@bsk	<https://panlex.org/snapshot/panlex-20191001-csv/3975#51730374>				<https://panlex.org/snapshot/panlex-20191001-csv/3975#51730399>		"kɨle-lelele"@isi	
"biɖˈiro"@bsk	<https://panlex.org/snapshot/panlex-20191001-csv/3975#51730374>				<https://panlex.org/snapshot/panlex-20191001-csv/3975#51730398>		"kɨlɛ-lɛlɛ"@isi	
"sˈau"@bsk	<https://panlex.org/snapshot/panlex-20191001-csv/3975#51730482>				<https://panlex.org/snapshot/panlex-20191001-csv/3975#51730507>		"i=bùbú"@isi	
"sˈau"@bsk	<https://panlex.org/snapshot/panlex-20191001-csv/3975#51730482>				<https://panlex.org/snapshot/panlex-20191001-csv/3975#51730506>		"m̀=bùbú"@isi	
"tʰoʂ"@bsk	<https://panlex.org/snapshot/panlex-20191001-csv/3975#51728911>				<https://panlex.org/snapshot/panlex-20191001-csv/3975#51728935>		"m=fɛ-mfɛ"@isi	
"tʰoʂ"@bsk	<https://panlex.org/snapshot/panlex-20191001-csv/3975#51728911>				<https://panlex.org/snapshot/panlex-20191001-csv/3975#51728936>		"m=fɛ-mfɛ"@isi	
"d=…y-"@bsk	<https://panlex.org/snapshot/panlex-20191001-csv/3975#51722631>				<https://panlex.org/snapshot/panlex-20191001-csv/3975#51722663>		"bá"@isi	
"d=…y-"@bsk	<https://panlex.org/snapshot/panlex-20191001-csv/3975#51722631>				<https://panlex.org/snapshot/panlex-20191001-csv/3975#51722664>		"bâ"@isi	
"d=yal-"@bsk	<https://panlex.org/snapshot/panlex-20191001-csv/3975#51726024>				<https://panlex.org/snapshot/panlex-20191001-csv/3975#51726052>		"yóg"@isi	
"d=yal-"@bsk	<https://panlex.org/snapshot/panlex-20191001-csv/3975#51726024>				<https://panlex.org/snapshot/panlex-20191001-csv/3975#51726053>		"yôg"@isi	
"=s=qul-"@bsk	<https://panlex.org/snapshot/panlex-20191001-csv/3975#51722093>				<https://panlex.org/snapshot/panlex-20191001-csv/3975#51722119>		"fî"@isi	
"=s=qul-"@bsk	<https://panlex.org/snapshot/panlex-20191001-csv/3975#51722093>				<https://panlex.org/snapshot/panlex-20191001-csv/3975#51722120>		"fî"@isi	
"ʁunˈo"@bsk	<https://panlex.org/snapshot/panlex-20191001-csv/3975#51730951>				<https://panlex.org/snapshot/panlex-20191001-csv/3975#51730974>		"m̀=mʋ̀g"@isi	
"ʁunˈo"@bsk	<https://panlex.org/snapshot/panlex-20191001-csv/3975#51730951>				<https://panlex.org/snapshot/panlex-20191001-csv/3975#51730975>		"m̀=mɔ̀gɔ̀"@isi	
"=s=qan-"@bsk	<https://panlex.org/snapshot/panlex-20191001-csv/3975#51726650>				<https://panlex.org/snapshot/panlex-20191001-csv/3975#51726679>		"yôl"@isi	
"=s=qan-"@bsk	<https://panlex.org/snapshot/panlex-20191001-csv/3975#51726650>				<https://panlex.org/snapshot/panlex-20191001-csv/3975#51726678>		"yol"@isi	
"=xat"@bsk	<https://panlex.org/snapshot/panlex-20191001-csv/3975#51728478>				<https://panlex.org/snapshot/panlex-20191001-csv/3975#51728509>		"ɲɔ̀ː"@isi	
"=xat"@bsk	<https://panlex.org/snapshot/panlex-20191001-csv/3975#51728478>				<https://panlex.org/snapshot/panlex-20191001-csv/3975#51728508>		"ɲ̀=ɲò"@isi	
"pʰulʁˈuuɻ"@bsk	<https://panlex.org/snapshot/panlex-20191001-csv/3975#51724325>				<https://panlex.org/snapshot/panlex-20191001-csv/3975#51724351>		"í=fǒr"@isi	
"pʰulʁˈuuɻ"@bsk	<https://panlex.org/snapshot/panlex-20191001-csv/3975#51724325>				<https://panlex.org/snapshot/panlex-20191001-csv/3975#51724350>		"í=fòrí"@isi	
"harˈalt"@bsk	<https://panlex.org/snapshot/panlex-20191001-csv/3975#51729838>				<https://panlex.org/snapshot/panlex-20191001-csv/3975#51729866>		"è=lʌ́p"@isi	
"harˈalt"@bsk	<https://panlex.org/snapshot/panlex-20191001-csv/3975#51729838>				<https://panlex.org/snapshot/panlex-20191001-csv/3975#51729865>		"mbonta"@isi	
"=ltˈin"@bsk	<https://panlex.org/snapshot/panlex-20191001-csv/3975#51721820>				<https://panlex.org/snapshot/panlex-20191001-csv/3975#51721852>		"ì=kób"@isi	
"=ltˈin"@bsk	<https://panlex.org/snapshot/panlex-20191001-csv/3975#51721820>				<https://panlex.org/snapshot/panlex-20191001-csv/3975#51721851>		"ì=káb"@isi	
"=nyˈu"@bsk	<https://panlex.org/snapshot/panlex-20191001-csv/3975#51721110>				<https://panlex.org/snapshot/panlex-20191001-csv/3975#51721138>		"í=gbór"@isi	
"harˈalt"@bsk	<https://panlex.org/snapshot/panlex-20191001-csv/3975#51729837>				<https://panlex.org/snapshot/panlex-20191001-csv/3975#51729866>		"è=lʌ́p"@isi	
"harˈalt"@bsk	<https://panlex.org/snapshot/panlex-20191001-csv/3975#51729837>				<https://panlex.org/snapshot/panlex-20191001-csv/3975#51729865>		"mbonta"@isi	
"ɕˈumu"@bsk	<https://panlex.org/snapshot/panlex-20191001-csv/3975#51724612>				<https://panlex.org/snapshot/panlex-20191001-csv/3975#51724639>		"ń=kòbí"@isi	
"ɕˈumu"@bsk	<https://panlex.org/snapshot/panlex-20191001-csv/3975#51724612>				<https://panlex.org/snapshot/panlex-20191001-csv/3975#51724640>		"ŋ́=kɔ̀bɔ́"@isi	
"men-"@bsk	<https://panlex.org/snapshot/panlex-20191001-csv/3975#51723129>				<https://panlex.org/snapshot/panlex-20191001-csv/3975#51723156>		"wô"@isi	
"men-"@bsk	<https://panlex.org/snapshot/panlex-20191001-csv/3975#51723129>				<https://panlex.org/snapshot/panlex-20191001-csv/3975#51723157>		"wɔ̂"@isi	
"cerˈe-"@bsk	<https://panlex.org/snapshot/panlex-20191001-csv/3975#51733759>				<https://panlex.org/snapshot/panlex-20191001-csv/3975#51733787>		"šɔ̀n"@isi	
"cerˈe-"@bsk	<https://panlex.org/snapshot/panlex-20191001-csv/3975#51733759>				<https://panlex.org/snapshot/panlex-20191001-csv/3975#51733786>		"tɨm"@isi	
"bur-ˈum"@bsk	<https://panlex.org/snapshot/panlex-20191001-csv/3975#51734603>				<https://panlex.org/snapshot/panlex-20191001-csv/3975#51734627>		"m̀=bábár"@isi	
"bur-ˈum"@bsk	<https://panlex.org/snapshot/panlex-20191001-csv/3975#51734603>				<https://panlex.org/snapshot/panlex-20191001-csv/3975#51734628>		"bɨ=bara"@isi	
"burˈunc̢"@bsk	<https://panlex.org/snapshot/panlex-20191001-csv/3975#51722371>				<https://panlex.org/snapshot/panlex-20191001-csv/3975#51722394>		"ì=búmbúntà"@isi	
"burˈunc̢"@bsk	<https://panlex.org/snapshot/panlex-20191001-csv/3975#51722371>				<https://panlex.org/snapshot/panlex-20191001-csv/3975#51722393>		"èbòrí-mbótàː"@isi	
"tʰap"@bsk	<https://panlex.org/snapshot/panlex-20191001-csv/3975#51729044>				<https://panlex.org/snapshot/panlex-20191001-csv/3975#51729072>		"à=tú"@isi	
"tʰap"@bsk	<https://panlex.org/snapshot/panlex-20191001-csv/3975#51729044>				<https://panlex.org/snapshot/panlex-20191001-csv/3975#51729073>		"à=tú"@isi	
"=ˈul"@bsk	<https://panlex.org/snapshot/panlex-20191001-csv/3975#51720973>				<https://panlex.org/snapshot/panlex-20191001-csv/3975#51721002>		"à=là"@isi	
"=ˈul"@bsk	<https://panlex.org/snapshot/panlex-20191001-csv/3975#51720973>				<https://panlex.org/snapshot/panlex-20191001-csv/3975#51721003>		"à=là"@isi	
"=yˈur-"@bsk	<https://panlex.org/snapshot/panlex-20191001-csv/3975#51722817>				<https://panlex.org/snapshot/panlex-20191001-csv/3975#51722848>		"kpɔ"@isi	
"=yˈur-"@bsk	<https://panlex.org/snapshot/panlex-20191001-csv/3975#51722817>				<https://panlex.org/snapshot/panlex-20191001-csv/3975#51722849>		"kpɔ̂"@isi	
"cak"@bsk	<https://panlex.org/snapshot/panlex-20191001-csv/3975#51731835>				<https://panlex.org/snapshot/panlex-20191001-csv/3975#51731861>		"yêm"@isi	
"cak"@bsk	<https://panlex.org/snapshot/panlex-20191001-csv/3975#51731835>				<https://panlex.org/snapshot/panlex-20191001-csv/3975#51731862>		"yémɛ̀"@isi	
"mat-ˈum"@bsk	<https://panlex.org/snapshot/panlex-20191001-csv/3975#51721531>				<https://panlex.org/snapshot/panlex-20191001-csv/3975#51721557>		"ɲ̀=ɲàɲàg"@isi	
"mat-ˈum"@bsk	<https://panlex.org/snapshot/panlex-20191001-csv/3975#51721531>				<https://panlex.org/snapshot/panlex-20191001-csv/3975#51721558>		"ì=ɲàɲàg"@isi	
"tur"@bsk	<https://panlex.org/snapshot/panlex-20191001-csv/3975#51726319>				<https://panlex.org/snapshot/panlex-20191001-csv/3975#51726343>		"ǹ=tâŋ"@isi	
"tur"@bsk	<https://panlex.org/snapshot/panlex-20191001-csv/3975#51726319>				<https://panlex.org/snapshot/panlex-20191001-csv/3975#51726344>		"ǹ=táŋ"@isi	
"hek"@bsk	<https://panlex.org/snapshot/panlex-20191001-csv/3975#51725027>				<https://panlex.org/snapshot/panlex-20191001-csv/3975#51725053>		"ror"@isi	
"=ʁˈoyaŋ"@bsk	<https://panlex.org/snapshot/panlex-20191001-csv/3975#51725567>				<https://panlex.org/snapshot/panlex-20191001-csv/3975#51725597>		"ń=nù-šî"@isi	
"=ʁˈoyaŋ"@bsk	<https://panlex.org/snapshot/panlex-20191001-csv/3975#51725567>				<https://panlex.org/snapshot/panlex-20191001-csv/3975#51725596>		"ɲ́=ɲù-šî"@isi	
"=hˈen-"@bsk	<https://panlex.org/snapshot/panlex-20191001-csv/3975#51726937>				<https://panlex.org/snapshot/panlex-20191001-csv/3975#51726964>		"ɲî"@isi	
"=hˈen-"@bsk	<https://panlex.org/snapshot/panlex-20191001-csv/3975#51726937>				<https://panlex.org/snapshot/panlex-20191001-csv/3975#51726963>		"ɲi"@isi	
"=mˈe"@bsk	<https://panlex.org/snapshot/panlex-20191001-csv/3975#51733295>				<https://panlex.org/snapshot/panlex-20191001-csv/3975#51733322>		"ì=lôl"@isi	
"=mˈe"@bsk	<https://panlex.org/snapshot/panlex-20191001-csv/3975#51733295>				<https://panlex.org/snapshot/panlex-20191001-csv/3975#51733323>		"ì=lôl"@isi	
"sˈao"@bsk	<https://panlex.org/snapshot/panlex-20191001-csv/3975#51730481>				<https://panlex.org/snapshot/panlex-20191001-csv/3975#51730507>		"i=bùbú"@isi	
"sˈao"@bsk	<https://panlex.org/snapshot/panlex-20191001-csv/3975#51730481>				<https://panlex.org/snapshot/panlex-20191001-csv/3975#51730506>		"m̀=bùbú"@isi	
"bayˈu"@bsk	<https://panlex.org/snapshot/panlex-20191001-csv/3975#51735573>				<https://panlex.org/snapshot/panlex-20191001-csv/3975#51735599>		"à=kâŋ"@isi	
"bayˈu"@bsk	<https://panlex.org/snapshot/panlex-20191001-csv/3975#51735573>				<https://panlex.org/snapshot/panlex-20191001-csv/3975#51735600>		"à=kâŋ"@isi	
"c̢en"@bsk	<https://panlex.org/snapshot/panlex-20191001-csv/3975#51721250>				<https://panlex.org/snapshot/panlex-20191001-csv/3975#51721279>		"ì=róg"@isi	
"c̢en"@bsk	<https://panlex.org/snapshot/panlex-20191001-csv/3975#51721250>				<https://panlex.org/snapshot/panlex-20191001-csv/3975#51721278>		"mòn á ɲ̀=ɲàm"@isi	
"gaʈ-"@bsk	<https://panlex.org/snapshot/panlex-20191001-csv/3975#51721392>				<https://panlex.org/snapshot/panlex-20191001-csv/3975#51721419>		"lôm"@isi	
"gaʈ-"@bsk	<https://panlex.org/snapshot/panlex-20191001-csv/3975#51721392>				<https://panlex.org/snapshot/panlex-20191001-csv/3975#51721420>		"lôm"@isi	
"cʰuˈum"@bsk	<https://panlex.org/snapshot/panlex-20191001-csv/3975#51735305>				<https://panlex.org/snapshot/panlex-20191001-csv/3975#51735330>		"lupʰ"@isi	
"cʰuˈum"@bsk	<https://panlex.org/snapshot/panlex-20191001-csv/3975#51735305>				<https://panlex.org/snapshot/panlex-20191001-csv/3975#51735329>		"lôb"@isi	
"=hˈen-"@bsk	<https://panlex.org/snapshot/panlex-20191001-csv/3975#51726938>				<https://panlex.org/snapshot/panlex-20191001-csv/3975#51726964>		"ɲî"@isi	
"=hˈen-"@bsk	<https://panlex.org/snapshot/panlex-20191001-csv/3975#51726938>				<https://panlex.org/snapshot/panlex-20191001-csv/3975#51726963>		"ɲi"@isi	
"=s=qul-"@bsk	<https://panlex.org/snapshot/panlex-20191001-csv/3975#51722094>				<https://panlex.org/snapshot/panlex-20191001-csv/3975#51722119>		"fî"@isi	
"=s=qul-"@bsk	<https://panlex.org/snapshot/panlex-20191001-csv/3975#51722094>				<https://panlex.org/snapshot/panlex-20191001-csv/3975#51722120>		"fî"@isi	
"kʰarˈuu"@bsk	<https://panlex.org/snapshot/panlex-20191001-csv/3975#51727639>				<https://panlex.org/snapshot/panlex-20191001-csv/3975#51727663>		"ḿ=kpèrí"@isi	
"kʰarˈuu"@bsk	<https://panlex.org/snapshot/panlex-20191001-csv/3975#51727639>				<https://panlex.org/snapshot/panlex-20191001-csv/3975#51727664>		"m̀=bôl"@isi	
"un"@bsk	<https://panlex.org/snapshot/panlex-20191001-csv/3975#51732996>				<https://panlex.org/snapshot/panlex-20191001-csv/3975#51733020>		"wɔ"@isi	
"un"@bsk	<https://panlex.org/snapshot/panlex-20191001-csv/3975#51732996>				<https://panlex.org/snapshot/panlex-20191001-csv/3975#51733019>		"ù"@isi	
"ʁalʁˈo"@bsk	<https://panlex.org/snapshot/panlex-20191001-csv/3975#51736261>				<https://panlex.org/snapshot/panlex-20191001-csv/3975#51736282>		"ń=dɔ̀ŋdɔ́ŋɔ́"@isi	
"ʁalʁˈo"@bsk	<https://panlex.org/snapshot/panlex-20191001-csv/3975#51736261>				<https://panlex.org/snapshot/panlex-20191001-csv/3975#51736281>		"ń=dɔ̀ŋí"@isi	
"cerˈeʂ"@bsk	<https://panlex.org/snapshot/panlex-20191001-csv/3975#51730259>				<https://panlex.org/snapshot/panlex-20191001-csv/3975#51730283>		"ǹ=dȯ̌g"@isi	
"cerˈeʂ"@bsk	<https://panlex.org/snapshot/panlex-20191001-csv/3975#51730259>				<https://panlex.org/snapshot/panlex-20191001-csv/3975#51730282>		"ǹ=dǔg"@isi	
"guɕʰˈa-"@bsk	<https://panlex.org/snapshot/panlex-20191001-csv/3975#51727221>				<https://panlex.org/snapshot/panlex-20191001-csv/3975#51727249>		"nɔ̀ŋî"@isi	
"guɕʰˈa-"@bsk	<https://panlex.org/snapshot/panlex-20191001-csv/3975#51727221>				<https://panlex.org/snapshot/panlex-20191001-csv/3975#51727250>		"nɔ̀ŋɔ̂"@isi	
"guɕʰˈa-"@bsk	<https://panlex.org/snapshot/panlex-20191001-csv/3975#51731391>				<https://panlex.org/snapshot/panlex-20191001-csv/3975#51731419>		"lâl"@isi	
"guɕʰˈa-"@bsk	<https://panlex.org/snapshot/panlex-20191001-csv/3975#51731391>				<https://panlex.org/snapshot/panlex-20191001-csv/3975#51731420>		"lâl"@isi	
"biˈen-um"@bsk	<https://panlex.org/snapshot/panlex-20191001-csv/3975#51735986>				<https://panlex.org/snapshot/panlex-20191001-csv/3975#51736011>		"kèŋ-kǝ́ŋ"@isi	
"=ʂˈi-"@bsk	<https://panlex.org/snapshot/panlex-20191001-csv/3975#51723725>				<https://panlex.org/snapshot/panlex-20191001-csv/3975#51723754>		"lî"@isi	
"=ʂˈi-"@bsk	<https://panlex.org/snapshot/panlex-20191001-csv/3975#51723725>				<https://panlex.org/snapshot/panlex-20191001-csv/3975#51723755>		"lî"@isi	
"hurˈuʈ-"@bsk	<https://panlex.org/snapshot/panlex-20191001-csv/3975#51731071>				<https://panlex.org/snapshot/panlex-20191001-csv/3975#51731103>		"bɨm"@isi	
"hurˈuʈ-"@bsk	<https://panlex.org/snapshot/panlex-20191001-csv/3975#51731071>				<https://panlex.org/snapshot/panlex-20191001-csv/3975#51731104>		"bɨ́mɛ̀"@isi	
"gan"@bsk	<https://panlex.org/snapshot/panlex-20191001-csv/3975#51730116>				<https://panlex.org/snapshot/panlex-20191001-csv/3975#51730144>		"m̀=bár"@isi	
"gan"@bsk	<https://panlex.org/snapshot/panlex-20191001-csv/3975#51730116>				<https://panlex.org/snapshot/panlex-20191001-csv/3975#51730145>		"m=bar"@isi	
"halˈanc"@bsk	<https://panlex.org/snapshot/panlex-20191001-csv/3975#51728217>				<https://panlex.org/snapshot/panlex-20191001-csv/3975#51728248>		"ù=mɛ̌r"@isi	
"halˈanc"@bsk	<https://panlex.org/snapshot/panlex-20191001-csv/3975#51728217>				<https://panlex.org/snapshot/panlex-20191001-csv/3975#51728247>		"ǹ=wèrí"@isi	
"du=wˈal-"@bsk	<https://panlex.org/snapshot/panlex-20191001-csv/3975#51724752>				<https://panlex.org/snapshot/panlex-20191001-csv/3975#51724773>		"bɨ̂g"@isi	
"du=wˈal-"@bsk	<https://panlex.org/snapshot/panlex-20191001-csv/3975#51724752>				<https://panlex.org/snapshot/panlex-20191001-csv/3975#51724774>		"bûg"@isi	
"du=wˈal-"@bsk	<https://panlex.org/snapshot/panlex-20191001-csv/3975#51724752>				<https://panlex.org/snapshot/panlex-20191001-csv/3975#51724775>		"bȯ̂g"@isi	
"ɕap"@bsk	<https://panlex.org/snapshot/panlex-20191001-csv/3975#51728063>				<https://panlex.org/snapshot/panlex-20191001-csv/3975#51728091>		"ɲ̀=ɲàm"@isi	
"ɕap"@bsk	<https://panlex.org/snapshot/panlex-20191001-csv/3975#51728063>				<https://panlex.org/snapshot/panlex-20191001-csv/3975#51728090>		"ɲ̀=ɲàm"@isi	
"pʰˈet-iŋ"@bsk	<https://panlex.org/snapshot/panlex-20191001-csv/3975#51720712>				<https://panlex.org/snapshot/panlex-20191001-csv/3975#51720743>		"à=tɔ̂ŋ"@isi	
"pʰˈet-iŋ"@bsk	<https://panlex.org/snapshot/panlex-20191001-csv/3975#51720712>				<https://panlex.org/snapshot/panlex-20191001-csv/3975#51720742>		"à=tɔ̂ŋ"@isi	
"=ɕʰˈi-"@bsk	<https://panlex.org/snapshot/panlex-20191001-csv/3975#51725147>				<https://panlex.org/snapshot/panlex-20191001-csv/3975#51725175>		"kaː"@isi	
"=ɕʰˈi-"@bsk	<https://panlex.org/snapshot/panlex-20191001-csv/3975#51725147>				<https://panlex.org/snapshot/panlex-20191001-csv/3975#51725174>		"kâr"@isi	
"buʈ"@bsk	<https://panlex.org/snapshot/panlex-20191001-csv/3975#51727920>				<https://panlex.org/snapshot/panlex-20191001-csv/3975#51727947>		"fep"@isi	
"buʈ"@bsk	<https://panlex.org/snapshot/panlex-20191001-csv/3975#51727920>				<https://panlex.org/snapshot/panlex-20191001-csv/3975#51727946>		"dól"@isi	
"ten"@bsk	<https://panlex.org/snapshot/panlex-20191001-csv/3975#51721822>				<https://panlex.org/snapshot/panlex-20191001-csv/3975#51721852>		"ì=kób"@isi	
"ten"@bsk	<https://panlex.org/snapshot/panlex-20191001-csv/3975#51721822>				<https://panlex.org/snapshot/panlex-20191001-csv/3975#51721851>		"ì=káb"@isi	
"ʈiŋˈan"@bsk	<https://panlex.org/snapshot/panlex-20191001-csv/3975#51723896>				<https://panlex.org/snapshot/panlex-20191001-csv/3975#51723921>		"í=ʓǐ"@isi	
"ʈiŋˈan"@bsk	<https://panlex.org/snapshot/panlex-20191001-csv/3975#51723896>				<https://panlex.org/snapshot/panlex-20191001-csv/3975#51723922>		"í=ʓǐ"@isi	
"=kin"@bsk	<https://panlex.org/snapshot/panlex-20191001-csv/3975#51727369>				<https://panlex.org/snapshot/panlex-20191001-csv/3975#51727397>		"ú=gêd"@isi	
"=kin"@bsk	<https://panlex.org/snapshot/panlex-20191001-csv/3975#51727369>				<https://panlex.org/snapshot/panlex-20191001-csv/3975#51727398>		"ú=bɛ̂d"@isi	
"=yˈec-"@bsk	<https://panlex.org/snapshot/panlex-20191001-csv/3975#51730782>				<https://panlex.org/snapshot/panlex-20191001-csv/3975#51730812>		"yêd"@isi	
"=yˈec-"@bsk	<https://panlex.org/snapshot/panlex-20191001-csv/3975#51730782>				<https://panlex.org/snapshot/panlex-20191001-csv/3975#51730813>		"ɲɛ̃̂n"@isi	
"pʰolʁˈo"@bsk	<https://panlex.org/snapshot/panlex-20191001-csv/3975#51724326>				<https://panlex.org/snapshot/panlex-20191001-csv/3975#51724351>		"í=fǒr"@isi	
"pʰolʁˈo"@bsk	<https://panlex.org/snapshot/panlex-20191001-csv/3975#51724326>				<https://panlex.org/snapshot/panlex-20191001-csv/3975#51724350>		"í=fòrí"@isi	
"asiˈi"@bsk	<https://panlex.org/snapshot/panlex-20191001-csv/3975#51731969>				<https://panlex.org/snapshot/panlex-20191001-csv/3975#51731996>		"ǹ=dòróŋdò"@isi	
"asiˈi"@bsk	<https://panlex.org/snapshot/panlex-20191001-csv/3975#51731969>				<https://panlex.org/snapshot/panlex-20191001-csv/3975#51731997>		"ń=dùgɨ́ndò"@isi	
"nˈi-"@bsk	<https://panlex.org/snapshot/panlex-20191001-csv/3975#51733758>				<https://panlex.org/snapshot/panlex-20191001-csv/3975#51733787>		"šɔ̀n"@isi	
"nˈi-"@bsk	<https://panlex.org/snapshot/panlex-20191001-csv/3975#51733758>				<https://panlex.org/snapshot/panlex-20191001-csv/3975#51733786>		"tɨm"@isi	
"=dˈil"@bsk	<https://panlex.org/snapshot/panlex-20191001-csv/3975#51721956>				<https://panlex.org/snapshot/panlex-20191001-csv/3975#51721982>		"ì=krùŋkù"@isi	
"=dˈil"@bsk	<https://panlex.org/snapshot/panlex-20191001-csv/3975#51721956>				<https://panlex.org/snapshot/panlex-20191001-csv/3975#51721981>		"ì=kùrùŋkù"@isi	
