"nɪ-klɛ-k"@mlv	<https://panlex.org/snapshot/panlex-20191001-csv/114#8058024>				<https://panlex.org/snapshot/panlex-20191001-csv/114#8058091>		"lamósina"@plt	
"ni-kpwti-k"@mlv	<https://panlex.org/snapshot/panlex-20191001-csv/114#8063678>				<https://panlex.org/snapshot/panlex-20191001-csv/114#8063753>		"lóha"@plt	
"na-day"@mlv	<https://panlex.org/snapshot/panlex-20191001-csv/114#8063140>				<https://panlex.org/snapshot/panlex-20191001-csv/114#8063213>		"rá"@plt	
"ni-pni-k"@mlv	<https://panlex.org/snapshot/panlex-20191001-csv/114#8057512>				<https://panlex.org/snapshot/panlex-20191001-csv/114#8057583>		"hóditra"@plt	
"ŋmwʊkhɛɣ"@mlv	<https://panlex.org/snapshot/panlex-20191001-csv/114#8065795>				<https://panlex.org/snapshot/panlex-20191001-csv/114#8065863>		"mi-fóka"@plt	
"na-yŋɪ-k"@mlv	<https://panlex.org/snapshot/panlex-20191001-csv/114#8053401>				<https://panlex.org/snapshot/panlex-20191001-csv/114#8053483>		"tongotra"@plt	
"na-yŋɪ-k"@mlv	<https://panlex.org/snapshot/panlex-20191001-csv/114#8053401>				<https://panlex.org/snapshot/panlex-20191001-csv/114#8053484>		"ránjo"@plt	
"mɪtɪɣtɛɣ"@mlv	<https://panlex.org/snapshot/panlex-20191001-csv/114#8062642>				<https://panlex.org/snapshot/panlex-20191001-csv/114#8062713>		"táhotra"@plt	
"na-ɣla"@mlv	<https://panlex.org/snapshot/panlex-20191001-csv/114#8052424>				<https://panlex.org/snapshot/panlex-20191001-csv/114#8052492>		"havía"@plt	
"yɪyɪ"@mlv	<https://panlex.org/snapshot/panlex-20191001-csv/114#8068399>				<https://panlex.org/snapshot/panlex-20191001-csv/114#8068473>		"héhy"@plt	
"ɪɣlal"@mlv	<https://panlex.org/snapshot/panlex-20191001-csv/114#8061644>				<https://panlex.org/snapshot/panlex-20191001-csv/114#8061724>		"maha-lála"@plt	
"ßɪy"@mlv	<https://panlex.org/snapshot/panlex-20191001-csv/114#8055514>				<https://panlex.org/snapshot/panlex-20191001-csv/114#8055584>		"víly"@plt	
