"nɪ-klɛ-k"@mlv	<https://panlex.org/snapshot/panlex-20191001-csv/114#8058024>				<https://panlex.org/snapshot/panlex-20191001-csv/114#8057967>		"kolŋa-n"@lek	
"ni-kpwti-k"@mlv	<https://panlex.org/snapshot/panlex-20191001-csv/114#8063678>				<https://panlex.org/snapshot/panlex-20191001-csv/114#8063617>		"ple-n"@lek	
"na-day"@mlv	<https://panlex.org/snapshot/panlex-20191001-csv/114#8063140>				<https://panlex.org/snapshot/panlex-20191001-csv/114#8063072>		"d̃ay"@lek	
"ni-pni-k"@mlv	<https://panlex.org/snapshot/panlex-20191001-csv/114#8057512>				<https://panlex.org/snapshot/panlex-20191001-csv/114#8057449>		"kulhɪ-n"@lek	
"ŋmwʊkhɛɣ"@mlv	<https://panlex.org/snapshot/panlex-20191001-csv/114#8065795>				<https://panlex.org/snapshot/panlex-20191001-csv/114#8065750>		"tucap ŋohosa-n"@lek	
"na-yŋɪ-k"@mlv	<https://panlex.org/snapshot/panlex-20191001-csv/114#8053401>				<https://panlex.org/snapshot/panlex-20191001-csv/114#8053338>		"keka-n"@lek	
"mɪtɪɣtɛɣ"@mlv	<https://panlex.org/snapshot/panlex-20191001-csv/114#8062642>				<https://panlex.org/snapshot/panlex-20191001-csv/114#8062584>		"i-noh"@lek	
"na-ɣla"@mlv	<https://panlex.org/snapshot/panlex-20191001-csv/114#8052424>				<https://panlex.org/snapshot/panlex-20191001-csv/114#8052369>		"ka|maw"@lek	
"yɪyɪ"@mlv	<https://panlex.org/snapshot/panlex-20191001-csv/114#8068399>				<https://panlex.org/snapshot/panlex-20191001-csv/114#8068339>		"hɪl"@lek	
"ɪɣlal"@mlv	<https://panlex.org/snapshot/panlex-20191001-csv/114#8061644>				<https://panlex.org/snapshot/panlex-20191001-csv/114#8061580>		"hecinen"@lek	
"ßɪy"@mlv	<https://panlex.org/snapshot/panlex-20191001-csv/114#8055514>				<https://panlex.org/snapshot/panlex-20191001-csv/114#8055458>		"kwacanɪm"@lek	
