"ór"@ghl	<https://panlex.org/snapshot/panlex-20191001-csv/1573#50090269>				<https://panlex.org/snapshot/panlex-20191001-csv/1573#50090352>		"ʔaʁā"@oar	
"ór"@ghl	<https://panlex.org/snapshot/panlex-20191001-csv/1573#50090019>				<https://panlex.org/snapshot/panlex-20191001-csv/1573#50090096>		"ʔīlānā"@oar	
"ɪč"@ghl	<https://panlex.org/snapshot/panlex-20191001-csv/1573#50091371>				<https://panlex.org/snapshot/panlex-20191001-csv/1573#50091448>		"s̄emšā"@oar	
"torga"@ghl	<https://panlex.org/snapshot/panlex-20191001-csv/1573#50088329>				<https://panlex.org/snapshot/panlex-20191001-csv/1573#50088483>		"nahrā"@oar	
"ʊɽʊ"@ghl	<https://panlex.org/snapshot/panlex-20191001-csv/1573#50082683>				<https://panlex.org/snapshot/panlex-20191001-csv/1573#50082776>		"ʁaprā"@oar	
"kʊli"@ghl	<https://panlex.org/snapshot/panlex-20191001-csv/1573#50088951>				<https://panlex.org/snapshot/panlex-20191001-csv/1573#50089077>		"mabbūʁā"@oar	
"kʊli"@ghl	<https://panlex.org/snapshot/panlex-20191001-csv/1573#50088951>				<https://panlex.org/snapshot/panlex-20191001-csv/1573#50089078>		"ʁaynā"@oar	
"topŋiʈiʈye"@ghl	<https://panlex.org/snapshot/panlex-20191001-csv/1573#50090914>				<https://panlex.org/snapshot/panlex-20191001-csv/1573#50090975>		"zyāʁā"@oar	
"topŋiʈiʈye"@ghl	<https://panlex.org/snapshot/panlex-20191001-csv/1573#50090914>				<https://panlex.org/snapshot/panlex-20191001-csv/1573#50090974>		"nawdā"@oar	
"kakar"@ghl	<https://panlex.org/snapshot/panlex-20191001-csv/1573#50090577>				<https://panlex.org/snapshot/panlex-20191001-csv/1573#50090706>		"kēpā"@oar	
"kakar"@ghl	<https://panlex.org/snapshot/panlex-20191001-csv/1573#50090577>				<https://panlex.org/snapshot/panlex-20191001-csv/1573#50090707>		"ʔabnā"@oar	
"ɔti"@ghl	<https://panlex.org/snapshot/panlex-20191001-csv/1573#50085715>				<https://panlex.org/snapshot/panlex-20191001-csv/1573#50085796>		"mayyā"@oar	
"kuli"@ghl	<https://panlex.org/snapshot/panlex-20191001-csv/1573#50083559>				<https://panlex.org/snapshot/panlex-20191001-csv/1573#50083688>		"ṭūrā"@oar	
"kʊl"@ghl	<https://panlex.org/snapshot/panlex-20191001-csv/1573#50088950>				<https://panlex.org/snapshot/panlex-20191001-csv/1573#50089077>		"mabbūʁā"@oar	
"kʊl"@ghl	<https://panlex.org/snapshot/panlex-20191001-csv/1573#50088950>				<https://panlex.org/snapshot/panlex-20191001-csv/1573#50089078>		"ʁaynā"@oar	
"eǰe"@ghl	<https://panlex.org/snapshot/panlex-20191001-csv/1573#50084956>				<https://panlex.org/snapshot/panlex-20191001-csv/1573#50085008>		"yabbeštā"@oar	
"kuraraŋ"@ghl	<https://panlex.org/snapshot/panlex-20191001-csv/1573#50087696>				<https://panlex.org/snapshot/panlex-20191001-csv/1573#50087774>		"gallā"@oar	
"ɔbule"@ghl	<https://panlex.org/snapshot/panlex-20191001-csv/1573#50084546>				<https://panlex.org/snapshot/panlex-20191001-csv/1573#50084618>		"χalltā"@oar	
"ɔbule"@ghl	<https://panlex.org/snapshot/panlex-20191001-csv/1573#50084546>				<https://panlex.org/snapshot/panlex-20191001-csv/1573#50084617>		"ʁumḳā"@oar	
"ɔbule"@ghl	<https://panlex.org/snapshot/panlex-20191001-csv/1573#50084546>				<https://panlex.org/snapshot/panlex-20191001-csv/1573#50084616>		"beḳʁtā"@oar	
"torgɪl"@ghl	<https://panlex.org/snapshot/panlex-20191001-csv/1573#50088330>				<https://panlex.org/snapshot/panlex-20191001-csv/1573#50088483>		"nahrā"@oar	
"tobi"@ghl	<https://panlex.org/snapshot/panlex-20191001-csv/1573#50081778>				<https://panlex.org/snapshot/panlex-20191001-csv/1573#50081856>		"ʁālmā"@oar	
"ɛǰe"@ghl	<https://panlex.org/snapshot/panlex-20191001-csv/1573#50089725>				<https://panlex.org/snapshot/panlex-20191001-csv/1573#50089822>		"χuršā"@oar	
"ɛǰe"@ghl	<https://panlex.org/snapshot/panlex-20191001-csv/1573#50089725>				<https://panlex.org/snapshot/panlex-20191001-csv/1573#50089821>		"ʁābā"@oar	
"kwartu"@ghl	<https://panlex.org/snapshot/panlex-20191001-csv/1573#50083242>				<https://panlex.org/snapshot/panlex-20191001-csv/1573#50083327>		"χālā"@oar	
"káto"@ghl	<https://panlex.org/snapshot/panlex-20191001-csv/1573#50084245>				<https://panlex.org/snapshot/panlex-20191001-csv/1573#50084363>		"mēšrā"@oar	
"káto"@ghl	<https://panlex.org/snapshot/panlex-20191001-csv/1573#50084245>				<https://panlex.org/snapshot/panlex-20191001-csv/1573#50084364>		"špālā"@oar	
"otintate"@ghl	<https://panlex.org/snapshot/panlex-20191001-csv/1573#50086359>				<https://panlex.org/snapshot/panlex-20191001-csv/1573#50086415>		"rgūšyā"@oar	
"kudu"@ghl	<https://panlex.org/snapshot/panlex-20191001-csv/1573#50083558>				<https://panlex.org/snapshot/panlex-20191001-csv/1573#50083688>		"ṭūrā"@oar	
"ɪŋŋaltu"@ghl	<https://panlex.org/snapshot/panlex-20191001-csv/1573#50091372>				<https://panlex.org/snapshot/panlex-20191001-csv/1573#50091448>		"s̄emšā"@oar	
"ɔtiŋaltu"@ghl	<https://panlex.org/snapshot/panlex-20191001-csv/1573#50089518>				<https://panlex.org/snapshot/panlex-20191001-csv/1573#50089579>		"šepʁā"@oar	
"we:na"@ghl	<https://panlex.org/snapshot/panlex-20191001-csv/1573#50082377>				<https://panlex.org/snapshot/panlex-20191001-csv/1573#50082495>		"ʔarʁā"@oar	
"we:na"@ghl	<https://panlex.org/snapshot/panlex-20191001-csv/1573#50082377>				<https://panlex.org/snapshot/panlex-20191001-csv/1573#50082494>		"ʔadāmtā"@oar	
"we:na"@ghl	<https://panlex.org/snapshot/panlex-20191001-csv/1573#50082377>				<https://panlex.org/snapshot/panlex-20191001-csv/1573#50082493>		"medrā"@oar	
"arrɛnayn"@ghl	<https://panlex.org/snapshot/panlex-20191001-csv/1573#50091122>				<https://panlex.org/snapshot/panlex-20191001-csv/1573#50091190>		"šmayyā"@oar	
"ka:ŋa"@ghl	<https://panlex.org/snapshot/panlex-20191001-csv/1573#50085466>				<https://panlex.org/snapshot/panlex-20191001-csv/1573#50085551>		"mʁartā"@oar	
"ka:ŋa"@ghl	<https://panlex.org/snapshot/panlex-20191001-csv/1573#50085466>				<https://panlex.org/snapshot/panlex-20191001-csv/1573#50085550>		"gubbā"@oar	
"aŕi"@ghl	<https://panlex.org/snapshot/panlex-20191001-csv/1573#50090576>				<https://panlex.org/snapshot/panlex-20191001-csv/1573#50090706>		"kēpā"@oar	
"aŕi"@ghl	<https://panlex.org/snapshot/panlex-20191001-csv/1573#50090576>				<https://panlex.org/snapshot/panlex-20191001-csv/1573#50090707>		"ʔabnā"@oar	
"ɔtiɲidu"@ghl	<https://panlex.org/snapshot/panlex-20191001-csv/1573#50085162>				<https://panlex.org/snapshot/panlex-20191001-csv/1573#50085267>		"kēpā"@oar	
"ɔtiɲidu"@ghl	<https://panlex.org/snapshot/panlex-20191001-csv/1573#50085162>				<https://panlex.org/snapshot/panlex-20191001-csv/1573#50085266>		"gēpā"@oar	
"ɖótu"@ghl	<https://panlex.org/snapshot/panlex-20191001-csv/1573#50082970>				<https://panlex.org/snapshot/panlex-20191001-csv/1573#50083079>		"ṭīnā"@oar	
"atu"@ghl	<https://panlex.org/snapshot/panlex-20191001-csv/1573#50089278>				<https://panlex.org/snapshot/panlex-20191001-csv/1573#50089362>		"ʔagmā"@oar	
"ɲalúm"@ghl	<https://panlex.org/snapshot/panlex-20191001-csv/1573#50088693>				<https://panlex.org/snapshot/panlex-20191001-csv/1573#50088752>		"gpīpā"@oar	
"kaŋŋa"@ghl	<https://panlex.org/snapshot/panlex-20191001-csv/1573#50085467>				<https://panlex.org/snapshot/panlex-20191001-csv/1573#50085551>		"mʁartā"@oar	
"kaŋŋa"@ghl	<https://panlex.org/snapshot/panlex-20191001-csv/1573#50085467>				<https://panlex.org/snapshot/panlex-20191001-csv/1573#50085550>		"gubbā"@oar	
"kaní"@ghl	<https://panlex.org/snapshot/panlex-20191001-csv/1573#50084244>				<https://panlex.org/snapshot/panlex-20191001-csv/1573#50084363>		"mēšrā"@oar	
"kaní"@ghl	<https://panlex.org/snapshot/panlex-20191001-csv/1573#50084244>				<https://panlex.org/snapshot/panlex-20191001-csv/1573#50084364>		"špālā"@oar	
"ɔbul"@ghl	<https://panlex.org/snapshot/panlex-20191001-csv/1573#50084545>				<https://panlex.org/snapshot/panlex-20191001-csv/1573#50084618>		"χalltā"@oar	
"ɔbul"@ghl	<https://panlex.org/snapshot/panlex-20191001-csv/1573#50084545>				<https://panlex.org/snapshot/panlex-20191001-csv/1573#50084617>		"ʁumḳā"@oar	
"ɔbul"@ghl	<https://panlex.org/snapshot/panlex-20191001-csv/1573#50084545>				<https://panlex.org/snapshot/panlex-20191001-csv/1573#50084616>		"beḳʁtā"@oar	
"iɽí"@ghl	<https://panlex.org/snapshot/panlex-20191001-csv/1573#50086744>				<https://panlex.org/snapshot/panlex-20191001-csv/1573#50086797>		"yammā rabbā"@oar	
"ordu"@ghl	<https://panlex.org/snapshot/panlex-20191001-csv/1573#50086537>				<https://panlex.org/snapshot/panlex-20191001-csv/1573#50086603>		"ḳūpyā"@oar	
"ɲalúme"@ghl	<https://panlex.org/snapshot/panlex-20191001-csv/1573#50088694>				<https://panlex.org/snapshot/panlex-20191001-csv/1573#50088752>		"gpīpā"@oar	
"orí"@ghl	<https://panlex.org/snapshot/panlex-20191001-csv/1573#50090018>				<https://panlex.org/snapshot/panlex-20191001-csv/1573#50090096>		"ʔīlānā"@oar	
"orí"@ghl	<https://panlex.org/snapshot/panlex-20191001-csv/1573#50090268>				<https://panlex.org/snapshot/panlex-20191001-csv/1573#50090352>		"ʔaʁā"@oar	
"dí:da"@ghl	<https://panlex.org/snapshot/panlex-20191001-csv/1573#50082969>				<https://panlex.org/snapshot/panlex-20191001-csv/1573#50083079>		"ṭīnā"@oar	
"top"@ghl	<https://panlex.org/snapshot/panlex-20191001-csv/1573#50081779>				<https://panlex.org/snapshot/panlex-20191001-csv/1573#50081856>		"ʁālmā"@oar	
"top"@ghl	<https://panlex.org/snapshot/panlex-20191001-csv/1573#50082053>				<https://panlex.org/snapshot/panlex-20191001-csv/1573#50082162>		"ʔarʁā"@oar	
"ɪɽi"@ghl	<https://panlex.org/snapshot/panlex-20191001-csv/1573#50085965>				<https://panlex.org/snapshot/panlex-20191001-csv/1573#50086038>		"yammā"@oar	
