"ór"@ghl	<https://panlex.org/snapshot/panlex-20191001-csv/1573#50090269>				<https://panlex.org/snapshot/panlex-20191001-csv/1573#50090408>		"ɨuɨr"@tpy	
"ór"@ghl	<https://panlex.org/snapshot/panlex-20191001-csv/1573#50090019>				<https://panlex.org/snapshot/panlex-20191001-csv/1573#50090149>		"dei"@tpy	
"ɪč"@ghl	<https://panlex.org/snapshot/panlex-20191001-csv/1573#50091371>				<https://panlex.org/snapshot/panlex-20191001-csv/1573#50091502>		"atetla"@tpy	
"torga"@ghl	<https://panlex.org/snapshot/panlex-20191001-csv/1573#50088329>				<https://panlex.org/snapshot/panlex-20191001-csv/1573#50088588>		"atel=xu"@tpy	
"kʊli"@ghl	<https://panlex.org/snapshot/panlex-20191001-csv/1573#50088951>				<https://panlex.org/snapshot/panlex-20191001-csv/1573#50089157>		"misu fafla"@tpy	
"topŋiʈiʈye"@ghl	<https://panlex.org/snapshot/panlex-20191001-csv/1573#50090914>				<https://panlex.org/snapshot/panlex-20191001-csv/1573#50091007>		"hapdokokah"@tpy	
"kakar"@ghl	<https://panlex.org/snapshot/panlex-20191001-csv/1573#50090577>				<https://panlex.org/snapshot/panlex-20191001-csv/1573#50090805>		"itak"@tpy	
"ɔti"@ghl	<https://panlex.org/snapshot/panlex-20191001-csv/1573#50085715>				<https://panlex.org/snapshot/panlex-20191001-csv/1573#50085860>		"misu"@tpy	
"kʊl"@ghl	<https://panlex.org/snapshot/panlex-20191001-csv/1573#50088950>				<https://panlex.org/snapshot/panlex-20191001-csv/1573#50089157>		"misu fafla"@tpy	
"kuraraŋ"@ghl	<https://panlex.org/snapshot/panlex-20191001-csv/1573#50087696>				<https://panlex.org/snapshot/panlex-20191001-csv/1573#50087828>		"kumu kumu"@tpy	
"torgɪl"@ghl	<https://panlex.org/snapshot/panlex-20191001-csv/1573#50088330>				<https://panlex.org/snapshot/panlex-20191001-csv/1573#50088588>		"atel=xu"@tpy	
"ɛǰe"@ghl	<https://panlex.org/snapshot/panlex-20191001-csv/1573#50089725>				<https://panlex.org/snapshot/panlex-20191001-csv/1573#50089889>		"aneneote"@tpy	
"ɛǰe"@ghl	<https://panlex.org/snapshot/panlex-20191001-csv/1573#50089725>				<https://panlex.org/snapshot/panlex-20191001-csv/1573#50089890>		"auat"@tpy	
"ɛǰe"@ghl	<https://panlex.org/snapshot/panlex-20191001-csv/1573#50089725>				<https://panlex.org/snapshot/panlex-20191001-csv/1573#50089891>		"kuiaie"@tpy	
"kwartu"@ghl	<https://panlex.org/snapshot/panlex-20191001-csv/1573#50083242>				<https://panlex.org/snapshot/panlex-20191001-csv/1573#50083380>		"ulat̯"@tpy	
"ɪŋŋaltu"@ghl	<https://panlex.org/snapshot/panlex-20191001-csv/1573#50091372>				<https://panlex.org/snapshot/panlex-20191001-csv/1573#50091502>		"atetla"@tpy	
"we:na"@ghl	<https://panlex.org/snapshot/panlex-20191001-csv/1573#50082377>				<https://panlex.org/snapshot/panlex-20191001-csv/1573#50082568>		"tenexne"@tpy	
"arrɛnayn"@ghl	<https://panlex.org/snapshot/panlex-20191001-csv/1573#50091122>				<https://panlex.org/snapshot/panlex-20191001-csv/1573#50091251>		"naʔnene"@tpy	
"arrɛnayn"@ghl	<https://panlex.org/snapshot/panlex-20191001-csv/1573#50091122>				<https://panlex.org/snapshot/panlex-20191001-csv/1573#50091250>		"naneʔne"@tpy	
"aŕi"@ghl	<https://panlex.org/snapshot/panlex-20191001-csv/1573#50090576>				<https://panlex.org/snapshot/panlex-20191001-csv/1573#50090805>		"itak"@tpy	
"ɔtiɲidu"@ghl	<https://panlex.org/snapshot/panlex-20191001-csv/1573#50085162>				<https://panlex.org/snapshot/panlex-20191001-csv/1573#50085354>		"ulat̯"@tpy	
"ordu"@ghl	<https://panlex.org/snapshot/panlex-20191001-csv/1573#50086537>				<https://panlex.org/snapshot/panlex-20191001-csv/1573#50086656>		"aiot̯"@tpy	
"ordu"@ghl	<https://panlex.org/snapshot/panlex-20191001-csv/1573#50086537>				<https://panlex.org/snapshot/panlex-20191001-csv/1573#50086657>		"ale su aiot̯"@tpy	
"orí"@ghl	<https://panlex.org/snapshot/panlex-20191001-csv/1573#50090018>				<https://panlex.org/snapshot/panlex-20191001-csv/1573#50090149>		"dei"@tpy	
"orí"@ghl	<https://panlex.org/snapshot/panlex-20191001-csv/1573#50090268>				<https://panlex.org/snapshot/panlex-20191001-csv/1573#50090408>		"ɨuɨr"@tpy	
"top"@ghl	<https://panlex.org/snapshot/panlex-20191001-csv/1573#50082053>				<https://panlex.org/snapshot/panlex-20191001-csv/1573#50082252>		"trumai ilaka"@tpy	
"top"@ghl	<https://panlex.org/snapshot/panlex-20191001-csv/1573#50082053>				<https://panlex.org/snapshot/panlex-20191001-csv/1573#50082251>		"tenexne"@tpy	
