"janvié"@pcd	<https://panlex.org/snapshot/panlex-20191001-csv/5947#84851509>				<https://panlex.org/snapshot/panlex-20191001-csv/5947#84851544>		"ocak"@tr	
"Albanie"@pcd	<https://panlex.org/snapshot/panlex-20191001-csv/5947#84579756>				<https://panlex.org/snapshot/panlex-20191001-csv/5947#84579804>		"Arnavutluk"@tr	
"Berlin"@pcd	<https://panlex.org/snapshot/panlex-20191001-csv/5949#85302505>				<https://panlex.org/snapshot/panlex-20191001-csv/5949#85302549>		"Berlin"@tr	
"Liège"@pcd	<https://panlex.org/snapshot/panlex-20191001-csv/5949#85314847>				<https://panlex.org/snapshot/panlex-20191001-csv/5949#85314864>		"Liège"@tr	
"Franche"@pcd	<https://panlex.org/snapshot/panlex-20191001-csv/5949#85323646>				<https://panlex.org/snapshot/panlex-20191001-csv/5949#85323686>		"Fransa"@tr	
"eféméra"@pcd	<https://panlex.org/snapshot/panlex-20191001-csv/5942#83281341>				<https://panlex.org/snapshot/panlex-20191001-csv/5942#83281347>		"birgün sineği"@tr	
