"Bükreş"@tr	<https://panlex.org/snapshot/panlex-20191001-csv/5950#85859694>				<https://panlex.org/snapshot/panlex-20191001-csv/5950#85859696>		"ܒܘܟܘܪܫܬ"@arc	<https://panlex.org/ProperNoun>
"Kudüs"@tr	<https://panlex.org/snapshot/panlex-20191001-csv/5950#85861463>				<https://panlex.org/snapshot/panlex-20191001-csv/5950#85861467>		"אורשלם"@arc	<https://panlex.org/ProperNoun>
"Helsinki"@tr	<https://panlex.org/snapshot/panlex-20191001-csv/5950#85860837>				<https://panlex.org/snapshot/panlex-20191001-csv/5950#85860839>		"ܗܠܣܢܩܝ"@arc	<https://panlex.org/ProperNoun>
"Aramice"@tr	<https://panlex.org/snapshot/panlex-20191001-csv/5950#85858699>				<https://panlex.org/snapshot/panlex-20191001-csv/5950#85858700>		"ܐܪܡܝܐ"@arc	<https://panlex.org/ProperNoun>
"fil"@tr	<https://panlex.org/snapshot/panlex-20191001-csv/5947#84861130>				<https://panlex.org/snapshot/panlex-20191001-csv/5947#84861072>		"ܦܸܠܵܐ"@arc	
"mide"@tr	<https://panlex.org/snapshot/panlex-20191001-csv/5947#84919215>				<https://panlex.org/snapshot/panlex-20191001-csv/5947#84919177>		"ܐܣܛܘܡܟܐ אסטומכא"@arc	
"Katalonya"@tr	<https://panlex.org/snapshot/panlex-20191001-csv/5947#84596961>				<https://panlex.org/snapshot/panlex-20191001-csv/5947#84596928>		"ܩܛܠܘܢܝܐ"@arc	
"güzel"@tr	<https://panlex.org/snapshot/panlex-20191001-csv/5947#84795562>				<https://panlex.org/snapshot/panlex-20191001-csv/5947#84795523>		"ܫܵܦܝܼܪܵܐ"@arc	
"şubat"@tr	<https://panlex.org/snapshot/panlex-20191001-csv/5947#84743050>				<https://panlex.org/snapshot/panlex-20191001-csv/5947#84742769>		"ܫܒܛ"@arc	
"Afganistan"@tr	<https://panlex.org/snapshot/panlex-20191001-csv/5947#84579265>				<https://panlex.org/snapshot/panlex-20191001-csv/5947#84579090>		"ܐܦܓܐܢܣܛܐܢ"@arc	
"kız evlat"@tr	<https://panlex.org/snapshot/panlex-20191001-csv/5947#84663059>				<https://panlex.org/snapshot/panlex-20191001-csv/5947#84663009>		"ܒܪܵܬܵܐ"@arc	
"güneş"@tr	<https://panlex.org/snapshot/panlex-20191001-csv/5947#84861013>				<https://panlex.org/snapshot/panlex-20191001-csv/5947#84860971>		"ܫܸܡܫܵܐ"@arc	
"su"@tr	<https://panlex.org/snapshot/panlex-20191001-csv/5947#84886571>				<https://panlex.org/snapshot/panlex-20191001-csv/5947#84886412>		"ܡܲܝܵܐ"@arc	
"Paskalya"@tr	<https://panlex.org/snapshot/panlex-20191001-csv/5947#84615990>				<https://panlex.org/snapshot/panlex-20191001-csv/5947#84615846>		"ܥܐܕܐ ܕܩܝܡܬܐ"@arc	
"piskopos"@tr	<https://panlex.org/snapshot/panlex-20191001-csv/5947#84641540>				<https://panlex.org/snapshot/panlex-20191001-csv/5947#84641466>		"ܐܒܐ"@arc	
"karaciğer"@tr	<https://panlex.org/snapshot/panlex-20191001-csv/5947#84895310>				<https://panlex.org/snapshot/panlex-20191001-csv/5947#84895191>		"ܟܒܕܐ"@arc	
"ekim"@tr	<https://panlex.org/snapshot/panlex-20191001-csv/5940#81285706>				<https://panlex.org/snapshot/panlex-20191001-csv/5940#81285607>		"ܬܫܪܝܢ ܐ"@arc	
"miskin"@tr	<https://panlex.org/snapshot/panlex-20191001-csv/5940#81339326>				<https://panlex.org/snapshot/panlex-20191001-csv/5940#81339317>		"ܡܣܟܢܐ"@arc	
"kan"@tr	<https://panlex.org/snapshot/panlex-20191001-csv/5940#81293653>				<https://panlex.org/snapshot/panlex-20191001-csv/5940#81293586>		"ܕܡܐ"@arc	
"İsviçre"@tr	<https://panlex.org/snapshot/panlex-20191001-csv/5940#81279218>				<https://panlex.org/snapshot/panlex-20191001-csv/5940#81279131>		"ܣܘܣܪܐ"@arc	
"te"@tr	<https://panlex.org/snapshot/panlex-20191001-csv/5940#81365092>				<https://panlex.org/snapshot/panlex-20191001-csv/5940#81365084>		"ܬܐܘ"@arc	
"Amsterdam"@tr	<https://panlex.org/snapshot/panlex-20191001-csv/5939#80717134>				<https://panlex.org/snapshot/panlex-20191001-csv/5939#80717046>		"Āmsterdam"@arc	
"Asya"@tr	<https://panlex.org/snapshot/panlex-20191001-csv/5939#80730011>				<https://panlex.org/snapshot/panlex-20191001-csv/5939#80729913>		"ܐܨܝܐ"@arc	
"Ankara"@tr	<https://panlex.org/snapshot/panlex-20191001-csv/5939#80720322>				<https://panlex.org/snapshot/panlex-20191001-csv/5939#80720269>		"ܐܢܩܪܐ"@arc	
"yağmur"@tr	<https://panlex.org/snapshot/panlex-20191001-csv/5946#84436396>				<https://panlex.org/snapshot/panlex-20191001-csv/5946#84436228>		"מטרא"@arc	
"yağmur"@tr	<https://panlex.org/snapshot/panlex-20191001-csv/5946#84436396>				<https://panlex.org/snapshot/panlex-20191001-csv/5946#84436229>		"ܡܛܪܐ"@arc	
"tanrı"@tr	<https://panlex.org/snapshot/panlex-20191001-csv/5946#84448225>				<https://panlex.org/snapshot/panlex-20191001-csv/5946#84448125>		"אלהא"@arc	
"tanrı"@tr	<https://panlex.org/snapshot/panlex-20191001-csv/5946#84448225>				<https://panlex.org/snapshot/panlex-20191001-csv/5946#84448124>		"ܐܠܗܐ"@arc	
"it"@tr	<https://panlex.org/snapshot/panlex-20191001-csv/5946#84438485>				<https://panlex.org/snapshot/panlex-20191001-csv/5946#84438350>		"כלבא"@arc	
"it"@tr	<https://panlex.org/snapshot/panlex-20191001-csv/5946#84438485>				<https://panlex.org/snapshot/panlex-20191001-csv/5946#84438349>		"כלבתא"@arc	
"it"@tr	<https://panlex.org/snapshot/panlex-20191001-csv/5946#84438485>				<https://panlex.org/snapshot/panlex-20191001-csv/5946#84438347>		"ܟܠܒܐ"@arc	
"it"@tr	<https://panlex.org/snapshot/panlex-20191001-csv/5946#84438485>				<https://panlex.org/snapshot/panlex-20191001-csv/5946#84438348>		"ܟܠܒܬܐ"@arc	
"nasılsın"@tr	<https://panlex.org/snapshot/panlex-20191001-csv/5946#84445792>				<https://panlex.org/snapshot/panlex-20191001-csv/5946#84445691>		"ܕܟ ܐܝܘܬ؟"@arc	
"dana"@tr	<https://panlex.org/snapshot/panlex-20191001-csv/5946#84440021>				<https://panlex.org/snapshot/panlex-20191001-csv/5946#84439769>		"תורתא"@arc	
"dana"@tr	<https://panlex.org/snapshot/panlex-20191001-csv/5946#84440021>				<https://panlex.org/snapshot/panlex-20191001-csv/5946#84439768>		"ܬܘܪܬܐ"@arc	
"baran"@tr	<https://panlex.org/snapshot/panlex-20191001-csv/5946#84436397>				<https://panlex.org/snapshot/panlex-20191001-csv/5946#84436228>		"מטרא"@arc	
"baran"@tr	<https://panlex.org/snapshot/panlex-20191001-csv/5946#84436397>				<https://panlex.org/snapshot/panlex-20191001-csv/5946#84436229>		"ܡܛܪܐ"@arc	
"okyanus"@tr	<https://panlex.org/snapshot/panlex-20191001-csv/5946#84441377>				<https://panlex.org/snapshot/panlex-20191001-csv/5946#84441320>		"ܐܘܩܝܢܘܣ"@arc	
"okyanus"@tr	<https://panlex.org/snapshot/panlex-20191001-csv/5946#84441377>				<https://panlex.org/snapshot/panlex-20191001-csv/5946#84441319>		"אוקינוס"@arc	
"hayır"@tr	<https://panlex.org/snapshot/panlex-20191001-csv/5946#84437056>				<https://panlex.org/snapshot/panlex-20191001-csv/5946#84436997>		"ܠܐ"@arc	
"hayır"@tr	<https://panlex.org/snapshot/panlex-20191001-csv/5946#84437056>				<https://panlex.org/snapshot/panlex-20191001-csv/5946#84436998>		"לא"@arc	
"balık"@tr	<https://panlex.org/snapshot/panlex-20191001-csv/5946#84454817>				<https://panlex.org/snapshot/panlex-20191001-csv/5946#84454721>		"ܢܘܢܐ"@arc	
"balık"@tr	<https://panlex.org/snapshot/panlex-20191001-csv/5946#84454817>				<https://panlex.org/snapshot/panlex-20191001-csv/5946#84454722>		"נונא"@arc	
"deniz"@tr	<https://panlex.org/snapshot/panlex-20191001-csv/5946#84436073>				<https://panlex.org/snapshot/panlex-20191001-csv/5946#84436000>		"ימא"@arc	
"deniz"@tr	<https://panlex.org/snapshot/panlex-20191001-csv/5946#84436073>				<https://panlex.org/snapshot/panlex-20191001-csv/5946#84435999>		"ܝܡܐ"@arc	
"deniz"@tr	<https://panlex.org/snapshot/panlex-20191001-csv/5946#84441458>				<https://panlex.org/snapshot/panlex-20191001-csv/5946#84441384>		"ܝܡܐ"@arc	
"deniz"@tr	<https://panlex.org/snapshot/panlex-20191001-csv/5946#84441458>				<https://panlex.org/snapshot/panlex-20191001-csv/5946#84441385>		"ימא"@arc	
"hane"@tr	<https://panlex.org/snapshot/panlex-20191001-csv/5946#84437300>				<https://panlex.org/snapshot/panlex-20191001-csv/5946#84437214>		"ܒܝܬܐ"@arc	
"hane"@tr	<https://panlex.org/snapshot/panlex-20191001-csv/5946#84437300>				<https://panlex.org/snapshot/panlex-20191001-csv/5946#84437213>		"ביתא"@arc	
"bulut"@tr	<https://panlex.org/snapshot/panlex-20191001-csv/5946#84452092>				<https://panlex.org/snapshot/panlex-20191001-csv/5946#84452029>		"עננא"@arc	
"bulut"@tr	<https://panlex.org/snapshot/panlex-20191001-csv/5946#84452092>				<https://panlex.org/snapshot/panlex-20191001-csv/5946#84452030>		"ܥܢܢܐ"@arc	
"köpek"@tr	<https://panlex.org/snapshot/panlex-20191001-csv/5946#84438486>				<https://panlex.org/snapshot/panlex-20191001-csv/5946#84438350>		"כלבא"@arc	
"köpek"@tr	<https://panlex.org/snapshot/panlex-20191001-csv/5946#84438486>				<https://panlex.org/snapshot/panlex-20191001-csv/5946#84438349>		"כלבתא"@arc	
"köpek"@tr	<https://panlex.org/snapshot/panlex-20191001-csv/5946#84438486>				<https://panlex.org/snapshot/panlex-20191001-csv/5946#84438347>		"ܟܠܒܐ"@arc	
"köpek"@tr	<https://panlex.org/snapshot/panlex-20191001-csv/5946#84438486>				<https://panlex.org/snapshot/panlex-20191001-csv/5946#84438348>		"ܟܠܒܬܐ"@arc	
"öküz"@tr	<https://panlex.org/snapshot/panlex-20191001-csv/5946#84440022>				<https://panlex.org/snapshot/panlex-20191001-csv/5946#84439769>		"תורתא"@arc	
"öküz"@tr	<https://panlex.org/snapshot/panlex-20191001-csv/5946#84440022>				<https://panlex.org/snapshot/panlex-20191001-csv/5946#84439768>		"ܬܘܪܬܐ"@arc	
"kurbağa"@tr	<https://panlex.org/snapshot/panlex-20191001-csv/5946#84446462>				<https://panlex.org/snapshot/panlex-20191001-csv/5946#84446381>		"פקעא"@arc	
"nasılsınız"@tr	<https://panlex.org/snapshot/panlex-20191001-csv/5946#84445791>				<https://panlex.org/snapshot/panlex-20191001-csv/5946#84445691>		"ܕܟ ܐܝܘܬ؟"@arc	
"ev"@tr	<https://panlex.org/snapshot/panlex-20191001-csv/5946#84437301>				<https://panlex.org/snapshot/panlex-20191001-csv/5946#84437214>		"ܒܝܬܐ"@arc	
"ev"@tr	<https://panlex.org/snapshot/panlex-20191001-csv/5946#84437301>				<https://panlex.org/snapshot/panlex-20191001-csv/5946#84437213>		"ביתא"@arc	
"sığır sığırlar"@tr	<https://panlex.org/snapshot/panlex-20191001-csv/5946#84440019>				<https://panlex.org/snapshot/panlex-20191001-csv/5946#84439769>		"תורתא"@arc	
"sığır sığırlar"@tr	<https://panlex.org/snapshot/panlex-20191001-csv/5946#84440019>				<https://panlex.org/snapshot/panlex-20191001-csv/5946#84439768>		"ܬܘܪܬܐ"@arc	
"inek"@tr	<https://panlex.org/snapshot/panlex-20191001-csv/5946#84440020>				<https://panlex.org/snapshot/panlex-20191001-csv/5946#84439769>		"תורתא"@arc	
"inek"@tr	<https://panlex.org/snapshot/panlex-20191001-csv/5946#84440020>				<https://panlex.org/snapshot/panlex-20191001-csv/5946#84439768>		"ܬܘܪܬܐ"@arc	
"ağaç"@tr	<https://panlex.org/snapshot/panlex-20191001-csv/5946#84449661>				<https://panlex.org/snapshot/panlex-20191001-csv/5946#84449545>		"ܐܝܠܢܐ"@arc	
"ağaç"@tr	<https://panlex.org/snapshot/panlex-20191001-csv/5946#84449661>				<https://panlex.org/snapshot/panlex-20191001-csv/5946#84449544>		"אילנא"@arc	
"Letonya"@tr	<https://panlex.org/snapshot/panlex-20191001-csv/5949#85314392>				<https://panlex.org/snapshot/panlex-20191001-csv/5949#85314230>		"ܠܛܒܝܐ"@arc	
"Kur'an"@tr	<https://panlex.org/snapshot/panlex-20191001-csv/5949#85313489>				<https://panlex.org/snapshot/panlex-20191001-csv/5949#85313370>		"ܩܘܪܐܢ"@arc	
"Filipinler"@tr	<https://panlex.org/snapshot/panlex-20191001-csv/5949#85323429>				<https://panlex.org/snapshot/panlex-20191001-csv/5949#85323284>		"ܦܝܠܝܦܝܢܝܐ"@arc	
"Zürih"@tr	<https://panlex.org/snapshot/panlex-20191001-csv/5949#85324518>				<https://panlex.org/snapshot/panlex-20191001-csv/5949#85324430>		"ܬܣܝܪܝܟ"@arc	
"Portekiz"@tr	<https://panlex.org/snapshot/panlex-20191001-csv/5949#85318857>				<https://panlex.org/snapshot/panlex-20191001-csv/5949#85318767>		"ܦܘܪܛܘܓܠ"@arc	
"deniz"@tr	<https://panlex.org/snapshot/panlex-20191001-csv/5942#83283282>				<https://panlex.org/snapshot/panlex-20191001-csv/5942#83283175>		"ܝܡܐ"@arc	
"Finlandiya"@tr	<https://panlex.org/snapshot/panlex-20191001-csv/5943#83294168>				<https://panlex.org/snapshot/panlex-20191001-csv/5943#83294071>		"ܦܢܠܢܕܐ"@arc	
"İsa"@tr	<https://panlex.org/snapshot/panlex-20191001-csv/5943#83289607>				<https://panlex.org/snapshot/panlex-20191001-csv/5943#83289487>		"ܝܫܘܥ"@arc	
"İsa"@tr	<https://panlex.org/snapshot/panlex-20191001-csv/5943#83289607>				<https://panlex.org/snapshot/panlex-20191001-csv/5943#83289486>		"ישוע"@arc	
"İsveççe"@tr	<https://panlex.org/snapshot/panlex-20191001-csv/405#13632400>				<https://panlex.org/snapshot/panlex-20191001-csv/405#13632320>		"ܠܫܢܐ ܣܘܝܕܝܐ"@arc	
"Latince"@tr	<https://panlex.org/snapshot/panlex-20191001-csv/405#13627538>				<https://panlex.org/snapshot/panlex-20191001-csv/405#13627441>		"ܠܫܢܐ ܠܛܝܢܝܐ"@arc	
"Aragonca"@tr	<https://panlex.org/snapshot/panlex-20191001-csv/405#13624934>				<https://panlex.org/snapshot/panlex-20191001-csv/405#13624882>		"ܠܫܢܐ ܝܘܢܝܐ"@arc	
"Türkçe"@tr	<https://panlex.org/snapshot/panlex-20191001-csv/405#13633112>				<https://panlex.org/snapshot/panlex-20191001-csv/405#13633043>		"ܠܫܢܐ ܛܘܪܩܝܐ"@arc	
"Akatça"@tr	<https://panlex.org/snapshot/panlex-20191001-csv/405#13620419>				<https://panlex.org/snapshot/panlex-20191001-csv/405#13620377>		"ܠܫܢܐ ܐܟܕܝܐ"@arc	
"Süryanice"@tr	<https://panlex.org/snapshot/panlex-20191001-csv/405#13632435>				<https://panlex.org/snapshot/panlex-20191001-csv/405#13632408>		"ܠܫܢܐ ܣܘܪܝܝܐ"@arc	
"Kürtçe"@tr	<https://panlex.org/snapshot/panlex-20191001-csv/405#13627285>				<https://panlex.org/snapshot/panlex-20191001-csv/405#13627236>		"ܠܫܢܐ ܟܘܪܕܝܐ"@arc	
"Gürcüce"@tr	<https://panlex.org/snapshot/panlex-20191001-csv/405#13624569>				<https://panlex.org/snapshot/panlex-20191001-csv/405#13624519>		"ܠܫܢܐ ܓܘܪܓܝܐ"@arc	
"Lehçe"@tr	<https://panlex.org/snapshot/panlex-20191001-csv/405#13630191>				<https://panlex.org/snapshot/panlex-20191001-csv/405#13630114>		"ܠܫܢܐ ܦܘܠܢܕܝܐ"@arc	
"dağ"@tr	<https://panlex.org/snapshot/panlex-20191001-csv/19#1044636>				<https://panlex.org/snapshot/panlex-20191001-csv/19#1044578>		"ܛܘܪܐ"@arc	
"Mısır"@tr	<https://panlex.org/snapshot/panlex-20191001-csv/12#852574>				<https://panlex.org/snapshot/panlex-20191001-csv/12#852495>		"ܡܨܪܢ"@arc	
"Lüksemburg"@tr	<https://panlex.org/snapshot/panlex-20191001-csv/12#917978>				<https://panlex.org/snapshot/panlex-20191001-csv/12#917906>		"ܠܘܟܣܡܒܘܪܓ"@arc	
"ben"@tr	<https://panlex.org/snapshot/panlex-20191001-csv/8#430317>				<https://panlex.org/snapshot/panlex-20191001-csv/8#430163>		"אנא"@arc	
"huzur"@tr	<https://panlex.org/snapshot/panlex-20191001-csv/8#114320>				<https://panlex.org/snapshot/panlex-20191001-csv/8#114269>		"שינא"@arc	
"isim"@tr	<https://panlex.org/snapshot/panlex-20191001-csv/8#99249>				<https://panlex.org/snapshot/panlex-20191001-csv/8#99172>		"שמא"@arc	
"nehir"@tr	<https://panlex.org/snapshot/panlex-20191001-csv/8#229753>				<https://panlex.org/snapshot/panlex-20191001-csv/8#229662>		"נהרא"@arc	
"sulh"@tr	<https://panlex.org/snapshot/panlex-20191001-csv/8#114445>				<https://panlex.org/snapshot/panlex-20191001-csv/8#114401>		"שלמא"@arc	
"altı"@tr	<https://panlex.org/snapshot/panlex-20191001-csv/8#111665>				<https://panlex.org/snapshot/panlex-20191001-csv/8#111567>		"שתא"@arc	
"altı"@tr	<https://panlex.org/snapshot/panlex-20191001-csv/8#111665>				<https://panlex.org/snapshot/panlex-20191001-csv/8#111566>		"שת"@arc	
"şurada"@tr	<https://panlex.org/snapshot/panlex-20191001-csv/8#190410>				<https://panlex.org/snapshot/panlex-20191001-csv/8#190344>		"תמן"@arc	
"on dört"@tr	<https://panlex.org/snapshot/panlex-20191001-csv/8#147102>				<https://panlex.org/snapshot/panlex-20191001-csv/8#147052>		"ארבעסרא"@arc	
"on dört"@tr	<https://panlex.org/snapshot/panlex-20191001-csv/8#147102>				<https://panlex.org/snapshot/panlex-20191001-csv/8#147051>		"ארבעסר"@arc	
"yılan"@tr	<https://panlex.org/snapshot/panlex-20191001-csv/8#160339>				<https://panlex.org/snapshot/panlex-20191001-csv/8#160262>		"חויא"@arc	
"yılan"@tr	<https://panlex.org/snapshot/panlex-20191001-csv/8#160339>				<https://panlex.org/snapshot/panlex-20191001-csv/8#160261>		"חוויתא"@arc	
"Oslo"@tr	<https://panlex.org/snapshot/panlex-20191001-csv/10#774103>				<https://panlex.org/snapshot/panlex-20191001-csv/10#774044>		"ܐܘܣܠܘ"@arc	
"Amman"@tr	<https://panlex.org/snapshot/panlex-20191001-csv/10#774846>				<https://panlex.org/snapshot/panlex-20191001-csv/10#774801>		"ܥܡܢ"@arc	
"Mısır"@tr	<https://panlex.org/snapshot/panlex-20191001-csv/10#581681>				<https://panlex.org/snapshot/panlex-20191001-csv/10#581602>		"ܡܨܪܢ"@arc	
"pazar"@tr	<https://panlex.org/snapshot/panlex-20191001-csv/2892#110826880>				<https://panlex.org/snapshot/panlex-20191001-csv/2892#110826832>		"יום חד בשבה"@arc	
"pazar"@tr	<https://panlex.org/snapshot/panlex-20191001-csv/2892#110826880>				<https://panlex.org/snapshot/panlex-20191001-csv/2892#110826613>		"יום חד"@arc	
"perşembe"@tr	<https://panlex.org/snapshot/panlex-20191001-csv/2892#110825386>				<https://panlex.org/snapshot/panlex-20191001-csv/2892#110825472>		"יום חמשה"@arc	
"perşembe"@tr	<https://panlex.org/snapshot/panlex-20191001-csv/2892#110825386>				<https://panlex.org/snapshot/panlex-20191001-csv/2892#110825283>		"יום חמשה בשבה"@arc	
"cumartesi"@tr	<https://panlex.org/snapshot/panlex-20191001-csv/2892#110826414>				<https://panlex.org/snapshot/panlex-20191001-csv/2892#110826521>		"יום שבתה"@arc	
"pazartesi"@tr	<https://panlex.org/snapshot/panlex-20191001-csv/2892#110824122>				<https://panlex.org/snapshot/panlex-20191001-csv/2892#110824416>		"יום תרין"@arc	
"pazartesi"@tr	<https://panlex.org/snapshot/panlex-20191001-csv/2892#110824122>				<https://panlex.org/snapshot/panlex-20191001-csv/2892#110824085>		"יום תרין בשבה"@arc	
"çarşamba"@tr	<https://panlex.org/snapshot/panlex-20191001-csv/2892#110824977>				<https://panlex.org/snapshot/panlex-20191001-csv/2892#110825201>		"יום ארבעה"@arc	
"çarşamba"@tr	<https://panlex.org/snapshot/panlex-20191001-csv/2892#110824977>				<https://panlex.org/snapshot/panlex-20191001-csv/2892#110825232>		"יום ארבעה בשבה"@arc	
"cuma"@tr	<https://panlex.org/snapshot/panlex-20191001-csv/2892#110825727>				<https://panlex.org/snapshot/panlex-20191001-csv/2892#110825864>		"ערובתה"@arc	
"salı"@tr	<https://panlex.org/snapshot/panlex-20191001-csv/2892#110824808>				<https://panlex.org/snapshot/panlex-20191001-csv/2892#110824655>		"יום תלתה בשבה"@arc	
"salı"@tr	<https://panlex.org/snapshot/panlex-20191001-csv/2892#110824808>				<https://panlex.org/snapshot/panlex-20191001-csv/2892#110824504>		"יום תלתה"@arc	
"iyar"@tr	<https://panlex.org/snapshot/panlex-20191001-csv/2898#110833785>				<https://panlex.org/snapshot/panlex-20191001-csv/2898#110833752>		"איר"@arc	
"ab"@tr	<https://panlex.org/snapshot/panlex-20191001-csv/2898#110833963>				<https://panlex.org/snapshot/panlex-20191001-csv/2898#110833966>		"אב"@arc	
"tişri"@tr	<https://panlex.org/snapshot/panlex-20191001-csv/2898#110834085>				<https://panlex.org/snapshot/panlex-20191001-csv/2898#110834089>		"תשרי"@arc	
"adar"@tr	<https://panlex.org/snapshot/panlex-20191001-csv/2898#110834439>				<https://panlex.org/snapshot/panlex-20191001-csv/2898#110834469>		"אדר"@arc	
"heşvan"@tr	<https://panlex.org/snapshot/panlex-20191001-csv/2898#110834127>				<https://panlex.org/snapshot/panlex-20191001-csv/2898#110834125>		"מרחשון"@arc	
"şebat"@tr	<https://panlex.org/snapshot/panlex-20191001-csv/2898#110834394>				<https://panlex.org/snapshot/panlex-20191001-csv/2898#110834409>		"שבט"@arc	
"kislev"@tr	<https://panlex.org/snapshot/panlex-20191001-csv/2898#110834258>				<https://panlex.org/snapshot/panlex-20191001-csv/2898#110834242>		"כסלו"@arc	
"eylûl"@tr	<https://panlex.org/snapshot/panlex-20191001-csv/2898#110834019>				<https://panlex.org/snapshot/panlex-20191001-csv/2898#110833995>		"אלול"@arc	
"marheşvan"@tr	<https://panlex.org/snapshot/panlex-20191001-csv/2898#110834215>				<https://panlex.org/snapshot/panlex-20191001-csv/2898#110834125>		"מרחשון"@arc	
"nisan"@tr	<https://panlex.org/snapshot/panlex-20191001-csv/2898#110833730>				<https://panlex.org/snapshot/panlex-20191001-csv/2898#110833713>		"ניסן"@arc	
"tammuz"@tr	<https://panlex.org/snapshot/panlex-20191001-csv/2898#110833869>				<https://panlex.org/snapshot/panlex-20191001-csv/2898#110833902>		"תמוז"@arc	
"tebet"@tr	<https://panlex.org/snapshot/panlex-20191001-csv/2898#110834370>				<https://panlex.org/snapshot/panlex-20191001-csv/2898#110834360>		"טבת"@arc	
"sivan"@tr	<https://panlex.org/snapshot/panlex-20191001-csv/2898#110833821>				<https://panlex.org/snapshot/panlex-20191001-csv/2898#110833852>		"סיון"@arc	
