"Güney Ndebele"@tr	<https://panlex.org/snapshot/panlex-20191001-csv/400#13357173>				<https://panlex.org/snapshot/panlex-20191001-csv/400#13357197>		"isiNdebele"@nr	
"Hindustan"@tr	<https://panlex.org/snapshot/panlex-20191001-csv/10#580238>				<https://panlex.org/snapshot/panlex-20191001-csv/10#580157>		"i-Indiya"@nr	
"iyar"@tr	<https://panlex.org/snapshot/panlex-20191001-csv/2898#110833785>				<https://panlex.org/snapshot/panlex-20191001-csv/2898#110833740>		"u-Ijari"@nr	
"ab"@tr	<https://panlex.org/snapshot/panlex-20191001-csv/2898#110833963>				<https://panlex.org/snapshot/panlex-20191001-csv/2898#110833986>		"u-Abhi"@nr	
"tişri"@tr	<https://panlex.org/snapshot/panlex-20191001-csv/2898#110834085>				<https://panlex.org/snapshot/panlex-20191001-csv/2898#110834073>		"uThishiri"@nr	
"adar"@tr	<https://panlex.org/snapshot/panlex-20191001-csv/2898#110834439>				<https://panlex.org/snapshot/panlex-20191001-csv/2898#110834460>		"u-Adari"@nr	
"heşvan"@tr	<https://panlex.org/snapshot/panlex-20191001-csv/2898#110834127>				<https://panlex.org/snapshot/panlex-20191001-csv/2898#110834191>		"uHeshivani"@nr	
"heşvan"@tr	<https://panlex.org/snapshot/panlex-20191001-csv/2898#110834127>				<https://panlex.org/snapshot/panlex-20191001-csv/2898#110834126>		"uMariheshivani"@nr	
"şebat"@tr	<https://panlex.org/snapshot/panlex-20191001-csv/2898#110834394>				<https://panlex.org/snapshot/panlex-20191001-csv/2898#110834424>		"uShebhathi"@nr	
"kislev"@tr	<https://panlex.org/snapshot/panlex-20191001-csv/2898#110834258>				<https://panlex.org/snapshot/panlex-20191001-csv/2898#110834305>		"uKhisilevi"@nr	
"eylûl"@tr	<https://panlex.org/snapshot/panlex-20191001-csv/2898#110834019>				<https://panlex.org/snapshot/panlex-20191001-csv/2898#110834018>		"u-Eluli"@nr	
"marheşvan"@tr	<https://panlex.org/snapshot/panlex-20191001-csv/2898#110834215>				<https://panlex.org/snapshot/panlex-20191001-csv/2898#110834191>		"uHeshivani"@nr	
"marheşvan"@tr	<https://panlex.org/snapshot/panlex-20191001-csv/2898#110834215>				<https://panlex.org/snapshot/panlex-20191001-csv/2898#110834126>		"uMariheshivani"@nr	
"nisan"@tr	<https://panlex.org/snapshot/panlex-20191001-csv/2898#110833730>				<https://panlex.org/snapshot/panlex-20191001-csv/2898#110833723>		"uNisani"@nr	
"tammuz"@tr	<https://panlex.org/snapshot/panlex-20191001-csv/2898#110833869>				<https://panlex.org/snapshot/panlex-20191001-csv/2898#110833917>		"uThamuzi"@nr	
"tebet"@tr	<https://panlex.org/snapshot/panlex-20191001-csv/2898#110834370>				<https://panlex.org/snapshot/panlex-20191001-csv/2898#110834346>		"uThebhethi"@nr	
"sivan"@tr	<https://panlex.org/snapshot/panlex-20191001-csv/2898#110833821>				<https://panlex.org/snapshot/panlex-20191001-csv/2898#110833809>		"uSivana"@nr	
"Afrika"@tr	<https://panlex.org/snapshot/panlex-20191001-csv/2891#110853023>				<https://panlex.org/snapshot/panlex-20191001-csv/2891#110853075>		"Afrika"@nr	
