"keçi"@tr	<https://panlex.org/snapshot/panlex-20191001-csv/5947#84727467>				<https://panlex.org/snapshot/panlex-20191001-csv/5947#84727469>		"ohombo"@umb	
"beden"@tr	<https://panlex.org/snapshot/panlex-20191001-csv/5947#84655063>				<https://panlex.org/snapshot/panlex-20191001-csv/5947#84655065>		"etimba"@umb	
"kan"@tr	<https://panlex.org/snapshot/panlex-20191001-csv/5947#84729463>				<https://panlex.org/snapshot/panlex-20191001-csv/5947#84729465>		"osonde"@umb	
"köpek"@tr	<https://panlex.org/snapshot/panlex-20191001-csv/5947#84793053>				<https://panlex.org/snapshot/panlex-20191001-csv/5947#84793057>		"ombwa"@umb	
"su"@tr	<https://panlex.org/snapshot/panlex-20191001-csv/5947#84886571>				<https://panlex.org/snapshot/panlex-20191001-csv/5947#84886573>		"ovava"@umb	
"karaciğer"@tr	<https://panlex.org/snapshot/panlex-20191001-csv/5947#84895310>				<https://panlex.org/snapshot/panlex-20191001-csv/5947#84895312>		"omuma"@umb	
