"wäi"@apb	<https://panlex.org/snapshot/panlex-20191001-csv/12#850830>				<https://panlex.org/snapshot/panlex-20191001-csv/12#851050>		"kafo"@mlu	
"olo"@apb	<https://panlex.org/snapshot/panlex-20191001-csv/114#8055767>				<https://panlex.org/snapshot/panlex-20191001-csv/114#8056019>		"siisiu"@mlu	
"awe"@apb	<https://panlex.org/snapshot/panlex-20191001-csv/114#8053698>				<https://panlex.org/snapshot/panlex-20191001-csv/114#8053985>		"lae"@mlu	
"tala"@apb	<https://panlex.org/snapshot/panlex-20191001-csv/114#8054286>				<https://panlex.org/snapshot/panlex-20191001-csv/114#8054512>		"tala"@mlu	
"kolu-"@apb	<https://panlex.org/snapshot/panlex-20191001-csv/114#8057783>				<https://panlex.org/snapshot/panlex-20191001-csv/114#8058023>		"suli"@mlu	
"mäu|meuli"@apb	<https://panlex.org/snapshot/panlex-20191001-csv/114#8052202>				<https://panlex.org/snapshot/panlex-20191001-csv/114#8052423>		"mauli"@mlu	
"niho-"@apb	<https://panlex.org/snapshot/panlex-20191001-csv/114#8067072>				<https://panlex.org/snapshot/panlex-20191001-csv/114#8067342>		"lifo"@mlu	
"mwäsi"@apb	<https://panlex.org/snapshot/panlex-20191001-csv/114#8068140>				<https://panlex.org/snapshot/panlex-20191001-csv/114#8068398>		"waela"@mlu	
"mwäsi"@apb	<https://panlex.org/snapshot/panlex-20191001-csv/114#8068140>				<https://panlex.org/snapshot/panlex-20191001-csv/114#8068397>		"mwaela"@mlu	
"opwa-"@apb	<https://panlex.org/snapshot/panlex-20191001-csv/114#8058283>				<https://panlex.org/snapshot/panlex-20191001-csv/114#8058548>		"rake"@mlu	
"mea-"@apb	<https://panlex.org/snapshot/panlex-20191001-csv/114#8067622>				<https://panlex.org/snapshot/panlex-20191001-csv/114#8067869>		"mea"@mlu	
"ʔäpu-"@apb	<https://panlex.org/snapshot/panlex-20191001-csv/114#8062891>				<https://panlex.org/snapshot/panlex-20191001-csv/114#8063139>		"ʔambu"@mlu	
