"olo"@apb	<https://panlex.org/snapshot/panlex-20191001-csv/114#8055767>				<https://panlex.org/snapshot/panlex-20191001-csv/114#8055772>		"aŋaŋ"@aty	
"awe"@apb	<https://panlex.org/snapshot/panlex-20191001-csv/114#8053698>				<https://panlex.org/snapshot/panlex-20191001-csv/114#8053703>		"atŋa"@aty	
"tala"@apb	<https://panlex.org/snapshot/panlex-20191001-csv/114#8054286>				<https://panlex.org/snapshot/panlex-20191001-csv/114#8054289>		"nefalañ"@aty	
"kolu-"@apb	<https://panlex.org/snapshot/panlex-20191001-csv/114#8057783>				<https://panlex.org/snapshot/panlex-20191001-csv/114#8057788>		"inɤehe-"@aty	
"mäu|meuli"@apb	<https://panlex.org/snapshot/panlex-20191001-csv/114#8052202>				<https://panlex.org/snapshot/panlex-20191001-csv/114#8052206>		"inm̃awu-"@aty	
"niho-"@apb	<https://panlex.org/snapshot/panlex-20191001-csv/114#8067072>				<https://panlex.org/snapshot/panlex-20191001-csv/114#8067077>		"nijho-"@aty	
"mwäsi"@apb	<https://panlex.org/snapshot/panlex-20191001-csv/114#8068140>				<https://panlex.org/snapshot/panlex-20191001-csv/114#8068145>		"lav"@aty	
"opwa-"@apb	<https://panlex.org/snapshot/panlex-20191001-csv/114#8058283>				<https://panlex.org/snapshot/panlex-20191001-csv/114#8058288>		"nipjinetŋa-"@aty	
"mea-"@apb	<https://panlex.org/snapshot/panlex-20191001-csv/114#8067622>				<https://panlex.org/snapshot/panlex-20191001-csv/114#8067628>		"tooŋ"@aty	
"ŋara"@apb	<https://panlex.org/snapshot/panlex-20191001-csv/114#8068667>				<https://panlex.org/snapshot/panlex-20191001-csv/114#8068672>		"tañ"@aty	
"ʔäpu-"@apb	<https://panlex.org/snapshot/panlex-20191001-csv/114#8062891>				<https://panlex.org/snapshot/panlex-20191001-csv/114#8062896>		"inja"@aty	
