"wäi"@apb	<https://panlex.org/snapshot/panlex-20191001-csv/12#850830>				<https://panlex.org/snapshot/panlex-20191001-csv/12#851202>		"tati"@tox	
"wäi"@apb	<https://panlex.org/snapshot/panlex-20191001-csv/12#850830>				<https://panlex.org/snapshot/panlex-20191001-csv/12#851198>		"char"@tox	
"wäi"@apb	<https://panlex.org/snapshot/panlex-20191001-csv/12#850830>				<https://panlex.org/snapshot/panlex-20191001-csv/12#851200>		"taht"@tox	
"wäi"@apb	<https://panlex.org/snapshot/panlex-20191001-csv/12#850830>				<https://panlex.org/snapshot/panlex-20191001-csv/12#851201>		"tat"@tox	
"wäi"@apb	<https://panlex.org/snapshot/panlex-20191001-csv/12#850830>				<https://panlex.org/snapshot/panlex-20191001-csv/12#851199>		"tah'roo"@tox	
