"Mapudungun"@de	<https://panlex.org/snapshot/panlex-20191001-csv/6708#112318601>				<https://panlex.org/snapshot/panlex-20191001-csv/6708#112318593>		"Mapudungun"@arn	
"sechs"@de	<https://panlex.org/snapshot/panlex-20191001-csv/2131#11694940>				<https://panlex.org/snapshot/panlex-20191001-csv/2131#11694972>		"kayu"@arn	
"Herz"@de	<https://panlex.org/snapshot/panlex-20191001-csv/5940#81328392>				<https://panlex.org/snapshot/panlex-20191001-csv/5940#81328379>		"piwke"@arn	
"Ei"@de	<https://panlex.org/snapshot/panlex-20191001-csv/5939#80793020>				<https://panlex.org/snapshot/panlex-20191001-csv/5939#80793023>		"kuram"@arn	<https://panlex.org/Noun>
"Arbeiter"@de	<https://panlex.org/snapshot/panlex-20191001-csv/5939#80726043>				<https://panlex.org/snapshot/panlex-20191001-csv/5939#80726049>		"küzawfe"@arn	<https://panlex.org/Noun>
"Arbeiter"@de	<https://panlex.org/snapshot/panlex-20191001-csv/5939#80726043>				<https://panlex.org/snapshot/panlex-20191001-csv/5939#80726050>		"külfün"@arn	<https://panlex.org/Noun>
"Frühling"@de	<https://panlex.org/snapshot/panlex-20191001-csv/5939#80824508>				<https://panlex.org/snapshot/panlex-20191001-csv/5939#80824512>		"pewü"@arn	<https://panlex.org/Noun>
"Fischer"@de	<https://panlex.org/snapshot/panlex-20191001-csv/5939#80815866>				<https://panlex.org/snapshot/panlex-20191001-csv/5939#80815868>		"challwafe"@arn	<https://panlex.org/Noun>
"Großvater"@de	<https://panlex.org/snapshot/panlex-20191001-csv/5939#80846215>				<https://panlex.org/snapshot/panlex-20191001-csv/5939#80846218>		"laku"@arn	<https://panlex.org/Noun>
"Großvater"@de	<https://panlex.org/snapshot/panlex-20191001-csv/5939#80846215>				<https://panlex.org/snapshot/panlex-20191001-csv/5939#80846219>		"chezki"@arn	<https://panlex.org/Noun>
"Dieb"@de	<https://panlex.org/snapshot/panlex-20191001-csv/5939#80783848>				<https://panlex.org/snapshot/panlex-20191001-csv/5939#80783854>		"weñefe"@arn	<https://panlex.org/Noun>
"Gruß"@de	<https://panlex.org/snapshot/panlex-20191001-csv/5939#80846887>				<https://panlex.org/snapshot/panlex-20191001-csv/5939#80846888>		"chalichen"@arn	<https://panlex.org/Noun>
"Biene"@de	<https://panlex.org/snapshot/panlex-20191001-csv/5939#80754644>				<https://panlex.org/snapshot/panlex-20191001-csv/5939#80754648>		"zujiñ"@arn	<https://panlex.org/Noun>
"Ananas"@de	<https://panlex.org/snapshot/panlex-20191001-csv/5939#80717829>				<https://panlex.org/snapshot/panlex-20191001-csv/5939#80717832>		"cunche"@arn	<https://panlex.org/Noun>
"Absolutismus"@de	<https://panlex.org/snapshot/panlex-20191001-csv/5939#80704227>				<https://panlex.org/snapshot/panlex-20191001-csv/5939#80704228>		"yonduam"@arn	<https://panlex.org/Noun>
"Daumen"@de	<https://panlex.org/snapshot/panlex-20191001-csv/5939#80779656>				<https://panlex.org/snapshot/panlex-20191001-csv/5939#80779658>		"vutachangüll"@arn	<https://panlex.org/Noun>
"Spiegel"@de	<https://panlex.org/snapshot/panlex-20191001-csv/5946#84446160>				<https://panlex.org/snapshot/panlex-20191001-csv/5946#84446114>		"komütuwe"@arn	
"Haut"@de	<https://panlex.org/snapshot/panlex-20191001-csv/5946#84449077>				<https://panlex.org/snapshot/panlex-20191001-csv/5946#84449074>		"piele"@arn	
"Strom"@de	<https://panlex.org/snapshot/panlex-20191001-csv/5946#84449224>				<https://panlex.org/snapshot/panlex-20191001-csv/5946#84449208>		"râu"@arn	
"Strom"@de	<https://panlex.org/snapshot/panlex-20191001-csv/5946#84449224>				<https://panlex.org/snapshot/panlex-20191001-csv/5946#84449209>		"fluviu"@arn	
"Fluss"@de	<https://panlex.org/snapshot/panlex-20191001-csv/5946#84449225>				<https://panlex.org/snapshot/panlex-20191001-csv/5946#84449208>		"râu"@arn	
"Fluss"@de	<https://panlex.org/snapshot/panlex-20191001-csv/5946#84449225>				<https://panlex.org/snapshot/panlex-20191001-csv/5946#84449209>		"fluviu"@arn	
"Ströme"@de	<https://panlex.org/snapshot/panlex-20191001-csv/5946#84449226>				<https://panlex.org/snapshot/panlex-20191001-csv/5946#84449208>		"râu"@arn	
"Ströme"@de	<https://panlex.org/snapshot/panlex-20191001-csv/5946#84449226>				<https://panlex.org/snapshot/panlex-20191001-csv/5946#84449209>		"fluviu"@arn	
"Gott"@de	<https://panlex.org/snapshot/panlex-20191001-csv/5949#85302989>				<https://panlex.org/snapshot/panlex-20191001-csv/5949#85302957>		"elmapun"@arn	
"Gott"@de	<https://panlex.org/snapshot/panlex-20191001-csv/5949#85302989>				<https://panlex.org/snapshot/panlex-20191001-csv/5949#85302958>		"Günechen"@arn	
"Bus -ses"@de	<https://panlex.org/snapshot/panlex-20191001-csv/5949#85330485>				<https://panlex.org/snapshot/panlex-20191001-csv/5949#85330470>		"yechepeyüm"@arn	
"-se"@de	<https://panlex.org/snapshot/panlex-20191001-csv/5949#85330484>				<https://panlex.org/snapshot/panlex-20191001-csv/5949#85330470>		"yechepeyüm"@arn	
"Buch"@de	<https://panlex.org/snapshot/panlex-20191001-csv/5942#83282713>				<https://panlex.org/snapshot/panlex-20191001-csv/5942#83282696>		"chillka"@arn	
"Buch"@de	<https://panlex.org/snapshot/panlex-20191001-csv/5942#83282713>				<https://panlex.org/snapshot/panlex-20191001-csv/5942#83282695>		"lifro"@arn	
"violett"@de	<https://panlex.org/snapshot/panlex-20191001-csv/5942#83283545>				<https://panlex.org/snapshot/panlex-20191001-csv/5942#83283543>		"awawe"@arn	
"violett"@de	<https://panlex.org/snapshot/panlex-20191001-csv/5942#83283545>				<https://panlex.org/snapshot/panlex-20191001-csv/5942#83283542>		"koñoll"@arn	
"Thema"@de	<https://panlex.org/snapshot/panlex-20191001-csv/5942#83285735>				<https://panlex.org/snapshot/panlex-20191001-csv/5942#83285734>		"dungu"@arn	
"mitbringen"@de	<https://panlex.org/snapshot/panlex-20191001-csv/5942#83282623>				<https://panlex.org/snapshot/panlex-20191001-csv/5942#83282622>		"küpalün"@arn	
"hören"@de	<https://panlex.org/snapshot/panlex-20191001-csv/5942#83284144>				<https://panlex.org/snapshot/panlex-20191001-csv/5942#83284142>		"allkün"@arn	
"Poncho"@de	<https://panlex.org/snapshot/panlex-20191001-csv/5942#83284689>				<https://panlex.org/snapshot/panlex-20191001-csv/5942#83284688>		"makuñ"@arn	
"hinbringen"@de	<https://panlex.org/snapshot/panlex-20191001-csv/5942#83282624>				<https://panlex.org/snapshot/panlex-20191001-csv/5942#83282622>		"küpalün"@arn	
"Stern"@de	<https://panlex.org/snapshot/panlex-20191001-csv/5942#83281558>				<https://panlex.org/snapshot/panlex-20191001-csv/5942#83281549>		"wangüḻeṉ"@arn	
"Salz"@de	<https://panlex.org/snapshot/panlex-20191001-csv/5942#83285158>				<https://panlex.org/snapshot/panlex-20191001-csv/5942#83285154>		"chadi"@arn	
"fallen"@de	<https://panlex.org/snapshot/panlex-20191001-csv/5942#83279552>				<https://panlex.org/snapshot/panlex-20191001-csv/5942#83279547>		"llangkün"@arn	
"fallen"@de	<https://panlex.org/snapshot/panlex-20191001-csv/5942#83279552>				<https://panlex.org/snapshot/panlex-20191001-csv/5942#83279548>		"tranün"@arn	
"Sonne"@de	<https://panlex.org/snapshot/panlex-20191001-csv/5942#83285599>				<https://panlex.org/snapshot/panlex-20191001-csv/5942#83285597>		"aṉtü"@arn	
"Speer"@de	<https://panlex.org/snapshot/panlex-20191001-csv/5942#83282559>				<https://panlex.org/snapshot/panlex-20191001-csv/5942#83282554>		"wayki"@arn	
"Blut"@de	<https://panlex.org/snapshot/panlex-20191001-csv/5942#83285347>				<https://panlex.org/snapshot/panlex-20191001-csv/5942#83285336>		"mollfüñ"@arn	
"Daumen"@de	<https://panlex.org/snapshot/panlex-20191001-csv/9#480961>				<https://panlex.org/snapshot/panlex-20191001-csv/9#480954>		"vutachangüll"@arn	
"er"@de	<https://panlex.org/snapshot/panlex-20191001-csv/9#473826>				<https://panlex.org/snapshot/panlex-20191001-csv/9#473813>		"fey"@arn	
"zwanzig"@de	<https://panlex.org/snapshot/panlex-20191001-csv/9#491502>				<https://panlex.org/snapshot/panlex-20191001-csv/9#491494>		"epu mari"@arn	
"Jahreszeit"@de	<https://panlex.org/snapshot/panlex-20191001-csv/9#478351>				<https://panlex.org/snapshot/panlex-20191001-csv/9#478342>		"antü"@arn	
"Regenbogen"@de	<https://panlex.org/snapshot/panlex-20191001-csv/9#485511>				<https://panlex.org/snapshot/panlex-20191001-csv/9#485497>		"relmu"@arn	
"vier"@de	<https://panlex.org/snapshot/panlex-20191001-csv/9#490763>				<https://panlex.org/snapshot/panlex-20191001-csv/9#490752>		"meli"@arn	
"Großvater"@de	<https://panlex.org/snapshot/panlex-20191001-csv/9#479066>				<https://panlex.org/snapshot/panlex-20191001-csv/9#479059>		"laku"@arn	
"Frühling"@de	<https://panlex.org/snapshot/panlex-20191001-csv/9#478276>				<https://panlex.org/snapshot/panlex-20191001-csv/9#478262>		"pewü"@arn	
"dreißig"@de	<https://panlex.org/snapshot/panlex-20191001-csv/9#491556>				<https://panlex.org/snapshot/panlex-20191001-csv/9#491548>		"kyla mari"@arn	
"Sommer"@de	<https://panlex.org/snapshot/panlex-20191001-csv/9#478406>				<https://panlex.org/snapshot/panlex-20191001-csv/9#478392>		"walüg"@arn	
"Biene"@de	<https://panlex.org/snapshot/panlex-20191001-csv/9#479914>				<https://panlex.org/snapshot/panlex-20191001-csv/9#479904>		"zujiñ"@arn	
"Stadt"@de	<https://panlex.org/snapshot/panlex-20191001-csv/9#478174>				<https://panlex.org/snapshot/panlex-20191001-csv/9#478161>		"waria"@arn	
"drei"@de	<https://panlex.org/snapshot/panlex-20191001-csv/9#490692>				<https://panlex.org/snapshot/panlex-20191001-csv/9#490681>		"kyla"@arn	
"achtzehn"@de	<https://panlex.org/snapshot/panlex-20191001-csv/9#491455>				<https://panlex.org/snapshot/panlex-20191001-csv/9#491448>		"mari pura"@arn	
"Monat"@de	<https://panlex.org/snapshot/panlex-20191001-csv/9#479643>				<https://panlex.org/snapshot/panlex-20191001-csv/9#479628>		"cüyen"@arn	
"Monat"@de	<https://panlex.org/snapshot/panlex-20191001-csv/9#479643>				<https://panlex.org/snapshot/panlex-20191001-csv/9#479629>		"küyen"@arn	
"Stirn"@de	<https://panlex.org/snapshot/panlex-20191001-csv/9#487732>				<https://panlex.org/snapshot/panlex-20191001-csv/9#487720>		"tob"@arn	
"Ananas"@de	<https://panlex.org/snapshot/panlex-20191001-csv/9#484415>				<https://panlex.org/snapshot/panlex-20191001-csv/9#484406>		"cunche"@arn	
"Wasser"@de	<https://panlex.org/snapshot/panlex-20191001-csv/12#850891>				<https://panlex.org/snapshot/panlex-20191001-csv/12#850833>		"ko"@arn	
"zwo"@de	<https://panlex.org/snapshot/panlex-20191001-csv/8#107342>				<https://panlex.org/snapshot/panlex-20191001-csv/8#107313>		"epu"@arn	
"Schenkel"@de	<https://panlex.org/snapshot/panlex-20191001-csv/10#596862>				<https://panlex.org/snapshot/panlex-20191001-csv/10#596849>		"jike"@arn	
"Ebbe"@de	<https://panlex.org/snapshot/panlex-20191001-csv/1573#50087976>				<https://panlex.org/snapshot/panlex-20191001-csv/1573#50087956>		"arken-ko"@arn	
"Hügel"@de	<https://panlex.org/snapshot/panlex-20191001-csv/1573#50083536>				<https://panlex.org/snapshot/panlex-20191001-csv/1573#50083428>		"wiŋkul mapu"@arn	
"Meerbusen"@de	<https://panlex.org/snapshot/panlex-20191001-csv/1573#50087136>				<https://panlex.org/snapshot/panlex-20191001-csv/1573#50087107>		"ŋion l̯afken̯"@arn	
"Sand"@de	<https://panlex.org/snapshot/panlex-20191001-csv/1573#50083230>				<https://panlex.org/snapshot/panlex-20191001-csv/1573#50083168>		"kuyɨm"@arn	
"Dreck"@de	<https://panlex.org/snapshot/panlex-20191001-csv/1573#50082954>				<https://panlex.org/snapshot/panlex-20191001-csv/1573#50082879>		"foṭ͡ʀa"@arn	
"Gestade"@de	<https://panlex.org/snapshot/panlex-20191001-csv/1573#50085138>				<https://panlex.org/snapshot/panlex-20191001-csv/1573#50085064>		"l̯afken̯ mapu"@arn	
"Schlamm"@de	<https://panlex.org/snapshot/panlex-20191001-csv/1573#50082955>				<https://panlex.org/snapshot/panlex-20191001-csv/1573#50082879>		"foṭ͡ʀa"@arn	
"Staub"@de	<https://panlex.org/snapshot/panlex-20191001-csv/1573#50082669>				<https://panlex.org/snapshot/panlex-20191001-csv/1573#50082606>		"ṭ͡ʀufɨr"@arn	
"Baum"@de	<https://panlex.org/snapshot/panlex-20191001-csv/1573#50090001>				<https://panlex.org/snapshot/panlex-20191001-csv/1573#50089930>		"aliwen"@arn	
"Baum"@de	<https://panlex.org/snapshot/panlex-20191001-csv/1573#50090001>				<https://panlex.org/snapshot/panlex-20191001-csv/1573#50089931>		"mamɨlʸ"@arn	
"Erde"@de	<https://panlex.org/snapshot/panlex-20191001-csv/1573#50082356>				<https://panlex.org/snapshot/panlex-20191001-csv/1573#50082294>		"mapu"@arn	
"Erde"@de	<https://panlex.org/snapshot/panlex-20191001-csv/1573#50082038>				<https://panlex.org/snapshot/panlex-20191001-csv/1573#50081952>		"mapu"@arn	
"See"@de	<https://panlex.org/snapshot/panlex-20191001-csv/1573#50086937>				<https://panlex.org/snapshot/panlex-20191001-csv/1573#50086868>		"l̯afken̯"@arn	
"See"@de	<https://panlex.org/snapshot/panlex-20191001-csv/1573#50085954>				<https://panlex.org/snapshot/panlex-20191001-csv/1573#50085901>		"l̯afken̯"@arn	
"Meer"@de	<https://panlex.org/snapshot/panlex-20191001-csv/1573#50085953>				<https://panlex.org/snapshot/panlex-20191001-csv/1573#50085901>		"l̯afken̯"@arn	
"Insel"@de	<https://panlex.org/snapshot/panlex-20191001-csv/1573#50084743>				<https://panlex.org/snapshot/panlex-20191001-csv/1573#50084693>		"čaŋkiɲ"@arn	
"Insel"@de	<https://panlex.org/snapshot/panlex-20191001-csv/1573#50084743>				<https://panlex.org/snapshot/panlex-20191001-csv/1573#50084692>		"wapi"@arn	
"Strom"@de	<https://panlex.org/snapshot/panlex-20191001-csv/1573#50088303>				<https://panlex.org/snapshot/panlex-20191001-csv/1573#50088182>		"l̯ewfɨ"@arn	
"Himmel"@de	<https://panlex.org/snapshot/panlex-20191001-csv/1573#50091109>				<https://panlex.org/snapshot/panlex-20191001-csv/1573#50091038>		"wenu"@arn	
"Strand"@de	<https://panlex.org/snapshot/panlex-20191001-csv/1573#50085139>				<https://panlex.org/snapshot/panlex-20191001-csv/1573#50085064>		"l̯afken̯ mapu"@arn	
"Welt"@de	<https://panlex.org/snapshot/panlex-20191001-csv/1573#50081767>				<https://panlex.org/snapshot/panlex-20191001-csv/1573#50081702>		"mapu"@arn	
"Bach"@de	<https://panlex.org/snapshot/panlex-20191001-csv/1573#50088301>				<https://panlex.org/snapshot/panlex-20191001-csv/1573#50088182>		"l̯ewfɨ"@arn	
"Land"@de	<https://panlex.org/snapshot/panlex-20191001-csv/1573#50082039>				<https://panlex.org/snapshot/panlex-20191001-csv/1573#50081952>		"mapu"@arn	
"Ufer"@de	<https://panlex.org/snapshot/panlex-20191001-csv/1573#50085140>				<https://panlex.org/snapshot/panlex-20191001-csv/1573#50085064>		"l̯afken̯ mapu"@arn	
"Brunnen"@de	<https://panlex.org/snapshot/panlex-20191001-csv/1573#50088924>				<https://panlex.org/snapshot/panlex-20191001-csv/1573#50088830>		"rɨŋan-ko"@arn	
"Lagune"@de	<https://panlex.org/snapshot/panlex-20191001-csv/1573#50087285>				<https://panlex.org/snapshot/panlex-20191001-csv/1573#50087251>		"lawna"@arn	
"Fläche"@de	<https://panlex.org/snapshot/panlex-20191001-csv/1573#50084225>				<https://panlex.org/snapshot/panlex-20191001-csv/1573#50084129>		"keṭ͡ʀawe"@arn	
"Landzunge"@de	<https://panlex.org/snapshot/panlex-20191001-csv/1573#50087511>				<https://panlex.org/snapshot/panlex-20191001-csv/1573#50087488>		"ṭ͡ʀoy mapu"@arn	
"Bucht"@de	<https://panlex.org/snapshot/panlex-20191001-csv/1573#50087134>				<https://panlex.org/snapshot/panlex-20191001-csv/1573#50087107>		"ŋion l̯afken̯"@arn	
"Fels"@de	<https://panlex.org/snapshot/panlex-20191001-csv/1573#50090550>				<https://panlex.org/snapshot/panlex-20191001-csv/1573#50090452>		"kura"@arn	
"Gezeiten"@de	<https://panlex.org/snapshot/panlex-20191001-csv/1573#50087882>				<https://panlex.org/snapshot/panlex-20191001-csv/1573#50087854>		"ṭ͡ʀipa-ko"@arn	
"Sumpf"@de	<https://panlex.org/snapshot/panlex-20191001-csv/1573#50089262>				<https://panlex.org/snapshot/panlex-20191001-csv/1573#50089199>		"foṭ͡ʀa-ntu"@arn	
"Festland"@de	<https://panlex.org/snapshot/panlex-20191001-csv/1573#50084944>				<https://panlex.org/snapshot/panlex-20191001-csv/1573#50084907>		"fɨta mapu"@arn	
"Wasserfall"@de	<https://panlex.org/snapshot/panlex-20191001-csv/1573#50089504>				<https://panlex.org/snapshot/panlex-20191001-csv/1573#50089454>		"ṭ͡ʀayen"@arn	
"Ebene"@de	<https://panlex.org/snapshot/panlex-20191001-csv/1573#50084223>				<https://panlex.org/snapshot/panlex-20191001-csv/1573#50084129>		"keṭ͡ʀawe"@arn	
"Holz"@de	<https://panlex.org/snapshot/panlex-20191001-csv/1573#50090253>				<https://panlex.org/snapshot/panlex-20191001-csv/1573#50090186>		"mamɨlʸ"@arn	
"Wasser"@de	<https://panlex.org/snapshot/panlex-20191001-csv/1573#50085701>				<https://panlex.org/snapshot/panlex-20191001-csv/1573#50085637>		"ko"@arn	
"Stein"@de	<https://panlex.org/snapshot/panlex-20191001-csv/1573#50090551>				<https://panlex.org/snapshot/panlex-20191001-csv/1573#50090452>		"kura"@arn	
"Klippe"@de	<https://panlex.org/snapshot/panlex-20191001-csv/1573#50083928>				<https://panlex.org/snapshot/panlex-20191001-csv/1573#50083835>		"lil"@arn	
"Höhle"@de	<https://panlex.org/snapshot/panlex-20191001-csv/1573#50085453>				<https://panlex.org/snapshot/panlex-20191001-csv/1573#50085398>		"lolo"@arn	
"Woge"@de	<https://panlex.org/snapshot/panlex-20191001-csv/1573#50087685>				<https://panlex.org/snapshot/panlex-20191001-csv/1573#50087624>		"reu"@arn	
"Welle"@de	<https://panlex.org/snapshot/panlex-20191001-csv/1573#50087684>				<https://panlex.org/snapshot/panlex-20191001-csv/1573#50087624>		"reu"@arn	
"Quelle"@de	<https://panlex.org/snapshot/panlex-20191001-csv/1573#50088925>				<https://panlex.org/snapshot/panlex-20191001-csv/1573#50088830>		"rɨŋan-ko"@arn	
"Erdbeben"@de	<https://panlex.org/snapshot/panlex-20191001-csv/1573#50090902>				<https://panlex.org/snapshot/panlex-20191001-csv/1573#50090851>		"nɨyɨn"@arn	
"Golf"@de	<https://panlex.org/snapshot/panlex-20191001-csv/1573#50087135>				<https://panlex.org/snapshot/panlex-20191001-csv/1573#50087107>		"ŋion l̯afken̯"@arn	
"Wirbel"@de	<https://panlex.org/snapshot/panlex-20191001-csv/1573#50088682>				<https://panlex.org/snapshot/panlex-20191001-csv/1573#50088635>		"pewɨl̯"@arn	
"Wald"@de	<https://panlex.org/snapshot/panlex-20191001-csv/1573#50089709>				<https://panlex.org/snapshot/panlex-20191001-csv/1573#50089642>		"mawiθa"@arn	
"Ozean"@de	<https://panlex.org/snapshot/panlex-20191001-csv/1573#50086734>				<https://panlex.org/snapshot/panlex-20191001-csv/1573#50086689>		"l̯afken̯"@arn	
"Riff"@de	<https://panlex.org/snapshot/panlex-20191001-csv/1573#50087409>				<https://panlex.org/snapshot/panlex-20191001-csv/1573#50087388>		"lil"@arn	
"Strudel"@de	<https://panlex.org/snapshot/panlex-20191001-csv/1573#50088681>				<https://panlex.org/snapshot/panlex-20191001-csv/1573#50088635>		"pewɨl̯"@arn	
"Morast"@de	<https://panlex.org/snapshot/panlex-20191001-csv/1573#50089261>				<https://panlex.org/snapshot/panlex-20191001-csv/1573#50089199>		"foṭ͡ʀa-ntu"@arn	
"Fluss"@de	<https://panlex.org/snapshot/panlex-20191001-csv/1573#50088302>				<https://panlex.org/snapshot/panlex-20191001-csv/1573#50088182>		"l̯ewfɨ"@arn	
"Boden"@de	<https://panlex.org/snapshot/panlex-20191001-csv/1573#50082355>				<https://panlex.org/snapshot/panlex-20191001-csv/1573#50082294>		"mapu"@arn	
"Bai"@de	<https://panlex.org/snapshot/panlex-20191001-csv/1573#50087133>				<https://panlex.org/snapshot/panlex-20191001-csv/1573#50087107>		"ŋion l̯afken̯"@arn	
"Feld"@de	<https://panlex.org/snapshot/panlex-20191001-csv/1573#50084224>				<https://panlex.org/snapshot/panlex-20191001-csv/1573#50084129>		"keṭ͡ʀawe"@arn	
"Sonne"@de	<https://panlex.org/snapshot/panlex-20191001-csv/1573#50091354>				<https://panlex.org/snapshot/panlex-20191001-csv/1573#50091291>		"an̯tɨ"@arn	
"Weltmeer"@de	<https://panlex.org/snapshot/panlex-20191001-csv/1573#50086735>				<https://panlex.org/snapshot/panlex-20191001-csv/1573#50086689>		"l̯afken̯"@arn	
"Schaum"@de	<https://panlex.org/snapshot/panlex-20191001-csv/1573#50086523>				<https://panlex.org/snapshot/panlex-20191001-csv/1573#50086472>		"čiway"@arn	
"Berg"@de	<https://panlex.org/snapshot/panlex-20191001-csv/1573#50083535>				<https://panlex.org/snapshot/panlex-20191001-csv/1573#50083428>		"wiŋkul mapu"@arn	
"Tal"@de	<https://panlex.org/snapshot/panlex-20191001-csv/1573#50084531>				<https://panlex.org/snapshot/panlex-20191001-csv/1573#50084472>		"lʸoθko mapu"@arn	
"Zehe"@de	<https://panlex.org/snapshot/panlex-20191001-csv/3776#91672296>				<https://panlex.org/snapshot/panlex-20191001-csv/3776#91672282>		"cagvjhamuh"@arn	
"Kuchen"@de	<https://panlex.org/snapshot/panlex-20191001-csv/3776#91656714>				<https://panlex.org/snapshot/panlex-20191001-csv/3776#91656704>		"kochü kofke"@arn	
"sagen"@de	<https://panlex.org/snapshot/panlex-20191001-csv/3776#91678680>				<https://panlex.org/snapshot/panlex-20191001-csv/3776#91678669>		"pin"@arn	
"Hirsch"@de	<https://panlex.org/snapshot/panlex-20191001-csv/3776#91591180>				<https://panlex.org/snapshot/panlex-20191001-csv/3776#91591160>		"wemül"@arn	
"Fußknöchel"@de	<https://panlex.org/snapshot/panlex-20191001-csv/3776#91734849>				<https://panlex.org/snapshot/panlex-20191001-csv/3776#91734832>		"palipalihamuh"@arn	
"Wasser"@de	<https://panlex.org/snapshot/panlex-20191001-csv/11#787533>				<https://panlex.org/snapshot/panlex-20191001-csv/11#787476>		"ko"@arn	
