"Hunde"@de	<https://panlex.org/snapshot/panlex-20191001-csv/12#853805>				<https://panlex.org/snapshot/panlex-20191001-csv/12#853848>		"kûç"@kun	
"Hunde"@de	<https://panlex.org/snapshot/panlex-20191001-csv/12#853805>				<https://panlex.org/snapshot/panlex-20191001-csv/12#853849>		"kûçik"@kun	
"Hunde"@de	<https://panlex.org/snapshot/panlex-20191001-csv/12#853805>				<https://panlex.org/snapshot/panlex-20191001-csv/12#853850>		"se"@kun	
"Hund"@de	<https://panlex.org/snapshot/panlex-20191001-csv/12#853804>				<https://panlex.org/snapshot/panlex-20191001-csv/12#853848>		"kûç"@kun	
"Hund"@de	<https://panlex.org/snapshot/panlex-20191001-csv/12#853804>				<https://panlex.org/snapshot/panlex-20191001-csv/12#853849>		"kûçik"@kun	
"Hund"@de	<https://panlex.org/snapshot/panlex-20191001-csv/12#853804>				<https://panlex.org/snapshot/panlex-20191001-csv/12#853850>		"se"@kun	
"jetzt"@de	<https://panlex.org/snapshot/panlex-20191001-csv/8#117002>				<https://panlex.org/snapshot/panlex-20191001-csv/8#117023>		"emiskua"@kun	
"Schlange"@de	<https://panlex.org/snapshot/panlex-20191001-csv/8#160276>				<https://panlex.org/snapshot/panlex-20191001-csv/8#160302>		"naibe"@kun	
