"Dame"@de	<https://panlex.org/snapshot/panlex-20191001-csv/6712#111098656>				<https://panlex.org/snapshot/panlex-20191001-csv/6712#111098544>		"وزير"@pst	
"König"@de	<https://panlex.org/snapshot/panlex-20191001-csv/6712#111098491>				<https://panlex.org/snapshot/panlex-20191001-csv/6712#111098409>		"پاچا"@pst	
"Springer"@de	<https://panlex.org/snapshot/panlex-20191001-csv/6712#111099124>				<https://panlex.org/snapshot/panlex-20191001-csv/6712#111099082>		"آس"@pst	
"Schach"@de	<https://panlex.org/snapshot/panlex-20191001-csv/6712#111099329>				<https://panlex.org/snapshot/panlex-20191001-csv/6712#111099450>		"شطرنج"@pst	
"Turm"@de	<https://panlex.org/snapshot/panlex-20191001-csv/6712#111098760>				<https://panlex.org/snapshot/panlex-20191001-csv/6712#111098778>		"کلا"@pst	
"Bauer"@de	<https://panlex.org/snapshot/panlex-20191001-csv/6712#111099253>				<https://panlex.org/snapshot/panlex-20191001-csv/6712#111099291>		"پياده"@pst	
"Läufer"@de	<https://panlex.org/snapshot/panlex-20191001-csv/6712#111098940>				<https://panlex.org/snapshot/panlex-20191001-csv/6712#111098941>		"پيل"@pst	
"Papſt Benedikt ⅩⅥ."@de	<https://panlex.org/snapshot/panlex-20191001-csv/6717#111107365>				<https://panlex.org/snapshot/panlex-20191001-csv/6717#111107376>		"پاپ بېنيډيکټ شپاړسم"@pst	
"Römisch-katholische Kirche"@de	<https://panlex.org/snapshot/panlex-20191001-csv/6717#111107730>				<https://panlex.org/snapshot/panlex-20191001-csv/6717#111107723>		"د روم کاتوليک کليسا"@pst	
"Papst Benedikt ⅩⅥ."@de	<https://panlex.org/snapshot/panlex-20191001-csv/6717#111107425>				<https://panlex.org/snapshot/panlex-20191001-csv/6717#111107376>		"پاپ بېنيډيکټ شپاړسم"@pst	
"Römiſch-katholiſche Kirche"@de	<https://panlex.org/snapshot/panlex-20191001-csv/6717#111107609>				<https://panlex.org/snapshot/panlex-20191001-csv/6717#111107723>		"د روم کاتوليک کليسا"@pst	
"Renaissance"@de	<https://panlex.org/snapshot/panlex-20191001-csv/6709#111076826>				<https://panlex.org/snapshot/panlex-20191001-csv/6709#111076957>		"رنسانس"@pst	
"Erster Weltkrieg"@de	<https://panlex.org/snapshot/panlex-20191001-csv/6709#111077396>				<https://panlex.org/snapshot/panlex-20191001-csv/6709#111077361>		"لومړۍ نړيوال جنګ"@pst	
"Erſter Weltkrieg"@de	<https://panlex.org/snapshot/panlex-20191001-csv/6709#111077362>				<https://panlex.org/snapshot/panlex-20191001-csv/6709#111077361>		"لومړۍ نړيوال جنګ"@pst	
"Kreuzzüge"@de	<https://panlex.org/snapshot/panlex-20191001-csv/6709#111076647>				<https://panlex.org/snapshot/panlex-20191001-csv/6709#111076667>		"صليبي جګړونه"@pst	
"Industrielle Revolution"@de	<https://panlex.org/snapshot/panlex-20191001-csv/6709#111077186>				<https://panlex.org/snapshot/panlex-20191001-csv/6709#111077173>		"صنعتي انقلاب"@pst	
"Renaiſſance"@de	<https://panlex.org/snapshot/panlex-20191001-csv/6709#111076841>				<https://panlex.org/snapshot/panlex-20191001-csv/6709#111076957>		"رنسانس"@pst	
"Induſtrielle Revolution"@de	<https://panlex.org/snapshot/panlex-20191001-csv/6709#111077201>				<https://panlex.org/snapshot/panlex-20191001-csv/6709#111077173>		"صنعتي انقلاب"@pst	
"Zeitalter der Aufklärung"@de	<https://panlex.org/snapshot/panlex-20191001-csv/6709#111077070>				<https://panlex.org/snapshot/panlex-20191001-csv/6709#111076960>		"روښانونه"@pst	
"Mittelalter"@de	<https://panlex.org/snapshot/panlex-20191001-csv/6709#111076408>				<https://panlex.org/snapshot/panlex-20191001-csv/6709#111076414>		"منځنۍ پېړۍ"@pst	
"Zweiter Weltkrieg"@de	<https://panlex.org/snapshot/panlex-20191001-csv/6709#111077538>				<https://panlex.org/snapshot/panlex-20191001-csv/6709#111077631>		"دويم نړيوال جنګ"@pst	
"Der Name der Rose"@de	<https://panlex.org/snapshot/panlex-20191001-csv/6710#111083381>				<https://panlex.org/snapshot/panlex-20191001-csv/6710#111083306>		"د ګلاب نوم"@pst	
"Tauſendundeine Nacht"@de	<https://panlex.org/snapshot/panlex-20191001-csv/6710#111082810>				<https://panlex.org/snapshot/panlex-20191001-csv/6710#111082900>		"زر او يوه شپه"@pst	
"Der kleine Prinz"@de	<https://panlex.org/snapshot/panlex-20191001-csv/6710#111082998>				<https://panlex.org/snapshot/panlex-20191001-csv/6710#111083068>		"کوچنۍ شاهزاده"@pst	
"Krieg und Frieden"@de	<https://panlex.org/snapshot/panlex-20191001-csv/6710#111083750>				<https://panlex.org/snapshot/panlex-20191001-csv/6710#111083669>		"جګړه او سوله"@pst	
"Der Name der Roſe"@de	<https://panlex.org/snapshot/panlex-20191001-csv/6710#111083378>				<https://panlex.org/snapshot/panlex-20191001-csv/6710#111083306>		"د ګلاب نوم"@pst	
"Tausendundeine Nacht"@de	<https://panlex.org/snapshot/panlex-20191001-csv/6710#111082794>				<https://panlex.org/snapshot/panlex-20191001-csv/6710#111082900>		"زر او يوه شپه"@pst	
"Der zweite Brief an Timotheus"@de	<https://panlex.org/snapshot/panlex-20191001-csv/6726#111132961>				<https://panlex.org/snapshot/panlex-20191001-csv/6726#111133021>		"د تيموتيوس په نوم د پولوس رسول دويم خط"@pst	
"Die Apoſtelgeſchichte"@de	<https://panlex.org/snapshot/panlex-20191001-csv/6726#111131144>				<https://panlex.org/snapshot/panlex-20191001-csv/6726#111131119>		"اعمال د رسولانو"@pst	
"Der zweite Brief an die Thessalonicher"@de	<https://panlex.org/snapshot/panlex-20191001-csv/6726#111132706>				<https://panlex.org/snapshot/panlex-20191001-csv/6726#111132603>		"د تسالونيکيانو په نوم د پولوس رسول دويم خط"@pst	
"Der erste Brief des Petrus"@de	<https://panlex.org/snapshot/panlex-20191001-csv/6726#111133840>				<https://panlex.org/snapshot/panlex-20191001-csv/6726#111133758>		"د پطروس رسول اول خط"@pst	
"Der zweite Brief des Petrus"@de	<https://panlex.org/snapshot/panlex-20191001-csv/6726#111133989>				<https://panlex.org/snapshot/panlex-20191001-csv/6726#111133929>		"د پطروس رسول دويم خط"@pst	
"Der erſte Brief des Petrus"@de	<https://panlex.org/snapshot/panlex-20191001-csv/6726#111133768>				<https://panlex.org/snapshot/panlex-20191001-csv/6726#111133758>		"د پطروس رسول اول خط"@pst	
"Das Evangelium nach Matthäus"@de	<https://panlex.org/snapshot/panlex-20191001-csv/6726#111130514>				<https://panlex.org/snapshot/panlex-20191001-csv/6726#111130616>		"د متىٰ په مطابق د مالک عيسىٰ مسيح زيرې"@pst	
"Der erſte Brief an die Theſſalonicher"@de	<https://panlex.org/snapshot/panlex-20191001-csv/6726#111132527>				<https://panlex.org/snapshot/panlex-20191001-csv/6726#111132448>		"د تسالونيکيانو په نوم د پولوس رسول اول خط"@pst	
"Der zweite Brief des Johannes"@de	<https://panlex.org/snapshot/panlex-20191001-csv/6726#111134362>				<https://panlex.org/snapshot/panlex-20191001-csv/6726#111134291>		"د يوحنا رسول دويم خط"@pst	
"Der Brief an die Epheſer"@de	<https://panlex.org/snapshot/panlex-20191001-csv/6726#111132021>				<https://panlex.org/snapshot/panlex-20191001-csv/6726#111131956>		"د افسيانو په نوم د پولوس رسول خط"@pst	
"Das Evangelium nach Lukas"@de	<https://panlex.org/snapshot/panlex-20191001-csv/6726#111130799>				<https://panlex.org/snapshot/panlex-20191001-csv/6726#111130943>		"د لوقا په مطابق د مالک عيسىٰ مسيح زيرې"@pst	
"Der erste Brief an die Korinther"@de	<https://panlex.org/snapshot/panlex-20191001-csv/6726#111131591>				<https://panlex.org/snapshot/panlex-20191001-csv/6726#111131482>		"د کورنتيانو په نوم د پولوس رسول اول خط"@pst	
"Der Brief an die Römer"@de	<https://panlex.org/snapshot/panlex-20191001-csv/6726#111131348>				<https://panlex.org/snapshot/panlex-20191001-csv/6726#111131343>		"د روميانو په نوم د پولوس رسول خط"@pst	
"Der Brief an Philemon"@de	<https://panlex.org/snapshot/panlex-20191001-csv/6726#111133391>				<https://panlex.org/snapshot/panlex-20191001-csv/6726#111133357>		"د فيليمون په نوم د پولوس رسول خط"@pst	
"Das Evangelium nach Johannes"@de	<https://panlex.org/snapshot/panlex-20191001-csv/6726#111131002>				<https://panlex.org/snapshot/panlex-20191001-csv/6726#111131012>		"د يوحنا په مطابق د مالک عيسىٰ مسيح زيرې"@pst	
"Der Brief des Judas"@de	<https://panlex.org/snapshot/panlex-20191001-csv/6726#111134561>				<https://panlex.org/snapshot/panlex-20191001-csv/6726#111134574>		"د يهوداه خط"@pst	
"Die Apostelgeschichte"@de	<https://panlex.org/snapshot/panlex-20191001-csv/6726#111131255>				<https://panlex.org/snapshot/panlex-20191001-csv/6726#111131119>		"اعمال د رسولانو"@pst	
"Der erſte Brief an die Korinther"@de	<https://panlex.org/snapshot/panlex-20191001-csv/6726#111131502>				<https://panlex.org/snapshot/panlex-20191001-csv/6726#111131482>		"د کورنتيانو په نوم د پولوس رسول اول خط"@pst	
"Neues Testament"@de	<https://panlex.org/snapshot/panlex-20191001-csv/6726#111134983>				<https://panlex.org/snapshot/panlex-20191001-csv/6726#111134966>		"نوې لوظ نامه"@pst	
"Neues Teſtament"@de	<https://panlex.org/snapshot/panlex-20191001-csv/6726#111134885>				<https://panlex.org/snapshot/panlex-20191001-csv/6726#111134966>		"نوې لوظ نامه"@pst	
"Der erste Brief an die Thessalonicher"@de	<https://panlex.org/snapshot/panlex-20191001-csv/6726#111132556>				<https://panlex.org/snapshot/panlex-20191001-csv/6726#111132448>		"د تسالونيکيانو په نوم د پولوس رسول اول خط"@pst	
"Der Brief des Jakobus"@de	<https://panlex.org/snapshot/panlex-20191001-csv/6726#111133604>				<https://panlex.org/snapshot/panlex-20191001-csv/6726#111133630>		"د يعقوب عام خط"@pst	
"Der Brief an die Epheser"@de	<https://panlex.org/snapshot/panlex-20191001-csv/6726#111132035>				<https://panlex.org/snapshot/panlex-20191001-csv/6726#111131956>		"د افسيانو په نوم د پولوس رسول خط"@pst	
"Der erſte Brief des Johannes"@de	<https://panlex.org/snapshot/panlex-20191001-csv/6726#111134097>				<https://panlex.org/snapshot/panlex-20191001-csv/6726#111134125>		"د يوحنا رسول اول خط"@pst	
"Der Brief an die Philipper"@de	<https://panlex.org/snapshot/panlex-20191001-csv/6726#111132112>				<https://panlex.org/snapshot/panlex-20191001-csv/6726#111132129>		"د فيليپيانو په نوم د پولوس رسول خط"@pst	
"Der erste Brief an Timotheus"@de	<https://panlex.org/snapshot/panlex-20191001-csv/6726#111132888>				<https://panlex.org/snapshot/panlex-20191001-csv/6726#111132840>		"د تيموتيوس په نوم د پولوس رسول اول خط"@pst	
"Der zweite Brief an die Korinther"@de	<https://panlex.org/snapshot/panlex-20191001-csv/6726#111131614>				<https://panlex.org/snapshot/panlex-20191001-csv/6726#111131695>		"د کورنتيانو په نوم د پولوس رسول دويم خط"@pst	
"Der Brief an Titus"@de	<https://panlex.org/snapshot/panlex-20191001-csv/6726#111133217>				<https://panlex.org/snapshot/panlex-20191001-csv/6726#111133109>		"د تيطوس په نوم د پولوس رسول خط"@pst	
"Der erſte Brief an Timotheus"@de	<https://panlex.org/snapshot/panlex-20191001-csv/6726#111132828>				<https://panlex.org/snapshot/panlex-20191001-csv/6726#111132840>		"د تيموتيوس په نوم د پولوس رسول اول خط"@pst	
"Der zweite Brief an die Theſſalonicher"@de	<https://panlex.org/snapshot/panlex-20191001-csv/6726#111132667>				<https://panlex.org/snapshot/panlex-20191001-csv/6726#111132603>		"د تسالونيکيانو په نوم د پولوس رسول دويم خط"@pst	
"Der Brief an die Hebräer"@de	<https://panlex.org/snapshot/panlex-20191001-csv/6726#111133545>				<https://panlex.org/snapshot/panlex-20191001-csv/6726#111133517>		"د عبرانيانو په نوم خط"@pst	
"Der Brief an die Kolosser"@de	<https://panlex.org/snapshot/panlex-20191001-csv/6726#111132274>				<https://panlex.org/snapshot/panlex-20191001-csv/6726#111132324>		"د کولوسيانو په نوم د پولوس رسول خط"@pst	
"Der Brief an die Koloſſer"@de	<https://panlex.org/snapshot/panlex-20191001-csv/6726#111132321>				<https://panlex.org/snapshot/panlex-20191001-csv/6726#111132324>		"د کولوسيانو په نوم د پولوس رسول خط"@pst	
"Die Offenbarung des Johannes"@de	<https://panlex.org/snapshot/panlex-20191001-csv/6726#111134742>				<https://panlex.org/snapshot/panlex-20191001-csv/6726#111134865>		"د يوحنا مکاشفات"@pst	
"Der Brief an die Galater"@de	<https://panlex.org/snapshot/panlex-20191001-csv/6726#111131921>				<https://panlex.org/snapshot/panlex-20191001-csv/6726#111131821>		"د ګلتيانو په نوم د پولوس رسول خط"@pst	
"Das Evangelium nach Markus"@de	<https://panlex.org/snapshot/panlex-20191001-csv/6726#111130669>				<https://panlex.org/snapshot/panlex-20191001-csv/6726#111130627>		"د مرقوس په مطابق د مالک عيسىٰ مسيح زيرې"@pst	
"Der erste Brief des Johannes"@de	<https://panlex.org/snapshot/panlex-20191001-csv/6726#111134167>				<https://panlex.org/snapshot/panlex-20191001-csv/6726#111134125>		"د يوحنا رسول اول خط"@pst	
"Der dritte Brief des Johannes"@de	<https://panlex.org/snapshot/panlex-20191001-csv/6726#111134506>				<https://panlex.org/snapshot/panlex-20191001-csv/6726#111134414>		"د يوحنا رسول دريم خط"@pst	
"Biologie"@de	<https://panlex.org/snapshot/panlex-20191001-csv/2904#111022219>				<https://panlex.org/snapshot/panlex-20191001-csv/2904#111022294>		"بيولوژي"@pst	
"Biologie"@de	<https://panlex.org/snapshot/panlex-20191001-csv/2904#111022219>				<https://panlex.org/snapshot/panlex-20191001-csv/2904#111022159>		"ژواکپېژندنه"@pst	
"Philosophie"@de	<https://panlex.org/snapshot/panlex-20191001-csv/2904#111023968>				<https://panlex.org/snapshot/panlex-20191001-csv/2904#111023777>		"فلسفه"@pst	
"Erdkunde"@de	<https://panlex.org/snapshot/panlex-20191001-csv/2904#111022616>				<https://panlex.org/snapshot/panlex-20191001-csv/2904#111022648>		"جغرافيه"@pst	
"Erdkunde"@de	<https://panlex.org/snapshot/panlex-20191001-csv/2904#111022616>				<https://panlex.org/snapshot/panlex-20191001-csv/2904#111022796>		"ځمک انځورنه"@pst	
"Medizin"@de	<https://panlex.org/snapshot/panlex-20191001-csv/2904#111023588>				<https://panlex.org/snapshot/panlex-20191001-csv/2904#111023554>		"طبابت"@pst	
"Physik"@de	<https://panlex.org/snapshot/panlex-20191001-csv/2904#111024175>				<https://panlex.org/snapshot/panlex-20191001-csv/2904#111024151>		"فزيک"@pst	
"Hochſchule"@de	<https://panlex.org/snapshot/panlex-20191001-csv/2904#111024637>				<https://panlex.org/snapshot/panlex-20191001-csv/2904#111024445>		"پوهنتون"@pst	
"Chemie"@de	<https://panlex.org/snapshot/panlex-20191001-csv/2904#111022526>				<https://panlex.org/snapshot/panlex-20191001-csv/2904#111022479>		"کيميا"@pst	
"Univerſität"@de	<https://panlex.org/snapshot/panlex-20191001-csv/2904#111024446>				<https://panlex.org/snapshot/panlex-20191001-csv/2904#111024445>		"پوهنتون"@pst	
"Hochschule"@de	<https://panlex.org/snapshot/panlex-20191001-csv/2904#111024478>				<https://panlex.org/snapshot/panlex-20191001-csv/2904#111024445>		"پوهنتون"@pst	
"Philoſophie"@de	<https://panlex.org/snapshot/panlex-20191001-csv/2904#111023811>				<https://panlex.org/snapshot/panlex-20191001-csv/2904#111023777>		"فلسفه"@pst	
"Mathematik"@de	<https://panlex.org/snapshot/panlex-20191001-csv/2904#111023396>				<https://panlex.org/snapshot/panlex-20191001-csv/2904#111023496>		"رياضيات"@pst	
"Linguistik"@de	<https://panlex.org/snapshot/panlex-20191001-csv/2904#111023124>				<https://panlex.org/snapshot/panlex-20191001-csv/2904#111023070>		"ژبپوهنه"@pst	
"Wissenschaft"@de	<https://panlex.org/snapshot/panlex-20191001-csv/2904#111024267>				<https://panlex.org/snapshot/panlex-20191001-csv/2904#111024352>		"ساينس"@pst	
"Wissenschaft"@de	<https://panlex.org/snapshot/panlex-20191001-csv/2904#111024267>				<https://panlex.org/snapshot/panlex-20191001-csv/2904#111024295>		"پوهه"@pst	
"Geschichte"@de	<https://panlex.org/snapshot/panlex-20191001-csv/2904#111022871>				<https://panlex.org/snapshot/panlex-20191001-csv/2904#111022840>		"تاريخ"@pst	
"Architektur"@de	<https://panlex.org/snapshot/panlex-20191001-csv/2904#111021738>				<https://panlex.org/snapshot/panlex-20191001-csv/2904#111021881>		"معماري"@pst	
"Architektur"@de	<https://panlex.org/snapshot/panlex-20191001-csv/2904#111021738>				<https://panlex.org/snapshot/panlex-20191001-csv/2904#111021715>		"مهندسي"@pst	
"Astronomie"@de	<https://panlex.org/snapshot/panlex-20191001-csv/2904#111021976>				<https://panlex.org/snapshot/panlex-20191001-csv/2904#111021919>		"ستورپوهنه"@pst	
"Universität"@de	<https://panlex.org/snapshot/panlex-20191001-csv/2904#111024587>				<https://panlex.org/snapshot/panlex-20191001-csv/2904#111024445>		"پوهنتون"@pst	
"Phyſik"@de	<https://panlex.org/snapshot/panlex-20191001-csv/2904#111024167>				<https://panlex.org/snapshot/panlex-20191001-csv/2904#111024151>		"فزيک"@pst	
"Linguiſtik"@de	<https://panlex.org/snapshot/panlex-20191001-csv/2904#111023133>				<https://panlex.org/snapshot/panlex-20191001-csv/2904#111023070>		"ژبپوهنه"@pst	
"Geografie"@de	<https://panlex.org/snapshot/panlex-20191001-csv/2904#111022723>				<https://panlex.org/snapshot/panlex-20191001-csv/2904#111022648>		"جغرافيه"@pst	
"Geografie"@de	<https://panlex.org/snapshot/panlex-20191001-csv/2904#111022723>				<https://panlex.org/snapshot/panlex-20191001-csv/2904#111022796>		"ځمک انځورنه"@pst	
"Wiſſenſchaft"@de	<https://panlex.org/snapshot/panlex-20191001-csv/2904#111024419>				<https://panlex.org/snapshot/panlex-20191001-csv/2904#111024352>		"ساينس"@pst	
"Wiſſenſchaft"@de	<https://panlex.org/snapshot/panlex-20191001-csv/2904#111024419>				<https://panlex.org/snapshot/panlex-20191001-csv/2904#111024295>		"پوهه"@pst	
"Geſchichte"@de	<https://panlex.org/snapshot/panlex-20191001-csv/2904#111022839>				<https://panlex.org/snapshot/panlex-20191001-csv/2904#111022840>		"تاريخ"@pst	
"Sprachwissenschaft"@de	<https://panlex.org/snapshot/panlex-20191001-csv/2904#111023273>				<https://panlex.org/snapshot/panlex-20191001-csv/2904#111023070>		"ژبپوهنه"@pst	
"Aſtronomie"@de	<https://panlex.org/snapshot/panlex-20191001-csv/2904#111021982>				<https://panlex.org/snapshot/panlex-20191001-csv/2904#111021919>		"ستورپوهنه"@pst	
"Sprachwiſſenſchaft"@de	<https://panlex.org/snapshot/panlex-20191001-csv/2904#111023062>				<https://panlex.org/snapshot/panlex-20191001-csv/2904#111023070>		"ژبپوهنه"@pst	
"Geographie"@de	<https://panlex.org/snapshot/panlex-20191001-csv/2904#111022614>				<https://panlex.org/snapshot/panlex-20191001-csv/2904#111022648>		"جغرافيه"@pst	
"Geographie"@de	<https://panlex.org/snapshot/panlex-20191001-csv/2904#111022614>				<https://panlex.org/snapshot/panlex-20191001-csv/2904#111022796>		"ځمک انځورنه"@pst	
"Äquator"@de	<https://panlex.org/snapshot/panlex-20191001-csv/2910#110855200>				<https://panlex.org/snapshot/panlex-20191001-csv/2910#110855172>		"د استوا کرښه"@pst	
"Nordpol"@de	<https://panlex.org/snapshot/panlex-20191001-csv/2910#110854615>				<https://panlex.org/snapshot/panlex-20191001-csv/2910#110854610>		"شمالي قطب"@pst	
"Wendekreis des Steinbocks"@de	<https://panlex.org/snapshot/panlex-20191001-csv/2910#110855352>				<https://panlex.org/snapshot/panlex-20191001-csv/2910#110855237>		"د مرغومۍ کرښه"@pst	
"Nordpolarkreis"@de	<https://panlex.org/snapshot/panlex-20191001-csv/2910#110854812>				<https://panlex.org/snapshot/panlex-20191001-csv/2910#110854834>		"د شمالي قطب دائره"@pst	
"Südpolarkreis"@de	<https://panlex.org/snapshot/panlex-20191001-csv/2910#110855523>				<https://panlex.org/snapshot/panlex-20191001-csv/2910#110855501>		"د سهيلي قطب دائره"@pst	
"Wendekreis des Krebses"@de	<https://panlex.org/snapshot/panlex-20191001-csv/2910#110854984>				<https://panlex.org/snapshot/panlex-20191001-csv/2910#110855002>		"د چونګاښ کرښه"@pst	
"Nördlicher Wendekreis"@de	<https://panlex.org/snapshot/panlex-20191001-csv/2910#110855012>				<https://panlex.org/snapshot/panlex-20191001-csv/2910#110855002>		"د چونګاښ کرښه"@pst	
"Südlicher Wendekreis"@de	<https://panlex.org/snapshot/panlex-20191001-csv/2910#110855333>				<https://panlex.org/snapshot/panlex-20191001-csv/2910#110855237>		"د مرغومۍ کرښه"@pst	
"Wendekreis des Krebſes"@de	<https://panlex.org/snapshot/panlex-20191001-csv/2910#110854932>				<https://panlex.org/snapshot/panlex-20191001-csv/2910#110855002>		"د چونګاښ کرښه"@pst	
"Nördlicher Polarkreis"@de	<https://panlex.org/snapshot/panlex-20191001-csv/2910#110854788>				<https://panlex.org/snapshot/panlex-20191001-csv/2910#110854834>		"د شمالي قطب دائره"@pst	
"Südpol"@de	<https://panlex.org/snapshot/panlex-20191001-csv/2910#110855700>				<https://panlex.org/snapshot/panlex-20191001-csv/2910#110855536>		"سهيلي قطب"@pst	
"Südlicher Polarkreis"@de	<https://panlex.org/snapshot/panlex-20191001-csv/2910#110855464>				<https://panlex.org/snapshot/panlex-20191001-csv/2910#110855501>		"د سهيلي قطب دائره"@pst	
"Frieden"@de	<https://panlex.org/snapshot/panlex-20191001-csv/2902#111012266>				<https://panlex.org/snapshot/panlex-20191001-csv/2902#111012029>		"سوله"@pst	
"Friede"@de	<https://panlex.org/snapshot/panlex-20191001-csv/2902#111012308>				<https://panlex.org/snapshot/panlex-20191001-csv/2902#111012029>		"سوله"@pst	
"Jordan"@de	<https://panlex.org/snapshot/panlex-20191001-csv/2903#110872638>				<https://panlex.org/snapshot/panlex-20191001-csv/2903#110872667>		"رود اردن"@pst	
"Amudarja"@de	<https://panlex.org/snapshot/panlex-20191001-csv/2903#110871835>				<https://panlex.org/snapshot/panlex-20191001-csv/2903#110871844>		"جيحون"@pst	
"Amudarja"@de	<https://panlex.org/snapshot/panlex-20191001-csv/2903#110871835>				<https://panlex.org/snapshot/panlex-20191001-csv/2903#110871872>		"آمو"@pst	
"Ostsee"@de	<https://panlex.org/snapshot/panlex-20191001-csv/2905#110868663>				<https://panlex.org/snapshot/panlex-20191001-csv/2905#110868653>		"د بالتيک سمندر"@pst	
"Korallenmeer"@de	<https://panlex.org/snapshot/panlex-20191001-csv/2905#110869853>				<https://panlex.org/snapshot/panlex-20191001-csv/2905#110869748>		"د مرجان سمندر"@pst	
"Kaspiſee"@de	<https://panlex.org/snapshot/panlex-20191001-csv/2905#110869549>				<https://panlex.org/snapshot/panlex-20191001-csv/2905#110869650>		"د خزر سمندر"@pst	
"Karibiſches Meer"@de	<https://panlex.org/snapshot/panlex-20191001-csv/2905#110869388>				<https://panlex.org/snapshot/panlex-20191001-csv/2905#110869433>		"د کارائيب سمندر"@pst	
"Baltiſches Meer"@de	<https://panlex.org/snapshot/panlex-20191001-csv/2905#110868799>				<https://panlex.org/snapshot/panlex-20191001-csv/2905#110868653>		"د بالتيک سمندر"@pst	
"Perſiſcher Golf"@de	<https://panlex.org/snapshot/panlex-20191001-csv/2905#110870780>				<https://panlex.org/snapshot/panlex-20191001-csv/2905#110870798>		"د فارس خليج"@pst	
"Kaspisee"@de	<https://panlex.org/snapshot/panlex-20191001-csv/2905#110869586>				<https://panlex.org/snapshot/panlex-20191001-csv/2905#110869650>		"د خزر سمندر"@pst	
"Ärmelkanal"@de	<https://panlex.org/snapshot/panlex-20191001-csv/2905#110870099>				<https://panlex.org/snapshot/panlex-20191001-csv/2905#110870184>		"انګريزي کانال"@pst	
"Kaspisches Meer"@de	<https://panlex.org/snapshot/panlex-20191001-csv/2905#110869535>				<https://panlex.org/snapshot/panlex-20191001-csv/2905#110869650>		"د خزر سمندر"@pst	
"Nordsee"@de	<https://panlex.org/snapshot/panlex-20191001-csv/2905#110870540>				<https://panlex.org/snapshot/panlex-20191001-csv/2905#110870710>		"شمالي سمندر"@pst	
"Kaspiſches Meer"@de	<https://panlex.org/snapshot/panlex-20191001-csv/2905#110869621>				<https://panlex.org/snapshot/panlex-20191001-csv/2905#110869650>		"د خزر سمندر"@pst	
"Nordſee"@de	<https://panlex.org/snapshot/panlex-20191001-csv/2905#110870650>				<https://panlex.org/snapshot/panlex-20191001-csv/2905#110870710>		"شمالي سمندر"@pst	
"Schwarzes Meer"@de	<https://panlex.org/snapshot/panlex-20191001-csv/2905#110869115>				<https://panlex.org/snapshot/panlex-20191001-csv/2905#110869024>		"تور سمندر"@pst	
"Gelbes Meer"@de	<https://panlex.org/snapshot/panlex-20191001-csv/2905#110871519>				<https://panlex.org/snapshot/panlex-20191001-csv/2905#110871584>		"زيړ سمندر"@pst	
"Golf von Bengalen"@de	<https://panlex.org/snapshot/panlex-20191001-csv/2905#110868929>				<https://panlex.org/snapshot/panlex-20191001-csv/2905#110868853>		"د بنګال خليج"@pst	
"Oſtſee"@de	<https://panlex.org/snapshot/panlex-20191001-csv/2905#110868667>				<https://panlex.org/snapshot/panlex-20191001-csv/2905#110868653>		"د بالتيک سمندر"@pst	
"Persischer Golf"@de	<https://panlex.org/snapshot/panlex-20191001-csv/2905#110870763>				<https://panlex.org/snapshot/panlex-20191001-csv/2905#110870798>		"د فارس خليج"@pst	
"Arabisches Meer"@de	<https://panlex.org/snapshot/panlex-20191001-csv/2905#110868574>				<https://panlex.org/snapshot/panlex-20191001-csv/2905#110868517>		"د عرب سمندر"@pst	
"Weißes Meer"@de	<https://panlex.org/snapshot/panlex-20191001-csv/2905#110871334>				<https://panlex.org/snapshot/panlex-20191001-csv/2905#110871441>		"سپين سمندر"@pst	
"Baltisches Meer"@de	<https://panlex.org/snapshot/panlex-20191001-csv/2905#110868791>				<https://panlex.org/snapshot/panlex-20191001-csv/2905#110868653>		"د بالتيک سمندر"@pst	
"Arabiſches Meer"@de	<https://panlex.org/snapshot/panlex-20191001-csv/2905#110868525>				<https://panlex.org/snapshot/panlex-20191001-csv/2905#110868517>		"د عرب سمندر"@pst	
"Rotes Meer"@de	<https://panlex.org/snapshot/panlex-20191001-csv/2905#110871099>				<https://panlex.org/snapshot/panlex-20191001-csv/2905#110871117>		"سور سمندر"@pst	
"Karibisches Meer"@de	<https://panlex.org/snapshot/panlex-20191001-csv/2905#110869507>				<https://panlex.org/snapshot/panlex-20191001-csv/2905#110869433>		"د کارائيب سمندر"@pst	
"Totes Meer"@de	<https://panlex.org/snapshot/panlex-20191001-csv/2905#110870049>				<https://panlex.org/snapshot/panlex-20191001-csv/2905#110869986>		"مړ سمندر"@pst	
"Jupiter"@de	<https://panlex.org/snapshot/panlex-20191001-csv/2907#110846467>				<https://panlex.org/snapshot/panlex-20191001-csv/2907#110846512>		"مشتري"@pst	
"Makemake"@de	<https://panlex.org/snapshot/panlex-20191001-csv/2907#110847643>				<https://panlex.org/snapshot/panlex-20191001-csv/2907#110847638>		"ماکيماکي"@pst	
"Pluto"@de	<https://panlex.org/snapshot/panlex-20191001-csv/2907#110847219>				<https://panlex.org/snapshot/panlex-20191001-csv/2907#110847362>		"پلوټو"@pst	
"ſchwarzes Loch"@de	<https://panlex.org/snapshot/panlex-20191001-csv/2907#110849662>				<https://panlex.org/snapshot/panlex-20191001-csv/2907#110849664>		"تور سورۍ"@pst	
"schwarzes Loch"@de	<https://panlex.org/snapshot/panlex-20191001-csv/2907#110849536>				<https://panlex.org/snapshot/panlex-20191001-csv/2907#110849664>		"تور سورۍ"@pst	
"Neptun"@de	<https://panlex.org/snapshot/panlex-20191001-csv/2907#110847118>				<https://panlex.org/snapshot/panlex-20191001-csv/2907#110847000>		"نېپټون"@pst	
"Erde"@de	<https://panlex.org/snapshot/panlex-20191001-csv/2907#110845602>				<https://panlex.org/snapshot/panlex-20191001-csv/2907#110845609>		"ځمکه"@pst	
"Univerſum"@de	<https://panlex.org/snapshot/panlex-20191001-csv/2907#110849053>				<https://panlex.org/snapshot/panlex-20191001-csv/2907#110849071>		"کاينات"@pst	
"Sonne"@de	<https://panlex.org/snapshot/panlex-20191001-csv/2907#110844853>				<https://panlex.org/snapshot/panlex-20191001-csv/2907#110844926>		"لمر"@pst	
"Mond"@de	<https://panlex.org/snapshot/panlex-20191001-csv/2907#110845851>				<https://panlex.org/snapshot/panlex-20191001-csv/2907#110845830>		"مياشت"@pst	
"Merkur"@de	<https://panlex.org/snapshot/panlex-20191001-csv/2907#110845215>				<https://panlex.org/snapshot/panlex-20191001-csv/2907#110845083>		"عطارد"@pst	
"Weltraum"@de	<https://panlex.org/snapshot/panlex-20191001-csv/2907#110849121>				<https://panlex.org/snapshot/panlex-20191001-csv/2907#110849071>		"کاينات"@pst	
"Haumea"@de	<https://panlex.org/snapshot/panlex-20191001-csv/2907#110847429>				<https://panlex.org/snapshot/panlex-20191001-csv/2907#110847465>		"هائوميا"@pst	
"Sonnensystem"@de	<https://panlex.org/snapshot/panlex-20191001-csv/2907#110848160>				<https://panlex.org/snapshot/panlex-20191001-csv/2907#110848273>		"لمرېز نظام"@pst	
"Uranus"@de	<https://panlex.org/snapshot/panlex-20191001-csv/2907#110846814>				<https://panlex.org/snapshot/panlex-20191001-csv/2907#110846874>		"اورانوس"@pst	
"Eris"@de	<https://panlex.org/snapshot/panlex-20191001-csv/2907#110847881>				<https://panlex.org/snapshot/panlex-20191001-csv/2907#110847949>		"اېريس"@pst	
"Saturn"@de	<https://panlex.org/snapshot/panlex-20191001-csv/2907#110846620>				<https://panlex.org/snapshot/panlex-20191001-csv/2907#110846719>		"زحل"@pst	
"Relativitätstheorie"@de	<https://panlex.org/snapshot/panlex-20191001-csv/2907#110849756>				<https://panlex.org/snapshot/panlex-20191001-csv/2907#110849758>		"د نسبيت تيوري"@pst	
"Universum"@de	<https://panlex.org/snapshot/panlex-20191001-csv/2907#110849098>				<https://panlex.org/snapshot/panlex-20191001-csv/2907#110849071>		"کاينات"@pst	
"Mars"@de	<https://panlex.org/snapshot/panlex-20191001-csv/2907#110846034>				<https://panlex.org/snapshot/panlex-20191001-csv/2907#110846099>		"مريخ"@pst	
"Ceres"@de	<https://panlex.org/snapshot/panlex-20191001-csv/2907#110846157>				<https://panlex.org/snapshot/panlex-20191001-csv/2907#110846293>		"سيريس"@pst	
"Weltall"@de	<https://panlex.org/snapshot/panlex-20191001-csv/2907#110849033>				<https://panlex.org/snapshot/panlex-20191001-csv/2907#110849071>		"کاينات"@pst	
"Venus"@de	<https://panlex.org/snapshot/panlex-20191001-csv/2907#110845310>				<https://panlex.org/snapshot/panlex-20191001-csv/2907#110845428>		"زهره"@pst	
"Sonnenſyſtem"@de	<https://panlex.org/snapshot/panlex-20191001-csv/2907#110848307>				<https://panlex.org/snapshot/panlex-20191001-csv/2907#110848273>		"لمرېز نظام"@pst	
"Südlicher Ozean"@de	<https://panlex.org/snapshot/panlex-20191001-csv/2901#110868396>				<https://panlex.org/snapshot/panlex-20191001-csv/2901#110868322>		"سهيلي سمندر"@pst	
"Pazifik"@de	<https://panlex.org/snapshot/panlex-20191001-csv/2901#110868010>				<https://panlex.org/snapshot/panlex-20191001-csv/2901#110867999>		"د ارام سمندر"@pst	
"Pazifiſcher Ozean"@de	<https://panlex.org/snapshot/panlex-20191001-csv/2901#110867954>				<https://panlex.org/snapshot/panlex-20191001-csv/2901#110867999>		"د ارام سمندر"@pst	
"Nördliches Eismeer"@de	<https://panlex.org/snapshot/panlex-20191001-csv/2901#110867213>				<https://panlex.org/snapshot/panlex-20191001-csv/2901#110867113>		"شمالي منجمد سمندر"@pst	
"Indiſcher Ozean"@de	<https://panlex.org/snapshot/panlex-20191001-csv/2901#110867707>				<https://panlex.org/snapshot/panlex-20191001-csv/2901#110867775>		"د هند سمندر"@pst	
"Atlantik"@de	<https://panlex.org/snapshot/panlex-20191001-csv/2901#110867426>				<https://panlex.org/snapshot/panlex-20191001-csv/2901#110867521>		"د اتلس سمندر"@pst	
"Antarktischer Ozean"@de	<https://panlex.org/snapshot/panlex-20191001-csv/2901#110868309>				<https://panlex.org/snapshot/panlex-20191001-csv/2901#110868322>		"سهيلي سمندر"@pst	
"Südpolarmeer"@de	<https://panlex.org/snapshot/panlex-20191001-csv/2901#110868314>				<https://panlex.org/snapshot/panlex-20191001-csv/2901#110868322>		"سهيلي سمندر"@pst	
"Nordpolarmeer"@de	<https://panlex.org/snapshot/panlex-20191001-csv/2901#110867186>				<https://panlex.org/snapshot/panlex-20191001-csv/2901#110867113>		"شمالي منجمد سمندر"@pst	
"Südliches Eismeer"@de	<https://panlex.org/snapshot/panlex-20191001-csv/2901#110868389>				<https://panlex.org/snapshot/panlex-20191001-csv/2901#110868322>		"سهيلي سمندر"@pst	
"Arktischer Ozean"@de	<https://panlex.org/snapshot/panlex-20191001-csv/2901#110867128>				<https://panlex.org/snapshot/panlex-20191001-csv/2901#110867113>		"شمالي منجمد سمندر"@pst	
"Arktiſcher Ozean"@de	<https://panlex.org/snapshot/panlex-20191001-csv/2901#110867143>				<https://panlex.org/snapshot/panlex-20191001-csv/2901#110867113>		"شمالي منجمد سمندر"@pst	
"Atlantiſcher Ozean"@de	<https://panlex.org/snapshot/panlex-20191001-csv/2901#110867376>				<https://panlex.org/snapshot/panlex-20191001-csv/2901#110867521>		"د اتلس سمندر"@pst	
"Antarktiſcher Ozean"@de	<https://panlex.org/snapshot/panlex-20191001-csv/2901#110868228>				<https://panlex.org/snapshot/panlex-20191001-csv/2901#110868322>		"سهيلي سمندر"@pst	
"Pazifischer Ozean"@de	<https://panlex.org/snapshot/panlex-20191001-csv/2901#110867908>				<https://panlex.org/snapshot/panlex-20191001-csv/2901#110867999>		"د ارام سمندر"@pst	
"Atlantischer Ozean"@de	<https://panlex.org/snapshot/panlex-20191001-csv/2901#110867612>				<https://panlex.org/snapshot/panlex-20191001-csv/2901#110867521>		"د اتلس سمندر"@pst	
"Indischer Ozean"@de	<https://panlex.org/snapshot/panlex-20191001-csv/2901#110867662>				<https://panlex.org/snapshot/panlex-20191001-csv/2901#110867775>		"د هند سمندر"@pst	
"Stiller Ozean"@de	<https://panlex.org/snapshot/panlex-20191001-csv/2901#110867984>				<https://panlex.org/snapshot/panlex-20191001-csv/2901#110867999>		"د ارام سمندر"@pst	
"Dschingis Khan"@de	<https://panlex.org/snapshot/panlex-20191001-csv/2906#111020123>				<https://panlex.org/snapshot/panlex-20191001-csv/2906#111020160>		"چنګېز خان"@pst	
"Zoroaster"@de	<https://panlex.org/snapshot/panlex-20191001-csv/2906#111021639>				<https://panlex.org/snapshot/panlex-20191001-csv/2906#111021677>		"زردشت"@pst	
"Zoroaſter"@de	<https://panlex.org/snapshot/panlex-20191001-csv/2906#111021654>				<https://panlex.org/snapshot/panlex-20191001-csv/2906#111021677>		"زردشت"@pst	
"Zarathustra"@de	<https://panlex.org/snapshot/panlex-20191001-csv/2906#111021660>				<https://panlex.org/snapshot/panlex-20191001-csv/2906#111021677>		"زردشت"@pst	
"Konfuzius"@de	<https://panlex.org/snapshot/panlex-20191001-csv/2906#111020036>				<https://panlex.org/snapshot/panlex-20191001-csv/2906#111019983>		"کنفيوشيوس"@pst	
"Adam und Eva"@de	<https://panlex.org/snapshot/panlex-20191001-csv/2906#111019123>				<https://panlex.org/snapshot/panlex-20191001-csv/2906#111019186>		"آدم و حوا"@pst	
"Platon"@de	<https://panlex.org/snapshot/panlex-20191001-csv/2906#111020803>				<https://panlex.org/snapshot/panlex-20191001-csv/2906#111020839>		"افلاطون"@pst	
"Zarathuſtra"@de	<https://panlex.org/snapshot/panlex-20191001-csv/2906#111021649>				<https://panlex.org/snapshot/panlex-20191001-csv/2906#111021677>		"زردشت"@pst	
"Dſchingis Khan"@de	<https://panlex.org/snapshot/panlex-20191001-csv/2906#111020141>				<https://panlex.org/snapshot/panlex-20191001-csv/2906#111020160>		"چنګېز خان"@pst	
"Sokrates"@de	<https://panlex.org/snapshot/panlex-20191001-csv/2906#111021285>				<https://panlex.org/snapshot/panlex-20191001-csv/2906#111021244>		"سقراط"@pst	
"Kalium"@de	<https://panlex.org/snapshot/panlex-20191001-csv/2893#110992244>				<https://panlex.org/snapshot/panlex-20191001-csv/2893#110992354>		"پوتاشيم"@pst	
"Natrium"@de	<https://panlex.org/snapshot/panlex-20191001-csv/2893#110991042>				<https://panlex.org/snapshot/panlex-20191001-csv/2893#110990951>		"سوډيم"@pst	
"Magneſium"@de	<https://panlex.org/snapshot/panlex-20191001-csv/2893#110991206>				<https://panlex.org/snapshot/panlex-20191001-csv/2893#110991081>		"مګنيزيم"@pst	
"Platin"@de	<https://panlex.org/snapshot/panlex-20191001-csv/2893#110994977>				<https://panlex.org/snapshot/panlex-20191001-csv/2893#110994978>		"پلاتين"@pst	
"Wolfram"@de	<https://panlex.org/snapshot/panlex-20191001-csv/2893#110994758>				<https://panlex.org/snapshot/panlex-20191001-csv/2893#110994779>		"ټنګسټن"@pst	
"Eisen"@de	<https://panlex.org/snapshot/panlex-20191001-csv/2893#110992639>				<https://panlex.org/snapshot/panlex-20191001-csv/2893#110992620>		"اوسپنه"@pst	
"Waſſerſtoff"@de	<https://panlex.org/snapshot/panlex-20191001-csv/2893#110989391>				<https://panlex.org/snapshot/panlex-20191001-csv/2893#110989422>		"هايدروجن"@pst	
"Blei"@de	<https://panlex.org/snapshot/panlex-20191001-csv/2893#110995621>				<https://panlex.org/snapshot/panlex-20191001-csv/2893#110995676>		"سرب"@pst	
"Phosphor"@de	<https://panlex.org/snapshot/panlex-20191001-csv/2893#110991773>				<https://panlex.org/snapshot/panlex-20191001-csv/2893#110991641>		"فاسفورس"@pst	
"Bor"@de	<https://panlex.org/snapshot/panlex-20191001-csv/2893#110989802>				<https://panlex.org/snapshot/panlex-20191001-csv/2893#110989687>		"بورون"@pst	
"Gold"@de	<https://panlex.org/snapshot/panlex-20191001-csv/2893#110995249>				<https://panlex.org/snapshot/panlex-20191001-csv/2893#110995288>		"زر"@pst	
"Nickel"@de	<https://panlex.org/snapshot/panlex-20191001-csv/2893#110993029>				<https://panlex.org/snapshot/panlex-20191001-csv/2893#110993118>		"نيکل"@pst	
"Antimon"@de	<https://panlex.org/snapshot/panlex-20191001-csv/2893#110994514>				<https://panlex.org/snapshot/panlex-20191001-csv/2893#110994557>		"انتي‌مني"@pst	
"Stickſtoff"@de	<https://panlex.org/snapshot/panlex-20191001-csv/2893#110990271>				<https://panlex.org/snapshot/panlex-20191001-csv/2893#110990135>		"نايتروجن"@pst	
"Silizium"@de	<https://panlex.org/snapshot/panlex-20191001-csv/2893#110991479>				<https://panlex.org/snapshot/panlex-20191001-csv/2893#110991555>		"سليکان"@pst	
"Magnesium"@de	<https://panlex.org/snapshot/panlex-20191001-csv/2893#110991208>				<https://panlex.org/snapshot/panlex-20191001-csv/2893#110991081>		"مګنيزيم"@pst	
"Queckſilber"@de	<https://panlex.org/snapshot/panlex-20191001-csv/2893#110995515>				<https://panlex.org/snapshot/panlex-20191001-csv/2893#110995479>		"سيماب"@pst	
"Schwefel"@de	<https://panlex.org/snapshot/panlex-20191001-csv/2893#110991857>				<https://panlex.org/snapshot/panlex-20191001-csv/2893#110991945>		"سلفر"@pst	
"Schwefel"@de	<https://panlex.org/snapshot/panlex-20191001-csv/2893#110991857>				<https://panlex.org/snapshot/panlex-20191001-csv/2893#110991833>		"ګوګړ"@pst	
"Zink"@de	<https://panlex.org/snapshot/panlex-20191001-csv/2893#110993549>				<https://panlex.org/snapshot/panlex-20191001-csv/2893#110993483>		"کوټ"@pst	
"Kohlenstoff"@de	<https://panlex.org/snapshot/panlex-20191001-csv/2893#110990030>				<https://panlex.org/snapshot/panlex-20191001-csv/2893#110989944>		"کاربن"@pst	
"Quecksilber"@de	<https://panlex.org/snapshot/panlex-20191001-csv/2893#110995388>				<https://panlex.org/snapshot/panlex-20191001-csv/2893#110995479>		"سيماب"@pst	
"Wasserstoff"@de	<https://panlex.org/snapshot/panlex-20191001-csv/2893#110989283>				<https://panlex.org/snapshot/panlex-20191001-csv/2893#110989422>		"هايدروجن"@pst	
"Sauerſtoff"@de	<https://panlex.org/snapshot/panlex-20191001-csv/2893#110990477>				<https://panlex.org/snapshot/panlex-20191001-csv/2893#110990432>		"اکسيجن"@pst	
"Kohlenſtoff"@de	<https://panlex.org/snapshot/panlex-20191001-csv/2893#110989858>				<https://panlex.org/snapshot/panlex-20191001-csv/2893#110989944>		"کاربن"@pst	
"Kobalt"@de	<https://panlex.org/snapshot/panlex-20191001-csv/2893#110992942>				<https://panlex.org/snapshot/panlex-20191001-csv/2893#110992973>		"کوبالټ"@pst	
"Chlor"@de	<https://panlex.org/snapshot/panlex-20191001-csv/2893#110992065>				<https://panlex.org/snapshot/panlex-20191001-csv/2893#110992123>		"کلورين"@pst	
"Arſen"@de	<https://panlex.org/snapshot/panlex-20191001-csv/2893#110993672>				<https://panlex.org/snapshot/panlex-20191001-csv/2893#110993637>		"ارسېنک"@pst	
"Sauerstoff"@de	<https://panlex.org/snapshot/panlex-20191001-csv/2893#110990332>				<https://panlex.org/snapshot/panlex-20191001-csv/2893#110990432>		"اکسيجن"@pst	
"Arsen"@de	<https://panlex.org/snapshot/panlex-20191001-csv/2893#110993707>				<https://panlex.org/snapshot/panlex-20191001-csv/2893#110993637>		"ارسېنک"@pst	
"Jod"@de	<https://panlex.org/snapshot/panlex-20191001-csv/2893#110994626>				<https://panlex.org/snapshot/panlex-20191001-csv/2893#110994597>		"آيوډين"@pst	
"Periodenſyſtem"@de	<https://panlex.org/snapshot/panlex-20191001-csv/2893#110989156>				<https://panlex.org/snapshot/panlex-20191001-csv/2893#110989142>		"دوره‌يي جدول"@pst	
"Eiſen"@de	<https://panlex.org/snapshot/panlex-20191001-csv/2893#110992632>				<https://panlex.org/snapshot/panlex-20191001-csv/2893#110992620>		"اوسپنه"@pst	
"Fluor"@de	<https://panlex.org/snapshot/panlex-20191001-csv/2893#110990651>				<https://panlex.org/snapshot/panlex-20191001-csv/2893#110990638>		"فلورين"@pst	
"Brom"@de	<https://panlex.org/snapshot/panlex-20191001-csv/2893#110993822>				<https://panlex.org/snapshot/panlex-20191001-csv/2893#110993797>		"برومين"@pst	
"Periodensystem"@de	<https://panlex.org/snapshot/panlex-20191001-csv/2893#110989193>				<https://panlex.org/snapshot/panlex-20191001-csv/2893#110989142>		"دوره‌يي جدول"@pst	
"Stickstoff"@de	<https://panlex.org/snapshot/panlex-20191001-csv/2893#110990160>				<https://panlex.org/snapshot/panlex-20191001-csv/2893#110990135>		"نايتروجن"@pst	
"Zinn"@de	<https://panlex.org/snapshot/panlex-20191001-csv/2893#110994248>				<https://panlex.org/snapshot/panlex-20191001-csv/2893#110994339>		"قلعي"@pst	
"Helium"@de	<https://panlex.org/snapshot/panlex-20191001-csv/2893#110989488>				<https://panlex.org/snapshot/panlex-20191001-csv/2893#110989524>		"هيليم"@pst	
"Uran"@de	<https://panlex.org/snapshot/panlex-20191001-csv/2893#110995821>				<https://panlex.org/snapshot/panlex-20191001-csv/2893#110995838>		"يورانيم"@pst	
"Neon"@de	<https://panlex.org/snapshot/panlex-20191001-csv/2893#110990825>				<https://panlex.org/snapshot/panlex-20191001-csv/2893#110990749>		"نيون"@pst	
"Aluminium"@de	<https://panlex.org/snapshot/panlex-20191001-csv/2893#110991310>				<https://panlex.org/snapshot/panlex-20191001-csv/2893#110991392>		"الومينيم"@pst	
"Kupfer"@de	<https://panlex.org/snapshot/panlex-20191001-csv/2893#110993285>				<https://panlex.org/snapshot/panlex-20191001-csv/2893#110993308>		"مس"@pst	
"Silber"@de	<https://panlex.org/snapshot/panlex-20191001-csv/2893#110994089>				<https://panlex.org/snapshot/panlex-20191001-csv/2893#110994051>		"سپين زر"@pst	
"Kalzium"@de	<https://panlex.org/snapshot/panlex-20191001-csv/2893#110992412>				<https://panlex.org/snapshot/panlex-20191001-csv/2893#110992552>		"کلسيم"@pst	
"EU"@de	<https://panlex.org/snapshot/panlex-20191001-csv/2894#111100336>				<https://panlex.org/snapshot/panlex-20191001-csv/2894#111100341>		"اروپايي اتحاديه"@pst	
"Organisation der Vereinten Nationen für Bildung, Wissenschaft und Kultur"@de	<https://panlex.org/snapshot/panlex-20191001-csv/2894#111102192>				<https://panlex.org/snapshot/panlex-20191001-csv/2894#111102171>		"د ملګرو ملتونو د زده کړي علمي او فرهنګي سازمان"@pst	
"Afrikaniſche Union"@de	<https://panlex.org/snapshot/panlex-20191001-csv/2894#111099594>				<https://panlex.org/snapshot/panlex-20191001-csv/2894#111099496>		"افريقيي اتحاديه"@pst	
"Weltgeſundheitsorganiſation"@de	<https://panlex.org/snapshot/panlex-20191001-csv/2894#111102576>				<https://panlex.org/snapshot/panlex-20191001-csv/2894#111102580>		"د روغتيا نړيوال سازمان"@pst	
"Internationales Olympiſches Komitee"@de	<https://panlex.org/snapshot/panlex-20191001-csv/2894#111100631>				<https://panlex.org/snapshot/panlex-20191001-csv/2894#111100680>		"د المپيک بين المللي کميټه"@pst	
"Welthandelsorganisation"@de	<https://panlex.org/snapshot/panlex-20191001-csv/2894#111102708>				<https://panlex.org/snapshot/panlex-20191001-csv/2894#111102762>		"د نړيوال تجارتي سازمان"@pst	
"Weltgesundheitsorganisation"@de	<https://panlex.org/snapshot/panlex-20191001-csv/2894#111102614>				<https://panlex.org/snapshot/panlex-20191001-csv/2894#111102580>		"د روغتيا نړيوال سازمان"@pst	
"Organiſation Amerikaniſcher Staaten"@de	<https://panlex.org/snapshot/panlex-20191001-csv/2894#111101204>				<https://panlex.org/snapshot/panlex-20191001-csv/2894#111101172>		"د امريکايي دولتونه سازمان"@pst	
"Internationales Olympisches Komitee"@de	<https://panlex.org/snapshot/panlex-20191001-csv/2894#111100610>				<https://panlex.org/snapshot/panlex-20191001-csv/2894#111100680>		"د المپيک بين المللي کميټه"@pst	
"Afrikanische Union"@de	<https://panlex.org/snapshot/panlex-20191001-csv/2894#111099629>				<https://panlex.org/snapshot/panlex-20191001-csv/2894#111099496>		"افريقيي اتحاديه"@pst	
"Organisation Amerikanischer Staaten"@de	<https://panlex.org/snapshot/panlex-20191001-csv/2894#111101235>				<https://panlex.org/snapshot/panlex-20191001-csv/2894#111101172>		"د امريکايي دولتونه سازمان"@pst	
"AU"@de	<https://panlex.org/snapshot/panlex-20191001-csv/2894#111099561>				<https://panlex.org/snapshot/panlex-20191001-csv/2894#111099496>		"افريقيي اتحاديه"@pst	
"IOK"@de	<https://panlex.org/snapshot/panlex-20191001-csv/2894#111100625>				<https://panlex.org/snapshot/panlex-20191001-csv/2894#111100680>		"د المپيک بين المللي کميټه"@pst	
"Organisation der Vereinten Nationen"@de	<https://panlex.org/snapshot/panlex-20191001-csv/2894#111102055>				<https://panlex.org/snapshot/panlex-20191001-csv/2894#111102121>		"ملګري ملتونه"@pst	
"Welthandelsorganiſation"@de	<https://panlex.org/snapshot/panlex-20191001-csv/2894#111102771>				<https://panlex.org/snapshot/panlex-20191001-csv/2894#111102762>		"د نړيوال تجارتي سازمان"@pst	
"Europäiſche Union"@de	<https://panlex.org/snapshot/panlex-20191001-csv/2894#111100226>				<https://panlex.org/snapshot/panlex-20191001-csv/2894#111100341>		"اروپايي اتحاديه"@pst	
"Organisation der Islamischen Konferenz"@de	<https://panlex.org/snapshot/panlex-20191001-csv/2894#111101453>				<https://panlex.org/snapshot/panlex-20191001-csv/2894#111101470>		"د اسلامي کنفرانس سازمان"@pst	
"Internationaler Gerichtshof"@de	<https://panlex.org/snapshot/panlex-20191001-csv/2894#111100442>				<https://panlex.org/snapshot/panlex-20191001-csv/2894#111100562>		"بين ‌المللي محکمه"@pst	
"Organiſation der Vereinten Nationen für Bildung, Wiſſenſchaft und Kultur"@de	<https://panlex.org/snapshot/panlex-20191001-csv/2894#111102261>				<https://panlex.org/snapshot/panlex-20191001-csv/2894#111102171>		"د ملګرو ملتونو د زده کړي علمي او فرهنګي سازمان"@pst	
"Organiſation der Islamiſchen Konferenz"@de	<https://panlex.org/snapshot/panlex-20191001-csv/2894#111101487>				<https://panlex.org/snapshot/panlex-20191001-csv/2894#111101470>		"د اسلامي کنفرانس سازمان"@pst	
"Europäische Union"@de	<https://panlex.org/snapshot/panlex-20191001-csv/2894#111100151>				<https://panlex.org/snapshot/panlex-20191001-csv/2894#111100341>		"اروپايي اتحاديه"@pst	
"Rotes Kreuz"@de	<https://panlex.org/snapshot/panlex-20191001-csv/2894#111101627>				<https://panlex.org/snapshot/panlex-20191001-csv/2894#111101640>		"سور صليب"@pst	
"Organiſation der Vereinten Nationen"@de	<https://panlex.org/snapshot/panlex-20191001-csv/2894#111101986>				<https://panlex.org/snapshot/panlex-20191001-csv/2894#111102121>		"ملګري ملتونه"@pst	
"Roter Halbmond"@de	<https://panlex.org/snapshot/panlex-20191001-csv/2894#111101778>				<https://panlex.org/snapshot/panlex-20191001-csv/2894#111101741>		"سور هلال"@pst	
"Kinderhilfswerk der Vereinten Nationen"@de	<https://panlex.org/snapshot/panlex-20191001-csv/2894#111102336>				<https://panlex.org/snapshot/panlex-20191001-csv/2894#111102458>		"د ملګرو ملتونو د ماشومانو صندوق"@pst	
"Europarat"@de	<https://panlex.org/snapshot/panlex-20191001-csv/2894#111100047>				<https://panlex.org/snapshot/panlex-20191001-csv/2894#111100098>		"د اروپا شورا"@pst	
"Freitag"@de	<https://panlex.org/snapshot/panlex-20191001-csv/2892#110825806>				<https://panlex.org/snapshot/panlex-20191001-csv/2892#110826007>		"جمعه"@pst	
"Mittwoch"@de	<https://panlex.org/snapshot/panlex-20191001-csv/2892#110824861>				<https://panlex.org/snapshot/panlex-20191001-csv/2892#110824945>		"چارشنبې"@pst	
"Mittwoch"@de	<https://panlex.org/snapshot/panlex-20191001-csv/2892#110824861>				<https://panlex.org/snapshot/panlex-20191001-csv/2892#110825208>		"چارسنبه"@pst	
"Sonntag"@de	<https://panlex.org/snapshot/panlex-20191001-csv/2892#110826904>				<https://panlex.org/snapshot/panlex-20191001-csv/2892#110826935>		"يکشنبې"@pst	
"Sonntag"@de	<https://panlex.org/snapshot/panlex-20191001-csv/2892#110826904>				<https://panlex.org/snapshot/panlex-20191001-csv/2892#110826717>		"يکشنبه"@pst	
"Sonntag"@de	<https://panlex.org/snapshot/panlex-20191001-csv/2892#110826904>				<https://panlex.org/snapshot/panlex-20191001-csv/2892#110826791>		"اتوار"@pst	
"Montag"@de	<https://panlex.org/snapshot/panlex-20191001-csv/2892#110824222>				<https://panlex.org/snapshot/panlex-20191001-csv/2892#110824131>		"دوشنبه"@pst	
"Montag"@de	<https://panlex.org/snapshot/panlex-20191001-csv/2892#110824222>				<https://panlex.org/snapshot/panlex-20191001-csv/2892#110824090>		"دوشنبې"@pst	
"Sonnabend"@de	<https://panlex.org/snapshot/panlex-20191001-csv/2892#110826156>				<https://panlex.org/snapshot/panlex-20191001-csv/2892#110826300>		"شنبې"@pst	
"Sonnabend"@de	<https://panlex.org/snapshot/panlex-20191001-csv/2892#110826156>				<https://panlex.org/snapshot/panlex-20191001-csv/2892#110826352>		"شنبه"@pst	
"Donnerstag"@de	<https://panlex.org/snapshot/panlex-20191001-csv/2892#110825399>				<https://panlex.org/snapshot/panlex-20191001-csv/2892#110825466>		"پنجشنبې"@pst	
"Donnerstag"@de	<https://panlex.org/snapshot/panlex-20191001-csv/2892#110825399>				<https://panlex.org/snapshot/panlex-20191001-csv/2892#110825633>		"پنجسنبه"@pst	
"Samstag"@de	<https://panlex.org/snapshot/panlex-20191001-csv/2892#110826163>				<https://panlex.org/snapshot/panlex-20191001-csv/2892#110826300>		"شنبې"@pst	
"Samstag"@de	<https://panlex.org/snapshot/panlex-20191001-csv/2892#110826163>				<https://panlex.org/snapshot/panlex-20191001-csv/2892#110826352>		"شنبه"@pst	
"Dienstag"@de	<https://panlex.org/snapshot/panlex-20191001-csv/2892#110824817>				<https://panlex.org/snapshot/panlex-20191001-csv/2892#110824779>		"سه‌شنبې"@pst	
"Dienstag"@de	<https://panlex.org/snapshot/panlex-20191001-csv/2892#110824817>				<https://panlex.org/snapshot/panlex-20191001-csv/2892#110824642>		"سه‌شنبه"@pst	
"Ramadan"@de	<https://panlex.org/snapshot/panlex-20191001-csv/2898#110832774>				<https://panlex.org/snapshot/panlex-20191001-csv/2898#110832835>		"روژه"@pst	
"Ramadan"@de	<https://panlex.org/snapshot/panlex-20191001-csv/2898#110832774>				<https://panlex.org/snapshot/panlex-20191001-csv/2898#110832863>		"رمضان"@pst	
"Dschumada al-ula"@de	<https://panlex.org/snapshot/panlex-20191001-csv/2898#110832391>				<https://panlex.org/snapshot/panlex-20191001-csv/2898#110832463>		"جمادی الاول"@pst	
"Dschumada al-ula"@de	<https://panlex.org/snapshot/panlex-20191001-csv/2898#110832391>				<https://panlex.org/snapshot/panlex-20191001-csv/2898#110832440>		"دريمه خور"@pst	
"Dschumada al-ula"@de	<https://panlex.org/snapshot/panlex-20191001-csv/2898#110832391>				<https://panlex.org/snapshot/panlex-20191001-csv/2898#110832437>		"جمادی الاولی"@pst	
"Rabi’ al-auwal"@de	<https://panlex.org/snapshot/panlex-20191001-csv/2898#110832181>				<https://panlex.org/snapshot/panlex-20191001-csv/2898#110832168>		"ربيع الاول"@pst	
"Rabi’ al-auwal"@de	<https://panlex.org/snapshot/panlex-20191001-csv/2898#110832181>				<https://panlex.org/snapshot/panlex-20191001-csv/2898#110832174>		"لومړۍ خور"@pst	
"Dſchumada ath-thani"@de	<https://panlex.org/snapshot/panlex-20191001-csv/2898#110832479>				<https://panlex.org/snapshot/panlex-20191001-csv/2898#110832533>		"ورستۍ خور"@pst	
"Dſchumada ath-thani"@de	<https://panlex.org/snapshot/panlex-20191001-csv/2898#110832479>				<https://panlex.org/snapshot/panlex-20191001-csv/2898#110832585>		"جمادی الثاني"@pst	
"Dſchumada ath-thani"@de	<https://panlex.org/snapshot/panlex-20191001-csv/2898#110832479>				<https://panlex.org/snapshot/panlex-20191001-csv/2898#110832534>		"جمادی الاخری"@pst	
"Dſchumada ath-thani"@de	<https://panlex.org/snapshot/panlex-20191001-csv/2898#110832479>				<https://panlex.org/snapshot/panlex-20191001-csv/2898#110832528>		"څلورمه خور"@pst	
"Muharram"@de	<https://panlex.org/snapshot/panlex-20191001-csv/2898#110832038>				<https://panlex.org/snapshot/panlex-20191001-csv/2898#110832021>		"ړومبۍ مياشت"@pst	
"Muharram"@de	<https://panlex.org/snapshot/panlex-20191001-csv/2898#110832038>				<https://panlex.org/snapshot/panlex-20191001-csv/2898#110831972>		"حسن و حسين"@pst	
"Muharram"@de	<https://panlex.org/snapshot/panlex-20191001-csv/2898#110832038>				<https://panlex.org/snapshot/panlex-20191001-csv/2898#110831988>		"محرم"@pst	
"Safar"@de	<https://panlex.org/snapshot/panlex-20191001-csv/2898#110832087>				<https://panlex.org/snapshot/panlex-20191001-csv/2898#110832099>		"څپره"@pst	
"Safar"@de	<https://panlex.org/snapshot/panlex-20191001-csv/2898#110832087>				<https://panlex.org/snapshot/panlex-20191001-csv/2898#110832096>		"صفره"@pst	
"Safar"@de	<https://panlex.org/snapshot/panlex-20191001-csv/2898#110832087>				<https://panlex.org/snapshot/panlex-20191001-csv/2898#110832139>		"صفر"@pst	
"Dhu l-hiddſcha"@de	<https://panlex.org/snapshot/panlex-20191001-csv/2898#110833091>				<https://panlex.org/snapshot/panlex-20191001-csv/2898#110833111>		"ذي الحجه"@pst	
"Dhu l-hiddſcha"@de	<https://panlex.org/snapshot/panlex-20191001-csv/2898#110833091>				<https://panlex.org/snapshot/panlex-20191001-csv/2898#110833143>		"لوي اختر"@pst	
"Dhu l-hiddſcha"@de	<https://panlex.org/snapshot/panlex-20191001-csv/2898#110833091>				<https://panlex.org/snapshot/panlex-20191001-csv/2898#110833115>		"ذيحجه"@pst	
"Radschab"@de	<https://panlex.org/snapshot/panlex-20191001-csv/2898#110832629>				<https://panlex.org/snapshot/panlex-20191001-csv/2898#110832612>		"خداي تعالی مياشت"@pst	
"Radschab"@de	<https://panlex.org/snapshot/panlex-20191001-csv/2898#110832629>				<https://panlex.org/snapshot/panlex-20191001-csv/2898#110832588>		"رجب"@pst	
"Radschab"@de	<https://panlex.org/snapshot/panlex-20191001-csv/2898#110832629>				<https://panlex.org/snapshot/panlex-20191001-csv/2898#110832598>		"بزرګه مياشت"@pst	
"Rabi’ al-thani"@de	<https://panlex.org/snapshot/panlex-20191001-csv/2898#110832280>				<https://panlex.org/snapshot/panlex-20191001-csv/2898#110832332>		"ربيع الثاني"@pst	
"Rabi’ al-thani"@de	<https://panlex.org/snapshot/panlex-20191001-csv/2898#110832280>				<https://panlex.org/snapshot/panlex-20191001-csv/2898#110832316>		"ربيع الاخر"@pst	
"Rabi’ al-thani"@de	<https://panlex.org/snapshot/panlex-20191001-csv/2898#110832280>				<https://panlex.org/snapshot/panlex-20191001-csv/2898#110832304>		"دويمه خور"@pst	
"Dhu l-hiddscha"@de	<https://panlex.org/snapshot/panlex-20191001-csv/2898#110833127>				<https://panlex.org/snapshot/panlex-20191001-csv/2898#110833111>		"ذي الحجه"@pst	
"Dhu l-hiddscha"@de	<https://panlex.org/snapshot/panlex-20191001-csv/2898#110833127>				<https://panlex.org/snapshot/panlex-20191001-csv/2898#110833143>		"لوي اختر"@pst	
"Dhu l-hiddscha"@de	<https://panlex.org/snapshot/panlex-20191001-csv/2898#110833127>				<https://panlex.org/snapshot/panlex-20191001-csv/2898#110833115>		"ذيحجه"@pst	
"Dſchumada al-ula"@de	<https://panlex.org/snapshot/panlex-20191001-csv/2898#110832370>				<https://panlex.org/snapshot/panlex-20191001-csv/2898#110832463>		"جمادی الاول"@pst	
"Dſchumada al-ula"@de	<https://panlex.org/snapshot/panlex-20191001-csv/2898#110832370>				<https://panlex.org/snapshot/panlex-20191001-csv/2898#110832440>		"دريمه خور"@pst	
"Dſchumada al-ula"@de	<https://panlex.org/snapshot/panlex-20191001-csv/2898#110832370>				<https://panlex.org/snapshot/panlex-20191001-csv/2898#110832437>		"جمادی الاولی"@pst	
"Dschumada ath-thani"@de	<https://panlex.org/snapshot/panlex-20191001-csv/2898#110832537>				<https://panlex.org/snapshot/panlex-20191001-csv/2898#110832533>		"ورستۍ خور"@pst	
"Dschumada ath-thani"@de	<https://panlex.org/snapshot/panlex-20191001-csv/2898#110832537>				<https://panlex.org/snapshot/panlex-20191001-csv/2898#110832585>		"جمادی الثاني"@pst	
"Dschumada ath-thani"@de	<https://panlex.org/snapshot/panlex-20191001-csv/2898#110832537>				<https://panlex.org/snapshot/panlex-20191001-csv/2898#110832534>		"جمادی الاخری"@pst	
"Dschumada ath-thani"@de	<https://panlex.org/snapshot/panlex-20191001-csv/2898#110832537>				<https://panlex.org/snapshot/panlex-20191001-csv/2898#110832528>		"څلورمه خور"@pst	
"Schauwal"@de	<https://panlex.org/snapshot/panlex-20191001-csv/2898#110832922>				<https://panlex.org/snapshot/panlex-20191001-csv/2898#110832928>		"کمکۍ اختر"@pst	
"Schauwal"@de	<https://panlex.org/snapshot/panlex-20191001-csv/2898#110832922>				<https://panlex.org/snapshot/panlex-20191001-csv/2898#110832946>		"شوال"@pst	
"Schauwal"@de	<https://panlex.org/snapshot/panlex-20191001-csv/2898#110832922>				<https://panlex.org/snapshot/panlex-20191001-csv/2898#110832954>		"وړکي اختر"@pst	
"Radſchab"@de	<https://panlex.org/snapshot/panlex-20191001-csv/2898#110832676>				<https://panlex.org/snapshot/panlex-20191001-csv/2898#110832612>		"خداي تعالی مياشت"@pst	
"Radſchab"@de	<https://panlex.org/snapshot/panlex-20191001-csv/2898#110832676>				<https://panlex.org/snapshot/panlex-20191001-csv/2898#110832588>		"رجب"@pst	
"Radſchab"@de	<https://panlex.org/snapshot/panlex-20191001-csv/2898#110832676>				<https://panlex.org/snapshot/panlex-20191001-csv/2898#110832598>		"بزرګه مياشت"@pst	
"Scha’ban"@de	<https://panlex.org/snapshot/panlex-20191001-csv/2898#110832756>				<https://panlex.org/snapshot/panlex-20191001-csv/2898#110832692>		"برات"@pst	
"Scha’ban"@de	<https://panlex.org/snapshot/panlex-20191001-csv/2898#110832756>				<https://panlex.org/snapshot/panlex-20191001-csv/2898#110832746>		"شعبان"@pst	
"Dhu l-qa’da"@de	<https://panlex.org/snapshot/panlex-20191001-csv/2898#110833008>				<https://panlex.org/snapshot/panlex-20191001-csv/2898#110833011>		"ذي القعده"@pst	
"Dhu l-qa’da"@de	<https://panlex.org/snapshot/panlex-20191001-csv/2898#110833008>				<https://panlex.org/snapshot/panlex-20191001-csv/2898#110833029>		"ذيقعده"@pst	
"Dhu l-qa’da"@de	<https://panlex.org/snapshot/panlex-20191001-csv/2898#110833008>				<https://panlex.org/snapshot/panlex-20191001-csv/2898#110833053>		"منځوۍ مياشت"@pst	
"Dhu l-qa’da"@de	<https://panlex.org/snapshot/panlex-20191001-csv/2898#110833008>				<https://panlex.org/snapshot/panlex-20191001-csv/2898#110832993>		"مياني"@pst	
"September"@de	<https://panlex.org/snapshot/panlex-20191001-csv/2897#110830527>				<https://panlex.org/snapshot/panlex-20191001-csv/2897#110830545>		"سپتمبر"@pst	
"Auguſt"@de	<https://panlex.org/snapshot/panlex-20191001-csv/2897#110830296>				<https://panlex.org/snapshot/panlex-20191001-csv/2897#110829930>		"اګست"@pst	
"Brachet"@de	<https://panlex.org/snapshot/panlex-20191001-csv/2897#110829386>				<https://panlex.org/snapshot/panlex-20191001-csv/2897#110829393>		"جون"@pst	
"Nebelung"@de	<https://panlex.org/snapshot/panlex-20191001-csv/2897#110831248>				<https://panlex.org/snapshot/panlex-20191001-csv/2897#110831519>		"نومبر"@pst	
"Jänner"@de	<https://panlex.org/snapshot/panlex-20191001-csv/2897#110827202>				<https://panlex.org/snapshot/panlex-20191001-csv/2897#110827406>		"جنوري"@pst	
"Wonnemond"@de	<https://panlex.org/snapshot/panlex-20191001-csv/2897#110828787>				<https://panlex.org/snapshot/panlex-20191001-csv/2897#110828796>		"مۍ"@pst	
"Wonnemond"@de	<https://panlex.org/snapshot/panlex-20191001-csv/2897#110828787>				<https://panlex.org/snapshot/panlex-20191001-csv/2897#110828672>		"مې"@pst	
"August"@de	<https://panlex.org/snapshot/panlex-20191001-csv/2897#110830017>				<https://panlex.org/snapshot/panlex-20191001-csv/2897#110829930>		"اګست"@pst	
"Dezember"@de	<https://panlex.org/snapshot/panlex-20191001-csv/2897#110831744>				<https://panlex.org/snapshot/panlex-20191001-csv/2897#110831690>		"دسمبر"@pst	
"Ostermond"@de	<https://panlex.org/snapshot/panlex-20191001-csv/2897#110828609>				<https://panlex.org/snapshot/panlex-20191001-csv/2897#110828619>		"اپريل"@pst	
"Oſtermond"@de	<https://panlex.org/snapshot/panlex-20191001-csv/2897#110828430>				<https://panlex.org/snapshot/panlex-20191001-csv/2897#110828619>		"اپريل"@pst	
"Hornung"@de	<https://panlex.org/snapshot/panlex-20191001-csv/2897#110827785>				<https://panlex.org/snapshot/panlex-20191001-csv/2897#110827794>		"فبروري"@pst	
"Oktober"@de	<https://panlex.org/snapshot/panlex-20191001-csv/2897#110831073>				<https://panlex.org/snapshot/panlex-20191001-csv/2897#110830791>		"اکتوبر"@pst	
"Julmond"@de	<https://panlex.org/snapshot/panlex-20191001-csv/2897#110831918>				<https://panlex.org/snapshot/panlex-20191001-csv/2897#110831690>		"دسمبر"@pst	
"Januar"@de	<https://panlex.org/snapshot/panlex-20191001-csv/2897#110827426>				<https://panlex.org/snapshot/panlex-20191001-csv/2897#110827406>		"جنوري"@pst	
"Feber"@de	<https://panlex.org/snapshot/panlex-20191001-csv/2897#110827512>				<https://panlex.org/snapshot/panlex-20191001-csv/2897#110827794>		"فبروري"@pst	
"Mai"@de	<https://panlex.org/snapshot/panlex-20191001-csv/2897#110828815>				<https://panlex.org/snapshot/panlex-20191001-csv/2897#110828796>		"مۍ"@pst	
"Mai"@de	<https://panlex.org/snapshot/panlex-20191001-csv/2897#110828815>				<https://panlex.org/snapshot/panlex-20191001-csv/2897#110828672>		"مې"@pst	
"Heuert"@de	<https://panlex.org/snapshot/panlex-20191001-csv/2897#110829513>				<https://panlex.org/snapshot/panlex-20191001-csv/2897#110829780>		"جولاي"@pst	
"Juli"@de	<https://panlex.org/snapshot/panlex-20191001-csv/2897#110829553>				<https://panlex.org/snapshot/panlex-20191001-csv/2897#110829780>		"جولاي"@pst	
"November"@de	<https://panlex.org/snapshot/panlex-20191001-csv/2897#110831170>				<https://panlex.org/snapshot/panlex-20191001-csv/2897#110831519>		"نومبر"@pst	
"März"@de	<https://panlex.org/snapshot/panlex-20191001-csv/2897#110827928>				<https://panlex.org/snapshot/panlex-20191001-csv/2897#110828125>		"مارچ"@pst	
"Lenzing"@de	<https://panlex.org/snapshot/panlex-20191001-csv/2897#110827966>				<https://panlex.org/snapshot/panlex-20191001-csv/2897#110828125>		"مارچ"@pst	
"Ernting"@de	<https://panlex.org/snapshot/panlex-20191001-csv/2897#110830196>				<https://panlex.org/snapshot/panlex-20191001-csv/2897#110829930>		"اګست"@pst	
"April"@de	<https://panlex.org/snapshot/panlex-20191001-csv/2897#110828566>				<https://panlex.org/snapshot/panlex-20191001-csv/2897#110828619>		"اپريل"@pst	
"Gilbhart"@de	<https://panlex.org/snapshot/panlex-20191001-csv/2897#110830980>				<https://panlex.org/snapshot/panlex-20191001-csv/2897#110830791>		"اکتوبر"@pst	
"Juni"@de	<https://panlex.org/snapshot/panlex-20191001-csv/2897#110829264>				<https://panlex.org/snapshot/panlex-20191001-csv/2897#110829393>		"جون"@pst	
"Februar"@de	<https://panlex.org/snapshot/panlex-20191001-csv/2897#110827761>				<https://panlex.org/snapshot/panlex-20191001-csv/2897#110827794>		"فبروري"@pst	
"Hartung"@de	<https://panlex.org/snapshot/panlex-20191001-csv/2897#110827228>				<https://panlex.org/snapshot/panlex-20191001-csv/2897#110827406>		"جنوري"@pst	
"Scheiding"@de	<https://panlex.org/snapshot/panlex-20191001-csv/2897#110830385>				<https://panlex.org/snapshot/panlex-20191001-csv/2897#110830545>		"سپتمبر"@pst	
"Afrika"@de	<https://panlex.org/snapshot/panlex-20191001-csv/2891#110853183>				<https://panlex.org/snapshot/panlex-20191001-csv/2891#110852995>		"افريقه"@pst	
"Afrika"@de	<https://panlex.org/snapshot/panlex-20191001-csv/2891#110853183>				<https://panlex.org/snapshot/panlex-20191001-csv/2891#110853213>		"افريقا"@pst	
"Ozeanien"@de	<https://panlex.org/snapshot/panlex-20191001-csv/2891#110854408>				<https://panlex.org/snapshot/panlex-20191001-csv/2891#110854407>		"اوقيانوسيه"@pst	
"Europa"@de	<https://panlex.org/snapshot/panlex-20191001-csv/2891#110854133>				<https://panlex.org/snapshot/panlex-20191001-csv/2891#110854128>		"يورپ"@pst	
"Europa"@de	<https://panlex.org/snapshot/panlex-20191001-csv/2891#110854133>				<https://panlex.org/snapshot/panlex-20191001-csv/2891#110854161>		"فرنګستان"@pst	
"Europa"@de	<https://panlex.org/snapshot/panlex-20191001-csv/2891#110854133>				<https://panlex.org/snapshot/panlex-20191001-csv/2891#110854305>		"اروپا"@pst	
"Amerika"@de	<https://panlex.org/snapshot/panlex-20191001-csv/2891#110853372>				<https://panlex.org/snapshot/panlex-20191001-csv/2891#110853349>		"امريکا"@pst	
"Antarktis"@de	<https://panlex.org/snapshot/panlex-20191001-csv/2891#110853579>				<https://panlex.org/snapshot/panlex-20191001-csv/2891#110853581>		"انتارکتيکا"@pst	
"Antarktis"@de	<https://panlex.org/snapshot/panlex-20191001-csv/2891#110853579>				<https://panlex.org/snapshot/panlex-20191001-csv/2891#110853743>		"سهيلي قطب"@pst	
"Aſien"@de	<https://panlex.org/snapshot/panlex-20191001-csv/2891#110853884>				<https://panlex.org/snapshot/panlex-20191001-csv/2891#110853810>		"اېشيا"@pst	
"Aſien"@de	<https://panlex.org/snapshot/panlex-20191001-csv/2891#110853884>				<https://panlex.org/snapshot/panlex-20191001-csv/2891#110853839>		"اسيا"@pst	
"Asien"@de	<https://panlex.org/snapshot/panlex-20191001-csv/2891#110853965>				<https://panlex.org/snapshot/panlex-20191001-csv/2891#110853810>		"اېشيا"@pst	
"Asien"@de	<https://panlex.org/snapshot/panlex-20191001-csv/2891#110853965>				<https://panlex.org/snapshot/panlex-20191001-csv/2891#110853839>		"اسيا"@pst	
"Kirche"@de	<https://panlex.org/snapshot/panlex-20191001-csv/2899#111112820>				<https://panlex.org/snapshot/panlex-20191001-csv/2899#111112821>		"کليسا"@pst	
"Jude"@de	<https://panlex.org/snapshot/panlex-20191001-csv/2899#111111647>				<https://panlex.org/snapshot/panlex-20191001-csv/2899#111111745>		"يهود"@pst	
"Moschee"@de	<https://panlex.org/snapshot/panlex-20191001-csv/2899#111113568>				<https://panlex.org/snapshot/panlex-20191001-csv/2899#111113596>		"جومات"@pst	
"Abrahamitiſche Religionen"@de	<https://panlex.org/snapshot/panlex-20191001-csv/2899#111113629>				<https://panlex.org/snapshot/panlex-20191001-csv/2899#111113750>		"مذهبونا ابراهيمي"@pst	
"Synagoge"@de	<https://panlex.org/snapshot/panlex-20191001-csv/2899#111112053>				<https://panlex.org/snapshot/panlex-20191001-csv/2899#111112051>		"د يهودانو جومات"@pst	
"Islam"@de	<https://panlex.org/snapshot/panlex-20191001-csv/2899#111112944>				<https://panlex.org/snapshot/panlex-20191001-csv/2899#111112947>		"اسلام"@pst	
"Judentum"@de	<https://panlex.org/snapshot/panlex-20191001-csv/2899#111111480>				<https://panlex.org/snapshot/panlex-20191001-csv/2899#111111560>		"يهوديت"@pst	
"Jeſus Chriſtus"@de	<https://panlex.org/snapshot/panlex-20191001-csv/2899#111112679>				<https://panlex.org/snapshot/panlex-20191001-csv/2899#111112648>		"حضرت عيسی"@pst	
"Abrahamitische Religionen"@de	<https://panlex.org/snapshot/panlex-20191001-csv/2899#111113690>				<https://panlex.org/snapshot/panlex-20191001-csv/2899#111113750>		"مذهبونا ابراهيمي"@pst	
"Mohammed"@de	<https://panlex.org/snapshot/panlex-20191001-csv/2899#111113409>				<https://panlex.org/snapshot/panlex-20191001-csv/2899#111113376>		"محمد"@pst	
"Moſchee"@de	<https://panlex.org/snapshot/panlex-20191001-csv/2899#111113471>				<https://panlex.org/snapshot/panlex-20191001-csv/2899#111113596>		"جومات"@pst	
"Moses"@de	<https://panlex.org/snapshot/panlex-20191001-csv/2899#111112015>				<https://panlex.org/snapshot/panlex-20191001-csv/2899#111111907>		"موسی"@pst	
"Jesus Christus"@de	<https://panlex.org/snapshot/panlex-20191001-csv/2899#111112723>				<https://panlex.org/snapshot/panlex-20191001-csv/2899#111112648>		"حضرت عيسی"@pst	
"Bibel"@de	<https://panlex.org/snapshot/panlex-20191001-csv/2899#111112574>				<https://panlex.org/snapshot/panlex-20191001-csv/2899#111112483>		"انجيل"@pst	
"Moſes"@de	<https://panlex.org/snapshot/panlex-20191001-csv/2899#111111997>				<https://panlex.org/snapshot/panlex-20191001-csv/2899#111111907>		"موسی"@pst	
"Moslem"@de	<https://panlex.org/snapshot/panlex-20191001-csv/2899#111113099>				<https://panlex.org/snapshot/panlex-20191001-csv/2899#111113163>		"مسلم"@pst	
"Moslem"@de	<https://panlex.org/snapshot/panlex-20191001-csv/2899#111113099>				<https://panlex.org/snapshot/panlex-20191001-csv/2899#111113084>		"مسلمان"@pst	
"Christentum"@de	<https://panlex.org/snapshot/panlex-20191001-csv/2899#111112202>				<https://panlex.org/snapshot/panlex-20191001-csv/2899#111112219>		"عیسویت"@pst	
"Chriſtentum"@de	<https://panlex.org/snapshot/panlex-20191001-csv/2899#111112183>				<https://panlex.org/snapshot/panlex-20191001-csv/2899#111112219>		"عیسویت"@pst	
"Chriſt"@de	<https://panlex.org/snapshot/panlex-20191001-csv/2899#111112444>				<https://panlex.org/snapshot/panlex-20191001-csv/2899#111112462>		"عيسوي"@pst	
"Koran"@de	<https://panlex.org/snapshot/panlex-20191001-csv/2899#111113277>				<https://panlex.org/snapshot/panlex-20191001-csv/2899#111113261>		"قرآن"@pst	
"Tora"@de	<https://panlex.org/snapshot/panlex-20191001-csv/2899#111111846>				<https://panlex.org/snapshot/panlex-20191001-csv/2899#111111861>		"تورات"@pst	
"Christ"@de	<https://panlex.org/snapshot/panlex-20191001-csv/2899#111112392>				<https://panlex.org/snapshot/panlex-20191001-csv/2899#111112462>		"عيسوي"@pst	
