"'wači"@pcp	<http://ids.clld.org/values/5-970-280-1>		<http://ids.clld.org/parameters/5-970>		<http://ids.clld.org/values/5-970-252-1>		"kalaka thethepək"@shb	
"'wai"@pcp	<http://ids.clld.org/values/8-120-280-1>		<http://ids.clld.org/parameters/8-120>		<http://ids.clld.org/values/8-120-252-1>		"hutu"@shb	
"'taʔɨ"@pcp	<http://ids.clld.org/values/4-370-280-1>		<http://ids.clld.org/parameters/4-370>		<http://ids.clld.org/values/4-370-252-1>		"mãhuk"@shb	
"po'iko"@pcp	<http://ids.clld.org/values/3-586-280-1>		<http://ids.clld.org/parameters/3-586>		<http://ids.clld.org/values/3-586-252-1>		"watupa"@shb	
"ra'wɨ"@pcp	<http://ids.clld.org/values/13-20-280-1>		<http://ids.clld.org/parameters/13-20>		<http://ids.clld.org/values/13-20-252-1>		"kup"@shb	
"ra'wɨ"@pcp	<http://ids.clld.org/values/13-20-280-1>		<http://ids.clld.org/parameters/13-20>		<http://ids.clld.org/values/13-20-252-3>		"yalukup"@shb	
"'ṣ̌ao"@pcp	<http://ids.clld.org/values/4-160-280-1>		<http://ids.clld.org/parameters/4-160>		<http://ids.clld.org/values/4-160-252-1>		"pili thũ"@shb	
"'šio"@pcp	<http://ids.clld.org/values/3-831-280-1>		<http://ids.clld.org/parameters/3-831>		<http://ids.clld.org/values/3-831-252-1>		"moštolo"@shb	
"ma'tošmaki"@pcp	<http://ids.clld.org/values/9-270-280-1>		<http://ids.clld.org/parameters/9-270>		<http://ids.clld.org/values/9-270-252-1>		"homo"@shb	
"'kɨni"@pcp	<http://ids.clld.org/values/4-142-280-1>		<http://ids.clld.org/parameters/4-142>		<http://ids.clld.org/values/4-142-252-1>		"kauik"@shb	
"'ɨpa"@pcp	<http://ids.clld.org/values/2-350-280-1>		<http://ids.clld.org/parameters/2-350>		<http://ids.clld.org/values/2-350-252-1>		"popa-ye"@shb	
"'woo"@pcp	<http://ids.clld.org/values/4-140-280-1>		<http://ids.clld.org/parameters/4-140>		<http://ids.clld.org/values/4-140-252-1>		"šinak"@shb	
"'iwɨ"@pcp	<http://ids.clld.org/values/15-810-280-1>		<http://ids.clld.org/parameters/15-810>		<http://ids.clld.org/values/15-810-252-1>		"hule"@shb	
"'naʔa"@pcp	<http://ids.clld.org/values/3-580-280-1>		<http://ids.clld.org/parameters/3-580>		<http://ids.clld.org/values/3-580-252-1>		"yapək"@shb	
"řɨ'kina"@pcp	<http://ids.clld.org/values/4-230-280-1>		<http://ids.clld.org/parameters/4-230>		<http://ids.clld.org/values/4-230-252-1>		"hũkak"@shb	
"'hiwi"@pcp	<http://ids.clld.org/values/8-600-280-1>		<http://ids.clld.org/parameters/8-600>		<http://ids.clld.org/values/8-600-252-1>		"wiitihi"@shb	
"'hiwi"@pcp	<http://ids.clld.org/values/1-420-280-1>		<http://ids.clld.org/parameters/1-420>		<http://ids.clld.org/values/1-420-252-1>		"wiitihi"@shb	
"kɨ'wɨči"@pcp	<http://ids.clld.org/values/4-240-280-1>		<http://ids.clld.org/parameters/4-240>		<http://ids.clld.org/values/4-240-252-1>		"kahik"@shb	
"'waři"@pcp	<http://ids.clld.org/values/14-410-280-1>		<http://ids.clld.org/parameters/14-410>		<http://ids.clld.org/values/14-410-252-1>		"thəm"@shb	
"ʔa'wini"@pcp	<http://ids.clld.org/values/2-320-280-1>		<http://ids.clld.org/parameters/2-320>		<http://ids.clld.org/values/2-320-252-1>		"pithiop-e"@shb	
"'tamo"@pcp	<http://ids.clld.org/values/4-208-280-1>		<http://ids.clld.org/parameters/4-208>		<http://ids.clld.org/values/4-208-252-1>		"nakthək"@shb	
"'taṣ̌a"@pcp	<http://ids.clld.org/values/4-441-280-1>		<http://ids.clld.org/parameters/4-441>		<http://ids.clld.org/values/4-441-252-1>		"šelenak"@shb	
"'woɨ"@pcp	<http://ids.clld.org/values/3-650-280-3>		<http://ids.clld.org/parameters/3-650>		<http://ids.clld.org/values/3-650-252-1>		"yalaka"@shb	
"'kai"@pcp	<http://ids.clld.org/values/2-360-280-1>		<http://ids.clld.org/parameters/2-360>		<http://ids.clld.org/values/2-360-252-1>		"naa-ye"@shb	
"'ṣ̌awɨ"@pcp	<http://ids.clld.org/values/3-980-280-1>		<http://ids.clld.org/parameters/3-980>		<http://ids.clld.org/values/3-980-252-1>		"yãpolihip"@shb	
"'ṣ̌awɨ"@pcp	<http://ids.clld.org/values/3-980-280-1>		<http://ids.clld.org/parameters/3-980>		<http://ids.clld.org/values/3-980-252-3>		"taalehip"@shb	
"'wiko"@pcp	<http://ids.clld.org/values/4-350-280-1>		<http://ids.clld.org/parameters/4-350>		<http://ids.clld.org/values/4-350-252-1>		"pili kolona"@shb	
"[hača]"@pcp	<http://ids.clld.org/values/9-250-280-1>		<http://ids.clld.org/parameters/9-250>		<http://ids.clld.org/values/9-250-252-1>		"patapoo"@shb	
"howi'ti"@pcp	<http://ids.clld.org/values/4-440-280-1>		<http://ids.clld.org/parameters/4-440>		<http://ids.clld.org/values/4-440-252-1>		"mašiap"@shb	
"'pɨʔi"@pcp	<http://ids.clld.org/values/8-560-280-1>		<http://ids.clld.org/parameters/8-560>		<http://ids.clld.org/values/8-560-252-1>		"hena"@shb	
"'hɨnɨ"@pcp	<http://ids.clld.org/values/1-310-280-1>		<http://ids.clld.org/parameters/1-310>		<http://ids.clld.org/values/1-310-252-1>		"maup"@shb	
"'kɨo"@pcp	<http://ids.clld.org/values/5-710-280-1>		<http://ids.clld.org/parameters/5-710>		<http://ids.clld.org/values/5-710-252-1>		"wiitihi himo"@shb	
"'naina"@pcp	<http://ids.clld.org/values/1-560-280-1>		<http://ids.clld.org/parameters/1-560>		<http://ids.clld.org/values/1-560-252-1>		"šiukawe"@shb	
"'wina"@pcp	<http://ids.clld.org/values/3-823-280-1>		<http://ids.clld.org/parameters/3-823>		<http://ids.clld.org/values/3-823-252-1>		"kopina"@shb	
"'wina"@pcp	<http://ids.clld.org/values/3-823-280-1>		<http://ids.clld.org/parameters/3-823>		<http://ids.clld.org/values/3-823-252-3>		"kopesinak"@shb	
"nɨ'ama"@pcp	<http://ids.clld.org/values/12-440-280-1>		<http://ids.clld.org/parameters/12-440>		<http://ids.clld.org/values/12-440-252-1>		"lahami"@shb	
"'ṣ̌owo"@pcp	<http://ids.clld.org/values/7-120-280-1>		<http://ids.clld.org/parameters/7-120>		<http://ids.clld.org/values/7-120-252-1>		"yãno"@shb	
"ko'ʔina"@pcp	<http://ids.clld.org/values/1-830-280-1>		<http://ids.clld.org/parameters/1-830>		<http://ids.clld.org/values/1-830-252-1>		"wakiši"@shb	
"his'pa"@pcp	<http://ids.clld.org/values/15-510-280-1>		<http://ids.clld.org/parameters/15-510>		<http://ids.clld.org/values/15-510-252-1>		"taa"@shb	
"'mišpo"@pcp	<http://ids.clld.org/values/1-840-280-1>		<http://ids.clld.org/parameters/1-840>		<http://ids.clld.org/values/1-840-252-1>		"yupušupu"@shb	
"hi-'maki"@pcp	<http://ids.clld.org/values/15-550-280-1>		<http://ids.clld.org/parameters/15-550>		<http://ids.clld.org/values/15-550-252-1>		"hiima"@shb	
"hi-'maki"@pcp	<http://ids.clld.org/values/15-550-280-1>		<http://ids.clld.org/parameters/15-550>		<http://ids.clld.org/values/15-550-252-3>		"waato ma"@shb	
"'kařo"@pcp	<http://ids.clld.org/values/1-880-280-1>		<http://ids.clld.org/parameters/1-880>		<http://ids.clld.org/values/1-880-252-1>		"thalukuk"@shb	
"'wakɨ 'pistia"@pcp	<http://ids.clld.org/values/2-280-280-1>		<http://ids.clld.org/parameters/2-280>		<http://ids.clld.org/values/2-280-252-1>		"ulu thai"@shb	
"'aši"@pcp	<http://ids.clld.org/values/9-360-280-1>		<http://ids.clld.org/parameters/9-360>		<http://ids.clld.org/values/9-360-252-1>		"ĩš yalu"@shb	
"'taka"@pcp	<http://ids.clld.org/values/4-450-280-1>		<http://ids.clld.org/parameters/4-450>		<http://ids.clld.org/values/4-450-252-1>		"amok"@shb	
"po'yana"@pcp	<http://ids.clld.org/values/4-310-280-1>		<http://ids.clld.org/parameters/4-310>		<http://ids.clld.org/values/4-310-252-1>		"poko"@shb	
"'hoṣ̌o"@pcp	<http://ids.clld.org/values/15-640-280-1>		<http://ids.clld.org/parameters/15-640>		<http://ids.clld.org/values/15-640-252-1>		"šĩe"@shb	
"'popo"@pcp	<http://ids.clld.org/values/3-596-280-1>		<http://ids.clld.org/parameters/3-596>		<http://ids.clld.org/values/3-596-252-1>		"kuluku"@shb	
"řeṣ̌'pana"@pcp	<http://ids.clld.org/values/8-570-280-3>		<http://ids.clld.org/parameters/8-570>		<http://ids.clld.org/values/8-570-252-1>		"nãkši"@shb	
"'mišni"@pcp	<http://ids.clld.org/values/12-560-280-1>		<http://ids.clld.org/parameters/12-560>		<http://ids.clld.org/values/12-560-252-1>		"sĩilip"@shb	
"'mišni"@pcp	<http://ids.clld.org/values/12-560-280-1>		<http://ids.clld.org/parameters/12-560>		<http://ids.clld.org/values/12-560-252-3>		"oše"@shb	
"'hisna"@pcp	<http://ids.clld.org/values/15-510-280-3>		<http://ids.clld.org/parameters/15-510>		<http://ids.clld.org/values/15-510-252-1>		"taa"@shb	
"'ʔani"@pcp	<http://ids.clld.org/values/1-360-280-1>		<http://ids.clld.org/parameters/1-360>		<http://ids.clld.org/values/1-360-252-3>		"ma u"@shb	
"'ʔani"@pcp	<http://ids.clld.org/values/1-360-280-1>		<http://ids.clld.org/parameters/1-360>		<http://ids.clld.org/values/1-360-252-1>		"u"@shb	
"'wɨnɨ"@pcp	<http://ids.clld.org/values/2-310-280-1>		<http://ids.clld.org/parameters/2-310>		<http://ids.clld.org/values/2-310-252-1>		"pĩyalop-e"@shb	
"'ʔɨpa"@pcp	<http://ids.clld.org/values/2-350-280-3>		<http://ids.clld.org/parameters/2-350>		<http://ids.clld.org/values/2-350-252-1>		"popa-ye"@shb	
"'čiʔi"@pcp	<http://ids.clld.org/values/1-810-280-1>		<http://ids.clld.org/parameters/1-810>		<http://ids.clld.org/values/1-810-252-1>		"wake"@shb	
"'honi"@pcp	<http://ids.clld.org/values/2-210-280-1>		<http://ids.clld.org/parameters/2-210>		<http://ids.clld.org/values/2-210-252-1>		"wãlo"@shb	
"mɨ'kɨna"@pcp	<http://ids.clld.org/values/4-330-280-1>		<http://ids.clld.org/parameters/4-330>		<http://ids.clld.org/values/4-330-252-1>		"ũtha-k"@shb	
"'hana"@pcp	<http://ids.clld.org/values/4-260-280-1>		<http://ids.clld.org/parameters/4-260>		<http://ids.clld.org/values/4-260-252-1>		"pili aka"@shb	
"waṣ̌'mɨna"@pcp	<http://ids.clld.org/values/6-240-280-1>		<http://ids.clld.org/parameters/6-240>		<http://ids.clld.org/values/6-240-252-1>		"mašuušuk"@shb	
"paṣ̌na'hai"@pcp	<http://ids.clld.org/values/5-140-280-1>		<http://ids.clld.org/parameters/5-140>		<http://ids.clld.org/values/5-140-252-1>		"ohi"@shb	
"'ac̷a"@pcp	<http://ids.clld.org/values/8-920-280-1>		<http://ids.clld.org/parameters/8-920>		<http://ids.clld.org/values/8-920-252-1>		"naškok"@shb	
"'ac̷a"@pcp	<http://ids.clld.org/values/8-920-280-1>		<http://ids.clld.org/parameters/8-920>		<http://ids.clld.org/values/8-920-252-3>		"hakalakok"@shb	
"'kini"@pcp	<http://ids.clld.org/values/12-850-280-1>		<http://ids.clld.org/parameters/12-850>		<http://ids.clld.org/values/12-850-252-1>		"paka"@shb	
"'kisi"@pcp	<http://ids.clld.org/values/6-760-280-1>		<http://ids.clld.org/parameters/6-760>		<http://ids.clld.org/values/6-760-252-1>		"šĩtha-"@shb	
"'mai"@pcp	<http://ids.clld.org/values/1-210-280-1>		<http://ids.clld.org/parameters/1-210>		<http://ids.clld.org/values/1-210-252-3>		"mašithak"@shb	
"'mai"@pcp	<http://ids.clld.org/values/1-210-280-1>		<http://ids.clld.org/parameters/1-210>		<http://ids.clld.org/values/1-210-252-1>		"ilihi"@shb	
"'wii"@pcp	<http://ids.clld.org/values/3-832-280-1>		<http://ids.clld.org/parameters/3-832>		<http://ids.clld.org/values/3-832-252-1>		"potoma"@shb	
"'taška"@pcp	<http://ids.clld.org/values/9-190-280-1>		<http://ids.clld.org/parameters/9-190>		<http://ids.clld.org/values/9-190-252-1>		"thãtha"@shb	
"'wiči"@pcp	<http://ids.clld.org/values/4-120-280-1>		<http://ids.clld.org/parameters/4-120>		<http://ids.clld.org/values/4-120-252-1>		"pili si"@shb	
"'ʔoṣ̌ɨ"@pcp	<http://ids.clld.org/values/1-530-280-1>		<http://ids.clld.org/parameters/1-530>		<http://ids.clld.org/values/1-530-252-1>		"wilipo"@shb	
"'moto"@pcp	<http://ids.clld.org/values/5-550-280-1>		<http://ids.clld.org/parameters/5-550>		<http://ids.clld.org/values/5-550-252-1>		"naškohi"@shb	
"pati'aři"@pcp	<http://ids.clld.org/values/3-550-280-1>		<http://ids.clld.org/parameters/3-550>		<http://ids.clld.org/values/3-550-252-1>		"kalaka"@shb	
"'čio"@pcp	<http://ids.clld.org/values/3-831-280-3>		<http://ids.clld.org/parameters/3-831>		<http://ids.clld.org/values/3-831-252-1>		"moštolo"@shb	
"sa'nino"@pcp	<http://ids.clld.org/values/3-650-280-1>		<http://ids.clld.org/parameters/3-650>		<http://ids.clld.org/values/3-650-252-1>		"yalaka"@shb	
"'wištima"@pcp	<http://ids.clld.org/values/1-540-280-1>		<http://ids.clld.org/parameters/1-540>		<http://ids.clld.org/values/1-540-252-1>		"põlemahuk"@shb	
"'yoṣ̌a"@pcp	<http://ids.clld.org/values/2-220-280-1>		<http://ids.clld.org/parameters/2-220>		<http://ids.clld.org/values/2-220-252-1>		"thuwe"@shb	
"'mapo"@pcp	<http://ids.clld.org/values/4-200-280-1>		<http://ids.clld.org/parameters/4-200>		<http://ids.clld.org/values/4-200-252-1>		"pelehe"@shb	
"'haa"@pcp	<http://ids.clld.org/values/2-930-280-1>		<http://ids.clld.org/parameters/2-930>		<http://ids.clld.org/values/2-930-252-3>		"(zero)"@shb	
"'haa"@pcp	<http://ids.clld.org/values/2-930-280-1>		<http://ids.clld.org/parameters/2-930>		<http://ids.clld.org/values/2-930-252-1>		"kama"@shb	
"tɨ'ɨ"@pcp	<http://ids.clld.org/values/15-350-280-1>		<http://ids.clld.org/parameters/15-350>		<http://ids.clld.org/values/15-350-252-1>		"keteti"@shb	
"wɨṣ̌ko"@pcp	<http://ids.clld.org/values/3-950-280-1>		<http://ids.clld.org/parameters/3-950>		<http://ids.clld.org/values/3-950-252-1>		"poplam"@shb	
"'šini"@pcp	<http://ids.clld.org/values/15-660-280-1>		<http://ids.clld.org/parameters/15-660>		<http://ids.clld.org/values/15-660-252-3>		"wake"@shb	
"'šini"@pcp	<http://ids.clld.org/values/15-660-280-1>		<http://ids.clld.org/parameters/15-660>		<http://ids.clld.org/values/15-660-252-1>		"ĩe"@shb	
"'wɨřo"@pcp	<http://ids.clld.org/values/4-210-280-1>		<http://ids.clld.org/parameters/4-210>		<http://ids.clld.org/values/4-210-252-1>		"pili mamo"@shb	
"'noti"@pcp	<http://ids.clld.org/values/10-831-280-1>		<http://ids.clld.org/parameters/10-831>		<http://ids.clld.org/values/10-831-252-1>		"kanawe"@shb	
"ʔo'i"@pcp	<http://ids.clld.org/values/1-750-280-3>		<http://ids.clld.org/parameters/1-750>		<http://ids.clld.org/values/1-750-252-1>		"ma"@shb	
"'ṣ̌ɨna"@pcp	<http://ids.clld.org/values/4-270-280-1>		<http://ids.clld.org/parameters/4-270>		<http://ids.clld.org/values/4-270-252-1>		"pili nak"@shb	
"'wawa"@pcp	<http://ids.clld.org/values/3-592-280-1>		<http://ids.clld.org/parameters/3-592>		<http://ids.clld.org/values/3-592-252-1>		"wilikok"@shb	
"'ṣ̌ɨki"@pcp	<http://ids.clld.org/values/8-470-280-1>		<http://ids.clld.org/parameters/8-470>		<http://ids.clld.org/values/8-470-252-1>		"lulumok"@shb	
"'waři"@pcp	<http://ids.clld.org/values/1-520-280-1>		<http://ids.clld.org/parameters/1-520>		<http://ids.clld.org/values/1-520-252-1>		"mothok"@shb	
"'paʔoki"@pcp	<http://ids.clld.org/values/4-220-280-1>		<http://ids.clld.org/parameters/4-220>		<http://ids.clld.org/values/4-220-252-1>		"yũmuk"@shb	
"'ɨika"@pcp	<http://ids.clld.org/values/15-780-280-1>		<http://ids.clld.org/parameters/15-780>		<http://ids.clld.org/values/15-780-252-1>		"namo"@shb	
"na'ipa"@pcp	<http://ids.clld.org/values/1-510-280-1>		<http://ids.clld.org/parameters/1-510>		<http://ids.clld.org/values/1-510-252-1>		"yãn-paluk"@shb	
"'himi"@pcp	<http://ids.clld.org/values/4-150-280-1>		<http://ids.clld.org/parameters/4-150>		<http://ids.clld.org/values/4-150-252-1>		"ĩep"@shb	
"'hoa"@pcp	<http://ids.clld.org/values/8-570-280-1>		<http://ids.clld.org/parameters/8-570>		<http://ids.clld.org/values/8-570-252-1>		"nãkši"@shb	
"'ɨa"@pcp	<http://ids.clld.org/values/2-910-280-1>		<http://ids.clld.org/parameters/2-910>		<http://ids.clld.org/values/2-910-252-3>		"ya"@shb	
"'ɨa"@pcp	<http://ids.clld.org/values/2-910-280-1>		<http://ids.clld.org/parameters/2-910>		<http://ids.clld.org/values/2-910-252-1>		"kami-ye"@shb	
"o'i"@pcp	<http://ids.clld.org/values/1-750-280-1>		<http://ids.clld.org/parameters/1-750>		<http://ids.clld.org/values/1-750-252-1>		"ma"@shb	
"ta'pono"@pcp	<http://ids.clld.org/values/8-540-280-1>		<http://ids.clld.org/parameters/8-540>		<http://ids.clld.org/values/8-540-252-1>		"nasilik"@shb	
"'c̷ɨmo"@pcp	<http://ids.clld.org/values/1-730-280-1>		<http://ids.clld.org/parameters/1-730>		<http://ids.clld.org/values/1-730-252-1>		"wakiši"@shb	
"'kɨɨsakia"@pcp	<http://ids.clld.org/values/9-220-280-1>		<http://ids.clld.org/parameters/9-220>		<http://ids.clld.org/values/9-220-252-3>		"pia"@shb	
"'kɨɨsakia"@pcp	<http://ids.clld.org/values/9-220-280-1>		<http://ids.clld.org/parameters/9-220>		<http://ids.clld.org/values/9-220-252-1>		"hanu"@shb	
"i'wɨ"@pcp	<http://ids.clld.org/values/9-110-280-1>		<http://ids.clld.org/parameters/9-110>		<http://ids.clld.org/values/9-110-252-1>		"tha"@shb	
"'čaṣ̌o"@pcp	<http://ids.clld.org/values/3-750-280-1>		<http://ids.clld.org/parameters/3-750>		<http://ids.clld.org/values/3-750-252-1>		"haya"@shb	
"'pao"@pcp	<http://ids.clld.org/values/1-360-280-3>		<http://ids.clld.org/parameters/1-360>		<http://ids.clld.org/values/1-360-252-3>		"ma u"@shb	
"'pao"@pcp	<http://ids.clld.org/values/1-360-280-3>		<http://ids.clld.org/parameters/1-360>		<http://ids.clld.org/values/1-360-252-1>		"u"@shb	
