"chúmu"@tsu	<https://panlex.org/snapshot/panlex-20191001-csv/12#851212>				<https://panlex.org/snapshot/panlex-20191001-csv/12#851024>		"we"@lmy	
"ŋʉcʉ"@tsu	<https://panlex.org/snapshot/panlex-20191001-csv/114#8065518>				<https://panlex.org/snapshot/panlex-20191001-csv/114#8065269>		"kàru"@lmy	
"cái"@tsu	<https://panlex.org/snapshot/panlex-20191001-csv/114#8056734>				<https://panlex.org/snapshot/panlex-20191001-csv/114#8056497>		"matna"@lmy	
"oh-"@tsu	<https://panlex.org/snapshot/panlex-20191001-csv/114#8055206>				<https://panlex.org/snapshot/panlex-20191001-csv/114#8054979>		"àmini"@lmy	
"cáʔi"@tsu	<https://panlex.org/snapshot/panlex-20191001-csv/114#8056735>				<https://panlex.org/snapshot/panlex-20191001-csv/114#8056497>		"matna"@lmy	
"hʔónu"@tsu	<https://panlex.org/snapshot/panlex-20191001-csv/114#8060234>				<https://panlex.org/snapshot/panlex-20191001-csv/114#8060008>		"ate"@lmy	
"múcu"@tsu	<https://panlex.org/snapshot/panlex-20191001-csv/114#8052127>				<https://panlex.org/snapshot/panlex-20191001-csv/114#8051869>		"lima"@lmy	
"máʔmi"@tsu	<https://panlex.org/snapshot/panlex-20191001-csv/114#8062314>				<https://panlex.org/snapshot/panlex-20191001-csv/114#8062105>		"hangàdha-ge"@lmy	
"hísi"@tsu	<https://panlex.org/snapshot/panlex-20191001-csv/114#8067547>				<https://panlex.org/snapshot/panlex-20191001-csv/114#8067296>		"ngudu"@lmy	
"vri-na"@tsu	<https://panlex.org/snapshot/panlex-20191001-csv/114#8052605>				<https://panlex.org/snapshot/panlex-20191001-csv/114#8052383>		"kalí"@lmy	
"ŋáeo"@tsu	<https://panlex.org/snapshot/panlex-20191001-csv/114#8066993>				<https://panlex.org/snapshot/panlex-20191001-csv/114#8066738>		"bhá"@lmy	
"sʉ́nʉ"@tsu	<https://panlex.org/snapshot/panlex-20191001-csv/114#8064416>				<https://panlex.org/snapshot/panlex-20191001-csv/114#8064177>		"bhuku"@lmy	
