"chúmu"@tsu	<https://panlex.org/snapshot/panlex-20191001-csv/12#851212>				<https://panlex.org/snapshot/panlex-20191001-csv/12#851227>		"dalom"@uun	
"chúmu"@tsu	<https://panlex.org/snapshot/panlex-20191001-csv/12#851212>				<https://panlex.org/snapshot/panlex-20191001-csv/12#851228>		"dalúm"@uun	
"chúmu"@tsu	<https://panlex.org/snapshot/panlex-20191001-csv/12#851212>				<https://panlex.org/snapshot/panlex-20191001-csv/12#851229>		"darūm"@uun	
"ŋʉcʉ"@tsu	<https://panlex.org/snapshot/panlex-20191001-csv/114#8065518>				<https://panlex.org/snapshot/panlex-20191001-csv/114#8065535>		"mujing"@uun	
"ŋʉcʉ"@tsu	<https://panlex.org/snapshot/panlex-20191001-csv/114#8065518>				<https://panlex.org/snapshot/panlex-20191001-csv/114#8065536>		"mużiŋ"@uun	
"ŋʉcʉ"@tsu	<https://panlex.org/snapshot/panlex-20191001-csv/114#8065518>				<https://panlex.org/snapshot/panlex-20191001-csv/114#8065534>		"mouding"@uun	
"cái"@tsu	<https://panlex.org/snapshot/panlex-20191001-csv/114#8056734>				<https://panlex.org/snapshot/panlex-20191001-csv/114#8056749>		"kalialiakán"@uun	
"oh-"@tsu	<https://panlex.org/snapshot/panlex-20191001-csv/114#8055206>				<https://panlex.org/snapshot/panlex-20191001-csv/114#8055222>		"mupu:żáh"@uun	
"oh-"@tsu	<https://panlex.org/snapshot/panlex-20191001-csv/114#8055206>				<https://panlex.org/snapshot/panlex-20191001-csv/114#8055221>		"mopuzan"@uun	
"oh-"@tsu	<https://panlex.org/snapshot/panlex-20191001-csv/114#8055206>				<https://panlex.org/snapshot/panlex-20191001-csv/114#8055223>		"ʔalu"@uun	
"cáʔi"@tsu	<https://panlex.org/snapshot/panlex-20191001-csv/114#8056735>				<https://panlex.org/snapshot/panlex-20191001-csv/114#8056749>		"kalialiakán"@uun	
"hʔónu"@tsu	<https://panlex.org/snapshot/panlex-20191001-csv/114#8060234>				<https://panlex.org/snapshot/panlex-20191001-csv/114#8060249>		"asay"@uun	
"múcu"@tsu	<https://panlex.org/snapshot/panlex-20191001-csv/114#8052127>				<https://panlex.org/snapshot/panlex-20191001-csv/114#8052144>		"rima"@uun	
"múcu"@tsu	<https://panlex.org/snapshot/panlex-20191001-csv/114#8052127>				<https://panlex.org/snapshot/panlex-20191001-csv/114#8052143>		"imá"@uun	
"máʔmi"@tsu	<https://panlex.org/snapshot/panlex-20191001-csv/114#8062314>				<https://panlex.org/snapshot/panlex-20191001-csv/114#8062329>		"ma:xakəláʔ"@uun	
"hísi"@tsu	<https://panlex.org/snapshot/panlex-20191001-csv/114#8067547>				<https://panlex.org/snapshot/panlex-20191001-csv/114#8067562>		"lipeung"@uun	
"hísi"@tsu	<https://panlex.org/snapshot/panlex-20191001-csv/114#8067547>				<https://panlex.org/snapshot/panlex-20191001-csv/114#8067564>		"rupun"@uun	
"hísi"@tsu	<https://panlex.org/snapshot/panlex-20191001-csv/114#8067547>				<https://panlex.org/snapshot/panlex-20191001-csv/114#8067563>		"ləpə́ŋ"@uun	
"vri-na"@tsu	<https://panlex.org/snapshot/panlex-20191001-csv/114#8052605>				<https://panlex.org/snapshot/panlex-20191001-csv/114#8052619>		"ixiʔ"@uun	
"ŋáeo"@tsu	<https://panlex.org/snapshot/panlex-20191001-csv/114#8066993>				<https://panlex.org/snapshot/panlex-20191001-csv/114#8067011>		"rahal"@uun	
"ŋáeo"@tsu	<https://panlex.org/snapshot/panlex-20191001-csv/114#8066993>				<https://panlex.org/snapshot/panlex-20191001-csv/114#8067009>		"ahán"@uun	
"ŋáeo"@tsu	<https://panlex.org/snapshot/panlex-20191001-csv/114#8066993>				<https://panlex.org/snapshot/panlex-20191001-csv/114#8067010>		"lahar"@uun	
"ŋáeo"@tsu	<https://panlex.org/snapshot/panlex-20191001-csv/114#8066993>				<https://panlex.org/snapshot/panlex-20191001-csv/114#8067012>		"rahhal"@uun	
"sʉ́nʉ"@tsu	<https://panlex.org/snapshot/panlex-20191001-csv/114#8064416>				<https://panlex.org/snapshot/panlex-20191001-csv/114#8064435>		"haho"@uun	
"sʉ́nʉ"@tsu	<https://panlex.org/snapshot/panlex-20191001-csv/114#8064416>				<https://panlex.org/snapshot/panlex-20191001-csv/114#8064436>		"hahoʼ"@uun	
"sʉ́nʉ"@tsu	<https://panlex.org/snapshot/panlex-20191001-csv/114#8064416>				<https://panlex.org/snapshot/panlex-20191001-csv/114#8064434>		"baqoŋ"@uun	
