"tạnu"@rtm	<https://panlex.org/snapshot/panlex-20191001-csv/12#851134>				<https://panlex.org/snapshot/panlex-20191001-csv/12#851143>		"tina"@sij	
"toto"@rtm	<https://panlex.org/snapshot/panlex-20191001-csv/114#8063244>				<https://panlex.org/snapshot/panlex-20191001-csv/114#8063253>		"masina"@sij	
"kahā"@rtm	<https://panlex.org/snapshot/panlex-20191001-csv/114#8068504>				<https://panlex.org/snapshot/panlex-20191001-csv/114#8068513>		"-momola"@sij	
"kia"@rtm	<https://panlex.org/snapshot/panlex-20191001-csv/114#8064321>				<https://panlex.org/snapshot/panlex-20191001-csv/114#8064330>		"gidu"@sij	
"alele"@rtm	<https://panlex.org/snapshot/panlex-20191001-csv/114#8067970>				<https://panlex.org/snapshot/panlex-20191001-csv/114#8067980>		"amala"@sij	
"äfe"@rtm	<https://panlex.org/snapshot/panlex-20191001-csv/114#8060148>				<https://panlex.org/snapshot/panlex-20191001-csv/114#8060157>		"ate"@sij	
"leu/m"@rtm	<https://panlex.org/snapshot/panlex-20191001-csv/114#8055120>				<https://panlex.org/snapshot/panlex-20191001-csv/114#8055133>		"-ma"@sij	
"sui"@rtm	<https://panlex.org/snapshot/panlex-20191001-csv/114#8059188>				<https://panlex.org/snapshot/panlex-20191001-csv/114#8059197>		"tuatua"@sij	
