"sun-ti"@fia	<https://panlex.org/snapshot/panlex-20191001-csv/3975#51722246>				<https://panlex.org/snapshot/panlex-20191001-csv/3975#51722264>		"mičʼ-ek"@kry	
"sun-ti"@fia	<https://panlex.org/snapshot/panlex-20191001-csv/3975#51722246>				<https://panlex.org/snapshot/panlex-20191001-csv/3975#51722263>		"dirnaχ"@kry	
"wáːy-ìr"@fia	<https://panlex.org/snapshot/panlex-20191001-csv/3975#51724761>				<https://panlex.org/snapshot/panlex-20191001-csv/3975#51724779>		"qː=anqʼʷan-"@kry	
"wáːy-ìr"@fia	<https://panlex.org/snapshot/panlex-20191001-csv/3975#51724761>				<https://panlex.org/snapshot/panlex-20191001-csv/3975#51724780>		"qː=alqʼon-"@kry	
"kawar-ti"@fia	<https://panlex.org/snapshot/panlex-20191001-csv/3975#51721261>				<https://panlex.org/snapshot/panlex-20191001-csv/3975#51721285>		"qːuš"@kry	
"kawar-ti"@fia	<https://panlex.org/snapshot/panlex-20191001-csv/3975#51721261>				<https://panlex.org/snapshot/panlex-20191001-csv/3975#51721284>		"qːuš"@kry	
"kóʓìr"@fia	<https://panlex.org/snapshot/panlex-20191001-csv/3975#51730959>				<https://panlex.org/snapshot/panlex-20191001-csv/3975#51730977>		"tum"@kry	
"kóʓìr"@fia	<https://panlex.org/snapshot/panlex-20191001-csv/3975#51730959>				<https://panlex.org/snapshot/panlex-20191001-csv/3975#51730978>		"tum"@kry	
"kuʓ-"@fia	<https://panlex.org/snapshot/panlex-20191001-csv/3975#51732432>				<https://panlex.org/snapshot/panlex-20191001-csv/3975#51732448>		"šina ar-"@kry	
"kuʓ-"@fia	<https://panlex.org/snapshot/panlex-20191001-csv/3975#51732432>				<https://panlex.org/snapshot/panlex-20191001-csv/3975#51732449>		"üzmiš xi-"@kry	
"díːs"@fia	<https://panlex.org/snapshot/panlex-20191001-csv/3975#51721682>				<https://panlex.org/snapshot/panlex-20191001-csv/3975#51721708>		"irä-ǯ"@kry	
"díːs"@fia	<https://panlex.org/snapshot/panlex-20191001-csv/3975#51721682>				<https://panlex.org/snapshot/panlex-20191001-csv/3975#51721707>		"ira-ǯ"@kry	
"úkkí"@fia	<https://panlex.org/snapshot/panlex-20191001-csv/3975#51723439>				<https://panlex.org/snapshot/panlex-20191001-csv/3975#51723464>		"ibɨr"@kry	
"úkkí"@fia	<https://panlex.org/snapshot/panlex-20191001-csv/3975#51723439>				<https://panlex.org/snapshot/panlex-20191001-csv/3975#51723463>		"ibur"@kry	
"úkkí"@fia	<https://panlex.org/snapshot/panlex-20191001-csv/3975#51727084>				<https://panlex.org/snapshot/panlex-20191001-csv/3975#51727108>		"beš"@kry	
"úkkí"@fia	<https://panlex.org/snapshot/panlex-20191001-csv/3975#51727084>				<https://panlex.org/snapshot/panlex-20191001-csv/3975#51727107>		"yarpaʁ"@kry	
"sìlèː"@fia	<https://panlex.org/snapshot/panlex-20191001-csv/3975#51724195>				<https://panlex.org/snapshot/panlex-20191001-csv/3975#51724219>		"maʔ"@kry	
"sìlèː"@fia	<https://panlex.org/snapshot/panlex-20191001-csv/3975#51724195>				<https://panlex.org/snapshot/panlex-20191001-csv/3975#51724220>		"mäʔ"@kry	
"kí-ìl"@fia	<https://panlex.org/snapshot/panlex-20191001-csv/3975#51722644>				<https://panlex.org/snapshot/panlex-20191001-csv/3975#51722671>		"ʕ=ušχä-"@kry	
"kí-ìl"@fia	<https://panlex.org/snapshot/panlex-20191001-csv/3975#51722644>				<https://panlex.org/snapshot/panlex-20191001-csv/3975#51722670>		"ʕ=axu-"@kry	
"kí-ìl"@fia	<https://panlex.org/snapshot/panlex-20191001-csv/3975#51722644>				<https://panlex.org/snapshot/panlex-20191001-csv/3975#51722669>		"ʕ=ašxa-"@kry	
"kí-ìl"@fia	<https://panlex.org/snapshot/panlex-20191001-csv/3975#51722644>				<https://panlex.org/snapshot/panlex-20191001-csv/3975#51722672>		"ʕ=uxu-"@kry	
"kìd"@fia	<https://panlex.org/snapshot/panlex-20191001-csv/3975#51732134>				<https://panlex.org/snapshot/panlex-20191001-csv/3975#51732155>		"dahar"@kry	
"kìd"@fia	<https://panlex.org/snapshot/panlex-20191001-csv/3975#51732134>				<https://panlex.org/snapshot/panlex-20191001-csv/3975#51732156>		"χud"@kry	
"ámán"@fia	<https://panlex.org/snapshot/panlex-20191001-csv/3975#51734080>				<https://panlex.org/snapshot/panlex-20191001-csv/3975#51734104>		"xad"@kry	
"ámán"@fia	<https://panlex.org/snapshot/panlex-20191001-csv/3975#51734080>				<https://panlex.org/snapshot/panlex-20191001-csv/3975#51734105>		"xäd"@kry	
"úwwó"@fia	<https://panlex.org/snapshot/panlex-20191001-csv/3975#51733605>				<https://panlex.org/snapshot/panlex-20191001-csv/3975#51733632>		"qʼʷa-"@kry	
"úwwó"@fia	<https://panlex.org/snapshot/panlex-20191001-csv/3975#51733605>				<https://panlex.org/snapshot/panlex-20191001-csv/3975#51733631>		"qʼʷa-"@kry	
"íːg-ìr"@fia	<https://panlex.org/snapshot/panlex-20191001-csv/3975#51730629>				<https://panlex.org/snapshot/panlex-20191001-csv/3975#51730659>		"l=u-"@kry	
"íːg-ìr"@fia	<https://panlex.org/snapshot/panlex-20191001-csv/3975#51730629>				<https://panlex.org/snapshot/panlex-20191001-csv/3975#51730658>		"l=ip-"@kry	
"íːg-ìr"@fia	<https://panlex.org/snapshot/panlex-20191001-csv/3975#51730629>				<https://panlex.org/snapshot/panlex-20191001-csv/3975#51730660>		"l=ip-"@kry	
"íːg-ìr"@fia	<https://panlex.org/snapshot/panlex-20191001-csv/3975#51730629>				<https://panlex.org/snapshot/panlex-20191001-csv/3975#51730657>		"l=i-yi"@kry	
"ìrbé-èr"@fia	<https://panlex.org/snapshot/panlex-20191001-csv/3975#51726948>				<https://panlex.org/snapshot/panlex-20191001-csv/3975#51726969>		"=äcʼä-"@kry	
"ìrbé-èr"@fia	<https://panlex.org/snapshot/panlex-20191001-csv/3975#51726948>				<https://panlex.org/snapshot/panlex-20191001-csv/3975#51726968>		"=acʼa-ra ša-r-"@kry	
"issi"@fia	<https://panlex.org/snapshot/panlex-20191001-csv/3975#51727648>				<https://panlex.org/snapshot/panlex-20191001-csv/3975#51727671>		"liš"@kry	
"issi"@fia	<https://panlex.org/snapshot/panlex-20191001-csv/3975#51727648>				<https://panlex.org/snapshot/panlex-20191001-csv/3975#51727670>		"liš"@kry	
"áy"@fia	<https://panlex.org/snapshot/panlex-20191001-csv/3975#51726188>				<https://panlex.org/snapshot/panlex-20191001-csv/3975#51726214>		"yikʼ"@kry	
"áy"@fia	<https://panlex.org/snapshot/panlex-20191001-csv/3975#51726188>				<https://panlex.org/snapshot/panlex-20191001-csv/3975#51726213>		"yikʼ"@kry	
"mìn"@fia	<https://panlex.org/snapshot/panlex-20191001-csv/3975#51734461>				<https://panlex.org/snapshot/panlex-20191001-csv/3975#51734487>		"ši"@kry	
"mìn"@fia	<https://panlex.org/snapshot/panlex-20191001-csv/3975#51734461>				<https://panlex.org/snapshot/panlex-20191001-csv/3975#51734488>		"ši"@kry	
"nùlù"@fia	<https://panlex.org/snapshot/panlex-20191001-csv/3975#51734614>				<https://panlex.org/snapshot/panlex-20191001-csv/3975#51734633>		"läzɨ"@kry	
"nùlù"@fia	<https://panlex.org/snapshot/panlex-20191001-csv/3975#51734614>				<https://panlex.org/snapshot/panlex-20191001-csv/3975#51734632>		"luzu"@kry	
"tùː"@fia	<https://panlex.org/snapshot/panlex-20191001-csv/3975#51720986>				<https://panlex.org/snapshot/panlex-20191001-csv/3975#51721006>		"fan"@kry	
"tùː"@fia	<https://panlex.org/snapshot/panlex-20191001-csv/3975#51720986>				<https://panlex.org/snapshot/panlex-20191001-csv/3975#51721007>		"fän"@kry	
"múg"@fia	<https://panlex.org/snapshot/panlex-20191001-csv/3975#51722982>				<https://panlex.org/snapshot/panlex-20191001-csv/3975#51723007>		"χʷar"@kry	
"múg"@fia	<https://panlex.org/snapshot/panlex-20191001-csv/3975#51722982>				<https://panlex.org/snapshot/panlex-20191001-csv/3975#51723008>		"χʷar"@kry	
"múg"@fia	<https://panlex.org/snapshot/panlex-20191001-csv/3975#51722982>				<https://panlex.org/snapshot/panlex-20191001-csv/3975#51723009>		"χor"@kry	
"kùdúːd"@fia	<https://panlex.org/snapshot/panlex-20191001-csv/3975#51731557>				<https://panlex.org/snapshot/panlex-20191001-csv/3975#51731581>		"silä"@kry	
"kùdúːd"@fia	<https://panlex.org/snapshot/panlex-20191001-csv/3975#51731557>				<https://panlex.org/snapshot/panlex-20191001-csv/3975#51731580>		"sila"@kry	
"úrúm"@fia	<https://panlex.org/snapshot/panlex-20191001-csv/3975#51721541>				<https://panlex.org/snapshot/panlex-20191001-csv/3975#51721564>		"läħä"@kry	
"úrúm"@fia	<https://panlex.org/snapshot/panlex-20191001-csv/3975#51721541>				<https://panlex.org/snapshot/panlex-20191001-csv/3975#51721563>		"leha"@kry	
"náwá"@fia	<https://panlex.org/snapshot/panlex-20191001-csv/3975#51731247>				<https://panlex.org/snapshot/panlex-20191001-csv/3975#51731271>		"leʕ"@kry	
"náwá"@fia	<https://panlex.org/snapshot/panlex-20191001-csv/3975#51731247>				<https://panlex.org/snapshot/panlex-20191001-csv/3975#51731270>		"ʕič"@kry	
"wèː"@fia	<https://panlex.org/snapshot/panlex-20191001-csv/3975#51729537>				<https://panlex.org/snapshot/panlex-20191001-csv/3975#51729566>		"sa-"@kry	
"wèː"@fia	<https://panlex.org/snapshot/panlex-20191001-csv/3975#51729537>				<https://panlex.org/snapshot/panlex-20191001-csv/3975#51729567>		"sa-"@kry	
"fìyy-ìr"@fia	<https://panlex.org/snapshot/panlex-20191001-csv/3975#51727232>				<https://panlex.org/snapshot/panlex-20191001-csv/3975#51727256>		"c=uqʼäl-"@kry	
"fìyy-ìr"@fia	<https://panlex.org/snapshot/panlex-20191001-csv/3975#51727232>				<https://panlex.org/snapshot/panlex-20191001-csv/3975#51727255>		"qː=aqʼal-"@kry	
"sám-á"@fia	<https://panlex.org/snapshot/panlex-20191001-csv/3975#51723302>				<https://panlex.org/snapshot/panlex-20191001-csv/3975#51723324>		"säʕ-y"@kry	
"sám-á"@fia	<https://panlex.org/snapshot/panlex-20191001-csv/3975#51723302>				<https://panlex.org/snapshot/panlex-20191001-csv/3975#51723323>		"saʔa"@kry	
"ólów"@fia	<https://panlex.org/snapshot/panlex-20191001-csv/3975#51735994>				<https://panlex.org/snapshot/panlex-20191001-csv/3975#51736018>		"qʼilːa"@kry	
"ólów"@fia	<https://panlex.org/snapshot/panlex-20191001-csv/3975#51735994>				<https://panlex.org/snapshot/panlex-20191001-csv/3975#51736019>		"qʼɨl"@kry	
"gìsìr"@fia	<https://panlex.org/snapshot/panlex-20191001-csv/3975#51721833>				<https://panlex.org/snapshot/panlex-20191001-csv/3975#51721856>		"kʼäräpʼ"@kry	
"gìsìr"@fia	<https://panlex.org/snapshot/panlex-20191001-csv/3975#51721833>				<https://panlex.org/snapshot/panlex-20191001-csv/3975#51721855>		"kʼarapʼ"@kry	
"gìttí"@fia	<https://panlex.org/snapshot/panlex-20191001-csv/3975#51735315>				<https://panlex.org/snapshot/panlex-20191001-csv/3975#51735335>		"ʕakʼ"@kry	
"gìttí"@fia	<https://panlex.org/snapshot/panlex-20191001-csv/3975#51735315>				<https://panlex.org/snapshot/panlex-20191001-csv/3975#51735334>		"ʕarkʼa"@kry	
"šiber"@fia	<https://panlex.org/snapshot/panlex-20191001-csv/3975#51724337>				<https://panlex.org/snapshot/panlex-20191001-csv/3975#51724355>		"kʷak"@kry	
"šiber"@fia	<https://panlex.org/snapshot/panlex-20191001-csv/3975#51724337>				<https://panlex.org/snapshot/panlex-20191001-csv/3975#51724354>		"kuk"@kry	
"dí-ìl"@fia	<https://panlex.org/snapshot/panlex-20191001-csv/3975#51722827>				<https://panlex.org/snapshot/panlex-20191001-csv/3975#51722856>		"qʼäy-"@kry	
"dí-ìl"@fia	<https://panlex.org/snapshot/panlex-20191001-csv/3975#51722827>				<https://panlex.org/snapshot/panlex-20191001-csv/3975#51722857>		"qʼäy-"@kry	
"úkké-èr"@fia	<https://panlex.org/snapshot/panlex-20191001-csv/3975#51726035>				<https://panlex.org/snapshot/panlex-20191001-csv/3975#51726062>		"ix-"@kry	
"úkké-èr"@fia	<https://panlex.org/snapshot/panlex-20191001-csv/3975#51726035>				<https://panlex.org/snapshot/panlex-20191001-csv/3975#51726061>		"ixa-"@kry	
"ògʓí-l"@fia	<https://panlex.org/snapshot/panlex-20191001-csv/3975#51727779>				<https://panlex.org/snapshot/panlex-20191001-csv/3975#51727804>		"furi"@kry	
"ògʓí-l"@fia	<https://panlex.org/snapshot/panlex-20191001-csv/3975#51727779>				<https://panlex.org/snapshot/panlex-20191001-csv/3975#51727805>		"firi"@kry	
"dáwwí"@fia	<https://panlex.org/snapshot/panlex-20191001-csv/3975#51730126>				<https://panlex.org/snapshot/panlex-20191001-csv/3975#51730153>		"riχ"@kry	
"dáwwí"@fia	<https://panlex.org/snapshot/panlex-20191001-csv/3975#51730126>				<https://panlex.org/snapshot/panlex-20191001-csv/3975#51730152>		"riχ"@kry	
"déssí"@fia	<https://panlex.org/snapshot/panlex-20191001-csv/3975#51725457>				<https://panlex.org/snapshot/panlex-20191001-csv/3975#51725472>		"čʼuk-nu"@kry	
"déssí"@fia	<https://panlex.org/snapshot/panlex-20191001-csv/3975#51725457>				<https://panlex.org/snapshot/panlex-20191001-csv/3975#51725473>		"čʼukʼ-ni"@kry	
"dàwwí"@fia	<https://panlex.org/snapshot/panlex-20191001-csv/3975#51721120>				<https://panlex.org/snapshot/panlex-20191001-csv/3975#51721144>		"buʔu"@kry	
"dàwwí"@fia	<https://panlex.org/snapshot/panlex-20191001-csv/3975#51721120>				<https://panlex.org/snapshot/panlex-20191001-csv/3975#51721145>		"bu"@kry	
"nìːšì"@fia	<https://panlex.org/snapshot/panlex-20191001-csv/3975#51726328>				<https://panlex.org/snapshot/panlex-20191001-csv/3975#51726346>		"karč"@kry	
"nìːšì"@fia	<https://panlex.org/snapshot/panlex-20191001-csv/3975#51726328>				<https://panlex.org/snapshot/panlex-20191001-csv/3975#51726347>		"käč"@kry	
"áwá"@fia	<https://panlex.org/snapshot/panlex-20191001-csv/3975#51729055>				<https://panlex.org/snapshot/panlex-20191001-csv/3975#51729078>		"yif"@kry	
"áwá"@fia	<https://panlex.org/snapshot/panlex-20191001-csv/3975#51729055>				<https://panlex.org/snapshot/panlex-20191001-csv/3975#51729079>		"yif"@kry	
"wiːrki"@fia	<https://panlex.org/snapshot/panlex-20191001-csv/3975#51736270>				<https://panlex.org/snapshot/panlex-20191001-csv/3975#51736287>		"kʷak"@kry	
"wiːrki"@fia	<https://panlex.org/snapshot/panlex-20191001-csv/3975#51736270>				<https://panlex.org/snapshot/panlex-20191001-csv/3975#51736288>		"čič"@kry	
"wiːrki"@fia	<https://panlex.org/snapshot/panlex-20191001-csv/3975#51736270>				<https://panlex.org/snapshot/panlex-20191001-csv/3975#51736286>		"čič"@kry	
"tùːg"@fia	<https://panlex.org/snapshot/panlex-20191001-csv/3975#51736129>				<https://panlex.org/snapshot/panlex-20191001-csv/3975#51736154>		"kulak"@kry	
"tùːg"@fia	<https://panlex.org/snapshot/panlex-20191001-csv/3975#51736129>				<https://panlex.org/snapshot/panlex-20191001-csv/3975#51736155>		"kulak"@kry	
"=mùːn"@fia	<https://panlex.org/snapshot/panlex-20191001-csv/3975#51729369>				<https://panlex.org/snapshot/panlex-20191001-csv/3975#51729395>		"d-a-"@kry	
"=mùːn"@fia	<https://panlex.org/snapshot/panlex-20191001-csv/3975#51729369>				<https://panlex.org/snapshot/panlex-20191001-csv/3975#51729396>		"d-ä-"@kry	
"tèːr"@fia	<https://panlex.org/snapshot/panlex-20191001-csv/3975#51725159>				<https://panlex.org/snapshot/panlex-20191001-csv/3975#51725185>		"v=ucʼn-"@kry	
"tèːr"@fia	<https://panlex.org/snapshot/panlex-20191001-csv/3975#51725159>				<https://panlex.org/snapshot/panlex-20191001-csv/3975#51725184>		"vu-"@kry	
"tèːr"@fia	<https://panlex.org/snapshot/panlex-20191001-csv/3975#51725159>				<https://panlex.org/snapshot/panlex-20191001-csv/3975#51725183>		"v=ucʼ-"@kry	
"tèːr"@fia	<https://panlex.org/snapshot/panlex-20191001-csv/3975#51725159>				<https://panlex.org/snapshot/panlex-20191001-csv/3975#51725186>		"vu-"@kry	
"asfar"@fia	<https://panlex.org/snapshot/panlex-20191001-csv/3975#51735056>				<https://panlex.org/snapshot/panlex-20191001-csv/3975#51735072>		"qʼalːi"@kry	
"asfar"@fia	<https://panlex.org/snapshot/panlex-20191001-csv/3975#51735056>				<https://panlex.org/snapshot/panlex-20191001-csv/3975#51735073>		"cʼari"@kry	
"kúnbúː"@fia	<https://panlex.org/snapshot/panlex-20191001-csv/3975#51723907>				<https://panlex.org/snapshot/panlex-20191001-csv/3975#51723925>		"kusχuntʼ"@kry	
"kúnbúː"@fia	<https://panlex.org/snapshot/panlex-20191001-csv/3975#51723907>				<https://panlex.org/snapshot/panlex-20191001-csv/3975#51723926>		"kusuntʼ"@kry	
"nàr"@fia	<https://panlex.org/snapshot/panlex-20191001-csv/3975#51733152>				<https://panlex.org/snapshot/panlex-20191001-csv/3975#51733176>		"mez"@kry	
"nàr"@fia	<https://panlex.org/snapshot/panlex-20191001-csv/3975#51733152>				<https://panlex.org/snapshot/panlex-20191001-csv/3975#51733175>		"mez"@kry	
"wìnʓì"@fia	<https://panlex.org/snapshot/panlex-20191001-csv/3975#51731978>				<https://panlex.org/snapshot/panlex-20191001-csv/3975#51732003>		"hačʼ"@kry	
"wìnʓì"@fia	<https://panlex.org/snapshot/panlex-20191001-csv/3975#51731978>				<https://panlex.org/snapshot/panlex-20191001-csv/3975#51732004>		"ħäčʼ"@kry	
"ʓùgé-èr"@fia	<https://panlex.org/snapshot/panlex-20191001-csv/3975#51722103>				<https://panlex.org/snapshot/panlex-20191001-csv/3975#51722125>		"ugu-"@kry	
"ʓùgé-èr"@fia	<https://panlex.org/snapshot/panlex-20191001-csv/3975#51722103>				<https://panlex.org/snapshot/panlex-20191001-csv/3975#51722126>		"uga-"@kry	
"tàŋìs"@fia	<https://panlex.org/snapshot/panlex-20191001-csv/3975#51728640>				<https://panlex.org/snapshot/panlex-20191001-csv/3975#51728663>		"tur"@kry	
"tàŋìs"@fia	<https://panlex.org/snapshot/panlex-20191001-csv/3975#51728640>				<https://panlex.org/snapshot/panlex-20191001-csv/3975#51728664>		"tɨr"@kry	
"nìːd"@fia	<https://panlex.org/snapshot/panlex-20191001-csv/3975#51733304>				<https://panlex.org/snapshot/panlex-20191001-csv/3975#51733329>		"sil"@kry	
"nìːd"@fia	<https://panlex.org/snapshot/panlex-20191001-csv/3975#51733304>				<https://panlex.org/snapshot/panlex-20191001-csv/3975#51733328>		"sil"@kry	
"wèːr"@fia	<https://panlex.org/snapshot/panlex-20191001-csv/3975#51729535>				<https://panlex.org/snapshot/panlex-20191001-csv/3975#51729566>		"sa-"@kry	
"wèːr"@fia	<https://panlex.org/snapshot/panlex-20191001-csv/3975#51729535>				<https://panlex.org/snapshot/panlex-20191001-csv/3975#51729567>		"sa-"@kry	
"máːɲ"@fia	<https://panlex.org/snapshot/panlex-20191001-csv/3975#51724040>				<https://panlex.org/snapshot/panlex-20191001-csv/3975#51724068>		"ʕül"@kry	
"máːɲ"@fia	<https://panlex.org/snapshot/panlex-20191001-csv/3975#51724040>				<https://panlex.org/snapshot/panlex-20191001-csv/3975#51724067>		"ʕul"@kry	
"ùː"@fia	<https://panlex.org/snapshot/panlex-20191001-csv/3975#51734241>				<https://panlex.org/snapshot/panlex-20191001-csv/3975#51734285>		"yi-n"@kry	
"ùː"@fia	<https://panlex.org/snapshot/panlex-20191001-csv/3975#51734241>				<https://panlex.org/snapshot/panlex-20191001-csv/3975#51734283>		"yi-n"@kry	
"ùː"@fia	<https://panlex.org/snapshot/panlex-20191001-csv/3975#51734241>				<https://panlex.org/snapshot/panlex-20191001-csv/3975#51734282>		"ži-n"@kry	
"ùː"@fia	<https://panlex.org/snapshot/panlex-20191001-csv/3975#51734241>				<https://panlex.org/snapshot/panlex-20191001-csv/3975#51734284>		"ži-n"@kry	
"tìːg-îr"@fia	<https://panlex.org/snapshot/panlex-20191001-csv/3975#51731084>				<https://panlex.org/snapshot/panlex-20191001-csv/3975#51731111>		"äs=qʼʷan-"@kry	
"tìːg-îr"@fia	<https://panlex.org/snapshot/panlex-20191001-csv/3975#51731084>				<https://panlex.org/snapshot/panlex-20191001-csv/3975#51731110>		"as=qʼʷan-"@kry	
"wèːl"@fia	<https://panlex.org/snapshot/panlex-20191001-csv/3975#51729536>				<https://panlex.org/snapshot/panlex-20191001-csv/3975#51729566>		"sa-"@kry	
"wèːl"@fia	<https://panlex.org/snapshot/panlex-20191001-csv/3975#51729536>				<https://panlex.org/snapshot/panlex-20191001-csv/3975#51729567>		"sa-"@kry	
"àːg-ìl"@fia	<https://panlex.org/snapshot/panlex-20191001-csv/3975#51731083>				<https://panlex.org/snapshot/panlex-20191001-csv/3975#51731111>		"äs=qʼʷan-"@kry	
"àːg-ìl"@fia	<https://panlex.org/snapshot/panlex-20191001-csv/3975#51731083>				<https://panlex.org/snapshot/panlex-20191001-csv/3975#51731110>		"as=qʼʷan-"@kry	
"nèːl"@fia	<https://panlex.org/snapshot/panlex-20191001-csv/3975#51730793>				<https://panlex.org/snapshot/panlex-20191001-csv/3975#51730819>		"irqi-"@kry	
"nèːl"@fia	<https://panlex.org/snapshot/panlex-20191001-csv/3975#51730793>				<https://panlex.org/snapshot/panlex-20191001-csv/3975#51730820>		"irqi-"@kry	
"dìbèː"@fia	<https://panlex.org/snapshot/panlex-20191001-csv/3975#51727381>				<https://panlex.org/snapshot/panlex-20191001-csv/3975#51727404>		"leha=taχul"@kry	
"dìbèː"@fia	<https://panlex.org/snapshot/panlex-20191001-csv/3975#51727381>				<https://panlex.org/snapshot/panlex-20191001-csv/3975#51727403>		"taχul"@kry	
"dìbèː"@fia	<https://panlex.org/snapshot/panlex-20191001-csv/3975#51727381>				<https://panlex.org/snapshot/panlex-20191001-csv/3975#51727405>		"läħä=läħkän"@kry	
"ʓúù-l"@fia	<https://panlex.org/snapshot/panlex-20191001-csv/3975#51733770>				<https://panlex.org/snapshot/panlex-20191001-csv/3975#51733795>		"=ix-"@kry	
"ʓúù-l"@fia	<https://panlex.org/snapshot/panlex-20191001-csv/3975#51733770>				<https://panlex.org/snapshot/panlex-20191001-csv/3975#51733792>		"č=a-r-"@kry	
"ʓúù-l"@fia	<https://panlex.org/snapshot/panlex-20191001-csv/3975#51733770>				<https://panlex.org/snapshot/panlex-20191001-csv/3975#51733793>		"yixi-"@kry	
"ʓúù-l"@fia	<https://panlex.org/snapshot/panlex-20191001-csv/3975#51733770>				<https://panlex.org/snapshot/panlex-20191001-csv/3975#51733794>		"č=ä-r-"@kry	
"ùnát-tí"@fia	<https://panlex.org/snapshot/panlex-20191001-csv/3975#51728228>				<https://panlex.org/snapshot/panlex-20191001-csv/3975#51728254>		"vaz"@kry	
"ùnát-tí"@fia	<https://panlex.org/snapshot/panlex-20191001-csv/3975#51728228>				<https://panlex.org/snapshot/panlex-20191001-csv/3975#51728255>		"väz"@kry	
"geger"@fia	<https://panlex.org/snapshot/panlex-20191001-csv/3975#51730386>				<https://panlex.org/snapshot/panlex-20191001-csv/3975#51730401>		"bembeleɢʷatʼa"@kry	
"geger"@fia	<https://panlex.org/snapshot/panlex-20191001-csv/3975#51730386>				<https://panlex.org/snapshot/panlex-20191001-csv/3975#51730402>		"gurgu-m"@kry	
"óːy"@fia	<https://panlex.org/snapshot/panlex-20191001-csv/3975#51724893>				<https://panlex.org/snapshot/panlex-20191001-csv/3975#51724915>		"qːil"@kry	
"óːy"@fia	<https://panlex.org/snapshot/panlex-20191001-csv/3975#51724893>				<https://panlex.org/snapshot/panlex-20191001-csv/3975#51724916>		"qːil"@kry	
"ìmíːd"@fia	<https://panlex.org/snapshot/panlex-20191001-csv/3975#51735583>				<https://panlex.org/snapshot/panlex-20191001-csv/3975#51735606>		"qʼel"@kry	
"ìmíːd"@fia	<https://panlex.org/snapshot/panlex-20191001-csv/3975#51735583>				<https://panlex.org/snapshot/panlex-20191001-csv/3975#51735605>		"qʼel"@kry	
"óg"@fia	<https://panlex.org/snapshot/panlex-20191001-csv/3975#51721967>				<https://panlex.org/snapshot/panlex-20191001-csv/3975#51721988>		"maχar"@kry	
"óg"@fia	<https://panlex.org/snapshot/panlex-20191001-csv/3975#51721967>				<https://panlex.org/snapshot/panlex-20191001-csv/3975#51721987>		"maχar"@kry	
"kàb-ìr"@fia	<https://panlex.org/snapshot/panlex-20191001-csv/3975#51723737>				<https://panlex.org/snapshot/panlex-20191001-csv/3975#51723762>		"üʕl-"@kry	
"kàb-ìr"@fia	<https://panlex.org/snapshot/panlex-20191001-csv/3975#51723737>				<https://panlex.org/snapshot/panlex-20191001-csv/3975#51723761>		"ul-"@kry	
"géːl"@fia	<https://panlex.org/snapshot/panlex-20191001-csv/3975#51729987>				<https://panlex.org/snapshot/panlex-20191001-csv/3975#51730008>		"iuru"@kry	
"géːl"@fia	<https://panlex.org/snapshot/panlex-20191001-csv/3975#51729987>				<https://panlex.org/snapshot/panlex-20191001-csv/3975#51730009>		"iri"@kry	
"ày"@fia	<https://panlex.org/snapshot/panlex-20191001-csv/3975#51726466>				<https://panlex.org/snapshot/panlex-20191001-csv/3975#51726499>		"zɨ-n"@kry	
"ày"@fia	<https://panlex.org/snapshot/panlex-20191001-csv/3975#51726466>				<https://panlex.org/snapshot/panlex-20191001-csv/3975#51726498>		"zi"@kry	
"ày"@fia	<https://panlex.org/snapshot/panlex-20191001-csv/3975#51726466>				<https://panlex.org/snapshot/panlex-20191001-csv/3975#51726497>		"zi-n"@kry	
"àngíssí"@fia	<https://panlex.org/snapshot/panlex-20191001-csv/3975#51724620>				<https://panlex.org/snapshot/panlex-20191001-csv/3975#51724645>		"balɨʁ"@kry	
"àngíssí"@fia	<https://panlex.org/snapshot/panlex-20191001-csv/3975#51724620>				<https://panlex.org/snapshot/panlex-20191001-csv/3975#51724644>		"baluʁ"@kry	
"màs"@fia	<https://panlex.org/snapshot/panlex-20191001-csv/3975#51725319>				<https://panlex.org/snapshot/panlex-20191001-csv/3975#51725341>		"ɣala"@kry	
"màs"@fia	<https://panlex.org/snapshot/panlex-20191001-csv/3975#51725319>				<https://panlex.org/snapshot/panlex-20191001-csv/3975#51725342>		"ʁalä"@kry	
"ùráːd"@fia	<https://panlex.org/snapshot/panlex-20191001-csv/3975#51735717>				<https://panlex.org/snapshot/panlex-20191001-csv/3975#51735739>		"gʷädä"@kry	
"ùráːd"@fia	<https://panlex.org/snapshot/panlex-20191001-csv/3975#51735717>				<https://panlex.org/snapshot/panlex-20191001-csv/3975#51735738>		"gʷada"@kry	
"kúr-tí"@fia	<https://panlex.org/snapshot/panlex-20191001-csv/3975#51726807>				<https://panlex.org/snapshot/panlex-20191001-csv/3975#51726830>		"pip"@kry	
"kúr-tí"@fia	<https://panlex.org/snapshot/panlex-20191001-csv/3975#51726807>				<https://panlex.org/snapshot/panlex-20191001-csv/3975#51726831>		"pip"@kry	
"bìslángí"@fia	<https://panlex.org/snapshot/panlex-20191001-csv/3975#51735848>				<https://panlex.org/snapshot/panlex-20191001-csv/3975#51735874>		"ɣar"@kry	
"bìslángí"@fia	<https://panlex.org/snapshot/panlex-20191001-csv/3975#51735848>				<https://panlex.org/snapshot/panlex-20191001-csv/3975#51735875>		"ilan"@kry	
"kóy"@fia	<https://panlex.org/snapshot/panlex-20191001-csv/3975#51733453>				<https://panlex.org/snapshot/panlex-20191001-csv/3975#51733477>		"kʼina"@kry	
"kóy"@fia	<https://panlex.org/snapshot/panlex-20191001-csv/3975#51733453>				<https://panlex.org/snapshot/panlex-20191001-csv/3975#51733478>		"dar"@kry	
"sòrìŋ"@fia	<https://panlex.org/snapshot/panlex-20191001-csv/3975#51729208>				<https://panlex.org/snapshot/panlex-20191001-csv/3975#51729234>		"maʔal"@kry	
"sòrìŋ"@fia	<https://panlex.org/snapshot/panlex-20191001-csv/3975#51729208>				<https://panlex.org/snapshot/panlex-20191001-csv/3975#51729235>		"miʔel"@kry	
"màlléː"@fia	<https://panlex.org/snapshot/panlex-20191001-csv/3975#51720582>				<https://panlex.org/snapshot/panlex-20191001-csv/3975#51720604>		"girt"@kry	
"màlléː"@fia	<https://panlex.org/snapshot/panlex-20191001-csv/3975#51720582>				<https://panlex.org/snapshot/panlex-20191001-csv/3975#51720605>		"vari"@kry	
"ùbúr-tí"@fia	<https://panlex.org/snapshot/panlex-20191001-csv/3975#51720722>				<https://panlex.org/snapshot/panlex-20191001-csv/3975#51720749>		"raq"@kry	
"ùbúr-tí"@fia	<https://panlex.org/snapshot/panlex-20191001-csv/3975#51720722>				<https://panlex.org/snapshot/panlex-20191001-csv/3975#51720750>		"räq"@kry	
"ménʓ-ìr"@fia	<https://panlex.org/snapshot/panlex-20191001-csv/3975#51731845>				<https://panlex.org/snapshot/panlex-20191001-csv/3975#51731867>		"qː=atʼäl-"@kry	
"ménʓ-ìr"@fia	<https://panlex.org/snapshot/panlex-20191001-csv/3975#51731845>				<https://panlex.org/snapshot/panlex-20191001-csv/3975#51731866>		"qː=atʼal-"@kry	
"gèm"@fia	<https://panlex.org/snapshot/panlex-20191001-csv/3975#51736380>				<https://panlex.org/snapshot/panlex-20191001-csv/3975#51736408>		"san"@kry	
"gèm"@fia	<https://panlex.org/snapshot/panlex-20191001-csv/3975#51736380>				<https://panlex.org/snapshot/panlex-20191001-csv/3975#51736409>		"sän"@kry	
"àɕì"@fia	<https://panlex.org/snapshot/panlex-20191001-csv/3975#51720856>				<https://panlex.org/snapshot/panlex-20191001-csv/3975#51720878>		"qːabuʁ"@kry	
"àɕì"@fia	<https://panlex.org/snapshot/panlex-20191001-csv/3975#51720856>				<https://panlex.org/snapshot/panlex-20191001-csv/3975#51720880>		"qːabuʁ"@kry	
"àɕì"@fia	<https://panlex.org/snapshot/panlex-20191001-csv/3975#51720856>				<https://panlex.org/snapshot/panlex-20191001-csv/3975#51720879>		"qːabuχ"@kry	
"àːg-ìr"@fia	<https://panlex.org/snapshot/panlex-20191001-csv/3975#51731082>				<https://panlex.org/snapshot/panlex-20191001-csv/3975#51731111>		"äs=qʼʷan-"@kry	
"àːg-ìr"@fia	<https://panlex.org/snapshot/panlex-20191001-csv/3975#51731082>				<https://panlex.org/snapshot/panlex-20191001-csv/3975#51731110>		"as=qʼʷan-"@kry	
"ʓèlèw"@fia	<https://panlex.org/snapshot/panlex-20191001-csv/3975#51732552>				<https://panlex.org/snapshot/panlex-20191001-csv/3975#51732575>		"ǯiy"@kry	
"ʓèlèw"@fia	<https://panlex.org/snapshot/panlex-20191001-csv/3975#51732552>				<https://panlex.org/snapshot/panlex-20191001-csv/3975#51732576>		"ǯi"@kry	
"áwwí"@fia	<https://panlex.org/snapshot/panlex-20191001-csv/3975#51729847>				<https://panlex.org/snapshot/panlex-20191001-csv/3975#51729872>		"čʼebi-ǯ"@kry	
"áwwí"@fia	<https://panlex.org/snapshot/panlex-20191001-csv/3975#51729847>				<https://panlex.org/snapshot/panlex-20191001-csv/3975#51729871>		"čʼebi-ǯ"@kry	
"kúmbúː"@fia	<https://panlex.org/snapshot/panlex-20191001-csv/3975#51723906>				<https://panlex.org/snapshot/panlex-20191001-csv/3975#51723925>		"kusχuntʼ"@kry	
"kúmbúː"@fia	<https://panlex.org/snapshot/panlex-20191001-csv/3975#51723906>				<https://panlex.org/snapshot/panlex-20191001-csv/3975#51723926>		"kusuntʼ"@kry	
"ìd=éːn"@fia	<https://panlex.org/snapshot/panlex-20191001-csv/3975#51734894>				<https://panlex.org/snapshot/panlex-20191001-csv/3975#51734919>		"χɨnɨb"@kry	
"ìd=éːn"@fia	<https://panlex.org/snapshot/panlex-20191001-csv/3975#51734894>				<https://panlex.org/snapshot/panlex-20191001-csv/3975#51734918>		"χinib"@kry	
"ág"@fia	<https://panlex.org/snapshot/panlex-20191001-csv/3975#51728489>				<https://panlex.org/snapshot/panlex-20191001-csv/3975#51728513>		"siy"@kry	
"ág"@fia	<https://panlex.org/snapshot/panlex-20191001-csv/3975#51728489>				<https://panlex.org/snapshot/panlex-20191001-csv/3975#51728514>		"siv"@kry	
"fìː-r"@fia	<https://panlex.org/snapshot/panlex-20191001-csv/3975#51727233>				<https://panlex.org/snapshot/panlex-20191001-csv/3975#51727256>		"c=uqʼäl-"@kry	
"fìː-r"@fia	<https://panlex.org/snapshot/panlex-20191001-csv/3975#51727233>				<https://panlex.org/snapshot/panlex-20191001-csv/3975#51727255>		"qː=aqʼal-"@kry	
"fáːy-èːr"@fia	<https://panlex.org/snapshot/panlex-20191001-csv/3975#51726661>				<https://panlex.org/snapshot/panlex-20191001-csv/3975#51726683>		"qʼäy-"@kry	
"fáːy-èːr"@fia	<https://panlex.org/snapshot/panlex-20191001-csv/3975#51726661>				<https://panlex.org/snapshot/panlex-20191001-csv/3975#51726682>		"qʼäy-"@kry	
"díyy-í"@fia	<https://panlex.org/snapshot/panlex-20191001-csv/3975#51727932>				<https://panlex.org/snapshot/panlex-20191001-csv/3975#51727952>		"parä"@kry	
"díyy-í"@fia	<https://panlex.org/snapshot/panlex-20191001-csv/3975#51727932>				<https://panlex.org/snapshot/panlex-20191001-csv/3975#51727951>		"χayla"@kry	
"áríʓ"@fia	<https://panlex.org/snapshot/panlex-20191001-csv/3975#51728073>				<https://panlex.org/snapshot/panlex-20191001-csv/3975#51728097>		"yek"@kry	
"áríʓ"@fia	<https://panlex.org/snapshot/panlex-20191001-csv/3975#51728073>				<https://panlex.org/snapshot/panlex-20191001-csv/3975#51728096>		"yak"@kry	
"ì-r"@fia	<https://panlex.org/snapshot/panlex-20191001-csv/3975#51733006>				<https://panlex.org/snapshot/panlex-20191001-csv/3975#51733026>		"vɨ-n"@kry	
"ì-r"@fia	<https://panlex.org/snapshot/panlex-20191001-csv/3975#51733006>				<https://panlex.org/snapshot/panlex-20191001-csv/3975#51733024>		"vu-n"@kry	
"ì-r"@fia	<https://panlex.org/snapshot/panlex-20191001-csv/3975#51733006>				<https://panlex.org/snapshot/panlex-20191001-csv/3975#51733025>		"vu-n"@kry	
"ʓúː"@fia	<https://panlex.org/snapshot/panlex-20191001-csv/3975#51730269>				<https://panlex.org/snapshot/panlex-20191001-csv/3975#51730287>		"kuk"@kry	
"ʓúː"@fia	<https://panlex.org/snapshot/panlex-20191001-csv/3975#51730269>				<https://panlex.org/snapshot/panlex-20191001-csv/3975#51730286>		"kuk"@kry	
"mídd-ìr"@fia	<https://panlex.org/snapshot/panlex-20191001-csv/3975#51725036>				<https://panlex.org/snapshot/panlex-20191001-csv/3975#51725058>		"ʕacʼä-"@kry	
"mídd-ìr"@fia	<https://panlex.org/snapshot/panlex-20191001-csv/3975#51725036>				<https://panlex.org/snapshot/panlex-20191001-csv/3975#51725057>		"ʕacʼa"@kry	
"àɕ-îr"@fia	<https://panlex.org/snapshot/panlex-20191001-csv/3975#51721402>				<https://panlex.org/snapshot/panlex-20191001-csv/3975#51721423>		"kʼis-"@kry	
"àɕ-îr"@fia	<https://panlex.org/snapshot/panlex-20191001-csv/3975#51721402>				<https://panlex.org/snapshot/panlex-20191001-csv/3975#51721425>		"kʼɨp-"@kry	
"àɕ-îr"@fia	<https://panlex.org/snapshot/panlex-20191001-csv/3975#51721402>				<https://panlex.org/snapshot/panlex-20191001-csv/3975#51721424>		"kʼɨs-"@kry	
"èd-dì"@fia	<https://panlex.org/snapshot/panlex-20191001-csv/3975#51725729>				<https://panlex.org/snapshot/panlex-20191001-csv/3975#51725756>		"χäb"@kry	
"èd-dì"@fia	<https://panlex.org/snapshot/panlex-20191001-csv/3975#51725729>				<https://panlex.org/snapshot/panlex-20191001-csv/3975#51725755>		"χab"@kry	
"ìn"@fia	<https://panlex.org/snapshot/panlex-20191001-csv/3975#51732861>				<https://panlex.org/snapshot/panlex-20191001-csv/3975#51732885>		"lu"@kry	
"ìn"@fia	<https://panlex.org/snapshot/panlex-20191001-csv/3975#51732861>				<https://panlex.org/snapshot/panlex-20191001-csv/3975#51732886>		"li"@kry	
"ùr"@fia	<https://panlex.org/snapshot/panlex-20191001-csv/3975#51725882>				<https://panlex.org/snapshot/panlex-20191001-csv/3975#51725905>		"qʼil"@kry	
"ùr"@fia	<https://panlex.org/snapshot/panlex-20191001-csv/3975#51725882>				<https://panlex.org/snapshot/panlex-20191001-csv/3975#51725906>		"qʼɨl"@kry	
"íg"@fia	<https://panlex.org/snapshot/panlex-20191001-csv/3975#51724466>				<https://panlex.org/snapshot/panlex-20191001-csv/3975#51724490>		"cʼä"@kry	
"íg"@fia	<https://panlex.org/snapshot/panlex-20191001-csv/3975#51724466>				<https://panlex.org/snapshot/panlex-20191001-csv/3975#51724489>		"cʼa"@kry	
"síw"@fia	<https://panlex.org/snapshot/panlex-20191001-csv/3975#51730491>				<https://panlex.org/snapshot/panlex-20191001-csv/3975#51730514>		"qːum"@kry	
"síw"@fia	<https://panlex.org/snapshot/panlex-20191001-csv/3975#51730491>				<https://panlex.org/snapshot/panlex-20191001-csv/3975#51730513>		"qːum"@kry	
"wiːr-"@fia	<https://panlex.org/snapshot/panlex-20191001-csv/3975#51735187>				<https://panlex.org/snapshot/panlex-20191001-csv/3975#51735206>		"iχ-ta"@kry	
"wiːr-"@fia	<https://panlex.org/snapshot/panlex-20191001-csv/3975#51735187>				<https://panlex.org/snapshot/panlex-20191001-csv/3975#51735207>		"yuqː-ta"@kry	
"ʓùg"@fia	<https://panlex.org/snapshot/panlex-20191001-csv/3975#51733952>				<https://panlex.org/snapshot/panlex-20191001-csv/3975#51733969>		"ɣira"@kry	
"ʓùg"@fia	<https://panlex.org/snapshot/panlex-20191001-csv/3975#51733952>				<https://panlex.org/snapshot/panlex-20191001-csv/3975#51733970>		"ɣɨr"@kry	
"nàssí"@fia	<https://panlex.org/snapshot/panlex-20191001-csv/3975#51727524>				<https://panlex.org/snapshot/panlex-20191001-csv/3975#51727541>		"ʕaqa"@kry	
"nàssí"@fia	<https://panlex.org/snapshot/panlex-20191001-csv/3975#51727524>				<https://panlex.org/snapshot/panlex-20191001-csv/3975#51727542>		"ʕaχ-ti"@kry	
"ór-kí"@fia	<https://panlex.org/snapshot/panlex-20191001-csv/3975#51722501>				<https://panlex.org/snapshot/panlex-20191001-csv/3975#51722523>		"s=aʁa-y"@kry	
"ór-kí"@fia	<https://panlex.org/snapshot/panlex-20191001-csv/3975#51722501>				<https://panlex.org/snapshot/panlex-20191001-csv/3975#51722522>		"qːa-y"@kry	
"nàːy"@fia	<https://panlex.org/snapshot/panlex-20191001-csv/3975#51734739>				<https://panlex.org/snapshot/panlex-20191001-csv/3975#51734764>		"ti"@kry	
"nàːy"@fia	<https://panlex.org/snapshot/panlex-20191001-csv/3975#51734739>				<https://panlex.org/snapshot/panlex-20191001-csv/3975#51734762>		"ti"@kry	
"nàːy"@fia	<https://panlex.org/snapshot/panlex-20191001-csv/3975#51734739>				<https://panlex.org/snapshot/panlex-20191001-csv/3975#51734763>		"tiy"@kry	
"nèːr-ìr"@fia	<https://panlex.org/snapshot/panlex-20191001-csv/3975#51731402>				<https://panlex.org/snapshot/panlex-20191001-csv/3975#51731425>		"aχar-"@kry	
"nèːr-ìr"@fia	<https://panlex.org/snapshot/panlex-20191001-csv/3975#51731402>				<https://panlex.org/snapshot/panlex-20191001-csv/3975#51731424>		"aχar-"@kry	
"íyyí"@fia	<https://panlex.org/snapshot/panlex-20191001-csv/3975#51728783>				<https://panlex.org/snapshot/panlex-20191001-csv/3975#51728804>		"gardan"@kry	
"íyyí"@fia	<https://panlex.org/snapshot/panlex-20191001-csv/3975#51728783>				<https://panlex.org/snapshot/panlex-20191001-csv/3975#51728805>		"gardan"@kry	
"màšà"@fia	<https://panlex.org/snapshot/panlex-20191001-csv/3975#51732271>				<https://panlex.org/snapshot/panlex-20191001-csv/3975#51732299>		"varaʁ"@kry	
"màšà"@fia	<https://panlex.org/snapshot/panlex-20191001-csv/3975#51732271>				<https://panlex.org/snapshot/panlex-20191001-csv/3975#51732300>		"viraʁ"@kry	
"šìgír-tí"@fia	<https://panlex.org/snapshot/panlex-20191001-csv/3975#51725577>				<https://panlex.org/snapshot/panlex-20191001-csv/3975#51725602>		"čʼer"@kry	
"šìgír-tí"@fia	<https://panlex.org/snapshot/panlex-20191001-csv/3975#51725577>				<https://panlex.org/snapshot/panlex-20191001-csv/3975#51725601>		"čʼar"@kry	
"túllí"@fia	<https://panlex.org/snapshot/panlex-20191001-csv/3975#51731699>				<https://panlex.org/snapshot/panlex-20191001-csv/3975#51731723>		"ximi"@kry	
"túllí"@fia	<https://panlex.org/snapshot/panlex-20191001-csv/3975#51731699>				<https://panlex.org/snapshot/panlex-20191001-csv/3975#51731724>		"firmi"@kry	
"géːm"@fia	<https://panlex.org/snapshot/panlex-20191001-csv/3975#51722381>				<https://panlex.org/snapshot/panlex-20191001-csv/3975#51722399>		"kʼapʼal"@kry	
"géːm"@fia	<https://panlex.org/snapshot/panlex-20191001-csv/3975#51722381>				<https://panlex.org/snapshot/panlex-20191001-csv/3975#51722401>		"kʼäbäl"@kry	
"géːm"@fia	<https://panlex.org/snapshot/panlex-20191001-csv/3975#51722381>				<https://panlex.org/snapshot/panlex-20191001-csv/3975#51722400>		"ǯif"@kry	
"móːll-á"@fia	<https://panlex.org/snapshot/panlex-20191001-csv/3975#51735443>				<https://panlex.org/snapshot/panlex-20191001-csv/3975#51735466>		"müqʼo-v"@kry	
"móːll-á"@fia	<https://panlex.org/snapshot/panlex-20191001-csv/3975#51735443>				<https://panlex.org/snapshot/panlex-20191001-csv/3975#51735465>		"miqʼe-ʕ"@kry	
"móːll-á"@fia	<https://panlex.org/snapshot/panlex-20191001-csv/3975#51735443>				<https://panlex.org/snapshot/panlex-20191001-csv/3975#51735467>		"möqʼö-v"@kry	
"í-d"@fia	<https://panlex.org/snapshot/panlex-20191001-csv/3975#51729694>				<https://panlex.org/snapshot/panlex-20191001-csv/3975#51729716>		"admi"@kry	
"í-d"@fia	<https://panlex.org/snapshot/panlex-20191001-csv/3975#51729694>				<https://panlex.org/snapshot/panlex-20191001-csv/3975#51729715>		"adami"@kry	
"ní-ìl"@fia	<https://panlex.org/snapshot/panlex-20191001-csv/3975#51723139>				<https://panlex.org/snapshot/panlex-20191001-csv/3975#51723165>		"qːɨr-"@kry	
"ní-ìl"@fia	<https://panlex.org/snapshot/panlex-20191001-csv/3975#51723139>				<https://panlex.org/snapshot/panlex-20191001-csv/3975#51723164>		"qːir-"@kry	
"íːg"@fia	<https://panlex.org/snapshot/panlex-20191001-csv/3975#51724465>				<https://panlex.org/snapshot/panlex-20191001-csv/3975#51724490>		"cʼä"@kry	
"íːg"@fia	<https://panlex.org/snapshot/panlex-20191001-csv/3975#51724465>				<https://panlex.org/snapshot/panlex-20191001-csv/3975#51724489>		"cʼa"@kry	
"míríː"@fia	<https://panlex.org/snapshot/panlex-20191001-csv/3975#51728921>				<https://panlex.org/snapshot/panlex-20191001-csv/3975#51728942>		"cʼiyä"@kry	
"míríː"@fia	<https://panlex.org/snapshot/panlex-20191001-csv/3975#51728921>				<https://panlex.org/snapshot/panlex-20191001-csv/3975#51728941>		"taza"@kry	
"mán"@fia	<https://panlex.org/snapshot/panlex-20191001-csv/3975#51732703>				<https://panlex.org/snapshot/panlex-20191001-csv/3975#51732735>		"la"@kry	
"mán"@fia	<https://panlex.org/snapshot/panlex-20191001-csv/3975#51732703>				<https://panlex.org/snapshot/panlex-20191001-csv/3975#51732736>		"lä"@kry	
"mùléː"@fia	<https://panlex.org/snapshot/panlex-20191001-csv/3975#51728369>				<https://panlex.org/snapshot/panlex-20191001-csv/3975#51728384>		"bel"@kry	
"mùléː"@fia	<https://panlex.org/snapshot/panlex-20191001-csv/3975#51728369>				<https://panlex.org/snapshot/panlex-20191001-csv/3975#51728383>		"daʁ"@kry	
"sut-ti"@fia	<https://panlex.org/snapshot/panlex-20191001-csv/3975#51722247>				<https://panlex.org/snapshot/panlex-20191001-csv/3975#51722264>		"mičʼ-ek"@kry	
"sut-ti"@fia	<https://panlex.org/snapshot/panlex-20191001-csv/3975#51722247>				<https://panlex.org/snapshot/panlex-20191001-csv/3975#51722263>		"dirnaχ"@kry	
"gùr"@fia	<https://panlex.org/snapshot/panlex-20191001-csv/3975#51723587>				<https://panlex.org/snapshot/panlex-20191001-csv/3975#51723611>		"neuqʼ"@kry	
"gùr"@fia	<https://panlex.org/snapshot/panlex-20191001-csv/3975#51723587>				<https://panlex.org/snapshot/panlex-20191001-csv/3975#51723612>		"nöqʼ"@kry	
