"kɔla-"@mvo	<https://panlex.org/snapshot/panlex-20191001-csv/114#8060076>				<https://panlex.org/snapshot/panlex-20191001-csv/114#8060110>		"kkar"@och	
"atɛn|ia"@mvo	<https://panlex.org/snapshot/panlex-20191001-csv/114#8061668>				<https://panlex.org/snapshot/panlex-20191001-csv/114#8061710>		"tre"@och	
"livɔ-"@mvo	<https://panlex.org/snapshot/panlex-20191001-csv/114#8067370>				<https://panlex.org/snapshot/panlex-20191001-csv/114#8067407>		"t-khɨʔ"@och	
"livɔ-"@mvo	<https://panlex.org/snapshot/panlex-20191001-csv/114#8067370>				<https://panlex.org/snapshot/panlex-20191001-csv/114#8067406>		"m-ʔhra"@och	
"mahele-"@mvo	<https://panlex.org/snapshot/panlex-20191001-csv/114#8053427>				<https://panlex.org/snapshot/panlex-20191001-csv/114#8053471>		"tsok"@och	
"mahele-"@mvo	<https://panlex.org/snapshot/panlex-20191001-csv/114#8053427>				<https://panlex.org/snapshot/panlex-20191001-csv/114#8053470>		"hhnujʔ"@och	
"tia-"@mvo	<https://panlex.org/snapshot/panlex-20191001-csv/114#8058577>				<https://panlex.org/snapshot/panlex-20191001-csv/114#8058616>		"m-ttaʔ"@och	
"likoco"@mvo	<https://panlex.org/snapshot/panlex-20191001-csv/114#8055536>				<https://panlex.org/snapshot/panlex-20191001-csv/114#8055569>		"tronʔ"@och	
