"mereha"@amk	<https://panlex.org/snapshot/panlex-20191001-csv/12#850829>				<https://panlex.org/snapshot/panlex-20191001-csv/12#851127>		"jurba"@rmq	
"mereha"@amk	<https://panlex.org/snapshot/panlex-20191001-csv/12#850829>				<https://panlex.org/snapshot/panlex-20191001-csv/12#851128>		"pañí"@rmq	
"mereha"@amk	<https://panlex.org/snapshot/panlex-20191001-csv/12#850829>				<https://panlex.org/snapshot/panlex-20191001-csv/12#851126>		"clariosa"@rmq	
"mereha"@amk	<https://panlex.org/snapshot/panlex-20191001-csv/11#787473>				<https://panlex.org/snapshot/panlex-20191001-csv/11#787712>		"jurba"@rmq	
"mereha"@amk	<https://panlex.org/snapshot/panlex-20191001-csv/11#787473>				<https://panlex.org/snapshot/panlex-20191001-csv/11#787713>		"pañí"@rmq	
"mereha"@amk	<https://panlex.org/snapshot/panlex-20191001-csv/11#787473>				<https://panlex.org/snapshot/panlex-20191001-csv/11#787711>		"clariosa"@rmq	
