"kapuc̷ec̷ekeki"@wau	<https://panlex.org/snapshot/panlex-20191001-csv/1573#50083143>				<https://panlex.org/snapshot/panlex-20191001-csv/1573#50083077>		"leir"@non	
"unɨ"@wau	<https://panlex.org/snapshot/panlex-20191001-csv/1573#50085871>				<https://panlex.org/snapshot/panlex-20191001-csv/1573#50085793>		"vatn"@non	
"aʼwa"@wau	<https://panlex.org/snapshot/panlex-20191001-csv/1573#50087085>				<https://panlex.org/snapshot/panlex-20191001-csv/1573#50087019>		"vatn"@non	
"tapa-naku"@wau	<https://panlex.org/snapshot/panlex-20191001-csv/1573#50084668>				<https://panlex.org/snapshot/panlex-20191001-csv/1573#50084615>		"dalr"@non	
"kehɨ-tɨ"@wau	<https://panlex.org/snapshot/panlex-20191001-csv/1573#50082263>				<https://panlex.org/snapshot/panlex-20191001-csv/1573#50082159>		"jorð"@non	
"kehɨ-tɨ"@wau	<https://panlex.org/snapshot/panlex-20191001-csv/1573#50082263>				<https://panlex.org/snapshot/panlex-20191001-csv/1573#50082160>		"land"@non	
"kehɨ-tɨ"@wau	<https://panlex.org/snapshot/panlex-20191001-csv/1573#50085040>				<https://panlex.org/snapshot/panlex-20191001-csv/1573#50085007>		"meginland"@non	
"enu-taku"@wau	<https://panlex.org/snapshot/panlex-20191001-csv/1573#50091263>				<https://panlex.org/snapshot/panlex-20191001-csv/1573#50091189>		"himinn"@non	
"kamɨ"@wau	<https://panlex.org/snapshot/panlex-20191001-csv/1573#50091512>				<https://panlex.org/snapshot/panlex-20191001-csv/1573#50091447>		"sōl"@non	
"kamɨ"@wau	<https://panlex.org/snapshot/panlex-20191001-csv/1573#50091512>				<https://panlex.org/snapshot/panlex-20191001-csv/1573#50091446>		"sunna"@non	
"wene"@wau	<https://panlex.org/snapshot/panlex-20191001-csv/1573#50088599>				<https://panlex.org/snapshot/panlex-20191001-csv/1573#50088480>		"ā"@non	
"wene"@wau	<https://panlex.org/snapshot/panlex-20191001-csv/1573#50088599>				<https://panlex.org/snapshot/panlex-20191001-csv/1573#50088478>		"bekkr"@non	
"wene"@wau	<https://panlex.org/snapshot/panlex-20191001-csv/1573#50088599>				<https://panlex.org/snapshot/panlex-20191001-csv/1573#50088479>		"lœkr"@non	
"-hukula"@wau	<https://panlex.org/snapshot/panlex-20191001-csv/1573#50087835>				<https://panlex.org/snapshot/panlex-20191001-csv/1573#50087769>		"bylgja"@non	
"-hukula"@wau	<https://panlex.org/snapshot/panlex-20191001-csv/1573#50087835>				<https://panlex.org/snapshot/panlex-20191001-csv/1573#50087770>		"bāra"@non	
"-hukula"@wau	<https://panlex.org/snapshot/panlex-20191001-csv/1573#50087835>				<https://panlex.org/snapshot/panlex-20191001-csv/1573#50087768>		"alda"@non	
"-hukula"@wau	<https://panlex.org/snapshot/panlex-20191001-csv/1573#50087835>				<https://panlex.org/snapshot/panlex-20191001-csv/1573#50087771>		"vāgr"@non	
"waku-penu"@wau	<https://panlex.org/snapshot/panlex-20191001-csv/1573#50085367>				<https://panlex.org/snapshot/panlex-20191001-csv/1573#50085264>		"bakki"@non	
"waku-penu"@wau	<https://panlex.org/snapshot/panlex-20191001-csv/1573#50085367>				<https://panlex.org/snapshot/panlex-20191001-csv/1573#50085265>		"strond"@non	
"tɨpa"@wau	<https://panlex.org/snapshot/panlex-20191001-csv/1573#50090821>				<https://panlex.org/snapshot/panlex-20191001-csv/1573#50090702>		"steinn"@non	
"awa-kuʼma"@wau	<https://panlex.org/snapshot/panlex-20191001-csv/1573#50086097>				<https://panlex.org/snapshot/panlex-20191001-csv/1573#50086034>		"marr"@non	
"awa-kuʼma"@wau	<https://panlex.org/snapshot/panlex-20191001-csv/1573#50086097>				<https://panlex.org/snapshot/panlex-20191001-csv/1573#50086033>		"haf"@non	
"awa-kuʼma"@wau	<https://panlex.org/snapshot/panlex-20191001-csv/1573#50086097>				<https://panlex.org/snapshot/panlex-20191001-csv/1573#50086035>		"sœr"@non	
"kehɨ-tɨ-taku"@wau	<https://panlex.org/snapshot/panlex-20191001-csv/1573#50081920>				<https://panlex.org/snapshot/panlex-20191001-csv/1573#50081855>		"verold"@non	
"kehɨ-tɨ-taku"@wau	<https://panlex.org/snapshot/panlex-20191001-csv/1573#50081920>				<https://panlex.org/snapshot/panlex-20191001-csv/1573#50081854>		"heimr"@non	
"unɨ-waku-ʼtã"@wau	<https://panlex.org/snapshot/panlex-20191001-csv/1573#50084881>				<https://panlex.org/snapshot/panlex-20191001-csv/1573#50084825>		"ey"@non	
"unɨ-waku-ʼtã"@wau	<https://panlex.org/snapshot/panlex-20191001-csv/1573#50084881>				<https://panlex.org/snapshot/panlex-20191001-csv/1573#50084826>		"eyland"@non	
"tɨmuukai"@wau	<https://panlex.org/snapshot/panlex-20191001-csv/1573#50082847>				<https://panlex.org/snapshot/panlex-20191001-csv/1573#50082774>		"dust"@non	
"tɨmuukai"@wau	<https://panlex.org/snapshot/panlex-20191001-csv/1573#50082847>				<https://panlex.org/snapshot/panlex-20191001-csv/1573#50082773>		"dupt"@non	
"kehɨ-penu"@wau	<https://panlex.org/snapshot/panlex-20191001-csv/1573#50083389>				<https://panlex.org/snapshot/panlex-20191001-csv/1573#50083324>		"sandr"@non	
"-puku-naku"@wau	<https://panlex.org/snapshot/panlex-20191001-csv/1573#50087237>				<https://panlex.org/snapshot/panlex-20191001-csv/1573#50087197>		"fjorðr"@non	
"ata"@wau	<https://panlex.org/snapshot/panlex-20191001-csv/1573#50090160>				<https://panlex.org/snapshot/panlex-20191001-csv/1573#50090092>		"baðmr"@non	
"ata"@wau	<https://panlex.org/snapshot/panlex-20191001-csv/1573#50090160>				<https://panlex.org/snapshot/panlex-20191001-csv/1573#50090093>		"trē"@non	
"ata"@wau	<https://panlex.org/snapshot/panlex-20191001-csv/1573#50090417>				<https://panlex.org/snapshot/panlex-20191001-csv/1573#50090348>		"trē"@non	
"ata"@wau	<https://panlex.org/snapshot/panlex-20191001-csv/1573#50090417>				<https://panlex.org/snapshot/panlex-20191001-csv/1573#50090349>		"viðr"@non	
"kehɨ-tɨ-kuma"@wau	<https://panlex.org/snapshot/panlex-20191001-csv/1573#50083794>				<https://panlex.org/snapshot/panlex-20191001-csv/1573#50083682>		"fjall"@non	
"ukuʼwĩ"@wau	<https://panlex.org/snapshot/panlex-20191001-csv/1573#50089902>				<https://panlex.org/snapshot/panlex-20191001-csv/1573#50089816>		"mork"@non	
"ukuʼwĩ"@wau	<https://panlex.org/snapshot/panlex-20191001-csv/1573#50089902>				<https://panlex.org/snapshot/panlex-20191001-csv/1573#50089818>		"viðr"@non	
"ukuʼwĩ"@wau	<https://panlex.org/snapshot/panlex-20191001-csv/1573#50089902>				<https://panlex.org/snapshot/panlex-20191001-csv/1573#50089817>		"skōgr"@non	
