"stabis"@prg	<https://panlex.org/snapshot/panlex-20191001-csv/1573#50090726>				<https://panlex.org/snapshot/panlex-20191001-csv/1573#50090760>		"mitaimoŋ"@aqt	
"apus"@prg	<https://panlex.org/snapshot/panlex-20191001-csv/1573#50089096>				<https://panlex.org/snapshot/panlex-20191001-csv/1573#50089121>		"yimin akyiŋama"@aqt	
"zigzdā"@prg	<https://panlex.org/snapshot/panlex-20191001-csv/1573#50083341>				<https://panlex.org/snapshot/panlex-20191001-csv/1573#50083356>		"ɬipop anik"@aqt	
"saulē"@prg	<https://panlex.org/snapshot/panlex-20191001-csv/1573#50091461>				<https://panlex.org/snapshot/panlex-20191001-csv/1573#50091480>		"aknim"@aqt	
"padaubis"@prg	<https://panlex.org/snapshot/panlex-20191001-csv/1573#50084630>				<https://panlex.org/snapshot/panlex-20191001-csv/1573#50084645>		"waiwikanta ɬipop yiman"@aqt	
"garbis"@prg	<https://panlex.org/snapshot/panlex-20191001-csv/1573#50083706>				<https://panlex.org/snapshot/panlex-20191001-csv/1573#50083731>		"mitaimoŋ"@aqt	
"undas"@prg	<https://panlex.org/snapshot/panlex-20191001-csv/1573#50085814>				<https://panlex.org/snapshot/panlex-20191001-csv/1573#50085832>		"yimin"@aqt	
"svētā"@prg	<https://panlex.org/snapshot/panlex-20191001-csv/1573#50081869>				<https://panlex.org/snapshot/panlex-20191001-csv/1573#50081887>		"akyawakaɬma nak"@aqt	
"lauks"@prg	<https://panlex.org/snapshot/panlex-20191001-csv/1573#50084379>				<https://panlex.org/snapshot/panlex-20191001-csv/1573#50084400>		"yama awaɬwok"@aqt	
"malkā"@prg	<https://panlex.org/snapshot/panlex-20191001-csv/1573#50090365>				<https://panlex.org/snapshot/panlex-20191001-csv/1573#50090380>		"yamit aisiksik"@aqt	
"garʼan"@prg	<https://panlex.org/snapshot/panlex-20191001-csv/1573#50090111>				<https://panlex.org/snapshot/panlex-20191001-csv/1573#50090128>		"yamit aohak"@aqt	
"apē"@prg	<https://panlex.org/snapshot/panlex-20191001-csv/1573#50088505>				<https://panlex.org/snapshot/panlex-20191001-csv/1573#50088530>		"watsom"@aqt	
"medʼan"@prg	<https://panlex.org/snapshot/panlex-20191001-csv/1573#50089843>				<https://panlex.org/snapshot/panlex-20191001-csv/1573#50089858>		"aɬma"@aqt	
"dangus"@prg	<https://panlex.org/snapshot/panlex-20191001-csv/1573#50091205>				<https://panlex.org/snapshot/panlex-20191001-csv/1573#50091224>		"nitiŋ"@aqt	
"yūren"@prg	<https://panlex.org/snapshot/panlex-20191001-csv/1573#50086050>				<https://panlex.org/snapshot/panlex-20191001-csv/1573#50086068>		"akpaihikamok yimin"@aqt	
"pelkī"@prg	<https://panlex.org/snapshot/panlex-20191001-csv/1573#50089378>				<https://panlex.org/snapshot/panlex-20191001-csv/1573#50089389>		"yama awaɬwok"@aqt	
"lindan"@prg	<https://panlex.org/snapshot/panlex-20191001-csv/1573#50084629>				<https://panlex.org/snapshot/panlex-20191001-csv/1573#50084645>		"waiwikanta ɬipop yiman"@aqt	
"zemē"@prg	<https://panlex.org/snapshot/panlex-20191001-csv/1573#50082511>				<https://panlex.org/snapshot/panlex-20191001-csv/1573#50082540>		"ɬipop"@aqt	
"zemē"@prg	<https://panlex.org/snapshot/panlex-20191001-csv/1573#50082179>				<https://panlex.org/snapshot/panlex-20191001-csv/1573#50082213>		"ɬipop anak"@aqt	
