"ngidu"@akg	<https://panlex.org/snapshot/panlex-20191001-csv/114#8067062>				<https://panlex.org/snapshot/panlex-20191001-csv/114#8067383>		"ləvam"@nal	
"ngidu"@akg	<https://panlex.org/snapshot/panlex-20191001-csv/114#8067062>				<https://panlex.org/snapshot/panlex-20191001-csv/114#8067382>		"alva"@nal	
"lara"@akg	<https://panlex.org/snapshot/panlex-20191001-csv/114#8054277>				<https://panlex.org/snapshot/panlex-20191001-csv/114#8054547>		"lan"@nal	
"lara"@akg	<https://panlex.org/snapshot/panlex-20191001-csv/114#8054277>				<https://panlex.org/snapshot/panlex-20191001-csv/114#8054548>		"ləlen"@nal	
"kubur"@akg	<https://panlex.org/snapshot/panlex-20191001-csv/114#8056793>				<https://panlex.org/snapshot/panlex-20191001-csv/114#8057053>		"chuf"@nal	
"kadhenga"@akg	<https://panlex.org/snapshot/panlex-20191001-csv/114#8057772>				<https://panlex.org/snapshot/panlex-20191001-csv/114#8058058>		"torana"@nal	
"maríhak"@akg	<https://panlex.org/snapshot/panlex-20191001-csv/114#8056282>				<https://panlex.org/snapshot/panlex-20191001-csv/114#8056565>		"mak"@nal	
