"yala:n"@mwt	<https://panlex.org/snapshot/panlex-20191001-csv/114#8054540>				<https://panlex.org/snapshot/panlex-20191001-csv/114#8054707>		"ʼkala"@tve	
"cahu:ŋ"@mwt	<https://panlex.org/snapshot/panlex-20191001-csv/114#8065345>				<https://panlex.org/snapshot/panlex-20191001-csv/114#8065522>		"ʼnafu"@tve	
"ŋadin"@mwt	<https://panlex.org/snapshot/panlex-20191001-csv/114#8055044>				<https://panlex.org/snapshot/panlex-20191001-csv/114#8055211>		"ʼmɔ"@tve	
"yoŋ"@mwt	<https://panlex.org/snapshot/panlex-20191001-csv/114#8065346>				<https://panlex.org/snapshot/panlex-20191001-csv/114#8065522>		"ʼnafu"@tve	
"katay"@mwt	<https://panlex.org/snapshot/panlex-20191001-csv/114#8060080>				<https://panlex.org/snapshot/panlex-20191001-csv/114#8060237>		"ʼwawa"@tve	
"nawaʔ"@mwt	<https://panlex.org/snapshot/panlex-20191001-csv/114#8068428>				<https://panlex.org/snapshot/panlex-20191001-csv/114#8068590>		"ṇʼmali"@tve	
"dala:k"@mwt	<https://panlex.org/snapshot/panlex-20191001-csv/114#8063167>				<https://panlex.org/snapshot/panlex-20191001-csv/114#8063338>		"ʼrawa"@tve	
