"yala:n"@mwt	<https://panlex.org/snapshot/panlex-20191001-csv/114#8054540>				<https://panlex.org/snapshot/panlex-20191001-csv/114#8054496>		"darei"@mbq	
"yala:n"@mwt	<https://panlex.org/snapshot/panlex-20191001-csv/114#8054540>				<https://panlex.org/snapshot/panlex-20191001-csv/114#8054497>		"yet ta"@mbq	
"cahu:ŋ"@mwt	<https://panlex.org/snapshot/panlex-20191001-csv/114#8065345>				<https://panlex.org/snapshot/panlex-20191001-csv/114#8065294>		"gugu tii"@mbq	
"cahu:ŋ"@mwt	<https://panlex.org/snapshot/panlex-20191001-csv/114#8065345>				<https://panlex.org/snapshot/panlex-20191001-csv/114#8065295>		"isu"@mbq	
"bahoy"@mwt	<https://panlex.org/snapshot/panlex-20191001-csv/114#8061147>				<https://panlex.org/snapshot/panlex-20191001-csv/114#8061102>		"siiva"@mbq	
"ŋadin"@mwt	<https://panlex.org/snapshot/panlex-20191001-csv/114#8055044>				<https://panlex.org/snapshot/panlex-20191001-csv/114#8055001>		"ku|ra"@mbq	
"kaboy"@mwt	<https://panlex.org/snapshot/panlex-20191001-csv/114#8057046>				<https://panlex.org/snapshot/panlex-20191001-csv/114#8056998>		"fonjii"@mbq	
"yoŋ"@mwt	<https://panlex.org/snapshot/panlex-20191001-csv/114#8065346>				<https://panlex.org/snapshot/panlex-20191001-csv/114#8065294>		"gugu tii"@mbq	
"yoŋ"@mwt	<https://panlex.org/snapshot/panlex-20191001-csv/114#8065346>				<https://panlex.org/snapshot/panlex-20191001-csv/114#8065295>		"isu"@mbq	
"məkhit"@mwt	<https://panlex.org/snapshot/panlex-20191001-csv/114#8062166>				<https://panlex.org/snapshot/panlex-20191001-csv/114#8062128>		"ku|mon"@mbq	
"katay"@mwt	<https://panlex.org/snapshot/panlex-20191001-csv/114#8060080>				<https://panlex.org/snapshot/panlex-20191001-csv/114#8060033>		"kate"@mbq	
"nawaʔ"@mwt	<https://panlex.org/snapshot/panlex-20191001-csv/114#8068428>				<https://panlex.org/snapshot/panlex-20191001-csv/114#8068380>		"kw|iro"@mbq	
"dala:k"@mwt	<https://panlex.org/snapshot/panlex-20191001-csv/114#8063167>				<https://panlex.org/snapshot/panlex-20191001-csv/114#8063120>		"taa"@mbq	
"n|ana:n"@mwt	<https://panlex.org/snapshot/panlex-20191001-csv/114#8052915>				<https://panlex.org/snapshot/panlex-20191001-csv/114#8052870>		"faya"@mbq	
