"kawan"@mhy	<https://panlex.org/snapshot/panlex-20191001-csv/114#8052882>				<https://panlex.org/snapshot/panlex-20191001-csv/114#8052852>		"xəmutu"@lzl	
"karasa"@mhy	<https://panlex.org/snapshot/panlex-20191001-csv/114#8061637>				<https://panlex.org/snapshot/panlex-20191001-csv/114#8061600>		"rongdur"@lzl	
"ñiuk"@mhy	<https://panlex.org/snapshot/panlex-20191001-csv/114#8066259>				<https://panlex.org/snapshot/panlex-20191001-csv/114#8066226>		"ingus"@lzl	
"kudit"@mhy	<https://panlex.org/snapshot/panlex-20191001-csv/114#8057504>				<https://panlex.org/snapshot/panlex-20191001-csv/114#8057468>		"nevnen"@lzl	
"aŋheʔey"@mhy	<https://panlex.org/snapshot/panlex-20191001-csv/114#8062635>				<https://panlex.org/snapshot/panlex-20191001-csv/114#8062601>		"mətoxtoxon"@lzl	
"wuntuŋ"@mhy	<https://panlex.org/snapshot/panlex-20191001-csv/114#8058541>				<https://panlex.org/snapshot/panlex-20191001-csv/114#8058500>		"daba(x)an"@lzl	
"takia"@mhy	<https://panlex.org/snapshot/panlex-20191001-csv/114#8053979>				<https://panlex.org/snapshot/panlex-20191001-csv/114#8053943>		"seso"@lzl	
"takia"@mhy	<https://panlex.org/snapshot/panlex-20191001-csv/114#8053979>				<https://panlex.org/snapshot/panlex-20191001-csv/114#8053942>		"lungolung"@lzl	
"takia"@mhy	<https://panlex.org/snapshot/panlex-20191001-csv/114#8053979>				<https://panlex.org/snapshot/panlex-20191001-csv/114#8053941>		"ilel"@lzl	
"bafikir"@mhy	<https://panlex.org/snapshot/panlex-20191001-csv/114#8062139>				<https://panlex.org/snapshot/panlex-20191001-csv/114#8062109>		"nsəmnsəm"@lzl	
"bafikir"@mhy	<https://panlex.org/snapshot/panlex-20191001-csv/114#8062139>				<https://panlex.org/snapshot/panlex-20191001-csv/114#8062110>		"var"@lzl	
"wulu"@mhy	<https://panlex.org/snapshot/panlex-20191001-csv/114#8064748>				<https://panlex.org/snapshot/panlex-20191001-csv/114#8064717>		"naansvələn (batən)"@lzl	
"taʔulaŋ"@mhy	<https://panlex.org/snapshot/panlex-20191001-csv/114#8059081>				<https://panlex.org/snapshot/panlex-20191001-csv/114#8059046>		"bologon"@lzl	
