"kawan"@mhy	<https://panlex.org/snapshot/panlex-20191001-csv/114#8052882>				<https://panlex.org/snapshot/panlex-20191001-csv/114#8052757>		"kuanen"@ges	
"karasa"@mhy	<https://panlex.org/snapshot/panlex-20191001-csv/114#8061637>				<https://panlex.org/snapshot/panlex-20191001-csv/114#8061478>		"ruk"@ges	
"ñiuk"@mhy	<https://panlex.org/snapshot/panlex-20191001-csv/114#8066259>				<https://panlex.org/snapshot/panlex-20191001-csv/114#8066115>		"fimusi"@ges	
"kudit"@mhy	<https://panlex.org/snapshot/panlex-20191001-csv/114#8057504>				<https://panlex.org/snapshot/panlex-20191001-csv/114#8057361>		"likit"@ges	
"aŋheʔey"@mhy	<https://panlex.org/snapshot/panlex-20191001-csv/114#8062635>				<https://panlex.org/snapshot/panlex-20191001-csv/114#8062481>		"matakut"@ges	
"wuntuŋ"@mhy	<https://panlex.org/snapshot/panlex-20191001-csv/114#8058541>				<https://panlex.org/snapshot/panlex-20191001-csv/114#8058389>		"toa"@ges	
"takia"@mhy	<https://panlex.org/snapshot/panlex-20191001-csv/114#8053979>				<https://panlex.org/snapshot/panlex-20191001-csv/114#8053812>		"taŋgi"@ges	
"bafikir"@mhy	<https://panlex.org/snapshot/panlex-20191001-csv/114#8062139>				<https://panlex.org/snapshot/panlex-20191001-csv/114#8062012>		"hiʔir"@ges	
"wulu"@mhy	<https://panlex.org/snapshot/panlex-20191001-csv/114#8064748>				<https://panlex.org/snapshot/panlex-20191001-csv/114#8064608>		"uk"@ges	
"taʔulaŋ"@mhy	<https://panlex.org/snapshot/panlex-20191001-csv/114#8059081>				<https://panlex.org/snapshot/panlex-20191001-csv/114#8058941>		"ruri"@ges	
