"karasa"@mhy	<https://panlex.org/snapshot/panlex-20191001-csv/114#8061637>				<https://panlex.org/snapshot/panlex-20191001-csv/114#8061448>		"ɛnʼat"@dij	
"kudit"@mhy	<https://panlex.org/snapshot/panlex-20191001-csv/114#8057504>				<https://panlex.org/snapshot/panlex-20191001-csv/114#8057335>		"otʼtɛnon"@dij	
"wuntuŋ"@mhy	<https://panlex.org/snapshot/panlex-20191001-csv/114#8058541>				<https://panlex.org/snapshot/panlex-20191001-csv/114#8058357>		"ʼapʔon"@dij	
"takia"@mhy	<https://panlex.org/snapshot/panlex-20191001-csv/114#8053979>				<https://panlex.org/snapshot/panlex-20191001-csv/114#8053786>		"nɛnʼaʔat"@dij	
"wulu"@mhy	<https://panlex.org/snapshot/panlex-20191001-csv/114#8064748>				<https://panlex.org/snapshot/panlex-20191001-csv/114#8064576>		"moitʼon"@dij	
"taʔulaŋ"@mhy	<https://panlex.org/snapshot/panlex-20191001-csv/114#8059081>				<https://panlex.org/snapshot/panlex-20191001-csv/114#8058916>		"ʼruson"@dij	
