"Polinesiya enfalansa"@xog	<https://panlex.org/snapshot/panlex-20191001-csv/6898#113621070>				<https://panlex.org/snapshot/panlex-20191001-csv/6898#113621057>		"Polinesia Prancis"@id	
"Tunisya"@xog	<https://panlex.org/snapshot/panlex-20191001-csv/6898#113606496>				<https://panlex.org/snapshot/panlex-20191001-csv/6898#113606432>		"Tunisia"@id	
"Mozambiiki"@xog	<https://panlex.org/snapshot/panlex-20191001-csv/6898#113603301>				<https://panlex.org/snapshot/panlex-20191001-csv/6898#113603202>		"Mozambik"@id	
"Hundurasi"@xog	<https://panlex.org/snapshot/panlex-20191001-csv/6898#113596975>				<https://panlex.org/snapshot/panlex-20191001-csv/6898#113596978>		"Honduras"@id	
"Yuganda"@xog	<https://panlex.org/snapshot/panlex-20191001-csv/6898#113638088>				<https://panlex.org/snapshot/panlex-20191001-csv/6898#113638048>		"Uganda"@id	
"Azerebayijaani"@xog	<https://panlex.org/snapshot/panlex-20191001-csv/6898#113619348>				<https://panlex.org/snapshot/panlex-20191001-csv/6898#113619277>		"Azerbaijan"@id	
"Arigentina"@xog	<https://panlex.org/snapshot/panlex-20191001-csv/6898#113642155>				<https://panlex.org/snapshot/panlex-20191001-csv/6898#113642185>		"Argentina"@id	
"Nawuru"@xog	<https://panlex.org/snapshot/panlex-20191001-csv/6898#113601616>				<https://panlex.org/snapshot/panlex-20191001-csv/6898#113601631>		"Nauru"@id	
"Takimenesitaani"@xog	<https://panlex.org/snapshot/panlex-20191001-csv/6898#113607804>				<https://panlex.org/snapshot/panlex-20191001-csv/6898#113607959>		"Turkimenistan"@id	
"Senti Herena"@xog	<https://panlex.org/snapshot/panlex-20191001-csv/6898#113622830>				<https://panlex.org/snapshot/panlex-20191001-csv/6898#113622798>		"Saint Helena"@id	
"Cayina"@xog	<https://panlex.org/snapshot/panlex-20191001-csv/6898#113613929>				<https://panlex.org/snapshot/panlex-20191001-csv/6898#113614087>		"Tiongkok"@id	
"Ebizinga bya Cago"@xog	<https://panlex.org/snapshot/panlex-20191001-csv/6898#113584311>				<https://panlex.org/snapshot/panlex-20191001-csv/6898#113584276>		"Wilayah Inggris di Samudra Hindia"@id	
"Hayiti"@xog	<https://panlex.org/snapshot/panlex-20191001-csv/6898#113634514>				<https://panlex.org/snapshot/panlex-20191001-csv/6898#113634590>		"Haiti"@id	
"Bufalansa"@xog	<https://panlex.org/snapshot/panlex-20191001-csv/6898#113617936>				<https://panlex.org/snapshot/panlex-20191001-csv/6898#113618025>		"Prancis"@id	
"Niyuwe"@xog	<https://panlex.org/snapshot/panlex-20191001-csv/6898#113641306>				<https://panlex.org/snapshot/panlex-20191001-csv/6898#113641294>		"Niue"@id	
"Afaganisitani"@xog	<https://panlex.org/snapshot/panlex-20191001-csv/6898#113604824>				<https://panlex.org/snapshot/panlex-20191001-csv/6898#113604704>		"Afganistan"@id	
"Sanimarino"@xog	<https://panlex.org/snapshot/panlex-20191001-csv/6898#113625773>				<https://panlex.org/snapshot/panlex-20191001-csv/6898#113625660>		"San Marino"@id	
"Jjibuti"@xog	<https://panlex.org/snapshot/panlex-20191001-csv/6898#113585701>				<https://panlex.org/snapshot/panlex-20191001-csv/6898#113585808>		"Jibuti"@id	
"Kolombya"@xog	<https://panlex.org/snapshot/panlex-20191001-csv/6898#113620828>				<https://panlex.org/snapshot/panlex-20191001-csv/6898#113620821>		"Kolombia"@id	
"Arameniya"@xog	<https://panlex.org/snapshot/panlex-20191001-csv/6898#113596573>				<https://panlex.org/snapshot/panlex-20191001-csv/6898#113596499>		"Armenia"@id	
"Papwa Nyugini"@xog	<https://panlex.org/snapshot/panlex-20191001-csv/6898#113614819>				<https://panlex.org/snapshot/panlex-20191001-csv/6898#113614932>		"Papua Nugini"@id	
"Timowa"@xog	<https://panlex.org/snapshot/panlex-20191001-csv/6898#113632615>				<https://panlex.org/snapshot/panlex-20191001-csv/6898#113632679>		"Timor Timur"@id	
"Timowa"@xog	<https://panlex.org/snapshot/panlex-20191001-csv/6898#113632615>				<https://panlex.org/snapshot/panlex-20191001-csv/6898#113632530>		"Timor Leste"@id	
"Tayirandi"@xog	<https://panlex.org/snapshot/panlex-20191001-csv/6898#113603690>				<https://panlex.org/snapshot/panlex-20191001-csv/6898#113603625>		"Thailand"@id	
"Ayalandi"@xog	<https://panlex.org/snapshot/panlex-20191001-csv/6898#113626017>				<https://panlex.org/snapshot/panlex-20191001-csv/6898#113625906>		"Irlandia"@id	
"Swideni"@xog	<https://panlex.org/snapshot/panlex-20191001-csv/6898#113639784>				<https://panlex.org/snapshot/panlex-20191001-csv/6898#113639794>		"Swedia"@id	
"Gini"@xog	<https://panlex.org/snapshot/panlex-20191001-csv/6898#113617671>				<https://panlex.org/snapshot/panlex-20191001-csv/6898#113617789>		"Guinea"@id	
"Lipabulika ya Senturafiriki"@xog	<https://panlex.org/snapshot/panlex-20191001-csv/6898#113591314>				<https://panlex.org/snapshot/panlex-20191001-csv/6898#113591411>		"Republik Afrika Tengah"@id	
"Sawudarebya"@xog	<https://panlex.org/snapshot/panlex-20191001-csv/6898#113583395>				<https://panlex.org/snapshot/panlex-20191001-csv/6898#113583417>		"Arab Saudi"@id	
"Cuba"@xog	<https://panlex.org/snapshot/panlex-20191001-csv/6898#113618540>				<https://panlex.org/snapshot/panlex-20191001-csv/6898#113618531>		"Kuba"@id	
"Gayana"@xog	<https://panlex.org/snapshot/panlex-20191001-csv/6898#113628164>				<https://panlex.org/snapshot/panlex-20191001-csv/6898#113628041>		"Guyana"@id	
"Rwanda"@xog	<https://panlex.org/snapshot/panlex-20191001-csv/6898#113625505>				<https://panlex.org/snapshot/panlex-20191001-csv/6898#113625404>		"Rwanda"@id	
"Monteseraati"@xog	<https://panlex.org/snapshot/panlex-20191001-csv/6898#113618378>				<https://panlex.org/snapshot/panlex-20191001-csv/6898#113618413>		"Montserrat"@id	
"Paragwayi"@xog	<https://panlex.org/snapshot/panlex-20191001-csv/6898#113623936>				<https://panlex.org/snapshot/panlex-20191001-csv/6898#113623792>		"Paraguay"@id	
"Ebizanga bya Solomooni"@xog	<https://panlex.org/snapshot/panlex-20191001-csv/6898#113602442>				<https://panlex.org/snapshot/panlex-20191001-csv/6898#113602308>		"Kepulauan Solomon"@id	
"Bulugariya"@xog	<https://panlex.org/snapshot/panlex-20191001-csv/6898#113631124>				<https://panlex.org/snapshot/panlex-20191001-csv/6898#113631214>		"Bulgaria"@id	
"Sirovenya"@xog	<https://panlex.org/snapshot/panlex-20191001-csv/6898#113636607>				<https://panlex.org/snapshot/panlex-20191001-csv/6898#113636711>		"Slovenia"@id	
"Burukina Faso"@xog	<https://panlex.org/snapshot/panlex-20191001-csv/6898#113632330>				<https://panlex.org/snapshot/panlex-20191001-csv/6898#113632342>		"Burkina Faso"@id	
"Malita"@xog	<https://panlex.org/snapshot/panlex-20191001-csv/6898#113645199>				<https://panlex.org/snapshot/panlex-20191001-csv/6898#113645114>		"Malta"@id	
"Ttake"@xog	<https://panlex.org/snapshot/panlex-20191001-csv/6898#113611981>				<https://panlex.org/snapshot/panlex-20191001-csv/6898#113612048>		"Turki"@id	
"Kataa"@xog	<https://panlex.org/snapshot/panlex-20191001-csv/6898#113636782>				<https://panlex.org/snapshot/panlex-20191001-csv/6898#113636764>		"Qatar"@id	
"Aruba"@xog	<https://panlex.org/snapshot/panlex-20191001-csv/6898#113644171>				<https://panlex.org/snapshot/panlex-20191001-csv/6898#113644071>		"Aruba"@id	
"Kongo - Zayire"@xog	<https://panlex.org/snapshot/panlex-20191001-csv/6898#113589524>				<https://panlex.org/snapshot/panlex-20191001-csv/6898#113589540>		"Kongo - Kinshasa"@id	
"Kongo - Zayire"@xog	<https://panlex.org/snapshot/panlex-20191001-csv/6898#113589524>				<https://panlex.org/snapshot/panlex-20191001-csv/6898#113589458>		"Kongo (RDK)"@id	
"Awusitureliya"@xog	<https://panlex.org/snapshot/panlex-20191001-csv/6898#113631544>				<https://panlex.org/snapshot/panlex-20191001-csv/6898#113631463>		"Australia"@id	
"Mikuronezya"@xog	<https://panlex.org/snapshot/panlex-20191001-csv/6898#113597301>				<https://panlex.org/snapshot/panlex-20191001-csv/6898#113597190>		"Mikronesia"@id	
"Siyeralewone"@xog	<https://panlex.org/snapshot/panlex-20191001-csv/6898#113637039>				<https://panlex.org/snapshot/panlex-20191001-csv/6898#113636986>		"Sierra Leone"@id	
"Nije"@xog	<https://panlex.org/snapshot/panlex-20191001-csv/6898#113644931>				<https://panlex.org/snapshot/panlex-20191001-csv/6898#113644771>		"Niger"@id	
"Denimaaka"@xog	<https://panlex.org/snapshot/panlex-20191001-csv/6898#113629551>				<https://panlex.org/snapshot/panlex-20191001-csv/6898#113629501>		"Denmark"@id	
"Singapowa"@xog	<https://panlex.org/snapshot/panlex-20191001-csv/6898#113604923>				<https://panlex.org/snapshot/panlex-20191001-csv/6898#113604902>		"Singapura"@id	
"Peru"@xog	<https://panlex.org/snapshot/panlex-20191001-csv/6898#113593736>				<https://panlex.org/snapshot/panlex-20191001-csv/6898#113593733>		"Peru"@id	
"Senti Piyere ni Mikeloni"@xog	<https://panlex.org/snapshot/panlex-20191001-csv/6898#113588837>				<https://panlex.org/snapshot/panlex-20191001-csv/6898#113588842>		"Saint Pierre dan Miquelon"@id	
"Tuvalu"@xog	<https://panlex.org/snapshot/panlex-20191001-csv/6898#113610318>				<https://panlex.org/snapshot/panlex-20191001-csv/6898#113610187>		"Tuvalu"@id	
"Kenya"@xog	<https://panlex.org/snapshot/panlex-20191001-csv/6898#113593923>				<https://panlex.org/snapshot/panlex-20191001-csv/6898#113593961>		"Kenya"@id	
"Bangaladesi"@xog	<https://panlex.org/snapshot/panlex-20191001-csv/6898#113632152>				<https://panlex.org/snapshot/panlex-20191001-csv/6898#113632298>		"Bangladesh"@id	
"Beremuda"@xog	<https://panlex.org/snapshot/panlex-20191001-csv/6898#113607273>				<https://panlex.org/snapshot/panlex-20191001-csv/6898#113607351>		"Bermuda"@id	
"Gyogya"@xog	<https://panlex.org/snapshot/panlex-20191001-csv/6898#113635226>				<https://panlex.org/snapshot/panlex-20191001-csv/6898#113635139>		"Georgia"@id	
"Walisi ni Futuna"@xog	<https://panlex.org/snapshot/panlex-20191001-csv/6898#113638666>				<https://panlex.org/snapshot/panlex-20191001-csv/6898#113638634>		"Kepulauan Wallis dan Futuna"@id	
"Bizinga bya Mariyana ebyamumambuka"@xog	<https://panlex.org/snapshot/panlex-20191001-csv/6898#113635442>				<https://panlex.org/snapshot/panlex-20191001-csv/6898#113635531>		"Kepulauan Mariana Utara"@id	
"Venzwera"@xog	<https://panlex.org/snapshot/panlex-20191001-csv/6898#113597510>				<https://panlex.org/snapshot/panlex-20191001-csv/6898#113597556>		"Venezuela"@id	
"Kirigizisitaani"@xog	<https://panlex.org/snapshot/panlex-20191001-csv/6898#113627249>				<https://panlex.org/snapshot/panlex-20191001-csv/6898#113627323>		"Kirgistan"@id	
"Barabadosi"@xog	<https://panlex.org/snapshot/panlex-20191001-csv/6898#113620353>				<https://panlex.org/snapshot/panlex-20191001-csv/6898#113620482>		"Barbados"@id	
"Gurenada"@xog	<https://panlex.org/snapshot/panlex-20191001-csv/6898#113604147>				<https://panlex.org/snapshot/panlex-20191001-csv/6898#113604091>		"Grenada"@id	
"Wurugwayi"@xog	<https://panlex.org/snapshot/panlex-20191001-csv/6898#113623346>				<https://panlex.org/snapshot/panlex-20191001-csv/6898#113623406>		"Uruguay"@id	
"Angola"@xog	<https://panlex.org/snapshot/panlex-20191001-csv/6898#113599938>				<https://panlex.org/snapshot/panlex-20191001-csv/6898#113599937>		"Angola"@id	
"Yiraani"@xog	<https://panlex.org/snapshot/panlex-20191001-csv/6898#113626097>				<https://panlex.org/snapshot/panlex-20191001-csv/6898#113626209>		"Iran"@id	
"Lomaniya"@xog	<https://panlex.org/snapshot/panlex-20191001-csv/6898#113618174>				<https://panlex.org/snapshot/panlex-20191001-csv/6898#113618269>		"Rumania"@id	
"ekyuma"@xog	<https://panlex.org/snapshot/panlex-20191001-csv/8#216199>				<https://panlex.org/snapshot/panlex-20191001-csv/8#216038>		"besi"@id	
