"మూడో ప్రపంచ యుద్ధం"@te	<https://panlex.org/snapshot/panlex-20191001-csv/6709#111077377>				<https://panlex.org/snapshot/panlex-20191001-csv/6709#111077345>		"Peteĩha Ñorairõ Guasu"@gug	
"రెండవ ప్రపంచ యుద్ధం"@te	<https://panlex.org/snapshot/panlex-20191001-csv/6709#111077544>				<https://panlex.org/snapshot/panlex-20191001-csv/6709#111077605>		"Mokõiha Ñorairõ Guasu"@gug	
"చిన్నరి రాకుమారుడు"@te	<https://panlex.org/snapshot/panlex-20191001-csv/6710#111083129>				<https://panlex.org/snapshot/panlex-20191001-csv/6710#111083121>		"Mitãmi"@gug	
"పిల్లి"@te	<https://panlex.org/snapshot/panlex-20191001-csv/2129#11694599>				<https://panlex.org/snapshot/panlex-20191001-csv/2129#11694533>		"mbarakaja"@gug	
"అరణ్యము"@te	<https://panlex.org/snapshot/panlex-20191001-csv/5950#85873143>				<https://panlex.org/snapshot/panlex-20191001-csv/5950#85873108>		"ka'aguy"@gug	
"వనము"@te	<https://panlex.org/snapshot/panlex-20191001-csv/5950#85873142>				<https://panlex.org/snapshot/panlex-20191001-csv/5950#85873108>		"ka'aguy"@gug	
"అడివి"@te	<https://panlex.org/snapshot/panlex-20191001-csv/5950#85873141>				<https://panlex.org/snapshot/panlex-20191001-csv/5950#85873108>		"ka'aguy"@gug	
"నువ్వు"@te	<https://panlex.org/snapshot/panlex-20191001-csv/5945#84429851>				<https://panlex.org/snapshot/panlex-20191001-csv/5945#84429815>		"nde"@gug	
"గోరు"@te	<https://panlex.org/snapshot/panlex-20191001-csv/5945#84430318>				<https://panlex.org/snapshot/panlex-20191001-csv/5945#84430296>		"poapen"@gug	
"పాము"@te	<https://panlex.org/snapshot/panlex-20191001-csv/5945#84421063>				<https://panlex.org/snapshot/panlex-20191001-csv/5945#84421015>		"mbói"@gug	
"వెండి"@te	<https://panlex.org/snapshot/panlex-20191001-csv/5947#84847079>				<https://panlex.org/snapshot/panlex-20191001-csv/5947#84847034>		"itatĩ"@gug	
"అడవి"@te	<https://panlex.org/snapshot/panlex-20191001-csv/5947#84678106>				<https://panlex.org/snapshot/panlex-20191001-csv/5947#84678038>		"ka’aguy ypytũ"@gug	
"పోలాండ్"@te	<https://panlex.org/snapshot/panlex-20191001-csv/5947#84607843>				<https://panlex.org/snapshot/panlex-20191001-csv/5947#84607738>		"Poloña"@gug	
"గరుత్మంతుడు"@te	<https://panlex.org/snapshot/panlex-20191001-csv/5947#84782372>				<https://panlex.org/snapshot/panlex-20191001-csv/5947#84782259>		"apakani"@gug	
"స్వాతంత్ర్యం"@te	<https://panlex.org/snapshot/panlex-20191001-csv/5947#84766788>				<https://panlex.org/snapshot/panlex-20191001-csv/5947#84766725>		"tekosa’y"@gug	
"పేరు"@te	<https://panlex.org/snapshot/panlex-20191001-csv/5947#84689635>				<https://panlex.org/snapshot/panlex-20191001-csv/5947#84689550>		"mamopa"@gug	
"బెల్జియం"@te	<https://panlex.org/snapshot/panlex-20191001-csv/5947#84584521>				<https://panlex.org/snapshot/panlex-20191001-csv/5947#84584405>		"Véyhika"@gug	
"అల్జీరియా"@te	<https://panlex.org/snapshot/panlex-20191001-csv/5947#84580215>				<https://panlex.org/snapshot/panlex-20191001-csv/5947#84580105>		"Ahélia"@gug	
"అల్బేనియా"@te	<https://panlex.org/snapshot/panlex-20191001-csv/5947#84579796>				<https://panlex.org/snapshot/panlex-20191001-csv/5947#84579684>		"Avaña"@gug	
"మహిళ"@te	<https://panlex.org/snapshot/panlex-20191001-csv/5940#81312531>				<https://panlex.org/snapshot/panlex-20191001-csv/5940#81312490>		"kuña"@gug	
"స్త్రీ"@te	<https://panlex.org/snapshot/panlex-20191001-csv/5940#81312530>				<https://panlex.org/snapshot/panlex-20191001-csv/5940#81312490>		"kuña"@gug	
"ఆడది"@te	<https://panlex.org/snapshot/panlex-20191001-csv/5940#81312532>				<https://panlex.org/snapshot/panlex-20191001-csv/5940#81312490>		"kuña"@gug	
"phibravari"@te	<https://panlex.org/snapshot/panlex-20191001-csv/5939#80811329>				<https://panlex.org/snapshot/panlex-20191001-csv/5939#80811235>		"jasykõi"@gug	
"moṭima"@te	<https://panlex.org/snapshot/panlex-20191001-csv/5939#80710874>				<https://panlex.org/snapshot/panlex-20191001-csv/5939#80710833>		"jari’i"@gug	
"nadi"@te	<https://panlex.org/snapshot/panlex-20191001-csv/5939#80818653>				<https://panlex.org/snapshot/panlex-20191001-csv/5939#80818584>		"ysyry"@gug	
"కాలం చేయు"@te	<https://panlex.org/snapshot/panlex-20191001-csv/5946#84456465>				<https://panlex.org/snapshot/panlex-20191001-csv/5946#84456432>		"mano e'õ"@gug	
"పడు"@te	<https://panlex.org/snapshot/panlex-20191001-csv/5946#84443714>				<https://panlex.org/snapshot/panlex-20191001-csv/5946#84443665>		"kúi"@gug	
"పడు"@te	<https://panlex.org/snapshot/panlex-20191001-csv/5946#84443714>				<https://panlex.org/snapshot/panlex-20191001-csv/5946#84443664>		"'a"@gug	
"ఇల్లు"@te	<https://panlex.org/snapshot/panlex-20191001-csv/5946#84437296>				<https://panlex.org/snapshot/panlex-20191001-csv/5946#84437251>		"ogapy"@gug	
"ఇల్లు"@te	<https://panlex.org/snapshot/panlex-20191001-csv/5946#84437296>				<https://panlex.org/snapshot/panlex-20191001-csv/5946#84437252>		"róga"@gug	
"ఇల్లు"@te	<https://panlex.org/snapshot/panlex-20191001-csv/5946#84437296>				<https://panlex.org/snapshot/panlex-20191001-csv/5946#84437250>		"oga"@gug	
"నాటు"@te	<https://panlex.org/snapshot/panlex-20191001-csv/5946#84439591>				<https://panlex.org/snapshot/panlex-20191001-csv/5946#84439557>		"ñoty"@gug	
"చనిపోవు"@te	<https://panlex.org/snapshot/panlex-20191001-csv/5946#84456469>				<https://panlex.org/snapshot/panlex-20191001-csv/5946#84456432>		"mano e'õ"@gug	
"అద్దము"@te	<https://panlex.org/snapshot/panlex-20191001-csv/5946#84446324>				<https://panlex.org/snapshot/panlex-20191001-csv/5946#84446186>		"itagecha"@gug	
"కాగితము"@te	<https://panlex.org/snapshot/panlex-20191001-csv/5946#84448296>				<https://panlex.org/snapshot/panlex-20191001-csv/5946#84448258>		"kuatia"@gug	
"చేప"@te	<https://panlex.org/snapshot/panlex-20191001-csv/5946#84454813>				<https://panlex.org/snapshot/panlex-20191001-csv/5946#84454756>		"pira"@gug	
"చెమట"@te	<https://panlex.org/snapshot/panlex-20191001-csv/5946#84435319>				<https://panlex.org/snapshot/panlex-20191001-csv/5946#84435255>		"ty'ai"@gug	
"కాలు"@te	<https://panlex.org/snapshot/panlex-20191001-csv/5946#84434913>				<https://panlex.org/snapshot/panlex-20191001-csv/5946#84434876>		"kupy"@gug	
"కాలు"@te	<https://panlex.org/snapshot/panlex-20191001-csv/5946#84434913>				<https://panlex.org/snapshot/panlex-20191001-csv/5946#84434875>		"etyma"@gug	
"మొగుడు"@te	<https://panlex.org/snapshot/panlex-20191001-csv/5946#84443842>				<https://panlex.org/snapshot/panlex-20191001-csv/5946#84443792>		"ména"@gug	
"మొగుడు"@te	<https://panlex.org/snapshot/panlex-20191001-csv/5946#84443842>				<https://panlex.org/snapshot/panlex-20191001-csv/5946#84443791>		"me"@gug	
"మబ్బులు"@te	<https://panlex.org/snapshot/panlex-20191001-csv/5946#84452087>				<https://panlex.org/snapshot/panlex-20191001-csv/5946#84452053>		"arai"@gug	
"పరమపదించు"@te	<https://panlex.org/snapshot/panlex-20191001-csv/5946#84456467>				<https://panlex.org/snapshot/panlex-20191001-csv/5946#84456432>		"mano e'õ"@gug	
"కుక్క"@te	<https://panlex.org/snapshot/panlex-20191001-csv/5946#84438480>				<https://panlex.org/snapshot/panlex-20191001-csv/5946#84438401>		"jagua"@gug	
"పాదము"@te	<https://panlex.org/snapshot/panlex-20191001-csv/5946#84434828>				<https://panlex.org/snapshot/panlex-20191001-csv/5946#84434794>		"py"@gug	
"సాలీడు"@te	<https://panlex.org/snapshot/panlex-20191001-csv/5946#84452174>				<https://panlex.org/snapshot/panlex-20191001-csv/5946#84452124>		"ñandu"@gug	
"నది"@te	<https://panlex.org/snapshot/panlex-20191001-csv/5946#84449270>				<https://panlex.org/snapshot/panlex-20191001-csv/5946#84449236>		"ysyry"@gug	
"గతించు"@te	<https://panlex.org/snapshot/panlex-20191001-csv/5946#84456466>				<https://panlex.org/snapshot/panlex-20191001-csv/5946#84456432>		"mano e'õ"@gug	
"స్వేదం"@te	<https://panlex.org/snapshot/panlex-20191001-csv/5946#84435318>				<https://panlex.org/snapshot/panlex-20191001-csv/5946#84435255>		"ty'ai"@gug	
"భర్త"@te	<https://panlex.org/snapshot/panlex-20191001-csv/5946#84443844>				<https://panlex.org/snapshot/panlex-20191001-csv/5946#84443792>		"ména"@gug	
"భర్త"@te	<https://panlex.org/snapshot/panlex-20191001-csv/5946#84443844>				<https://panlex.org/snapshot/panlex-20191001-csv/5946#84443791>		"me"@gug	
"శునకము"@te	<https://panlex.org/snapshot/panlex-20191001-csv/5946#84438481>				<https://panlex.org/snapshot/panlex-20191001-csv/5946#84438401>		"jagua"@gug	
"రాయి"@te	<https://panlex.org/snapshot/panlex-20191001-csv/5946#84437756>				<https://panlex.org/snapshot/panlex-20191001-csv/5946#84437708>		"ita"@gug	
"మరణించు"@te	<https://panlex.org/snapshot/panlex-20191001-csv/5946#84456468>				<https://panlex.org/snapshot/panlex-20191001-csv/5946#84456432>		"mano e'õ"@gug	
"చెట్టు"@te	<https://panlex.org/snapshot/panlex-20191001-csv/5946#84449656>				<https://panlex.org/snapshot/panlex-20191001-csv/5946#84449589>		"yvyra"@gug	
"సముద్రం"@te	<https://panlex.org/snapshot/panlex-20191001-csv/5946#84436071>				<https://panlex.org/snapshot/panlex-20191001-csv/5946#84436034>		"para"@gug	
"సముద్రం"@te	<https://panlex.org/snapshot/panlex-20191001-csv/5946#84441456>				<https://panlex.org/snapshot/panlex-20191001-csv/5946#84441419>		"para"@gug	
"మేఘము"@te	<https://panlex.org/snapshot/panlex-20191001-csv/5946#84452088>				<https://panlex.org/snapshot/panlex-20191001-csv/5946#84452053>		"arai"@gug	
"పెనిమిటి"@te	<https://panlex.org/snapshot/panlex-20191001-csv/5946#84443843>				<https://panlex.org/snapshot/panlex-20191001-csv/5946#84443792>		"ména"@gug	
"పెనిమిటి"@te	<https://panlex.org/snapshot/panlex-20191001-csv/5946#84443843>				<https://panlex.org/snapshot/panlex-20191001-csv/5946#84443791>		"me"@gug	
"చర్మము"@te	<https://panlex.org/snapshot/panlex-20191001-csv/5946#84449102>				<https://panlex.org/snapshot/panlex-20191001-csv/5946#84449083>		"api"@gug	
"ఎరుపు"@te	<https://panlex.org/snapshot/panlex-20191001-csv/5946#84434172>				<https://panlex.org/snapshot/panlex-20191001-csv/5946#84434130>		"pytã"@gug	
"ఐరోపా"@te	<https://panlex.org/snapshot/panlex-20191001-csv/5949#85308646>				<https://panlex.org/snapshot/panlex-20191001-csv/5949#85308541>		"Europa"@gug	
"ఆగస్టు"@te	<https://panlex.org/snapshot/panlex-20191001-csv/5949#85329516>				<https://panlex.org/snapshot/panlex-20191001-csv/5949#85329352>		"Jasypoapy"@gug	
"మఠం"@te	<https://panlex.org/snapshot/panlex-20191001-csv/5949#85326654>				<https://panlex.org/snapshot/panlex-20191001-csv/5949#85326596>		"pa’iróga"@gug	
"లాట్వియా"@te	<https://panlex.org/snapshot/panlex-20191001-csv/5949#85314385>				<https://panlex.org/snapshot/panlex-20191001-csv/5949#85314284>		"Letoña"@gug	
"జెరూసలేం"@te	<https://panlex.org/snapshot/panlex-20191001-csv/5949#85310030>				<https://panlex.org/snapshot/panlex-20191001-csv/5949#85309931>		"Herusalẽ"@gug	
"టర్కీ"@te	<https://panlex.org/snapshot/panlex-20191001-csv/5949#85322597>				<https://panlex.org/snapshot/panlex-20191001-csv/5949#85322508>		"Tuykia"@gug	
"ఖోరాన్"@te	<https://panlex.org/snapshot/panlex-20191001-csv/5949#85313483>				<https://panlex.org/snapshot/panlex-20191001-csv/5949#85313413>		"Korã"@gug	
"పొద్దు"@te	<https://panlex.org/snapshot/panlex-20191001-csv/5949#85320996>				<https://panlex.org/snapshot/panlex-20191001-csv/5949#85320906>		"Kuarahy"@gug	
"బెర్లిన్"@te	<https://panlex.org/snapshot/panlex-20191001-csv/5949#85302541>				<https://panlex.org/snapshot/panlex-20191001-csv/5949#85302432>		"Berlin"@gug	
"దేవుడు"@te	<https://panlex.org/snapshot/panlex-20191001-csv/5949#85303140>				<https://panlex.org/snapshot/panlex-20191001-csv/5949#85303013>		"Ñandejára"@gug	
"దేవుడు"@te	<https://panlex.org/snapshot/panlex-20191001-csv/5949#85303140>				<https://panlex.org/snapshot/panlex-20191001-csv/5949#85303012>		"Tupã ñandejára"@gug	
"దేవుడు"@te	<https://panlex.org/snapshot/panlex-20191001-csv/5949#85303140>				<https://panlex.org/snapshot/panlex-20191001-csv/5949#85303011>		"tupã"@gug	
"రష్యా"@te	<https://panlex.org/snapshot/panlex-20191001-csv/5949#85319608>				<https://panlex.org/snapshot/panlex-20191001-csv/5949#85319458>		"Rrusia"@gug	
"గాడ్"@te	<https://panlex.org/snapshot/panlex-20191001-csv/5949#85303139>				<https://panlex.org/snapshot/panlex-20191001-csv/5949#85303013>		"Ñandejára"@gug	
"గాడ్"@te	<https://panlex.org/snapshot/panlex-20191001-csv/5949#85303139>				<https://panlex.org/snapshot/panlex-20191001-csv/5949#85303012>		"Tupã ñandejára"@gug	
"గాడ్"@te	<https://panlex.org/snapshot/panlex-20191001-csv/5949#85303139>				<https://panlex.org/snapshot/panlex-20191001-csv/5949#85303011>		"tupã"@gug	
"పెరూ"@te	<https://panlex.org/snapshot/panlex-20191001-csv/5949#85318323>				<https://panlex.org/snapshot/panlex-20191001-csv/5949#85318232>		"Perũ"@gug	
"పోలాండ్"@te	<https://panlex.org/snapshot/panlex-20191001-csv/5949#85318718>				<https://panlex.org/snapshot/panlex-20191001-csv/5949#85318673>		"Poloña"@gug	
"సూర్యుడు"@te	<https://panlex.org/snapshot/panlex-20191001-csv/5949#85320995>				<https://panlex.org/snapshot/panlex-20191001-csv/5949#85320906>		"Kuarahy"@gug	
"పుస్తకము"@te	<https://panlex.org/snapshot/panlex-20191001-csv/5942#83282784>				<https://panlex.org/snapshot/panlex-20191001-csv/5942#83282726>		"kuatiañeʼẽ"@gug	
"చరిత్ర"@te	<https://panlex.org/snapshot/panlex-20191001-csv/5942#83282332>				<https://panlex.org/snapshot/panlex-20191001-csv/5942#83282251>		"tembiasakue"@gug	
"తెలుగు"@te	<https://panlex.org/snapshot/panlex-20191001-csv/5943#83313381>				<https://panlex.org/snapshot/panlex-20191001-csv/5943#83313364>		"ingyaterrañe'ẽ"@gug	
"స్తనము"@te	<https://panlex.org/snapshot/panlex-20191001-csv/5943#83411817>				<https://panlex.org/snapshot/panlex-20191001-csv/5943#83411768>		"titi"@gug	
"యోని"@te	<https://panlex.org/snapshot/panlex-20191001-csv/5943#83313233>				<https://panlex.org/snapshot/panlex-20191001-csv/5943#83313175>		"tako"@gug	
"యోని"@te	<https://panlex.org/snapshot/panlex-20191001-csv/5943#83313233>				<https://panlex.org/snapshot/panlex-20191001-csv/5943#83313176>		"rako"@gug	
"చన్ను"@te	<https://panlex.org/snapshot/panlex-20191001-csv/5943#83411816>				<https://panlex.org/snapshot/panlex-20191001-csv/5943#83411768>		"titi"@gug	
"పురుషాంగము"@te	<https://panlex.org/snapshot/panlex-20191001-csv/5943#83395654>				<https://panlex.org/snapshot/panlex-20191001-csv/5943#83395584>		"tembo"@gug	
"భూమి"@te	<https://panlex.org/snapshot/panlex-20191001-csv/611#25792816>				<https://panlex.org/snapshot/panlex-20191001-csv/611#25792792>		"Yvy"@gug	
"వారము"@te	<https://panlex.org/snapshot/panlex-20191001-csv/611#25807133>				<https://panlex.org/snapshot/panlex-20191001-csv/611#25807075>		"arapokõindy"@gug	
"నువ్వు"@te	<https://panlex.org/snapshot/panlex-20191001-csv/19#1042032>				<https://panlex.org/snapshot/panlex-20191001-csv/19#1041994>		"nde"@gug	
"గాలి"@te	<https://panlex.org/snapshot/panlex-20191001-csv/9#474714>				<https://panlex.org/snapshot/panlex-20191001-csv/9#474691>		"yvytu"@gug	
"పక్షి"@te	<https://panlex.org/snapshot/panlex-20191001-csv/9#482013>				<https://panlex.org/snapshot/panlex-20191001-csv/9#481962>		"guyra"@gug	
"అతడు"@te	<https://panlex.org/snapshot/panlex-20191001-csv/9#473907>				<https://panlex.org/snapshot/panlex-20191001-csv/9#473845>		"haʼe"@gug	
"తొమ్మిది"@te	<https://panlex.org/snapshot/panlex-20191001-csv/9#491046>				<https://panlex.org/snapshot/panlex-20191001-csv/9#490959>		"porundy"@gug	
"వివాహము"@te	<https://panlex.org/snapshot/panlex-20191001-csv/12#898884>				<https://panlex.org/snapshot/panlex-20191001-csv/12#898867>		"menda"@gug	
"వివాహము"@te	<https://panlex.org/snapshot/panlex-20191001-csv/12#898853>				<https://panlex.org/snapshot/panlex-20191001-csv/12#898837>		"menda"@gug	
"పది"@te	<https://panlex.org/snapshot/panlex-20191001-csv/12#845616>				<https://panlex.org/snapshot/panlex-20191001-csv/12#845588>		"pa"@gug	
"డబ్బు"@te	<https://panlex.org/snapshot/panlex-20191001-csv/12#849826>				<https://panlex.org/snapshot/panlex-20191001-csv/12#849799>		"pirapire"@gug	
"వెయ్యి"@te	<https://panlex.org/snapshot/panlex-20191001-csv/12#846046>				<https://panlex.org/snapshot/panlex-20191001-csv/12#846015>		"su"@gug	
"పైకం"@te	<https://panlex.org/snapshot/panlex-20191001-csv/12#849825>				<https://panlex.org/snapshot/panlex-20191001-csv/12#849799>		"pirapire"@gug	
"వేయి"@te	<https://panlex.org/snapshot/panlex-20191001-csv/12#846045>				<https://panlex.org/snapshot/panlex-20191001-csv/12#846015>		"su"@gug	
"రొక్కం"@te	<https://panlex.org/snapshot/panlex-20191001-csv/12#849827>				<https://panlex.org/snapshot/panlex-20191001-csv/12#849799>		"pirapire"@gug	
"ధనం"@te	<https://panlex.org/snapshot/panlex-20191001-csv/12#849824>				<https://panlex.org/snapshot/panlex-20191001-csv/12#849799>		"pirapire"@gug	
"ఎనిమిది"@te	<https://panlex.org/snapshot/panlex-20191001-csv/12#845513>				<https://panlex.org/snapshot/panlex-20191001-csv/12#845483>		"poapy"@gug	
"వివాహ వేడుక"@te	<https://panlex.org/snapshot/panlex-20191001-csv/12#898852>				<https://panlex.org/snapshot/panlex-20191001-csv/12#898837>		"menda"@gug	
"వివాహ వేడుక"@te	<https://panlex.org/snapshot/panlex-20191001-csv/12#898883>				<https://panlex.org/snapshot/panlex-20191001-csv/12#898867>		"menda"@gug	
"ముఖము"@te	<https://panlex.org/snapshot/panlex-20191001-csv/12#871196>				<https://panlex.org/snapshot/panlex-20191001-csv/12#871167>		"tova"@gug	
"భూగోళ శాస్త్రము"@te	<https://panlex.org/snapshot/panlex-20191001-csv/2904#111022693>				<https://panlex.org/snapshot/panlex-20191001-csv/2904#111022778>		"tetãnguéra"@gug	
"ఖగోళ శాస్త్రము"@te	<https://panlex.org/snapshot/panlex-20191001-csv/2904#111021984>				<https://panlex.org/snapshot/panlex-20191001-csv/2904#111022107>		"mbyjakuaa"@gug	
"చరిత్ర"@te	<https://panlex.org/snapshot/panlex-20191001-csv/2904#111022888>				<https://panlex.org/snapshot/panlex-20191001-csv/2904#111022838>		"tembiasakue"@gug	
"జీవ శాస్త్రము"@te	<https://panlex.org/snapshot/panlex-20191001-csv/2904#111022208>				<https://panlex.org/snapshot/panlex-20191001-csv/2904#111022141>		"tekovekuaaty"@gug	
"శాస్త్రము"@te	<https://panlex.org/snapshot/panlex-20191001-csv/2904#111024349>				<https://panlex.org/snapshot/panlex-20191001-csv/2904#111024408>		"tembikuaaty"@gug	
"గణితం"@te	<https://panlex.org/snapshot/panlex-20191001-csv/2904#111023376>				<https://panlex.org/snapshot/panlex-20191001-csv/2904#111023331>		"papapykuaa"@gug	
"విశ్వవిద్యాలయం"@te	<https://panlex.org/snapshot/panlex-20191001-csv/2904#111024578>				<https://panlex.org/snapshot/panlex-20191001-csv/2904#111024518>		"mbo’ehao guasu"@gug	
"తత్వం"@te	<https://panlex.org/snapshot/panlex-20191001-csv/2904#111023796>				<https://panlex.org/snapshot/panlex-20191001-csv/2904#111023859>		"arandupykuaaty"@gug	
"రసాయన శాస్త్రము"@te	<https://panlex.org/snapshot/panlex-20191001-csv/2904#111022510>				<https://panlex.org/snapshot/panlex-20191001-csv/2904#111022417>		"kimi"@gug	
"వైద్యము"@te	<https://panlex.org/snapshot/panlex-20191001-csv/2904#111023660>				<https://panlex.org/snapshot/panlex-20191001-csv/2904#111023732>		"ñepohãno"@gug	
"తాత్వికత"@te	<https://panlex.org/snapshot/panlex-20191001-csv/2904#111023853>				<https://panlex.org/snapshot/panlex-20191001-csv/2904#111023859>		"arandupykuaaty"@gug	
"సమాధానము"@te	<https://panlex.org/snapshot/panlex-20191001-csv/2902#111012238>				<https://panlex.org/snapshot/panlex-20191001-csv/2902#111012060>		"py’a guapy"@gug	
"శాంతము"@te	<https://panlex.org/snapshot/panlex-20191001-csv/2902#111012113>				<https://panlex.org/snapshot/panlex-20191001-csv/2902#111012060>		"py’a guapy"@gug	
"కృష్ణబిలం"@te	<https://panlex.org/snapshot/panlex-20191001-csv/2907#110849587>				<https://panlex.org/snapshot/panlex-20191001-csv/2907#110849543>		"kua hû"@gug	
"విశ్వం"@te	<https://panlex.org/snapshot/panlex-20191001-csv/2907#110849123>				<https://panlex.org/snapshot/panlex-20191001-csv/2907#110849100>		"Arapy"@gug	
"పాలపుంత"@te	<https://panlex.org/snapshot/panlex-20191001-csv/2907#110848766>				<https://panlex.org/snapshot/panlex-20191001-csv/2907#110848884>		"Mborevi Rape"@gug	
"తోకచుక్క"@te	<https://panlex.org/snapshot/panlex-20191001-csv/2907#110849237>				<https://panlex.org/snapshot/panlex-20191001-csv/2907#110849291>		"mbyjausuveve"@gug	
"శరీరము"@te	<https://panlex.org/snapshot/panlex-20191001-csv/8#204854>				<https://panlex.org/snapshot/panlex-20191001-csv/8#204834>		"rete"@gug	
"శరీరము"@te	<https://panlex.org/snapshot/panlex-20191001-csv/8#204854>				<https://panlex.org/snapshot/panlex-20191001-csv/8#204835>		"tete"@gug	
"పరమపదించు"@te	<https://panlex.org/snapshot/panlex-20191001-csv/8#104411>				<https://panlex.org/snapshot/panlex-20191001-csv/8#104370>		"eʼõ"@gug	
"పరమపదించు"@te	<https://panlex.org/snapshot/panlex-20191001-csv/8#104411>				<https://panlex.org/snapshot/panlex-20191001-csv/8#104371>		"mano"@gug	
"తార"@te	<https://panlex.org/snapshot/panlex-20191001-csv/8#105578>				<https://panlex.org/snapshot/panlex-20191001-csv/8#105542>		"mbyja"@gug	
"శునకము"@te	<https://panlex.org/snapshot/panlex-20191001-csv/8#94235>				<https://panlex.org/snapshot/panlex-20191001-csv/8#94103>		"jagua"@gug	
"పాదము"@te	<https://panlex.org/snapshot/panlex-20191001-csv/8#181297>				<https://panlex.org/snapshot/panlex-20191001-csv/8#181262>		"py"@gug	
"బంగారం"@te	<https://panlex.org/snapshot/panlex-20191001-csv/8#139441>				<https://panlex.org/snapshot/panlex-20191001-csv/8#139392>		"kuarepotiju"@gug	
"బంగారం"@te	<https://panlex.org/snapshot/panlex-20191001-csv/8#139441>				<https://panlex.org/snapshot/panlex-20191001-csv/8#139391>		"itaju"@gug	
"ఫోను"@te	<https://panlex.org/snapshot/panlex-20191001-csv/8#270037>				<https://panlex.org/snapshot/panlex-20191001-csv/8#270021>		"pumbyry"@gug	
"వివాహ వేడుక"@te	<https://panlex.org/snapshot/panlex-20191001-csv/8#335374>				<https://panlex.org/snapshot/panlex-20191001-csv/8#335356>		"menda"@gug	
"కంఠం"@te	<https://panlex.org/snapshot/panlex-20191001-csv/8#181517>				<https://panlex.org/snapshot/panlex-20191001-csv/8#181488>		"ajúra"@gug	
"సాలీడు"@te	<https://panlex.org/snapshot/panlex-20191001-csv/8#247923>				<https://panlex.org/snapshot/panlex-20191001-csv/8#247871>		"ñandu"@gug	
"ఆడది"@te	<https://panlex.org/snapshot/panlex-20191001-csv/8#143475>				<https://panlex.org/snapshot/panlex-20191001-csv/8#143420>		"kuña"@gug	
"ఆరు"@te	<https://panlex.org/snapshot/panlex-20191001-csv/8#111661>				<https://panlex.org/snapshot/panlex-20191001-csv/8#111597>		"poteĩ"@gug	
"ఔను"@te	<https://panlex.org/snapshot/panlex-20191001-csv/8#133964>				<https://panlex.org/snapshot/panlex-20191001-csv/8#133904>		"heẽ"@gug	
"చన్ను"@te	<https://panlex.org/snapshot/panlex-20191001-csv/8#246556>				<https://panlex.org/snapshot/panlex-20191001-csv/8#246522>		"titi"@gug	
"కపోతం"@te	<https://panlex.org/snapshot/panlex-20191001-csv/8#193162>				<https://panlex.org/snapshot/panlex-20191001-csv/8#193130>		"jeruti"@gug	
"కపోతం"@te	<https://panlex.org/snapshot/panlex-20191001-csv/8#193162>				<https://panlex.org/snapshot/panlex-20191001-csv/8#193131>		"pykasu"@gug	
"పంపించు"@te	<https://panlex.org/snapshot/panlex-20191001-csv/8#118540>				<https://panlex.org/snapshot/panlex-20191001-csv/8#118506>		"mondo"@gug	
"శీతల"@te	<https://panlex.org/snapshot/panlex-20191001-csv/8#164290>				<https://panlex.org/snapshot/panlex-20191001-csv/8#164244>		"roʼy"@gug	
"చెవి"@te	<https://panlex.org/snapshot/panlex-20191001-csv/8#180786>				<https://panlex.org/snapshot/panlex-20191001-csv/8#180740>		"nambi"@gug	
"కలప"@te	<https://panlex.org/snapshot/panlex-20191001-csv/8#167691>				<https://panlex.org/snapshot/panlex-20191001-csv/8#167652>		"yvyra"@gug	
"తెలుగు"@te	<https://panlex.org/snapshot/panlex-20191001-csv/5#28474>				<https://panlex.org/snapshot/panlex-20191001-csv/5#28425>		"teluguñeʼẽ"@gug	
"తామ్రము"@te	<https://panlex.org/snapshot/panlex-20191001-csv/2893#110993256>				<https://panlex.org/snapshot/panlex-20191001-csv/2893#110993279>		"kuarepoti pytã"@gug	
"యురేనియమ్"@te	<https://panlex.org/snapshot/panlex-20191001-csv/2893#110995928>				<https://panlex.org/snapshot/panlex-20191001-csv/2893#110995907>		"urânio"@gug	
"టంగ్స్టన్"@te	<https://panlex.org/snapshot/panlex-20191001-csv/2893#110994829>				<https://panlex.org/snapshot/panlex-20191001-csv/2893#110994860>		"tungstenio"@gug	
"రజతము"@te	<https://panlex.org/snapshot/panlex-20191001-csv/2893#110994150>				<https://panlex.org/snapshot/panlex-20191001-csv/2893#110994131>		"itatĩ"@gug	
"ఇనుము"@te	<https://panlex.org/snapshot/panlex-20191001-csv/2893#110992653>				<https://panlex.org/snapshot/panlex-20191001-csv/2893#110992708>		"ambopyita"@gug	
"ఫ్లోరిన్"@te	<https://panlex.org/snapshot/panlex-20191001-csv/2893#110990513>				<https://panlex.org/snapshot/panlex-20191001-csv/2893#110990604>		"flúor"@gug	
"సోడియమ్"@te	<https://panlex.org/snapshot/panlex-20191001-csv/2893#110990991>				<https://panlex.org/snapshot/panlex-20191001-csv/2893#110990954>		"sódio"@gug	
"బ్రోమీన్"@te	<https://panlex.org/snapshot/panlex-20191001-csv/2893#110993892>				<https://panlex.org/snapshot/panlex-20191001-csv/2893#110993894>		"bromo"@gug	
"కనకము"@te	<https://panlex.org/snapshot/panlex-20191001-csv/2893#110995322>				<https://panlex.org/snapshot/panlex-20191001-csv/2893#110995331>		"kuarepotiju"@gug	
"బోరొన్"@te	<https://panlex.org/snapshot/panlex-20191001-csv/2893#110989689>				<https://panlex.org/snapshot/panlex-20191001-csv/2893#110989737>		"voro"@gug	
"సురుమా"@te	<https://panlex.org/snapshot/panlex-20191001-csv/2893#110994454>				<https://panlex.org/snapshot/panlex-20191001-csv/2893#110994426>		"itajoaju"@gug	
"పాదరసము"@te	<https://panlex.org/snapshot/panlex-20191001-csv/2893#110995356>				<https://panlex.org/snapshot/panlex-20191001-csv/2893#110995553>		"itamembeyku"@gug	
"జలధాతు"@te	<https://panlex.org/snapshot/panlex-20191001-csv/2893#110989302>				<https://panlex.org/snapshot/panlex-20191001-csv/2893#110989461>		"tatavevýi"@gug	
"జలధాతు"@te	<https://panlex.org/snapshot/panlex-20191001-csv/2893#110989302>				<https://panlex.org/snapshot/panlex-20191001-csv/2893#110989405>		"idyroheno"@gug	
"పొటెసియమ్"@te	<https://panlex.org/snapshot/panlex-20191001-csv/2893#110992235>				<https://panlex.org/snapshot/panlex-20191001-csv/2893#110992297>		"itahũngy"@gug	
"క్లోరీన్"@te	<https://panlex.org/snapshot/panlex-20191001-csv/2893#110992119>				<https://panlex.org/snapshot/panlex-20191001-csv/2893#110992055>		"tatahovy"@gug	
"జింక్"@te	<https://panlex.org/snapshot/panlex-20191001-csv/2893#110993406>				<https://panlex.org/snapshot/panlex-20191001-csv/2893#110993418>		"zinco"@gug	
"ఫాస్ఫొరస్"@te	<https://panlex.org/snapshot/panlex-20191001-csv/2893#110991737>				<https://panlex.org/snapshot/panlex-20191001-csv/2893#110991783>		"fósforo"@gug	
"ప్లెటినమ్"@te	<https://panlex.org/snapshot/panlex-20191001-csv/2893#110995085>				<https://panlex.org/snapshot/panlex-20191001-csv/2893#110994976>		"platina"@gug	
"హీలియమ్"@te	<https://panlex.org/snapshot/panlex-20191001-csv/2893#110989485>				<https://panlex.org/snapshot/panlex-20191001-csv/2893#110989577>		"élio"@gug	
"హీలియమ్"@te	<https://panlex.org/snapshot/panlex-20191001-csv/2893#110989485>				<https://panlex.org/snapshot/panlex-20191001-csv/2893#110989555>		"tataveve"@gug	
"ఆయొడీన్"@te	<https://panlex.org/snapshot/panlex-20191001-csv/2893#110994739>				<https://panlex.org/snapshot/panlex-20191001-csv/2893#110994599>		"iodo"@gug	
"కొల్సియమ్"@te	<https://panlex.org/snapshot/panlex-20191001-csv/2893#110992506>				<https://panlex.org/snapshot/panlex-20191001-csv/2893#110992591>		"itakairã"@gug	
"సీసము"@te	<https://panlex.org/snapshot/panlex-20191001-csv/2893#110995645>				<https://panlex.org/snapshot/panlex-20191001-csv/2893#110995563>		"chumbo"@gug	
"పాషాణము"@te	<https://panlex.org/snapshot/panlex-20191001-csv/2893#110993620>				<https://panlex.org/snapshot/panlex-20191001-csv/2893#110993692>		"ñongatuita"@gug	
"పాషాణము"@te	<https://panlex.org/snapshot/panlex-20191001-csv/2893#110993620>				<https://panlex.org/snapshot/panlex-20191001-csv/2893#110993626>		"itañongatu"@gug	
"నియొన్"@te	<https://panlex.org/snapshot/panlex-20191001-csv/2893#110990753>				<https://panlex.org/snapshot/panlex-20191001-csv/2893#110990808>		"tatatendy"@gug	
"మెగ్నేశియమ్"@te	<https://panlex.org/snapshot/panlex-20191001-csv/2893#110991121>				<https://panlex.org/snapshot/panlex-20191001-csv/2893#110991101>		"magnésio"@gug	
"స్వర్ణము"@te	<https://panlex.org/snapshot/panlex-20191001-csv/2893#110995151>				<https://panlex.org/snapshot/panlex-20191001-csv/2893#110995331>		"kuarepotiju"@gug	
"సిలికొన్"@te	<https://panlex.org/snapshot/panlex-20191001-csv/2893#110991520>				<https://panlex.org/snapshot/panlex-20191001-csv/2893#110991454>		"kuarepotiatã"@gug	
"సిలికొన్"@te	<https://panlex.org/snapshot/panlex-20191001-csv/2893#110991520>				<https://panlex.org/snapshot/panlex-20191001-csv/2893#110991607>		"silisio"@gug	
"తగరము"@te	<https://panlex.org/snapshot/panlex-20191001-csv/2893#110994266>				<https://panlex.org/snapshot/panlex-20191001-csv/2893#110994271>		"estaño"@gug	
"నికల్"@te	<https://panlex.org/snapshot/panlex-20191001-csv/2893#110993153>				<https://panlex.org/snapshot/panlex-20191001-csv/2893#110993049>		"níquel"@gug	
"నాఇట్రొజన్"@te	<https://panlex.org/snapshot/panlex-20191001-csv/2893#110990254>				<https://panlex.org/snapshot/panlex-20191001-csv/2893#110990147>		"nitrogenio"@gug	
"ఆక్సీజన్"@te	<https://panlex.org/snapshot/panlex-20191001-csv/2893#110990354>				<https://panlex.org/snapshot/panlex-20191001-csv/2893#110990359>		"tatarapo"@gug	
"ఆక్సీజన్"@te	<https://panlex.org/snapshot/panlex-20191001-csv/2893#110990354>				<https://panlex.org/snapshot/panlex-20191001-csv/2893#110990405>		"tataru"@gug	
"రాగి"@te	<https://panlex.org/snapshot/panlex-20191001-csv/2893#110993300>				<https://panlex.org/snapshot/panlex-20191001-csv/2893#110993279>		"kuarepoti pytã"@gug	
"ఎల్యుమీనియమ్"@te	<https://panlex.org/snapshot/panlex-20191001-csv/2893#110991425>				<https://panlex.org/snapshot/panlex-20191001-csv/2893#110991404>		"itaporã"@gug	
"బొగ్గు"@te	<https://panlex.org/snapshot/panlex-20191001-csv/2893#110989973>				<https://panlex.org/snapshot/panlex-20191001-csv/2893#110989974>		"tatapỹi"@gug	
"సత్తు"@te	<https://panlex.org/snapshot/panlex-20191001-csv/2893#110994322>				<https://panlex.org/snapshot/panlex-20191001-csv/2893#110994271>		"estaño"@gug	
"కోబాల్ట్"@te	<https://panlex.org/snapshot/panlex-20191001-csv/2893#110992887>				<https://panlex.org/snapshot/panlex-20191001-csv/2893#110992867>		"cobalto"@gug	
"వెండి"@te	<https://panlex.org/snapshot/panlex-20191001-csv/2893#110994028>				<https://panlex.org/snapshot/panlex-20191001-csv/2893#110994131>		"itatĩ"@gug	
"బంగారు"@te	<https://panlex.org/snapshot/panlex-20191001-csv/2893#110995224>				<https://panlex.org/snapshot/panlex-20191001-csv/2893#110995331>		"kuarepotiju"@gug	
"అభ్లింగము"@te	<https://panlex.org/snapshot/panlex-20191001-csv/2893#110989382>				<https://panlex.org/snapshot/panlex-20191001-csv/2893#110989461>		"tatavevýi"@gug	
"అభ్లింగము"@te	<https://panlex.org/snapshot/panlex-20191001-csv/2893#110989382>				<https://panlex.org/snapshot/panlex-20191001-csv/2893#110989405>		"idyroheno"@gug	
"గంధకము"@te	<https://panlex.org/snapshot/panlex-20191001-csv/2893#110991838>				<https://panlex.org/snapshot/panlex-20191001-csv/2893#110991937>		"itaysy"@gug	
"మంగళవారం"@te	<https://panlex.org/snapshot/panlex-20191001-csv/2892#110824629>				<https://panlex.org/snapshot/panlex-20191001-csv/2892#110824425>		"ara’apy"@gug	
"బుధవారం"@te	<https://panlex.org/snapshot/panlex-20191001-csv/2892#110825178>				<https://panlex.org/snapshot/panlex-20191001-csv/2892#110824933>		"ararundy"@gug	
"గురువారం"@te	<https://panlex.org/snapshot/panlex-20191001-csv/2892#110825505>				<https://panlex.org/snapshot/panlex-20191001-csv/2892#110825628>		"arapo"@gug	
"శుక్రవారం"@te	<https://panlex.org/snapshot/panlex-20191001-csv/2892#110825767>				<https://panlex.org/snapshot/panlex-20191001-csv/2892#110825848>		"arapoteĩ"@gug	
"శనివారం"@te	<https://panlex.org/snapshot/panlex-20191001-csv/2892#110826415>				<https://panlex.org/snapshot/panlex-20191001-csv/2892#110826522>		"arapokõi"@gug	
"ఆదివారం"@te	<https://panlex.org/snapshot/panlex-20191001-csv/2892#110826878>				<https://panlex.org/snapshot/panlex-20191001-csv/2892#110826590>		"arateĩ"@gug	
"సోమవారం"@te	<https://panlex.org/snapshot/panlex-20191001-csv/2892#110824002>				<https://panlex.org/snapshot/panlex-20191001-csv/2892#110824345>		"arakõi"@gug	
"మార్చి"@te	<https://panlex.org/snapshot/panlex-20191001-csv/2897#110827883>				<https://panlex.org/snapshot/panlex-20191001-csv/2897#110828229>		"Jasyapy"@gug	
"మే"@te	<https://panlex.org/snapshot/panlex-20191001-csv/2897#110828959>				<https://panlex.org/snapshot/panlex-20191001-csv/2897#110828970>		"Jasypo"@gug	
"నవంబర్"@te	<https://panlex.org/snapshot/panlex-20191001-csv/2897#110831369>				<https://panlex.org/snapshot/panlex-20191001-csv/2897#110831386>		"Jasypateĩ"@gug	
"డిసెంబర్"@te	<https://panlex.org/snapshot/panlex-20191001-csv/2897#110831613>				<https://panlex.org/snapshot/panlex-20191001-csv/2897#110831891>		"Jasypakõi"@gug	
"జూన్"@te	<https://panlex.org/snapshot/panlex-20191001-csv/2897#110829357>				<https://panlex.org/snapshot/panlex-20191001-csv/2897#110829442>		"Jasypoteĩ"@gug	
"అక్టోబర్"@te	<https://panlex.org/snapshot/panlex-20191001-csv/2897#110830747>				<https://panlex.org/snapshot/panlex-20191001-csv/2897#110830923>		"Jasypa"@gug	
"ఆగస్టు"@te	<https://panlex.org/snapshot/panlex-20191001-csv/2897#110830013>				<https://panlex.org/snapshot/panlex-20191001-csv/2897#110830007>		"Jasypoapy"@gug	
"సెప్టెంబర్"@te	<https://panlex.org/snapshot/panlex-20191001-csv/2897#110830607>				<https://panlex.org/snapshot/panlex-20191001-csv/2897#110830578>		"Jasyporundy"@gug	
"ఫిబ్రవరి"@te	<https://panlex.org/snapshot/panlex-20191001-csv/2897#110827521>				<https://panlex.org/snapshot/panlex-20191001-csv/2897#110827701>		"Jasykõi"@gug	
"జనవరి"@te	<https://panlex.org/snapshot/panlex-20191001-csv/2897#110827112>				<https://panlex.org/snapshot/panlex-20191001-csv/2897#110827403>		"Jasyteĩ"@gug	
"జూలై"@te	<https://panlex.org/snapshot/panlex-20191001-csv/2897#110829641>				<https://panlex.org/snapshot/panlex-20191001-csv/2897#110829867>		"Jasypokõi"@gug	
"ఏప్రిల్"@te	<https://panlex.org/snapshot/panlex-20191001-csv/2897#110828317>				<https://panlex.org/snapshot/panlex-20191001-csv/2897#110828262>		"Jasyrundy"@gug	
"ఓషియానియా"@te	<https://panlex.org/snapshot/panlex-20191001-csv/2891#110854520>				<https://panlex.org/snapshot/panlex-20191001-csv/2891#110854416>		"Oseania"@gug	
"ఆఫ్రికా"@te	<https://panlex.org/snapshot/panlex-20191001-csv/2891#110853081>				<https://panlex.org/snapshot/panlex-20191001-csv/2891#110853146>		"Áfrika"@gug	
"ఐరోపా"@te	<https://panlex.org/snapshot/panlex-20191001-csv/2891#110854277>				<https://panlex.org/snapshot/panlex-20191001-csv/2891#110854225>		"Europa"@gug	
"అమెరికా"@te	<https://panlex.org/snapshot/panlex-20191001-csv/2891#110853453>				<https://panlex.org/snapshot/panlex-20191001-csv/2891#110853462>		"Amérika"@gug	
"ఆసియా"@te	<https://panlex.org/snapshot/panlex-20191001-csv/2891#110853878>				<https://panlex.org/snapshot/panlex-20191001-csv/2891#110853796>		"Asia"@gug	
"యూరప్"@te	<https://panlex.org/snapshot/panlex-20191001-csv/2891#110854089>				<https://panlex.org/snapshot/panlex-20191001-csv/2891#110854225>		"Europa"@gug	
"అంటార్కిటికా"@te	<https://panlex.org/snapshot/panlex-20191001-csv/2891#110853554>				<https://panlex.org/snapshot/panlex-20191001-csv/2891#110853641>		"Antártida"@gug	
