"ኢስኒን"@har	<https://panlex.org/snapshot/panlex-20191001-csv/5947#84803424>				<https://panlex.org/snapshot/panlex-20191001-csv/5947#84803608>		"пӏаъшаматӏ"@udi	
"ኢስኒን"@har	<https://panlex.org/snapshot/panlex-20191001-csv/2892#110824084>				<https://panlex.org/snapshot/panlex-20191001-csv/2892#110824120>		"пӏаъшаматӏ"@udi	
"ኣልሓድ"@har	<https://panlex.org/snapshot/panlex-20191001-csv/2892#110826999>				<https://panlex.org/snapshot/panlex-20191001-csv/2892#110826729>		"беъингъ"@udi	
"ኣልሓድ"@har	<https://panlex.org/snapshot/panlex-20191001-csv/2892#110826999>				<https://panlex.org/snapshot/panlex-20191001-csv/2892#110826821>		"базарунгъи"@udi	
"ኣርባዓ"@har	<https://panlex.org/snapshot/panlex-20191001-csv/2892#110825127>				<https://panlex.org/snapshot/panlex-20191001-csv/2892#110824971>		"бипӏшаматӏ"@udi	
"ኻሚስ"@har	<https://panlex.org/snapshot/panlex-20191001-csv/2892#110825625>				<https://panlex.org/snapshot/panlex-20191001-csv/2892#110825296>		"хъошаматӏ"@udi	
"ሰብቲ"@har	<https://panlex.org/snapshot/panlex-20191001-csv/2892#110826310>				<https://panlex.org/snapshot/panlex-20191001-csv/2892#110826419>		"шаматӏгъи"@udi	
"ጁምዓ"@har	<https://panlex.org/snapshot/panlex-20191001-csv/2892#110825906>				<https://panlex.org/snapshot/panlex-20191001-csv/2892#110825968>		"пӏараскӏи"@udi	
"ሰለሳ"@har	<https://panlex.org/snapshot/panlex-20191001-csv/2892#110824654>				<https://panlex.org/snapshot/panlex-20191001-csv/2892#110824679>		"хьибшаматӏ"@udi	
