"ኢስኒን"@har	<https://panlex.org/snapshot/panlex-20191001-csv/5947#84803424>				<https://panlex.org/snapshot/panlex-20191001-csv/5947#84803347>		"Lunes"@ceb	
"ኢስኒን"@har	<https://panlex.org/snapshot/panlex-20191001-csv/2892#110824084>				<https://panlex.org/snapshot/panlex-20191001-csv/2892#110824050>		"Lunes"@ceb	
"ኣልሓድ"@har	<https://panlex.org/snapshot/panlex-20191001-csv/2892#110826999>				<https://panlex.org/snapshot/panlex-20191001-csv/2892#110826682>		"Dominggo"@ceb	
"ኣርባዓ"@har	<https://panlex.org/snapshot/panlex-20191001-csv/2892#110825127>				<https://panlex.org/snapshot/panlex-20191001-csv/2892#110824919>		"Miyerkoles"@ceb	
"ኻሚስ"@har	<https://panlex.org/snapshot/panlex-20191001-csv/2892#110825625>				<https://panlex.org/snapshot/panlex-20191001-csv/2892#110825431>		"Huwebes"@ceb	
"ሰብቲ"@har	<https://panlex.org/snapshot/panlex-20191001-csv/2892#110826310>				<https://panlex.org/snapshot/panlex-20191001-csv/2892#110826284>		"Sabado"@ceb	
"ጁምዓ"@har	<https://panlex.org/snapshot/panlex-20191001-csv/2892#110825906>				<https://panlex.org/snapshot/panlex-20191001-csv/2892#110825832>		"Biyernes"@ceb	
"ሰለሳ"@har	<https://panlex.org/snapshot/panlex-20191001-csv/2892#110824654>				<https://panlex.org/snapshot/panlex-20191001-csv/2892#110824717>		"Martes"@ceb	
