"ኢስኒን"@har	<https://panlex.org/snapshot/panlex-20191001-csv/5947#84803424>				<https://panlex.org/snapshot/panlex-20191001-csv/5947#84803478>		"lönesc"@lad	
"ኢስኒን"@har	<https://panlex.org/snapshot/panlex-20191001-csv/5947#84803424>				<https://panlex.org/snapshot/panlex-20191001-csv/5947#84803479>		"lùnesc"@lad	
"ኢስኒን"@har	<https://panlex.org/snapshot/panlex-20191001-csv/5947#84803424>				<https://panlex.org/snapshot/panlex-20191001-csv/5947#84803480>		"lunesc"@lad	
"ኢስኒን"@har	<https://panlex.org/snapshot/panlex-20191001-csv/5947#84803424>				<https://panlex.org/snapshot/panlex-20191001-csv/5947#84803477>		"לוניס"@lad	
"ኢስኒን"@har	<https://panlex.org/snapshot/panlex-20191001-csv/2892#110824084>				<https://panlex.org/snapshot/panlex-20191001-csv/2892#110824163>		"לוניס"@lad	
"ኢስኒን"@har	<https://panlex.org/snapshot/panlex-20191001-csv/2892#110824084>				<https://panlex.org/snapshot/panlex-20191001-csv/2892#110824329>		"lunes"@lad	
"ኣልሓድ"@har	<https://panlex.org/snapshot/panlex-20191001-csv/2892#110826999>				<https://panlex.org/snapshot/panlex-20191001-csv/2892#110826973>		"ﭏהאד"@lad	
"ኣልሓድ"@har	<https://panlex.org/snapshot/panlex-20191001-csv/2892#110826999>				<https://panlex.org/snapshot/panlex-20191001-csv/2892#110826988>		"alhad"@lad	
"ኣርባዓ"@har	<https://panlex.org/snapshot/panlex-20191001-csv/2892#110825127>				<https://panlex.org/snapshot/panlex-20191001-csv/2892#110825210>		"mierkoles"@lad	
"ኣርባዓ"@har	<https://panlex.org/snapshot/panlex-20191001-csv/2892#110825127>				<https://panlex.org/snapshot/panlex-20191001-csv/2892#110825158>		"מיירקוליס"@lad	
"ኻሚስ"@har	<https://panlex.org/snapshot/panlex-20191001-csv/2892#110825625>				<https://panlex.org/snapshot/panlex-20191001-csv/2892#110825434>		"djueves"@lad	
"ኻሚስ"@har	<https://panlex.org/snapshot/panlex-20191001-csv/2892#110825625>				<https://panlex.org/snapshot/panlex-20191001-csv/2892#110825357>		"גﬞואיבﬞיס"@lad	
"ሰብቲ"@har	<https://panlex.org/snapshot/panlex-20191001-csv/2892#110826310>				<https://panlex.org/snapshot/panlex-20191001-csv/2892#110826197>		"saba"@lad	
"ሰብቲ"@har	<https://panlex.org/snapshot/panlex-20191001-csv/2892#110826310>				<https://panlex.org/snapshot/panlex-20191001-csv/2892#110826429>		"shabat"@lad	
"ሰብቲ"@har	<https://panlex.org/snapshot/panlex-20191001-csv/2892#110826310>				<https://panlex.org/snapshot/panlex-20191001-csv/2892#110826270>		"שבת"@lad	
"ሰብቲ"@har	<https://panlex.org/snapshot/panlex-20191001-csv/2892#110826310>				<https://panlex.org/snapshot/panlex-20191001-csv/2892#110826358>		"סאבה"@lad	
"ጁምዓ"@har	<https://panlex.org/snapshot/panlex-20191001-csv/2892#110825906>				<https://panlex.org/snapshot/panlex-20191001-csv/2892#110825736>		"בﬞיירניס"@lad	
"ጁምዓ"@har	<https://panlex.org/snapshot/panlex-20191001-csv/2892#110825906>				<https://panlex.org/snapshot/panlex-20191001-csv/2892#110825858>		"viernes"@lad	
"ሰለሳ"@har	<https://panlex.org/snapshot/panlex-20191001-csv/2892#110824654>				<https://panlex.org/snapshot/panlex-20191001-csv/2892#110824634>		"מארטיס"@lad	
"ሰለሳ"@har	<https://panlex.org/snapshot/panlex-20191001-csv/2892#110824654>				<https://panlex.org/snapshot/panlex-20191001-csv/2892#110824705>		"martes"@lad	
