"mni"@lkt	<https://panlex.org/snapshot/panlex-20191001-csv/2131#11695201>				<https://panlex.org/snapshot/panlex-20191001-csv/2131#11695197>		"ئاو"@ckb	
"Pȟečhókaŋhaŋska Makȟóčhe"@lkt	<https://panlex.org/snapshot/panlex-20191001-csv/6898#113614047>				<https://panlex.org/snapshot/panlex-20191001-csv/6898#113613960>		"چین"@ckb	
"Uŋčíyapi Makȟóčhe"@lkt	<https://panlex.org/snapshot/panlex-20191001-csv/6898#113595843>				<https://panlex.org/snapshot/panlex-20191001-csv/6898#113595848>		"کانەدا"@ckb	
"Spayóla Makȟóčhe"@lkt	<https://panlex.org/snapshot/panlex-20191001-csv/6898#113628421>				<https://panlex.org/snapshot/panlex-20191001-csv/6898#113628445>		"مەکسیک"@ckb	
"Khéya Wíta"@lkt	<https://panlex.org/snapshot/panlex-20191001-csv/6898#113624601>				<https://panlex.org/snapshot/panlex-20191001-csv/6898#113624520>		"ئەمریکاکان"@ckb	
"skayéla"@lkt	<https://panlex.org/snapshot/panlex-20191001-csv/5947#84639798>				<https://panlex.org/snapshot/panlex-20191001-csv/5947#84639701>		"سپی"@ckb	
"Aŋpétu Tȟokáheya"@lkt	<https://panlex.org/snapshot/panlex-20191001-csv/5947#84803494>				<https://panlex.org/snapshot/panlex-20191001-csv/5947#84803360>		"دووشەممە"@ckb	
"Aŋpétu Tȟokáhe"@lkt	<https://panlex.org/snapshot/panlex-20191001-csv/5947#84803495>				<https://panlex.org/snapshot/panlex-20191001-csv/5947#84803360>		"دووشەممە"@ckb	
"owáyawa waŋkátuya"@lkt	<https://panlex.org/snapshot/panlex-20191001-csv/2904#111024536>				<https://panlex.org/snapshot/panlex-20191001-csv/2904#111024576>		"zanko"@ckb	
"owáyawa waŋkátuya"@lkt	<https://panlex.org/snapshot/panlex-20191001-csv/2904#111024536>				<https://panlex.org/snapshot/panlex-20191001-csv/2904#111024510>		"زانکۆ"@ckb	
"wólakȟota"@lkt	<https://panlex.org/snapshot/panlex-20191001-csv/2902#111012229>				<https://panlex.org/snapshot/panlex-20191001-csv/2902#111012170>		"ئاشتی"@ckb	
"wólakȟota"@lkt	<https://panlex.org/snapshot/panlex-20191001-csv/2902#111012229>				<https://panlex.org/snapshot/panlex-20191001-csv/2902#111012200>		"aştî"@ckb	
"Makȟówaŋčaya Khiwítayapi"@lkt	<https://panlex.org/snapshot/panlex-20191001-csv/2894#111101850>				<https://panlex.org/snapshot/panlex-20191001-csv/2894#111102033>		"Ṟêkxirawî Netewe Yekgirtuwekan"@ckb	
"Makȟówaŋčaya Khiwítayapi"@lkt	<https://panlex.org/snapshot/panlex-20191001-csv/2894#111101850>				<https://panlex.org/snapshot/panlex-20191001-csv/2894#111102034>		"ڕێکخراوی نەتەوە یەکگرتووەکان"@ckb	
"Aŋpétu Tȟokáheya"@lkt	<https://panlex.org/snapshot/panlex-20191001-csv/2892#110824398>				<https://panlex.org/snapshot/panlex-20191001-csv/2892#110824175>		"dûşemme"@ckb	
"Aŋpétu Tȟokáheya"@lkt	<https://panlex.org/snapshot/panlex-20191001-csv/2892#110824398>				<https://panlex.org/snapshot/panlex-20191001-csv/2892#110824004>		"دووشەممە"@ckb	
"Aŋpétuwakȟáŋ"@lkt	<https://panlex.org/snapshot/panlex-20191001-csv/2892#110826754>				<https://panlex.org/snapshot/panlex-20191001-csv/2892#110826864>		"yekşemme"@ckb	
"Aŋpétuwakȟáŋ"@lkt	<https://panlex.org/snapshot/panlex-20191001-csv/2892#110826754>				<https://panlex.org/snapshot/panlex-20191001-csv/2892#110826635>		"یەکشەممە"@ckb	
"Aŋpétu Yámni"@lkt	<https://panlex.org/snapshot/panlex-20191001-csv/2892#110824964>				<https://panlex.org/snapshot/panlex-20191001-csv/2892#110825097>		"çwarşemme"@ckb	
"Aŋpétu Yámni"@lkt	<https://panlex.org/snapshot/panlex-20191001-csv/2892#110824964>				<https://panlex.org/snapshot/panlex-20191001-csv/2892#110825241>		"چوارشەممە"@ckb	
"Aŋpétu Núŋpa"@lkt	<https://panlex.org/snapshot/panlex-20191001-csv/2892#110824627>				<https://panlex.org/snapshot/panlex-20191001-csv/2892#110824805>		"سێشەممە"@ckb	
"Aŋpétu Núŋpa"@lkt	<https://panlex.org/snapshot/panlex-20191001-csv/2892#110824627>				<https://panlex.org/snapshot/panlex-20191001-csv/2892#110824698>		"sêşemme"@ckb	
"Aŋpétu Tópa"@lkt	<https://panlex.org/snapshot/panlex-20191001-csv/2892#110825305>				<https://panlex.org/snapshot/panlex-20191001-csv/2892#110825609>		"pêncşemme"@ckb	
"Aŋpétu Tópa"@lkt	<https://panlex.org/snapshot/panlex-20191001-csv/2892#110825305>				<https://panlex.org/snapshot/panlex-20191001-csv/2892#110825602>		"پێنجشەممە"@ckb	
"Aŋpétu Tȟokáhe"@lkt	<https://panlex.org/snapshot/panlex-20191001-csv/2892#110824026>				<https://panlex.org/snapshot/panlex-20191001-csv/2892#110824175>		"dûşemme"@ckb	
"Aŋpétu Tȟokáhe"@lkt	<https://panlex.org/snapshot/panlex-20191001-csv/2892#110824026>				<https://panlex.org/snapshot/panlex-20191001-csv/2892#110824004>		"دووشەممە"@ckb	
"Aŋpétu Záptaŋ"@lkt	<https://panlex.org/snapshot/panlex-20191001-csv/2892#110825732>				<https://panlex.org/snapshot/panlex-20191001-csv/2892#110825922>		"جومعە"@ckb	
"Aŋpétu Záptaŋ"@lkt	<https://panlex.org/snapshot/panlex-20191001-csv/2892#110825732>				<https://panlex.org/snapshot/panlex-20191001-csv/2892#110825817>		"cum’e"@ckb	
"Owáŋkayužažapi"@lkt	<https://panlex.org/snapshot/panlex-20191001-csv/2892#110826541>				<https://panlex.org/snapshot/panlex-20191001-csv/2892#110826546>		"şemme"@ckb	
"Owáŋkayužažapi"@lkt	<https://panlex.org/snapshot/panlex-20191001-csv/2892#110826541>				<https://panlex.org/snapshot/panlex-20191001-csv/2892#110826403>		"شەممە"@ckb	
"Čhaŋwápetȟó wí"@lkt	<https://panlex.org/snapshot/panlex-20191001-csv/2897#110828827>				<https://panlex.org/snapshot/panlex-20191001-csv/2897#110828928>		"ئایار"@ckb	
"Čhaŋwápetȟó wí"@lkt	<https://panlex.org/snapshot/panlex-20191001-csv/2897#110828827>				<https://panlex.org/snapshot/panlex-20191001-csv/2897#110828727>		"ayar"@ckb	
"Wakíčhepa wí"@lkt	<https://panlex.org/snapshot/panlex-20191001-csv/2897#110829343>				<https://panlex.org/snapshot/panlex-20191001-csv/2897#110829228>		"ḧuzeyran"@ckb	
"Wakíčhepa wí"@lkt	<https://panlex.org/snapshot/panlex-20191001-csv/2897#110829343>				<https://panlex.org/snapshot/panlex-20191001-csv/2897#110829375>		"ḧezîran"@ckb	
"Wakíčhepa wí"@lkt	<https://panlex.org/snapshot/panlex-20191001-csv/2897#110829343>				<https://panlex.org/snapshot/panlex-20191001-csv/2897#110829449>		"حەزیران"@ckb	
"Wakíčhepa wí"@lkt	<https://panlex.org/snapshot/panlex-20191001-csv/2897#110829343>				<https://panlex.org/snapshot/panlex-20191001-csv/2897#110829465>		"حوزەیران"@ckb	
"Čhaŋwápe Nabléča wí"@lkt	<https://panlex.org/snapshot/panlex-20191001-csv/2897#110828944>				<https://panlex.org/snapshot/panlex-20191001-csv/2897#110828928>		"ئایار"@ckb	
"Čhaŋwápe Nabléča wí"@lkt	<https://panlex.org/snapshot/panlex-20191001-csv/2897#110828944>				<https://panlex.org/snapshot/panlex-20191001-csv/2897#110828727>		"ayar"@ckb	
"Wipázukȟa wašté wí"@lkt	<https://panlex.org/snapshot/panlex-20191001-csv/2897#110829102>				<https://panlex.org/snapshot/panlex-20191001-csv/2897#110829228>		"ḧuzeyran"@ckb	
"Wipázukȟa wašté wí"@lkt	<https://panlex.org/snapshot/panlex-20191001-csv/2897#110829102>				<https://panlex.org/snapshot/panlex-20191001-csv/2897#110829375>		"ḧezîran"@ckb	
"Wipázukȟa wašté wí"@lkt	<https://panlex.org/snapshot/panlex-20191001-csv/2897#110829102>				<https://panlex.org/snapshot/panlex-20191001-csv/2897#110829449>		"حەزیران"@ckb	
"Wipázukȟa wašté wí"@lkt	<https://panlex.org/snapshot/panlex-20191001-csv/2897#110829102>				<https://panlex.org/snapshot/panlex-20191001-csv/2897#110829465>		"حوزەیران"@ckb	
"Pȟežítȟo wí"@lkt	<https://panlex.org/snapshot/panlex-20191001-csv/2897#110828581>				<https://panlex.org/snapshot/panlex-20191001-csv/2897#110828353>		"nîsan"@ckb	
"Pȟežítȟo wí"@lkt	<https://panlex.org/snapshot/panlex-20191001-csv/2897#110828581>				<https://panlex.org/snapshot/panlex-20191001-csv/2897#110828525>		"نیسان"@ckb	
"Čhaŋpȟásapa wí"@lkt	<https://panlex.org/snapshot/panlex-20191001-csv/2897#110829839>				<https://panlex.org/snapshot/panlex-20191001-csv/2897#110829529>		"temûz"@ckb	
"Čhaŋpȟásapa wí"@lkt	<https://panlex.org/snapshot/panlex-20191001-csv/2897#110829839>				<https://panlex.org/snapshot/panlex-20191001-csv/2897#110829723>		"تەمووز"@ckb	
"Čhaŋnápȟopa wí"@lkt	<https://panlex.org/snapshot/panlex-20191001-csv/2897#110827828>				<https://panlex.org/snapshot/panlex-20191001-csv/2897#110827648>		"شوبات"@ckb	
"Čhaŋnápȟopa wí"@lkt	<https://panlex.org/snapshot/panlex-20191001-csv/2897#110827828>				<https://panlex.org/snapshot/panlex-20191001-csv/2897#110827788>		"şubat"@ckb	
"Kȟáŋtašá wí"@lkt	<https://panlex.org/snapshot/panlex-20191001-csv/2897#110830218>				<https://panlex.org/snapshot/panlex-20191001-csv/2897#110830006>		"ab"@ckb	
"Kȟáŋtašá wí"@lkt	<https://panlex.org/snapshot/panlex-20191001-csv/2897#110830218>				<https://panlex.org/snapshot/panlex-20191001-csv/2897#110829964>		"ئاب"@ckb	
"Waníyetu wí"@lkt	<https://panlex.org/snapshot/panlex-20191001-csv/2897#110831309>				<https://panlex.org/snapshot/panlex-20191001-csv/2897#110831400>		"تشرینی دووهەم"@ckb	
"Waníyetu wí"@lkt	<https://panlex.org/snapshot/panlex-20191001-csv/2897#110831309>				<https://panlex.org/snapshot/panlex-20191001-csv/2897#110831488>		"tişrînî dûhem"@ckb	
"Čhaŋwápe ǧí wí"@lkt	<https://panlex.org/snapshot/panlex-20191001-csv/2897#110830669>				<https://panlex.org/snapshot/panlex-20191001-csv/2897#110830677>		"ئەیلوول"@ckb	
"Čhaŋwápe ǧí wí"@lkt	<https://panlex.org/snapshot/panlex-20191001-csv/2897#110830669>				<https://panlex.org/snapshot/panlex-20191001-csv/2897#110830655>		"eylûl"@ckb	
"Čhaŋwápe kasná wí"@lkt	<https://panlex.org/snapshot/panlex-20191001-csv/2897#110831134>				<https://panlex.org/snapshot/panlex-20191001-csv/2897#110830956>		"تشرینی یەکەم"@ckb	
"Čhaŋwápe kasná wí"@lkt	<https://panlex.org/snapshot/panlex-20191001-csv/2897#110831134>				<https://panlex.org/snapshot/panlex-20191001-csv/2897#110830804>		"tişrînî yekem"@ckb	
"Tȟakhíyuȟa wí"@lkt	<https://panlex.org/snapshot/panlex-20191001-csv/2897#110831513>				<https://panlex.org/snapshot/panlex-20191001-csv/2897#110831400>		"تشرینی دووهەم"@ckb	
"Tȟakhíyuȟa wí"@lkt	<https://panlex.org/snapshot/panlex-20191001-csv/2897#110831513>				<https://panlex.org/snapshot/panlex-20191001-csv/2897#110831488>		"tişrînî dûhem"@ckb	
"Wasúthuŋ wí"@lkt	<https://panlex.org/snapshot/panlex-20191001-csv/2897#110830171>				<https://panlex.org/snapshot/panlex-20191001-csv/2897#110830006>		"ab"@ckb	
"Wasúthuŋ wí"@lkt	<https://panlex.org/snapshot/panlex-20191001-csv/2897#110830171>				<https://panlex.org/snapshot/panlex-20191001-csv/2897#110829964>		"ئاب"@ckb	
"Tȟíŋpsiŋla itkáȟča wí"@lkt	<https://panlex.org/snapshot/panlex-20191001-csv/2897#110829181>				<https://panlex.org/snapshot/panlex-20191001-csv/2897#110829228>		"ḧuzeyran"@ckb	
"Tȟíŋpsiŋla itkáȟča wí"@lkt	<https://panlex.org/snapshot/panlex-20191001-csv/2897#110829181>				<https://panlex.org/snapshot/panlex-20191001-csv/2897#110829375>		"ḧezîran"@ckb	
"Tȟíŋpsiŋla itkáȟča wí"@lkt	<https://panlex.org/snapshot/panlex-20191001-csv/2897#110829181>				<https://panlex.org/snapshot/panlex-20191001-csv/2897#110829449>		"حەزیران"@ckb	
"Tȟíŋpsiŋla itkáȟča wí"@lkt	<https://panlex.org/snapshot/panlex-20191001-csv/2897#110829181>				<https://panlex.org/snapshot/panlex-20191001-csv/2897#110829465>		"حوزەیران"@ckb	
"Wazíškeča wí"@lkt	<https://panlex.org/snapshot/panlex-20191001-csv/2897#110829507>				<https://panlex.org/snapshot/panlex-20191001-csv/2897#110829529>		"temûz"@ckb	
"Wazíškeča wí"@lkt	<https://panlex.org/snapshot/panlex-20191001-csv/2897#110829507>				<https://panlex.org/snapshot/panlex-20191001-csv/2897#110829723>		"تەمووز"@ckb	
"Maǧáksiča aglí wí"@lkt	<https://panlex.org/snapshot/panlex-20191001-csv/2897#110828351>				<https://panlex.org/snapshot/panlex-20191001-csv/2897#110828353>		"nîsan"@ckb	
"Maǧáksiča aglí wí"@lkt	<https://panlex.org/snapshot/panlex-20191001-csv/2897#110828351>				<https://panlex.org/snapshot/panlex-20191001-csv/2897#110828525>		"نیسان"@ckb	
"Thiyóȟeyuŋka wí"@lkt	<https://panlex.org/snapshot/panlex-20191001-csv/2897#110827670>				<https://panlex.org/snapshot/panlex-20191001-csv/2897#110827648>		"شوبات"@ckb	
"Thiyóȟeyuŋka wí"@lkt	<https://panlex.org/snapshot/panlex-20191001-csv/2897#110827670>				<https://panlex.org/snapshot/panlex-20191001-csv/2897#110827788>		"şubat"@ckb	
"Tȟahékapšuŋ wí"@lkt	<https://panlex.org/snapshot/panlex-20191001-csv/2897#110831587>				<https://panlex.org/snapshot/panlex-20191001-csv/2897#110831560>		"kanûnî yekem"@ckb	
"Tȟahékapšuŋ wí"@lkt	<https://panlex.org/snapshot/panlex-20191001-csv/2897#110831587>				<https://panlex.org/snapshot/panlex-20191001-csv/2897#110831791>		"کانوونی یەکەم"@ckb	
"Ištáwičhayazaŋ wí"@lkt	<https://panlex.org/snapshot/panlex-20191001-csv/2897#110827987>				<https://panlex.org/snapshot/panlex-20191001-csv/2897#110828175>		"adar"@ckb	
"Ištáwičhayazaŋ wí"@lkt	<https://panlex.org/snapshot/panlex-20191001-csv/2897#110827987>				<https://panlex.org/snapshot/panlex-20191001-csv/2897#110828161>		"ئادار"@ckb	
"Wihákakta čhépapi wí"@lkt	<https://panlex.org/snapshot/panlex-20191001-csv/2897#110828592>				<https://panlex.org/snapshot/panlex-20191001-csv/2897#110828353>		"nîsan"@ckb	
"Wihákakta čhépapi wí"@lkt	<https://panlex.org/snapshot/panlex-20191001-csv/2897#110828592>				<https://panlex.org/snapshot/panlex-20191001-csv/2897#110828525>		"نیسان"@ckb	
"Wiótheȟika wí"@lkt	<https://panlex.org/snapshot/panlex-20191001-csv/2897#110827260>				<https://panlex.org/snapshot/panlex-20191001-csv/2897#110827374>		"کانوونی دووهەم"@ckb	
"Wiótheȟika wí"@lkt	<https://panlex.org/snapshot/panlex-20191001-csv/2897#110827260>				<https://panlex.org/snapshot/panlex-20191001-csv/2897#110827138>		"kanûnî dûhem"@ckb	
"Hásapa Makȟóčhe"@lkt	<https://panlex.org/snapshot/panlex-20191001-csv/2891#110853006>				<https://panlex.org/snapshot/panlex-20191001-csv/2891#110853043>		"Efrîqa"@ckb	
"Hásapa Makȟóčhe"@lkt	<https://panlex.org/snapshot/panlex-20191001-csv/2891#110853006>				<https://panlex.org/snapshot/panlex-20191001-csv/2891#110853092>		"ئەفریقا"@ckb	
"Hazíla Makȟóčhe"@lkt	<https://panlex.org/snapshot/panlex-20191001-csv/2891#110853906>				<https://panlex.org/snapshot/panlex-20191001-csv/2891#110853870>		"Asya"@ckb	
"Hazíla Makȟóčhe"@lkt	<https://panlex.org/snapshot/panlex-20191001-csv/2891#110853906>				<https://panlex.org/snapshot/panlex-20191001-csv/2891#110853882>		"ئاسیا"@ckb	
"Khéya Wíta"@lkt	<https://panlex.org/snapshot/panlex-20191001-csv/2891#110853303>				<https://panlex.org/snapshot/panlex-20191001-csv/2891#110853469>		"ئامریکا"@ckb	
"Khéya Wíta"@lkt	<https://panlex.org/snapshot/panlex-20191001-csv/2891#110853303>				<https://panlex.org/snapshot/panlex-20191001-csv/2891#110853464>		"ئەمەریکا"@ckb	
"Khéya Wíta"@lkt	<https://panlex.org/snapshot/panlex-20191001-csv/2891#110853303>				<https://panlex.org/snapshot/panlex-20191001-csv/2891#110853381>		"Amrîka"@ckb	
"Khéya Wíta"@lkt	<https://panlex.org/snapshot/panlex-20191001-csv/2891#110853303>				<https://panlex.org/snapshot/panlex-20191001-csv/2891#110853455>		"Emerîka"@ckb	
