"Албания"@tt	<https://panlex.org/snapshot/panlex-20191001-csv/6898#113637597>				<https://panlex.org/snapshot/panlex-20191001-csv/6898#113637602>		"Albania"@ki	
"Финляндия"@tt	<https://panlex.org/snapshot/panlex-20191001-csv/6898#113641625>				<https://panlex.org/snapshot/panlex-20191001-csv/6898#113641498>		"Ufini"@ki	
"Токелау"@tt	<https://panlex.org/snapshot/panlex-20191001-csv/6898#113615896>				<https://panlex.org/snapshot/panlex-20191001-csv/6898#113615879>		"Tokelau"@ki	
"Польша"@tt	<https://panlex.org/snapshot/panlex-20191001-csv/6898#113642688>				<https://panlex.org/snapshot/panlex-20191001-csv/6898#113642753>		"Polandi"@ki	
"Сүрия"@tt	<https://panlex.org/snapshot/panlex-20191001-csv/6898#113598539>				<https://panlex.org/snapshot/panlex-20191001-csv/6898#113598537>		"Siria"@ki	
"Иордания"@tt	<https://panlex.org/snapshot/panlex-20191001-csv/6898#113611651>				<https://panlex.org/snapshot/panlex-20191001-csv/6898#113611612>		"Njorondani"@ki	
"Танзания"@tt	<https://panlex.org/snapshot/panlex-20191001-csv/6898#113627699>				<https://panlex.org/snapshot/panlex-20191001-csv/6898#113627800>		"Tanzania"@ki	
"Мали"@tt	<https://panlex.org/snapshot/panlex-20191001-csv/6898#113615092>				<https://panlex.org/snapshot/panlex-20191001-csv/6898#113615115>		"Mali"@ki	
"Колумбия"@tt	<https://panlex.org/snapshot/panlex-20191001-csv/6898#113620639>				<https://panlex.org/snapshot/panlex-20191001-csv/6898#113620646>		"Kolombia"@ki	
"Непал"@tt	<https://panlex.org/snapshot/panlex-20191001-csv/6898#113584059>				<https://panlex.org/snapshot/panlex-20191001-csv/6898#113584229>		"Nepali"@ki	
"Сьерра-Леоне"@tt	<https://panlex.org/snapshot/panlex-20191001-csv/6898#113636995>				<https://panlex.org/snapshot/panlex-20191001-csv/6898#113637115>		"Siera Leoni"@ki	
"Питкэрн утраулары"@tt	<https://panlex.org/snapshot/panlex-20191001-csv/6898#113602835>				<https://panlex.org/snapshot/panlex-20191001-csv/6898#113602814>		"Pitkairni"@ki	
"Норфолк утравы"@tt	<https://panlex.org/snapshot/panlex-20191001-csv/6898#113642421>				<https://panlex.org/snapshot/panlex-20191001-csv/6898#113642377>		"Kisiwa cha Norfok"@ki	
"Доминикана Республикасы"@tt	<https://panlex.org/snapshot/panlex-20191001-csv/6898#113603562>				<https://panlex.org/snapshot/panlex-20191001-csv/6898#113603420>		"Jamhuri ya Dominika"@ki	
"Франция"@tt	<https://panlex.org/snapshot/panlex-20191001-csv/6898#113617977>				<https://panlex.org/snapshot/panlex-20191001-csv/6898#113618059>		"Ubaranja"@ki	
"Науру"@tt	<https://panlex.org/snapshot/panlex-20191001-csv/6898#113601603>				<https://panlex.org/snapshot/panlex-20191001-csv/6898#113601598>		"Nauru"@ki	
"Суринам"@tt	<https://panlex.org/snapshot/panlex-20191001-csv/6898#113640745>				<https://panlex.org/snapshot/panlex-20191001-csv/6898#113640779>		"Surinamu"@ki	
"Грузия"@tt	<https://panlex.org/snapshot/panlex-20191001-csv/6898#113635150>				<https://panlex.org/snapshot/panlex-20191001-csv/6898#113635220>		"Jojia"@ki	
"Хорватия"@tt	<https://panlex.org/snapshot/panlex-20191001-csv/6898#113623232>				<https://panlex.org/snapshot/panlex-20191001-csv/6898#113623186>		"Korasia"@ki	
"Португалия"@tt	<https://panlex.org/snapshot/panlex-20191001-csv/6898#113628536>				<https://panlex.org/snapshot/panlex-20191001-csv/6898#113628689>		"Ureno"@ki	
"Ямайка"@tt	<https://panlex.org/snapshot/panlex-20191001-csv/6898#113593259>				<https://panlex.org/snapshot/panlex-20191001-csv/6898#113593225>		"Jamaika"@ki	
"Ливия"@tt	<https://panlex.org/snapshot/panlex-20191001-csv/6898#113597698>				<https://panlex.org/snapshot/panlex-20191001-csv/6898#113597630>		"Libya"@ki	
"Словакия"@tt	<https://panlex.org/snapshot/panlex-20191001-csv/6898#113614489>				<https://panlex.org/snapshot/panlex-20191001-csv/6898#113614418>		"Slovakia"@ki	
"Румыния"@tt	<https://panlex.org/snapshot/panlex-20191001-csv/6898#113618226>				<https://panlex.org/snapshot/panlex-20191001-csv/6898#113618300>		"Romania"@ki	
"Эфиопия"@tt	<https://panlex.org/snapshot/panlex-20191001-csv/6898#113615619>				<https://panlex.org/snapshot/panlex-20191001-csv/6898#113615556>		"Uhabeshi"@ki	
"Кыргызстан"@tt	<https://panlex.org/snapshot/panlex-20191001-csv/6898#113627347>				<https://panlex.org/snapshot/panlex-20191001-csv/6898#113627301>		"Kirigizistani"@ki	
"Ботсвана"@tt	<https://panlex.org/snapshot/panlex-20191001-csv/6898#113595469>				<https://panlex.org/snapshot/panlex-20191001-csv/6898#113595480>		"Botswana"@ki	
"Сингапур"@tt	<https://panlex.org/snapshot/panlex-20191001-csv/6898#113604874>				<https://panlex.org/snapshot/panlex-20191001-csv/6898#113604932>		"Singapoo"@ki	
"Гвинея-Бисау"@tt	<https://panlex.org/snapshot/panlex-20191001-csv/6898#113616544>				<https://panlex.org/snapshot/panlex-20191001-csv/6898#113616695>		"Ginebisau"@ki	
"Замбия"@tt	<https://panlex.org/snapshot/panlex-20191001-csv/6898#113617311>				<https://panlex.org/snapshot/panlex-20191001-csv/6898#113617485>		"Zambia"@ki	
"Молдова"@tt	<https://panlex.org/snapshot/panlex-20191001-csv/6898#113633289>				<https://panlex.org/snapshot/panlex-20191001-csv/6898#113633316>		"Moldova"@ki	
"Төркмәнстан"@tt	<https://panlex.org/snapshot/panlex-20191001-csv/6898#113607834>				<https://panlex.org/snapshot/panlex-20191001-csv/6898#113607946>		"Turukimenistani"@ki	
"Кайман утраулары"@tt	<https://panlex.org/snapshot/panlex-20191001-csv/6898#113630118>				<https://panlex.org/snapshot/panlex-20191001-csv/6898#113630132>		"Visiwa vya Kayman"@ki	
"Төркия"@tt	<https://panlex.org/snapshot/panlex-20191001-csv/6898#113612126>				<https://panlex.org/snapshot/panlex-20191001-csv/6898#113612103>		"Uturuki"@ki	
"Бенин"@tt	<https://panlex.org/snapshot/panlex-20191001-csv/6898#113607545>				<https://panlex.org/snapshot/panlex-20191001-csv/6898#113607466>		"Benini"@ki	
"Гыйрак"@tt	<https://panlex.org/snapshot/panlex-20191001-csv/6898#113633801>				<https://panlex.org/snapshot/panlex-20191001-csv/6898#113633699>		"Iraki"@ki	
"Сент-Люсия"@tt	<https://panlex.org/snapshot/panlex-20191001-csv/6898#113621885>				<https://panlex.org/snapshot/panlex-20191001-csv/6898#113621923>		"Santalusia"@ki	
"Кирибати"@tt	<https://panlex.org/snapshot/panlex-20191001-csv/6898#113603102>				<https://panlex.org/snapshot/panlex-20191001-csv/6898#113603007>		"Kiribati"@ki	
"Болгария"@tt	<https://panlex.org/snapshot/panlex-20191001-csv/6898#113631117>				<https://panlex.org/snapshot/panlex-20191001-csv/6898#113631048>		"Bulgaria"@ki	
"Уоллис һәм Футуна"@tt	<https://panlex.org/snapshot/panlex-20191001-csv/6898#113638578>				<https://panlex.org/snapshot/panlex-20191001-csv/6898#113638614>		"Walis na Futuna"@ki	
"Тимор-Лесте"@tt	<https://panlex.org/snapshot/panlex-20191001-csv/6898#113632609>				<https://panlex.org/snapshot/panlex-20191001-csv/6898#113632798>		"Timori ya Mashariki"@ki	
"Сент-Винсент һәм Гренадин"@tt	<https://panlex.org/snapshot/panlex-20191001-csv/6898#113611941>				<https://panlex.org/snapshot/panlex-20191001-csv/6898#113611895>		"Santavisenti na Grenadini"@ki	
"Мисыр"@tt	<https://panlex.org/snapshot/panlex-20191001-csv/6898#113604455>				<https://panlex.org/snapshot/panlex-20191001-csv/6898#113604498>		"Misri"@ki	
"Гамбия"@tt	<https://panlex.org/snapshot/panlex-20191001-csv/6898#113631401>				<https://panlex.org/snapshot/panlex-20191001-csv/6898#113631391>		"Gambia"@ki	
"Никарагуа"@tt	<https://panlex.org/snapshot/panlex-20191001-csv/6898#113611178>				<https://panlex.org/snapshot/panlex-20191001-csv/6898#113611285>		"Nikaragwa"@ki	
"Багам утраулары"@tt	<https://panlex.org/snapshot/panlex-20191001-csv/6898#113592786>				<https://panlex.org/snapshot/panlex-20191001-csv/6898#113592865>		"Bahama"@ki	
"Җибүти"@tt	<https://panlex.org/snapshot/panlex-20191001-csv/6898#113585812>				<https://panlex.org/snapshot/panlex-20191001-csv/6898#113585653>		"Jibuti"@ki	
"Камерун"@tt	<https://panlex.org/snapshot/panlex-20191001-csv/6898#113639109>				<https://panlex.org/snapshot/panlex-20191001-csv/6898#113639039>		"Kameruni"@ki	
"Белиз"@tt	<https://panlex.org/snapshot/panlex-20191001-csv/6898#113608900>				<https://panlex.org/snapshot/panlex-20191001-csv/6898#113608957>		"Belize"@ki	
"Мозамбик"@tt	<https://panlex.org/snapshot/panlex-20191001-csv/6898#113603238>				<https://panlex.org/snapshot/panlex-20191001-csv/6898#113603243>		"Msumbiji"@ki	
"Руанда"@tt	<https://panlex.org/snapshot/panlex-20191001-csv/6898#113625539>				<https://panlex.org/snapshot/panlex-20191001-csv/6898#113625468>		"Rwanda"@ki	
"Гана"@tt	<https://panlex.org/snapshot/panlex-20191001-csv/6898#113645548>				<https://panlex.org/snapshot/panlex-20191001-csv/6898#113645572>		"Ngana"@ki	
"Кабо-Верде"@tt	<https://panlex.org/snapshot/panlex-20191001-csv/6898#113629329>				<https://panlex.org/snapshot/panlex-20191001-csv/6898#113629262>		"Kepuvede"@ki	
"Лихтенштейн"@tt	<https://panlex.org/snapshot/panlex-20191001-csv/6898#113613171>				<https://panlex.org/snapshot/panlex-20191001-csv/6898#113613128>		"Lishenteni"@ki	
"Украина"@tt	<https://panlex.org/snapshot/panlex-20191001-csv/6898#113600845>				<https://panlex.org/snapshot/panlex-20191001-csv/6898#113600894>		"Ukraini"@ki	
"Гвинея"@tt	<https://panlex.org/snapshot/panlex-20191001-csv/6898#113617744>				<https://panlex.org/snapshot/panlex-20191001-csv/6898#113617696>		"Gine"@ki	
"Либерия"@tt	<https://panlex.org/snapshot/panlex-20191001-csv/6898#113605517>				<https://panlex.org/snapshot/panlex-20191001-csv/6898#113605470>		"Liberia"@ki	
"Сейшел утраулары"@tt	<https://panlex.org/snapshot/panlex-20191001-csv/6898#113601882>				<https://panlex.org/snapshot/panlex-20191001-csv/6898#113601917>		"Shelisheli"@ki	
"су"@tt	<https://panlex.org/snapshot/panlex-20191001-csv/5947#84886567>				<https://panlex.org/snapshot/panlex-20191001-csv/5947#84886492>		"mai"@ki	
"яңгыр"@tt	<https://panlex.org/snapshot/panlex-20191001-csv/5946#84436389>				<https://panlex.org/snapshot/panlex-20191001-csv/5946#84436320>		"mbura"@ki	
"көзге"@tt	<https://panlex.org/snapshot/panlex-20191001-csv/5946#84446323>				<https://panlex.org/snapshot/panlex-20191001-csv/5946#84446223>		"ikiyo"@ki	
"көзге"@tt	<https://panlex.org/snapshot/panlex-20191001-csv/5946#84446323>				<https://panlex.org/snapshot/panlex-20191001-csv/5946#84446224>		"icirori"@ki	
"Қазақстан"@tt	<https://panlex.org/snapshot/panlex-20191001-csv/5949#85312151>				<https://panlex.org/snapshot/panlex-20191001-csv/5949#85312107>		"Kazakstan"@ki	
"Азәрбайҗан"@tt	<https://panlex.org/snapshot/panlex-20191001-csv/5949#85298533>				<https://panlex.org/snapshot/panlex-20191001-csv/5949#85298476>		"Azabajani"@ki	
"Библия"@tt	<https://panlex.org/snapshot/panlex-20191001-csv/5949#85302797>				<https://panlex.org/snapshot/panlex-20191001-csv/5949#85302716>		"Biblia"@ki	
"İsa"@tt	<https://panlex.org/snapshot/panlex-20191001-csv/5943#83289601>				<https://panlex.org/snapshot/panlex-20191001-csv/5943#83289554>		"Jeso"@ki	
"Ğaysa"@tt	<https://panlex.org/snapshot/panlex-20191001-csv/5943#83289600>				<https://panlex.org/snapshot/panlex-20191001-csv/5943#83289554>		"Jeso"@ki	
"تىنىچلىق"@tt	<https://panlex.org/snapshot/panlex-20191001-csv/2902#111011961>				<https://panlex.org/snapshot/panlex-20191001-csv/2902#111012110>		"thayu"@ki	
"тынычлык"@tt	<https://panlex.org/snapshot/panlex-20191001-csv/2902#111012309>				<https://panlex.org/snapshot/panlex-20191001-csv/2902#111012110>		"thayu"@ki	
"tınıçlıq"@tt	<https://panlex.org/snapshot/panlex-20191001-csv/2902#111012127>				<https://panlex.org/snapshot/panlex-20191001-csv/2902#111012110>		"thayu"@ki	
