"tuğız"@tt	<https://panlex.org/snapshot/panlex-20191001-csv/9#491045>				<https://panlex.org/snapshot/panlex-20191001-csv/9#490985>		"тогъуз"@kdr	
"tuğız"@tt	<https://panlex.org/snapshot/panlex-20191001-csv/9#491045>				<https://panlex.org/snapshot/panlex-20191001-csv/9#490984>		"tohuz"@kdr	
"чәршәмбе"@tt	<https://panlex.org/snapshot/panlex-20191001-csv/2892#110825213>				<https://panlex.org/snapshot/panlex-20191001-csv/2892#110825020>		"xan kün"@kdr	
"җомга"@tt	<https://panlex.org/snapshot/panlex-20191001-csv/2892#110825868>				<https://panlex.org/snapshot/panlex-20191001-csv/2892#110825723>		"baraski"@kdr	
"якшәмбе"@tt	<https://panlex.org/snapshot/panlex-20191001-csv/2892#110826687>				<https://panlex.org/snapshot/panlex-20191001-csv/2892#110826781>		"yexkün"@kdr	
"düşämbe"@tt	<https://panlex.org/snapshot/panlex-20191001-csv/2892#110824282>				<https://panlex.org/snapshot/panlex-20191001-csv/2892#110824059>		"yexbaş kün"@kdr	
"пәнҗешәмбе"@tt	<https://panlex.org/snapshot/panlex-20191001-csv/2892#110825397>				<https://panlex.org/snapshot/panlex-20191001-csv/2892#110825471>		"kiçibaraski"@kdr	
"سىشەمبې"@tt	<https://panlex.org/snapshot/panlex-20191001-csv/2892#110824601>				<https://panlex.org/snapshot/panlex-20191001-csv/2892#110824676>		"orta kün"@kdr	
"дүшәмбе"@tt	<https://panlex.org/snapshot/panlex-20191001-csv/2892#110824313>				<https://panlex.org/snapshot/panlex-20191001-csv/2892#110824059>		"yexbaş kün"@kdr	
"сишәмбе"@tt	<https://panlex.org/snapshot/panlex-20191001-csv/2892#110824744>				<https://panlex.org/snapshot/panlex-20191001-csv/2892#110824676>		"orta kün"@kdr	
"comğa"@tt	<https://panlex.org/snapshot/panlex-20191001-csv/2892#110825706>				<https://panlex.org/snapshot/panlex-20191001-csv/2892#110825723>		"baraski"@kdr	
"دۈشەمبې"@tt	<https://panlex.org/snapshot/panlex-20191001-csv/2892#110824255>				<https://panlex.org/snapshot/panlex-20191001-csv/2892#110824059>		"yexbaş kün"@kdr	
"چەرشەمبې"@tt	<https://panlex.org/snapshot/panlex-20191001-csv/2892#110824918>				<https://panlex.org/snapshot/panlex-20191001-csv/2892#110825020>		"xan kün"@kdr	
"جومغا"@tt	<https://panlex.org/snapshot/panlex-20191001-csv/2892#110825770>				<https://panlex.org/snapshot/panlex-20191001-csv/2892#110825723>		"baraski"@kdr	
"sişämbe"@tt	<https://panlex.org/snapshot/panlex-20191001-csv/2892#110824581>				<https://panlex.org/snapshot/panlex-20191001-csv/2892#110824676>		"orta kün"@kdr	
"шимбә"@tt	<https://panlex.org/snapshot/panlex-20191001-csv/2892#110826378>				<https://panlex.org/snapshot/panlex-20191001-csv/2892#110826336>		"şabbat kün"@kdr	
"پەنجېشەمبې"@tt	<https://panlex.org/snapshot/panlex-20191001-csv/2892#110825266>				<https://panlex.org/snapshot/panlex-20191001-csv/2892#110825471>		"kiçibaraski"@kdr	
"çärşämbe"@tt	<https://panlex.org/snapshot/panlex-20191001-csv/2892#110825263>				<https://panlex.org/snapshot/panlex-20191001-csv/2892#110825020>		"xan kün"@kdr	
"pänceşämbe"@tt	<https://panlex.org/snapshot/panlex-20191001-csv/2892#110825526>				<https://panlex.org/snapshot/panlex-20191001-csv/2892#110825471>		"kiçibaraski"@kdr	
"شىمبە"@tt	<https://panlex.org/snapshot/panlex-20191001-csv/2892#110826495>				<https://panlex.org/snapshot/panlex-20191001-csv/2892#110826336>		"şabbat kün"@kdr	
"يەكشەمبې"@tt	<https://panlex.org/snapshot/panlex-20191001-csv/2892#110826883>				<https://panlex.org/snapshot/panlex-20191001-csv/2892#110826781>		"yexkün"@kdr	
"şimbä"@tt	<https://panlex.org/snapshot/panlex-20191001-csv/2892#110826256>				<https://panlex.org/snapshot/panlex-20191001-csv/2892#110826336>		"şabbat kün"@kdr	
"yäkşämbe"@tt	<https://panlex.org/snapshot/panlex-20191001-csv/2892#110826851>				<https://panlex.org/snapshot/panlex-20191001-csv/2892#110826781>		"yexkün"@kdr	
"ئىيۇل"@tt	<https://panlex.org/snapshot/panlex-20191001-csv/2897#110829490>				<https://panlex.org/snapshot/panlex-20191001-csv/2897#110829727>		"ayrıxsı ay"@kdr	
"октябрь"@tt	<https://panlex.org/snapshot/panlex-20191001-csv/2897#110830979>				<https://panlex.org/snapshot/panlex-20191001-csv/2897#110830872>		"qış ay"@kdr	
"دېكابر"@tt	<https://panlex.org/snapshot/panlex-20191001-csv/2897#110831881>				<https://panlex.org/snapshot/panlex-20191001-csv/2897#110831639>		"süvünç ay"@kdr	
"июнь"@tt	<https://panlex.org/snapshot/panlex-20191001-csv/2897#110829211>				<https://panlex.org/snapshot/panlex-20191001-csv/2897#110829273>		"çirik ay"@kdr	
"فېۋرال"@tt	<https://panlex.org/snapshot/panlex-20191001-csv/2897#110827713>				<https://panlex.org/snapshot/panlex-20191001-csv/2897#110827448>		"qural ay"@kdr	
"апрель"@tt	<https://panlex.org/snapshot/panlex-20191001-csv/2897#110828299>				<https://panlex.org/snapshot/panlex-20191001-csv/2897#110828606>		"yaz ay"@kdr	
"iyul"@tt	<https://panlex.org/snapshot/panlex-20191001-csv/2897#110829506>				<https://panlex.org/snapshot/panlex-20191001-csv/2897#110829727>		"ayrıxsı ay"@kdr	
"غىينۋار"@tt	<https://panlex.org/snapshot/panlex-20191001-csv/2897#110827258>				<https://panlex.org/snapshot/panlex-20191001-csv/2897#110827042>		"artarıx ay"@kdr	
"sentyabr"@tt	<https://panlex.org/snapshot/panlex-20191001-csv/2897#110830395>				<https://panlex.org/snapshot/panlex-20191001-csv/2897#110830713>		"sohum ay"@kdr	
"aprel"@tt	<https://panlex.org/snapshot/panlex-20191001-csv/2897#110828597>				<https://panlex.org/snapshot/panlex-20191001-csv/2897#110828606>		"yaz ay"@kdr	
"نويابر"@tt	<https://panlex.org/snapshot/panlex-20191001-csv/2897#110831288>				<https://panlex.org/snapshot/panlex-20191001-csv/2897#110831358>		"qaraqış ay"@kdr	
"oktyabr"@tt	<https://panlex.org/snapshot/panlex-20191001-csv/2897#110830741>				<https://panlex.org/snapshot/panlex-20191001-csv/2897#110830872>		"qış ay"@kdr	
"ئىيۇن"@tt	<https://panlex.org/snapshot/panlex-20191001-csv/2897#110829381>				<https://panlex.org/snapshot/panlex-20191001-csv/2897#110829273>		"çirik ay"@kdr	
"ноябрь"@tt	<https://panlex.org/snapshot/panlex-20191001-csv/2897#110831338>				<https://panlex.org/snapshot/panlex-20191001-csv/2897#110831358>		"qaraqış ay"@kdr	
"декабрь"@tt	<https://panlex.org/snapshot/panlex-20191001-csv/2897#110831701>				<https://panlex.org/snapshot/panlex-20191001-csv/2897#110831639>		"süvünç ay"@kdr	
"ماي"@tt	<https://panlex.org/snapshot/panlex-20191001-csv/2897#110828988>				<https://panlex.org/snapshot/panlex-20191001-csv/2897#110829000>		"ulah ay"@kdr	
"ئاۋگۇست"@tt	<https://panlex.org/snapshot/panlex-20191001-csv/2897#110830190>				<https://panlex.org/snapshot/panlex-20191001-csv/2897#110830231>		"küz ay"@kdr	
"ئوكتيابر"@tt	<https://panlex.org/snapshot/panlex-20191001-csv/2897#110830749>				<https://panlex.org/snapshot/panlex-20191001-csv/2897#110830872>		"qış ay"@kdr	
"июль"@tt	<https://panlex.org/snapshot/panlex-20191001-csv/2897#110829707>				<https://panlex.org/snapshot/panlex-20191001-csv/2897#110829727>		"ayrıxsı ay"@kdr	
"mart"@tt	<https://panlex.org/snapshot/panlex-20191001-csv/2897#110828163>				<https://panlex.org/snapshot/panlex-20191001-csv/2897#110827943>		"başqusxan ay"@kdr	
"noyabr"@tt	<https://panlex.org/snapshot/panlex-20191001-csv/2897#110831469>				<https://panlex.org/snapshot/panlex-20191001-csv/2897#110831358>		"qaraqış ay"@kdr	
"may"@tt	<https://panlex.org/snapshot/panlex-20191001-csv/2897#110828769>				<https://panlex.org/snapshot/panlex-20191001-csv/2897#110829000>		"ulah ay"@kdr	
"avgust"@tt	<https://panlex.org/snapshot/panlex-20191001-csv/2897#110830286>				<https://panlex.org/snapshot/panlex-20191001-csv/2897#110830231>		"küz ay"@kdr	
"февраль"@tt	<https://panlex.org/snapshot/panlex-20191001-csv/2897#110827559>				<https://panlex.org/snapshot/panlex-20191001-csv/2897#110827448>		"qural ay"@kdr	
"август"@tt	<https://panlex.org/snapshot/panlex-20191001-csv/2897#110830217>				<https://panlex.org/snapshot/panlex-20191001-csv/2897#110830231>		"küz ay"@kdr	
"iyun"@tt	<https://panlex.org/snapshot/panlex-20191001-csv/2897#110829315>				<https://panlex.org/snapshot/panlex-20191001-csv/2897#110829273>		"çirik ay"@kdr	
"ğínvar"@tt	<https://panlex.org/snapshot/panlex-20191001-csv/2897#110827093>				<https://panlex.org/snapshot/panlex-20191001-csv/2897#110827042>		"artarıx ay"@kdr	
"гыйнвар"@tt	<https://panlex.org/snapshot/panlex-20191001-csv/2897#110827079>				<https://panlex.org/snapshot/panlex-20191001-csv/2897#110827042>		"artarıx ay"@kdr	
"dekabr"@tt	<https://panlex.org/snapshot/panlex-20191001-csv/2897#110831564>				<https://panlex.org/snapshot/panlex-20191001-csv/2897#110831639>		"süvünç ay"@kdr	
"fevral"@tt	<https://panlex.org/snapshot/panlex-20191001-csv/2897#110827455>				<https://panlex.org/snapshot/panlex-20191001-csv/2897#110827448>		"qural ay"@kdr	
"مارت"@tt	<https://panlex.org/snapshot/panlex-20191001-csv/2897#110828140>				<https://panlex.org/snapshot/panlex-20191001-csv/2897#110827943>		"başqusxan ay"@kdr	
"سېنتيابر"@tt	<https://panlex.org/snapshot/panlex-20191001-csv/2897#110830494>				<https://panlex.org/snapshot/panlex-20191001-csv/2897#110830713>		"sohum ay"@kdr	
"май"@tt	<https://panlex.org/snapshot/panlex-20191001-csv/2897#110828914>				<https://panlex.org/snapshot/panlex-20191001-csv/2897#110829000>		"ulah ay"@kdr	
"сентябрь"@tt	<https://panlex.org/snapshot/panlex-20191001-csv/2897#110830449>				<https://panlex.org/snapshot/panlex-20191001-csv/2897#110830713>		"sohum ay"@kdr	
"март"@tt	<https://panlex.org/snapshot/panlex-20191001-csv/2897#110827892>				<https://panlex.org/snapshot/panlex-20191001-csv/2897#110827943>		"başqusxan ay"@kdr	
"ئاپرېل"@tt	<https://panlex.org/snapshot/panlex-20191001-csv/2897#110828564>				<https://panlex.org/snapshot/panlex-20191001-csv/2897#110828606>		"yaz ay"@kdr	
