"dama"@pl	<https://panlex.org/snapshot/panlex-20191001-csv/6712#111098674>				<https://panlex.org/snapshot/panlex-20191001-csv/6712#111098652>		"vezîr"@ckb	
"dama"@pl	<https://panlex.org/snapshot/panlex-20191001-csv/6712#111098674>				<https://panlex.org/snapshot/panlex-20191001-csv/6712#111098599>		"وەزیر"@ckb	
"koń"@pl	<https://panlex.org/snapshot/panlex-20191001-csv/6712#111099112>				<https://panlex.org/snapshot/panlex-20191001-csv/6712#111099013>		"esp"@ckb	
"koń"@pl	<https://panlex.org/snapshot/panlex-20191001-csv/6712#111099112>				<https://panlex.org/snapshot/panlex-20191001-csv/6712#111099129>		"ئەسپ"@ckb	
"pion"@pl	<https://panlex.org/snapshot/panlex-20191001-csv/6712#111099238>				<https://panlex.org/snapshot/panlex-20191001-csv/6712#111099228>		"سەرباز"@ckb	
"pion"@pl	<https://panlex.org/snapshot/panlex-20191001-csv/6712#111099238>				<https://panlex.org/snapshot/panlex-20191001-csv/6712#111099246>		"serbaz"@ckb	
"wieża"@pl	<https://panlex.org/snapshot/panlex-20191001-csv/6712#111098692>				<https://panlex.org/snapshot/panlex-20191001-csv/6712#111098708>		"قەڵا"@ckb	
"wieża"@pl	<https://panlex.org/snapshot/panlex-20191001-csv/6712#111098692>				<https://panlex.org/snapshot/panlex-20191001-csv/6712#111098831>		"qeḻa"@ckb	
"szachy"@pl	<https://panlex.org/snapshot/panlex-20191001-csv/6712#111099375>				<https://panlex.org/snapshot/panlex-20191001-csv/6712#111099331>		"شەترەنج"@ckb	
"szachy"@pl	<https://panlex.org/snapshot/panlex-20191001-csv/6712#111099375>				<https://panlex.org/snapshot/panlex-20191001-csv/6712#111099332>		"şetrenc"@ckb	
"hetman"@pl	<https://panlex.org/snapshot/panlex-20191001-csv/6712#111098678>				<https://panlex.org/snapshot/panlex-20191001-csv/6712#111098652>		"vezîr"@ckb	
"hetman"@pl	<https://panlex.org/snapshot/panlex-20191001-csv/6712#111098678>				<https://panlex.org/snapshot/panlex-20191001-csv/6712#111098599>		"وەزیر"@ckb	
"król"@pl	<https://panlex.org/snapshot/panlex-20191001-csv/6712#111098411>				<https://panlex.org/snapshot/panlex-20191001-csv/6712#111098371>		"پاشا"@ckb	
"król"@pl	<https://panlex.org/snapshot/panlex-20191001-csv/6712#111098411>				<https://panlex.org/snapshot/panlex-20191001-csv/6712#111098469>		"paşa"@ckb	
"goniec"@pl	<https://panlex.org/snapshot/panlex-20191001-csv/6712#111098879>				<https://panlex.org/snapshot/panlex-20191001-csv/6712#111098973>		"فیل"@ckb	
"goniec"@pl	<https://panlex.org/snapshot/panlex-20191001-csv/6712#111098879>				<https://panlex.org/snapshot/panlex-20191001-csv/6712#111098936>		"fîl"@ckb	
"skoczek"@pl	<https://panlex.org/snapshot/panlex-20191001-csv/6712#111099047>				<https://panlex.org/snapshot/panlex-20191001-csv/6712#111099013>		"esp"@ckb	
"skoczek"@pl	<https://panlex.org/snapshot/panlex-20191001-csv/6712#111099047>				<https://panlex.org/snapshot/panlex-20191001-csv/6712#111099129>		"ئەسپ"@ckb	
"Franciszek"@pl	<https://panlex.org/snapshot/panlex-20191001-csv/6717#111107509>				<https://panlex.org/snapshot/panlex-20191001-csv/6717#111107581>		"Fransîs"@ckb	
"Franciszek"@pl	<https://panlex.org/snapshot/panlex-20191001-csv/6717#111107509>				<https://panlex.org/snapshot/panlex-20191001-csv/6717#111107553>		"فرانسیس"@ckb	
"Pierwsza wojna światowa"@pl	<https://panlex.org/snapshot/panlex-20191001-csv/6709#111077340>				<https://panlex.org/snapshot/panlex-20191001-csv/6709#111077402>		"شەڕی جیهانیی یەکەم"@ckb	
"Pierwsza wojna światowa"@pl	<https://panlex.org/snapshot/panlex-20191001-csv/6709#111077340>				<https://panlex.org/snapshot/panlex-20191001-csv/6709#111077483>		"Şeṟî cîhaniyî yekem"@ckb	
"Wyprawy krzyżowe"@pl	<https://panlex.org/snapshot/panlex-20191001-csv/6709#111076603>				<https://panlex.org/snapshot/panlex-20191001-csv/6709#111076725>		"شەڕەکانی خاچپەرستی"@ckb	
"Wyprawy krzyżowe"@pl	<https://panlex.org/snapshot/panlex-20191001-csv/6709#111076603>				<https://panlex.org/snapshot/panlex-20191001-csv/6709#111076590>		"Şeṟekanî xaçperistî"@ckb	
"Średniowiecze"@pl	<https://panlex.org/snapshot/panlex-20191001-csv/6709#111076398>				<https://panlex.org/snapshot/panlex-20191001-csv/6709#111076340>		"Sedekanî nawîn"@ckb	
"Średniowiecze"@pl	<https://panlex.org/snapshot/panlex-20191001-csv/6709#111076398>				<https://panlex.org/snapshot/panlex-20191001-csv/6709#111076396>		"سەدەکانی ناوین"@ckb	
"Renesans"@pl	<https://panlex.org/snapshot/panlex-20191001-csv/6709#111076906>				<https://panlex.org/snapshot/panlex-20191001-csv/6709#111076834>		"Ṟînêsans"@ckb	
"Renesans"@pl	<https://panlex.org/snapshot/panlex-20191001-csv/6709#111076906>				<https://panlex.org/snapshot/panlex-20191001-csv/6709#111076903>		"ڕینێسانس"@ckb	
"Epoka kamienia"@pl	<https://panlex.org/snapshot/panlex-20191001-csv/6709#111075894>				<https://panlex.org/snapshot/panlex-20191001-csv/6709#111075914>		"Serdemî berdîn"@ckb	
"Epoka kamienia"@pl	<https://panlex.org/snapshot/panlex-20191001-csv/6709#111075894>				<https://panlex.org/snapshot/panlex-20191001-csv/6709#111075799>		"سەردەمی بەردین"@ckb	
"Oświecenie"@pl	<https://panlex.org/snapshot/panlex-20191001-csv/6709#111077052>				<https://panlex.org/snapshot/panlex-20191001-csv/6709#111077055>		"سەردەمی ڕووناکبیری"@ckb	
"Oświecenie"@pl	<https://panlex.org/snapshot/panlex-20191001-csv/6709#111077052>				<https://panlex.org/snapshot/panlex-20191001-csv/6709#111076991>		"Serdemî ṟûnakbîrî"@ckb	
"Epoka brązu"@pl	<https://panlex.org/snapshot/panlex-20191001-csv/6709#111076044>				<https://panlex.org/snapshot/panlex-20191001-csv/6709#111075944>		"Serdemî bronz"@ckb	
"Epoka brązu"@pl	<https://panlex.org/snapshot/panlex-20191001-csv/6709#111076044>				<https://panlex.org/snapshot/panlex-20191001-csv/6709#111076007>		"سەردەمی برۆنز"@ckb	
"Druga wojna światowa"@pl	<https://panlex.org/snapshot/panlex-20191001-csv/6709#111077590>				<https://panlex.org/snapshot/panlex-20191001-csv/6709#111077637>		"Şeṟî cîhaniyî dûhem"@ckb	
"Druga wojna światowa"@pl	<https://panlex.org/snapshot/panlex-20191001-csv/6709#111077590>				<https://panlex.org/snapshot/panlex-20191001-csv/6709#111077623>		"شەڕی جیهانیی دووهەم"@ckb	
"Wikingowie"@pl	<https://panlex.org/snapshot/panlex-20191001-csv/6709#111076506>				<https://panlex.org/snapshot/panlex-20191001-csv/6709#111076569>		"Vaykîngekan"@ckb	
"Wikingowie"@pl	<https://panlex.org/snapshot/panlex-20191001-csv/6709#111076506>				<https://panlex.org/snapshot/panlex-20191001-csv/6709#111076500>		"ڤایکینگەکان"@ckb	
"Epoka żelaza"@pl	<https://panlex.org/snapshot/panlex-20191001-csv/6709#111076114>				<https://panlex.org/snapshot/panlex-20191001-csv/6709#111076178>		"سەردەمی ئاسن"@ckb	
"Epoka żelaza"@pl	<https://panlex.org/snapshot/panlex-20191001-csv/6709#111076114>				<https://panlex.org/snapshot/panlex-20191001-csv/6709#111076134>		"Serdemî asin"@ckb	
"Rewolucja przemysłowa"@pl	<https://panlex.org/snapshot/panlex-20191001-csv/6709#111077162>				<https://panlex.org/snapshot/panlex-20191001-csv/6709#111077134>		"شۆڕشی پیشەسازی"@ckb	
"Rewolucja przemysłowa"@pl	<https://panlex.org/snapshot/panlex-20191001-csv/6709#111077162>				<https://panlex.org/snapshot/panlex-20191001-csv/6709#111077257>		"Şoṟşî pîşesazî"@ckb	
"Odrodzenie"@pl	<https://panlex.org/snapshot/panlex-20191001-csv/6709#111076901>				<https://panlex.org/snapshot/panlex-20191001-csv/6709#111076834>		"Ṟînêsans"@ckb	
"Odrodzenie"@pl	<https://panlex.org/snapshot/panlex-20191001-csv/6709#111076901>				<https://panlex.org/snapshot/panlex-20191001-csv/6709#111076903>		"ڕینێسانس"@ckb	
"Zimna wojna"@pl	<https://panlex.org/snapshot/panlex-20191001-csv/6709#111077856>				<https://panlex.org/snapshot/panlex-20191001-csv/6709#111077855>		"Şeṟî sard"@ckb	
"Zimna wojna"@pl	<https://panlex.org/snapshot/panlex-20191001-csv/6709#111077856>				<https://panlex.org/snapshot/panlex-20191001-csv/6709#111077766>		"شەڕی سارد"@ckb	
"Krucjaty"@pl	<https://panlex.org/snapshot/panlex-20191001-csv/6709#111076732>				<https://panlex.org/snapshot/panlex-20191001-csv/6709#111076725>		"شەڕەکانی خاچپەرستی"@ckb	
"Krucjaty"@pl	<https://panlex.org/snapshot/panlex-20191001-csv/6709#111076732>				<https://panlex.org/snapshot/panlex-20191001-csv/6709#111076590>		"Şeṟekanî xaçperistî"@ckb	
"Tysiąc i jedna noc"@pl	<https://panlex.org/snapshot/panlex-20191001-csv/6710#111082806>				<https://panlex.org/snapshot/panlex-20191001-csv/6710#111082801>		"Hezar û yek şev"@ckb	
"Tysiąc i jedna noc"@pl	<https://panlex.org/snapshot/panlex-20191001-csv/6710#111082806>				<https://panlex.org/snapshot/panlex-20191001-csv/6710#111082829>		"هەزار و یەک شەو"@ckb	
"Mały Książę"@pl	<https://panlex.org/snapshot/panlex-20191001-csv/6710#111083043>				<https://panlex.org/snapshot/panlex-20191001-csv/6710#111083165>		"Şazade çikole"@ckb	
"Mały Książę"@pl	<https://panlex.org/snapshot/panlex-20191001-csv/6710#111083043>				<https://panlex.org/snapshot/panlex-20191001-csv/6710#111083052>		"شازادە چکۆلە"@ckb	
"woda"@pl	<https://panlex.org/snapshot/panlex-20191001-csv/2131#11695235>				<https://panlex.org/snapshot/panlex-20191001-csv/2131#11695197>		"ئاو"@ckb	
"Antigua i Barbuda"@pl	<https://panlex.org/snapshot/panlex-20191001-csv/6898#113643756>				<https://panlex.org/snapshot/panlex-20191001-csv/6898#113643657>		"ئانتیگوا و باربودا"@ckb	
"Grenlandia"@pl	<https://panlex.org/snapshot/panlex-20191001-csv/6898#113590584>				<https://panlex.org/snapshot/panlex-20191001-csv/6898#113590735>		"گرینلاند"@ckb	
"Chorwacja"@pl	<https://panlex.org/snapshot/panlex-20191001-csv/6898#113623306>				<https://panlex.org/snapshot/panlex-20191001-csv/6898#113623302>		"کرۆواتیا"@ckb	
"Syria"@pl	<https://panlex.org/snapshot/panlex-20191001-csv/6898#113598529>				<https://panlex.org/snapshot/panlex-20191001-csv/6898#113598634>		"سووریا"@ckb	
"Brunei"@pl	<https://panlex.org/snapshot/panlex-20191001-csv/6898#113616102>				<https://panlex.org/snapshot/panlex-20191001-csv/6898#113616047>		"بروونای"@ckb	
"Seszele"@pl	<https://panlex.org/snapshot/panlex-20191001-csv/6898#113602010>				<https://panlex.org/snapshot/panlex-20191001-csv/6898#113601908>		"سیشێل"@ckb	
"Algieria"@pl	<https://panlex.org/snapshot/panlex-20191001-csv/6898#113608158>				<https://panlex.org/snapshot/panlex-20191001-csv/6898#113608122>		"ئەلجەزایر"@ckb	
"Mołdawia"@pl	<https://panlex.org/snapshot/panlex-20191001-csv/6898#113633358>				<https://panlex.org/snapshot/panlex-20191001-csv/6898#113633338>		"مۆلدۆڤا"@ckb	
"Holandia"@pl	<https://panlex.org/snapshot/panlex-20191001-csv/6898#113635881>				<https://panlex.org/snapshot/panlex-20191001-csv/6898#113635797>		"ھۆڵەندا"@ckb	
"SRA Makau (Chiny)"@pl	<https://panlex.org/snapshot/panlex-20191001-csv/6898#113599509>				<https://panlex.org/snapshot/panlex-20191001-csv/6898#113599524>		"ماکاو"@ckb	
"Afryka Wschodnia"@pl	<https://panlex.org/snapshot/panlex-20191001-csv/6898#113585940>				<https://panlex.org/snapshot/panlex-20191001-csv/6898#113585932>		"ڕۆژھەڵاتی ئەفریقا"@ckb	
"Słowenia"@pl	<https://panlex.org/snapshot/panlex-20191001-csv/6898#113636685>				<https://panlex.org/snapshot/panlex-20191001-csv/6898#113636655>		"سلۆڤێنیا"@ckb	
"Pakistan"@pl	<https://panlex.org/snapshot/panlex-20191001-csv/6898#113606940>				<https://panlex.org/snapshot/panlex-20191001-csv/6898#113606998>		"پاکستان"@ckb	
"Chiny"@pl	<https://panlex.org/snapshot/panlex-20191001-csv/6898#113614098>				<https://panlex.org/snapshot/panlex-20191001-csv/6898#113613960>		"چین"@ckb	
"Republika Konga"@pl	<https://panlex.org/snapshot/panlex-20191001-csv/6898#113599101>				<https://panlex.org/snapshot/panlex-20191001-csv/6898#113598998>		"کۆنگۆ برازاڤیل"@ckb	
"Republika Konga"@pl	<https://panlex.org/snapshot/panlex-20191001-csv/6898#113599101>				<https://panlex.org/snapshot/panlex-20191001-csv/6898#113599021>		"کۆماری کۆنگۆ"@ckb	
"Ameryka Południowa"@pl	<https://panlex.org/snapshot/panlex-20191001-csv/6898#113620200>				<https://panlex.org/snapshot/panlex-20191001-csv/6898#113620224>		"ئەمەریکای باشوور"@ckb	
"Europa Północna"@pl	<https://panlex.org/snapshot/panlex-20191001-csv/6898#113626418>				<https://panlex.org/snapshot/panlex-20191001-csv/6898#113626469>		"ئەورووپای باکوور"@ckb	
"Gambia"@pl	<https://panlex.org/snapshot/panlex-20191001-csv/6898#113631361>				<https://panlex.org/snapshot/panlex-20191001-csv/6898#113631403>		"گامبیا"@ckb	
"Benin"@pl	<https://panlex.org/snapshot/panlex-20191001-csv/6898#113607599>				<https://panlex.org/snapshot/panlex-20191001-csv/6898#113607477>		"بنین"@ckb	
"Kuwejt"@pl	<https://panlex.org/snapshot/panlex-20191001-csv/6898#113605802>				<https://panlex.org/snapshot/panlex-20191001-csv/6898#113605819>		"کوەیت"@ckb	
"Szwajcaria"@pl	<https://panlex.org/snapshot/panlex-20191001-csv/6898#113612894>				<https://panlex.org/snapshot/panlex-20191001-csv/6898#113612879>		"سویسرا"@ckb	
"Tunezja"@pl	<https://panlex.org/snapshot/panlex-20191001-csv/6898#113606461>				<https://panlex.org/snapshot/panlex-20191001-csv/6898#113606500>		"توونس"@ckb	
"Botswana"@pl	<https://panlex.org/snapshot/panlex-20191001-csv/6898#113595385>				<https://panlex.org/snapshot/panlex-20191001-csv/6898#113595380>		"بۆتسوانا"@ckb	
"Boliwia"@pl	<https://panlex.org/snapshot/panlex-20191001-csv/6898#113609700>				<https://panlex.org/snapshot/panlex-20191001-csv/6898#113609654>		"بۆلیڤیا"@ckb	
"Tajwan"@pl	<https://panlex.org/snapshot/panlex-20191001-csv/6898#113605126>				<https://panlex.org/snapshot/panlex-20191001-csv/6898#113605085>		"تایوان"@ckb	
"Watykan"@pl	<https://panlex.org/snapshot/panlex-20191001-csv/6898#113629730>				<https://panlex.org/snapshot/panlex-20191001-csv/6898#113629656>		"ڤاتیکان"@ckb	
"Wyspy Marshalla"@pl	<https://panlex.org/snapshot/panlex-20191001-csv/6898#113595061>				<https://panlex.org/snapshot/panlex-20191001-csv/6898#113594965>		"دوورگەکانی مارشاڵ"@ckb	
"Samoa Amerykańskie"@pl	<https://panlex.org/snapshot/panlex-20191001-csv/6898#113606325>				<https://panlex.org/snapshot/panlex-20191001-csv/6898#113606176>		"ساموای ئەمەریکایی"@ckb	
"Korea Południowa"@pl	<https://panlex.org/snapshot/panlex-20191001-csv/6898#113638915>				<https://panlex.org/snapshot/panlex-20191001-csv/6898#113638857>		"کۆریای باشوور"@ckb	
"Wyspy Salomona"@pl	<https://panlex.org/snapshot/panlex-20191001-csv/6898#113602318>				<https://panlex.org/snapshot/panlex-20191001-csv/6898#113602305>		"دوورگەکانی سلێمان"@ckb	
"Kanada"@pl	<https://panlex.org/snapshot/panlex-20191001-csv/6898#113595759>				<https://panlex.org/snapshot/panlex-20191001-csv/6898#113595848>		"کانەدا"@ckb	
"Fidżi"@pl	<https://panlex.org/snapshot/panlex-20191001-csv/6898#113629862>				<https://panlex.org/snapshot/panlex-20191001-csv/6898#113629967>		"فیجی"@ckb	
"Nieznany region"@pl	<https://panlex.org/snapshot/panlex-20191001-csv/6898#113628792>				<https://panlex.org/snapshot/panlex-20191001-csv/6898#113628885>		"نەناسراو"@ckb	
"Czechy"@pl	<https://panlex.org/snapshot/panlex-20191001-csv/6898#113619628>				<https://panlex.org/snapshot/panlex-20191001-csv/6898#113619594>		"کۆماری چیک"@ckb	
"Korea Północna"@pl	<https://panlex.org/snapshot/panlex-20191001-csv/6898#113598853>				<https://panlex.org/snapshot/panlex-20191001-csv/6898#113598816>		"کۆریای باکوور"@ckb	
"Haiti"@pl	<https://panlex.org/snapshot/panlex-20191001-csv/6898#113634613>				<https://panlex.org/snapshot/panlex-20191001-csv/6898#113634531>		"ھایتی"@ckb	
"Nikaragua"@pl	<https://panlex.org/snapshot/panlex-20191001-csv/6898#113611121>				<https://panlex.org/snapshot/panlex-20191001-csv/6898#113611193>		"نیکاراگوا"@ckb	
"Kiribati"@pl	<https://panlex.org/snapshot/panlex-20191001-csv/6898#113603149>				<https://panlex.org/snapshot/panlex-20191001-csv/6898#113603147>		"کیریباس"@ckb	
"Azerbejdżan"@pl	<https://panlex.org/snapshot/panlex-20191001-csv/6898#113619376>				<https://panlex.org/snapshot/panlex-20191001-csv/6898#113619371>		"ئازەربایجان"@ckb	
"Oman"@pl	<https://panlex.org/snapshot/panlex-20191001-csv/6898#113622638>				<https://panlex.org/snapshot/panlex-20191001-csv/6898#113622569>		"عومان"@ckb	
"Saint Vincent i Grenadyny"@pl	<https://panlex.org/snapshot/panlex-20191001-csv/6898#113611852>				<https://panlex.org/snapshot/panlex-20191001-csv/6898#113611783>		"سەینت ڤینسەنت و گرینادینز"@ckb	
"Papua-Nowa Gwinea"@pl	<https://panlex.org/snapshot/panlex-20191001-csv/6898#113614858>				<https://panlex.org/snapshot/panlex-20191001-csv/6898#113614981>		"پاپوا گینێی نوێ"@ckb	
"Panama"@pl	<https://panlex.org/snapshot/panlex-20191001-csv/6898#113606030>				<https://panlex.org/snapshot/panlex-20191001-csv/6898#113606007>		"پاناما"@ckb	
"Republika Środkowoafrykańska"@pl	<https://panlex.org/snapshot/panlex-20191001-csv/6898#113591328>				<https://panlex.org/snapshot/panlex-20191001-csv/6898#113591434>		"کۆماری ئەفریقای ناوەڕاست"@ckb	
"Bhutan"@pl	<https://panlex.org/snapshot/panlex-20191001-csv/6898#113639612>				<https://panlex.org/snapshot/panlex-20191001-csv/6898#113639580>		"بووتان"@ckb	
"Australia"@pl	<https://panlex.org/snapshot/panlex-20191001-csv/6898#113631632>				<https://panlex.org/snapshot/panlex-20191001-csv/6898#113631476>		"ئۆسترالیا"@ckb	
"Gwatemala"@pl	<https://panlex.org/snapshot/panlex-20191001-csv/6898#113600341>				<https://panlex.org/snapshot/panlex-20191001-csv/6898#113600411>		"گواتیمالا"@ckb	
"Kongo"@pl	<https://panlex.org/snapshot/panlex-20191001-csv/6898#113599162>				<https://panlex.org/snapshot/panlex-20191001-csv/6898#113598998>		"کۆنگۆ برازاڤیل"@ckb	
"Kongo"@pl	<https://panlex.org/snapshot/panlex-20191001-csv/6898#113599162>				<https://panlex.org/snapshot/panlex-20191001-csv/6898#113599021>		"کۆماری کۆنگۆ"@ckb	
"Kambodża"@pl	<https://panlex.org/snapshot/panlex-20191001-csv/6898#113591805>				<https://panlex.org/snapshot/panlex-20191001-csv/6898#113591856>		"کەمبۆدیا"@ckb	
"Azja Środkowa"@pl	<https://panlex.org/snapshot/panlex-20191001-csv/6898#113602171>				<https://panlex.org/snapshot/panlex-20191001-csv/6898#113602226>		"ئاسیای ناوەندی"@ckb	
"Mongolia"@pl	<https://panlex.org/snapshot/panlex-20191001-csv/6898#113621554>				<https://panlex.org/snapshot/panlex-20191001-csv/6898#113621571>		"مەنگۆلیا"@ckb	
"Vanuatu"@pl	<https://panlex.org/snapshot/panlex-20191001-csv/6898#113628976>				<https://panlex.org/snapshot/panlex-20191001-csv/6898#113628933>		"ڤانوواتوو"@ckb	
"Armenia"@pl	<https://panlex.org/snapshot/panlex-20191001-csv/6898#113596485>				<https://panlex.org/snapshot/panlex-20191001-csv/6898#113596636>		"ئەرمەنستان"@ckb	
"Albania"@pl	<https://panlex.org/snapshot/panlex-20191001-csv/6898#113637596>				<https://panlex.org/snapshot/panlex-20191001-csv/6898#113637677>		"ئەڵبانیا"@ckb	
"ozon"@pl	<https://panlex.org/snapshot/panlex-20191001-csv/5945#84405469>				<https://panlex.org/snapshot/panlex-20191001-csv/5945#84405428>		"ئۆزۆن"@ckb	
"kalifat"@pl	<https://panlex.org/snapshot/panlex-20191001-csv/5947#84712522>				<https://panlex.org/snapshot/panlex-20191001-csv/5947#84712532>		"خەلافەت"@ckb	<https://panlex.org/Noun>
"wulkan"@pl	<https://panlex.org/snapshot/panlex-20191001-csv/5947#84890052>				<https://panlex.org/snapshot/panlex-20191001-csv/5947#84890061>		"گڕکان"@ckb	<https://panlex.org/Noun>
"do widzenia"@pl	<https://panlex.org/snapshot/panlex-20191001-csv/5947#84667277>				<https://panlex.org/snapshot/panlex-20191001-csv/5947#84667294>		"خوا حافیز"@ckb	<https://panlex.org/Interjection>
"Algieria"@pl	<https://panlex.org/snapshot/panlex-20191001-csv/5947#84580042>				<https://panlex.org/snapshot/panlex-20191001-csv/5947#84580071>		"جەزائیر"@ckb	<https://panlex.org/ProperNoun>
"sperma"@pl	<https://panlex.org/snapshot/panlex-20191001-csv/5947#84845093>				<https://panlex.org/snapshot/panlex-20191001-csv/5947#84845103>		"تۆو"@ckb	<https://panlex.org/Noun>
"Iran"@pl	<https://panlex.org/snapshot/panlex-20191001-csv/5947#84594324>				<https://panlex.org/snapshot/panlex-20191001-csv/5947#84594332>		"ئێران"@ckb	<https://panlex.org/ProperNoun>
"Biblia"@pl	<https://panlex.org/snapshot/panlex-20191001-csv/5947#84584996>				<https://panlex.org/snapshot/panlex-20191001-csv/5947#84585012>		"ئینجیل"@ckb	<https://panlex.org/Noun>
"dzisiaj"@pl	<https://panlex.org/snapshot/panlex-20191001-csv/5947#84676523>				<https://panlex.org/snapshot/panlex-20191001-csv/5947#84676533>		"ئیمرۆ"@ckb	<https://panlex.org/Adverbial>
"Kurdystan"@pl	<https://panlex.org/snapshot/panlex-20191001-csv/5947#84599045>				<https://panlex.org/snapshot/panlex-20191001-csv/5947#84599048>		"کوردستان"@ckb	<https://panlex.org/ProperNoun>
"Europa Zachodnia"@pl	<https://panlex.org/snapshot/panlex-20191001-csv/5947#84590508>				<https://panlex.org/snapshot/panlex-20191001-csv/5947#84590512>		"ئەوروپای ڕۆژئاوا"@ckb	<https://panlex.org/Noun>
"Afganistan"@pl	<https://panlex.org/snapshot/panlex-20191001-csv/5947#84579082>				<https://panlex.org/snapshot/panlex-20191001-csv/5947#84579116>		"ئەفغانستان"@ckb	<https://panlex.org/ProperNoun>
"Odyn"@pl	<https://panlex.org/snapshot/panlex-20191001-csv/5940#81285857>				<https://panlex.org/snapshot/panlex-20191001-csv/5940#81285825>		"ئۆدن"@ckb	
"Organizacja Narodów Zjednoczonych"@pl	<https://panlex.org/snapshot/panlex-20191001-csv/5940#81285989>				<https://panlex.org/snapshot/panlex-20191001-csv/5940#81285904>		"نەتەوە یەکگرتووەکان"@ckb	
"Liga Narodów"@pl	<https://panlex.org/snapshot/panlex-20191001-csv/5940#81281992>				<https://panlex.org/snapshot/panlex-20191001-csv/5940#81281953>		"کۆمەڵەی نەتەوەکان"@ckb	
"aparat Golgiego"@pl	<https://panlex.org/snapshot/panlex-20191001-csv/5939#80843260>				<https://panlex.org/snapshot/panlex-20191001-csv/5939#80843207>		"دەزگای گۆڵجی"@ckb	
"zwierciadło"@pl	<https://panlex.org/snapshot/panlex-20191001-csv/5946#84446287>				<https://panlex.org/snapshot/panlex-20191001-csv/5946#84446148>		"ئاوێنه"@ckb	
"skorpion"@pl	<https://panlex.org/snapshot/panlex-20191001-csv/5946#84455133>				<https://panlex.org/snapshot/panlex-20191001-csv/5946#84455091>		"دوپشک"@ckb	
"lustro"@pl	<https://panlex.org/snapshot/panlex-20191001-csv/5946#84446288>				<https://panlex.org/snapshot/panlex-20191001-csv/5946#84446148>		"ئاوێنه"@ckb	
"Filipiny"@pl	<https://panlex.org/snapshot/panlex-20191001-csv/5949#85323397>				<https://panlex.org/snapshot/panlex-20191001-csv/5949#85323305>		"فلیپین"@ckb	
"Singapur"@pl	<https://panlex.org/snapshot/panlex-20191001-csv/5949#85320573>				<https://panlex.org/snapshot/panlex-20191001-csv/5949#85320482>		"سینگاپور"@ckb	
"Koran"@pl	<https://panlex.org/snapshot/panlex-20191001-csv/5949#85313463>				<https://panlex.org/snapshot/panlex-20191001-csv/5949#85313390>		"قورئان"@ckb	
"Biblia"@pl	<https://panlex.org/snapshot/panlex-20191001-csv/5949#85302766>				<https://panlex.org/snapshot/panlex-20191001-csv/5949#85302655>		"کتێبی پیرۆز"@ckb	
"piekło"@pl	<https://panlex.org/snapshot/panlex-20191001-csv/5949#85332977>				<https://panlex.org/snapshot/panlex-20191001-csv/5949#85332906>		"جهههنهم"@ckb	
"piekło"@pl	<https://panlex.org/snapshot/panlex-20191001-csv/5949#85332977>				<https://panlex.org/snapshot/panlex-20191001-csv/5949#85332905>		"دۆزەخ"@ckb	
"Baku"@pl	<https://panlex.org/snapshot/panlex-20191001-csv/5949#85301517>				<https://panlex.org/snapshot/panlex-20191001-csv/5949#85301445>		"باکوو"@ckb	
"Francja"@pl	<https://panlex.org/snapshot/panlex-20191001-csv/5949#85323649>				<https://panlex.org/snapshot/panlex-20191001-csv/5949#85323551>		"فهرهنسا"@ckb	
"Tbilisi"@pl	<https://panlex.org/snapshot/panlex-20191001-csv/5949#85321858>				<https://panlex.org/snapshot/panlex-20191001-csv/5949#85321789>		"تبلیس"@ckb	
"Australia"@pl	<https://panlex.org/snapshot/panlex-20191001-csv/5949#85298209>				<https://panlex.org/snapshot/panlex-20191001-csv/5949#85298092>		"ئۆسترالیا"@ckb	
"Łotwa"@pl	<https://panlex.org/snapshot/panlex-20191001-csv/5949#85314357>				<https://panlex.org/snapshot/panlex-20191001-csv/5949#85314250>		"لاتڤیا"@ckb	
"skala pH"@pl	<https://panlex.org/snapshot/panlex-20191001-csv/5942#83284006>				<https://panlex.org/snapshot/panlex-20191001-csv/5942#83283947>		"پی ئێچ"@ckb	
"morze"@pl	<https://panlex.org/snapshot/panlex-20191001-csv/5942#83283258>				<https://panlex.org/snapshot/panlex-20191001-csv/5942#83283190>		"زەریا"@ckb	
"stepówka czarnobrzucha"@pl	<https://panlex.org/snapshot/panlex-20191001-csv/5942#83280031>				<https://panlex.org/snapshot/panlex-20191001-csv/5942#83280017>		"کوڕکوڕە"@ckb	
"historia"@pl	<https://panlex.org/snapshot/panlex-20191001-csv/5942#83282311>				<https://panlex.org/snapshot/panlex-20191001-csv/5942#83282228>		"مێژوو"@ckb	
"róż"@pl	<https://panlex.org/snapshot/panlex-20191001-csv/5942#83285058>				<https://panlex.org/snapshot/panlex-20191001-csv/5942#83285021>		"ئاڵ"@ckb	
"róż"@pl	<https://panlex.org/snapshot/panlex-20191001-csv/5942#83285058>				<https://panlex.org/snapshot/panlex-20191001-csv/5942#83285022>		"پهمهیی"@ckb	
"woda"@pl	<https://panlex.org/snapshot/panlex-20191001-csv/12#851113>				<https://panlex.org/snapshot/panlex-20191001-csv/12#850882>		"ئاو"@ckb	
"woda"@pl	<https://panlex.org/snapshot/panlex-20191001-csv/12#851113>				<https://panlex.org/snapshot/panlex-20191001-csv/12#850881>		"aw"@ckb	
"uniwersytet"@pl	<https://panlex.org/snapshot/panlex-20191001-csv/2904#111024623>				<https://panlex.org/snapshot/panlex-20191001-csv/2904#111024576>		"zanko"@ckb	
"uniwersytet"@pl	<https://panlex.org/snapshot/panlex-20191001-csv/2904#111024623>				<https://panlex.org/snapshot/panlex-20191001-csv/2904#111024510>		"زانکۆ"@ckb	
"Równik"@pl	<https://panlex.org/snapshot/panlex-20191001-csv/2910#110855195>				<https://panlex.org/snapshot/panlex-20191001-csv/2910#110855223>		"Hêḻî Îstiwa"@ckb	
"Równik"@pl	<https://panlex.org/snapshot/panlex-20191001-csv/2910#110855195>				<https://panlex.org/snapshot/panlex-20191001-csv/2910#110855169>		"هێڵی ئیستوا"@ckb	
"pokój"@pl	<https://panlex.org/snapshot/panlex-20191001-csv/2902#111012013>				<https://panlex.org/snapshot/panlex-20191001-csv/2902#111012170>		"ئاشتی"@ckb	
"pokój"@pl	<https://panlex.org/snapshot/panlex-20191001-csv/2902#111012013>				<https://panlex.org/snapshot/panlex-20191001-csv/2902#111012200>		"aştî"@ckb	
"Morze Martwe"@pl	<https://panlex.org/snapshot/panlex-20191001-csv/2905#110870068>				<https://panlex.org/snapshot/panlex-20191001-csv/2905#110870078>		"Zeryay Mirdû"@ckb	
"Morze Martwe"@pl	<https://panlex.org/snapshot/panlex-20191001-csv/2905#110870068>				<https://panlex.org/snapshot/panlex-20191001-csv/2905#110870043>		"زەریای مردوو"@ckb	
"Morze Czarne"@pl	<https://panlex.org/snapshot/panlex-20191001-csv/2905#110869038>				<https://panlex.org/snapshot/panlex-20191001-csv/2905#110869199>		"زەریای ڕەش"@ckb	
"Morze Czarne"@pl	<https://panlex.org/snapshot/panlex-20191001-csv/2905#110869038>				<https://panlex.org/snapshot/panlex-20191001-csv/2905#110869000>		"Zeryay Ṟeş"@ckb	
"Morze Śródziemne"@pl	<https://panlex.org/snapshot/panlex-20191001-csv/2905#110870388>				<https://panlex.org/snapshot/panlex-20191001-csv/2905#110870387>		"Zeryay Navîn"@ckb	
"Morze Śródziemne"@pl	<https://panlex.org/snapshot/panlex-20191001-csv/2905#110870388>				<https://panlex.org/snapshot/panlex-20191001-csv/2905#110870281>		"زەریای ناوین"@ckb	
"Morze Śródziemne"@pl	<https://panlex.org/snapshot/panlex-20191001-csv/2905#110870388>				<https://panlex.org/snapshot/panlex-20191001-csv/2905#110870314>		"زەریای سپی"@ckb	
"Morze Śródziemne"@pl	<https://panlex.org/snapshot/panlex-20191001-csv/2905#110870388>				<https://panlex.org/snapshot/panlex-20191001-csv/2905#110870486>		"Zeryay Spî"@ckb	
"Zatoka Perska"@pl	<https://panlex.org/snapshot/panlex-20191001-csv/2905#110870826>				<https://panlex.org/snapshot/panlex-20191001-csv/2905#110870838>		"کەنداوی فارس"@ckb	
"Zatoka Perska"@pl	<https://panlex.org/snapshot/panlex-20191001-csv/2905#110870826>				<https://panlex.org/snapshot/panlex-20191001-csv/2905#110870814>		"Kendawî Fars"@ckb	
"Morze Kaspijskie"@pl	<https://panlex.org/snapshot/panlex-20191001-csv/2905#110869663>				<https://panlex.org/snapshot/panlex-20191001-csv/2905#110869601>		"Zeryay Xezer"@ckb	
"Morze Kaspijskie"@pl	<https://panlex.org/snapshot/panlex-20191001-csv/2905#110869663>				<https://panlex.org/snapshot/panlex-20191001-csv/2905#110869675>		"زەریای قەزوین"@ckb	
"Morze Kaspijskie"@pl	<https://panlex.org/snapshot/panlex-20191001-csv/2905#110869663>				<https://panlex.org/snapshot/panlex-20191001-csv/2905#110869553>		"Zeryay Qezwîn"@ckb	
"Morze Kaspijskie"@pl	<https://panlex.org/snapshot/panlex-20191001-csv/2905#110869663>				<https://panlex.org/snapshot/panlex-20191001-csv/2905#110869744>		"زەریای خەزەر"@ckb	
"rok świetlny"@pl	<https://panlex.org/snapshot/panlex-20191001-csv/2907#110849372>				<https://panlex.org/snapshot/panlex-20191001-csv/2907#110849328>		"ساڵی تیشکی"@ckb	
"rok świetlny"@pl	<https://panlex.org/snapshot/panlex-20191001-csv/2907#110849372>				<https://panlex.org/snapshot/panlex-20191001-csv/2907#110849352>		"saḻî tîşkî"@ckb	
"teoria względności"@pl	<https://panlex.org/snapshot/panlex-20191001-csv/2907#110849884>				<https://panlex.org/snapshot/panlex-20191001-csv/2907#110849841>		"bîrdozî ṟêjeyî"@ckb	
"teoria względności"@pl	<https://panlex.org/snapshot/panlex-20191001-csv/2907#110849884>				<https://panlex.org/snapshot/panlex-20191001-csv/2907#110849784>		"بیردۆزی ڕێژەیی"@ckb	
"czarna dziura"@pl	<https://panlex.org/snapshot/panlex-20191001-csv/2907#110849621>				<https://panlex.org/snapshot/panlex-20191001-csv/2907#110849502>		"kunî ṟeş"@ckb	
"czarna dziura"@pl	<https://panlex.org/snapshot/panlex-20191001-csv/2907#110849621>				<https://panlex.org/snapshot/panlex-20191001-csv/2907#110849490>		"کونی ڕەش"@ckb	
"Ocean Spokojny"@pl	<https://panlex.org/snapshot/panlex-20191001-csv/2901#110868076>				<https://panlex.org/snapshot/panlex-20191001-csv/2901#110867913>		"ئۆقیانوسی پاسیفیک"@ckb	
"Ocean Spokojny"@pl	<https://panlex.org/snapshot/panlex-20191001-csv/2901#110868076>				<https://panlex.org/snapshot/panlex-20191001-csv/2901#110867887>		"Oqyanusî Pasîfîk"@ckb	
"Ocean Południowy"@pl	<https://panlex.org/snapshot/panlex-20191001-csv/2901#110868171>				<https://panlex.org/snapshot/panlex-20191001-csv/2901#110868269>		"ئۆقیانوسی باشوور"@ckb	
"Ocean Południowy"@pl	<https://panlex.org/snapshot/panlex-20191001-csv/2901#110868171>				<https://panlex.org/snapshot/panlex-20191001-csv/2901#110868280>		"Oqyanusî Başûr"@ckb	
"Ocean Indyjski"@pl	<https://panlex.org/snapshot/panlex-20191001-csv/2901#110867726>				<https://panlex.org/snapshot/panlex-20191001-csv/2901#110867622>		"ئۆقیانوسی هیندی"@ckb	
"Ocean Indyjski"@pl	<https://panlex.org/snapshot/panlex-20191001-csv/2901#110867726>				<https://panlex.org/snapshot/panlex-20191001-csv/2901#110867840>		"Oqyanusî Hîndî"@ckb	
"Pacyfik"@pl	<https://panlex.org/snapshot/panlex-20191001-csv/2901#110867905>				<https://panlex.org/snapshot/panlex-20191001-csv/2901#110867913>		"ئۆقیانوسی پاسیفیک"@ckb	
"Pacyfik"@pl	<https://panlex.org/snapshot/panlex-20191001-csv/2901#110867905>				<https://panlex.org/snapshot/panlex-20191001-csv/2901#110867887>		"Oqyanusî Pasîfîk"@ckb	
"Atlantyk"@pl	<https://panlex.org/snapshot/panlex-20191001-csv/2901#110867474>				<https://panlex.org/snapshot/panlex-20191001-csv/2901#110867550>		"Oqyanusî Etḻesî"@ckb	
"Atlantyk"@pl	<https://panlex.org/snapshot/panlex-20191001-csv/2901#110867474>				<https://panlex.org/snapshot/panlex-20191001-csv/2901#110867530>		"ئۆقیانوسی ئەتڵەسی"@ckb	
"Ocean Atlantycki"@pl	<https://panlex.org/snapshot/panlex-20191001-csv/2901#110867444>				<https://panlex.org/snapshot/panlex-20191001-csv/2901#110867550>		"Oqyanusî Etḻesî"@ckb	
"Ocean Atlantycki"@pl	<https://panlex.org/snapshot/panlex-20191001-csv/2901#110867444>				<https://panlex.org/snapshot/panlex-20191001-csv/2901#110867530>		"ئۆقیانوسی ئەتڵەسی"@ckb	
"Ocean Antarktyczny"@pl	<https://panlex.org/snapshot/panlex-20191001-csv/2901#110868266>				<https://panlex.org/snapshot/panlex-20191001-csv/2901#110868269>		"ئۆقیانوسی باشوور"@ckb	
"Ocean Antarktyczny"@pl	<https://panlex.org/snapshot/panlex-20191001-csv/2901#110868266>				<https://panlex.org/snapshot/panlex-20191001-csv/2901#110868280>		"Oqyanusî Başûr"@ckb	
"Platon"@pl	<https://panlex.org/snapshot/panlex-20191001-csv/2906#111020902>				<https://panlex.org/snapshot/panlex-20191001-csv/2906#111020922>		"Efḻatûn"@ckb	
"Platon"@pl	<https://panlex.org/snapshot/panlex-20191001-csv/2906#111020902>				<https://panlex.org/snapshot/panlex-20191001-csv/2906#111020896>		"Eflatûn"@ckb	
"Platon"@pl	<https://panlex.org/snapshot/panlex-20191001-csv/2906#111020902>				<https://panlex.org/snapshot/panlex-20191001-csv/2906#111020889>		"ئەفلاتوون"@ckb	
"Platon"@pl	<https://panlex.org/snapshot/panlex-20191001-csv/2906#111020902>				<https://panlex.org/snapshot/panlex-20191001-csv/2906#111020812>		"ئەفڵاتوون"@ckb	
"Sokrates"@pl	<https://panlex.org/snapshot/panlex-20191001-csv/2906#111021279>				<https://panlex.org/snapshot/panlex-20191001-csv/2906#111021268>		"سۆکرات"@ckb	
"Sokrates"@pl	<https://panlex.org/snapshot/panlex-20191001-csv/2906#111021279>				<https://panlex.org/snapshot/panlex-20191001-csv/2906#111021289>		"Sokrat"@ckb	
"Adam i Ewa"@pl	<https://panlex.org/snapshot/panlex-20191001-csv/2906#111019162>				<https://panlex.org/snapshot/panlex-20191001-csv/2906#111019197>		"ئادەم و حەوا"@ckb	
"Adam i Ewa"@pl	<https://panlex.org/snapshot/panlex-20191001-csv/2906#111019162>				<https://panlex.org/snapshot/panlex-20191001-csv/2906#111019144>		"Adem û Ḧewa"@ckb	
"Jan Chrzciciel"@pl	<https://panlex.org/snapshot/panlex-20191001-csv/2906#111020515>				<https://panlex.org/snapshot/panlex-20191001-csv/2906#111020465>		"Ḧezretî Yeḧya"@ckb	
"Jan Chrzciciel"@pl	<https://panlex.org/snapshot/panlex-20191001-csv/2906#111020515>				<https://panlex.org/snapshot/panlex-20191001-csv/2906#111020432>		"حەزرەتی یەحیا"@ckb	
"szkocki gaelicki"@pl	<https://panlex.org/snapshot/panlex-20191001-csv/5#24484>				<https://panlex.org/snapshot/panlex-20191001-csv/5#24436>		"گهلیکی سکۆتلهندی"@ckb	
"szkocki gaelicki"@pl	<https://panlex.org/snapshot/panlex-20191001-csv/5#24484>				<https://panlex.org/snapshot/panlex-20191001-csv/5#24435>		"gelîkî skotlendî"@ckb	
"niemiecki"@pl	<https://panlex.org/snapshot/panlex-20191001-csv/5#20707>				<https://panlex.org/snapshot/panlex-20191001-csv/5#20651>		"ئاڵمانی"@ckb	
"niemiecki"@pl	<https://panlex.org/snapshot/panlex-20191001-csv/5#20707>				<https://panlex.org/snapshot/panlex-20191001-csv/5#20650>		"aḻmanî"@ckb	
"bośniański"@pl	<https://panlex.org/snapshot/panlex-20191001-csv/5#23561>				<https://panlex.org/snapshot/panlex-20191001-csv/5#23513>		"بۆسنی"@ckb	
"bośniański"@pl	<https://panlex.org/snapshot/panlex-20191001-csv/5#23561>				<https://panlex.org/snapshot/panlex-20191001-csv/5#23512>		"bosnî"@ckb	
"fiński"@pl	<https://panlex.org/snapshot/panlex-20191001-csv/5#25403>				<https://panlex.org/snapshot/panlex-20191001-csv/5#25352>		"fînlendî"@ckb	
"fiński"@pl	<https://panlex.org/snapshot/panlex-20191001-csv/5#25403>				<https://panlex.org/snapshot/panlex-20191001-csv/5#25353>		"فینلهندی"@ckb	
"łaciński"@pl	<https://panlex.org/snapshot/panlex-20191001-csv/5#21134>				<https://panlex.org/snapshot/panlex-20191001-csv/5#21083>		"لاتینی"@ckb	
"łaciński"@pl	<https://panlex.org/snapshot/panlex-20191001-csv/5#21134>				<https://panlex.org/snapshot/panlex-20191001-csv/5#21082>		"latînî"@ckb	
"grecki"@pl	<https://panlex.org/snapshot/panlex-20191001-csv/5#26432>				<https://panlex.org/snapshot/panlex-20191001-csv/5#26377>		"یۆنانی"@ckb	
"grecki"@pl	<https://panlex.org/snapshot/panlex-20191001-csv/5#26432>				<https://panlex.org/snapshot/panlex-20191001-csv/5#26376>		"yonanî"@ckb	
"amharski"@pl	<https://panlex.org/snapshot/panlex-20191001-csv/5#22148>				<https://panlex.org/snapshot/panlex-20191001-csv/5#22099>		"emherî"@ckb	
"amharski"@pl	<https://panlex.org/snapshot/panlex-20191001-csv/5#22148>				<https://panlex.org/snapshot/panlex-20191001-csv/5#22100>		"ئهمههری"@ckb	
"malajalam"@pl	<https://panlex.org/snapshot/panlex-20191001-csv/5#27743>				<https://panlex.org/snapshot/panlex-20191001-csv/5#27693>		"malayalam"@ckb	
"malajalam"@pl	<https://panlex.org/snapshot/panlex-20191001-csv/5#27743>				<https://panlex.org/snapshot/panlex-20191001-csv/5#27694>		"مالایالام"@ckb	
"szwedzki"@pl	<https://panlex.org/snapshot/panlex-20191001-csv/5#27045>				<https://panlex.org/snapshot/panlex-20191001-csv/5#26997>		"سویدی"@ckb	
"szwedzki"@pl	<https://panlex.org/snapshot/panlex-20191001-csv/5#27045>				<https://panlex.org/snapshot/panlex-20191001-csv/5#26996>		"swîdî"@ckb	
"serbski"@pl	<https://panlex.org/snapshot/panlex-20191001-csv/5#21344>				<https://panlex.org/snapshot/panlex-20191001-csv/5#21296>		"سهربی"@ckb	
"serbski"@pl	<https://panlex.org/snapshot/panlex-20191001-csv/5#21344>				<https://panlex.org/snapshot/panlex-20191001-csv/5#21295>		"serbî"@ckb	
"laotański"@pl	<https://panlex.org/snapshot/panlex-20191001-csv/5#27952>				<https://panlex.org/snapshot/panlex-20191001-csv/5#27903>		"lawsî"@ckb	
"laotański"@pl	<https://panlex.org/snapshot/panlex-20191001-csv/5#27952>				<https://panlex.org/snapshot/panlex-20191001-csv/5#27904>		"لاوسی"@ckb	
"albański"@pl	<https://panlex.org/snapshot/panlex-20191001-csv/5#21751>				<https://panlex.org/snapshot/panlex-20191001-csv/5#21697>		"albanî"@ckb	
"albański"@pl	<https://panlex.org/snapshot/panlex-20191001-csv/5#21751>				<https://panlex.org/snapshot/panlex-20191001-csv/5#21699>		"ئالبانی"@ckb	
"albański"@pl	<https://panlex.org/snapshot/panlex-20191001-csv/5#21751>				<https://panlex.org/snapshot/panlex-20191001-csv/5#21698>		"elbanî"@ckb	
"albański"@pl	<https://panlex.org/snapshot/panlex-20191001-csv/5#21751>				<https://panlex.org/snapshot/panlex-20191001-csv/5#21700>		"ئهلبانی"@ckb	
"hiszpański"@pl	<https://panlex.org/snapshot/panlex-20191001-csv/5#26323>				<https://panlex.org/snapshot/panlex-20191001-csv/5#26269>		"îspanî"@ckb	
"hiszpański"@pl	<https://panlex.org/snapshot/panlex-20191001-csv/5#26323>				<https://panlex.org/snapshot/panlex-20191001-csv/5#26270>		"ئیسپانی"@ckb	
"afrikaans"@pl	<https://panlex.org/snapshot/panlex-20191001-csv/5#20600>				<https://panlex.org/snapshot/panlex-20191001-csv/5#20546>		"efrîkayî"@ckb	
"afrikaans"@pl	<https://panlex.org/snapshot/panlex-20191001-csv/5#20600>				<https://panlex.org/snapshot/panlex-20191001-csv/5#20547>		"ئهفریكای"@ckb	
"pendżabski"@pl	<https://panlex.org/snapshot/panlex-20191001-csv/5#26008>				<https://panlex.org/snapshot/panlex-20191001-csv/5#25953>		"pencabî"@ckb	
"pendżabski"@pl	<https://panlex.org/snapshot/panlex-20191001-csv/5#26008>				<https://panlex.org/snapshot/panlex-20191001-csv/5#25954>		"پهنجابی"@ckb	
"chiński"@pl	<https://panlex.org/snapshot/panlex-20191001-csv/5#24889>				<https://panlex.org/snapshot/panlex-20191001-csv/5#24835>		"çînî"@ckb	
"chiński"@pl	<https://panlex.org/snapshot/panlex-20191001-csv/5#24889>				<https://panlex.org/snapshot/panlex-20191001-csv/5#24836>		"چینی"@ckb	
"galisyjski"@pl	<https://panlex.org/snapshot/panlex-20191001-csv/5#22447>				<https://panlex.org/snapshot/panlex-20191001-csv/5#22399>		"گالیسی"@ckb	
"galisyjski"@pl	<https://panlex.org/snapshot/panlex-20191001-csv/5#22447>				<https://panlex.org/snapshot/panlex-20191001-csv/5#22398>		"galîsî"@ckb	
"duński"@pl	<https://panlex.org/snapshot/panlex-20191001-csv/5#20929>				<https://panlex.org/snapshot/panlex-20191001-csv/5#20876>		"danmarkî"@ckb	
"duński"@pl	<https://panlex.org/snapshot/panlex-20191001-csv/5#20929>				<https://panlex.org/snapshot/panlex-20191001-csv/5#20877>		"دانمارکی"@ckb	
"walijski"@pl	<https://panlex.org/snapshot/panlex-20191001-csv/5#23361>				<https://panlex.org/snapshot/panlex-20191001-csv/5#23313>		"wêlzî"@ckb	
"walijski"@pl	<https://panlex.org/snapshot/panlex-20191001-csv/5#23361>				<https://panlex.org/snapshot/panlex-20191001-csv/5#23314>		"وێلزی"@ckb	
"indonezyjski"@pl	<https://panlex.org/snapshot/panlex-20191001-csv/5#21549>				<https://panlex.org/snapshot/panlex-20191001-csv/5#21497>		"ئێندونیزی"@ckb	
"indonezyjski"@pl	<https://panlex.org/snapshot/panlex-20191001-csv/5#21549>				<https://panlex.org/snapshot/panlex-20191001-csv/5#21496>		"êndunîzî"@ckb	
"malajski"@pl	<https://panlex.org/snapshot/panlex-20191001-csv/5#21946>				<https://panlex.org/snapshot/panlex-20191001-csv/5#21900>		"مالیزی"@ckb	
"malajski"@pl	<https://panlex.org/snapshot/panlex-20191001-csv/5#21946>				<https://panlex.org/snapshot/panlex-20191001-csv/5#21899>		"malîzî"@ckb	
"polski"@pl	<https://panlex.org/snapshot/panlex-20191001-csv/5#20491>				<https://panlex.org/snapshot/panlex-20191001-csv/5#20440>		"poḻoniyayî"@ckb	
"polski"@pl	<https://panlex.org/snapshot/panlex-20191001-csv/5#20491>				<https://panlex.org/snapshot/panlex-20191001-csv/5#20441>		"پۆڵۆنیایی"@ckb	
"polski"@pl	<https://panlex.org/snapshot/panlex-20191001-csv/5#20491>				<https://panlex.org/snapshot/panlex-20191001-csv/5#20439>		"lehistanî"@ckb	
"polski"@pl	<https://panlex.org/snapshot/panlex-20191001-csv/5#20491>				<https://panlex.org/snapshot/panlex-20191001-csv/5#20442>		"لههستانی"@ckb	
"ormiański"@pl	<https://panlex.org/snapshot/panlex-20191001-csv/5#28766>				<https://panlex.org/snapshot/panlex-20191001-csv/5#28718>		"ئهرمهنی"@ckb	
"ormiański"@pl	<https://panlex.org/snapshot/panlex-20191001-csv/5#28766>				<https://panlex.org/snapshot/panlex-20191001-csv/5#28717>		"ermenî"@ckb	
"estoński"@pl	<https://panlex.org/snapshot/panlex-20191001-csv/5#26632>				<https://panlex.org/snapshot/panlex-20191001-csv/5#26581>		"îstonî"@ckb	
"estoński"@pl	<https://panlex.org/snapshot/panlex-20191001-csv/5#26632>				<https://panlex.org/snapshot/panlex-20191001-csv/5#26582>		"ئیستۆنی"@ckb	
"fryzyjski"@pl	<https://panlex.org/snapshot/panlex-20191001-csv/5#24787>				<https://panlex.org/snapshot/panlex-20191001-csv/5#24735>		"frîsî"@ckb	
"fryzyjski"@pl	<https://panlex.org/snapshot/panlex-20191001-csv/5#24787>				<https://panlex.org/snapshot/panlex-20191001-csv/5#24736>		"فریسی"@ckb	
"islandzki"@pl	<https://panlex.org/snapshot/panlex-20191001-csv/5#23262>				<https://panlex.org/snapshot/panlex-20191001-csv/5#23212>		"îslendî"@ckb	
"islandzki"@pl	<https://panlex.org/snapshot/panlex-20191001-csv/5#23262>				<https://panlex.org/snapshot/panlex-20191001-csv/5#23213>		"ئیسلهندی"@ckb	
"baskijski"@pl	<https://panlex.org/snapshot/panlex-20191001-csv/5#25506>				<https://panlex.org/snapshot/panlex-20191001-csv/5#25455>		"baskî"@ckb	
"baskijski"@pl	<https://panlex.org/snapshot/panlex-20191001-csv/5#25506>				<https://panlex.org/snapshot/panlex-20191001-csv/5#25456>		"باسکی"@ckb	
"kataloński"@pl	<https://panlex.org/snapshot/panlex-20191001-csv/5#27541>				<https://panlex.org/snapshot/panlex-20191001-csv/5#27489>		"katalonî"@ckb	
"kataloński"@pl	<https://panlex.org/snapshot/panlex-20191001-csv/5#27541>				<https://panlex.org/snapshot/panlex-20191001-csv/5#27490>		"کاتالۆنی"@ckb	
"słoweński"@pl	<https://panlex.org/snapshot/panlex-20191001-csv/5#24685>				<https://panlex.org/snapshot/panlex-20191001-csv/5#24633>		"slovênî"@ckb	
"słoweński"@pl	<https://panlex.org/snapshot/panlex-20191001-csv/5#24685>				<https://panlex.org/snapshot/panlex-20191001-csv/5#24634>		"سلۆڤێنی"@ckb	
"koreański"@pl	<https://panlex.org/snapshot/panlex-20191001-csv/5#28053>				<https://panlex.org/snapshot/panlex-20191001-csv/5#27998>		"korî"@ckb	
"koreański"@pl	<https://panlex.org/snapshot/panlex-20191001-csv/5#28053>				<https://panlex.org/snapshot/panlex-20191001-csv/5#27999>		"کۆری"@ckb	
"wietnamski"@pl	<https://panlex.org/snapshot/panlex-20191001-csv/5#26835>				<https://panlex.org/snapshot/panlex-20191001-csv/5#26787>		"ڤیهتنامی"@ckb	
"wietnamski"@pl	<https://panlex.org/snapshot/panlex-20191001-csv/5#26835>				<https://panlex.org/snapshot/panlex-20191001-csv/5#26786>		"viyetnamî"@ckb	
"turkmeński"@pl	<https://panlex.org/snapshot/panlex-20191001-csv/5#28557>				<https://panlex.org/snapshot/panlex-20191001-csv/5#28509>		"turkmanî"@ckb	
"turkmeński"@pl	<https://panlex.org/snapshot/panlex-20191001-csv/5#28557>				<https://panlex.org/snapshot/panlex-20191001-csv/5#28510>		"تورکمانی"@ckb	
"włoski"@pl	<https://panlex.org/snapshot/panlex-20191001-csv/5#23666>				<https://panlex.org/snapshot/panlex-20191001-csv/5#23613>		"ئیتالی"@ckb	
"włoski"@pl	<https://panlex.org/snapshot/panlex-20191001-csv/5#23666>				<https://panlex.org/snapshot/panlex-20191001-csv/5#23612>		"îtalî"@ckb	
"rosyjski"@pl	<https://panlex.org/snapshot/panlex-20191001-csv/5#23159>				<https://panlex.org/snapshot/panlex-20191001-csv/5#23107>		"ṟûsî"@ckb	
"rosyjski"@pl	<https://panlex.org/snapshot/panlex-20191001-csv/5#23159>				<https://panlex.org/snapshot/panlex-20191001-csv/5#23108>		"ڕووسی"@ckb	
"tamilski"@pl	<https://panlex.org/snapshot/panlex-20191001-csv/5#28156>				<https://panlex.org/snapshot/panlex-20191001-csv/5#28107>		"تامیلی"@ckb	
"tamilski"@pl	<https://panlex.org/snapshot/panlex-20191001-csv/5#28156>				<https://panlex.org/snapshot/panlex-20191001-csv/5#28106>		"tamîlî"@ckb	
"ukraiński"@pl	<https://panlex.org/snapshot/panlex-20191001-csv/5#20185>				<https://panlex.org/snapshot/panlex-20191001-csv/5#20137>		"okraynî"@ckb	
"ukraiński"@pl	<https://panlex.org/snapshot/panlex-20191001-csv/5#20185>				<https://panlex.org/snapshot/panlex-20191001-csv/5#20138>		"ئۆکراینی"@ckb	
"afrykanerski"@pl	<https://panlex.org/snapshot/panlex-20191001-csv/5#20599>				<https://panlex.org/snapshot/panlex-20191001-csv/5#20546>		"efrîkayî"@ckb	
"afrykanerski"@pl	<https://panlex.org/snapshot/panlex-20191001-csv/5#20599>				<https://panlex.org/snapshot/panlex-20191001-csv/5#20547>		"ئهفریكای"@ckb	
"irlandzki"@pl	<https://panlex.org/snapshot/panlex-20191001-csv/5#26216>				<https://panlex.org/snapshot/panlex-20191001-csv/5#26158>		"ئیرلهندی"@ckb	
"irlandzki"@pl	<https://panlex.org/snapshot/panlex-20191001-csv/5#26216>				<https://panlex.org/snapshot/panlex-20191001-csv/5#26157>		"îrlendî"@ckb	
"urdu"@pl	<https://panlex.org/snapshot/panlex-20191001-csv/5#26107>				<https://panlex.org/snapshot/panlex-20191001-csv/5#26056>		"ordû"@ckb	
"urdu"@pl	<https://panlex.org/snapshot/panlex-20191001-csv/5#26107>				<https://panlex.org/snapshot/panlex-20191001-csv/5#26057>		"ئۆردوو"@ckb	
"somalijski"@pl	<https://panlex.org/snapshot/panlex-20191001-csv/5#25701>				<https://panlex.org/snapshot/panlex-20191001-csv/5#25652>		"سۆمالی"@ckb	
"somalijski"@pl	<https://panlex.org/snapshot/panlex-20191001-csv/5#25701>				<https://panlex.org/snapshot/panlex-20191001-csv/5#25651>		"somalî"@ckb	
"tajski"@pl	<https://panlex.org/snapshot/panlex-20191001-csv/5#24078>				<https://panlex.org/snapshot/panlex-20191001-csv/5#24026>		"taylendî"@ckb	
"tajski"@pl	<https://panlex.org/snapshot/panlex-20191001-csv/5#24078>				<https://panlex.org/snapshot/panlex-20191001-csv/5#24027>		"تایلهندی"@ckb	
"suahili"@pl	<https://panlex.org/snapshot/panlex-20191001-csv/5#21852>				<https://panlex.org/snapshot/panlex-20191001-csv/5#21802>		"swahîlî"@ckb	
"suahili"@pl	<https://panlex.org/snapshot/panlex-20191001-csv/5#21852>				<https://panlex.org/snapshot/panlex-20191001-csv/5#21803>		"سواهیلی"@ckb	
"maltański"@pl	<https://panlex.org/snapshot/panlex-20191001-csv/5#24994>				<https://panlex.org/snapshot/panlex-20191001-csv/5#24944>		"ماڵتایی"@ckb	
"maltański"@pl	<https://panlex.org/snapshot/panlex-20191001-csv/5#24994>				<https://panlex.org/snapshot/panlex-20191001-csv/5#24943>		"maḻtayî"@ckb	
"perski"@pl	<https://panlex.org/snapshot/panlex-20191001-csv/5#23774>				<https://panlex.org/snapshot/panlex-20191001-csv/5#23720>		"farsî"@ckb	
"perski"@pl	<https://panlex.org/snapshot/panlex-20191001-csv/5#23774>				<https://panlex.org/snapshot/panlex-20191001-csv/5#23721>		"فارسی"@ckb	
"telugu"@pl	<https://panlex.org/snapshot/panlex-20191001-csv/5#28457>				<https://panlex.org/snapshot/panlex-20191001-csv/5#28406>		"تهلۆگوی"@ckb	
"telugu"@pl	<https://panlex.org/snapshot/panlex-20191001-csv/5#28457>				<https://panlex.org/snapshot/panlex-20191001-csv/5#28405>		"teloguî"@ckb	
"litewski"@pl	<https://panlex.org/snapshot/panlex-20191001-csv/5#27347>				<https://panlex.org/snapshot/panlex-20191001-csv/5#27297>		"lîtwanî"@ckb	
"litewski"@pl	<https://panlex.org/snapshot/panlex-20191001-csv/5#27347>				<https://panlex.org/snapshot/panlex-20191001-csv/5#27298>		"لیتوانی"@ckb	
"norweski"@pl	<https://panlex.org/snapshot/panlex-20191001-csv/5#21241>				<https://panlex.org/snapshot/panlex-20191001-csv/5#21188>		"نۆروێژی"@ckb	
"norweski"@pl	<https://panlex.org/snapshot/panlex-20191001-csv/5#21241>				<https://panlex.org/snapshot/panlex-20191001-csv/5#21187>		"norwêjî"@ckb	
"bretoński"@pl	<https://panlex.org/snapshot/panlex-20191001-csv/5#22051>				<https://panlex.org/snapshot/panlex-20191001-csv/5#22002>		"برێتونی"@ckb	
"bretoński"@pl	<https://panlex.org/snapshot/panlex-20191001-csv/5#22051>				<https://panlex.org/snapshot/panlex-20191001-csv/5#22001>		"brêtunî"@ckb	
"jidysz"@pl	<https://panlex.org/snapshot/panlex-20191001-csv/5#22248>				<https://panlex.org/snapshot/panlex-20191001-csv/5#22197>		"yuddî"@ckb	
"jidysz"@pl	<https://panlex.org/snapshot/panlex-20191001-csv/5#22248>				<https://panlex.org/snapshot/panlex-20191001-csv/5#22198>		"یوددی"@ckb	
"francuski"@pl	<https://panlex.org/snapshot/panlex-20191001-csv/5#27848>				<https://panlex.org/snapshot/panlex-20191001-csv/5#27793>		"feransî"@ckb	
"francuski"@pl	<https://panlex.org/snapshot/panlex-20191001-csv/5#27848>				<https://panlex.org/snapshot/panlex-20191001-csv/5#27794>		"فهرانسی"@ckb	
"angielski"@pl	<https://panlex.org/snapshot/panlex-20191001-csv/5#28665>				<https://panlex.org/snapshot/panlex-20191001-csv/5#28606>		"ئینگلیزی"@ckb	
"angielski"@pl	<https://panlex.org/snapshot/panlex-20191001-csv/5#28665>				<https://panlex.org/snapshot/panlex-20191001-csv/5#28605>		"îngilîzî"@ckb	
"uzbecki"@pl	<https://panlex.org/snapshot/panlex-20191001-csv/5#22346>				<https://panlex.org/snapshot/panlex-20191001-csv/5#22297>		"ozbekî"@ckb	
"uzbecki"@pl	<https://panlex.org/snapshot/panlex-20191001-csv/5#22346>				<https://panlex.org/snapshot/panlex-20191001-csv/5#22298>		"ئۆزبهکی"@ckb	
"czeski"@pl	<https://panlex.org/snapshot/panlex-20191001-csv/5#22749>				<https://panlex.org/snapshot/panlex-20191001-csv/5#22697>		"çekî"@ckb	
"czeski"@pl	<https://panlex.org/snapshot/panlex-20191001-csv/5#22749>				<https://panlex.org/snapshot/panlex-20191001-csv/5#22698>		"چهکی"@ckb	
"hebrajski"@pl	<https://panlex.org/snapshot/panlex-20191001-csv/5#24388>				<https://panlex.org/snapshot/panlex-20191001-csv/5#24336>		"هیبرێ"@ckb	
"hebrajski"@pl	<https://panlex.org/snapshot/panlex-20191001-csv/5#24388>				<https://panlex.org/snapshot/panlex-20191001-csv/5#24335>		"hîbrê"@ckb	
"farerski"@pl	<https://panlex.org/snapshot/panlex-20191001-csv/5#20389>				<https://panlex.org/snapshot/panlex-20191001-csv/5#57415>		"ferʼoyî"@ckb	
"farerski"@pl	<https://panlex.org/snapshot/panlex-20191001-csv/5#20389>				<https://panlex.org/snapshot/panlex-20191001-csv/5#20341>		"فهرئۆیی"@ckb	
"japoński"@pl	<https://panlex.org/snapshot/panlex-20191001-csv/5#21031>				<https://panlex.org/snapshot/panlex-20191001-csv/5#20980>		"japonî"@ckb	
"japoński"@pl	<https://panlex.org/snapshot/panlex-20191001-csv/5#21031>				<https://panlex.org/snapshot/panlex-20191001-csv/5#20981>		"ژاپۆنی"@ckb	
"niderlandzki"@pl	<https://panlex.org/snapshot/panlex-20191001-csv/5#24282>				<https://panlex.org/snapshot/panlex-20191001-csv/5#24228>		"hoḻendî"@ckb	
"niderlandzki"@pl	<https://panlex.org/snapshot/panlex-20191001-csv/5#24282>				<https://panlex.org/snapshot/panlex-20191001-csv/5#24229>		"هۆڵهندی"@ckb	
"gruziński"@pl	<https://panlex.org/snapshot/panlex-20191001-csv/5#28354>				<https://panlex.org/snapshot/panlex-20191001-csv/5#28304>		"gorcistanî"@ckb	
"gruziński"@pl	<https://panlex.org/snapshot/panlex-20191001-csv/5#28354>				<https://panlex.org/snapshot/panlex-20191001-csv/5#28305>		"گۆرجستانی"@ckb	
"turecki"@pl	<https://panlex.org/snapshot/panlex-20191001-csv/5#26733>				<https://panlex.org/snapshot/panlex-20191001-csv/5#26684>		"turkî"@ckb	
"turecki"@pl	<https://panlex.org/snapshot/panlex-20191001-csv/5#26733>				<https://panlex.org/snapshot/panlex-20191001-csv/5#26685>		"تورکی"@ckb	
"kurdyjski"@pl	<https://panlex.org/snapshot/panlex-20191001-csv/5#21646>				<https://panlex.org/snapshot/panlex-20191001-csv/5#21600>		"kurdî"@ckb	
"kurdyjski"@pl	<https://panlex.org/snapshot/panlex-20191001-csv/5#21646>				<https://panlex.org/snapshot/panlex-20191001-csv/5#21601>		"کوردی"@ckb	
"białoruski"@pl	<https://panlex.org/snapshot/panlex-20191001-csv/5#25902>				<https://panlex.org/snapshot/panlex-20191001-csv/5#25852>		"بێلاڕووسی"@ckb	
"białoruski"@pl	<https://panlex.org/snapshot/panlex-20191001-csv/5#25902>				<https://panlex.org/snapshot/panlex-20191001-csv/5#25851>		"bêlaṟûsî"@ckb	
"marathi"@pl	<https://panlex.org/snapshot/panlex-20191001-csv/5#25801>				<https://panlex.org/snapshot/panlex-20191001-csv/5#25752>		"ماراتی"@ckb	
"marathi"@pl	<https://panlex.org/snapshot/panlex-20191001-csv/5#25801>				<https://panlex.org/snapshot/panlex-20191001-csv/5#25751>		"maratî"@ckb	
"bułgarski"@pl	<https://panlex.org/snapshot/panlex-20191001-csv/5#21444>				<https://panlex.org/snapshot/panlex-20191001-csv/5#21395>		"بۆلگاری"@ckb	
"bułgarski"@pl	<https://panlex.org/snapshot/panlex-20191001-csv/5#21444>				<https://panlex.org/snapshot/panlex-20191001-csv/5#21394>		"bolgarî"@ckb	
"łotewski"@pl	<https://panlex.org/snapshot/panlex-20191001-csv/5#23975>				<https://panlex.org/snapshot/panlex-20191001-csv/5#23926>		"لێتۆنی"@ckb	
"łotewski"@pl	<https://panlex.org/snapshot/panlex-20191001-csv/5#23975>				<https://panlex.org/snapshot/panlex-20191001-csv/5#23925>		"lêtonî"@ckb	
"rumuński"@pl	<https://panlex.org/snapshot/panlex-20191001-csv/5#27245>				<https://panlex.org/snapshot/panlex-20191001-csv/5#27196>		"ڕۆمانی"@ckb	
"rumuński"@pl	<https://panlex.org/snapshot/panlex-20191001-csv/5#27245>				<https://panlex.org/snapshot/panlex-20191001-csv/5#27195>		"ṟomanî"@ckb	
"kirgiski"@pl	<https://panlex.org/snapshot/panlex-20191001-csv/5#25604>				<https://panlex.org/snapshot/panlex-20191001-csv/5#25557>		"کرگیزی"@ckb	
"kirgiski"@pl	<https://panlex.org/snapshot/panlex-20191001-csv/5#25604>				<https://panlex.org/snapshot/panlex-20191001-csv/5#25556>		"kirgîzî"@ckb	
"arabski"@pl	<https://panlex.org/snapshot/panlex-20191001-csv/5#20084>				<https://panlex.org/snapshot/panlex-20191001-csv/5#20030>		"عهرهبی"@ckb	
"arabski"@pl	<https://panlex.org/snapshot/panlex-20191001-csv/5#20084>				<https://panlex.org/snapshot/panlex-20191001-csv/5#20029>		"ʿerebî"@ckb	
"ujgurski"@pl	<https://panlex.org/snapshot/panlex-20191001-csv/5#28258>				<https://panlex.org/snapshot/panlex-20191001-csv/5#28208>		"uyğûrî"@ckb	
"ujgurski"@pl	<https://panlex.org/snapshot/panlex-20191001-csv/5#28258>				<https://panlex.org/snapshot/panlex-20191001-csv/5#28209>		"ئويخووری"@ckb	
"azerski"@pl	<https://panlex.org/snapshot/panlex-20191001-csv/5#22549>				<https://panlex.org/snapshot/panlex-20191001-csv/5#22495>		"ئازهربایجانی"@ckb	
"azerski"@pl	<https://panlex.org/snapshot/panlex-20191001-csv/5#22549>				<https://panlex.org/snapshot/panlex-20191001-csv/5#22494>		"azerbaycanî"@ckb	
"tigrinja"@pl	<https://panlex.org/snapshot/panlex-20191001-csv/5#22848>				<https://panlex.org/snapshot/panlex-20191001-csv/5#22799>		"tîgrînyaî"@ckb	
"tigrinja"@pl	<https://panlex.org/snapshot/panlex-20191001-csv/5#22848>				<https://panlex.org/snapshot/panlex-20191001-csv/5#22800>		"تیگرینیای"@ckb	
"iryjski"@pl	<https://panlex.org/snapshot/panlex-20191001-csv/5#26217>				<https://panlex.org/snapshot/panlex-20191001-csv/5#26158>		"ئیرلهندی"@ckb	
"iryjski"@pl	<https://panlex.org/snapshot/panlex-20191001-csv/5#26217>				<https://panlex.org/snapshot/panlex-20191001-csv/5#26157>		"îrlendî"@ckb	
"macedoński"@pl	<https://panlex.org/snapshot/panlex-20191001-csv/5#23875>				<https://panlex.org/snapshot/panlex-20191001-csv/5#23824>		"ماکێدۆنی"@ckb	
"macedoński"@pl	<https://panlex.org/snapshot/panlex-20191001-csv/5#23875>				<https://panlex.org/snapshot/panlex-20191001-csv/5#23823>		"makêdonî"@ckb	
"esperanto"@pl	<https://panlex.org/snapshot/panlex-20191001-csv/5#20822>				<https://panlex.org/snapshot/panlex-20191001-csv/5#20772>		"ئێسپێرانتۆ"@ckb	
"esperanto"@pl	<https://panlex.org/snapshot/panlex-20191001-csv/5#20822>				<https://panlex.org/snapshot/panlex-20191001-csv/5#20771>		"êspêranto"@ckb	
"hindi"@pl	<https://panlex.org/snapshot/panlex-20191001-csv/5#20288>				<https://panlex.org/snapshot/panlex-20191001-csv/5#20236>		"هیندی"@ckb	
"hindi"@pl	<https://panlex.org/snapshot/panlex-20191001-csv/5#20288>				<https://panlex.org/snapshot/panlex-20191001-csv/5#20235>		"hîndî"@ckb	
"tagalog"@pl	<https://panlex.org/snapshot/panlex-20191001-csv/5#25201>				<https://panlex.org/snapshot/panlex-20191001-csv/5#25152>		"تاگالۆگی"@ckb	
"tagalog"@pl	<https://panlex.org/snapshot/panlex-20191001-csv/5#25201>				<https://panlex.org/snapshot/panlex-20191001-csv/5#25151>		"tagalogî"@ckb	
"nepalski"@pl	<https://panlex.org/snapshot/panlex-20191001-csv/5#27644>				<https://panlex.org/snapshot/panlex-20191001-csv/5#27593>		"نێپالی"@ckb	
"nepalski"@pl	<https://panlex.org/snapshot/panlex-20191001-csv/5#27644>				<https://panlex.org/snapshot/panlex-20191001-csv/5#27592>		"nêpalî"@ckb	
"bengalski"@pl	<https://panlex.org/snapshot/panlex-20191001-csv/5#26941>				<https://panlex.org/snapshot/panlex-20191001-csv/5#26888>		"بهنگلادێشی"@ckb	
"bengalski"@pl	<https://panlex.org/snapshot/panlex-20191001-csv/5#26941>				<https://panlex.org/snapshot/panlex-20191001-csv/5#26887>		"bengladêşî"@ckb	
"chorwacki"@pl	<https://panlex.org/snapshot/panlex-20191001-csv/5#22947>				<https://panlex.org/snapshot/panlex-20191001-csv/5#22898>		"کرواتی"@ckb	
"chorwacki"@pl	<https://panlex.org/snapshot/panlex-20191001-csv/5#22947>				<https://panlex.org/snapshot/panlex-20191001-csv/5#22897>		"kirwatî"@ckb	
"kannada"@pl	<https://panlex.org/snapshot/panlex-20191001-csv/5#24585>				<https://panlex.org/snapshot/panlex-20191001-csv/5#24534>		"کهنهدایی"@ckb	
"kannada"@pl	<https://panlex.org/snapshot/panlex-20191001-csv/5#24585>				<https://panlex.org/snapshot/panlex-20191001-csv/5#24533>		"kenedayî"@ckb	
"jawajski"@pl	<https://panlex.org/snapshot/panlex-20191001-csv/5#27146>				<https://panlex.org/snapshot/panlex-20191001-csv/5#27097>		"جاڤانی"@ckb	
"jawajski"@pl	<https://panlex.org/snapshot/panlex-20191001-csv/5#27146>				<https://panlex.org/snapshot/panlex-20191001-csv/5#27096>		"cavanî"@ckb	
"sinhaleski"@pl	<https://panlex.org/snapshot/panlex-20191001-csv/5#24178>				<https://panlex.org/snapshot/panlex-20191001-csv/5#24130>		"سینههلی"@ckb	
"sinhaleski"@pl	<https://panlex.org/snapshot/panlex-20191001-csv/5#24178>				<https://panlex.org/snapshot/panlex-20191001-csv/5#24129>		"sînhelî"@ckb	
"mongolski"@pl	<https://panlex.org/snapshot/panlex-20191001-csv/5#22651>				<https://panlex.org/snapshot/panlex-20191001-csv/5#22603>		"مهنگۆلی"@ckb	
"mongolski"@pl	<https://panlex.org/snapshot/panlex-20191001-csv/5#22651>				<https://panlex.org/snapshot/panlex-20191001-csv/5#22602>		"mengolî"@ckb	
"węgierski"@pl	<https://panlex.org/snapshot/panlex-20191001-csv/5#25096>				<https://panlex.org/snapshot/panlex-20191001-csv/5#25047>		"مهجاری"@ckb	
"węgierski"@pl	<https://panlex.org/snapshot/panlex-20191001-csv/5#25096>				<https://panlex.org/snapshot/panlex-20191001-csv/5#25048>		"ههنگاری"@ckb	
"węgierski"@pl	<https://panlex.org/snapshot/panlex-20191001-csv/5#25096>				<https://panlex.org/snapshot/panlex-20191001-csv/5#25045>		"hengarî"@ckb	
"węgierski"@pl	<https://panlex.org/snapshot/panlex-20191001-csv/5#25096>				<https://panlex.org/snapshot/panlex-20191001-csv/5#25046>		"mecarî"@ckb	
"słowacki"@pl	<https://panlex.org/snapshot/panlex-20191001-csv/5#25302>				<https://panlex.org/snapshot/panlex-20191001-csv/5#25251>		"سلۆڤاکی"@ckb	
"słowacki"@pl	<https://panlex.org/snapshot/panlex-20191001-csv/5#25302>				<https://panlex.org/snapshot/panlex-20191001-csv/5#25250>		"slovakî"@ckb	
"portugalski"@pl	<https://panlex.org/snapshot/panlex-20191001-csv/5#23053>				<https://panlex.org/snapshot/panlex-20191001-csv/5#23001>		"purtugaḻî"@ckb	
"portugalski"@pl	<https://panlex.org/snapshot/panlex-20191001-csv/5#23053>				<https://panlex.org/snapshot/panlex-20191001-csv/5#23002>		"پورتوگاڵی"@ckb	
"woda"@pl	<https://panlex.org/snapshot/panlex-20191001-csv/11#787704>				<https://panlex.org/snapshot/panlex-20191001-csv/11#787525>		"ئاو"@ckb	
"woda"@pl	<https://panlex.org/snapshot/panlex-20191001-csv/11#787704>				<https://panlex.org/snapshot/panlex-20191001-csv/11#787524>		"aw"@ckb	
"węgiel"@pl	<https://panlex.org/snapshot/panlex-20191001-csv/2893#110989940>				<https://panlex.org/snapshot/panlex-20191001-csv/2893#110989897>		"کاربۆن"@ckb	
"węgiel"@pl	<https://panlex.org/snapshot/panlex-20191001-csv/2893#110989940>				<https://panlex.org/snapshot/panlex-20191001-csv/2893#110989966>		"karbon"@ckb	
"brom"@pl	<https://panlex.org/snapshot/panlex-20191001-csv/2893#110993838>				<https://panlex.org/snapshot/panlex-20191001-csv/2893#110993817>		"brom"@ckb	
"brom"@pl	<https://panlex.org/snapshot/panlex-20191001-csv/2893#110993838>				<https://panlex.org/snapshot/panlex-20191001-csv/2893#110993801>		"برۆم"@ckb	
"neon"@pl	<https://panlex.org/snapshot/panlex-20191001-csv/2893#110990766>				<https://panlex.org/snapshot/panlex-20191001-csv/2893#110990795>		"niyon"@ckb	
"neon"@pl	<https://panlex.org/snapshot/panlex-20191001-csv/2893#110990766>				<https://panlex.org/snapshot/panlex-20191001-csv/2893#110990810>		"نیۆن"@ckb	
"kobalt"@pl	<https://panlex.org/snapshot/panlex-20191001-csv/2893#110992966>				<https://panlex.org/snapshot/panlex-20191001-csv/2893#110992916>		"کۆبالت"@ckb	
"kobalt"@pl	<https://panlex.org/snapshot/panlex-20191001-csv/2893#110992966>				<https://panlex.org/snapshot/panlex-20191001-csv/2893#110992952>		"kobalt"@ckb	
"ołów"@pl	<https://panlex.org/snapshot/panlex-20191001-csv/2893#110995632>				<https://panlex.org/snapshot/panlex-20191001-csv/2893#110995607>		"zirêç"@ckb	
"ołów"@pl	<https://panlex.org/snapshot/panlex-20191001-csv/2893#110995632>				<https://panlex.org/snapshot/panlex-20191001-csv/2893#110995566>		"زرێچ"@ckb	
"potas"@pl	<https://panlex.org/snapshot/panlex-20191001-csv/2893#110992241>				<https://panlex.org/snapshot/panlex-20191001-csv/2893#110992283>		"potasyom"@ckb	
"potas"@pl	<https://panlex.org/snapshot/panlex-20191001-csv/2893#110992241>				<https://panlex.org/snapshot/panlex-20191001-csv/2893#110992325>		"پۆتاسیۆم"@ckb	
"uran"@pl	<https://panlex.org/snapshot/panlex-20191001-csv/2893#110995872>				<https://panlex.org/snapshot/panlex-20191001-csv/2893#110995857>		"yuranyom"@ckb	
"uran"@pl	<https://panlex.org/snapshot/panlex-20191001-csv/2893#110995872>				<https://panlex.org/snapshot/panlex-20191001-csv/2893#110995836>		"یورانیۆم"@ckb	
"arsen"@pl	<https://panlex.org/snapshot/panlex-20191001-csv/2893#110993625>				<https://panlex.org/snapshot/panlex-20191001-csv/2893#110993605>		"zirnîx"@ckb	
"arsen"@pl	<https://panlex.org/snapshot/panlex-20191001-csv/2893#110993625>				<https://panlex.org/snapshot/panlex-20191001-csv/2893#110993778>		"زرنیخ"@ckb	
"krzem"@pl	<https://panlex.org/snapshot/panlex-20191001-csv/2893#110991622>				<https://panlex.org/snapshot/panlex-20191001-csv/2893#110991482>		"sîlîkon"@ckb	
"krzem"@pl	<https://panlex.org/snapshot/panlex-20191001-csv/2893#110991622>				<https://panlex.org/snapshot/panlex-20191001-csv/2893#110991589>		"سیلیکۆن"@ckb	
"żelazo"@pl	<https://panlex.org/snapshot/panlex-20191001-csv/2893#110992645>				<https://panlex.org/snapshot/panlex-20191001-csv/2893#110992656>		"ئاسن"@ckb	
"żelazo"@pl	<https://panlex.org/snapshot/panlex-20191001-csv/2893#110992645>				<https://panlex.org/snapshot/panlex-20191001-csv/2893#110992791>		"asin"@ckb	
"srebro"@pl	<https://panlex.org/snapshot/panlex-20191001-csv/2893#110994034>				<https://panlex.org/snapshot/panlex-20191001-csv/2893#110994121>		"zêw"@ckb	
"srebro"@pl	<https://panlex.org/snapshot/panlex-20191001-csv/2893#110994034>				<https://panlex.org/snapshot/panlex-20191001-csv/2893#110994008>		"زێو"@ckb	
"tlen"@pl	<https://panlex.org/snapshot/panlex-20191001-csv/2893#110990293>				<https://panlex.org/snapshot/panlex-20191001-csv/2893#110990287>		"oksicîn"@ckb	
"tlen"@pl	<https://panlex.org/snapshot/panlex-20191001-csv/2893#110990293>				<https://panlex.org/snapshot/panlex-20191001-csv/2893#110990353>		"ئۆکسجین"@ckb	
"glin"@pl	<https://panlex.org/snapshot/panlex-20191001-csv/2893#110991294>				<https://panlex.org/snapshot/panlex-20191001-csv/2893#110991302>		"fafon"@ckb	
"glin"@pl	<https://panlex.org/snapshot/panlex-20191001-csv/2893#110991294>				<https://panlex.org/snapshot/panlex-20191001-csv/2893#110991300>		"فافۆن"@ckb	
"wodór"@pl	<https://panlex.org/snapshot/panlex-20191001-csv/2893#110989292>				<https://panlex.org/snapshot/panlex-20191001-csv/2893#110989385>		"haydrocîn"@ckb	
"wodór"@pl	<https://panlex.org/snapshot/panlex-20191001-csv/2893#110989292>				<https://panlex.org/snapshot/panlex-20191001-csv/2893#110989280>		"هایدرۆجین"@ckb	
"jod"@pl	<https://panlex.org/snapshot/panlex-20191001-csv/2893#110994642>				<https://panlex.org/snapshot/panlex-20191001-csv/2893#110994715>		"yod"@ckb	
"jod"@pl	<https://panlex.org/snapshot/panlex-20191001-csv/2893#110994642>				<https://panlex.org/snapshot/panlex-20191001-csv/2893#110994752>		"یۆد"@ckb	
"wapń"@pl	<https://panlex.org/snapshot/panlex-20191001-csv/2893#110992574>				<https://panlex.org/snapshot/panlex-20191001-csv/2893#110992518>		"کالسیۆم"@ckb	
"wapń"@pl	<https://panlex.org/snapshot/panlex-20191001-csv/2893#110992574>				<https://panlex.org/snapshot/panlex-20191001-csv/2893#110992519>		"kalsiyom"@ckb	
"sód"@pl	<https://panlex.org/snapshot/panlex-20191001-csv/2893#110990964>				<https://panlex.org/snapshot/panlex-20191001-csv/2893#110990900>		"sodyom"@ckb	
"sód"@pl	<https://panlex.org/snapshot/panlex-20191001-csv/2893#110990964>				<https://panlex.org/snapshot/panlex-20191001-csv/2893#110991041>		"سۆدیۆم"@ckb	
"fosfor"@pl	<https://panlex.org/snapshot/panlex-20191001-csv/2893#110991726>				<https://panlex.org/snapshot/panlex-20191001-csv/2893#110991686>		"فۆسفۆر"@ckb	
"fosfor"@pl	<https://panlex.org/snapshot/panlex-20191001-csv/2893#110991726>				<https://panlex.org/snapshot/panlex-20191001-csv/2893#110991796>		"fosfor"@ckb	
"siarka"@pl	<https://panlex.org/snapshot/panlex-20191001-csv/2893#110992001>				<https://panlex.org/snapshot/panlex-20191001-csv/2893#110991844>		"کبریت"@ckb	
"siarka"@pl	<https://panlex.org/snapshot/panlex-20191001-csv/2893#110992001>				<https://panlex.org/snapshot/panlex-20191001-csv/2893#110991936>		"kibrît"@ckb	
"chlor"@pl	<https://panlex.org/snapshot/panlex-20191001-csv/2893#110992163>				<https://panlex.org/snapshot/panlex-20191001-csv/2893#110992043>		"کلۆر"@ckb	
"chlor"@pl	<https://panlex.org/snapshot/panlex-20191001-csv/2893#110992163>				<https://panlex.org/snapshot/panlex-20191001-csv/2893#110992146>		"klor"@ckb	
"cyna"@pl	<https://panlex.org/snapshot/panlex-20191001-csv/2893#110994289>				<https://panlex.org/snapshot/panlex-20191001-csv/2893#110994208>		"tîn"@ckb	
"cyna"@pl	<https://panlex.org/snapshot/panlex-20191001-csv/2893#110994289>				<https://panlex.org/snapshot/panlex-20191001-csv/2893#110994303>		"تین"@ckb	
"azot"@pl	<https://panlex.org/snapshot/panlex-20191001-csv/2893#110990217>				<https://panlex.org/snapshot/panlex-20191001-csv/2893#110990188>		"نایترۆجین"@ckb	
"azot"@pl	<https://panlex.org/snapshot/panlex-20191001-csv/2893#110990217>				<https://panlex.org/snapshot/panlex-20191001-csv/2893#110990162>		"naytrocîn"@ckb	
"magnez"@pl	<https://panlex.org/snapshot/panlex-20191001-csv/2893#110991148>				<https://panlex.org/snapshot/panlex-20191001-csv/2893#110991128>		"ماگنیسیۆم"@ckb	
"magnez"@pl	<https://panlex.org/snapshot/panlex-20191001-csv/2893#110991148>				<https://panlex.org/snapshot/panlex-20191001-csv/2893#110991150>		"magnîsyom"@ckb	
"hel"@pl	<https://panlex.org/snapshot/panlex-20191001-csv/2893#110989493>				<https://panlex.org/snapshot/panlex-20191001-csv/2893#110989500>		"hîlyom"@ckb	
"hel"@pl	<https://panlex.org/snapshot/panlex-20191001-csv/2893#110989493>				<https://panlex.org/snapshot/panlex-20191001-csv/2893#110989667>		"هیلیۆم"@ckb	
"fluor"@pl	<https://panlex.org/snapshot/panlex-20191001-csv/2893#110990586>				<https://panlex.org/snapshot/panlex-20191001-csv/2893#110990519>		"flor"@ckb	
"fluor"@pl	<https://panlex.org/snapshot/panlex-20191001-csv/2893#110990586>				<https://panlex.org/snapshot/panlex-20191001-csv/2893#110990643>		"فلۆر"@ckb	
"miedź"@pl	<https://panlex.org/snapshot/panlex-20191001-csv/2893#110993242>				<https://panlex.org/snapshot/panlex-20191001-csv/2893#110993370>		"نحاس"@ckb	
"miedź"@pl	<https://panlex.org/snapshot/panlex-20191001-csv/2893#110993242>				<https://panlex.org/snapshot/panlex-20191001-csv/2893#110993363>		"niḧas"@ckb	
"cynk"@pl	<https://panlex.org/snapshot/panlex-20191001-csv/2893#110993465>				<https://panlex.org/snapshot/panlex-20191001-csv/2893#110993411>		"زینک"@ckb	
"cynk"@pl	<https://panlex.org/snapshot/panlex-20191001-csv/2893#110993465>				<https://panlex.org/snapshot/panlex-20191001-csv/2893#110993568>		"zînk"@ckb	
"układ okresowy"@pl	<https://panlex.org/snapshot/panlex-20191001-csv/2893#110989138>				<https://panlex.org/snapshot/panlex-20191001-csv/2893#110989264>		"خشتەی خولگەیی"@ckb	
"układ okresowy"@pl	<https://panlex.org/snapshot/panlex-20191001-csv/2893#110989138>				<https://panlex.org/snapshot/panlex-20191001-csv/2893#110989151>		"xiştey xulgeyî"@ckb	
"wolfram"@pl	<https://panlex.org/snapshot/panlex-20191001-csv/2893#110994785>				<https://panlex.org/snapshot/panlex-20191001-csv/2893#110994888>		"تەنگستن"@ckb	
"wolfram"@pl	<https://panlex.org/snapshot/panlex-20191001-csv/2893#110994785>				<https://panlex.org/snapshot/panlex-20191001-csv/2893#110994928>		"tengistin"@ckb	
"nikiel"@pl	<https://panlex.org/snapshot/panlex-20191001-csv/2893#110993088>				<https://panlex.org/snapshot/panlex-20191001-csv/2893#110993068>		"نیکڵ"@ckb	
"nikiel"@pl	<https://panlex.org/snapshot/panlex-20191001-csv/2893#110993088>				<https://panlex.org/snapshot/panlex-20191001-csv/2893#110993083>		"nîkiḻ"@ckb	
"bor"@pl	<https://panlex.org/snapshot/panlex-20191001-csv/2893#110989691>				<https://panlex.org/snapshot/panlex-20191001-csv/2893#110989715>		"بۆرۆن"@ckb	
"bor"@pl	<https://panlex.org/snapshot/panlex-20191001-csv/2893#110989691>				<https://panlex.org/snapshot/panlex-20191001-csv/2893#110989774>		"boron"@ckb	
"rtęć"@pl	<https://panlex.org/snapshot/panlex-20191001-csv/2893#110995382>				<https://panlex.org/snapshot/panlex-20191001-csv/2893#110995480>		"زیوە"@ckb	
"rtęć"@pl	<https://panlex.org/snapshot/panlex-20191001-csv/2893#110995382>				<https://panlex.org/snapshot/panlex-20191001-csv/2893#110995422>		"zîwe"@ckb	
"złoto"@pl	<https://panlex.org/snapshot/panlex-20191001-csv/2893#110995277>				<https://panlex.org/snapshot/panlex-20191001-csv/2893#110995255>		"ئاڵتون"@ckb	
"złoto"@pl	<https://panlex.org/snapshot/panlex-20191001-csv/2893#110995277>				<https://panlex.org/snapshot/panlex-20191001-csv/2893#110995170>		"aḻtun"@ckb	
"platyna"@pl	<https://panlex.org/snapshot/panlex-20191001-csv/2893#110994974>				<https://panlex.org/snapshot/panlex-20191001-csv/2893#110995113>		"پلاتین"@ckb	
"platyna"@pl	<https://panlex.org/snapshot/panlex-20191001-csv/2893#110994974>				<https://panlex.org/snapshot/panlex-20191001-csv/2893#110995023>		"platîn"@ckb	
"Unia Afrykańska"@pl	<https://panlex.org/snapshot/panlex-20191001-csv/2894#111099583>				<https://panlex.org/snapshot/panlex-20191001-csv/2894#111099490>		"Yekêtî Efrîqa"@ckb	
"Unia Afrykańska"@pl	<https://panlex.org/snapshot/panlex-20191001-csv/2894#111099583>				<https://panlex.org/snapshot/panlex-20191001-csv/2894#111099633>		"یەکێتی ئەفریقا"@ckb	
"Organizacja Traktatu Północnoatlantyckiego"@pl	<https://panlex.org/snapshot/panlex-20191001-csv/2894#111101003>				<https://panlex.org/snapshot/panlex-20191001-csv/2894#111101149>		"ڕێکخراوی پەیمانی ئەتلانتیکی باکوور"@ckb	
"Organizacja Traktatu Północnoatlantyckiego"@pl	<https://panlex.org/snapshot/panlex-20191001-csv/2894#111101003>				<https://panlex.org/snapshot/panlex-20191001-csv/2894#111100974>		"Nato"@ckb	
"Organizacja Traktatu Północnoatlantyckiego"@pl	<https://panlex.org/snapshot/panlex-20191001-csv/2894#111101003>				<https://panlex.org/snapshot/panlex-20191001-csv/2894#111101068>		"ناتۆ"@ckb	
"Organizacja Traktatu Północnoatlantyckiego"@pl	<https://panlex.org/snapshot/panlex-20191001-csv/2894#111101003>				<https://panlex.org/snapshot/panlex-20191001-csv/2894#111101060>		"Ṟêkxirawî Peymanî Etlantîkî Bakûr"@ckb	
"UA"@pl	<https://panlex.org/snapshot/panlex-20191001-csv/2894#111099602>				<https://panlex.org/snapshot/panlex-20191001-csv/2894#111099490>		"Yekêtî Efrîqa"@ckb	
"UA"@pl	<https://panlex.org/snapshot/panlex-20191001-csv/2894#111099602>				<https://panlex.org/snapshot/panlex-20191001-csv/2894#111099633>		"یەکێتی ئەفریقا"@ckb	
"UE"@pl	<https://panlex.org/snapshot/panlex-20191001-csv/2894#111100256>				<https://panlex.org/snapshot/panlex-20191001-csv/2894#111100139>		"Yekêtî Ewrupa"@ckb	
"UE"@pl	<https://panlex.org/snapshot/panlex-20191001-csv/2894#111100256>				<https://panlex.org/snapshot/panlex-20191001-csv/2894#111100242>		"یەکێتی ئەوروپا"@ckb	
"Organizacja Narodów Zjednoczonych"@pl	<https://panlex.org/snapshot/panlex-20191001-csv/2894#111102090>				<https://panlex.org/snapshot/panlex-20191001-csv/2894#111102033>		"Ṟêkxirawî Netewe Yekgirtuwekan"@ckb	
"Organizacja Narodów Zjednoczonych"@pl	<https://panlex.org/snapshot/panlex-20191001-csv/2894#111102090>				<https://panlex.org/snapshot/panlex-20191001-csv/2894#111102034>		"ڕێکخراوی نەتەوە یەکگرتووەکان"@ckb	
"ONZ"@pl	<https://panlex.org/snapshot/panlex-20191001-csv/2894#111101839>				<https://panlex.org/snapshot/panlex-20191001-csv/2894#111102033>		"Ṟêkxirawî Netewe Yekgirtuwekan"@ckb	
"ONZ"@pl	<https://panlex.org/snapshot/panlex-20191001-csv/2894#111101839>				<https://panlex.org/snapshot/panlex-20191001-csv/2894#111102034>		"ڕێکخراوی نەتەوە یەکگرتووەکان"@ckb	
"Unia Europejska"@pl	<https://panlex.org/snapshot/panlex-20191001-csv/2894#111100293>				<https://panlex.org/snapshot/panlex-20191001-csv/2894#111100139>		"Yekêtî Ewrupa"@ckb	
"Unia Europejska"@pl	<https://panlex.org/snapshot/panlex-20191001-csv/2894#111100293>				<https://panlex.org/snapshot/panlex-20191001-csv/2894#111100242>		"یەکێتی ئەوروپا"@ckb	
"czwartek"@pl	<https://panlex.org/snapshot/panlex-20191001-csv/2892#110825597>				<https://panlex.org/snapshot/panlex-20191001-csv/2892#110825609>		"pêncşemme"@ckb	
"czwartek"@pl	<https://panlex.org/snapshot/panlex-20191001-csv/2892#110825597>				<https://panlex.org/snapshot/panlex-20191001-csv/2892#110825602>		"پێنجشەممە"@ckb	
"sobota"@pl	<https://panlex.org/snapshot/panlex-20191001-csv/2892#110826154>				<https://panlex.org/snapshot/panlex-20191001-csv/2892#110826546>		"şemme"@ckb	
"sobota"@pl	<https://panlex.org/snapshot/panlex-20191001-csv/2892#110826154>				<https://panlex.org/snapshot/panlex-20191001-csv/2892#110826403>		"شەممە"@ckb	
"poniedziałek"@pl	<https://panlex.org/snapshot/panlex-20191001-csv/2892#110824023>				<https://panlex.org/snapshot/panlex-20191001-csv/2892#110824175>		"dûşemme"@ckb	
"poniedziałek"@pl	<https://panlex.org/snapshot/panlex-20191001-csv/2892#110824023>				<https://panlex.org/snapshot/panlex-20191001-csv/2892#110824004>		"دووشەممە"@ckb	
"środa"@pl	<https://panlex.org/snapshot/panlex-20191001-csv/2892#110825197>				<https://panlex.org/snapshot/panlex-20191001-csv/2892#110825097>		"çwarşemme"@ckb	
"środa"@pl	<https://panlex.org/snapshot/panlex-20191001-csv/2892#110825197>				<https://panlex.org/snapshot/panlex-20191001-csv/2892#110825241>		"چوارشەممە"@ckb	
"niedziela"@pl	<https://panlex.org/snapshot/panlex-20191001-csv/2892#110826953>				<https://panlex.org/snapshot/panlex-20191001-csv/2892#110826864>		"yekşemme"@ckb	
"niedziela"@pl	<https://panlex.org/snapshot/panlex-20191001-csv/2892#110826953>				<https://panlex.org/snapshot/panlex-20191001-csv/2892#110826635>		"یەکشەممە"@ckb	
"wtorek"@pl	<https://panlex.org/snapshot/panlex-20191001-csv/2892#110824532>				<https://panlex.org/snapshot/panlex-20191001-csv/2892#110824805>		"سێشەممە"@ckb	
"wtorek"@pl	<https://panlex.org/snapshot/panlex-20191001-csv/2892#110824532>				<https://panlex.org/snapshot/panlex-20191001-csv/2892#110824698>		"sêşemme"@ckb	
"piątek"@pl	<https://panlex.org/snapshot/panlex-20191001-csv/2892#110825967>				<https://panlex.org/snapshot/panlex-20191001-csv/2892#110825922>		"جومعە"@ckb	
"piątek"@pl	<https://panlex.org/snapshot/panlex-20191001-csv/2892#110825967>				<https://panlex.org/snapshot/panlex-20191001-csv/2892#110825817>		"cum’e"@ckb	
"Szaban"@pl	<https://panlex.org/snapshot/panlex-20191001-csv/2898#110832732>				<https://panlex.org/snapshot/panlex-20191001-csv/2898#110832740>		"şe’ban"@ckb	
"Szaban"@pl	<https://panlex.org/snapshot/panlex-20191001-csv/2898#110832732>				<https://panlex.org/snapshot/panlex-20191001-csv/2898#110832729>		"شەعبان"@ckb	
"Rabi al-achira"@pl	<https://panlex.org/snapshot/panlex-20191001-csv/2898#110832276>				<https://panlex.org/snapshot/panlex-20191001-csv/2898#110832295>		"ṟebî’ulaxer"@ckb	
"Rabi al-achira"@pl	<https://panlex.org/snapshot/panlex-20191001-csv/2898#110832276>				<https://panlex.org/snapshot/panlex-20191001-csv/2898#110832275>		"ڕەبیعولئاخەر"@ckb	
"Safar"@pl	<https://panlex.org/snapshot/panlex-20191001-csv/2898#110832137>				<https://panlex.org/snapshot/panlex-20191001-csv/2898#110832141>		"سەفەر"@ckb	
"Safar"@pl	<https://panlex.org/snapshot/panlex-20191001-csv/2898#110832137>				<https://panlex.org/snapshot/panlex-20191001-csv/2898#110832123>		"sefer"@ckb	
"Muharram"@pl	<https://panlex.org/snapshot/panlex-20191001-csv/2898#110832042>				<https://panlex.org/snapshot/panlex-20191001-csv/2898#110832029>		"موحەڕەم"@ckb	
"Muharram"@pl	<https://panlex.org/snapshot/panlex-20191001-csv/2898#110832042>				<https://panlex.org/snapshot/panlex-20191001-csv/2898#110832041>		"muḧeṟem"@ckb	
"Dżumada al-ula"@pl	<https://panlex.org/snapshot/panlex-20191001-csv/2898#110832441>				<https://panlex.org/snapshot/panlex-20191001-csv/2898#110832435>		"cemazîyelewel"@ckb	
"Dżumada al-ula"@pl	<https://panlex.org/snapshot/panlex-20191001-csv/2898#110832441>				<https://panlex.org/snapshot/panlex-20191001-csv/2898#110832433>		"جەمازییەلئەوەل"@ckb	
"Zu al-hidżdża"@pl	<https://panlex.org/snapshot/panlex-20191001-csv/2898#110833102>				<https://panlex.org/snapshot/panlex-20191001-csv/2898#110833087>		"zîlḧece"@ckb	
"Zu al-hidżdża"@pl	<https://panlex.org/snapshot/panlex-20191001-csv/2898#110833102>				<https://panlex.org/snapshot/panlex-20191001-csv/2898#110833164>		"زیلحەجە"@ckb	
"Zu al-kada"@pl	<https://panlex.org/snapshot/panlex-20191001-csv/2898#110832983>				<https://panlex.org/snapshot/panlex-20191001-csv/2898#110833036>		"زیلقەعدە"@ckb	
"Zu al-kada"@pl	<https://panlex.org/snapshot/panlex-20191001-csv/2898#110832983>				<https://panlex.org/snapshot/panlex-20191001-csv/2898#110833022>		"zîlqe’de"@ckb	
"Rabi al-awwal"@pl	<https://panlex.org/snapshot/panlex-20191001-csv/2898#110832193>				<https://panlex.org/snapshot/panlex-20191001-csv/2898#110832224>		"ڕەبیعولئەوەل"@ckb	
"Rabi al-awwal"@pl	<https://panlex.org/snapshot/panlex-20191001-csv/2898#110832193>				<https://panlex.org/snapshot/panlex-20191001-csv/2898#110832226>		"ṟebî’ulewel"@ckb	
"Radżab"@pl	<https://panlex.org/snapshot/panlex-20191001-csv/2898#110832607>				<https://panlex.org/snapshot/panlex-20191001-csv/2898#110832632>		"ṟeceb"@ckb	
"Radżab"@pl	<https://panlex.org/snapshot/panlex-20191001-csv/2898#110832607>				<https://panlex.org/snapshot/panlex-20191001-csv/2898#110832620>		"ڕەجەب"@ckb	
"Dżumada al-achira"@pl	<https://panlex.org/snapshot/panlex-20191001-csv/2898#110832503>				<https://panlex.org/snapshot/panlex-20191001-csv/2898#110832554>		"cemazîyelaxer"@ckb	
"Dżumada al-achira"@pl	<https://panlex.org/snapshot/panlex-20191001-csv/2898#110832503>				<https://panlex.org/snapshot/panlex-20191001-csv/2898#110832495>		"جەمازییەلئاخەر"@ckb	
"Ramadan"@pl	<https://panlex.org/snapshot/panlex-20191001-csv/2898#110832841>				<https://panlex.org/snapshot/panlex-20191001-csv/2898#110832819>		"ṟemezan"@ckb	
"Ramadan"@pl	<https://panlex.org/snapshot/panlex-20191001-csv/2898#110832841>				<https://panlex.org/snapshot/panlex-20191001-csv/2898#110832859>		"ڕەمەزان"@ckb	
"Szawwal"@pl	<https://panlex.org/snapshot/panlex-20191001-csv/2898#110832920>				<https://panlex.org/snapshot/panlex-20191001-csv/2898#110832936>		"شەوال"@ckb	
"Szawwal"@pl	<https://panlex.org/snapshot/panlex-20191001-csv/2898#110832920>				<https://panlex.org/snapshot/panlex-20191001-csv/2898#110832930>		"şewal"@ckb	
"luty"@pl	<https://panlex.org/snapshot/panlex-20191001-csv/2897#110827810>				<https://panlex.org/snapshot/panlex-20191001-csv/2897#110827648>		"شوبات"@ckb	
"luty"@pl	<https://panlex.org/snapshot/panlex-20191001-csv/2897#110827810>				<https://panlex.org/snapshot/panlex-20191001-csv/2897#110827788>		"şubat"@ckb	
"czerwiec"@pl	<https://panlex.org/snapshot/panlex-20191001-csv/2897#110829219>				<https://panlex.org/snapshot/panlex-20191001-csv/2897#110829228>		"ḧuzeyran"@ckb	
"czerwiec"@pl	<https://panlex.org/snapshot/panlex-20191001-csv/2897#110829219>				<https://panlex.org/snapshot/panlex-20191001-csv/2897#110829375>		"ḧezîran"@ckb	
"czerwiec"@pl	<https://panlex.org/snapshot/panlex-20191001-csv/2897#110829219>				<https://panlex.org/snapshot/panlex-20191001-csv/2897#110829449>		"حەزیران"@ckb	
"czerwiec"@pl	<https://panlex.org/snapshot/panlex-20191001-csv/2897#110829219>				<https://panlex.org/snapshot/panlex-20191001-csv/2897#110829465>		"حوزەیران"@ckb	
"maj"@pl	<https://panlex.org/snapshot/panlex-20191001-csv/2897#110828735>				<https://panlex.org/snapshot/panlex-20191001-csv/2897#110828928>		"ئایار"@ckb	
"maj"@pl	<https://panlex.org/snapshot/panlex-20191001-csv/2897#110828735>				<https://panlex.org/snapshot/panlex-20191001-csv/2897#110828727>		"ayar"@ckb	
"sierpień"@pl	<https://panlex.org/snapshot/panlex-20191001-csv/2897#110830189>				<https://panlex.org/snapshot/panlex-20191001-csv/2897#110830006>		"ab"@ckb	
"sierpień"@pl	<https://panlex.org/snapshot/panlex-20191001-csv/2897#110830189>				<https://panlex.org/snapshot/panlex-20191001-csv/2897#110829964>		"ئاب"@ckb	
"wrzesień"@pl	<https://panlex.org/snapshot/panlex-20191001-csv/2897#110830565>				<https://panlex.org/snapshot/panlex-20191001-csv/2897#110830677>		"ئەیلوول"@ckb	
"wrzesień"@pl	<https://panlex.org/snapshot/panlex-20191001-csv/2897#110830565>				<https://panlex.org/snapshot/panlex-20191001-csv/2897#110830655>		"eylûl"@ckb	
"kwiecień"@pl	<https://panlex.org/snapshot/panlex-20191001-csv/2897#110828649>				<https://panlex.org/snapshot/panlex-20191001-csv/2897#110828353>		"nîsan"@ckb	
"kwiecień"@pl	<https://panlex.org/snapshot/panlex-20191001-csv/2897#110828649>				<https://panlex.org/snapshot/panlex-20191001-csv/2897#110828525>		"نیسان"@ckb	
"październik"@pl	<https://panlex.org/snapshot/panlex-20191001-csv/2897#110831078>				<https://panlex.org/snapshot/panlex-20191001-csv/2897#110830956>		"تشرینی یەکەم"@ckb	
"październik"@pl	<https://panlex.org/snapshot/panlex-20191001-csv/2897#110831078>				<https://panlex.org/snapshot/panlex-20191001-csv/2897#110830804>		"tişrînî yekem"@ckb	
"lipiec"@pl	<https://panlex.org/snapshot/panlex-20191001-csv/2897#110829736>				<https://panlex.org/snapshot/panlex-20191001-csv/2897#110829529>		"temûz"@ckb	
"lipiec"@pl	<https://panlex.org/snapshot/panlex-20191001-csv/2897#110829736>				<https://panlex.org/snapshot/panlex-20191001-csv/2897#110829723>		"تەمووز"@ckb	
"styczeń"@pl	<https://panlex.org/snapshot/panlex-20191001-csv/2897#110827175>				<https://panlex.org/snapshot/panlex-20191001-csv/2897#110827374>		"کانوونی دووهەم"@ckb	
"styczeń"@pl	<https://panlex.org/snapshot/panlex-20191001-csv/2897#110827175>				<https://panlex.org/snapshot/panlex-20191001-csv/2897#110827138>		"kanûnî dûhem"@ckb	
"grudzień"@pl	<https://panlex.org/snapshot/panlex-20191001-csv/2897#110831950>				<https://panlex.org/snapshot/panlex-20191001-csv/2897#110831560>		"kanûnî yekem"@ckb	
"grudzień"@pl	<https://panlex.org/snapshot/panlex-20191001-csv/2897#110831950>				<https://panlex.org/snapshot/panlex-20191001-csv/2897#110831791>		"کانوونی یەکەم"@ckb	
"marzec"@pl	<https://panlex.org/snapshot/panlex-20191001-csv/2897#110827940>				<https://panlex.org/snapshot/panlex-20191001-csv/2897#110828175>		"adar"@ckb	
"marzec"@pl	<https://panlex.org/snapshot/panlex-20191001-csv/2897#110827940>				<https://panlex.org/snapshot/panlex-20191001-csv/2897#110828161>		"ئادار"@ckb	
"listopad"@pl	<https://panlex.org/snapshot/panlex-20191001-csv/2897#110831173>				<https://panlex.org/snapshot/panlex-20191001-csv/2897#110831400>		"تشرینی دووهەم"@ckb	
"listopad"@pl	<https://panlex.org/snapshot/panlex-20191001-csv/2897#110831173>				<https://panlex.org/snapshot/panlex-20191001-csv/2897#110831488>		"tişrînî dûhem"@ckb	
"Oceania"@pl	<https://panlex.org/snapshot/panlex-20191001-csv/2891#110854501>				<https://panlex.org/snapshot/panlex-20191001-csv/2891#110854412>		"Oqyanusya"@ckb	
"Oceania"@pl	<https://panlex.org/snapshot/panlex-20191001-csv/2891#110854501>				<https://panlex.org/snapshot/panlex-20191001-csv/2891#110854538>		"ئۆقیانوسیا"@ckb	
"Azja"@pl	<https://panlex.org/snapshot/panlex-20191001-csv/2891#110853800>				<https://panlex.org/snapshot/panlex-20191001-csv/2891#110853870>		"Asya"@ckb	
"Azja"@pl	<https://panlex.org/snapshot/panlex-20191001-csv/2891#110853800>				<https://panlex.org/snapshot/panlex-20191001-csv/2891#110853882>		"ئاسیا"@ckb	
"Afryka"@pl	<https://panlex.org/snapshot/panlex-20191001-csv/2891#110853144>				<https://panlex.org/snapshot/panlex-20191001-csv/2891#110853043>		"Efrîqa"@ckb	
"Afryka"@pl	<https://panlex.org/snapshot/panlex-20191001-csv/2891#110853144>				<https://panlex.org/snapshot/panlex-20191001-csv/2891#110853092>		"ئەفریقا"@ckb	
"Antarktyda"@pl	<https://panlex.org/snapshot/panlex-20191001-csv/2891#110853658>				<https://panlex.org/snapshot/panlex-20191001-csv/2891#110853630>		"ئانتارکتیکا"@ckb	
"Antarktyda"@pl	<https://panlex.org/snapshot/panlex-20191001-csv/2891#110853658>				<https://panlex.org/snapshot/panlex-20191001-csv/2891#110853723>		"Antarktîka"@ckb	
"Ameryka"@pl	<https://panlex.org/snapshot/panlex-20191001-csv/2891#110853287>				<https://panlex.org/snapshot/panlex-20191001-csv/2891#110853469>		"ئامریکا"@ckb	
"Ameryka"@pl	<https://panlex.org/snapshot/panlex-20191001-csv/2891#110853287>				<https://panlex.org/snapshot/panlex-20191001-csv/2891#110853464>		"ئەمەریکا"@ckb	
"Ameryka"@pl	<https://panlex.org/snapshot/panlex-20191001-csv/2891#110853287>				<https://panlex.org/snapshot/panlex-20191001-csv/2891#110853381>		"Amrîka"@ckb	
"Ameryka"@pl	<https://panlex.org/snapshot/panlex-20191001-csv/2891#110853287>				<https://panlex.org/snapshot/panlex-20191001-csv/2891#110853455>		"Emerîka"@ckb	
"Europa"@pl	<https://panlex.org/snapshot/panlex-20191001-csv/2891#110854078>				<https://panlex.org/snapshot/panlex-20191001-csv/2891#110854047>		"Ewrupa"@ckb	
"Europa"@pl	<https://panlex.org/snapshot/panlex-20191001-csv/2891#110854078>				<https://panlex.org/snapshot/panlex-20191001-csv/2891#110854222>		"Ewrûpa"@ckb	
"Europa"@pl	<https://panlex.org/snapshot/panlex-20191001-csv/2891#110854078>				<https://panlex.org/snapshot/panlex-20191001-csv/2891#110854257>		"ئەورۆپا"@ckb	
"Europa"@pl	<https://panlex.org/snapshot/panlex-20191001-csv/2891#110854078>				<https://panlex.org/snapshot/panlex-20191001-csv/2891#110854319>		"Ewropa"@ckb	
"Europa"@pl	<https://panlex.org/snapshot/panlex-20191001-csv/2891#110854078>				<https://panlex.org/snapshot/panlex-20191001-csv/2891#110854195>		"ئەورووپا"@ckb	
"Europa"@pl	<https://panlex.org/snapshot/panlex-20191001-csv/2891#110854078>				<https://panlex.org/snapshot/panlex-20191001-csv/2891#110854211>		"ئەوروپا"@ckb	
"Kaukaz"@pl	<https://panlex.org/snapshot/panlex-20191001-csv/2896#110866312>				<https://panlex.org/snapshot/panlex-20191001-csv/2896#110866273>		"قەوقاز"@ckb	
"Kaukaz"@pl	<https://panlex.org/snapshot/panlex-20191001-csv/2896#110866312>				<https://panlex.org/snapshot/panlex-20191001-csv/2896#110866317>		"Qewqaz"@ckb	
