"matka"@pl	<https://panlex.org/snapshot/panlex-20191001-csv/5947#84747285>				<https://panlex.org/snapshot/panlex-20191001-csv/5947#84747340>		"giju'"@mic	<https://panlex.org/Noun>
"Wyspa Księcia Edwarda"@pl	<https://panlex.org/snapshot/panlex-20191001-csv/5947#84617142>				<https://panlex.org/snapshot/panlex-20191001-csv/5947#84617146>		"Epekwitk"@mic	<https://panlex.org/ProperNoun>
"rzeka"@pl	<https://panlex.org/snapshot/panlex-20191001-csv/5939#80818633>				<https://panlex.org/snapshot/panlex-20191001-csv/5939#80818620>		"sipu"@mic	
"pokój"@pl	<https://panlex.org/snapshot/panlex-20191001-csv/2902#111012013>				<https://panlex.org/snapshot/panlex-20191001-csv/2902#111012109>		"wôntôkóde"@mic	
"warga"@pl	<https://panlex.org/snapshot/panlex-20191001-csv/8#290180>				<https://panlex.org/snapshot/panlex-20191001-csv/8#290176>		"nsi"@mic	
"człowiek"@pl	<https://panlex.org/snapshot/panlex-20191001-csv/8#110313>				<https://panlex.org/snapshot/panlex-20191001-csv/8#110302>		"jinem"@mic	
"czwartek"@pl	<https://panlex.org/snapshot/panlex-20191001-csv/2892#110825597>				<https://panlex.org/snapshot/panlex-20191001-csv/2892#110825480>		"Ne’wowei"@mic	
"sobota"@pl	<https://panlex.org/snapshot/panlex-20191001-csv/2892#110826154>				<https://panlex.org/snapshot/panlex-20191001-csv/2892#110826490>		"Gesp’teg"@mic	
"poniedziałek"@pl	<https://panlex.org/snapshot/panlex-20191001-csv/2892#110824023>				<https://panlex.org/snapshot/panlex-20191001-csv/2892#110824167>		"Amsgwes Elugutimg"@mic	
"środa"@pl	<https://panlex.org/snapshot/panlex-20191001-csv/2892#110825197>				<https://panlex.org/snapshot/panlex-20191001-csv/2892#110825087>		"Si’stewei"@mic	
"niedziela"@pl	<https://panlex.org/snapshot/panlex-20191001-csv/2892#110826953>				<https://panlex.org/snapshot/panlex-20191001-csv/2892#110826710>		"Aqantie’umg"@mic	
"wtorek"@pl	<https://panlex.org/snapshot/panlex-20191001-csv/2892#110824532>				<https://panlex.org/snapshot/panlex-20191001-csv/2892#110824786>		"Ta’puowei"@mic	
"piątek"@pl	<https://panlex.org/snapshot/panlex-20191001-csv/2892#110825967>				<https://panlex.org/snapshot/panlex-20191001-csv/2892#110825889>		"Weltamultimg"@mic	
"luty"@pl	<https://panlex.org/snapshot/panlex-20191001-csv/2897#110827810>				<https://panlex.org/snapshot/panlex-20191001-csv/2897#110827548>		"Apignajit"@mic	
"czerwiec"@pl	<https://panlex.org/snapshot/panlex-20191001-csv/2897#110829219>				<https://panlex.org/snapshot/panlex-20191001-csv/2897#110829254>		"Nipnigu’s"@mic	
"maj"@pl	<https://panlex.org/snapshot/panlex-20191001-csv/2897#110828735>				<https://panlex.org/snapshot/panlex-20191001-csv/2897#110829006>		"Sqoljuigu’s"@mic	
"sierpień"@pl	<https://panlex.org/snapshot/panlex-20191001-csv/2897#110830189>				<https://panlex.org/snapshot/panlex-20191001-csv/2897#110830091>		"Gisigwegewigu’s"@mic	
"wrzesień"@pl	<https://panlex.org/snapshot/panlex-20191001-csv/2897#110830565>				<https://panlex.org/snapshot/panlex-20191001-csv/2897#110830347>		"Wigumgewigu’s"@mic	
"kwiecień"@pl	<https://panlex.org/snapshot/panlex-20191001-csv/2897#110828649>				<https://panlex.org/snapshot/panlex-20191001-csv/2897#110828662>		"Penatmuigu’s"@mic	
"październik"@pl	<https://panlex.org/snapshot/panlex-20191001-csv/2897#110831078>				<https://panlex.org/snapshot/panlex-20191001-csv/2897#110831036>		"Wigewigu’s"@mic	
"lipiec"@pl	<https://panlex.org/snapshot/panlex-20191001-csv/2897#110829736>				<https://panlex.org/snapshot/panlex-20191001-csv/2897#110829702>		"Ps’guigu’s"@mic	
"styczeń"@pl	<https://panlex.org/snapshot/panlex-20191001-csv/2897#110827175>				<https://panlex.org/snapshot/panlex-20191001-csv/2897#110827044>		"Pnamujuigu’s"@mic	
"grudzień"@pl	<https://panlex.org/snapshot/panlex-20191001-csv/2897#110831950>				<https://panlex.org/snapshot/panlex-20191001-csv/2897#110831931>		"Gesigewigu’s"@mic	
"marzec"@pl	<https://panlex.org/snapshot/panlex-20191001-csv/2897#110827940>				<https://panlex.org/snapshot/panlex-20191001-csv/2897#110828088>		"Si’gowigu’s"@mic	
"listopad"@pl	<https://panlex.org/snapshot/panlex-20191001-csv/2897#110831173>				<https://panlex.org/snapshot/panlex-20191001-csv/2897#110831261>		"Gept’gewigu’s"@mic	
