"ʼdutʔon"@dij	<https://panlex.org/snapshot/panlex-20191001-csv/114#8060396>				<https://panlex.org/snapshot/panlex-20191001-csv/114#8060442>		"caboosoosoo"@hvn	
"ʼdutʔon"@dij	<https://panlex.org/snapshot/panlex-20191001-csv/114#8060396>				<https://panlex.org/snapshot/panlex-20191001-csv/114#8060445>		"soosoo"@hvn	
"ʼdutʔon"@dij	<https://panlex.org/snapshot/panlex-20191001-csv/114#8060396>				<https://panlex.org/snapshot/panlex-20191001-csv/114#8060441>		"caboosoofoo"@hvn	
"ʼdutʔon"@dij	<https://panlex.org/snapshot/panlex-20191001-csv/114#8060396>				<https://panlex.org/snapshot/panlex-20191001-csv/114#8060444>		"soofoo"@hvn	
"ʼdutʔon"@dij	<https://panlex.org/snapshot/panlex-20191001-csv/114#8060396>				<https://panlex.org/snapshot/panlex-20191001-csv/114#8060443>		"huhu"@hvn	
"ʼhejon"@dij	<https://panlex.org/snapshot/panlex-20191001-csv/114#8053205>				<https://panlex.org/snapshot/panlex-20191001-csv/114#8053255>		"kai"@hvn	
"ʼhejon"@dij	<https://panlex.org/snapshot/panlex-20191001-csv/114#8053205>				<https://panlex.org/snapshot/panlex-20191001-csv/114#8053256>		"toog"@hvn	
"ʼhejon"@dij	<https://panlex.org/snapshot/panlex-20191001-csv/114#8053205>				<https://panlex.org/snapshot/panlex-20191001-csv/114#8053253>		"dunceala"@hvn	
"ʼhejon"@dij	<https://panlex.org/snapshot/panlex-20191001-csv/114#8053205>				<https://panlex.org/snapshot/panlex-20191001-csv/114#8053257>		"tooga"@hvn	
"ʼhejon"@dij	<https://panlex.org/snapshot/panlex-20191001-csv/114#8053205>				<https://panlex.org/snapshot/panlex-20191001-csv/114#8053252>		"baibo"@hvn	
"ʼhejon"@dij	<https://panlex.org/snapshot/panlex-20191001-csv/114#8053205>				<https://panlex.org/snapshot/panlex-20191001-csv/114#8053258>		"ĵela"@hvn	
"ʼhejon"@dij	<https://panlex.org/snapshot/panlex-20191001-csv/114#8053205>				<https://panlex.org/snapshot/panlex-20191001-csv/114#8053254>		"duneeäla"@hvn	
"nɛʼmaʔon"@dij	<https://panlex.org/snapshot/panlex-20191001-csv/114#8067693>				<https://panlex.org/snapshot/panlex-20191001-csv/114#8067736>		"weʔo"@hvn	
"nɛʼmaʔon"@dij	<https://panlex.org/snapshot/panlex-20191001-csv/114#8067693>				<https://panlex.org/snapshot/panlex-20191001-csv/114#8067735>		"vaio"@hvn	
"otʼtɛnon"@dij	<https://panlex.org/snapshot/panlex-20191001-csv/114#8057335>				<https://panlex.org/snapshot/panlex-20191001-csv/114#8057377>		"kuri"@hvn	
"otʼtɛnon"@dij	<https://panlex.org/snapshot/panlex-20191001-csv/114#8057335>				<https://panlex.org/snapshot/panlex-20191001-csv/114#8057378>		"racäee"@hvn	
"ʼuʔon"@dij	<https://panlex.org/snapshot/panlex-20191001-csv/114#8066600>				<https://panlex.org/snapshot/panlex-20191001-csv/114#8066645>		"wu|ɓa"@hvn	
"ʼuʔon"@dij	<https://panlex.org/snapshot/panlex-20191001-csv/114#8066600>				<https://panlex.org/snapshot/panlex-20191001-csv/114#8066644>		"larà-voòboo"@hvn	
"ʼimon"@dij	<https://panlex.org/snapshot/panlex-20191001-csv/114#8051721>				<https://panlex.org/snapshot/panlex-20191001-csv/114#8051769>		"wùlaba"@hvn	
"ʼimon"@dij	<https://panlex.org/snapshot/panlex-20191001-csv/114#8051721>				<https://panlex.org/snapshot/panlex-20191001-csv/114#8051766>		"kai ŋaʔa"@hvn	
"ʼimon"@dij	<https://panlex.org/snapshot/panlex-20191001-csv/114#8051721>				<https://panlex.org/snapshot/panlex-20191001-csv/114#8051767>		"ruai"@hvn	
"ʼimon"@dij	<https://panlex.org/snapshot/panlex-20191001-csv/114#8051721>				<https://panlex.org/snapshot/panlex-20191001-csv/114#8051768>		"wulaba"@hvn	
"ʼtɛnnon"@dij	<https://panlex.org/snapshot/panlex-20191001-csv/114#8064040>				<https://panlex.org/snapshot/panlex-20191001-csv/114#8064088>		"lacòco"@hvn	
"ʼtɛnnon"@dij	<https://panlex.org/snapshot/panlex-20191001-csv/114#8064040>				<https://panlex.org/snapshot/panlex-20191001-csv/114#8064087>		"lacoco"@hvn	
"ʼtɛnnon"@dij	<https://panlex.org/snapshot/panlex-20191001-csv/114#8064040>				<https://panlex.org/snapshot/panlex-20191001-csv/114#8064089>		"lakoko"@hvn	
