"paʼrõpapa"@cbr	<https://panlex.org/snapshot/panlex-20191001-csv/1573#50085928>				<https://panlex.org/snapshot/panlex-20191001-csv/1573#50086099>		"lyäm"@xto	
"naʼi"@cbr	<https://panlex.org/snapshot/panlex-20191001-csv/1573#50091073>				<https://panlex.org/snapshot/panlex-20191001-csv/1573#50091266>		"eprer-"@xto	
"maʼnã"@cbr	<https://panlex.org/snapshot/panlex-20191001-csv/1573#50083485>				<https://panlex.org/snapshot/panlex-20191001-csv/1573#50083798>		"ṣul"@xto	
"maʼṣ̌aṣ̌"@cbr	<https://panlex.org/snapshot/panlex-20191001-csv/1573#50090506>				<https://panlex.org/snapshot/panlex-20191001-csv/1573#50090824>		"pāreṃ"@xto	
"nii"@cbr	<https://panlex.org/snapshot/panlex-20191001-csv/1573#50089677>				<https://panlex.org/snapshot/panlex-20191001-csv/1573#50089905>		"kārāś"@xto	
"ʔõʼpaṣ̌"@cbr	<https://panlex.org/snapshot/panlex-20191001-csv/1573#50085671>				<https://panlex.org/snapshot/panlex-20191001-csv/1573#50085874>		"wräntu"@xto	
"ʔõʼpaṣ̌"@cbr	<https://panlex.org/snapshot/panlex-20191001-csv/1573#50085671>				<https://panlex.org/snapshot/panlex-20191001-csv/1573#50085875>		"wär"@xto	
"mee"@cbr	<https://panlex.org/snapshot/panlex-20191001-csv/1573#50081999>				<https://panlex.org/snapshot/panlex-20191001-csv/1573#50082266>		"tkaṃ"@xto	
"mee"@cbr	<https://panlex.org/snapshot/panlex-20191001-csv/1573#50082327>				<https://panlex.org/snapshot/panlex-20191001-csv/1573#50082582>		"tkaṃ"@xto	
"nɨtɨ"@cbr	<https://panlex.org/snapshot/panlex-20191001-csv/1573#50081734>				<https://panlex.org/snapshot/panlex-20191001-csv/1573#50081922>		"ārkiśoṣi"@xto	
"čua"@cbr	<https://panlex.org/snapshot/panlex-20191001-csv/1573#50082914>				<https://panlex.org/snapshot/panlex-20191001-csv/1573#50083146>		"lyom"@xto	
"masi"@cbr	<https://panlex.org/snapshot/panlex-20191001-csv/1573#50083202>				<https://panlex.org/snapshot/panlex-20191001-csv/1573#50083392>		"wāryāɲc"@xto	
"naʼsi"@cbr	<https://panlex.org/snapshot/panlex-20191001-csv/1573#50084719>				<https://panlex.org/snapshot/panlex-20191001-csv/1573#50084884>		"dvip"@xto	
"naʼsi"@cbr	<https://panlex.org/snapshot/panlex-20191001-csv/1573#50084719>				<https://panlex.org/snapshot/panlex-20191001-csv/1573#50084885>		"prank"@xto	
"ii"@cbr	<https://panlex.org/snapshot/panlex-20191001-csv/1573#50089969>				<https://panlex.org/snapshot/panlex-20191001-csv/1573#50090163>		"ṣtām"@xto	
"ii"@cbr	<https://panlex.org/snapshot/panlex-20191001-csv/1573#50090220>				<https://panlex.org/snapshot/panlex-20191001-csv/1573#50090420>		"or"@xto	
"βaši"@cbr	<https://panlex.org/snapshot/panlex-20191001-csv/1573#50083486>				<https://panlex.org/snapshot/panlex-20191001-csv/1573#50083798>		"ṣul"@xto	
"mee poto"@cbr	<https://panlex.org/snapshot/panlex-20191001-csv/1573#50082642>				<https://panlex.org/snapshot/panlex-20191001-csv/1573#50082850>		"twe"@xto	
"mee poto"@cbr	<https://panlex.org/snapshot/panlex-20191001-csv/1573#50082642>				<https://panlex.org/snapshot/panlex-20191001-csv/1573#50082849>		"tor"@xto	
"βari"@cbr	<https://panlex.org/snapshot/panlex-20191001-csv/1573#50091326>				<https://panlex.org/snapshot/panlex-20191001-csv/1573#50091515>		"koṃ"@xto	
"mapara"@cbr	<https://panlex.org/snapshot/panlex-20191001-csv/1573#50090505>				<https://panlex.org/snapshot/panlex-20191001-csv/1573#50090824>		"pāreṃ"@xto	
