"ʼapɛl"@sve	<https://panlex.org/snapshot/panlex-20191001-csv/114#8058713>				<https://panlex.org/snapshot/panlex-20191001-csv/114#8058460>		"a balana"@ksd	
"ljɛʼla"@sve	<https://panlex.org/snapshot/panlex-20191001-csv/114#8054151>				<https://panlex.org/snapshot/panlex-20191001-csv/114#8053900>		"i vana"@ksd	
"ljɛʼla"@sve	<https://panlex.org/snapshot/panlex-20191001-csv/114#8054151>				<https://panlex.org/snapshot/panlex-20191001-csv/114#8053901>		"i vana vana"@ksd	
"ʼɔr"@sve	<https://panlex.org/snapshot/panlex-20191001-csv/114#8053561>				<https://panlex.org/snapshot/panlex-20191001-csv/114#8053317>		"a ka una"@ksd	
"ʼɔr"@sve	<https://panlex.org/snapshot/panlex-20191001-csv/114#8053561>				<https://panlex.org/snapshot/panlex-20191001-csv/114#8053318>		"a kauna"@ksd	
