"mbotaku"@bnd	<https://panlex.org/snapshot/panlex-20191001-csv/114#8062417>				<https://panlex.org/snapshot/panlex-20191001-csv/114#8062503>		"takut"@iba	
"kilit"@bnd	<https://panlex.org/snapshot/panlex-20191001-csv/114#8057294>				<https://panlex.org/snapshot/panlex-20191001-csv/114#8057380>		"kulit"@iba	
"akraut"@bnd	<https://panlex.org/snapshot/panlex-20191001-csv/114#8068702>				<https://panlex.org/snapshot/panlex-20191001-csv/114#8068797>		"sabak"@iba	
"ofin"@bnd	<https://panlex.org/snapshot/panlex-20191001-csv/114#8056831>				<https://panlex.org/snapshot/panlex-20191001-csv/114#8056905>		"apok"@iba	
"ofin"@bnd	<https://panlex.org/snapshot/panlex-20191001-csv/114#8056831>				<https://panlex.org/snapshot/panlex-20191001-csv/114#8056904>		"abu"@iba	
"milun"@bnd	<https://panlex.org/snapshot/panlex-20191001-csv/114#8065084>				<https://panlex.org/snapshot/panlex-20191001-csv/114#8065177>		"idoŋ"@iba	
"fano fitar"@bnd	<https://panlex.org/snapshot/panlex-20191001-csv/114#8052231>				<https://panlex.org/snapshot/panlex-20191001-csv/114#8052308>		"kibaʔ"@iba	
"tian"@bnd	<https://panlex.org/snapshot/panlex-20191001-csv/114#8058316>				<https://panlex.org/snapshot/panlex-20191001-csv/114#8058409>		"perut"@iba	
"mirin"@bnd	<https://panlex.org/snapshot/panlex-20191001-csv/114#8057811>				<https://panlex.org/snapshot/panlex-20191001-csv/114#8057895>		"belakaŋ"@iba	
"ni|no"@bnd	<https://panlex.org/snapshot/panlex-20191001-csv/114#8067105>				<https://panlex.org/snapshot/panlex-20191001-csv/114#8067202>		"ŋeliʔ"@iba	
"mbokfau"@bnd	<https://panlex.org/snapshot/panlex-20191001-csv/114#8066058>				<https://panlex.org/snapshot/panlex-20191001-csv/114#8066137>		"sium"@iba	
"suwom"@bnd	<https://panlex.org/snapshot/panlex-20191001-csv/114#8066554>				<https://panlex.org/snapshot/panlex-20191001-csv/114#8066648>		"ñawa"@iba	
"suwom"@bnd	<https://panlex.org/snapshot/panlex-20191001-csv/114#8066554>				<https://panlex.org/snapshot/panlex-20191001-csv/114#8066647>		"mulut"@iba	
"mbo lo lu"@bnd	<https://panlex.org/snapshot/panlex-20191001-csv/114#8055803>				<https://panlex.org/snapshot/panlex-20191001-csv/114#8055885>		"nyemerai"@iba	
"enun"@bnd	<https://panlex.org/snapshot/panlex-20191001-csv/114#8063996>				<https://panlex.org/snapshot/panlex-20191001-csv/114#8064091>		"rekoŋ"@iba	
"-ilik muwa-"@bnd	<https://panlex.org/snapshot/panlex-20191001-csv/114#8065616>				<https://panlex.org/snapshot/panlex-20191001-csv/114#8065693>		"nyintak seput"@iba	
"-ilik muwa-"@bnd	<https://panlex.org/snapshot/panlex-20191001-csv/114#8065616>				<https://panlex.org/snapshot/panlex-20191001-csv/114#8065692>		"be-ñawa"@iba	
