"mbotaku"@bnd	<https://panlex.org/snapshot/panlex-20191001-csv/114#8062417>				<https://panlex.org/snapshot/panlex-20191001-csv/114#8062401>		"molok"@bdg	
"kilit"@bnd	<https://panlex.org/snapshot/panlex-20191001-csv/114#8057294>				<https://panlex.org/snapshot/panlex-20191001-csv/114#8057277>		"kubal"@bdg	
"akraut"@bnd	<https://panlex.org/snapshot/panlex-20191001-csv/114#8068702>				<https://panlex.org/snapshot/panlex-20191001-csv/114#8068686>		"tĕmeis"@bdg	
"ofin"@bnd	<https://panlex.org/snapshot/panlex-20191001-csv/114#8056831>				<https://panlex.org/snapshot/panlex-20191001-csv/114#8056815>		"auu"@bdg	
"milun"@bnd	<https://panlex.org/snapshot/panlex-20191001-csv/114#8065084>				<https://panlex.org/snapshot/panlex-20191001-csv/114#8065069>		"iduŋ"@bdg	
"fano fitar"@bnd	<https://panlex.org/snapshot/panlex-20191001-csv/114#8052231>				<https://panlex.org/snapshot/panlex-20191001-csv/114#8052216>		"kuikiwaŋ"@bdg	
"tian"@bnd	<https://panlex.org/snapshot/panlex-20191001-csv/114#8058316>				<https://panlex.org/snapshot/panlex-20191001-csv/114#8058300>		"tiagn"@bdg	
"ni|no"@bnd	<https://panlex.org/snapshot/panlex-20191001-csv/114#8067105>				<https://panlex.org/snapshot/panlex-20191001-csv/114#8067089>		"kuhud"@bdg	
"mbokfau"@bnd	<https://panlex.org/snapshot/panlex-20191001-csv/114#8066058>				<https://panlex.org/snapshot/panlex-20191001-csv/114#8066040>		"ĕŋgadak"@bdg	
"suwom"@bnd	<https://panlex.org/snapshot/panlex-20191001-csv/114#8066554>				<https://panlex.org/snapshot/panlex-20191001-csv/114#8066537>		"bobok"@bdg	
"mbo lo lu"@bnd	<https://panlex.org/snapshot/panlex-20191001-csv/114#8055803>				<https://panlex.org/snapshot/panlex-20191001-csv/114#8055783>		"lěmuŋi"@bdg	
"enun"@bnd	<https://panlex.org/snapshot/panlex-20191001-csv/114#8063996>				<https://panlex.org/snapshot/panlex-20191001-csv/114#8063980>		"tigoru"@bdg	
"-ilik muwa-"@bnd	<https://panlex.org/snapshot/panlex-20191001-csv/114#8065616>				<https://panlex.org/snapshot/panlex-20191001-csv/114#8065604>		"intaŋ"@bdg	
