"bala"@alp	<https://panlex.org/snapshot/panlex-20191001-csv/114#8051631>				<https://panlex.org/snapshot/panlex-20191001-csv/114#8051841>		"rʔima"@kzp	
"solo"@alp	<https://panlex.org/snapshot/panlex-20191001-csv/114#8053690>				<https://panlex.org/snapshot/panlex-20191001-csv/114#8053915>		"morʔako"@kzp	
"meine"@alp	<https://panlex.org/snapshot/panlex-20191001-csv/114#8067616>				<https://panlex.org/snapshot/panlex-20191001-csv/114#8067802>		"dila"@kzp	
"mali"@alp	<https://panlex.org/snapshot/panlex-20191001-csv/114#8068132>				<https://panlex.org/snapshot/panlex-20191001-csv/114#8068335>		"kumosiŋo"@kzp	
"nasi"@alp	<https://panlex.org/snapshot/panlex-20191001-csv/114#8065588>				<https://panlex.org/snapshot/panlex-20191001-csv/114#8065745>		"mogi|naa"@kzp	
"lalakwe"@alp	<https://panlex.org/snapshot/panlex-20191001-csv/114#8062884>				<https://panlex.org/snapshot/panlex-20191001-csv/114#8063067>		"dugu"@kzp	
"nasa"@alp	<https://panlex.org/snapshot/panlex-20191001-csv/114#8055760>				<https://panlex.org/snapshot/panlex-20191001-csv/114#8055949>		"monaŋi"@kzp	
"apu"@alp	<https://panlex.org/snapshot/panlex-20191001-csv/114#8058274>				<https://panlex.org/snapshot/panlex-20191001-csv/114#8058474>		"tia"@kzp	
"lale"@alp	<https://panlex.org/snapshot/panlex-20191001-csv/114#8059805>				<https://panlex.org/snapshot/panlex-20191001-csv/114#8059987>		"kobilé"@kzp	
"nenəte"@alp	<https://panlex.org/snapshot/panlex-20191001-csv/114#8061922>				<https://panlex.org/snapshot/panlex-20191001-csv/114#8062084>		"momikiru"@kzp	
"usai"@alp	<https://panlex.org/snapshot/panlex-20191001-csv/114#8057253>				<https://panlex.org/snapshot/panlex-20191001-csv/114#8057442>		"kurʔito"@kzp	
"teʼwa"@alp	<https://panlex.org/snapshot/panlex-20191001-csv/114#8061355>				<https://panlex.org/snapshot/panlex-20191001-csv/114#8061575>		"motau"@kzp	
"ulu"@alp	<https://panlex.org/snapshot/panlex-20191001-csv/114#8064494>				<https://panlex.org/snapshot/panlex-20191001-csv/114#8064693>		"vuoko"@kzp	
"ulu"@alp	<https://panlex.org/snapshot/panlex-20191001-csv/114#8063402>				<https://panlex.org/snapshot/panlex-20191001-csv/114#8063611>		"urʔu"@kzp	
"ata"@alp	<https://panlex.org/snapshot/panlex-20191001-csv/114#8066019>				<https://panlex.org/snapshot/panlex-20191001-csv/114#8066203>		"momuu"@kzp	
"ata"@alp	<https://panlex.org/snapshot/panlex-20191001-csv/114#8059804>				<https://panlex.org/snapshot/panlex-20191001-csv/114#8059987>		"kobilé"@kzp	
