"lemitré"@rmf	<https://panlex.org/snapshot/panlex-20191001-csv/2892#110824067>				<https://panlex.org/snapshot/panlex-20191001-csv/2892#110824409>		"Llyn"@bzt	
"gergeré"@rmf	<https://panlex.org/snapshot/panlex-20191001-csv/2892#110824818>				<https://panlex.org/snapshot/panlex-20191001-csv/2892#110824764>		"Marth"@bzt	
"končé"@rmf	<https://panlex.org/snapshot/panlex-20191001-csv/2892#110826384>				<https://panlex.org/snapshot/panlex-20191001-csv/2892#110826565>		"Sabad"@bzt	
"kaskaňé"@rmf	<https://panlex.org/snapshot/panlex-20191001-csv/2892#110825425>				<https://panlex.org/snapshot/panlex-20191001-csv/2892#110825642>		"Ioi"@bzt	
"axoró"@rmf	<https://panlex.org/snapshot/panlex-20191001-csv/2892#110826055>				<https://panlex.org/snapshot/panlex-20191001-csv/2892#110825902>		"Gwener"@bzt	
"kurkó"@rmf	<https://panlex.org/snapshot/panlex-20191001-csv/2892#110826962>				<https://panlex.org/snapshot/panlex-20191001-csv/2892#110826952>		"Dônig"@bzt	
"siskundé"@rmf	<https://panlex.org/snapshot/panlex-20191001-csv/2892#110825133>				<https://panlex.org/snapshot/panlex-20191001-csv/2892#110824993>		"Merchyr"@bzt	
"alpandy"@rmf	<https://panlex.org/snapshot/panlex-20191001-csv/2897#110828589>				<https://panlex.org/snapshot/panlex-20191001-csv/2897#110828510>		"Ebril"@bzt	
"kindalé"@rmf	<https://panlex.org/snapshot/panlex-20191001-csv/2897#110828868>				<https://panlex.org/snapshot/panlex-20191001-csv/2897#110828683>		"Mai"@bzt	
"xetava"@rmf	<https://panlex.org/snapshot/panlex-20191001-csv/2897#110830680>				<https://panlex.org/snapshot/panlex-20191001-csv/2897#110830689>		"Ystreblanc"@bzt	
"ňutivé"@rmf	<https://panlex.org/snapshot/panlex-20191001-csv/2897#110829448>				<https://panlex.org/snapshot/panlex-20191001-csv/2897#110829404>		"Methef"@bzt	
"enerín"@rmf	<https://panlex.org/snapshot/panlex-20191001-csv/2897#110827037>				<https://panlex.org/snapshot/panlex-20191001-csv/2897#110827263>		"Ianeir"@bzt	
"ňudikoy"@rmf	<https://panlex.org/snapshot/panlex-20191001-csv/2897#110831504>				<https://panlex.org/snapshot/panlex-20191001-csv/2897#110831491>		"Muisnir"@bzt	
"kerosto"@rmf	<https://panlex.org/snapshot/panlex-20191001-csv/2897#110830140>				<https://panlex.org/snapshot/panlex-20191001-csv/2897#110829917>		"Awst"@bzt	
"oktorbar"@rmf	<https://panlex.org/snapshot/panlex-20191001-csv/2897#110830933>				<https://panlex.org/snapshot/panlex-20191001-csv/2897#110830858>		"Sedref"@bzt	
"kirdaré"@rmf	<https://panlex.org/snapshot/panlex-20191001-csv/2897#110828017>				<https://panlex.org/snapshot/panlex-20191001-csv/2897#110828156>		"Marth"@bzt	
"kendebré"@rmf	<https://panlex.org/snapshot/panlex-20191001-csv/2897#110831892>				<https://panlex.org/snapshot/panlex-20191001-csv/2897#110831603>		"Arbennir"@bzt	
"ňuntivé"@rmf	<https://panlex.org/snapshot/panlex-20191001-csv/2897#110829564>				<https://panlex.org/snapshot/panlex-20191001-csv/2897#110829588>		"Ffinystiw"@bzt	
