"'we"@gal	<https://panlex.org/snapshot/panlex-20191001-csv/12#850964>				<https://panlex.org/snapshot/panlex-20191001-csv/12#851013>		"d̃an"@lek	
"ʼsusu"@gal	<https://panlex.org/snapshot/panlex-20191001-csv/114#8060463>				<https://panlex.org/snapshot/panlex-20191001-csv/114#8060528>		"susu-n"@lek	
"ʼran"@gal	<https://panlex.org/snapshot/panlex-20191001-csv/114#8063019>				<https://panlex.org/snapshot/panlex-20191001-csv/114#8063072>		"d̃ay"@lek	
"naʼʔanar"@gal	<https://panlex.org/snapshot/panlex-20191001-csv/114#8067750>				<https://panlex.org/snapshot/panlex-20191001-csv/114#8067807>		"kerme-n"@lek	
"ʼhahar"@gal	<https://panlex.org/snapshot/panlex-20191001-csv/114#8066660>				<https://panlex.org/snapshot/panlex-20191001-csv/114#8066721>		"poho-n"@lek	
"ʼater"@gal	<https://panlex.org/snapshot/panlex-20191001-csv/114#8059938>				<https://panlex.org/snapshot/panlex-20191001-csv/114#8059993>		"kise-n"@lek	
"ʼnuar"@gal	<https://panlex.org/snapshot/panlex-20191001-csv/114#8064104>				<https://panlex.org/snapshot/panlex-20191001-csv/114#8064161>		"keñwe-n"@lek	
