"'we"@gal	<https://panlex.org/snapshot/panlex-20191001-csv/12#850964>				<https://panlex.org/snapshot/panlex-20191001-csv/12#850835>		"ñio"@aua	
"ʼsusu"@gal	<https://panlex.org/snapshot/panlex-20191001-csv/114#8060463>				<https://panlex.org/snapshot/panlex-20191001-csv/114#8060317>		"ñiaŋga"@aua	
"ʼran"@gal	<https://panlex.org/snapshot/panlex-20191001-csv/114#8063019>				<https://panlex.org/snapshot/panlex-20191001-csv/114#8062897>		"nambio"@aua	
"naʼʔanar"@gal	<https://panlex.org/snapshot/panlex-20191001-csv/114#8067750>				<https://panlex.org/snapshot/panlex-20191001-csv/114#8067629>		"mame-ŋge"@aua	
"ʼhahar"@gal	<https://panlex.org/snapshot/panlex-20191001-csv/114#8066660>				<https://panlex.org/snapshot/panlex-20191001-csv/114#8066525>		"noŋo-ŋge"@aua	
"ʼater"@gal	<https://panlex.org/snapshot/panlex-20191001-csv/114#8059938>				<https://panlex.org/snapshot/panlex-20191001-csv/114#8059819>		"kovio"@aua	
"ʼnuar"@gal	<https://panlex.org/snapshot/panlex-20191001-csv/114#8064104>				<https://panlex.org/snapshot/panlex-20191001-csv/114#8063970>		"lañiŋgo-ŋge"@aua	
