"Алванїꙗ"@cu	<https://panlex.org/snapshot/panlex-20191001-csv/5947#84579649>				<https://panlex.org/snapshot/panlex-20191001-csv/5947#84579640>		"Албани"@bua	
"зрьцало"@cu	<https://panlex.org/snapshot/panlex-20191001-csv/5946#84446144>				<https://panlex.org/snapshot/panlex-20191001-csv/5946#84446133>		"гэрэл"@bua	
"Каꙁахстанъ"@cu	<https://panlex.org/snapshot/panlex-20191001-csv/5949#85312059>				<https://panlex.org/snapshot/panlex-20191001-csv/5949#85312054>		"Казахстан"@bua	
"Франкїꙗ"@cu	<https://panlex.org/snapshot/panlex-20191001-csv/5949#85323549>				<https://panlex.org/snapshot/panlex-20191001-csv/5949#85323543>		"Франци"@bua	
"Єѵрѡпа"@cu	<https://panlex.org/snapshot/panlex-20191001-csv/5949#85308512>				<https://panlex.org/snapshot/panlex-20191001-csv/5949#85308507>		"Европо"@bua	
"Єѵрѡпа"@cu	<https://panlex.org/snapshot/panlex-20191001-csv/5949#85308512>				<https://panlex.org/snapshot/panlex-20191001-csv/5949#85308506>		"Евроопо"@bua	
"Индия"@cu	<https://panlex.org/snapshot/panlex-20191001-csv/10#580030>				<https://panlex.org/snapshot/panlex-20191001-csv/10#580021>		"Энэдхэг"@bua	
