"zemlja"@cu	<https://panlex.org/snapshot/panlex-20191001-csv/1573#50082010>				<https://panlex.org/snapshot/panlex-20191001-csv/1573#50081999>		"mee"@cbr	
"drŭva"@cu	<https://panlex.org/snapshot/panlex-20191001-csv/1573#50090225>				<https://panlex.org/snapshot/panlex-20191001-csv/1573#50090220>		"ii"@cbr	
"morje"@cu	<https://panlex.org/snapshot/panlex-20191001-csv/1573#50085933>				<https://panlex.org/snapshot/panlex-20191001-csv/1573#50085928>		"paʼrõpapa"@cbr	
"pěsŭkŭ"@cu	<https://panlex.org/snapshot/panlex-20191001-csv/1573#50083209>				<https://panlex.org/snapshot/panlex-20191001-csv/1573#50083202>		"masi"@cbr	
"nebo"@cu	<https://panlex.org/snapshot/panlex-20191001-csv/1573#50091081>				<https://panlex.org/snapshot/panlex-20191001-csv/1573#50091073>		"naʼi"@cbr	
"gora"@cu	<https://panlex.org/snapshot/panlex-20191001-csv/1573#50083500>				<https://panlex.org/snapshot/panlex-20191001-csv/1573#50083486>		"βaši"@cbr	
"gora"@cu	<https://panlex.org/snapshot/panlex-20191001-csv/1573#50083500>				<https://panlex.org/snapshot/panlex-20191001-csv/1573#50083485>		"maʼnã"@cbr	
"potokŭ"@cu	<https://panlex.org/snapshot/panlex-20191001-csv/1573#50088259>				<https://panlex.org/snapshot/panlex-20191001-csv/1573#50088244>		"βaka"@cbr	
"dĭbrĭ"@cu	<https://panlex.org/snapshot/panlex-20191001-csv/1573#50084506>				<https://panlex.org/snapshot/panlex-20191001-csv/1573#50084499>		"saʼɨkɨ"@cbr	
"jezero"@cu	<https://panlex.org/snapshot/panlex-20191001-csv/1573#50086913>				<https://panlex.org/snapshot/panlex-20191001-csv/1573#50086906>		"ʔiʼã"@cbr	
"lěsŭ"@cu	<https://panlex.org/snapshot/panlex-20191001-csv/1573#50089684>				<https://panlex.org/snapshot/panlex-20191001-csv/1573#50089677>		"nii"@cbr	
"prachŭ"@cu	<https://panlex.org/snapshot/panlex-20191001-csv/1573#50082649>				<https://panlex.org/snapshot/panlex-20191001-csv/1573#50082642>		"mee poto"@cbr	
"dąbŭ"@cu	<https://panlex.org/snapshot/panlex-20191001-csv/1573#50089977>				<https://panlex.org/snapshot/panlex-20191001-csv/1573#50089969>		"ii"@cbr	
"voda"@cu	<https://panlex.org/snapshot/panlex-20191001-csv/1573#50085677>				<https://panlex.org/snapshot/panlex-20191001-csv/1573#50085671>		"ʔõʼpaṣ̌"@cbr	
"valŭ"@cu	<https://panlex.org/snapshot/panlex-20191001-csv/1573#50087662>				<https://panlex.org/snapshot/panlex-20191001-csv/1573#50087655>		"βɨʼčõ"@cbr	
"skala"@cu	<https://panlex.org/snapshot/panlex-20191001-csv/1573#50090517>				<https://panlex.org/snapshot/panlex-20191001-csv/1573#50090505>		"mapara"@cbr	
"skala"@cu	<https://panlex.org/snapshot/panlex-20191001-csv/1573#50090517>				<https://panlex.org/snapshot/panlex-20191001-csv/1573#50090506>		"maʼṣ̌aṣ̌"@cbr	
"rěka"@cu	<https://panlex.org/snapshot/panlex-20191001-csv/1573#50088260>				<https://panlex.org/snapshot/panlex-20191001-csv/1573#50088244>		"βaka"@cbr	
"světŭ"@cu	<https://panlex.org/snapshot/panlex-20191001-csv/1573#50081744>				<https://panlex.org/snapshot/panlex-20191001-csv/1573#50081734>		"nɨtɨ"@cbr	
"vlŭna"@cu	<https://panlex.org/snapshot/panlex-20191001-csv/1573#50087663>				<https://panlex.org/snapshot/panlex-20191001-csv/1573#50087655>		"βɨʼčõ"@cbr	
"otokŭ"@cu	<https://panlex.org/snapshot/panlex-20191001-csv/1573#50084725>				<https://panlex.org/snapshot/panlex-20191001-csv/1573#50084719>		"naʼsi"@cbr	
"kamy"@cu	<https://panlex.org/snapshot/panlex-20191001-csv/1573#50090516>				<https://panlex.org/snapshot/panlex-20191001-csv/1573#50090505>		"mapara"@cbr	
"kamy"@cu	<https://panlex.org/snapshot/panlex-20191001-csv/1573#50090516>				<https://panlex.org/snapshot/panlex-20191001-csv/1573#50090506>		"maʼṣ̌aṣ̌"@cbr	
"drěvo"@cu	<https://panlex.org/snapshot/panlex-20191001-csv/1573#50089976>				<https://panlex.org/snapshot/panlex-20191001-csv/1573#50089969>		"ii"@cbr	
"polje"@cu	<https://panlex.org/snapshot/panlex-20191001-csv/1573#50084190>				<https://panlex.org/snapshot/panlex-20191001-csv/1573#50084179>		"ṣ̌aʼβa"@cbr	
"polje"@cu	<https://panlex.org/snapshot/panlex-20191001-csv/1573#50084190>				<https://panlex.org/snapshot/panlex-20191001-csv/1573#50084178>		"siʼβa"@cbr	
"brĭnĭje"@cu	<https://panlex.org/snapshot/panlex-20191001-csv/1573#50082922>				<https://panlex.org/snapshot/panlex-20191001-csv/1573#50082914>		"čua"@cbr	
"ostrovŭ"@cu	<https://panlex.org/snapshot/panlex-20191001-csv/1573#50084724>				<https://panlex.org/snapshot/panlex-20191001-csv/1573#50084719>		"naʼsi"@cbr	
"chlŭmŭ"@cu	<https://panlex.org/snapshot/panlex-20191001-csv/1573#50083499>				<https://panlex.org/snapshot/panlex-20191001-csv/1573#50083486>		"βaši"@cbr	
"chlŭmŭ"@cu	<https://panlex.org/snapshot/panlex-20191001-csv/1573#50083499>				<https://panlex.org/snapshot/panlex-20191001-csv/1573#50083485>		"maʼnã"@cbr	
"slŭnĭce"@cu	<https://panlex.org/snapshot/panlex-20191001-csv/1573#50091332>				<https://panlex.org/snapshot/panlex-20191001-csv/1573#50091326>		"βari"@cbr	
"tokŭ"@cu	<https://panlex.org/snapshot/panlex-20191001-csv/1573#50088261>				<https://panlex.org/snapshot/panlex-20191001-csv/1573#50088244>		"βaka"@cbr	
"mirŭ"@cu	<https://panlex.org/snapshot/panlex-20191001-csv/1573#50081743>				<https://panlex.org/snapshot/panlex-20191001-csv/1573#50081734>		"nɨtɨ"@cbr	
"město ravĭno"@cu	<https://panlex.org/snapshot/panlex-20191001-csv/1573#50084189>				<https://panlex.org/snapshot/panlex-20191001-csv/1573#50084179>		"ṣ̌aʼβa"@cbr	
"město ravĭno"@cu	<https://panlex.org/snapshot/panlex-20191001-csv/1573#50084189>				<https://panlex.org/snapshot/panlex-20191001-csv/1573#50084178>		"siʼβa"@cbr	
