"drŭva"@cu	<https://panlex.org/snapshot/panlex-20191001-csv/1573#50090225>				<https://panlex.org/snapshot/panlex-20191001-csv/1573#50090368>		"pĩ"@ram	
"pěsŭkŭ"@cu	<https://panlex.org/snapshot/panlex-20191001-csv/1573#50083209>				<https://panlex.org/snapshot/panlex-20191001-csv/1573#50083344>		"pye"@ram	
"nebo"@cu	<https://panlex.org/snapshot/panlex-20191001-csv/1573#50091081>				<https://panlex.org/snapshot/panlex-20191001-csv/1573#50091208>		"koykʰwa"@ram	
"kladęzi"@cu	<https://panlex.org/snapshot/panlex-20191001-csv/1573#50088894>				<https://panlex.org/snapshot/panlex-20191001-csv/1573#50089101>		"kʰwa"@ram	
"lěsŭ"@cu	<https://panlex.org/snapshot/panlex-20191001-csv/1573#50089684>				<https://panlex.org/snapshot/panlex-20191001-csv/1573#50089846>		"lam-"@ram	
"prachŭ"@cu	<https://panlex.org/snapshot/panlex-20191001-csv/1573#50082649>				<https://panlex.org/snapshot/panlex-20191001-csv/1573#50082794>		"pye yakro"@ram	
"dąbŭ"@cu	<https://panlex.org/snapshot/panlex-20191001-csv/1573#50089977>				<https://panlex.org/snapshot/panlex-20191001-csv/1573#50090114>		"pĩĩ"@ram	
"voda"@cu	<https://panlex.org/snapshot/panlex-20191001-csv/1573#50085677>				<https://panlex.org/snapshot/panlex-20191001-csv/1573#50085817>		"ko"@ram	
"skala"@cu	<https://panlex.org/snapshot/panlex-20191001-csv/1573#50090517>				<https://panlex.org/snapshot/panlex-20191001-csv/1573#50090729>		"kʰɛn"@ram	
"kamy"@cu	<https://panlex.org/snapshot/panlex-20191001-csv/1573#50090516>				<https://panlex.org/snapshot/panlex-20191001-csv/1573#50090729>		"kʰɛn"@ram	
"drěvo"@cu	<https://panlex.org/snapshot/panlex-20191001-csv/1573#50089976>				<https://panlex.org/snapshot/panlex-20191001-csv/1573#50090114>		"pĩĩ"@ram	
"studenĭcĭ"@cu	<https://panlex.org/snapshot/panlex-20191001-csv/1573#50088895>				<https://panlex.org/snapshot/panlex-20191001-csv/1573#50089101>		"kʰwa"@ram	
"istočĭnikŭ"@cu	<https://panlex.org/snapshot/panlex-20191001-csv/1573#50088893>				<https://panlex.org/snapshot/panlex-20191001-csv/1573#50089101>		"kʰwa"@ram	
"slŭnĭce"@cu	<https://panlex.org/snapshot/panlex-20191001-csv/1573#50091332>				<https://panlex.org/snapshot/panlex-20191001-csv/1573#50091464>		"pɨt"@ram	
"slŭnĭce"@cu	<https://panlex.org/snapshot/panlex-20191001-csv/1573#50091332>				<https://panlex.org/snapshot/panlex-20191001-csv/1573#50091465>		"pɨtɨ"@ram	
