"ōeon"@grc	<https://panlex.org/snapshot/panlex-20191001-csv/5939#80793047>				<https://panlex.org/snapshot/panlex-20191001-csv/5939#80793023>		"kuram"@arn	
"ear"@grc	<https://panlex.org/snapshot/panlex-20191001-csv/5939#80824542>				<https://panlex.org/snapshot/panlex-20191001-csv/5939#80824512>		"pewü"@arn	
"ōon"@grc	<https://panlex.org/snapshot/panlex-20191001-csv/5939#80793045>				<https://panlex.org/snapshot/panlex-20191001-csv/5939#80793023>		"kuram"@arn	
"ōion"@grc	<https://panlex.org/snapshot/panlex-20191001-csv/5939#80793046>				<https://panlex.org/snapshot/panlex-20191001-csv/5939#80793023>		"kuram"@arn	
"ὀδούς"@grc	<https://panlex.org/snapshot/panlex-20191001-csv/5942#83281049>				<https://panlex.org/snapshot/panlex-20191001-csv/5942#83281027>		"foro"@arn	
"ἥλιος"@grc	<https://panlex.org/snapshot/panlex-20191001-csv/5942#83285603>				<https://panlex.org/snapshot/panlex-20191001-csv/5942#83285597>		"aṉtü"@arn	
"ἅλας"@grc	<https://panlex.org/snapshot/panlex-20191001-csv/5942#83285165>				<https://panlex.org/snapshot/panlex-20191001-csv/5942#83285154>		"chadi"@arn	
"πόλις"@grc	<https://panlex.org/snapshot/panlex-20191001-csv/9#478185>				<https://panlex.org/snapshot/panlex-20191001-csv/9#478161>		"waria"@arn	
"θέρος"@grc	<https://panlex.org/snapshot/panlex-20191001-csv/9#478419>				<https://panlex.org/snapshot/panlex-20191001-csv/9#478392>		"walüg"@arn	
"μήν"@grc	<https://panlex.org/snapshot/panlex-20191001-csv/9#479656>				<https://panlex.org/snapshot/panlex-20191001-csv/9#479628>		"cüyen"@arn	
"μήν"@grc	<https://panlex.org/snapshot/panlex-20191001-csv/9#479656>				<https://panlex.org/snapshot/panlex-20191001-csv/9#479629>		"küyen"@arn	
"μέτωπον"@grc	<https://panlex.org/snapshot/panlex-20191001-csv/9#487744>				<https://panlex.org/snapshot/panlex-20191001-csv/9#487720>		"tob"@arn	
"ώρα"@grc	<https://panlex.org/snapshot/panlex-20191001-csv/9#478361>				<https://panlex.org/snapshot/panlex-20191001-csv/9#478342>		"antü"@arn	
"έαρ"@grc	<https://panlex.org/snapshot/panlex-20191001-csv/9#478288>				<https://panlex.org/snapshot/panlex-20191001-csv/9#478262>		"pewü"@arn	
"ἀυτός"@grc	<https://panlex.org/snapshot/panlex-20191001-csv/9#473844>				<https://panlex.org/snapshot/panlex-20191001-csv/9#473813>		"fey"@arn	
"ύδωρ"@grc	<https://panlex.org/snapshot/panlex-20191001-csv/12#850935>				<https://panlex.org/snapshot/panlex-20191001-csv/12#850833>		"ko"@arn	
"κεφαλή"@grc	<https://panlex.org/snapshot/panlex-20191001-csv/8#98890>				<https://panlex.org/snapshot/panlex-20191001-csv/8#98865>		"longko"@arn	
"ὕδωρ"@grc	<https://panlex.org/snapshot/panlex-20191001-csv/10#563135>				<https://panlex.org/snapshot/panlex-20191001-csv/10#563113>		"co"@arn	
"kūma’tias"@grc	<https://panlex.org/snapshot/panlex-20191001-csv/1573#50086367>				<https://panlex.org/snapshot/panlex-20191001-csv/1573#50086304>		"ilʸkun"@arn	
"’murmēks"@grc	<https://panlex.org/snapshot/panlex-20191001-csv/1573#50087422>				<https://panlex.org/snapshot/panlex-20191001-csv/1573#50087388>		"lil"@arn	
"’hreuma"@grc	<https://panlex.org/snapshot/panlex-20191001-csv/1573#50088353>				<https://panlex.org/snapshot/panlex-20191001-csv/1573#50088182>		"l̯ewfɨ"@arn	
"a’narroia"@grc	<https://panlex.org/snapshot/panlex-20191001-csv/1573#50087986>				<https://panlex.org/snapshot/panlex-20191001-csv/1573#50087956>		"arken-ko"@arn	
"’konis"@grc	<https://panlex.org/snapshot/panlex-20191001-csv/1573#50082698>				<https://panlex.org/snapshot/panlex-20191001-csv/1573#50082606>		"ṭ͡ʀufɨr"@arn	
"’nēsos"@grc	<https://panlex.org/snapshot/panlex-20191001-csv/1573#50084767>				<https://panlex.org/snapshot/panlex-20191001-csv/1573#50084693>		"čaŋkiɲ"@arn	
"’nēsos"@grc	<https://panlex.org/snapshot/panlex-20191001-csv/1573#50084767>				<https://panlex.org/snapshot/panlex-20191001-csv/1573#50084692>		"wapi"@arn	
"’akra"@grc	<https://panlex.org/snapshot/panlex-20191001-csv/1573#50087527>				<https://panlex.org/snapshot/panlex-20191001-csv/1573#50087488>		"ṭ͡ʀoy mapu"@arn	
"’dendron"@grc	<https://panlex.org/snapshot/panlex-20191001-csv/1573#50090026>				<https://panlex.org/snapshot/panlex-20191001-csv/1573#50089930>		"aliwen"@arn	
"’dendron"@grc	<https://panlex.org/snapshot/panlex-20191001-csv/1573#50090026>				<https://panlex.org/snapshot/panlex-20191001-csv/1573#50089931>		"mamɨlʸ"@arn	
"’kʰōma"@grc	<https://panlex.org/snapshot/panlex-20191001-csv/1573#50082397>				<https://panlex.org/snapshot/panlex-20191001-csv/1573#50082294>		"mapu"@arn	
"ūra’nos"@grc	<https://panlex.org/snapshot/panlex-20191001-csv/1573#50091130>				<https://panlex.org/snapshot/panlex-20191001-csv/1573#50091038>		"wenu"@arn	
"bū’nos"@grc	<https://panlex.org/snapshot/panlex-20191001-csv/1573#50083576>				<https://panlex.org/snapshot/panlex-20191001-csv/1573#50083428>		"wiŋkul mapu"@arn	
"’skopelos"@grc	<https://panlex.org/snapshot/panlex-20191001-csv/1573#50087528>				<https://panlex.org/snapshot/panlex-20191001-csv/1573#50087488>		"ṭ͡ʀoy mapu"@arn	
"gē"@grc	<https://panlex.org/snapshot/panlex-20191001-csv/1573#50082395>				<https://panlex.org/snapshot/panlex-20191001-csv/1573#50082294>		"mapu"@arn	
"gē"@grc	<https://panlex.org/snapshot/panlex-20191001-csv/1573#50082069>				<https://panlex.org/snapshot/panlex-20191001-csv/1573#50081952>		"mapu"@arn	
"hals"@grc	<https://panlex.org/snapshot/panlex-20191001-csv/1573#50085974>				<https://panlex.org/snapshot/panlex-20191001-csv/1573#50085901>		"l̯afken̯"@arn	
"kū’mainōn"@grc	<https://panlex.org/snapshot/panlex-20191001-csv/1573#50086368>				<https://panlex.org/snapshot/panlex-20191001-csv/1573#50086304>		"ilʸkun"@arn	
"’ksulon"@grc	<https://panlex.org/snapshot/panlex-20191001-csv/1573#50090278>				<https://panlex.org/snapshot/panlex-20191001-csv/1573#50090186>		"mamɨlʸ"@arn	
"’herma"@grc	<https://panlex.org/snapshot/panlex-20191001-csv/1573#50087420>				<https://panlex.org/snapshot/panlex-20191001-csv/1573#50087388>		"lil"@arn	
"ōkea’nos"@grc	<https://panlex.org/snapshot/panlex-20191001-csv/1573#50086750>				<https://panlex.org/snapshot/panlex-20191001-csv/1573#50086689>		"l̯afken̯"@arn	
"’kʰeimarros"@grc	<https://panlex.org/snapshot/panlex-20191001-csv/1573#50088354>				<https://panlex.org/snapshot/panlex-20191001-csv/1573#50088182>		"l̯ewfɨ"@arn	
"’krēnē"@grc	<https://panlex.org/snapshot/panlex-20191001-csv/1573#50088966>				<https://panlex.org/snapshot/panlex-20191001-csv/1573#50088830>		"rɨŋan-ko"@arn	
"koi’las"@grc	<https://panlex.org/snapshot/panlex-20191001-csv/1573#50084553>				<https://panlex.org/snapshot/panlex-20191001-csv/1573#50084472>		"lʸoθko mapu"@arn	
"’tenagos"@grc	<https://panlex.org/snapshot/panlex-20191001-csv/1573#50087295>				<https://panlex.org/snapshot/panlex-20191001-csv/1573#50087251>		"lawna"@arn	
"’hēlios"@grc	<https://panlex.org/snapshot/panlex-20191001-csv/1573#50091380>				<https://panlex.org/snapshot/panlex-20191001-csv/1573#50091291>		"an̯tɨ"@arn	
"pota’mos"@grc	<https://panlex.org/snapshot/panlex-20191001-csv/1573#50088352>				<https://panlex.org/snapshot/panlex-20191001-csv/1573#50088182>		"l̯ewfɨ"@arn	
"ga’lēnē"@grc	<https://panlex.org/snapshot/panlex-20191001-csv/1573#50086188>				<https://panlex.org/snapshot/panlex-20191001-csv/1573#50086122>		"tɨŋ"@arn	
"’edapʰos"@grc	<https://panlex.org/snapshot/panlex-20191001-csv/1573#50082396>				<https://panlex.org/snapshot/panlex-20191001-csv/1573#50082294>		"mapu"@arn	
"’ampōtis"@grc	<https://panlex.org/snapshot/panlex-20191001-csv/1573#50087893>				<https://panlex.org/snapshot/panlex-20191001-csv/1573#50087854>		"ṭ͡ʀipa-ko"@arn	
"’ampōtis"@grc	<https://panlex.org/snapshot/panlex-20191001-csv/1573#50087987>				<https://panlex.org/snapshot/panlex-20191001-csv/1573#50087956>		"arken-ko"@arn	
"akrō’tērion"@grc	<https://panlex.org/snapshot/panlex-20191001-csv/1573#50087526>				<https://panlex.org/snapshot/panlex-20191001-csv/1573#50087488>		"ṭ͡ʀoy mapu"@arn	
"krē’mnos"@grc	<https://panlex.org/snapshot/panlex-20191001-csv/1573#50083953>				<https://panlex.org/snapshot/panlex-20191001-csv/1573#50083835>		"lil"@arn	
"’dinē"@grc	<https://panlex.org/snapshot/panlex-20191001-csv/1573#50088700>				<https://panlex.org/snapshot/panlex-20191001-csv/1573#50088635>		"pewɨl̯"@arn	
"’tʰalassa"@grc	<https://panlex.org/snapshot/panlex-20191001-csv/1573#50085976>				<https://panlex.org/snapshot/panlex-20191001-csv/1573#50085901>		"l̯afken̯"@arn	
"’limnē"@grc	<https://panlex.org/snapshot/panlex-20191001-csv/1573#50086957>				<https://panlex.org/snapshot/panlex-20191001-csv/1573#50086868>		"l̯afken̯"@arn	
"’hudōr"@grc	<https://panlex.org/snapshot/panlex-20191001-csv/1573#50085724>				<https://panlex.org/snapshot/panlex-20191001-csv/1573#50085637>		"ko"@arn	
"’pontos"@grc	<https://panlex.org/snapshot/panlex-20191001-csv/1573#50085975>				<https://panlex.org/snapshot/panlex-20191001-csv/1573#50085901>		"l̯afken̯"@arn	
"pē’los"@grc	<https://panlex.org/snapshot/panlex-20191001-csv/1573#50082987>				<https://panlex.org/snapshot/panlex-20191001-csv/1573#50082879>		"foṭ͡ʀa"@arn	
"’kolpos"@grc	<https://panlex.org/snapshot/panlex-20191001-csv/1573#50087154>				<https://panlex.org/snapshot/panlex-20191001-csv/1573#50087107>		"ŋion l̯afken̯"@arn	
"’psammos"@grc	<https://panlex.org/snapshot/panlex-20191001-csv/1573#50083250>				<https://panlex.org/snapshot/panlex-20191001-csv/1573#50083168>		"kuyɨm"@arn	
"’pʰrear"@grc	<https://panlex.org/snapshot/panlex-20191001-csv/1573#50088967>				<https://panlex.org/snapshot/panlex-20191001-csv/1573#50088830>		"rɨŋan-ko"@arn	
"’oros"@grc	<https://panlex.org/snapshot/panlex-20191001-csv/1573#50083579>				<https://panlex.org/snapshot/panlex-20191001-csv/1573#50083428>		"wiŋkul mapu"@arn	
"’antron"@grc	<https://panlex.org/snapshot/panlex-20191001-csv/1573#50085479>				<https://panlex.org/snapshot/panlex-20191001-csv/1573#50085398>		"lolo"@arn	
"kolō’nos"@grc	<https://panlex.org/snapshot/panlex-20191001-csv/1573#50083577>				<https://panlex.org/snapshot/panlex-20191001-csv/1573#50083428>		"wiŋkul mapu"@arn	
"’litʰos"@grc	<https://panlex.org/snapshot/panlex-20191001-csv/1573#50090590>				<https://panlex.org/snapshot/panlex-20191001-csv/1573#50090452>		"kura"@arn	
"a’ktē"@grc	<https://panlex.org/snapshot/panlex-20191001-csv/1573#50085176>				<https://panlex.org/snapshot/panlex-20191001-csv/1573#50085064>		"l̯afken̯ mapu"@arn	
"’lopʰos"@grc	<https://panlex.org/snapshot/panlex-20191001-csv/1573#50083578>				<https://panlex.org/snapshot/panlex-20191001-csv/1573#50083428>		"wiŋkul mapu"@arn	
"’pedon"@grc	<https://panlex.org/snapshot/panlex-20191001-csv/1573#50082398>				<https://panlex.org/snapshot/panlex-20191001-csv/1573#50082294>		"mapu"@arn	
"oikū’menē"@grc	<https://panlex.org/snapshot/panlex-20191001-csv/1573#50081796>				<https://panlex.org/snapshot/panlex-20191001-csv/1573#50081702>		"mapu"@arn	
"’napē"@grc	<https://panlex.org/snapshot/panlex-20191001-csv/1573#50084554>				<https://panlex.org/snapshot/panlex-20191001-csv/1573#50084472>		"lʸoθko mapu"@arn	
"sei’smos"@grc	<https://panlex.org/snapshot/panlex-20191001-csv/1573#50090923>				<https://panlex.org/snapshot/panlex-20191001-csv/1573#50090851>		"nɨyɨn"@arn	
"’hūlē"@grc	<https://panlex.org/snapshot/panlex-20191001-csv/1573#50089735>				<https://panlex.org/snapshot/panlex-20191001-csv/1573#50089642>		"mawiθa"@arn	
"’kūma"@grc	<https://panlex.org/snapshot/panlex-20191001-csv/1573#50087707>				<https://panlex.org/snapshot/panlex-20191001-csv/1573#50087624>		"reu"@arn	
"’petrā"@grc	<https://panlex.org/snapshot/panlex-20191001-csv/1573#50090591>				<https://panlex.org/snapshot/panlex-20191001-csv/1573#50090452>		"kura"@arn	
"aigia’los"@grc	<https://panlex.org/snapshot/panlex-20191001-csv/1573#50085175>				<https://panlex.org/snapshot/panlex-20191001-csv/1573#50085064>		"l̯afken̯ mapu"@arn	
"’spēlaion"@grc	<https://panlex.org/snapshot/panlex-20191001-csv/1573#50085480>				<https://panlex.org/snapshot/panlex-20191001-csv/1573#50085398>		"lolo"@arn	
"’kosmos"@grc	<https://panlex.org/snapshot/panlex-20191001-csv/1573#50081797>				<https://panlex.org/snapshot/panlex-20191001-csv/1573#50081702>		"mapu"@arn	
"katar’raktēs"@grc	<https://panlex.org/snapshot/panlex-20191001-csv/1573#50089525>				<https://panlex.org/snapshot/panlex-20191001-csv/1573#50089454>		"ṭ͡ʀayen"@arn	
"aukso’meiōsis"@grc	<https://panlex.org/snapshot/panlex-20191001-csv/1573#50087892>				<https://panlex.org/snapshot/panlex-20191001-csv/1573#50087854>		"ṭ͡ʀipa-ko"@arn	
"a’pʰros"@grc	<https://panlex.org/snapshot/panlex-20191001-csv/1573#50086544>				<https://panlex.org/snapshot/panlex-20191001-csv/1573#50086472>		"čiway"@arn	
"pe’dion"@grc	<https://panlex.org/snapshot/panlex-20191001-csv/1573#50084259>				<https://panlex.org/snapshot/panlex-20191001-csv/1573#50084129>		"keṭ͡ʀawe"@arn	
"’ēpeiros"@grc	<https://panlex.org/snapshot/panlex-20191001-csv/1573#50084965>				<https://panlex.org/snapshot/panlex-20191001-csv/1573#50084907>		"fɨta mapu"@arn	
"kʰtʰōn"@grc	<https://panlex.org/snapshot/panlex-20191001-csv/1573#50082070>				<https://panlex.org/snapshot/panlex-20191001-csv/1573#50081952>		"mapu"@arn	
"kʰoi’ras"@grc	<https://panlex.org/snapshot/panlex-20191001-csv/1573#50087419>				<https://panlex.org/snapshot/panlex-20191001-csv/1573#50087388>		"lil"@arn	
"’hupʰalos"@grc	<https://panlex.org/snapshot/panlex-20191001-csv/1573#50087421>				<https://panlex.org/snapshot/panlex-20191001-csv/1573#50087388>		"lil"@arn	
"’ammos"@grc	<https://panlex.org/snapshot/panlex-20191001-csv/1573#50083249>				<https://panlex.org/snapshot/panlex-20191001-csv/1573#50083168>		"kuyɨm"@arn	
"’helos"@grc	<https://panlex.org/snapshot/panlex-20191001-csv/1573#50089291>				<https://panlex.org/snapshot/panlex-20191001-csv/1573#50089199>		"foṭ͡ʀa-ntu"@arn	
"pē’gē"@grc	<https://panlex.org/snapshot/panlex-20191001-csv/1573#50088965>				<https://panlex.org/snapshot/panlex-20191001-csv/1573#50088830>		"rɨŋan-ko"@arn	
"πέμμα"@grc	<https://panlex.org/snapshot/panlex-20191001-csv/3776#91656729>				<https://panlex.org/snapshot/panlex-20191001-csv/3776#91656704>		"kochü kofke"@arn	
"ύδωρ"@grc	<https://panlex.org/snapshot/panlex-20191001-csv/11#787572>				<https://panlex.org/snapshot/panlex-20191001-csv/11#787476>		"ko"@arn	
