"εἰρήνη"@grc	<https://panlex.org/snapshot/panlex-20191001-csv/2902#111012057>				<https://panlex.org/snapshot/panlex-20191001-csv/2902#111012030>		"cohqwaivwh"@pim	
"οὖς"@grc	<https://panlex.org/snapshot/panlex-20191001-csv/8#180739>				<https://panlex.org/snapshot/panlex-20191001-csv/8#180768>		"ketawak"@pim	
"οὖς"@grc	<https://panlex.org/snapshot/panlex-20191001-csv/8#180739>				<https://panlex.org/snapshot/panlex-20191001-csv/8#180769>		"metawak"@pim	
"οὖς"@grc	<https://panlex.org/snapshot/panlex-20191001-csv/8#180739>				<https://panlex.org/snapshot/panlex-20191001-csv/8#180770>		"netawak"@pim	
"οὖς"@grc	<https://panlex.org/snapshot/panlex-20191001-csv/8#180739>				<https://panlex.org/snapshot/panlex-20191001-csv/8#180771>		"otawak"@pim	
