"ʼšinʼbih-pu"@cbi	<https://panlex.org/snapshot/panlex-20191001-csv/1573#50086500>				<https://panlex.org/snapshot/panlex-20191001-csv/1573#50086671>		"pʰuru"@yae	
"ʼhele"@cbi	<https://panlex.org/snapshot/panlex-20191001-csv/1573#50089676>				<https://panlex.org/snapshot/panlex-20191001-csv/1573#50089908>		"gʊ"@yae	
"ʼpiʼsunda ʼpu-tʸu"@cbi	<https://panlex.org/snapshot/panlex-20191001-csv/1573#50086145>				<https://panlex.org/snapshot/panlex-20191001-csv/1573#50086289>		"goepa"@yae	
"ʼɲi-ʼya-ʔ-ʼpala"@cbi	<https://panlex.org/snapshot/panlex-20191001-csv/1573#50085100>				<https://panlex.org/snapshot/panlex-20191001-csv/1573#50085375>		"yuro"@yae	
"ʼpi-ʼsela"@cbi	<https://panlex.org/snapshot/panlex-20191001-csv/1573#50087653>				<https://panlex.org/snapshot/panlex-20191001-csv/1573#50087840>		"gɨ̃mã"@yae	
"išla"@cbi	<https://panlex.org/snapshot/panlex-20191001-csv/1573#50084718>				<https://panlex.org/snapshot/panlex-20191001-csv/1573#50084889>		"pʰurɛ"@yae	
"ʼšu-ʼpuka"@cbi	<https://panlex.org/snapshot/panlex-20191001-csv/1573#50090504>				<https://panlex.org/snapshot/panlex-20191001-csv/1573#50090829>		"tãdɛ"@yae	
"ʼwanʼdaa"@cbi	<https://panlex.org/snapshot/panlex-20191001-csv/1573#50089231>				<https://panlex.org/snapshot/panlex-20191001-csv/1573#50089435>		"kʰara hi"@yae	
"ʼlun-ʼguyi"@cbi	<https://panlex.org/snapshot/panlex-20191001-csv/1573#50083484>				<https://panlex.org/snapshot/panlex-20191001-csv/1573#50083802>		"yãmĩ"@yae	
"ʼheen-ʼbala"@cbi	<https://panlex.org/snapshot/panlex-20191001-csv/1573#50089675>				<https://panlex.org/snapshot/panlex-20191001-csv/1573#50089908>		"gʊ"@yae	
"ʼpi-ʼsunda"@cbi	<https://panlex.org/snapshot/panlex-20191001-csv/1573#50087654>				<https://panlex.org/snapshot/panlex-20191001-csv/1573#50087840>		"gɨ̃mã"@yae	
"ʼpusu"@cbi	<https://panlex.org/snapshot/panlex-20191001-csv/1573#50088880>				<https://panlex.org/snapshot/panlex-20191001-csv/1573#50089174>		"tadɛ puɛ"@yae	
"ʼpusu"@cbi	<https://panlex.org/snapshot/panlex-20191001-csv/1573#50086905>				<https://panlex.org/snapshot/panlex-20191001-csv/1573#50087092>		"daɛ-tʰa"@yae	
"ʼpusu"@cbi	<https://panlex.org/snapshot/panlex-20191001-csv/1573#50086905>				<https://panlex.org/snapshot/panlex-20191001-csv/1573#50087093>		"tʰa"@yae	
"panba"@cbi	<https://panlex.org/snapshot/panlex-20191001-csv/1573#50084177>				<https://panlex.org/snapshot/panlex-20191001-csv/1573#50084450>		"čiri"@yae	
"ʼpihpa"@cbi	<https://panlex.org/snapshot/panlex-20191001-csv/1573#50082913>				<https://panlex.org/snapshot/panlex-20191001-csv/1573#50083149>		"kʰara"@yae	
"tu"@cbi	<https://panlex.org/snapshot/panlex-20191001-csv/1573#50081998>				<https://panlex.org/snapshot/panlex-20191001-csv/1573#50082271>		"čiri"@yae	
"tu"@cbi	<https://panlex.org/snapshot/panlex-20191001-csv/1573#50081733>				<https://panlex.org/snapshot/panlex-20191001-csv/1573#50081926>		"dabu"@yae	
"tu"@cbi	<https://panlex.org/snapshot/panlex-20191001-csv/1573#50082326>				<https://panlex.org/snapshot/panlex-20191001-csv/1573#50082586>		"dabu"@yae	
"ʼlanbaki"@cbi	<https://panlex.org/snapshot/panlex-20191001-csv/1573#50090503>				<https://panlex.org/snapshot/panlex-20191001-csv/1573#50090829>		"tãdɛ"@yae	
"ʼaʼha-ra"@cbi	<https://panlex.org/snapshot/panlex-20191001-csv/1573#50086326>				<https://panlex.org/snapshot/panlex-20191001-csv/1573#50086456>		"mãĩ da-rĩ baʊ"@yae	
"ʼuh-ʼtu-pe"@cbi	<https://panlex.org/snapshot/panlex-20191001-csv/1573#50082641>				<https://panlex.org/snapshot/panlex-20191001-csv/1573#50082853>		"dabu pʰõnõ"@yae	
"ʼtu-ʼmutu"@cbi	<https://panlex.org/snapshot/panlex-20191001-csv/1573#50087497>				<https://panlex.org/snapshot/panlex-20191001-csv/1573#50087604>		"gãõẽ yũrã"@yae	
"ʼkuyi"@cbi	<https://panlex.org/snapshot/panlex-20191001-csv/1573#50083483>				<https://panlex.org/snapshot/panlex-20191001-csv/1573#50083802>		"yãmĩ"@yae	
"ʼlaʼmaa"@cbi	<https://panlex.org/snapshot/panlex-20191001-csv/1573#50085926>				<https://panlex.org/snapshot/panlex-20191001-csv/1573#50086103>		"ui anã"@yae	
"ʼlaʼmaa"@cbi	<https://panlex.org/snapshot/panlex-20191001-csv/1573#50086710>				<https://panlex.org/snapshot/panlex-20191001-csv/1573#50086850>		"ui anã"@yae	
"ʼpi-ʼhula"@cbi	<https://panlex.org/snapshot/panlex-20191001-csv/1573#50088243>				<https://panlex.org/snapshot/panlex-20191001-csv/1573#50088610>		"bea"@yae	
"ʼpi-ʼhula"@cbi	<https://panlex.org/snapshot/panlex-20191001-csv/1573#50088243>				<https://panlex.org/snapshot/panlex-20191001-csv/1573#50088611>		"dɔrɔ"@yae	
"ʼselu"@cbi	<https://panlex.org/snapshot/panlex-20191001-csv/1573#50091072>				<https://panlex.org/snapshot/panlex-20191001-csv/1573#50091271>		"ãdɛ"@yae	
"ʼlanʼbaki"@cbi	<https://panlex.org/snapshot/panlex-20191001-csv/1573#50083890>				<https://panlex.org/snapshot/panlex-20191001-csv/1573#50084101>		"kurɛ"@yae	
"ʼΦera"@cbi	<https://panlex.org/snapshot/panlex-20191001-csv/1573#50085927>				<https://panlex.org/snapshot/panlex-20191001-csv/1573#50086103>		"ui anã"@yae	
"ʼkala"@cbi	<https://panlex.org/snapshot/panlex-20191001-csv/1573#50090875>				<https://panlex.org/snapshot/panlex-20191001-csv/1573#50091018>		"hɨ̃nɨ̃ hɨ̃nɨ̃-a-ĩ"@yae	
"ʼmuʼleʼhun"@cbi	<https://panlex.org/snapshot/panlex-20191001-csv/1573#50088656>				<https://panlex.org/snapshot/panlex-20191001-csv/1573#50088800>		"pʰãrĩ-hʊ"@yae	
"či"@cbi	<https://panlex.org/snapshot/panlex-20191001-csv/1573#50090219>				<https://panlex.org/snapshot/panlex-20191001-csv/1573#50090423>		"to"@yae	
"či"@cbi	<https://panlex.org/snapshot/panlex-20191001-csv/1573#50089968>				<https://panlex.org/snapshot/panlex-20191001-csv/1573#50090166>		"to"@yae	
"ʼpahta"@cbi	<https://panlex.org/snapshot/panlex-20191001-csv/1573#50091325>				<https://panlex.org/snapshot/panlex-20191001-csv/1573#50091519>		"do"@yae	
"pi"@cbi	<https://panlex.org/snapshot/panlex-20191001-csv/1573#50087267>				<https://panlex.org/snapshot/panlex-20191001-csv/1573#50087376>		"daɛ-tʰa"@yae	
"pi"@cbi	<https://panlex.org/snapshot/panlex-20191001-csv/1573#50087267>				<https://panlex.org/snapshot/panlex-20191001-csv/1573#50087377>		"tʰa"@yae	
"pi"@cbi	<https://panlex.org/snapshot/panlex-20191001-csv/1573#50085670>				<https://panlex.org/snapshot/panlex-20191001-csv/1573#50085878>		"ui"@yae	
"pi"@cbi	<https://panlex.org/snapshot/panlex-20191001-csv/1573#50088242>				<https://panlex.org/snapshot/panlex-20191001-csv/1573#50088610>		"bea"@yae	
"pi"@cbi	<https://panlex.org/snapshot/panlex-20191001-csv/1573#50088242>				<https://panlex.org/snapshot/panlex-20191001-csv/1573#50088611>		"dɔrɔ"@yae	
"ʼčinʼbih-pu"@cbi	<https://panlex.org/snapshot/panlex-20191001-csv/1573#50086499>				<https://panlex.org/snapshot/panlex-20191001-csv/1573#50086671>		"pʰuru"@yae	
"ʼtu-ʼhuru"@cbi	<https://panlex.org/snapshot/panlex-20191001-csv/1573#50085429>				<https://panlex.org/snapshot/panlex-20191001-csv/1573#50085620>		"tãdɛ kʰɔrɛ"@yae	
"ʼkuh-tu"@cbi	<https://panlex.org/snapshot/panlex-20191001-csv/1573#50083889>				<https://panlex.org/snapshot/panlex-20191001-csv/1573#50084101>		"kurɛ"@yae	
"ʼɲii-pe"@cbi	<https://panlex.org/snapshot/panlex-20191001-csv/1573#50083201>				<https://panlex.org/snapshot/panlex-20191001-csv/1573#50083396>		"dabu nẽgẽ"@yae	
