"ae-"@mox	<https://panlex.org/snapshot/panlex-20191001-csv/114#8053410>				<https://panlex.org/snapshot/panlex-20191001-csv/114#8053579>		"mi kakena"@tbf	
"ae-"@mox	<https://panlex.org/snapshot/panlex-20191001-csv/114#8053410>				<https://panlex.org/snapshot/panlex-20191001-csv/114#8053578>		"kakena"@tbf	
"ae-"@mox	<https://panlex.org/snapshot/panlex-20191001-csv/114#8053410>				<https://panlex.org/snapshot/panlex-20191001-csv/114#8053577>		"kake-na"@tbf	
"ʔunuʔunu"@mox	<https://panlex.org/snapshot/panlex-20191001-csv/114#8063686>				<https://panlex.org/snapshot/panlex-20191001-csv/114#8063847>		"kova-na"@tbf	
"ʔunuʔunu"@mox	<https://panlex.org/snapshot/panlex-20191001-csv/114#8063686>				<https://panlex.org/snapshot/panlex-20191001-csv/114#8063848>		"mi kovana"@tbf	
"nao[nao]"@mox	<https://panlex.org/snapshot/panlex-20191001-csv/114#8053995>				<https://panlex.org/snapshot/panlex-20191001-csv/114#8054165>		"vasi"@tbf	
"diya-"@mox	<https://panlex.org/snapshot/panlex-20191001-csv/114#8059580>				<https://panlex.org/snapshot/panlex-20191001-csv/114#8059717>		"tinaina"@tbf	
"diya-"@mox	<https://panlex.org/snapshot/panlex-20191001-csv/114#8059580>				<https://panlex.org/snapshot/panlex-20191001-csv/114#8059716>		"tinai-na"@tbf	
"ʔawa"@mox	<https://panlex.org/snapshot/panlex-20191001-csv/114#8066792>				<https://panlex.org/snapshot/panlex-20191001-csv/114#8066960>		"mi ŋujuna"@tbf	
"ʔawa"@mox	<https://panlex.org/snapshot/panlex-20191001-csv/114#8066792>				<https://panlex.org/snapshot/panlex-20191001-csv/114#8066961>		"ŋuju-na"@tbf	
"nuanua-"@mox	<https://panlex.org/snapshot/panlex-20191001-csv/114#8062150>				<https://panlex.org/snapshot/panlex-20191001-csv/114#8062286>		"vadovadona"@tbf	
"lulu-"@mox	<https://panlex.org/snapshot/panlex-20191001-csv/114#8059097>				<https://panlex.org/snapshot/panlex-20191001-csv/114#8059244>		"jirina"@tbf	
"lulu-"@mox	<https://panlex.org/snapshot/panlex-20191001-csv/114#8059097>				<https://panlex.org/snapshot/panlex-20191001-csv/114#8059243>		"jiri-na"@tbf	
"su|lala-"@mox	<https://panlex.org/snapshot/panlex-20191001-csv/114#8063147>				<https://panlex.org/snapshot/panlex-20191001-csv/114#8063299>		"dara-na"@tbf	
"su|lala-"@mox	<https://panlex.org/snapshot/panlex-20191001-csv/114#8063147>				<https://panlex.org/snapshot/panlex-20191001-csv/114#8063300>		"darana"@tbf	
"maga-"@mox	<https://panlex.org/snapshot/panlex-20191001-csv/114#8064228>				<https://panlex.org/snapshot/panlex-20191001-csv/114#8064383>		"konokono-na"@tbf	
"maga-"@mox	<https://panlex.org/snapshot/panlex-20191001-csv/114#8064228>				<https://panlex.org/snapshot/panlex-20191001-csv/114#8064384>		"mi konokonona"@tbf	
"pusa-"@mox	<https://panlex.org/snapshot/panlex-20191001-csv/114#8057520>				<https://panlex.org/snapshot/panlex-20191001-csv/114#8057674>		"kurikurina"@tbf	
"pusa-"@mox	<https://panlex.org/snapshot/panlex-20191001-csv/114#8057520>				<https://panlex.org/snapshot/panlex-20191001-csv/114#8057673>		"kurikuri-na"@tbf	
