"ae-"@mox	<https://panlex.org/snapshot/panlex-20191001-csv/114#8053410>				<https://panlex.org/snapshot/panlex-20191001-csv/114#8053175>		"siki"@btw	
"ʔunuʔunu"@mox	<https://panlex.org/snapshot/panlex-20191001-csv/114#8063686>				<https://panlex.org/snapshot/panlex-20191001-csv/114#8063458>		"oo"@btw	
"nao[nao]"@mox	<https://panlex.org/snapshot/panlex-20191001-csv/114#8053995>				<https://panlex.org/snapshot/panlex-20191001-csv/114#8053749>		"mopanaw"@btw	
"diya-"@mox	<https://panlex.org/snapshot/panlex-20191001-csv/114#8059580>				<https://panlex.org/snapshot/panlex-20191001-csv/114#8059385>		"tinai"@btw	
"ʔawa"@mox	<https://panlex.org/snapshot/panlex-20191001-csv/114#8066792>				<https://panlex.org/snapshot/panlex-20191001-csv/114#8066565>		"baba"@btw	
"nuanua-"@mox	<https://panlex.org/snapshot/panlex-20191001-csv/114#8062150>				<https://panlex.org/snapshot/panlex-20191001-csv/114#8061963>		"maghonahona"@btw	
"lulu-"@mox	<https://panlex.org/snapshot/panlex-20191001-csv/114#8059097>				<https://panlex.org/snapshot/panlex-20191001-csv/114#8058887>		"bukog"@btw	
"su|lala-"@mox	<https://panlex.org/snapshot/panlex-20191001-csv/114#8063147>				<https://panlex.org/snapshot/panlex-20191001-csv/114#8062934>		"dugo"@btw	
"maga-"@mox	<https://panlex.org/snapshot/panlex-20191001-csv/114#8064228>				<https://panlex.org/snapshot/panlex-20191001-csv/114#8064008>		"liug"@btw	
"pusa-"@mox	<https://panlex.org/snapshot/panlex-20191001-csv/114#8057520>				<https://panlex.org/snapshot/panlex-20191001-csv/114#8057303>		"panit"@btw	
