"mãṣ̌a poiti"@yaa	<https://panlex.org/snapshot/panlex-20191001-csv/1573#50089621>				<https://panlex.org/snapshot/panlex-20191001-csv/1573#50089541>		"ǰrvež"@hy	
"koṣ̌a"@yaa	<https://panlex.org/snapshot/panlex-20191001-csv/1573#50090421>				<https://panlex.org/snapshot/panlex-20191001-csv/1573#50090295>		"pʰaytˀ"@hy	
"maβa"@yaa	<https://panlex.org/snapshot/panlex-20191001-csv/1573#50084098>				<https://panlex.org/snapshot/panlex-20191001-csv/1573#50083968>		"andund"@hy	
"maβa"@yaa	<https://panlex.org/snapshot/panlex-20191001-csv/1573#50084098>				<https://panlex.org/snapshot/panlex-20191001-csv/1573#50083970>		"žayr̃"@hy	
"maβa"@yaa	<https://panlex.org/snapshot/panlex-20191001-csv/1573#50084098>				<https://panlex.org/snapshot/panlex-20191001-csv/1573#50083969>		"vih"@hy	
"tokiri"@yaa	<https://panlex.org/snapshot/panlex-20191001-csv/1573#50090826>				<https://panlex.org/snapshot/panlex-20191001-csv/1573#50090615>		"žayr̃"@hy	
"tokiri"@yaa	<https://panlex.org/snapshot/panlex-20191001-csv/1573#50090826>				<https://panlex.org/snapshot/panlex-20191001-csv/1573#50090614>		"kʰar"@hy	
"βaka-βã"@yaa	<https://panlex.org/snapshot/panlex-20191001-csv/1573#50086100>				<https://panlex.org/snapshot/panlex-20191001-csv/1573#50085988>		"c̷ˀov"@hy	
"βaka-βã"@yaa	<https://panlex.org/snapshot/panlex-20191001-csv/1573#50086847>				<https://panlex.org/snapshot/panlex-20191001-csv/1573#50086762>		"ovkˀianos"@hy	
"makɨṣ̌"@yaa	<https://panlex.org/snapshot/panlex-20191001-csv/1573#50090825>				<https://panlex.org/snapshot/panlex-20191001-csv/1573#50090615>		"žayr̃"@hy	
"makɨṣ̌"@yaa	<https://panlex.org/snapshot/panlex-20191001-csv/1573#50090825>				<https://panlex.org/snapshot/panlex-20191001-csv/1573#50090614>		"kʰar"@hy	
"mãči kɨya"@yaa	<https://panlex.org/snapshot/panlex-20191001-csv/1573#50083799>				<https://panlex.org/snapshot/panlex-20191001-csv/1573#50083601>		"blur"@hy	
"mãči kɨya"@yaa	<https://panlex.org/snapshot/panlex-20191001-csv/1573#50083799>				<https://panlex.org/snapshot/panlex-20191001-csv/1573#50083602>		"ler̃"@hy	
"mãči kɨya"@yaa	<https://panlex.org/snapshot/panlex-20191001-csv/1573#50083799>				<https://panlex.org/snapshot/panlex-20191001-csv/1573#50083603>		"sar"@hy	
"ṣ̌ini"@yaa	<https://panlex.org/snapshot/panlex-20191001-csv/1573#50091516>				<https://panlex.org/snapshot/panlex-20191001-csv/1573#50091394>		"arev"@hy	
"mači tɨnãmã naki-raβɨ"@yaa	<https://panlex.org/snapshot/panlex-20191001-csv/1573#50084670>				<https://panlex.org/snapshot/panlex-20191001-csv/1573#50084566>		"hovitˀ"@hy	
"mači tɨnãmã naki-raβɨ"@yaa	<https://panlex.org/snapshot/panlex-20191001-csv/1573#50084670>				<https://panlex.org/snapshot/panlex-20191001-csv/1573#50084565>		"d͜zor"@hy	
"iβi"@yaa	<https://panlex.org/snapshot/panlex-20191001-csv/1573#50090164>				<https://panlex.org/snapshot/panlex-20191001-csv/1573#50090041>		"c̷ˀar̃"@hy	
"βaka nɨ̃ṣ̌pakĩa mai"@yaa	<https://panlex.org/snapshot/panlex-20191001-csv/1573#50084886>				<https://panlex.org/snapshot/panlex-20191001-csv/1573#50084781>		"kˀɣzi"@hy	
"βaka amãnão ṣ̌ačiβo"@yaa	<https://panlex.org/snapshot/panlex-20191001-csv/1573#50087373>				<https://panlex.org/snapshot/panlex-20191001-csv/1573#50087309>		"c̷ˀovaličˀ"@hy	
"ṣ̌ɨṣ̌a"@yaa	<https://panlex.org/snapshot/panlex-20191001-csv/1573#50088606>				<https://panlex.org/snapshot/panlex-20191001-csv/1573#50088377>		"hosankʰ"@hy	
"ṣ̌ɨṣ̌a"@yaa	<https://panlex.org/snapshot/panlex-20191001-csv/1573#50088606>				<https://panlex.org/snapshot/panlex-20191001-csv/1573#50088375>		"ar̃u"@hy	
"ṣ̌ɨṣ̌a"@yaa	<https://panlex.org/snapshot/panlex-20191001-csv/1573#50088606>				<https://panlex.org/snapshot/panlex-20191001-csv/1573#50088376>		"getˀ"@hy	
"βaka"@yaa	<https://panlex.org/snapshot/panlex-20191001-csv/1573#50085876>				<https://panlex.org/snapshot/panlex-20191001-csv/1573#50085739>		"ǰur"@hy	
"βaka"@yaa	<https://panlex.org/snapshot/panlex-20191001-csv/1573#50088605>				<https://panlex.org/snapshot/panlex-20191001-csv/1573#50088377>		"hosankʰ"@hy	
"βaka"@yaa	<https://panlex.org/snapshot/panlex-20191001-csv/1573#50088605>				<https://panlex.org/snapshot/panlex-20191001-csv/1573#50088375>		"ar̃u"@hy	
"βaka"@yaa	<https://panlex.org/snapshot/panlex-20191001-csv/1573#50088605>				<https://panlex.org/snapshot/panlex-20191001-csv/1573#50088376>		"getˀ"@hy	
"nai"@yaa	<https://panlex.org/snapshot/panlex-20191001-csv/1573#50091267>				<https://panlex.org/snapshot/panlex-20191001-csv/1573#50091142>		"yerkˀinkʰ"@hy	
"βaka čitia"@yaa	<https://panlex.org/snapshot/panlex-20191001-csv/1573#50087239>				<https://panlex.org/snapshot/panlex-20191001-csv/1573#50087163>		"c̷ˀovac̷ˀoc̷ʰ"@hy	
"βaka čitia"@yaa	<https://panlex.org/snapshot/panlex-20191001-csv/1573#50087239>				<https://panlex.org/snapshot/panlex-20191001-csv/1573#50087164>		"c̷ˀovaxorš"@hy	
"mɨβɨ"@yaa	<https://panlex.org/snapshot/panlex-20191001-csv/1573#50083147>				<https://panlex.org/snapshot/panlex-20191001-csv/1573#50083004>		"c̷ʰex"@hy	
"mĩ-ma-βa"@yaa	<https://panlex.org/snapshot/panlex-20191001-csv/1573#50091016>				<https://panlex.org/snapshot/panlex-20191001-csv/1573#50090934>		"yerkˀrašarž"@hy	
"βãka-βã βɨro iki"@yaa	<https://panlex.org/snapshot/panlex-20191001-csv/1573#50086454>				<https://panlex.org/snapshot/panlex-20191001-csv/1573#50086376>		"alekˀoc̷ˀ"@hy	
"βãka-βã βɨro iki"@yaa	<https://panlex.org/snapshot/panlex-20191001-csv/1573#50086454>				<https://panlex.org/snapshot/panlex-20191001-csv/1573#50086377>		"pʰotʰorkˀotˀ"@hy	
"maši"@yaa	<https://panlex.org/snapshot/panlex-20191001-csv/1573#50083393>				<https://panlex.org/snapshot/panlex-20191001-csv/1573#50083264>		"avaz"@hy	
"βãka-βã βɨro ikima"@yaa	<https://panlex.org/snapshot/panlex-20191001-csv/1573#50086287>				<https://panlex.org/snapshot/panlex-20191001-csv/1573#50086198>		"xaɣag"@hy	
"βãka-βã βɨro ikima"@yaa	<https://panlex.org/snapshot/panlex-20191001-csv/1573#50086287>				<https://panlex.org/snapshot/panlex-20191001-csv/1573#50086197>		"handartˀ"@hy	
"mapo"@yaa	<https://panlex.org/snapshot/panlex-20191001-csv/1573#50082851>				<https://panlex.org/snapshot/panlex-20191001-csv/1573#50082717>		"pʰoši"@hy	
"ĩa"@yaa	<https://panlex.org/snapshot/panlex-20191001-csv/1573#50087088>				<https://panlex.org/snapshot/panlex-20191001-csv/1573#50086970>		"ličˀ"@hy	
"mai-tio"@yaa	<https://panlex.org/snapshot/panlex-20191001-csv/1573#50081923>				<https://panlex.org/snapshot/panlex-20191001-csv/1573#50081808>		"ašxarh"@hy	
"mai ɨβapa"@yaa	<https://panlex.org/snapshot/panlex-20191001-csv/1573#50085042>				<https://panlex.org/snapshot/panlex-20191001-csv/1573#50084978>		"mayr c̷ʰamakʰ"@hy	
"aṣ̌ka"@yaa	<https://panlex.org/snapshot/panlex-20191001-csv/1573#50088604>				<https://panlex.org/snapshot/panlex-20191001-csv/1573#50088377>		"hosankʰ"@hy	
"aṣ̌ka"@yaa	<https://panlex.org/snapshot/panlex-20191001-csv/1573#50088604>				<https://panlex.org/snapshot/panlex-20191001-csv/1573#50088375>		"ar̃u"@hy	
"aṣ̌ka"@yaa	<https://panlex.org/snapshot/panlex-20191001-csv/1573#50088604>				<https://panlex.org/snapshot/panlex-20191001-csv/1573#50088376>		"getˀ"@hy	
"βaka šiβi"@yaa	<https://panlex.org/snapshot/panlex-20191001-csv/1573#50088798>				<https://panlex.org/snapshot/panlex-20191001-csv/1573#50088712>		"hord͜zankʰ"@hy	
"βaka šiβi"@yaa	<https://panlex.org/snapshot/panlex-20191001-csv/1573#50088798>				<https://panlex.org/snapshot/panlex-20191001-csv/1573#50088713>		"ǰrapˀtˀuytˀ"@hy	
"mai mĩspa"@yaa	<https://panlex.org/snapshot/panlex-20191001-csv/1573#50084447>				<https://panlex.org/snapshot/panlex-20191001-csv/1573#50084280>		"hartʰavayr"@hy	
"mai mĩspa"@yaa	<https://panlex.org/snapshot/panlex-20191001-csv/1573#50084447>				<https://panlex.org/snapshot/panlex-20191001-csv/1573#50084279>		"daštˀ"@hy	
"βaka kɨ̃sɨmɨ̃"@yaa	<https://panlex.org/snapshot/panlex-20191001-csv/1573#50085370>				<https://panlex.org/snapshot/panlex-20191001-csv/1573#50085197>		"c̷ˀovapʰ"@hy	
"βaka kɨ̃sɨmɨ̃"@yaa	<https://panlex.org/snapshot/panlex-20191001-csv/1573#50085370>				<https://panlex.org/snapshot/panlex-20191001-csv/1573#50085198>		"c̷ˀovezerkʰ"@hy	
"βaka kɨ̃sɨmɨ̃"@yaa	<https://panlex.org/snapshot/panlex-20191001-csv/1573#50085370>				<https://panlex.org/snapshot/panlex-20191001-csv/1573#50085199>		"c̷ˀovezr"@hy	
"βaka pakɨai"@yaa	<https://panlex.org/snapshot/panlex-20191001-csv/1573#50087838>				<https://panlex.org/snapshot/panlex-20191001-csv/1573#50087721>		"alikʰ"@hy	
"nii"@yaa	<https://panlex.org/snapshot/panlex-20191001-csv/1573#50089906>				<https://panlex.org/snapshot/panlex-20191001-csv/1573#50089757>		"antˀar̃"@hy	
"βãkoṣ̌"@yaa	<https://panlex.org/snapshot/panlex-20191001-csv/1573#50086668>				<https://panlex.org/snapshot/panlex-20191001-csv/1573#50086556>		"pʰrpʰur"@hy	
"tapɨiti"@yaa	<https://panlex.org/snapshot/panlex-20191001-csv/1573#50085618>				<https://panlex.org/snapshot/panlex-20191001-csv/1573#50085499>		"kʰarand͜zav"@hy	
"tapɨiti"@yaa	<https://panlex.org/snapshot/panlex-20191001-csv/1573#50085618>				<https://panlex.org/snapshot/panlex-20191001-csv/1573#50085500>		"kʰarayr"@hy	
"tapɨiti"@yaa	<https://panlex.org/snapshot/panlex-20191001-csv/1573#50085618>				<https://panlex.org/snapshot/panlex-20191001-csv/1573#50085498>		"ayr"@hy	
"mai"@yaa	<https://panlex.org/snapshot/panlex-20191001-csv/1573#50082583>				<https://panlex.org/snapshot/panlex-20191001-csv/1573#50082419>		"hoɣ"@hy	
"mai"@yaa	<https://panlex.org/snapshot/panlex-20191001-csv/1573#50082267>				<https://panlex.org/snapshot/panlex-20191001-csv/1573#50082088>		"yerkˀragund"@hy	
"mai"@yaa	<https://panlex.org/snapshot/panlex-20191001-csv/1573#50082267>				<https://panlex.org/snapshot/panlex-20191001-csv/1573#50082087>		"yerkˀir"@hy	
