"'ira"@oia	<https://panlex.org/snapshot/panlex-20191001-csv/12#851095>				<https://panlex.org/snapshot/panlex-20191001-csv/12#850953>		"wael"@htu	
"atutapmodo"@oia	<https://panlex.org/snapshot/panlex-20191001-csv/114#8059631>				<https://panlex.org/snapshot/panlex-20191001-csv/114#8059448>		"hatua walit"@htu	
"uhuhu"@oia	<https://panlex.org/snapshot/panlex-20191001-csv/114#8061179>				<https://panlex.org/snapshot/panlex-20191001-csv/114#8061000>		"hala"@htu	
"ʼwain"@oia	<https://panlex.org/snapshot/panlex-20191001-csv/114#8067408>				<https://panlex.org/snapshot/panlex-20191001-csv/114#8067196>		"niki"@htu	
"iʼjar"@oia	<https://panlex.org/snapshot/panlex-20191001-csv/114#8054573>				<https://panlex.org/snapshot/panlex-20191001-csv/114#8054396>		"lalan"@htu	
"wel"@oia	<https://panlex.org/snapshot/panlex-20191001-csv/114#8052482>				<https://panlex.org/snapshot/panlex-20191001-csv/114#8052303>		"pahuweʔe"@htu	
"ʼlar"@oia	<https://panlex.org/snapshot/panlex-20191001-csv/114#8060111>				<https://panlex.org/snapshot/panlex-20191001-csv/114#8059922>		"hatua"@htu	
"ʼwata"@oia	<https://panlex.org/snapshot/panlex-20191001-csv/114#8064818>				<https://panlex.org/snapshot/panlex-20191001-csv/114#8064621>		"keul"@htu	
"amseke"@oia	<https://panlex.org/snapshot/panlex-20191001-csv/114#8056594>				<https://panlex.org/snapshot/panlex-20191001-csv/114#8056402>		"paʔatone"@htu	
"ʼsusu"@oia	<https://panlex.org/snapshot/panlex-20191001-csv/114#8060661>				<https://panlex.org/snapshot/panlex-20191001-csv/114#8060439>		"susu"@htu	
"murʼwana"@oia	<https://panlex.org/snapshot/panlex-20191001-csv/114#8065379>				<https://panlex.org/snapshot/panlex-20191001-csv/114#8065171>		"ilu-"@htu	
"kirakira"@oia	<https://panlex.org/snapshot/panlex-20191001-csv/114#8062201>				<https://panlex.org/snapshot/panlex-20191001-csv/114#8062026>		"pikir"@htu	
"'ira"@oia	<https://panlex.org/snapshot/panlex-20191001-csv/11#787693>				<https://panlex.org/snapshot/panlex-20191001-csv/11#787588>		"wael"@htu	
