"yuraj"@quz	<https://panlex.org/snapshot/panlex-20191001-csv/5947#84639826>				<https://panlex.org/snapshot/panlex-20191001-csv/5947#84639787>		"valgei"@krl	
"anca"@quz	<https://panlex.org/snapshot/panlex-20191001-csv/5947#84782337>				<https://panlex.org/snapshot/panlex-20191001-csv/5947#84782298>		"kotku"@krl	
"rirpu"@quz	<https://panlex.org/snapshot/panlex-20191001-csv/5946#84446290>				<https://panlex.org/snapshot/panlex-20191001-csv/5946#84446236>		"zirkalo"@krl	
"Chakra yapuy killa"@quz	<https://panlex.org/snapshot/panlex-20191001-csv/5949#85329473>				<https://panlex.org/snapshot/panlex-20191001-csv/5949#85329407>		"elokuu"@krl	
"Qhapaq situwa killa"@quz	<https://panlex.org/snapshot/panlex-20191001-csv/5949#85329472>				<https://panlex.org/snapshot/panlex-20191001-csv/5949#85329407>		"elokuu"@krl	
"Awustu"@quz	<https://panlex.org/snapshot/panlex-20191001-csv/5949#85329471>				<https://panlex.org/snapshot/panlex-20191001-csv/5949#85329407>		"elokuu"@krl	
"uma"@quz	<https://panlex.org/snapshot/panlex-20191001-csv/5943#83407013>				<https://panlex.org/snapshot/panlex-20191001-csv/5943#83407005>		"peä"@krl	
"uywa"@quz	<https://panlex.org/snapshot/panlex-20191001-csv/5943#83323590>				<https://panlex.org/snapshot/panlex-20191001-csv/5943#83323582>		"hebo"@krl	
"mallki"@quz	<https://panlex.org/snapshot/panlex-20191001-csv/5943#83405816>				<https://panlex.org/snapshot/panlex-20191001-csv/5943#83405806>		"puu"@krl	
"sumaq"@quz	<https://panlex.org/snapshot/panlex-20191001-csv/5943#83327933>				<https://panlex.org/snapshot/panlex-20191001-csv/5943#83327911>		"hyvä"@krl	
"kusa"@quz	<https://panlex.org/snapshot/panlex-20191001-csv/5943#83327934>				<https://panlex.org/snapshot/panlex-20191001-csv/5943#83327911>		"hyvä"@krl	
"yarqay"@quz	<https://panlex.org/snapshot/panlex-20191001-csv/5943#83387176>				<https://panlex.org/snapshot/panlex-20191001-csv/5943#83387171>		"nälgy"@krl	
