"Pulunya"@quz	<https://panlex.org/snapshot/panlex-20191001-csv/5947#84607813>				<https://panlex.org/snapshot/panlex-20191001-csv/5947#84607694>		"Pŏ̤-làng"@cdo	
"qhiti"@quz	<https://panlex.org/snapshot/panlex-20191001-csv/5946#84445592>				<https://panlex.org/snapshot/panlex-20191001-csv/5946#84445553>		"hŭng-muòng"@cdo	
"Awstralya"@quz	<https://panlex.org/snapshot/panlex-20191001-csv/5949#85298211>				<https://panlex.org/snapshot/panlex-20191001-csv/5949#85298087>		"Ó̤-ciŭ"@cdo	
"Dyuspa Simin Qillqa"@quz	<https://panlex.org/snapshot/panlex-20191001-csv/5949#85302768>				<https://panlex.org/snapshot/panlex-20191001-csv/5949#85302650>		"Séng-gĭng"@cdo	
"Turkiya"@quz	<https://panlex.org/snapshot/panlex-20191001-csv/5949#85322575>				<https://panlex.org/snapshot/panlex-20191001-csv/5949#85322474>		"Tū-ī-gì"@cdo	
"wiñay kawsay"@quz	<https://panlex.org/snapshot/panlex-20191001-csv/5942#83282313>				<https://panlex.org/snapshot/panlex-20191001-csv/5942#83282225>		"lĭk-sṳ̄"@cdo	
