"karkuin"@rri	<https://panlex.org/snapshot/panlex-20191001-csv/5943#83323790>				<https://panlex.org/snapshot/panlex-20191001-csv/5943#83323761>		"atip"@lhn	
"bic"@rri	<https://panlex.org/snapshot/panlex-20191001-csv/12#851133>				<https://panlex.org/snapshot/panlex-20191001-csv/12#851014>		"danum"@lhn	
"karkuin"@rri	<https://panlex.org/snapshot/panlex-20191001-csv/15#967058>				<https://panlex.org/snapshot/panlex-20191001-csv/15#967024>		"atip"@lhn	
"bór"@rri	<https://panlex.org/snapshot/panlex-20191001-csv/114#8056126>				<https://panlex.org/snapshot/panlex-20191001-csv/114#8055959>		"satoŋ"@lhn	
"kököm"@rri	<https://panlex.org/snapshot/panlex-20191001-csv/114#8058117>				<https://panlex.org/snapshot/panlex-20191001-csv/114#8057970>		"likut"@lhn	
"ŋiŋir"@rri	<https://panlex.org/snapshot/panlex-20191001-csv/114#8065419>				<https://panlex.org/snapshot/panlex-20191001-csv/114#8065256>		"uroŋ"@lhn	
"zo"@rri	<https://panlex.org/snapshot/panlex-20191001-csv/114#8054096>				<https://panlex.org/snapshot/panlex-20191001-csv/114#8053925>		"b|lakaw"@lhn	
"nikin"@rri	<https://panlex.org/snapshot/panlex-20191001-csv/114#8053512>				<https://panlex.org/snapshot/panlex-20191001-csv/114#8053343>		"bəti"@lhn	
"madak"@rri	<https://panlex.org/snapshot/panlex-20191001-csv/114#8063241>				<https://panlex.org/snapshot/panlex-20191001-csv/114#8063076>		"laʔa"@lhn	
"kujuk"@rri	<https://panlex.org/snapshot/panlex-20191001-csv/114#8063782>				<https://panlex.org/snapshot/panlex-20191001-csv/114#8063621>		"kuhoŋ"@lhn	
"zes"@rri	<https://panlex.org/snapshot/panlex-20191001-csv/114#8062740>				<https://panlex.org/snapshot/panlex-20191001-csv/114#8062586>		"poʔut"@lhn	
