"Pfaelzisch"@en	<https://panlex.org/snapshot/panlex-20191001-csv/6708#112338265>				<https://panlex.org/snapshot/panlex-20191001-csv/6708#112338263>		"Pälzisch"@pfl	
"United Nations"@en	<https://panlex.org/snapshot/panlex-20191001-csv/5940#81285914>				<https://panlex.org/snapshot/panlex-20191001-csv/5940#81285986>		"Verainde Nadsione"@pfl	
"Zurich"@en	<https://panlex.org/snapshot/panlex-20191001-csv/5949#85324449>				<https://panlex.org/snapshot/panlex-20191001-csv/5949#85324499>		"Zirich"@pfl	
"Berlin"@en	<https://panlex.org/snapshot/panlex-20191001-csv/5949#85302414>				<https://panlex.org/snapshot/panlex-20191001-csv/5949#85302508>		"Balin"@pfl	
"Bible"@en	<https://panlex.org/snapshot/panlex-20191001-csv/5949#85302668>				<https://panlex.org/snapshot/panlex-20191001-csv/5949#85302764>		"Biewel"@pfl	
