"sand"@en	<https://panlex.org/snapshot/panlex-20191001-csv/5943#83323733>				<https://panlex.org/snapshot/panlex-20191001-csv/5943#83323786>		"abuduk"@pyu	
"gravel"@en	<https://panlex.org/snapshot/panlex-20191001-csv/5943#83323732>				<https://panlex.org/snapshot/panlex-20191001-csv/5943#83323786>		"abuduk"@pyu	
"grit"@en	<https://panlex.org/snapshot/panlex-20191001-csv/5943#83323731>				<https://panlex.org/snapshot/panlex-20191001-csv/5943#83323786>		"abuduk"@pyu	
"water"@en	<https://panlex.org/snapshot/panlex-20191001-csv/12#850905>				<https://panlex.org/snapshot/panlex-20191001-csv/12#851118>		"ane"@pyu	
"water"@en	<https://panlex.org/snapshot/panlex-20191001-csv/12#850905>				<https://panlex.org/snapshot/panlex-20191001-csv/12#851120>		"nnai"@pyu	
"water"@en	<https://panlex.org/snapshot/panlex-20191001-csv/12#850905>				<https://panlex.org/snapshot/panlex-20191001-csv/12#851119>		"a-tuei"@pyu	
"gravel"@en	<https://panlex.org/snapshot/panlex-20191001-csv/15#966998>				<https://panlex.org/snapshot/panlex-20191001-csv/15#967055>		"abuduk"@pyu	
"sand"@en	<https://panlex.org/snapshot/panlex-20191001-csv/15#967000>				<https://panlex.org/snapshot/panlex-20191001-csv/15#967055>		"abuduk"@pyu	
"grit"@en	<https://panlex.org/snapshot/panlex-20191001-csv/15#966999>				<https://panlex.org/snapshot/panlex-20191001-csv/15#967055>		"abuduk"@pyu	
"blood"@en	<https://panlex.org/snapshot/panlex-20191001-csv/114#8062975>				<https://panlex.org/snapshot/panlex-20191001-csv/114#8063233>		"ðaráq̂"@pyu	
"blood"@en	<https://panlex.org/snapshot/panlex-20191001-csv/114#8062975>				<https://panlex.org/snapshot/panlex-20191001-csv/114#8063231>		"damok"@pyu	
"blood"@en	<https://panlex.org/snapshot/panlex-20191001-csv/114#8062975>				<https://panlex.org/snapshot/panlex-20191001-csv/114#8063232>		"modomok"@pyu	
"nose"@en	<https://panlex.org/snapshot/panlex-20191001-csv/114#8065139>				<https://panlex.org/snapshot/panlex-20191001-csv/114#8065411>		"ʔunṭán"@pyu	
"nose"@en	<https://panlex.org/snapshot/panlex-20191001-csv/114#8065139>				<https://panlex.org/snapshot/panlex-20191001-csv/114#8065410>		"atenguran"@pyu	
"nose"@en	<https://panlex.org/snapshot/panlex-20191001-csv/114#8065139>				<https://panlex.org/snapshot/panlex-20191001-csv/114#8065409>		"antingran"@pyu	
"hair"@en	<https://panlex.org/snapshot/panlex-20191001-csv/114#8064588>				<https://panlex.org/snapshot/panlex-20191001-csv/114#8064851>		"aruvo"@pyu	
"hair"@en	<https://panlex.org/snapshot/panlex-20191001-csv/114#8064588>				<https://panlex.org/snapshot/panlex-20191001-csv/114#8064852>		"q̂arvó"@pyu	
"tooth"@en	<https://panlex.org/snapshot/panlex-20191001-csv/114#8067164>				<https://panlex.org/snapshot/panlex-20191001-csv/114#8067444>		"wáliʔ"@pyu	
"tooth"@en	<https://panlex.org/snapshot/panlex-20191001-csv/114#8067164>				<https://panlex.org/snapshot/panlex-20191001-csv/114#8067443>		"ware"@pyu	
"foot"@en	<https://panlex.org/snapshot/panlex-20191001-csv/114#8053219>				<https://panlex.org/snapshot/panlex-20191001-csv/114#8053501>		"kuíʔ"@pyu	
"skin"@en	<https://panlex.org/snapshot/panlex-20191001-csv/114#8057347>				<https://panlex.org/snapshot/panlex-20191001-csv/114#8057601>		"ruviṭ"@pyu	
"be knowledgeable"@en	<https://panlex.org/snapshot/panlex-20191001-csv/114#8061461>				<https://panlex.org/snapshot/panlex-20191001-csv/114#8061743>		"maẓalám"@pyu	
"bone"@en	<https://panlex.org/snapshot/panlex-20191001-csv/114#8058927>				<https://panlex.org/snapshot/panlex-20191001-csv/114#8059177>		"ʔokák"@pyu	
"right"@en	<https://panlex.org/snapshot/panlex-20191001-csv/114#8052742>				<https://panlex.org/snapshot/panlex-20191001-csv/114#8052973>		"tarawalán"@pyu	
"hand"@en	<https://panlex.org/snapshot/panlex-20191001-csv/114#8051734>				<https://panlex.org/snapshot/panlex-20191001-csv/114#8052014>		"darukap"@pyu	
"hand"@en	<https://panlex.org/snapshot/panlex-20191001-csv/114#8051734>				<https://panlex.org/snapshot/panlex-20191001-csv/114#8052016>		"rima"@pyu	
"hand"@en	<https://panlex.org/snapshot/panlex-20191001-csv/114#8051734>				<https://panlex.org/snapshot/panlex-20191001-csv/114#8052015>		"limaʔ"@pyu	
"belly"@en	<https://panlex.org/snapshot/panlex-20191001-csv/114#8058369>				<https://panlex.org/snapshot/panlex-20191001-csv/114#8058652>		"tiʼáɬ"@pyu	
"belly"@en	<https://panlex.org/snapshot/panlex-20191001-csv/114#8058369>				<https://panlex.org/snapshot/panlex-20191001-csv/114#8058653>		"tteyal"@pyu	
