"glindasde"@rm	<https://panlex.org/snapshot/panlex-20191001-csv/5947#84803546>				<https://panlex.org/snapshot/panlex-20191001-csv/5947#84803340>		"понедельник"@bua	
"glindasde"@rm	<https://panlex.org/snapshot/panlex-20191001-csv/5947#84803546>				<https://panlex.org/snapshot/panlex-20191001-csv/5947#84803342>		"гарагай хоёр"@bua	
"glindasde"@rm	<https://panlex.org/snapshot/panlex-20191001-csv/5947#84803546>				<https://panlex.org/snapshot/panlex-20191001-csv/5947#84803341>		"дабаа"@bua	
"lündeschdi"@rm	<https://panlex.org/snapshot/panlex-20191001-csv/5947#84803548>				<https://panlex.org/snapshot/panlex-20191001-csv/5947#84803340>		"понедельник"@bua	
"lündeschdi"@rm	<https://panlex.org/snapshot/panlex-20191001-csv/5947#84803548>				<https://panlex.org/snapshot/panlex-20191001-csv/5947#84803342>		"гарагай хоёр"@bua	
"lündeschdi"@rm	<https://panlex.org/snapshot/panlex-20191001-csv/5947#84803548>				<https://panlex.org/snapshot/panlex-20191001-csv/5947#84803341>		"дабаа"@bua	
"glindesdi"@rm	<https://panlex.org/snapshot/panlex-20191001-csv/5947#84803545>				<https://panlex.org/snapshot/panlex-20191001-csv/5947#84803340>		"понедельник"@bua	
"glindesdi"@rm	<https://panlex.org/snapshot/panlex-20191001-csv/5947#84803545>				<https://panlex.org/snapshot/panlex-20191001-csv/5947#84803342>		"гарагай хоёр"@bua	
"glindesdi"@rm	<https://panlex.org/snapshot/panlex-20191001-csv/5947#84803545>				<https://panlex.org/snapshot/panlex-20191001-csv/5947#84803341>		"дабаа"@bua	
"evla"@rm	<https://panlex.org/snapshot/panlex-20191001-csv/5947#84782338>				<https://panlex.org/snapshot/panlex-20191001-csv/5947#84782210>		"бүргэд"@bua	
"spievel"@rm	<https://panlex.org/snapshot/panlex-20191001-csv/5946#84446292>				<https://panlex.org/snapshot/panlex-20191001-csv/5946#84446133>		"гэрэл"@bua	
"spieghel"@rm	<https://panlex.org/snapshot/panlex-20191001-csv/5946#84446291>				<https://panlex.org/snapshot/panlex-20191001-csv/5946#84446133>		"гэрэл"@bua	
"spejel"@rm	<https://panlex.org/snapshot/panlex-20191001-csv/5946#84446293>				<https://panlex.org/snapshot/panlex-20191001-csv/5946#84446133>		"гэрэл"@bua	
"avust"@rm	<https://panlex.org/snapshot/panlex-20191001-csv/5949#85329474>				<https://panlex.org/snapshot/panlex-20191001-csv/5949#85329289>		"август"@bua	
"l’Europa"@rm	<https://panlex.org/snapshot/panlex-20191001-csv/5949#85308619>				<https://panlex.org/snapshot/panlex-20191001-csv/5949#85308507>		"Европо"@bua	
"l’Europa"@rm	<https://panlex.org/snapshot/panlex-20191001-csv/5949#85308619>				<https://panlex.org/snapshot/panlex-20191001-csv/5949#85308506>		"Евроопо"@bua	
"Berlin"@rm	<https://panlex.org/snapshot/panlex-20191001-csv/5949#85302516>				<https://panlex.org/snapshot/panlex-20191001-csv/5949#85302395>		"Берлин"@bua	
"Russia"@rm	<https://panlex.org/snapshot/panlex-20191001-csv/5949#85319577>				<https://panlex.org/snapshot/panlex-20191001-csv/5949#85319411>		"Ород улас"@bua	
"Russia"@rm	<https://panlex.org/snapshot/panlex-20191001-csv/5949#85319577>				<https://panlex.org/snapshot/panlex-20191001-csv/5949#85319412>		"Ород"@bua	
