"bobou-na"@kwd	<https://panlex.org/snapshot/panlex-20191001-csv/114#8057953>				<https://panlex.org/snapshot/panlex-20191001-csv/114#8057948>		"obi"@ksx	
"mea-na"@kwd	<https://panlex.org/snapshot/panlex-20191001-csv/114#8067796>				<https://panlex.org/snapshot/panlex-20191001-csv/114#8067791>		"ebel"@ksx	
"mokofi-a"@kwd	<https://panlex.org/snapshot/panlex-20191001-csv/114#8066195>				<https://panlex.org/snapshot/panlex-20191001-csv/114#8066188>		"mien"@ksx	
"mokofi-a"@kwd	<https://panlex.org/snapshot/panlex-20191001-csv/114#8066195>				<https://panlex.org/snapshot/panlex-20191001-csv/114#8066189>		"naeʔ"@ksx	
"ifiifu-na"@kwd	<https://panlex.org/snapshot/panlex-20191001-csv/114#8064687>				<https://panlex.org/snapshot/panlex-20191001-csv/114#8064682>		"uha"@ksx	
"bibibiliʔa"@kwd	<https://panlex.org/snapshot/panlex-20191001-csv/114#8056467>				<https://panlex.org/snapshot/panlex-20191001-csv/114#8056463>		"miteŋ"@ksx	
"lae-na"@kwd	<https://panlex.org/snapshot/panlex-20191001-csv/114#8059981>				<https://panlex.org/snapshot/panlex-20191001-csv/114#8059976>		"ate-n"@ksx	
"balaʔau"@kwd	<https://panlex.org/snapshot/panlex-20191001-csv/114#8055943>				<https://panlex.org/snapshot/panlex-20191001-csv/114#8055937>		"naŋi"@ksx	
"tala"@kwd	<https://panlex.org/snapshot/panlex-20191001-csv/114#8054445>				<https://panlex.org/snapshot/panlex-20191001-csv/114#8054440>		"lala"@ksx	
