"one"@kwd	<https://panlex.org/snapshot/panlex-20191001-csv/5943#83323752>				<https://panlex.org/snapshot/panlex-20191001-csv/5943#83323742>		"one"@haw	
"one"@kwd	<https://panlex.org/snapshot/panlex-20191001-csv/15#967018>				<https://panlex.org/snapshot/panlex-20191001-csv/15#967010>		"one"@haw	
"bobou-na"@kwd	<https://panlex.org/snapshot/panlex-20191001-csv/114#8057953>				<https://panlex.org/snapshot/panlex-20191001-csv/114#8057886>		"kua"@haw	
"mea-na"@kwd	<https://panlex.org/snapshot/panlex-20191001-csv/114#8067796>				<https://panlex.org/snapshot/panlex-20191001-csv/114#8067728>		"alelo"@haw	
"mokofi-a"@kwd	<https://panlex.org/snapshot/panlex-20191001-csv/114#8066195>				<https://panlex.org/snapshot/panlex-20191001-csv/114#8066125>		"honi"@haw	
"ifiifu-na"@kwd	<https://panlex.org/snapshot/panlex-20191001-csv/114#8064687>				<https://panlex.org/snapshot/panlex-20191001-csv/114#8064617>		"lauoho"@haw	
"bibibiliʔa"@kwd	<https://panlex.org/snapshot/panlex-20191001-csv/114#8056467>				<https://panlex.org/snapshot/panlex-20191001-csv/114#8056396>		"lepo"@haw	
"lae-na"@kwd	<https://panlex.org/snapshot/panlex-20191001-csv/114#8059981>				<https://panlex.org/snapshot/panlex-20191001-csv/114#8059918>		"ake"@haw	
"balaʔau"@kwd	<https://panlex.org/snapshot/panlex-20191001-csv/114#8055943>				<https://panlex.org/snapshot/panlex-20191001-csv/114#8055875>		"ʻau"@haw	
"tala"@kwd	<https://panlex.org/snapshot/panlex-20191001-csv/114#8054445>				<https://panlex.org/snapshot/panlex-20191001-csv/114#8054392>		"ala"@haw	
