"ole"@tkw	<https://panlex.org/snapshot/panlex-20191001-csv/5943#83323811>				<https://panlex.org/snapshot/panlex-20191001-csv/5943#83323727>		"ppi"@chk	
"ero"@tkw	<https://panlex.org/snapshot/panlex-20191001-csv/12#851193>				<https://panlex.org/snapshot/panlex-20191001-csv/12#850879>		"kkónik"@chk	
"ero"@tkw	<https://panlex.org/snapshot/panlex-20191001-csv/12#851193>				<https://panlex.org/snapshot/panlex-20191001-csv/12#850878>		"chaan"@chk	
"ole"@tkw	<https://panlex.org/snapshot/panlex-20191001-csv/15#967075>				<https://panlex.org/snapshot/panlex-20191001-csv/15#966993>		"ppi"@chk	
"-leŋi mie"@tkw	<https://panlex.org/snapshot/panlex-20191001-csv/114#8066439>				<https://panlex.org/snapshot/panlex-20191001-csv/114#8066083>		"ttin"@chk	
"-leŋi mie"@tkw	<https://panlex.org/snapshot/panlex-20191001-csv/114#8066439>				<https://panlex.org/snapshot/panlex-20191001-csv/114#8066084>		"*daŋú"@chk	
"-leŋi mie"@tkw	<https://panlex.org/snapshot/panlex-20191001-csv/114#8066439>				<https://panlex.org/snapshot/panlex-20191001-csv/114#8066082>		"tini"@chk	
"aeɬe"@tkw	<https://panlex.org/snapshot/panlex-20191001-csv/114#8053600>				<https://panlex.org/snapshot/panlex-20191001-csv/114#8053193>		"*pecee"@chk	
"aeɬe"@tkw	<https://panlex.org/snapshot/panlex-20191001-csv/114#8053600>				<https://panlex.org/snapshot/panlex-20191001-csv/114#8053192>		"pechee-(n)"@chk	
"aeɬe"@tkw	<https://panlex.org/snapshot/panlex-20191001-csv/114#8053600>				<https://panlex.org/snapshot/panlex-20191001-csv/114#8053191>		"peche"@chk	
"abo"@tkw	<https://panlex.org/snapshot/panlex-20191001-csv/114#8063318>				<https://panlex.org/snapshot/panlex-20191001-csv/114#8062950>		"chchaa-"@chk	
"abo"@tkw	<https://panlex.org/snapshot/panlex-20191001-csv/114#8063318>				<https://panlex.org/snapshot/panlex-20191001-csv/114#8062949>		"chcha"@chk	
"abo"@tkw	<https://panlex.org/snapshot/panlex-20191001-csv/114#8063318>				<https://panlex.org/snapshot/panlex-20191001-csv/114#8062951>		"*ccaa"@chk	
"ma"@tkw	<https://panlex.org/snapshot/panlex-20191001-csv/114#8052113>				<https://panlex.org/snapshot/panlex-20191001-csv/114#8051706>		"péwú-(n)"@chk	
"ma"@tkw	<https://panlex.org/snapshot/panlex-20191001-csv/114#8052113>				<https://panlex.org/snapshot/panlex-20191001-csv/114#8051705>		"paaw"@chk	
"ma"@tkw	<https://panlex.org/snapshot/panlex-20191001-csv/114#8052113>				<https://panlex.org/snapshot/panlex-20191001-csv/114#8051707>		"*kumwucú"@chk	
"ma"@tkw	<https://panlex.org/snapshot/panlex-20191001-csv/114#8052113>				<https://panlex.org/snapshot/panlex-20191001-csv/114#8051704>		"kumwuch"@chk	
"ma"@tkw	<https://panlex.org/snapshot/panlex-20191001-csv/114#8052113>				<https://panlex.org/snapshot/panlex-20191001-csv/114#8051708>		"*paú"@chk	
"anɔkɔ"@tkw	<https://panlex.org/snapshot/panlex-20191001-csv/114#8054688>				<https://panlex.org/snapshot/panlex-20191001-csv/114#8054339>		"ane-(n)"@chk	
"anɔkɔ"@tkw	<https://panlex.org/snapshot/panlex-20191001-csv/114#8054688>				<https://panlex.org/snapshot/panlex-20191001-csv/114#8054340>		"*yala"@chk	
"anɔkɔ"@tkw	<https://panlex.org/snapshot/panlex-20191001-csv/114#8054688>				<https://panlex.org/snapshot/panlex-20191001-csv/114#8054338>		"aan"@chk	
"sukirɔ"@tkw	<https://panlex.org/snapshot/panlex-20191001-csv/114#8056718>				<https://panlex.org/snapshot/panlex-20191001-csv/114#8056349>		"pwpún"@chk	
"utele bisa"@tkw	<https://panlex.org/snapshot/panlex-20191001-csv/114#8061283>				<https://panlex.org/snapshot/panlex-20191001-csv/114#8060955>		"afara-"@chk	
"utele bisa"@tkw	<https://panlex.org/snapshot/panlex-20191001-csv/114#8061283>				<https://panlex.org/snapshot/panlex-20191001-csv/114#8060957>		"*yafara"@chk	
"utele bisa"@tkw	<https://panlex.org/snapshot/panlex-20191001-csv/114#8061283>				<https://panlex.org/snapshot/panlex-20191001-csv/114#8060954>		"afar"@chk	
"utele bisa"@tkw	<https://panlex.org/snapshot/panlex-20191001-csv/114#8061283>				<https://panlex.org/snapshot/panlex-20191001-csv/114#8060956>		"afara-(n)"@chk	
"die"@tkw	<https://panlex.org/snapshot/panlex-20191001-csv/114#8059261>				<https://panlex.org/snapshot/panlex-20191001-csv/114#8058902>		"chúú"@chk	
"die"@tkw	<https://panlex.org/snapshot/panlex-20191001-csv/114#8059261>				<https://panlex.org/snapshot/panlex-20191001-csv/114#8058904>		"*cúyi"@chk	
"die"@tkw	<https://panlex.org/snapshot/panlex-20191001-csv/114#8059261>				<https://panlex.org/snapshot/panlex-20191001-csv/114#8058903>		"chúú-"@chk	
"-ekeke"@tkw	<https://panlex.org/snapshot/panlex-20191001-csv/114#8068572>				<https://panlex.org/snapshot/panlex-20191001-csv/114#8068199>		"(turu-nu)-ffas"@chk	
"-ekeke"@tkw	<https://panlex.org/snapshot/panlex-20191001-csv/114#8068572>				<https://panlex.org/snapshot/panlex-20191001-csv/114#8068205>		"*fata"@chk	
"-ekeke"@tkw	<https://panlex.org/snapshot/panlex-20191001-csv/114#8068572>				<https://panlex.org/snapshot/panlex-20191001-csv/114#8068204>		"takir"@chk	
"-ekeke"@tkw	<https://panlex.org/snapshot/panlex-20191001-csv/114#8068572>				<https://panlex.org/snapshot/panlex-20191001-csv/114#8068200>		"-ffas"@chk	
"-ekeke"@tkw	<https://panlex.org/snapshot/panlex-20191001-csv/114#8068572>				<https://panlex.org/snapshot/panlex-20191001-csv/114#8068207>		"*kka[t0]i"@chk	
"-ekeke"@tkw	<https://panlex.org/snapshot/panlex-20191001-csv/114#8068572>				<https://panlex.org/snapshot/panlex-20191001-csv/114#8068201>		"kekkey"@chk	
"-ekeke"@tkw	<https://panlex.org/snapshot/panlex-20191001-csv/114#8068572>				<https://panlex.org/snapshot/panlex-20191001-csv/114#8068206>		"*ffata"@chk	
"-ekeke"@tkw	<https://panlex.org/snapshot/panlex-20191001-csv/114#8068572>				<https://panlex.org/snapshot/panlex-20191001-csv/114#8068202>		"kkey"@chk	
"-ekeke"@tkw	<https://panlex.org/snapshot/panlex-20191001-csv/114#8068572>				<https://panlex.org/snapshot/panlex-20191001-csv/114#8068203>		"kkeyi-si-ni"@chk	
"viavia"@tkw	<https://panlex.org/snapshot/panlex-20191001-csv/114#8064953>				<https://panlex.org/snapshot/panlex-20191001-csv/114#8064562>		"*úna-fi"@chk	
"viavia"@tkw	<https://panlex.org/snapshot/panlex-20191001-csv/114#8064953>				<https://panlex.org/snapshot/panlex-20191001-csv/114#8064563>		"*únaúna"@chk	
"viavia"@tkw	<https://panlex.org/snapshot/panlex-20191001-csv/114#8064953>				<https://panlex.org/snapshot/panlex-20191001-csv/114#8064560>		"wúún"@chk	
"viavia"@tkw	<https://panlex.org/snapshot/panlex-20191001-csv/114#8064953>				<https://panlex.org/snapshot/panlex-20191001-csv/114#8064559>		"wúne-(n)"@chk	
"viavia"@tkw	<https://panlex.org/snapshot/panlex-20191001-csv/114#8064953>				<https://panlex.org/snapshot/panlex-20191001-csv/114#8064561>		"*úna"@chk	
"ero"@tkw	<https://panlex.org/snapshot/panlex-20191001-csv/114#8060796>				<https://panlex.org/snapshot/panlex-20191001-csv/114#8060382>		"*dúdú"@chk	
"ero"@tkw	<https://panlex.org/snapshot/panlex-20191001-csv/114#8060796>				<https://panlex.org/snapshot/panlex-20191001-csv/114#8060381>		"ttú-(n)"@chk	
"ero"@tkw	<https://panlex.org/snapshot/panlex-20191001-csv/114#8060796>				<https://panlex.org/snapshot/panlex-20191001-csv/114#8060380>		"ttú-"@chk	
"awa"@tkw	<https://panlex.org/snapshot/panlex-20191001-csv/114#8064401>				<https://panlex.org/snapshot/panlex-20191001-csv/114#8064025>		"wúwa-(n)"@chk	
"awa"@tkw	<https://panlex.org/snapshot/panlex-20191001-csv/114#8064401>				<https://panlex.org/snapshot/panlex-20191001-csv/114#8064027>		"*úa"@chk	
"awa"@tkw	<https://panlex.org/snapshot/panlex-20191001-csv/114#8064401>				<https://panlex.org/snapshot/panlex-20191001-csv/114#8064026>		"wúú"@chk	
"mosɔ"@tkw	<https://panlex.org/snapshot/panlex-20191001-csv/114#8053048>				<https://panlex.org/snapshot/panlex-20191001-csv/114#8052726>		"-mwáán"@chk	
"basa"@tkw	<https://panlex.org/snapshot/panlex-20191001-csv/114#8063865>				<https://panlex.org/snapshot/panlex-20191001-csv/114#8063483>		"*úlú"@chk	
"basa"@tkw	<https://panlex.org/snapshot/panlex-20191001-csv/114#8063865>				<https://panlex.org/snapshot/panlex-20191001-csv/114#8063482>		"wúún"@chk	
"basa"@tkw	<https://panlex.org/snapshot/panlex-20191001-csv/114#8063865>				<https://panlex.org/snapshot/panlex-20191001-csv/114#8063479>		"wúnúún"@chk	
"basa"@tkw	<https://panlex.org/snapshot/panlex-20191001-csv/114#8063865>				<https://panlex.org/snapshot/panlex-20191001-csv/114#8063478>		"wúnú-(n)"@chk	
"basa"@tkw	<https://panlex.org/snapshot/panlex-20191001-csv/114#8063865>				<https://panlex.org/snapshot/panlex-20191001-csv/114#8063481>		"wúnúúnú-(n)"@chk	
"basa"@tkw	<https://panlex.org/snapshot/panlex-20191001-csv/114#8063865>				<https://panlex.org/snapshot/panlex-20191001-csv/114#8063480>		"wúnúúne-(n)"@chk	
"basa"@tkw	<https://panlex.org/snapshot/panlex-20191001-csv/114#8063865>				<https://panlex.org/snapshot/panlex-20191001-csv/114#8063477>		"mékúr"@chk	
"-ovei"@tkw	<https://panlex.org/snapshot/panlex-20191001-csv/114#8061838>				<https://panlex.org/snapshot/panlex-20191001-csv/114#8061432>		"*kila"@chk	
"-ovei"@tkw	<https://panlex.org/snapshot/panlex-20191001-csv/114#8061838>				<https://panlex.org/snapshot/panlex-20191001-csv/114#8061434>		"*kula"@chk	
"-ovei"@tkw	<https://panlex.org/snapshot/panlex-20191001-csv/114#8061838>				<https://panlex.org/snapshot/panlex-20191001-csv/114#8061431>		"sineēy"@chk	
"-ovei"@tkw	<https://panlex.org/snapshot/panlex-20191001-csv/114#8061838>				<https://panlex.org/snapshot/panlex-20191001-csv/114#8061435>		"*kula-a"@chk	
"-ovei"@tkw	<https://panlex.org/snapshot/panlex-20191001-csv/114#8061838>				<https://panlex.org/snapshot/panlex-20191001-csv/114#8061433>		"*kila-i"@chk	
"-ovei"@tkw	<https://panlex.org/snapshot/panlex-20191001-csv/114#8061838>				<https://panlex.org/snapshot/panlex-20191001-csv/114#8061436>		"*kula-i"@chk	
"-ovei"@tkw	<https://panlex.org/snapshot/panlex-20191001-csv/114#8061838>				<https://panlex.org/snapshot/panlex-20191001-csv/114#8061430>		"sine"@chk	
"masasa"@tkw	<https://panlex.org/snapshot/panlex-20191001-csv/114#8060798>				<https://panlex.org/snapshot/panlex-20191001-csv/114#8060382>		"*dúdú"@chk	
"masasa"@tkw	<https://panlex.org/snapshot/panlex-20191001-csv/114#8060798>				<https://panlex.org/snapshot/panlex-20191001-csv/114#8060381>		"ttú-(n)"@chk	
"masasa"@tkw	<https://panlex.org/snapshot/panlex-20191001-csv/114#8060798>				<https://panlex.org/snapshot/panlex-20191001-csv/114#8060380>		"ttú-"@chk	
"-madau"@tkw	<https://panlex.org/snapshot/panlex-20191001-csv/114#8062812>				<https://panlex.org/snapshot/panlex-20191001-csv/114#8062449>		"*ma-takú"@chk	
"-madau"@tkw	<https://panlex.org/snapshot/panlex-20191001-csv/114#8062812>				<https://panlex.org/snapshot/panlex-20191001-csv/114#8062447>		"mé-sék"@chk	
"-madau"@tkw	<https://panlex.org/snapshot/panlex-20191001-csv/114#8062812>				<https://panlex.org/snapshot/panlex-20191001-csv/114#8062448>		"mésék"@chk	
"mbele"@tkw	<https://panlex.org/snapshot/panlex-20191001-csv/114#8057691>				<https://panlex.org/snapshot/panlex-20191001-csv/114#8057322>		"*kili"@chk	
"mbele"@tkw	<https://panlex.org/snapshot/panlex-20191001-csv/114#8057691>				<https://panlex.org/snapshot/panlex-20191001-csv/114#8057321>		"sini"@chk	
"mbele"@tkw	<https://panlex.org/snapshot/panlex-20191001-csv/114#8057691>				<https://panlex.org/snapshot/panlex-20191001-csv/114#8057320>		"siin"@chk	
"ute"@tkw	<https://panlex.org/snapshot/panlex-20191001-csv/114#8058197>				<https://panlex.org/snapshot/panlex-20191001-csv/114#8057838>		"*takúrú"@chk	
"ute"@tkw	<https://panlex.org/snapshot/panlex-20191001-csv/114#8058197>				<https://panlex.org/snapshot/panlex-20191001-csv/114#8057836>		"sékúr"@chk	
"ute"@tkw	<https://panlex.org/snapshot/panlex-20191001-csv/114#8058197>				<https://panlex.org/snapshot/panlex-20191001-csv/114#8057837>		"sékúrú-"@chk	
"ero"@tkw	<https://panlex.org/snapshot/panlex-20191001-csv/11#787751>				<https://panlex.org/snapshot/panlex-20191001-csv/11#787517>		"chaan"@chk	
"ero"@tkw	<https://panlex.org/snapshot/panlex-20191001-csv/11#787751>				<https://panlex.org/snapshot/panlex-20191001-csv/11#787518>		"kkónik"@chk	
