"-leŋi mie"@tkw	<https://panlex.org/snapshot/panlex-20191001-csv/114#8066439>				<https://panlex.org/snapshot/panlex-20191001-csv/114#8066324>		"séngu"@nxe	
"aeɬe"@tkw	<https://panlex.org/snapshot/panlex-20191001-csv/114#8053600>				<https://panlex.org/snapshot/panlex-20191001-csv/114#8053468>		"taga"@nxe	
"abo"@tkw	<https://panlex.org/snapshot/panlex-20191001-csv/114#8063318>				<https://panlex.org/snapshot/panlex-20191001-csv/114#8063198>		"a"@nxe	
"ma"@tkw	<https://panlex.org/snapshot/panlex-20191001-csv/114#8052113>				<https://panlex.org/snapshot/panlex-20191001-csv/114#8051981>		"lima"@nxe	
"anɔkɔ"@tkw	<https://panlex.org/snapshot/panlex-20191001-csv/114#8054688>				<https://panlex.org/snapshot/panlex-20191001-csv/114#8054570>		"zala"@nxe	
"sukirɔ"@tkw	<https://panlex.org/snapshot/panlex-20191001-csv/114#8056718>				<https://panlex.org/snapshot/panlex-20191001-csv/114#8056591>		"zaki"@nxe	
"utele bisa"@tkw	<https://panlex.org/snapshot/panlex-20191001-csv/114#8061283>				<https://panlex.org/snapshot/panlex-20191001-csv/114#8061175>		"wigu"@nxe	
"die"@tkw	<https://panlex.org/snapshot/panlex-20191001-csv/114#8059261>				<https://panlex.org/snapshot/panlex-20191001-csv/114#8059147>		"toko"@nxe	
"-ekeke"@tkw	<https://panlex.org/snapshot/panlex-20191001-csv/114#8068572>				<https://panlex.org/snapshot/panlex-20191001-csv/114#8068457>		"tawa"@nxe	
"viavia"@tkw	<https://panlex.org/snapshot/panlex-20191001-csv/114#8064953>				<https://panlex.org/snapshot/panlex-20191001-csv/114#8064815>		"fuu"@nxe	
"ero"@tkw	<https://panlex.org/snapshot/panlex-20191001-csv/114#8060796>				<https://panlex.org/snapshot/panlex-20191001-csv/114#8060658>		"susu"@nxe	
"awa"@tkw	<https://panlex.org/snapshot/panlex-20191001-csv/114#8064401>				<https://panlex.org/snapshot/panlex-20191001-csv/114#8064277>		"foko"@nxe	
"mosɔ"@tkw	<https://panlex.org/snapshot/panlex-20191001-csv/114#8053048>				<https://panlex.org/snapshot/panlex-20191001-csv/114#8052943>		"wana"@nxe	
"basa"@tkw	<https://panlex.org/snapshot/panlex-20191001-csv/114#8063865>				<https://panlex.org/snapshot/panlex-20191001-csv/114#8063740>		"ulu"@nxe	
"-ovei"@tkw	<https://panlex.org/snapshot/panlex-20191001-csv/114#8061838>				<https://panlex.org/snapshot/panlex-20191001-csv/114#8061707>		"béʼo"@nxe	
"masasa"@tkw	<https://panlex.org/snapshot/panlex-20191001-csv/114#8060798>				<https://panlex.org/snapshot/panlex-20191001-csv/114#8060658>		"susu"@nxe	
"-madau"@tkw	<https://panlex.org/snapshot/panlex-20191001-csv/114#8062812>				<https://panlex.org/snapshot/panlex-20191001-csv/114#8062698>		"taku"@nxe	
"mbele"@tkw	<https://panlex.org/snapshot/panlex-20191001-csv/114#8057691>				<https://panlex.org/snapshot/panlex-20191001-csv/114#8057569>		"huʼi"@nxe	
"ute"@tkw	<https://panlex.org/snapshot/panlex-20191001-csv/114#8058197>				<https://panlex.org/snapshot/panlex-20191001-csv/114#8058078>		"logo"@nxe	
