"vai"@tvl	<https://panlex.org/snapshot/panlex-20191001-csv/12#851218>				<https://panlex.org/snapshot/panlex-20191001-csv/12#851037>		"wahig"@mbb	
"manatu"@tvl	<https://panlex.org/snapshot/panlex-20191001-csv/114#8062320>				<https://panlex.org/snapshot/panlex-20191001-csv/114#8062127>		"isip"@mbb	
"kkafi"@tvl	<https://panlex.org/snapshot/panlex-20191001-csv/114#8061859>				<https://panlex.org/snapshot/panlex-20191001-csv/114#8061620>		"kilala"@mbb	
"kkafi"@tvl	<https://panlex.org/snapshot/panlex-20191001-csv/114#8061859>				<https://panlex.org/snapshot/panlex-20191001-csv/114#8061621>		"tendek"@mbb	
"kona"@tvl	<https://panlex.org/snapshot/panlex-20191001-csv/114#8058772>				<https://panlex.org/snapshot/panlex-20191001-csv/114#8058525>		"getek"@mbb	
"kona"@tvl	<https://panlex.org/snapshot/panlex-20191001-csv/114#8058772>				<https://panlex.org/snapshot/panlex-20191001-csv/114#8058526>		"gɨtɨk"@mbb	
"pa/efu/"@tvl	<https://panlex.org/snapshot/panlex-20191001-csv/114#8057201>				<https://panlex.org/snapshot/panlex-20191001-csv/114#8056995>		"qɨliyavuk"@mbb	
"pa/efu/"@tvl	<https://panlex.org/snapshot/panlex-20191001-csv/114#8057201>				<https://panlex.org/snapshot/panlex-20191001-csv/114#8056994>		"eliyavuk"@mbb	
"alo"@tvl	<https://panlex.org/snapshot/panlex-20191001-csv/114#8058771>				<https://panlex.org/snapshot/panlex-20191001-csv/114#8058525>		"getek"@mbb	
"alo"@tvl	<https://panlex.org/snapshot/panlex-20191001-csv/114#8058771>				<https://panlex.org/snapshot/panlex-20191001-csv/114#8058526>		"gɨtɨk"@mbb	
"alelo"@tvl	<https://panlex.org/snapshot/panlex-20191001-csv/114#8068067>				<https://panlex.org/snapshot/panlex-20191001-csv/114#8067846>		"dilaq"@mbb	
