"Siamani"@tvl	<https://panlex.org/snapshot/panlex-20191001-csv/5950#85858434>				<https://panlex.org/snapshot/panlex-20191001-csv/5950#85858324>		"Duitsland"@af	
"fale"@tvl	<https://panlex.org/snapshot/panlex-20191001-csv/5945#84362825>				<https://panlex.org/snapshot/panlex-20191001-csv/5945#84362798>		"huis"@af	
"setema"@tvl	<https://panlex.org/snapshot/panlex-20191001-csv/5947#84888404>				<https://panlex.org/snapshot/panlex-20191001-csv/5947#84888310>		"September"@af	
"makalili"@tvl	<https://panlex.org/snapshot/panlex-20191001-csv/5947#84905761>				<https://panlex.org/snapshot/panlex-20191001-csv/5947#84905739>		"koud"@af	
"novema"@tvl	<https://panlex.org/snapshot/panlex-20191001-csv/5947#84740660>				<https://panlex.org/snapshot/panlex-20191001-csv/5947#84740556>		"November"@af	
"oketopa"@tvl	<https://panlex.org/snapshot/panlex-20191001-csv/5947#84790149>				<https://panlex.org/snapshot/panlex-20191001-csv/5947#84790061>		"Oktober"@af	
"Siamani"@tvl	<https://panlex.org/snapshot/panlex-20191001-csv/5939#80782814>				<https://panlex.org/snapshot/panlex-20191001-csv/5939#80782635>		"Duitsland"@af	
"Malo Tu'Saoloto o Siamani"@tvl	<https://panlex.org/snapshot/panlex-20191001-csv/5939#80768269>				<https://panlex.org/snapshot/panlex-20191001-csv/5939#80768169>		"Bondsrepubliek Duitsland"@af	
"ivi"@tvl	<https://panlex.org/snapshot/panlex-20191001-csv/5943#83369755>				<https://panlex.org/snapshot/panlex-20191001-csv/5943#83369715>		"been"@af	
"liki"@tvl	<https://panlex.org/snapshot/panlex-20191001-csv/5943#83397672>				<https://panlex.org/snapshot/panlex-20191001-csv/5943#83397601>		"klein"@af	
"palapala"@tvl	<https://panlex.org/snapshot/panlex-20191001-csv/5943#83366581>				<https://panlex.org/snapshot/panlex-20191001-csv/5943#83366534>		"vuil"@af	
"pukupuku"@tvl	<https://panlex.org/snapshot/panlex-20191001-csv/5943#83397671>				<https://panlex.org/snapshot/panlex-20191001-csv/5943#83397601>		"klein"@af	
"fakakai murre"@tvl	<https://panlex.org/snapshot/panlex-20191001-csv/5943#83358934>				<https://panlex.org/snapshot/panlex-20191001-csv/5943#83358892>		"dorpie"@af	
"ngalu"@tvl	<https://panlex.org/snapshot/panlex-20191001-csv/5943#83296106>				<https://panlex.org/snapshot/panlex-20191001-csv/5943#83296051>		"swaai"@af	
"lelei"@tvl	<https://panlex.org/snapshot/panlex-20191001-csv/5943#83327961>				<https://panlex.org/snapshot/panlex-20191001-csv/5943#83327878>		"goed"@af	
"fakai"@tvl	<https://panlex.org/snapshot/panlex-20191001-csv/5943#83358933>				<https://panlex.org/snapshot/panlex-20191001-csv/5943#83358892>		"dorpie"@af	
"Siamani"@tvl	<https://panlex.org/snapshot/panlex-20191001-csv/9#474865>				<https://panlex.org/snapshot/panlex-20191001-csv/9#474738>		"Duitsland"@af	
"vai"@tvl	<https://panlex.org/snapshot/panlex-20191001-csv/12#851218>				<https://panlex.org/snapshot/panlex-20191001-csv/12#850822>		"water"@af	
"mata"@tvl	<https://panlex.org/snapshot/panlex-20191001-csv/15#953921>				<https://panlex.org/snapshot/panlex-20191001-csv/15#953890>		"oog"@af	
"ngalu"@tvl	<https://panlex.org/snapshot/panlex-20191001-csv/15#954374>				<https://panlex.org/snapshot/panlex-20191001-csv/15#954326>		"swaai"@af	
"fakakai"@tvl	<https://panlex.org/snapshot/panlex-20191001-csv/15#959290>				<https://panlex.org/snapshot/panlex-20191001-csv/15#959267>		"dorpie"@af	
"lelei"@tvl	<https://panlex.org/snapshot/panlex-20191001-csv/15#961684>				<https://panlex.org/snapshot/panlex-20191001-csv/15#961622>		"goed"@af	
"liki"@tvl	<https://panlex.org/snapshot/panlex-20191001-csv/15#955536>				<https://panlex.org/snapshot/panlex-20191001-csv/15#955465>		"klein"@af	
"fakai"@tvl	<https://panlex.org/snapshot/panlex-20191001-csv/15#959289>				<https://panlex.org/snapshot/panlex-20191001-csv/15#959267>		"dorpie"@af	
"vai"@tvl	<https://panlex.org/snapshot/panlex-20191001-csv/15#954016>				<https://panlex.org/snapshot/panlex-20191001-csv/15#953952>		"water"@af	
"palapala"@tvl	<https://panlex.org/snapshot/panlex-20191001-csv/15#963282>				<https://panlex.org/snapshot/panlex-20191001-csv/15#963246>		"vuil"@af	
"fetuu"@tvl	<https://panlex.org/snapshot/panlex-20191001-csv/15#964534>				<https://panlex.org/snapshot/panlex-20191001-csv/15#964501>		"ster"@af	
"pukupuku"@tvl	<https://panlex.org/snapshot/panlex-20191001-csv/15#955537>				<https://panlex.org/snapshot/panlex-20191001-csv/15#955465>		"klein"@af	
"vai"@tvl	<https://panlex.org/snapshot/panlex-20191001-csv/11#787759>				<https://panlex.org/snapshot/panlex-20191001-csv/11#787467>		"water"@af	
