"ʼʔoinax"@sei	<https://panlex.org/snapshot/panlex-20191001-csv/1573#50083735>				<https://panlex.org/snapshot/panlex-20191001-csv/1573#50083807>		"xoy"@yrk	
"ʔant īpšχ"@sei	<https://panlex.org/snapshot/panlex-20191001-csv/1573#50088533>				<https://panlex.org/snapshot/panlex-20191001-csv/1573#50088617>		"loxor̃ta"@yrk	
"ʔant īpšχ"@sei	<https://panlex.org/snapshot/panlex-20191001-csv/1573#50088533>				<https://panlex.org/snapshot/panlex-20191001-csv/1573#50088618>		"yaxa"@yrk	
"ʔast kiʔ ʼikot"@sei	<https://panlex.org/snapshot/panlex-20191001-csv/1573#50084647>				<https://panlex.org/snapshot/panlex-20191001-csv/1573#50084675>		"labta ya"@yrk	
"ʔast kiʔ ʼikot"@sei	<https://panlex.org/snapshot/panlex-20191001-csv/1573#50084647>				<https://panlex.org/snapshot/panlex-20191001-csv/1573#50084676>		"moŋga"@yrk	
"ʔaχ ʼk-ākox"@sei	<https://panlex.org/snapshot/panlex-20191001-csv/1573#50087055>				<https://panlex.org/snapshot/panlex-20191001-csv/1573#50087097>		"to"@yrk	
"ʔaʼmīmæ"@sei	<https://panlex.org/snapshot/panlex-20191001-csv/1573#50091226>				<https://panlex.org/snapshot/panlex-20191001-csv/1573#50091275>		"numʔ"@yrk	
"ʔant k-o-ʼnopix"@sei	<https://panlex.org/snapshot/panlex-20191001-csv/1573#50089391>				<https://panlex.org/snapshot/panlex-20191001-csv/1573#50089439>		"lɨmbad"@yrk	
"ʔant k-o-ʼnopix"@sei	<https://panlex.org/snapshot/panlex-20191001-csv/1573#50089391>				<https://panlex.org/snapshot/panlex-20191001-csv/1573#50089440>		"sabolʔʔ"@yrk	
"ʼʔæʔæ"@sei	<https://panlex.org/snapshot/panlex-20191001-csv/1573#50090383>				<https://panlex.org/snapshot/panlex-20191001-csv/1573#50090427>		"pʸa"@yrk	
"ʔamt k-ōχp"@sei	<https://panlex.org/snapshot/panlex-20191001-csv/1573#50083360>				<https://panlex.org/snapshot/panlex-20191001-csv/1573#50083400>		"tab"@yrk	
"ʔamt"@sei	<https://panlex.org/snapshot/panlex-20191001-csv/1573#50082543>				<https://panlex.org/snapshot/panlex-20191001-csv/1573#50082590>		"ya"@yrk	
"ʔamt"@sei	<https://panlex.org/snapshot/panlex-20191001-csv/1573#50082543>				<https://panlex.org/snapshot/panlex-20191001-csv/1573#50082591>		"yaʔsʸar̃ʔʔ"@yrk	
"ʔaχ"@sei	<https://panlex.org/snapshot/panlex-20191001-csv/1573#50085835>				<https://panlex.org/snapshot/panlex-20191001-csv/1573#50085882>		"iʔʔ"@yrk	
"ʼχæpæ toī k-pot"@sei	<https://panlex.org/snapshot/panlex-20191001-csv/1573#50088771>				<https://panlex.org/snapshot/panlex-20191001-csv/1573#50088803>		"idʔ sʸur̃na"@yrk	
"ʼχæpæ toī k-pot"@sei	<https://panlex.org/snapshot/panlex-20191001-csv/1573#50088771>				<https://panlex.org/snapshot/panlex-20191001-csv/1573#50088804>		"xe"@yrk	
"ʔast"@sei	<https://panlex.org/snapshot/panlex-20191001-csv/1573#50083734>				<https://panlex.org/snapshot/panlex-20191001-csv/1573#50083807>		"xoy"@yrk	
"ʔast"@sei	<https://panlex.org/snapshot/panlex-20191001-csv/1573#50090764>				<https://panlex.org/snapshot/panlex-20191001-csv/1573#50090834>		"pe"@yrk	
"ʔant ʼiyat"@sei	<https://panlex.org/snapshot/panlex-20191001-csv/1573#50087584>				<https://panlex.org/snapshot/panlex-20191001-csv/1573#50087607>		"mar̃a"@yrk	
"ʔant ʼiyat"@sei	<https://panlex.org/snapshot/panlex-20191001-csv/1573#50087584>				<https://panlex.org/snapshot/panlex-20191001-csv/1573#50087608>		"salʸa"@yrk	
"ʼχæpæ i-ʼtǣɬ"@sei	<https://panlex.org/snapshot/panlex-20191001-csv/1573#50085317>				<https://panlex.org/snapshot/panlex-20191001-csv/1573#50085381>		"yawʔ xɨy"@yrk	
"ʼχæpæ i-ʼtǣɬ"@sei	<https://panlex.org/snapshot/panlex-20191001-csv/1573#50085317>				<https://panlex.org/snapshot/panlex-20191001-csv/1573#50085380>		"yawʔ xew"@yrk	
"ʼχæpæ i-ʼtǣɬ"@sei	<https://panlex.org/snapshot/panlex-20191001-csv/1573#50085317>				<https://panlex.org/snapshot/panlex-20191001-csv/1573#50085379>		"war̃"@yrk	
"ʼʔasox"@sei	<https://panlex.org/snapshot/panlex-20191001-csv/1573#50088534>				<https://panlex.org/snapshot/panlex-20191001-csv/1573#50088617>		"loxor̃ta"@yrk	
"ʼʔasox"@sei	<https://panlex.org/snapshot/panlex-20191001-csv/1573#50088534>				<https://panlex.org/snapshot/panlex-20191001-csv/1573#50088618>		"yaxa"@yrk	
"ʼʔopatx"@sei	<https://panlex.org/snapshot/panlex-20191001-csv/1573#50087806>				<https://panlex.org/snapshot/panlex-20191001-csv/1573#50087844>		"xamba"@yrk	
"ʼʔopatx"@sei	<https://panlex.org/snapshot/panlex-20191001-csv/1573#50087806>				<https://panlex.org/snapshot/panlex-20191001-csv/1573#50087845>		"xambaʔ ŋewa"@yrk	
"ʔant iʼsiīxim"@sei	<https://panlex.org/snapshot/panlex-20191001-csv/1573#50090992>				<https://panlex.org/snapshot/panlex-20191001-csv/1573#50091021>		"yaʔ lʸadʔʔma"@yrk	
"ʼχæpæ ʼk-pokatox"@sei	<https://panlex.org/snapshot/panlex-20191001-csv/1573#50088143>				<https://panlex.org/snapshot/panlex-20191001-csv/1573#50088155>		"yawʔ iʔʔ"@yrk	
"šāʔ"@sei	<https://panlex.org/snapshot/panlex-20191001-csv/1573#50091482>				<https://panlex.org/snapshot/panlex-20191001-csv/1573#50091523>		"xayer̃ʔʔ"@yrk	
"ʔaʼtasim"@sei	<https://panlex.org/snapshot/panlex-20191001-csv/1573#50086630>				<https://panlex.org/snapshot/panlex-20191001-csv/1573#50086675>		"sisʸo"@yrk	
"ʼχæpæ"@sei	<https://panlex.org/snapshot/panlex-20191001-csv/1573#50086070>				<https://panlex.org/snapshot/panlex-20191001-csv/1573#50086106>		"yamʔ"@yrk	
"ʼχæpæ"@sei	<https://panlex.org/snapshot/panlex-20191001-csv/1573#50086823>				<https://panlex.org/snapshot/panlex-20191001-csv/1573#50086853>		"itʸa ŋabtʸenʸa"@yrk	
"-ōχp"@sei	<https://panlex.org/snapshot/panlex-20191001-csv/1573#50086262>				<https://panlex.org/snapshot/panlex-20191001-csv/1573#50086292>		"xeʔʔnʸo"@yrk	
"ʔant"@sei	<https://panlex.org/snapshot/panlex-20191001-csv/1573#50082216>				<https://panlex.org/snapshot/panlex-20191001-csv/1573#50082275>		"ya"@yrk	
"ʔant"@sei	<https://panlex.org/snapshot/panlex-20191001-csv/1573#50081890>				<https://panlex.org/snapshot/panlex-20191001-csv/1573#50081929>		"tir̃ʔʔniy"@yrk	
"ʔant"@sei	<https://panlex.org/snapshot/panlex-20191001-csv/1573#50082544>				<https://panlex.org/snapshot/panlex-20191001-csv/1573#50082590>		"ya"@yrk	
"ʔant"@sei	<https://panlex.org/snapshot/panlex-20191001-csv/1573#50082544>				<https://panlex.org/snapshot/panlex-20191001-csv/1573#50082591>		"yaʔsʸar̃ʔʔ"@yrk	
"k-ōšax"@sei	<https://panlex.org/snapshot/panlex-20191001-csv/1573#50084065>				<https://panlex.org/snapshot/panlex-20191001-csv/1573#50084104>		"talʸbʸa"@yrk	
"ʼʔaχox ʼkʷkōtix"@sei	<https://panlex.org/snapshot/panlex-20191001-csv/1573#50088036>				<https://panlex.org/snapshot/panlex-20191001-csv/1573#50088052>		"xas"@yrk	
"ʼʔaχox ʼkʷkōtix"@sei	<https://panlex.org/snapshot/panlex-20191001-csv/1573#50088036>				<https://panlex.org/snapshot/panlex-20191001-csv/1573#50088051>		"idʔ xaʔʔam"@yrk	
"ʔant ʼipot ʔaχ"@sei	<https://panlex.org/snapshot/panlex-20191001-csv/1573#50089124>				<https://panlex.org/snapshot/panlex-20191001-csv/1573#50089180>		"nʸer̃mʸa"@yrk	
"ʔant ʼipot ʔaχ"@sei	<https://panlex.org/snapshot/panlex-20191001-csv/1573#50089124>				<https://panlex.org/snapshot/panlex-20191001-csv/1573#50089179>		"loxor̃ta"@yrk	
"ʼʔæʔæ ʔant ʼk-iti"@sei	<https://panlex.org/snapshot/panlex-20191001-csv/1573#50090131>				<https://panlex.org/snapshot/panlex-20191001-csv/1573#50090170>		"pʸa"@yrk	
"ʼxoænæ"@sei	<https://panlex.org/snapshot/panlex-20191001-csv/1573#50082814>				<https://panlex.org/snapshot/panlex-20191001-csv/1573#50082858>		"sibʸa"@yrk	
"ʔant yakʷš"@sei	<https://panlex.org/snapshot/panlex-20191001-csv/1573#50090993>				<https://panlex.org/snapshot/panlex-20191001-csv/1573#50091021>		"yaʔ lʸadʔʔma"@yrk	
"iʼnōʔkʷ"@sei	<https://panlex.org/snapshot/panlex-20191001-csv/1573#50087221>				<https://panlex.org/snapshot/panlex-20191001-csv/1573#50087242>		"paxa"@yrk	
"ʔanʼt-ākox"@sei	<https://panlex.org/snapshot/panlex-20191001-csv/1573#50085024>				<https://panlex.org/snapshot/panlex-20191001-csv/1573#50085045>		"ya"@yrk	
"χatx"@sei	<https://panlex.org/snapshot/panlex-20191001-csv/1573#50087469>				<https://panlex.org/snapshot/panlex-20191001-csv/1573#50087481>		"idʔ ŋɨlɨ talʸbʸa"@yrk	
