"lauvantai"@fkv	<https://panlex.org/snapshot/panlex-20191001-csv/2892#110826269>				<https://panlex.org/snapshot/panlex-20191001-csv/2892#110826199>		"اَزِلْ وَنْ اِسِبِتْ"@ttq	
"lauvantai"@fkv	<https://panlex.org/snapshot/panlex-20191001-csv/2892#110826269>				<https://panlex.org/snapshot/panlex-20191001-csv/2892#110826370>		"azəl wa-n əssəbbət"@ttq	
"sunnuntai"@fkv	<https://panlex.org/snapshot/panlex-20191001-csv/2892#110826912>				<https://panlex.org/snapshot/panlex-20191001-csv/2892#110826902>		"اَزِلْ وَنْ اَلْخَدْ"@ttq	
"sunnuntai"@fkv	<https://panlex.org/snapshot/panlex-20191001-csv/2892#110826912>				<https://panlex.org/snapshot/panlex-20191001-csv/2892#110826633>		"azəl wa-n ălxăd"@ttq	
"keskiviikko"@fkv	<https://panlex.org/snapshot/panlex-20191001-csv/2892#110824976>				<https://panlex.org/snapshot/panlex-20191001-csv/2892#110825038>		"azəl wa-n əlarba"@ttq	
"keskiviikko"@fkv	<https://panlex.org/snapshot/panlex-20191001-csv/2892#110824976>				<https://panlex.org/snapshot/panlex-20191001-csv/2892#110825161>		"اَزِلْ وَنْ اِلَرْبَ"@ttq	
"perjantai"@fkv	<https://panlex.org/snapshot/panlex-20191001-csv/2892#110825772>				<https://panlex.org/snapshot/panlex-20191001-csv/2892#110826071>		"اَزِلْ وَنْ اِلْجَمَاغَتْ"@ttq	
"perjantai"@fkv	<https://panlex.org/snapshot/panlex-20191001-csv/2892#110825772>				<https://panlex.org/snapshot/panlex-20191001-csv/2892#110826111>		"azəl wa-n əlžămaɣăt"@ttq	
"tiistai"@fkv	<https://panlex.org/snapshot/panlex-20191001-csv/2892#110824473>				<https://panlex.org/snapshot/panlex-20191001-csv/2892#110824724>		"اَزِلْ وَنْ تِلَاتَ"@ttq	
"tiistai"@fkv	<https://panlex.org/snapshot/panlex-20191001-csv/2892#110824473>				<https://panlex.org/snapshot/panlex-20191001-csv/2892#110824745>		"azəl wa-n təlata"@ttq	
"tuorestai"@fkv	<https://panlex.org/snapshot/panlex-20191001-csv/2892#110825686>				<https://panlex.org/snapshot/panlex-20191001-csv/2892#110825544>		"azəl wa-n əlxəmis"@ttq	
"tuorestai"@fkv	<https://panlex.org/snapshot/panlex-20191001-csv/2892#110825686>				<https://panlex.org/snapshot/panlex-20191001-csv/2892#110825332>		"اَزِلْ وَنْ اِلْخِمِيسْ"@ttq	
"maanantai"@fkv	<https://panlex.org/snapshot/panlex-20191001-csv/2892#110824389>				<https://panlex.org/snapshot/panlex-20191001-csv/2892#110824039>		"اَزِلْ وَنْ لِيتْنىِ"@ttq	
"maanantai"@fkv	<https://panlex.org/snapshot/panlex-20191001-csv/2892#110824389>				<https://panlex.org/snapshot/panlex-20191001-csv/2892#110824166>		"azəl wa-n litni"@ttq	
