"küz ay"@kdr	<https://panlex.org/snapshot/panlex-20191001-csv/5949#85329388>				<https://panlex.org/snapshot/panlex-20191001-csv/5949#85329406>		"август"@krc	
"тогъуз"@kdr	<https://panlex.org/snapshot/panlex-20191001-csv/9#490985>				<https://panlex.org/snapshot/panlex-20191001-csv/9#490992>		"тогъуз"@krc	
"tohuz"@kdr	<https://panlex.org/snapshot/panlex-20191001-csv/9#490984>				<https://panlex.org/snapshot/panlex-20191001-csv/9#490992>		"тогъуз"@krc	
"yexbaş kün"@kdr	<https://panlex.org/snapshot/panlex-20191001-csv/2892#110824059>				<https://panlex.org/snapshot/panlex-20191001-csv/2892#110824338>		"баш кюн"@krc	
"baraski"@kdr	<https://panlex.org/snapshot/panlex-20191001-csv/2892#110825723>				<https://panlex.org/snapshot/panlex-20191001-csv/2892#110826047>		"байрым кюн"@krc	
"yexkün"@kdr	<https://panlex.org/snapshot/panlex-20191001-csv/2892#110826781>				<https://panlex.org/snapshot/panlex-20191001-csv/2892#110826774>		"ыйых кюн"@krc	
"xan kün"@kdr	<https://panlex.org/snapshot/panlex-20191001-csv/2892#110825020>				<https://panlex.org/snapshot/panlex-20191001-csv/2892#110825063>		"барас кюн"@krc	
"orta kün"@kdr	<https://panlex.org/snapshot/panlex-20191001-csv/2892#110824676>				<https://panlex.org/snapshot/panlex-20191001-csv/2892#110824696>		"гюрге кюн"@krc	
"kiçibaraski"@kdr	<https://panlex.org/snapshot/panlex-20191001-csv/2892#110825471>				<https://panlex.org/snapshot/panlex-20191001-csv/2892#110825309>		"орта кюн"@krc	
"şabbat kün"@kdr	<https://panlex.org/snapshot/panlex-20191001-csv/2892#110826336>				<https://panlex.org/snapshot/panlex-20191001-csv/2892#110826298>		"шабат кюн"@krc	
"sohum ay"@kdr	<https://panlex.org/snapshot/panlex-20191001-csv/2897#110830713>				<https://panlex.org/snapshot/panlex-20191001-csv/2897#110830524>		"сентябрь"@krc	
"çirik ay"@kdr	<https://panlex.org/snapshot/panlex-20191001-csv/2897#110829273>				<https://panlex.org/snapshot/panlex-20191001-csv/2897#110829103>		"июнь"@krc	
"artarıx ay"@kdr	<https://panlex.org/snapshot/panlex-20191001-csv/2897#110827042>				<https://panlex.org/snapshot/panlex-20191001-csv/2897#110827238>		"январь"@krc	
"qaraqış ay"@kdr	<https://panlex.org/snapshot/panlex-20191001-csv/2897#110831358>				<https://panlex.org/snapshot/panlex-20191001-csv/2897#110831357>		"ноябрь"@krc	
"yaz ay"@kdr	<https://panlex.org/snapshot/panlex-20191001-csv/2897#110828606>				<https://panlex.org/snapshot/panlex-20191001-csv/2897#110828669>		"апрель"@krc	
"başqusxan ay"@kdr	<https://panlex.org/snapshot/panlex-20191001-csv/2897#110827943>				<https://panlex.org/snapshot/panlex-20191001-csv/2897#110828073>		"март"@krc	
"süvünç ay"@kdr	<https://panlex.org/snapshot/panlex-20191001-csv/2897#110831639>				<https://panlex.org/snapshot/panlex-20191001-csv/2897#110831597>		"декабрь"@krc	
"qış ay"@kdr	<https://panlex.org/snapshot/panlex-20191001-csv/2897#110830872>				<https://panlex.org/snapshot/panlex-20191001-csv/2897#110830826>		"октябрь"@krc	
"küz ay"@kdr	<https://panlex.org/snapshot/panlex-20191001-csv/2897#110830231>				<https://panlex.org/snapshot/panlex-20191001-csv/2897#110830093>		"август"@krc	
"qural ay"@kdr	<https://panlex.org/snapshot/panlex-20191001-csv/2897#110827448>				<https://panlex.org/snapshot/panlex-20191001-csv/2897#110827779>		"февраль"@krc	
"ayrıxsı ay"@kdr	<https://panlex.org/snapshot/panlex-20191001-csv/2897#110829727>				<https://panlex.org/snapshot/panlex-20191001-csv/2897#110829677>		"июль"@krc	
"ulah ay"@kdr	<https://panlex.org/snapshot/panlex-20191001-csv/2897#110829000>				<https://panlex.org/snapshot/panlex-20191001-csv/2897#110828935>		"май"@krc	
