"yexbaş kün"@kdr	<https://panlex.org/snapshot/panlex-20191001-csv/2892#110824059>				<https://panlex.org/snapshot/panlex-20191001-csv/2892#110824377>		"delon"@frp	
"baraski"@kdr	<https://panlex.org/snapshot/panlex-20191001-csv/2892#110825723>				<https://panlex.org/snapshot/panlex-20191001-csv/2892#110825726>		"devendro"@frp	
"yexkün"@kdr	<https://panlex.org/snapshot/panlex-20191001-csv/2892#110826781>				<https://panlex.org/snapshot/panlex-20191001-csv/2892#110826868>		"demenge"@frp	
"xan kün"@kdr	<https://panlex.org/snapshot/panlex-20191001-csv/2892#110825020>				<https://panlex.org/snapshot/panlex-20191001-csv/2892#110824870>		"demécro"@frp	
"orta kün"@kdr	<https://panlex.org/snapshot/panlex-20191001-csv/2892#110824676>				<https://panlex.org/snapshot/panlex-20191001-csv/2892#110824511>		"demârs"@frp	
"kiçibaraski"@kdr	<https://panlex.org/snapshot/panlex-20191001-csv/2892#110825471>				<https://panlex.org/snapshot/panlex-20191001-csv/2892#110825629>		"dejô"@frp	
"şabbat kün"@kdr	<https://panlex.org/snapshot/panlex-20191001-csv/2892#110826336>				<https://panlex.org/snapshot/panlex-20191001-csv/2892#110826360>		"dessando"@frp	
"sohum ay"@kdr	<https://panlex.org/snapshot/panlex-20191001-csv/2897#110830713>				<https://panlex.org/snapshot/panlex-20191001-csv/2897#110830594>		"septembro"@frp	
"çirik ay"@kdr	<https://panlex.org/snapshot/panlex-20191001-csv/2897#110829273>				<https://panlex.org/snapshot/panlex-20191001-csv/2897#110829454>		"jouen"@frp	
"artarıx ay"@kdr	<https://panlex.org/snapshot/panlex-20191001-csv/2897#110827042>				<https://panlex.org/snapshot/panlex-20191001-csv/2897#110827250>		"janviér"@frp	
"qaraqış ay"@kdr	<https://panlex.org/snapshot/panlex-20191001-csv/2897#110831358>				<https://panlex.org/snapshot/panlex-20191001-csv/2897#110831438>		"novembro"@frp	
"yaz ay"@kdr	<https://panlex.org/snapshot/panlex-20191001-csv/2897#110828606>				<https://panlex.org/snapshot/panlex-20191001-csv/2897#110828646>		"avril"@frp	
"başqusxan ay"@kdr	<https://panlex.org/snapshot/panlex-20191001-csv/2897#110827943>				<https://panlex.org/snapshot/panlex-20191001-csv/2897#110827910>		"mârs"@frp	
"süvünç ay"@kdr	<https://panlex.org/snapshot/panlex-20191001-csv/2897#110831639>				<https://panlex.org/snapshot/panlex-20191001-csv/2897#110831876>		"dècembro"@frp	
"qış ay"@kdr	<https://panlex.org/snapshot/panlex-20191001-csv/2897#110830872>				<https://panlex.org/snapshot/panlex-20191001-csv/2897#110830828>		"octobro"@frp	
"küz ay"@kdr	<https://panlex.org/snapshot/panlex-20191001-csv/2897#110830231>				<https://panlex.org/snapshot/panlex-20191001-csv/2897#110829962>		"oût"@frp	
"qural ay"@kdr	<https://panlex.org/snapshot/panlex-20191001-csv/2897#110827448>				<https://panlex.org/snapshot/panlex-20191001-csv/2897#110827669>		"fevriér"@frp	
"ayrıxsı ay"@kdr	<https://panlex.org/snapshot/panlex-20191001-csv/2897#110829727>				<https://panlex.org/snapshot/panlex-20191001-csv/2897#110829755>		"j·ulyèt"@frp	
"ulah ay"@kdr	<https://panlex.org/snapshot/panlex-20191001-csv/2897#110829000>				<https://panlex.org/snapshot/panlex-20191001-csv/2897#110828869>		"mê"@frp	
