"dá:ɣan"@akl	<https://panlex.org/snapshot/panlex-20191001-csv/114#8054278>				<https://panlex.org/snapshot/panlex-20191001-csv/114#8054434>		"lara"@kod	
"ɣaŋúy"@akl	<https://panlex.org/snapshot/panlex-20191001-csv/114#8055758>				<https://panlex.org/snapshot/panlex-20191001-csv/114#8055929>		"nangi"@kod	
"ɣaŋúy"@akl	<https://panlex.org/snapshot/panlex-20191001-csv/114#8055758>				<https://panlex.org/snapshot/panlex-20191001-csv/114#8055930>		"ngani"@kod	
"hádluk"@akl	<https://panlex.org/snapshot/panlex-20191001-csv/114#8062377>				<https://panlex.org/snapshot/panlex-20191001-csv/114#8062557>		"kambohi"@kod	
"hádluk"@akl	<https://panlex.org/snapshot/panlex-20191001-csv/114#8062377>				<https://panlex.org/snapshot/panlex-20191001-csv/114#8062556>		"kabohi"@kod	
"ʔalí:mah"@akl	<https://panlex.org/snapshot/panlex-20191001-csv/114#8051629>				<https://panlex.org/snapshot/panlex-20191001-csv/114#8051819>		"limya"@kod	
"ʔalí:mah"@akl	<https://panlex.org/snapshot/panlex-20191001-csv/114#8051629>				<https://panlex.org/snapshot/panlex-20191001-csv/114#8051818>		"lima"@kod	
"tiyán"@akl	<https://panlex.org/snapshot/panlex-20191001-csv/114#8058272>				<https://panlex.org/snapshot/panlex-20191001-csv/114#8058455>		"kambu"@kod	
"tiyán"@akl	<https://panlex.org/snapshot/panlex-20191001-csv/114#8058272>				<https://panlex.org/snapshot/panlex-20191001-csv/114#8058454>		"kabu"@kod	
"taputapúh"@akl	<https://panlex.org/snapshot/panlex-20191001-csv/114#8056794>				<https://panlex.org/snapshot/panlex-20191001-csv/114#8056942>		"karòmboko"@kod	
"taputapúh"@akl	<https://panlex.org/snapshot/panlex-20191001-csv/114#8056794>				<https://panlex.org/snapshot/panlex-20191001-csv/114#8056943>		"kòbko"@kod	
"ʔabút"@akl	<https://panlex.org/snapshot/panlex-20191001-csv/114#8054767>				<https://panlex.org/snapshot/panlex-20191001-csv/114#8054935>		"emin"@kod	
"ʔabút"@akl	<https://panlex.org/snapshot/panlex-20191001-csv/114#8054767>				<https://panlex.org/snapshot/panlex-20191001-csv/114#8054936>		"maka"@kod	
"lí:ʔug"@akl	<https://panlex.org/snapshot/panlex-20191001-csv/114#8063954>				<https://panlex.org/snapshot/panlex-20191001-csv/114#8064136>		"kahoki"@kod	
"lí:ʔug"@akl	<https://panlex.org/snapshot/panlex-20191001-csv/114#8063954>				<https://panlex.org/snapshot/panlex-20191001-csv/114#8064137>		"koku"@kod	
"ʔú:ɣuh"@akl	<https://panlex.org/snapshot/panlex-20191001-csv/114#8063400>				<https://panlex.org/snapshot/panlex-20191001-csv/114#8063589>		"katàku"@kod	
"ʔú:ɣuh"@akl	<https://panlex.org/snapshot/panlex-20191001-csv/114#8063400>				<https://panlex.org/snapshot/panlex-20191001-csv/114#8063588>		"katoku"@kod	
"likúd"@akl	<https://panlex.org/snapshot/panlex-20191001-csv/114#8057773>				<https://panlex.org/snapshot/panlex-20191001-csv/114#8057937>		"wogo"@kod	
"likúd"@akl	<https://panlex.org/snapshot/panlex-20191001-csv/114#8057773>				<https://panlex.org/snapshot/panlex-20191001-csv/114#8057936>		"kabendo"@kod	
"waɣáh"@akl	<https://panlex.org/snapshot/panlex-20191001-csv/114#8052194>				<https://panlex.org/snapshot/panlex-20191001-csv/114#8052348>		"kale"@kod	
"waɣáh"@akl	<https://panlex.org/snapshot/panlex-20191001-csv/114#8052194>				<https://panlex.org/snapshot/panlex-20191001-csv/114#8052349>		"kaleyo"@kod	
"pá:ńaw"@akl	<https://panlex.org/snapshot/panlex-20191001-csv/114#8053687>				<https://panlex.org/snapshot/panlex-20191001-csv/114#8053891>		"halako"@kod	
"pá:ńaw"@akl	<https://panlex.org/snapshot/panlex-20191001-csv/114#8053687>				<https://panlex.org/snapshot/panlex-20191001-csv/114#8053892>		"halàko"@kod	
