"one"@gri	<https://panlex.org/snapshot/panlex-20191001-csv/5943#83323741>				<https://panlex.org/snapshot/panlex-20191001-csv/5943#83323796>		"oneone"@sm	
"ko"@gri	<https://panlex.org/snapshot/panlex-20191001-csv/12#850936>				<https://panlex.org/snapshot/panlex-20191001-csv/12#851152>		"vai"@sm	
"one"@gri	<https://panlex.org/snapshot/panlex-20191001-csv/15#967009>				<https://panlex.org/snapshot/panlex-20191001-csv/15#967062>		"oneone"@sm	
"tua-"@gri	<https://panlex.org/snapshot/panlex-20191001-csv/114#8053240>				<https://panlex.org/snapshot/panlex-20191001-csv/114#8053540>		"vae"@sm	
"lima-"@gri	<https://panlex.org/snapshot/panlex-20191001-csv/114#8051754>				<https://panlex.org/snapshot/panlex-20191001-csv/114#8052050>		"lima"@sm	
"kia"@gri	<https://panlex.org/snapshot/panlex-20191001-csv/114#8068250>				<https://panlex.org/snapshot/panlex-20191001-csv/114#8068523>		"ʻata"@sm	
"mai"@gri	<https://panlex.org/snapshot/panlex-20191001-csv/114#8054877>				<https://panlex.org/snapshot/panlex-20191001-csv/114#8055142>		"ō mai"@sm	
"mai"@gri	<https://panlex.org/snapshot/panlex-20191001-csv/114#8054877>				<https://panlex.org/snapshot/panlex-20191001-csv/114#8055141>		"sau"@sm	
"isu-"@gri	<https://panlex.org/snapshot/panlex-20191001-csv/114#8065162>				<https://panlex.org/snapshot/panlex-20191001-csv/114#8065441>		"isu"@sm	
"lova-"@gri	<https://panlex.org/snapshot/panlex-20191001-csv/114#8063533>				<https://panlex.org/snapshot/panlex-20191001-csv/114#8063806>		"ulu"@sm	
"mbau"@gri	<https://panlex.org/snapshot/panlex-20191001-csv/114#8056392>				<https://panlex.org/snapshot/panlex-20191001-csv/114#8056662>		"ʻeleʻelea"@sm	
"olo"@gri	<https://panlex.org/snapshot/panlex-20191001-csv/114#8055871>				<https://panlex.org/snapshot/panlex-20191001-csv/114#8056150>		"ʻaʻau"@sm	
"mandoa"@gri	<https://panlex.org/snapshot/panlex-20191001-csv/114#8052762>				<https://panlex.org/snapshot/panlex-20191001-csv/114#8053000>		"tau-matau"@sm	
"mataɣu"@gri	<https://panlex.org/snapshot/panlex-20191001-csv/114#8062487>				<https://panlex.org/snapshot/panlex-20191001-csv/114#8062763>		"mataʻu"@sm	
"mataɣu"@gri	<https://panlex.org/snapshot/panlex-20191001-csv/114#8062487>				<https://panlex.org/snapshot/panlex-20191001-csv/114#8062762>		"fefe"@sm	
"maŋa-"@gri	<https://panlex.org/snapshot/panlex-20191001-csv/114#8066632>				<https://panlex.org/snapshot/panlex-20191001-csv/114#8066922>		"ŋutu"@sm	
"papasa"@gri	<https://panlex.org/snapshot/panlex-20191001-csv/114#8056889>				<https://panlex.org/snapshot/panlex-20191001-csv/114#8057136>		"p|efu"@sm	
"ko"@gri	<https://panlex.org/snapshot/panlex-20191001-csv/11#787573>				<https://panlex.org/snapshot/panlex-20191001-csv/11#787727>		"vai"@sm	
