"ko"@gri	<https://panlex.org/snapshot/panlex-20191001-csv/12#850936>				<https://panlex.org/snapshot/panlex-20191001-csv/12#850922>		"vai"@fut	
"ara"@gri	<https://panlex.org/snapshot/panlex-20191001-csv/114#8068782>				<https://panlex.org/snapshot/panlex-20191001-csv/114#8068770>		"tagi"@fut	
"tua-"@gri	<https://panlex.org/snapshot/panlex-20191001-csv/114#8053240>				<https://panlex.org/snapshot/panlex-20191001-csv/114#8053230>		"vae"@fut	
"lima-"@gri	<https://panlex.org/snapshot/panlex-20191001-csv/114#8051754>				<https://panlex.org/snapshot/panlex-20191001-csv/114#8051744>		"rima"@fut	
"kia"@gri	<https://panlex.org/snapshot/panlex-20191001-csv/114#8068250>				<https://panlex.org/snapshot/panlex-20191001-csv/114#8068240>		"kata"@fut	
"isu-"@gri	<https://panlex.org/snapshot/panlex-20191001-csv/114#8065162>				<https://panlex.org/snapshot/panlex-20191001-csv/114#8065152>		"isu"@fut	
"lova-"@gri	<https://panlex.org/snapshot/panlex-20191001-csv/114#8063533>				<https://panlex.org/snapshot/panlex-20191001-csv/114#8063523>		"uru"@fut	
"mbau"@gri	<https://panlex.org/snapshot/panlex-20191001-csv/114#8056392>				<https://panlex.org/snapshot/panlex-20191001-csv/114#8056377>		"paku"@fut	
"olo"@gri	<https://panlex.org/snapshot/panlex-20191001-csv/114#8055871>				<https://panlex.org/snapshot/panlex-20191001-csv/114#8055861>		"kau"@fut	
"mandoa"@gri	<https://panlex.org/snapshot/panlex-20191001-csv/114#8052762>				<https://panlex.org/snapshot/panlex-20191001-csv/114#8052752>		"matau"@fut	
"mataɣu"@gri	<https://panlex.org/snapshot/panlex-20191001-csv/114#8062487>				<https://panlex.org/snapshot/panlex-20191001-csv/114#8062474>		"mataku"@fut	
"ko"@gri	<https://panlex.org/snapshot/panlex-20191001-csv/11#787573>				<https://panlex.org/snapshot/panlex-20191001-csv/11#787560>		"vai"@fut	
