"ara"@gri	<https://panlex.org/snapshot/panlex-20191001-csv/114#8068782>				<https://panlex.org/snapshot/panlex-20191001-csv/114#8068713>		"-ta"@brz	
"ara"@gri	<https://panlex.org/snapshot/panlex-20191001-csv/114#8068782>				<https://panlex.org/snapshot/panlex-20191001-csv/114#8068714>		"nteŋe(nn)"@brz	
"tua-"@gri	<https://panlex.org/snapshot/panlex-20191001-csv/114#8053240>				<https://panlex.org/snapshot/panlex-20191001-csv/114#8053173>		"ni?e/n"@brz	
"tua-"@gri	<https://panlex.org/snapshot/panlex-20191001-csv/114#8053240>				<https://panlex.org/snapshot/panlex-20191001-csv/114#8053174>		"nien"@brz	
"lima-"@gri	<https://panlex.org/snapshot/panlex-20191001-csv/114#8051754>				<https://panlex.org/snapshot/panlex-20191001-csv/114#8051683>		"niman"@brz	
"kia"@gri	<https://panlex.org/snapshot/panlex-20191001-csv/114#8068250>				<https://panlex.org/snapshot/panlex-20191001-csv/114#8068180>		"-iwa"@brz	
"mai"@gri	<https://panlex.org/snapshot/panlex-20191001-csv/114#8054877>				<https://panlex.org/snapshot/panlex-20191001-csv/114#8054811>		"-sa"@brz	
"isu-"@gri	<https://panlex.org/snapshot/panlex-20191001-csv/114#8065162>				<https://panlex.org/snapshot/panlex-20191001-csv/114#8065095>		"vin"@brz	
"lova-"@gri	<https://panlex.org/snapshot/panlex-20191001-csv/114#8063533>				<https://panlex.org/snapshot/panlex-20191001-csv/114#8063457>		"patu/n"@brz	
"lova-"@gri	<https://panlex.org/snapshot/panlex-20191001-csv/114#8063533>				<https://panlex.org/snapshot/panlex-20191001-csv/114#8063456>		"baku/n"@brz	
"mbau"@gri	<https://panlex.org/snapshot/panlex-20191001-csv/114#8056392>				<https://panlex.org/snapshot/panlex-20191001-csv/114#8056335>		"nuni"@brz	
"olo"@gri	<https://panlex.org/snapshot/panlex-20191001-csv/114#8055871>				<https://panlex.org/snapshot/panlex-20191001-csv/114#8055814>		"-log"@brz	
"mandoa"@gri	<https://panlex.org/snapshot/panlex-20191001-csv/114#8052762>				<https://panlex.org/snapshot/panlex-20191001-csv/114#8052712>		"waŋ"@brz	
"mataɣu"@gri	<https://panlex.org/snapshot/panlex-20191001-csv/114#8062487>				<https://panlex.org/snapshot/panlex-20191001-csv/114#8062426>		"-rer"@brz	
"maŋa-"@gri	<https://panlex.org/snapshot/panlex-20191001-csv/114#8066632>				<https://panlex.org/snapshot/panlex-20191001-csv/114#8066564>		"aua-"@brz	
"papasa"@gri	<https://panlex.org/snapshot/panlex-20191001-csv/114#8056889>				<https://panlex.org/snapshot/panlex-20191001-csv/114#8056841>		"sogohon"@brz	
