"dauda"@bwd	<https://panlex.org/snapshot/panlex-20191001-csv/12#850868>				<https://panlex.org/snapshot/panlex-20191001-csv/12#850979>		"wéye"@jmd	
"tauya"@bwd	<https://panlex.org/snapshot/panlex-20191001-csv/114#8053756>				<https://panlex.org/snapshot/panlex-20191001-csv/114#8053876>		"laye"@jmd	
"tauya"@bwd	<https://panlex.org/snapshot/panlex-20191001-csv/114#8053756>				<https://panlex.org/snapshot/panlex-20191001-csv/114#8053877>		"n-mban"@jmd	
"tauya"@bwd	<https://panlex.org/snapshot/panlex-20191001-csv/114#8053756>				<https://panlex.org/snapshot/panlex-20191001-csv/114#8053875>		"fala"@jmd	
"debai-"@bwd	<https://panlex.org/snapshot/panlex-20191001-csv/114#8063463>				<https://panlex.org/snapshot/panlex-20191001-csv/114#8063574>		"ulu"@jmd	
"auna"@bwd	<https://panlex.org/snapshot/panlex-20191001-csv/114#8066073>				<https://panlex.org/snapshot/panlex-20191001-csv/114#8066167>		"n-aŋat"@jmd	
"alamanena"@bwd	<https://panlex.org/snapshot/panlex-20191001-csv/114#8061416>				<https://panlex.org/snapshot/panlex-20191001-csv/114#8061540>		"na-fai"@jmd	
"ubu-"@bwd	<https://panlex.org/snapshot/panlex-20191001-csv/114#8057309>				<https://panlex.org/snapshot/panlex-20191001-csv/114#8057405>		"kulit"@jmd	
"vele"@bwd	<https://panlex.org/snapshot/panlex-20191001-csv/114#8068186>				<https://panlex.org/snapshot/panlex-20191001-csv/114#8068304>		"n-malip"@jmd	
"ago-"@bwd	<https://panlex.org/snapshot/panlex-20191001-csv/114#8064013>				<https://panlex.org/snapshot/panlex-20191001-csv/114#8064122>		"nawe"@jmd	
"ago-"@bwd	<https://panlex.org/snapshot/panlex-20191001-csv/114#8064013>				<https://panlex.org/snapshot/panlex-20191001-csv/114#8064121>		"manuk"@jmd	
"vila"@bwd	<https://panlex.org/snapshot/panlex-20191001-csv/114#8055326>				<https://panlex.org/snapshot/panlex-20191001-csv/114#8055423>		"balik"@jmd	
"awa-"@bwd	<https://panlex.org/snapshot/panlex-20191001-csv/114#8066570>				<https://panlex.org/snapshot/panlex-20191001-csv/114#8066677>		"susuke"@jmd	
"nigo-"@bwd	<https://panlex.org/snapshot/panlex-20191001-csv/114#8067121>				<https://panlex.org/snapshot/panlex-20191001-csv/114#8067241>		"nife"@jmd	
"wai"@bwd	<https://panlex.org/snapshot/panlex-20191001-csv/114#8054329>				<https://panlex.org/snapshot/panlex-20191001-csv/114#8054422>		"dalamtene"@jmd	
"yawa(i)"@bwd	<https://panlex.org/snapshot/panlex-20191001-csv/114#8065628>				<https://panlex.org/snapshot/panlex-20191001-csv/114#8065717>		"sa|nawe"@jmd	
"yawa(i)"@bwd	<https://panlex.org/snapshot/panlex-20191001-csv/114#8065628>				<https://panlex.org/snapshot/panlex-20191001-csv/114#8065716>		"reke"@jmd	
