"lan"@jam	<https://panlex.org/snapshot/panlex-20191001-csv/1573#50082095>				<https://panlex.org/snapshot/panlex-20191001-csv/1573#50082167>		"kiwe"@pbb	
"riva"@jam	<https://panlex.org/snapshot/panlex-20191001-csv/1573#50088389>				<https://panlex.org/snapshot/panlex-20191001-csv/1573#50088488>		"yuʔ-wala"@pbb	
"saɩl"@jam	<https://panlex.org/snapshot/panlex-20191001-csv/1573#50082427>				<https://panlex.org/snapshot/panlex-20191001-csv/1573#50082498>		"kiwe"@pbb	
"fʊɔm"@jam	<https://panlex.org/snapshot/panlex-20191001-csv/1573#50086560>				<https://panlex.org/snapshot/panlex-20191001-csv/1573#50086606>		"buʔč"@pbb	
"wɛɩv"@jam	<https://panlex.org/snapshot/panlex-20191001-csv/1573#50087725>				<https://panlex.org/snapshot/panlex-20191001-csv/1573#50087777>		"yuʔ tũčha-ʼsa"@pbb	
"ʊərl"@jam	<https://panlex.org/snapshot/panlex-20191001-csv/1573#50081813>				<https://panlex.org/snapshot/panlex-20191001-csv/1573#50081858>		"kiwe"@pbb	
"wudz"@jam	<https://panlex.org/snapshot/panlex-20191001-csv/1573#50089765>				<https://panlex.org/snapshot/panlex-20191001-csv/1573#50089826>		"yuʔkh wala"@pbb	
"swɔmp"@jam	<https://panlex.org/snapshot/panlex-20191001-csv/1573#50089316>				<https://panlex.org/snapshot/panlex-20191001-csv/1573#50089365>		"tʸitʸ wala"@pbb	
"wāta-fal"@jam	<https://panlex.org/snapshot/panlex-20191001-csv/1573#50089544>				<https://panlex.org/snapshot/panlex-20191001-csv/1573#50089582>		"kiʔna"@pbb	
"ud"@jam	<https://panlex.org/snapshot/panlex-20191001-csv/1573#50090300>				<https://panlex.org/snapshot/panlex-20191001-csv/1573#50090356>		"Φtũũ"@pbb	
"bruk"@jam	<https://panlex.org/snapshot/panlex-20191001-csv/1573#50088387>				<https://panlex.org/snapshot/panlex-20191001-csv/1573#50088488>		"yuʔ-wala"@pbb	
"ɛrt-kwɛɩk"@jam	<https://panlex.org/snapshot/panlex-20191001-csv/1573#50090938>				<https://panlex.org/snapshot/panlex-20191001-csv/1573#50090977>		"ehd"@pbb	
"wāta"@jam	<https://panlex.org/snapshot/panlex-20191001-csv/1573#50085744>				<https://panlex.org/snapshot/panlex-20191001-csv/1573#50085800>		"yuʔ"@pbb	
"klɩf"@jam	<https://panlex.org/snapshot/panlex-20191001-csv/1573#50083977>				<https://panlex.org/snapshot/panlex-20191001-csv/1573#50084039>		"penʸa"@pbb	
"sprɩŋ"@jam	<https://panlex.org/snapshot/panlex-20191001-csv/1573#50089005>				<https://panlex.org/snapshot/panlex-20191001-csv/1573#50089081>		"yuʔ-"@pbb	
"swamp"@jam	<https://panlex.org/snapshot/panlex-20191001-csv/1573#50089315>				<https://panlex.org/snapshot/panlex-20191001-csv/1573#50089365>		"tʸitʸ wala"@pbb	
"baŋk"@jam	<https://panlex.org/snapshot/panlex-20191001-csv/1573#50085207>				<https://panlex.org/snapshot/panlex-20191001-csv/1573#50085271>		"yuʔ-puka"@pbb	
"fil"@jam	<https://panlex.org/snapshot/panlex-20191001-csv/1573#50084287>				<https://panlex.org/snapshot/panlex-20191001-csv/1573#50084367>		"tʸak"@pbb	
"buš"@jam	<https://panlex.org/snapshot/panlex-20191001-csv/1573#50089763>				<https://panlex.org/snapshot/panlex-20191001-csv/1573#50089826>		"yuʔkh wala"@pbb	
"das"@jam	<https://panlex.org/snapshot/panlex-20191001-csv/1573#50082721>				<https://panlex.org/snapshot/panlex-20191001-csv/1573#50082780>		"tuhd"@pbb	
"valɩ"@jam	<https://panlex.org/snapshot/panlex-20191001-csv/1573#50084570>				<https://panlex.org/snapshot/panlex-20191001-csv/1573#50084621>		"ukwe kiwe"@pbb	
"tri"@jam	<https://panlex.org/snapshot/panlex-20191001-csv/1573#50090046>				<https://panlex.org/snapshot/panlex-20191001-csv/1573#50090102>		"Φtũũ taš"@pbb	
"groŋ"@jam	<https://panlex.org/snapshot/panlex-20191001-csv/1573#50082425>				<https://panlex.org/snapshot/panlex-20191001-csv/1573#50082498>		"kiwe"@pbb	
"mɔutɩn"@jam	<https://panlex.org/snapshot/panlex-20191001-csv/1573#50083610>				<https://panlex.org/snapshot/panlex-20191001-csv/1573#50083693>		"βic̷ wala"@pbb	
"mɔutɩn"@jam	<https://panlex.org/snapshot/panlex-20191001-csv/1573#50083610>				<https://panlex.org/snapshot/panlex-20191001-csv/1573#50083692>		"thãʔh"@pbb	
"ɩl"@jam	<https://panlex.org/snapshot/panlex-20191001-csv/1573#50083611>				<https://panlex.org/snapshot/panlex-20191001-csv/1573#50083693>		"βic̷ wala"@pbb	
"ɩl"@jam	<https://panlex.org/snapshot/panlex-20191001-csv/1573#50083611>				<https://panlex.org/snapshot/panlex-20191001-csv/1573#50083692>		"thãʔh"@pbb	
"wɛl"@jam	<https://panlex.org/snapshot/panlex-20191001-csv/1573#50089006>				<https://panlex.org/snapshot/panlex-20191001-csv/1573#50089081>		"yuʔ-"@pbb	
"lɛɩk"@jam	<https://panlex.org/snapshot/panlex-20191001-csv/1573#50086975>				<https://panlex.org/snapshot/panlex-20191001-csv/1573#50087025>		"ĩkh wala"@pbb	
"skaɩ"@jam	<https://panlex.org/snapshot/panlex-20191001-csv/1573#50091147>				<https://panlex.org/snapshot/panlex-20191001-csv/1573#50091194>		"ẽẽ c̷ẽy"@pbb	
"rak"@jam	<https://panlex.org/snapshot/panlex-20191001-csv/1573#50090623>				<https://panlex.org/snapshot/panlex-20191001-csv/1573#50090711>		"kwet"@pbb	
"ɛrt"@jam	<https://panlex.org/snapshot/panlex-20191001-csv/1573#50082428>				<https://panlex.org/snapshot/panlex-20191001-csv/1573#50082498>		"kiwe"@pbb	
"ɛrt"@jam	<https://panlex.org/snapshot/panlex-20191001-csv/1573#50082096>				<https://panlex.org/snapshot/panlex-20191001-csv/1573#50082167>		"kiwe"@pbb	
"farɩs"@jam	<https://panlex.org/snapshot/panlex-20191001-csv/1573#50089764>				<https://panlex.org/snapshot/panlex-20191001-csv/1573#50089826>		"yuʔkh wala"@pbb	
"kɛɩv"@jam	<https://panlex.org/snapshot/panlex-20191001-csv/1573#50085506>				<https://panlex.org/snapshot/panlex-20191001-csv/1573#50085554>		"kaΦ"@pbb	
"šʊɔr"@jam	<https://panlex.org/snapshot/panlex-20191001-csv/1573#50085209>				<https://panlex.org/snapshot/panlex-20191001-csv/1573#50085271>		"yuʔ-puka"@pbb	
"sɔn"@jam	<https://panlex.org/snapshot/panlex-20191001-csv/1573#50091399>				<https://panlex.org/snapshot/panlex-20191001-csv/1573#50091452>		"sek"@pbb	
"strim"@jam	<https://panlex.org/snapshot/panlex-20191001-csv/1573#50088390>				<https://panlex.org/snapshot/panlex-20191001-csv/1573#50088488>		"yuʔ-wala"@pbb	
"ʊɔl"@jam	<https://panlex.org/snapshot/panlex-20191001-csv/1573#50081812>				<https://panlex.org/snapshot/panlex-20191001-csv/1573#50081858>		"kiwe"@pbb	
"grɔŋ"@jam	<https://panlex.org/snapshot/panlex-20191001-csv/1573#50082426>				<https://panlex.org/snapshot/panlex-20191001-csv/1573#50082498>		"kiwe"@pbb	
"rak-stʊn"@jam	<https://panlex.org/snapshot/panlex-20191001-csv/1573#50090624>				<https://panlex.org/snapshot/panlex-20191001-csv/1573#50090711>		"kwet"@pbb	
"bʊɔd"@jam	<https://panlex.org/snapshot/panlex-20191001-csv/1573#50090299>				<https://panlex.org/snapshot/panlex-20191001-csv/1573#50090356>		"Φtũũ"@pbb	
"stʊɔn"@jam	<https://panlex.org/snapshot/panlex-20191001-csv/1573#50090625>				<https://panlex.org/snapshot/panlex-20191001-csv/1573#50090711>		"kwet"@pbb	
"mɔd"@jam	<https://panlex.org/snapshot/panlex-20191001-csv/1573#50083009>				<https://panlex.org/snapshot/panlex-20191001-csv/1573#50083082>		"tʸitʸ"@pbb	
"san"@jam	<https://panlex.org/snapshot/panlex-20191001-csv/1573#50083270>				<https://panlex.org/snapshot/panlex-20191001-csv/1573#50083332>		"muse"@pbb	
"bič"@jam	<https://panlex.org/snapshot/panlex-20191001-csv/1573#50085208>				<https://panlex.org/snapshot/panlex-20191001-csv/1573#50085271>		"yuʔ-puka"@pbb	
"riba"@jam	<https://panlex.org/snapshot/panlex-20191001-csv/1573#50088388>				<https://panlex.org/snapshot/panlex-20191001-csv/1573#50088488>		"yuʔ-wala"@pbb	
