"каьхкьаь"@kjj	<https://panlex.org/snapshot/panlex-20191001-csv/5947#84803466>				<https://panlex.org/snapshot/panlex-20191001-csv/5947#84803626>		"מאָנטיק"@ydd	
"къум"@kjj	<https://panlex.org/snapshot/panlex-20191001-csv/1573#50083280>				<https://panlex.org/snapshot/panlex-20191001-csv/1573#50083399>		"zamd"@ydd	
"окьан"@kjj	<https://panlex.org/snapshot/panlex-20191001-csv/1573#50085512>				<https://panlex.org/snapshot/panlex-20191001-csv/1573#50085622>		"hejl"@ydd	
"тоз"@kjj	<https://panlex.org/snapshot/panlex-20191001-csv/1573#50082732>				<https://panlex.org/snapshot/panlex-20191001-csv/1573#50082857>		"štojb"@ydd	
"тоз"@kjj	<https://panlex.org/snapshot/panlex-20191001-csv/1573#50082732>				<https://panlex.org/snapshot/panlex-20191001-csv/1573#50082856>		"porex"@ydd	
"вишаь"@kjj	<https://panlex.org/snapshot/panlex-20191001-csv/1573#50090053>				<https://panlex.org/snapshot/panlex-20191001-csv/1573#50090169>		"bojm"@ydd	
"къайа"@kjj	<https://panlex.org/snapshot/panlex-20191001-csv/1573#50090637>				<https://panlex.org/snapshot/panlex-20191001-csv/1573#50090833>		"štejn"@ydd	
"куьппуъг"@kjj	<https://panlex.org/snapshot/panlex-20191001-csv/1573#50086567>				<https://panlex.org/snapshot/panlex-20191001-csv/1573#50086674>		"šam"@ydd	
"даьраь"@kjj	<https://panlex.org/snapshot/panlex-20191001-csv/1573#50084579>				<https://panlex.org/snapshot/panlex-20191001-csv/1573#50084674>		"tol"@ydd	
"шум"@kjj	<https://panlex.org/snapshot/panlex-20191001-csv/1573#50083281>				<https://panlex.org/snapshot/panlex-20191001-csv/1573#50083399>		"zamd"@ydd	
"ынкка"@kjj	<https://panlex.org/snapshot/panlex-20191001-csv/1573#50088407>				<https://panlex.org/snapshot/panlex-20191001-csv/1573#50088616>		"tajx"@ydd	
"ынкка"@kjj	<https://panlex.org/snapshot/panlex-20191001-csv/1573#50088407>				<https://panlex.org/snapshot/panlex-20191001-csv/1573#50088614>		"box"@ydd	
"ынкка"@kjj	<https://panlex.org/snapshot/panlex-20191001-csv/1573#50088407>				<https://panlex.org/snapshot/panlex-20191001-csv/1573#50088615>		"ričke"@ydd	
"ццва"@kjj	<https://panlex.org/snapshot/panlex-20191001-csv/1573#50091155>				<https://panlex.org/snapshot/panlex-20191001-csv/1573#50091274>		"himl"@ydd	
"мыда"@kjj	<https://panlex.org/snapshot/panlex-20191001-csv/1573#50083626>				<https://panlex.org/snapshot/panlex-20191001-csv/1573#50083806>		"bergl"@ydd	
"мыда"@kjj	<https://panlex.org/snapshot/panlex-20191001-csv/1573#50083626>				<https://panlex.org/snapshot/panlex-20191001-csv/1573#50083805>		"barg"@ydd	
"мыда"@kjj	<https://panlex.org/snapshot/panlex-20191001-csv/1573#50090638>				<https://panlex.org/snapshot/panlex-20191001-csv/1573#50090833>		"štejn"@ydd	
"саькин"@kjj	<https://panlex.org/snapshot/panlex-20191001-csv/1573#50086209>				<https://panlex.org/snapshot/panlex-20191001-csv/1573#50086291>		"ruik"@ydd	
"ода"@kjj	<https://panlex.org/snapshot/panlex-20191001-csv/1573#50084796>				<https://panlex.org/snapshot/panlex-20191001-csv/1573#50084892>		"indzl"@ydd	
"чала"@kjj	<https://panlex.org/snapshot/panlex-20191001-csv/1573#50084580>				<https://panlex.org/snapshot/panlex-20191001-csv/1573#50084674>		"tol"@ydd	
"акеан"@kjj	<https://panlex.org/snapshot/panlex-20191001-csv/1573#50086772>				<https://panlex.org/snapshot/panlex-20191001-csv/1573#50086852>		"oʼkean"@ydd	
"кантинент"@kjj	<https://panlex.org/snapshot/panlex-20191001-csv/1573#50084988>				<https://panlex.org/snapshot/panlex-20191001-csv/1573#50085044>		"jaboše"@ydd	
"маша"@kjj	<https://panlex.org/snapshot/panlex-20191001-csv/1573#50089775>				<https://panlex.org/snapshot/panlex-20191001-csv/1573#50089911>		"vald"@ydd	
"къызгъын"@kjj	<https://panlex.org/snapshot/panlex-20191001-csv/1573#50086388>				<https://panlex.org/snapshot/panlex-20191001-csv/1573#50086459>		"umruik"@ydd	
"къойу"@kjj	<https://panlex.org/snapshot/panlex-20191001-csv/1573#50089016>				<https://panlex.org/snapshot/panlex-20191001-csv/1573#50089176>		"brune"@ydd	
"къойу"@kjj	<https://panlex.org/snapshot/panlex-20191001-csv/1573#50089016>				<https://panlex.org/snapshot/panlex-20191001-csv/1573#50089177>		"kval"@ydd	
"къойу"@kjj	<https://panlex.org/snapshot/panlex-20191001-csv/1573#50089016>				<https://panlex.org/snapshot/panlex-20191001-csv/1573#50089178>		"ʼkrenice"@ydd	
"кир"@kjj	<https://panlex.org/snapshot/panlex-20191001-csv/1573#50083020>				<https://panlex.org/snapshot/panlex-20191001-csv/1573#50083152>		"blote"@ydd	
"гургур"@kjj	<https://panlex.org/snapshot/panlex-20191001-csv/1573#50088722>				<https://panlex.org/snapshot/panlex-20191001-csv/1573#50088802>		"keslgrub"@ydd	
"новыр"@kjj	<https://panlex.org/snapshot/panlex-20191001-csv/1573#50086983>				<https://panlex.org/snapshot/panlex-20191001-csv/1573#50087096>		"ʼozere"@ydd	
"къарагъ"@kjj	<https://panlex.org/snapshot/panlex-20191001-csv/1573#50085217>				<https://panlex.org/snapshot/panlex-20191001-csv/1573#50085378>		"breg"@ydd	
"инччи"@kjj	<https://panlex.org/snapshot/panlex-20191001-csv/1573#50082438>				<https://panlex.org/snapshot/panlex-20191001-csv/1573#50082589>		"grunt"@ydd	
"дуьздаьн"@kjj	<https://panlex.org/snapshot/panlex-20191001-csv/1573#50084300>				<https://panlex.org/snapshot/panlex-20191001-csv/1573#50084453>		"plejn"@ydd	
"дуьздаьн"@kjj	<https://panlex.org/snapshot/panlex-20191001-csv/1573#50084300>				<https://panlex.org/snapshot/panlex-20191001-csv/1573#50084452>		"feld"@ydd	
"даьрйаьгь"@kjj	<https://panlex.org/snapshot/panlex-20191001-csv/1573#50085997>				<https://panlex.org/snapshot/panlex-20191001-csv/1573#50086105>		"jam"@ydd	
"шаьлаьлаь"@kjj	<https://panlex.org/snapshot/panlex-20191001-csv/1573#50089550>				<https://panlex.org/snapshot/panlex-20191001-csv/1573#50089624>		"ʼvaserfal"@ydd	
"кІачІын"@kjj	<https://panlex.org/snapshot/panlex-20191001-csv/1573#50090636>				<https://panlex.org/snapshot/panlex-20191001-csv/1573#50090833>		"štejn"@ydd	
"чирк"@kjj	<https://panlex.org/snapshot/panlex-20191001-csv/1573#50083022>				<https://panlex.org/snapshot/panlex-20191001-csv/1573#50083152>		"blote"@ydd	
"турпагъ"@kjj	<https://panlex.org/snapshot/panlex-20191001-csv/1573#50082440>				<https://panlex.org/snapshot/panlex-20191001-csv/1573#50082589>		"grunt"@ydd	
"лаьпаь"@kjj	<https://panlex.org/snapshot/panlex-20191001-csv/1573#50087732>				<https://panlex.org/snapshot/panlex-20191001-csv/1573#50087843>		"xvalʸe"@ydd	
"мыц"@kjj	<https://panlex.org/snapshot/panlex-20191001-csv/1573#50089018>				<https://panlex.org/snapshot/panlex-20191001-csv/1573#50089176>		"brune"@ydd	
"мыц"@kjj	<https://panlex.org/snapshot/panlex-20191001-csv/1573#50089018>				<https://panlex.org/snapshot/panlex-20191001-csv/1573#50089177>		"kval"@ydd	
"мыц"@kjj	<https://panlex.org/snapshot/panlex-20191001-csv/1573#50089018>				<https://panlex.org/snapshot/panlex-20191001-csv/1573#50089178>		"ʼkrenice"@ydd	
"улка"@kjj	<https://panlex.org/snapshot/panlex-20191001-csv/1573#50082110>				<https://panlex.org/snapshot/panlex-20191001-csv/1573#50082274>		"erd"@ydd	
"хьу"@kjj	<https://panlex.org/snapshot/panlex-20191001-csv/1573#50085751>				<https://panlex.org/snapshot/panlex-20191001-csv/1573#50085881>		"vaser"@ydd	
"ттва"@kjj	<https://panlex.org/snapshot/panlex-20191001-csv/1573#50082439>				<https://panlex.org/snapshot/panlex-20191001-csv/1573#50082589>		"grunt"@ydd	
"макьал"@kjj	<https://panlex.org/snapshot/panlex-20191001-csv/1573#50083021>				<https://panlex.org/snapshot/panlex-20191001-csv/1573#50083152>		"blote"@ydd	
"ынкь"@kjj	<https://panlex.org/snapshot/panlex-20191001-csv/1573#50091410>				<https://panlex.org/snapshot/panlex-20191001-csv/1573#50091522>		"zun"@ydd	
"ынхъа"@kjj	<https://panlex.org/snapshot/panlex-20191001-csv/1573#50084302>				<https://panlex.org/snapshot/panlex-20191001-csv/1573#50084453>		"plejn"@ydd	
"ынхъа"@kjj	<https://panlex.org/snapshot/panlex-20191001-csv/1573#50084302>				<https://panlex.org/snapshot/panlex-20191001-csv/1573#50084452>		"feld"@ydd	
"джине"@kjj	<https://panlex.org/snapshot/panlex-20191001-csv/1573#50082109>				<https://panlex.org/snapshot/panlex-20191001-csv/1573#50082274>		"erd"@ydd	
"джине"@kjj	<https://panlex.org/snapshot/panlex-20191001-csv/1573#50081822>				<https://panlex.org/snapshot/panlex-20191001-csv/1573#50081928>		"velt"@ydd	
"кьарыш"@kjj	<https://panlex.org/snapshot/panlex-20191001-csv/1573#50089326>				<https://panlex.org/snapshot/panlex-20191001-csv/1573#50089438>		"zump"@ydd	
"ант"@kjj	<https://panlex.org/snapshot/panlex-20191001-csv/1573#50084299>				<https://panlex.org/snapshot/panlex-20191001-csv/1573#50084453>		"plejn"@ydd	
"ант"@kjj	<https://panlex.org/snapshot/panlex-20191001-csv/1573#50084299>				<https://panlex.org/snapshot/panlex-20191001-csv/1573#50084452>		"feld"@ydd	
"миччаь"@kjj	<https://panlex.org/snapshot/panlex-20191001-csv/1573#50089017>				<https://panlex.org/snapshot/panlex-20191001-csv/1573#50089176>		"brune"@ydd	
"миччаь"@kjj	<https://panlex.org/snapshot/panlex-20191001-csv/1573#50089017>				<https://panlex.org/snapshot/panlex-20191001-csv/1573#50089177>		"kval"@ydd	
"миччаь"@kjj	<https://panlex.org/snapshot/panlex-20191001-csv/1573#50089017>				<https://panlex.org/snapshot/panlex-20191001-csv/1573#50089178>		"ʼkrenice"@ydd	
"цІва-ттва йогъурвал"@kjj	<https://panlex.org/snapshot/panlex-20191001-csv/1573#50090946>				<https://panlex.org/snapshot/panlex-20191001-csv/1573#50091020>		"ʼerd-citerniš"@ydd	
"таьпаь"@kjj	<https://panlex.org/snapshot/panlex-20191001-csv/1573#50083627>				<https://panlex.org/snapshot/panlex-20191001-csv/1573#50083806>		"bergl"@ydd	
"таьпаь"@kjj	<https://panlex.org/snapshot/panlex-20191001-csv/1573#50083627>				<https://panlex.org/snapshot/panlex-20191001-csv/1573#50083805>		"barg"@ydd	
"мыккар"@kjj	<https://panlex.org/snapshot/panlex-20191001-csv/1573#50090309>				<https://panlex.org/snapshot/panlex-20191001-csv/1573#50090426>		"holc"@ydd	
"вилайаьт"@kjj	<https://panlex.org/snapshot/panlex-20191001-csv/1573#50082108>				<https://panlex.org/snapshot/panlex-20191001-csv/1573#50082274>		"erd"@ydd	
"учхун"@kjj	<https://panlex.org/snapshot/panlex-20191001-csv/1573#50083986>				<https://panlex.org/snapshot/panlex-20191001-csv/1573#50084103>		"feldz"@ydd	
"къарасу"@kjj	<https://panlex.org/snapshot/panlex-20191001-csv/1573#50088406>				<https://panlex.org/snapshot/panlex-20191001-csv/1573#50088616>		"tajx"@ydd	
"къарасу"@kjj	<https://panlex.org/snapshot/panlex-20191001-csv/1573#50088406>				<https://panlex.org/snapshot/panlex-20191001-csv/1573#50088614>		"box"@ydd	
"къарасу"@kjj	<https://panlex.org/snapshot/panlex-20191001-csv/1573#50088406>				<https://panlex.org/snapshot/panlex-20191001-csv/1573#50088615>		"ričke"@ydd	
"тала"@kjj	<https://panlex.org/snapshot/panlex-20191001-csv/1573#50084301>				<https://panlex.org/snapshot/panlex-20191001-csv/1573#50084453>		"plejn"@ydd	
"тала"@kjj	<https://panlex.org/snapshot/panlex-20191001-csv/1573#50084301>				<https://panlex.org/snapshot/panlex-20191001-csv/1573#50084452>		"feld"@ydd	
"заьлзаьлаь"@kjj	<https://panlex.org/snapshot/panlex-20191001-csv/1573#50090945>				<https://panlex.org/snapshot/panlex-20191001-csv/1573#50091020>		"ʼerd-citerniš"@ydd	
"кӏувшкаьхкьаь"@kjj	<https://panlex.org/snapshot/panlex-20191001-csv/2892#110824439>				<https://panlex.org/snapshot/panlex-20191001-csv/2892#110824446>		"דינסטיק"@ydd	
"каьхкьаь"@kjj	<https://panlex.org/snapshot/panlex-20191001-csv/2892#110824107>				<https://panlex.org/snapshot/panlex-20191001-csv/2892#110824404>		"מאָנטיק"@ydd	
"гӏарба"@kjj	<https://panlex.org/snapshot/panlex-20191001-csv/2892#110825086>				<https://panlex.org/snapshot/panlex-20191001-csv/2892#110825238>		"מיטװאָך"@ydd	
"инаьлксан"@kjj	<https://panlex.org/snapshot/panlex-20191001-csv/2892#110825547>				<https://panlex.org/snapshot/panlex-20191001-csv/2892#110825274>		"דאָנערשטיק"@ydd	
"зули"@kjj	<https://panlex.org/snapshot/panlex-20191001-csv/2892#110826679>				<https://panlex.org/snapshot/panlex-20191001-csv/2892#110826954>		"זונטיק"@ydd	
"инадкьаь"@kjj	<https://panlex.org/snapshot/panlex-20191001-csv/2892#110825696>				<https://panlex.org/snapshot/panlex-20191001-csv/2892#110825890>		"פֿרײַטיק"@ydd	
"чӏинди"@kjj	<https://panlex.org/snapshot/panlex-20191001-csv/2892#110826224>				<https://panlex.org/snapshot/panlex-20191001-csv/2892#110826261>		"שבת"@ydd	
"базар"@kjj	<https://panlex.org/snapshot/panlex-20191001-csv/2892#110826887>				<https://panlex.org/snapshot/panlex-20191001-csv/2892#110826954>		"זונטיק"@ydd	
