"къум"@kjj	<https://panlex.org/snapshot/panlex-20191001-csv/1573#50083280>				<https://panlex.org/snapshot/panlex-20191001-csv/1573#50083333>		"mičin"@pbh	
"окьан"@kjj	<https://panlex.org/snapshot/panlex-20191001-csv/1573#50085512>				<https://panlex.org/snapshot/panlex-20191001-csv/1573#50085555>		"toʔ yahtan"@pbh	
"тоз"@kjj	<https://panlex.org/snapshot/panlex-20191001-csv/1573#50082732>				<https://panlex.org/snapshot/panlex-20191001-csv/1573#50082781>		"ano ičik"@pbh	
"вишаь"@kjj	<https://panlex.org/snapshot/panlex-20191001-csv/1573#50090053>				<https://panlex.org/snapshot/panlex-20191001-csv/1573#50090103>		"iye"@pbh	
"къайа"@kjj	<https://panlex.org/snapshot/panlex-20191001-csv/1573#50090637>				<https://panlex.org/snapshot/panlex-20191001-csv/1573#50090712>		"toʔ"@pbh	
"куьппуъг"@kjj	<https://panlex.org/snapshot/panlex-20191001-csv/1573#50086567>				<https://panlex.org/snapshot/panlex-20191001-csv/1573#50086607>		"t-yakoe"@pbh	
"даьраь"@kjj	<https://panlex.org/snapshot/panlex-20191001-csv/1573#50084579>				<https://panlex.org/snapshot/panlex-20191001-csv/1573#50084622>		"iʔ n-anahtə-hpə"@pbh	
"шум"@kjj	<https://panlex.org/snapshot/panlex-20191001-csv/1573#50083281>				<https://panlex.org/snapshot/panlex-20191001-csv/1573#50083333>		"mičin"@pbh	
"ынкка"@kjj	<https://panlex.org/snapshot/panlex-20191001-csv/1573#50088407>				<https://panlex.org/snapshot/panlex-20191001-csv/1573#50088489>		"tɨna"@pbh	
"ццва"@kjj	<https://panlex.org/snapshot/panlex-20191001-csv/1573#50091155>				<https://panlex.org/snapshot/panlex-20191001-csv/1573#50091195>		"kaʔ"@pbh	
"мыда"@kjj	<https://panlex.org/snapshot/panlex-20191001-csv/1573#50083626>				<https://panlex.org/snapshot/panlex-20191001-csv/1573#50083694>		"iʔ"@pbh	
"мыда"@kjj	<https://panlex.org/snapshot/panlex-20191001-csv/1573#50090638>				<https://panlex.org/snapshot/panlex-20191001-csv/1573#50090712>		"toʔ"@pbh	
"чала"@kjj	<https://panlex.org/snapshot/panlex-20191001-csv/1573#50084580>				<https://panlex.org/snapshot/panlex-20191001-csv/1573#50084622>		"iʔ n-anahtə-hpə"@pbh	
"акеан"@kjj	<https://panlex.org/snapshot/panlex-20191001-csv/1573#50086772>				<https://panlex.org/snapshot/panlex-20191001-csv/1573#50086800>		"tɨna yɨm"@pbh	
"кантинент"@kjj	<https://panlex.org/snapshot/panlex-20191001-csv/1573#50084988>				<https://panlex.org/snapshot/panlex-20191001-csv/1573#50085009>		"ano"@pbh	
"маша"@kjj	<https://panlex.org/snapshot/panlex-20191001-csv/1573#50089775>				<https://panlex.org/snapshot/panlex-20191001-csv/1573#50089828>		"ih-ya"@pbh	
"маша"@kjj	<https://panlex.org/snapshot/panlex-20191001-csv/1573#50089775>				<https://panlex.org/snapshot/panlex-20191001-csv/1573#50089829>		"ihča"@pbh	
"къызгъын"@kjj	<https://panlex.org/snapshot/panlex-20191001-csv/1573#50086388>				<https://panlex.org/snapshot/panlex-20191001-csv/1573#50086417>		"tɨna w-as-amɨ-hpə kakəʔ"@pbh	
"къойу"@kjj	<https://panlex.org/snapshot/panlex-20191001-csv/1573#50089016>				<https://panlex.org/snapshot/panlex-20191001-csv/1573#50089082>		"tɨna w-at-ankapəh-sa"@pbh	
"кир"@kjj	<https://panlex.org/snapshot/panlex-20191001-csv/1573#50083020>				<https://panlex.org/snapshot/panlex-20191001-csv/1573#50083083>		"pasakun"@pbh	
"новыр"@kjj	<https://panlex.org/snapshot/panlex-20191001-csv/1573#50086983>				<https://panlex.org/snapshot/panlex-20191001-csv/1573#50087026>		"tɨna yɨm"@pbh	
"къарагъ"@kjj	<https://panlex.org/snapshot/panlex-20191001-csv/1573#50085217>				<https://panlex.org/snapshot/panlex-20191001-csv/1573#50085272>		"mah-pana"@pbh	
"инччи"@kjj	<https://panlex.org/snapshot/panlex-20191001-csv/1573#50082438>				<https://panlex.org/snapshot/panlex-20191001-csv/1573#50082499>		"ano"@pbh	
"дуьздаьн"@kjj	<https://panlex.org/snapshot/panlex-20191001-csv/1573#50084300>				<https://panlex.org/snapshot/panlex-20191001-csv/1573#50084368>		"wanaʔ"@pbh	
"даьрйаьгь"@kjj	<https://panlex.org/snapshot/panlex-20191001-csv/1573#50085997>				<https://panlex.org/snapshot/panlex-20191001-csv/1573#50086042>		"tɨna yɨm"@pbh	
"шаьлаьлаь"@kjj	<https://panlex.org/snapshot/panlex-20191001-csv/1573#50089550>				<https://panlex.org/snapshot/panlex-20191001-csv/1573#50089583>		"t-yɨputuʔ"@pbh	
"кІачІын"@kjj	<https://panlex.org/snapshot/panlex-20191001-csv/1573#50090636>				<https://panlex.org/snapshot/panlex-20191001-csv/1573#50090712>		"toʔ"@pbh	
"чирк"@kjj	<https://panlex.org/snapshot/panlex-20191001-csv/1573#50083022>				<https://panlex.org/snapshot/panlex-20191001-csv/1573#50083083>		"pasakun"@pbh	
"турпагъ"@kjj	<https://panlex.org/snapshot/panlex-20191001-csv/1573#50082440>				<https://panlex.org/snapshot/panlex-20191001-csv/1573#50082499>		"ano"@pbh	
"лаьпаь"@kjj	<https://panlex.org/snapshot/panlex-20191001-csv/1573#50087732>				<https://panlex.org/snapshot/panlex-20191001-csv/1573#50087778>		"tɨna w-as-amɨ-hpə kakəʔ"@pbh	
"мыц"@kjj	<https://panlex.org/snapshot/panlex-20191001-csv/1573#50089018>				<https://panlex.org/snapshot/panlex-20191001-csv/1573#50089082>		"tɨna w-at-ankapəh-sa"@pbh	
"улка"@kjj	<https://panlex.org/snapshot/panlex-20191001-csv/1573#50082110>				<https://panlex.org/snapshot/panlex-20191001-csv/1573#50082168>		"ano"@pbh	
"хьу"@kjj	<https://panlex.org/snapshot/panlex-20191001-csv/1573#50085751>				<https://panlex.org/snapshot/panlex-20191001-csv/1573#50085801>		"tɨna"@pbh	
"ттва"@kjj	<https://panlex.org/snapshot/panlex-20191001-csv/1573#50082439>				<https://panlex.org/snapshot/panlex-20191001-csv/1573#50082499>		"ano"@pbh	
"макьал"@kjj	<https://panlex.org/snapshot/panlex-20191001-csv/1573#50083021>				<https://panlex.org/snapshot/panlex-20191001-csv/1573#50083083>		"pasakun"@pbh	
"ынкь"@kjj	<https://panlex.org/snapshot/panlex-20191001-csv/1573#50091410>				<https://panlex.org/snapshot/panlex-20191001-csv/1573#50091453>		"ehčerekun"@pbh	
"ынхъа"@kjj	<https://panlex.org/snapshot/panlex-20191001-csv/1573#50084302>				<https://panlex.org/snapshot/panlex-20191001-csv/1573#50084368>		"wanaʔ"@pbh	
"джине"@kjj	<https://panlex.org/snapshot/panlex-20191001-csv/1573#50082109>				<https://panlex.org/snapshot/panlex-20191001-csv/1573#50082168>		"ano"@pbh	
"джине"@kjj	<https://panlex.org/snapshot/panlex-20191001-csv/1573#50081822>				<https://panlex.org/snapshot/panlex-20191001-csv/1573#50081859>		"ano"@pbh	
"кьарыш"@kjj	<https://panlex.org/snapshot/panlex-20191001-csv/1573#50089326>				<https://panlex.org/snapshot/panlex-20191001-csv/1573#50089366>		"yɨkuhpə"@pbh	
"ант"@kjj	<https://panlex.org/snapshot/panlex-20191001-csv/1573#50084299>				<https://panlex.org/snapshot/panlex-20191001-csv/1573#50084368>		"wanaʔ"@pbh	
"миччаь"@kjj	<https://panlex.org/snapshot/panlex-20191001-csv/1573#50089017>				<https://panlex.org/snapshot/panlex-20191001-csv/1573#50089082>		"tɨna w-at-ankapəh-sa"@pbh	
"цІва-ттва йогъурвал"@kjj	<https://panlex.org/snapshot/panlex-20191001-csv/1573#50090946>				<https://panlex.org/snapshot/panlex-20191001-csv/1573#50090978>		"ano sɨrɨnma-toʔ"@pbh	
"таьпаь"@kjj	<https://panlex.org/snapshot/panlex-20191001-csv/1573#50083627>				<https://panlex.org/snapshot/panlex-20191001-csv/1573#50083694>		"iʔ"@pbh	
"мыккар"@kjj	<https://panlex.org/snapshot/panlex-20191001-csv/1573#50090309>				<https://panlex.org/snapshot/panlex-20191001-csv/1573#50090357>		"iye"@pbh	
"вилайаьт"@kjj	<https://panlex.org/snapshot/panlex-20191001-csv/1573#50082108>				<https://panlex.org/snapshot/panlex-20191001-csv/1573#50082168>		"ano"@pbh	
"учхун"@kjj	<https://panlex.org/snapshot/panlex-20191001-csv/1573#50083986>				<https://panlex.org/snapshot/panlex-20191001-csv/1573#50084040>		"iʔ tan"@pbh	
"къарасу"@kjj	<https://panlex.org/snapshot/panlex-20191001-csv/1573#50088406>				<https://panlex.org/snapshot/panlex-20191001-csv/1573#50088489>		"tɨna"@pbh	
"тала"@kjj	<https://panlex.org/snapshot/panlex-20191001-csv/1573#50084301>				<https://panlex.org/snapshot/panlex-20191001-csv/1573#50084368>		"wanaʔ"@pbh	
"заьлзаьлаь"@kjj	<https://panlex.org/snapshot/panlex-20191001-csv/1573#50090945>				<https://panlex.org/snapshot/panlex-20191001-csv/1573#50090978>		"ano sɨrɨnma-toʔ"@pbh	
