"Papua"@mas	<https://panlex.org/snapshot/panlex-20191001-csv/6898#113614935>				<https://panlex.org/snapshot/panlex-20191001-csv/6898#113614955>		"པ་པུ་ ནིའུ་གི་ནི"@dz	
"Malesia"@mas	<https://panlex.org/snapshot/panlex-20191001-csv/6898#113584796>				<https://panlex.org/snapshot/panlex-20191001-csv/6898#113584739>		"མ་ལེ་ཤི་ཡ"@dz	
"Surinamu"@mas	<https://panlex.org/snapshot/panlex-20191001-csv/6898#113640690>				<https://panlex.org/snapshot/panlex-20191001-csv/6898#113640715>		"སུ་རི་ནཱམ"@dz	
"Siera Leoni"@mas	<https://panlex.org/snapshot/panlex-20191001-csv/6898#113636988>				<https://panlex.org/snapshot/panlex-20191001-csv/6898#113637095>		"སི་ར་ ལི་འོན"@dz	
"Aljeria"@mas	<https://panlex.org/snapshot/panlex-20191001-csv/6898#113608291>				<https://panlex.org/snapshot/panlex-20191001-csv/6898#113608280>		"ཨཱལ་ཇི་རི་ཡ"@dz	
"Jamhuri ya Cheki"@mas	<https://panlex.org/snapshot/panlex-20191001-csv/6898#113619624>				<https://panlex.org/snapshot/panlex-20191001-csv/6898#113619646>		"ཅེཀ་ རི་པབ་ལིཀ"@dz	
"Lativia"@mas	<https://panlex.org/snapshot/panlex-20191001-csv/6898#113584960>				<https://panlex.org/snapshot/panlex-20191001-csv/6898#113584985>		"ལཊ་བི་ཡ"@dz	
"Korea Kusini"@mas	<https://panlex.org/snapshot/panlex-20191001-csv/6898#113638741>				<https://panlex.org/snapshot/panlex-20191001-csv/6898#113638777>		"ལྷོ་ ཀོ་རི་ཡ"@dz	
"Pwetoriko"@mas	<https://panlex.org/snapshot/panlex-20191001-csv/6898#113612509>				<https://panlex.org/snapshot/panlex-20191001-csv/6898#113612437>		"པུ་འེར་ཊོ་རི་ཁོ"@dz	
"Ayalandi"@mas	<https://panlex.org/snapshot/panlex-20191001-csv/6898#113625947>				<https://panlex.org/snapshot/panlex-20191001-csv/6898#113626010>		"ཨཱ་ཡ་ལེནཌ"@dz	
"Brunei"@mas	<https://panlex.org/snapshot/panlex-20191001-csv/6898#113615990>				<https://panlex.org/snapshot/panlex-20191001-csv/6898#113616071>		"བྷྲུ་ནའི"@dz	
"Uhabeshi"@mas	<https://panlex.org/snapshot/panlex-20191001-csv/6898#113615610>				<https://panlex.org/snapshot/panlex-20191001-csv/6898#113615620>		"ཨི་ཐི་ཡོ་པི་ཡ"@dz	
"Sao Tome na Principe"@mas	<https://panlex.org/snapshot/panlex-20191001-csv/6898#113622993>				<https://panlex.org/snapshot/panlex-20191001-csv/6898#113622882>		"སཝ་ ཊོ་མེ་ ཨེནཌ་ པྲྀན་སི་པེ"@dz	
"Tunisia"@mas	<https://panlex.org/snapshot/panlex-20191001-csv/6898#113606551>				<https://panlex.org/snapshot/panlex-20191001-csv/6898#113606389>		"ཊུ་ནི་ཤི་ཡ"@dz	
"Jibuti"@mas	<https://panlex.org/snapshot/panlex-20191001-csv/6898#113585697>				<https://panlex.org/snapshot/panlex-20191001-csv/6898#113585706>		"ཇི་བྷུ་ཊི"@dz	
"Benini"@mas	<https://panlex.org/snapshot/panlex-20191001-csv/6898#113607462>				<https://panlex.org/snapshot/panlex-20191001-csv/6898#113607564>		"བྷེ་ནིན"@dz	
"Singapoo"@mas	<https://panlex.org/snapshot/panlex-20191001-csv/6898#113605032>				<https://panlex.org/snapshot/panlex-20191001-csv/6898#113604929>		"སིང་ག་པོར"@dz	
"Nijeria"@mas	<https://panlex.org/snapshot/panlex-20191001-csv/6898#113624131>				<https://panlex.org/snapshot/panlex-20191001-csv/6898#113624181>		"ནཱའི་ཇི་རི་ཡ"@dz	
"Tailandi"@mas	<https://panlex.org/snapshot/panlex-20191001-csv/6898#113603654>				<https://panlex.org/snapshot/panlex-20191001-csv/6898#113603643>		"ཐཱའི་ལེནཌ"@dz	
"Siria"@mas	<https://panlex.org/snapshot/panlex-20191001-csv/6898#113598658>				<https://panlex.org/snapshot/panlex-20191001-csv/6898#113598576>		"སི་རི་ཡ"@dz	
"Japani"@mas	<https://panlex.org/snapshot/panlex-20191001-csv/6898#113634813>				<https://panlex.org/snapshot/panlex-20191001-csv/6898#113634802>		"ཇ་པཱན"@dz	
"Lishenteni"@mas	<https://panlex.org/snapshot/panlex-20191001-csv/6898#113613079>				<https://panlex.org/snapshot/panlex-20191001-csv/6898#113613113>		"ལིཀ་ཏནས་ཏ་ཡིན"@dz	
"Samarino"@mas	<https://panlex.org/snapshot/panlex-20191001-csv/6898#113625707>				<https://panlex.org/snapshot/panlex-20191001-csv/6898#113625717>		"སཱན་མ་རི་ནོ"@dz	
"Babadosi"@mas	<https://panlex.org/snapshot/panlex-20191001-csv/6898#113620365>				<https://panlex.org/snapshot/panlex-20191001-csv/6898#113620305>		"བྷར་བེ་ཌོས"@dz	
"Martiniki"@mas	<https://panlex.org/snapshot/panlex-20191001-csv/6898#113586152>				<https://panlex.org/snapshot/panlex-20191001-csv/6898#113585995>		"མཱར་ཊི་ནིཀ"@dz	
"Rwanda"@mas	<https://panlex.org/snapshot/panlex-20191001-csv/6898#113625519>				<https://panlex.org/snapshot/panlex-20191001-csv/6898#113625471>		"རུ་ཝན་ཌ"@dz	
"Haiti"@mas	<https://panlex.org/snapshot/panlex-20191001-csv/6898#113634664>				<https://panlex.org/snapshot/panlex-20191001-csv/6898#113634608>		"ཧེ་ཊི"@dz	
"Bangladeshi"@mas	<https://panlex.org/snapshot/panlex-20191001-csv/6898#113632280>				<https://panlex.org/snapshot/panlex-20191001-csv/6898#113632287>		"བངྒ་ལ་དེཤ"@dz	
"Taiwani"@mas	<https://panlex.org/snapshot/panlex-20191001-csv/6898#113605132>				<https://panlex.org/snapshot/panlex-20191001-csv/6898#113605204>		"ཊཱའི་ཝཱན"@dz	
"Hondurasi"@mas	<https://panlex.org/snapshot/panlex-20191001-csv/6898#113597076>				<https://panlex.org/snapshot/panlex-20191001-csv/6898#113597079>		"ཧཱན་ཌུ་རཱས྄"@dz	
"Indonesia"@mas	<https://panlex.org/snapshot/panlex-20191001-csv/6898#113633453>				<https://panlex.org/snapshot/panlex-20191001-csv/6898#113633490>		"ཨིན་ཌོ་ནེ་ཤི་ཡ"@dz	
"Komoro"@mas	<https://panlex.org/snapshot/panlex-20191001-csv/6898#113626956>				<https://panlex.org/snapshot/panlex-20191001-csv/6898#113627095>		"ཀོ་མོ་རོས"@dz	
"Libya"@mas	<https://panlex.org/snapshot/panlex-20191001-csv/6898#113597779>				<https://panlex.org/snapshot/panlex-20191001-csv/6898#113597656>		"ལི་བི་ཡ"@dz	
"Lebanoni"@mas	<https://panlex.org/snapshot/panlex-20191001-csv/6898#113585431>				<https://panlex.org/snapshot/panlex-20191001-csv/6898#113585461>		"ལེ་བ་ནོན"@dz	
"Ginekweta"@mas	<https://panlex.org/snapshot/panlex-20191001-csv/6898#113633900>				<https://panlex.org/snapshot/panlex-20191001-csv/6898#113634050>		"ཨེ་ཀུ་ཊོ་རེལ་ གི་ནི"@dz	
"Visiwa vya Mariana vya Kaskazini"@mas	<https://panlex.org/snapshot/panlex-20191001-csv/6898#113635588>				<https://panlex.org/snapshot/panlex-20191001-csv/6898#113635511>		"བྱང་ཕྱོགས་ཀྱི་མ་ར་ཡ་ན་གླིང་ཚོམ"@dz	
"Yordani"@mas	<https://panlex.org/snapshot/panlex-20191001-csv/6898#113611729>				<https://panlex.org/snapshot/panlex-20191001-csv/6898#113611692>		"ཇོར་ཌན"@dz	
"Kostarika"@mas	<https://panlex.org/snapshot/panlex-20191001-csv/6898#113598442>				<https://panlex.org/snapshot/panlex-20191001-csv/6898#113598479>		"ཀོས་ཊ་རི་ཀ"@dz	
"Misri"@mas	<https://panlex.org/snapshot/panlex-20191001-csv/6898#113604561>				<https://panlex.org/snapshot/panlex-20191001-csv/6898#113604598>		"ཨི་ཇིབཊ"@dz	
"Butani"@mas	<https://panlex.org/snapshot/panlex-20191001-csv/6898#113639648>				<https://panlex.org/snapshot/panlex-20191001-csv/6898#113639720>		"འབྲུག"@dz	
"Kongo"@mas	<https://panlex.org/snapshot/panlex-20191001-csv/6898#113599016>				<https://panlex.org/snapshot/panlex-20191001-csv/6898#113599210>		"ཀོང་གྷོ བྷྲ་ཛ་བིལ"@dz	
"Kongo"@mas	<https://panlex.org/snapshot/panlex-20191001-csv/6898#113599016>				<https://panlex.org/snapshot/panlex-20191001-csv/6898#113599051>		"རི་པབ་ལིཀ་ ཨོཕ་ ཀོང་གྷོ"@dz	
"Meksiko"@mas	<https://panlex.org/snapshot/panlex-20191001-csv/6898#113628401>				<https://panlex.org/snapshot/panlex-20191001-csv/6898#113628449>		"མེཀ་སི་ཀོ"@dz	
"Sambia"@mas	<https://panlex.org/snapshot/panlex-20191001-csv/6898#113617480>				<https://panlex.org/snapshot/panlex-20191001-csv/6898#113617394>		"ཛམ་བྷི་ཡ"@dz	
"Guyana"@mas	<https://panlex.org/snapshot/panlex-20191001-csv/6898#113628156>				<https://panlex.org/snapshot/panlex-20191001-csv/6898#113628148>		"གྷ་ཡ་ན"@dz	
"Gine"@mas	<https://panlex.org/snapshot/panlex-20191001-csv/6898#113617805>				<https://panlex.org/snapshot/panlex-20191001-csv/6898#113617809>		"གྷི་ནི"@dz	
"Ureno"@mas	<https://panlex.org/snapshot/panlex-20191001-csv/6898#113628701>				<https://panlex.org/snapshot/panlex-20191001-csv/6898#113628687>		"པོར་ཅུ་གཱལ"@dz	
"Nauru"@mas	<https://panlex.org/snapshot/panlex-20191001-csv/6898#113601568>				<https://panlex.org/snapshot/panlex-20191001-csv/6898#113601574>		"ནའུ་རུ་"@dz	
"Ginebisau"@mas	<https://panlex.org/snapshot/panlex-20191001-csv/6898#113616601>				<https://panlex.org/snapshot/panlex-20191001-csv/6898#113616559>		"གྷི་ནི་ བྷི་སཱའུ"@dz	
"Uswisi"@mas	<https://panlex.org/snapshot/panlex-20191001-csv/6898#113612917>				<https://panlex.org/snapshot/panlex-20191001-csv/6898#113612854>		"སུ་ཝིཊ་ཛར་ལེནཌ"@dz	
"Bermuda"@mas	<https://panlex.org/snapshot/panlex-20191001-csv/6898#113607327>				<https://panlex.org/snapshot/panlex-20191001-csv/6898#113607304>		"བར་མུ་ཌ"@dz	
"Kirigizistani"@mas	<https://panlex.org/snapshot/panlex-20191001-csv/6898#113627247>				<https://panlex.org/snapshot/panlex-20191001-csv/6898#113627346>		"ཀིར་གིས་སཏཱན"@dz	
"Omani"@mas	<https://panlex.org/snapshot/panlex-20191001-csv/6898#113622653>				<https://panlex.org/snapshot/panlex-20191001-csv/6898#113622560>		"ཨོ་མཱན"@dz	
"Jamaika"@mas	<https://panlex.org/snapshot/panlex-20191001-csv/6898#113593277>				<https://panlex.org/snapshot/panlex-20191001-csv/6898#113593302>		"ཇཱ་མཻ་ཀ"@dz	
"Urugwai"@mas	<https://panlex.org/snapshot/panlex-20191001-csv/6898#113623461>				<https://panlex.org/snapshot/panlex-20191001-csv/6898#113623366>		"ཡུ་རུ་གུ་ཝའི"@dz	
"Italia"@mas	<https://panlex.org/snapshot/panlex-20191001-csv/6898#113587973>				<https://panlex.org/snapshot/panlex-20191001-csv/6898#113587843>		"ཨི་ཊ་ལི"@dz	
"Moroko"@mas	<https://panlex.org/snapshot/panlex-20191001-csv/6898#113636051>				<https://panlex.org/snapshot/panlex-20191001-csv/6898#113636027>		"མོ་རོ་ཀོ"@dz	
"Monako"@mas	<https://panlex.org/snapshot/panlex-20191001-csv/6898#113600217>				<https://panlex.org/snapshot/panlex-20191001-csv/6898#113600315>		"མོ་ན་ཀོ"@dz	
