"wair"@ski	<https://panlex.org/snapshot/panlex-20191001-csv/12#851145>				<https://panlex.org/snapshot/panlex-20191001-csv/12#851002>		"kafo"@kwf	
"bano"@ski	<https://panlex.org/snapshot/panlex-20191001-csv/114#8054116>				<https://panlex.org/snapshot/panlex-20191001-csv/114#8053910>		"fali"@kwf	
"toë[ŋ]"@ski	<https://panlex.org/snapshot/panlex-20191001-csv/114#8058133>				<https://panlex.org/snapshot/panlex-20191001-csv/114#8057954>		"ili"@kwf	
"ʔalaŋ"@ski	<https://panlex.org/snapshot/panlex-20191001-csv/114#8064880>				<https://panlex.org/snapshot/panlex-20191001-csv/114#8064688>		"ifu"@kwf	
"blau"@ski	<https://panlex.org/snapshot/panlex-20191001-csv/114#8062755>				<https://panlex.org/snapshot/panlex-20191001-csv/114#8062573>		"maʼu"@kwf	
"niuŋ"@ski	<https://panlex.org/snapshot/panlex-20191001-csv/114#8067468>				<https://panlex.org/snapshot/panlex-20191001-csv/114#8067270>		"lifa"@kwf	
"ʔiru[ŋ]"@ski	<https://panlex.org/snapshot/panlex-20191001-csv/114#8065433>				<https://panlex.org/snapshot/panlex-20191001-csv/114#8065238>		"raka"@kwf	
"wu"@ski	<https://panlex.org/snapshot/panlex-20191001-csv/114#8064879>				<https://panlex.org/snapshot/panlex-20191001-csv/114#8064688>		"ifu"@kwf	
"mitak"@ski	<https://panlex.org/snapshot/panlex-20191001-csv/114#8056653>				<https://panlex.org/snapshot/panlex-20191001-csv/114#8056468>		"biliʼa"@kwf	
"wiri"@ski	<https://panlex.org/snapshot/panlex-20191001-csv/114#8052534>				<https://panlex.org/snapshot/panlex-20191001-csv/114#8052360>		"mauli"@kwf	
"maŋ"@ski	<https://panlex.org/snapshot/panlex-20191001-csv/114#8067983>				<https://panlex.org/snapshot/panlex-20191001-csv/114#8067797>		"mea"@kwf	
"ulit"@ski	<https://panlex.org/snapshot/panlex-20191001-csv/114#8057627>				<https://panlex.org/snapshot/panlex-20191001-csv/114#8057437>		"ʼuliʼuli"@kwf	
"piru [-heŋok]"@ski	<https://panlex.org/snapshot/panlex-20191001-csv/114#8066380>				<https://panlex.org/snapshot/panlex-20191001-csv/114#8066196>		"moko"@kwf	
"mei[ŋ]"@ski	<https://panlex.org/snapshot/panlex-20191001-csv/114#8063256>				<https://panlex.org/snapshot/panlex-20191001-csv/114#8063062>		"ʼabu"@kwf	
"palik"@ski	<https://panlex.org/snapshot/panlex-20191001-csv/114#8061230>				<https://panlex.org/snapshot/panlex-20191001-csv/114#8061054>		"gwau ʼabaʼaba"@kwf	
"ʔala[ŋ]"@ski	<https://panlex.org/snapshot/panlex-20191001-csv/114#8063797>				<https://panlex.org/snapshot/panlex-20191001-csv/114#8063604>		"gwan"@kwf	
"huk"@ski	<https://panlex.org/snapshot/panlex-20191001-csv/114#8062256>				<https://panlex.org/snapshot/panlex-20191001-csv/114#8062079>		"manata"@kwf	
