"bano"@ski	<https://panlex.org/snapshot/panlex-20191001-csv/114#8054116>				<https://panlex.org/snapshot/panlex-20191001-csv/114#8054009>		"ayky"@mvi	
"toë[ŋ]"@ski	<https://panlex.org/snapshot/panlex-20191001-csv/114#8058133>				<https://panlex.org/snapshot/panlex-20191001-csv/114#8058044>		"kusammi"@mvi	
"ʔalaŋ"@ski	<https://panlex.org/snapshot/panlex-20191001-csv/114#8064880>				<https://panlex.org/snapshot/panlex-20191001-csv/114#8064778>		"pygy"@mvi	
"niuŋ"@ski	<https://panlex.org/snapshot/panlex-20191001-csv/114#8067468>				<https://panlex.org/snapshot/panlex-20191001-csv/114#8067369>		"pā"@mvi	
"ʔiru[ŋ]"@ski	<https://panlex.org/snapshot/panlex-20191001-csv/114#8065433>				<https://panlex.org/snapshot/panlex-20191001-csv/114#8065340>		"pana"@mvi	
"wu"@ski	<https://panlex.org/snapshot/panlex-20191001-csv/114#8064879>				<https://panlex.org/snapshot/panlex-20191001-csv/114#8064778>		"pygy"@mvi	
"wiri"@ski	<https://panlex.org/snapshot/panlex-20191001-csv/114#8052534>				<https://panlex.org/snapshot/panlex-20191001-csv/114#8052447>		"pyday"@mvi	
"maŋ"@ski	<https://panlex.org/snapshot/panlex-20191001-csv/114#8067983>				<https://panlex.org/snapshot/panlex-20191001-csv/114#8067892>		"sda"@mvi	
"ulit"@ski	<https://panlex.org/snapshot/panlex-20191001-csv/114#8057627>				<https://panlex.org/snapshot/panlex-20191001-csv/114#8057536>		"kā"@mvi	
"piru [-heŋok]"@ski	<https://panlex.org/snapshot/panlex-20191001-csv/114#8066380>				<https://panlex.org/snapshot/panlex-20191001-csv/114#8066292>		"kaby"@mvi	
"mei[ŋ]"@ski	<https://panlex.org/snapshot/panlex-20191001-csv/114#8063256>				<https://panlex.org/snapshot/panlex-20191001-csv/114#8063162>		"akacy"@mvi	
"palik"@ski	<https://panlex.org/snapshot/panlex-20191001-csv/114#8061230>				<https://panlex.org/snapshot/panlex-20191001-csv/114#8061142>		"katamus"@mvi	
"ʔala[ŋ]"@ski	<https://panlex.org/snapshot/panlex-20191001-csv/114#8063797>				<https://panlex.org/snapshot/panlex-20191001-csv/114#8063703>		"kanamay"@mvi	
"huk"@ski	<https://panlex.org/snapshot/panlex-20191001-csv/114#8062256>				<https://panlex.org/snapshot/panlex-20191001-csv/114#8062162>		"umuy"@mvi	
