"nima"@sbe	<https://panlex.org/snapshot/panlex-20191001-csv/114#8052033>				<https://panlex.org/snapshot/panlex-20191001-csv/114#8051871>		"nime-n"@los	
"sinae"@sbe	<https://panlex.org/snapshot/panlex-20191001-csv/114#8059676>				<https://panlex.org/snapshot/panlex-20191001-csv/114#8059534>		"ŋoʔoputua-n"@los	
"kawa"@sbe	<https://panlex.org/snapshot/panlex-20191001-csv/114#8066905>				<https://panlex.org/snapshot/panlex-20191001-csv/114#8066740>		"pwaha-n"@los	
"kawa"@sbe	<https://panlex.org/snapshot/panlex-20191001-csv/114#8067459>				<https://panlex.org/snapshot/panlex-20191001-csv/114#8067298>		"lehe-n"@los	
"pane"@sbe	<https://panlex.org/snapshot/panlex-20191001-csv/114#8066371>				<https://panlex.org/snapshot/panlex-20191001-csv/114#8066225>		"hoŋey"@los	
"dahi"@sbe	<https://panlex.org/snapshot/panlex-20191001-csv/114#8057618>				<https://panlex.org/snapshot/panlex-20191001-csv/114#8057466>		"maʔa-n"@los	
"siyada"@sbe	<https://panlex.org/snapshot/panlex-20191001-csv/114#8059193>				<https://panlex.org/snapshot/panlex-20191001-csv/114#8059044>		"pitiʔo-n"@los	
