"nima"@sbe	<https://panlex.org/snapshot/panlex-20191001-csv/114#8052033>				<https://panlex.org/snapshot/panlex-20191001-csv/114#8051917>		"qalima"@mmn	
"sinae"@sbe	<https://panlex.org/snapshot/panlex-20191001-csv/114#8059676>				<https://panlex.org/snapshot/panlex-20191001-csv/114#8059574>		"tinaqi"@mmn	
"kawa"@sbe	<https://panlex.org/snapshot/panlex-20191001-csv/114#8066905>				<https://panlex.org/snapshot/panlex-20191001-csv/114#8066784>		"baqbaq"@mmn	
"kawa"@sbe	<https://panlex.org/snapshot/panlex-20191001-csv/114#8067459>				<https://panlex.org/snapshot/panlex-20191001-csv/114#8067344>		"ngipin"@mmn	
"pane"@sbe	<https://panlex.org/snapshot/panlex-20191001-csv/114#8066371>				<https://panlex.org/snapshot/panlex-20191001-csv/114#8066267>		"hangod"@mmn	
"dahi"@sbe	<https://panlex.org/snapshot/panlex-20191001-csv/114#8057618>				<https://panlex.org/snapshot/panlex-20191001-csv/114#8057513>		"kindal"@mmn	
"siyada"@sbe	<https://panlex.org/snapshot/panlex-20191001-csv/114#8059193>				<https://panlex.org/snapshot/panlex-20191001-csv/114#8059090>		"bɨkɨg"@mmn	
