"kiciapitawan"@cr	<https://panlex.org/snapshot/panlex-20191001-csv/2892#110825668>				<https://panlex.org/snapshot/panlex-20191001-csv/2892#110825488>		"хамис"@lbe	
"ᐊᐱᑕᐘᐣ"@cr	<https://panlex.org/snapshot/panlex-20191001-csv/2892#110825056>				<https://panlex.org/snapshot/panlex-20191001-csv/2892#110824896>		"арвахӏ"@lbe	
"ᐊᔦᒥᐅᑭᔨᑲ"@cr	<https://panlex.org/snapshot/panlex-20191001-csv/2892#110826627>				<https://panlex.org/snapshot/panlex-20191001-csv/2892#110826746>		"алхӏат"@lbe	
"ᑭᒋᐊᓄᑭᐃᑶᑭᑲ"@cr	<https://panlex.org/snapshot/panlex-20191001-csv/2892#110824547>				<https://panlex.org/snapshot/panlex-20191001-csv/2892#110824458>		"тталат"@lbe	
"ᐊᓄᑭᐃᑶᑭᑲ"@cr	<https://panlex.org/snapshot/panlex-20191001-csv/2892#110824248>				<https://panlex.org/snapshot/panlex-20191001-csv/2892#110824033>		"итни"@lbe	
"payeywikanikiyika"@cr	<https://panlex.org/snapshot/panlex-20191001-csv/2892#110825847>				<https://panlex.org/snapshot/panlex-20191001-csv/2892#110825963>		"нюжмар"@lbe	
"ᒪᑎᓇᐅᑶᔨᑲ"@cr	<https://panlex.org/snapshot/panlex-20191001-csv/2892#110826348>				<https://panlex.org/snapshot/panlex-20191001-csv/2892#110826446>		"ххуллун"@lbe	
"ᑭᒋᐊᐱᑕᐘᐣ"@cr	<https://panlex.org/snapshot/panlex-20191001-csv/2892#110825278>				<https://panlex.org/snapshot/panlex-20191001-csv/2892#110825488>		"хамис"@lbe	
"apitawan"@cr	<https://panlex.org/snapshot/panlex-20191001-csv/2892#110824887>				<https://panlex.org/snapshot/panlex-20191001-csv/2892#110824896>		"арвахӏ"@lbe	
"anokiikwikika"@cr	<https://panlex.org/snapshot/panlex-20191001-csv/2892#110824015>				<https://panlex.org/snapshot/panlex-20191001-csv/2892#110824033>		"итни"@lbe	
"ayemiokiyika"@cr	<https://panlex.org/snapshot/panlex-20191001-csv/2892#110826695>				<https://panlex.org/snapshot/panlex-20191001-csv/2892#110826746>		"алхӏат"@lbe	
"ᐸᔦᔱᑲᓂᑭᔨᑲ"@cr	<https://panlex.org/snapshot/panlex-20191001-csv/2892#110825994>				<https://panlex.org/snapshot/panlex-20191001-csv/2892#110825963>		"нюжмар"@lbe	
"kicianokiikwikika"@cr	<https://panlex.org/snapshot/panlex-20191001-csv/2892#110824493>				<https://panlex.org/snapshot/panlex-20191001-csv/2892#110824458>		"тталат"@lbe	
"matinaokwiyika"@cr	<https://panlex.org/snapshot/panlex-20191001-csv/2892#110826214>				<https://panlex.org/snapshot/panlex-20191001-csv/2892#110826446>		"ххуллун"@lbe	
