"wetaskiwin"@cr	<https://panlex.org/snapshot/panlex-20191001-csv/2902#111012294>				<https://panlex.org/snapshot/panlex-20191001-csv/2902#111012295>		"kev tiaj tus"@mww	
"wetaskiwin"@cr	<https://panlex.org/snapshot/panlex-20191001-csv/2902#111012294>				<https://panlex.org/snapshot/panlex-20191001-csv/2902#111012135>		"𖬉𖬔𖬲𖬧𖬵𖬇𖬲𖬧𖬵"@mww	
"papayatik"@cr	<https://panlex.org/snapshot/panlex-20191001-csv/2902#111012282>				<https://panlex.org/snapshot/panlex-20191001-csv/2902#111012295>		"kev tiaj tus"@mww	
"papayatik"@cr	<https://panlex.org/snapshot/panlex-20191001-csv/2902#111012282>				<https://panlex.org/snapshot/panlex-20191001-csv/2902#111012135>		"𖬉𖬔𖬲𖬧𖬵𖬇𖬲𖬧𖬵"@mww	
"kiciapitawan"@cr	<https://panlex.org/snapshot/panlex-20191001-csv/2892#110825668>				<https://panlex.org/snapshot/panlex-20191001-csv/2892#110825656>		"Zwj teeb"@mww	
"kiciapitawan"@cr	<https://panlex.org/snapshot/panlex-20191001-csv/2892#110825668>				<https://panlex.org/snapshot/panlex-20191001-csv/2892#110825512>		"𖬘𖬲𖬥𖬰 𖬀𖬧𖬵"@mww	
"ᐊᐱᑕᐘᐣ"@cr	<https://panlex.org/snapshot/panlex-20191001-csv/2892#110825056>				<https://panlex.org/snapshot/panlex-20191001-csv/2892#110824984>		"Zwj feeb"@mww	
"ᐊᐱᑕᐘᐣ"@cr	<https://panlex.org/snapshot/panlex-20191001-csv/2892#110825056>				<https://panlex.org/snapshot/panlex-20191001-csv/2892#110825037>		"𖬘𖬲𖬥𖬰 𖬀𖬜𖬵"@mww	
"ᐊᔦᒥᐅᑭᔨᑲ"@cr	<https://panlex.org/snapshot/panlex-20191001-csv/2892#110826627>				<https://panlex.org/snapshot/panlex-20191001-csv/2892#110826772>		"Zwj hnub"@mww	
"ᐊᔦᒥᐅᑭᔨᑲ"@cr	<https://panlex.org/snapshot/panlex-20191001-csv/2892#110826627>				<https://panlex.org/snapshot/panlex-20191001-csv/2892#110826631>		"𖬖𖬲𖬜 𖬙𖬝𖬰 𖬆𖬩"@mww	
"ᐊᔦᒥᐅᑭᔨᑲ"@cr	<https://panlex.org/snapshot/panlex-20191001-csv/2892#110826627>				<https://panlex.org/snapshot/panlex-20191001-csv/2892#110826712>		"𖬘𖬲𖬥𖬰 𖬆𖬩"@mww	
"ᐊᔦᒥᐅᑭᔨᑲ"@cr	<https://panlex.org/snapshot/panlex-20191001-csv/2892#110826627>				<https://panlex.org/snapshot/panlex-20191001-csv/2892#110826593>		"Vaj tswv hnub"@mww	
"ᑭᒋᐊᓄᑭᐃᑶᑭᑲ"@cr	<https://panlex.org/snapshot/panlex-20191001-csv/2892#110824547>				<https://panlex.org/snapshot/panlex-20191001-csv/2892#110824832>		"Zwj quag"@mww	
"ᑭᒋᐊᓄᑭᐃᑶᑭᑲ"@cr	<https://panlex.org/snapshot/panlex-20191001-csv/2892#110824547>				<https://panlex.org/snapshot/panlex-20191001-csv/2892#110824503>		"𖬘𖬲𖬥𖬰 𖬑𖬶𖬦𖬵"@mww	
"ᐊᓄᑭᐃᑶᑭᑲ"@cr	<https://panlex.org/snapshot/panlex-20191001-csv/2892#110824248>				<https://panlex.org/snapshot/panlex-20191001-csv/2892#110824066>		"Zwj hli"@mww	
"ᐊᓄᑭᐃᑶᑭᑲ"@cr	<https://panlex.org/snapshot/panlex-20191001-csv/2892#110824248>				<https://panlex.org/snapshot/panlex-20191001-csv/2892#110824006>		"𖬘𖬲𖬥𖬰 𖬃𖬰𖬥"@mww	
"payeywikanikiyika"@cr	<https://panlex.org/snapshot/panlex-20191001-csv/2892#110825847>				<https://panlex.org/snapshot/panlex-20191001-csv/2892#110826015>		"Zwj kuab"@mww	
"payeywikanikiyika"@cr	<https://panlex.org/snapshot/panlex-20191001-csv/2892#110825847>				<https://panlex.org/snapshot/panlex-20191001-csv/2892#110825909>		"𖬘𖬲𖬥𖬰 𖬆"@mww	
"ᒪᑎᓇᐅᑶᔨᑲ"@cr	<https://panlex.org/snapshot/panlex-20191001-csv/2892#110826348>				<https://panlex.org/snapshot/panlex-20191001-csv/2892#110826339>		"𖬘𖬲𖬥𖬰 𖬗𖬶𖬯"@mww	
"ᒪᑎᓇᐅᑶᔨᑲ"@cr	<https://panlex.org/snapshot/panlex-20191001-csv/2892#110826348>				<https://panlex.org/snapshot/panlex-20191001-csv/2892#110826516>		"Zwj cag"@mww	
"ᑭᒋᐊᐱᑕᐘᐣ"@cr	<https://panlex.org/snapshot/panlex-20191001-csv/2892#110825278>				<https://panlex.org/snapshot/panlex-20191001-csv/2892#110825656>		"Zwj teeb"@mww	
"ᑭᒋᐊᐱᑕᐘᐣ"@cr	<https://panlex.org/snapshot/panlex-20191001-csv/2892#110825278>				<https://panlex.org/snapshot/panlex-20191001-csv/2892#110825512>		"𖬘𖬲𖬥𖬰 𖬀𖬧𖬵"@mww	
"apitawan"@cr	<https://panlex.org/snapshot/panlex-20191001-csv/2892#110824887>				<https://panlex.org/snapshot/panlex-20191001-csv/2892#110824984>		"Zwj feeb"@mww	
"apitawan"@cr	<https://panlex.org/snapshot/panlex-20191001-csv/2892#110824887>				<https://panlex.org/snapshot/panlex-20191001-csv/2892#110825037>		"𖬘𖬲𖬥𖬰 𖬀𖬜𖬵"@mww	
"anokiikwikika"@cr	<https://panlex.org/snapshot/panlex-20191001-csv/2892#110824015>				<https://panlex.org/snapshot/panlex-20191001-csv/2892#110824066>		"Zwj hli"@mww	
"anokiikwikika"@cr	<https://panlex.org/snapshot/panlex-20191001-csv/2892#110824015>				<https://panlex.org/snapshot/panlex-20191001-csv/2892#110824006>		"𖬘𖬲𖬥𖬰 𖬃𖬰𖬥"@mww	
"ayemiokiyika"@cr	<https://panlex.org/snapshot/panlex-20191001-csv/2892#110826695>				<https://panlex.org/snapshot/panlex-20191001-csv/2892#110826772>		"Zwj hnub"@mww	
"ayemiokiyika"@cr	<https://panlex.org/snapshot/panlex-20191001-csv/2892#110826695>				<https://panlex.org/snapshot/panlex-20191001-csv/2892#110826631>		"𖬖𖬲𖬜 𖬙𖬝𖬰 𖬆𖬩"@mww	
"ayemiokiyika"@cr	<https://panlex.org/snapshot/panlex-20191001-csv/2892#110826695>				<https://panlex.org/snapshot/panlex-20191001-csv/2892#110826712>		"𖬘𖬲𖬥𖬰 𖬆𖬩"@mww	
"ayemiokiyika"@cr	<https://panlex.org/snapshot/panlex-20191001-csv/2892#110826695>				<https://panlex.org/snapshot/panlex-20191001-csv/2892#110826593>		"Vaj tswv hnub"@mww	
"ᐸᔦᔱᑲᓂᑭᔨᑲ"@cr	<https://panlex.org/snapshot/panlex-20191001-csv/2892#110825994>				<https://panlex.org/snapshot/panlex-20191001-csv/2892#110826015>		"Zwj kuab"@mww	
"ᐸᔦᔱᑲᓂᑭᔨᑲ"@cr	<https://panlex.org/snapshot/panlex-20191001-csv/2892#110825994>				<https://panlex.org/snapshot/panlex-20191001-csv/2892#110825909>		"𖬘𖬲𖬥𖬰 𖬆"@mww	
"kicianokiikwikika"@cr	<https://panlex.org/snapshot/panlex-20191001-csv/2892#110824493>				<https://panlex.org/snapshot/panlex-20191001-csv/2892#110824832>		"Zwj quag"@mww	
"kicianokiikwikika"@cr	<https://panlex.org/snapshot/panlex-20191001-csv/2892#110824493>				<https://panlex.org/snapshot/panlex-20191001-csv/2892#110824503>		"𖬘𖬲𖬥𖬰 𖬑𖬶𖬦𖬵"@mww	
"matinaokwiyika"@cr	<https://panlex.org/snapshot/panlex-20191001-csv/2892#110826214>				<https://panlex.org/snapshot/panlex-20191001-csv/2892#110826339>		"𖬘𖬲𖬥𖬰 𖬗𖬶𖬯"@mww	
"matinaokwiyika"@cr	<https://panlex.org/snapshot/panlex-20191001-csv/2892#110826214>				<https://panlex.org/snapshot/panlex-20191001-csv/2892#110826516>		"Zwj cag"@mww	
