"ᒪᐦᐃᐦᑲᓐ"@cr	<https://panlex.org/snapshot/panlex-20191001-csv/2129#11694409>				<https://panlex.org/snapshot/panlex-20191001-csv/2129#11694472>		"sivi"@sl	
"nîpîy"@cr	<https://panlex.org/snapshot/panlex-20191001-csv/2131#11695158>				<https://panlex.org/snapshot/panlex-20191001-csv/2131#11695250>		"voda"@sl	
"ᓃᐲᔾ"@cr	<https://panlex.org/snapshot/panlex-20191001-csv/2131#11695157>				<https://panlex.org/snapshot/panlex-20191001-csv/2131#11695250>		"voda"@sl	
"sipiy"@cr	<https://panlex.org/snapshot/panlex-20191001-csv/2131#11694828>				<https://panlex.org/snapshot/panlex-20191001-csv/2131#11694887>		"reka"@sl	
"Petak"@cr	<https://panlex.org/snapshot/panlex-20191001-csv/5945#84431496>				<https://panlex.org/snapshot/panlex-20191001-csv/5945#84431537>		"petek"@sl	
"kiya"@cr	<https://panlex.org/snapshot/panlex-20191001-csv/5945#84429800>				<https://panlex.org/snapshot/panlex-20191001-csv/5945#84429847>		"ti"@sl	
"papayatik"@cr	<https://panlex.org/snapshot/panlex-20191001-csv/5947#84801279>				<https://panlex.org/snapshot/panlex-20191001-csv/5947#84801322>		"mir"@sl	
"waapaskw"@cr	<https://panlex.org/snapshot/panlex-20191001-csv/5939#80796124>				<https://panlex.org/snapshot/panlex-20191001-csv/5939#80796167>		"beli medved"@sl	
"waapaskw"@cr	<https://panlex.org/snapshot/panlex-20191001-csv/5939#80796124>				<https://panlex.org/snapshot/panlex-20191001-csv/5939#80796166>		"severni medved"@sl	
"siipii"@cr	<https://panlex.org/snapshot/panlex-20191001-csv/5939#80818563>				<https://panlex.org/snapshot/panlex-20191001-csv/5939#80818642>		"reka"@sl	
"ᒥᐢᑕᑎᒼ"@cr	<https://panlex.org/snapshot/panlex-20191001-csv/5946#84440992>				<https://panlex.org/snapshot/panlex-20191001-csv/5946#84441063>		"konj"@sl	
"ᒥᔥᑎᒄ"@cr	<https://panlex.org/snapshot/panlex-20191001-csv/5946#84449564>				<https://panlex.org/snapshot/panlex-20191001-csv/5946#84449644>		"drevo"@sl	
"ᐊᐧᐱᒧᐣ"@cr	<https://panlex.org/snapshot/panlex-20191001-csv/5946#84446152>				<https://panlex.org/snapshot/panlex-20191001-csv/5946#84446306>		"ogledalo"@sl	
"ᑭᒧᓭᐤ"@cr	<https://panlex.org/snapshot/panlex-20191001-csv/5946#84454738>				<https://panlex.org/snapshot/panlex-20191001-csv/5946#84454804>		"riba"@sl	
"ᐊᑎᒼ"@cr	<https://panlex.org/snapshot/panlex-20191001-csv/5946#84438376>				<https://panlex.org/snapshot/panlex-20191001-csv/5946#84438470>		"pes"@sl	
"ᐊᑎᒼ"@cr	<https://panlex.org/snapshot/panlex-20191001-csv/5946#84438376>				<https://panlex.org/snapshot/panlex-20191001-csv/5946#84438469>		"psica"@sl	
"mahihkan"@cr	<https://panlex.org/snapshot/panlex-20191001-csv/5946#84442643>				<https://panlex.org/snapshot/panlex-20191001-csv/5946#84442701>		"volkulja"@sl	
"mahihkan"@cr	<https://panlex.org/snapshot/panlex-20191001-csv/5946#84442643>				<https://panlex.org/snapshot/panlex-20191001-csv/5946#84442702>		"volk"@sl	
"ᐋᐧᐸᒧᐣ"@cr	<https://panlex.org/snapshot/panlex-20191001-csv/5946#84446153>				<https://panlex.org/snapshot/panlex-20191001-csv/5946#84446306>		"ogledalo"@sl	
"ᓰᓰᑊ"@cr	<https://panlex.org/snapshot/panlex-20191001-csv/5943#83302502>				<https://panlex.org/snapshot/panlex-20191001-csv/5943#83302543>		"raca"@sl	
"ᐊᑲᔭᓯᒧᐃᐧᐣ"@cr	<https://panlex.org/snapshot/panlex-20191001-csv/405#13623574>				<https://panlex.org/snapshot/panlex-20191001-csv/405#13623669>		"angleščina"@sl	
"Petak"@cr	<https://panlex.org/snapshot/panlex-20191001-csv/19#1021693>				<https://panlex.org/snapshot/panlex-20191001-csv/19#1021733>		"petek"@sl	
"ᐧᐊᔒ"@cr	<https://panlex.org/snapshot/panlex-20191001-csv/19#1044590>				<https://panlex.org/snapshot/panlex-20191001-csv/19#1044630>		"gora"@sl	
"kiya"@cr	<https://panlex.org/snapshot/panlex-20191001-csv/19#1041978>				<https://panlex.org/snapshot/panlex-20191001-csv/19#1042028>		"ti"@sl	
"kiyanaw"@cr	<https://panlex.org/snapshot/panlex-20191001-csv/19#1042052>				<https://panlex.org/snapshot/panlex-20191001-csv/19#1042099>		"mi o"@sl	
"kiyanaw"@cr	<https://panlex.org/snapshot/panlex-20191001-csv/19#1042052>				<https://panlex.org/snapshot/panlex-20191001-csv/19#1042098>		"me"@sl	
"ᐊᑎᒼ"@cr	<https://panlex.org/snapshot/panlex-20191001-csv/12#853798>				<https://panlex.org/snapshot/panlex-20191001-csv/12#853890>		"psica"@sl	
"ᐊᑎᒼ"@cr	<https://panlex.org/snapshot/panlex-20191001-csv/12#853798>				<https://panlex.org/snapshot/panlex-20191001-csv/12#853889>		"pes"@sl	
"wetaskiwin"@cr	<https://panlex.org/snapshot/panlex-20191001-csv/2902#111012294>				<https://panlex.org/snapshot/panlex-20191001-csv/2902#111012166>		"mir"@sl	
"papayatik"@cr	<https://panlex.org/snapshot/panlex-20191001-csv/2902#111012282>				<https://panlex.org/snapshot/panlex-20191001-csv/2902#111012166>		"mir"@sl	
"ᐋᒨ"@cr	<https://panlex.org/snapshot/panlex-20191001-csv/8#163796>				<https://panlex.org/snapshot/panlex-20191001-csv/8#163839>		"čebela"@sl	
"awina"@cr	<https://panlex.org/snapshot/panlex-20191001-csv/8#182165>				<https://panlex.org/snapshot/panlex-20191001-csv/8#182210>		"kdo"@sl	
"ᐎᑭᐱᑎᔭ"@cr	<https://panlex.org/snapshot/panlex-20191001-csv/8#94369>				<https://panlex.org/snapshot/panlex-20191001-csv/8#94415>		"Wikipedíja"@sl	
"kiciapitawan"@cr	<https://panlex.org/snapshot/panlex-20191001-csv/2892#110825668>				<https://panlex.org/snapshot/panlex-20191001-csv/2892#110825534>		"četrtek"@sl	
"ᐊᐱᑕᐘᐣ"@cr	<https://panlex.org/snapshot/panlex-20191001-csv/2892#110825056>				<https://panlex.org/snapshot/panlex-20191001-csv/2892#110825191>		"sreda"@sl	
"ᐊᔦᒥᐅᑭᔨᑲ"@cr	<https://panlex.org/snapshot/panlex-20191001-csv/2892#110826627>				<https://panlex.org/snapshot/panlex-20191001-csv/2892#110826713>		"nedelja"@sl	
"ᑭᒋᐊᓄᑭᐃᑶᑭᑲ"@cr	<https://panlex.org/snapshot/panlex-20191001-csv/2892#110824547>				<https://panlex.org/snapshot/panlex-20191001-csv/2892#110824693>		"torek"@sl	
"ᐊᓄᑭᐃᑶᑭᑲ"@cr	<https://panlex.org/snapshot/panlex-20191001-csv/2892#110824248>				<https://panlex.org/snapshot/panlex-20191001-csv/2892#110824215>		"ponedeljek"@sl	
"payeywikanikiyika"@cr	<https://panlex.org/snapshot/panlex-20191001-csv/2892#110825847>				<https://panlex.org/snapshot/panlex-20191001-csv/2892#110825893>		"petek"@sl	
"ᒪᑎᓇᐅᑶᔨᑲ"@cr	<https://panlex.org/snapshot/panlex-20191001-csv/2892#110826348>				<https://panlex.org/snapshot/panlex-20191001-csv/2892#110826380>		"sobota"@sl	
"ᑭᒋᐊᐱᑕᐘᐣ"@cr	<https://panlex.org/snapshot/panlex-20191001-csv/2892#110825278>				<https://panlex.org/snapshot/panlex-20191001-csv/2892#110825534>		"četrtek"@sl	
"apitawan"@cr	<https://panlex.org/snapshot/panlex-20191001-csv/2892#110824887>				<https://panlex.org/snapshot/panlex-20191001-csv/2892#110825191>		"sreda"@sl	
"anokiikwikika"@cr	<https://panlex.org/snapshot/panlex-20191001-csv/2892#110824015>				<https://panlex.org/snapshot/panlex-20191001-csv/2892#110824215>		"ponedeljek"@sl	
"ayemiokiyika"@cr	<https://panlex.org/snapshot/panlex-20191001-csv/2892#110826695>				<https://panlex.org/snapshot/panlex-20191001-csv/2892#110826713>		"nedelja"@sl	
"ᐸᔦᔱᑲᓂᑭᔨᑲ"@cr	<https://panlex.org/snapshot/panlex-20191001-csv/2892#110825994>				<https://panlex.org/snapshot/panlex-20191001-csv/2892#110825893>		"petek"@sl	
"kicianokiikwikika"@cr	<https://panlex.org/snapshot/panlex-20191001-csv/2892#110824493>				<https://panlex.org/snapshot/panlex-20191001-csv/2892#110824693>		"torek"@sl	
"matinaokwiyika"@cr	<https://panlex.org/snapshot/panlex-20191001-csv/2892#110826214>				<https://panlex.org/snapshot/panlex-20191001-csv/2892#110826380>		"sobota"@sl	
