"mea"@cmi	<https://panlex.org/snapshot/panlex-20191001-csv/1573#50089689>				<https://panlex.org/snapshot/panlex-20191001-csv/1573#50089880>		"ʼḳaroʔ"@teh	
"eʼya"@cmi	<https://panlex.org/snapshot/panlex-20191001-csv/1573#50083505>				<https://panlex.org/snapshot/panlex-20191001-csv/1573#50083763>		"ʼgēwt"@teh	
"eʼya"@cmi	<https://panlex.org/snapshot/panlex-20191001-csv/1573#50087502>				<https://panlex.org/snapshot/panlex-20191001-csv/1573#50087592>		"ʼor"@teh	
"kõbiʼrãda"@cmi	<https://panlex.org/snapshot/panlex-20191001-csv/1573#50089490>				<https://panlex.org/snapshot/panlex-20191001-csv/1573#50089605>		"ʼḳatḳten"@teh	
"uʼmã-dau"@cmi	<https://panlex.org/snapshot/panlex-20191001-csv/1573#50091335>				<https://panlex.org/snapshot/panlex-20191001-csv/1573#50091496>		"ʼḳēngenkn"@teh	
"ba-ʼhã"@cmi	<https://panlex.org/snapshot/panlex-20191001-csv/1573#50091084>				<https://panlex.org/snapshot/panlex-20191001-csv/1573#50091242>		"ʼkˀōč"@teh	
"egoʼro"@cmi	<https://panlex.org/snapshot/panlex-20191001-csv/1573#50082336>				<https://panlex.org/snapshot/panlex-20191001-csv/1573#50082561>		"ʼtēm"@teh	
"ameʼne"@cmi	<https://panlex.org/snapshot/panlex-20191001-csv/1573#50086916>				<https://panlex.org/snapshot/panlex-20191001-csv/1573#50087071>		"ʼḳoy"@teh	
"ameʼne"@cmi	<https://panlex.org/snapshot/panlex-20191001-csv/1573#50087273>				<https://panlex.org/snapshot/panlex-20191001-csv/1573#50087360>		"ʼḳoy"@teh	
"bakuʼru"@cmi	<https://panlex.org/snapshot/panlex-20191001-csv/1573#50090228>				<https://panlex.org/snapshot/panlex-20191001-csv/1573#50090397>		"ʼbewln"@teh	
"mõgaʼra"@cmi	<https://panlex.org/snapshot/panlex-20191001-csv/1573#50090523>				<https://panlex.org/snapshot/panlex-20191001-csv/1573#50090791>		"ʼyatn"@teh	
"do-čiʼwa"@cmi	<https://panlex.org/snapshot/panlex-20191001-csv/1573#50088899>				<https://panlex.org/snapshot/panlex-20191001-csv/1573#50089145>		"ʼleʔ aškˀn"@teh	
"puʼsa"@cmi	<https://panlex.org/snapshot/panlex-20191001-csv/1573#50085936>				<https://panlex.org/snapshot/panlex-20191001-csv/1573#50086083>		"ʼxōno"@teh	
"puʼsa"@cmi	<https://panlex.org/snapshot/panlex-20191001-csv/1573#50086717>				<https://panlex.org/snapshot/panlex-20191001-csv/1573#50086832>		"ʼxōno"@teh	
"egoʼro-ɓa"@cmi	<https://panlex.org/snapshot/panlex-20191001-csv/1573#50089239>				<https://panlex.org/snapshot/panlex-20191001-csv/1573#50089412>		"ʼkoʔl"@teh	
"egoʼro-ɓa"@cmi	<https://panlex.org/snapshot/panlex-20191001-csv/1573#50082927>				<https://panlex.org/snapshot/panlex-20191001-csv/1573#50083127>		"ʼset"@teh	
"uʼria"@cmi	<https://panlex.org/snapshot/panlex-20191001-csv/1573#50085437>				<https://panlex.org/snapshot/panlex-20191001-csv/1573#50085599>		"ʼmá̄"@teh	
"ʼbai-do"@cmi	<https://panlex.org/snapshot/panlex-20191001-csv/1573#50085680>				<https://panlex.org/snapshot/panlex-20191001-csv/1573#50085852>		"ʼleʔ"@teh	
"ĩʼbɨ"@cmi	<https://panlex.org/snapshot/panlex-20191001-csv/1573#50083213>				<https://panlex.org/snapshot/panlex-20191001-csv/1573#50083373>		"ʼtēm"@teh	
"heweʼɗa"@cmi	<https://panlex.org/snapshot/panlex-20191001-csv/1573#50084195>				<https://panlex.org/snapshot/panlex-20191001-csv/1573#50084423>		"ʼčˀokˀen"@teh	
"do"@cmi	<https://panlex.org/snapshot/panlex-20191001-csv/1573#50088268>				<https://panlex.org/snapshot/panlex-20191001-csv/1573#50088567>		"ʼkˀōn"@teh	
"do-ikaʼwa"@cmi	<https://panlex.org/snapshot/panlex-20191001-csv/1573#50085113>				<https://panlex.org/snapshot/panlex-20191001-csv/1573#50085343>		"ʼxōno ʼk-eʔne-kˀ-n"@teh	
