"hetek"@tlx	<https://panlex.org/snapshot/panlex-20191001-csv/114#8054194>				<https://panlex.org/snapshot/panlex-20191001-csv/114#8054031>		"wœ"@ngr	
"pesu-ŋ"@tlx	<https://panlex.org/snapshot/panlex-20191001-csv/114#8063872>				<https://panlex.org/snapshot/panlex-20191001-csv/114#8063725>		"naɔ"@ngr	
"taʔuŋ"@tlx	<https://panlex.org/snapshot/panlex-20191001-csv/114#8055693>				<https://panlex.org/snapshot/panlex-20191001-csv/114#8055552>		"alaœ"@ngr	
"kaʔasu-ŋ"@tlx	<https://panlex.org/snapshot/panlex-20191001-csv/114#8057695>				<https://panlex.org/snapshot/panlex-20191001-csv/114#8057556>		"mbe"@ngr	
"onnoh"@tlx	<https://panlex.org/snapshot/panlex-20191001-csv/114#8062816>				<https://panlex.org/snapshot/panlex-20191001-csv/114#8062685>		"ikola[u]"@ngr	
