"oŋ"@tlx	<https://panlex.org/snapshot/panlex-20191001-csv/5943#83323812>				<https://panlex.org/snapshot/panlex-20191001-csv/5943#83323786>		"abuduk"@pyu	
"oŋ"@tlx	<https://panlex.org/snapshot/panlex-20191001-csv/15#967076>				<https://panlex.org/snapshot/panlex-20191001-csv/15#967055>		"abuduk"@pyu	
"hetek"@tlx	<https://panlex.org/snapshot/panlex-20191001-csv/114#8054194>				<https://panlex.org/snapshot/panlex-20191001-csv/114#8054088>		"kəmakawan"@pyu	
"pesu-ŋ"@tlx	<https://panlex.org/snapshot/panlex-20191001-csv/114#8063872>				<https://panlex.org/snapshot/panlex-20191001-csv/114#8063774>		"ṭaŋúruq̂"@pyu	
"pesu-ŋ"@tlx	<https://panlex.org/snapshot/panlex-20191001-csv/114#8063872>				<https://panlex.org/snapshot/panlex-20191001-csv/114#8063772>		"tangaro"@pyu	
"pesu-ŋ"@tlx	<https://panlex.org/snapshot/panlex-20191001-csv/114#8063872>				<https://panlex.org/snapshot/panlex-20191001-csv/114#8063771>		"tangal"@pyu	
"pesu-ŋ"@tlx	<https://panlex.org/snapshot/panlex-20191001-csv/114#8063872>				<https://panlex.org/snapshot/panlex-20191001-csv/114#8063773>		"tungrow"@pyu	
"taʔuŋ"@tlx	<https://panlex.org/snapshot/panlex-20191001-csv/114#8055693>				<https://panlex.org/snapshot/panlex-20191001-csv/114#8055605>		"muliulius"@pyu	
"taʔuŋ"@tlx	<https://panlex.org/snapshot/panlex-20191001-csv/114#8055693>				<https://panlex.org/snapshot/panlex-20191001-csv/114#8055606>		"muliús"@pyu	
"kaʔasu-ŋ"@tlx	<https://panlex.org/snapshot/panlex-20191001-csv/114#8057695>				<https://panlex.org/snapshot/panlex-20191001-csv/114#8057601>		"ruviṭ"@pyu	
"onnoh"@tlx	<https://panlex.org/snapshot/panlex-20191001-csv/114#8062816>				<https://panlex.org/snapshot/panlex-20191001-csv/114#8062731>		"makáuð"@pyu	
