"Afganistan"@bs	<https://panlex.org/snapshot/panlex-20191001-csv/5947#84579102>				<https://panlex.org/snapshot/panlex-20191001-csv/5947#84579216>		"अफगानिस्तान"@new	
"Ujedinjeni narodi"@bs	<https://panlex.org/snapshot/panlex-20191001-csv/5940#81285897>				<https://panlex.org/snapshot/panlex-20191001-csv/5940#81285976>		"संयुक्त राष्ट्र संघ"@new	
"Oktobar"@bs	<https://panlex.org/snapshot/panlex-20191001-csv/5940#81285611>				<https://panlex.org/snapshot/panlex-20191001-csv/5940#81285673>		"अक्टोबर"@new	
"kiseonik"@bs	<https://panlex.org/snapshot/panlex-20191001-csv/5940#81346908>				<https://panlex.org/snapshot/panlex-20191001-csv/5940#81346964>		"अक्सिजन"@new	
"Balkan"@bs	<https://panlex.org/snapshot/panlex-20191001-csv/5939#80741451>				<https://panlex.org/snapshot/panlex-20191001-csv/5939#80741477>		"Bālkan"@new	
"rijeka"@bs	<https://panlex.org/snapshot/panlex-20191001-csv/5939#80818554>				<https://panlex.org/snapshot/panlex-20191001-csv/5939#80818623>		"āṟu"@new	
"Turska"@bs	<https://panlex.org/snapshot/panlex-20191001-csv/5949#85322469>				<https://panlex.org/snapshot/panlex-20191001-csv/5949#85322563>		"टर्की"@new	
"Finska"@bs	<https://panlex.org/snapshot/panlex-20191001-csv/5949#85323148>				<https://panlex.org/snapshot/panlex-20191001-csv/5949#85323224>		"फिनल्यान्ड"@new	
"Eufrat"@bs	<https://panlex.org/snapshot/panlex-20191001-csv/5949#85308680>				<https://panlex.org/snapshot/panlex-20191001-csv/5949#85308708>		"युफ्रेटस"@new	
"Latvija"@bs	<https://panlex.org/snapshot/panlex-20191001-csv/5949#85314240>				<https://panlex.org/snapshot/panlex-20191001-csv/5949#85314341>		"लात्भिया"@new	
"Baku"@bs	<https://panlex.org/snapshot/panlex-20191001-csv/5949#85301439>				<https://panlex.org/snapshot/panlex-20191001-csv/5949#85301507>		"बाकु"@new	
"more"@bs	<https://panlex.org/snapshot/panlex-20191001-csv/5942#83283187>				<https://panlex.org/snapshot/panlex-20191001-csv/5942#83283251>		"समुद्र"@new	
"knjiga"@bs	<https://panlex.org/snapshot/panlex-20191001-csv/5942#83282703>				<https://panlex.org/snapshot/panlex-20191001-csv/5942#83282757>		"सफू"@new	
"historija"@bs	<https://panlex.org/snapshot/panlex-20191001-csv/5942#83282222>				<https://panlex.org/snapshot/panlex-20191001-csv/5942#83282296>		"इतिहास"@new	
"mjesec"@bs	<https://panlex.org/snapshot/panlex-20191001-csv/611#25803788>				<https://panlex.org/snapshot/panlex-20191001-csv/611#25803811>		"लाः la"@new	
"nebo"@bs	<https://panlex.org/snapshot/panlex-20191001-csv/611#25810951>				<https://panlex.org/snapshot/panlex-20191001-csv/611#25810994>		"सर्गत sargat"@new	
"dan"@bs	<https://panlex.org/snapshot/panlex-20191001-csv/611#25809320>				<https://panlex.org/snapshot/panlex-20191001-csv/611#25809351>		"दिं din"@new	
"dan"@bs	<https://panlex.org/snapshot/panlex-20191001-csv/611#25809438>				<https://panlex.org/snapshot/panlex-20191001-csv/611#25809470>		"दिं din"@new	
"dan"@bs	<https://panlex.org/snapshot/panlex-20191001-csv/611#25809379>				<https://panlex.org/snapshot/panlex-20191001-csv/611#25809410>		"दिं din"@new	
"noć"@bs	<https://panlex.org/snapshot/panlex-20191001-csv/611#25804290>				<https://panlex.org/snapshot/panlex-20191001-csv/611#25804317>		"बहनी bahani"@new	
"zvijezda"@bs	<https://panlex.org/snapshot/panlex-20191001-csv/611#25808500>				<https://panlex.org/snapshot/panlex-20191001-csv/611#25808545>		"नौः naŭ"@new	
"arapski jezik"@bs	<https://panlex.org/snapshot/panlex-20191001-csv/405#13620787>				<https://panlex.org/snapshot/panlex-20191001-csv/405#13620851>		"अरबी भाषा"@new	
"bangla"@bs	<https://panlex.org/snapshot/panlex-20191001-csv/405#13621724>				<https://panlex.org/snapshot/panlex-20191001-csv/405#13621757>		"बंगाली भाषा"@new	
"hindi"@bs	<https://panlex.org/snapshot/panlex-20191001-csv/405#13625392>				<https://panlex.org/snapshot/panlex-20191001-csv/405#13625437>		"हिन्दी भाषा"@new	
"amharski jezik"@bs	<https://panlex.org/snapshot/panlex-20191001-csv/405#13620582>				<https://panlex.org/snapshot/panlex-20191001-csv/405#13620611>		"आम्हारिक भाषा"@new	
"latinski jezik"@bs	<https://panlex.org/snapshot/panlex-20191001-csv/405#13627450>				<https://panlex.org/snapshot/panlex-20191001-csv/405#13627508>		"ल्याटिन भाषा"@new	
"romski jezik"@bs	<https://panlex.org/snapshot/panlex-20191001-csv/405#13630644>				<https://panlex.org/snapshot/panlex-20191001-csv/405#13630666>		"रोमानी भाषा"@new	
"romski jezik"@bs	<https://panlex.org/snapshot/panlex-20191001-csv/405#13630473>				<https://panlex.org/snapshot/panlex-20191001-csv/405#13630495>		"रोमानी भाषा"@new	
"sanskrit"@bs	<https://panlex.org/snapshot/panlex-20191001-csv/405#13630978>				<https://panlex.org/snapshot/panlex-20191001-csv/405#13631025>		"संस्कृत"@new	
