"binḻo"@zap	<https://panlex.org/snapshot/panlex-20191001-csv/2902#111012005>				<https://panlex.org/snapshot/panlex-20191001-csv/2902#111011961>		"تىنىچلىق"@tt	
"binḻo"@zap	<https://panlex.org/snapshot/panlex-20191001-csv/2902#111012005>				<https://panlex.org/snapshot/panlex-20191001-csv/2902#111012309>		"тынычлык"@tt	
"binḻo"@zap	<https://panlex.org/snapshot/panlex-20191001-csv/2902#111012005>				<https://panlex.org/snapshot/panlex-20191001-csv/2902#111012127>		"tınıçlıq"@tt	
"layeni"@zap	<https://panlex.org/snapshot/panlex-20191001-csv/2902#111012296>				<https://panlex.org/snapshot/panlex-20191001-csv/2902#111011961>		"تىنىچلىق"@tt	
"layeni"@zap	<https://panlex.org/snapshot/panlex-20191001-csv/2902#111012296>				<https://panlex.org/snapshot/panlex-20191001-csv/2902#111012309>		"тынычлык"@tt	
"layeni"@zap	<https://panlex.org/snapshot/panlex-20191001-csv/2902#111012296>				<https://panlex.org/snapshot/panlex-20191001-csv/2902#111012127>		"tınıçlıq"@tt	
