"dua"@id	<https://panlex.org/snapshot/panlex-20191001-csv/8#107372>				<https://panlex.org/snapshot/panlex-20191001-csv/8#107305>		"bè"@amu	
"pelangi"@id	<https://panlex.org/snapshot/panlex-20191001-csv/8#165161>				<https://panlex.org/snapshot/panlex-20191001-csv/8#165120>		"kítzú jnʼâ"@amu	
"harimau"@id	<https://panlex.org/snapshot/panlex-20191001-csv/8#137605>				<https://panlex.org/snapshot/panlex-20191001-csv/8#137576>		"kítzian"@amu	
"laler"@id	<https://panlex.org/snapshot/panlex-20191001-csv/8#194814>				<https://panlex.org/snapshot/panlex-20191001-csv/8#194785>		"kíchôn"@amu	
"hari selasa"@id	<https://panlex.org/snapshot/panlex-20191001-csv/8#97254>				<https://panlex.org/snapshot/panlex-20191001-csv/8#97215>		"martè"@amu	
"daku"@id	<https://panlex.org/snapshot/panlex-20191001-csv/8#430231>				<https://panlex.org/snapshot/panlex-20191001-csv/8#430161>		"ja"@amu	
"memakan"@id	<https://panlex.org/snapshot/panlex-20191001-csv/3776#91666838>				<https://panlex.org/snapshot/panlex-20191001-csv/3776#91666780>		"makii"@amu	
"putih"@id	<https://panlex.org/snapshot/panlex-20191001-csv/3776#91666736>				<https://panlex.org/snapshot/panlex-20191001-csv/3776#91666682>		"kanchiiʼ"@amu	
"makan"@id	<https://panlex.org/snapshot/panlex-20191001-csv/3776#91666837>				<https://panlex.org/snapshot/panlex-20191001-csv/3776#91666780>		"makii"@amu	
"wanita"@id	<https://panlex.org/snapshot/panlex-20191001-csv/3776#91640815>				<https://panlex.org/snapshot/panlex-20191001-csv/3776#91640733>		"tseiⁿda"@amu	
