"air"@id	<https://panlex.org/snapshot/panlex-20191001-csv/12#850967>				<https://panlex.org/snapshot/panlex-20191001-csv/12#850984>		"wear"@kei	
"lambuŋ"@id	<https://panlex.org/snapshot/panlex-20191001-csv/114#8059466>				<https://panlex.org/snapshot/panlex-20191001-csv/114#8059483>		"tineaŋ"@kei	
"gigi"@id	<https://panlex.org/snapshot/panlex-20191001-csv/114#8067217>				<https://panlex.org/snapshot/panlex-20191001-csv/114#8067245>		"nifaŋ"@kei	
"serta"@id	<https://panlex.org/snapshot/panlex-20191001-csv/114#8054903>				<https://panlex.org/snapshot/panlex-20191001-csv/114#8054925>		"n-ma"@kei	
"susu"@id	<https://panlex.org/snapshot/panlex-20191001-csv/114#8060465>				<https://panlex.org/snapshot/panlex-20191001-csv/114#8060487>		"sus:"@kei	
"susu"@id	<https://panlex.org/snapshot/panlex-20191001-csv/114#8060465>				<https://panlex.org/snapshot/panlex-20191001-csv/114#8060488>		"susṿ"@kei	
"mendekati"@id	<https://panlex.org/snapshot/panlex-20191001-csv/114#8054907>				<https://panlex.org/snapshot/panlex-20191001-csv/114#8054925>		"n-ma"@kei	
"ketawa"@id	<https://panlex.org/snapshot/panlex-20191001-csv/114#8068281>				<https://panlex.org/snapshot/panlex-20191001-csv/114#8068308>		"malit"@kei	
"usus"@id	<https://panlex.org/snapshot/panlex-20191001-csv/114#8059464>				<https://panlex.org/snapshot/panlex-20191001-csv/114#8059483>		"tineaŋ"@kei	
"taŋan"@id	<https://panlex.org/snapshot/panlex-20191001-csv/114#8051788>				<https://panlex.org/snapshot/panlex-20191001-csv/114#8051808>		"limaŋ"@kei	
"isi perut"@id	<https://panlex.org/snapshot/panlex-20191001-csv/114#8059465>				<https://panlex.org/snapshot/panlex-20191001-csv/114#8059483>		"tineaŋ"@kei	
"jalan"@id	<https://panlex.org/snapshot/panlex-20191001-csv/114#8054410>				<https://panlex.org/snapshot/panlex-20191001-csv/114#8054425>		"ba"@kei	
"bahu"@id	<https://panlex.org/snapshot/panlex-20191001-csv/114#8061017>				<https://panlex.org/snapshot/panlex-20191001-csv/114#8061034>		"ŋaban"@kei	
