"air"@id	<https://panlex.org/snapshot/panlex-20191001-csv/12#850967>				<https://panlex.org/snapshot/panlex-20191001-csv/12#850998>		"wei"@ksx	
"lambuŋ"@id	<https://panlex.org/snapshot/panlex-20191001-csv/114#8059466>				<https://panlex.org/snapshot/panlex-20191001-csv/114#8059500>		"teintai-n"@ksx	
"gigi"@id	<https://panlex.org/snapshot/panlex-20191001-csv/114#8067217>				<https://panlex.org/snapshot/panlex-20191001-csv/114#8067265>		"awar"@ksx	
"serta"@id	<https://panlex.org/snapshot/panlex-20191001-csv/114#8054903>				<https://panlex.org/snapshot/panlex-20191001-csv/114#8054943>		"adan"@ksx	
"susu"@id	<https://panlex.org/snapshot/panlex-20191001-csv/114#8060465>				<https://panlex.org/snapshot/panlex-20191001-csv/114#8060512>		"tuu"@ksx	
"mendekati"@id	<https://panlex.org/snapshot/panlex-20191001-csv/114#8054907>				<https://panlex.org/snapshot/panlex-20191001-csv/114#8054943>		"adan"@ksx	
"ketawa"@id	<https://panlex.org/snapshot/panlex-20191001-csv/114#8068281>				<https://panlex.org/snapshot/panlex-20191001-csv/114#8068325>		"tawe"@ksx	
"usus"@id	<https://panlex.org/snapshot/panlex-20191001-csv/114#8059464>				<https://panlex.org/snapshot/panlex-20191001-csv/114#8059500>		"teintai-n"@ksx	
"taŋan"@id	<https://panlex.org/snapshot/panlex-20191001-csv/114#8051788>				<https://panlex.org/snapshot/panlex-20191001-csv/114#8051830>		"liŋ"@ksx	
"isi perut"@id	<https://panlex.org/snapshot/panlex-20191001-csv/114#8059465>				<https://panlex.org/snapshot/panlex-20191001-csv/114#8059500>		"teintai-n"@ksx	
"jalan"@id	<https://panlex.org/snapshot/panlex-20191001-csv/114#8054410>				<https://panlex.org/snapshot/panlex-20191001-csv/114#8054440>		"lala"@ksx	
"bahu"@id	<https://panlex.org/snapshot/panlex-20191001-csv/114#8061017>				<https://panlex.org/snapshot/panlex-20191001-csv/114#8061048>		"wali"@ksx	
"air"@id	<https://panlex.org/snapshot/panlex-20191001-csv/11#787596>				<https://panlex.org/snapshot/panlex-20191001-csv/11#787615>		"wei"@ksx	
