"air"@id	<https://panlex.org/snapshot/panlex-20191001-csv/12#850967>				<https://panlex.org/snapshot/panlex-20191001-csv/12#851079>		"vai"@nho	
"lambuŋ"@id	<https://panlex.org/snapshot/panlex-20191001-csv/114#8059466>				<https://panlex.org/snapshot/panlex-20191001-csv/114#8059613>		"vava"@nho	
"gigi"@id	<https://panlex.org/snapshot/panlex-20191001-csv/114#8067217>				<https://panlex.org/snapshot/panlex-20191001-csv/114#8067390>		"nifo"@nho	
"serta"@id	<https://panlex.org/snapshot/panlex-20191001-csv/114#8054903>				<https://panlex.org/snapshot/panlex-20191001-csv/114#8055060>		"au"@nho	
"susu"@id	<https://panlex.org/snapshot/panlex-20191001-csv/114#8060465>				<https://panlex.org/snapshot/panlex-20191001-csv/114#8060642>		"uu"@nho	
"mendekati"@id	<https://panlex.org/snapshot/panlex-20191001-csv/114#8054907>				<https://panlex.org/snapshot/panlex-20191001-csv/114#8055060>		"au"@nho	
"ketawa"@id	<https://panlex.org/snapshot/panlex-20191001-csv/114#8068281>				<https://panlex.org/snapshot/panlex-20191001-csv/114#8068443>		"kata"@nho	
"usus"@id	<https://panlex.org/snapshot/panlex-20191001-csv/114#8059464>				<https://panlex.org/snapshot/panlex-20191001-csv/114#8059613>		"vava"@nho	
"taŋan"@id	<https://panlex.org/snapshot/panlex-20191001-csv/114#8051788>				<https://panlex.org/snapshot/panlex-20191001-csv/114#8051965>		"rima"@nho	
"isi perut"@id	<https://panlex.org/snapshot/panlex-20191001-csv/114#8059465>				<https://panlex.org/snapshot/panlex-20191001-csv/114#8059613>		"vava"@nho	
"jalan"@id	<https://panlex.org/snapshot/panlex-20191001-csv/114#8054410>				<https://panlex.org/snapshot/panlex-20191001-csv/114#8054557>		"ara"@nho	
"bahu"@id	<https://panlex.org/snapshot/panlex-20191001-csv/114#8061017>				<https://panlex.org/snapshot/panlex-20191001-csv/114#8061161>		"umo/oma"@nho	
