"lambuŋ"@id	<https://panlex.org/snapshot/panlex-20191001-csv/114#8059466>				<https://panlex.org/snapshot/panlex-20191001-csv/114#8059703>		"tene"@suc	
"gigi"@id	<https://panlex.org/snapshot/panlex-20191001-csv/114#8067217>				<https://panlex.org/snapshot/panlex-20191001-csv/114#8067496>		"ngisi"@suc	
"susu"@id	<https://panlex.org/snapshot/panlex-20191001-csv/114#8060465>				<https://panlex.org/snapshot/panlex-20191001-csv/114#8060750>		"duduq"@suc	
"susu"@id	<https://panlex.org/snapshot/panlex-20191001-csv/114#8060465>				<https://panlex.org/snapshot/panlex-20191001-csv/114#8060751>		"gigdob"@suc	
"ketawa"@id	<https://panlex.org/snapshot/panlex-20191001-csv/114#8068281>				<https://panlex.org/snapshot/panlex-20191001-csv/114#8068540>		"mokotawa"@suc	
"usus"@id	<https://panlex.org/snapshot/panlex-20191001-csv/114#8059464>				<https://panlex.org/snapshot/panlex-20191001-csv/114#8059703>		"tene"@suc	
"taŋan"@id	<https://panlex.org/snapshot/panlex-20191001-csv/114#8051788>				<https://panlex.org/snapshot/panlex-20191001-csv/114#8052073>		"komot"@suc	
"isi perut"@id	<https://panlex.org/snapshot/panlex-20191001-csv/114#8059465>				<https://panlex.org/snapshot/panlex-20191001-csv/114#8059703>		"tene"@suc	
"bahu"@id	<https://panlex.org/snapshot/panlex-20191001-csv/114#8061017>				<https://panlex.org/snapshot/panlex-20191001-csv/114#8061252>		"baga"@suc	
