"lambuŋ"@id	<https://panlex.org/snapshot/panlex-20191001-csv/114#8059466>				<https://panlex.org/snapshot/panlex-20191001-csv/114#8059679>		"tèʼèn buʼ"@sge	
"gigi"@id	<https://panlex.org/snapshot/panlex-20191001-csv/114#8067217>				<https://panlex.org/snapshot/panlex-20191001-csv/114#8067463>		"kiu"@sge	
"serta"@id	<https://panlex.org/snapshot/panlex-20191001-csv/114#8054903>				<https://panlex.org/snapshot/panlex-20191001-csv/114#8055132>		"tawoʼ"@sge	
"susu"@id	<https://panlex.org/snapshot/panlex-20191001-csv/114#8060465>				<https://panlex.org/snapshot/panlex-20191001-csv/114#8060713>		"giʼ"@sge	
"mendekati"@id	<https://panlex.org/snapshot/panlex-20191001-csv/114#8054907>				<https://panlex.org/snapshot/panlex-20191001-csv/114#8055132>		"tawoʼ"@sge	
"ketawa"@id	<https://panlex.org/snapshot/panlex-20191001-csv/114#8068281>				<https://panlex.org/snapshot/panlex-20191001-csv/114#8068512>		"loʼ"@sge	
"usus"@id	<https://panlex.org/snapshot/panlex-20191001-csv/114#8059464>				<https://panlex.org/snapshot/panlex-20191001-csv/114#8059679>		"tèʼèn buʼ"@sge	
"taŋan"@id	<https://panlex.org/snapshot/panlex-20191001-csv/114#8051788>				<https://panlex.org/snapshot/panlex-20191001-csv/114#8052037>		"eguy"@sge	
"isi perut"@id	<https://panlex.org/snapshot/panlex-20191001-csv/114#8059465>				<https://panlex.org/snapshot/panlex-20191001-csv/114#8059679>		"tèʼèn buʼ"@sge	
"jalan"@id	<https://panlex.org/snapshot/panlex-20191001-csv/114#8054410>				<https://panlex.org/snapshot/panlex-20191001-csv/114#8054625>		"gulan"@sge	
"bahu"@id	<https://panlex.org/snapshot/panlex-20191001-csv/114#8061017>				<https://panlex.org/snapshot/panlex-20191001-csv/114#8061226>		"leʼip"@sge	
