"Guatemala"@br	<https://panlex.org/snapshot/panlex-20191001-csv/6898#113600436>				<https://panlex.org/snapshot/panlex-20191001-csv/6898#113600457>		"Gwatemala"@kde	
"Turkmenistan"@br	<https://panlex.org/snapshot/panlex-20191001-csv/6898#113607942>				<https://panlex.org/snapshot/panlex-20191001-csv/6898#113607806>		"Tuluchimenistani"@kde	
"Bhoutan"@br	<https://panlex.org/snapshot/panlex-20191001-csv/6898#113639763>				<https://panlex.org/snapshot/panlex-20191001-csv/6898#113639636>		"Butani"@kde	
"Swaziland"@br	<https://panlex.org/snapshot/panlex-20191001-csv/6898#113625359>				<https://panlex.org/snapshot/panlex-20191001-csv/6898#113625239>		"Uswazi"@kde	
"Inizi Gwercʼh ar Stadoù-Unanet"@br	<https://panlex.org/snapshot/panlex-20191001-csv/6898#113587686>				<https://panlex.org/snapshot/panlex-20191001-csv/6898#113587751>		"Chisiwa Chivihi cha Malekani"@kde	
"Nauru"@br	<https://panlex.org/snapshot/panlex-20191001-csv/6898#113601602>				<https://panlex.org/snapshot/panlex-20191001-csv/6898#113601657>		"Naulu"@kde	
"Aod an Olifant"@br	<https://panlex.org/snapshot/panlex-20191001-csv/6898#113640329>				<https://panlex.org/snapshot/panlex-20191001-csv/6898#113640497>		"Kodivaa"@kde	
"Liban"@br	<https://panlex.org/snapshot/panlex-20191001-csv/6898#113585551>				<https://panlex.org/snapshot/panlex-20191001-csv/6898#113585460>		"Lebanoni"@kde	
"Suis"@br	<https://panlex.org/snapshot/panlex-20191001-csv/6898#113612853>				<https://panlex.org/snapshot/panlex-20191001-csv/6898#113612945>		"Uswisi"@kde	
"Danmark"@br	<https://panlex.org/snapshot/panlex-20191001-csv/6898#113629597>				<https://panlex.org/snapshot/panlex-20191001-csv/6898#113629442>		"Denmaki"@kde	
"Belgia"@br	<https://panlex.org/snapshot/panlex-20191001-csv/6898#113643428>				<https://panlex.org/snapshot/panlex-20191001-csv/6898#113643609>		"Ubelgidi"@kde	
"Polinezia Cʼhall"@br	<https://panlex.org/snapshot/panlex-20191001-csv/6898#113621131>				<https://panlex.org/snapshot/panlex-20191001-csv/6898#113621171>		"Polinesia ya Ufalansa"@kde	
"Lituania"@br	<https://panlex.org/snapshot/panlex-20191001-csv/6898#113631965>				<https://panlex.org/snapshot/panlex-20191001-csv/6898#113631982>		"Litwania"@kde	
"Malaysia"@br	<https://panlex.org/snapshot/panlex-20191001-csv/6898#113584763>				<https://panlex.org/snapshot/panlex-20191001-csv/6898#113584784>		"Malesia"@kde	
"Mikronezia"@br	<https://panlex.org/snapshot/panlex-20191001-csv/6898#113597154>				<https://panlex.org/snapshot/panlex-20191001-csv/6898#113597285>		"Mikilonesia"@kde	
"Inizi Falkland"@br	<https://panlex.org/snapshot/panlex-20191001-csv/6898#113643003>				<https://panlex.org/snapshot/panlex-20191001-csv/6898#113643051>		"Chisiwa cha Falkland"@kde	
"Papoua Ginea-Nevez"@br	<https://panlex.org/snapshot/panlex-20191001-csv/6898#113614805>				<https://panlex.org/snapshot/panlex-20191001-csv/6898#113614870>		"Papua"@kde	
"Surinam"@br	<https://panlex.org/snapshot/panlex-20191001-csv/6898#113640655>				<https://panlex.org/snapshot/panlex-20191001-csv/6898#113640757>		"Sulinamu"@kde	
"Bahrein"@br	<https://panlex.org/snapshot/panlex-20191001-csv/6898#113596131>				<https://panlex.org/snapshot/panlex-20191001-csv/6898#113595980>		"Bahaleni"@kde	
"Sri Lanka"@br	<https://panlex.org/snapshot/panlex-20191001-csv/6898#113609409>				<https://panlex.org/snapshot/panlex-20191001-csv/6898#113609292>		"Sililanka"@kde	
"Gwadeloup"@br	<https://panlex.org/snapshot/panlex-20191001-csv/6898#113614728>				<https://panlex.org/snapshot/panlex-20191001-csv/6898#113614676>		"Gwadelupe"@kde	
"Anguilla"@br	<https://panlex.org/snapshot/panlex-20191001-csv/6898#113587431>				<https://panlex.org/snapshot/panlex-20191001-csv/6898#113587573>		"Angwila"@kde	
"Grenada"@br	<https://panlex.org/snapshot/panlex-20191001-csv/6898#113604237>				<https://panlex.org/snapshot/panlex-20191001-csv/6898#113604170>		"Glenada"@kde	
"Belize"@br	<https://panlex.org/snapshot/panlex-20191001-csv/6898#113609009>				<https://panlex.org/snapshot/panlex-20191001-csv/6898#113608885>		"Belize"@kde	
"Kongo (Republik)"@br	<https://panlex.org/snapshot/panlex-20191001-csv/6898#113599250>				<https://panlex.org/snapshot/panlex-20191001-csv/6898#113599041>		"Kongo"@kde	
"Afghanistan"@br	<https://panlex.org/snapshot/panlex-20191001-csv/6898#113604742>				<https://panlex.org/snapshot/panlex-20191001-csv/6898#113604653>		"Afuganistani"@kde	
"Finland"@br	<https://panlex.org/snapshot/panlex-20191001-csv/6898#113641484>				<https://panlex.org/snapshot/panlex-20191001-csv/6898#113641473>		"Ufini"@kde	
"Kongo - Brazzaville"@br	<https://panlex.org/snapshot/panlex-20191001-csv/6898#113599238>				<https://panlex.org/snapshot/panlex-20191001-csv/6898#113599041>		"Kongo"@kde	
"Italia"@br	<https://panlex.org/snapshot/panlex-20191001-csv/6898#113587983>				<https://panlex.org/snapshot/panlex-20191001-csv/6898#113587961>		"Italia"@kde	
"Sveden"@br	<https://panlex.org/snapshot/panlex-20191001-csv/6898#113639826>				<https://panlex.org/snapshot/panlex-20191001-csv/6898#113639824>		"Uswidi"@kde	
"Armenia"@br	<https://panlex.org/snapshot/panlex-20191001-csv/6898#113596566>				<https://panlex.org/snapshot/panlex-20191001-csv/6898#113596525>		"Almenia"@kde	
"Venezuela"@br	<https://panlex.org/snapshot/panlex-20191001-csv/6898#113597532>				<https://panlex.org/snapshot/panlex-20191001-csv/6898#113597507>		"Venezuela"@kde	
"Jamaika"@br	<https://panlex.org/snapshot/panlex-20191001-csv/6898#113593224>				<https://panlex.org/snapshot/panlex-20191001-csv/6898#113593344>		"Dyamaika"@kde	
"Siria"@br	<https://panlex.org/snapshot/panlex-20191001-csv/6898#113598676>				<https://panlex.org/snapshot/panlex-20191001-csv/6898#113598522>		"Silia"@kde	
"Korea ar Su"@br	<https://panlex.org/snapshot/panlex-20191001-csv/6898#113638809>				<https://panlex.org/snapshot/panlex-20191001-csv/6898#113638907>		"Kolea Kusini"@kde	
"Kab-Glas"@br	<https://panlex.org/snapshot/panlex-20191001-csv/6898#113629213>				<https://panlex.org/snapshot/panlex-20191001-csv/6898#113629287>		"Kepuvede"@kde	
"Albania"@br	<https://panlex.org/snapshot/panlex-20191001-csv/6898#113637603>				<https://panlex.org/snapshot/panlex-20191001-csv/6898#113637720>		"Albania"@kde	
"Laos"@br	<https://panlex.org/snapshot/panlex-20191001-csv/6898#113619022>				<https://panlex.org/snapshot/panlex-20191001-csv/6898#113619074>		"Laosi"@kde	
"Enez Pitcairn"@br	<https://panlex.org/snapshot/panlex-20191001-csv/6898#113602899>				<https://panlex.org/snapshot/panlex-20191001-csv/6898#113602897>		"Pitikeluni"@kde	
"Arabia Saoudat"@br	<https://panlex.org/snapshot/panlex-20191001-csv/6898#113583473>				<https://panlex.org/snapshot/panlex-20191001-csv/6898#113583409>		"Saudia"@kde	
"Ghana"@br	<https://panlex.org/snapshot/panlex-20191001-csv/6898#113645506>				<https://panlex.org/snapshot/panlex-20191001-csv/6898#113645535>		"Ghana"@kde	
"Botswana"@br	<https://panlex.org/snapshot/panlex-20191001-csv/6898#113595483>				<https://panlex.org/snapshot/panlex-20191001-csv/6898#113595401>		"Botswana"@kde	
"Brazil"@br	<https://panlex.org/snapshot/panlex-20191001-csv/6898#113645299>				<https://panlex.org/snapshot/panlex-20191001-csv/6898#113645283>		"Blazili"@kde	
"Panamá"@br	<https://panlex.org/snapshot/panlex-20191001-csv/6898#113606052>				<https://panlex.org/snapshot/panlex-20191001-csv/6898#113606108>		"Panama"@kde	
"Monaco"@br	<https://panlex.org/snapshot/panlex-20191001-csv/6898#113600332>				<https://panlex.org/snapshot/panlex-20191001-csv/6898#113600259>		"Monako"@kde	
"Sant Visant hag ar Grenadinez"@br	<https://panlex.org/snapshot/panlex-20191001-csv/6898#113611769>				<https://panlex.org/snapshot/panlex-20191001-csv/6898#113611910>		"Santavisenti na Glenadini"@kde	
"Bangladesh"@br	<https://panlex.org/snapshot/panlex-20191001-csv/6898#113632248>				<https://panlex.org/snapshot/panlex-20191001-csv/6898#113632183>		"Bangladeshi"@kde	
"Vatikan"@br	<https://panlex.org/snapshot/panlex-20191001-csv/6898#113629798>				<https://panlex.org/snapshot/panlex-20191001-csv/6898#113629764>		"Vatikani"@kde	
"Guyana"@br	<https://panlex.org/snapshot/panlex-20191001-csv/6898#113628110>				<https://panlex.org/snapshot/panlex-20191001-csv/6898#113628136>		"Guyana"@kde	
"Bosnia ha Herzegovina"@br	<https://panlex.org/snapshot/panlex-20191001-csv/6898#113596742>				<https://panlex.org/snapshot/panlex-20191001-csv/6898#113596803>		"Bosnia na Hezegovina"@kde	
"Mecʼhiko"@br	<https://panlex.org/snapshot/panlex-20191001-csv/6898#113628395>				<https://panlex.org/snapshot/panlex-20191001-csv/6898#113628351>		"Meksiko"@kde	
"Inizi Salomon"@br	<https://panlex.org/snapshot/panlex-20191001-csv/6898#113602380>				<https://panlex.org/snapshot/panlex-20191001-csv/6898#113602404>		"Chisiwa cha Solomon"@kde	
"Salvador"@br	<https://panlex.org/snapshot/panlex-20191001-csv/6898#113600653>				<https://panlex.org/snapshot/panlex-20191001-csv/6898#113600611>		"Elsavado"@kde	
"Tokelau"@br	<https://panlex.org/snapshot/panlex-20191001-csv/6898#113615928>				<https://panlex.org/snapshot/panlex-20191001-csv/6898#113615906>		"Tokelau"@kde	
"Vanuatu"@br	<https://panlex.org/snapshot/panlex-20191001-csv/6898#113629080>				<https://panlex.org/snapshot/panlex-20191001-csv/6898#113628970>		"Vanuatu"@kde	
"Koweit"@br	<https://panlex.org/snapshot/panlex-20191001-csv/6898#113605849>				<https://panlex.org/snapshot/panlex-20191001-csv/6898#113605799>		"Kuwaiti"@kde	
