"padaran"@jv	<https://panlex.org/snapshot/panlex-20191001-csv/114#8058436>				<https://panlex.org/snapshot/panlex-20191001-csv/114#8058783>		"kobava-na"@urv	
"hid.ěp"@jv	<https://panlex.org/snapshot/panlex-20191001-csv/114#8062052>				<https://panlex.org/snapshot/panlex-20191001-csv/114#8062328>		"onóui"@urv	
"gěgěr"@jv	<https://panlex.org/snapshot/panlex-20191001-csv/114#8057918>				<https://panlex.org/snapshot/panlex-20191001-csv/114#8058224>		"pou-na"@urv	
"grana"@jv	<https://panlex.org/snapshot/panlex-20191001-csv/114#8065205>				<https://panlex.org/snapshot/panlex-20191001-csv/114#8065532>		"niú-na"@urv	
"lampah"@jv	<https://panlex.org/snapshot/panlex-20191001-csv/114#8053871>				<https://panlex.org/snapshot/panlex-20191001-csv/114#8054218>		"rara"@urv	
"wruh"@jv	<https://panlex.org/snapshot/panlex-20191001-csv/114#8061537>				<https://panlex.org/snapshot/panlex-20191001-csv/114#8061868>		"mataú-i"@urv	
"irung"@jv	<https://panlex.org/snapshot/panlex-20191001-csv/114#8065206>				<https://panlex.org/snapshot/panlex-20191001-csv/114#8065532>		"niú-na"@urv	
"caŋkem"@jv	<https://panlex.org/snapshot/panlex-20191001-csv/114#8066674>				<https://panlex.org/snapshot/panlex-20191001-csv/114#8067007>		"gunu-na"@urv	
"ŋqanda"@jv	<https://panlex.org/snapshot/panlex-20191001-csv/114#8066165>				<https://panlex.org/snapshot/panlex-20191001-csv/114#8066463>		"sie-i"@urv	
"wedi"@jv	<https://panlex.org/snapshot/panlex-20191001-csv/114#8062541>				<https://panlex.org/snapshot/panlex-20191001-csv/114#8062837>		"kuira"@urv	
"getih"@jv	<https://panlex.org/snapshot/panlex-20191001-csv/114#8063030>				<https://panlex.org/snapshot/panlex-20191001-csv/114#8063349>		"revái"@urv	
"ŋlaŋi"@jv	<https://panlex.org/snapshot/panlex-20191001-csv/114#8055913>				<https://panlex.org/snapshot/panlex-20191001-csv/114#8056234>		"nabe"@urv	
"meŋqalih"@jv	<https://panlex.org/snapshot/panlex-20191001-csv/114#8062053>				<https://panlex.org/snapshot/panlex-20191001-csv/114#8062328>		"onóui"@urv	
"dateŋ"@jv	<https://panlex.org/snapshot/panlex-20191001-csv/114#8054917>				<https://panlex.org/snapshot/panlex-20191001-csv/114#8055220>		"ra-mai"@urv	
"ŋerti"@jv	<https://panlex.org/snapshot/panlex-20191001-csv/114#8061538>				<https://panlex.org/snapshot/panlex-20191001-csv/114#8061868>		"mataú-i"@urv	
"sirah"@jv	<https://panlex.org/snapshot/panlex-20191001-csv/114#8063571>				<https://panlex.org/snapshot/panlex-20191001-csv/114#8063898>		"patu-na"@urv	
"peŋker"@jv	<https://panlex.org/snapshot/panlex-20191001-csv/114#8057919>				<https://panlex.org/snapshot/panlex-20191001-csv/114#8058224>		"pou-na"@urv	
"asta"@jv	<https://panlex.org/snapshot/panlex-20191001-csv/114#8051800>				<https://panlex.org/snapshot/panlex-20191001-csv/114#8052142>		"kabe-na"@urv	
"ati"@jv	<https://panlex.org/snapshot/panlex-20191001-csv/114#8059949>				<https://panlex.org/snapshot/panlex-20191001-csv/114#8060247>		"ate-na"@urv	
"langhuy"@jv	<https://panlex.org/snapshot/panlex-20191001-csv/114#8055912>				<https://panlex.org/snapshot/panlex-20191001-csv/114#8056234>		"nabe"@urv	
"susu"@jv	<https://panlex.org/snapshot/panlex-20191001-csv/114#8060479>				<https://panlex.org/snapshot/panlex-20191001-csv/114#8060830>		"susú-na"@urv	
"taŋan"@jv	<https://panlex.org/snapshot/panlex-20191001-csv/114#8051802>				<https://panlex.org/snapshot/panlex-20191001-csv/114#8052142>		"kabe-na"@urv	
"maŋertos"@jv	<https://panlex.org/snapshot/panlex-20191001-csv/114#8061536>				<https://panlex.org/snapshot/panlex-20191001-csv/114#8061868>		"mataú-i"@urv	
"payudara"@jv	<https://panlex.org/snapshot/panlex-20191001-csv/114#8060478>				<https://panlex.org/snapshot/panlex-20191001-csv/114#8060830>		"susú-na"@urv	
