"m=bara"@abm	<https://panlex.org/snapshot/panlex-20191001-csv/3975#51734581>				<https://panlex.org/snapshot/panlex-20191001-csv/3975#51734585>		"kˈul"@abz	
"m=bara"@abm	<https://panlex.org/snapshot/panlex-20191001-csv/3975#51734581>				<https://panlex.org/snapshot/panlex-20191001-csv/3975#51734584>		"kol-i"@abz	
"m=bara"@abm	<https://panlex.org/snapshot/panlex-20191001-csv/3975#51734581>				<https://panlex.org/snapshot/panlex-20191001-csv/3975#51734583>		"kˈul-i"@abz	
"ŋ̀=gǎŋ"@abm	<https://panlex.org/snapshot/panlex-20191001-csv/3975#51721935>				<https://panlex.org/snapshot/panlex-20191001-csv/3975#51721937>		"kodaŋ"@abz	
"ŋ̀=gǎŋ"@abm	<https://panlex.org/snapshot/panlex-20191001-csv/3975#51721935>				<https://panlex.org/snapshot/panlex-20191001-csv/3975#51721938>		"=rayhiyˈeŋ"@abz	
"yémâ"@abm	<https://panlex.org/snapshot/panlex-20191001-csv/3975#51731814>				<https://panlex.org/snapshot/panlex-20191001-csv/3975#51731817>		"nat-"@abz	
"yémâ"@abm	<https://panlex.org/snapshot/panlex-20191001-csv/3975#51731814>				<https://panlex.org/snapshot/panlex-20191001-csv/3975#51731816>		"nat-ˈe"@abz	
"m̩=fùbā"@abm	<https://panlex.org/snapshot/panlex-20191001-csv/3975#51733917>				<https://panlex.org/snapshot/panlex-20191001-csv/3975#51733920>		"lil-ˈa"@abz	
"m̩=fùbā"@abm	<https://panlex.org/snapshot/panlex-20191001-csv/3975#51733917>				<https://panlex.org/snapshot/panlex-20191001-csv/3975#51733919>		"lˈil-a"@abz	
"wɔ̀"@abm	<https://panlex.org/snapshot/panlex-20191001-csv/3975#51732973>				<https://panlex.org/snapshot/panlex-20191001-csv/3975#51732975>		"ʔa"@abz	
"wɔ̀"@abm	<https://panlex.org/snapshot/panlex-20191001-csv/3975#51732973>				<https://panlex.org/snapshot/panlex-20191001-csv/3975#51732974>		"e-do"@abz	
"kàrɛ́"@abm	<https://panlex.org/snapshot/panlex-20191001-csv/3975#51725119>				<https://panlex.org/snapshot/panlex-20191001-csv/3975#51725121>		"=d"@abz	
"ǹ=dǔg"@abm	<https://panlex.org/snapshot/panlex-20191001-csv/3975#51730238>				<https://panlex.org/snapshot/panlex-20191001-csv/3975#51730240>		"ay"@abz	
"ǹ=dǔg"@abm	<https://panlex.org/snapshot/panlex-20191001-csv/3975#51730238>				<https://panlex.org/snapshot/panlex-20191001-csv/3975#51730241>		"ʔˈay"@abz	
"ɛ̀=sî"@abm	<https://panlex.org/snapshot/panlex-20191001-csv/3975#51725845>				<https://panlex.org/snapshot/panlex-20191001-csv/3975#51725847>		"kay"@abz	
"ɛ̀=sî"@abm	<https://panlex.org/snapshot/panlex-20191001-csv/3975#51725845>				<https://panlex.org/snapshot/panlex-20191001-csv/3975#51725848>		"pi=kˈaːy"@abz	
"mɛ̀"@abm	<https://panlex.org/snapshot/panlex-20191001-csv/3975#51726430>				<https://panlex.org/snapshot/panlex-20191001-csv/3975#51726431>		"na"@abz	
"mɛ̀"@abm	<https://panlex.org/snapshot/panlex-20191001-csv/3975#51726430>				<https://panlex.org/snapshot/panlex-20191001-csv/3975#51726432>		"na"@abz	
"àgbábòn"@abm	<https://panlex.org/snapshot/panlex-20191001-csv/3975#51730589>				<https://panlex.org/snapshot/panlex-20191001-csv/3975#51730591>		"faŋ-a"@abz	
"àgbábòn"@abm	<https://panlex.org/snapshot/panlex-20191001-csv/3975#51730589>				<https://panlex.org/snapshot/panlex-20191001-csv/3975#51730592>		"faŋ-ˈa"@abz	
"à=láp"@abm	<https://panlex.org/snapshot/panlex-20191001-csv/3975#51729815>				<https://panlex.org/snapshot/panlex-20191001-csv/3975#51729819>		"ʔanˈuy"@abz	
"à=láp"@abm	<https://panlex.org/snapshot/panlex-20191001-csv/3975#51729815>				<https://panlex.org/snapshot/panlex-20191001-csv/3975#51729818>		"ʔanˈuy"@abz	
"à=láp"@abm	<https://panlex.org/snapshot/panlex-20191001-csv/3975#51729815>				<https://panlex.org/snapshot/panlex-20191001-csv/3975#51729817>		"anuy"@abz	
"ḿ=bélá"@abm	<https://panlex.org/snapshot/panlex-20191001-csv/3975#51729955>				<https://panlex.org/snapshot/panlex-20191001-csv/3975#51729957>		"kˈik-a"@abz	
"ḿ=bélá"@abm	<https://panlex.org/snapshot/panlex-20191001-csv/3975#51729955>				<https://panlex.org/snapshot/panlex-20191001-csv/3975#51729958>		"kik-ˈa"@abz	
"yôm"@abm	<https://panlex.org/snapshot/panlex-20191001-csv/3975#51723270>				<https://panlex.org/snapshot/panlex-20191001-csv/3975#51723272>		"tak-ˈa-t-a"@abz	
"yôm"@abm	<https://panlex.org/snapshot/panlex-20191001-csv/3975#51723270>				<https://panlex.org/snapshot/panlex-20191001-csv/3975#51723273>		"tak-a-t-ˈa"@abz	
"lôm"@abm	<https://panlex.org/snapshot/panlex-20191001-csv/3975#51721372>				<https://panlex.org/snapshot/panlex-20191001-csv/3975#51721375>		"take"@abz	
"lôm"@abm	<https://panlex.org/snapshot/panlex-20191001-csv/3975#51721372>				<https://panlex.org/snapshot/panlex-20191001-csv/3975#51721376>		"takˈey"@abz	
"lôm"@abm	<https://panlex.org/snapshot/panlex-20191001-csv/3975#51721372>				<https://panlex.org/snapshot/panlex-20191001-csv/3975#51721374>		"takey"@abz	
"e=teŋ"@abm	<https://panlex.org/snapshot/panlex-20191001-csv/3975#51725285>				<https://panlex.org/snapshot/panlex-20191001-csv/3975#51725288>		"kˈaːn"@abz	
"e=teŋ"@abm	<https://panlex.org/snapshot/panlex-20191001-csv/3975#51725285>				<https://panlex.org/snapshot/panlex-20191001-csv/3975#51725287>		"kaŋ"@abz	
"ɔ̀=là"@abm	<https://panlex.org/snapshot/panlex-20191001-csv/3975#51720951>				<https://panlex.org/snapshot/panlex-20191001-csv/3975#51720954>		"tˈok"@abz	
"ɔ̀=là"@abm	<https://panlex.org/snapshot/panlex-20191001-csv/3975#51720951>				<https://panlex.org/snapshot/panlex-20191001-csv/3975#51720953>		"tok-e"@abz	
"ɔ̀=là"@abm	<https://panlex.org/snapshot/panlex-20191001-csv/3975#51720951>				<https://panlex.org/snapshot/panlex-20191001-csv/3975#51720955>		"ʔatˈey"@abz	
"à=lɨ́b"@abm	<https://panlex.org/snapshot/panlex-20191001-csv/3975#51734044>				<https://panlex.org/snapshot/panlex-20191001-csv/3975#51734048>		"yˈa"@abz	
"à=lɨ́b"@abm	<https://panlex.org/snapshot/panlex-20191001-csv/3975#51734044>				<https://panlex.org/snapshot/panlex-20191001-csv/3975#51734049>		"yˈe"@abz	
"à=lɨ́b"@abm	<https://panlex.org/snapshot/panlex-20191001-csv/3975#51734044>				<https://panlex.org/snapshot/panlex-20191001-csv/3975#51734046>		"ya"@abz	
"à=lɨ́b"@abm	<https://panlex.org/snapshot/panlex-20191001-csv/3975#51734044>				<https://panlex.org/snapshot/panlex-20191001-csv/3975#51734047>		"ye"@abz	
"ŋ̀=gôn"@abm	<https://panlex.org/snapshot/panlex-20191001-csv/3975#51724428>				<https://panlex.org/snapshot/panlex-20191001-csv/3975#51724430>		"ar-ˈa"@abz	
"ŋ̀=gôn"@abm	<https://panlex.org/snapshot/panlex-20191001-csv/3975#51724428>				<https://panlex.org/snapshot/panlex-20191001-csv/3975#51724431>		"ʔar-ˈa"@abz	
"ɛ̀=rûŋ"@abm	<https://panlex.org/snapshot/panlex-20191001-csv/3975#51726772>				<https://panlex.org/snapshot/panlex-20191001-csv/3975#51726774>		"bala"@abz	
"ɛ̀=rûŋ"@abm	<https://panlex.org/snapshot/panlex-20191001-csv/3975#51726772>				<https://panlex.org/snapshot/panlex-20191001-csv/3975#51726775>		"=balˈa"@abz	
"à=làgɨ̀=tú"@abm	<https://panlex.org/snapshot/panlex-20191001-csv/3975#51729017>				<https://panlex.org/snapshot/panlex-20191001-csv/3975#51729019>		"tun-tama"@abz	
"à=làgɨ̀=tú"@abm	<https://panlex.org/snapshot/panlex-20191001-csv/3975#51729017>				<https://panlex.org/snapshot/panlex-20191001-csv/3975#51729020>		"tuŋ-tama"@abz	
"à=làgɨ̀=tú"@abm	<https://panlex.org/snapshot/panlex-20191001-csv/3975#51729017>				<https://panlex.org/snapshot/panlex-20191001-csv/3975#51729021>		"tun-tamˈa"@abz	
"ɲ̀=ɲàm"@abm	<https://panlex.org/snapshot/panlex-20191001-csv/3975#51728039>				<https://panlex.org/snapshot/panlex-20191001-csv/3975#51728042>		"mahˈitiŋ"@abz	
"ɲ̀=ɲàm"@abm	<https://panlex.org/snapshot/panlex-20191001-csv/3975#51728039>				<https://panlex.org/snapshot/panlex-20191001-csv/3975#51728043>		"mahitˈiŋ"@abz	
"ɲ̀=ɲàm"@abm	<https://panlex.org/snapshot/panlex-20191001-csv/3975#51728039>				<https://panlex.org/snapshot/panlex-20191001-csv/3975#51728041>		"mahetiŋ"@abz	
"ɛ̀rá=gándè"@abm	<https://panlex.org/snapshot/panlex-20191001-csv/3975#51730459>				<https://panlex.org/snapshot/panlex-20191001-csv/3975#51730463>		"matalˈay"@abz	
"ɛ̀rá=gándè"@abm	<https://panlex.org/snapshot/panlex-20191001-csv/3975#51730459>				<https://panlex.org/snapshot/panlex-20191001-csv/3975#51730461>		"malˈatay"@abz	
"ɛ̀rá=gándè"@abm	<https://panlex.org/snapshot/panlex-20191001-csv/3975#51730459>				<https://panlex.org/snapshot/panlex-20191001-csv/3975#51730462>		"malatˈay"@abz	
"ɲ́=ɲâgâ"@abm	<https://panlex.org/snapshot/panlex-20191001-csv/3975#51721509>				<https://panlex.org/snapshot/panlex-20191001-csv/3975#51721512>		"ʔakˈan"@abz	
"ɲ́=ɲâgâ"@abm	<https://panlex.org/snapshot/panlex-20191001-csv/3975#51721509>				<https://panlex.org/snapshot/panlex-20191001-csv/3975#51721511>		"akˈan-i"@abz	
"ɛ̀=wɔ́ŋ"@abm	<https://panlex.org/snapshot/panlex-20191001-csv/3975#51728338>				<https://panlex.org/snapshot/panlex-20191001-csv/3975#51728340>		"lomˈa"@abz	
"ɛ̀=wɔ́ŋ"@abm	<https://panlex.org/snapshot/panlex-20191001-csv/3975#51728338>				<https://panlex.org/snapshot/panlex-20191001-csv/3975#51728341>		"ʔabuyˈi"@abz	
"lî"@abm	<https://panlex.org/snapshot/panlex-20191001-csv/3975#51723700>				<https://panlex.org/snapshot/panlex-20191001-csv/3975#51723703>		"ne"@abz	
"lî"@abm	<https://panlex.org/snapshot/panlex-20191001-csv/3975#51723700>				<https://panlex.org/snapshot/panlex-20191001-csv/3975#51723704>		"nˈeː"@abz	
"lâl"@abm	<https://panlex.org/snapshot/panlex-20191001-csv/3975#51731367>				<https://panlex.org/snapshot/panlex-20191001-csv/3975#51731370>		"tˈaː"@abz	
"lâl"@abm	<https://panlex.org/snapshot/panlex-20191001-csv/3975#51731367>				<https://panlex.org/snapshot/panlex-20191001-csv/3975#51731369>		"ta"@abz	
"ɲ̀=ɲɔ̂"@abm	<https://panlex.org/snapshot/panlex-20191001-csv/3975#51735819>				<https://panlex.org/snapshot/panlex-20191001-csv/3975#51735823>		"mˈon"@abz	
"ɲ̀=ɲɔ̂"@abm	<https://panlex.org/snapshot/panlex-20191001-csv/3975#51735819>				<https://panlex.org/snapshot/panlex-20191001-csv/3975#51735822>		"mon-i"@abz	
"ɲ̀=ɲɔ̂"@abm	<https://panlex.org/snapshot/panlex-20191001-csv/3975#51735819>				<https://panlex.org/snapshot/panlex-20191001-csv/3975#51735821>		"mon"@abz	
"n̩=ʓól"@abm	<https://panlex.org/snapshot/panlex-20191001-csv/3975#51732237>				<https://panlex.org/snapshot/panlex-20191001-csv/3975#51732239>		"wˈar-i"@abz	
"n̩=ʓól"@abm	<https://panlex.org/snapshot/panlex-20191001-csv/3975#51732237>				<https://panlex.org/snapshot/panlex-20191001-csv/3975#51732240>		"wˈar"@abz	
"lǝ=tal"@abm	<https://panlex.org/snapshot/panlex-20191001-csv/3975#51732103>				<https://panlex.org/snapshot/panlex-20191001-csv/3975#51732106>		"wˈi"@abz	
"lǝ=tal"@abm	<https://panlex.org/snapshot/panlex-20191001-csv/3975#51732103>				<https://panlex.org/snapshot/panlex-20191001-csv/3975#51732105>		"wi"@abz	
"ŋ̀=gò"@abm	<https://panlex.org/snapshot/panlex-20191001-csv/3975#51731218>				<https://panlex.org/snapshot/panlex-20191001-csv/3975#51731221>		"kul-i"@abz	
"ŋ̀=gò"@abm	<https://panlex.org/snapshot/panlex-20191001-csv/3975#51731218>				<https://panlex.org/snapshot/panlex-20191001-csv/3975#51731220>		"kul"@abz	
"ŋ̀=gò"@abm	<https://panlex.org/snapshot/panlex-20191001-csv/3975#51731218>				<https://panlex.org/snapshot/panlex-20191001-csv/3975#51731222>		"kˈul"@abz	
"ɔ̀=bɔ̂"@abm	<https://panlex.org/snapshot/panlex-20191001-csv/3975#51725697>				<https://panlex.org/snapshot/panlex-20191001-csv/3975#51725700>		"=tˈáŋ"@abz	
"ɔ̀=bɔ̂"@abm	<https://panlex.org/snapshot/panlex-20191001-csv/3975#51725697>				<https://panlex.org/snapshot/panlex-20191001-csv/3975#51725699>		"tˈaŋ"@abz	
"m̀=mùg"@abm	<https://panlex.org/snapshot/panlex-20191001-csv/3975#51730931>				<https://panlex.org/snapshot/panlex-20191001-csv/3975#51730934>		"bˈin"@abz	
"m̀=mùg"@abm	<https://panlex.org/snapshot/panlex-20191001-csv/3975#51730931>				<https://panlex.org/snapshot/panlex-20191001-csv/3975#51730933>		"ti"@abz	
"ɔ̀=tôŋ"@abm	<https://panlex.org/snapshot/panlex-20191001-csv/3975#51723408>				<https://panlex.org/snapshot/panlex-20191001-csv/3975#51723411>		"=wˈey"@abz	
"ɔ̀=tôŋ"@abm	<https://panlex.org/snapshot/panlex-20191001-csv/3975#51723408>				<https://panlex.org/snapshot/panlex-20191001-csv/3975#51723410>		"wey"@abz	
"ŋ̀ɱ-ŋɱuɛ̌"@abm	<https://panlex.org/snapshot/panlex-20191001-csv/3975#51728197>				<https://panlex.org/snapshot/panlex-20191001-csv/3975#51728199>		"ˈiya"@abz	
"ŋ̀ɱ-ŋɱuɛ̌"@abm	<https://panlex.org/snapshot/panlex-20191001-csv/3975#51728197>				<https://panlex.org/snapshot/panlex-20191001-csv/3975#51728200>		"ʔíyˈa"@abz	
"ŋm̀=ŋmuôl"@abm	<https://panlex.org/snapshot/panlex-20191001-csv/3975#51729175>				<https://panlex.org/snapshot/panlex-20191001-csv/3975#51729177>		"min"@abz	
"ŋm̀=ŋmuôl"@abm	<https://panlex.org/snapshot/panlex-20191001-csv/3975#51729175>				<https://panlex.org/snapshot/panlex-20191001-csv/3975#51729178>		"min-i"@abz	
"ŋm̀=ŋmuôl"@abm	<https://panlex.org/snapshot/panlex-20191001-csv/3975#51729175>				<https://panlex.org/snapshot/panlex-20191001-csv/3975#51729179>		"=mˈin"@abz	
"à=tɔ̂ŋ"@abm	<https://panlex.org/snapshot/panlex-20191001-csv/3975#51720690>				<https://panlex.org/snapshot/panlex-20191001-csv/3975#51720693>		"ʔar-u-y"@abz	
"à=tɔ̂ŋ"@abm	<https://panlex.org/snapshot/panlex-20191001-csv/3975#51720690>				<https://panlex.org/snapshot/panlex-20191001-csv/3975#51720692>		"ar-ˈu-y"@abz	
"m̀=bèŋ"@abm	<https://panlex.org/snapshot/panlex-20191001-csv/3975#51728610>				<https://panlex.org/snapshot/panlex-20191001-csv/3975#51728612>		"nˈe"@abz	
"m̀=bèŋ"@abm	<https://panlex.org/snapshot/panlex-20191001-csv/3975#51728610>				<https://panlex.org/snapshot/panlex-20191001-csv/3975#51728613>		"=nˈe"@abz	
"ʓɔ̀l"@abm	<https://panlex.org/snapshot/panlex-20191001-csv/3975#51731047>				<https://panlex.org/snapshot/panlex-20191001-csv/3975#51731049>		"mit-ˈi"@abz	
"ʓɔ̀l"@abm	<https://panlex.org/snapshot/panlex-20191001-csv/3975#51731047>				<https://panlex.org/snapshot/panlex-20191001-csv/3975#51731050>		"mˈit"@abz	
"lɨ̀=ɲân"@abm	<https://panlex.org/snapshot/panlex-20191001-csv/3975#51727052>				<https://panlex.org/snapshot/panlex-20191001-csv/3975#51727054>		"ˈata"@abz	
"lɨ̀=ɲân"@abm	<https://panlex.org/snapshot/panlex-20191001-csv/3975#51727052>				<https://panlex.org/snapshot/panlex-20191001-csv/3975#51727055>		"ʔatˈa"@abz	
"à=lóŋ"@abm	<https://panlex.org/snapshot/panlex-20191001-csv/3975#51721649>				<https://panlex.org/snapshot/panlex-20191001-csv/3975#51721652>		"weyˈa"@abz	
"à=lóŋ"@abm	<https://panlex.org/snapshot/panlex-20191001-csv/3975#51721649>				<https://panlex.org/snapshot/panlex-20191001-csv/3975#51721651>		"we"@abz	
"à=kâŋ"@abm	<https://panlex.org/snapshot/panlex-20191001-csv/3975#51735551>				<https://panlex.org/snapshot/panlex-20191001-csv/3975#51735554>		"ati"@abz	
"à=kâŋ"@abm	<https://panlex.org/snapshot/panlex-20191001-csv/3975#51735551>				<https://panlex.org/snapshot/panlex-20191001-csv/3975#51735555>		"ʔatˈi"@abz	
"yôg"@abm	<https://panlex.org/snapshot/panlex-20191001-csv/3975#51726002>				<https://panlex.org/snapshot/panlex-20191001-csv/3975#51726004>		"mah-i-a"@abz	
"yôg"@abm	<https://panlex.org/snapshot/panlex-20191001-csv/3975#51726002>				<https://panlex.org/snapshot/panlex-20191001-csv/3975#51726005>		"mah-ˈi-"@abz	
"lɨ̀=mɨ̂n"@abm	<https://panlex.org/snapshot/panlex-20191001-csv/3975#51733269>				<https://panlex.org/snapshot/panlex-20191001-csv/3975#51733272>		"=wetˈ-i"@abz	
"lɨ̀=mɨ̂n"@abm	<https://panlex.org/snapshot/panlex-20191001-csv/3975#51733269>				<https://panlex.org/snapshot/panlex-20191001-csv/3975#51733273>		"=wˈet"@abz	
"lɨ̀=mɨ̂n"@abm	<https://panlex.org/snapshot/panlex-20191001-csv/3975#51733269>				<https://panlex.org/snapshot/panlex-20191001-csv/3975#51733271>		"wet-i"@abz	
"ɛ̀=gbêd"@abm	<https://panlex.org/snapshot/panlex-20191001-csv/3975#51727350>				<https://panlex.org/snapshot/panlex-20191001-csv/3975#51727352>		"bikamoŋ"@abz	
"yôl"@abm	<https://panlex.org/snapshot/panlex-20191001-csv/3975#51726628>				<https://panlex.org/snapshot/panlex-20191001-csv/3975#51726631>		"faheng"@abz	
"yôl"@abm	<https://panlex.org/snapshot/panlex-20191001-csv/3975#51726628>				<https://panlex.org/snapshot/panlex-20191001-csv/3975#51726630>		"fayheŋ"@abz	
"yôl"@abm	<https://panlex.org/snapshot/panlex-20191001-csv/3975#51726628>				<https://panlex.org/snapshot/panlex-20191001-csv/3975#51726632>		"fˈen"@abz	
"ɔ̀=té"@abm	<https://panlex.org/snapshot/panlex-20191001-csv/3975#51733420>				<https://panlex.org/snapshot/panlex-20191001-csv/3975#51733422>		"iyˈer-i"@abz	
"ɔ̀=té"@abm	<https://panlex.org/snapshot/panlex-20191001-csv/3975#51733420>				<https://panlex.org/snapshot/panlex-20191001-csv/3975#51733423>		"batˈaː"@abz	
"nɛ̀ŋ=kál"@abm	<https://panlex.org/snapshot/panlex-20191001-csv/3975#51734855>				<https://panlex.org/snapshot/panlex-20191001-csv/3975#51734857>		"mayˈol"@abz	
"nɛ̀ŋ=kál"@abm	<https://panlex.org/snapshot/panlex-20191001-csv/3975#51734855>				<https://panlex.org/snapshot/panlex-20191001-csv/3975#51734860>		"mayˈol"@abz	
"nɛ̀ŋ=kál"@abm	<https://panlex.org/snapshot/panlex-20191001-csv/3975#51734855>				<https://panlex.org/snapshot/panlex-20191001-csv/3975#51734859>		"mayo"@abz	
"nɛ̀ŋ=kál"@abm	<https://panlex.org/snapshot/panlex-20191001-csv/3975#51734855>				<https://panlex.org/snapshot/panlex-20191001-csv/3975#51734858>		"mayoa"@abz	
"ɔ̀=tâ"@abm	<https://panlex.org/snapshot/panlex-20191001-csv/3975#51724858>				<https://panlex.org/snapshot/panlex-20191001-csv/3975#51724862>		"tokˈu"@abz	
"ɔ̀=tâ"@abm	<https://panlex.org/snapshot/panlex-20191001-csv/3975#51724858>				<https://panlex.org/snapshot/panlex-20191001-csv/3975#51724860>		"tuku"@abz	
"ɔ̀=tâ"@abm	<https://panlex.org/snapshot/panlex-20191001-csv/3975#51724858>				<https://panlex.org/snapshot/panlex-20191001-csv/3975#51724861>		"tˈoki"@abz	
"n=kɛ̀dɛ̀"@abm	<https://panlex.org/snapshot/panlex-20191001-csv/3975#51730352>				<https://panlex.org/snapshot/panlex-20191001-csv/3975#51730355>		"hakuang hafara"@abz	
"n=kɛ̀dɛ̀"@abm	<https://panlex.org/snapshot/panlex-20191001-csv/3975#51730352>				<https://panlex.org/snapshot/panlex-20191001-csv/3975#51730356>		"kupˈil"@abz	
"lɨ̀=yâ"@abm	<https://panlex.org/snapshot/panlex-20191001-csv/3975#51736347>				<https://panlex.org/snapshot/panlex-20191001-csv/3975#51736351>		"tˈuŋ"@abz	
"lɨ̀=yâ"@abm	<https://panlex.org/snapshot/panlex-20191001-csv/3975#51736347>				<https://panlex.org/snapshot/panlex-20191001-csv/3975#51736350>		"tuŋ"@abz	
"lɨ̀=yâ"@abm	<https://panlex.org/snapshot/panlex-20191001-csv/3975#51736347>				<https://panlex.org/snapshot/panlex-20191001-csv/3975#51736349>		"tauŋ"@abz	
"fùbî"@abm	<https://panlex.org/snapshot/panlex-20191001-csv/3975#51724731>				<https://panlex.org/snapshot/panlex-20191001-csv/3975#51724733>		"li"@abz	
"fùbî"@abm	<https://panlex.org/snapshot/panlex-20191001-csv/3975#51724731>				<https://panlex.org/snapshot/panlex-20191001-csv/3975#51724734>		"lˈi"@abz	
"ègbēm-egbem"@abm	<https://panlex.org/snapshot/panlex-20191001-csv/3975#51727894>				<https://panlex.org/snapshot/panlex-20191001-csv/3975#51727898>		"far-ˈi-ŋ"@abz	
"ègbēm-egbem"@abm	<https://panlex.org/snapshot/panlex-20191001-csv/3975#51727894>				<https://panlex.org/snapshot/panlex-20191001-csv/3975#51727897>		"far-e-ŋ"@abz	
"ègbēm-egbem"@abm	<https://panlex.org/snapshot/panlex-20191001-csv/3975#51727894>				<https://panlex.org/snapshot/panlex-20191001-csv/3975#51727896>		"far-i"@abz	
"ègbēm-egbem"@abm	<https://panlex.org/snapshot/panlex-20191001-csv/3975#51727894>				<https://panlex.org/snapshot/panlex-20191001-csv/3975#51727899>		"fˈaːr-i-ŋ"@abz	
"ɱ̀=fɛ̂b"@abm	<https://panlex.org/snapshot/panlex-20191001-csv/3975#51736095>				<https://panlex.org/snapshot/panlex-20191001-csv/3975#51736099>		"timˈoy"@abz	
"ɱ̀=fɛ̂b"@abm	<https://panlex.org/snapshot/panlex-20191001-csv/3975#51736095>				<https://panlex.org/snapshot/panlex-20191001-csv/3975#51736097>		"timˈoy"@abz	
"ɱ̀=fɛ̂b"@abm	<https://panlex.org/snapshot/panlex-20191001-csv/3975#51736095>				<https://panlex.org/snapshot/panlex-20191001-csv/3975#51736098>		"timuy"@abz	
"n=darando"@abm	<https://panlex.org/snapshot/panlex-20191001-csv/3975#51731946>				<https://panlex.org/snapshot/panlex-20191001-csv/3975#51731951>		"fˈír"@abz	
"n=darando"@abm	<https://panlex.org/snapshot/panlex-20191001-csv/3975#51731946>				<https://panlex.org/snapshot/panlex-20191001-csv/3975#51731948>		"fir-i"@abz	
"n=darando"@abm	<https://panlex.org/snapshot/panlex-20191001-csv/3975#51731946>				<https://panlex.org/snapshot/panlex-20191001-csv/3975#51731949>		"fˈur"@abz	
"n=darando"@abm	<https://panlex.org/snapshot/panlex-20191001-csv/3975#51731946>				<https://panlex.org/snapshot/panlex-20191001-csv/3975#51731950>		"fˈur-i"@abz	
"lɨ̀=ɲû"@abm	<https://panlex.org/snapshot/panlex-20191001-csv/3975#51725549>				<https://panlex.org/snapshot/panlex-20191001-csv/3975#51725551>		"kay bata"@abz	
"lɨ̀=ɲû"@abm	<https://panlex.org/snapshot/panlex-20191001-csv/3975#51725549>				<https://panlex.org/snapshot/panlex-20191001-csv/3975#51725552>		"pikˈaːy batˈaː"@abz	
"ɲɔ̂g"@abm	<https://panlex.org/snapshot/panlex-20191001-csv/3975#51732399>				<https://panlex.org/snapshot/panlex-20191001-csv/3975#51732401>		"tel-a"@abz	
"ɲɔ̂g"@abm	<https://panlex.org/snapshot/panlex-20191001-csv/3975#51732399>				<https://panlex.org/snapshot/panlex-20191001-csv/3975#51732402>		"ʔayˈon"@abz	
"bâ"@abm	<https://panlex.org/snapshot/panlex-20191001-csv/3975#51722603>				<https://panlex.org/snapshot/panlex-20191001-csv/3975#51722605>		"me"@abz	
"bâ"@abm	<https://panlex.org/snapshot/panlex-20191001-csv/3975#51722603>				<https://panlex.org/snapshot/panlex-20191001-csv/3975#51722606>		"mˈe"@abz	
"fì"@abm	<https://panlex.org/snapshot/panlex-20191001-csv/3975#51722071>				<https://panlex.org/snapshot/panlex-20191001-csv/3975#51722073>		"ar-a-d-e"@abz	
"fì"@abm	<https://panlex.org/snapshot/panlex-20191001-csv/3975#51722071>				<https://panlex.org/snapshot/panlex-20191001-csv/3975#51722074>		"ar-a-d-i"@abz	
"bɛ̀=ʓóm"@abm	<https://panlex.org/snapshot/panlex-20191001-csv/3975#51734425>				<https://panlex.org/snapshot/panlex-20191001-csv/3975#51734428>		"nalˈa"@abz	
"bɛ̀=ʓóm"@abm	<https://panlex.org/snapshot/panlex-20191001-csv/3975#51734425>				<https://panlex.org/snapshot/panlex-20191001-csv/3975#51734427>		"nala"@abz	
"ʓɨ́-ráŋ"@abm	<https://panlex.org/snapshot/panlex-20191001-csv/3975#51729502>				<https://panlex.org/snapshot/panlex-20191001-csv/3975#51729505>		"nukˈu"@abz	
"ʓɨ́-ráŋ"@abm	<https://panlex.org/snapshot/panlex-20191001-csv/3975#51729502>				<https://panlex.org/snapshot/panlex-20191001-csv/3975#51729504>		"nˈuku"@abz	
"lɨ́=rêbê"@abm	<https://panlex.org/snapshot/panlex-20191001-csv/3975#51733118>				<https://panlex.org/snapshot/panlex-20191001-csv/3975#51733122>		"=lifˈi"@abz	
"lɨ́=rêbê"@abm	<https://panlex.org/snapshot/panlex-20191001-csv/3975#51733118>				<https://panlex.org/snapshot/panlex-20191001-csv/3975#51733121>		"lˈifi"@abz	
"lɨ́=rêbê"@abm	<https://panlex.org/snapshot/panlex-20191001-csv/3975#51733118>				<https://panlex.org/snapshot/panlex-20191001-csv/3975#51733120>		"lefi"@abz	
"à=tûg"@abm	<https://panlex.org/snapshot/panlex-20191001-csv/3975#51731668>				<https://panlex.org/snapshot/panlex-20191001-csv/3975#51731671>		"tikˈa"@abz	
"à=tûg"@abm	<https://panlex.org/snapshot/panlex-20191001-csv/3975#51731668>				<https://panlex.org/snapshot/panlex-20191001-csv/3975#51731670>		"tikˈa"@abz	
"n=fɛ"@abm	<https://panlex.org/snapshot/panlex-20191001-csv/3975#51728887>				<https://panlex.org/snapshot/panlex-20191001-csv/3975#51728891>		"fi-a"@abz	
"n=fɛ"@abm	<https://panlex.org/snapshot/panlex-20191001-csv/3975#51728887>				<https://panlex.org/snapshot/panlex-20191001-csv/3975#51728889>		"tˈif-a"@abz	
"n=fɛ"@abm	<https://panlex.org/snapshot/panlex-20191001-csv/3975#51728887>				<https://panlex.org/snapshot/panlex-20191001-csv/3975#51728890>		"fˈih-a"@abz	
"n=fɛ"@abm	<https://panlex.org/snapshot/panlex-20191001-csv/3975#51728887>				<https://panlex.org/snapshot/panlex-20191001-csv/3975#51728892>		"tif-ˈa"@abz	
"è=kpèdè"@abm	<https://panlex.org/snapshot/panlex-20191001-csv/3975#51735683>				<https://panlex.org/snapshot/panlex-20191001-csv/3975#51735685>		"buy"@abz	
"è=kpèdè"@abm	<https://panlex.org/snapshot/panlex-20191001-csv/3975#51735683>				<https://panlex.org/snapshot/panlex-20191001-csv/3975#51735686>		"bˈuy"@abz	
"lɨ̀=tém"@abm	<https://panlex.org/snapshot/panlex-20191001-csv/3975#51726157>				<https://panlex.org/snapshot/panlex-20191001-csv/3975#51726159>		"wata kupi"@abz	
"lɨ̀=tém"@abm	<https://panlex.org/snapshot/panlex-20191001-csv/3975#51726157>				<https://panlex.org/snapshot/panlex-20191001-csv/3975#51726161>		"bukomˈaŋ"@abz	
"lɨ̀=tém"@abm	<https://panlex.org/snapshot/panlex-20191001-csv/3975#51726157>				<https://panlex.org/snapshot/panlex-20191001-csv/3975#51726160>		"om-i"@abz	
"bà-nɛ́"@abm	<https://panlex.org/snapshot/panlex-20191001-csv/3975#51734703>				<https://panlex.org/snapshot/panlex-20191001-csv/3975#51734705>		"ma"@abz	
"bà-nɛ́"@abm	<https://panlex.org/snapshot/panlex-20191001-csv/3975#51734703>				<https://panlex.org/snapshot/panlex-20191001-csv/3975#51734706>		"maː"@abz	
"ɛ̀=kpágá"@abm	<https://panlex.org/snapshot/panlex-20191001-csv/3975#51720827>				<https://panlex.org/snapshot/panlex-20191001-csv/3975#51720830>		"kˈay"@abz	
"ɛ̀=kpágá"@abm	<https://panlex.org/snapshot/panlex-20191001-csv/3975#51720827>				<https://panlex.org/snapshot/panlex-20191001-csv/3975#51720829>		"kul-i"@abz	
"lɨ́=fǒr"@abm	<https://panlex.org/snapshot/panlex-20191001-csv/3975#51724305>				<https://panlex.org/snapshot/panlex-20191001-csv/3975#51724307>		"amuri"@abz	
"lɨ́=fǒr"@abm	<https://panlex.org/snapshot/panlex-20191001-csv/3975#51724305>				<https://panlex.org/snapshot/panlex-20191001-csv/3975#51724308>		"ʔamˈur"@abz	
"ɲ́=ɲǎm=fǒr"@abm	<https://panlex.org/snapshot/panlex-20191001-csv/3975#51721230>				<https://panlex.org/snapshot/panlex-20191001-csv/3975#51721233>		"rˈuol"@abz	
"ɲ́=ɲǎm=fǒr"@abm	<https://panlex.org/snapshot/panlex-20191001-csv/3975#51721230>				<https://panlex.org/snapshot/panlex-20191001-csv/3975#51721234>		"kuyˈa"@abz	
"ɲ́=ɲǎm=fǒr"@abm	<https://panlex.org/snapshot/panlex-20191001-csv/3975#51721230>				<https://panlex.org/snapshot/panlex-20191001-csv/3975#51721232>		"rua"@abz	
"wùr"@abm	<https://panlex.org/snapshot/panlex-20191001-csv/3975#51734194>				<https://panlex.org/snapshot/panlex-20191001-csv/3975#51734199>		"pi-do"@abz	
"wùr"@abm	<https://panlex.org/snapshot/panlex-20191001-csv/3975#51734194>				<https://panlex.org/snapshot/panlex-20191001-csv/3975#51734200>		"ni"@abz	
"wùr"@abm	<https://panlex.org/snapshot/panlex-20191001-csv/3975#51734194>				<https://panlex.org/snapshot/panlex-20191001-csv/3975#51734201>		"pi"@abz	
"wùr"@abm	<https://panlex.org/snapshot/panlex-20191001-csv/3975#51734194>				<https://panlex.org/snapshot/panlex-20191001-csv/3975#51734197>		"ni"@abz	
"wùr"@abm	<https://panlex.org/snapshot/panlex-20191001-csv/3975#51734194>				<https://panlex.org/snapshot/panlex-20191001-csv/3975#51734198>		"nu-fa"@abz	
"lɨ̀=kêl"@abm	<https://panlex.org/snapshot/panlex-20191001-csv/3975#51732520>				<https://panlex.org/snapshot/panlex-20191001-csv/3975#51732522>		"way"@abz	
"lɨ̀=kêl"@abm	<https://panlex.org/snapshot/panlex-20191001-csv/3975#51732520>				<https://panlex.org/snapshot/panlex-20191001-csv/3975#51732523>		"=wˈay"@abz	
"ń=dɔ̂ŋɛ̂"@abm	<https://panlex.org/snapshot/panlex-20191001-csv/3975#51736246>				<https://panlex.org/snapshot/panlex-20191001-csv/3975#51736249>		"sibirˈel"@abz	
"ń=dɔ̂ŋɛ̂"@abm	<https://panlex.org/snapshot/panlex-20191001-csv/3975#51736246>				<https://panlex.org/snapshot/panlex-20191001-csv/3975#51736248>		"glin glay"@abz	
"ì=ɲɔ̀ː"@abm	<https://panlex.org/snapshot/panlex-20191001-csv/3975#51728455>				<https://panlex.org/snapshot/panlex-20191001-csv/3975#51728458>		"=wˈa"@abz	
"ì=ɲɔ̀ː"@abm	<https://panlex.org/snapshot/panlex-20191001-csv/3975#51728455>				<https://panlex.org/snapshot/panlex-20191001-csv/3975#51728457>		"wˈa"@abz	
"ɛ́=ʓǐ"@abm	<https://panlex.org/snapshot/panlex-20191001-csv/3975#51723874>				<https://panlex.org/snapshot/panlex-20191001-csv/3975#51723877>		"birˈa"@abz	
"ɛ́=ʓǐ"@abm	<https://panlex.org/snapshot/panlex-20191001-csv/3975#51723874>				<https://panlex.org/snapshot/panlex-20191001-csv/3975#51723876>		"bira"@abz	
"yɛ̂n"@abm	<https://panlex.org/snapshot/panlex-20191001-csv/3975#51730759>				<https://panlex.org/snapshot/panlex-20191001-csv/3975#51730763>		"=iyˈén"@abz	
"yɛ̂n"@abm	<https://panlex.org/snapshot/panlex-20191001-csv/3975#51730759>				<https://panlex.org/snapshot/panlex-20191001-csv/3975#51730761>		"iyeŋ"@abz	
"yɛ̂n"@abm	<https://panlex.org/snapshot/panlex-20191001-csv/3975#51730759>				<https://panlex.org/snapshot/panlex-20191001-csv/3975#51730762>		"iyaŋ"@abz	
"nɛ=nom"@abm	<https://panlex.org/snapshot/panlex-20191001-csv/3975#51727746>				<https://panlex.org/snapshot/panlex-20191001-csv/3975#51727748>		"neŋ"@abz	
"nɛ=nom"@abm	<https://panlex.org/snapshot/panlex-20191001-csv/3975#51727746>				<https://panlex.org/snapshot/panlex-20191001-csv/3975#51727749>		"nˈeŋ"@abz	
"à=lùg"@abm	<https://panlex.org/snapshot/panlex-20191001-csv/3975#51722468>				<https://panlex.org/snapshot/panlex-20191001-csv/3975#51722471>		"palˈaːt-a"@abz	
"à=lùg"@abm	<https://panlex.org/snapshot/panlex-20191001-csv/3975#51722468>				<https://panlex.org/snapshot/panlex-20191001-csv/3975#51722470>		"palˈat-a"@abz	
"n̩=dábà"@abm	<https://panlex.org/snapshot/panlex-20191001-csv/3975#51727487>				<https://panlex.org/snapshot/panlex-20191001-csv/3975#51727491>		"loh-ˈu"@abz	
"n̩=dábà"@abm	<https://panlex.org/snapshot/panlex-20191001-csv/3975#51727487>				<https://panlex.org/snapshot/panlex-20191001-csv/3975#51727489>		"loh-u"@abz	
"n̩=dábà"@abm	<https://panlex.org/snapshot/panlex-20191001-csv/3975#51727487>				<https://panlex.org/snapshot/panlex-20191001-csv/3975#51727490>		"lˈoh-i"@abz	
"m̀=bôl"@abm	<https://panlex.org/snapshot/panlex-20191001-csv/3975#51727618>				<https://panlex.org/snapshot/panlex-20191001-csv/3975#51727620>		"bikˈeŋ"@abz	
"m̀=bôl"@abm	<https://panlex.org/snapshot/panlex-20191001-csv/3975#51727618>				<https://panlex.org/snapshot/panlex-20191001-csv/3975#51727622>		"bikˈeŋ"@abz	
"m̀=bôl"@abm	<https://panlex.org/snapshot/panlex-20191001-csv/3975#51727618>				<https://panlex.org/snapshot/panlex-20191001-csv/3975#51727623>		"bikˈeaŋ"@abz	
"m̀=bôl"@abm	<https://panlex.org/snapshot/panlex-20191001-csv/3975#51727618>				<https://panlex.org/snapshot/panlex-20191001-csv/3975#51727621>		"bikin"@abz	
"kpɔ̂"@abm	<https://panlex.org/snapshot/panlex-20191001-csv/3975#51722791>				<https://panlex.org/snapshot/panlex-20191001-csv/3975#51722793>		"moŋ"@abz	
"kpɔ̂"@abm	<https://panlex.org/snapshot/panlex-20191001-csv/3975#51722791>				<https://panlex.org/snapshot/panlex-20191001-csv/3975#51722795>		"mun-i"@abz	
"kpɔ̂"@abm	<https://panlex.org/snapshot/panlex-20191001-csv/3975#51722791>				<https://panlex.org/snapshot/panlex-20191001-csv/3975#51722796>		"mˈón"@abz	
"kpɔ̂"@abm	<https://panlex.org/snapshot/panlex-20191001-csv/3975#51722791>				<https://panlex.org/snapshot/panlex-20191001-csv/3975#51722794>		"mon-i"@abz	
"ǹ=táŋ"@abm	<https://panlex.org/snapshot/panlex-20191001-csv/3975#51726302>				<https://panlex.org/snapshot/panlex-20191001-csv/3975#51726304>		"=mˈuk"@abz	
"kpékpédé"@abm	<https://panlex.org/snapshot/panlex-20191001-csv/3975#51735407>				<https://panlex.org/snapshot/panlex-20191001-csv/3975#51735410>		"pˈeːk-a"@abz	
"kpékpédé"@abm	<https://panlex.org/snapshot/panlex-20191001-csv/3975#51735407>				<https://panlex.org/snapshot/panlex-20191001-csv/3975#51735409>		"niŋ"@abz	
"ɛ̀=kúb"@abm	<https://panlex.org/snapshot/panlex-20191001-csv/3975#51721799>				<https://panlex.org/snapshot/panlex-20191001-csv/3975#51721802>		"tˈeypa"@abz	
"ɛ̀=kúb"@abm	<https://panlex.org/snapshot/panlex-20191001-csv/3975#51721799>				<https://panlex.org/snapshot/panlex-20191001-csv/3975#51721801>		"taypa"@abz	
"nobàː"@abm	<https://panlex.org/snapshot/panlex-20191001-csv/3975#51735280>				<https://panlex.org/snapshot/panlex-20191001-csv/3975#51735282>		"tuhoy"@abz	
"nobàː"@abm	<https://panlex.org/snapshot/panlex-20191001-csv/3975#51735280>				<https://panlex.org/snapshot/panlex-20191001-csv/3975#51735283>		"tihˈay"@abz	
"wɔ̂"@abm	<https://panlex.org/snapshot/panlex-20191001-csv/3975#51723105>				<https://panlex.org/snapshot/panlex-20191001-csv/3975#51723107>		"but"@abz	
"wɔ̂"@abm	<https://panlex.org/snapshot/panlex-20191001-csv/3975#51723105>				<https://panlex.org/snapshot/panlex-20191001-csv/3975#51723109>		"bˈuːt"@abz	
"wɔ̂"@abm	<https://panlex.org/snapshot/panlex-20191001-csv/3975#51723105>				<https://panlex.org/snapshot/panlex-20191001-csv/3975#51723108>		"buyk-e"@abz	
"ɛ̀=ŋɱuàrà"@abm	<https://panlex.org/snapshot/panlex-20191001-csv/3975#51722216>				<https://panlex.org/snapshot/panlex-20191001-csv/3975#51722219>		"kusˈiŋ"@abz	
"ɛ̀=ŋɱuàrà"@abm	<https://panlex.org/snapshot/panlex-20191001-csv/3975#51722216>				<https://panlex.org/snapshot/panlex-20191001-csv/3975#51722218>		"kˈusiŋ"@abz	
"ɔ̀=rí"@abm	<https://panlex.org/snapshot/panlex-20191001-csv/3975#51724589>				<https://panlex.org/snapshot/panlex-20191001-csv/3975#51724592>		"ʔafˈu"@abz	
"ɔ̀=rí"@abm	<https://panlex.org/snapshot/panlex-20191001-csv/3975#51724589>				<https://panlex.org/snapshot/panlex-20191001-csv/3975#51724591>		"afˈu"@abz	
"lɨ́=gɔ̂g"@abm	<https://panlex.org/snapshot/panlex-20191001-csv/3975#51735024>				<https://panlex.org/snapshot/panlex-20191001-csv/3975#51735028>		"ʔadˈet"@abz	
"lɨ́=gɔ̂g"@abm	<https://panlex.org/snapshot/panlex-20191001-csv/3975#51735024>				<https://panlex.org/snapshot/panlex-20191001-csv/3975#51735026>		"kik-a"@abz	
"lɨ́=gɔ̂g"@abm	<https://panlex.org/snapshot/panlex-20191001-csv/3975#51735024>				<https://panlex.org/snapshot/panlex-20191001-csv/3975#51735027>		"mea-kilˈay"@abz	
"kpá-kpá"@abm	<https://panlex.org/snapshot/panlex-20191001-csv/3975#51720549>				<https://panlex.org/snapshot/panlex-20191001-csv/3975#51720552>		"tafudˈa"@abz	
"kpá-kpá"@abm	<https://panlex.org/snapshot/panlex-20191001-csv/3975#51720549>				<https://panlex.org/snapshot/panlex-20191001-csv/3975#51720551>		"tafuda"@abz	
"ɛ=sɛp-ɛsɛp"@abm	<https://panlex.org/snapshot/panlex-20191001-csv/3975#51735958>				<https://panlex.org/snapshot/panlex-20191001-csv/3975#51735961>		"patak-ˈa"@abz	
"ɛ=sɛp-ɛsɛp"@abm	<https://panlex.org/snapshot/panlex-20191001-csv/3975#51735958>				<https://panlex.org/snapshot/panlex-20191001-csv/3975#51735960>		"fol-i"@abz	
"lɨ̀=mɨ̂r"@abm	<https://panlex.org/snapshot/panlex-20191001-csv/3975#51724005>				<https://panlex.org/snapshot/panlex-20191001-csv/3975#51724008>		"iyaŋ"@abz	
"lɨ̀=mɨ̂r"@abm	<https://panlex.org/snapshot/panlex-20191001-csv/3975#51724005>				<https://panlex.org/snapshot/panlex-20191001-csv/3975#51724007>		"iyeŋ"@abz	
"lɨ̀=mɨ̂r"@abm	<https://panlex.org/snapshot/panlex-20191001-csv/3975#51724005>				<https://panlex.org/snapshot/panlex-20191001-csv/3975#51724009>		"=iyˈèŋ"@abz	
"ǹ=nɛ̀"@abm	<https://panlex.org/snapshot/panlex-20191001-csv/3975#51729662>				<https://panlex.org/snapshot/panlex-20191001-csv/3975#51729664>		"ama"@abz	
"ǹ=nɛ̀"@abm	<https://panlex.org/snapshot/panlex-20191001-csv/3975#51729662>				<https://panlex.org/snapshot/panlex-20191001-csv/3975#51729665>		"ʔamˈa"@abz	
"bɨ́=bâl"@abm	<https://panlex.org/snapshot/panlex-20191001-csv/3975#51733572>				<https://panlex.org/snapshot/panlex-20191001-csv/3975#51733575>		"ʔayokˈu"@abz	
"bɨ́=bâl"@abm	<https://panlex.org/snapshot/panlex-20191001-csv/3975#51733572>				<https://panlex.org/snapshot/panlex-20191001-csv/3975#51733574>		"ayuku"@abz	
"à=fɔ̂m"@abm	<https://panlex.org/snapshot/panlex-20191001-csv/3975#51724164>				<https://panlex.org/snapshot/panlex-20191001-csv/3975#51724166>		"tam-a-d-a"@abz	
"à=fɔ̂m"@abm	<https://panlex.org/snapshot/panlex-20191001-csv/3975#51724164>				<https://panlex.org/snapshot/panlex-20191001-csv/3975#51724167>		"kˈona"@abz	
"šɔn"@abm	<https://panlex.org/snapshot/panlex-20191001-csv/3975#51733732>				<https://panlex.org/snapshot/panlex-20191001-csv/3975#51733735>		"yˈaː"@abz	
"šɔn"@abm	<https://panlex.org/snapshot/panlex-20191001-csv/3975#51733732>				<https://panlex.org/snapshot/panlex-20191001-csv/3975#51733734>		"ya"@abz	
"m̀=báː"@abm	<https://panlex.org/snapshot/panlex-20191001-csv/3975#51730093>				<https://panlex.org/snapshot/panlex-20191001-csv/3975#51730096>		"yˈaː"@abz	
"m̀=báː"@abm	<https://panlex.org/snapshot/panlex-20191001-csv/3975#51730093>				<https://panlex.org/snapshot/panlex-20191001-csv/3975#51730095>		"lˈela"@abz	
"ǹ=dě"@abm	<https://panlex.org/snapshot/panlex-20191001-csv/3975#51723554>				<https://panlex.org/snapshot/panlex-20191001-csv/3975#51723557>		"ʔanˈay"@abz	
"ǹ=dě"@abm	<https://panlex.org/snapshot/panlex-20191001-csv/3975#51723554>				<https://panlex.org/snapshot/panlex-20191001-csv/3975#51723556>		"anay"@abz	
"ŋ̀=gɔ̂"@abm	<https://panlex.org/snapshot/panlex-20191001-csv/3975#51722951>				<https://panlex.org/snapshot/panlex-20191001-csv/3975#51722954>		"kˈaːy"@abz	
"ŋ̀=gɔ̂"@abm	<https://panlex.org/snapshot/panlex-20191001-csv/3975#51722951>				<https://panlex.org/snapshot/panlex-20191001-csv/3975#51722953>		"kay"@abz	
"ɛ̀=mɛ̀l"@abm	<https://panlex.org/snapshot/panlex-20191001-csv/3975#51728752>				<https://panlex.org/snapshot/panlex-20191001-csv/3975#51728755>		"=watˈa"@abz	
"ɛ̀=mɛ̀l"@abm	<https://panlex.org/snapshot/panlex-20191001-csv/3975#51728752>				<https://panlex.org/snapshot/panlex-20191001-csv/3975#51728754>		"rolˈa"@abz	
"mɛ̀ŋɛ̂"@abm	<https://panlex.org/snapshot/panlex-20191001-csv/3975#51726915>				<https://panlex.org/snapshot/panlex-20191001-csv/3975#51726917>		"iyaŋ"@abz	
"mɛ̀ŋɛ̂"@abm	<https://panlex.org/snapshot/panlex-20191001-csv/3975#51726915>				<https://panlex.org/snapshot/panlex-20191001-csv/3975#51726918>		"=iyˈén"@abz	
"nɔ̀ŋâ"@abm	<https://panlex.org/snapshot/panlex-20191001-csv/3975#51727194>				<https://panlex.org/snapshot/panlex-20191001-csv/3975#51727197>		"tˈaː"@abz	
"nɔ̀ŋâ"@abm	<https://panlex.org/snapshot/panlex-20191001-csv/3975#51727194>				<https://panlex.org/snapshot/panlex-20191001-csv/3975#51727196>		"uy ha=loŋ-r-a"@abz	
