"kakiʼwoko-ye"@brg	<https://panlex.org/snapshot/panlex-20191001-csv/1573#50089665>				<https://panlex.org/snapshot/panlex-20191001-csv/1573#50089688>		"вогьа"@cji	
"ʼewokoe"@brg	<https://panlex.org/snapshot/panlex-20191001-csv/1573#50089959>				<https://panlex.org/snapshot/panlex-20191001-csv/1573#50089979>		"вогьа"@cji	
"aʼni-ye"@brg	<https://panlex.org/snapshot/panlex-20191001-csv/1573#50091062>				<https://panlex.org/snapshot/panlex-20191001-csv/1573#50091083>		"йегьиᴴ"@cji	
"wapoʼeṛ̌"@brg	<https://panlex.org/snapshot/panlex-20191001-csv/1573#50088229>				<https://panlex.org/snapshot/panlex-20191001-csv/1573#50088265>		"гъада"@cji	
"wapoʼeṛ̌"@brg	<https://panlex.org/snapshot/panlex-20191001-csv/1573#50088229>				<https://panlex.org/snapshot/panlex-20191001-csv/1573#50088266>		"гъогъма"@cji	
"wapoʼeṛ̌"@brg	<https://panlex.org/snapshot/panlex-20191001-csv/1573#50088229>				<https://panlex.org/snapshot/panlex-20191001-csv/1573#50088267>		"лъес̅а"@cji	
"poi-p"@brg	<https://panlex.org/snapshot/panlex-20191001-csv/1573#50082631>				<https://panlex.org/snapshot/panlex-20191001-csv/1573#50082651>		"дада"@cji	
"ʼč-aki"@brg	<https://panlex.org/snapshot/panlex-20191001-csv/1573#50086896>				<https://panlex.org/snapshot/panlex-20191001-csv/1573#50086915>		"игьир"@cji	
"kopoʼeṛ̌"@brg	<https://panlex.org/snapshot/panlex-20191001-csv/1573#50082630>				<https://panlex.org/snapshot/panlex-20191001-csv/1573#50082651>		"дада"@cji	
"se-s"@brg	<https://panlex.org/snapshot/panlex-20191001-csv/1573#50091316>				<https://panlex.org/snapshot/panlex-20191001-csv/1573#50091334>		"милъ"@cji	
"poʼewok"@brg	<https://panlex.org/snapshot/panlex-20191001-csv/1573#50081989>				<https://panlex.org/snapshot/panlex-20191001-csv/1573#50082012>		"улка"@cji	
"poʼewok"@brg	<https://panlex.org/snapshot/panlex-20191001-csv/1573#50081989>				<https://panlex.org/snapshot/panlex-20191001-csv/1573#50082013>		"уᴴс̅"@cji	
"in"@brg	<https://panlex.org/snapshot/panlex-20191001-csv/1573#50085661>				<https://panlex.org/snapshot/panlex-20191001-csv/1573#50085679>		"лълъи̅ᴴ"@cji	
