"წკარი"@lzz	<https://panlex.org/snapshot/panlex-20191001-csv/5947#84886509>				<https://panlex.org/snapshot/panlex-20191001-csv/5947#84886482>		"banyu"@jv	
"ჲალი"@lzz	<https://panlex.org/snapshot/panlex-20191001-csv/5946#84446252>				<https://panlex.org/snapshot/panlex-20191001-csv/5946#84446214>		"pengilon"@jv	
"მარიაშინა"@lzz	<https://panlex.org/snapshot/panlex-20191001-csv/5949#85329429>				<https://panlex.org/snapshot/panlex-20191001-csv/5949#85329376>		"Agustus"@jv	
"Omjore p’olusi"@lzz	<https://panlex.org/snapshot/panlex-20191001-csv/2910#110855605>				<https://panlex.org/snapshot/panlex-20191001-csv/2910#110855573>		"Kutub Kidul"@jv	
"Ek’vat’ori"@lzz	<https://panlex.org/snapshot/panlex-20191001-csv/2910#110855229>				<https://panlex.org/snapshot/panlex-20191001-csv/2910#110855175>		"Katulistiwa"@jv	
"ეკვატორი"@lzz	<https://panlex.org/snapshot/panlex-20191001-csv/2910#110855187>				<https://panlex.org/snapshot/panlex-20191001-csv/2910#110855175>		"Katulistiwa"@jv	
"ოჩილდრე პოლუსი"@lzz	<https://panlex.org/snapshot/panlex-20191001-csv/2910#110854632>				<https://panlex.org/snapshot/panlex-20191001-csv/2910#110854618>		"Kutub Lor"@jv	
"ომჟორე პოლუსი"@lzz	<https://panlex.org/snapshot/panlex-20191001-csv/2910#110855580>				<https://panlex.org/snapshot/panlex-20191001-csv/2910#110855573>		"Kutub Kidul"@jv	
"Oçildre p’olusi"@lzz	<https://panlex.org/snapshot/panlex-20191001-csv/2910#110854633>				<https://panlex.org/snapshot/panlex-20191001-csv/2910#110854618>		"Kutub Lor"@jv	
"moʒ’qvinoba"@lzz	<https://panlex.org/snapshot/panlex-20191001-csv/2902#111012300>				<https://panlex.org/snapshot/panlex-20191001-csv/2902#111012105>		"rukun"@jv	
"მოწყვინობა"@lzz	<https://panlex.org/snapshot/panlex-20191001-csv/2902#111011991>				<https://panlex.org/snapshot/panlex-20191001-csv/2902#111012105>		"rukun"@jv	
"Hazarişi zoğa"@lzz	<https://panlex.org/snapshot/panlex-20191001-csv/2905#110869651>				<https://panlex.org/snapshot/panlex-20191001-csv/2905#110869721>		"Segara Kaspia"@jv	
"Xçezoğa"@lzz	<https://panlex.org/snapshot/panlex-20191001-csv/2905#110870305>				<https://panlex.org/snapshot/panlex-20191001-csv/2905#110870294>		"Segara Mediterania"@jv	
"Xçezoğa"@lzz	<https://panlex.org/snapshot/panlex-20191001-csv/2905#110870305>				<https://panlex.org/snapshot/panlex-20191001-csv/2905#110870278>		"Segara Tengah"@jv	
"ოჩილდრე ზოღა"@lzz	<https://panlex.org/snapshot/panlex-20191001-csv/2905#110870612>				<https://panlex.org/snapshot/panlex-20191001-csv/2905#110870671>		"Segara Lor"@jv	
"Balt’ik’işi zoğa"@lzz	<https://panlex.org/snapshot/panlex-20191001-csv/2905#110868820>				<https://panlex.org/snapshot/panlex-20191001-csv/2905#110868647>		"Segara Baltik"@jv	
"ჰაზარიში ზოღა"@lzz	<https://panlex.org/snapshot/panlex-20191001-csv/2905#110869734>				<https://panlex.org/snapshot/panlex-20191001-csv/2905#110869721>		"Segara Kaspia"@jv	
"ბალტიკიში ზოღა"@lzz	<https://panlex.org/snapshot/panlex-20191001-csv/2905#110868755>				<https://panlex.org/snapshot/panlex-20191001-csv/2905#110868647>		"Segara Baltik"@jv	
"უჩაზოღა"@lzz	<https://panlex.org/snapshot/panlex-20191001-csv/2905#110869072>				<https://panlex.org/snapshot/panlex-20191001-csv/2905#110869077>		"Segara Ireng"@jv	
"Oçildre zoğa"@lzz	<https://panlex.org/snapshot/panlex-20191001-csv/2905#110870698>				<https://panlex.org/snapshot/panlex-20191001-csv/2905#110870671>		"Segara Lor"@jv	
"Uçazoğa"@lzz	<https://panlex.org/snapshot/panlex-20191001-csv/2905#110869153>				<https://panlex.org/snapshot/panlex-20191001-csv/2905#110869077>		"Segara Ireng"@jv	
"ხჩეზოღა"@lzz	<https://panlex.org/snapshot/panlex-20191001-csv/2905#110870308>				<https://panlex.org/snapshot/panlex-20191001-csv/2905#110870294>		"Segara Mediterania"@jv	
"ხჩეზოღა"@lzz	<https://panlex.org/snapshot/panlex-20191001-csv/2905#110870308>				<https://panlex.org/snapshot/panlex-20191001-csv/2905#110870278>		"Segara Tengah"@jv	
"ატლანტიკიშ ოკიანუსი"@lzz	<https://panlex.org/snapshot/panlex-20191001-csv/2901#110867570>				<https://panlex.org/snapshot/panlex-20191001-csv/2901#110867497>		"Samudra Atlantik"@jv	
"პასიჶიკიში ოკიანუსი"@lzz	<https://panlex.org/snapshot/panlex-20191001-csv/2901#110867870>				<https://panlex.org/snapshot/panlex-20191001-csv/2901#110868090>		"Samudra Pasifik"@jv	
"Omjore ok’ianusi"@lzz	<https://panlex.org/snapshot/panlex-20191001-csv/2901#110868180>				<https://panlex.org/snapshot/panlex-20191001-csv/2901#110868252>		"Samudra Kidul"@jv	
"ომჟორე ოკიანუსი"@lzz	<https://panlex.org/snapshot/panlex-20191001-csv/2901#110868433>				<https://panlex.org/snapshot/panlex-20191001-csv/2901#110868252>		"Samudra Kidul"@jv	
"At’lant’ik’iş ok’ianusi"@lzz	<https://panlex.org/snapshot/panlex-20191001-csv/2901#110867491>				<https://panlex.org/snapshot/panlex-20191001-csv/2901#110867497>		"Samudra Atlantik"@jv	
"P’asifik’işi ok’ianusi"@lzz	<https://panlex.org/snapshot/panlex-20191001-csv/2901#110868118>				<https://panlex.org/snapshot/panlex-20191001-csv/2901#110868090>		"Samudra Pasifik"@jv	
"დიდი ისქენდერი"@lzz	<https://panlex.org/snapshot/panlex-20191001-csv/2906#111019266>				<https://panlex.org/snapshot/panlex-20191001-csv/2906#111019281>		"Alexander Agung"@jv	
"დიდი ისქენდერი"@lzz	<https://panlex.org/snapshot/panlex-20191001-csv/2906#111019266>				<https://panlex.org/snapshot/panlex-20191001-csv/2906#111019384>		"Iskandar Agung"@jv	
"დიდი ისქენდერი"@lzz	<https://panlex.org/snapshot/panlex-20191001-csv/2906#111019266>				<https://panlex.org/snapshot/panlex-20191001-csv/2906#111019365>		"Iskandar Dzulqarnain"@jv	
"Didi İskenderi"@lzz	<https://panlex.org/snapshot/panlex-20191001-csv/2906#111019235>				<https://panlex.org/snapshot/panlex-20191001-csv/2906#111019281>		"Alexander Agung"@jv	
"Didi İskenderi"@lzz	<https://panlex.org/snapshot/panlex-20191001-csv/2906#111019235>				<https://panlex.org/snapshot/panlex-20191001-csv/2906#111019384>		"Iskandar Agung"@jv	
"Didi İskenderi"@lzz	<https://panlex.org/snapshot/panlex-20191001-csv/2906#111019235>				<https://panlex.org/snapshot/panlex-20191001-csv/2906#111019365>		"Iskandar Dzulqarnain"@jv	
"Avrop’aşi Artoba"@lzz	<https://panlex.org/snapshot/panlex-20191001-csv/2894#111100407>				<https://panlex.org/snapshot/panlex-20191001-csv/2894#111100247>		"Uni Eropah"@jv	
"Ok’ok’ateri Naʒiapeşi Organizaʒia"@lzz	<https://panlex.org/snapshot/panlex-20191001-csv/2894#111102043>				<https://panlex.org/snapshot/panlex-20191001-csv/2894#111101990>		"Perserikatan Bangsa-Bangsa"@jv	
"Timoşletineri Oxenʒalepeşi Artoba"@lzz	<https://panlex.org/snapshot/panlex-20191001-csv/2894#111099819>				<https://panlex.org/snapshot/panlex-20191001-csv/2894#111099913>		"Persemakmuran Negara-Negara Mardika"@jv	
"კოკათერი ნაციაფეში ორგანიზაცია"@lzz	<https://panlex.org/snapshot/panlex-20191001-csv/2894#111102073>				<https://panlex.org/snapshot/panlex-20191001-csv/2894#111101990>		"Perserikatan Bangsa-Bangsa"@jv	
"თიმოშლეთინერი ოხენცალეფეში ართობა"@lzz	<https://panlex.org/snapshot/panlex-20191001-csv/2894#111099889>				<https://panlex.org/snapshot/panlex-20191001-csv/2894#111099913>		"Persemakmuran Negara-Negara Mardika"@jv	
"ავროპაში ართობა"@lzz	<https://panlex.org/snapshot/panlex-20191001-csv/2894#111100360>				<https://panlex.org/snapshot/panlex-20191001-csv/2894#111100247>		"Uni Eropah"@jv	
"tutaçxa"@lzz	<https://panlex.org/snapshot/panlex-20191001-csv/2892#110824393>				<https://panlex.org/snapshot/panlex-20191001-csv/2892#110824146>		"senèn"@jv	
"ik’inaçxa"@lzz	<https://panlex.org/snapshot/panlex-20191001-csv/2892#110824793>				<https://panlex.org/snapshot/panlex-20191001-csv/2892#110824782>		"selasa"@jv	
"sabat’oni"@lzz	<https://panlex.org/snapshot/panlex-20191001-csv/2892#110826141>				<https://panlex.org/snapshot/panlex-20191001-csv/2892#110826472>		"setu"@jv	
"ფუქრიკა"@lzz	<https://panlex.org/snapshot/panlex-20191001-csv/2892#110824407>				<https://panlex.org/snapshot/panlex-20191001-csv/2892#110824146>		"senèn"@jv	
"p’araske"@lzz	<https://panlex.org/snapshot/panlex-20191001-csv/2892#110825740>				<https://panlex.org/snapshot/panlex-20191001-csv/2892#110825762>		"jemuwah"@jv	
"obiçxa"@lzz	<https://panlex.org/snapshot/panlex-20191001-csv/2892#110826085>				<https://panlex.org/snapshot/panlex-20191001-csv/2892#110825762>		"jemuwah"@jv	
"საბატონი"@lzz	<https://panlex.org/snapshot/panlex-20191001-csv/2892#110826332>				<https://panlex.org/snapshot/panlex-20191001-csv/2892#110826472>		"setu"@jv	
"ობიჩხა"@lzz	<https://panlex.org/snapshot/panlex-20191001-csv/2892#110825927>				<https://panlex.org/snapshot/panlex-20191001-csv/2892#110825762>		"jemuwah"@jv	
"çaçxa"@lzz	<https://panlex.org/snapshot/panlex-20191001-csv/2892#110825650>				<https://panlex.org/snapshot/panlex-20191001-csv/2892#110825685>		"kemis"@jv	
"ჩაჩხა"@lzz	<https://panlex.org/snapshot/panlex-20191001-csv/2892#110825417>				<https://panlex.org/snapshot/panlex-20191001-csv/2892#110825685>		"kemis"@jv	
"იკინაჩხა"@lzz	<https://panlex.org/snapshot/panlex-20191001-csv/2892#110824440>				<https://panlex.org/snapshot/panlex-20191001-csv/2892#110824782>		"selasa"@jv	
"პარასქე"@lzz	<https://panlex.org/snapshot/panlex-20191001-csv/2892#110825845>				<https://panlex.org/snapshot/panlex-20191001-csv/2892#110825762>		"jemuwah"@jv	
"cumaçxa"@lzz	<https://panlex.org/snapshot/panlex-20191001-csv/2892#110825051>				<https://panlex.org/snapshot/panlex-20191001-csv/2892#110824899>		"rebo"@jv	
"mjaçxa"@lzz	<https://panlex.org/snapshot/panlex-20191001-csv/2892#110827004>				<https://panlex.org/snapshot/panlex-20191001-csv/2892#110826689>		"ngaat"@jv	
"mjaçxa"@lzz	<https://panlex.org/snapshot/panlex-20191001-csv/2892#110827004>				<https://panlex.org/snapshot/panlex-20191001-csv/2892#110826684>		"minggu"@jv	
"მჟაჩხა"@lzz	<https://panlex.org/snapshot/panlex-20191001-csv/2892#110826924>				<https://panlex.org/snapshot/panlex-20191001-csv/2892#110826689>		"ngaat"@jv	
"მჟაჩხა"@lzz	<https://panlex.org/snapshot/panlex-20191001-csv/2892#110826924>				<https://panlex.org/snapshot/panlex-20191001-csv/2892#110826684>		"minggu"@jv	
"ჯუმაჩხა"@lzz	<https://panlex.org/snapshot/panlex-20191001-csv/2892#110825182>				<https://panlex.org/snapshot/panlex-20191001-csv/2892#110824899>		"rebo"@jv	
"წანაღანი"@lzz	<https://panlex.org/snapshot/panlex-20191001-csv/2897#110827288>				<https://panlex.org/snapshot/panlex-20191001-csv/2897#110827334>		"Januari"@jv	
"მბულორა"@lzz	<https://panlex.org/snapshot/panlex-20191001-csv/2897#110829408>				<https://panlex.org/snapshot/panlex-20191001-csv/2897#110829198>		"Juni"@jv	
"st’aroşina"@lzz	<https://panlex.org/snapshot/panlex-20191001-csv/2897#110830562>				<https://panlex.org/snapshot/panlex-20191001-csv/2897#110830692>		"Sèptèmber"@jv	
"სტაროშინა"@lzz	<https://panlex.org/snapshot/panlex-20191001-csv/2897#110830653>				<https://panlex.org/snapshot/panlex-20191001-csv/2897#110830692>		"Sèptèmber"@jv	
"igrik’a"@lzz	<https://panlex.org/snapshot/panlex-20191001-csv/2897#110828443>				<https://panlex.org/snapshot/panlex-20191001-csv/2897#110828390>		"April"@jv	
"მარიაშინა"@lzz	<https://panlex.org/snapshot/panlex-20191001-csv/2897#110830127>				<https://panlex.org/snapshot/panlex-20191001-csv/2897#110829951>		"Agustus"@jv	
"ʒ’ilva"@lzz	<https://panlex.org/snapshot/panlex-20191001-csv/2897#110831171>				<https://panlex.org/snapshot/panlex-20191001-csv/2897#110831521>		"Nopèmber"@jv	
"გიმუა"@lzz	<https://panlex.org/snapshot/panlex-20191001-csv/2897#110830769>				<https://panlex.org/snapshot/panlex-20191001-csv/2897#110830994>		"Oktober"@jv	
"ფუქრიკა"@lzz	<https://panlex.org/snapshot/panlex-20191001-csv/2897#110828845>				<https://panlex.org/snapshot/panlex-20191001-csv/2897#110828948>		"Mèi"@jv	
"mbulora"@lzz	<https://panlex.org/snapshot/panlex-20191001-csv/2897#110829351>				<https://panlex.org/snapshot/panlex-20191001-csv/2897#110829198>		"Juni"@jv	
"კუნდურა"@lzz	<https://panlex.org/snapshot/panlex-20191001-csv/2897#110827850>				<https://panlex.org/snapshot/panlex-20191001-csv/2897#110827641>		"Fébruari"@jv	
"ხცალა"@lzz	<https://panlex.org/snapshot/panlex-20191001-csv/2897#110829640>				<https://panlex.org/snapshot/panlex-20191001-csv/2897#110829796>		"Juli"@jv	
"gimua"@lzz	<https://panlex.org/snapshot/panlex-20191001-csv/2897#110830913>				<https://panlex.org/snapshot/panlex-20191001-csv/2897#110830994>		"Oktober"@jv	
"ʒ’anağani"@lzz	<https://panlex.org/snapshot/panlex-20191001-csv/2897#110827283>				<https://panlex.org/snapshot/panlex-20191001-csv/2897#110827334>		"Januari"@jv	
"mirk’ani"@lzz	<https://panlex.org/snapshot/panlex-20191001-csv/2897#110828099>				<https://panlex.org/snapshot/panlex-20191001-csv/2897#110828108>		"Maret"@jv	
"xʒala"@lzz	<https://panlex.org/snapshot/panlex-20191001-csv/2897#110829544>				<https://panlex.org/snapshot/panlex-20191001-csv/2897#110829796>		"Juli"@jv	
"წილვა"@lzz	<https://panlex.org/snapshot/panlex-20191001-csv/2897#110831292>				<https://panlex.org/snapshot/panlex-20191001-csv/2897#110831521>		"Nopèmber"@jv	
"იგრიკა"@lzz	<https://panlex.org/snapshot/panlex-20191001-csv/2897#110828604>				<https://panlex.org/snapshot/panlex-20191001-csv/2897#110828390>		"April"@jv	
"მირკანი"@lzz	<https://panlex.org/snapshot/panlex-20191001-csv/2897#110827944>				<https://panlex.org/snapshot/panlex-20191001-csv/2897#110828108>		"Maret"@jv	
"ხრისტანა"@lzz	<https://panlex.org/snapshot/panlex-20191001-csv/2897#110831684>				<https://panlex.org/snapshot/panlex-20191001-csv/2897#110831827>		"Désèmber"@jv	
"pukrik’a"@lzz	<https://panlex.org/snapshot/panlex-20191001-csv/2897#110828788>				<https://panlex.org/snapshot/panlex-20191001-csv/2897#110828948>		"Mèi"@jv	
"k’undura"@lzz	<https://panlex.org/snapshot/panlex-20191001-csv/2897#110827580>				<https://panlex.org/snapshot/panlex-20191001-csv/2897#110827641>		"Fébruari"@jv	
"mariaşina"@lzz	<https://panlex.org/snapshot/panlex-20191001-csv/2897#110830268>				<https://panlex.org/snapshot/panlex-20191001-csv/2897#110829951>		"Agustus"@jv	
"xrist’ana"@lzz	<https://panlex.org/snapshot/panlex-20191001-csv/2897#110831770>				<https://panlex.org/snapshot/panlex-20191001-csv/2897#110831827>		"Désèmber"@jv	
"ავროპა"@lzz	<https://panlex.org/snapshot/panlex-20191001-csv/2891#110854197>				<https://panlex.org/snapshot/panlex-20191001-csv/2891#110854143>		"Eropah"@jv	
"Avrop’a"@lzz	<https://panlex.org/snapshot/panlex-20191001-csv/2891#110854114>				<https://panlex.org/snapshot/panlex-20191001-csv/2891#110854143>		"Eropah"@jv	
"Ok’ianusia"@lzz	<https://panlex.org/snapshot/panlex-20191001-csv/2891#110854539>				<https://panlex.org/snapshot/panlex-20191001-csv/2891#110854387>		"Oséania"@jv	
"Asia"@lzz	<https://panlex.org/snapshot/panlex-20191001-csv/2891#110853861>				<https://panlex.org/snapshot/panlex-20191001-csv/2891#110853825>		"Asia"@jv	
"აჶრიკა"@lzz	<https://panlex.org/snapshot/panlex-20191001-csv/2891#110853117>				<https://panlex.org/snapshot/panlex-20191001-csv/2891#110853101>		"Afrika"@jv	
"ოკიანუსია"@lzz	<https://panlex.org/snapshot/panlex-20191001-csv/2891#110854465>				<https://panlex.org/snapshot/panlex-20191001-csv/2891#110854387>		"Oséania"@jv	
"ანტარქტიკა"@lzz	<https://panlex.org/snapshot/panlex-20191001-csv/2891#110853602>				<https://panlex.org/snapshot/panlex-20191001-csv/2891#110853568>		"Antartika"@jv	
"Amerik’a"@lzz	<https://panlex.org/snapshot/panlex-20191001-csv/2891#110853424>				<https://panlex.org/snapshot/panlex-20191001-csv/2891#110853487>		"Amérika"@jv	
"აზია"@lzz	<https://panlex.org/snapshot/panlex-20191001-csv/2891#110853981>				<https://panlex.org/snapshot/panlex-20191001-csv/2891#110853825>		"Asia"@jv	
"Afrik’a"@lzz	<https://panlex.org/snapshot/panlex-20191001-csv/2891#110853066>				<https://panlex.org/snapshot/panlex-20191001-csv/2891#110853101>		"Afrika"@jv	
"ასია"@lzz	<https://panlex.org/snapshot/panlex-20191001-csv/2891#110853814>				<https://panlex.org/snapshot/panlex-20191001-csv/2891#110853825>		"Asia"@jv	
"ამერიკა"@lzz	<https://panlex.org/snapshot/panlex-20191001-csv/2891#110853423>				<https://panlex.org/snapshot/panlex-20191001-csv/2891#110853487>		"Amérika"@jv	
"Ant’arkt’ik’a"@lzz	<https://panlex.org/snapshot/panlex-20191001-csv/2891#110853720>				<https://panlex.org/snapshot/panlex-20191001-csv/2891#110853568>		"Antartika"@jv	
"Azia"@lzz	<https://panlex.org/snapshot/panlex-20191001-csv/2891#110853881>				<https://panlex.org/snapshot/panlex-20191001-csv/2891#110853825>		"Asia"@jv	
