"aləlín"@tnl	<https://panlex.org/snapshot/panlex-20191001-csv/114#8055697>				<https://panlex.org/snapshot/panlex-20191001-csv/114#8055536>		"likoco"@mvo	
"nəkəlkəlii-"@tnl	<https://panlex.org/snapshot/panlex-20191001-csv/114#8059269>				<https://panlex.org/snapshot/panlex-20191001-csv/114#8059112>		"susuri-"@mvo	
"nakanmop-"@tnl	<https://panlex.org/snapshot/panlex-20191001-csv/114#8060227>				<https://panlex.org/snapshot/panlex-20191001-csv/114#8060076>		"kɔla-"@mvo	
"-rou"@tnl	<https://panlex.org/snapshot/panlex-20191001-csv/114#8064409>				<https://panlex.org/snapshot/panlex-20191001-csv/114#8064242>		"rua-"@mvo	
"suatu"@tnl	<https://panlex.org/snapshot/panlex-20191001-csv/114#8054696>				<https://panlex.org/snapshot/panlex-20191001-csv/114#8054536>		"huana"@mvo	
"amiŋ"@tnl	<https://panlex.org/snapshot/panlex-20191001-csv/114#8065958>				<https://panlex.org/snapshot/panlex-20191001-csv/114#8065819>		"siŋo"@mvo	
"netp-"@tnl	<https://panlex.org/snapshot/panlex-20191001-csv/114#8058758>				<https://panlex.org/snapshot/panlex-20191001-csv/114#8058577>		"tia-"@mvo	
"arou"@tnl	<https://panlex.org/snapshot/panlex-20191001-csv/114#8066447>				<https://panlex.org/snapshot/panlex-20191001-csv/114#8066293>		"hina"@mvo	
"hinatín"@tnl	<https://panlex.org/snapshot/panlex-20191001-csv/114#8061845>				<https://panlex.org/snapshot/panlex-20191001-csv/114#8061668>		"atɛn|ia"@mvo	
