"nu"@tnl	<https://panlex.org/snapshot/panlex-20191001-csv/12#851195>				<https://panlex.org/snapshot/panlex-20191001-csv/12#851258>		"riaŋ"@ykm	
"aləlín"@tnl	<https://panlex.org/snapshot/panlex-20191001-csv/114#8055697>				<https://panlex.org/snapshot/panlex-20191001-csv/114#8055746>		"kiruwouŋ"@ykm	
"nəkəlkəlii-"@tnl	<https://panlex.org/snapshot/panlex-20191001-csv/114#8059269>				<https://panlex.org/snapshot/panlex-20191001-csv/114#8059329>		"tuwi-ak"@ykm	
"nakanmop-"@tnl	<https://panlex.org/snapshot/panlex-20191001-csv/114#8060227>				<https://panlex.org/snapshot/panlex-20191001-csv/114#8060284>		"ati-ək"@ykm	
"-rou"@tnl	<https://panlex.org/snapshot/panlex-20191001-csv/114#8064409>				<https://panlex.org/snapshot/panlex-20191001-csv/114#8064478>		"aur"@ykm	
"suatu"@tnl	<https://panlex.org/snapshot/panlex-20191001-csv/114#8054696>				<https://panlex.org/snapshot/panlex-20191001-csv/114#8054754>		"tʏal təniəŋ"@ykm	
"amiŋ"@tnl	<https://panlex.org/snapshot/panlex-20191001-csv/114#8065958>				<https://panlex.org/snapshot/panlex-20191001-csv/114#8066004>		"-lol alí-ak"@ykm	
"netp-"@tnl	<https://panlex.org/snapshot/panlex-20191001-csv/114#8058758>				<https://panlex.org/snapshot/panlex-20191001-csv/114#8058823>		"pəlapi-ak"@ykm	
"arou"@tnl	<https://panlex.org/snapshot/panlex-20191001-csv/114#8066447>				<https://panlex.org/snapshot/panlex-20191001-csv/114#8066496>		"las"@ykm	
"hinatín"@tnl	<https://panlex.org/snapshot/panlex-20191001-csv/114#8061845>				<https://panlex.org/snapshot/panlex-20191001-csv/114#8061905>		"roŋ"@ykm	
