"pay"@qu	<https://panlex.org/snapshot/panlex-20191001-csv/9#473890>				<https://panlex.org/snapshot/panlex-20191001-csv/9#473842>		"ir"@goh	
"illapachaw"@qu	<https://panlex.org/snapshot/panlex-20191001-csv/2892#110825351>				<https://panlex.org/snapshot/panlex-20191001-csv/2892#110825612>		"donarstag"@goh	
"intichaw"@qu	<https://panlex.org/snapshot/panlex-20191001-csv/2892#110826822>				<https://panlex.org/snapshot/panlex-20191001-csv/2892#110826983>		"sunnuntag"@goh	
"atipachaw"@qu	<https://panlex.org/snapshot/panlex-20191001-csv/2892#110824462>				<https://panlex.org/snapshot/panlex-20191001-csv/2892#110824431>		"ziostag"@goh	
"ch’askachaw"@qu	<https://panlex.org/snapshot/panlex-20191001-csv/2892#110825879>				<https://panlex.org/snapshot/panlex-20191001-csv/2892#110825715>		"frijetag"@goh	
"quyllurchaw"@qu	<https://panlex.org/snapshot/panlex-20191001-csv/2892#110825183>				<https://panlex.org/snapshot/panlex-20191001-csv/2892#110825099>		"mittawehha"@goh	
"killachaw"@qu	<https://panlex.org/snapshot/panlex-20191001-csv/2892#110824326>				<https://panlex.org/snapshot/panlex-20191001-csv/2892#110824290>		"manetag"@goh	
"k’uychichaw"@qu	<https://panlex.org/snapshot/panlex-20191001-csv/2892#110826437>				<https://panlex.org/snapshot/panlex-20191001-csv/2892#110826203>		"sambaztag"@goh	
