"ʼpup-"@cjh	<https://panlex.org/snapshot/panlex-20191001-csv/1573#50089488>				<https://panlex.org/snapshot/panlex-20191001-csv/1573#50089511>		"e-taa-sisi"@ese	
"ʼpup-"@cjh	<https://panlex.org/snapshot/panlex-20191001-csv/1573#50089488>				<https://panlex.org/snapshot/panlex-20191001-csv/1573#50089510>		"ɓoʼwa"@ese	
"ʼmaniči-"@cjh	<https://panlex.org/snapshot/panlex-20191001-csv/1573#50083501>				<https://panlex.org/snapshot/panlex-20191001-csv/1573#50083548>		"eiyo"@ese	
"ʼmaniči-"@cjh	<https://panlex.org/snapshot/panlex-20191001-csv/1573#50083501>				<https://panlex.org/snapshot/panlex-20191001-csv/1573#50083549>		"ebawa"@ese	
"ḳˀaʼχayˀ-"@cjh	<https://panlex.org/snapshot/panlex-20191001-csv/1573#50082923>				<https://panlex.org/snapshot/panlex-20191001-csv/1573#50082962>		"-wawa"@ese	
"ḳˀaʼχayˀ-"@cjh	<https://panlex.org/snapshot/panlex-20191001-csv/1573#50082923>				<https://panlex.org/snapshot/panlex-20191001-csv/1573#50082964>		"našapa"@ese	
"ḳˀaʼχayˀ-"@cjh	<https://panlex.org/snapshot/panlex-20191001-csv/1573#50082923>				<https://panlex.org/snapshot/panlex-20191001-csv/1573#50082963>		"wašapa"@ese	
"ʼsəwin-"@cjh	<https://panlex.org/snapshot/panlex-20191001-csv/1573#50090519>				<https://panlex.org/snapshot/panlex-20191001-csv/1573#50090564>		"emei"@ese	
"ʼsəwin-"@cjh	<https://panlex.org/snapshot/panlex-20191001-csv/1573#50090519>				<https://panlex.org/snapshot/panlex-20191001-csv/1573#50090566>		"saso"@ese	
"ʼsəwin-"@cjh	<https://panlex.org/snapshot/panlex-20191001-csv/1573#50090519>				<https://panlex.org/snapshot/panlex-20191001-csv/1573#50090565>		"mei"@ese	
"ʼyamac̷-"@cjh	<https://panlex.org/snapshot/panlex-20191001-csv/1573#50089685>				<https://panlex.org/snapshot/panlex-20191001-csv/1573#50089717>		"eɓio"@ese	
"ʼyamac̷-"@cjh	<https://panlex.org/snapshot/panlex-20191001-csv/1573#50089685>				<https://panlex.org/snapshot/panlex-20191001-csv/1573#50089718>		"e-bio"@ese	
"ʼχatɬˀ"@cjh	<https://panlex.org/snapshot/panlex-20191001-csv/1573#50089686>				<https://panlex.org/snapshot/panlex-20191001-csv/1573#50089717>		"eɓio"@ese	
"ʼχatɬˀ"@cjh	<https://panlex.org/snapshot/panlex-20191001-csv/1573#50089686>				<https://panlex.org/snapshot/panlex-20191001-csv/1573#50089718>		"e-bio"@ese	
"tˀaʼčǣʔ"@cjh	<https://panlex.org/snapshot/panlex-20191001-csv/1573#50084726>				<https://panlex.org/snapshot/panlex-20191001-csv/1573#50084753>		"nasi"@ese	
"tˀaʼčǣʔ"@cjh	<https://panlex.org/snapshot/panlex-20191001-csv/1573#50084726>				<https://panlex.org/snapshot/panlex-20191001-csv/1573#50084754>		"e-doxoxa"@ese	
"tˀaʼčǣʔ"@cjh	<https://panlex.org/snapshot/panlex-20191001-csv/1573#50084726>				<https://panlex.org/snapshot/panlex-20191001-csv/1573#50084752>		"meši-nani"@ese	
"ʼpaɬχn-"@cjh	<https://panlex.org/snapshot/panlex-20191001-csv/1573#50089237>				<https://panlex.org/snapshot/panlex-20191001-csv/1573#50089271>		"na-šapa-wawa-wawa"@ese	
"ʼpaɬχn-"@cjh	<https://panlex.org/snapshot/panlex-20191001-csv/1573#50089237>				<https://panlex.org/snapshot/panlex-20191001-csv/1573#50089270>		"čixoko"@ese	
"ʼpaɬχn-"@cjh	<https://panlex.org/snapshot/panlex-20191001-csv/1573#50089237>				<https://panlex.org/snapshot/panlex-20191001-csv/1573#50089269>		"ačewi"@ese	
"ʼpayin-"@cjh	<https://panlex.org/snapshot/panlex-20191001-csv/1573#50086506>				<https://panlex.org/snapshot/panlex-20191001-csv/1573#50086530>		"e-wapa"@ese	
"ʼpayin-"@cjh	<https://panlex.org/snapshot/panlex-20191001-csv/1573#50086506>				<https://panlex.org/snapshot/panlex-20191001-csv/1573#50086531>		"wapa"@ese	
"ʼc̷iḳʷi-"@cjh	<https://panlex.org/snapshot/panlex-20191001-csv/1573#50088896>				<https://panlex.org/snapshot/panlex-20191001-csv/1573#50088940>		"taa"@ese	
"ʼc̷iḳʷi-"@cjh	<https://panlex.org/snapshot/panlex-20191001-csv/1573#50088896>				<https://panlex.org/snapshot/panlex-20191001-csv/1573#50088939>		"čixoko"@ese	
"ʼc̷iḳʷi-"@cjh	<https://panlex.org/snapshot/panlex-20191001-csv/1573#50088896>				<https://panlex.org/snapshot/panlex-20191001-csv/1573#50088937>		"eteoxi"@ese	
"ʼc̷iḳʷi-"@cjh	<https://panlex.org/snapshot/panlex-20191001-csv/1573#50088896>				<https://panlex.org/snapshot/panlex-20191001-csv/1573#50088938>		"xani"@ese	
"ʼtawˀ"@cjh	<https://panlex.org/snapshot/panlex-20191001-csv/1573#50090520>				<https://panlex.org/snapshot/panlex-20191001-csv/1573#50090564>		"emei"@ese	
"ʼtawˀ"@cjh	<https://panlex.org/snapshot/panlex-20191001-csv/1573#50090520>				<https://panlex.org/snapshot/panlex-20191001-csv/1573#50090566>		"saso"@ese	
"ʼtawˀ"@cjh	<https://panlex.org/snapshot/panlex-20191001-csv/1573#50090520>				<https://panlex.org/snapshot/panlex-20191001-csv/1573#50090565>		"mei"@ese	
"ɬt-"@cjh	<https://panlex.org/snapshot/panlex-20191001-csv/1573#50091082>				<https://panlex.org/snapshot/panlex-20191001-csv/1573#50091117>		"eya"@ese	
"ɬt-"@cjh	<https://panlex.org/snapshot/panlex-20191001-csv/1573#50091082>				<https://panlex.org/snapshot/panlex-20191001-csv/1573#50091116>		"eya"@ese	
"ʼnəxʷ-"@cjh	<https://panlex.org/snapshot/panlex-20191001-csv/1573#50088263>				<https://panlex.org/snapshot/panlex-20191001-csv/1573#50088318>		"kʷei"@ese	
"ʼnəxʷ-"@cjh	<https://panlex.org/snapshot/panlex-20191001-csv/1573#50088263>				<https://panlex.org/snapshot/panlex-20191001-csv/1573#50088317>		"ena-oxo"@ese	
"ʼnəxʷ-"@cjh	<https://panlex.org/snapshot/panlex-20191001-csv/1573#50088263>				<https://panlex.org/snapshot/panlex-20191001-csv/1573#50088319>		"e-ʼna"@ese	
"ʼnəxʷ-"@cjh	<https://panlex.org/snapshot/panlex-20191001-csv/1573#50088263>				<https://panlex.org/snapshot/panlex-20191001-csv/1573#50088316>		"ena"@ese	
"ʼmaḳʷam-"@cjh	<https://panlex.org/snapshot/panlex-20191001-csv/1573#50084191>				<https://panlex.org/snapshot/panlex-20191001-csv/1573#50084237>		"weni-weni"@ese	
"ʼmaḳʷam-"@cjh	<https://panlex.org/snapshot/panlex-20191001-csv/1573#50084191>				<https://panlex.org/snapshot/panlex-20191001-csv/1573#50084236>		"haha-haha"@ese	
"ʼʔamaniʔ"@cjh	<https://panlex.org/snapshot/panlex-20191001-csv/1573#50087664>				<https://panlex.org/snapshot/panlex-20191001-csv/1573#50087691>		"ena-šaho"@ese	
"ʼʔamaniʔ"@cjh	<https://panlex.org/snapshot/panlex-20191001-csv/1573#50087664>				<https://panlex.org/snapshot/panlex-20191001-csv/1573#50087692>		"e-na-šoxo"@ese	
"ʼməkʷˀ-"@cjh	<https://panlex.org/snapshot/panlex-20191001-csv/1573#50083502>				<https://panlex.org/snapshot/panlex-20191001-csv/1573#50083548>		"eiyo"@ese	
"ʼməkʷˀ-"@cjh	<https://panlex.org/snapshot/panlex-20191001-csv/1573#50083502>				<https://panlex.org/snapshot/panlex-20191001-csv/1573#50083549>		"ebawa"@ese	
"ʼc̷apaš-"@cjh	<https://panlex.org/snapshot/panlex-20191001-csv/1573#50088262>				<https://panlex.org/snapshot/panlex-20191001-csv/1573#50088318>		"kʷei"@ese	
"ʼc̷apaš-"@cjh	<https://panlex.org/snapshot/panlex-20191001-csv/1573#50088262>				<https://panlex.org/snapshot/panlex-20191001-csv/1573#50088317>		"ena-oxo"@ese	
"ʼc̷apaš-"@cjh	<https://panlex.org/snapshot/panlex-20191001-csv/1573#50088262>				<https://panlex.org/snapshot/panlex-20191001-csv/1573#50088319>		"e-ʼna"@ese	
"ʼc̷apaš-"@cjh	<https://panlex.org/snapshot/panlex-20191001-csv/1573#50088262>				<https://panlex.org/snapshot/panlex-20191001-csv/1573#50088316>		"ena"@ese	
"tɬˀəʼsəḳʷ-"@cjh	<https://panlex.org/snapshot/panlex-20191001-csv/1573#50082650>				<https://panlex.org/snapshot/panlex-20191001-csv/1573#50082676>		"meši-hahi"@ese	
"tɬˀəʼsəḳʷ-"@cjh	<https://panlex.org/snapshot/panlex-20191001-csv/1573#50082650>				<https://panlex.org/snapshot/panlex-20191001-csv/1573#50082677>		"kia-poi"@ese	
"ʼḳāʔ"@cjh	<https://panlex.org/snapshot/panlex-20191001-csv/1573#50088897>				<https://panlex.org/snapshot/panlex-20191001-csv/1573#50088940>		"taa"@ese	
"ʼḳāʔ"@cjh	<https://panlex.org/snapshot/panlex-20191001-csv/1573#50088897>				<https://panlex.org/snapshot/panlex-20191001-csv/1573#50088939>		"čixoko"@ese	
"ʼḳāʔ"@cjh	<https://panlex.org/snapshot/panlex-20191001-csv/1573#50088897>				<https://panlex.org/snapshot/panlex-20191001-csv/1573#50088937>		"eteoxi"@ese	
"ʼḳāʔ"@cjh	<https://panlex.org/snapshot/panlex-20191001-csv/1573#50088897>				<https://panlex.org/snapshot/panlex-20191001-csv/1573#50088938>		"xani"@ese	
"ʼḳāʔ"@cjh	<https://panlex.org/snapshot/panlex-20191001-csv/1573#50088264>				<https://panlex.org/snapshot/panlex-20191001-csv/1573#50088318>		"kʷei"@ese	
"ʼḳāʔ"@cjh	<https://panlex.org/snapshot/panlex-20191001-csv/1573#50088264>				<https://panlex.org/snapshot/panlex-20191001-csv/1573#50088317>		"ena-oxo"@ese	
"ʼḳāʔ"@cjh	<https://panlex.org/snapshot/panlex-20191001-csv/1573#50088264>				<https://panlex.org/snapshot/panlex-20191001-csv/1573#50088319>		"e-ʼna"@ese	
"ʼḳāʔ"@cjh	<https://panlex.org/snapshot/panlex-20191001-csv/1573#50088264>				<https://panlex.org/snapshot/panlex-20191001-csv/1573#50088316>		"ena"@ese	
"ʼḳāʔ"@cjh	<https://panlex.org/snapshot/panlex-20191001-csv/1573#50085678>				<https://panlex.org/snapshot/panlex-20191001-csv/1573#50085709>		"ena"@ese	
"ʼḳāʔ"@cjh	<https://panlex.org/snapshot/panlex-20191001-csv/1573#50085678>				<https://panlex.org/snapshot/panlex-20191001-csv/1573#50085710>		"e-ʼna"@ese	
"ʔac̷ʼkʷˀalaxʷɬ"@cjh	<https://panlex.org/snapshot/panlex-20191001-csv/1573#50085435>				<https://panlex.org/snapshot/panlex-20191001-csv/1573#50085460>		"xani"@ese	
"ʔac̷ʼkʷˀalaxʷɬ"@cjh	<https://panlex.org/snapshot/panlex-20191001-csv/1573#50085435>				<https://panlex.org/snapshot/panlex-20191001-csv/1573#50085461>		"e-doxo"@ese	
"paʼtalan-"@cjh	<https://panlex.org/snapshot/panlex-20191001-csv/1573#50090518>				<https://panlex.org/snapshot/panlex-20191001-csv/1573#50090564>		"emei"@ese	
"paʼtalan-"@cjh	<https://panlex.org/snapshot/panlex-20191001-csv/1573#50090518>				<https://panlex.org/snapshot/panlex-20191001-csv/1573#50090566>		"saso"@ese	
"paʼtalan-"@cjh	<https://panlex.org/snapshot/panlex-20191001-csv/1573#50090518>				<https://panlex.org/snapshot/panlex-20191001-csv/1573#50090565>		"mei"@ese	
"c̷ˀaʼχæʔs"@cjh	<https://panlex.org/snapshot/panlex-20191001-csv/1573#50083210>				<https://panlex.org/snapshot/panlex-20191001-csv/1573#50083237>		"meši hahi"@ese	
"c̷ˀaʼχæʔs"@cjh	<https://panlex.org/snapshot/panlex-20191001-csv/1573#50083210>				<https://panlex.org/snapshot/panlex-20191001-csv/1573#50083236>		"meši-hahi"@ese	
"ʼšəm-"@cjh	<https://panlex.org/snapshot/panlex-20191001-csv/1573#50085111>				<https://panlex.org/snapshot/panlex-20191001-csv/1573#50085154>		"meši-hahi"@ese	
"ʼšəm-"@cjh	<https://panlex.org/snapshot/panlex-20191001-csv/1573#50085111>				<https://panlex.org/snapshot/panlex-20191001-csv/1573#50085153>		"ena-oxosawa"@ese	
"ʼpˀalkʷˀ"@cjh	<https://panlex.org/snapshot/panlex-20191001-csv/1573#50088662>				<https://panlex.org/snapshot/panlex-20191001-csv/1573#50088689>		"baeti"@ese	
"ɬuʼkʷaɬ"@cjh	<https://panlex.org/snapshot/panlex-20191001-csv/1573#50091333>				<https://panlex.org/snapshot/panlex-20191001-csv/1573#50091365>		"e-šeti"@ese	
"ɬuʼkʷaɬ"@cjh	<https://panlex.org/snapshot/panlex-20191001-csv/1573#50091333>				<https://panlex.org/snapshot/panlex-20191001-csv/1573#50091364>		"išeki"@ese	
"ɬuʼkʷaɬ"@cjh	<https://panlex.org/snapshot/panlex-20191001-csv/1573#50091333>				<https://panlex.org/snapshot/panlex-20191001-csv/1573#50091363>		"ešeki"@ese	
"ʼtɬˀəš-tɬˀaš-"@cjh	<https://panlex.org/snapshot/panlex-20191001-csv/1573#50089978>				<https://panlex.org/snapshot/panlex-20191001-csv/1573#50090011>		"akʷi"@ese	
"ʼtɬˀəš-tɬˀaš-"@cjh	<https://panlex.org/snapshot/panlex-20191001-csv/1573#50089978>				<https://panlex.org/snapshot/panlex-20191001-csv/1573#50090012>		"akwi"@ese	
"təʼmiš-"@cjh	<https://panlex.org/snapshot/panlex-20191001-csv/1573#50082334>				<https://panlex.org/snapshot/panlex-20191001-csv/1573#50082369>		"meši"@ese	
"təʼmiš-"@cjh	<https://panlex.org/snapshot/panlex-20191001-csv/1573#50082011>				<https://panlex.org/snapshot/panlex-20191001-csv/1573#50082048>		"meši"@ese	
"təʼmiš-"@cjh	<https://panlex.org/snapshot/panlex-20191001-csv/1573#50082011>				<https://panlex.org/snapshot/panlex-20191001-csv/1573#50082047>		"meši"@ese	
"təʼmiš-"@cjh	<https://panlex.org/snapshot/panlex-20191001-csv/1573#50081745>				<https://panlex.org/snapshot/panlex-20191001-csv/1573#50081773>		"meši"@ese	
"tˀəmš-"@cjh	<https://panlex.org/snapshot/panlex-20191001-csv/1573#50085109>				<https://panlex.org/snapshot/panlex-20191001-csv/1573#50085154>		"meši-hahi"@ese	
"tˀəmš-"@cjh	<https://panlex.org/snapshot/panlex-20191001-csv/1573#50085109>				<https://panlex.org/snapshot/panlex-20191001-csv/1573#50085153>		"ena-oxosawa"@ese	
"yaʼḳʷa-"@cjh	<https://panlex.org/snapshot/panlex-20191001-csv/1573#50090883>				<https://panlex.org/snapshot/panlex-20191001-csv/1573#50090908>		"meši weweaka-nahe"@ese	
"χaʼsiɬšin-"@cjh	<https://panlex.org/snapshot/panlex-20191001-csv/1573#50089687>				<https://panlex.org/snapshot/panlex-20191001-csv/1573#50089717>		"eɓio"@ese	
"χaʼsiɬšin-"@cjh	<https://panlex.org/snapshot/panlex-20191001-csv/1573#50089687>				<https://panlex.org/snapshot/panlex-20191001-csv/1573#50089718>		"e-bio"@ese	
"ʼyəl-"@cjh	<https://panlex.org/snapshot/panlex-20191001-csv/1573#50085110>				<https://panlex.org/snapshot/panlex-20191001-csv/1573#50085154>		"meši-hahi"@ese	
"ʼyəl-"@cjh	<https://panlex.org/snapshot/panlex-20191001-csv/1573#50085110>				<https://panlex.org/snapshot/panlex-20191001-csv/1573#50085153>		"ena-oxosawa"@ese	
"ʼc̷alaʔɬ-"@cjh	<https://panlex.org/snapshot/panlex-20191001-csv/1573#50086914>				<https://panlex.org/snapshot/panlex-20191001-csv/1573#50086943>		"ɓai"@ese	
"ʼc̷alaʔɬ-"@cjh	<https://panlex.org/snapshot/panlex-20191001-csv/1573#50086914>				<https://panlex.org/snapshot/panlex-20191001-csv/1573#50086944>		"bai"@ese	
"saʼḳˀilalḳʷˀt"@cjh	<https://panlex.org/snapshot/panlex-20191001-csv/1573#50083899>				<https://panlex.org/snapshot/panlex-20191001-csv/1573#50083937>		"epawakiɓo"@ese	
"saʼḳˀilalḳʷˀt"@cjh	<https://panlex.org/snapshot/panlex-20191001-csv/1573#50083899>				<https://panlex.org/snapshot/panlex-20191001-csv/1573#50083936>		"ekʷiwewi"@ese	
"saʼḳˀilalḳʷˀt"@cjh	<https://panlex.org/snapshot/panlex-20191001-csv/1573#50083899>				<https://panlex.org/snapshot/panlex-20191001-csv/1573#50083938>		"ekwewewe"@ese	
"saʼḳˀilalḳʷˀt"@cjh	<https://panlex.org/snapshot/panlex-20191001-csv/1573#50083899>				<https://panlex.org/snapshot/panlex-20191001-csv/1573#50083939>		"epawa"@ese	
