"мир"@gld	<https://panlex.org/snapshot/panlex-20191001-csv/2902#111012079>				<https://panlex.org/snapshot/panlex-20191001-csv/2902#111012034>		"paix"@nrf	
"номохон"@gld	<https://panlex.org/snapshot/panlex-20191001-csv/2902#111012027>				<https://panlex.org/snapshot/panlex-20191001-csv/2902#111012034>		"paix"@nrf	
"Макемаке"@gld	<https://panlex.org/snapshot/panlex-20191001-csv/2907#110847706>				<https://panlex.org/snapshot/panlex-20191001-csv/2907#110847630>		"Makemake"@nrf	
"Сатурн"@gld	<https://panlex.org/snapshot/panlex-20191001-csv/2907#110846599>				<https://panlex.org/snapshot/panlex-20191001-csv/2907#110846577>		"Saturne"@nrf	
"Уран"@gld	<https://panlex.org/snapshot/panlex-20191001-csv/2907#110846926>				<https://panlex.org/snapshot/panlex-20191001-csv/2907#110846931>		"Uranus"@nrf	
"На"@gld	<https://panlex.org/snapshot/panlex-20191001-csv/2907#110845638>				<https://panlex.org/snapshot/panlex-20191001-csv/2907#110845555>		"Tèrre"@nrf	
"Биа"@gld	<https://panlex.org/snapshot/panlex-20191001-csv/2907#110845907>				<https://panlex.org/snapshot/panlex-20191001-csv/2907#110845809>		"Leune"@nrf	
"Меркурий"@gld	<https://panlex.org/snapshot/panlex-20191001-csv/2907#110845105>				<https://panlex.org/snapshot/panlex-20191001-csv/2907#110845216>		"Mèrtchure"@nrf	
"Эрида"@gld	<https://panlex.org/snapshot/panlex-20191001-csv/2907#110847858>				<https://panlex.org/snapshot/panlex-20191001-csv/2907#110847794>		"Éris"@nrf	
"Марс"@gld	<https://panlex.org/snapshot/panlex-20191001-csv/2907#110846043>				<https://panlex.org/snapshot/panlex-20191001-csv/2907#110845999>		"Mars"@nrf	
"Венера"@gld	<https://panlex.org/snapshot/panlex-20191001-csv/2907#110845389>				<https://panlex.org/snapshot/panlex-20191001-csv/2907#110845495>		"Vênus"@nrf	
"Плутон"@gld	<https://panlex.org/snapshot/panlex-20191001-csv/2907#110847247>				<https://panlex.org/snapshot/panlex-20191001-csv/2907#110847302>		"Pliuton"@nrf	
"Хаумеа"@gld	<https://panlex.org/snapshot/panlex-20191001-csv/2907#110847561>				<https://panlex.org/snapshot/panlex-20191001-csv/2907#110847403>		"Haumea"@nrf	
"Нептун"@gld	<https://panlex.org/snapshot/panlex-20191001-csv/2907#110847086>				<https://panlex.org/snapshot/panlex-20191001-csv/2907#110847191>		"Nepteune"@nrf	
"Сиун"@gld	<https://panlex.org/snapshot/panlex-20191001-csv/2907#110844930>				<https://panlex.org/snapshot/panlex-20191001-csv/2907#110844863>		"Solé"@nrf	
"Церера"@gld	<https://panlex.org/snapshot/panlex-20191001-csv/2907#110846222>				<https://panlex.org/snapshot/panlex-20191001-csv/2907#110846234>		"Cêrès"@nrf	
"Юпитер"@gld	<https://panlex.org/snapshot/panlex-20191001-csv/2907#110846410>				<https://panlex.org/snapshot/panlex-20191001-csv/2907#110846432>		"Jupiter"@nrf	
"вторник"@gld	<https://panlex.org/snapshot/panlex-20191001-csv/2892#110824757>				<https://panlex.org/snapshot/panlex-20191001-csv/2892#110824483>		"mardi"@nrf	
"вторник"@gld	<https://panlex.org/snapshot/panlex-20191001-csv/2892#110824757>				<https://panlex.org/snapshot/panlex-20191001-csv/2892#110824488>		"mardi"@nrf	
"воскресенье"@gld	<https://panlex.org/snapshot/panlex-20191001-csv/2892#110826800>				<https://panlex.org/snapshot/panlex-20191001-csv/2892#110826610>		"dînmanche"@nrf	
"воскресенье"@gld	<https://panlex.org/snapshot/panlex-20191001-csv/2892#110826800>				<https://panlex.org/snapshot/panlex-20191001-csv/2892#110826804>		"dîmmaunche"@nrf	
"суббота"@gld	<https://panlex.org/snapshot/panlex-20191001-csv/2892#110826497>				<https://panlex.org/snapshot/panlex-20191001-csv/2892#110826562>		"sanm’di"@nrf	
"суббота"@gld	<https://panlex.org/snapshot/panlex-20191001-csv/2892#110826497>				<https://panlex.org/snapshot/panlex-20191001-csv/2892#110826340>		"sammedi"@nrf	
"пятница"@gld	<https://panlex.org/snapshot/panlex-20191001-csv/2892#110825804>				<https://panlex.org/snapshot/panlex-20191001-csv/2892#110826119>		"vendrédi"@nrf	
"пятница"@gld	<https://panlex.org/snapshot/panlex-20191001-csv/2892#110825804>				<https://panlex.org/snapshot/panlex-20191001-csv/2892#110825905>		"vendrédi"@nrf	
"понедельник"@gld	<https://panlex.org/snapshot/panlex-20191001-csv/2892#110824203>				<https://panlex.org/snapshot/panlex-20191001-csv/2892#110824244>		"lundi"@nrf	
"понедельник"@gld	<https://panlex.org/snapshot/panlex-20191001-csv/2892#110824203>				<https://panlex.org/snapshot/panlex-20191001-csv/2892#110824385>		"lundi"@nrf	
"четверг"@gld	<https://panlex.org/snapshot/panlex-20191001-csv/2892#110825542>				<https://panlex.org/snapshot/panlex-20191001-csv/2892#110825450>		"jeudi"@nrf	
"четверг"@gld	<https://panlex.org/snapshot/panlex-20191001-csv/2892#110825542>				<https://panlex.org/snapshot/panlex-20191001-csv/2892#110825552>		"jéeudi"@nrf	
"среда"@gld	<https://panlex.org/snapshot/panlex-20191001-csv/2892#110825047>				<https://panlex.org/snapshot/panlex-20191001-csv/2892#110825156>		"mercrédi"@nrf	
"среда"@gld	<https://panlex.org/snapshot/panlex-20191001-csv/2892#110825047>				<https://panlex.org/snapshot/panlex-20191001-csv/2892#110825239>		"mêcrédi"@nrf	
"октябрь"@gld	<https://panlex.org/snapshot/panlex-20191001-csv/2897#110831028>				<https://panlex.org/snapshot/panlex-20191001-csv/2897#110831096>		"octobre"@nrf	
"октябрь"@gld	<https://panlex.org/snapshot/panlex-20191001-csv/2897#110831028>				<https://panlex.org/snapshot/panlex-20191001-csv/2897#110830999>		"octobe"@nrf	
"июнь"@gld	<https://panlex.org/snapshot/panlex-20191001-csv/2897#110829131>				<https://panlex.org/snapshot/panlex-20191001-csv/2897#110829362>		"juin"@nrf	
"июнь"@gld	<https://panlex.org/snapshot/panlex-20191001-csv/2897#110829131>				<https://panlex.org/snapshot/panlex-20191001-csv/2897#110829352>		"juîn"@nrf	
"сентябрь"@gld	<https://panlex.org/snapshot/panlex-20191001-csv/2897#110830582>				<https://panlex.org/snapshot/panlex-20191001-csv/2897#110830316>		"septembre"@nrf	
"сентябрь"@gld	<https://panlex.org/snapshot/panlex-20191001-csv/2897#110830582>				<https://panlex.org/snapshot/panlex-20191001-csv/2897#110830650>		"s’tembe"@nrf	
"ноябрь"@gld	<https://panlex.org/snapshot/panlex-20191001-csv/2897#110831267>				<https://panlex.org/snapshot/panlex-20191001-csv/2897#110831416>		"novembre"@nrf	
"ноябрь"@gld	<https://panlex.org/snapshot/panlex-20191001-csv/2897#110831267>				<https://panlex.org/snapshot/panlex-20191001-csv/2897#110831451>		"novembe"@nrf	
"январь"@gld	<https://panlex.org/snapshot/panlex-20191001-csv/2897#110827336>				<https://panlex.org/snapshot/panlex-20191001-csv/2897#110827370>		"jaunvyi"@nrf	
"январь"@gld	<https://panlex.org/snapshot/panlex-20191001-csv/2897#110827336>				<https://panlex.org/snapshot/panlex-20191001-csv/2897#110827067>		"janvyi"@nrf	
"август"@gld	<https://panlex.org/snapshot/panlex-20191001-csv/2897#110830146>				<https://panlex.org/snapshot/panlex-20191001-csv/2897#110829997>		"âot"@nrf	
"август"@gld	<https://panlex.org/snapshot/panlex-20191001-csv/2897#110830146>				<https://panlex.org/snapshot/panlex-20191001-csv/2897#110829957>		"août"@nrf	
"апрель"@gld	<https://panlex.org/snapshot/panlex-20191001-csv/2897#110828256>				<https://panlex.org/snapshot/panlex-20191001-csv/2897#110828294>		"avri"@nrf	
"апрель"@gld	<https://panlex.org/snapshot/panlex-20191001-csv/2897#110828256>				<https://panlex.org/snapshot/panlex-20191001-csv/2897#110828500>		"avri"@nrf	
"май"@gld	<https://panlex.org/snapshot/panlex-20191001-csv/2897#110828732>				<https://panlex.org/snapshot/panlex-20191001-csv/2897#110828954>		"mai"@nrf	
"май"@gld	<https://panlex.org/snapshot/panlex-20191001-csv/2897#110828732>				<https://panlex.org/snapshot/panlex-20191001-csv/2897#110828851>		"mouai"@nrf	
"декабрь"@gld	<https://panlex.org/snapshot/panlex-20191001-csv/2897#110831724>				<https://panlex.org/snapshot/panlex-20191001-csv/2897#110831638>		"dézembre"@nrf	
"декабрь"@gld	<https://panlex.org/snapshot/panlex-20191001-csv/2897#110831724>				<https://panlex.org/snapshot/panlex-20191001-csv/2897#110831877>		"décembe"@nrf	
"март"@gld	<https://panlex.org/snapshot/panlex-20191001-csv/2897#110828025>				<https://panlex.org/snapshot/panlex-20191001-csv/2897#110828234>		"mâr"@nrf	
"март"@gld	<https://panlex.org/snapshot/panlex-20191001-csv/2897#110828025>				<https://panlex.org/snapshot/panlex-20191001-csv/2897#110828131>		"mar"@nrf	
"июль"@gld	<https://panlex.org/snapshot/panlex-20191001-csv/2897#110829625>				<https://panlex.org/snapshot/panlex-20191001-csv/2897#110829554>		"juilet"@nrf	
"июль"@gld	<https://panlex.org/snapshot/panlex-20191001-csv/2897#110829625>				<https://panlex.org/snapshot/panlex-20191001-csv/2897#110829510>		"juilet"@nrf	
"февраль"@gld	<https://panlex.org/snapshot/panlex-20191001-csv/2897#110827472>				<https://panlex.org/snapshot/panlex-20191001-csv/2897#110827646>		"févryi"@nrf	
"февраль"@gld	<https://panlex.org/snapshot/panlex-20191001-csv/2897#110827472>				<https://panlex.org/snapshot/panlex-20191001-csv/2897#110827824>		"févri"@nrf	
