"huli"@tlr	<https://panlex.org/snapshot/panlex-20191001-csv/114#8057692>				<https://panlex.org/snapshot/panlex-20191001-csv/114#8057282>		"huri"@bhp	
"suli"@tlr	<https://panlex.org/snapshot/panlex-20191001-csv/114#8059263>				<https://panlex.org/snapshot/panlex-20191001-csv/114#8058869>		"peke"@bhp	
"pada"@tlr	<https://panlex.org/snapshot/panlex-20191001-csv/114#8062303>				<https://panlex.org/snapshot/panlex-20191001-csv/114#8061950>		"kananu"@bhp	
"pada"@tlr	<https://panlex.org/snapshot/panlex-20191001-csv/114#8062303>				<https://panlex.org/snapshot/panlex-20191001-csv/114#8061949>		"fiki"@bhp	
"tua"@tlr	<https://panlex.org/snapshot/panlex-20191001-csv/114#8053601>				<https://panlex.org/snapshot/panlex-20191001-csv/114#8053153>		"eḏi"@bhp	
"matahuni"@tlr	<https://panlex.org/snapshot/panlex-20191001-csv/114#8062813>				<https://panlex.org/snapshot/panlex-20191001-csv/114#8062407>		"dahu"@bhp	
"muri"@tlr	<https://panlex.org/snapshot/panlex-20191001-csv/114#8058200>				<https://panlex.org/snapshot/panlex-20191001-csv/114#8057801>		"deri"@bhp	
"pasapasa"@tlr	<https://panlex.org/snapshot/panlex-20191001-csv/114#8057188>				<https://panlex.org/snapshot/panlex-20191001-csv/114#8056820>		"kaluḇu"@bhp	
"cucu"@tlr	<https://panlex.org/snapshot/panlex-20191001-csv/114#8060799>				<https://panlex.org/snapshot/panlex-20191001-csv/114#8060336>		"susu"@bhp	
"cucu"@tlr	<https://panlex.org/snapshot/panlex-20191001-csv/114#8060799>				<https://panlex.org/snapshot/panlex-20191001-csv/114#8060337>		"tando"@bhp	
"ulu"@tlr	<https://panlex.org/snapshot/panlex-20191001-csv/114#8063868>				<https://panlex.org/snapshot/panlex-20191001-csv/114#8063437>		"tuta"@bhp	
"lapi"@tlr	<https://panlex.org/snapshot/panlex-20191001-csv/114#8068047>				<https://panlex.org/snapshot/panlex-20191001-csv/114#8067645>		"lera"@bhp	
"salo"@tlr	<https://panlex.org/snapshot/panlex-20191001-csv/114#8056207>				<https://panlex.org/snapshot/panlex-20191001-csv/114#8055790>		"liwa"@bhp	
"maŋa"@tlr	<https://panlex.org/snapshot/panlex-20191001-csv/114#8066978>				<https://panlex.org/snapshot/panlex-20191001-csv/114#8066544>		"asa"@bhp	
"kokono"@tlr	<https://panlex.org/snapshot/panlex-20191001-csv/114#8064403>				<https://panlex.org/snapshot/panlex-20191001-csv/114#8063986>		"woʔo"@bhp	
