"huli"@tlr	<https://panlex.org/snapshot/panlex-20191001-csv/114#8057692>				<https://panlex.org/snapshot/panlex-20191001-csv/114#8057759>		"ʔbuŋ31"@yha	
"suli"@tlr	<https://panlex.org/snapshot/panlex-20191001-csv/114#8059263>				<https://panlex.org/snapshot/panlex-20191001-csv/114#8059327>		"qa0 ʔda:k31"@yha	
"pada"@tlr	<https://panlex.org/snapshot/panlex-20191001-csv/114#8062303>				<https://panlex.org/snapshot/panlex-20191001-csv/114#8062361>		"nɯ312"@yha	
"tua"@tlr	<https://panlex.org/snapshot/panlex-20191001-csv/114#8053601>				<https://panlex.org/snapshot/panlex-20191001-csv/114#8053671>		"ʑuŋ31"@yha	
"matahuni"@tlr	<https://panlex.org/snapshot/panlex-20191001-csv/114#8062813>				<https://panlex.org/snapshot/panlex-20191001-csv/114#8062869>		"i11 vau24"@yha	
"muri"@tlr	<https://panlex.org/snapshot/panlex-20191001-csv/114#8058200>				<https://panlex.org/snapshot/panlex-20191001-csv/114#8058258>		"qa0 ʔdiŋ24"@yha	
"pasapasa"@tlr	<https://panlex.org/snapshot/panlex-20191001-csv/114#8057188>				<https://panlex.org/snapshot/panlex-20191001-csv/114#8057236>		"la0 muk11"@yha	
"cucu"@tlr	<https://panlex.org/snapshot/panlex-20191001-csv/114#8060799>				<https://panlex.org/snapshot/panlex-20191001-csv/114#8060872>		"ɛm11"@yha	
"ulu"@tlr	<https://panlex.org/snapshot/panlex-20191001-csv/114#8063868>				<https://panlex.org/snapshot/panlex-20191001-csv/114#8063938>		"qa0 ðu11"@yha	
"lapi"@tlr	<https://panlex.org/snapshot/panlex-20191001-csv/114#8068047>				<https://panlex.org/snapshot/panlex-20191001-csv/114#8068115>		"ma0 lɛn11"@yha	
"salo"@tlr	<https://panlex.org/snapshot/panlex-20191001-csv/114#8056207>				<https://panlex.org/snapshot/panlex-20191001-csv/114#8056270>		"a:p11"@yha	
"maŋa"@tlr	<https://panlex.org/snapshot/panlex-20191001-csv/114#8066978>				<https://panlex.org/snapshot/panlex-20191001-csv/114#8067048>		"ŋoŋ312"@yha	
"kokono"@tlr	<https://panlex.org/snapshot/panlex-20191001-csv/114#8064403>				<https://panlex.org/snapshot/panlex-20191001-csv/114#8064476>		"qa0 ʑɔ312"@yha	
