"danum"@ilo	<https://panlex.org/snapshot/panlex-20191001-csv/12#850961>				<https://panlex.org/snapshot/panlex-20191001-csv/12#851051>		"vai"@mmw	
"ag-anges"@ilo	<https://panlex.org/snapshot/panlex-20191001-csv/114#8065697>				<https://panlex.org/snapshot/panlex-20191001-csv/114#8065796>		"maanava"@mmw	
"dila"@ilo	<https://panlex.org/snapshot/panlex-20191001-csv/114#8067747>				<https://panlex.org/snapshot/panlex-20191001-csv/114#8067872>		"arero"@mmw	
"agong"@ilo	<https://panlex.org/snapshot/panlex-20191001-csv/114#8065187>				<https://panlex.org/snapshot/panlex-20191001-csv/114#8065316>		"isu"@mmw	
"tapok"@ilo	<https://panlex.org/snapshot/panlex-20191001-csv/114#8056915>				<https://panlex.org/snapshot/panlex-20191001-csv/114#8057018>		"refu"@mmw	
"ag-likko"@ilo	<https://panlex.org/snapshot/panlex-20191001-csv/114#8055398>				<https://panlex.org/snapshot/panlex-20191001-csv/114#8055516>		"fariu"@mmw	
"ulo"@ilo	<https://panlex.org/snapshot/panlex-20191001-csv/114#8063555>				<https://panlex.org/snapshot/panlex-20191001-csv/114#8063680>		"uru"@mmw	
"ag-panunot"@ilo	<https://panlex.org/snapshot/panlex-20191001-csv/114#8062036>				<https://panlex.org/snapshot/panlex-20191001-csv/114#8062145>		"fakaatuatu"@mmw	
"magna"@ilo	<https://panlex.org/snapshot/panlex-20191001-csv/114#8053849>				<https://panlex.org/snapshot/panlex-20191001-csv/114#8053988>		"saere"@mmw	
"ag-kuteng"@ilo	<https://panlex.org/snapshot/panlex-20191001-csv/114#8062512>				<https://panlex.org/snapshot/panlex-20191001-csv/114#8062644>		"mataku"@mmw	
"dalem"@ilo	<https://panlex.org/snapshot/panlex-20191001-csv/114#8059935>				<https://panlex.org/snapshot/panlex-20191001-csv/114#8060054>		"ate"@mmw	
"ag-katawa"@ilo	<https://panlex.org/snapshot/panlex-20191001-csv/114#8068275>				<https://panlex.org/snapshot/panlex-20191001-csv/114#8068401>		"kata"@mmw	
"bagis"@ilo	<https://panlex.org/snapshot/panlex-20191001-csv/114#8059461>				<https://panlex.org/snapshot/panlex-20191001-csv/114#8059575>		"gaakau"@mmw	
