"mouwon"@kxa	<https://panlex.org/snapshot/panlex-20191001-csv/114#8052827>				<https://panlex.org/snapshot/panlex-20191001-csv/114#8053079>		"bweradaŋ"@vnm	
"qarai"@kxa	<https://panlex.org/snapshot/panlex-20191001-csv/114#8063607>				<https://panlex.org/snapshot/panlex-20191001-csv/114#8063909>		"nebat-"@vnm	
"myai"@kxa	<https://panlex.org/snapshot/panlex-20191001-csv/114#8054952>				<https://panlex.org/snapshot/panlex-20191001-csv/114#8055228>		"vwelem"@vnm	
"pui"@kxa	<https://panlex.org/snapshot/panlex-20191001-csv/114#8065742>				<https://panlex.org/snapshot/panlex-20191001-csv/114#8065978>		"ŋusŋus"@vnm	
"qu"@kxa	<https://panlex.org/snapshot/panlex-20191001-csv/114#8062575>				<https://panlex.org/snapshot/panlex-20191001-csv/114#8062842>		"metaʼ"@vnm	
"spoun"@kxa	<https://panlex.org/snapshot/panlex-20191001-csv/114#8066199>				<https://panlex.org/snapshot/panlex-20191001-csv/114#8066470>		"nsuŋ"@vnm	
"spoun"@kxa	<https://panlex.org/snapshot/panlex-20191001-csv/114#8066199>				<https://panlex.org/snapshot/panlex-20191001-csv/114#8066471>		"ŋusuv"@vnm	
"nar̃uñ"@kxa	<https://panlex.org/snapshot/panlex-20191001-csv/114#8065242>				<https://panlex.org/snapshot/panlex-20191001-csv/114#8065543>		"naʼansu-"@vnm	
"kolañ"@kxa	<https://panlex.org/snapshot/panlex-20191001-csv/114#8065241>				<https://panlex.org/snapshot/panlex-20191001-csv/114#8065543>		"naʼansu-"@vnm	
"qarapañ"@kxa	<https://panlex.org/snapshot/panlex-20191001-csv/114#8061056>				<https://panlex.org/snapshot/panlex-20191001-csv/114#8061310>		"nebat-nubuha"@vnm	
"jyel"@kxa	<https://panlex.org/snapshot/panlex-20191001-csv/114#8054448>				<https://panlex.org/snapshot/panlex-20191001-csv/114#8054724>		"nesal"@vnm	
"ipwoñ"@kxa	<https://panlex.org/snapshot/panlex-20191001-csv/114#8063606>				<https://panlex.org/snapshot/panlex-20191001-csv/114#8063909>		"nebat-"@vnm	
"puriñ"@kxa	<https://panlex.org/snapshot/panlex-20191001-csv/114#8066712>				<https://panlex.org/snapshot/panlex-20191001-csv/114#8067019>		"noboŋo-"@vnm	
"ulik"@kxa	<https://panlex.org/snapshot/panlex-20191001-csv/114#8068332>				<https://panlex.org/snapshot/panlex-20191001-csv/114#8068609>		"ŋaŋ"@vnm	
