"kgwedi ya phatwe"@tn	<https://panlex.org/snapshot/panlex-20191001-csv/5949#85329524>				<https://panlex.org/snapshot/panlex-20191001-csv/5949#85329487>		"rogpjūtis"@sgs	
"modimo"@tn	<https://panlex.org/snapshot/panlex-20191001-csv/5949#85303150>				<https://panlex.org/snapshot/panlex-20191001-csv/5949#85303121>		"Dievs"@sgs	
"modimo"@tn	<https://panlex.org/snapshot/panlex-20191001-csv/5949#85303150>				<https://panlex.org/snapshot/panlex-20191001-csv/5949#85303120>		"Dėivs"@sgs	
"Letsatsi"@tn	<https://panlex.org/snapshot/panlex-20191001-csv/5949#85321001>				<https://panlex.org/snapshot/panlex-20191001-csv/5949#85320979>		"Saulė"@sgs	
"bese"@tn	<https://panlex.org/snapshot/panlex-20191001-csv/5949#85330578>				<https://panlex.org/snapshot/panlex-20191001-csv/5949#85330564>		"autuobusos"@sgs	
"yunibesithi"@tn	<https://panlex.org/snapshot/panlex-20191001-csv/2904#111024562>				<https://panlex.org/snapshot/panlex-20191001-csv/2904#111024523>		"onėversėtets"@sgs	
"thutafatshe"@tn	<https://panlex.org/snapshot/panlex-20191001-csv/2904#111022766>				<https://panlex.org/snapshot/panlex-20191001-csv/2904#111022764>		"geuograpėjė"@sgs	
"Lewatle le Legolo"@tn	<https://panlex.org/snapshot/panlex-20191001-csv/2905#110870408>				<https://panlex.org/snapshot/panlex-20191001-csv/2905#110870262>		"Vėdoržemė jūra"@sgs	
"Lwandle ra Ntima"@tn	<https://panlex.org/snapshot/panlex-20191001-csv/2905#110869176>				<https://panlex.org/snapshot/panlex-20191001-csv/2905#110869084>		"Jouduojė jūra"@sgs	
"Lwandle ra Meditera"@tn	<https://panlex.org/snapshot/panlex-20191001-csv/2905#110870493>				<https://panlex.org/snapshot/panlex-20191001-csv/2905#110870262>		"Vėdoržemė jūra"@sgs	
"Lewatle le Lehibidu"@tn	<https://panlex.org/snapshot/panlex-20191001-csv/2905#110870994>				<https://panlex.org/snapshot/panlex-20191001-csv/2905#110870931>		"Raudonuojė jūra"@sgs	
"Lewatle la Letswai"@tn	<https://panlex.org/snapshot/panlex-20191001-csv/2905#110870003>				<https://panlex.org/snapshot/panlex-20191001-csv/2905#110869919>		"Smertėis jūra"@sgs	
"Nepetšhunu"@tn	<https://panlex.org/snapshot/panlex-20191001-csv/2907#110847179>				<https://panlex.org/snapshot/panlex-20191001-csv/2907#110847079>		"Naptūns"@sgs	
"Sathene"@tn	<https://panlex.org/snapshot/panlex-20191001-csv/2907#110846644>				<https://panlex.org/snapshot/panlex-20191001-csv/2907#110846760>		"Soturns"@sgs	
"Pholuto"@tn	<https://panlex.org/snapshot/panlex-20191001-csv/2907#110847373>				<https://panlex.org/snapshot/panlex-20191001-csv/2907#110847384>		"Plutuons"@sgs	
"Ngwedi"@tn	<https://panlex.org/snapshot/panlex-20191001-csv/2907#110845832>				<https://panlex.org/snapshot/panlex-20191001-csv/2907#110845780>		"Mienolis"@sgs	
"Lefatshe"@tn	<https://panlex.org/snapshot/panlex-20191001-csv/2907#110845573>				<https://panlex.org/snapshot/panlex-20191001-csv/2907#110845613>		"Žemė"@sgs	
"Letsatsi"@tn	<https://panlex.org/snapshot/panlex-20191001-csv/2907#110845023>				<https://panlex.org/snapshot/panlex-20191001-csv/2907#110845028>		"Saulė"@sgs	
"Benase"@tn	<https://panlex.org/snapshot/panlex-20191001-csv/2907#110845490>				<https://panlex.org/snapshot/panlex-20191001-csv/2907#110845337>		"Aušrėnė"@sgs	
"Thulaganyo ya dipolanete"@tn	<https://panlex.org/snapshot/panlex-20191001-csv/2907#110848242>				<https://panlex.org/snapshot/panlex-20191001-csv/2907#110848300>		"Saulės sėstėma"@sgs	
"Selemela"@tn	<https://panlex.org/snapshot/panlex-20191001-csv/2907#110846457>				<https://panlex.org/snapshot/panlex-20191001-csv/2907#110846367>		"Jopėteris"@sgs	
"Mase"@tn	<https://panlex.org/snapshot/panlex-20191001-csv/2907#110845969>				<https://panlex.org/snapshot/panlex-20191001-csv/2907#110846128>		"Žėizdrė"@sgs	
"Yuranase"@tn	<https://panlex.org/snapshot/panlex-20191001-csv/2907#110846959>				<https://panlex.org/snapshot/panlex-20191001-csv/2907#110846935>		"Urans"@sgs	
"Mekhuri"@tn	<https://panlex.org/snapshot/panlex-20191001-csv/2907#110845148>				<https://panlex.org/snapshot/panlex-20191001-csv/2907#110845102>		"Merkorėjos"@sgs	
"Mola wa Godimo"@tn	<https://panlex.org/snapshot/panlex-20191001-csv/2907#110848902>				<https://panlex.org/snapshot/panlex-20191001-csv/2907#110848820>		"Paukštiu Tāks"@sgs	
"Mola wa Godimo"@tn	<https://panlex.org/snapshot/panlex-20191001-csv/2907#110848902>				<https://panlex.org/snapshot/panlex-20191001-csv/2907#110848731>		"Paukštiu Kel’s"@sgs	
"Labobedi"@tn	<https://panlex.org/snapshot/panlex-20191001-csv/2892#110824669>				<https://panlex.org/snapshot/panlex-20191001-csv/2892#110824687>		"oterninks"@sgs	
"Labothlano"@tn	<https://panlex.org/snapshot/panlex-20191001-csv/2892#110825948>				<https://panlex.org/snapshot/panlex-20191001-csv/2892#110825917>		"pernīčė"@sgs	
"Tsipi"@tn	<https://panlex.org/snapshot/panlex-20191001-csv/2892#110826718>				<https://panlex.org/snapshot/panlex-20191001-csv/2892#110826840>		"nedielės dėina"@sgs	
"Laboraro"@tn	<https://panlex.org/snapshot/panlex-20191001-csv/2892#110824951>				<https://panlex.org/snapshot/panlex-20191001-csv/2892#110825163>		"sereda"@sgs	
"Matllhatso"@tn	<https://panlex.org/snapshot/panlex-20191001-csv/2892#110826302>				<https://panlex.org/snapshot/panlex-20191001-csv/2892#110826200>		"sobata"@sgs	
"Labone"@tn	<https://panlex.org/snapshot/panlex-20191001-csv/2892#110825632>				<https://panlex.org/snapshot/panlex-20191001-csv/2892#110825481>		"ketvergs"@sgs	
"Mosupologo"@tn	<https://panlex.org/snapshot/panlex-20191001-csv/2892#110824306>				<https://panlex.org/snapshot/panlex-20191001-csv/2892#110824216>		"panedielis"@sgs	
"Afrika"@tn	<https://panlex.org/snapshot/panlex-20191001-csv/2891#110853062>				<https://panlex.org/snapshot/panlex-20191001-csv/2891#110853025>		"Afrėka"@sgs	
