"柏林"@gan	<https://panlex.org/snapshot/panlex-20191001-csv/5949#85302427>				<https://panlex.org/snapshot/panlex-20191001-csv/5949#85302559>		"Berlyn"@vls	
"土耳其"@gan	<https://panlex.org/snapshot/panlex-20191001-csv/5949#85322503>				<https://panlex.org/snapshot/panlex-20191001-csv/5949#85322612>		"Turkeye"@vls	
"澳大利亞"@gan	<https://panlex.org/snapshot/panlex-20191001-csv/5949#85298117>				<https://panlex.org/snapshot/panlex-20191001-csv/5949#85298250>		"Australië"@vls	
"聖經"@gan	<https://panlex.org/snapshot/panlex-20191001-csv/5949#85302679>				<https://panlex.org/snapshot/panlex-20191001-csv/5949#85302821>		"Bybel"@vls	
"俄羅斯"@gan	<https://panlex.org/snapshot/panlex-20191001-csv/5949#85319452>				<https://panlex.org/snapshot/panlex-20191001-csv/5949#85319633>		"Rusland"@vls	
"海"@gan	<https://panlex.org/snapshot/panlex-20191001-csv/5942#83283203>				<https://panlex.org/snapshot/panlex-20191001-csv/5942#83283288>		"zêe"@vls	
"西班牙話"@gan	<https://panlex.org/snapshot/panlex-20191001-csv/405#13632062>				<https://panlex.org/snapshot/panlex-20191001-csv/405#13632139>		"Spoans"@vls	
"日耳曼語族"@gan	<https://panlex.org/snapshot/panlex-20191001-csv/405#13624737>				<https://panlex.org/snapshot/panlex-20191001-csv/405#13624783>		"Germaansche toaln"@vls	
