"瑞典"@gan	<https://panlex.org/snapshot/panlex-20191001-csv/5947#84612215>				<https://panlex.org/snapshot/panlex-20191001-csv/5947#84612208>		"Suedia"@eu	
"波蘭"@gan	<https://panlex.org/snapshot/panlex-20191001-csv/5947#84607733>				<https://panlex.org/snapshot/panlex-20191001-csv/5947#84607723>		"Polonia"@eu	
"聯合國"@gan	<https://panlex.org/snapshot/panlex-20191001-csv/5940#81285924>				<https://panlex.org/snapshot/panlex-20191001-csv/5940#81285916>		"Nazio Batuen Erakundea"@eu	
"歐洲"@gan	<https://panlex.org/snapshot/panlex-20191001-csv/5949#85308535>				<https://panlex.org/snapshot/panlex-20191001-csv/5949#85308528>		"Europa"@eu	
"柏林"@gan	<https://panlex.org/snapshot/panlex-20191001-csv/5949#85302427>				<https://panlex.org/snapshot/panlex-20191001-csv/5949#85302416>		"Berlin"@eu	
"土耳其"@gan	<https://panlex.org/snapshot/panlex-20191001-csv/5949#85322503>				<https://panlex.org/snapshot/panlex-20191001-csv/5949#85322496>		"Turkia"@eu	
"非洲"@gan	<https://panlex.org/snapshot/panlex-20191001-csv/5949#85300950>				<https://panlex.org/snapshot/panlex-20191001-csv/5949#85300946>		"Afrika"@eu	
"澳大利亞"@gan	<https://panlex.org/snapshot/panlex-20191001-csv/5949#85298117>				<https://panlex.org/snapshot/panlex-20191001-csv/5949#85298108>		"Australia"@eu	
"菲律賓"@gan	<https://panlex.org/snapshot/panlex-20191001-csv/5949#85323325>				<https://panlex.org/snapshot/panlex-20191001-csv/5949#85323318>		"Filipinak"@eu	
"聖經"@gan	<https://panlex.org/snapshot/panlex-20191001-csv/5949#85302679>				<https://panlex.org/snapshot/panlex-20191001-csv/5949#85302670>		"Biblia"@eu	
"北京"@gan	<https://panlex.org/snapshot/panlex-20191001-csv/5949#85317975>				<https://panlex.org/snapshot/panlex-20191001-csv/5949#85317967>		"Beijing"@eu	
"耶路撒冷"@gan	<https://panlex.org/snapshot/panlex-20191001-csv/5949#85309924>				<https://panlex.org/snapshot/panlex-20191001-csv/5949#85309917>		"Jerusalem"@eu	
"新加坡"@gan	<https://panlex.org/snapshot/panlex-20191001-csv/5949#85320503>				<https://panlex.org/snapshot/panlex-20191001-csv/5949#85320496>		"Singapur"@eu	
"俄羅斯"@gan	<https://panlex.org/snapshot/panlex-20191001-csv/5949#85319452>				<https://panlex.org/snapshot/panlex-20191001-csv/5949#85319444>		"Errusia"@eu	
"歷史"@gan	<https://panlex.org/snapshot/panlex-20191001-csv/5942#83282247>				<https://panlex.org/snapshot/panlex-20191001-csv/5942#83282239>		"historia"@eu	
"書"@gan	<https://panlex.org/snapshot/panlex-20191001-csv/5942#83282723>				<https://panlex.org/snapshot/panlex-20191001-csv/5942#83282718>		"liburu"@eu	
"屄"@gan	<https://panlex.org/snapshot/panlex-20191001-csv/5943#83313170>				<https://panlex.org/snapshot/panlex-20191001-csv/5943#83313166>		"bagina"@eu	
"英語"@gan	<https://panlex.org/snapshot/panlex-20191001-csv/405#13623594>				<https://panlex.org/snapshot/panlex-20191001-csv/405#13623586>		"ingeles"@eu	
"法語"@gan	<https://panlex.org/snapshot/panlex-20191001-csv/405#13624250>				<https://panlex.org/snapshot/panlex-20191001-csv/405#13624243>		"frantses"@eu	
"西班牙話"@gan	<https://panlex.org/snapshot/panlex-20191001-csv/405#13632062>				<https://panlex.org/snapshot/panlex-20191001-csv/405#13632055>		"gaztelania"@eu	
"朝鮮語"@gan	<https://panlex.org/snapshot/panlex-20191001-csv/405#13627147>				<https://panlex.org/snapshot/panlex-20191001-csv/405#13627144>		"koreera"@eu	
"日耳曼語族"@gan	<https://panlex.org/snapshot/panlex-20191001-csv/405#13624737>				<https://panlex.org/snapshot/panlex-20191001-csv/405#13624732>		"germaniar hizkuntzak"@eu	
"冰島語"@gan	<https://panlex.org/snapshot/panlex-20191001-csv/405#13625638>				<https://panlex.org/snapshot/panlex-20191001-csv/405#13625649>		"albaniera"@eu	
"冰島語"@gan	<https://panlex.org/snapshot/panlex-20191001-csv/405#13625638>				<https://panlex.org/snapshot/panlex-20191001-csv/405#13625634>		"islandiera"@eu	
"日语"@gan	<https://panlex.org/snapshot/panlex-20191001-csv/405#13626381>				<https://panlex.org/snapshot/panlex-20191001-csv/405#13626377>		"japoniera"@eu	
"日语"@gan	<https://panlex.org/snapshot/panlex-20191001-csv/405#13626381>				<https://panlex.org/snapshot/panlex-20191001-csv/405#13626398>		"estoniera"@eu	
"漢語"@gan	<https://panlex.org/snapshot/panlex-20191001-csv/405#13622674>				<https://panlex.org/snapshot/panlex-20191001-csv/405#13622671>		"txinera"@eu	
