"kə̀obénemą"@twf	<https://panlex.org/snapshot/panlex-20191001-csv/5946#84451489>				<https://panlex.org/snapshot/panlex-20191001-csv/5946#84451493>		"جوتا"@ur	
"ną́nemą"@twf	<https://panlex.org/snapshot/panlex-20191001-csv/5946#84443132>				<https://panlex.org/snapshot/panlex-20191001-csv/5946#84443135>		"پہاڑی"@ur	
"wána"@twf	<https://panlex.org/snapshot/panlex-20191001-csv/5942#83284519>				<https://panlex.org/snapshot/panlex-20191001-csv/5942#83284521>		"لنگ"@ur	
"wána"@twf	<https://panlex.org/snapshot/panlex-20191001-csv/5942#83284519>				<https://panlex.org/snapshot/panlex-20191001-csv/5942#83284522>		"لنڈ"@ur	
"wána"@twf	<https://panlex.org/snapshot/panlex-20191001-csv/5942#83284519>				<https://panlex.org/snapshot/panlex-20191001-csv/5942#83284523>		"ششن"@ur	
