"авгусст"@sjd	<https://panlex.org/snapshot/panlex-20191001-csv/5949#85329489>				<https://panlex.org/snapshot/panlex-20191001-csv/5949#85329298>		"ᎦᎶᏂᎢ"@chr	
"мырр"@sjd	<https://panlex.org/snapshot/panlex-20191001-csv/2902#111012047>				<https://panlex.org/snapshot/panlex-20191001-csv/2902#111012141>		"dohiyi"@chr	
"мырр"@sjd	<https://panlex.org/snapshot/panlex-20191001-csv/2902#111012047>				<https://panlex.org/snapshot/panlex-20191001-csv/2902#111011996>		"ᏙᎯᏱ"@chr	
"ня̄льянт-пе̄ййв"@sjd	<https://panlex.org/snapshot/panlex-20191001-csv/2892#110825606>				<https://panlex.org/snapshot/panlex-20191001-csv/2892#110825558>		"nvgine iga"@chr	
"ня̄льянт-пе̄ййв"@sjd	<https://panlex.org/snapshot/panlex-20191001-csv/2892#110825606>				<https://panlex.org/snapshot/panlex-20191001-csv/2892#110825343>		"ᏅᎩᏁ ᎢᎦ"@chr	
"ныммьпоарк"@sjd	<https://panlex.org/snapshot/panlex-20191001-csv/2892#110824464>				<https://panlex.org/snapshot/panlex-20191001-csv/2892#110824584>		"taline iga"@chr	
"ныммьпоарк"@sjd	<https://panlex.org/snapshot/panlex-20191001-csv/2892#110824464>				<https://panlex.org/snapshot/panlex-20191001-csv/2892#110824787>		"ᏔᎵᏁ ᎢᎦ"@chr	
"кӯа̄лмант-пе̄ййв"@sjd	<https://panlex.org/snapshot/panlex-20191001-csv/2892#110825120>				<https://panlex.org/snapshot/panlex-20191001-csv/2892#110824915>		"ᏦᎢᏁ ᎢᎦ"@chr	
"кӯа̄лмант-пе̄ййв"@sjd	<https://panlex.org/snapshot/panlex-20191001-csv/2892#110825120>				<https://panlex.org/snapshot/panlex-20191001-csv/2892#110825028>		"tsoine iga"@chr	
"сӯвведҍ"@sjd	<https://panlex.org/snapshot/panlex-20191001-csv/2892#110826536>				<https://panlex.org/snapshot/panlex-20191001-csv/2892#110826523>		"unadodaquidena"@chr	
"сӯвведҍ"@sjd	<https://panlex.org/snapshot/panlex-20191001-csv/2892#110826536>				<https://panlex.org/snapshot/panlex-20191001-csv/2892#110826362>		"ᎤᎾᏙᏓᏈᏕᎾ"@chr	
"вӯсоаррк"@sjd	<https://panlex.org/snapshot/panlex-20191001-csv/2892#110824181>				<https://panlex.org/snapshot/panlex-20191001-csv/2892#110824100>		"unadodaquonvhi"@chr	
"вӯсоаррк"@sjd	<https://panlex.org/snapshot/panlex-20191001-csv/2892#110824181>				<https://panlex.org/snapshot/panlex-20191001-csv/2892#110824161>		"ᎤᎾᏙᏓᏉᏅᎯ"@chr	
"выдант-пе̄ййв"@sjd	<https://panlex.org/snapshot/panlex-20191001-csv/2892#110825781>				<https://panlex.org/snapshot/panlex-20191001-csv/2892#110825870>		"tsunagilosdi"@chr	
"выдант-пе̄ййв"@sjd	<https://panlex.org/snapshot/panlex-20191001-csv/2892#110825781>				<https://panlex.org/snapshot/panlex-20191001-csv/2892#110825842>		"ᏧᎾᎩᎶᏍᏗ"@chr	
"па̄ссь-пе̄ййв"@sjd	<https://panlex.org/snapshot/panlex-20191001-csv/2892#110826575>				<https://panlex.org/snapshot/panlex-20191001-csv/2892#110826899>		"unadodaquasgv"@chr	
"па̄ссь-пе̄ййв"@sjd	<https://panlex.org/snapshot/panlex-20191001-csv/2892#110826575>				<https://panlex.org/snapshot/panlex-20191001-csv/2892#110826796>		"ᎤᎾᏙᏓᏆᏍᎬ"@chr	
"июннь"@sjd	<https://panlex.org/snapshot/panlex-20191001-csv/2897#110829234>				<https://panlex.org/snapshot/panlex-20191001-csv/2897#110829175>		"dehaluyi"@chr	
"июннь"@sjd	<https://panlex.org/snapshot/panlex-20191001-csv/2897#110829234>				<https://panlex.org/snapshot/panlex-20191001-csv/2897#110829203>		"ᏕᎭᎷᏱ"@chr	
"декабррь"@sjd	<https://panlex.org/snapshot/panlex-20191001-csv/2897#110831585>				<https://panlex.org/snapshot/panlex-20191001-csv/2897#110831945>		"vsgiga"@chr	
"декабррь"@sjd	<https://panlex.org/snapshot/panlex-20191001-csv/2897#110831585>				<https://panlex.org/snapshot/panlex-20191001-csv/2897#110831849>		"ᎥᏍᎩᎦ"@chr	
"маррт"@sjd	<https://panlex.org/snapshot/panlex-20191001-csv/2897#110828122>				<https://panlex.org/snapshot/panlex-20191001-csv/2897#110827952>		"anuyi"@chr	
"маррт"@sjd	<https://panlex.org/snapshot/panlex-20191001-csv/2897#110828122>				<https://panlex.org/snapshot/panlex-20191001-csv/2897#110827917>		"ᎠᏄᏱ"@chr	
"февралль"@sjd	<https://panlex.org/snapshot/panlex-20191001-csv/2897#110827554>				<https://panlex.org/snapshot/panlex-20191001-csv/2897#110827662>		"ᎧᎦᎵ"@chr	
"февралль"@sjd	<https://panlex.org/snapshot/panlex-20191001-csv/2897#110827554>				<https://panlex.org/snapshot/panlex-20191001-csv/2897#110827734>		"kagali"@chr	
"январрь"@sjd	<https://panlex.org/snapshot/panlex-20191001-csv/2897#110827416>				<https://panlex.org/snapshot/panlex-20191001-csv/2897#110827213>		"dunolvtani"@chr	
"январрь"@sjd	<https://panlex.org/snapshot/panlex-20191001-csv/2897#110827416>				<https://panlex.org/snapshot/panlex-20191001-csv/2897#110827265>		"ᏚᏃᎸᏔᏂ"@chr	
"майй"@sjd	<https://panlex.org/snapshot/panlex-20191001-csv/2897#110828983>				<https://panlex.org/snapshot/panlex-20191001-csv/2897#110828741>		"ᎠᎾᎠᎬᏘ"@chr	
"майй"@sjd	<https://panlex.org/snapshot/panlex-20191001-csv/2897#110828983>				<https://panlex.org/snapshot/panlex-20191001-csv/2897#110829053>		"anaagvti"@chr	
"сентябьр"@sjd	<https://panlex.org/snapshot/panlex-20191001-csv/2897#110830537>				<https://panlex.org/snapshot/panlex-20191001-csv/2897#110830317>		"ᏚᎵᎢᏍᏗ"@chr	
"сентябьр"@sjd	<https://panlex.org/snapshot/panlex-20191001-csv/2897#110830537>				<https://panlex.org/snapshot/panlex-20191001-csv/2897#110830440>		"duliisdi"@chr	
"ноябьр"@sjd	<https://panlex.org/snapshot/panlex-20191001-csv/2897#110831263>				<https://panlex.org/snapshot/panlex-20191001-csv/2897#110831545>		"ᏄᏓᏕᏆ"@chr	
"ноябьр"@sjd	<https://panlex.org/snapshot/panlex-20191001-csv/2897#110831263>				<https://panlex.org/snapshot/panlex-20191001-csv/2897#110831178>		"nudadequa"@chr	
"авгусст"@sjd	<https://panlex.org/snapshot/panlex-20191001-csv/2897#110830155>				<https://panlex.org/snapshot/panlex-20191001-csv/2897#110829911>		"ᎦᎶᏂᎢ"@chr	
"авгусст"@sjd	<https://panlex.org/snapshot/panlex-20191001-csv/2897#110830155>				<https://panlex.org/snapshot/panlex-20191001-csv/2897#110830163>		"galonii"@chr	
"апрелль"@sjd	<https://panlex.org/snapshot/panlex-20191001-csv/2897#110828446>				<https://panlex.org/snapshot/panlex-20191001-csv/2897#110828542>		"ᎧᏩᏂ"@chr	
"апрелль"@sjd	<https://panlex.org/snapshot/panlex-20191001-csv/2897#110828446>				<https://panlex.org/snapshot/panlex-20191001-csv/2897#110828258>		"kawani"@chr	
"июлль"@sjd	<https://panlex.org/snapshot/panlex-20191001-csv/2897#110829583>				<https://panlex.org/snapshot/panlex-20191001-csv/2897#110829623>		"guyequoni"@chr	
"июлль"@sjd	<https://panlex.org/snapshot/panlex-20191001-csv/2897#110829583>				<https://panlex.org/snapshot/panlex-20191001-csv/2897#110829709>		"ᎫᏰᏉᏂ"@chr	
"актябьр"@sjd	<https://panlex.org/snapshot/panlex-20191001-csv/2897#110831077>				<https://panlex.org/snapshot/panlex-20191001-csv/2897#110830764>		"ᏚᏂᏅᏗ"@chr	
"актябьр"@sjd	<https://panlex.org/snapshot/panlex-20191001-csv/2897#110831077>				<https://panlex.org/snapshot/panlex-20191001-csv/2897#110831005>		"duninvdi"@chr	
