"canis"@lij	<https://panlex.org/snapshot/panlex-20191001-csv/2129#11694450>				<https://panlex.org/snapshot/panlex-20191001-csv/2129#11694468>		"lupu"@scn	
"psicologia"@lij	<https://panlex.org/snapshot/panlex-20191001-csv/5945#84412321>				<https://panlex.org/snapshot/panlex-20191001-csv/5945#84412346>		"psicoluggìa"@scn	
"travaggio"@lij	<https://panlex.org/snapshot/panlex-20191001-csv/5945#84393853>				<https://panlex.org/snapshot/panlex-20191001-csv/5945#84393877>		"travagghiu"@scn	
"chén"@lij	<https://panlex.org/snapshot/panlex-20191001-csv/5945#84361632>				<https://panlex.org/snapshot/panlex-20191001-csv/5945#84361642>		"cani"@scn	
"rœntgenio"@lij	<https://panlex.org/snapshot/panlex-20191001-csv/5945#84416921>				<https://panlex.org/snapshot/panlex-20191001-csv/5945#84416936>		"roentgeniu"@scn	
"copernicio"@lij	<https://panlex.org/snapshot/panlex-20191001-csv/5945#84369083>				<https://panlex.org/snapshot/panlex-20191001-csv/5945#84369097>		"cupèrniciu"@scn	
"sciura"@lij	<https://panlex.org/snapshot/panlex-20191001-csv/5945#84381330>				<https://panlex.org/snapshot/panlex-20191001-csv/5945#84381349>		"çiuri"@scn	
"sciura"@lij	<https://panlex.org/snapshot/panlex-20191001-csv/5945#84381330>				<https://panlex.org/snapshot/panlex-20191001-csv/5945#84381350>		"ciuri"@scn	
"can"@lij	<https://panlex.org/snapshot/panlex-20191001-csv/5945#84361631>				<https://panlex.org/snapshot/panlex-20191001-csv/5945#84361642>		"cani"@scn	
"franco"@lij	<https://panlex.org/snapshot/panlex-20191001-csv/5945#84394714>				<https://panlex.org/snapshot/panlex-20191001-csv/5945#84394727>		"lìbbiru"@scn	
"ærbǚ"@lij	<https://panlex.org/snapshot/panlex-20191001-csv/5945#84349961>				<https://panlex.org/snapshot/panlex-20191001-csv/5945#84349977>		"àrbulu"@scn	
"laou"@lij	<https://panlex.org/snapshot/panlex-20191001-csv/5945#84393854>				<https://panlex.org/snapshot/panlex-20191001-csv/5945#84393877>		"travagghiu"@scn	
"Organizzaçion de e Naçioin Unïe"@lij	<https://panlex.org/snapshot/panlex-20191001-csv/5940#81285960>				<https://panlex.org/snapshot/panlex-20191001-csv/5940#81285997>		"Nazziuni Uniti"@scn	
"Firense"@lij	<https://panlex.org/snapshot/panlex-20191001-csv/5939#80817764>				<https://panlex.org/snapshot/panlex-20191001-csv/5939#80817782>		"Firenzi"@scn	
"Abrusso"@lij	<https://panlex.org/snapshot/panlex-20191001-csv/5939#80703405>				<https://panlex.org/snapshot/panlex-20191001-csv/5939#80703414>		"Abbruzzu"@scn	
"Belgraddo"@lij	<https://panlex.org/snapshot/panlex-20191001-csv/5939#80749158>				<https://panlex.org/snapshot/panlex-20191001-csv/5939#80749175>		"Belgradu"@scn	
"Zena"@lij	<https://panlex.org/snapshot/panlex-20191001-csv/5939#80834904>				<https://panlex.org/snapshot/panlex-20191001-csv/5939#80834918>		"Gènuva"@scn	
"spegio"@lij	<https://panlex.org/snapshot/panlex-20191001-csv/5946#84446242>				<https://panlex.org/snapshot/panlex-20191001-csv/5946#84446300>		"specchiu"@scn	
"Gabòn"@lij	<https://panlex.org/snapshot/panlex-20191001-csv/5949#85305690>				<https://panlex.org/snapshot/panlex-20191001-csv/5949#85305714>		"Gabon"@scn	
"Hong Kong"@lij	<https://panlex.org/snapshot/panlex-20191001-csv/5949#85306690>				<https://panlex.org/snapshot/panlex-20191001-csv/5949#85306721>		"Hong Kong"@scn	
"Pluton"@lij	<https://panlex.org/snapshot/panlex-20191001-csv/5949#85318475>				<https://panlex.org/snapshot/panlex-20191001-csv/5949#85318494>		"Plutoni"@scn	
"Lettònia"@lij	<https://panlex.org/snapshot/panlex-20191001-csv/5949#85314320>				<https://panlex.org/snapshot/panlex-20191001-csv/5949#85314366>		"Lettunia"@scn	
"Perù"@lij	<https://panlex.org/snapshot/panlex-20191001-csv/5949#85318269>				<https://panlex.org/snapshot/panlex-20191001-csv/5949#85318307>		"Perù"@scn	
"Tanzania"@lij	<https://panlex.org/snapshot/panlex-20191001-csv/5949#85321626>				<https://panlex.org/snapshot/panlex-20191001-csv/5949#85321651>		"Tanzania"@scn	
"Yemen"@lij	<https://panlex.org/snapshot/panlex-20191001-csv/5949#85311013>				<https://panlex.org/snapshot/panlex-20191001-csv/5949#85311043>		"Yemen"@scn	
"Berlin"@lij	<https://panlex.org/snapshot/panlex-20191001-csv/5949#85302473>				<https://panlex.org/snapshot/panlex-20191001-csv/5949#85302522>		"Birlinu"@scn	
"Scingapô"@lij	<https://panlex.org/snapshot/panlex-20191001-csv/5949#85320540>				<https://panlex.org/snapshot/panlex-20191001-csv/5949#85320581>		"Singapura"@scn	
"Gerusalemme"@lij	<https://panlex.org/snapshot/panlex-20191001-csv/5949#85309972>				<https://panlex.org/snapshot/panlex-20191001-csv/5949#85310012>		"Girusalemmi"@scn	
"Pechin"@lij	<https://panlex.org/snapshot/panlex-20191001-csv/5949#85318008>				<https://panlex.org/snapshot/panlex-20191001-csv/5949#85318043>		"Pechinu"@scn	
"Uruguay"@lij	<https://panlex.org/snapshot/panlex-20191001-csv/5949#85322918>				<https://panlex.org/snapshot/panlex-20191001-csv/5949#85322953>		"Uruguai"@scn	
"Bavièra"@lij	<https://panlex.org/snapshot/panlex-20191001-csv/5949#85301208>				<https://panlex.org/snapshot/panlex-20191001-csv/5949#85301237>		"Baviera"@scn	
"Tiblisi"@lij	<https://panlex.org/snapshot/panlex-20191001-csv/5949#85321835>				<https://panlex.org/snapshot/panlex-20191001-csv/5949#85321862>		"Tbilisi"@scn	
"Australia"@lij	<https://panlex.org/snapshot/panlex-20191001-csv/5949#85298172>				<https://panlex.org/snapshot/panlex-20191001-csv/5949#85298217>		"Australia"@scn	
"stöia"@lij	<https://panlex.org/snapshot/panlex-20191001-csv/5942#83282279>				<https://panlex.org/snapshot/panlex-20191001-csv/5942#83282318>		"storia"@scn	
"lengua tedesca"@lij	<https://panlex.org/snapshot/panlex-20191001-csv/405#13624649>				<https://panlex.org/snapshot/panlex-20191001-csv/405#13624678>		"lingua tudisca"@scn	
"lengua olandeise"@lij	<https://panlex.org/snapshot/panlex-20191001-csv/405#13623421>				<https://panlex.org/snapshot/panlex-20191001-csv/405#13623442>		"lingua ulannisa"@scn	
"lengua italiann-a"@lij	<https://panlex.org/snapshot/panlex-20191001-csv/405#13626305>				<https://panlex.org/snapshot/panlex-20191001-csv/405#13626326>		"lingua taliana"@scn	
"lengua ingleise"@lij	<https://panlex.org/snapshot/panlex-20191001-csv/405#13623632>				<https://panlex.org/snapshot/panlex-20191001-csv/405#13623666>		"lingua ngrisa"@scn	
"lengua galleise"@lij	<https://panlex.org/snapshot/panlex-20191001-csv/405#13633826>				<https://panlex.org/snapshot/panlex-20191001-csv/405#13633843>		"lingua gallisa"@scn	
"lengua aragoneise"@lij	<https://panlex.org/snapshot/panlex-20191001-csv/405#13624921>				<https://panlex.org/snapshot/panlex-20191001-csv/405#13624945>		"lingua greca"@scn	
"lengua sarda"@lij	<https://panlex.org/snapshot/panlex-20191001-csv/405#13631093>				<https://panlex.org/snapshot/panlex-20191001-csv/405#13631104>		"lingua sarda"@scn	
"lengua portugheise"@lij	<https://panlex.org/snapshot/panlex-20191001-csv/405#13630254>				<https://panlex.org/snapshot/panlex-20191001-csv/405#13630274>		"lingua portughisa"@scn	
"lengua croata"@lij	<https://panlex.org/snapshot/panlex-20191001-csv/405#13623029>				<https://panlex.org/snapshot/panlex-20191001-csv/405#13623043>		"lingua croata"@scn	
"lengua yiddish"@lij	<https://panlex.org/snapshot/panlex-20191001-csv/405#13634014>				<https://panlex.org/snapshot/panlex-20191001-csv/405#13634027>		"lingua yiddish"@scn	
"lengua norvegeise"@lij	<https://panlex.org/snapshot/panlex-20191001-csv/405#13629346>				<https://panlex.org/snapshot/panlex-20191001-csv/405#13629361>		"lingua norviggisa"@scn	
"lengua ebraica"@lij	<https://panlex.org/snapshot/panlex-20191001-csv/405#13625263>				<https://panlex.org/snapshot/panlex-20191001-csv/405#13625290>		"lingua àrabba"@scn	
"lengua ebraica"@lij	<https://panlex.org/snapshot/panlex-20191001-csv/405#13625263>				<https://panlex.org/snapshot/panlex-20191001-csv/405#13625280>		"lingua abbràica"@scn	
"lengua serba"@lij	<https://panlex.org/snapshot/panlex-20191001-csv/405#13631325>				<https://panlex.org/snapshot/panlex-20191001-csv/405#13631339>		"lingua serba"@scn	
"lengua àraba"@lij	<https://panlex.org/snapshot/panlex-20191001-csv/405#13620842>				<https://panlex.org/snapshot/panlex-20191001-csv/405#13620865>		"lingua àrabba"@scn	
"lengua maçedone"@lij	<https://panlex.org/snapshot/panlex-20191001-csv/405#13628013>				<https://panlex.org/snapshot/panlex-20191001-csv/405#13628025>		"lingua macèdoni"@scn	
"lengua amharica"@lij	<https://panlex.org/snapshot/panlex-20191001-csv/405#13626317>				<https://panlex.org/snapshot/panlex-20191001-csv/405#13626326>		"lingua taliana"@scn	
"lengua bretone"@lij	<https://panlex.org/snapshot/panlex-20191001-csv/405#13622061>				<https://panlex.org/snapshot/panlex-20191001-csv/405#13622078>		"lingua brètuni"@scn	
"lengua veneta"@lij	<https://panlex.org/snapshot/panlex-20191001-csv/405#13633557>				<https://panlex.org/snapshot/panlex-20191001-csv/405#13633568>		"lingua vènita"@scn	
"lengua latinn-a"@lij	<https://panlex.org/snapshot/panlex-20191001-csv/405#13627496>				<https://panlex.org/snapshot/panlex-20191001-csv/405#13627523>		"lingua latina"@scn	
"lengua romenn-a"@lij	<https://panlex.org/snapshot/panlex-20191001-csv/405#13630554>				<https://panlex.org/snapshot/panlex-20191001-csv/405#13630572>		"lingua rumena"@scn	
"lengua spagnòlla"@lij	<https://panlex.org/snapshot/panlex-20191001-csv/405#13632091>				<https://panlex.org/snapshot/panlex-20191001-csv/405#13632118>		"lingua spagnola"@scn	
"lengua siciliann-a"@lij	<https://panlex.org/snapshot/panlex-20191001-csv/405#13631494>				<https://panlex.org/snapshot/panlex-20191001-csv/405#13631504>		"lingua siciliana"@scn	
"lengua corsa"@lij	<https://panlex.org/snapshot/panlex-20191001-csv/405#13622923>				<https://panlex.org/snapshot/panlex-20191001-csv/405#13622936>		"lingua corsa"@scn	
"lengua islandeise"@lij	<https://panlex.org/snapshot/panlex-20191001-csv/405#13625653>				<https://panlex.org/snapshot/panlex-20191001-csv/405#13625667>		"lingua islannisa"@scn	
"lengua polacca"@lij	<https://panlex.org/snapshot/panlex-20191001-csv/405#13630162>				<https://panlex.org/snapshot/panlex-20191001-csv/405#13630181>		"lingua pulacca"@scn	
"lengua napoletann-a"@lij	<https://panlex.org/snapshot/panlex-20191001-csv/405#13629011>				<https://panlex.org/snapshot/panlex-20191001-csv/405#13629020>		"lingua napulitana"@scn	
"lengua franco-provensâ"@lij	<https://panlex.org/snapshot/panlex-20191001-csv/405#13624189>				<https://panlex.org/snapshot/panlex-20191001-csv/405#13624197>		"Arpitanu"@scn	
"lengua afrikaans"@lij	<https://panlex.org/snapshot/panlex-20191001-csv/405#13620293>				<https://panlex.org/snapshot/panlex-20191001-csv/405#13620309>		"Afrikaans"@scn	
"lengua græca"@lij	<https://panlex.org/snapshot/panlex-20191001-csv/405#13624925>				<https://panlex.org/snapshot/panlex-20191001-csv/405#13624945>		"lingua greca"@scn	
"lengua françèise"@lij	<https://panlex.org/snapshot/panlex-20191001-csv/405#13624285>				<https://panlex.org/snapshot/panlex-20191001-csv/405#13624315>		"lingua francisa"@scn	
"fixica"@lij	<https://panlex.org/snapshot/panlex-20191001-csv/2904#111024007>				<https://panlex.org/snapshot/panlex-20191001-csv/2904#111024073>		"fìsica"@scn	
"matematica"@lij	<https://panlex.org/snapshot/panlex-20191001-csv/2904#111023333>				<https://panlex.org/snapshot/panlex-20191001-csv/2904#111023481>		"matimàtica"@scn	
"biologia"@lij	<https://panlex.org/snapshot/panlex-20191001-csv/2904#111022326>				<https://panlex.org/snapshot/panlex-20191001-csv/2904#111022238>		"bioluggìa"@scn	
"architettua"@lij	<https://panlex.org/snapshot/panlex-20191001-csv/2904#111021822>				<https://panlex.org/snapshot/panlex-20191001-csv/2904#111021776>		"architittura"@scn	
"astrònomia"@lij	<https://panlex.org/snapshot/panlex-20191001-csv/2904#111022098>				<https://panlex.org/snapshot/panlex-20191001-csv/2904#111022117>		"astronumìa"@scn	
"stöia"@lij	<https://panlex.org/snapshot/panlex-20191001-csv/2904#111022920>				<https://panlex.org/snapshot/panlex-20191001-csv/2904#111022841>		"storia"@scn	
"chimica"@lij	<https://panlex.org/snapshot/panlex-20191001-csv/2904#111022477>				<https://panlex.org/snapshot/panlex-20191001-csv/2904#111022376>		"chìmica"@scn	
"filosofia"@lij	<https://panlex.org/snapshot/panlex-20191001-csv/2904#111023896>				<https://panlex.org/snapshot/panlex-20191001-csv/2904#111023769>		"filusufìa"@scn	
"geògrafia"@lij	<https://panlex.org/snapshot/panlex-20191001-csv/2904#111022756>				<https://panlex.org/snapshot/panlex-20191001-csv/2904#111022760>		"giografìa"@scn	
"sciensa"@lij	<https://panlex.org/snapshot/panlex-20191001-csv/2904#111024327>				<https://panlex.org/snapshot/panlex-20191001-csv/2904#111024417>		"scienza"@scn	
"paxe"@lij	<https://panlex.org/snapshot/panlex-20191001-csv/2902#111012345>				<https://panlex.org/snapshot/panlex-20191001-csv/2902#111012053>		"paci"@scn	
"Mâ Mediterraneo"@lij	<https://panlex.org/snapshot/panlex-20191001-csv/2905#110870296>				<https://panlex.org/snapshot/panlex-20191001-csv/2905#110870374>		"Mari Meditirràniu"@scn	
"Giove"@lij	<https://panlex.org/snapshot/panlex-20191001-csv/2907#110846485>				<https://panlex.org/snapshot/panlex-20191001-csv/2907#110846350>		"Giovi"@scn	
"Pluton"@lij	<https://panlex.org/snapshot/panlex-20191001-csv/2907#110847211>				<https://panlex.org/snapshot/panlex-20191001-csv/2907#110847344>		"Plutoni"@scn	
"Tæra"@lij	<https://panlex.org/snapshot/panlex-20191001-csv/2907#110845526>				<https://panlex.org/snapshot/panlex-20191001-csv/2907#110845648>		"Terra"@scn	
"Uran"@lij	<https://panlex.org/snapshot/panlex-20191001-csv/2907#110846852>				<https://panlex.org/snapshot/panlex-20191001-csv/2907#110846785>		"Uranu"@scn	
"Eris"@lij	<https://panlex.org/snapshot/panlex-20191001-csv/2907#110847796>				<https://panlex.org/snapshot/panlex-20191001-csv/2907#110847825>		"Eris"@scn	
"Makemake"@lij	<https://panlex.org/snapshot/panlex-20191001-csv/2907#110847712>				<https://panlex.org/snapshot/panlex-20191001-csv/2907#110847728>		"Makemake"@scn	
"Luna"@lij	<https://panlex.org/snapshot/panlex-20191001-csv/2907#110845785>				<https://panlex.org/snapshot/panlex-20191001-csv/2907#110845787>		"Luna"@scn	
"Satûrno"@lij	<https://panlex.org/snapshot/panlex-20191001-csv/2907#110846588>				<https://panlex.org/snapshot/panlex-20191001-csv/2907#110846657>		"Saturnu"@scn	
"Cerere"@lij	<https://panlex.org/snapshot/panlex-20191001-csv/2907#110846289>				<https://panlex.org/snapshot/panlex-20191001-csv/2907#110846278>		"Cèriri"@scn	
"Marte"@lij	<https://panlex.org/snapshot/panlex-20191001-csv/2907#110846143>				<https://panlex.org/snapshot/panlex-20191001-csv/2907#110846089>		"Marti"@scn	
"Sô"@lij	<https://panlex.org/snapshot/panlex-20191001-csv/2907#110844973>				<https://panlex.org/snapshot/panlex-20191001-csv/2907#110845022>		"Suli"@scn	
"Scistema Soâ"@lij	<https://panlex.org/snapshot/panlex-20191001-csv/2907#110848281>				<https://panlex.org/snapshot/panlex-20191001-csv/2907#110848146>		"Sistema sulari"@scn	
"pianeta nan"@lij	<https://panlex.org/snapshot/panlex-20191001-csv/2907#110848130>				<https://panlex.org/snapshot/panlex-20191001-csv/2907#110848108>		"pianeta nanu"@scn	
"Haumea"@lij	<https://panlex.org/snapshot/panlex-20191001-csv/2907#110847464>				<https://panlex.org/snapshot/panlex-20191001-csv/2907#110847451>		"Haumea"@scn	
"Mercuio"@lij	<https://panlex.org/snapshot/panlex-20191001-csv/2907#110845160>				<https://panlex.org/snapshot/panlex-20191001-csv/2907#110845072>		"Mircuriu"@scn	
"Venere"@lij	<https://panlex.org/snapshot/panlex-20191001-csv/2907#110845497>				<https://panlex.org/snapshot/panlex-20191001-csv/2907#110845387>		"Veniri"@scn	
"Nettun"@lij	<https://panlex.org/snapshot/panlex-20191001-csv/2907#110847151>				<https://panlex.org/snapshot/panlex-20191001-csv/2907#110847005>		"Nettunu"@scn	
"Oçeano Paciffigo"@lij	<https://panlex.org/snapshot/panlex-20191001-csv/2901#110867917>				<https://panlex.org/snapshot/panlex-20191001-csv/2901#110868095>		"Ocèanu Pacìficu"@scn	
"Oçeano Atlantico"@lij	<https://panlex.org/snapshot/panlex-20191001-csv/2901#110867588>				<https://panlex.org/snapshot/panlex-20191001-csv/2901#110867469>		"Ocèanu Atlànticu"@scn	
"Dublin"@lij	<https://panlex.org/snapshot/panlex-20191001-csv/10#766116>				<https://panlex.org/snapshot/panlex-20191001-csv/10#766133>		"Dublinu"@scn	
"Piemonte"@lij	<https://panlex.org/snapshot/panlex-20191001-csv/10#782563>				<https://panlex.org/snapshot/panlex-20191001-csv/10#782575>		"Piemunti"@scn	
"Liguria"@lij	<https://panlex.org/snapshot/panlex-20191001-csv/10#783104>				<https://panlex.org/snapshot/panlex-20191001-csv/10#783116>		"Liguria"@scn	
"Lega Àraba"@lij	<https://panlex.org/snapshot/panlex-20191001-csv/2894#111100965>				<https://panlex.org/snapshot/panlex-20191001-csv/2894#111100846>		"Liga Àrabba"@scn	
"Lega Àraba"@lij	<https://panlex.org/snapshot/panlex-20191001-csv/2894#111100965>				<https://panlex.org/snapshot/panlex-20191001-csv/2894#111100861>		"Liga dî Stati Àrabbi"@scn	
"Organizzaçion de e Naçioin Unïe"@lij	<https://panlex.org/snapshot/panlex-20191001-csv/2894#111102117>				<https://panlex.org/snapshot/panlex-20191001-csv/2894#111102025>		"ONU"@scn	
"Organizzaçion de e Naçioin Unïe"@lij	<https://panlex.org/snapshot/panlex-20191001-csv/2894#111102117>				<https://panlex.org/snapshot/panlex-20191001-csv/2894#111101887>		"Urganizzazzioni dî Nazzioni Uniti"@scn	
"Uniùn Europea"@lij	<https://panlex.org/snapshot/panlex-20191001-csv/2894#111100287>				<https://panlex.org/snapshot/panlex-20191001-csv/2894#111100251>		"EU"@scn	
"Uniùn Europea"@lij	<https://panlex.org/snapshot/panlex-20191001-csv/2894#111100287>				<https://panlex.org/snapshot/panlex-20191001-csv/2894#111100431>		"Unioni Europea"@scn	
"UE"@lij	<https://panlex.org/snapshot/panlex-20191001-csv/2894#111100189>				<https://panlex.org/snapshot/panlex-20191001-csv/2894#111100251>		"EU"@scn	
"UE"@lij	<https://panlex.org/snapshot/panlex-20191001-csv/2894#111100189>				<https://panlex.org/snapshot/panlex-20191001-csv/2894#111100431>		"Unioni Europea"@scn	
"Organizzaçiûn de e Naçiuni Uniïe pe l’Educasiûn, a Sciença e a Côltua"@lij	<https://panlex.org/snapshot/panlex-20191001-csv/2894#111102206>				<https://panlex.org/snapshot/panlex-20191001-csv/2894#111102179>		"Organizzazzioni dî Nazzioni Uniti pi l’Aducazioni, la Scienza e la Curtura"@scn	
"Assoçiaçion de i Stati do Sud Est de l’Asia"@lij	<https://panlex.org/snapshot/panlex-20191001-csv/2894#111099793>				<https://panlex.org/snapshot/panlex-20191001-csv/2894#111099696>		"Associazzioni dî Nazzioni di l’Asia Sud-Est"@scn	
"zœggia"@lij	<https://panlex.org/snapshot/panlex-20191001-csv/2892#110825550>				<https://panlex.org/snapshot/panlex-20191001-csv/2892#110825562>		"jovi"@scn	
"zœggia"@lij	<https://panlex.org/snapshot/panlex-20191001-csv/2892#110825550>				<https://panlex.org/snapshot/panlex-20191001-csv/2892#110825304>		"jovidìa"@scn	
"lûnedí"@lij	<https://panlex.org/snapshot/panlex-20191001-csv/2892#110824292>				<https://panlex.org/snapshot/panlex-20191001-csv/2892#110824289>		"luni"@scn	
"lûnedí"@lij	<https://panlex.org/snapshot/panlex-20191001-csv/2892#110824292>				<https://panlex.org/snapshot/panlex-20191001-csv/2892#110824260>		"lunidìa"@scn	
"sabbu"@lij	<https://panlex.org/snapshot/panlex-20191001-csv/2892#110826506>				<https://panlex.org/snapshot/panlex-20191001-csv/2892#110826569>		"sabbatudìa"@scn	
"sabbu"@lij	<https://panlex.org/snapshot/panlex-20191001-csv/2892#110826506>				<https://panlex.org/snapshot/panlex-20191001-csv/2892#110826483>		"sàbbatu"@scn	
"venardí"@lij	<https://panlex.org/snapshot/panlex-20191001-csv/2892#110825785>				<https://panlex.org/snapshot/panlex-20191001-csv/2892#110825891>		"venniridìa"@scn	
"venardí"@lij	<https://panlex.org/snapshot/panlex-20191001-csv/2892#110825785>				<https://panlex.org/snapshot/panlex-20191001-csv/2892#110825799>		"vènniri"@scn	
"martedí"@lij	<https://panlex.org/snapshot/panlex-20191001-csv/2892#110824731>				<https://panlex.org/snapshot/panlex-20191001-csv/2892#110824732>		"martidìa"@scn	
"martedí"@lij	<https://panlex.org/snapshot/panlex-20191001-csv/2892#110824731>				<https://panlex.org/snapshot/panlex-20191001-csv/2892#110824566>		"marti"@scn	
"merculedí"@lij	<https://panlex.org/snapshot/panlex-20191001-csv/2892#110825227>				<https://panlex.org/snapshot/panlex-20191001-csv/2892#110824960>		"mercuridìa"@scn	
"merculedí"@lij	<https://panlex.org/snapshot/panlex-20191001-csv/2892#110825227>				<https://panlex.org/snapshot/panlex-20191001-csv/2892#110825248>		"mèrcuri"@scn	
"duménnega"@lij	<https://panlex.org/snapshot/panlex-20191001-csv/2892#110826846>				<https://panlex.org/snapshot/panlex-20191001-csv/2892#110826848>		"duminicadìa"@scn	
"duménnega"@lij	<https://panlex.org/snapshot/panlex-20191001-csv/2892#110826846>				<https://panlex.org/snapshot/panlex-20191001-csv/2892#110826863>		"dumìnica"@scn	
"agustu"@lij	<https://panlex.org/snapshot/panlex-20191001-csv/2897#110830008>				<https://panlex.org/snapshot/panlex-20191001-csv/2897#110829940>		"austu"@scn	
"dexembre"@lij	<https://panlex.org/snapshot/panlex-20191001-csv/2897#110831868>				<https://panlex.org/snapshot/panlex-20191001-csv/2897#110831954>		"dicèmmiru"@scn	
"settembre"@lij	<https://panlex.org/snapshot/panlex-20191001-csv/2897#110830551>				<https://panlex.org/snapshot/panlex-20191001-csv/2897#110830453>		"sittèmmiru"@scn	
"nuvembre"@lij	<https://panlex.org/snapshot/panlex-20191001-csv/2897#110831443>				<https://panlex.org/snapshot/panlex-20191001-csv/2897#110831332>		"nuvèmmiru"@scn	
"mazzu"@lij	<https://panlex.org/snapshot/panlex-20191001-csv/2897#110828999>				<https://panlex.org/snapshot/panlex-20191001-csv/2897#110829066>		"maiu"@scn	
"zûgnu"@lij	<https://panlex.org/snapshot/panlex-20191001-csv/2897#110829275>				<https://panlex.org/snapshot/panlex-20191001-csv/2897#110829409>		"giugnu"@scn	
"marsu"@lij	<https://panlex.org/snapshot/panlex-20191001-csv/2897#110828068>				<https://panlex.org/snapshot/panlex-20191001-csv/2897#110828199>		"marzu"@scn	
"arví"@lij	<https://panlex.org/snapshot/panlex-20191001-csv/2897#110828438>				<https://panlex.org/snapshot/panlex-20191001-csv/2897#110828479>		"aprili"@scn	
"lûggiu"@lij	<https://panlex.org/snapshot/panlex-20191001-csv/2897#110829800>				<https://panlex.org/snapshot/panlex-20191001-csv/2897#110829509>		"giugnettu"@scn	
"frevá"@lij	<https://panlex.org/snapshot/panlex-20191001-csv/2897#110827673>				<https://panlex.org/snapshot/panlex-20191001-csv/2897#110827535>		"frivaru"@scn	
"ottubre"@lij	<https://panlex.org/snapshot/panlex-20191001-csv/2897#110830887>				<https://panlex.org/snapshot/panlex-20191001-csv/2897#110831086>		"uttùviru"@scn	
"zenná"@lij	<https://panlex.org/snapshot/panlex-20191001-csv/2897#110827375>				<https://panlex.org/snapshot/panlex-20191001-csv/2897#110827070>		"jinnaru"@scn	
