"Organizzaçion de e Naçioin Unïe"@lij	<https://panlex.org/snapshot/panlex-20191001-csv/5940#81285960>				<https://panlex.org/snapshot/panlex-20191001-csv/5940#81285950>		"Лъэпкъ Зэгуэтхэр, ЛъЗ"@kbd	
"Filippinn-e"@lij	<https://panlex.org/snapshot/panlex-20191001-csv/5949#85323365>				<https://panlex.org/snapshot/panlex-20191001-csv/5949#85323356>		"Филипинхэр"@kbd	
"Berlin"@lij	<https://panlex.org/snapshot/panlex-20191001-csv/5949#85302473>				<https://panlex.org/snapshot/panlex-20191001-csv/5949#85302459>		"Берлин"@kbd	
"Tiblisi"@lij	<https://panlex.org/snapshot/panlex-20191001-csv/5949#85321835>				<https://panlex.org/snapshot/panlex-20191001-csv/5949#85321826>		"Тбилиси"@kbd	
"fixica"@lij	<https://panlex.org/snapshot/panlex-20191001-csv/2904#111024007>				<https://panlex.org/snapshot/panlex-20191001-csv/2904#111024056>		"физикэ"@kbd	
"matematica"@lij	<https://panlex.org/snapshot/panlex-20191001-csv/2904#111023333>				<https://panlex.org/snapshot/panlex-20191001-csv/2904#111023509>		"математикэ"@kbd	
"biologia"@lij	<https://panlex.org/snapshot/panlex-20191001-csv/2904#111022326>				<https://panlex.org/snapshot/panlex-20191001-csv/2904#111022167>		"биологиэ"@kbd	
"architettua"@lij	<https://panlex.org/snapshot/panlex-20191001-csv/2904#111021822>				<https://panlex.org/snapshot/panlex-20191001-csv/2904#111021841>		"аркитектурэ"@kbd	
"astrònomia"@lij	<https://panlex.org/snapshot/panlex-20191001-csv/2904#111022098>				<https://panlex.org/snapshot/panlex-20191001-csv/2904#111022123>		"астрономиэ"@kbd	
"stöia"@lij	<https://panlex.org/snapshot/panlex-20191001-csv/2904#111022920>				<https://panlex.org/snapshot/panlex-20191001-csv/2904#111023005>		"тхыдэ"@kbd	
"chimica"@lij	<https://panlex.org/snapshot/panlex-20191001-csv/2904#111022477>				<https://panlex.org/snapshot/panlex-20191001-csv/2904#111022540>		"химиэ"@kbd	
"filosofia"@lij	<https://panlex.org/snapshot/panlex-20191001-csv/2904#111023896>				<https://panlex.org/snapshot/panlex-20191001-csv/2904#111023793>		"философиэ"@kbd	
"geògrafia"@lij	<https://panlex.org/snapshot/panlex-20191001-csv/2904#111022756>				<https://panlex.org/snapshot/panlex-20191001-csv/2904#111022582>		"хэкумэтх"@kbd	
"sciensa"@lij	<https://panlex.org/snapshot/panlex-20191001-csv/2904#111024327>				<https://panlex.org/snapshot/panlex-20191001-csv/2904#111024390>		"щӏэныгъэ"@kbd	
"Mâ Mediterraneo"@lij	<https://panlex.org/snapshot/panlex-20191001-csv/2905#110870296>				<https://panlex.org/snapshot/panlex-20191001-csv/2905#110870448>		"Щӏылъэку хы"@kbd	
"Giove"@lij	<https://panlex.org/snapshot/panlex-20191001-csv/2907#110846485>				<https://panlex.org/snapshot/panlex-20191001-csv/2907#110846527>		"Юпитер"@kbd	
"Pluton"@lij	<https://panlex.org/snapshot/panlex-20191001-csv/2907#110847211>				<https://panlex.org/snapshot/panlex-20191001-csv/2907#110847267>		"Плутон"@kbd	
"Tæra"@lij	<https://panlex.org/snapshot/panlex-20191001-csv/2907#110845526>				<https://panlex.org/snapshot/panlex-20191001-csv/2907#110845656>		"Щӏы"@kbd	
"Uran"@lij	<https://panlex.org/snapshot/panlex-20191001-csv/2907#110846852>				<https://panlex.org/snapshot/panlex-20191001-csv/2907#110846795>		"Уран"@kbd	
"Eris"@lij	<https://panlex.org/snapshot/panlex-20191001-csv/2907#110847796>				<https://panlex.org/snapshot/panlex-20191001-csv/2907#110847868>		"Эридэ"@kbd	
"Makemake"@lij	<https://panlex.org/snapshot/panlex-20191001-csv/2907#110847712>				<https://panlex.org/snapshot/panlex-20191001-csv/2907#110847654>		"Макемаке"@kbd	
"Luna"@lij	<https://panlex.org/snapshot/panlex-20191001-csv/2907#110845785>				<https://panlex.org/snapshot/panlex-20191001-csv/2907#110845748>		"Мазэ"@kbd	
"Satûrno"@lij	<https://panlex.org/snapshot/panlex-20191001-csv/2907#110846588>				<https://panlex.org/snapshot/panlex-20191001-csv/2907#110846720>		"Сатурн"@kbd	
"Cerere"@lij	<https://panlex.org/snapshot/panlex-20191001-csv/2907#110846289>				<https://panlex.org/snapshot/panlex-20191001-csv/2907#110846312>		"Церерэ"@kbd	
"Marte"@lij	<https://panlex.org/snapshot/panlex-20191001-csv/2907#110846143>				<https://panlex.org/snapshot/panlex-20191001-csv/2907#110845977>		"Марс"@kbd	
"Sô"@lij	<https://panlex.org/snapshot/panlex-20191001-csv/2907#110844973>				<https://panlex.org/snapshot/panlex-20191001-csv/2907#110844951>		"Дыгъэ"@kbd	
"Haumea"@lij	<https://panlex.org/snapshot/panlex-20191001-csv/2907#110847464>				<https://panlex.org/snapshot/panlex-20191001-csv/2907#110847448>		"Хаумеа"@kbd	
"Mercuio"@lij	<https://panlex.org/snapshot/panlex-20191001-csv/2907#110845160>				<https://panlex.org/snapshot/panlex-20191001-csv/2907#110845152>		"Меркурий"@kbd	
"Venere"@lij	<https://panlex.org/snapshot/panlex-20191001-csv/2907#110845497>				<https://panlex.org/snapshot/panlex-20191001-csv/2907#110845487>		"Венерэ"@kbd	
"Nettun"@lij	<https://panlex.org/snapshot/panlex-20191001-csv/2907#110847151>				<https://panlex.org/snapshot/panlex-20191001-csv/2907#110847157>		"Нептун"@kbd	
"Oçeano Paciffigo"@lij	<https://panlex.org/snapshot/panlex-20191001-csv/2901#110867917>				<https://panlex.org/snapshot/panlex-20191001-csv/2901#110868123>		"Щэху хышхуэ"@kbd	
"Oçeano Atlantico"@lij	<https://panlex.org/snapshot/panlex-20191001-csv/2901#110867588>				<https://panlex.org/snapshot/panlex-20191001-csv/2901#110867427>		"Атлантикэ хышхуэ"@kbd	
"Lega Àraba"@lij	<https://panlex.org/snapshot/panlex-20191001-csv/2894#111100965>				<https://panlex.org/snapshot/panlex-20191001-csv/2894#111100954>		"Хьэрып къэралхэм я лъэпкъыгъуэ"@kbd	
"Organizzaçion de e Naçioin Unïe"@lij	<https://panlex.org/snapshot/panlex-20191001-csv/2894#111102117>				<https://panlex.org/snapshot/panlex-20191001-csv/2894#111101958>		"Лъэпкъ Зэгуэтхэр"@kbd	
"Uniùn Europea"@lij	<https://panlex.org/snapshot/panlex-20191001-csv/2894#111100287>				<https://panlex.org/snapshot/panlex-20191001-csv/2894#111100355>		"Еуропэ Зэгуэт"@kbd	
"UE"@lij	<https://panlex.org/snapshot/panlex-20191001-csv/2894#111100189>				<https://panlex.org/snapshot/panlex-20191001-csv/2894#111100355>		"Еуропэ Зэгуэт"@kbd	
"Organizzaçiûn de e Naçiuni Uniïe pe l’Educasiûn, a Sciença e a Côltua"@lij	<https://panlex.org/snapshot/panlex-20191001-csv/2894#111102206>				<https://panlex.org/snapshot/panlex-20191001-csv/2894#111102135>		"Лъэпкъ Зэгуэт Организациэ еджэныгъэм, шъэныгъэм, културэм пылъ"@kbd	
"zœggia"@lij	<https://panlex.org/snapshot/panlex-20191001-csv/2892#110825550>				<https://panlex.org/snapshot/panlex-20191001-csv/2892#110825671>		"мэхуэку"@kbd	
"lûnedí"@lij	<https://panlex.org/snapshot/panlex-20191001-csv/2892#110824292>				<https://panlex.org/snapshot/panlex-20191001-csv/2892#110824040>		"блыщхьэ"@kbd	
"sabbu"@lij	<https://panlex.org/snapshot/panlex-20191001-csv/2892#110826506>				<https://panlex.org/snapshot/panlex-20191001-csv/2892#110826505>		"щэбэт"@kbd	
"venardí"@lij	<https://panlex.org/snapshot/panlex-20191001-csv/2892#110825785>				<https://panlex.org/snapshot/panlex-20191001-csv/2892#110826103>		"мэрем"@kbd	
"martedí"@lij	<https://panlex.org/snapshot/panlex-20191001-csv/2892#110824731>				<https://panlex.org/snapshot/panlex-20191001-csv/2892#110824760>		"гъубж"@kbd	
"merculedí"@lij	<https://panlex.org/snapshot/panlex-20191001-csv/2892#110825227>				<https://panlex.org/snapshot/panlex-20191001-csv/2892#110824973>		"бэрэжьей"@kbd	
"duménnega"@lij	<https://panlex.org/snapshot/panlex-20191001-csv/2892#110826846>				<https://panlex.org/snapshot/panlex-20191001-csv/2892#110826601>		"тхьэмахуэ"@kbd	
"agustu"@lij	<https://panlex.org/snapshot/panlex-20191001-csv/2897#110830008>				<https://panlex.org/snapshot/panlex-20191001-csv/2897#110830030>		"август"@kbd	
"dexembre"@lij	<https://panlex.org/snapshot/panlex-20191001-csv/2897#110831868>				<https://panlex.org/snapshot/panlex-20191001-csv/2897#110831623>		"декабрь"@kbd	
"settembre"@lij	<https://panlex.org/snapshot/panlex-20191001-csv/2897#110830551>				<https://panlex.org/snapshot/panlex-20191001-csv/2897#110830436>		"сентябрь"@kbd	
"nuvembre"@lij	<https://panlex.org/snapshot/panlex-20191001-csv/2897#110831443>				<https://panlex.org/snapshot/panlex-20191001-csv/2897#110831237>		"ноябрь"@kbd	
"mazzu"@lij	<https://panlex.org/snapshot/panlex-20191001-csv/2897#110828999>				<https://panlex.org/snapshot/panlex-20191001-csv/2897#110828718>		"май"@kbd	
"zûgnu"@lij	<https://panlex.org/snapshot/panlex-20191001-csv/2897#110829275>				<https://panlex.org/snapshot/panlex-20191001-csv/2897#110829086>		"июнь"@kbd	
"marsu"@lij	<https://panlex.org/snapshot/panlex-20191001-csv/2897#110828068>				<https://panlex.org/snapshot/panlex-20191001-csv/2897#110828114>		"март"@kbd	
"arví"@lij	<https://panlex.org/snapshot/panlex-20191001-csv/2897#110828438>				<https://panlex.org/snapshot/panlex-20191001-csv/2897#110828408>		"апрель"@kbd	
"lûggiu"@lij	<https://panlex.org/snapshot/panlex-20191001-csv/2897#110829800>				<https://panlex.org/snapshot/panlex-20191001-csv/2897#110829749>		"июль"@kbd	
"frevá"@lij	<https://panlex.org/snapshot/panlex-20191001-csv/2897#110827673>				<https://panlex.org/snapshot/panlex-20191001-csv/2897#110827854>		"февраль"@kbd	
"ottubre"@lij	<https://panlex.org/snapshot/panlex-20191001-csv/2897#110830887>				<https://panlex.org/snapshot/panlex-20191001-csv/2897#110830811>		"октябрь"@kbd	
"zenná"@lij	<https://panlex.org/snapshot/panlex-20191001-csv/2897#110827375>				<https://panlex.org/snapshot/panlex-20191001-csv/2897#110827322>		"январь"@kbd	
