"maa"@plj	<https://panlex.org/snapshot/panlex-20191001-csv/1573#50085804>				<https://panlex.org/snapshot/panlex-20191001-csv/1573#50085660>		"dour"@br	
"koroŋ"@plj	<https://panlex.org/snapshot/panlex-20191001-csv/1573#50085559>				<https://panlex.org/snapshot/panlex-20191001-csv/1573#50085421>		"grotenn"@br	
"goŋ"@plj	<https://panlex.org/snapshot/panlex-20191001-csv/1573#50083698>				<https://panlex.org/snapshot/panlex-20191001-csv/1573#50083469>		"krec’h"@br	
"goŋ"@plj	<https://panlex.org/snapshot/panlex-20191001-csv/1573#50083698>				<https://panlex.org/snapshot/panlex-20191001-csv/1573#50083470>		"menez"@br	
"daasə"@plj	<https://panlex.org/snapshot/panlex-20191001-csv/1573#50084371>				<https://panlex.org/snapshot/panlex-20191001-csv/1573#50084164>		"park"@br	
"daasə"@plj	<https://panlex.org/snapshot/panlex-20191001-csv/1573#50084371>				<https://panlex.org/snapshot/panlex-20191001-csv/1573#50084165>		"plenenn"@br	
"tapga maa"@plj	<https://panlex.org/snapshot/panlex-20191001-csv/1573#50086046>				<https://panlex.org/snapshot/panlex-20191001-csv/1573#50085921>		"mor"@br	
"yətər raŋ"@plj	<https://panlex.org/snapshot/panlex-20191001-csv/1573#50086240>				<https://panlex.org/snapshot/panlex-20191001-csv/1573#50086139>		"kalm"@br	
"ruŋ"@plj	<https://panlex.org/snapshot/panlex-20191001-csv/1573#50082785>				<https://panlex.org/snapshot/panlex-20191001-csv/1573#50082629>		"poultr"@br	
"ruŋ"@plj	<https://panlex.org/snapshot/panlex-20191001-csv/1573#50082785>				<https://panlex.org/snapshot/panlex-20191001-csv/1573#50082628>		"poucher"@br	
"leyam"@plj	<https://panlex.org/snapshot/panlex-20191001-csv/1573#50091198>				<https://panlex.org/snapshot/panlex-20191001-csv/1573#50091061>		"oabl"@br	
"leyam"@plj	<https://panlex.org/snapshot/panlex-20191001-csv/1573#50091198>				<https://panlex.org/snapshot/panlex-20191001-csv/1573#50091060>		"neɲv"@br	
"ndwap"@plj	<https://panlex.org/snapshot/panlex-20191001-csv/1573#50083086>				<https://panlex.org/snapshot/panlex-20191001-csv/1573#50082904>		"fank"@br	
"ɗwaarə"@plj	<https://panlex.org/snapshot/panlex-20191001-csv/1573#50088495>				<https://panlex.org/snapshot/panlex-20191001-csv/1573#50088227>		"riɲvier"@br	
"ɗwaarə"@plj	<https://panlex.org/snapshot/panlex-20191001-csv/1573#50088495>				<https://panlex.org/snapshot/panlex-20191001-csv/1573#50088226>		"richer"@br	
"ɗwaarə"@plj	<https://panlex.org/snapshot/panlex-20191001-csv/1573#50088495>				<https://panlex.org/snapshot/panlex-20191001-csv/1573#50088228>		"ster"@br	
"ɓyaŋ"@plj	<https://panlex.org/snapshot/panlex-20191001-csv/1573#50083699>				<https://panlex.org/snapshot/panlex-20191001-csv/1573#50083469>		"krec’h"@br	
"ɓyaŋ"@plj	<https://panlex.org/snapshot/panlex-20191001-csv/1573#50083699>				<https://panlex.org/snapshot/panlex-20191001-csv/1573#50083470>		"menez"@br	
"piɗii"@plj	<https://panlex.org/snapshot/panlex-20191001-csv/1573#50091457>				<https://panlex.org/snapshot/panlex-20191001-csv/1573#50091315>		"heol"@br	
"nyansə"@plj	<https://panlex.org/snapshot/panlex-20191001-csv/1573#50090361>				<https://panlex.org/snapshot/panlex-20191001-csv/1573#50090210>		"prenn"@br	
"nyansə"@plj	<https://panlex.org/snapshot/panlex-20191001-csv/1573#50090361>				<https://panlex.org/snapshot/panlex-20191001-csv/1573#50090209>		"koad"@br	
"atl dəŋəl"@plj	<https://panlex.org/snapshot/panlex-20191001-csv/1573#50090981>				<https://panlex.org/snapshot/panlex-20191001-csv/1573#50090870>		"kren-douar"@br	
"ɗee"@plj	<https://panlex.org/snapshot/panlex-20191001-csv/1573#50083700>				<https://panlex.org/snapshot/panlex-20191001-csv/1573#50083469>		"krec’h"@br	
"ɗee"@plj	<https://panlex.org/snapshot/panlex-20191001-csv/1573#50083700>				<https://panlex.org/snapshot/panlex-20191001-csv/1573#50083470>		"menez"@br	
"atl"@plj	<https://panlex.org/snapshot/panlex-20191001-csv/1573#50082171>				<https://panlex.org/snapshot/panlex-20191001-csv/1573#50081988>		"douar"@br	
"atl"@plj	<https://panlex.org/snapshot/panlex-20191001-csv/1573#50082503>				<https://panlex.org/snapshot/panlex-20191001-csv/1573#50082314>		"douar"@br	
"sal"@plj	<https://panlex.org/snapshot/panlex-20191001-csv/1573#50088494>				<https://panlex.org/snapshot/panlex-20191001-csv/1573#50088227>		"riɲvier"@br	
"sal"@plj	<https://panlex.org/snapshot/panlex-20191001-csv/1573#50088494>				<https://panlex.org/snapshot/panlex-20191001-csv/1573#50088226>		"richer"@br	
"sal"@plj	<https://panlex.org/snapshot/panlex-20191001-csv/1573#50088494>				<https://panlex.org/snapshot/panlex-20191001-csv/1573#50088228>		"ster"@br	
"tat"@plj	<https://panlex.org/snapshot/panlex-20191001-csv/1573#50090715>				<https://panlex.org/snapshot/panlex-20191001-csv/1573#50090489>		"maen"@br	
"tat"@plj	<https://panlex.org/snapshot/panlex-20191001-csv/1573#50090715>				<https://panlex.org/snapshot/panlex-20191001-csv/1573#50090491>		"rohell"@br	
"tat"@plj	<https://panlex.org/snapshot/panlex-20191001-csv/1573#50090715>				<https://panlex.org/snapshot/panlex-20191001-csv/1573#50090490>		"roh"@br	
"luut"@plj	<https://panlex.org/snapshot/panlex-20191001-csv/1573#50084625>				<https://panlex.org/snapshot/panlex-20191001-csv/1573#50084493>		"saonenn"@br	
"luut"@plj	<https://panlex.org/snapshot/panlex-20191001-csv/1573#50084625>				<https://panlex.org/snapshot/panlex-20191001-csv/1573#50084494>		"traonienn"@br	
"luut"@plj	<https://panlex.org/snapshot/panlex-20191001-csv/1573#50089371>				<https://panlex.org/snapshot/panlex-20191001-csv/1573#50089223>		"yun"@br	
"luut"@plj	<https://panlex.org/snapshot/panlex-20191001-csv/1573#50089371>				<https://panlex.org/snapshot/panlex-20191001-csv/1573#50089222>		"lagenn"@br	
"pət"@plj	<https://panlex.org/snapshot/panlex-20191001-csv/1573#50090108>				<https://panlex.org/snapshot/panlex-20191001-csv/1573#50089958>		"gwezenn"@br	
"googa"@plj	<https://panlex.org/snapshot/panlex-20191001-csv/1573#50089086>				<https://panlex.org/snapshot/panlex-20191001-csv/1573#50088867>		"eienenn"@br	
"googa"@plj	<https://panlex.org/snapshot/panlex-20191001-csv/1573#50089086>				<https://panlex.org/snapshot/panlex-20191001-csv/1573#50088869>		"puɲs"@br	
"googa"@plj	<https://panlex.org/snapshot/panlex-20191001-csv/1573#50089086>				<https://panlex.org/snapshot/panlex-20191001-csv/1573#50088868>		"mammenn"@br	
"koroŋ pət"@plj	<https://panlex.org/snapshot/panlex-20191001-csv/1573#50085560>				<https://panlex.org/snapshot/panlex-20191001-csv/1573#50085421>		"grotenn"@br	
"koroŋ tat"@plj	<https://panlex.org/snapshot/panlex-20191001-csv/1573#50085561>				<https://panlex.org/snapshot/panlex-20191001-csv/1573#50085421>		"grotenn"@br	
"zəŋəm"@plj	<https://panlex.org/snapshot/panlex-20191001-csv/1573#50089832>				<https://panlex.org/snapshot/panlex-20191001-csv/1573#50089664>		"koad"@br	
"atl kwaŋ"@plj	<https://panlex.org/snapshot/panlex-20191001-csv/1573#50081863>				<https://panlex.org/snapshot/panlex-20191001-csv/1573#50081726>		"bed"@br	
"nyaasən"@plj	<https://panlex.org/snapshot/panlex-20191001-csv/1573#50083337>				<https://panlex.org/snapshot/panlex-20191001-csv/1573#50083191>		"traez"@br	
"nyaasən"@plj	<https://panlex.org/snapshot/panlex-20191001-csv/1573#50083337>				<https://panlex.org/snapshot/panlex-20191001-csv/1573#50083190>		"sabl"@br	
"bə sal"@plj	<https://panlex.org/snapshot/panlex-20191001-csv/1573#50085277>				<https://panlex.org/snapshot/panlex-20191001-csv/1573#50085091>		"aot"@br	
"tapga"@plj	<https://panlex.org/snapshot/panlex-20191001-csv/1573#50087030>				<https://panlex.org/snapshot/panlex-20191001-csv/1573#50086895>		"stank"@br	
"tapga"@plj	<https://panlex.org/snapshot/panlex-20191001-csv/1573#50087030>				<https://panlex.org/snapshot/panlex-20191001-csv/1573#50086893>		"lenn"@br	
"tapga"@plj	<https://panlex.org/snapshot/panlex-20191001-csv/1573#50087030>				<https://panlex.org/snapshot/panlex-20191001-csv/1573#50086894>		"loc’h"@br	
