"uwe"@wlo	<https://panlex.org/snapshot/panlex-20191001-csv/12#851243>				<https://panlex.org/snapshot/panlex-20191001-csv/12#851154>		"rani"@sob	
"beŋku"@wlo	<https://panlex.org/snapshot/panlex-20191001-csv/114#8055724>				<https://panlex.org/snapshot/panlex-20191001-csv/114#8055646>		"a-rispar"@sob	
"gili"@wlo	<https://panlex.org/snapshot/panlex-20191001-csv/114#8055725>				<https://panlex.org/snapshot/panlex-20191001-csv/114#8055646>		"a-rispar"@sob	
"dala"@wlo	<https://panlex.org/snapshot/panlex-20191001-csv/114#8054732>				<https://panlex.org/snapshot/panlex-20191001-csv/114#8054639>		"rara"@sob	
"matau"@wlo	<https://panlex.org/snapshot/panlex-20191001-csv/114#8061882>				<https://panlex.org/snapshot/panlex-20191001-csv/114#8061781>		"imnas"@sob	
"poŋano"@wlo	<https://panlex.org/snapshot/panlex-20191001-csv/114#8056250>				<https://panlex.org/snapshot/panlex-20191001-csv/114#8056155>		"a-yas"@sob	
"bulua"@wlo	<https://panlex.org/snapshot/panlex-20191001-csv/114#8065000>				<https://panlex.org/snapshot/panlex-20191001-csv/114#8064893>		"dahu-m rau"@sob	
"poinuñca"@wlo	<https://panlex.org/snapshot/panlex-20191001-csv/114#8065986>				<https://panlex.org/snapshot/panlex-20191001-csv/114#8065914>		"sumaro"@sob	
"marewu"@wlo	<https://panlex.org/snapshot/panlex-20191001-csv/114#8056760>				<https://panlex.org/snapshot/panlex-20191001-csv/114#8056668>		"edo[adoʔo]"@sob	
"buku"@wlo	<https://panlex.org/snapshot/panlex-20191001-csv/114#8059307>				<https://panlex.org/snapshot/panlex-20191001-csv/114#8059214>		"tiwo"@sob	
"toruku"@wlo	<https://panlex.org/snapshot/panlex-20191001-csv/114#8058239>				<https://panlex.org/snapshot/panlex-20191001-csv/114#8058146>		"adam tiwai"@sob	
"kuli"@wlo	<https://panlex.org/snapshot/panlex-20191001-csv/114#8057736>				<https://panlex.org/snapshot/panlex-20191001-csv/114#8057641>		"wadi"@sob	
"dela"@wlo	<https://panlex.org/snapshot/panlex-20191001-csv/114#8068093>				<https://panlex.org/snapshot/panlex-20191001-csv/114#8067997>		"madamtaʔno"@sob	
