"beŋku"@wlo	<https://panlex.org/snapshot/panlex-20191001-csv/114#8055724>				<https://panlex.org/snapshot/panlex-20191001-csv/114#8055625>		"motojok"@sgd	
"beŋku"@wlo	<https://panlex.org/snapshot/panlex-20191001-csv/114#8055724>				<https://panlex.org/snapshot/panlex-20191001-csv/114#8055624>		"bijo"@sgd	
"gili"@wlo	<https://panlex.org/snapshot/panlex-20191001-csv/114#8055725>				<https://panlex.org/snapshot/panlex-20191001-csv/114#8055625>		"motojok"@sgd	
"gili"@wlo	<https://panlex.org/snapshot/panlex-20191001-csv/114#8055725>				<https://panlex.org/snapshot/panlex-20191001-csv/114#8055624>		"bijo"@sgd	
"dala"@wlo	<https://panlex.org/snapshot/panlex-20191001-csv/114#8054732>				<https://panlex.org/snapshot/panlex-20191001-csv/114#8054623>		"dayan"@sgd	
"dala"@wlo	<https://panlex.org/snapshot/panlex-20191001-csv/114#8054732>				<https://panlex.org/snapshot/panlex-20191001-csv/114#8054624>		"karsada"@sgd	
"matau"@wlo	<https://panlex.org/snapshot/panlex-20191001-csv/114#8061882>				<https://panlex.org/snapshot/panlex-20191001-csv/114#8061762>		"kabayo"@sgd	
"matau"@wlo	<https://panlex.org/snapshot/panlex-20191001-csv/114#8061882>				<https://panlex.org/snapshot/panlex-20191001-csv/114#8061763>		"kahibayo"@sgd	
"poŋano"@wlo	<https://panlex.org/snapshot/panlex-20191001-csv/114#8056250>				<https://panlex.org/snapshot/panlex-20191001-csv/114#8056136>		"molangóy"@sgd	
"bulua"@wlo	<https://panlex.org/snapshot/panlex-20191001-csv/114#8065000>				<https://panlex.org/snapshot/panlex-20191001-csv/114#8064873>		"bohok"@sgd	
"poinuñca"@wlo	<https://panlex.org/snapshot/panlex-20191001-csv/114#8065986>				<https://panlex.org/snapshot/panlex-20191001-csv/114#8065897>		"ginhawa"@sgd	
"marewu"@wlo	<https://panlex.org/snapshot/panlex-20191001-csv/114#8056760>				<https://panlex.org/snapshot/panlex-20191001-csv/114#8056647>		"lipa"@sgd	
"buku"@wlo	<https://panlex.org/snapshot/panlex-20191001-csv/114#8059307>				<https://panlex.org/snapshot/panlex-20191001-csv/114#8059195>		"bukog"@sgd	
"toruku"@wlo	<https://panlex.org/snapshot/panlex-20191001-csv/114#8058239>				<https://panlex.org/snapshot/panlex-20191001-csv/114#8058128>		"likod"@sgd	
"kuli"@wlo	<https://panlex.org/snapshot/panlex-20191001-csv/114#8057736>				<https://panlex.org/snapshot/panlex-20191001-csv/114#8057621>		"panit"@sgd	
"dela"@wlo	<https://panlex.org/snapshot/panlex-20191001-csv/114#8068093>				<https://panlex.org/snapshot/panlex-20191001-csv/114#8067978>		"tila"@sgd	
"dela"@wlo	<https://panlex.org/snapshot/panlex-20191001-csv/114#8068093>				<https://panlex.org/snapshot/panlex-20191001-csv/114#8067977>		"dila"@sgd	
