"uwe"@wlo	<https://panlex.org/snapshot/panlex-20191001-csv/12#851243>				<https://panlex.org/snapshot/panlex-20191001-csv/12#851025>		"wei"@loj	
"beŋku"@wlo	<https://panlex.org/snapshot/panlex-20191001-csv/114#8055724>				<https://panlex.org/snapshot/panlex-20191001-csv/114#8055474>		"rek pelewek"@loj	
"gili"@wlo	<https://panlex.org/snapshot/panlex-20191001-csv/114#8055725>				<https://panlex.org/snapshot/panlex-20191001-csv/114#8055474>		"rek pelewek"@loj	
"dala"@wlo	<https://panlex.org/snapshot/panlex-20191001-csv/114#8054732>				<https://panlex.org/snapshot/panlex-20191001-csv/114#8054474>		"sal"@loj	
"matau"@wlo	<https://panlex.org/snapshot/panlex-20191001-csv/114#8061882>				<https://panlex.org/snapshot/panlex-20191001-csv/114#8061597>		"pasek"@loj	
"poŋano"@wlo	<https://panlex.org/snapshot/panlex-20191001-csv/114#8056250>				<https://panlex.org/snapshot/panlex-20191001-csv/114#8055972>		"kea"@loj	
"bulua"@wlo	<https://panlex.org/snapshot/panlex-20191001-csv/114#8065000>				<https://panlex.org/snapshot/panlex-20191001-csv/114#8064714>		"lumu-"@loj	
"poinuñca"@wlo	<https://panlex.org/snapshot/panlex-20191001-csv/114#8065986>				<https://panlex.org/snapshot/panlex-20191001-csv/114#8065765>		"wilip ŋo-m"@loj	
"marewu"@wlo	<https://panlex.org/snapshot/panlex-20191001-csv/114#8056760>				<https://panlex.org/snapshot/panlex-20191001-csv/114#8056498>		"korkorin"@loj	
"buku"@wlo	<https://panlex.org/snapshot/panlex-20191001-csv/114#8059307>				<https://panlex.org/snapshot/panlex-20191001-csv/114#8059043>		"peteri-"@loj	
"toruku"@wlo	<https://panlex.org/snapshot/panlex-20191001-csv/114#8058239>				<https://panlex.org/snapshot/panlex-20191001-csv/114#8057982>		"tomwa-"@loj	
"kuli"@wlo	<https://panlex.org/snapshot/panlex-20191001-csv/114#8057736>				<https://panlex.org/snapshot/panlex-20191001-csv/114#8057465>		"kuna-"@loj	
"dela"@wlo	<https://panlex.org/snapshot/panlex-20191001-csv/114#8068093>				<https://panlex.org/snapshot/panlex-20191001-csv/114#8067823>		"karmi-"@loj	
