"Algeriet"@sv	<https://panlex.org/snapshot/panlex-20191001-csv/5947#84580210>				<https://panlex.org/snapshot/panlex-20191001-csv/5947#84580043>		"Aljazair"@ace	
"lut"@sv	<https://panlex.org/snapshot/panlex-20191001-csv/5939#80744105>				<https://panlex.org/snapshot/panlex-20191001-csv/5939#80744048>		"basa"@ace	
"bas"@sv	<https://panlex.org/snapshot/panlex-20191001-csv/5939#80744104>				<https://panlex.org/snapshot/panlex-20191001-csv/5939#80744048>		"basa"@ace	
"Arabrepubliken Syrien"@sv	<https://panlex.org/snapshot/panlex-20191001-csv/5939#80725783>				<https://panlex.org/snapshot/panlex-20191001-csv/5939#80725736>		"Rèpublik Arab Suriyah"@ace	
"Lettland"@sv	<https://panlex.org/snapshot/panlex-20191001-csv/5949#85314380>				<https://panlex.org/snapshot/panlex-20191001-csv/5949#85314224>		"Latvia"@ace	
"Uruguay"@sv	<https://panlex.org/snapshot/panlex-20191001-csv/5949#85322964>				<https://panlex.org/snapshot/panlex-20191001-csv/5949#85322835>		"Uruguay"@ace	
"Jemen"@sv	<https://panlex.org/snapshot/panlex-20191001-csv/5949#85311050>				<https://panlex.org/snapshot/panlex-20191001-csv/5949#85310952>		"Yaman"@ace	
"Arktis"@sv	<https://panlex.org/snapshot/panlex-20191001-csv/5949#85300295>				<https://panlex.org/snapshot/panlex-20191001-csv/5949#85300249>		"Arktik"@ace	
"Singapore"@sv	<https://panlex.org/snapshot/panlex-20191001-csv/5949#85320594>				<https://panlex.org/snapshot/panlex-20191001-csv/5949#85320460>		"Singapura"@ace	
"Koranen"@sv	<https://panlex.org/snapshot/panlex-20191001-csv/5949#85313479>				<https://panlex.org/snapshot/panlex-20191001-csv/5949#85313366>		"Kureu'an"@ace	
"Filippinerna"@sv	<https://panlex.org/snapshot/panlex-20191001-csv/5949#85323417>				<https://panlex.org/snapshot/panlex-20191001-csv/5949#85323279>		"Filipina"@ace	
"Portugal"@sv	<https://panlex.org/snapshot/panlex-20191001-csv/5949#85318849>				<https://panlex.org/snapshot/panlex-20191001-csv/5949#85318764>		"Portugéh"@ace	
"Java"@sv	<https://panlex.org/snapshot/panlex-20191001-csv/5949#85325960>				<https://panlex.org/snapshot/panlex-20191001-csv/5949#85325886>		"Jawa"@ace	
"Tbilisi"@sv	<https://panlex.org/snapshot/panlex-20191001-csv/5949#85321871>				<https://panlex.org/snapshot/panlex-20191001-csv/5949#85321772>		"Tbilisi"@ace	
"Peru"@sv	<https://panlex.org/snapshot/panlex-20191001-csv/5949#85318318>				<https://panlex.org/snapshot/panlex-20191001-csv/5949#85318178>		"Pèru"@ace	
"Wien"@sv	<https://panlex.org/snapshot/panlex-20191001-csv/5949#85304612>				<https://panlex.org/snapshot/panlex-20191001-csv/5949#85304532>		"Wina"@ace	
"Pakistan"@sv	<https://panlex.org/snapshot/panlex-20191001-csv/5949#85317755>				<https://panlex.org/snapshot/panlex-20191001-csv/5949#85317690>		"Pakistan"@ace	
"Europa"@sv	<https://panlex.org/snapshot/panlex-20191001-csv/5949#85308641>				<https://panlex.org/snapshot/panlex-20191001-csv/5949#85308482>		"Iërupa"@ace	
"Peking"@sv	<https://panlex.org/snapshot/panlex-20191001-csv/5949#85318059>				<https://panlex.org/snapshot/panlex-20191001-csv/5949#85317930>		"Beijing"@ace	
"Frankrike"@sv	<https://panlex.org/snapshot/panlex-20191001-csv/5949#85323674>				<https://panlex.org/snapshot/panlex-20191001-csv/5949#85323522>		"Peurancih"@ace	
"Finland"@sv	<https://panlex.org/snapshot/panlex-20191001-csv/5949#85323252>				<https://panlex.org/snapshot/panlex-20191001-csv/5949#85323139>		"Finlandia"@ace	
