"gäggamoja"@sv	<https://panlex.org/snapshot/panlex-20191001-csv/1573#50083121>				<https://panlex.org/snapshot/panlex-20191001-csv/1573#50082862>		"c̷aʼkus"@agr	
"bäck"@sv	<https://panlex.org/snapshot/panlex-20191001-csv/1573#50088556>				<https://panlex.org/snapshot/panlex-20191001-csv/1573#50088157>		"namak"@agr	
"sol"@sv	<https://panlex.org/snapshot/panlex-20191001-csv/1573#50091493>				<https://panlex.org/snapshot/panlex-20191001-csv/1573#50091279>		"ɨc̷a"@agr	
"strand"@sv	<https://panlex.org/snapshot/panlex-20191001-csv/1573#50085338>				<https://panlex.org/snapshot/panlex-20191001-csv/1573#50085047>		"ʼnayanc̷-a paka-hi"@agr	
"udde"@sv	<https://panlex.org/snapshot/panlex-20191001-csv/1573#50087591>				<https://panlex.org/snapshot/panlex-20191001-csv/1573#50087483>		"tɨʼpɨtpɨtu waaku"@agr	
"ström"@sv	<https://panlex.org/snapshot/panlex-20191001-csv/1573#50088558>				<https://panlex.org/snapshot/panlex-20191001-csv/1573#50088157>		"namak"@agr	
"träsk"@sv	<https://panlex.org/snapshot/panlex-20191001-csv/1573#50089407>				<https://panlex.org/snapshot/panlex-20191001-csv/1573#50089184>		"paka kuča-kʼčagmatu"@agr	
"land"@sv	<https://panlex.org/snapshot/panlex-20191001-csv/1573#50082231>				<https://panlex.org/snapshot/panlex-20191001-csv/1573#50081933>		"nugka"@agr	
"land"@sv	<https://panlex.org/snapshot/panlex-20191001-csv/1573#50082555>				<https://panlex.org/snapshot/panlex-20191001-csv/1573#50082279>		"nugka"@agr	
"jord"@sv	<https://panlex.org/snapshot/panlex-20191001-csv/1573#50082230>				<https://panlex.org/snapshot/panlex-20191001-csv/1573#50081933>		"nugka"@agr	
"jord"@sv	<https://panlex.org/snapshot/panlex-20191001-csv/1573#50082554>				<https://panlex.org/snapshot/panlex-20191001-csv/1573#50082279>		"nugka"@agr	
"backe"@sv	<https://panlex.org/snapshot/panlex-20191001-csv/1573#50083753>				<https://panlex.org/snapshot/panlex-20191001-csv/1573#50083404>		"nain"@agr	
"dy"@sv	<https://panlex.org/snapshot/panlex-20191001-csv/1573#50083119>				<https://panlex.org/snapshot/panlex-20191001-csv/1573#50082862>		"c̷aʼkus"@agr	
"kust"@sv	<https://panlex.org/snapshot/panlex-20191001-csv/1573#50085337>				<https://panlex.org/snapshot/panlex-20191001-csv/1573#50085047>		"ʼnayanc̷-a paka-hi"@agr	
"sky"@sv	<https://panlex.org/snapshot/panlex-20191001-csv/1573#50091239>				<https://panlex.org/snapshot/panlex-20191001-csv/1573#50091024>		"nayaim"@agr	
"gyttja"@sv	<https://panlex.org/snapshot/panlex-20191001-csv/1573#50083120>				<https://panlex.org/snapshot/panlex-20191001-csv/1573#50082862>		"c̷aʼkus"@agr	
"brunn"@sv	<https://panlex.org/snapshot/panlex-20191001-csv/1573#50089137>				<https://panlex.org/snapshot/panlex-20191001-csv/1573#50088807>		"ʼyumigmat"@agr	
"klippa"@sv	<https://panlex.org/snapshot/panlex-20191001-csv/1573#50090783>				<https://panlex.org/snapshot/panlex-20191001-csv/1573#50090431>		"kaya"@agr	
"klippa"@sv	<https://panlex.org/snapshot/panlex-20191001-csv/1573#50084073>				<https://panlex.org/snapshot/panlex-20191001-csv/1573#50083812>		"ʼbɨc̷ag"@agr	
"värld"@sv	<https://panlex.org/snapshot/panlex-20191001-csv/1573#50081898>				<https://panlex.org/snapshot/panlex-20191001-csv/1573#50081687>		"nugka"@agr	
"flod"@sv	<https://panlex.org/snapshot/panlex-20191001-csv/1573#50088557>				<https://panlex.org/snapshot/panlex-20191001-csv/1573#50088157>		"namak"@agr	
"håla"@sv	<https://panlex.org/snapshot/panlex-20191001-csv/1573#50085595>				<https://panlex.org/snapshot/panlex-20191001-csv/1573#50085383>		"waa"@agr	
"vatten-fall"@sv	<https://panlex.org/snapshot/panlex-20191001-csv/1573#50089602>				<https://panlex.org/snapshot/panlex-20191001-csv/1573#50089442>		"bɨc̷ahau"@agr	
"sand"@sv	<https://panlex.org/snapshot/panlex-20191001-csv/1573#50083370>				<https://panlex.org/snapshot/panlex-20191001-csv/1573#50083157>		"kaʼamatak"@agr	
"mudder"@sv	<https://panlex.org/snapshot/panlex-20191001-csv/1573#50083123>				<https://panlex.org/snapshot/panlex-20191001-csv/1573#50082862>		"c̷aʼkus"@agr	
"vatten"@sv	<https://panlex.org/snapshot/panlex-20191001-csv/1573#50085849>				<https://panlex.org/snapshot/panlex-20191001-csv/1573#50085625>		"yumi"@agr	
"in-sjö"@sv	<https://panlex.org/snapshot/panlex-20191001-csv/1573#50087067>				<https://panlex.org/snapshot/panlex-20191001-csv/1573#50086856>		"kuča"@agr	
"grund"@sv	<https://panlex.org/snapshot/panlex-20191001-csv/1573#50082553>				<https://panlex.org/snapshot/panlex-20191001-csv/1573#50082279>		"nugka"@agr	
"stoft"@sv	<https://panlex.org/snapshot/panlex-20191001-csv/1573#50082828>				<https://panlex.org/snapshot/panlex-20191001-csv/1573#50082595>		"yuʼkuukuntu"@agr	
"verld"@sv	<https://panlex.org/snapshot/panlex-20191001-csv/1573#50081897>				<https://panlex.org/snapshot/panlex-20191001-csv/1573#50081687>		"nugka"@agr	
"fält"@sv	<https://panlex.org/snapshot/panlex-20191001-csv/1573#50084414>				<https://panlex.org/snapshot/panlex-20191001-csv/1573#50084108>		"paka"@agr	
"damm"@sv	<https://panlex.org/snapshot/panlex-20191001-csv/1573#50082827>				<https://panlex.org/snapshot/panlex-20191001-csv/1573#50082595>		"yuʼkuukuntu"@agr	
"ocean"@sv	<https://panlex.org/snapshot/panlex-20191001-csv/1573#50086829>				<https://panlex.org/snapshot/panlex-20191001-csv/1573#50086679>		"ʼnayanc̷"@agr	
"dal"@sv	<https://panlex.org/snapshot/panlex-20191001-csv/1573#50084651>				<https://panlex.org/snapshot/panlex-20191001-csv/1573#50084458>		"ɨnc̷a ʼsɨgahu"@agr	
"land-tunga"@sv	<https://panlex.org/snapshot/panlex-20191001-csv/1573#50087589>				<https://panlex.org/snapshot/panlex-20191001-csv/1573#50087483>		"tɨʼpɨtpɨtu waaku"@agr	
"älv"@sv	<https://panlex.org/snapshot/panlex-20191001-csv/1573#50088559>				<https://panlex.org/snapshot/panlex-20191001-csv/1573#50088157>		"namak"@agr	
"rev"@sv	<https://panlex.org/snapshot/panlex-20191001-csv/1573#50087472>				<https://panlex.org/snapshot/panlex-20191001-csv/1573#50087382>		"hinʼta kaya pap-amu"@agr	
"virvel"@sv	<https://panlex.org/snapshot/panlex-20191001-csv/1573#50088782>				<https://panlex.org/snapshot/panlex-20191001-csv/1573#50088622>		"ʼwainči"@agr	
"mark"@sv	<https://panlex.org/snapshot/panlex-20191001-csv/1573#50082556>				<https://panlex.org/snapshot/panlex-20191001-csv/1573#50082279>		"nugka"@agr	
"trä"@sv	<https://panlex.org/snapshot/panlex-20191001-csv/1573#50090394>				<https://panlex.org/snapshot/panlex-20191001-csv/1573#50090174>		"numi"@agr	
"myr"@sv	<https://panlex.org/snapshot/panlex-20191001-csv/1573#50089405>				<https://panlex.org/snapshot/panlex-20191001-csv/1573#50089184>		"paka kuča-kʼčagmatu"@agr	
"himmel"@sv	<https://panlex.org/snapshot/panlex-20191001-csv/1573#50091238>				<https://panlex.org/snapshot/panlex-20191001-csv/1573#50091024>		"nayaim"@agr	
"träd"@sv	<https://panlex.org/snapshot/panlex-20191001-csv/1573#50090142>				<https://panlex.org/snapshot/panlex-20191001-csv/1573#50089917>		"numi"@agr	
"träd"@sv	<https://panlex.org/snapshot/panlex-20191001-csv/1573#50090142>				<https://panlex.org/snapshot/panlex-20191001-csv/1573#50089916>		"kampuʼha"@agr	
"vik"@sv	<https://panlex.org/snapshot/panlex-20191001-csv/1573#50087229>				<https://panlex.org/snapshot/panlex-20191001-csv/1573#50087100>		"ʼwaintau muun"@agr	
"stup"@sv	<https://panlex.org/snapshot/panlex-20191001-csv/1573#50084074>				<https://panlex.org/snapshot/panlex-20191001-csv/1573#50083812>		"ʼbɨc̷ag"@agr	
"lagun"@sv	<https://panlex.org/snapshot/panlex-20191001-csv/1573#50087356>				<https://panlex.org/snapshot/panlex-20191001-csv/1573#50087244>		"kuča yaig"@agr	
"berg"@sv	<https://panlex.org/snapshot/panlex-20191001-csv/1573#50083754>				<https://panlex.org/snapshot/panlex-20191001-csv/1573#50083404>		"nain"@agr	
"skog"@sv	<https://panlex.org/snapshot/panlex-20191001-csv/1573#50089877>				<https://panlex.org/snapshot/panlex-20191001-csv/1573#50089628>		"ʼikam"@agr	
"ström-virvel"@sv	<https://panlex.org/snapshot/panlex-20191001-csv/1573#50088781>				<https://panlex.org/snapshot/panlex-20191001-csv/1573#50088622>		"ʼwainči"@agr	
"sjö"@sv	<https://panlex.org/snapshot/panlex-20191001-csv/1573#50087068>				<https://panlex.org/snapshot/panlex-20191001-csv/1573#50086856>		"kuča"@agr	
"sjö"@sv	<https://panlex.org/snapshot/panlex-20191001-csv/1573#50086080>				<https://panlex.org/snapshot/panlex-20191001-csv/1573#50085886>		"ʼnayanc̷"@agr	
"fjäll"@sv	<https://panlex.org/snapshot/panlex-20191001-csv/1573#50083755>				<https://panlex.org/snapshot/panlex-20191001-csv/1573#50083404>		"nain"@agr	
"stormig"@sv	<https://panlex.org/snapshot/panlex-20191001-csv/1573#50086439>				<https://panlex.org/snapshot/panlex-20191001-csv/1573#50086294>		"ʼnayanc̷ c̷uʼkat-bau"@agr	
"skum"@sv	<https://panlex.org/snapshot/panlex-20191001-csv/1573#50086642>				<https://panlex.org/snapshot/panlex-20191001-csv/1573#50086461>		"sau"@agr	
"kulle"@sv	<https://panlex.org/snapshot/panlex-20191001-csv/1573#50083756>				<https://panlex.org/snapshot/panlex-20191001-csv/1573#50083404>		"nain"@agr	
"sten"@sv	<https://panlex.org/snapshot/panlex-20191001-csv/1573#50090784>				<https://panlex.org/snapshot/panlex-20191001-csv/1573#50090431>		"kaya"@agr	
"grotta"@sv	<https://panlex.org/snapshot/panlex-20191001-csv/1573#50085594>				<https://panlex.org/snapshot/panlex-20191001-csv/1573#50085383>		"waa"@agr	
"ö"@sv	<https://panlex.org/snapshot/panlex-20191001-csv/1573#50084866>				<https://panlex.org/snapshot/panlex-20191001-csv/1573#50084678>		"ʼahun-tai"@agr	
"stilla"@sv	<https://panlex.org/snapshot/panlex-20191001-csv/1573#50086267>				<https://panlex.org/snapshot/panlex-20191001-csv/1573#50086109>		"bitat"@agr	
"fastland"@sv	<https://panlex.org/snapshot/panlex-20191001-csv/1573#50085028>				<https://panlex.org/snapshot/panlex-20191001-csv/1573#50084896>		"nugka muun"@agr	
"tunga"@sv	<https://panlex.org/snapshot/panlex-20191001-csv/1573#50087590>				<https://panlex.org/snapshot/panlex-20191001-csv/1573#50087483>		"tɨʼpɨtpɨtu waaku"@agr	
"fors"@sv	<https://panlex.org/snapshot/panlex-20191001-csv/1573#50089601>				<https://panlex.org/snapshot/panlex-20191001-csv/1573#50089442>		"bɨc̷ahau"@agr	
"våg"@sv	<https://panlex.org/snapshot/panlex-20191001-csv/1573#50087818>				<https://panlex.org/snapshot/panlex-20191001-csv/1573#50087610>		"c̷ukatu"@agr	
"kärr"@sv	<https://panlex.org/snapshot/panlex-20191001-csv/1573#50089404>				<https://panlex.org/snapshot/panlex-20191001-csv/1573#50089184>		"paka kuča-kʼčagmatu"@agr	
"å"@sv	<https://panlex.org/snapshot/panlex-20191001-csv/1573#50088560>				<https://panlex.org/snapshot/panlex-20191001-csv/1573#50088157>		"namak"@agr	
"slätt"@sv	<https://panlex.org/snapshot/panlex-20191001-csv/1573#50084415>				<https://panlex.org/snapshot/panlex-20191001-csv/1573#50084108>		"paka"@agr	
"lera"@sv	<https://panlex.org/snapshot/panlex-20191001-csv/1573#50083122>				<https://panlex.org/snapshot/panlex-20191001-csv/1573#50082862>		"c̷aʼkus"@agr	
"sump-mark"@sv	<https://panlex.org/snapshot/panlex-20191001-csv/1573#50089406>				<https://panlex.org/snapshot/panlex-20191001-csv/1573#50089184>		"paka kuča-kʼčagmatu"@agr	
"hav"@sv	<https://panlex.org/snapshot/panlex-20191001-csv/1573#50086828>				<https://panlex.org/snapshot/panlex-20191001-csv/1573#50086679>		"ʼnayanc̷"@agr	
"hav"@sv	<https://panlex.org/snapshot/panlex-20191001-csv/1573#50086079>				<https://panlex.org/snapshot/panlex-20191001-csv/1573#50085886>		"ʼnayanc̷"@agr	
"bukt"@sv	<https://panlex.org/snapshot/panlex-20191001-csv/1573#50087228>				<https://panlex.org/snapshot/panlex-20191001-csv/1573#50087100>		"ʼwaintau muun"@agr	
"källa"@sv	<https://panlex.org/snapshot/panlex-20191001-csv/1573#50089138>				<https://panlex.org/snapshot/panlex-20191001-csv/1573#50088807>		"ʼyumigmat"@agr	
"bölja"@sv	<https://panlex.org/snapshot/panlex-20191001-csv/1573#50087817>				<https://panlex.org/snapshot/panlex-20191001-csv/1573#50087610>		"c̷ukatu"@agr	
"jord-bävning"@sv	<https://panlex.org/snapshot/panlex-20191001-csv/1573#50090999>				<https://panlex.org/snapshot/panlex-20191001-csv/1573#50090838>		"uʼug-bau"@agr	
