"kung"@sv	<https://panlex.org/snapshot/panlex-20191001-csv/6712#111098404>				<https://panlex.org/snapshot/panlex-20191001-csv/6712#111098409>		"پاچا"@pst	
"dam"@sv	<https://panlex.org/snapshot/panlex-20191001-csv/6712#111098642>				<https://panlex.org/snapshot/panlex-20191001-csv/6712#111098544>		"وزير"@pst	
"bonde"@sv	<https://panlex.org/snapshot/panlex-20191001-csv/6712#111099241>				<https://panlex.org/snapshot/panlex-20191001-csv/6712#111099291>		"پياده"@pst	
"torn"@sv	<https://panlex.org/snapshot/panlex-20191001-csv/6712#111098694>				<https://panlex.org/snapshot/panlex-20191001-csv/6712#111098778>		"کلا"@pst	
"häst"@sv	<https://panlex.org/snapshot/panlex-20191001-csv/6712#111099070>				<https://panlex.org/snapshot/panlex-20191001-csv/6712#111099082>		"آس"@pst	
"springare"@sv	<https://panlex.org/snapshot/panlex-20191001-csv/6712#111099040>				<https://panlex.org/snapshot/panlex-20191001-csv/6712#111099082>		"آس"@pst	
"schack"@sv	<https://panlex.org/snapshot/panlex-20191001-csv/6712#111099378>				<https://panlex.org/snapshot/panlex-20191001-csv/6712#111099450>		"شطرنج"@pst	
"drottning"@sv	<https://panlex.org/snapshot/panlex-20191001-csv/6712#111098600>				<https://panlex.org/snapshot/panlex-20191001-csv/6712#111098544>		"وزير"@pst	
"löpare"@sv	<https://panlex.org/snapshot/panlex-20191001-csv/6712#111098837>				<https://panlex.org/snapshot/panlex-20191001-csv/6712#111098941>		"پيل"@pst	
"På ve Benedictus ⅩⅥ"@sv	<https://panlex.org/snapshot/panlex-20191001-csv/6717#111107406>				<https://panlex.org/snapshot/panlex-20191001-csv/6717#111107376>		"پاپ بېنيډيکټ شپاړسم"@pst	
"Romersk-katolska kyrkan"@sv	<https://panlex.org/snapshot/panlex-20191001-csv/6717#111107638>				<https://panlex.org/snapshot/panlex-20191001-csv/6717#111107723>		"د روم کاتوليک کليسا"@pst	
"Upplysningstiden"@sv	<https://panlex.org/snapshot/panlex-20191001-csv/6709#111077082>				<https://panlex.org/snapshot/panlex-20191001-csv/6709#111076960>		"روښانونه"@pst	
"Industriella revolutionen"@sv	<https://panlex.org/snapshot/panlex-20191001-csv/6709#111077152>				<https://panlex.org/snapshot/panlex-20191001-csv/6709#111077173>		"صنعتي انقلاب"@pst	
"Korstågen"@sv	<https://panlex.org/snapshot/panlex-20191001-csv/6709#111076644>				<https://panlex.org/snapshot/panlex-20191001-csv/6709#111076667>		"صليبي جګړونه"@pst	
"Andra världskriget"@sv	<https://panlex.org/snapshot/panlex-20191001-csv/6709#111077667>				<https://panlex.org/snapshot/panlex-20191001-csv/6709#111077631>		"دويم نړيوال جنګ"@pst	
"Renässansen"@sv	<https://panlex.org/snapshot/panlex-20191001-csv/6709#111076850>				<https://panlex.org/snapshot/panlex-20191001-csv/6709#111076957>		"رنسانس"@pst	
"Första världskriget"@sv	<https://panlex.org/snapshot/panlex-20191001-csv/6709#111077471>				<https://panlex.org/snapshot/panlex-20191001-csv/6709#111077361>		"لومړۍ نړيوال جنګ"@pst	
"Medeltiden"@sv	<https://panlex.org/snapshot/panlex-20191001-csv/6709#111076368>				<https://panlex.org/snapshot/panlex-20191001-csv/6709#111076414>		"منځنۍ پېړۍ"@pst	
"Rosens namn"@sv	<https://panlex.org/snapshot/panlex-20191001-csv/6710#111083384>				<https://panlex.org/snapshot/panlex-20191001-csv/6710#111083306>		"د ګلاب نوم"@pst	
"Krig och fred"@sv	<https://panlex.org/snapshot/panlex-20191001-csv/6710#111083689>				<https://panlex.org/snapshot/panlex-20191001-csv/6710#111083669>		"جګړه او سوله"@pst	
"Lille prinsen"@sv	<https://panlex.org/snapshot/panlex-20191001-csv/6710#111083146>				<https://panlex.org/snapshot/panlex-20191001-csv/6710#111083068>		"کوچنۍ شاهزاده"@pst	
"Tusen och en natt"@sv	<https://panlex.org/snapshot/panlex-20191001-csv/6710#111082758>				<https://panlex.org/snapshot/panlex-20191001-csv/6710#111082900>		"زر او يوه شپه"@pst	
"Markusevangeliet"@sv	<https://panlex.org/snapshot/panlex-20191001-csv/6726#111130626>				<https://panlex.org/snapshot/panlex-20191001-csv/6726#111130627>		"د مرقوس په مطابق د مالک عيسىٰ مسيح زيرې"@pst	
"Andra Thessalonikerbrevet"@sv	<https://panlex.org/snapshot/panlex-20191001-csv/6726#111132694>				<https://panlex.org/snapshot/panlex-20191001-csv/6726#111132603>		"د تسالونيکيانو په نوم د پولوس رسول دويم خط"@pst	
"Andra Korinthierbrevet"@sv	<https://panlex.org/snapshot/panlex-20191001-csv/6726#111131739>				<https://panlex.org/snapshot/panlex-20191001-csv/6726#111131695>		"د کورنتيانو په نوم د پولوس رسول دويم خط"@pst	
"Galaterbrevet"@sv	<https://panlex.org/snapshot/panlex-20191001-csv/6726#111131867>				<https://panlex.org/snapshot/panlex-20191001-csv/6726#111131821>		"د ګلتيانو په نوم د پولوس رسول خط"@pst	
"Apostlagärningarna"@sv	<https://panlex.org/snapshot/panlex-20191001-csv/6726#111131198>				<https://panlex.org/snapshot/panlex-20191001-csv/6726#111131119>		"اعمال د رسولانو"@pst	
"Jakobs brev"@sv	<https://panlex.org/snapshot/panlex-20191001-csv/6726#111133658>				<https://panlex.org/snapshot/panlex-20191001-csv/6726#111133630>		"د يعقوب عام خط"@pst	
"Första Johannesbrevet"@sv	<https://panlex.org/snapshot/panlex-20191001-csv/6726#111134126>				<https://panlex.org/snapshot/panlex-20191001-csv/6726#111134125>		"د يوحنا رسول اول خط"@pst	
"Filipperbrevet"@sv	<https://panlex.org/snapshot/panlex-20191001-csv/6726#111132095>				<https://panlex.org/snapshot/panlex-20191001-csv/6726#111132129>		"د فيليپيانو په نوم د پولوس رسول خط"@pst	
"Tredje Johannesbrevet"@sv	<https://panlex.org/snapshot/panlex-20191001-csv/6726#111134463>				<https://panlex.org/snapshot/panlex-20191001-csv/6726#111134414>		"د يوحنا رسول دريم خط"@pst	
"Nya Testamentet"@sv	<https://panlex.org/snapshot/panlex-20191001-csv/6726#111134895>				<https://panlex.org/snapshot/panlex-20191001-csv/6726#111134966>		"نوې لوظ نامه"@pst	
"Andra Timoteusbrevet"@sv	<https://panlex.org/snapshot/panlex-20191001-csv/6726#111133043>				<https://panlex.org/snapshot/panlex-20191001-csv/6726#111133021>		"د تيموتيوس په نوم د پولوس رسول دويم خط"@pst	
"Hebreerbrevet"@sv	<https://panlex.org/snapshot/panlex-20191001-csv/6726#111133467>				<https://panlex.org/snapshot/panlex-20191001-csv/6726#111133517>		"د عبرانيانو په نوم خط"@pst	
"Kolosserbrevet"@sv	<https://panlex.org/snapshot/panlex-20191001-csv/6726#111132299>				<https://panlex.org/snapshot/panlex-20191001-csv/6726#111132324>		"د کولوسيانو په نوم د پولوس رسول خط"@pst	
"Uppenbarelseboken"@sv	<https://panlex.org/snapshot/panlex-20191001-csv/6726#111134746>				<https://panlex.org/snapshot/panlex-20191001-csv/6726#111134865>		"د يوحنا مکاشفات"@pst	
"Första Thessalonikerbrevet"@sv	<https://panlex.org/snapshot/panlex-20191001-csv/6726#111132470>				<https://panlex.org/snapshot/panlex-20191001-csv/6726#111132448>		"د تسالونيکيانو په نوم د پولوس رسول اول خط"@pst	
"Matteusevangeliet"@sv	<https://panlex.org/snapshot/panlex-20191001-csv/6726#111130557>				<https://panlex.org/snapshot/panlex-20191001-csv/6726#111130616>		"د متىٰ په مطابق د مالک عيسىٰ مسيح زيرې"@pst	
"Judas brev"@sv	<https://panlex.org/snapshot/panlex-20191001-csv/6726#111134559>				<https://panlex.org/snapshot/panlex-20191001-csv/6726#111134574>		"د يهوداه خط"@pst	
"Första Timoteusbrevet"@sv	<https://panlex.org/snapshot/panlex-20191001-csv/6726#111132912>				<https://panlex.org/snapshot/panlex-20191001-csv/6726#111132840>		"د تيموتيوس په نوم د پولوس رسول اول خط"@pst	
"Brevet till Filemon"@sv	<https://panlex.org/snapshot/panlex-20191001-csv/6726#111133249>				<https://panlex.org/snapshot/panlex-20191001-csv/6726#111133357>		"د فيليمون په نوم د پولوس رسول خط"@pst	
"Lukasevangeliet"@sv	<https://panlex.org/snapshot/panlex-20191001-csv/6726#111130871>				<https://panlex.org/snapshot/panlex-20191001-csv/6726#111130943>		"د لوقا په مطابق د مالک عيسىٰ مسيح زيرې"@pst	
"Första Petrusbrevet"@sv	<https://panlex.org/snapshot/panlex-20191001-csv/6726#111133822>				<https://panlex.org/snapshot/panlex-20191001-csv/6726#111133758>		"د پطروس رسول اول خط"@pst	
"Andra Johannesbrevet"@sv	<https://panlex.org/snapshot/panlex-20191001-csv/6726#111134301>				<https://panlex.org/snapshot/panlex-20191001-csv/6726#111134291>		"د يوحنا رسول دويم خط"@pst	
"Efesierbrevet"@sv	<https://panlex.org/snapshot/panlex-20191001-csv/6726#111132026>				<https://panlex.org/snapshot/panlex-20191001-csv/6726#111131956>		"د افسيانو په نوم د پولوس رسول خط"@pst	
"Johannesevangeliet"@sv	<https://panlex.org/snapshot/panlex-20191001-csv/6726#111131048>				<https://panlex.org/snapshot/panlex-20191001-csv/6726#111131012>		"د يوحنا په مطابق د مالک عيسىٰ مسيح زيرې"@pst	
"Romarbrevet"@sv	<https://panlex.org/snapshot/panlex-20191001-csv/6726#111131434>				<https://panlex.org/snapshot/panlex-20191001-csv/6726#111131343>		"د روميانو په نوم د پولوس رسول خط"@pst	
"Andra Petrusbrevet"@sv	<https://panlex.org/snapshot/panlex-20191001-csv/6726#111133928>				<https://panlex.org/snapshot/panlex-20191001-csv/6726#111133929>		"د پطروس رسول دويم خط"@pst	
"Titusbrevet"@sv	<https://panlex.org/snapshot/panlex-20191001-csv/6726#111133135>				<https://panlex.org/snapshot/panlex-20191001-csv/6726#111133109>		"د تيطوس په نوم د پولوس رسول خط"@pst	
"Första Korinthierbrevet"@sv	<https://panlex.org/snapshot/panlex-20191001-csv/6726#111131436>				<https://panlex.org/snapshot/panlex-20191001-csv/6726#111131482>		"د کورنتيانو په نوم د پولوس رسول اول خط"@pst	
"språkvetenskap"@sv	<https://panlex.org/snapshot/panlex-20191001-csv/2904#111023160>				<https://panlex.org/snapshot/panlex-20191001-csv/2904#111023070>		"ژبپوهنه"@pst	
"medicin"@sv	<https://panlex.org/snapshot/panlex-20191001-csv/2904#111023576>				<https://panlex.org/snapshot/panlex-20191001-csv/2904#111023554>		"طبابت"@pst	
"universitet"@sv	<https://panlex.org/snapshot/panlex-20191001-csv/2904#111024597>				<https://panlex.org/snapshot/panlex-20191001-csv/2904#111024445>		"پوهنتون"@pst	
"astronomi"@sv	<https://panlex.org/snapshot/panlex-20191001-csv/2904#111022121>				<https://panlex.org/snapshot/panlex-20191001-csv/2904#111021919>		"ستورپوهنه"@pst	
"arkitektur"@sv	<https://panlex.org/snapshot/panlex-20191001-csv/2904#111021795>				<https://panlex.org/snapshot/panlex-20191001-csv/2904#111021881>		"معماري"@pst	
"arkitektur"@sv	<https://panlex.org/snapshot/panlex-20191001-csv/2904#111021795>				<https://panlex.org/snapshot/panlex-20191001-csv/2904#111021715>		"مهندسي"@pst	
"lingvistik"@sv	<https://panlex.org/snapshot/panlex-20191001-csv/2904#111023172>				<https://panlex.org/snapshot/panlex-20191001-csv/2904#111023070>		"ژبپوهنه"@pst	
"geografi"@sv	<https://panlex.org/snapshot/panlex-20191001-csv/2904#111022676>				<https://panlex.org/snapshot/panlex-20191001-csv/2904#111022648>		"جغرافيه"@pst	
"geografi"@sv	<https://panlex.org/snapshot/panlex-20191001-csv/2904#111022676>				<https://panlex.org/snapshot/panlex-20191001-csv/2904#111022796>		"ځمک انځورنه"@pst	
"historia"@sv	<https://panlex.org/snapshot/panlex-20191001-csv/2904#111022939>				<https://panlex.org/snapshot/panlex-20191001-csv/2904#111022840>		"تاريخ"@pst	
"filosofi"@sv	<https://panlex.org/snapshot/panlex-20191001-csv/2904#111023881>				<https://panlex.org/snapshot/panlex-20191001-csv/2904#111023777>		"فلسفه"@pst	
"vetenskap"@sv	<https://panlex.org/snapshot/panlex-20191001-csv/2904#111024324>				<https://panlex.org/snapshot/panlex-20191001-csv/2904#111024352>		"ساينس"@pst	
"vetenskap"@sv	<https://panlex.org/snapshot/panlex-20191001-csv/2904#111024324>				<https://panlex.org/snapshot/panlex-20191001-csv/2904#111024295>		"پوهه"@pst	
"fysik"@sv	<https://panlex.org/snapshot/panlex-20191001-csv/2904#111024071>				<https://panlex.org/snapshot/panlex-20191001-csv/2904#111024151>		"فزيک"@pst	
"biologi"@sv	<https://panlex.org/snapshot/panlex-20191001-csv/2904#111022270>				<https://panlex.org/snapshot/panlex-20191001-csv/2904#111022294>		"بيولوژي"@pst	
"biologi"@sv	<https://panlex.org/snapshot/panlex-20191001-csv/2904#111022270>				<https://panlex.org/snapshot/panlex-20191001-csv/2904#111022159>		"ژواکپېژندنه"@pst	
"kemi"@sv	<https://panlex.org/snapshot/panlex-20191001-csv/2904#111022380>				<https://panlex.org/snapshot/panlex-20191001-csv/2904#111022479>		"کيميا"@pst	
"matematik"@sv	<https://panlex.org/snapshot/panlex-20191001-csv/2904#111023503>				<https://panlex.org/snapshot/panlex-20191001-csv/2904#111023496>		"رياضيات"@pst	
"Norra polcirkeln"@sv	<https://panlex.org/snapshot/panlex-20191001-csv/2910#110854751>				<https://panlex.org/snapshot/panlex-20191001-csv/2910#110854834>		"د شمالي قطب دائره"@pst	
"Kräftans vändkrets"@sv	<https://panlex.org/snapshot/panlex-20191001-csv/2910#110854967>				<https://panlex.org/snapshot/panlex-20191001-csv/2910#110855002>		"د چونګاښ کرښه"@pst	
"Södra polcirkeln"@sv	<https://panlex.org/snapshot/panlex-20191001-csv/2910#110855512>				<https://panlex.org/snapshot/panlex-20191001-csv/2910#110855501>		"د سهيلي قطب دائره"@pst	
"Stenbockens vändkrets"@sv	<https://panlex.org/snapshot/panlex-20191001-csv/2910#110855274>				<https://panlex.org/snapshot/panlex-20191001-csv/2910#110855237>		"د مرغومۍ کرښه"@pst	
"Sydpolen"@sv	<https://panlex.org/snapshot/panlex-20191001-csv/2910#110855665>				<https://panlex.org/snapshot/panlex-20191001-csv/2910#110855536>		"سهيلي قطب"@pst	
"Ekvator"@sv	<https://panlex.org/snapshot/panlex-20191001-csv/2910#110855221>				<https://panlex.org/snapshot/panlex-20191001-csv/2910#110855172>		"د استوا کرښه"@pst	
"Nordpolen"@sv	<https://panlex.org/snapshot/panlex-20191001-csv/2910#110854656>				<https://panlex.org/snapshot/panlex-20191001-csv/2910#110854610>		"شمالي قطب"@pst	
"fred"@sv	<https://panlex.org/snapshot/panlex-20191001-csv/2902#111012323>				<https://panlex.org/snapshot/panlex-20191001-csv/2902#111012029>		"سوله"@pst	
"Jordan"@sv	<https://panlex.org/snapshot/panlex-20191001-csv/2903#110872677>				<https://panlex.org/snapshot/panlex-20191001-csv/2903#110872667>		"رود اردن"@pst	
"Amu-Darja"@sv	<https://panlex.org/snapshot/panlex-20191001-csv/2903#110871820>				<https://panlex.org/snapshot/panlex-20191001-csv/2903#110871844>		"جيحون"@pst	
"Amu-Darja"@sv	<https://panlex.org/snapshot/panlex-20191001-csv/2903#110871820>				<https://panlex.org/snapshot/panlex-20191001-csv/2903#110871872>		"آمو"@pst	
"Nordsjön"@sv	<https://panlex.org/snapshot/panlex-20191001-csv/2905#110870620>				<https://panlex.org/snapshot/panlex-20191001-csv/2905#110870710>		"شمالي سمندر"@pst	
"Persiska viken"@sv	<https://panlex.org/snapshot/panlex-20191001-csv/2905#110870827>				<https://panlex.org/snapshot/panlex-20191001-csv/2905#110870798>		"د فارس خليج"@pst	
"Bengaliska bukten"@sv	<https://panlex.org/snapshot/panlex-20191001-csv/2905#110868882>				<https://panlex.org/snapshot/panlex-20191001-csv/2905#110868853>		"د بنګال خليج"@pst	
"Engelska kanalen"@sv	<https://panlex.org/snapshot/panlex-20191001-csv/2905#110870237>				<https://panlex.org/snapshot/panlex-20191001-csv/2905#110870184>		"انګريزي کانال"@pst	
"Röda havet"@sv	<https://panlex.org/snapshot/panlex-20191001-csv/2905#110871105>				<https://panlex.org/snapshot/panlex-20191001-csv/2905#110871117>		"سور سمندر"@pst	
"Bengaliska viken"@sv	<https://panlex.org/snapshot/panlex-20191001-csv/2905#110868991>				<https://panlex.org/snapshot/panlex-20191001-csv/2905#110868853>		"د بنګال خليج"@pst	
"Vita havet"@sv	<https://panlex.org/snapshot/panlex-20191001-csv/2905#110871346>				<https://panlex.org/snapshot/panlex-20191001-csv/2905#110871441>		"سپين سمندر"@pst	
"Karibiska havet"@sv	<https://panlex.org/snapshot/panlex-20191001-csv/2905#110869499>				<https://panlex.org/snapshot/panlex-20191001-csv/2905#110869433>		"د کارائيب سمندر"@pst	
"Gula havet"@sv	<https://panlex.org/snapshot/panlex-20191001-csv/2905#110871466>				<https://panlex.org/snapshot/panlex-20191001-csv/2905#110871584>		"زيړ سمندر"@pst	
"Svarta havet"@sv	<https://panlex.org/snapshot/panlex-20191001-csv/2905#110869005>				<https://panlex.org/snapshot/panlex-20191001-csv/2905#110869024>		"تور سمندر"@pst	
"Östersjön"@sv	<https://panlex.org/snapshot/panlex-20191001-csv/2905#110868742>				<https://panlex.org/snapshot/panlex-20191001-csv/2905#110868653>		"د بالتيک سمندر"@pst	
"Kaspiska havet"@sv	<https://panlex.org/snapshot/panlex-20191001-csv/2905#110869569>				<https://panlex.org/snapshot/panlex-20191001-csv/2905#110869650>		"د خزر سمندر"@pst	
"Arabiska havet"@sv	<https://panlex.org/snapshot/panlex-20191001-csv/2905#110868528>				<https://panlex.org/snapshot/panlex-20191001-csv/2905#110868517>		"د عرب سمندر"@pst	
"Döda havet"@sv	<https://panlex.org/snapshot/panlex-20191001-csv/2905#110869916>				<https://panlex.org/snapshot/panlex-20191001-csv/2905#110869986>		"مړ سمندر"@pst	
"Korallhavet"@sv	<https://panlex.org/snapshot/panlex-20191001-csv/2905#110869850>				<https://panlex.org/snapshot/panlex-20191001-csv/2905#110869748>		"د مرجان سمندر"@pst	
"Merkurius"@sv	<https://panlex.org/snapshot/panlex-20191001-csv/2907#110845214>				<https://panlex.org/snapshot/panlex-20191001-csv/2907#110845083>		"عطارد"@pst	
"Ceres"@sv	<https://panlex.org/snapshot/panlex-20191001-csv/2907#110846199>				<https://panlex.org/snapshot/panlex-20191001-csv/2907#110846293>		"سيريس"@pst	
"Saturnus"@sv	<https://panlex.org/snapshot/panlex-20191001-csv/2907#110846563>				<https://panlex.org/snapshot/panlex-20191001-csv/2907#110846719>		"زحل"@pst	
"Månen"@sv	<https://panlex.org/snapshot/panlex-20191001-csv/2907#110845772>				<https://panlex.org/snapshot/panlex-20191001-csv/2907#110845830>		"مياشت"@pst	
"Solsystemet"@sv	<https://panlex.org/snapshot/panlex-20191001-csv/2907#110848201>				<https://panlex.org/snapshot/panlex-20191001-csv/2907#110848273>		"لمرېز نظام"@pst	
"Venus"@sv	<https://panlex.org/snapshot/panlex-20191001-csv/2907#110845339>				<https://panlex.org/snapshot/panlex-20191001-csv/2907#110845428>		"زهره"@pst	
"Uranus"@sv	<https://panlex.org/snapshot/panlex-20191001-csv/2907#110846870>				<https://panlex.org/snapshot/panlex-20191001-csv/2907#110846874>		"اورانوس"@pst	
"Makemake"@sv	<https://panlex.org/snapshot/panlex-20191001-csv/2907#110847742>				<https://panlex.org/snapshot/panlex-20191001-csv/2907#110847638>		"ماکيماکي"@pst	
"svart hål"@sv	<https://panlex.org/snapshot/panlex-20191001-csv/2907#110849481>				<https://panlex.org/snapshot/panlex-20191001-csv/2907#110849664>		"تور سورۍ"@pst	
"Jorden"@sv	<https://panlex.org/snapshot/panlex-20191001-csv/2907#110845535>				<https://panlex.org/snapshot/panlex-20191001-csv/2907#110845609>		"ځمکه"@pst	
"Jupiter"@sv	<https://panlex.org/snapshot/panlex-20191001-csv/2907#110846528>				<https://panlex.org/snapshot/panlex-20191001-csv/2907#110846512>		"مشتري"@pst	
"Solen"@sv	<https://panlex.org/snapshot/panlex-20191001-csv/2907#110845062>				<https://panlex.org/snapshot/panlex-20191001-csv/2907#110844926>		"لمر"@pst	
"relativitetsteori"@sv	<https://panlex.org/snapshot/panlex-20191001-csv/2907#110849770>				<https://panlex.org/snapshot/panlex-20191001-csv/2907#110849758>		"د نسبيت تيوري"@pst	
"Eris"@sv	<https://panlex.org/snapshot/panlex-20191001-csv/2907#110847924>				<https://panlex.org/snapshot/panlex-20191001-csv/2907#110847949>		"اېريس"@pst	
"Mars"@sv	<https://panlex.org/snapshot/panlex-20191001-csv/2907#110846085>				<https://panlex.org/snapshot/panlex-20191001-csv/2907#110846099>		"مريخ"@pst	
"Haumea"@sv	<https://panlex.org/snapshot/panlex-20191001-csv/2907#110847574>				<https://panlex.org/snapshot/panlex-20191001-csv/2907#110847465>		"هائوميا"@pst	
"Neptunus"@sv	<https://panlex.org/snapshot/panlex-20191001-csv/2907#110847021>				<https://panlex.org/snapshot/panlex-20191001-csv/2907#110847000>		"نېپټون"@pst	
"Pluto"@sv	<https://panlex.org/snapshot/panlex-20191001-csv/2907#110847221>				<https://panlex.org/snapshot/panlex-20191001-csv/2907#110847362>		"پلوټو"@pst	
"Universum"@sv	<https://panlex.org/snapshot/panlex-20191001-csv/2907#110849085>				<https://panlex.org/snapshot/panlex-20191001-csv/2907#110849071>		"کاينات"@pst	
"Stilla havet"@sv	<https://panlex.org/snapshot/panlex-20191001-csv/2901#110868037>				<https://panlex.org/snapshot/panlex-20191001-csv/2901#110867999>		"د ارام سمندر"@pst	
"Atlantiska oceanen"@sv	<https://panlex.org/snapshot/panlex-20191001-csv/2901#110867519>				<https://panlex.org/snapshot/panlex-20191001-csv/2901#110867521>		"د اتلس سمندر"@pst	
"Södra oceanen"@sv	<https://panlex.org/snapshot/panlex-20191001-csv/2901#110868385>				<https://panlex.org/snapshot/panlex-20191001-csv/2901#110868322>		"سهيلي سمندر"@pst	
"Antarktiska oceanen"@sv	<https://panlex.org/snapshot/panlex-20191001-csv/2901#110868372>				<https://panlex.org/snapshot/panlex-20191001-csv/2901#110868322>		"سهيلي سمندر"@pst	
"Södra ishavet"@sv	<https://panlex.org/snapshot/panlex-20191001-csv/2901#110868374>				<https://panlex.org/snapshot/panlex-20191001-csv/2901#110868322>		"سهيلي سمندر"@pst	
"Arktiska oceanen"@sv	<https://panlex.org/snapshot/panlex-20191001-csv/2901#110867312>				<https://panlex.org/snapshot/panlex-20191001-csv/2901#110867113>		"شمالي منجمد سمندر"@pst	
"Atlanten"@sv	<https://panlex.org/snapshot/panlex-20191001-csv/2901#110867424>				<https://panlex.org/snapshot/panlex-20191001-csv/2901#110867521>		"د اتلس سمندر"@pst	
"Indiska oceanen"@sv	<https://panlex.org/snapshot/panlex-20191001-csv/2901#110867841>				<https://panlex.org/snapshot/panlex-20191001-csv/2901#110867775>		"د هند سمندر"@pst	
"Ishavet"@sv	<https://panlex.org/snapshot/panlex-20191001-csv/2901#110867164>				<https://panlex.org/snapshot/panlex-20191001-csv/2901#110867113>		"شمالي منجمد سمندر"@pst	
"Norra ishavet"@sv	<https://panlex.org/snapshot/panlex-20191001-csv/2901#110867350>				<https://panlex.org/snapshot/panlex-20191001-csv/2901#110867113>		"شمالي منجمد سمندر"@pst	
"Konfucius"@sv	<https://panlex.org/snapshot/panlex-20191001-csv/2906#111019942>				<https://panlex.org/snapshot/panlex-20191001-csv/2906#111019983>		"کنفيوشيوس"@pst	
"Adam och Eva"@sv	<https://panlex.org/snapshot/panlex-20191001-csv/2906#111019131>				<https://panlex.org/snapshot/panlex-20191001-csv/2906#111019186>		"آدم و حوا"@pst	
"Djingis khan"@sv	<https://panlex.org/snapshot/panlex-20191001-csv/2906#111020053>				<https://panlex.org/snapshot/panlex-20191001-csv/2906#111020160>		"چنګېز خان"@pst	
"Platon"@sv	<https://panlex.org/snapshot/panlex-20191001-csv/2906#111020850>				<https://panlex.org/snapshot/panlex-20191001-csv/2906#111020839>		"افلاطون"@pst	
"Sokrates"@sv	<https://panlex.org/snapshot/panlex-20191001-csv/2906#111021229>				<https://panlex.org/snapshot/panlex-20191001-csv/2906#111021244>		"سقراط"@pst	
"Zarathustra"@sv	<https://panlex.org/snapshot/panlex-20191001-csv/2906#111021591>				<https://panlex.org/snapshot/panlex-20191001-csv/2906#111021677>		"زردشت"@pst	
"nickel"@sv	<https://panlex.org/snapshot/panlex-20191001-csv/2893#110993084>				<https://panlex.org/snapshot/panlex-20191001-csv/2893#110993118>		"نيکل"@pst	
"brom"@sv	<https://panlex.org/snapshot/panlex-20191001-csv/2893#110993790>				<https://panlex.org/snapshot/panlex-20191001-csv/2893#110993797>		"برومين"@pst	
"kvicksilver"@sv	<https://panlex.org/snapshot/panlex-20191001-csv/2893#110995540>				<https://panlex.org/snapshot/panlex-20191001-csv/2893#110995479>		"سيماب"@pst	
"väte"@sv	<https://panlex.org/snapshot/panlex-20191001-csv/2893#110989456>				<https://panlex.org/snapshot/panlex-20191001-csv/2893#110989422>		"هايدروجن"@pst	
"antimon"@sv	<https://panlex.org/snapshot/panlex-20191001-csv/2893#110994567>				<https://panlex.org/snapshot/panlex-20191001-csv/2893#110994557>		"انتي‌مني"@pst	
"bly"@sv	<https://panlex.org/snapshot/panlex-20191001-csv/2893#110995628>				<https://panlex.org/snapshot/panlex-20191001-csv/2893#110995676>		"سرب"@pst	
"svavel"@sv	<https://panlex.org/snapshot/panlex-20191001-csv/2893#110991902>				<https://panlex.org/snapshot/panlex-20191001-csv/2893#110991945>		"سلفر"@pst	
"svavel"@sv	<https://panlex.org/snapshot/panlex-20191001-csv/2893#110991902>				<https://panlex.org/snapshot/panlex-20191001-csv/2893#110991833>		"ګوګړ"@pst	
"kisel"@sv	<https://panlex.org/snapshot/panlex-20191001-csv/2893#110991493>				<https://panlex.org/snapshot/panlex-20191001-csv/2893#110991555>		"سليکان"@pst	
"arsenik"@sv	<https://panlex.org/snapshot/panlex-20191001-csv/2893#110993589>				<https://panlex.org/snapshot/panlex-20191001-csv/2893#110993637>		"ارسېنک"@pst	
"klor"@sv	<https://panlex.org/snapshot/panlex-20191001-csv/2893#110992126>				<https://panlex.org/snapshot/panlex-20191001-csv/2893#110992123>		"کلورين"@pst	
"platina"@sv	<https://panlex.org/snapshot/panlex-20191001-csv/2893#110994984>				<https://panlex.org/snapshot/panlex-20191001-csv/2893#110994978>		"پلاتين"@pst	
"guld"@sv	<https://panlex.org/snapshot/panlex-20191001-csv/2893#110995220>				<https://panlex.org/snapshot/panlex-20191001-csv/2893#110995288>		"زر"@pst	
"magnesium"@sv	<https://panlex.org/snapshot/panlex-20191001-csv/2893#110991074>				<https://panlex.org/snapshot/panlex-20191001-csv/2893#110991081>		"مګنيزيم"@pst	
"fluor"@sv	<https://panlex.org/snapshot/panlex-20191001-csv/2893#110990654>				<https://panlex.org/snapshot/panlex-20191001-csv/2893#110990638>		"فلورين"@pst	
"silver"@sv	<https://panlex.org/snapshot/panlex-20191001-csv/2893#110993970>				<https://panlex.org/snapshot/panlex-20191001-csv/2893#110994051>		"سپين زر"@pst	
"periodiska systemet"@sv	<https://panlex.org/snapshot/panlex-20191001-csv/2893#110989228>				<https://panlex.org/snapshot/panlex-20191001-csv/2893#110989142>		"دوره‌يي جدول"@pst	
"kol"@sv	<https://panlex.org/snapshot/panlex-20191001-csv/2893#110990056>				<https://panlex.org/snapshot/panlex-20191001-csv/2893#110989944>		"کاربن"@pst	
"jod"@sv	<https://panlex.org/snapshot/panlex-20191001-csv/2893#110994703>				<https://panlex.org/snapshot/panlex-20191001-csv/2893#110994597>		"آيوډين"@pst	
"neon"@sv	<https://panlex.org/snapshot/panlex-20191001-csv/2893#110990847>				<https://panlex.org/snapshot/panlex-20191001-csv/2893#110990749>		"نيون"@pst	
"tenn"@sv	<https://panlex.org/snapshot/panlex-20191001-csv/2893#110994306>				<https://panlex.org/snapshot/panlex-20191001-csv/2893#110994339>		"قلعي"@pst	
"järn"@sv	<https://panlex.org/snapshot/panlex-20191001-csv/2893#110992793>				<https://panlex.org/snapshot/panlex-20191001-csv/2893#110992620>		"اوسپنه"@pst	
"kväve"@sv	<https://panlex.org/snapshot/panlex-20191001-csv/2893#110990069>				<https://panlex.org/snapshot/panlex-20191001-csv/2893#110990135>		"نايتروجن"@pst	
"kobolt"@sv	<https://panlex.org/snapshot/panlex-20191001-csv/2893#110992843>				<https://panlex.org/snapshot/panlex-20191001-csv/2893#110992973>		"کوبالټ"@pst	
"koppar"@sv	<https://panlex.org/snapshot/panlex-20191001-csv/2893#110993229>				<https://panlex.org/snapshot/panlex-20191001-csv/2893#110993308>		"مس"@pst	
"fosfor"@sv	<https://panlex.org/snapshot/panlex-20191001-csv/2893#110991708>				<https://panlex.org/snapshot/panlex-20191001-csv/2893#110991641>		"فاسفورس"@pst	
"aluminium"@sv	<https://panlex.org/snapshot/panlex-20191001-csv/2893#110991269>				<https://panlex.org/snapshot/panlex-20191001-csv/2893#110991392>		"الومينيم"@pst	
"syre"@sv	<https://panlex.org/snapshot/panlex-20191001-csv/2893#110990365>				<https://panlex.org/snapshot/panlex-20191001-csv/2893#110990432>		"اکسيجن"@pst	
"uran"@sv	<https://panlex.org/snapshot/panlex-20191001-csv/2893#110995840>				<https://panlex.org/snapshot/panlex-20191001-csv/2893#110995838>		"يورانيم"@pst	
"bor"@sv	<https://panlex.org/snapshot/panlex-20191001-csv/2893#110989780>				<https://panlex.org/snapshot/panlex-20191001-csv/2893#110989687>		"بورون"@pst	
"volfram"@sv	<https://panlex.org/snapshot/panlex-20191001-csv/2893#110994877>				<https://panlex.org/snapshot/panlex-20191001-csv/2893#110994779>		"ټنګسټن"@pst	
"kalium"@sv	<https://panlex.org/snapshot/panlex-20191001-csv/2893#110992319>				<https://panlex.org/snapshot/panlex-20191001-csv/2893#110992354>		"پوتاشيم"@pst	
"kalcium"@sv	<https://panlex.org/snapshot/panlex-20191001-csv/2893#110992556>				<https://panlex.org/snapshot/panlex-20191001-csv/2893#110992552>		"کلسيم"@pst	
"helium"@sv	<https://panlex.org/snapshot/panlex-20191001-csv/2893#110989647>				<https://panlex.org/snapshot/panlex-20191001-csv/2893#110989524>		"هيليم"@pst	
"zink"@sv	<https://panlex.org/snapshot/panlex-20191001-csv/2893#110993538>				<https://panlex.org/snapshot/panlex-20191001-csv/2893#110993483>		"کوټ"@pst	
"natrium"@sv	<https://panlex.org/snapshot/panlex-20191001-csv/2893#110990868>				<https://panlex.org/snapshot/panlex-20191001-csv/2893#110990951>		"سوډيم"@pst	
"IOK"@sv	<https://panlex.org/snapshot/panlex-20191001-csv/2894#111100607>				<https://panlex.org/snapshot/panlex-20191001-csv/2894#111100680>		"د المپيک بين المللي کميټه"@pst	
"Förenta Nationerna"@sv	<https://panlex.org/snapshot/panlex-20191001-csv/2894#111101963>				<https://panlex.org/snapshot/panlex-20191001-csv/2894#111102121>		"ملګري ملتونه"@pst	
"Världshandelsorganisationen"@sv	<https://panlex.org/snapshot/panlex-20191001-csv/2894#111102717>				<https://panlex.org/snapshot/panlex-20191001-csv/2894#111102762>		"د نړيوال تجارتي سازمان"@pst	
"Internationella Olympiska Kommittén"@sv	<https://panlex.org/snapshot/panlex-20191001-csv/2894#111100688>				<https://panlex.org/snapshot/panlex-20191001-csv/2894#111100680>		"د المپيک بين المللي کميټه"@pst	
"Europarådet"@sv	<https://panlex.org/snapshot/panlex-20191001-csv/2894#111100122>				<https://panlex.org/snapshot/panlex-20191001-csv/2894#111100098>		"د اروپا شورا"@pst	
"Röda Halvmånen"@sv	<https://panlex.org/snapshot/panlex-20191001-csv/2894#111101795>				<https://panlex.org/snapshot/panlex-20191001-csv/2894#111101741>		"سور هلال"@pst	
"Förenta Nationernas organisation för utbildning, vetenskap och kultur"@sv	<https://panlex.org/snapshot/panlex-20191001-csv/2894#111102264>				<https://panlex.org/snapshot/panlex-20191001-csv/2894#111102171>		"د ملګرو ملتونو د زده کړي علمي او فرهنګي سازمان"@pst	
"Röda Korset"@sv	<https://panlex.org/snapshot/panlex-20191001-csv/2894#111101617>				<https://panlex.org/snapshot/panlex-20191001-csv/2894#111101640>		"سور صليب"@pst	
"Förenta Nationernas barnfond"@sv	<https://panlex.org/snapshot/panlex-20191001-csv/2894#111102412>				<https://panlex.org/snapshot/panlex-20191001-csv/2894#111102458>		"د ملګرو ملتونو د ماشومانو صندوق"@pst	
"FN"@sv	<https://panlex.org/snapshot/panlex-20191001-csv/2894#111102021>				<https://panlex.org/snapshot/panlex-20191001-csv/2894#111102121>		"ملګري ملتونه"@pst	
"Internationella domstolen"@sv	<https://panlex.org/snapshot/panlex-20191001-csv/2894#111100444>				<https://panlex.org/snapshot/panlex-20191001-csv/2894#111100562>		"بين ‌المللي محکمه"@pst	
"Europeiska unionen"@sv	<https://panlex.org/snapshot/panlex-20191001-csv/2894#111100159>				<https://panlex.org/snapshot/panlex-20191001-csv/2894#111100341>		"اروپايي اتحاديه"@pst	
"EU"@sv	<https://panlex.org/snapshot/panlex-20191001-csv/2894#111100319>				<https://panlex.org/snapshot/panlex-20191001-csv/2894#111100341>		"اروپايي اتحاديه"@pst	
"Afrikanska unionen"@sv	<https://panlex.org/snapshot/panlex-20191001-csv/2894#111099673>				<https://panlex.org/snapshot/panlex-20191001-csv/2894#111099496>		"افريقيي اتحاديه"@pst	
"Organisationen för de amerikanska staterna"@sv	<https://panlex.org/snapshot/panlex-20191001-csv/2894#111101247>				<https://panlex.org/snapshot/panlex-20191001-csv/2894#111101172>		"د امريکايي دولتونه سازمان"@pst	
"Världshälsoorganisationen"@sv	<https://panlex.org/snapshot/panlex-20191001-csv/2894#111102529>				<https://panlex.org/snapshot/panlex-20191001-csv/2894#111102580>		"د روغتيا نړيوال سازمان"@pst	
"onsdag"@sv	<https://panlex.org/snapshot/panlex-20191001-csv/2892#110824884>				<https://panlex.org/snapshot/panlex-20191001-csv/2892#110824945>		"چارشنبې"@pst	
"onsdag"@sv	<https://panlex.org/snapshot/panlex-20191001-csv/2892#110824884>				<https://panlex.org/snapshot/panlex-20191001-csv/2892#110825208>		"چارسنبه"@pst	
"söndag"@sv	<https://panlex.org/snapshot/panlex-20191001-csv/2892#110826670>				<https://panlex.org/snapshot/panlex-20191001-csv/2892#110826935>		"يکشنبې"@pst	
"söndag"@sv	<https://panlex.org/snapshot/panlex-20191001-csv/2892#110826670>				<https://panlex.org/snapshot/panlex-20191001-csv/2892#110826717>		"يکشنبه"@pst	
"söndag"@sv	<https://panlex.org/snapshot/panlex-20191001-csv/2892#110826670>				<https://panlex.org/snapshot/panlex-20191001-csv/2892#110826791>		"اتوار"@pst	
"fredag"@sv	<https://panlex.org/snapshot/panlex-20191001-csv/2892#110826039>				<https://panlex.org/snapshot/panlex-20191001-csv/2892#110826007>		"جمعه"@pst	
"måndag"@sv	<https://panlex.org/snapshot/panlex-20191001-csv/2892#110824230>				<https://panlex.org/snapshot/panlex-20191001-csv/2892#110824131>		"دوشنبه"@pst	
"måndag"@sv	<https://panlex.org/snapshot/panlex-20191001-csv/2892#110824230>				<https://panlex.org/snapshot/panlex-20191001-csv/2892#110824090>		"دوشنبې"@pst	
"tisdag"@sv	<https://panlex.org/snapshot/panlex-20191001-csv/2892#110824606>				<https://panlex.org/snapshot/panlex-20191001-csv/2892#110824779>		"سه‌شنبې"@pst	
"tisdag"@sv	<https://panlex.org/snapshot/panlex-20191001-csv/2892#110824606>				<https://panlex.org/snapshot/panlex-20191001-csv/2892#110824642>		"سه‌شنبه"@pst	
"torsdag"@sv	<https://panlex.org/snapshot/panlex-20191001-csv/2892#110825393>				<https://panlex.org/snapshot/panlex-20191001-csv/2892#110825466>		"پنجشنبې"@pst	
"torsdag"@sv	<https://panlex.org/snapshot/panlex-20191001-csv/2892#110825393>				<https://panlex.org/snapshot/panlex-20191001-csv/2892#110825633>		"پنجسنبه"@pst	
"lördag"@sv	<https://panlex.org/snapshot/panlex-20191001-csv/2892#110826213>				<https://panlex.org/snapshot/panlex-20191001-csv/2892#110826300>		"شنبې"@pst	
"lördag"@sv	<https://panlex.org/snapshot/panlex-20191001-csv/2892#110826213>				<https://panlex.org/snapshot/panlex-20191001-csv/2892#110826352>		"شنبه"@pst	
"lövmånad"@sv	<https://panlex.org/snapshot/panlex-20191001-csv/2897#110828866>				<https://panlex.org/snapshot/panlex-20191001-csv/2897#110828796>		"مۍ"@pst	
"lövmånad"@sv	<https://panlex.org/snapshot/panlex-20191001-csv/2897#110828866>				<https://panlex.org/snapshot/panlex-20191001-csv/2897#110828672>		"مې"@pst	
"vårmånad"@sv	<https://panlex.org/snapshot/panlex-20191001-csv/2897#110828030>				<https://panlex.org/snapshot/panlex-20191001-csv/2897#110828125>		"مارچ"@pst	
"mars"@sv	<https://panlex.org/snapshot/panlex-20191001-csv/2897#110827859>				<https://panlex.org/snapshot/panlex-20191001-csv/2897#110828125>		"مارچ"@pst	
"juni"@sv	<https://panlex.org/snapshot/panlex-20191001-csv/2897#110829121>				<https://panlex.org/snapshot/panlex-20191001-csv/2897#110829393>		"جون"@pst	
"hömånad"@sv	<https://panlex.org/snapshot/panlex-20191001-csv/2897#110829648>				<https://panlex.org/snapshot/panlex-20191001-csv/2897#110829780>		"جولاي"@pst	
"januari"@sv	<https://panlex.org/snapshot/panlex-20191001-csv/2897#110827319>				<https://panlex.org/snapshot/panlex-20191001-csv/2897#110827406>		"جنوري"@pst	
"julmånad"@sv	<https://panlex.org/snapshot/panlex-20191001-csv/2897#110831912>				<https://panlex.org/snapshot/panlex-20191001-csv/2897#110831690>		"دسمبر"@pst	
"slaktmånad"@sv	<https://panlex.org/snapshot/panlex-20191001-csv/2897#110831107>				<https://panlex.org/snapshot/panlex-20191001-csv/2897#110830791>		"اکتوبر"@pst	
"blomstermånad"@sv	<https://panlex.org/snapshot/panlex-20191001-csv/2897#110828887>				<https://panlex.org/snapshot/panlex-20191001-csv/2897#110828796>		"مۍ"@pst	
"blomstermånad"@sv	<https://panlex.org/snapshot/panlex-20191001-csv/2897#110828887>				<https://panlex.org/snapshot/panlex-20191001-csv/2897#110828672>		"مې"@pst	
"vintermånad"@sv	<https://panlex.org/snapshot/panlex-20191001-csv/2897#110831327>				<https://panlex.org/snapshot/panlex-20191001-csv/2897#110831519>		"نومبر"@pst	
"juli"@sv	<https://panlex.org/snapshot/panlex-20191001-csv/2897#110829835>				<https://panlex.org/snapshot/panlex-20191001-csv/2897#110829780>		"جولاي"@pst	
"gräsmånad"@sv	<https://panlex.org/snapshot/panlex-20191001-csv/2897#110828284>				<https://panlex.org/snapshot/panlex-20191001-csv/2897#110828619>		"اپريل"@pst	
"april"@sv	<https://panlex.org/snapshot/panlex-20191001-csv/2897#110828302>				<https://panlex.org/snapshot/panlex-20191001-csv/2897#110828619>		"اپريل"@pst	
"augusti"@sv	<https://panlex.org/snapshot/panlex-20191001-csv/2897#110830111>				<https://panlex.org/snapshot/panlex-20191001-csv/2897#110829930>		"اګست"@pst	
"oktober"@sv	<https://panlex.org/snapshot/panlex-20191001-csv/2897#110831075>				<https://panlex.org/snapshot/panlex-20191001-csv/2897#110830791>		"اکتوبر"@pst	
"höstmånad"@sv	<https://panlex.org/snapshot/panlex-20191001-csv/2897#110830357>				<https://panlex.org/snapshot/panlex-20191001-csv/2897#110830545>		"سپتمبر"@pst	
"skördemånad"@sv	<https://panlex.org/snapshot/panlex-20191001-csv/2897#110829994>				<https://panlex.org/snapshot/panlex-20191001-csv/2897#110829930>		"اګست"@pst	
"november"@sv	<https://panlex.org/snapshot/panlex-20191001-csv/2897#110831468>				<https://panlex.org/snapshot/panlex-20191001-csv/2897#110831519>		"نومبر"@pst	
"december"@sv	<https://panlex.org/snapshot/panlex-20191001-csv/2897#110831941>				<https://panlex.org/snapshot/panlex-20191001-csv/2897#110831690>		"دسمبر"@pst	
"maj"@sv	<https://panlex.org/snapshot/panlex-20191001-csv/2897#110828906>				<https://panlex.org/snapshot/panlex-20191001-csv/2897#110828796>		"مۍ"@pst	
"maj"@sv	<https://panlex.org/snapshot/panlex-20191001-csv/2897#110828906>				<https://panlex.org/snapshot/panlex-20191001-csv/2897#110828672>		"مې"@pst	
"torsmånad"@sv	<https://panlex.org/snapshot/panlex-20191001-csv/2897#110827363>				<https://panlex.org/snapshot/panlex-20191001-csv/2897#110827406>		"جنوري"@pst	
"sommarmånad"@sv	<https://panlex.org/snapshot/panlex-20191001-csv/2897#110829332>				<https://panlex.org/snapshot/panlex-20191001-csv/2897#110829393>		"جون"@pst	
"september"@sv	<https://panlex.org/snapshot/panlex-20191001-csv/2897#110830445>				<https://panlex.org/snapshot/panlex-20191001-csv/2897#110830545>		"سپتمبر"@pst	
"februari"@sv	<https://panlex.org/snapshot/panlex-20191001-csv/2897#110827841>				<https://panlex.org/snapshot/panlex-20191001-csv/2897#110827794>		"فبروري"@pst	
"göjemånad"@sv	<https://panlex.org/snapshot/panlex-20191001-csv/2897#110827562>				<https://panlex.org/snapshot/panlex-20191001-csv/2897#110827794>		"فبروري"@pst	
"Afrika"@sv	<https://panlex.org/snapshot/panlex-20191001-csv/2891#110853079>				<https://panlex.org/snapshot/panlex-20191001-csv/2891#110852995>		"افريقه"@pst	
"Afrika"@sv	<https://panlex.org/snapshot/panlex-20191001-csv/2891#110853079>				<https://panlex.org/snapshot/panlex-20191001-csv/2891#110853213>		"افريقا"@pst	
"Asien"@sv	<https://panlex.org/snapshot/panlex-20191001-csv/2891#110853790>				<https://panlex.org/snapshot/panlex-20191001-csv/2891#110853810>		"اېشيا"@pst	
"Asien"@sv	<https://panlex.org/snapshot/panlex-20191001-csv/2891#110853790>				<https://panlex.org/snapshot/panlex-20191001-csv/2891#110853839>		"اسيا"@pst	
"Antarktis"@sv	<https://panlex.org/snapshot/panlex-20191001-csv/2891#110853578>				<https://panlex.org/snapshot/panlex-20191001-csv/2891#110853581>		"انتارکتيکا"@pst	
"Antarktis"@sv	<https://panlex.org/snapshot/panlex-20191001-csv/2891#110853578>				<https://panlex.org/snapshot/panlex-20191001-csv/2891#110853743>		"سهيلي قطب"@pst	
"Oceanien"@sv	<https://panlex.org/snapshot/panlex-20191001-csv/2891#110854524>				<https://panlex.org/snapshot/panlex-20191001-csv/2891#110854407>		"اوقيانوسيه"@pst	
"Europa"@sv	<https://panlex.org/snapshot/panlex-20191001-csv/2891#110854239>				<https://panlex.org/snapshot/panlex-20191001-csv/2891#110854128>		"يورپ"@pst	
"Europa"@sv	<https://panlex.org/snapshot/panlex-20191001-csv/2891#110854239>				<https://panlex.org/snapshot/panlex-20191001-csv/2891#110854161>		"فرنګستان"@pst	
"Europa"@sv	<https://panlex.org/snapshot/panlex-20191001-csv/2891#110854239>				<https://panlex.org/snapshot/panlex-20191001-csv/2891#110854305>		"اروپا"@pst	
"Amerika"@sv	<https://panlex.org/snapshot/panlex-20191001-csv/2891#110853284>				<https://panlex.org/snapshot/panlex-20191001-csv/2891#110853349>		"امريکا"@pst	
"Koranen"@sv	<https://panlex.org/snapshot/panlex-20191001-csv/2899#111113310>				<https://panlex.org/snapshot/panlex-20191001-csv/2899#111113261>		"قرآن"@pst	
"Muslim"@sv	<https://panlex.org/snapshot/panlex-20191001-csv/2899#111113061>				<https://panlex.org/snapshot/panlex-20191001-csv/2899#111113163>		"مسلم"@pst	
"Muslim"@sv	<https://panlex.org/snapshot/panlex-20191001-csv/2899#111113061>				<https://panlex.org/snapshot/panlex-20191001-csv/2899#111113084>		"مسلمان"@pst	
"Jude"@sv	<https://panlex.org/snapshot/panlex-20191001-csv/2899#111111743>				<https://panlex.org/snapshot/panlex-20191001-csv/2899#111111745>		"يهود"@pst	
"Kristendom"@sv	<https://panlex.org/snapshot/panlex-20191001-csv/2899#111112264>				<https://panlex.org/snapshot/panlex-20191001-csv/2899#111112219>		"عیسویت"@pst	
"Bibeln"@sv	<https://panlex.org/snapshot/panlex-20191001-csv/2899#111112572>				<https://panlex.org/snapshot/panlex-20191001-csv/2899#111112483>		"انجيل"@pst	
"Mose"@sv	<https://panlex.org/snapshot/panlex-20191001-csv/2899#111111926>				<https://panlex.org/snapshot/panlex-20191001-csv/2899#111111907>		"موسی"@pst	
"kyrka"@sv	<https://panlex.org/snapshot/panlex-20191001-csv/2899#111112756>				<https://panlex.org/snapshot/panlex-20191001-csv/2899#111112821>		"کليسا"@pst	
"Kristen"@sv	<https://panlex.org/snapshot/panlex-20191001-csv/2899#111112329>				<https://panlex.org/snapshot/panlex-20191001-csv/2899#111112462>		"عيسوي"@pst	
"Judendom"@sv	<https://panlex.org/snapshot/panlex-20191001-csv/2899#111111529>				<https://panlex.org/snapshot/panlex-20191001-csv/2899#111111560>		"يهوديت"@pst	
"Torah"@sv	<https://panlex.org/snapshot/panlex-20191001-csv/2899#111111774>				<https://panlex.org/snapshot/panlex-20191001-csv/2899#111111861>		"تورات"@pst	
"Islam"@sv	<https://panlex.org/snapshot/panlex-20191001-csv/2899#111112943>				<https://panlex.org/snapshot/panlex-20191001-csv/2899#111112947>		"اسلام"@pst	
"Jesus Kristus"@sv	<https://panlex.org/snapshot/panlex-20191001-csv/2899#111112608>				<https://panlex.org/snapshot/panlex-20191001-csv/2899#111112648>		"حضرت عيسی"@pst	
"synagoga"@sv	<https://panlex.org/snapshot/panlex-20191001-csv/2899#111112150>				<https://panlex.org/snapshot/panlex-20191001-csv/2899#111112051>		"د يهودانو جومات"@pst	
"Abrahamitiska religioner"@sv	<https://panlex.org/snapshot/panlex-20191001-csv/2899#111113630>				<https://panlex.org/snapshot/panlex-20191001-csv/2899#111113750>		"مذهبونا ابراهيمي"@pst	
"Muhammed"@sv	<https://panlex.org/snapshot/panlex-20191001-csv/2899#111113324>				<https://panlex.org/snapshot/panlex-20191001-csv/2899#111113376>		"محمد"@pst	
"moské"@sv	<https://panlex.org/snapshot/panlex-20191001-csv/2899#111113589>				<https://panlex.org/snapshot/panlex-20191001-csv/2899#111113596>		"جومات"@pst	
