"pyrmūdīne"@ltg	<https://panlex.org/snapshot/panlex-20191001-csv/2892#110824188>				<https://panlex.org/snapshot/panlex-20191001-csv/2892#110824355>		"иттлин"@agx	
"trešdīne"@ltg	<https://panlex.org/snapshot/panlex-20191001-csv/2892#110824886>				<https://panlex.org/snapshot/panlex-20191001-csv/2892#110825226>		"ъӏарба"@agx	
"pīktdīne"@ltg	<https://panlex.org/snapshot/panlex-20191001-csv/2892#110825744>				<https://panlex.org/snapshot/panlex-20191001-csv/2892#110825958>		"джумъӏа"@agx	
"ūtardīne"@ltg	<https://panlex.org/snapshot/panlex-20191001-csv/2892#110824750>				<https://panlex.org/snapshot/panlex-20191001-csv/2892#110824448>		"салас"@agx	
"catūrtdīne"@ltg	<https://panlex.org/snapshot/panlex-20191001-csv/2892#110825579>				<https://panlex.org/snapshot/panlex-20191001-csv/2892#110825366>		"хамис"@agx	
"sastdīne"@ltg	<https://panlex.org/snapshot/panlex-20191001-csv/2892#110826287>				<https://panlex.org/snapshot/panlex-20191001-csv/2892#110826350>		"киш"@agx	
"svātdīne"@ltg	<https://panlex.org/snapshot/panlex-20191001-csv/2892#110826866>				<https://panlex.org/snapshot/panlex-20191001-csv/2892#110826810>		"элхӏад"@agx	
