"bahani"@trv	<https://panlex.org/snapshot/panlex-20191001-csv/9#482017>				<https://panlex.org/snapshot/panlex-20191001-csv/9#482015>		"pisin"@tpi	
"papuk"@trv	<https://panlex.org/snapshot/panlex-20191001-csv/12#853264>				<https://panlex.org/snapshot/panlex-20191001-csv/12#853263>		"lek"@tpi	
"papuk"@trv	<https://panlex.org/snapshot/panlex-20191001-csv/12#853319>				<https://panlex.org/snapshot/panlex-20191001-csv/12#853318>		"lek"@tpi	
"papuk"@trv	<https://panlex.org/snapshot/panlex-20191001-csv/12#853364>				<https://panlex.org/snapshot/panlex-20191001-csv/12#853363>		"lek"@tpi	
"kasia"@trv	<https://panlex.org/snapshot/panlex-20191001-csv/12#851209>				<https://panlex.org/snapshot/panlex-20191001-csv/12#851204>		"wara"@tpi	
"teru"@trv	<https://panlex.org/snapshot/panlex-20191001-csv/12#845390>				<https://panlex.org/snapshot/panlex-20191001-csv/12#845389>		"tripela"@tpi	
"spat"@trv	<https://panlex.org/snapshot/panlex-20191001-csv/12#845457>				<https://panlex.org/snapshot/panlex-20191001-csv/12#845454>		"fopela"@tpi	
"sŭpŭt"@trv	<https://panlex.org/snapshot/panlex-20191001-csv/12#845458>				<https://panlex.org/snapshot/panlex-20191001-csv/12#845454>		"fopela"@tpi	
"qáqai"@trv	<https://panlex.org/snapshot/panlex-20191001-csv/12#853365>				<https://panlex.org/snapshot/panlex-20191001-csv/12#853363>		"lek"@tpi	
"qáqai"@trv	<https://panlex.org/snapshot/panlex-20191001-csv/12#853320>				<https://panlex.org/snapshot/panlex-20191001-csv/12#853318>		"lek"@tpi	
"qáqai"@trv	<https://panlex.org/snapshot/panlex-20191001-csv/12#853265>				<https://panlex.org/snapshot/panlex-20191001-csv/12#853263>		"lek"@tpi	
"hulin"@trv	<https://panlex.org/snapshot/panlex-20191001-csv/12#853768>				<https://panlex.org/snapshot/panlex-20191001-csv/12#853767>		"dok"@tpi	
