"ئەتیۆپیا"@ckb	<https://panlex.org/snapshot/panlex-20191001-csv/6898#113615673>				<https://panlex.org/snapshot/panlex-20191001-csv/6898#113615640>		"Otobbia"@aa	
"aştî"@ckb	<https://panlex.org/snapshot/panlex-20191001-csv/2902#111012200>				<https://panlex.org/snapshot/panlex-20191001-csv/2902#111011967>		"salaamata"@aa	
"ئاشتی"@ckb	<https://panlex.org/snapshot/panlex-20191001-csv/2902#111012170>				<https://panlex.org/snapshot/panlex-20191001-csv/2902#111011967>		"salaamata"@aa	
"Ewropa"@ckb	<https://panlex.org/snapshot/panlex-20191001-csv/2891#110854319>				<https://panlex.org/snapshot/panlex-20191001-csv/2891#110854061>		"Eroppah"@aa	
"ئەورووپا"@ckb	<https://panlex.org/snapshot/panlex-20191001-csv/2891#110854195>				<https://panlex.org/snapshot/panlex-20191001-csv/2891#110854061>		"Eroppah"@aa	
"ئەوروپا"@ckb	<https://panlex.org/snapshot/panlex-20191001-csv/2891#110854211>				<https://panlex.org/snapshot/panlex-20191001-csv/2891#110854061>		"Eroppah"@aa	
"ئەورۆپا"@ckb	<https://panlex.org/snapshot/panlex-20191001-csv/2891#110854257>				<https://panlex.org/snapshot/panlex-20191001-csv/2891#110854061>		"Eroppah"@aa	
"Ewrupa"@ckb	<https://panlex.org/snapshot/panlex-20191001-csv/2891#110854047>				<https://panlex.org/snapshot/panlex-20191001-csv/2891#110854061>		"Eroppah"@aa	
"Efrîqa"@ckb	<https://panlex.org/snapshot/panlex-20191001-csv/2891#110853043>				<https://panlex.org/snapshot/panlex-20191001-csv/2891#110853073>		"Afrikah"@aa	
"Ewrûpa"@ckb	<https://panlex.org/snapshot/panlex-20191001-csv/2891#110854222>				<https://panlex.org/snapshot/panlex-20191001-csv/2891#110854061>		"Eroppah"@aa	
"ئەفریقا"@ckb	<https://panlex.org/snapshot/panlex-20191001-csv/2891#110853092>				<https://panlex.org/snapshot/panlex-20191001-csv/2891#110853073>		"Afrikah"@aa	
