"in nɛm"@aoz	<https://panlex.org/snapshot/panlex-20191001-csv/114#8054775>				<https://panlex.org/snapshot/panlex-20191001-csv/114#8054809>		"mapun"@bny	
"in nɛm"@aoz	<https://panlex.org/snapshot/panlex-20191001-csv/114#8054775>				<https://panlex.org/snapshot/panlex-20191001-csv/114#8054810>		"tieʔ"@bny	
"lalan"@aoz	<https://panlex.org/snapshot/panlex-20191001-csv/114#8054285>				<https://panlex.org/snapshot/panlex-20191001-csv/114#8054323>		"jelu"@bny	
"ʔat kaɛ"@aoz	<https://panlex.org/snapshot/panlex-20191001-csv/114#8068666>				<https://panlex.org/snapshot/panlex-20191001-csv/114#8068708>		"meŋit"@bny	
"pana-"@aoz	<https://panlex.org/snapshot/panlex-20191001-csv/114#8065051>				<https://panlex.org/snapshot/panlex-20191001-csv/114#8065090>		"uruŋ"@bny	
"ta|tɛnab"@aoz	<https://panlex.org/snapshot/panlex-20191001-csv/114#8061929>				<https://panlex.org/snapshot/panlex-20191001-csv/114#8061962>		"bepikér"@bny	
"poʔak"@aoz	<https://panlex.org/snapshot/panlex-20191001-csv/114#8057260>				<https://panlex.org/snapshot/panlex-20191001-csv/114#8057299>		"kulit"@bny	
"ta|hin"@aoz	<https://panlex.org/snapshot/panlex-20191001-csv/114#8061361>				<https://panlex.org/snapshot/panlex-20191001-csv/114#8061406>		"taʔuʔ"@bny	
