"lalan"@aoz	<https://panlex.org/snapshot/panlex-20191001-csv/114#8054285>				<https://panlex.org/snapshot/panlex-20191001-csv/114#8054594>		"ara"@pnh	
"pana-"@aoz	<https://panlex.org/snapshot/panlex-20191001-csv/114#8065051>				<https://panlex.org/snapshot/panlex-20191001-csv/114#8065397>		"isu"@pnh	
"ta|tɛnab"@aoz	<https://panlex.org/snapshot/panlex-20191001-csv/114#8061929>				<https://panlex.org/snapshot/panlex-20191001-csv/114#8062218>		"manako"@pnh	
"poʔak"@aoz	<https://panlex.org/snapshot/panlex-20191001-csv/114#8057260>				<https://panlex.org/snapshot/panlex-20191001-csv/114#8057590>		"kiri"@pnh	
"ta|hin"@aoz	<https://panlex.org/snapshot/panlex-20191001-csv/114#8061361>				<https://panlex.org/snapshot/panlex-20191001-csv/114#8061733>		"kite"@pnh	
