"in nɛm"@aoz	<https://panlex.org/snapshot/panlex-20191001-csv/114#8054775>				<https://panlex.org/snapshot/panlex-20191001-csv/114#8055076>		"ʼmaʔu"@oia	
"lalan"@aoz	<https://panlex.org/snapshot/panlex-20191001-csv/114#8054285>				<https://panlex.org/snapshot/panlex-20191001-csv/114#8054573>		"iʼjar"@oia	
"pana-"@aoz	<https://panlex.org/snapshot/panlex-20191001-csv/114#8065051>				<https://panlex.org/snapshot/panlex-20191001-csv/114#8065379>		"murʼwana"@oia	
"ta|tɛnab"@aoz	<https://panlex.org/snapshot/panlex-20191001-csv/114#8061929>				<https://panlex.org/snapshot/panlex-20191001-csv/114#8062201>		"kirakira"@oia	
"ta|tɛnab"@aoz	<https://panlex.org/snapshot/panlex-20191001-csv/114#8061929>				<https://panlex.org/snapshot/panlex-20191001-csv/114#8062200>		"ederemu"@oia	
"poʔak"@aoz	<https://panlex.org/snapshot/panlex-20191001-csv/114#8057260>				<https://panlex.org/snapshot/panlex-20191001-csv/114#8057572>		"ʼwele"@oia	
"ta|hin"@aoz	<https://panlex.org/snapshot/panlex-20191001-csv/114#8061361>				<https://panlex.org/snapshot/panlex-20191001-csv/114#8061711>		"naʼwarɛ"@oia	
