"ɨwɨ-tɨ"@oym	<https://panlex.org/snapshot/panlex-20191001-csv/1573#50083690>				<https://panlex.org/snapshot/panlex-20191001-csv/1573#50083785>		"sgaʔniis"@tsi	
"ɨwɨ-tɨ"@oym	<https://panlex.org/snapshot/panlex-20191001-csv/1573#50083690>				<https://panlex.org/snapshot/panlex-20191001-csv/1573#50083784>		"saʔniist"@tsi	
"ɨwɨ-tɨ"@oym	<https://panlex.org/snapshot/panlex-20191001-csv/1573#50083690>				<https://panlex.org/snapshot/panlex-20191001-csv/1573#50083783>		"laxdii"@tsi	
"ɨwɨ-tɨ"@oym	<https://panlex.org/snapshot/panlex-20191001-csv/1573#50083690>				<https://panlex.org/snapshot/panlex-20191001-csv/1573#50083782>		"dii"@tsi	
"ɨwɨ-tɨ"@oym	<https://panlex.org/snapshot/panlex-20191001-csv/1573#50083690>				<https://panlex.org/snapshot/panlex-20191001-csv/1573#50083780>		"didii"@tsi	
"ɨwɨ-tɨ"@oym	<https://panlex.org/snapshot/panlex-20191001-csv/1573#50083690>				<https://panlex.org/snapshot/panlex-20191001-csv/1573#50083781>		"didiiya"@tsi	
"ɨsĩ"@oym	<https://panlex.org/snapshot/panlex-20191001-csv/1573#50083330>				<https://panlex.org/snapshot/panlex-20191001-csv/1573#50083382>		"aws"@tsi	
"-ʔɨ"@oym	<https://panlex.org/snapshot/panlex-20191001-csv/1573#50090098>				<https://panlex.org/snapshot/panlex-20191001-csv/1573#50090152>		"gan"@tsi	
"-ʔɨ"@oym	<https://panlex.org/snapshot/panlex-20191001-csv/1573#50090098>				<https://panlex.org/snapshot/panlex-20191001-csv/1573#50090153>		"gangan"@tsi	
"kuʔi"@oym	<https://panlex.org/snapshot/panlex-20191001-csv/1573#50082778>				<https://panlex.org/snapshot/panlex-20191001-csv/1573#50082839>		"yuup"@tsi	
"kuʔi"@oym	<https://panlex.org/snapshot/panlex-20191001-csv/1573#50082778>				<https://panlex.org/snapshot/panlex-20191001-csv/1573#50082838>		"yuub-"@tsi	
"ɨpãʔã"@oym	<https://panlex.org/snapshot/panlex-20191001-csv/1573#50084832>				<https://panlex.org/snapshot/panlex-20191001-csv/1573#50084875>		"lükstaa"@tsi	
"tuyu"@oym	<https://panlex.org/snapshot/panlex-20191001-csv/1573#50083081>				<https://panlex.org/snapshot/panlex-20191001-csv/1573#50083136>		"loʔoky"@tsi	
"ɨtu"@oym	<https://panlex.org/snapshot/panlex-20191001-csv/1573#50089581>				<https://panlex.org/snapshot/panlex-20191001-csv/1573#50089613>		"ʔyagagwinuusk"@tsi	
"tɛapɨ"@oym	<https://panlex.org/snapshot/panlex-20191001-csv/1573#50089080>				<https://panlex.org/snapshot/panlex-20191001-csv/1573#50089159>		"gwanüks"@tsi	
"pɨlũŋa"@oym	<https://panlex.org/snapshot/panlex-20191001-csv/1573#50081857>				<https://panlex.org/snapshot/panlex-20191001-csv/1573#50081910>		"haʔlidzook"@tsi	
"pɨlũŋa"@oym	<https://panlex.org/snapshot/panlex-20191001-csv/1573#50082164>				<https://panlex.org/snapshot/panlex-20191001-csv/1573#50082254>		"yuub-"@tsi	
"pɨlũŋa"@oym	<https://panlex.org/snapshot/panlex-20191001-csv/1573#50082164>				<https://panlex.org/snapshot/panlex-20191001-csv/1573#50082255>		"yuup"@tsi	
"takulu-ikwa"@oym	<https://panlex.org/snapshot/panlex-20191001-csv/1573#50085553>				<https://panlex.org/snapshot/panlex-20191001-csv/1573#50085609>		"c̷ˀmloob"@tsi	
"ɨwa"@oym	<https://panlex.org/snapshot/panlex-20191001-csv/1573#50091192>				<https://panlex.org/snapshot/panlex-20191001-csv/1573#50091253>		"laxa"@tsi	
"ɨwɨ-kuta"@oym	<https://panlex.org/snapshot/panlex-20191001-csv/1573#50090976>				<https://panlex.org/snapshot/panlex-20191001-csv/1573#50091009>		"yaag-"@tsi	
"ɨwɨ-kuta"@oym	<https://panlex.org/snapshot/panlex-20191001-csv/1573#50090976>				<https://panlex.org/snapshot/panlex-20191001-csv/1573#50091010>		"yaak"@tsi	
"ɨpa"@oym	<https://panlex.org/snapshot/panlex-20191001-csv/1573#50087023>				<https://panlex.org/snapshot/panlex-20191001-csv/1573#50087080>		"laxtˀaa"@tsi	
"yaapiyapi"@oym	<https://panlex.org/snapshot/panlex-20191001-csv/1573#50087776>				<https://panlex.org/snapshot/panlex-20191001-csv/1573#50087830>		"goop"@tsi	
"ɨwa-"@oym	<https://panlex.org/snapshot/panlex-20191001-csv/1573#50090100>				<https://panlex.org/snapshot/panlex-20191001-csv/1573#50090152>		"gan"@tsi	
"ɨwa-"@oym	<https://panlex.org/snapshot/panlex-20191001-csv/1573#50090100>				<https://panlex.org/snapshot/panlex-20191001-csv/1573#50090153>		"gangan"@tsi	
"palana-pɔpɨ ɨsĩŋu"@oym	<https://panlex.org/snapshot/panlex-20191001-csv/1573#50085270>				<https://panlex.org/snapshot/panlex-20191001-csv/1573#50085357>		"hałgyiik"@tsi	
"palana-pɔpɨ ɨsĩŋu"@oym	<https://panlex.org/snapshot/panlex-20191001-csv/1573#50085270>				<https://panlex.org/snapshot/panlex-20191001-csv/1573#50085356>		"gyeeka"@tsi	
"ɨwɨ-tamɛ"@oym	<https://panlex.org/snapshot/panlex-20191001-csv/1573#50084366>				<https://panlex.org/snapshot/panlex-20191001-csv/1573#50084435>		"laxnapˀaa"@tsi	
"ɨlɨyui"@oym	<https://panlex.org/snapshot/panlex-20191001-csv/1573#50086605>				<https://panlex.org/snapshot/panlex-20191001-csv/1573#50086659>		"xeex"@tsi	
"tɨãkã"@oym	<https://panlex.org/snapshot/panlex-20191001-csv/1573#50088485>				<https://panlex.org/snapshot/panlex-20191001-csv/1573#50088591>		"smhuʔadzak"@tsi	
"tɨãkã"@oym	<https://panlex.org/snapshot/panlex-20191001-csv/1573#50088485>				<https://panlex.org/snapshot/panlex-20191001-csv/1573#50088590>		"kˀalaʔaks"@tsi	
"ɨɨ"@oym	<https://panlex.org/snapshot/panlex-20191001-csv/1573#50088486>				<https://panlex.org/snapshot/panlex-20191001-csv/1573#50088591>		"smhuʔadzak"@tsi	
"ɨɨ"@oym	<https://panlex.org/snapshot/panlex-20191001-csv/1573#50088486>				<https://panlex.org/snapshot/panlex-20191001-csv/1573#50088590>		"kˀalaʔaks"@tsi	
"ɨɨ"@oym	<https://panlex.org/snapshot/panlex-20191001-csv/1573#50085798>				<https://panlex.org/snapshot/panlex-20191001-csv/1573#50085863>		"ksaʔaamks"@tsi	
"kaʔa"@oym	<https://panlex.org/snapshot/panlex-20191001-csv/1573#50089824>				<https://panlex.org/snapshot/panlex-20191001-csv/1573#50089893>		"gyilhawli"@tsi	
"kaʔa"@oym	<https://panlex.org/snapshot/panlex-20191001-csv/1573#50089824>				<https://panlex.org/snapshot/panlex-20191001-csv/1573#50089894>		"spaygangan"@tsi	
"palana"@oym	<https://panlex.org/snapshot/panlex-20191001-csv/1573#50086040>				<https://panlex.org/snapshot/panlex-20191001-csv/1573#50086090>		"moon"@tsi	
"palana"@oym	<https://panlex.org/snapshot/panlex-20191001-csv/1573#50086799>				<https://panlex.org/snapshot/panlex-20191001-csv/1573#50086837>		"laxsüülda"@tsi	
"wɨla"@oym	<https://panlex.org/snapshot/panlex-20191001-csv/1573#50090099>				<https://panlex.org/snapshot/panlex-20191001-csv/1573#50090152>		"gan"@tsi	
"wɨla"@oym	<https://panlex.org/snapshot/panlex-20191001-csv/1573#50090099>				<https://panlex.org/snapshot/panlex-20191001-csv/1573#50090153>		"gangan"@tsi	
"yɛla"@oym	<https://panlex.org/snapshot/panlex-20191001-csv/1573#50088754>				<https://panlex.org/snapshot/panlex-20191001-csv/1573#50088791>		"c̷ˀalaks"@tsi	
"ɨapɨ"@oym	<https://panlex.org/snapshot/panlex-20191001-csv/1573#50084620>				<https://panlex.org/snapshot/panlex-20191001-csv/1573#50084661>		"łgwtˀiin"@tsi	
"ɨwɨ"@oym	<https://panlex.org/snapshot/panlex-20191001-csv/1573#50082165>				<https://panlex.org/snapshot/panlex-20191001-csv/1573#50082254>		"yuub-"@tsi	
"ɨwɨ"@oym	<https://panlex.org/snapshot/panlex-20191001-csv/1573#50082165>				<https://panlex.org/snapshot/panlex-20191001-csv/1573#50082255>		"yuup"@tsi	
"ɨwɨ"@oym	<https://panlex.org/snapshot/panlex-20191001-csv/1573#50082497>				<https://panlex.org/snapshot/panlex-20191001-csv/1573#50082570>		"laxyuup"@tsi	
"kwalaɨ"@oym	<https://panlex.org/snapshot/panlex-20191001-csv/1573#50091450>				<https://panlex.org/snapshot/panlex-20191001-csv/1573#50091504>		"gimgmdziws"@tsi	
"palɛti"@oym	<https://panlex.org/snapshot/panlex-20191001-csv/1573#50084038>				<https://panlex.org/snapshot/panlex-20191001-csv/1573#50084089>		"kˀyabeelda"@tsi	
"palɛti"@oym	<https://panlex.org/snapshot/panlex-20191001-csv/1573#50084038>				<https://panlex.org/snapshot/panlex-20191001-csv/1573#50084088>		"biaaxł"@tsi	
"takulu"@oym	<https://panlex.org/snapshot/panlex-20191001-csv/1573#50090709>				<https://panlex.org/snapshot/panlex-20191001-csv/1573#50090810>		"lüploop"@tsi	
"takulu"@oym	<https://panlex.org/snapshot/panlex-20191001-csv/1573#50090709>				<https://panlex.org/snapshot/panlex-20191001-csv/1573#50090809>		"loop"@tsi	
"takulu"@oym	<https://panlex.org/snapshot/panlex-20191001-csv/1573#50090709>				<https://panlex.org/snapshot/panlex-20191001-csv/1573#50090808>		"loob-"@tsi	
