"Hinonoʼeitiit"@arp	<https://panlex.org/snapshot/panlex-20191001-csv/6708#112318606>				<https://panlex.org/snapshot/panlex-20191001-csv/6708#112318612>		"阿拉帕霍语"@cmn	
"nowoˀ biθi"@arp	<https://panlex.org/snapshot/panlex-20191001-csv/5946#84454723>				<https://panlex.org/snapshot/panlex-20191001-csv/5946#84454737>		"魚"@cmn	
"nowoˀ biθi"@arp	<https://panlex.org/snapshot/panlex-20191001-csv/5946#84454723>				<https://panlex.org/snapshot/panlex-20191001-csv/5946#84454736>		"鱼"@cmn	
"heθ"@arp	<https://panlex.org/snapshot/panlex-20191001-csv/5946#84438351>				<https://panlex.org/snapshot/panlex-20191001-csv/5946#84438375>		"狗 犬"@cmn	
"heθ"@arp	<https://panlex.org/snapshot/panlex-20191001-csv/5946#84438351>				<https://panlex.org/snapshot/panlex-20191001-csv/5946#84438374>		"狗 犬"@cmn	
"hìnee"@arp	<https://panlex.org/snapshot/panlex-20191001-csv/8#430164>				<https://panlex.org/snapshot/panlex-20191001-csv/8#430182>		"我"@cmn	
"hìnee"@arp	<https://panlex.org/snapshot/panlex-20191001-csv/8#430164>				<https://panlex.org/snapshot/panlex-20191001-csv/8#430181>		"我"@cmn	
