"hebreo"@ie	<https://panlex.org/snapshot/panlex-20191001-csv/5950#85877750>				<https://panlex.org/snapshot/panlex-20191001-csv/5950#85877727>		"İbranice"@tr	<https://panlex.org/ProperNoun>
"Europan Union"@ie	<https://panlex.org/snapshot/panlex-20191001-csv/5950#85858886>				<https://panlex.org/snapshot/panlex-20191001-csv/5950#85858847>		"Avrupa Birliği"@tr	<https://panlex.org/ProperNoun>
"verbe"@ie	<https://panlex.org/snapshot/panlex-20191001-csv/5947#84660116>				<https://panlex.org/snapshot/panlex-20191001-csv/5947#84660153>		"fiil"@tr	
"Belgia"@ie	<https://panlex.org/snapshot/panlex-20191001-csv/5947#84584421>				<https://panlex.org/snapshot/panlex-20191001-csv/5947#84584532>		"Belçika"@tr	
"aqua"@ie	<https://panlex.org/snapshot/panlex-20191001-csv/5947#84886476>				<https://panlex.org/snapshot/panlex-20191001-csv/5947#84886571>		"su"@tr	
"Afghanistan"@ie	<https://panlex.org/snapshot/panlex-20191001-csv/5947#84579167>				<https://panlex.org/snapshot/panlex-20191001-csv/5947#84579265>		"Afganistan"@tr	
"februar"@ie	<https://panlex.org/snapshot/panlex-20191001-csv/5947#84742886>				<https://panlex.org/snapshot/panlex-20191001-csv/5947#84743050>		"şubat"@tr	
"Octobre"@ie	<https://panlex.org/snapshot/panlex-20191001-csv/5940#81285647>				<https://panlex.org/snapshot/panlex-20191001-csv/5940#81285706>		"ekim"@tr	
"august"@ie	<https://panlex.org/snapshot/panlex-20191001-csv/5940#81277194>				<https://panlex.org/snapshot/panlex-20191001-csv/5940#81277235>		"ağustos"@tr	
"april"@ie	<https://panlex.org/snapshot/panlex-20191001-csv/5940#81276590>				<https://panlex.org/snapshot/panlex-20191001-csv/5940#81276633>		"nisan"@tr	
"decembre"@ie	<https://panlex.org/snapshot/panlex-20191001-csv/5940#81278780>				<https://panlex.org/snapshot/panlex-20191001-csv/5940#81278815>		"aralık"@tr	
"decembre"@ie	<https://panlex.org/snapshot/panlex-20191001-csv/5940#81278780>				<https://panlex.org/snapshot/panlex-20191001-csv/5940#81278816>		"Kanuni Evvel"@tr	
"etymologia"@ie	<https://panlex.org/snapshot/panlex-20191001-csv/5940#81321980>				<https://panlex.org/snapshot/panlex-20191001-csv/5940#81322006>		"etimoloji"@tr	
"etymologia"@ie	<https://panlex.org/snapshot/panlex-20191001-csv/5940#81321980>				<https://panlex.org/snapshot/panlex-20191001-csv/5940#81322007>		"kökenbilim"@tr	
"Eurafrasia"@ie	<https://panlex.org/snapshot/panlex-20191001-csv/5939#80708680>				<https://panlex.org/snapshot/panlex-20191001-csv/5939#80708701>		"Afrika-Avrasya"@tr	
"Afghanistan"@ie	<https://panlex.org/snapshot/panlex-20191001-csv/5939#80708832>				<https://panlex.org/snapshot/panlex-20191001-csv/5939#80708882>		"Afganistan"@tr	
"Antigua e Barbuda"@ie	<https://panlex.org/snapshot/panlex-20191001-csv/5939#80722425>				<https://panlex.org/snapshot/panlex-20191001-csv/5939#80722473>		"Antigua ve Barbuda"@tr	
"ocul"@ie	<https://panlex.org/snapshot/panlex-20191001-csv/5939#80734146>				<https://panlex.org/snapshot/panlex-20191001-csv/5939#80734184>		"göz"@tr	
"Germania"@ie	<https://panlex.org/snapshot/panlex-20191001-csv/5939#80782708>				<https://panlex.org/snapshot/panlex-20191001-csv/5939#80782813>		"Almanya"@tr	
"fotograf"@ie	<https://panlex.org/snapshot/panlex-20191001-csv/5939#80820349>				<https://panlex.org/snapshot/panlex-20191001-csv/5939#80820379>		"fotoğrafçı"@tr	
"german"@ie	<https://panlex.org/snapshot/panlex-20191001-csv/5939#80782392>				<https://panlex.org/snapshot/panlex-20191001-csv/5939#80782479>		"Almanca"@tr	
"billiarde"@ie	<https://panlex.org/snapshot/panlex-20191001-csv/5939#80755707>				<https://panlex.org/snapshot/panlex-20191001-csv/5939#80755737>		"bilardo"@tr	
"libre"@ie	<https://panlex.org/snapshot/panlex-20191001-csv/5939#80766672>				<https://panlex.org/snapshot/panlex-20191001-csv/5939#80766700>		"kitap"@tr	
"Andorra"@ie	<https://panlex.org/snapshot/panlex-20191001-csv/5939#80718542>				<https://panlex.org/snapshot/panlex-20191001-csv/5939#80718602>		"Andorra"@tr	
"spegul"@ie	<https://panlex.org/snapshot/panlex-20191001-csv/5946#84446207>				<https://panlex.org/snapshot/panlex-20191001-csv/5946#84446332>		"gözgü"@tr	
"spegul"@ie	<https://panlex.org/snapshot/panlex-20191001-csv/5946#84446207>				<https://panlex.org/snapshot/panlex-20191001-csv/5946#84446333>		"ayna"@tr	
"Filipines"@ie	<https://panlex.org/snapshot/panlex-20191001-csv/5949#85323345>				<https://panlex.org/snapshot/panlex-20191001-csv/5949#85323429>		"Filipinler"@tr	
"Bavaria"@ie	<https://panlex.org/snapshot/panlex-20191001-csv/5949#85301196>				<https://panlex.org/snapshot/panlex-20191001-csv/5949#85301253>		"Bavyera"@tr	
"Perú"@ie	<https://panlex.org/snapshot/panlex-20191001-csv/5949#85318247>				<https://panlex.org/snapshot/panlex-20191001-csv/5949#85318328>		"Peru"@tr	
"Uruguay"@ie	<https://panlex.org/snapshot/panlex-20191001-csv/5949#85322900>				<https://panlex.org/snapshot/panlex-20191001-csv/5949#85322973>		"Uruguay"@tr	
"Riga"@ie	<https://panlex.org/snapshot/panlex-20191001-csv/5949#85319214>				<https://panlex.org/snapshot/panlex-20191001-csv/5949#85319272>		"Riga"@tr	
"Vienna"@ie	<https://panlex.org/snapshot/panlex-20191001-csv/5949#85304573>				<https://panlex.org/snapshot/panlex-20191001-csv/5949#85304621>		"Viyana"@tr	
"Zúrich"@ie	<https://panlex.org/snapshot/panlex-20191001-csv/5949#85324468>				<https://panlex.org/snapshot/panlex-20191001-csv/5949#85324518>		"Zürih"@tr	
"Berlin"@ie	<https://panlex.org/snapshot/panlex-20191001-csv/5949#85302445>				<https://panlex.org/snapshot/panlex-20191001-csv/5949#85302549>		"Berlin"@tr	
"Francia"@ie	<https://panlex.org/snapshot/panlex-20191001-csv/5949#85323589>				<https://panlex.org/snapshot/panlex-20191001-csv/5949#85323686>		"Fransa"@tr	
"Pakistan"@ie	<https://panlex.org/snapshot/panlex-20191001-csv/5949#85317719>				<https://panlex.org/snapshot/panlex-20191001-csv/5949#85317760>		"Pakistan"@tr	
"Portugal"@ie	<https://panlex.org/snapshot/panlex-20191001-csv/5949#85318807>				<https://panlex.org/snapshot/panlex-20191001-csv/5949#85318857>		"Portekiz"@tr	
"Singapor"@ie	<https://panlex.org/snapshot/panlex-20191001-csv/5949#85320520>				<https://panlex.org/snapshot/panlex-20191001-csv/5949#85320604>		"Singapur"@tr	
"Russia"@ie	<https://panlex.org/snapshot/panlex-20191001-csv/5949#85319475>				<https://panlex.org/snapshot/panlex-20191001-csv/5949#85319618>		"Rusya"@tr	
"Sole"@ie	<https://panlex.org/snapshot/panlex-20191001-csv/5949#85320919>				<https://panlex.org/snapshot/panlex-20191001-csv/5949#85321004>		"Güneş"@tr	
"Latvia"@ie	<https://panlex.org/snapshot/panlex-20191001-csv/5949#85314297>				<https://panlex.org/snapshot/panlex-20191001-csv/5949#85314392>		"Letonya"@tr	
"Yemen"@ie	<https://panlex.org/snapshot/panlex-20191001-csv/5949#85310999>				<https://panlex.org/snapshot/panlex-20191001-csv/5949#85311059>		"Yemen"@tr	
"Scotia"@ie	<https://panlex.org/snapshot/panlex-20191001-csv/5949#85325239>				<https://panlex.org/snapshot/panlex-20191001-csv/5949#85325316>		"İskoçya"@tr	
"Finland"@ie	<https://panlex.org/snapshot/panlex-20191001-csv/5949#85323190>				<https://panlex.org/snapshot/panlex-20191001-csv/5949#85323263>		"Finlandiya"@tr	
"Turcia"@ie	<https://panlex.org/snapshot/panlex-20191001-csv/5949#85322521>				<https://panlex.org/snapshot/panlex-20191001-csv/5949#85322604>		"Türkiye"@tr	
"Elbrus"@ie	<https://panlex.org/snapshot/panlex-20191001-csv/5949#85325537>				<https://panlex.org/snapshot/panlex-20191001-csv/5949#85325573>		"Elbruz"@tr	
"Gabon"@ie	<https://panlex.org/snapshot/panlex-20191001-csv/5949#85305675>				<https://panlex.org/snapshot/panlex-20191001-csv/5949#85305730>		"Gabon"@tr	
"Bible"@ie	<https://panlex.org/snapshot/panlex-20191001-csv/5949#85302698>				<https://panlex.org/snapshot/panlex-20191001-csv/5949#85302809>		"Kitab-ı Mukaddes"@tr	
"Australia"@ie	<https://panlex.org/snapshot/panlex-20191001-csv/5949#85298144>				<https://panlex.org/snapshot/panlex-20191001-csv/5949#85298244>		"Avustralya"@tr	
"historie"@ie	<https://panlex.org/snapshot/panlex-20191001-csv/5942#83282261>				<https://panlex.org/snapshot/panlex-20191001-csv/5942#83282338>		"tarih"@tr	
"sol"@ie	<https://panlex.org/snapshot/panlex-20191001-csv/5943#83306194>				<https://panlex.org/snapshot/panlex-20191001-csv/5943#83306225>		"güneş"@tr	
"marte"@ie	<https://panlex.org/snapshot/panlex-20191001-csv/5943#83371817>				<https://panlex.org/snapshot/panlex-20191001-csv/5943#83371858>		"mart"@tr	
"martio"@ie	<https://panlex.org/snapshot/panlex-20191001-csv/5943#83371818>				<https://panlex.org/snapshot/panlex-20191001-csv/5943#83371858>		"mart"@tr	
"Volapük"@ie	<https://panlex.org/snapshot/panlex-20191001-csv/405#13633641>				<https://panlex.org/snapshot/panlex-20191001-csv/405#13633666>		"Volapük"@tr	
"Urdu"@ie	<https://panlex.org/snapshot/panlex-20191001-csv/405#13633403>				<https://panlex.org/snapshot/panlex-20191001-csv/405#13633430>		"Urduca"@tr	
"Yiddic"@ie	<https://panlex.org/snapshot/panlex-20191001-csv/405#13634007>				<https://panlex.org/snapshot/panlex-20191001-csv/405#13634034>		"Yidiş"@tr	
"Esperanto"@ie	<https://panlex.org/snapshot/panlex-20191001-csv/405#13623768>				<https://panlex.org/snapshot/panlex-20191001-csv/405#13623816>		"Esperanto"@tr	
"Hindi"@ie	<https://panlex.org/snapshot/panlex-20191001-csv/405#13625418>				<https://panlex.org/snapshot/panlex-20191001-csv/405#13625463>		"Hintçe"@tr	
"junio"@ie	<https://panlex.org/snapshot/panlex-20191001-csv/9#473287>				<https://panlex.org/snapshot/panlex-20191001-csv/9#473325>		"haziran"@tr	
"Antigua e Barbuda"@ie	<https://panlex.org/snapshot/panlex-20191001-csv/9#544058>				<https://panlex.org/snapshot/panlex-20191001-csv/9#544104>		"Antigua ve Barbuda"@tr	
"Europan Union"@ie	<https://panlex.org/snapshot/panlex-20191001-csv/9#516364>				<https://panlex.org/snapshot/panlex-20191001-csv/9#516412>		"Avrupa Birliği"@tr	
"Germania"@ie	<https://panlex.org/snapshot/panlex-20191001-csv/9#474792>				<https://panlex.org/snapshot/panlex-20191001-csv/9#474864>		"Almanya"@tr	
"informatica"@ie	<https://panlex.org/snapshot/panlex-20191001-csv/9#478884>				<https://panlex.org/snapshot/panlex-20191001-csv/9#478904>		"bilişim bilimi"@tr	
"septembre"@ie	<https://panlex.org/snapshot/panlex-20191001-csv/9#473533>				<https://panlex.org/snapshot/panlex-20191001-csv/9#473561>		"eylül"@tr	
"Andorra"@ie	<https://panlex.org/snapshot/panlex-20191001-csv/9#526224>				<https://panlex.org/snapshot/panlex-20191001-csv/9#526278>		"Andorra"@tr	
"may"@ie	<https://panlex.org/snapshot/panlex-20191001-csv/9#473211>				<https://panlex.org/snapshot/panlex-20191001-csv/9#473246>		"mayıs"@tr	
"octobre"@ie	<https://panlex.org/snapshot/panlex-20191001-csv/9#473603>				<https://panlex.org/snapshot/panlex-20191001-csv/9#473639>		"ekim"@tr	
"Lituania"@ie	<https://panlex.org/snapshot/panlex-20191001-csv/9#539791>				<https://panlex.org/snapshot/panlex-20191001-csv/9#539845>		"Litvanya"@tr	
"Afghanistan"@ie	<https://panlex.org/snapshot/panlex-20191001-csv/9#499164>				<https://panlex.org/snapshot/panlex-20191001-csv/9#499209>		"Afganistan"@tr	
"juli"@ie	<https://panlex.org/snapshot/panlex-20191001-csv/9#473365>				<https://panlex.org/snapshot/panlex-20191001-csv/9#473398>		"temmuz"@tr	
"libre"@ie	<https://panlex.org/snapshot/panlex-20191001-csv/9#474540>				<https://panlex.org/snapshot/panlex-20191001-csv/9#474559>		"kitap"@tr	
"principal págine"@ie	<https://panlex.org/snapshot/panlex-20191001-csv/9#528220>				<https://panlex.org/snapshot/panlex-20191001-csv/9#528231>		"ana sayfa"@tr	
"januar"@ie	<https://panlex.org/snapshot/panlex-20191001-csv/9#477168>				<https://panlex.org/snapshot/panlex-20191001-csv/9#477198>		"ocak"@tr	
"marte"@ie	<https://panlex.org/snapshot/panlex-20191001-csv/9#473046>				<https://panlex.org/snapshot/panlex-20191001-csv/9#473082>		"mart"@tr	
"Europan Union"@ie	<https://panlex.org/snapshot/panlex-20191001-csv/12#905232>				<https://panlex.org/snapshot/panlex-20191001-csv/12#905269>		"Avrupa Birliği"@tr	
"pace"@ie	<https://panlex.org/snapshot/panlex-20191001-csv/2902#111012062>				<https://panlex.org/snapshot/panlex-20191001-csv/2902#111012263>		"barış"@tr	
"pace"@ie	<https://panlex.org/snapshot/panlex-20191001-csv/2902#111012062>				<https://panlex.org/snapshot/panlex-20191001-csv/2902#111012107>		"sulh"@tr	
"decembre"@ie	<https://panlex.org/snapshot/panlex-20191001-csv/8#95726>				<https://panlex.org/snapshot/panlex-20191001-csv/8#95771>		"aralık"@tr	
"decembre"@ie	<https://panlex.org/snapshot/panlex-20191001-csv/8#95726>				<https://panlex.org/snapshot/panlex-20191001-csv/8#95772>		"Kanuni Evvel"@tr	
"Francés Revolution"@ie	<https://panlex.org/snapshot/panlex-20191001-csv/10#780546>				<https://panlex.org/snapshot/panlex-20191001-csv/10#780578>		"Fransız Devrimi"@tr	
"Svedia"@ie	<https://panlex.org/snapshot/panlex-20191001-csv/10#632160>				<https://panlex.org/snapshot/panlex-20191001-csv/10#632196>		"İsveç"@tr	
"marte"@ie	<https://panlex.org/snapshot/panlex-20191001-csv/15#953280>				<https://panlex.org/snapshot/panlex-20191001-csv/15#953322>		"mart"@tr	
"un"@ie	<https://panlex.org/snapshot/panlex-20191001-csv/20#1293772>				<https://panlex.org/snapshot/panlex-20191001-csv/20#1293785>		"bir"@tr	
"un"@ie	<https://panlex.org/snapshot/panlex-20191001-csv/20#1293707>				<https://panlex.org/snapshot/panlex-20191001-csv/20#1293721>		"bir"@tr	
"un"@ie	<https://panlex.org/snapshot/panlex-20191001-csv/20#1293807>				<https://panlex.org/snapshot/panlex-20191001-csv/20#1293820>		"bir"@tr	
"un"@ie	<https://panlex.org/snapshot/panlex-20191001-csv/20#1293740>				<https://panlex.org/snapshot/panlex-20191001-csv/20#1293754>		"bir"@tr	
"libre"@ie	<https://panlex.org/snapshot/panlex-20191001-csv/11#789650>				<https://panlex.org/snapshot/panlex-20191001-csv/11#789672>		"kitap"@tr	
"marte"@ie	<https://panlex.org/snapshot/panlex-20191001-csv/11#789020>				<https://panlex.org/snapshot/panlex-20191001-csv/11#789058>		"mart"@tr	
"marte"@ie	<https://panlex.org/snapshot/panlex-20191001-csv/13#949907>				<https://panlex.org/snapshot/panlex-20191001-csv/13#949950>		"mart"@tr	
