"februar"@ie	<https://panlex.org/snapshot/panlex-20191001-csv/5947#84742886>				<https://panlex.org/snapshot/panlex-20191001-csv/5947#84743058>		"Luhuhi"@ve	
"ocul"@ie	<https://panlex.org/snapshot/panlex-20191001-csv/5939#80734146>				<https://panlex.org/snapshot/panlex-20191001-csv/5939#80734187>		"iṱo"@ve	
"ocul"@ie	<https://panlex.org/snapshot/panlex-20191001-csv/5939#80734146>				<https://panlex.org/snapshot/panlex-20191001-csv/5939#80734188>		"ḽiṱo"@ve	
"german"@ie	<https://panlex.org/snapshot/panlex-20191001-csv/5939#80782392>				<https://panlex.org/snapshot/panlex-20191001-csv/5939#80782483>		"Tshidzheremane"@ve	
"german"@ie	<https://panlex.org/snapshot/panlex-20191001-csv/5939#80782392>				<https://panlex.org/snapshot/panlex-20191001-csv/5939#80782482>		"Ludzheremane"@ve	
"Russia"@ie	<https://panlex.org/snapshot/panlex-20191001-csv/5949#85319475>				<https://panlex.org/snapshot/panlex-20191001-csv/5949#85319629>		"Rashia"@ve	
"Bible"@ie	<https://panlex.org/snapshot/panlex-20191001-csv/5949#85302698>				<https://panlex.org/snapshot/panlex-20191001-csv/5949#85302818>		"Bivhili"@ve	
