"raʔmasaʔ"@mak	<https://panlex.org/snapshot/panlex-20191001-csv/114#8056503>				<https://panlex.org/snapshot/panlex-20191001-csv/114#8056317>		"kotóro"@bhq	
"parruʔ"@mak	<https://panlex.org/snapshot/panlex-20191001-csv/114#8059540>				<https://panlex.org/snapshot/panlex-20191001-csv/114#8059366>		"kalu kompo"@bhq	
"buku"@mak	<https://panlex.org/snapshot/panlex-20191001-csv/114#8059051>				<https://panlex.org/snapshot/panlex-20191001-csv/114#8058870>		"ɓuku"@bhq	
"ammikkiriʔ"@mak	<https://panlex.org/snapshot/panlex-20191001-csv/114#8062114>				<https://panlex.org/snapshot/panlex-20191001-csv/114#8061951>		"ɸikiri"@bhq	
"ammakkalaʔ"@mak	<https://panlex.org/snapshot/panlex-20191001-csv/114#8068364>				<https://panlex.org/snapshot/panlex-20191001-csv/114#8068163>		"koni"@bhq	
"susu"@mak	<https://panlex.org/snapshot/panlex-20191001-csv/114#8060555>				<https://panlex.org/snapshot/panlex-20191001-csv/114#8060338>		"titi"@bhq	
"baŋkeŋ"@mak	<https://panlex.org/snapshot/panlex-20191001-csv/114#8053365>				<https://panlex.org/snapshot/panlex-20191001-csv/114#8053154>		"ay"@bhq	
"aʔmaiʔ"@mak	<https://panlex.org/snapshot/panlex-20191001-csv/114#8065771>				<https://panlex.org/snapshot/panlex-20191001-csv/114#8065610>		"sɛnde"@bhq	
"cɛraʔ"@mak	<https://panlex.org/snapshot/panlex-20191001-csv/114#8063096>				<https://panlex.org/snapshot/panlex-20191001-csv/114#8062915>		"raha"@bhq	
"mallaʔ"@mak	<https://panlex.org/snapshot/panlex-20191001-csv/114#8062605>				<https://panlex.org/snapshot/panlex-20191001-csv/114#8062408>		"maʔaka"@bhq	
"uʔ"@mak	<https://panlex.org/snapshot/panlex-20191001-csv/114#8064720>				<https://panlex.org/snapshot/panlex-20191001-csv/114#8064522>		"hotu"@bhq	
"kamaŋ"@mak	<https://panlex.org/snapshot/panlex-20191001-csv/114#8052855>				<https://panlex.org/snapshot/panlex-20191001-csv/114#8052695>		"mɔwana"@bhq	
"kairi"@mak	<https://panlex.org/snapshot/panlex-20191001-csv/114#8052391>				<https://panlex.org/snapshot/panlex-20191001-csv/114#8052223>		"mɔhí"@bhq	
"bukku lɛŋ"@mak	<https://panlex.org/snapshot/panlex-20191001-csv/114#8057471>				<https://panlex.org/snapshot/panlex-20191001-csv/114#8057283>		"kuli"@bhq	
"bawa"@mak	<https://panlex.org/snapshot/panlex-20191001-csv/114#8066746>				<https://panlex.org/snapshot/panlex-20191001-csv/114#8066545>		"ŋusu"@bhq	
