"raʔmasaʔ"@mak	<https://panlex.org/snapshot/panlex-20191001-csv/114#8056503>				<https://panlex.org/snapshot/panlex-20191001-csv/114#8056514>		"taʼlibɨn"@mbd	
"parruʔ"@mak	<https://panlex.org/snapshot/panlex-20191001-csv/114#8059540>				<https://panlex.org/snapshot/panlex-20191001-csv/114#8059551>		"tiqɨ"@mbd	
"buku"@mak	<https://panlex.org/snapshot/panlex-20191001-csv/114#8059051>				<https://panlex.org/snapshot/panlex-20191001-csv/114#8059068>		"ʼbɨkɨg"@mbd	
"ammakkalaʔ"@mak	<https://panlex.org/snapshot/panlex-20191001-csv/114#8068364>				<https://panlex.org/snapshot/panlex-20191001-csv/114#8068378>		"ʼngisi"@mbd	
"susu"@mak	<https://panlex.org/snapshot/panlex-20191001-csv/114#8060555>				<https://panlex.org/snapshot/panlex-20191001-csv/114#8060572>		"daʼgaha"@mbd	
"susu"@mak	<https://panlex.org/snapshot/panlex-20191001-csv/114#8060555>				<https://panlex.org/snapshot/panlex-20191001-csv/114#8060573>		"ʼduduq"@mbd	
"baŋkeŋ"@mak	<https://panlex.org/snapshot/panlex-20191001-csv/114#8053365>				<https://panlex.org/snapshot/panlex-20191001-csv/114#8053380>		"ʼkɨbɨng"@mbd	
"cɛraʔ"@mak	<https://panlex.org/snapshot/panlex-20191001-csv/114#8063096>				<https://panlex.org/snapshot/panlex-20191001-csv/114#8063118>		"laʼngɨsa"@mbd	
"mallaʔ"@mak	<https://panlex.org/snapshot/panlex-20191001-csv/114#8062605>				<https://panlex.org/snapshot/panlex-20191001-csv/114#8062620>		"kaʼhadɨk"@mbd	
"uʔ"@mak	<https://panlex.org/snapshot/panlex-20191001-csv/114#8064720>				<https://panlex.org/snapshot/panlex-20191001-csv/114#8064735>		"ʼbubu"@mbd	
"kamaŋ"@mak	<https://panlex.org/snapshot/panlex-20191001-csv/114#8052855>				<https://panlex.org/snapshot/panlex-20191001-csv/114#8052868>		"kalinʼtuqu"@mbd	
"kairi"@mak	<https://panlex.org/snapshot/panlex-20191001-csv/114#8052391>				<https://panlex.org/snapshot/panlex-20191001-csv/114#8052404>		"kaʼwaa"@mbd	
"bukku lɛŋ"@mak	<https://panlex.org/snapshot/panlex-20191001-csv/114#8057471>				<https://panlex.org/snapshot/panlex-20191001-csv/114#8057489>		"kinʼdaa"@mbd	
"bawa"@mak	<https://panlex.org/snapshot/panlex-20191001-csv/114#8066746>				<https://panlex.org/snapshot/panlex-20191001-csv/114#8066761>		"ʼbaqbaq"@mbd	
