"dökter"@wym	<https://panlex.org/snapshot/panlex-20191001-csv/5939#80729398>				<https://panlex.org/snapshot/panlex-20191001-csv/5939#80729374>		"lekarz"@pl	
"dökter"@wym	<https://panlex.org/snapshot/panlex-20191001-csv/5939#80729398>				<https://panlex.org/snapshot/panlex-20191001-csv/5939#80729375>		"lekarka"@pl	
"füs"@wym	<https://panlex.org/snapshot/panlex-20191001-csv/5939#80825679>				<https://panlex.org/snapshot/panlex-20191001-csv/5939#80825672>		"stopa"@pl	
"brut"@wym	<https://panlex.org/snapshot/panlex-20191001-csv/5939#80765520>				<https://panlex.org/snapshot/panlex-20191001-csv/5939#80765511>		"chleb"@pl	
"aptykier"@wym	<https://panlex.org/snapshot/panlex-20191001-csv/5939#80724841>				<https://panlex.org/snapshot/panlex-20191001-csv/5939#80724835>		"aptekarz"@pl	
"töcht"@wym	<https://panlex.org/snapshot/panlex-20191001-csv/5939#80785839>				<https://panlex.org/snapshot/panlex-20191001-csv/5939#80785831>		"knot"@pl	
"döstuł"@wym	<https://panlex.org/snapshot/panlex-20191001-csv/5946#84434694>				<https://panlex.org/snapshot/panlex-20191001-csv/5946#84434687>		"oset"@pl	
"Wymysiöeryś"@wym	<https://panlex.org/snapshot/panlex-20191001-csv/0#107629376>				<https://panlex.org/snapshot/panlex-20191001-csv/0#116322547>		"wilamowski"@pl	
