"Niger"@ia	<https://panlex.org/snapshot/panlex-20191001-csv/6898#113644864>				<https://panlex.org/snapshot/panlex-20191001-csv/6898#113644744>		"Nigyɛ"@ak	
"Polynesia francese"@ia	<https://panlex.org/snapshot/panlex-20191001-csv/6898#113621166>				<https://panlex.org/snapshot/panlex-20191001-csv/6898#113621214>		"Frɛnkye Pɔlenehyia"@ak	
"Islanda"@ia	<https://panlex.org/snapshot/panlex-20191001-csv/6898#113601144>				<https://panlex.org/snapshot/panlex-20191001-csv/6898#113600983>		"Aesland"@ak	
"Espania"@ia	<https://panlex.org/snapshot/panlex-20191001-csv/6898#113594477>				<https://panlex.org/snapshot/panlex-20191001-csv/6898#113594490>		"Spain"@ak	
"tonga"@ia	<https://panlex.org/snapshot/panlex-20191001-csv/6898#113610801>				<https://panlex.org/snapshot/panlex-20191001-csv/6898#113610660>		"Tonga"@ak	
"Gambia"@ia	<https://panlex.org/snapshot/panlex-20191001-csv/6898#113631303>				<https://panlex.org/snapshot/panlex-20191001-csv/6898#113631226>		"Gambia"@ak	
"Birmania/Myanmar"@ia	<https://panlex.org/snapshot/panlex-20191001-csv/6898#113594350>				<https://panlex.org/snapshot/panlex-20191001-csv/6898#113594285>		"Miyanma"@ak	
"Republica African Central"@ia	<https://panlex.org/snapshot/panlex-20191001-csv/6898#113591367>				<https://panlex.org/snapshot/panlex-20191001-csv/6898#113591336>		"Afrika Finimfin Man"@ak	
"Tokelau"@ia	<https://panlex.org/snapshot/panlex-20191001-csv/6898#113615816>				<https://panlex.org/snapshot/panlex-20191001-csv/6898#113615934>		"Tokelau"@ak	
"Israel"@ia	<https://panlex.org/snapshot/panlex-20191001-csv/6898#113615446>				<https://panlex.org/snapshot/panlex-20191001-csv/6898#113615375>		"Israel"@ak	
"Mali"@ia	<https://panlex.org/snapshot/panlex-20191001-csv/6898#113615083>				<https://panlex.org/snapshot/panlex-20191001-csv/6898#113615010>		"Mali"@ak	
"Syria"@ia	<https://panlex.org/snapshot/panlex-20191001-csv/6898#113598560>				<https://panlex.org/snapshot/panlex-20191001-csv/6898#113598543>		"Siria"@ak	
"Albania"@ia	<https://panlex.org/snapshot/panlex-20191001-csv/6898#113637631>				<https://panlex.org/snapshot/panlex-20191001-csv/6898#113637614>		"Albenia"@ak	
"Zimbabwe"@ia	<https://panlex.org/snapshot/panlex-20191001-csv/6898#113583676>				<https://panlex.org/snapshot/panlex-20191001-csv/6898#113583786>		"Zembabwe"@ak	
"Bangladesh"@ia	<https://panlex.org/snapshot/panlex-20191001-csv/6898#113632269>				<https://panlex.org/snapshot/panlex-20191001-csv/6898#113632154>		"Bangladɛhye"@ak	
"Congo"@ia	<https://panlex.org/snapshot/panlex-20191001-csv/6898#113599264>				<https://panlex.org/snapshot/panlex-20191001-csv/6898#113599034>		"Kongo"@ak	
"Jordania"@ia	<https://panlex.org/snapshot/panlex-20191001-csv/6898#113611639>				<https://panlex.org/snapshot/panlex-20191001-csv/6898#113611605>		"Gyɔdan"@ak	
"Madagascar"@ia	<https://panlex.org/snapshot/panlex-20191001-csv/6898#113589959>				<https://panlex.org/snapshot/panlex-20191001-csv/6898#113589910>		"Madagaska"@ak	
"Timor del Est"@ia	<https://panlex.org/snapshot/panlex-20191001-csv/6898#113632724>				<https://panlex.org/snapshot/panlex-20191001-csv/6898#113632689>		"Timɔ Boka"@ak	
"Benin"@ia	<https://panlex.org/snapshot/panlex-20191001-csv/6898#113607606>				<https://panlex.org/snapshot/panlex-20191001-csv/6898#113607519>		"Bɛnin"@ak	
"Mexico"@ia	<https://panlex.org/snapshot/panlex-20191001-csv/6898#113628325>				<https://panlex.org/snapshot/panlex-20191001-csv/6898#113628279>		"Mɛksiko"@ak	
"Venezuela"@ia	<https://panlex.org/snapshot/panlex-20191001-csv/6898#113597461>				<https://panlex.org/snapshot/panlex-20191001-csv/6898#113597578>		"Venezuela"@ak	
"Insulas Marshall"@ia	<https://panlex.org/snapshot/panlex-20191001-csv/6898#113594968>				<https://panlex.org/snapshot/panlex-20191001-csv/6898#113594940>		"Marshall Islands"@ak	
"Senegal"@ia	<https://panlex.org/snapshot/panlex-20191001-csv/6898#113591128>				<https://panlex.org/snapshot/panlex-20191001-csv/6898#113591153>		"Senegal"@ak	
"Turchia"@ia	<https://panlex.org/snapshot/panlex-20191001-csv/6898#113612144>				<https://panlex.org/snapshot/panlex-20191001-csv/6898#113612070>		"Tɛɛki"@ak	
"Emiratos Arabe Unite"@ia	<https://panlex.org/snapshot/panlex-20191001-csv/6898#113608638>				<https://panlex.org/snapshot/panlex-20191001-csv/6898#113608615>		"United Arab Emirates"@ak	
"Corea del Nord"@ia	<https://panlex.org/snapshot/panlex-20191001-csv/6898#113598877>				<https://panlex.org/snapshot/panlex-20191001-csv/6898#113598949>		"Etifi Koria"@ak	
"Territorio oceanic britanno-indian"@ia	<https://panlex.org/snapshot/panlex-20191001-csv/6898#113584259>				<https://panlex.org/snapshot/panlex-20191001-csv/6898#113584283>		"Britenfo Hɔn Man Wɔ India Po No Mu"@ak	
"Germania"@ia	<https://panlex.org/snapshot/panlex-20191001-csv/6898#113639375>				<https://panlex.org/snapshot/panlex-20191001-csv/6898#113639185>		"Gyaaman"@ak	
"Republica Tchec"@ia	<https://panlex.org/snapshot/panlex-20191001-csv/6898#113619533>				<https://panlex.org/snapshot/panlex-20191001-csv/6898#113619441>		"Kyɛk Kurokɛse"@ak	
"Sancte Lucia"@ia	<https://panlex.org/snapshot/panlex-20191001-csv/6898#113621961>				<https://panlex.org/snapshot/panlex-20191001-csv/6898#113621852>		"Saint Lucia"@ak	
"Togo"@ia	<https://panlex.org/snapshot/panlex-20191001-csv/6898#113613743>				<https://panlex.org/snapshot/panlex-20191001-csv/6898#113613726>		"Togo"@ak	
"Canada"@ia	<https://panlex.org/snapshot/panlex-20191001-csv/6898#113595760>				<https://panlex.org/snapshot/panlex-20191001-csv/6898#113595795>		"Kanada"@ak	
"Suissa"@ia	<https://panlex.org/snapshot/panlex-20191001-csv/6898#113612843>				<https://panlex.org/snapshot/panlex-20191001-csv/6898#113612905>		"Swetzaland"@ak	
"Cypro"@ia	<https://panlex.org/snapshot/panlex-20191001-csv/6898#113631855>				<https://panlex.org/snapshot/panlex-20191001-csv/6898#113631725>		"Saeprɔs"@ak	
"San Marino"@ia	<https://panlex.org/snapshot/panlex-20191001-csv/6898#113625652>				<https://panlex.org/snapshot/panlex-20191001-csv/6898#113625721>		"San Marino"@ak	
"Estonia"@ia	<https://panlex.org/snapshot/panlex-20191001-csv/6898#113601428>				<https://panlex.org/snapshot/panlex-20191001-csv/6898#113601447>		"Ɛstonia"@ak	
"Algeria"@ia	<https://panlex.org/snapshot/panlex-20191001-csv/6898#113608170>				<https://panlex.org/snapshot/panlex-20191001-csv/6898#113608188>		"Ɔlgyeria"@ak	
"Uganda"@ia	<https://panlex.org/snapshot/panlex-20191001-csv/6898#113637932>				<https://panlex.org/snapshot/panlex-20191001-csv/6898#113637954>		"Uganda"@ak	
"Thailandia"@ia	<https://panlex.org/snapshot/panlex-20191001-csv/6898#113603679>				<https://panlex.org/snapshot/panlex-20191001-csv/6898#113603752>		"Taeland"@ak	
"Haiti"@ia	<https://panlex.org/snapshot/panlex-20191001-csv/6898#113634499>				<https://panlex.org/snapshot/panlex-20191001-csv/6898#113634636>		"Heiti"@ak	
"Republica Dominican"@ia	<https://panlex.org/snapshot/panlex-20191001-csv/6898#113603577>				<https://panlex.org/snapshot/panlex-20191001-csv/6898#113603568>		"Dɔmeneka Kurokɛse"@ak	
"Irlanda"@ia	<https://panlex.org/snapshot/panlex-20191001-csv/6898#113625918>				<https://panlex.org/snapshot/panlex-20191001-csv/6898#113626043>		"Aereland"@ak	
"Cuba"@ia	<https://panlex.org/snapshot/panlex-20191001-csv/6898#113618562>				<https://panlex.org/snapshot/panlex-20191001-csv/6898#113618670>		"Kuba"@ak	
"Egypto"@ia	<https://panlex.org/snapshot/panlex-20191001-csv/6898#113604472>				<https://panlex.org/snapshot/panlex-20191001-csv/6898#113604476>		"Nisrim"@ak	
"Peru"@ia	<https://panlex.org/snapshot/panlex-20191001-csv/6898#113593728>				<https://panlex.org/snapshot/panlex-20191001-csv/6898#113593746>		"Peru"@ak	
"Bolivia"@ia	<https://panlex.org/snapshot/panlex-20191001-csv/6898#113609625>				<https://panlex.org/snapshot/panlex-20191001-csv/6898#113609647>		"Bolivia"@ak	
"Ecuador"@ia	<https://panlex.org/snapshot/panlex-20191001-csv/6898#113611038>				<https://panlex.org/snapshot/panlex-20191001-csv/6898#113611005>		"Ikuwadɔ"@ak	
"Polonia"@ia	<https://panlex.org/snapshot/panlex-20191001-csv/5947#84607756>				<https://panlex.org/snapshot/panlex-20191001-csv/5947#84607669>		"Poland"@ak	
"Russia"@ia	<https://panlex.org/snapshot/panlex-20191001-csv/5949#85319477>				<https://panlex.org/snapshot/panlex-20191001-csv/5949#85319383>		"Russia"@ak	
"Yemen"@ia	<https://panlex.org/snapshot/panlex-20191001-csv/5949#85311000>				<https://panlex.org/snapshot/panlex-20191001-csv/5949#85310954>		"Yemen"@ak	
"lingua anglese"@ia	<https://panlex.org/snapshot/panlex-20191001-csv/405#13623615>				<https://panlex.org/snapshot/panlex-20191001-csv/405#13623628>		"Akan"@ak	
"pace"@ia	<https://panlex.org/snapshot/panlex-20191001-csv/2902#111012040>				<https://panlex.org/snapshot/panlex-20191001-csv/2902#111012145>		"asmomdwoe"@ak	
"Io te ama"@ia	<https://panlex.org/snapshot/panlex-20191001-csv/8#109427>				<https://panlex.org/snapshot/panlex-20191001-csv/8#109307>		"mo dow"@ak	
