"dimars"@oc	<https://panlex.org/snapshot/panlex-20191001-csv/2892#110824700>				<https://panlex.org/snapshot/panlex-20191001-csv/2892#110824764>		"Marth"@bzt	
"dimenge"@oc	<https://panlex.org/snapshot/panlex-20191001-csv/2892#110826879>				<https://panlex.org/snapshot/panlex-20191001-csv/2892#110826952>		"Dônig"@bzt	
"dissabte"@oc	<https://panlex.org/snapshot/panlex-20191001-csv/2892#110826175>				<https://panlex.org/snapshot/panlex-20191001-csv/2892#110826565>		"Sabad"@bzt	
"dimenge"@oc	<https://panlex.org/snapshot/panlex-20191001-csv/2892#110826629>				<https://panlex.org/snapshot/panlex-20191001-csv/2892#110826952>		"Dônig"@bzt	
"dimars"@oc	<https://panlex.org/snapshot/panlex-20191001-csv/2892#110824626>				<https://panlex.org/snapshot/panlex-20191001-csv/2892#110824764>		"Marth"@bzt	
"divendre"@oc	<https://panlex.org/snapshot/panlex-20191001-csv/2892#110825745>				<https://panlex.org/snapshot/panlex-20191001-csv/2892#110825902>		"Gwener"@bzt	
"dimècres"@oc	<https://panlex.org/snapshot/panlex-20191001-csv/2892#110824847>				<https://panlex.org/snapshot/panlex-20191001-csv/2892#110824993>		"Merchyr"@bzt	
"dijòus"@oc	<https://panlex.org/snapshot/panlex-20191001-csv/2892#110825581>				<https://panlex.org/snapshot/panlex-20191001-csv/2892#110825642>		"Ioi"@bzt	
"dimèrcles"@oc	<https://panlex.org/snapshot/panlex-20191001-csv/2892#110825112>				<https://panlex.org/snapshot/panlex-20191001-csv/2892#110824993>		"Merchyr"@bzt	
"divendres"@oc	<https://panlex.org/snapshot/panlex-20191001-csv/2892#110825700>				<https://panlex.org/snapshot/panlex-20191001-csv/2892#110825902>		"Gwener"@bzt	
"dijou"@oc	<https://panlex.org/snapshot/panlex-20191001-csv/2892#110825590>				<https://panlex.org/snapshot/panlex-20191001-csv/2892#110825642>		"Ioi"@bzt	
"diluns"@oc	<https://panlex.org/snapshot/panlex-20191001-csv/2892#110824269>				<https://panlex.org/snapshot/panlex-20191001-csv/2892#110824409>		"Llyn"@bzt	
"dimecres"@oc	<https://panlex.org/snapshot/panlex-20191001-csv/2892#110824962>				<https://panlex.org/snapshot/panlex-20191001-csv/2892#110824993>		"Merchyr"@bzt	
"dijaus"@oc	<https://panlex.org/snapshot/panlex-20191001-csv/2892#110825647>				<https://panlex.org/snapshot/panlex-20191001-csv/2892#110825642>		"Ioi"@bzt	
"deluns"@oc	<https://panlex.org/snapshot/panlex-20191001-csv/2892#110824025>				<https://panlex.org/snapshot/panlex-20191001-csv/2892#110824409>		"Llyn"@bzt	
"dimenche"@oc	<https://panlex.org/snapshot/panlex-20191001-csv/2892#110826578>				<https://panlex.org/snapshot/panlex-20191001-csv/2892#110826952>		"Dônig"@bzt	
"dissate"@oc	<https://panlex.org/snapshot/panlex-20191001-csv/2892#110826444>				<https://panlex.org/snapshot/panlex-20191001-csv/2892#110826565>		"Sabad"@bzt	
"diuendres"@oc	<https://panlex.org/snapshot/panlex-20191001-csv/2892#110825856>				<https://panlex.org/snapshot/panlex-20191001-csv/2892#110825902>		"Gwener"@bzt	
"dissabte"@oc	<https://panlex.org/snapshot/panlex-20191001-csv/2892#110826253>				<https://panlex.org/snapshot/panlex-20191001-csv/2892#110826565>		"Sabad"@bzt	
"dilun"@oc	<https://panlex.org/snapshot/panlex-20191001-csv/2892#110824307>				<https://panlex.org/snapshot/panlex-20191001-csv/2892#110824409>		"Llyn"@bzt	
"mai"@oc	<https://panlex.org/snapshot/panlex-20191001-csv/2897#110828764>				<https://panlex.org/snapshot/panlex-20191001-csv/2897#110828683>		"Mai"@bzt	
"març"@oc	<https://panlex.org/snapshot/panlex-20191001-csv/2897#110828238>				<https://panlex.org/snapshot/panlex-20191001-csv/2897#110828156>		"Marth"@bzt	
"jun"@oc	<https://panlex.org/snapshot/panlex-20191001-csv/2897#110829152>				<https://panlex.org/snapshot/panlex-20191001-csv/2897#110829404>		"Methef"@bzt	
"setembre"@oc	<https://panlex.org/snapshot/panlex-20191001-csv/2897#110830370>				<https://panlex.org/snapshot/panlex-20191001-csv/2897#110830689>		"Ystreblanc"@bzt	
"mai"@oc	<https://panlex.org/snapshot/panlex-20191001-csv/2897#110828989>				<https://panlex.org/snapshot/panlex-20191001-csv/2897#110828683>		"Mai"@bzt	
"deseme"@oc	<https://panlex.org/snapshot/panlex-20191001-csv/2897#110831633>				<https://panlex.org/snapshot/panlex-20191001-csv/2897#110831603>		"Arbennir"@bzt	
"desèmbre"@oc	<https://panlex.org/snapshot/panlex-20191001-csv/2897#110831775>				<https://panlex.org/snapshot/panlex-20191001-csv/2897#110831603>		"Arbennir"@bzt	
"mars"@oc	<https://panlex.org/snapshot/panlex-20191001-csv/2897#110828028>				<https://panlex.org/snapshot/panlex-20191001-csv/2897#110828156>		"Marth"@bzt	
"óutobre"@oc	<https://panlex.org/snapshot/panlex-20191001-csv/2897#110830730>				<https://panlex.org/snapshot/panlex-20191001-csv/2897#110830858>		"Sedref"@bzt	
"junh"@oc	<https://panlex.org/snapshot/panlex-20191001-csv/2897#110829444>				<https://panlex.org/snapshot/panlex-20191001-csv/2897#110829404>		"Methef"@bzt	
"agost"@oc	<https://panlex.org/snapshot/panlex-20191001-csv/2897#110829888>				<https://panlex.org/snapshot/panlex-20191001-csv/2897#110829917>		"Awst"@bzt	
"gèr"@oc	<https://panlex.org/snapshot/panlex-20191001-csv/2897#110827038>				<https://panlex.org/snapshot/panlex-20191001-csv/2897#110827263>		"Ianeir"@bzt	
"seteme"@oc	<https://panlex.org/snapshot/panlex-20191001-csv/2897#110830543>				<https://panlex.org/snapshot/panlex-20191001-csv/2897#110830689>		"Ystreblanc"@bzt	
"novembre"@oc	<https://panlex.org/snapshot/panlex-20191001-csv/2897#110831298>				<https://panlex.org/snapshot/panlex-20191001-csv/2897#110831491>		"Muisnir"@bzt	
"març"@oc	<https://panlex.org/snapshot/panlex-20191001-csv/2897#110827909>				<https://panlex.org/snapshot/panlex-20191001-csv/2897#110828156>		"Marth"@bzt	
"nouvèmbre"@oc	<https://panlex.org/snapshot/panlex-20191001-csv/2897#110831211>				<https://panlex.org/snapshot/panlex-20191001-csv/2897#110831491>		"Muisnir"@bzt	
"juliet"@oc	<https://panlex.org/snapshot/panlex-20191001-csv/2897#110829813>				<https://panlex.org/snapshot/panlex-20191001-csv/2897#110829588>		"Ffinystiw"@bzt	
"julhet"@oc	<https://panlex.org/snapshot/panlex-20191001-csv/2897#110829579>				<https://panlex.org/snapshot/panlex-20191001-csv/2897#110829588>		"Ffinystiw"@bzt	
"sètembre"@oc	<https://panlex.org/snapshot/panlex-20191001-csv/2897#110830491>				<https://panlex.org/snapshot/panlex-20191001-csv/2897#110830689>		"Ystreblanc"@bzt	
"noveme"@oc	<https://panlex.org/snapshot/panlex-20191001-csv/2897#110831522>				<https://panlex.org/snapshot/panlex-20191001-csv/2897#110831491>		"Muisnir"@bzt	
"junhsèga"@oc	<https://panlex.org/snapshot/panlex-20191001-csv/2897#110829739>				<https://panlex.org/snapshot/panlex-20191001-csv/2897#110829588>		"Ffinystiw"@bzt	
"octobre"@oc	<https://panlex.org/snapshot/panlex-20191001-csv/2897#110831136>				<https://panlex.org/snapshot/panlex-20191001-csv/2897#110830858>		"Sedref"@bzt	
"janvié"@oc	<https://panlex.org/snapshot/panlex-20191001-csv/2897#110827262>				<https://panlex.org/snapshot/panlex-20191001-csv/2897#110827263>		"Ianeir"@bzt	
"decembre"@oc	<https://panlex.org/snapshot/panlex-20191001-csv/2897#110831593>				<https://panlex.org/snapshot/panlex-20191001-csv/2897#110831603>		"Arbennir"@bzt	
"abriéu"@oc	<https://panlex.org/snapshot/panlex-20191001-csv/2897#110828273>				<https://panlex.org/snapshot/panlex-20191001-csv/2897#110828510>		"Ebril"@bzt	
"abriu"@oc	<https://panlex.org/snapshot/panlex-20191001-csv/2897#110828282>				<https://panlex.org/snapshot/panlex-20191001-csv/2897#110828510>		"Ebril"@bzt	
"genièr"@oc	<https://panlex.org/snapshot/panlex-20191001-csv/2897#110827071>				<https://panlex.org/snapshot/panlex-20191001-csv/2897#110827263>		"Ianeir"@bzt	
"abril"@oc	<https://panlex.org/snapshot/panlex-20191001-csv/2897#110828512>				<https://panlex.org/snapshot/panlex-20191001-csv/2897#110828510>		"Ebril"@bzt	
"junh"@oc	<https://panlex.org/snapshot/panlex-20191001-csv/2897#110829384>				<https://panlex.org/snapshot/panlex-20191001-csv/2897#110829404>		"Methef"@bzt	
"octòbre"@oc	<https://panlex.org/snapshot/panlex-20191001-csv/2897#110831130>				<https://panlex.org/snapshot/panlex-20191001-csv/2897#110830858>		"Sedref"@bzt	
"agóst"@oc	<https://panlex.org/snapshot/panlex-20191001-csv/2897#110830259>				<https://panlex.org/snapshot/panlex-20191001-csv/2897#110829917>		"Awst"@bzt	
"avoust"@oc	<https://panlex.org/snapshot/panlex-20191001-csv/2897#110830187>				<https://panlex.org/snapshot/panlex-20191001-csv/2897#110829917>		"Awst"@bzt	
