"aigua"@oc	<https://panlex.org/snapshot/panlex-20191001-csv/5947#84886522>				<https://panlex.org/snapshot/panlex-20191001-csv/5947#84886520>		"madzi"@ny	
"Bíblia"@oc	<https://panlex.org/snapshot/panlex-20191001-csv/5949#85302756>				<https://panlex.org/snapshot/panlex-20191001-csv/5949#85302755>		"Baibulo"@ny	
"Jèsus"@oc	<https://panlex.org/snapshot/panlex-20191001-csv/5943#83289574>				<https://panlex.org/snapshot/panlex-20191001-csv/5943#83289573>		"Yesu"@ny	
"aiga"@oc	<https://panlex.org/snapshot/panlex-20191001-csv/12#851094>				<https://panlex.org/snapshot/panlex-20191001-csv/12#851093>		"madzi"@ny	
"pas"@oc	<https://panlex.org/snapshot/panlex-20191001-csv/2902#111012033>				<https://panlex.org/snapshot/panlex-20191001-csv/2902#111012114>		"m’tendere"@ny	
"patz"@oc	<https://panlex.org/snapshot/panlex-20191001-csv/2902#111012050>				<https://panlex.org/snapshot/panlex-20191001-csv/2902#111012114>		"m’tendere"@ny	
"gestion del saber"@oc	<https://panlex.org/snapshot/panlex-20191001-csv/5146#110887827>				<https://panlex.org/snapshot/panlex-20191001-csv/5146#110887826>		"kugwilitsa nchito nzeru"@ny	
"plan d’afars"@oc	<https://panlex.org/snapshot/panlex-20191001-csv/5146#110888860>				<https://panlex.org/snapshot/panlex-20191001-csv/5146#110888859>		"pulano la malonda"@ny	
"desvolopament perduraire"@oc	<https://panlex.org/snapshot/panlex-20191001-csv/5146#110887434>				<https://panlex.org/snapshot/panlex-20191001-csv/5146#110887433>		"chitukuko chokhazikika"@ny	
"vendeire"@oc	<https://panlex.org/snapshot/panlex-20191001-csv/5146#110889942>				<https://panlex.org/snapshot/panlex-20191001-csv/5146#110889941>		"munthu ogulitsa"@ny	
"raspa oc"@oc	<https://panlex.org/snapshot/panlex-20191001-csv/5146#110887995>				<https://panlex.org/snapshot/panlex-20191001-csv/5146#110887993>		"zomera zing`no zing`ono"@ny	
"demanda"@oc	<https://panlex.org/snapshot/panlex-20191001-csv/5146#110887275>				<https://panlex.org/snapshot/panlex-20191001-csv/5146#110887274>		"zolemba zofuna"@ny	
"rotacion"@oc	<https://panlex.org/snapshot/panlex-20191001-csv/5146#110889305>				<https://panlex.org/snapshot/panlex-20191001-csv/5146#110889304>		"kuzungulira"@ny	
"client"@oc	<https://panlex.org/snapshot/panlex-20191001-csv/5146#110886540>				<https://panlex.org/snapshot/panlex-20191001-csv/5146#110886539>		"kastomala"@ny	
"personalizacion"@oc	<https://panlex.org/snapshot/panlex-20191001-csv/5146#110888796>				<https://panlex.org/snapshot/panlex-20191001-csv/5146#110888795>		"chifanizo"@ny	
"besonhs"@oc	<https://panlex.org/snapshot/panlex-20191001-csv/5146#110886229>				<https://panlex.org/snapshot/panlex-20191001-csv/5146#110886228>		"zofunika"@ny	
"ofèrta"@oc	<https://panlex.org/snapshot/panlex-20191001-csv/5146#110888683>				<https://panlex.org/snapshot/panlex-20191001-csv/5146#110888682>		"msika"@ny	
"pagar truca-truquet"@oc	<https://panlex.org/snapshot/panlex-20191001-csv/5146#110886773>				<https://panlex.org/snapshot/panlex-20191001-csv/5146#110886771>		"ndalama"@ny	
"entrepresa joncha"@oc	<https://panlex.org/snapshot/panlex-20191001-csv/5146#110886596>				<https://panlex.org/snapshot/panlex-20191001-csv/5146#110886595>		"malonda ochitira pamodzi"@ny	
"censa"@oc	<https://panlex.org/snapshot/panlex-20191001-csv/5146#110889152>				<https://panlex.org/snapshot/panlex-20191001-csv/5146#110889151>		"ndalama zolipira"@ny	
"desnistaire-destoscaire-rafegaire-furnaire"@oc	<https://panlex.org/snapshot/panlex-20191001-csv/5146#110887397>				<https://panlex.org/snapshot/panlex-20191001-csv/5146#110887396>		"ogwira nchito bwino"@ny	
"tenguent-tenguent"@oc	<https://panlex.org/snapshot/panlex-20191001-csv/5146#110887734>				<https://panlex.org/snapshot/panlex-20191001-csv/5146#110887733>		"kupambana-kupambana"@ny	
"autoservici"@oc	<https://panlex.org/snapshot/panlex-20191001-csv/5146#110888060>				<https://panlex.org/snapshot/panlex-20191001-csv/5146#110888058>		"kuzichitira pa yekha"@ny	
"apairinatge"@oc	<https://panlex.org/snapshot/panlex-20191001-csv/5146#110888735>				<https://panlex.org/snapshot/panlex-20191001-csv/5146#110888734>		"kukhalira kumbuyo"@ny	
"escambi financier"@oc	<https://panlex.org/snapshot/panlex-20191001-csv/5146#110890075>				<https://panlex.org/snapshot/panlex-20191001-csv/5146#110890074>		"sinthanitsana"@ny	
"contracte"@oc	<https://panlex.org/snapshot/panlex-20191001-csv/5146#110886862>				<https://panlex.org/snapshot/panlex-20191001-csv/5146#110886861>		"pangano"@ny	
"gestionari"@oc	<https://panlex.org/snapshot/panlex-20191001-csv/5146#110888230>				<https://panlex.org/snapshot/panlex-20191001-csv/5146#110888229>		"mkulu wa nchito"@ny	
"bruelh nòu"@oc	<https://panlex.org/snapshot/panlex-20191001-csv/5146#110887996>				<https://panlex.org/snapshot/panlex-20191001-csv/5146#110887993>		"zomera zing`no zing`ono"@ny	
"pacha"@oc	<https://panlex.org/snapshot/panlex-20191001-csv/5146#110886863>				<https://panlex.org/snapshot/panlex-20191001-csv/5146#110886861>		"pangano"@ny	
"parli ta lenga"@oc	<https://panlex.org/snapshot/panlex-20191001-csv/5146#110887965>				<https://panlex.org/snapshot/panlex-20191001-csv/5146#110887964>		"ndilankhula chilankhulo chanu"@ny	
"banca de donadas"@oc	<https://panlex.org/snapshot/panlex-20191001-csv/5146#110886178>				<https://panlex.org/snapshot/panlex-20191001-csv/5146#110886177>		"mbili ya bank"@ny	
"tenença financiera"@oc	<https://panlex.org/snapshot/panlex-20191001-csv/5146#110889700>				<https://panlex.org/snapshot/panlex-20191001-csv/5146#110889699>		"mwini wa"@ny	
"cadena logistica"@oc	<https://panlex.org/snapshot/panlex-20191001-csv/5146#110886446>				<https://panlex.org/snapshot/panlex-20191001-csv/5146#110886445>		"njira yopanga dongosolo"@ny	
"percentadge"@oc	<https://panlex.org/snapshot/panlex-20191001-csv/5146#110889153>				<https://panlex.org/snapshot/panlex-20191001-csv/5146#110889151>		"ndalama zolipira"@ny	
"afars"@oc	<https://panlex.org/snapshot/panlex-20191001-csv/5146#110885935>				<https://panlex.org/snapshot/panlex-20191001-csv/5146#110885934>		"malonda"@ny	
"pagar sus bonda"@oc	<https://panlex.org/snapshot/panlex-20191001-csv/5146#110886774>				<https://panlex.org/snapshot/panlex-20191001-csv/5146#110886771>		"ndalama"@ny	
"mentor"@oc	<https://panlex.org/snapshot/panlex-20191001-csv/5146#110888398>				<https://panlex.org/snapshot/panlex-20191001-csv/5146#110888397>		"ounikira"@ny	
"servici pratica"@oc	<https://panlex.org/snapshot/panlex-20191001-csv/5146#110889544>				<https://panlex.org/snapshot/panlex-20191001-csv/5146#110889543>		"nchito yothandizira makastomala"@ny	
"mercadizacion"@oc	<https://panlex.org/snapshot/panlex-20191001-csv/5146#110888297>				<https://panlex.org/snapshot/panlex-20191001-csv/5146#110888296>		"kusintha kukhala katundu"@ny	
"etica dels afars"@oc	<https://panlex.org/snapshot/panlex-20191001-csv/5146#110890239>				<https://panlex.org/snapshot/panlex-20191001-csv/5146#110890238>		"lamulo la malonda"@ny	
"còpa clòsca"@oc	<https://panlex.org/snapshot/panlex-20191001-csv/5146#110889208>				<https://panlex.org/snapshot/panlex-20191001-csv/5146#110889205>		"kusinkhasikha"@ny	
"bolega lo cap"@oc	<https://panlex.org/snapshot/panlex-20191001-csv/5146#110889206>				<https://panlex.org/snapshot/panlex-20191001-csv/5146#110889205>		"kusinkhasikha"@ny	
"asagatge"@oc	<https://panlex.org/snapshot/panlex-20191001-csv/5146#110886075>				<https://panlex.org/snapshot/panlex-20191001-csv/5146#110886074>		"kuthilira"@ny	
"viatgista"@oc	<https://panlex.org/snapshot/panlex-20191001-csv/5146#110889989>				<https://panlex.org/snapshot/panlex-20191001-csv/5146#110889988>		"wa nchito yoendera"@ny	
"cooperativa"@oc	<https://panlex.org/snapshot/panlex-20191001-csv/5146#110886918>				<https://panlex.org/snapshot/panlex-20191001-csv/5146#110886917>		"chigwirizano"@ny	
"adieusiatz"@oc	<https://panlex.org/snapshot/panlex-20191001-csv/5146#110886139>				<https://panlex.org/snapshot/panlex-20191001-csv/5146#110886138>		"tsalani bwino"@ny	
"mercés plan"@oc	<https://panlex.org/snapshot/panlex-20191001-csv/5146#110888536>				<https://panlex.org/snapshot/panlex-20191001-csv/5146#110888535>		"zikomo"@ny	
"produch"@oc	<https://panlex.org/snapshot/panlex-20191001-csv/5146#110889008>				<https://panlex.org/snapshot/panlex-20191001-csv/5146#110889007>		"katundu"@ny	
"liure - servici"@oc	<https://panlex.org/snapshot/panlex-20191001-csv/5146#110888059>				<https://panlex.org/snapshot/panlex-20191001-csv/5146#110888058>		"kuzichitira pa yekha"@ny	
"escomptaire"@oc	<https://panlex.org/snapshot/panlex-20191001-csv/5146#110887326>				<https://panlex.org/snapshot/panlex-20191001-csv/5146#110887325>		"obwezako mtengo"@ny	
"mercatica"@oc	<https://panlex.org/snapshot/panlex-20191001-csv/5146#110888479>				<https://panlex.org/snapshot/panlex-20191001-csv/5146#110888478>		"kutsatsa malonda"@ny	
"afranquesatge"@oc	<https://panlex.org/snapshot/panlex-20191001-csv/5146#110887693>				<https://panlex.org/snapshot/panlex-20191001-csv/5146#110887692>		"chilolezo"@ny	
"tontina"@oc	<https://panlex.org/snapshot/panlex-20191001-csv/5146#110889780>				<https://panlex.org/snapshot/panlex-20191001-csv/5146#110889779>		"kusonka"@ny	
"còsti"@oc	<https://panlex.org/snapshot/panlex-20191001-csv/5146#110889154>				<https://panlex.org/snapshot/panlex-20191001-csv/5146#110889151>		"ndalama zolipira"@ny	
"getèla jove"@oc	<https://panlex.org/snapshot/panlex-20191001-csv/5146#110887994>				<https://panlex.org/snapshot/panlex-20191001-csv/5146#110887993>		"zomera zing`no zing`ono"@ny	
"tendéncia"@oc	<https://panlex.org/snapshot/panlex-20191001-csv/5146#110889747>				<https://panlex.org/snapshot/panlex-20191001-csv/5146#110889746>		"njira yoendetsera zinthu"@ny	
"remenacervèl o clòsca"@oc	<https://panlex.org/snapshot/panlex-20191001-csv/5146#110889207>				<https://panlex.org/snapshot/panlex-20191001-csv/5146#110889205>		"kusinkhasikha"@ny	
"entrepresa"@oc	<https://panlex.org/snapshot/panlex-20191001-csv/5146#110887490>				<https://panlex.org/snapshot/panlex-20191001-csv/5146#110887489>		"malonda"@ny	
"crompaire"@oc	<https://panlex.org/snapshot/panlex-20191001-csv/5146#110885840>				<https://panlex.org/snapshot/panlex-20191001-csv/5146#110885839>		"ogura"@ny	
"comèrci just"@oc	<https://panlex.org/snapshot/panlex-20191001-csv/5146#110886720>				<https://panlex.org/snapshot/panlex-20191001-csv/5146#110886719>		"malonda ochitiwa bwino"@ny	
"cultura d’entrepresa"@oc	<https://panlex.org/snapshot/panlex-20191001-csv/5146#110887109>				<https://panlex.org/snapshot/panlex-20191001-csv/5146#110887108>		"chikhalidwe cha chigwilizano"@ny	
"bonjorn"@oc	<https://panlex.org/snapshot/panlex-20191001-csv/5146#110886280>				<https://panlex.org/snapshot/panlex-20191001-csv/5146#110886279>		"mwauka bwanji"@ny	
"activitat primièra"@oc	<https://panlex.org/snapshot/panlex-20191001-csv/5146#110887225>				<https://panlex.org/snapshot/panlex-20191001-csv/5146#110887224>		"kuchita zinthu mofunika"@ny	
"pagar sulcòp"@oc	<https://panlex.org/snapshot/panlex-20191001-csv/5146#110886772>				<https://panlex.org/snapshot/panlex-20191001-csv/5146#110886771>		"ndalama"@ny	
"mutuala"@oc	<https://panlex.org/snapshot/panlex-20191001-csv/5146#110888585>				<https://panlex.org/snapshot/panlex-20191001-csv/5146#110888584>		"kampani yopereka chitetezo"@ny	
"corriel"@oc	<https://panlex.org/snapshot/panlex-20191001-csv/5146#110886990>				<https://panlex.org/snapshot/panlex-20191001-csv/5146#110886989>		"kalata ya email"@ny	
"aiga"@oc	<https://panlex.org/snapshot/panlex-20191001-csv/11#787692>				<https://panlex.org/snapshot/panlex-20191001-csv/11#787691>		"madzi"@ny	
