"àcua"@sro	<https://panlex.org/snapshot/panlex-20191001-csv/2131#11695244>				<https://panlex.org/snapshot/panlex-20191001-csv/2131#11695147>		"voda"@bs	
"watar"@sro	<https://panlex.org/snapshot/panlex-20191001-csv/2131#11695245>				<https://panlex.org/snapshot/panlex-20191001-csv/2131#11695147>		"voda"@bs	
"aggettivu"@sro	<https://panlex.org/snapshot/panlex-20191001-csv/5945#84349096>				<https://panlex.org/snapshot/panlex-20191001-csv/5945#84349045>		"pridjevi"@bs	
"àcua"@sro	<https://panlex.org/snapshot/panlex-20191001-csv/12#851162>				<https://panlex.org/snapshot/panlex-20191001-csv/12#850858>		"voda"@bs	
"mari"@sro	<https://panlex.org/snapshot/panlex-20191001-csv/8#249448>				<https://panlex.org/snapshot/panlex-20191001-csv/8#249381>		"more"@bs	
"àcua"@sro	<https://panlex.org/snapshot/panlex-20191001-csv/11#787734>				<https://panlex.org/snapshot/panlex-20191001-csv/11#787501>		"voda"@bs	
