"ʔomboŋo"@gor	<https://panlex.org/snapshot/panlex-20191001-csv/114#8058393>				<https://panlex.org/snapshot/panlex-20191001-csv/114#8058451>		"tia-na"@kkk	
"mo-hilawo"@gor	<https://panlex.org/snapshot/panlex-20191001-csv/114#8065678>				<https://panlex.org/snapshot/panlex-20191001-csv/114#8065726>		"nanafa"@kkk	
"ʔoʔato"@gor	<https://panlex.org/snapshot/panlex-20191001-csv/114#8053239>				<https://panlex.org/snapshot/panlex-20191001-csv/114#8053304>		"ɣahe-na"@kkk	
"mo-balé"@gor	<https://panlex.org/snapshot/panlex-20191001-csv/114#8055375>				<https://panlex.org/snapshot/panlex-20191001-csv/114#8055433>		"fikai"@kkk	
"luŋgoŋo"@gor	<https://panlex.org/snapshot/panlex-20191001-csv/114#8063532>				<https://panlex.org/snapshot/panlex-20191001-csv/114#8063585>		"pau-na"@kkk	
"ʔalipo"@gor	<https://panlex.org/snapshot/panlex-20191001-csv/114#8057365>				<https://panlex.org/snapshot/panlex-20191001-csv/114#8057416>		"guli-na"@kkk	
"mo-diilo"@gor	<https://panlex.org/snapshot/panlex-20191001-csv/114#8066120>				<https://panlex.org/snapshot/panlex-20191001-csv/114#8066177>		"siri"@kkk	
"wuliŋo"@gor	<https://panlex.org/snapshot/panlex-20191001-csv/114#8065161>				<https://panlex.org/snapshot/panlex-20191001-csv/114#8065220>		"nehu-na"@kkk	
"duhu"@gor	<https://panlex.org/snapshot/panlex-20191001-csv/114#8062994>				<https://panlex.org/snapshot/panlex-20191001-csv/114#8063045>		"dadara-na"@kkk	
"ʔo-taawa"@gor	<https://panlex.org/snapshot/panlex-20191001-csv/114#8061483>				<https://panlex.org/snapshot/panlex-20191001-csv/114#8061550>		"lalase"@kkk	
"dalalo"@gor	<https://panlex.org/snapshot/panlex-20191001-csv/114#8054387>				<https://panlex.org/snapshot/panlex-20191001-csv/114#8054433>		"guku"@kkk	
"mo-lolaŋi"@gor	<https://panlex.org/snapshot/panlex-20191001-csv/114#8055870>				<https://panlex.org/snapshot/panlex-20191001-csv/114#8055926>		"tao"@kkk	
