"ʔomboŋo"@gor	<https://panlex.org/snapshot/panlex-20191001-csv/114#8058393>				<https://panlex.org/snapshot/panlex-20191001-csv/114#8058809>		"uube"@woe	
"ʔomboŋo"@gor	<https://panlex.org/snapshot/panlex-20191001-csv/114#8058393>				<https://panlex.org/snapshot/panlex-20191001-csv/114#8058807>		"uba"@woe	
"ʔomboŋo"@gor	<https://panlex.org/snapshot/panlex-20191001-csv/114#8058393>				<https://panlex.org/snapshot/panlex-20191001-csv/114#8058808>		"uba-(l)"@woe	
"mo-hilawo"@gor	<https://panlex.org/snapshot/panlex-20191001-csv/114#8065678>				<https://panlex.org/snapshot/panlex-20191001-csv/114#8065992>		"ŋaseŋase"@woe	
"mo-hilawo"@gor	<https://panlex.org/snapshot/panlex-20191001-csv/114#8065678>				<https://panlex.org/snapshot/panlex-20191001-csv/114#8065991>		"ng-ngasa"@woe	
"ʔoʔato"@gor	<https://panlex.org/snapshot/panlex-20191001-csv/114#8053239>				<https://panlex.org/snapshot/panlex-20191001-csv/114#8053656>		"peshee"@woe	
"ʔoʔato"@gor	<https://panlex.org/snapshot/panlex-20191001-csv/114#8053239>				<https://panlex.org/snapshot/panlex-20191001-csv/114#8053657>		"pesheɛ"@woe	
"mo-balé"@gor	<https://panlex.org/snapshot/panlex-20191001-csv/114#8055375>				<https://panlex.org/snapshot/panlex-20191001-csv/114#8055729>		"sape"@woe	
"mo-balé"@gor	<https://panlex.org/snapshot/panlex-20191001-csv/114#8055375>				<https://panlex.org/snapshot/panlex-20191001-csv/114#8055730>		"sossor"@woe	
"luŋgoŋo"@gor	<https://panlex.org/snapshot/panlex-20191001-csv/114#8063532>				<https://panlex.org/snapshot/panlex-20191001-csv/114#8063921>		"shimwa"@woe	
"ʔalipo"@gor	<https://panlex.org/snapshot/panlex-20191001-csv/114#8057365>				<https://panlex.org/snapshot/panlex-20191001-csv/114#8057739>		"giili"@woe	
"ʔalipo"@gor	<https://panlex.org/snapshot/panlex-20191001-csv/114#8057365>				<https://panlex.org/snapshot/panlex-20191001-csv/114#8057740>		"gili"@woe	
"ʔalipo"@gor	<https://panlex.org/snapshot/panlex-20191001-csv/114#8057365>				<https://panlex.org/snapshot/panlex-20191001-csv/114#8057741>		"gilɪ"@woe	
"mo-diilo"@gor	<https://panlex.org/snapshot/panlex-20191001-csv/114#8066120>				<https://panlex.org/snapshot/panlex-20191001-csv/114#8066482>		"ngiuri-a"@woe	
"wuliŋo"@gor	<https://panlex.org/snapshot/panlex-20191001-csv/114#8065161>				<https://panlex.org/snapshot/panlex-20191001-csv/114#8065555>		"-bootɪ"@woe	
"wuliŋo"@gor	<https://panlex.org/snapshot/panlex-20191001-csv/114#8065161>				<https://panlex.org/snapshot/panlex-20191001-csv/114#8065556>		"booti"@woe	
"duhu"@gor	<https://panlex.org/snapshot/panlex-20191001-csv/114#8062994>				<https://panlex.org/snapshot/panlex-20191001-csv/114#8063370>		"chaa"@woe	
"duhu"@gor	<https://panlex.org/snapshot/panlex-20191001-csv/114#8062994>				<https://panlex.org/snapshot/panlex-20191001-csv/114#8063371>		"chchaa"@woe	
"ʔo-taawa"@gor	<https://panlex.org/snapshot/panlex-20191001-csv/114#8061483>				<https://panlex.org/snapshot/panlex-20191001-csv/114#8061889>		"giula-a"@woe	
"ʔo-taawa"@gor	<https://panlex.org/snapshot/panlex-20191001-csv/114#8061483>				<https://panlex.org/snapshot/panlex-20191001-csv/114#8061888>		"gile"@woe	
"dalalo"@gor	<https://panlex.org/snapshot/panlex-20191001-csv/114#8054387>				<https://panlex.org/snapshot/panlex-20191001-csv/114#8054737>		"yaale"@woe	
"dalalo"@gor	<https://panlex.org/snapshot/panlex-20191001-csv/114#8054387>				<https://panlex.org/snapshot/panlex-20191001-csv/114#8054739>		"yela-(li)"@woe	
"dalalo"@gor	<https://panlex.org/snapshot/panlex-20191001-csv/114#8054387>				<https://panlex.org/snapshot/panlex-20191001-csv/114#8054738>		"yala"@woe	
"dalalo"@gor	<https://panlex.org/snapshot/panlex-20191001-csv/114#8054387>				<https://panlex.org/snapshot/panlex-20191001-csv/114#8054740>		"yen-(nape)"@woe	
"mo-lolaŋi"@gor	<https://panlex.org/snapshot/panlex-20191001-csv/114#8055870>				<https://panlex.org/snapshot/panlex-20191001-csv/114#8056255>		"yafa"@woe	
"mo-lolaŋi"@gor	<https://panlex.org/snapshot/panlex-20191001-csv/114#8055870>				<https://panlex.org/snapshot/panlex-20191001-csv/114#8056256>		"yafe"@woe	
