"taluhu"@gor	<https://panlex.org/snapshot/panlex-20191001-csv/12#850934>				<https://panlex.org/snapshot/panlex-20191001-csv/12#851138>		"aiq"@sas	
"ʔomboŋo"@gor	<https://panlex.org/snapshot/panlex-20191001-csv/114#8058393>				<https://panlex.org/snapshot/panlex-20191001-csv/114#8058672>		"tian"@sas	
"mo-hilawo"@gor	<https://panlex.org/snapshot/panlex-20191001-csv/114#8065678>				<https://panlex.org/snapshot/panlex-20191001-csv/114#8065893>		"bərəmbok"@sas	
"ʔoʔato"@gor	<https://panlex.org/snapshot/panlex-20191001-csv/114#8053239>				<https://panlex.org/snapshot/panlex-20191001-csv/114#8053519>		"náe"@sas	
"mo-balé"@gor	<https://panlex.org/snapshot/panlex-20191001-csv/114#8055375>				<https://panlex.org/snapshot/panlex-20191001-csv/114#8055621>		"biluk"@sas	
"luŋgoŋo"@gor	<https://panlex.org/snapshot/panlex-20191001-csv/114#8063532>				<https://panlex.org/snapshot/panlex-20191001-csv/114#8063787>		"otak"@sas	
"ʔalipo"@gor	<https://panlex.org/snapshot/panlex-20191001-csv/114#8057365>				<https://panlex.org/snapshot/panlex-20191001-csv/114#8057616>		"léndoŋ"@sas	
"mo-diilo"@gor	<https://panlex.org/snapshot/panlex-20191001-csv/114#8066120>				<https://panlex.org/snapshot/panlex-20191001-csv/114#8066369>		"siduk"@sas	
"wuliŋo"@gor	<https://panlex.org/snapshot/panlex-20191001-csv/114#8065161>				<https://panlex.org/snapshot/panlex-20191001-csv/114#8065424>		"iduŋ"@sas	
"duhu"@gor	<https://panlex.org/snapshot/panlex-20191001-csv/114#8062994>				<https://panlex.org/snapshot/panlex-20191001-csv/114#8063247>		"daraq"@sas	
"ʔo-taawa"@gor	<https://panlex.org/snapshot/panlex-20191001-csv/114#8061483>				<https://panlex.org/snapshot/panlex-20191001-csv/114#8061758>		"tauq"@sas	
"dalalo"@gor	<https://panlex.org/snapshot/panlex-20191001-csv/114#8054387>				<https://panlex.org/snapshot/panlex-20191001-csv/114#8054618>		"laŋan"@sas	
"mo-lolaŋi"@gor	<https://panlex.org/snapshot/panlex-20191001-csv/114#8055870>				<https://panlex.org/snapshot/panlex-20191001-csv/114#8056131>		"ŋonoŋ"@sas	
