"bohgi baado ahgyitakani"@mot	<https://panlex.org/snapshot/panlex-20191001-csv/1573#50089567>				<https://panlex.org/snapshot/panlex-20191001-csv/1573#50089606>		"чвачва"@tin	
"aɨna"@mot	<https://panlex.org/snapshot/panlex-20191001-csv/1573#50090683>				<https://panlex.org/snapshot/panlex-20191001-csv/1573#50090793>		"гьиᴴцІа"@tin	
"aɨna"@mot	<https://panlex.org/snapshot/panlex-20191001-csv/1573#50090683>				<https://panlex.org/snapshot/panlex-20191001-csv/1573#50090792>		"гьакъи"@tin	
"šiimbia"@mot	<https://panlex.org/snapshot/panlex-20191001-csv/1573#50084604>				<https://panlex.org/snapshot/panlex-20191001-csv/1573#50084657>		"лъес̄ахъа макІва"@tin	
"kaa"@mot	<https://panlex.org/snapshot/panlex-20191001-csv/1573#50090338>				<https://panlex.org/snapshot/panlex-20191001-csv/1573#50090398>		"лъуйи"@tin	
"kaa"@mot	<https://panlex.org/snapshot/panlex-20191001-csv/1573#50090082>				<https://panlex.org/snapshot/panlex-20191001-csv/1573#50090145>		"рогьа"@tin	
"akdō"@mot	<https://panlex.org/snapshot/panlex-20191001-csv/1573#50085539>				<https://panlex.org/snapshot/panlex-20191001-csv/1573#50085601>		"руч̄а"@tin	
"akdō"@mot	<https://panlex.org/snapshot/panlex-20191001-csv/1573#50085539>				<https://panlex.org/snapshot/panlex-20191001-csv/1573#50085600>		"нухъа"@tin	
"ããng"@mot	<https://panlex.org/snapshot/panlex-20191001-csv/1573#50090684>				<https://panlex.org/snapshot/panlex-20191001-csv/1573#50090793>		"гьиᴴцІа"@tin	
"ããng"@mot	<https://panlex.org/snapshot/panlex-20191001-csv/1573#50090684>				<https://panlex.org/snapshot/panlex-20191001-csv/1573#50090792>		"гьакъи"@tin	
"itenči"@mot	<https://panlex.org/snapshot/panlex-20191001-csv/1573#50089803>				<https://panlex.org/snapshot/panlex-20191001-csv/1573#50089881>		"рогьа"@tin	
"ũũngda"@mot	<https://panlex.org/snapshot/panlex-20191001-csv/1573#50083313>				<https://panlex.org/snapshot/panlex-20191001-csv/1573#50083374>		"селу"@tin	
"baḍũ"@mot	<https://panlex.org/snapshot/panlex-20191001-csv/1573#50091178>				<https://panlex.org/snapshot/panlex-20191001-csv/1573#50091244>		"регьен"@tin	
"baḍũ"@mot	<https://panlex.org/snapshot/panlex-20191001-csv/1573#50091178>				<https://panlex.org/snapshot/panlex-20191001-csv/1573#50091243>		"регьан"@tin	
"angbarī"@mot	<https://panlex.org/snapshot/panlex-20191001-csv/1573#50084021>				<https://panlex.org/snapshot/panlex-20191001-csv/1573#50084081>		"кьва̄"@tin	
"angbarī"@mot	<https://panlex.org/snapshot/panlex-20191001-csv/1573#50084021>				<https://panlex.org/snapshot/panlex-20191001-csv/1573#50084080>		"гьакъи"@tin	
"nyaa"@mot	<https://panlex.org/snapshot/panlex-20191001-csv/1573#50091437>				<https://panlex.org/snapshot/panlex-20191001-csv/1573#50091497>		"милъи"@tin	
"šiima"@mot	<https://panlex.org/snapshot/panlex-20191001-csv/1573#50085784>				<https://panlex.org/snapshot/panlex-20191001-csv/1573#50085853>		"лълъе̄ᴴ"@tin	
"undaghakĩ"@mot	<https://panlex.org/snapshot/panlex-20191001-csv/1573#50089060>				<https://panlex.org/snapshot/panlex-20191001-csv/1573#50089146>		"гъуй"@tin	
"undaghakĩ"@mot	<https://panlex.org/snapshot/panlex-20191001-csv/1573#50089060>				<https://panlex.org/snapshot/panlex-20191001-csv/1573#50089147>		"гьиᴴц̄и"@tin	
"bẽa"@mot	<https://panlex.org/snapshot/panlex-20191001-csv/1573#50084342>				<https://panlex.org/snapshot/panlex-20191001-csv/1573#50084426>		"гІатІиракьи"@tin	
"bẽa"@mot	<https://panlex.org/snapshot/panlex-20191001-csv/1573#50084342>				<https://panlex.org/snapshot/panlex-20191001-csv/1573#50084425>		"байдан"@tin	
"bẽa"@mot	<https://panlex.org/snapshot/panlex-20191001-csv/1573#50084342>				<https://panlex.org/snapshot/panlex-20191001-csv/1573#50084424>		"алаха"@tin	
"ihtan-bruki"@mot	<https://panlex.org/snapshot/panlex-20191001-csv/1573#50082760>				<https://panlex.org/snapshot/panlex-20191001-csv/1573#50082832>		"кьех̄ва"@tin	
"barona"@mot	<https://panlex.org/snapshot/panlex-20191001-csv/1573#50089352>				<https://panlex.org/snapshot/panlex-20191001-csv/1573#50089413>		"тиц̄у"@tin	
"bohgī"@mot	<https://panlex.org/snapshot/panlex-20191001-csv/1573#50088460>				<https://panlex.org/snapshot/panlex-20191001-csv/1573#50088570>		"кˀита"@tin	
"bohgī"@mot	<https://panlex.org/snapshot/panlex-20191001-csv/1573#50088460>				<https://panlex.org/snapshot/panlex-20191001-csv/1573#50088571>		"лъес̄а"@tin	
"bohgī"@mot	<https://panlex.org/snapshot/panlex-20191001-csv/1573#50088460>				<https://panlex.org/snapshot/panlex-20191001-csv/1573#50088568>		"бегьа"@tin	
"bohgī"@mot	<https://panlex.org/snapshot/panlex-20191001-csv/1573#50088460>				<https://panlex.org/snapshot/panlex-20191001-csv/1573#50088569>		"гъайа"@tin	
"sabarīka"@mot	<https://panlex.org/snapshot/panlex-20191001-csv/1573#50088743>				<https://panlex.org/snapshot/panlex-20191001-csv/1573#50088785>		"кІʼиликІʼа тІано̄б макІва"@tin	
"sabarīka"@mot	<https://panlex.org/snapshot/panlex-20191001-csv/1573#50088743>				<https://panlex.org/snapshot/panlex-20191001-csv/1573#50088786>		"х̄ваᴴй"@tin	
"ihtãã"@mot	<https://panlex.org/snapshot/panlex-20191001-csv/1573#50082479>				<https://panlex.org/snapshot/panlex-20191001-csv/1573#50082562>		"уᴴщи"@tin	
"ihtãã"@mot	<https://panlex.org/snapshot/panlex-20191001-csv/1573#50081842>				<https://panlex.org/snapshot/panlex-20191001-csv/1573#50081904>		"ракъар"@tin	
"ihtãã"@mot	<https://panlex.org/snapshot/panlex-20191001-csv/1573#50082145>				<https://panlex.org/snapshot/panlex-20191001-csv/1573#50082241>		"улка"@tin	
"ihtãã"@mot	<https://panlex.org/snapshot/panlex-20191001-csv/1573#50082145>				<https://panlex.org/snapshot/panlex-20191001-csv/1573#50082242>		"уᴴщи"@tin	
"barā"@mot	<https://panlex.org/snapshot/panlex-20191001-csv/1573#50083063>				<https://panlex.org/snapshot/panlex-20191001-csv/1573#50083128>		"хъупи"@tin	
"barā"@mot	<https://panlex.org/snapshot/panlex-20191001-csv/1573#50083063>				<https://panlex.org/snapshot/panlex-20191001-csv/1573#50083129>		"чІаба"@tin	
"badõo"@mot	<https://panlex.org/snapshot/panlex-20191001-csv/1573#50087009>				<https://panlex.org/snapshot/panlex-20191001-csv/1573#50087072>		"игьура"@tin	
"dyɨra"@mot	<https://panlex.org/snapshot/panlex-20191001-csv/1573#50083668>				<https://panlex.org/snapshot/panlex-20191001-csv/1573#50083764>		"беса"@tin	
"dyɨra"@mot	<https://panlex.org/snapshot/panlex-20191001-csv/1573#50083668>				<https://panlex.org/snapshot/panlex-20191001-csv/1573#50083766>		"гьаᴴда тІануб макІва"@tin	
"dyɨra"@mot	<https://panlex.org/snapshot/panlex-20191001-csv/1573#50083668>				<https://panlex.org/snapshot/panlex-20191001-csv/1573#50083765>		"гъола"@tin	
