"Pɛsɛ́shɛl"@jgo	<https://panlex.org/snapshot/panlex-20191001-csv/6898#113601997>				<https://panlex.org/snapshot/panlex-20191001-csv/6898#113601897>		"Na h-Eileanan Sheiseall"@gd	
"Ŋgɛlɛ̂k"@jgo	<https://panlex.org/snapshot/panlex-20191001-csv/6898#113630415>				<https://panlex.org/snapshot/panlex-20191001-csv/6898#113630276>		"A’ Ghreug"@gd	
"Cíllɛ"@jgo	<https://panlex.org/snapshot/panlex-20191001-csv/6898#113624853>				<https://panlex.org/snapshot/panlex-20191001-csv/6898#113624815>		"An t-Sile"@gd	
"Namimbî"@jgo	<https://panlex.org/snapshot/panlex-20191001-csv/6898#113606718>				<https://panlex.org/snapshot/panlex-20191001-csv/6898#113606767>		"An Namaib"@gd	
"Uŋgánda"@jgo	<https://panlex.org/snapshot/panlex-20191001-csv/6898#113637956>				<https://panlex.org/snapshot/panlex-20191001-csv/6898#113638067>		"Uganda"@gd	
"Vɛnɛzwɛ́la"@jgo	<https://panlex.org/snapshot/panlex-20191001-csv/6898#113597513>				<https://panlex.org/snapshot/panlex-20191001-csv/6898#113597441>		"A’ Bheiniseala"@gd	
"Azî"@jgo	<https://panlex.org/snapshot/panlex-20191001-csv/6898#113624446>				<https://panlex.org/snapshot/panlex-20191001-csv/6898#113624422>		"Àisia"@gd	
"Kɛ́nya"@jgo	<https://panlex.org/snapshot/panlex-20191001-csv/6898#113594036>				<https://panlex.org/snapshot/panlex-20191001-csv/6898#113594028>		"Ceinia"@gd	
"Ŋginɛ̂"@jgo	<https://panlex.org/snapshot/panlex-20191001-csv/6898#113617820>				<https://panlex.org/snapshot/panlex-20191001-csv/6898#113617798>		"Gini"@gd	
"Ʉlôp"@jgo	<https://panlex.org/snapshot/panlex-20191001-csv/6898#113630627>				<https://panlex.org/snapshot/panlex-20191001-csv/6898#113630558>		"An Roinn-Eòrpa"@gd	
"Swazilân"@jgo	<https://panlex.org/snapshot/panlex-20191001-csv/6898#113625216>				<https://panlex.org/snapshot/panlex-20191001-csv/6898#113625369>		"Dùthaich nan Suasaidh"@gd	
"Islayɛ̂l"@jgo	<https://panlex.org/snapshot/panlex-20191001-csv/6898#113615351>				<https://panlex.org/snapshot/panlex-20191001-csv/6898#113615427>		"Iosrael"@gd	
"Mbɛnɛ̂ŋ"@jgo	<https://panlex.org/snapshot/panlex-20191001-csv/6898#113607554>				<https://panlex.org/snapshot/panlex-20191001-csv/6898#113607594>		"Beinin"@gd	
"Japɔ̂n"@jgo	<https://panlex.org/snapshot/panlex-20191001-csv/6898#113634915>				<https://panlex.org/snapshot/panlex-20191001-csv/6898#113634833>		"An t-Seapan"@gd	
"Kɔ́ŋgɔ-Kinshása"@jgo	<https://panlex.org/snapshot/panlex-20191001-csv/6898#113589735>				<https://panlex.org/snapshot/panlex-20191001-csv/6898#113589675>		"A’ Chongo (PDC)"@gd	
"Kɔ́ŋgɔ-Kinshása"@jgo	<https://panlex.org/snapshot/panlex-20191001-csv/6898#113589735>				<https://panlex.org/snapshot/panlex-20191001-csv/6898#113589658>		"Congo - Kinshasa"@gd	
"Mɔzambîk"@jgo	<https://panlex.org/snapshot/panlex-20191001-csv/6898#113603332>				<https://panlex.org/snapshot/panlex-20191001-csv/6898#113603259>		"Mòsaimbic"@gd	
"Kamɛlûn"@jgo	<https://panlex.org/snapshot/panlex-20191001-csv/6898#113638963>				<https://panlex.org/snapshot/panlex-20191001-csv/6898#113639124>		"Camarun"@gd	
"Sáwɔŋ Tɔmɛ́ nɛ́ Pɛlínsipɛ"@jgo	<https://panlex.org/snapshot/panlex-20191001-csv/6898#113622908>				<https://panlex.org/snapshot/panlex-20191001-csv/6898#113622982>		"São Tomé agus Príncipe"@gd	
"Ŋgambî"@jgo	<https://panlex.org/snapshot/panlex-20191001-csv/6898#113631350>				<https://panlex.org/snapshot/panlex-20191001-csv/6898#113631310>		"A’ Ghaimbia"@gd	
"Njimbúti"@jgo	<https://panlex.org/snapshot/panlex-20191001-csv/6898#113585763>				<https://panlex.org/snapshot/panlex-20191001-csv/6898#113585658>		"Diobùtaidh"@gd	
"Ɛtiyɔpî"@jgo	<https://panlex.org/snapshot/panlex-20191001-csv/6898#113615607>				<https://panlex.org/snapshot/panlex-20191001-csv/6898#113615680>		"An Itiop"@gd	
"Sɛnɛgâl"@jgo	<https://panlex.org/snapshot/panlex-20191001-csv/6898#113591284>				<https://panlex.org/snapshot/panlex-20191001-csv/6898#113591238>		"Seanagal"@gd	
"Libî"@jgo	<https://panlex.org/snapshot/panlex-20191001-csv/6898#113597635>				<https://panlex.org/snapshot/panlex-20191001-csv/6898#113597812>		"Libia"@gd	
"Kɔmɔ́lɔshi"@jgo	<https://panlex.org/snapshot/panlex-20191001-csv/6898#113626991>				<https://panlex.org/snapshot/panlex-20191001-csv/6898#113627058>		"Comoros"@gd	
