"Pɛsɛ́shɛl"@jgo	<https://panlex.org/snapshot/panlex-20191001-csv/6898#113601997>				<https://panlex.org/snapshot/panlex-20191001-csv/6898#113601995>		"Shelisheli"@vun	
"Ŋgɛlɛ̂k"@jgo	<https://panlex.org/snapshot/panlex-20191001-csv/6898#113630415>				<https://panlex.org/snapshot/panlex-20191001-csv/6898#113630303>		"Ugiriki"@vun	
"Cíllɛ"@jgo	<https://panlex.org/snapshot/panlex-20191001-csv/6898#113624853>				<https://panlex.org/snapshot/panlex-20191001-csv/6898#113624715>		"Chile"@vun	
"Namimbî"@jgo	<https://panlex.org/snapshot/panlex-20191001-csv/6898#113606718>				<https://panlex.org/snapshot/panlex-20191001-csv/6898#113606726>		"Namibia"@vun	
"Uŋgánda"@jgo	<https://panlex.org/snapshot/panlex-20191001-csv/6898#113637956>				<https://panlex.org/snapshot/panlex-20191001-csv/6898#113638086>		"Uganda"@vun	
"Vɛnɛzwɛ́la"@jgo	<https://panlex.org/snapshot/panlex-20191001-csv/6898#113597513>				<https://panlex.org/snapshot/panlex-20191001-csv/6898#113597536>		"Venezuela"@vun	
"Kɛ́nya"@jgo	<https://panlex.org/snapshot/panlex-20191001-csv/6898#113594036>				<https://panlex.org/snapshot/panlex-20191001-csv/6898#113593991>		"Kenya"@vun	
"Ŋginɛ̂"@jgo	<https://panlex.org/snapshot/panlex-20191001-csv/6898#113617820>				<https://panlex.org/snapshot/panlex-20191001-csv/6898#113617754>		"Gine"@vun	
"Swazilân"@jgo	<https://panlex.org/snapshot/panlex-20191001-csv/6898#113625216>				<https://panlex.org/snapshot/panlex-20191001-csv/6898#113625291>		"Uswazi"@vun	
"Islayɛ̂l"@jgo	<https://panlex.org/snapshot/panlex-20191001-csv/6898#113615351>				<https://panlex.org/snapshot/panlex-20191001-csv/6898#113615371>		"Israeli"@vun	
"Mbɛnɛ̂ŋ"@jgo	<https://panlex.org/snapshot/panlex-20191001-csv/6898#113607554>				<https://panlex.org/snapshot/panlex-20191001-csv/6898#113607571>		"Benini"@vun	
"Japɔ̂n"@jgo	<https://panlex.org/snapshot/panlex-20191001-csv/6898#113634915>				<https://panlex.org/snapshot/panlex-20191001-csv/6898#113634911>		"Japani"@vun	
"Kɔ́ŋgɔ-Kinshása"@jgo	<https://panlex.org/snapshot/panlex-20191001-csv/6898#113589735>				<https://panlex.org/snapshot/panlex-20191001-csv/6898#113589711>		"Jamhuri ya Kidemokrasia ya Kongo"@vun	
"Mɔzambîk"@jgo	<https://panlex.org/snapshot/panlex-20191001-csv/6898#113603332>				<https://panlex.org/snapshot/panlex-20191001-csv/6898#113603309>		"Msumbiji"@vun	
"Kamɛlûn"@jgo	<https://panlex.org/snapshot/panlex-20191001-csv/6898#113638963>				<https://panlex.org/snapshot/panlex-20191001-csv/6898#113639099>		"Kameruni"@vun	
"Sáwɔŋ Tɔmɛ́ nɛ́ Pɛlínsipɛ"@jgo	<https://panlex.org/snapshot/panlex-20191001-csv/6898#113622908>				<https://panlex.org/snapshot/panlex-20191001-csv/6898#113622985>		"Sao Tome na Principe"@vun	
"Ŋgambî"@jgo	<https://panlex.org/snapshot/panlex-20191001-csv/6898#113631350>				<https://panlex.org/snapshot/panlex-20191001-csv/6898#113631260>		"Gambia"@vun	
"Njimbúti"@jgo	<https://panlex.org/snapshot/panlex-20191001-csv/6898#113585763>				<https://panlex.org/snapshot/panlex-20191001-csv/6898#113585783>		"Jibuti"@vun	
"Ɛtiyɔpî"@jgo	<https://panlex.org/snapshot/panlex-20191001-csv/6898#113615607>				<https://panlex.org/snapshot/panlex-20191001-csv/6898#113615557>		"Uhabeshi"@vun	
"Sɛnɛgâl"@jgo	<https://panlex.org/snapshot/panlex-20191001-csv/6898#113591284>				<https://panlex.org/snapshot/panlex-20191001-csv/6898#113591165>		"Senegali"@vun	
"Libî"@jgo	<https://panlex.org/snapshot/panlex-20191001-csv/6898#113597635>				<https://panlex.org/snapshot/panlex-20191001-csv/6898#113597629>		"Libya"@vun	
"Kɔmɔ́lɔshi"@jgo	<https://panlex.org/snapshot/panlex-20191001-csv/6898#113626991>				<https://panlex.org/snapshot/panlex-20191001-csv/6898#113627097>		"Komoro"@vun	
