"lauantai"@fit	<https://panlex.org/snapshot/panlex-20191001-csv/2892#110826368>				<https://panlex.org/snapshot/panlex-20191001-csv/2892#110826222>		"ⲥⲁⲃⲃⲁⲧⲟⲛ"@cop	
"lauantai"@fit	<https://panlex.org/snapshot/panlex-20191001-csv/2892#110826368>				<https://panlex.org/snapshot/panlex-20191001-csv/2892#110826147>		"ⲥⲁⲃⲃⲁⲧⲟⲛ"@cop	
"lauantai"@fit	<https://panlex.org/snapshot/panlex-20191001-csv/2892#110826368>				<https://panlex.org/snapshot/panlex-20191001-csv/2892#110826466>		"ⲡⲓϣⲁϣϥ"@cop	
"tiistai"@fit	<https://panlex.org/snapshot/panlex-20191001-csv/2892#110824708>				<https://panlex.org/snapshot/panlex-20191001-csv/2892#110824615>		"ⲡⲓϣⲟⲙⲧ"@cop	
"tiistai"@fit	<https://panlex.org/snapshot/panlex-20191001-csv/2892#110824708>				<https://panlex.org/snapshot/panlex-20191001-csv/2892#110824519>		"ⲡϣⲟⲙⲛⲧ"@cop	
"perjantai"@fit	<https://panlex.org/snapshot/panlex-20191001-csv/2892#110825811>				<https://panlex.org/snapshot/panlex-20191001-csv/2892#110825875>		"ⲡⲓⲥⲟⲟⲩ"@cop	
"perjantai"@fit	<https://panlex.org/snapshot/panlex-20191001-csv/2892#110825811>				<https://panlex.org/snapshot/panlex-20191001-csv/2892#110825758>		"ⲡⲁⲣⲁⲥⲕⲉⲩⲏ"@cop	
"perjantai"@fit	<https://panlex.org/snapshot/panlex-20191001-csv/2892#110825811>				<https://panlex.org/snapshot/panlex-20191001-csv/2892#110826118>		"ⲡⲁⲣⲁⲥⲕⲉⲩⲏ"@cop	
"perjantai"@fit	<https://panlex.org/snapshot/panlex-20191001-csv/2892#110825811>				<https://panlex.org/snapshot/panlex-20191001-csv/2892#110825939>		"ⲡⲥⲟⲟⲩ"@cop	
"sunnuntai"@fit	<https://panlex.org/snapshot/panlex-20191001-csv/2892#110826928>				<https://panlex.org/snapshot/panlex-20191001-csv/2892#110826605>		"ⲕⲩⲣⲓⲁⲕⲏ"@cop	
"sunnuntai"@fit	<https://panlex.org/snapshot/panlex-20191001-csv/2892#110826928>				<https://panlex.org/snapshot/panlex-20191001-csv/2892#110826759>		"ⲕⲩⲣⲓⲁⲕⲏ"@cop	
"sunnuntai"@fit	<https://panlex.org/snapshot/panlex-20191001-csv/2892#110826928>				<https://panlex.org/snapshot/panlex-20191001-csv/2892#110826602>		"ⲡⲓⲟⲩⲁⲓ"@cop	
"maanantai"@fit	<https://panlex.org/snapshot/panlex-20191001-csv/2892#110824197>				<https://panlex.org/snapshot/panlex-20191001-csv/2892#110824417>		"ⲡⲉⲥⲛⲁⲩ"@cop	
"maanantai"@fit	<https://panlex.org/snapshot/panlex-20191001-csv/2892#110824197>				<https://panlex.org/snapshot/panlex-20191001-csv/2892#110824092>		"ⲡⲓⲥ̄ⲛⲁⲩ"@cop	
"pyhä"@fit	<https://panlex.org/snapshot/panlex-20191001-csv/2892#110826618>				<https://panlex.org/snapshot/panlex-20191001-csv/2892#110826605>		"ⲕⲩⲣⲓⲁⲕⲏ"@cop	
"pyhä"@fit	<https://panlex.org/snapshot/panlex-20191001-csv/2892#110826618>				<https://panlex.org/snapshot/panlex-20191001-csv/2892#110826759>		"ⲕⲩⲣⲓⲁⲕⲏ"@cop	
"pyhä"@fit	<https://panlex.org/snapshot/panlex-20191001-csv/2892#110826618>				<https://panlex.org/snapshot/panlex-20191001-csv/2892#110826602>		"ⲡⲓⲟⲩⲁⲓ"@cop	
"keskiviikko"@fit	<https://panlex.org/snapshot/panlex-20191001-csv/2892#110825167>				<https://panlex.org/snapshot/panlex-20191001-csv/2892#110825245>		"ⲡⲉϥⲧⲟⲟⲩ"@cop	
"keskiviikko"@fit	<https://panlex.org/snapshot/panlex-20191001-csv/2892#110825167>				<https://panlex.org/snapshot/panlex-20191001-csv/2892#110825117>		"ⲡⲓϥ̄ⲧⲟⲟⲩ"@cop	
"tuorestai"@fit	<https://panlex.org/snapshot/panlex-20191001-csv/2892#110825617>				<https://panlex.org/snapshot/panlex-20191001-csv/2892#110825267>		"ⲡⲓϯⲟⲩ"@cop	
"tuorestai"@fit	<https://panlex.org/snapshot/panlex-20191001-csv/2892#110825617>				<https://panlex.org/snapshot/panlex-20191001-csv/2892#110825568>		"ⲡϯⲟⲩ"@cop	
