"август"@yrk	<https://panlex.org/snapshot/panlex-20191001-csv/5949#85329554>				<https://panlex.org/snapshot/panlex-20191001-csv/5949#85329422>		"vīļakū"@liv	
"август"@yrk	<https://panlex.org/snapshot/panlex-20191001-csv/5949#85329554>				<https://panlex.org/snapshot/panlex-20191001-csv/5949#85329423>		"ougust"@liv	
"пилю’ ирий"@yrk	<https://panlex.org/snapshot/panlex-20191001-csv/5949#85329555>				<https://panlex.org/snapshot/panlex-20191001-csv/5949#85329422>		"vīļakū"@liv	
"пилю’ ирий"@yrk	<https://panlex.org/snapshot/panlex-20191001-csv/5949#85329555>				<https://panlex.org/snapshot/panlex-20191001-csv/5949#85329423>		"ougust"@liv	
"яв’халы’ ирий"@yrk	<https://panlex.org/snapshot/panlex-20191001-csv/5949#85329556>				<https://panlex.org/snapshot/panlex-20191001-csv/5949#85329422>		"vīļakū"@liv	
"яв’халы’ ирий"@yrk	<https://panlex.org/snapshot/panlex-20191001-csv/5949#85329556>				<https://panlex.org/snapshot/panlex-20191001-csv/5949#85329423>		"ougust"@liv	
"воскресенье"@yrk	<https://panlex.org/snapshot/panlex-20191001-csv/2892#110826927>				<https://panlex.org/snapshot/panlex-20191001-csv/2892#110826624>		"pivāpǟva"@liv	
"четверг"@yrk	<https://panlex.org/snapshot/panlex-20191001-csv/2892#110825389>				<https://panlex.org/snapshot/panlex-20191001-csv/2892#110825325>		"neļļõndpǟva"@liv	
"вторник"@yrk	<https://panlex.org/snapshot/panlex-20191001-csv/2892#110824544>				<https://panlex.org/snapshot/panlex-20191001-csv/2892#110824552>		"tuoiznapǟva"@liv	
"пятница"@yrk	<https://panlex.org/snapshot/panlex-20191001-csv/2892#110825910>				<https://panlex.org/snapshot/panlex-20191001-csv/2892#110826004>		"brēḑig"@liv	
"среда"@yrk	<https://panlex.org/snapshot/panlex-20191001-csv/2892#110825044>				<https://panlex.org/snapshot/panlex-20191001-csv/2892#110825032>		"kuolmõndpǟva"@liv	
"понедельник"@yrk	<https://panlex.org/snapshot/panlex-20191001-csv/2892#110824010>				<https://panlex.org/snapshot/panlex-20191001-csv/2892#110824277>		"ežžõmpǟva"@liv	
"суббота"@yrk	<https://panlex.org/snapshot/panlex-20191001-csv/2892#110826527>				<https://panlex.org/snapshot/panlex-20191001-csv/2892#110826406>		"pūolpǟva"@liv	
"сельбе ирий"@yrk	<https://panlex.org/snapshot/panlex-20191001-csv/2897#110830660>				<https://panlex.org/snapshot/panlex-20191001-csv/2897#110830706>		"septembõr"@liv	
"июль"@yrk	<https://panlex.org/snapshot/panlex-20191001-csv/2897#110829825>				<https://panlex.org/snapshot/panlex-20191001-csv/2897#110829760>		"jūlij"@liv	
"пилю’ ирий"@yrk	<https://panlex.org/snapshot/panlex-20191001-csv/2897#110830125>				<https://panlex.org/snapshot/panlex-20191001-csv/2897#110830029>		"ougust"@liv	
"апрель"@yrk	<https://panlex.org/snapshot/panlex-20191001-csv/2897#110828612>				<https://panlex.org/snapshot/panlex-20191001-csv/2897#110828381>		"april"@liv	
"декабрь"@yrk	<https://panlex.org/snapshot/panlex-20191001-csv/2897#110831885>				<https://panlex.org/snapshot/panlex-20191001-csv/2897#110831675>		"detsembõr"@liv	
"вэба ирий"@yrk	<https://panlex.org/snapshot/panlex-20191001-csv/2897#110830534>				<https://panlex.org/snapshot/panlex-20191001-csv/2897#110830706>		"septembõr"@liv	
"нюдя пэвдей"@yrk	<https://panlex.org/snapshot/panlex-20191001-csv/2897#110831239>				<https://panlex.org/snapshot/panlex-20191001-csv/2897#110831289>		"novembõr"@liv	
"хор’ ирий"@yrk	<https://panlex.org/snapshot/panlex-20191001-csv/2897#110831112>				<https://panlex.org/snapshot/panlex-20191001-csv/2897#110830959>		"oktōbõr"@liv	
"февраль"@yrk	<https://panlex.org/snapshot/panlex-20191001-csv/2897#110827524>				<https://panlex.org/snapshot/panlex-20191001-csv/2897#110827803>		"februar"@liv	
"нёвды ирий"@yrk	<https://panlex.org/snapshot/panlex-20191001-csv/2897#110828816>				<https://panlex.org/snapshot/panlex-20191001-csv/2897#110828739>		"maij"@liv	
"таӈы ирий"@yrk	<https://panlex.org/snapshot/panlex-20191001-csv/2897#110829875>				<https://panlex.org/snapshot/panlex-20191001-csv/2897#110829760>		"jūlij"@liv	
"май"@yrk	<https://panlex.org/snapshot/panlex-20191001-csv/2897#110829048>				<https://panlex.org/snapshot/panlex-20191001-csv/2897#110828739>		"maij"@liv	
"ноябрь"@yrk	<https://panlex.org/snapshot/panlex-20191001-csv/2897#110831185>				<https://panlex.org/snapshot/panlex-20191001-csv/2897#110831289>		"novembõr"@liv	
"октябрь"@yrk	<https://panlex.org/snapshot/panlex-20191001-csv/2897#110830897>				<https://panlex.org/snapshot/panlex-20191001-csv/2897#110830959>		"oktōbõr"@liv	
"ӈэрёй ирий"@yrk	<https://panlex.org/snapshot/panlex-20191001-csv/2897#110830797>				<https://panlex.org/snapshot/panlex-20191001-csv/2897#110830959>		"oktōbõr"@liv	
"январь"@yrk	<https://panlex.org/snapshot/panlex-20191001-csv/2897#110827253>				<https://panlex.org/snapshot/panlex-20191001-csv/2897#110827365>		"janvār"@liv	
"ненэй ниць ирий"@yrk	<https://panlex.org/snapshot/panlex-20191001-csv/2897#110828413>				<https://panlex.org/snapshot/panlex-20191001-csv/2897#110828381>		"april"@liv	
"август"@yrk	<https://panlex.org/snapshot/panlex-20191001-csv/2897#110830264>				<https://panlex.org/snapshot/panlex-20191001-csv/2897#110830029>		"ougust"@liv	
"яв’халы’ ирий"@yrk	<https://panlex.org/snapshot/panlex-20191001-csv/2897#110829999>				<https://panlex.org/snapshot/panlex-20191001-csv/2897#110830029>		"ougust"@liv	
"яре ирий"@yrk	<https://panlex.org/snapshot/panlex-20191001-csv/2897#110827529>				<https://panlex.org/snapshot/panlex-20191001-csv/2897#110827803>		"februar"@liv	
"сентябрь"@yrk	<https://panlex.org/snapshot/panlex-20191001-csv/2897#110830668>				<https://panlex.org/snapshot/panlex-20191001-csv/2897#110830706>		"septembõr"@liv	
"пилё ирий"@yrk	<https://panlex.org/snapshot/panlex-20191001-csv/2897#110829821>				<https://panlex.org/snapshot/panlex-20191001-csv/2897#110829760>		"jūlij"@liv	
"июнь"@yrk	<https://panlex.org/snapshot/panlex-20191001-csv/2897#110829194>				<https://panlex.org/snapshot/panlex-20191001-csv/2897#110829090>		"jūnij"@liv	
"нявды ирий"@yrk	<https://panlex.org/snapshot/panlex-20191001-csv/2897#110829263>				<https://panlex.org/snapshot/panlex-20191001-csv/2897#110829090>		"jūnij"@liv	
"лимбя ирий"@yrk	<https://panlex.org/snapshot/panlex-20191001-csv/2897#110827225>				<https://panlex.org/snapshot/panlex-20191001-csv/2897#110827365>		"janvār"@liv	
"март"@yrk	<https://panlex.org/snapshot/panlex-20191001-csv/2897#110828036>				<https://panlex.org/snapshot/panlex-20191001-csv/2897#110827997>		"märts"@liv	
"носиндалава ирий"@yrk	<https://panlex.org/snapshot/panlex-20191001-csv/2897#110830849>				<https://panlex.org/snapshot/panlex-20191001-csv/2897#110830959>		"oktōbõr"@liv	
"неняӈг’ ирий"@yrk	<https://panlex.org/snapshot/panlex-20191001-csv/2897#110829085>				<https://panlex.org/snapshot/panlex-20191001-csv/2897#110829090>		"jūnij"@liv	
"ты’ саполана ирий"@yrk	<https://panlex.org/snapshot/panlex-20191001-csv/2897#110828639>				<https://panlex.org/snapshot/panlex-20191001-csv/2897#110828381>		"april"@liv	
"ӈарка пэвдей"@yrk	<https://panlex.org/snapshot/panlex-20191001-csv/2897#110831967>				<https://panlex.org/snapshot/panlex-20191001-csv/2897#110831675>		"detsembõr"@liv	
"сие ниць ирий"@yrk	<https://panlex.org/snapshot/panlex-20191001-csv/2897#110828144>				<https://panlex.org/snapshot/panlex-20191001-csv/2897#110827997>		"märts"@liv	
