"август"@yrk	<https://panlex.org/snapshot/panlex-20191001-csv/5949#85329554>				<https://panlex.org/snapshot/panlex-20191001-csv/5949#85329470>		"اگست"@prs	
"пилю’ ирий"@yrk	<https://panlex.org/snapshot/panlex-20191001-csv/5949#85329555>				<https://panlex.org/snapshot/panlex-20191001-csv/5949#85329470>		"اگست"@prs	
"яв’халы’ ирий"@yrk	<https://panlex.org/snapshot/panlex-20191001-csv/5949#85329556>				<https://panlex.org/snapshot/panlex-20191001-csv/5949#85329470>		"اگست"@prs	
"воскресенье"@yrk	<https://panlex.org/snapshot/panlex-20191001-csv/2892#110826927>				<https://panlex.org/snapshot/panlex-20191001-csv/2892#110826651>		"یک‌شنبه"@prs	
"четверг"@yrk	<https://panlex.org/snapshot/panlex-20191001-csv/2892#110825389>				<https://panlex.org/snapshot/panlex-20191001-csv/2892#110825648>		"پنج‌شنبه"@prs	
"вторник"@yrk	<https://panlex.org/snapshot/panlex-20191001-csv/2892#110824544>				<https://panlex.org/snapshot/panlex-20191001-csv/2892#110824426>		"سه‌شنبه"@prs	
"пятница"@yrk	<https://panlex.org/snapshot/panlex-20191001-csv/2892#110825910>				<https://panlex.org/snapshot/panlex-20191001-csv/2892#110825986>		"جمعه"@prs	
"среда"@yrk	<https://panlex.org/snapshot/panlex-20191001-csv/2892#110825044>				<https://panlex.org/snapshot/panlex-20191001-csv/2892#110825113>		"چهارشنبه"@prs	
"понедельник"@yrk	<https://panlex.org/snapshot/panlex-20191001-csv/2892#110824010>				<https://panlex.org/snapshot/panlex-20191001-csv/2892#110824372>		"دوشنبه"@prs	
"суббота"@yrk	<https://panlex.org/snapshot/panlex-20191001-csv/2892#110826527>				<https://panlex.org/snapshot/panlex-20191001-csv/2892#110826445>		"هفته"@prs	
"сельбе ирий"@yrk	<https://panlex.org/snapshot/panlex-20191001-csv/2897#110830660>				<https://panlex.org/snapshot/panlex-20191001-csv/2897#110830430>		"سپتمبر"@prs	
"июль"@yrk	<https://panlex.org/snapshot/panlex-20191001-csv/2897#110829825>				<https://panlex.org/snapshot/panlex-20191001-csv/2897#110829836>		"جولای"@prs	
"пилю’ ирий"@yrk	<https://panlex.org/snapshot/panlex-20191001-csv/2897#110830125>				<https://panlex.org/snapshot/panlex-20191001-csv/2897#110830087>		"اگست"@prs	
"апрель"@yrk	<https://panlex.org/snapshot/panlex-20191001-csv/2897#110828612>				<https://panlex.org/snapshot/panlex-20191001-csv/2897#110828270>		"اپریل"@prs	
"декабрь"@yrk	<https://panlex.org/snapshot/panlex-20191001-csv/2897#110831885>				<https://panlex.org/snapshot/panlex-20191001-csv/2897#110831771>		"دسمبر"@prs	
"вэба ирий"@yrk	<https://panlex.org/snapshot/panlex-20191001-csv/2897#110830534>				<https://panlex.org/snapshot/panlex-20191001-csv/2897#110830430>		"سپتمبر"@prs	
"нюдя пэвдей"@yrk	<https://panlex.org/snapshot/panlex-20191001-csv/2897#110831239>				<https://panlex.org/snapshot/panlex-20191001-csv/2897#110831148>		"نومبر"@prs	
"хор’ ирий"@yrk	<https://panlex.org/snapshot/panlex-20191001-csv/2897#110831112>				<https://panlex.org/snapshot/panlex-20191001-csv/2897#110831079>		"آکتوبر"@prs	
"февраль"@yrk	<https://panlex.org/snapshot/panlex-20191001-csv/2897#110827524>				<https://panlex.org/snapshot/panlex-20191001-csv/2897#110827688>		"فبرری"@prs	
"нёвды ирий"@yrk	<https://panlex.org/snapshot/panlex-20191001-csv/2897#110828816>				<https://panlex.org/snapshot/panlex-20191001-csv/2897#110829027>		"مئ"@prs	
"таӈы ирий"@yrk	<https://panlex.org/snapshot/panlex-20191001-csv/2897#110829875>				<https://panlex.org/snapshot/panlex-20191001-csv/2897#110829836>		"جولای"@prs	
"май"@yrk	<https://panlex.org/snapshot/panlex-20191001-csv/2897#110829048>				<https://panlex.org/snapshot/panlex-20191001-csv/2897#110829027>		"مئ"@prs	
"ноябрь"@yrk	<https://panlex.org/snapshot/panlex-20191001-csv/2897#110831185>				<https://panlex.org/snapshot/panlex-20191001-csv/2897#110831148>		"نومبر"@prs	
"октябрь"@yrk	<https://panlex.org/snapshot/panlex-20191001-csv/2897#110830897>				<https://panlex.org/snapshot/panlex-20191001-csv/2897#110831079>		"آکتوبر"@prs	
"ӈэрёй ирий"@yrk	<https://panlex.org/snapshot/panlex-20191001-csv/2897#110830797>				<https://panlex.org/snapshot/panlex-20191001-csv/2897#110831079>		"آکتوبر"@prs	
"январь"@yrk	<https://panlex.org/snapshot/panlex-20191001-csv/2897#110827253>				<https://panlex.org/snapshot/panlex-20191001-csv/2897#110827272>		"جنوری"@prs	
"ненэй ниць ирий"@yrk	<https://panlex.org/snapshot/panlex-20191001-csv/2897#110828413>				<https://panlex.org/snapshot/panlex-20191001-csv/2897#110828270>		"اپریل"@prs	
"август"@yrk	<https://panlex.org/snapshot/panlex-20191001-csv/2897#110830264>				<https://panlex.org/snapshot/panlex-20191001-csv/2897#110830087>		"اگست"@prs	
"яв’халы’ ирий"@yrk	<https://panlex.org/snapshot/panlex-20191001-csv/2897#110829999>				<https://panlex.org/snapshot/panlex-20191001-csv/2897#110830087>		"اگست"@prs	
"яре ирий"@yrk	<https://panlex.org/snapshot/panlex-20191001-csv/2897#110827529>				<https://panlex.org/snapshot/panlex-20191001-csv/2897#110827688>		"فبرری"@prs	
"сентябрь"@yrk	<https://panlex.org/snapshot/panlex-20191001-csv/2897#110830668>				<https://panlex.org/snapshot/panlex-20191001-csv/2897#110830430>		"سپتمبر"@prs	
"пилё ирий"@yrk	<https://panlex.org/snapshot/panlex-20191001-csv/2897#110829821>				<https://panlex.org/snapshot/panlex-20191001-csv/2897#110829836>		"جولای"@prs	
"июнь"@yrk	<https://panlex.org/snapshot/panlex-20191001-csv/2897#110829194>				<https://panlex.org/snapshot/panlex-20191001-csv/2897#110829285>		"جون"@prs	
"нявды ирий"@yrk	<https://panlex.org/snapshot/panlex-20191001-csv/2897#110829263>				<https://panlex.org/snapshot/panlex-20191001-csv/2897#110829285>		"جون"@prs	
"лимбя ирий"@yrk	<https://panlex.org/snapshot/panlex-20191001-csv/2897#110827225>				<https://panlex.org/snapshot/panlex-20191001-csv/2897#110827272>		"جنوری"@prs	
"март"@yrk	<https://panlex.org/snapshot/panlex-20191001-csv/2897#110828036>				<https://panlex.org/snapshot/panlex-20191001-csv/2897#110827861>		"مارچ"@prs	
"носиндалава ирий"@yrk	<https://panlex.org/snapshot/panlex-20191001-csv/2897#110830849>				<https://panlex.org/snapshot/panlex-20191001-csv/2897#110831079>		"آکتوبر"@prs	
"неняӈг’ ирий"@yrk	<https://panlex.org/snapshot/panlex-20191001-csv/2897#110829085>				<https://panlex.org/snapshot/panlex-20191001-csv/2897#110829285>		"جون"@prs	
"ты’ саполана ирий"@yrk	<https://panlex.org/snapshot/panlex-20191001-csv/2897#110828639>				<https://panlex.org/snapshot/panlex-20191001-csv/2897#110828270>		"اپریل"@prs	
"ӈарка пэвдей"@yrk	<https://panlex.org/snapshot/panlex-20191001-csv/2897#110831967>				<https://panlex.org/snapshot/panlex-20191001-csv/2897#110831771>		"دسمبر"@prs	
"сие ниць ирий"@yrk	<https://panlex.org/snapshot/panlex-20191001-csv/2897#110828144>				<https://panlex.org/snapshot/panlex-20191001-csv/2897#110827861>		"مارچ"@prs	
