"é=rʋ́ŋ"@etu	<https://panlex.org/snapshot/panlex-20191001-csv/3975#51726804>				<https://panlex.org/snapshot/panlex-20191001-csv/3975#51726850>		"=lʸúù"@nim	
"ka-"@etu	<https://panlex.org/snapshot/panlex-20191001-csv/3975#51729365>				<https://panlex.org/snapshot/panlex-20191001-csv/3975#51729425>		"sìká"@nim	
"Ǹ=sí"@etu	<https://panlex.org/snapshot/panlex-20191001-csv/3975#51724618>				<https://panlex.org/snapshot/panlex-20191001-csv/3975#51724671>		"ǹ=síè"@nim	
"ɛ̀=rǝ́bɛ̀"@etu	<https://panlex.org/snapshot/panlex-20191001-csv/3975#51733149>				<https://panlex.org/snapshot/panlex-20191001-csv/3975#51733205>		"lò=lémè"@nim	
"è=ʓǐ"@etu	<https://panlex.org/snapshot/panlex-20191001-csv/3975#51723904>				<https://panlex.org/snapshot/panlex-20191001-csv/3975#51723948>		"=gè"@nim	
"à=kâŋ"@etu	<https://panlex.org/snapshot/panlex-20191001-csv/3975#51735581>				<https://panlex.org/snapshot/panlex-20191001-csv/3975#51735628>		"mò=lɛ́ngɛ̀"@nim	
"Ǹ=gûn"@etu	<https://panlex.org/snapshot/panlex-20191001-csv/3975#51724463>				<https://panlex.org/snapshot/panlex-20191001-csv/3975#51724522>		"m=ɔ́ːtɔ̀"@nim	
"=fǎŋ"@etu	<https://panlex.org/snapshot/panlex-20191001-csv/3975#51721117>				<https://panlex.org/snapshot/panlex-20191001-csv/3975#51721162>		"=kólò"@nim	
"=kárè"@etu	<https://panlex.org/snapshot/panlex-20191001-csv/3975#51725157>				<https://panlex.org/snapshot/panlex-20191001-csv/3975#51725215>		"kù=pʸɛ́ɛ̀là"@nim	
"=rǎb"@etu	<https://panlex.org/snapshot/panlex-20191001-csv/3975#51727522>				<https://panlex.org/snapshot/panlex-20191001-csv/3975#51727564>		"=léːpù"@nim	
"=kím"@etu	<https://panlex.org/snapshot/panlex-20191001-csv/3975#51735714>				<https://panlex.org/snapshot/panlex-20191001-csv/3975#51735756>		"=kúpè"@nim	
"ɛ̀=kád"@etu	<https://panlex.org/snapshot/panlex-20191001-csv/3975#51724891>				<https://panlex.org/snapshot/panlex-20191001-csv/3975#51724946>		"mò=gòlò"@nim	
"Ǹ-"@etu	<https://panlex.org/snapshot/panlex-20191001-csv/3975#51732858>				<https://panlex.org/snapshot/panlex-20191001-csv/3975#51732905>		"=ò"@nim	
"ɛ̀=gúí"@etu	<https://panlex.org/snapshot/panlex-20191001-csv/3975#51728367>				<https://panlex.org/snapshot/panlex-20191001-csv/3975#51728400>		"mó=lèmá"@nim	
"à=áb"@etu	<https://panlex.org/snapshot/panlex-20191001-csv/3975#51734077>				<https://panlex.org/snapshot/panlex-20191001-csv/3975#51734133>		"má=ázè"@nim	
"ò=yà"@etu	<https://panlex.org/snapshot/panlex-20191001-csv/3975#51720983>				<https://panlex.org/snapshot/panlex-20191001-csv/3975#51721029>		"ǹ=dà"@nim	
"Ǹ=nɛ̀n=dûm"@etu	<https://panlex.org/snapshot/panlex-20191001-csv/3975#51727777>				<https://panlex.org/snapshot/panlex-20191001-csv/3975#51727831>		"mò=gɔ́ɔ̀šyá"@nim	
"ì=nɔ́n"@etu	<https://panlex.org/snapshot/panlex-20191001-csv/3975#51721259>				<https://panlex.org/snapshot/panlex-20191001-csv/3975#51721314>		"n=ɔ̀nì"@nim	
"ɲ́=ʓɛ́"@etu	<https://panlex.org/snapshot/panlex-20191001-csv/3975#51727082>				<https://panlex.org/snapshot/panlex-20191001-csv/3975#51727132>		"=lʸùkà"@nim	
"Ǹ=gù"@etu	<https://panlex.org/snapshot/panlex-20191001-csv/3975#51731245>				<https://panlex.org/snapshot/panlex-20191001-csv/3975#51731305>		"ǹ=dèːlé"@nim	
"kpɔ̂"@etu	<https://panlex.org/snapshot/panlex-20191001-csv/3975#51722825>				<https://panlex.org/snapshot/panlex-20191001-csv/3975#51722885>		"kù=kíà"@nim	
"ɛ́=ɲàg-ɛ́"@etu	<https://panlex.org/snapshot/panlex-20191001-csv/3975#51721539>				<https://panlex.org/snapshot/panlex-20191001-csv/3975#51721588>		"=ílò"@nim	
"=kùmí"@etu	<https://panlex.org/snapshot/panlex-20191001-csv/3975#51731080>				<https://panlex.org/snapshot/panlex-20191001-csv/3975#51731144>		"kò=kíkàlànsà"@nim	
"ɛ̂d"@etu	<https://panlex.org/snapshot/panlex-20191001-csv/3975#51734238>				<https://panlex.org/snapshot/panlex-20191001-csv/3975#51734320>		"ìšɛ̀"@nim	
"Ǹ=ʓúí"@etu	<https://panlex.org/snapshot/panlex-20191001-csv/3975#51732268>				<https://panlex.org/snapshot/panlex-20191001-csv/3975#51732331>		"m̀=pàsó"@nim	
"=nǔŋ"@etu	<https://panlex.org/snapshot/panlex-20191001-csv/3975#51727230>				<https://panlex.org/snapshot/panlex-20191001-csv/3975#51727283>		"kù=gʸɔ̀nà"@nim	
"ì=bǎŋ"@etu	<https://panlex.org/snapshot/panlex-20191001-csv/3975#51726326>				<https://panlex.org/snapshot/panlex-20191001-csv/3975#51726372>		"lò=pɛ́mbɛ̀"@nim	
"Ǹ=nɛ̀"@etu	<https://panlex.org/snapshot/panlex-20191001-csv/3975#51729692>				<https://panlex.org/snapshot/panlex-20191001-csv/3975#51729745>		"mò=ntò"@nim	
"à=tɔ̂ŋ"@etu	<https://panlex.org/snapshot/panlex-20191001-csv/3975#51720720>				<https://panlex.org/snapshot/panlex-20191001-csv/3975#51720773>		"mà=ú"@nim	
"Ǹ=ɲàm"@etu	<https://panlex.org/snapshot/panlex-20191001-csv/3975#51728071>				<https://panlex.org/snapshot/panlex-20191001-csv/3975#51728128>		"n=àmà"@nim	
"à=fɔ̂m"@etu	<https://panlex.org/snapshot/panlex-20191001-csv/3975#51724193>				<https://panlex.org/snapshot/panlex-20191001-csv/3975#51724249>		"mà=kútà"@nim	
"Ń=bǝ́ŋɛ́"@etu	<https://panlex.org/snapshot/panlex-20191001-csv/3975#51726186>				<https://panlex.org/snapshot/panlex-20191001-csv/3975#51726238>		"ǹ=kɔ́lɔ̀"@nim	
"è=yǜg"@etu	<https://panlex.org/snapshot/panlex-20191001-csv/3975#51722499>				<https://panlex.org/snapshot/panlex-20191001-csv/3975#51722547>		"kù=pʸɔ́là"@nim	
"ɛ́=báɛ́"@etu	<https://panlex.org/snapshot/panlex-20191001-csv/3975#51733603>				<https://panlex.org/snapshot/panlex-20191001-csv/3975#51733665>		"=́bèlé"@nim	
"ɛ́=báɛ́"@etu	<https://panlex.org/snapshot/panlex-20191001-csv/3975#51733603>				<https://panlex.org/snapshot/panlex-20191001-csv/3975#51733666>		"=́bèlè"@nim	
"ʓɛ̌n"@etu	<https://panlex.org/snapshot/panlex-20191001-csv/3975#51734459>				<https://panlex.org/snapshot/panlex-20191001-csv/3975#51734511>		"kyáːnì"@nim	
"ʓɛ̌n"@etu	<https://panlex.org/snapshot/panlex-20191001-csv/3975#51734459>				<https://panlex.org/snapshot/panlex-20191001-csv/3975#51734512>		"lyáːnì"@nim	
"Ǹ=ɲʋ̂"@etu	<https://panlex.org/snapshot/panlex-20191001-csv/3975#51725575>				<https://panlex.org/snapshot/panlex-20191001-csv/3975#51725630>		"lò=tùmbè"@nim	
"ɔ̀=tûŋ"@etu	<https://panlex.org/snapshot/panlex-20191001-csv/3975#51723437>				<https://panlex.org/snapshot/panlex-20191001-csv/3975#51723493>		"=kòtúè"@nim	
"Ǹ=nɛ̀ŋ=káɛ́"@etu	<https://panlex.org/snapshot/panlex-20191001-csv/3975#51734892>				<https://panlex.org/snapshot/panlex-20191001-csv/3975#51734955>		"mò=sóngò"@nim	
"ɕɛ́n-ɕɛ́n"@etu	<https://panlex.org/snapshot/panlex-20191001-csv/3975#51720580>				<https://panlex.org/snapshot/panlex-20191001-csv/3975#51720627>		"=ɛ̀nsì"@nim	
"ɕɛ́n-ɕɛ́n"@etu	<https://panlex.org/snapshot/panlex-20191001-csv/3975#51720580>				<https://panlex.org/snapshot/panlex-20191001-csv/3975#51720626>		"=ɛ́ɲsì"@nim	
"ɛ́=tí"@etu	<https://panlex.org/snapshot/panlex-20191001-csv/3975#51733451>				<https://panlex.org/snapshot/panlex-20191001-csv/3975#51733505>		"=kʸɔ́tà"@nim	
"=dí"@etu	<https://panlex.org/snapshot/panlex-20191001-csv/3975#51723735>				<https://panlex.org/snapshot/panlex-20191001-csv/3975#51723796>		"kù=léà"@nim	
"bàg-ɛ́-nɛ̂"@etu	<https://panlex.org/snapshot/panlex-20191001-csv/3975#51734737>				<https://panlex.org/snapshot/panlex-20191001-csv/3975#51734786>		"wáːnì"@nim	
"yâɛ"@etu	<https://panlex.org/snapshot/panlex-20191001-csv/3975#51731400>				<https://panlex.org/snapshot/panlex-20191001-csv/3975#51731456>		"kù=gʸɔ̀nà"@nim	
"ɛ̀=ŋàrɛ̀"@etu	<https://panlex.org/snapshot/panlex-20191001-csv/3975#51722244>				<https://panlex.org/snapshot/panlex-20191001-csv/3975#51722288>		"mó=sùmáːlì"@nim	
"ɔ̀=gɔ̀gɔ́gɔ̂g"@etu	<https://panlex.org/snapshot/panlex-20191001-csv/3975#51735054>				<https://panlex.org/snapshot/panlex-20191001-csv/3975#51735095>		"mà=nǯáːnɔ̀"@nim	
"à=gʋ́ŋ"@etu	<https://panlex.org/snapshot/panlex-20191001-csv/3975#51721679>				<https://panlex.org/snapshot/panlex-20191001-csv/3975#51721736>		"mɛ̀=gàlí"@nim	
"yúg"@etu	<https://panlex.org/snapshot/panlex-20191001-csv/3975#51726032>				<https://panlex.org/snapshot/panlex-20191001-csv/3975#51726097>		"kù=yíːgyà"@nim	
"Ǹ=ɲɔ̀"@etu	<https://panlex.org/snapshot/panlex-20191001-csv/3975#51728486>				<https://panlex.org/snapshot/panlex-20191001-csv/3975#51728542>		"mò=lɔ̀mɔ̀"@nim	
"é=kǝ́b"@etu	<https://panlex.org/snapshot/panlex-20191001-csv/3975#51721830>				<https://panlex.org/snapshot/panlex-20191001-csv/3975#51721880>		"=kʸúpà"@nim	
"ɛ́=bád-ɛ́"@etu	<https://panlex.org/snapshot/panlex-20191001-csv/3975#51734611>				<https://panlex.org/snapshot/panlex-20191001-csv/3975#51734648>		"=ɛ́lù"@nim	
"wɛ̀"@etu	<https://panlex.org/snapshot/panlex-20191001-csv/3975#51733004>				<https://panlex.org/snapshot/panlex-20191001-csv/3975#51733047>		"òːwɛ̀"@nim	
"ɛ́=bí-í"@etu	<https://panlex.org/snapshot/panlex-20191001-csv/3975#51729985>				<https://panlex.org/snapshot/panlex-20191001-csv/3975#51730033>		"=kásùkù"@nim	
"Ǹ=sǐ"@etu	<https://panlex.org/snapshot/panlex-20191001-csv/3975#51723585>				<https://panlex.org/snapshot/panlex-20191001-csv/3975#51723636>		"ò=lɔ̀ngɔ́"@nim	
"m̀mɛ̀"@etu	<https://panlex.org/snapshot/panlex-20191001-csv/3975#51726464>				<https://panlex.org/snapshot/panlex-20191001-csv/3975#51726532>		"ènɛ̀"@nim	
"Ǹ=gǎŋ"@etu	<https://panlex.org/snapshot/panlex-20191001-csv/3975#51721965>				<https://panlex.org/snapshot/panlex-20191001-csv/3975#51722011>		"kè=kúà"@nim	
"ɛ̀=yâ"@etu	<https://panlex.org/snapshot/panlex-20191001-csv/3975#51736378>				<https://panlex.org/snapshot/panlex-20191001-csv/3975#51736429>		"mw=àákà"@nim	
"{taʼáltha} yûm"@etu	<https://panlex.org/snapshot/panlex-20191001-csv/3975#51723300>				<https://panlex.org/snapshot/panlex-20191001-csv/3975#51723349>		"kù=yóːmyà"@nim	
"=ɕɛ́b"@etu	<https://panlex.org/snapshot/panlex-20191001-csv/3975#51731554>				<https://panlex.org/snapshot/panlex-20191001-csv/3975#51731603>		"=dɔ́"@nim	
"è=ʓìŋ"@etu	<https://panlex.org/snapshot/panlex-20191001-csv/3975#51727378>				<https://panlex.org/snapshot/panlex-20191001-csv/3975#51727433>		"=tʸémà"@nim	
"Ǹ=bìŋ"@etu	<https://panlex.org/snapshot/panlex-20191001-csv/3975#51728638>				<https://panlex.org/snapshot/panlex-20191001-csv/3975#51728687>		"=líːnà"@nim	
"ɛ̀=yîŋ"@etu	<https://panlex.org/snapshot/panlex-20191001-csv/3975#51733302>				<https://panlex.org/snapshot/panlex-20191001-csv/3975#51733361>		"=léːnɔ̀"@nim	
"Ǹ=mǝ̀gɛ̀"@etu	<https://panlex.org/snapshot/panlex-20191001-csv/3975#51730958>				<https://panlex.org/snapshot/panlex-20191001-csv/3975#51730995>		"m̀=bɛ́ò"@nim	
"Ǹ=bá"@etu	<https://panlex.org/snapshot/panlex-20191001-csv/3975#51730124>				<https://panlex.org/snapshot/panlex-20191001-csv/3975#51730174>		"=bàlàbálà"@nim	
"Ǹ=mî"@etu	<https://panlex.org/snapshot/panlex-20191001-csv/3975#51729206>				<https://panlex.org/snapshot/panlex-20191001-csv/3975#51729266>		"m̀=pòlà"@nim	
"yɔ̂g"@etu	<https://panlex.org/snapshot/panlex-20191001-csv/3975#51732430>				<https://panlex.org/snapshot/panlex-20191001-csv/3975#51732470>		"kù=tʸwìːlà"@nim	
"Ǹ=ɲô"@etu	<https://panlex.org/snapshot/panlex-20191001-csv/3975#51735846>				<https://panlex.org/snapshot/panlex-20191001-csv/3975#51735900>		"ǹ=zɔ́kà"@nim	
"ɲ̀=ɲàm ɔ́=sɔ̂"@etu	<https://panlex.org/snapshot/panlex-20191001-csv/3975#51728226>				<https://panlex.org/snapshot/panlex-20191001-csv/3975#51728284>		"mw=ɛ̀ɛ́lì"@nim	
"ɛ́=sɛ́bɛ̀"@etu	<https://panlex.org/snapshot/panlex-20191001-csv/3975#51730489>				<https://panlex.org/snapshot/panlex-20191001-csv/3975#51730537>		"mó=ɲsàngà"@nim	
"ɛ̀=fɛ̂"@etu	<https://panlex.org/snapshot/panlex-20191001-csv/3975#51728919>				<https://panlex.org/snapshot/panlex-20191001-csv/3975#51728959>		"=píá"@nim	
"Ǹ=ʓô"@etu	<https://panlex.org/snapshot/panlex-20191001-csv/3975#51722980>				<https://panlex.org/snapshot/panlex-20191001-csv/3975#51723038>		"m̀=bóà"@nim	
"yûi"@etu	<https://panlex.org/snapshot/panlex-20191001-csv/3975#51726659>				<https://panlex.org/snapshot/panlex-20191001-csv/3975#51726710>		"kù=yólàgà"@nim	
"ɔ̀=bɔ̂"@etu	<https://panlex.org/snapshot/panlex-20191001-csv/3975#51725727>				<https://panlex.org/snapshot/panlex-20191001-csv/3975#51725780>		"mò=kɔ́nɔ̀"@nim	
"=kpídì"@etu	<https://panlex.org/snapshot/panlex-20191001-csv/3975#51735441>				<https://panlex.org/snapshot/panlex-20191001-csv/3975#51735490>		"píːpè"@nim	
"=bá"@etu	<https://panlex.org/snapshot/panlex-20191001-csv/3975#51722642>				<https://panlex.org/snapshot/panlex-20191001-csv/3975#51722709>		"kù=yízà"@nim	
"ɛ̀tí-ɛ̀tî"@etu	<https://panlex.org/snapshot/panlex-20191001-csv/3975#51727930>				<https://panlex.org/snapshot/panlex-20191001-csv/3975#51727974>		"=íɲgè"@nim	
"yûm"@etu	<https://panlex.org/snapshot/panlex-20191001-csv/3975#51721400>				<https://panlex.org/snapshot/panlex-20191001-csv/3975#51721453>		"kù=lʸómà"@nim	
"ɛ́=bí"@etu	<https://panlex.org/snapshot/panlex-20191001-csv/3975#51729984>				<https://panlex.org/snapshot/panlex-20191001-csv/3975#51730033>		"=kásùkù"@nim	
"=yên"@etu	<https://panlex.org/snapshot/panlex-20191001-csv/3975#51730790>				<https://panlex.org/snapshot/panlex-20191001-csv/3975#51730858>		"kù=yɔ́nà"@nim	
"=sǝ́dɛ́"@etu	<https://panlex.org/snapshot/panlex-20191001-csv/3975#51730627>				<https://panlex.org/snapshot/panlex-20191001-csv/3975#51730691>		"kù=tʸámbòlà"@nim	
"á-"@etu	<https://panlex.org/snapshot/panlex-20191001-csv/3975#51732700>				<https://panlex.org/snapshot/panlex-20191001-csv/3975#51732755>		"=ɔ̀"@nim	
"=ʓǐ"@etu	<https://panlex.org/snapshot/panlex-20191001-csv/3975#51733768>				<https://panlex.org/snapshot/panlex-20191001-csv/3975#51733822>		"kù=lʸɔ̀ngɔ̀là"@nim	
"=gím"@etu	<https://panlex.org/snapshot/panlex-20191001-csv/3975#51731843>				<https://panlex.org/snapshot/panlex-20191001-csv/3975#51731886>		"kù=yíːmèkà"@nim	
"ì=rǔg"@etu	<https://panlex.org/snapshot/panlex-20191001-csv/3975#51730267>				<https://panlex.org/snapshot/panlex-20191001-csv/3975#51730306>		"mò=lì"@nim	
"ì=kî"@etu	<https://panlex.org/snapshot/panlex-20191001-csv/3975#51732550>				<https://panlex.org/snapshot/panlex-20191001-csv/3975#51732602>		"mò=kélà"@nim	
"wɔ̂"@etu	<https://panlex.org/snapshot/panlex-20191001-csv/3975#51723137>				<https://panlex.org/snapshot/panlex-20191001-csv/3975#51723197>		"kù=kʸɔ̀pà"@nim	
"è=fǔd"@etu	<https://panlex.org/snapshot/panlex-20191001-csv/3975#51724335>				<https://panlex.org/snapshot/panlex-20191001-csv/3975#51724376>		"yù=ùlì"@nim	
"ɛ́=sɔ̀ŋɛ̂"@etu	<https://panlex.org/snapshot/panlex-20191001-csv/3975#51736268>				<https://panlex.org/snapshot/panlex-20191001-csv/3975#51736304>		"mó=ɲɔ̀ngɔ́ːlɔ̀"@nim	
"mɛ̀ŋɛ̂"@etu	<https://panlex.org/snapshot/panlex-20191001-csv/3975#51726946>				<https://panlex.org/snapshot/panlex-20191001-csv/3975#51726991>		"kù=mʸànà"@nim	
"bɔ-"@etu	<https://panlex.org/snapshot/panlex-20191001-csv/3975#51729366>				<https://panlex.org/snapshot/panlex-20191001-csv/3975#51729425>		"sìká"@nim	
"=fúb"@etu	<https://panlex.org/snapshot/panlex-20191001-csv/3975#51733950>				<https://panlex.org/snapshot/panlex-20191001-csv/3975#51733995>		"=píò"@nim	
"ɛ̀=mɛ̀"@etu	<https://panlex.org/snapshot/panlex-20191001-csv/3975#51728781>				<https://panlex.org/snapshot/panlex-20191001-csv/3975#51728827>		"ǹ=kíngɔ̀"@nim	
"ɛ̀=nɔ̀"@etu	<https://panlex.org/snapshot/panlex-20191001-csv/3975#51725317>				<https://panlex.org/snapshot/panlex-20191001-csv/3975#51725369>		"=V́zà"@nim	
"=fǝ́bɛ̀"@etu	<https://panlex.org/snapshot/panlex-20191001-csv/3975#51724759>				<https://panlex.org/snapshot/panlex-20191001-csv/3975#51724803>		"kù=pùpùtà"@nim	
"=ráb"@etu	<https://panlex.org/snapshot/panlex-20191001-csv/3975#51735185>				<https://panlex.org/snapshot/panlex-20191001-csv/3975#51735224>		"kòlè"@nim	
"è=ʓɨ̀ŋ"@etu	<https://panlex.org/snapshot/panlex-20191001-csv/3975#51727379>				<https://panlex.org/snapshot/panlex-20191001-csv/3975#51727433>		"=tʸémà"@nim	
"yûg"@etu	<https://panlex.org/snapshot/panlex-20191001-csv/3975#51726033>				<https://panlex.org/snapshot/panlex-20191001-csv/3975#51726097>		"kù=yíːgyà"@nim	
"Ǹ=táɛ́"@etu	<https://panlex.org/snapshot/panlex-20191001-csv/3975#51732132>				<https://panlex.org/snapshot/panlex-20191001-csv/3975#51732176>		"=gʸùɛ̀"@nim	
"ɛ̀=yǝ̂d"@etu	<https://panlex.org/snapshot/panlex-20191001-csv/3975#51724038>				<https://panlex.org/snapshot/panlex-20191001-csv/3975#51724103>		"lí=ísɔ̀"@nim	
"à=yɛ́b"@etu	<https://panlex.org/snapshot/panlex-20191001-csv/3975#51734078>				<https://panlex.org/snapshot/panlex-20191001-csv/3975#51734133>		"má=ázè"@nim	
"á=tʋ́g"@etu	<https://panlex.org/snapshot/panlex-20191001-csv/3975#51731697>				<https://panlex.org/snapshot/panlex-20191001-csv/3975#51731752>		"ly=óːkì"@nim	
"ɛ̀=ɕî"@etu	<https://panlex.org/snapshot/panlex-20191001-csv/3975#51725879>				<https://panlex.org/snapshot/panlex-20191001-csv/3975#51725936>		"=tʸúɛ̀"@nim	
"Ǹ=bǐ"@etu	<https://panlex.org/snapshot/panlex-20191001-csv/3975#51727646>				<https://panlex.org/snapshot/panlex-20191001-csv/3975#51727693>		"m̀=pànì"@nim	
"à=tǘ"@etu	<https://panlex.org/snapshot/panlex-20191001-csv/3975#51729053>				<https://panlex.org/snapshot/panlex-20191001-csv/3975#51729109>		"ò=tíkò"@nim	
"ʓǝ́-d"@etu	<https://panlex.org/snapshot/panlex-20191001-csv/3975#51729533>				<https://panlex.org/snapshot/panlex-20191001-csv/3975#51729596>		"=móè"@nim	
"ʓǝ́-d"@etu	<https://panlex.org/snapshot/panlex-20191001-csv/3975#51729533>				<https://panlex.org/snapshot/panlex-20191001-csv/3975#51729597>		"=́mòè"@nim	
"Ǹ=fɛ̂b"@etu	<https://panlex.org/snapshot/panlex-20191001-csv/3975#51736127>				<https://panlex.org/snapshot/panlex-20191001-csv/3975#51736183>		"ǹ=zɛ̀gà"@nim	
"=ríg-í"@etu	<https://panlex.org/snapshot/panlex-20191001-csv/3975#51722101>				<https://panlex.org/snapshot/panlex-20191001-csv/3975#51722154>		"kù=šɔ̀nsà"@nim	
