"ʔápak"@kyh	<https://panlex.org/snapshot/panlex-20191001-csv/1573#50083999>				<https://panlex.org/snapshot/panlex-20191001-csv/1573#50083955>		"ɨgʷawĩra"@gui	
"ʔíšaha"@kyh	<https://panlex.org/snapshot/panlex-20191001-csv/1573#50085763>				<https://panlex.org/snapshot/panlex-20191001-csv/1573#50085727>		"ɨ"@gui	
"ʔiθíβθānēn tōké̄n"@kyh	<https://panlex.org/snapshot/panlex-20191001-csv/1573#50090952>				<https://panlex.org/snapshot/panlex-20191001-csv/1573#50090925>		"ɨwɨ-kãta"@gui	
"ʔastīp"@kyh	<https://panlex.org/snapshot/panlex-20191001-csv/1573#50085228>				<https://panlex.org/snapshot/panlex-20191001-csv/1573#50085180>		"rẽᵐbeɨ"@gui	
"ʔastīp"@kyh	<https://panlex.org/snapshot/panlex-20191001-csv/1573#50085228>				<https://panlex.org/snapshot/panlex-20191001-csv/1573#50085181>		"tẽᵐbeɨ"@gui	
"tú̄yšip"@kyh	<https://panlex.org/snapshot/panlex-20191001-csv/1573#50083641>				<https://panlex.org/snapshot/panlex-20191001-csv/1573#50083582>		"ɨwɨtɨ"@gui	
"sāmβárō"@kyh	<https://panlex.org/snapshot/panlex-20191001-csv/1573#50088425>				<https://panlex.org/snapshot/panlex-20191001-csv/1573#50088357>		"ɨ-ãka"@gui	
"ʔípaha"@kyh	<https://panlex.org/snapshot/panlex-20191001-csv/1573#50090062>				<https://panlex.org/snapshot/panlex-20191001-csv/1573#50090030>		"ɨwɨra"@gui	
"ʔámtāp"@kyh	<https://panlex.org/snapshot/panlex-20191001-csv/1573#50082740>				<https://panlex.org/snapshot/panlex-20191001-csv/1573#50082701>		"ɨwɨ-kʷĩti"@gui	
"ʔámtāp"@kyh	<https://panlex.org/snapshot/panlex-20191001-csv/1573#50082740>				<https://panlex.org/snapshot/panlex-20191001-csv/1573#50082700>		"ɨwɨ-kui"@gui	
"ʔišrām"@kyh	<https://panlex.org/snapshot/panlex-20191001-csv/1573#50089032>				<https://panlex.org/snapshot/panlex-20191001-csv/1573#50088972>		"ɨ-kʷa"@gui	
"ʔaratβáraf"@kyh	<https://panlex.org/snapshot/panlex-20191001-csv/1573#50083033>				<https://panlex.org/snapshot/panlex-20191001-csv/1573#50082991>		"tuǰu"@gui	
"ʔá̄s"@kyh	<https://panlex.org/snapshot/panlex-20191001-csv/1573#50085762>				<https://panlex.org/snapshot/panlex-20191001-csv/1573#50085727>		"ɨ"@gui	
"kú̄sra"@kyh	<https://panlex.org/snapshot/panlex-20191001-csv/1573#50091420>				<https://panlex.org/snapshot/panlex-20191001-csv/1573#50091383>		"kʷarasɨ"@gui	
"kú̄sra"@kyh	<https://panlex.org/snapshot/panlex-20191001-csv/1573#50091420>				<https://panlex.org/snapshot/panlex-20191001-csv/1573#50091384>		"kʷaraɨ"@gui	
"čánčāf"@kyh	<https://panlex.org/snapshot/panlex-20191001-csv/1573#50086573>				<https://panlex.org/snapshot/panlex-20191001-csv/1573#50086547>		"tiriǰe"@gui	
"ʔiškê̄š"@kyh	<https://panlex.org/snapshot/panlex-20191001-csv/1573#50088426>				<https://panlex.org/snapshot/panlex-20191001-csv/1573#50088357>		"ɨ-ãka"@gui	
"ʔipahárīk"@kyh	<https://panlex.org/snapshot/panlex-20191001-csv/1573#50089784>				<https://panlex.org/snapshot/panlex-20191001-csv/1573#50089738>		"kaa-gwasu"@gui	
"ʔipahárīk"@kyh	<https://panlex.org/snapshot/panlex-20191001-csv/1573#50089784>				<https://panlex.org/snapshot/panlex-20191001-csv/1573#50089739>		"ɲãna"@gui	
"ʔas"@kyh	<https://panlex.org/snapshot/panlex-20191001-csv/1573#50090654>				<https://panlex.org/snapshot/panlex-20191001-csv/1573#50090594>		"ita"@gui	
"ʔá̄siβ"@kyh	<https://panlex.org/snapshot/panlex-20191001-csv/1573#50085521>				<https://panlex.org/snapshot/panlex-20191001-csv/1573#50085485>		"ɨwɨ-kʷa"@gui	
"ʔá̄siβ"@kyh	<https://panlex.org/snapshot/panlex-20191001-csv/1573#50085521>				<https://panlex.org/snapshot/panlex-20191001-csv/1573#50085484>		"ita-kʷa"@gui	
"ʔáhup"@kyh	<https://panlex.org/snapshot/panlex-20191001-csv/1573#50090317>				<https://panlex.org/snapshot/panlex-20191001-csv/1573#50090281>		"ɨwɨra"@gui	
"páy nanuʔáβahkam"@kyh	<https://panlex.org/snapshot/panlex-20191001-csv/1573#50091162>				<https://panlex.org/snapshot/panlex-20191001-csv/1573#50091133>		"ara"@gui	
"yú̄x"@kyh	<https://panlex.org/snapshot/panlex-20191001-csv/1573#50083292>				<https://panlex.org/snapshot/panlex-20191001-csv/1573#50083254>		"ɨwɨ-kʷĩti"@gui	
"tišrām"@kyh	<https://panlex.org/snapshot/panlex-20191001-csv/1573#50084318>				<https://panlex.org/snapshot/panlex-20191001-csv/1573#50084263>		"ɲũu"@gui	
"ʔáβax"@kyh	<https://panlex.org/snapshot/panlex-20191001-csv/1573#50083034>				<https://panlex.org/snapshot/panlex-20191001-csv/1573#50082991>		"tuǰu"@gui	
"ʔúkrām"@kyh	<https://panlex.org/snapshot/panlex-20191001-csv/1573#50086992>				<https://panlex.org/snapshot/panlex-20191001-csv/1573#50086960>		"ɨ-pa"@gui	
"yúras"@kyh	<https://panlex.org/snapshot/panlex-20191001-csv/1573#50086003>				<https://panlex.org/snapshot/panlex-20191001-csv/1573#50085979>		"ɨ wasu"@gui	
"ʔiθíβθānēn"@kyh	<https://panlex.org/snapshot/panlex-20191001-csv/1573#50081830>				<https://panlex.org/snapshot/panlex-20191001-csv/1573#50081799>		"ɨwɨ"@gui	
"ʔiθíβθānēn"@kyh	<https://panlex.org/snapshot/panlex-20191001-csv/1573#50082454>				<https://panlex.org/snapshot/panlex-20191001-csv/1573#50082402>		"ɨwɨ"@gui	
"ʔiθíβθānēn"@kyh	<https://panlex.org/snapshot/panlex-20191001-csv/1573#50082123>				<https://panlex.org/snapshot/panlex-20191001-csv/1573#50082073>		"ɨwɨ"@gui	
