"jiri-na"@tbf	<https://panlex.org/snapshot/panlex-20191001-csv/114#8059243>				<https://panlex.org/snapshot/panlex-20191001-csv/114#8058972>		"ʼruin"@gal	
"mi rivona"@tbf	<https://panlex.org/snapshot/panlex-20191001-csv/114#8067513>				<https://panlex.org/snapshot/panlex-20191001-csv/114#8067215>		"ʼnis"@gal	
"kurikuri-na"@tbf	<https://panlex.org/snapshot/panlex-20191001-csv/114#8057673>				<https://panlex.org/snapshot/panlex-20191001-csv/114#8057392>		"ʼulit"@gal	
"mi susuna"@tbf	<https://panlex.org/snapshot/panlex-20191001-csv/114#8060774>				<https://panlex.org/snapshot/panlex-20191001-csv/114#8060463>		"ʼsusu"@gal	
"rivo-na"@tbf	<https://panlex.org/snapshot/panlex-20191001-csv/114#8067514>				<https://panlex.org/snapshot/panlex-20191001-csv/114#8067215>		"ʼnis"@gal	
"rima-na"@tbf	<https://panlex.org/snapshot/panlex-20191001-csv/114#8052095>				<https://panlex.org/snapshot/panlex-20191001-csv/114#8051785>		"ʼlimar"@gal	
"kurikurina"@tbf	<https://panlex.org/snapshot/panlex-20191001-csv/114#8057674>				<https://panlex.org/snapshot/panlex-20191001-csv/114#8057392>		"ʼulit"@gal	
"ne|mai"@tbf	<https://panlex.org/snapshot/panlex-20191001-csv/114#8055175>				<https://panlex.org/snapshot/panlex-20191001-csv/114#8054899>		"ʼmai"@gal	
"kakasi"@tbf	<https://panlex.org/snapshot/panlex-20191001-csv/114#8056186>				<https://panlex.org/snapshot/panlex-20191001-csv/114#8055898>		"ʼnani"@gal	
"konokono-na"@tbf	<https://panlex.org/snapshot/panlex-20191001-csv/114#8064383>				<https://panlex.org/snapshot/panlex-20191001-csv/114#8064104>		"ʼnuar"@gal	
"rosara"@tbf	<https://panlex.org/snapshot/panlex-20191001-csv/114#8054673>				<https://panlex.org/snapshot/panlex-20191001-csv/114#8054408>		"ʼsalan"@gal	
"kova-na"@tbf	<https://panlex.org/snapshot/panlex-20191001-csv/114#8063847>				<https://panlex.org/snapshot/panlex-20191001-csv/114#8063558>		"garerʼhatun"@gal	
"darana"@tbf	<https://panlex.org/snapshot/panlex-20191001-csv/114#8063300>				<https://panlex.org/snapshot/panlex-20191001-csv/114#8063019>		"ʼran"@gal	
"vuruvuru-na"@tbf	<https://panlex.org/snapshot/panlex-20191001-csv/114#8064933>				<https://panlex.org/snapshot/panlex-20191001-csv/114#8064639>		"gareʼron"@gal	
"mi rimana"@tbf	<https://panlex.org/snapshot/panlex-20191001-csv/114#8052094>				<https://panlex.org/snapshot/panlex-20191001-csv/114#8051785>		"ʼlimar"@gal	
"mi ŋujuna"@tbf	<https://panlex.org/snapshot/panlex-20191001-csv/114#8066960>				<https://panlex.org/snapshot/panlex-20191001-csv/114#8066660>		"ʼhahar"@gal	
"ŋiŋija"@tbf	<https://panlex.org/snapshot/panlex-20191001-csv/114#8068555>				<https://panlex.org/snapshot/panlex-20191001-csv/114#8068278>		"ʼmali"@gal	
