"yì=yèwè"@nka	<https://panlex.org/snapshot/panlex-20191001-csv/3975#51733362>				<https://panlex.org/snapshot/panlex-20191001-csv/3975#51733412>		"зуб"@ru	
"ǯí=ɾèndá"@nka	<https://panlex.org/snapshot/panlex-20191001-csv/3975#51727434>				<https://panlex.org/snapshot/panlex-20191001-csv/3975#51727480>		"печень"@ru	
"ǯì=yôkà"@nka	<https://panlex.org/snapshot/panlex-20191001-csv/3975#51735901>				<https://panlex.org/snapshot/panlex-20191001-csv/3975#51735953>		"змея"@ru	
"ǯì=hâkò"@nka	<https://panlex.org/snapshot/panlex-20191001-csv/3975#51724377>				<https://panlex.org/snapshot/panlex-20191001-csv/3975#51724420>		"перо"@ru	
"kù=kàɾà"@nka	<https://panlex.org/snapshot/panlex-20191001-csv/3975#51731145>				<https://panlex.org/snapshot/panlex-20191001-csv/3975#51731211>		"сидеть"@ru	
"kù=hûmà"@nka	<https://panlex.org/snapshot/panlex-20191001-csv/3975#51721454>				<https://panlex.org/snapshot/panlex-20191001-csv/3975#51721501>		"кусать"@ru	
"mw=âkà"@nka	<https://panlex.org/snapshot/panlex-20191001-csv/3975#51736430>				<https://panlex.org/snapshot/panlex-20191001-csv/3975#51736480>		"год"@ru	
"kù=mônà"@nka	<https://panlex.org/snapshot/panlex-20191001-csv/3975#51730859>				<https://panlex.org/snapshot/panlex-20191001-csv/3975#51730924>		"видеть"@ru	
"kù=fúbìɾà"@nka	<https://panlex.org/snapshot/panlex-20191001-csv/3975#51730034>				<https://panlex.org/snapshot/panlex-20191001-csv/3975#51730085>		"красный"@ru	
"kwàmbà"@nka	<https://panlex.org/snapshot/panlex-20191001-csv/3975#51730692>				<https://panlex.org/snapshot/panlex-20191001-csv/3975#51730751>		"сказать"@ru	
"mù=tòkò"@nka	<https://panlex.org/snapshot/panlex-20191001-csv/3975#51720774>				<https://panlex.org/snapshot/panlex-20191001-csv/3975#51720821>		"пепел"@ru	
"mù=kwàkwà"@nka	<https://panlex.org/snapshot/panlex-20191001-csv/3975#51730175>				<https://panlex.org/snapshot/panlex-20191001-csv/3975#51730230>		"дорога"@ru	
"mv=ûɾà"@nka	<https://panlex.org/snapshot/panlex-20191001-csv/3975#51729896>				<https://panlex.org/snapshot/panlex-20191001-csv/3975#51729947>		"дождь"@ru	
"ǯì=kòmbǒmbò"@nka	<https://panlex.org/snapshot/panlex-20191001-csv/3975#51720904>				<https://panlex.org/snapshot/panlex-20191001-csv/3975#51720945>		"кора"@ru	
"mù=kâðì"@nka	<https://panlex.org/snapshot/panlex-20191001-csv/3975#51734956>				<https://panlex.org/snapshot/panlex-20191001-csv/3975#51735019>		"женщина"@ru	
"kù=tùbà"@nka	<https://panlex.org/snapshot/panlex-20191001-csv/3975#51734649>				<https://panlex.org/snapshot/panlex-20191001-csv/3975#51734696>		"белый"@ru	
"mù=nǯìɾò"@nka	<https://panlex.org/snapshot/panlex-20191001-csv/3975#51724523>				<https://panlex.org/snapshot/panlex-20191001-csv/3975#51724580>		"огонь"@ru	
"ǯì=ðînà"@nka	<https://panlex.org/snapshot/panlex-20191001-csv/3975#51728688>				<https://panlex.org/snapshot/panlex-20191001-csv/3975#51728744>		"имя"@ru	
"mù=ntù"@nka	<https://panlex.org/snapshot/panlex-20191001-csv/3975#51729746>				<https://panlex.org/snapshot/panlex-20191001-csv/3975#51729807>		"человек"@ru	
"kǔ=yà"@nka	<https://panlex.org/snapshot/panlex-20191001-csv/3975#51733823>				<https://panlex.org/snapshot/panlex-20191001-csv/3975#51733910>		"идти"@ru	
"ɾì=wùɾù"@nka	<https://panlex.org/snapshot/panlex-20191001-csv/3975#51724947>				<https://panlex.org/snapshot/panlex-20191001-csv/3975#51725000>		"нога"@ru	
"kà=nwà"@nka	<https://panlex.org/snapshot/panlex-20191001-csv/3975#51728543>				<https://panlex.org/snapshot/panlex-20191001-csv/3975#51728601>		"рот"@ru	
"ɾù=hǔkì"@nka	<https://panlex.org/snapshot/panlex-20191001-csv/3975#51725631>				<https://panlex.org/snapshot/panlex-20191001-csv/3975#51725689>		"волосы"@ru	
"kù=kónkòmòna"@nka	<https://panlex.org/snapshot/panlex-20191001-csv/3975#51731146>				<https://panlex.org/snapshot/panlex-20191001-csv/3975#51731211>		"сидеть"@ru	
"kù=ðìhà"@nka	<https://panlex.org/snapshot/panlex-20191001-csv/3975#51726712>				<https://panlex.org/snapshot/panlex-20191001-csv/3975#51726764>		"убивать"@ru	
"mǎ=ðì"@nka	<https://panlex.org/snapshot/panlex-20191001-csv/3975#51724250>				<https://panlex.org/snapshot/panlex-20191001-csv/3975#51724296>		"жир"@ru	
"nímwá-ò"@nka	<https://panlex.org/snapshot/panlex-20191001-csv/3975#51720628>				<https://panlex.org/snapshot/panlex-20191001-csv/3975#51720681>		"весь"@ru	
"kù=nðàɾà"@nka	<https://panlex.org/snapshot/panlex-20191001-csv/3975#51725072>				<https://panlex.org/snapshot/panlex-20191001-csv/3975#51725112>		"полный"@ru	
"ǯi=bôkò"@nka	<https://panlex.org/snapshot/panlex-20191001-csv/3975#51725781>				<https://panlex.org/snapshot/panlex-20191001-csv/3975#51725836>		"рука"@ru	
"=îpì"@nka	<https://panlex.org/snapshot/panlex-20191001-csv/3975#51735757>				<https://panlex.org/snapshot/panlex-20191001-csv/3975#51735812>		"короткий"@ru	
"ù=šîkù"@nka	<https://panlex.org/snapshot/panlex-20191001-csv/3975#51729110>				<https://panlex.org/snapshot/panlex-20191001-csv/3975#51729166>		"ночь"@ru	
"mù=tîmà"@nka	<https://panlex.org/snapshot/panlex-20191001-csv/3975#51726239>				<https://panlex.org/snapshot/panlex-20191001-csv/3975#51726293>		"сердце"@ru	
"ɾù=ɾîmì"@nka	<https://panlex.org/snapshot/panlex-20191001-csv/3975#51733206>				<https://panlex.org/snapshot/panlex-20191001-csv/3975#51733260>		"язык"@ru	
"kú=ŋà nðíŋùɾǔkè"@nka	<https://panlex.org/snapshot/panlex-20191001-csv/3975#51730417>				<https://panlex.org/snapshot/panlex-20191001-csv/3975#51730451>		"круглый"@ru	
"=mó"@nka	<https://panlex.org/snapshot/panlex-20191001-csv/3975#51729598>				<https://panlex.org/snapshot/panlex-20191001-csv/3975#51729654>		"один"@ru	
"=yôkà"@nka	<https://panlex.org/snapshot/panlex-20191001-csv/3975#51735902>				<https://panlex.org/snapshot/panlex-20191001-csv/3975#51735953>		"змея"@ru	
"=ɾěmù"@nka	<https://panlex.org/snapshot/panlex-20191001-csv/3975#51735352>				<https://panlex.org/snapshot/panlex-20191001-csv/3975#51735400>		"тяжелый"@ru	
"kè=nà"@nka	<https://panlex.org/snapshot/panlex-20191001-csv/3975#51728401>				<https://panlex.org/snapshot/panlex-20191001-csv/3975#51728447>		"гора"@ru	
"mù=šîɾà"@nka	<https://panlex.org/snapshot/panlex-20191001-csv/3975#51732603>				<https://panlex.org/snapshot/panlex-20191001-csv/3975#51732655>		"хвост"@ru	
"šì=fûpà"@nka	<https://panlex.org/snapshot/panlex-20191001-csv/3975#51721881>				<https://panlex.org/snapshot/panlex-20191001-csv/3975#51721928>		"кость"@ru	
"̌=šè"@nka	<https://panlex.org/snapshot/panlex-20191001-csv/3975#51731604>				<https://panlex.org/snapshot/panlex-20191001-csv/3975#51731661>		"маленький"@ru	
"ǯî=hò"@nka	<https://panlex.org/snapshot/panlex-20191001-csv/3975#51724104>				<https://panlex.org/snapshot/panlex-20191001-csv/3975#51724156>		"глаз"@ru	
"n=dǒbà"@nka	<https://panlex.org/snapshot/panlex-20191001-csv/3975#51723637>				<https://panlex.org/snapshot/panlex-20191001-csv/3975#51723691>		"земля"@ru	
"mù=tôntò"@nka	<https://panlex.org/snapshot/panlex-20191001-csv/3975#51733506>				<https://panlex.org/snapshot/panlex-20191001-csv/3975#51733565>		"дерево"@ru	
"kw=ìðà"@nka	<https://panlex.org/snapshot/panlex-20191001-csv/3975#51722710>				<https://panlex.org/snapshot/panlex-20191001-csv/3975#51722782>		"приходить"@ru	
"=îŋì"@nka	<https://panlex.org/snapshot/panlex-20191001-csv/3975#51727975>				<https://panlex.org/snapshot/panlex-20191001-csv/3975#51728030>		"много"@ru	
"m=pêpò"@nka	<https://panlex.org/snapshot/panlex-20191001-csv/3975#51736184>				<https://panlex.org/snapshot/panlex-20191001-csv/3975#51736240>		"ветер"@ru	
"ǯì=vùmò"@nka	<https://panlex.org/snapshot/panlex-20191001-csv/3975#51721030>				<https://panlex.org/snapshot/panlex-20191001-csv/3975#51721079>		"живот"@ru	
"kǎ=wà"@nka	<https://panlex.org/snapshot/panlex-20191001-csv/3975#51723039>				<https://panlex.org/snapshot/panlex-20191001-csv/3975#51723096>		"собака"@ru	
"kù=yôwà"@nka	<https://panlex.org/snapshot/panlex-20191001-csv/3975#51732471>				<https://panlex.org/snapshot/panlex-20191001-csv/3975#51732511>		"плавать"@ru	
"ǯì=bîðì"@nka	<https://panlex.org/snapshot/panlex-20191001-csv/3975#51727133>				<https://panlex.org/snapshot/panlex-20191001-csv/3975#51727185>		"лист"@ru	
"ǯì=mǎɲà"@nka	<https://panlex.org/snapshot/panlex-20191001-csv/3975#51732177>				<https://panlex.org/snapshot/panlex-20191001-csv/3975#51732228>		"камень"@ru	
"=wáhè"@nka	<https://panlex.org/snapshot/panlex-20191001-csv/3975#51725370>				<https://panlex.org/snapshot/panlex-20191001-csv/3975#51725425>		"хороший"@ru	
"àmí"@nka	<https://panlex.org/snapshot/panlex-20191001-csv/3975#51726533>				<https://panlex.org/snapshot/panlex-20191001-csv/3975#51726620>		"я"@ru	
"kû=fwà"@nka	<https://panlex.org/snapshot/panlex-20191001-csv/3975#51722886>				<https://panlex.org/snapshot/panlex-20191001-csv/3975#51722943>		"умирать"@ru	
"mù=kèðà"@nka	<https://panlex.org/snapshot/panlex-20191001-csv/3975#51721737>				<https://panlex.org/snapshot/panlex-20191001-csv/3975#51721789>		"кровь"@ru	
"yànì"@nka	<https://panlex.org/snapshot/panlex-20191001-csv/3975#51734787>				<https://panlex.org/snapshot/panlex-20191001-csv/3975#51734846>		"кто"@ru	
"=bǐǯì"@nka	<https://panlex.org/snapshot/panlex-20191001-csv/3975#51733667>				<https://panlex.org/snapshot/panlex-20191001-csv/3975#51733724>		"два"@ru	
"kù=báŋìðà"@nka	<https://panlex.org/snapshot/panlex-20191001-csv/3975#51722155>				<https://panlex.org/snapshot/panlex-20191001-csv/3975#51722207>		"жечь"@ru	
"kù=pùnùnà"@nka	<https://panlex.org/snapshot/panlex-20191001-csv/3975#51726711>				<https://panlex.org/snapshot/panlex-20191001-csv/3975#51726764>		"убивать"@ru	
"kà=hùmpò"@nka	<https://panlex.org/snapshot/panlex-20191001-csv/3975#51722012>				<https://panlex.org/snapshot/panlex-20191001-csv/3975#51722063>		"грудь"@ru	
"kǔ=nwà"@nka	<https://panlex.org/snapshot/panlex-20191001-csv/3975#51723198>				<https://panlex.org/snapshot/panlex-20191001-csv/3975#51723262>		"пить"@ru	
"hàhêpì"@nka	<https://panlex.org/snapshot/panlex-20191001-csv/3975#51735491>				<https://panlex.org/snapshot/panlex-20191001-csv/3975#51735544>		"близко"@ru	
"ǯǐ=tù"@nka	<https://panlex.org/snapshot/panlex-20191001-csv/3975#51723494>				<https://panlex.org/snapshot/panlex-20191001-csv/3975#51723546>		"ухо"@ru	
"mù=ðûɾù"@nka	<https://panlex.org/snapshot/panlex-20191001-csv/3975#51729267>				<https://panlex.org/snapshot/panlex-20191001-csv/3975#51729325>		"нос"@ru	
"kù=ɾâɾà"@nka	<https://panlex.org/snapshot/panlex-20191001-csv/3975#51727284>				<https://panlex.org/snapshot/panlex-20191001-csv/3975#51727343>		"лежать"@ru	
"kù=ɾâɾà"@nka	<https://panlex.org/snapshot/panlex-20191001-csv/3975#51731457>				<https://panlex.org/snapshot/panlex-20191001-csv/3975#51731514>		"спать"@ru	
"ǯì=ŋì"@nka	<https://panlex.org/snapshot/panlex-20191001-csv/3975#51723949>				<https://panlex.org/snapshot/panlex-20191001-csv/3975#51723994>		"яйцо"@ru	
"mù=kòšì"@nka	<https://panlex.org/snapshot/panlex-20191001-csv/3975#51728828>				<https://panlex.org/snapshot/panlex-20191001-csv/3975#51728878>		"шея"@ru	
"kù=yûvwà"@nka	<https://panlex.org/snapshot/panlex-20191001-csv/3975#51726098>				<https://panlex.org/snapshot/panlex-20191001-csv/3975#51726150>		"слышать"@ru	
"kàǯìhá"@nka	<https://panlex.org/snapshot/panlex-20191001-csv/3975#51729426>				<https://panlex.org/snapshot/panlex-20191001-csv/3975#51729495>		"не"@ru	
"kù=ǯímùkà"@nka	<https://panlex.org/snapshot/panlex-20191001-csv/3975#51726992>				<https://panlex.org/snapshot/panlex-20191001-csv/3975#51727044>		"знать"@ru	
"n=kàbò"@nka	<https://panlex.org/snapshot/panlex-20191001-csv/3975#51736305>				<https://panlex.org/snapshot/panlex-20191001-csv/3975#51736338>		"червяк"@ru	
"ɾù=ɲéɲè"@nka	<https://panlex.org/snapshot/panlex-20191001-csv/3975#51732031>				<https://panlex.org/snapshot/panlex-20191001-csv/3975#51732095>		"звезда"@ru	
"=ò"@nka	<https://panlex.org/snapshot/panlex-20191001-csv/3975#51732756>				<https://panlex.org/snapshot/panlex-20191001-csv/3975#51732818>		"тот"@ru	
"kù=kòmbòɾà"@nka	<https://panlex.org/snapshot/panlex-20191001-csv/3975#51722548>				<https://panlex.org/snapshot/panlex-20191001-csv/3975#51722594>		"холодный"@ru	
"kù=šipà"@nka	<https://panlex.org/snapshot/panlex-20191001-csv/3975#51721589>				<https://panlex.org/snapshot/panlex-20191001-csv/3975#51721641>		"черный"@ru	
"mù=ɾûmè"@nka	<https://panlex.org/snapshot/panlex-20191001-csv/3975#51727832>				<https://panlex.org/snapshot/panlex-20191001-csv/3975#51727886>		"мужчина"@ru	
"=pyà"@nka	<https://panlex.org/snapshot/panlex-20191001-csv/3975#51728960>				<https://panlex.org/snapshot/panlex-20191001-csv/3975#51729007>		"новый"@ru	
"=nênè"@nka	<https://panlex.org/snapshot/panlex-20191001-csv/3975#51721163>				<https://panlex.org/snapshot/panlex-20191001-csv/3975#51721222>		"большой"@ru	
"y=ǐnà"@nka	<https://panlex.org/snapshot/panlex-20191001-csv/3975#51727694>				<https://panlex.org/snapshot/panlex-20191001-csv/3975#51727737>		"вошь"@ru	
"kú=mànà"@nka	<https://panlex.org/snapshot/panlex-20191001-csv/3975#51731887>				<https://panlex.org/snapshot/panlex-20191001-csv/3975#51731939>		"стоять"@ru	
"mù=tênà"@nka	<https://panlex.org/snapshot/panlex-20191001-csv/3975#51732332>				<https://panlex.org/snapshot/panlex-20191001-csv/3975#51732390>		"солнце"@ru	
"ǯì=šêŋò"@nka	<https://panlex.org/snapshot/panlex-20191001-csv/3975#51726373>				<https://panlex.org/snapshot/panlex-20191001-csv/3975#51726424>		"рог"@ru	
"ǯǐn=čì"@nka	<https://panlex.org/snapshot/panlex-20191001-csv/3975#51724672>				<https://panlex.org/snapshot/panlex-20191001-csv/3975#51724723>		"рыба"@ru	
"m=bûtò"@nka	<https://panlex.org/snapshot/panlex-20191001-csv/3975#51730996>				<https://panlex.org/snapshot/panlex-20191001-csv/3975#51731039>		"семя"@ru	
"ɲéɲè"@nka	<https://panlex.org/snapshot/panlex-20191001-csv/3975#51732032>				<https://panlex.org/snapshot/panlex-20191001-csv/3975#51732095>		"звезда"@ru	
"=mèma"@nka	<https://panlex.org/snapshot/panlex-20191001-csv/3975#51734134>				<https://panlex.org/snapshot/panlex-20191001-csv/3975#51734188>		"вода"@ru	
"mù=pîšì"@nka	<https://panlex.org/snapshot/panlex-20191001-csv/3975#51730307>				<https://panlex.org/snapshot/panlex-20191001-csv/3975#51730346>		"корень"@ru	
"ètú"@nka	<https://panlex.org/snapshot/panlex-20191001-csv/3975#51734321>				<https://panlex.org/snapshot/panlex-20191001-csv/3975#51734417>		"мы"@ru	
"šì=kòndè"@nka	<https://panlex.org/snapshot/panlex-20191001-csv/3975#51731306>				<https://panlex.org/snapshot/panlex-20191001-csv/3975#51731357>		"кожа"@ru	
"kù=pânà"@nka	<https://panlex.org/snapshot/panlex-20191001-csv/3975#51725216>				<https://panlex.org/snapshot/panlex-20191001-csv/3975#51725277>		"давать"@ru	
"w=íšè"@nka	<https://panlex.org/snapshot/panlex-20191001-csv/3975#51731753>				<https://panlex.org/snapshot/panlex-20191001-csv/3975#51731806>		"дым"@ru	
"kù=yôndà"@nka	<https://panlex.org/snapshot/panlex-20191001-csv/3975#51736037>				<https://panlex.org/snapshot/panlex-20191001-csv/3975#51736086>		"тонкий"@ru	
"ǯì=kùmbì"@nka	<https://panlex.org/snapshot/panlex-20191001-csv/3975#51722420>				<https://panlex.org/snapshot/panlex-20191001-csv/3975#51722460>		"облако"@ru	
"mǔ=twè"@nka	<https://panlex.org/snapshot/panlex-20191001-csv/3975#51725937>				<https://panlex.org/snapshot/panlex-20191001-csv/3975#51725994>		"голова"@ru	
"kǔ=ǯà"@nka	<https://panlex.org/snapshot/panlex-20191001-csv/3975#51723797>				<https://panlex.org/snapshot/panlex-20191001-csv/3975#51723868>		"есть"@ru	
"=tâǯì"@nka	<https://panlex.org/snapshot/panlex-20191001-csv/3975#51727565>				<https://panlex.org/snapshot/panlex-20191001-csv/3975#51727609>		"длинный"@ru	
"ǯì=hékèɾěɾà"@nka	<https://panlex.org/snapshot/panlex-20191001-csv/3975#51730538>				<https://panlex.org/snapshot/panlex-20191001-csv/3975#51730581>		"песок"@ru	
"òbé"@nka	<https://panlex.org/snapshot/panlex-20191001-csv/3975#51733048>				<https://panlex.org/snapshot/panlex-20191001-csv/3975#51733110>		"ты"@ru	
"kù=yûmà"@nka	<https://panlex.org/snapshot/panlex-20191001-csv/3975#51723350>				<https://panlex.org/snapshot/panlex-20191001-csv/3975#51723400>		"сухой"@ru	
"ǯì=nùŋò"@nka	<https://panlex.org/snapshot/panlex-20191001-csv/3975#51726851>				<https://panlex.org/snapshot/panlex-20191001-csv/3975#51726907>		"колено"@ru	
"n=ǯánǯà"@nka	<https://panlex.org/snapshot/panlex-20191001-csv/3975#51730997>				<https://panlex.org/snapshot/panlex-20191001-csv/3975#51731039>		"семя"@ru	
"bǐhì"@nka	<https://panlex.org/snapshot/panlex-20191001-csv/3975#51734513>				<https://panlex.org/snapshot/panlex-20191001-csv/3975#51734573>		"что"@ru	
"kù=ínðàɾà"@nka	<https://panlex.org/snapshot/panlex-20191001-csv/3975#51725071>				<https://panlex.org/snapshot/panlex-20191001-csv/3975#51725112>		"полный"@ru	
"kà=yònì"@nka	<https://panlex.org/snapshot/panlex-20191001-csv/3975#51721315>				<https://panlex.org/snapshot/panlex-20191001-csv/3975#51721364>		"птица"@ru	
"=è"@nka	<https://panlex.org/snapshot/panlex-20191001-csv/3975#51732906>				<https://panlex.org/snapshot/panlex-20191001-csv/3975#51732967>		"этот"@ru	
"=ŋòndà"@nka	<https://panlex.org/snapshot/panlex-20191001-csv/3975#51728285>				<https://panlex.org/snapshot/panlex-20191001-csv/3975#51728331>		"луна"@ru	
"ɲ=àmà"@nka	<https://panlex.org/snapshot/panlex-20191001-csv/3975#51728129>				<https://panlex.org/snapshot/panlex-20191001-csv/3975#51728188>		"мясо"@ru	
"mù=šéɾè"@nka	<https://panlex.org/snapshot/panlex-20191001-csv/3975#51735629>				<https://panlex.org/snapshot/panlex-20191001-csv/3975#51735677>		"соль"@ru	
"kù=mbúɾùɾùkà"@nka	<https://panlex.org/snapshot/panlex-20191001-csv/3975#51724804>				<https://panlex.org/snapshot/panlex-20191001-csv/3975#51724849>		"летать"@ru	
"k=wàkùtâǯì"@nka	<https://panlex.org/snapshot/panlex-20191001-csv/3975#51735225>				<https://panlex.org/snapshot/panlex-20191001-csv/3975#51735272>		"далеко"@ru	
