"cʼʷǎː"@sad	<https://panlex.org/snapshot/panlex-20191001-csv/3975#51732621>				<https://panlex.org/snapshot/panlex-20191001-csv/3975#51732557>		"skʼyaː.u"@hdn	
"cʼʷǎː"@sad	<https://panlex.org/snapshot/panlex-20191001-csv/3975#51732621>				<https://panlex.org/snapshot/panlex-20191001-csv/3975#51732558>		"skʼyaːw"@hdn	
"hàpú"@sad	<https://panlex.org/snapshot/panlex-20191001-csv/3975#51733072>				<https://panlex.org/snapshot/panlex-20191001-csv/3975#51733010>		"taŋ"@hdn	
"cʼê"@sad	<https://panlex.org/snapshot/panlex-20191001-csv/3975#51725651>				<https://panlex.org/snapshot/panlex-20191001-csv/3975#51725583>		"qʰac"@hdn	
"pʰudu-se"@sad	<https://panlex.org/snapshot/panlex-20191001-csv/3975#51732482>				<https://panlex.org/snapshot/panlex-20191001-csv/3975#51732435>		"ƛa=ka"@hdn	
"dìʔá"@sad	<https://panlex.org/snapshot/panlex-20191001-csv/3975#51723963>				<https://panlex.org/snapshot/panlex-20191001-csv/3975#51723912>		"qʰaw"@hdn	
"ƛʼàbísó"@sad	<https://panlex.org/snapshot/panlex-20191001-csv/3975#51721044>				<https://panlex.org/snapshot/panlex-20191001-csv/3975#51720992>		"tal"@hdn	
"maːka"@sad	<https://panlex.org/snapshot/panlex-20191001-csv/3975#51736448>				<https://panlex.org/snapshot/panlex-20191001-csv/3975#51736387>		"tʰat-aː"@hdn	
"maːka"@sad	<https://panlex.org/snapshot/panlex-20191001-csv/3975#51736448>				<https://panlex.org/snapshot/panlex-20191001-csv/3975#51736386>		"tʰat-a"@hdn	
"ǀǀʼo"@sad	<https://panlex.org/snapshot/panlex-20191001-csv/3975#51731478>				<https://panlex.org/snapshot/panlex-20191001-csv/3975#51731408>		"qʼa"@hdn	
"tʰási̥nóː"@sad	<https://panlex.org/snapshot/panlex-20191001-csv/3975#51727446>				<https://panlex.org/snapshot/panlex-20191001-csv/3975#51727386>		"ƛʼa-kʼul"@hdn	
"í-"@sad	<https://panlex.org/snapshot/panlex-20191001-csv/3975#51725240>				<https://panlex.org/snapshot/panlex-20191001-csv/3975#51725164>		"=sƛa"@hdn	
"dĩ̌ː"@sad	<https://panlex.org/snapshot/panlex-20191001-csv/3975#51732193>				<https://panlex.org/snapshot/panlex-20191001-csv/3975#51732140>		"qʰwa.a"@hdn	
"ǀǀʼékʼâ"@sad	<https://panlex.org/snapshot/panlex-20191001-csv/3975#51721754>				<https://panlex.org/snapshot/panlex-20191001-csv/3975#51721688>		"ʡay"@hdn	
"ɳǀĩ̌ː"@sad	<https://panlex.org/snapshot/panlex-20191001-csv/3975#51728150>				<https://panlex.org/snapshot/panlex-20191001-csv/3975#51728079>		"kʰya.a"@hdn	
"ʔǔːɬíː"@sad	<https://panlex.org/snapshot/panlex-20191001-csv/3975#51735645>				<https://panlex.org/snapshot/panlex-20191001-csv/3975#51735588>		"tʰaŋŋ"@hdn	
"ƛâ"@sad	<https://panlex.org/snapshot/panlex-20191001-csv/3975#51720918>				<https://panlex.org/snapshot/panlex-20191001-csv/3975#51720861>		"qʼal"@hdn	
"hěː-"@sad	<https://panlex.org/snapshot/panlex-20191001-csv/3975#51732927>				<https://panlex.org/snapshot/panlex-20191001-csv/3975#51732867>		"ʔaː-"@hdn	
"cʼéxê"@sad	<https://panlex.org/snapshot/panlex-20191001-csv/3975#51729617>				<https://panlex.org/snapshot/panlex-20191001-csv/3975#51729544>		"sʡwaːn-saŋ"@hdn	
"cʼéxê"@sad	<https://panlex.org/snapshot/panlex-20191001-csv/3975#51729617>				<https://panlex.org/snapshot/panlex-20191001-csv/3975#51729545>		"swaːn-saŋ"@hdn	
"cʼéxê"@sad	<https://panlex.org/snapshot/panlex-20191001-csv/3975#51729617>				<https://panlex.org/snapshot/panlex-20191001-csv/3975#51729546>		"sʡwaːn"@hdn	
"cʼéxê"@sad	<https://panlex.org/snapshot/panlex-20191001-csv/3975#51729617>				<https://panlex.org/snapshot/panlex-20191001-csv/3975#51729547>		"swaːn"@hdn	
"kámâ"@sad	<https://panlex.org/snapshot/panlex-20191001-csv/3975#51722170>				<https://panlex.org/snapshot/panlex-20191001-csv/3975#51722109>		"ʡu"@hdn	
"tiŋka"@sad	<https://panlex.org/snapshot/panlex-20191001-csv/3975#51722563>				<https://panlex.org/snapshot/panlex-20191001-csv/3975#51722506>		"tʰat-a"@hdn	
"sákâ"@sad	<https://panlex.org/snapshot/panlex-20191001-csv/3975#51722028>				<https://panlex.org/snapshot/panlex-20191001-csv/3975#51721971>		"qʰan skʰuc"@hdn	
"káːkâ"@sad	<https://panlex.org/snapshot/panlex-20191001-csv/3975#51723060>				<https://panlex.org/snapshot/panlex-20191001-csv/3975#51722988>		"ħa"@hdn	
"cʼʷáʔá"@sad	<https://panlex.org/snapshot/panlex-20191001-csv/3975#51722308>				<https://panlex.org/snapshot/panlex-20191001-csv/3975#51722250>		"sƛʼa-kʼun"@hdn	
"ʓaːŋga"@sad	<https://panlex.org/snapshot/panlex-20191001-csv/3975#51725508>				<https://panlex.org/snapshot/panlex-20191001-csv/3975#51725461>		"sʡinawaː"@hdn	
"ʓaːŋga"@sad	<https://panlex.org/snapshot/panlex-20191001-csv/3975#51725508>				<https://panlex.org/snapshot/panlex-20191001-csv/3975#51725460>		"sʡinaːwkaː"@hdn	
"sómbá"@sad	<https://panlex.org/snapshot/panlex-20191001-csv/3975#51724686>				<https://panlex.org/snapshot/panlex-20191001-csv/3975#51724629>		"sqʼaɬ-aŋŋ"@hdn	
"bàʔé"@sad	<https://panlex.org/snapshot/panlex-20191001-csv/3975#51721185>				<https://panlex.org/snapshot/panlex-20191001-csv/3975#51721125>		"ʔiw-ʔwaːn"@hdn	
"bàʔé"@sad	<https://panlex.org/snapshot/panlex-20191001-csv/3975#51721185>				<https://panlex.org/snapshot/panlex-20191001-csv/3975#51721126>		"ʔiw-.aːn"@hdn	
"čěː"@sad	<https://panlex.org/snapshot/panlex-20191001-csv/3975#51725956>				<https://panlex.org/snapshot/panlex-20191001-csv/3975#51725888>		"qʰac"@hdn	
"hó-čōː"@sad	<https://panlex.org/snapshot/panlex-20191001-csv/3975#51734532>				<https://panlex.org/snapshot/panlex-20191001-csv/3975#51734467>		"kuː-s"@hdn	
"hó-čōː"@sad	<https://panlex.org/snapshot/panlex-20191001-csv/3975#51734532>				<https://panlex.org/snapshot/panlex-20191001-csv/3975#51734468>		"kuː-sta"@hdn	
"mànǎː"@sad	<https://panlex.org/snapshot/panlex-20191001-csv/3975#51727012>				<https://panlex.org/snapshot/panlex-20191001-csv/3975#51726953>		"ʔunsat"@hdn	
"ɳǀǀume"@sad	<https://panlex.org/snapshot/panlex-20191001-csv/3975#51731908>				<https://panlex.org/snapshot/panlex-20191001-csv/3975#51731851>		"qyaː.-aŋ"@hdn	
"mágánǯá-sê"@sad	<https://panlex.org/snapshot/panlex-20191001-csv/3975#51727578>				<https://panlex.org/snapshot/panlex-20191001-csv/3975#51727528>		"caŋ"@hdn	
"ǀěːká-sê"@sad	<https://panlex.org/snapshot/panlex-20191001-csv/3975#51735365>				<https://panlex.org/snapshot/panlex-20191001-csv/3975#51735319>		"qʰina"@hdn	
"pʰóː"@sad	<https://panlex.org/snapshot/panlex-20191001-csv/3975#51734665>				<https://panlex.org/snapshot/panlex-20191001-csv/3975#51734618>		"ʡata"@hdn	
"wékʰẽ́ː"@sad	<https://panlex.org/snapshot/panlex-20191001-csv/3975#51736204>				<https://panlex.org/snapshot/panlex-20191001-csv/3975#51736135>		"tʰa-caːw"@hdn	
"kʼáŋkʼárâ"@sad	<https://panlex.org/snapshot/panlex-20191001-csv/3975#51721606>				<https://panlex.org/snapshot/panlex-20191001-csv/3975#51721547>		"ɬʡaɬ"@hdn	
"kéké"@sad	<https://panlex.org/snapshot/panlex-20191001-csv/3975#51723511>				<https://panlex.org/snapshot/panlex-20191001-csv/3975#51723445>		"kyuː"@hdn	
"ɬáû"@sad	<https://panlex.org/snapshot/panlex-20191001-csv/3975#51725384>				<https://panlex.org/snapshot/panlex-20191001-csv/3975#51725325>		"lʼaː"@hdn	
"béːbâ"@sad	<https://panlex.org/snapshot/panlex-20191001-csv/3975#51735510>				<https://panlex.org/snapshot/panlex-20191001-csv/3975#51735448>		"ʔa=ʔaː-nan"@hdn	
"noŋgolo"@sad	<https://panlex.org/snapshot/panlex-20191001-csv/3975#51736318>				<https://panlex.org/snapshot/panlex-20191001-csv/3975#51736275>		"sʡaʡa"@hdn	
"noŋgolo"@sad	<https://panlex.org/snapshot/panlex-20191001-csv/3975#51736318>				<https://panlex.org/snapshot/panlex-20191001-csv/3975#51736274>		"sʡa.a"@hdn	
"hǎː-"@sad	<https://panlex.org/snapshot/panlex-20191001-csv/3975#51732775>				<https://panlex.org/snapshot/panlex-20191001-csv/3975#51732709>		"huː-ciː"@hdn	
"hǎː-"@sad	<https://panlex.org/snapshot/panlex-20191001-csv/3975#51732775>				<https://panlex.org/snapshot/panlex-20191001-csv/3975#51732710>		"haw-ciː"@hdn	
"gàndȁ"@sad	<https://panlex.org/snapshot/panlex-20191001-csv/3975#51736052>				<https://panlex.org/snapshot/panlex-20191001-csv/3975#51735999>		"staːya"@hdn	
"gàndȁ"@sad	<https://panlex.org/snapshot/panlex-20191001-csv/3975#51736052>				<https://panlex.org/snapshot/panlex-20191001-csv/3975#51736001>		"tʼam"@hdn	
"gàndȁ"@sad	<https://panlex.org/snapshot/panlex-20191001-csv/3975#51736052>				<https://panlex.org/snapshot/panlex-20191001-csv/3975#51736000>		"ƛʼa"@hdn	
"ǀǀʼĩ̂ː"@sad	<https://panlex.org/snapshot/panlex-20191001-csv/3975#51724545>				<https://panlex.org/snapshot/panlex-20191001-csv/3975#51724472>		"cʼaːnuː"@hdn	
"maːkʰa"@sad	<https://panlex.org/snapshot/panlex-20191001-csv/3975#51736449>				<https://panlex.org/snapshot/panlex-20191001-csv/3975#51736387>		"tʰat-aː"@hdn	
"maːkʰa"@sad	<https://panlex.org/snapshot/panlex-20191001-csv/3975#51736449>				<https://panlex.org/snapshot/panlex-20191001-csv/3975#51736386>		"tʰat-a"@hdn	
"bóyó"@sad	<https://panlex.org/snapshot/panlex-20191001-csv/3975#51731013>				<https://panlex.org/snapshot/panlex-20191001-csv/3975#51730966>		"maːɬ"@hdn	
"bóyó"@sad	<https://panlex.org/snapshot/panlex-20191001-csv/3975#51731013>				<https://panlex.org/snapshot/panlex-20191001-csv/3975#51730965>		"maːɬa"@hdn	
"čʰíâ"@sad	<https://panlex.org/snapshot/panlex-20191001-csv/3975#51720648>				<https://panlex.org/snapshot/panlex-20191001-csv/3975#51720588>		"han"@hdn	
"čʰíâ"@sad	<https://panlex.org/snapshot/panlex-20191001-csv/3975#51720648>				<https://panlex.org/snapshot/panlex-20191001-csv/3975#51720589>		".an"@hdn	
"búƛʼi̥"@sad	<https://panlex.org/snapshot/panlex-20191001-csv/3975#51730050>				<https://panlex.org/snapshot/panlex-20191001-csv/3975#51729993>		"sʡit"@hdn	
"cʼúkʼâ"@sad	<https://panlex.org/snapshot/panlex-20191001-csv/3975#51731770>				<https://panlex.org/snapshot/panlex-20191001-csv/3975#51731704>		"ʡay-aːw"@hdn	
"manʓano"@sad	<https://panlex.org/snapshot/panlex-20191001-csv/3975#51735109>				<https://panlex.org/snapshot/panlex-20191001-csv/3975#51735059>		"kʼan-ɬaɬ"@hdn	
"čí"@sad	<https://panlex.org/snapshot/panlex-20191001-csv/3975#51726570>				<https://panlex.org/snapshot/panlex-20191001-csv/3975#51726475>		"ɬa"@hdn	
"čí"@sad	<https://panlex.org/snapshot/panlex-20191001-csv/3975#51726570>				<https://panlex.org/snapshot/panlex-20191001-csv/3975#51726474>		"ɬ"@hdn	
"čí"@sad	<https://panlex.org/snapshot/panlex-20191001-csv/3975#51726570>				<https://panlex.org/snapshot/panlex-20191001-csv/3975#51726477>		"tiː"@hdn	
"čí"@sad	<https://panlex.org/snapshot/panlex-20191001-csv/3975#51726570>				<https://panlex.org/snapshot/panlex-20191001-csv/3975#51726476>		"ɬaː"@hdn	
"cʼóki̥"@sad	<https://panlex.org/snapshot/panlex-20191001-csv/3975#51724821>				<https://panlex.org/snapshot/panlex-20191001-csv/3975#51724764>		"xit"@hdn	
"ǀǀʰàtá"@sad	<https://panlex.org/snapshot/panlex-20191001-csv/3975#51724966>				<https://panlex.org/snapshot/panlex-20191001-csv/3975#51724900>		"stʼaː"@hdn	
"ǀǀʰàtá"@sad	<https://panlex.org/snapshot/panlex-20191001-csv/3975#51724966>				<https://panlex.org/snapshot/panlex-20191001-csv/3975#51724899>		"stʼa"@hdn	
"hĩ̌-"@sad	<https://panlex.org/snapshot/panlex-20191001-csv/3975#51732776>				<https://panlex.org/snapshot/panlex-20191001-csv/3975#51732709>		"huː-ciː"@hdn	
"hĩ̌-"@sad	<https://panlex.org/snapshot/panlex-20191001-csv/3975#51732776>				<https://panlex.org/snapshot/panlex-20191001-csv/3975#51732710>		"haw-ciː"@hdn	
"ǀǀàěː"@sad	<https://panlex.org/snapshot/panlex-20191001-csv/3975#51728976>				<https://panlex.org/snapshot/panlex-20191001-csv/3975#51728926>		"ʡaw-ƛʰah"@hdn	
"kísô-xi̥"@sad	<https://panlex.org/snapshot/panlex-20191001-csv/3975#51733688>				<https://panlex.org/snapshot/panlex-20191001-csv/3975#51733611>		"staŋ"@hdn	
"ǀí"@sad	<https://panlex.org/snapshot/panlex-20191001-csv/3975#51722740>				<https://panlex.org/snapshot/panlex-20191001-csv/3975#51722650>		"qʰaː"@hdn	
"ǀǀʷâ"@sad	<https://panlex.org/snapshot/panlex-20191001-csv/3975#51728707>				<https://panlex.org/snapshot/panlex-20191001-csv/3975#51728647>		"kʰyah"@hdn	
"ǀǀʷâ"@sad	<https://panlex.org/snapshot/panlex-20191001-csv/3975#51728707>				<https://panlex.org/snapshot/panlex-20191001-csv/3975#51728646>		"kʰya.a"@hdn	
"tʰěː"@sad	<https://panlex.org/snapshot/panlex-20191001-csv/3975#51733526>				<https://panlex.org/snapshot/panlex-20191001-csv/3975#51733459>		"qʰiːt"@hdn	
"tʰáméčʰū"@sad	<https://panlex.org/snapshot/panlex-20191001-csv/3975#51734978>				<https://panlex.org/snapshot/panlex-20191001-csv/3975#51734901>		"ca-naː-s"@hdn	
"cʼǒːʔ-tō"@sad	<https://panlex.org/snapshot/panlex-20191001-csv/3975#51731622>				<https://panlex.org/snapshot/panlex-20191001-csv/3975#51731563>		"kʼa-ʔaːn"@hdn	
"ǀǀʼàkásu̥"@sad	<https://panlex.org/snapshot/panlex-20191001-csv/3975#51732353>				<https://panlex.org/snapshot/panlex-20191001-csv/3975#51732278>		"cùːyeː"@hdn	
"=čʰì"@sad	<https://panlex.org/snapshot/panlex-20191001-csv/3975#51729457>				<https://panlex.org/snapshot/panlex-20191001-csv/3975#51729376>		"kam"@hdn	
"=čʰì"@sad	<https://panlex.org/snapshot/panlex-20191001-csv/3975#51729457>				<https://panlex.org/snapshot/panlex-20191001-csv/3975#51729377>		"=.aŋ"@hdn	
"=čʰì"@sad	<https://panlex.org/snapshot/panlex-20191001-csv/3975#51729457>				<https://panlex.org/snapshot/panlex-20191001-csv/3975#51729378>		"=ʔaŋ"@hdn	
"ʔítʰâ"@sad	<https://panlex.org/snapshot/panlex-20191001-csv/3975#51735241>				<https://panlex.org/snapshot/panlex-20191001-csv/3975#51735194>		"ʡakwiː"@hdn	
"ǀʼíná"@sad	<https://panlex.org/snapshot/panlex-20191001-csv/3975#51730554>				<https://panlex.org/snapshot/panlex-20191001-csv/3975#51730497>		"tʰaːs"@hdn	
"ǀʼíná"@sad	<https://panlex.org/snapshot/panlex-20191001-csv/3975#51730554>				<https://panlex.org/snapshot/panlex-20191001-csv/3975#51730498>		"tʰaːc"@hdn	
"ǀʼíná"@sad	<https://panlex.org/snapshot/panlex-20191001-csv/3975#51723655>				<https://panlex.org/snapshot/panlex-20191001-csv/3975#51723593>		"qʼwiː"@hdn	
"bô"@sad	<https://panlex.org/snapshot/panlex-20191001-csv/3975#51730711>				<https://panlex.org/snapshot/panlex-20191001-csv/3975#51730638>		"suː"@hdn	
"bô"@sad	<https://panlex.org/snapshot/panlex-20191001-csv/3975#51730711>				<https://panlex.org/snapshot/panlex-20191001-csv/3975#51730639>		"suː-ta"@hdn	
"ƛʼʷã̂ː"@sad	<https://panlex.org/snapshot/panlex-20191001-csv/3975#51729912>				<https://panlex.org/snapshot/panlex-20191001-csv/3975#51729853>		"tal"@hdn	
"kʼʷẽ̂ː"@sad	<https://panlex.org/snapshot/panlex-20191001-csv/3975#51728842>				<https://panlex.org/snapshot/panlex-20191001-csv/3975#51728788>		"ħil"@hdn	
"sìmé"@sad	<https://panlex.org/snapshot/panlex-20191001-csv/3975#51723364>				<https://panlex.org/snapshot/panlex-20191001-csv/3975#51723307>		"xil-a"@hdn	
"gáwâ"@sad	<https://panlex.org/snapshot/panlex-20191001-csv/3975#51728418>				<https://panlex.org/snapshot/panlex-20191001-csv/3975#51728373>		"ƛʰata.aːw"@hdn	
"híǀǀʼĩ́ː"@sad	<https://panlex.org/snapshot/panlex-20191001-csv/3975#51734011>				<https://panlex.org/snapshot/panlex-20191001-csv/3975#51733957>		"kʼin"@hdn	
"wákʼāː"@sad	<https://panlex.org/snapshot/panlex-20191001-csv/3975#51726727>				<https://panlex.org/snapshot/panlex-20191001-csv/3975#51726667>		"tʰiya"@hdn	
"híkʼi̥"@sad	<https://panlex.org/snapshot/panlex-20191001-csv/3975#51733852>				<https://panlex.org/snapshot/panlex-20191001-csv/3975#51733775>		"qʰaː"@hdn	
"hí=ɳǀáwã́ː"@sad	<https://panlex.org/snapshot/panlex-20191001-csv/3975#51732051>				<https://panlex.org/snapshot/panlex-20191001-csv/3975#51731985>		"kʼaʔiɬtʼaː"@hdn	
"hí=ɳǀáwã́ː"@sad	<https://panlex.org/snapshot/panlex-20191001-csv/3975#51732051>				<https://panlex.org/snapshot/panlex-20191001-csv/3975#51731984>		"kʼa.àyɬtʼaː"@hdn	
"cʼâ"@sad	<https://panlex.org/snapshot/panlex-20191001-csv/3975#51734152>				<https://panlex.org/snapshot/panlex-20191001-csv/3975#51734086>		"ʡanƛ"@hdn	
"cʼâ"@sad	<https://panlex.org/snapshot/panlex-20191001-csv/3975#51734152>				<https://panlex.org/snapshot/panlex-20191001-csv/3975#51734085>		"ʡanƛa"@hdn	
"hó-bê"@sad	<https://panlex.org/snapshot/panlex-20191001-csv/3975#51734533>				<https://panlex.org/snapshot/panlex-20191001-csv/3975#51734467>		"kuː-s"@hdn	
"hó-bê"@sad	<https://panlex.org/snapshot/panlex-20191001-csv/3975#51734533>				<https://panlex.org/snapshot/panlex-20191001-csv/3975#51734468>		"kuː-sta"@hdn	
"čʰã̂ː"@sad	<https://panlex.org/snapshot/panlex-20191001-csv/3975#51724263>				<https://panlex.org/snapshot/panlex-20191001-csv/3975#51724200>		"ʡaːy"@hdn	
"ǀǎː"@sad	<https://panlex.org/snapshot/panlex-20191001-csv/3975#51727152>				<https://panlex.org/snapshot/panlex-20191001-csv/3975#51727090>		"xil"@hdn	
"ɳǀáti̥"@sad	<https://panlex.org/snapshot/panlex-20191001-csv/3975#51729288>				<https://panlex.org/snapshot/panlex-20191001-csv/3975#51729214>		"kʰun"@hdn	
"ɳǀáti̥"@sad	<https://panlex.org/snapshot/panlex-20191001-csv/3975#51729288>				<https://panlex.org/snapshot/panlex-20191001-csv/3975#51729215>		"kʰunn"@hdn	
"máːǀʼâ"@sad	<https://panlex.org/snapshot/panlex-20191001-csv/3975#51727705>				<https://panlex.org/snapshot/panlex-20191001-csv/3975#51727653>		"tʼamm"@hdn	
"ɳǀèméséː"@sad	<https://panlex.org/snapshot/panlex-20191001-csv/3975#51727853>				<https://panlex.org/snapshot/panlex-20191001-csv/3975#51727786>		"ʔiːɬaːŋ"@hdn	
"ǯìgídâ"@sad	<https://panlex.org/snapshot/panlex-20191001-csv/3975#51726257>				<https://panlex.org/snapshot/panlex-20191001-csv/3975#51726194>		"kʼuːka"@hdn	
"ǯìgídâ"@sad	<https://panlex.org/snapshot/panlex-20191001-csv/3975#51726257>				<https://panlex.org/snapshot/panlex-20191001-csv/3975#51726195>		"kʼuːk"@hdn	
"ƛʼũ̂ː"@sad	<https://panlex.org/snapshot/panlex-20191001-csv/3975#51725800>				<https://panlex.org/snapshot/panlex-20191001-csv/3975#51725736>		"sƛʰa"@hdn	
"ƛʼũ̂ː"@sad	<https://panlex.org/snapshot/panlex-20191001-csv/3975#51725800>				<https://panlex.org/snapshot/panlex-20191001-csv/3975#51725737>		"sƛʰaː"@hdn	
"sṹː"@sad	<https://panlex.org/snapshot/panlex-20191001-csv/3975#51734359>				<https://panlex.org/snapshot/panlex-20191001-csv/3975#51734255>		"tʼalaŋ"@hdn	
"sṹː"@sad	<https://panlex.org/snapshot/panlex-20191001-csv/3975#51734359>				<https://panlex.org/snapshot/panlex-20191001-csv/3975#51734256>		"tʼall"@hdn	
"sṹː"@sad	<https://panlex.org/snapshot/panlex-20191001-csv/3975#51734359>				<https://panlex.org/snapshot/panlex-20191001-csv/3975#51734257>		"ʔiːƛʼ"@hdn	
"sṹː"@sad	<https://panlex.org/snapshot/panlex-20191001-csv/3975#51734359>				<https://panlex.org/snapshot/panlex-20191001-csv/3975#51734258>		"ʔiːƛʼa"@hdn	
"ǀʷěː"@sad	<https://panlex.org/snapshot/panlex-20191001-csv/3975#51724121>				<https://panlex.org/snapshot/panlex-20191001-csv/3975#51724049>		"ħaŋʔiː"@hdn	
"ǀʷěː"@sad	<https://panlex.org/snapshot/panlex-20191001-csv/3975#51724121>				<https://panlex.org/snapshot/panlex-20191001-csv/3975#51724048>		"ħaŋ.iː"@hdn	
"ǀʷěː"@sad	<https://panlex.org/snapshot/panlex-20191001-csv/3975#51724121>				<https://panlex.org/snapshot/panlex-20191001-csv/3975#51724047>		"ħaŋ"@hdn	
"tʰúŋkâ"@sad	<https://panlex.org/snapshot/panlex-20191001-csv/3975#51735777>				<https://panlex.org/snapshot/panlex-20191001-csv/3975#51735722>		"kʼwa-ʔaːn"@hdn	
"tʰúŋkâ"@sad	<https://panlex.org/snapshot/panlex-20191001-csv/3975#51735777>				<https://panlex.org/snapshot/panlex-20191001-csv/3975#51735721>		"kʼwa-.aːn"@hdn	
"ƛʼùŋgȕ"@sad	<https://panlex.org/snapshot/panlex-20191001-csv/3975#51722432>				<https://panlex.org/snapshot/panlex-20191001-csv/3975#51722385>		"yaːn"@hdn	
"ɳǀǀíné"@sad	<https://panlex.org/snapshot/panlex-20191001-csv/3975#51727305>				<https://panlex.org/snapshot/panlex-20191001-csv/3975#51727240>		"=.u"@hdn	
"ɳǀǀíné"@sad	<https://panlex.org/snapshot/panlex-20191001-csv/3975#51727305>				<https://panlex.org/snapshot/panlex-20191001-csv/3975#51727239>		"=.u-ta"@hdn	
"tʷěː"@sad	<https://panlex.org/snapshot/panlex-20191001-csv/3975#51729132>				<https://panlex.org/snapshot/panlex-20191001-csv/3975#51729059>		"ʡaːl"@hdn	
"ǀʼěː"@sad	<https://panlex.org/snapshot/panlex-20191001-csv/3975#51730886>				<https://panlex.org/snapshot/panlex-20191001-csv/3975#51730799>		"qʰi-ŋ"@hdn	
"ǀǀǒː"@sad	<https://panlex.org/snapshot/panlex-20191001-csv/3975#51730192>				<https://panlex.org/snapshot/panlex-20191001-csv/3975#51730132>		"kʼyuː"@hdn	
"ʔímbô"@sad	<https://panlex.org/snapshot/panlex-20191001-csv/3975#51730712>				<https://panlex.org/snapshot/panlex-20191001-csv/3975#51730638>		"suː"@hdn	
"ʔímbô"@sad	<https://panlex.org/snapshot/panlex-20191001-csv/3975#51730712>				<https://panlex.org/snapshot/panlex-20191001-csv/3975#51730639>		"suː-ta"@hdn	
"ǀʼĩ̌ː"@sad	<https://panlex.org/snapshot/panlex-20191001-csv/3975#51735924>				<https://panlex.org/snapshot/panlex-20191001-csv/3975#51735856>		"sak"@hdn	
"ǀʼĩ̌ː"@sad	<https://panlex.org/snapshot/panlex-20191001-csv/3975#51735924>				<https://panlex.org/snapshot/panlex-20191001-csv/3975#51735855>		"saka"@hdn	
"mánčʰâ"@sad	<https://panlex.org/snapshot/panlex-20191001-csv/3975#51723825>				<https://panlex.org/snapshot/panlex-20191001-csv/3975#51723743>		"tʰaː"@hdn	
"ǀʼìŋké"@sad	<https://panlex.org/snapshot/panlex-20191001-csv/3975#51721470>				<https://panlex.org/snapshot/panlex-20191001-csv/3975#51721409>		"qʼut"@hdn	
"ǀʼìŋké"@sad	<https://panlex.org/snapshot/panlex-20191001-csv/3975#51721470>				<https://panlex.org/snapshot/panlex-20191001-csv/3975#51721408>		"qʼu"@hdn	
"cʼéː"@sad	<https://panlex.org/snapshot/panlex-20191001-csv/3975#51723224>				<https://panlex.org/snapshot/panlex-20191001-csv/3975#51723145>		"niːɬ"@hdn	
"děː-tʰēː"@sad	<https://panlex.org/snapshot/panlex-20191001-csv/3975#51727997>				<https://panlex.org/snapshot/panlex-20191001-csv/3975#51727936>		"qʰwaːn"@hdn	
"kʰéʔé"@sad	<https://panlex.org/snapshot/panlex-20191001-csv/3975#51726118>				<https://panlex.org/snapshot/panlex-20191001-csv/3975#51726041>		"kut-aŋ"@hdn	
"hǎːkícʼi̥"@sad	<https://panlex.org/snapshot/panlex-20191001-csv/3975#51731172>				<https://panlex.org/snapshot/panlex-20191001-csv/3975#51731092>		"qʼaw"@hdn	
"hǎːkícʼi̥"@sad	<https://panlex.org/snapshot/panlex-20191001-csv/3975#51731172>				<https://panlex.org/snapshot/panlex-20191001-csv/3975#51731091>		"qʼaw-.a"@hdn	
"tʰwǐː"@sad	<https://panlex.org/snapshot/panlex-20191001-csv/3975#51721334>				<https://panlex.org/snapshot/panlex-20191001-csv/3975#51721267>		"ħitʼiːt"@hdn	
"tʰwǐː"@sad	<https://panlex.org/snapshot/panlex-20191001-csv/3975#51721334>				<https://panlex.org/snapshot/panlex-20191001-csv/3975#51721266>		"ħitʔiːt"@hdn	
"ƛǎːsi̥"@sad	<https://panlex.org/snapshot/panlex-20191001-csv/3975#51722907>				<https://panlex.org/snapshot/panlex-20191001-csv/3975#51722834>		"kʼutʼaɬ"@hdn	
"hô"@sad	<https://panlex.org/snapshot/panlex-20191001-csv/3975#51734805>				<https://panlex.org/snapshot/panlex-20191001-csv/3975#51734744>		"kiː-sta"@hdn	
"kẽ̂ː"@sad	<https://panlex.org/snapshot/panlex-20191001-csv/3975#51726867>				<https://panlex.org/snapshot/panlex-20191001-csv/3975#51726814>		"qʼuluː qʰac"@hdn	
"ƛáná"@sad	<https://panlex.org/snapshot/panlex-20191001-csv/3975#51726388>				<https://panlex.org/snapshot/panlex-20191001-csv/3975#51726334>		"nasaːŋaː"@hdn	
