"ساپوهنه"@pbu	<https://panlex.org/snapshot/panlex-20191001-csv/5945#84412338>				<https://panlex.org/snapshot/panlex-20191001-csv/5945#84412352>		"psicologia"@sc	
"بلجيک"@pbu	<https://panlex.org/snapshot/panlex-20191001-csv/5947#84584484>				<https://panlex.org/snapshot/panlex-20191001-csv/5947#84584509>		"Belziu"@sc	
"آب"@pbu	<https://panlex.org/snapshot/panlex-20191001-csv/5947#84886527>				<https://panlex.org/snapshot/panlex-20191001-csv/5947#84886558>		"aba"@sc	
"سپين"@pbu	<https://panlex.org/snapshot/panlex-20191001-csv/5947#84639821>				<https://panlex.org/snapshot/panlex-20191001-csv/5947#84639847>		"abru"@sc	
"انډورا"@pbu	<https://panlex.org/snapshot/panlex-20191001-csv/5939#80718575>				<https://panlex.org/snapshot/panlex-20191001-csv/5939#80718592>		"Andorra"@sc	
"roγtyā"@pbu	<https://panlex.org/snapshot/panlex-20191001-csv/5939#80838899>				<https://panlex.org/snapshot/panlex-20191001-csv/5939#80838913>		"saludu"@sc	
"اينداره"@pbu	<https://panlex.org/snapshot/panlex-20191001-csv/5946#84446281>				<https://panlex.org/snapshot/panlex-20191001-csv/5946#84446313>		"ipiciu"@sc	
"هنداره"@pbu	<https://panlex.org/snapshot/panlex-20191001-csv/5946#84446282>				<https://panlex.org/snapshot/panlex-20191001-csv/5946#84446313>		"ipiciu"@sc	
"روسيه"@pbu	<https://panlex.org/snapshot/panlex-20191001-csv/5949#85319568>				<https://panlex.org/snapshot/panlex-20191001-csv/5949#85319596>		"Rùssia"@sc	
"يروشلم"@pbu	<https://panlex.org/snapshot/panlex-20191001-csv/5949#85309998>				<https://panlex.org/snapshot/panlex-20191001-csv/5949#85310021>		"Gerusalemme"@sc	
"بيت المقدس"@pbu	<https://panlex.org/snapshot/panlex-20191001-csv/5949#85309999>				<https://panlex.org/snapshot/panlex-20191001-csv/5949#85310021>		"Gerusalemme"@sc	
"دوغښ"@pbu	<https://panlex.org/snapshot/panlex-20191001-csv/5949#85332973>				<https://panlex.org/snapshot/panlex-20191001-csv/5949#85332989>		"iferru"@sc	
"قدس"@pbu	<https://panlex.org/snapshot/panlex-20191001-csv/5949#85309997>				<https://panlex.org/snapshot/panlex-20191001-csv/5949#85310021>		"Gerusalemme"@sc	
"تانزانيه"@pbu	<https://panlex.org/snapshot/panlex-20191001-csv/5949#85321642>				<https://panlex.org/snapshot/panlex-20191001-csv/5949#85321659>		"Tanzània"@sc	
"لاتويا"@pbu	<https://panlex.org/snapshot/panlex-20191001-csv/5949#85314351>				<https://panlex.org/snapshot/panlex-20191001-csv/5949#85314376>		"Lettonia"@sc	
"برلين"@pbu	<https://panlex.org/snapshot/panlex-20191001-csv/5949#85302504>				<https://panlex.org/snapshot/panlex-20191001-csv/5949#85302532>		"Berlino"@sc	
"فرانسه"@pbu	<https://panlex.org/snapshot/panlex-20191001-csv/5949#85323645>				<https://panlex.org/snapshot/panlex-20191001-csv/5949#85323670>		"Frantza"@sc	
"قبرص"@pbu	<https://panlex.org/snapshot/panlex-20191001-csv/5949#85312972>				<https://panlex.org/snapshot/panlex-20191001-csv/5949#85312981>		"Tzipru"@sc	
"اګست"@pbu	<https://panlex.org/snapshot/panlex-20191001-csv/5949#85329463>				<https://panlex.org/snapshot/panlex-20191001-csv/5949#85329504>		"aùstu"@sc	
"اګست"@pbu	<https://panlex.org/snapshot/panlex-20191001-csv/5949#85329463>				<https://panlex.org/snapshot/panlex-20191001-csv/5949#85329503>		"agústu"@sc	
"تاريخ"@pbu	<https://panlex.org/snapshot/panlex-20191001-csv/5942#83282306>				<https://panlex.org/snapshot/panlex-20191001-csv/5942#83282324>		"istòria"@sc	
