"ډېر"@pbu	<https://panlex.org/snapshot/panlex-20191001-csv/5946#84442505>				<https://panlex.org/snapshot/panlex-20191001-csv/5946#84442414>		"muolt"@dlm	
"ډېر"@pbu	<https://panlex.org/snapshot/panlex-20191001-csv/5946#84442505>				<https://panlex.org/snapshot/panlex-20191001-csv/5946#84442413>		"mult"@dlm	
"زيات"@pbu	<https://panlex.org/snapshot/panlex-20191001-csv/5946#84442506>				<https://panlex.org/snapshot/panlex-20191001-csv/5946#84442414>		"muolt"@dlm	
"زيات"@pbu	<https://panlex.org/snapshot/panlex-20191001-csv/5946#84442506>				<https://panlex.org/snapshot/panlex-20191001-csv/5946#84442413>		"mult"@dlm	
"خدا [xodā]"@pbu	<https://panlex.org/snapshot/panlex-20191001-csv/5949#85303096>				<https://panlex.org/snapshot/panlex-20191001-csv/5949#85302990>		"Di"@dlm	
"خداوند [xodāwand]"@pbu	<https://panlex.org/snapshot/panlex-20191001-csv/5949#85303095>				<https://panlex.org/snapshot/panlex-20191001-csv/5949#85302990>		"Di"@dlm	
"ربالنوع [rabannaw]"@pbu	<https://panlex.org/snapshot/panlex-20191001-csv/5949#85303097>				<https://panlex.org/snapshot/panlex-20191001-csv/5949#85302990>		"Di"@dlm	
