"ژبه"@pbu	<https://panlex.org/snapshot/panlex-20191001-csv/2129#11694358>				<https://panlex.org/snapshot/panlex-20191001-csv/2129#11694388>		"yinaknan"@war	
"ساپوهنه"@pbu	<https://panlex.org/snapshot/panlex-20191001-csv/5945#84412338>				<https://panlex.org/snapshot/panlex-20191001-csv/5945#84412365>		"psikolohiya"@war	
"سعودي عربستان"@pbu	<https://panlex.org/snapshot/panlex-20191001-csv/5947#84582109>				<https://panlex.org/snapshot/panlex-20191001-csv/5947#84582140>		"Arabya Saudi"@war	
"آب"@pbu	<https://panlex.org/snapshot/panlex-20191001-csv/5947#84886527>				<https://panlex.org/snapshot/panlex-20191001-csv/5947#84886579>		"tubig"@war	
"افغانستان"@pbu	<https://panlex.org/snapshot/panlex-20191001-csv/5947#84579229>				<https://panlex.org/snapshot/panlex-20191001-csv/5947#84579279>		"Afghanistan"@war	
"افغانستان"@pbu	<https://panlex.org/snapshot/panlex-20191001-csv/5947#84579229>				<https://panlex.org/snapshot/panlex-20191001-csv/5947#84579278>		"Afganistan"@war	
"ملګري ملتونه"@pbu	<https://panlex.org/snapshot/panlex-20191001-csv/5940#81285984>				<https://panlex.org/snapshot/panlex-20191001-csv/5940#81286023>		"Nagkaurusa nga mga Nasod"@war	
"ارمنستان"@pbu	<https://panlex.org/snapshot/panlex-20191001-csv/5939#80727991>				<https://panlex.org/snapshot/panlex-20191001-csv/5939#80728021>		"Armenia"@war	
"انډورا"@pbu	<https://panlex.org/snapshot/panlex-20191001-csv/5939#80718575>				<https://panlex.org/snapshot/panlex-20191001-csv/5939#80718608>		"Andorra"@war	
"roγtyā"@pbu	<https://panlex.org/snapshot/panlex-20191001-csv/5939#80838899>				<https://panlex.org/snapshot/panlex-20191001-csv/5939#80838926>		"panlawas"@war	
"آذربائجان"@pbu	<https://panlex.org/snapshot/panlex-20191001-csv/5939#80729745>				<https://panlex.org/snapshot/panlex-20191001-csv/5939#80729777>		"Azerbaijan"@war	
"اينداره"@pbu	<https://panlex.org/snapshot/panlex-20191001-csv/5946#84446281>				<https://panlex.org/snapshot/panlex-20191001-csv/5946#84446350>		"espiho"@war	
"هنداره"@pbu	<https://panlex.org/snapshot/panlex-20191001-csv/5946#84446282>				<https://panlex.org/snapshot/panlex-20191001-csv/5946#84446350>		"espiho"@war	
"قرآن کریم"@pbu	<https://panlex.org/snapshot/panlex-20191001-csv/5949#85313460>				<https://panlex.org/snapshot/panlex-20191001-csv/5949#85313496>		"Coran"@war	
"يمن"@pbu	<https://panlex.org/snapshot/panlex-20191001-csv/5949#85311034>				<https://panlex.org/snapshot/panlex-20191001-csv/5949#85311067>		"Yemen"@war	
"فرات"@pbu	<https://panlex.org/snapshot/panlex-20191001-csv/5949#85308712>				<https://panlex.org/snapshot/panlex-20191001-csv/5949#85308729>		"Eufrates"@war	
"فرات"@pbu	<https://panlex.org/snapshot/panlex-20191001-csv/5949#85308712>				<https://panlex.org/snapshot/panlex-20191001-csv/5949#85308728>		"Euprates"@war	
"آسټراليا"@pbu	<https://panlex.org/snapshot/panlex-20191001-csv/5949#85298202>				<https://panlex.org/snapshot/panlex-20191001-csv/5949#85298252>		"Australya"@war	
"پيرو"@pbu	<https://panlex.org/snapshot/panlex-20191001-csv/5949#85318294>				<https://panlex.org/snapshot/panlex-20191001-csv/5949#85318336>		"Perú"@war	
"پيرو"@pbu	<https://panlex.org/snapshot/panlex-20191001-csv/5949#85318294>				<https://panlex.org/snapshot/panlex-20191001-csv/5949#85318337>		"Peru"@war	
"لاتويا"@pbu	<https://panlex.org/snapshot/panlex-20191001-csv/5949#85314351>				<https://panlex.org/snapshot/panlex-20191001-csv/5949#85314402>		"Letonia"@war	
"سينګاپور"@pbu	<https://panlex.org/snapshot/panlex-20191001-csv/5949#85320568>				<https://panlex.org/snapshot/panlex-20191001-csv/5949#85320612>		"Singapura"@war	
"فلېپين"@pbu	<https://panlex.org/snapshot/panlex-20191001-csv/5949#85323392>				<https://panlex.org/snapshot/panlex-20191001-csv/5949#85323440>		"Pilipinas"@war	
"تاريخ"@pbu	<https://panlex.org/snapshot/panlex-20191001-csv/5942#83282306>				<https://panlex.org/snapshot/panlex-20191001-csv/5942#83282345>		"kasaysayan"@war	
"اطريش"@pbu	<https://panlex.org/snapshot/panlex-20191001-csv/12#925501>				<https://panlex.org/snapshot/panlex-20191001-csv/12#925533>		"Austria"@war	
"اطريش"@pbu	<https://panlex.org/snapshot/panlex-20191001-csv/12#925386>				<https://panlex.org/snapshot/panlex-20191001-csv/12#925418>		"Austria"@war	
"اطريش"@pbu	<https://panlex.org/snapshot/panlex-20191001-csv/12#925616>				<https://panlex.org/snapshot/panlex-20191001-csv/12#925648>		"Austria"@war	
"البانيا"@pbu	<https://panlex.org/snapshot/panlex-20191001-csv/12#919918>				<https://panlex.org/snapshot/panlex-20191001-csv/12#919949>		"Albania"@war	
"بلجيم"@pbu	<https://panlex.org/snapshot/panlex-20191001-csv/12#852739>				<https://panlex.org/snapshot/panlex-20191001-csv/12#852773>		"Belgika"@war	
"بلجيم"@pbu	<https://panlex.org/snapshot/panlex-20191001-csv/10#604357>				<https://panlex.org/snapshot/panlex-20191001-csv/10#604392>		"Belgika"@war	
"ډنمارک"@pbu	<https://panlex.org/snapshot/panlex-20191001-csv/10#573961>				<https://panlex.org/snapshot/panlex-20191001-csv/10#574016>		"Dinamarka"@war	
"هندوستان"@pbu	<https://panlex.org/snapshot/panlex-20191001-csv/10#580176>				<https://panlex.org/snapshot/panlex-20191001-csv/10#580250>		"India"@war	
