"پرشنبه"@ota	<https://panlex.org/snapshot/panlex-20191001-csv/2892#110825657>				<https://panlex.org/snapshot/panlex-20191001-csv/2892#110825425>		"kaskaňé"@rmf	
"پازار"@ota	<https://panlex.org/snapshot/panlex-20191001-csv/2892#110826963>				<https://panlex.org/snapshot/panlex-20191001-csv/2892#110826962>		"kurkó"@rmf	
"چارشنبه"@ota	<https://panlex.org/snapshot/panlex-20191001-csv/2892#110825150>				<https://panlex.org/snapshot/panlex-20191001-csv/2892#110825133>		"siskundé"@rmf	
"جمعه"@ota	<https://panlex.org/snapshot/panlex-20191001-csv/2892#110826019>				<https://panlex.org/snapshot/panlex-20191001-csv/2892#110826055>		"axoró"@rmf	
"صالی"@ota	<https://panlex.org/snapshot/panlex-20191001-csv/2892#110824616>				<https://panlex.org/snapshot/panlex-20191001-csv/2892#110824818>		"gergeré"@rmf	
"جمعه ايرته‌سی"@ota	<https://panlex.org/snapshot/panlex-20191001-csv/2892#110826231>				<https://panlex.org/snapshot/panlex-20191001-csv/2892#110826384>		"končé"@rmf	
"پازار ايرته‌سی"@ota	<https://panlex.org/snapshot/panlex-20191001-csv/2892#110824220>				<https://panlex.org/snapshot/panlex-20191001-csv/2892#110824067>		"lemitré"@rmf	
"مارت"@ota	<https://panlex.org/snapshot/panlex-20191001-csv/2897#110827919>				<https://panlex.org/snapshot/panlex-20191001-csv/2897#110828017>		"kirdaré"@rmf	
"آرالق"@ota	<https://panlex.org/snapshot/panlex-20191001-csv/2897#110831749>				<https://panlex.org/snapshot/panlex-20191001-csv/2897#110831892>		"kendebré"@rmf	
"شباط"@ota	<https://panlex.org/snapshot/panlex-20191001-csv/2897#110827775>				<https://panlex.org/snapshot/panlex-20191001-csv/2897#110827731>		"ibraín"@rmf	
"اكیم"@ota	<https://panlex.org/snapshot/panlex-20191001-csv/2897#110831021>				<https://panlex.org/snapshot/panlex-20191001-csv/2897#110830933>		"oktorbar"@rmf	
"ایلول"@ota	<https://panlex.org/snapshot/panlex-20191001-csv/2897#110830396>				<https://panlex.org/snapshot/panlex-20191001-csv/2897#110830680>		"xetava"@rmf	
"قاسم"@ota	<https://panlex.org/snapshot/panlex-20191001-csv/2897#110831201>				<https://panlex.org/snapshot/panlex-20191001-csv/2897#110831504>		"ňudikoy"@rmf	
"تموز"@ota	<https://panlex.org/snapshot/panlex-20191001-csv/2897#110829719>				<https://panlex.org/snapshot/panlex-20191001-csv/2897#110829564>		"ňuntivé"@rmf	
"اوجاق"@ota	<https://panlex.org/snapshot/panlex-20191001-csv/2897#110827351>				<https://panlex.org/snapshot/panlex-20191001-csv/2897#110827037>		"enerín"@rmf	
"نیسان"@ota	<https://panlex.org/snapshot/panlex-20191001-csv/2897#110828422>				<https://panlex.org/snapshot/panlex-20191001-csv/2897#110828589>		"alpandy"@rmf	
"حزیران"@ota	<https://panlex.org/snapshot/panlex-20191001-csv/2897#110829365>				<https://panlex.org/snapshot/panlex-20191001-csv/2897#110829448>		"ňutivé"@rmf	
"مایس"@ota	<https://panlex.org/snapshot/panlex-20191001-csv/2897#110828919>				<https://panlex.org/snapshot/panlex-20191001-csv/2897#110828868>		"kindalé"@rmf	
"آغستوس"@ota	<https://panlex.org/snapshot/panlex-20191001-csv/2897#110830181>				<https://panlex.org/snapshot/panlex-20191001-csv/2897#110830140>		"kerosto"@rmf	
