"پرشنبه"@ota	<https://panlex.org/snapshot/panlex-20191001-csv/2892#110825657>				<https://panlex.org/snapshot/panlex-20191001-csv/2892#110825504>		"拜四"@nan	
"پازار"@ota	<https://panlex.org/snapshot/panlex-20191001-csv/2892#110826963>				<https://panlex.org/snapshot/panlex-20191001-csv/2892#110826814>		"禮拜"@nan	
"چارشنبه"@ota	<https://panlex.org/snapshot/panlex-20191001-csv/2892#110825150>				<https://panlex.org/snapshot/panlex-20191001-csv/2892#110825076>		"拜三"@nan	
"جمعه"@ota	<https://panlex.org/snapshot/panlex-20191001-csv/2892#110826019>				<https://panlex.org/snapshot/panlex-20191001-csv/2892#110826117>		"拜五"@nan	
"صالی"@ota	<https://panlex.org/snapshot/panlex-20191001-csv/2892#110824616>				<https://panlex.org/snapshot/panlex-20191001-csv/2892#110824535>		"拜二"@nan	
"جمعه ايرته‌سی"@ota	<https://panlex.org/snapshot/panlex-20191001-csv/2892#110826231>				<https://panlex.org/snapshot/panlex-20191001-csv/2892#110826478>		"拜六"@nan	
"پازار ايرته‌سی"@ota	<https://panlex.org/snapshot/panlex-20191001-csv/2892#110824220>				<https://panlex.org/snapshot/panlex-20191001-csv/2892#110824005>		"拜一"@nan	
"مارت"@ota	<https://panlex.org/snapshot/panlex-20191001-csv/2897#110827919>				<https://panlex.org/snapshot/panlex-20191001-csv/2897#110828076>		"三月"@nan	
"آرالق"@ota	<https://panlex.org/snapshot/panlex-20191001-csv/2897#110831749>				<https://panlex.org/snapshot/panlex-20191001-csv/2897#110831626>		"十二月"@nan	
"شباط"@ota	<https://panlex.org/snapshot/panlex-20191001-csv/2897#110827775>				<https://panlex.org/snapshot/panlex-20191001-csv/2897#110827481>		"二月"@nan	
"اكیم"@ota	<https://panlex.org/snapshot/panlex-20191001-csv/2897#110831021>				<https://panlex.org/snapshot/panlex-20191001-csv/2897#110831045>		"十月"@nan	
"ایلول"@ota	<https://panlex.org/snapshot/panlex-20191001-csv/2897#110830396>				<https://panlex.org/snapshot/panlex-20191001-csv/2897#110830640>		"九月"@nan	
"قاسم"@ota	<https://panlex.org/snapshot/panlex-20191001-csv/2897#110831201>				<https://panlex.org/snapshot/panlex-20191001-csv/2897#110831478>		"十一月"@nan	
"تموز"@ota	<https://panlex.org/snapshot/panlex-20191001-csv/2897#110829719>				<https://panlex.org/snapshot/panlex-20191001-csv/2897#110829728>		"七月"@nan	
"اوجاق"@ota	<https://panlex.org/snapshot/panlex-20191001-csv/2897#110827351>				<https://panlex.org/snapshot/panlex-20191001-csv/2897#110827158>		"一月"@nan	
"نیسان"@ota	<https://panlex.org/snapshot/panlex-20191001-csv/2897#110828422>				<https://panlex.org/snapshot/panlex-20191001-csv/2897#110828267>		"四月"@nan	
"حزیران"@ota	<https://panlex.org/snapshot/panlex-20191001-csv/2897#110829365>				<https://panlex.org/snapshot/panlex-20191001-csv/2897#110829267>		"六月"@nan	
"مایس"@ota	<https://panlex.org/snapshot/panlex-20191001-csv/2897#110828919>				<https://panlex.org/snapshot/panlex-20191001-csv/2897#110828950>		"五月"@nan	
"آغستوس"@ota	<https://panlex.org/snapshot/panlex-20191001-csv/2897#110830181>				<https://panlex.org/snapshot/panlex-20191001-csv/2897#110829955>		"八月"@nan	
