"kiiyolia kiilhswa"@mia	<https://panlex.org/snapshot/panlex-20191001-csv/2897#110831384>				<https://panlex.org/snapshot/panlex-20191001-csv/2897#110831447>		"хугдарпӣ"@evn	
"kiiyolia kiilhswa"@mia	<https://panlex.org/snapshot/panlex-20191001-csv/2897#110831384>				<https://panlex.org/snapshot/panlex-20191001-csv/2897#110831188>		"ноябрь"@evn	
"mihšiiwia kiilhswa"@mia	<https://panlex.org/snapshot/panlex-20191001-csv/2897#110830469>				<https://panlex.org/snapshot/panlex-20191001-csv/2897#110830413>		"сентябрь"@evn	
"mihšiiwia kiilhswa"@mia	<https://panlex.org/snapshot/panlex-20191001-csv/2897#110830469>				<https://panlex.org/snapshot/panlex-20191001-csv/2897#110830493>		"сирӯдян"@evn	
"wiihkoowia kiilhswa"@mia	<https://panlex.org/snapshot/panlex-20191001-csv/2897#110829391>				<https://panlex.org/snapshot/panlex-20191001-csv/2897#110829410>		"мучун"@evn	
"wiihkoowia kiilhswa"@mia	<https://panlex.org/snapshot/panlex-20191001-csv/2897#110829391>				<https://panlex.org/snapshot/panlex-20191001-csv/2897#110829439>		"июнь"@evn	
"cecaahkwa kiilhswa"@mia	<https://panlex.org/snapshot/panlex-20191001-csv/2897#110829002>				<https://panlex.org/snapshot/panlex-20191001-csv/2897#110828822>		"со̄нка̄н"@evn	
"cecaahkwa kiilhswa"@mia	<https://panlex.org/snapshot/panlex-20191001-csv/2897#110829002>				<https://panlex.org/snapshot/panlex-20191001-csv/2897#110828974>		"май"@evn	
"šaašakaayolia kiilhswa"@mia	<https://panlex.org/snapshot/panlex-20191001-csv/2897#110830782>				<https://panlex.org/snapshot/panlex-20191001-csv/2897#110831058>		"октябрь"@evn	
"šaašakaayolia kiilhswa"@mia	<https://panlex.org/snapshot/panlex-20191001-csv/2897#110830782>				<https://panlex.org/snapshot/panlex-20191001-csv/2897#110830779>		"угун"@evn	
"mahkoonsa kiilhswa"@mia	<https://panlex.org/snapshot/panlex-20191001-csv/2897#110828210>				<https://panlex.org/snapshot/panlex-20191001-csv/2897#110828127>		"март"@evn	
"mahkoonsa kiilhswa"@mia	<https://panlex.org/snapshot/panlex-20191001-csv/2897#110828210>				<https://panlex.org/snapshot/panlex-20191001-csv/2897#110828145>		"э̄ктэнирэ̄"@evn	
"aanteekwa kiilhswa"@mia	<https://panlex.org/snapshot/panlex-20191001-csv/2897#110828441>				<https://panlex.org/snapshot/panlex-20191001-csv/2897#110828548>		"апрель"@evn	
"ayaapia kiilhswa"@mia	<https://panlex.org/snapshot/panlex-20191001-csv/2897#110827128>				<https://panlex.org/snapshot/panlex-20191001-csv/2897#110827249>		"январь"@evn	
"ayaapia kiilhswa"@mia	<https://panlex.org/snapshot/panlex-20191001-csv/2897#110827128>				<https://panlex.org/snapshot/panlex-20191001-csv/2897#110827041>		"гиравӯн"@evn	
"ayaapeensa kiilhswa"@mia	<https://panlex.org/snapshot/panlex-20191001-csv/2897#110831747>				<https://panlex.org/snapshot/panlex-20191001-csv/2897#110831609>		"декабрь"@evn	
"ayaapeensa kiilhswa"@mia	<https://panlex.org/snapshot/panlex-20191001-csv/2897#110831747>				<https://panlex.org/snapshot/panlex-20191001-csv/2897#110831836>		"откӣ"@evn	
"paaphsaahka niipinwiki"@mia	<https://panlex.org/snapshot/panlex-20191001-csv/2897#110829531>				<https://panlex.org/snapshot/panlex-20191001-csv/2897#110829501>		"иркин"@evn	
"paaphsaahka niipinwiki"@mia	<https://panlex.org/snapshot/panlex-20191001-csv/2897#110829531>				<https://panlex.org/snapshot/panlex-20191001-csv/2897#110829794>		"июль"@evn	
"mahkwa kiilhswa"@mia	<https://panlex.org/snapshot/panlex-20191001-csv/2897#110827539>				<https://panlex.org/snapshot/panlex-20191001-csv/2897#110827453>		"мӣрэ"@evn	
"mahkwa kiilhswa"@mia	<https://panlex.org/snapshot/panlex-20191001-csv/2897#110827539>				<https://panlex.org/snapshot/panlex-20191001-csv/2897#110827849>		"февраль"@evn	
"kišiinkwia kiilhswa"@mia	<https://panlex.org/snapshot/panlex-20191001-csv/2897#110830258>				<https://panlex.org/snapshot/panlex-20191001-csv/2897#110829909>		"иркин"@evn	
"kišiinkwia kiilhswa"@mia	<https://panlex.org/snapshot/panlex-20191001-csv/2897#110830258>				<https://panlex.org/snapshot/panlex-20191001-csv/2897#110829894>		"август"@evn	
