"рузмен"@bdk	<https://panlex.org/snapshot/panlex-20191001-csv/2892#110825853>				<https://panlex.org/snapshot/panlex-20191001-csv/2892#110825760>		"yoma"@ba	
"рузмен"@bdk	<https://panlex.org/snapshot/panlex-20191001-csv/2892#110825853>				<https://panlex.org/snapshot/panlex-20191001-csv/2892#110825953>		"йома"@ba	
"хамиз"@bdk	<https://panlex.org/snapshot/panlex-20191001-csv/2892#110825560>				<https://panlex.org/snapshot/panlex-20191001-csv/2892#110825627>		"kesaźna"@ba	
"хамиз"@bdk	<https://panlex.org/snapshot/panlex-20191001-csv/2892#110825560>				<https://panlex.org/snapshot/panlex-20191001-csv/2892#110825344>		"кесаҙна"@ba	
"шамат"@bdk	<https://panlex.org/snapshot/panlex-20191001-csv/2892#110826410>				<https://panlex.org/snapshot/panlex-20191001-csv/2892#110826225>		"şämbe"@ba	
"шамат"@bdk	<https://panlex.org/snapshot/panlex-20191001-csv/2892#110826410>				<https://panlex.org/snapshot/panlex-20191001-csv/2892#110826271>		"шәмбе"@ba	
"талат"@bdk	<https://panlex.org/snapshot/panlex-20191001-csv/2892#110824692>				<https://panlex.org/snapshot/panlex-20191001-csv/2892#110824538>		"şişämbe"@ba	
"талат"@bdk	<https://panlex.org/snapshot/panlex-20191001-csv/2892#110824692>				<https://panlex.org/snapshot/panlex-20191001-csv/2892#110824672>		"шишәмбе"@ba	
"базар"@bdk	<https://panlex.org/snapshot/panlex-20191001-csv/2892#110826873>				<https://panlex.org/snapshot/panlex-20191001-csv/2892#110826929>		"yäkşämbe"@ba	
"базар"@bdk	<https://panlex.org/snapshot/panlex-20191001-csv/2892#110826873>				<https://panlex.org/snapshot/panlex-20191001-csv/2892#110826925>		"йәкшәмбе"@ba	
"арбагӏ"@bdk	<https://panlex.org/snapshot/panlex-20191001-csv/2892#110825137>				<https://panlex.org/snapshot/panlex-20191001-csv/2892#110824880>		"şarşambı"@ba	
"арбагӏ"@bdk	<https://panlex.org/snapshot/panlex-20191001-csv/2892#110825137>				<https://panlex.org/snapshot/panlex-20191001-csv/2892#110824996>		"шаршамбы"@ba	
"итни"@bdk	<https://panlex.org/snapshot/panlex-20191001-csv/2892#110824278>				<https://panlex.org/snapshot/panlex-20191001-csv/2892#110824245>		"düşämbe"@ba	
"итни"@bdk	<https://panlex.org/snapshot/panlex-20191001-csv/2892#110824278>				<https://panlex.org/snapshot/panlex-20191001-csv/2892#110824406>		"дүшәмбе"@ba	
