"рузмен"@bdk	<https://panlex.org/snapshot/panlex-20191001-csv/2892#110825853>				<https://panlex.org/snapshot/panlex-20191001-csv/2892#110825906>		"ጁምዓ"@har	
"хамиз"@bdk	<https://panlex.org/snapshot/panlex-20191001-csv/2892#110825560>				<https://panlex.org/snapshot/panlex-20191001-csv/2892#110825625>		"ኻሚስ"@har	
"шамат"@bdk	<https://panlex.org/snapshot/panlex-20191001-csv/2892#110826410>				<https://panlex.org/snapshot/panlex-20191001-csv/2892#110826310>		"ሰብቲ"@har	
"талат"@bdk	<https://panlex.org/snapshot/panlex-20191001-csv/2892#110824692>				<https://panlex.org/snapshot/panlex-20191001-csv/2892#110824654>		"ሰለሳ"@har	
"базар"@bdk	<https://panlex.org/snapshot/panlex-20191001-csv/2892#110826873>				<https://panlex.org/snapshot/panlex-20191001-csv/2892#110826999>		"ኣልሓድ"@har	
"арбагӏ"@bdk	<https://panlex.org/snapshot/panlex-20191001-csv/2892#110825137>				<https://panlex.org/snapshot/panlex-20191001-csv/2892#110825127>		"ኣርባዓ"@har	
"итни"@bdk	<https://panlex.org/snapshot/panlex-20191001-csv/2892#110824278>				<https://panlex.org/snapshot/panlex-20191001-csv/2892#110824084>		"ኢስኒን"@har	
