"2 Yahaya"@ha	<https://panlex.org/snapshot/panlex-20191001-csv/6726#111134329>				<https://panlex.org/snapshot/panlex-20191001-csv/6726#111134379>		"Ⅱ Jan"@ht	
"2 Bitrus"@ha	<https://panlex.org/snapshot/panlex-20191001-csv/6726#111133941>				<https://panlex.org/snapshot/panlex-20191001-csv/6726#111133977>		"Ⅱ Piè"@ht	
"1 Bitrus"@ha	<https://panlex.org/snapshot/panlex-20191001-csv/6726#111133766>				<https://panlex.org/snapshot/panlex-20191001-csv/6726#111133866>		"Ⅰ Piè"@ht	
"Afisawa"@ha	<https://panlex.org/snapshot/panlex-20191001-csv/6726#111131969>				<https://panlex.org/snapshot/panlex-20191001-csv/6726#111131978>		"Efezyen"@ht	
"2 Korintiyawa"@ha	<https://panlex.org/snapshot/panlex-20191001-csv/6726#111131648>				<https://panlex.org/snapshot/panlex-20191001-csv/6726#111131665>		"Ⅱ Korentyen"@ht	
"Filibiyawa"@ha	<https://panlex.org/snapshot/panlex-20191001-csv/6726#111132116>				<https://panlex.org/snapshot/panlex-20191001-csv/6726#111132218>		"Filipyen"@ht	
"Matiyu"@ha	<https://panlex.org/snapshot/panlex-20191001-csv/6726#111130598>				<https://panlex.org/snapshot/panlex-20191001-csv/6726#111130573>		"Matye"@ht	
"1 Timoti"@ha	<https://panlex.org/snapshot/panlex-20191001-csv/6726#111132862>				<https://panlex.org/snapshot/panlex-20191001-csv/6726#111132832>		"Ⅰ Timote"@ht	
"Yakubu"@ha	<https://panlex.org/snapshot/panlex-20191001-csv/6726#111133590>				<https://panlex.org/snapshot/panlex-20191001-csv/6726#111133601>		"Jak"@ht	
"Ru’ya ta Yahaya"@ha	<https://panlex.org/snapshot/panlex-20191001-csv/6726#111134803>				<https://panlex.org/snapshot/panlex-20191001-csv/6726#111134708>		"Apokalips"@ht	
"Ru’ya ta Yahaya"@ha	<https://panlex.org/snapshot/panlex-20191001-csv/6726#111134803>				<https://panlex.org/snapshot/panlex-20191001-csv/6726#111134756>		"Revelasyon"@ht	
"Filiman"@ha	<https://panlex.org/snapshot/panlex-20191001-csv/6726#111133368>				<https://panlex.org/snapshot/panlex-20191001-csv/6726#111133386>		"Filemon"@ht	
"2 Timoti"@ha	<https://panlex.org/snapshot/panlex-20191001-csv/6726#111133048>				<https://panlex.org/snapshot/panlex-20191001-csv/6726#111132992>		"Ⅱ Timote"@ht	
"1 Korintiyawa"@ha	<https://panlex.org/snapshot/panlex-20191001-csv/6726#111131450>				<https://panlex.org/snapshot/panlex-20191001-csv/6726#111131465>		"Ⅰ Korentyen"@ht	
"1 Tasalonikawa"@ha	<https://panlex.org/snapshot/panlex-20191001-csv/6726#111132484>				<https://panlex.org/snapshot/panlex-20191001-csv/6726#111132520>		"Ⅰ Tesalonikyen"@ht	
"Ibraniyawa"@ha	<https://panlex.org/snapshot/panlex-20191001-csv/6726#111133429>				<https://panlex.org/snapshot/panlex-20191001-csv/6726#111133482>		"Ebre"@ht	
"1 Yahaya"@ha	<https://panlex.org/snapshot/panlex-20191001-csv/6726#111134096>				<https://panlex.org/snapshot/panlex-20191001-csv/6726#111134075>		"Ⅰ Jan"@ht	
"Kolosiyawa"@ha	<https://panlex.org/snapshot/panlex-20191001-csv/6726#111132420>				<https://panlex.org/snapshot/panlex-20191001-csv/6726#111132394>		"Kolosyen"@ht	
"Luka"@ha	<https://panlex.org/snapshot/panlex-20191001-csv/6726#111130863>				<https://panlex.org/snapshot/panlex-20191001-csv/6726#111130882>		"Lik"@ht	
"3 Yahaya"@ha	<https://panlex.org/snapshot/panlex-20191001-csv/6726#111134382>				<https://panlex.org/snapshot/panlex-20191001-csv/6726#111134518>		"Ⅲ Jan"@ht	
"Yahuza"@ha	<https://panlex.org/snapshot/panlex-20191001-csv/6726#111134594>				<https://panlex.org/snapshot/panlex-20191001-csv/6726#111134675>		"Jid"@ht	
"Titus"@ha	<https://panlex.org/snapshot/panlex-20191001-csv/6726#111133158>				<https://panlex.org/snapshot/panlex-20191001-csv/6726#111133195>		"Tit"@ht	
"Romawa"@ha	<https://panlex.org/snapshot/panlex-20191001-csv/6726#111131294>				<https://panlex.org/snapshot/panlex-20191001-csv/6726#111131316>		"Romen"@ht	
"Ayyukan Manzanni"@ha	<https://panlex.org/snapshot/panlex-20191001-csv/6726#111131237>				<https://panlex.org/snapshot/panlex-20191001-csv/6726#111131155>		"Akdèzapot"@ht	
"Ayyukan Manzanni"@ha	<https://panlex.org/snapshot/panlex-20191001-csv/6726#111131237>				<https://panlex.org/snapshot/panlex-20191001-csv/6726#111131259>		"Travay"@ht	
"Galatiyawa"@ha	<https://panlex.org/snapshot/panlex-20191001-csv/6726#111131772>				<https://panlex.org/snapshot/panlex-20191001-csv/6726#111131924>		"Galasyen"@ht	
"Yahaya"@ha	<https://panlex.org/snapshot/panlex-20191001-csv/6726#111130993>				<https://panlex.org/snapshot/panlex-20191001-csv/6726#111130979>		"Jan"@ht	
"2 Tasalonikawa"@ha	<https://panlex.org/snapshot/panlex-20191001-csv/6726#111132666>				<https://panlex.org/snapshot/panlex-20191001-csv/6726#111132737>		"Ⅱ Tesalonikyen"@ht	
"Sabon Alkawari"@ha	<https://panlex.org/snapshot/panlex-20191001-csv/6726#111134894>				<https://panlex.org/snapshot/panlex-20191001-csv/6726#111134946>		"Nouvo Testaman"@ht	
"Markus"@ha	<https://panlex.org/snapshot/panlex-20191001-csv/6726#111130674>				<https://panlex.org/snapshot/panlex-20191001-csv/6726#111130700>		"Mak"@ht	
"kyanwa"@ha	<https://panlex.org/snapshot/panlex-20191001-csv/2129#11694534>				<https://panlex.org/snapshot/panlex-20191001-csv/2129#11694540>		"chat"@ht	
"Jamus"@ha	<https://panlex.org/snapshot/panlex-20191001-csv/5950#85858359>				<https://panlex.org/snapshot/panlex-20191001-csv/5950#85858358>		"Almay"@ht	
"rairayi"@ha	<https://panlex.org/snapshot/panlex-20191001-csv/5950#85871276>				<https://panlex.org/snapshot/panlex-20191001-csv/5950#85871275>		"sab"@ht	
"ƙwái"@ha	<https://panlex.org/snapshot/panlex-20191001-csv/5947#84707485>				<https://panlex.org/snapshot/panlex-20191001-csv/5947#84707484>		"ze"@ht	
"Isa Almasihu"@ha	<https://panlex.org/snapshot/panlex-20191001-csv/5947#84595523>				<https://panlex.org/snapshot/panlex-20191001-csv/5947#84595522>		"Jezikris"@ht	
"Afghanistan"@ha	<https://panlex.org/snapshot/panlex-20191001-csv/5947#84579155>				<https://panlex.org/snapshot/panlex-20191001-csv/5947#84579154>		"Afganistan"@ht	
"juhurma"@ha	<https://panlex.org/snapshot/panlex-20191001-csv/5947#84782263>				<https://panlex.org/snapshot/panlex-20191001-csv/5947#84782261>		"èg"@ht	
"Litinin لِتِنِنْ Lìtìnîn"@ha	<https://panlex.org/snapshot/panlex-20191001-csv/5947#84803427>				<https://panlex.org/snapshot/panlex-20191001-csv/5947#84803425>		"lendi"@ht	
"bareleur"@ha	<https://panlex.org/snapshot/panlex-20191001-csv/5947#84782262>				<https://panlex.org/snapshot/panlex-20191001-csv/5947#84782261>		"èg"@ht	
"Jamus"@ha	<https://panlex.org/snapshot/panlex-20191001-csv/5939#80782695>				<https://panlex.org/snapshot/panlex-20191001-csv/5939#80782694>		"Almay"@ht	
"matsokaci"@ha	<https://panlex.org/snapshot/panlex-20191001-csv/5946#84446193>				<https://panlex.org/snapshot/panlex-20191001-csv/5946#84446190>		"glas"@ht	
"matsokaci"@ha	<https://panlex.org/snapshot/panlex-20191001-csv/5946#84446193>				<https://panlex.org/snapshot/panlex-20191001-csv/5946#84446189>		"miwa"@ht	
"madubi"@ha	<https://panlex.org/snapshot/panlex-20191001-csv/5946#84446191>				<https://panlex.org/snapshot/panlex-20191001-csv/5946#84446190>		"glas"@ht	
"madubi"@ha	<https://panlex.org/snapshot/panlex-20191001-csv/5946#84446191>				<https://panlex.org/snapshot/panlex-20191001-csv/5946#84446189>		"miwa"@ht	
"boka"@ha	<https://panlex.org/snapshot/panlex-20191001-csv/5946#84446192>				<https://panlex.org/snapshot/panlex-20191001-csv/5946#84446190>		"glas"@ht	
"boka"@ha	<https://panlex.org/snapshot/panlex-20191001-csv/5946#84446192>				<https://panlex.org/snapshot/panlex-20191001-csv/5946#84446189>		"miwa"@ht	
"Asturaliya"@ha	<https://panlex.org/snapshot/panlex-20191001-csv/5949#85298126>				<https://panlex.org/snapshot/panlex-20191001-csv/5949#85298125>		"Ostrali"@ht	
"Állȁh"@ha	<https://panlex.org/snapshot/panlex-20191001-csv/5949#85303018>				<https://panlex.org/snapshot/panlex-20191001-csv/5949#85303017>		"Bondye"@ht	
"Angusta"@ha	<https://panlex.org/snapshot/panlex-20191001-csv/5949#85329357>				<https://panlex.org/snapshot/panlex-20191001-csv/5949#85329354>		"out"@ht	
"Turai"@ha	<https://panlex.org/snapshot/panlex-20191001-csv/5949#85308544>				<https://panlex.org/snapshot/panlex-20191001-csv/5949#85308543>		"Ewòp"@ht	
"Rāshà"@ha	<https://panlex.org/snapshot/panlex-20191001-csv/5949#85319462>				<https://panlex.org/snapshot/panlex-20191001-csv/5949#85319461>		"Risi"@ht	
"Berlin"@ha	<https://panlex.org/snapshot/panlex-20191001-csv/5949#85302434>				<https://panlex.org/snapshot/panlex-20191001-csv/5949#85302433>		"Bèlen"@ht	
"Baibûl"@ha	<https://panlex.org/snapshot/panlex-20191001-csv/5949#85302686>				<https://panlex.org/snapshot/panlex-20191001-csv/5949#85302685>		"Bib"@ht	
"Angushat"@ha	<https://panlex.org/snapshot/panlex-20191001-csv/5949#85329355>				<https://panlex.org/snapshot/panlex-20191001-csv/5949#85329354>		"out"@ht	
"Agusta"@ha	<https://panlex.org/snapshot/panlex-20191001-csv/5949#85329356>				<https://panlex.org/snapshot/panlex-20191001-csv/5949#85329354>		"out"@ht	
"Jamus"@ha	<https://panlex.org/snapshot/panlex-20191001-csv/9#474783>				<https://panlex.org/snapshot/panlex-20191001-csv/9#474782>		"Almay"@ht	
"shíi"@ha	<https://panlex.org/snapshot/panlex-20191001-csv/9#473848>				<https://panlex.org/snapshot/panlex-20191001-csv/9#473847>		"li"@ht	
"lafiya"@ha	<https://panlex.org/snapshot/panlex-20191001-csv/2902#111012059>				<https://panlex.org/snapshot/panlex-20191001-csv/2902#111011985>		"lapè"@ht	
"Tekun Pacific"@ha	<https://panlex.org/snapshot/panlex-20191001-csv/2901#110868021>				<https://panlex.org/snapshot/panlex-20191001-csv/2901#110868059>		"Oseyan Pasifik"@ht	
"Tekun Indiya"@ha	<https://panlex.org/snapshot/panlex-20191001-csv/2901#110867633>				<https://panlex.org/snapshot/panlex-20191001-csv/2901#110867852>		"Oseyan Endyen"@ht	
"Tekun Arctic"@ha	<https://panlex.org/snapshot/panlex-20191001-csv/2901#110867094>				<https://panlex.org/snapshot/panlex-20191001-csv/2901#110867293>		"Oseyan Aktik"@ht	
"Tekun Antarctic"@ha	<https://panlex.org/snapshot/panlex-20191001-csv/2901#110868343>				<https://panlex.org/snapshot/panlex-20191001-csv/2901#110868160>		"Oseyan Antatik"@ht	
"Tekun Atlantic"@ha	<https://panlex.org/snapshot/panlex-20191001-csv/2901#110867442>				<https://panlex.org/snapshot/panlex-20191001-csv/2901#110867517>		"Oseyan Atlantik"@ht	
"Tekun Hindu"@ha	<https://panlex.org/snapshot/panlex-20191001-csv/2901#110867648>				<https://panlex.org/snapshot/panlex-20191001-csv/2901#110867852>		"Oseyan Endyen"@ht	
"Adamu da Hawa’u"@ha	<https://panlex.org/snapshot/panlex-20191001-csv/2906#111019177>				<https://panlex.org/snapshot/panlex-20191001-csv/2906#111019104>		"Adan ak Èv"@ht	
"Denmark"@ha	<https://panlex.org/snapshot/panlex-20191001-csv/10#573892>				<https://panlex.org/snapshot/panlex-20191001-csv/10#573891>		"Dànmak"@ht	
"fénsìṛ"@ha	<https://panlex.org/snapshot/panlex-20191001-csv/3776#91667308>				<https://panlex.org/snapshot/panlex-20191001-csv/3776#91667307>		"kreyon"@ht	
"ISO 639"@ha	<https://panlex.org/snapshot/panlex-20191001-csv/3776#91881355>				<https://panlex.org/snapshot/panlex-20191001-csv/3776#91881354>		"ISO 639"@ht	
"sáyṓ"@ha	<https://panlex.org/snapshot/panlex-20191001-csv/3776#91625572>				<https://panlex.org/snapshot/panlex-20191001-csv/3776#91625571>		"achte"@ht	
"Majalisar ɗinkin duniya"@ha	<https://panlex.org/snapshot/panlex-20191001-csv/2894#111101845>				<https://panlex.org/snapshot/panlex-20191001-csv/2894#111102086>		"Oganizasyon Nasyon Zini"@ht	
"ٲسَبِتْ"@ha	<https://panlex.org/snapshot/panlex-20191001-csv/2892#110826366>				<https://panlex.org/snapshot/panlex-20191001-csv/2892#110826315>		"samdi"@ht	
"جُمَعَ"@ha	<https://panlex.org/snapshot/panlex-20191001-csv/2892#110825757>				<https://panlex.org/snapshot/panlex-20191001-csv/2892#110825934>		"vandredi"@ht	
"ٲلْجُمَعَ"@ha	<https://panlex.org/snapshot/panlex-20191001-csv/2892#110825978>				<https://panlex.org/snapshot/panlex-20191001-csv/2892#110825934>		"vandredi"@ht	
"Littinin"@ha	<https://panlex.org/snapshot/panlex-20191001-csv/2892#110824403>				<https://panlex.org/snapshot/panlex-20191001-csv/2892#110824156>		"lendi"@ht	
"لاَدِ"@ha	<https://panlex.org/snapshot/panlex-20191001-csv/2892#110826743>				<https://panlex.org/snapshot/panlex-20191001-csv/2892#110826897>		"dimanch"@ht	
"Aljimma’a"@ha	<https://panlex.org/snapshot/panlex-20191001-csv/2892#110825877>				<https://panlex.org/snapshot/panlex-20191001-csv/2892#110825934>		"vandredi"@ht	
"Talata"@ha	<https://panlex.org/snapshot/panlex-20191001-csv/2892#110824703>				<https://panlex.org/snapshot/panlex-20191001-csv/2892#110824807>		"madi"@ht	
"Laraba"@ha	<https://panlex.org/snapshot/panlex-20191001-csv/2892#110824864>				<https://panlex.org/snapshot/panlex-20191001-csv/2892#110824990>		"mèkredi"@ht	
"Assabar"@ha	<https://panlex.org/snapshot/panlex-20191001-csv/2892#110826138>				<https://panlex.org/snapshot/panlex-20191001-csv/2892#110826315>		"samdi"@ht	
"لاَرَبَا"@ha	<https://panlex.org/snapshot/panlex-20191001-csv/2892#110825247>				<https://panlex.org/snapshot/panlex-20191001-csv/2892#110824990>		"mèkredi"@ht	
"Aljumma’a"@ha	<https://panlex.org/snapshot/panlex-20191001-csv/2892#110825795>				<https://panlex.org/snapshot/panlex-20191001-csv/2892#110825934>		"vandredi"@ht	
"سَاتِى"@ha	<https://panlex.org/snapshot/panlex-20191001-csv/2892#110826305>				<https://panlex.org/snapshot/panlex-20191001-csv/2892#110826315>		"samdi"@ht	
"سُبْدُ"@ha	<https://panlex.org/snapshot/panlex-20191001-csv/2892#110826212>				<https://panlex.org/snapshot/panlex-20191001-csv/2892#110826315>		"samdi"@ht	
"Alhamis"@ha	<https://panlex.org/snapshot/panlex-20191001-csv/2892#110825470>				<https://panlex.org/snapshot/panlex-20191001-csv/2892#110825456>		"jedi"@ht	
"Assabit"@ha	<https://panlex.org/snapshot/panlex-20191001-csv/2892#110826232>				<https://panlex.org/snapshot/panlex-20191001-csv/2892#110826315>		"samdi"@ht	
"Lahadi"@ha	<https://panlex.org/snapshot/panlex-20191001-csv/2892#110826979>				<https://panlex.org/snapshot/panlex-20191001-csv/2892#110826897>		"dimanch"@ht	
"لَحَدِ"@ha	<https://panlex.org/snapshot/panlex-20191001-csv/2892#110827020>				<https://panlex.org/snapshot/panlex-20191001-csv/2892#110826897>		"dimanch"@ht	
"Ladi"@ha	<https://panlex.org/snapshot/panlex-20191001-csv/2892#110826655>				<https://panlex.org/snapshot/panlex-20191001-csv/2892#110826897>		"dimanch"@ht	
"Assabat"@ha	<https://panlex.org/snapshot/panlex-20191001-csv/2892#110826248>				<https://panlex.org/snapshot/panlex-20191001-csv/2892#110826315>		"samdi"@ht	
"Jumma’a"@ha	<https://panlex.org/snapshot/panlex-20191001-csv/2892#110825759>				<https://panlex.org/snapshot/panlex-20191001-csv/2892#110825934>		"vandredi"@ht	
"Asibit"@ha	<https://panlex.org/snapshot/panlex-20191001-csv/2892#110826485>				<https://panlex.org/snapshot/panlex-20191001-csv/2892#110826315>		"samdi"@ht	
"Asabar"@ha	<https://panlex.org/snapshot/panlex-20191001-csv/2892#110826202>				<https://panlex.org/snapshot/panlex-20191001-csv/2892#110826315>		"samdi"@ht	
"ٲسَبَرْ"@ha	<https://panlex.org/snapshot/panlex-20191001-csv/2892#110826137>				<https://panlex.org/snapshot/panlex-20191001-csv/2892#110826315>		"samdi"@ht	
"ٲلْجِمَعَ"@ha	<https://panlex.org/snapshot/panlex-20191001-csv/2892#110826027>				<https://panlex.org/snapshot/panlex-20191001-csv/2892#110825934>		"vandredi"@ht	
"ٲسَبَتْ"@ha	<https://panlex.org/snapshot/panlex-20191001-csv/2892#110826459>				<https://panlex.org/snapshot/panlex-20191001-csv/2892#110826315>		"samdi"@ht	
"تَلاَتَ"@ha	<https://panlex.org/snapshot/panlex-20191001-csv/2892#110824549>				<https://panlex.org/snapshot/panlex-20191001-csv/2892#110824807>		"madi"@ht	
"ٲسِبِتْ"@ha	<https://panlex.org/snapshot/panlex-20191001-csv/2892#110826392>				<https://panlex.org/snapshot/panlex-20191001-csv/2892#110826315>		"samdi"@ht	
"ٲلْحَمِسْ"@ha	<https://panlex.org/snapshot/panlex-20191001-csv/2892#110825372>				<https://panlex.org/snapshot/panlex-20191001-csv/2892#110825456>		"jedi"@ht	
"لِتِنِنْ"@ha	<https://panlex.org/snapshot/panlex-20191001-csv/2892#110824267>				<https://panlex.org/snapshot/panlex-20191001-csv/2892#110824156>		"lendi"@ht	
"Sati"@ha	<https://panlex.org/snapshot/panlex-20191001-csv/2892#110826447>				<https://panlex.org/snapshot/panlex-20191001-csv/2892#110826315>		"samdi"@ht	
"لِيتِنِنْ"@ha	<https://panlex.org/snapshot/panlex-20191001-csv/2892#110824423>				<https://panlex.org/snapshot/panlex-20191001-csv/2892#110824156>		"lendi"@ht	
"Litinin"@ha	<https://panlex.org/snapshot/panlex-20191001-csv/2892#110824075>				<https://panlex.org/snapshot/panlex-20191001-csv/2892#110824156>		"lendi"@ht	
"Subdu"@ha	<https://panlex.org/snapshot/panlex-20191001-csv/2892#110826161>				<https://panlex.org/snapshot/panlex-20191001-csv/2892#110826315>		"samdi"@ht	
"سِتَمْبَ"@ha	<https://panlex.org/snapshot/panlex-20191001-csv/2897#110830464>				<https://panlex.org/snapshot/panlex-20191001-csv/2897#110830485>		"septanm"@ht	
"دِيسَمْبَ"@ha	<https://panlex.org/snapshot/panlex-20191001-csv/2897#110831785>				<https://panlex.org/snapshot/panlex-20191001-csv/2897#110831566>		"desanm"@ht	
"نُوَمْبَ"@ha	<https://panlex.org/snapshot/panlex-20191001-csv/2897#110831153>				<https://panlex.org/snapshot/panlex-20191001-csv/2897#110831372>		"novanm"@ht	
"دِجَمْبَرْ"@ha	<https://panlex.org/snapshot/panlex-20191001-csv/2897#110831842>				<https://panlex.org/snapshot/panlex-20191001-csv/2897#110831566>		"desanm"@ht	
"Shatumbar"@ha	<https://panlex.org/snapshot/panlex-20191001-csv/2897#110830438>				<https://panlex.org/snapshot/panlex-20191001-csv/2897#110830485>		"septanm"@ht	
"Yuni"@ha	<https://panlex.org/snapshot/panlex-20191001-csv/2897#110829101>				<https://panlex.org/snapshot/panlex-20191001-csv/2897#110829354>		"jen"@ht	
"نُوَمْبَرْ"@ha	<https://panlex.org/snapshot/panlex-20191001-csv/2897#110831368>				<https://panlex.org/snapshot/panlex-20191001-csv/2897#110831372>		"novanm"@ht	
"مَايُ"@ha	<https://panlex.org/snapshot/panlex-20191001-csv/2897#110828901>				<https://panlex.org/snapshot/panlex-20191001-csv/2897#110828795>		"me"@ht	
"Angushat"@ha	<https://panlex.org/snapshot/panlex-20191001-csv/2897#110829941>				<https://panlex.org/snapshot/panlex-20191001-csv/2897#110829921>		"out"@ht	
"Maris"@ha	<https://panlex.org/snapshot/panlex-20191001-csv/2897#110828052>				<https://panlex.org/snapshot/panlex-20191001-csv/2897#110827884>		"mas"@ht	
"Dijambar"@ha	<https://panlex.org/snapshot/panlex-20191001-csv/2897#110831934>				<https://panlex.org/snapshot/panlex-20191001-csv/2897#110831566>		"desanm"@ht	
"Mayu"@ha	<https://panlex.org/snapshot/panlex-20191001-csv/2897#110828905>				<https://panlex.org/snapshot/panlex-20191001-csv/2897#110828795>		"me"@ht	
"ٲنْغُشَتْ"@ha	<https://panlex.org/snapshot/panlex-20191001-csv/2897#110830039>				<https://panlex.org/snapshot/panlex-20191001-csv/2897#110829921>		"out"@ht	
"ڢَبْرَيْرُ"@ha	<https://panlex.org/snapshot/panlex-20191001-csv/2897#110827543>				<https://panlex.org/snapshot/panlex-20191001-csv/2897#110827471>		"fevriye"@ht	
"ٲغُسْتَ"@ha	<https://panlex.org/snapshot/panlex-20191001-csv/2897#110829897>				<https://panlex.org/snapshot/panlex-20191001-csv/2897#110829921>		"out"@ht	
"مَارِسْ"@ha	<https://panlex.org/snapshot/panlex-20191001-csv/2897#110828204>				<https://panlex.org/snapshot/panlex-20191001-csv/2897#110827884>		"mas"@ht	
"Akatubar"@ha	<https://panlex.org/snapshot/panlex-20191001-csv/2897#110831089>				<https://panlex.org/snapshot/panlex-20191001-csv/2897#110830768>		"oktòb"@ht	
"دِيزَمْبَ"@ha	<https://panlex.org/snapshot/panlex-20191001-csv/2897#110831804>				<https://panlex.org/snapshot/panlex-20191001-csv/2897#110831566>		"desanm"@ht	
"Dizamba"@ha	<https://panlex.org/snapshot/panlex-20191001-csv/2897#110831720>				<https://panlex.org/snapshot/panlex-20191001-csv/2897#110831566>		"desanm"@ht	
"يُولِ"@ha	<https://panlex.org/snapshot/panlex-20191001-csv/2897#110829680>				<https://panlex.org/snapshot/panlex-20191001-csv/2897#110829774>		"jiyè"@ht	
"يُونِ"@ha	<https://panlex.org/snapshot/panlex-20191001-csv/2897#110829472>				<https://panlex.org/snapshot/panlex-20191001-csv/2897#110829354>		"jen"@ht	
"Afrilu"@ha	<https://panlex.org/snapshot/panlex-20191001-csv/2897#110828402>				<https://panlex.org/snapshot/panlex-20191001-csv/2897#110828428>		"avril"@ht	
"Yulizi"@ha	<https://panlex.org/snapshot/panlex-20191001-csv/2897#110829759>				<https://panlex.org/snapshot/panlex-20191001-csv/2897#110829774>		"jiyè"@ht	
"Mayibi"@ha	<https://panlex.org/snapshot/panlex-20191001-csv/2897#110828937>				<https://panlex.org/snapshot/panlex-20191001-csv/2897#110828795>		"me"@ht	
"ٲڢْرِيلُ"@ha	<https://panlex.org/snapshot/panlex-20191001-csv/2897#110828668>				<https://panlex.org/snapshot/panlex-20191001-csv/2897#110828428>		"avril"@ht	
"Nuwamba"@ha	<https://panlex.org/snapshot/panlex-20191001-csv/2897#110831222>				<https://panlex.org/snapshot/panlex-20191001-csv/2897#110831372>		"novanm"@ht	
"جُنْ"@ha	<https://panlex.org/snapshot/panlex-20191001-csv/2897#110829335>				<https://panlex.org/snapshot/panlex-20191001-csv/2897#110829354>		"jen"@ht	
"ڢَبَرَاءِر"@ha	<https://panlex.org/snapshot/panlex-20191001-csv/2897#110827851>				<https://panlex.org/snapshot/panlex-20191001-csv/2897#110827471>		"fevriye"@ht	
"Sitamba"@ha	<https://panlex.org/snapshot/panlex-20191001-csv/2897#110830564>				<https://panlex.org/snapshot/panlex-20191001-csv/2897#110830485>		"septanm"@ht	
"سَتُمْبَ"@ha	<https://panlex.org/snapshot/panlex-20191001-csv/2897#110830501>				<https://panlex.org/snapshot/panlex-20191001-csv/2897#110830485>		"septanm"@ht	
"ٲڢْرِلْ"@ha	<https://panlex.org/snapshot/panlex-20191001-csv/2897#110828577>				<https://panlex.org/snapshot/panlex-20191001-csv/2897#110828428>		"avril"@ht	
"Janairu"@ha	<https://panlex.org/snapshot/panlex-20191001-csv/2897#110827267>				<https://panlex.org/snapshot/panlex-20191001-csv/2897#110827125>		"janvye"@ht	
"Jun"@ha	<https://panlex.org/snapshot/panlex-20191001-csv/2897#110829292>				<https://panlex.org/snapshot/panlex-20191001-csv/2897#110829354>		"jen"@ht	
"شَاتُمْبَرْ"@ha	<https://panlex.org/snapshot/panlex-20191001-csv/2897#110830310>				<https://panlex.org/snapshot/panlex-20191001-csv/2897#110830485>		"septanm"@ht	
"Nuwambar"@ha	<https://panlex.org/snapshot/panlex-20191001-csv/2897#110831199>				<https://panlex.org/snapshot/panlex-20191001-csv/2897#110831372>		"novanm"@ht	
"Afril"@ha	<https://panlex.org/snapshot/panlex-20191001-csv/2897#110828504>				<https://panlex.org/snapshot/panlex-20191001-csv/2897#110828428>		"avril"@ht	
"أُكْتوُبَ"@ha	<https://panlex.org/snapshot/panlex-20191001-csv/2897#110830993>				<https://panlex.org/snapshot/panlex-20191001-csv/2897#110830768>		"oktòb"@ht	
"Yuli"@ha	<https://panlex.org/snapshot/panlex-20191001-csv/2897#110829621>				<https://panlex.org/snapshot/panlex-20191001-csv/2897#110829774>		"jiyè"@ht	
"Yunihi"@ha	<https://panlex.org/snapshot/panlex-20191001-csv/2897#110829316>				<https://panlex.org/snapshot/panlex-20191001-csv/2897#110829354>		"jen"@ht	
"Satumba"@ha	<https://panlex.org/snapshot/panlex-20191001-csv/2897#110830638>				<https://panlex.org/snapshot/panlex-20191001-csv/2897#110830485>		"septanm"@ht	
"Dujambar"@ha	<https://panlex.org/snapshot/panlex-20191001-csv/2897#110831930>				<https://panlex.org/snapshot/panlex-20191001-csv/2897#110831566>		"desanm"@ht	
"ٲكَتُوبَر"@ha	<https://panlex.org/snapshot/panlex-20191001-csv/2897#110830744>				<https://panlex.org/snapshot/panlex-20191001-csv/2897#110830768>		"oktòb"@ht	
"دُجَمْبَرْ"@ha	<https://panlex.org/snapshot/panlex-20191001-csv/2897#110831869>				<https://panlex.org/snapshot/panlex-20191001-csv/2897#110831566>		"desanm"@ht	
"Agusta"@ha	<https://panlex.org/snapshot/panlex-20191001-csv/2897#110829906>				<https://panlex.org/snapshot/panlex-20191001-csv/2897#110829921>		"out"@ht	
"Fabrairu"@ha	<https://panlex.org/snapshot/panlex-20191001-csv/2897#110827682>				<https://panlex.org/snapshot/panlex-20191001-csv/2897#110827471>		"fevriye"@ht	
"مَايِبِ"@ha	<https://panlex.org/snapshot/panlex-20191001-csv/2897#110828965>				<https://panlex.org/snapshot/panlex-20191001-csv/2897#110828795>		"me"@ht	
"ٲنْغُسْتَ"@ha	<https://panlex.org/snapshot/panlex-20191001-csv/2897#110830116>				<https://panlex.org/snapshot/panlex-20191001-csv/2897#110829921>		"out"@ht	
"Angusta"@ha	<https://panlex.org/snapshot/panlex-20191001-csv/2897#110829953>				<https://panlex.org/snapshot/panlex-20191001-csv/2897#110829921>		"out"@ht	
"جَنَيْرُ"@ha	<https://panlex.org/snapshot/panlex-20191001-csv/2897#110827201>				<https://panlex.org/snapshot/panlex-20191001-csv/2897#110827125>		"janvye"@ht	
"Disamba"@ha	<https://panlex.org/snapshot/panlex-20191001-csv/2897#110831809>				<https://panlex.org/snapshot/panlex-20191001-csv/2897#110831566>		"desanm"@ht	
"يُونِحِ"@ha	<https://panlex.org/snapshot/panlex-20191001-csv/2897#110829460>				<https://panlex.org/snapshot/panlex-20191001-csv/2897#110829354>		"jen"@ht	
"Oktoba"@ha	<https://panlex.org/snapshot/panlex-20191001-csv/2897#110830735>				<https://panlex.org/snapshot/panlex-20191001-csv/2897#110830768>		"oktòb"@ht	
"يُولِزِ"@ha	<https://panlex.org/snapshot/panlex-20191001-csv/2897#110829740>				<https://panlex.org/snapshot/panlex-20191001-csv/2897#110829774>		"jiyè"@ht	
"Fabara’ir"@ha	<https://panlex.org/snapshot/panlex-20191001-csv/2897#110827855>				<https://panlex.org/snapshot/panlex-20191001-csv/2897#110827471>		"fevriye"@ht	
"Afirka"@ha	<https://panlex.org/snapshot/panlex-20191001-csv/2891#110853138>				<https://panlex.org/snapshot/panlex-20191001-csv/2891#110853209>		"Afrik"@ht	
"Afrika"@ha	<https://panlex.org/snapshot/panlex-20191001-csv/2891#110853114>				<https://panlex.org/snapshot/panlex-20191001-csv/2891#110853209>		"Afrik"@ht	
"Turai"@ha	<https://panlex.org/snapshot/panlex-20191001-csv/2891#110854092>				<https://panlex.org/snapshot/panlex-20191001-csv/2891#110854091>		"Ewòp"@ht	
"Antarktic"@ha	<https://panlex.org/snapshot/panlex-20191001-csv/2891#110853767>				<https://panlex.org/snapshot/panlex-20191001-csv/2891#110853668>		"Antatik"@ht	
"Uzungu"@ha	<https://panlex.org/snapshot/panlex-20191001-csv/2891#110854275>				<https://panlex.org/snapshot/panlex-20191001-csv/2891#110854091>		"Ewòp"@ht	
"Ulaya"@ha	<https://panlex.org/snapshot/panlex-20191001-csv/2891#110854057>				<https://panlex.org/snapshot/panlex-20191001-csv/2891#110854091>		"Ewòp"@ht	
"Tudu"@ha	<https://panlex.org/snapshot/panlex-20191001-csv/2891#110853162>				<https://panlex.org/snapshot/panlex-20191001-csv/2891#110853209>		"Afrik"@ht	
"Asia"@ha	<https://panlex.org/snapshot/panlex-20191001-csv/2891#110853941>				<https://panlex.org/snapshot/panlex-20191001-csv/2891#110853920>		"Azi"@ht	
"Asiya"@ha	<https://panlex.org/snapshot/panlex-20191001-csv/2891#110853815>				<https://panlex.org/snapshot/panlex-20191001-csv/2891#110853920>		"Azi"@ht	
"Amerika"@ha	<https://panlex.org/snapshot/panlex-20191001-csv/2891#110853369>				<https://panlex.org/snapshot/panlex-20191001-csv/2891#110853511>		"Amerik"@ht	
"Amirka"@ha	<https://panlex.org/snapshot/panlex-20191001-csv/2891#110853527>				<https://panlex.org/snapshot/panlex-20191001-csv/2891#110853511>		"Amerik"@ht	
"masallaci"@ha	<https://panlex.org/snapshot/panlex-20191001-csv/2899#111113581>				<https://panlex.org/snapshot/panlex-20191001-csv/2899#111113484>		"moske"@ht	
"Annabi Musa"@ha	<https://panlex.org/snapshot/panlex-20191001-csv/2899#111111939>				<https://panlex.org/snapshot/panlex-20191001-csv/2899#111111910>		"Moyiz"@ht	
"Attaura"@ha	<https://panlex.org/snapshot/panlex-20191001-csv/2899#111111751>				<https://panlex.org/snapshot/panlex-20191001-csv/2899#111111791>		"Tora"@ht	
"Annabi Muhammad"@ha	<https://panlex.org/snapshot/panlex-20191001-csv/2899#111113446>				<https://panlex.org/snapshot/panlex-20191001-csv/2899#111113448>		"Maomèt"@ht	
"Isa Almasihu"@ha	<https://panlex.org/snapshot/panlex-20191001-csv/2899#111112747>				<https://panlex.org/snapshot/panlex-20191001-csv/2899#111112737>		"Jezikris"@ht	
"Kiristanci"@ha	<https://panlex.org/snapshot/panlex-20191001-csv/2899#111112195>				<https://panlex.org/snapshot/panlex-20191001-csv/2899#111112247>		"Krisyanis"@ht	
"Yahudanci"@ha	<https://panlex.org/snapshot/panlex-20191001-csv/2899#111111507>				<https://panlex.org/snapshot/panlex-20191001-csv/2899#111111496>		"Jidayis"@ht	
"Alƙurani"@ha	<https://panlex.org/snapshot/panlex-20191001-csv/2899#111113273>				<https://panlex.org/snapshot/panlex-20191001-csv/2899#111113219>		"Koran"@ht	
"Banasare"@ha	<https://panlex.org/snapshot/panlex-20191001-csv/2899#111112334>				<https://panlex.org/snapshot/panlex-20191001-csv/2899#111112360>		"Kretyen"@ht	
"Islama"@ha	<https://panlex.org/snapshot/panlex-20191001-csv/2899#111113005>				<https://panlex.org/snapshot/panlex-20191001-csv/2899#111112996>		"Islam"@ht	
"Islama"@ha	<https://panlex.org/snapshot/panlex-20191001-csv/2899#111113005>				<https://panlex.org/snapshot/panlex-20191001-csv/2899#111113012>		"Islamis"@ht	
"Bayahude"@ha	<https://panlex.org/snapshot/panlex-20191001-csv/2899#111111659>				<https://panlex.org/snapshot/panlex-20191001-csv/2899#111111724>		"Jwif"@ht	
"Musulunci"@ha	<https://panlex.org/snapshot/panlex-20191001-csv/2899#111112961>				<https://panlex.org/snapshot/panlex-20191001-csv/2899#111112996>		"Islam"@ht	
"Musulunci"@ha	<https://panlex.org/snapshot/panlex-20191001-csv/2899#111112961>				<https://panlex.org/snapshot/panlex-20191001-csv/2899#111113012>		"Islamis"@ht	
"Baibul"@ha	<https://panlex.org/snapshot/panlex-20191001-csv/2899#111112470>				<https://panlex.org/snapshot/panlex-20191001-csv/2899#111112463>		"Bib"@ht	
"Addini na Ibrahim"@ha	<https://panlex.org/snapshot/panlex-20191001-csv/2899#111113645>				<https://panlex.org/snapshot/panlex-20191001-csv/2899#111113725>		"Relijyon abrahamik"@ht	
"Musulmi"@ha	<https://panlex.org/snapshot/panlex-20191001-csv/2899#111113137>				<https://panlex.org/snapshot/panlex-20191001-csv/2899#111113082>		"Mizilman"@ht	
"coci"@ha	<https://panlex.org/snapshot/panlex-20191001-csv/2899#111112782>				<https://panlex.org/snapshot/panlex-20191001-csv/2899#111112770>		"legliz"@ht	
