"Aköl de Ŋuan"@din	<https://panlex.org/snapshot/panlex-20191001-csv/2892#110825225>				<https://panlex.org/snapshot/panlex-20191001-csv/2892#110825211>		"мичӏикӏоб-цӏоболӏи"@ani	
"Aköl de Ŋuan"@din	<https://panlex.org/snapshot/panlex-20191001-csv/2892#110825225>				<https://panlex.org/snapshot/panlex-20191001-csv/2892#110825152>		"арбаи"@ani	
"Aköl de Dhetem"@din	<https://panlex.org/snapshot/panlex-20191001-csv/2892#110825693>				<https://panlex.org/snapshot/panlex-20191001-csv/2892#110826067>		"рузман"@ani	
"Aköl de Dhetem"@din	<https://panlex.org/snapshot/panlex-20191001-csv/2892#110825693>				<https://panlex.org/snapshot/panlex-20191001-csv/2892#110825752>		"рузмал"@ani	
"Aköl de Rou"@din	<https://panlex.org/snapshot/panlex-20191001-csv/2892#110824414>				<https://panlex.org/snapshot/panlex-20191001-csv/2892#110824054>		"йегьайчӏи"@ani	
"Aköl de Rou"@din	<https://panlex.org/snapshot/panlex-20191001-csv/2892#110824414>				<https://panlex.org/snapshot/panlex-20191001-csv/2892#110824322>		"итни"@ani	
"Aköl de Dhiëc"@din	<https://panlex.org/snapshot/panlex-20191001-csv/2892#110825311>				<https://panlex.org/snapshot/panlex-20191001-csv/2892#110825335>		"хамизи"@ani	
"Aköl de Dhiëc"@din	<https://panlex.org/snapshot/panlex-20191001-csv/2892#110825311>				<https://panlex.org/snapshot/panlex-20191001-csv/2892#110825413>		"йокьидиси"@ani	
"Aköl de Tök"@din	<https://panlex.org/snapshot/panlex-20191001-csv/2892#110826621>				<https://panlex.org/snapshot/panlex-20191001-csv/2892#110826956>		"гьатӏан"@ani	
"Aköl de Tök"@din	<https://panlex.org/snapshot/panlex-20191001-csv/2892#110826621>				<https://panlex.org/snapshot/panlex-20191001-csv/2892#110826580>		"цӏобол"@ani	
"Aköl de Diäk"@din	<https://panlex.org/snapshot/panlex-20191001-csv/2892#110824479>				<https://panlex.org/snapshot/panlex-20191001-csv/2892#110824556>		"талати"@ani	
"Aköl de Diäk"@din	<https://panlex.org/snapshot/panlex-20191001-csv/2892#110824479>				<https://panlex.org/snapshot/panlex-20191001-csv/2892#110824648>		"цӏерсуб"@ani	
"Aköl de Dhorou"@din	<https://panlex.org/snapshot/panlex-20191001-csv/2892#110826428>				<https://panlex.org/snapshot/panlex-20191001-csv/2892#110826534>		"шамати"@ani	
