"aləkkəʔ"@bug	<https://panlex.org/snapshot/panlex-20191001-csv/114#8057823>				<https://panlex.org/snapshot/panlex-20191001-csv/114#8057985>		"netren"@lzl	
"baua"@bug	<https://panlex.org/snapshot/panlex-20191001-csv/114#8058330>				<https://panlex.org/snapshot/panlex-20191001-csv/114#8058500>		"daba(x)an"@lzl	
"man-nawa nawa"@bug	<https://panlex.org/snapshot/panlex-20191001-csv/114#8061966>				<https://panlex.org/snapshot/panlex-20191001-csv/114#8062109>		"nsəmnsəm"@lzl	
"man-nawa nawa"@bug	<https://panlex.org/snapshot/panlex-20191001-csv/114#8061966>				<https://panlex.org/snapshot/panlex-20191001-csv/114#8062110>		"var"@lzl	
"abio"@bug	<https://panlex.org/snapshot/panlex-20191001-csv/114#8052246>				<https://panlex.org/snapshot/panlex-20191001-csv/114#8052387>		"xəmir"@lzl	
"joppa"@bug	<https://panlex.org/snapshot/panlex-20191001-csv/114#8053753>				<https://panlex.org/snapshot/panlex-20191001-csv/114#8053943>		"seso"@lzl	
"joppa"@bug	<https://panlex.org/snapshot/panlex-20191001-csv/114#8053753>				<https://panlex.org/snapshot/panlex-20191001-csv/114#8053942>		"lungolung"@lzl	
"joppa"@bug	<https://panlex.org/snapshot/panlex-20191001-csv/114#8053753>				<https://panlex.org/snapshot/panlex-20191001-csv/114#8053941>		"ilel"@lzl	
"uli"@bug	<https://panlex.org/snapshot/panlex-20191001-csv/114#8057307>				<https://panlex.org/snapshot/panlex-20191001-csv/114#8057468>		"nevnen"@lzl	
"lima"@bug	<https://panlex.org/snapshot/panlex-20191001-csv/114#8051687>				<https://panlex.org/snapshot/panlex-20191001-csv/114#8051873>		"nəverən"@lzl	
"gəmməʔ"@bug	<https://panlex.org/snapshot/panlex-20191001-csv/114#8064544>				<https://panlex.org/snapshot/panlex-20191001-csv/114#8064717>		"naansvələn (batən)"@lzl	
"monri"@bug	<https://panlex.org/snapshot/panlex-20191001-csv/114#8057824>				<https://panlex.org/snapshot/panlex-20191001-csv/114#8057985>		"netren"@lzl	
"lao komai"@bug	<https://panlex.org/snapshot/panlex-20191001-csv/114#8054815>				<https://panlex.org/snapshot/panlex-20191001-csv/114#8054984>		"velet"@lzl	
"lao komai"@bug	<https://panlex.org/snapshot/panlex-20191001-csv/114#8054815>				<https://panlex.org/snapshot/panlex-20191001-csv/114#8054983>		"vale"@lzl	
