"meong"@bug	<https://panlex.org/snapshot/panlex-20191001-csv/2129#11694504>				<https://panlex.org/snapshot/panlex-20191001-csv/2129#11694488>		"kat"@af	
"Jerman"@bug	<https://panlex.org/snapshot/panlex-20191001-csv/5950#85858332>				<https://panlex.org/snapshot/panlex-20191001-csv/5950#85858324>		"Duitsland"@af	
"Belgia"@bug	<https://panlex.org/snapshot/panlex-20191001-csv/5947#84584354>				<https://panlex.org/snapshot/panlex-20191001-csv/5947#84584327>		"België"@af	
"Afganistan"@bug	<https://panlex.org/snapshot/panlex-20191001-csv/5939#80708807>				<https://panlex.org/snapshot/panlex-20191001-csv/5939#80708799>		"Afghanistan"@af	
"Jerman"@bug	<https://panlex.org/snapshot/panlex-20191001-csv/5939#80782655>				<https://panlex.org/snapshot/panlex-20191001-csv/5939#80782635>		"Duitsland"@af	
"Andorra"@bug	<https://panlex.org/snapshot/panlex-20191001-csv/5939#80718511>				<https://panlex.org/snapshot/panlex-20191001-csv/5939#80718501>		"Andorra"@af	
"Russia"@bug	<https://panlex.org/snapshot/panlex-20191001-csv/5949#85319413>				<https://panlex.org/snapshot/panlex-20191001-csv/5949#85319378>		"Rusland"@af	
"Filipina"@bug	<https://panlex.org/snapshot/panlex-20191001-csv/5949#85323299>				<https://panlex.org/snapshot/panlex-20191001-csv/5949#85323280>		"Filippyne"@af	
"Jerman"@bug	<https://panlex.org/snapshot/panlex-20191001-csv/9#474750>				<https://panlex.org/snapshot/panlex-20191001-csv/9#474738>		"Duitsland"@af	
"Afganistan"@bug	<https://panlex.org/snapshot/panlex-20191001-csv/9#499141>				<https://panlex.org/snapshot/panlex-20191001-csv/9#499134>		"Afghanistan"@af	
"Andorra"@bug	<https://panlex.org/snapshot/panlex-20191001-csv/9#526200>				<https://panlex.org/snapshot/panlex-20191001-csv/9#526192>		"Andorra"@af	
"Malaysia"@bug	<https://panlex.org/snapshot/panlex-20191001-csv/12#896067>				<https://panlex.org/snapshot/panlex-20191001-csv/12#896061>		"Maleisië"@af	
"ma-pute"@bug	<https://panlex.org/snapshot/panlex-20191001-csv/3776#91666600>				<https://panlex.org/snapshot/panlex-20191001-csv/3776#91666591>		"wit"@af	
"bale"@bug	<https://panlex.org/snapshot/panlex-20191001-csv/3776#91600649>				<https://panlex.org/snapshot/panlex-20191001-csv/3776#91600622>		"vis"@af	
"eso ahai"@bug	<https://panlex.org/snapshot/panlex-20191001-csv/2892#110826911>				<https://panlex.org/snapshot/panlex-20191001-csv/2892#110826788>		"Sondag"@af	
"kamisi"@bug	<https://panlex.org/snapshot/panlex-20191001-csv/2892#110825341>				<https://panlex.org/snapshot/panlex-20191001-csv/2892#110825292>		"Donderdag"@af	
"ᨕᨑᨅ"@bug	<https://panlex.org/snapshot/panlex-20191001-csv/2892#110825261>				<https://panlex.org/snapshot/panlex-20191001-csv/2892#110825145>		"Woensdag"@af	
"ᨕᨙᨔᨙᨊᨙ"@bug	<https://panlex.org/snapshot/panlex-20191001-csv/2892#110824082>				<https://panlex.org/snapshot/panlex-20191001-csv/2892#110824051>		"Maandag"@af	
"ᨀᨆᨗᨔᨗ"@bug	<https://panlex.org/snapshot/panlex-20191001-csv/2892#110825501>				<https://panlex.org/snapshot/panlex-20191001-csv/2892#110825292>		"Donderdag"@af	
"ᨔᨒᨔ"@bug	<https://panlex.org/snapshot/panlex-20191001-csv/2892#110824583>				<https://panlex.org/snapshot/panlex-20191001-csv/2892#110824670>		"Dinsdag"@af	
"ésénéng"@bug	<https://panlex.org/snapshot/panlex-20191001-csv/2892#110824055>				<https://panlex.org/snapshot/panlex-20191001-csv/2892#110824051>		"Maandag"@af	
"juma"@bug	<https://panlex.org/snapshot/panlex-20191001-csv/2892#110826124>				<https://panlex.org/snapshot/panlex-20191001-csv/2892#110826086>		"Vrydag"@af	
"salasa"@bug	<https://panlex.org/snapshot/panlex-20191001-csv/2892#110824600>				<https://panlex.org/snapshot/panlex-20191001-csv/2892#110824670>		"Dinsdag"@af	
"ᨍᨘᨆ"@bug	<https://panlex.org/snapshot/panlex-20191001-csv/2892#110825896>				<https://panlex.org/snapshot/panlex-20191001-csv/2892#110826086>		"Vrydag"@af	
"araba"@bug	<https://panlex.org/snapshot/panlex-20191001-csv/2892#110825166>				<https://panlex.org/snapshot/panlex-20191001-csv/2892#110825145>		"Woensdag"@af	
"ᨔᨈᨘ"@bug	<https://panlex.org/snapshot/panlex-20191001-csv/2892#110826544>				<https://panlex.org/snapshot/panlex-20191001-csv/2892#110826217>		"Saterdag"@af	
"ᨕᨛᨔᨚ ᨕᨖᨕᨗ"@bug	<https://panlex.org/snapshot/panlex-20191001-csv/2892#110826688>				<https://panlex.org/snapshot/panlex-20191001-csv/2892#110826788>		"Sondag"@af	
"satung"@bug	<https://panlex.org/snapshot/panlex-20191001-csv/2892#110826532>				<https://panlex.org/snapshot/panlex-20191001-csv/2892#110826217>		"Saterdag"@af	
