"komad-ʼaʁa"@plg	<https://panlex.org/snapshot/panlex-20191001-csv/1573#50084043>				<https://panlex.org/snapshot/panlex-20191001-csv/1573#50083905>		"takina"@crt	
"ʼɲači"@plg	<https://panlex.org/snapshot/panlex-20191001-csv/1573#50088493>				<https://panlex.org/snapshot/panlex-20191001-csv/1573#50088273>		"tewak"@crt	
"l-ʼopiʔ-yaʁaki"@plg	<https://panlex.org/snapshot/panlex-20191001-csv/1573#50089085>				<https://panlex.org/snapshot/panlex-20191001-csv/1573#50088902>		"tokkiʔ"@crt	
"wiaḳ"@plg	<https://panlex.org/snapshot/panlex-20191001-csv/1573#50089831>				<https://panlex.org/snapshot/panlex-20191001-csv/1573#50089692>		"linaʔ"@crt	
"piyem"@plg	<https://panlex.org/snapshot/panlex-20191001-csv/1573#50091197>				<https://panlex.org/snapshot/panlex-20191001-csv/1573#50091088>		"poleʔ"@crt	
"ʔaʼlewa"@plg	<https://panlex.org/snapshot/panlex-20191001-csv/1573#50082170>				<https://panlex.org/snapshot/panlex-20191001-csv/1573#50082017>		"axnat"@crt	
"ʔaʼlewa"@plg	<https://panlex.org/snapshot/panlex-20191001-csv/1573#50082502>				<https://panlex.org/snapshot/panlex-20191001-csv/1573#50082339>		"axnat"@crt	
"l-ʔiʼyilaʁa-so"@plg	<https://panlex.org/snapshot/panlex-20191001-csv/1573#50088756>				<https://panlex.org/snapshot/panlex-20191001-csv/1573#50088667>		"ofʷatakiʔ"@crt	
"l-awak"@plg	<https://panlex.org/snapshot/panlex-20191001-csv/1573#50085558>				<https://panlex.org/snapshot/panlex-20191001-csv/1573#50085440>		"ixwo"@crt	
"pogaʁanaʁa"@plg	<https://panlex.org/snapshot/panlex-20191001-csv/1573#50083336>				<https://panlex.org/snapshot/panlex-20191001-csv/1573#50083216>		"isye"@crt	
"lačiiyi"@plg	<https://panlex.org/snapshot/panlex-20191001-csv/1573#50089370>				<https://panlex.org/snapshot/panlex-20191001-csv/1573#50089243>		"naxe"@crt	
"ʼnʔonaʁa"@plg	<https://panlex.org/snapshot/panlex-20191001-csv/1573#50084370>				<https://panlex.org/snapshot/panlex-20191001-csv/1573#50084199>		"fʷex"@crt	
"ʔeʼnaa-yaʁa"@plg	<https://panlex.org/snapshot/panlex-20191001-csv/1573#50082784>				<https://panlex.org/snapshot/panlex-20191001-csv/1573#50082655>		"lamak"@crt	
"ḳasoʁonaʁa"@plg	<https://panlex.org/snapshot/panlex-20191001-csv/1573#50083697>				<https://panlex.org/snapshot/panlex-20191001-csv/1573#50083508>		"takixnakiʔ"@crt	
"diʔ ʔepaḳ"@plg	<https://panlex.org/snapshot/panlex-20191001-csv/1573#50090359>				<https://panlex.org/snapshot/panlex-20191001-csv/1573#50090231>		"alaʔ"@crt	
"l-ʔalii"@plg	<https://panlex.org/snapshot/panlex-20191001-csv/1573#50086609>				<https://panlex.org/snapshot/panlex-20191001-csv/1573#50086510>		"-satyuʔ"@crt	
"naʔ ʔipaḳ"@plg	<https://panlex.org/snapshot/panlex-20191001-csv/1573#50090360>				<https://panlex.org/snapshot/panlex-20191001-csv/1573#50090231>		"alaʔ"@crt	
"hadaʔ ʔipaḳ"@plg	<https://panlex.org/snapshot/panlex-20191001-csv/1573#50090107>				<https://panlex.org/snapshot/panlex-20191001-csv/1573#50089983>		"alaʔ"@crt	
"l-oʁo-ge"@plg	<https://panlex.org/snapshot/panlex-20191001-csv/1573#50085276>				<https://panlex.org/snapshot/panlex-20191001-csv/1573#50085116>		"tewk takinaʔ"@crt	
"hadaʔ ʔepaḳ"@plg	<https://panlex.org/snapshot/panlex-20191001-csv/1573#50090106>				<https://panlex.org/snapshot/panlex-20191001-csv/1573#50089983>		"alaʔ"@crt	
"ḳaʔ"@plg	<https://panlex.org/snapshot/panlex-20191001-csv/1573#50090714>				<https://panlex.org/snapshot/panlex-20191001-csv/1573#50090526>		"-poy"@crt	
"noʁop"@plg	<https://panlex.org/snapshot/panlex-20191001-csv/1573#50085803>				<https://panlex.org/snapshot/panlex-20191001-csv/1573#50085683>		"anat"@crt	
"senal"@plg	<https://panlex.org/snapshot/panlex-20191001-csv/1573#50083085>				<https://panlex.org/snapshot/panlex-20191001-csv/1573#50082931>		"isat"@crt	
"hasoʔ kʔaten-a"@plg	<https://panlex.org/snapshot/panlex-20191001-csv/1573#50091456>				<https://panlex.org/snapshot/panlex-20191001-csv/1573#50091339>		"kilay"@crt	
"le-ʼpaʁa"@plg	<https://panlex.org/snapshot/panlex-20191001-csv/1573#50087780>				<https://panlex.org/snapshot/panlex-20191001-csv/1573#50087668>		"anat-isawompe"@crt	
"n-ʔiki-aʁa"@plg	<https://panlex.org/snapshot/panlex-20191001-csv/1573#50090980>				<https://panlex.org/snapshot/panlex-20191001-csv/1573#50090888>		"axnat-tiwesi"@crt	
