"ñipən"@lhn	<https://panlex.org/snapshot/panlex-20191001-csv/114#8067284>				<https://panlex.org/snapshot/panlex-20191001-csv/114#8067067>		"waLis"@ami	
"kənuʔa"@lhn	<https://panlex.org/snapshot/panlex-20191001-csv/114#8064165>				<https://panlex.org/snapshot/panlex-20191001-csv/114#8063958>		"liqer"@ami	
"kənuʔa"@lhn	<https://panlex.org/snapshot/panlex-20191001-csv/114#8064165>				<https://panlex.org/snapshot/panlex-20191001-csv/114#8063959>		"liʕer"@ami	
"taʔo"@lhn	<https://panlex.org/snapshot/panlex-20191001-csv/114#8052837>				<https://panlex.org/snapshot/panlex-20191001-csv/114#8052667>		"kawanan"@ami	
"likut"@lhn	<https://panlex.org/snapshot/panlex-20191001-csv/114#8057970>				<https://panlex.org/snapshot/panlex-20191001-csv/114#8057778>		"kulur"@ami	
"likut"@lhn	<https://panlex.org/snapshot/panlex-20191001-csv/114#8057970>				<https://panlex.org/snapshot/panlex-20191001-csv/114#8057777>		"koror"@ami	
"məjat iʔik"@lhn	<https://panlex.org/snapshot/panlex-20191001-csv/114#8065753>				<https://panlex.org/snapshot/panlex-20191001-csv/114#8065589>		"saslaʕan"@ami	
"kuhoŋ"@lhn	<https://panlex.org/snapshot/panlex-20191001-csv/114#8063621>				<https://panlex.org/snapshot/panlex-20191001-csv/114#8063405>		"tangar"@ami	
"kuhoŋ"@lhn	<https://panlex.org/snapshot/panlex-20191001-csv/114#8063621>				<https://panlex.org/snapshot/panlex-20191001-csv/114#8063404>		"fuŋoh"@ami	
"b|lakaw"@lhn	<https://panlex.org/snapshot/panlex-20191001-csv/114#8053925>				<https://panlex.org/snapshot/panlex-20191001-csv/114#8053692>		"l-um-akat"@ami	
"b|lakaw"@lhn	<https://panlex.org/snapshot/panlex-20191001-csv/114#8053925>				<https://panlex.org/snapshot/panlex-20191001-csv/114#8053693>		"r-um-akat"@ami	
"baŋ"@lhn	<https://panlex.org/snapshot/panlex-20191001-csv/114#8061584>				<https://panlex.org/snapshot/panlex-20191001-csv/114#8061356>		"ma-fanaq"@ami	
"baŋ"@lhn	<https://panlex.org/snapshot/panlex-20191001-csv/114#8061584>				<https://panlex.org/snapshot/panlex-20191001-csv/114#8061357>		"ma-fanaʔ"@ami	
"bəti"@lhn	<https://panlex.org/snapshot/panlex-20191001-csv/114#8053343>				<https://panlex.org/snapshot/panlex-20191001-csv/114#8053122>		"waqay"@ami	
"bəti"@lhn	<https://panlex.org/snapshot/panlex-20191001-csv/114#8053343>				<https://panlex.org/snapshot/panlex-20191001-csv/114#8053123>		"waʼay"@ami	
"luaw"@lhn	<https://panlex.org/snapshot/panlex-20191001-csv/114#8056964>				<https://panlex.org/snapshot/panlex-20191001-csv/114#8056797>		"taʔfod"@ami	
"uroŋ"@lhn	<https://panlex.org/snapshot/panlex-20191001-csv/114#8065256>				<https://panlex.org/snapshot/panlex-20191001-csv/114#8065046>		"ngusuq"@ami	
"uroŋ"@lhn	<https://panlex.org/snapshot/panlex-20191001-csv/114#8065256>				<https://panlex.org/snapshot/panlex-20191001-csv/114#8065047>		"ŋosoʕ"@ami	
