"danum"@lhn	<https://panlex.org/snapshot/panlex-20191001-csv/12#851014>				<https://panlex.org/snapshot/panlex-20191001-csv/12#851003>		"wálar"@kwh	
"ñipən"@lhn	<https://panlex.org/snapshot/panlex-20191001-csv/114#8067284>				<https://panlex.org/snapshot/panlex-20191001-csv/114#8067271>		"rifut"@kwh	
"kənuʔa"@lhn	<https://panlex.org/snapshot/panlex-20191001-csv/114#8064165>				<https://panlex.org/snapshot/panlex-20191001-csv/114#8064152>		"garan"@kwh	
"taʔo"@lhn	<https://panlex.org/snapshot/panlex-20191001-csv/114#8052837>				<https://panlex.org/snapshot/panlex-20191001-csv/114#8052826>		"tuʼurom"@kwh	
"likut"@lhn	<https://panlex.org/snapshot/panlex-20191001-csv/114#8057970>				<https://panlex.org/snapshot/panlex-20191001-csv/114#8057955>		"aʔera rur"@kwh	
"məjat iʔik"@lhn	<https://panlex.org/snapshot/panlex-20191001-csv/114#8065753>				<https://panlex.org/snapshot/panlex-20191001-csv/114#8065741>		"-saʼa laʼesa"@kwh	
"kuhoŋ"@lhn	<https://panlex.org/snapshot/panlex-20191001-csv/114#8063621>				<https://panlex.org/snapshot/panlex-20191001-csv/114#8063605>		"umun"@kwh	
"b|lakaw"@lhn	<https://panlex.org/snapshot/panlex-20191001-csv/114#8053925>				<https://panlex.org/snapshot/panlex-20191001-csv/114#8053911>		"-táng"@kwh	
"baŋ"@lhn	<https://panlex.org/snapshot/panlex-20191001-csv/114#8061584>				<https://panlex.org/snapshot/panlex-20191001-csv/114#8061570>		"-ruʼ"@kwh	
"bəti"@lhn	<https://panlex.org/snapshot/panlex-20191001-csv/114#8053343>				<https://panlex.org/snapshot/panlex-20191001-csv/114#8053328>		"ela"@kwh	
"bəti"@lhn	<https://panlex.org/snapshot/panlex-20191001-csv/114#8053343>				<https://panlex.org/snapshot/panlex-20191001-csv/114#8053327>		"ai-m"@kwh	
"luaw"@lhn	<https://panlex.org/snapshot/panlex-20191001-csv/114#8056964>				<https://panlex.org/snapshot/panlex-20191001-csv/114#8056953>		"abu|ba"@kwh	
"uroŋ"@lhn	<https://panlex.org/snapshot/panlex-20191001-csv/114#8065256>				<https://panlex.org/snapshot/panlex-20191001-csv/114#8065239>		"siai"@kwh	
