"=ciɬ"@hax	<https://panlex.org/snapshot/panlex-20191001-csv/3975#51725163>				<https://panlex.org/snapshot/panlex-20191001-csv/3975#51725153>		"給"@cmn	
"stiŋ"@hax	<https://panlex.org/snapshot/panlex-20191001-csv/3975#51733610>				<https://panlex.org/snapshot/panlex-20191001-csv/3975#51733599>		"兩"@cmn	
"sqit"@hax	<https://panlex.org/snapshot/panlex-20191001-csv/3975#51729992>				<https://panlex.org/snapshot/panlex-20191001-csv/3975#51729980>		"紅"@cmn	
"kʼuːka"@hax	<https://panlex.org/snapshot/panlex-20191001-csv/3975#51726193>				<https://panlex.org/snapshot/panlex-20191001-csv/3975#51726182>		"心臟"@cmn	
"ɬlːŋa"@hax	<https://panlex.org/snapshot/panlex-20191001-csv/3975#51730273>				<https://panlex.org/snapshot/panlex-20191001-csv/3975#51730263>		"根"@cmn	
"qay-χata"@hax	<https://panlex.org/snapshot/panlex-20191001-csv/3975#51720728>				<https://panlex.org/snapshot/panlex-20191001-csv/3975#51720717>		"灰"@cmn	
"qay-χiːt"@hax	<https://panlex.org/snapshot/panlex-20191001-csv/3975#51720727>				<https://panlex.org/snapshot/panlex-20191001-csv/3975#51720717>		"灰"@cmn	
"sqwaːn-siŋ"@hax	<https://panlex.org/snapshot/panlex-20191001-csv/3975#51729542>				<https://panlex.org/snapshot/panlex-20191001-csv/3975#51729529>		"一"@cmn	
"=ɬqaɬ-ta"@hax	<https://panlex.org/snapshot/panlex-20191001-csv/3975#51730388>				<https://panlex.org/snapshot/panlex-20191001-csv/3975#51730380>		"圓"@cmn	
"tʰyaːh"@hax	<https://panlex.org/snapshot/panlex-20191001-csv/3975#51726666>				<https://panlex.org/snapshot/panlex-20191001-csv/3975#51726655>		"殺死"@cmn	
"qay"@hax	<https://panlex.org/snapshot/panlex-20191001-csv/3975#51721687>				<https://panlex.org/snapshot/panlex-20191001-csv/3975#51721675>		"血"@cmn	
"qʰi-ŋ"@hax	<https://panlex.org/snapshot/panlex-20191001-csv/3975#51730798>				<https://panlex.org/snapshot/panlex-20191001-csv/3975#51730786>		"見"@cmn	
"kʼaː-kaː"@hax	<https://panlex.org/snapshot/panlex-20191001-csv/3975#51723306>				<https://panlex.org/snapshot/panlex-20191001-csv/3975#51723296>		"乾"@cmn	
"kyuː"@hax	<https://panlex.org/snapshot/panlex-20191001-csv/3975#51723444>				<https://panlex.org/snapshot/panlex-20191001-csv/3975#51723433>		"耳朵"@cmn	
"tʼaːqun"@hax	<https://panlex.org/snapshot/panlex-20191001-csv/3975#51724339>				<https://panlex.org/snapshot/panlex-20191001-csv/3975#51724332>		"羽毛"@cmn	
"kʼu-ʔaːn"@hax	<https://panlex.org/snapshot/panlex-20191001-csv/3975#51735720>				<https://panlex.org/snapshot/panlex-20191001-csv/3975#51735710>		"短"@cmn	
"xil"@hax	<https://panlex.org/snapshot/panlex-20191001-csv/3975#51727089>				<https://panlex.org/snapshot/panlex-20191001-csv/3975#51727079>		"葉子"@cmn	
"maːɬqa"@hax	<https://panlex.org/snapshot/panlex-20191001-csv/3975#51730964>				<https://panlex.org/snapshot/panlex-20191001-csv/3975#51730955>		"種子"@cmn	
"qʼa"@hax	<https://panlex.org/snapshot/panlex-20191001-csv/3975#51731407>				<https://panlex.org/snapshot/panlex-20191001-csv/3975#51731396>		"睡"@cmn	
"stʼaː"@hax	<https://panlex.org/snapshot/panlex-20191001-csv/3975#51724898>				<https://panlex.org/snapshot/panlex-20191001-csv/3975#51724887>		"腳"@cmn	
"qʼaw"@hax	<https://panlex.org/snapshot/panlex-20191001-csv/3975#51731090>				<https://panlex.org/snapshot/panlex-20191001-csv/3975#51731076>		"坐"@cmn	
"kʼá-ʔaːn"@hax	<https://panlex.org/snapshot/panlex-20191001-csv/3975#51731562>				<https://panlex.org/snapshot/panlex-20191001-csv/3975#51731551>		"小"@cmn	
"sqaqa"@hax	<https://panlex.org/snapshot/panlex-20191001-csv/3975#51736273>				<https://panlex.org/snapshot/panlex-20191001-csv/3975#51736265>		"蚯蚓"@cmn	
"cʼaːnuː"@hax	<https://panlex.org/snapshot/panlex-20191001-csv/3975#51724471>				<https://panlex.org/snapshot/panlex-20191001-csv/3975#51724460>		"火"@cmn	
"qakiː"@hax	<https://panlex.org/snapshot/panlex-20191001-csv/3975#51735192>				<https://panlex.org/snapshot/panlex-20191001-csv/3975#51735182>		"遠"@cmn	
"ciqawaːy"@hax	<https://panlex.org/snapshot/panlex-20191001-csv/3975#51732277>				<https://panlex.org/snapshot/panlex-20191001-csv/3975#51732263>		"太陽"@cmn	
"sqʼaɬ-aː"@hax	<https://panlex.org/snapshot/panlex-20191001-csv/3975#51724627>				<https://panlex.org/snapshot/panlex-20191001-csv/3975#51724615>		"魚"@cmn	
"kʰuna"@hax	<https://panlex.org/snapshot/panlex-20191001-csv/3975#51729213>				<https://panlex.org/snapshot/panlex-20191001-csv/3975#51729202>		"鼻子"@cmn	
"tʼam"@hax	<https://panlex.org/snapshot/panlex-20191001-csv/3975#51735998>				<https://panlex.org/snapshot/panlex-20191001-csv/3975#51735991>		"細"@cmn	
"tʼam"@hax	<https://panlex.org/snapshot/panlex-20191001-csv/3975#51727652>				<https://panlex.org/snapshot/panlex-20191001-csv/3975#51727643>		"虱子"@cmn	
"kut-aŋ"@hax	<https://panlex.org/snapshot/panlex-20191001-csv/3975#51726040>				<https://panlex.org/snapshot/panlex-20191001-csv/3975#51726028>		"聽見"@cmn	
"ɬl"@hax	<https://panlex.org/snapshot/panlex-20191001-csv/3975#51726471>				<https://panlex.org/snapshot/panlex-20191001-csv/3975#51726460>		"我"@cmn	
"tiː"@hax	<https://panlex.org/snapshot/panlex-20191001-csv/3975#51726473>				<https://panlex.org/snapshot/panlex-20191001-csv/3975#51726460>		"我"@cmn	
"ʔiːƛʼl"@hax	<https://panlex.org/snapshot/panlex-20191001-csv/3975#51734253>				<https://panlex.org/snapshot/panlex-20191001-csv/3975#51734234>		"我們"@cmn	
"χan"@hax	<https://panlex.org/snapshot/panlex-20191001-csv/3975#51720587>				<https://panlex.org/snapshot/panlex-20191001-csv/3975#51720575>		"都"@cmn	
"huː-siː"@hax	<https://panlex.org/snapshot/panlex-20191001-csv/3975#51732707>				<https://panlex.org/snapshot/panlex-20191001-csv/3975#51732696>		"那"@cmn	
"tʰat-a"@hax	<https://panlex.org/snapshot/panlex-20191001-csv/3975#51736385>				<https://panlex.org/snapshot/panlex-20191001-csv/3975#51736374>		"年"@cmn	
"sqwaːn-a"@hax	<https://panlex.org/snapshot/panlex-20191001-csv/3975#51729543>				<https://panlex.org/snapshot/panlex-20191001-csv/3975#51729529>		"一"@cmn	
"ciquyaːy"@hax	<https://panlex.org/snapshot/panlex-20191001-csv/3975#51732276>				<https://panlex.org/snapshot/panlex-20191001-csv/3975#51732263>		"太陽"@cmn	
"kuː-s"@hax	<https://panlex.org/snapshot/panlex-20191001-csv/3975#51734466>				<https://panlex.org/snapshot/panlex-20191001-csv/3975#51734455>		"什麼"@cmn	
"sqʼaɬ-ʔan"@hax	<https://panlex.org/snapshot/panlex-20191001-csv/3975#51724626>				<https://panlex.org/snapshot/panlex-20191001-csv/3975#51724615>		"魚"@cmn	
"qaːy"@hax	<https://panlex.org/snapshot/panlex-20191001-csv/3975#51724199>				<https://panlex.org/snapshot/panlex-20191001-csv/3975#51724190>		"脂肪"@cmn	
"stʼah"@hax	<https://panlex.org/snapshot/panlex-20191001-csv/3975#51725041>				<https://panlex.org/snapshot/panlex-20191001-csv/3975#51725032>		"滿"@cmn	
"qʼwiː"@hax	<https://panlex.org/snapshot/panlex-20191001-csv/3975#51723592>				<https://panlex.org/snapshot/panlex-20191001-csv/3975#51723581>		"土"@cmn	
"χaŋʔiː"@hax	<https://panlex.org/snapshot/panlex-20191001-csv/3975#51724046>				<https://panlex.org/snapshot/panlex-20191001-csv/3975#51724034>		"眼睛"@cmn	
"tʰaŋa"@hax	<https://panlex.org/snapshot/panlex-20191001-csv/3975#51735587>				<https://panlex.org/snapshot/panlex-20191001-csv/3975#51735577>		"鹽"@cmn	
"yaːn"@hax	<https://panlex.org/snapshot/panlex-20191001-csv/3975#51722384>				<https://panlex.org/snapshot/panlex-20191001-csv/3975#51722376>		"雲"@cmn	
"qʰan skʰuci"@hax	<https://panlex.org/snapshot/panlex-20191001-csv/3975#51721970>				<https://panlex.org/snapshot/panlex-20191001-csv/3975#51721960>		"胸"@cmn	
"ci-naː"@hax	<https://panlex.org/snapshot/panlex-20191001-csv/3975#51734899>				<https://panlex.org/snapshot/panlex-20191001-csv/3975#51734888>		"女人"@cmn	
"ɬqa"@hax	<https://panlex.org/snapshot/panlex-20191001-csv/3975#51732139>				<https://panlex.org/snapshot/panlex-20191001-csv/3975#51732128>		"石頭"@cmn	
"qaːl"@hax	<https://panlex.org/snapshot/panlex-20191001-csv/3975#51729058>				<https://panlex.org/snapshot/panlex-20191001-csv/3975#51729049>		"夜"@cmn	
"ci-naː-s"@hax	<https://panlex.org/snapshot/panlex-20191001-csv/3975#51734900>				<https://panlex.org/snapshot/panlex-20191001-csv/3975#51734888>		"女人"@cmn	
"ƛʰltaqaːw"@hax	<https://panlex.org/snapshot/panlex-20191001-csv/3975#51728372>				<https://panlex.org/snapshot/panlex-20191001-csv/3975#51728363>		"山"@cmn	
"kʼyǝm"@hax	<https://panlex.org/snapshot/panlex-20191001-csv/3975#51726333>				<https://panlex.org/snapshot/panlex-20191001-csv/3975#51726323>		"角"@cmn	
"qʰina"@hax	<https://panlex.org/snapshot/panlex-20191001-csv/3975#51735318>				<https://panlex.org/snapshot/panlex-20191001-csv/3975#51735310>		"重"@cmn	
"ɬqaɬ"@hax	<https://panlex.org/snapshot/panlex-20191001-csv/3975#51721546>				<https://panlex.org/snapshot/panlex-20191001-csv/3975#51721535>		"黑"@cmn	
"kʰiqa"@hax	<https://panlex.org/snapshot/panlex-20191001-csv/3975#51728645>				<https://panlex.org/snapshot/panlex-20191001-csv/3975#51728635>		"名字"@cmn	
"kʰiqa"@hax	<https://panlex.org/snapshot/panlex-20191001-csv/3975#51728078>				<https://panlex.org/snapshot/panlex-20191001-csv/3975#51728067>		"肉"@cmn	
"cʼiŋ"@hax	<https://panlex.org/snapshot/panlex-20191001-csv/3975#51733309>				<https://panlex.org/snapshot/panlex-20191001-csv/3975#51733299>		"牙"@cmn	
"ʔiːƛʼ"@hax	<https://panlex.org/snapshot/panlex-20191001-csv/3975#51734254>				<https://panlex.org/snapshot/panlex-20191001-csv/3975#51734234>		"我們"@cmn	
"qʰaw"@hax	<https://panlex.org/snapshot/panlex-20191001-csv/3975#51723911>				<https://panlex.org/snapshot/panlex-20191001-csv/3975#51723900>		"雞蛋"@cmn	
"tall"@hax	<https://panlex.org/snapshot/panlex-20191001-csv/3975#51729852>				<https://panlex.org/snapshot/panlex-20191001-csv/3975#51729842>		"雨"@cmn	
"sƛʰl"@hax	<https://panlex.org/snapshot/panlex-20191001-csv/3975#51725734>				<https://panlex.org/snapshot/panlex-20191001-csv/3975#51725723>		"手"@cmn	
"χa"@hax	<https://panlex.org/snapshot/panlex-20191001-csv/3975#51722987>				<https://panlex.org/snapshot/panlex-20191001-csv/3975#51722976>		"狗"@cmn	
"tʼa.aŋ"@hax	<https://panlex.org/snapshot/panlex-20191001-csv/3975#51734252>				<https://panlex.org/snapshot/panlex-20191001-csv/3975#51734234>		"我們"@cmn	
"qʼu"@hax	<https://panlex.org/snapshot/panlex-20191001-csv/3975#51721407>				<https://panlex.org/snapshot/panlex-20191001-csv/3975#51721396>		"咬"@cmn	
"suː"@hax	<https://panlex.org/snapshot/panlex-20191001-csv/3975#51730636>				<https://panlex.org/snapshot/panlex-20191001-csv/3975#51730622>		"說"@cmn	
"sƛʼl-kʼun"@hax	<https://panlex.org/snapshot/panlex-20191001-csv/3975#51722249>				<https://panlex.org/snapshot/panlex-20191001-csv/3975#51722239>		"指甲"@cmn	
"qakay"@hax	<https://panlex.org/snapshot/panlex-20191001-csv/3975#51735193>				<https://panlex.org/snapshot/panlex-20191001-csv/3975#51735182>		"遠"@cmn	
"=qu"@hax	<https://panlex.org/snapshot/panlex-20191001-csv/3975#51727238>				<https://panlex.org/snapshot/panlex-20191001-csv/3975#51727226>		"躺"@cmn	
"qʼaw-ʔu"@hax	<https://panlex.org/snapshot/panlex-20191001-csv/3975#51731089>				<https://panlex.org/snapshot/panlex-20191001-csv/3975#51731076>		"坐"@cmn	
"qʼuluː"@hax	<https://panlex.org/snapshot/panlex-20191001-csv/3975#51726813>				<https://panlex.org/snapshot/panlex-20191001-csv/3975#51726800>		"膝蓋"@cmn	
"χaŋʔa"@hax	<https://panlex.org/snapshot/panlex-20191001-csv/3975#51724045>				<https://panlex.org/snapshot/panlex-20191001-csv/3975#51724034>		"眼睛"@cmn	
"stʼa"@hax	<https://panlex.org/snapshot/panlex-20191001-csv/3975#51724897>				<https://panlex.org/snapshot/panlex-20191001-csv/3975#51724887>		"腳"@cmn	
"ʔyuː-ʔaːn"@hax	<https://panlex.org/snapshot/panlex-20191001-csv/3975#51721124>				<https://panlex.org/snapshot/panlex-20191001-csv/3975#51721114>		"大"@cmn	
"sqinawaː"@hax	<https://panlex.org/snapshot/panlex-20191001-csv/3975#51725459>				<https://panlex.org/snapshot/panlex-20191001-csv/3975#51725453>		"綠"@cmn	
"kʼyuː"@hax	<https://panlex.org/snapshot/panlex-20191001-csv/3975#51730131>				<https://panlex.org/snapshot/panlex-20191001-csv/3975#51730120>		"道路"@cmn	
"skʼyaːw"@hax	<https://panlex.org/snapshot/panlex-20191001-csv/3975#51732556>				<https://panlex.org/snapshot/panlex-20191001-csv/3975#51732546>		"尾巴"@cmn	
"ʔaː-"@hax	<https://panlex.org/snapshot/panlex-20191001-csv/3975#51732866>				<https://panlex.org/snapshot/panlex-20191001-csv/3975#51732854>		"這"@cmn	
"ƛl=ki"@hax	<https://panlex.org/snapshot/panlex-20191001-csv/3975#51732434>				<https://panlex.org/snapshot/panlex-20191001-csv/3975#51732426>		"游泳"@cmn	
"qanƛl"@hax	<https://panlex.org/snapshot/panlex-20191001-csv/3975#51734084>				<https://panlex.org/snapshot/panlex-20191001-csv/3975#51734073>		"水"@cmn	
"skʰuci"@hax	<https://panlex.org/snapshot/panlex-20191001-csv/3975#51721837>				<https://panlex.org/snapshot/panlex-20191001-csv/3975#51721826>		"骨頭"@cmn	
"lʼaː"@hax	<https://panlex.org/snapshot/panlex-20191001-csv/3975#51725324>				<https://panlex.org/snapshot/panlex-20191001-csv/3975#51725312>		"好"@cmn	
"=qu-ti"@hax	<https://panlex.org/snapshot/panlex-20191001-csv/3975#51727237>				<https://panlex.org/snapshot/panlex-20191001-csv/3975#51727226>		"躺"@cmn	
"tʰa-caːw"@hax	<https://panlex.org/snapshot/panlex-20191001-csv/3975#51736134>				<https://panlex.org/snapshot/panlex-20191001-csv/3975#51736123>		"風"@cmn	
"kam"@hax	<https://panlex.org/snapshot/panlex-20191001-csv/3975#51729374>				<https://panlex.org/snapshot/panlex-20191001-csv/3975#51729362>		"不"@cmn	
"xit"@hax	<https://panlex.org/snapshot/panlex-20191001-csv/3975#51724763>				<https://panlex.org/snapshot/panlex-20191001-csv/3975#51724756>		"飛"@cmn	
"kiː-sta"@hax	<https://panlex.org/snapshot/panlex-20191001-csv/3975#51734743>				<https://panlex.org/snapshot/panlex-20191001-csv/3975#51734733>		"誰"@cmn	
"qakwiː"@hax	<https://panlex.org/snapshot/panlex-20191001-csv/3975#51735191>				<https://panlex.org/snapshot/panlex-20191001-csv/3975#51735182>		"遠"@cmn	
"sika"@hax	<https://panlex.org/snapshot/panlex-20191001-csv/3975#51735854>				<https://panlex.org/snapshot/panlex-20191001-csv/3975#51735842>		"蛇"@cmn	
"tʰat"@hax	<https://panlex.org/snapshot/panlex-20191001-csv/3975#51722505>				<https://panlex.org/snapshot/panlex-20191001-csv/3975#51722495>		"冷"@cmn	
"tʰaː"@hax	<https://panlex.org/snapshot/panlex-20191001-csv/3975#51723742>				<https://panlex.org/snapshot/panlex-20191001-csv/3975#51723731>		"吃"@cmn	
"tʰaː"@hax	<https://panlex.org/snapshot/panlex-20191001-csv/3975#51723742>				<https://panlex.org/snapshot/panlex-20191001-csv/3975#51723730>		"喫"@cmn	
"kʰun"@hax	<https://panlex.org/snapshot/panlex-20191001-csv/3975#51729212>				<https://panlex.org/snapshot/panlex-20191001-csv/3975#51729202>		"鼻子"@cmn	
"kʼay=cʼaːw"@hax	<https://panlex.org/snapshot/panlex-20191001-csv/3975#51731983>				<https://panlex.org/snapshot/panlex-20191001-csv/3975#51731974>		"星"@cmn	
"kyaːq-aŋ"@hax	<https://panlex.org/snapshot/panlex-20191001-csv/3975#51731850>				<https://panlex.org/snapshot/panlex-20191001-csv/3975#51731839>		"站"@cmn	
"sƛʰaː"@hax	<https://panlex.org/snapshot/panlex-20191001-csv/3975#51725735>				<https://panlex.org/snapshot/panlex-20191001-csv/3975#51725723>		"手"@cmn	
"ƛʼl"@hax	<https://panlex.org/snapshot/panlex-20191001-csv/3975#51735997>				<https://panlex.org/snapshot/panlex-20191001-csv/3975#51735991>		"細"@cmn	
"qʰaː"@hax	<https://panlex.org/snapshot/panlex-20191001-csv/3975#51722649>				<https://panlex.org/snapshot/panlex-20191001-csv/3975#51722638>		"來"@cmn	
"qʰaː"@hax	<https://panlex.org/snapshot/panlex-20191001-csv/3975#51733774>				<https://panlex.org/snapshot/panlex-20191001-csv/3975#51733764>		"去"@cmn	
"qʼal"@hax	<https://panlex.org/snapshot/panlex-20191001-csv/3975#51731251>				<https://panlex.org/snapshot/panlex-20191001-csv/3975#51731242>		"皮膚"@cmn	
"qʼal"@hax	<https://panlex.org/snapshot/panlex-20191001-csv/3975#51720860>				<https://panlex.org/snapshot/panlex-20191001-csv/3975#51720851>		"樹皮"@cmn	
"qʰaci"@hax	<https://panlex.org/snapshot/panlex-20191001-csv/3975#51725582>				<https://panlex.org/snapshot/panlex-20191001-csv/3975#51725571>		"頭髮"@cmn	
"qʰaci"@hax	<https://panlex.org/snapshot/panlex-20191001-csv/3975#51725887>				<https://panlex.org/snapshot/panlex-20191001-csv/3975#51725875>		"頭"@cmn	
"tʼallŋ"@hax	<https://panlex.org/snapshot/panlex-20191001-csv/3975#51734251>				<https://panlex.org/snapshot/panlex-20191001-csv/3975#51734234>		"我們"@cmn	
"tʼaːŋ-al"@hax	<https://panlex.org/snapshot/panlex-20191001-csv/3975#51733157>				<https://panlex.org/snapshot/panlex-20191001-csv/3975#51733145>		"舌頭"@cmn	
"qʰuŋ"@hax	<https://panlex.org/snapshot/panlex-20191001-csv/3975#51728233>				<https://panlex.org/snapshot/panlex-20191001-csv/3975#51728223>		"月亮"@cmn	
"ʔiːɬlŋ"@hax	<https://panlex.org/snapshot/panlex-20191001-csv/3975#51727785>				<https://panlex.org/snapshot/panlex-20191001-csv/3975#51727773>		"男人"@cmn	
"taŋ"@hax	<https://panlex.org/snapshot/panlex-20191001-csv/3975#51733009>				<https://panlex.org/snapshot/panlex-20191001-csv/3975#51733000>		"你"@cmn	
"χiɬl"@hax	<https://panlex.org/snapshot/panlex-20191001-csv/3975#51728494>				<https://panlex.org/snapshot/panlex-20191001-csv/3975#51728482>		"嘴"@cmn	
"qu"@hax	<https://panlex.org/snapshot/panlex-20191001-csv/3975#51722108>				<https://panlex.org/snapshot/panlex-20191001-csv/3975#51722097>		"燒"@cmn	
"qʰayt"@hax	<https://panlex.org/snapshot/panlex-20191001-csv/3975#51733458>				<https://panlex.org/snapshot/panlex-20191001-csv/3975#51733447>		"樹"@cmn	
"qaw-ƛl"@hax	<https://panlex.org/snapshot/panlex-20191001-csv/3975#51728925>				<https://panlex.org/snapshot/panlex-20191001-csv/3975#51728916>		"新"@cmn	
"tʰaːs"@hax	<https://panlex.org/snapshot/panlex-20191001-csv/3975#51730496>				<https://panlex.org/snapshot/panlex-20191001-csv/3975#51730486>		"沙"@cmn	
"niːɬ"@hax	<https://panlex.org/snapshot/panlex-20191001-csv/3975#51723144>				<https://panlex.org/snapshot/panlex-20191001-csv/3975#51723133>		"喝"@cmn	
"suː-ta"@hax	<https://panlex.org/snapshot/panlex-20191001-csv/3975#51730637>				<https://panlex.org/snapshot/panlex-20191001-csv/3975#51730622>		"說"@cmn	
"ʔunsʔat"@hax	<https://panlex.org/snapshot/panlex-20191001-csv/3975#51726952>				<https://panlex.org/snapshot/panlex-20191001-csv/3975#51726942>		"知道"@cmn	
"cʼiŋ-a"@hax	<https://panlex.org/snapshot/panlex-20191001-csv/3975#51733310>				<https://panlex.org/snapshot/panlex-20191001-csv/3975#51733299>		"牙"@cmn	
"sqʼaɬ-quŋ"@hax	<https://panlex.org/snapshot/panlex-20191001-csv/3975#51724628>				<https://panlex.org/snapshot/panlex-20191001-csv/3975#51724615>		"魚"@cmn	
"χil"@hax	<https://panlex.org/snapshot/panlex-20191001-csv/3975#51728787>				<https://panlex.org/snapshot/panlex-20191001-csv/3975#51728777>		"脖子"@cmn	
"qata"@hax	<https://panlex.org/snapshot/panlex-20191001-csv/3975#51734617>				<https://panlex.org/snapshot/panlex-20191001-csv/3975#51734607>		"白"@cmn	
"ʔaː-χan"@hax	<https://panlex.org/snapshot/panlex-20191001-csv/3975#51735447>				<https://panlex.org/snapshot/panlex-20191001-csv/3975#51735437>		"近"@cmn	
"haw-siː"@hax	<https://panlex.org/snapshot/panlex-20191001-csv/3975#51732708>				<https://panlex.org/snapshot/panlex-20191001-csv/3975#51732696>		"那"@cmn	
"ƛʼl-kʼul"@hax	<https://panlex.org/snapshot/panlex-20191001-csv/3975#51727385>				<https://panlex.org/snapshot/panlex-20191001-csv/3975#51727374>		"肝"@cmn	
"kʼut-ʔuɬ"@hax	<https://panlex.org/snapshot/panlex-20191001-csv/3975#51722833>				<https://panlex.org/snapshot/panlex-20191001-csv/3975#51722821>		"死"@cmn	
"qay-uː"@hax	<https://panlex.org/snapshot/panlex-20191001-csv/3975#51731703>				<https://panlex.org/snapshot/panlex-20191001-csv/3975#51731694>		"煙"@cmn	
"ciŋ"@hax	<https://panlex.org/snapshot/panlex-20191001-csv/3975#51727527>				<https://panlex.org/snapshot/panlex-20191001-csv/3975#51727519>		"長"@cmn	
"kʼan-ɬqaɬ"@hax	<https://panlex.org/snapshot/panlex-20191001-csv/3975#51735058>				<https://panlex.org/snapshot/panlex-20191001-csv/3975#51735050>		"黃"@cmn	
"qʰwaːn"@hax	<https://panlex.org/snapshot/panlex-20191001-csv/3975#51727935>				<https://panlex.org/snapshot/panlex-20191001-csv/3975#51727926>		"多"@cmn	
"tal"@hax	<https://panlex.org/snapshot/panlex-20191001-csv/3975#51720991>				<https://panlex.org/snapshot/panlex-20191001-csv/3975#51720979>		"肚子"@cmn	
"staːyi"@hax	<https://panlex.org/snapshot/panlex-20191001-csv/3975#51735996>				<https://panlex.org/snapshot/panlex-20191001-csv/3975#51735991>		"細"@cmn	
"=qaŋ"@hax	<https://panlex.org/snapshot/panlex-20191001-csv/3975#51729375>				<https://panlex.org/snapshot/panlex-20191001-csv/3975#51729362>		"不"@cmn	
"χitʔiːt"@hax	<https://panlex.org/snapshot/panlex-20191001-csv/3975#51721265>				<https://panlex.org/snapshot/panlex-20191001-csv/3975#51721254>		"鳥"@cmn	
"kʼin"@hax	<https://panlex.org/snapshot/panlex-20191001-csv/3975#51733956>				<https://panlex.org/snapshot/panlex-20191001-csv/3975#51733945>		"熱"@cmn	
"ɬaː"@hax	<https://panlex.org/snapshot/panlex-20191001-csv/3975#51726472>				<https://panlex.org/snapshot/panlex-20191001-csv/3975#51726460>		"我"@cmn	
