"Курыт лъэхъэнэхэр"@kbd	<https://panlex.org/snapshot/panlex-20191001-csv/6709#111076339>				<https://panlex.org/snapshot/panlex-20191001-csv/6709#111076298>		"Miðøldin"@fo	
"Щӏныгъэм и лъэхъэнэ"@kbd	<https://panlex.org/snapshot/panlex-20191001-csv/6709#111077013>				<https://panlex.org/snapshot/panlex-20191001-csv/6709#111077015>		"Upplýsingartíðin"@fo	
"Викингхэр"@kbd	<https://panlex.org/snapshot/panlex-20191001-csv/6709#111076477>				<https://panlex.org/snapshot/panlex-20191001-csv/6709#111076558>		"Víkingar"@fo	
"Индустриал револуциэ"@kbd	<https://panlex.org/snapshot/panlex-20191001-csv/6709#111077236>				<https://panlex.org/snapshot/panlex-20191001-csv/6709#111077123>		"Ídnaðarkollveltingin"@fo	
"Зэфӏэувэжьыныгъэ лъэхъэнэ"@kbd	<https://panlex.org/snapshot/panlex-20191001-csv/6709#111076824>				<https://panlex.org/snapshot/panlex-20191001-csv/6709#111076817>		"Renessansan"@fo	
"Щӏыӏэ зауэ"@kbd	<https://panlex.org/snapshot/panlex-20191001-csv/6709#111077839>				<https://panlex.org/snapshot/panlex-20191001-csv/6709#111077787>		"Kalda kríggið"@fo	
"Етӏуанэ дунейпсо зауэ"@kbd	<https://panlex.org/snapshot/panlex-20191001-csv/6709#111077621>				<https://panlex.org/snapshot/panlex-20191001-csv/6709#111077510>		"Seinni heimsbardagi"@fo	
"Етӏуанэ дунейпсо зауэ"@kbd	<https://panlex.org/snapshot/panlex-20191001-csv/6709#111077621>				<https://panlex.org/snapshot/panlex-20191001-csv/6709#111077568>		"Annar heimsbardagi"@fo	
"Япэрей дунейпсо зауэ"@kbd	<https://panlex.org/snapshot/panlex-20191001-csv/6709#111077472>				<https://panlex.org/snapshot/panlex-20191001-csv/6709#111077429>		"Fyrri heimsbardagi"@fo	
"Пщы Нэнау"@kbd	<https://panlex.org/snapshot/panlex-20191001-csv/6710#111082996>				<https://panlex.org/snapshot/panlex-20191001-csv/6710#111083089>		"Tann lítli prinsurin"@fo	
"Албаниэ"@kbd	<https://panlex.org/snapshot/panlex-20191001-csv/5947#84579711>				<https://panlex.org/snapshot/panlex-20191001-csv/5947#84579672>		"Albania"@fo	
"бгъэ"@kbd	<https://panlex.org/snapshot/panlex-20191001-csv/5947#84782289>				<https://panlex.org/snapshot/panlex-20191001-csv/5947#84782245>		"ørn"@fo	
"Шотланд"@kbd	<https://panlex.org/snapshot/panlex-20191001-csv/5949#85325252>				<https://panlex.org/snapshot/panlex-20191001-csv/5949#85325219>		"Skotland"@fo	
"Къазахъстэн"@kbd	<https://panlex.org/snapshot/panlex-20191001-csv/5949#85312101>				<https://panlex.org/snapshot/panlex-20191001-csv/5949#85312075>		"Kasakstan"@fo	
"Берлин"@kbd	<https://panlex.org/snapshot/panlex-20191001-csv/5949#85302459>				<https://panlex.org/snapshot/panlex-20191001-csv/5949#85302419>		"Berlin"@fo	
"Урысей"@kbd	<https://panlex.org/snapshot/panlex-20191001-csv/5949#85319495>				<https://panlex.org/snapshot/panlex-20191001-csv/5949#85319447>		"Russland"@fo	
"Филипинхэр"@kbd	<https://panlex.org/snapshot/panlex-20191001-csv/5949#85323356>				<https://panlex.org/snapshot/panlex-20191001-csv/5949#85323320>		"Filipsoyggjar"@fo	
"Тбилиси"@kbd	<https://panlex.org/snapshot/panlex-20191001-csv/5949#85321826>				<https://panlex.org/snapshot/panlex-20191001-csv/5949#85321800>		"Tbilisi"@fo	
"август"@kbd	<https://panlex.org/snapshot/panlex-20191001-csv/5949#85329387>				<https://panlex.org/snapshot/panlex-20191001-csv/5949#85329334>		"august"@fo	
"Дыгъэ"@kbd	<https://panlex.org/snapshot/panlex-20191001-csv/5949#85320930>				<https://panlex.org/snapshot/panlex-20191001-csv/5949#85320894>		"Sól"@fo	
"Дыгъэ"@kbd	<https://panlex.org/snapshot/panlex-20191001-csv/5949#85320930>				<https://panlex.org/snapshot/panlex-20191001-csv/5949#85320895>		"Sólin"@fo	
"Льеж"@kbd	<https://panlex.org/snapshot/panlex-20191001-csv/5949#85314831>				<https://panlex.org/snapshot/panlex-20191001-csv/5949#85314815>		"Liège"@fo	
"Россиэ"@kbd	<https://panlex.org/snapshot/panlex-20191001-csv/5949#85319496>				<https://panlex.org/snapshot/panlex-20191001-csv/5949#85319447>		"Russland"@fo	
"k'iran de"@kbd	<https://panlex.org/snapshot/panlex-20191001-csv/9#475189>				<https://panlex.org/snapshot/panlex-20191001-csv/9#475171>		"sunnudagur"@fo	
"математикэ"@kbd	<https://panlex.org/snapshot/panlex-20191001-csv/2904#111023509>				<https://panlex.org/snapshot/panlex-20191001-csv/2904#111023421>		"støddfrøði"@fo	
"философиэ"@kbd	<https://panlex.org/snapshot/panlex-20191001-csv/2904#111023793>				<https://panlex.org/snapshot/panlex-20191001-csv/2904#111023891>		"heimspeki"@fo	
"биологиэ"@kbd	<https://panlex.org/snapshot/panlex-20191001-csv/2904#111022167>				<https://panlex.org/snapshot/panlex-20191001-csv/2904#111022212>		"lívfrøði"@fo	
"университет"@kbd	<https://panlex.org/snapshot/panlex-20191001-csv/2904#111024592>				<https://panlex.org/snapshot/panlex-20191001-csv/2904#111024488>		"háskúli"@fo	
"тхыдэ"@kbd	<https://panlex.org/snapshot/panlex-20191001-csv/2904#111023005>				<https://panlex.org/snapshot/panlex-20191001-csv/2904#111022926>		"søga"@fo	
"хэкумэтх"@kbd	<https://panlex.org/snapshot/panlex-20191001-csv/2904#111022582>				<https://panlex.org/snapshot/panlex-20191001-csv/2904#111022631>		"landafrøði"@fo	
"астрономиэ"@kbd	<https://panlex.org/snapshot/panlex-20191001-csv/2904#111022123>				<https://panlex.org/snapshot/panlex-20191001-csv/2904#111021960>		"stjørnufrøði"@fo	
"лингвистикэ"@kbd	<https://panlex.org/snapshot/panlex-20191001-csv/2904#111023255>				<https://panlex.org/snapshot/panlex-20191001-csv/2904#111023261>		"málfrøði"@fo	
"медицинэ"@kbd	<https://panlex.org/snapshot/panlex-20191001-csv/2904#111023705>				<https://panlex.org/snapshot/panlex-20191001-csv/2904#111023724>		"læknafrøði"@fo	
"бзэщӏэныгъэ"@kbd	<https://panlex.org/snapshot/panlex-20191001-csv/2904#111023074>				<https://panlex.org/snapshot/panlex-20191001-csv/2904#111023261>		"málfrøði"@fo	
"химиэ"@kbd	<https://panlex.org/snapshot/panlex-20191001-csv/2904#111022540>				<https://panlex.org/snapshot/panlex-20191001-csv/2904#111022411>		"evnafrøði"@fo	
"физикэ"@kbd	<https://panlex.org/snapshot/panlex-20191001-csv/2904#111024056>				<https://panlex.org/snapshot/panlex-20191001-csv/2904#111023989>		"alisfrøði"@fo	
"Ипшъэ полус"@kbd	<https://panlex.org/snapshot/panlex-20191001-csv/2910#110855538>				<https://panlex.org/snapshot/panlex-20191001-csv/2910#110855634>		"Suðurpólin"@fo	
"Ишъхъэрэ полус"@kbd	<https://panlex.org/snapshot/panlex-20191001-csv/2910#110854676>				<https://panlex.org/snapshot/panlex-20191001-csv/2910#110854629>		"Norðurpólin"@fo	
"Индыл"@kbd	<https://panlex.org/snapshot/panlex-20191001-csv/2903#110873567>				<https://panlex.org/snapshot/panlex-20191001-csv/2903#110873547>		"Volga"@fo	
"Щӏылъэку хы"@kbd	<https://panlex.org/snapshot/panlex-20191001-csv/2905#110870448>				<https://panlex.org/snapshot/panlex-20191001-csv/2905#110870348>		"Miðjarðarhav"@fo	
"Коралл хы"@kbd	<https://panlex.org/snapshot/panlex-20191001-csv/2905#110869852>				<https://panlex.org/snapshot/panlex-20191001-csv/2905#110869783>		"Korallhavið"@fo	
"Хьэрыпей хы"@kbd	<https://panlex.org/snapshot/panlex-20191001-csv/2905#110868516>				<https://panlex.org/snapshot/panlex-20191001-csv/2905#110868551>		"Arabiska havið"@fo	
"Хы Фӏыцӏэ"@kbd	<https://panlex.org/snapshot/panlex-20191001-csv/2905#110869217>				<https://panlex.org/snapshot/panlex-20191001-csv/2905#110869150>		"Svartahavið"@fo	
"Ишъхъэрэ хы"@kbd	<https://panlex.org/snapshot/panlex-20191001-csv/2905#110870709>				<https://panlex.org/snapshot/panlex-20191001-csv/2905#110870513>		"Norðsjógvurin"@fo	
"Фарс хыжьэ"@kbd	<https://panlex.org/snapshot/panlex-20191001-csv/2905#110870831>				<https://panlex.org/snapshot/panlex-20191001-csv/2905#110870790>		"Persaraflógvin"@fo	
"Хы Плъыжь"@kbd	<https://panlex.org/snapshot/panlex-20191001-csv/2905#110870984>				<https://panlex.org/snapshot/panlex-20191001-csv/2905#110871109>		"Reyða havið"@fo	
"Балтик хы"@kbd	<https://panlex.org/snapshot/panlex-20191001-csv/2905#110868836>				<https://panlex.org/snapshot/panlex-20191001-csv/2905#110868816>		"Eystrasalt"@fo	
"Хы Шӏуцӏэ"@kbd	<https://panlex.org/snapshot/panlex-20191001-csv/2905#110869122>				<https://panlex.org/snapshot/panlex-20191001-csv/2905#110869150>		"Svartahavið"@fo	
"Хы Хужь"@kbd	<https://panlex.org/snapshot/panlex-20191001-csv/2905#110871303>				<https://panlex.org/snapshot/panlex-20191001-csv/2905#110871361>		"Hvítahavið"@fo	
"Бенгал хыжьэ"@kbd	<https://panlex.org/snapshot/panlex-20191001-csv/2905#110868863>				<https://panlex.org/snapshot/panlex-20191001-csv/2905#110868917>		"Bengalvíkin"@fo	
"Хы Гъуэжь"@kbd	<https://panlex.org/snapshot/panlex-20191001-csv/2905#110871541>				<https://panlex.org/snapshot/panlex-20191001-csv/2905#110871608>		"Gulahavið"@fo	
"Карибэ хы"@kbd	<https://panlex.org/snapshot/panlex-20191001-csv/2905#110869415>				<https://panlex.org/snapshot/panlex-20191001-csv/2905#110869495>		"Karibiahav"@fo	
"Карибэ хы"@kbd	<https://panlex.org/snapshot/panlex-20191001-csv/2905#110869415>				<https://panlex.org/snapshot/panlex-20191001-csv/2905#110869516>		"Karibiska havið"@fo	
"Хы Къарс"@kbd	<https://panlex.org/snapshot/panlex-20191001-csv/2905#110869555>				<https://panlex.org/snapshot/panlex-20191001-csv/2905#110869738>		"Kaspiska havið"@fo	
"Юпитер"@kbd	<https://panlex.org/snapshot/panlex-20191001-csv/2907#110846527>				<https://panlex.org/snapshot/panlex-20191001-csv/2907#110846344>		"Jupiter"@fo	
"Нептун"@kbd	<https://panlex.org/snapshot/panlex-20191001-csv/2907#110847157>				<https://panlex.org/snapshot/panlex-20191001-csv/2907#110847143>		"Neptun"@fo	
"Церерэ"@kbd	<https://panlex.org/snapshot/panlex-20191001-csv/2907#110846312>				<https://panlex.org/snapshot/panlex-20191001-csv/2907#110846259>		"Seres"@fo	
"Щӏы"@kbd	<https://panlex.org/snapshot/panlex-20191001-csv/2907#110845656>				<https://panlex.org/snapshot/panlex-20191001-csv/2907#110845674>		"Jørðin"@fo	
"Хаумеа"@kbd	<https://panlex.org/snapshot/panlex-20191001-csv/2907#110847448>				<https://panlex.org/snapshot/panlex-20191001-csv/2907#110847575>		"Haumea"@fo	
"Сатурн"@kbd	<https://panlex.org/snapshot/panlex-20191001-csv/2907#110846720>				<https://panlex.org/snapshot/panlex-20191001-csv/2907#110846755>		"Saturn"@fo	
"Венерэ"@kbd	<https://panlex.org/snapshot/panlex-20191001-csv/2907#110845487>				<https://panlex.org/snapshot/panlex-20191001-csv/2907#110845407>		"Venus"@fo	
"Мазэ"@kbd	<https://panlex.org/snapshot/panlex-20191001-csv/2907#110845748>				<https://panlex.org/snapshot/panlex-20191001-csv/2907#110845869>		"Mánin"@fo	
"Меркурий"@kbd	<https://panlex.org/snapshot/panlex-20191001-csv/2907#110845152>				<https://panlex.org/snapshot/panlex-20191001-csv/2907#110845104>		"Merkur"@fo	
"Эридэ"@kbd	<https://panlex.org/snapshot/panlex-20191001-csv/2907#110847868>				<https://panlex.org/snapshot/panlex-20191001-csv/2907#110847901>		"Eris"@fo	
"Макемаке"@kbd	<https://panlex.org/snapshot/panlex-20191001-csv/2907#110847654>				<https://panlex.org/snapshot/panlex-20191001-csv/2907#110847612>		"Makemake"@fo	
"Плутон"@kbd	<https://panlex.org/snapshot/panlex-20191001-csv/2907#110847267>				<https://panlex.org/snapshot/panlex-20191001-csv/2907#110847351>		"Pluto"@fo	
"Дыгъэ"@kbd	<https://panlex.org/snapshot/panlex-20191001-csv/2907#110844951>				<https://panlex.org/snapshot/panlex-20191001-csv/2907#110844874>		"Sólin"@fo	
"Марс"@kbd	<https://panlex.org/snapshot/panlex-20191001-csv/2907#110845977>				<https://panlex.org/snapshot/panlex-20191001-csv/2907#110845948>		"Mars"@fo	
"Уран"@kbd	<https://panlex.org/snapshot/panlex-20191001-csv/2907#110846795>				<https://panlex.org/snapshot/panlex-20191001-csv/2907#110846967>		"Uranus"@fo	
"Арктикэ хышхуэ"@kbd	<https://panlex.org/snapshot/panlex-20191001-csv/2901#110867179>				<https://panlex.org/snapshot/panlex-20191001-csv/2901#110867166>		"Íshavið"@fo	
"Атлантикэ хышхуэ"@kbd	<https://panlex.org/snapshot/panlex-20191001-csv/2901#110867427>				<https://panlex.org/snapshot/panlex-20191001-csv/2901#110867399>		"Atlantshavið"@fo	
"Иӏуфэхэр Ипшъэ хышхуэ"@kbd	<https://panlex.org/snapshot/panlex-20191001-csv/2901#110867095>				<https://panlex.org/snapshot/panlex-20191001-csv/2901#110867166>		"Íshavið"@fo	
"Щэху хышхуэ"@kbd	<https://panlex.org/snapshot/panlex-20191001-csv/2901#110868123>				<https://panlex.org/snapshot/panlex-20191001-csv/2901#110867865>		"Kyrrahavið"@fo	
"Ипшъэ хышхуэ"@kbd	<https://panlex.org/snapshot/panlex-20191001-csv/2901#110868373>				<https://panlex.org/snapshot/panlex-20191001-csv/2901#110868286>		"Suðuríshavið"@fo	
"Индиэ хышхуэ"@kbd	<https://panlex.org/snapshot/panlex-20191001-csv/2901#110867770>				<https://panlex.org/snapshot/panlex-20191001-csv/2901#110867741>		"Indiska havið"@fo	
"Ӏэдэмрэ Хьэуарэ"@kbd	<https://panlex.org/snapshot/panlex-20191001-csv/2906#111019168>				<https://panlex.org/snapshot/panlex-20191001-csv/2906#111019201>		"Ádam og Eva"@fo	
"Босниерэ Герцеговинэрэ"@kbd	<https://panlex.org/snapshot/panlex-20191001-csv/8#129768>				<https://panlex.org/snapshot/panlex-20191001-csv/8#129748>		"Bosnia-Hersegovina"@fo	
"Казахстан"@kbd	<https://panlex.org/snapshot/panlex-20191001-csv/8#131746>				<https://panlex.org/snapshot/panlex-20191001-csv/8#131726>		"Kasakstan"@fo	
"бгъэ"@kbd	<https://panlex.org/snapshot/panlex-20191001-csv/8#214277>				<https://panlex.org/snapshot/panlex-20191001-csv/8#214264>		"kongaørn"@fo	
"Дание"@kbd	<https://panlex.org/snapshot/panlex-20191001-csv/10#573918>				<https://panlex.org/snapshot/panlex-20191001-csv/10#573879>		"Danmørk"@fo	
"Лъэпкъ Зэгуэтхэр"@kbd	<https://panlex.org/snapshot/panlex-20191001-csv/2894#111101958>				<https://panlex.org/snapshot/panlex-20191001-csv/2894#111101935>		"Sameindu Tjóðirnar"@fo	
"Лъэпкъ Зэгуэтхэр"@kbd	<https://panlex.org/snapshot/panlex-20191001-csv/2894#111101958>				<https://panlex.org/snapshot/panlex-20191001-csv/2894#111101944>		"ST"@fo	
"Мазэ Плъыжь"@kbd	<https://panlex.org/snapshot/panlex-20191001-csv/2894#111101687>				<https://panlex.org/snapshot/panlex-20191001-csv/2894#111101754>		"Reyði Hálvmáni"@fo	
"Дунейпсо щахуэ организациэ"@kbd	<https://panlex.org/snapshot/panlex-20191001-csv/2894#111102798>				<https://panlex.org/snapshot/panlex-20191001-csv/2894#111102782>		"Heimshandilsfelagsskapurin"@fo	
"Еуропэ Зэгуэт"@kbd	<https://panlex.org/snapshot/panlex-20191001-csv/2894#111100355>				<https://panlex.org/snapshot/panlex-20191001-csv/2894#111100243>		"ES"@fo	
"Еуропэ Зэгуэт"@kbd	<https://panlex.org/snapshot/panlex-20191001-csv/2894#111100355>				<https://panlex.org/snapshot/panlex-20191001-csv/2894#111100371>		"Evropeiska samveldið"@fo	
"Узыншагъэм и дунейпсо организациэ"@kbd	<https://panlex.org/snapshot/panlex-20191001-csv/2894#111102476>				<https://panlex.org/snapshot/panlex-20191001-csv/2894#111102481>		"Heimsheilsufelagsskapurin"@fo	
"Джор Плъыжь"@kbd	<https://panlex.org/snapshot/panlex-20191001-csv/2894#111101519>				<https://panlex.org/snapshot/panlex-20191001-csv/2894#111101621>		"Reyði Krossur"@fo	
"Лъэпкъ Зэгуэт Организациэ еджэныгъэм, шъэныгъэм, културэм пылъ"@kbd	<https://panlex.org/snapshot/panlex-20191001-csv/2894#111102135>				<https://panlex.org/snapshot/panlex-20191001-csv/2894#111102217>		"Ráðnum fyri útbúgvingar-, vísinda- og mentanarmálum hjá Sameindu Tjóðum"@fo	
"гъубж"@kbd	<https://panlex.org/snapshot/panlex-20191001-csv/2892#110824760>				<https://panlex.org/snapshot/panlex-20191001-csv/2892#110824508>		"týsdagur"@fo	
"гъубж"@kbd	<https://panlex.org/snapshot/panlex-20191001-csv/2892#110824760>				<https://panlex.org/snapshot/panlex-20191001-csv/2892#110824450>		"týsdagur"@fo	
"блыщхьэ"@kbd	<https://panlex.org/snapshot/panlex-20191001-csv/2892#110824040>				<https://panlex.org/snapshot/panlex-20191001-csv/2892#110824335>		"mánadagur"@fo	
"блыщхьэ"@kbd	<https://panlex.org/snapshot/panlex-20191001-csv/2892#110824040>				<https://panlex.org/snapshot/panlex-20191001-csv/2892#110824266>		"mánadagur"@fo	
"мэхуэку"@kbd	<https://panlex.org/snapshot/panlex-20191001-csv/2892#110825671>				<https://panlex.org/snapshot/panlex-20191001-csv/2892#110825615>		"hósdagur"@fo	
"мэхуэку"@kbd	<https://panlex.org/snapshot/panlex-20191001-csv/2892#110825671>				<https://panlex.org/snapshot/panlex-20191001-csv/2892#110825479>		"tórsdagur"@fo	
"тхьэмахуэ"@kbd	<https://panlex.org/snapshot/panlex-20191001-csv/2892#110826601>				<https://panlex.org/snapshot/panlex-20191001-csv/2892#110826693>		"sunnudagur"@fo	
"тхьэмахуэ"@kbd	<https://panlex.org/snapshot/panlex-20191001-csv/2892#110826601>				<https://panlex.org/snapshot/panlex-20191001-csv/2892#110826765>		"sunnudagur"@fo	
"мэрем"@kbd	<https://panlex.org/snapshot/panlex-20191001-csv/2892#110826103>				<https://panlex.org/snapshot/panlex-20191001-csv/2892#110826108>		"fríggjadagur"@fo	
"мэрем"@kbd	<https://panlex.org/snapshot/panlex-20191001-csv/2892#110826103>				<https://panlex.org/snapshot/panlex-20191001-csv/2892#110825819>		"fríggjadagur"@fo	
"бэрэжьей"@kbd	<https://panlex.org/snapshot/panlex-20191001-csv/2892#110824973>				<https://panlex.org/snapshot/panlex-20191001-csv/2892#110824893>		"ónsdagur"@fo	
"бэрэжьей"@kbd	<https://panlex.org/snapshot/panlex-20191001-csv/2892#110824973>				<https://panlex.org/snapshot/panlex-20191001-csv/2892#110825018>		"mikudagur"@fo	
"щэбэт"@kbd	<https://panlex.org/snapshot/panlex-20191001-csv/2892#110826505>				<https://panlex.org/snapshot/panlex-20191001-csv/2892#110826567>		"leygardagur"@fo	
"щэбэт"@kbd	<https://panlex.org/snapshot/panlex-20191001-csv/2892#110826505>				<https://panlex.org/snapshot/panlex-20191001-csv/2892#110826496>		"leygardagur"@fo	
"май"@kbd	<https://panlex.org/snapshot/panlex-20191001-csv/2897#110828718>				<https://panlex.org/snapshot/panlex-20191001-csv/2897#110829022>		"mai"@fo	
"август"@kbd	<https://panlex.org/snapshot/panlex-20191001-csv/2897#110830030>				<https://panlex.org/snapshot/panlex-20191001-csv/2897#110830246>		"august"@fo	
"февраль"@kbd	<https://panlex.org/snapshot/panlex-20191001-csv/2897#110827854>				<https://panlex.org/snapshot/panlex-20191001-csv/2897#110827517>		"februar"@fo	
"ноябрь"@kbd	<https://panlex.org/snapshot/panlex-20191001-csv/2897#110831237>				<https://panlex.org/snapshot/panlex-20191001-csv/2897#110831477>		"november"@fo	
"декабрь"@kbd	<https://panlex.org/snapshot/panlex-20191001-csv/2897#110831623>				<https://panlex.org/snapshot/panlex-20191001-csv/2897#110831906>		"desember"@fo	
"июль"@kbd	<https://panlex.org/snapshot/panlex-20191001-csv/2897#110829749>				<https://panlex.org/snapshot/panlex-20191001-csv/2897#110829737>		"juli"@fo	
"октябрь"@kbd	<https://panlex.org/snapshot/panlex-20191001-csv/2897#110830811>				<https://panlex.org/snapshot/panlex-20191001-csv/2897#110830775>		"oktober"@fo	
"сентябрь"@kbd	<https://panlex.org/snapshot/panlex-20191001-csv/2897#110830436>				<https://panlex.org/snapshot/panlex-20191001-csv/2897#110830463>		"september"@fo	
"июнь"@kbd	<https://panlex.org/snapshot/panlex-20191001-csv/2897#110829086>				<https://panlex.org/snapshot/panlex-20191001-csv/2897#110829314>		"juni"@fo	
"январь"@kbd	<https://panlex.org/snapshot/panlex-20191001-csv/2897#110827322>				<https://panlex.org/snapshot/panlex-20191001-csv/2897#110827141>		"januar"@fo	
"март"@kbd	<https://panlex.org/snapshot/panlex-20191001-csv/2897#110828114>				<https://panlex.org/snapshot/panlex-20191001-csv/2897#110827863>		"mars"@fo	
"апрель"@kbd	<https://panlex.org/snapshot/panlex-20191001-csv/2897#110828408>				<https://panlex.org/snapshot/panlex-20191001-csv/2897#110828286>		"apríl"@fo	
"Азиэ"@kbd	<https://panlex.org/snapshot/panlex-20191001-csv/2891#110853933>				<https://panlex.org/snapshot/panlex-20191001-csv/2891#110853992>		"Asia"@fo	
"Америкэ"@kbd	<https://panlex.org/snapshot/panlex-20191001-csv/2891#110853351>				<https://panlex.org/snapshot/panlex-20191001-csv/2891#110853458>		"Amerika"@fo	
"Африкэ"@kbd	<https://panlex.org/snapshot/panlex-20191001-csv/2891#110853204>				<https://panlex.org/snapshot/panlex-20191001-csv/2891#110853029>		"Afrika"@fo	
"Хы Тӏыгуей"@kbd	<https://panlex.org/snapshot/panlex-20191001-csv/2891#110854401>				<https://panlex.org/snapshot/panlex-20191001-csv/2891#110854472>		"Kyrrahavsoyggjarnar"@fo	
"Хы Тӏыгуей"@kbd	<https://panlex.org/snapshot/panlex-20191001-csv/2891#110854401>				<https://panlex.org/snapshot/panlex-20191001-csv/2891#110854484>		"Oyggjalond"@fo	
"Еуропэ"@kbd	<https://panlex.org/snapshot/panlex-20191001-csv/2891#110854097>				<https://panlex.org/snapshot/panlex-20191001-csv/2891#110854147>		"Evropa"@fo	
"Антарктидэ"@kbd	<https://panlex.org/snapshot/panlex-20191001-csv/2891#110853565>				<https://panlex.org/snapshot/panlex-20191001-csv/2891#110853768>		"Antarktis"@fo	
"Океаниэ"@kbd	<https://panlex.org/snapshot/panlex-20191001-csv/2891#110854542>				<https://panlex.org/snapshot/panlex-20191001-csv/2891#110854472>		"Kyrrahavsoyggjarnar"@fo	
"Океаниэ"@kbd	<https://panlex.org/snapshot/panlex-20191001-csv/2891#110854542>				<https://panlex.org/snapshot/panlex-20191001-csv/2891#110854484>		"Oyggjalond"@fo	
"Къурш джабэхэр"@kbd	<https://panlex.org/snapshot/panlex-20191001-csv/2896#110866832>				<https://panlex.org/snapshot/panlex-20191001-csv/2896#110866802>		"Klettafjøll"@fo	
"Къаукъаз"@kbd	<https://panlex.org/snapshot/panlex-20191001-csv/2896#110866233>				<https://panlex.org/snapshot/panlex-20191001-csv/2896#110866305>		"Kavkasus"@fo	
"Гималайхэр"@kbd	<https://panlex.org/snapshot/panlex-20191001-csv/2896#110866536>				<https://panlex.org/snapshot/panlex-20191001-csv/2896#110866579>		"Himalaja"@fo	
"Алпхэр"@kbd	<https://panlex.org/snapshot/panlex-20191001-csv/2896#110865945>				<https://panlex.org/snapshot/panlex-20191001-csv/2896#110865977>		"Alpurnar"@fo	
"Андхэр"@kbd	<https://panlex.org/snapshot/panlex-20191001-csv/2896#110865998>				<https://panlex.org/snapshot/panlex-20191001-csv/2896#110866051>		"Andesfjøll"@fo	
