"гъубж"@kbd	<https://panlex.org/snapshot/panlex-20191001-csv/2892#110824760>				<https://panlex.org/snapshot/panlex-20191001-csv/2892#110824556>		"талати"@ani	
"гъубж"@kbd	<https://panlex.org/snapshot/panlex-20191001-csv/2892#110824760>				<https://panlex.org/snapshot/panlex-20191001-csv/2892#110824648>		"цӏерсуб"@ani	
"блыщхьэ"@kbd	<https://panlex.org/snapshot/panlex-20191001-csv/2892#110824040>				<https://panlex.org/snapshot/panlex-20191001-csv/2892#110824054>		"йегьайчӏи"@ani	
"блыщхьэ"@kbd	<https://panlex.org/snapshot/panlex-20191001-csv/2892#110824040>				<https://panlex.org/snapshot/panlex-20191001-csv/2892#110824322>		"итни"@ani	
"мэхуэку"@kbd	<https://panlex.org/snapshot/panlex-20191001-csv/2892#110825671>				<https://panlex.org/snapshot/panlex-20191001-csv/2892#110825335>		"хамизи"@ani	
"мэхуэку"@kbd	<https://panlex.org/snapshot/panlex-20191001-csv/2892#110825671>				<https://panlex.org/snapshot/panlex-20191001-csv/2892#110825413>		"йокьидиси"@ani	
"тхьэмахуэ"@kbd	<https://panlex.org/snapshot/panlex-20191001-csv/2892#110826601>				<https://panlex.org/snapshot/panlex-20191001-csv/2892#110826956>		"гьатӏан"@ani	
"тхьэмахуэ"@kbd	<https://panlex.org/snapshot/panlex-20191001-csv/2892#110826601>				<https://panlex.org/snapshot/panlex-20191001-csv/2892#110826580>		"цӏобол"@ani	
"мэрем"@kbd	<https://panlex.org/snapshot/panlex-20191001-csv/2892#110826103>				<https://panlex.org/snapshot/panlex-20191001-csv/2892#110826067>		"рузман"@ani	
"мэрем"@kbd	<https://panlex.org/snapshot/panlex-20191001-csv/2892#110826103>				<https://panlex.org/snapshot/panlex-20191001-csv/2892#110825752>		"рузмал"@ani	
"бэрэжьей"@kbd	<https://panlex.org/snapshot/panlex-20191001-csv/2892#110824973>				<https://panlex.org/snapshot/panlex-20191001-csv/2892#110825211>		"мичӏикӏоб-цӏоболӏи"@ani	
"бэрэжьей"@kbd	<https://panlex.org/snapshot/panlex-20191001-csv/2892#110824973>				<https://panlex.org/snapshot/panlex-20191001-csv/2892#110825152>		"арбаи"@ani	
"щэбэт"@kbd	<https://panlex.org/snapshot/panlex-20191001-csv/2892#110826505>				<https://panlex.org/snapshot/panlex-20191001-csv/2892#110826534>		"шамати"@ani	
