"Етӏуанэ дунейпсо зауэ"@kbd	<https://panlex.org/snapshot/panlex-20191001-csv/6709#111077621>				<https://panlex.org/snapshot/panlex-20191001-csv/6709#111077550>		"Volakrig Telid"@vo	
"Япэрей дунейпсо зауэ"@kbd	<https://panlex.org/snapshot/panlex-20191001-csv/6709#111077472>				<https://panlex.org/snapshot/panlex-20191001-csv/6709#111077461>		"Volakrig Balid"@vo	
"Албаниэ"@kbd	<https://panlex.org/snapshot/panlex-20191001-csv/5947#84579711>				<https://panlex.org/snapshot/panlex-20191001-csv/5947#84579814>		"Lalbanän"@vo	
"бгъэ"@kbd	<https://panlex.org/snapshot/panlex-20191001-csv/5947#84782289>				<https://panlex.org/snapshot/panlex-20191001-csv/5947#84782393>		"kvil"@vo	
"Шотланд"@kbd	<https://panlex.org/snapshot/panlex-20191001-csv/5949#85325252>				<https://panlex.org/snapshot/panlex-20191001-csv/5949#85325324>		"Skotän"@vo	
"Берлин"@kbd	<https://panlex.org/snapshot/panlex-20191001-csv/5949#85302459>				<https://panlex.org/snapshot/panlex-20191001-csv/5949#85302560>		"Berlin"@vo	
"Урысей"@kbd	<https://panlex.org/snapshot/panlex-20191001-csv/5949#85319495>				<https://panlex.org/snapshot/panlex-20191001-csv/5949#85319634>		"Rusän"@vo	
"Филипинхэр"@kbd	<https://panlex.org/snapshot/panlex-20191001-csv/5949#85323356>				<https://panlex.org/snapshot/panlex-20191001-csv/5949#85323438>		"Filipuäns"@vo	
"Тбилиси"@kbd	<https://panlex.org/snapshot/panlex-20191001-csv/5949#85321826>				<https://panlex.org/snapshot/panlex-20191001-csv/5949#85321885>		"Tbilisi"@vo	
"август"@kbd	<https://panlex.org/snapshot/panlex-20191001-csv/5949#85329387>				<https://panlex.org/snapshot/panlex-20191001-csv/5949#85329540>		"jölul"@vo	
"август"@kbd	<https://panlex.org/snapshot/panlex-20191001-csv/5949#85329387>				<https://panlex.org/snapshot/panlex-20191001-csv/5949#85329541>		"gustul"@vo	
"Дыгъэ"@kbd	<https://panlex.org/snapshot/panlex-20191001-csv/5949#85320930>				<https://panlex.org/snapshot/panlex-20191001-csv/5949#85321012>		"Sol"@vo	
"Льеж"@kbd	<https://panlex.org/snapshot/panlex-20191001-csv/5949#85314831>				<https://panlex.org/snapshot/panlex-20191001-csv/5949#85314870>		"Liège"@vo	
"Россиэ"@kbd	<https://panlex.org/snapshot/panlex-20191001-csv/5949#85319496>				<https://panlex.org/snapshot/panlex-20191001-csv/5949#85319634>		"Rusän"@vo	
"Баку"@kbd	<https://panlex.org/snapshot/panlex-20191001-csv/5949#85301484>				<https://panlex.org/snapshot/panlex-20191001-csv/5949#85301545>		"Bakı"@vo	
"математикэ"@kbd	<https://panlex.org/snapshot/panlex-20191001-csv/2904#111023509>				<https://panlex.org/snapshot/panlex-20191001-csv/2904#111023341>		"matemat"@vo	
"философиэ"@kbd	<https://panlex.org/snapshot/panlex-20191001-csv/2904#111023793>				<https://panlex.org/snapshot/panlex-20191001-csv/2904#111023771>		"filosop"@vo	
"биологиэ"@kbd	<https://panlex.org/snapshot/panlex-20191001-csv/2904#111022167>				<https://panlex.org/snapshot/panlex-20191001-csv/2904#111022306>		"lifav"@vo	
"университет"@kbd	<https://panlex.org/snapshot/panlex-20191001-csv/2904#111024592>				<https://panlex.org/snapshot/panlex-20191001-csv/2904#111024507>		"niver"@vo	
"тхыдэ"@kbd	<https://panlex.org/snapshot/panlex-20191001-csv/2904#111023005>				<https://panlex.org/snapshot/panlex-20191001-csv/2904#111022834>		"jenav"@vo	
"хэкумэтх"@kbd	<https://panlex.org/snapshot/panlex-20191001-csv/2904#111022582>				<https://panlex.org/snapshot/panlex-20191001-csv/2904#111022655>		"taledav"@vo	
"астрономиэ"@kbd	<https://panlex.org/snapshot/panlex-20191001-csv/2904#111022123>				<https://panlex.org/snapshot/panlex-20191001-csv/2904#111021932>		"stelav"@vo	
"щӏэныгъэ"@kbd	<https://panlex.org/snapshot/panlex-20191001-csv/2904#111024390>				<https://panlex.org/snapshot/panlex-20191001-csv/2904#111024314>		"nolav"@vo	
"щӏэныгъэ"@kbd	<https://panlex.org/snapshot/panlex-20191001-csv/2904#111024390>				<https://panlex.org/snapshot/panlex-20191001-csv/2904#111024278>		"natav"@vo	
"медицинэ"@kbd	<https://panlex.org/snapshot/panlex-20191001-csv/2904#111023705>				<https://panlex.org/snapshot/panlex-20191001-csv/2904#111023717>		"sanav"@vo	
"химиэ"@kbd	<https://panlex.org/snapshot/panlex-20191001-csv/2904#111022540>				<https://panlex.org/snapshot/panlex-20191001-csv/2904#111022548>		"kiemav"@vo	
"физикэ"@kbd	<https://panlex.org/snapshot/panlex-20191001-csv/2904#111024056>				<https://panlex.org/snapshot/panlex-20191001-csv/2904#111024174>		"füsüdav"@vo	
"Арктикэ хышхуэ"@kbd	<https://panlex.org/snapshot/panlex-20191001-csv/2901#110867179>				<https://panlex.org/snapshot/panlex-20191001-csv/2901#110867097>		"Nolüdagladean"@vo	
"Атлантикэ хышхуэ"@kbd	<https://panlex.org/snapshot/panlex-20191001-csv/2901#110867427>				<https://panlex.org/snapshot/panlex-20191001-csv/2901#110867541>		"Latlantean"@vo	
"Иӏуфэхэр Ипшъэ хышхуэ"@kbd	<https://panlex.org/snapshot/panlex-20191001-csv/2901#110867095>				<https://panlex.org/snapshot/panlex-20191001-csv/2901#110867097>		"Nolüdagladean"@vo	
"Щэху хышхуэ"@kbd	<https://panlex.org/snapshot/panlex-20191001-csv/2901#110868123>				<https://panlex.org/snapshot/panlex-20191001-csv/2901#110867994>		"Pasifean"@vo	
"Ипшъэ хышхуэ"@kbd	<https://panlex.org/snapshot/panlex-20191001-csv/2901#110868373>				<https://panlex.org/snapshot/panlex-20191001-csv/2901#110868316>		"Sulüdagladean"@vo	
"Индиэ хышхуэ"@kbd	<https://panlex.org/snapshot/panlex-20191001-csv/2901#110867770>				<https://panlex.org/snapshot/panlex-20191001-csv/2901#110867787>		"Lindean"@vo	
"Дание"@kbd	<https://panlex.org/snapshot/panlex-20191001-csv/10#573918>				<https://panlex.org/snapshot/panlex-20191001-csv/10#574015>		"Danän"@vo	
"гъубж"@kbd	<https://panlex.org/snapshot/panlex-20191001-csv/2892#110824760>				<https://panlex.org/snapshot/panlex-20191001-csv/2892#110824489>		"tudel"@vo	
"гъубж"@kbd	<https://panlex.org/snapshot/panlex-20191001-csv/2892#110824760>				<https://panlex.org/snapshot/panlex-20191001-csv/2892#110824812>		"kilüdel"@vo	
"блыщхьэ"@kbd	<https://panlex.org/snapshot/panlex-20191001-csv/2892#110824040>				<https://panlex.org/snapshot/panlex-20191001-csv/2892#110824394>		"mudel"@vo	
"блыщхьэ"@kbd	<https://panlex.org/snapshot/panlex-20191001-csv/2892#110824040>				<https://panlex.org/snapshot/panlex-20191001-csv/2892#110824149>		"telüdel"@vo	
"мэхуэку"@kbd	<https://panlex.org/snapshot/panlex-20191001-csv/2892#110825671>				<https://panlex.org/snapshot/panlex-20191001-csv/2892#110825323>		"lulüdel"@vo	
"мэхуэку"@kbd	<https://panlex.org/snapshot/panlex-20191001-csv/2892#110825671>				<https://panlex.org/snapshot/panlex-20191001-csv/2892#110825330>		"dödel"@vo	
"тхьэмахуэ"@kbd	<https://panlex.org/snapshot/panlex-20191001-csv/2892#110826601>				<https://panlex.org/snapshot/panlex-20191001-csv/2892#110827008>		"balüdel"@vo	
"тхьэмахуэ"@kbd	<https://panlex.org/snapshot/panlex-20191001-csv/2892#110826601>				<https://panlex.org/snapshot/panlex-20191001-csv/2892#110826721>		"sudel"@vo	
"мэрем"@kbd	<https://panlex.org/snapshot/panlex-20191001-csv/2892#110826103>				<https://panlex.org/snapshot/panlex-20191001-csv/2892#110825771>		"fridel"@vo	
"мэрем"@kbd	<https://panlex.org/snapshot/panlex-20191001-csv/2892#110826103>				<https://panlex.org/snapshot/panlex-20191001-csv/2892#110826110>		"mälüdel"@vo	
"бэрэжьей"@kbd	<https://panlex.org/snapshot/panlex-20191001-csv/2892#110824973>				<https://panlex.org/snapshot/panlex-20191001-csv/2892#110824943>		"folüdel"@vo	
"бэрэжьей"@kbd	<https://panlex.org/snapshot/panlex-20191001-csv/2892#110824973>				<https://panlex.org/snapshot/panlex-20191001-csv/2892#110825055>		"vedel"@vo	
"щэбэт"@kbd	<https://panlex.org/snapshot/panlex-20191001-csv/2892#110826505>				<https://panlex.org/snapshot/panlex-20191001-csv/2892#110826135>		"zädel"@vo	
"щэбэт"@kbd	<https://panlex.org/snapshot/panlex-20191001-csv/2892#110826505>				<https://panlex.org/snapshot/panlex-20191001-csv/2892#110826409>		"velüdel"@vo	
"май"@kbd	<https://panlex.org/snapshot/panlex-20191001-csv/2897#110828718>				<https://panlex.org/snapshot/panlex-20191001-csv/2897#110828770>		"mayul"@vo	
"май"@kbd	<https://panlex.org/snapshot/panlex-20191001-csv/2897#110828718>				<https://panlex.org/snapshot/panlex-20191001-csv/2897#110828907>		"lulul"@vo	
"август"@kbd	<https://panlex.org/snapshot/panlex-20191001-csv/2897#110830030>				<https://panlex.org/snapshot/panlex-20191001-csv/2897#110829907>		"gustul"@vo	
"август"@kbd	<https://panlex.org/snapshot/panlex-20191001-csv/2897#110830030>				<https://panlex.org/snapshot/panlex-20191001-csv/2897#110830069>		"jölul"@vo	
"февраль"@kbd	<https://panlex.org/snapshot/panlex-20191001-csv/2897#110827854>				<https://panlex.org/snapshot/panlex-20191001-csv/2897#110827829>		"febul"@vo	
"февраль"@kbd	<https://panlex.org/snapshot/panlex-20191001-csv/2897#110827854>				<https://panlex.org/snapshot/panlex-20191001-csv/2897#110827703>		"telul"@vo	
"ноябрь"@kbd	<https://panlex.org/snapshot/panlex-20191001-csv/2897#110831237>				<https://panlex.org/snapshot/panlex-20191001-csv/2897#110831245>		"novul"@vo	
"ноябрь"@kbd	<https://panlex.org/snapshot/panlex-20191001-csv/2897#110831237>				<https://panlex.org/snapshot/panlex-20191001-csv/2897#110831284>		"balsebalul"@vo	
"ноябрь"@kbd	<https://panlex.org/snapshot/panlex-20191001-csv/2897#110831237>				<https://panlex.org/snapshot/panlex-20191001-csv/2897#110831174>		"babul"@vo	
"декабрь"@kbd	<https://panlex.org/snapshot/panlex-20191001-csv/2897#110831623>				<https://panlex.org/snapshot/panlex-20191001-csv/2897#110831637>		"batul"@vo	
"декабрь"@kbd	<https://panlex.org/snapshot/panlex-20191001-csv/2897#110831623>				<https://panlex.org/snapshot/panlex-20191001-csv/2897#110831817>		"dekul"@vo	
"декабрь"@kbd	<https://panlex.org/snapshot/panlex-20191001-csv/2897#110831623>				<https://panlex.org/snapshot/panlex-20191001-csv/2897#110831756>		"balsetelul"@vo	
"июль"@kbd	<https://panlex.org/snapshot/panlex-20191001-csv/2897#110829749>				<https://panlex.org/snapshot/panlex-20191001-csv/2897#110829838>		"velul"@vo	
"июль"@kbd	<https://panlex.org/snapshot/panlex-20191001-csv/2897#110829749>				<https://panlex.org/snapshot/panlex-20191001-csv/2897#110829658>		"yulul"@vo	
"октябрь"@kbd	<https://panlex.org/snapshot/panlex-20191001-csv/2897#110830811>				<https://panlex.org/snapshot/panlex-20191001-csv/2897#110830829>		"tobul"@vo	
"октябрь"@kbd	<https://panlex.org/snapshot/panlex-20191001-csv/2897#110830811>				<https://panlex.org/snapshot/panlex-20191001-csv/2897#110830830>		"balsul"@vo	
"сентябрь"@kbd	<https://panlex.org/snapshot/panlex-20191001-csv/2897#110830436>				<https://panlex.org/snapshot/panlex-20191001-csv/2897#110830466>		"zülul"@vo	
"сентябрь"@kbd	<https://panlex.org/snapshot/panlex-20191001-csv/2897#110830436>				<https://panlex.org/snapshot/panlex-20191001-csv/2897#110830549>		"setul"@vo	
"июнь"@kbd	<https://panlex.org/snapshot/panlex-20191001-csv/2897#110829086>				<https://panlex.org/snapshot/panlex-20191001-csv/2897#110829438>		"mälul"@vo	
"июнь"@kbd	<https://panlex.org/snapshot/panlex-20191001-csv/2897#110829086>				<https://panlex.org/snapshot/panlex-20191001-csv/2897#110829160>		"yunul"@vo	
"январь"@kbd	<https://panlex.org/snapshot/panlex-20191001-csv/2897#110827322>				<https://panlex.org/snapshot/panlex-20191001-csv/2897#110827136>		"balul"@vo	
"январь"@kbd	<https://panlex.org/snapshot/panlex-20191001-csv/2897#110827322>				<https://panlex.org/snapshot/panlex-20191001-csv/2897#110827130>		"yanul"@vo	
"март"@kbd	<https://panlex.org/snapshot/panlex-20191001-csv/2897#110828114>				<https://panlex.org/snapshot/panlex-20191001-csv/2897#110828005>		"mäzul"@vo	
"март"@kbd	<https://panlex.org/snapshot/panlex-20191001-csv/2897#110828114>				<https://panlex.org/snapshot/panlex-20191001-csv/2897#110828191>		"kilul"@vo	
"апрель"@kbd	<https://panlex.org/snapshot/panlex-20191001-csv/2897#110828408>				<https://panlex.org/snapshot/panlex-20191001-csv/2897#110828608>		"folul"@vo	
"апрель"@kbd	<https://panlex.org/snapshot/panlex-20191001-csv/2897#110828408>				<https://panlex.org/snapshot/panlex-20191001-csv/2897#110828603>		"prilul"@vo	
"Азиэ"@kbd	<https://panlex.org/snapshot/panlex-20191001-csv/2891#110853933>				<https://panlex.org/snapshot/panlex-20191001-csv/2891#110853837>		"Siyop"@vo	
"Америкэ"@kbd	<https://panlex.org/snapshot/panlex-20191001-csv/2891#110853351>				<https://panlex.org/snapshot/panlex-20191001-csv/2891#110853345>		"Merop"@vo	
"Африкэ"@kbd	<https://panlex.org/snapshot/panlex-20191001-csv/2891#110853204>				<https://panlex.org/snapshot/panlex-20191001-csv/2891#110853067>		"Frikop"@vo	
"Хы Тӏыгуей"@kbd	<https://panlex.org/snapshot/panlex-20191001-csv/2891#110854401>				<https://panlex.org/snapshot/panlex-20191001-csv/2891#110854370>		"Seanop"@vo	
"Еуропэ"@kbd	<https://panlex.org/snapshot/panlex-20191001-csv/2891#110854097>				<https://panlex.org/snapshot/panlex-20191001-csv/2891#110854137>		"Yurop"@vo	
"Океаниэ"@kbd	<https://panlex.org/snapshot/panlex-20191001-csv/2891#110854542>				<https://panlex.org/snapshot/panlex-20191001-csv/2891#110854370>		"Seanop"@vo	
