"[lenwal]"@pss	<https://panlex.org/snapshot/panlex-20191001-csv/114#8056625>				<https://panlex.org/snapshot/panlex-20191001-csv/114#8056752>		"sukure"@vnk	
"ŋin"@pss	<https://panlex.org/snapshot/panlex-20191001-csv/114#8067437>				<https://panlex.org/snapshot/panlex-20191001-csv/114#8067570>		"unie"@vnk	
"yut"@pss	<https://panlex.org/snapshot/panlex-20191001-csv/114#8064846>				<https://panlex.org/snapshot/panlex-20191001-csv/114#8064992>		"vie mbasa"@vnk	
"ɛřan"@pss	<https://panlex.org/snapshot/panlex-20191001-csv/114#8060133>				<https://panlex.org/snapshot/panlex-20191001-csv/114#8060254>		"opiene"@vnk	
"pokoi"@pss	<https://panlex.org/snapshot/panlex-20191001-csv/114#8059173>				<https://panlex.org/snapshot/panlex-20191001-csv/114#8059298>		"ndie"@vnk	
