"paiʔh"@pss	<https://panlex.org/snapshot/panlex-20191001-csv/114#8055601>				<https://panlex.org/snapshot/panlex-20191001-csv/114#8055505>		"takali"@mgm	
"tulu"@pss	<https://panlex.org/snapshot/panlex-20191001-csv/114#8062224>				<https://panlex.org/snapshot/panlex-20191001-csv/114#8062134>		"dinir"@mgm	
"tulu"@pss	<https://panlex.org/snapshot/panlex-20191001-csv/114#8062224>				<https://panlex.org/snapshot/panlex-20191001-csv/114#8062135>		"notar"@mgm	
"wĩi-"@pss	<https://panlex.org/snapshot/panlex-20191001-csv/114#8052008>				<https://panlex.org/snapshot/panlex-20191001-csv/114#8051904>		"m|ima-n"@mgm	
"lɛm"@pss	<https://panlex.org/snapshot/panlex-20191001-csv/114#8062727>				<https://panlex.org/snapshot/panlex-20191001-csv/114#8062630>		"tmau"@mgm	
"[lenwal]"@pss	<https://panlex.org/snapshot/panlex-20191001-csv/114#8056625>				<https://panlex.org/snapshot/panlex-20191001-csv/114#8056524>		"rai"@mgm	
"ŋin"@pss	<https://panlex.org/snapshot/panlex-20191001-csv/114#8067437>				<https://panlex.org/snapshot/panlex-20191001-csv/114#8067331>		"nifa-n"@mgm	
"mɛ"@pss	<https://panlex.org/snapshot/panlex-20191001-csv/114#8055106>				<https://panlex.org/snapshot/panlex-20191001-csv/114#8055007>		"ma"@mgm	
"yut"@pss	<https://panlex.org/snapshot/panlex-20191001-csv/114#8064846>				<https://panlex.org/snapshot/panlex-20191001-csv/114#8064745>		"ulu-n"@mgm	
"ɛřan"@pss	<https://panlex.org/snapshot/panlex-20191001-csv/114#8060133>				<https://panlex.org/snapshot/panlex-20191001-csv/114#8060041>		"ate-n"@mgm	
"pokoi"@pss	<https://panlex.org/snapshot/panlex-20191001-csv/114#8059173>				<https://panlex.org/snapshot/panlex-20191001-csv/114#8059078>		"rui-n"@mgm	
