"ཉི"@dz	<https://panlex.org/snapshot/panlex-20191001-csv/5947#84860979>				<https://panlex.org/snapshot/panlex-20191001-csv/5947#84860967>		"амра"@ab	
"ཉི"@dz	<https://panlex.org/snapshot/panlex-20191001-csv/5947#84860979>				<https://panlex.org/snapshot/panlex-20191001-csv/5947#84860968>		"а'мра"@ab	
"ཨཱལ་བེ་ནི་ཡ"@dz	<https://panlex.org/snapshot/panlex-20191001-csv/5947#84579664>				<https://panlex.org/snapshot/panlex-20191001-csv/5947#84579622>		"Арнауыҭтәыла"@ab	
"སྤྱི་ཟླཝ་བརྒྱད་པ།"@dz	<https://panlex.org/snapshot/panlex-20191001-csv/5949#85329322>				<https://panlex.org/snapshot/panlex-20191001-csv/5949#85329259>		"август"@ab	
"སྤྱི་ཟླཝ་བརྒྱད་པ།"@dz	<https://panlex.org/snapshot/panlex-20191001-csv/5949#85329322>				<https://panlex.org/snapshot/panlex-20191001-csv/5949#85329260>		"нанҳәа"@ab	
"ར་ཤི་ཡཱན་ཕེ་ཌི་རེ་ཤཱན"@dz	<https://panlex.org/snapshot/panlex-20191001-csv/5949#85319438>				<https://panlex.org/snapshot/panlex-20191001-csv/5949#85319377>		"Урыстәыла"@ab	
"གཞི་བདེ།"@dz	<https://panlex.org/snapshot/panlex-20191001-csv/2902#111012024>				<https://panlex.org/snapshot/panlex-20191001-csv/2902#111012206>		"аҭынчра"@ab	
"སྤྱི་ཟླ་གཉིས་པ།"@dz	<https://panlex.org/snapshot/panlex-20191001-csv/3776#91701450>				<https://panlex.org/snapshot/panlex-20191001-csv/3776#91701418>		"жәабран"@ab	
"ཡུ་ནའིཊེཊ་སི་ཊེསི་"@dz	<https://panlex.org/snapshot/panlex-20191001-csv/3776#91575397>				<https://panlex.org/snapshot/panlex-20191001-csv/3776#91575349>		"Америка Еиду Аштатқәа"@ab	
"མོསི་ཀོ"@dz	<https://panlex.org/snapshot/panlex-20191001-csv/3776#91683429>				<https://panlex.org/snapshot/panlex-20191001-csv/3776#91683405>		"Москва"@ab	
"རྒྱ་ནག"@dz	<https://panlex.org/snapshot/panlex-20191001-csv/3776#91729301>				<https://panlex.org/snapshot/panlex-20191001-csv/3776#91729274>		"Чынҭ"@ab	
"རྒྱ་མི"@dz	<https://panlex.org/snapshot/panlex-20191001-csv/3776#91729302>				<https://panlex.org/snapshot/panlex-20191001-csv/3776#91729274>		"Чынҭ"@ab	
"གཟའ་པ་སངས།"@dz	<https://panlex.org/snapshot/panlex-20191001-csv/2892#110825985>				<https://panlex.org/snapshot/panlex-20191001-csv/2892#110825754>		"ахәаша"@ab	
"གཟའ་ཟླ་བ།"@dz	<https://panlex.org/snapshot/panlex-20191001-csv/2892#110824045>				<https://panlex.org/snapshot/panlex-20191001-csv/2892#110824130>		"ашәахьа"@ab	
"གཟའ་སྤེན་པ།"@dz	<https://panlex.org/snapshot/panlex-20191001-csv/2892#110826418>				<https://panlex.org/snapshot/panlex-20191001-csv/2892#110826136>		"асабша"@ab	
"གཟའ་ཉི་མ།"@dz	<https://panlex.org/snapshot/panlex-20191001-csv/2892#110827013>				<https://panlex.org/snapshot/panlex-20191001-csv/2892#110826957>		"амҽыша"@ab	
"གཟའ་ཕུར་བུ།"@dz	<https://panlex.org/snapshot/panlex-20191001-csv/2892#110825440>				<https://panlex.org/snapshot/panlex-20191001-csv/2892#110825679>		"аԥшьаша"@ab	
"གཟའ་ལླག་པ།"@dz	<https://panlex.org/snapshot/panlex-20191001-csv/2892#110825077>				<https://panlex.org/snapshot/panlex-20191001-csv/2892#110824970>		"ахаша"@ab	
"གཟའ་མིག་དམར།"@dz	<https://panlex.org/snapshot/panlex-20191001-csv/2892#110824768>				<https://panlex.org/snapshot/panlex-20191001-csv/2892#110824593>		"аҩаша"@ab	
"སྤྱི་ཟླཝ་བཅུ་གཉིས་པ།"@dz	<https://panlex.org/snapshot/panlex-20191001-csv/2897#110831666>				<https://panlex.org/snapshot/panlex-20191001-csv/2897#110831964>		"декабр"@ab	
"སྤྱི་ཟླཝ་བཅུ་གཉིས་པ།"@dz	<https://panlex.org/snapshot/panlex-20191001-csv/2897#110831666>				<https://panlex.org/snapshot/panlex-20191001-csv/2897#110831857>		"ԥхынҷкәын"@ab	
"སྤྱི་ཟླཝ་གཉིས་པ།"@dz	<https://panlex.org/snapshot/panlex-20191001-csv/2897#110827628>				<https://panlex.org/snapshot/panlex-20191001-csv/2897#110827776>		"феврал"@ab	
"སྤྱི་ཟླཝ་གཉིས་པ།"@dz	<https://panlex.org/snapshot/panlex-20191001-csv/2897#110827628>				<https://panlex.org/snapshot/panlex-20191001-csv/2897#110827660>		"жәабран"@ab	
"སྤྱི་ཟླཝ་བཞི་པ།"@dz	<https://panlex.org/snapshot/panlex-20191001-csv/2897#110828626>				<https://panlex.org/snapshot/panlex-20191001-csv/2897#110828310>		"мшаԥы"@ab	
"སྤྱི་ཟླཝ་བཞི་པ།"@dz	<https://panlex.org/snapshot/panlex-20191001-csv/2897#110828626>				<https://panlex.org/snapshot/panlex-20191001-csv/2897#110828644>		"апрел"@ab	
"སྤྱི་ཟླཝ་དགུ་པ།"@dz	<https://panlex.org/snapshot/panlex-20191001-csv/2897#110830697>				<https://panlex.org/snapshot/panlex-20191001-csv/2897#110830637>		"цәыббра"@ab	
"སྤྱི་ཟླཝ་དགུ་པ།"@dz	<https://panlex.org/snapshot/panlex-20191001-csv/2897#110830697>				<https://panlex.org/snapshot/panlex-20191001-csv/2897#110830477>		"сентиабр"@ab	
"སྤྱི་ཟླཝ་བདུན་པ།"@dz	<https://panlex.org/snapshot/panlex-20191001-csv/2897#110829782>				<https://panlex.org/snapshot/panlex-20191001-csv/2897#110829791>		"ԥхынгәы"@ab	
"སྤྱི་ཟླཝ་བདུན་པ།"@dz	<https://panlex.org/snapshot/panlex-20191001-csv/2897#110829782>				<https://panlex.org/snapshot/panlex-20191001-csv/2897#110829543>		"ииул"@ab	
"སྤྱི་ཟླཝ་དང་པོ།"@dz	<https://panlex.org/snapshot/panlex-20191001-csv/2897#110827339>				<https://panlex.org/snapshot/panlex-20191001-csv/2897#110827368>		"ианвар"@ab	
"སྤྱི་ཟླཝ་དང་པོ།"@dz	<https://panlex.org/snapshot/panlex-20191001-csv/2897#110827339>				<https://panlex.org/snapshot/panlex-20191001-csv/2897#110827314>		"ажьырныҳәа"@ab	
"སྤྱི་ཟླཝ་བཅུ་གཅིག་པ།"@dz	<https://panlex.org/snapshot/panlex-20191001-csv/2897#110831311>				<https://panlex.org/snapshot/panlex-20191001-csv/2897#110831348>		"абҵара"@ab	
"སྤྱི་ཟླཝ་བཅུ་གཅིག་པ།"@dz	<https://panlex.org/snapshot/panlex-20191001-csv/2897#110831311>				<https://panlex.org/snapshot/panlex-20191001-csv/2897#110831377>		"ноиабр"@ab	
"སྤྱི་ཟླཝ་གསུམ་པ།"@dz	<https://panlex.org/snapshot/panlex-20191001-csv/2897#110828093>				<https://panlex.org/snapshot/panlex-20191001-csv/2897#110827959>		"хәажәкыра"@ab	
"སྤྱི་ཟླཝ་གསུམ་པ།"@dz	<https://panlex.org/snapshot/panlex-20191001-csv/2897#110828093>				<https://panlex.org/snapshot/panlex-20191001-csv/2897#110828226>		"март"@ab	
"སྤྱི་ཟླཝ་ལྔ་པ།"@dz	<https://panlex.org/snapshot/panlex-20191001-csv/2897#110828773>				<https://panlex.org/snapshot/panlex-20191001-csv/2897#110828693>		"маи"@ab	
"སྤྱི་ཟླཝ་ལྔ་པ།"@dz	<https://panlex.org/snapshot/panlex-20191001-csv/2897#110828773>				<https://panlex.org/snapshot/panlex-20191001-csv/2897#110828856>		"лаҵара"@ab	
"སྤྱི་ཟླཝ་བཅུ་པ།"@dz	<https://panlex.org/snapshot/panlex-20191001-csv/2897#110830798>				<https://panlex.org/snapshot/panlex-20191001-csv/2897#110830909>		"жьҭаара"@ab	
"སྤྱི་ཟླཝ་བཅུ་པ།"@dz	<https://panlex.org/snapshot/panlex-20191001-csv/2897#110830798>				<https://panlex.org/snapshot/panlex-20191001-csv/2897#110830734>		"октиабр"@ab	
"སྤྱི་ཟླཝ་དྲུག་པ།"@dz	<https://panlex.org/snapshot/panlex-20191001-csv/2897#110829167>				<https://panlex.org/snapshot/panlex-20191001-csv/2897#110829397>		"рашәара"@ab	
"སྤྱི་ཟླཝ་དྲུག་པ།"@dz	<https://panlex.org/snapshot/panlex-20191001-csv/2897#110829167>				<https://panlex.org/snapshot/panlex-20191001-csv/2897#110829283>		"ииун"@ab	
"སྤྱི་ཟླཝ་བརྒྱད་པ།"@dz	<https://panlex.org/snapshot/panlex-20191001-csv/2897#110830025>				<https://panlex.org/snapshot/panlex-20191001-csv/2897#110829886>		"нанҳәа"@ab	
"སྤྱི་ཟླཝ་བརྒྱད་པ།"@dz	<https://panlex.org/snapshot/panlex-20191001-csv/2897#110830025>				<https://panlex.org/snapshot/panlex-20191001-csv/2897#110830269>		"август"@ab	
"ཨེན་ཊཱག་ཊི་ཀ།"@dz	<https://panlex.org/snapshot/panlex-20191001-csv/2891#110853555>				<https://panlex.org/snapshot/panlex-20191001-csv/2891#110853722>		"Антарктида"@ab	
"ཨཕ་རི་ཀ།"@dz	<https://panlex.org/snapshot/panlex-20191001-csv/2891#110853167>				<https://panlex.org/snapshot/panlex-20191001-csv/2891#110853071>		"Африка"@ab	
