"ཨཕ་རི་ཀ"@dz	<https://panlex.org/snapshot/panlex-20191001-csv/6898#113627483>				<https://panlex.org/snapshot/panlex-20191001-csv/6898#113627529>		"Африкӕ"@os	
"ཡུ་རོབ"@dz	<https://panlex.org/snapshot/panlex-20191001-csv/6898#113630587>				<https://panlex.org/snapshot/panlex-20191001-csv/6898#113630532>		"Европӕ"@os	
"ངོ་མ་ཤེས་པའི་ལུང་ཕྱོགས"@dz	<https://panlex.org/snapshot/panlex-20191001-csv/6898#113628816>				<https://panlex.org/snapshot/panlex-20191001-csv/6898#113628773>		"Нӕзонгӕ бӕстӕ"@os	
"འཛམ་གླིང༌"@dz	<https://panlex.org/snapshot/panlex-20191001-csv/6898#113605656>				<https://panlex.org/snapshot/panlex-20191001-csv/6898#113605717>		"Дуне"@os	
"ཇ་པཱན"@dz	<https://panlex.org/snapshot/panlex-20191001-csv/6898#113634802>				<https://panlex.org/snapshot/panlex-20191001-csv/6898#113634946>		"Япон"@os	
"སུའི་ཌན་"@dz	<https://panlex.org/snapshot/panlex-20191001-csv/5947#84612202>				<https://panlex.org/snapshot/panlex-20191001-csv/5947#84612269>		"Швеци"@os	
"མཆིན་པ"@dz	<https://panlex.org/snapshot/panlex-20191001-csv/5947#84895220>				<https://panlex.org/snapshot/panlex-20191001-csv/5947#84895275>		"игӕр"@os	
"ཨཱལ་བེ་ནི་ཡ"@dz	<https://panlex.org/snapshot/panlex-20191001-csv/5947#84579664>				<https://panlex.org/snapshot/panlex-20191001-csv/5947#84579751>		"Албани"@os	
"ཨེ་ཤི་ཡ"@dz	<https://panlex.org/snapshot/panlex-20191001-csv/5947#84583271>				<https://panlex.org/snapshot/panlex-20191001-csv/5947#84583316>		"Ази"@os	
"ཆརཔ།"@dz	<https://panlex.org/snapshot/panlex-20191001-csv/5946#84436272>				<https://panlex.org/snapshot/panlex-20191001-csv/5946#84436355>		"уарын"@os	
"ཕིན་ལེནཌ་"@dz	<https://panlex.org/snapshot/panlex-20191001-csv/5949#85323164>				<https://panlex.org/snapshot/panlex-20191001-csv/5949#85323230>		"Финлянди"@os	
"སྤྱི་ཟླཝ་བརྒྱད་པ།"@dz	<https://panlex.org/snapshot/panlex-20191001-csv/5949#85329322>				<https://panlex.org/snapshot/panlex-20191001-csv/5949#85329458>		"майрӕмы мӕй"@os	
"སྤྱི་ཟླཝ་བརྒྱད་པ།"@dz	<https://panlex.org/snapshot/panlex-20191001-csv/5949#85329322>				<https://panlex.org/snapshot/panlex-20191001-csv/5949#85329457>		"август"@os	
"ཇ་པཱན"@dz	<https://panlex.org/snapshot/panlex-20191001-csv/5949#85326060>				<https://panlex.org/snapshot/panlex-20191001-csv/5949#85326100>		"Япон"@os	
"ཧོང་ཀོང"@dz	<https://panlex.org/snapshot/panlex-20191001-csv/5949#85306647>				<https://panlex.org/snapshot/panlex-20191001-csv/5949#85306710>		"Гонконг"@os	
"ཕརཱནསི་"@dz	<https://panlex.org/snapshot/panlex-20191001-csv/5949#85323558>				<https://panlex.org/snapshot/panlex-20191001-csv/5949#85323642>		"Франц"@os	
"ཨས་ཊེཡེ་ལི་ཡ"@dz	<https://panlex.org/snapshot/panlex-20191001-csv/5949#85298103>				<https://panlex.org/snapshot/panlex-20191001-csv/5949#85298199>		"Австрали"@os	
"ར་ཤི་ཡཱན་ཕེ་ཌི་རེ་ཤཱན"@dz	<https://panlex.org/snapshot/panlex-20191001-csv/5949#85319438>				<https://panlex.org/snapshot/panlex-20191001-csv/5949#85319565>		"Уæрæсе"@os	
"ལེཊི་བི་ཡ།"@dz	<https://panlex.org/snapshot/panlex-20191001-csv/5949#85314262>				<https://panlex.org/snapshot/panlex-20191001-csv/5949#85314349>		"Латви"@os	
"གཞི་བདེ།"@dz	<https://panlex.org/snapshot/panlex-20191001-csv/2902#111012024>				<https://panlex.org/snapshot/panlex-20191001-csv/2902#111012337>		"ӕнцад"@os	
"གཞི་བདེ།"@dz	<https://panlex.org/snapshot/panlex-20191001-csv/2902#111012024>				<https://panlex.org/snapshot/panlex-20191001-csv/2902#111012215>		"фидыд"@os	
"མ་ལ་ཡ་ལམ་"@dz	<https://panlex.org/snapshot/panlex-20191001-csv/5#27700>				<https://panlex.org/snapshot/panlex-20191001-csv/5#27740>		"малаялам"@os	
"ལའོ་"@dz	<https://panlex.org/snapshot/panlex-20191001-csv/5#27910>				<https://panlex.org/snapshot/panlex-20191001-csv/5#27949>		"лаосаг"@os	
"ར་ཤི་ཡན་"@dz	<https://panlex.org/snapshot/panlex-20191001-csv/5#23114>				<https://panlex.org/snapshot/panlex-20191001-csv/5#23156>		"уырыссаг"@os	
"ཨུར་དུ་"@dz	<https://panlex.org/snapshot/panlex-20191001-csv/5#26063>				<https://panlex.org/snapshot/panlex-20191001-csv/5#26104>		"урду"@os	
"པར་ཤི་ཡན་"@dz	<https://panlex.org/snapshot/panlex-20191001-csv/5#23727>				<https://panlex.org/snapshot/panlex-20191001-csv/5#23771>		"персиаг"@os	
"ཏ་མིལ་"@dz	<https://panlex.org/snapshot/panlex-20191001-csv/5#28113>				<https://panlex.org/snapshot/panlex-20191001-csv/5#28153>		"тамилаг"@os	
"ཇཱར་མཱན་"@dz	<https://panlex.org/snapshot/panlex-20191001-csv/5#20657>				<https://panlex.org/snapshot/panlex-20191001-csv/5#20702>		"немыцаг"@os	
"ཕེ་རེནཆེ་"@dz	<https://panlex.org/snapshot/panlex-20191001-csv/5#27800>				<https://panlex.org/snapshot/panlex-20191001-csv/5#27844>		"францусаг"@os	
"ཨིང་ལིཤ་"@dz	<https://panlex.org/snapshot/panlex-20191001-csv/5#28613>				<https://panlex.org/snapshot/panlex-20191001-csv/5#28661>		"англисаг"@os	
"བེངྒ་ལི་"@dz	<https://panlex.org/snapshot/panlex-20191001-csv/5#26896>				<https://panlex.org/snapshot/panlex-20191001-csv/5#26938>		"бенгали"@os	
"ནོར་ཝི་ཇི་ཡན་"@dz	<https://panlex.org/snapshot/panlex-20191001-csv/5#21194>				<https://panlex.org/snapshot/panlex-20191001-csv/5#21237>		"норвегиаг"@os	
"ཅེཀ་"@dz	<https://panlex.org/snapshot/panlex-20191001-csv/5#22704>				<https://panlex.org/snapshot/panlex-20191001-csv/5#22745>		"чехаг"@os	
"ཧིན་དི་"@dz	<https://panlex.org/snapshot/panlex-20191001-csv/5#20242>				<https://panlex.org/snapshot/panlex-20191001-csv/5#20285>		"хинди"@os	
"པཱན་ཇ་བི་"@dz	<https://panlex.org/snapshot/panlex-20191001-csv/5#25961>				<https://panlex.org/snapshot/panlex-20191001-csv/5#26002>		"панджаби"@os	
"ཨའི་རིཤ་"@dz	<https://panlex.org/snapshot/panlex-20191001-csv/5#26167>				<https://panlex.org/snapshot/panlex-20191001-csv/5#26213>		"ирландиаг"@os	
"ཌཆ་"@dz	<https://panlex.org/snapshot/panlex-20191001-csv/5#24236>				<https://panlex.org/snapshot/panlex-20191001-csv/5#24278>		"нидерландаг"@os	
"གིརིཀ་"@dz	<https://panlex.org/snapshot/panlex-20191001-csv/5#26384>				<https://panlex.org/snapshot/panlex-20191001-csv/5#26429>		"бердзенаг"@os	
"ཏེ་ལུ་གུ་"@dz	<https://panlex.org/snapshot/panlex-20191001-csv/5#28412>				<https://panlex.org/snapshot/panlex-20191001-csv/5#28454>		"телугу"@os	
"ཀོ་རིཡན་"@dz	<https://panlex.org/snapshot/panlex-20191001-csv/5#28005>				<https://panlex.org/snapshot/panlex-20191001-csv/5#28050>		"корейаг"@os	
"ཨི་ཊ་ལི་ཡན་"@dz	<https://panlex.org/snapshot/panlex-20191001-csv/5#23619>				<https://panlex.org/snapshot/panlex-20191001-csv/5#23662>		"италиаг"@os	
"སིན་ཧ་ལིསི་"@dz	<https://panlex.org/snapshot/panlex-20191001-csv/5#24136>				<https://panlex.org/snapshot/panlex-20191001-csv/5#24175>		"сингалаг"@os	
"ནེ་པ་ལི་"@dz	<https://panlex.org/snapshot/panlex-20191001-csv/5#27600>				<https://panlex.org/snapshot/panlex-20191001-csv/5#27641>		"непали"@os	
"ཀ་ན་ཌ་"@dz	<https://panlex.org/snapshot/panlex-20191001-csv/5#24540>				<https://panlex.org/snapshot/panlex-20191001-csv/5#24582>		"каннада"@os	
"མ་ར་ཐི་"@dz	<https://panlex.org/snapshot/panlex-20191001-csv/5#25758>				<https://panlex.org/snapshot/panlex-20191001-csv/5#25798>		"маратхи"@os	
"སོག་པོའི་ཁ་"@dz	<https://panlex.org/snapshot/panlex-20191001-csv/5#22609>				<https://panlex.org/snapshot/panlex-20191001-csv/5#22648>		"монгойлаг"@os	
"རགྱ་མི་ཁ་"@dz	<https://panlex.org/snapshot/panlex-20191001-csv/5#24843>				<https://panlex.org/snapshot/panlex-20191001-csv/5#24885>		"китайаг"@os	
"ཨེ་ར་སྦིག་"@dz	<https://panlex.org/snapshot/panlex-20191001-csv/5#20036>				<https://panlex.org/snapshot/panlex-20191001-csv/5#20081>		"араббаг"@os	
"ཧི་བུརུ་"@dz	<https://panlex.org/snapshot/panlex-20191001-csv/5#24342>				<https://panlex.org/snapshot/panlex-20191001-csv/5#24385>		"уираг"@os	
"ཌེ་ནིཤ་"@dz	<https://panlex.org/snapshot/panlex-20191001-csv/5#20883>				<https://panlex.org/snapshot/panlex-20191001-csv/5#20925>		"даниаг"@os	
"ཐཱའེ་"@dz	<https://panlex.org/snapshot/panlex-20191001-csv/5#24034>				<https://panlex.org/snapshot/panlex-20191001-csv/5#24074>		"тайаг"@os	
"སིཔེ་ནིཤ་"@dz	<https://panlex.org/snapshot/panlex-20191001-csv/5#26276>				<https://panlex.org/snapshot/panlex-20191001-csv/5#26319>		"испайнаг"@os	
"རྒྱ་གར"@dz	<https://panlex.org/snapshot/panlex-20191001-csv/10#580047>				<https://panlex.org/snapshot/panlex-20191001-csv/10#580170>		"Инди"@os	
"གཟའ་པ་སངས།"@dz	<https://panlex.org/snapshot/panlex-20191001-csv/2892#110825985>				<https://panlex.org/snapshot/panlex-20191001-csv/2892#110825794>		"майрӕмбон"@os	
"གཟའ་ཟླ་བ།"@dz	<https://panlex.org/snapshot/panlex-20191001-csv/2892#110824045>				<https://panlex.org/snapshot/panlex-20191001-csv/2892#110824337>		"къуырисӕр"@os	
"གཟའ་སྤེན་པ།"@dz	<https://panlex.org/snapshot/panlex-20191001-csv/2892#110826418>				<https://panlex.org/snapshot/panlex-20191001-csv/2892#110826194>		"сабат"@os	
"གཟའ་ཉི་མ།"@dz	<https://panlex.org/snapshot/panlex-20191001-csv/2892#110827013>				<https://panlex.org/snapshot/panlex-20191001-csv/2892#110826647>		"хуыцаубон"@os	
"གཟའ་ཕུར་བུ།"@dz	<https://panlex.org/snapshot/panlex-20191001-csv/2892#110825440>				<https://panlex.org/snapshot/panlex-20191001-csv/2892#110825543>		"цыппӕрӕм"@os	
"གཟའ་ལླག་པ།"@dz	<https://panlex.org/snapshot/panlex-20191001-csv/2892#110825077>				<https://panlex.org/snapshot/panlex-20191001-csv/2892#110824939>		"ӕртыццӕг"@os	
"གཟའ་མིག་དམར།"@dz	<https://panlex.org/snapshot/panlex-20191001-csv/2892#110824768>				<https://panlex.org/snapshot/panlex-20191001-csv/2892#110824690>		"дыццӕг"@os	
"སྤྱི་ཟླཝ་བཅུ་གཉིས་པ།"@dz	<https://panlex.org/snapshot/panlex-20191001-csv/2897#110831666>				<https://panlex.org/snapshot/panlex-20191001-csv/2897#110831695>		"цыппурсы мӕй"@os	
"སྤྱི་ཟླཝ་བཅུ་གཉིས་པ།"@dz	<https://panlex.org/snapshot/panlex-20191001-csv/2897#110831666>				<https://panlex.org/snapshot/panlex-20191001-csv/2897#110831635>		"декабрь"@os	
"སྤྱི་ཟླཝ་གཉིས་པ།"@dz	<https://panlex.org/snapshot/panlex-20191001-csv/2897#110827628>				<https://panlex.org/snapshot/panlex-20191001-csv/2897#110827654>		"ӕртхъирӕны мӕй"@os	
"སྤྱི་ཟླཝ་གཉིས་པ།"@dz	<https://panlex.org/snapshot/panlex-20191001-csv/2897#110827628>				<https://panlex.org/snapshot/panlex-20191001-csv/2897#110827715>		"февраль"@os	
"སྤྱི་ཟླཝ་བཞི་པ།"@dz	<https://panlex.org/snapshot/panlex-20191001-csv/2897#110828626>				<https://panlex.org/snapshot/panlex-20191001-csv/2897#110828420>		"апрель"@os	
"སྤྱི་ཟླཝ་བཞི་པ།"@dz	<https://panlex.org/snapshot/panlex-20191001-csv/2897#110828626>				<https://panlex.org/snapshot/panlex-20191001-csv/2897#110828464>		"хуымгӕнӕны мӕй"@os	
"སྤྱི་ཟླཝ་དགུ་པ།"@dz	<https://panlex.org/snapshot/panlex-20191001-csv/2897#110830697>				<https://panlex.org/snapshot/panlex-20191001-csv/2897#110830631>		"рухӕны мӕй"@os	
"སྤྱི་ཟླཝ་དགུ་པ།"@dz	<https://panlex.org/snapshot/panlex-20191001-csv/2897#110830697>				<https://panlex.org/snapshot/panlex-20191001-csv/2897#110830533>		"сентябрь"@os	
"སྤྱི་ཟླཝ་བདུན་པ།"@dz	<https://panlex.org/snapshot/panlex-20191001-csv/2897#110829782>				<https://panlex.org/snapshot/panlex-20191001-csv/2897#110829735>		"сусӕны мӕй"@os	
"སྤྱི་ཟླཝ་བདུན་པ།"@dz	<https://panlex.org/snapshot/panlex-20191001-csv/2897#110829782>				<https://panlex.org/snapshot/panlex-20191001-csv/2897#110829826>		"июль"@os	
"སྤྱི་ཟླཝ་དང་པོ།"@dz	<https://panlex.org/snapshot/panlex-20191001-csv/2897#110827339>				<https://panlex.org/snapshot/panlex-20191001-csv/2897#110827434>		"январь"@os	
"སྤྱི་ཟླཝ་དང་པོ།"@dz	<https://panlex.org/snapshot/panlex-20191001-csv/2897#110827339>				<https://panlex.org/snapshot/panlex-20191001-csv/2897#110827436>		"тъӕнджы мӕй"@os	
"སྤྱི་ཟླཝ་བཅུ་གཅིག་པ།"@dz	<https://panlex.org/snapshot/panlex-20191001-csv/2897#110831311>				<https://panlex.org/snapshot/panlex-20191001-csv/2897#110831297>		"ноябрь"@os	
"སྤྱི་ཟླཝ་བཅུ་གཅིག་པ།"@dz	<https://panlex.org/snapshot/panlex-20191001-csv/2897#110831311>				<https://panlex.org/snapshot/panlex-20191001-csv/2897#110831306>		"джеоргуыбайы мӕй"@os	
"སྤྱི་ཟླཝ་གསུམ་པ།"@dz	<https://panlex.org/snapshot/panlex-20191001-csv/2897#110828093>				<https://panlex.org/snapshot/panlex-20191001-csv/2897#110828074>		"мартъи"@os	
"སྤྱི་ཟླཝ་གསུམ་པ།"@dz	<https://panlex.org/snapshot/panlex-20191001-csv/2897#110828093>				<https://panlex.org/snapshot/panlex-20191001-csv/2897#110828102>		"комбӕттӕны мӕй"@os	
"སྤྱི་ཟླཝ་ལྔ་པ།"@dz	<https://panlex.org/snapshot/panlex-20191001-csv/2897#110828773>				<https://panlex.org/snapshot/panlex-20191001-csv/2897#110828778>		"зӕрдӕвӕрӕны мӕй"@os	
"སྤྱི་ཟླཝ་ལྔ་པ།"@dz	<https://panlex.org/snapshot/panlex-20191001-csv/2897#110828773>				<https://panlex.org/snapshot/panlex-20191001-csv/2897#110828997>		"май"@os	
"སྤྱི་ཟླཝ་བཅུ་པ།"@dz	<https://panlex.org/snapshot/panlex-20191001-csv/2897#110830798>				<https://panlex.org/snapshot/panlex-20191001-csv/2897#110830869>		"октябрь"@os	
"སྤྱི་ཟླཝ་བཅུ་པ།"@dz	<https://panlex.org/snapshot/panlex-20191001-csv/2897#110830798>				<https://panlex.org/snapshot/panlex-20191001-csv/2897#110830784>		"кӕфты мӕй"@os	
"སྤྱི་ཟླཝ་དྲུག་པ།"@dz	<https://panlex.org/snapshot/panlex-20191001-csv/2897#110829167>				<https://panlex.org/snapshot/panlex-20191001-csv/2897#110829416>		"июнь"@os	
"སྤྱི་ཟླཝ་དྲུག་པ།"@dz	<https://panlex.org/snapshot/panlex-20191001-csv/2897#110829167>				<https://panlex.org/snapshot/panlex-20191001-csv/2897#110829443>		"хурхӕтӕны мӕй"@os	
"སྤྱི་ཟླཝ་བརྒྱད་པ།"@dz	<https://panlex.org/snapshot/panlex-20191001-csv/2897#110830025>				<https://panlex.org/snapshot/panlex-20191001-csv/2897#110830038>		"август"@os	
"སྤྱི་ཟླཝ་བརྒྱད་པ།"@dz	<https://panlex.org/snapshot/panlex-20191001-csv/2897#110830025>				<https://panlex.org/snapshot/panlex-20191001-csv/2897#110830102>		"майрӕмы мӕй"@os	
"ཨེན་ཊཱག་ཊི་ཀ།"@dz	<https://panlex.org/snapshot/panlex-20191001-csv/2891#110853555>				<https://panlex.org/snapshot/panlex-20191001-csv/2891#110853662>		"Антарктидӕ"@os	
"ཨཕ་རི་ཀ།"@dz	<https://panlex.org/snapshot/panlex-20191001-csv/2891#110853167>				<https://panlex.org/snapshot/panlex-20191001-csv/2891#110853007>		"Африкӕ"@os	
