"Viikingiq"@vro	<https://panlex.org/snapshot/panlex-20191001-csv/6709#111076482>				<https://panlex.org/snapshot/panlex-20191001-csv/6709#111076477>		"Викингхэр"@kbd	
"Pronksiaig"@vro	<https://panlex.org/snapshot/panlex-20191001-csv/6709#111076066>				<https://panlex.org/snapshot/panlex-20191001-csv/6709#111075955>		"Домбеякъ лъэхъэнэ"@kbd	
"Tõõnõ ilmasõda"@vro	<https://panlex.org/snapshot/panlex-20191001-csv/6709#111077638>				<https://panlex.org/snapshot/panlex-20191001-csv/6709#111077621>		"Етӏуанэ дунейпсо зауэ"@kbd	
"Ristisõdijaq"@vro	<https://panlex.org/snapshot/panlex-20191001-csv/6709#111076755>				<https://panlex.org/snapshot/panlex-20191001-csv/6709#111076722>		"Джор зекӏуэхэр"@kbd	
"Külm sõda"@vro	<https://panlex.org/snapshot/panlex-20191001-csv/6709#111077695>				<https://panlex.org/snapshot/panlex-20191001-csv/6709#111077839>		"Щӏыӏэ зауэ"@kbd	
"Renesanss"@vro	<https://panlex.org/snapshot/panlex-20191001-csv/6709#111076884>				<https://panlex.org/snapshot/panlex-20191001-csv/6709#111076824>		"Зэфӏэувэжьыныгъэ лъэхъэнэ"@kbd	
"Tüüstüsrevoluts’uun"@vro	<https://panlex.org/snapshot/panlex-20191001-csv/6709#111077129>				<https://panlex.org/snapshot/panlex-20191001-csv/6709#111077236>		"Индустриал револуциэ"@kbd	
"Keskaig"@vro	<https://panlex.org/snapshot/panlex-20191001-csv/6709#111076338>				<https://panlex.org/snapshot/panlex-20191001-csv/6709#111076339>		"Курыт лъэхъэнэхэр"@kbd	
"Edimäne ilmasõda"@vro	<https://panlex.org/snapshot/panlex-20191001-csv/6709#111077486>				<https://panlex.org/snapshot/panlex-20191001-csv/6709#111077472>		"Япэрей дунейпсо зауэ"@kbd	
"Kiviaig"@vro	<https://panlex.org/snapshot/panlex-20191001-csv/6709#111075918>				<https://panlex.org/snapshot/panlex-20191001-csv/6709#111075823>		"Мывэ лъэхъэнэ"@kbd	
"Valgustusaig"@vro	<https://panlex.org/snapshot/panlex-20191001-csv/6709#111076981>				<https://panlex.org/snapshot/panlex-20191001-csv/6709#111077013>		"Щӏныгъэм и лъэхъэнэ"@kbd	
"Ravvaaig"@vro	<https://panlex.org/snapshot/panlex-20191001-csv/6709#111076148>				<https://panlex.org/snapshot/panlex-20191001-csv/6709#111076136>		"Гъущӏ лъэхъэнэ"@kbd	
"Tuhanda ja üte üü jutuq"@vro	<https://panlex.org/snapshot/panlex-20191001-csv/6710#111082861>				<https://panlex.org/snapshot/panlex-20191001-csv/6710#111082827>		"Минрэ зырэ жэш"@kbd	
"mädäkuu"@vro	<https://panlex.org/snapshot/panlex-20191001-csv/5949#85329543>				<https://panlex.org/snapshot/panlex-20191001-csv/5949#85329387>		"август"@kbd	
"Sotimaa"@vro	<https://panlex.org/snapshot/panlex-20191001-csv/5949#85325325>				<https://panlex.org/snapshot/panlex-20191001-csv/5949#85325252>		"Шотланд"@kbd	
"Thbilisi"@vro	<https://panlex.org/snapshot/panlex-20191001-csv/5949#85321886>				<https://panlex.org/snapshot/panlex-20191001-csv/5949#85321826>		"Тбилиси"@kbd	
"Päiv"@vro	<https://panlex.org/snapshot/panlex-20191001-csv/5949#85321013>				<https://panlex.org/snapshot/panlex-20191001-csv/5949#85320930>		"Дыгъэ"@kbd	
"Kasastan"@vro	<https://panlex.org/snapshot/panlex-20191001-csv/5949#85312169>				<https://panlex.org/snapshot/panlex-20191001-csv/5949#85312101>		"Къазахъстэн"@kbd	
"Vinnemaa"@vro	<https://panlex.org/snapshot/panlex-20191001-csv/5949#85319636>				<https://panlex.org/snapshot/panlex-20191001-csv/5949#85319495>		"Урысей"@kbd	
"Vinnemaa"@vro	<https://panlex.org/snapshot/panlex-20191001-csv/5949#85319636>				<https://panlex.org/snapshot/panlex-20191001-csv/5949#85319496>		"Россиэ"@kbd	
"Berliin"@vro	<https://panlex.org/snapshot/panlex-20191001-csv/5949#85302561>				<https://panlex.org/snapshot/panlex-20191001-csv/5949#85302459>		"Берлин"@kbd	
"Filipiiniq"@vro	<https://panlex.org/snapshot/panlex-20191001-csv/5949#85323439>				<https://panlex.org/snapshot/panlex-20191001-csv/5949#85323356>		"Филипинхэр"@kbd	
"põimukuu"@vro	<https://panlex.org/snapshot/panlex-20191001-csv/5949#85329544>				<https://panlex.org/snapshot/panlex-20191001-csv/5949#85329387>		"август"@kbd	
"lõikuskuu"@vro	<https://panlex.org/snapshot/panlex-20191001-csv/5949#85329542>				<https://panlex.org/snapshot/panlex-20191001-csv/5949#85329387>		"август"@kbd	
"Skotimaa"@vro	<https://panlex.org/snapshot/panlex-20191001-csv/5949#85325326>				<https://panlex.org/snapshot/panlex-20191001-csv/5949#85325252>		"Шотланд"@kbd	
"matõmaatiga"@vro	<https://panlex.org/snapshot/panlex-20191001-csv/2904#111023347>				<https://panlex.org/snapshot/panlex-20191001-csv/2904#111023509>		"математикэ"@kbd	
"geograafia"@vro	<https://panlex.org/snapshot/panlex-20191001-csv/2904#111022794>				<https://panlex.org/snapshot/panlex-20191001-csv/2904#111022582>		"хэкумэтх"@kbd	
"aolugu"@vro	<https://panlex.org/snapshot/panlex-20191001-csv/2904#111023012>				<https://panlex.org/snapshot/panlex-20191001-csv/2904#111023005>		"тхыдэ"@kbd	
"filosoofia"@vro	<https://panlex.org/snapshot/panlex-20191001-csv/2904#111023969>				<https://panlex.org/snapshot/panlex-20191001-csv/2904#111023793>		"философиэ"@kbd	
"tiidüs"@vro	<https://panlex.org/snapshot/panlex-20191001-csv/2904#111024300>				<https://panlex.org/snapshot/panlex-20191001-csv/2904#111024390>		"щӏэныгъэ"@kbd	
"keemiä"@vro	<https://panlex.org/snapshot/panlex-20191001-csv/2904#111022516>				<https://panlex.org/snapshot/panlex-20191001-csv/2904#111022540>		"химиэ"@kbd	
"keeletiidüs"@vro	<https://panlex.org/snapshot/panlex-20191001-csv/2904#111023319>				<https://panlex.org/snapshot/panlex-20191001-csv/2904#111023255>		"лингвистикэ"@kbd	
"keeletiidüs"@vro	<https://panlex.org/snapshot/panlex-20191001-csv/2904#111023319>				<https://panlex.org/snapshot/panlex-20191001-csv/2904#111023074>		"бзэщӏэныгъэ"@kbd	
"maatiidüs"@vro	<https://panlex.org/snapshot/panlex-20191001-csv/2904#111022736>				<https://panlex.org/snapshot/panlex-20191001-csv/2904#111022582>		"хэкумэтх"@kbd	
"astronoomia"@vro	<https://panlex.org/snapshot/panlex-20191001-csv/2904#111022105>				<https://panlex.org/snapshot/panlex-20191001-csv/2904#111022123>		"астрономиэ"@kbd	
"füüsiga"@vro	<https://panlex.org/snapshot/panlex-20191001-csv/2904#111024018>				<https://panlex.org/snapshot/panlex-20191001-csv/2904#111024056>		"физикэ"@kbd	
"tähetiidüs"@vro	<https://panlex.org/snapshot/panlex-20191001-csv/2904#111022025>				<https://panlex.org/snapshot/panlex-20191001-csv/2904#111022123>		"астрономиэ"@kbd	
"ehitüskunst"@vro	<https://panlex.org/snapshot/panlex-20191001-csv/2904#111021894>				<https://panlex.org/snapshot/panlex-20191001-csv/2904#111021841>		"аркитектурэ"@kbd	
"bioloogia"@vro	<https://panlex.org/snapshot/panlex-20191001-csv/2904#111022273>				<https://panlex.org/snapshot/panlex-20191001-csv/2904#111022167>		"биологиэ"@kbd	
"arstitiidüs"@vro	<https://panlex.org/snapshot/panlex-20191001-csv/2904#111023718>				<https://panlex.org/snapshot/panlex-20191001-csv/2904#111023705>		"медицинэ"@kbd	
"Lõunõpoolus"@vro	<https://panlex.org/snapshot/panlex-20191001-csv/2910#110855564>				<https://panlex.org/snapshot/panlex-20191001-csv/2910#110855538>		"Ипшъэ полус"@kbd	
"Põh’apoolus"@vro	<https://panlex.org/snapshot/panlex-20191001-csv/2910#110854631>				<https://panlex.org/snapshot/panlex-20191001-csv/2910#110854676>		"Ишъхъэрэ полус"@kbd	
"Lõunõnaba"@vro	<https://panlex.org/snapshot/panlex-20191001-csv/2910#110855549>				<https://panlex.org/snapshot/panlex-20191001-csv/2910#110855538>		"Ипшъэ полус"@kbd	
"Põh’anaba"@vro	<https://panlex.org/snapshot/panlex-20191001-csv/2910#110854619>				<https://panlex.org/snapshot/panlex-20191001-csv/2910#110854676>		"Ишъхъэрэ полус"@kbd	
"Vaihõmeri"@vro	<https://panlex.org/snapshot/panlex-20191001-csv/2905#110870379>				<https://panlex.org/snapshot/panlex-20191001-csv/2905#110870448>		"Щӏылъэку хы"@kbd	
"Kõllanõ meri"@vro	<https://panlex.org/snapshot/panlex-20191001-csv/2905#110871483>				<https://panlex.org/snapshot/panlex-20191001-csv/2905#110871541>		"Хы Гъуэжь"@kbd	
"Verrev meri"@vro	<https://panlex.org/snapshot/panlex-20191001-csv/2905#110870896>				<https://panlex.org/snapshot/panlex-20191001-csv/2905#110870984>		"Хы Плъыжь"@kbd	
"Õdagumeri"@vro	<https://panlex.org/snapshot/panlex-20191001-csv/2905#110868714>				<https://panlex.org/snapshot/panlex-20191001-csv/2905#110868836>		"Балтик хы"@kbd	
"Põh’ameri"@vro	<https://panlex.org/snapshot/panlex-20191001-csv/2905#110870598>				<https://panlex.org/snapshot/panlex-20191001-csv/2905#110870709>		"Ишъхъэрэ хы"@kbd	
"Must meri"@vro	<https://panlex.org/snapshot/panlex-20191001-csv/2905#110869151>				<https://panlex.org/snapshot/panlex-20191001-csv/2905#110869217>		"Хы Фӏыцӏэ"@kbd	
"Must meri"@vro	<https://panlex.org/snapshot/panlex-20191001-csv/2905#110869151>				<https://panlex.org/snapshot/panlex-20191001-csv/2905#110869122>		"Хы Шӏуцӏэ"@kbd	
"Valgõ meri"@vro	<https://panlex.org/snapshot/panlex-20191001-csv/2905#110871280>				<https://panlex.org/snapshot/panlex-20191001-csv/2905#110871303>		"Хы Хужь"@kbd	
"Haumea"@vro	<https://panlex.org/snapshot/panlex-20191001-csv/2907#110847472>				<https://panlex.org/snapshot/panlex-20191001-csv/2907#110847448>		"Хаумеа"@kbd	
"Eris"@vro	<https://panlex.org/snapshot/panlex-20191001-csv/2907#110847857>				<https://panlex.org/snapshot/panlex-20191001-csv/2907#110847868>		"Эридэ"@kbd	
"Pluuto"@vro	<https://panlex.org/snapshot/panlex-20191001-csv/2907#110847314>				<https://panlex.org/snapshot/panlex-20191001-csv/2907#110847267>		"Плутон"@kbd	
"Merkuur"@vro	<https://panlex.org/snapshot/panlex-20191001-csv/2907#110845146>				<https://panlex.org/snapshot/panlex-20191001-csv/2907#110845152>		"Меркурий"@kbd	
"Veenus"@vro	<https://panlex.org/snapshot/panlex-20191001-csv/2907#110845498>				<https://panlex.org/snapshot/panlex-20191001-csv/2907#110845487>		"Венерэ"@kbd	
"Ceres"@vro	<https://panlex.org/snapshot/panlex-20191001-csv/2907#110846257>				<https://panlex.org/snapshot/panlex-20191001-csv/2907#110846312>		"Церерэ"@kbd	
"Maa"@vro	<https://panlex.org/snapshot/panlex-20191001-csv/2907#110845528>				<https://panlex.org/snapshot/panlex-20191001-csv/2907#110845656>		"Щӏы"@kbd	
"Saturn"@vro	<https://panlex.org/snapshot/panlex-20191001-csv/2907#110846629>				<https://panlex.org/snapshot/panlex-20191001-csv/2907#110846720>		"Сатурн"@kbd	
"Uraan"@vro	<https://panlex.org/snapshot/panlex-20191001-csv/2907#110846879>				<https://panlex.org/snapshot/panlex-20191001-csv/2907#110846795>		"Уран"@kbd	
"Kuu"@vro	<https://panlex.org/snapshot/panlex-20191001-csv/2907#110845892>				<https://panlex.org/snapshot/panlex-20191001-csv/2907#110845748>		"Мазэ"@kbd	
"Jupiter"@vro	<https://panlex.org/snapshot/panlex-20191001-csv/2907#110846407>				<https://panlex.org/snapshot/panlex-20191001-csv/2907#110846527>		"Юпитер"@kbd	
"Päiv"@vro	<https://panlex.org/snapshot/panlex-20191001-csv/2907#110844865>				<https://panlex.org/snapshot/panlex-20191001-csv/2907#110844951>		"Дыгъэ"@kbd	
"Makemake"@vro	<https://panlex.org/snapshot/panlex-20191001-csv/2907#110847748>				<https://panlex.org/snapshot/panlex-20191001-csv/2907#110847654>		"Макемаке"@kbd	
"Marss"@vro	<https://panlex.org/snapshot/panlex-20191001-csv/2907#110846039>				<https://panlex.org/snapshot/panlex-20191001-csv/2907#110845977>		"Марс"@kbd	
"Neptun"@vro	<https://panlex.org/snapshot/panlex-20191001-csv/2907#110847172>				<https://panlex.org/snapshot/panlex-20191001-csv/2907#110847157>		"Нептун"@kbd	
"India suurmeri"@vro	<https://panlex.org/snapshot/panlex-20191001-csv/2901#110867663>				<https://panlex.org/snapshot/panlex-20191001-csv/2901#110867770>		"Индиэ хышхуэ"@kbd	
"Vaiknõ suurmeri"@vro	<https://panlex.org/snapshot/panlex-20191001-csv/2901#110868079>				<https://panlex.org/snapshot/panlex-20191001-csv/2901#110868123>		"Щэху хышхуэ"@kbd	
"Tasalik suurmeri"@vro	<https://panlex.org/snapshot/panlex-20191001-csv/2901#110868120>				<https://panlex.org/snapshot/panlex-20191001-csv/2901#110868123>		"Щэху хышхуэ"@kbd	
"Lõunõ-Iämeri"@vro	<https://panlex.org/snapshot/panlex-20191001-csv/2901#110868155>				<https://panlex.org/snapshot/panlex-20191001-csv/2901#110868373>		"Ипшъэ хышхуэ"@kbd	
"Atlandi suurmeri"@vro	<https://panlex.org/snapshot/panlex-20191001-csv/2901#110867425>				<https://panlex.org/snapshot/panlex-20191001-csv/2901#110867427>		"Атлантикэ хышхуэ"@kbd	
"Põh’a-Iämeri"@vro	<https://panlex.org/snapshot/panlex-20191001-csv/2901#110867244>				<https://panlex.org/snapshot/panlex-20191001-csv/2901#110867095>		"Иӏуфэхэр Ипшъэ хышхуэ"@kbd	
"Põh’a-Iämeri"@vro	<https://panlex.org/snapshot/panlex-20191001-csv/2901#110867244>				<https://panlex.org/snapshot/panlex-20191001-csv/2901#110867179>		"Арктикэ хышхуэ"@kbd	
"Tšingis-khaan"@vro	<https://panlex.org/snapshot/panlex-20191001-csv/2906#111020079>				<https://panlex.org/snapshot/panlex-20191001-csv/2906#111020068>		"Чингызхъан"@kbd	
"Verrev Puulkuu"@vro	<https://panlex.org/snapshot/panlex-20191001-csv/2894#111101790>				<https://panlex.org/snapshot/panlex-20191001-csv/2894#111101687>		"Мазэ Плъыжь"@kbd	
"Õuruupa Liit"@vro	<https://panlex.org/snapshot/panlex-20191001-csv/2894#111100298>				<https://panlex.org/snapshot/panlex-20191001-csv/2894#111100355>		"Еуропэ Зэгуэт"@kbd	
"Verrev Rist"@vro	<https://panlex.org/snapshot/panlex-20191001-csv/2894#111101564>				<https://panlex.org/snapshot/panlex-20191001-csv/2894#111101519>		"Джор Плъыжь"@kbd	
"pühäpäiv"@vro	<https://panlex.org/snapshot/panlex-20191001-csv/2892#110826674>				<https://panlex.org/snapshot/panlex-20191001-csv/2892#110826601>		"тхьэмахуэ"@kbd	
"tõõsõpäiv"@vro	<https://panlex.org/snapshot/panlex-20191001-csv/2892#110824594>				<https://panlex.org/snapshot/panlex-20191001-csv/2892#110824760>		"гъубж"@kbd	
"neläpäiv"@vro	<https://panlex.org/snapshot/panlex-20191001-csv/2892#110825536>				<https://panlex.org/snapshot/panlex-20191001-csv/2892#110825671>		"мэхуэку"@kbd	
"riidi"@vro	<https://panlex.org/snapshot/panlex-20191001-csv/2892#110826123>				<https://panlex.org/snapshot/panlex-20191001-csv/2892#110826103>		"мэрем"@kbd	
"puulpäiv"@vro	<https://panlex.org/snapshot/panlex-20191001-csv/2892#110826333>				<https://panlex.org/snapshot/panlex-20191001-csv/2892#110826505>		"щэбэт"@kbd	
"iispäiv"@vro	<https://panlex.org/snapshot/panlex-20191001-csv/2892#110824219>				<https://panlex.org/snapshot/panlex-20191001-csv/2892#110824040>		"блыщхьэ"@kbd	
"kolmapäiv"@vro	<https://panlex.org/snapshot/panlex-20191001-csv/2892#110825260>				<https://panlex.org/snapshot/panlex-20191001-csv/2892#110824973>		"бэрэжьей"@kbd	
"mädäkuu"@vro	<https://panlex.org/snapshot/panlex-20191001-csv/2897#110830148>				<https://panlex.org/snapshot/panlex-20191001-csv/2897#110830030>		"август"@kbd	
"lehekuu"@vro	<https://panlex.org/snapshot/panlex-20191001-csv/2897#110828990>				<https://panlex.org/snapshot/panlex-20191001-csv/2897#110828718>		"май"@kbd	
"talsikuu"@vro	<https://panlex.org/snapshot/panlex-20191001-csv/2897#110831679>				<https://panlex.org/snapshot/panlex-20191001-csv/2897#110831623>		"декабрь"@kbd	
"rihepessükuu"@vro	<https://panlex.org/snapshot/panlex-20191001-csv/2897#110830935>				<https://panlex.org/snapshot/panlex-20191001-csv/2897#110830811>		"октябрь"@kbd	
"paastukuu"@vro	<https://panlex.org/snapshot/panlex-20191001-csv/2897#110828150>				<https://panlex.org/snapshot/panlex-20191001-csv/2897#110828114>		"март"@kbd	
"märdikuu"@vro	<https://panlex.org/snapshot/panlex-20191001-csv/2897#110831265>				<https://panlex.org/snapshot/panlex-20191001-csv/2897#110831237>		"ноябрь"@kbd	
"rehekuu"@vro	<https://panlex.org/snapshot/panlex-20191001-csv/2897#110831053>				<https://panlex.org/snapshot/panlex-20191001-csv/2897#110830811>		"октябрь"@kbd	
"soekuu"@vro	<https://panlex.org/snapshot/panlex-20191001-csv/2897#110827634>				<https://panlex.org/snapshot/panlex-20191001-csv/2897#110827854>		"февраль"@kbd	
"talvõkuu"@vro	<https://panlex.org/snapshot/panlex-20191001-csv/2897#110831321>				<https://panlex.org/snapshot/panlex-20191001-csv/2897#110831237>		"ноябрь"@kbd	
"radokuu"@vro	<https://panlex.org/snapshot/panlex-20191001-csv/2897#110827515>				<https://panlex.org/snapshot/panlex-20191001-csv/2897#110827854>		"февраль"@kbd	
"talsipühäkuu"@vro	<https://panlex.org/snapshot/panlex-20191001-csv/2897#110831732>				<https://panlex.org/snapshot/panlex-20191001-csv/2897#110831623>		"декабрь"@kbd	
"rihekuu"@vro	<https://panlex.org/snapshot/panlex-20191001-csv/2897#110831008>				<https://panlex.org/snapshot/panlex-20191001-csv/2897#110830811>		"октябрь"@kbd	
"piimäkuu"@vro	<https://panlex.org/snapshot/panlex-20191001-csv/2897#110829185>				<https://panlex.org/snapshot/panlex-20191001-csv/2897#110829086>		"июнь"@kbd	
"hainakuu"@vro	<https://panlex.org/snapshot/panlex-20191001-csv/2897#110829860>				<https://panlex.org/snapshot/panlex-20191001-csv/2897#110829749>		"июль"@kbd	
"süküskuu"@vro	<https://panlex.org/snapshot/panlex-20191001-csv/2897#110830454>				<https://panlex.org/snapshot/panlex-20191001-csv/2897#110830436>		"сентябрь"@kbd	
"mahlakuu"@vro	<https://panlex.org/snapshot/panlex-20191001-csv/2897#110828359>				<https://panlex.org/snapshot/panlex-20191001-csv/2897#110828408>		"апрель"@kbd	
"põimukuu"@vro	<https://panlex.org/snapshot/panlex-20191001-csv/2897#110830101>				<https://panlex.org/snapshot/panlex-20191001-csv/2897#110830030>		"август"@kbd	
"urbõkuu"@vro	<https://panlex.org/snapshot/panlex-20191001-csv/2897#110828103>				<https://panlex.org/snapshot/panlex-20191001-csv/2897#110828114>		"март"@kbd	
"talvistõpühäkuu"@vro	<https://panlex.org/snapshot/panlex-20191001-csv/2897#110831810>				<https://panlex.org/snapshot/panlex-20191001-csv/2897#110831623>		"декабрь"@kbd	
"vahtsõaastakuu"@vro	<https://panlex.org/snapshot/panlex-20191001-csv/2897#110827046>				<https://panlex.org/snapshot/panlex-20191001-csv/2897#110827322>		"январь"@kbd	
"kaarnakuu"@vro	<https://panlex.org/snapshot/panlex-20191001-csv/2897#110827105>				<https://panlex.org/snapshot/panlex-20191001-csv/2897#110827322>		"январь"@kbd	
"joulukuu"@vro	<https://panlex.org/snapshot/panlex-20191001-csv/2897#110831832>				<https://panlex.org/snapshot/panlex-20191001-csv/2897#110831623>		"декабрь"@kbd	
"jaanikuu"@vro	<https://panlex.org/snapshot/panlex-20191001-csv/2897#110829310>				<https://panlex.org/snapshot/panlex-20191001-csv/2897#110829086>		"июнь"@kbd	
"jürikuu"@vro	<https://panlex.org/snapshot/panlex-20191001-csv/2897#110828398>				<https://panlex.org/snapshot/panlex-20191001-csv/2897#110828408>		"апрель"@kbd	
"märtekuu"@vro	<https://panlex.org/snapshot/panlex-20191001-csv/2897#110831405>				<https://panlex.org/snapshot/panlex-20191001-csv/2897#110831237>		"ноябрь"@kbd	
"mihklikuu"@vro	<https://panlex.org/snapshot/panlex-20191001-csv/2897#110830558>				<https://panlex.org/snapshot/panlex-20191001-csv/2897#110830436>		"сентябрь"@kbd	
"küündlekuu"@vro	<https://panlex.org/snapshot/panlex-20191001-csv/2897#110827574>				<https://panlex.org/snapshot/panlex-20191001-csv/2897#110827854>		"февраль"@kbd	
"soeradokuu"@vro	<https://panlex.org/snapshot/panlex-20191001-csv/2897#110827449>				<https://panlex.org/snapshot/panlex-20191001-csv/2897#110827854>		"февраль"@kbd	
"lõikuskuu"@vro	<https://panlex.org/snapshot/panlex-20191001-csv/2897#110830249>				<https://panlex.org/snapshot/panlex-20191001-csv/2897#110830030>		"август"@kbd	
"Afriga"@vro	<https://panlex.org/snapshot/panlex-20191001-csv/2891#110853212>				<https://panlex.org/snapshot/panlex-20191001-csv/2891#110853204>		"Африкэ"@kbd	
"Aasia"@vro	<https://panlex.org/snapshot/panlex-20191001-csv/2891#110853890>				<https://panlex.org/snapshot/panlex-20191001-csv/2891#110853933>		"Азиэ"@kbd	
"Antarktiga"@vro	<https://panlex.org/snapshot/panlex-20191001-csv/2891#110853558>				<https://panlex.org/snapshot/panlex-20191001-csv/2891#110853565>		"Антарктидэ"@kbd	
"Õuruupa"@vro	<https://panlex.org/snapshot/panlex-20191001-csv/2891#110854085>				<https://panlex.org/snapshot/panlex-20191001-csv/2891#110854097>		"Еуропэ"@kbd	
"Ameeriga"@vro	<https://panlex.org/snapshot/panlex-20191001-csv/2891#110853529>				<https://panlex.org/snapshot/panlex-20191001-csv/2891#110853351>		"Америкэ"@kbd	
"Okõaania"@vro	<https://panlex.org/snapshot/panlex-20191001-csv/2891#110854367>				<https://panlex.org/snapshot/panlex-20191001-csv/2891#110854401>		"Хы Тӏыгуей"@kbd	
"Okõaania"@vro	<https://panlex.org/snapshot/panlex-20191001-csv/2891#110854367>				<https://panlex.org/snapshot/panlex-20191001-csv/2891#110854542>		"Океаниэ"@kbd	
"Meeriga"@vro	<https://panlex.org/snapshot/panlex-20191001-csv/2891#110853491>				<https://panlex.org/snapshot/panlex-20191001-csv/2891#110853351>		"Америкэ"@kbd	
"Euruupa"@vro	<https://panlex.org/snapshot/panlex-20191001-csv/2891#110854058>				<https://panlex.org/snapshot/panlex-20191001-csv/2891#110854097>		"Еуропэ"@kbd	
"Albiq"@vro	<https://panlex.org/snapshot/panlex-20191001-csv/2896#110865978>				<https://panlex.org/snapshot/panlex-20191001-csv/2896#110865945>		"Алпхэр"@kbd	
