"Pronksiaig"@vro	<https://panlex.org/snapshot/panlex-20191001-csv/6709#111076066>				<https://panlex.org/snapshot/panlex-20191001-csv/6709#111076094>		"መዋእል ብሮንዞ"@ti	
"Kiviaig"@vro	<https://panlex.org/snapshot/panlex-20191001-csv/6709#111075918>				<https://panlex.org/snapshot/panlex-20191001-csv/6709#111075854>		"መዋእል እምኒ"@ti	
"Ravvaaig"@vro	<https://panlex.org/snapshot/panlex-20191001-csv/6709#111076148>				<https://panlex.org/snapshot/panlex-20191001-csv/6709#111076150>		"መዋእል ሓጺን"@ti	
"Piibli"@vro	<https://panlex.org/snapshot/panlex-20191001-csv/5949#85302822>				<https://panlex.org/snapshot/panlex-20191001-csv/5949#85302803>		"መጽሓፍ ቅዱስ"@ti	
"Vinnemaa"@vro	<https://panlex.org/snapshot/panlex-20191001-csv/5949#85319636>				<https://panlex.org/snapshot/panlex-20191001-csv/5949#85319614>		"ራሻ"@ti	
"matõmaatiga"@vro	<https://panlex.org/snapshot/panlex-20191001-csv/2904#111023347>				<https://panlex.org/snapshot/panlex-20191001-csv/2904#111023321>		"ትምህርቲ ሕሳብ"@ti	
"geograafia"@vro	<https://panlex.org/snapshot/panlex-20191001-csv/2904#111022794>				<https://panlex.org/snapshot/panlex-20191001-csv/2904#111022775>		"ጆግራፊ"@ti	
"aolugu"@vro	<https://panlex.org/snapshot/panlex-20191001-csv/2904#111023012>				<https://panlex.org/snapshot/panlex-20191001-csv/2904#111022938>		"ታሪኽ"@ti	
"filosoofia"@vro	<https://panlex.org/snapshot/panlex-20191001-csv/2904#111023969>				<https://panlex.org/snapshot/panlex-20191001-csv/2904#111023844>		"ፍልስፍና"@ti	
"tiidüs"@vro	<https://panlex.org/snapshot/panlex-20191001-csv/2904#111024300>				<https://panlex.org/snapshot/panlex-20191001-csv/2904#111024283>		"ሳየንስ"@ti	
"keemiä"@vro	<https://panlex.org/snapshot/panlex-20191001-csv/2904#111022516>				<https://panlex.org/snapshot/panlex-20191001-csv/2904#111022554>		"ኬሚስትሪ"@ti	
"maatiidüs"@vro	<https://panlex.org/snapshot/panlex-20191001-csv/2904#111022736>				<https://panlex.org/snapshot/panlex-20191001-csv/2904#111022775>		"ጆግራፊ"@ti	
"astronoomia"@vro	<https://panlex.org/snapshot/panlex-20191001-csv/2904#111022105>				<https://panlex.org/snapshot/panlex-20191001-csv/2904#111021922>		"አስትሮኖሚ"@ti	
"füüsiga"@vro	<https://panlex.org/snapshot/panlex-20191001-csv/2904#111024018>				<https://panlex.org/snapshot/panlex-20191001-csv/2904#111024111>		"ፈልደት"@ti	
"tähetiidüs"@vro	<https://panlex.org/snapshot/panlex-20191001-csv/2904#111022025>				<https://panlex.org/snapshot/panlex-20191001-csv/2904#111021922>		"አስትሮኖሚ"@ti	
"bioloogia"@vro	<https://panlex.org/snapshot/panlex-20191001-csv/2904#111022273>				<https://panlex.org/snapshot/panlex-20191001-csv/2904#111022324>		"ባዮሎጂ"@ti	
"arstitiidüs"@vro	<https://panlex.org/snapshot/panlex-20191001-csv/2904#111023718>				<https://panlex.org/snapshot/panlex-20191001-csv/2904#111023621>		"ሕክምና"@ti	
"rahu"@vro	<https://panlex.org/snapshot/panlex-20191001-csv/2902#111011993>				<https://panlex.org/snapshot/panlex-20191001-csv/2902#111012067>		"ሰላም"@ti	
"Verrev meri"@vro	<https://panlex.org/snapshot/panlex-20191001-csv/2905#110870896>				<https://panlex.org/snapshot/panlex-20191001-csv/2905#110870960>		"ቀይሕ ባሕሪ"@ti	
"pühäpäiv"@vro	<https://panlex.org/snapshot/panlex-20191001-csv/2892#110826674>				<https://panlex.org/snapshot/panlex-20191001-csv/2892#110826617>		"ሰንበት"@ti	
"tõõsõpäiv"@vro	<https://panlex.org/snapshot/panlex-20191001-csv/2892#110824594>				<https://panlex.org/snapshot/panlex-20191001-csv/2892#110824438>		"ሰሉስ"@ti	
"neläpäiv"@vro	<https://panlex.org/snapshot/panlex-20191001-csv/2892#110825536>				<https://panlex.org/snapshot/panlex-20191001-csv/2892#110825645>		"ሓሙስ"@ti	
"riidi"@vro	<https://panlex.org/snapshot/panlex-20191001-csv/2892#110826123>				<https://panlex.org/snapshot/panlex-20191001-csv/2892#110826014>		"ዓርቢ"@ti	
"puulpäiv"@vro	<https://panlex.org/snapshot/panlex-20191001-csv/2892#110826333>				<https://panlex.org/snapshot/panlex-20191001-csv/2892#110826404>		"ቀዳም"@ti	
"iispäiv"@vro	<https://panlex.org/snapshot/panlex-20191001-csv/2892#110824219>				<https://panlex.org/snapshot/panlex-20191001-csv/2892#110824139>		"ሰኑይ"@ti	
"kolmapäiv"@vro	<https://panlex.org/snapshot/panlex-20191001-csv/2892#110825260>				<https://panlex.org/snapshot/panlex-20191001-csv/2892#110825062>		"ረቡዕ"@ti	
"mädäkuu"@vro	<https://panlex.org/snapshot/panlex-20191001-csv/2897#110830148>				<https://panlex.org/snapshot/panlex-20191001-csv/2897#110830082>		"ኦገስት"@ti	
"lehekuu"@vro	<https://panlex.org/snapshot/panlex-20191001-csv/2897#110828990>				<https://panlex.org/snapshot/panlex-20191001-csv/2897#110828968>		"ሜይ"@ti	
"talsikuu"@vro	<https://panlex.org/snapshot/panlex-20191001-csv/2897#110831679>				<https://panlex.org/snapshot/panlex-20191001-csv/2897#110831605>		"ዲሴምበር"@ti	
"rihepessükuu"@vro	<https://panlex.org/snapshot/panlex-20191001-csv/2897#110830935>				<https://panlex.org/snapshot/panlex-20191001-csv/2897#110830838>		"ኦክተውበር"@ti	
"paastukuu"@vro	<https://panlex.org/snapshot/panlex-20191001-csv/2897#110828150>				<https://panlex.org/snapshot/panlex-20191001-csv/2897#110827949>		"ማርች"@ti	
"märdikuu"@vro	<https://panlex.org/snapshot/panlex-20191001-csv/2897#110831265>				<https://panlex.org/snapshot/panlex-20191001-csv/2897#110831391>		"ኖቬምበር"@ti	
"rehekuu"@vro	<https://panlex.org/snapshot/panlex-20191001-csv/2897#110831053>				<https://panlex.org/snapshot/panlex-20191001-csv/2897#110830838>		"ኦክተውበር"@ti	
"soekuu"@vro	<https://panlex.org/snapshot/panlex-20191001-csv/2897#110827634>				<https://panlex.org/snapshot/panlex-20191001-csv/2897#110827847>		"ፌብሩወሪ"@ti	
"talvõkuu"@vro	<https://panlex.org/snapshot/panlex-20191001-csv/2897#110831321>				<https://panlex.org/snapshot/panlex-20191001-csv/2897#110831391>		"ኖቬምበር"@ti	
"radokuu"@vro	<https://panlex.org/snapshot/panlex-20191001-csv/2897#110827515>				<https://panlex.org/snapshot/panlex-20191001-csv/2897#110827847>		"ፌብሩወሪ"@ti	
"talsipühäkuu"@vro	<https://panlex.org/snapshot/panlex-20191001-csv/2897#110831732>				<https://panlex.org/snapshot/panlex-20191001-csv/2897#110831605>		"ዲሴምበር"@ti	
"rihekuu"@vro	<https://panlex.org/snapshot/panlex-20191001-csv/2897#110831008>				<https://panlex.org/snapshot/panlex-20191001-csv/2897#110830838>		"ኦክተውበር"@ti	
"piimäkuu"@vro	<https://panlex.org/snapshot/panlex-20191001-csv/2897#110829185>				<https://panlex.org/snapshot/panlex-20191001-csv/2897#110829270>		"ጁን"@ti	
"hainakuu"@vro	<https://panlex.org/snapshot/panlex-20191001-csv/2897#110829860>				<https://panlex.org/snapshot/panlex-20191001-csv/2897#110829779>		"ጁላይ"@ti	
"süküskuu"@vro	<https://panlex.org/snapshot/panlex-20191001-csv/2897#110830454>				<https://panlex.org/snapshot/panlex-20191001-csv/2897#110830667>		"ሴፕቴምበር"@ti	
"mahlakuu"@vro	<https://panlex.org/snapshot/panlex-20191001-csv/2897#110828359>				<https://panlex.org/snapshot/panlex-20191001-csv/2897#110828497>		"ኤፕረል"@ti	
"põimukuu"@vro	<https://panlex.org/snapshot/panlex-20191001-csv/2897#110830101>				<https://panlex.org/snapshot/panlex-20191001-csv/2897#110830082>		"ኦገስት"@ti	
"urbõkuu"@vro	<https://panlex.org/snapshot/panlex-20191001-csv/2897#110828103>				<https://panlex.org/snapshot/panlex-20191001-csv/2897#110827949>		"ማርች"@ti	
"talvistõpühäkuu"@vro	<https://panlex.org/snapshot/panlex-20191001-csv/2897#110831810>				<https://panlex.org/snapshot/panlex-20191001-csv/2897#110831605>		"ዲሴምበር"@ti	
"vahtsõaastakuu"@vro	<https://panlex.org/snapshot/panlex-20191001-csv/2897#110827046>				<https://panlex.org/snapshot/panlex-20191001-csv/2897#110827281>		"ጃንዩወሪ"@ti	
"kaarnakuu"@vro	<https://panlex.org/snapshot/panlex-20191001-csv/2897#110827105>				<https://panlex.org/snapshot/panlex-20191001-csv/2897#110827281>		"ጃንዩወሪ"@ti	
"joulukuu"@vro	<https://panlex.org/snapshot/panlex-20191001-csv/2897#110831832>				<https://panlex.org/snapshot/panlex-20191001-csv/2897#110831605>		"ዲሴምበር"@ti	
"jaanikuu"@vro	<https://panlex.org/snapshot/panlex-20191001-csv/2897#110829310>				<https://panlex.org/snapshot/panlex-20191001-csv/2897#110829270>		"ጁን"@ti	
"jürikuu"@vro	<https://panlex.org/snapshot/panlex-20191001-csv/2897#110828398>				<https://panlex.org/snapshot/panlex-20191001-csv/2897#110828497>		"ኤፕረል"@ti	
"märtekuu"@vro	<https://panlex.org/snapshot/panlex-20191001-csv/2897#110831405>				<https://panlex.org/snapshot/panlex-20191001-csv/2897#110831391>		"ኖቬምበር"@ti	
"mihklikuu"@vro	<https://panlex.org/snapshot/panlex-20191001-csv/2897#110830558>				<https://panlex.org/snapshot/panlex-20191001-csv/2897#110830667>		"ሴፕቴምበር"@ti	
"küündlekuu"@vro	<https://panlex.org/snapshot/panlex-20191001-csv/2897#110827574>				<https://panlex.org/snapshot/panlex-20191001-csv/2897#110827847>		"ፌብሩወሪ"@ti	
"soeradokuu"@vro	<https://panlex.org/snapshot/panlex-20191001-csv/2897#110827449>				<https://panlex.org/snapshot/panlex-20191001-csv/2897#110827847>		"ፌብሩወሪ"@ti	
"lõikuskuu"@vro	<https://panlex.org/snapshot/panlex-20191001-csv/2897#110830249>				<https://panlex.org/snapshot/panlex-20191001-csv/2897#110830082>		"ኦገስት"@ti	
"Afriga"@vro	<https://panlex.org/snapshot/panlex-20191001-csv/2891#110853212>				<https://panlex.org/snapshot/panlex-20191001-csv/2891#110852992>		"ኣፍሪቃ"@ti	
"Õuruupa"@vro	<https://panlex.org/snapshot/panlex-20191001-csv/2891#110854085>				<https://panlex.org/snapshot/panlex-20191001-csv/2891#110854051>		"ኤውሮጳ"@ti	
"Ameeriga"@vro	<https://panlex.org/snapshot/panlex-20191001-csv/2891#110853529>				<https://panlex.org/snapshot/panlex-20191001-csv/2891#110853444>		"ኣመሪካ"@ti	
"Meeriga"@vro	<https://panlex.org/snapshot/panlex-20191001-csv/2891#110853491>				<https://panlex.org/snapshot/panlex-20191001-csv/2891#110853444>		"ኣመሪካ"@ti	
"Euruupa"@vro	<https://panlex.org/snapshot/panlex-20191001-csv/2891#110854058>				<https://panlex.org/snapshot/panlex-20191001-csv/2891#110854051>		"ኤውሮጳ"@ti	
