"kass"@vro	<https://panlex.org/snapshot/panlex-20191001-csv/2129#11694526>				<https://panlex.org/snapshot/panlex-20191001-csv/2129#11694544>		"kato"@io	
"susi"@vro	<https://panlex.org/snapshot/panlex-20191001-csv/2129#11694425>				<https://panlex.org/snapshot/panlex-20191001-csv/2129#11694439>		"volfo"@io	
"keeleq"@vro	<https://panlex.org/snapshot/panlex-20191001-csv/2129#11694300>				<https://panlex.org/snapshot/panlex-20191001-csv/2129#11694320>		"linguo"@io	
"mädäkuu"@vro	<https://panlex.org/snapshot/panlex-20191001-csv/5949#85329543>				<https://panlex.org/snapshot/panlex-20191001-csv/5949#85329368>		"agosto"@io	
"Cabo Verde"@vro	<https://panlex.org/snapshot/panlex-20191001-csv/5949#85311971>				<https://panlex.org/snapshot/panlex-20191001-csv/5949#85311920>		"Kabo Verda"@io	
"Jeruusalemm"@vro	<https://panlex.org/snapshot/panlex-20191001-csv/5949#85310052>				<https://panlex.org/snapshot/panlex-20191001-csv/5949#85309944>		"Jerusalem"@io	
"Sotimaa"@vro	<https://panlex.org/snapshot/panlex-20191001-csv/5949#85325325>				<https://panlex.org/snapshot/panlex-20191001-csv/5949#85325238>		"Skotia"@io	
"Õuruupa"@vro	<https://panlex.org/snapshot/panlex-20191001-csv/5949#85308664>				<https://panlex.org/snapshot/panlex-20191001-csv/5949#85308553>		"Europa"@io	
"Thbilisi"@vro	<https://panlex.org/snapshot/panlex-20191001-csv/5949#85321886>				<https://panlex.org/snapshot/panlex-20191001-csv/5949#85321818>		"Tbilisi"@io	
"Päiv"@vro	<https://panlex.org/snapshot/panlex-20191001-csv/5949#85321013>				<https://panlex.org/snapshot/panlex-20191001-csv/5949#85320917>		"Suno"@io	
"Õuropa"@vro	<https://panlex.org/snapshot/panlex-20191001-csv/5949#85308665>				<https://panlex.org/snapshot/panlex-20191001-csv/5949#85308553>		"Europa"@io	
"Koraan"@vro	<https://panlex.org/snapshot/panlex-20191001-csv/5949#85313495>				<https://panlex.org/snapshot/panlex-20191001-csv/5949#85313422>		"Korano"@io	
"Piibli"@vro	<https://panlex.org/snapshot/panlex-20191001-csv/5949#85302822>				<https://panlex.org/snapshot/panlex-20191001-csv/5949#85302696>		"Biblo"@io	
"Europa"@vro	<https://panlex.org/snapshot/panlex-20191001-csv/5949#85308663>				<https://panlex.org/snapshot/panlex-20191001-csv/5949#85308553>		"Europa"@io	
"Asõrbaidžaan"@vro	<https://panlex.org/snapshot/panlex-20191001-csv/5949#85298552>				<https://panlex.org/snapshot/panlex-20191001-csv/5949#85298460>		"Azerbaijan"@io	
"Eesti"@vro	<https://panlex.org/snapshot/panlex-20191001-csv/5949#85325801>				<https://panlex.org/snapshot/panlex-20191001-csv/5949#85325767>		"Estonia"@io	
"Vinnemaa"@vro	<https://panlex.org/snapshot/panlex-20191001-csv/5949#85319636>				<https://panlex.org/snapshot/panlex-20191001-csv/5949#85319472>		"Rusia"@io	
"Prantsusmaa"@vro	<https://panlex.org/snapshot/panlex-20191001-csv/5949#85323697>				<https://panlex.org/snapshot/panlex-20191001-csv/5949#85323588>		"Francia"@io	
"Berliin"@vro	<https://panlex.org/snapshot/panlex-20191001-csv/5949#85302561>				<https://panlex.org/snapshot/panlex-20191001-csv/5949#85302442>		"Berlin"@io	
"Filipiiniq"@vro	<https://panlex.org/snapshot/panlex-20191001-csv/5949#85323439>				<https://panlex.org/snapshot/panlex-20191001-csv/5949#85323344>		"Filipini"@io	
"põimukuu"@vro	<https://panlex.org/snapshot/panlex-20191001-csv/5949#85329544>				<https://panlex.org/snapshot/panlex-20191001-csv/5949#85329368>		"agosto"@io	
"Accra"@vro	<https://panlex.org/snapshot/panlex-20191001-csv/5949#85298735>				<https://panlex.org/snapshot/panlex-20191001-csv/5949#85298704>		"Accra"@io	
"lõikuskuu"@vro	<https://panlex.org/snapshot/panlex-20191001-csv/5949#85329542>				<https://panlex.org/snapshot/panlex-20191001-csv/5949#85329368>		"agosto"@io	
"Skotimaa"@vro	<https://panlex.org/snapshot/panlex-20191001-csv/5949#85325326>				<https://panlex.org/snapshot/panlex-20191001-csv/5949#85325238>		"Skotia"@io	
"Euruupa"@vro	<https://panlex.org/snapshot/panlex-20191001-csv/5949#85308662>				<https://panlex.org/snapshot/panlex-20191001-csv/5949#85308553>		"Europa"@io	
"rahu"@vro	<https://panlex.org/snapshot/panlex-20191001-csv/2902#111011993>				<https://panlex.org/snapshot/panlex-20191001-csv/2902#111012036>		"paco"@io	
"Haumea"@vro	<https://panlex.org/snapshot/panlex-20191001-csv/2907#110847472>				<https://panlex.org/snapshot/panlex-20191001-csv/2907#110847431>		"Haŭmeo"@io	
"Eris"@vro	<https://panlex.org/snapshot/panlex-20191001-csv/2907#110847857>				<https://panlex.org/snapshot/panlex-20191001-csv/2907#110847916>		"Eriso"@io	
"Pluuto"@vro	<https://panlex.org/snapshot/panlex-20191001-csv/2907#110847314>				<https://panlex.org/snapshot/panlex-20191001-csv/2907#110847304>		"Plutono"@io	
"Merkuur"@vro	<https://panlex.org/snapshot/panlex-20191001-csv/2907#110845146>				<https://panlex.org/snapshot/panlex-20191001-csv/2907#110845101>		"Merkuro"@io	
"Veenus"@vro	<https://panlex.org/snapshot/panlex-20191001-csv/2907#110845498>				<https://panlex.org/snapshot/panlex-20191001-csv/2907#110845342>		"Venero"@io	
"Ceres"@vro	<https://panlex.org/snapshot/panlex-20191001-csv/2907#110846257>				<https://panlex.org/snapshot/panlex-20191001-csv/2907#110846179>		"Cereso"@io	
"Maa"@vro	<https://panlex.org/snapshot/panlex-20191001-csv/2907#110845528>				<https://panlex.org/snapshot/panlex-20191001-csv/2907#110845717>		"Tero"@io	
"Saturn"@vro	<https://panlex.org/snapshot/panlex-20191001-csv/2907#110846629>				<https://panlex.org/snapshot/panlex-20191001-csv/2907#110846758>		"Saturno"@io	
"Pääväsüstem"@vro	<https://panlex.org/snapshot/panlex-20191001-csv/2907#110848297>				<https://panlex.org/snapshot/panlex-20191001-csv/2907#110848227>		"Sunala sistemo"@io	
"Uraan"@vro	<https://panlex.org/snapshot/panlex-20191001-csv/2907#110846879>				<https://panlex.org/snapshot/panlex-20191001-csv/2907#110846804>		"Urano"@io	
"Kuu"@vro	<https://panlex.org/snapshot/panlex-20191001-csv/2907#110845892>				<https://panlex.org/snapshot/panlex-20191001-csv/2907#110845902>		"Luno"@io	
"Jupiter"@vro	<https://panlex.org/snapshot/panlex-20191001-csv/2907#110846407>				<https://panlex.org/snapshot/panlex-20191001-csv/2907#110846448>		"Jupitero"@io	
"Päiv"@vro	<https://panlex.org/snapshot/panlex-20191001-csv/2907#110844865>				<https://panlex.org/snapshot/panlex-20191001-csv/2907#110844968>		"Suno"@io	
"Makemake"@vro	<https://panlex.org/snapshot/panlex-20191001-csv/2907#110847748>				<https://panlex.org/snapshot/panlex-20191001-csv/2907#110847595>		"Makemako"@io	
"kääbätshod’otäht"@vro	<https://panlex.org/snapshot/panlex-20191001-csv/2907#110848076>				<https://panlex.org/snapshot/panlex-20191001-csv/2907#110848081>		"nano-planeto"@io	
"Marss"@vro	<https://panlex.org/snapshot/panlex-20191001-csv/2907#110846039>				<https://panlex.org/snapshot/panlex-20191001-csv/2907#110846012>		"Marso"@io	
"Neptun"@vro	<https://panlex.org/snapshot/panlex-20191001-csv/2907#110847172>				<https://panlex.org/snapshot/panlex-20191001-csv/2907#110847176>		"Neptuno"@io	
"pühäpäiv"@vro	<https://panlex.org/snapshot/panlex-20191001-csv/2892#110826674>				<https://panlex.org/snapshot/panlex-20191001-csv/2892#110827029>		"sundio"@io	
"tõõsõpäiv"@vro	<https://panlex.org/snapshot/panlex-20191001-csv/2892#110824594>				<https://panlex.org/snapshot/panlex-20191001-csv/2892#110824804>		"mardio"@io	
"neläpäiv"@vro	<https://panlex.org/snapshot/panlex-20191001-csv/2892#110825536>				<https://panlex.org/snapshot/panlex-20191001-csv/2892#110825608>		"jovdio"@io	
"riidi"@vro	<https://panlex.org/snapshot/panlex-20191001-csv/2892#110826123>				<https://panlex.org/snapshot/panlex-20191001-csv/2892#110825952>		"venerdio"@io	
"puulpäiv"@vro	<https://panlex.org/snapshot/panlex-20191001-csv/2892#110826333>				<https://panlex.org/snapshot/panlex-20191001-csv/2892#110826517>		"saturdio"@io	
"iispäiv"@vro	<https://panlex.org/snapshot/panlex-20191001-csv/2892#110824219>				<https://panlex.org/snapshot/panlex-20191001-csv/2892#110824202>		"lundio"@io	
"kolmapäiv"@vro	<https://panlex.org/snapshot/panlex-20191001-csv/2892#110825260>				<https://panlex.org/snapshot/panlex-20191001-csv/2892#110825078>		"merkurdio"@io	
"mädäkuu"@vro	<https://panlex.org/snapshot/panlex-20191001-csv/2897#110830148>				<https://panlex.org/snapshot/panlex-20191001-csv/2897#110829933>		"agosto"@io	
"lehekuu"@vro	<https://panlex.org/snapshot/panlex-20191001-csv/2897#110828990>				<https://panlex.org/snapshot/panlex-20191001-csv/2897#110829034>		"mayo"@io	
"talsikuu"@vro	<https://panlex.org/snapshot/panlex-20191001-csv/2897#110831679>				<https://panlex.org/snapshot/panlex-20191001-csv/2897#110831886>		"decembro"@io	
"rihepessükuu"@vro	<https://panlex.org/snapshot/panlex-20191001-csv/2897#110830935>				<https://panlex.org/snapshot/panlex-20191001-csv/2897#110830736>		"oktobro"@io	
"paastukuu"@vro	<https://panlex.org/snapshot/panlex-20191001-csv/2897#110828150>				<https://panlex.org/snapshot/panlex-20191001-csv/2897#110827864>		"marto"@io	
"märdikuu"@vro	<https://panlex.org/snapshot/panlex-20191001-csv/2897#110831265>				<https://panlex.org/snapshot/panlex-20191001-csv/2897#110831273>		"novembro"@io	
"rehekuu"@vro	<https://panlex.org/snapshot/panlex-20191001-csv/2897#110831053>				<https://panlex.org/snapshot/panlex-20191001-csv/2897#110830736>		"oktobro"@io	
"soekuu"@vro	<https://panlex.org/snapshot/panlex-20191001-csv/2897#110827634>				<https://panlex.org/snapshot/panlex-20191001-csv/2897#110827473>		"februaro"@io	
"talvõkuu"@vro	<https://panlex.org/snapshot/panlex-20191001-csv/2897#110831321>				<https://panlex.org/snapshot/panlex-20191001-csv/2897#110831273>		"novembro"@io	
"radokuu"@vro	<https://panlex.org/snapshot/panlex-20191001-csv/2897#110827515>				<https://panlex.org/snapshot/panlex-20191001-csv/2897#110827473>		"februaro"@io	
"talsipühäkuu"@vro	<https://panlex.org/snapshot/panlex-20191001-csv/2897#110831732>				<https://panlex.org/snapshot/panlex-20191001-csv/2897#110831886>		"decembro"@io	
"rihekuu"@vro	<https://panlex.org/snapshot/panlex-20191001-csv/2897#110831008>				<https://panlex.org/snapshot/panlex-20191001-csv/2897#110830736>		"oktobro"@io	
"piimäkuu"@vro	<https://panlex.org/snapshot/panlex-20191001-csv/2897#110829185>				<https://panlex.org/snapshot/panlex-20191001-csv/2897#110829136>		"junio"@io	
"hainakuu"@vro	<https://panlex.org/snapshot/panlex-20191001-csv/2897#110829860>				<https://panlex.org/snapshot/panlex-20191001-csv/2897#110829841>		"julio"@io	
"süküskuu"@vro	<https://panlex.org/snapshot/panlex-20191001-csv/2897#110830454>				<https://panlex.org/snapshot/panlex-20191001-csv/2897#110830439>		"septembro"@io	
"mahlakuu"@vro	<https://panlex.org/snapshot/panlex-20191001-csv/2897#110828359>				<https://panlex.org/snapshot/panlex-20191001-csv/2897#110828518>		"aprilo"@io	
"põimukuu"@vro	<https://panlex.org/snapshot/panlex-20191001-csv/2897#110830101>				<https://panlex.org/snapshot/panlex-20191001-csv/2897#110829933>		"agosto"@io	
"urbõkuu"@vro	<https://panlex.org/snapshot/panlex-20191001-csv/2897#110828103>				<https://panlex.org/snapshot/panlex-20191001-csv/2897#110827864>		"marto"@io	
"talvistõpühäkuu"@vro	<https://panlex.org/snapshot/panlex-20191001-csv/2897#110831810>				<https://panlex.org/snapshot/panlex-20191001-csv/2897#110831886>		"decembro"@io	
"vahtsõaastakuu"@vro	<https://panlex.org/snapshot/panlex-20191001-csv/2897#110827046>				<https://panlex.org/snapshot/panlex-20191001-csv/2897#110827127>		"januaro"@io	
"kaarnakuu"@vro	<https://panlex.org/snapshot/panlex-20191001-csv/2897#110827105>				<https://panlex.org/snapshot/panlex-20191001-csv/2897#110827127>		"januaro"@io	
"joulukuu"@vro	<https://panlex.org/snapshot/panlex-20191001-csv/2897#110831832>				<https://panlex.org/snapshot/panlex-20191001-csv/2897#110831886>		"decembro"@io	
"jaanikuu"@vro	<https://panlex.org/snapshot/panlex-20191001-csv/2897#110829310>				<https://panlex.org/snapshot/panlex-20191001-csv/2897#110829136>		"junio"@io	
"jürikuu"@vro	<https://panlex.org/snapshot/panlex-20191001-csv/2897#110828398>				<https://panlex.org/snapshot/panlex-20191001-csv/2897#110828518>		"aprilo"@io	
"märtekuu"@vro	<https://panlex.org/snapshot/panlex-20191001-csv/2897#110831405>				<https://panlex.org/snapshot/panlex-20191001-csv/2897#110831273>		"novembro"@io	
"mihklikuu"@vro	<https://panlex.org/snapshot/panlex-20191001-csv/2897#110830558>				<https://panlex.org/snapshot/panlex-20191001-csv/2897#110830439>		"septembro"@io	
"küündlekuu"@vro	<https://panlex.org/snapshot/panlex-20191001-csv/2897#110827574>				<https://panlex.org/snapshot/panlex-20191001-csv/2897#110827473>		"februaro"@io	
"soeradokuu"@vro	<https://panlex.org/snapshot/panlex-20191001-csv/2897#110827449>				<https://panlex.org/snapshot/panlex-20191001-csv/2897#110827473>		"februaro"@io	
"lõikuskuu"@vro	<https://panlex.org/snapshot/panlex-20191001-csv/2897#110830249>				<https://panlex.org/snapshot/panlex-20191001-csv/2897#110829933>		"agosto"@io	
