"Tõõnõ ilmasõda"@vro	<https://panlex.org/snapshot/panlex-20191001-csv/6709#111077638>				<https://panlex.org/snapshot/panlex-20191001-csv/6709#111077498>		"Dagaalkii labaad ee adduunka"@so	
"Külm sõda"@vro	<https://panlex.org/snapshot/panlex-20191001-csv/6709#111077695>				<https://panlex.org/snapshot/panlex-20191001-csv/6709#111077793>		"Dagaalkii qaboobaa"@so	
"Edimäne ilmasõda"@vro	<https://panlex.org/snapshot/panlex-20191001-csv/6709#111077486>				<https://panlex.org/snapshot/panlex-20191001-csv/6709#111077382>		"Dagaalkii kowaad ee adduunka"@so	
"Tuhanda ja üte üü jutuq"@vro	<https://panlex.org/snapshot/panlex-20191001-csv/6710#111082861>				<https://panlex.org/snapshot/panlex-20191001-csv/6710#111082888>		"Kun Habeen Iyo Habeen"@so	
"mädäkuu"@vro	<https://panlex.org/snapshot/panlex-20191001-csv/5949#85329543>				<https://panlex.org/snapshot/panlex-20191001-csv/5949#85329499>		"Agoosto"@so	
"Cabo Verde"@vro	<https://panlex.org/snapshot/panlex-20191001-csv/5949#85311971>				<https://panlex.org/snapshot/panlex-20191001-csv/5949#85311956>		"Kab Ferde"@so	
"Jeruusalemm"@vro	<https://panlex.org/snapshot/panlex-20191001-csv/5949#85310052>				<https://panlex.org/snapshot/panlex-20191001-csv/5949#85310018>		"Qudus"@so	
"Sotimaa"@vro	<https://panlex.org/snapshot/panlex-20191001-csv/5949#85325325>				<https://panlex.org/snapshot/panlex-20191001-csv/5949#85325300>		"Skotland"@so	
"Päiv"@vro	<https://panlex.org/snapshot/panlex-20191001-csv/5949#85321013>				<https://panlex.org/snapshot/panlex-20191001-csv/5949#85320983>		"Cadceed"@so	
"Asõrbaidžaan"@vro	<https://panlex.org/snapshot/panlex-20191001-csv/5949#85298552>				<https://panlex.org/snapshot/panlex-20191001-csv/5949#85298524>		"Aserbiijaan"@so	
"Vinnemaa"@vro	<https://panlex.org/snapshot/panlex-20191001-csv/5949#85319636>				<https://panlex.org/snapshot/panlex-20191001-csv/5949#85319593>		"Ruush"@so	
"Berliin"@vro	<https://panlex.org/snapshot/panlex-20191001-csv/5949#85302561>				<https://panlex.org/snapshot/panlex-20191001-csv/5949#85302529>		"Baarliin"@so	
"Filipiiniq"@vro	<https://panlex.org/snapshot/panlex-20191001-csv/5949#85323439>				<https://panlex.org/snapshot/panlex-20191001-csv/5949#85323410>		"Filibiin"@so	
"põimukuu"@vro	<https://panlex.org/snapshot/panlex-20191001-csv/5949#85329544>				<https://panlex.org/snapshot/panlex-20191001-csv/5949#85329499>		"Agoosto"@so	
"lõikuskuu"@vro	<https://panlex.org/snapshot/panlex-20191001-csv/5949#85329542>				<https://panlex.org/snapshot/panlex-20191001-csv/5949#85329499>		"Agoosto"@so	
"Skotimaa"@vro	<https://panlex.org/snapshot/panlex-20191001-csv/5949#85325326>				<https://panlex.org/snapshot/panlex-20191001-csv/5949#85325300>		"Skotland"@so	
"matõmaatiga"@vro	<https://panlex.org/snapshot/panlex-20191001-csv/2904#111023347>				<https://panlex.org/snapshot/panlex-20191001-csv/2904#111023451>		"xisaab"@so	
"geograafia"@vro	<https://panlex.org/snapshot/panlex-20191001-csv/2904#111022794>				<https://panlex.org/snapshot/panlex-20191001-csv/2904#111022576>		"juquraafi"@so	
"aolugu"@vro	<https://panlex.org/snapshot/panlex-20191001-csv/2904#111023012>				<https://panlex.org/snapshot/panlex-20191001-csv/2904#111023025>		"taariikh"@so	
"tiidüs"@vro	<https://panlex.org/snapshot/panlex-20191001-csv/2904#111024300>				<https://panlex.org/snapshot/panlex-20191001-csv/2904#111024359>		"aqoon"@so	
"tiidüs"@vro	<https://panlex.org/snapshot/panlex-20191001-csv/2904#111024300>				<https://panlex.org/snapshot/panlex-20191001-csv/2904#111024401>		"cilmi"@so	
"keemiä"@vro	<https://panlex.org/snapshot/panlex-20191001-csv/2904#111022516>				<https://panlex.org/snapshot/panlex-20191001-csv/2904#111022491>		"kimistari"@so	
"maatiidüs"@vro	<https://panlex.org/snapshot/panlex-20191001-csv/2904#111022736>				<https://panlex.org/snapshot/panlex-20191001-csv/2904#111022576>		"juquraafi"@so	
"astronoomia"@vro	<https://panlex.org/snapshot/panlex-20191001-csv/2904#111022105>				<https://panlex.org/snapshot/panlex-20191001-csv/2904#111022009>		"cilmiga xiddigiska"@so	
"tähetiidüs"@vro	<https://panlex.org/snapshot/panlex-20191001-csv/2904#111022025>				<https://panlex.org/snapshot/panlex-20191001-csv/2904#111022009>		"cilmiga xiddigiska"@so	
"Lõunõpoolus"@vro	<https://panlex.org/snapshot/panlex-20191001-csv/2910#110855564>				<https://panlex.org/snapshot/panlex-20191001-csv/2910#110855696>		"Koonfur pole"@so	
"Põh’apoolus"@vro	<https://panlex.org/snapshot/panlex-20191001-csv/2910#110854631>				<https://panlex.org/snapshot/panlex-20191001-csv/2910#110854685>		"Woqooyi pole"@so	
"Lõunõnaba"@vro	<https://panlex.org/snapshot/panlex-20191001-csv/2910#110855549>				<https://panlex.org/snapshot/panlex-20191001-csv/2910#110855696>		"Koonfur pole"@so	
"Põh’anaba"@vro	<https://panlex.org/snapshot/panlex-20191001-csv/2910#110854619>				<https://panlex.org/snapshot/panlex-20191001-csv/2910#110854685>		"Woqooyi pole"@so	
"rahu"@vro	<https://panlex.org/snapshot/panlex-20191001-csv/2902#111011993>				<https://panlex.org/snapshot/panlex-20191001-csv/2902#111012130>		"nabad"@so	
"rahu"@vro	<https://panlex.org/snapshot/panlex-20191001-csv/2902#111011993>				<https://panlex.org/snapshot/panlex-20191001-csv/2902#111012072>		"sulux"@so	
"Vaihõmeri"@vro	<https://panlex.org/snapshot/panlex-20191001-csv/2905#110870379>				<https://panlex.org/snapshot/panlex-20191001-csv/2905#110870437>		"Bada Dhexe"@so	
"Verrev meri"@vro	<https://panlex.org/snapshot/panlex-20191001-csv/2905#110870896>				<https://panlex.org/snapshot/panlex-20191001-csv/2905#110870895>		"Bada Cas"@so	
"Verrev meri"@vro	<https://panlex.org/snapshot/panlex-20191001-csv/2905#110870896>				<https://panlex.org/snapshot/panlex-20191001-csv/2905#110870955>		"Gacanka Cadmeed"@so	
"Kuulnumeri"@vro	<https://panlex.org/snapshot/panlex-20191001-csv/2905#110869960>				<https://panlex.org/snapshot/panlex-20191001-csv/2905#110870016>		"Bada Dhimatay"@so	
"Must meri"@vro	<https://panlex.org/snapshot/panlex-20191001-csv/2905#110869151>				<https://panlex.org/snapshot/panlex-20191001-csv/2905#110869086>		"Bada Madaw"@so	
"Valgõ meri"@vro	<https://panlex.org/snapshot/panlex-20191001-csv/2905#110871280>				<https://panlex.org/snapshot/panlex-20191001-csv/2905#110871424>		"Bada Cad"@so	
"Haumea"@vro	<https://panlex.org/snapshot/panlex-20191001-csv/2907#110847472>				<https://panlex.org/snapshot/panlex-20191001-csv/2907#110847555>		"Haumea"@so	
"Eris"@vro	<https://panlex.org/snapshot/panlex-20191001-csv/2907#110847857>				<https://panlex.org/snapshot/panlex-20191001-csv/2907#110847946>		"Eris"@so	
"Pluuto"@vro	<https://panlex.org/snapshot/panlex-20191001-csv/2907#110847314>				<https://panlex.org/snapshot/panlex-20191001-csv/2907#110847253>		"Pluto"@so	
"Merkuur"@vro	<https://panlex.org/snapshot/panlex-20191001-csv/2907#110845146>				<https://panlex.org/snapshot/panlex-20191001-csv/2907#110845089>		"Mercury"@so	
"Veenus"@vro	<https://panlex.org/snapshot/panlex-20191001-csv/2907#110845498>				<https://panlex.org/snapshot/panlex-20191001-csv/2907#110845359>		"Venus"@so	
"Ceres"@vro	<https://panlex.org/snapshot/panlex-20191001-csv/2907#110846257>				<https://panlex.org/snapshot/panlex-20191001-csv/2907#110846208>		"Ceres"@so	
"Maa"@vro	<https://panlex.org/snapshot/panlex-20191001-csv/2907#110845528>				<https://panlex.org/snapshot/panlex-20191001-csv/2907#110845660>		"Dhul"@so	
"Saturn"@vro	<https://panlex.org/snapshot/panlex-20191001-csv/2907#110846629>				<https://panlex.org/snapshot/panlex-20191001-csv/2907#110846665>		"Saturn"@so	
"Uraan"@vro	<https://panlex.org/snapshot/panlex-20191001-csv/2907#110846879>				<https://panlex.org/snapshot/panlex-20191001-csv/2907#110846883>		"Uranus"@so	
"Kuu"@vro	<https://panlex.org/snapshot/panlex-20191001-csv/2907#110845892>				<https://panlex.org/snapshot/panlex-20191001-csv/2907#110845884>		"Dayax"@so	
"Jupiter"@vro	<https://panlex.org/snapshot/panlex-20191001-csv/2907#110846407>				<https://panlex.org/snapshot/panlex-20191001-csv/2907#110846428>		"Jupiter"@so	
"Päiv"@vro	<https://panlex.org/snapshot/panlex-20191001-csv/2907#110844865>				<https://panlex.org/snapshot/panlex-20191001-csv/2907#110844892>		"Cadceed"@so	
"Makemake"@vro	<https://panlex.org/snapshot/panlex-20191001-csv/2907#110847748>				<https://panlex.org/snapshot/panlex-20191001-csv/2907#110847767>		"Makemake"@so	
"Marss"@vro	<https://panlex.org/snapshot/panlex-20191001-csv/2907#110846039>				<https://panlex.org/snapshot/panlex-20191001-csv/2907#110846116>		"Mariikh"@so	
"Marss"@vro	<https://panlex.org/snapshot/panlex-20191001-csv/2907#110846039>				<https://panlex.org/snapshot/panlex-20191001-csv/2907#110845987>		"Mars"@so	
"Neptun"@vro	<https://panlex.org/snapshot/panlex-20191001-csv/2907#110847172>				<https://panlex.org/snapshot/panlex-20191001-csv/2907#110847058>		"Neptune"@so	
"Tsirgurada"@vro	<https://panlex.org/snapshot/panlex-20191001-csv/2907#110848853>				<https://panlex.org/snapshot/panlex-20191001-csv/2907#110848886>		"Marin Shimbireed"@so	
"India suurmeri"@vro	<https://panlex.org/snapshot/panlex-20191001-csv/2901#110867663>				<https://panlex.org/snapshot/panlex-20191001-csv/2901#110867856>		"Badweynta Hindiya"@so	
"Vaiknõ suurmeri"@vro	<https://panlex.org/snapshot/panlex-20191001-csv/2901#110868079>				<https://panlex.org/snapshot/panlex-20191001-csv/2901#110867898>		"Badweeynta Baasifik"@so	
"Tasalik suurmeri"@vro	<https://panlex.org/snapshot/panlex-20191001-csv/2901#110868120>				<https://panlex.org/snapshot/panlex-20191001-csv/2901#110867898>		"Badweeynta Baasifik"@so	
"Atlandi suurmeri"@vro	<https://panlex.org/snapshot/panlex-20191001-csv/2901#110867425>				<https://panlex.org/snapshot/panlex-20191001-csv/2901#110867610>		"Badweynta Atlaantik"@so	
"Verrev Puulkuu"@vro	<https://panlex.org/snapshot/panlex-20191001-csv/2894#111101790>				<https://panlex.org/snapshot/panlex-20191001-csv/2894#111101740>		"Laanqeyrta Cas"@so	
"Verrev Puulkuu"@vro	<https://panlex.org/snapshot/panlex-20191001-csv/2894#111101790>				<https://panlex.org/snapshot/panlex-20191001-csv/2894#111101794>		"Laanqayrta Cas"@so	
"Õuruupa Liit"@vro	<https://panlex.org/snapshot/panlex-20191001-csv/2894#111100298>				<https://panlex.org/snapshot/panlex-20191001-csv/2894#111100132>		"Midowga Yurub"@so	
"Verrev Rist"@vro	<https://panlex.org/snapshot/panlex-20191001-csv/2894#111101564>				<https://panlex.org/snapshot/panlex-20191001-csv/2894#111101525>		"Adduunka ee Bisha Cas"@so	
"pühäpäiv"@vro	<https://panlex.org/snapshot/panlex-20191001-csv/2892#110826674>				<https://panlex.org/snapshot/panlex-20191001-csv/2892#110826787>		"Axad"@so	
"tõõsõpäiv"@vro	<https://panlex.org/snapshot/panlex-20191001-csv/2892#110824594>				<https://panlex.org/snapshot/panlex-20191001-csv/2892#110824445>		"Talaado"@so	
"neläpäiv"@vro	<https://panlex.org/snapshot/panlex-20191001-csv/2892#110825536>				<https://panlex.org/snapshot/panlex-20191001-csv/2892#110825681>		"Khamiis"@so	
"riidi"@vro	<https://panlex.org/snapshot/panlex-20191001-csv/2892#110826123>				<https://panlex.org/snapshot/panlex-20191001-csv/2892#110826029>		"Jimco"@so	
"puulpäiv"@vro	<https://panlex.org/snapshot/panlex-20191001-csv/2892#110826333>				<https://panlex.org/snapshot/panlex-20191001-csv/2892#110826182>		"Sabti"@so	
"iispäiv"@vro	<https://panlex.org/snapshot/panlex-20191001-csv/2892#110824219>				<https://panlex.org/snapshot/panlex-20191001-csv/2892#110824201>		"Isniin"@so	
"kolmapäiv"@vro	<https://panlex.org/snapshot/panlex-20191001-csv/2892#110825260>				<https://panlex.org/snapshot/panlex-20191001-csv/2892#110825049>		"Arbaco"@so	
"mädäkuu"@vro	<https://panlex.org/snapshot/panlex-20191001-csv/2897#110830148>				<https://panlex.org/snapshot/panlex-20191001-csv/2897#110830015>		"Agoosto"@so	
"lehekuu"@vro	<https://panlex.org/snapshot/panlex-20191001-csv/2897#110828990>				<https://panlex.org/snapshot/panlex-20191001-csv/2897#110829057>		"Maajo"@so	
"talsikuu"@vro	<https://panlex.org/snapshot/panlex-20191001-csv/2897#110831679>				<https://panlex.org/snapshot/panlex-20191001-csv/2897#110831843>		"Diseembar"@so	
"rihepessükuu"@vro	<https://panlex.org/snapshot/panlex-20191001-csv/2897#110830935>				<https://panlex.org/snapshot/panlex-20191001-csv/2897#110831000>		"Oktoobar"@so	
"paastukuu"@vro	<https://panlex.org/snapshot/panlex-20191001-csv/2897#110828150>				<https://panlex.org/snapshot/panlex-20191001-csv/2897#110828083>		"Maarso"@so	
"märdikuu"@vro	<https://panlex.org/snapshot/panlex-20191001-csv/2897#110831265>				<https://panlex.org/snapshot/panlex-20191001-csv/2897#110831212>		"Nofeembar"@so	
"rehekuu"@vro	<https://panlex.org/snapshot/panlex-20191001-csv/2897#110831053>				<https://panlex.org/snapshot/panlex-20191001-csv/2897#110831000>		"Oktoobar"@so	
"soekuu"@vro	<https://panlex.org/snapshot/panlex-20191001-csv/2897#110827634>				<https://panlex.org/snapshot/panlex-20191001-csv/2897#110827651>		"Febraayo"@so	
"talvõkuu"@vro	<https://panlex.org/snapshot/panlex-20191001-csv/2897#110831321>				<https://panlex.org/snapshot/panlex-20191001-csv/2897#110831212>		"Nofeembar"@so	
"radokuu"@vro	<https://panlex.org/snapshot/panlex-20191001-csv/2897#110827515>				<https://panlex.org/snapshot/panlex-20191001-csv/2897#110827651>		"Febraayo"@so	
"talsipühäkuu"@vro	<https://panlex.org/snapshot/panlex-20191001-csv/2897#110831732>				<https://panlex.org/snapshot/panlex-20191001-csv/2897#110831843>		"Diseembar"@so	
"rihekuu"@vro	<https://panlex.org/snapshot/panlex-20191001-csv/2897#110831008>				<https://panlex.org/snapshot/panlex-20191001-csv/2897#110831000>		"Oktoobar"@so	
"piimäkuu"@vro	<https://panlex.org/snapshot/panlex-20191001-csv/2897#110829185>				<https://panlex.org/snapshot/panlex-20191001-csv/2897#110829419>		"Juun"@so	
"hainakuu"@vro	<https://panlex.org/snapshot/panlex-20191001-csv/2897#110829860>				<https://panlex.org/snapshot/panlex-20191001-csv/2897#110829812>		"Luuliyo"@so	
"süküskuu"@vro	<https://panlex.org/snapshot/panlex-20191001-csv/2897#110830454>				<https://panlex.org/snapshot/panlex-20191001-csv/2897#110830337>		"Sebteembar"@so	
"mahlakuu"@vro	<https://panlex.org/snapshot/panlex-20191001-csv/2897#110828359>				<https://panlex.org/snapshot/panlex-20191001-csv/2897#110828557>		"Abriil"@so	
"põimukuu"@vro	<https://panlex.org/snapshot/panlex-20191001-csv/2897#110830101>				<https://panlex.org/snapshot/panlex-20191001-csv/2897#110830015>		"Agoosto"@so	
"urbõkuu"@vro	<https://panlex.org/snapshot/panlex-20191001-csv/2897#110828103>				<https://panlex.org/snapshot/panlex-20191001-csv/2897#110828083>		"Maarso"@so	
"talvistõpühäkuu"@vro	<https://panlex.org/snapshot/panlex-20191001-csv/2897#110831810>				<https://panlex.org/snapshot/panlex-20191001-csv/2897#110831843>		"Diseembar"@so	
"vahtsõaastakuu"@vro	<https://panlex.org/snapshot/panlex-20191001-csv/2897#110827046>				<https://panlex.org/snapshot/panlex-20191001-csv/2897#110827315>		"Janaayo"@so	
"kaarnakuu"@vro	<https://panlex.org/snapshot/panlex-20191001-csv/2897#110827105>				<https://panlex.org/snapshot/panlex-20191001-csv/2897#110827315>		"Janaayo"@so	
"joulukuu"@vro	<https://panlex.org/snapshot/panlex-20191001-csv/2897#110831832>				<https://panlex.org/snapshot/panlex-20191001-csv/2897#110831843>		"Diseembar"@so	
"jaanikuu"@vro	<https://panlex.org/snapshot/panlex-20191001-csv/2897#110829310>				<https://panlex.org/snapshot/panlex-20191001-csv/2897#110829419>		"Juun"@so	
"jürikuu"@vro	<https://panlex.org/snapshot/panlex-20191001-csv/2897#110828398>				<https://panlex.org/snapshot/panlex-20191001-csv/2897#110828557>		"Abriil"@so	
"märtekuu"@vro	<https://panlex.org/snapshot/panlex-20191001-csv/2897#110831405>				<https://panlex.org/snapshot/panlex-20191001-csv/2897#110831212>		"Nofeembar"@so	
"mihklikuu"@vro	<https://panlex.org/snapshot/panlex-20191001-csv/2897#110830558>				<https://panlex.org/snapshot/panlex-20191001-csv/2897#110830337>		"Sebteembar"@so	
"küündlekuu"@vro	<https://panlex.org/snapshot/panlex-20191001-csv/2897#110827574>				<https://panlex.org/snapshot/panlex-20191001-csv/2897#110827651>		"Febraayo"@so	
"soeradokuu"@vro	<https://panlex.org/snapshot/panlex-20191001-csv/2897#110827449>				<https://panlex.org/snapshot/panlex-20191001-csv/2897#110827651>		"Febraayo"@so	
"lõikuskuu"@vro	<https://panlex.org/snapshot/panlex-20191001-csv/2897#110830249>				<https://panlex.org/snapshot/panlex-20191001-csv/2897#110830015>		"Agoosto"@so	
"Afriga"@vro	<https://panlex.org/snapshot/panlex-20191001-csv/2891#110853212>				<https://panlex.org/snapshot/panlex-20191001-csv/2891#110853222>		"Afrika"@so	
"Aasia"@vro	<https://panlex.org/snapshot/panlex-20191001-csv/2891#110853890>				<https://panlex.org/snapshot/panlex-20191001-csv/2891#110854030>		"Aasiya"@so	
"Antarktiga"@vro	<https://panlex.org/snapshot/panlex-20191001-csv/2891#110853558>				<https://panlex.org/snapshot/panlex-20191001-csv/2891#110853732>		"Antiarktis"@so	
"Õuruupa"@vro	<https://panlex.org/snapshot/panlex-20191001-csv/2891#110854085>				<https://panlex.org/snapshot/panlex-20191001-csv/2891#110854324>		"Yurub"@so	
"Ameeriga"@vro	<https://panlex.org/snapshot/panlex-20191001-csv/2891#110853529>				<https://panlex.org/snapshot/panlex-20191001-csv/2891#110853442>		"Ameerika"@so	
"Ameeriga"@vro	<https://panlex.org/snapshot/panlex-20191001-csv/2891#110853529>				<https://panlex.org/snapshot/panlex-20191001-csv/2891#110853438>		"Mareykanka"@so	
"Okõaania"@vro	<https://panlex.org/snapshot/panlex-20191001-csv/2891#110854367>				<https://panlex.org/snapshot/panlex-20191001-csv/2891#110854519>		"Ooshiyaaniya"@so	
"Meeriga"@vro	<https://panlex.org/snapshot/panlex-20191001-csv/2891#110853491>				<https://panlex.org/snapshot/panlex-20191001-csv/2891#110853442>		"Ameerika"@so	
"Meeriga"@vro	<https://panlex.org/snapshot/panlex-20191001-csv/2891#110853491>				<https://panlex.org/snapshot/panlex-20191001-csv/2891#110853438>		"Mareykanka"@so	
"Euruupa"@vro	<https://panlex.org/snapshot/panlex-20191001-csv/2891#110854058>				<https://panlex.org/snapshot/panlex-20191001-csv/2891#110854324>		"Yurub"@so	
