"субота"@kap	<https://panlex.org/snapshot/panlex-20191001-csv/2892#110826282>				<https://panlex.org/snapshot/panlex-20191001-csv/2892#110826437>		"k’uychichaw"@qu	
"хамиз"@kap	<https://panlex.org/snapshot/panlex-20191001-csv/2892#110825312>				<https://panlex.org/snapshot/panlex-20191001-csv/2892#110825351>		"illapachaw"@qu	
"арбаъ"@kap	<https://panlex.org/snapshot/panlex-20191001-csv/2892#110824901>				<https://panlex.org/snapshot/panlex-20191001-csv/2892#110825183>		"quyllurchaw"@qu	
"шамат"@kap	<https://panlex.org/snapshot/panlex-20191001-csv/2892#110826480>				<https://panlex.org/snapshot/panlex-20191001-csv/2892#110826437>		"k’uychichaw"@qu	
"пийатница"@kap	<https://panlex.org/snapshot/panlex-20191001-csv/2892#110825698>				<https://panlex.org/snapshot/panlex-20191001-csv/2892#110825879>		"ch’askachaw"@qu	
"четверг"@kap	<https://panlex.org/snapshot/panlex-20191001-csv/2892#110825610>				<https://panlex.org/snapshot/panlex-20191001-csv/2892#110825351>		"illapachaw"@qu	
"талат"@kap	<https://panlex.org/snapshot/panlex-20191001-csv/2892#110824680>				<https://panlex.org/snapshot/panlex-20191001-csv/2892#110824462>		"atipachaw"@qu	
"вихадной"@kap	<https://panlex.org/snapshot/panlex-20191001-csv/2892#110826932>				<https://panlex.org/snapshot/panlex-20191001-csv/2892#110826822>		"intichaw"@qu	
"середа"@kap	<https://panlex.org/snapshot/panlex-20191001-csv/2892#110825059>				<https://panlex.org/snapshot/panlex-20191001-csv/2892#110825183>		"quyllurchaw"@qu	
"паниденник"@kap	<https://panlex.org/snapshot/panlex-20191001-csv/2892#110824022>				<https://panlex.org/snapshot/panlex-20191001-csv/2892#110824326>		"killachaw"@qu	
"муьжмаьр"@kap	<https://panlex.org/snapshot/panlex-20191001-csv/2892#110826058>				<https://panlex.org/snapshot/panlex-20191001-csv/2892#110825879>		"ch’askachaw"@qu	
"базай-водо"@kap	<https://panlex.org/snapshot/panlex-20191001-csv/2892#110826817>				<https://panlex.org/snapshot/panlex-20191001-csv/2892#110826822>		"intichaw"@qu	
"хадур"@kap	<https://panlex.org/snapshot/panlex-20191001-csv/2892#110824815>				<https://panlex.org/snapshot/panlex-20191001-csv/2892#110824462>		"atipachaw"@qu	
"итни"@kap	<https://panlex.org/snapshot/panlex-20191001-csv/2892#110824332>				<https://panlex.org/snapshot/panlex-20191001-csv/2892#110824326>		"killachaw"@qu	
"вторник"@kap	<https://panlex.org/snapshot/panlex-20191001-csv/2892#110824494>				<https://panlex.org/snapshot/panlex-20191001-csv/2892#110824462>		"atipachaw"@qu	
