"ലിത്വാനിയ"@ml	<https://panlex.org/snapshot/panlex-20191001-csv/6898#113632049>				<https://panlex.org/snapshot/panlex-20191001-csv/6898#113631985>		"Lituaani"@khq	
"ജർമനി"@ml	<https://panlex.org/snapshot/panlex-20191001-csv/6898#113639304>				<https://panlex.org/snapshot/panlex-20191001-csv/6898#113639278>		"Almaaɲe"@khq	
"ഇറാൻ"@ml	<https://panlex.org/snapshot/panlex-20191001-csv/6898#113626176>				<https://panlex.org/snapshot/panlex-20191001-csv/6898#113626080>		"Iraan"@khq	
"ഇന്തോനേഷ്യ"@ml	<https://panlex.org/snapshot/panlex-20191001-csv/6898#113633439>				<https://panlex.org/snapshot/panlex-20191001-csv/6898#113633483>		"Indoneezi"@khq	
"അംഗോള"@ml	<https://panlex.org/snapshot/panlex-20191001-csv/6898#113599977>				<https://panlex.org/snapshot/panlex-20191001-csv/6898#113599939>		"Angoola"@khq	
"മാർഷൽ‍‍ ദ്വീപുകൾ"@ml	<https://panlex.org/snapshot/panlex-20191001-csv/6898#113594927>				<https://panlex.org/snapshot/panlex-20191001-csv/6898#113594980>		"Maršal gungey"@khq	
"അൽബേനിയ"@ml	<https://panlex.org/snapshot/panlex-20191001-csv/6898#113637705>				<https://panlex.org/snapshot/panlex-20191001-csv/6898#113637715>		"Albaani"@khq	
"സ്‌പെയിൻ"@ml	<https://panlex.org/snapshot/panlex-20191001-csv/6898#113594577>				<https://panlex.org/snapshot/panlex-20191001-csv/6898#113594527>		"Espaaɲe"@khq	
"ഓസ്ട്രിയ"@ml	<https://panlex.org/snapshot/panlex-20191001-csv/6898#113616252>				<https://panlex.org/snapshot/panlex-20191001-csv/6898#113616261>		"Otriši"@khq	
"മാസിഡോണിയ (FYROM)"@ml	<https://panlex.org/snapshot/panlex-20191001-csv/6898#113613389>				<https://panlex.org/snapshot/panlex-20191001-csv/6898#113613311>		"Maacedooni"@khq	
"ഗ്വാം"@ml	<https://panlex.org/snapshot/panlex-20191001-csv/6898#113630741>				<https://panlex.org/snapshot/panlex-20191001-csv/6898#113630753>		"Guam"@khq	
"ഛാഡ്"@ml	<https://panlex.org/snapshot/panlex-20191001-csv/6898#113643281>				<https://panlex.org/snapshot/panlex-20191001-csv/6898#113643282>		"Caadu"@khq	
"ഡൊമിനിക്ക"@ml	<https://panlex.org/snapshot/panlex-20191001-csv/6898#113599712>				<https://panlex.org/snapshot/panlex-20191001-csv/6898#113599800>		"Doominiki"@khq	
"സിയെറ ലിയോൺ"@ml	<https://panlex.org/snapshot/panlex-20191001-csv/6898#113637027>				<https://panlex.org/snapshot/panlex-20191001-csv/6898#113636964>		"Seera Leon"@khq	
"തുർക്കി"@ml	<https://panlex.org/snapshot/panlex-20191001-csv/6898#113611960>				<https://panlex.org/snapshot/panlex-20191001-csv/6898#113611963>		"Turki"@khq	
"മൊണ്ടെസരത്ത്"@ml	<https://panlex.org/snapshot/panlex-20191001-csv/6898#113618466>				<https://panlex.org/snapshot/panlex-20191001-csv/6898#113618314>		"Montserrat"@khq	
"അമേരിക്കൻ സമോവ"@ml	<https://panlex.org/snapshot/panlex-20191001-csv/6898#113606315>				<https://panlex.org/snapshot/panlex-20191001-csv/6898#113606265>		"Ameriki Samoa"@khq	
"ഇറാഖ്"@ml	<https://panlex.org/snapshot/panlex-20191001-csv/6898#113633664>				<https://panlex.org/snapshot/panlex-20191001-csv/6898#113633722>		"Iraak"@khq	
"ദക്ഷിണകൊറിയ"@ml	<https://panlex.org/snapshot/panlex-20191001-csv/6898#113638885>				<https://panlex.org/snapshot/panlex-20191001-csv/6898#113638884>		"Kooree, Hawsa"@khq	
"പലാവു"@ml	<https://panlex.org/snapshot/panlex-20191001-csv/6898#113630984>				<https://panlex.org/snapshot/panlex-20191001-csv/6898#113630938>		"Palu"@khq	
"പോളണ്ട്"@ml	<https://panlex.org/snapshot/panlex-20191001-csv/6898#113642620>				<https://panlex.org/snapshot/panlex-20191001-csv/6898#113642776>		"Poloɲe"@khq	
"കോമൊറോസ്"@ml	<https://panlex.org/snapshot/panlex-20191001-csv/6898#113627028>				<https://panlex.org/snapshot/panlex-20191001-csv/6898#113627110>		"Komoor"@khq	
"ടാൻസാനിയ"@ml	<https://panlex.org/snapshot/panlex-20191001-csv/6898#113627866>				<https://panlex.org/snapshot/panlex-20191001-csv/6898#113627706>		"Tanzaani"@khq	
"ലക്സംബർഗ്"@ml	<https://panlex.org/snapshot/panlex-20191001-csv/6898#113640889>				<https://panlex.org/snapshot/panlex-20191001-csv/6898#113641019>		"Luxembourg"@khq	
"ഹംഗറി"@ml	<https://panlex.org/snapshot/panlex-20191001-csv/6898#113624965>				<https://panlex.org/snapshot/panlex-20191001-csv/6898#113625042>		"Hungaari"@khq	
"ഉസ്‌ബെക്കിസ്ഥാൻ"@ml	<https://panlex.org/snapshot/panlex-20191001-csv/6898#113637184>				<https://panlex.org/snapshot/panlex-20191001-csv/6898#113637264>		"Uzbeekistan"@khq	
"ലൈബീരിയ"@ml	<https://panlex.org/snapshot/panlex-20191001-csv/6898#113605602>				<https://panlex.org/snapshot/panlex-20191001-csv/6898#113605493>		"Liberia"@khq	
"ഉഗാണ്ട"@ml	<https://panlex.org/snapshot/panlex-20191001-csv/6898#113638054>				<https://panlex.org/snapshot/panlex-20191001-csv/6898#113637945>		"Uganda"@khq	
"ഗ്രീൻലാൻറ്"@ml	<https://panlex.org/snapshot/panlex-20191001-csv/6898#113590646>				<https://panlex.org/snapshot/panlex-20191001-csv/6898#113590719>		"Grinland"@khq	
"ജോർദ്ദാൻ"@ml	<https://panlex.org/snapshot/panlex-20191001-csv/6898#113611703>				<https://panlex.org/snapshot/panlex-20191001-csv/6898#113611608>		"Urdun"@khq	
"ഉക്രെയ്‌ൻ"@ml	<https://panlex.org/snapshot/panlex-20191001-csv/6898#113600877>				<https://panlex.org/snapshot/panlex-20191001-csv/6898#113600842>		"Ukreen"@khq	
"ക്രൊയേഷ്യ"@ml	<https://panlex.org/snapshot/panlex-20191001-csv/6898#113623196>				<https://panlex.org/snapshot/panlex-20191001-csv/6898#113623296>		"Krwaasi"@khq	
"വത്തിക്കാൻ"@ml	<https://panlex.org/snapshot/panlex-20191001-csv/6898#113629809>				<https://panlex.org/snapshot/panlex-20191001-csv/6898#113629760>		"Vaatikan Laama"@khq	
"സുഡാൻ"@ml	<https://panlex.org/snapshot/panlex-20191001-csv/6898#113633058>				<https://panlex.org/snapshot/panlex-20191001-csv/6898#113633052>		"Suudaŋ"@khq	
"അയർലൻഡ്"@ml	<https://panlex.org/snapshot/panlex-20191001-csv/6898#113625869>				<https://panlex.org/snapshot/panlex-20191001-csv/6898#113625902>		"Irlandu"@khq	
"ഇസ്രായേൽ"@ml	<https://panlex.org/snapshot/panlex-20191001-csv/6898#113615419>				<https://panlex.org/snapshot/panlex-20191001-csv/6898#113615319>		"Israyel"@khq	
"കുവൈറ്റ്"@ml	<https://panlex.org/snapshot/panlex-20191001-csv/6898#113605775>				<https://panlex.org/snapshot/panlex-20191001-csv/6898#113605898>		"Kuweet"@khq	
"എൽ സാൽവദോർ"@ml	<https://panlex.org/snapshot/panlex-20191001-csv/6898#113600539>				<https://panlex.org/snapshot/panlex-20191001-csv/6898#113600597>		"Salvador laboo"@khq	
"ക്യൂബ"@ml	<https://panlex.org/snapshot/panlex-20191001-csv/6898#113618667>				<https://panlex.org/snapshot/panlex-20191001-csv/6898#113618511>		"Kuuba"@khq	
"അഫ്‌ഗാനിസ്ഥാൻ"@ml	<https://panlex.org/snapshot/panlex-20191001-csv/6898#113604730>				<https://panlex.org/snapshot/panlex-20191001-csv/6898#113604732>		"Afgaanistan"@khq	
"ബൊളീവിയ"@ml	<https://panlex.org/snapshot/panlex-20191001-csv/6898#113609594>				<https://panlex.org/snapshot/panlex-20191001-csv/6898#113609621>		"Boolivi"@khq	
"നേപ്പാൾ"@ml	<https://panlex.org/snapshot/panlex-20191001-csv/6898#113584161>				<https://panlex.org/snapshot/panlex-20191001-csv/6898#113584103>		"Neepal"@khq	
"അന്റോറ"@ml	<https://panlex.org/snapshot/panlex-20191001-csv/6898#113588486>				<https://panlex.org/snapshot/panlex-20191001-csv/6898#113588390>		"Andoora"@khq	
"സുരിനാം"@ml	<https://panlex.org/snapshot/panlex-20191001-csv/6898#113640743>				<https://panlex.org/snapshot/panlex-20191001-csv/6898#113640636>		"Surinaam"@khq	
"സെൻട്രൽ ആഫ്രിക്കൻ റിപ്പബ്ലിക്"@ml	<https://panlex.org/snapshot/panlex-20191001-csv/6898#113591458>				<https://panlex.org/snapshot/panlex-20191001-csv/6898#113591456>		"Centraafriki koyra"@khq	
"കിഴക്കൻ തിമോർ"@ml	<https://panlex.org/snapshot/panlex-20191001-csv/6898#113632677>				<https://panlex.org/snapshot/panlex-20191001-csv/6898#113632575>		"Timoor hawsa"@khq	
"ജപ്പാൻ"@ml	<https://panlex.org/snapshot/panlex-20191001-csv/6898#113634762>				<https://panlex.org/snapshot/panlex-20191001-csv/6898#113634751>		"Jaapoŋ"@khq	
"യു.എസ്. വെർജിൻ ദ്വീപുകൾ"@ml	<https://panlex.org/snapshot/panlex-20191001-csv/6898#113587766>				<https://panlex.org/snapshot/panlex-20191001-csv/6898#113587619>		"Ameerik Virgin Gungey"@khq	
"ഫിൻലാൻഡ്"@ml	<https://panlex.org/snapshot/panlex-20191001-csv/6898#113641648>				<https://panlex.org/snapshot/panlex-20191001-csv/6898#113641559>		"Finlandu"@khq	
"മാലി"@ml	<https://panlex.org/snapshot/panlex-20191001-csv/6898#113615025>				<https://panlex.org/snapshot/panlex-20191001-csv/6898#113615168>		"Maali"@khq	
"സെൻറ് ലൂസിയ"@ml	<https://panlex.org/snapshot/panlex-20191001-csv/6898#113621877>				<https://panlex.org/snapshot/panlex-20191001-csv/6898#113621970>		"Seŋ Lussia"@khq	
"ദക്ഷിണാഫ്രിക്ക"@ml	<https://panlex.org/snapshot/panlex-20191001-csv/6898#113613614>				<https://panlex.org/snapshot/panlex-20191001-csv/6898#113613647>		"Hawsa Afriki Laboo"@khq	
"സ്ലോവേനിയ"@ml	<https://panlex.org/snapshot/panlex-20191001-csv/6898#113636701>				<https://panlex.org/snapshot/panlex-20191001-csv/6898#113636648>		"Sloveeni"@khq	
"പോർച്ചുഗൽ"@ml	<https://panlex.org/snapshot/panlex-20191001-csv/6898#113628714>				<https://panlex.org/snapshot/panlex-20191001-csv/6898#113628543>		"Portugaal"@khq	
"ആൻറിഗ്വയും ബർബുഡയും"@ml	<https://panlex.org/snapshot/panlex-20191001-csv/6898#113643803>				<https://panlex.org/snapshot/panlex-20191001-csv/6898#113643766>		"Antigua nda Barbuuda"@khq	
"താജിക്കിസ്ഥാൻ"@ml	<https://panlex.org/snapshot/panlex-20191001-csv/6898#113590179>				<https://panlex.org/snapshot/panlex-20191001-csv/6898#113590166>		"Taažikistan"@khq	
"ഡൊമിനിക്കൻ റിപ്പബ്ലിക്"@ml	<https://panlex.org/snapshot/panlex-20191001-csv/6898#113603466>				<https://panlex.org/snapshot/panlex-20191001-csv/6898#113603570>		"Doominiki laboo"@khq	
"പലസ്‌തീൻ"@ml	<https://panlex.org/snapshot/panlex-20191001-csv/6898#113586260>				<https://panlex.org/snapshot/panlex-20191001-csv/6898#113586463>		"Palestine Dangay nda Gaaza"@khq	
"സോമാലിയ"@ml	<https://panlex.org/snapshot/panlex-20191001-csv/6898#113608410>				<https://panlex.org/snapshot/panlex-20191001-csv/6898#113608532>		"Somaali"@khq	
"എത്യോപ്യ"@ml	<https://panlex.org/snapshot/panlex-20191001-csv/6898#113615677>				<https://panlex.org/snapshot/panlex-20191001-csv/6898#113615633>		"Ecioopi"@khq	
