"kau"@piv	<https://panlex.org/snapshot/panlex-20191001-csv/114#8056091>				<https://panlex.org/snapshot/panlex-20191001-csv/114#8056188>		"kapaykapay"@tbk	
"kau"@piv	<https://panlex.org/snapshot/panlex-20191001-csv/114#8054060>				<https://panlex.org/snapshot/panlex-20191001-csv/114#8054168>		"panaw"@tbk	
"kata"@piv	<https://panlex.org/snapshot/panlex-20191001-csv/114#8068467>				<https://panlex.org/snapshot/panlex-20191001-csv/114#8068558>		"qimud"@tbk	
"ivi"@piv	<https://panlex.org/snapshot/panlex-20191001-csv/114#8059156>				<https://panlex.org/snapshot/panlex-20191001-csv/114#8059246>		"duliq"@tbk	
"pongaiu"@piv	<https://panlex.org/snapshot/panlex-20191001-csv/114#8065386>				<https://panlex.org/snapshot/panlex-20191001-csv/114#8065487>		"qurung"@tbk	
"tua"@piv	<https://panlex.org/snapshot/panlex-20191001-csv/114#8058087>				<https://panlex.org/snapshot/panlex-20191001-csv/114#8058181>		"bukuq"@tbk	
"toilo"@piv	<https://panlex.org/snapshot/panlex-20191001-csv/114#8052951>				<https://panlex.org/snapshot/panlex-20191001-csv/114#8053033>		"tuu"@tbk	
"niho"@piv	<https://panlex.org/snapshot/panlex-20191001-csv/114#8067414>				<https://panlex.org/snapshot/panlex-20191001-csv/114#8067516>		"qisiq"@tbk	
"tahuli"@piv	<https://panlex.org/snapshot/panlex-20191001-csv/114#8055575>				<https://panlex.org/snapshot/panlex-20191001-csv/114#8055675>		"tɨyɨb"@tbk	
"tovale"@piv	<https://panlex.org/snapshot/panlex-20191001-csv/114#8052488>				<https://panlex.org/snapshot/panlex-20191001-csv/114#8052575>		"walaq"@tbk	
