"kau"@piv	<https://panlex.org/snapshot/panlex-20191001-csv/114#8056091>				<https://panlex.org/snapshot/panlex-20191001-csv/114#8056152>		"naŋuy"@sne	
"kau"@piv	<https://panlex.org/snapshot/panlex-20191001-csv/114#8054060>				<https://panlex.org/snapshot/panlex-20191001-csv/114#8054128>		"ponu"@sne	
"kata"@piv	<https://panlex.org/snapshot/panlex-20191001-csv/114#8068467>				<https://panlex.org/snapshot/panlex-20191001-csv/114#8068525>		"tauwix"@sne	
"ivi"@piv	<https://panlex.org/snapshot/panlex-20191001-csv/114#8059156>				<https://panlex.org/snapshot/panlex-20191001-csv/114#8059211>		"turaŋ"@sne	
"pongaiu"@piv	<https://panlex.org/snapshot/panlex-20191001-csv/114#8065386>				<https://panlex.org/snapshot/panlex-20191001-csv/114#8065443>		"nuŋ"@sne	
"tua"@piv	<https://panlex.org/snapshot/panlex-20191001-csv/114#8058087>				<https://panlex.org/snapshot/panlex-20191001-csv/114#8058143>		"dug"@sne	
"toilo"@piv	<https://panlex.org/snapshot/panlex-20191001-csv/114#8052951>				<https://panlex.org/snapshot/panlex-20191001-csv/114#8053002>		"toux"@sne	
"niho"@piv	<https://panlex.org/snapshot/panlex-20191001-csv/114#8067414>				<https://panlex.org/snapshot/panlex-20191001-csv/114#8067479>		"jupen"@sne	
"tahuli"@piv	<https://panlex.org/snapshot/panlex-20191001-csv/114#8055575>				<https://panlex.org/snapshot/panlex-20191001-csv/114#8055644>		"kus"@sne	
"tovale"@piv	<https://panlex.org/snapshot/panlex-20191001-csv/114#8052488>				<https://panlex.org/snapshot/panlex-20191001-csv/114#8052542>		"bait"@sne	
