"kau"@piv	<https://panlex.org/snapshot/panlex-20191001-csv/114#8056091>				<https://panlex.org/snapshot/panlex-20191001-csv/114#8055765>		"xɛ̃"@ane	
"kau"@piv	<https://panlex.org/snapshot/panlex-20191001-csv/114#8054060>				<https://panlex.org/snapshot/panlex-20191001-csv/114#8053696>		"fʌdʌ"@ane	
"kata"@piv	<https://panlex.org/snapshot/panlex-20191001-csv/114#8068467>				<https://panlex.org/snapshot/panlex-20191001-csv/114#8068138>		"mwãrã"@ane	
"ivi"@piv	<https://panlex.org/snapshot/panlex-20191001-csv/114#8059156>				<https://panlex.org/snapshot/panlex-20191001-csv/114#8058845>		"ñɪ"@ane	
"pongaiu"@piv	<https://panlex.org/snapshot/panlex-20191001-csv/114#8065386>				<https://panlex.org/snapshot/panlex-20191001-csv/114#8065050>		"kũ"@ane	
"tua"@piv	<https://panlex.org/snapshot/panlex-20191001-csv/114#8058087>				<https://panlex.org/snapshot/panlex-20191001-csv/114#8057781>		"də"@ane	
"toilo"@piv	<https://panlex.org/snapshot/panlex-20191001-csv/114#8052951>				<https://panlex.org/snapshot/panlex-20191001-csv/114#8052670>		"çɛdɛnũrũ"@ane	
"niho"@piv	<https://panlex.org/snapshot/panlex-20191001-csv/114#8067414>				<https://panlex.org/snapshot/panlex-20191001-csv/114#8067070>		"pã"@ane	
"tahuli"@piv	<https://panlex.org/snapshot/panlex-20191001-csv/114#8055575>				<https://panlex.org/snapshot/panlex-20191001-csv/114#8055278>		"šɛpwĩrĩ"@ane	
"tovale"@piv	<https://panlex.org/snapshot/panlex-20191001-csv/114#8052488>				<https://panlex.org/snapshot/panlex-20191001-csv/114#8052200>		"çɛdɛyaa"@ane	
