"kau"@piv	<https://panlex.org/snapshot/panlex-20191001-csv/114#8056091>				<https://panlex.org/snapshot/panlex-20191001-csv/114#8056205>		"kakau"@tkp	
"kau"@piv	<https://panlex.org/snapshot/panlex-20191001-csv/114#8056091>				<https://panlex.org/snapshot/panlex-20191001-csv/114#8056204>		"ka(ka)u"@tkp	
"kau"@piv	<https://panlex.org/snapshot/panlex-20191001-csv/114#8054060>				<https://panlex.org/snapshot/panlex-20191001-csv/114#8054188>		"taafau"@tkp	
"kau"@piv	<https://panlex.org/snapshot/panlex-20191001-csv/114#8054060>				<https://panlex.org/snapshot/panlex-20191001-csv/114#8054187>		"saere"@tkp	
"kau"@piv	<https://panlex.org/snapshot/panlex-20191001-csv/114#8054060>				<https://panlex.org/snapshot/panlex-20191001-csv/114#8054189>		"tahao"@tkp	
"kata"@piv	<https://panlex.org/snapshot/panlex-20191001-csv/114#8068467>				<https://panlex.org/snapshot/panlex-20191001-csv/114#8068571>		"kata"@tkp	
"ivi"@piv	<https://panlex.org/snapshot/panlex-20191001-csv/114#8059156>				<https://panlex.org/snapshot/panlex-20191001-csv/114#8059260>		"ivi"@tkp	
"pongaiu"@piv	<https://panlex.org/snapshot/panlex-20191001-csv/114#8065386>				<https://panlex.org/snapshot/panlex-20191001-csv/114#8065502>		"isu"@tkp	
"tua"@piv	<https://panlex.org/snapshot/panlex-20191001-csv/114#8058087>				<https://panlex.org/snapshot/panlex-20191001-csv/114#8058195>		"tua"@tkp	
"toilo"@piv	<https://panlex.org/snapshot/panlex-20191001-csv/114#8052951>				<https://panlex.org/snapshot/panlex-20191001-csv/114#8053046>		"matau"@tkp	
"niho"@piv	<https://panlex.org/snapshot/panlex-20191001-csv/114#8067414>				<https://panlex.org/snapshot/panlex-20191001-csv/114#8067530>		"nifo"@tkp	
"tahuli"@piv	<https://panlex.org/snapshot/panlex-20191001-csv/114#8055575>				<https://panlex.org/snapshot/panlex-20191001-csv/114#8055689>		"pare"@tkp	
"tovale"@piv	<https://panlex.org/snapshot/panlex-20191001-csv/114#8052488>				<https://panlex.org/snapshot/panlex-20191001-csv/114#8052589>		"sema"@tkp	
