"sabbia"@it	<https://panlex.org/snapshot/panlex-20191001-csv/5943#83323746>				<https://panlex.org/snapshot/panlex-20191001-csv/5943#83323737>		"lapun"@fos	
"sabbia"@it	<https://panlex.org/snapshot/panlex-20191001-csv/5943#83323746>				<https://panlex.org/snapshot/panlex-20191001-csv/5943#83323736>		"ligig"@fos	
"arena"@it	<https://panlex.org/snapshot/panlex-20191001-csv/5943#83323747>				<https://panlex.org/snapshot/panlex-20191001-csv/5943#83323737>		"lapun"@fos	
"arena"@it	<https://panlex.org/snapshot/panlex-20191001-csv/5943#83323747>				<https://panlex.org/snapshot/panlex-20191001-csv/5943#83323736>		"ligig"@fos	
"acqua"@it	<https://panlex.org/snapshot/panlex-20191001-csv/12#850972>				<https://panlex.org/snapshot/panlex-20191001-csv/12#850913>		"dalum"@fos	
"acqua"@it	<https://panlex.org/snapshot/panlex-20191001-csv/12#850972>				<https://panlex.org/snapshot/panlex-20191001-csv/12#850914>		"ralaum"@fos	
"acqua"@it	<https://panlex.org/snapshot/panlex-20191001-csv/12#850972>				<https://panlex.org/snapshot/panlex-20191001-csv/12#850915>		"rarum"@fos	
"acqua"@it	<https://panlex.org/snapshot/panlex-20191001-csv/12#850972>				<https://panlex.org/snapshot/panlex-20191001-csv/12#850916>		"salom"@fos	
"sabbia"@it	<https://panlex.org/snapshot/panlex-20191001-csv/15#967013>				<https://panlex.org/snapshot/panlex-20191001-csv/15#967005>		"ligig"@fos	
"sabbia"@it	<https://panlex.org/snapshot/panlex-20191001-csv/15#967013>				<https://panlex.org/snapshot/panlex-20191001-csv/15#967004>		"lapun"@fos	
"acqua"@it	<https://panlex.org/snapshot/panlex-20191001-csv/11#787603>				<https://panlex.org/snapshot/panlex-20191001-csv/11#787552>		"dalum"@fos	
"acqua"@it	<https://panlex.org/snapshot/panlex-20191001-csv/11#787603>				<https://panlex.org/snapshot/panlex-20191001-csv/11#787555>		"salom"@fos	
"acqua"@it	<https://panlex.org/snapshot/panlex-20191001-csv/11#787603>				<https://panlex.org/snapshot/panlex-20191001-csv/11#787553>		"ralaum"@fos	
"acqua"@it	<https://panlex.org/snapshot/panlex-20191001-csv/11#787603>				<https://panlex.org/snapshot/panlex-20191001-csv/11#787554>		"rarum"@fos	
