"balena"@it	<https://panlex.org/snapshot/panlex-20191001-csv/17#1018607>				<https://panlex.org/snapshot/panlex-20191001-csv/17#1018605>		"baleine"@fr	
"susino"@it	<https://panlex.org/snapshot/panlex-20191001-csv/17#1009734>				<https://panlex.org/snapshot/panlex-20191001-csv/17#1009732>		"prunier"@fr	
"europio"@it	<https://panlex.org/snapshot/panlex-20191001-csv/17#1017976>				<https://panlex.org/snapshot/panlex-20191001-csv/17#1017974>		"europium"@fr	
"hassio"@it	<https://panlex.org/snapshot/panlex-20191001-csv/17#1018032>				<https://panlex.org/snapshot/panlex-20191001-csv/17#1018030>		"hassium"@fr	
"orsa minore"@it	<https://panlex.org/snapshot/panlex-20191001-csv/17#1019268>				<https://panlex.org/snapshot/panlex-20191001-csv/17#1019266>		"petite ourse"@fr	
"solfo"@it	<https://panlex.org/snapshot/panlex-20191001-csv/17#1018211>				<https://panlex.org/snapshot/panlex-20191001-csv/17#1018209>		"soufre"@fr	
"cavallo"@it	<https://panlex.org/snapshot/panlex-20191001-csv/17#1018960>				<https://panlex.org/snapshot/panlex-20191001-csv/17#1018958>		"petit cheval"@fr	
"germanio"@it	<https://panlex.org/snapshot/panlex-20191001-csv/17#1018525>				<https://panlex.org/snapshot/panlex-20191001-csv/17#1018523>		"germanium"@fr	
"cane maggiore"@it	<https://panlex.org/snapshot/panlex-20191001-csv/17#1018974>				<https://panlex.org/snapshot/panlex-20191001-csv/17#1018972>		"grand chien"@fr	
"curio"@it	<https://panlex.org/snapshot/panlex-20191001-csv/17#1017901>				<https://panlex.org/snapshot/panlex-20191001-csv/17#1017899>		"curium"@fr	
"andromeda"@it	<https://panlex.org/snapshot/panlex-20191001-csv/17#1018902>				<https://panlex.org/snapshot/panlex-20191001-csv/17#1018900>		"andromède"@fr	
"giugno"@it	<https://panlex.org/snapshot/panlex-20191001-csv/17#1009464>				<https://panlex.org/snapshot/panlex-20191001-csv/17#1009462>		"juin"@fr	
"gennaio"@it	<https://panlex.org/snapshot/panlex-20191001-csv/17#1009408>				<https://panlex.org/snapshot/panlex-20191001-csv/17#1009399>		"janvier"@fr	
"manganese"@it	<https://panlex.org/snapshot/panlex-20191001-csv/17#1018120>				<https://panlex.org/snapshot/panlex-20191001-csv/17#1018118>		"manganèse"@fr	
"camaleonte"@it	<https://panlex.org/snapshot/panlex-20191001-csv/17#1018953>				<https://panlex.org/snapshot/panlex-20191001-csv/17#1018951>		"caméléon"@fr	
"quadrato"@it	<https://panlex.org/snapshot/panlex-20191001-csv/17#1009921>				<https://panlex.org/snapshot/panlex-20191001-csv/17#1009919>		"carré"@fr	
"fermio"@it	<https://panlex.org/snapshot/panlex-20191001-csv/17#1017984>				<https://panlex.org/snapshot/panlex-20191001-csv/17#1017982>		"fermium"@fr	
"corvo"@it	<https://panlex.org/snapshot/panlex-20191001-csv/17#1019078>				<https://panlex.org/snapshot/panlex-20191001-csv/17#1019076>		"corbeau"@fr	
"samario"@it	<https://panlex.org/snapshot/panlex-20191001-csv/17#1018364>				<https://panlex.org/snapshot/panlex-20191001-csv/17#1018362>		"samarium"@fr	
"aberrazione"@it	<https://panlex.org/snapshot/panlex-20191001-csv/17#1012695>				<https://panlex.org/snapshot/panlex-20191001-csv/17#1012693>		"aberration"@fr	
"stagno"@it	<https://panlex.org/snapshot/panlex-20191001-csv/17#1017926>				<https://panlex.org/snapshot/panlex-20191001-csv/17#1017924>		"étain"@fr	
"terbio"@it	<https://panlex.org/snapshot/panlex-20191001-csv/17#1018428>				<https://panlex.org/snapshot/panlex-20191001-csv/17#1018426>		"terbium"@fr	
"carena"@it	<https://panlex.org/snapshot/panlex-20191001-csv/17#1019001>				<https://panlex.org/snapshot/panlex-20191001-csv/17#1018999>		"carène"@fr	
"olmio"@it	<https://panlex.org/snapshot/panlex-20191001-csv/17#1018024>				<https://panlex.org/snapshot/panlex-20191001-csv/17#1018022>		"holmium"@fr	
"frassino"@it	<https://panlex.org/snapshot/panlex-20191001-csv/17#1009797>				<https://panlex.org/snapshot/panlex-20191001-csv/17#1009795>		"frêne"@fr	
"cassiopeia"@it	<https://panlex.org/snapshot/panlex-20191001-csv/17#1019008>				<https://panlex.org/snapshot/panlex-20191001-csv/17#1019006>		"cassiopée"@fr	
"bocca"@it	<https://panlex.org/snapshot/panlex-20191001-csv/17#1009588>				<https://panlex.org/snapshot/panlex-20191001-csv/17#1009586>		"bouche"@fr	
"orsa maggiore"@it	<https://panlex.org/snapshot/panlex-20191001-csv/17#1019261>				<https://panlex.org/snapshot/panlex-20191001-csv/17#1019259>		"grande ourse"@fr	
"pesce dorato"@it	<https://panlex.org/snapshot/panlex-20191001-csv/17#1019099>				<https://panlex.org/snapshot/panlex-20191001-csv/17#1019097>		"dorade"@fr	
"quercia"@it	<https://panlex.org/snapshot/panlex-20191001-csv/17#1009758>				<https://panlex.org/snapshot/panlex-20191001-csv/17#1009756>		"chêne"@fr	
"oliva"@it	<https://panlex.org/snapshot/panlex-20191001-csv/17#1010072>				<https://panlex.org/snapshot/panlex-20191001-csv/17#1010070>		"olive"@fr	
"fico"@it	<https://panlex.org/snapshot/panlex-20191001-csv/17#1009787>				<https://panlex.org/snapshot/panlex-20191001-csv/17#1009785>		"figuier"@fr	
"fico"@it	<https://panlex.org/snapshot/panlex-20191001-csv/17#1010005>				<https://panlex.org/snapshot/panlex-20191001-csv/17#1010003>		"figue"@fr	
"settembre"@it	<https://panlex.org/snapshot/panlex-20191001-csv/17#1009491>				<https://panlex.org/snapshot/panlex-20191001-csv/17#1009489>		"septembre"@fr	
"pegaso"@it	<https://panlex.org/snapshot/panlex-20191001-csv/17#1019282>				<https://panlex.org/snapshot/panlex-20191001-csv/17#1019280>		"pégase"@fr	
"cromo"@it	<https://panlex.org/snapshot/panlex-20191001-csv/17#1017909>				<https://panlex.org/snapshot/panlex-20191001-csv/17#1017907>		"chrome"@fr	
"perseo"@it	<https://panlex.org/snapshot/panlex-20191001-csv/17#1019381>				<https://panlex.org/snapshot/panlex-20191001-csv/17#1019379>		"persée"@fr	
"alluminio"@it	<https://panlex.org/snapshot/panlex-20191001-csv/17#1010155>				<https://panlex.org/snapshot/panlex-20191001-csv/17#1010153>		"aluminium"@fr	
"melo"@it	<https://panlex.org/snapshot/panlex-20191001-csv/17#1009879>				<https://panlex.org/snapshot/panlex-20191001-csv/17#1009877>		"pommier"@fr	
"colomba"@it	<https://panlex.org/snapshot/panlex-20191001-csv/17#1019388>				<https://panlex.org/snapshot/panlex-20191001-csv/17#1019386>		"colombe"@fr	
"watt"@it	<https://panlex.org/snapshot/panlex-20191001-csv/17#1009898>				<https://panlex.org/snapshot/panlex-20191001-csv/17#1009896>		"watt"@fr	
"iridio"@it	<https://panlex.org/snapshot/panlex-20191001-csv/17#1018071>				<https://panlex.org/snapshot/panlex-20191001-csv/17#1018069>		"iridium"@fr	
"elettrone"@it	<https://panlex.org/snapshot/panlex-20191001-csv/17#1010665>				<https://panlex.org/snapshot/panlex-20191001-csv/17#1010663>		"électron"@fr	
"notte"@it	<https://panlex.org/snapshot/panlex-20191001-csv/17#1012494>				<https://panlex.org/snapshot/panlex-20191001-csv/17#1012492>		"nuit"@fr	
"tulio"@it	<https://panlex.org/snapshot/panlex-20191001-csv/17#1018469>				<https://panlex.org/snapshot/panlex-20191001-csv/17#1018467>		"thulium"@fr	
"sfera"@it	<https://panlex.org/snapshot/panlex-20191001-csv/17#1009998>				<https://panlex.org/snapshot/panlex-20191001-csv/17#1009996>		"sphère"@fr	
"pesce australe"@it	<https://panlex.org/snapshot/panlex-20191001-csv/17#1019288>				<https://panlex.org/snapshot/panlex-20191001-csv/17#1019286>		"poisson austral"@fr	
"mare tempestoso"@it	<https://panlex.org/snapshot/panlex-20191001-csv/17#1011091>				<https://panlex.org/snapshot/panlex-20191001-csv/17#1011089>		"mer enorme"@fr	
"giraffa"@it	<https://panlex.org/snapshot/panlex-20191001-csv/17#1019374>				<https://panlex.org/snapshot/panlex-20191001-csv/17#1019372>		"girafe"@fr	
"agosto"@it	<https://panlex.org/snapshot/panlex-20191001-csv/17#1009482>				<https://panlex.org/snapshot/panlex-20191001-csv/17#1009480>		"août"@fr	
"afnio"@it	<https://panlex.org/snapshot/panlex-20191001-csv/17#1018040>				<https://panlex.org/snapshot/panlex-20191001-csv/17#1018038>		"hafnium"@fr	
"iodio"@it	<https://panlex.org/snapshot/panlex-20191001-csv/17#1018063>				<https://panlex.org/snapshot/panlex-20191001-csv/17#1018061>		"iode"@fr	
"ottagono"@it	<https://panlex.org/snapshot/panlex-20191001-csv/17#1010204>				<https://panlex.org/snapshot/panlex-20191001-csv/17#1010202>		"octogone"@fr	
"lucertola"@it	<https://panlex.org/snapshot/panlex-20191001-csv/17#1018909>				<https://panlex.org/snapshot/panlex-20191001-csv/17#1018907>		"lézard"@fr	
"centauro"@it	<https://panlex.org/snapshot/panlex-20191001-csv/17#1019022>				<https://panlex.org/snapshot/panlex-20191001-csv/17#1019020>		"centaure"@fr	
"idrogeno"@it	<https://panlex.org/snapshot/panlex-20191001-csv/17#1010165>				<https://panlex.org/snapshot/panlex-20191001-csv/17#1010163>		"hydrogène"@fr	
"prugna claudia"@it	<https://panlex.org/snapshot/panlex-20191001-csv/17#1009971>				<https://panlex.org/snapshot/panlex-20191001-csv/17#1009969>		"Reine-Claude"@fr	
"scudo"@it	<https://panlex.org/snapshot/panlex-20191001-csv/17#1019127>				<https://panlex.org/snapshot/panlex-20191001-csv/17#1019125>		"ecu"@fr	
"limone"@it	<https://panlex.org/snapshot/panlex-20191001-csv/17#1010016>				<https://panlex.org/snapshot/panlex-20191001-csv/17#1010014>		"citron"@fr	
"stronzio"@it	<https://panlex.org/snapshot/panlex-20191001-csv/17#1017917>				<https://panlex.org/snapshot/panlex-20191001-csv/17#1017915>		"strontium"@fr	
"molibdeno"@it	<https://panlex.org/snapshot/panlex-20191001-csv/17#1018160>				<https://panlex.org/snapshot/panlex-20191001-csv/17#1018158>		"molybdène"@fr	
"unununio"@it	<https://panlex.org/snapshot/panlex-20191001-csv/17#1018501>				<https://panlex.org/snapshot/panlex-20191001-csv/17#1018499>		"roentgenium"@fr	
"mare molto grosso"@it	<https://panlex.org/snapshot/panlex-20191001-csv/17#1011085>				<https://panlex.org/snapshot/panlex-20191001-csv/17#1011083>		"mer très grosse"@fr	
"tre"@it	<https://panlex.org/snapshot/panlex-20191001-csv/17#1010850>				<https://panlex.org/snapshot/panlex-20191001-csv/17#1010845>		"trois"@fr	
"mosca"@it	<https://panlex.org/snapshot/panlex-20191001-csv/17#1019240>				<https://panlex.org/snapshot/panlex-20191001-csv/17#1019238>		"mouche"@fr	
"nespolo"@it	<https://panlex.org/snapshot/panlex-20191001-csv/17#1009820>				<https://panlex.org/snapshot/panlex-20191001-csv/17#1009818>		"néflier"@fr	
"croce del sud"@it	<https://panlex.org/snapshot/panlex-20191001-csv/17#1019085>				<https://panlex.org/snapshot/panlex-20191001-csv/17#1019083>		"croix du sud"@fr	
"macchina pneumatica"@it	<https://panlex.org/snapshot/panlex-20191001-csv/17#1019226>				<https://panlex.org/snapshot/panlex-20191001-csv/17#1019224>		"machine pneumatique"@fr	
"mela"@it	<https://panlex.org/snapshot/panlex-20191001-csv/17#1010040>				<https://panlex.org/snapshot/panlex-20191001-csv/17#1010038>		"pomme"@fr	
"grenada"@it	<https://panlex.org/snapshot/panlex-20191001-csv/17#1010064>				<https://panlex.org/snapshot/panlex-20191001-csv/17#1010062>		"grenade"@fr	
"tasso"@it	<https://panlex.org/snapshot/panlex-20191001-csv/17#1009852>				<https://panlex.org/snapshot/panlex-20191001-csv/17#1009850>		"if"@fr	
"nichel"@it	<https://panlex.org/snapshot/panlex-20191001-csv/17#1018243>				<https://panlex.org/snapshot/panlex-20191001-csv/17#1018241>		"nickel"@fr	
"mandorlo"@it	<https://panlex.org/snapshot/panlex-20191001-csv/17#1009742>				<https://panlex.org/snapshot/panlex-20191001-csv/17#1009740>		"amandier"@fr	
"gallio"@it	<https://panlex.org/snapshot/panlex-20191001-csv/17#1018016>				<https://panlex.org/snapshot/panlex-20191001-csv/17#1018014>		"gallium"@fr	
"piombo"@it	<https://panlex.org/snapshot/panlex-20191001-csv/17#1017861>				<https://panlex.org/snapshot/panlex-20191001-csv/17#1017859>		"plomb"@fr	
"disprosio"@it	<https://panlex.org/snapshot/panlex-20191001-csv/17#1017885>				<https://panlex.org/snapshot/panlex-20191001-csv/17#1017883>		"dysprosium"@fr	
"bussola"@it	<https://panlex.org/snapshot/panlex-20191001-csv/17#1019043>				<https://panlex.org/snapshot/panlex-20191001-csv/17#1019041>		"boussole"@fr	
"romeno"@it	<https://panlex.org/snapshot/panlex-20191001-csv/17#1010567>				<https://panlex.org/snapshot/panlex-20191001-csv/17#1010556>		"roumain"@fr	
"bismuto"@it	<https://panlex.org/snapshot/panlex-20191001-csv/17#1017827>				<https://panlex.org/snapshot/panlex-20191001-csv/17#1017825>		"bismuth"@fr	
"lawrentio"@it	<https://panlex.org/snapshot/panlex-20191001-csv/17#1018103>				<https://panlex.org/snapshot/panlex-20191001-csv/17#1018101>		"lawrencium"@fr	
"microscopio"@it	<https://panlex.org/snapshot/panlex-20191001-csv/17#1019423>				<https://panlex.org/snapshot/panlex-20191001-csv/17#1019421>		"microscope"@fr	
"californio"@it	<https://panlex.org/snapshot/panlex-20191001-csv/17#1017795>				<https://panlex.org/snapshot/panlex-20191001-csv/17#1017793>		"californium"@fr	
"niobio"@it	<https://panlex.org/snapshot/panlex-20191001-csv/17#1018227>				<https://panlex.org/snapshot/panlex-20191001-csv/17#1018225>		"niobium"@fr	
"bromo"@it	<https://panlex.org/snapshot/panlex-20191001-csv/17#1017811>				<https://panlex.org/snapshot/panlex-20191001-csv/17#1017809>		"brome"@fr	
"bohrio"@it	<https://panlex.org/snapshot/panlex-20191001-csv/17#1017819>				<https://panlex.org/snapshot/panlex-20191001-csv/17#1017817>		"bohrium"@fr	
"palladio"@it	<https://panlex.org/snapshot/panlex-20191001-csv/17#1018259>				<https://panlex.org/snapshot/panlex-20191001-csv/17#1018257>		"palladium"@fr	
"azoto"@it	<https://panlex.org/snapshot/panlex-20191001-csv/17#1018251>				<https://panlex.org/snapshot/panlex-20191001-csv/17#1018249>		"azote"@fr	
"vanadio"@it	<https://panlex.org/snapshot/panlex-20191001-csv/17#1018509>				<https://panlex.org/snapshot/panlex-20191001-csv/17#1018507>		"vanadium"@fr	
"leone minore"@it	<https://panlex.org/snapshot/panlex-20191001-csv/17#1019190>				<https://panlex.org/snapshot/panlex-20191001-csv/17#1019188>		"petit lion"@fr	
"abete"@it	<https://panlex.org/snapshot/panlex-20191001-csv/17#1009712>				<https://panlex.org/snapshot/panlex-20191001-csv/17#1009710>		"sapin"@fr	
"cranio"@it	<https://panlex.org/snapshot/panlex-20191001-csv/17#1010364>				<https://panlex.org/snapshot/panlex-20191001-csv/17#1010362>		"crâne"@fr	
"lumen"@it	<https://panlex.org/snapshot/panlex-20191001-csv/17#1010356>				<https://panlex.org/snapshot/panlex-20191001-csv/17#1010354>		"côte"@fr	
"mare calmo"@it	<https://panlex.org/snapshot/panlex-20191001-csv/17#1011028>				<https://panlex.org/snapshot/panlex-20191001-csv/17#1011026>		"mer calme"@fr	
"mare calmo"@it	<https://panlex.org/snapshot/panlex-20191001-csv/17#1011035>				<https://panlex.org/snapshot/panlex-20191001-csv/17#1011033>		"mer calme"@fr	
"ununquadio"@it	<https://panlex.org/snapshot/panlex-20191001-csv/17#1018485>				<https://panlex.org/snapshot/panlex-20191001-csv/17#1018483>		"ununquadium"@fr	
"itterbio"@it	<https://panlex.org/snapshot/panlex-20191001-csv/17#1018087>				<https://panlex.org/snapshot/panlex-20191001-csv/17#1018085>		"ytterbium"@fr	
"fenice"@it	<https://panlex.org/snapshot/panlex-20191001-csv/17#1019141>				<https://panlex.org/snapshot/panlex-20191001-csv/17#1019139>		"phénix"@fr	
"tantalio"@it	<https://panlex.org/snapshot/panlex-20191001-csv/17#1018404>				<https://panlex.org/snapshot/panlex-20191001-csv/17#1018402>		"tantale"@fr	
"pero"@it	<https://panlex.org/snapshot/panlex-20191001-csv/17#1009836>				<https://panlex.org/snapshot/panlex-20191001-csv/17#1009834>		"poirier"@fr	
"corona boreale"@it	<https://panlex.org/snapshot/panlex-20191001-csv/17#1019071>				<https://panlex.org/snapshot/panlex-20191001-csv/17#1019069>		"couronne boréale"@fr	
"Nettunio"@it	<https://panlex.org/snapshot/panlex-20191001-csv/17#1018185>				<https://panlex.org/snapshot/panlex-20191001-csv/17#1018183>		"Neptunium"@fr	
"mercurio"@it	<https://panlex.org/snapshot/panlex-20191001-csv/17#1018144>				<https://panlex.org/snapshot/panlex-20191001-csv/17#1018142>		"mercure"@fr	
"circonferenza"@it	<https://panlex.org/snapshot/panlex-20191001-csv/17#1009946>				<https://panlex.org/snapshot/panlex-20191001-csv/17#1009944>		"circonférence"@fr	
"capricorno"@it	<https://panlex.org/snapshot/panlex-20191001-csv/17#1009683>				<https://panlex.org/snapshot/panlex-20191001-csv/17#1009681>		"capricorne"@fr	
"fornace"@it	<https://panlex.org/snapshot/panlex-20191001-csv/17#1019148>				<https://panlex.org/snapshot/panlex-20191001-csv/17#1019146>		"fourneau"@fr	
"pesca"@it	<https://panlex.org/snapshot/panlex-20191001-csv/17#1010048>				<https://panlex.org/snapshot/panlex-20191001-csv/17#1010046>		"pêche"@fr	
"mare poco mosso"@it	<https://panlex.org/snapshot/panlex-20191001-csv/17#1011047>				<https://panlex.org/snapshot/panlex-20191001-csv/17#1011045>		"mer belle"@fr	
"meitnerio"@it	<https://panlex.org/snapshot/panlex-20191001-csv/17#1018128>				<https://panlex.org/snapshot/panlex-20191001-csv/17#1018126>		"meitnerium"@fr	
"cefeo"@it	<https://panlex.org/snapshot/panlex-20191001-csv/17#1019015>				<https://panlex.org/snapshot/panlex-20191001-csv/17#1019013>		"céphée"@fr	
"tradurre"@it	<https://panlex.org/snapshot/panlex-20191001-csv/17#1009889>				<https://panlex.org/snapshot/panlex-20191001-csv/17#1009887>		"traduire"@fr	
"bosone"@it	<https://panlex.org/snapshot/panlex-20191001-csv/17#1010658>				<https://panlex.org/snapshot/panlex-20191001-csv/17#1010656>		"boson"@fr	
"fosforo"@it	<https://panlex.org/snapshot/panlex-20191001-csv/17#1017992>				<https://panlex.org/snapshot/panlex-20191001-csv/17#1017990>		"phosphore"@fr	
"pesce volante"@it	<https://panlex.org/snapshot/panlex-20191001-csv/17#1019295>				<https://panlex.org/snapshot/panlex-20191001-csv/17#1019293>		"poisson volant"@fr	
"seguire"@it	<https://panlex.org/snapshot/panlex-20191001-csv/17#1010291>				<https://panlex.org/snapshot/panlex-20191001-csv/17#1010289>		"suivre"@fr	
"squadra"@it	<https://panlex.org/snapshot/panlex-20191001-csv/17#1019120>				<https://panlex.org/snapshot/panlex-20191001-csv/17#1019118>		"règle"@fr	
"fluoro"@it	<https://panlex.org/snapshot/panlex-20191001-csv/17#1017959>				<https://panlex.org/snapshot/panlex-20191001-csv/17#1017957>		"fluor"@fr	
"mare molto agitato"@it	<https://panlex.org/snapshot/panlex-20191001-csv/17#1011072>				<https://panlex.org/snapshot/panlex-20191001-csv/17#1011070>		"mer très forte"@fr	
"protoattinio"@it	<https://panlex.org/snapshot/panlex-20191001-csv/17#1018292>				<https://panlex.org/snapshot/panlex-20191001-csv/17#1018290>		"protactinium"@fr	
"cadmio"@it	<https://panlex.org/snapshot/panlex-20191001-csv/17#1017803>				<https://panlex.org/snapshot/panlex-20191001-csv/17#1017801>		"cadmium"@fr	
"bosso"@it	<https://panlex.org/snapshot/panlex-20191001-csv/17#1009750>				<https://panlex.org/snapshot/panlex-20191001-csv/17#1009748>		"buis"@fr	
"idra femmina"@it	<https://panlex.org/snapshot/panlex-20191001-csv/17#1019169>				<https://panlex.org/snapshot/panlex-20191001-csv/17#1019167>		"hydre femelle"@fr	
"neo"@it	<https://panlex.org/snapshot/panlex-20191001-csv/17#1018176>				<https://panlex.org/snapshot/panlex-20191001-csv/17#1018174>		"néon"@fr	
"mare grosso"@it	<https://panlex.org/snapshot/panlex-20191001-csv/17#1011079>				<https://panlex.org/snapshot/panlex-20191001-csv/17#1011077>		"mer grosse"@fr	
"chioma di berenice"@it	<https://panlex.org/snapshot/panlex-20191001-csv/17#1018967>				<https://panlex.org/snapshot/panlex-20191001-csv/17#1018965>		"chevelure de bérénice"@fr	
"cinque"@it	<https://panlex.org/snapshot/panlex-20191001-csv/17#1010888>				<https://panlex.org/snapshot/panlex-20191001-csv/17#1010883>		"cinq"@fr	
"praseodimio"@it	<https://panlex.org/snapshot/panlex-20191001-csv/17#1018308>				<https://panlex.org/snapshot/panlex-20191001-csv/17#1018306>		"praséodyme"@fr	
"tecneto"@it	<https://panlex.org/snapshot/panlex-20191001-csv/17#1018412>				<https://panlex.org/snapshot/panlex-20191001-csv/17#1018410>		"technétium"@fr	
"ettagono"@it	<https://panlex.org/snapshot/panlex-20191001-csv/17#1010190>				<https://panlex.org/snapshot/panlex-20191001-csv/17#1010188>		"heptagone"@fr	
"positrone"@it	<https://panlex.org/snapshot/panlex-20191001-csv/17#1010732>				<https://panlex.org/snapshot/panlex-20191001-csv/17#1010730>		"positron"@fr	
"lira"@it	<https://panlex.org/snapshot/panlex-20191001-csv/17#1019211>				<https://panlex.org/snapshot/panlex-20191001-csv/17#1019209>		"lyre"@fr	
"silicio"@it	<https://panlex.org/snapshot/panlex-20191001-csv/17#1018388>				<https://panlex.org/snapshot/panlex-20191001-csv/17#1018386>		"silicium"@fr	
"braccio"@it	<https://panlex.org/snapshot/panlex-20191001-csv/17#1009608>				<https://panlex.org/snapshot/panlex-20191001-csv/17#1009605>		"bras"@fr	
"cigno"@it	<https://panlex.org/snapshot/panlex-20191001-csv/17#1019029>				<https://panlex.org/snapshot/panlex-20191001-csv/17#1019027>		"cygne"@fr	
"scorpione"@it	<https://panlex.org/snapshot/panlex-20191001-csv/17#1009676>				<https://panlex.org/snapshot/panlex-20191001-csv/17#1009674>		"scorpion"@fr	
"ununbio"@it	<https://panlex.org/snapshot/panlex-20191001-csv/17#1018461>				<https://panlex.org/snapshot/panlex-20191001-csv/17#1018459>		"ununbium"@fr	
"partorire"@it	<https://panlex.org/snapshot/panlex-20191001-csv/17#1010301>				<https://panlex.org/snapshot/panlex-20191001-csv/17#1010299>		"accoucher"@fr	
"primavera"@it	<https://panlex.org/snapshot/panlex-20191001-csv/17#1009544>				<https://panlex.org/snapshot/panlex-20191001-csv/17#1009541>		"printemps"@fr	
"mendelevio"@it	<https://panlex.org/snapshot/panlex-20191001-csv/17#1018136>				<https://panlex.org/snapshot/panlex-20191001-csv/17#1018134>		"mendélévium"@fr	
"circolo"@it	<https://panlex.org/snapshot/panlex-20191001-csv/17#1009938>				<https://panlex.org/snapshot/panlex-20191001-csv/17#1009936>		"cercle"@fr	
"vela"@it	<https://panlex.org/snapshot/panlex-20191001-csv/17#1019367>				<https://panlex.org/snapshot/panlex-20191001-csv/17#1019365>		"voiles"@fr	
"novembre"@it	<https://panlex.org/snapshot/panlex-20191001-csv/17#1009510>				<https://panlex.org/snapshot/panlex-20191001-csv/17#1009508>		"novembre"@fr	
"cilindro"@it	<https://panlex.org/snapshot/panlex-20191001-csv/17#1009929>				<https://panlex.org/snapshot/panlex-20191001-csv/17#1009927>		"cylindre"@fr	
"pomelo"@it	<https://panlex.org/snapshot/panlex-20191001-csv/17#1010097>				<https://panlex.org/snapshot/panlex-20191001-csv/17#1010094>		"pamplemousse"@fr	
"pomelo"@it	<https://panlex.org/snapshot/panlex-20191001-csv/17#1010097>				<https://panlex.org/snapshot/panlex-20191001-csv/17#1010095>		"pomelo"@fr	
"einsteinio"@it	<https://panlex.org/snapshot/panlex-20191001-csv/17#1017951>				<https://panlex.org/snapshot/panlex-20191001-csv/17#1017949>		"einsteinium"@fr	
"cesio"@it	<https://panlex.org/snapshot/panlex-20191001-csv/17#1017771>				<https://panlex.org/snapshot/panlex-20191001-csv/17#1017769>		"césium"@fr	
"ununoctio"@it	<https://panlex.org/snapshot/panlex-20191001-csv/17#1018493>				<https://panlex.org/snapshot/panlex-20191001-csv/17#1018491>		"ununoctium"@fr	
"scandio"@it	<https://panlex.org/snapshot/panlex-20191001-csv/17#1017943>				<https://panlex.org/snapshot/panlex-20191001-csv/17#1017941>		"scandium"@fr	
"bulino dello incisore"@it	<https://panlex.org/snapshot/panlex-20191001-csv/17#1018939>				<https://panlex.org/snapshot/panlex-20191001-csv/17#1018937>		"burin"@fr	
"uccello del paradiso"@it	<https://panlex.org/snapshot/panlex-20191001-csv/17#1018924>				<https://panlex.org/snapshot/panlex-20191001-csv/17#1018922>		"oiseau de paradis"@fr	
"dragone"@it	<https://panlex.org/snapshot/panlex-20191001-csv/17#1019106>				<https://panlex.org/snapshot/panlex-20191001-csv/17#1019104>		"dragon"@fr	
"ferro"@it	<https://panlex.org/snapshot/panlex-20191001-csv/17#1017968>				<https://panlex.org/snapshot/panlex-20191001-csv/17#1017966>		"fer"@fr	
"freccia"@it	<https://panlex.org/snapshot/panlex-20191001-csv/17#1019317>				<https://panlex.org/snapshot/panlex-20191001-csv/17#1019315>		"flèche"@fr	
"marzo"@it	<https://panlex.org/snapshot/panlex-20191001-csv/17#1009437>				<https://panlex.org/snapshot/panlex-20191001-csv/17#1009435>		"mars"@fr	
"compasso"@it	<https://panlex.org/snapshot/panlex-20191001-csv/17#1019050>				<https://panlex.org/snapshot/panlex-20191001-csv/17#1019048>		"compas"@fr	
"albicocca"@it	<https://panlex.org/snapshot/panlex-20191001-csv/17#1009913>				<https://panlex.org/snapshot/panlex-20191001-csv/17#1009911>		"abricot"@fr	
"orologio"@it	<https://panlex.org/snapshot/panlex-20191001-csv/17#1019409>				<https://panlex.org/snapshot/panlex-20191001-csv/17#1019407>		"horloge"@fr	
"cloro"@it	<https://panlex.org/snapshot/panlex-20191001-csv/17#1017852>				<https://panlex.org/snapshot/panlex-20191001-csv/17#1017850>		"chlore"@fr	
"decagono"@it	<https://panlex.org/snapshot/panlex-20191001-csv/17#1009958>				<https://panlex.org/snapshot/panlex-20191001-csv/17#1009956>		"décagone"@fr	
"idra maschio"@it	<https://panlex.org/snapshot/panlex-20191001-csv/17#1019176>				<https://panlex.org/snapshot/panlex-20191001-csv/17#1019174>		"hydre mâle"@fr	
"mustacchio"@it	<https://panlex.org/snapshot/panlex-20191001-csv/17#1009599>				<https://panlex.org/snapshot/panlex-20191001-csv/17#1009597>		"moustache"@fr	
"plutonio"@it	<https://panlex.org/snapshot/panlex-20191001-csv/17#1018268>				<https://panlex.org/snapshot/panlex-20191001-csv/17#1018266>		"plutonium"@fr	
"dicembre"@it	<https://panlex.org/snapshot/panlex-20191001-csv/17#1009520>				<https://panlex.org/snapshot/panlex-20191001-csv/17#1009518>		"décembre"@fr	
"selenio"@it	<https://panlex.org/snapshot/panlex-20191001-csv/17#1018219>				<https://panlex.org/snapshot/panlex-20191001-csv/17#1018217>		"sélénium"@fr	
"febbraio"@it	<https://panlex.org/snapshot/panlex-20191001-csv/17#1009428>				<https://panlex.org/snapshot/panlex-20191001-csv/17#1009426>		"février"@fr	
"sagittario"@it	<https://panlex.org/snapshot/panlex-20191001-csv/17#1009690>				<https://panlex.org/snapshot/panlex-20191001-csv/17#1009688>		"sagittaire"@fr	
"titanio"@it	<https://panlex.org/snapshot/panlex-20191001-csv/17#1018436>				<https://panlex.org/snapshot/panlex-20191001-csv/17#1018434>		"titane"@fr	
"quattro"@it	<https://panlex.org/snapshot/panlex-20191001-csv/17#1010869>				<https://panlex.org/snapshot/panlex-20191001-csv/17#1010864>		"quatre"@fr	
"verde"@it	<https://panlex.org/snapshot/panlex-20191001-csv/17#1009635>				<https://panlex.org/snapshot/panlex-20191001-csv/17#1009633>		"vert"@fr	
"tellurio"@it	<https://panlex.org/snapshot/panlex-20191001-csv/17#1018420>				<https://panlex.org/snapshot/panlex-20191001-csv/17#1018418>		"tellure"@fr	
"lince"@it	<https://panlex.org/snapshot/panlex-20191001-csv/17#1019204>				<https://panlex.org/snapshot/panlex-20191001-csv/17#1019202>		"lynx"@fr	
"carbonio"@it	<https://panlex.org/snapshot/panlex-20191001-csv/17#1017779>				<https://panlex.org/snapshot/panlex-20191001-csv/17#1017777>		"carbone"@fr	
"gemelli"@it	<https://panlex.org/snapshot/panlex-20191001-csv/17#1009655>				<https://panlex.org/snapshot/panlex-20191001-csv/17#1009653>		"gémeaux"@fr	
"dodecagono"@it	<https://panlex.org/snapshot/panlex-20191001-csv/17#1009964>				<https://panlex.org/snapshot/panlex-20191001-csv/17#1009962>		"dodécagone"@fr	
"mare quasi calmo"@it	<https://panlex.org/snapshot/panlex-20191001-csv/17#1011041>				<https://panlex.org/snapshot/panlex-20191001-csv/17#1011039>		"mer ridée"@fr	
"cerio"@it	<https://panlex.org/snapshot/panlex-20191001-csv/17#1017763>				<https://panlex.org/snapshot/panlex-20191001-csv/17#1017761>		"cérium"@fr	
"domenica"@it	<https://panlex.org/snapshot/panlex-20191001-csv/17#1009529>				<https://panlex.org/snapshot/panlex-20191001-csv/17#1009527>		"dimanche"@fr	
"nobelio"@it	<https://panlex.org/snapshot/panlex-20191001-csv/17#1018235>				<https://panlex.org/snapshot/panlex-20191001-csv/17#1018233>		"nobélium"@fr	
"ombelico"@it	<https://panlex.org/snapshot/panlex-20191001-csv/17#1009647>				<https://panlex.org/snapshot/panlex-20191001-csv/17#1009645>		"nombril"@fr	
"lantanio"@it	<https://panlex.org/snapshot/panlex-20191001-csv/17#1018095>				<https://panlex.org/snapshot/panlex-20191001-csv/17#1018093>		"lanthane"@fr	
"Rutherfordio"@it	<https://panlex.org/snapshot/panlex-20191001-csv/17#1018380>				<https://panlex.org/snapshot/panlex-20191001-csv/17#1018378>		"Rutherfordium"@fr	
"con"@it	<https://panlex.org/snapshot/panlex-20191001-csv/17#1010284>				<https://panlex.org/snapshot/panlex-20191001-csv/17#1010282>		"avec"@fr	
"nocciola"@it	<https://panlex.org/snapshot/panlex-20191001-csv/17#1009904>				<https://panlex.org/snapshot/panlex-20191001-csv/17#1009902>		"noisette"@fr	
"neodimio"@it	<https://panlex.org/snapshot/panlex-20191001-csv/17#1018168>				<https://panlex.org/snapshot/panlex-20191001-csv/17#1018166>		"néodyme"@fr	
"auriga"@it	<https://panlex.org/snapshot/panlex-20191001-csv/17#1019036>				<https://panlex.org/snapshot/panlex-20191001-csv/17#1019034>		"cocher"@fr	
"inverno"@it	<https://panlex.org/snapshot/panlex-20191001-csv/17#1009566>				<https://panlex.org/snapshot/panlex-20191001-csv/17#1009563>		"hiver"@fr	
"corona australe"@it	<https://panlex.org/snapshot/panlex-20191001-csv/17#1019064>				<https://panlex.org/snapshot/panlex-20191001-csv/17#1019062>		"la couronne australe"@fr	
"erbio"@it	<https://panlex.org/snapshot/panlex-20191001-csv/17#1017935>				<https://panlex.org/snapshot/panlex-20191001-csv/17#1017933>		"erbium"@fr	
"salice"@it	<https://panlex.org/snapshot/panlex-20191001-csv/17#1009844>				<https://panlex.org/snapshot/panlex-20191001-csv/17#1009842>		"saule"@fr	
"uno"@it	<https://panlex.org/snapshot/panlex-20191001-csv/17#1011015>				<https://panlex.org/snapshot/panlex-20191001-csv/17#1011010>		"un"@fr	
"mesone"@it	<https://panlex.org/snapshot/panlex-20191001-csv/17#1010688>				<https://panlex.org/snapshot/panlex-20191001-csv/17#1010686>		"méson"@fr	
"zirconio"@it	<https://panlex.org/snapshot/panlex-20191001-csv/17#1017869>				<https://panlex.org/snapshot/panlex-20191001-csv/17#1017867>		"zirconium"@fr	
"ossigeno"@it	<https://panlex.org/snapshot/panlex-20191001-csv/17#1018202>				<https://panlex.org/snapshot/panlex-20191001-csv/17#1018200>		"oxygène"@fr	
"galiziano"@it	<https://panlex.org/snapshot/panlex-20191001-csv/17#1010754>				<https://panlex.org/snapshot/panlex-20191001-csv/17#1010749>		"galicien"@fr	
"galiziano"@it	<https://panlex.org/snapshot/panlex-20191001-csv/17#1010626>				<https://panlex.org/snapshot/panlex-20191001-csv/17#1010622>		"galicien"@fr	
"pavone"@it	<https://panlex.org/snapshot/panlex-20191001-csv/17#1019275>				<https://panlex.org/snapshot/panlex-20191001-csv/17#1019273>		"paon"@fr	
"cobalto"@it	<https://panlex.org/snapshot/panlex-20191001-csv/17#1017844>				<https://panlex.org/snapshot/panlex-20191001-csv/17#1017842>		"cobalt"@fr	
"lutezio"@it	<https://panlex.org/snapshot/panlex-20191001-csv/17#1018152>				<https://panlex.org/snapshot/panlex-20191001-csv/17#1018150>		"lutécium"@fr	
"scultore"@it	<https://panlex.org/snapshot/panlex-20191001-csv/17#1019134>				<https://panlex.org/snapshot/panlex-20191001-csv/17#1019132>		"sculpteur"@fr	
"poppa"@it	<https://panlex.org/snapshot/panlex-20191001-csv/17#1019395>				<https://panlex.org/snapshot/panlex-20191001-csv/17#1019393>		"poupe"@fr	
"aprile"@it	<https://panlex.org/snapshot/panlex-20191001-csv/17#1009446>				<https://panlex.org/snapshot/panlex-20191001-csv/17#1009444>		"avril"@fr	
"leptone"@it	<https://panlex.org/snapshot/panlex-20191001-csv/17#1010680>				<https://panlex.org/snapshot/panlex-20191001-csv/17#1010678>		"lepton"@fr	
"barione"@it	<https://panlex.org/snapshot/panlex-20191001-csv/17#1010652>				<https://panlex.org/snapshot/panlex-20191001-csv/17#1010650>		"baryon"@fr	
"arancione"@it	<https://panlex.org/snapshot/panlex-20191001-csv/17#1009624>				<https://panlex.org/snapshot/panlex-20191001-csv/17#1009622>		"orange"@fr	
"ottante"@it	<https://panlex.org/snapshot/panlex-20191001-csv/17#1019247>				<https://panlex.org/snapshot/panlex-20191001-csv/17#1019245>		"octant"@fr	
"nucleone"@it	<https://panlex.org/snapshot/panlex-20191001-csv/17#1010704>				<https://panlex.org/snapshot/panlex-20191001-csv/17#1010702>		"nucléon"@fr	
"toro"@it	<https://panlex.org/snapshot/panlex-20191001-csv/17#1019810>				<https://panlex.org/snapshot/panlex-20191001-csv/17#1019808>		"taureau"@fr	
"sodio"@it	<https://panlex.org/snapshot/panlex-20191001-csv/17#1018445>				<https://panlex.org/snapshot/panlex-20191001-csv/17#1018443>		"sodium"@fr	
"altare"@it	<https://panlex.org/snapshot/panlex-20191001-csv/17#1018916>				<https://panlex.org/snapshot/panlex-20191001-csv/17#1018914>		"autel"@fr	
"tuberculosi"@it	<https://panlex.org/snapshot/panlex-20191001-csv/17#1012151>				<https://panlex.org/snapshot/panlex-20191001-csv/17#1012149>		"tuberculose"@fr	
"rodio"@it	<https://panlex.org/snapshot/panlex-20191001-csv/17#1018325>				<https://panlex.org/snapshot/panlex-20191001-csv/17#1018323>		"rhodium"@fr	
"pittore"@it	<https://panlex.org/snapshot/panlex-20191001-csv/17#1018946>				<https://panlex.org/snapshot/panlex-20191001-csv/17#1018944>		"peintre"@fr	
"melone"@it	<https://panlex.org/snapshot/panlex-20191001-csv/17#1010056>				<https://panlex.org/snapshot/panlex-20191001-csv/17#1010054>		"melon"@fr	
"indio"@it	<https://panlex.org/snapshot/panlex-20191001-csv/17#1018048>				<https://panlex.org/snapshot/panlex-20191001-csv/17#1018046>		"indium"@fr	
"pera"@it	<https://panlex.org/snapshot/panlex-20191001-csv/17#1010080>				<https://panlex.org/snapshot/panlex-20191001-csv/17#1010078>		"poire"@fr	
"clementina"@it	<https://panlex.org/snapshot/panlex-20191001-csv/17#1009979>				<https://panlex.org/snapshot/panlex-20191001-csv/17#1009977>		"clementine"@fr	
"renio"@it	<https://panlex.org/snapshot/panlex-20191001-csv/17#1018333>				<https://panlex.org/snapshot/panlex-20191001-csv/17#1018331>		"rhénium"@fr	
"reticolo"@it	<https://panlex.org/snapshot/panlex-20191001-csv/17#1019332>				<https://panlex.org/snapshot/panlex-20191001-csv/17#1019330>		"réticule"@fr	
"sestante"@it	<https://panlex.org/snapshot/panlex-20191001-csv/17#1019324>				<https://panlex.org/snapshot/panlex-20191001-csv/17#1019322>		"sextant"@fr	
"mare agitato"@it	<https://panlex.org/snapshot/panlex-20191001-csv/17#1011066>				<https://panlex.org/snapshot/panlex-20191001-csv/17#1011064>		"mer forte"@fr	
"cani da caccia"@it	<https://panlex.org/snapshot/panlex-20191001-csv/17#1019197>				<https://panlex.org/snapshot/panlex-20191001-csv/17#1019195>		"chiens de chasse"@fr	
"scheletro"@it	<https://panlex.org/snapshot/panlex-20191001-csv/17#1010308>				<https://panlex.org/snapshot/panlex-20191001-csv/17#1010306>		"squelette"@fr	
"cripto"@it	<https://panlex.org/snapshot/panlex-20191001-csv/17#1017893>				<https://panlex.org/snapshot/panlex-20191001-csv/17#1017891>		"krypton"@fr	
"magnesio"@it	<https://panlex.org/snapshot/panlex-20191001-csv/17#1018112>				<https://panlex.org/snapshot/panlex-20191001-csv/17#1018110>		"magnésium"@fr	
"piano"@it	<https://panlex.org/snapshot/panlex-20191001-csv/17#1010240>				<https://panlex.org/snapshot/panlex-20191001-csv/17#1010238>		"plan"@fr	
"ariete"@it	<https://panlex.org/snapshot/panlex-20191001-csv/17#1018994>				<https://panlex.org/snapshot/panlex-20191001-csv/17#1018992>		"le bélier"@fr	
"temere"@it	<https://panlex.org/snapshot/panlex-20191001-csv/17#1009872>				<https://panlex.org/snapshot/panlex-20191001-csv/17#1009870>		"caindre"@fr	
"triangolo austral"@it	<https://panlex.org/snapshot/panlex-20191001-csv/17#1019346>				<https://panlex.org/snapshot/panlex-20191001-csv/17#1019344>		"triangle austral"@fr	
"potassio"@it	<https://panlex.org/snapshot/panlex-20191001-csv/17#1018317>				<https://panlex.org/snapshot/panlex-20191001-csv/17#1018315>		"potassium"@fr	
"pistacchio"@it	<https://panlex.org/snapshot/panlex-20191001-csv/17#1010088>				<https://panlex.org/snapshot/panlex-20191001-csv/17#1010086>		"pistache"@fr	
"indiano"@it	<https://panlex.org/snapshot/panlex-20191001-csv/17#1018057>				<https://panlex.org/snapshot/panlex-20191001-csv/17#1018055>		"l’indien"@fr	
"traslazione"@it	<https://panlex.org/snapshot/panlex-20191001-csv/17#1015765>				<https://panlex.org/snapshot/panlex-20191001-csv/17#1015763>		"translation"@fr	
"torio"@it	<https://panlex.org/snapshot/panlex-20191001-csv/17#1018477>				<https://panlex.org/snapshot/panlex-20191001-csv/17#1018475>		"thorium"@fr	
"gadolinio"@it	<https://panlex.org/snapshot/panlex-20191001-csv/17#1018008>				<https://panlex.org/snapshot/panlex-20191001-csv/17#1018006>		"gadolinium"@fr	
"pino"@it	<https://panlex.org/snapshot/panlex-20191001-csv/17#1009828>				<https://panlex.org/snapshot/panlex-20191001-csv/17#1009826>		"pin"@fr	
"protão"@it	<https://panlex.org/snapshot/panlex-20191001-csv/17#1010711>				<https://panlex.org/snapshot/panlex-20191001-csv/17#1010708>		"proton"@fr	
"coppa"@it	<https://panlex.org/snapshot/panlex-20191001-csv/17#1019057>				<https://panlex.org/snapshot/panlex-20191001-csv/17#1019055>		"coupe"@fr	
"prometio"@it	<https://panlex.org/snapshot/panlex-20191001-csv/17#1018300>				<https://panlex.org/snapshot/panlex-20191001-csv/17#1018298>		"prométhium"@fr	
"trapezio"@it	<https://panlex.org/snapshot/panlex-20191001-csv/17#1010274>				<https://panlex.org/snapshot/panlex-20191001-csv/17#1010272>		"trapèze"@fr	
"telescopio"@it	<https://panlex.org/snapshot/panlex-20191001-csv/17#1019339>				<https://panlex.org/snapshot/panlex-20191001-csv/17#1019337>		"télescope"@fr	
"francio"@it	<https://panlex.org/snapshot/panlex-20191001-csv/17#1018000>				<https://panlex.org/snapshot/panlex-20191001-csv/17#1017998>		"francium"@fr	
"protone"@it	<https://panlex.org/snapshot/panlex-20191001-csv/17#1010710>				<https://panlex.org/snapshot/panlex-20191001-csv/17#1010708>		"proton"@fr	
"osmio"@it	<https://panlex.org/snapshot/panlex-20191001-csv/17#1018276>				<https://panlex.org/snapshot/panlex-20191001-csv/17#1018274>		"osmium"@fr	
"volpetta"@it	<https://panlex.org/snapshot/panlex-20191001-csv/17#1019402>				<https://panlex.org/snapshot/panlex-20191001-csv/17#1019400>		"renard"@fr	
"orione"@it	<https://panlex.org/snapshot/panlex-20191001-csv/17#1019254>				<https://panlex.org/snapshot/panlex-20191001-csv/17#1019252>		"orion"@fr	
"tallio"@it	<https://panlex.org/snapshot/panlex-20191001-csv/17#1018396>				<https://panlex.org/snapshot/panlex-20191001-csv/17#1018394>		"thallium"@fr	
"fermione"@it	<https://panlex.org/snapshot/panlex-20191001-csv/17#1010673>				<https://panlex.org/snapshot/panlex-20191001-csv/17#1010671>		"fermion"@fr	
"ununhexio"@it	<https://panlex.org/snapshot/panlex-20191001-csv/17#1018453>				<https://panlex.org/snapshot/panlex-20191001-csv/17#1018451>		"ununhexium"@fr	
"pioppo"@it	<https://panlex.org/snapshot/panlex-20191001-csv/17#1009726>				<https://panlex.org/snapshot/panlex-20191001-csv/17#1009724>		"peuplier"@fr	
"radon"@it	<https://panlex.org/snapshot/panlex-20191001-csv/17#1018341>				<https://panlex.org/snapshot/panlex-20191001-csv/17#1018339>		"radon"@fr	
"uranio"@it	<https://panlex.org/snapshot/panlex-20191001-csv/17#1018517>				<https://panlex.org/snapshot/panlex-20191001-csv/17#1018515>		"uranium"@fr	
"demone"@it	<https://panlex.org/snapshot/panlex-20191001-csv/17#1018932>				<https://panlex.org/snapshot/panlex-20191001-csv/17#1018930>		"bouvier"@fr	
"azzurro"@it	<https://panlex.org/snapshot/panlex-20191001-csv/17#1009616>				<https://panlex.org/snapshot/panlex-20191001-csv/17#1009614>		"bleu"@fr	
"iuglio"@it	<https://panlex.org/snapshot/panlex-20191001-csv/17#1009473>				<https://panlex.org/snapshot/panlex-20191001-csv/17#1009471>		"julliet"@fr	
"vergine"@it	<https://panlex.org/snapshot/panlex-20191001-csv/17#1009662>				<https://panlex.org/snapshot/panlex-20191001-csv/17#1009660>		"vierge"@fr	
"bilancia"@it	<https://panlex.org/snapshot/panlex-20191001-csv/17#1009669>				<https://panlex.org/snapshot/panlex-20191001-csv/17#1009667>		"balance"@fr	
