"duva"@it	<https://panlex.org/snapshot/panlex-20191001-csv/5947#84689578>				<https://panlex.org/snapshot/panlex-20191001-csv/5947#84689627>		"minden"@sus	
"dóve"@it	<https://panlex.org/snapshot/panlex-20191001-csv/5947#84689570>				<https://panlex.org/snapshot/panlex-20191001-csv/5947#84689627>		"minden"@sus	
"sera"@it	<https://panlex.org/snapshot/panlex-20191001-csv/5947#84882501>				<https://panlex.org/snapshot/panlex-20191001-csv/5947#84882514>		"nunmare"@sus	
"indove"@it	<https://panlex.org/snapshot/panlex-20191001-csv/5947#84689573>				<https://panlex.org/snapshot/panlex-20191001-csv/5947#84689627>		"minden"@sus	
"stimare"@it	<https://panlex.org/snapshot/panlex-20191001-csv/5947#84854901>				<https://panlex.org/snapshot/panlex-20191001-csv/5947#84854904>		"tantu"@sus	
"mattina"@it	<https://panlex.org/snapshot/panlex-20191001-csv/5947#84824744>				<https://panlex.org/snapshot/panlex-20191001-csv/5947#84824749>		"gɛɛsɛgɛ"@sus	
"bambino"@it	<https://panlex.org/snapshot/panlex-20191001-csv/5947#84675316>				<https://panlex.org/snapshot/panlex-20191001-csv/5947#84675326>		"di"@sus	
"bambino"@it	<https://panlex.org/snapshot/panlex-20191001-csv/5947#84675279>				<https://panlex.org/snapshot/panlex-20191001-csv/5947#84675290>		"di"@sus	
