"vacé"@nxg	<https://panlex.org/snapshot/panlex-20191001-csv/12#851092>				<https://panlex.org/snapshot/panlex-20191001-csv/12#851018>		"aē"@ljl	
"logo"@nxg	<https://panlex.org/snapshot/panlex-20191001-csv/114#8058079>				<https://panlex.org/snapshot/panlex-20191001-csv/114#8057973>		"loŋqo"@ljl	
"tawa"@nxg	<https://panlex.org/snapshot/panlex-20191001-csv/114#8068458>				<https://panlex.org/snapshot/panlex-20191001-csv/114#8068346>		"tawa"@ljl	
"mai"@nxg	<https://panlex.org/snapshot/panlex-20191001-csv/114#8055074>				<https://panlex.org/snapshot/panlex-20191001-csv/114#8054970>		"mai"@ljl	
"avu"@nxg	<https://panlex.org/snapshot/panlex-20191001-csv/114#8057073>				<https://panlex.org/snapshot/panlex-20191001-csv/114#8056966>		"awu"@ljl	
"vacu"@nxg	<https://panlex.org/snapshot/panlex-20191001-csv/114#8066325>				<https://panlex.org/snapshot/panlex-20191001-csv/114#8066213>		"ŋoŋo"@ljl	
"béo"@nxg	<https://panlex.org/snapshot/panlex-20191001-csv/114#8061708>				<https://panlex.org/snapshot/panlex-20191001-csv/114#8061587>		"mbeʔo"@ljl	
"kasa"@nxg	<https://panlex.org/snapshot/panlex-20191001-csv/114#8061176>				<https://panlex.org/snapshot/panlex-20191001-csv/114#8061069>		"wara"@ljl	
"léu"@nxg	<https://panlex.org/snapshot/panlex-20191001-csv/114#8052480>				<https://panlex.org/snapshot/panlex-20191001-csv/114#8052375>		"ngéu"@ljl	
"toko"@nxg	<https://panlex.org/snapshot/panlex-20191001-csv/114#8059148>				<https://panlex.org/snapshot/panlex-20191001-csv/114#8059034>		"toko"@ljl	
"siu"@nxg	<https://panlex.org/snapshot/panlex-20191001-csv/114#8062196>				<https://panlex.org/snapshot/panlex-20191001-csv/114#8062095>		"piki"@ljl	
"vuca"@nxg	<https://panlex.org/snapshot/panlex-20191001-csv/114#8066849>				<https://panlex.org/snapshot/panlex-20191001-csv/114#8066728>		"wiwi"@ljl	
"maya"@nxg	<https://panlex.org/snapshot/panlex-20191001-csv/114#8062195>				<https://panlex.org/snapshot/panlex-20191001-csv/114#8062095>		"piki"@ljl	
"golo"@nxg	<https://panlex.org/snapshot/panlex-20191001-csv/114#8059628>				<https://panlex.org/snapshot/panlex-20191001-csv/114#8059522>		"isi tuka"@ljl	
"l|ema"@nxg	<https://panlex.org/snapshot/panlex-20191001-csv/114#8067927>				<https://panlex.org/snapshot/panlex-20191001-csv/114#8067814>		"ləma"@ljl	
