"logo"@nxg	<https://panlex.org/snapshot/panlex-20191001-csv/114#8058079>				<https://panlex.org/snapshot/panlex-20191001-csv/114#8057820>		"likod"@btw	
"tawa"@nxg	<https://panlex.org/snapshot/panlex-20191001-csv/114#8068458>				<https://panlex.org/snapshot/panlex-20191001-csv/114#8068181>		"katawa"@btw	
"mai"@nxg	<https://panlex.org/snapshot/panlex-20191001-csv/114#8055074>				<https://panlex.org/snapshot/panlex-20191001-csv/114#8054812>		"kansani"@btw	
"avu"@nxg	<https://panlex.org/snapshot/panlex-20191001-csv/114#8057073>				<https://panlex.org/snapshot/panlex-20191001-csv/114#8056842>		"agbon"@btw	
"vacu"@nxg	<https://panlex.org/snapshot/panlex-20191001-csv/114#8066325>				<https://panlex.org/snapshot/panlex-20191001-csv/114#8066068>		"simhot"@btw	
"béo"@nxg	<https://panlex.org/snapshot/panlex-20191001-csv/114#8061708>				<https://panlex.org/snapshot/panlex-20191001-csv/114#8061411>		"kasayud"@btw	
"kasa"@nxg	<https://panlex.org/snapshot/panlex-20191001-csv/114#8061176>				<https://panlex.org/snapshot/panlex-20191001-csv/114#8060936>		"abaga"@btw	
"léu"@nxg	<https://panlex.org/snapshot/panlex-20191001-csv/114#8052480>				<https://panlex.org/snapshot/panlex-20191001-csv/114#8052242>		"kawaa"@btw	
"toko"@nxg	<https://panlex.org/snapshot/panlex-20191001-csv/114#8059148>				<https://panlex.org/snapshot/panlex-20191001-csv/114#8058887>		"bukog"@btw	
"siu"@nxg	<https://panlex.org/snapshot/panlex-20191001-csv/114#8062196>				<https://panlex.org/snapshot/panlex-20191001-csv/114#8061963>		"maghonahona"@btw	
"vuca"@nxg	<https://panlex.org/snapshot/panlex-20191001-csv/114#8066849>				<https://panlex.org/snapshot/panlex-20191001-csv/114#8066565>		"baba"@btw	
"maya"@nxg	<https://panlex.org/snapshot/panlex-20191001-csv/114#8062195>				<https://panlex.org/snapshot/panlex-20191001-csv/114#8061963>		"maghonahona"@btw	
"golo"@nxg	<https://panlex.org/snapshot/panlex-20191001-csv/114#8059628>				<https://panlex.org/snapshot/panlex-20191001-csv/114#8059385>		"tinai"@btw	
"l|ema"@nxg	<https://panlex.org/snapshot/panlex-20191001-csv/114#8067927>				<https://panlex.org/snapshot/panlex-20191001-csv/114#8067665>		"dila"@btw	
