"tuka"@end	<https://panlex.org/snapshot/panlex-20191001-csv/114#8058368>				<https://panlex.org/snapshot/panlex-20191001-csv/114#8058528>		"gɨtɨk"@mbi	
"pusu"@end	<https://panlex.org/snapshot/panlex-20191001-csv/114#8059892>				<https://panlex.org/snapshot/panlex-20191001-csv/114#8060032>		"qatɨy"@mbi	
"aa-i"@end	<https://panlex.org/snapshot/panlex-20191001-csv/114#8053218>				<https://panlex.org/snapshot/panlex-20191001-csv/114#8053381>		"paqa"@mbi	
"raki"@end	<https://panlex.org/snapshot/panlex-20191001-csv/114#8056365>				<https://panlex.org/snapshot/panlex-20191001-csv/114#8056515>		"mɨrɨdsik"@mbi	
"ramma"@end	<https://panlex.org/snapshot/panlex-20191001-csv/114#8067703>				<https://panlex.org/snapshot/panlex-20191001-csv/114#8067848>		"dilaq"@mbi	
"ngi-i"@end	<https://panlex.org/snapshot/panlex-20191001-csv/114#8067163>				<https://panlex.org/snapshot/panlex-20191001-csv/114#8067322>		"ngipin"@mbi	
"ngana"@end	<https://panlex.org/snapshot/panlex-20191001-csv/114#8052741>				<https://panlex.org/snapshot/panlex-20191001-csv/114#8052869>		"kɨwanan"@mbi	
"u-i"@end	<https://panlex.org/snapshot/panlex-20191001-csv/114#8057346>				<https://panlex.org/snapshot/panlex-20191001-csv/114#8057490>		"lundis"@mbi	
"moki"@end	<https://panlex.org/snapshot/panlex-20191001-csv/114#8066611>				<https://panlex.org/snapshot/panlex-20191001-csv/114#8066762>		"bɨqbaq"@mbi	
