"tuka"@end	<https://panlex.org/snapshot/panlex-20191001-csv/114#8058368>				<https://panlex.org/snapshot/panlex-20191001-csv/114#8058670>		"tia-na"@rug	
"pusu"@end	<https://panlex.org/snapshot/panlex-20191001-csv/114#8059892>				<https://panlex.org/snapshot/panlex-20191001-csv/114#8060149>		"bero-na"@rug	
"aa-i"@end	<https://panlex.org/snapshot/panlex-20191001-csv/114#8053218>				<https://panlex.org/snapshot/panlex-20191001-csv/114#8053517>		"nene-na"@rug	
"raki"@end	<https://panlex.org/snapshot/panlex-20191001-csv/114#8056365>				<https://panlex.org/snapshot/panlex-20191001-csv/114#8056641>		"boni-na"@rug	
"ramma"@end	<https://panlex.org/snapshot/panlex-20191001-csv/114#8067703>				<https://panlex.org/snapshot/panlex-20191001-csv/114#8067971>		"mea-na"@rug	
"ngi-i"@end	<https://panlex.org/snapshot/panlex-20191001-csv/114#8067163>				<https://panlex.org/snapshot/panlex-20191001-csv/114#8067455>		"livo-na"@rug	
"ngana"@end	<https://panlex.org/snapshot/panlex-20191001-csv/114#8052741>				<https://panlex.org/snapshot/panlex-20191001-csv/114#8052982>		"matao-na"@rug	
"u-i"@end	<https://panlex.org/snapshot/panlex-20191001-csv/114#8057346>				<https://panlex.org/snapshot/panlex-20191001-csv/114#8057614>		"kapu-na"@rug	
"moki"@end	<https://panlex.org/snapshot/panlex-20191001-csv/114#8066611>				<https://panlex.org/snapshot/panlex-20191001-csv/114#8066900>		"ŋuzu"@rug	
