"ግብጽ"@gez	<https://panlex.org/snapshot/panlex-20191001-csv/6898#113604580>				<https://panlex.org/snapshot/panlex-20191001-csv/6898#113604616>		"Egypti"@smn	
"ጃፓን"@gez	<https://panlex.org/snapshot/panlex-20191001-csv/6898#113634825>				<https://panlex.org/snapshot/panlex-20191001-csv/6898#113634843>		"Jaapaan"@smn	
"ዩዝበኪስታን"@gez	<https://panlex.org/snapshot/panlex-20191001-csv/6898#113637352>				<https://panlex.org/snapshot/panlex-20191001-csv/6898#113637333>		"Uzbekistan"@smn	
"ማሌዢያ"@gez	<https://panlex.org/snapshot/panlex-20191001-csv/6898#113584798>				<https://panlex.org/snapshot/panlex-20191001-csv/6898#113584657>		"Malaysia"@smn	
"ናሚቢያ"@gez	<https://panlex.org/snapshot/panlex-20191001-csv/6898#113606773>				<https://panlex.org/snapshot/panlex-20191001-csv/6898#113606802>		"Namibia"@smn	
"ሳይፕረስ"@gez	<https://panlex.org/snapshot/panlex-20191001-csv/6898#113631752>				<https://panlex.org/snapshot/panlex-20191001-csv/6898#113631826>		"Kypros"@smn	
"አንዶራ"@gez	<https://panlex.org/snapshot/panlex-20191001-csv/6898#113588408>				<https://panlex.org/snapshot/panlex-20191001-csv/6898#113588498>		"Andorra"@smn	
"ላትቪያ"@gez	<https://panlex.org/snapshot/panlex-20191001-csv/6898#113585082>				<https://panlex.org/snapshot/panlex-20191001-csv/6898#113585046>		"Latvia"@smn	
"ኢንዶኔዢያ"@gez	<https://panlex.org/snapshot/panlex-20191001-csv/6898#113633489>				<https://panlex.org/snapshot/panlex-20191001-csv/6898#113633538>		"Indonesia"@smn	
"ማሩሸስ"@gez	<https://panlex.org/snapshot/panlex-20191001-csv/6898#113611533>				<https://panlex.org/snapshot/panlex-20191001-csv/6898#113611364>		"Mauritius"@smn	
"ፖርታ፡ሪኮ"@gez	<https://panlex.org/snapshot/panlex-20191001-csv/6898#113612408>				<https://panlex.org/snapshot/panlex-20191001-csv/6898#113612390>		"Puerto Rico"@smn	
"ኤስቶኒያ"@gez	<https://panlex.org/snapshot/panlex-20191001-csv/6898#113601348>				<https://panlex.org/snapshot/panlex-20191001-csv/6898#113601381>		"Eestieennâm"@smn	
"ቦሊቪያ"@gez	<https://panlex.org/snapshot/panlex-20191001-csv/6898#113609535>				<https://panlex.org/snapshot/panlex-20191001-csv/6898#113609599>		"Bolivia"@smn	
"ባህሬን"@gez	<https://panlex.org/snapshot/panlex-20191001-csv/6898#113596010>				<https://panlex.org/snapshot/panlex-20191001-csv/6898#113595990>		"Bahrain"@smn	
"አሜሪካ"@gez	<https://panlex.org/snapshot/panlex-20191001-csv/6898#113598059>				<https://panlex.org/snapshot/panlex-20191001-csv/6898#113598044>		"Ovtâstum Staatah"@smn	
"አሜሪካ"@gez	<https://panlex.org/snapshot/panlex-20191001-csv/6898#113598059>				<https://panlex.org/snapshot/panlex-20191001-csv/6898#113597977>		"USA"@smn	
"ኮሎምቢያ"@gez	<https://panlex.org/snapshot/panlex-20191001-csv/6898#113620799>				<https://panlex.org/snapshot/panlex-20191001-csv/6898#113620776>		"Kolumbia"@smn	
"ናይጄሪያ"@gez	<https://panlex.org/snapshot/panlex-20191001-csv/6898#113624117>				<https://panlex.org/snapshot/panlex-20191001-csv/6898#113624029>		"Nigeria"@smn	
"ሞንጎሊያ"@gez	<https://panlex.org/snapshot/panlex-20191001-csv/6898#113621497>				<https://panlex.org/snapshot/panlex-20191001-csv/6898#113621603>		"Mongolia"@smn	
"የመካከለኛው፡አፍሪካ፡ሪፐብሊክ"@gez	<https://panlex.org/snapshot/panlex-20191001-csv/6898#113591316>				<https://panlex.org/snapshot/panlex-20191001-csv/6898#113591447>		"Koskâ-Afrika täsiväldi"@smn	
"ካምቦዲያ"@gez	<https://panlex.org/snapshot/panlex-20191001-csv/6898#113591817>				<https://panlex.org/snapshot/panlex-20191001-csv/6898#113591768>		"Kambodža"@smn	
"ማከዶኒያ"@gez	<https://panlex.org/snapshot/panlex-20191001-csv/6898#113613357>				<https://panlex.org/snapshot/panlex-20191001-csv/6898#113613404>		"OJT Makedonia"@smn	
"ሀንጋሪ"@gez	<https://panlex.org/snapshot/panlex-20191001-csv/6898#113625144>				<https://panlex.org/snapshot/panlex-20191001-csv/6898#113624966>		"Uŋgar"@smn	
"ኖርዌ"@gez	<https://panlex.org/snapshot/panlex-20191001-csv/6898#113609878>				<https://panlex.org/snapshot/panlex-20191001-csv/6898#113609972>		"Taažâ"@smn	
"አልባኒያ"@gez	<https://panlex.org/snapshot/panlex-20191001-csv/6898#113637661>				<https://panlex.org/snapshot/panlex-20191001-csv/6898#113637741>		"Albania"@smn	
"ቤርሙዳ"@gez	<https://panlex.org/snapshot/panlex-20191001-csv/6898#113607316>				<https://panlex.org/snapshot/panlex-20191001-csv/6898#113607272>		"Bermuda"@smn	
"ስዊድን"@gez	<https://panlex.org/snapshot/panlex-20191001-csv/6898#113639871>				<https://panlex.org/snapshot/panlex-20191001-csv/6898#113639840>		"Ruotâ"@smn	
"ጆርዳን"@gez	<https://panlex.org/snapshot/panlex-20191001-csv/6898#113611630>				<https://panlex.org/snapshot/panlex-20191001-csv/6898#113611734>		"Jordan"@smn	
"ማካዎ"@gez	<https://panlex.org/snapshot/panlex-20191001-csv/6898#113599503>				<https://panlex.org/snapshot/panlex-20191001-csv/6898#113599554>		"Macao - – Kiina e.h.k."@smn	
"ማካዎ"@gez	<https://panlex.org/snapshot/panlex-20191001-csv/6898#113599503>				<https://panlex.org/snapshot/panlex-20191001-csv/6898#113599430>		"Macao"@smn	
"ሰኑይ"@gez	<https://panlex.org/snapshot/panlex-20191001-csv/5947#84803408>				<https://panlex.org/snapshot/panlex-20191001-csv/5947#84803569>		"vuossargâ"@smn	
"ዐርብ"@gez	<https://panlex.org/snapshot/panlex-20191001-csv/2892#110825876>				<https://panlex.org/snapshot/panlex-20191001-csv/2892#110825865>		"vástuppeivi"@smn	
"ሰዱስ"@gez	<https://panlex.org/snapshot/panlex-20191001-csv/2892#110825837>				<https://panlex.org/snapshot/panlex-20191001-csv/2892#110825865>		"vástuppeivi"@smn	
"ሰንበት"@gez	<https://panlex.org/snapshot/panlex-20191001-csv/2892#110826159>				<https://panlex.org/snapshot/panlex-20191001-csv/2892#110826179>		"lávárdâh"@smn	
"ሰንበተ ክርስቲያን"@gez	<https://panlex.org/snapshot/panlex-20191001-csv/2892#110826675>				<https://panlex.org/snapshot/panlex-20191001-csv/2892#110826733>		"pasepeivi"@smn	
"ኀሙስ"@gez	<https://panlex.org/snapshot/panlex-20191001-csv/2892#110825360>				<https://panlex.org/snapshot/panlex-20191001-csv/2892#110825604>		"tuorâstâh"@smn	
"ሠሉስ"@gez	<https://panlex.org/snapshot/panlex-20191001-csv/2892#110824810>				<https://panlex.org/snapshot/panlex-20191001-csv/2892#110824557>		"majebargâ"@smn	
"እሑድ"@gez	<https://panlex.org/snapshot/panlex-20191001-csv/2892#110826696>				<https://panlex.org/snapshot/panlex-20191001-csv/2892#110826733>		"pasepeivi"@smn	
"ረቡዕ"@gez	<https://panlex.org/snapshot/panlex-20191001-csv/2892#110825070>				<https://panlex.org/snapshot/panlex-20191001-csv/2892#110825242>		"koskokko"@smn	
"ሰንበተ አይሁድ"@gez	<https://panlex.org/snapshot/panlex-20191001-csv/2892#110826422>				<https://panlex.org/snapshot/panlex-20191001-csv/2892#110826179>		"lávárdâh"@smn	
"ሰኑይ"@gez	<https://panlex.org/snapshot/panlex-20191001-csv/2892#110824369>				<https://panlex.org/snapshot/panlex-20191001-csv/2892#110824028>		"vuossargâ"@smn	
"ቀዳሚት ሰንበት"@gez	<https://panlex.org/snapshot/panlex-20191001-csv/2892#110826260>				<https://panlex.org/snapshot/panlex-20191001-csv/2892#110826179>		"lávárdâh"@smn	
