"ripana"@snc	<https://panlex.org/snapshot/panlex-20191001-csv/114#8053001>				<https://panlex.org/snapshot/panlex-20191001-csv/114#8052711>		"kwanan"@bps	
"lalana"@snc	<https://panlex.org/snapshot/panlex-20191001-csv/114#8063265>				<https://panlex.org/snapshot/panlex-20191001-csv/114#8062932>		"litɨq"@bps	
"eðoani"@snc	<https://panlex.org/snapshot/panlex-20191001-csv/114#8054127>				<https://panlex.org/snapshot/panlex-20191001-csv/114#8053745>		"magu"@bps	
"roǥena"@snc	<https://panlex.org/snapshot/panlex-20191001-csv/114#8058142>				<https://panlex.org/snapshot/panlex-20191001-csv/114#8057818>		"kagol"@bps	
"ea/ripana"@snc	<https://panlex.org/snapshot/panlex-20191001-csv/114#8061777>				<https://panlex.org/snapshot/panlex-20191001-csv/114#8061410>		"niliq"@bps	
"ea/ripana"@snc	<https://panlex.org/snapshot/panlex-20191001-csv/114#8061777>				<https://panlex.org/snapshot/panlex-20191001-csv/114#8061409>		"gadɨq"@bps	
"ia pokana"@snc	<https://panlex.org/snapshot/panlex-20191001-csv/114#8066923>				<https://panlex.org/snapshot/panlex-20191001-csv/114#8066563>		"baq"@bps	
"ia maðana"@snc	<https://panlex.org/snapshot/panlex-20191001-csv/114#8067993>				<https://panlex.org/snapshot/panlex-20191001-csv/114#8067663>		"dilaq"@bps	
"lana"@snc	<https://panlex.org/snapshot/panlex-20191001-csv/114#8060730>				<https://panlex.org/snapshot/panlex-20191001-csv/114#8060358>		"kfi"@bps	
"lana"@snc	<https://panlex.org/snapshot/panlex-20191001-csv/114#8060730>				<https://panlex.org/snapshot/panlex-20191001-csv/114#8060359>		"tutuq"@bps	
"opina"@snc	<https://panlex.org/snapshot/panlex-20191001-csv/114#8057637>				<https://panlex.org/snapshot/panlex-20191001-csv/114#8057301>		"kindal"@bps	
