"haele"@ojv	<https://panlex.org/snapshot/panlex-20191001-csv/114#8054053>				<https://panlex.org/snapshot/panlex-20191001-csv/114#8053912>		"vyal"@kxa	
"maka`u"@ojv	<https://panlex.org/snapshot/panlex-20191001-csv/114#8062702>				<https://panlex.org/snapshot/panlex-20191001-csv/114#8062576>		"quwe"@kxa	
"maka`u"@ojv	<https://panlex.org/snapshot/panlex-20191001-csv/114#8062702>				<https://panlex.org/snapshot/panlex-20191001-csv/114#8062575>		"qu"@kxa	
"aŋa/kua"@ojv	<https://panlex.org/snapshot/panlex-20191001-csv/114#8058082>				<https://panlex.org/snapshot/panlex-20191001-csv/114#8057956>		"kapya-"@kxa	
"aŋa/kua"@ojv	<https://panlex.org/snapshot/panlex-20191001-csv/114#8058082>				<https://panlex.org/snapshot/panlex-20191001-csv/114#8057957>		"nirri"@kxa	
"aŋa/kua"@ojv	<https://panlex.org/snapshot/panlex-20191001-csv/114#8058082>				<https://panlex.org/snapshot/panlex-20191001-csv/114#8057958>		"ñumurri"@kxa	
"kapuae"@ojv	<https://panlex.org/snapshot/panlex-20191001-csv/114#8053473>				<https://panlex.org/snapshot/panlex-20191001-csv/114#8053329>		"kayeñ"@kxa	
"poho/`ulu/"@ojv	<https://panlex.org/snapshot/panlex-20191001-csv/114#8063744>				<https://panlex.org/snapshot/panlex-20191001-csv/114#8063606>		"ipwoñ"@kxa	
"poho/`ulu/"@ojv	<https://panlex.org/snapshot/panlex-20191001-csv/114#8063744>				<https://panlex.org/snapshot/panlex-20191001-csv/114#8063608>		"sameñ"@kxa	
"poho/`ulu/"@ojv	<https://panlex.org/snapshot/panlex-20191001-csv/114#8063744>				<https://panlex.org/snapshot/panlex-20191001-csv/114#8063607>		"qarai"@kxa	
"sava"@ojv	<https://panlex.org/snapshot/panlex-20191001-csv/114#8056595>				<https://panlex.org/snapshot/panlex-20191001-csv/114#8056470>		"jirjir"@kxa	
"koko"@ojv	<https://panlex.org/snapshot/panlex-20191001-csv/114#8063203>				<https://panlex.org/snapshot/panlex-20191001-csv/114#8063064>		"jinai"@kxa	
"alelo"@ojv	<https://panlex.org/snapshot/panlex-20191001-csv/114#8067930>				<https://panlex.org/snapshot/panlex-20191001-csv/114#8067799>		"mamañ"@kxa	
"maŋava"@ojv	<https://panlex.org/snapshot/panlex-20191001-csv/114#8058618>				<https://panlex.org/snapshot/panlex-20191001-csv/114#8058471>		"tiyeñ"@kxa	
"vei/soŋi"@ojv	<https://panlex.org/snapshot/panlex-20191001-csv/114#8066329>				<https://panlex.org/snapshot/panlex-20191001-csv/114#8066199>		"spoun"@kxa	
"vei/soŋi"@ojv	<https://panlex.org/snapshot/panlex-20191001-csv/114#8066329>				<https://panlex.org/snapshot/panlex-20191001-csv/114#8066200>		"spu"@kxa	
"maanava"@ojv	<https://panlex.org/snapshot/panlex-20191001-csv/114#8065854>				<https://panlex.org/snapshot/panlex-20191001-csv/114#8065742>		"pui"@kxa	
