"ale su aiot̯"@tpy	<https://panlex.org/snapshot/panlex-20191001-csv/1573#50086657>				<https://panlex.org/snapshot/panlex-20191001-csv/1573#50086540>		"cúr"@ga	
"ale su aiot̯"@tpy	<https://panlex.org/snapshot/panlex-20191001-csv/1573#50086657>				<https://panlex.org/snapshot/panlex-20191001-csv/1573#50086539>		"coipeadh"@ga	
"hapdokokah"@tpy	<https://panlex.org/snapshot/panlex-20191001-csv/1573#50091007>				<https://panlex.org/snapshot/panlex-20191001-csv/1573#50090916>		"crith talún"@ga	
"auat"@tpy	<https://panlex.org/snapshot/panlex-20191001-csv/1573#50089890>				<https://panlex.org/snapshot/panlex-20191001-csv/1573#50089727>		"coill"@ga	
"misu"@tpy	<https://panlex.org/snapshot/panlex-20191001-csv/1573#50085860>				<https://panlex.org/snapshot/panlex-20191001-csv/1573#50085717>		"uisce"@ga	
"trumai ilaka"@tpy	<https://panlex.org/snapshot/panlex-20191001-csv/1573#50082252>				<https://panlex.org/snapshot/panlex-20191001-csv/1573#50082056>		"talamh"@ga	
"trumai ilaka"@tpy	<https://panlex.org/snapshot/panlex-20191001-csv/1573#50082252>				<https://panlex.org/snapshot/panlex-20191001-csv/1573#50082057>		"tír"@ga	
"itak"@tpy	<https://panlex.org/snapshot/panlex-20191001-csv/1573#50090805>				<https://panlex.org/snapshot/panlex-20191001-csv/1573#50090580>		"carraig"@ga	
"itak"@tpy	<https://panlex.org/snapshot/panlex-20191001-csv/1573#50090805>				<https://panlex.org/snapshot/panlex-20191001-csv/1573#50090581>		"cloch"@ga	
"itak"@tpy	<https://panlex.org/snapshot/panlex-20191001-csv/1573#50090805>				<https://panlex.org/snapshot/panlex-20191001-csv/1573#50090582>		"craig"@ga	
"kuiaie"@tpy	<https://panlex.org/snapshot/panlex-20191001-csv/1573#50089891>				<https://panlex.org/snapshot/panlex-20191001-csv/1573#50089727>		"coill"@ga	
"xu"@tpy	<https://panlex.org/snapshot/panlex-20191001-csv/1573#50087078>				<https://panlex.org/snapshot/panlex-20191001-csv/1573#50086950>		"loch"@ga	
"xu"@tpy	<https://panlex.org/snapshot/panlex-20191001-csv/1573#50087078>				<https://panlex.org/snapshot/panlex-20191001-csv/1573#50086949>		"linn"@ga	
"atel=xu"@tpy	<https://panlex.org/snapshot/panlex-20191001-csv/1573#50088588>				<https://panlex.org/snapshot/panlex-20191001-csv/1573#50088335>		"sruthán"@ga	
"atel=xu"@tpy	<https://panlex.org/snapshot/panlex-20191001-csv/1573#50088588>				<https://panlex.org/snapshot/panlex-20191001-csv/1573#50088333>		"abhainn"@ga	
"atel=xu"@tpy	<https://panlex.org/snapshot/panlex-20191001-csv/1573#50088588>				<https://panlex.org/snapshot/panlex-20191001-csv/1573#50088334>		"sruth"@ga	
"naneʔne"@tpy	<https://panlex.org/snapshot/panlex-20191001-csv/1573#50091250>				<https://panlex.org/snapshot/panlex-20191001-csv/1573#50091125>		"spéir"@ga	
"naneʔne"@tpy	<https://panlex.org/snapshot/panlex-20191001-csv/1573#50091250>				<https://panlex.org/snapshot/panlex-20191001-csv/1573#50091124>		"neamh"@ga	
"misu fafla"@tpy	<https://panlex.org/snapshot/panlex-20191001-csv/1573#50089157>				<https://panlex.org/snapshot/panlex-20191001-csv/1573#50088953>		"foinse"@ga	
"misu fafla"@tpy	<https://panlex.org/snapshot/panlex-20191001-csv/1573#50089157>				<https://panlex.org/snapshot/panlex-20191001-csv/1573#50088954>		"fuarán"@ga	
"misu fafla"@tpy	<https://panlex.org/snapshot/panlex-20191001-csv/1573#50089157>				<https://panlex.org/snapshot/panlex-20191001-csv/1573#50088955>		"tobar"@ga	
"atetla"@tpy	<https://panlex.org/snapshot/panlex-20191001-csv/1573#50091502>				<https://panlex.org/snapshot/panlex-20191001-csv/1573#50091374>		"grian"@ga	
"ɨuɨr"@tpy	<https://panlex.org/snapshot/panlex-20191001-csv/1573#50090408>				<https://panlex.org/snapshot/panlex-20191001-csv/1573#50090272>		"fiodh-"@ga	
"ɨuɨr"@tpy	<https://panlex.org/snapshot/panlex-20191001-csv/1573#50090408>				<https://panlex.org/snapshot/panlex-20191001-csv/1573#50090271>		"adhmad"@ga	
"kumu kumu"@tpy	<https://panlex.org/snapshot/panlex-20191001-csv/1573#50087828>				<https://panlex.org/snapshot/panlex-20191001-csv/1573#50087698>		"tonn"@ga	
"kumu kumu"@tpy	<https://panlex.org/snapshot/panlex-20191001-csv/1573#50087828>				<https://panlex.org/snapshot/panlex-20191001-csv/1573#50087699>		"uain"@ga	
"dei"@tpy	<https://panlex.org/snapshot/panlex-20191001-csv/1573#50090149>				<https://panlex.org/snapshot/panlex-20191001-csv/1573#50090021>		"crann"@ga	
"tenexne"@tpy	<https://panlex.org/snapshot/panlex-20191001-csv/1573#50082568>				<https://panlex.org/snapshot/panlex-20191001-csv/1573#50082382>		"talamh"@ga	
"tenexne"@tpy	<https://panlex.org/snapshot/panlex-20191001-csv/1573#50082568>				<https://panlex.org/snapshot/panlex-20191001-csv/1573#50082379>		"cré"@ga	
"tenexne"@tpy	<https://panlex.org/snapshot/panlex-20191001-csv/1573#50082568>				<https://panlex.org/snapshot/panlex-20191001-csv/1573#50082380>		"fód"@ga	
"tenexne"@tpy	<https://panlex.org/snapshot/panlex-20191001-csv/1573#50082568>				<https://panlex.org/snapshot/panlex-20191001-csv/1573#50082381>		"ithir"@ga	
"tenexne"@tpy	<https://panlex.org/snapshot/panlex-20191001-csv/1573#50082251>				<https://panlex.org/snapshot/panlex-20191001-csv/1573#50082056>		"talamh"@ga	
"tenexne"@tpy	<https://panlex.org/snapshot/panlex-20191001-csv/1573#50082251>				<https://panlex.org/snapshot/panlex-20191001-csv/1573#50082057>		"tír"@ga	
"ulat̯"@tpy	<https://panlex.org/snapshot/panlex-20191001-csv/1573#50085354>				<https://panlex.org/snapshot/panlex-20191001-csv/1573#50085165>		"cósta"@ga	
"ulat̯"@tpy	<https://panlex.org/snapshot/panlex-20191001-csv/1573#50085354>				<https://panlex.org/snapshot/panlex-20191001-csv/1573#50085166>		"trá"@ga	
"ulat̯"@tpy	<https://panlex.org/snapshot/panlex-20191001-csv/1573#50083380>				<https://panlex.org/snapshot/panlex-20191001-csv/1573#50083244>		"gaineamh"@ga	
"aiot̯"@tpy	<https://panlex.org/snapshot/panlex-20191001-csv/1573#50086656>				<https://panlex.org/snapshot/panlex-20191001-csv/1573#50086540>		"cúr"@ga	
"aiot̯"@tpy	<https://panlex.org/snapshot/panlex-20191001-csv/1573#50086656>				<https://panlex.org/snapshot/panlex-20191001-csv/1573#50086539>		"coipeadh"@ga	
"naʔnene"@tpy	<https://panlex.org/snapshot/panlex-20191001-csv/1573#50091251>				<https://panlex.org/snapshot/panlex-20191001-csv/1573#50091125>		"spéir"@ga	
"naʔnene"@tpy	<https://panlex.org/snapshot/panlex-20191001-csv/1573#50091251>				<https://panlex.org/snapshot/panlex-20191001-csv/1573#50091124>		"neamh"@ga	
"aneneote"@tpy	<https://panlex.org/snapshot/panlex-20191001-csv/1573#50089889>				<https://panlex.org/snapshot/panlex-20191001-csv/1573#50089727>		"coill"@ga	
