"to-ʼpiru iʼpuru-"@sja	<https://panlex.org/snapshot/panlex-20191001-csv/1573#50088144>				<https://panlex.org/snapshot/panlex-20191001-csv/1573#50088124>		"сув келуьв"@nog	
"ʼyooro"@sja	<https://panlex.org/snapshot/panlex-20191001-csv/1573#50082547>				<https://panlex.org/snapshot/panlex-20191001-csv/1573#50082492>		"ер"@nog	
"ʼipu"@sja	<https://panlex.org/snapshot/panlex-20191001-csv/1573#50083365>				<https://panlex.org/snapshot/panlex-20191001-csv/1573#50083323>		"кум"@nog	
"ʼipu"@sja	<https://panlex.org/snapshot/panlex-20191001-csv/1573#50083365>				<https://panlex.org/snapshot/panlex-20191001-csv/1573#50083322>		"кайыр"@nog	
"aʼwẽra ʼčai"@sja	<https://panlex.org/snapshot/panlex-20191001-csv/1573#50090995>				<https://panlex.org/snapshot/panlex-20191001-csv/1573#50090972>		"ер сенъкилдев"@nog	
"aʼwẽra ʼčai"@sja	<https://panlex.org/snapshot/panlex-20191001-csv/1573#50090995>				<https://panlex.org/snapshot/panlex-20191001-csv/1573#50090971>		"ер козгалув"@nog	
"ʼmee"@sja	<https://panlex.org/snapshot/panlex-20191001-csv/1573#50089870>				<https://panlex.org/snapshot/panlex-20191001-csv/1573#50089815>		"орман"@nog	
"ʼmee"@sja	<https://panlex.org/snapshot/panlex-20191001-csv/1573#50089870>				<https://panlex.org/snapshot/panlex-20191001-csv/1573#50089814>		"агашлык"@nog	
"ʼyooro suʼsua"@sja	<https://panlex.org/snapshot/panlex-20191001-csv/1573#50083114>				<https://panlex.org/snapshot/panlex-20191001-csv/1573#50083075>		"балшык"@nog	
"ʼyooro suʼsua"@sja	<https://panlex.org/snapshot/panlex-20191001-csv/1573#50083114>				<https://panlex.org/snapshot/panlex-20191001-csv/1573#50083076>		"батпак"@nog	
"ʼeuhã"@sja	<https://panlex.org/snapshot/panlex-20191001-csv/1573#50082223>				<https://panlex.org/snapshot/panlex-20191001-csv/1573#50082156>		"ер"@nog	
"ʼeuhã"@sja	<https://panlex.org/snapshot/panlex-20191001-csv/1573#50082223>				<https://panlex.org/snapshot/panlex-20191001-csv/1573#50082158>		"эл"@nog	
"ʼeuhã"@sja	<https://panlex.org/snapshot/panlex-20191001-csv/1573#50082223>				<https://panlex.org/snapshot/panlex-20191001-csv/1573#50082157>		"кырал"@nog	
"to pʰëreʼbai"@sja	<https://panlex.org/snapshot/panlex-20191001-csv/1573#50088776>				<https://panlex.org/snapshot/panlex-20191001-csv/1573#50088751>		"сувдыкь ийирими"@nog	
"ʼpʰusa"@sja	<https://panlex.org/snapshot/panlex-20191001-csv/1573#50086076>				<https://panlex.org/snapshot/panlex-20191001-csv/1573#50086032>		"тенъиз"@nog	
"ʼpʰusa"@sja	<https://panlex.org/snapshot/panlex-20191001-csv/1573#50087811>				<https://panlex.org/snapshot/panlex-20191001-csv/1573#50087767>		"толкын"@nog	
"ʼpʰusa"@sja	<https://panlex.org/snapshot/panlex-20191001-csv/1573#50086825>				<https://panlex.org/snapshot/panlex-20191001-csv/1573#50086796>		"океан"@nog	
"ʼpʰusa"@sja	<https://panlex.org/snapshot/panlex-20191001-csv/1573#50086825>				<https://panlex.org/snapshot/panlex-20191001-csv/1573#50086795>		"дерийа"@nog	
"to ʼčakʰe"@sja	<https://panlex.org/snapshot/panlex-20191001-csv/1573#50088547>				<https://panlex.org/snapshot/panlex-20191001-csv/1573#50088477>		"шокырак"@nog	
"to ʼčakʰe"@sja	<https://panlex.org/snapshot/panlex-20191001-csv/1573#50088547>				<https://panlex.org/snapshot/panlex-20191001-csv/1573#50088475>		"йылла"@nog	
"to ʼčakʰe"@sja	<https://panlex.org/snapshot/panlex-20191001-csv/1573#50088547>				<https://panlex.org/snapshot/panlex-20191001-csv/1573#50088473>		"агым"@nog	
"to ʼčakʰe"@sja	<https://panlex.org/snapshot/panlex-20191001-csv/1573#50088547>				<https://panlex.org/snapshot/panlex-20191001-csv/1573#50088474>		"агын"@nog	
"to ʼčakʰe"@sja	<https://panlex.org/snapshot/panlex-20191001-csv/1573#50088547>				<https://panlex.org/snapshot/panlex-20191001-csv/1573#50088476>		"сув"@nog	
"ʼee"@sja	<https://panlex.org/snapshot/panlex-20191001-csv/1573#50083746>				<https://panlex.org/snapshot/panlex-20191001-csv/1573#50083681>		"тоьбе"@nog	
"ʼee"@sja	<https://panlex.org/snapshot/panlex-20191001-csv/1573#50083746>				<https://panlex.org/snapshot/panlex-20191001-csv/1573#50083680>		"тав"@nog	
"to-ʼpiru hiʼra-tɨ hõ-"@sja	<https://panlex.org/snapshot/panlex-20191001-csv/1573#50088037>				<https://panlex.org/snapshot/panlex-20191001-csv/1573#50088017>		"кайтув"@nog	
"ʼeuhã suʼsua"@sja	<https://panlex.org/snapshot/panlex-20191001-csv/1573#50089395>				<https://panlex.org/snapshot/panlex-20191001-csv/1573#50089361>		"саз"@nog	
"ʼeuhã suʼsua"@sja	<https://panlex.org/snapshot/panlex-20191001-csv/1573#50089395>				<https://panlex.org/snapshot/panlex-20191001-csv/1573#50089360>		"батпак"@nog	
"i"@sja	<https://panlex.org/snapshot/panlex-20191001-csv/1573#50085326>				<https://panlex.org/snapshot/panlex-20191001-csv/1573#50085263>		"сув"@nog	
"i"@sja	<https://panlex.org/snapshot/panlex-20191001-csv/1573#50085326>				<https://panlex.org/snapshot/panlex-20191001-csv/1573#50085262>		"йага бой"@nog	
"na ʼeuhã"@sja	<https://panlex.org/snapshot/panlex-20191001-csv/1573#50081894>				<https://panlex.org/snapshot/panlex-20191001-csv/1573#50081852>		"дуныйа"@nog	
"na ʼeuhã"@sja	<https://panlex.org/snapshot/panlex-20191001-csv/1573#50081894>				<https://panlex.org/snapshot/panlex-20191001-csv/1573#50081853>		"тынышлык"@nog	
"ʼmau"@sja	<https://panlex.org/snapshot/panlex-20191001-csv/1573#50090774>				<https://panlex.org/snapshot/panlex-20191001-csv/1573#50090701>		"тас"@nog	
"ʼmau"@sja	<https://panlex.org/snapshot/panlex-20191001-csv/1573#50090774>				<https://panlex.org/snapshot/panlex-20191001-csv/1573#50090700>		"кайа"@nog	
"aʼkʰõre ʼhĩru"@sja	<https://panlex.org/snapshot/panlex-20191001-csv/1573#50091487>				<https://panlex.org/snapshot/panlex-20191001-csv/1573#50091445>		"куьн коьзи"@nog	
"ʼmau te"@sja	<https://panlex.org/snapshot/panlex-20191001-csv/1573#50085589>				<https://panlex.org/snapshot/panlex-20191001-csv/1573#50085548>		"дорбын"@nog	
"ʼtʰɨɨ-da"@sja	<https://panlex.org/snapshot/panlex-20191001-csv/1573#50084861>				<https://panlex.org/snapshot/panlex-20191001-csv/1573#50084824>		"арал"@nog	
"to"@sja	<https://panlex.org/snapshot/panlex-20191001-csv/1573#50088546>				<https://panlex.org/snapshot/panlex-20191001-csv/1573#50088477>		"шокырак"@nog	
"to"@sja	<https://panlex.org/snapshot/panlex-20191001-csv/1573#50088546>				<https://panlex.org/snapshot/panlex-20191001-csv/1573#50088475>		"йылла"@nog	
"to"@sja	<https://panlex.org/snapshot/panlex-20191001-csv/1573#50088546>				<https://panlex.org/snapshot/panlex-20191001-csv/1573#50088473>		"агым"@nog	
"to"@sja	<https://panlex.org/snapshot/panlex-20191001-csv/1573#50088546>				<https://panlex.org/snapshot/panlex-20191001-csv/1573#50088474>		"агын"@nog	
"to"@sja	<https://panlex.org/snapshot/panlex-20191001-csv/1573#50088546>				<https://panlex.org/snapshot/panlex-20191001-csv/1573#50088476>		"сув"@nog	
"kʰõpʰeʼpʰee"@sja	<https://panlex.org/snapshot/panlex-20191001-csv/1573#50086636>				<https://panlex.org/snapshot/panlex-20191001-csv/1573#50086598>		"коьбик"@nog	
"kʰõpʰeʼpʰee"@sja	<https://panlex.org/snapshot/panlex-20191001-csv/1573#50086636>				<https://panlex.org/snapshot/panlex-20191001-csv/1573#50086599>		"коьпиршик"@nog	
"ʼpa-hã"@sja	<https://panlex.org/snapshot/panlex-20191001-csv/1573#50091232>				<https://panlex.org/snapshot/panlex-20191001-csv/1573#50091188>		"коьк"@nog	
"ʼpʰusa tʰo nɨʼbɨ"@sja	<https://panlex.org/snapshot/panlex-20191001-csv/1573#50086435>				<https://panlex.org/snapshot/panlex-20191001-csv/1573#50086414>		"давыллы"@nog	
"to i"@sja	<https://panlex.org/snapshot/panlex-20191001-csv/1573#50085327>				<https://panlex.org/snapshot/panlex-20191001-csv/1573#50085263>		"сув"@nog	
"to i"@sja	<https://panlex.org/snapshot/panlex-20191001-csv/1573#50085327>				<https://panlex.org/snapshot/panlex-20191001-csv/1573#50085262>		"йага бой"@nog	
"kʰõoʼtʰari"@sja	<https://panlex.org/snapshot/panlex-20191001-csv/1573#50084067>				<https://panlex.org/snapshot/panlex-20191001-csv/1573#50084033>		"тик йар"@nog	
"kʰõoʼtʰari"@sja	<https://panlex.org/snapshot/panlex-20191001-csv/1573#50084067>				<https://panlex.org/snapshot/panlex-20191001-csv/1573#50084031>		"йар"@nog	
"kʰõoʼtʰari"@sja	<https://panlex.org/snapshot/panlex-20191001-csv/1573#50084067>				<https://panlex.org/snapshot/panlex-20191001-csv/1573#50084032>		"кайа"@nog	
"paʼkʰuru"@sja	<https://panlex.org/snapshot/panlex-20191001-csv/1573#50090388>				<https://panlex.org/snapshot/panlex-20191001-csv/1573#50090347>		"агаш"@nog	
"paʼkʰuru"@sja	<https://panlex.org/snapshot/panlex-20191001-csv/1573#50090137>				<https://panlex.org/snapshot/panlex-20191001-csv/1573#50090091>		"терек"@nog	
"heweʼdaa ewaʼraa"@sja	<https://panlex.org/snapshot/panlex-20191001-csv/1573#50084407>				<https://panlex.org/snapshot/panlex-20191001-csv/1573#50084361>		"шоьллик"@nog	
"heweʼdaa ewaʼraa"@sja	<https://panlex.org/snapshot/panlex-20191001-csv/1573#50084407>				<https://panlex.org/snapshot/panlex-20191001-csv/1573#50084358>		"данъыл"@nog	
"heweʼdaa ewaʼraa"@sja	<https://panlex.org/snapshot/panlex-20191001-csv/1573#50084407>				<https://panlex.org/snapshot/panlex-20191001-csv/1573#50084360>		"тегислик"@nog	
"heweʼdaa ewaʼraa"@sja	<https://panlex.org/snapshot/panlex-20191001-csv/1573#50084407>				<https://panlex.org/snapshot/panlex-20191001-csv/1573#50084359>		"кыр"@nog	
"heweʼdaa ewaʼraa"@sja	<https://panlex.org/snapshot/panlex-20191001-csv/1573#50084407>				<https://panlex.org/snapshot/panlex-20191001-csv/1573#50084357>		"дала"@nog	
"paʼnia"@sja	<https://panlex.org/snapshot/panlex-20191001-csv/1573#50085843>				<https://panlex.org/snapshot/panlex-20191001-csv/1573#50085792>		"сув"@nog	
"aʼkʰõre ʼhã"@sja	<https://panlex.org/snapshot/panlex-20191001-csv/1573#50091231>				<https://panlex.org/snapshot/panlex-20191001-csv/1573#50091188>		"коьк"@nog	
"ʼyooro ʼpʰora"@sja	<https://panlex.org/snapshot/panlex-20191001-csv/1573#50082820>				<https://panlex.org/snapshot/panlex-20191001-csv/1573#50082772>		"шанъ"@nog	
"ʼtʰɨ-da to"@sja	<https://panlex.org/snapshot/panlex-20191001-csv/1573#50087062>				<https://panlex.org/snapshot/panlex-20191001-csv/1573#50087018>		"коьл"@nog	
