"Vǝnǝzuela"@nmg	<https://panlex.org/snapshot/panlex-20191001-csv/6898#113597466>				<https://panlex.org/snapshot/panlex-20191001-csv/6898#113597427>		"Венесуэла"@tt	
"Saint Kitts na Nevis"@nmg	<https://panlex.org/snapshot/panlex-20191001-csv/6898#113634373>				<https://panlex.org/snapshot/panlex-20191001-csv/6898#113634422>		"Сент-Китс һәм Невис"@tt	
"Guatemala"@nmg	<https://panlex.org/snapshot/panlex-20191001-csv/6898#113600461>				<https://panlex.org/snapshot/panlex-20191001-csv/6898#113600403>		"Гватемала"@tt	
"Kyrgystaŋ"@nmg	<https://panlex.org/snapshot/panlex-20191001-csv/6898#113627261>				<https://panlex.org/snapshot/panlex-20191001-csv/6898#113627347>		"Кыргызстан"@tt	
"San Marino"@nmg	<https://panlex.org/snapshot/panlex-20191001-csv/6898#113625702>				<https://panlex.org/snapshot/panlex-20191001-csv/6898#113625682>		"Сан-Марино"@tt	
"Swaziland"@nmg	<https://panlex.org/snapshot/panlex-20191001-csv/6898#113625297>				<https://panlex.org/snapshot/panlex-20191001-csv/6898#113625303>		"Свазиленд"@tt	
"Jɔrdania"@nmg	<https://panlex.org/snapshot/panlex-20191001-csv/6898#113611686>				<https://panlex.org/snapshot/panlex-20191001-csv/6898#113611651>		"Иордания"@tt	
"Marɔk"@nmg	<https://panlex.org/snapshot/panlex-20191001-csv/6898#113635899>				<https://panlex.org/snapshot/panlex-20191001-csv/6898#113635946>		"Марокко"@tt	
"Grɛce"@nmg	<https://panlex.org/snapshot/panlex-20191001-csv/6898#113630400>				<https://panlex.org/snapshot/panlex-20191001-csv/6898#113630401>		"Греция"@tt	
"Italia"@nmg	<https://panlex.org/snapshot/panlex-20191001-csv/6898#113587908>				<https://panlex.org/snapshot/panlex-20191001-csv/6898#113587900>		"Италия"@tt	
"Indonesia"@nmg	<https://panlex.org/snapshot/panlex-20191001-csv/6898#113633485>				<https://panlex.org/snapshot/panlex-20191001-csv/6898#113633478>		"Индонезия"@tt	
"Kɔlɔ́mbia"@nmg	<https://panlex.org/snapshot/panlex-20191001-csv/6898#113620723>				<https://panlex.org/snapshot/panlex-20191001-csv/6898#113620639>		"Колумбия"@tt	
"Árúba"@nmg	<https://panlex.org/snapshot/panlex-20191001-csv/6898#113644022>				<https://panlex.org/snapshot/panlex-20191001-csv/6898#113644047>		"Аруба"@tt	
"Botswana"@nmg	<https://panlex.org/snapshot/panlex-20191001-csv/6898#113595446>				<https://panlex.org/snapshot/panlex-20191001-csv/6898#113595469>		"Ботсвана"@tt	
"Tanzánía"@nmg	<https://panlex.org/snapshot/panlex-20191001-csv/6898#113627754>				<https://panlex.org/snapshot/panlex-20191001-csv/6898#113627699>		"Танзания"@tt	
"Azerbaïjaŋ"@nmg	<https://panlex.org/snapshot/panlex-20191001-csv/6898#113619264>				<https://panlex.org/snapshot/panlex-20191001-csv/6898#113619383>		"Әзәрбайҗан"@tt	
"Irland"@nmg	<https://panlex.org/snapshot/panlex-20191001-csv/6898#113625995>				<https://panlex.org/snapshot/panlex-20191001-csv/6898#113625887>		"Ирландия"@tt	
"Afganistaŋ"@nmg	<https://panlex.org/snapshot/panlex-20191001-csv/6898#113604724>				<https://panlex.org/snapshot/panlex-20191001-csv/6898#113604767>		"Әфганстан"@tt	
"Tshad"@nmg	<https://panlex.org/snapshot/panlex-20191001-csv/6898#113643362>				<https://panlex.org/snapshot/panlex-20191001-csv/6898#113643386>		"Чад"@tt	
"Sudaŋ"@nmg	<https://panlex.org/snapshot/panlex-20191001-csv/6898#113633050>				<https://panlex.org/snapshot/panlex-20191001-csv/6898#113632917>		"Судан"@tt	
"Nlambɔ́ bó tschɛk"@nmg	<https://panlex.org/snapshot/panlex-20191001-csv/6898#113619585>				<https://panlex.org/snapshot/panlex-20191001-csv/6898#113619569>		"Чехия Республикасы"@tt	
"Jibúti"@nmg	<https://panlex.org/snapshot/panlex-20191001-csv/6898#113585805>				<https://panlex.org/snapshot/panlex-20191001-csv/6898#113585812>		"Җибүти"@tt	
"Somália"@nmg	<https://panlex.org/snapshot/panlex-20191001-csv/6898#113608428>				<https://panlex.org/snapshot/panlex-20191001-csv/6898#113608396>		"Сомали"@tt	
"Bahamas"@nmg	<https://panlex.org/snapshot/panlex-20191001-csv/6898#113592796>				<https://panlex.org/snapshot/panlex-20191001-csv/6898#113592786>		"Багам утраулары"@tt	
"Guine Papuasi"@nmg	<https://panlex.org/snapshot/panlex-20191001-csv/6898#113614921>				<https://panlex.org/snapshot/panlex-20191001-csv/6898#113614840>		"Папуа - Яңа Гвинея"@tt	
"Mɔngolia"@nmg	<https://panlex.org/snapshot/panlex-20191001-csv/6898#113621656>				<https://panlex.org/snapshot/panlex-20191001-csv/6898#113621647>		"Монголия"@tt	
"Tshili"@nmg	<https://panlex.org/snapshot/panlex-20191001-csv/6898#113624736>				<https://panlex.org/snapshot/panlex-20191001-csv/6898#113624765>		"Чили"@tt	
"Ɔndúras"@nmg	<https://panlex.org/snapshot/panlex-20191001-csv/6898#113597051>				<https://panlex.org/snapshot/panlex-20191001-csv/6898#113596958>		"Гондурас"@tt	
"Palo"@nmg	<https://panlex.org/snapshot/panlex-20191001-csv/6898#113630935>				<https://panlex.org/snapshot/panlex-20191001-csv/6898#113630949>		"Палау"@tt	
"Panama"@nmg	<https://panlex.org/snapshot/panlex-20191001-csv/6898#113606064>				<https://panlex.org/snapshot/panlex-20191001-csv/6898#113606057>		"Панама"@tt	
"Jaman"@nmg	<https://panlex.org/snapshot/panlex-20191001-csv/6898#113639327>				<https://panlex.org/snapshot/panlex-20191001-csv/6898#113639325>		"Германия"@tt	
"Mɔnserrat"@nmg	<https://panlex.org/snapshot/panlex-20191001-csv/6898#113618331>				<https://panlex.org/snapshot/panlex-20191001-csv/6898#113618376>		"Монтсеррат"@tt	
"Jɔrgia"@nmg	<https://panlex.org/snapshot/panlex-20191001-csv/6898#113635223>				<https://panlex.org/snapshot/panlex-20191001-csv/6898#113635150>		"Грузия"@tt	
"Gambia"@nmg	<https://panlex.org/snapshot/panlex-20191001-csv/6898#113631236>				<https://panlex.org/snapshot/panlex-20191001-csv/6898#113631401>		"Гамбия"@tt	
"Guine"@nmg	<https://panlex.org/snapshot/panlex-20191001-csv/6898#113617787>				<https://panlex.org/snapshot/panlex-20191001-csv/6898#113617744>		"Гвинея"@tt	
"Senegal"@nmg	<https://panlex.org/snapshot/panlex-20191001-csv/6898#113591126>				<https://panlex.org/snapshot/panlex-20191001-csv/6898#113591183>		"Сенегал"@tt	
"Bahrain"@nmg	<https://panlex.org/snapshot/panlex-20191001-csv/6898#113596016>				<https://panlex.org/snapshot/panlex-20191001-csv/6898#113596103>		"Бәхрәйн"@tt	
"Japɔn"@nmg	<https://panlex.org/snapshot/panlex-20191001-csv/6898#113634948>				<https://panlex.org/snapshot/panlex-20191001-csv/6898#113634896>		"Япония"@tt	
"Russi"@nmg	<https://panlex.org/snapshot/panlex-20191001-csv/6898#113645967>				<https://panlex.org/snapshot/panlex-20191001-csv/6898#113645955>		"Россия"@tt	
"Östraliá"@nmg	<https://panlex.org/snapshot/panlex-20191001-csv/6898#113631498>				<https://panlex.org/snapshot/panlex-20191001-csv/6898#113631631>		"Австралия"@tt	
"Nigeria"@nmg	<https://panlex.org/snapshot/panlex-20191001-csv/6898#113624147>				<https://panlex.org/snapshot/panlex-20191001-csv/6898#113624078>		"Нигерия"@tt	
"Madagaskar"@nmg	<https://panlex.org/snapshot/panlex-20191001-csv/6898#113589984>				<https://panlex.org/snapshot/panlex-20191001-csv/6898#113590064>		"Мадагаскар"@tt	
"Mɛxik"@nmg	<https://panlex.org/snapshot/panlex-20191001-csv/6898#113628310>				<https://panlex.org/snapshot/panlex-20191001-csv/6898#113628278>		"Мексика"@tt	
"Oman"@nmg	<https://panlex.org/snapshot/panlex-20191001-csv/6898#113622572>				<https://panlex.org/snapshot/panlex-20191001-csv/6898#113622661>		"Оман"@tt	
"Nɔrvɛg"@nmg	<https://panlex.org/snapshot/panlex-20191001-csv/6898#113609914>				<https://panlex.org/snapshot/panlex-20191001-csv/6898#113609907>		"Норвегия"@tt	
"Wallis ba Futuna"@nmg	<https://panlex.org/snapshot/panlex-20191001-csv/6898#113638572>				<https://panlex.org/snapshot/panlex-20191001-csv/6898#113638578>		"Уоллис һәм Футуна"@tt	
"Mayɔt"@nmg	<https://panlex.org/snapshot/panlex-20191001-csv/6898#113603911>				<https://panlex.org/snapshot/panlex-20191001-csv/6898#113603980>		"Майотта"@tt	
"Benin"@nmg	<https://panlex.org/snapshot/panlex-20191001-csv/6898#113607559>				<https://panlex.org/snapshot/panlex-20191001-csv/6898#113607545>		"Бенин"@tt	
"Mɔldavia"@nmg	<https://panlex.org/snapshot/panlex-20191001-csv/6898#113633368>				<https://panlex.org/snapshot/panlex-20191001-csv/6898#113633289>		"Молдова"@tt	
"Sao Tomé ba Prinship"@nmg	<https://panlex.org/snapshot/panlex-20191001-csv/6898#113622979>				<https://panlex.org/snapshot/panlex-20191001-csv/6898#113622951>		"Сан-Томе һәм Принсипи"@tt	
"Filipin"@nmg	<https://panlex.org/snapshot/panlex-20191001-csv/6898#113602662>				<https://panlex.org/snapshot/panlex-20191001-csv/6898#113602709>		"Филиппин"@tt	
