"kako"@wew	<https://panlex.org/snapshot/panlex-20191001-csv/114#8054234>				<https://panlex.org/snapshot/panlex-20191001-csv/114#8053905>		"lao"@kud	
"buku"@wew	<https://panlex.org/snapshot/panlex-20191001-csv/114#8064449>				<https://panlex.org/snapshot/panlex-20191001-csv/114#8064146>		"godu-"@kud	
"raʼa"@wew	<https://panlex.org/snapshot/panlex-20191001-csv/114#8063364>				<https://panlex.org/snapshot/panlex-20191001-csv/114#8063057>		"ʼwa"@kud	
"mète-na"@wew	<https://panlex.org/snapshot/panlex-20191001-csv/114#8056758>				<https://panlex.org/snapshot/panlex-20191001-csv/114#8056464>		"biʼi-"@kud	
"kalíta"@wew	<https://panlex.org/snapshot/panlex-20191001-csv/114#8057733>				<https://panlex.org/snapshot/panlex-20191001-csv/114#8057431>		"ʼwapi-"@kud	
"lara"@wew	<https://panlex.org/snapshot/panlex-20191001-csv/114#8054730>				<https://panlex.org/snapshot/panlex-20191001-csv/114#8054441>		"ʼamwaha"@kud	
