"elena"@wew	<https://panlex.org/snapshot/panlex-20191001-csv/114#8055723>				<https://panlex.org/snapshot/panlex-20191001-csv/114#8055292>		"vegom"@bcm	
"elena"@wew	<https://panlex.org/snapshot/panlex-20191001-csv/114#8055723>				<https://panlex.org/snapshot/panlex-20191001-csv/114#8055291>		"beruu"@bcm	
"kako"@wew	<https://panlex.org/snapshot/panlex-20191001-csv/114#8054234>				<https://panlex.org/snapshot/panlex-20191001-csv/114#8053717>		"vanavido"@bcm	
"madita"@wew	<https://panlex.org/snapshot/panlex-20191001-csv/114#8068615>				<https://panlex.org/snapshot/panlex-20191001-csv/114#8068156>		"vagiri"@bcm	
"buku"@wew	<https://panlex.org/snapshot/panlex-20191001-csv/114#8064449>				<https://panlex.org/snapshot/panlex-20191001-csv/114#8063979>		"kokoromo-"@bcm	
"ghèlo"@wew	<https://panlex.org/snapshot/panlex-20191001-csv/114#8052629>				<https://panlex.org/snapshot/panlex-20191001-csv/114#8052215>		"tororona"@bcm	
"raʼa"@wew	<https://panlex.org/snapshot/panlex-20191001-csv/114#8063364>				<https://panlex.org/snapshot/panlex-20191001-csv/114#8062907>		"ŋatsi"@bcm	
"mète-na"@wew	<https://panlex.org/snapshot/panlex-20191001-csv/114#8056758>				<https://panlex.org/snapshot/panlex-20191001-csv/114#8056307>		"dotsi"@bcm	
"mète-na"@wew	<https://panlex.org/snapshot/panlex-20191001-csv/114#8056758>				<https://panlex.org/snapshot/panlex-20191001-csv/114#8056308>		"kiipi"@bcm	
"kalíta"@wew	<https://panlex.org/snapshot/panlex-20191001-csv/114#8057733>				<https://panlex.org/snapshot/panlex-20191001-csv/114#8057275>		"kabunu-"@bcm	
"lara"@wew	<https://panlex.org/snapshot/panlex-20191001-csv/114#8054730>				<https://panlex.org/snapshot/panlex-20191001-csv/114#8054302>		"sanana"@bcm	
