"c̷ˀagɨč"@pue	<https://panlex.org/snapshot/panlex-20191001-csv/1573#50085287>				<https://panlex.org/snapshot/panlex-20191001-csv/1573#50085055>		"breg’det"@als	
"c̷ˀagɨč"@pue	<https://panlex.org/snapshot/panlex-20191001-csv/1573#50085287>				<https://panlex.org/snapshot/panlex-20191001-csv/1573#50085054>		"breg"@als	
"c̷ˀagɨč"@pue	<https://panlex.org/snapshot/panlex-20191001-csv/1573#50085287>				<https://panlex.org/snapshot/panlex-20191001-csv/1573#50085056>		"plaž"@als	
"awxɨ"@pue	<https://panlex.org/snapshot/panlex-20191001-csv/1573#50091206>				<https://panlex.org/snapshot/panlex-20191001-csv/1573#50091030>		"kʸel"@als	
"awxɨ"@pue	<https://panlex.org/snapshot/panlex-20191001-csv/1573#50091206>				<https://panlex.org/snapshot/panlex-20191001-csv/1573#50091029>		"ha’va"@als	
"c̷ˀɨxɨy"@pue	<https://panlex.org/snapshot/panlex-20191001-csv/1573#50083342>				<https://panlex.org/snapshot/panlex-20191001-csv/1573#50083162>		"’rərə"@als	
"xɨyɨm"@pue	<https://panlex.org/snapshot/panlex-20191001-csv/1573#50082792>				<https://panlex.org/snapshot/panlex-20191001-csv/1573#50082600>		"’pluhur"@als	
"kɨlɨla"@pue	<https://panlex.org/snapshot/panlex-20191001-csv/1573#50086051>				<https://panlex.org/snapshot/panlex-20191001-csv/1573#50085891>		"det"@als	
"kɨlɨla"@pue	<https://panlex.org/snapshot/panlex-20191001-csv/1573#50086806>				<https://panlex.org/snapshot/panlex-20191001-csv/1573#50086684>		"okʸean"@als	
"c̷ˀɨwac̷"@pue	<https://panlex.org/snapshot/panlex-20191001-csv/1573#50085288>				<https://panlex.org/snapshot/panlex-20191001-csv/1573#50085055>		"breg’det"@als	
"c̷ˀɨwac̷"@pue	<https://panlex.org/snapshot/panlex-20191001-csv/1573#50085288>				<https://panlex.org/snapshot/panlex-20191001-csv/1573#50085054>		"breg"@als	
"c̷ˀɨwac̷"@pue	<https://panlex.org/snapshot/panlex-20191001-csv/1573#50085288>				<https://panlex.org/snapshot/panlex-20191001-csv/1573#50085056>		"plaž"@als	
"amaxa"@pue	<https://panlex.org/snapshot/panlex-20191001-csv/1573#50091462>				<https://panlex.org/snapshot/panlex-20191001-csv/1573#50091284>		"diel"@als	
"c̷uyi"@pue	<https://panlex.org/snapshot/panlex-20191001-csv/1573#50090727>				<https://panlex.org/snapshot/panlex-20191001-csv/1573#50090439>		"gur"@als	
"c̷uyi"@pue	<https://panlex.org/snapshot/panlex-20191001-csv/1573#50090727>				<https://panlex.org/snapshot/panlex-20191001-csv/1573#50090440>		"škəmb"@als	
"ɨpuk"@pue	<https://panlex.org/snapshot/panlex-20191001-csv/1573#50090112>				<https://panlex.org/snapshot/panlex-20191001-csv/1573#50089922>		"’pemə"@als	
"ɨpuk"@pue	<https://panlex.org/snapshot/panlex-20191001-csv/1573#50090366>				<https://panlex.org/snapshot/panlex-20191001-csv/1573#50090178>		"dru"@als	
"ɨpuk"@pue	<https://panlex.org/snapshot/panlex-20191001-csv/1573#50089844>				<https://panlex.org/snapshot/panlex-20191001-csv/1573#50089633>		"pül"@als	
"ʼtagɨčɨn"@pue	<https://panlex.org/snapshot/panlex-20191001-csv/1573#50084843>				<https://panlex.org/snapshot/panlex-20191001-csv/1573#50084684>		"’išul"@als	
"kapkya"@pue	<https://panlex.org/snapshot/panlex-20191001-csv/1573#50084632>				<https://panlex.org/snapshot/panlex-20191001-csv/1573#50084462>		"lʸu’ginə"@als	
"čamɨl"@pue	<https://panlex.org/snapshot/panlex-20191001-csv/1573#50084380>				<https://panlex.org/snapshot/panlex-20191001-csv/1573#50084116>		"’fušə"@als	
"aptiač"@pue	<https://panlex.org/snapshot/panlex-20191001-csv/1573#50089097>				<https://panlex.org/snapshot/panlex-20191001-csv/1573#50088817>		"bu’romə"@als	
"aptiač"@pue	<https://panlex.org/snapshot/panlex-20191001-csv/1573#50089097>				<https://panlex.org/snapshot/panlex-20191001-csv/1573#50088818>		"pus"@als	
"aptiač"@pue	<https://panlex.org/snapshot/panlex-20191001-csv/1573#50089097>				<https://panlex.org/snapshot/panlex-20191001-csv/1573#50088819>		"’gufə"@als	
"aptiač"@pue	<https://panlex.org/snapshot/panlex-20191001-csv/1573#50089097>				<https://panlex.org/snapshot/panlex-20191001-csv/1573#50088820>		"’krua"@als	
"aptiač"@pue	<https://panlex.org/snapshot/panlex-20191001-csv/1573#50089097>				<https://panlex.org/snapshot/panlex-20191001-csv/1573#50088816>		"bu’rim"@als	
"aɬkac̷"@pue	<https://panlex.org/snapshot/panlex-20191001-csv/1573#50088506>				<https://panlex.org/snapshot/panlex-20191001-csv/1573#50088167>		"lʸumə"@als	
"awgɨk"@pue	<https://panlex.org/snapshot/panlex-20191001-csv/1573#50085567>				<https://panlex.org/snapshot/panlex-20191001-csv/1573#50085388>		"’guvə"@als	
"awgɨk"@pue	<https://panlex.org/snapshot/panlex-20191001-csv/1573#50085567>				<https://panlex.org/snapshot/panlex-20191001-csv/1573#50085389>		"’uǰə"@als	
"awgɨk"@pue	<https://panlex.org/snapshot/panlex-20191001-csv/1573#50085567>				<https://panlex.org/snapshot/panlex-20191001-csv/1573#50085390>		"’špelə"@als	
"yagɨp"@pue	<https://panlex.org/snapshot/panlex-20191001-csv/1573#50085815>				<https://panlex.org/snapshot/panlex-20191001-csv/1573#50085630>		"’uyə"@als	
"awc̷ayɨk"@pue	<https://panlex.org/snapshot/panlex-20191001-csv/1573#50089098>				<https://panlex.org/snapshot/panlex-20191001-csv/1573#50088817>		"bu’romə"@als	
"awc̷ayɨk"@pue	<https://panlex.org/snapshot/panlex-20191001-csv/1573#50089098>				<https://panlex.org/snapshot/panlex-20191001-csv/1573#50088818>		"pus"@als	
"awc̷ayɨk"@pue	<https://panlex.org/snapshot/panlex-20191001-csv/1573#50089098>				<https://panlex.org/snapshot/panlex-20191001-csv/1573#50088819>		"’gufə"@als	
"awc̷ayɨk"@pue	<https://panlex.org/snapshot/panlex-20191001-csv/1573#50089098>				<https://panlex.org/snapshot/panlex-20191001-csv/1573#50088820>		"’krua"@als	
"awc̷ayɨk"@pue	<https://panlex.org/snapshot/panlex-20191001-csv/1573#50089098>				<https://panlex.org/snapshot/panlex-20191001-csv/1573#50088816>		"bu’rim"@als	
"awc̷ayɨk"@pue	<https://panlex.org/snapshot/panlex-20191001-csv/1573#50089588>				<https://panlex.org/snapshot/panlex-20191001-csv/1573#50089446>		"uyə’varə"@als	
"sɨpɨt-pɨt"@pue	<https://panlex.org/snapshot/panlex-20191001-csv/1573#50086615>				<https://panlex.org/snapshot/panlex-20191001-csv/1573#50086466>		"’škumə"@als	
"atek"@pue	<https://panlex.org/snapshot/panlex-20191001-csv/1573#50082180>				<https://panlex.org/snapshot/panlex-20191001-csv/1573#50081941>		"ðe"@als	
"atek"@pue	<https://panlex.org/snapshot/panlex-20191001-csv/1573#50082180>				<https://panlex.org/snapshot/panlex-20191001-csv/1573#50081942>		"’tokə"@als	
"atek"@pue	<https://panlex.org/snapshot/panlex-20191001-csv/1573#50083707>				<https://panlex.org/snapshot/panlex-20191001-csv/1573#50083413>		"malʸ"@als	
"atek"@pue	<https://panlex.org/snapshot/panlex-20191001-csv/1573#50081870>				<https://panlex.org/snapshot/panlex-20191001-csv/1573#50081693>		"ðe"@als	
"atek"@pue	<https://panlex.org/snapshot/panlex-20191001-csv/1573#50081870>				<https://panlex.org/snapshot/panlex-20191001-csv/1573#50081692>		"r̃okulʸi a’lʸem"@als	
"atek"@pue	<https://panlex.org/snapshot/panlex-20191001-csv/1573#50081870>				<https://panlex.org/snapshot/panlex-20191001-csv/1573#50081694>		"’botə"@als	
"atek"@pue	<https://panlex.org/snapshot/panlex-20191001-csv/1573#50081870>				<https://panlex.org/snapshot/panlex-20191001-csv/1573#50081691>		"dü’ɲa"@als	
"tagčɨn"@pue	<https://panlex.org/snapshot/panlex-20191001-csv/1573#50084842>				<https://panlex.org/snapshot/panlex-20191001-csv/1573#50084684>		"’išul"@als	
"gap-gap"@pue	<https://panlex.org/snapshot/panlex-20191001-csv/1573#50082791>				<https://panlex.org/snapshot/panlex-20191001-csv/1573#50082600>		"’pluhur"@als	
"ɨyiken"@pue	<https://panlex.org/snapshot/panlex-20191001-csv/1573#50087336>				<https://panlex.org/snapshot/panlex-20191001-csv/1573#50087247>		"pi’šinə"@als	
"ɨyiken"@pue	<https://panlex.org/snapshot/panlex-20191001-csv/1573#50087336>				<https://panlex.org/snapshot/panlex-20191001-csv/1573#50087246>		"pelg"@als	
"ɨyiken"@pue	<https://panlex.org/snapshot/panlex-20191001-csv/1573#50087034>				<https://panlex.org/snapshot/panlex-20191001-csv/1573#50086861>		"lʸi’kʸen"@als	
"ayawk"@pue	<https://panlex.org/snapshot/panlex-20191001-csv/1573#50084047>				<https://panlex.org/snapshot/panlex-20191001-csv/1573#50083822>		"gre’minə"@als	
"ayawk"@pue	<https://panlex.org/snapshot/panlex-20191001-csv/1573#50084047>				<https://panlex.org/snapshot/panlex-20191001-csv/1573#50083823>		"hum’nerə"@als	
"kac̷ˀac̷"@pue	<https://panlex.org/snapshot/panlex-20191001-csv/1573#50084631>				<https://panlex.org/snapshot/panlex-20191001-csv/1573#50084462>		"lʸu’ginə"@als	
"čɨgaxa"@pue	<https://panlex.org/snapshot/panlex-20191001-csv/1573#50089379>				<https://panlex.org/snapshot/panlex-20191001-csv/1573#50089191>		"mo’čalʸ"@als	
"čɨgaxa"@pue	<https://panlex.org/snapshot/panlex-20191001-csv/1573#50089379>				<https://panlex.org/snapshot/panlex-20191001-csv/1573#50089190>		"kə’netə"@als	
"čɨgaxa"@pue	<https://panlex.org/snapshot/panlex-20191001-csv/1573#50083090>				<https://panlex.org/snapshot/panlex-20191001-csv/1573#50082869>		"’balʸtə"@als	
