"buduk"@mel	<https://panlex.org/snapshot/panlex-20191001-csv/114#8053388>				<https://panlex.org/snapshot/panlex-20191001-csv/114#8053619>		"lin"@ttv	
"buduk"@mel	<https://panlex.org/snapshot/panlex-20191001-csv/114#8053388>				<https://panlex.org/snapshot/panlex-20191001-csv/114#8053618>		"keka"@ttv	
"bebaʔ"@mel	<https://panlex.org/snapshot/panlex-20191001-csv/114#8066768>				<https://panlex.org/snapshot/panlex-20191001-csv/114#8066995>		"poa"@ttv	
"pepikir"@mel	<https://panlex.org/snapshot/panlex-20191001-csv/114#8062131>				<https://panlex.org/snapshot/panlex-20191001-csv/114#8062316>		"titile"@ttv	
"pusiŋ"@mel	<https://panlex.org/snapshot/panlex-20191001-csv/114#8055503>				<https://panlex.org/snapshot/panlex-20191001-csv/114#8055705>		"mulie"@ttv	
"tuun"@mel	<https://panlex.org/snapshot/panlex-20191001-csv/114#8056004>				<https://panlex.org/snapshot/panlex-20191001-csv/114#8056221>		"kau"@ttv	
"tuun"@mel	<https://panlex.org/snapshot/panlex-20191001-csv/114#8056004>				<https://panlex.org/snapshot/panlex-20191001-csv/114#8056222>		"nyu"@ttv	
"tapaʔ"@mel	<https://panlex.org/snapshot/panlex-20191001-csv/114#8055004>				<https://panlex.org/snapshot/panlex-20191001-csv/114#8055209>		"me"@ttv	
"uduŋ"@mel	<https://panlex.org/snapshot/panlex-20191001-csv/114#8065300>				<https://panlex.org/snapshot/panlex-20191001-csv/114#8065520>		"mataŋusun"@ttv	
"ulew"@mel	<https://panlex.org/snapshot/panlex-20191001-csv/114#8063664>				<https://panlex.org/snapshot/panlex-20191001-csv/114#8063886>		"pala"@ttv	
"jelaʔ"@mel	<https://panlex.org/snapshot/panlex-20191001-csv/114#8067854>				<https://panlex.org/snapshot/panlex-20191001-csv/114#8068063>		"kararame"@ttv	
"tetawa"@mel	<https://panlex.org/snapshot/panlex-20191001-csv/114#8068385>				<https://panlex.org/snapshot/panlex-20191001-csv/114#8068588>		"alisai"@ttv	
"baʔtaʔew"@mel	<https://panlex.org/snapshot/panlex-20191001-csv/114#8061629>				<https://panlex.org/snapshot/panlex-20191001-csv/114#8061853>		"pas"@ttv	
"meŋéŋ"@mel	<https://panlex.org/snapshot/panlex-20191001-csv/114#8062627>				<https://panlex.org/snapshot/panlex-20191001-csv/114#8062827>		"no"@ttv	
"atay"@mel	<https://panlex.org/snapshot/panlex-20191001-csv/114#8060038>				<https://panlex.org/snapshot/panlex-20191001-csv/114#8060235>		"ate"@ttv	
"meŋ-adek"@mel	<https://panlex.org/snapshot/panlex-20191001-csv/114#8066252>				<https://panlex.org/snapshot/panlex-20191001-csv/114#8066454>		"uŋe"@ttv	
