"buduk"@mel	<https://panlex.org/snapshot/panlex-20191001-csv/114#8053388>				<https://panlex.org/snapshot/panlex-20191001-csv/114#8053592>		"qaqay"@tgt	
"bebaʔ"@mel	<https://panlex.org/snapshot/panlex-20191001-csv/114#8066768>				<https://panlex.org/snapshot/panlex-20191001-csv/114#8066972>		"baqbaq"@tgt	
"[kapey]"@mel	<https://panlex.org/snapshot/panlex-20191001-csv/114#8061106>				<https://panlex.org/snapshot/panlex-20191001-csv/114#8061279>		"qabaga"@tgt	
"pusiŋ"@mel	<https://panlex.org/snapshot/panlex-20191001-csv/114#8055503>				<https://panlex.org/snapshot/panlex-20191001-csv/114#8055684>		"qɨbɨg"@tgt	
"tuun"@mel	<https://panlex.org/snapshot/panlex-20191001-csv/114#8056004>				<https://panlex.org/snapshot/panlex-20191001-csv/114#8056198>		"languy"@tgt	
"uduŋ"@mel	<https://panlex.org/snapshot/panlex-20191001-csv/114#8065300>				<https://panlex.org/snapshot/panlex-20191001-csv/114#8065497>		"qurung"@tgt	
"ulew"@mel	<https://panlex.org/snapshot/panlex-20191001-csv/114#8063664>				<https://panlex.org/snapshot/panlex-20191001-csv/114#8063858>		"qulu"@tgt	
"jelaʔ"@mel	<https://panlex.org/snapshot/panlex-20191001-csv/114#8067854>				<https://panlex.org/snapshot/panlex-20191001-csv/114#8068040>		"dila"@tgt	
"tetawa"@mel	<https://panlex.org/snapshot/panlex-20191001-csv/114#8068385>				<https://panlex.org/snapshot/panlex-20191001-csv/114#8068566>		"sɨlɨm"@tgt	
"baʔtaʔew"@mel	<https://panlex.org/snapshot/panlex-20191001-csv/114#8061629>				<https://panlex.org/snapshot/panlex-20191001-csv/114#8061824>		"kilala"@tgt	
"makaw"@mel	<https://panlex.org/snapshot/panlex-20191001-csv/114#8053973>				<https://panlex.org/snapshot/panlex-20191001-csv/114#8054180>		"panaw"@tgt	
"abuk"@mel	<https://panlex.org/snapshot/panlex-20191001-csv/114#8057003>				<https://panlex.org/snapshot/panlex-20191001-csv/114#8057180>		"kapukapu"@tgt	
"meŋéŋ"@mel	<https://panlex.org/snapshot/panlex-20191001-csv/114#8062627>				<https://panlex.org/snapshot/panlex-20191001-csv/114#8062806>		"qiqlam"@tgt	
"atay"@mel	<https://panlex.org/snapshot/panlex-20191001-csv/114#8060038>				<https://panlex.org/snapshot/panlex-20191001-csv/114#8060212>		"qatay"@tgt	
"meŋ-adek"@mel	<https://panlex.org/snapshot/panlex-20191001-csv/114#8066252>				<https://panlex.org/snapshot/panlex-20191001-csv/114#8066432>		"qarɨk"@tgt	
