"wael"@htu	<https://panlex.org/snapshot/panlex-20191001-csv/12#850953>				<https://panlex.org/snapshot/panlex-20191001-csv/12#851175>		"satloum"@sxr	
"pahuweʔe"@htu	<https://panlex.org/snapshot/panlex-20191001-csv/114#8052303>				<https://panlex.org/snapshot/panlex-20191001-csv/114#8052559>		"baciki"@sxr	
"pahuweʔe"@htu	<https://panlex.org/snapshot/panlex-20191001-csv/114#8052303>				<https://panlex.org/snapshot/panlex-20191001-csv/114#8052560>		"iri"@sxr	
"tewa"@htu	<https://panlex.org/snapshot/panlex-20191001-csv/114#8061494>				<https://panlex.org/snapshot/panlex-20191001-csv/114#8061801>		"macaɬia"@sxr	
"tewa"@htu	<https://panlex.org/snapshot/panlex-20191001-csv/114#8061494>				<https://panlex.org/snapshot/panlex-20191001-csv/114#8061802>		"takuacaɬia"@sxr	
"hala"@htu	<https://panlex.org/snapshot/panlex-20191001-csv/114#8061000>				<https://panlex.org/snapshot/panlex-20191001-csv/114#8061257>		"aɬiasa"@sxr	
"pahanisu"@htu	<https://panlex.org/snapshot/panlex-20191001-csv/114#8066130>				<https://panlex.org/snapshot/panlex-20191001-csv/114#8066410>		"uma:bali"@sxr	
"lala"@htu	<https://panlex.org/snapshot/panlex-20191001-csv/114#8063003>				<https://panlex.org/snapshot/panlex-20191001-csv/114#8063288>		"caraʔə"@sxr	
"kele-"@htu	<https://panlex.org/snapshot/panlex-20191001-csv/114#8062497>				<https://panlex.org/snapshot/panlex-20191001-csv/114#8062786>		"muruaɬə"@sxr	
"oi"@htu	<https://panlex.org/snapshot/panlex-20191001-csv/114#8053831>				<https://panlex.org/snapshot/panlex-20191001-csv/114#8054155>		"muasa:sala"@sxr	
"nanu"@htu	<https://panlex.org/snapshot/panlex-20191001-csv/114#8055880>				<https://panlex.org/snapshot/panlex-20191001-csv/114#8056176>		"makaɬaŋolo"@sxr	
"keul"@htu	<https://panlex.org/snapshot/panlex-20191001-csv/114#8064621>				<https://panlex.org/snapshot/panlex-20191001-csv/114#8064919>		"bəkə:"@sxr	
"ilu-"@htu	<https://panlex.org/snapshot/panlex-20191001-csv/114#8065171>				<https://panlex.org/snapshot/panlex-20191001-csv/114#8065469>		"ŋo:ŋoro"@sxr	
"ilu-"@htu	<https://panlex.org/snapshot/panlex-20191001-csv/114#8065171>				<https://panlex.org/snapshot/panlex-20191001-csv/114#8065468>		"ngoun-goro"@sxr	
