"wael"@htu	<https://panlex.org/snapshot/panlex-20191001-csv/12#850953>				<https://panlex.org/snapshot/panlex-20191001-csv/12#850988>		"dan"@kis	
"pahuweʔe"@htu	<https://panlex.org/snapshot/panlex-20191001-csv/114#8052303>				<https://panlex.org/snapshot/panlex-20191001-csv/114#8052343>		"dəmá yigi"@kis	
"hala"@htu	<https://panlex.org/snapshot/panlex-20191001-csv/114#8061000>				<https://panlex.org/snapshot/panlex-20191001-csv/114#8061037>		"təpákei"@kis	
"lala"@htu	<https://panlex.org/snapshot/panlex-20191001-csv/114#8063003>				<https://panlex.org/snapshot/panlex-20191001-csv/114#8063042>		"dara"@kis	
"oi"@htu	<https://panlex.org/snapshot/panlex-20191001-csv/114#8053831>				<https://panlex.org/snapshot/panlex-20191001-csv/114#8053886>		"kei"@kis	
"keul"@htu	<https://panlex.org/snapshot/panlex-20191001-csv/114#8064621>				<https://panlex.org/snapshot/panlex-20191001-csv/114#8064666>		"rou"@kis	
"ilu-"@htu	<https://panlex.org/snapshot/panlex-20191001-csv/114#8065171>				<https://panlex.org/snapshot/panlex-20191001-csv/114#8065217>		"ŋwak"@kis	
