"Kötä-Ngû tî Sëngö-Îngö"@sg	<https://panlex.org/snapshot/panlex-20191001-csv/2905#110869911>				<https://panlex.org/snapshot/panlex-20191001-csv/2905#110870045>		"Dauðasjór"@non	
"Kötä-Ngû Bengbä"@sg	<https://panlex.org/snapshot/panlex-20191001-csv/2905#110870966>				<https://panlex.org/snapshot/panlex-20191001-csv/2905#110870979>		"Hafið Rauða"@non	
"Kötä-Ngû Bengbä"@sg	<https://panlex.org/snapshot/panlex-20191001-csv/2905#110870966>				<https://panlex.org/snapshot/panlex-20191001-csv/2905#110871003>		"Rauða Haf"@non	
"lâ-yenga"@sg	<https://panlex.org/snapshot/panlex-20191001-csv/2892#110826812>				<https://panlex.org/snapshot/panlex-20191001-csv/2892#110826660>		"dróttinsdagr"@non	
"lâ-yenga"@sg	<https://panlex.org/snapshot/panlex-20191001-csv/2892#110826812>				<https://panlex.org/snapshot/panlex-20191001-csv/2892#110826809>		"sunnudagr"@non	
"yenga"@sg	<https://panlex.org/snapshot/panlex-20191001-csv/2892#110826683>				<https://panlex.org/snapshot/panlex-20191001-csv/2892#110826660>		"dróttinsdagr"@non	
"yenga"@sg	<https://panlex.org/snapshot/panlex-20191001-csv/2892#110826683>				<https://panlex.org/snapshot/panlex-20191001-csv/2892#110826809>		"sunnudagr"@non	
"bïkua-otâ"@sg	<https://panlex.org/snapshot/panlex-20191001-csv/2892#110825092>				<https://panlex.org/snapshot/panlex-20191001-csv/2892#110824914>		"miðvikudagr"@non	
"bïkua-otâ"@sg	<https://panlex.org/snapshot/panlex-20191001-csv/2892#110825092>				<https://panlex.org/snapshot/panlex-20191001-csv/2892#110824859>		"óðinsdagr"@non	
"lâ-pôso"@sg	<https://panlex.org/snapshot/panlex-20191001-csv/2892#110826382>				<https://panlex.org/snapshot/panlex-20191001-csv/2892#110826143>		"þváttdagr"@non	
"lâ-pôso"@sg	<https://panlex.org/snapshot/panlex-20191001-csv/2892#110826382>				<https://panlex.org/snapshot/panlex-20191001-csv/2892#110826555>		"laugardagr"@non	
"bïkua-usyö"@sg	<https://panlex.org/snapshot/panlex-20191001-csv/2892#110825490>				<https://panlex.org/snapshot/panlex-20191001-csv/2892#110825658>		"fimtidagr"@non	
"bïkua-usyö"@sg	<https://panlex.org/snapshot/panlex-20191001-csv/2892#110825490>				<https://panlex.org/snapshot/panlex-20191001-csv/2892#110825394>		"þórsdagr"@non	
"samedï"@sg	<https://panlex.org/snapshot/panlex-20191001-csv/2892#110826227>				<https://panlex.org/snapshot/panlex-20191001-csv/2892#110826143>		"þváttdagr"@non	
"samedï"@sg	<https://panlex.org/snapshot/panlex-20191001-csv/2892#110826227>				<https://panlex.org/snapshot/panlex-20191001-csv/2892#110826555>		"laugardagr"@non	
"bïkua-ôko"@sg	<https://panlex.org/snapshot/panlex-20191001-csv/2892#110824286>				<https://panlex.org/snapshot/panlex-20191001-csv/2892#110824311>		"mánadagr"@non	
"bïkua-ôko"@sg	<https://panlex.org/snapshot/panlex-20191001-csv/2892#110824286>				<https://panlex.org/snapshot/panlex-20191001-csv/2892#110824125>		"mánudagr"@non	
"dumâsi"@sg	<https://panlex.org/snapshot/panlex-20191001-csv/2892#110826663>				<https://panlex.org/snapshot/panlex-20191001-csv/2892#110826660>		"dróttinsdagr"@non	
"dumâsi"@sg	<https://panlex.org/snapshot/panlex-20191001-csv/2892#110826663>				<https://panlex.org/snapshot/panlex-20191001-csv/2892#110826809>		"sunnudagr"@non	
"bïkua-okü"@sg	<https://panlex.org/snapshot/panlex-20191001-csv/2892#110825829>				<https://panlex.org/snapshot/panlex-20191001-csv/2892#110826107>		"frjádagr"@non	
"bïkua-okü"@sg	<https://panlex.org/snapshot/panlex-20191001-csv/2892#110825829>				<https://panlex.org/snapshot/panlex-20191001-csv/2892#110825701>		"fǫstudagr"@non	
"dimâsi"@sg	<https://panlex.org/snapshot/panlex-20191001-csv/2892#110827030>				<https://panlex.org/snapshot/panlex-20191001-csv/2892#110826660>		"dróttinsdagr"@non	
"dimâsi"@sg	<https://panlex.org/snapshot/panlex-20191001-csv/2892#110827030>				<https://panlex.org/snapshot/panlex-20191001-csv/2892#110826809>		"sunnudagr"@non	
"pôso"@sg	<https://panlex.org/snapshot/panlex-20191001-csv/2892#110826354>				<https://panlex.org/snapshot/panlex-20191001-csv/2892#110826143>		"þváttdagr"@non	
"pôso"@sg	<https://panlex.org/snapshot/panlex-20191001-csv/2892#110826354>				<https://panlex.org/snapshot/panlex-20191001-csv/2892#110826555>		"laugardagr"@non	
"bïkua-ûse"@sg	<https://panlex.org/snapshot/panlex-20191001-csv/2892#110824722>				<https://panlex.org/snapshot/panlex-20191001-csv/2892#110824840>		"týsdagr"@non	
"bïkua-ûse"@sg	<https://panlex.org/snapshot/panlex-20191001-csv/2892#110824722>				<https://panlex.org/snapshot/panlex-20191001-csv/2892#110824792>		"þriðjudagr"@non	
"bïkua-ûse"@sg	<https://panlex.org/snapshot/panlex-20191001-csv/2892#110824722>				<https://panlex.org/snapshot/panlex-20191001-csv/2892#110824553>		"þriðidagr"@non	
"bïkua-ûse"@sg	<https://panlex.org/snapshot/panlex-20191001-csv/2892#110824722>				<https://panlex.org/snapshot/panlex-20191001-csv/2892#110824537>		"týrsdagr"@non	
"dimâse"@sg	<https://panlex.org/snapshot/panlex-20191001-csv/2892#110826955>				<https://panlex.org/snapshot/panlex-20191001-csv/2892#110826660>		"dróttinsdagr"@non	
"dimâse"@sg	<https://panlex.org/snapshot/panlex-20191001-csv/2892#110826955>				<https://panlex.org/snapshot/panlex-20191001-csv/2892#110826809>		"sunnudagr"@non	
