"lâ-yenga"@sg	<https://panlex.org/snapshot/panlex-20191001-csv/2892#110826812>				<https://panlex.org/snapshot/panlex-20191001-csv/2892#110826962>		"kurkó"@rmf	
"yenga"@sg	<https://panlex.org/snapshot/panlex-20191001-csv/2892#110826683>				<https://panlex.org/snapshot/panlex-20191001-csv/2892#110826962>		"kurkó"@rmf	
"bïkua-otâ"@sg	<https://panlex.org/snapshot/panlex-20191001-csv/2892#110825092>				<https://panlex.org/snapshot/panlex-20191001-csv/2892#110825133>		"siskundé"@rmf	
"lâ-pôso"@sg	<https://panlex.org/snapshot/panlex-20191001-csv/2892#110826382>				<https://panlex.org/snapshot/panlex-20191001-csv/2892#110826384>		"končé"@rmf	
"bïkua-usyö"@sg	<https://panlex.org/snapshot/panlex-20191001-csv/2892#110825490>				<https://panlex.org/snapshot/panlex-20191001-csv/2892#110825425>		"kaskaňé"@rmf	
"samedï"@sg	<https://panlex.org/snapshot/panlex-20191001-csv/2892#110826227>				<https://panlex.org/snapshot/panlex-20191001-csv/2892#110826384>		"končé"@rmf	
"bïkua-ôko"@sg	<https://panlex.org/snapshot/panlex-20191001-csv/2892#110824286>				<https://panlex.org/snapshot/panlex-20191001-csv/2892#110824067>		"lemitré"@rmf	
"dumâsi"@sg	<https://panlex.org/snapshot/panlex-20191001-csv/2892#110826663>				<https://panlex.org/snapshot/panlex-20191001-csv/2892#110826962>		"kurkó"@rmf	
"bïkua-okü"@sg	<https://panlex.org/snapshot/panlex-20191001-csv/2892#110825829>				<https://panlex.org/snapshot/panlex-20191001-csv/2892#110826055>		"axoró"@rmf	
"dimâsi"@sg	<https://panlex.org/snapshot/panlex-20191001-csv/2892#110827030>				<https://panlex.org/snapshot/panlex-20191001-csv/2892#110826962>		"kurkó"@rmf	
"pôso"@sg	<https://panlex.org/snapshot/panlex-20191001-csv/2892#110826354>				<https://panlex.org/snapshot/panlex-20191001-csv/2892#110826384>		"končé"@rmf	
"bïkua-ûse"@sg	<https://panlex.org/snapshot/panlex-20191001-csv/2892#110824722>				<https://panlex.org/snapshot/panlex-20191001-csv/2892#110824818>		"gergeré"@rmf	
"dimâse"@sg	<https://panlex.org/snapshot/panlex-20191001-csv/2892#110826955>				<https://panlex.org/snapshot/panlex-20191001-csv/2892#110826962>		"kurkó"@rmf	
"zamviëe"@sg	<https://panlex.org/snapshot/panlex-20191001-csv/2897#110827083>				<https://panlex.org/snapshot/panlex-20191001-csv/2897#110827037>		"enerín"@rmf	
"dïsâmbere"@sg	<https://panlex.org/snapshot/panlex-20191001-csv/2897#110831864>				<https://panlex.org/snapshot/panlex-20191001-csv/2897#110831892>		"kendebré"@rmf	
"ngbetere"@sg	<https://panlex.org/snapshot/panlex-20191001-csv/2897#110831031>				<https://panlex.org/snapshot/panlex-20191001-csv/2897#110830933>		"oktorbar"@rmf	
"ötôbere"@sg	<https://panlex.org/snapshot/panlex-20191001-csv/2897#110831057>				<https://panlex.org/snapshot/panlex-20191001-csv/2897#110830933>		"oktorbar"@rmf	
"ngubë"@sg	<https://panlex.org/snapshot/panlex-20191001-csv/2897#110828287>				<https://panlex.org/snapshot/panlex-20191001-csv/2897#110828589>		"alpandy"@rmf	
"ûti"@sg	<https://panlex.org/snapshot/panlex-20191001-csv/2897#110830023>				<https://panlex.org/snapshot/panlex-20191001-csv/2897#110830140>		"kerosto"@rmf	
"mbängü"@sg	<https://panlex.org/snapshot/panlex-20191001-csv/2897#110828112>				<https://panlex.org/snapshot/panlex-20191001-csv/2897#110828017>		"kirdaré"@rmf	
"bê-zöngö"@sg	<https://panlex.org/snapshot/panlex-20191001-csv/2897#110830335>				<https://panlex.org/snapshot/panlex-20191001-csv/2897#110830680>		"xetava"@rmf	
"föndo"@sg	<https://panlex.org/snapshot/panlex-20191001-csv/2897#110829140>				<https://panlex.org/snapshot/panlex-20191001-csv/2897#110829448>		"ňutivé"@rmf	
"zuyën"@sg	<https://panlex.org/snapshot/panlex-20191001-csv/2897#110829435>				<https://panlex.org/snapshot/panlex-20191001-csv/2897#110829448>		"ňutivé"@rmf	
"zuyêti"@sg	<https://panlex.org/snapshot/panlex-20191001-csv/2897#110829532>				<https://panlex.org/snapshot/panlex-20191001-csv/2897#110829564>		"ňuntivé"@rmf	
"mvüka"@sg	<https://panlex.org/snapshot/panlex-20191001-csv/2897#110830322>				<https://panlex.org/snapshot/panlex-20191001-csv/2897#110830680>		"xetava"@rmf	
"nabändurü"@sg	<https://panlex.org/snapshot/panlex-20191001-csv/2897#110831362>				<https://panlex.org/snapshot/panlex-20191001-csv/2897#110831504>		"ňudikoy"@rmf	
"te-kîri"@sg	<https://panlex.org/snapshot/panlex-20191001-csv/2897#110831540>				<https://panlex.org/snapshot/panlex-20191001-csv/2897#110831504>		"ňudikoy"@rmf	
"kâsâkâsâ"@sg	<https://panlex.org/snapshot/panlex-20191001-csv/2897#110828338>				<https://panlex.org/snapshot/panlex-20191001-csv/2897#110828589>		"alpandy"@rmf	
"növâmbere"@sg	<https://panlex.org/snapshot/panlex-20191001-csv/2897#110831388>				<https://panlex.org/snapshot/panlex-20191001-csv/2897#110831504>		"ňudikoy"@rmf	
"fevriëe"@sg	<https://panlex.org/snapshot/panlex-20191001-csv/2897#110827570>				<https://panlex.org/snapshot/panlex-20191001-csv/2897#110827731>		"ibraín"@rmf	
"nyenye"@sg	<https://panlex.org/snapshot/panlex-20191001-csv/2897#110827328>				<https://panlex.org/snapshot/panlex-20191001-csv/2897#110827037>		"enerín"@rmf	
"kakauka"@sg	<https://panlex.org/snapshot/panlex-20191001-csv/2897#110831557>				<https://panlex.org/snapshot/panlex-20191001-csv/2897#110831892>		"kendebré"@rmf	
"bêlâawü"@sg	<https://panlex.org/snapshot/panlex-20191001-csv/2897#110828998>				<https://panlex.org/snapshot/panlex-20191001-csv/2897#110828868>		"kindalé"@rmf	
"ngbungbu"@sg	<https://panlex.org/snapshot/panlex-20191001-csv/2897#110830088>				<https://panlex.org/snapshot/panlex-20191001-csv/2897#110830140>		"kerosto"@rmf	
"gbafu"@sg	<https://panlex.org/snapshot/panlex-20191001-csv/2897#110829024>				<https://panlex.org/snapshot/panlex-20191001-csv/2897#110828868>		"kindalé"@rmf	
"sepë"@sg	<https://panlex.org/snapshot/panlex-20191001-csv/2897#110827345>				<https://panlex.org/snapshot/panlex-20191001-csv/2897#110827037>		"enerín"@rmf	
"mârsi"@sg	<https://panlex.org/snapshot/panlex-20191001-csv/2897#110827983>				<https://panlex.org/snapshot/panlex-20191001-csv/2897#110828017>		"kirdaré"@rmf	
"te-lötï"@sg	<https://panlex.org/snapshot/panlex-20191001-csv/2897#110830832>				<https://panlex.org/snapshot/panlex-20191001-csv/2897#110830933>		"oktorbar"@rmf	
"mosasako"@sg	<https://panlex.org/snapshot/panlex-20191001-csv/2897#110829530>				<https://panlex.org/snapshot/panlex-20191001-csv/2897#110829564>		"ňuntivé"@rmf	
"yëmë"@sg	<https://panlex.org/snapshot/panlex-20191001-csv/2897#110829091>				<https://panlex.org/snapshot/panlex-20191001-csv/2897#110829448>		"ňutivé"@rmf	
"gbâkarâgba"@sg	<https://panlex.org/snapshot/panlex-20191001-csv/2897#110827726>				<https://panlex.org/snapshot/panlex-20191001-csv/2897#110827731>		"ibraín"@rmf	
"lêngua"@sg	<https://panlex.org/snapshot/panlex-20191001-csv/2897#110829772>				<https://panlex.org/snapshot/panlex-20191001-csv/2897#110829564>		"ňuntivé"@rmf	
"kûkürû"@sg	<https://panlex.org/snapshot/panlex-20191001-csv/2897#110829987>				<https://panlex.org/snapshot/panlex-20191001-csv/2897#110830140>		"kerosto"@rmf	
"sëtâmbere"@sg	<https://panlex.org/snapshot/panlex-20191001-csv/2897#110830603>				<https://panlex.org/snapshot/panlex-20191001-csv/2897#110830680>		"xetava"@rmf	
"mêe"@sg	<https://panlex.org/snapshot/panlex-20191001-csv/2897#110828760>				<https://panlex.org/snapshot/panlex-20191001-csv/2897#110828868>		"kindalé"@rmf	
"pête"@sg	<https://panlex.org/snapshot/panlex-20191001-csv/2897#110827955>				<https://panlex.org/snapshot/panlex-20191001-csv/2897#110828017>		"kirdaré"@rmf	
"avrîli"@sg	<https://panlex.org/snapshot/panlex-20191001-csv/2897#110828461>				<https://panlex.org/snapshot/panlex-20191001-csv/2897#110828589>		"alpandy"@rmf	
