"pedena"@nrz	<https://panlex.org/snapshot/panlex-20191001-csv/114#8060653>				<https://panlex.org/snapshot/panlex-20191001-csv/114#8060774>		"mi susuna"@tbf	
"pedena"@nrz	<https://panlex.org/snapshot/panlex-20191001-csv/114#8060653>				<https://panlex.org/snapshot/panlex-20191001-csv/114#8060775>		"susu-na"@tbf	
"akena"@nrz	<https://panlex.org/snapshot/panlex-20191001-csv/114#8060103>				<https://panlex.org/snapshot/panlex-20191001-csv/114#8060203>		"ate-na"@tbf	
"akena"@nrz	<https://panlex.org/snapshot/panlex-20191001-csv/114#8059623>				<https://panlex.org/snapshot/panlex-20191001-csv/114#8059717>		"tinaina"@tbf	
"akena"@nrz	<https://panlex.org/snapshot/panlex-20191001-csv/114#8059623>				<https://panlex.org/snapshot/panlex-20191001-csv/114#8059716>		"tinai-na"@tbf	
"vina"@nrz	<https://panlex.org/snapshot/panlex-20191001-csv/114#8064810>				<https://panlex.org/snapshot/panlex-20191001-csv/114#8064932>		"mi vuruvuruna"@tbf	
"vina"@nrz	<https://panlex.org/snapshot/panlex-20191001-csv/114#8064810>				<https://panlex.org/snapshot/panlex-20191001-csv/114#8064933>		"vuruvuru-na"@tbf	
"edada"@nrz	<https://panlex.org/snapshot/panlex-20191001-csv/114#8054045>				<https://panlex.org/snapshot/panlex-20191001-csv/114#8054165>		"vasi"@tbf	
"iʼdi bana"@nrz	<https://panlex.org/snapshot/panlex-20191001-csv/114#8052474>				<https://panlex.org/snapshot/panlex-20191001-csv/114#8052572>		"rimana keari"@tbf	
"iʼdi bana"@nrz	<https://panlex.org/snapshot/panlex-20191001-csv/114#8052474>				<https://panlex.org/snapshot/panlex-20191001-csv/114#8052571>		"keari"@tbf	
"eʼobu"@nrz	<https://panlex.org/snapshot/panlex-20191001-csv/114#8056585>				<https://panlex.org/snapshot/panlex-20191001-csv/114#8056697>		"bita"@tbf	
"ava"@nrz	<https://panlex.org/snapshot/panlex-20191001-csv/114#8057564>				<https://panlex.org/snapshot/panlex-20191001-csv/114#8057674>		"kurikurina"@tbf	
"ava"@nrz	<https://panlex.org/snapshot/panlex-20191001-csv/114#8057564>				<https://panlex.org/snapshot/panlex-20191001-csv/114#8057673>		"kurikuri-na"@tbf	
"olana"@nrz	<https://panlex.org/snapshot/panlex-20191001-csv/114#8063735>				<https://panlex.org/snapshot/panlex-20191001-csv/114#8063847>		"kova-na"@tbf	
"olana"@nrz	<https://panlex.org/snapshot/panlex-20191001-csv/114#8063735>				<https://panlex.org/snapshot/panlex-20191001-csv/114#8063848>		"mi kovana"@tbf	
"baena"@nrz	<https://panlex.org/snapshot/panlex-20191001-csv/114#8060652>				<https://panlex.org/snapshot/panlex-20191001-csv/114#8060774>		"mi susuna"@tbf	
"baena"@nrz	<https://panlex.org/snapshot/panlex-20191001-csv/114#8060652>				<https://panlex.org/snapshot/panlex-20191001-csv/114#8060775>		"susu-na"@tbf	
