"pedena"@nrz	<https://panlex.org/snapshot/panlex-20191001-csv/114#8060653>				<https://panlex.org/snapshot/panlex-20191001-csv/114#8060310>		"ʼsusu"@apx	
"akena"@nrz	<https://panlex.org/snapshot/panlex-20191001-csv/114#8060103>				<https://panlex.org/snapshot/panlex-20191001-csv/114#8059814>		"ʼrumaŋ"@apx	
"vina"@nrz	<https://panlex.org/snapshot/panlex-20191001-csv/114#8064810>				<https://panlex.org/snapshot/panlex-20191001-csv/114#8064501>		"ʼkuru"@apx	
"edada"@nrz	<https://panlex.org/snapshot/panlex-20191001-csv/114#8054045>				<https://panlex.org/snapshot/panlex-20191001-csv/114#8053699>		"ʼahak"@apx	
"ava"@nrz	<https://panlex.org/snapshot/panlex-20191001-csv/114#8057564>				<https://panlex.org/snapshot/panlex-20191001-csv/114#8057262>		"ʼilik"@apx	
"olana"@nrz	<https://panlex.org/snapshot/panlex-20191001-csv/114#8063735>				<https://panlex.org/snapshot/panlex-20191001-csv/114#8063411>		"kaʼʔatun"@apx	
"baena"@nrz	<https://panlex.org/snapshot/panlex-20191001-csv/114#8060652>				<https://panlex.org/snapshot/panlex-20191001-csv/114#8060310>		"ʼsusu"@apx	
