"astearte"@eu	<https://panlex.org/snapshot/panlex-20191001-csv/5945#84397768>				<https://panlex.org/snapshot/panlex-20191001-csv/5945#84397748>		"nihta atòkla"@akz	
"Jainko"@eu	<https://panlex.org/snapshot/panlex-20191001-csv/5945#84341516>				<https://panlex.org/snapshot/panlex-20191001-csv/5945#84341503>		"Abàalichókkòoli imililla íkso"@akz	
"apiril"@eu	<https://panlex.org/snapshot/panlex-20191001-csv/5945#84353094>				<https://panlex.org/snapshot/panlex-20191001-csv/5945#84353071>		"hasiholtina istonóostàaka"@akz	
"apiril"@eu	<https://panlex.org/snapshot/panlex-20191001-csv/5945#84353094>				<https://panlex.org/snapshot/panlex-20191001-csv/5945#84353070>		"Eyprilka"@akz	
"udazken"@eu	<https://panlex.org/snapshot/panlex-20191001-csv/5945#84356221>				<https://panlex.org/snapshot/panlex-20191001-csv/5945#84356216>		"kasatkataɬɬa"@akz	
"ostiral"@eu	<https://panlex.org/snapshot/panlex-20191001-csv/5945#84431504>				<https://panlex.org/snapshot/panlex-20191001-csv/5945#84431479>		"atáɬɬàapi"@akz	
"ostiral"@eu	<https://panlex.org/snapshot/panlex-20191001-csv/5945#84431504>				<https://panlex.org/snapshot/panlex-20191001-csv/5945#84431480>		"nihta istáɬɬàapi"@akz	
"igande"@eu	<https://panlex.org/snapshot/panlex-20191001-csv/5945#84374829>				<https://panlex.org/snapshot/panlex-20191001-csv/5945#84374804>		"nihtahollo"@akz	
"katu"@eu	<https://panlex.org/snapshot/panlex-20191001-csv/5945#84383885>				<https://panlex.org/snapshot/panlex-20191001-csv/5945#84383871>		"kowi"@akz	
"katu"@eu	<https://panlex.org/snapshot/panlex-20191001-csv/5945#84383885>				<https://panlex.org/snapshot/panlex-20191001-csv/5945#84383872>		"kati"@akz	
"astelehen"@eu	<https://panlex.org/snapshot/panlex-20191001-csv/5945#84395759>				<https://panlex.org/snapshot/panlex-20191001-csv/5945#84395743>		"nihtàllo inníhta"@akz	
"zuhaitz"@eu	<https://panlex.org/snapshot/panlex-20191001-csv/5945#84349942>				<https://panlex.org/snapshot/panlex-20191001-csv/5945#84349926>		"itto"@akz	
"zaldi"@eu	<https://panlex.org/snapshot/panlex-20191001-csv/5945#84363456>				<https://panlex.org/snapshot/panlex-20191001-csv/5945#84363439>		"chichoba"@akz	
"abendu"@eu	<https://panlex.org/snapshot/panlex-20191001-csv/5940#81278768>				<https://panlex.org/snapshot/panlex-20191001-csv/5940#81278745>		"hasiholtina istapókkòolawah tóklo"@akz	
"abendu"@eu	<https://panlex.org/snapshot/panlex-20191001-csv/5940#81278768>				<https://panlex.org/snapshot/panlex-20191001-csv/5940#81278746>		"hasiholtina istanóoka"@akz	
"abuztu"@eu	<https://panlex.org/snapshot/panlex-20191001-csv/5940#81277180>				<https://panlex.org/snapshot/panlex-20191001-csv/5940#81277152>		"Awkoska"@akz	
"abuztu"@eu	<https://panlex.org/snapshot/panlex-20191001-csv/5940#81277180>				<https://panlex.org/snapshot/panlex-20191001-csv/5940#81277151>		"hasiholtina istontótchìina"@akz	
"apiril"@eu	<https://panlex.org/snapshot/panlex-20191001-csv/5940#81276578>				<https://panlex.org/snapshot/panlex-20191001-csv/5940#81276557>		"hasiholtina istonóostàaka"@akz	
"apiril"@eu	<https://panlex.org/snapshot/panlex-20191001-csv/5940#81276578>				<https://panlex.org/snapshot/panlex-20191001-csv/5940#81276556>		"Eyprilka"@akz	
"sagar"@eu	<https://panlex.org/snapshot/panlex-20191001-csv/5939#80724024>				<https://panlex.org/snapshot/panlex-20191001-csv/5939#80724003>		"takkólchoba"@akz	
"ispilu"@eu	<https://panlex.org/snapshot/panlex-20191001-csv/5946#84446169>				<https://panlex.org/snapshot/panlex-20191001-csv/5946#84446107>		"aayanchahka"@akz	
"ispilu"@eu	<https://panlex.org/snapshot/panlex-20191001-csv/5946#84446169>				<https://panlex.org/snapshot/panlex-20191001-csv/5946#84446108>		"aayanchahka istililhicha"@akz	
"abuztu"@eu	<https://panlex.org/snapshot/panlex-20191001-csv/5949#85329326>				<https://panlex.org/snapshot/panlex-20191001-csv/5949#85329265>		"hasiholtina istontótchìina"@akz	
"abuztu"@eu	<https://panlex.org/snapshot/panlex-20191001-csv/5949#85329326>				<https://panlex.org/snapshot/panlex-20191001-csv/5949#85329266>		"Awkoska"@akz	
"astearte"@eu	<https://panlex.org/snapshot/panlex-20191001-csv/19#1021503>				<https://panlex.org/snapshot/panlex-20191001-csv/19#1021484>		"nihta atòkla"@akz	
"bat"@eu	<https://panlex.org/snapshot/panlex-20191001-csv/19#1028579>				<https://panlex.org/snapshot/panlex-20191001-csv/19#1028554>		"cháffàaka"@akz	
"ostiral"@eu	<https://panlex.org/snapshot/panlex-20191001-csv/19#1021701>				<https://panlex.org/snapshot/panlex-20191001-csv/19#1021677>		"atáɬɬàapi"@akz	
"ostiral"@eu	<https://panlex.org/snapshot/panlex-20191001-csv/19#1021701>				<https://panlex.org/snapshot/panlex-20191001-csv/19#1021678>		"nihta istáɬɬàapi"@akz	
"zazpi"@eu	<https://panlex.org/snapshot/panlex-20191001-csv/19#1029944>				<https://panlex.org/snapshot/panlex-20191001-csv/19#1029926>		"ontòklo"@akz	
"sagar"@eu	<https://panlex.org/snapshot/panlex-20191001-csv/9#476418>				<https://panlex.org/snapshot/panlex-20191001-csv/9#476399>		"takkólchoba"@akz	
"ostegun"@eu	<https://panlex.org/snapshot/panlex-20191001-csv/12#857670>				<https://panlex.org/snapshot/panlex-20191001-csv/12#857647>		"nihta istonóstàaka"@akz	
"ostegun"@eu	<https://panlex.org/snapshot/panlex-20191001-csv/12#857670>				<https://panlex.org/snapshot/panlex-20191001-csv/12#857646>		"istonóstàaka"@akz	
"ostiral"@eu	<https://panlex.org/snapshot/panlex-20191001-csv/12#857309>				<https://panlex.org/snapshot/panlex-20191001-csv/12#857285>		"nihta istáɬɬàapi"@akz	
"ostiral"@eu	<https://panlex.org/snapshot/panlex-20191001-csv/12#857309>				<https://panlex.org/snapshot/panlex-20191001-csv/12#857284>		"atáɬɬàapi"@akz	
"bake"@eu	<https://panlex.org/snapshot/panlex-20191001-csv/2902#111011970>				<https://panlex.org/snapshot/panlex-20191001-csv/2902#111012090>		"ittimokla"@akz	
"apiril"@eu	<https://panlex.org/snapshot/panlex-20191001-csv/8#96241>				<https://panlex.org/snapshot/panlex-20191001-csv/8#96215>		"hasiholtina istonóostàaka"@akz	
"apiril"@eu	<https://panlex.org/snapshot/panlex-20191001-csv/8#96241>				<https://panlex.org/snapshot/panlex-20191001-csv/8#96214>		"Eyprilka"@akz	
"maiatz"@eu	<https://panlex.org/snapshot/panlex-20191001-csv/8#431337>				<https://panlex.org/snapshot/panlex-20191001-csv/8#431306>		"hasiholtina istatáɬɬàapi"@akz	
"maiatz"@eu	<https://panlex.org/snapshot/panlex-20191001-csv/8#431337>				<https://panlex.org/snapshot/panlex-20191001-csv/8#431307>		"Meyka"@akz	
"abuztu"@eu	<https://panlex.org/snapshot/panlex-20191001-csv/8#429119>				<https://panlex.org/snapshot/panlex-20191001-csv/8#429093>		"hasiholtina istontótchìina"@akz	
"abuztu"@eu	<https://panlex.org/snapshot/panlex-20191001-csv/8#429119>				<https://panlex.org/snapshot/panlex-20191001-csv/8#429092>		"Awkoska"@akz	
"maiatz"@eu	<https://panlex.org/snapshot/panlex-20191001-csv/3776#91701613>				<https://panlex.org/snapshot/panlex-20191001-csv/3776#91701582>		"hasiholtina istatáɬɬàapi"@akz	
"maiatz"@eu	<https://panlex.org/snapshot/panlex-20191001-csv/3776#91701613>				<https://panlex.org/snapshot/panlex-20191001-csv/3776#91701583>		"Meyka"@akz	
"matematika"@eu	<https://panlex.org/snapshot/panlex-20191001-csv/3776#91749930>				<https://panlex.org/snapshot/panlex-20191001-csv/3776#91749886>		"holtina"@akz	
"ISO 639"@eu	<https://panlex.org/snapshot/panlex-20191001-csv/3776#91881332>				<https://panlex.org/snapshot/panlex-20191001-csv/3776#91881299>		"ISO 639"@akz	
"otsail"@eu	<https://panlex.org/snapshot/panlex-20191001-csv/3776#91701456>				<https://panlex.org/snapshot/panlex-20191001-csv/3776#91701421>		"hasiholtina istatókla"@akz	
"martxo"@eu	<https://panlex.org/snapshot/panlex-20191001-csv/13#949895>				<https://panlex.org/snapshot/panlex-20191001-csv/13#949866>		"hasiholtina istatótchìina"@akz	
"martxo"@eu	<https://panlex.org/snapshot/panlex-20191001-csv/13#949895>				<https://panlex.org/snapshot/panlex-20191001-csv/13#949867>		"Màchka"@akz	
"igandea"@eu	<https://panlex.org/snapshot/panlex-20191001-csv/2892#110826658>				<https://panlex.org/snapshot/panlex-20191001-csv/2892#110826958>		"nihtahollo"@akz	
"igandea"@eu	<https://panlex.org/snapshot/panlex-20191001-csv/2892#110826658>				<https://panlex.org/snapshot/panlex-20191001-csv/2892#110826939>		"nihta istontòklo"@akz	
"ostirala"@eu	<https://panlex.org/snapshot/panlex-20191001-csv/2892#110825792>				<https://panlex.org/snapshot/panlex-20191001-csv/2892#110826089>		"nihta istáɬɬàapi"@akz	
"ostirala"@eu	<https://panlex.org/snapshot/panlex-20191001-csv/2892#110825792>				<https://panlex.org/snapshot/panlex-20191001-csv/2892#110825907>		"atáɬɬàapi"@akz	
"larunbata"@eu	<https://panlex.org/snapshot/panlex-20191001-csv/2892#110826329>				<https://panlex.org/snapshot/panlex-20191001-csv/2892#110826355>		"nihtahollosi"@akz	
"asteartea"@eu	<https://panlex.org/snapshot/panlex-20191001-csv/2892#110824612>				<https://panlex.org/snapshot/panlex-20191001-csv/2892#110824835>		"nihta atòkla"@akz	
"asteartea"@eu	<https://panlex.org/snapshot/panlex-20191001-csv/2892#110824612>				<https://panlex.org/snapshot/panlex-20191001-csv/2892#110824773>		"nihtastatòkla"@akz	
"astelehena"@eu	<https://panlex.org/snapshot/panlex-20191001-csv/2892#110824077>				<https://panlex.org/snapshot/panlex-20191001-csv/2892#110824228>		"nihta aɬɬámmòona"@akz	
"astelehena"@eu	<https://panlex.org/snapshot/panlex-20191001-csv/2892#110824077>				<https://panlex.org/snapshot/panlex-20191001-csv/2892#110824029>		"nihtàllo inníhta"@akz	
"asteazkena"@eu	<https://panlex.org/snapshot/panlex-20191001-csv/2892#110825179>				<https://panlex.org/snapshot/panlex-20191001-csv/2892#110825119>		"nihta atótchìina"@akz	
"asteazkena"@eu	<https://panlex.org/snapshot/panlex-20191001-csv/2892#110825179>				<https://panlex.org/snapshot/panlex-20191001-csv/2892#110824867>		"nihtastatótchìina"@akz	
"asteazkena"@eu	<https://panlex.org/snapshot/panlex-20191001-csv/2892#110825179>				<https://panlex.org/snapshot/panlex-20191001-csv/2892#110824875>		"atótchìina"@akz	
"osteguna"@eu	<https://panlex.org/snapshot/panlex-20191001-csv/2892#110825395>				<https://panlex.org/snapshot/panlex-20191001-csv/2892#110825428>		"nihta istóstàaka"@akz	
"osteguna"@eu	<https://panlex.org/snapshot/panlex-20191001-csv/2892#110825395>				<https://panlex.org/snapshot/panlex-20191001-csv/2892#110825519>		"nihta onóstàaka"@akz	
"osteguna"@eu	<https://panlex.org/snapshot/panlex-20191001-csv/2892#110825395>				<https://panlex.org/snapshot/panlex-20191001-csv/2892#110825665>		"istonóstàaka"@akz	
"ekaina"@eu	<https://panlex.org/snapshot/panlex-20191001-csv/2897#110829180>				<https://panlex.org/snapshot/panlex-20191001-csv/2897#110829148>		"hasiholtina istahánnàali"@akz	
"maiatza"@eu	<https://panlex.org/snapshot/panlex-20191001-csv/2897#110829035>				<https://panlex.org/snapshot/panlex-20191001-csv/2897#110828986>		"hasiholtina istatáɬɬàapi"@akz	
"maiatza"@eu	<https://panlex.org/snapshot/panlex-20191001-csv/2897#110829035>				<https://panlex.org/snapshot/panlex-20191001-csv/2897#110828820>		"Meyka"@akz	
"urtarrila"@eu	<https://panlex.org/snapshot/panlex-20191001-csv/2897#110827408>				<https://panlex.org/snapshot/panlex-20191001-csv/2897#110827332>		"hasi cháffàaka"@akz	
"urtarrila"@eu	<https://panlex.org/snapshot/panlex-20191001-csv/2897#110827408>				<https://panlex.org/snapshot/panlex-20191001-csv/2897#110827047>		"hasi hachàalímmòona hasiholtina aɬɬámmòona"@akz	
"urtarrila"@eu	<https://panlex.org/snapshot/panlex-20191001-csv/2897#110827408>				<https://panlex.org/snapshot/panlex-20191001-csv/2897#110827204>		"hasiholtina hachàalímmòona"@akz	
"iraila"@eu	<https://panlex.org/snapshot/panlex-20191001-csv/2897#110830390>				<https://panlex.org/snapshot/panlex-20191001-csv/2897#110830609>		"hasiholtina istachákkàali"@akz	
"martxoa"@eu	<https://panlex.org/snapshot/panlex-20191001-csv/2897#110828218>				<https://panlex.org/snapshot/panlex-20191001-csv/2897#110827925>		"Màchka"@akz	
"martxoa"@eu	<https://panlex.org/snapshot/panlex-20191001-csv/2897#110828218>				<https://panlex.org/snapshot/panlex-20191001-csv/2897#110828105>		"hasiholtina istatótchìina"@akz	
"apirila"@eu	<https://panlex.org/snapshot/panlex-20191001-csv/2897#110828507>				<https://panlex.org/snapshot/panlex-20191001-csv/2897#110828407>		"hasiholtina istonóostàaka"@akz	
"apirila"@eu	<https://panlex.org/snapshot/panlex-20191001-csv/2897#110828507>				<https://panlex.org/snapshot/panlex-20191001-csv/2897#110828279>		"Eyprilka"@akz	
"abuztua"@eu	<https://panlex.org/snapshot/panlex-20191001-csv/2897#110829925>				<https://panlex.org/snapshot/panlex-20191001-csv/2897#110830060>		"Awkoska"@akz	
"abuztua"@eu	<https://panlex.org/snapshot/panlex-20191001-csv/2897#110829925>				<https://panlex.org/snapshot/panlex-20191001-csv/2897#110829970>		"hasiholtina istontótchìina"@akz	
"azaroa"@eu	<https://panlex.org/snapshot/panlex-20191001-csv/2897#110831531>				<https://panlex.org/snapshot/panlex-20191001-csv/2897#110831501>		"hasiholtina istapókkòolawah cháffàaka"@akz	
"otsaila"@eu	<https://panlex.org/snapshot/panlex-20191001-csv/2897#110827805>				<https://panlex.org/snapshot/panlex-20191001-csv/2897#110827585>		"hasiholtina istatókla"@akz	
"otsaila"@eu	<https://panlex.org/snapshot/panlex-20191001-csv/2897#110827805>				<https://panlex.org/snapshot/panlex-20191001-csv/2897#110827742>		"Febwiiri"@akz	
"urria"@eu	<https://panlex.org/snapshot/panlex-20191001-csv/2897#110830759>				<https://panlex.org/snapshot/panlex-20191001-csv/2897#110830800>		"hasiholtina ispókkòoli"@akz	
"uztaila"@eu	<https://panlex.org/snapshot/panlex-20191001-csv/2897#110829630>				<https://panlex.org/snapshot/panlex-20191001-csv/2897#110829753>		"hasiholtina istontóklo"@akz	
"abendua"@eu	<https://panlex.org/snapshot/panlex-20191001-csv/2897#110831601>				<https://panlex.org/snapshot/panlex-20191001-csv/2897#110831739>		"hasiholtina istapókkòolawah tóklo"@akz	
"abendua"@eu	<https://panlex.org/snapshot/panlex-20191001-csv/2897#110831601>				<https://panlex.org/snapshot/panlex-20191001-csv/2897#110831794>		"hasiholtina istanóoka"@akz	
