"tekhung"@sge	<https://panlex.org/snapshot/panlex-20191001-csv/114#8063792>				<https://panlex.org/snapshot/panlex-20191001-csv/114#8063512>		"kapo"@eo	
"maè ʼèng"@sge	<https://panlex.org/snapshot/panlex-20191001-csv/114#8058129>				<https://panlex.org/snapshot/panlex-20191001-csv/114#8057860>		"dorso"@eo	
"awow"@sge	<https://panlex.org/snapshot/panlex-20191001-csv/114#8057127>				<https://panlex.org/snapshot/panlex-20191001-csv/114#8056870>		"polvo"@eo	
"kelah"@sge	<https://panlex.org/snapshot/panlex-20191001-csv/114#8067979>				<https://panlex.org/snapshot/panlex-20191001-csv/114#8067706>		"lango"@eo	
"naw"@sge	<https://panlex.org/snapshot/panlex-20191001-csv/114#8054111>				<https://panlex.org/snapshot/panlex-20191001-csv/114#8053799>		"marŝi"@eo	
"nebuʼ"@sge	<https://panlex.org/snapshot/panlex-20191001-csv/114#8066375>				<https://panlex.org/snapshot/panlex-20191001-csv/114#8066104>		"flari"@eo	
"gulan"@sge	<https://panlex.org/snapshot/panlex-20191001-csv/114#8054625>				<https://panlex.org/snapshot/panlex-20191001-csv/114#8054371>		"vojo"@eo	
