"legéy"@bnq	<https://panlex.org/snapshot/panlex-20191001-csv/114#8068176>				<https://panlex.org/snapshot/panlex-20191001-csv/114#8068284>		"maʼqamang"@itb	
"kuihi"@bnq	<https://panlex.org/snapshot/panlex-20191001-csv/114#8052235>				<https://panlex.org/snapshot/panlex-20191001-csv/114#8052322>		"kattiʼgit"@itb	
"dila"@bnq	<https://panlex.org/snapshot/panlex-20191001-csv/114#8067660>				<https://panlex.org/snapshot/panlex-20191001-csv/114#8067755>		"ʼdila"@itb	
"baw"@bnq	<https://panlex.org/snapshot/panlex-20191001-csv/114#8066062>				<https://panlex.org/snapshot/panlex-20191001-csv/114#8066151>		"masʼqɨp (sɨʼqɨp)"@itb	
"tiloʔ"@bnq	<https://panlex.org/snapshot/panlex-20191001-csv/114#8053168>				<https://panlex.org/snapshot/panlex-20191001-csv/114#8053279>		"ʼsaka"@itb	
"suledo"@bnq	<https://panlex.org/snapshot/panlex-20191001-csv/114#8056331>				<https://panlex.org/snapshot/panlex-20191001-csv/114#8056421>		"naʼqisaw"@itb	
"eheʔ"@bnq	<https://panlex.org/snapshot/panlex-20191001-csv/114#8064002>				<https://panlex.org/snapshot/panlex-20191001-csv/114#8064110>		"ʼliyɨg"@itb	
"Lrumampang"@bnq	<https://panlex.org/snapshot/panlex-20191001-csv/114#8053740>				<https://panlex.org/snapshot/panlex-20191001-csv/114#8053857>		"maʼnan"@itb	
"kaháʔ"@bnq	<https://panlex.org/snapshot/panlex-20191001-csv/114#8068707>				<https://panlex.org/snapshot/panlex-20191001-csv/114#8068815>		"magʼsangit"@itb	
"atey"@bnq	<https://panlex.org/snapshot/panlex-20191001-csv/114#8059852>				<https://panlex.org/snapshot/panlex-20191001-csv/114#8059943>		"qagʼtɨy"@itb	
"tilro"@bnq	<https://panlex.org/snapshot/panlex-20191001-csv/114#8053169>				<https://panlex.org/snapshot/panlex-20191001-csv/114#8053279>		"ʼsaka"@itb	
