"ake"@bnq	<https://panlex.org/snapshot/panlex-20191001-csv/12#850857>				<https://panlex.org/snapshot/panlex-20191001-csv/12#851052>		"oē"@mnb	
"legéy"@bnq	<https://panlex.org/snapshot/panlex-20191001-csv/114#8068176>				<https://panlex.org/snapshot/panlex-20191001-csv/114#8068403>		"afu|taa"@mnb	
"legéy"@bnq	<https://panlex.org/snapshot/panlex-20191001-csv/114#8068176>				<https://panlex.org/snapshot/panlex-20191001-csv/114#8068404>		"fo|ta"@mnb	
"kuihi"@bnq	<https://panlex.org/snapshot/panlex-20191001-csv/114#8052235>				<https://panlex.org/snapshot/panlex-20191001-csv/114#8052428>		"kema"@mnb	
"dila"@bnq	<https://panlex.org/snapshot/panlex-20191001-csv/114#8067660>				<https://panlex.org/snapshot/panlex-20191001-csv/114#8067874>		"lela"@mnb	
"baw"@bnq	<https://panlex.org/snapshot/panlex-20191001-csv/114#8066062>				<https://panlex.org/snapshot/panlex-20191001-csv/114#8066270>		"aefewono"@mnb	
"baw"@bnq	<https://panlex.org/snapshot/panlex-20191001-csv/114#8066062>				<https://panlex.org/snapshot/panlex-20191001-csv/114#8066271>		"nofowono"@mnb	
"tiloʔ"@bnq	<https://panlex.org/snapshot/panlex-20191001-csv/114#8053168>				<https://panlex.org/snapshot/panlex-20191001-csv/114#8053407>		"ghaghe"@mnb	
"suledo"@bnq	<https://panlex.org/snapshot/panlex-20191001-csv/114#8056331>				<https://panlex.org/snapshot/panlex-20191001-csv/114#8056537>		"noraku"@mnb	
"eheʔ"@bnq	<https://panlex.org/snapshot/panlex-20191001-csv/114#8064002>				<https://panlex.org/snapshot/panlex-20191001-csv/114#8064225>		"wughu"@mnb	
"sindaʔ"@bnq	<https://panlex.org/snapshot/panlex-20191001-csv/114#8065620>				<https://panlex.org/snapshot/panlex-20191001-csv/114#8065798>		"afenei"@mnb	
"sindaʔ"@bnq	<https://panlex.org/snapshot/panlex-20191001-csv/114#8065620>				<https://panlex.org/snapshot/panlex-20191001-csv/114#8065799>		"nofenei"@mnb	
"Lrumampang"@bnq	<https://panlex.org/snapshot/panlex-20191001-csv/114#8053740>				<https://panlex.org/snapshot/panlex-20191001-csv/114#8053992>		"no|kala"@mnb	
"Lrumampang"@bnq	<https://panlex.org/snapshot/panlex-20191001-csv/114#8053740>				<https://panlex.org/snapshot/panlex-20191001-csv/114#8053991>		"akala"@mnb	
"atey"@bnq	<https://panlex.org/snapshot/panlex-20191001-csv/114#8059852>				<https://panlex.org/snapshot/panlex-20191001-csv/114#8060057>		"ghete"@mnb	
"atey"@bnq	<https://panlex.org/snapshot/panlex-20191001-csv/114#8059852>				<https://panlex.org/snapshot/panlex-20191001-csv/114#8060056>		"ghate"@mnb	
"tilro"@bnq	<https://panlex.org/snapshot/panlex-20191001-csv/114#8053169>				<https://panlex.org/snapshot/panlex-20191001-csv/114#8053407>		"ghaghe"@mnb	
"mamikihi"@bnq	<https://panlex.org/snapshot/panlex-20191001-csv/114#8061961>				<https://panlex.org/snapshot/panlex-20191001-csv/114#8062147>		"fekiri"@mnb	
"mamikihi"@bnq	<https://panlex.org/snapshot/panlex-20191001-csv/114#8061961>				<https://panlex.org/snapshot/panlex-20191001-csv/114#8062146>		"aefekiri"@mnb	
