"mataku"@aud	<https://panlex.org/snapshot/panlex-20191001-csv/114#8062391>				<https://panlex.org/snapshot/panlex-20191001-csv/114#8062621>		"qandɨk"@mbi	
"ui"@aud	<https://panlex.org/snapshot/panlex-20191001-csv/114#8058854>				<https://panlex.org/snapshot/panlex-20191001-csv/114#8059069>		"tulan"@mbi	
"ua"@aud	<https://panlex.org/snapshot/panlex-20191001-csv/114#8063971>				<https://panlex.org/snapshot/panlex-20191001-csv/114#8064201>		"liqɨg"@mbi	
"kakau"@aud	<https://panlex.org/snapshot/panlex-20191001-csv/114#8055774>				<https://panlex.org/snapshot/panlex-20191001-csv/114#8055997>		"pɨmaras"@mbi	
"vae"@aud	<https://panlex.org/snapshot/panlex-20191001-csv/114#8053135>				<https://panlex.org/snapshot/panlex-20191001-csv/114#8053381>		"paqa"@mbi	
"iu"@aud	<https://panlex.org/snapshot/panlex-20191001-csv/114#8065059>				<https://panlex.org/snapshot/panlex-20191001-csv/114#8065293>		"qirung"@mbi	
"uu"@aud	<https://panlex.org/snapshot/panlex-20191001-csv/114#8060318>				<https://panlex.org/snapshot/panlex-20191001-csv/114#8060575>		"susu"@mbi	
"uu"@aud	<https://panlex.org/snapshot/panlex-20191001-csv/114#8060318>				<https://panlex.org/snapshot/panlex-20191001-csv/114#8060574>		"kuming"@mbi	
