"कान्नडि"@kok	<https://panlex.org/snapshot/panlex-20191001-csv/5946#84446231>				<https://panlex.org/snapshot/panlex-20191001-csv/5946#84446195>		"מַרְאָה"@he	
"ओगस्ट"@kok	<https://panlex.org/snapshot/panlex-20191001-csv/5949#85329402>				<https://panlex.org/snapshot/panlex-20191001-csv/5949#85329360>		"אוגוסט"@he	
"ओगस्ट"@kok	<https://panlex.org/snapshot/panlex-20191001-csv/5949#85329402>				<https://panlex.org/snapshot/panlex-20191001-csv/5949#85329359>		"אבגוסט"@he	
"मलागसी"@kok	<https://panlex.org/snapshot/panlex-20191001-csv/400#13354745>				<https://panlex.org/snapshot/panlex-20191001-csv/400#13354737>		"מלגשית"@he	
"फ्रेन्च"@kok	<https://panlex.org/snapshot/panlex-20191001-csv/400#13347813>				<https://panlex.org/snapshot/panlex-20191001-csv/400#13347794>		"צרפתית"@he	
"तुर्किष"@kok	<https://panlex.org/snapshot/panlex-20191001-csv/400#13363619>				<https://panlex.org/snapshot/panlex-20191001-csv/400#13363601>		"טורקית"@he	
"गौरानी"@kok	<https://panlex.org/snapshot/panlex-20191001-csv/400#13348843>				<https://panlex.org/snapshot/panlex-20191001-csv/400#13348825>		"גוארני"@he	
"सुंदनीस"@kok	<https://panlex.org/snapshot/panlex-20191001-csv/400#13361992>				<https://panlex.org/snapshot/panlex-20191001-csv/400#13361975>		"סודנית"@he	
"तटार"@kok	<https://panlex.org/snapshot/panlex-20191001-csv/400#13363773>				<https://panlex.org/snapshot/panlex-20191001-csv/400#13363765>		"טטרית"@he	
"लाट्वियन् (लेट्टिष्)"@kok	<https://panlex.org/snapshot/panlex-20191001-csv/400#13354315>				<https://panlex.org/snapshot/panlex-20191001-csv/400#13354297>		"לטבית"@he	
"सेर्बियन्"@kok	<https://panlex.org/snapshot/panlex-20191001-csv/400#13361660>				<https://panlex.org/snapshot/panlex-20191001-csv/400#13361642>		"סרבית"@he	
"उधूर"@kok	<https://panlex.org/snapshot/panlex-20191001-csv/400#13364200>				<https://panlex.org/snapshot/panlex-20191001-csv/400#13364185>		"אויגהור"@he	
"वेळ्ष्"@kok	<https://panlex.org/snapshot/panlex-20191001-csv/400#13345067>				<https://panlex.org/snapshot/panlex-20191001-csv/400#13345050>		"וולשית"@he	
"सिन्हलीस्"@kok	<https://panlex.org/snapshot/panlex-20191001-csv/400#13360640>				<https://panlex.org/snapshot/panlex-20191001-csv/400#13360622>		"סינהלה"@he	
"इन्टरलिंग्"@kok	<https://panlex.org/snapshot/panlex-20191001-csv/400#13350567>				<https://panlex.org/snapshot/panlex-20191001-csv/400#13350552>		"אינטרלינגואה"@he	
"हौसा"@kok	<https://panlex.org/snapshot/panlex-20191001-csv/400#13349370>				<https://panlex.org/snapshot/panlex-20191001-csv/400#13349363>		"האוסה"@he	
"फ्रिशियन्"@kok	<https://panlex.org/snapshot/panlex-20191001-csv/400#13348184>				<https://panlex.org/snapshot/panlex-20191001-csv/400#13348168>		"פריזית"@he	
"जर्मन"@kok	<https://panlex.org/snapshot/panlex-20191001-csv/400#13345381>				<https://panlex.org/snapshot/panlex-20191001-csv/400#13345362>		"גרמנית"@he	
"डानिष"@kok	<https://panlex.org/snapshot/panlex-20191001-csv/400#13345164>				<https://panlex.org/snapshot/panlex-20191001-csv/400#13345146>		"דנית"@he	
"इद्दिष्"@kok	<https://panlex.org/snapshot/panlex-20191001-csv/400#13365423>				<https://panlex.org/snapshot/panlex-20191001-csv/400#13365405>		"יידיש"@he	
"स्पानिष"@kok	<https://panlex.org/snapshot/panlex-20191001-csv/400#13346760>				<https://panlex.org/snapshot/panlex-20191001-csv/400#13346741>		"ספרדית"@he	
"मालतीस्"@kok	<https://panlex.org/snapshot/panlex-20191001-csv/400#13355812>				<https://panlex.org/snapshot/panlex-20191001-csv/400#13355795>		"מלטזית"@he	
"बैलोरुसियन्"@kok	<https://panlex.org/snapshot/panlex-20191001-csv/400#13342443>				<https://panlex.org/snapshot/panlex-20191001-csv/400#13342425>		"בלארוסית"@he	
"आंग्ल"@kok	<https://panlex.org/snapshot/panlex-20191001-csv/400#13346325>				<https://panlex.org/snapshot/panlex-20191001-csv/400#13346305>		"אנגלית"@he	
"अरेबिक्"@kok	<https://panlex.org/snapshot/panlex-20191001-csv/400#13341411>				<https://panlex.org/snapshot/panlex-20191001-csv/400#13341392>		"ערבית"@he	
"अफार"@kok	<https://panlex.org/snapshot/panlex-20191001-csv/400#13340405>				<https://panlex.org/snapshot/panlex-20191001-csv/400#13340397>		"אתיופית"@he	
"यूरुबा"@kok	<https://panlex.org/snapshot/panlex-20191001-csv/400#13365491>				<https://panlex.org/snapshot/panlex-20191001-csv/400#13365483>		"יורובה"@he	
"संस्कृत"@kok	<https://panlex.org/snapshot/panlex-20191001-csv/400#13359707>				<https://panlex.org/snapshot/panlex-20191001-csv/400#13359690>		"סנסקריט"@he	
"सेर्बो-क्रोयेषियन्"@kok	<https://panlex.org/snapshot/panlex-20191001-csv/400#13360515>				<https://panlex.org/snapshot/panlex-20191001-csv/400#13360497>		"סרבו-קרואטית"@he	
"हेब्रु"@kok	<https://panlex.org/snapshot/panlex-20191001-csv/400#13349526>				<https://panlex.org/snapshot/panlex-20191001-csv/400#13349508>		"עברית"@he	
"उज़बेक"@kok	<https://panlex.org/snapshot/panlex-20191001-csv/400#13364623>				<https://panlex.org/snapshot/panlex-20191001-csv/400#13364605>		"אוזבקית"@he	
"बीहारी"@kok	<https://panlex.org/snapshot/panlex-20191001-csv/400#13342751>				<https://panlex.org/snapshot/panlex-20191001-csv/400#13342733>		"ביהארי"@he	
"इस्टोनियन्"@kok	<https://panlex.org/snapshot/panlex-20191001-csv/400#13346949>				<https://panlex.org/snapshot/panlex-20191001-csv/400#13346931>		"אסטונית"@he	
"तिग्रिन्या"@kok	<https://panlex.org/snapshot/panlex-20191001-csv/400#13362942>				<https://panlex.org/snapshot/panlex-20191001-csv/400#13362926>		"טיגרינאית"@he	
"उलोफ़"@kok	<https://panlex.org/snapshot/panlex-20191001-csv/400#13365152>				<https://panlex.org/snapshot/panlex-20191001-csv/400#13365144>		"ג׳ולוף"@he	
"मराठी"@kok	<https://panlex.org/snapshot/panlex-20191001-csv/400#13355621>				<https://panlex.org/snapshot/panlex-20191001-csv/400#13355604>		"מארתית"@he	
"बंगाली"@kok	<https://panlex.org/snapshot/panlex-20191001-csv/400#13343070>				<https://panlex.org/snapshot/panlex-20191001-csv/400#13343053>		"בנגלית"@he	
"कज़ख्"@kok	<https://panlex.org/snapshot/panlex-20191001-csv/400#13352301>				<https://panlex.org/snapshot/panlex-20191001-csv/400#13352290>		"קזחית"@he	
"तगालोग"@kok	<https://panlex.org/snapshot/panlex-20191001-csv/400#13363215>				<https://panlex.org/snapshot/panlex-20191001-csv/400#13363207>		"טגלוג"@he	
"कंबोडियन"@kok	<https://panlex.org/snapshot/panlex-20191001-csv/400#13352428>				<https://panlex.org/snapshot/panlex-20191001-csv/400#13352411>		"קמרית"@he	
"अबखेज़ियन"@kok	<https://panlex.org/snapshot/panlex-20191001-csv/400#13340457>				<https://panlex.org/snapshot/panlex-20191001-csv/400#13340449>		"אבחזית"@he	
"ओसिटान्"@kok	<https://panlex.org/snapshot/panlex-20191001-csv/400#13357590>				<https://panlex.org/snapshot/panlex-20191001-csv/400#13357572>		"אוקסיטנית"@he	
"स्काटस् गेलिक्"@kok	<https://panlex.org/snapshot/panlex-20191001-csv/400#13348490>				<https://panlex.org/snapshot/panlex-20191001-csv/400#13348473>		"סקוטית גאלית"@he	
"कन्नडा"@kok	<https://panlex.org/snapshot/panlex-20191001-csv/400#13352553>				<https://panlex.org/snapshot/panlex-20191001-csv/400#13352536>		"קאנאדה"@he	
"कुर्दिष"@kok	<https://panlex.org/snapshot/panlex-20191001-csv/400#13353077>				<https://panlex.org/snapshot/panlex-20191001-csv/400#13353058>		"כורדית"@he	
"बर्मीज़्"@kok	<https://panlex.org/snapshot/panlex-20191001-csv/400#13356074>				<https://panlex.org/snapshot/panlex-20191001-csv/400#13356066>		"בורמזית"@he	
"स्लोवेनियन्"@kok	<https://panlex.org/snapshot/panlex-20191001-csv/400#13360946>				<https://panlex.org/snapshot/panlex-20191001-csv/400#13360928>		"סלובנית"@he	
"अमहारिक्"@kok	<https://panlex.org/snapshot/panlex-20191001-csv/400#13341137>				<https://panlex.org/snapshot/panlex-20191001-csv/400#13341121>		"אמהרית"@he	
"पोर्चुगीज़्"@kok	<https://panlex.org/snapshot/panlex-20191001-csv/400#13358794>				<https://panlex.org/snapshot/panlex-20191001-csv/400#13358775>		"פורטוגזית"@he	
"युक्रेनियन्"@kok	<https://panlex.org/snapshot/panlex-20191001-csv/400#13364328>				<https://panlex.org/snapshot/panlex-20191001-csv/400#13364310>		"אוקראינית"@he	
"ओरिया"@kok	<https://panlex.org/snapshot/panlex-20191001-csv/400#13357769>				<https://panlex.org/snapshot/panlex-20191001-csv/400#13357751>		"אוריה"@he	
"वियत्नामीज़"@kok	<https://panlex.org/snapshot/panlex-20191001-csv/400#13364791>				<https://panlex.org/snapshot/panlex-20191001-csv/400#13364773>		"ויאטנמית"@he	
"किन्यार्वान्डा"@kok	<https://panlex.org/snapshot/panlex-20191001-csv/400#13359636>				<https://panlex.org/snapshot/panlex-20191001-csv/400#13359629>		"קיניהרואנדה"@he	
"रोमानियन्"@kok	<https://panlex.org/snapshot/panlex-20191001-csv/400#13359304>				<https://panlex.org/snapshot/panlex-20191001-csv/400#13359286>		"רומנית"@he	
"गुजराती"@kok	<https://panlex.org/snapshot/panlex-20191001-csv/400#13349221>				<https://panlex.org/snapshot/panlex-20191001-csv/400#13349203>		"גוג׳ראטית"@he	
"गेलीशियन"@kok	<https://panlex.org/snapshot/panlex-20191001-csv/400#13348710>				<https://panlex.org/snapshot/panlex-20191001-csv/400#13348693>		"גליציאנית"@he	
"लिंगाला"@kok	<https://panlex.org/snapshot/panlex-20191001-csv/400#13353766>				<https://panlex.org/snapshot/panlex-20191001-csv/400#13353748>		"לינגאלה"@he	
"इस्परान्टो"@kok	<https://panlex.org/snapshot/panlex-20191001-csv/400#13346659>				<https://panlex.org/snapshot/panlex-20191001-csv/400#13346641>		"אספרנטו"@he	
"मळियाळम"@kok	<https://panlex.org/snapshot/panlex-20191001-csv/400#13355196>				<https://panlex.org/snapshot/panlex-20191001-csv/400#13355179>		"מלאיאלם"@he	
"लाटिन"@kok	<https://panlex.org/snapshot/panlex-20191001-csv/400#13353408>				<https://panlex.org/snapshot/panlex-20191001-csv/400#13353390>		"לטינית"@he	
"डच्"@kok	<https://panlex.org/snapshot/panlex-20191001-csv/400#13356793>				<https://panlex.org/snapshot/panlex-20191001-csv/400#13356775>		"הולנדית"@he	
"नौरो"@kok	<https://panlex.org/snapshot/panlex-20191001-csv/400#13356205>				<https://panlex.org/snapshot/panlex-20191001-csv/400#13356198>		"נאורית"@he	
"रष्यन्"@kok	<https://panlex.org/snapshot/panlex-20191001-csv/400#13359519>				<https://panlex.org/snapshot/panlex-20191001-csv/400#13359500>		"רוסית"@he	
"ऐरिष"@kok	<https://panlex.org/snapshot/panlex-20191001-csv/400#13348284>				<https://panlex.org/snapshot/panlex-20191001-csv/400#13348266>		"אירית"@he	
"तेलुगू"@kok	<https://panlex.org/snapshot/panlex-20191001-csv/400#13362597>				<https://panlex.org/snapshot/panlex-20191001-csv/400#13362580>		"טלוגו"@he	
"पोलिष"@kok	<https://panlex.org/snapshot/panlex-20191001-csv/400#13358485>				<https://panlex.org/snapshot/panlex-20191001-csv/400#13358467>		"פולנית"@he	
"लिथुआनियन्"@kok	<https://panlex.org/snapshot/panlex-20191001-csv/400#13354013>				<https://panlex.org/snapshot/panlex-20191001-csv/400#13353995>		"ליטאית"@he	
"तिबेतियन"@kok	<https://panlex.org/snapshot/panlex-20191001-csv/400#13343195>				<https://panlex.org/snapshot/panlex-20191001-csv/400#13343185>		"טיבטית"@he	
"ग्रीक्"@kok	<https://panlex.org/snapshot/panlex-20191001-csv/400#13346182>				<https://panlex.org/snapshot/panlex-20191001-csv/400#13346164>		"יוונית"@he	
"हिन्दी"@kok	<https://panlex.org/snapshot/panlex-20191001-csv/400#13349628>				<https://panlex.org/snapshot/panlex-20191001-csv/400#13349610>		"הינדית"@he	
"सेसोथो"@kok	<https://panlex.org/snapshot/panlex-20191001-csv/400#13361903>				<https://panlex.org/snapshot/panlex-20191001-csv/400#13361885>		"ססות׳ו"@he	
"ज़ेक्"@kok	<https://panlex.org/snapshot/panlex-20191001-csv/400#13344809>				<https://panlex.org/snapshot/panlex-20191001-csv/400#13344791>		"צ׳כית"@he	
"अफ्रिकान्स"@kok	<https://panlex.org/snapshot/panlex-20191001-csv/400#13340724>				<https://panlex.org/snapshot/panlex-20191001-csv/400#13340706>		"אפריקאנס"@he	
"लाओतियन्"@kok	<https://panlex.org/snapshot/panlex-20191001-csv/400#13353854>				<https://panlex.org/snapshot/panlex-20191001-csv/400#13353837>		"לאו"@he	
"इन्टरलिंग्वा"@kok	<https://panlex.org/snapshot/panlex-20191001-csv/400#13350342>				<https://panlex.org/snapshot/panlex-20191001-csv/400#13350325>		"אינטרלינגוה"@he	
"स्लोवाक"@kok	<https://panlex.org/snapshot/panlex-20191001-csv/400#13360850>				<https://panlex.org/snapshot/panlex-20191001-csv/400#13360832>		"סלובקית"@he	
"उर्दू"@kok	<https://panlex.org/snapshot/panlex-20191001-csv/400#13364526>				<https://panlex.org/snapshot/panlex-20191001-csv/400#13364508>		"אורדו"@he	
"पर्षियन्"@kok	<https://panlex.org/snapshot/panlex-20191001-csv/400#13347179>				<https://panlex.org/snapshot/panlex-20191001-csv/400#13347161>		"פרסית"@he	
"चीनीस्"@kok	<https://panlex.org/snapshot/panlex-20191001-csv/400#13365738>				<https://panlex.org/snapshot/panlex-20191001-csv/400#13365723>		"סינית"@he	
"बास्क"@kok	<https://panlex.org/snapshot/panlex-20191001-csv/400#13347048>				<https://panlex.org/snapshot/panlex-20191001-csv/400#13347031>		"בסקית"@he	
"कोरियन्"@kok	<https://panlex.org/snapshot/panlex-20191001-csv/400#13352651>				<https://panlex.org/snapshot/panlex-20191001-csv/400#13352633>		"קוריאנית"@he	
"असामी"@kok	<https://panlex.org/snapshot/panlex-20191001-csv/400#13341717>				<https://panlex.org/snapshot/panlex-20191001-csv/400#13341701>		"אסאמית"@he	
"मसीडोनियन्"@kok	<https://panlex.org/snapshot/panlex-20191001-csv/400#13355063>				<https://panlex.org/snapshot/panlex-20191001-csv/400#13355045>		"מקדונית"@he	
"ऐमरा"@kok	<https://panlex.org/snapshot/panlex-20191001-csv/400#13341990>				<https://panlex.org/snapshot/panlex-20191001-csv/400#13341982>		"איימארית"@he	
"हंगेरियन्"@kok	<https://panlex.org/snapshot/panlex-20191001-csv/400#13350084>				<https://panlex.org/snapshot/panlex-20191001-csv/400#13350066>		"הונגרית"@he	
"माओरी"@kok	<https://panlex.org/snapshot/panlex-20191001-csv/400#13354874>				<https://panlex.org/snapshot/panlex-20191001-csv/400#13354866>		"מאורית"@he	
"झ़ौसा"@kok	<https://panlex.org/snapshot/panlex-20191001-csv/400#13365261>				<https://panlex.org/snapshot/panlex-20191001-csv/400#13365244>		"קוהסה"@he	
"सिंधी"@kok	<https://panlex.org/snapshot/panlex-20191001-csv/400#13360178>				<https://panlex.org/snapshot/panlex-20191001-csv/400#13360161>		"סינדהית"@he	
"बष्किर"@kok	<https://panlex.org/snapshot/panlex-20191001-csv/400#13342138>				<https://panlex.org/snapshot/panlex-20191001-csv/400#13342131>		"בשקירית"@he	
"कोर्शियन"@kok	<https://panlex.org/snapshot/panlex-20191001-csv/400#13344456>				<https://panlex.org/snapshot/panlex-20191001-csv/400#13344448>		"קורסיקאית"@he	
"आर्मीनियन्"@kok	<https://panlex.org/snapshot/panlex-20191001-csv/400#13350218>				<https://panlex.org/snapshot/panlex-20191001-csv/400#13350201>		"ארמנית"@he	
"स्वीदीष"@kok	<https://panlex.org/snapshot/panlex-20191001-csv/400#13362197>				<https://panlex.org/snapshot/panlex-20191001-csv/400#13362179>		"שוודית"@he	
"बिसलमा"@kok	<https://panlex.org/snapshot/panlex-20191001-csv/400#13342860>				<https://panlex.org/snapshot/panlex-20191001-csv/400#13342853>		"ביסלמה"@he	
"थाई"@kok	<https://panlex.org/snapshot/panlex-20191001-csv/400#13362848>				<https://panlex.org/snapshot/panlex-20191001-csv/400#13362830>		"תאי"@he	
"आईस्लान्डिक"@kok	<https://panlex.org/snapshot/panlex-20191001-csv/400#13351092>				<https://panlex.org/snapshot/panlex-20191001-csv/400#13351074>		"איסלנדית"@he	
"पंजाबी"@kok	<https://panlex.org/snapshot/panlex-20191001-csv/400#13358013>				<https://panlex.org/snapshot/panlex-20191001-csv/400#13357996>		"פונג׳אבית"@he	
"मलय"@kok	<https://panlex.org/snapshot/panlex-20191001-csv/400#13355717>				<https://panlex.org/snapshot/panlex-20191001-csv/400#13355699>		"מאלזית"@he	
"नोर्वेजियन"@kok	<https://panlex.org/snapshot/panlex-20191001-csv/400#13357019>				<https://panlex.org/snapshot/panlex-20191001-csv/400#13357001>		"נורווגית"@he	
"फिन्निष्"@kok	<https://panlex.org/snapshot/panlex-20191001-csv/400#13347388>				<https://panlex.org/snapshot/panlex-20191001-csv/400#13347370>		"פינית"@he	
"जुलू"@kok	<https://panlex.org/snapshot/panlex-20191001-csv/400#13365990>				<https://panlex.org/snapshot/panlex-20191001-csv/400#13365973>		"זולו"@he	
"पाष्टो (पुष्टो)"@kok	<https://panlex.org/snapshot/panlex-20191001-csv/400#13358699>				<https://panlex.org/snapshot/panlex-20191001-csv/400#13358681>		"פאשטו"@he	
"फिजी"@kok	<https://panlex.org/snapshot/panlex-20191001-csv/400#13347606>				<https://panlex.org/snapshot/panlex-20191001-csv/400#13347597>		"פיג׳ית"@he	
"क्रोयेषियन्"@kok	<https://panlex.org/snapshot/panlex-20191001-csv/400#13349910>				<https://panlex.org/snapshot/panlex-20191001-csv/400#13349892>		"קרואטית"@he	
"मंगोलियन्"@kok	<https://panlex.org/snapshot/panlex-20191001-csv/400#13355292>				<https://panlex.org/snapshot/panlex-20191001-csv/400#13355275>		"מונגולית"@he	
"भूटानी"@kok	<https://panlex.org/snapshot/panlex-20191001-csv/400#13345948>				<https://panlex.org/snapshot/panlex-20191001-csv/400#13345940>		"דזונקה"@he	
"फेरोस्"@kok	<https://panlex.org/snapshot/panlex-20191001-csv/400#13347679>				<https://panlex.org/snapshot/panlex-20191001-csv/400#13347663>		"פארואזית"@he	
"किर्गिज़"@kok	<https://panlex.org/snapshot/panlex-20191001-csv/400#13353315>				<https://panlex.org/snapshot/panlex-20191001-csv/400#13353297>		"קירגיזית"@he	
"जावनीस्"@kok	<https://panlex.org/snapshot/panlex-20191001-csv/400#13351580>				<https://panlex.org/snapshot/panlex-20191001-csv/400#13351562>		"ג׳אווהנית"@he	
"नेपाळी"@kok	<https://panlex.org/snapshot/panlex-20191001-csv/400#13356522>				<https://panlex.org/snapshot/panlex-20191001-csv/400#13356504>		"נפאלית"@he	
"आल्बेनियन्"@kok	<https://panlex.org/snapshot/panlex-20191001-csv/400#13361563>				<https://panlex.org/snapshot/panlex-20191001-csv/400#13361545>		"אלבנית"@he	
"बल्गेरियन"@kok	<https://panlex.org/snapshot/panlex-20191001-csv/400#13342654>				<https://panlex.org/snapshot/panlex-20191001-csv/400#13342636>		"בולגרית"@he	
"ब्रेटन"@kok	<https://panlex.org/snapshot/panlex-20191001-csv/400#13343273>				<https://panlex.org/snapshot/panlex-20191001-csv/400#13343255>		"ברטונית"@he	
"तमिळ"@kok	<https://panlex.org/snapshot/panlex-20191001-csv/400#13362459>				<https://panlex.org/snapshot/panlex-20191001-csv/400#13362442>		"טמילית"@he	
"मोल्डावियन्"@kok	<https://panlex.org/snapshot/panlex-20191001-csv/400#13355478>				<https://panlex.org/snapshot/panlex-20191001-csv/400#13355468>		"מולדבית"@he	
"इटालियन"@kok	<https://panlex.org/snapshot/panlex-20191001-csv/400#13351197>				<https://panlex.org/snapshot/panlex-20191001-csv/400#13351178>		"איטלקית"@he	
"समोन"@kok	<https://panlex.org/snapshot/panlex-20191001-csv/400#13361073>				<https://panlex.org/snapshot/panlex-20191001-csv/400#13361064>		"סמואית"@he	
"इन्डोनेषियन"@kok	<https://panlex.org/snapshot/panlex-20191001-csv/400#13350473>				<https://panlex.org/snapshot/panlex-20191001-csv/400#13350455>		"אינדונזית"@he	
"त्वि"@kok	<https://panlex.org/snapshot/panlex-20191001-csv/400#13363995>				<https://panlex.org/snapshot/panlex-20191001-csv/400#13363977>		"טווי"@he	
"कटलान"@kok	<https://panlex.org/snapshot/panlex-20191001-csv/400#13343644>				<https://panlex.org/snapshot/panlex-20191001-csv/400#13343626>		"קטלונית"@he	
"कश्मीरी"@kok	<https://panlex.org/snapshot/panlex-20191001-csv/400#13353000>				<https://panlex.org/snapshot/panlex-20191001-csv/400#13352993>		"קשמירית"@he	
"स्वाहिली"@kok	<https://panlex.org/snapshot/panlex-20191001-csv/400#13362300>				<https://panlex.org/snapshot/panlex-20191001-csv/400#13362282>		"סווהילית"@he	
"जापनीस्"@kok	<https://panlex.org/snapshot/panlex-20191001-csv/400#13351358>				<https://panlex.org/snapshot/panlex-20191001-csv/400#13351338>		"יפנית"@he	
"सोमाळी"@kok	<https://panlex.org/snapshot/panlex-20191001-csv/400#13361404>				<https://panlex.org/snapshot/panlex-20191001-csv/400#13361387>		"סומלית"@he	
"अज़रबैजानी"@kok	<https://panlex.org/snapshot/panlex-20191001-csv/400#13342066>				<https://panlex.org/snapshot/panlex-20191001-csv/400#13342049>		"אזרית"@he	
"तुर्कमन"@kok	<https://panlex.org/snapshot/panlex-20191001-csv/400#13363107>				<https://panlex.org/snapshot/panlex-20191001-csv/400#13363089>		"טורקמנית"@he	
"जार्जियन्"@kok	<https://panlex.org/snapshot/panlex-20191001-csv/400#13351678>				<https://panlex.org/snapshot/panlex-20191001-csv/400#13351660>		"גרוזינית"@he	
"उदाक"@kok	<https://panlex.org/snapshot/panlex-20191001-csv/12#850993>				<https://panlex.org/snapshot/panlex-20191001-csv/12#850944>		"מים"@he	
"भारत"@kok	<https://panlex.org/snapshot/panlex-20191001-csv/10#580124>				<https://panlex.org/snapshot/panlex-20191001-csv/10#580077>		"הדו"@he	
"भारत"@kok	<https://panlex.org/snapshot/panlex-20191001-csv/10#580124>				<https://panlex.org/snapshot/panlex-20191001-csv/10#580076>		"הודו"@he	
