"कान्नडि"@kok	<https://panlex.org/snapshot/panlex-20191001-csv/5946#84446231>				<https://panlex.org/snapshot/panlex-20191001-csv/5946#84446329>		"መስትያት"@ti	
"फ्रेन्च"@kok	<https://panlex.org/snapshot/panlex-20191001-csv/400#13347813>				<https://panlex.org/snapshot/panlex-20191001-csv/400#13347852>		"ፈረንሳይኛ"@ti	
"तुर्किष"@kok	<https://panlex.org/snapshot/panlex-20191001-csv/400#13363619>				<https://panlex.org/snapshot/panlex-20191001-csv/400#13363652>		"ቱርከኛ"@ti	
"गौरानी"@kok	<https://panlex.org/snapshot/panlex-20191001-csv/400#13348843>				<https://panlex.org/snapshot/panlex-20191001-csv/400#13348876>		"ጓራኒ"@ti	
"सुंदनीस"@kok	<https://panlex.org/snapshot/panlex-20191001-csv/400#13361992>				<https://panlex.org/snapshot/panlex-20191001-csv/400#13362025>		"ሱዳንኛ"@ti	
"लाट्वियन् (लेट्टिष्)"@kok	<https://panlex.org/snapshot/panlex-20191001-csv/400#13354315>				<https://panlex.org/snapshot/panlex-20191001-csv/400#13354352>		"ላቲቪያን"@ti	
"सेर्बियन्"@kok	<https://panlex.org/snapshot/panlex-20191001-csv/400#13361660>				<https://panlex.org/snapshot/panlex-20191001-csv/400#13361696>		"ሰርቢኛ"@ti	
"वेळ्ष्"@kok	<https://panlex.org/snapshot/panlex-20191001-csv/400#13345067>				<https://panlex.org/snapshot/panlex-20191001-csv/400#13345101>		"ወልሽ"@ti	
"सिन्हलीस्"@kok	<https://panlex.org/snapshot/panlex-20191001-csv/400#13360640>				<https://panlex.org/snapshot/panlex-20191001-csv/400#13360676>		"ስንሃልኛ"@ti	
"फ्रिशियन्"@kok	<https://panlex.org/snapshot/panlex-20191001-csv/400#13348184>				<https://panlex.org/snapshot/panlex-20191001-csv/400#13348220>		"ፍሪሰኛ"@ti	
"जर्मन"@kok	<https://panlex.org/snapshot/panlex-20191001-csv/400#13345381>				<https://panlex.org/snapshot/panlex-20191001-csv/400#13345420>		"ጀርመን"@ti	
"डानिष"@kok	<https://panlex.org/snapshot/panlex-20191001-csv/400#13345164>				<https://panlex.org/snapshot/panlex-20191001-csv/400#13345202>		"ዴኒሽ"@ti	
"इद्दिष्"@kok	<https://panlex.org/snapshot/panlex-20191001-csv/400#13365423>				<https://panlex.org/snapshot/panlex-20191001-csv/400#13365456>		"ዪዲሽ"@ti	
"स्पानिष"@kok	<https://panlex.org/snapshot/panlex-20191001-csv/400#13346760>				<https://panlex.org/snapshot/panlex-20191001-csv/400#13346800>		"ስፓኒሽ"@ti	
"मालतीस्"@kok	<https://panlex.org/snapshot/panlex-20191001-csv/400#13355812>				<https://panlex.org/snapshot/panlex-20191001-csv/400#13355845>		"ማልቲስኛ"@ti	
"बैलोरुसियन्"@kok	<https://panlex.org/snapshot/panlex-20191001-csv/400#13342443>				<https://panlex.org/snapshot/panlex-20191001-csv/400#13342480>		"ቤላራሻኛ"@ti	
"आंग्ल"@kok	<https://panlex.org/snapshot/panlex-20191001-csv/400#13346325>				<https://panlex.org/snapshot/panlex-20191001-csv/400#13346365>		"እንግሊዝኛ"@ti	
"अरेबिक्"@kok	<https://panlex.org/snapshot/panlex-20191001-csv/400#13341411>				<https://panlex.org/snapshot/panlex-20191001-csv/400#13341450>		"ዓረበኛ"@ti	
"सेर्बो-क्रोयेषियन्"@kok	<https://panlex.org/snapshot/panlex-20191001-csv/400#13360515>				<https://panlex.org/snapshot/panlex-20191001-csv/400#13360545>		"ሰርቦ- ክሮዊታን"@ti	
"हेब्रु"@kok	<https://panlex.org/snapshot/panlex-20191001-csv/400#13349526>				<https://panlex.org/snapshot/panlex-20191001-csv/400#13349562>		"ዕብራስጥ"@ti	
"उज़बेक"@kok	<https://panlex.org/snapshot/panlex-20191001-csv/400#13364623>				<https://panlex.org/snapshot/panlex-20191001-csv/400#13364657>		"ኡዝበክኛ"@ti	
"बीहारी"@kok	<https://panlex.org/snapshot/panlex-20191001-csv/400#13342751>				<https://panlex.org/snapshot/panlex-20191001-csv/400#13342786>		"ቢሃሪ"@ti	
"इस्टोनियन्"@kok	<https://panlex.org/snapshot/panlex-20191001-csv/400#13346949>				<https://panlex.org/snapshot/panlex-20191001-csv/400#13346987>		"ኤስቶኒአን"@ti	
"तिग्रिन्या"@kok	<https://panlex.org/snapshot/panlex-20191001-csv/400#13362942>				<https://panlex.org/snapshot/panlex-20191001-csv/400#13362975>		"ትግርኛ"@ti	
"मराठी"@kok	<https://panlex.org/snapshot/panlex-20191001-csv/400#13355621>				<https://panlex.org/snapshot/panlex-20191001-csv/400#13355656>		"ማራቲኛ"@ti	
"बंगाली"@kok	<https://panlex.org/snapshot/panlex-20191001-csv/400#13343070>				<https://panlex.org/snapshot/panlex-20191001-csv/400#13343109>		"በንጋሊኛ"@ti	
"ओसिटान्"@kok	<https://panlex.org/snapshot/panlex-20191001-csv/400#13357590>				<https://panlex.org/snapshot/panlex-20191001-csv/400#13357626>		"ኦኪታንኛ"@ti	
"स्काटस् गेलिक्"@kok	<https://panlex.org/snapshot/panlex-20191001-csv/400#13348490>				<https://panlex.org/snapshot/panlex-20191001-csv/400#13348524>		"እስኮትስ ጌልክኛ"@ti	
"कन्नडा"@kok	<https://panlex.org/snapshot/panlex-20191001-csv/400#13352553>				<https://panlex.org/snapshot/panlex-20191001-csv/400#13352588>		"ካማደኛ"@ti	
"कुर्दिष"@kok	<https://panlex.org/snapshot/panlex-20191001-csv/400#13353077>				<https://panlex.org/snapshot/panlex-20191001-csv/400#13353110>		"ኩርድሽ"@ti	
"स्लोवेनियन्"@kok	<https://panlex.org/snapshot/panlex-20191001-csv/400#13360946>				<https://panlex.org/snapshot/panlex-20191001-csv/400#13360981>		"ስቁቪኛ"@ti	
"अमहारिक्"@kok	<https://panlex.org/snapshot/panlex-20191001-csv/400#13341137>				<https://panlex.org/snapshot/panlex-20191001-csv/400#13341171>		"አምሐረኛ"@ti	
"पोर्चुगीज़्"@kok	<https://panlex.org/snapshot/panlex-20191001-csv/400#13358794>				<https://panlex.org/snapshot/panlex-20191001-csv/400#13358834>		"ፖርቱጋሊኛ"@ti	
"युक्रेनियन्"@kok	<https://panlex.org/snapshot/panlex-20191001-csv/400#13364328>				<https://panlex.org/snapshot/panlex-20191001-csv/400#13364364>		"ዩክረኒኛ"@ti	
"ओरिया"@kok	<https://panlex.org/snapshot/panlex-20191001-csv/400#13357769>				<https://panlex.org/snapshot/panlex-20191001-csv/400#13357803>		"ኦሪያ"@ti	
"वियत्नामीज़"@kok	<https://panlex.org/snapshot/panlex-20191001-csv/400#13364791>				<https://panlex.org/snapshot/panlex-20191001-csv/400#13364825>		"ቪትናምኛ"@ti	
"रोमानियन्"@kok	<https://panlex.org/snapshot/panlex-20191001-csv/400#13359304>				<https://panlex.org/snapshot/panlex-20191001-csv/400#13359341>		"ሮማኒያን"@ti	
"गुजराती"@kok	<https://panlex.org/snapshot/panlex-20191001-csv/400#13349221>				<https://panlex.org/snapshot/panlex-20191001-csv/400#13349259>		"ጉጃራቲኛ"@ti	
"गेलीशियन"@kok	<https://panlex.org/snapshot/panlex-20191001-csv/400#13348710>				<https://panlex.org/snapshot/panlex-20191001-csv/400#13348744>		"ጋለቪኛ"@ti	
"इस्परान्टो"@kok	<https://panlex.org/snapshot/panlex-20191001-csv/400#13346659>				<https://panlex.org/snapshot/panlex-20191001-csv/400#13346694>		"ኤስፐራንቶ"@ti	
"मळियाळम"@kok	<https://panlex.org/snapshot/panlex-20191001-csv/400#13355196>				<https://panlex.org/snapshot/panlex-20191001-csv/400#13355231>		"ማላያላምኛ"@ti	
"लाटिन"@kok	<https://panlex.org/snapshot/panlex-20191001-csv/400#13353408>				<https://panlex.org/snapshot/panlex-20191001-csv/400#13353445>		"ላቲንኛ"@ti	
"डच्"@kok	<https://panlex.org/snapshot/panlex-20191001-csv/400#13356793>				<https://panlex.org/snapshot/panlex-20191001-csv/400#13356832>		"ደች"@ti	
"रष्यन्"@kok	<https://panlex.org/snapshot/panlex-20191001-csv/400#13359519>				<https://panlex.org/snapshot/panlex-20191001-csv/400#13359557>		"ራሽኛ"@ti	
"ऐरिष"@kok	<https://panlex.org/snapshot/panlex-20191001-csv/400#13348284>				<https://panlex.org/snapshot/panlex-20191001-csv/400#13348322>		"አይሪሽ"@ti	
"तेलुगू"@kok	<https://panlex.org/snapshot/panlex-20191001-csv/400#13362597>				<https://panlex.org/snapshot/panlex-20191001-csv/400#13362632>		"ተሉጉኛ"@ti	
"पोलिष"@kok	<https://panlex.org/snapshot/panlex-20191001-csv/400#13358485>				<https://panlex.org/snapshot/panlex-20191001-csv/400#13358524>		"ፖሊሽ"@ti	
"लिथुआनियन्"@kok	<https://panlex.org/snapshot/panlex-20191001-csv/400#13354013>				<https://panlex.org/snapshot/panlex-20191001-csv/400#13354049>		"ሊቱአኒየን"@ti	
"ग्रीक्"@kok	<https://panlex.org/snapshot/panlex-20191001-csv/400#13346182>				<https://panlex.org/snapshot/panlex-20191001-csv/400#13346219>		"ግሪከኛ"@ti	
"हिन्दी"@kok	<https://panlex.org/snapshot/panlex-20191001-csv/400#13349628>				<https://panlex.org/snapshot/panlex-20191001-csv/400#13349667>		"ሕንደኛ"@ti	
"सेसोथो"@kok	<https://panlex.org/snapshot/panlex-20191001-csv/400#13361903>				<https://panlex.org/snapshot/panlex-20191001-csv/400#13361934>		"ሰሴቶ"@ti	
"ज़ेक्"@kok	<https://panlex.org/snapshot/panlex-20191001-csv/400#13344809>				<https://panlex.org/snapshot/panlex-20191001-csv/400#13344847>		"ቼክኛ"@ti	
"अफ्रिकान्स"@kok	<https://panlex.org/snapshot/panlex-20191001-csv/400#13340724>				<https://panlex.org/snapshot/panlex-20191001-csv/400#13340761>		"አፍሪቃንሰኛ"@ti	
"इन्टरलिंग्वा"@kok	<https://panlex.org/snapshot/panlex-20191001-csv/400#13350342>				<https://panlex.org/snapshot/panlex-20191001-csv/400#13350376>		"ኢንቴር ቋንቋ"@ti	
"स्लोवाक"@kok	<https://panlex.org/snapshot/panlex-20191001-csv/400#13360850>				<https://panlex.org/snapshot/panlex-20191001-csv/400#13360885>		"ስሎቨክኛ"@ti	
"उर्दू"@kok	<https://panlex.org/snapshot/panlex-20191001-csv/400#13364526>				<https://panlex.org/snapshot/panlex-20191001-csv/400#13364561>		"ኡርዱኛ"@ti	
"पर्षियन्"@kok	<https://panlex.org/snapshot/panlex-20191001-csv/400#13347179>				<https://panlex.org/snapshot/panlex-20191001-csv/400#13347217>		"ፐርሲያኛ"@ti	
"बास्क"@kok	<https://panlex.org/snapshot/panlex-20191001-csv/400#13347048>				<https://panlex.org/snapshot/panlex-20191001-csv/400#13347082>		"ባስክኛ"@ti	
"कोरियन्"@kok	<https://panlex.org/snapshot/panlex-20191001-csv/400#13352651>				<https://panlex.org/snapshot/panlex-20191001-csv/400#13352686>		"ኮሪያኛ"@ti	
"मसीडोनियन्"@kok	<https://panlex.org/snapshot/panlex-20191001-csv/400#13355063>				<https://panlex.org/snapshot/panlex-20191001-csv/400#13355099>		"ማክዶኒኛ"@ti	
"हंगेरियन्"@kok	<https://panlex.org/snapshot/panlex-20191001-csv/400#13350084>				<https://panlex.org/snapshot/panlex-20191001-csv/400#13350120>		"ሀንጋሪኛ"@ti	
"झ़ौसा"@kok	<https://panlex.org/snapshot/panlex-20191001-csv/400#13365261>				<https://panlex.org/snapshot/panlex-20191001-csv/400#13365295>		"ዞሳኛ"@ti	
"स्वीदीष"@kok	<https://panlex.org/snapshot/panlex-20191001-csv/400#13362197>				<https://panlex.org/snapshot/panlex-20191001-csv/400#13362236>		"ስዊድንኛ"@ti	
"थाई"@kok	<https://panlex.org/snapshot/panlex-20191001-csv/400#13362848>				<https://panlex.org/snapshot/panlex-20191001-csv/400#13362884>		"ታይኛ"@ti	
"आईस्लान्डिक"@kok	<https://panlex.org/snapshot/panlex-20191001-csv/400#13351092>				<https://panlex.org/snapshot/panlex-20191001-csv/400#13351129>		"አይስላንደኛ"@ti	
"पंजाबी"@kok	<https://panlex.org/snapshot/panlex-20191001-csv/400#13358013>				<https://panlex.org/snapshot/panlex-20191001-csv/400#13358050>		"ፑንጃቢኛ"@ti	
"मलय"@kok	<https://panlex.org/snapshot/panlex-20191001-csv/400#13355717>				<https://panlex.org/snapshot/panlex-20191001-csv/400#13355751>		"ማላይኛ"@ti	
"नोर्वेजियन"@kok	<https://panlex.org/snapshot/panlex-20191001-csv/400#13357019>				<https://panlex.org/snapshot/panlex-20191001-csv/400#13357058>		"ኖርዌጂያን"@ti	
"फिन्निष्"@kok	<https://panlex.org/snapshot/panlex-20191001-csv/400#13347388>				<https://panlex.org/snapshot/panlex-20191001-csv/400#13347427>		"ፊኒሽ"@ti	
"जुलू"@kok	<https://panlex.org/snapshot/panlex-20191001-csv/400#13365990>				<https://panlex.org/snapshot/panlex-20191001-csv/400#13366026>		"ዙሉኛ"@ti	
"पाष्टो (पुष्टो)"@kok	<https://panlex.org/snapshot/panlex-20191001-csv/400#13358699>				<https://panlex.org/snapshot/panlex-20191001-csv/400#13358731>		"ፓሽቶ"@ti	
"क्रोयेषियन्"@kok	<https://panlex.org/snapshot/panlex-20191001-csv/400#13349910>				<https://panlex.org/snapshot/panlex-20191001-csv/400#13349946>		"ክሮሽያንኛ"@ti	
"फेरोस्"@kok	<https://panlex.org/snapshot/panlex-20191001-csv/400#13347679>				<https://panlex.org/snapshot/panlex-20191001-csv/400#13347714>		"ፋሮኛ"@ti	
"किर्गिज़"@kok	<https://panlex.org/snapshot/panlex-20191001-csv/400#13353315>				<https://panlex.org/snapshot/panlex-20191001-csv/400#13353348>		"ኪሩጋዚ"@ti	
"जावनीस्"@kok	<https://panlex.org/snapshot/panlex-20191001-csv/400#13351580>				<https://panlex.org/snapshot/panlex-20191001-csv/400#13351616>		"ጃቫንኛ"@ti	
"नेपाळी"@kok	<https://panlex.org/snapshot/panlex-20191001-csv/400#13356522>				<https://panlex.org/snapshot/panlex-20191001-csv/400#13356558>		"ኔፖሊኛ"@ti	
"आल्बेनियन्"@kok	<https://panlex.org/snapshot/panlex-20191001-csv/400#13361563>				<https://panlex.org/snapshot/panlex-20191001-csv/400#13361599>		"አልቤኒኛ"@ti	
"बल्गेरियन"@kok	<https://panlex.org/snapshot/panlex-20191001-csv/400#13342654>				<https://panlex.org/snapshot/panlex-20191001-csv/400#13342690>		"ቡልጋሪኛ"@ti	
"ब्रेटन"@kok	<https://panlex.org/snapshot/panlex-20191001-csv/400#13343273>				<https://panlex.org/snapshot/panlex-20191001-csv/400#13343306>		"ብሬቶን"@ti	
"तमिळ"@kok	<https://panlex.org/snapshot/panlex-20191001-csv/400#13362459>				<https://panlex.org/snapshot/panlex-20191001-csv/400#13362496>		"ታሚልኛ"@ti	
"इटालियन"@kok	<https://panlex.org/snapshot/panlex-20191001-csv/400#13351197>				<https://panlex.org/snapshot/panlex-20191001-csv/400#13351236>		"ጣሊያንኛ"@ti	
"इन्डोनेषियन"@kok	<https://panlex.org/snapshot/panlex-20191001-csv/400#13350473>				<https://panlex.org/snapshot/panlex-20191001-csv/400#13350511>		"እንዶኑሲኛ"@ti	
"त्वि"@kok	<https://panlex.org/snapshot/panlex-20191001-csv/400#13363995>				<https://panlex.org/snapshot/panlex-20191001-csv/400#13364027>		"ትዊ"@ti	
"कटलान"@kok	<https://panlex.org/snapshot/panlex-20191001-csv/400#13343644>				<https://panlex.org/snapshot/panlex-20191001-csv/400#13343679>		"ካታላን"@ti	
"स्वाहिली"@kok	<https://panlex.org/snapshot/panlex-20191001-csv/400#13362300>				<https://panlex.org/snapshot/panlex-20191001-csv/400#13362334>		"ሰዋሂሊኛ"@ti	
"जापनीस्"@kok	<https://panlex.org/snapshot/panlex-20191001-csv/400#13351358>				<https://panlex.org/snapshot/panlex-20191001-csv/400#13351397>		"ጃፓንኛ"@ti	
"अज़रबैजानी"@kok	<https://panlex.org/snapshot/panlex-20191001-csv/400#13342066>				<https://panlex.org/snapshot/panlex-20191001-csv/400#13342100>		"አዜርባይጃንኛ"@ti	
"तुर्कमन"@kok	<https://panlex.org/snapshot/panlex-20191001-csv/400#13363107>				<https://panlex.org/snapshot/panlex-20191001-csv/400#13363139>		"ናይ ቱርኪ ሰብዓይ (ቱርካዊ)"@ti	
"जार्जियन्"@kok	<https://panlex.org/snapshot/panlex-20191001-csv/400#13351678>				<https://panlex.org/snapshot/panlex-20191001-csv/400#13351713>		"ጊዮርጊያኛ"@ti	
"उदाक"@kok	<https://panlex.org/snapshot/panlex-20191001-csv/12#850993>				<https://panlex.org/snapshot/panlex-20191001-csv/12#851189>		"mai"@ti	
