"pa.1"@lic	<https://panlex.org/snapshot/panlex-20191001-csv/3125#51713052>				<https://panlex.org/snapshot/panlex-20191001-csv/3125#51713060>		"hǝn.1"@giq	
"ʔa:u.1"@lic	<https://panlex.org/snapshot/panlex-20191001-csv/3125#51714002>				<https://panlex.org/snapshot/panlex-20191001-csv/3125#51714009>		"hǝŋ.1"@giq	
"meɨ.1"@lic	<https://panlex.org/snapshot/panlex-20191001-csv/3125#51714473>				<https://panlex.org/snapshot/panlex-20191001-csv/3125#51714481>		"mu.2"@giq	
"hja:u.1"@lic	<https://panlex.org/snapshot/panlex-20191001-csv/3125#51713073>				<https://panlex.org/snapshot/panlex-20191001-csv/3125#51713082>		"haŋ.4"@giq	
"phau.2"@lic	<https://panlex.org/snapshot/panlex-20191001-csv/3125#51714122>				<https://panlex.org/snapshot/panlex-20191001-csv/3125#51714129>		"paŋ.4"@giq	
"ńa:n.1"@lic	<https://panlex.org/snapshot/panlex-20191001-csv/3125#51713796>				<https://panlex.org/snapshot/panlex-20191001-csv/3125#51713804>		"ta.2"@giq	
"hei.1"@lic	<https://panlex.org/snapshot/panlex-20191001-csv/3125#51714578>				<https://panlex.org/snapshot/panlex-20191001-csv/3125#51714586>		"vu.4"@giq	
"chi:n.1"@lic	<https://panlex.org/snapshot/panlex-20191001-csv/3125#51714352>				<https://panlex.org/snapshot/panlex-20191001-csv/3125#51714360>		"paŋ.1 ŋ.1"@giq	
"kau.2"@lic	<https://panlex.org/snapshot/panlex-20191001-csv/3125#51713657>				<https://panlex.org/snapshot/panlex-20191001-csv/3125#51713660>		"tu.4 ćiŋ.4"@giq	
"hwom.1"@lic	<https://panlex.org/snapshot/panlex-20191001-csv/3125#51714103>				<https://panlex.org/snapshot/panlex-20191001-csv/3125#51714110>		"tei.2 lu.1 laŋ."@giq	
"ri:n.1"@lic	<https://panlex.org/snapshot/panlex-20191001-csv/3125#51714143>				<https://panlex.org/snapshot/panlex-20191001-csv/3125#51714151>		"no.4"@giq	
"lo:k.7"@lic	<https://panlex.org/snapshot/panlex-20191001-csv/3125#51712834>				<https://panlex.org/snapshot/panlex-20191001-csv/3125#51712842>		"laŋ.4 li.1"@giq	
"ʔdan.2 gwou.3"@lic	<https://panlex.org/snapshot/panlex-20191001-csv/3125#51713428>				<https://panlex.org/snapshot/panlex-20191001-csv/3125#51713436>		"mai.4 kǝi.4"@giq	
"tɨ:ŋ.2"@lic	<https://panlex.org/snapshot/panlex-20191001-csv/3125#51713366>				<https://panlex.org/snapshot/panlex-20191001-csv/3125#51713374>		"ta.1"@giq	
"pai.3 chop.7"@lic	<https://panlex.org/snapshot/panlex-20191001-csv/3125#51713918>				<https://panlex.org/snapshot/panlex-20191001-csv/3125#51713926>		"fǝi.1 tu.2"@giq	
"khaɨ.2"@lic	<https://panlex.org/snapshot/panlex-20191001-csv/3125#51713097>				<https://panlex.org/snapshot/panlex-20191001-csv/3125#51713105>		"so.4 ca.1"@giq	
"gaŋ.1"@lic	<https://panlex.org/snapshot/panlex-20191001-csv/3125#51713817>				<https://panlex.org/snapshot/panlex-20191001-csv/3125#51713824>		"cau.2"@giq	
"no:ŋ.1"@lic	<https://panlex.org/snapshot/panlex-20191001-csv/3125#51714227>				<https://panlex.org/snapshot/panlex-20191001-csv/3125#51714235>		"pu.1 ka.4"@giq	
"ra:u.1"@lic	<https://panlex.org/snapshot/panlex-20191001-csv/3125#51714331>				<https://panlex.org/snapshot/panlex-20191001-csv/3125#51714339>		"ca.1"@giq	
"kei.1"@lic	<https://panlex.org/snapshot/panlex-20191001-csv/3125#51714082>				<https://panlex.org/snapshot/panlex-20191001-csv/3125#51714090>		"çi.33 ji.1"@giq	
"pha.3 ma:n.1"@lic	<https://panlex.org/snapshot/panlex-20191001-csv/3125#51713731>				<https://panlex.org/snapshot/panlex-20191001-csv/3125#51713739>		"pu.2 sa.1"@giq	
"thi:k.7"@lic	<https://panlex.org/snapshot/panlex-20191001-csv/3125#51713344>				<https://panlex.org/snapshot/panlex-20191001-csv/3125#51713353>		"ti.4"@giq	
"fei.1"@lic	<https://panlex.org/snapshot/panlex-20191001-csv/3125#51713260>				<https://panlex.org/snapshot/panlex-20191001-csv/3125#51713267>		"pai.1"@giq	
"van.1"@lic	<https://panlex.org/snapshot/panlex-20191001-csv/3125#51713140>				<https://panlex.org/snapshot/panlex-20191001-csv/3125#51713146>		"to.4 ji.2"@giq	
"pom.3"@lic	<https://panlex.org/snapshot/panlex-20191001-csv/3125#51713837>				<https://panlex.org/snapshot/panlex-20191001-csv/3125#51713845>		"pu.4"@giq	
"ɫoń.1"@lic	<https://panlex.org/snapshot/panlex-20191001-csv/3125#51713387>				<https://panlex.org/snapshot/panlex-20191001-csv/3125#51713395>		"ʔo.1"@giq	
"khi:u.1"@lic	<https://panlex.org/snapshot/panlex-20191001-csv/3125#51713408>				<https://panlex.org/snapshot/panlex-20191001-csv/3125#51713416>		"kjaŋ.4 ki.4"@giq	
"nom.3"@lic	<https://panlex.org/snapshot/panlex-20191001-csv/3125#51714621>				<https://panlex.org/snapshot/panlex-20191001-csv/3125#51714629>		"ŋ.4"@giq	
"khɨ:ŋ.2 chai.1"@lic	<https://panlex.org/snapshot/panlex-20191001-csv/3125#51714536>				<https://panlex.org/snapshot/panlex-20191001-csv/3125#51714544>		"mu.4 tai.4"@giq	
"ɫa.1"@lic	<https://panlex.org/snapshot/panlex-20191001-csv/3125#51713280>				<https://panlex.org/snapshot/panlex-20191001-csv/3125#51713289>		"mo.4 pjo.4"@giq	
"pɨ:n.1"@lic	<https://panlex.org/snapshot/panlex-20191001-csv/3125#51713008>				<https://panlex.org/snapshot/panlex-20191001-csv/3125#51713017>		"mu.4"@giq	
"cheɨ.3"@lic	<https://panlex.org/snapshot/panlex-20191001-csv/3125#51713980>				<https://panlex.org/snapshot/panlex-20191001-csv/3125#51713989>		"sɨ.4 laŋ.4"@giq	
"zu:i.3 la:i.3"@lic	<https://panlex.org/snapshot/panlex-20191001-csv/3125#51714164>				<https://panlex.org/snapshot/panlex-20191001-csv/3125#51714172>		"ko.1"@giq	
"haɨ.2"@lic	<https://panlex.org/snapshot/panlex-20191001-csv/3125#51714431>				<https://panlex.org/snapshot/panlex-20191001-csv/3125#51714439>		"tha.1 vu.1"@giq	
"hwo:n.1"@lic	<https://panlex.org/snapshot/panlex-20191001-csv/3125#51714291>				<https://panlex.org/snapshot/panlex-20191001-csv/3125#51714299>		"mǝŋ.4"@giq	
"fan.1"@lic	<https://panlex.org/snapshot/panlex-20191001-csv/3125#51714185>				<https://panlex.org/snapshot/panlex-20191001-csv/3125#51714193>		"chuŋ.4"@giq	
"fan.1"@lic	<https://panlex.org/snapshot/panlex-20191001-csv/3125#51714515>				<https://panlex.org/snapshot/panlex-20191001-csv/3125#51714523>		"mo.4 pe.4"@giq	
"gwou.3"@lic	<https://panlex.org/snapshot/panlex-20191001-csv/3125#51713472>				<https://panlex.org/snapshot/panlex-20191001-csv/3125#51713479>		"pǝi.4 kǝi.1"@giq	
"co:n.1"@lic	<https://panlex.org/snapshot/panlex-20191001-csv/3125#51714249>				<https://panlex.org/snapshot/panlex-20191001-csv/3125#51714257>		"ŋau.4 ku.4"@giq	
"hun.1"@lic	<https://panlex.org/snapshot/panlex-20191001-csv/3125#51713241>				<https://panlex.org/snapshot/panlex-20191001-csv/3125#51713247>		"mi.4"@giq	
"ɫa:u.3"@lic	<https://panlex.org/snapshot/panlex-20191001-csv/3125#51713513>				<https://panlex.org/snapshot/panlex-20191001-csv/3125#51713520>		"pa.4 pu.1"@giq	
"khat.7"@lic	<https://panlex.org/snapshot/panlex-20191001-csv/3125#51713939>				<https://panlex.org/snapshot/panlex-20191001-csv/3125#51713947>		"ljuŋ.2 ńe.4"@giq	
"ʔbɨ.3 ʔba:i.3"@lic	<https://panlex.org/snapshot/panlex-20191001-csv/3125#51712699>				<https://panlex.org/snapshot/panlex-20191001-csv/3125#51712706>		"ćhian.2 pu.4"@giq	
"cha.1"@lic	<https://panlex.org/snapshot/panlex-20191001-csv/3125#51713202>				<https://panlex.org/snapshot/panlex-20191001-csv/3125#51713210>		"ta.4 to.1"@giq	
"zai.1"@lic	<https://panlex.org/snapshot/panlex-20191001-csv/3125#51713118>				<https://panlex.org/snapshot/panlex-20191001-csv/3125#51713127>		"co.1"@giq	
"ʔbeń.1"@lic	<https://panlex.org/snapshot/panlex-20191001-csv/3125#51713302>				<https://panlex.org/snapshot/panlex-20191001-csv/3125#51713310>		"pjiŋ.4"@giq	
"ka:ń.3 VN"@lic	<https://panlex.org/snapshot/panlex-20191001-csv/3125#51712813>				<https://panlex.org/snapshot/panlex-20191001-csv/3125#51712821>		"to.4"@giq	
"me.3 he.3"@lic	<https://panlex.org/snapshot/panlex-20191001-csv/3125#51714662>				<https://panlex.org/snapshot/panlex-20191001-csv/3125#51714670>		"çi.1 mu.2 chai."@giq	
"ʔɨ.3 ra.3"@lic	<https://panlex.org/snapshot/panlex-20191001-csv/3125#51714702>				<https://panlex.org/snapshot/panlex-20191001-csv/3125#51714709>		"hǝŋ.1 na.4"@giq	
"ʔa:k.7"@lic	<https://panlex.org/snapshot/panlex-20191001-csv/3125#51713774>				<https://panlex.org/snapshot/panlex-20191001-csv/3125#51713784>		"ńau.1"@giq	
"zɨ:m.1"@lic	<https://panlex.org/snapshot/panlex-20191001-csv/3125#51713181>				<https://panlex.org/snapshot/panlex-20191001-csv/3125#51713189>		"kai.4"@giq	
"ɫi:n.3"@lic	<https://panlex.org/snapshot/panlex-20191001-csv/3125#51714494>				<https://panlex.org/snapshot/panlex-20191001-csv/3125#51714502>		"pi.4 mo.4"@giq	
"ku:n.1"@lic	<https://panlex.org/snapshot/panlex-20191001-csv/3125#51714062>				<https://panlex.org/snapshot/panlex-20191001-csv/3125#51714069>		"kau.4 kuŋ.1"@giq	
"khi:n.1"@lic	<https://panlex.org/snapshot/panlex-20191001-csv/3125#51713451>				<https://panlex.org/snapshot/panlex-20191001-csv/3125#51713459>		"pei.4 mǝi.4"@giq	
"hou.1"@lic	<https://panlex.org/snapshot/panlex-20191001-csv/3125#51713554>				<https://panlex.org/snapshot/panlex-20191001-csv/3125#51713562>		"ʔi.4"@giq	
"no:ŋ.1 chai.1"@lic	<https://panlex.org/snapshot/panlex-20191001-csv/3125#51712739>				<https://panlex.org/snapshot/panlex-20191001-csv/3125#51712744>		"ka.2 co.1"@giq	
"ɫun.2"@lic	<https://panlex.org/snapshot/panlex-20191001-csv/3125#51714599>				<https://panlex.org/snapshot/panlex-20191001-csv/3125#51714607>		"njaŋ.2 kuai.4"@giq	
"chui.3"@lic	<https://panlex.org/snapshot/panlex-20191001-csv/3125#51712918>				<https://panlex.org/snapshot/panlex-20191001-csv/3125#51712927>		"cu.2"@giq	
"gwei.3"@lic	<https://panlex.org/snapshot/panlex-20191001-csv/3125#51713223>				<https://panlex.org/snapshot/panlex-20191001-csv/3125#51713228>		"ne.2"@giq	
"fun.1"@lic	<https://panlex.org/snapshot/panlex-20191001-csv/3125#51714022>				<https://panlex.org/snapshot/panlex-20191001-csv/3125#51714029>		"mǝŋ.2"@giq	
"pai.3 khau.2"@lic	<https://panlex.org/snapshot/panlex-20191001-csv/3125#51714722>				<https://panlex.org/snapshot/panlex-20191001-csv/3125#51714730>		"ta.4 sa.1"@giq	
"fou.1"@lic	<https://panlex.org/snapshot/panlex-20191001-csv/3125#51713713>				<https://panlex.org/snapshot/panlex-20191001-csv/3125#51713720>		"mo.4 ce.2"@giq	
"ɫo:i.1"@lic	<https://panlex.org/snapshot/panlex-20191001-csv/3125#51713754>				<https://panlex.org/snapshot/panlex-20191001-csv/3125#51713761>		"ʔai.4"@giq	
"cɨ.2 zoŋ.3"@lic	<https://panlex.org/snapshot/panlex-20191001-csv/3125#51713878>				<https://panlex.org/snapshot/panlex-20191001-csv/3125#51713885>		"ta.4 ćǝu.2"@giq	
"cɨ.2 tau.3"@lic	<https://panlex.org/snapshot/panlex-20191001-csv/3125#51712719>				<https://panlex.org/snapshot/panlex-20191001-csv/3125#51712727>		"pa.4 tau.4"@giq	
"gwou.3 rou.1"@lic	<https://panlex.org/snapshot/panlex-20191001-csv/3125#51713596>				<https://panlex.org/snapshot/panlex-20191001-csv/3125#51713604>		"tuŋ.2 kuŋ.1"@giq	
"cha.1 hwan.1"@lic	<https://panlex.org/snapshot/panlex-20191001-csv/3125#51714373>				<https://panlex.org/snapshot/panlex-20191001-csv/3125#51714380>		"jɨ.4"@giq	
"fa.1"@lic	<https://panlex.org/snapshot/panlex-20191001-csv/3125#51714642>				<https://panlex.org/snapshot/panlex-20191001-csv/3125#51714650>		"tau.1"@giq	
"cu:n.1"@lic	<https://panlex.org/snapshot/panlex-20191001-csv/3125#51714312>				<https://panlex.org/snapshot/panlex-20191001-csv/3125#51714318>		"caŋ.4"@giq	
"ʔde:k.7 fa.3"@lic	<https://panlex.org/snapshot/panlex-20191001-csv/3125#51712961>				<https://panlex.org/snapshot/panlex-20191001-csv/3125#51712969>		"tu.4 lu.4 pu.1"@giq	
"gwai.2"@lic	<https://panlex.org/snapshot/panlex-20191001-csv/3125#51713960>				<https://panlex.org/snapshot/panlex-20191001-csv/3125#51713967>		"pǝi.1 ʔɛ.4"@giq	
"chuć.7"@lic	<https://panlex.org/snapshot/panlex-20191001-csv/3125#51714410>				<https://panlex.org/snapshot/panlex-20191001-csv/3125#51714418>		"ko.1 sǝi.4"@giq	
"loŋ.1"@lic	<https://panlex.org/snapshot/panlex-20191001-csv/3125#51712771>				<https://panlex.org/snapshot/panlex-20191001-csv/3125#51712779>		"li.1 paŋ.4"@giq	
"hau.1"@lic	<https://panlex.org/snapshot/panlex-20191001-csv/3125#51713533>				<https://panlex.org/snapshot/panlex-20191001-csv/3125#51713541>		"kau.1"@giq	
"ga:n.3"@lic	<https://panlex.org/snapshot/panlex-20191001-csv/3125#51714042>				<https://panlex.org/snapshot/panlex-20191001-csv/3125#51714049>		"pja.4 çi.1"@giq	
"nei.2"@lic	<https://panlex.org/snapshot/panlex-20191001-csv/3125#51714452>				<https://panlex.org/snapshot/panlex-20191001-csv/3125#51714460>		"sɨ. 4 nai.4"@giq	
"hɨt.7"@lic	<https://panlex.org/snapshot/panlex-20191001-csv/3125#51713031>				<https://panlex.org/snapshot/panlex-20191001-csv/3125#51713039>		"pǝŋ.1"@giq	
"phe:ŋ.1"@lic	<https://panlex.org/snapshot/panlex-20191001-csv/3125#51713857>				<https://panlex.org/snapshot/panlex-20191001-csv/3125#51713865>		"ńe.2"@giq	
"phou.2"@lic	<https://panlex.org/snapshot/panlex-20191001-csv/3125#51714123>				<https://panlex.org/snapshot/panlex-20191001-csv/3125#51714129>		"paŋ.4"@giq	
"khu:ŋ.1"@lic	<https://panlex.org/snapshot/panlex-20191001-csv/3125#51713616>				<https://panlex.org/snapshot/panlex-20191001-csv/3125#51713623>		"kjau.4"@giq	
"cei.1"@lic	<https://panlex.org/snapshot/panlex-20191001-csv/3125#51712896>				<https://panlex.org/snapshot/panlex-20191001-csv/3125#51712905>		"ćiu.1"@giq	
"pa:n.1"@lic	<https://panlex.org/snapshot/panlex-20191001-csv/3125#51713897>				<https://panlex.org/snapshot/panlex-20191001-csv/3125#51713905>		"lu.1 lu.4"@giq	
"coŋ.3"@lic	<https://panlex.org/snapshot/panlex-20191001-csv/3125#51714206>				<https://panlex.org/snapshot/panlex-20191001-csv/3125#51714214>		"co.33"@giq	
"ʔbeɨ.1"@lic	<https://panlex.org/snapshot/panlex-20191001-csv/3125#51713636>				<https://panlex.org/snapshot/panlex-20191001-csv/3125#51713644>		"tǝi.4 ti.2"@giq	
"ze:ŋ.1"@lic	<https://panlex.org/snapshot/panlex-20191001-csv/3125#51714743>				<https://panlex.org/snapshot/panlex-20191001-csv/3125#51714751>		"phǝi.4 ći.3"@giq	
"tać.7"@lic	<https://panlex.org/snapshot/panlex-20191001-csv/3125#51712792>				<https://panlex.org/snapshot/panlex-20191001-csv/3125#51712800>		"mo.4 naŋ.4"@giq	
"hau.3"@lic	<https://panlex.org/snapshot/panlex-20191001-csv/3125#51713575>				<https://panlex.org/snapshot/panlex-20191001-csv/3125#51713583>		"zǝn.2"@giq	
"ɫa:ć.7"@lic	<https://panlex.org/snapshot/panlex-20191001-csv/3125#51712855>				<https://panlex.org/snapshot/panlex-20191001-csv/3125#51712863>		"pja.4"@giq	
"ta:u.3"@lic	<https://panlex.org/snapshot/panlex-20191001-csv/3125#51713693>				<https://panlex.org/snapshot/panlex-20191001-csv/3125#51713701>		"ve.4 ca.1"@giq	
"li:p.7"@lic	<https://panlex.org/snapshot/panlex-20191001-csv/3125#51712940>				<https://panlex.org/snapshot/panlex-20191001-csv/3125#51712948>		"mo.4 ke.4"@giq	
"ŋa:n.1"@lic	<https://panlex.org/snapshot/panlex-20191001-csv/3125#51713672>				<https://panlex.org/snapshot/panlex-20191001-csv/3125#51713680>		"pa.4 pu.1"@giq	
"vɨ:k.7"@lic	<https://panlex.org/snapshot/panlex-20191001-csv/3125#51712876>				<https://panlex.org/snapshot/panlex-20191001-csv/3125#51712884>		"ta.2 taŋ.4"@giq	
"la.2"@lic	<https://panlex.org/snapshot/panlex-20191001-csv/3125#51713159>				<https://panlex.org/snapshot/panlex-20191001-csv/3125#51713168>		"ha.1"@giq	
"khok.7"@lic	<https://panlex.org/snapshot/panlex-20191001-csv/3125#51713323>				<https://panlex.org/snapshot/panlex-20191001-csv/3125#51713331>		"pu.2 ko.1"@giq	
"ɫau.3"@lic	<https://panlex.org/snapshot/panlex-20191001-csv/3125#51714557>				<https://panlex.org/snapshot/panlex-20191001-csv/3125#51714565>		"sa.1 laŋ.4"@giq	
"kha:u.1"@lic	<https://panlex.org/snapshot/panlex-20191001-csv/3125#51714683>				<https://panlex.org/snapshot/panlex-20191001-csv/3125#51714690>		"ʔu.4 chǝi.1"@giq	
"plaɨ.3"@lic	<https://panlex.org/snapshot/panlex-20191001-csv/3125#51713492>				<https://panlex.org/snapshot/panlex-20191001-csv/3125#51713500>		"caŋ.4"@giq	
"kha:i.2"@lic	<https://panlex.org/snapshot/panlex-20191001-csv/3125#51712982>				<https://panlex.org/snapshot/panlex-20191001-csv/3125#51712990>		"ćiŋ.1"@giq	
"ʔeń.2"@lic	<https://panlex.org/snapshot/panlex-20191001-csv/3125#51714270>				<https://panlex.org/snapshot/panlex-20191001-csv/3125#51714278>		"tjaŋ.1 tjaŋ.1"@giq	
"ceɨ.3"@lic	<https://panlex.org/snapshot/panlex-20191001-csv/3125#51713981>				<https://panlex.org/snapshot/panlex-20191001-csv/3125#51713989>		"sɨ.4 laŋ.4"@giq	
