"pei"@mtt	<https://panlex.org/snapshot/panlex-20191001-csv/12#851067>				<https://panlex.org/snapshot/panlex-20191001-csv/12#850922>		"vai"@fut	
"nonom"@mtt	<https://panlex.org/snapshot/panlex-20191001-csv/114#8062159>				<https://panlex.org/snapshot/panlex-20191001-csv/114#8062008>		"manatu/nea"@fut	
"varai"@mtt	<https://panlex.org/snapshot/panlex-20191001-csv/114#8060072>				<https://panlex.org/snapshot/panlex-20191001-csv/114#8059904>		"ate"@fut	
"qatagpanei"@mtt	<https://panlex.org/snapshot/panlex-20191001-csv/114#8061139>				<https://panlex.org/snapshot/panlex-20191001-csv/114#8060984>		"pakau"@fut	
"mapsag"@mtt	<https://panlex.org/snapshot/panlex-20191001-csv/114#8065816>				<https://panlex.org/snapshot/panlex-20191001-csv/114#8065669>		"manava"@fut	
"viro"@mtt	<https://panlex.org/snapshot/panlex-20191001-csv/114#8055531>				<https://panlex.org/snapshot/panlex-20191001-csv/114#8055366>		"tafuri"@fut	
"ului"@mtt	<https://panlex.org/snapshot/panlex-20191001-csv/114#8064775>				<https://panlex.org/snapshot/panlex-20191001-csv/114#8064601>		"furu"@fut	
"ului"@mtt	<https://panlex.org/snapshot/panlex-20191001-csv/114#8064775>				<https://panlex.org/snapshot/panlex-20191001-csv/114#8064602>		"ra-uru"@fut	
"pei"@mtt	<https://panlex.org/snapshot/panlex-20191001-csv/11#787668>				<https://panlex.org/snapshot/panlex-20191001-csv/11#787560>		"vai"@fut	
