"pei"@mtt	<https://panlex.org/snapshot/panlex-20191001-csv/12#851067>				<https://panlex.org/snapshot/panlex-20191001-csv/12#851111>		"vai"@pmt	
"one"@mtt	<https://panlex.org/snapshot/panlex-20191001-csv/15#967038>				<https://panlex.org/snapshot/panlex-20191001-csv/15#967051>		"one"@pmt	
"mate-sala"@mtt	<https://panlex.org/snapshot/panlex-20191001-csv/114#8054532>				<https://panlex.org/snapshot/panlex-20191001-csv/114#8054593>		"ara"@pmt	
"vinitiu"@mtt	<https://panlex.org/snapshot/panlex-20191001-csv/114#8057533>				<https://panlex.org/snapshot/panlex-20191001-csv/114#8057589>		"kiri"@pmt	
"nonom"@mtt	<https://panlex.org/snapshot/panlex-20191001-csv/114#8062159>				<https://panlex.org/snapshot/panlex-20191001-csv/114#8062217>		"mahara"@pmt	
"varai"@mtt	<https://panlex.org/snapshot/panlex-20191001-csv/114#8060072>				<https://panlex.org/snapshot/panlex-20191001-csv/114#8060126>		"ate"@pmt	
"qatagpanei"@mtt	<https://panlex.org/snapshot/panlex-20191001-csv/114#8061139>				<https://panlex.org/snapshot/panlex-20191001-csv/114#8061196>		"pakihivi"@pmt	
"qatagpanei"@mtt	<https://panlex.org/snapshot/panlex-20191001-csv/114#8061139>				<https://panlex.org/snapshot/panlex-20191001-csv/114#8061197>		"pakihui"@pmt	
"mapsag"@mtt	<https://panlex.org/snapshot/panlex-20191001-csv/114#8065816>				<https://panlex.org/snapshot/panlex-20191001-csv/114#8065868>		"haa"@pmt	
"mapsag"@mtt	<https://panlex.org/snapshot/panlex-20191001-csv/114#8065816>				<https://panlex.org/snapshot/panlex-20191001-csv/114#8065870>		"manava"@pmt	
"mapsag"@mtt	<https://panlex.org/snapshot/panlex-20191001-csv/114#8065816>				<https://panlex.org/snapshot/panlex-20191001-csv/114#8065869>		"haa/haa"@pmt	
"mapsag"@mtt	<https://panlex.org/snapshot/panlex-20191001-csv/114#8065816>				<https://panlex.org/snapshot/panlex-20191001-csv/114#8065871>		"ŋaa"@pmt	
"viro"@mtt	<https://panlex.org/snapshot/panlex-20191001-csv/114#8055531>				<https://panlex.org/snapshot/panlex-20191001-csv/114#8055592>		"huri"@pmt	
"ului"@mtt	<https://panlex.org/snapshot/panlex-20191001-csv/114#8064775>				<https://panlex.org/snapshot/panlex-20191001-csv/114#8064837>		"huru"@pmt	
"ului"@mtt	<https://panlex.org/snapshot/panlex-20191001-csv/114#8064775>				<https://panlex.org/snapshot/panlex-20191001-csv/114#8064838>		"roouru"@pmt	
"pei"@mtt	<https://panlex.org/snapshot/panlex-20191001-csv/11#787668>				<https://panlex.org/snapshot/panlex-20191001-csv/11#787703>		"vai"@pmt	
