"roróa"@gil	<https://panlex.org/snapshot/panlex-20191001-csv/114#8064074>				<https://panlex.org/snapshot/panlex-20191001-csv/114#8064467>		"geli- kabayo"@xmt	
"butæ"@gil	<https://panlex.org/snapshot/panlex-20191001-csv/114#8053816>				<https://panlex.org/snapshot/panlex-20191001-csv/114#8054254>		"-tag"@xmt	
"áto"@gil	<https://panlex.org/snapshot/panlex-20191001-csv/114#8059912>				<https://panlex.org/snapshot/panlex-20191001-csv/114#8060276>		"aipuo"@xmt	
"uáua"@gil	<https://panlex.org/snapshot/panlex-20191001-csv/114#8055869>				<https://panlex.org/snapshot/panlex-20191001-csv/114#8056264>		"-mas"@xmt	
"nákonako"@gil	<https://panlex.org/snapshot/panlex-20191001-csv/114#8053819>				<https://panlex.org/snapshot/panlex-20191001-csv/114#8054254>		"-tag"@xmt	
"ke"@gil	<https://panlex.org/snapshot/panlex-20191001-csv/114#8054873>				<https://panlex.org/snapshot/panlex-20191001-csv/114#8055250>		"mata"@xmt	
"bʼáiri"@gil	<https://panlex.org/snapshot/panlex-20191001-csv/114#8065160>				<https://panlex.org/snapshot/panlex-20191001-csv/114#8065564>		"senu-"@xmt	
"kun"@gil	<https://panlex.org/snapshot/panlex-20191001-csv/114#8057364>				<https://panlex.org/snapshot/panlex-20191001-csv/114#8057751>		"kaino"@xmt	
"íra n átu"@gil	<https://panlex.org/snapshot/panlex-20191001-csv/114#8064611>				<https://panlex.org/snapshot/panlex-20191001-csv/114#8065018>		"pa"@xmt	
"ki"@gil	<https://panlex.org/snapshot/panlex-20191001-csv/114#8054874>				<https://panlex.org/snapshot/panlex-20191001-csv/114#8055250>		"mata"@xmt	
"makina"@gil	<https://panlex.org/snapshot/panlex-20191001-csv/114#8062484>				<https://panlex.org/snapshot/panlex-20191001-csv/114#8062863>		"-mtat"@xmt	
"bíroto"@gil	<https://panlex.org/snapshot/panlex-20191001-csv/114#8058392>				<https://panlex.org/snapshot/panlex-20191001-csv/114#8058814>		"nia-"@xmt	
"áku"@gil	<https://panlex.org/snapshot/panlex-20191001-csv/114#8057878>				<https://panlex.org/snapshot/panlex-20191001-csv/114#8058252>		"uta-"@xmt	
"búbu"@gil	<https://panlex.org/snapshot/panlex-20191001-csv/114#8056886>				<https://panlex.org/snapshot/panlex-20191001-csv/114#8057231>		"kaplas"@xmt	
"tæn"@gil	<https://panlex.org/snapshot/panlex-20191001-csv/114#8055374>				<https://panlex.org/snapshot/panlex-20191001-csv/114#8055738>		"mafu-"@xmt	
"karae"@gil	<https://panlex.org/snapshot/panlex-20191001-csv/114#8053817>				<https://panlex.org/snapshot/panlex-20191001-csv/114#8054254>		"-tag"@xmt	
"káwai"@gil	<https://panlex.org/snapshot/panlex-20191001-csv/114#8054386>				<https://panlex.org/snapshot/panlex-20191001-csv/114#8054747>		"tag"@xmt	
