"roróa"@gil	<https://panlex.org/snapshot/panlex-20191001-csv/114#8064074>				<https://panlex.org/snapshot/panlex-20191001-csv/114#8064345>		"tuŋoĕ"@sne	
"butæ"@gil	<https://panlex.org/snapshot/panlex-20191001-csv/114#8053816>				<https://panlex.org/snapshot/panlex-20191001-csv/114#8054128>		"ponu"@sne	
"áto"@gil	<https://panlex.org/snapshot/panlex-20191001-csv/114#8059912>				<https://panlex.org/snapshot/panlex-20191001-csv/114#8060171>		"atin"@sne	
"uáua"@gil	<https://panlex.org/snapshot/panlex-20191001-csv/114#8055869>				<https://panlex.org/snapshot/panlex-20191001-csv/114#8056152>		"naŋuy"@sne	
"nákonako"@gil	<https://panlex.org/snapshot/panlex-20191001-csv/114#8053819>				<https://panlex.org/snapshot/panlex-20191001-csv/114#8054128>		"ponu"@sne	
"ke"@gil	<https://panlex.org/snapshot/panlex-20191001-csv/114#8054873>				<https://panlex.org/snapshot/panlex-20191001-csv/114#8055144>		"nug"@sne	
"bʼáiri"@gil	<https://panlex.org/snapshot/panlex-20191001-csv/114#8065160>				<https://panlex.org/snapshot/panlex-20191001-csv/114#8065443>		"nuŋ"@sne	
"kun"@gil	<https://panlex.org/snapshot/panlex-20191001-csv/114#8057364>				<https://panlex.org/snapshot/panlex-20191001-csv/114#8057638>		"kurit"@sne	
"íra n átu"@gil	<https://panlex.org/snapshot/panlex-20191001-csv/114#8064611>				<https://panlex.org/snapshot/panlex-20191001-csv/114#8064890>		"boek"@sne	
"ki"@gil	<https://panlex.org/snapshot/panlex-20191001-csv/114#8054874>				<https://panlex.org/snapshot/panlex-20191001-csv/114#8055144>		"nug"@sne	
"makina"@gil	<https://panlex.org/snapshot/panlex-20191001-csv/114#8062484>				<https://panlex.org/snapshot/panlex-20191001-csv/114#8062765>		"toru"@sne	
"bíroto"@gil	<https://panlex.org/snapshot/panlex-20191001-csv/114#8058392>				<https://panlex.org/snapshot/panlex-20191001-csv/114#8058693>		"tain"@sne	
"áku"@gil	<https://panlex.org/snapshot/panlex-20191001-csv/114#8057878>				<https://panlex.org/snapshot/panlex-20191001-csv/114#8058143>		"dug"@sne	
"búbu"@gil	<https://panlex.org/snapshot/panlex-20191001-csv/114#8056886>				<https://panlex.org/snapshot/panlex-20191001-csv/114#8057137>		"abux"@sne	
"búbu"@gil	<https://panlex.org/snapshot/panlex-20191001-csv/114#8056886>				<https://panlex.org/snapshot/panlex-20191001-csv/114#8057138>		"sapok"@sne	
"tæn"@gil	<https://panlex.org/snapshot/panlex-20191001-csv/114#8055374>				<https://panlex.org/snapshot/panlex-20191001-csv/114#8055644>		"kus"@sne	
"karae"@gil	<https://panlex.org/snapshot/panlex-20191001-csv/114#8053817>				<https://panlex.org/snapshot/panlex-20191001-csv/114#8054128>		"ponu"@sne	
"káwai"@gil	<https://panlex.org/snapshot/panlex-20191001-csv/114#8054386>				<https://panlex.org/snapshot/panlex-20191001-csv/114#8054637>		"aran"@sne	
