"ran"@gil	<https://panlex.org/snapshot/panlex-20191001-csv/12#850928>				<https://panlex.org/snapshot/panlex-20191001-csv/12#850949>		"kuma heleana"@hoa	
"roróa"@gil	<https://panlex.org/snapshot/panlex-20191001-csv/114#8064074>				<https://panlex.org/snapshot/panlex-20191001-csv/114#8064084>		"rua"@hoa	
"butæ"@gil	<https://panlex.org/snapshot/panlex-20191001-csv/114#8053816>				<https://panlex.org/snapshot/panlex-20191001-csv/114#8053830>		"asa[so]"@hoa	
"áto"@gil	<https://panlex.org/snapshot/panlex-20191001-csv/114#8059912>				<https://panlex.org/snapshot/panlex-20191001-csv/114#8059921>		"kola"@hoa	
"uáua"@gil	<https://panlex.org/snapshot/panlex-20191001-csv/114#8055869>				<https://panlex.org/snapshot/panlex-20191001-csv/114#8055879>		"ruasa"@hoa	
"nákonako"@gil	<https://panlex.org/snapshot/panlex-20191001-csv/114#8053819>				<https://panlex.org/snapshot/panlex-20191001-csv/114#8053830>		"asa[so]"@hoa	
"ke"@gil	<https://panlex.org/snapshot/panlex-20191001-csv/114#8054873>				<https://panlex.org/snapshot/panlex-20191001-csv/114#8054885>		"mae"@hoa	
"bʼáiri"@gil	<https://panlex.org/snapshot/panlex-20191001-csv/114#8065160>				<https://panlex.org/snapshot/panlex-20191001-csv/114#8065170>		"isu"@hoa	
"kun"@gil	<https://panlex.org/snapshot/panlex-20191001-csv/114#8057364>				<https://panlex.org/snapshot/panlex-20191001-csv/114#8057374>		"kaha"@hoa	
"ki"@gil	<https://panlex.org/snapshot/panlex-20191001-csv/114#8054874>				<https://panlex.org/snapshot/panlex-20191001-csv/114#8054885>		"mae"@hoa	
"makina"@gil	<https://panlex.org/snapshot/panlex-20191001-csv/114#8062484>				<https://panlex.org/snapshot/panlex-20191001-csv/114#8062496>		"tahiko"@hoa	
"bíroto"@gil	<https://panlex.org/snapshot/panlex-20191001-csv/114#8058392>				<https://panlex.org/snapshot/panlex-20191001-csv/114#8058402>		"tia-"@hoa	
"áku"@gil	<https://panlex.org/snapshot/panlex-20191001-csv/114#8057878>				<https://panlex.org/snapshot/panlex-20191001-csv/114#8057890>		"hari-"@hoa	
"búbu"@gil	<https://panlex.org/snapshot/panlex-20191001-csv/114#8056886>				<https://panlex.org/snapshot/panlex-20191001-csv/114#8056899>		"kavuru"@hoa	
"tæn"@gil	<https://panlex.org/snapshot/panlex-20191001-csv/114#8055374>				<https://panlex.org/snapshot/panlex-20191001-csv/114#8055383>		"taviɣiri"@hoa	
"karae"@gil	<https://panlex.org/snapshot/panlex-20191001-csv/114#8053817>				<https://panlex.org/snapshot/panlex-20191001-csv/114#8053830>		"asa[so]"@hoa	
"káwai"@gil	<https://panlex.org/snapshot/panlex-20191001-csv/114#8054386>				<https://panlex.org/snapshot/panlex-20191001-csv/114#8054395>		"soana"@hoa	
"ran"@gil	<https://panlex.org/snapshot/panlex-20191001-csv/11#787565>				<https://panlex.org/snapshot/panlex-20191001-csv/11#787584>		"kuma heleana"@hoa	
