"Gambia"@smn	<https://panlex.org/snapshot/panlex-20191001-csv/6898#113631314>				<https://panlex.org/snapshot/panlex-20191001-csv/6898#113631337>		"Gambiya"@nd	
"Eestieennâm"@smn	<https://panlex.org/snapshot/panlex-20191001-csv/6898#113601381>				<https://panlex.org/snapshot/panlex-20191001-csv/6898#113601512>		"Estonia"@nd	
"Kolumbia"@smn	<https://panlex.org/snapshot/panlex-20191001-csv/6898#113620776>				<https://panlex.org/snapshot/panlex-20191001-csv/6898#113620670>		"Kholombiya"@nd	
"Mikronesia littoväldi"@smn	<https://panlex.org/snapshot/panlex-20191001-csv/6898#113597192>				<https://panlex.org/snapshot/panlex-20191001-csv/6898#113597274>		"Micronesia"@nd	
"Puerto Rico"@smn	<https://panlex.org/snapshot/panlex-20191001-csv/6898#113612390>				<https://panlex.org/snapshot/panlex-20191001-csv/6898#113612366>		"Puerto Rico"@nd	
"Vatikan"@smn	<https://panlex.org/snapshot/panlex-20191001-csv/6898#113629681>				<https://panlex.org/snapshot/panlex-20191001-csv/6898#113629700>		"Vatican State"@nd	
"Anguilla"@smn	<https://panlex.org/snapshot/panlex-20191001-csv/6898#113587603>				<https://panlex.org/snapshot/panlex-20191001-csv/6898#113587604>		"Anguilla"@nd	
"Irak"@smn	<https://panlex.org/snapshot/panlex-20191001-csv/6898#113633706>				<https://panlex.org/snapshot/panlex-20191001-csv/6898#113633777>		"Iraki"@nd	
"Turkki"@smn	<https://panlex.org/snapshot/panlex-20191001-csv/6898#113612029>				<https://panlex.org/snapshot/panlex-20191001-csv/6898#113612112>		"Thekhi"@nd	
"Senegal"@smn	<https://panlex.org/snapshot/panlex-20191001-csv/6898#113591201>				<https://panlex.org/snapshot/panlex-20191001-csv/6898#113591158>		"Senegali"@nd	
"Malediveh"@smn	<https://panlex.org/snapshot/panlex-20191001-csv/6898#113641694>				<https://panlex.org/snapshot/panlex-20191001-csv/6898#113641793>		"Maldives"@nd	
"Mali"@smn	<https://panlex.org/snapshot/panlex-20191001-csv/6898#113615100>				<https://panlex.org/snapshot/panlex-20191001-csv/6898#113615077>		"Mali"@nd	
"Guyana"@smn	<https://panlex.org/snapshot/panlex-20191001-csv/6898#113628114>				<https://panlex.org/snapshot/panlex-20191001-csv/6898#113628111>		"Guyana"@nd	
"Venezuela"@smn	<https://panlex.org/snapshot/panlex-20191001-csv/6898#113597569>				<https://panlex.org/snapshot/panlex-20191001-csv/6898#113597587>		"Venezuela"@nd	
"Tšad"@smn	<https://panlex.org/snapshot/panlex-20191001-csv/6898#113643234>				<https://panlex.org/snapshot/panlex-20191001-csv/6898#113643271>		"Chadi"@nd	
"Mayotte"@smn	<https://panlex.org/snapshot/panlex-20191001-csv/6898#113603897>				<https://panlex.org/snapshot/panlex-20191001-csv/6898#113603991>		"Mayotte"@nd	
"Slovenia"@smn	<https://panlex.org/snapshot/panlex-20191001-csv/6898#113636727>				<https://panlex.org/snapshot/panlex-20191001-csv/6898#113636698>		"Slovenia"@nd	
"Ruoššâ"@smn	<https://panlex.org/snapshot/panlex-20191001-csv/6898#113645931>				<https://panlex.org/snapshot/panlex-20191001-csv/6898#113645839>		"Rashiya"@nd	
"Tonga"@smn	<https://panlex.org/snapshot/panlex-20191001-csv/6898#113610707>				<https://panlex.org/snapshot/panlex-20191001-csv/6898#113610775>		"Thonga"@nd	
"Tansania"@smn	<https://panlex.org/snapshot/panlex-20191001-csv/6898#113627840>				<https://panlex.org/snapshot/panlex-20191001-csv/6898#113627729>		"Tanzaniya"@nd	
"St. Kitts já Nevis"@smn	<https://panlex.org/snapshot/panlex-20191001-csv/6898#113634383>				<https://panlex.org/snapshot/panlex-20191001-csv/6898#113634441>		"Saint Kitts and Nevis"@nd	
"Niue"@smn	<https://panlex.org/snapshot/panlex-20191001-csv/6898#113641374>				<https://panlex.org/snapshot/panlex-20191001-csv/6898#113641351>		"Niue"@nd	
"Mongolia"@smn	<https://panlex.org/snapshot/panlex-20191001-csv/6898#113621603>				<https://panlex.org/snapshot/panlex-20191001-csv/6898#113621500>		"Mongolia"@nd	
"USA"@smn	<https://panlex.org/snapshot/panlex-20191001-csv/6898#113597977>				<https://panlex.org/snapshot/panlex-20191001-csv/6898#113598036>		"Amelika"@nd	
"Salomosuolluuh"@smn	<https://panlex.org/snapshot/panlex-20191001-csv/6898#113602454>				<https://panlex.org/snapshot/panlex-20191001-csv/6898#113602287>		"Solomon Islands"@nd	
"Nuorttâriijkâ"@smn	<https://panlex.org/snapshot/panlex-20191001-csv/6898#113616339>				<https://panlex.org/snapshot/panlex-20191001-csv/6898#113616312>		"Austria"@nd	
"Tadžikistan"@smn	<https://panlex.org/snapshot/panlex-20191001-csv/6898#113590256>				<https://panlex.org/snapshot/panlex-20191001-csv/6898#113590155>		"Tajikistan"@nd	
"Liberia"@smn	<https://panlex.org/snapshot/panlex-20191001-csv/6898#113605614>				<https://panlex.org/snapshot/panlex-20191001-csv/6898#113605541>		"Libheriya"@nd	
"Bulgaria"@smn	<https://panlex.org/snapshot/panlex-20191001-csv/6898#113631200>				<https://panlex.org/snapshot/panlex-20191001-csv/6898#113631036>		"Bhulgariya"@nd	
"Ranska Guyana"@smn	<https://panlex.org/snapshot/panlex-20191001-csv/6898#113644479>				<https://panlex.org/snapshot/panlex-20191001-csv/6898#113644488>		"Gwiyana ye Furansi"@nd	
"Brasilia"@smn	<https://panlex.org/snapshot/panlex-20191001-csv/6898#113645298>				<https://panlex.org/snapshot/panlex-20191001-csv/6898#113645409>		"Brazili"@nd	
"Mauritania"@smn	<https://panlex.org/snapshot/panlex-20191001-csv/6898#113636353>				<https://panlex.org/snapshot/panlex-20191001-csv/6898#113636437>		"Mauritania"@nd	
"Bahrain"@smn	<https://panlex.org/snapshot/panlex-20191001-csv/6898#113595990>				<https://panlex.org/snapshot/panlex-20191001-csv/6898#113596079>		"Bhahareni"@nd	
"Kuwait"@smn	<https://panlex.org/snapshot/panlex-20191001-csv/6898#113605788>				<https://panlex.org/snapshot/panlex-20191001-csv/6898#113605906>		"Khuweiti"@nd	
"Burkina Faso"@smn	<https://panlex.org/snapshot/panlex-20191001-csv/6898#113632450>				<https://panlex.org/snapshot/panlex-20191001-csv/6898#113632508>		"Bhukina Faso"@nd	
"Bangladesh"@smn	<https://panlex.org/snapshot/panlex-20191001-csv/6898#113632182>				<https://panlex.org/snapshot/panlex-20191001-csv/6898#113632157>		"Bhangiladeshi"@nd	
"Ruotâ"@smn	<https://panlex.org/snapshot/panlex-20191001-csv/6898#113639840>				<https://panlex.org/snapshot/panlex-20191001-csv/6898#113639771>		"Sweden"@nd	
"Tuvalu"@smn	<https://panlex.org/snapshot/panlex-20191001-csv/6898#113610357>				<https://panlex.org/snapshot/panlex-20191001-csv/6898#113610317>		"Thuvalu"@nd	
"Mosambik"@smn	<https://panlex.org/snapshot/panlex-20191001-csv/6898#113603299>				<https://panlex.org/snapshot/panlex-20191001-csv/6898#113603373>		"Mozambique"@nd	
"Bahama"@smn	<https://panlex.org/snapshot/panlex-20191001-csv/6898#113592723>				<https://panlex.org/snapshot/panlex-20191001-csv/6898#113592772>		"Bhahamas"@nd	
"Dominikaanisâš täsiväldi"@smn	<https://panlex.org/snapshot/panlex-20191001-csv/6898#113603513>				<https://panlex.org/snapshot/panlex-20191001-csv/6898#113603426>		"Dominican Republic"@nd	
"Barbados"@smn	<https://panlex.org/snapshot/panlex-20191001-csv/6898#113620469>				<https://panlex.org/snapshot/panlex-20191001-csv/6898#113620434>		"Bhabhadosi"@nd	
"Sierra Leone"@smn	<https://panlex.org/snapshot/panlex-20191001-csv/6898#113637064>				<https://panlex.org/snapshot/panlex-20191001-csv/6898#113637055>		"Sierra Leone"@nd	
"Portugal"@smn	<https://panlex.org/snapshot/panlex-20191001-csv/6898#113628619>				<https://panlex.org/snapshot/panlex-20191001-csv/6898#113628581>		"Portugal"@nd	
"Romania"@smn	<https://panlex.org/snapshot/panlex-20191001-csv/6898#113618187>				<https://panlex.org/snapshot/panlex-20191001-csv/6898#113618297>		"Romania"@nd	
"Kongo täsiväldi"@smn	<https://panlex.org/snapshot/panlex-20191001-csv/6898#113599203>				<https://panlex.org/snapshot/panlex-20191001-csv/6898#113599258>		"Khongo"@nd	
"Koskâ-Afrika täsiväldi"@smn	<https://panlex.org/snapshot/panlex-20191001-csv/6898#113591447>				<https://panlex.org/snapshot/panlex-20191001-csv/6898#113591480>		"Central African Republic"@nd	
"Seychelleh"@smn	<https://panlex.org/snapshot/panlex-20191001-csv/6898#113602014>				<https://panlex.org/snapshot/panlex-20191001-csv/6898#113601851>		"Seychelles"@nd	
"Côte d’Ivoire"@smn	<https://panlex.org/snapshot/panlex-20191001-csv/6898#113640457>				<https://panlex.org/snapshot/panlex-20191001-csv/6898#113640460>		"Ivory Coast"@nd	
"Bosnia já Herzegovina"@smn	<https://panlex.org/snapshot/panlex-20191001-csv/6898#113596811>				<https://panlex.org/snapshot/panlex-20191001-csv/6898#113596805>		"Bhosnia le Herzegovina"@nd	
"Sudan"@smn	<https://panlex.org/snapshot/panlex-20191001-csv/6898#113632981>				<https://panlex.org/snapshot/panlex-20191001-csv/6898#113632996>		"Sudani"@nd	
"Guinea-Bissau"@smn	<https://panlex.org/snapshot/panlex-20191001-csv/6898#113616513>				<https://panlex.org/snapshot/panlex-20191001-csv/6898#113616582>		"Guinea-Bissau"@nd	
"Angola"@smn	<https://panlex.org/snapshot/panlex-20191001-csv/6898#113600010>				<https://panlex.org/snapshot/panlex-20191001-csv/6898#113599960>		"Angola"@nd	
"St. Vincent já Grenadines"@smn	<https://panlex.org/snapshot/panlex-20191001-csv/6898#113611957>				<https://panlex.org/snapshot/panlex-20191001-csv/6898#113611847>		"Saint Vincent and the Grenadines"@nd	
"St. Pierre já Miquelon"@smn	<https://panlex.org/snapshot/panlex-20191001-csv/6898#113588927>				<https://panlex.org/snapshot/panlex-20191001-csv/6898#113589073>		"Saint Pierre and Miquelon"@nd	
"Chile"@smn	<https://panlex.org/snapshot/panlex-20191001-csv/6898#113624728>				<https://panlex.org/snapshot/panlex-20191001-csv/6898#113624773>		"Chile"@nd	
"Suomâ"@smn	<https://panlex.org/snapshot/panlex-20191001-csv/6898#113641529>				<https://panlex.org/snapshot/panlex-20191001-csv/6898#113641646>		"Finland"@nd	
"Jaapaan"@smn	<https://panlex.org/snapshot/panlex-20191001-csv/6898#113634843>				<https://panlex.org/snapshot/panlex-20191001-csv/6898#113634801>		"Japan"@nd	
"Irland"@smn	<https://panlex.org/snapshot/panlex-20191001-csv/6898#113625881>				<https://panlex.org/snapshot/panlex-20191001-csv/6898#113625966>		"Ireland"@nd	
"Belgia"@smn	<https://panlex.org/snapshot/panlex-20191001-csv/6898#113643549>				<https://panlex.org/snapshot/panlex-20191001-csv/6898#113643550>		"Bhelgium"@nd	
"Costa Rica"@smn	<https://panlex.org/snapshot/panlex-20191001-csv/6898#113598455>				<https://panlex.org/snapshot/panlex-20191001-csv/6898#113598502>		"Khosta Rikha"@nd	
"Argentina"@smn	<https://panlex.org/snapshot/panlex-20191001-csv/6898#113642103>				<https://panlex.org/snapshot/panlex-20191001-csv/6898#113642172>		"Ajentina"@nd	
