"Gambia"@smn	<https://panlex.org/snapshot/panlex-20191001-csv/6898#113631314>				<https://panlex.org/snapshot/panlex-20191001-csv/6898#113631280>		"Gambia"@guz	
"Eestieennâm"@smn	<https://panlex.org/snapshot/panlex-20191001-csv/6898#113601381>				<https://panlex.org/snapshot/panlex-20191001-csv/6898#113601398>		"Estonia"@guz	
"Kolumbia"@smn	<https://panlex.org/snapshot/panlex-20191001-csv/6898#113620776>				<https://panlex.org/snapshot/panlex-20191001-csv/6898#113620654>		"Kolombia"@guz	
"Mikronesia littoväldi"@smn	<https://panlex.org/snapshot/panlex-20191001-csv/6898#113597192>				<https://panlex.org/snapshot/panlex-20191001-csv/6898#113597250>		"Mikronesia"@guz	
"Puerto Rico"@smn	<https://panlex.org/snapshot/panlex-20191001-csv/6898#113612390>				<https://panlex.org/snapshot/panlex-20191001-csv/6898#113612518>		"Pwetoriko"@guz	
"Vatikan"@smn	<https://panlex.org/snapshot/panlex-20191001-csv/6898#113629681>				<https://panlex.org/snapshot/panlex-20191001-csv/6898#113629784>		"Vatikani"@guz	
"Anguilla"@smn	<https://panlex.org/snapshot/panlex-20191001-csv/6898#113587603>				<https://panlex.org/snapshot/panlex-20191001-csv/6898#113587550>		"Anguilla"@guz	
"Irak"@smn	<https://panlex.org/snapshot/panlex-20191001-csv/6898#113633706>				<https://panlex.org/snapshot/panlex-20191001-csv/6898#113633830>		"Iraki"@guz	
"Turkki"@smn	<https://panlex.org/snapshot/panlex-20191001-csv/6898#113612029>				<https://panlex.org/snapshot/panlex-20191001-csv/6898#113612107>		"Uturuki"@guz	
"Senegal"@smn	<https://panlex.org/snapshot/panlex-20191001-csv/6898#113591201>				<https://panlex.org/snapshot/panlex-20191001-csv/6898#113591282>		"Senegali"@guz	
"Malediveh"@smn	<https://panlex.org/snapshot/panlex-20191001-csv/6898#113641694>				<https://panlex.org/snapshot/panlex-20191001-csv/6898#113641745>		"Modivu"@guz	
"Mali"@smn	<https://panlex.org/snapshot/panlex-20191001-csv/6898#113615100>				<https://panlex.org/snapshot/panlex-20191001-csv/6898#113615064>		"Mali"@guz	
"Guyana"@smn	<https://panlex.org/snapshot/panlex-20191001-csv/6898#113628114>				<https://panlex.org/snapshot/panlex-20191001-csv/6898#113628169>		"Guyana"@guz	
"Venezuela"@smn	<https://panlex.org/snapshot/panlex-20191001-csv/6898#113597569>				<https://panlex.org/snapshot/panlex-20191001-csv/6898#113597430>		"Venezuela"@guz	
"Tšad"@smn	<https://panlex.org/snapshot/panlex-20191001-csv/6898#113643234>				<https://panlex.org/snapshot/panlex-20191001-csv/6898#113643331>		"Chadi"@guz	
"Mayotte"@smn	<https://panlex.org/snapshot/panlex-20191001-csv/6898#113603897>				<https://panlex.org/snapshot/panlex-20191001-csv/6898#113604030>		"Mayotte"@guz	
"Slovenia"@smn	<https://panlex.org/snapshot/panlex-20191001-csv/6898#113636727>				<https://panlex.org/snapshot/panlex-20191001-csv/6898#113636585>		"Slovenia"@guz	
"Ruoššâ"@smn	<https://panlex.org/snapshot/panlex-20191001-csv/6898#113645931>				<https://panlex.org/snapshot/panlex-20191001-csv/6898#113645855>		"Urusi"@guz	
"Tonga"@smn	<https://panlex.org/snapshot/panlex-20191001-csv/6898#113610707>				<https://panlex.org/snapshot/panlex-20191001-csv/6898#113610661>		"Tonga"@guz	
"Tansania"@smn	<https://panlex.org/snapshot/panlex-20191001-csv/6898#113627840>				<https://panlex.org/snapshot/panlex-20191001-csv/6898#113627747>		"Tanzania"@guz	
"St. Kitts já Nevis"@smn	<https://panlex.org/snapshot/panlex-20191001-csv/6898#113634383>				<https://panlex.org/snapshot/panlex-20191001-csv/6898#113634336>		"Santakitzi na Nevis"@guz	
"Niue"@smn	<https://panlex.org/snapshot/panlex-20191001-csv/6898#113641374>				<https://panlex.org/snapshot/panlex-20191001-csv/6898#113641425>		"Niue"@guz	
"Mongolia"@smn	<https://panlex.org/snapshot/panlex-20191001-csv/6898#113621603>				<https://panlex.org/snapshot/panlex-20191001-csv/6898#113621543>		"Mongolia"@guz	
"USA"@smn	<https://panlex.org/snapshot/panlex-20191001-csv/6898#113597977>				<https://panlex.org/snapshot/panlex-20191001-csv/6898#113598024>		"Marekani"@guz	
"Salomosuolluuh"@smn	<https://panlex.org/snapshot/panlex-20191001-csv/6898#113602454>				<https://panlex.org/snapshot/panlex-20191001-csv/6898#113602419>		"Visiwa vya Solomon"@guz	
"Nuorttâriijkâ"@smn	<https://panlex.org/snapshot/panlex-20191001-csv/6898#113616339>				<https://panlex.org/snapshot/panlex-20191001-csv/6898#113616232>		"Austria"@guz	
"Tadžikistan"@smn	<https://panlex.org/snapshot/panlex-20191001-csv/6898#113590256>				<https://panlex.org/snapshot/panlex-20191001-csv/6898#113590207>		"Tajikistani"@guz	
"Liberia"@smn	<https://panlex.org/snapshot/panlex-20191001-csv/6898#113605614>				<https://panlex.org/snapshot/panlex-20191001-csv/6898#113605468>		"Liberia"@guz	
"Bulgaria"@smn	<https://panlex.org/snapshot/panlex-20191001-csv/6898#113631200>				<https://panlex.org/snapshot/panlex-20191001-csv/6898#113631153>		"Bulgaria"@guz	
"Ranska Guyana"@smn	<https://panlex.org/snapshot/panlex-20191001-csv/6898#113644479>				<https://panlex.org/snapshot/panlex-20191001-csv/6898#113644419>		"Gwiyana ya Ufaransa"@guz	
"Brasilia"@smn	<https://panlex.org/snapshot/panlex-20191001-csv/6898#113645298>				<https://panlex.org/snapshot/panlex-20191001-csv/6898#113645324>		"Brazili"@guz	
"Mauritania"@smn	<https://panlex.org/snapshot/panlex-20191001-csv/6898#113636353>				<https://panlex.org/snapshot/panlex-20191001-csv/6898#113636470>		"Moritania"@guz	
"Bahrain"@smn	<https://panlex.org/snapshot/panlex-20191001-csv/6898#113595990>				<https://panlex.org/snapshot/panlex-20191001-csv/6898#113596140>		"Bahareni"@guz	
"Kuwait"@smn	<https://panlex.org/snapshot/panlex-20191001-csv/6898#113605788>				<https://panlex.org/snapshot/panlex-20191001-csv/6898#113605934>		"Kuwaiti"@guz	
"Burkina Faso"@smn	<https://panlex.org/snapshot/panlex-20191001-csv/6898#113632450>				<https://panlex.org/snapshot/panlex-20191001-csv/6898#113632506>		"Bukinafaso"@guz	
"Bangladesh"@smn	<https://panlex.org/snapshot/panlex-20191001-csv/6898#113632182>				<https://panlex.org/snapshot/panlex-20191001-csv/6898#113632290>		"Bangladeshi"@guz	
"Ruotâ"@smn	<https://panlex.org/snapshot/panlex-20191001-csv/6898#113639840>				<https://panlex.org/snapshot/panlex-20191001-csv/6898#113639815>		"Uswidi"@guz	
"Tuvalu"@smn	<https://panlex.org/snapshot/panlex-20191001-csv/6898#113610357>				<https://panlex.org/snapshot/panlex-20191001-csv/6898#113610308>		"Tuvalu"@guz	
"Mosambik"@smn	<https://panlex.org/snapshot/panlex-20191001-csv/6898#113603299>				<https://panlex.org/snapshot/panlex-20191001-csv/6898#113603274>		"Msumbiji"@guz	
"Bahama"@smn	<https://panlex.org/snapshot/panlex-20191001-csv/6898#113592723>				<https://panlex.org/snapshot/panlex-20191001-csv/6898#113592776>		"Bahama"@guz	
"Dominikaanisâš täsiväldi"@smn	<https://panlex.org/snapshot/panlex-20191001-csv/6898#113603513>				<https://panlex.org/snapshot/panlex-20191001-csv/6898#113603496>		"Jamhuri ya Dominika"@guz	
"Barbados"@smn	<https://panlex.org/snapshot/panlex-20191001-csv/6898#113620469>				<https://panlex.org/snapshot/panlex-20191001-csv/6898#113620377>		"Babadosi"@guz	
"Sierra Leone"@smn	<https://panlex.org/snapshot/panlex-20191001-csv/6898#113637064>				<https://panlex.org/snapshot/panlex-20191001-csv/6898#113637028>		"Siera Leoni"@guz	
"Portugal"@smn	<https://panlex.org/snapshot/panlex-20191001-csv/6898#113628619>				<https://panlex.org/snapshot/panlex-20191001-csv/6898#113628690>		"Ureno"@guz	
"Romania"@smn	<https://panlex.org/snapshot/panlex-20191001-csv/6898#113618187>				<https://panlex.org/snapshot/panlex-20191001-csv/6898#113618135>		"Romania"@guz	
"Kongo täsiväldi"@smn	<https://panlex.org/snapshot/panlex-20191001-csv/6898#113599203>				<https://panlex.org/snapshot/panlex-20191001-csv/6898#113599035>		"Kongo"@guz	
"Koskâ-Afrika täsiväldi"@smn	<https://panlex.org/snapshot/panlex-20191001-csv/6898#113591447>				<https://panlex.org/snapshot/panlex-20191001-csv/6898#113591371>		"Jamhuri ya Afrika ya Kati"@guz	
"Seychelleh"@smn	<https://panlex.org/snapshot/panlex-20191001-csv/6898#113602014>				<https://panlex.org/snapshot/panlex-20191001-csv/6898#113601998>		"Shelisheli"@guz	
"Côte d’Ivoire"@smn	<https://panlex.org/snapshot/panlex-20191001-csv/6898#113640457>				<https://panlex.org/snapshot/panlex-20191001-csv/6898#113640485>		"Kodivaa"@guz	
"Bosnia já Herzegovina"@smn	<https://panlex.org/snapshot/panlex-20191001-csv/6898#113596811>				<https://panlex.org/snapshot/panlex-20191001-csv/6898#113596835>		"Bosnia na Hezegovina"@guz	
"Sudan"@smn	<https://panlex.org/snapshot/panlex-20191001-csv/6898#113632981>				<https://panlex.org/snapshot/panlex-20191001-csv/6898#113633037>		"Sudani"@guz	
"Guinea-Bissau"@smn	<https://panlex.org/snapshot/panlex-20191001-csv/6898#113616513>				<https://panlex.org/snapshot/panlex-20191001-csv/6898#113616611>		"Ginebisau"@guz	
"Angola"@smn	<https://panlex.org/snapshot/panlex-20191001-csv/6898#113600010>				<https://panlex.org/snapshot/panlex-20191001-csv/6898#113600062>		"Angola"@guz	
"St. Vincent já Grenadines"@smn	<https://panlex.org/snapshot/panlex-20191001-csv/6898#113611957>				<https://panlex.org/snapshot/panlex-20191001-csv/6898#113611776>		"Santavisenti na Grenadini"@guz	
"St. Pierre já Miquelon"@smn	<https://panlex.org/snapshot/panlex-20191001-csv/6898#113588927>				<https://panlex.org/snapshot/panlex-20191001-csv/6898#113588895>		"Santapieri na Mikeloni"@guz	
"Chile"@smn	<https://panlex.org/snapshot/panlex-20191001-csv/6898#113624728>				<https://panlex.org/snapshot/panlex-20191001-csv/6898#113624879>		"Chile"@guz	
"Suomâ"@smn	<https://panlex.org/snapshot/panlex-20191001-csv/6898#113641529>				<https://panlex.org/snapshot/panlex-20191001-csv/6898#113641592>		"Ufini"@guz	
"Jaapaan"@smn	<https://panlex.org/snapshot/panlex-20191001-csv/6898#113634843>				<https://panlex.org/snapshot/panlex-20191001-csv/6898#113634921>		"Japani"@guz	
"Irland"@smn	<https://panlex.org/snapshot/panlex-20191001-csv/6898#113625881>				<https://panlex.org/snapshot/panlex-20191001-csv/6898#113626004>		"Ayalandi"@guz	
"Belgia"@smn	<https://panlex.org/snapshot/panlex-20191001-csv/6898#113643549>				<https://panlex.org/snapshot/panlex-20191001-csv/6898#113643534>		"Ubelgiji"@guz	
"Costa Rica"@smn	<https://panlex.org/snapshot/panlex-20191001-csv/6898#113598455>				<https://panlex.org/snapshot/panlex-20191001-csv/6898#113598372>		"Kostarika"@guz	
"Argentina"@smn	<https://panlex.org/snapshot/panlex-20191001-csv/6898#113642103>				<https://panlex.org/snapshot/panlex-20191001-csv/6898#113642167>		"Ajentina"@guz	
