"pokadij"@mdf	<https://panlex.org/snapshot/panlex-20191001-csv/5939#80726119>				<https://panlex.org/snapshot/panlex-20191001-csv/5939#80726172>		"arbeider"@vls	
"pokadij"@mdf	<https://panlex.org/snapshot/panlex-20191001-csv/5939#80726119>				<https://panlex.org/snapshot/panlex-20191001-csv/5939#80726171>		"werkman"@vls	
"Рузмастор"@mdf	<https://panlex.org/snapshot/panlex-20191001-csv/5949#85319535>				<https://panlex.org/snapshot/panlex-20191001-csv/5949#85319633>		"Rusland"@vls	
"Латвие"@mdf	<https://panlex.org/snapshot/panlex-20191001-csv/5949#85314330>				<https://panlex.org/snapshot/panlex-20191001-csv/5949#85314400>		"Letland"@vls	
"Австралие"@mdf	<https://panlex.org/snapshot/panlex-20191001-csv/5949#85298180>				<https://panlex.org/snapshot/panlex-20191001-csv/5949#85298250>		"Australië"@vls	
"Суоми мастор"@mdf	<https://panlex.org/snapshot/panlex-20191001-csv/5949#85323216>				<https://panlex.org/snapshot/panlex-20191001-csv/5949#85323270>		"Finland"@vls	
