"Индустриянь революция"@mdf	<https://panlex.org/snapshot/panlex-20191001-csv/6709#111077217>				<https://panlex.org/snapshot/panlex-20191001-csv/6709#111077272>		"Промышленн революц"@xal	
"Кельме торпинге"@mdf	<https://panlex.org/snapshot/panlex-20191001-csv/6709#111077807>				<https://panlex.org/snapshot/panlex-20191001-csv/6709#111077732>		"Киитн дән"@xal	
"секунда"@mdf	<https://panlex.org/snapshot/panlex-20191001-csv/5950#85873806>				<https://panlex.org/snapshot/panlex-20191001-csv/5950#85873824>		"агчм"@xal	
"ванома"@mdf	<https://panlex.org/snapshot/panlex-20191001-csv/5946#84446255>				<https://panlex.org/snapshot/panlex-20191001-csv/5946#84446354>		"толь"@xal	
"Пакистан"@mdf	<https://panlex.org/snapshot/panlex-20191001-csv/5949#85317737>				<https://panlex.org/snapshot/panlex-20191001-csv/5949#85317768>		"Сарта Паксин Орн"@xal	
"Рузмастор"@mdf	<https://panlex.org/snapshot/panlex-20191001-csv/5949#85319535>				<https://panlex.org/snapshot/panlex-20191001-csv/5949#85319640>		"Әрәсә"@xal	
"Рава"@mdf	<https://panlex.org/snapshot/panlex-20191001-csv/5949#85305361>				<https://panlex.org/snapshot/panlex-20191001-csv/5949#85305382>		"Иҗл"@xal	
"августков"@mdf	<https://panlex.org/snapshot/panlex-20191001-csv/5949#85329432>				<https://panlex.org/snapshot/panlex-20191001-csv/5949#85329547>		"ноха"@xal	
"Латвие"@mdf	<https://panlex.org/snapshot/panlex-20191001-csv/5949#85314330>				<https://panlex.org/snapshot/panlex-20191001-csv/5949#85314405>		"Латдин Орн"@xal	
"Суоми мастор"@mdf	<https://panlex.org/snapshot/panlex-20191001-csv/5949#85323216>				<https://panlex.org/snapshot/panlex-20191001-csv/5949#85323273>		"Суһомудин Орн"@xal	
"Ингуш мастор"@mdf	<https://panlex.org/snapshot/panlex-20191001-csv/5949#85310197>				<https://panlex.org/snapshot/panlex-20191001-csv/5949#85310212>		"Иңһушин таңһч"@xal	
"медицина"@mdf	<https://panlex.org/snapshot/panlex-20191001-csv/2904#111023739>				<https://panlex.org/snapshot/panlex-20191001-csv/2904#111023634>		"медицин"@xal	
"медицина"@mdf	<https://panlex.org/snapshot/panlex-20191001-csv/2904#111023739>				<https://panlex.org/snapshot/panlex-20191001-csv/2904#111023614>		"эмчллһнә ном"@xal	
"астрономия"@mdf	<https://panlex.org/snapshot/panlex-20191001-csv/2904#111021950>				<https://panlex.org/snapshot/panlex-20191001-csv/2904#111022130>		"астроном"@xal	
"тонадома"@mdf	<https://panlex.org/snapshot/panlex-20191001-csv/2904#111024271>				<https://panlex.org/snapshot/panlex-20191001-csv/2904#111024245>		"наук"@xal	
"тонадома"@mdf	<https://panlex.org/snapshot/panlex-20191001-csv/2904#111024271>				<https://panlex.org/snapshot/panlex-20191001-csv/2904#111024373>		"ном"@xal	
"кимия"@mdf	<https://panlex.org/snapshot/panlex-20191001-csv/2904#111022566>				<https://panlex.org/snapshot/panlex-20191001-csv/2904#111022449>		"химий"@xal	
"аркитектура"@mdf	<https://panlex.org/snapshot/panlex-20191001-csv/2904#111021849>				<https://panlex.org/snapshot/panlex-20191001-csv/2904#111021778>		"урн тосхлт"@xal	
"аркитектура"@mdf	<https://panlex.org/snapshot/panlex-20191001-csv/2904#111021849>				<https://panlex.org/snapshot/panlex-20191001-csv/2904#111021803>		"архитектур"@xal	
"история"@mdf	<https://panlex.org/snapshot/panlex-20191001-csv/2904#111022908>				<https://panlex.org/snapshot/panlex-20191001-csv/2904#111022868>		"тууҗ"@xal	
"наука"@mdf	<https://panlex.org/snapshot/panlex-20191001-csv/2904#111024326>				<https://panlex.org/snapshot/panlex-20191001-csv/2904#111024245>		"наук"@xal	
"наука"@mdf	<https://panlex.org/snapshot/panlex-20191001-csv/2904#111024326>				<https://panlex.org/snapshot/panlex-20191001-csv/2904#111024373>		"ном"@xal	
"философия"@mdf	<https://panlex.org/snapshot/panlex-20191001-csv/2904#111023775>				<https://panlex.org/snapshot/panlex-20191001-csv/2904#111023894>		"философ"@xal	
"университет"@mdf	<https://panlex.org/snapshot/panlex-20191001-csv/2904#111024430>				<https://panlex.org/snapshot/panlex-20191001-csv/2904#111024534>		"университет"@xal	
"география"@mdf	<https://panlex.org/snapshot/panlex-20191001-csv/2904#111022780>				<https://panlex.org/snapshot/panlex-20191001-csv/2904#111022665>		"географ"@xal	
"физика"@mdf	<https://panlex.org/snapshot/panlex-20191001-csv/2904#111023979>				<https://panlex.org/snapshot/panlex-20191001-csv/2904#111023980>		"физик"@xal	
"математика"@mdf	<https://panlex.org/snapshot/panlex-20191001-csv/2904#111023467>				<https://panlex.org/snapshot/panlex-20191001-csv/2904#111023436>		"математик"@xal	
"биология"@mdf	<https://panlex.org/snapshot/panlex-20191001-csv/2904#111022153>				<https://panlex.org/snapshot/panlex-20191001-csv/2904#111022193>		"биолог"@xal	
"судоркс"@mdf	<https://panlex.org/snapshot/panlex-20191001-csv/2902#111012210>				<https://panlex.org/snapshot/panlex-20191001-csv/2902#111012055>		"эв"@xal	
"судоркс"@mdf	<https://panlex.org/snapshot/panlex-20191001-csv/2902#111012210>				<https://panlex.org/snapshot/panlex-20191001-csv/2902#111012321>		"төвкнүн"@xal	
"Рава"@mdf	<https://panlex.org/snapshot/panlex-20191001-csv/2903#110873592>				<https://panlex.org/snapshot/panlex-20191001-csv/2903#110873662>		"Иҗл"@xal	
"Каспийонь иневедь"@mdf	<https://panlex.org/snapshot/panlex-20191001-csv/2905#110869690>				<https://panlex.org/snapshot/panlex-20191001-csv/2905#110869740>		"Көк теңгс"@xal	
"Персонь ведьзюра"@mdf	<https://panlex.org/snapshot/panlex-20191001-csv/2905#110870733>				<https://panlex.org/snapshot/panlex-20191001-csv/2905#110870732>		"Персин көл уcн"@xal	
"Бенгалонь ведьзюра"@mdf	<https://panlex.org/snapshot/panlex-20191001-csv/2905#110868919>				<https://panlex.org/snapshot/panlex-20191001-csv/2905#110868924>		"Бенгалын көл уcн"@xal	
"Кула иневедь"@mdf	<https://panlex.org/snapshot/panlex-20191001-csv/2905#110869917>				<https://panlex.org/snapshot/panlex-20191001-csv/2905#110869985>		"Үксн теңгс"@xal	
"Пялевень иневедь"@mdf	<https://panlex.org/snapshot/panlex-20191001-csv/2905#110870652>				<https://panlex.org/snapshot/panlex-20191001-csv/2905#110870608>		"Ар үзгин теңгс"@xal	
"Якстерь иневедь"@mdf	<https://panlex.org/snapshot/panlex-20191001-csv/2905#110871048>				<https://panlex.org/snapshot/panlex-20191001-csv/2905#110871055>		"Улан теңгс"@xal	
"Балтонь иневедь"@mdf	<https://panlex.org/snapshot/panlex-20191001-csv/2905#110868793>				<https://panlex.org/snapshot/panlex-20191001-csv/2905#110868685>		"Балтын теңгс"@xal	
"Арабонь иневедь"@mdf	<https://panlex.org/snapshot/panlex-20191001-csv/2905#110868460>				<https://panlex.org/snapshot/panlex-20191001-csv/2905#110868532>		"Араб теңгс"@xal	
"Равжа иневедь"@mdf	<https://panlex.org/snapshot/panlex-20191001-csv/2905#110869101>				<https://panlex.org/snapshot/panlex-20191001-csv/2905#110869221>		"Хар теңгс"@xal	
"Тюжя иневедь"@mdf	<https://panlex.org/snapshot/panlex-20191001-csv/2905#110871616>				<https://panlex.org/snapshot/panlex-20191001-csv/2905#110871600>		"Шар теңгс"@xal	
"Акша иневедь"@mdf	<https://panlex.org/snapshot/panlex-20191001-csv/2905#110871451>				<https://panlex.org/snapshot/panlex-20191001-csv/2905#110871443>		"Цаһан теңгс"@xal	
"Карибонь иневедь"@mdf	<https://panlex.org/snapshot/panlex-20191001-csv/2905#110869515>				<https://panlex.org/snapshot/panlex-20191001-csv/2905#110869411>		"Карибын теңгс"@xal	
"Нармонь Ки"@mdf	<https://panlex.org/snapshot/panlex-20191001-csv/2907#110848879>				<https://panlex.org/snapshot/panlex-20191001-csv/2907#110848738>		"Теңгрин Уйдл"@xal	
"Менельланга"@mdf	<https://panlex.org/snapshot/panlex-20191001-csv/2907#110849103>				<https://panlex.org/snapshot/panlex-20191001-csv/2907#110849119>		"Орчлң"@xal	
"Каргонь Ки"@mdf	<https://panlex.org/snapshot/panlex-20191001-csv/2907#110848749>				<https://panlex.org/snapshot/panlex-20191001-csv/2907#110848738>		"Теңгрин Уйдл"@xal	
"шапам"@mdf	<https://panlex.org/snapshot/panlex-20191001-csv/2893#110990366>				<https://panlex.org/snapshot/panlex-20191001-csv/2893#110990399>		"күчлтөр"@xal	
"сия"@mdf	<https://panlex.org/snapshot/panlex-20191001-csv/2893#110994032>				<https://panlex.org/snapshot/panlex-20191001-csv/2893#110994083>		"цанмөңгн"@xal	
"ведиль"@mdf	<https://panlex.org/snapshot/panlex-20191001-csv/2893#110989393>				<https://panlex.org/snapshot/panlex-20191001-csv/2893#110989304>		"ус төргч"@xal	
"ведиль"@mdf	<https://panlex.org/snapshot/panlex-20191001-csv/2893#110989393>				<https://panlex.org/snapshot/panlex-20191001-csv/2893#110989439>		"үстөр"@xal	
"урани"@mdf	<https://panlex.org/snapshot/panlex-20191001-csv/2893#110995915>				<https://panlex.org/snapshot/panlex-20191001-csv/2893#110995901>		"уран"@xal	
"аериксия"@mdf	<https://panlex.org/snapshot/panlex-20191001-csv/2893#110995396>				<https://panlex.org/snapshot/panlex-20191001-csv/2893#110995475>		"мөңгүсн"@xal	
"никиль"@mdf	<https://panlex.org/snapshot/panlex-20191001-csv/2893#110993019>				<https://panlex.org/snapshot/panlex-20191001-csv/2893#110993075>		"никель"@xal	
"седиль"@mdf	<https://panlex.org/snapshot/panlex-20191001-csv/2893#110990040>				<https://panlex.org/snapshot/panlex-20191001-csv/2893#110989924>		"нүртөр"@xal	
"клора"@mdf	<https://panlex.org/snapshot/panlex-20191001-csv/2893#110992169>				<https://panlex.org/snapshot/panlex-20191001-csv/2893#110992171>		"хлор"@xal	
"алюмини"@mdf	<https://panlex.org/snapshot/panlex-20191001-csv/2893#110991266>				<https://panlex.org/snapshot/panlex-20191001-csv/2893#110991388>		"гиигн цаһан"@xal	
"алюмини"@mdf	<https://panlex.org/snapshot/panlex-20191001-csv/2893#110991266>				<https://panlex.org/snapshot/panlex-20191001-csv/2893#110991370>		"гицан"@xal	
"сурьма"@mdf	<https://panlex.org/snapshot/panlex-20191001-csv/2893#110994379>				<https://panlex.org/snapshot/panlex-20191001-csv/2893#110994436>		"сурьма"@xal	
"атаем"@mdf	<https://panlex.org/snapshot/panlex-20191001-csv/2893#110991524>				<https://panlex.org/snapshot/panlex-20191001-csv/2893#110991446>		"цәкүр"@xal	
"паликандур"@mdf	<https://panlex.org/snapshot/panlex-20191001-csv/2893#110991810>				<https://panlex.org/snapshot/panlex-20191001-csv/2893#110991707>		"сүүмг"@xal	
"кандур"@mdf	<https://panlex.org/snapshot/panlex-20191001-csv/2893#110991831>				<https://panlex.org/snapshot/panlex-20191001-csv/2893#110991911>		"күкр"@xal	
"фтора"@mdf	<https://panlex.org/snapshot/panlex-20191001-csv/2893#110990626>				<https://panlex.org/snapshot/panlex-20191001-csv/2893#110990535>		"фтор"@xal	
"натри"@mdf	<https://panlex.org/snapshot/panlex-20191001-csv/2893#110990921>				<https://panlex.org/snapshot/panlex-20191001-csv/2893#110990965>		"натрий"@xal	
"кобуль"@mdf	<https://panlex.org/snapshot/panlex-20191001-csv/2893#110992908>				<https://panlex.org/snapshot/panlex-20191001-csv/2893#110992855>		"кобальт"@xal	
"кшни"@mdf	<https://panlex.org/snapshot/panlex-20191001-csv/2893#110992688>				<https://panlex.org/snapshot/panlex-20191001-csv/2893#110992723>		"төмр"@xal	
"магни"@mdf	<https://panlex.org/snapshot/panlex-20191001-csv/2893#110991123>				<https://panlex.org/snapshot/panlex-20191001-csv/2893#110991153>		"магний"@xal	
"азота"@mdf	<https://panlex.org/snapshot/panlex-20191001-csv/2893#110990247>				<https://panlex.org/snapshot/panlex-20191001-csv/2893#110990231>		"шүтөр"@xal	
"азота"@mdf	<https://panlex.org/snapshot/panlex-20191001-csv/2893#110990247>				<https://panlex.org/snapshot/panlex-20191001-csv/2893#110990099>		"шү төргч"@xal	
"брома"@mdf	<https://panlex.org/snapshot/panlex-20191001-csv/2893#110993936>				<https://panlex.org/snapshot/panlex-20191001-csv/2893#110993945>		"бром"@xal	
"шапа кожф"@mdf	<https://panlex.org/snapshot/panlex-20191001-csv/2893#110990382>				<https://panlex.org/snapshot/panlex-20191001-csv/2893#110990399>		"күчлтөр"@xal	
"волфрам"@mdf	<https://panlex.org/snapshot/panlex-20191001-csv/2893#110994903>				<https://panlex.org/snapshot/panlex-20191001-csv/2893#110994781>		"вольфрам"@xal	
"сере"@mdf	<https://panlex.org/snapshot/panlex-20191001-csv/2893#110993379>				<https://panlex.org/snapshot/panlex-20191001-csv/2893#110993354>		"зес"@xal	
"бора"@mdf	<https://panlex.org/snapshot/panlex-20191001-csv/2893#110989702>				<https://panlex.org/snapshot/panlex-20191001-csv/2893#110989713>		"бор"@xal	
"неон"@mdf	<https://panlex.org/snapshot/panlex-20191001-csv/2893#110990809>				<https://panlex.org/snapshot/panlex-20191001-csv/2893#110990704>		"неон"@xal	
"йода"@mdf	<https://panlex.org/snapshot/panlex-20191001-csv/2893#110994681>				<https://panlex.org/snapshot/panlex-20191001-csv/2893#110994660>		"йод"@xal	
"валдакиви"@mdf	<https://panlex.org/snapshot/panlex-20191001-csv/2893#110994219>				<https://panlex.org/snapshot/panlex-20191001-csv/2893#110994249>		"цанхорһлҗн"@xal	
"цинка"@mdf	<https://panlex.org/snapshot/panlex-20191001-csv/2893#110993416>				<https://panlex.org/snapshot/panlex-20191001-csv/2893#110993486>		"цаһан хала"@xal	
"суляма"@mdf	<https://panlex.org/snapshot/panlex-20191001-csv/2893#110993764>				<https://panlex.org/snapshot/panlex-20191001-csv/2893#110993683>		"цанхорн"@xal	
"пургев"@mdf	<https://panlex.org/snapshot/panlex-20191001-csv/2893#110992516>				<https://panlex.org/snapshot/panlex-20191001-csv/2893#110992427>		"кальций"@xal	
"сияжа"@mdf	<https://panlex.org/snapshot/panlex-20191001-csv/2893#110995005>				<https://panlex.org/snapshot/panlex-20191001-csv/2893#110995082>		"цаһан алтн"@xal	
"сияжа"@mdf	<https://panlex.org/snapshot/panlex-20191001-csv/2893#110995005>				<https://panlex.org/snapshot/panlex-20191001-csv/2893#110994955>		"платин"@xal	
"киви"@mdf	<https://panlex.org/snapshot/panlex-20191001-csv/2893#110995715>				<https://panlex.org/snapshot/panlex-20191001-csv/2893#110995603>		"хорлҗн"@xal	
"гели"@mdf	<https://panlex.org/snapshot/panlex-20191001-csv/2893#110989638>				<https://panlex.org/snapshot/panlex-20191001-csv/2893#110989663>		"гелий"@xal	
"равжа киви"@mdf	<https://panlex.org/snapshot/panlex-20191001-csv/2893#110994273>				<https://panlex.org/snapshot/panlex-20191001-csv/2893#110994249>		"цанхорһлҗн"@xal	
"зрня"@mdf	<https://panlex.org/snapshot/panlex-20191001-csv/2893#110995162>				<https://panlex.org/snapshot/panlex-20191001-csv/2893#110995304>		"алтн"@xal	
"кали"@mdf	<https://panlex.org/snapshot/panlex-20191001-csv/2893#110992318>				<https://panlex.org/snapshot/panlex-20191001-csv/2893#110992277>		"калий"@xal	
"таргоши"@mdf	<https://panlex.org/snapshot/panlex-20191001-csv/2892#110826872>				<https://panlex.org/snapshot/panlex-20191001-csv/2892#110826742>		"нарн"@xal	
"ёткши"@mdf	<https://panlex.org/snapshot/panlex-20191001-csv/2892#110826448>				<https://panlex.org/snapshot/panlex-20191001-csv/2892#110826551>		"бембә"@xal	
"шавши"@mdf	<https://panlex.org/snapshot/panlex-20191001-csv/2892#110824554>				<https://panlex.org/snapshot/panlex-20191001-csv/2892#110824796>		"мигмр"@xal	
"шуваланя"@mdf	<https://panlex.org/snapshot/panlex-20191001-csv/2892#110825419>				<https://panlex.org/snapshot/panlex-20191001-csv/2892#110825272>		"пүрвә"@xal	
"одговши"@mdf	<https://panlex.org/snapshot/panlex-20191001-csv/2892#110824172>				<https://panlex.org/snapshot/panlex-20191001-csv/2892#110824114>		"сарң"@xal	
"цилеши"@mdf	<https://panlex.org/snapshot/panlex-20191001-csv/2892#110826046>				<https://panlex.org/snapshot/panlex-20191001-csv/2892#110825773>		"басң"@xal	
"вержи"@mdf	<https://panlex.org/snapshot/panlex-20191001-csv/2892#110824858>				<https://panlex.org/snapshot/panlex-20191001-csv/2892#110824991>		"үлмҗ"@xal	
"июньков"@mdf	<https://panlex.org/snapshot/panlex-20191001-csv/2897#110829204>				<https://panlex.org/snapshot/panlex-20191001-csv/2897#110829422>		"мөчн"@xal	
"лямбеков"@mdf	<https://panlex.org/snapshot/panlex-20191001-csv/2897#110829382>				<https://panlex.org/snapshot/panlex-20191001-csv/2897#110829422>		"мөчн"@xal	
"октябрьков"@mdf	<https://panlex.org/snapshot/panlex-20191001-csv/2897#110831072>				<https://panlex.org/snapshot/panlex-20191001-csv/2897#110830953>		"хулһн"@xal	
"кучкаков"@mdf	<https://panlex.org/snapshot/panlex-20191001-csv/2897#110831955>				<https://panlex.org/snapshot/panlex-20191001-csv/2897#110831777>		"бар"@xal	
"февральков"@mdf	<https://panlex.org/snapshot/panlex-20191001-csv/2897#110827459>				<https://panlex.org/snapshot/panlex-20191001-csv/2897#110827591>		"лу"@xal	
"эйндамков"@mdf	<https://panlex.org/snapshot/panlex-20191001-csv/2897#110831345>				<https://panlex.org/snapshot/panlex-20191001-csv/2897#110831229>		"үкр"@xal	
"январьгов"@mdf	<https://panlex.org/snapshot/panlex-20191001-csv/2897#110827321>				<https://panlex.org/snapshot/panlex-20191001-csv/2897#110827069>		"туула"@xal	
"апрельков"@mdf	<https://panlex.org/snapshot/panlex-20191001-csv/2897#110828554>				<https://panlex.org/snapshot/panlex-20191001-csv/2897#110828630>		"мөрн"@xal	
"июльков"@mdf	<https://panlex.org/snapshot/panlex-20191001-csv/2897#110829628>				<https://panlex.org/snapshot/panlex-20191001-csv/2897#110829834>		"така"@xal	
"сентябрьков"@mdf	<https://panlex.org/snapshot/panlex-20191001-csv/2897#110830425>				<https://panlex.org/snapshot/panlex-20191001-csv/2897#110830341>		"һаха"@xal	
"кельмеков"@mdf	<https://panlex.org/snapshot/panlex-20191001-csv/2897#110827210>				<https://panlex.org/snapshot/panlex-20191001-csv/2897#110827069>		"туула"@xal	
"ноябрьков"@mdf	<https://panlex.org/snapshot/panlex-20191001-csv/2897#110831374>				<https://panlex.org/snapshot/panlex-20191001-csv/2897#110831229>		"үкр"@xal	
"шудиков"@mdf	<https://panlex.org/snapshot/panlex-20191001-csv/2897#110828627>				<https://panlex.org/snapshot/panlex-20191001-csv/2897#110828630>		"мөрн"@xal	
"августков"@mdf	<https://panlex.org/snapshot/panlex-20191001-csv/2897#110830106>				<https://panlex.org/snapshot/panlex-20191001-csv/2897#110830295>		"ноха"@xal	
"псиков"@mdf	<https://panlex.org/snapshot/panlex-20191001-csv/2897#110829856>				<https://panlex.org/snapshot/panlex-20191001-csv/2897#110829834>		"така"@xal	
"марков"@mdf	<https://panlex.org/snapshot/panlex-20191001-csv/2897#110827942>				<https://panlex.org/snapshot/panlex-20191001-csv/2897#110828192>		"моһа"@xal	
"марайков"@mdf	<https://panlex.org/snapshot/panlex-20191001-csv/2897#110827960>				<https://panlex.org/snapshot/panlex-20191001-csv/2897#110828192>		"моһа"@xal	
"майгов"@mdf	<https://panlex.org/snapshot/panlex-20191001-csv/2897#110828774>				<https://panlex.org/snapshot/panlex-20191001-csv/2897#110828833>		"хөн"@xal	
"кельмазаков"@mdf	<https://panlex.org/snapshot/panlex-20191001-csv/2897#110830726>				<https://panlex.org/snapshot/panlex-20191001-csv/2897#110830953>		"хулһн"@xal	
"уфайков"@mdf	<https://panlex.org/snapshot/panlex-20191001-csv/2897#110827755>				<https://panlex.org/snapshot/panlex-20191001-csv/2897#110827591>		"лу"@xal	
"тюжягов"@mdf	<https://panlex.org/snapshot/panlex-20191001-csv/2897#110830670>				<https://panlex.org/snapshot/panlex-20191001-csv/2897#110830341>		"һаха"@xal	
"панжиков"@mdf	<https://panlex.org/snapshot/panlex-20191001-csv/2897#110828923>				<https://panlex.org/snapshot/panlex-20191001-csv/2897#110828833>		"хөн"@xal	
"декабрьков"@mdf	<https://panlex.org/snapshot/panlex-20191001-csv/2897#110831586>				<https://panlex.org/snapshot/panlex-20191001-csv/2897#110831777>		"бар"@xal	
"сёроньков"@mdf	<https://panlex.org/snapshot/panlex-20191001-csv/2897#110830065>				<https://panlex.org/snapshot/panlex-20191001-csv/2897#110830295>		"ноха"@xal	
