"ɛ̀wânɔ́m"@myg	<https://panlex.org/snapshot/panlex-20191001-csv/2411#33466366>				<https://panlex.org/snapshot/panlex-20191001-csv/2411#33466356>		"viro"@eo	
"vá"@myg	<https://panlex.org/snapshot/panlex-20191001-csv/2411#33465366>				<https://panlex.org/snapshot/panlex-20191001-csv/2411#33465355>		"infano"@eo	
"ɔ̀nóm"@myg	<https://panlex.org/snapshot/panlex-20191001-csv/2411#33466368>				<https://panlex.org/snapshot/panlex-20191001-csv/2411#33466356>		"viro"@eo	
"nɨ́dʒìnì"@myg	<https://panlex.org/snapshot/panlex-20191001-csv/2411#33467500>				<https://panlex.org/snapshot/panlex-20191001-csv/2411#33467490>		"marŝi"@eo	
"ní̵ɲìì"@myg	<https://panlex.org/snapshot/panlex-20191001-csv/2411#33468911>				<https://panlex.org/snapshot/panlex-20191001-csv/2411#33468902>		"enterigi"@eo	
"èɲìní"@myg	<https://panlex.org/snapshot/panlex-20191001-csv/2411#33468598>				<https://panlex.org/snapshot/panlex-20191001-csv/2411#33468587>		"ok"@eo	
"èɲìì"@myg	<https://panlex.org/snapshot/panlex-20191001-csv/2411#33465980>				<https://panlex.org/snapshot/panlex-20191001-csv/2411#33465969>		"kvar"@eo	
"ébálìkapɛ̀"@myg	<https://panlex.org/snapshot/panlex-20191001-csv/2411#33467877>				<https://panlex.org/snapshot/panlex-20191001-csv/2411#33467864>		"gluteo"@eo	
"ébálìkapɛ̀"@myg	<https://panlex.org/snapshot/panlex-20191001-csv/2411#33467877>				<https://panlex.org/snapshot/panlex-20191001-csv/2411#33467865>		"postvango"@eo	
"ébálìkapɛ̀"@myg	<https://panlex.org/snapshot/panlex-20191001-csv/2411#33467877>				<https://panlex.org/snapshot/panlex-20191001-csv/2411#33467866>		"sidvango"@eo	
"ɛ́sɔŋ"@myg	<https://panlex.org/snapshot/panlex-20191001-csv/2411#33467403>				<https://panlex.org/snapshot/panlex-20191001-csv/2411#33467393>		"dento"@eo	
"átɔ́nɔ́"@myg	<https://panlex.org/snapshot/panlex-20191001-csv/2411#33468502>				<https://panlex.org/snapshot/panlex-20191001-csv/2411#33468492>		"fero"@eo	
"váfɛ̄"@myg	<https://panlex.org/snapshot/panlex-20191001-csv/2411#33468222>				<https://panlex.org/snapshot/panlex-20191001-csv/2411#33468210>		"tranĉilo"@eo	
"níkʰū"@myg	<https://panlex.org/snapshot/panlex-20191001-csv/2411#33465497>				<https://panlex.org/snapshot/panlex-20191001-csv/2411#33465485>		"morti"@eo	
"áɣâ"@myg	<https://panlex.org/snapshot/panlex-20191001-csv/2411#33468095>				<https://panlex.org/snapshot/panlex-20191001-csv/2411#33468083>		"vojo"@eo	
"fíi̅"@myg	<https://panlex.org/snapshot/panlex-20191001-csv/2411#33466111>				<https://panlex.org/snapshot/panlex-20191001-csv/2411#33466098>		"kapo"@eo	
"nɨ́tlɨ̄"@myg	<https://panlex.org/snapshot/panlex-20191001-csv/2411#33465722>				<https://panlex.org/snapshot/panlex-20191001-csv/2411#33465710>		"fali"@eo	
"étʃʒe"@myg	<https://panlex.org/snapshot/panlex-20191001-csv/2411#33467307>				<https://panlex.org/snapshot/panlex-20191001-csv/2411#33467296>		"vosto"@eo	
"nɨ́pɛ̀"@myg	<https://panlex.org/snapshot/panlex-20191001-csv/2411#33465462>				<https://panlex.org/snapshot/panlex-20191001-csv/2411#33465452>		"nombri"@eo	
"étaŋ"@myg	<https://panlex.org/snapshot/panlex-20191001-csv/2411#33467761>				<https://panlex.org/snapshot/panlex-20191001-csv/2411#33467750>		"luno"@eo	
"èkʒé"@myg	<https://panlex.org/snapshot/panlex-20191001-csv/2411#33467308>				<https://panlex.org/snapshot/panlex-20191001-csv/2411#33467296>		"vosto"@eo	
"étɨ́nsɛ́"@myg	<https://panlex.org/snapshot/panlex-20191001-csv/2411#33466854>				<https://panlex.org/snapshot/panlex-20191001-csv/2411#33466841>		"sablo"@eo	
"ɛ́mfwam"@myg	<https://panlex.org/snapshot/panlex-20191001-csv/2411#33465756>				<https://panlex.org/snapshot/panlex-20191001-csv/2411#33465743>		"graso"@eo	
"évî"@myg	<https://panlex.org/snapshot/panlex-20191001-csv/2411#33465787>				<https://panlex.org/snapshot/panlex-20191001-csv/2411#33465775>		"plumo"@eo	
"nɨ́zāā"@myg	<https://panlex.org/snapshot/panlex-20191001-csv/2411#33465431>				<https://panlex.org/snapshot/panlex-20191001-csv/2411#33465420>		"veni"@eo	
"níkii̅"@myg	<https://panlex.org/snapshot/panlex-20191001-csv/2411#33469009>				<https://panlex.org/snapshot/panlex-20191001-csv/2411#33468997>		"voli"@eo	
"níkii̅"@myg	<https://panlex.org/snapshot/panlex-20191001-csv/2411#33469009>				<https://panlex.org/snapshot/panlex-20191001-csv/2411#33468998>		"deziri"@eo	
"nɨ́zɛ̀ŋ"@myg	<https://panlex.org/snapshot/panlex-20191001-csv/2411#33467468>				<https://panlex.org/snapshot/panlex-20191001-csv/2411#33467458>		"vomi"@eo	
"níʃwɔ̄tī"@myg	<https://panlex.org/snapshot/panlex-20191001-csv/2411#33467212>				<https://panlex.org/snapshot/panlex-20191001-csv/2411#33467199>		"suĉi"@eo	
"nítù"@myg	<https://panlex.org/snapshot/panlex-20191001-csv/2411#33467112>				<https://panlex.org/snapshot/panlex-20191001-csv/2411#33467099>		"kraĉi"@eo	
"ɛ́ʃíí"@myg	<https://panlex.org/snapshot/panlex-20191001-csv/2411#33465689>				<https://panlex.org/snapshot/panlex-20191001-csv/2411#33465678>		"okulo"@eo	
"nítīnī"@myg	<https://panlex.org/snapshot/panlex-20191001-csv/2411#33466692>				<https://panlex.org/snapshot/panlex-20191001-csv/2411#33466680>		"puŝi"@eo	
"nízū"@myg	<https://panlex.org/snapshot/panlex-20191001-csv/2411#33466143>				<https://panlex.org/snapshot/panlex-20191001-csv/2411#33466130>		"aŭdi"@eo	
"dʒó"@myg	<https://panlex.org/snapshot/panlex-20191001-csv/2411#33467080>				<https://panlex.org/snapshot/panlex-20191001-csv/2411#33467067>		"serpento"@eo	
"ɛ́ʒʲâ"@myg	<https://panlex.org/snapshot/panlex-20191001-csv/2411#33468092>				<https://panlex.org/snapshot/panlex-20191001-csv/2411#33468083>		"vojo"@eo	
"ɛ́sɔŋ"@myg	<https://panlex.org/snapshot/panlex-20191001-csv/2411#33467404>				<https://panlex.org/snapshot/panlex-20191001-csv/2411#33467393>		"dento"@eo	
"mbὰʔ"@myg	<https://panlex.org/snapshot/panlex-20191001-csv/2411#33465399>				<https://panlex.org/snapshot/panlex-20191001-csv/2411#33465387>		"nubo"@eo	
"ɛ́bâ"@myg	<https://panlex.org/snapshot/panlex-20191001-csv/2411#33466302>				<https://panlex.org/snapshot/panlex-20191001-csv/2411#33466292>		"kruro"@eo	
"nízū"@myg	<https://panlex.org/snapshot/panlex-20191001-csv/2411#33466142>				<https://panlex.org/snapshot/panlex-20191001-csv/2411#33466130>		"aŭdi"@eo	
"nɨ́gɔ̀"@myg	<https://panlex.org/snapshot/panlex-20191001-csv/2411#33466659>				<https://panlex.org/snapshot/panlex-20191001-csv/2411#33466648>		"tiri"@eo	
"nɨbùmə̀fὰὰ"@myg	<https://panlex.org/snapshot/panlex-20191001-csv/2411#33468975>				<https://panlex.org/snapshot/panlex-20191001-csv/2411#33468965>		"timi"@eo	
"ɛ́wúú"@myg	<https://panlex.org/snapshot/panlex-20191001-csv/2411#33465300>				<https://panlex.org/snapshot/panlex-20191001-csv/2411#33465290>		"osto"@eo	
"nɨ́ɲii̅"@myg	<https://panlex.org/snapshot/panlex-20191001-csv/2411#33465625>				<https://panlex.org/snapshot/panlex-20191001-csv/2411#33465614>		"manĝi"@eo	
"ɲâm"@myg	<https://panlex.org/snapshot/panlex-20191001-csv/2411#33465041>				<https://panlex.org/snapshot/panlex-20191001-csv/2411#33465031>		"animalo"@eo	
"ɲâm"@myg	<https://panlex.org/snapshot/panlex-20191001-csv/2411#33465041>				<https://panlex.org/snapshot/panlex-20191001-csv/2411#33465030>		"besto"@eo	
"ɲâm"@myg	<https://panlex.org/snapshot/panlex-20191001-csv/2411#33466398>				<https://panlex.org/snapshot/panlex-20191001-csv/2411#33466388>		"viando"@eo	
"ɲɔ̂ŋfì"@myg	<https://panlex.org/snapshot/panlex-20191001-csv/2411#33466046>				<https://panlex.org/snapshot/panlex-20191001-csv/2411#33466034>		"hararo"@eo	
"éfɔ̂ŋ"@myg	<https://panlex.org/snapshot/panlex-20191001-csv/2411#33467730>				<https://panlex.org/snapshot/panlex-20191001-csv/2411#33467718>		"korno"@eo	
"éntʷɔ́sī"@myg	<https://panlex.org/snapshot/panlex-20191001-csv/2411#33465075>				<https://panlex.org/snapshot/panlex-20191001-csv/2411#33465062>		"cindro"@eo	
"nɨ́tɨ̄"@myg	<https://panlex.org/snapshot/panlex-20191001-csv/2411#33469039>				<https://panlex.org/snapshot/panlex-20191001-csv/2411#33469029>		"montri"@eo	
"ɛ́tâŋ"@myg	<https://panlex.org/snapshot/panlex-20191001-csv/2411#33465882>				<https://panlex.org/snapshot/panlex-20191001-csv/2411#33465872>		"kvin"@eo	
"áfwan"@myg	<https://panlex.org/snapshot/panlex-20191001-csv/2411#33468474>				<https://panlex.org/snapshot/panlex-20191001-csv/2411#33468462>		"senviandeco"@eo	
"áfwan"@myg	<https://panlex.org/snapshot/panlex-20191001-csv/2411#33468474>				<https://panlex.org/snapshot/panlex-20191001-csv/2411#33468461>		"malsato"@eo	
"nísù"@myg	<https://panlex.org/snapshot/panlex-20191001-csv/2411#33468819>				<https://panlex.org/snapshot/panlex-20191001-csv/2411#33468807>		"lavi"@eo	
"étɨ́nsɛ́"@myg	<https://panlex.org/snapshot/panlex-20191001-csv/2411#33466852>				<https://panlex.org/snapshot/panlex-20191001-csv/2411#33466841>		"sablo"@eo	
"bíī"@myg	<https://panlex.org/snapshot/panlex-20191001-csv/2411#33468347>				<https://panlex.org/snapshot/panlex-20191001-csv/2411#33468337>		"kapro"@eo	
"ɛ́nɔn"@myg	<https://panlex.org/snapshot/panlex-20191001-csv/2411#33465170>				<https://panlex.org/snapshot/panlex-20191001-csv/2411#33465159>		"birdo"@eo	
"èsóŋ"@myg	<https://panlex.org/snapshot/panlex-20191001-csv/2411#33467405>				<https://panlex.org/snapshot/panlex-20191001-csv/2411#33467393>		"dento"@eo	
"ékɔ̂n"@myg	<https://panlex.org/snapshot/panlex-20191001-csv/2411#33465659>				<https://panlex.org/snapshot/panlex-20191001-csv/2411#33465646>		"ovo"@eo	
"fîŋɛ̀bà"@myg	<https://panlex.org/snapshot/panlex-20191001-csv/2411#33465947>				<https://panlex.org/snapshot/panlex-20191001-csv/2411#33465937>		"kruro"@eo	
"áfû"@myg	<https://panlex.org/snapshot/panlex-20191001-csv/2411#33466529>				<https://panlex.org/snapshot/panlex-20191001-csv/2411#33466516>		"nokto"@eo	
"èbʷɔ́́́́́"@myg	<https://panlex.org/snapshot/panlex-20191001-csv/2411#33466078>				<https://panlex.org/snapshot/panlex-20191001-csv/2411#50796898>		"brako"@eo	
"èbʷɔ́́́́́"@myg	<https://panlex.org/snapshot/panlex-20191001-csv/2411#33466078>				<https://panlex.org/snapshot/panlex-20191001-csv/2411#33466066>		"mano"@eo	
"nɨ́tsɔ̀ɔ̀"@myg	<https://panlex.org/snapshot/panlex-20191001-csv/2411#33466884>				<https://panlex.org/snapshot/panlex-20191001-csv/2411#33466873>		"diri"@eo	
"èɲìníbìŋ"@myg	<https://panlex.org/snapshot/panlex-20191001-csv/2411#33468627>				<https://panlex.org/snapshot/panlex-20191001-csv/2411#33468618>		"naŭ"@eo	
"mbùlàɲàà"@myg	<https://panlex.org/snapshot/panlex-20191001-csv/2411#33467937>				<https://panlex.org/snapshot/panlex-20191001-csv/2411#33467928>		"intestaro"@eo	
"ɔ́mʒàà"@myg	<https://panlex.org/snapshot/panlex-20191001-csv/2411#33465529>				<https://panlex.org/snapshot/panlex-20191001-csv/2411#33465518>		"hundo"@eo	
"èwɔ́ŋ"@myg	<https://panlex.org/snapshot/panlex-20191001-csv/2411#33468254>				<https://panlex.org/snapshot/panlex-20191001-csv/2411#33468243>		"ĵetlanco"@eo	
"èwɔ́ŋ"@myg	<https://panlex.org/snapshot/panlex-20191001-csv/2411#33468254>				<https://panlex.org/snapshot/panlex-20191001-csv/2411#33468242>		"lanco"@eo	
"èɣɔ́ɔ́"@myg	<https://panlex.org/snapshot/panlex-20191001-csv/2411#33466789>				<https://panlex.org/snapshot/panlex-20191001-csv/2411#33466777>		"ŝnuro"@eo	
"nívlɨ́"@myg	<https://panlex.org/snapshot/panlex-20191001-csv/2411#33468787>				<https://panlex.org/snapshot/panlex-20191001-csv/2411#33468776>		"bati"@eo	
"nísù"@myg	<https://panlex.org/snapshot/panlex-20191001-csv/2411#33468818>				<https://panlex.org/snapshot/panlex-20191001-csv/2411#33468807>		"lavi"@eo	
"ɛ́ŋkpálémî"@myg	<https://panlex.org/snapshot/panlex-20191001-csv/2411#33467793>				<https://panlex.org/snapshot/panlex-20191001-csv/2411#33467782>		"nuko"@eo	
"nínōm"@myg	<https://panlex.org/snapshot/panlex-20191001-csv/2411#33465203>				<https://panlex.org/snapshot/panlex-20191001-csv/2411#33465191>		"mordi"@eo	
"éɣɔ́ɔ̄"@myg	<https://panlex.org/snapshot/panlex-20191001-csv/2411#33466790>				<https://panlex.org/snapshot/panlex-20191001-csv/2411#33466777>		"ŝnuro"@eo	
"ètàn"@myg	<https://panlex.org/snapshot/panlex-20191001-csv/2411#33465885>				<https://panlex.org/snapshot/panlex-20191001-csv/2411#33465872>		"kvin"@eo	
"nínàà"@myg	<https://panlex.org/snapshot/panlex-20191001-csv/2411#33466014>				<https://panlex.org/snapshot/panlex-20191001-csv/2411#33466002>		"doni"@eo	
"ɛ́nɔ́m"@myg	<https://panlex.org/snapshot/panlex-20191001-csv/2411#33466173>				<https://panlex.org/snapshot/panlex-20191001-csv/2411#33466162>		"edzo"@eo	
"étɨ́tɨ́ɨ́"@myg	<https://panlex.org/snapshot/panlex-20191001-csv/2411#33468408>				<https://panlex.org/snapshot/panlex-20191001-csv/2411#33468398>		"arbo"@eo	
"èsààmbá"@myg	<https://panlex.org/snapshot/panlex-20191001-csv/2411#33468565>				<https://panlex.org/snapshot/panlex-20191001-csv/2411#33468555>		"sep"@eo	
"nízɛ̀ŋ"@myg	<https://panlex.org/snapshot/panlex-20191001-csv/2411#33467471>				<https://panlex.org/snapshot/panlex-20191001-csv/2411#33467458>		"vomi"@eo	
"nɨ́pʒà"@myg	<https://panlex.org/snapshot/panlex-20191001-csv/2411#33468754>				<https://panlex.org/snapshot/panlex-20191001-csv/2411#33468744>		"ŝuti"@eo	
"ɲâm"@myg	<https://panlex.org/snapshot/panlex-20191001-csv/2411#33465042>				<https://panlex.org/snapshot/panlex-20191001-csv/2411#33465031>		"animalo"@eo	
"ɲâm"@myg	<https://panlex.org/snapshot/panlex-20191001-csv/2411#33465042>				<https://panlex.org/snapshot/panlex-20191001-csv/2411#33465030>		"besto"@eo	
"ɲâm"@myg	<https://panlex.org/snapshot/panlex-20191001-csv/2411#33466399>				<https://panlex.org/snapshot/panlex-20191001-csv/2411#33466388>		"viando"@eo	
"édzá"@myg	<https://panlex.org/snapshot/panlex-20191001-csv/2411#33467696>				<https://panlex.org/snapshot/panlex-20191001-csv/2411#33467685>		"ungego"@eo	
"édzá"@myg	<https://panlex.org/snapshot/panlex-20191001-csv/2411#33467844>				<https://panlex.org/snapshot/panlex-20191001-csv/2411#33467842>		"ungo"@eo	
"évɛ́ŋ"@myg	<https://panlex.org/snapshot/panlex-20191001-csv/2411#33468189>				<https://panlex.org/snapshot/panlex-20191001-csv/2411#33468178>		"brulligno"@eo	
"níŋāmī"@myg	<https://panlex.org/snapshot/panlex-20191001-csv/2411#33467179>				<https://panlex.org/snapshot/panlex-20191001-csv/2411#33467164>		"premi"@eo	
"níŋāmī"@myg	<https://panlex.org/snapshot/panlex-20191001-csv/2411#33467179>				<https://panlex.org/snapshot/panlex-20191001-csv/2411#33467166>		"elpremi"@eo	
"níŋāmī"@myg	<https://panlex.org/snapshot/panlex-20191001-csv/2411#33467179>				<https://panlex.org/snapshot/panlex-20191001-csv/2411#33467165>		"kunpremi"@eo	
"véēfɛ̄"@myg	<https://panlex.org/snapshot/panlex-20191001-csv/2411#33468219>				<https://panlex.org/snapshot/panlex-20191001-csv/2411#33468210>		"tranĉilo"@eo	
"níɲī"@myg	<https://panlex.org/snapshot/panlex-20191001-csv/2411#33465626>				<https://panlex.org/snapshot/panlex-20191001-csv/2411#33465614>		"manĝi"@eo	
"mɨ́nᾱᾱ"@myg	<https://panlex.org/snapshot/panlex-20191001-csv/2411#33468156>				<https://panlex.org/snapshot/panlex-20191001-csv/2411#33468146>		"domo"@eo	
"nídìʔì"@myg	<https://panlex.org/snapshot/panlex-20191001-csv/2411#33468724>				<https://panlex.org/snapshot/panlex-20191001-csv/2411#33468712>		"foriri"@eo	
"ní̵nɔ̄m"@myg	<https://panlex.org/snapshot/panlex-20191001-csv/2411#33465202>				<https://panlex.org/snapshot/panlex-20191001-csv/2411#33465191>		"mordi"@eo	
"góò"@myg	<https://panlex.org/snapshot/panlex-20191001-csv/2411#33465108>				<https://panlex.org/snapshot/panlex-20191001-csv/2411#33465095>		"arboŝelo"@eo	
"góò"@myg	<https://panlex.org/snapshot/panlex-20191001-csv/2411#33465108>				<https://panlex.org/snapshot/panlex-20191001-csv/2411#33465094>		"arbŝelo"@eo	
"góò"@myg	<https://panlex.org/snapshot/panlex-20191001-csv/2411#33466983>				<https://panlex.org/snapshot/panlex-20191001-csv/2411#33466970>		"haŭto"@eo	
"nítlī"@myg	<https://panlex.org/snapshot/panlex-20191001-csv/2411#33465723>				<https://panlex.org/snapshot/panlex-20191001-csv/2411#33465710>		"fali"@eo	
"éɣɔ́ɔ̄"@myg	<https://panlex.org/snapshot/panlex-20191001-csv/2411#33466788>				<https://panlex.org/snapshot/panlex-20191001-csv/2411#33466777>		"ŝnuro"@eo	
"èdzá"@myg	<https://panlex.org/snapshot/panlex-20191001-csv/2411#33467845>				<https://panlex.org/snapshot/panlex-20191001-csv/2411#33467842>		"ungo"@eo	
"èdzá"@myg	<https://panlex.org/snapshot/panlex-20191001-csv/2411#33467697>				<https://panlex.org/snapshot/panlex-20191001-csv/2411#33467685>		"ungego"@eo	
"ɛ́ʃíí"@myg	<https://panlex.org/snapshot/panlex-20191001-csv/2411#33465688>				<https://panlex.org/snapshot/panlex-20191001-csv/2411#33465678>		"okulo"@eo	
"dʒwɔ́"@myg	<https://panlex.org/snapshot/panlex-20191001-csv/2411#33467077>				<https://panlex.org/snapshot/panlex-20191001-csv/2411#33467067>		"serpento"@eo	
"ébíŋ"@myg	<https://panlex.org/snapshot/panlex-20191001-csv/2411#33466591>				<https://panlex.org/snapshot/panlex-20191001-csv/2411#33466581>		"unu"@eo	
"tsɔŋ"@myg	<https://panlex.org/snapshot/panlex-20191001-csv/2411#33468440>				<https://panlex.org/snapshot/panlex-20191001-csv/2411#33468430>		"malsato"@eo	
"ʃú"@myg	<https://panlex.org/snapshot/panlex-20191001-csv/2411#33465852>				<https://panlex.org/snapshot/panlex-20191001-csv/2411#33465839>		"fiŝo"@eo	
"énémí"@myg	<https://panlex.org/snapshot/panlex-20191001-csv/2411#33467372>				<https://panlex.org/snapshot/panlex-20191001-csv/2411#33467360>		"lango"@eo	
"ɛ́méè"@myg	<https://panlex.org/snapshot/panlex-20191001-csv/2411#33466494>				<https://panlex.org/snapshot/panlex-20191001-csv/2411#33466484>		"kolo"@eo	
"ôjɛ́ɛ́"@myg	<https://panlex.org/snapshot/panlex-20191001-csv/2411#33467633>				<https://panlex.org/snapshot/panlex-20191001-csv/2411#33467620>		"virino"@eo	
"ɛ́ntʃin"@myg	<https://panlex.org/snapshot/panlex-20191001-csv/2411#33465234>				<https://panlex.org/snapshot/panlex-20191001-csv/2411#33465224>		"sango"@eo	
"gɔ́ɔ̄átɨ́tɨ́ɨ́"@myg	<https://panlex.org/snapshot/panlex-20191001-csv/2411#33465105>				<https://panlex.org/snapshot/panlex-20191001-csv/2411#33465095>		"arboŝelo"@eo	
"gɔ́ɔ̄átɨ́tɨ́ɨ́"@myg	<https://panlex.org/snapshot/panlex-20191001-csv/2411#33465105>				<https://panlex.org/snapshot/panlex-20191001-csv/2411#33465094>		"arbŝelo"@eo	
"èbíŋ"@myg	<https://panlex.org/snapshot/panlex-20191001-csv/2411#33466594>				<https://panlex.org/snapshot/panlex-20191001-csv/2411#33466581>		"unu"@eo	
"ɛ́dʒíí"@myg	<https://panlex.org/snapshot/panlex-20191001-csv/2411#33466560>				<https://panlex.org/snapshot/panlex-20191001-csv/2411#33466549>		"nazo"@eo	
"tsísī"@myg	<https://panlex.org/snapshot/panlex-20191001-csv/2411#33467242>				<https://panlex.org/snapshot/panlex-20191001-csv/2411#33467231>		"suno"@eo	
"ɛ̀nsɔ̀"@myg	<https://panlex.org/snapshot/panlex-20191001-csv/2411#33468314>				<https://panlex.org/snapshot/panlex-20191001-csv/2411#33468305>		"elefanto"@eo	
"nímòl"@myg	<https://panlex.org/snapshot/panlex-20191001-csv/2411#33467275>				<https://panlex.org/snapshot/panlex-20191001-csv/2411#33467263>		"ŝveliĝi"@eo	
"fée̅"@myg	<https://panlex.org/snapshot/panlex-20191001-csv/2411#33466109>				<https://panlex.org/snapshot/panlex-20191001-csv/2411#33466098>		"kapo"@eo	
"ébóó"@myg	<https://panlex.org/snapshot/panlex-20191001-csv/2411#33466725>				<https://panlex.org/snapshot/panlex-20191001-csv/2411#33466713>		"pluvo"@eo	
"tsísí"@myg	<https://panlex.org/snapshot/panlex-20191001-csv/2411#33467243>				<https://panlex.org/snapshot/panlex-20191001-csv/2411#33467231>		"suno"@eo	
"nízāʔā"@myg	<https://panlex.org/snapshot/panlex-20191001-csv/2411#33465432>				<https://panlex.org/snapshot/panlex-20191001-csv/2411#33465420>		"veni"@eo	
"tsɔŋ"@myg	<https://panlex.org/snapshot/panlex-20191001-csv/2411#33468439>				<https://panlex.org/snapshot/panlex-20191001-csv/2411#33468430>		"malsato"@eo	
"nípɛ"@myg	<https://panlex.org/snapshot/panlex-20191001-csv/2411#33465465>				<https://panlex.org/snapshot/panlex-20191001-csv/2411#33465452>		"nombri"@eo	
"nɨ́ʃìì"@myg	<https://panlex.org/snapshot/panlex-20191001-csv/2411#33468880>				<https://panlex.org/snapshot/panlex-20191001-csv/2411#33468870>		"kreskigi"@eo	
"tʃwάὰ"@myg	<https://panlex.org/snapshot/panlex-20191001-csv/2411#33468061>				<https://panlex.org/snapshot/panlex-20191001-csv/2411#33468052>		"tero"@eo	
"éɲu"@myg	<https://panlex.org/snapshot/panlex-20191001-csv/2411#33466433>				<https://panlex.org/snapshot/panlex-20191001-csv/2411#33466420>		"buŝo"@eo	
"ɛkúm"@myg	<https://panlex.org/snapshot/panlex-20191001-csv/2411#33466462>				<https://panlex.org/snapshot/panlex-20191001-csv/2411#33466452>		"nomo"@eo	
"ɔ̀mwɔ̀lì̵"@myg	<https://panlex.org/snapshot/panlex-20191001-csv/2411#33467274>				<https://panlex.org/snapshot/panlex-20191001-csv/2411#33467263>		"ŝveliĝi"@eo	
"átɔ́nɔ́"@myg	<https://panlex.org/snapshot/panlex-20191001-csv/2411#33468504>				<https://panlex.org/snapshot/panlex-20191001-csv/2411#33468492>		"fero"@eo	
"èɲìníbìŋ"@myg	<https://panlex.org/snapshot/panlex-20191001-csv/2411#33468628>				<https://panlex.org/snapshot/panlex-20191001-csv/2411#33468618>		"naŭ"@eo	
"éwúú"@myg	<https://panlex.org/snapshot/panlex-20191001-csv/2411#33465302>				<https://panlex.org/snapshot/panlex-20191001-csv/2411#33465290>		"osto"@eo	
"níʃwātī"@myg	<https://panlex.org/snapshot/panlex-20191001-csv/2411#33467211>				<https://panlex.org/snapshot/panlex-20191001-csv/2411#33467199>		"suĉi"@eo	
"ɛ́ŋkpálɛ́méè"@myg	<https://panlex.org/snapshot/panlex-20191001-csv/2411#33467791>				<https://panlex.org/snapshot/panlex-20191001-csv/2411#33467782>		"nuko"@eo	
"ɛ́ntsɛ̂l"@myg	<https://panlex.org/snapshot/panlex-20191001-csv/2411#33467970>				<https://panlex.org/snapshot/panlex-20191001-csv/2411#33467959>		"urino"@eo	
"ɛ́vɛ́ŋ"@myg	<https://panlex.org/snapshot/panlex-20191001-csv/2411#33468190>				<https://panlex.org/snapshot/panlex-20191001-csv/2411#33468178>		"brulligno"@eo	
"ɛ́nɛ́ndɔ́ŋ"@myg	<https://panlex.org/snapshot/panlex-20191001-csv/2411#33467821>				<https://panlex.org/snapshot/panlex-20191001-csv/2411#33467812>		"gorĝo"@eo	
"nítʃù"@myg	<https://panlex.org/snapshot/panlex-20191001-csv/2411#33467111>				<https://panlex.org/snapshot/panlex-20191001-csv/2411#33467099>		"kraĉi"@eo	
"nɨ́zᾱᾱ"@myg	<https://panlex.org/snapshot/panlex-20191001-csv/2411#33466915>				<https://panlex.org/snapshot/panlex-20191001-csv/2411#33466905>		"vidi"@eo	
"tsoŋ"@myg	<https://panlex.org/snapshot/panlex-20191001-csv/2411#33468442>				<https://panlex.org/snapshot/panlex-20191001-csv/2411#33468430>		"malsato"@eo	
"èkaŋ"@myg	<https://panlex.org/snapshot/panlex-20191001-csv/2411#33466758>				<https://panlex.org/snapshot/panlex-20191001-csv/2411#33466745>		"radiko"@eo	
"ésóŋ"@myg	<https://panlex.org/snapshot/panlex-20191001-csv/2411#33467406>				<https://panlex.org/snapshot/panlex-20191001-csv/2411#33467393>		"dento"@eo	
"nɨ́bī"@myg	<https://panlex.org/snapshot/panlex-20191001-csv/2411#33468944>				<https://panlex.org/snapshot/panlex-20191001-csv/2411#33468934>		"naski"@eo	
"mʒáŋ"@myg	<https://panlex.org/snapshot/panlex-20191001-csv/2411#33466819>				<https://panlex.org/snapshot/panlex-20191001-csv/2411#33466809>		"salo"@eo	
"ɛ́kaŋ átɨ́tɨ́ɨ́"@myg	<https://panlex.org/snapshot/panlex-20191001-csv/2411#33466755>				<https://panlex.org/snapshot/panlex-20191001-csv/2411#33466745>		"radiko"@eo	
"étûm"@myg	<https://panlex.org/snapshot/panlex-20191001-csv/2411#33467908>				<https://panlex.org/snapshot/panlex-20191001-csv/2411#33467897>		"umbiliko"@eo	
"nídʒìnì"@myg	<https://panlex.org/snapshot/panlex-20191001-csv/2411#33467503>				<https://panlex.org/snapshot/panlex-20191001-csv/2411#33467490>		"marŝi"@eo	
"ɲâm"@myg	<https://panlex.org/snapshot/panlex-20191001-csv/2411#33466400>				<https://panlex.org/snapshot/panlex-20191001-csv/2411#33466388>		"viando"@eo	
"ɲâm"@myg	<https://panlex.org/snapshot/panlex-20191001-csv/2411#33465043>				<https://panlex.org/snapshot/panlex-20191001-csv/2411#33465031>		"animalo"@eo	
"ɲâm"@myg	<https://panlex.org/snapshot/panlex-20191001-csv/2411#33465043>				<https://panlex.org/snapshot/panlex-20191001-csv/2411#33465030>		"besto"@eo	
"ézóó"@myg	<https://panlex.org/snapshot/panlex-20191001-csv/2411#33467014>				<https://panlex.org/snapshot/panlex-20191001-csv/2411#33467002>		"ĉielo"@eo	
"nɨ́tʃɛ̄fāā"@myg	<https://panlex.org/snapshot/panlex-20191001-csv/2411#33469008>				<https://panlex.org/snapshot/panlex-20191001-csv/2411#33468997>		"voli"@eo	
"nɨ́tʃɛ̄fāā"@myg	<https://panlex.org/snapshot/panlex-20191001-csv/2411#33469008>				<https://panlex.org/snapshot/panlex-20191001-csv/2411#33468998>		"deziri"@eo	
"áfúù"@myg	<https://panlex.org/snapshot/panlex-20191001-csv/2411#33466526>				<https://panlex.org/snapshot/panlex-20191001-csv/2411#33466516>		"nokto"@eo	
"nɨ́bùmə̀fàà"@myg	<https://panlex.org/snapshot/panlex-20191001-csv/2411#33468974>				<https://panlex.org/snapshot/panlex-20191001-csv/2411#33468965>		"timi"@eo	
"nɨ́fɔ̄ɔ̄tī̵"@myg	<https://panlex.org/snapshot/panlex-20191001-csv/2411#33465268>				<https://panlex.org/snapshot/panlex-20191001-csv/2411#33465257>		"blovi"@eo	
"nɨ́fɔ̄ɔ̄tī̵"@myg	<https://panlex.org/snapshot/panlex-20191001-csv/2411#33465268>				<https://panlex.org/snapshot/panlex-20191001-csv/2411#33465258>		"venti"@eo	
"ɛ́tɔ́ŋéé"@myg	<https://panlex.org/snapshot/panlex-20191001-csv/2411#33465592>				<https://panlex.org/snapshot/panlex-20191001-csv/2411#33465582>		"orelo"@eo	
"nɨ́fᾱᾱ"@myg	<https://panlex.org/snapshot/panlex-20191001-csv/2411#33468721>				<https://panlex.org/snapshot/panlex-20191001-csv/2411#33468712>		"foriri"@eo	
"ámɔ̂"@myg	<https://panlex.org/snapshot/panlex-20191001-csv/2411#33468032>				<https://panlex.org/snapshot/panlex-20191001-csv/2411#33468021>		"roso"@eo	
"ní̵ɲìì"@myg	<https://panlex.org/snapshot/panlex-20191001-csv/2411#33468912>				<https://panlex.org/snapshot/panlex-20191001-csv/2411#33468902>		"enterigi"@eo	
"nɨ́nɔ̄m"@myg	<https://panlex.org/snapshot/panlex-20191001-csv/2411#33465201>				<https://panlex.org/snapshot/panlex-20191001-csv/2411#33465191>		"mordi"@eo	
"nídʒwà"@myg	<https://panlex.org/snapshot/panlex-20191001-csv/2411#33465334>				<https://panlex.org/snapshot/panlex-20191001-csv/2411#33465322>		"bruli"@eo	
"níʃìì"@myg	<https://panlex.org/snapshot/panlex-20191001-csv/2411#33468881>				<https://panlex.org/snapshot/panlex-20191001-csv/2411#33468870>		"kreskigi"@eo	
"bí"@myg	<https://panlex.org/snapshot/panlex-20191001-csv/2411#33468348>				<https://panlex.org/snapshot/panlex-20191001-csv/2411#33468337>		"kapro"@eo	
"ɛ́bɔ́ɔ́"@myg	<https://panlex.org/snapshot/panlex-20191001-csv/2411#33466723>				<https://panlex.org/snapshot/panlex-20191001-csv/2411#33466713>		"pluvo"@eo	
"ɔ́jɛ̄ɛ̄"@myg	<https://panlex.org/snapshot/panlex-20191001-csv/2411#33467631>				<https://panlex.org/snapshot/panlex-20191001-csv/2411#33467620>		"virino"@eo	
"nɨ́gɔ̀"@myg	<https://panlex.org/snapshot/panlex-20191001-csv/2411#33466690>				<https://panlex.org/snapshot/panlex-20191001-csv/2411#33466680>		"puŝi"@eo	
"dʒó"@myg	<https://panlex.org/snapshot/panlex-20191001-csv/2411#33467079>				<https://panlex.org/snapshot/panlex-20191001-csv/2411#33467067>		"serpento"@eo	
"níɲōŋ"@myg	<https://panlex.org/snapshot/panlex-20191001-csv/2411#33465563>				<https://panlex.org/snapshot/panlex-20191001-csv/2411#33465550>		"trinki"@eo	
"ɛ́ntsɛ́ɛ̀"@myg	<https://panlex.org/snapshot/panlex-20191001-csv/2411#33467969>				<https://panlex.org/snapshot/panlex-20191001-csv/2411#33467959>		"urino"@eo	
"níkpān"@myg	<https://panlex.org/snapshot/panlex-20191001-csv/2411#33466950>				<https://panlex.org/snapshot/panlex-20191001-csv/2411#33466938>		"kanti"@eo	
"tʃwáà"@myg	<https://panlex.org/snapshot/panlex-20191001-csv/2411#33468062>				<https://panlex.org/snapshot/panlex-20191001-csv/2411#33468052>		"tero"@eo	
"évíī"@myg	<https://panlex.org/snapshot/panlex-20191001-csv/2411#33465818>				<https://panlex.org/snapshot/panlex-20191001-csv/2411#33465807>		"fajro"@eo	
"épâlì"@myg	<https://panlex.org/snapshot/panlex-20191001-csv/2411#33467600>				<https://panlex.org/snapshot/panlex-20191001-csv/2411#33467587>		"flugilo"@eo	
"ɛ́taŋ"@myg	<https://panlex.org/snapshot/panlex-20191001-csv/2411#33467760>				<https://panlex.org/snapshot/panlex-20191001-csv/2411#33467750>		"luno"@eo	
"ɲɔ̂ŋfìɲɔ̂ŋsīfī"@myg	<https://panlex.org/snapshot/panlex-20191001-csv/2411#33466047>				<https://panlex.org/snapshot/panlex-20191001-csv/2411#33466034>		"hararo"@eo	
"èsàmbáá"@myg	<https://panlex.org/snapshot/panlex-20191001-csv/2411#33468564>				<https://panlex.org/snapshot/panlex-20191001-csv/2411#33468555>		"sep"@eo	
"évî"@myg	<https://panlex.org/snapshot/panlex-20191001-csv/2411#33465820>				<https://panlex.org/snapshot/panlex-20191001-csv/2411#33465807>		"fajro"@eo	
"évî"@myg	<https://panlex.org/snapshot/panlex-20191001-csv/2411#33465788>				<https://panlex.org/snapshot/panlex-20191001-csv/2411#33465775>		"plumo"@eo	
"nɨ́ɲɔ̄ŋ"@myg	<https://panlex.org/snapshot/panlex-20191001-csv/2411#33465561>				<https://panlex.org/snapshot/panlex-20191001-csv/2411#33465550>		"trinki"@eo	
"fíŋbà"@myg	<https://panlex.org/snapshot/panlex-20191001-csv/2411#33465950>				<https://panlex.org/snapshot/panlex-20191001-csv/2411#33465937>		"kruro"@eo	
"nɨ́kù"@myg	<https://panlex.org/snapshot/panlex-20191001-csv/2411#33465496>				<https://panlex.org/snapshot/panlex-20191001-csv/2411#33465485>		"morti"@eo	
"nɨ́tɨ̄"@myg	<https://panlex.org/snapshot/panlex-20191001-csv/2411#33469038>				<https://panlex.org/snapshot/panlex-20191001-csv/2411#33469029>		"montri"@eo	
"édzá"@myg	<https://panlex.org/snapshot/panlex-20191001-csv/2411#33467698>				<https://panlex.org/snapshot/panlex-20191001-csv/2411#33467685>		"ungego"@eo	
"édzá"@myg	<https://panlex.org/snapshot/panlex-20191001-csv/2411#33467846>				<https://panlex.org/snapshot/panlex-20191001-csv/2411#33467842>		"ungo"@eo	
"èbɔ́n"@myg	<https://panlex.org/snapshot/panlex-20191001-csv/2411#33467664>				<https://panlex.org/snapshot/panlex-20191001-csv/2411#33467652>		"brusto"@eo	
"gíī"@myg	<https://panlex.org/snapshot/panlex-20191001-csv/2411#33466337>				<https://panlex.org/snapshot/panlex-20191001-csv/2411#33466324>		"pediko"@eo	
"nífùlì"@myg	<https://panlex.org/snapshot/panlex-20191001-csv/2411#33465917>				<https://panlex.org/snapshot/panlex-20191001-csv/2411#33465905>		"flugi"@eo	
"éfôŋ"@myg	<https://panlex.org/snapshot/panlex-20191001-csv/2411#33467731>				<https://panlex.org/snapshot/panlex-20191001-csv/2411#33467718>		"korno"@eo	
"ékʰúm"@myg	<https://panlex.org/snapshot/panlex-20191001-csv/2411#33466465>				<https://panlex.org/snapshot/panlex-20191001-csv/2411#33466452>		"nomo"@eo	
"émî"@myg	<https://panlex.org/snapshot/panlex-20191001-csv/2411#33466497>				<https://panlex.org/snapshot/panlex-20191001-csv/2411#33466484>		"kolo"@eo	
"kə̀fúfú"@myg	<https://panlex.org/snapshot/panlex-20191001-csv/2411#33467567>				<https://panlex.org/snapshot/panlex-20191001-csv/2411#33467554>		"vento"@eo	
"ébʰwɔ́"@myg	<https://panlex.org/snapshot/panlex-20191001-csv/2411#33466079>				<https://panlex.org/snapshot/panlex-20191001-csv/2411#50796898>		"brako"@eo	
"ébʰwɔ́"@myg	<https://panlex.org/snapshot/panlex-20191001-csv/2411#33466079>				<https://panlex.org/snapshot/panlex-20191001-csv/2411#33466066>		"mano"@eo	
"ɛ́ntsɛ́ɛ̀"@myg	<https://panlex.org/snapshot/panlex-20191001-csv/2411#33467968>				<https://panlex.org/snapshot/panlex-20191001-csv/2411#33467959>		"urino"@eo	
"éfúbʒɛ̀ŋ"@myg	<https://panlex.org/snapshot/panlex-20191001-csv/2411#33466270>				<https://panlex.org/snapshot/panlex-20191001-csv/2411#33466259>		"folio"@eo	
"évî"@myg	<https://panlex.org/snapshot/panlex-20191001-csv/2411#33465785>				<https://panlex.org/snapshot/panlex-20191001-csv/2411#33465775>		"plumo"@eo	
"ékúm"@myg	<https://panlex.org/snapshot/panlex-20191001-csv/2411#33466463>				<https://panlex.org/snapshot/panlex-20191001-csv/2411#33466452>		"nomo"@eo	
"nɨ́ŋámé"@myg	<https://panlex.org/snapshot/panlex-20191001-csv/2411#33467176>				<https://panlex.org/snapshot/panlex-20191001-csv/2411#33467164>		"premi"@eo	
"nɨ́ŋámé"@myg	<https://panlex.org/snapshot/panlex-20191001-csv/2411#33467176>				<https://panlex.org/snapshot/panlex-20191001-csv/2411#33467166>		"elpremi"@eo	
"nɨ́ŋámé"@myg	<https://panlex.org/snapshot/panlex-20191001-csv/2411#33467176>				<https://panlex.org/snapshot/panlex-20191001-csv/2411#33467165>		"kunpremi"@eo	
"èbádzélī"@myg	<https://panlex.org/snapshot/panlex-20191001-csv/2411#33467878>				<https://panlex.org/snapshot/panlex-20191001-csv/2411#33467864>		"gluteo"@eo	
"èbádzélī"@myg	<https://panlex.org/snapshot/panlex-20191001-csv/2411#33467878>				<https://panlex.org/snapshot/panlex-20191001-csv/2411#33467865>		"postvango"@eo	
"èbádzélī"@myg	<https://panlex.org/snapshot/panlex-20191001-csv/2411#33467878>				<https://panlex.org/snapshot/panlex-20191001-csv/2411#33467866>		"sidvango"@eo	
"ɛ́páʷlə̀"@myg	<https://panlex.org/snapshot/panlex-20191001-csv/2411#33467597>				<https://panlex.org/snapshot/panlex-20191001-csv/2411#33467587>		"flugilo"@eo	
"ébɔ́n"@myg	<https://panlex.org/snapshot/panlex-20191001-csv/2411#33467665>				<https://panlex.org/snapshot/panlex-20191001-csv/2411#33467652>		"brusto"@eo	
"nísālē"@myg	<https://panlex.org/snapshot/panlex-20191001-csv/2411#33468755>				<https://panlex.org/snapshot/panlex-20191001-csv/2411#33468744>		"ŝuti"@eo	
"ɛ̀táá"@myg	<https://panlex.org/snapshot/panlex-20191001-csv/2411#33467338>				<https://panlex.org/snapshot/panlex-20191001-csv/2411#33467328>		"tri"@eo	
"áɲíí"@myg	<https://panlex.org/snapshot/panlex-20191001-csv/2411#33467046>				<https://panlex.org/snapshot/panlex-20191001-csv/2411#33467035>		"fumo"@eo	
"ɛ̀mámɔ̀ɔ̀"@myg	<https://panlex.org/snapshot/panlex-20191001-csv/2411#33465397>				<https://panlex.org/snapshot/panlex-20191001-csv/2411#33465387>		"nubo"@eo	
"ɛ̀ŋkpàlèmèè"@myg	<https://panlex.org/snapshot/panlex-20191001-csv/2411#33467792>				<https://panlex.org/snapshot/panlex-20191001-csv/2411#33467782>		"nuko"@eo	
"áfwan"@myg	<https://panlex.org/snapshot/panlex-20191001-csv/2411#33468472>				<https://panlex.org/snapshot/panlex-20191001-csv/2411#33468462>		"senviandeco"@eo	
"áfwan"@myg	<https://panlex.org/snapshot/panlex-20191001-csv/2411#33468472>				<https://panlex.org/snapshot/panlex-20191001-csv/2411#33468461>		"malsato"@eo	
"éntʃwúsī"@myg	<https://panlex.org/snapshot/panlex-20191001-csv/2411#33465073>				<https://panlex.org/snapshot/panlex-20191001-csv/2411#33465062>		"cindro"@eo	
"ámάὰ"@myg	<https://panlex.org/snapshot/panlex-20191001-csv/2411#33468030>				<https://panlex.org/snapshot/panlex-20191001-csv/2411#33468021>		"roso"@eo	
"ɔ́jéé"@myg	<https://panlex.org/snapshot/panlex-20191001-csv/2411#33467632>				<https://panlex.org/snapshot/panlex-20191001-csv/2411#33467620>		"virino"@eo	
"nɨ́vīlɨ̄"@myg	<https://panlex.org/snapshot/panlex-20191001-csv/2411#33468786>				<https://panlex.org/snapshot/panlex-20191001-csv/2411#33468776>		"bati"@eo	
"nídʒìnì"@myg	<https://panlex.org/snapshot/panlex-20191001-csv/2411#33467502>				<https://panlex.org/snapshot/panlex-20191001-csv/2411#33467490>		"marŝi"@eo	
"nísālī"@myg	<https://panlex.org/snapshot/panlex-20191001-csv/2411#33468756>				<https://panlex.org/snapshot/panlex-20191001-csv/2411#33468744>		"ŝuti"@eo	
"nídʒī"@myg	<https://panlex.org/snapshot/panlex-20191001-csv/2411#33466206>				<https://panlex.org/snapshot/panlex-20191001-csv/2411#33466194>		"mortigi"@eo	
"nídʒī"@myg	<https://panlex.org/snapshot/panlex-20191001-csv/2411#33468849>				<https://panlex.org/snapshot/panlex-20191001-csv/2411#33468838>		"ŝteli"@eo	
"nítīn"@myg	<https://panlex.org/snapshot/panlex-20191001-csv/2411#33466693>				<https://panlex.org/snapshot/panlex-20191001-csv/2411#33466680>		"puŝi"@eo	
"nímwɔ̀"@myg	<https://panlex.org/snapshot/panlex-20191001-csv/2411#33467276>				<https://panlex.org/snapshot/panlex-20191001-csv/2411#33467263>		"ŝveliĝi"@eo	
"èwɔŋ"@myg	<https://panlex.org/snapshot/panlex-20191001-csv/2411#33468255>				<https://panlex.org/snapshot/panlex-20191001-csv/2411#33468243>		"ĵetlanco"@eo	
"èwɔŋ"@myg	<https://panlex.org/snapshot/panlex-20191001-csv/2411#33468255>				<https://panlex.org/snapshot/panlex-20191001-csv/2411#33468242>		"lanco"@eo	
"nízɔ̀ɔ̀"@myg	<https://panlex.org/snapshot/panlex-20191001-csv/2411#33466918>				<https://panlex.org/snapshot/panlex-20191001-csv/2411#33466905>		"vidi"@eo	
"ɛ̀fwáá"@myg	<https://panlex.org/snapshot/panlex-20191001-csv/2411#33468658>				<https://panlex.org/snapshot/panlex-20191001-csv/2411#33468649>		"dek"@eo	
"ɛ́mfwám"@myg	<https://panlex.org/snapshot/panlex-20191001-csv/2411#33465755>				<https://panlex.org/snapshot/panlex-20191001-csv/2411#33465743>		"graso"@eo	
"étóŋí"@myg	<https://panlex.org/snapshot/panlex-20191001-csv/2411#33465595>				<https://panlex.org/snapshot/panlex-20191001-csv/2411#33465582>		"orelo"@eo	
"èfɛ̀ɛ̀"@myg	<https://panlex.org/snapshot/panlex-20191001-csv/2411#33467439>				<https://panlex.org/snapshot/panlex-20191001-csv/2411#33467426>		"du"@eo	
"bí"@myg	<https://panlex.org/snapshot/panlex-20191001-csv/2411#33468349>				<https://panlex.org/snapshot/panlex-20191001-csv/2411#33468337>		"kapro"@eo	
"bí"@myg	<https://panlex.org/snapshot/panlex-20191001-csv/2411#33468286>				<https://panlex.org/snapshot/panlex-20191001-csv/2411#33468274>		"milito"@eo	
"níkpān"@myg	<https://panlex.org/snapshot/panlex-20191001-csv/2411#33466951>				<https://panlex.org/snapshot/panlex-20191001-csv/2411#33466938>		"kanti"@eo	
"féē"@myg	<https://panlex.org/snapshot/panlex-20191001-csv/2411#33466108>				<https://panlex.org/snapshot/panlex-20191001-csv/2411#33466098>		"kapo"@eo	
"étúm"@myg	<https://panlex.org/snapshot/panlex-20191001-csv/2411#33467907>				<https://panlex.org/snapshot/panlex-20191001-csv/2411#33467897>		"umbiliko"@eo	
"nɨ́pùkìsà"@myg	<https://panlex.org/snapshot/panlex-20191001-csv/2411#33466626>				<https://panlex.org/snapshot/panlex-20191001-csv/2411#33466615>		"amuzludi"@eo	
"nɨ́pùkìsà"@myg	<https://panlex.org/snapshot/panlex-20191001-csv/2411#33466626>				<https://panlex.org/snapshot/panlex-20191001-csv/2411#33466616>		"sportludi"@eo	
"nɨ́pùkìsà"@myg	<https://panlex.org/snapshot/panlex-20191001-csv/2411#33466626>				<https://panlex.org/snapshot/panlex-20191001-csv/2411#33466614>		"ludi"@eo	
"nínàà"@myg	<https://panlex.org/snapshot/panlex-20191001-csv/2411#33466015>				<https://panlex.org/snapshot/panlex-20191001-csv/2411#33466002>		"doni"@eo	
"mɥ́ā"@myg	<https://panlex.org/snapshot/panlex-20191001-csv/2411#33467533>				<https://panlex.org/snapshot/panlex-20191001-csv/2411#33467522>		"akvo"@eo	
"ɛ́víī"@myg	<https://panlex.org/snapshot/panlex-20191001-csv/2411#33465817>				<https://panlex.org/snapshot/panlex-20191001-csv/2411#33465807>		"fajro"@eo	
"dʒɥâ"@myg	<https://panlex.org/snapshot/panlex-20191001-csv/2411#33468126>				<https://panlex.org/snapshot/panlex-20191001-csv/2411#33468115>		"rivero"@eo	
"èɲíí"@myg	<https://panlex.org/snapshot/panlex-20191001-csv/2411#33465981>				<https://panlex.org/snapshot/panlex-20191001-csv/2411#33465969>		"kvar"@eo	
"ètáá"@myg	<https://panlex.org/snapshot/panlex-20191001-csv/2411#33467341>				<https://panlex.org/snapshot/panlex-20191001-csv/2411#33467328>		"tri"@eo	
"ámάὰ"@myg	<https://panlex.org/snapshot/panlex-20191001-csv/2411#33468031>				<https://panlex.org/snapshot/panlex-20191001-csv/2411#33468021>		"roso"@eo	
"nɨ́tòm"@myg	<https://panlex.org/snapshot/panlex-20191001-csv/2411#33468690>				<https://panlex.org/snapshot/panlex-20191001-csv/2411#33468680>		"sendi"@eo	
"vífè"@myg	<https://panlex.org/snapshot/panlex-20191001-csv/2411#33468220>				<https://panlex.org/snapshot/panlex-20191001-csv/2411#33468210>		"tranĉilo"@eo	
"èŋkín"@myg	<https://panlex.org/snapshot/panlex-20191001-csv/2411#33465236>				<https://panlex.org/snapshot/panlex-20191001-csv/2411#33465224>		"sango"@eo	
"étum"@myg	<https://panlex.org/snapshot/panlex-20191001-csv/2411#33467909>				<https://panlex.org/snapshot/panlex-20191001-csv/2411#33467897>		"umbiliko"@eo	
"nífɔ̄tī"@myg	<https://panlex.org/snapshot/panlex-20191001-csv/2411#33465271>				<https://panlex.org/snapshot/panlex-20191001-csv/2411#33465257>		"blovi"@eo	
"nífɔ̄tī"@myg	<https://panlex.org/snapshot/panlex-20191001-csv/2411#33465271>				<https://panlex.org/snapshot/panlex-20191001-csv/2411#33465258>		"venti"@eo	
"áʒʲ âgúū"@myg	<https://panlex.org/snapshot/panlex-20191001-csv/2411#33468093>				<https://panlex.org/snapshot/panlex-20191001-csv/2411#33468083>		"vojo"@eo	
"èɲìní"@myg	<https://panlex.org/snapshot/panlex-20191001-csv/2411#33468599>				<https://panlex.org/snapshot/panlex-20191001-csv/2411#33468587>		"ok"@eo	
"ɛ́ɲáà"@myg	<https://panlex.org/snapshot/panlex-20191001-csv/2411#33465137>				<https://panlex.org/snapshot/panlex-20191001-csv/2411#33465126>		"ventro"@eo	
"ɛ́ɲáà"@myg	<https://panlex.org/snapshot/panlex-20191001-csv/2411#33465137>				<https://panlex.org/snapshot/panlex-20191001-csv/2411#33465127>		"abdomeno"@eo	
"ŋgùsí"@myg	<https://panlex.org/snapshot/panlex-20191001-csv/2411#33465400>				<https://panlex.org/snapshot/panlex-20191001-csv/2411#33465387>		"nubo"@eo	
"ètàn"@myg	<https://panlex.org/snapshot/panlex-20191001-csv/2411#33465883>				<https://panlex.org/snapshot/panlex-20191001-csv/2411#33465872>		"kvin"@eo	
"ènɔ́n"@myg	<https://panlex.org/snapshot/panlex-20191001-csv/2411#33465171>				<https://panlex.org/snapshot/panlex-20191001-csv/2411#33465159>		"birdo"@eo	
"níbī"@myg	<https://panlex.org/snapshot/panlex-20191001-csv/2411#33468945>				<https://panlex.org/snapshot/panlex-20191001-csv/2411#33468934>		"naski"@eo	
"góò"@myg	<https://panlex.org/snapshot/panlex-20191001-csv/2411#33466982>				<https://panlex.org/snapshot/panlex-20191001-csv/2411#33466970>		"haŭto"@eo	
"ékaŋ"@myg	<https://panlex.org/snapshot/panlex-20191001-csv/2411#33466756>				<https://panlex.org/snapshot/panlex-20191001-csv/2411#33466745>		"radiko"@eo	
"níkàɛ̀"@myg	<https://panlex.org/snapshot/panlex-20191001-csv/2411#33466239>				<https://panlex.org/snapshot/panlex-20191001-csv/2411#33466226>		"scii"@eo	
"étʃɛ̂"@myg	<https://panlex.org/snapshot/panlex-20191001-csv/2411#33467306>				<https://panlex.org/snapshot/panlex-20191001-csv/2411#33467296>		"vosto"@eo	
"vɛ̂l"@myg	<https://panlex.org/snapshot/panlex-20191001-csv/2411#33468001>				<https://panlex.org/snapshot/panlex-20191001-csv/2411#33467990>		"homo"@eo	
"ɛ́ŋgwúm"@myg	<https://panlex.org/snapshot/panlex-20191001-csv/2411#33467566>				<https://panlex.org/snapshot/panlex-20191001-csv/2411#33467554>		"vento"@eo	
"nɨ́zāā"@myg	<https://panlex.org/snapshot/panlex-20191001-csv/2411#33467142>				<https://panlex.org/snapshot/panlex-20191001-csv/2411#33467132>		"fendi"@eo	
"záá"@myg	<https://panlex.org/snapshot/panlex-20191001-csv/2411#33465430>				<https://panlex.org/snapshot/panlex-20191001-csv/2411#33465420>		"veni"@eo	
"èfwáá"@myg	<https://panlex.org/snapshot/panlex-20191001-csv/2411#33468659>				<https://panlex.org/snapshot/panlex-20191001-csv/2411#33468649>		"dek"@eo	
"ɛ́púm zɔ̄ɔ̄"@myg	<https://panlex.org/snapshot/panlex-20191001-csv/2411#33467241>				<https://panlex.org/snapshot/panlex-20191001-csv/2411#33467231>		"suno"@eo	
"ébâ"@myg	<https://panlex.org/snapshot/panlex-20191001-csv/2411#33466303>				<https://panlex.org/snapshot/panlex-20191001-csv/2411#33466292>		"kruro"@eo	
"ɛ́fɔ̂ŋ"@myg	<https://panlex.org/snapshot/panlex-20191001-csv/2411#33467728>				<https://panlex.org/snapshot/panlex-20191001-csv/2411#33467718>		"korno"@eo	
"nɨ́ᾱᾱ"@myg	<https://panlex.org/snapshot/panlex-20191001-csv/2411#33468722>				<https://panlex.org/snapshot/panlex-20191001-csv/2411#33468712>		"foriri"@eo	
"ʃú"@myg	<https://panlex.org/snapshot/panlex-20191001-csv/2411#33465849>				<https://panlex.org/snapshot/panlex-20191001-csv/2411#33465839>		"fiŝo"@eo	
"dʒí"@myg	<https://panlex.org/snapshot/panlex-20191001-csv/2411#33466335>				<https://panlex.org/snapshot/panlex-20191001-csv/2411#33466324>		"pediko"@eo	
"ńtsɛ̂"@myg	<https://panlex.org/snapshot/panlex-20191001-csv/2411#33467971>				<https://panlex.org/snapshot/panlex-20191001-csv/2411#33467959>		"urino"@eo	
"nɨkù"@myg	<https://panlex.org/snapshot/panlex-20191001-csv/2411#33465495>				<https://panlex.org/snapshot/panlex-20191001-csv/2411#33465485>		"morti"@eo	
"nídʒwà"@myg	<https://panlex.org/snapshot/panlex-20191001-csv/2411#33465335>				<https://panlex.org/snapshot/panlex-20191001-csv/2411#33465322>		"bruli"@eo	
"níɲōŋ"@myg	<https://panlex.org/snapshot/panlex-20191001-csv/2411#33465562>				<https://panlex.org/snapshot/panlex-20191001-csv/2411#33465550>		"trinki"@eo	
"nɨ́kwɔ̀ɔ̀"@myg	<https://panlex.org/snapshot/panlex-20191001-csv/2411#33467177>				<https://panlex.org/snapshot/panlex-20191001-csv/2411#33467164>		"premi"@eo	
"nɨ́kwɔ̀ɔ̀"@myg	<https://panlex.org/snapshot/panlex-20191001-csv/2411#33467177>				<https://panlex.org/snapshot/panlex-20191001-csv/2411#33467166>		"elpremi"@eo	
"nɨ́kwɔ̀ɔ̀"@myg	<https://panlex.org/snapshot/panlex-20191001-csv/2411#33467177>				<https://panlex.org/snapshot/panlex-20191001-csv/2411#33467165>		"kunpremi"@eo	
"ɛ́nɔn"@myg	<https://panlex.org/snapshot/panlex-20191001-csv/2411#33465169>				<https://panlex.org/snapshot/panlex-20191001-csv/2411#33465159>		"birdo"@eo	
"ɛ̀nɔ̀m"@myg	<https://panlex.org/snapshot/panlex-20191001-csv/2411#33466174>				<https://panlex.org/snapshot/panlex-20191001-csv/2411#33466162>		"edzo"@eo	
"vɛ̂"@myg	<https://panlex.org/snapshot/panlex-20191001-csv/2411#33468002>				<https://panlex.org/snapshot/panlex-20191001-csv/2411#33467990>		"homo"@eo	
"ɛ̀nsò"@myg	<https://panlex.org/snapshot/panlex-20191001-csv/2411#33468316>				<https://panlex.org/snapshot/panlex-20191001-csv/2411#33468305>		"elefanto"@eo	
"nɨ́zūū"@myg	<https://panlex.org/snapshot/panlex-20191001-csv/2411#33466140>				<https://panlex.org/snapshot/panlex-20191001-csv/2411#33466130>		"aŭdi"@eo	
"vá"@myg	<https://panlex.org/snapshot/panlex-20191001-csv/2411#33465368>				<https://panlex.org/snapshot/panlex-20191001-csv/2411#33465355>		"infano"@eo	
"ʃú"@myg	<https://panlex.org/snapshot/panlex-20191001-csv/2411#33465851>				<https://panlex.org/snapshot/panlex-20191001-csv/2411#33465839>		"fiŝo"@eo	
"níkʰù"@myg	<https://panlex.org/snapshot/panlex-20191001-csv/2411#33465498>				<https://panlex.org/snapshot/panlex-20191001-csv/2411#33465485>		"morti"@eo	
"ɛ́fúbʒɛ̀n"@myg	<https://panlex.org/snapshot/panlex-20191001-csv/2411#33466269>				<https://panlex.org/snapshot/panlex-20191001-csv/2411#33466259>		"folio"@eo	
"èmbάά"@myg	<https://panlex.org/snapshot/panlex-20191001-csv/2411#33468379>				<https://panlex.org/snapshot/panlex-20191001-csv/2411#33468368>		"testudo"@eo	
"nɨ̵́ʃwātī"@myg	<https://panlex.org/snapshot/panlex-20191001-csv/2411#33467210>				<https://panlex.org/snapshot/panlex-20191001-csv/2411#33467199>		"suĉi"@eo	
"íʃí"@myg	<https://panlex.org/snapshot/panlex-20191001-csv/2411#33465691>				<https://panlex.org/snapshot/panlex-20191001-csv/2411#33465678>		"okulo"@eo	
"ɛ́zóó"@myg	<https://panlex.org/snapshot/panlex-20191001-csv/2411#33467013>				<https://panlex.org/snapshot/panlex-20191001-csv/2411#33467002>		"ĉielo"@eo	
"èmbùlàɲà"@myg	<https://panlex.org/snapshot/panlex-20191001-csv/2411#33467940>				<https://panlex.org/snapshot/panlex-20191001-csv/2411#33467928>		"intestaro"@eo	
"bí"@myg	<https://panlex.org/snapshot/panlex-20191001-csv/2411#33468284>				<https://panlex.org/snapshot/panlex-20191001-csv/2411#33468274>		"milito"@eo	
"épâlè"@myg	<https://panlex.org/snapshot/panlex-20191001-csv/2411#33467598>				<https://panlex.org/snapshot/panlex-20191001-csv/2411#33467587>		"flugilo"@eo	
"nɔ́ɔ̄"@myg	<https://panlex.org/snapshot/panlex-20191001-csv/2411#33468157>				<https://panlex.org/snapshot/panlex-20191001-csv/2411#33468146>		"domo"@eo	
"áɲíí"@myg	<https://panlex.org/snapshot/panlex-20191001-csv/2411#33467045>				<https://panlex.org/snapshot/panlex-20191001-csv/2411#33467035>		"fumo"@eo	
"mʒáŋ"@myg	<https://panlex.org/snapshot/panlex-20191001-csv/2411#33466821>				<https://panlex.org/snapshot/panlex-20191001-csv/2411#33466809>		"salo"@eo	
"èsààmbá"@myg	<https://panlex.org/snapshot/panlex-20191001-csv/2411#33468567>				<https://panlex.org/snapshot/panlex-20191001-csv/2411#33468555>		"sep"@eo	
"nɨ́tsɔ̄ɔ̄"@myg	<https://panlex.org/snapshot/panlex-20191001-csv/2411#33466883>				<https://panlex.org/snapshot/panlex-20191001-csv/2411#33466873>		"diri"@eo	
"àɲíí"@myg	<https://panlex.org/snapshot/panlex-20191001-csv/2411#33467047>				<https://panlex.org/snapshot/panlex-20191001-csv/2411#33467035>		"fumo"@eo	
"éɲáà"@myg	<https://panlex.org/snapshot/panlex-20191001-csv/2411#33465138>				<https://panlex.org/snapshot/panlex-20191001-csv/2411#33465126>		"ventro"@eo	
"éɲáà"@myg	<https://panlex.org/snapshot/panlex-20191001-csv/2411#33465138>				<https://panlex.org/snapshot/panlex-20191001-csv/2411#33465127>		"abdomeno"@eo	
"nígò"@myg	<https://panlex.org/snapshot/panlex-20191001-csv/2411#33466660>				<https://panlex.org/snapshot/panlex-20191001-csv/2411#33466648>		"tiri"@eo	
"níɲì"@myg	<https://panlex.org/snapshot/panlex-20191001-csv/2411#33468913>				<https://panlex.org/snapshot/panlex-20191001-csv/2411#33468902>		"enterigi"@eo	
"étɨ́tɨ́"@myg	<https://panlex.org/snapshot/panlex-20191001-csv/2411#33468409>				<https://panlex.org/snapshot/panlex-20191001-csv/2411#33468398>		"arbo"@eo	
"ɛ́nɛ́mí"@myg	<https://panlex.org/snapshot/panlex-20191001-csv/2411#33467373>				<https://panlex.org/snapshot/panlex-20191001-csv/2411#33467360>		"lango"@eo	
"ètʒèètí"@myg	<https://panlex.org/snapshot/panlex-20191001-csv/2411#33468533>				<https://panlex.org/snapshot/panlex-20191001-csv/2411#33468523>		"ses"@eo	
"ɛ́bóó"@myg	<https://panlex.org/snapshot/panlex-20191001-csv/2411#33466724>				<https://panlex.org/snapshot/panlex-20191001-csv/2411#33466713>		"pluvo"@eo	
"ɛ́dzáá"@myg	<https://panlex.org/snapshot/panlex-20191001-csv/2411#33467843>				<https://panlex.org/snapshot/panlex-20191001-csv/2411#33467842>		"ungo"@eo	
"ɛ́dzáá"@myg	<https://panlex.org/snapshot/panlex-20191001-csv/2411#33467695>				<https://panlex.org/snapshot/panlex-20191001-csv/2411#33467685>		"ungego"@eo	
"ɛ́nɛ́mí"@myg	<https://panlex.org/snapshot/panlex-20191001-csv/2411#33467371>				<https://panlex.org/snapshot/panlex-20191001-csv/2411#33467360>		"lango"@eo	
"ɛ́mbɔ́"@myg	<https://panlex.org/snapshot/panlex-20191001-csv/2411#33468380>				<https://panlex.org/snapshot/panlex-20191001-csv/2411#33468368>		"testudo"@eo	
"èdʒíí"@myg	<https://panlex.org/snapshot/panlex-20191001-csv/2411#33466561>				<https://panlex.org/snapshot/panlex-20191001-csv/2411#33466549>		"nazo"@eo	
"nɨ́nàà"@myg	<https://panlex.org/snapshot/panlex-20191001-csv/2411#33469007>				<https://panlex.org/snapshot/panlex-20191001-csv/2411#33468997>		"voli"@eo	
"nɨ́nàà"@myg	<https://panlex.org/snapshot/panlex-20191001-csv/2411#33469007>				<https://panlex.org/snapshot/panlex-20191001-csv/2411#33468998>		"deziri"@eo	
"nɨ́nàà"@myg	<https://panlex.org/snapshot/panlex-20191001-csv/2411#33466012>				<https://panlex.org/snapshot/panlex-20191001-csv/2411#33466002>		"doni"@eo	
"ɛ́kɛ́pɛ̄ɛ̄"@myg	<https://panlex.org/snapshot/panlex-20191001-csv/2411#33467875>				<https://panlex.org/snapshot/panlex-20191001-csv/2411#33467864>		"gluteo"@eo	
"ɛ́kɛ́pɛ̄ɛ̄"@myg	<https://panlex.org/snapshot/panlex-20191001-csv/2411#33467875>				<https://panlex.org/snapshot/panlex-20191001-csv/2411#33467865>		"postvango"@eo	
"ɛ́kɛ́pɛ̄ɛ̄"@myg	<https://panlex.org/snapshot/panlex-20191001-csv/2411#33467875>				<https://panlex.org/snapshot/panlex-20191001-csv/2411#33467866>		"sidvango"@eo	
"èɲìníí"@myg	<https://panlex.org/snapshot/panlex-20191001-csv/2411#33468596>				<https://panlex.org/snapshot/panlex-20191001-csv/2411#33468587>		"ok"@eo	
"nítsòò"@myg	<https://panlex.org/snapshot/panlex-20191001-csv/2411#33466886>				<https://panlex.org/snapshot/panlex-20191001-csv/2411#33466873>		"diri"@eo	
"níʃìʔí"@myg	<https://panlex.org/snapshot/panlex-20191001-csv/2411#33468882>				<https://panlex.org/snapshot/panlex-20191001-csv/2411#33468870>		"kreskigi"@eo	
"ɛ̀víl"@myg	<https://panlex.org/snapshot/panlex-20191001-csv/2411#33465819>				<https://panlex.org/snapshot/panlex-20191001-csv/2411#33465807>		"fajro"@eo	
"ékúm"@myg	<https://panlex.org/snapshot/panlex-20191001-csv/2411#33466464>				<https://panlex.org/snapshot/panlex-20191001-csv/2411#33466452>		"nomo"@eo	
"ɛ́ɣɔ́ɔ̄"@myg	<https://panlex.org/snapshot/panlex-20191001-csv/2411#33466787>				<https://panlex.org/snapshot/panlex-20191001-csv/2411#33466777>		"ŝnuro"@eo	
"mbùsə̀ɲàà"@myg	<https://panlex.org/snapshot/panlex-20191001-csv/2411#33467939>				<https://panlex.org/snapshot/panlex-20191001-csv/2411#33467928>		"intestaro"@eo	
"émfwám"@myg	<https://panlex.org/snapshot/panlex-20191001-csv/2411#33465754>				<https://panlex.org/snapshot/panlex-20191001-csv/2411#33465743>		"graso"@eo	
"áfúù"@myg	<https://panlex.org/snapshot/panlex-20191001-csv/2411#33466527>				<https://panlex.org/snapshot/panlex-20191001-csv/2411#33466516>		"nokto"@eo	
"wámʒàà"@myg	<https://panlex.org/snapshot/panlex-20191001-csv/2411#33465530>				<https://panlex.org/snapshot/panlex-20191001-csv/2411#33465518>		"hundo"@eo	
"nɨ́sù"@myg	<https://panlex.org/snapshot/panlex-20191001-csv/2411#33468817>				<https://panlex.org/snapshot/panlex-20191001-csv/2411#33468807>		"lavi"@eo	
"ɛ́fɛ́ɛ́"@myg	<https://panlex.org/snapshot/panlex-20191001-csv/2411#33467436>				<https://panlex.org/snapshot/panlex-20191001-csv/2411#33467426>		"du"@eo	
"bíí"@myg	<https://panlex.org/snapshot/panlex-20191001-csv/2411#33468283>				<https://panlex.org/snapshot/panlex-20191001-csv/2411#33468274>		"milito"@eo	
"nípɛ̀"@myg	<https://panlex.org/snapshot/panlex-20191001-csv/2411#33465464>				<https://panlex.org/snapshot/panlex-20191001-csv/2411#33465452>		"nombri"@eo	
"tɨ́nsé"@myg	<https://panlex.org/snapshot/panlex-20191001-csv/2411#33466853>				<https://panlex.org/snapshot/panlex-20191001-csv/2411#33466841>		"sablo"@eo	
"nídìʔì"@myg	<https://panlex.org/snapshot/panlex-20191001-csv/2411#33468723>				<https://panlex.org/snapshot/panlex-20191001-csv/2411#33468712>		"foriri"@eo	
"nízātī"@myg	<https://panlex.org/snapshot/panlex-20191001-csv/2411#33467144>				<https://panlex.org/snapshot/panlex-20191001-csv/2411#33467132>		"fendi"@eo	
"ɲɔ̂ŋ fēē"@myg	<https://panlex.org/snapshot/panlex-20191001-csv/2411#33466044>				<https://panlex.org/snapshot/panlex-20191001-csv/2411#33466034>		"hararo"@eo	
"ɛ̀mbάά"@myg	<https://panlex.org/snapshot/panlex-20191001-csv/2411#33468378>				<https://panlex.org/snapshot/panlex-20191001-csv/2411#33468368>		"testudo"@eo	
"èsààmbá"@myg	<https://panlex.org/snapshot/panlex-20191001-csv/2411#33468566>				<https://panlex.org/snapshot/panlex-20191001-csv/2411#33468555>		"sep"@eo	
"èfwáá"@myg	<https://panlex.org/snapshot/panlex-20191001-csv/2411#33468660>				<https://panlex.org/snapshot/panlex-20191001-csv/2411#33468649>		"dek"@eo	
"nɨ́pùkìsà"@myg	<https://panlex.org/snapshot/panlex-20191001-csv/2411#33466627>				<https://panlex.org/snapshot/panlex-20191001-csv/2411#33466615>		"amuzludi"@eo	
"nɨ́pùkìsà"@myg	<https://panlex.org/snapshot/panlex-20191001-csv/2411#33466627>				<https://panlex.org/snapshot/panlex-20191001-csv/2411#33466616>		"sportludi"@eo	
"nɨ́pùkìsà"@myg	<https://panlex.org/snapshot/panlex-20191001-csv/2411#33466627>				<https://panlex.org/snapshot/panlex-20191001-csv/2411#33466614>		"ludi"@eo	
"nítɔ̄m"@myg	<https://panlex.org/snapshot/panlex-20191001-csv/2411#33468691>				<https://panlex.org/snapshot/panlex-20191001-csv/2411#33468680>		"sendi"@eo	
"ètʒèètí"@myg	<https://panlex.org/snapshot/panlex-20191001-csv/2411#33468535>				<https://panlex.org/snapshot/panlex-20191001-csv/2411#33468523>		"ses"@eo	
"nɨ́dʒii̅"@myg	<https://panlex.org/snapshot/panlex-20191001-csv/2411#33468847>				<https://panlex.org/snapshot/panlex-20191001-csv/2411#33468838>		"ŝteli"@eo	
"mɥáà"@myg	<https://panlex.org/snapshot/panlex-20191001-csv/2411#33467532>				<https://panlex.org/snapshot/panlex-20191001-csv/2411#33467522>		"akvo"@eo	
"gú"@myg	<https://panlex.org/snapshot/panlex-20191001-csv/2411#33468094>				<https://panlex.org/snapshot/panlex-20191001-csv/2411#33468083>		"vojo"@eo	
"dʒíī"@myg	<https://panlex.org/snapshot/panlex-20191001-csv/2411#33466334>				<https://panlex.org/snapshot/panlex-20191001-csv/2411#33466324>		"pediko"@eo	
"énɛ́ndɔ́ŋ"@myg	<https://panlex.org/snapshot/panlex-20191001-csv/2411#33467822>				<https://panlex.org/snapshot/panlex-20191001-csv/2411#33467812>		"gorĝo"@eo	
"gɔ́ɔ̀"@myg	<https://panlex.org/snapshot/panlex-20191001-csv/2411#33466981>				<https://panlex.org/snapshot/panlex-20191001-csv/2411#33466970>		"haŭto"@eo	
"àŋ̀káŋ"@myg	<https://panlex.org/snapshot/panlex-20191001-csv/2411#33466757>				<https://panlex.org/snapshot/panlex-20191001-csv/2411#33466745>		"radiko"@eo	
"éɲâ"@myg	<https://panlex.org/snapshot/panlex-20191001-csv/2411#33465140>				<https://panlex.org/snapshot/panlex-20191001-csv/2411#33465126>		"ventro"@eo	
"éɲâ"@myg	<https://panlex.org/snapshot/panlex-20191001-csv/2411#33465140>				<https://panlex.org/snapshot/panlex-20191001-csv/2411#33465127>		"abdomeno"@eo	
"nɨ̵́sòò"@myg	<https://panlex.org/snapshot/panlex-20191001-csv/2411#33468816>				<https://panlex.org/snapshot/panlex-20191001-csv/2411#33468807>		"lavi"@eo	
"mbùlàɲàà"@myg	<https://panlex.org/snapshot/panlex-20191001-csv/2411#33467938>				<https://panlex.org/snapshot/panlex-20191001-csv/2411#33467928>		"intestaro"@eo	
"nífɔ̄ɔ̄tī"@myg	<https://panlex.org/snapshot/panlex-20191001-csv/2411#33465270>				<https://panlex.org/snapshot/panlex-20191001-csv/2411#33465257>		"blovi"@eo	
"nífɔ̄ɔ̄tī"@myg	<https://panlex.org/snapshot/panlex-20191001-csv/2411#33465270>				<https://panlex.org/snapshot/panlex-20191001-csv/2411#33465258>		"venti"@eo	
"dʒɥâ"@myg	<https://panlex.org/snapshot/panlex-20191001-csv/2411#33468127>				<https://panlex.org/snapshot/panlex-20191001-csv/2411#33468115>		"rivero"@eo	
"nízɛ̀ŋ"@myg	<https://panlex.org/snapshot/panlex-20191001-csv/2411#33467470>				<https://panlex.org/snapshot/panlex-20191001-csv/2411#33467458>		"vomi"@eo	
"ɛ́ɣɔŋ"@myg	<https://panlex.org/snapshot/panlex-20191001-csv/2411#33468252>				<https://panlex.org/snapshot/panlex-20191001-csv/2411#33468243>		"ĵetlanco"@eo	
"ɛ́ɣɔŋ"@myg	<https://panlex.org/snapshot/panlex-20191001-csv/2411#33468252>				<https://panlex.org/snapshot/panlex-20191001-csv/2411#33468242>		"lanco"@eo	
"ɛ́ɲúú"@myg	<https://panlex.org/snapshot/panlex-20191001-csv/2411#33466431>				<https://panlex.org/snapshot/panlex-20191001-csv/2411#33466420>		"buŝo"@eo	
"nɨ́ɲɔ̄ŋ"@myg	<https://panlex.org/snapshot/panlex-20191001-csv/2411#33465560>				<https://panlex.org/snapshot/panlex-20191001-csv/2411#33465550>		"trinki"@eo	
"mbàsɨ́"@myg	<https://panlex.org/snapshot/panlex-20191001-csv/2411#33465398>				<https://panlex.org/snapshot/panlex-20191001-csv/2411#33465387>		"nubo"@eo	
"nípùʔɛ̀fɔ"@myg	<https://panlex.org/snapshot/panlex-20191001-csv/2411#33468977>				<https://panlex.org/snapshot/panlex-20191001-csv/2411#33468965>		"timi"@eo	
"étɔ́nɔ́"@myg	<https://panlex.org/snapshot/panlex-20191001-csv/2411#33468503>				<https://panlex.org/snapshot/panlex-20191001-csv/2411#33468492>		"fero"@eo	
"múnα̅̅α̅"@myg	<https://panlex.org/snapshot/panlex-20191001-csv/2411#33468155>				<https://panlex.org/snapshot/panlex-20191001-csv/2411#33468146>		"domo"@eo	
"ɛ̀mbάά"@myg	<https://panlex.org/snapshot/panlex-20191001-csv/2411#33468377>				<https://panlex.org/snapshot/panlex-20191001-csv/2411#33468368>		"testudo"@eo	
"ɛ́túm"@myg	<https://panlex.org/snapshot/panlex-20191001-csv/2411#33467906>				<https://panlex.org/snapshot/panlex-20191001-csv/2411#33467897>		"umbiliko"@eo	
"níbɨ̄"@myg	<https://panlex.org/snapshot/panlex-20191001-csv/2411#33468946>				<https://panlex.org/snapshot/panlex-20191001-csv/2411#33468934>		"naski"@eo	
"ɲám"@myg	<https://panlex.org/snapshot/panlex-20191001-csv/2411#33465044>				<https://panlex.org/snapshot/panlex-20191001-csv/2411#33465031>		"animalo"@eo	
"ɲám"@myg	<https://panlex.org/snapshot/panlex-20191001-csv/2411#33465044>				<https://panlex.org/snapshot/panlex-20191001-csv/2411#33465030>		"besto"@eo	
"ɲám"@myg	<https://panlex.org/snapshot/panlex-20191001-csv/2411#33466401>				<https://panlex.org/snapshot/panlex-20191001-csv/2411#33466388>		"viando"@eo	
"èŋkúlò"@myg	<https://panlex.org/snapshot/panlex-20191001-csv/2411#33468221>				<https://panlex.org/snapshot/panlex-20191001-csv/2411#33468210>		"tranĉilo"@eo	
"ǹsò"@myg	<https://panlex.org/snapshot/panlex-20191001-csv/2411#33468317>				<https://panlex.org/snapshot/panlex-20191001-csv/2411#33468305>		"elefanto"@eo	
"nɨ́tù"@myg	<https://panlex.org/snapshot/panlex-20191001-csv/2411#33467109>				<https://panlex.org/snapshot/panlex-20191001-csv/2411#33467099>		"kraĉi"@eo	
"eɲìì"@myg	<https://panlex.org/snapshot/panlex-20191001-csv/2411#33465979>				<https://panlex.org/snapshot/panlex-20191001-csv/2411#33465969>		"kvar"@eo	
"ébâ"@myg	<https://panlex.org/snapshot/panlex-20191001-csv/2411#33466304>				<https://panlex.org/snapshot/panlex-20191001-csv/2411#33466292>		"kruro"@eo	
"dʒwɔ́"@myg	<https://panlex.org/snapshot/panlex-20191001-csv/2411#33467078>				<https://panlex.org/snapshot/panlex-20191001-csv/2411#33467067>		"serpento"@eo	
"ékɔ̂n"@myg	<https://panlex.org/snapshot/panlex-20191001-csv/2411#33465658>				<https://panlex.org/snapshot/panlex-20191001-csv/2411#33465646>		"ovo"@eo	
"nízɔ̄"@myg	<https://panlex.org/snapshot/panlex-20191001-csv/2411#33466917>				<https://panlex.org/snapshot/panlex-20191001-csv/2411#33466905>		"vidi"@eo	
"nɨ́fɔ̄ɔ̄tī̵"@myg	<https://panlex.org/snapshot/panlex-20191001-csv/2411#33465269>				<https://panlex.org/snapshot/panlex-20191001-csv/2411#33465257>		"blovi"@eo	
"nɨ́fɔ̄ɔ̄tī̵"@myg	<https://panlex.org/snapshot/panlex-20191001-csv/2411#33465269>				<https://panlex.org/snapshot/panlex-20191001-csv/2411#33465258>		"venti"@eo	
"nɨ́tù"@myg	<https://panlex.org/snapshot/panlex-20191001-csv/2411#33467110>				<https://panlex.org/snapshot/panlex-20191001-csv/2411#33467099>		"kraĉi"@eo	
"tʃwáà"@myg	<https://panlex.org/snapshot/panlex-20191001-csv/2411#33468063>				<https://panlex.org/snapshot/panlex-20191001-csv/2411#33468052>		"tero"@eo	
"nɨ́mwɔ̀"@myg	<https://panlex.org/snapshot/panlex-20191001-csv/2411#33467273>				<https://panlex.org/snapshot/panlex-20191001-csv/2411#33467263>		"ŝveliĝi"@eo	
"èɲìì"@myg	<https://panlex.org/snapshot/panlex-20191001-csv/2411#33465982>				<https://panlex.org/snapshot/panlex-20191001-csv/2411#33465969>		"kvar"@eo	
"gɔ́ɔ̀tɨ́tɨ́ɨ́"@myg	<https://panlex.org/snapshot/panlex-20191001-csv/2411#33465106>				<https://panlex.org/snapshot/panlex-20191001-csv/2411#33465095>		"arboŝelo"@eo	
"gɔ́ɔ̀tɨ́tɨ́ɨ́"@myg	<https://panlex.org/snapshot/panlex-20191001-csv/2411#33465106>				<https://panlex.org/snapshot/panlex-20191001-csv/2411#33465094>		"arbŝelo"@eo	
"ébɔ́n"@myg	<https://panlex.org/snapshot/panlex-20191001-csv/2411#33467663>				<https://panlex.org/snapshot/panlex-20191001-csv/2411#33467652>		"brusto"@eo	
"dʒɥáà"@myg	<https://panlex.org/snapshot/panlex-20191001-csv/2411#33468124>				<https://panlex.org/snapshot/panlex-20191001-csv/2411#33468115>		"rivero"@eo	
"nídʒìì"@myg	<https://panlex.org/snapshot/panlex-20191001-csv/2411#33468850>				<https://panlex.org/snapshot/panlex-20191001-csv/2411#33468838>		"ŝteli"@eo	
"nídʒìì"@myg	<https://panlex.org/snapshot/panlex-20191001-csv/2411#33466207>				<https://panlex.org/snapshot/panlex-20191001-csv/2411#33466194>		"mortigi"@eo	
"éfúú"@myg	<https://panlex.org/snapshot/panlex-20191001-csv/2411#33466272>				<https://panlex.org/snapshot/panlex-20191001-csv/2411#33466259>		"folio"@eo	
"bíl"@myg	<https://panlex.org/snapshot/panlex-20191001-csv/2411#33468285>				<https://panlex.org/snapshot/panlex-20191001-csv/2411#33468274>		"milito"@eo	
"ètáá"@myg	<https://panlex.org/snapshot/panlex-20191001-csv/2411#33467340>				<https://panlex.org/snapshot/panlex-20191001-csv/2411#33467328>		"tri"@eo	
"ètʒèètí"@myg	<https://panlex.org/snapshot/panlex-20191001-csv/2411#33468534>				<https://panlex.org/snapshot/panlex-20191001-csv/2411#33468523>		"ses"@eo	
"nɨ́zα̅α̅"@myg	<https://panlex.org/snapshot/panlex-20191001-csv/2411#33466916>				<https://panlex.org/snapshot/panlex-20191001-csv/2411#33466905>		"vidi"@eo	
"tʃîmbâ"@myg	<https://panlex.org/snapshot/panlex-20191001-csv/2411#33465949>				<https://panlex.org/snapshot/panlex-20191001-csv/2411#33465937>		"kruro"@eo	
"étóŋí"@myg	<https://panlex.org/snapshot/panlex-20191001-csv/2411#33465594>				<https://panlex.org/snapshot/panlex-20191001-csv/2411#33465582>		"orelo"@eo	
"nɨ́fùlé"@myg	<https://panlex.org/snapshot/panlex-20191001-csv/2411#33465915>				<https://panlex.org/snapshot/panlex-20191001-csv/2411#33465905>		"flugi"@eo	
"vá"@myg	<https://panlex.org/snapshot/panlex-20191001-csv/2411#33465365>				<https://panlex.org/snapshot/panlex-20191001-csv/2411#33465355>		"infano"@eo	
"ézóó"@myg	<https://panlex.org/snapshot/panlex-20191001-csv/2411#33467015>				<https://panlex.org/snapshot/panlex-20191001-csv/2411#33467002>		"ĉielo"@eo	
"mwá"@myg	<https://panlex.org/snapshot/panlex-20191001-csv/2411#33467534>				<https://panlex.org/snapshot/panlex-20191001-csv/2411#33467522>		"akvo"@eo	
"édʒíí"@myg	<https://panlex.org/snapshot/panlex-20191001-csv/2411#33466562>				<https://panlex.org/snapshot/panlex-20191001-csv/2411#33466549>		"nazo"@eo	
"ɛ́dʒíí"@myg	<https://panlex.org/snapshot/panlex-20191001-csv/2411#33466559>				<https://panlex.org/snapshot/panlex-20191001-csv/2411#33466549>		"nazo"@eo	
"èɲìní"@myg	<https://panlex.org/snapshot/panlex-20191001-csv/2411#33468597>				<https://panlex.org/snapshot/panlex-20191001-csv/2411#33468587>		"ok"@eo	
"nɨ́bē"@myg	<https://panlex.org/snapshot/panlex-20191001-csv/2411#33468943>				<https://panlex.org/snapshot/panlex-20191001-csv/2411#33468934>		"naski"@eo	
"èntʷɔ́sī"@myg	<https://panlex.org/snapshot/panlex-20191001-csv/2411#33465074>				<https://panlex.org/snapshot/panlex-20191001-csv/2411#33465062>		"cindro"@eo	
"áfím"@myg	<https://panlex.org/snapshot/panlex-20191001-csv/2411#33467565>				<https://panlex.org/snapshot/panlex-20191001-csv/2411#33467554>		"vento"@eo	
"nɔ́ɔ́"@myg	<https://panlex.org/snapshot/panlex-20191001-csv/2411#33468158>				<https://panlex.org/snapshot/panlex-20191001-csv/2411#33468146>		"domo"@eo	
"nítii̅"@myg	<https://panlex.org/snapshot/panlex-20191001-csv/2411#33469041>				<https://panlex.org/snapshot/panlex-20191001-csv/2411#33469029>		"montri"@eo	
"nɨ́bwɔ̀n"@myg	<https://panlex.org/snapshot/panlex-20191001-csv/2411#33466691>				<https://panlex.org/snapshot/panlex-20191001-csv/2411#33466680>		"puŝi"@eo	
"níkàà"@myg	<https://panlex.org/snapshot/panlex-20191001-csv/2411#33466238>				<https://panlex.org/snapshot/panlex-20191001-csv/2411#33466226>		"scii"@eo	
"ɛ́ntʷɔ̄sɨ̄"@myg	<https://panlex.org/snapshot/panlex-20191001-csv/2411#33465072>				<https://panlex.org/snapshot/panlex-20191001-csv/2411#33465062>		"cindro"@eo	
"níkii̅"@myg	<https://panlex.org/snapshot/panlex-20191001-csv/2411#33469010>				<https://panlex.org/snapshot/panlex-20191001-csv/2411#33468997>		"voli"@eo	
"níkii̅"@myg	<https://panlex.org/snapshot/panlex-20191001-csv/2411#33469010>				<https://panlex.org/snapshot/panlex-20191001-csv/2411#33468998>		"deziri"@eo	
"nítɨ̄"@myg	<https://panlex.org/snapshot/panlex-20191001-csv/2411#33469040>				<https://panlex.org/snapshot/panlex-20191001-csv/2411#33469029>		"montri"@eo	
"nɨ́dʒìnì"@myg	<https://panlex.org/snapshot/panlex-20191001-csv/2411#33467501>				<https://panlex.org/snapshot/panlex-20191001-csv/2411#33467490>		"marŝi"@eo	
"nɨ̵́zɛ̀ŋ"@myg	<https://panlex.org/snapshot/panlex-20191001-csv/2411#33467469>				<https://panlex.org/snapshot/panlex-20191001-csv/2411#33467458>		"vomi"@eo	
"ètàn"@myg	<https://panlex.org/snapshot/panlex-20191001-csv/2411#33465884>				<https://panlex.org/snapshot/panlex-20191001-csv/2411#33465872>		"kvin"@eo	
"nɨ́pɛ̀"@myg	<https://panlex.org/snapshot/panlex-20191001-csv/2411#33465463>				<https://panlex.org/snapshot/panlex-20191001-csv/2411#33465452>		"nombri"@eo	
"gʒɛ́ɛ̄"@myg	<https://panlex.org/snapshot/panlex-20191001-csv/2411#33468033>				<https://panlex.org/snapshot/panlex-20191001-csv/2411#33468021>		"roso"@eo	
"ɛ́ntʃin"@myg	<https://panlex.org/snapshot/panlex-20191001-csv/2411#33465235>				<https://panlex.org/snapshot/panlex-20191001-csv/2411#33465224>		"sango"@eo	
"nítōm"@myg	<https://panlex.org/snapshot/panlex-20191001-csv/2411#33468692>				<https://panlex.org/snapshot/panlex-20191001-csv/2411#33468680>		"sendi"@eo	
"nɨ̵́tlɨ̄"@myg	<https://panlex.org/snapshot/panlex-20191001-csv/2411#33465721>				<https://panlex.org/snapshot/panlex-20191001-csv/2411#33465710>		"fali"@eo	
"ètáŋ"@myg	<https://panlex.org/snapshot/panlex-20191001-csv/2411#33467762>				<https://panlex.org/snapshot/panlex-20191001-csv/2411#33467750>		"luno"@eo	
"éwúú"@myg	<https://panlex.org/snapshot/panlex-20191001-csv/2411#33465301>				<https://panlex.org/snapshot/panlex-20191001-csv/2411#33465290>		"osto"@eo	
"èɲìnínìbìŋ"@myg	<https://panlex.org/snapshot/panlex-20191001-csv/2411#33468630>				<https://panlex.org/snapshot/panlex-20191001-csv/2411#33468618>		"naŭ"@eo	
"nɨ́fùle"@myg	<https://panlex.org/snapshot/panlex-20191001-csv/2411#33465916>				<https://panlex.org/snapshot/panlex-20191001-csv/2411#33465905>		"flugi"@eo	
"tʃwáà"@myg	<https://panlex.org/snapshot/panlex-20191001-csv/2411#33468064>				<https://panlex.org/snapshot/panlex-20191001-csv/2411#33468052>		"tero"@eo	
"ébɔ́kípɛ̄ɛ̄"@myg	<https://panlex.org/snapshot/panlex-20191001-csv/2411#33467876>				<https://panlex.org/snapshot/panlex-20191001-csv/2411#33467864>		"gluteo"@eo	
"ébɔ́kípɛ̄ɛ̄"@myg	<https://panlex.org/snapshot/panlex-20191001-csv/2411#33467876>				<https://panlex.org/snapshot/panlex-20191001-csv/2411#33467865>		"postvango"@eo	
"ébɔ́kípɛ̄ɛ̄"@myg	<https://panlex.org/snapshot/panlex-20191001-csv/2411#33467876>				<https://panlex.org/snapshot/panlex-20191001-csv/2411#33467866>		"sidvango"@eo	
"tsóŋ"@myg	<https://panlex.org/snapshot/panlex-20191001-csv/2411#33468441>				<https://panlex.org/snapshot/panlex-20191001-csv/2411#33468430>		"malsato"@eo	
"nɨ̵́ʃìì"@myg	<https://panlex.org/snapshot/panlex-20191001-csv/2411#33468879>				<https://panlex.org/snapshot/panlex-20191001-csv/2411#33468870>		"kreskigi"@eo	
"ètʒètɨ́ɨ́"@myg	<https://panlex.org/snapshot/panlex-20191001-csv/2411#33468532>				<https://panlex.org/snapshot/panlex-20191001-csv/2411#33468523>		"ses"@eo	
"nɨ́kɔ̀wɨ̄"@myg	<https://panlex.org/snapshot/panlex-20191001-csv/2411#33466236>				<https://panlex.org/snapshot/panlex-20191001-csv/2411#33466226>		"scii"@eo	
"èʃí́"@myg	<https://panlex.org/snapshot/panlex-20191001-csv/2411#33465690>				<https://panlex.org/snapshot/panlex-20191001-csv/2411#33465678>		"okulo"@eo	
"vɛ̂"@myg	<https://panlex.org/snapshot/panlex-20191001-csv/2411#33468000>				<https://panlex.org/snapshot/panlex-20191001-csv/2411#33467990>		"homo"@eo	
"átɔ́nɔ́"@myg	<https://panlex.org/snapshot/panlex-20191001-csv/2411#33468501>				<https://panlex.org/snapshot/panlex-20191001-csv/2411#33468492>		"fero"@eo	
"éfɔ̂ŋ"@myg	<https://panlex.org/snapshot/panlex-20191001-csv/2411#33467729>				<https://panlex.org/snapshot/panlex-20191001-csv/2411#33467718>		"korno"@eo	
"nɨ́kpàn"@myg	<https://panlex.org/snapshot/panlex-20191001-csv/2411#33466949>				<https://panlex.org/snapshot/panlex-20191001-csv/2411#33466938>		"kanti"@eo	
"ébó"@myg	<https://panlex.org/snapshot/panlex-20191001-csv/2411#33466726>				<https://panlex.org/snapshot/panlex-20191001-csv/2411#33466713>		"pluvo"@eo	
"étítíí"@myg	<https://panlex.org/snapshot/panlex-20191001-csv/2411#33468410>				<https://panlex.org/snapshot/panlex-20191001-csv/2411#33468398>		"arbo"@eo	
"nɨ́ɲii̅"@myg	<https://panlex.org/snapshot/panlex-20191001-csv/2411#33465624>				<https://panlex.org/snapshot/panlex-20191001-csv/2411#33465614>		"manĝi"@eo	
"nínōm"@myg	<https://panlex.org/snapshot/panlex-20191001-csv/2411#33465204>				<https://panlex.org/snapshot/panlex-20191001-csv/2411#33465191>		"mordi"@eo	
"ɛ́bɔ́n"@myg	<https://panlex.org/snapshot/panlex-20191001-csv/2411#33467662>				<https://panlex.org/snapshot/panlex-20191001-csv/2411#33467652>		"brusto"@eo	
"mámʒā"@myg	<https://panlex.org/snapshot/panlex-20191001-csv/2411#33465528>				<https://panlex.org/snapshot/panlex-20191001-csv/2411#33465518>		"hundo"@eo	
"mʒáŋ"@myg	<https://panlex.org/snapshot/panlex-20191001-csv/2411#33466820>				<https://panlex.org/snapshot/panlex-20191001-csv/2411#33466809>		"salo"@eo	
"nígòò"@myg	<https://panlex.org/snapshot/panlex-20191001-csv/2411#33466661>				<https://panlex.org/snapshot/panlex-20191001-csv/2411#33466648>		"tiri"@eo	
"ɛ̀nsɔ̀"@myg	<https://panlex.org/snapshot/panlex-20191001-csv/2411#33468315>				<https://panlex.org/snapshot/panlex-20191001-csv/2411#33468305>		"elefanto"@eo	
"nípùkìsà"@myg	<https://panlex.org/snapshot/panlex-20191001-csv/2411#33466629>				<https://panlex.org/snapshot/panlex-20191001-csv/2411#33466615>		"amuzludi"@eo	
"nípùkìsà"@myg	<https://panlex.org/snapshot/panlex-20191001-csv/2411#33466629>				<https://panlex.org/snapshot/panlex-20191001-csv/2411#33466616>		"sportludi"@eo	
"nípùkìsà"@myg	<https://panlex.org/snapshot/panlex-20191001-csv/2411#33466629>				<https://panlex.org/snapshot/panlex-20191001-csv/2411#33466614>		"ludi"@eo	
"évî"@myg	<https://panlex.org/snapshot/panlex-20191001-csv/2411#33465786>				<https://panlex.org/snapshot/panlex-20191001-csv/2411#33465775>		"plumo"@eo	
"níɲī"@myg	<https://panlex.org/snapshot/panlex-20191001-csv/2411#33465627>				<https://panlex.org/snapshot/panlex-20191001-csv/2411#33465614>		"manĝi"@eo	
"ɛ́zɔ́ɔ́"@myg	<https://panlex.org/snapshot/panlex-20191001-csv/2411#33467012>				<https://panlex.org/snapshot/panlex-20191001-csv/2411#33467002>		"ĉielo"@eo	
"ɛ́nɛ́méé"@myg	<https://panlex.org/snapshot/panlex-20191001-csv/2411#33467370>				<https://panlex.org/snapshot/panlex-20191001-csv/2411#33467360>		"lango"@eo	
"étáŋ"@myg	<https://panlex.org/snapshot/panlex-20191001-csv/2411#33467763>				<https://panlex.org/snapshot/panlex-20191001-csv/2411#33467750>		"luno"@eo	
"ɛ́ŋkpálémê"@myg	<https://panlex.org/snapshot/panlex-20191001-csv/2411#33467794>				<https://panlex.org/snapshot/panlex-20191001-csv/2411#33467782>		"nuko"@eo	
"níbūmˋ"@myg	<https://panlex.org/snapshot/panlex-20191001-csv/2411#33468976>				<https://panlex.org/snapshot/panlex-20191001-csv/2411#33468965>		"timi"@eo	
"gíl"@myg	<https://panlex.org/snapshot/panlex-20191001-csv/2411#33466336>				<https://panlex.org/snapshot/panlex-20191001-csv/2411#33466324>		"pediko"@eo	
"mʒáŋ"@myg	<https://panlex.org/snapshot/panlex-20191001-csv/2411#33466822>				<https://panlex.org/snapshot/panlex-20191001-csv/2411#33466809>		"salo"@eo	
"ɛ́tɨ́nsɛ́ɛ́"@myg	<https://panlex.org/snapshot/panlex-20191001-csv/2411#33466851>				<https://panlex.org/snapshot/panlex-20191001-csv/2411#33466841>		"sablo"@eo	
"èfɛ́ɛ́"@myg	<https://panlex.org/snapshot/panlex-20191001-csv/2411#33467437>				<https://panlex.org/snapshot/panlex-20191001-csv/2411#33467426>		"du"@eo	
"tsóŋ ɲàm"@myg	<https://panlex.org/snapshot/panlex-20191001-csv/2411#33468473>				<https://panlex.org/snapshot/panlex-20191001-csv/2411#33468462>		"senviandeco"@eo	
"tsóŋ ɲàm"@myg	<https://panlex.org/snapshot/panlex-20191001-csv/2411#33468473>				<https://panlex.org/snapshot/panlex-20191001-csv/2411#33468461>		"malsato"@eo	
"ɛ́tɨ̵́tɨ́ɨ́"@myg	<https://panlex.org/snapshot/panlex-20191001-csv/2411#33468407>				<https://panlex.org/snapshot/panlex-20191001-csv/2411#33468398>		"arbo"@eo	
"dʒɥ́à"@myg	<https://panlex.org/snapshot/panlex-20191001-csv/2411#33468125>				<https://panlex.org/snapshot/panlex-20191001-csv/2411#33468115>		"rivero"@eo	
"ɛ́bʷɔ́ɔ́"@myg	<https://panlex.org/snapshot/panlex-20191001-csv/2411#33466076>				<https://panlex.org/snapshot/panlex-20191001-csv/2411#50796898>		"brako"@eo	
"ɛ́bʷɔ́ɔ́"@myg	<https://panlex.org/snapshot/panlex-20191001-csv/2411#33466076>				<https://panlex.org/snapshot/panlex-20191001-csv/2411#33466066>		"mano"@eo	
"émî"@myg	<https://panlex.org/snapshot/panlex-20191001-csv/2411#33466496>				<https://panlex.org/snapshot/panlex-20191001-csv/2411#33466484>		"kolo"@eo	
"ètáá"@myg	<https://panlex.org/snapshot/panlex-20191001-csv/2411#33467339>				<https://panlex.org/snapshot/panlex-20191001-csv/2411#33467328>		"tri"@eo	
"ébâ"@myg	<https://panlex.org/snapshot/panlex-20191001-csv/2411#33466305>				<https://panlex.org/snapshot/panlex-20191001-csv/2411#33466292>		"kruro"@eo	
"nípùkìsà"@myg	<https://panlex.org/snapshot/panlex-20191001-csv/2411#33466628>				<https://panlex.org/snapshot/panlex-20191001-csv/2411#33466615>		"amuzludi"@eo	
"nípùkìsà"@myg	<https://panlex.org/snapshot/panlex-20191001-csv/2411#33466628>				<https://panlex.org/snapshot/panlex-20191001-csv/2411#33466616>		"sportludi"@eo	
"nípùkìsà"@myg	<https://panlex.org/snapshot/panlex-20191001-csv/2411#33466628>				<https://panlex.org/snapshot/panlex-20191001-csv/2411#33466614>		"ludi"@eo	
"nɨ́vɨ̄lē"@myg	<https://panlex.org/snapshot/panlex-20191001-csv/2411#33468785>				<https://panlex.org/snapshot/panlex-20191001-csv/2411#33468776>		"bati"@eo	
"níŋāʔmē"@myg	<https://panlex.org/snapshot/panlex-20191001-csv/2411#33467178>				<https://panlex.org/snapshot/panlex-20191001-csv/2411#33467164>		"premi"@eo	
"níŋāʔmē"@myg	<https://panlex.org/snapshot/panlex-20191001-csv/2411#33467178>				<https://panlex.org/snapshot/panlex-20191001-csv/2411#33467166>		"elpremi"@eo	
"níŋāʔmē"@myg	<https://panlex.org/snapshot/panlex-20191001-csv/2411#33467178>				<https://panlex.org/snapshot/panlex-20191001-csv/2411#33467165>		"kunpremi"@eo	
"fí"@myg	<https://panlex.org/snapshot/panlex-20191001-csv/2411#33466110>				<https://panlex.org/snapshot/panlex-20191001-csv/2411#33466098>		"kapo"@eo	
"nɨ́nàà"@myg	<https://panlex.org/snapshot/panlex-20191001-csv/2411#33466013>				<https://panlex.org/snapshot/panlex-20191001-csv/2411#33466002>		"doni"@eo	
"ébíŋ"@myg	<https://panlex.org/snapshot/panlex-20191001-csv/2411#33466593>				<https://panlex.org/snapshot/panlex-20191001-csv/2411#33466581>		"unu"@eo	
"ɛmfwám"@myg	<https://panlex.org/snapshot/panlex-20191001-csv/2411#33465753>				<https://panlex.org/snapshot/panlex-20191001-csv/2411#33465743>		"graso"@eo	
"ɛ́ɳkîn"@myg	<https://panlex.org/snapshot/panlex-20191001-csv/2411#33465237>				<https://panlex.org/snapshot/panlex-20191001-csv/2411#33465224>		"sango"@eo	
"ɛ́kɔ̂n"@myg	<https://panlex.org/snapshot/panlex-20191001-csv/2411#33465656>				<https://panlex.org/snapshot/panlex-20191001-csv/2411#33465646>		"ovo"@eo	
"níɲì"@myg	<https://panlex.org/snapshot/panlex-20191001-csv/2411#33468914>				<https://panlex.org/snapshot/panlex-20191001-csv/2411#33468902>		"enterigi"@eo	
"ɛ́mî"@myg	<https://panlex.org/snapshot/panlex-20191001-csv/2411#33466495>				<https://panlex.org/snapshot/panlex-20191001-csv/2411#33466484>		"kolo"@eo	
"ɲɛ́bὰ"@myg	<https://panlex.org/snapshot/panlex-20191001-csv/2411#33466980>				<https://panlex.org/snapshot/panlex-20191001-csv/2411#33466970>		"haŭto"@eo	
"éɣoŋ"@myg	<https://panlex.org/snapshot/panlex-20191001-csv/2411#33468253>				<https://panlex.org/snapshot/panlex-20191001-csv/2411#33468243>		"ĵetlanco"@eo	
"éɣoŋ"@myg	<https://panlex.org/snapshot/panlex-20191001-csv/2411#33468253>				<https://panlex.org/snapshot/panlex-20191001-csv/2411#33468242>		"lanco"@eo	
"éníndóŋ"@myg	<https://panlex.org/snapshot/panlex-20191001-csv/2411#33467824>				<https://panlex.org/snapshot/panlex-20191001-csv/2411#33467812>		"gorĝo"@eo	
"áɲíí"@myg	<https://panlex.org/snapshot/panlex-20191001-csv/2411#33467048>				<https://panlex.org/snapshot/panlex-20191001-csv/2411#33467035>		"fumo"@eo	
"bíī"@myg	<https://panlex.org/snapshot/panlex-20191001-csv/2411#33468346>				<https://panlex.org/snapshot/panlex-20191001-csv/2411#33468337>		"kapro"@eo	
"nígbíʔí"@myg	<https://panlex.org/snapshot/panlex-20191001-csv/2411#33468788>				<https://panlex.org/snapshot/panlex-20191001-csv/2411#33468776>		"bati"@eo	
"nímwɔ̀"@myg	<https://panlex.org/snapshot/panlex-20191001-csv/2411#33466885>				<https://panlex.org/snapshot/panlex-20191001-csv/2411#33466873>		"diri"@eo	
"áfúū"@myg	<https://panlex.org/snapshot/panlex-20191001-csv/2411#33466528>				<https://panlex.org/snapshot/panlex-20191001-csv/2411#33466516>		"nokto"@eo	
"ɛ́vɛ́ŋ"@myg	<https://panlex.org/snapshot/panlex-20191001-csv/2411#33468187>				<https://panlex.org/snapshot/panlex-20191001-csv/2411#33468178>		"brulligno"@eo	
"èbíŋ"@myg	<https://panlex.org/snapshot/panlex-20191001-csv/2411#33466592>				<https://panlex.org/snapshot/panlex-20191001-csv/2411#33466581>		"unu"@eo	
"góòtɨ́tɨ́"@myg	<https://panlex.org/snapshot/panlex-20191001-csv/2411#33465107>				<https://panlex.org/snapshot/panlex-20191001-csv/2411#33465095>		"arboŝelo"@eo	
"góòtɨ́tɨ́"@myg	<https://panlex.org/snapshot/panlex-20191001-csv/2411#33465107>				<https://panlex.org/snapshot/panlex-20191001-csv/2411#33465094>		"arbŝelo"@eo	
"ébʷó"@myg	<https://panlex.org/snapshot/panlex-20191001-csv/2411#33466077>				<https://panlex.org/snapshot/panlex-20191001-csv/2411#50796898>		"brako"@eo	
"ébʷó"@myg	<https://panlex.org/snapshot/panlex-20191001-csv/2411#33466077>				<https://panlex.org/snapshot/panlex-20191001-csv/2411#33466066>		"mano"@eo	
"nɨ́ʃwàtɨ́"@myg	<https://panlex.org/snapshot/panlex-20191001-csv/2411#33467209>				<https://panlex.org/snapshot/panlex-20191001-csv/2411#33467199>		"suĉi"@eo	
"nɨzāā"@myg	<https://panlex.org/snapshot/panlex-20191001-csv/2411#33467143>				<https://panlex.org/snapshot/panlex-20191001-csv/2411#33467132>		"fendi"@eo	
"ɛ̀wâjɛ́ɛ́"@myg	<https://panlex.org/snapshot/panlex-20191001-csv/2411#33467630>				<https://panlex.org/snapshot/panlex-20191001-csv/2411#33467620>		"virino"@eo	
"ɔ́nɔ̄m"@myg	<https://panlex.org/snapshot/panlex-20191001-csv/2411#33466367>				<https://panlex.org/snapshot/panlex-20191001-csv/2411#33466356>		"viro"@eo	
"ʃú"@myg	<https://panlex.org/snapshot/panlex-20191001-csv/2411#33465850>				<https://panlex.org/snapshot/panlex-20191001-csv/2411#33465839>		"fiŝo"@eo	
"ɲɔŋ fe̅ɲɔŋsɨ̅ fē"@myg	<https://panlex.org/snapshot/panlex-20191001-csv/2411#33466045>				<https://panlex.org/snapshot/panlex-20191001-csv/2411#33466034>		"hararo"@eo	
"évɛ́ŋ"@myg	<https://panlex.org/snapshot/panlex-20191001-csv/2411#33468188>				<https://panlex.org/snapshot/panlex-20191001-csv/2411#33468178>		"brulligno"@eo	
"mʷá"@myg	<https://panlex.org/snapshot/panlex-20191001-csv/2411#33467535>				<https://panlex.org/snapshot/panlex-20191001-csv/2411#33467522>		"akvo"@eo	
"èfú"@myg	<https://panlex.org/snapshot/panlex-20191001-csv/2411#33466271>				<https://panlex.org/snapshot/panlex-20191001-csv/2411#33466259>		"folio"@eo	
"nɨ́zùù"@myg	<https://panlex.org/snapshot/panlex-20191001-csv/2411#33466141>				<https://panlex.org/snapshot/panlex-20191001-csv/2411#33466130>		"aŭdi"@eo	
"énɔ̂n"@myg	<https://panlex.org/snapshot/panlex-20191001-csv/2411#33465172>				<https://panlex.org/snapshot/panlex-20191001-csv/2411#33465159>		"birdo"@eo	
"ɛ́fɔ́ɔ́"@myg	<https://panlex.org/snapshot/panlex-20191001-csv/2411#33467564>				<https://panlex.org/snapshot/panlex-20191001-csv/2411#33467554>		"vento"@eo	
"nífùlì"@myg	<https://panlex.org/snapshot/panlex-20191001-csv/2411#33465918>				<https://panlex.org/snapshot/panlex-20191001-csv/2411#33465905>		"flugi"@eo	
"vɛ̂"@myg	<https://panlex.org/snapshot/panlex-20191001-csv/2411#33467999>				<https://panlex.org/snapshot/panlex-20191001-csv/2411#33467990>		"homo"@eo	
"ɛ́ɲúú"@myg	<https://panlex.org/snapshot/panlex-20191001-csv/2411#33466430>				<https://panlex.org/snapshot/panlex-20191001-csv/2411#33466420>		"buŝo"@eo	
"ómʒāā"@myg	<https://panlex.org/snapshot/panlex-20191001-csv/2411#33465531>				<https://panlex.org/snapshot/panlex-20191001-csv/2411#33465518>		"hundo"@eo	
"ékʒɛ̄"@myg	<https://panlex.org/snapshot/panlex-20191001-csv/2411#33467309>				<https://panlex.org/snapshot/panlex-20191001-csv/2411#33467296>		"vosto"@eo	
"ékɔ̂n"@myg	<https://panlex.org/snapshot/panlex-20191001-csv/2411#33465657>				<https://panlex.org/snapshot/panlex-20191001-csv/2411#33465646>		"ovo"@eo	
"nɨ́tɨ̄lɨ̄"@myg	<https://panlex.org/snapshot/panlex-20191001-csv/2411#33465720>				<https://panlex.org/snapshot/panlex-20191001-csv/2411#33465710>		"fali"@eo	
"fíŋèba"@myg	<https://panlex.org/snapshot/panlex-20191001-csv/2411#33465948>				<https://panlex.org/snapshot/panlex-20191001-csv/2411#33465937>		"kruro"@eo	
"fwáá"@myg	<https://panlex.org/snapshot/panlex-20191001-csv/2411#33468661>				<https://panlex.org/snapshot/panlex-20191001-csv/2411#33468649>		"dek"@eo	
"vá"@myg	<https://panlex.org/snapshot/panlex-20191001-csv/2411#33465367>				<https://panlex.org/snapshot/panlex-20191001-csv/2411#33465355>		"infano"@eo	
"nɨ́dʒwàà"@myg	<https://panlex.org/snapshot/panlex-20191001-csv/2411#33465333>				<https://panlex.org/snapshot/panlex-20191001-csv/2411#33465322>		"bruli"@eo	
"nɨ́bwɔ̀n"@myg	<https://panlex.org/snapshot/panlex-20191001-csv/2411#33466658>				<https://panlex.org/snapshot/panlex-20191001-csv/2411#33466648>		"tiri"@eo	
"nɨ́bwɔ̀n"@myg	<https://panlex.org/snapshot/panlex-20191001-csv/2411#33466948>				<https://panlex.org/snapshot/panlex-20191001-csv/2411#33466938>		"kanti"@eo	
"nízãʔā"@myg	<https://panlex.org/snapshot/panlex-20191001-csv/2411#33465433>				<https://panlex.org/snapshot/panlex-20191001-csv/2411#33465420>		"veni"@eo	
"nɨ́dʒìì"@myg	<https://panlex.org/snapshot/panlex-20191001-csv/2411#33468848>				<https://panlex.org/snapshot/panlex-20191001-csv/2411#33468838>		"ŝteli"@eo	
"nɨ́dʒìì"@myg	<https://panlex.org/snapshot/panlex-20191001-csv/2411#33466205>				<https://panlex.org/snapshot/panlex-20191001-csv/2411#33466194>		"mortigi"@eo	
"éɲâ"@myg	<https://panlex.org/snapshot/panlex-20191001-csv/2411#33465139>				<https://panlex.org/snapshot/panlex-20191001-csv/2411#33465126>		"ventro"@eo	
"éɲâ"@myg	<https://panlex.org/snapshot/panlex-20191001-csv/2411#33465139>				<https://panlex.org/snapshot/panlex-20191001-csv/2411#33465127>		"abdomeno"@eo	
"nɨ́dʒwàà"@myg	<https://panlex.org/snapshot/panlex-20191001-csv/2411#33465332>				<https://panlex.org/snapshot/panlex-20191001-csv/2411#33465322>		"bruli"@eo	
"èfèè"@myg	<https://panlex.org/snapshot/panlex-20191001-csv/2411#33467438>				<https://panlex.org/snapshot/panlex-20191001-csv/2411#33467426>		"du"@eo	
"nɨ́tɔ̄m"@myg	<https://panlex.org/snapshot/panlex-20191001-csv/2411#33468689>				<https://panlex.org/snapshot/panlex-20191001-csv/2411#33468680>		"sendi"@eo	
"éwúú"@myg	<https://panlex.org/snapshot/panlex-20191001-csv/2411#33465303>				<https://panlex.org/snapshot/panlex-20191001-csv/2411#33465290>		"osto"@eo	
"émáŋníndōŋ"@myg	<https://panlex.org/snapshot/panlex-20191001-csv/2411#33467823>				<https://panlex.org/snapshot/panlex-20191001-csv/2411#33467812>		"gorĝo"@eo	
"nɨ́dʒìì"@myg	<https://panlex.org/snapshot/panlex-20191001-csv/2411#33466204>				<https://panlex.org/snapshot/panlex-20191001-csv/2411#33466194>		"mortigi"@eo	
"ônóm"@myg	<https://panlex.org/snapshot/panlex-20191001-csv/2411#33466369>				<https://panlex.org/snapshot/panlex-20191001-csv/2411#33466356>		"viro"@eo	
"èɲìnínìbìŋ"@myg	<https://panlex.org/snapshot/panlex-20191001-csv/2411#33468629>				<https://panlex.org/snapshot/panlex-20191001-csv/2411#33468618>		"naŭ"@eo	
"tsɔŋ ɲàm"@myg	<https://panlex.org/snapshot/panlex-20191001-csv/2411#33468471>				<https://panlex.org/snapshot/panlex-20191001-csv/2411#33468462>		"senviandeco"@eo	
"tsɔŋ ɲàm"@myg	<https://panlex.org/snapshot/panlex-20191001-csv/2411#33468471>				<https://panlex.org/snapshot/panlex-20191001-csv/2411#33468461>		"malsato"@eo	
"nɨ́dα̵ŋkē"@myg	<https://panlex.org/snapshot/panlex-20191001-csv/2411#33468753>				<https://panlex.org/snapshot/panlex-20191001-csv/2411#33468744>		"ŝuti"@eo	
"ɛ́nɔ́m"@myg	<https://panlex.org/snapshot/panlex-20191001-csv/2411#33466172>				<https://panlex.org/snapshot/panlex-20191001-csv/2411#33466162>		"edzo"@eo	
"épáálɨ̀"@myg	<https://panlex.org/snapshot/panlex-20191001-csv/2411#33467599>				<https://panlex.org/snapshot/panlex-20191001-csv/2411#33467587>		"flugilo"@eo	
"nízātī"@myg	<https://panlex.org/snapshot/panlex-20191001-csv/2411#33467145>				<https://panlex.org/snapshot/panlex-20191001-csv/2411#33467132>		"fendi"@eo	
"énōm"@myg	<https://panlex.org/snapshot/panlex-20191001-csv/2411#33466175>				<https://panlex.org/snapshot/panlex-20191001-csv/2411#33466162>		"edzo"@eo	
"nɨ́kὰὰ"@myg	<https://panlex.org/snapshot/panlex-20191001-csv/2411#33466237>				<https://panlex.org/snapshot/panlex-20191001-csv/2411#33466226>		"scii"@eo	
"tsísī"@myg	<https://panlex.org/snapshot/panlex-20191001-csv/2411#33467244>				<https://panlex.org/snapshot/panlex-20191001-csv/2411#33467231>		"suno"@eo	
"ɛ́tóŋí"@myg	<https://panlex.org/snapshot/panlex-20191001-csv/2411#33465593>				<https://panlex.org/snapshot/panlex-20191001-csv/2411#33465582>		"orelo"@eo	
"èɲúú"@myg	<https://panlex.org/snapshot/panlex-20191001-csv/2411#33466432>				<https://panlex.org/snapshot/panlex-20191001-csv/2411#33466420>		"buŝo"@eo	
