"Pèrou"@frp	<https://panlex.org/snapshot/panlex-20191001-csv/5949#85318224>				<https://panlex.org/snapshot/panlex-20191001-csv/5949#85318187>		"Piruw"@ay	
"Pèquin"@frp	<https://panlex.org/snapshot/panlex-20191001-csv/5949#85317973>				<https://panlex.org/snapshot/panlex-20191001-csv/5949#85317937>		"Pekin'"@ay	
"Finlande"@frp	<https://panlex.org/snapshot/panlex-20191001-csv/5949#85323172>				<https://panlex.org/snapshot/panlex-20191001-csv/5949#85323144>		"Phini suyu"@ay	
"Bèrlin"@frp	<https://panlex.org/snapshot/panlex-20191001-csv/5949#85302422>				<https://panlex.org/snapshot/panlex-20191001-csv/5949#85302384>		"Berlin"@ay	
"Urugoayi"@frp	<https://panlex.org/snapshot/panlex-20191001-csv/5949#85322878>				<https://panlex.org/snapshot/panlex-20191001-csv/5949#85322843>		"Uruwayi"@ay	
"histouère"@frp	<https://panlex.org/snapshot/panlex-20191001-csv/5942#83282244>				<https://panlex.org/snapshot/panlex-20191001-csv/5942#83282214>		"nayra sarnaqawi"@ay	
