"lengua"@frp	<https://panlex.org/snapshot/panlex-20191001-csv/2129#11694302>				<https://panlex.org/snapshot/panlex-20191001-csv/2129#11694282>		"ngṳ̄-ngiòng"@cdo	
"chat"@frp	<https://panlex.org/snapshot/panlex-20191001-csv/2129#11694528>				<https://panlex.org/snapshot/panlex-20191001-csv/2129#11694506>		"mà"@cdo	
"Ôstralie"@frp	<https://panlex.org/snapshot/panlex-20191001-csv/5949#85298114>				<https://panlex.org/snapshot/panlex-20191001-csv/5949#85298087>		"Ó̤-ciŭ"@cdo	
"histouère"@frp	<https://panlex.org/snapshot/panlex-20191001-csv/5942#83282244>				<https://panlex.org/snapshot/panlex-20191001-csv/5942#83282225>		"lĭk-sṳ̄"@cdo	
"francês"@frp	<https://panlex.org/snapshot/panlex-20191001-csv/405#13624247>				<https://panlex.org/snapshot/panlex-20191001-csv/405#13624224>		"Huák-ngṳ̄"@cdo	
"latin"@frp	<https://panlex.org/snapshot/panlex-20191001-csv/405#13627471>				<https://panlex.org/snapshot/panlex-20191001-csv/405#13627454>		"Lá-dĭng-ngṳ̄"@cdo	
"anglès"@frp	<https://panlex.org/snapshot/panlex-20191001-csv/405#13623591>				<https://panlex.org/snapshot/panlex-20191001-csv/405#13623565>		"Ĭng-ngṳ̄"@cdo	
"alemand"@frp	<https://panlex.org/snapshot/panlex-20191001-csv/405#13624618>				<https://panlex.org/snapshot/panlex-20191001-csv/405#13624595>		"Dáik-ngṳ̄"@cdo	
"português"@frp	<https://panlex.org/snapshot/panlex-20191001-csv/405#13630233>				<https://panlex.org/snapshot/panlex-20191001-csv/405#13630244>		"Gū Hĭ-lé-nà̤-ngṳ̄"@cdo	
