"kaniʼgid"@xnn	<https://panlex.org/snapshot/panlex-20191001-csv/114#8052646>				<https://panlex.org/snapshot/panlex-20191001-csv/114#8052460>		"eda|mauw"@na	
"mɨnʼdaqan"@xnn	<https://panlex.org/snapshot/panlex-20191001-csv/114#8054258>				<https://panlex.org/snapshot/panlex-20191001-csv/114#8054024>		"důgidugo"@na	
"kolʼlop"@xnn	<https://panlex.org/snapshot/panlex-20191001-csv/114#8057754>				<https://panlex.org/snapshot/panlex-20191001-csv/114#8057551>		"witsin"@na	
"mɨnqɨʼyɨk"@xnn	<https://panlex.org/snapshot/panlex-20191001-csv/114#8068635>				<https://panlex.org/snapshot/panlex-20191001-csv/114#8068436>		"idȯdȯ"@na	
"mɨnʼsaqay"@xnn	<https://panlex.org/snapshot/panlex-20191001-csv/114#8056267>				<https://panlex.org/snapshot/panlex-20191001-csv/114#8056059>		"åw"@na	
"diʼla"@xnn	<https://panlex.org/snapshot/panlex-20191001-csv/114#8068111>				<https://panlex.org/snapshot/panlex-20191001-csv/114#8067905>		"eo"@na	
"qɨʼgɨs"@xnn	<https://panlex.org/snapshot/panlex-20191001-csv/114#8058817>				<https://panlex.org/snapshot/panlex-20191001-csv/114#8058590>		"ijen"@na	
"baʼgang"@xnn	<https://panlex.org/snapshot/panlex-20191001-csv/114#8064471>				<https://panlex.org/snapshot/panlex-20191001-csv/114#8064255>		"iteren"@na	
"boʼqok"@xnn	<https://panlex.org/snapshot/panlex-20191001-csv/114#8065021>				<https://panlex.org/snapshot/panlex-20191001-csv/114#8064792>		"iret-itůb"@na	
"ʼqɨdɨg"@xnn	<https://panlex.org/snapshot/panlex-20191001-csv/114#8058255>				<https://panlex.org/snapshot/panlex-20191001-csv/114#8058059>		"erowin"@na	
