"sio"@wrp	<https://panlex.org/snapshot/panlex-20191001-csv/114#8052636>				<https://panlex.org/snapshot/panlex-20191001-csv/114#8052448>		"hɛnde"@mvo	
"boai"@wrp	<https://panlex.org/snapshot/panlex-20191001-csv/114#8063922>				<https://panlex.org/snapshot/panlex-20191001-csv/114#8063704>		"calivi-"@mvo	
"baha"@wrp	<https://panlex.org/snapshot/panlex-20191001-csv/114#8052167>				<https://panlex.org/snapshot/panlex-20191001-csv/114#8051943>		"lima-"@mvo	
"aneno"@wrp	<https://panlex.org/snapshot/panlex-20191001-csv/114#8068626>				<https://panlex.org/snapshot/panlex-20191001-csv/114#8068424>		"iraŋa"@mvo	
"werira"@wrp	<https://panlex.org/snapshot/panlex-20191001-csv/114#8056768>				<https://panlex.org/snapshot/panlex-20191001-csv/114#8056556>		"nindze"@mvo	
"niwira"@wrp	<https://panlex.org/snapshot/panlex-20191001-csv/114#8062856>				<https://panlex.org/snapshot/panlex-20191001-csv/114#8062666>		"talokɛte"@mvo	
"ru"@wrp	<https://panlex.org/snapshot/panlex-20191001-csv/114#8057742>				<https://panlex.org/snapshot/panlex-20191001-csv/114#8057537>		"kɔrekɔre-"@mvo	
"sina"@wrp	<https://panlex.org/snapshot/panlex-20191001-csv/114#8065010>				<https://panlex.org/snapshot/panlex-20191001-csv/114#8064779>		"kalu"@mvo	
"boro"@wrp	<https://panlex.org/snapshot/panlex-20191001-csv/114#8067033>				<https://panlex.org/snapshot/panlex-20191001-csv/114#8066811>		"hunju-"@mvo	
"nina"@wrp	<https://panlex.org/snapshot/panlex-20191001-csv/114#8058810>				<https://panlex.org/snapshot/panlex-20191001-csv/114#8058577>		"tia-"@mvo	
"woro[do]"@wrp	<https://panlex.org/snapshot/panlex-20191001-csv/114#8067034>				<https://panlex.org/snapshot/panlex-20191001-csv/114#8066811>		"hunju-"@mvo	
"sira"@wrp	<https://panlex.org/snapshot/panlex-20191001-csv/114#8061890>				<https://panlex.org/snapshot/panlex-20191001-csv/114#8061668>		"atɛn|ia"@mvo	
