"Hispania"@swh	<https://panlex.org/snapshot/panlex-20191001-csv/6898#113594486>				<https://panlex.org/snapshot/panlex-20191001-csv/6898#113594520>		"Hispania"@jmc	
"Uzibekistani"@swh	<https://panlex.org/snapshot/panlex-20191001-csv/6898#113637169>				<https://panlex.org/snapshot/panlex-20191001-csv/6898#113637262>		"Uzibekistani"@jmc	
"Niger"@swh	<https://panlex.org/snapshot/panlex-20191001-csv/6898#113644835>				<https://panlex.org/snapshot/panlex-20191001-csv/6898#113644812>		"Nijeri"@jmc	
"Suriname"@swh	<https://panlex.org/snapshot/panlex-20191001-csv/6898#113640736>				<https://panlex.org/snapshot/panlex-20191001-csv/6898#113640656>		"Surinamu"@jmc	
"Visiwa vya Falkland"@swh	<https://panlex.org/snapshot/panlex-20191001-csv/6898#113643099>				<https://panlex.org/snapshot/panlex-20191001-csv/6898#113643065>		"Visiwa vya Falkland"@jmc	
"Botswana"@swh	<https://panlex.org/snapshot/panlex-20191001-csv/6898#113595333>				<https://panlex.org/snapshot/panlex-20191001-csv/6898#113595320>		"Botswana"@jmc	
"Azabajani"@swh	<https://panlex.org/snapshot/panlex-20191001-csv/6898#113619345>				<https://panlex.org/snapshot/panlex-20191001-csv/6898#113619389>		"Azabajani"@jmc	
"Ushelisheli"@swh	<https://panlex.org/snapshot/panlex-20191001-csv/6898#113601862>				<https://panlex.org/snapshot/panlex-20191001-csv/6898#113601979>		"Shelisheli"@jmc	
"Lebanoni"@swh	<https://panlex.org/snapshot/panlex-20191001-csv/6898#113585420>				<https://panlex.org/snapshot/panlex-20191001-csv/6898#113585473>		"Lebanoni"@jmc	
"Lebanon"@swh	<https://panlex.org/snapshot/panlex-20191001-csv/6898#113585521>				<https://panlex.org/snapshot/panlex-20191001-csv/6898#113585473>		"Lebanoni"@jmc	
"Kiribati"@swh	<https://panlex.org/snapshot/panlex-20191001-csv/6898#113603020>				<https://panlex.org/snapshot/panlex-20191001-csv/6898#113603123>		"Kiribati"@jmc	
"Kongo - Brazzaville"@swh	<https://panlex.org/snapshot/panlex-20191001-csv/6898#113599024>				<https://panlex.org/snapshot/panlex-20191001-csv/6898#113599271>		"Kongo"@jmc	
"Peru"@swh	<https://panlex.org/snapshot/panlex-20191001-csv/6898#113593843>				<https://panlex.org/snapshot/panlex-20191001-csv/6898#113593785>		"Peru"@jmc	
"Guyana"@swh	<https://panlex.org/snapshot/panlex-20191001-csv/6898#113628036>				<https://panlex.org/snapshot/panlex-20191001-csv/6898#113628093>		"Guyana"@jmc	
"Angola"@swh	<https://panlex.org/snapshot/panlex-20191001-csv/6898#113600071>				<https://panlex.org/snapshot/panlex-20191001-csv/6898#113599982>		"Angola"@jmc	
"Afrika Kusini"@swh	<https://panlex.org/snapshot/panlex-20191001-csv/6898#113613634>				<https://panlex.org/snapshot/panlex-20191001-csv/6898#113613594>		"Afrika Kusini"@jmc	
"Cyprus"@swh	<https://panlex.org/snapshot/panlex-20191001-csv/6898#113631737>				<https://panlex.org/snapshot/panlex-20191001-csv/6898#113631793>		"Kuprosi"@jmc	
"Kolombia"@swh	<https://panlex.org/snapshot/panlex-20191001-csv/6898#113620695>				<https://panlex.org/snapshot/panlex-20191001-csv/6898#113620656>		"Kolombia"@jmc	
"Samoa ya Marekani"@swh	<https://panlex.org/snapshot/panlex-20191001-csv/6898#113606166>				<https://panlex.org/snapshot/panlex-20191001-csv/6898#113606222>		"Samoa ya Marekani"@jmc	
"Qatar"@swh	<https://panlex.org/snapshot/panlex-20191001-csv/6898#113636923>				<https://panlex.org/snapshot/panlex-20191001-csv/6898#113636835>		"Katari"@jmc	
"Visiwa vya Marshall"@swh	<https://panlex.org/snapshot/panlex-20191001-csv/6898#113594950>				<https://panlex.org/snapshot/panlex-20191001-csv/6898#113594948>		"Visiwa vya Marshal"@jmc	
"Kuba"@swh	<https://panlex.org/snapshot/panlex-20191001-csv/6898#113618529>				<https://panlex.org/snapshot/panlex-20191001-csv/6898#113618640>		"Kuba"@jmc	
"Nepali"@swh	<https://panlex.org/snapshot/panlex-20191001-csv/6898#113584073>				<https://panlex.org/snapshot/panlex-20191001-csv/6898#113584204>		"Nepali"@jmc	
"Nyukaledonia"@swh	<https://panlex.org/snapshot/panlex-20191001-csv/6898#113586646>				<https://panlex.org/snapshot/panlex-20191001-csv/6898#113586562>		"Nyukaledonia"@jmc	
"Chechia"@swh	<https://panlex.org/snapshot/panlex-20191001-csv/6898#113619461>				<https://panlex.org/snapshot/panlex-20191001-csv/6898#113619681>		"Jamhuri ya Cheki"@jmc	
"Paragwai"@swh	<https://panlex.org/snapshot/panlex-20191001-csv/6898#113623938>				<https://panlex.org/snapshot/panlex-20191001-csv/6898#113623782>		"Paragwai"@jmc	
"Martiniki"@swh	<https://panlex.org/snapshot/panlex-20191001-csv/6898#113586106>				<https://panlex.org/snapshot/panlex-20191001-csv/6898#113586120>		"Martiniki"@jmc	
"Jamhuri ya Cheki"@swh	<https://panlex.org/snapshot/panlex-20191001-csv/6898#113619501>				<https://panlex.org/snapshot/panlex-20191001-csv/6898#113619681>		"Jamhuri ya Cheki"@jmc	
"Kenya"@swh	<https://panlex.org/snapshot/panlex-20191001-csv/6898#113593954>				<https://panlex.org/snapshot/panlex-20191001-csv/6898#113593972>		"Kenya"@jmc	
"Gambia"@swh	<https://panlex.org/snapshot/panlex-20191001-csv/6898#113631233>				<https://panlex.org/snapshot/panlex-20191001-csv/6898#113631289>		"Gambia"@jmc	
"Lishtensteni"@swh	<https://panlex.org/snapshot/panlex-20191001-csv/6898#113613131>				<https://panlex.org/snapshot/panlex-20191001-csv/6898#113613157>		"Lishenteni"@jmc	
"Belize"@swh	<https://panlex.org/snapshot/panlex-20191001-csv/6898#113608908>				<https://panlex.org/snapshot/panlex-20191001-csv/6898#113609053>		"Belize"@jmc	
"Montserrati"@swh	<https://panlex.org/snapshot/panlex-20191001-csv/6898#113618329>				<https://panlex.org/snapshot/panlex-20191001-csv/6898#113618437>		"Montserrati"@jmc	
"Tuvalu"@swh	<https://panlex.org/snapshot/panlex-20191001-csv/6898#113610227>				<https://panlex.org/snapshot/panlex-20191001-csv/6898#113610279>		"Tuvalu"@jmc	
"Guadeloupe"@swh	<https://panlex.org/snapshot/panlex-20191001-csv/6898#113614733>				<https://panlex.org/snapshot/panlex-20191001-csv/6898#113614741>		"Gwadelupe"@jmc	
"Bahareni"@swh	<https://panlex.org/snapshot/panlex-20191001-csv/6898#113596057>				<https://panlex.org/snapshot/panlex-20191001-csv/6898#113596157>		"Bahareni"@jmc	
"Anguilla"@swh	<https://panlex.org/snapshot/panlex-20191001-csv/6898#113587509>				<https://panlex.org/snapshot/panlex-20191001-csv/6898#113587533>		"Anguilla"@jmc	
"Myanmar (Burma)"@swh	<https://panlex.org/snapshot/panlex-20191001-csv/6898#113594410>				<https://panlex.org/snapshot/panlex-20191001-csv/6898#113594414>		"Myama"@jmc	
"US"@swh	<https://panlex.org/snapshot/panlex-20191001-csv/6898#113597980>				<https://panlex.org/snapshot/panlex-20191001-csv/6898#113598140>		"Marekani"@jmc	
"Kambodia"@swh	<https://panlex.org/snapshot/panlex-20191001-csv/6898#113591860>				<https://panlex.org/snapshot/panlex-20191001-csv/6898#113591772>		"Kambodia"@jmc	
"Oman"@swh	<https://panlex.org/snapshot/panlex-20191001-csv/6898#113622510>				<https://panlex.org/snapshot/panlex-20191001-csv/6898#113622521>		"Omani"@jmc	
"Ekwado"@swh	<https://panlex.org/snapshot/panlex-20191001-csv/6898#113610950>				<https://panlex.org/snapshot/panlex-20191001-csv/6898#113611091>		"Ekwado"@jmc	
"Albania"@swh	<https://panlex.org/snapshot/panlex-20191001-csv/6898#113637750>				<https://panlex.org/snapshot/panlex-20191001-csv/6898#113637717>		"Albania"@jmc	
"Indonesia"@swh	<https://panlex.org/snapshot/panlex-20191001-csv/6898#113633544>				<https://panlex.org/snapshot/panlex-20191001-csv/6898#113633586>		"Indonesia"@jmc	
"Polinesia ya Ufaransa"@swh	<https://panlex.org/snapshot/panlex-20191001-csv/6898#113621120>				<https://panlex.org/snapshot/panlex-20191001-csv/6898#113621044>		"Polinesia ya Ufaransa"@jmc	
"Taiwan"@swh	<https://panlex.org/snapshot/panlex-20191001-csv/6898#113605238>				<https://panlex.org/snapshot/panlex-20191001-csv/6898#113605067>		"Taiwani"@jmc	
"Mikronesia"@swh	<https://panlex.org/snapshot/panlex-20191001-csv/6898#113597312>				<https://panlex.org/snapshot/panlex-20191001-csv/6898#113597191>		"Mikronesia"@jmc	
"Israeli"@swh	<https://panlex.org/snapshot/panlex-20191001-csv/6898#113615296>				<https://panlex.org/snapshot/panlex-20191001-csv/6898#113615438>		"Israeli"@jmc	
"Falme za Kiarabu"@swh	<https://panlex.org/snapshot/panlex-20191001-csv/6898#113608674>				<https://panlex.org/snapshot/panlex-20191001-csv/6898#113608717>		"Falme za Kiarabu"@jmc	
"Gwiyana ya Ufaransa"@swh	<https://panlex.org/snapshot/panlex-20191001-csv/6898#113644468>				<https://panlex.org/snapshot/panlex-20191001-csv/6898#113644430>		"Gwiyana ya Ufaransa"@jmc	
"Monako"@swh	<https://panlex.org/snapshot/panlex-20191001-csv/6898#113600282>				<https://panlex.org/snapshot/panlex-20191001-csv/6898#113600296>		"Monako"@jmc	
"Sri Lanka"@swh	<https://panlex.org/snapshot/panlex-20191001-csv/6898#113609303>				<https://panlex.org/snapshot/panlex-20191001-csv/6898#113609316>		"Sirilanka"@jmc	
"Lithuania"@swh	<https://panlex.org/snapshot/panlex-20191001-csv/6898#113632054>				<https://panlex.org/snapshot/panlex-20191001-csv/6898#113632089>		"Litwania"@jmc	
"Uturuki"@swh	<https://panlex.org/snapshot/panlex-20191001-csv/6898#113612016>				<https://panlex.org/snapshot/panlex-20191001-csv/6898#113612025>		"Uturuki"@jmc	
"Denmark"@swh	<https://panlex.org/snapshot/panlex-20191001-csv/6898#113629546>				<https://panlex.org/snapshot/panlex-20191001-csv/6898#113629601>		"Denmaki"@jmc	
"Venezuela"@swh	<https://panlex.org/snapshot/panlex-20191001-csv/6898#113597538>				<https://panlex.org/snapshot/panlex-20191001-csv/6898#113597428>		"Venezuela"@jmc	
"Luxembourg"@swh	<https://panlex.org/snapshot/panlex-20191001-csv/6898#113641025>				<https://panlex.org/snapshot/panlex-20191001-csv/6898#113640923>		"Lasembagi"@jmc	
"Madagaska"@swh	<https://panlex.org/snapshot/panlex-20191001-csv/6898#113590050>				<https://panlex.org/snapshot/panlex-20191001-csv/6898#113590013>		"Bukini"@jmc	
"Bangladeshi"@swh	<https://panlex.org/snapshot/panlex-20191001-csv/6898#113632228>				<https://panlex.org/snapshot/panlex-20191001-csv/6898#113632144>		"Bangladeshi"@jmc	
"Ujerumani"@swh	<https://panlex.org/snapshot/panlex-20191001-csv/6898#113639305>				<https://panlex.org/snapshot/panlex-20191001-csv/6898#113639293>		"Ujerumani"@jmc	
"San Marino"@swh	<https://panlex.org/snapshot/panlex-20191001-csv/6898#113625776>				<https://panlex.org/snapshot/panlex-20191001-csv/6898#113625790>		"Samarino"@jmc	
"Latvia"@swh	<https://panlex.org/snapshot/panlex-20191001-csv/6898#113584980>				<https://panlex.org/snapshot/panlex-20191001-csv/6898#113585048>		"Lativia"@jmc	
"Malta"@swh	<https://panlex.org/snapshot/panlex-20191001-csv/6898#113645138>				<https://panlex.org/snapshot/panlex-20191001-csv/6898#113645061>		"Malta"@jmc	
"Bulgaria"@swh	<https://panlex.org/snapshot/panlex-20191001-csv/6898#113631206>				<https://panlex.org/snapshot/panlex-20191001-csv/6898#113631173>		"Bulgaria"@jmc	
"Walis na Futuna"@swh	<https://panlex.org/snapshot/panlex-20191001-csv/6898#113638643>				<https://panlex.org/snapshot/panlex-20191001-csv/6898#113638667>		"Walis na Futuna"@jmc	
"Iraki"@swh	<https://panlex.org/snapshot/panlex-20191001-csv/6898#113633723>				<https://panlex.org/snapshot/panlex-20191001-csv/6898#113633758>		"Iraki"@jmc	
