"Zama za Mawe"@swh	<https://panlex.org/snapshot/panlex-20191001-csv/6709#111075801>				<https://panlex.org/snapshot/panlex-20191001-csv/6709#111075911>		"Ngexesha lamatye"@xh	
"lugha"@swh	<https://panlex.org/snapshot/panlex-20191001-csv/2129#11694376>				<https://panlex.org/snapshot/panlex-20191001-csv/2129#11694390>		"ulwimi"@xh	
"desemba"@swh	<https://panlex.org/snapshot/panlex-20191001-csv/2135#11743127>				<https://panlex.org/snapshot/panlex-20191001-csv/2135#11743135>		"udisemba"@xh	
"maji"@swh	<https://panlex.org/snapshot/panlex-20191001-csv/2131#11695255>				<https://panlex.org/snapshot/panlex-20191001-csv/2131#11695273>		"amanzi"@xh	
"Afrika Kusini"@swh	<https://panlex.org/snapshot/panlex-20191001-csv/6898#113613634>				<https://panlex.org/snapshot/panlex-20191001-csv/6898#113613708>		"eMzantsi Afrika"@xh	
"Germany"@swh	<https://panlex.org/snapshot/panlex-20191001-csv/5950#85858419>				<https://panlex.org/snapshot/panlex-20191001-csv/5950#85858440>		"iJamani"@xh	
"Udachi"@swh	<https://panlex.org/snapshot/panlex-20191001-csv/5950#85858420>				<https://panlex.org/snapshot/panlex-20191001-csv/5950#85858440>		"iJamani"@xh	
"gazeti"@swh	<https://panlex.org/snapshot/panlex-20191001-csv/5950#85868953>				<https://panlex.org/snapshot/panlex-20191001-csv/5950#85868958>		"iphepha"@xh	
"Ujerumani"@swh	<https://panlex.org/snapshot/panlex-20191001-csv/5950#85858421>				<https://panlex.org/snapshot/panlex-20191001-csv/5950#85858440>		"iJamani"@xh	
"wikamusi"@swh	<https://panlex.org/snapshot/panlex-20191001-csv/5945#84345128>				<https://panlex.org/snapshot/panlex-20191001-csv/5945#84345139>		"Wikshinari"@xh	
"Ujerumani"@swh	<https://panlex.org/snapshot/panlex-20191001-csv/5945#84342029>				<https://panlex.org/snapshot/panlex-20191001-csv/5945#84342033>		"iJamani"@xh	
"kwa heri"@swh	<https://panlex.org/snapshot/panlex-20191001-csv/5947#84667402>				<https://panlex.org/snapshot/panlex-20191001-csv/5947#84667415>		"hamba kahle"@xh	
"ini"@swh	<https://panlex.org/snapshot/panlex-20191001-csv/5947#84895299>				<https://panlex.org/snapshot/panlex-20191001-csv/5947#84895319>		"isibindi"@xh	
"ndiyo"@swh	<https://panlex.org/snapshot/panlex-20191001-csv/5947#84862289>				<https://panlex.org/snapshot/panlex-20191001-csv/5947#84862309>		"ewe"@xh	
"Kiingereza"@swh	<https://panlex.org/snapshot/panlex-20191001-csv/5940#81294568>				<https://panlex.org/snapshot/panlex-20191001-csv/5940#81294574>		"isiNgesi"@xh	
"Ujerumani"@swh	<https://panlex.org/snapshot/panlex-20191001-csv/5939#80782795>				<https://panlex.org/snapshot/panlex-20191001-csv/5939#80782829>		"iJamani"@xh	
"Shirikisho la Jamhuri ya Ujerumani"@swh	<https://panlex.org/snapshot/panlex-20191001-csv/5939#80768253>				<https://panlex.org/snapshot/panlex-20191001-csv/5939#80768273>		"IRiphabliki yoManyano yaseJalimani"@xh	
"Uzeri"@swh	<https://panlex.org/snapshot/panlex-20191001-csv/5939#80805142>				<https://panlex.org/snapshot/panlex-20191001-csv/5939#80805155>		"uEzra"@xh	
"Uzeri"@swh	<https://panlex.org/snapshot/panlex-20191001-csv/5939#80805214>				<https://panlex.org/snapshot/panlex-20191001-csv/5939#80805227>		"uEzra"@xh	
"Kiingereza"@swh	<https://panlex.org/snapshot/panlex-20191001-csv/5939#80799768>				<https://panlex.org/snapshot/panlex-20191001-csv/5939#80799784>		"isiNgesi"@xh	
"babu"@swh	<https://panlex.org/snapshot/panlex-20191001-csv/5939#80846315>				<https://panlex.org/snapshot/panlex-20191001-csv/5939#80846325>		"ubawomkhulu"@xh	
"Kijerumani"@swh	<https://panlex.org/snapshot/panlex-20191001-csv/5939#80782468>				<https://panlex.org/snapshot/panlex-20191001-csv/5939#80782487>		"isiJamani"@xh	
"duka la madawa"@swh	<https://panlex.org/snapshot/panlex-20191001-csv/5939#80724783>				<https://panlex.org/snapshot/panlex-20191001-csv/5939#80724799>		"ikhemisti"@xh	
"jicho"@swh	<https://panlex.org/snapshot/panlex-20191001-csv/5939#80734180>				<https://panlex.org/snapshot/panlex-20191001-csv/5939#80734190>		"iliso"@xh	
"mzee"@swh	<https://panlex.org/snapshot/panlex-20191001-csv/5939#80846316>				<https://panlex.org/snapshot/panlex-20191001-csv/5939#80846325>		"ubawomkhulu"@xh	
"Germany"@swh	<https://panlex.org/snapshot/panlex-20191001-csv/5939#80782793>				<https://panlex.org/snapshot/panlex-20191001-csv/5939#80782829>		"iJamani"@xh	
"duka la dawa"@swh	<https://panlex.org/snapshot/panlex-20191001-csv/5939#80724782>				<https://panlex.org/snapshot/panlex-20191001-csv/5939#80724799>		"ikhemisti"@xh	
"februari"@swh	<https://panlex.org/snapshot/panlex-20191001-csv/5939#80811324>				<https://panlex.org/snapshot/panlex-20191001-csv/5939#80811346>		"uFebruwari"@xh	
"Udachi"@swh	<https://panlex.org/snapshot/panlex-20191001-csv/5939#80782794>				<https://panlex.org/snapshot/panlex-20191001-csv/5939#80782829>		"iJamani"@xh	
"vioo"@swh	<https://panlex.org/snapshot/panlex-20191001-csv/5946#84446316>				<https://panlex.org/snapshot/panlex-20191001-csv/5946#84446355>		"isipili"@xh	
"miti"@swh	<https://panlex.org/snapshot/panlex-20191001-csv/5946#84449653>				<https://panlex.org/snapshot/panlex-20191001-csv/5946#84449665>		"umthi"@xh	
"kioo"@swh	<https://panlex.org/snapshot/panlex-20191001-csv/5946#84446317>				<https://panlex.org/snapshot/panlex-20191001-csv/5946#84446355>		"isipili"@xh	
"nyumba"@swh	<https://panlex.org/snapshot/panlex-20191001-csv/5946#84437294>				<https://panlex.org/snapshot/panlex-20191001-csv/5946#84437304>		"ikhaya"@xh	
"mti"@swh	<https://panlex.org/snapshot/panlex-20191001-csv/5946#84449654>				<https://panlex.org/snapshot/panlex-20191001-csv/5946#84449665>		"umthi"@xh	
"Mungu"@swh	<https://panlex.org/snapshot/panlex-20191001-csv/5949#85303138>				<https://panlex.org/snapshot/panlex-20191001-csv/5949#85303168>		"isisthixo"@xh	
"Mungu"@swh	<https://panlex.org/snapshot/panlex-20191001-csv/5949#85303138>				<https://panlex.org/snapshot/panlex-20191001-csv/5949#85303169>		"uThixo"@xh	
"Agosti"@swh	<https://panlex.org/snapshot/panlex-20191001-csv/5949#85329511>				<https://panlex.org/snapshot/panlex-20191001-csv/5949#85329549>		"eyeThupha"@xh	
"Agosti"@swh	<https://panlex.org/snapshot/panlex-20191001-csv/5949#85329511>				<https://panlex.org/snapshot/panlex-20191001-csv/5949#85329548>		"uAgasti"@xh	
"Allah"@swh	<https://panlex.org/snapshot/panlex-20191001-csv/5949#85303137>				<https://panlex.org/snapshot/panlex-20191001-csv/5949#85303168>		"isisthixo"@xh	
"Allah"@swh	<https://panlex.org/snapshot/panlex-20191001-csv/5949#85303137>				<https://panlex.org/snapshot/panlex-20191001-csv/5949#85303169>		"uThixo"@xh	
"Urusi"@swh	<https://panlex.org/snapshot/panlex-20191001-csv/5949#85319602>				<https://panlex.org/snapshot/panlex-20191001-csv/5949#85319641>		"IRashiya"@xh	
"Jua"@swh	<https://panlex.org/snapshot/panlex-20191001-csv/5949#85320991>				<https://panlex.org/snapshot/panlex-20191001-csv/5949#85321017>		"iLanga"@xh	
"Biblia ya Kikristo"@swh	<https://panlex.org/snapshot/panlex-20191001-csv/5949#85302793>				<https://panlex.org/snapshot/panlex-20191001-csv/5949#85302826>		"IBhayibhile"@xh	
"mnenea"@swh	<https://panlex.org/snapshot/panlex-20191001-csv/5949#85333214>				<https://panlex.org/snapshot/panlex-20191001-csv/5949#85333223>		"igqwetha"@xh	
"kitabu"@swh	<https://panlex.org/snapshot/panlex-20191001-csv/5942#83282781>				<https://panlex.org/snapshot/panlex-20191001-csv/5942#83282799>		"incwadi"@xh	
"Yesu"@swh	<https://panlex.org/snapshot/panlex-20191001-csv/5943#83289598>				<https://panlex.org/snapshot/panlex-20191001-csv/5943#83289616>		"UYesu"@xh	
"wingu"@swh	<https://panlex.org/snapshot/panlex-20191001-csv/5943#83399233>				<https://panlex.org/snapshot/panlex-20191001-csv/5943#83399239>		"sibekela"@xh	
"Kizulu"@swh	<https://panlex.org/snapshot/panlex-20191001-csv/405#13634235>				<https://panlex.org/snapshot/panlex-20191001-csv/405#13634237>		"IsiZulu"@xh	
"Kiafrikaans"@swh	<https://panlex.org/snapshot/panlex-20191001-csv/405#13620318>				<https://panlex.org/snapshot/panlex-20191001-csv/405#13620325>		"IsiBhulu"@xh	
"kicambodia"@swh	<https://panlex.org/snapshot/panlex-20191001-csv/400#13352456>				<https://panlex.org/snapshot/panlex-20191001-csv/400#13352463>		"isiCambodia"@xh	
"kikurdi"@swh	<https://panlex.org/snapshot/panlex-20191001-csv/400#13353106>				<https://panlex.org/snapshot/panlex-20191001-csv/400#13353114>		"Kurdish"@xh	
"kirumi"@swh	<https://panlex.org/snapshot/panlex-20191001-csv/400#13353439>				<https://panlex.org/snapshot/panlex-20191001-csv/400#13353451>		"Isi-Latin"@xh	
"muarmeni"@swh	<https://panlex.org/snapshot/panlex-20191001-csv/400#13350246>				<https://panlex.org/snapshot/panlex-20191001-csv/400#13350253>		"isiArmenian"@xh	
"kibelarusi"@swh	<https://panlex.org/snapshot/panlex-20191001-csv/400#13342475>				<https://panlex.org/snapshot/panlex-20191001-csv/400#13342485>		"Isi-Belarusian"@xh	
"kihispania"@swh	<https://panlex.org/snapshot/panlex-20191001-csv/400#13346794>				<https://panlex.org/snapshot/panlex-20191001-csv/400#13346812>		"Isi-Spanish"@xh	
"kiitaliano"@swh	<https://panlex.org/snapshot/panlex-20191001-csv/400#13351231>				<https://panlex.org/snapshot/panlex-20191001-csv/400#13351248>		"Isi-Italian"@xh	
"kiositani"@swh	<https://panlex.org/snapshot/panlex-20191001-csv/400#13357622>				<https://panlex.org/snapshot/panlex-20191001-csv/400#13357631>		"Iso-Occitan"@xh	
"kimarathi"@swh	<https://panlex.org/snapshot/panlex-20191001-csv/400#13355651>				<https://panlex.org/snapshot/panlex-20191001-csv/400#13355661>		"Isi-Marathi"@xh	
"kidenmarki"@swh	<https://panlex.org/snapshot/panlex-20191001-csv/400#13345196>				<https://panlex.org/snapshot/panlex-20191001-csv/400#13345209>		"Isi-Danish"@xh	
"kiafrikans"@swh	<https://panlex.org/snapshot/panlex-20191001-csv/400#13340757>				<https://panlex.org/snapshot/panlex-20191001-csv/400#13340766>		"isiBhulu"@xh	
"kilatvia"@swh	<https://panlex.org/snapshot/panlex-20191001-csv/400#13354346>				<https://panlex.org/snapshot/panlex-20191001-csv/400#13354358>		"Isi-Latvian"@xh	
"kitigrinya"@swh	<https://panlex.org/snapshot/panlex-20191001-csv/400#13362971>				<https://panlex.org/snapshot/panlex-20191001-csv/400#13362980>		"Isi-Tigrinya"@xh	
"kiindonesia"@swh	<https://panlex.org/snapshot/panlex-20191001-csv/400#13350505>				<https://panlex.org/snapshot/panlex-20191001-csv/400#13350516>		"Isi-Indonesian"@xh	
"kislovenia"@swh	<https://panlex.org/snapshot/panlex-20191001-csv/400#13360977>				<https://panlex.org/snapshot/panlex-20191001-csv/400#13360986>		"Isi-Slovenian"@xh	
"kikhosa"@swh	<https://panlex.org/snapshot/panlex-20191001-csv/400#13365290>				<https://panlex.org/snapshot/panlex-20191001-csv/400#13365300>		"isiXhosa"@xh	
"kihungari"@swh	<https://panlex.org/snapshot/panlex-20191001-csv/400#13350114>				<https://panlex.org/snapshot/panlex-20191001-csv/400#13350126>		"Isi-Hungarian"@xh	
"kiuzbeki"@swh	<https://panlex.org/snapshot/panlex-20191001-csv/400#13364652>				<https://panlex.org/snapshot/panlex-20191001-csv/400#13364665>		"Isi-Uzbek"@xh	
"kijerumani"@swh	<https://panlex.org/snapshot/panlex-20191001-csv/400#13345414>				<https://panlex.org/snapshot/panlex-20191001-csv/400#13345432>		"Isi-German"@xh	
"kiserbia"@swh	<https://panlex.org/snapshot/panlex-20191001-csv/400#13361692>				<https://panlex.org/snapshot/panlex-20191001-csv/400#13361702>		"Isi-Serbia"@xh	
"Kiswahili"@swh	<https://panlex.org/snapshot/panlex-20191001-csv/400#13362329>				<https://panlex.org/snapshot/panlex-20191001-csv/400#13362339>		"Isi-Swahili"@xh	
"kicheki"@swh	<https://panlex.org/snapshot/panlex-20191001-csv/400#13344841>				<https://panlex.org/snapshot/panlex-20191001-csv/400#13344853>		"Isi-Czech"@xh	
"kiairish"@swh	<https://panlex.org/snapshot/panlex-20191001-csv/400#13348316>				<https://panlex.org/snapshot/panlex-20191001-csv/400#13348328>		"Isi-Irish"@xh	
"kitagalog"@swh	<https://panlex.org/snapshot/panlex-20191001-csv/400#13347517>				<https://panlex.org/snapshot/panlex-20191001-csv/400#13347526>		"Isi-Taglog"@xh	
"kifrisia"@swh	<https://panlex.org/snapshot/panlex-20191001-csv/400#13348215>				<https://panlex.org/snapshot/panlex-20191001-csv/400#13348225>		"Isi-Frisian"@xh	
"guarani"@swh	<https://panlex.org/snapshot/panlex-20191001-csv/400#13348871>				<https://panlex.org/snapshot/panlex-20191001-csv/400#13348880>		"Guarani"@xh	
"kiazabaijani"@swh	<https://panlex.org/snapshot/panlex-20191001-csv/400#13342096>				<https://panlex.org/snapshot/panlex-20191001-csv/400#13342105>		"Isi-Azerbaijani"@xh	
"kilaosi"@swh	<https://panlex.org/snapshot/panlex-20191001-csv/400#13353881>				<https://panlex.org/snapshot/panlex-20191001-csv/400#13353889>		"IsiLoathian"@xh	
"kifaroe"@swh	<https://panlex.org/snapshot/panlex-20191001-csv/400#13347709>				<https://panlex.org/snapshot/panlex-20191001-csv/400#13347719>		"Isi-Faroese"@xh	
"ombwa"@swh	<https://panlex.org/snapshot/panlex-20191001-csv/400#13364227>				<https://panlex.org/snapshot/panlex-20191001-csv/400#13364235>		"Isi Uighur"@xh	
"kiwelsh"@swh	<https://panlex.org/snapshot/panlex-20191001-csv/400#13345097>				<https://panlex.org/snapshot/panlex-20191001-csv/400#13345106>		"Isi-Welsh"@xh	
"kiesperanto"@swh	<https://panlex.org/snapshot/panlex-20191001-csv/400#13346689>				<https://panlex.org/snapshot/panlex-20191001-csv/400#13346699>		"Isi-Esperanto"@xh	
"lugha ya kisayansi"@swh	<https://panlex.org/snapshot/panlex-20191001-csv/400#13350593>				<https://panlex.org/snapshot/panlex-20191001-csv/400#13350599>		"isiInterlingue"@xh	
"kiskotlandi"@swh	<https://panlex.org/snapshot/panlex-20191001-csv/400#13348519>				<https://panlex.org/snapshot/panlex-20191001-csv/400#13348529>		"Scots Gaelic"@xh	
"kipashto"@swh	<https://panlex.org/snapshot/panlex-20191001-csv/400#13358727>				<https://panlex.org/snapshot/panlex-20191001-csv/400#13358736>		"Pashto"@xh	
"kiarabu"@swh	<https://panlex.org/snapshot/panlex-20191001-csv/400#13341445>				<https://panlex.org/snapshot/panlex-20191001-csv/400#13341459>		"Isi-Arabic"@xh	
"kireno (brazil)"@swh	<https://panlex.org/snapshot/panlex-20191001-csv/400#13358910>				<https://panlex.org/snapshot/panlex-20191001-csv/400#13358920>		"portokugusseee"@xh	
"kikorea"@swh	<https://panlex.org/snapshot/panlex-20191001-csv/400#13352682>				<https://panlex.org/snapshot/panlex-20191001-csv/400#13352693>		"Isi-Korean"@xh	
"kiinterlingua"@swh	<https://panlex.org/snapshot/panlex-20191001-csv/400#13350371>				<https://panlex.org/snapshot/panlex-20191001-csv/400#13350381>		"Interlingua"@xh	
"kiingereza"@swh	<https://panlex.org/snapshot/panlex-20191001-csv/400#13346359>				<https://panlex.org/snapshot/panlex-20191001-csv/400#13346377>		"isiNgesi"@xh	
"kiromania"@swh	<https://panlex.org/snapshot/panlex-20191001-csv/400#13359335>				<https://panlex.org/snapshot/panlex-20191001-csv/400#13359347>		"Isi-Romanian"@xh	
"kiaislandi"@swh	<https://panlex.org/snapshot/panlex-20191001-csv/400#13351123>				<https://panlex.org/snapshot/panlex-20191001-csv/400#13351135>		"Isi-Icelandic"@xh	
"kilithuania"@swh	<https://panlex.org/snapshot/panlex-20191001-csv/400#13354043>				<https://panlex.org/snapshot/panlex-20191001-csv/400#13354055>		"Isi-Lithuanian"@xh	
"kipunjabi"@swh	<https://panlex.org/snapshot/panlex-20191001-csv/400#13358045>				<https://panlex.org/snapshot/panlex-20191001-csv/400#13358055>		"Isi-Punjabi"@xh	
"kibosnia"@swh	<https://panlex.org/snapshot/panlex-20191001-csv/400#13343428>				<https://panlex.org/snapshot/panlex-20191001-csv/400#13343437>		"Isi-Bosnia"@xh	
"kiukrania"@swh	<https://panlex.org/snapshot/panlex-20191001-csv/400#13364359>				<https://panlex.org/snapshot/panlex-20191001-csv/400#13364369>		"Isi-Ukranian"@xh	
"kimalta"@swh	<https://panlex.org/snapshot/panlex-20191001-csv/400#13355841>				<https://panlex.org/snapshot/panlex-20191001-csv/400#13355850>		"Isi-Maltese"@xh	
"kinepali"@swh	<https://panlex.org/snapshot/panlex-20191001-csv/400#13356553>				<https://panlex.org/snapshot/panlex-20191001-csv/400#13356563>		"Isi-Nepali"@xh	
"kihindi"@swh	<https://panlex.org/snapshot/panlex-20191001-csv/400#13349661>				<https://panlex.org/snapshot/panlex-20191001-csv/400#13349676>		"Isi-Hindi"@xh	
"kimongolia"@swh	<https://panlex.org/snapshot/panlex-20191001-csv/400#13355321>				<https://panlex.org/snapshot/panlex-20191001-csv/400#13355329>		"IsiMongolian"@xh	
"kigiriki"@swh	<https://panlex.org/snapshot/panlex-20191001-csv/400#13346213>				<https://panlex.org/snapshot/panlex-20191001-csv/400#13346226>		"Isi-Greek"@xh	
"kireno (ureno)"@swh	<https://panlex.org/snapshot/panlex-20191001-csv/400#13358980>				<https://panlex.org/snapshot/panlex-20191001-csv/400#13358987>		"Isi-Portuguese (Portugal)"@xh	
"kioriya"@swh	<https://panlex.org/snapshot/panlex-20191001-csv/400#13357798>				<https://panlex.org/snapshot/panlex-20191001-csv/400#13357807>		"Oriya"@xh	
"kibulgaria"@swh	<https://panlex.org/snapshot/panlex-20191001-csv/400#13342685>				<https://panlex.org/snapshot/panlex-20191001-csv/400#13342695>		"Isi-Bulgaria"@xh	
"kithailand"@swh	<https://panlex.org/snapshot/panlex-20191001-csv/400#13362879>				<https://panlex.org/snapshot/panlex-20191001-csv/400#13362889>		"Isi-Thai"@xh	
"kiklingon"@swh	<https://panlex.org/snapshot/panlex-20191001-csv/400#13363322>				<https://panlex.org/snapshot/panlex-20191001-csv/400#13363330>		"Klingon"@xh	
"kivietnam"@swh	<https://panlex.org/snapshot/panlex-20191001-csv/400#13364821>				<https://panlex.org/snapshot/panlex-20191001-csv/400#13364830>		"Isi-Vietnamese"@xh	
"kikatalan"@swh	<https://panlex.org/snapshot/panlex-20191001-csv/400#13343674>				<https://panlex.org/snapshot/panlex-20191001-csv/400#13343684>		"Isi-Calatan"@xh	
"kilingala"@swh	<https://panlex.org/snapshot/panlex-20191001-csv/400#13353791>				<https://panlex.org/snapshot/panlex-20191001-csv/400#13353798>		"Iilwimi"@xh	
"kisanskriti"@swh	<https://panlex.org/snapshot/panlex-20191001-csv/400#13359736>				<https://panlex.org/snapshot/panlex-20191001-csv/400#13359743>		"iSanskrit"@xh	
"kijapani"@swh	<https://panlex.org/snapshot/panlex-20191001-csv/400#13351391>				<https://panlex.org/snapshot/panlex-20191001-csv/400#13351409>		"Isi-Japanese"@xh	
"kikannada"@swh	<https://panlex.org/snapshot/panlex-20191001-csv/400#13352583>				<https://panlex.org/snapshot/panlex-20191001-csv/400#13352593>		"Isi-Kannada"@xh	
"kugizi"@swh	<https://panlex.org/snapshot/panlex-20191001-csv/400#13353343>				<https://panlex.org/snapshot/panlex-20191001-csv/400#13353352>		"Kyrgyz"@xh	
"kisweden"@swh	<https://panlex.org/snapshot/panlex-20191001-csv/400#13362230>				<https://panlex.org/snapshot/panlex-20191001-csv/400#13362244>		"Isi-Swedish"@xh	
"kipolandi"@swh	<https://panlex.org/snapshot/panlex-20191001-csv/400#13358518>				<https://panlex.org/snapshot/panlex-20191001-csv/400#13358530>		"Isi-Polish"@xh	
"kigujarati"@swh	<https://panlex.org/snapshot/panlex-20191001-csv/400#13349253>				<https://panlex.org/snapshot/panlex-20191001-csv/400#13349264>		"Isi-Gujarati"@xh	
"kiajemi"@swh	<https://panlex.org/snapshot/panlex-20191001-csv/400#13347211>				<https://panlex.org/snapshot/panlex-20191001-csv/400#13347224>		"Isi-Persia"@xh	
"kifaransa"@swh	<https://panlex.org/snapshot/panlex-20191001-csv/400#13347846>				<https://panlex.org/snapshot/panlex-20191001-csv/400#13347864>		"Isi-French"@xh	
"kiamhariki"@swh	<https://panlex.org/snapshot/panlex-20191001-csv/400#13341167>				<https://panlex.org/snapshot/panlex-20191001-csv/400#13341176>		"Isi-Amharic"@xh	
"msindhi"@swh	<https://panlex.org/snapshot/panlex-20191001-csv/400#13360205>				<https://panlex.org/snapshot/panlex-20191001-csv/400#13360212>		"isiSindhi"@xh	
"wataki weume"@swh	<https://panlex.org/snapshot/panlex-20191001-csv/400#13363135>				<https://panlex.org/snapshot/panlex-20191001-csv/400#13363143>		"Turkmen"@xh	
"kirusi"@swh	<https://panlex.org/snapshot/panlex-20191001-csv/400#13359551>				<https://panlex.org/snapshot/panlex-20191001-csv/400#13359568>		"Isi-Russian"@xh	
"kiestonia"@swh	<https://panlex.org/snapshot/panlex-20191001-csv/400#13346981>				<https://panlex.org/snapshot/panlex-20191001-csv/400#13346993>		"Isi-Estonian"@xh	
"kinubi"@swh	<https://panlex.org/snapshot/panlex-20191001-csv/400#13362021>				<https://panlex.org/snapshot/panlex-20191001-csv/400#13362030>		"Isi-Sudanese"@xh	
"kisomali"@swh	<https://panlex.org/snapshot/panlex-20191001-csv/400#13361432>				<https://panlex.org/snapshot/panlex-20191001-csv/400#13361439>		"IsiSomaliya"@xh	
"kibengali"@swh	<https://panlex.org/snapshot/panlex-20191001-csv/400#13343102>				<https://panlex.org/snapshot/panlex-20191001-csv/400#13343115>		"Isi-Bengali"@xh	
"sesotho"@swh	<https://panlex.org/snapshot/panlex-20191001-csv/400#13361930>				<https://panlex.org/snapshot/panlex-20191001-csv/400#13361938>		"Sesotho"@xh	
"kigalisia"@swh	<https://panlex.org/snapshot/panlex-20191001-csv/400#13348739>				<https://panlex.org/snapshot/panlex-20191001-csv/400#13348749>		"Isi-Galician"@xh	
"kifinlandi"@swh	<https://panlex.org/snapshot/panlex-20191001-csv/400#13347421>				<https://panlex.org/snapshot/panlex-20191001-csv/400#13347435>		"Isi-Finnish"@xh	
"kiyahudi"@swh	<https://panlex.org/snapshot/panlex-20191001-csv/400#13349556>				<https://panlex.org/snapshot/panlex-20191001-csv/400#13349569>		"Isi-Hebrew"@xh	
"kibihari"@swh	<https://panlex.org/snapshot/panlex-20191001-csv/400#13342780>				<https://panlex.org/snapshot/panlex-20191001-csv/400#13342791>		"Isi-Bihari"@xh	
"kimalaysia"@swh	<https://panlex.org/snapshot/panlex-20191001-csv/400#13355747>				<https://panlex.org/snapshot/panlex-20191001-csv/400#13355757>		"Isi-Malay"@xh	
"kizulu"@swh	<https://panlex.org/snapshot/panlex-20191001-csv/400#13366020>				<https://panlex.org/snapshot/panlex-20191001-csv/400#13366031>		"isiZulu"@xh	
"kimasedonia"@swh	<https://panlex.org/snapshot/panlex-20191001-csv/400#13355095>				<https://panlex.org/snapshot/panlex-20191001-csv/400#13355104>		"Isi-Macedonian"@xh	
"kituruki"@swh	<https://panlex.org/snapshot/panlex-20191001-csv/400#13363648>				<https://panlex.org/snapshot/panlex-20191001-csv/400#13363658>		"Isi-Turkish"@xh	
"kisinhali"@swh	<https://panlex.org/snapshot/panlex-20191001-csv/400#13360671>				<https://panlex.org/snapshot/panlex-20191001-csv/400#13360680>		"Isi-Sinhalese"@xh	
"kitelugu"@swh	<https://panlex.org/snapshot/panlex-20191001-csv/400#13362627>				<https://panlex.org/snapshot/panlex-20191001-csv/400#13362637>		"Isi-Telegu"@xh	
"kijiojia"@swh	<https://panlex.org/snapshot/panlex-20191001-csv/400#13351708>				<https://panlex.org/snapshot/panlex-20191001-csv/400#13351718>		"Isi-Georgia"@xh	
"kijava"@swh	<https://panlex.org/snapshot/panlex-20191001-csv/400#13351611>				<https://panlex.org/snapshot/panlex-20191001-csv/400#13351621>		"Isi-Javanese"@xh	
"kikroeshia"@swh	<https://panlex.org/snapshot/panlex-20191001-csv/400#13349942>				<https://panlex.org/snapshot/panlex-20191001-csv/400#13349951>		"Isi-Croatia"@xh	
"kibreton"@swh	<https://panlex.org/snapshot/panlex-20191001-csv/400#13343301>				<https://panlex.org/snapshot/panlex-20191001-csv/400#13343310>		"Breton"@xh	
"kinorwei"@swh	<https://panlex.org/snapshot/panlex-20191001-csv/400#13357052>				<https://panlex.org/snapshot/panlex-20191001-csv/400#13357066>		"Isi-Norwegian"@xh	
"kiserbia-kroeshia"@swh	<https://panlex.org/snapshot/panlex-20191001-csv/400#13360542>				<https://panlex.org/snapshot/panlex-20191001-csv/400#13360549>		"Serbo-Croatian"@xh	
"kireno"@swh	<https://panlex.org/snapshot/panlex-20191001-csv/400#13358828>				<https://panlex.org/snapshot/panlex-20191001-csv/400#13358846>		"Isi-Portuguese"@xh	
"kiyidish"@swh	<https://panlex.org/snapshot/panlex-20191001-csv/400#13365451>				<https://panlex.org/snapshot/panlex-20191001-csv/400#13365460>		"Yiddish"@xh	
"kibangla"@swh	<https://panlex.org/snapshot/panlex-20191001-csv/400#13343103>				<https://panlex.org/snapshot/panlex-20191001-csv/400#13343115>		"Isi-Bengali"@xh	
"kitamil"@swh	<https://panlex.org/snapshot/panlex-20191001-csv/400#13362491>				<https://panlex.org/snapshot/panlex-20191001-csv/400#13362501>		"Isi-Tamil"@xh	
"kiholanzi"@swh	<https://panlex.org/snapshot/panlex-20191001-csv/400#13356826>				<https://panlex.org/snapshot/panlex-20191001-csv/400#13356840>		"Isi-Dutch"@xh	
"kialbania"@swh	<https://panlex.org/snapshot/panlex-20191001-csv/400#13361595>				<https://panlex.org/snapshot/panlex-20191001-csv/400#13361604>		"Isi-Albania"@xh	
"kislovakia"@swh	<https://panlex.org/snapshot/panlex-20191001-csv/400#13360881>				<https://panlex.org/snapshot/panlex-20191001-csv/400#13360890>		"Isi-Slovak"@xh	
"kubafu"@swh	<https://panlex.org/snapshot/panlex-20191001-csv/400#13341745>				<https://panlex.org/snapshot/panlex-20191001-csv/400#13341752>		"isiAssamese"@xh	
"kiurdu"@swh	<https://panlex.org/snapshot/panlex-20191001-csv/400#13364555>				<https://panlex.org/snapshot/panlex-20191001-csv/400#13364567>		"Urdu"@xh	
"kitwii"@swh	<https://panlex.org/snapshot/panlex-20191001-csv/400#13364023>				<https://panlex.org/snapshot/panlex-20191001-csv/400#13364031>		"Twi"@xh	
"kibaski"@swh	<https://panlex.org/snapshot/panlex-20191001-csv/400#13347077>				<https://panlex.org/snapshot/panlex-20191001-csv/400#13347087>		"Isi-Basque"@xh	
"kimalayalam"@swh	<https://panlex.org/snapshot/panlex-20191001-csv/400#13355226>				<https://panlex.org/snapshot/panlex-20191001-csv/400#13355236>		"Isi-Malayalam"@xh	
"ndugu"@swh	<https://panlex.org/snapshot/panlex-20191001-csv/19#1045423>				<https://panlex.org/snapshot/panlex-20191001-csv/19#1045430>		"bhuti"@xh	
"kaka"@swh	<https://panlex.org/snapshot/panlex-20191001-csv/19#1045424>				<https://panlex.org/snapshot/panlex-20191001-csv/19#1045430>		"bhuti"@xh	
"kosa"@swh	<https://panlex.org/snapshot/panlex-20191001-csv/19#1042699>				<https://panlex.org/snapshot/panlex-20191001-csv/19#1042704>		"isiphosiso"@xh	
"Kiingereza"@swh	<https://panlex.org/snapshot/panlex-20191001-csv/9#479807>				<https://panlex.org/snapshot/panlex-20191001-csv/9#479821>		"isiNgesi"@xh	
"Shirikisho la Jamhuri ya Ujerumani"@swh	<https://panlex.org/snapshot/panlex-20191001-csv/9#522312>				<https://panlex.org/snapshot/panlex-20191001-csv/9#522320>		"IRiphabliki yoManyano yaseJalimani"@xh	
"Ujerumani"@swh	<https://panlex.org/snapshot/panlex-20191001-csv/9#474855>				<https://panlex.org/snapshot/panlex-20191001-csv/9#474874>		"iJamani"@xh	
"kenda"@swh	<https://panlex.org/snapshot/panlex-20191001-csv/9#491043>				<https://panlex.org/snapshot/panlex-20191001-csv/9#491070>		"ithoba"@xh	
"lek"@swh	<https://panlex.org/snapshot/panlex-20191001-csv/12#850609>				<https://panlex.org/snapshot/panlex-20191001-csv/12#850612>		"dlalo"@xh	
"Kizulu"@swh	<https://panlex.org/snapshot/panlex-20191001-csv/12#908042>				<https://panlex.org/snapshot/panlex-20191001-csv/12#908047>		"Zulu"@xh	
"Ujerumani"@swh	<https://panlex.org/snapshot/panlex-20191001-csv/12#849622>				<https://panlex.org/snapshot/panlex-20191001-csv/12#849627>		"iJamani"@xh	
"spel"@swh	<https://panlex.org/snapshot/panlex-20191001-csv/12#850610>				<https://panlex.org/snapshot/panlex-20191001-csv/12#850612>		"dlalo"@xh	
"maji"@swh	<https://panlex.org/snapshot/panlex-20191001-csv/12#851173>				<https://panlex.org/snapshot/panlex-20191001-csv/12#851251>		"nzi"@xh	
"sabuni"@swh	<https://panlex.org/snapshot/panlex-20191001-csv/12#883229>				<https://panlex.org/snapshot/panlex-20191001-csv/12#883234>		"isepha"@xh	
"kamusi"@swh	<https://panlex.org/snapshot/panlex-20191001-csv/12#844050>				<https://panlex.org/snapshot/panlex-20191001-csv/12#844061>		"idikshinari"@xh	
"fizikia"@swh	<https://panlex.org/snapshot/panlex-20191001-csv/2904#111024053>				<https://panlex.org/snapshot/panlex-20191001-csv/2904#111024155>		"ifiziki"@xh	
"biolojia"@swh	<https://panlex.org/snapshot/panlex-20191001-csv/2904#111022293>				<https://panlex.org/snapshot/panlex-20191001-csv/2904#111022351>		"ibhayoloji"@xh	
"elimu ya viumbe"@swh	<https://panlex.org/snapshot/panlex-20191001-csv/2904#111022265>				<https://panlex.org/snapshot/panlex-20191001-csv/2904#111022351>		"ibhayoloji"@xh	
"kemia"@swh	<https://panlex.org/snapshot/panlex-20191001-csv/2904#111022508>				<https://panlex.org/snapshot/panlex-20191001-csv/2904#111022402>		"ikhemistiri"@xh	
"Ncha ya kusini"@swh	<https://panlex.org/snapshot/panlex-20191001-csv/2910#110855529>				<https://panlex.org/snapshot/panlex-20191001-csv/2910#110855558>		"incam yomZantsi"@xh	
"Ncha ya kaskazini"@swh	<https://panlex.org/snapshot/panlex-20191001-csv/2910#110854653>				<https://panlex.org/snapshot/panlex-20191001-csv/2910#110854655>		"incam yomNtla"@xh	
"Ikweta"@swh	<https://panlex.org/snapshot/panlex-20191001-csv/2910#110855148>				<https://panlex.org/snapshot/panlex-20191001-csv/2910#110855197>		"ikweyitha umda-mbindini"@xh	
"amani"@swh	<https://panlex.org/snapshot/panlex-20191001-csv/2902#111012041>				<https://panlex.org/snapshot/panlex-20191001-csv/2902#111012318>		"uxolo"@xh	
"salama"@swh	<https://panlex.org/snapshot/panlex-20191001-csv/2902#111011994>				<https://panlex.org/snapshot/panlex-20191001-csv/2902#111012318>		"uxolo"@xh	
"Bahari Nyeusi"@swh	<https://panlex.org/snapshot/panlex-20191001-csv/2905#110869198>				<https://panlex.org/snapshot/panlex-20191001-csv/2905#110869065>		"uLwandle oluMyama"@xh	
"Bahari ya Manjano"@swh	<https://panlex.org/snapshot/panlex-20191001-csv/2905#110871501>				<https://panlex.org/snapshot/panlex-20191001-csv/2905#110871597>		"uLwandle oluLubhelu"@xh	
"Bahari ya Mediteranea"@swh	<https://panlex.org/snapshot/panlex-20191001-csv/2905#110870419>				<https://panlex.org/snapshot/panlex-20191001-csv/2905#110870352>		"uLwandle lweMeditera"@xh	
"Bahari Nyeupe"@swh	<https://panlex.org/snapshot/panlex-20191001-csv/2905#110871402>				<https://panlex.org/snapshot/panlex-20191001-csv/2905#110871398>		"uLwandle oluMhlophe"@xh	
"Bahari ya Kati"@swh	<https://panlex.org/snapshot/panlex-20191001-csv/2905#110870306>				<https://panlex.org/snapshot/panlex-20191001-csv/2905#110870352>		"uLwandle lweMeditera"@xh	
"Bahari ya Chumvi"@swh	<https://panlex.org/snapshot/panlex-20191001-csv/2905#110870066>				<https://panlex.org/snapshot/panlex-20191001-csv/2905#110869899>		"uLwandle oluFileyo"@xh	
"Bahari ya Shamu"@swh	<https://panlex.org/snapshot/panlex-20191001-csv/2905#110870894>				<https://panlex.org/snapshot/panlex-20191001-csv/2905#110871118>		"uLwandle oluBomvu"@xh	
"Mshtarii"@swh	<https://panlex.org/snapshot/panlex-20191001-csv/2907#110846369>				<https://panlex.org/snapshot/panlex-20191001-csv/2907#110846466>		"uJupita"@xh	
"Jua"@swh	<https://panlex.org/snapshot/panlex-20191001-csv/2907#110844957>				<https://panlex.org/snapshot/panlex-20191001-csv/2907#110844868>		"iLanga"@xh	
"Pluto"@swh	<https://panlex.org/snapshot/panlex-20191001-csv/2907#110847273>				<https://panlex.org/snapshot/panlex-20191001-csv/2907#110847317>		"uPluto"@xh	
"Utaridi"@swh	<https://panlex.org/snapshot/panlex-20191001-csv/2907#110845254>				<https://panlex.org/snapshot/panlex-20191001-csv/2907#110845074>		"uMetyhuri"@xh	
"Dunia"@swh	<https://panlex.org/snapshot/panlex-20191001-csv/2907#110845641>				<https://panlex.org/snapshot/panlex-20191001-csv/2907#110845521>		"uMhlaba"@xh	
"Mwezi"@swh	<https://panlex.org/snapshot/panlex-20191001-csv/2907#110845858>				<https://panlex.org/snapshot/panlex-20191001-csv/2907#110845859>		"iNyanga"@xh	
"Zuhura"@swh	<https://panlex.org/snapshot/panlex-20191001-csv/2907#110845488>				<https://panlex.org/snapshot/panlex-20191001-csv/2907#110845406>		"uVenasi"@xh	
"Zohari"@swh	<https://panlex.org/snapshot/panlex-20191001-csv/2907#110846590>				<https://panlex.org/snapshot/panlex-20191001-csv/2907#110846688>		"iSateni"@xh	
"Meriki"@swh	<https://panlex.org/snapshot/panlex-20191001-csv/2907#110846025>				<https://panlex.org/snapshot/panlex-20191001-csv/2907#110846133>		"uMarsi"@xh	
"Neptun"@swh	<https://panlex.org/snapshot/panlex-20191001-csv/2907#110847063>				<https://panlex.org/snapshot/panlex-20191001-csv/2907#110847173>		"iNephthuni"@xh	
"Uranus"@swh	<https://panlex.org/snapshot/panlex-20191001-csv/2907#110846839>				<https://panlex.org/snapshot/panlex-20191001-csv/2907#110846818>		"uYurenasi"@xh	
"nyotamkia"@swh	<https://panlex.org/snapshot/panlex-20191001-csv/2907#110849142>				<https://panlex.org/snapshot/panlex-20191001-csv/2907#110849158>		"unomgca"@xh	
"Adamu na Hawa"@swh	<https://panlex.org/snapshot/panlex-20191001-csv/2906#111019145>				<https://panlex.org/snapshot/panlex-20191001-csv/2906#111019160>		"uAdam noEva"@xh	
"kitagalog"@swh	<https://panlex.org/snapshot/panlex-20191001-csv/5#25216>				<https://panlex.org/snapshot/panlex-20191001-csv/5#25231>		"isi-Tagalog"@xh	
"kifrisia"@swh	<https://panlex.org/snapshot/panlex-20191001-csv/5#24801>				<https://panlex.org/snapshot/panlex-20191001-csv/5#24816>		"isi-Frisian"@xh	
"kisindhi"@swh	<https://panlex.org/snapshot/panlex-20191001-csv/5#27456>				<https://panlex.org/snapshot/panlex-20191001-csv/5#27470>		"Sindhi"@xh	
"kikurdi"@swh	<https://panlex.org/snapshot/panlex-20191001-csv/5#21661>				<https://panlex.org/snapshot/panlex-20191001-csv/5#21678>		"isi-Kurdish"@xh	
"kiindonesia"@swh	<https://panlex.org/snapshot/panlex-20191001-csv/5#21563>				<https://panlex.org/snapshot/panlex-20191001-csv/5#21581>		"isi-Indonesian"@xh	
"kikatalan"@swh	<https://panlex.org/snapshot/panlex-20191001-csv/5#27556>				<https://panlex.org/snapshot/panlex-20191001-csv/5#27573>		"isi-Calatan"@xh	
"kiyidish"@swh	<https://panlex.org/snapshot/panlex-20191001-csv/5#22262>				<https://panlex.org/snapshot/panlex-20191001-csv/5#22278>		"Yiddish"@xh	
"kituruki"@swh	<https://panlex.org/snapshot/panlex-20191001-csv/5#26747>				<https://panlex.org/snapshot/panlex-20191001-csv/5#26767>		"isi-Turkish"@xh	
"kibaski"@swh	<https://panlex.org/snapshot/panlex-20191001-csv/5#25521>				<https://panlex.org/snapshot/panlex-20191001-csv/5#25537>		"isi-Basque"@xh	
"kifaroe"@swh	<https://panlex.org/snapshot/panlex-20191001-csv/5#20403>				<https://panlex.org/snapshot/panlex-20191001-csv/5#20420>		"isi-Faroese"@xh	
"kinorwei"@swh	<https://panlex.org/snapshot/panlex-20191001-csv/5#21256>				<https://panlex.org/snapshot/panlex-20191001-csv/5#21276>		"isi-Norwegian"@xh	
"kiafrikans"@swh	<https://panlex.org/snapshot/panlex-20191001-csv/5#20615>				<https://panlex.org/snapshot/panlex-20191001-csv/5#20631>		"isiBhulu"@xh	
"kiuzbeki"@swh	<https://panlex.org/snapshot/panlex-20191001-csv/5#22362>				<https://panlex.org/snapshot/panlex-20191001-csv/5#22379>		"isi-Uzbek"@xh	
"kifaransa"@swh	<https://panlex.org/snapshot/panlex-20191001-csv/5#27864>				<https://panlex.org/snapshot/panlex-20191001-csv/5#27884>		"isi-French"@xh	
"kimalta"@swh	<https://panlex.org/snapshot/panlex-20191001-csv/5#25008>				<https://panlex.org/snapshot/panlex-20191001-csv/5#25026>		"isi-Maltese"@xh	
"kihindi"@swh	<https://panlex.org/snapshot/panlex-20191001-csv/5#20304>				<https://panlex.org/snapshot/panlex-20191001-csv/5#20321>		"isi-Hindi"@xh	
"Kijerumani"@swh	<https://panlex.org/snapshot/panlex-20191001-csv/5#20723>				<https://panlex.org/snapshot/panlex-20191001-csv/5#20750>		"isiJamani"@xh	
"kiromania"@swh	<https://panlex.org/snapshot/panlex-20191001-csv/5#27261>				<https://panlex.org/snapshot/panlex-20191001-csv/5#27278>		"isi-Romanian"@xh	
"kibreton"@swh	<https://panlex.org/snapshot/panlex-20191001-csv/5#22065>				<https://panlex.org/snapshot/panlex-20191001-csv/5#22081>		"isi-Breton"@xh	
"kislovakia"@swh	<https://panlex.org/snapshot/panlex-20191001-csv/5#25317>				<https://panlex.org/snapshot/panlex-20191001-csv/5#25333>		"isi-Slovak"@xh	
"kithailand"@swh	<https://panlex.org/snapshot/panlex-20191001-csv/5#24092>				<https://panlex.org/snapshot/panlex-20191001-csv/5#24110>		"isi-Thai"@xh	
"kiurdu"@swh	<https://panlex.org/snapshot/panlex-20191001-csv/5#26121>				<https://panlex.org/snapshot/panlex-20191001-csv/5#26138>		"Urdu"@xh	
"kidenmarki"@swh	<https://panlex.org/snapshot/panlex-20191001-csv/5#20943>				<https://panlex.org/snapshot/panlex-20191001-csv/5#20961>		"isi-Danish"@xh	
"Kijeremani"@swh	<https://panlex.org/snapshot/panlex-20191001-csv/5#20725>				<https://panlex.org/snapshot/panlex-20191001-csv/5#20750>		"isiJamani"@xh	
"kibosnia"@swh	<https://panlex.org/snapshot/panlex-20191001-csv/5#23578>				<https://panlex.org/snapshot/panlex-20191001-csv/5#23593>		"isi-Bosnia"@xh	
"kiazabaijani"@swh	<https://panlex.org/snapshot/panlex-20191001-csv/5#22565>				<https://panlex.org/snapshot/panlex-20191001-csv/5#22583>		"isi-Azerbaijani"@xh	
"kiamhara"@swh	<https://panlex.org/snapshot/panlex-20191001-csv/5#22163>				<https://panlex.org/snapshot/panlex-20191001-csv/5#22178>		"isi-Amharic"@xh	
"kihispania"@swh	<https://panlex.org/snapshot/panlex-20191001-csv/5#26339>				<https://panlex.org/snapshot/panlex-20191001-csv/5#26357>		"isi-Spanish"@xh	
"kiitaliano"@swh	<https://panlex.org/snapshot/panlex-20191001-csv/5#23681>				<https://panlex.org/snapshot/panlex-20191001-csv/5#23701>		"isi-Italian"@xh	
"kimarathi"@swh	<https://panlex.org/snapshot/panlex-20191001-csv/5#25815>				<https://panlex.org/snapshot/panlex-20191001-csv/5#25832>		"isi-Marathi"@xh	
"kimalaysia"@swh	<https://panlex.org/snapshot/panlex-20191001-csv/5#21962>				<https://panlex.org/snapshot/panlex-20191001-csv/5#21980>		"isi-Malay"@xh	
"kinepali"@swh	<https://panlex.org/snapshot/panlex-20191001-csv/5#27658>				<https://panlex.org/snapshot/panlex-20191001-csv/5#27674>		"isi-Nepali"@xh	
"kilatvia"@swh	<https://panlex.org/snapshot/panlex-20191001-csv/5#23990>				<https://panlex.org/snapshot/panlex-20191001-csv/5#24007>		"isi-Latvian"@xh	
"kiajemi"@swh	<https://panlex.org/snapshot/panlex-20191001-csv/5#23788>				<https://panlex.org/snapshot/panlex-20191001-csv/5#23804>		"isi-Persia"@xh	
"kifinlandi"@swh	<https://panlex.org/snapshot/panlex-20191001-csv/5#25418>				<https://panlex.org/snapshot/panlex-20191001-csv/5#25436>		"isi-Finnish"@xh	
"kicheki"@swh	<https://panlex.org/snapshot/panlex-20191001-csv/5#22763>				<https://panlex.org/snapshot/panlex-20191001-csv/5#22780>		"isi-Czech"@xh	
"kiesperanto"@swh	<https://panlex.org/snapshot/panlex-20191001-csv/5#20836>				<https://panlex.org/snapshot/panlex-20191001-csv/5#20857>		"isi-Esperanto"@xh	
"kisweden"@swh	<https://panlex.org/snapshot/panlex-20191001-csv/5#27059>				<https://panlex.org/snapshot/panlex-20191001-csv/5#27077>		"isi-Swedish"@xh	
"kijava"@swh	<https://panlex.org/snapshot/panlex-20191001-csv/5#27160>				<https://panlex.org/snapshot/panlex-20191001-csv/5#27176>		"isi-Javanese"@xh	
"kiholanzi"@swh	<https://panlex.org/snapshot/panlex-20191001-csv/5#24296>				<https://panlex.org/snapshot/panlex-20191001-csv/5#24314>		"isi-Dutch"@xh	
"kiingereza"@swh	<https://panlex.org/snapshot/panlex-20191001-csv/5#28680>				<https://panlex.org/snapshot/panlex-20191001-csv/5#28698>		"isiNgesi"@xh	
"kisomali"@swh	<https://panlex.org/snapshot/panlex-20191001-csv/5#25716>				<https://panlex.org/snapshot/panlex-20191001-csv/5#25732>		"isi-Somali"@xh	
"kibengali"@swh	<https://panlex.org/snapshot/panlex-20191001-csv/5#26958>				<https://panlex.org/snapshot/panlex-20191001-csv/5#26977>		"isi-Bengali"@xh	
"kirusi"@swh	<https://panlex.org/snapshot/panlex-20191001-csv/5#23173>				<https://panlex.org/snapshot/panlex-20191001-csv/5#23193>		"isi-Russian"@xh	
"kichina"@swh	<https://panlex.org/snapshot/panlex-20191001-csv/5#24904>				<https://panlex.org/snapshot/panlex-20191001-csv/5#24924>		"isi-Chinese"@xh	
"kialbania"@swh	<https://panlex.org/snapshot/panlex-20191001-csv/5#21766>				<https://panlex.org/snapshot/panlex-20191001-csv/5#21783>		"isi-Albania"@xh	
"kiestonia"@swh	<https://panlex.org/snapshot/panlex-20191001-csv/5#26648>				<https://panlex.org/snapshot/panlex-20191001-csv/5#26665>		"isi-Estonian"@xh	
"kitamil"@swh	<https://panlex.org/snapshot/panlex-20191001-csv/5#28171>				<https://panlex.org/snapshot/panlex-20191001-csv/5#28189>		"isi-Tamil"@xh	
"kimasedonia"@swh	<https://panlex.org/snapshot/panlex-20191001-csv/5#23889>				<https://panlex.org/snapshot/panlex-20191001-csv/5#23906>		"isi-Macedonian"@xh	
"kibulgaria"@swh	<https://panlex.org/snapshot/panlex-20191001-csv/5#21459>				<https://panlex.org/snapshot/panlex-20191001-csv/5#21477>		"isi-Bulgaria"@xh	
"kimalayalam"@swh	<https://panlex.org/snapshot/panlex-20191001-csv/5#27759>				<https://panlex.org/snapshot/panlex-20191001-csv/5#27774>		"isi-Malayalam"@xh	
"kireno"@swh	<https://panlex.org/snapshot/panlex-20191001-csv/5#23069>				<https://panlex.org/snapshot/panlex-20191001-csv/5#23087>		"isi-Portuguese"@xh	
"kikorea"@swh	<https://panlex.org/snapshot/panlex-20191001-csv/5#28067>				<https://panlex.org/snapshot/panlex-20191001-csv/5#28087>		"isi-Korean"@xh	
"kiserbia"@swh	<https://panlex.org/snapshot/panlex-20191001-csv/5#21357>				<https://panlex.org/snapshot/panlex-20191001-csv/5#21375>		"isi-Serbia"@xh	
"kijapani"@swh	<https://panlex.org/snapshot/panlex-20191001-csv/5#21045>				<https://panlex.org/snapshot/panlex-20191001-csv/5#21063>		"isi-Japanese"@xh	
"kiukrania"@swh	<https://panlex.org/snapshot/panlex-20191001-csv/5#20199>				<https://panlex.org/snapshot/panlex-20191001-csv/5#20216>		"isi-Ukranian"@xh	
"kiaislandi"@swh	<https://panlex.org/snapshot/panlex-20191001-csv/5#23277>				<https://panlex.org/snapshot/panlex-20191001-csv/5#23294>		"isi-Icelandic"@xh	
"kijiojia"@swh	<https://panlex.org/snapshot/panlex-20191001-csv/5#28370>				<https://panlex.org/snapshot/panlex-20191001-csv/5#28386>		"isi-Georgia"@xh	
"kipolandi"@swh	<https://panlex.org/snapshot/panlex-20191001-csv/5#20508>				<https://panlex.org/snapshot/panlex-20191001-csv/5#20526>		"isi-Polish"@xh	
"kikroeshia"@swh	<https://panlex.org/snapshot/panlex-20191001-csv/5#22962>				<https://panlex.org/snapshot/panlex-20191001-csv/5#22982>		"isi-Croatia"@xh	
"kiswahili"@swh	<https://panlex.org/snapshot/panlex-20191001-csv/5#21867>				<https://panlex.org/snapshot/panlex-20191001-csv/5#21880>		"isi-Swahili"@xh	
"kisinhali"@swh	<https://panlex.org/snapshot/panlex-20191001-csv/5#24194>				<https://panlex.org/snapshot/panlex-20191001-csv/5#24209>		"isi-Sinhalese"@xh	
"kiskotlandi"@swh	<https://panlex.org/snapshot/panlex-20191001-csv/5#24498>				<https://panlex.org/snapshot/panlex-20191001-csv/5#24514>		"isi-Scots Gaelic"@xh	
"kiarabu"@swh	<https://panlex.org/snapshot/panlex-20191001-csv/5#20098>				<https://panlex.org/snapshot/panlex-20191001-csv/5#20118>		"isi-Arabu"@xh	
"kitelugu"@swh	<https://panlex.org/snapshot/panlex-20191001-csv/5#28472>				<https://panlex.org/snapshot/panlex-20191001-csv/5#28490>		"isi-Telegu"@xh	
"kibelarusi"@swh	<https://panlex.org/snapshot/panlex-20191001-csv/5#25918>				<https://panlex.org/snapshot/panlex-20191001-csv/5#25934>		"isi-Belarusian"@xh	
"kigalisia"@swh	<https://panlex.org/snapshot/panlex-20191001-csv/5#22461>				<https://panlex.org/snapshot/panlex-20191001-csv/5#22475>		"isi-Gallegan"@xh	
"kigiriki"@swh	<https://panlex.org/snapshot/panlex-20191001-csv/5#26446>				<https://panlex.org/snapshot/panlex-20191001-csv/5#26464>		"isi-Greek"@xh	
"kihungari"@swh	<https://panlex.org/snapshot/panlex-20191001-csv/5#25113>				<https://panlex.org/snapshot/panlex-20191001-csv/5#25132>		"isi-Hungarian"@xh	
"kikannada"@swh	<https://panlex.org/snapshot/panlex-20191001-csv/5#24599>				<https://panlex.org/snapshot/panlex-20191001-csv/5#24614>		"isi-Kannada"@xh	
"kislovenia"@swh	<https://panlex.org/snapshot/panlex-20191001-csv/5#24700>				<https://panlex.org/snapshot/panlex-20191001-csv/5#24716>		"isi-Slovenian"@xh	
"kitigrinya"@swh	<https://panlex.org/snapshot/panlex-20191001-csv/5#22863>				<https://panlex.org/snapshot/panlex-20191001-csv/5#22878>		"isi-Tigrinya"@xh	
"kirumi"@swh	<https://panlex.org/snapshot/panlex-20191001-csv/5#21150>				<https://panlex.org/snapshot/panlex-20191001-csv/5#21168>		"isi-Latin"@xh	
"kivietnam"@swh	<https://panlex.org/snapshot/panlex-20191001-csv/5#26849>				<https://panlex.org/snapshot/panlex-20191001-csv/5#26867>		"isi-Vietnamese"@xh	
"kiyahudi"@swh	<https://panlex.org/snapshot/panlex-20191001-csv/5#24402>				<https://panlex.org/snapshot/panlex-20191001-csv/5#24418>		"isi-Hebrew"@xh	
"kiairish"@swh	<https://panlex.org/snapshot/panlex-20191001-csv/5#26233>				<https://panlex.org/snapshot/panlex-20191001-csv/5#26250>		"isi-Irish"@xh	
"Kidachi"@swh	<https://panlex.org/snapshot/panlex-20191001-csv/5#20724>				<https://panlex.org/snapshot/panlex-20191001-csv/5#20750>		"isiJamani"@xh	
"kiwelsh"@swh	<https://panlex.org/snapshot/panlex-20191001-csv/5#23376>				<https://panlex.org/snapshot/panlex-20191001-csv/5#23392>		"isi-Welsh"@xh	
"kilithuania"@swh	<https://panlex.org/snapshot/panlex-20191001-csv/5#27362>				<https://panlex.org/snapshot/panlex-20191001-csv/5#27379>		"isi-Lithuanian"@xh	
"kimongolia"@swh	<https://panlex.org/snapshot/panlex-20191001-csv/5#22664>				<https://panlex.org/snapshot/panlex-20191001-csv/5#22679>		"isi-Mongolian"@xh	
"kipunjabi"@swh	<https://panlex.org/snapshot/panlex-20191001-csv/5#26022>				<https://panlex.org/snapshot/panlex-20191001-csv/5#26037>		"isi-Punjabi"@xh	
"Uhindi"@swh	<https://panlex.org/snapshot/panlex-20191001-csv/10#580214>				<https://panlex.org/snapshot/panlex-20191001-csv/10#580254>		"i-Indiya"@xh	
"sabuni"@swh	<https://panlex.org/snapshot/panlex-20191001-csv/10#587346>				<https://panlex.org/snapshot/panlex-20191001-csv/10#587351>		"isepha"@xh	
"wingu"@swh	<https://panlex.org/snapshot/panlex-20191001-csv/15#957170>				<https://panlex.org/snapshot/panlex-20191001-csv/15#957178>		"sibekela"@xh	
"maji"@swh	<https://panlex.org/snapshot/panlex-20191001-csv/11#787739>				<https://panlex.org/snapshot/panlex-20191001-csv/11#787773>		"nzi"@xh	
"simba"@swh	<https://panlex.org/snapshot/panlex-20191001-csv/11#795887>				<https://panlex.org/snapshot/panlex-20191001-csv/11#795893>		"ingonyama"@xh	
"kipepeo"@swh	<https://panlex.org/snapshot/panlex-20191001-csv/11#789751>				<https://panlex.org/snapshot/panlex-20191001-csv/11#789760>		"ibhabhathane"@xh	
"kuomba"@swh	<https://panlex.org/snapshot/panlex-20191001-csv/13#945384>				<https://panlex.org/snapshot/panlex-20191001-csv/13#945387>		"ukucela"@xh	
"kuuliza"@swh	<https://panlex.org/snapshot/panlex-20191001-csv/13#945359>				<https://panlex.org/snapshot/panlex-20191001-csv/13#945362>		"ukubuza"@xh	
"kamusi"@swh	<https://panlex.org/snapshot/panlex-20191001-csv/13#945255>				<https://panlex.org/snapshot/panlex-20191001-csv/13#945265>		"idikshinari"@xh	
"Msalaba Mwekundu"@swh	<https://panlex.org/snapshot/panlex-20191001-csv/2894#111101625>				<https://panlex.org/snapshot/panlex-20191001-csv/2894#111101651>		"uMnqamlezo oBomvu"@xh	
"Jumamosi"@swh	<https://panlex.org/snapshot/panlex-20191001-csv/2892#110826190>				<https://panlex.org/snapshot/panlex-20191001-csv/2892#110826133>		"uMgqibelo"@xh	
"Jumanne"@swh	<https://panlex.org/snapshot/panlex-20191001-csv/2892#110824428>				<https://panlex.org/snapshot/panlex-20191001-csv/2892#110824517>		"uLwesibini"@xh	
"Jumapili"@swh	<https://panlex.org/snapshot/panlex-20191001-csv/2892#110826795>				<https://panlex.org/snapshot/panlex-20191001-csv/2892#110826827>		"iCawe"@xh	
"Ijumaa"@swh	<https://panlex.org/snapshot/panlex-20191001-csv/2892#110826041>				<https://panlex.org/snapshot/panlex-20191001-csv/2892#110825796>		"uLwesihlanu"@xh	
"Jumatano"@swh	<https://panlex.org/snapshot/panlex-20191001-csv/2892#110825206>				<https://panlex.org/snapshot/panlex-20191001-csv/2892#110825185>		"uLwesithathu"@xh	
"Alhamisi"@swh	<https://panlex.org/snapshot/panlex-20191001-csv/2892#110825333>				<https://panlex.org/snapshot/panlex-20191001-csv/2892#110825654>		"uLwesine"@xh	
"Jumatatu"@swh	<https://panlex.org/snapshot/panlex-20191001-csv/2892#110824106>				<https://panlex.org/snapshot/panlex-20191001-csv/2892#110824069>		"uMvulo"@xh	
"Tamuzi"@swh	<https://panlex.org/snapshot/panlex-20191001-csv/2898#110833872>				<https://panlex.org/snapshot/panlex-20191001-csv/2898#110833925>		"uTamuzi"@xh	
"Abi"@swh	<https://panlex.org/snapshot/panlex-20191001-csv/2898#110833977>				<https://panlex.org/snapshot/panlex-20191001-csv/2898#110833983>		"uAbhi"@xh	
"Kisleu"@swh	<https://panlex.org/snapshot/panlex-20191001-csv/2898#110834276>				<https://panlex.org/snapshot/panlex-20191001-csv/2898#110834279>		"uKislevu"@xh	
"Adari"@swh	<https://panlex.org/snapshot/panlex-20191001-csv/2898#110834480>				<https://panlex.org/snapshot/panlex-20191001-csv/2898#110834487>		"uAdari"@xh	
"Nisani"@swh	<https://panlex.org/snapshot/panlex-20191001-csv/2898#110833687>				<https://panlex.org/snapshot/panlex-20191001-csv/2898#110833737>		"uNisan"@xh	
"Siwani"@swh	<https://panlex.org/snapshot/panlex-20191001-csv/2898#110833835>				<https://panlex.org/snapshot/panlex-20191001-csv/2898#110833863>		"uSivan"@xh	
"Iyari"@swh	<https://panlex.org/snapshot/panlex-20191001-csv/2898#110833781>				<https://panlex.org/snapshot/panlex-20191001-csv/2898#110833748>		"uIyari"@xh	
"Eluli"@swh	<https://panlex.org/snapshot/panlex-20191001-csv/2898#110834006>				<https://panlex.org/snapshot/panlex-20191001-csv/2898#110833993>		"uEluli"@xh	
"Marheshwani"@swh	<https://panlex.org/snapshot/panlex-20191001-csv/2898#110834168>				<https://panlex.org/snapshot/panlex-20191001-csv/2898#110834210>		"uMaheshvan"@xh	
"Marheshwani"@swh	<https://panlex.org/snapshot/panlex-20191001-csv/2898#110834168>				<https://panlex.org/snapshot/panlex-20191001-csv/2898#110834119>		"uHeshvan"@xh	
"Shebati"@swh	<https://panlex.org/snapshot/panlex-20191001-csv/2898#110834410>				<https://panlex.org/snapshot/panlex-20191001-csv/2898#110834386>		"uShebhati"@xh	
"Tebethi"@swh	<https://panlex.org/snapshot/panlex-20191001-csv/2898#110834312>				<https://panlex.org/snapshot/panlex-20191001-csv/2898#110834324>		"uTebhete"@xh	
"Heshwani"@swh	<https://panlex.org/snapshot/panlex-20191001-csv/2898#110834236>				<https://panlex.org/snapshot/panlex-20191001-csv/2898#110834210>		"uMaheshvan"@xh	
"Heshwani"@swh	<https://panlex.org/snapshot/panlex-20191001-csv/2898#110834236>				<https://panlex.org/snapshot/panlex-20191001-csv/2898#110834119>		"uHeshvan"@xh	
"Tishri"@swh	<https://panlex.org/snapshot/panlex-20191001-csv/2898#110834091>				<https://panlex.org/snapshot/panlex-20191001-csv/2898#110834058>		"uTisheri"@xh	
"Julai"@swh	<https://panlex.org/snapshot/panlex-20191001-csv/2897#110829732>				<https://panlex.org/snapshot/panlex-20191001-csv/2897#110829851>		"eyeKhala"@xh	
"Julai"@swh	<https://panlex.org/snapshot/panlex-20191001-csv/2897#110829732>				<https://panlex.org/snapshot/panlex-20191001-csv/2897#110829617>		"uJulayi"@xh	
"Januari"@swh	<https://panlex.org/snapshot/panlex-20191001-csv/2897#110827264>				<https://panlex.org/snapshot/panlex-20191001-csv/2897#110827335>		"uJanuwari"@xh	
"Januari"@swh	<https://panlex.org/snapshot/panlex-20191001-csv/2897#110827264>				<https://panlex.org/snapshot/panlex-20191001-csv/2897#110827060>		"eyoMqungu"@xh	
"Juni"@swh	<https://panlex.org/snapshot/panlex-20191001-csv/2897#110829366>				<https://panlex.org/snapshot/panlex-20191001-csv/2897#110829083>		"uJuni"@xh	
"Juni"@swh	<https://panlex.org/snapshot/panlex-20191001-csv/2897#110829366>				<https://panlex.org/snapshot/panlex-20191001-csv/2897#110829403>		"eyeSilimela"@xh	
"Agosti"@swh	<https://panlex.org/snapshot/panlex-20191001-csv/2897#110830285>				<https://panlex.org/snapshot/panlex-20191001-csv/2897#110830108>		"uAgasti"@xh	
"Agosti"@swh	<https://panlex.org/snapshot/panlex-20191001-csv/2897#110830285>				<https://panlex.org/snapshot/panlex-20191001-csv/2897#110830034>		"eyeThupha"@xh	
"Septemba"@swh	<https://panlex.org/snapshot/panlex-20191001-csv/2897#110830504>				<https://panlex.org/snapshot/panlex-20191001-csv/2897#110830587>		"eyoMsintsi"@xh	
"Septemba"@swh	<https://panlex.org/snapshot/panlex-20191001-csv/2897#110830504>				<https://panlex.org/snapshot/panlex-20191001-csv/2897#110830382>		"uSeptemba"@xh	
"Mei"@swh	<https://panlex.org/snapshot/panlex-20191001-csv/2897#110828758>				<https://panlex.org/snapshot/panlex-20191001-csv/2897#110828750>		"uCanzibe"@xh	
"Mei"@swh	<https://panlex.org/snapshot/panlex-20191001-csv/2897#110828758>				<https://panlex.org/snapshot/panlex-20191001-csv/2897#110828744>		"uMeyi"@xh	
"Oktoba"@swh	<https://panlex.org/snapshot/panlex-20191001-csv/2897#110830833>				<https://panlex.org/snapshot/panlex-20191001-csv/2897#110830792>		"eyeDwarha"@xh	
"Oktoba"@swh	<https://panlex.org/snapshot/panlex-20191001-csv/2897#110830833>				<https://panlex.org/snapshot/panlex-20191001-csv/2897#110830876>		"uOktobha"@xh	
"Novemba"@swh	<https://panlex.org/snapshot/panlex-20191001-csv/2897#110831460>				<https://panlex.org/snapshot/panlex-20191001-csv/2897#110831145>		"eyeNkanga"@xh	
"Novemba"@swh	<https://panlex.org/snapshot/panlex-20191001-csv/2897#110831460>				<https://panlex.org/snapshot/panlex-20191001-csv/2897#110831435>		"uNovemba"@xh	
"Desemba"@swh	<https://panlex.org/snapshot/panlex-20191001-csv/2897#110831634>				<https://panlex.org/snapshot/panlex-20191001-csv/2897#110831573>		"eyomNga"@xh	
"Desemba"@swh	<https://panlex.org/snapshot/panlex-20191001-csv/2897#110831634>				<https://panlex.org/snapshot/panlex-20191001-csv/2897#110831905>		"uDisemba"@xh	
"Aprili"@swh	<https://panlex.org/snapshot/panlex-20191001-csv/2897#110828536>				<https://panlex.org/snapshot/panlex-20191001-csv/2897#110828563>		"uEpreli"@xh	
"Aprili"@swh	<https://panlex.org/snapshot/panlex-20191001-csv/2897#110828536>				<https://panlex.org/snapshot/panlex-20191001-csv/2897#110828401>		"uAprili"@xh	
"Aprili"@swh	<https://panlex.org/snapshot/panlex-20191001-csv/2897#110828536>				<https://panlex.org/snapshot/panlex-20191001-csv/2897#110828558>		"uTshazimpunzi"@xh	
"Februari"@swh	<https://panlex.org/snapshot/panlex-20191001-csv/2897#110827804>				<https://panlex.org/snapshot/panlex-20191001-csv/2897#110827825>		"uFebhruwari"@xh	
"Februari"@swh	<https://panlex.org/snapshot/panlex-20191001-csv/2897#110827804>				<https://panlex.org/snapshot/panlex-20191001-csv/2897#110827681>		"eyoMdumba"@xh	
"Februari"@swh	<https://panlex.org/snapshot/panlex-20191001-csv/2897#110827804>				<https://panlex.org/snapshot/panlex-20191001-csv/2897#110827712>		"uFebruwari"@xh	
"Machi"@swh	<https://panlex.org/snapshot/panlex-20191001-csv/2897#110827891>				<https://panlex.org/snapshot/panlex-20191001-csv/2897#110827876>		"uMatshi"@xh	
"Machi"@swh	<https://panlex.org/snapshot/panlex-20191001-csv/2897#110827891>				<https://panlex.org/snapshot/panlex-20191001-csv/2897#110827941>		"eyoKwindla"@xh	
"Amerika"@swh	<https://panlex.org/snapshot/panlex-20191001-csv/2891#110853283>				<https://panlex.org/snapshot/panlex-20191001-csv/2891#110853310>		"iMerika"@xh	
"Antaktika"@swh	<https://panlex.org/snapshot/panlex-20191001-csv/2891#110853692>				<https://panlex.org/snapshot/panlex-20191001-csv/2891#110853637>		"iAntarktika"@xh	
"Asia"@swh	<https://panlex.org/snapshot/panlex-20191001-csv/2891#110853958>				<https://panlex.org/snapshot/panlex-20191001-csv/2891#110853979>		"iAsiya"@xh	
"Afrika"@swh	<https://panlex.org/snapshot/panlex-20191001-csv/2891#110853199>				<https://panlex.org/snapshot/panlex-20191001-csv/2891#110853259>		"iAfrika"@xh	
