"Afeganistan"@mwl	<https://panlex.org/snapshot/panlex-20191001-csv/5947#84579213>				<https://panlex.org/snapshot/panlex-20191001-csv/5947#84579116>		"ئەفغانستان"@ckb	
"Naciones Ounidas"@mwl	<https://panlex.org/snapshot/panlex-20191001-csv/5940#81285972>				<https://panlex.org/snapshot/panlex-20191001-csv/5940#81285904>		"نەتەوە یەکگرتووەکان"@ckb	
"speilho"@mwl	<https://panlex.org/snapshot/panlex-20191001-csv/5946#84446262>				<https://panlex.org/snapshot/panlex-20191001-csv/5946#84446148>		"ئاوێنه"@ckb	
"Oustrália"@mwl	<https://panlex.org/snapshot/panlex-20191001-csv/5949#85298186>				<https://panlex.org/snapshot/panlex-20191001-csv/5949#85298092>		"ئۆسترالیا"@ckb	
"Fráncia"@mwl	<https://panlex.org/snapshot/panlex-20191001-csv/5949#85323630>				<https://panlex.org/snapshot/panlex-20191001-csv/5949#85323551>		"فهرهنسا"@ckb	
"Bíblia"@mwl	<https://panlex.org/snapshot/panlex-20191001-csv/5949#85302741>				<https://panlex.org/snapshot/panlex-20191001-csv/5949#85302655>		"کتێبی پیرۆز"@ckb	
"Alcoron"@mwl	<https://panlex.org/snapshot/panlex-20191001-csv/5949#85313452>				<https://panlex.org/snapshot/panlex-20191001-csv/5949#85313390>		"قورئان"@ckb	
"mar"@mwl	<https://panlex.org/snapshot/panlex-20191001-csv/5942#83283246>				<https://panlex.org/snapshot/panlex-20191001-csv/5942#83283190>		"زەریا"@ckb	
"stória"@mwl	<https://panlex.org/snapshot/panlex-20191001-csv/5942#83282292>				<https://panlex.org/snapshot/panlex-20191001-csv/5942#83282228>		"مێژوو"@ckb	
"auga"@mwl	<https://panlex.org/snapshot/panlex-20191001-csv/12#851071>				<https://panlex.org/snapshot/panlex-20191001-csv/12#850882>		"ئاو"@ckb	
"auga"@mwl	<https://panlex.org/snapshot/panlex-20191001-csv/12#851071>				<https://panlex.org/snapshot/panlex-20191001-csv/12#850881>		"aw"@ckb	
"auga"@mwl	<https://panlex.org/snapshot/panlex-20191001-csv/11#787672>				<https://panlex.org/snapshot/panlex-20191001-csv/11#787525>		"ئاو"@ckb	
"auga"@mwl	<https://panlex.org/snapshot/panlex-20191001-csv/11#787672>				<https://panlex.org/snapshot/panlex-20191001-csv/11#787524>		"aw"@ckb	
