"auga"@mwl	<https://panlex.org/snapshot/panlex-20191001-csv/5947#84886513>				<https://panlex.org/snapshot/panlex-20191001-csv/5947#84886501>		"яд"@lez	
"Afeganistan"@mwl	<https://panlex.org/snapshot/panlex-20191001-csv/5947#84579213>				<https://panlex.org/snapshot/panlex-20191001-csv/5947#84579198>		"Афганистан"@lez	
"speilho"@mwl	<https://panlex.org/snapshot/panlex-20191001-csv/5946#84446262>				<https://panlex.org/snapshot/panlex-20191001-csv/5946#84446241>		"гуьзгуь"@lez	
"Berlin"@mwl	<https://panlex.org/snapshot/panlex-20191001-csv/5949#85302488>				<https://panlex.org/snapshot/panlex-20191001-csv/5949#85302472>		"Берлин"@lez	
"Fráncia"@mwl	<https://panlex.org/snapshot/panlex-20191001-csv/5949#85323630>				<https://panlex.org/snapshot/panlex-20191001-csv/5949#85323615>		"Франция"@lez	
"Jarusalen"@mwl	<https://panlex.org/snapshot/panlex-20191001-csv/5949#85309984>				<https://panlex.org/snapshot/panlex-20191001-csv/5949#85309971>		"Иерусалим"@lez	
"agost"@mwl	<https://panlex.org/snapshot/panlex-20191001-csv/5949#85329439>				<https://panlex.org/snapshot/panlex-20191001-csv/5949#85329415>		"пахун"@lez	
"agost"@mwl	<https://panlex.org/snapshot/panlex-20191001-csv/5949#85329439>				<https://panlex.org/snapshot/panlex-20191001-csv/5949#85329414>		"август"@lez	
"Ouropa"@mwl	<https://panlex.org/snapshot/panlex-20191001-csv/5949#85308594>				<https://panlex.org/snapshot/panlex-20191001-csv/5949#85308581>		"Европа"@lez	
"mar"@mwl	<https://panlex.org/snapshot/panlex-20191001-csv/5942#83283246>				<https://panlex.org/snapshot/panlex-20191001-csv/5942#83283234>		"гьуьл"@lez	
