"Panonpoé"@su	<https://panlex.org/snapshot/panlex-20191001-csv/5949#85320989>				<https://panlex.org/snapshot/panlex-20191001-csv/5949#85320892>		"Нюлтэн"@eve	
"Agustus"@su	<https://panlex.org/snapshot/panlex-20191001-csv/5949#85329508>				<https://panlex.org/snapshot/panlex-20191001-csv/5949#85329327>		"ойчири чордакич"@eve	
"Agustus"@su	<https://panlex.org/snapshot/panlex-20191001-csv/5949#85329508>				<https://panlex.org/snapshot/panlex-20191001-csv/5949#85329328>		"август"@eve	
"Panonpoé"@su	<https://panlex.org/snapshot/panlex-20191001-csv/2907#110844917>				<https://panlex.org/snapshot/panlex-20191001-csv/2907#110845045>		"Нюлтэн"@eve	
"Ceres"@su	<https://panlex.org/snapshot/panlex-20191001-csv/2907#110846281>				<https://panlex.org/snapshot/panlex-20191001-csv/2907#110846283>		"Церера"@eve	
"Makemake"@su	<https://panlex.org/snapshot/panlex-20191001-csv/2907#110847697>				<https://panlex.org/snapshot/panlex-20191001-csv/2907#110847668>		"Макемаке"@eve	
"Mérkurius"@su	<https://panlex.org/snapshot/panlex-20191001-csv/2907#110845203>				<https://panlex.org/snapshot/panlex-20191001-csv/2907#110845097>		"Меркурий"@eve	
"Mars"@su	<https://panlex.org/snapshot/panlex-20191001-csv/2907#110846074>				<https://panlex.org/snapshot/panlex-20191001-csv/2907#110846033>		"Марс"@eve	
"Uranus"@su	<https://panlex.org/snapshot/panlex-20191001-csv/2907#110846859>				<https://panlex.org/snapshot/panlex-20191001-csv/2907#110846889>		"Уран"@eve	
"Néptunus"@su	<https://panlex.org/snapshot/panlex-20191001-csv/2907#110847182>				<https://panlex.org/snapshot/panlex-20191001-csv/2907#110847068>		"Нептун"@eve	
"Pluto"@su	<https://panlex.org/snapshot/panlex-20191001-csv/2907#110847238>				<https://panlex.org/snapshot/panlex-20191001-csv/2907#110847349>		"Плутон"@eve	
"Saturnus"@su	<https://panlex.org/snapshot/panlex-20191001-csv/2907#110846626>				<https://panlex.org/snapshot/panlex-20191001-csv/2907#110846772>		"Сатурн"@eve	
"Marcapada"@su	<https://panlex.org/snapshot/panlex-20191001-csv/2907#110845710>				<https://panlex.org/snapshot/panlex-20191001-csv/2907#110845549>		"Тур"@eve	
"Bulan"@su	<https://panlex.org/snapshot/panlex-20191001-csv/2907#110845833>				<https://panlex.org/snapshot/panlex-20191001-csv/2907#110845749>		"Бег"@eve	
"Yupiter"@su	<https://panlex.org/snapshot/panlex-20191001-csv/2907#110846535>				<https://panlex.org/snapshot/panlex-20191001-csv/2907#110846469>		"Юпитер"@eve	
"Haumea"@su	<https://panlex.org/snapshot/panlex-20191001-csv/2907#110847586>				<https://panlex.org/snapshot/panlex-20191001-csv/2907#110847573>		"Хаумеа"@eve	
"Eris"@su	<https://panlex.org/snapshot/panlex-20191001-csv/2907#110847865>				<https://panlex.org/snapshot/panlex-20191001-csv/2907#110847899>		"Эрида"@eve	
"Vénus"@su	<https://panlex.org/snapshot/panlex-20191001-csv/2907#110845506>				<https://panlex.org/snapshot/panlex-20191001-csv/2907#110845382>		"Венера"@eve	
"minggu"@su	<https://panlex.org/snapshot/panlex-20191001-csv/2892#110826831>				<https://panlex.org/snapshot/panlex-20191001-csv/2892#110826826>		"воскресенье"@eve	
"senén"@su	<https://panlex.org/snapshot/panlex-20191001-csv/2892#110824003>				<https://panlex.org/snapshot/panlex-20191001-csv/2892#110824365>		"понедельник"@eve	
"jumaah"@su	<https://panlex.org/snapshot/panlex-20191001-csv/2892#110825787>				<https://panlex.org/snapshot/panlex-20191001-csv/2892#110825843>		"пятница"@eve	
"rebo"@su	<https://panlex.org/snapshot/panlex-20191001-csv/2892#110825091>				<https://panlex.org/snapshot/panlex-20191001-csv/2892#110824891>		"среда"@eve	
"saptu"@su	<https://panlex.org/snapshot/panlex-20191001-csv/2892#110826185>				<https://panlex.org/snapshot/panlex-20191001-csv/2892#110826568>		"суббота"@eve	
"salasa"@su	<https://panlex.org/snapshot/panlex-20191001-csv/2892#110824743>				<https://panlex.org/snapshot/panlex-20191001-csv/2892#110824509>		"вторник"@eve	
"kemis"@su	<https://panlex.org/snapshot/panlex-20191001-csv/2892#110825287>				<https://panlex.org/snapshot/panlex-20191001-csv/2892#110825349>		"четверг"@eve	
"April"@su	<https://panlex.org/snapshot/panlex-20191001-csv/2897#110828442>				<https://panlex.org/snapshot/panlex-20191001-csv/2897#110828509>		"эври билэн"@eve	
"April"@su	<https://panlex.org/snapshot/panlex-20191001-csv/2897#110828442>				<https://panlex.org/snapshot/panlex-20191001-csv/2897#110828535>		"апрель"@eve	
"Séptémber"@su	<https://panlex.org/snapshot/panlex-20191001-csv/2897#110830490>				<https://panlex.org/snapshot/panlex-20191001-csv/2897#110830581>		"сентябрь"@eve	
"Séptémber"@su	<https://panlex.org/snapshot/panlex-20191001-csv/2897#110830490>				<https://panlex.org/snapshot/panlex-20191001-csv/2897#110830475>		"ойчири унма"@eve	
"Nopémber"@su	<https://panlex.org/snapshot/panlex-20191001-csv/2897#110831441>				<https://panlex.org/snapshot/panlex-20191001-csv/2897#110831155>		"ноябрь"@eve	
"Nopémber"@su	<https://panlex.org/snapshot/panlex-20191001-csv/2897#110831441>				<https://panlex.org/snapshot/panlex-20191001-csv/2897#110831275>		"ойчири ечэн"@eve	
"Maret"@su	<https://panlex.org/snapshot/panlex-20191001-csv/2897#110828129>				<https://panlex.org/snapshot/panlex-20191001-csv/2897#110828116>		"март"@eve	
"Maret"@su	<https://panlex.org/snapshot/panlex-20191001-csv/2897#110828129>				<https://panlex.org/snapshot/panlex-20191001-csv/2897#110828092>		"эври ечэн"@eve	
"Juli"@su	<https://panlex.org/snapshot/panlex-20191001-csv/2897#110829711>				<https://panlex.org/snapshot/panlex-20191001-csv/2897#110829538>		"дюгани хэе"@eve	
"Juli"@su	<https://panlex.org/snapshot/panlex-20191001-csv/2897#110829711>				<https://panlex.org/snapshot/panlex-20191001-csv/2897#110829864>		"июль"@eve	
"Juni"@su	<https://panlex.org/snapshot/panlex-20191001-csv/2897#110829120>				<https://panlex.org/snapshot/panlex-20191001-csv/2897#110829269>		"июнь"@eve	
"Juni"@su	<https://panlex.org/snapshot/panlex-20191001-csv/2897#110829120>				<https://panlex.org/snapshot/panlex-20191001-csv/2897#110829271>		"эври чордакич"@eve	
"Januari"@su	<https://panlex.org/snapshot/panlex-20191001-csv/2897#110827383>				<https://panlex.org/snapshot/panlex-20191001-csv/2897#110827387>		"тугэни хэе"@eve	
"Januari"@su	<https://panlex.org/snapshot/panlex-20191001-csv/2897#110827383>				<https://panlex.org/snapshot/panlex-20191001-csv/2897#110827297>		"январь"@eve	
"Désémber"@su	<https://panlex.org/snapshot/panlex-20191001-csv/2897#110831641>				<https://panlex.org/snapshot/panlex-20191001-csv/2897#110831710>		"ойчири мир"@eve	
"Désémber"@su	<https://panlex.org/snapshot/panlex-20191001-csv/2897#110831641>				<https://panlex.org/snapshot/panlex-20191001-csv/2897#110831598>		"декабрь"@eve	
"Agustus"@su	<https://panlex.org/snapshot/panlex-20191001-csv/2897#110829913>				<https://panlex.org/snapshot/panlex-20191001-csv/2897#110830308>		"август"@eve	
"Agustus"@su	<https://panlex.org/snapshot/panlex-20191001-csv/2897#110829913>				<https://panlex.org/snapshot/panlex-20191001-csv/2897#110830000>		"ойчири чордакич"@eve	
"Oktober"@su	<https://panlex.org/snapshot/panlex-20191001-csv/2897#110831025>				<https://panlex.org/snapshot/panlex-20191001-csv/2897#110830751>		"октябрь"@eve	
"Oktober"@su	<https://panlex.org/snapshot/panlex-20191001-csv/2897#110831025>				<https://panlex.org/snapshot/panlex-20191001-csv/2897#110830821>		"ойчири билэн"@eve	
"Pébruari"@su	<https://panlex.org/snapshot/panlex-20191001-csv/2897#110827781>				<https://panlex.org/snapshot/panlex-20191001-csv/2897#110827623>		"эври мир"@eve	
"Pébruari"@su	<https://panlex.org/snapshot/panlex-20191001-csv/2897#110827781>				<https://panlex.org/snapshot/panlex-20191001-csv/2897#110827837>		"февраль"@eve	
"Méi"@su	<https://panlex.org/snapshot/panlex-20191001-csv/2897#110828980>				<https://panlex.org/snapshot/panlex-20191001-csv/2897#110828751>		"май"@eve	
"Méi"@su	<https://panlex.org/snapshot/panlex-20191001-csv/2897#110828980>				<https://panlex.org/snapshot/panlex-20191001-csv/2897#110828939>		"эври унма"@eve	
