"cai"@su	<https://panlex.org/snapshot/panlex-20191001-csv/2131#11695254>				<https://panlex.org/snapshot/panlex-20191001-csv/2131#11695201>		"mni"@lkt	
"Paskah"@su	<https://panlex.org/snapshot/panlex-20191001-csv/5947#84615977>				<https://panlex.org/snapshot/panlex-20191001-csv/5947#84615934>		"Woekicetuanpetu"@lkt	
"Méi"@su	<https://panlex.org/snapshot/panlex-20191001-csv/5947#84744121>				<https://panlex.org/snapshot/panlex-20191001-csv/5947#84744087>		"Čhaŋwápe Nabléča wí"@lkt	
"Méi"@su	<https://panlex.org/snapshot/panlex-20191001-csv/5947#84744121>				<https://panlex.org/snapshot/panlex-20191001-csv/5947#84744088>		"Čhaŋwápetȟó wí"@lkt	
"Agustus"@su	<https://panlex.org/snapshot/panlex-20191001-csv/5949#85329508>				<https://panlex.org/snapshot/panlex-20191001-csv/5949#85329425>		"Wasúthuŋ wí"@lkt	
"Agustus"@su	<https://panlex.org/snapshot/panlex-20191001-csv/5949#85329508>				<https://panlex.org/snapshot/panlex-20191001-csv/5949#85329424>		"Kȟáŋtašá wí"@lkt	
"tatamba"@su	<https://panlex.org/snapshot/panlex-20191001-csv/2904#111023666>				<https://panlex.org/snapshot/panlex-20191001-csv/2904#111023710>		"wópȟežuta"@lkt	
"géografi"@su	<https://panlex.org/snapshot/panlex-20191001-csv/2904#111022618>				<https://panlex.org/snapshot/panlex-20191001-csv/2904#111022798>		"makȟówapi"@lkt	
"sajarah"@su	<https://panlex.org/snapshot/panlex-20191001-csv/2904#111022884>				<https://panlex.org/snapshot/panlex-20191001-csv/2904#111022988>		"eháŋni wóyakapi wóuŋspe"@lkt	
"filsafat"@su	<https://panlex.org/snapshot/panlex-20191001-csv/2904#111023922>				<https://panlex.org/snapshot/panlex-20191001-csv/2904#111023848>		"wóksape wóuŋspe"@lkt	
"matématika"@su	<https://panlex.org/snapshot/panlex-20191001-csv/2904#111023405>				<https://panlex.org/snapshot/panlex-20191001-csv/2904#111023513>		"wíyawa wóuŋspe"@lkt	
"Jagat"@su	<https://panlex.org/snapshot/panlex-20191001-csv/2907#110849056>				<https://panlex.org/snapshot/panlex-20191001-csv/2907#110849017>		"Wamákȟognaka"@lkt	
"minggu"@su	<https://panlex.org/snapshot/panlex-20191001-csv/2892#110826831>				<https://panlex.org/snapshot/panlex-20191001-csv/2892#110826754>		"Aŋpétuwakȟáŋ"@lkt	
"senén"@su	<https://panlex.org/snapshot/panlex-20191001-csv/2892#110824003>				<https://panlex.org/snapshot/panlex-20191001-csv/2892#110824398>		"Aŋpétu Tȟokáheya"@lkt	
"senén"@su	<https://panlex.org/snapshot/panlex-20191001-csv/2892#110824003>				<https://panlex.org/snapshot/panlex-20191001-csv/2892#110824026>		"Aŋpétu Tȟokáhe"@lkt	
"jumaah"@su	<https://panlex.org/snapshot/panlex-20191001-csv/2892#110825787>				<https://panlex.org/snapshot/panlex-20191001-csv/2892#110825732>		"Aŋpétu Záptaŋ"@lkt	
"rebo"@su	<https://panlex.org/snapshot/panlex-20191001-csv/2892#110825091>				<https://panlex.org/snapshot/panlex-20191001-csv/2892#110824964>		"Aŋpétu Yámni"@lkt	
"saptu"@su	<https://panlex.org/snapshot/panlex-20191001-csv/2892#110826185>				<https://panlex.org/snapshot/panlex-20191001-csv/2892#110826541>		"Owáŋkayužažapi"@lkt	
"salasa"@su	<https://panlex.org/snapshot/panlex-20191001-csv/2892#110824743>				<https://panlex.org/snapshot/panlex-20191001-csv/2892#110824627>		"Aŋpétu Núŋpa"@lkt	
"kemis"@su	<https://panlex.org/snapshot/panlex-20191001-csv/2892#110825287>				<https://panlex.org/snapshot/panlex-20191001-csv/2892#110825305>		"Aŋpétu Tópa"@lkt	
"April"@su	<https://panlex.org/snapshot/panlex-20191001-csv/2897#110828442>				<https://panlex.org/snapshot/panlex-20191001-csv/2897#110828581>		"Pȟežítȟo wí"@lkt	
"April"@su	<https://panlex.org/snapshot/panlex-20191001-csv/2897#110828442>				<https://panlex.org/snapshot/panlex-20191001-csv/2897#110828592>		"Wihákakta čhépapi wí"@lkt	
"April"@su	<https://panlex.org/snapshot/panlex-20191001-csv/2897#110828442>				<https://panlex.org/snapshot/panlex-20191001-csv/2897#110828351>		"Maǧáksiča aglí wí"@lkt	
"Séptémber"@su	<https://panlex.org/snapshot/panlex-20191001-csv/2897#110830490>				<https://panlex.org/snapshot/panlex-20191001-csv/2897#110830669>		"Čhaŋwápe ǧí wí"@lkt	
"Nopémber"@su	<https://panlex.org/snapshot/panlex-20191001-csv/2897#110831441>				<https://panlex.org/snapshot/panlex-20191001-csv/2897#110831309>		"Waníyetu wí"@lkt	
"Nopémber"@su	<https://panlex.org/snapshot/panlex-20191001-csv/2897#110831441>				<https://panlex.org/snapshot/panlex-20191001-csv/2897#110831513>		"Tȟakhíyuȟa wí"@lkt	
"Maret"@su	<https://panlex.org/snapshot/panlex-20191001-csv/2897#110828129>				<https://panlex.org/snapshot/panlex-20191001-csv/2897#110827987>		"Ištáwičhayazaŋ wí"@lkt	
"Juli"@su	<https://panlex.org/snapshot/panlex-20191001-csv/2897#110829711>				<https://panlex.org/snapshot/panlex-20191001-csv/2897#110829839>		"Čhaŋpȟásapa wí"@lkt	
"Juli"@su	<https://panlex.org/snapshot/panlex-20191001-csv/2897#110829711>				<https://panlex.org/snapshot/panlex-20191001-csv/2897#110829507>		"Wazíškeča wí"@lkt	
"Juni"@su	<https://panlex.org/snapshot/panlex-20191001-csv/2897#110829120>				<https://panlex.org/snapshot/panlex-20191001-csv/2897#110829102>		"Wipázukȟa wašté wí"@lkt	
"Juni"@su	<https://panlex.org/snapshot/panlex-20191001-csv/2897#110829120>				<https://panlex.org/snapshot/panlex-20191001-csv/2897#110829181>		"Tȟíŋpsiŋla itkáȟča wí"@lkt	
"Juni"@su	<https://panlex.org/snapshot/panlex-20191001-csv/2897#110829120>				<https://panlex.org/snapshot/panlex-20191001-csv/2897#110829343>		"Wakíčhepa wí"@lkt	
"Januari"@su	<https://panlex.org/snapshot/panlex-20191001-csv/2897#110827383>				<https://panlex.org/snapshot/panlex-20191001-csv/2897#110827260>		"Wiótheȟika wí"@lkt	
"Désémber"@su	<https://panlex.org/snapshot/panlex-20191001-csv/2897#110831641>				<https://panlex.org/snapshot/panlex-20191001-csv/2897#110831587>		"Tȟahékapšuŋ wí"@lkt	
"Agustus"@su	<https://panlex.org/snapshot/panlex-20191001-csv/2897#110829913>				<https://panlex.org/snapshot/panlex-20191001-csv/2897#110830171>		"Wasúthuŋ wí"@lkt	
"Agustus"@su	<https://panlex.org/snapshot/panlex-20191001-csv/2897#110829913>				<https://panlex.org/snapshot/panlex-20191001-csv/2897#110830218>		"Kȟáŋtašá wí"@lkt	
"Oktober"@su	<https://panlex.org/snapshot/panlex-20191001-csv/2897#110831025>				<https://panlex.org/snapshot/panlex-20191001-csv/2897#110831134>		"Čhaŋwápe kasná wí"@lkt	
"Pébruari"@su	<https://panlex.org/snapshot/panlex-20191001-csv/2897#110827781>				<https://panlex.org/snapshot/panlex-20191001-csv/2897#110827670>		"Thiyóȟeyuŋka wí"@lkt	
"Pébruari"@su	<https://panlex.org/snapshot/panlex-20191001-csv/2897#110827781>				<https://panlex.org/snapshot/panlex-20191001-csv/2897#110827828>		"Čhaŋnápȟopa wí"@lkt	
"Méi"@su	<https://panlex.org/snapshot/panlex-20191001-csv/2897#110828980>				<https://panlex.org/snapshot/panlex-20191001-csv/2897#110828827>		"Čhaŋwápetȟó wí"@lkt	
"Méi"@su	<https://panlex.org/snapshot/panlex-20191001-csv/2897#110828980>				<https://panlex.org/snapshot/panlex-20191001-csv/2897#110828944>		"Čhaŋwápe Nabléča wí"@lkt	
