"cai"@su	<https://panlex.org/snapshot/panlex-20191001-csv/12#851169>				<https://panlex.org/snapshot/panlex-20191001-csv/12#851254>		"ralom"@xsy	
"keusik"@su	<https://panlex.org/snapshot/panlex-20191001-csv/15#967067>				<https://panlex.org/snapshot/panlex-20191001-csv/15#967085>		"bonaz"@xsy	
"kenca"@su	<https://panlex.org/snapshot/panlex-20191001-csv/114#8052556>				<https://panlex.org/snapshot/panlex-20191001-csv/114#8052647>		"kayʼiʔ"@xsy	
"katuhu"@su	<https://panlex.org/snapshot/panlex-20191001-csv/114#8053016>				<https://panlex.org/snapshot/panlex-20191001-csv/114#8053102>		"kaʔnal"@xsy	
"getih"@su	<https://panlex.org/snapshot/panlex-20191001-csv/114#8063284>				<https://panlex.org/snapshot/panlex-20191001-csv/114#8063383>		"ramoʔ"@xsy	
"rambut"@su	<https://panlex.org/snapshot/panlex-20191001-csv/114#8064913>				<https://panlex.org/snapshot/panlex-20191001-csv/114#8065022>		"bokəŝ"@xsy	
"mikir"@su	<https://panlex.org/snapshot/panlex-20191001-csv/114#8062277>				<https://panlex.org/snapshot/panlex-20191001-csv/114#8062359>		"eʔazʔazəm"@xsy	
"tulang"@su	<https://panlex.org/snapshot/panlex-20191001-csv/114#8059228>				<https://panlex.org/snapshot/panlex-20191001-csv/114#8059325>		"böʔöl"@xsy	
"susu"@su	<https://panlex.org/snapshot/panlex-20191001-csv/114#8060752>				<https://panlex.org/snapshot/panlex-20191001-csv/114#8060870>		"höhöʔ"@xsy	
"taktak"@su	<https://panlex.org/snapshot/panlex-20191001-csv/114#8061253>				<https://panlex.org/snapshot/panlex-20191001-csv/114#8061334>		"ʔäbaʼaʔ"@xsy	
"kotor"@su	<https://panlex.org/snapshot/panlex-20191001-csv/114#8056681>				<https://panlex.org/snapshot/panlex-20191001-csv/114#8056777>		"aråʼiʔ"@xsy	
"nyeunghap"@su	<https://panlex.org/snapshot/panlex-20191001-csv/114#8065926>				<https://panlex.org/snapshot/panlex-20191001-csv/114#8066001>		"ehnak"@xsy	
"nyaho"@su	<https://panlex.org/snapshot/panlex-20191001-csv/114#8061795>				<https://panlex.org/snapshot/panlex-20191001-csv/114#8061902>		"raʼam"@xsy	
