"fikha"@jaj	<https://panlex.org/snapshot/panlex-20191001-csv/114#8055419>				<https://panlex.org/snapshot/panlex-20191001-csv/114#8055485>		"-daŋsa"@map	
"fikha"@jaj	<https://panlex.org/snapshot/panlex-20191001-csv/114#8055419>				<https://panlex.org/snapshot/panlex-20191001-csv/114#8055493>		"vavaɣəle"@map	
"fikha"@jaj	<https://panlex.org/snapshot/panlex-20191001-csv/114#8055419>				<https://panlex.org/snapshot/panlex-20191001-csv/114#8055486>		"rrorr"@map	
"fikha"@jaj	<https://panlex.org/snapshot/panlex-20191001-csv/114#8055419>				<https://panlex.org/snapshot/panlex-20191001-csv/114#8055491>		"buli"@map	
"fikha"@jaj	<https://panlex.org/snapshot/panlex-20191001-csv/114#8055419>				<https://panlex.org/snapshot/panlex-20191001-csv/114#8055488>		"kelai"@map	
"fikha"@jaj	<https://panlex.org/snapshot/panlex-20191001-csv/114#8055419>				<https://panlex.org/snapshot/panlex-20191001-csv/114#8055483>		"síbita"@map	
"fikha"@jaj	<https://panlex.org/snapshot/panlex-20191001-csv/114#8055419>				<https://panlex.org/snapshot/panlex-20191001-csv/114#8055492>		"bulsa-"@map	
"fikha"@jaj	<https://panlex.org/snapshot/panlex-20191001-csv/114#8055419>				<https://panlex.org/snapshot/panlex-20191001-csv/114#8055487>		"ruten"@map	
"fikha"@jaj	<https://panlex.org/snapshot/panlex-20191001-csv/114#8055419>				<https://panlex.org/snapshot/panlex-20191001-csv/114#8055482>		"Niku"@map	
"fikha"@jaj	<https://panlex.org/snapshot/panlex-20191001-csv/114#8055419>				<https://panlex.org/snapshot/panlex-20191001-csv/114#8055489>		"mempiʼis"@map	
"fikha"@jaj	<https://panlex.org/snapshot/panlex-20191001-csv/114#8055419>				<https://panlex.org/snapshot/panlex-20191001-csv/114#8055490>		"-daŋsa"@map	
"fikha"@jaj	<https://panlex.org/snapshot/panlex-20191001-csv/114#8055419>				<https://panlex.org/snapshot/panlex-20191001-csv/114#8055484>		"sibika-na"@map	
"taɔ"@jaj	<https://panlex.org/snapshot/panlex-20191001-csv/114#8055911>				<https://panlex.org/snapshot/panlex-20191001-csv/114#8055991>		"dulog-"@map	
"taɔ"@jaj	<https://panlex.org/snapshot/panlex-20191001-csv/114#8055911>				<https://panlex.org/snapshot/panlex-20191001-csv/114#8055993>		"gai"@map	
"taɔ"@jaj	<https://panlex.org/snapshot/panlex-20191001-csv/114#8055911>				<https://panlex.org/snapshot/panlex-20191001-csv/114#8055988>		"suvsip"@map	
"taɔ"@jaj	<https://panlex.org/snapshot/panlex-20191001-csv/114#8055911>				<https://panlex.org/snapshot/panlex-20191001-csv/114#8055989>		"lolō"@map	
"taɔ"@jaj	<https://panlex.org/snapshot/panlex-20191001-csv/114#8055911>				<https://panlex.org/snapshot/panlex-20191001-csv/114#8055982>		"*Naŋuy"@map	
"taɔ"@jaj	<https://panlex.org/snapshot/panlex-20191001-csv/114#8055911>				<https://panlex.org/snapshot/panlex-20191001-csv/114#8055987>		"swo"@map	
"taɔ"@jaj	<https://panlex.org/snapshot/panlex-20191001-csv/114#8055911>				<https://panlex.org/snapshot/panlex-20191001-csv/114#8055984>		"nangi"@map	
"taɔ"@jaj	<https://panlex.org/snapshot/panlex-20191001-csv/114#8055911>				<https://panlex.org/snapshot/panlex-20191001-csv/114#8055990>		"vœvœp"@map	
"taɔ"@jaj	<https://panlex.org/snapshot/panlex-20191001-csv/114#8055911>				<https://panlex.org/snapshot/panlex-20191001-csv/114#8055985>		"nangi"@map	
"taɔ"@jaj	<https://panlex.org/snapshot/panlex-20191001-csv/114#8055911>				<https://panlex.org/snapshot/panlex-20191001-csv/114#8055983>		"*k[m]ahuŋ"@map	
"taɔ"@jaj	<https://panlex.org/snapshot/panlex-20191001-csv/114#8055911>				<https://panlex.org/snapshot/panlex-20191001-csv/114#8055986>		"-log"@map	
"taɔ"@jaj	<https://panlex.org/snapshot/panlex-20191001-csv/114#8055911>				<https://panlex.org/snapshot/panlex-20191001-csv/114#8055992>		"log"@map	
"zazahɔ"@jaj	<https://panlex.org/snapshot/panlex-20191001-csv/114#8053869>				<https://panlex.org/snapshot/panlex-20191001-csv/114#8053952>		"salako"@map	
"zazahɔ"@jaj	<https://panlex.org/snapshot/panlex-20191001-csv/114#8053869>				<https://panlex.org/snapshot/panlex-20191001-csv/114#8053956>		"yas"@map	
"zazahɔ"@jaj	<https://panlex.org/snapshot/panlex-20191001-csv/114#8053869>				<https://panlex.org/snapshot/panlex-20191001-csv/114#8053948>		"Nakaw"@map	
"zazahɔ"@jaj	<https://panlex.org/snapshot/panlex-20191001-csv/114#8053869>				<https://panlex.org/snapshot/panlex-20191001-csv/114#8053962>		"ŋator"@map	
"zazahɔ"@jaj	<https://panlex.org/snapshot/panlex-20191001-csv/114#8053869>				<https://panlex.org/snapshot/panlex-20191001-csv/114#8053955>		"-tor"@map	
"zazahɔ"@jaj	<https://panlex.org/snapshot/panlex-20191001-csv/114#8053869>				<https://panlex.org/snapshot/panlex-20191001-csv/114#8053953>		"kako-da"@map	
"zazahɔ"@jaj	<https://panlex.org/snapshot/panlex-20191001-csv/114#8053869>				<https://panlex.org/snapshot/panlex-20191001-csv/114#8053961>		"-tor"@map	
"zazahɔ"@jaj	<https://panlex.org/snapshot/panlex-20191001-csv/114#8053869>				<https://panlex.org/snapshot/panlex-20191001-csv/114#8053959>		"loŋ"@map	
"zazahɔ"@jaj	<https://panlex.org/snapshot/panlex-20191001-csv/114#8053869>				<https://panlex.org/snapshot/panlex-20191001-csv/114#8053954>		"-la"@map	
"zazahɔ"@jaj	<https://panlex.org/snapshot/panlex-20191001-csv/114#8053869>				<https://panlex.org/snapshot/panlex-20191001-csv/114#8053958>		"tele"@map	
"zazahɔ"@jaj	<https://panlex.org/snapshot/panlex-20191001-csv/114#8053869>				<https://panlex.org/snapshot/panlex-20191001-csv/114#8053960>		"-tol"@map	
"zazahɔ"@jaj	<https://panlex.org/snapshot/panlex-20191001-csv/114#8053869>				<https://panlex.org/snapshot/panlex-20191001-csv/114#8053951>		"*t[m]anaʼ"@map	
"zazahɔ"@jaj	<https://panlex.org/snapshot/panlex-20191001-csv/114#8053869>				<https://panlex.org/snapshot/panlex-20191001-csv/114#8053950>		"*[m]qaguw"@map	
"zazahɔ"@jaj	<https://panlex.org/snapshot/panlex-20191001-csv/114#8053869>				<https://panlex.org/snapshot/panlex-20191001-csv/114#8053963>		"loŋga"@map	
"zazahɔ"@jaj	<https://panlex.org/snapshot/panlex-20191001-csv/114#8053869>				<https://panlex.org/snapshot/panlex-20191001-csv/114#8053949>		"*faSale"@map	
"zazahɔ"@jaj	<https://panlex.org/snapshot/panlex-20191001-csv/114#8053869>				<https://panlex.org/snapshot/panlex-20191001-csv/114#8053957>		"ling"@map	
"kekeʔsu-"@jaj	<https://panlex.org/snapshot/panlex-20191001-csv/114#8059948>				<https://panlex.org/snapshot/panlex-20191001-csv/114#8060023>		"mopən"@map	
"kekeʔsu-"@jaj	<https://panlex.org/snapshot/panlex-20191001-csv/114#8059948>				<https://panlex.org/snapshot/panlex-20191001-csv/114#8060027>		"ate-"@map	
"kekeʔsu-"@jaj	<https://panlex.org/snapshot/panlex-20191001-csv/114#8059948>				<https://panlex.org/snapshot/panlex-20191001-csv/114#8060022>		"aten"@map	
"kekeʔsu-"@jaj	<https://panlex.org/snapshot/panlex-20191001-csv/114#8059948>				<https://panlex.org/snapshot/panlex-20191001-csv/114#8060026>		"nymamp mytmyt"@map	
"kekeʔsu-"@jaj	<https://panlex.org/snapshot/panlex-20191001-csv/114#8059948>				<https://panlex.org/snapshot/panlex-20191001-csv/114#8060021>		"ate-gu"@map	
"kekeʔsu-"@jaj	<https://panlex.org/snapshot/panlex-20191001-csv/114#8059948>				<https://panlex.org/snapshot/panlex-20191001-csv/114#8060017>		"*qaCay"@map	
"kekeʔsu-"@jaj	<https://panlex.org/snapshot/panlex-20191001-csv/114#8059948>				<https://panlex.org/snapshot/panlex-20191001-csv/114#8060025>		"linar"@map	
"kekeʔsu-"@jaj	<https://panlex.org/snapshot/panlex-20191001-csv/114#8059948>				<https://panlex.org/snapshot/panlex-20191001-csv/114#8060020>		"ati"@map	
"kekeʔsu-"@jaj	<https://panlex.org/snapshot/panlex-20191001-csv/114#8059948>				<https://panlex.org/snapshot/panlex-20191001-csv/114#8060018>		"*ate"@map	
"kekeʔsu-"@jaj	<https://panlex.org/snapshot/panlex-20191001-csv/114#8059948>				<https://panlex.org/snapshot/panlex-20191001-csv/114#8060024>		"movmit"@map	
"kekeʔsu-"@jaj	<https://panlex.org/snapshot/panlex-20191001-csv/114#8059948>				<https://panlex.org/snapshot/panlex-20191001-csv/114#8060028>		"ɣare"@map	
"kekeʔsu-"@jaj	<https://panlex.org/snapshot/panlex-20191001-csv/114#8059948>				<https://panlex.org/snapshot/panlex-20191001-csv/114#8060019>		"*ʼatay"@map	
"neneʔe-"@jaj	<https://panlex.org/snapshot/panlex-20191001-csv/114#8053285>				<https://panlex.org/snapshot/panlex-20191001-csv/114#8053369>		"*bliq"@map	
"neneʔe-"@jaj	<https://panlex.org/snapshot/panlex-20191001-csv/114#8053285>				<https://panlex.org/snapshot/panlex-20191001-csv/114#8053371>		"ei"@map	
"neneʔe-"@jaj	<https://panlex.org/snapshot/panlex-20191001-csv/114#8053285>				<https://panlex.org/snapshot/panlex-20191001-csv/114#8053375>		"ye-"@map	
"neneʔe-"@jaj	<https://panlex.org/snapshot/panlex-20191001-csv/114#8053285>				<https://panlex.org/snapshot/panlex-20191001-csv/114#8053377>		"ŋe-"@map	
"neneʔe-"@jaj	<https://panlex.org/snapshot/panlex-20191001-csv/114#8053285>				<https://panlex.org/snapshot/panlex-20191001-csv/114#8053370>		"ai"@map	
"neneʔe-"@jaj	<https://panlex.org/snapshot/panlex-20191001-csv/114#8053285>				<https://panlex.org/snapshot/panlex-20191001-csv/114#8053368>		"*wae"@map	
"neneʔe-"@jaj	<https://panlex.org/snapshot/panlex-20191001-csv/114#8053285>				<https://panlex.org/snapshot/panlex-20191001-csv/114#8053374>		"tilin"@map	
"neneʔe-"@jaj	<https://panlex.org/snapshot/panlex-20191001-csv/114#8053285>				<https://panlex.org/snapshot/panlex-20191001-csv/114#8053378>		"ɣeɣe"@map	
"neneʔe-"@jaj	<https://panlex.org/snapshot/panlex-20191001-csv/114#8053285>				<https://panlex.org/snapshot/panlex-20191001-csv/114#8053373>		"nabalako-"@map	
"neneʔe-"@jaj	<https://panlex.org/snapshot/panlex-20191001-csv/114#8053285>				<https://panlex.org/snapshot/panlex-20191001-csv/114#8053366>		"*qaqay"@map	
"neneʔe-"@jaj	<https://panlex.org/snapshot/panlex-20191001-csv/114#8053285>				<https://panlex.org/snapshot/panlex-20191001-csv/114#8053367>		"*ney[ae]"@map	
"neneʔe-"@jaj	<https://panlex.org/snapshot/panlex-20191001-csv/114#8053285>				<https://panlex.org/snapshot/panlex-20191001-csv/114#8053372>		"nien"@map	
"neneʔe-"@jaj	<https://panlex.org/snapshot/panlex-20191001-csv/114#8053285>				<https://panlex.org/snapshot/panlex-20191001-csv/114#8053376>		"nempuly-"@map	
"kmaeri"@jaj	<https://panlex.org/snapshot/panlex-20191001-csv/114#8052331>				<https://panlex.org/snapshot/panlex-20191001-csv/114#8052393>		"*q(b)ibaŋ"@map	
"kmaeri"@jaj	<https://panlex.org/snapshot/panlex-20191001-csv/114#8052331>				<https://panlex.org/snapshot/panlex-20191001-csv/114#8052395>		"yèlu"@map	
"kmaeri"@jaj	<https://panlex.org/snapshot/panlex-20191001-csv/114#8052331>				<https://panlex.org/snapshot/panlex-20191001-csv/114#8052399>		"ntal|meir"@map	
"kmaeri"@jaj	<https://panlex.org/snapshot/panlex-20191001-csv/114#8052331>				<https://panlex.org/snapshot/panlex-20191001-csv/114#8052398>		"mwil"@map	
"kmaeri"@jaj	<https://panlex.org/snapshot/panlex-20191001-csv/114#8052331>				<https://panlex.org/snapshot/panlex-20191001-csv/114#8052394>		"lalai"@map	
"kmaeri"@jaj	<https://panlex.org/snapshot/panlex-20191001-csv/114#8052331>				<https://panlex.org/snapshot/panlex-20191001-csv/114#8052400>		"ŋas"@map	
"kmaeri"@jaj	<https://panlex.org/snapshot/panlex-20191001-csv/114#8052331>				<https://panlex.org/snapshot/panlex-20191001-csv/114#8052396>		"ŋas"@map	
"kmaeri"@jaj	<https://panlex.org/snapshot/panlex-20191001-csv/114#8052331>				<https://panlex.org/snapshot/panlex-20191001-csv/114#8052397>		"mornen"@map	
"kmaeri"@jaj	<https://panlex.org/snapshot/panlex-20191001-csv/114#8052331>				<https://panlex.org/snapshot/panlex-20191001-csv/114#8052392>		"*ka-wiʀi"@map	
"kmaeri"@jaj	<https://panlex.org/snapshot/panlex-20191001-csv/114#8052331>				<https://panlex.org/snapshot/panlex-20191001-csv/114#8052401>		"moiye"@map	
"phaʔu-"@jaj	<https://panlex.org/snapshot/panlex-20191001-csv/114#8063570>				<https://panlex.org/snapshot/panlex-20191001-csv/114#8063643>		"*ʼulu"@map	
"phaʔu-"@jaj	<https://panlex.org/snapshot/panlex-20191001-csv/114#8063570>				<https://panlex.org/snapshot/panlex-20191001-csv/114#8063649>		"pare-"@map	
"phaʔu-"@jaj	<https://panlex.org/snapshot/panlex-20191001-csv/114#8063570>				<https://panlex.org/snapshot/panlex-20191001-csv/114#8063641>		"*qulu"@map	
"phaʔu-"@jaj	<https://panlex.org/snapshot/panlex-20191001-csv/114#8063570>				<https://panlex.org/snapshot/panlex-20191001-csv/114#8063644>		"katowa"@map	
"phaʔu-"@jaj	<https://panlex.org/snapshot/panlex-20191001-csv/114#8063570>				<https://panlex.org/snapshot/panlex-20191001-csv/114#8063645>		"kalogara"@map	
"phaʔu-"@jaj	<https://panlex.org/snapshot/panlex-20191001-csv/114#8063570>				<https://panlex.org/snapshot/panlex-20191001-csv/114#8063650>		"mpati-"@map	
"phaʔu-"@jaj	<https://panlex.org/snapshot/panlex-20191001-csv/114#8063570>				<https://panlex.org/snapshot/panlex-20191001-csv/114#8063648>		"pətin"@map	
"phaʔu-"@jaj	<https://panlex.org/snapshot/panlex-20191001-csv/114#8063570>				<https://panlex.org/snapshot/panlex-20191001-csv/114#8063653>		"umbaliye"@map	
"phaʔu-"@jaj	<https://panlex.org/snapshot/panlex-20191001-csv/114#8063570>				<https://panlex.org/snapshot/panlex-20191001-csv/114#8063652>		"guruma-"@map	
"phaʔu-"@jaj	<https://panlex.org/snapshot/panlex-20191001-csv/114#8063570>				<https://panlex.org/snapshot/panlex-20191001-csv/114#8063654>		"umbalə"@map	
"phaʔu-"@jaj	<https://panlex.org/snapshot/panlex-20191001-csv/114#8063570>				<https://panlex.org/snapshot/panlex-20191001-csv/114#8063647>		"nabat-"@map	
"phaʔu-"@jaj	<https://panlex.org/snapshot/panlex-20191001-csv/114#8063570>				<https://panlex.org/snapshot/panlex-20191001-csv/114#8063642>		"*ulu"@map	
"phaʔu-"@jaj	<https://panlex.org/snapshot/panlex-20191001-csv/114#8063570>				<https://panlex.org/snapshot/panlex-20191001-csv/114#8063646>		"patu/n"@map	
"phaʔu-"@jaj	<https://panlex.org/snapshot/panlex-20191001-csv/114#8063570>				<https://panlex.org/snapshot/panlex-20191001-csv/114#8063651>		"gurma-"@map	
"hmaɤu"@jaj	<https://panlex.org/snapshot/panlex-20191001-csv/114#8062538>				<https://panlex.org/snapshot/panlex-20191001-csv/114#8062613>		"dədəngen"@map	
"hmaɤu"@jaj	<https://panlex.org/snapshot/panlex-20191001-csv/114#8062538>				<https://panlex.org/snapshot/panlex-20191001-csv/114#8062608>		"*likuq"@map	
"hmaɤu"@jaj	<https://panlex.org/snapshot/panlex-20191001-csv/114#8062538>				<https://panlex.org/snapshot/panlex-20191001-csv/114#8062610>		"madauta"@map	
"hmaɤu"@jaj	<https://panlex.org/snapshot/panlex-20191001-csv/114#8062538>				<https://panlex.org/snapshot/panlex-20191001-csv/114#8062611>		"-zez"@map	
"hmaɤu"@jaj	<https://panlex.org/snapshot/panlex-20191001-csv/114#8062538>				<https://panlex.org/snapshot/panlex-20191001-csv/114#8062606>		"*ma-takut"@map	
"hmaɤu"@jaj	<https://panlex.org/snapshot/panlex-20191001-csv/114#8062538>				<https://panlex.org/snapshot/panlex-20191001-csv/114#8062614>		"mɨro"@map	
"hmaɤu"@jaj	<https://panlex.org/snapshot/panlex-20191001-csv/114#8062538>				<https://panlex.org/snapshot/panlex-20191001-csv/114#8062616>		"direr"@map	
"hmaɤu"@jaj	<https://panlex.org/snapshot/panlex-20191001-csv/114#8062538>				<https://panlex.org/snapshot/panlex-20191001-csv/114#8062615>		"mataʼ"@map	
"hmaɤu"@jaj	<https://panlex.org/snapshot/panlex-20191001-csv/114#8062538>				<https://panlex.org/snapshot/panlex-20191001-csv/114#8062607>		"*ma-taku"@map	
"hmaɤu"@jaj	<https://panlex.org/snapshot/panlex-20191001-csv/114#8062538>				<https://panlex.org/snapshot/panlex-20191001-csv/114#8062617>		"irer"@map	
"hmaɤu"@jaj	<https://panlex.org/snapshot/panlex-20191001-csv/114#8062538>				<https://panlex.org/snapshot/panlex-20191001-csv/114#8062609>		"mandauta"@map	
"hmaɤu"@jaj	<https://panlex.org/snapshot/panlex-20191001-csv/114#8062538>				<https://panlex.org/snapshot/panlex-20191001-csv/114#8062612>		"lukho"@map	
"tataʔaru-"@jaj	<https://panlex.org/snapshot/panlex-20191001-csv/114#8057916>				<https://panlex.org/snapshot/panlex-20191001-csv/114#8057998>		"patu-"@map	
"tataʔaru-"@jaj	<https://panlex.org/snapshot/panlex-20191001-csv/114#8057916>				<https://panlex.org/snapshot/panlex-20191001-csv/114#8058000>		"vwata"@map	
"tataʔaru-"@jaj	<https://panlex.org/snapshot/panlex-20191001-csv/114#8057916>				<https://panlex.org/snapshot/panlex-20191001-csv/114#8057994>		"nejubuna-"@map	
"tataʔaru-"@jaj	<https://panlex.org/snapshot/panlex-20191001-csv/114#8057916>				<https://panlex.org/snapshot/panlex-20191001-csv/114#8057990>		"*likud"@map	
"tataʔaru-"@jaj	<https://panlex.org/snapshot/panlex-20191001-csv/114#8057916>				<https://panlex.org/snapshot/panlex-20191001-csv/114#8057999>		"uyu-"@map	
"tataʔaru-"@jaj	<https://panlex.org/snapshot/panlex-20191001-csv/114#8057916>				<https://panlex.org/snapshot/panlex-20191001-csv/114#8058001>		"vwatae"@map	
"tataʔaru-"@jaj	<https://panlex.org/snapshot/panlex-20191001-csv/114#8057916>				<https://panlex.org/snapshot/panlex-20191001-csv/114#8057992>		"*kagul"@map	
"tataʔaru-"@jaj	<https://panlex.org/snapshot/panlex-20191001-csv/114#8057916>				<https://panlex.org/snapshot/panlex-20191001-csv/114#8057993>		"kahuki-da"@map	
"tataʔaru-"@jaj	<https://panlex.org/snapshot/panlex-20191001-csv/114#8057916>				<https://panlex.org/snapshot/panlex-20191001-csv/114#8057996>		"pwiri"@map	
"tataʔaru-"@jaj	<https://panlex.org/snapshot/panlex-20191001-csv/114#8057916>				<https://panlex.org/snapshot/panlex-20191001-csv/114#8057995>		"bwəlin"@map	
"tataʔaru-"@jaj	<https://panlex.org/snapshot/panlex-20191001-csv/114#8057916>				<https://panlex.org/snapshot/panlex-20191001-csv/114#8057991>		"*takuru"@map	
"tataʔaru-"@jaj	<https://panlex.org/snapshot/panlex-20191001-csv/114#8057916>				<https://panlex.org/snapshot/panlex-20191001-csv/114#8057997>		"nitaʼu-"@map	
"suʔu-"@jaj	<https://panlex.org/snapshot/panlex-20191001-csv/114#8060477>				<https://panlex.org/snapshot/panlex-20191001-csv/114#8060556>		"*susu"@map	
"suʔu-"@jaj	<https://panlex.org/snapshot/panlex-20191001-csv/114#8060477>				<https://panlex.org/snapshot/panlex-20191001-csv/114#8060569>		"Ωiye"@map	
"suʔu-"@jaj	<https://panlex.org/snapshot/panlex-20191001-csv/114#8060477>				<https://panlex.org/snapshot/panlex-20191001-csv/114#8060560>		"susu-gu"@map	
"suʔu-"@jaj	<https://panlex.org/snapshot/panlex-20191001-csv/114#8060477>				<https://panlex.org/snapshot/panlex-20191001-csv/114#8060567>		"nisysy-"@map	
"suʔu-"@jaj	<https://panlex.org/snapshot/panlex-20191001-csv/114#8060477>				<https://panlex.org/snapshot/panlex-20191001-csv/114#8060568>		"Ωi"@map	
"suʔu-"@jaj	<https://panlex.org/snapshot/panlex-20191001-csv/114#8060477>				<https://panlex.org/snapshot/panlex-20191001-csv/114#8060566>		"nehuhu-"@map	
"suʔu-"@jaj	<https://panlex.org/snapshot/panlex-20191001-csv/114#8060477>				<https://panlex.org/snapshot/panlex-20191001-csv/114#8060563>		"nesus-"@map	
"suʔu-"@jaj	<https://panlex.org/snapshot/panlex-20191001-csv/114#8060477>				<https://panlex.org/snapshot/panlex-20191001-csv/114#8060558>		"*tutuq"@map	
"suʔu-"@jaj	<https://panlex.org/snapshot/panlex-20191001-csv/114#8060477>				<https://panlex.org/snapshot/panlex-20191001-csv/114#8060565>		"sī"@map	
"suʔu-"@jaj	<https://panlex.org/snapshot/panlex-20191001-csv/114#8060477>				<https://panlex.org/snapshot/panlex-20191001-csv/114#8060559>		"susu-da"@map	
"suʔu-"@jaj	<https://panlex.org/snapshot/panlex-20191001-csv/114#8060477>				<https://panlex.org/snapshot/panlex-20191001-csv/114#8060557>		"*susu"@map	
"suʔu-"@jaj	<https://panlex.org/snapshot/panlex-20191001-csv/114#8060477>				<https://panlex.org/snapshot/panlex-20191001-csv/114#8060561>		"sus"@map	
"suʔu-"@jaj	<https://panlex.org/snapshot/panlex-20191001-csv/114#8060477>				<https://panlex.org/snapshot/panlex-20191001-csv/114#8060564>		"səsən"@map	
"suʔu-"@jaj	<https://panlex.org/snapshot/panlex-20191001-csv/114#8060477>				<https://panlex.org/snapshot/panlex-20191001-csv/114#8060562>		"nasus"@map	
"lāsei"@jaj	<https://panlex.org/snapshot/panlex-20191001-csv/114#8061535>				<https://panlex.org/snapshot/panlex-20191001-csv/114#8061613>		"ku-tada-ya"@map	
"lāsei"@jaj	<https://panlex.org/snapshot/panlex-20191001-csv/114#8061535>				<https://panlex.org/snapshot/panlex-20191001-csv/114#8061615>		"rəngdo"@map	
"lāsei"@jaj	<https://panlex.org/snapshot/panlex-20191001-csv/114#8061535>				<https://panlex.org/snapshot/panlex-20191001-csv/114#8061606>		"*bajaq"@map	
"lāsei"@jaj	<https://panlex.org/snapshot/panlex-20191001-csv/114#8061535>				<https://panlex.org/snapshot/panlex-20191001-csv/114#8061609>		"*kila-a"@map	
"lāsei"@jaj	<https://panlex.org/snapshot/panlex-20191001-csv/114#8061535>				<https://panlex.org/snapshot/panlex-20191001-csv/114#8061618>		"ŋaloŋ-"@map	
"lāsei"@jaj	<https://panlex.org/snapshot/panlex-20191001-csv/114#8061535>				<https://panlex.org/snapshot/panlex-20191001-csv/114#8061612>		"patada"@map	
"lāsei"@jaj	<https://panlex.org/snapshot/panlex-20191001-csv/114#8061535>				<https://panlex.org/snapshot/panlex-20191001-csv/114#8061619>		"ravu"@map	
"lāsei"@jaj	<https://panlex.org/snapshot/panlex-20191001-csv/114#8061535>				<https://panlex.org/snapshot/panlex-20191001-csv/114#8061608>		"*kila"@map	
"lāsei"@jaj	<https://panlex.org/snapshot/panlex-20191001-csv/114#8061535>				<https://panlex.org/snapshot/panlex-20191001-csv/114#8061617>		"roŋhur"@map	
"lāsei"@jaj	<https://panlex.org/snapshot/panlex-20191001-csv/114#8061535>				<https://panlex.org/snapshot/panlex-20191001-csv/114#8061611>		"*gadaq"@map	
"lāsei"@jaj	<https://panlex.org/snapshot/panlex-20191001-csv/114#8061535>				<https://panlex.org/snapshot/panlex-20191001-csv/114#8061607>		"*ata-i-"@map	
"lāsei"@jaj	<https://panlex.org/snapshot/panlex-20191001-csv/114#8061535>				<https://panlex.org/snapshot/panlex-20191001-csv/114#8061610>		"*kila-i"@map	
"lāsei"@jaj	<https://panlex.org/snapshot/panlex-20191001-csv/114#8061535>				<https://panlex.org/snapshot/panlex-20191001-csv/114#8061614>		"rrong usong"@map	
"lāsei"@jaj	<https://panlex.org/snapshot/panlex-20191001-csv/114#8061535>				<https://panlex.org/snapshot/panlex-20191001-csv/114#8061616>		"kil|pwele"@map	
"thiʔa-"@jaj	<https://panlex.org/snapshot/panlex-20191001-csv/114#8058435>				<https://panlex.org/snapshot/panlex-20191001-csv/114#8058515>		"tí-gu"@map	
"thiʔa-"@jaj	<https://panlex.org/snapshot/panlex-20191001-csv/114#8058435>				<https://panlex.org/snapshot/panlex-20191001-csv/114#8058522>		"lua-"@map	
"thiʔa-"@jaj	<https://panlex.org/snapshot/panlex-20191001-csv/114#8058435>				<https://panlex.org/snapshot/panlex-20191001-csv/114#8058518>		"toa-"@map	
"thiʔa-"@jaj	<https://panlex.org/snapshot/panlex-20191001-csv/114#8058435>				<https://panlex.org/snapshot/panlex-20191001-csv/114#8058516>		"nesin-"@map	
"thiʔa-"@jaj	<https://panlex.org/snapshot/panlex-20191001-csv/114#8058435>				<https://panlex.org/snapshot/panlex-20191001-csv/114#8058517>		"vetən"@map	
"thiʔa-"@jaj	<https://panlex.org/snapshot/panlex-20191001-csv/114#8058435>				<https://panlex.org/snapshot/panlex-20191001-csv/114#8058514>		"te-da"@map	
"thiʔa-"@jaj	<https://panlex.org/snapshot/panlex-20191001-csv/114#8058435>				<https://panlex.org/snapshot/panlex-20191001-csv/114#8058512>		"*wupwa"@map	
"thiʔa-"@jaj	<https://panlex.org/snapshot/panlex-20191001-csv/114#8058435>				<https://panlex.org/snapshot/panlex-20191001-csv/114#8058521>		"kafod"@map	
"thiʔa-"@jaj	<https://panlex.org/snapshot/panlex-20191001-csv/114#8058435>				<https://panlex.org/snapshot/panlex-20191001-csv/114#8058520>		"niveti-"@map	
"thiʔa-"@jaj	<https://panlex.org/snapshot/panlex-20191001-csv/114#8058435>				<https://panlex.org/snapshot/panlex-20191001-csv/114#8058524>		"gumoi"@map	
"thiʔa-"@jaj	<https://panlex.org/snapshot/panlex-20191001-csv/114#8058435>				<https://panlex.org/snapshot/panlex-20191001-csv/114#8058513>		"*ti(q"@map	
"thiʔa-"@jaj	<https://panlex.org/snapshot/panlex-20191001-csv/114#8058435>				<https://panlex.org/snapshot/panlex-20191001-csv/114#8058511>		"*tia"@map	
"thiʔa-"@jaj	<https://panlex.org/snapshot/panlex-20191001-csv/114#8058435>				<https://panlex.org/snapshot/panlex-20191001-csv/114#8058523>		"gumo"@map	
"thiʔa-"@jaj	<https://panlex.org/snapshot/panlex-20191001-csv/114#8058435>				<https://panlex.org/snapshot/panlex-20191001-csv/114#8058519>		"naʼavuti-"@map	
"thiʔa-"@jaj	<https://panlex.org/snapshot/panlex-20191001-csv/114#8058435>				<https://panlex.org/snapshot/panlex-20191001-csv/114#8058510>		"*tiaN"@map	
