"ilbuk"@cic	<https://panlex.org/snapshot/panlex-20191001-csv/5945#84397086>				<https://panlex.org/snapshot/panlex-20191001-csv/5945#84397105>		"tangan"@id	
"yakoke"@cic	<https://panlex.org/snapshot/panlex-20191001-csv/5945#84386405>				<https://panlex.org/snapshot/panlex-20191001-csv/5945#84386434>		"terimakasih"@id	
"yakoke"@cic	<https://panlex.org/snapshot/panlex-20191001-csv/5945#84386405>				<https://panlex.org/snapshot/panlex-20191001-csv/5945#84386433>		"terima kasih"@id	
"sinti"@cic	<https://panlex.org/snapshot/panlex-20191001-csv/5945#84420999>				<https://panlex.org/snapshot/panlex-20191001-csv/5945#84421022>		"ular"@id	
"impa"@cic	<https://panlex.org/snapshot/panlex-20191001-csv/5945#84396973>				<https://panlex.org/snapshot/panlex-20191001-csv/5945#84396980>		"makan"@id	
"apa"@cic	<https://panlex.org/snapshot/panlex-20191001-csv/5945#84396974>				<https://panlex.org/snapshot/panlex-20191001-csv/5945#84396980>		"makan"@id	
"ontoklo"@cic	<https://panlex.org/snapshot/panlex-20191001-csv/19#1029935>				<https://panlex.org/snapshot/panlex-20191001-csv/19#1029955>		"tujuh"@id	
"okla"@cic	<https://panlex.org/snapshot/panlex-20191001-csv/19#1022383>				<https://panlex.org/snapshot/panlex-20191001-csv/19#1022398>		"bumi"@id	
"chaffa"@cic	<https://panlex.org/snapshot/panlex-20191001-csv/19#1028566>				<https://panlex.org/snapshot/panlex-20191001-csv/19#1028593>		"satu"@id	
"chumpah"@cic	<https://panlex.org/snapshot/panlex-20191001-csv/19#1025154>				<https://panlex.org/snapshot/panlex-20191001-csv/19#1025168>		"beli"@id	
"chumpah"@cic	<https://panlex.org/snapshot/panlex-20191001-csv/19#1025154>				<https://panlex.org/snapshot/panlex-20191001-csv/19#1025169>		"membeli"@id	
"oblashush"@cic	<https://panlex.org/snapshot/panlex-20191001-csv/12#846062>				<https://panlex.org/snapshot/panlex-20191001-csv/12#846082>		"kemarin"@id	
"nanna ayya"@cic	<https://panlex.org/snapshot/panlex-20191001-csv/2902#111012008>				<https://panlex.org/snapshot/panlex-20191001-csv/2902#111012075>		"kedamaian"@id	
"pushkush"@cic	<https://panlex.org/snapshot/panlex-20191001-csv/3776#91584812>				<https://panlex.org/snapshot/panlex-20191001-csv/3776#91584844>		"bayi"@id	
"ishkobo"@cic	<https://panlex.org/snapshot/panlex-20191001-csv/3776#91655199>				<https://panlex.org/snapshot/panlex-20191001-csv/3776#91655241>		"kepala"@id	
"takolo"@cic	<https://panlex.org/snapshot/panlex-20191001-csv/3776#91648977>				<https://panlex.org/snapshot/panlex-20191001-csv/3776#91648996>		"persik"@id	
"takolo"@cic	<https://panlex.org/snapshot/panlex-20191001-csv/3776#91648977>				<https://panlex.org/snapshot/panlex-20191001-csv/3776#91648997>		"kesemek"@id	
"talhlháʼpi"@cic	<https://panlex.org/snapshot/panlex-20191001-csv/3776#91650962>				<https://panlex.org/snapshot/panlex-20191001-csv/3776#91651005>		"lima"@id	
"tulhape"@cic	<https://panlex.org/snapshot/panlex-20191001-csv/3776#91650963>				<https://panlex.org/snapshot/panlex-20191001-csv/3776#91651005>		"lima"@id	
"homa"@cic	<https://panlex.org/snapshot/panlex-20191001-csv/3776#91667029>				<https://panlex.org/snapshot/panlex-20191001-csv/3776#91667064>		"merah"@id	
"homa"@cic	<https://panlex.org/snapshot/panlex-20191001-csv/3776#91666955>				<https://panlex.org/snapshot/panlex-20191001-csv/3776#91666987>		"merah"@id	
