"chiCheŵa"@ny	<https://panlex.org/snapshot/panlex-20191001-csv/6708#112337775>				<https://panlex.org/snapshot/panlex-20191001-csv/6708#112337782>		"尼昂加语"@cmn	
"chiCheŵa"@ny	<https://panlex.org/snapshot/panlex-20191001-csv/6708#112337785>				<https://panlex.org/snapshot/panlex-20191001-csv/6708#112337792>		"齐切瓦语"@cmn	
"chiCheŵa"@ny	<https://panlex.org/snapshot/panlex-20191001-csv/6708#112337755>				<https://panlex.org/snapshot/panlex-20191001-csv/6708#112337762>		"尼昂加语"@cmn	
"chiCheŵa"@ny	<https://panlex.org/snapshot/panlex-20191001-csv/6708#112337765>				<https://panlex.org/snapshot/panlex-20191001-csv/6708#112337772>		"齐切瓦语"@cmn	
"ndapita"@ny	<https://panlex.org/snapshot/panlex-20191001-csv/5947#84667371>				<https://panlex.org/snapshot/panlex-20191001-csv/5947#84667296>		"再見"@cmn	
"ndapita"@ny	<https://panlex.org/snapshot/panlex-20191001-csv/5947#84667371>				<https://panlex.org/snapshot/panlex-20191001-csv/5947#84667295>		"再见"@cmn	
"novembala"@ny	<https://panlex.org/snapshot/panlex-20191001-csv/5947#84740631>				<https://panlex.org/snapshot/panlex-20191001-csv/5947#84740573>		"十一月"@cmn	
"novembala"@ny	<https://panlex.org/snapshot/panlex-20191001-csv/5947#84740631>				<https://panlex.org/snapshot/panlex-20191001-csv/5947#84740572>		"十一月"@cmn	
"nyenyezi"@ny	<https://panlex.org/snapshot/panlex-20191001-csv/5942#83281587>				<https://panlex.org/snapshot/panlex-20191001-csv/5942#83281554>		"星"@cmn	
"nyenyezi"@ny	<https://panlex.org/snapshot/panlex-20191001-csv/5942#83281587>				<https://panlex.org/snapshot/panlex-20191001-csv/5942#83281555>		"星"@cmn	
"utawaleza"@ny	<https://panlex.org/snapshot/panlex-20191001-csv/9#485550>				<https://panlex.org/snapshot/panlex-20191001-csv/9#485508>		"隮"@cmn	
"utawaleza"@ny	<https://panlex.org/snapshot/panlex-20191001-csv/9#485550>				<https://panlex.org/snapshot/panlex-20191001-csv/9#485507>		"隮"@cmn	
"madzi"@ny	<https://panlex.org/snapshot/panlex-20191001-csv/12#851093>				<https://panlex.org/snapshot/panlex-20191001-csv/12#850885>		"水"@cmn	
"madzi"@ny	<https://panlex.org/snapshot/panlex-20191001-csv/12#851093>				<https://panlex.org/snapshot/panlex-20191001-csv/12#850884>		"水"@cmn	
"m’tendere"@ny	<https://panlex.org/snapshot/panlex-20191001-csv/2902#111012114>				<https://panlex.org/snapshot/panlex-20191001-csv/2902#111011986>		"和平"@cmn	
"m’tendere"@ny	<https://panlex.org/snapshot/panlex-20191001-csv/2902#111012114>				<https://panlex.org/snapshot/panlex-20191001-csv/2902#111012115>		"和平"@cmn	
"mchombo"@ny	<https://panlex.org/snapshot/panlex-20191001-csv/8#270222>				<https://panlex.org/snapshot/panlex-20191001-csv/8#270199>		"脐"@cmn	
"ntchenche"@ny	<https://panlex.org/snapshot/panlex-20191001-csv/8#194832>				<https://panlex.org/snapshot/panlex-20191001-csv/8#194792>		"蒼蠅"@cmn	
"ntchenche"@ny	<https://panlex.org/snapshot/panlex-20191001-csv/8#194832>				<https://panlex.org/snapshot/panlex-20191001-csv/8#194791>		"苍蝇"@cmn	
"Malaŵi"@ny	<https://panlex.org/snapshot/panlex-20191001-csv/10#646216>				<https://panlex.org/snapshot/panlex-20191001-csv/10#646183>		"马拉维"@cmn	
"madzi"@ny	<https://panlex.org/snapshot/panlex-20191001-csv/11#787691>				<https://panlex.org/snapshot/panlex-20191001-csv/11#787527>		"水"@cmn	
"madzi"@ny	<https://panlex.org/snapshot/panlex-20191001-csv/11#787691>				<https://panlex.org/snapshot/panlex-20191001-csv/11#787526>		"水"@cmn	
