"novembala"@ny	<https://panlex.org/snapshot/panlex-20191001-csv/5947#84740631>				<https://panlex.org/snapshot/panlex-20191001-csv/5947#84740658>		"Novemba"@tpi	
"Baibulo"@ny	<https://panlex.org/snapshot/panlex-20191001-csv/5949#85302755>				<https://panlex.org/snapshot/panlex-20191001-csv/5949#85302805>		"Baibel"@tpi	
"madzi"@ny	<https://panlex.org/snapshot/panlex-20191001-csv/12#851093>				<https://panlex.org/snapshot/panlex-20191001-csv/12#851204>		"wara"@tpi	
"m’tendere"@ny	<https://panlex.org/snapshot/panlex-20191001-csv/2902#111012114>				<https://panlex.org/snapshot/panlex-20191001-csv/2902#111012315>		"gutpela taim"@tpi	
"madzi"@ny	<https://panlex.org/snapshot/panlex-20191001-csv/11#787691>				<https://panlex.org/snapshot/panlex-20191001-csv/11#787755>		"wara"@tpi	
