"pœʼdai"@cas	<https://panlex.org/snapshot/panlex-20191001-csv/1573#50082637>				<https://panlex.org/snapshot/panlex-20191001-csv/1573#50082641>		"ʼuh-ʼtu-pe"@cbi	
"uhʼɲi"@cas	<https://panlex.org/snapshot/panlex-20191001-csv/1573#50085667>				<https://panlex.org/snapshot/panlex-20191001-csv/1573#50085670>		"pi"@cbi	
"uhʼɲi"@cas	<https://panlex.org/snapshot/panlex-20191001-csv/1573#50088237>				<https://panlex.org/snapshot/panlex-20191001-csv/1573#50088243>		"ʼpi-ʼhula"@cbi	
"uhʼɲi"@cas	<https://panlex.org/snapshot/panlex-20191001-csv/1573#50088237>				<https://panlex.org/snapshot/panlex-20191001-csv/1573#50088242>		"pi"@cbi	
"ʼdtu"@cas	<https://panlex.org/snapshot/panlex-20191001-csv/1573#50085426>				<https://panlex.org/snapshot/panlex-20191001-csv/1573#50085429>		"ʼtu-ʼhuru"@cbi	
"c̷iʼke"@cas	<https://panlex.org/snapshot/panlex-20191001-csv/1573#50087264>				<https://panlex.org/snapshot/panlex-20191001-csv/1573#50087267>		"pi"@cbi	
"tko"@cas	<https://panlex.org/snapshot/panlex-20191001-csv/1573#50088876>				<https://panlex.org/snapshot/panlex-20191001-csv/1573#50088880>		"ʼpusu"@cbi	
"mãyeʼdʸeʔ"@cas	<https://panlex.org/snapshot/panlex-20191001-csv/1573#50091069>				<https://panlex.org/snapshot/panlex-20191001-csv/1573#50091072>		"ʼselu"@cbi	
"deʼreʔ"@cas	<https://panlex.org/snapshot/panlex-20191001-csv/1573#50089671>				<https://panlex.org/snapshot/panlex-20191001-csv/1573#50089676>		"ʼhele"@cbi	
"deʼreʔ"@cas	<https://panlex.org/snapshot/panlex-20191001-csv/1573#50089671>				<https://panlex.org/snapshot/panlex-20191001-csv/1573#50089675>		"ʼheen-ʼbala"@cbi	
"deʼreʔ"@cas	<https://panlex.org/snapshot/panlex-20191001-csv/1573#50089965>				<https://panlex.org/snapshot/panlex-20191001-csv/1573#50089968>		"či"@cbi	
"ʼc̷œɲ"@cas	<https://panlex.org/snapshot/panlex-20191001-csv/1573#50091322>				<https://panlex.org/snapshot/panlex-20191001-csv/1573#50091325>		"ʼpahta"@cbi	
"ʼmix"@cas	<https://panlex.org/snapshot/panlex-20191001-csv/1573#50090499>				<https://panlex.org/snapshot/panlex-20191001-csv/1573#50090504>		"ʼšu-ʼpuka"@cbi	
"ʼmix"@cas	<https://panlex.org/snapshot/panlex-20191001-csv/1573#50090499>				<https://panlex.org/snapshot/panlex-20191001-csv/1573#50090503>		"ʼlanbaki"@cbi	
"c̷æn"@cas	<https://panlex.org/snapshot/panlex-20191001-csv/1573#50083885>				<https://panlex.org/snapshot/panlex-20191001-csv/1573#50083890>		"ʼlanʼbaki"@cbi	
"c̷æn"@cas	<https://panlex.org/snapshot/panlex-20191001-csv/1573#50083885>				<https://panlex.org/snapshot/panlex-20191001-csv/1573#50083889>		"ʼkuh-tu"@cbi	
"kuriči"@cas	<https://panlex.org/snapshot/panlex-20191001-csv/1573#50089228>				<https://panlex.org/snapshot/panlex-20191001-csv/1573#50089231>		"ʼwanʼdaa"@cbi	
"haʼmaiɲ"@cas	<https://panlex.org/snapshot/panlex-20191001-csv/1573#50083198>				<https://panlex.org/snapshot/panlex-20191001-csv/1573#50083201>		"ʼɲii-pe"@cbi	
"haʼmaiɲ"@cas	<https://panlex.org/snapshot/panlex-20191001-csv/1573#50085095>				<https://panlex.org/snapshot/panlex-20191001-csv/1573#50085100>		"ʼɲi-ʼya-ʔ-ʼpala"@cbi	
"bæɲiʼka"@cas	<https://panlex.org/snapshot/panlex-20191001-csv/1573#50084171>				<https://panlex.org/snapshot/panlex-20191001-csv/1573#50084177>		"panba"@cbi	
"ʼhak"@cas	<https://panlex.org/snapshot/panlex-20191001-csv/1573#50081995>				<https://panlex.org/snapshot/panlex-20191001-csv/1573#50081998>		"tu"@cbi	
"ʼhak"@cas	<https://panlex.org/snapshot/panlex-20191001-csv/1573#50082322>				<https://panlex.org/snapshot/panlex-20191001-csv/1573#50082326>		"tu"@cbi	
"ʼhak"@cas	<https://panlex.org/snapshot/panlex-20191001-csv/1573#50082638>				<https://panlex.org/snapshot/panlex-20191001-csv/1573#50082641>		"ʼuh-ʼtu-pe"@cbi	
"mœʼkæ"@cas	<https://panlex.org/snapshot/panlex-20191001-csv/1573#50083477>				<https://panlex.org/snapshot/panlex-20191001-csv/1573#50083483>		"ʼkuyi"@cbi	
"mœʼkæ"@cas	<https://panlex.org/snapshot/panlex-20191001-csv/1573#50083477>				<https://panlex.org/snapshot/panlex-20191001-csv/1573#50083484>		"ʼlun-ʼguyi"@cbi	
"puʼču"@cas	<https://panlex.org/snapshot/panlex-20191001-csv/1573#50084715>				<https://panlex.org/snapshot/panlex-20191001-csv/1573#50084718>		"išla"@cbi	
"yučiʼhaʔ"@cas	<https://panlex.org/snapshot/panlex-20191001-csv/1573#50082321>				<https://panlex.org/snapshot/panlex-20191001-csv/1573#50082326>		"tu"@cbi	
"tahʼɲi"@cas	<https://panlex.org/snapshot/panlex-20191001-csv/1573#50084172>				<https://panlex.org/snapshot/panlex-20191001-csv/1573#50084177>		"panba"@cbi	
"bæʼdʸe"@cas	<https://panlex.org/snapshot/panlex-20191001-csv/1573#50081730>				<https://panlex.org/snapshot/panlex-20191001-csv/1573#50081733>		"tu"@cbi	
"ʼtabra"@cas	<https://panlex.org/snapshot/panlex-20191001-csv/1573#50090216>				<https://panlex.org/snapshot/panlex-20191001-csv/1573#50090219>		"či"@cbi	
"boʼhka"@cas	<https://panlex.org/snapshot/panlex-20191001-csv/1573#50082909>				<https://panlex.org/snapshot/panlex-20191001-csv/1573#50082913>		"ʼpihpa"@cbi	
