"qipanaw"@mbs	<https://panlex.org/snapshot/panlex-20191001-csv/114#8053969>				<https://panlex.org/snapshot/panlex-20191001-csv/114#8053701>		"hipanow"@atd	
"qidong"@mbs	<https://panlex.org/snapshot/panlex-20191001-csv/114#8065296>				<https://panlex.org/snapshot/panlex-20191001-csv/114#8065055>		"qidung"@atd	
"logay"@mbs	<https://panlex.org/snapshot/panlex-20191001-csv/114#8064738>				<https://panlex.org/snapshot/panlex-20191001-csv/114#8064503>		"bulbul"@atd	
"kowanan"@mbs	<https://panlex.org/snapshot/panlex-20191001-csv/114#8052871>				<https://panlex.org/snapshot/panlex-20191001-csv/114#8052674>		"kawanan"@atd	
"bʌnis"@mbs	<https://panlex.org/snapshot/panlex-20191001-csv/114#8053383>				<https://panlex.org/snapshot/panlex-20191001-csv/114#8053131>		"paqa"@atd	
"liqʌg"@mbs	<https://panlex.org/snapshot/panlex-20191001-csv/114#8064203>				<https://panlex.org/snapshot/panlex-20191001-csv/114#8063967>		"liog"@atd	
"lamit"@mbs	<https://panlex.org/snapshot/panlex-20191001-csv/114#8062623>				<https://panlex.org/snapshot/panlex-20191001-csv/114#8062388>		"hallok"@atd	
"kagpa"@mbs	<https://panlex.org/snapshot/panlex-20191001-csv/114#8060577>				<https://panlex.org/snapshot/panlex-20191001-csv/114#8060312>		"sosolobon"@atd	
"kagpa"@mbs	<https://panlex.org/snapshot/panlex-20191001-csv/114#8060577>				<https://panlex.org/snapshot/panlex-20191001-csv/114#8060313>		"susu"@atd	
"dipanog"@mbs	<https://panlex.org/snapshot/panlex-20191001-csv/114#8063121>				<https://panlex.org/snapshot/panlex-20191001-csv/114#8062894>		"langosa"@atd	
"napoq"@mbs	<https://panlex.org/snapshot/panlex-20191001-csv/114#8056999>				<https://panlex.org/snapshot/panlex-20191001-csv/114#8056804>		"qalibu"@atd	
"mʌlipaq"@mbs	<https://panlex.org/snapshot/panlex-20191001-csv/114#8056517>				<https://panlex.org/snapshot/panlex-20191001-csv/114#8056297>		"maligsom"@atd	
"bʌlad"@mbs	<https://panlex.org/snapshot/panlex-20191001-csv/114#8051897>				<https://panlex.org/snapshot/panlex-20191001-csv/114#8051642>		"bolad"@atd	
"bʌlad"@mbs	<https://panlex.org/snapshot/panlex-20191001-csv/114#8051897>				<https://panlex.org/snapshot/panlex-20191001-csv/114#8051641>		"boad"@atd	
"qadʌk"@mbs	<https://panlex.org/snapshot/panlex-20191001-csv/114#8066248>				<https://panlex.org/snapshot/panlex-20191001-csv/114#8066029>		"ngadog"@atd	
"biling"@mbs	<https://panlex.org/snapshot/panlex-20191001-csv/114#8055499>				<https://panlex.org/snapshot/panlex-20191001-csv/114#8055282>		"ligot"@atd	
