"qipanaw"@mbs	<https://panlex.org/snapshot/panlex-20191001-csv/114#8053969>				<https://panlex.org/snapshot/panlex-20191001-csv/114#8054045>		"edada"@nrz	
"qidong"@mbs	<https://panlex.org/snapshot/panlex-20191001-csv/114#8065296>				<https://panlex.org/snapshot/panlex-20191001-csv/114#8065371>		"iduna"@nrz	
"logay"@mbs	<https://panlex.org/snapshot/panlex-20191001-csv/114#8064738>				<https://panlex.org/snapshot/panlex-20191001-csv/114#8064810>		"vina"@nrz	
"kowanan"@mbs	<https://panlex.org/snapshot/panlex-20191001-csv/114#8052871>				<https://panlex.org/snapshot/panlex-20191001-csv/114#8052937>		"ealina"@nrz	
"bʌnis"@mbs	<https://panlex.org/snapshot/panlex-20191001-csv/114#8053383>				<https://panlex.org/snapshot/panlex-20191001-csv/114#8053463>		"aena"@nrz	
"liqʌg"@mbs	<https://panlex.org/snapshot/panlex-20191001-csv/114#8064203>				<https://panlex.org/snapshot/panlex-20191001-csv/114#8064272>		"a bona"@nrz	
"lamit"@mbs	<https://panlex.org/snapshot/panlex-20191001-csv/114#8062623>				<https://panlex.org/snapshot/panlex-20191001-csv/114#8062694>		"emakau"@nrz	
"kagpa"@mbs	<https://panlex.org/snapshot/panlex-20191001-csv/114#8060577>				<https://panlex.org/snapshot/panlex-20191001-csv/114#8060653>		"pedena"@nrz	
"kagpa"@mbs	<https://panlex.org/snapshot/panlex-20191001-csv/114#8060577>				<https://panlex.org/snapshot/panlex-20191001-csv/114#8060652>		"baena"@nrz	
"dipanog"@mbs	<https://panlex.org/snapshot/panlex-20191001-csv/114#8063121>				<https://panlex.org/snapshot/panlex-20191001-csv/114#8063193>		"lalana"@nrz	
"napoq"@mbs	<https://panlex.org/snapshot/panlex-20191001-csv/114#8056999>				<https://panlex.org/snapshot/panlex-20191001-csv/114#8057067>		"apulolo"@nrz	
"mʌlipaq"@mbs	<https://panlex.org/snapshot/panlex-20191001-csv/114#8056517>				<https://panlex.org/snapshot/panlex-20191001-csv/114#8056585>		"eʼobu"@nrz	
"bʌlad"@mbs	<https://panlex.org/snapshot/panlex-20191001-csv/114#8051897>				<https://panlex.org/snapshot/panlex-20191001-csv/114#8051976>		"imana"@nrz	
"bʌlad"@mbs	<https://panlex.org/snapshot/panlex-20191001-csv/114#8051897>				<https://panlex.org/snapshot/panlex-20191001-csv/114#8051975>		"i mana"@nrz	
"qadʌk"@mbs	<https://panlex.org/snapshot/panlex-20191001-csv/114#8066248>				<https://panlex.org/snapshot/panlex-20191001-csv/114#8066321>		"ebonalala"@nrz	
"biling"@mbs	<https://panlex.org/snapshot/panlex-20191001-csv/114#8055499>				<https://panlex.org/snapshot/panlex-20191001-csv/114#8055562>		"ekaiʼudai"@nrz	
