"ulu"@bdg	<https://panlex.org/snapshot/panlex-20191001-csv/114#8063431>				<https://panlex.org/snapshot/panlex-20191001-csv/114#8063453>		"ulew"@bny	
"damak"@bdg	<https://panlex.org/snapshot/panlex-20191001-csv/114#8056309>				<https://panlex.org/snapshot/panlex-20191001-csv/114#8056332>		"jemiʔ"@bny	
"dila"@bdg	<https://panlex.org/snapshot/panlex-20191001-csv/114#8067639>				<https://panlex.org/snapshot/panlex-20191001-csv/114#8067661>		"jelaʔ"@bny	
"mihir"@bdg	<https://panlex.org/snapshot/panlex-20191001-csv/114#8061942>				<https://panlex.org/snapshot/panlex-20191001-csv/114#8061962>		"bepikér"@bny	
"ĕmpāno"@bdg	<https://panlex.org/snapshot/panlex-20191001-csv/114#8053718>				<https://panlex.org/snapshot/panlex-20191001-csv/114#8053742>		"lakaw"@bny	
