"biyo"@so	<https://panlex.org/snapshot/panlex-20191001-csv/2131#11695251>				<https://panlex.org/snapshot/panlex-20191001-csv/2131#11695127>		"ujë"@als	
"waraabin"@so	<https://panlex.org/snapshot/panlex-20191001-csv/2131#11695252>				<https://panlex.org/snapshot/panlex-20191001-csv/2131#11695127>		"ujë"@als	
"Tonga"@so	<https://panlex.org/snapshot/panlex-20191001-csv/6898#113610725>				<https://panlex.org/snapshot/panlex-20191001-csv/6898#113610741>		"Tonga"@als	
"Yaman"@so	<https://panlex.org/snapshot/panlex-20191001-csv/6898#113593522>				<https://panlex.org/snapshot/panlex-20191001-csv/6898#113593504>		"Jemen"@als	
"Ukrayn"@so	<https://panlex.org/snapshot/panlex-20191001-csv/6898#113600767>				<https://panlex.org/snapshot/panlex-20191001-csv/6898#113600872>		"Ukrainë"@als	
"Marshall Islands"@so	<https://panlex.org/snapshot/panlex-20191001-csv/6898#113594961>				<https://panlex.org/snapshot/panlex-20191001-csv/6898#113594935>		"Ishujt Marshall"@als	
"Luksemboorg"@so	<https://panlex.org/snapshot/panlex-20191001-csv/6898#113640974>				<https://panlex.org/snapshot/panlex-20191001-csv/6898#113640880>		"Luksemburg"@als	
"Urdun"@so	<https://panlex.org/snapshot/panlex-20191001-csv/6898#113611671>				<https://panlex.org/snapshot/panlex-20191001-csv/6898#113611697>		"Jordani"@als	
"Gibraltar"@so	<https://panlex.org/snapshot/panlex-20191001-csv/6898#113592920>				<https://panlex.org/snapshot/panlex-20191001-csv/6898#113592905>		"Gjibraltar"@als	
"Solomon Islands"@so	<https://panlex.org/snapshot/panlex-20191001-csv/6898#113602375>				<https://panlex.org/snapshot/panlex-20191001-csv/6898#113602323>		"Ishujt Solomon"@als	
"Bortuqaal"@so	<https://panlex.org/snapshot/panlex-20191001-csv/6898#113628631>				<https://panlex.org/snapshot/panlex-20191001-csv/6898#113628578>		"Portugali"@als	
"Iswaasilaand"@so	<https://panlex.org/snapshot/panlex-20191001-csv/6898#113625208>				<https://panlex.org/snapshot/panlex-20191001-csv/6898#113625217>		"Svazilandë"@als	
"Miyanmar"@so	<https://panlex.org/snapshot/panlex-20191001-csv/6898#113594272>				<https://panlex.org/snapshot/panlex-20191001-csv/6898#113594393>		"Mianmar (Burma)"@als	
"Maraykanka"@so	<https://panlex.org/snapshot/panlex-20191001-csv/6898#113597952>				<https://panlex.org/snapshot/panlex-20191001-csv/6898#113598145>		"SHBA"@als	
"Maraykanka"@so	<https://panlex.org/snapshot/panlex-20191001-csv/6898#113597952>				<https://panlex.org/snapshot/panlex-20191001-csv/6898#113597879>		"Shtetet e Bashkuara të Amerikës"@als	
"Iislaand"@so	<https://panlex.org/snapshot/panlex-20191001-csv/6898#113601123>				<https://panlex.org/snapshot/panlex-20191001-csv/6898#113601162>		"Islandë"@als	
"Jamhuuriyadda Domeenika"@so	<https://panlex.org/snapshot/panlex-20191001-csv/6898#113603477>				<https://panlex.org/snapshot/panlex-20191001-csv/6898#113603519>		"Republika Dominikane"@als	
"Uruguwaay"@so	<https://panlex.org/snapshot/panlex-20191001-csv/6898#113623456>				<https://panlex.org/snapshot/panlex-20191001-csv/6898#113623402>		"Uruguai"@als	
"Nauru"@so	<https://panlex.org/snapshot/panlex-20191001-csv/6898#113601637>				<https://panlex.org/snapshot/panlex-20191001-csv/6898#113601643>		"Nauru"@als	
"Saint Vincent and the Grenadines"@so	<https://panlex.org/snapshot/panlex-20191001-csv/6898#113611934>				<https://panlex.org/snapshot/panlex-20191001-csv/6898#113611906>		"Shën Vincent dhe Grenadine"@als	
"Fenisuweela"@so	<https://panlex.org/snapshot/panlex-20191001-csv/6898#113597554>				<https://panlex.org/snapshot/panlex-20191001-csv/6898#113597460>		"Venezuelë"@als	
"Nikaraaguwa"@so	<https://panlex.org/snapshot/panlex-20191001-csv/6898#113611145>				<https://panlex.org/snapshot/panlex-20191001-csv/6898#113611120>		"Nikaragua"@als	
"Pitcairn"@so	<https://panlex.org/snapshot/panlex-20191001-csv/6898#113602788>				<https://panlex.org/snapshot/panlex-20191001-csv/6898#113602836>		"Ishujt Pitkern"@als	
"Fiji"@so	<https://panlex.org/snapshot/panlex-20191001-csv/6898#113629986>				<https://panlex.org/snapshot/panlex-20191001-csv/6898#113629980>		"Fixhi"@als	
"Awstaraaliya"@so	<https://panlex.org/snapshot/panlex-20191001-csv/6898#113631610>				<https://panlex.org/snapshot/panlex-20191001-csv/6898#113631583>		"Australi"@als	
"Gini"@so	<https://panlex.org/snapshot/panlex-20191001-csv/6898#113617769>				<https://panlex.org/snapshot/panlex-20191001-csv/6898#113617857>		"Guine"@als	
"Biniin"@so	<https://panlex.org/snapshot/panlex-20191001-csv/6898#113607471>				<https://panlex.org/snapshot/panlex-20191001-csv/6898#113607531>		"Benin"@als	
"Timorka bari"@so	<https://panlex.org/snapshot/panlex-20191001-csv/6898#113632537>				<https://panlex.org/snapshot/panlex-20191001-csv/6898#113632777>		"Timori Lindor"@als	
"Timorka bari"@so	<https://panlex.org/snapshot/panlex-20191001-csv/6898#113632537>				<https://panlex.org/snapshot/panlex-20191001-csv/6898#113632594>		"Timor-Leste"@als	
"Koonfur Afrika"@so	<https://panlex.org/snapshot/panlex-20191001-csv/6898#113613702>				<https://panlex.org/snapshot/panlex-20191001-csv/6898#113613587>		"Afrika e Jugut"@als	
"Laybeeriya"@so	<https://panlex.org/snapshot/panlex-20191001-csv/6898#113605575>				<https://panlex.org/snapshot/panlex-20191001-csv/6898#113605509>		"Liberi"@als	
"Fiyetnaam"@so	<https://panlex.org/snapshot/panlex-20191001-csv/6898#113623666>				<https://panlex.org/snapshot/panlex-20191001-csv/6898#113623599>		"Vietnam"@als	
"Gaana"@so	<https://panlex.org/snapshot/panlex-20191001-csv/6898#113645495>				<https://panlex.org/snapshot/panlex-20191001-csv/6898#113645520>		"Ganë"@als	
"Lubnaan"@so	<https://panlex.org/snapshot/panlex-20191001-csv/6898#113585545>				<https://panlex.org/snapshot/panlex-20191001-csv/6898#113585555>		"Liban"@als	
"Musambiig"@so	<https://panlex.org/snapshot/panlex-20191001-csv/6898#113603276>				<https://panlex.org/snapshot/panlex-20191001-csv/6898#113603388>		"Mozambik"@als	
"Simbaabwe"@so	<https://panlex.org/snapshot/panlex-20191001-csv/6898#113583625>				<https://panlex.org/snapshot/panlex-20191001-csv/6898#113583642>		"Zimbabve"@als	
"Suuriya"@so	<https://panlex.org/snapshot/panlex-20191001-csv/6898#113598601>				<https://panlex.org/snapshot/panlex-20191001-csv/6898#113598657>		"Siri"@als	
"United Kingdom"@so	<https://panlex.org/snapshot/panlex-20191001-csv/6898#113592428>				<https://panlex.org/snapshot/panlex-20191001-csv/6898#113592570>		"MB"@als	
"United Kingdom"@so	<https://panlex.org/snapshot/panlex-20191001-csv/6898#113592428>				<https://panlex.org/snapshot/panlex-20191001-csv/6898#113592501>		"Mbretëria e Bashkuar"@als	
"Turks and Caicos Islands"@so	<https://panlex.org/snapshot/panlex-20191001-csv/6898#113588586>				<https://panlex.org/snapshot/panlex-20191001-csv/6898#113588572>		"Ishujt Turks dhe Kaikos"@als	
"Jabuuti"@so	<https://panlex.org/snapshot/panlex-20191001-csv/6898#113585677>				<https://panlex.org/snapshot/panlex-20191001-csv/6898#113585723>		"Xhibuti"@als	
"Giriinaada"@so	<https://panlex.org/snapshot/panlex-20191001-csv/6898#113604214>				<https://panlex.org/snapshot/panlex-20191001-csv/6898#113604129>		"Grenadë"@als	
"Far aan la aqoon amase aan saxnayn"@so	<https://panlex.org/snapshot/panlex-20191001-csv/6898#113628808>				<https://panlex.org/snapshot/panlex-20191001-csv/6898#113628800>		"I panjohur"@als	
"Burundi"@so	<https://panlex.org/snapshot/panlex-20191001-csv/6898#113626847>				<https://panlex.org/snapshot/panlex-20191001-csv/6898#113626861>		"Burundi"@als	
"Jamhuuriyadda Jek"@so	<https://panlex.org/snapshot/panlex-20191001-csv/6898#113619527>				<https://panlex.org/snapshot/panlex-20191001-csv/6898#113619561>		"Çeki"@als	
"Jamhuuriyadda Jek"@so	<https://panlex.org/snapshot/panlex-20191001-csv/6898#113619527>				<https://panlex.org/snapshot/panlex-20191001-csv/6898#113619613>		"Republika Çeke"@als	
"Shiinaha"@so	<https://panlex.org/snapshot/panlex-20191001-csv/6898#113614067>				<https://panlex.org/snapshot/panlex-20191001-csv/6898#113613956>		"Kinë"@als	
"Baarbadoos"@so	<https://panlex.org/snapshot/panlex-20191001-csv/6898#113620405>				<https://panlex.org/snapshot/panlex-20191001-csv/6898#113620403>		"Barbados"@als	
"Slovenia"@so	<https://panlex.org/snapshot/panlex-20191001-csv/6898#113636703>				<https://panlex.org/snapshot/panlex-20191001-csv/6898#113636604>		"Slloveni"@als	
"Meksiko"@so	<https://panlex.org/snapshot/panlex-20191001-csv/6898#113628461>				<https://panlex.org/snapshot/panlex-20191001-csv/6898#113628350>		"Meksikë"@als	
"Kasaakhistaan"@so	<https://panlex.org/snapshot/panlex-20191001-csv/6898#113590980>				<https://panlex.org/snapshot/panlex-20191001-csv/6898#113591023>		"Kazakistan"@als	
"Jaziiradda Cook"@so	<https://panlex.org/snapshot/panlex-20191001-csv/6898#113638480>				<https://panlex.org/snapshot/panlex-20191001-csv/6898#113638524>		"Ishujt Kuk"@als	
"Jili"@so	<https://panlex.org/snapshot/panlex-20191001-csv/6898#113624786>				<https://panlex.org/snapshot/panlex-20191001-csv/6898#113624747>		"Kili"@als	
"Cumaan"@so	<https://panlex.org/snapshot/panlex-20191001-csv/6898#113622601>				<https://panlex.org/snapshot/panlex-20191001-csv/6898#113622544>		"Oman"@als	
"Ruwanda"@so	<https://panlex.org/snapshot/panlex-20191001-csv/6898#113625435>				<https://panlex.org/snapshot/panlex-20191001-csv/6898#113625547>		"Ruandë"@als	
"Itoobiya"@so	<https://panlex.org/snapshot/panlex-20191001-csv/6898#113615747>				<https://panlex.org/snapshot/panlex-20191001-csv/6898#113615649>		"Etiopi"@als	
"San Marino"@so	<https://panlex.org/snapshot/panlex-20191001-csv/6898#113625748>				<https://panlex.org/snapshot/panlex-20191001-csv/6898#113625747>		"San-Marino"@als	
"Korweeshiya"@so	<https://panlex.org/snapshot/panlex-20191001-csv/6898#113623310>				<https://panlex.org/snapshot/panlex-20191001-csv/6898#113623149>		"Kroaci"@als	
"Boliifiya"@so	<https://panlex.org/snapshot/panlex-20191001-csv/6898#113609629>				<https://panlex.org/snapshot/panlex-20191001-csv/6898#113609546>		"Bolivi"@als	
"Khamiis"@so	<https://panlex.org/snapshot/panlex-20191001-csv/18#1002786>				<https://panlex.org/snapshot/panlex-20191001-csv/18#948081>		"e enjte"@als	
"Sabti"@so	<https://panlex.org/snapshot/panlex-20191001-csv/18#1002841>				<https://panlex.org/snapshot/panlex-20191001-csv/18#1002792>		"e shtunë"@als	
"Oktoobar"@so	<https://panlex.org/snapshot/panlex-20191001-csv/5940#81285691>				<https://panlex.org/snapshot/panlex-20191001-csv/5940#81285604>		"Oktober"@als	
"Qaramada Midoobay"@so	<https://panlex.org/snapshot/panlex-20191001-csv/5940#81286003>				<https://panlex.org/snapshot/panlex-20191001-csv/5940#81285885>		"Vereinte Nationen"@als	
"ingiriisi"@so	<https://panlex.org/snapshot/panlex-20191001-csv/5939#80799760>				<https://panlex.org/snapshot/panlex-20191001-csv/5939#80799658>		"Änglisch"@als	
"Jamhuriyadda Federaalka ee Jarmalka"@so	<https://panlex.org/snapshot/panlex-20191001-csv/5939#80768246>				<https://panlex.org/snapshot/panlex-20191001-csv/5939#80768170>		"Bundesrepublik Ditschlånd"@als	
"Peru"@so	<https://panlex.org/snapshot/panlex-20191001-csv/5949#85318313>				<https://panlex.org/snapshot/panlex-20191001-csv/5949#85318180>		"Peru"@als	
"Kab Ferde"@so	<https://panlex.org/snapshot/panlex-20191001-csv/5949#85311956>				<https://panlex.org/snapshot/panlex-20191001-csv/5949#85311884>		"Kap Verde"@als	
"Ruush"@so	<https://panlex.org/snapshot/panlex-20191001-csv/5949#85319593>				<https://panlex.org/snapshot/panlex-20191001-csv/5949#85319384>		"Russland"@als	
"Abessinia"@so	<https://panlex.org/snapshot/panlex-20191001-csv/5949#85297793>				<https://panlex.org/snapshot/panlex-20191001-csv/5949#85297734>		"Abessinie"@als	
"Jabaan"@so	<https://panlex.org/snapshot/panlex-20191001-csv/5949#85326110>				<https://panlex.org/snapshot/panlex-20191001-csv/5949#85326034>		"Japan"@als	
"Yemen"@so	<https://panlex.org/snapshot/panlex-20191001-csv/5949#85311046>				<https://panlex.org/snapshot/panlex-20191001-csv/5949#85310955>		"Jemen"@als	
"Uruguay"@so	<https://panlex.org/snapshot/panlex-20191001-csv/5949#85322959>				<https://panlex.org/snapshot/panlex-20191001-csv/5949#85322837>		"Uruguay"@als	
"Baarliin"@so	<https://panlex.org/snapshot/panlex-20191001-csv/5949#85302529>				<https://panlex.org/snapshot/panlex-20191001-csv/5949#85302377>		"Berlin"@als	
"Turki"@so	<https://panlex.org/snapshot/panlex-20191001-csv/5949#85322587>				<https://panlex.org/snapshot/panlex-20191001-csv/5949#85322456>		"Türkei"@als	
"Qudus"@so	<https://panlex.org/snapshot/panlex-20191001-csv/5949#85310018>				<https://panlex.org/snapshot/panlex-20191001-csv/5949#85309873>		"Jerusalem"@als	
"Singabuur"@so	<https://panlex.org/snapshot/panlex-20191001-csv/5949#85320588>				<https://panlex.org/snapshot/panlex-20191001-csv/5949#85320462>		"Singapùùr"@als	
"Latfiya"@so	<https://panlex.org/snapshot/panlex-20191001-csv/5949#85314372>				<https://panlex.org/snapshot/panlex-20191001-csv/5949#85314226>		"Lettland"@als	
"Ciise"@so	<https://panlex.org/snapshot/panlex-20191001-csv/5943#83289592>				<https://panlex.org/snapshot/panlex-20191001-csv/5943#83289483>		"Jesus"@als	
"toddobaad"@so	<https://panlex.org/snapshot/panlex-20191001-csv/611#25807125>				<https://panlex.org/snapshot/panlex-20191001-csv/611#25807033>		"javë"@als	
"Ingiriis"@so	<https://panlex.org/snapshot/panlex-20191001-csv/405#13623672>				<https://panlex.org/snapshot/panlex-20191001-csv/405#13623544>		"englische Sprache"@als	
"Ingiriis"@so	<https://panlex.org/snapshot/panlex-20191001-csv/405#13623672>				<https://panlex.org/snapshot/panlex-20191001-csv/405#13623545>		"gjuha angleze"@als	
"Bixaari"@so	<https://panlex.org/snapshot/panlex-20191001-csv/400#13342774>				<https://panlex.org/snapshot/panlex-20191001-csv/400#13342701>		"Bihari"@als	
"Fiitnaamays"@so	<https://panlex.org/snapshot/panlex-20191001-csv/400#13364815>				<https://panlex.org/snapshot/panlex-20191001-csv/400#13364741>		"Vietnamisht"@als	
"Tamiil"@so	<https://panlex.org/snapshot/panlex-20191001-csv/400#13362485>				<https://panlex.org/snapshot/panlex-20191001-csv/400#13362409>		"Tamil"@als	
"Swiidhis"@so	<https://panlex.org/snapshot/panlex-20191001-csv/400#13362224>				<https://panlex.org/snapshot/panlex-20191001-csv/400#13362148>		"Suedisht"@als	
"Suudaaniis"@so	<https://panlex.org/snapshot/panlex-20191001-csv/400#13362015>				<https://panlex.org/snapshot/panlex-20191001-csv/400#13361944>		"Sundanisht"@als	
"Sawaaxili"@so	<https://panlex.org/snapshot/panlex-20191001-csv/400#13362323>				<https://panlex.org/snapshot/panlex-20191001-csv/400#13362250>		"Suahilisht"@als	
"Amhari"@so	<https://panlex.org/snapshot/panlex-20191001-csv/400#13341161>				<https://panlex.org/snapshot/panlex-20191001-csv/400#13341090>		"Amharike"@als	
"Malaay"@so	<https://panlex.org/snapshot/panlex-20191001-csv/400#13355741>				<https://panlex.org/snapshot/panlex-20191001-csv/400#13355667>		"Malajzisht"@als	
"Hoosta"@so	<https://panlex.org/snapshot/panlex-20191001-csv/400#13365284>				<https://panlex.org/snapshot/panlex-20191001-csv/400#13365214>		"Xhosa"@als	
"Laothian"@so	<https://panlex.org/snapshot/panlex-20191001-csv/400#13353876>				<https://panlex.org/snapshot/panlex-20191001-csv/400#13353804>		"Laosisht"@als	
"Kannadays"@so	<https://panlex.org/snapshot/panlex-20191001-csv/400#13352577>				<https://panlex.org/snapshot/panlex-20191001-csv/400#13352503>		"Kanada"@als	
"Tiwiyan"@so	<https://panlex.org/snapshot/panlex-20191001-csv/400#13364017>				<https://panlex.org/snapshot/panlex-20191001-csv/400#13363948>		"Twi"@als	
"Yukreeniyaan"@so	<https://panlex.org/snapshot/panlex-20191001-csv/400#13364353>				<https://panlex.org/snapshot/panlex-20191001-csv/400#13364277>		"Ukrainisht"@als	
"Kurdishka"@so	<https://panlex.org/snapshot/panlex-20191001-csv/400#13353100>				<https://panlex.org/snapshot/panlex-20191001-csv/400#13353025>		"Kurd"@als	
"Boortaqiis (Boortuqaal)"@so	<https://panlex.org/snapshot/panlex-20191001-csv/400#13358974>				<https://panlex.org/snapshot/panlex-20191001-csv/400#13358923>		"Portugalisht (Portugali)"@als	
"Islofeeniyaan"@so	<https://panlex.org/snapshot/panlex-20191001-csv/400#13360971>				<https://panlex.org/snapshot/panlex-20191001-csv/400#13360896>		"Sllovenisht"@als	
"Asaamiis"@so	<https://panlex.org/snapshot/panlex-20191001-csv/400#13341740>				<https://panlex.org/snapshot/panlex-20191001-csv/400#13341667>		"Asamezisht"@als	
"Holandays"@so	<https://panlex.org/snapshot/panlex-20191001-csv/400#13356820>				<https://panlex.org/snapshot/panlex-20191001-csv/400#13356740>		"Hollandisht"@als	
"Sinhaleys"@so	<https://panlex.org/snapshot/panlex-20191001-csv/400#13360665>				<https://panlex.org/snapshot/panlex-20191001-csv/400#13360589>		"Sinhalezisht"@als	
"Boortaqiiska Baraasiil"@so	<https://panlex.org/snapshot/panlex-20191001-csv/400#13358906>				<https://panlex.org/snapshot/panlex-20191001-csv/400#13358852>		"Portugalisht (Brazil)"@als	
"Laatiin"@so	<https://panlex.org/snapshot/panlex-20191001-csv/400#13353433>				<https://panlex.org/snapshot/panlex-20191001-csv/400#13353358>		"Latinisht"@als	
"Seerbiyaan"@so	<https://panlex.org/snapshot/panlex-20191001-csv/400#13361685>				<https://panlex.org/snapshot/panlex-20191001-csv/400#13361610>		"Serbisht"@als	
"Jayniis"@so	<https://panlex.org/snapshot/panlex-20191001-csv/400#13365762>				<https://panlex.org/snapshot/panlex-20191001-csv/400#13365693>		"Kineze"@als	
"Jabbaaniis"@so	<https://panlex.org/snapshot/panlex-20191001-csv/400#13351385>				<https://panlex.org/snapshot/panlex-20191001-csv/400#13351304>		"Japanisht"@als	
"Soomaali"@so	<https://panlex.org/snapshot/panlex-20191001-csv/400#13361427>				<https://panlex.org/snapshot/panlex-20191001-csv/400#13361355>		"Somalisht"@als	
"Galiisiyaan"@so	<https://panlex.org/snapshot/panlex-20191001-csv/400#13348733>				<https://panlex.org/snapshot/panlex-20191001-csv/400#13348661>		"Galicianisht"@als	
"Nebaali"@so	<https://panlex.org/snapshot/panlex-20191001-csv/400#13356547>				<https://panlex.org/snapshot/panlex-20191001-csv/400#13356471>		"Nepalisht"@als	
"Boosniya"@so	<https://panlex.org/snapshot/panlex-20191001-csv/400#13343422>				<https://panlex.org/snapshot/panlex-20191001-csv/400#13343350>		"Boshnjakisht"@als	
"Boolish"@so	<https://panlex.org/snapshot/panlex-20191001-csv/400#13358512>				<https://panlex.org/snapshot/panlex-20191001-csv/400#13358435>		"Polonisht"@als	
"Af aan la aqoon ama aan sax ahayn"@so	<https://panlex.org/snapshot/panlex-20191001-csv/400#13364464>				<https://panlex.org/snapshot/panlex-20191001-csv/400#13364409>		"Unknown or Invalid Language"@als	
"Sesooto"@so	<https://panlex.org/snapshot/panlex-20191001-csv/400#13361924>				<https://panlex.org/snapshot/panlex-20191001-csv/400#13361857>		"Sesotho"@als	
"Cibri"@so	<https://panlex.org/snapshot/panlex-20191001-csv/400#13349550>				<https://panlex.org/snapshot/panlex-20191001-csv/400#13349474>		"Hebraisht"@als	
"Malayalam"@so	<https://panlex.org/snapshot/panlex-20191001-csv/400#13355220>				<https://panlex.org/snapshot/panlex-20191001-csv/400#13355146>		"Malajalam"@als	
"Teluugu"@so	<https://panlex.org/snapshot/panlex-20191001-csv/400#13362621>				<https://panlex.org/snapshot/panlex-20191001-csv/400#13362547>		"Telugu"@als	
"Lingala"@so	<https://panlex.org/snapshot/panlex-20191001-csv/400#13353786>				<https://panlex.org/snapshot/panlex-20191001-csv/400#13353717>		"Lingala"@als	
"Hindi"@so	<https://panlex.org/snapshot/panlex-20191001-csv/400#13349655>				<https://panlex.org/snapshot/panlex-20191001-csv/400#13349576>		"Hindi"@als	
"Jafaaniis"@so	<https://panlex.org/snapshot/panlex-20191001-csv/400#13351605>				<https://panlex.org/snapshot/panlex-20191001-csv/400#13351531>		"Javanisht"@als	
"Laatfiyaan"@so	<https://panlex.org/snapshot/panlex-20191001-csv/400#13354341>				<https://panlex.org/snapshot/panlex-20191001-csv/400#13354264>		"Letonisht"@als	
"Firiisiyan Galbeed"@so	<https://panlex.org/snapshot/panlex-20191001-csv/400#13348209>				<https://panlex.org/snapshot/panlex-20191001-csv/400#13348136>		"Frizianisht"@als	
"Ayslandays"@so	<https://panlex.org/snapshot/panlex-20191001-csv/400#13351117>				<https://panlex.org/snapshot/panlex-20191001-csv/400#13351040>		"Islandisht"@als	
"Farowsi"@so	<https://panlex.org/snapshot/panlex-20191001-csv/400#13347703>				<https://panlex.org/snapshot/panlex-20191001-csv/400#13347631>		"Faroisht"@als	
"Bereton"@so	<https://panlex.org/snapshot/panlex-20191001-csv/400#13343295>				<https://panlex.org/snapshot/panlex-20191001-csv/400#13343223>		"Breton"@als	
"Kamboodhian"@so	<https://panlex.org/snapshot/panlex-20191001-csv/400#13352451>				<https://panlex.org/snapshot/panlex-20191001-csv/400#13352377>		"Kamboxhiane"@als	
"Isbaanish"@so	<https://panlex.org/snapshot/panlex-20191001-csv/400#13346788>				<https://panlex.org/snapshot/panlex-20191001-csv/400#13346706>		"Spanjisht"@als	
"Fiinlaandees"@so	<https://panlex.org/snapshot/panlex-20191001-csv/400#13347415>				<https://panlex.org/snapshot/panlex-20191001-csv/400#13347338>		"Finlandisht"@als	
"Urduu"@so	<https://panlex.org/snapshot/panlex-20191001-csv/400#13364549>				<https://panlex.org/snapshot/panlex-20191001-csv/400#13364476>		"Urdu"@als	
"Albaaniyaan"@so	<https://panlex.org/snapshot/panlex-20191001-csv/400#13361589>				<https://panlex.org/snapshot/panlex-20191001-csv/400#13361512>		"shqipe"@als	
"Indunuusiyaan"@so	<https://panlex.org/snapshot/panlex-20191001-csv/400#13350499>				<https://panlex.org/snapshot/panlex-20191001-csv/400#13350421>		"Indonezisht"@als	
"Talyaani"@so	<https://panlex.org/snapshot/panlex-20191001-csv/400#13351225>				<https://panlex.org/snapshot/panlex-20191001-csv/400#13351142>		"Italisht"@als	
"Bangaali"@so	<https://panlex.org/snapshot/panlex-20191001-csv/400#13343096>				<https://panlex.org/snapshot/panlex-20191001-csv/400#13343019>		"Bengalisht"@als	
"Bunjaabi"@so	<https://panlex.org/snapshot/panlex-20191001-csv/400#13358039>				<https://panlex.org/snapshot/panlex-20191001-csv/400#13357964>		"Punxhabi"@als	
"Koroʼeeshiyaan"@so	<https://panlex.org/snapshot/panlex-20191001-csv/400#13349936>				<https://panlex.org/snapshot/panlex-20191001-csv/400#13349859>		"Kroatisht"@als	
"Sanskrit"@so	<https://panlex.org/snapshot/panlex-20191001-csv/400#13359731>				<https://panlex.org/snapshot/panlex-20191001-csv/400#13359658>		"Sanskritisht"@als	
"Maltiis"@so	<https://panlex.org/snapshot/panlex-20191001-csv/400#13355835>				<https://panlex.org/snapshot/panlex-20191001-csv/400#13355763>		"Maltisht"@als	
"Afrikaanays"@so	<https://panlex.org/snapshot/panlex-20191001-csv/400#13340751>				<https://panlex.org/snapshot/panlex-20191001-csv/400#13340674>		"Afrikanisht"@als	
"Masadooniyaan"@so	<https://panlex.org/snapshot/panlex-20191001-csv/400#13355089>				<https://panlex.org/snapshot/panlex-20191001-csv/400#13355012>		"Maqedonisht"@als	
"Ingiriisi"@so	<https://panlex.org/snapshot/panlex-20191001-csv/400#13346353>				<https://panlex.org/snapshot/panlex-20191001-csv/400#13346270>		"Anglisht"@als	
"Kuuriyaan"@so	<https://panlex.org/snapshot/panlex-20191001-csv/400#13352676>				<https://panlex.org/snapshot/panlex-20191001-csv/400#13352599>		"Koreançe"@als	
"Taaylandays"@so	<https://panlex.org/snapshot/panlex-20191001-csv/400#13362873>				<https://panlex.org/snapshot/panlex-20191001-csv/400#13362798>		"Tajlandisht"@als	
"Serbiyaan"@so	<https://panlex.org/snapshot/panlex-20191001-csv/400#13360536>				<https://panlex.org/snapshot/panlex-20191001-csv/400#13360470>		"Serbo-Kroatisht"@als	
"Interlinguwa"@so	<https://panlex.org/snapshot/panlex-20191001-csv/400#13350365>				<https://panlex.org/snapshot/panlex-20191001-csv/400#13350293>		"Interlingua"@als	
"Jarmal"@so	<https://panlex.org/snapshot/panlex-20191001-csv/400#13345408>				<https://panlex.org/snapshot/panlex-20191001-csv/400#13345328>		"Gjermanisht"@als	
"Carabi"@so	<https://panlex.org/snapshot/panlex-20191001-csv/400#13341439>				<https://panlex.org/snapshot/panlex-20191001-csv/400#13341358>		"Arabisht"@als	
"Giriik"@so	<https://panlex.org/snapshot/panlex-20191001-csv/400#13346207>				<https://panlex.org/snapshot/panlex-20191001-csv/400#13346129>		"Greqisht"@als	
"Bulgeeriyaan"@so	<https://panlex.org/snapshot/panlex-20191001-csv/400#13342679>				<https://panlex.org/snapshot/panlex-20191001-csv/400#13342604>		"Bullgarisht"@als	
"Beleruusiyaan"@so	<https://panlex.org/snapshot/panlex-20191001-csv/400#13342469>				<https://panlex.org/snapshot/panlex-20191001-csv/400#13342393>		"Bjellorusisht"@als	
"Nowrwejiyan (naynoroski)"@so	<https://panlex.org/snapshot/panlex-20191001-csv/400#13356954>				<https://panlex.org/snapshot/panlex-20191001-csv/400#13356887>		"Norvegjisht (Nynorsk)"@als	
"Mangooli"@so	<https://panlex.org/snapshot/panlex-20191001-csv/400#13355316>				<https://panlex.org/snapshot/panlex-20191001-csv/400#13355242>		"Mongolisht"@als	
"Jeeg"@so	<https://panlex.org/snapshot/panlex-20191001-csv/400#13344835>				<https://panlex.org/snapshot/panlex-20191001-csv/400#13344758>		"Çekisht"@als	
"Istooniyaan"@so	<https://panlex.org/snapshot/panlex-20191001-csv/400#13346975>				<https://panlex.org/snapshot/panlex-20191001-csv/400#13346897>		"Estonisht"@als	
"Romanka"@so	<https://panlex.org/snapshot/panlex-20191001-csv/400#13359329>				<https://panlex.org/snapshot/panlex-20191001-csv/400#13359254>		"Rumanisht"@als	
"Ruush"@so	<https://panlex.org/snapshot/panlex-20191001-csv/400#13359545>				<https://panlex.org/snapshot/panlex-20191001-csv/400#13359467>		"Rusisht"@als	
"Kirgiis"@so	<https://panlex.org/snapshot/panlex-20191001-csv/400#13353337>				<https://panlex.org/snapshot/panlex-20191001-csv/400#13353267>		"Kyrgyz"@als	
"Turkish"@so	<https://panlex.org/snapshot/panlex-20191001-csv/400#13363642>				<https://panlex.org/snapshot/panlex-20191001-csv/400#13363570>		"Turqisht"@als	
"SINDHI"@so	<https://panlex.org/snapshot/panlex-20191001-csv/400#13360200>				<https://panlex.org/snapshot/panlex-20191001-csv/400#13360129>		"Si’ndi"@als	
"Turkumaanish"@so	<https://panlex.org/snapshot/panlex-20191001-csv/400#13363129>				<https://panlex.org/snapshot/panlex-20191001-csv/400#13363059>		"Turk"@als	
"Faransiis"@so	<https://panlex.org/snapshot/panlex-20191001-csv/400#13347840>				<https://panlex.org/snapshot/panlex-20191001-csv/400#13347760>		"Frengjisht"@als	
"Basquu"@so	<https://panlex.org/snapshot/panlex-20191001-csv/400#13347071>				<https://panlex.org/snapshot/panlex-20191001-csv/400#13346999>		"Baskisht"@als	
"Ayrish"@so	<https://panlex.org/snapshot/panlex-20191001-csv/400#13348310>				<https://panlex.org/snapshot/panlex-20191001-csv/400#13348231>		"Irlandisht"@als	
"Usbakis"@so	<https://panlex.org/snapshot/panlex-20191001-csv/400#13364646>				<https://panlex.org/snapshot/panlex-20191001-csv/400#13364573>		"Uzbekistanisht"@als	
"Maarati"@so	<https://panlex.org/snapshot/panlex-20191001-csv/400#13355645>				<https://panlex.org/snapshot/panlex-20191001-csv/400#13355571>		"Marati"@als	
"Isloofaak"@so	<https://panlex.org/snapshot/panlex-20191001-csv/400#13360875>				<https://panlex.org/snapshot/panlex-20191001-csv/400#13360801>		"Sllovakisht"@als	
"Welsh"@so	<https://panlex.org/snapshot/panlex-20191001-csv/400#13345091>				<https://panlex.org/snapshot/panlex-20191001-csv/400#13345017>		"Uellsisht"@als	
"Hangariyaan"@so	<https://panlex.org/snapshot/panlex-20191001-csv/400#13350108>				<https://panlex.org/snapshot/panlex-20191001-csv/400#13350034>		"Hungarisht"@als	
"Armeeniyaan"@so	<https://panlex.org/snapshot/panlex-20191001-csv/400#13350241>				<https://panlex.org/snapshot/panlex-20191001-csv/400#13350167>		"Armen"@als	
"Gujaraati"@so	<https://panlex.org/snapshot/panlex-20191001-csv/400#13349247>				<https://panlex.org/snapshot/panlex-20191001-csv/400#13349172>		"Guxharati"@als	
"Iskot Giilik"@so	<https://panlex.org/snapshot/panlex-20191001-csv/400#13348513>				<https://panlex.org/snapshot/panlex-20191001-csv/400#13348440>		"Galisht"@als	
"Yadhish"@so	<https://panlex.org/snapshot/panlex-20191001-csv/400#13365445>				<https://panlex.org/snapshot/panlex-20191001-csv/400#13365373>		"Jiden"@als	
"Boortaqiis"@so	<https://panlex.org/snapshot/panlex-20191001-csv/400#13358822>				<https://panlex.org/snapshot/panlex-20191001-csv/400#13358743>		"Portugeze"@als	
"Danmarkays"@so	<https://panlex.org/snapshot/panlex-20191001-csv/400#13345190>				<https://panlex.org/snapshot/panlex-20191001-csv/400#13345112>		"Danisht"@als	
"Af Noorwiijiyaan"@so	<https://panlex.org/snapshot/panlex-20191001-csv/400#13357046>				<https://panlex.org/snapshot/panlex-20191001-csv/400#13356969>		"Norvegjisht"@als	
"Zuulu"@so	<https://panlex.org/snapshot/panlex-20191001-csv/400#13366014>				<https://panlex.org/snapshot/panlex-20191001-csv/400#13365941>		"Zulu"@als	
"Isberento"@so	<https://panlex.org/snapshot/panlex-20191001-csv/400#13346683>				<https://panlex.org/snapshot/panlex-20191001-csv/400#13346608>		"Esperanto"@als	
"Guraani"@so	<https://panlex.org/snapshot/panlex-20191001-csv/400#13348865>				<https://panlex.org/snapshot/panlex-20191001-csv/400#13348795>		"Guarani"@als	
"Oriya"@so	<https://panlex.org/snapshot/panlex-20191001-csv/400#13357792>				<https://panlex.org/snapshot/panlex-20191001-csv/400#13357719>		"Orija"@als	
"Lituwaanays"@so	<https://panlex.org/snapshot/panlex-20191001-csv/400#13354037>				<https://panlex.org/snapshot/panlex-20191001-csv/400#13353963>		"Lituanisht"@als	
"Katalaan"@so	<https://panlex.org/snapshot/panlex-20191001-csv/400#13343668>				<https://panlex.org/snapshot/panlex-20191001-csv/400#13343593>		"Katalonisht"@als	
"Tagalog"@so	<https://panlex.org/snapshot/panlex-20191001-csv/400#13347511>				<https://panlex.org/snapshot/panlex-20191001-csv/400#13347441>		"Tagalogisht"@als	
"Kiligoon"@so	<https://panlex.org/snapshot/panlex-20191001-csv/400#13363316>				<https://panlex.org/snapshot/panlex-20191001-csv/400#13363246>		"Klingon"@als	
"Azerbaijan"@so	<https://panlex.org/snapshot/panlex-20191001-csv/400#13342090>				<https://panlex.org/snapshot/panlex-20191001-csv/400#13342015>		"Azerbajxhanisht"@als	
"Okitaan"@so	<https://panlex.org/snapshot/panlex-20191001-csv/400#13357616>				<https://panlex.org/snapshot/panlex-20191001-csv/400#13357540>		"Oksitanisht"@als	
"Interlingue"@so	<https://panlex.org/snapshot/panlex-20191001-csv/400#13350588>				<https://panlex.org/snapshot/panlex-20191001-csv/400#13350522>		"Gjuha nderkombtare"@als	
"Tigrinya"@so	<https://panlex.org/snapshot/panlex-20191001-csv/400#13362965>				<https://panlex.org/snapshot/panlex-20191001-csv/400#13362895>		"Tigrinja"@als	
"Joorijiyaan"@so	<https://panlex.org/snapshot/panlex-20191001-csv/400#13351702>				<https://panlex.org/snapshot/panlex-20191001-csv/400#13351627>		"Gjeorgjisht"@als	
"UIGHUR"@so	<https://panlex.org/snapshot/panlex-20191001-csv/400#13364222>				<https://panlex.org/snapshot/panlex-20191001-csv/400#13364153>		"Ujgur"@als	
"Bashtuu"@so	<https://panlex.org/snapshot/panlex-20191001-csv/400#13358721>				<https://panlex.org/snapshot/panlex-20191001-csv/400#13358648>		"Pashto"@als	
"Faarisi"@so	<https://panlex.org/snapshot/panlex-20191001-csv/400#13347205>				<https://panlex.org/snapshot/panlex-20191001-csv/400#13347128>		"Persisht"@als	
"Sabti"@so	<https://panlex.org/snapshot/panlex-20191001-csv/19#1021801>				<https://panlex.org/snapshot/panlex-20191001-csv/19#1021746>		"e shtunë"@als	
"Faransiis"@so	<https://panlex.org/snapshot/panlex-20191001-csv/19#1023539>				<https://panlex.org/snapshot/panlex-20191001-csv/19#1023479>		"Frëngjisht"@als	
"Arbaca"@so	<https://panlex.org/snapshot/panlex-20191001-csv/19#1021602>				<https://panlex.org/snapshot/panlex-20191001-csv/19#1021548>		"e mërkurë"@als	
"Jimce"@so	<https://panlex.org/snapshot/panlex-20191001-csv/19#1021734>				<https://panlex.org/snapshot/panlex-20191001-csv/19#1021679>		"e premte"@als	
"Khamiis"@so	<https://panlex.org/snapshot/panlex-20191001-csv/19#1021666>				<https://panlex.org/snapshot/panlex-20191001-csv/19#1021614>		"e enjte"@als	
"Jamhuriyadda Federaalka ee Jarmalka"@so	<https://panlex.org/snapshot/panlex-20191001-csv/9#522308>				<https://panlex.org/snapshot/panlex-20191001-csv/9#522259>		"Republika Federale e Gjermanisë"@als	
"qaamuus"@so	<https://panlex.org/snapshot/panlex-20191001-csv/9#479176>				<https://panlex.org/snapshot/panlex-20191001-csv/9#479118>		"fjalor"@als	
"Af-Carabi"@so	<https://panlex.org/snapshot/panlex-20191001-csv/9#485728>				<https://panlex.org/snapshot/panlex-20191001-csv/9#485680>		"Arabishte"@als	
"Jarmal"@so	<https://panlex.org/snapshot/panlex-20191001-csv/9#481155>				<https://panlex.org/snapshot/panlex-20191001-csv/9#481091>		"Gjermanisht"@als	
"abriil"@so	<https://panlex.org/snapshot/panlex-20191001-csv/9#473162>				<https://panlex.org/snapshot/panlex-20191001-csv/9#473090>		"prill"@als	
"gu'"@so	<https://panlex.org/snapshot/panlex-20191001-csv/9#478329>				<https://panlex.org/snapshot/panlex-20191001-csv/9#478260>		"pranverë"@als	
"sagaal"@so	<https://panlex.org/snapshot/panlex-20191001-csv/9#491038>				<https://panlex.org/snapshot/panlex-20191001-csv/9#490915>		"nëntë"@als	
"Midowga Yurub"@so	<https://panlex.org/snapshot/panlex-20191001-csv/9#516401>				<https://panlex.org/snapshot/panlex-20191001-csv/9#516328>		"Bashkimi Europian"@als	
"qaanso"@so	<https://panlex.org/snapshot/panlex-20191001-csv/9#485559>				<https://panlex.org/snapshot/panlex-20191001-csv/9#485494>		"ylber"@als	
"ingiriisi"@so	<https://panlex.org/snapshot/panlex-20191001-csv/9#479802>				<https://panlex.org/snapshot/panlex-20191001-csv/9#479723>		"anglisht"@als	
"Ruush"@so	<https://panlex.org/snapshot/panlex-20191001-csv/9#506387>				<https://panlex.org/snapshot/panlex-20191001-csv/9#506330>		"rusisht"@als	
"Talaado"@so	<https://panlex.org/snapshot/panlex-20191001-csv/9#477332>				<https://panlex.org/snapshot/panlex-20191001-csv/9#477261>		"e martë"@als	
"ogost"@so	<https://panlex.org/snapshot/panlex-20191001-csv/9#473485>				<https://panlex.org/snapshot/panlex-20191001-csv/9#473405>		"gusht"@als	
"Ruush"@so	<https://panlex.org/snapshot/panlex-20191001-csv/12#897603>				<https://panlex.org/snapshot/panlex-20191001-csv/12#897538>		"Rusisht"@als	
"Jimce"@so	<https://panlex.org/snapshot/panlex-20191001-csv/12#857355>				<https://panlex.org/snapshot/panlex-20191001-csv/12#857286>		"e premte"@als	
"guduud"@so	<https://panlex.org/snapshot/panlex-20191001-csv/12#844395>				<https://panlex.org/snapshot/panlex-20191001-csv/12#844356>		"kuq"@als	
"lidan"@so	<https://panlex.org/snapshot/panlex-20191001-csv/12#845873>				<https://panlex.org/snapshot/panlex-20191001-csv/12#845819>		"gjashtëdhjetë"@als	
"Arbaca"@so	<https://panlex.org/snapshot/panlex-20191001-csv/12#857635>				<https://panlex.org/snapshot/panlex-20191001-csv/12#857585>		"e mërkurë"@als	
"jalaqsan"@so	<https://panlex.org/snapshot/panlex-20191001-csv/12#849561>				<https://panlex.org/snapshot/panlex-20191001-csv/12#849481>		"bukur"@als	
"jalaqsan"@so	<https://panlex.org/snapshot/panlex-20191001-csv/12#849468>				<https://panlex.org/snapshot/panlex-20191001-csv/12#849384>		"bukur"@als	
"jalaqsan"@so	<https://panlex.org/snapshot/panlex-20191001-csv/12#859759>				<https://panlex.org/snapshot/panlex-20191001-csv/12#859678>		"bukur"@als	
"Jarmal"@so	<https://panlex.org/snapshot/panlex-20191001-csv/12#849696>				<https://panlex.org/snapshot/panlex-20191001-csv/12#849629>		"Gjermanisht"@als	
"Talyani"@so	<https://panlex.org/snapshot/panlex-20191001-csv/12#894848>				<https://panlex.org/snapshot/panlex-20191001-csv/12#894785>		"Italisht"@als	
"Faransiis"@so	<https://panlex.org/snapshot/panlex-20191001-csv/12#845014>				<https://panlex.org/snapshot/panlex-20191001-csv/12#844952>		"frëngjisht"@als	
"yar"@so	<https://panlex.org/snapshot/panlex-20191001-csv/12#843954>				<https://panlex.org/snapshot/panlex-20191001-csv/12#843893>		"vogël"@als	
"baraf"@so	<https://panlex.org/snapshot/panlex-20191001-csv/12#846892>				<https://panlex.org/snapshot/panlex-20191001-csv/12#846830>		"borë"@als	
"Khamiis"@so	<https://panlex.org/snapshot/panlex-20191001-csv/12#857715>				<https://panlex.org/snapshot/panlex-20191001-csv/12#857648>		"e enjte"@als	
"markasta"@so	<https://panlex.org/snapshot/panlex-20191001-csv/12#864714>				<https://panlex.org/snapshot/panlex-20191001-csv/12#864639>		"gjithnjë"@als	
"markasta"@so	<https://panlex.org/snapshot/panlex-20191001-csv/12#864714>				<https://panlex.org/snapshot/panlex-20191001-csv/12#864637>		"gjithherë"@als	
"markasta"@so	<https://panlex.org/snapshot/panlex-20191001-csv/12#864714>				<https://panlex.org/snapshot/panlex-20191001-csv/12#864638>		"gjithmonë"@als	
"markasta"@so	<https://panlex.org/snapshot/panlex-20191001-csv/12#864524>				<https://panlex.org/snapshot/panlex-20191001-csv/12#864446>		"gjithherë"@als	
"markasta"@so	<https://panlex.org/snapshot/panlex-20191001-csv/12#864524>				<https://panlex.org/snapshot/panlex-20191001-csv/12#864447>		"gjithmonë"@als	
"markasta"@so	<https://panlex.org/snapshot/panlex-20191001-csv/12#864524>				<https://panlex.org/snapshot/panlex-20191001-csv/12#864448>		"gjithnjë"@als	
"markasta"@so	<https://panlex.org/snapshot/panlex-20191001-csv/12#864619>				<https://panlex.org/snapshot/panlex-20191001-csv/12#864544>		"gjithnjë"@als	
"markasta"@so	<https://panlex.org/snapshot/panlex-20191001-csv/12#864619>				<https://panlex.org/snapshot/panlex-20191001-csv/12#864542>		"gjithherë"@als	
"markasta"@so	<https://panlex.org/snapshot/panlex-20191001-csv/12#864619>				<https://panlex.org/snapshot/panlex-20191001-csv/12#864543>		"gjithmonë"@als	
"abwan-ka"@so	<https://panlex.org/snapshot/panlex-20191001-csv/12#844046>				<https://panlex.org/snapshot/panlex-20191001-csv/12#843973>		"fjalor"@als	
"aragsan"@so	<https://panlex.org/snapshot/panlex-20191001-csv/12#849560>				<https://panlex.org/snapshot/panlex-20191001-csv/12#849481>		"bukur"@als	
"aragsan"@so	<https://panlex.org/snapshot/panlex-20191001-csv/12#849467>				<https://panlex.org/snapshot/panlex-20191001-csv/12#849384>		"bukur"@als	
"aragsan"@so	<https://panlex.org/snapshot/panlex-20191001-csv/12#859758>				<https://panlex.org/snapshot/panlex-20191001-csv/12#859678>		"bukur"@als	
"moos"@so	<https://panlex.org/snapshot/panlex-20191001-csv/12#918103>				<https://panlex.org/snapshot/panlex-20191001-csv/12#918067>		"banane"@als	
"Axad"@so	<https://panlex.org/snapshot/panlex-20191001-csv/12#857506>				<https://panlex.org/snapshot/panlex-20191001-csv/12#857443>		"e diel"@als	
"hadda"@so	<https://panlex.org/snapshot/panlex-20191001-csv/12#849004>				<https://panlex.org/snapshot/panlex-20191001-csv/12#848947>		"tash"@als	
"weligeedba"@so	<https://panlex.org/snapshot/panlex-20191001-csv/12#864715>				<https://panlex.org/snapshot/panlex-20191001-csv/12#864639>		"gjithnjë"@als	
"weligeedba"@so	<https://panlex.org/snapshot/panlex-20191001-csv/12#864715>				<https://panlex.org/snapshot/panlex-20191001-csv/12#864637>		"gjithherë"@als	
"weligeedba"@so	<https://panlex.org/snapshot/panlex-20191001-csv/12#864715>				<https://panlex.org/snapshot/panlex-20191001-csv/12#864638>		"gjithmonë"@als	
"weligeedba"@so	<https://panlex.org/snapshot/panlex-20191001-csv/12#864620>				<https://panlex.org/snapshot/panlex-20191001-csv/12#864544>		"gjithnjë"@als	
"weligeedba"@so	<https://panlex.org/snapshot/panlex-20191001-csv/12#864620>				<https://panlex.org/snapshot/panlex-20191001-csv/12#864542>		"gjithherë"@als	
"weligeedba"@so	<https://panlex.org/snapshot/panlex-20191001-csv/12#864620>				<https://panlex.org/snapshot/panlex-20191001-csv/12#864543>		"gjithmonë"@als	
"weligeedba"@so	<https://panlex.org/snapshot/panlex-20191001-csv/12#864525>				<https://panlex.org/snapshot/panlex-20191001-csv/12#864446>		"gjithherë"@als	
"weligeedba"@so	<https://panlex.org/snapshot/panlex-20191001-csv/12#864525>				<https://panlex.org/snapshot/panlex-20191001-csv/12#864447>		"gjithmonë"@als	
"weligeedba"@so	<https://panlex.org/snapshot/panlex-20191001-csv/12#864525>				<https://panlex.org/snapshot/panlex-20191001-csv/12#864448>		"gjithnjë"@als	
"qaamuus"@so	<https://panlex.org/snapshot/panlex-20191001-csv/12#844047>				<https://panlex.org/snapshot/panlex-20191001-csv/12#843973>		"fjalor"@als	
"dayr"@so	<https://panlex.org/snapshot/panlex-20191001-csv/12#857876>				<https://panlex.org/snapshot/panlex-20191001-csv/12#857833>		"vjeshtë"@als	
"Sabti"@so	<https://panlex.org/snapshot/panlex-20191001-csv/12#857429>				<https://panlex.org/snapshot/panlex-20191001-csv/12#857371>		"e shtunë"@als	
"faas"@so	<https://panlex.org/snapshot/panlex-20191001-csv/12#871256>				<https://panlex.org/snapshot/panlex-20191001-csv/12#871200>		"sëpatë"@als	
"Afrika"@so	<https://panlex.org/snapshot/panlex-20191001-csv/12#870278>				<https://panlex.org/snapshot/panlex-20191001-csv/12#870208>		"Afrika"@als	
"aray"@so	<https://panlex.org/snapshot/panlex-20191001-csv/12#850004>				<https://panlex.org/snapshot/panlex-20191001-csv/12#849952>		"fjalë"@als	
"aray"@so	<https://panlex.org/snapshot/panlex-20191001-csv/12#850143>				<https://panlex.org/snapshot/panlex-20191001-csv/12#850091>		"fjalë"@als	
"aray"@so	<https://panlex.org/snapshot/panlex-20191001-csv/12#859414>				<https://panlex.org/snapshot/panlex-20191001-csv/12#859362>		"fjalë"@als	
"cas"@so	<https://panlex.org/snapshot/panlex-20191001-csv/12#844394>				<https://panlex.org/snapshot/panlex-20191001-csv/12#844356>		"kuq"@als	
"biyo"@so	<https://panlex.org/snapshot/panlex-20191001-csv/12#851155>				<https://panlex.org/snapshot/panlex-20191001-csv/12#850828>		"ujë"@als	
"muus"@so	<https://panlex.org/snapshot/panlex-20191001-csv/12#918104>				<https://panlex.org/snapshot/panlex-20191001-csv/12#918067>		"banane"@als	
"waraabin"@so	<https://panlex.org/snapshot/panlex-20191001-csv/12#851156>				<https://panlex.org/snapshot/panlex-20191001-csv/12#850828>		"ujë"@als	
"qaanso"@so	<https://panlex.org/snapshot/panlex-20191001-csv/8#165200>				<https://panlex.org/snapshot/panlex-20191001-csv/8#165118>		"ylber"@als	
"geed"@so	<https://panlex.org/snapshot/panlex-20191001-csv/8#153684>				<https://panlex.org/snapshot/panlex-20191001-csv/8#153582>		"pemë"@als	
"geed"@so	<https://panlex.org/snapshot/panlex-20191001-csv/8#153684>				<https://panlex.org/snapshot/panlex-20191001-csv/8#153581>		"dru"@als	
"Jimce"@so	<https://panlex.org/snapshot/panlex-20191001-csv/8#97534>				<https://panlex.org/snapshot/panlex-20191001-csv/8#97468>		"e premte"@als	
"Axad"@so	<https://panlex.org/snapshot/panlex-20191001-csv/8#97715>				<https://panlex.org/snapshot/panlex-20191001-csv/8#97641>		"e diel"@als	
"malayalam"@so	<https://panlex.org/snapshot/panlex-20191001-csv/5#27754>				<https://panlex.org/snapshot/panlex-20191001-csv/5#27681>		"malajalam"@als	
"carabi"@so	<https://panlex.org/snapshot/panlex-20191001-csv/5#20093>				<https://panlex.org/snapshot/panlex-20191001-csv/5#20017>		"arabishte"@als	
"boosniya"@so	<https://panlex.org/snapshot/panlex-20191001-csv/5#23571>				<https://panlex.org/snapshot/panlex-20191001-csv/5#23500>		"boshnjakishte"@als	
"tamiil"@so	<https://panlex.org/snapshot/panlex-20191001-csv/5#28166>				<https://panlex.org/snapshot/panlex-20191001-csv/5#28094>		"tamilishte"@als	
"kannadays"@so	<https://panlex.org/snapshot/panlex-20191001-csv/5#24594>				<https://panlex.org/snapshot/panlex-20191001-csv/5#24521>		"kanada"@als	
"teluugu"@so	<https://panlex.org/snapshot/panlex-20191001-csv/5#28467>				<https://panlex.org/snapshot/panlex-20191001-csv/5#28393>		"telugu"@als	
"masadooniyaan"@so	<https://panlex.org/snapshot/panlex-20191001-csv/5#23884>				<https://panlex.org/snapshot/panlex-20191001-csv/5#23811>		"maqedonishte"@als	
"yadhish"@so	<https://panlex.org/snapshot/panlex-20191001-csv/5#22257>				<https://panlex.org/snapshot/panlex-20191001-csv/5#22185>		"jiden"@als	
"welsh"@so	<https://panlex.org/snapshot/panlex-20191001-csv/5#23370>				<https://panlex.org/snapshot/panlex-20191001-csv/5#23301>		"uelsishte"@als	
"laatiin"@so	<https://panlex.org/snapshot/panlex-20191001-csv/5#21145>				<https://panlex.org/snapshot/panlex-20191001-csv/5#21070>		"latinishte"@als	
"maarati"@so	<https://panlex.org/snapshot/panlex-20191001-csv/5#25810>				<https://panlex.org/snapshot/panlex-20191001-csv/5#25739>		"marati"@als	
"sinhaleys"@so	<https://panlex.org/snapshot/panlex-20191001-csv/5#24189>				<https://panlex.org/snapshot/panlex-20191001-csv/5#24117>		"sinhalezishte"@als	
"fiinlaandees"@so	<https://panlex.org/snapshot/panlex-20191001-csv/5#25413>				<https://panlex.org/snapshot/panlex-20191001-csv/5#25340>		"finlandishte"@als	
"nebaali"@so	<https://panlex.org/snapshot/panlex-20191001-csv/5#27653>				<https://panlex.org/snapshot/panlex-20191001-csv/5#27580>		"nepalishte"@als	
"usbakis"@so	<https://panlex.org/snapshot/panlex-20191001-csv/5#22357>				<https://panlex.org/snapshot/panlex-20191001-csv/5#22285>		"uzbekishte"@als	
"armeeniyan"@so	<https://panlex.org/snapshot/panlex-20191001-csv/5#28775>				<https://panlex.org/snapshot/panlex-20191001-csv/5#28705>		"armenishte"@als	
"azerbaijan"@so	<https://panlex.org/snapshot/panlex-20191001-csv/5#22559>				<https://panlex.org/snapshot/panlex-20191001-csv/5#22482>		"azerbajxhanishte"@als	
"isloofaak"@so	<https://panlex.org/snapshot/panlex-20191001-csv/5#25312>				<https://panlex.org/snapshot/panlex-20191001-csv/5#25238>		"sllovakishte"@als	
"fiitnaamays"@so	<https://panlex.org/snapshot/panlex-20191001-csv/5#26844>				<https://panlex.org/snapshot/panlex-20191001-csv/5#26774>		"vietnamishte"@als	
"burtaqiis"@so	<https://panlex.org/snapshot/panlex-20191001-csv/5#23064>				<https://panlex.org/snapshot/panlex-20191001-csv/5#22989>		"portugalishte"@als	
"katalaan"@so	<https://panlex.org/snapshot/panlex-20191001-csv/5#27551>				<https://panlex.org/snapshot/panlex-20191001-csv/5#27477>		"katalonishte"@als	
"albaaniyaan"@so	<https://panlex.org/snapshot/panlex-20191001-csv/5#21761>				<https://panlex.org/snapshot/panlex-20191001-csv/5#21685>		"shqipe"@als	
"Soomaaliga"@so	<https://panlex.org/snapshot/panlex-20191001-csv/5#25711>				<https://panlex.org/snapshot/panlex-20191001-csv/5#25639>		"somalishte"@als	
"isberento"@so	<https://panlex.org/snapshot/panlex-20191001-csv/5#20831>				<https://panlex.org/snapshot/panlex-20191001-csv/5#20757>		"Esperanto"@als	
"holandays"@so	<https://panlex.org/snapshot/panlex-20191001-csv/5#24291>				<https://panlex.org/snapshot/panlex-20191001-csv/5#24216>		"holandishte"@als	
"mangooli"@so	<https://panlex.org/snapshot/panlex-20191001-csv/5#22659>				<https://panlex.org/snapshot/panlex-20191001-csv/5#22590>		"mongolishte"@als	
"faransiis"@so	<https://panlex.org/snapshot/panlex-20191001-csv/5#27859>				<https://panlex.org/snapshot/panlex-20191001-csv/5#27781>		"frëngjishte"@als	
"noorwiijiyaan"@so	<https://panlex.org/snapshot/panlex-20191001-csv/5#21251>				<https://panlex.org/snapshot/panlex-20191001-csv/5#21175>		"norvegjishte"@als	
"yukreeniyaan"@so	<https://panlex.org/snapshot/panlex-20191001-csv/5#20194>				<https://panlex.org/snapshot/panlex-20191001-csv/5#20125>		"ukrainishte"@als	
"galiisiyaan"@so	<https://panlex.org/snapshot/panlex-20191001-csv/5#22456>				<https://panlex.org/snapshot/panlex-20191001-csv/5#22386>		"galicianishte"@als	
"kasaakh"@so	<https://panlex.org/snapshot/panlex-20191001-csv/5#26541>				<https://panlex.org/snapshot/panlex-20191001-csv/5#26473>		"kazakishte"@als	
"basquu"@so	<https://panlex.org/snapshot/panlex-20191001-csv/5#25515>				<https://panlex.org/snapshot/panlex-20191001-csv/5#25443>		"baskishte"@als	
"bereton"@so	<https://panlex.org/snapshot/panlex-20191001-csv/5#22060>				<https://panlex.org/snapshot/panlex-20191001-csv/5#21989>		"bretonishte"@als	
"lituwaanays"@so	<https://panlex.org/snapshot/panlex-20191001-csv/5#27357>				<https://panlex.org/snapshot/panlex-20191001-csv/5#27285>		"lituanishte"@als	
"laatfiyaan"@so	<https://panlex.org/snapshot/panlex-20191001-csv/5#23985>				<https://panlex.org/snapshot/panlex-20191001-csv/5#23913>		"letonishte"@als	
"sindhi"@so	<https://panlex.org/snapshot/panlex-20191001-csv/5#27451>				<https://panlex.org/snapshot/panlex-20191001-csv/5#27386>		"sindi"@als	
"joorijiyaan"@so	<https://panlex.org/snapshot/panlex-20191001-csv/5#28365>				<https://panlex.org/snapshot/panlex-20191001-csv/5#28292>		"gjeorgjishte"@als	
"iskot giilik"@so	<https://panlex.org/snapshot/panlex-20191001-csv/5#24493>				<https://panlex.org/snapshot/panlex-20191001-csv/5#24425>		"galishte"@als	
"faarisi"@so	<https://panlex.org/snapshot/panlex-20191001-csv/5#23783>				<https://panlex.org/snapshot/panlex-20191001-csv/5#23708>		"persishte"@als	
"ayrish"@so	<https://panlex.org/snapshot/panlex-20191001-csv/5#26226>				<https://panlex.org/snapshot/panlex-20191001-csv/5#26145>		"irlandishte"@als	
"koroʼeeshiyaan"@so	<https://panlex.org/snapshot/panlex-20191001-csv/5#22957>				<https://panlex.org/snapshot/panlex-20191001-csv/5#22885>		"kroatishte"@als	
"amhari"@so	<https://panlex.org/snapshot/panlex-20191001-csv/5#22157>				<https://panlex.org/snapshot/panlex-20191001-csv/5#22087>		"amharishte"@als	
"istooniyaan"@so	<https://panlex.org/snapshot/panlex-20191001-csv/5#26643>				<https://panlex.org/snapshot/panlex-20191001-csv/5#26569>		"estonishte"@als	
"hindi"@so	<https://panlex.org/snapshot/panlex-20191001-csv/5#20299>				<https://panlex.org/snapshot/panlex-20191001-csv/5#20223>		"hindishte"@als	
"urduu"@so	<https://panlex.org/snapshot/panlex-20191001-csv/5#26116>				<https://panlex.org/snapshot/panlex-20191001-csv/5#26044>		"urdu"@als	
"turkish"@so	<https://panlex.org/snapshot/panlex-20191001-csv/5#26742>				<https://panlex.org/snapshot/panlex-20191001-csv/5#26672>		"turqishte"@als	
"beleruusiyaan"@so	<https://panlex.org/snapshot/panlex-20191001-csv/5#25912>				<https://panlex.org/snapshot/panlex-20191001-csv/5#25839>		"bjellorusishte"@als	
"sawaaxili"@so	<https://panlex.org/snapshot/panlex-20191001-csv/5#21862>				<https://panlex.org/snapshot/panlex-20191001-csv/5#21790>		"suahilishte"@als	
"indunuusiyaan"@so	<https://panlex.org/snapshot/panlex-20191001-csv/5#21559>				<https://panlex.org/snapshot/panlex-20191001-csv/5#21484>		"indonezishte"@als	
"kurdishka"@so	<https://panlex.org/snapshot/panlex-20191001-csv/5#21656>				<https://panlex.org/snapshot/panlex-20191001-csv/5#21588>		"kurdishte"@als	
"tagalog"@so	<https://panlex.org/snapshot/panlex-20191001-csv/5#25211>				<https://panlex.org/snapshot/panlex-20191001-csv/5#25139>		"tagalogishte"@als	
"bulgeeriyaan"@so	<https://panlex.org/snapshot/panlex-20191001-csv/5#21454>				<https://panlex.org/snapshot/panlex-20191001-csv/5#21382>		"bullgarishte"@als	
"boolish"@so	<https://panlex.org/snapshot/panlex-20191001-csv/5#20503>				<https://panlex.org/snapshot/panlex-20191001-csv/5#20427>		"polonishte"@als	
"seerbiyaan"@so	<https://panlex.org/snapshot/panlex-20191001-csv/5#21352>				<https://panlex.org/snapshot/panlex-20191001-csv/5#21283>		"serbishte"@als	
"taaylandays"@so	<https://panlex.org/snapshot/panlex-20191001-csv/5#24087>				<https://panlex.org/snapshot/panlex-20191001-csv/5#24014>		"tajlandishte"@als	
"maltiis"@so	<https://panlex.org/snapshot/panlex-20191001-csv/5#25003>				<https://panlex.org/snapshot/panlex-20191001-csv/5#24931>		"maltishte"@als	
"hangariyaan"@so	<https://panlex.org/snapshot/panlex-20191001-csv/5#25108>				<https://panlex.org/snapshot/panlex-20191001-csv/5#25033>		"hungarishte"@als	
"ayslandays"@so	<https://panlex.org/snapshot/panlex-20191001-csv/5#23272>				<https://panlex.org/snapshot/panlex-20191001-csv/5#23200>		"islandishte"@als	
"jarmal"@so	<https://panlex.org/snapshot/panlex-20191001-csv/5#20718>				<https://panlex.org/snapshot/panlex-20191001-csv/5#20638>		"gjermanishte"@als	
"shiinees"@so	<https://panlex.org/snapshot/panlex-20191001-csv/5#24899>				<https://panlex.org/snapshot/panlex-20191001-csv/5#24823>		"kinezishte"@als	
"bunjaabi"@so	<https://panlex.org/snapshot/panlex-20191001-csv/5#26017>				<https://panlex.org/snapshot/panlex-20191001-csv/5#25941>		"punxhabi"@als	
"kirgiis"@so	<https://panlex.org/snapshot/panlex-20191001-csv/5#25614>				<https://panlex.org/snapshot/panlex-20191001-csv/5#25544>		"kirgizishte"@als	
"isbaanish"@so	<https://panlex.org/snapshot/panlex-20191001-csv/5#26334>				<https://panlex.org/snapshot/panlex-20191001-csv/5#26257>		"spanjishte"@als	
"malaay"@so	<https://panlex.org/snapshot/panlex-20191001-csv/5#21956>				<https://panlex.org/snapshot/panlex-20191001-csv/5#21887>		"malajzishte"@als	
"giriik"@so	<https://panlex.org/snapshot/panlex-20191001-csv/5#26441>				<https://panlex.org/snapshot/panlex-20191001-csv/5#26364>		"greqishte"@als	
"cibri"@so	<https://panlex.org/snapshot/panlex-20191001-csv/5#24397>				<https://panlex.org/snapshot/panlex-20191001-csv/5#24321>		"hebraishte"@als	
"talyaani"@so	<https://panlex.org/snapshot/panlex-20191001-csv/5#23676>				<https://panlex.org/snapshot/panlex-20191001-csv/5#23600>		"italishte"@als	
"farowsi"@so	<https://panlex.org/snapshot/panlex-20191001-csv/5#20398>				<https://panlex.org/snapshot/panlex-20191001-csv/5#20328>		"faroishte"@als	
"kuuriyaan"@so	<https://panlex.org/snapshot/panlex-20191001-csv/5#28062>				<https://panlex.org/snapshot/panlex-20191001-csv/5#27986>		"koreanishte"@als	
"danmarkays"@so	<https://panlex.org/snapshot/panlex-20191001-csv/5#20938>				<https://panlex.org/snapshot/panlex-20191001-csv/5#20864>		"danishte"@als	
"bengaali"@so	<https://panlex.org/snapshot/panlex-20191001-csv/5#26951>				<https://panlex.org/snapshot/panlex-20191001-csv/5#26874>		"bengalishte"@als	
"jafaaniis"@so	<https://panlex.org/snapshot/panlex-20191001-csv/5#27155>				<https://panlex.org/snapshot/panlex-20191001-csv/5#27084>		"javanishte"@als	
"swiidhis"@so	<https://panlex.org/snapshot/panlex-20191001-csv/5#27054>				<https://panlex.org/snapshot/panlex-20191001-csv/5#26984>		"suedishte"@als	
"islofeeniyaan"@so	<https://panlex.org/snapshot/panlex-20191001-csv/5#24695>				<https://panlex.org/snapshot/panlex-20191001-csv/5#24621>		"sllovenishte"@als	
"ingiriis"@so	<https://panlex.org/snapshot/panlex-20191001-csv/5#28675>				<https://panlex.org/snapshot/panlex-20191001-csv/5#28593>		"anglishte"@als	
"uighur"@so	<https://panlex.org/snapshot/panlex-20191001-csv/5#28266>				<https://panlex.org/snapshot/panlex-20191001-csv/5#28196>		"ujgurishte"@als	
"romanka"@so	<https://panlex.org/snapshot/panlex-20191001-csv/5#27256>				<https://panlex.org/snapshot/panlex-20191001-csv/5#27183>		"rumanishte"@als	
"ruushiyaan"@so	<https://panlex.org/snapshot/panlex-20191001-csv/5#23168>				<https://panlex.org/snapshot/panlex-20191001-csv/5#23094>		"rusishte"@als	
"tigrinya"@so	<https://panlex.org/snapshot/panlex-20191001-csv/5#22858>				<https://panlex.org/snapshot/panlex-20191001-csv/5#22787>		"tigrinja"@als	
"afrikaanays"@so	<https://panlex.org/snapshot/panlex-20191001-csv/5#20610>				<https://panlex.org/snapshot/panlex-20191001-csv/5#20533>		"afrikanishte"@als	
"turkumaanish"@so	<https://panlex.org/snapshot/panlex-20191001-csv/5#28566>				<https://panlex.org/snapshot/panlex-20191001-csv/5#28497>		"turkmenishte"@als	
"jabaaniis"@so	<https://panlex.org/snapshot/panlex-20191001-csv/5#21040>				<https://panlex.org/snapshot/panlex-20191001-csv/5#20968>		"japonishte"@als	
"Arbaca"@so	<https://panlex.org/snapshot/panlex-20191001-csv/10#557221>				<https://panlex.org/snapshot/panlex-20191001-csv/10#557169>		"e mërkurë"@als	
"tusaale"@so	<https://panlex.org/snapshot/panlex-20191001-csv/10#613919>				<https://panlex.org/snapshot/panlex-20191001-csv/10#613891>		"për shembull"@als	
"shimbir badeed"@so	<https://panlex.org/snapshot/panlex-20191001-csv/10#720245>				<https://panlex.org/snapshot/panlex-20191001-csv/10#720186>		"patë"@als	
"sariir"@so	<https://panlex.org/snapshot/panlex-20191001-csv/10#587454>				<https://panlex.org/snapshot/panlex-20191001-csv/10#587403>		"shrati"@als	
"sariir"@so	<https://panlex.org/snapshot/panlex-20191001-csv/10#587454>				<https://panlex.org/snapshot/panlex-20191001-csv/10#587402>		"krevat"@als	
"sariir"@so	<https://panlex.org/snapshot/panlex-20191001-csv/10#587454>				<https://panlex.org/snapshot/panlex-20191001-csv/10#587404>		"shtrat"@als	
"Afrika"@so	<https://panlex.org/snapshot/panlex-20191001-csv/10#628688>				<https://panlex.org/snapshot/panlex-20191001-csv/10#628619>		"Afrika"@als	
"lidan"@so	<https://panlex.org/snapshot/panlex-20191001-csv/10#592233>				<https://panlex.org/snapshot/panlex-20191001-csv/10#592179>		"gjashtëdhjetë"@als	
"moos"@so	<https://panlex.org/snapshot/panlex-20191001-csv/10#592516>				<https://panlex.org/snapshot/panlex-20191001-csv/10#592484>		"banane"@als	
"eray"@so	<https://panlex.org/snapshot/panlex-20191001-csv/15#955998>				<https://panlex.org/snapshot/panlex-20191001-csv/15#955975>		"fjalë"@als	
"caad"@so	<https://panlex.org/snapshot/panlex-20191001-csv/15#957166>				<https://panlex.org/snapshot/panlex-20191001-csv/15#957110>		"re"@als	
"hees"@so	<https://panlex.org/snapshot/panlex-20191001-csv/15#963386>				<https://panlex.org/snapshot/panlex-20191001-csv/15#963363>		"këngë"@als	
"geed"@so	<https://panlex.org/snapshot/panlex-20191001-csv/15#955763>				<https://panlex.org/snapshot/panlex-20191001-csv/15#955741>		"pemë"@als	
"muraayad"@so	<https://panlex.org/snapshot/panlex-20191001-csv/15#971671>				<https://panlex.org/snapshot/panlex-20191001-csv/15#971627>		"pasqyrë"@als	
"daaqad"@so	<https://panlex.org/snapshot/panlex-20191001-csv/15#968874>				<https://panlex.org/snapshot/panlex-20191001-csv/15#968854>		"dritare"@als	
"duul"@so	<https://panlex.org/snapshot/panlex-20191001-csv/15#967099>				<https://panlex.org/snapshot/panlex-20191001-csv/15#967087>		"fluturoj"@als	
"wanaagsan"@so	<https://panlex.org/snapshot/panlex-20191001-csv/15#961678>				<https://panlex.org/snapshot/panlex-20191001-csv/15#961623>		"mirë"@als	
"daruur"@so	<https://panlex.org/snapshot/panlex-20191001-csv/15#957167>				<https://panlex.org/snapshot/panlex-20191001-csv/15#957110>		"re"@als	
"heesee"@so	<https://panlex.org/snapshot/panlex-20191001-csv/15#967265>				<https://panlex.org/snapshot/panlex-20191001-csv/15#967246>		"këndoj"@als	
"Axad"@so	<https://panlex.org/snapshot/panlex-20191001-csv/15#953543>				<https://panlex.org/snapshot/panlex-20191001-csv/15#953498>		"e diel"@als	
"bisad"@so	<https://panlex.org/snapshot/panlex-20191001-csv/15#959398>				<https://panlex.org/snapshot/panlex-20191001-csv/15#959368>		"mace"@als	
"balambaalis"@so	<https://panlex.org/snapshot/panlex-20191001-csv/11#789748>				<https://panlex.org/snapshot/panlex-20191001-csv/11#789675>		"flutur"@als	
"bissad"@so	<https://panlex.org/snapshot/panlex-20191001-csv/11#795673>				<https://panlex.org/snapshot/panlex-20191001-csv/11#795579>		"Huuschatz"@als	
"bissad"@so	<https://panlex.org/snapshot/panlex-20191001-csv/11#795673>				<https://panlex.org/snapshot/panlex-20191001-csv/11#795580>		"macja"@als	
"Ingriisi"@so	<https://panlex.org/snapshot/panlex-20191001-csv/13#944322>				<https://panlex.org/snapshot/panlex-20191001-csv/13#944252>		"Anglishte"@als	
"Ingriisi"@so	<https://panlex.org/snapshot/panlex-20191001-csv/13#944322>				<https://panlex.org/snapshot/panlex-20191001-csv/13#944251>		"Anglisht"@als	
"Af-Carabi"@so	<https://panlex.org/snapshot/panlex-20191001-csv/13#949236>				<https://panlex.org/snapshot/panlex-20191001-csv/13#949183>		"Arabishte"@als	
"Faransiis"@so	<https://panlex.org/snapshot/panlex-20191001-csv/13#945067>				<https://panlex.org/snapshot/panlex-20191001-csv/13#945008>		"Frëngjisht"@als	
"Talyani"@so	<https://panlex.org/snapshot/panlex-20191001-csv/13#944532>				<https://panlex.org/snapshot/panlex-20191001-csv/13#944472>		"Italisht"@als	
"Ruush"@so	<https://panlex.org/snapshot/panlex-20191001-csv/13#945588>				<https://panlex.org/snapshot/panlex-20191001-csv/13#945527>		"Rusisht"@als	
"Jarmal"@so	<https://panlex.org/snapshot/panlex-20191001-csv/13#944684>				<https://panlex.org/snapshot/panlex-20191001-csv/13#944622>		"Gjermanisht"@als	
"qaamuus"@so	<https://panlex.org/snapshot/panlex-20191001-csv/13#945252>				<https://panlex.org/snapshot/panlex-20191001-csv/13#945182>		"fjalor"@als	
"abwan-ka"@so	<https://panlex.org/snapshot/panlex-20191001-csv/13#945251>				<https://panlex.org/snapshot/panlex-20191001-csv/13#945182>		"fjalor"@als	
