"biyo"@so	<https://panlex.org/snapshot/panlex-20191001-csv/12#851155>				<https://panlex.org/snapshot/panlex-20191001-csv/12#851227>		"dalom"@uun	
"biyo"@so	<https://panlex.org/snapshot/panlex-20191001-csv/12#851155>				<https://panlex.org/snapshot/panlex-20191001-csv/12#851228>		"dalúm"@uun	
"biyo"@so	<https://panlex.org/snapshot/panlex-20191001-csv/12#851155>				<https://panlex.org/snapshot/panlex-20191001-csv/12#851229>		"darūm"@uun	
"waraabin"@so	<https://panlex.org/snapshot/panlex-20191001-csv/12#851156>				<https://panlex.org/snapshot/panlex-20191001-csv/12#851227>		"dalom"@uun	
"waraabin"@so	<https://panlex.org/snapshot/panlex-20191001-csv/12#851156>				<https://panlex.org/snapshot/panlex-20191001-csv/12#851228>		"dalúm"@uun	
"waraabin"@so	<https://panlex.org/snapshot/panlex-20191001-csv/12#851156>				<https://panlex.org/snapshot/panlex-20191001-csv/12#851229>		"darūm"@uun	
