"dehūši"@car	<https://panlex.org/snapshot/panlex-20191001-csv/1573#50090873>				<https://panlex.org/snapshot/panlex-20191001-csv/1573#50090903>		"maawær̃in"@ekk	
"sāʔdaʔda"@car	<https://panlex.org/snapshot/panlex-20191001-csv/1573#50083197>				<https://panlex.org/snapshot/panlex-20191001-csv/1573#50083231>		"liiw"@ekk	
"yedukadɨ"@car	<https://panlex.org/snapshot/panlex-20191001-csv/1573#50089478>				<https://panlex.org/snapshot/panlex-20191001-csv/1573#50089506>		"yuga"@ekk	
"yedukadɨ"@car	<https://panlex.org/snapshot/panlex-20191001-csv/1573#50089478>				<https://panlex.org/snapshot/panlex-20191001-csv/1573#50089505>		"kosk"@ekk	
"nono"@car	<https://panlex.org/snapshot/panlex-20191001-csv/1573#50082320>				<https://panlex.org/snapshot/panlex-20191001-csv/1573#50082357>		"maapind"@ekk	
"ewɨ̄tɨ"@car	<https://panlex.org/snapshot/panlex-20191001-csv/1573#50085425>				<https://panlex.org/snapshot/panlex-20191001-csv/1573#50085454>		"koobas"@ekk	
"čūta"@car	<https://panlex.org/snapshot/panlex-20191001-csv/1573#50089670>				<https://panlex.org/snapshot/panlex-20191001-csv/1573#50089710>		"mets"@ekk	
"dantadɨ"@car	<https://panlex.org/snapshot/panlex-20191001-csv/1573#50084714>				<https://panlex.org/snapshot/panlex-20191001-csv/1573#50084744>		"saar̃"@ekk	
"tuna"@car	<https://panlex.org/snapshot/panlex-20191001-csv/1573#50085666>				<https://panlex.org/snapshot/panlex-20191001-csv/1573#50085702>		"wesi"@ekk	
"təʔhu"@car	<https://panlex.org/snapshot/panlex-20191001-csv/1573#50090498>				<https://panlex.org/snapshot/panlex-20191001-csv/1573#50090552>		"kalyu"@ekk	
"təʔhu"@car	<https://panlex.org/snapshot/panlex-20191001-csv/1573#50090498>				<https://panlex.org/snapshot/panlex-20191001-csv/1573#50090553>		"kiwi"@ekk	
"kahu"@car	<https://panlex.org/snapshot/panlex-20191001-csv/1573#50091068>				<https://panlex.org/snapshot/panlex-20191001-csv/1573#50091110>		"taewas"@ekk	
"hɨ̄"@car	<https://panlex.org/snapshot/panlex-20191001-csv/1573#50083476>				<https://panlex.org/snapshot/panlex-20191001-csv/1573#50083537>		"mægi"@ekk	
"dama"@car	<https://panlex.org/snapshot/panlex-20191001-csv/1573#50085924>				<https://panlex.org/snapshot/panlex-20191001-csv/1573#50085955>		"mer̃i"@ekk	
"dē"@car	<https://panlex.org/snapshot/panlex-20191001-csv/1573#50089964>				<https://panlex.org/snapshot/panlex-20191001-csv/1573#50090002>		"puu"@ekk	
"dē"@car	<https://panlex.org/snapshot/panlex-20191001-csv/1573#50090215>				<https://panlex.org/snapshot/panlex-20191001-csv/1573#50090254>		"puit"@ekk	
"čūʔhə"@car	<https://panlex.org/snapshot/panlex-20191001-csv/1573#50086902>				<https://panlex.org/snapshot/panlex-20191001-csv/1573#50086938>		"yær̃w"@ekk	
"šī"@car	<https://panlex.org/snapshot/panlex-20191001-csv/1573#50091321>				<https://panlex.org/snapshot/panlex-20191001-csv/1573#50091355>		"pæike"@ekk	
