"anɬinaikaok"@aqt	<https://panlex.org/snapshot/panlex-20191001-csv/1573#50087468>				<https://panlex.org/snapshot/panlex-20191001-csv/1573#50087408>		"klip"@dcr	
"waiwikanta ɬipop yiman"@aqt	<https://panlex.org/snapshot/panlex-20191001-csv/1573#50084645>				<https://panlex.org/snapshot/panlex-20191001-csv/1573#50084528>		"faləi"@dcr	
"nitiŋ"@aqt	<https://panlex.org/snapshot/panlex-20191001-csv/1573#50091224>				<https://panlex.org/snapshot/panlex-20191001-csv/1573#50091103>		"himul"@dcr	
"nitiŋ"@aqt	<https://panlex.org/snapshot/panlex-20191001-csv/1573#50091224>				<https://panlex.org/snapshot/panlex-20191001-csv/1573#50091102>		"hewun"@dcr	
"nitiŋ"@aqt	<https://panlex.org/snapshot/panlex-20191001-csv/1573#50091224>				<https://panlex.org/snapshot/panlex-20191001-csv/1573#50091106>		"hɛwun"@dcr	
"nitiŋ"@aqt	<https://panlex.org/snapshot/panlex-20191001-csv/1573#50091224>				<https://panlex.org/snapshot/panlex-20191001-csv/1573#50091105>		"hiwun"@dcr	
"nitiŋ"@aqt	<https://panlex.org/snapshot/panlex-20191001-csv/1573#50091224>				<https://panlex.org/snapshot/panlex-20191001-csv/1573#50091104>		"himun"@dcr	
"yimin akyiŋama"@aqt	<https://panlex.org/snapshot/panlex-20191001-csv/1573#50089121>				<https://panlex.org/snapshot/panlex-20191001-csv/1573#50088920>		"pit"@dcr	
"yimin akyiŋama"@aqt	<https://panlex.org/snapshot/panlex-20191001-csv/1573#50089121>				<https://panlex.org/snapshot/panlex-20191001-csv/1573#50088921>		"pɛt"@dcr	
"yimin akyawaia"@aqt	<https://panlex.org/snapshot/panlex-20191001-csv/1573#50086821>				<https://panlex.org/snapshot/panlex-20191001-csv/1573#50086731>		"zɛ"@dcr	
"yimin akyawaia"@aqt	<https://panlex.org/snapshot/panlex-20191001-csv/1573#50086821>				<https://panlex.org/snapshot/panlex-20191001-csv/1573#50086729>		"se"@dcr	
"yimin akyawaia"@aqt	<https://panlex.org/snapshot/panlex-20191001-csv/1573#50086821>				<https://panlex.org/snapshot/panlex-20191001-csv/1573#50086730>		"ze"@dcr	
"ɬipop nitiŋ"@aqt	<https://panlex.org/snapshot/panlex-20191001-csv/1573#50084064>				<https://panlex.org/snapshot/panlex-20191001-csv/1573#50083923>		"grot sten"@dcr	
"ɬipop anik"@aqt	<https://panlex.org/snapshot/panlex-20191001-csv/1573#50083356>				<https://panlex.org/snapshot/panlex-20191001-csv/1573#50083227>		"san"@dcr	
"anyaɬpa"@aqt	<https://panlex.org/snapshot/panlex-20191001-csv/1573#50083108>				<https://panlex.org/snapshot/panlex-20191001-csv/1573#50082950>		"buba"@dcr	
"anyaɬpa"@aqt	<https://panlex.org/snapshot/panlex-20191001-csv/1573#50083108>				<https://panlex.org/snapshot/panlex-20191001-csv/1573#50082948>		"baba"@dcr	
"anyaɬpa"@aqt	<https://panlex.org/snapshot/panlex-20191001-csv/1573#50083108>				<https://panlex.org/snapshot/panlex-20191001-csv/1573#50082949>		"boba"@dcr	
"ɬipop"@aqt	<https://panlex.org/snapshot/panlex-20191001-csv/1573#50082540>				<https://panlex.org/snapshot/panlex-20191001-csv/1573#50082350>		"gron"@dcr	
"aɬma"@aqt	<https://panlex.org/snapshot/panlex-20191001-csv/1573#50089858>				<https://panlex.org/snapshot/panlex-20191001-csv/1573#50089706>		"bus"@dcr	
"akyawakaɬma nak"@aqt	<https://panlex.org/snapshot/panlex-20191001-csv/1573#50081887>				<https://panlex.org/snapshot/panlex-20191001-csv/1573#50081761>		"wərən"@dcr	
"mitaimoŋ"@aqt	<https://panlex.org/snapshot/panlex-20191001-csv/1573#50090760>				<https://panlex.org/snapshot/panlex-20191001-csv/1573#50090544>		"sten"@dcr	
"mitaimoŋ"@aqt	<https://panlex.org/snapshot/panlex-20191001-csv/1573#50083731>				<https://panlex.org/snapshot/panlex-20191001-csv/1573#50083529>		"bergə"@dcr	
"mitaimoŋ"@aqt	<https://panlex.org/snapshot/panlex-20191001-csv/1573#50083731>				<https://panlex.org/snapshot/panlex-20191001-csv/1573#50083530>		"bɛrgi"@dcr	
"mitaimoŋ"@aqt	<https://panlex.org/snapshot/panlex-20191001-csv/1573#50083731>				<https://panlex.org/snapshot/panlex-20191001-csv/1573#50083528>		"berge"@dcr	
"ankilyaski nitin yimin"@aqt	<https://panlex.org/snapshot/panlex-20191001-csv/1573#50087804>				<https://panlex.org/snapshot/panlex-20191001-csv/1573#50087680>		"strom"@dcr	
"aknim"@aqt	<https://panlex.org/snapshot/panlex-20191001-csv/1573#50091480>				<https://panlex.org/snapshot/panlex-20191001-csv/1573#50091351>		"son"@dcr	
"yamit aohak"@aqt	<https://panlex.org/snapshot/panlex-20191001-csv/1573#50090128>				<https://panlex.org/snapshot/panlex-20191001-csv/1573#50089998>		"bom"@dcr	
"watsom"@aqt	<https://panlex.org/snapshot/panlex-20191001-csv/1573#50088530>				<https://panlex.org/snapshot/panlex-20191001-csv/1573#50088296>		"riva"@dcr	
"yimin"@aqt	<https://panlex.org/snapshot/panlex-20191001-csv/1573#50085832>				<https://panlex.org/snapshot/panlex-20191001-csv/1573#50085698>		"watu"@dcr	
"ɬipop akpiɬninimama"@aqt	<https://panlex.org/snapshot/panlex-20191001-csv/1573#50090990>				<https://panlex.org/snapshot/panlex-20191001-csv/1573#50090899>		"ot-kwek"@dcr	
"yamit aisiksik"@aqt	<https://panlex.org/snapshot/panlex-20191001-csv/1573#50090380>				<https://panlex.org/snapshot/panlex-20191001-csv/1573#50090249>		"houtu"@dcr	
"yamit aisiksik"@aqt	<https://panlex.org/snapshot/panlex-20191001-csv/1573#50090380>				<https://panlex.org/snapshot/panlex-20191001-csv/1573#50090248>		"hautu"@dcr	
"yama awaɬwok"@aqt	<https://panlex.org/snapshot/panlex-20191001-csv/1573#50084400>				<https://panlex.org/snapshot/panlex-20191001-csv/1573#50084218>		"saban"@dcr	
"yama awaɬwok"@aqt	<https://panlex.org/snapshot/panlex-20191001-csv/1573#50084400>				<https://panlex.org/snapshot/panlex-20191001-csv/1573#50084217>		"gras-pis"@dcr	
"yama awaɬwok"@aqt	<https://panlex.org/snapshot/panlex-20191001-csv/1573#50089389>				<https://panlex.org/snapshot/panlex-20191001-csv/1573#50089257>		"swampi"@dcr	
"ɬipop anak"@aqt	<https://panlex.org/snapshot/panlex-20191001-csv/1573#50082213>				<https://panlex.org/snapshot/panlex-20191001-csv/1573#50082033>		"adu"@dcr	
"akpaihikamok yimin"@aqt	<https://panlex.org/snapshot/panlex-20191001-csv/1573#50086068>				<https://panlex.org/snapshot/panlex-20191001-csv/1573#50085949>		"se"@dcr	
"akpaihikamok yimin"@aqt	<https://panlex.org/snapshot/panlex-20191001-csv/1573#50086068>				<https://panlex.org/snapshot/panlex-20191001-csv/1573#50085950>		"ze"@dcr	
