"Helsinki"@en	<https://panlex.org/snapshot/panlex-20191001-csv/5950#85860852>				<https://panlex.org/snapshot/panlex-20191001-csv/5950#85860839>		"ܗܠܣܢܩܝ"@arc	
"Aramaic"@en	<https://panlex.org/snapshot/panlex-20191001-csv/5950#85858702>				<https://panlex.org/snapshot/panlex-20191001-csv/5950#85858700>		"ܐܪܡܝܐ"@arc	
"Jerusalem"@en	<https://panlex.org/snapshot/panlex-20191001-csv/5950#85861480>				<https://panlex.org/snapshot/panlex-20191001-csv/5950#85861467>		"אורשלם"@arc	
"Bucharest"@en	<https://panlex.org/snapshot/panlex-20191001-csv/5950#85859703>				<https://panlex.org/snapshot/panlex-20191001-csv/5950#85859696>		"ܒܘܟܘܪܫܬ"@arc	
"Prague"@en	<https://panlex.org/snapshot/panlex-20191001-csv/5945#84343583>				<https://panlex.org/snapshot/panlex-20191001-csv/5945#84343565>		"ܦܪܐܓ"@arc	
"peace"@en	<https://panlex.org/snapshot/panlex-20191001-csv/5947#84801290>				<https://panlex.org/snapshot/panlex-20191001-csv/5947#84801241>		"ܫܠܡܐ שלמא"@arc	
"nostalgia"@en	<https://panlex.org/snapshot/panlex-20191001-csv/5947#84872910>				<https://panlex.org/snapshot/panlex-20191001-csv/5947#84872894>		"ܡܘܼܗܢܥܼ"@arc	
"daughter"@en	<https://panlex.org/snapshot/panlex-20191001-csv/5947#84663019>				<https://panlex.org/snapshot/panlex-20191001-csv/5947#84663009>		"ܒܪܵܬܵܐ"@arc	
"Pakistan"@en	<https://panlex.org/snapshot/panlex-20191001-csv/5947#84606180>				<https://panlex.org/snapshot/panlex-20191001-csv/5947#84606163>		"ܦܐܩܣܛܐܢ"@arc	
"inventor"@en	<https://panlex.org/snapshot/panlex-20191001-csv/5947#84892476>				<https://panlex.org/snapshot/panlex-20191001-csv/5947#84892472>		"ܐܒܐ"@arc	
"milt"@en	<https://panlex.org/snapshot/panlex-20191001-csv/5947#84914179>				<https://panlex.org/snapshot/panlex-20191001-csv/5947#84914160>		"ܛܚܠܐ"@arc	
"hill"@en	<https://panlex.org/snapshot/panlex-20191001-csv/5947#84696404>				<https://panlex.org/snapshot/panlex-20191001-csv/5947#84696391>		"ܜܘܪܐ"@arc	
"stomach"@en	<https://panlex.org/snapshot/panlex-20191001-csv/5947#84919189>				<https://panlex.org/snapshot/panlex-20191001-csv/5947#84919177>		"ܐܣܛܘܡܟܐ אסטומכא"@arc	
"Belgium"@en	<https://panlex.org/snapshot/panlex-20191001-csv/5947#84584384>				<https://panlex.org/snapshot/panlex-20191001-csv/5947#84584333>		"ܒܠܓܝܟܐ"@arc	
"gate"@en	<https://panlex.org/snapshot/panlex-20191001-csv/5947#84671924>				<https://panlex.org/snapshot/panlex-20191001-csv/5947#84671915>		"ܬܲܪܥܵܐ"@arc	
"Lithuania"@en	<https://panlex.org/snapshot/panlex-20191001-csv/5947#84599990>				<https://panlex.org/snapshot/panlex-20191001-csv/5947#84599974>		"ܠܬܘܢܝܐ"@arc	
"eagle"@en	<https://panlex.org/snapshot/panlex-20191001-csv/5947#84782240>				<https://panlex.org/snapshot/panlex-20191001-csv/5947#84782197>		"ܢܫܪܐ נשרא"@arc	
"open"@en	<https://panlex.org/snapshot/panlex-20191001-csv/5947#84784118>				<https://panlex.org/snapshot/panlex-20191001-csv/5947#84784114>		"פתיחתא ܦܬܝܚܬܐ"@arc	
"fish"@en	<https://panlex.org/snapshot/panlex-20191001-csv/5947#84831511>				<https://panlex.org/snapshot/panlex-20191001-csv/5947#84831493>		"ܢܘܼܢܵܐ"@arc	
"Azerbaijan"@en	<https://panlex.org/snapshot/panlex-20191001-csv/5947#84583187>				<https://panlex.org/snapshot/panlex-20191001-csv/5947#84583167>		"ܐܕܪܒܝܓܢ"@arc	
"yearning"@en	<https://panlex.org/snapshot/panlex-20191001-csv/5947#84872909>				<https://panlex.org/snapshot/panlex-20191001-csv/5947#84872894>		"ܡܘܼܗܢܥܼ"@arc	
"learn"@en	<https://panlex.org/snapshot/panlex-20191001-csv/5947#84874236>				<https://panlex.org/snapshot/panlex-20191001-csv/5947#84874230>		"ܥܵܠܦ"@arc	
"lion"@en	<https://panlex.org/snapshot/panlex-20191001-csv/5947#84738613>				<https://panlex.org/snapshot/panlex-20191001-csv/5947#84738600>		"ܥܪܝܐ"@arc	
"homesickness"@en	<https://panlex.org/snapshot/panlex-20191001-csv/5947#84872911>				<https://panlex.org/snapshot/panlex-20191001-csv/5947#84872894>		"ܡܘܼܗܢܥܼ"@arc	
"bishop"@en	<https://panlex.org/snapshot/panlex-20191001-csv/5947#84641486>				<https://panlex.org/snapshot/panlex-20191001-csv/5947#84641466>		"ܐܒܐ"@arc	
"town"@en	<https://panlex.org/snapshot/panlex-20191001-csv/5947#84749929>				<https://panlex.org/snapshot/panlex-20191001-csv/5947#84749913>		"ܡܕܝܼܢ̄ܬܵܐ"@arc	
"gamma"@en	<https://panlex.org/snapshot/panlex-20191001-csv/5940#81309543>				<https://panlex.org/snapshot/panlex-20191001-csv/5940#81309542>		"ܓܐܡܐ"@arc	
"Thomas"@en	<https://panlex.org/snapshot/panlex-20191001-csv/5940#81280381>				<https://panlex.org/snapshot/panlex-20191001-csv/5940#81280376>		"ܬܐܘܡܐ"@arc	
"October"@en	<https://panlex.org/snapshot/panlex-20191001-csv/5940#81285626>				<https://panlex.org/snapshot/panlex-20191001-csv/5940#81285607>		"ܬܫܪܝܢ ܐ"@arc	
"blood"@en	<https://panlex.org/snapshot/panlex-20191001-csv/5940#81293598>				<https://panlex.org/snapshot/panlex-20191001-csv/5940#81293586>		"ܕܡܐ"@arc	
"Switzerland"@en	<https://panlex.org/snapshot/panlex-20191001-csv/5940#81279152>				<https://panlex.org/snapshot/panlex-20191001-csv/5940#81279131>		"ܣܘܣܪܐ"@arc	
"Chimera"@en	<https://panlex.org/snapshot/panlex-20191001-csv/5940#81289959>				<https://panlex.org/snapshot/panlex-20191001-csv/5940#81289949>		"ܟܝܡܪܐ"@arc	
"tau"@en	<https://panlex.org/snapshot/panlex-20191001-csv/5940#81365085>				<https://panlex.org/snapshot/panlex-20191001-csv/5940#81365084>		"ܬܐܘ"@arc	
"Ankara"@en	<https://panlex.org/snapshot/panlex-20191001-csv/5939#80720283>				<https://panlex.org/snapshot/panlex-20191001-csv/5939#80720269>		"ܐܢܩܪܐ"@arc	
"Asia"@en	<https://panlex.org/snapshot/panlex-20191001-csv/5939#80729933>				<https://panlex.org/snapshot/panlex-20191001-csv/5939#80729913>		"ܐܨܝܐ"@arc	
"home"@en	<https://panlex.org/snapshot/panlex-20191001-csv/5946#84437237>				<https://panlex.org/snapshot/panlex-20191001-csv/5946#84437214>		"ܒܝܬܐ"@arc	
"home"@en	<https://panlex.org/snapshot/panlex-20191001-csv/5946#84437237>				<https://panlex.org/snapshot/panlex-20191001-csv/5946#84437213>		"ביתא"@arc	
"rain"@en	<https://panlex.org/snapshot/panlex-20191001-csv/5946#84436275>				<https://panlex.org/snapshot/panlex-20191001-csv/5946#84436228>		"מטרא"@arc	
"rain"@en	<https://panlex.org/snapshot/panlex-20191001-csv/5946#84436275>				<https://panlex.org/snapshot/panlex-20191001-csv/5946#84436229>		"ܡܛܪܐ"@arc	
"nah"@en	<https://panlex.org/snapshot/panlex-20191001-csv/5946#84437012>				<https://panlex.org/snapshot/panlex-20191001-csv/5946#84436997>		"ܠܐ"@arc	
"nah"@en	<https://panlex.org/snapshot/panlex-20191001-csv/5946#84437012>				<https://panlex.org/snapshot/panlex-20191001-csv/5946#84436998>		"לא"@arc	
"house"@en	<https://panlex.org/snapshot/panlex-20191001-csv/5946#84437238>				<https://panlex.org/snapshot/panlex-20191001-csv/5946#84437214>		"ܒܝܬܐ"@arc	
"house"@en	<https://panlex.org/snapshot/panlex-20191001-csv/5946#84437238>				<https://panlex.org/snapshot/panlex-20191001-csv/5946#84437213>		"ביתא"@arc	
"salt"@en	<https://panlex.org/snapshot/panlex-20191001-csv/5946#84455701>				<https://panlex.org/snapshot/panlex-20191001-csv/5946#84455692>		"מלחא"@arc	
"salt"@en	<https://panlex.org/snapshot/panlex-20191001-csv/5946#84455701>				<https://panlex.org/snapshot/panlex-20191001-csv/5946#84455693>		"ܡܠܚܐ"@arc	
"ox"@en	<https://panlex.org/snapshot/panlex-20191001-csv/5946#84439834>				<https://panlex.org/snapshot/panlex-20191001-csv/5946#84439769>		"תורתא"@arc	
"ox"@en	<https://panlex.org/snapshot/panlex-20191001-csv/5946#84439834>				<https://panlex.org/snapshot/panlex-20191001-csv/5946#84439768>		"ܬܘܪܬܐ"@arc	
"calf"@en	<https://panlex.org/snapshot/panlex-20191001-csv/5946#84439836>				<https://panlex.org/snapshot/panlex-20191001-csv/5946#84439769>		"תורתא"@arc	
"calf"@en	<https://panlex.org/snapshot/panlex-20191001-csv/5946#84439836>				<https://panlex.org/snapshot/panlex-20191001-csv/5946#84439768>		"ܬܘܪܬܐ"@arc	
"yes"@en	<https://panlex.org/snapshot/panlex-20191001-csv/5946#84437014>				<https://panlex.org/snapshot/panlex-20191001-csv/5946#84436997>		"ܠܐ"@arc	
"yes"@en	<https://panlex.org/snapshot/panlex-20191001-csv/5946#84437014>				<https://panlex.org/snapshot/panlex-20191001-csv/5946#84436998>		"לא"@arc	
"fish"@en	<https://panlex.org/snapshot/panlex-20191001-csv/5946#84454745>				<https://panlex.org/snapshot/panlex-20191001-csv/5946#84454721>		"ܢܘܢܐ"@arc	
"fish"@en	<https://panlex.org/snapshot/panlex-20191001-csv/5946#84454745>				<https://panlex.org/snapshot/panlex-20191001-csv/5946#84454722>		"נונא"@arc	
"sea"@en	<https://panlex.org/snapshot/panlex-20191001-csv/5946#84441408>				<https://panlex.org/snapshot/panlex-20191001-csv/5946#84441384>		"ܝܡܐ"@arc	
"sea"@en	<https://panlex.org/snapshot/panlex-20191001-csv/5946#84441408>				<https://panlex.org/snapshot/panlex-20191001-csv/5946#84441385>		"ימא"@arc	
"sea"@en	<https://panlex.org/snapshot/panlex-20191001-csv/5946#84436023>				<https://panlex.org/snapshot/panlex-20191001-csv/5946#84436000>		"ימא"@arc	
"sea"@en	<https://panlex.org/snapshot/panlex-20191001-csv/5946#84436023>				<https://panlex.org/snapshot/panlex-20191001-csv/5946#84435999>		"ܝܡܐ"@arc	
"no"@en	<https://panlex.org/snapshot/panlex-20191001-csv/5946#84437015>				<https://panlex.org/snapshot/panlex-20191001-csv/5946#84436997>		"ܠܐ"@arc	
"no"@en	<https://panlex.org/snapshot/panlex-20191001-csv/5946#84437015>				<https://panlex.org/snapshot/panlex-20191001-csv/5946#84436998>		"לא"@arc	
"uh-uh"@en	<https://panlex.org/snapshot/panlex-20191001-csv/5946#84437016>				<https://panlex.org/snapshot/panlex-20191001-csv/5946#84436997>		"ܠܐ"@arc	
"uh-uh"@en	<https://panlex.org/snapshot/panlex-20191001-csv/5946#84437016>				<https://panlex.org/snapshot/panlex-20191001-csv/5946#84436998>		"לא"@arc	
"How are you"@en	<https://panlex.org/snapshot/panlex-20191001-csv/5946#84445709>				<https://panlex.org/snapshot/panlex-20191001-csv/5946#84445691>		"ܕܟ ܐܝܘܬ؟"@arc	
"sky"@en	<https://panlex.org/snapshot/panlex-20191001-csv/5946#84436133>				<https://panlex.org/snapshot/panlex-20191001-csv/5946#84436120>		"ܫܡܝܐ"@arc	
"sky"@en	<https://panlex.org/snapshot/panlex-20191001-csv/5946#84436133>				<https://panlex.org/snapshot/panlex-20191001-csv/5946#84436119>		"שמיא"@arc	
"nope"@en	<https://panlex.org/snapshot/panlex-20191001-csv/5946#84437013>				<https://panlex.org/snapshot/panlex-20191001-csv/5946#84436997>		"ܠܐ"@arc	
"nope"@en	<https://panlex.org/snapshot/panlex-20191001-csv/5946#84437013>				<https://panlex.org/snapshot/panlex-20191001-csv/5946#84436998>		"לא"@arc	
"tree"@en	<https://panlex.org/snapshot/panlex-20191001-csv/5946#84449577>				<https://panlex.org/snapshot/panlex-20191001-csv/5946#84449545>		"ܐܝܠܢܐ"@arc	
"tree"@en	<https://panlex.org/snapshot/panlex-20191001-csv/5946#84449577>				<https://panlex.org/snapshot/panlex-20191001-csv/5946#84449544>		"אילנא"@arc	
"dog"@en	<https://panlex.org/snapshot/panlex-20191001-csv/5946#84438383>				<https://panlex.org/snapshot/panlex-20191001-csv/5946#84438350>		"כלבא"@arc	
"dog"@en	<https://panlex.org/snapshot/panlex-20191001-csv/5946#84438383>				<https://panlex.org/snapshot/panlex-20191001-csv/5946#84438349>		"כלבתא"@arc	
"dog"@en	<https://panlex.org/snapshot/panlex-20191001-csv/5946#84438383>				<https://panlex.org/snapshot/panlex-20191001-csv/5946#84438347>		"ܟܠܒܐ"@arc	
"dog"@en	<https://panlex.org/snapshot/panlex-20191001-csv/5946#84438383>				<https://panlex.org/snapshot/panlex-20191001-csv/5946#84438348>		"ܟܠܒܬܐ"@arc	
"cattle"@en	<https://panlex.org/snapshot/panlex-20191001-csv/5946#84439832>				<https://panlex.org/snapshot/panlex-20191001-csv/5946#84439769>		"תורתא"@arc	
"cattle"@en	<https://panlex.org/snapshot/panlex-20191001-csv/5946#84439832>				<https://panlex.org/snapshot/panlex-20191001-csv/5946#84439768>		"ܬܘܪܬܐ"@arc	
"ocean"@en	<https://panlex.org/snapshot/panlex-20191001-csv/5946#84441335>				<https://panlex.org/snapshot/panlex-20191001-csv/5946#84441320>		"ܐܘܩܝܢܘܣ"@arc	
"ocean"@en	<https://panlex.org/snapshot/panlex-20191001-csv/5946#84441335>				<https://panlex.org/snapshot/panlex-20191001-csv/5946#84441319>		"אוקינוס"@arc	
"cloud"@en	<https://panlex.org/snapshot/panlex-20191001-csv/5946#84452043>				<https://panlex.org/snapshot/panlex-20191001-csv/5946#84452029>		"עננא"@arc	
"cloud"@en	<https://panlex.org/snapshot/panlex-20191001-csv/5946#84452043>				<https://panlex.org/snapshot/panlex-20191001-csv/5946#84452030>		"ܥܢܢܐ"@arc	
"cow"@en	<https://panlex.org/snapshot/panlex-20191001-csv/5946#84439833>				<https://panlex.org/snapshot/panlex-20191001-csv/5946#84439769>		"תורתא"@arc	
"cow"@en	<https://panlex.org/snapshot/panlex-20191001-csv/5946#84439833>				<https://panlex.org/snapshot/panlex-20191001-csv/5946#84439768>		"ܬܘܪܬܐ"@arc	
"bull"@en	<https://panlex.org/snapshot/panlex-20191001-csv/5946#84439835>				<https://panlex.org/snapshot/panlex-20191001-csv/5946#84439769>		"תורתא"@arc	
"bull"@en	<https://panlex.org/snapshot/panlex-20191001-csv/5946#84439835>				<https://panlex.org/snapshot/panlex-20191001-csv/5946#84439768>		"ܬܘܪܬܐ"@arc	
"frog"@en	<https://panlex.org/snapshot/panlex-20191001-csv/5946#84446411>				<https://panlex.org/snapshot/panlex-20191001-csv/5946#84446381>		"פקעא"@arc	
"shoulder"@en	<https://panlex.org/snapshot/panlex-20191001-csv/5946#84447589>				<https://panlex.org/snapshot/panlex-20191001-csv/5946#84447582>		"ܟܬܦܐ"@arc	
"shoulder"@en	<https://panlex.org/snapshot/panlex-20191001-csv/5946#84447589>				<https://panlex.org/snapshot/panlex-20191001-csv/5946#84447581>		"כתפא"@arc	
"god"@en	<https://panlex.org/snapshot/panlex-20191001-csv/5946#84448149>				<https://panlex.org/snapshot/panlex-20191001-csv/5946#84448125>		"אלהא"@arc	
"god"@en	<https://panlex.org/snapshot/panlex-20191001-csv/5946#84448149>				<https://panlex.org/snapshot/panlex-20191001-csv/5946#84448124>		"ܐܠܗܐ"@arc	
"Zurich"@en	<https://panlex.org/snapshot/panlex-20191001-csv/5949#85324449>				<https://panlex.org/snapshot/panlex-20191001-csv/5949#85324430>		"ܬܣܝܪܝܟ"@arc	
"Philippines"@en	<https://panlex.org/snapshot/panlex-20191001-csv/5949#85323316>				<https://panlex.org/snapshot/panlex-20191001-csv/5949#85323284>		"ܦܝܠܝܦܝܢܝܐ"@arc	
"Michael"@en	<https://panlex.org/snapshot/panlex-20191001-csv/5949#85315771>				<https://panlex.org/snapshot/panlex-20191001-csv/5949#85315763>		"ܡܝܟܐܝܠ"@arc	
"Qur'an"@en	<https://panlex.org/snapshot/panlex-20191001-csv/5949#85313401>				<https://panlex.org/snapshot/panlex-20191001-csv/5949#85313370>		"ܩܘܪܐܢ"@arc	
"Koran"@en	<https://panlex.org/snapshot/panlex-20191001-csv/5949#85313400>				<https://panlex.org/snapshot/panlex-20191001-csv/5949#85313370>		"ܩܘܪܐܢ"@arc	
"Latvia"@en	<https://panlex.org/snapshot/panlex-20191001-csv/5949#85314265>				<https://panlex.org/snapshot/panlex-20191001-csv/5949#85314230>		"ܠܛܒܝܐ"@arc	
"Mikhail"@en	<https://panlex.org/snapshot/panlex-20191001-csv/5949#85315772>				<https://panlex.org/snapshot/panlex-20191001-csv/5949#85315763>		"ܡܝܟܐܝܠ"@arc	
"Portugal"@en	<https://panlex.org/snapshot/panlex-20191001-csv/5949#85318788>				<https://panlex.org/snapshot/panlex-20191001-csv/5949#85318767>		"ܦܘܪܛܘܓܠ"@arc	
"Finland"@en	<https://panlex.org/snapshot/panlex-20191001-csv/5943#83294092>				<https://panlex.org/snapshot/panlex-20191001-csv/5943#83294071>		"ܦܢܠܢܕܐ"@arc	
"Jesus"@en	<https://panlex.org/snapshot/panlex-20191001-csv/5943#83289520>				<https://panlex.org/snapshot/panlex-20191001-csv/5943#83289487>		"ܝܫܘܥ"@arc	
"Jesus"@en	<https://panlex.org/snapshot/panlex-20191001-csv/5943#83289520>				<https://panlex.org/snapshot/panlex-20191001-csv/5943#83289486>		"ישוע"@arc	
"Albanian language"@en	<https://panlex.org/snapshot/panlex-20191001-csv/405#13620421>				<https://panlex.org/snapshot/panlex-20191001-csv/405#13620426>		"ܠܫܢܐ ܐܠܒܢܝܐ"@arc	
"English language"@en	<https://panlex.org/snapshot/panlex-20191001-csv/405#13623542>				<https://panlex.org/snapshot/panlex-20191001-csv/405#13623549>		"ܠܫܢܐ ܐܢܓܠܝܐ"@arc	
"Hebrew language"@en	<https://panlex.org/snapshot/panlex-20191001-csv/405#13625211>				<https://panlex.org/snapshot/panlex-20191001-csv/405#13625217>		"ܠܫܢܐ ܥܒܪܝܐ"@arc	
"Judeo-Arabic languages"@en	<https://panlex.org/snapshot/panlex-20191001-csv/405#13626478>				<https://panlex.org/snapshot/panlex-20191001-csv/405#13626481>		"ܠܫܢܐ ܥܪܒܝܐ ܝܗܘܕܝܐ"@arc	
"Judeo-Arabic languages"@en	<https://panlex.org/snapshot/panlex-20191001-csv/405#13622186>				<https://panlex.org/snapshot/panlex-20191001-csv/405#13622192>		"ܠܫܢܐ ܥܪܒܝܐ ܝܗܘܕܝܐ"@arc	
"Syriac language"@en	<https://panlex.org/snapshot/panlex-20191001-csv/405#13632406>				<https://panlex.org/snapshot/panlex-20191001-csv/405#13632408>		"ܠܫܢܐ ܣܘܪܝܝܐ"@arc	
"Assyrian Neo-Aramaic"@en	<https://panlex.org/snapshot/panlex-20191001-csv/405#13621089>				<https://panlex.org/snapshot/panlex-20191001-csv/405#13621090>		"ܠܫܢܐ ܣܘܪܝܝܐ"@arc	
"Armenian language"@en	<https://panlex.org/snapshot/panlex-20191001-csv/405#13624962>				<https://panlex.org/snapshot/panlex-20191001-csv/405#13624882>		"ܠܫܢܐ ܝܘܢܝܐ"@arc	
"Latin"@en	<https://panlex.org/snapshot/panlex-20191001-csv/405#13627434>				<https://panlex.org/snapshot/panlex-20191001-csv/405#13627441>		"ܠܫܢܐ ܠܛܝܢܝܐ"@arc	
"Kurdish language"@en	<https://panlex.org/snapshot/panlex-20191001-csv/405#13627233>				<https://panlex.org/snapshot/panlex-20191001-csv/405#13627236>		"ܠܫܢܐ ܟܘܪܕܝܐ"@arc	
"German language"@en	<https://panlex.org/snapshot/panlex-20191001-csv/405#13624572>				<https://panlex.org/snapshot/panlex-20191001-csv/405#13624579>		"ܠܫܢܐ ܓܪܡܢܝܐ"@arc	
"Polish language"@en	<https://panlex.org/snapshot/panlex-20191001-csv/405#13630108>				<https://panlex.org/snapshot/panlex-20191001-csv/405#13630114>		"ܠܫܢܐ ܦܘܠܢܕܝܐ"@arc	
"Georgian language"@en	<https://panlex.org/snapshot/panlex-20191001-csv/405#13624517>				<https://panlex.org/snapshot/panlex-20191001-csv/405#13624519>		"ܠܫܢܐ ܓܘܪܓܝܐ"@arc	
"Akkadian language"@en	<https://panlex.org/snapshot/panlex-20191001-csv/405#13620375>				<https://panlex.org/snapshot/panlex-20191001-csv/405#13620377>		"ܠܫܢܐ ܐܟܕܝܐ"@arc	
"Arabic language"@en	<https://panlex.org/snapshot/panlex-20191001-csv/405#13620773>				<https://panlex.org/snapshot/panlex-20191001-csv/405#13620780>		"ܠܫܢܐ ܥܪܒܝܐ"@arc	
"French language"@en	<https://panlex.org/snapshot/panlex-20191001-csv/405#13624203>				<https://panlex.org/snapshot/panlex-20191001-csv/405#13624210>		"ܠܫܢܐ ܦܪܢܣܝܐ"@arc	
"Avestan language"@en	<https://panlex.org/snapshot/panlex-20191001-csv/405#13624334>				<https://panlex.org/snapshot/panlex-20191001-csv/405#13624210>		"ܠܫܢܐ ܦܪܢܣܝܐ"@arc	
"Bulgarian language"@en	<https://panlex.org/snapshot/panlex-20191001-csv/405#13622121>				<https://panlex.org/snapshot/panlex-20191001-csv/405#13622192>		"ܠܫܢܐ ܥܪܒܝܐ ܝܗܘܕܝܐ"@arc	
"Persian language"@en	<https://panlex.org/snapshot/panlex-20191001-csv/405#13629961>				<https://panlex.org/snapshot/panlex-20191001-csv/405#13629963>		"ܠܫܢܐ ܦܪܣܝܐ"@arc	
"Greek language"@en	<https://panlex.org/snapshot/panlex-20191001-csv/405#13624877>				<https://panlex.org/snapshot/panlex-20191001-csv/405#13624882>		"ܠܫܢܐ ܝܘܢܝܐ"@arc	
"Turkish language"@en	<https://panlex.org/snapshot/panlex-20191001-csv/405#13633040>				<https://panlex.org/snapshot/panlex-20191001-csv/405#13633043>		"ܠܫܢܐ ܛܘܪܩܝܐ"@arc	
"Swedish language"@en	<https://panlex.org/snapshot/panlex-20191001-csv/405#13632317>				<https://panlex.org/snapshot/panlex-20191001-csv/405#13632320>		"ܠܫܢܐ ܣܘܝܕܝܐ"@arc	
"mountain"@en	<https://panlex.org/snapshot/panlex-20191001-csv/19#1044596>				<https://panlex.org/snapshot/panlex-20191001-csv/19#1044578>		"ܛܘܪܐ"@arc	
"Luxembourg"@en	<https://panlex.org/snapshot/panlex-20191001-csv/12#917923>				<https://panlex.org/snapshot/panlex-20191001-csv/12#917906>		"ܠܘܟܣܡܒܘܪܓ"@arc	
"Egypt"@en	<https://panlex.org/snapshot/panlex-20191001-csv/12#852513>				<https://panlex.org/snapshot/panlex-20191001-csv/12#852495>		"ܡܨܪܢ"@arc	
"nineteen"@en	<https://panlex.org/snapshot/panlex-20191001-csv/8#148126>				<https://panlex.org/snapshot/panlex-20191001-csv/8#148113>		"תשעסרא"@arc	
"nineteen"@en	<https://panlex.org/snapshot/panlex-20191001-csv/8#148126>				<https://panlex.org/snapshot/panlex-20191001-csv/8#148112>		"תשעסר"@arc	
"with"@en	<https://panlex.org/snapshot/panlex-20191001-csv/8#199598>				<https://panlex.org/snapshot/panlex-20191001-csv/8#199590>		"עם"@arc	
"with"@en	<https://panlex.org/snapshot/panlex-20191001-csv/8#199557>				<https://panlex.org/snapshot/panlex-20191001-csv/8#199550>		"עם"@arc	
"with"@en	<https://panlex.org/snapshot/panlex-20191001-csv/8#199629>				<https://panlex.org/snapshot/panlex-20191001-csv/8#199621>		"עם"@arc	
"three"@en	<https://panlex.org/snapshot/panlex-20191001-csv/8#107541>				<https://panlex.org/snapshot/panlex-20191001-csv/8#107515>		"תלת"@arc	
"three"@en	<https://panlex.org/snapshot/panlex-20191001-csv/8#107541>				<https://panlex.org/snapshot/panlex-20191001-csv/8#107516>		"תלתא"@arc	
"horse"@en	<https://panlex.org/snapshot/panlex-20191001-csv/8#222945>				<https://panlex.org/snapshot/panlex-20191001-csv/8#222914>		"סוסיא"@arc	
"language"@en	<https://panlex.org/snapshot/panlex-20191001-csv/8#111932>				<https://panlex.org/snapshot/panlex-20191001-csv/8#111909>		"לשנא"@arc	
"we"@en	<https://panlex.org/snapshot/panlex-20191001-csv/8#179698>				<https://panlex.org/snapshot/panlex-20191001-csv/8#179673>		"חנן"@arc	
"heart"@en	<https://panlex.org/snapshot/panlex-20191001-csv/8#225319>				<https://panlex.org/snapshot/panlex-20191001-csv/8#225301>		"לבא"@arc	
"ninety"@en	<https://panlex.org/snapshot/panlex-20191001-csv/8#148574>				<https://panlex.org/snapshot/panlex-20191001-csv/8#148562>		"תשעין"@arc	
"nation"@en	<https://panlex.org/snapshot/panlex-20191001-csv/8#358974>				<https://panlex.org/snapshot/panlex-20191001-csv/8#358969>		"אומתא"@arc	
"moon"@en	<https://panlex.org/snapshot/panlex-20191001-csv/8#159028>				<https://panlex.org/snapshot/panlex-20191001-csv/8#159007>		"סהרא"@arc	
"oil"@en	<https://panlex.org/snapshot/panlex-20191001-csv/8#188789>				<https://panlex.org/snapshot/panlex-20191001-csv/8#188779>		"נפטא"@arc	
"rib"@en	<https://panlex.org/snapshot/panlex-20191001-csv/8#423838>				<https://panlex.org/snapshot/panlex-20191001-csv/8#423832>		"אלעא"@arc	
"nine"@en	<https://panlex.org/snapshot/panlex-20191001-csv/8#112680>				<https://panlex.org/snapshot/panlex-20191001-csv/8#112659>		"תשע"@arc	
"nine"@en	<https://panlex.org/snapshot/panlex-20191001-csv/8#112680>				<https://panlex.org/snapshot/panlex-20191001-csv/8#112660>		"תשעא"@arc	
"carpenter"@en	<https://panlex.org/snapshot/panlex-20191001-csv/8#385806>				<https://panlex.org/snapshot/panlex-20191001-csv/8#385793>		"נגרא"@arc	
"kingdom"@en	<https://panlex.org/snapshot/panlex-20191001-csv/8#167277>				<https://panlex.org/snapshot/panlex-20191001-csv/8#167270>		"מלכותא"@arc	
"Jerusalem"@en	<https://panlex.org/snapshot/panlex-20191001-csv/8#275922>				<https://panlex.org/snapshot/panlex-20191001-csv/8#275906>		"אורשלם"@arc	
"queen"@en	<https://panlex.org/snapshot/panlex-20191001-csv/8#143859>				<https://panlex.org/snapshot/panlex-20191001-csv/8#143851>		"מלכתא"@arc	
"cat"@en	<https://panlex.org/snapshot/panlex-20191001-csv/8#94512>				<https://panlex.org/snapshot/panlex-20191001-csv/8#94479>		"ܫܘܢܪܐ"@arc	
"cat"@en	<https://panlex.org/snapshot/panlex-20191001-csv/8#94512>				<https://panlex.org/snapshot/panlex-20191001-csv/8#94480>		"ܫܘܢܪܬܐ"@arc	
"jackal"@en	<https://panlex.org/snapshot/panlex-20191001-csv/8#290872>				<https://panlex.org/snapshot/panlex-20191001-csv/8#290871>		"ירורא"@arc	
"from"@en	<https://panlex.org/snapshot/panlex-20191001-csv/8#178846>				<https://panlex.org/snapshot/panlex-20191001-csv/8#178840>		"מן"@arc	
"from"@en	<https://panlex.org/snapshot/panlex-20191001-csv/8#178818>				<https://panlex.org/snapshot/panlex-20191001-csv/8#178811>		"מן"@arc	
"from"@en	<https://panlex.org/snapshot/panlex-20191001-csv/8#178871>				<https://panlex.org/snapshot/panlex-20191001-csv/8#178864>		"מן"@arc	
"knee"@en	<https://panlex.org/snapshot/panlex-20191001-csv/8#181420>				<https://panlex.org/snapshot/panlex-20191001-csv/8#181406>		"בורכא"@arc	
"life"@en	<https://panlex.org/snapshot/panlex-20191001-csv/8#227026>				<https://panlex.org/snapshot/panlex-20191001-csv/8#227020>		"חיא"@arc	
"life"@en	<https://panlex.org/snapshot/panlex-20191001-csv/8#226986>				<https://panlex.org/snapshot/panlex-20191001-csv/8#226979>		"חיא"@arc	
"dog"@en	<https://panlex.org/snapshot/panlex-20191001-csv/8#94078>				<https://panlex.org/snapshot/panlex-20191001-csv/8#94026>		"כלבתא"@arc	
"dog"@en	<https://panlex.org/snapshot/panlex-20191001-csv/8#94078>				<https://panlex.org/snapshot/panlex-20191001-csv/8#94025>		"כלבא"@arc	
"dog"@en	<https://panlex.org/snapshot/panlex-20191001-csv/8#94267>				<https://panlex.org/snapshot/panlex-20191001-csv/8#94263>		"כלבא"@arc	
"ten"@en	<https://panlex.org/snapshot/panlex-20191001-csv/8#112805>				<https://panlex.org/snapshot/panlex-20191001-csv/8#112786>		"עסר"@arc	
"ten"@en	<https://panlex.org/snapshot/panlex-20191001-csv/8#112805>				<https://panlex.org/snapshot/panlex-20191001-csv/8#112787>		"עסרא"@arc	
"in"@en	<https://panlex.org/snapshot/panlex-20191001-csv/8#104497>				<https://panlex.org/snapshot/panlex-20191001-csv/8#104485>		"גו"@arc	
"he"@en	<https://panlex.org/snapshot/panlex-20191001-csv/8#179807>				<https://panlex.org/snapshot/panlex-20191001-csv/8#179790>		"הו"@arc	
"four hundred"@en	<https://panlex.org/snapshot/panlex-20191001-csv/8#464989>				<https://panlex.org/snapshot/panlex-20191001-csv/8#464988>		"ארבעמאא"@arc	
"night"@en	<https://panlex.org/snapshot/panlex-20191001-csv/8#132218>				<https://panlex.org/snapshot/panlex-20191001-csv/8#132205>		"לליא"@arc	
"Athens"@en	<https://panlex.org/snapshot/panlex-20191001-csv/10#765003>				<https://panlex.org/snapshot/panlex-20191001-csv/10#764986>		"ܐܬܝܢܐ"@arc	
"Beirut"@en	<https://panlex.org/snapshot/panlex-20191001-csv/10#774603>				<https://panlex.org/snapshot/panlex-20191001-csv/10#774592>		"ܒܝܪܘܬ"@arc	
"Zurich"@en	<https://panlex.org/snapshot/panlex-20191001-csv/10#782806>				<https://panlex.org/snapshot/panlex-20191001-csv/10#782795>		"ܨܝܘܪܫ"@arc	
"eight hundred"@en	<https://panlex.org/snapshot/panlex-20191001-csv/3776#91876488>				<https://panlex.org/snapshot/panlex-20191001-csv/3776#91876481>		"תמנמאא"@arc	
"nine hundred"@en	<https://panlex.org/snapshot/panlex-20191001-csv/3776#91873670>				<https://panlex.org/snapshot/panlex-20191001-csv/3776#91873665>		"תשעמאא"@arc	
"Nile River"@en	<https://panlex.org/snapshot/panlex-20191001-csv/3776#91874720>				<https://panlex.org/snapshot/panlex-20191001-csv/3776#91874711>		"נילוס"@arc	
"fifty"@en	<https://panlex.org/snapshot/panlex-20191001-csv/3776#91703749>				<https://panlex.org/snapshot/panlex-20191001-csv/3776#91703728>		"חמשין"@arc	
"myriad"@en	<https://panlex.org/snapshot/panlex-20191001-csv/3776#91786137>				<https://panlex.org/snapshot/panlex-20191001-csv/3776#91786130>		"רבותא"@arc	
"no"@en	<https://panlex.org/snapshot/panlex-20191001-csv/3776#91654121>				<https://panlex.org/snapshot/panlex-20191001-csv/3776#91654107>		"לא"@arc	
"no"@en	<https://panlex.org/snapshot/panlex-20191001-csv/3776#91654121>				<https://panlex.org/snapshot/panlex-20191001-csv/3776#91654106>		"לָא"@arc	
"shoulder"@en	<https://panlex.org/snapshot/panlex-20191001-csv/3776#91682268>				<https://panlex.org/snapshot/panlex-20191001-csv/3776#91682240>		"כתפא"@arc	
"rib"@en	<https://panlex.org/snapshot/panlex-20191001-csv/3776#91586536>				<https://panlex.org/snapshot/panlex-20191001-csv/3776#91586528>		"אלעא"@arc	
"doctor"@en	<https://panlex.org/snapshot/panlex-20191001-csv/3776#91737896>				<https://panlex.org/snapshot/panlex-20191001-csv/3776#91737870>		"אסיא"@arc	
"Nile"@en	<https://panlex.org/snapshot/panlex-20191001-csv/3776#91874719>				<https://panlex.org/snapshot/panlex-20191001-csv/3776#91874711>		"נילוס"@arc	
"cow"@en	<https://panlex.org/snapshot/panlex-20191001-csv/3776#91683881>				<https://panlex.org/snapshot/panlex-20191001-csv/3776#91683838>		"תורתא"@arc	
"lightning"@en	<https://panlex.org/snapshot/panlex-20191001-csv/3776#91613130>				<https://panlex.org/snapshot/panlex-20191001-csv/3776#91613112>		"ברקא"@arc	
"night"@en	<https://panlex.org/snapshot/panlex-20191001-csv/3776#91653381>				<https://panlex.org/snapshot/panlex-20191001-csv/3776#91653343>		"לליא"@arc	
"camel"@en	<https://panlex.org/snapshot/panlex-20191001-csv/3776#91719381>				<https://panlex.org/snapshot/panlex-20191001-csv/3776#91719361>		"גמלא"@arc	
"Tuesday"@en	<https://panlex.org/snapshot/panlex-20191001-csv/2892#110824739>				<https://panlex.org/snapshot/panlex-20191001-csv/2892#110824655>		"יום תלתה בשבה"@arc	
"Tuesday"@en	<https://panlex.org/snapshot/panlex-20191001-csv/2892#110824739>				<https://panlex.org/snapshot/panlex-20191001-csv/2892#110824504>		"יום תלתה"@arc	
"Wednesday"@en	<https://panlex.org/snapshot/panlex-20191001-csv/2892#110825132>				<https://panlex.org/snapshot/panlex-20191001-csv/2892#110825201>		"יום ארבעה"@arc	
"Wednesday"@en	<https://panlex.org/snapshot/panlex-20191001-csv/2892#110825132>				<https://panlex.org/snapshot/panlex-20191001-csv/2892#110825232>		"יום ארבעה בשבה"@arc	
"Saturday"@en	<https://panlex.org/snapshot/panlex-20191001-csv/2892#110826365>				<https://panlex.org/snapshot/panlex-20191001-csv/2892#110826521>		"יום שבתה"@arc	
"Sunday"@en	<https://panlex.org/snapshot/panlex-20191001-csv/2892#110826727>				<https://panlex.org/snapshot/panlex-20191001-csv/2892#110826832>		"יום חד בשבה"@arc	
"Sunday"@en	<https://panlex.org/snapshot/panlex-20191001-csv/2892#110826727>				<https://panlex.org/snapshot/panlex-20191001-csv/2892#110826613>		"יום חד"@arc	
"Monday"@en	<https://panlex.org/snapshot/panlex-20191001-csv/2892#110824300>				<https://panlex.org/snapshot/panlex-20191001-csv/2892#110824416>		"יום תרין"@arc	
"Monday"@en	<https://panlex.org/snapshot/panlex-20191001-csv/2892#110824300>				<https://panlex.org/snapshot/panlex-20191001-csv/2892#110824085>		"יום תרין בשבה"@arc	
"Friday"@en	<https://panlex.org/snapshot/panlex-20191001-csv/2892#110825995>				<https://panlex.org/snapshot/panlex-20191001-csv/2892#110825864>		"ערובתה"@arc	
"Thursday"@en	<https://panlex.org/snapshot/panlex-20191001-csv/2892#110825507>				<https://panlex.org/snapshot/panlex-20191001-csv/2892#110825472>		"יום חמשה"@arc	
"Thursday"@en	<https://panlex.org/snapshot/panlex-20191001-csv/2892#110825507>				<https://panlex.org/snapshot/panlex-20191001-csv/2892#110825283>		"יום חמשה בשבה"@arc	
"Iyar"@en	<https://panlex.org/snapshot/panlex-20191001-csv/2898#110833746>				<https://panlex.org/snapshot/panlex-20191001-csv/2898#110833752>		"איר"@arc	
"Elul"@en	<https://panlex.org/snapshot/panlex-20191001-csv/2898#110834032>				<https://panlex.org/snapshot/panlex-20191001-csv/2898#110833995>		"אלול"@arc	
"Marheshvan"@en	<https://panlex.org/snapshot/panlex-20191001-csv/2898#110834166>				<https://panlex.org/snapshot/panlex-20191001-csv/2898#110834125>		"מרחשון"@arc	
"Sebat"@en	<https://panlex.org/snapshot/panlex-20191001-csv/2898#110834378>				<https://panlex.org/snapshot/panlex-20191001-csv/2898#110834409>		"שבט"@arc	
"Kislev"@en	<https://panlex.org/snapshot/panlex-20191001-csv/2898#110834301>				<https://panlex.org/snapshot/panlex-20191001-csv/2898#110834242>		"כסלו"@arc	
"Heshvan"@en	<https://panlex.org/snapshot/panlex-20191001-csv/2898#110834230>				<https://panlex.org/snapshot/panlex-20191001-csv/2898#110834125>		"מרחשון"@arc	
"Nisan"@en	<https://panlex.org/snapshot/panlex-20191001-csv/2898#110833689>				<https://panlex.org/snapshot/panlex-20191001-csv/2898#110833713>		"ניסן"@arc	
"Sivan"@en	<https://panlex.org/snapshot/panlex-20191001-csv/2898#110833815>				<https://panlex.org/snapshot/panlex-20191001-csv/2898#110833852>		"סיון"@arc	
"Tishri"@en	<https://panlex.org/snapshot/panlex-20191001-csv/2898#110834067>				<https://panlex.org/snapshot/panlex-20191001-csv/2898#110834089>		"תשרי"@arc	
"Tammuz"@en	<https://panlex.org/snapshot/panlex-20191001-csv/2898#110833907>				<https://panlex.org/snapshot/panlex-20191001-csv/2898#110833902>		"תמוז"@arc	
"Ab"@en	<https://panlex.org/snapshot/panlex-20191001-csv/2898#110833961>				<https://panlex.org/snapshot/panlex-20191001-csv/2898#110833966>		"אב"@arc	
"Adar"@en	<https://panlex.org/snapshot/panlex-20191001-csv/2898#110834473>				<https://panlex.org/snapshot/panlex-20191001-csv/2898#110834469>		"אדר"@arc	
"Tebeth"@en	<https://panlex.org/snapshot/panlex-20191001-csv/2898#110834322>				<https://panlex.org/snapshot/panlex-20191001-csv/2898#110834360>		"טבת"@arc	
"Aramaic"@en	<https://panlex.org/snapshot/panlex-20191001-csv/2895#111107814>				<https://panlex.org/snapshot/panlex-20191001-csv/2895#111107813>		"ܐܪܡܝܐ"@arc	
"Aramaic"@en	<https://panlex.org/snapshot/panlex-20191001-csv/2895#111107814>				<https://panlex.org/snapshot/panlex-20191001-csv/2895#111107812>		"ܠܫܢܐ ܐܪܡܝܐ"@arc	
"Official Aramaic"@en	<https://panlex.org/snapshot/panlex-20191001-csv/0#113515206>				<https://panlex.org/snapshot/panlex-20191001-csv/0#113515204>		"𐡀𐡓𐡌𐡉𐡕"@arc	
"Official Aramaic"@en	<https://panlex.org/snapshot/panlex-20191001-csv/0#113515194>				<https://panlex.org/snapshot/panlex-20191001-csv/0#107618638>		"ארמית"@arc	
"Biblical Aramaic"@en	<https://panlex.org/snapshot/panlex-20191001-csv/0#113515192>				<https://panlex.org/snapshot/panlex-20191001-csv/0#107618638>		"ארמית"@arc	
"Imperial Aramaic"@en	<https://panlex.org/snapshot/panlex-20191001-csv/0#113515205>				<https://panlex.org/snapshot/panlex-20191001-csv/0#113515204>		"𐡀𐡓𐡌𐡉𐡕"@arc	
"Imperial Aramaic"@en	<https://panlex.org/snapshot/panlex-20191001-csv/0#113515193>				<https://panlex.org/snapshot/panlex-20191001-csv/0#107618638>		"ארמית"@arc	
