"rub"@en	<https://panlex.org/snapshot/panlex-20191001-csv/3323#48971021>				<https://panlex.org/snapshot/panlex-20191001-csv/3323#48971029>		"ɥūhî"@bmv	<https://panlex.org/Verbal>
"ground"@en	<https://panlex.org/snapshot/panlex-20191001-csv/3323#48966831>				<https://panlex.org/snapshot/panlex-20191001-csv/3323#48966839>		"ātʃiʌ̂"@bmv	
"hold"@en	<https://panlex.org/snapshot/panlex-20191001-csv/3323#48970315>				<https://panlex.org/snapshot/panlex-20191001-csv/3323#48970322>		"kə̄tî"@bmv	<https://panlex.org/Verbal>
"bone"@en	<https://panlex.org/snapshot/panlex-20191001-csv/3323#48965745>				<https://panlex.org/snapshot/panlex-20191001-csv/3323#48965753>		"āwúf"@bmv	
"pay"@en	<https://panlex.org/snapshot/panlex-20191001-csv/3323#48970682>				<https://panlex.org/snapshot/panlex-20191001-csv/3323#48970688>		"là:k"@bmv	<https://panlex.org/Verbal>
"voice"@en	<https://panlex.org/snapshot/panlex-20191001-csv/3323#48968744>				<https://panlex.org/snapshot/panlex-20191001-csv/3323#48968751>		"ādʒiʌ̂"@bmv	
"fish"@en	<https://panlex.org/snapshot/panlex-20191001-csv/3323#48966644>				<https://panlex.org/snapshot/panlex-20191001-csv/3323#48966652>		"īʒí"@bmv	
"water"@en	<https://panlex.org/snapshot/panlex-20191001-csv/3323#48968762>				<https://panlex.org/snapshot/panlex-20191001-csv/3323#48968769>		"m̄mɔ́"@bmv	
"seven"@en	<https://panlex.org/snapshot/panlex-20191001-csv/3323#48972121>				<https://panlex.org/snapshot/panlex-20191001-csv/3323#48972128>		"sàmbá"@bmv	
"hand"@en	<https://panlex.org/snapshot/panlex-20191001-csv/3323#48966877>				<https://panlex.org/snapshot/panlex-20191001-csv/3323#48966884>		"āwuɔ̂"@bmv	
"pass"@en	<https://panlex.org/snapshot/panlex-20191001-csv/3323#48970670>				<https://panlex.org/snapshot/panlex-20191001-csv/3323#48970676>		"tʃià"@bmv	<https://panlex.org/Verbal>
"read"@en	<https://panlex.org/snapshot/panlex-20191001-csv/3323#48969423>				<https://panlex.org/snapshot/panlex-20191001-csv/3323#48969431>		"tɔ̄ŋâ"@bmv	<https://panlex.org/Verbal>
"read"@en	<https://panlex.org/snapshot/panlex-20191001-csv/3323#48970911>				<https://panlex.org/snapshot/panlex-20191001-csv/3323#48970917>		"tâŋ"@bmv	<https://panlex.org/Verbal>
"good"@en	<https://panlex.org/snapshot/panlex-20191001-csv/3323#48970151>				<https://panlex.org/snapshot/panlex-20191001-csv/3323#48970159>		"dʒwɔ̀f"@bmv	<https://panlex.org/Verbal>
"thatch"@en	<https://panlex.org/snapshot/panlex-20191001-csv/3323#48971696>				<https://panlex.org/snapshot/panlex-20191001-csv/3323#48971702>		"tʃît"@bmv	<https://panlex.org/Verbal>
"nine"@en	<https://panlex.org/snapshot/panlex-20191001-csv/3323#48972154>				<https://panlex.org/snapshot/panlex-20191001-csv/3323#48972161>		"búlámɔ̀k"@bmv	
"hundred"@en	<https://panlex.org/snapshot/panlex-20191001-csv/3323#48972188>				<https://panlex.org/snapshot/panlex-20191001-csv/3323#48972194>		"īwə́ʌ̄"@bmv	
"tobacco"@en	<https://panlex.org/snapshot/panlex-20191001-csv/3323#48968564>				<https://panlex.org/snapshot/panlex-20191001-csv/3323#48968571>		"ātábáŋ"@bmv	
"dry"@en	<https://panlex.org/snapshot/panlex-20191001-csv/3323#48969835>				<https://panlex.org/snapshot/panlex-20191001-csv/3323#48969842>		"ɥûm"@bmv	<https://panlex.org/Verbal>
"take away"@en	<https://panlex.org/snapshot/panlex-20191001-csv/3323#48970899>				<https://panlex.org/snapshot/panlex-20191001-csv/3323#48970905>		"tʃàxhì"@bmv	<https://panlex.org/Verbal>
"weed"@en	<https://panlex.org/snapshot/panlex-20191001-csv/3323#48971949>				<https://panlex.org/snapshot/panlex-20191001-csv/3323#48971955>		"sɔ̄lî"@bmv	<https://panlex.org/Verbal>
"pluck"@en	<https://panlex.org/snapshot/panlex-20191001-csv/3323#48970773>				<https://panlex.org/snapshot/panlex-20191001-csv/3323#48970779>		"tʃɔ̄ktî"@bmv	<https://panlex.org/Verbal>
"sense"@en	<https://panlex.org/snapshot/panlex-20191001-csv/3323#48966077>				<https://panlex.org/snapshot/panlex-20191001-csv/3323#48966085>		"ūtɔ́f"@bmv	
"search for"@en	<https://panlex.org/snapshot/panlex-20191001-csv/3323#48970011>				<https://panlex.org/snapshot/panlex-20191001-csv/3323#48970019>		"kə̂ŋ"@bmv	<https://panlex.org/Verbal>
"today"@en	<https://panlex.org/snapshot/panlex-20191001-csv/3323#48968578>				<https://panlex.org/snapshot/panlex-20191001-csv/3323#48968585>		"lân"@bmv	
"laugh"@en	<https://panlex.org/snapshot/panlex-20191001-csv/3323#48970466>				<https://panlex.org/snapshot/panlex-20191001-csv/3323#48970471>		"tʃīʌ̀k"@bmv	<https://panlex.org/Verbal>
"fall"@en	<https://panlex.org/snapshot/panlex-20191001-csv/3323#48969949>				<https://panlex.org/snapshot/panlex-20191001-csv/3323#48969957>		"fɛ̂n"@bmv	<https://panlex.org/Verbal>
"answer"@en	<https://panlex.org/snapshot/panlex-20191001-csv/3323#48969010>				<https://panlex.org/snapshot/panlex-20191001-csv/3323#48969020>		"bēmî"@bmv	
"answer"@en	<https://panlex.org/snapshot/panlex-20191001-csv/3323#48969010>				<https://panlex.org/snapshot/panlex-20191001-csv/3323#48969021>		"fìsì"@bmv	
"eight"@en	<https://panlex.org/snapshot/panlex-20191001-csv/3323#48972138>				<https://panlex.org/snapshot/panlex-20191001-csv/3323#48972145>		"fāmá"@bmv	
"squirrel"@en	<https://panlex.org/snapshot/panlex-20191001-csv/3323#48968305>				<https://panlex.org/snapshot/panlex-20191001-csv/3323#48968311>		"f̄otʃâ"@bmv	
"squirrel"@en	<https://panlex.org/snapshot/panlex-20191001-csv/3323#48968317>				<https://panlex.org/snapshot/panlex-20191001-csv/3323#48968323>		"īsɔ̀ŋà"@bmv	
"open"@en	<https://panlex.org/snapshot/panlex-20191001-csv/3323#48970644>				<https://panlex.org/snapshot/panlex-20191001-csv/3323#48970649>		"dʒɪ̀mì"@bmv	<https://panlex.org/Verbal>
"open"@en	<https://panlex.org/snapshot/panlex-20191001-csv/3323#48970644>				<https://panlex.org/snapshot/panlex-20191001-csv/3323#48970650>		"ɥàhì"@bmv	<https://panlex.org/Verbal>
"smoke"@en	<https://panlex.org/snapshot/panlex-20191001-csv/3323#48968194>				<https://panlex.org/snapshot/panlex-20191001-csv/3323#48968202>		"f̄olík"@bmv	
"cloud"@en	<https://panlex.org/snapshot/panlex-20191001-csv/3323#48966109>				<https://panlex.org/snapshot/panlex-20191001-csv/3323#48966116>		"mbàk"@bmv	
"happy"@en	<https://panlex.org/snapshot/panlex-20191001-csv/3323#48970760>				<https://panlex.org/snapshot/panlex-20191001-csv/3323#48970765>		"sāŋlî"@bmv	<https://panlex.org/Verbal>
"bridge"@en	<https://panlex.org/snapshot/panlex-20191001-csv/3323#48965812>				<https://panlex.org/snapshot/panlex-20191001-csv/3323#48965819>		"ūlâ"@bmv	
"house"@en	<https://panlex.org/snapshot/panlex-20191001-csv/3323#48967043>				<https://panlex.org/snapshot/panlex-20191001-csv/3323#48967052>		"āndâ"@bmv	
"call"@en	<https://panlex.org/snapshot/panlex-20191001-csv/3323#48969409>				<https://panlex.org/snapshot/panlex-20191001-csv/3323#48969417>		"tɔ̄ŋâ"@bmv	<https://panlex.org/Verbal>
"spoil"@en	<https://panlex.org/snapshot/panlex-20191001-csv/3323#48971421>				<https://panlex.org/snapshot/panlex-20191001-csv/3323#48971429>		"bʌ̄psî"@bmv	<https://panlex.org/Verbal>
"kill"@en	<https://panlex.org/snapshot/panlex-20191001-csv/3323#48970408>				<https://panlex.org/snapshot/panlex-20191001-csv/3323#48970415>		"tʃû:k"@bmv	<https://panlex.org/Verbal>
"goat"@en	<https://panlex.org/snapshot/panlex-20191001-csv/3323#48966784>				<https://panlex.org/snapshot/panlex-20191001-csv/3323#48966791>		"ābvû"@bmv	
"return"@en	<https://panlex.org/snapshot/panlex-20191001-csv/3323#48970986>				<https://panlex.org/snapshot/panlex-20191001-csv/3323#48970990>		"kāhî"@bmv	<https://panlex.org/Verbal>
"ant"@en	<https://panlex.org/snapshot/panlex-20191001-csv/3323#48965422>				<https://panlex.org/snapshot/panlex-20191001-csv/3323#48965427>		"ālɛ̂"@bmv	
"breathe"@en	<https://panlex.org/snapshot/panlex-20191001-csv/3323#48969344>				<https://panlex.org/snapshot/panlex-20191001-csv/3323#48969352>		"jɔ̀xnà"@bmv	<https://panlex.org/Verbal>
"lizard"@en	<https://panlex.org/snapshot/panlex-20191001-csv/3323#48967313>				<https://panlex.org/snapshot/panlex-20191001-csv/3323#48967322>		"ādúŋ"@bmv	
"help"@en	<https://panlex.org/snapshot/panlex-20191001-csv/3323#48970268>				<https://panlex.org/snapshot/panlex-20191001-csv/3323#48970275>		"gàmtì"@bmv	<https://panlex.org/Verbal>
"hear"@en	<https://panlex.org/snapshot/panlex-20191001-csv/3323#48970225>				<https://panlex.org/snapshot/panlex-20191001-csv/3323#48970232>		"ɥû"@bmv	<https://panlex.org/Verbal>
"groan"@en	<https://panlex.org/snapshot/panlex-20191001-csv/3323#48970180>				<https://panlex.org/snapshot/panlex-20191001-csv/3323#48970190>		"dʊ̀m"@bmv	<https://panlex.org/Verbal>
"mother"@en	<https://panlex.org/snapshot/panlex-20191001-csv/3323#48967544>				<https://panlex.org/snapshot/panlex-20191001-csv/3323#48967552>		"nìní"@bmv	
"look after"@en	<https://panlex.org/snapshot/panlex-20191001-csv/3323#48970534>				<https://panlex.org/snapshot/panlex-20191001-csv/3323#48970539>		"kē:nâ"@bmv	<https://panlex.org/Verbal>
"open up"@en	<https://panlex.org/snapshot/panlex-20191001-csv/3323#48970657>				<https://panlex.org/snapshot/panlex-20191001-csv/3323#48970664>		"bàh"@bmv	<https://panlex.org/Verbal>
"fire"@en	<https://panlex.org/snapshot/panlex-20191001-csv/3323#48966624>				<https://panlex.org/snapshot/panlex-20191001-csv/3323#48966632>		"ūwʊ́s"@bmv	
"pound"@en	<https://panlex.org/snapshot/panlex-20191001-csv/3323#48970785>				<https://panlex.org/snapshot/panlex-20191001-csv/3323#48970793>		"kʊ̀n"@bmv	<https://panlex.org/Verbal>
"pound"@en	<https://panlex.org/snapshot/panlex-20191001-csv/3323#48970785>				<https://panlex.org/snapshot/panlex-20191001-csv/3323#48970794>		"tʃûk"@bmv	<https://panlex.org/Verbal>
"do"@en	<https://panlex.org/snapshot/panlex-20191001-csv/3323#48970570>				<https://panlex.org/snapshot/panlex-20191001-csv/3323#48970576>		"nì"@bmv	<https://panlex.org/Verbal>
"madness"@en	<https://panlex.org/snapshot/panlex-20191001-csv/3323#48967344>				<https://panlex.org/snapshot/panlex-20191001-csv/3323#48967351>		"īdʒâk"@bmv	
"dwarf cow"@en	<https://panlex.org/snapshot/panlex-20191001-csv/3323#48966416>				<https://panlex.org/snapshot/panlex-20191001-csv/3323#48966424>		"mbɔ̀ŋ"@bmv	
"rot"@en	<https://panlex.org/snapshot/panlex-20191001-csv/3323#48971009>				<https://panlex.org/snapshot/panlex-20191001-csv/3323#48971015>		"fʉ̀"@bmv	<https://panlex.org/Verbal>
"old"@en	<https://panlex.org/snapshot/panlex-20191001-csv/3323#48970632>				<https://panlex.org/snapshot/panlex-20191001-csv/3323#48970638>		"dʒʊ̀n"@bmv	<https://panlex.org/Verbal>
"burnt"@en	<https://panlex.org/snapshot/panlex-20191001-csv/3323#48969377>				<https://panlex.org/snapshot/panlex-20191001-csv/3323#48969383>		"fīmî"@bmv	<https://panlex.org/Verbal>
"intestines"@en	<https://panlex.org/snapshot/panlex-20191001-csv/3323#48967141>				<https://panlex.org/snapshot/panlex-20191001-csv/3323#48967150>		"ātə̀ndʒân"@bmv	
"fowl"@en	<https://panlex.org/snapshot/panlex-20191001-csv/3323#48966973>				<https://panlex.org/snapshot/panlex-20191001-csv/3323#48966981>		"āŋgwû"@bmv	
"star"@en	<https://panlex.org/snapshot/panlex-20191001-csv/3323#48968329>				<https://panlex.org/snapshot/panlex-20191001-csv/3323#48968336>		"f̄ondʒɛ̂n"@bmv	
"big"@en	<https://panlex.org/snapshot/panlex-20191001-csv/3323#48969203>				<https://panlex.org/snapshot/panlex-20191001-csv/3323#48969210>		"ɣâk"@bmv	<https://panlex.org/Verbal>
"cook"@en	<https://panlex.org/snapshot/panlex-20191001-csv/3323#48969577>				<https://panlex.org/snapshot/panlex-20191001-csv/3323#48969585>		"kfʊ̀nà"@bmv	<https://panlex.org/Verbal>
"heel"@en	<https://panlex.org/snapshot/panlex-20191001-csv/3323#48966958>				<https://panlex.org/snapshot/panlex-20191001-csv/3323#48966966>		"ātʃə̀ŋ"@bmv	
"throw away"@en	<https://panlex.org/snapshot/panlex-20191001-csv/3323#48971728>				<https://panlex.org/snapshot/panlex-20191001-csv/3323#48971734>		"mà:kà"@bmv	<https://panlex.org/Verbal>
"extinguish"@en	<https://panlex.org/snapshot/panlex-20191001-csv/3323#48969936>				<https://panlex.org/snapshot/panlex-20191001-csv/3323#48969943>		"līmhî"@bmv	<https://panlex.org/Verbal>
"sand"@en	<https://panlex.org/snapshot/panlex-20191001-csv/3323#48968083>				<https://panlex.org/snapshot/panlex-20191001-csv/3323#48968090>		"sə̄sí"@bmv	
"whistle"@en	<https://panlex.org/snapshot/panlex-20191001-csv/3323#48966265>				<https://panlex.org/snapshot/panlex-20191001-csv/3323#48966274>		"ātʃì"@bmv	
"bean"@en	<https://panlex.org/snapshot/panlex-20191001-csv/3323#48965557>				<https://panlex.org/snapshot/panlex-20191001-csv/3323#48965565>		"ākwʊ̂n"@bmv	
"praise"@en	<https://panlex.org/snapshot/panlex-20191001-csv/3323#48970836>				<https://panlex.org/snapshot/panlex-20191001-csv/3323#48970841>		"kɔ̄khî"@bmv	<https://panlex.org/Verbal>
"blind"@en	<https://panlex.org/snapshot/panlex-20191001-csv/3323#48969274>				<https://panlex.org/snapshot/panlex-20191001-csv/3323#48969281>		"fɛ̂f"@bmv	<https://panlex.org/Verbal>
"knee"@en	<https://panlex.org/snapshot/panlex-20191001-csv/3323#48967189>				<https://panlex.org/snapshot/panlex-20191001-csv/3323#48967196>		"īlwî"@bmv	
"forest"@en	<https://panlex.org/snapshot/panlex-20191001-csv/3323#48966721>				<https://panlex.org/snapshot/panlex-20191001-csv/3323#48966728>		"ākwúɔ̄"@bmv	
"get"@en	<https://panlex.org/snapshot/panlex-20191001-csv/3323#48970108>				<https://panlex.org/snapshot/panlex-20191001-csv/3323#48970114>		"kə̄tî"@bmv	<https://panlex.org/Verbal>
"beat"@en	<https://panlex.org/snapshot/panlex-20191001-csv/3323#48969142>				<https://panlex.org/snapshot/panlex-20191001-csv/3323#48969149>		"sâm"@bmv	<https://panlex.org/Verbal>
"hide"@en	<https://panlex.org/snapshot/panlex-20191001-csv/3323#48970281>				<https://panlex.org/snapshot/panlex-20191001-csv/3323#48970288>		"lɛ̀:t"@bmv	<https://panlex.org/Verbal>
"hide"@en	<https://panlex.org/snapshot/panlex-20191001-csv/3323#48968163>				<https://panlex.org/snapshot/panlex-20191001-csv/3323#48968170>		"āgwû"@bmv	
"foot"@en	<https://panlex.org/snapshot/panlex-20191001-csv/3323#48966703>				<https://panlex.org/snapshot/panlex-20191001-csv/3323#48966711>		"āwú"@bmv	
"person"@en	<https://panlex.org/snapshot/panlex-20191001-csv/3323#48967785>				<https://panlex.org/snapshot/panlex-20191001-csv/3323#48967793>		"āwʊ̂t"@bmv	
"person"@en	<https://panlex.org/snapshot/panlex-20191001-csv/3323#48967785>				<https://panlex.org/snapshot/panlex-20191001-csv/3323#48967794>		"āɣə̂t"@bmv	
"strength"@en	<https://panlex.org/snapshot/panlex-20191001-csv/3323#48968416>				<https://panlex.org/snapshot/panlex-20191001-csv/3323#48968423>		"ādʒiák"@bmv	
"monkey"@en	<https://panlex.org/snapshot/panlex-20191001-csv/3323#48967500>				<https://panlex.org/snapshot/panlex-20191001-csv/3323#48967507>		"ākān"@bmv	
"ask"@en	<https://panlex.org/snapshot/panlex-20191001-csv/3323#48969057>				<https://panlex.org/snapshot/panlex-20191001-csv/3323#48969064>		"bîf"@bmv	
"snake"@en	<https://panlex.org/snapshot/panlex-20191001-csv/3323#48968223>				<https://panlex.org/snapshot/panlex-20191001-csv/3323#48968231>		"āɥuɔ̂"@bmv	
"cadaver"@en	<https://panlex.org/snapshot/panlex-20191001-csv/3323#48965858>				<https://panlex.org/snapshot/panlex-20191001-csv/3323#48965865>		"īgʊ́n̄"@bmv	
"belt"@en	<https://panlex.org/snapshot/panlex-20191001-csv/3323#48965672>				<https://panlex.org/snapshot/panlex-20191001-csv/3323#48965680>		"ūkuɔ̂"@bmv	
"two"@en	<https://panlex.org/snapshot/panlex-20191001-csv/3323#48972041>				<https://panlex.org/snapshot/panlex-20191001-csv/3323#48972048>		"bà"@bmv	
"go"@en	<https://panlex.org/snapshot/panlex-20191001-csv/3323#48970137>				<https://panlex.org/snapshot/panlex-20191001-csv/3323#48970145>		"lɔ̀"@bmv	<https://panlex.org/Verbal>
"find"@en	<https://panlex.org/snapshot/panlex-20191001-csv/3323#48969997>				<https://panlex.org/snapshot/panlex-20191001-csv/3323#48970005>		"kə̂ŋ"@bmv	
"slide"@en	<https://panlex.org/snapshot/panlex-20191001-csv/3323#48971331>				<https://panlex.org/snapshot/panlex-20191001-csv/3323#48971338>		"lɛ̂n"@bmv	<https://panlex.org/Verbal>
"drink"@en	<https://panlex.org/snapshot/panlex-20191001-csv/3323#48969790>				<https://panlex.org/snapshot/panlex-20191001-csv/3323#48969798>		"ɲṵ̂"@bmv	
"arm"@en	<https://panlex.org/snapshot/panlex-20191001-csv/3323#48965437>				<https://panlex.org/snapshot/panlex-20191001-csv/3323#48965444>		"ūkpɛ̂n"@bmv	
"blood"@en	<https://panlex.org/snapshot/panlex-20191001-csv/3323#48965715>				<https://panlex.org/snapshot/panlex-20191001-csv/3323#48965722>		"m̄lúŋ"@bmv	
"sufficient"@en	<https://panlex.org/snapshot/panlex-20191001-csv/3323#48971542>				<https://panlex.org/snapshot/panlex-20191001-csv/3323#48971548>		"kpɛ̂n"@bmv	<https://panlex.org/Verbal>
"egg"@en	<https://panlex.org/snapshot/panlex-20191001-csv/3323#48966449>				<https://panlex.org/snapshot/panlex-20191001-csv/3323#48966457>		"īwúm̄"@bmv	
"hand piano"@en	<https://panlex.org/snapshot/panlex-20191001-csv/3323#48966894>				<https://panlex.org/snapshot/panlex-20191001-csv/3323#48966901>		"īlúŋ"@bmv	
"swallow"@en	<https://panlex.org/snapshot/panlex-20191001-csv/3323#48971555>				<https://panlex.org/snapshot/panlex-20191001-csv/3323#48971560>		"miì"@bmv	<https://panlex.org/Verbal>
"cave"@en	<https://panlex.org/snapshot/panlex-20191001-csv/3323#48965935>				<https://panlex.org/snapshot/panlex-20191001-csv/3323#48965942>		"ūtɛ̂n"@bmv	
"imitate"@en	<https://panlex.org/snapshot/panlex-20191001-csv/3323#48970359>				<https://panlex.org/snapshot/panlex-20191001-csv/3323#48970366>		"sī:nâ"@bmv	<https://panlex.org/Verbal>
"fold"@en	<https://panlex.org/snapshot/panlex-20191001-csv/3323#48970082>				<https://panlex.org/snapshot/panlex-20191001-csv/3323#48970089>		"būɣnâ"@bmv	<https://panlex.org/Verbal>
"headpad"@en	<https://panlex.org/snapshot/panlex-20191001-csv/3323#48966924>				<https://panlex.org/snapshot/panlex-20191001-csv/3323#48966931>		"īkâ:t"@bmv	
"road"@en	<https://panlex.org/snapshot/panlex-20191001-csv/3323#48967753>				<https://panlex.org/snapshot/panlex-20191001-csv/3323#48967760>		"ūlʊ̂m"@bmv	
"growl"@en	<https://panlex.org/snapshot/panlex-20191001-csv/3323#48970181>				<https://panlex.org/snapshot/panlex-20191001-csv/3323#48970190>		"dʊ̀m"@bmv	<https://panlex.org/Verbal>
"swear"@en	<https://panlex.org/snapshot/panlex-20191001-csv/3323#48971566>				<https://panlex.org/snapshot/panlex-20191001-csv/3323#48971572>		"kàn"@bmv	<https://panlex.org/Verbal>
"divide"@en	<https://panlex.org/snapshot/panlex-20191001-csv/3323#48969774>				<https://panlex.org/snapshot/panlex-20191001-csv/3323#48969782>		"dʒàtì"@bmv	<https://panlex.org/Verbal>
"shorten"@en	<https://panlex.org/snapshot/panlex-20191001-csv/3323#48971197>				<https://panlex.org/snapshot/panlex-20191001-csv/3323#48971204>		"tʊ̄mhî"@bmv	<https://panlex.org/Verbal>
"stick"@en	<https://panlex.org/snapshot/panlex-20191001-csv/3323#48968343>				<https://panlex.org/snapshot/panlex-20191001-csv/3323#48968351>		"īlêŋà"@bmv	
"tell"@en	<https://panlex.org/snapshot/panlex-20191001-csv/3323#48971681>				<https://panlex.org/snapshot/panlex-20191001-csv/3323#48971687>		"mà"@bmv	<https://panlex.org/Verbal>
"tell"@en	<https://panlex.org/snapshot/panlex-20191001-csv/3323#48971668>				<https://panlex.org/snapshot/panlex-20191001-csv/3323#48971675>		"fɔ̀ktì"@bmv	<https://panlex.org/Verbal>
"fry"@en	<https://panlex.org/snapshot/panlex-20191001-csv/3323#48970095>				<https://panlex.org/snapshot/panlex-20191001-csv/3323#48970102>		"kâŋ"@bmv	<https://panlex.org/Verbal>
"cowry"@en	<https://panlex.org/snapshot/panlex-20191001-csv/3323#48966202>				<https://panlex.org/snapshot/panlex-20191001-csv/3323#48966209>		"ākʌ́m"@bmv	
"bamboo"@en	<https://panlex.org/snapshot/panlex-20191001-csv/3323#48965521>				<https://panlex.org/snapshot/panlex-20191001-csv/3323#48965528>		"ūlʌ́ŋ̄"@bmv	
"friend"@en	<https://panlex.org/snapshot/panlex-20191001-csv/3323#48966734>				<https://panlex.org/snapshot/panlex-20191001-csv/3323#48966742>		"āsʊ́n"@bmv	
"body"@en	<https://panlex.org/snapshot/panlex-20191001-csv/3323#48965732>				<https://panlex.org/snapshot/panlex-20191001-csv/3323#48965739>		"ūwʊ́n"@bmv	
"inside"@en	<https://panlex.org/snapshot/panlex-20191001-csv/3323#48967115>				<https://panlex.org/snapshot/panlex-20191001-csv/3323#48967122>		"afotɛ̄nà"@bmv	
"pull"@en	<https://panlex.org/snapshot/panlex-20191001-csv/3323#48970862>				<https://panlex.org/snapshot/panlex-20191001-csv/3323#48970870>		"gùf"@bmv	<https://panlex.org/Verbal>
"farm"@en	<https://panlex.org/snapshot/panlex-20191001-csv/3323#48966526>				<https://panlex.org/snapshot/panlex-20191001-csv/3323#48966534>		"āfôk"@bmv	
"bow"@en	<https://panlex.org/snapshot/panlex-20191001-csv/3323#48965762>				<https://panlex.org/snapshot/panlex-20191001-csv/3323#48965768>		"f̄ətʃí"@bmv	
"where"@en	<https://panlex.org/snapshot/panlex-20191001-csv/3323#48972217>				<https://panlex.org/snapshot/panlex-20191001-csv/3323#48972224>		"fá"@bmv	
"wind"@en	<https://panlex.org/snapshot/panlex-20191001-csv/3323#48968789>				<https://panlex.org/snapshot/panlex-20191001-csv/3323#48968799>		"āfôf"@bmv	
"wing"@en	<https://panlex.org/snapshot/panlex-20191001-csv/3323#48968822>				<https://panlex.org/snapshot/panlex-20191001-csv/3323#48968829>		"īɣâ"@bmv	
"eye"@en	<https://panlex.org/snapshot/panlex-20191001-csv/3323#48966488>				<https://panlex.org/snapshot/panlex-20191001-csv/3323#48966496>		"īsɛ̂"@bmv	
"scrape"@en	<https://panlex.org/snapshot/panlex-20191001-csv/3323#48971075>				<https://panlex.org/snapshot/panlex-20191001-csv/3323#48971081>		"kwɔ̂m"@bmv	<https://panlex.org/Verbal>
"spear"@en	<https://panlex.org/snapshot/panlex-20191001-csv/3323#48968257>				<https://panlex.org/snapshot/panlex-20191001-csv/3323#48968265>		"īwɔ́ŋ̄"@bmv	
"seize"@en	<https://panlex.org/snapshot/panlex-20191001-csv/3323#48971103>				<https://panlex.org/snapshot/panlex-20191001-csv/3323#48971110>		"sà:k"@bmv	<https://panlex.org/Verbal>
"seize"@en	<https://panlex.org/snapshot/panlex-20191001-csv/3323#48971103>				<https://panlex.org/snapshot/panlex-20191001-csv/3323#48971111>		"sàɣk"@bmv	<https://panlex.org/Verbal>
"rope"@en	<https://panlex.org/snapshot/panlex-20191001-csv/3323#48968048>				<https://panlex.org/snapshot/panlex-20191001-csv/3323#48968055>		"ākòl"@bmv	
"dog"@en	<https://panlex.org/snapshot/panlex-20191001-csv/3323#48966357>				<https://panlex.org/snapshot/panlex-20191001-csv/3323#48966364>		"ābô"@bmv	
"place"@en	<https://panlex.org/snapshot/panlex-20191001-csv/3323#48967835>				<https://panlex.org/snapshot/panlex-20191001-csv/3323#48967842>		"ūlúk"@bmv	
"marrow"@en	<https://panlex.org/snapshot/panlex-20191001-csv/3323#48967426>				<https://panlex.org/snapshot/panlex-20191001-csv/3323#48967434>		"āmɔ́ŋ"@bmv	
"tie"@en	<https://panlex.org/snapshot/panlex-20191001-csv/3323#48971742>				<https://panlex.org/snapshot/panlex-20191001-csv/3323#48971749>		"kwût"@bmv	<https://panlex.org/Verbal>
"country"@en	<https://panlex.org/snapshot/panlex-20191001-csv/3323#48966186>				<https://panlex.org/snapshot/panlex-20191001-csv/3323#48966194>		"īlâk"@bmv	
"fishhook"@en	<https://panlex.org/snapshot/panlex-20191001-csv/3323#48966661>				<https://panlex.org/snapshot/panlex-20191001-csv/3323#48966668>		"āsâk"@bmv	
"begin"@en	<https://panlex.org/snapshot/panlex-20191001-csv/3323#48969170>				<https://panlex.org/snapshot/panlex-20191001-csv/3323#48969178>		"jɪ̀mì"@bmv	<https://panlex.org/Verbal>
"stand"@en	<https://panlex.org/snapshot/panlex-20191001-csv/3323#48971471>				<https://panlex.org/snapshot/panlex-20191001-csv/3323#48971477>		"tēmî"@bmv	<https://panlex.org/Verbal>
"mad"@en	<https://panlex.org/snapshot/panlex-20191001-csv/3323#48970557>				<https://panlex.org/snapshot/panlex-20191001-csv/3323#48970563>		"ɥâ"@bmv	<https://panlex.org/Verbal>
"night"@en	<https://panlex.org/snapshot/panlex-20191001-csv/3323#48967658>				<https://panlex.org/snapshot/panlex-20191001-csv/3323#48967667>		"n̄tókó"@bmv	
"harvest"@en	<https://panlex.org/snapshot/panlex-20191001-csv/3323#48970197>				<https://panlex.org/snapshot/panlex-20191001-csv/3323#48970205>		"kpè"@bmv	<https://panlex.org/Verbal>
"path"@en	<https://panlex.org/snapshot/panlex-20191001-csv/3323#48967752>				<https://panlex.org/snapshot/panlex-20191001-csv/3323#48967760>		"ūlʊ̂m"@bmv	
"mat"@en	<https://panlex.org/snapshot/panlex-20191001-csv/3323#48967441>				<https://panlex.org/snapshot/panlex-20191001-csv/3323#48967448>		"f̄oɣâm"@bmv	
"beg"@en	<https://panlex.org/snapshot/panlex-20191001-csv/3323#48969156>				<https://panlex.org/snapshot/panlex-20191001-csv/3323#48969164>		"lɔ̂n"@bmv	<https://panlex.org/Verbal>
"accompany"@en	<https://panlex.org/snapshot/panlex-20191001-csv/3323#48968964>				<https://panlex.org/snapshot/panlex-20191001-csv/3323#48968973>		"dʒùmtì"@bmv	
"heart"@en	<https://panlex.org/snapshot/panlex-20191001-csv/3323#48966937>				<https://panlex.org/snapshot/panlex-20191001-csv/3323#48966948>		"ītʌ́m"@bmv	
"sift"@en	<https://panlex.org/snapshot/panlex-20191001-csv/3323#48971248>				<https://panlex.org/snapshot/panlex-20191001-csv/3323#48971254>		"sɛ̀k"@bmv	<https://panlex.org/Verbal>
"uproot"@en	<https://panlex.org/snapshot/panlex-20191001-csv/3323#48971855>				<https://panlex.org/snapshot/panlex-20191001-csv/3323#48971862>		"tʃūɔ̀k"@bmv	<https://panlex.org/Verbal>
"shine"@en	<https://panlex.org/snapshot/panlex-20191001-csv/3323#48971173>				<https://panlex.org/snapshot/panlex-20191001-csv/3323#48971178>		"bân"@bmv	<https://panlex.org/Verbal>
"potato"@en	<https://panlex.org/snapshot/panlex-20191001-csv/3323#48967894>				<https://panlex.org/snapshot/panlex-20191001-csv/3323#48967901>		"ə̀ndɔ̀tʃí"@bmv	
"suck"@en	<https://panlex.org/snapshot/panlex-20191001-csv/3323#48971527>				<https://panlex.org/snapshot/panlex-20191001-csv/3323#48971533>		"ɲwɔ̂ŋ"@bmv	<https://panlex.org/Verbal>
"die"@en	<https://panlex.org/snapshot/panlex-20191001-csv/3323#48969748>				<https://panlex.org/snapshot/panlex-20191001-csv/3323#48969755>		"kpô"@bmv	<https://panlex.org/Verbal>
"hen"@en	<https://panlex.org/snapshot/panlex-20191001-csv/3323#48966972>				<https://panlex.org/snapshot/panlex-20191001-csv/3323#48966981>		"āŋgwû"@bmv	
"pestle"@en	<https://panlex.org/snapshot/panlex-20191001-csv/3323#48967802>				<https://panlex.org/snapshot/panlex-20191001-csv/3323#48967809>		"ākɔ́ŋ"@bmv	
"vein"@en	<https://panlex.org/snapshot/panlex-20191001-csv/3323#48968718>				<https://panlex.org/snapshot/panlex-20191001-csv/3323#48968725>		"f̄oɣáŋ̄"@bmv	
"see"@en	<https://panlex.org/snapshot/panlex-20191001-csv/3323#48971089>				<https://panlex.org/snapshot/panlex-20191001-csv/3323#48971095>		"ɥɛ̂n"@bmv	<https://panlex.org/Verbal>
"wander about"@en	<https://panlex.org/snapshot/panlex-20191001-csv/3323#48971884>				<https://panlex.org/snapshot/panlex-20191001-csv/3323#48971890>		"ɣānnâ"@bmv	<https://panlex.org/Verbal>
"bed"@en	<https://panlex.org/snapshot/panlex-20191001-csv/3323#48965593>				<https://panlex.org/snapshot/panlex-20191001-csv/3323#48965601>		"ūkʉ̂"@bmv	
"plantain"@en	<https://panlex.org/snapshot/panlex-20191001-csv/3323#48967849>				<https://panlex.org/snapshot/panlex-20191001-csv/3323#48967857>		"îŋgɔ̀m"@bmv	
"tooth"@en	<https://panlex.org/snapshot/panlex-20191001-csv/3323#48968609>				<https://panlex.org/snapshot/panlex-20191001-csv/3323#48968617>		"īsɔ́ŋ̄"@bmv	
"raphia"@en	<https://panlex.org/snapshot/panlex-20191001-csv/3323#48967982>				<https://panlex.org/snapshot/panlex-20191001-csv/3323#48967989>		"īlɔ̂"@bmv	
"crab"@en	<https://panlex.org/snapshot/panlex-20191001-csv/3323#48966216>				<https://panlex.org/snapshot/panlex-20191001-csv/3323#48966223>		"ākʌ́m"@bmv	
"journey"@en	<https://panlex.org/snapshot/panlex-20191001-csv/3323#48967176>				<https://panlex.org/snapshot/panlex-20191001-csv/3323#48967183>		"īgbê"@bmv	
"assemble"@en	<https://panlex.org/snapshot/panlex-20191001-csv/3323#48969070>				<https://panlex.org/snapshot/panlex-20191001-csv/3323#48969080>		"tʃɪ̀ntì"@bmv	
"become thin"@en	<https://panlex.org/snapshot/panlex-20191001-csv/3323#48969849>				<https://panlex.org/snapshot/panlex-20191001-csv/3323#48969856>		"ɥûm"@bmv	<https://panlex.org/Verbal>
"mouth"@en	<https://panlex.org/snapshot/panlex-20191001-csv/3323#48967559>				<https://panlex.org/snapshot/panlex-20191001-csv/3323#48967566>		"īdʒuɔ̂"@bmv	
"four"@en	<https://panlex.org/snapshot/panlex-20191001-csv/3323#48972073>				<https://panlex.org/snapshot/panlex-20191001-csv/3323#48972080>		"kè:k"@bmv	
"name"@en	<https://panlex.org/snapshot/panlex-20191001-csv/3323#48967589>				<https://panlex.org/snapshot/panlex-20191001-csv/3323#48967597>		"īɥə́t"@bmv	
"pit"@en	<https://panlex.org/snapshot/panlex-20191001-csv/3323#48967817>				<https://panlex.org/snapshot/panlex-20191001-csv/3323#48967827>		"ībɛ́"@bmv	
"ripen"@en	<https://panlex.org/snapshot/panlex-20191001-csv/3323#48970935>				<https://panlex.org/snapshot/panlex-20191001-csv/3323#48970941>		"bàŋ"@bmv	<https://panlex.org/Verbal>
"work"@en	<https://panlex.org/snapshot/panlex-20191001-csv/3323#48971975>				<https://panlex.org/snapshot/panlex-20191001-csv/3323#48971981>		"fɛ̀:t"@bmv	<https://panlex.org/Verbal>
"work"@en	<https://panlex.org/snapshot/panlex-20191001-csv/3323#48968840>				<https://panlex.org/snapshot/panlex-20191001-csv/3323#48968846>		"īfɛ̂t"@bmv	
"tongue"@en	<https://panlex.org/snapshot/panlex-20191001-csv/3323#48968591>				<https://panlex.org/snapshot/panlex-20191001-csv/3323#48968599>		"ūtʃû"@bmv	
"caterpillar"@en	<https://panlex.org/snapshot/panlex-20191001-csv/3323#48965925>				<https://panlex.org/snapshot/panlex-20191001-csv/3323#48965930>		"fī"@bmv	
"wife"@en	<https://panlex.org/snapshot/panlex-20191001-csv/3323#48968855>				<https://panlex.org/snapshot/panlex-20191001-csv/3323#48968863>		"āɥwí"@bmv	
"ear"@en	<https://panlex.org/snapshot/panlex-20191001-csv/3323#48966430>				<https://panlex.org/snapshot/panlex-20191001-csv/3323#48966437>		"ātûŋló"@bmv	
"new"@en	<https://panlex.org/snapshot/panlex-20191001-csv/3323#48967645>				<https://panlex.org/snapshot/panlex-20191001-csv/3323#48967652>		"īfɛ̂"@bmv	
"remove"@en	<https://panlex.org/snapshot/panlex-20191001-csv/3323#48969497>				<https://panlex.org/snapshot/panlex-20191001-csv/3323#48969506>		"tʃūòk"@bmv	<https://panlex.org/Verbal>
"maize"@en	<https://panlex.org/snapshot/panlex-20191001-csv/3323#48967370>				<https://panlex.org/snapshot/panlex-20191001-csv/3323#48967377>		"īsáŋ"@bmv	
"breast"@en	<https://panlex.org/snapshot/panlex-20191001-csv/3323#48965793>				<https://panlex.org/snapshot/panlex-20191001-csv/3323#48965801>		"īɣɛ̂n"@bmv	
"tail"@en	<https://panlex.org/snapshot/panlex-20191001-csv/3323#48968449>				<https://panlex.org/snapshot/panlex-20191001-csv/3323#48968456>		"ūkpɛ̀n"@bmv	
"honey"@en	<https://panlex.org/snapshot/panlex-20191001-csv/3323#48967030>				<https://panlex.org/snapshot/panlex-20191001-csv/3323#48967037>		"ūlô"@bmv	
"judge"@en	<https://panlex.org/snapshot/panlex-20191001-csv/3323#48971051>				<https://panlex.org/snapshot/panlex-20191001-csv/3323#48971057>		"sâ:k"@bmv	<https://panlex.org/Verbal>
"hill"@en	<https://panlex.org/snapshot/panlex-20191001-csv/3323#48966993>				<https://panlex.org/snapshot/panlex-20191001-csv/3323#48967004>		"ākʊ́n"@bmv	
"hill"@en	<https://panlex.org/snapshot/panlex-20191001-csv/3323#48966993>				<https://panlex.org/snapshot/panlex-20191001-csv/3323#48967005>		"ūtâŋ"@bmv	
"axe"@en	<https://panlex.org/snapshot/panlex-20191001-csv/3323#48965471>				<https://panlex.org/snapshot/panlex-20191001-csv/3323#48965478>		"āndʒàm"@bmv	
"clothing"@en	<https://panlex.org/snapshot/panlex-20191001-csv/3323#48966093>				<https://panlex.org/snapshot/panlex-20191001-csv/3323#48966100>		"āndʒū"@bmv	
"smell"@en	<https://panlex.org/snapshot/panlex-20191001-csv/3323#48971349>				<https://panlex.org/snapshot/panlex-20191001-csv/3323#48971355>		"lìm"@bmv	<https://panlex.org/Verbal>
"squeeze"@en	<https://panlex.org/snapshot/panlex-20191001-csv/3323#48971447>				<https://panlex.org/snapshot/panlex-20191001-csv/3323#48971453>		"kâm"@bmv	<https://panlex.org/Verbal>
"finish"@en	<https://panlex.org/snapshot/panlex-20191001-csv/3323#48970025>				<https://panlex.org/snapshot/panlex-20191001-csv/3323#48970032>		"mìhì"@bmv	<https://panlex.org/Verbal>
"finish"@en	<https://panlex.org/snapshot/panlex-20191001-csv/3323#48970038>				<https://panlex.org/snapshot/panlex-20191001-csv/3323#48970045>		"mì"@bmv	<https://panlex.org/Verbal>
"tired"@en	<https://panlex.org/snapshot/panlex-20191001-csv/3323#48971765>				<https://panlex.org/snapshot/panlex-20191001-csv/3323#48971771>		"bɔ̂:t"@bmv	<https://panlex.org/Verbal>
"put"@en	<https://panlex.org/snapshot/panlex-20191001-csv/3323#48970881>				<https://panlex.org/snapshot/panlex-20191001-csv/3323#48970890>		"tɔ̂m"@bmv	<https://panlex.org/Verbal>
"put"@en	<https://panlex.org/snapshot/panlex-20191001-csv/3323#48970881>				<https://panlex.org/snapshot/panlex-20191001-csv/3323#48970889>		"lɛ̀m"@bmv	<https://panlex.org/Verbal>
"show"@en	<https://panlex.org/snapshot/panlex-20191001-csv/3323#48971233>				<https://panlex.org/snapshot/panlex-20191001-csv/3323#48971239>		"dɛ̀nhì"@bmv	<https://panlex.org/Verbal>
"show"@en	<https://panlex.org/snapshot/panlex-20191001-csv/3323#48971233>				<https://panlex.org/snapshot/panlex-20191001-csv/3323#48971240>		"tʃùtì"@bmv	<https://panlex.org/Verbal>
"yesterday"@en	<https://panlex.org/snapshot/panlex-20191001-csv/3323#48968937>				<https://panlex.org/snapshot/panlex-20191001-csv/3323#48968944>		"íɥuɔ̄nī"@bmv	
"village"@en	<https://panlex.org/snapshot/panlex-20191001-csv/3323#48968731>				<https://panlex.org/snapshot/panlex-20191001-csv/3323#48968738>		"ītɛ̀k"@bmv	
"elephant"@en	<https://panlex.org/snapshot/panlex-20191001-csv/3323#48966467>				<https://panlex.org/snapshot/panlex-20191001-csv/3323#48966477>		"àdʒiʌ̀"@bmv	
"elephant"@en	<https://panlex.org/snapshot/panlex-20191001-csv/3323#48966467>				<https://panlex.org/snapshot/panlex-20191001-csv/3323#48966476>		"ɲám"@bmv	
"hair"@en	<https://panlex.org/snapshot/panlex-20191001-csv/3323#48966860>				<https://panlex.org/snapshot/panlex-20191001-csv/3323#48966867>		"āɲûŋ"@bmv	
"fufu"@en	<https://panlex.org/snapshot/panlex-20191001-csv/3323#48966766>				<https://panlex.org/snapshot/panlex-20191001-csv/3323#48966774>		"ābân"@bmv	
"jump"@en	<https://panlex.org/snapshot/panlex-20191001-csv/3323#48970395>				<https://panlex.org/snapshot/panlex-20191001-csv/3323#48970402>		"tʃàktì"@bmv	<https://panlex.org/Verbal>
"feather"@en	<https://panlex.org/snapshot/panlex-20191001-csv/3323#48966563>				<https://panlex.org/snapshot/panlex-20191001-csv/3323#48966569>		"īgʊ̂t"@bmv	
"rise up"@en	<https://panlex.org/snapshot/panlex-20191001-csv/3323#48970996>				<https://panlex.org/snapshot/panlex-20191001-csv/3323#48971002>		"lɔ̀tì"@bmv	<https://panlex.org/Verbal>
"black"@en	<https://panlex.org/snapshot/panlex-20191001-csv/3323#48969259>				<https://panlex.org/snapshot/panlex-20191001-csv/3323#48969266>		"fîn"@bmv	<https://panlex.org/Verbal>
"day"@en	<https://panlex.org/snapshot/panlex-20191001-csv/3323#48966296>				<https://panlex.org/snapshot/panlex-20191001-csv/3323#48966304>		"ūtúk"@bmv	
"live"@en	<https://panlex.org/snapshot/panlex-20191001-csv/3323#48970519>				<https://panlex.org/snapshot/panlex-20191001-csv/3323#48970528>		"tʃīʌ̀"@bmv	<https://panlex.org/Verbal>
"like"@en	<https://panlex.org/snapshot/panlex-20191001-csv/3323#48971901>				<https://panlex.org/snapshot/panlex-20191001-csv/3323#48971908>		"kɔ̀ŋ"@bmv	<https://panlex.org/Verbal>
"length"@en	<https://panlex.org/snapshot/panlex-20191001-csv/3323#48967285>				<https://panlex.org/snapshot/panlex-20191001-csv/3323#48967291>		"īdâf"@bmv	
"tree"@en	<https://panlex.org/snapshot/panlex-20191001-csv/3323#48968640>				<https://panlex.org/snapshot/panlex-20191001-csv/3323#48968647>		"f̄okâk"@bmv	
"salt"@en	<https://panlex.org/snapshot/panlex-20191001-csv/3323#48968064>				<https://panlex.org/snapshot/panlex-20191001-csv/3323#48968071>		"f̄oŋgbâŋ"@bmv	
"mould"@en	<https://panlex.org/snapshot/panlex-20191001-csv/3323#48970620>				<https://panlex.org/snapshot/panlex-20191001-csv/3323#48970626>		"mʉ̄ʌ̀m"@bmv	<https://panlex.org/Verbal>
"bend over"@en	<https://panlex.org/snapshot/panlex-20191001-csv/3323#48969187>				<https://panlex.org/snapshot/panlex-20191001-csv/3323#48969196>		"ŋgūmtî"@bmv	<https://panlex.org/Verbal>
"pumpkin"@en	<https://panlex.org/snapshot/panlex-20191001-csv/3323#48967922>				<https://panlex.org/snapshot/panlex-20191001-csv/3323#48967929>		"ībɔ́k"@bmv	
"pepper"@en	<https://panlex.org/snapshot/panlex-20191001-csv/3323#48967770>				<https://panlex.org/snapshot/panlex-20191001-csv/3323#48967776>		"f̄otʃuɔ́kà"@bmv	
"clean"@en	<https://panlex.org/snapshot/panlex-20191001-csv/3323#48969512>				<https://panlex.org/snapshot/panlex-20191001-csv/3323#48969520>		"ɥû"@bmv	<https://panlex.org/Verbal>
"roast"@en	<https://panlex.org/snapshot/panlex-20191001-csv/3323#48969359>				<https://panlex.org/snapshot/panlex-20191001-csv/3323#48969368>		"ɲuɔ̀k"@bmv	<https://panlex.org/Verbal>
"branch"@en	<https://panlex.org/snapshot/panlex-20191001-csv/3323#48965778>				<https://panlex.org/snapshot/panlex-20191001-csv/3323#48965786>		"ūkpɔ̂ŋ"@bmv	
"navel"@en	<https://panlex.org/snapshot/panlex-20191001-csv/3323#48967604>				<https://panlex.org/snapshot/panlex-20191001-csv/3323#48967611>		"ītɔ́ŋ̄"@bmv	
"ladder"@en	<https://panlex.org/snapshot/panlex-20191001-csv/3323#48967225>				<https://panlex.org/snapshot/panlex-20191001-csv/3323#48967232>		"ūkwuɔ̂k"@bmv	
"resemble"@en	<https://panlex.org/snapshot/panlex-20191001-csv/3323#48970961>				<https://panlex.org/snapshot/panlex-20191001-csv/3323#48970966>		"fō:nâ"@bmv	<https://panlex.org/Verbal>
"termite"@en	<https://panlex.org/snapshot/panlex-20191001-csv/3323#48968478>				<https://panlex.org/snapshot/panlex-20191001-csv/3323#48968486>		"îŋguɔ̄k"@bmv	
"beehive"@en	<https://panlex.org/snapshot/panlex-20191001-csv/3323#48965626>				<https://panlex.org/snapshot/panlex-20191001-csv/3323#48965633>		"āŋgàn"@bmv	
"market"@en	<https://panlex.org/snapshot/panlex-20191001-csv/3323#48967407>				<https://panlex.org/snapshot/panlex-20191001-csv/3323#48967417>		"ūwɛ́n"@bmv	
"pot"@en	<https://panlex.org/snapshot/panlex-20191001-csv/3323#48967881>				<https://panlex.org/snapshot/panlex-20191001-csv/3323#48967888>		"īkə́ŋ̄"@bmv	
"nose"@en	<https://panlex.org/snapshot/panlex-20191001-csv/3323#48967674>				<https://panlex.org/snapshot/panlex-20191001-csv/3323#48967682>		"àlwî"@bmv	
"nose"@en	<https://panlex.org/snapshot/panlex-20191001-csv/3323#48967674>				<https://panlex.org/snapshot/panlex-20191001-csv/3323#48967681>		"tɔ́ŋ"@bmv	
"dew"@en	<https://panlex.org/snapshot/panlex-20191001-csv/3323#48966343>				<https://panlex.org/snapshot/panlex-20191001-csv/3323#48966350>		"ātəmʉ́ʌkà"@bmv	
"piece"@en	<https://panlex.org/snapshot/panlex-20191001-csv/3323#48968144>				<https://panlex.org/snapshot/panlex-20191001-csv/3323#48968152>		"ābâh"@bmv	
"avoid"@en	<https://panlex.org/snapshot/panlex-20191001-csv/3323#48969088>				<https://panlex.org/snapshot/panlex-20191001-csv/3323#48969096>		"bâm"@bmv	<https://panlex.org/Verbal>
"deceive"@en	<https://panlex.org/snapshot/panlex-20191001-csv/3323#48969719>				<https://panlex.org/snapshot/panlex-20191001-csv/3323#48969727>		"lɛ̄hî"@bmv	<https://panlex.org/Verbal>
"tremble"@en	<https://panlex.org/snapshot/panlex-20191001-csv/3323#48971804>				<https://panlex.org/snapshot/panlex-20191001-csv/3323#48971810>		"tʃīŋtî"@bmv	<https://panlex.org/Verbal>
"fear"@en	<https://panlex.org/snapshot/panlex-20191001-csv/3323#48969969>				<https://panlex.org/snapshot/panlex-20191001-csv/3323#48969976>		"fàn"@bmv	<https://panlex.org/Verbal>
"blow"@en	<https://panlex.org/snapshot/panlex-20191001-csv/3323#48969286>				<https://panlex.org/snapshot/panlex-20191001-csv/3323#48969295>		"fɛ̂f"@bmv	<https://panlex.org/Verbal>
"blow"@en	<https://panlex.org/snapshot/panlex-20191001-csv/3323#48969303>				<https://panlex.org/snapshot/panlex-20191001-csv/3323#48969311>		"mìs"@bmv	<https://panlex.org/Verbal>
"burn"@en	<https://panlex.org/snapshot/panlex-20191001-csv/3323#48969358>				<https://panlex.org/snapshot/panlex-20191001-csv/3323#48969368>		"ɲuɔ̀k"@bmv	<https://panlex.org/Verbal>
"xylophone"@en	<https://panlex.org/snapshot/panlex-20191001-csv/3323#48968893>				<https://panlex.org/snapshot/panlex-20191001-csv/3323#48968900>		"āndʒáŋ"@bmv	
"daytime"@en	<https://panlex.org/snapshot/panlex-20191001-csv/3323#48966311>				<https://panlex.org/snapshot/panlex-20191001-csv/3323#48966318>		"ǹtʃwì"@bmv	
"cane-rat"@en	<https://panlex.org/snapshot/panlex-20191001-csv/3323#48965908>				<https://panlex.org/snapshot/panlex-20191001-csv/3323#48965915>		"āndʒɪ̄lì"@bmv	
"heavy"@en	<https://panlex.org/snapshot/panlex-20191001-csv/3323#48970255>				<https://panlex.org/snapshot/panlex-20191001-csv/3323#48970262>		"dʒìt"@bmv	<https://panlex.org/Verbal>
"urine"@en	<https://panlex.org/snapshot/panlex-20191001-csv/3323#48968688>				<https://panlex.org/snapshot/panlex-20191001-csv/3323#48968695>		"m̄dʒûŋlò"@bmv	
"spread"@en	<https://panlex.org/snapshot/panlex-20191001-csv/3323#48971435>				<https://panlex.org/snapshot/panlex-20191001-csv/3323#48971441>		"sàŋ"@bmv	<https://panlex.org/Verbal>
"leg"@en	<https://panlex.org/snapshot/panlex-20191001-csv/3323#48967269>				<https://panlex.org/snapshot/panlex-20191001-csv/3323#48967276>		"ūfwɛ́n"@bmv	
"perspire"@en	<https://panlex.org/snapshot/panlex-20191001-csv/3323#48970707>				<https://panlex.org/snapshot/panlex-20191001-csv/3323#48970713>		"ɥūɣhî"@bmv	<https://panlex.org/Verbal>
"enter"@en	<https://panlex.org/snapshot/panlex-20191001-csv/3323#48969896>				<https://panlex.org/snapshot/panlex-20191001-csv/3323#48969904>		"lî"@bmv	<https://panlex.org/Verbal>
"hoe"@en	<https://panlex.org/snapshot/panlex-20191001-csv/3323#48967013>				<https://panlex.org/snapshot/panlex-20191001-csv/3323#48967021>		"āfɛ̂"@bmv	
"bag"@en	<https://panlex.org/snapshot/panlex-20191001-csv/3323#48965502>				<https://panlex.org/snapshot/panlex-20191001-csv/3323#48965510>		"bàlì"@bmv	
"sheep"@en	<https://panlex.org/snapshot/panlex-20191001-csv/3323#48968097>				<https://panlex.org/snapshot/panlex-20191001-csv/3323#48968103>		"ndʒiʌ̀"@bmv	
"sleep"@en	<https://panlex.org/snapshot/panlex-20191001-csv/3323#48971318>				<https://panlex.org/snapshot/panlex-20191001-csv/3323#48971324>		"bvʊ̄nî"@bmv	<https://panlex.org/Verbal>
"grasshopper"@en	<https://panlex.org/snapshot/panlex-20191001-csv/3323#48966801>				<https://panlex.org/snapshot/panlex-20191001-csv/3323#48966808>		"ātàn"@bmv	
"grasshopper"@en	<https://panlex.org/snapshot/panlex-20191001-csv/3323#48966801>				<https://panlex.org/snapshot/panlex-20191001-csv/3323#48966807>		"īwʊ̀n"@bmv	
"pour"@en	<https://panlex.org/snapshot/panlex-20191001-csv/3323#48970817>				<https://panlex.org/snapshot/panlex-20191001-csv/3323#48970826>		"sùh"@bmv	<https://panlex.org/Verbal>
"dry season"@en	<https://panlex.org/snapshot/panlex-20191001-csv/3323#48966391>				<https://panlex.org/snapshot/panlex-20191001-csv/3323#48966398>		"nlʊ̀m"@bmv	
"saliva"@en	<https://panlex.org/snapshot/panlex-20191001-csv/3323#48968032>				<https://panlex.org/snapshot/panlex-20191001-csv/3323#48968039>		"m̄tʃwâ"@bmv	
"corn flour"@en	<https://panlex.org/snapshot/panlex-20191001-csv/3323#48966767>				<https://panlex.org/snapshot/panlex-20191001-csv/3323#48966774>		"ābân"@bmv	
"put away"@en	<https://panlex.org/snapshot/panlex-20191001-csv/3323#48970898>				<https://panlex.org/snapshot/panlex-20191001-csv/3323#48970905>		"tʃàxhì"@bmv	<https://panlex.org/Verbal>
"bake"@en	<https://panlex.org/snapshot/panlex-20191001-csv/3323#48969117>				<https://panlex.org/snapshot/panlex-20191001-csv/3323#48969124>		"fʊ̀m"@bmv	<https://panlex.org/Verbal>
"cricket"@en	<https://panlex.org/snapshot/panlex-20191001-csv/3323#48966249>				<https://panlex.org/snapshot/panlex-20191001-csv/3323#48966258>		"ātʃì"@bmv	
"moon"@en	<https://panlex.org/snapshot/panlex-20191001-csv/3323#48967515>				<https://panlex.org/snapshot/panlex-20191001-csv/3323#48967522>		"n̄dʒɔ̄ŋ"@bmv	
"tear"@en	<https://panlex.org/snapshot/panlex-20191001-csv/3323#48968465>				<https://panlex.org/snapshot/panlex-20191001-csv/3323#48968472>		"f̄osɛ̂"@bmv	
"tear"@en	<https://panlex.org/snapshot/panlex-20191001-csv/3323#48971655>				<https://panlex.org/snapshot/panlex-20191001-csv/3323#48971662>		"sàh"@bmv	<https://panlex.org/Verbal>
"rat"@en	<https://panlex.org/snapshot/panlex-20191001-csv/3323#48967997>				<https://panlex.org/snapshot/panlex-20191001-csv/3323#48968004>		"āfɛ̂"@bmv	
"rat"@en	<https://panlex.org/snapshot/panlex-20191001-csv/3323#48967997>				<https://panlex.org/snapshot/panlex-20191001-csv/3323#48968005>		"āfó"@bmv	
"sting"@en	<https://panlex.org/snapshot/panlex-20191001-csv/3323#48971497>				<https://panlex.org/snapshot/panlex-20191001-csv/3323#48971503>		"tâ"@bmv	<https://panlex.org/Verbal>
"sting"@en	<https://panlex.org/snapshot/panlex-20191001-csv/3323#48968360>				<https://panlex.org/snapshot/panlex-20191001-csv/3323#48968365>		"ītâ"@bmv	
"red"@en	<https://panlex.org/snapshot/panlex-20191001-csv/3323#48970923>				<https://panlex.org/snapshot/panlex-20191001-csv/3323#48970929>		"bàŋ"@bmv	<https://panlex.org/Verbal>
"rice"@en	<https://panlex.org/snapshot/panlex-20191001-csv/3323#48965575>				<https://panlex.org/snapshot/panlex-20191001-csv/3323#48965583>		"ākwʊ̂n"@bmv	
"press"@en	<https://panlex.org/snapshot/panlex-20191001-csv/3323#48970848>				<https://panlex.org/snapshot/panlex-20191001-csv/3323#48970855>		"jə̄ktî"@bmv	<https://panlex.org/Verbal>
"crack"@en	<https://panlex.org/snapshot/panlex-20191001-csv/3323#48966233>				<https://panlex.org/snapshot/panlex-20191001-csv/3323#48966241>		"īkákâ"@bmv	
"leaf"@en	<https://panlex.org/snapshot/panlex-20191001-csv/3323#48967252>				<https://panlex.org/snapshot/panlex-20191001-csv/3323#48967260>		"īfó"@bmv	
"three"@en	<https://panlex.org/snapshot/panlex-20191001-csv/3323#48972057>				<https://panlex.org/snapshot/panlex-20191001-csv/3323#48972064>		"tát"@bmv	
"cross"@en	<https://panlex.org/snapshot/panlex-20191001-csv/3323#48969649>				<https://panlex.org/snapshot/panlex-20191001-csv/3323#48969656>		"dàŋ"@bmv	<https://panlex.org/Verbal>
"catch"@en	<https://panlex.org/snapshot/panlex-20191001-csv/3323#48969468>				<https://panlex.org/snapshot/panlex-20191001-csv/3323#48969476>		"kwɔ̂"@bmv	<https://panlex.org/Verbal>
"wine"@en	<https://panlex.org/snapshot/panlex-20191001-csv/3323#48968808>				<https://panlex.org/snapshot/panlex-20191001-csv/3323#48968815>		"m̄lûk"@bmv	
"thing"@en	<https://panlex.org/snapshot/panlex-20191001-csv/3323#48968507>				<https://panlex.org/snapshot/panlex-20191001-csv/3323#48968515>		"āʃíʌ̄"@bmv	
"dawn"@en	<https://panlex.org/snapshot/panlex-20191001-csv/3323#48969528>				<https://panlex.org/snapshot/panlex-20191001-csv/3323#48969536>		"ɥû"@bmv	<https://panlex.org/Verbal>
"drip"@en	<https://panlex.org/snapshot/panlex-20191001-csv/3323#48969806>				<https://panlex.org/snapshot/panlex-20191001-csv/3323#48969814>		"tʃɛ̂m"@bmv	<https://panlex.org/Verbal>
"count"@en	<https://panlex.org/snapshot/panlex-20191001-csv/3323#48969606>				<https://panlex.org/snapshot/panlex-20191001-csv/3323#48969614>		"tâŋ"@bmv	<https://panlex.org/Verbal>
"snail"@en	<https://panlex.org/snapshot/panlex-20191001-csv/3323#48968211>				<https://panlex.org/snapshot/panlex-20191001-csv/3323#48968217>		"ātâk"@bmv	
"spit"@en	<https://panlex.org/snapshot/panlex-20191001-csv/3323#48971386>				<https://panlex.org/snapshot/panlex-20191001-csv/3323#48971393>		"tʃû"@bmv	<https://panlex.org/Verbal>
"lick"@en	<https://panlex.org/snapshot/panlex-20191001-csv/3323#48970495>				<https://panlex.org/snapshot/panlex-20191001-csv/3323#48970501>		"lâ"@bmv	<https://panlex.org/Verbal>
"ten"@en	<https://panlex.org/snapshot/panlex-20191001-csv/3323#48972172>				<https://panlex.org/snapshot/panlex-20191001-csv/3323#48972179>		"īwûm"@bmv	
"snore"@en	<https://panlex.org/snapshot/panlex-20191001-csv/3323#48971361>				<https://panlex.org/snapshot/panlex-20191001-csv/3323#48971367>		"kwɔ̀"@bmv	<https://panlex.org/Verbal>
"take"@en	<https://panlex.org/snapshot/panlex-20191001-csv/3323#48971641>				<https://panlex.org/snapshot/panlex-20191001-csv/3323#48971648>		"fî"@bmv	<https://panlex.org/Verbal>
"behind"@en	<https://panlex.org/snapshot/panlex-20191001-csv/3323#48965640>				<https://panlex.org/snapshot/panlex-20191001-csv/3323#48965648>		"ībàm"@bmv	
"horn"@en	<https://panlex.org/snapshot/panlex-20191001-csv/3323#48967062>				<https://panlex.org/snapshot/panlex-20191001-csv/3323#48967070>		"āndɔ̄ŋ"@bmv	
"horn"@en	<https://panlex.org/snapshot/panlex-20191001-csv/3323#48967062>				<https://panlex.org/snapshot/panlex-20191001-csv/3323#48967069>		"āsɛ̄"@bmv	
"drive away"@en	<https://panlex.org/snapshot/panlex-20191001-csv/3323#48969821>				<https://panlex.org/snapshot/panlex-20191001-csv/3323#48969829>		"dʒùm"@bmv	<https://panlex.org/Verbal>
"tie up"@en	<https://panlex.org/snapshot/panlex-20191001-csv/3323#48971743>				<https://panlex.org/snapshot/panlex-20191001-csv/3323#48971749>		"kwût"@bmv	<https://panlex.org/Verbal>
"cheek"@en	<https://panlex.org/snapshot/panlex-20191001-csv/3323#48965973>				<https://panlex.org/snapshot/panlex-20191001-csv/3323#48965982>		"ādʒiʌ̂k"@bmv	
"cleverness"@en	<https://panlex.org/snapshot/panlex-20191001-csv/3323#48966076>				<https://panlex.org/snapshot/panlex-20191001-csv/3323#48966085>		"ūtɔ́f"@bmv	
"mountain"@en	<https://panlex.org/snapshot/panlex-20191001-csv/3323#48966994>				<https://panlex.org/snapshot/panlex-20191001-csv/3323#48967004>		"ākʊ́n"@bmv	
"mountain"@en	<https://panlex.org/snapshot/panlex-20191001-csv/3323#48966994>				<https://panlex.org/snapshot/panlex-20191001-csv/3323#48967005>		"ūtâŋ"@bmv	
"clay"@en	<https://panlex.org/snapshot/panlex-20191001-csv/3323#48966058>				<https://panlex.org/snapshot/panlex-20191001-csv/3323#48966068>		"ātʃák"@bmv	
"clay"@en	<https://panlex.org/snapshot/panlex-20191001-csv/3323#48966058>				<https://panlex.org/snapshot/panlex-20191001-csv/3323#48966067>		"ātʃáɣlò"@bmv	
"outside"@en	<https://panlex.org/snapshot/panlex-20191001-csv/3323#48967705>				<https://panlex.org/snapshot/panlex-20191001-csv/3323#48967713>		"ábɪ̄n"@bmv	
"time"@en	<https://panlex.org/snapshot/panlex-20191001-csv/3323#48968552>				<https://panlex.org/snapshot/panlex-20191001-csv/3323#48968558>		"ūɥú"@bmv	
"cry"@en	<https://panlex.org/snapshot/panlex-20191001-csv/3323#48969662>				<https://panlex.org/snapshot/panlex-20191001-csv/3323#48969669>		"dʒì"@bmv	<https://panlex.org/Verbal>
"pick up"@en	<https://panlex.org/snapshot/panlex-20191001-csv/3323#48970719>				<https://panlex.org/snapshot/panlex-20191001-csv/3323#48970727>		"bɔ̂ŋ"@bmv	<https://panlex.org/Verbal>
"belly"@en	<https://panlex.org/snapshot/panlex-20191001-csv/3323#48965654>				<https://panlex.org/snapshot/panlex-20191001-csv/3323#48965662>		"ūlâ"@bmv	
"back"@en	<https://panlex.org/snapshot/panlex-20191001-csv/3323#48965485>				<https://panlex.org/snapshot/panlex-20191001-csv/3323#48965492>		"ādʒə́m̄"@bmv	
"grave"@en	<https://panlex.org/snapshot/panlex-20191001-csv/3323#48966816>				<https://panlex.org/snapshot/panlex-20191001-csv/3323#48966823>		"īsî"@bmv	
"fling up"@en	<https://panlex.org/snapshot/panlex-20191001-csv/3323#48970050>				<https://panlex.org/snapshot/panlex-20191001-csv/3323#48970057>		"tʃə̂m"@bmv	<https://panlex.org/Verbal>
"cloth"@en	<https://panlex.org/snapshot/panlex-20191001-csv/3323#48966092>				<https://panlex.org/snapshot/panlex-20191001-csv/3323#48966100>		"āndʒū"@bmv	
"thief"@en	<https://panlex.org/snapshot/panlex-20191001-csv/3323#48968493>				<https://panlex.org/snapshot/panlex-20191001-csv/3323#48968498>		"ītʃɔ̂ŋ"@bmv	
"cure"@en	<https://panlex.org/snapshot/panlex-20191001-csv/3323#48970801>				<https://panlex.org/snapshot/panlex-20191001-csv/3323#48970809>		"kʊ̀n"@bmv	<https://panlex.org/Verbal>
"cure"@en	<https://panlex.org/snapshot/panlex-20191001-csv/3323#48970801>				<https://panlex.org/snapshot/panlex-20191001-csv/3323#48970810>		"tʃûk"@bmv	<https://panlex.org/Verbal>
"shoot"@en	<https://panlex.org/snapshot/panlex-20191001-csv/3323#48971184>				<https://panlex.org/snapshot/panlex-20191001-csv/3323#48971190>		"tʊ̂m"@bmv	<https://panlex.org/Verbal>
"ceiling"@en	<https://panlex.org/snapshot/panlex-20191001-csv/3323#48965947>				<https://panlex.org/snapshot/panlex-20191001-csv/3323#48965954>		"ūtân"@bmv	
"flesh"@en	<https://panlex.org/snapshot/panlex-20191001-csv/3323#48966673>				<https://panlex.org/snapshot/panlex-20191001-csv/3323#48966679>		"ndʒà"@bmv	
"fruit"@en	<https://panlex.org/snapshot/panlex-20191001-csv/3323#48966750>				<https://panlex.org/snapshot/panlex-20191001-csv/3323#48966758>		"ātám"@bmv	
"cough"@en	<https://panlex.org/snapshot/panlex-20191001-csv/3323#48969593>				<https://panlex.org/snapshot/panlex-20191001-csv/3323#48969600>		"kēhî"@bmv	<https://panlex.org/Verbal>
"lost"@en	<https://panlex.org/snapshot/panlex-20191001-csv/3323#48970545>				<https://panlex.org/snapshot/panlex-20191001-csv/3323#48970551>		"làhà"@bmv	<https://panlex.org/Verbal>
"money"@en	<https://panlex.org/snapshot/panlex-20191001-csv/3323#48967484>				<https://panlex.org/snapshot/panlex-20191001-csv/3323#48967492>		"ūkâ"@bmv	
"slave"@en	<https://panlex.org/snapshot/panlex-20191001-csv/3323#48968178>				<https://panlex.org/snapshot/panlex-20191001-csv/3323#48968185>		"ākwuɔ̂s"@bmv	
"father"@en	<https://panlex.org/snapshot/panlex-20191001-csv/3323#48966577>				<https://panlex.org/snapshot/panlex-20191001-csv/3323#48966583>		"bâbá"@bmv	
"hang"@en	<https://panlex.org/snapshot/panlex-20191001-csv/3323#48970330>				<https://panlex.org/snapshot/panlex-20191001-csv/3323#48970340>		"ɣāŋhî"@bmv	<https://panlex.org/Verbal>
"hang"@en	<https://panlex.org/snapshot/panlex-20191001-csv/3323#48970330>				<https://panlex.org/snapshot/panlex-20191001-csv/3323#48970339>		"kʉ̀ʌtà"@bmv	<https://panlex.org/Verbal>
"break"@en	<https://panlex.org/snapshot/panlex-20191001-csv/3323#48969317>				<https://panlex.org/snapshot/panlex-20191001-csv/3323#48969325>		"kʌ̂m"@bmv	<https://panlex.org/Verbal>
"chief"@en	<https://panlex.org/snapshot/panlex-20191001-csv/3323#48966005>				<https://panlex.org/snapshot/panlex-20191001-csv/3323#48966014>		"āfɔ̀n"@bmv	
"chief"@en	<https://panlex.org/snapshot/panlex-20191001-csv/3323#48966005>				<https://panlex.org/snapshot/panlex-20191001-csv/3323#48966015>		"āfʌ̀n"@bmv	
"swell"@en	<https://panlex.org/snapshot/panlex-20191001-csv/3323#48971618>				<https://panlex.org/snapshot/panlex-20191001-csv/3323#48971624>		"mʊ̀t"@bmv	<https://panlex.org/Verbal>
"give"@en	<https://panlex.org/snapshot/panlex-20191001-csv/3323#48970121>				<https://panlex.org/snapshot/panlex-20191001-csv/3323#48970129>		"fɔ̂"@bmv	<https://panlex.org/Verbal>
"send"@en	<https://panlex.org/snapshot/panlex-20191001-csv/3323#48971129>				<https://panlex.org/snapshot/panlex-20191001-csv/3323#48971135>		"tʊ̂m"@bmv	<https://panlex.org/Verbal>
"itch"@en	<https://panlex.org/snapshot/panlex-20191001-csv/3323#48970383>				<https://panlex.org/snapshot/panlex-20191001-csv/3323#48970389>		"jìs"@bmv	<https://panlex.org/Verbal>
"jaw"@en	<https://panlex.org/snapshot/panlex-20191001-csv/3323#48965974>				<https://panlex.org/snapshot/panlex-20191001-csv/3323#48965982>		"ādʒiʌ̂k"@bmv	
"one"@en	<https://panlex.org/snapshot/panlex-20191001-csv/3323#48972025>				<https://panlex.org/snapshot/panlex-20191001-csv/3323#48972032>		"mɔ̀k"@bmv	
"mortar"@en	<https://panlex.org/snapshot/panlex-20191001-csv/3323#48967531>				<https://panlex.org/snapshot/panlex-20191001-csv/3323#48967537>		"afowvû"@bmv	
"come"@en	<https://panlex.org/snapshot/panlex-20191001-csv/3323#48969559>				<https://panlex.org/snapshot/panlex-20191001-csv/3323#48969567>		"bɛ̀n"@bmv	<https://panlex.org/Verbal>
"hunger"@en	<https://panlex.org/snapshot/panlex-20191001-csv/3323#48967080>				<https://panlex.org/snapshot/panlex-20191001-csv/3323#48967087>		"ādʒə́ŋ"@bmv	
"cooking stone"@en	<https://panlex.org/snapshot/panlex-20191001-csv/3323#48966156>				<https://panlex.org/snapshot/panlex-20191001-csv/3323#48966163>		"ītɔ̂m"@bmv	
"fig tree"@en	<https://panlex.org/snapshot/panlex-20191001-csv/3323#48966613>				<https://panlex.org/snapshot/panlex-20191001-csv/3323#48966618>		"f̄ogúmà"@bmv	
"fat"@en	<https://panlex.org/snapshot/panlex-20191001-csv/3323#48966541>				<https://panlex.org/snapshot/panlex-20191001-csv/3323#48966550>		"īlá"@bmv	
"white"@en	<https://panlex.org/snapshot/panlex-20191001-csv/3323#48971962>				<https://panlex.org/snapshot/panlex-20191001-csv/3323#48971968>		"fôf"@bmv	<https://panlex.org/Verbal>
"bee"@en	<https://panlex.org/snapshot/panlex-20191001-csv/3323#48965610>				<https://panlex.org/snapshot/panlex-20191001-csv/3323#48965617>		"āɥū"@bmv	
"bad"@en	<https://panlex.org/snapshot/panlex-20191001-csv/3323#48969103>				<https://panlex.org/snapshot/panlex-20191001-csv/3323#48969110>		"bɛ̂f"@bmv	<https://panlex.org/Verbal>
"sell"@en	<https://panlex.org/snapshot/panlex-20191001-csv/3323#48971117>				<https://panlex.org/snapshot/panlex-20191001-csv/3323#48971123>		"fènà"@bmv	<https://panlex.org/Verbal>
"rule"@en	<https://panlex.org/snapshot/panlex-20191001-csv/3323#48971050>				<https://panlex.org/snapshot/panlex-20191001-csv/3323#48971057>		"sâ:k"@bmv	<https://panlex.org/Verbal>
"face"@en	<https://panlex.org/snapshot/panlex-20191001-csv/3323#48966506>				<https://panlex.org/snapshot/panlex-20191001-csv/3323#48966515>		"īkʌ̂k"@bmv	
"lake"@en	<https://panlex.org/snapshot/panlex-20191001-csv/3323#48967240>				<https://panlex.org/snapshot/panlex-20191001-csv/3323#48967246>		"ūlwî"@bmv	
"shoulder"@en	<https://panlex.org/snapshot/panlex-20191001-csv/3323#48968111>				<https://panlex.org/snapshot/panlex-20191001-csv/3323#48968119>		"īwɔ̂m"@bmv	
"stone"@en	<https://panlex.org/snapshot/panlex-20191001-csv/3323#48968383>				<https://panlex.org/snapshot/panlex-20191001-csv/3323#48968389>		"ītí"@bmv	
"stone"@en	<https://panlex.org/snapshot/panlex-20191001-csv/3323#48968370>				<https://panlex.org/snapshot/panlex-20191001-csv/3323#48968377>		"ŋ̀gwɔ̀k"@bmv	
"palmtree"@en	<https://panlex.org/snapshot/panlex-20191001-csv/3323#48967733>				<https://panlex.org/snapshot/panlex-20191001-csv/3323#48967742>		"ījʌ́há"@bmv	
"palmtree"@en	<https://panlex.org/snapshot/panlex-20191001-csv/3323#48967733>				<https://panlex.org/snapshot/panlex-20191001-csv/3323#48967741>		"īsɔ́m"@bmv	
"husband"@en	<https://panlex.org/snapshot/panlex-20191001-csv/3323#48967098>				<https://panlex.org/snapshot/panlex-20191001-csv/3323#48967106>		"ālʊ́m"@bmv	
"chest"@en	<https://panlex.org/snapshot/panlex-20191001-csv/3323#48965990>				<https://panlex.org/snapshot/panlex-20191001-csv/3323#48965997>		"āŋgàŋtò"@bmv	
"bleeding cup"@en	<https://panlex.org/snapshot/panlex-20191001-csv/3323#48965704>				<https://panlex.org/snapshot/panlex-20191001-csv/3323#48965711>		"f̄əwî"@bmv	
"hunt"@en	<https://panlex.org/snapshot/panlex-20191001-csv/3323#48970346>				<https://panlex.org/snapshot/panlex-20191001-csv/3323#48970353>		"bʉ̄ʌ̀m"@bmv	<https://panlex.org/Verbal>
"six"@en	<https://panlex.org/snapshot/panlex-20191001-csv/3323#48972105>				<https://panlex.org/snapshot/panlex-20191001-csv/3323#48972112>		"tōfá"@bmv	
"palace"@en	<https://panlex.org/snapshot/panlex-20191001-csv/3323#48966026>				<https://panlex.org/snapshot/panlex-20191001-csv/3323#48966033>		"ātɔ̂k"@bmv	
"travel"@en	<https://panlex.org/snapshot/panlex-20191001-csv/3323#48971790>				<https://panlex.org/snapshot/panlex-20191001-csv/3323#48971796>		"gbè"@bmv	<https://panlex.org/Verbal>
"buttock"@en	<https://panlex.org/snapshot/panlex-20191001-csv/3323#48965843>				<https://panlex.org/snapshot/panlex-20191001-csv/3323#48965851>		"īsâh"@bmv	
"illness"@en	<https://panlex.org/snapshot/panlex-20191001-csv/3323#48967128>				<https://panlex.org/snapshot/panlex-20191001-csv/3323#48967135>		"īɥâf"@bmv	
"follow"@en	<https://panlex.org/snapshot/panlex-20191001-csv/3323#48968980>				<https://panlex.org/snapshot/panlex-20191001-csv/3323#48968989>		"dʒùmtì"@bmv	
"stool"@en	<https://panlex.org/snapshot/panlex-20191001-csv/3323#48968396>				<https://panlex.org/snapshot/panlex-20191001-csv/3323#48968405>		"ūkpɔ́k"@bmv	
"grind"@en	<https://panlex.org/snapshot/panlex-20191001-csv/3323#48970166>				<https://panlex.org/snapshot/panlex-20191001-csv/3323#48970174>		"gwɔ̀"@bmv	<https://panlex.org/Verbal>
"write"@en	<https://panlex.org/snapshot/panlex-20191001-csv/3323#48972000>				<https://panlex.org/snapshot/panlex-20191001-csv/3323#48972006>		"ɲiàk"@bmv	<https://panlex.org/Verbal>
"break open"@en	<https://panlex.org/snapshot/panlex-20191001-csv/3323#48970658>				<https://panlex.org/snapshot/panlex-20191001-csv/3323#48970664>		"bàh"@bmv	<https://panlex.org/Verbal>
"side"@en	<https://panlex.org/snapshot/panlex-20191001-csv/3323#48968126>				<https://panlex.org/snapshot/panlex-20191001-csv/3323#48968134>		"ābâh"@bmv	
"medicine"@en	<https://panlex.org/snapshot/panlex-20191001-csv/3323#48967454>				<https://panlex.org/snapshot/panlex-20191001-csv/3323#48967462>		"āfó"@bmv	
"silent"@en	<https://panlex.org/snapshot/panlex-20191001-csv/3323#48971262>				<https://panlex.org/snapshot/panlex-20191001-csv/3323#48971268>		"tʃɪ̄nâ"@bmv	<https://panlex.org/Verbal>
"urinate"@en	<https://panlex.org/snapshot/panlex-20191001-csv/3323#48971868>				<https://panlex.org/snapshot/panlex-20191001-csv/3323#48971874>		"gbò"@bmv	<https://panlex.org/Verbal>
"pain"@en	<https://panlex.org/snapshot/panlex-20191001-csv/3323#48967720>				<https://panlex.org/snapshot/panlex-20191001-csv/3323#48967726>		"īɥâf"@bmv	
"cut loose"@en	<https://panlex.org/snapshot/panlex-20191001-csv/3323#48969688>				<https://panlex.org/snapshot/panlex-20191001-csv/3323#48969697>		"ɥɛ̀ntì"@bmv	<https://panlex.org/Verbal>
"neck"@en	<https://panlex.org/snapshot/panlex-20191001-csv/3323#48967620>				<https://panlex.org/snapshot/panlex-20191001-csv/3323#48967634>		"ūtɔ́ŋ"@bmv	
"neck"@en	<https://panlex.org/snapshot/panlex-20191001-csv/3323#48967620>				<https://panlex.org/snapshot/panlex-20191001-csv/3323#48967633>		"ūmʉ̂"@bmv	
"hate"@en	<https://panlex.org/snapshot/panlex-20191001-csv/3323#48970212>				<https://panlex.org/snapshot/panlex-20191001-csv/3323#48970219>		"bàn"@bmv	<https://panlex.org/Verbal>
"pleased"@en	<https://panlex.org/snapshot/panlex-20191001-csv/3323#48970759>				<https://panlex.org/snapshot/panlex-20191001-csv/3323#48970765>		"sāŋlî"@bmv	<https://panlex.org/Verbal>
"cockroach"@en	<https://panlex.org/snapshot/panlex-20191001-csv/3323#48966125>				<https://panlex.org/snapshot/panlex-20191001-csv/3323#48966131>		"āfɔ́m"@bmv	
"strong"@en	<https://panlex.org/snapshot/panlex-20191001-csv/3323#48971510>				<https://panlex.org/snapshot/panlex-20191001-csv/3323#48971517>		"tâ"@bmv	<https://panlex.org/Verbal>
"short"@en	<https://panlex.org/snapshot/panlex-20191001-csv/3323#48971196>				<https://panlex.org/snapshot/panlex-20191001-csv/3323#48971204>		"tʊ̄mhî"@bmv	<https://panlex.org/Verbal>
"cocoyam"@en	<https://panlex.org/snapshot/panlex-20191001-csv/3323#48966139>				<https://panlex.org/snapshot/panlex-20191001-csv/3323#48966148>		"āláŋ"@bmv	
"deny"@en	<https://panlex.org/snapshot/panlex-20191001-csv/3323#48971579>				<https://panlex.org/snapshot/panlex-20191001-csv/3323#48971585>		"kàn"@bmv	<https://panlex.org/Verbal>
"admire"@en	<https://panlex.org/snapshot/panlex-20191001-csv/3323#48968996>				<https://panlex.org/snapshot/panlex-20191001-csv/3323#48969004>		"sɛ̄mtî"@bmv	
"measure"@en	<https://panlex.org/snapshot/panlex-20191001-csv/3323#48970594>				<https://panlex.org/snapshot/panlex-20191001-csv/3323#48970600>		"fɛ̀k"@bmv	<https://panlex.org/Verbal>
"break wind"@en	<https://panlex.org/snapshot/panlex-20191001-csv/3323#48969333>				<https://panlex.org/snapshot/panlex-20191001-csv/3323#48969338>		"gbò"@bmv	<https://panlex.org/Verbal>
"sew"@en	<https://panlex.org/snapshot/panlex-20191001-csv/3323#48971143>				<https://panlex.org/snapshot/panlex-20191001-csv/3323#48971150>		"tʊ̄mtî"@bmv	<https://panlex.org/Verbal>
"sew"@en	<https://panlex.org/snapshot/panlex-20191001-csv/3323#48971143>				<https://panlex.org/snapshot/panlex-20191001-csv/3323#48971151>		"tâh"@bmv	<https://panlex.org/Verbal>
"bundle"@en	<https://panlex.org/snapshot/panlex-20191001-csv/3323#48965826>				<https://panlex.org/snapshot/panlex-20191001-csv/3323#48965835>		"ībúk"@bmv	
"bark"@en	<https://panlex.org/snapshot/panlex-20191001-csv/3323#48969129>				<https://panlex.org/snapshot/panlex-20191001-csv/3323#48969136>		"wâŋ"@bmv	<https://panlex.org/Verbal>
"rest"@en	<https://panlex.org/snapshot/panlex-20191001-csv/3323#48970972>				<https://panlex.org/snapshot/panlex-20191001-csv/3323#48970978>		"jùtì"@bmv	<https://panlex.org/Verbal>
"weave"@en	<https://panlex.org/snapshot/panlex-20191001-csv/3323#48971936>				<https://panlex.org/snapshot/panlex-20191001-csv/3323#48971942>		"bâ"@bmv	<https://panlex.org/Verbal>
"maggot"@en	<https://panlex.org/snapshot/panlex-20191001-csv/3323#48967357>				<https://panlex.org/snapshot/panlex-20191001-csv/3323#48967364>		"āgʊ̂t"@bmv	
"fly"@en	<https://panlex.org/snapshot/panlex-20191001-csv/3323#48966688>				<https://panlex.org/snapshot/panlex-20191001-csv/3323#48966695>		"īdʒîdʒì"@bmv	
"fly"@en	<https://panlex.org/snapshot/panlex-20191001-csv/3323#48970063>				<https://panlex.org/snapshot/panlex-20191001-csv/3323#48970074>		"tàn"@bmv	<https://panlex.org/Verbal>
"fly"@en	<https://panlex.org/snapshot/panlex-20191001-csv/3323#48970063>				<https://panlex.org/snapshot/panlex-20191001-csv/3323#48970073>		"fɛ̂"@bmv	<https://panlex.org/Verbal>
"yawn"@en	<https://panlex.org/snapshot/panlex-20191001-csv/3323#48972013>				<https://panlex.org/snapshot/panlex-20191001-csv/3323#48972019>		"ɣēfî"@bmv	<https://panlex.org/Verbal>
"sink"@en	<https://panlex.org/snapshot/panlex-20191001-csv/3323#48971293>				<https://panlex.org/snapshot/panlex-20191001-csv/3323#48971298>		"mītâ"@bmv	<https://panlex.org/Verbal>
"meet"@en	<https://panlex.org/snapshot/panlex-20191001-csv/3323#48970607>				<https://panlex.org/snapshot/panlex-20191001-csv/3323#48970613>		"kwɔ̀:nà"@bmv	<https://panlex.org/Verbal>
"descend"@en	<https://panlex.org/snapshot/panlex-20191001-csv/3323#48969734>				<https://panlex.org/snapshot/panlex-20191001-csv/3323#48969740>		"tʃwɔ̂"@bmv	<https://panlex.org/Verbal>
"steal"@en	<https://panlex.org/snapshot/panlex-20191001-csv/3323#48971483>				<https://panlex.org/snapshot/panlex-20191001-csv/3323#48971489>		"tʃɔ̂ŋ"@bmv	<https://panlex.org/Verbal>
"sharpen"@en	<https://panlex.org/snapshot/panlex-20191001-csv/3323#48971159>				<https://panlex.org/snapshot/panlex-20191001-csv/3323#48971165>		"sî"@bmv	<https://panlex.org/Verbal>
"buy"@en	<https://panlex.org/snapshot/panlex-20191001-csv/3323#48969393>				<https://panlex.org/snapshot/panlex-20191001-csv/3323#48969402>		"ɥʊ̂n"@bmv	<https://panlex.org/Verbal>
"valley"@en	<https://panlex.org/snapshot/panlex-20191001-csv/3323#48968703>				<https://panlex.org/snapshot/panlex-20191001-csv/3323#48968710>		"ībát"@bmv	
"refuse"@en	<https://panlex.org/snapshot/panlex-20191001-csv/3323#48971592>				<https://panlex.org/snapshot/panlex-20191001-csv/3323#48971598>		"kàn"@bmv	<https://panlex.org/Verbal>
"refuse"@en	<https://panlex.org/snapshot/panlex-20191001-csv/3323#48970947>				<https://panlex.org/snapshot/panlex-20191001-csv/3323#48970955>		"tʊ̄nhî"@bmv	<https://panlex.org/Verbal>
"charcoal"@en	<https://panlex.org/snapshot/panlex-20191001-csv/3323#48965960>				<https://panlex.org/snapshot/panlex-20191001-csv/3323#48965967>		"ākʉ́ʌlá"@bmv	
"make"@en	<https://panlex.org/snapshot/panlex-20191001-csv/3323#48970569>				<https://panlex.org/snapshot/panlex-20191001-csv/3323#48970576>		"nì"@bmv	
"try"@en	<https://panlex.org/snapshot/panlex-20191001-csv/3323#48971816>				<https://panlex.org/snapshot/panlex-20191001-csv/3323#48971823>		"mɔ̀nhì"@bmv	<https://panlex.org/Verbal>
"message"@en	<https://panlex.org/snapshot/panlex-20191001-csv/3323#48967470>				<https://panlex.org/snapshot/panlex-20191001-csv/3323#48967477>		"ātʊ̂m"@bmv	
"head"@en	<https://panlex.org/snapshot/panlex-20191001-csv/3323#48966907>				<https://panlex.org/snapshot/panlex-20191001-csv/3323#48966914>		"ātô"@bmv	
"rainy season"@en	<https://panlex.org/snapshot/panlex-20191001-csv/3323#48967965>				<https://panlex.org/snapshot/panlex-20191001-csv/3323#48967974>		"m̀bʌ̀ŋ"@bmv	
"bite"@en	<https://panlex.org/snapshot/panlex-20191001-csv/3323#48969230>				<https://panlex.org/snapshot/panlex-20191001-csv/3323#48969237>		"lʊ̂m"@bmv	<https://panlex.org/Verbal>
"bird"@en	<https://panlex.org/snapshot/panlex-20191001-csv/3323#48965687>				<https://panlex.org/snapshot/panlex-20191001-csv/3323#48965694>		"f̄əɲə́m"@bmv	
"marry"@en	<https://panlex.org/snapshot/panlex-20191001-csv/3323#48970582>				<https://panlex.org/snapshot/panlex-20191001-csv/3323#48970588>		"gbè"@bmv	<https://panlex.org/Verbal>
"leave"@en	<https://panlex.org/snapshot/panlex-20191001-csv/3323#48970477>				<https://panlex.org/snapshot/panlex-20191001-csv/3323#48970487>		"lɔ̀"@bmv	<https://panlex.org/Verbal>
"think"@en	<https://panlex.org/snapshot/panlex-20191001-csv/3323#48971708>				<https://panlex.org/snapshot/panlex-20191001-csv/3323#48971715>		"kwàktì"@bmv	<https://panlex.org/Verbal>
"pick"@en	<https://panlex.org/snapshot/panlex-20191001-csv/3323#48970734>				<https://panlex.org/snapshot/panlex-20191001-csv/3323#48970740>		"kɔ̀n"@bmv	
"cut down"@en	<https://panlex.org/snapshot/panlex-20191001-csv/3323#48969675>				<https://panlex.org/snapshot/panlex-20191001-csv/3323#48969682>		"gbɛ̀t"@bmv	<https://panlex.org/Verbal>
"yam"@en	<https://panlex.org/snapshot/panlex-20191001-csv/3323#48968924>				<https://panlex.org/snapshot/panlex-20191001-csv/3323#48968930>		"īlím"@bmv	
"yam"@en	<https://panlex.org/snapshot/panlex-20191001-csv/3323#48968906>				<https://panlex.org/snapshot/panlex-20191001-csv/3323#48968914>		"āfâ"@bmv	
"cornbeer"@en	<https://panlex.org/snapshot/panlex-20191001-csv/3323#48966173>				<https://panlex.org/snapshot/panlex-20191001-csv/3323#48966180>		"ākáŋ"@bmv	
"ascend"@en	<https://panlex.org/snapshot/panlex-20191001-csv/3323#48969044>				<https://panlex.org/snapshot/panlex-20191001-csv/3323#48969051>		"kūɔ̀k"@bmv	
"sing"@en	<https://panlex.org/snapshot/panlex-20191001-csv/3323#48971278>				<https://panlex.org/snapshot/panlex-20191001-csv/3323#48971285>		"ɥʌ̂m"@bmv	<https://panlex.org/Verbal>
"iron"@en	<https://panlex.org/snapshot/panlex-20191001-csv/3323#48967159>				<https://panlex.org/snapshot/panlex-20191001-csv/3323#48967166>		"ākâh"@bmv	
"oil"@en	<https://panlex.org/snapshot/panlex-20191001-csv/3323#48967692>				<https://panlex.org/snapshot/panlex-20191001-csv/3323#48967699>		"m̄gʊ́t"@bmv	
"cover"@en	<https://panlex.org/snapshot/panlex-20191001-csv/3323#48969622>				<https://panlex.org/snapshot/panlex-20191001-csv/3323#48969630>		"bâŋ"@bmv	<https://panlex.org/Verbal>
"skin"@en	<https://panlex.org/snapshot/panlex-20191001-csv/3323#48968162>				<https://panlex.org/snapshot/panlex-20191001-csv/3323#48968170>		"āgwû"@bmv	
"skin"@en	<https://panlex.org/snapshot/panlex-20191001-csv/3323#48971306>				<https://panlex.org/snapshot/panlex-20191001-csv/3323#48971312>		"jù"@bmv	<https://panlex.org/Verbal>
"twist"@en	<https://panlex.org/snapshot/panlex-20191001-csv/3323#48971842>				<https://panlex.org/snapshot/panlex-20191001-csv/3323#48971848>		"fʉ̄ʌ̀k"@bmv	<https://panlex.org/Verbal>
"exchange"@en	<https://panlex.org/snapshot/panlex-20191001-csv/3323#48969910>				<https://panlex.org/snapshot/panlex-20191001-csv/3323#48969916>		"kfʊ̄nâ"@bmv	<https://panlex.org/Verbal>
"carry"@en	<https://panlex.org/snapshot/panlex-20191001-csv/3323#48969437>				<https://panlex.org/snapshot/panlex-20191001-csv/3323#48969444>		"bèkà"@bmv	<https://panlex.org/Verbal>
"carry"@en	<https://panlex.org/snapshot/panlex-20191001-csv/3323#48969437>				<https://panlex.org/snapshot/panlex-20191001-csv/3323#48969445>		"jɪ̀lì"@bmv	<https://panlex.org/Verbal>
"woman"@en	<https://panlex.org/snapshot/panlex-20191001-csv/3323#48968872>				<https://panlex.org/snapshot/panlex-20191001-csv/3323#48968882>		"ùɥɛ̂n"@bmv	
"woman"@en	<https://panlex.org/snapshot/panlex-20191001-csv/3323#48968872>				<https://panlex.org/snapshot/panlex-20191001-csv/3323#48968881>		"wút"@bmv	
"bear"@en	<https://panlex.org/snapshot/panlex-20191001-csv/3323#48969217>				<https://panlex.org/snapshot/panlex-20191001-csv/3323#48969224>		"bʉ̂"@bmv	<https://panlex.org/Verbal>
"kola"@en	<https://panlex.org/snapshot/panlex-20191001-csv/3323#48967209>				<https://panlex.org/snapshot/panlex-20191001-csv/3323#48967217>		"ībí"@bmv	
"wash"@en	<https://panlex.org/snapshot/panlex-20191001-csv/3323#48971921>				<https://panlex.org/snapshot/panlex-20191001-csv/3323#48971928>		"sò"@bmv	<https://panlex.org/Verbal>
"sweep"@en	<https://panlex.org/snapshot/panlex-20191001-csv/3323#48971605>				<https://panlex.org/snapshot/panlex-20191001-csv/3323#48971611>		"jʌ̀h"@bmv	<https://panlex.org/Verbal>
"locust"@en	<https://panlex.org/snapshot/panlex-20191001-csv/3323#48967330>				<https://panlex.org/snapshot/panlex-20191001-csv/3323#48967336>		"ābɛ̂n"@bmv	
"leprosy"@en	<https://panlex.org/snapshot/panlex-20191001-csv/3323#48967297>				<https://panlex.org/snapshot/panlex-20191001-csv/3323#48967306>		"īkôh"@bmv	
"want"@en	<https://panlex.org/snapshot/panlex-20191001-csv/3323#48971900>				<https://panlex.org/snapshot/panlex-20191001-csv/3323#48971908>		"kɔ̀ŋ"@bmv	
"touch"@en	<https://panlex.org/snapshot/panlex-20191001-csv/3323#48971777>				<https://panlex.org/snapshot/panlex-20191001-csv/3323#48971783>		"kʊ̀m"@bmv	<https://panlex.org/Verbal>
"clear away"@en	<https://panlex.org/snapshot/panlex-20191001-csv/3323#48969544>				<https://panlex.org/snapshot/panlex-20191001-csv/3323#48969553>		"tʌ̂m"@bmv	
"trap"@en	<https://panlex.org/snapshot/panlex-20191001-csv/3323#48968626>				<https://panlex.org/snapshot/panlex-20191001-csv/3323#48968632>		"ātâm"@bmv	
"ashes"@en	<https://panlex.org/snapshot/panlex-20191001-csv/3323#48965454>				<https://panlex.org/snapshot/panlex-20191001-csv/3323#48965462>		"ūbvû"@bmv	
"basket"@en	<https://panlex.org/snapshot/panlex-20191001-csv/3323#48965537>				<https://panlex.org/snapshot/panlex-20191001-csv/3323#48965550>		"kà"@bmv	
"rub off"@en	<https://panlex.org/snapshot/panlex-20191001-csv/3323#48971037>				<https://panlex.org/snapshot/panlex-20191001-csv/3323#48971043>		"jʌ̀"@bmv	<https://panlex.org/Verbal>
"trunk"@en	<https://panlex.org/snapshot/panlex-20191001-csv/3323#48968672>				<https://panlex.org/snapshot/panlex-20191001-csv/3323#48968680>		"ākɔ̂m"@bmv	
"trunk"@en	<https://panlex.org/snapshot/panlex-20191001-csv/3323#48968672>				<https://panlex.org/snapshot/panlex-20191001-csv/3323#48968679>		"āsə̄ŋ"@bmv	
"tick"@en	<https://panlex.org/snapshot/panlex-20191001-csv/3323#48968538>				<https://panlex.org/snapshot/panlex-20191001-csv/3323#48968545>		"ākóh"@bmv	
"tick"@en	<https://panlex.org/snapshot/panlex-20191001-csv/3323#48968538>				<https://panlex.org/snapshot/panlex-20191001-csv/3323#48968544>		"f̄osáhà"@bmv	
"five"@en	<https://panlex.org/snapshot/panlex-20191001-csv/3323#48972089>				<https://panlex.org/snapshot/panlex-20191001-csv/3323#48972096>		"tân"@bmv	
"eat"@en	<https://panlex.org/snapshot/panlex-20191001-csv/3323#48969863>				<https://panlex.org/snapshot/panlex-20191001-csv/3323#48969870>		"ɥə̄ʌ̀"@bmv	<https://panlex.org/Verbal>
"eat"@en	<https://panlex.org/snapshot/panlex-20191001-csv/3323#48969878>				<https://panlex.org/snapshot/panlex-20191001-csv/3323#48969888>		"tʃâm"@bmv	<https://panlex.org/Verbal>
"eat"@en	<https://panlex.org/snapshot/panlex-20191001-csv/3323#48969878>				<https://panlex.org/snapshot/panlex-20191001-csv/3323#48969887>		"kʊ̂t"@bmv	<https://panlex.org/Verbal>
"spoon"@en	<https://panlex.org/snapshot/panlex-20191001-csv/3323#48968291>				<https://panlex.org/snapshot/panlex-20191001-csv/3323#48968298>		"ātàh"@bmv	
"fence"@en	<https://panlex.org/snapshot/panlex-20191001-csv/3323#48966591>				<https://panlex.org/snapshot/panlex-20191001-csv/3323#48966598>		"āmbàn"@bmv	
"bend"@en	<https://panlex.org/snapshot/panlex-20191001-csv/3323#48969186>				<https://panlex.org/snapshot/panlex-20191001-csv/3323#48969196>		"ŋgūmtî"@bmv	<https://panlex.org/Verbal>
"trouble"@en	<https://panlex.org/snapshot/panlex-20191001-csv/3323#48968657>				<https://panlex.org/snapshot/panlex-20191001-csv/3323#48968664>		"āŋgʉʌ̂k"@bmv	
"who"@en	<https://panlex.org/snapshot/panlex-20191001-csv/3323#48972230>				<https://panlex.org/snapshot/panlex-20191001-csv/3323#48972236>		"ndɛ̄"@bmv	
"calabash"@en	<https://panlex.org/snapshot/panlex-20191001-csv/3323#48965874>				<https://panlex.org/snapshot/panlex-20191001-csv/3323#48965883>		"f̄otɔ̂m"@bmv	
"calabash"@en	<https://panlex.org/snapshot/panlex-20191001-csv/3323#48965891>				<https://panlex.org/snapshot/panlex-20191001-csv/3323#48965901>		"ŋgʉʌ̀"@bmv	
"peg out"@en	<https://panlex.org/snapshot/panlex-20191001-csv/3323#48970695>				<https://panlex.org/snapshot/panlex-20191001-csv/3323#48970701>		"bāntî"@bmv	<https://panlex.org/Verbal>
"peg out"@en	<https://panlex.org/snapshot/panlex-20191001-csv/3323#48970695>				<https://panlex.org/snapshot/panlex-20191001-csv/3323#48970700>		"tâm"@bmv	<https://panlex.org/Verbal>
"crawl"@en	<https://panlex.org/snapshot/panlex-20191001-csv/3323#48969636>				<https://panlex.org/snapshot/panlex-20191001-csv/3323#48969643>		"ŋàŋlì"@bmv	<https://panlex.org/Verbal>
"kneel"@en	<https://panlex.org/snapshot/panlex-20191001-csv/3323#48970423>				<https://panlex.org/snapshot/panlex-20191001-csv/3323#48970429>		"ŋgwūktî"@bmv	<https://panlex.org/Verbal>
"pus"@en	<https://panlex.org/snapshot/panlex-20191001-csv/3323#48967935>				<https://panlex.org/snapshot/panlex-20191001-csv/3323#48967942>		"m̄fû"@bmv	
"thorn"@en	<https://panlex.org/snapshot/panlex-20191001-csv/3323#48968524>				<https://panlex.org/snapshot/panlex-20191001-csv/3323#48968531>		"ītûŋà"@bmv	
"poverty"@en	<https://panlex.org/snapshot/panlex-20191001-csv/3323#48967907>				<https://panlex.org/snapshot/panlex-20191001-csv/3323#48967914>		"āfōf"@bmv	
"dream"@en	<https://panlex.org/snapshot/panlex-20191001-csv/3323#48966374>				<https://panlex.org/snapshot/panlex-20191001-csv/3323#48966381>		"ādʒʌ́m̄"@bmv	
"knot"@en	<https://panlex.org/snapshot/panlex-20191001-csv/3323#48970440>				<https://panlex.org/snapshot/panlex-20191001-csv/3323#48970446>		"tʃûŋ"@bmv	<https://panlex.org/Verbal>
"hit"@en	<https://panlex.org/snapshot/panlex-20191001-csv/3323#48970296>				<https://panlex.org/snapshot/panlex-20191001-csv/3323#48970307>		"kʊ̀n"@bmv	<https://panlex.org/Verbal>
"man"@en	<https://panlex.org/snapshot/panlex-20191001-csv/3323#48967386>				<https://panlex.org/snapshot/panlex-20191001-csv/3323#48967397>		"ùlòmà"@bmv	
"man"@en	<https://panlex.org/snapshot/panlex-20191001-csv/3323#48967386>				<https://panlex.org/snapshot/panlex-20191001-csv/3323#48967396>		"wút"@bmv	
"porcupine"@en	<https://panlex.org/snapshot/panlex-20191001-csv/3323#48967866>				<https://panlex.org/snapshot/panlex-20191001-csv/3323#48967872>		"āŋgùm"@bmv	
"mud"@en	<https://panlex.org/snapshot/panlex-20191001-csv/3323#48966059>				<https://panlex.org/snapshot/panlex-20191001-csv/3323#48966068>		"ātʃák"@bmv	
"mud"@en	<https://panlex.org/snapshot/panlex-20191001-csv/3323#48966059>				<https://panlex.org/snapshot/panlex-20191001-csv/3323#48966067>		"ātʃáɣlò"@bmv	
"lack"@en	<https://panlex.org/snapshot/panlex-20191001-csv/3323#48970452>				<https://panlex.org/snapshot/panlex-20191001-csv/3323#48970459>		"ɣâ"@bmv	<https://panlex.org/Verbal>
"bitter"@en	<https://panlex.org/snapshot/panlex-20191001-csv/3323#48969245>				<https://panlex.org/snapshot/panlex-20191001-csv/3323#48969252>		"lwì"@bmv	<https://panlex.org/Verbal>
"run"@en	<https://panlex.org/snapshot/panlex-20191001-csv/3323#48971063>				<https://panlex.org/snapshot/panlex-20191001-csv/3323#48971069>		"ɲə̂ŋ"@bmv	<https://panlex.org/Verbal>
"wrap up"@en	<https://panlex.org/snapshot/panlex-20191001-csv/3323#48971989>				<https://panlex.org/snapshot/panlex-20191001-csv/3323#48971994>		"līmtî"@bmv	<https://panlex.org/Verbal>
"dust"@en	<https://panlex.org/snapshot/panlex-20191001-csv/3323#48966403>				<https://panlex.org/snapshot/panlex-20191001-csv/3323#48966410>		"ūbʊ̂t"@bmv	
"turn"@en	<https://panlex.org/snapshot/panlex-20191001-csv/3323#48971830>				<https://panlex.org/snapshot/panlex-20191001-csv/3323#48971836>		"bɪ̀nhì"@bmv	<https://panlex.org/Verbal>
"give birth"@en	<https://panlex.org/snapshot/panlex-20191001-csv/3323#48969218>				<https://panlex.org/snapshot/panlex-20191001-csv/3323#48969224>		"bʉ̂"@bmv	<https://panlex.org/Verbal>
"root"@en	<https://panlex.org/snapshot/panlex-20191001-csv/3323#48968014>				<https://panlex.org/snapshot/panlex-20191001-csv/3323#48968022>		"īɣáŋ"@bmv	
"death"@en	<https://panlex.org/snapshot/panlex-20191001-csv/3323#48966326>				<https://panlex.org/snapshot/panlex-20191001-csv/3323#48966334>		"īkpô"@bmv	
"gather"@en	<https://panlex.org/snapshot/panlex-20191001-csv/3323#48969071>				<https://panlex.org/snapshot/panlex-20191001-csv/3323#48969080>		"tʃɪ̀ntì"@bmv	
"play"@en	<https://panlex.org/snapshot/panlex-20191001-csv/3323#48970745>				<https://panlex.org/snapshot/panlex-20191001-csv/3323#48970751>		"dʊ̂m"@bmv	<https://panlex.org/Verbal>
"hook"@en	<https://panlex.org/snapshot/panlex-20191001-csv/3323#48970329>				<https://panlex.org/snapshot/panlex-20191001-csv/3323#48970340>		"ɣāŋhî"@bmv	<https://panlex.org/Verbal>
"hook"@en	<https://panlex.org/snapshot/panlex-20191001-csv/3323#48970329>				<https://panlex.org/snapshot/panlex-20191001-csv/3323#48970339>		"kʉ̀ʌtà"@bmv	<https://panlex.org/Verbal>
"injured"@en	<https://panlex.org/snapshot/panlex-20191001-csv/3323#48970372>				<https://panlex.org/snapshot/panlex-20191001-csv/3323#48970378>		"lɛ̂m"@bmv	<https://panlex.org/Verbal>
"feed"@en	<https://panlex.org/snapshot/panlex-20191001-csv/3323#48969984>				<https://panlex.org/snapshot/panlex-20191001-csv/3323#48969991>		"ɥə̄hî"@bmv	<https://panlex.org/Verbal>
"fall ill"@en	<https://panlex.org/snapshot/panlex-20191001-csv/3323#48971219>				<https://panlex.org/snapshot/panlex-20191001-csv/3323#48971225>		"ɥâf"@bmv	<https://panlex.org/Verbal>
"what"@en	<https://panlex.org/snapshot/panlex-20191001-csv/3323#48972205>				<https://panlex.org/snapshot/panlex-20191001-csv/3323#48972211>		"ɣā"@bmv	
"song"@en	<https://panlex.org/snapshot/panlex-20191001-csv/3323#48968241>				<https://panlex.org/snapshot/panlex-20191001-csv/3323#48968249>		"ndʒàŋ"@bmv	
"dance"@en	<https://panlex.org/snapshot/panlex-20191001-csv/3323#48966281>				<https://panlex.org/snapshot/panlex-20191001-csv/3323#48966288>		"ībîn"@bmv	
"dance"@en	<https://panlex.org/snapshot/panlex-20191001-csv/3323#48969706>				<https://panlex.org/snapshot/panlex-20191001-csv/3323#48969713>		"bîn"@bmv	<https://panlex.org/Verbal>
"child"@en	<https://panlex.org/snapshot/panlex-20191001-csv/3323#48966040>				<https://panlex.org/snapshot/panlex-20191001-csv/3323#48966048>		"āwán"@bmv	
"sun"@en	<https://panlex.org/snapshot/panlex-20191001-csv/3323#48968429>				<https://panlex.org/snapshot/panlex-20191001-csv/3323#48968438>		"ātʃwî"@bmv	
"animal"@en	<https://panlex.org/snapshot/panlex-20191001-csv/3323#48965405>				<https://panlex.org/snapshot/panlex-20191001-csv/3323#48965412>		"āɲâm"@bmv	
"agree"@en	<https://panlex.org/snapshot/panlex-20191001-csv/3323#48969027>				<https://panlex.org/snapshot/panlex-20191001-csv/3323#48969037>		"bēmî"@bmv	
"agree"@en	<https://panlex.org/snapshot/panlex-20191001-csv/3323#48969027>				<https://panlex.org/snapshot/panlex-20191001-csv/3323#48969038>		"fìsì"@bmv	
"sick"@en	<https://panlex.org/snapshot/panlex-20191001-csv/3323#48971218>				<https://panlex.org/snapshot/panlex-20191001-csv/3323#48971225>		"ɥâf"@bmv	<https://panlex.org/Verbal>
"speak"@en	<https://panlex.org/snapshot/panlex-20191001-csv/3323#48971373>				<https://panlex.org/snapshot/panlex-20191001-csv/3323#48971379>		"dʒìs"@bmv	<https://panlex.org/Verbal>
"lie"@en	<https://panlex.org/snapshot/panlex-20191001-csv/3323#48970507>				<https://panlex.org/snapshot/panlex-20191001-csv/3323#48970513>		"ɲìŋì"@bmv	<https://panlex.org/Verbal>
"monitor lizard"@en	<https://panlex.org/snapshot/panlex-20191001-csv/3323#48967314>				<https://panlex.org/snapshot/panlex-20191001-csv/3323#48967322>		"ādúŋ"@bmv	
"war"@en	<https://panlex.org/snapshot/panlex-20191001-csv/3323#48968274>				<https://panlex.org/snapshot/panlex-20191001-csv/3323#48968282>		"īwɔ́ŋ̄"@bmv	
"mushroom"@en	<https://panlex.org/snapshot/panlex-20191001-csv/3323#48967576>				<https://panlex.org/snapshot/panlex-20191001-csv/3323#48967583>		"āwúɔ̄k"@bmv	
"throat"@en	<https://panlex.org/snapshot/panlex-20191001-csv/3323#48967621>				<https://panlex.org/snapshot/panlex-20191001-csv/3323#48967634>		"ūtɔ́ŋ"@bmv	
"throat"@en	<https://panlex.org/snapshot/panlex-20191001-csv/3323#48967621>				<https://panlex.org/snapshot/panlex-20191001-csv/3323#48967633>		"ūmʉ̂"@bmv	
"stab"@en	<https://panlex.org/snapshot/panlex-20191001-csv/3323#48971459>				<https://panlex.org/snapshot/panlex-20191001-csv/3323#48971465>		"sɔ̀"@bmv	<https://panlex.org/Verbal>
"youth"@en	<https://panlex.org/snapshot/panlex-20191001-csv/3323#48968950>				<https://panlex.org/snapshot/panlex-20191001-csv/3323#48968958>		"ŋgwàk"@bmv	
"wring"@en	<https://panlex.org/snapshot/panlex-20191001-csv/3323#48971843>				<https://panlex.org/snapshot/panlex-20191001-csv/3323#48971848>		"fʉ̄ʌ̀k"@bmv	<https://panlex.org/Verbal>
"groundnut"@en	<https://panlex.org/snapshot/panlex-20191001-csv/3323#48966847>				<https://panlex.org/snapshot/panlex-20191001-csv/3323#48966854>		"ābâŋ"@bmv	
"split"@en	<https://panlex.org/snapshot/panlex-20191001-csv/3323#48971401>				<https://panlex.org/snapshot/panlex-20191001-csv/3323#48971409>		"bàh"@bmv	<https://panlex.org/Verbal>
"split"@en	<https://panlex.org/snapshot/panlex-20191001-csv/3323#48971401>				<https://panlex.org/snapshot/panlex-20191001-csv/3323#48971408>		"sân"@bmv	<https://panlex.org/Verbal>
"rain"@en	<https://panlex.org/snapshot/panlex-20191001-csv/3323#48967948>				<https://panlex.org/snapshot/panlex-20191001-csv/3323#48967956>		"īwú"@bmv	
"slippery"@en	<https://panlex.org/snapshot/panlex-20191001-csv/3323#48971330>				<https://panlex.org/snapshot/panlex-20191001-csv/3323#48971338>		"lɛ̂n"@bmv	<https://panlex.org/Verbal>
"exit"@en	<https://panlex.org/snapshot/panlex-20191001-csv/3323#48969921>				<https://panlex.org/snapshot/panlex-20191001-csv/3323#48969930>		"fû"@bmv	<https://panlex.org/Verbal>
"choose"@en	<https://panlex.org/snapshot/panlex-20191001-csv/3323#48969482>				<https://panlex.org/snapshot/panlex-20191001-csv/3323#48969491>		"tʃūòk"@bmv	<https://panlex.org/Verbal>
"carve"@en	<https://panlex.org/snapshot/panlex-20191001-csv/3323#48969451>				<https://panlex.org/snapshot/panlex-20191001-csv/3323#48969461>		"tʃûf"@bmv	<https://panlex.org/Verbal>
"carve"@en	<https://panlex.org/snapshot/panlex-20191001-csv/3323#48969451>				<https://panlex.org/snapshot/panlex-20191001-csv/3323#48969460>		"fà"@bmv	<https://panlex.org/Verbal>
"heat"@en	<https://panlex.org/snapshot/panlex-20191001-csv/3323#48970240>				<https://panlex.org/snapshot/panlex-20191001-csv/3323#48970248>		"lʊ̀mhì"@bmv	<https://panlex.org/Verbal>
