"Tajikistan"@en	<https://panlex.org/snapshot/panlex-20191001-csv/6898#113590289>				<https://panlex.org/snapshot/panlex-20191001-csv/6898#113590251>		"Tajikistani"@dav	
"𐐈𐑍𐑀𐐶𐐮𐑊𐐲"@en	<https://panlex.org/snapshot/panlex-20191001-csv/6898#113587537>				<https://panlex.org/snapshot/panlex-20191001-csv/6898#113587556>		"Anguilla"@dav	
"Montserrat"@en	<https://panlex.org/snapshot/panlex-20191001-csv/6898#113618448>				<https://panlex.org/snapshot/panlex-20191001-csv/6898#113618381>		"Montserrati"@dav	
"Congo - Kinshasa"@en	<https://panlex.org/snapshot/panlex-20191001-csv/6898#113589769>				<https://panlex.org/snapshot/panlex-20191001-csv/6898#113589441>		"Jamhuri ya Kidemokrasia ya Kongo"@dav	
"𐐈𐑊𐐺𐐩𐑌𐐨𐐲"@en	<https://panlex.org/snapshot/panlex-20191001-csv/6898#113637739>				<https://panlex.org/snapshot/panlex-20191001-csv/6898#113637662>		"Albania"@dav	
"𐐣𐐪𐑊𐐼𐐨𐑂𐑆"@en	<https://panlex.org/snapshot/panlex-20191001-csv/6898#113641778>				<https://panlex.org/snapshot/panlex-20191001-csv/6898#113641706>		"Modivu"@dav	
"Turkmenistan"@en	<https://panlex.org/snapshot/panlex-20191001-csv/6898#113607912>				<https://panlex.org/snapshot/panlex-20191001-csv/6898#113607873>		"Turukimenistani"@dav	
"Côte d’Ivoire"@en	<https://panlex.org/snapshot/panlex-20191001-csv/6898#113640510>				<https://panlex.org/snapshot/panlex-20191001-csv/6898#113640466>		"Kodivaa"@dav	
"Turkey"@en	<https://panlex.org/snapshot/panlex-20191001-csv/6898#113611971>				<https://panlex.org/snapshot/panlex-20191001-csv/6898#113612068>		"Uturuki"@dav	
"Iceland"@en	<https://panlex.org/snapshot/panlex-20191001-csv/6898#113601070>				<https://panlex.org/snapshot/panlex-20191001-csv/6898#113601149>		"Aislandi"@dav	
"Czech Republic"@en	<https://panlex.org/snapshot/panlex-20191001-csv/6898#113619481>				<https://panlex.org/snapshot/panlex-20191001-csv/6898#113619503>		"Jamhuri ya Cheki"@dav	
"St. Helena"@en	<https://panlex.org/snapshot/panlex-20191001-csv/6898#113622770>				<https://panlex.org/snapshot/panlex-20191001-csv/6898#113622810>		"Santahelena"@dav	
"𐐏𐐭𐑌𐐴𐐼𐐮𐐼 𐐇𐑉𐐲𐐺 𐐇𐑋𐐲𐑉𐐩𐐻𐑅"@en	<https://panlex.org/snapshot/panlex-20191001-csv/6898#113608665>				<https://panlex.org/snapshot/panlex-20191001-csv/6898#113608763>		"Falme za Kiarabu"@dav	
"𐐓𐐪𐑍𐑀𐐲"@en	<https://panlex.org/snapshot/panlex-20191001-csv/6898#113610758>				<https://panlex.org/snapshot/panlex-20191001-csv/6898#113610650>		"Tonga"@dav	
"𐐌𐑅𐑊𐐲𐑌𐐼"@en	<https://panlex.org/snapshot/panlex-20191001-csv/6898#113600998>				<https://panlex.org/snapshot/panlex-20191001-csv/6898#113601149>		"Aislandi"@dav	
"Belize"@en	<https://panlex.org/snapshot/panlex-20191001-csv/6898#113608973>				<https://panlex.org/snapshot/panlex-20191001-csv/6898#113608966>		"Belize"@dav	
"Ukraine"@en	<https://panlex.org/snapshot/panlex-20191001-csv/6898#113600858>				<https://panlex.org/snapshot/panlex-20191001-csv/6898#113600815>		"Ukraini"@dav	
"Uganda"@en	<https://panlex.org/snapshot/panlex-20191001-csv/6898#113637938>				<https://panlex.org/snapshot/panlex-20191001-csv/6898#113638066>		"Uganda"@dav	
"𐐝𐐮𐑉𐐨𐐲"@en	<https://panlex.org/snapshot/panlex-20191001-csv/6898#113598705>				<https://panlex.org/snapshot/panlex-20191001-csv/6898#113598630>		"Siria"@dav	
"𐐑𐐯𐑉𐐲𐑀𐐶𐐴"@en	<https://panlex.org/snapshot/panlex-20191001-csv/6898#113623899>				<https://panlex.org/snapshot/panlex-20191001-csv/6898#113623808>		"Paragwai"@dav	
"St. Lucia"@en	<https://panlex.org/snapshot/panlex-20191001-csv/6898#113621994>				<https://panlex.org/snapshot/panlex-20191001-csv/6898#113621966>		"Santalusia"@dav	
"𐐝𐐩𐑌𐐻 𐐑𐐨𐐯𐑉 𐐰𐑌𐐼 𐐣𐐨𐐿𐐲𐑊𐐪𐑌"@en	<https://panlex.org/snapshot/panlex-20191001-csv/6898#113588923>				<https://panlex.org/snapshot/panlex-20191001-csv/6898#113589055>		"Santapieri na Mikeloni"@dav	
"Liechtenstein"@en	<https://panlex.org/snapshot/panlex-20191001-csv/6898#113613052>				<https://panlex.org/snapshot/panlex-20191001-csv/6898#113613184>		"Lishenteni"@dav	
"𐐓𐐲𐑂𐐪𐑊𐐭"@en	<https://panlex.org/snapshot/panlex-20191001-csv/6898#113610190>				<https://panlex.org/snapshot/panlex-20191001-csv/6898#113610314>		"Tuvalu"@dav	
"U.S. Virgin Islands"@en	<https://panlex.org/snapshot/panlex-20191001-csv/6898#113587806>				<https://panlex.org/snapshot/panlex-20191001-csv/6898#113587678>		"Visiwa vya Virgin vya Marekani"@dav	
"𐐤𐐴𐐾𐐲𐑉"@en	<https://panlex.org/snapshot/panlex-20191001-csv/6898#113644832>				<https://panlex.org/snapshot/panlex-20191001-csv/6898#113644757>		"Nijeri"@dav	
"𐐣𐐱𐑉𐐮𐑇𐐲𐑅"@en	<https://panlex.org/snapshot/panlex-20191001-csv/6898#113611459>				<https://panlex.org/snapshot/panlex-20191001-csv/6898#113611384>		"Morisi"@dav	
"𐐤𐐭 𐐗𐐰𐑊𐐲𐐼𐐬𐑌𐐷𐐲"@en	<https://panlex.org/snapshot/panlex-20191001-csv/6898#113586619>				<https://panlex.org/snapshot/panlex-20191001-csv/6898#113586560>		"Nyukaledonia"@dav	
"Brazil"@en	<https://panlex.org/snapshot/panlex-20191001-csv/6898#113645398>				<https://panlex.org/snapshot/panlex-20191001-csv/6898#113645396>		"Brazili"@dav	
"𐐢𐐯𐐺𐐲𐑌𐐪𐑌"@en	<https://panlex.org/snapshot/panlex-20191001-csv/6898#113585471>				<https://panlex.org/snapshot/panlex-20191001-csv/6898#113585539>		"Lebanoni"@dav	
"Sudan"@en	<https://panlex.org/snapshot/panlex-20191001-csv/6898#113632988>				<https://panlex.org/snapshot/panlex-20191001-csv/6898#113632987>		"Sudani"@dav	
"𐐅𐑆𐐺𐐯𐐿𐐲𐑅𐐻𐐰𐑌"@en	<https://panlex.org/snapshot/panlex-20191001-csv/6898#113637349>				<https://panlex.org/snapshot/panlex-20191001-csv/6898#113637212>		"Uzibekistani"@dav	
"New Caledonia"@en	<https://panlex.org/snapshot/panlex-20191001-csv/6898#113586527>				<https://panlex.org/snapshot/panlex-20191001-csv/6898#113586560>		"Nyukaledonia"@dav	
"Jamaica"@en	<https://panlex.org/snapshot/panlex-20191001-csv/6898#113593238>				<https://panlex.org/snapshot/panlex-20191001-csv/6898#113593282>		"Jamaika"@dav	
"El Salvador"@en	<https://panlex.org/snapshot/panlex-20191001-csv/6898#113600725>				<https://panlex.org/snapshot/panlex-20191001-csv/6898#113600542>		"Elsavado"@dav	
"Armenia"@en	<https://panlex.org/snapshot/panlex-20191001-csv/6898#113596656>				<https://panlex.org/snapshot/panlex-20191001-csv/6898#113596482>		"Armenia"@dav	
"Guinea-Bissau"@en	<https://panlex.org/snapshot/panlex-20191001-csv/6898#113616547>				<https://panlex.org/snapshot/panlex-20191001-csv/6898#113616663>		"Ginebisau"@dav	
"St. Vincent  Grenadines"@en	<https://panlex.org/snapshot/panlex-20191001-csv/6898#113611912>				<https://panlex.org/snapshot/panlex-20191001-csv/6898#113611816>		"Santavisenti na Grenadini"@dav	
"𐐌𐑉𐑊𐐲𐑌𐐼"@en	<https://panlex.org/snapshot/panlex-20191001-csv/6898#113625919>				<https://panlex.org/snapshot/panlex-20191001-csv/6898#113625949>		"Ayalandi"@dav	
"𐐗𐐲𐑊𐐲𐑋𐐺𐐨𐐲"@en	<https://panlex.org/snapshot/panlex-20191001-csv/6898#113620763>				<https://panlex.org/snapshot/panlex-20191001-csv/6898#113620770>		"Kolombia"@dav	
"𐐣𐐪𐑌𐐲𐐿𐐬"@en	<https://panlex.org/snapshot/panlex-20191001-csv/6898#113600191>				<https://panlex.org/snapshot/panlex-20191001-csv/6898#113600295>		"Monako"@dav	
"𐐚𐐨𐐯𐐻𐑌𐐪𐑋"@en	<https://panlex.org/snapshot/panlex-20191001-csv/6898#113623569>				<https://panlex.org/snapshot/panlex-20191001-csv/6898#113623553>		"Vietinamu"@dav	
"Peru"@en	<https://panlex.org/snapshot/panlex-20191001-csv/6898#113593832>				<https://panlex.org/snapshot/panlex-20191001-csv/6898#113593751>		"Peru"@dav	
"Andorra"@en	<https://panlex.org/snapshot/panlex-20191001-csv/6898#113588325>				<https://panlex.org/snapshot/panlex-20191001-csv/6898#113588435>		"Andora"@dav	
"Spain"@en	<https://panlex.org/snapshot/panlex-20191001-csv/6898#113594554>				<https://panlex.org/snapshot/panlex-20191001-csv/6898#113594576>		"Hispania"@dav	
"𐐖𐐱𐑉𐐼𐐲𐑌"@en	<https://panlex.org/snapshot/panlex-20191001-csv/6898#113611618>				<https://panlex.org/snapshot/panlex-20191001-csv/6898#113611635>		"Yordani"@dav	
"𐐢𐐪𐐬𐑅"@en	<https://panlex.org/snapshot/panlex-20191001-csv/6898#113619151>				<https://panlex.org/snapshot/panlex-20191001-csv/6898#113619172>		"Laosi"@dav	
"𐐕𐐯𐐿 𐐡𐐨𐐹𐐲𐐺𐑊𐐮𐐿"@en	<https://panlex.org/snapshot/panlex-20191001-csv/6898#113619542>				<https://panlex.org/snapshot/panlex-20191001-csv/6898#113619503>		"Jamhuri ya Cheki"@dav	
"Norfolk Island"@en	<https://panlex.org/snapshot/panlex-20191001-csv/6898#113642399>				<https://panlex.org/snapshot/panlex-20191001-csv/6898#113642364>		"Kisiwa cha Norfok"@dav	
"Chile"@en	<https://panlex.org/snapshot/panlex-20191001-csv/6898#113624738>				<https://panlex.org/snapshot/panlex-20191001-csv/6898#113624838>		"Chile"@dav	
"𐐓𐐴𐑊𐐰𐑌𐐼"@en	<https://panlex.org/snapshot/panlex-20191001-csv/6898#113603649>				<https://panlex.org/snapshot/panlex-20191001-csv/6898#113603630>		"Tailandi"@dav	
"𐐒𐐲𐑉𐐿𐐩𐑌𐐲 𐐙𐐰𐑅𐐬"@en	<https://panlex.org/snapshot/panlex-20191001-csv/6898#113632480>				<https://panlex.org/snapshot/panlex-20191001-csv/6898#113632367>		"Bukinafaso"@dav	
"𐐝𐐵𐐼𐐨 𐐊𐑉𐐩𐐺𐐨𐐲"@en	<https://panlex.org/snapshot/panlex-20191001-csv/6898#113583544>				<https://panlex.org/snapshot/panlex-20191001-csv/6898#113583547>		"Saudi"@dav	
"Lebanon"@en	<https://panlex.org/snapshot/panlex-20191001-csv/6898#113585396>				<https://panlex.org/snapshot/panlex-20191001-csv/6898#113585539>		"Lebanoni"@dav	
"𐐘𐐴𐐰𐑌𐐲"@en	<https://panlex.org/snapshot/panlex-20191001-csv/6898#113628075>				<https://panlex.org/snapshot/panlex-20191001-csv/6898#113628122>		"Guyana"@dav	
"South Korea"@en	<https://panlex.org/snapshot/panlex-20191001-csv/6898#113638902>				<https://panlex.org/snapshot/panlex-20191001-csv/6898#113638800>		"Korea Kusini"@dav	
"𐐆𐑌𐐼𐐲𐑌𐐨𐑈𐐲"@en	<https://panlex.org/snapshot/panlex-20191001-csv/6898#113633473>				<https://panlex.org/snapshot/panlex-20191001-csv/6898#113633451>		"Indonesia"@dav	
"𐐤𐐱𐑉𐐶𐐩"@en	<https://panlex.org/snapshot/panlex-20191001-csv/6898#113609869>				<https://panlex.org/snapshot/panlex-20191001-csv/6898#113609880>		"Norwe"@dav	
"𐐈𐑁𐑀𐐰𐑌𐐲𐑅𐐻𐐰𐑌"@en	<https://panlex.org/snapshot/panlex-20191001-csv/6898#113604664>				<https://panlex.org/snapshot/panlex-20191001-csv/6898#113604812>		"Afuganistani"@dav	
"Japan"@en	<https://panlex.org/snapshot/panlex-20191001-csv/6898#113634832>				<https://panlex.org/snapshot/panlex-20191001-csv/6898#113634884>		"Japani"@dav	
"Anguilla"@en	<https://panlex.org/snapshot/panlex-20191001-csv/6898#113587576>				<https://panlex.org/snapshot/panlex-20191001-csv/6898#113587556>		"Anguilla"@dav	
"𐐓𐑉𐐮𐑌𐐮𐐼𐐰𐐼 𐐰𐑌𐐼 𐐓𐐲𐐺𐐩𐑀𐐬"@en	<https://panlex.org/snapshot/panlex-20191001-csv/6898#113640134>				<https://panlex.org/snapshot/panlex-20191001-csv/6898#113640124>		"Trinidad na Tobago"@dav	
"Sweden"@en	<https://panlex.org/snapshot/panlex-20191001-csv/6898#113639801>				<https://panlex.org/snapshot/panlex-20191001-csv/6898#113639806>		"Uswidi"@dav	
"Bhutan"@en	<https://panlex.org/snapshot/panlex-20191001-csv/6898#113639693>				<https://panlex.org/snapshot/panlex-20191001-csv/6898#113639722>		"Butani"@dav	
"Burundi"@en	<https://panlex.org/snapshot/panlex-20191001-csv/6898#113626885>				<https://panlex.org/snapshot/panlex-20191001-csv/6898#113626888>		"Burundi"@dav	
"Romania"@en	<https://panlex.org/snapshot/panlex-20191001-csv/6898#113618276>				<https://panlex.org/snapshot/panlex-20191001-csv/6898#113618241>		"Romania"@dav	
"Martinique"@en	<https://panlex.org/snapshot/panlex-20191001-csv/6898#113586110>				<https://panlex.org/snapshot/panlex-20191001-csv/6898#113586042>		"Martiniki"@dav	
"Maldives"@en	<https://panlex.org/snapshot/panlex-20191001-csv/6898#113641733>				<https://panlex.org/snapshot/panlex-20191001-csv/6898#113641706>		"Modivu"@dav	
"Malta"@en	<https://panlex.org/snapshot/panlex-20191001-csv/6898#113645023>				<https://panlex.org/snapshot/panlex-20191001-csv/6898#113645093>		"Malta"@dav	
"Libya"@en	<https://panlex.org/snapshot/panlex-20191001-csv/6898#113597755>				<https://panlex.org/snapshot/panlex-20191001-csv/6898#113597700>		"Libya"@dav	
"𐐆𐑉𐐰𐐿"@en	<https://panlex.org/snapshot/panlex-20191001-csv/6898#113633802>				<https://panlex.org/snapshot/panlex-20191001-csv/6898#113633785>		"Iraki"@dav	
"𐐘𐐲𐐺𐐪𐑌"@en	<https://panlex.org/snapshot/panlex-20191001-csv/6898#113585113>				<https://panlex.org/snapshot/panlex-20191001-csv/6898#113585268>		"Gaboni"@dav	
"Kuwait"@en	<https://panlex.org/snapshot/panlex-20191001-csv/6898#113605806>				<https://panlex.org/snapshot/panlex-20191001-csv/6898#113605918>		"Kuwaiti"@dav	
"𐐝𐐨𐐯𐑉𐐲 𐐢𐐨𐐬𐑌"@en	<https://panlex.org/snapshot/panlex-20191001-csv/6898#113636978>				<https://panlex.org/snapshot/panlex-20191001-csv/6898#113637110>		"Siera Leoni"@dav	
"Guadeloupe"@en	<https://panlex.org/snapshot/panlex-20191001-csv/6898#113614696>				<https://panlex.org/snapshot/panlex-20191001-csv/6898#113614743>		"Gwadelupe"@dav	
"𐐢𐐰𐐻𐑂𐐨𐐲"@en	<https://panlex.org/snapshot/panlex-20191001-csv/6898#113584970>				<https://panlex.org/snapshot/panlex-20191001-csv/6898#113585045>		"Lativia"@dav	
"French Polynesia"@en	<https://panlex.org/snapshot/panlex-20191001-csv/6898#113621040>				<https://panlex.org/snapshot/panlex-20191001-csv/6898#113621168>		"Polinesia ya Ufaransa"@dav	
"Bosnia"@en	<https://panlex.org/snapshot/panlex-20191001-csv/6898#113596861>				<https://panlex.org/snapshot/panlex-20191001-csv/6898#113596825>		"Bosnia na Hezegovina"@dav	
"Colombia"@en	<https://panlex.org/snapshot/panlex-20191001-csv/6898#113620717>				<https://panlex.org/snapshot/panlex-20191001-csv/6898#113620770>		"Kolombia"@dav	
"𐐚𐐪𐑌𐐳𐐪𐐼𐐭"@en	<https://panlex.org/snapshot/panlex-20191001-csv/6898#113628951>				<https://panlex.org/snapshot/panlex-20191001-csv/6898#113629046>		"Vanuatu"@dav	
"𐐑𐐰𐐿𐐲𐑅𐐻𐐰𐑌"@en	<https://panlex.org/snapshot/panlex-20191001-csv/6898#113607008>				<https://panlex.org/snapshot/panlex-20191001-csv/6898#113606884>		"Pakistani"@dav	
"Norway"@en	<https://panlex.org/snapshot/panlex-20191001-csv/6898#113609818>				<https://panlex.org/snapshot/panlex-20191001-csv/6898#113609880>		"Norwe"@dav	
"𐐑𐐮𐐻𐐿𐐯𐑉𐑌"@en	<https://panlex.org/snapshot/panlex-20191001-csv/6898#113602877>				<https://panlex.org/snapshot/panlex-20191001-csv/6898#113602967>		"Pitkairni"@dav	
"𐐎𐐪𐑊𐐮𐑅 𐐰𐑌𐐼 𐐙𐐭𐐻𐐭𐑌𐐲"@en	<https://panlex.org/snapshot/panlex-20191001-csv/6898#113638617>				<https://panlex.org/snapshot/panlex-20191001-csv/6898#113638605>		"Walis na Futuna"@dav	
"Fiji"@en	<https://panlex.org/snapshot/panlex-20191001-csv/6898#113630005>				<https://panlex.org/snapshot/panlex-20191001-csv/6898#113629880>		"Fiji"@dav	
"𐐓𐐴𐐶𐐪𐑌"@en	<https://panlex.org/snapshot/panlex-20191001-csv/6898#113605186>				<https://panlex.org/snapshot/panlex-20191001-csv/6898#113605191>		"Taiwani"@dav	
"Nigeria"@en	<https://panlex.org/snapshot/panlex-20191001-csv/6898#113624202>				<https://panlex.org/snapshot/panlex-20191001-csv/6898#113624023>		"Nijeria"@dav	
"𐐗𐐰𐑌𐐲𐐼𐐲"@en	<https://panlex.org/snapshot/panlex-20191001-csv/6898#113595912>				<https://panlex.org/snapshot/panlex-20191001-csv/6898#113595922>		"Kanada"@dav	
"𐐒𐐪𐑍𐑀𐑊𐐲𐐼𐐯𐑇"@en	<https://panlex.org/snapshot/panlex-20191001-csv/6898#113632172>				<https://panlex.org/snapshot/panlex-20191001-csv/6898#113632178>		"Bangladeshi"@dav	
"Netherlands"@en	<https://panlex.org/snapshot/panlex-20191001-csv/6898#113635751>				<https://panlex.org/snapshot/panlex-20191001-csv/6898#113635710>		"Uholanzi"@dav	
"Kenya"@en	<https://panlex.org/snapshot/panlex-20191001-csv/6898#113593969>				<https://panlex.org/snapshot/panlex-20191001-csv/6898#113593907>		"Kenya"@dav	
"𐐔𐐯𐑌𐑋𐐪𐑉𐐿"@en	<https://panlex.org/snapshot/panlex-20191001-csv/6898#113629554>				<https://panlex.org/snapshot/panlex-20191001-csv/6898#113629602>		"Denmaki"@dav	
"𐐝𐐲𐑋𐐪𐑊𐐨𐐲"@en	<https://panlex.org/snapshot/panlex-20191001-csv/6898#113608440>				<https://panlex.org/snapshot/panlex-20191001-csv/6898#113608453>		"Somalia"@dav	
"Ivory Coast"@en	<https://panlex.org/snapshot/panlex-20191001-csv/6898#113640566>				<https://panlex.org/snapshot/panlex-20191001-csv/6898#113640466>		"Kodivaa"@dav	
"𐐣𐐲𐑊𐐪𐐶𐐨"@en	<https://panlex.org/snapshot/panlex-20191001-csv/6898#113583913>				<https://panlex.org/snapshot/panlex-20191001-csv/6898#113583987>		"Malawi"@dav	
"Argentina"@en	<https://panlex.org/snapshot/panlex-20191001-csv/6898#113642228>				<https://panlex.org/snapshot/panlex-20191001-csv/6898#113642137>		"Ajentina"@dav	
"Egypt"@en	<https://panlex.org/snapshot/panlex-20191001-csv/6898#113604545>				<https://panlex.org/snapshot/panlex-20191001-csv/6898#113604490>		"Misri"@dav	
"Ghana"@en	<https://panlex.org/snapshot/panlex-20191001-csv/6898#113645452>				<https://panlex.org/snapshot/panlex-20191001-csv/6898#113645455>		"Ghana"@dav	
"𐐒𐐱𐑆𐑌𐐨𐐲 𐐰𐑌𐐼 𐐐𐐲𐑉𐐻𐑅𐐲𐑀𐐬𐑂𐐨𐑌𐐲"@en	<https://panlex.org/snapshot/panlex-20191001-csv/6898#113596750>				<https://panlex.org/snapshot/panlex-20191001-csv/6898#113596825>		"Bosnia na Hezegovina"@dav	
"𐐘𐑉𐐲𐑌𐐩𐐼𐐲"@en	<https://panlex.org/snapshot/panlex-20191001-csv/6898#113604203>				<https://panlex.org/snapshot/panlex-20191001-csv/6898#113604187>		"Grenada"@dav	
"Oman"@en	<https://panlex.org/snapshot/panlex-20191001-csv/6898#113622671>				<https://panlex.org/snapshot/panlex-20191001-csv/6898#113622549>		"Omani"@dav	
"𐐙𐑉𐐯𐑌𐐽 𐐘𐐨𐐪𐑌𐐲"@en	<https://panlex.org/snapshot/panlex-20191001-csv/6898#113644413>				<https://panlex.org/snapshot/panlex-20191001-csv/6898#113644571>		"Gwiyana ya Ufaransa"@dav	
"𐐤𐐱𐑉𐑃 𐐗𐐲𐑉𐐨𐐲"@en	<https://panlex.org/snapshot/panlex-20191001-csv/6898#113598851>				<https://panlex.org/snapshot/panlex-20191001-csv/6898#113598875>		"Korea Kaskazini"@dav	
"Malawi"@en	<https://panlex.org/snapshot/panlex-20191001-csv/6898#113583870>				<https://panlex.org/snapshot/panlex-20191001-csv/6898#113583987>		"Malawi"@dav	
"𐐒𐑉𐐲𐑆𐐮𐑊"@en	<https://panlex.org/snapshot/panlex-20191001-csv/6898#113645262>				<https://panlex.org/snapshot/panlex-20191001-csv/6898#113645396>		"Brazili"@dav	
"Mayotte"@en	<https://panlex.org/snapshot/panlex-20191001-csv/6898#113603881>				<https://panlex.org/snapshot/panlex-20191001-csv/6898#113604037>		"Mayotte"@dav	
"𐐙𐐪𐑊𐐿𐑊𐐲𐑌𐐼 𐐌𐑊𐐲𐑌𐐼𐑆"@en	<https://panlex.org/snapshot/panlex-20191001-csv/6898#113642854>				<https://panlex.org/snapshot/panlex-20191001-csv/6898#113643017>		"Visiwa vya Falkland"@dav	
"Cook Islands"@en	<https://panlex.org/snapshot/panlex-20191001-csv/6898#113638479>				<https://panlex.org/snapshot/panlex-20191001-csv/6898#113638353>		"Visiwa vya Cook"@dav	
"Nepal"@en	<https://panlex.org/snapshot/panlex-20191001-csv/6898#113584210>				<https://panlex.org/snapshot/panlex-20191001-csv/6898#113584168>		"Nepali"@dav	
"Gambia"@en	<https://panlex.org/snapshot/panlex-20191001-csv/6898#113631326>				<https://panlex.org/snapshot/panlex-20191001-csv/6898#113631357>		"Gambia"@dav	
"𐐘𐐮𐑌𐐨"@en	<https://panlex.org/snapshot/panlex-20191001-csv/6898#113617712>				<https://panlex.org/snapshot/panlex-20191001-csv/6898#113617810>		"Gine"@dav	
"France"@en	<https://panlex.org/snapshot/panlex-20191001-csv/6898#113617894>				<https://panlex.org/snapshot/panlex-20191001-csv/6898#113618008>		"Ufaransa"@dav	
"𐐐𐐲𐑍𐑀𐐲𐑉𐐨"@en	<https://panlex.org/snapshot/panlex-20191001-csv/6898#113625119>				<https://panlex.org/snapshot/panlex-20191001-csv/6898#113625063>		"Hungaria"@dav	
"Czechia"@en	<https://panlex.org/snapshot/panlex-20191001-csv/6898#113619463>				<https://panlex.org/snapshot/panlex-20191001-csv/6898#113619503>		"Jamhuri ya Cheki"@dav	
"𐐑𐐲𐑉𐐭"@en	<https://panlex.org/snapshot/panlex-20191001-csv/6898#113593767>				<https://panlex.org/snapshot/panlex-20191001-csv/6898#113593751>		"Peru"@dav	
"Antigua  Barbuda"@en	<https://panlex.org/snapshot/panlex-20191001-csv/6898#113643792>				<https://panlex.org/snapshot/panlex-20191001-csv/6898#113643735>		"Antigua na Barbuda"@dav	
"𐐣𐐲𐑉𐐪𐐿𐐬"@en	<https://panlex.org/snapshot/panlex-20191001-csv/6898#113635906>				<https://panlex.org/snapshot/panlex-20191001-csv/6898#113636018>		"Moroko"@dav	
"𐐑𐐲𐑊𐐵"@en	<https://panlex.org/snapshot/panlex-20191001-csv/6898#113630992>				<https://panlex.org/snapshot/panlex-20191001-csv/6898#113631008>		"Palau"@dav	
"Chad"@en	<https://panlex.org/snapshot/panlex-20191001-csv/6898#113643359>				<https://panlex.org/snapshot/panlex-20191001-csv/6898#113643372>		"Chadi"@dav	
"Taita"@en	<https://panlex.org/snapshot/panlex-20191001-csv/0#113381350>				<https://panlex.org/snapshot/panlex-20191001-csv/0#107619266>		"Kitaita"@dav	
