"good"@en	<https://panlex.org/snapshot/panlex-20191001-csv/3975#51725279>				<https://panlex.org/snapshot/panlex-20191001-csv/3975#51725317>		"ɛ̀=nɔ̀"@etu	
"tongue"@en	<https://panlex.org/snapshot/panlex-20191001-csv/3975#51733112>				<https://panlex.org/snapshot/panlex-20191001-csv/3975#51733149>		"ɛ̀=rǝ́bɛ̀"@etu	
"tree"@en	<https://panlex.org/snapshot/panlex-20191001-csv/3975#51733414>				<https://panlex.org/snapshot/panlex-20191001-csv/3975#51733451>		"ɛ́=tí"@etu	
"root"@en	<https://panlex.org/snapshot/panlex-20191001-csv/3975#51730232>				<https://panlex.org/snapshot/panlex-20191001-csv/3975#51730267>		"ì=rǔg"@etu	
"sleep"@en	<https://panlex.org/snapshot/panlex-20191001-csv/3975#51731359>				<https://panlex.org/snapshot/panlex-20191001-csv/3975#51731400>		"yâɛ"@etu	
"hear"@en	<https://panlex.org/snapshot/panlex-20191001-csv/3975#51725996>				<https://panlex.org/snapshot/panlex-20191001-csv/3975#51726033>		"yûg"@etu	
"hear"@en	<https://panlex.org/snapshot/panlex-20191001-csv/3975#51725996>				<https://panlex.org/snapshot/panlex-20191001-csv/3975#51726032>		"yúg"@etu	
"bird"@en	<https://panlex.org/snapshot/panlex-20191001-csv/3975#51721224>				<https://panlex.org/snapshot/panlex-20191001-csv/3975#51721259>		"ì=nɔ́n"@etu	
"salt"@en	<https://panlex.org/snapshot/panlex-20191001-csv/3975#51735546>				<https://panlex.org/snapshot/panlex-20191001-csv/3975#51735581>		"à=kâŋ"@etu	
"name"@en	<https://panlex.org/snapshot/panlex-20191001-csv/3975#51728603>				<https://panlex.org/snapshot/panlex-20191001-csv/3975#51728638>		"Ǹ=bìŋ"@etu	
"eye"@en	<https://panlex.org/snapshot/panlex-20191001-csv/3975#51723996>				<https://panlex.org/snapshot/panlex-20191001-csv/3975#51724038>		"ɛ̀=yǝ̂d"@etu	
"mountain"@en	<https://panlex.org/snapshot/panlex-20191001-csv/3975#51728333>				<https://panlex.org/snapshot/panlex-20191001-csv/3975#51728367>		"ɛ̀=gúí"@etu	
"fire"@en	<https://panlex.org/snapshot/panlex-20191001-csv/3975#51724422>				<https://panlex.org/snapshot/panlex-20191001-csv/3975#51724463>		"Ǹ=gûn"@etu	
"sun"@en	<https://panlex.org/snapshot/panlex-20191001-csv/3975#51732230>				<https://panlex.org/snapshot/panlex-20191001-csv/3975#51732268>		"Ǹ=ʓúí"@etu	
"dog"@en	<https://panlex.org/snapshot/panlex-20191001-csv/3975#51722945>				<https://panlex.org/snapshot/panlex-20191001-csv/3975#51722980>		"Ǹ=ʓô"@etu	
"not"@en	<https://panlex.org/snapshot/panlex-20191001-csv/3975#51729327>				<https://panlex.org/snapshot/panlex-20191001-csv/3975#51729366>		"bɔ-"@etu	
"not"@en	<https://panlex.org/snapshot/panlex-20191001-csv/3975#51729327>				<https://panlex.org/snapshot/panlex-20191001-csv/3975#51729365>		"ka-"@etu	
"moon"@en	<https://panlex.org/snapshot/panlex-20191001-csv/3975#51728190>				<https://panlex.org/snapshot/panlex-20191001-csv/3975#51728226>		"ɲ̀=ɲàm ɔ́=sɔ̂"@etu	
"fly v."@en	<https://panlex.org/snapshot/panlex-20191001-csv/3975#51724725>				<https://panlex.org/snapshot/panlex-20191001-csv/3975#51724759>		"=fǝ́bɛ̀"@etu	
"year"@en	<https://panlex.org/snapshot/panlex-20191001-csv/3975#51736340>				<https://panlex.org/snapshot/panlex-20191001-csv/3975#51736378>		"ɛ̀=yâ"@etu	
"ashes"@en	<https://panlex.org/snapshot/panlex-20191001-csv/3975#51720683>				<https://panlex.org/snapshot/panlex-20191001-csv/3975#51720720>		"à=tɔ̂ŋ"@etu	
"water"@en	<https://panlex.org/snapshot/panlex-20191001-csv/3975#51734038>				<https://panlex.org/snapshot/panlex-20191001-csv/3975#51734078>		"à=yɛ́b"@etu	
"water"@en	<https://panlex.org/snapshot/panlex-20191001-csv/3975#51734038>				<https://panlex.org/snapshot/panlex-20191001-csv/3975#51734077>		"à=áb"@etu	
"sit"@en	<https://panlex.org/snapshot/panlex-20191001-csv/3975#51731041>				<https://panlex.org/snapshot/panlex-20191001-csv/3975#51731080>		"=kùmí"@etu	
"red"@en	<https://panlex.org/snapshot/panlex-20191001-csv/3975#51729949>				<https://panlex.org/snapshot/panlex-20191001-csv/3975#51729984>		"ɛ́=bí"@etu	
"red"@en	<https://panlex.org/snapshot/panlex-20191001-csv/3975#51729949>				<https://panlex.org/snapshot/panlex-20191001-csv/3975#51729985>		"ɛ́=bí-í"@etu	
"say"@en	<https://panlex.org/snapshot/panlex-20191001-csv/3975#51730583>				<https://panlex.org/snapshot/panlex-20191001-csv/3975#51730627>		"=sǝ́dɛ́"@etu	
"road"@en	<https://panlex.org/snapshot/panlex-20191001-csv/3975#51730087>				<https://panlex.org/snapshot/panlex-20191001-csv/3975#51730124>		"Ǹ=bá"@etu	
"burn tr."@en	<https://panlex.org/snapshot/panlex-20191001-csv/3975#51722065>				<https://panlex.org/snapshot/panlex-20191001-csv/3975#51722101>		"=ríg-í"@etu	
"meat"@en	<https://panlex.org/snapshot/panlex-20191001-csv/3975#51728032>				<https://panlex.org/snapshot/panlex-20191001-csv/3975#51728071>		"Ǹ=ɲàm"@etu	
"leaf"@en	<https://panlex.org/snapshot/panlex-20191001-csv/3975#51727046>				<https://panlex.org/snapshot/panlex-20191001-csv/3975#51727082>		"ɲ́=ʓɛ́"@etu	
"liver"@en	<https://panlex.org/snapshot/panlex-20191001-csv/3975#51727345>				<https://panlex.org/snapshot/panlex-20191001-csv/3975#51727378>		"è=ʓìŋ"@etu	
"liver"@en	<https://panlex.org/snapshot/panlex-20191001-csv/3975#51727345>				<https://panlex.org/snapshot/panlex-20191001-csv/3975#51727379>		"è=ʓɨ̀ŋ"@etu	
"lie"@en	<https://panlex.org/snapshot/panlex-20191001-csv/3975#51727187>				<https://panlex.org/snapshot/panlex-20191001-csv/3975#51727230>		"=nǔŋ"@etu	
"cold"@en	<https://panlex.org/snapshot/panlex-20191001-csv/3975#51722462>				<https://panlex.org/snapshot/panlex-20191001-csv/3975#51722499>		"è=yǜg"@etu	
"know"@en	<https://panlex.org/snapshot/panlex-20191001-csv/3975#51726909>				<https://panlex.org/snapshot/panlex-20191001-csv/3975#51726946>		"mɛ̀ŋɛ̂"@etu	
"snake"@en	<https://panlex.org/snapshot/panlex-20191001-csv/3975#51735814>				<https://panlex.org/snapshot/panlex-20191001-csv/3975#51735846>		"Ǹ=ɲô"@etu	
"short"@en	<https://panlex.org/snapshot/panlex-20191001-csv/3975#51735679>				<https://panlex.org/snapshot/panlex-20191001-csv/3975#51735714>		"=kím"@etu	
"hair"@en	<https://panlex.org/snapshot/panlex-20191001-csv/3975#51725543>				<https://panlex.org/snapshot/panlex-20191001-csv/3975#51725575>		"Ǹ=ɲʋ̂"@etu	
"knee"@en	<https://panlex.org/snapshot/panlex-20191001-csv/3975#51726766>				<https://panlex.org/snapshot/panlex-20191001-csv/3975#51726804>		"é=rʋ́ŋ"@etu	
"egg"@en	<https://panlex.org/snapshot/panlex-20191001-csv/3975#51723870>				<https://panlex.org/snapshot/panlex-20191001-csv/3975#51723904>		"è=ʓǐ"@etu	
"breast"@en	<https://panlex.org/snapshot/panlex-20191001-csv/3975#51721930>				<https://panlex.org/snapshot/panlex-20191001-csv/3975#51721965>		"Ǹ=gǎŋ"@etu	
"yellow"@en	<https://panlex.org/snapshot/panlex-20191001-csv/3975#51735021>				<https://panlex.org/snapshot/panlex-20191001-csv/3975#51735054>		"ɔ̀=gɔ̀gɔ́gɔ̂g"@etu	
"night"@en	<https://panlex.org/snapshot/panlex-20191001-csv/3975#51729009>				<https://panlex.org/snapshot/panlex-20191001-csv/3975#51729053>		"à=tǘ"@etu	
"one"@en	<https://panlex.org/snapshot/panlex-20191001-csv/3975#51729497>				<https://panlex.org/snapshot/panlex-20191001-csv/3975#51729533>		"ʓǝ́-d"@etu	
"all"@en	<https://panlex.org/snapshot/panlex-20191001-csv/3975#50811725>				<https://panlex.org/snapshot/panlex-20191001-csv/3975#51720580>		"ɕɛ́n-ɕɛ́n"@etu	
"horn"@en	<https://panlex.org/snapshot/panlex-20191001-csv/3975#51726295>				<https://panlex.org/snapshot/panlex-20191001-csv/3975#51726326>		"ì=bǎŋ"@etu	
"person"@en	<https://panlex.org/snapshot/panlex-20191001-csv/3975#51729656>				<https://panlex.org/snapshot/panlex-20191001-csv/3975#51729692>		"Ǹ=nɛ̀"@etu	
"this"@en	<https://panlex.org/snapshot/panlex-20191001-csv/3975#51732820>				<https://panlex.org/snapshot/panlex-20191001-csv/3975#51732858>		"Ǹ-"@etu	
"drink"@en	<https://panlex.org/snapshot/panlex-20191001-csv/3975#51723098>				<https://panlex.org/snapshot/panlex-20191001-csv/3975#51723137>		"wɔ̂"@etu	
"tooth"@en	<https://panlex.org/snapshot/panlex-20191001-csv/3975#51733262>				<https://panlex.org/snapshot/panlex-20191001-csv/3975#51733302>		"ɛ̀=yîŋ"@etu	
"thou"@en	<https://panlex.org/snapshot/panlex-20191001-csv/3975#51732969>				<https://panlex.org/snapshot/panlex-20191001-csv/3975#51733004>		"wɛ̀"@etu	
"what"@en	<https://panlex.org/snapshot/panlex-20191001-csv/3975#51734419>				<https://panlex.org/snapshot/panlex-20191001-csv/3975#51734459>		"ʓɛ̌n"@etu	
"dry"@en	<https://panlex.org/snapshot/panlex-20191001-csv/3975#51723264>				<https://panlex.org/snapshot/panlex-20191001-csv/3975#51723300>		"{taʼáltha} yûm"@etu	
"swim"@en	<https://panlex.org/snapshot/panlex-20191001-csv/3975#51732392>				<https://panlex.org/snapshot/panlex-20191001-csv/3975#51732430>		"yɔ̂g"@etu	
"claw"@en	<https://panlex.org/snapshot/panlex-20191001-csv/3975#51722209>				<https://panlex.org/snapshot/panlex-20191001-csv/3975#51722244>		"ɛ̀=ŋàrɛ̀"@etu	
"bark"@en	<https://panlex.org/snapshot/panlex-20191001-csv/3975#51720823>				<https://panlex.org/snapshot/panlex-20191001-csv/3975#51720854>		"ɛ́=kpágɛ́"@etu	
"long"@en	<https://panlex.org/snapshot/panlex-20191001-csv/3975#51727482>				<https://panlex.org/snapshot/panlex-20191001-csv/3975#51727522>		"=rǎb"@etu	
"skin"@en	<https://panlex.org/snapshot/panlex-20191001-csv/3975#51731213>				<https://panlex.org/snapshot/panlex-20191001-csv/3975#51731245>		"Ǹ=gù"@etu	
"foot"@en	<https://panlex.org/snapshot/panlex-20191001-csv/3975#51724851>				<https://panlex.org/snapshot/panlex-20191001-csv/3975#51724891>		"ɛ̀=kád"@etu	
"bone"@en	<https://panlex.org/snapshot/panlex-20191001-csv/3975#51721791>				<https://panlex.org/snapshot/panlex-20191001-csv/3975#51721830>		"é=kǝ́b"@etu	
"sand"@en	<https://panlex.org/snapshot/panlex-20191001-csv/3975#51730453>				<https://panlex.org/snapshot/panlex-20191001-csv/3975#51730489>		"ɛ́=sɛ́bɛ̀"@etu	
"two"@en	<https://panlex.org/snapshot/panlex-20191001-csv/3975#51733567>				<https://panlex.org/snapshot/panlex-20191001-csv/3975#51733603>		"ɛ́=báɛ́"@etu	
"tail"@en	<https://panlex.org/snapshot/panlex-20191001-csv/3975#51732513>				<https://panlex.org/snapshot/panlex-20191001-csv/3975#51732550>		"ì=kî"@etu	
"warm"@en	<https://panlex.org/snapshot/panlex-20191001-csv/3975#51733912>				<https://panlex.org/snapshot/panlex-20191001-csv/3975#51733950>		"=fúb"@etu	
"black"@en	<https://panlex.org/snapshot/panlex-20191001-csv/3975#51721503>				<https://panlex.org/snapshot/panlex-20191001-csv/3975#51721539>		"ɛ́=ɲàg-ɛ́"@etu	
"seed"@en	<https://panlex.org/snapshot/panlex-20191001-csv/3975#51730926>				<https://panlex.org/snapshot/panlex-20191001-csv/3975#51730958>		"Ǹ=mǝ̀gɛ̀"@etu	
"blood"@en	<https://panlex.org/snapshot/panlex-20191001-csv/3975#51721643>				<https://panlex.org/snapshot/panlex-20191001-csv/3975#51721679>		"à=gʋ́ŋ"@etu	
"fish"@en	<https://panlex.org/snapshot/panlex-20191001-csv/3975#51724582>				<https://panlex.org/snapshot/panlex-20191001-csv/3975#51724618>		"Ǹ=sí"@etu	
"I"@en	<https://panlex.org/snapshot/panlex-20191001-csv/3975#51726426>				<https://panlex.org/snapshot/panlex-20191001-csv/3975#51726464>		"m̀mɛ̀"@etu	
"nose"@en	<https://panlex.org/snapshot/panlex-20191001-csv/3975#51729168>				<https://panlex.org/snapshot/panlex-20191001-csv/3975#51729206>		"Ǹ=mî"@etu	
"eat"@en	<https://panlex.org/snapshot/panlex-20191001-csv/3975#51723693>				<https://panlex.org/snapshot/panlex-20191001-csv/3975#51723735>		"=dí"@etu	
"ear"@en	<https://panlex.org/snapshot/panlex-20191001-csv/3975#51723402>				<https://panlex.org/snapshot/panlex-20191001-csv/3975#51723437>		"ɔ̀=tûŋ"@etu	
"louse"@en	<https://panlex.org/snapshot/panlex-20191001-csv/3975#51727611>				<https://panlex.org/snapshot/panlex-20191001-csv/3975#51727646>		"Ǹ=bǐ"@etu	
"earth"@en	<https://panlex.org/snapshot/panlex-20191001-csv/3975#51723548>				<https://panlex.org/snapshot/panlex-20191001-csv/3975#51723585>		"Ǹ=sǐ"@etu	
"woman"@en	<https://panlex.org/snapshot/panlex-20191001-csv/3975#51734848>				<https://panlex.org/snapshot/panlex-20191001-csv/3975#51734892>		"Ǹ=nɛ̀ŋ=káɛ́"@etu	
"heart"@en	<https://panlex.org/snapshot/panlex-20191001-csv/3975#51726152>				<https://panlex.org/snapshot/panlex-20191001-csv/3975#51726186>		"Ń=bǝ́ŋɛ́"@etu	
"smoke"@en	<https://panlex.org/snapshot/panlex-20191001-csv/3975#51731663>				<https://panlex.org/snapshot/panlex-20191001-csv/3975#51731697>		"á=tʋ́g"@etu	
"far"@en	<https://panlex.org/snapshot/panlex-20191001-csv/3975#51735143>				<https://panlex.org/snapshot/panlex-20191001-csv/3975#51735185>		"=ráb"@etu	
"that"@en	<https://panlex.org/snapshot/panlex-20191001-csv/3975#51732657>				<https://panlex.org/snapshot/panlex-20191001-csv/3975#51732700>		"á-"@etu	
"new"@en	<https://panlex.org/snapshot/panlex-20191001-csv/3975#51728880>				<https://panlex.org/snapshot/panlex-20191001-csv/3975#51728919>		"ɛ̀=fɛ̂"@etu	
"white"@en	<https://panlex.org/snapshot/panlex-20191001-csv/3975#51734575>				<https://panlex.org/snapshot/panlex-20191001-csv/3975#51734611>		"ɛ́=bád-ɛ́"@etu	
"kill"@en	<https://panlex.org/snapshot/panlex-20191001-csv/3975#51726622>				<https://panlex.org/snapshot/panlex-20191001-csv/3975#51726659>		"yûi"@etu	
"worm"@en	<https://panlex.org/snapshot/panlex-20191001-csv/3975#51736242>				<https://panlex.org/snapshot/panlex-20191001-csv/3975#51736268>		"ɛ́=sɔ̀ŋɛ̂"@etu	
"man"@en	<https://panlex.org/snapshot/panlex-20191001-csv/3975#51727739>				<https://panlex.org/snapshot/panlex-20191001-csv/3975#51727777>		"Ǹ=nɛ̀n=dûm"@etu	
"fat n."@en	<https://panlex.org/snapshot/panlex-20191001-csv/3975#51724158>				<https://panlex.org/snapshot/panlex-20191001-csv/3975#51724193>		"à=fɔ̂m"@etu	
"many"@en	<https://panlex.org/snapshot/panlex-20191001-csv/3975#51727888>				<https://panlex.org/snapshot/panlex-20191001-csv/3975#51727930>		"ɛ̀tí-ɛ̀tî"@etu	
"give"@en	<https://panlex.org/snapshot/panlex-20191001-csv/3975#51725114>				<https://panlex.org/snapshot/panlex-20191001-csv/3975#51725157>		"=kárè"@etu	
"stone"@en	<https://panlex.org/snapshot/panlex-20191001-csv/3975#51732097>				<https://panlex.org/snapshot/panlex-20191001-csv/3975#51732132>		"Ǹ=táɛ́"@etu	
"big"@en	<https://panlex.org/snapshot/panlex-20191001-csv/3975#51721081>				<https://panlex.org/snapshot/panlex-20191001-csv/3975#51721117>		"=fǎŋ"@etu	
"mouth"@en	<https://panlex.org/snapshot/panlex-20191001-csv/3975#51728449>				<https://panlex.org/snapshot/panlex-20191001-csv/3975#51728486>		"Ǹ=ɲɔ̀"@etu	
"walk"@en	<https://panlex.org/snapshot/panlex-20191001-csv/3975#51733726>				<https://panlex.org/snapshot/panlex-20191001-csv/3975#51733768>		"=ʓǐ"@etu	
"head"@en	<https://panlex.org/snapshot/panlex-20191001-csv/3975#51725838>				<https://panlex.org/snapshot/panlex-20191001-csv/3975#51725879>		"ɛ̀=ɕî"@etu	
"come"@en	<https://panlex.org/snapshot/panlex-20191001-csv/3975#51722596>				<https://panlex.org/snapshot/panlex-20191001-csv/3975#51722642>		"=bá"@etu	
"near"@en	<https://panlex.org/snapshot/panlex-20191001-csv/3975#51735402>				<https://panlex.org/snapshot/panlex-20191001-csv/3975#51735441>		"=kpídì"@etu	
"die"@en	<https://panlex.org/snapshot/panlex-20191001-csv/3975#51722784>				<https://panlex.org/snapshot/panlex-20191001-csv/3975#51722825>		"kpɔ̂"@etu	
"neck"@en	<https://panlex.org/snapshot/panlex-20191001-csv/3975#51728746>				<https://panlex.org/snapshot/panlex-20191001-csv/3975#51728781>		"ɛ̀=mɛ̀"@etu	
"wind"@en	<https://panlex.org/snapshot/panlex-20191001-csv/3975#51736088>				<https://panlex.org/snapshot/panlex-20191001-csv/3975#51736127>		"Ǹ=fɛ̂b"@etu	
"feather"@en	<https://panlex.org/snapshot/panlex-20191001-csv/3975#51724298>				<https://panlex.org/snapshot/panlex-20191001-csv/3975#51724335>		"è=fǔd"@etu	
"stand"@en	<https://panlex.org/snapshot/panlex-20191001-csv/3975#51731808>				<https://panlex.org/snapshot/panlex-20191001-csv/3975#51731843>		"=gím"@etu	
"belly"@en	<https://panlex.org/snapshot/panlex-20191001-csv/3975#51720947>				<https://panlex.org/snapshot/panlex-20191001-csv/3975#51720983>		"ò=yà"@etu	
"who"@en	<https://panlex.org/snapshot/panlex-20191001-csv/3975#51734698>				<https://panlex.org/snapshot/panlex-20191001-csv/3975#51734737>		"bàg-ɛ́-nɛ̂"@etu	
"we₁"@en	<https://panlex.org/snapshot/panlex-20191001-csv/3975#51734190>				<https://panlex.org/snapshot/panlex-20191001-csv/3975#51734238>		"ɛ̂d"@etu	
"hand"@en	<https://panlex.org/snapshot/panlex-20191001-csv/3975#51725691>				<https://panlex.org/snapshot/panlex-20191001-csv/3975#51725727>		"ɔ̀=bɔ̂"@etu	
"small"@en	<https://panlex.org/snapshot/panlex-20191001-csv/3975#51731516>				<https://panlex.org/snapshot/panlex-20191001-csv/3975#51731554>		"=ɕɛ́b"@etu	
"bite"@en	<https://panlex.org/snapshot/panlex-20191001-csv/3975#51721366>				<https://panlex.org/snapshot/panlex-20191001-csv/3975#51721400>		"yûm"@etu	
"see"@en	<https://panlex.org/snapshot/panlex-20191001-csv/3975#51730753>				<https://panlex.org/snapshot/panlex-20191001-csv/3975#51730790>		"=yên"@etu	
