"ଅଣ୍ଡା"@or	<https://panlex.org/snapshot/panlex-20191001-csv/5947#84707540>				<https://panlex.org/snapshot/panlex-20191001-csv/5947#84707532>		"ал"@myv	
"phēbr̥'ārī"@or	<https://panlex.org/snapshot/panlex-20191001-csv/5939#80811298>				<https://panlex.org/snapshot/panlex-20191001-csv/5939#80811284>		"davolkov"@myv	
"phēbru'āri"@or	<https://panlex.org/snapshot/panlex-20191001-csv/5939#80811297>				<https://panlex.org/snapshot/panlex-20191001-csv/5939#80811284>		"davolkov"@myv	
"ଏସିଯା"@or	<https://panlex.org/snapshot/panlex-20191001-csv/5949#85298606>				<https://panlex.org/snapshot/panlex-20191001-csv/5949#85298603>		"Азия"@myv	
"ଅଗଷ୍ଟ"@or	<https://panlex.org/snapshot/panlex-20191001-csv/5949#85329455>				<https://panlex.org/snapshot/panlex-20191001-csv/5949#85329441>		"умарьков"@myv	
"ରୁଷିଆ"@or	<https://panlex.org/snapshot/panlex-20191001-csv/5949#85319563>				<https://panlex.org/snapshot/panlex-20191001-csv/5949#85319545>		"Россиянь Федерация"@myv	
"ରୁଷିଆ"@or	<https://panlex.org/snapshot/panlex-20191001-csv/5949#85319563>				<https://panlex.org/snapshot/panlex-20191001-csv/5949#85319546>		"Россия Мастор"@myv	
"ରୁଷିଆ"@or	<https://panlex.org/snapshot/panlex-20191001-csv/5949#85319563>				<https://panlex.org/snapshot/panlex-20191001-csv/5949#85319544>		"Россия"@myv	
