"Wiixata"@om	<https://panlex.org/snapshot/panlex-20191001-csv/5947#84803528>				<https://panlex.org/snapshot/panlex-20191001-csv/5947#84803391>		"понедельник"@evn	
"Hagayya"@om	<https://panlex.org/snapshot/panlex-20191001-csv/5949#85329456>				<https://panlex.org/snapshot/panlex-20191001-csv/5949#85329330>		"иркин"@evn	
"Hagayya"@om	<https://panlex.org/snapshot/panlex-20191001-csv/5949#85329456>				<https://panlex.org/snapshot/panlex-20191001-csv/5949#85329329>		"август"@evn	
"ነገየ"@om	<https://panlex.org/snapshot/panlex-20191001-csv/2902#111012014>				<https://panlex.org/snapshot/panlex-20191001-csv/2902#111012045>		"аяма̄н"@evn	
"Kamiisa"@om	<https://panlex.org/snapshot/panlex-20191001-csv/2892#110825666>				<https://panlex.org/snapshot/panlex-20191001-csv/2892#110825674>		"четверг"@evn	
"Wiixata"@om	<https://panlex.org/snapshot/panlex-20191001-csv/2892#110824068>				<https://panlex.org/snapshot/panlex-20191001-csv/2892#110824263>		"понедельник"@evn	
"Roobii"@om	<https://panlex.org/snapshot/panlex-20191001-csv/2892#110825053>				<https://panlex.org/snapshot/panlex-20191001-csv/2892#110825204>		"среда"@evn	
"Jimaata"@om	<https://panlex.org/snapshot/panlex-20191001-csv/2892#110825956>				<https://panlex.org/snapshot/panlex-20191001-csv/2892#110826104>		"пятница"@evn	
"Qibxata"@om	<https://panlex.org/snapshot/panlex-20191001-csv/2892#110824595>				<https://panlex.org/snapshot/panlex-20191001-csv/2892#110824839>		"вторник"@evn	
"Sanbata"@om	<https://panlex.org/snapshot/panlex-20191001-csv/2892#110826461>				<https://panlex.org/snapshot/panlex-20191001-csv/2892#110826405>		"суббота"@evn	
"Dilbata"@om	<https://panlex.org/snapshot/panlex-20191001-csv/2892#110826807>				<https://panlex.org/snapshot/panlex-20191001-csv/2892#110826628>		"воскресенье"@evn	
"Onkololeessa"@om	<https://panlex.org/snapshot/panlex-20191001-csv/2897#110830772>				<https://panlex.org/snapshot/panlex-20191001-csv/2897#110831058>		"октябрь"@evn	
"Onkololeessa"@om	<https://panlex.org/snapshot/panlex-20191001-csv/2897#110830772>				<https://panlex.org/snapshot/panlex-20191001-csv/2897#110830779>		"угун"@evn	
"Waxabajjii"@om	<https://panlex.org/snapshot/panlex-20191001-csv/2897#110829286>				<https://panlex.org/snapshot/panlex-20191001-csv/2897#110829410>		"мучун"@evn	
"Waxabajjii"@om	<https://panlex.org/snapshot/panlex-20191001-csv/2897#110829286>				<https://panlex.org/snapshot/panlex-20191001-csv/2897#110829439>		"июнь"@evn	
"Sadaasa"@om	<https://panlex.org/snapshot/panlex-20191001-csv/2897#110831217>				<https://panlex.org/snapshot/panlex-20191001-csv/2897#110831447>		"хугдарпӣ"@evn	
"Sadaasa"@om	<https://panlex.org/snapshot/panlex-20191001-csv/2897#110831217>				<https://panlex.org/snapshot/panlex-20191001-csv/2897#110831188>		"ноябрь"@evn	
"Fuulbana"@om	<https://panlex.org/snapshot/panlex-20191001-csv/2897#110830535>				<https://panlex.org/snapshot/panlex-20191001-csv/2897#110830413>		"сентябрь"@evn	
"Fuulbana"@om	<https://panlex.org/snapshot/panlex-20191001-csv/2897#110830535>				<https://panlex.org/snapshot/panlex-20191001-csv/2897#110830493>		"сирӯдян"@evn	
"Hagayya"@om	<https://panlex.org/snapshot/panlex-20191001-csv/2897#110830221>				<https://panlex.org/snapshot/panlex-20191001-csv/2897#110829909>		"иркин"@evn	
"Hagayya"@om	<https://panlex.org/snapshot/panlex-20191001-csv/2897#110830221>				<https://panlex.org/snapshot/panlex-20191001-csv/2897#110829894>		"август"@evn	
"Adooleessa"@om	<https://panlex.org/snapshot/panlex-20191001-csv/2897#110829793>				<https://panlex.org/snapshot/panlex-20191001-csv/2897#110829501>		"иркин"@evn	
"Adooleessa"@om	<https://panlex.org/snapshot/panlex-20191001-csv/2897#110829793>				<https://panlex.org/snapshot/panlex-20191001-csv/2897#110829794>		"июль"@evn	
"Elba"@om	<https://panlex.org/snapshot/panlex-20191001-csv/2897#110828628>				<https://panlex.org/snapshot/panlex-20191001-csv/2897#110828548>		"апрель"@evn	
"Amajjii"@om	<https://panlex.org/snapshot/panlex-20191001-csv/2897#110827306>				<https://panlex.org/snapshot/panlex-20191001-csv/2897#110827249>		"январь"@evn	
"Amajjii"@om	<https://panlex.org/snapshot/panlex-20191001-csv/2897#110827306>				<https://panlex.org/snapshot/panlex-20191001-csv/2897#110827041>		"гиравӯн"@evn	
"Bitooteessa"@om	<https://panlex.org/snapshot/panlex-20191001-csv/2897#110828095>				<https://panlex.org/snapshot/panlex-20191001-csv/2897#110828127>		"март"@evn	
"Bitooteessa"@om	<https://panlex.org/snapshot/panlex-20191001-csv/2897#110828095>				<https://panlex.org/snapshot/panlex-20191001-csv/2897#110828145>		"э̄ктэнирэ̄"@evn	
"Caamsa"@om	<https://panlex.org/snapshot/panlex-20191001-csv/2897#110828810>				<https://panlex.org/snapshot/panlex-20191001-csv/2897#110828822>		"со̄нка̄н"@evn	
"Caamsa"@om	<https://panlex.org/snapshot/panlex-20191001-csv/2897#110828810>				<https://panlex.org/snapshot/panlex-20191001-csv/2897#110828974>		"май"@evn	
"Guraandhala"@om	<https://panlex.org/snapshot/panlex-20191001-csv/2897#110827671>				<https://panlex.org/snapshot/panlex-20191001-csv/2897#110827453>		"мӣрэ"@evn	
"Guraandhala"@om	<https://panlex.org/snapshot/panlex-20191001-csv/2897#110827671>				<https://panlex.org/snapshot/panlex-20191001-csv/2897#110827849>		"февраль"@evn	
"Muddee"@om	<https://panlex.org/snapshot/panlex-20191001-csv/2897#110831898>				<https://panlex.org/snapshot/panlex-20191001-csv/2897#110831609>		"декабрь"@evn	
"Muddee"@om	<https://panlex.org/snapshot/panlex-20191001-csv/2897#110831898>				<https://panlex.org/snapshot/panlex-20191001-csv/2897#110831836>		"откӣ"@evn	
