"Statys Unys"@kw	<https://panlex.org/snapshot/panlex-20191001-csv/6898#113598058>				<https://panlex.org/snapshot/panlex-20191001-csv/6898#113598036>		"Amelika"@nd	
"Itali"@kw	<https://panlex.org/snapshot/panlex-20191001-csv/6898#113587846>				<https://panlex.org/snapshot/panlex-20191001-csv/6898#113587980>		"Itali"@nd	
"Eynda"@kw	<https://panlex.org/snapshot/panlex-20191001-csv/6898#113616912>				<https://panlex.org/snapshot/panlex-20191001-csv/6898#113616872>		"Indiya"@nd	
"kres"@kw	<https://panlex.org/snapshot/panlex-20191001-csv/2902#111012243>				<https://panlex.org/snapshot/panlex-20191001-csv/2902#111012241>		"ukuthula"@nd	
"Yowan an Bysydhyer"@kw	<https://panlex.org/snapshot/panlex-20191001-csv/2906#111020438>				<https://panlex.org/snapshot/panlex-20191001-csv/2906#111020500>		"uJohane uMbhaphathizi"@nd	
