"jukʼal jun"@cak	<https://panlex.org/snapshot/panlex-20191001-csv/3776#91704572>				<https://panlex.org/snapshot/panlex-20191001-csv/3776#91704605>		"дваесет и еден"@mk	
"jun"@cak	<https://panlex.org/snapshot/panlex-20191001-csv/3776#91649486>				<https://panlex.org/snapshot/panlex-20191001-csv/3776#91649544>		"еден"@mk	
"jukʼal bʼelejeʼ"@cak	<https://panlex.org/snapshot/panlex-20191001-csv/3776#91704319>				<https://panlex.org/snapshot/panlex-20191001-csv/3776#91704343>		"дваесет и девет"@mk	
"wajxaqlajuj"@cak	<https://panlex.org/snapshot/panlex-20191001-csv/3776#91703442>				<https://panlex.org/snapshot/panlex-20191001-csv/3776#91703492>		"осумнаесет"@mk	
"waqlajuj"@cak	<https://panlex.org/snapshot/panlex-20191001-csv/3776#91703257>				<https://panlex.org/snapshot/panlex-20191001-csv/3776#91703300>		"шеснаесет"@mk	
"tzaʼmaj"@cak	<https://panlex.org/snapshot/panlex-20191001-csv/3776#91652428>				<https://panlex.org/snapshot/panlex-20191001-csv/3776#91652489>		"нос"@mk	
"xar"@cak	<https://panlex.org/snapshot/panlex-20191001-csv/3776#91689972>				<https://panlex.org/snapshot/panlex-20191001-csv/3776#91690022>		"сина"@mk	
"kajiʼ"@cak	<https://panlex.org/snapshot/panlex-20191001-csv/3776#91650858>				<https://panlex.org/snapshot/panlex-20191001-csv/3776#91650902>		"четири"@mk	
"aranxex"@cak	<https://panlex.org/snapshot/panlex-20191001-csv/3776#91666300>				<https://panlex.org/snapshot/panlex-20191001-csv/3776#91666349>		"портокалова"@mk	
"kaʼiʼ"@cak	<https://panlex.org/snapshot/panlex-20191001-csv/3776#91649680>				<https://panlex.org/snapshot/panlex-20191001-csv/3776#91649737>		"два"@mk	
"tzʼienïk"@cak	<https://panlex.org/snapshot/panlex-20191001-csv/3776#91668307>				<https://panlex.org/snapshot/panlex-20191001-csv/3776#91668352>		"се смее"@mk	
"paläj"@cak	<https://panlex.org/snapshot/panlex-20191001-csv/3776#91690389>				<https://panlex.org/snapshot/panlex-20191001-csv/3776#91690454>		"лице"@mk	
"paläj"@cak	<https://panlex.org/snapshot/panlex-20191001-csv/3776#91690389>				<https://panlex.org/snapshot/panlex-20191001-csv/3776#91690455>		"лик"@mk	
"kajlajuj"@cak	<https://panlex.org/snapshot/panlex-20191001-csv/3776#91703136>				<https://panlex.org/snapshot/panlex-20191001-csv/3776#91703187>		"четиринаесет"@mk	
"jukʼal oxi"@cak	<https://panlex.org/snapshot/panlex-20191001-csv/3776#91704505>				<https://panlex.org/snapshot/panlex-20191001-csv/3776#91704532>		"дваесет и три"@mk	
"jukʼal kaʼiʼ"@cak	<https://panlex.org/snapshot/panlex-20191001-csv/3776#91704538>				<https://panlex.org/snapshot/panlex-20191001-csv/3776#91704564>		"дваесет и два"@mk	
"tzʼikaj"@cak	<https://panlex.org/snapshot/panlex-20191001-csv/3776#91773477>				<https://panlex.org/snapshot/panlex-20191001-csv/3776#91773526>		"лакт"@mk	
"jukʼal wajxaqiʼ"@cak	<https://panlex.org/snapshot/panlex-20191001-csv/3776#91704349>				<https://panlex.org/snapshot/panlex-20191001-csv/3776#91704374>		"дваесет и осум"@mk	
"bʼelejlajuj"@cak	<https://panlex.org/snapshot/panlex-20191001-csv/3776#91703502>				<https://panlex.org/snapshot/panlex-20191001-csv/3776#91703550>		"деветнаесет"@mk	
"chʼekaj"@cak	<https://panlex.org/snapshot/panlex-20191001-csv/3776#91670029>				<https://panlex.org/snapshot/panlex-20191001-csv/3776#91670074>		"колено"@mk	
"muxuʼx"@cak	<https://panlex.org/snapshot/panlex-20191001-csv/3776#91713857>				<https://panlex.org/snapshot/panlex-20191001-csv/3776#91713887>		"папук"@mk	
"kakʼal"@cak	<https://panlex.org/snapshot/panlex-20191001-csv/3776#91703653>				<https://panlex.org/snapshot/panlex-20191001-csv/3776#91703716>		"четириесет"@mk	
"jolom"@cak	<https://panlex.org/snapshot/panlex-20191001-csv/3776#91655190>				<https://panlex.org/snapshot/panlex-20191001-csv/3776#91655270>		"глава"@mk	
"qulaj"@cak	<https://panlex.org/snapshot/panlex-20191001-csv/3776#91666411>				<https://panlex.org/snapshot/panlex-20191001-csv/3776#91666472>		"врат"@mk	
"qulaj"@cak	<https://panlex.org/snapshot/panlex-20191001-csv/3776#91666411>				<https://panlex.org/snapshot/panlex-20191001-csv/3776#91666473>		"шија"@mk	
