"-geva"@woc	<https://panlex.org/snapshot/panlex-20191001-csv/114#8062852>				<https://panlex.org/snapshot/panlex-20191001-csv/114#8062457>		"ʼqanteng"@dgc	
"malevam"@woc	<https://panlex.org/snapshot/panlex-20191001-csv/114#8061887>				<https://panlex.org/snapshot/panlex-20191001-csv/114#8061445>		"maʼtenggiq"@dgc	
"ŋaraŋar"@woc	<https://panlex.org/snapshot/panlex-20191001-csv/114#8056254>				<https://panlex.org/snapshot/panlex-20191001-csv/114#8055839>		"naʼngoy"@dgc	
"ñoño"@woc	<https://panlex.org/snapshot/panlex-20191001-csv/114#8060856>				<https://panlex.org/snapshot/panlex-20191001-csv/114#8060392>		"giʼsat"@dgc	
"ñoño"@woc	<https://panlex.org/snapshot/panlex-20191001-csv/114#8060856>				<https://panlex.org/snapshot/panlex-20191001-csv/114#8060393>		"haʼkcq"@dgc	
"katoŋa-"@woc	<https://panlex.org/snapshot/panlex-20191001-csv/114#8063920>				<https://panlex.org/snapshot/panlex-20191001-csv/114#8063495>		"ʼquloq"@dgc	
"wana-"@woc	<https://panlex.org/snapshot/panlex-20191001-csv/114#8053089>				<https://panlex.org/snapshot/panlex-20191001-csv/114#8052733>		"kawaʼnan"@dgc	
"meme-"@woc	<https://panlex.org/snapshot/panlex-20191001-csv/114#8068096>				<https://panlex.org/snapshot/panlex-20191001-csv/114#8067691>		"diʼlaq"@dgc	
"nupu-"@woc	<https://panlex.org/snapshot/panlex-20191001-csv/114#8058806>				<https://panlex.org/snapshot/panlex-20191001-csv/114#8058355>		"tiʼyan"@dgc	
