"-geva"@woc	<https://panlex.org/snapshot/panlex-20191001-csv/114#8062852>				<https://panlex.org/snapshot/panlex-20191001-csv/114#8062769>		"napean e ratout non nakatua"@sol	
"malevam"@woc	<https://panlex.org/snapshot/panlex-20191001-csv/114#8061887>				<https://panlex.org/snapshot/panlex-20191001-csv/114#8061782>		"natenon"@sol	
"ŋaraŋar"@woc	<https://panlex.org/snapshot/panlex-20191001-csv/114#8056254>				<https://panlex.org/snapshot/panlex-20191001-csv/114#8056156>		"nanahon"@sol	
"ñoño"@woc	<https://panlex.org/snapshot/panlex-20191001-csv/114#8060856>				<https://panlex.org/snapshot/panlex-20191001-csv/114#8060737>		"mo nunuma uh"@sol	
"ñoño"@woc	<https://panlex.org/snapshot/panlex-20191001-csv/114#8060856>				<https://panlex.org/snapshot/panlex-20191001-csv/114#8060738>		"mu sus suh"@sol	
"katoŋa-"@woc	<https://panlex.org/snapshot/panlex-20191001-csv/114#8063920>				<https://panlex.org/snapshot/panlex-20191001-csv/114#8063812>		"(mo) bakuh"@sol	
"wana-"@woc	<https://panlex.org/snapshot/panlex-20191001-csv/114#8053089>				<https://panlex.org/snapshot/panlex-20191001-csv/114#8053006>		"mina risiki"@sol	
"meme-"@woc	<https://panlex.org/snapshot/panlex-20191001-csv/114#8068096>				<https://panlex.org/snapshot/panlex-20191001-csv/114#8067998>		"(mo) mieuh"@sol	
"nupu-"@woc	<https://panlex.org/snapshot/panlex-20191001-csv/114#8058806>				<https://panlex.org/snapshot/panlex-20191001-csv/114#8058697>		"mo tot tuh"@sol	
