"-geva"@woc	<https://panlex.org/snapshot/panlex-20191001-csv/114#8062852>				<https://panlex.org/snapshot/panlex-20191001-csv/114#8062579>		"moonuko"@kzp	
"malevam"@woc	<https://panlex.org/snapshot/panlex-20191001-csv/114#8061887>				<https://panlex.org/snapshot/panlex-20191001-csv/114#8061575>		"motau"@kzp	
"ŋaraŋar"@woc	<https://panlex.org/snapshot/panlex-20191001-csv/114#8056254>				<https://panlex.org/snapshot/panlex-20191001-csv/114#8055949>		"monaŋi"@kzp	
"ñoño"@woc	<https://panlex.org/snapshot/panlex-20191001-csv/114#8060856>				<https://panlex.org/snapshot/panlex-20191001-csv/114#8060522>		"susu"@kzp	
"katoŋa-"@woc	<https://panlex.org/snapshot/panlex-20191001-csv/114#8063920>				<https://panlex.org/snapshot/panlex-20191001-csv/114#8063611>		"urʔu"@kzp	
"wana-"@woc	<https://panlex.org/snapshot/panlex-20191001-csv/114#8053089>				<https://panlex.org/snapshot/panlex-20191001-csv/114#8052830>		"kitau"@kzp	
"meme-"@woc	<https://panlex.org/snapshot/panlex-20191001-csv/114#8068096>				<https://panlex.org/snapshot/panlex-20191001-csv/114#8067802>		"dila"@kzp	
"nupu-"@woc	<https://panlex.org/snapshot/panlex-20191001-csv/114#8058806>				<https://panlex.org/snapshot/panlex-20191001-csv/114#8058474>		"tia"@kzp	
