"שאָבּאָת"@jdt	<https://panlex.org/snapshot/panlex-20191001-csv/2892#110826400>				<https://panlex.org/snapshot/panlex-20191001-csv/2892#110826282>		"субота"@kap	
"שאָבּאָת"@jdt	<https://panlex.org/snapshot/panlex-20191001-csv/2892#110826400>				<https://panlex.org/snapshot/panlex-20191001-csv/2892#110826480>		"шамат"@kap	
"פּאנז׳שאָבּאָת"@jdt	<https://panlex.org/snapshot/panlex-20191001-csv/2892#110825624>				<https://panlex.org/snapshot/panlex-20191001-csv/2892#110825610>		"четверг"@kap	
"פּאנז׳שאָבּאָת"@jdt	<https://panlex.org/snapshot/panlex-20191001-csv/2892#110825624>				<https://panlex.org/snapshot/panlex-20191001-csv/2892#110825312>		"хамиз"@kap	
"צ׳אָרשאָבּאָת"@jdt	<https://panlex.org/snapshot/panlex-20191001-csv/2892#110824929>				<https://panlex.org/snapshot/panlex-20191001-csv/2892#110824901>		"арбаъ"@kap	
"צ׳אָרשאָבּאָת"@jdt	<https://panlex.org/snapshot/panlex-20191001-csv/2892#110824929>				<https://panlex.org/snapshot/panlex-20191001-csv/2892#110825059>		"середа"@kap	
"רוּזאַרנא"@jdt	<https://panlex.org/snapshot/panlex-20191001-csv/2892#110825866>				<https://panlex.org/snapshot/panlex-20191001-csv/2892#110825698>		"пийатница"@kap	
"רוּזאַרנא"@jdt	<https://panlex.org/snapshot/panlex-20191001-csv/2892#110825866>				<https://panlex.org/snapshot/panlex-20191001-csv/2892#110826058>		"муьжмаьр"@kap	
"ייכּשאָבּאָת"@jdt	<https://panlex.org/snapshot/panlex-20191001-csv/2892#110826719>				<https://panlex.org/snapshot/panlex-20191001-csv/2892#110826817>		"базай-водо"@kap	
"ייכּשאָבּאָת"@jdt	<https://panlex.org/snapshot/panlex-20191001-csv/2892#110826719>				<https://panlex.org/snapshot/panlex-20191001-csv/2892#110826932>		"вихадной"@kap	
"דושאָבּאָת"@jdt	<https://panlex.org/snapshot/panlex-20191001-csv/2892#110824142>				<https://panlex.org/snapshot/panlex-20191001-csv/2892#110824022>		"паниденник"@kap	
"דושאָבּאָת"@jdt	<https://panlex.org/snapshot/panlex-20191001-csv/2892#110824142>				<https://panlex.org/snapshot/panlex-20191001-csv/2892#110824332>		"итни"@kap	
"סאשאָבּאָת"@jdt	<https://panlex.org/snapshot/panlex-20191001-csv/2892#110824441>				<https://panlex.org/snapshot/panlex-20191001-csv/2892#110824815>		"хадур"@kap	
"סאשאָבּאָת"@jdt	<https://panlex.org/snapshot/panlex-20191001-csv/2892#110824441>				<https://panlex.org/snapshot/panlex-20191001-csv/2892#110824494>		"вторник"@kap	
"סאשאָבּאָת"@jdt	<https://panlex.org/snapshot/panlex-20191001-csv/2892#110824441>				<https://panlex.org/snapshot/panlex-20191001-csv/2892#110824680>		"талат"@kap	
