"זארד דאריאָה"@jdt	<https://panlex.org/snapshot/panlex-20191001-csv/2905#110871562>				<https://panlex.org/snapshot/panlex-20191001-csv/2905#110871541>		"Хы Гъуэжь"@kbd	
"סאִי דאריאָה"@jdt	<https://panlex.org/snapshot/panlex-20191001-csv/2905#110869126>				<https://panlex.org/snapshot/panlex-20191001-csv/2905#110869217>		"Хы Фӏыцӏэ"@kbd	
"סאִי דאריאָה"@jdt	<https://panlex.org/snapshot/panlex-20191001-csv/2905#110869126>				<https://panlex.org/snapshot/panlex-20191001-csv/2905#110869122>		"Хы Шӏуцӏэ"@kbd	
"קאִרמאִזאִ דאריאָה"@jdt	<https://panlex.org/snapshot/panlex-20191001-csv/2905#110871059>				<https://panlex.org/snapshot/panlex-20191001-csv/2905#110870984>		"Хы Плъыжь"@kbd	
"סאִפּאִ דאריאָה"@jdt	<https://panlex.org/snapshot/panlex-20191001-csv/2905#110871271>				<https://panlex.org/snapshot/panlex-20191001-csv/2905#110871303>		"Хы Хужь"@kbd	
"כאַוּמיאַ"@jdt	<https://panlex.org/snapshot/panlex-20191001-csv/2907#110847512>				<https://panlex.org/snapshot/panlex-20191001-csv/2907#110847448>		"Хаумеа"@kbd	
"יוּפּאִתיר"@jdt	<https://panlex.org/snapshot/panlex-20191001-csv/2907#110846444>				<https://panlex.org/snapshot/panlex-20191001-csv/2907#110846527>		"Юпитер"@kbd	
"סאַתוּרן"@jdt	<https://panlex.org/snapshot/panlex-20191001-csv/2907#110846649>				<https://panlex.org/snapshot/panlex-20191001-csv/2907#110846720>		"Сатурн"@kbd	
"מירכּוּראִי"@jdt	<https://panlex.org/snapshot/panlex-20191001-csv/2907#110845271>				<https://panlex.org/snapshot/panlex-20191001-csv/2907#110845152>		"Меркурий"@kbd	
"מאנג"@jdt	<https://panlex.org/snapshot/panlex-20191001-csv/2907#110845795>				<https://panlex.org/snapshot/panlex-20191001-csv/2907#110845748>		"Мазэ"@kbd	
"מאַרס"@jdt	<https://panlex.org/snapshot/panlex-20191001-csv/2907#110846102>				<https://panlex.org/snapshot/panlex-20191001-csv/2907#110845977>		"Марс"@kbd	
"אראִדאַ"@jdt	<https://panlex.org/snapshot/panlex-20191001-csv/2907#110847932>				<https://panlex.org/snapshot/panlex-20191001-csv/2907#110847868>		"Эридэ"@kbd	
"זאִמאִ"@jdt	<https://panlex.org/snapshot/panlex-20191001-csv/2907#110845603>				<https://panlex.org/snapshot/panlex-20191001-csv/2907#110845656>		"Щӏы"@kbd	
"תסיריראַ"@jdt	<https://panlex.org/snapshot/panlex-20191001-csv/2907#110846256>				<https://panlex.org/snapshot/panlex-20191001-csv/2907#110846312>		"Церерэ"@kbd	
"אוּראַן"@jdt	<https://panlex.org/snapshot/panlex-20191001-csv/2907#110846980>				<https://panlex.org/snapshot/panlex-20191001-csv/2907#110846795>		"Уран"@kbd	
"אָפתאָאִ"@jdt	<https://panlex.org/snapshot/panlex-20191001-csv/2907#110844966>				<https://panlex.org/snapshot/panlex-20191001-csv/2907#110844951>		"Дыгъэ"@kbd	
"ניפּתוּן"@jdt	<https://panlex.org/snapshot/panlex-20191001-csv/2907#110847071>				<https://panlex.org/snapshot/panlex-20191001-csv/2907#110847157>		"Нептун"@kbd	
"ביניראַ"@jdt	<https://panlex.org/snapshot/panlex-20191001-csv/2907#110845334>				<https://panlex.org/snapshot/panlex-20191001-csv/2907#110845487>		"Венерэ"@kbd	
"פּלוּתאָן"@jdt	<https://panlex.org/snapshot/panlex-20191001-csv/2907#110847353>				<https://panlex.org/snapshot/panlex-20191001-csv/2907#110847267>		"Плутон"@kbd	
"מאַכּימאַכּי"@jdt	<https://panlex.org/snapshot/panlex-20191001-csv/2907#110847675>				<https://panlex.org/snapshot/panlex-20191001-csv/2907#110847654>		"Макемаке"@kbd	
"שאָבּאָת"@jdt	<https://panlex.org/snapshot/panlex-20191001-csv/2892#110826400>				<https://panlex.org/snapshot/panlex-20191001-csv/2892#110826505>		"щэбэт"@kbd	
"פּאנז׳שאָבּאָת"@jdt	<https://panlex.org/snapshot/panlex-20191001-csv/2892#110825624>				<https://panlex.org/snapshot/panlex-20191001-csv/2892#110825671>		"мэхуэку"@kbd	
"צ׳אָרשאָבּאָת"@jdt	<https://panlex.org/snapshot/panlex-20191001-csv/2892#110824929>				<https://panlex.org/snapshot/panlex-20191001-csv/2892#110824973>		"бэрэжьей"@kbd	
"רוּזאַרנא"@jdt	<https://panlex.org/snapshot/panlex-20191001-csv/2892#110825866>				<https://panlex.org/snapshot/panlex-20191001-csv/2892#110826103>		"мэрем"@kbd	
"ייכּשאָבּאָת"@jdt	<https://panlex.org/snapshot/panlex-20191001-csv/2892#110826719>				<https://panlex.org/snapshot/panlex-20191001-csv/2892#110826601>		"тхьэмахуэ"@kbd	
"דושאָבּאָת"@jdt	<https://panlex.org/snapshot/panlex-20191001-csv/2892#110824142>				<https://panlex.org/snapshot/panlex-20191001-csv/2892#110824040>		"блыщхьэ"@kbd	
"סאשאָבּאָת"@jdt	<https://panlex.org/snapshot/panlex-20191001-csv/2892#110824441>				<https://panlex.org/snapshot/panlex-20191001-csv/2892#110824760>		"гъубж"@kbd	
"אַפּריל"@jdt	<https://panlex.org/snapshot/panlex-20191001-csv/2897#110828285>				<https://panlex.org/snapshot/panlex-20191001-csv/2897#110828408>		"апрель"@kbd	
"יאַנבאַר"@jdt	<https://panlex.org/snapshot/panlex-20191001-csv/2897#110827220>				<https://panlex.org/snapshot/panlex-20191001-csv/2897#110827322>		"январь"@kbd	
"אִיוּל"@jdt	<https://panlex.org/snapshot/panlex-20191001-csv/2897#110829712>				<https://panlex.org/snapshot/panlex-20191001-csv/2897#110829749>		"июль"@kbd	
"נאָיאַבּר"@jdt	<https://panlex.org/snapshot/panlex-20191001-csv/2897#110831373>				<https://panlex.org/snapshot/panlex-20191001-csv/2897#110831237>		"ноябрь"@kbd	
"סינתיאַבּר"@jdt	<https://panlex.org/snapshot/panlex-20191001-csv/2897#110830596>				<https://panlex.org/snapshot/panlex-20191001-csv/2897#110830436>		"сентябрь"@kbd	
"אִיוּן"@jdt	<https://panlex.org/snapshot/panlex-20191001-csv/2897#110829089>				<https://panlex.org/snapshot/panlex-20191001-csv/2897#110829086>		"июнь"@kbd	
"אָכּתיאַבּר"@jdt	<https://panlex.org/snapshot/panlex-20191001-csv/2897#110830922>				<https://panlex.org/snapshot/panlex-20191001-csv/2897#110830811>		"октябрь"@kbd	
"דיכּאַבּר"@jdt	<https://panlex.org/snapshot/panlex-20191001-csv/2897#110831725>				<https://panlex.org/snapshot/panlex-20191001-csv/2897#110831623>		"декабрь"@kbd	
"פיבראַל"@jdt	<https://panlex.org/snapshot/panlex-20191001-csv/2897#110827695>				<https://panlex.org/snapshot/panlex-20191001-csv/2897#110827854>		"февраль"@kbd	
"מאַרת"@jdt	<https://panlex.org/snapshot/panlex-20191001-csv/2897#110827965>				<https://panlex.org/snapshot/panlex-20191001-csv/2897#110828114>		"март"@kbd	
"מאַי"@jdt	<https://panlex.org/snapshot/panlex-20191001-csv/2897#110828841>				<https://panlex.org/snapshot/panlex-20191001-csv/2897#110828718>		"май"@kbd	
"אַבגוּסת"@jdt	<https://panlex.org/snapshot/panlex-20191001-csv/2897#110830045>				<https://panlex.org/snapshot/panlex-20191001-csv/2897#110830030>		"август"@kbd	
