"שאָלוּמאִ"@jdt	<https://panlex.org/snapshot/panlex-20191001-csv/2902#111012287>				<https://panlex.org/snapshot/panlex-20191001-csv/2902#111011952>		"paix"@fr	
"זארד דאריאָה"@jdt	<https://panlex.org/snapshot/panlex-20191001-csv/2905#110871562>				<https://panlex.org/snapshot/panlex-20191001-csv/2905#110871533>		"Mer Jaune"@fr	
"סאִי דאריאָה"@jdt	<https://panlex.org/snapshot/panlex-20191001-csv/2905#110869126>				<https://panlex.org/snapshot/panlex-20191001-csv/2905#110869025>		"Mer Noire"@fr	
"קאִרמאִזאִ דאריאָה"@jdt	<https://panlex.org/snapshot/panlex-20191001-csv/2905#110871059>				<https://panlex.org/snapshot/panlex-20191001-csv/2905#110871000>		"Mer Rouge"@fr	
"סאִפּאִ דאריאָה"@jdt	<https://panlex.org/snapshot/panlex-20191001-csv/2905#110871271>				<https://panlex.org/snapshot/panlex-20191001-csv/2905#110871285>		"Mer Blanche"@fr	
"כאַוּמיאַ"@jdt	<https://panlex.org/snapshot/panlex-20191001-csv/2907#110847512>				<https://panlex.org/snapshot/panlex-20191001-csv/2907#110847506>		"Haumea"@fr	
"יוּפּאִתיר"@jdt	<https://panlex.org/snapshot/panlex-20191001-csv/2907#110846444>				<https://panlex.org/snapshot/panlex-20191001-csv/2907#110846341>		"Jupiter"@fr	
"סאַתוּרן"@jdt	<https://panlex.org/snapshot/panlex-20191001-csv/2907#110846649>				<https://panlex.org/snapshot/panlex-20191001-csv/2907#110846679>		"Saturne"@fr	
"מירכּוּראִי"@jdt	<https://panlex.org/snapshot/panlex-20191001-csv/2907#110845271>				<https://panlex.org/snapshot/panlex-20191001-csv/2907#110845084>		"Mercure"@fr	
"מאנג"@jdt	<https://panlex.org/snapshot/panlex-20191001-csv/2907#110845795>				<https://panlex.org/snapshot/panlex-20191001-csv/2907#110845822>		"Lune"@fr	
"מאַרס"@jdt	<https://panlex.org/snapshot/panlex-20191001-csv/2907#110846102>				<https://panlex.org/snapshot/panlex-20191001-csv/2907#110846014>		"Mars"@fr	
"אראִדאַ"@jdt	<https://panlex.org/snapshot/panlex-20191001-csv/2907#110847932>				<https://panlex.org/snapshot/panlex-20191001-csv/2907#110847963>		"Éris"@fr	
"זאִמאִ"@jdt	<https://panlex.org/snapshot/panlex-20191001-csv/2907#110845603>				<https://panlex.org/snapshot/panlex-20191001-csv/2907#110845716>		"Terre"@fr	
"תסיריראַ"@jdt	<https://panlex.org/snapshot/panlex-20191001-csv/2907#110846256>				<https://panlex.org/snapshot/panlex-20191001-csv/2907#110846297>		"Cérès"@fr	
"אוּראַן"@jdt	<https://panlex.org/snapshot/panlex-20191001-csv/2907#110846980>				<https://panlex.org/snapshot/panlex-20191001-csv/2907#110846925>		"Uranus"@fr	
"אָפתאָאִ"@jdt	<https://panlex.org/snapshot/panlex-20191001-csv/2907#110844966>				<https://panlex.org/snapshot/panlex-20191001-csv/2907#110844997>		"Soleil"@fr	
"ניפּתוּן"@jdt	<https://panlex.org/snapshot/panlex-20191001-csv/2907#110847071>				<https://panlex.org/snapshot/panlex-20191001-csv/2907#110847152>		"Neptune"@fr	
"ביניראַ"@jdt	<https://panlex.org/snapshot/panlex-20191001-csv/2907#110845334>				<https://panlex.org/snapshot/panlex-20191001-csv/2907#110845426>		"Vénus"@fr	
"פּלוּתאָן"@jdt	<https://panlex.org/snapshot/panlex-20191001-csv/2907#110847353>				<https://panlex.org/snapshot/panlex-20191001-csv/2907#110847212>		"Pluton"@fr	
"מאַכּימאַכּי"@jdt	<https://panlex.org/snapshot/panlex-20191001-csv/2907#110847675>				<https://panlex.org/snapshot/panlex-20191001-csv/2907#110847716>		"Makemake"@fr	
"שאָבּאָת"@jdt	<https://panlex.org/snapshot/panlex-20191001-csv/2892#110826400>				<https://panlex.org/snapshot/panlex-20191001-csv/2892#110826149>		"samedi"@fr	
"שאָבּאָת"@jdt	<https://panlex.org/snapshot/panlex-20191001-csv/2892#110826400>				<https://panlex.org/snapshot/panlex-20191001-csv/2892#110826561>		"sémedi"@fr	
"פּאנז׳שאָבּאָת"@jdt	<https://panlex.org/snapshot/panlex-20191001-csv/2892#110825624>				<https://panlex.org/snapshot/panlex-20191001-csv/2892#110825444>		"jheùdi"@fr	
"פּאנז׳שאָבּאָת"@jdt	<https://panlex.org/snapshot/panlex-20191001-csv/2892#110825624>				<https://panlex.org/snapshot/panlex-20191001-csv/2892#110825622>		"jeudi"@fr	
"צ׳אָרשאָבּאָת"@jdt	<https://panlex.org/snapshot/panlex-20191001-csv/2892#110824929>				<https://panlex.org/snapshot/panlex-20191001-csv/2892#110825008>		"mercredi"@fr	
"צ׳אָרשאָבּאָת"@jdt	<https://panlex.org/snapshot/panlex-20191001-csv/2892#110824929>				<https://panlex.org/snapshot/panlex-20191001-csv/2892#110824911>		"mécrdi"@fr	
"רוּזאַרנא"@jdt	<https://panlex.org/snapshot/panlex-20191001-csv/2892#110825866>				<https://panlex.org/snapshot/panlex-20191001-csv/2892#110826109>		"vendredi"@fr	
"רוּזאַרנא"@jdt	<https://panlex.org/snapshot/panlex-20191001-csv/2892#110825866>				<https://panlex.org/snapshot/panlex-20191001-csv/2892#110825844>		"vendrdi"@fr	
"ייכּשאָבּאָת"@jdt	<https://panlex.org/snapshot/panlex-20191001-csv/2892#110826719>				<https://panlex.org/snapshot/panlex-20191001-csv/2892#110826709>		"dimenche"@fr	
"ייכּשאָבּאָת"@jdt	<https://panlex.org/snapshot/panlex-20191001-csv/2892#110826719>				<https://panlex.org/snapshot/panlex-20191001-csv/2892#110827010>		"dimanche"@fr	
"דושאָבּאָת"@jdt	<https://panlex.org/snapshot/panlex-20191001-csv/2892#110824142>				<https://panlex.org/snapshot/panlex-20191001-csv/2892#110824264>		"lundi"@fr	
"דושאָבּאָת"@jdt	<https://panlex.org/snapshot/panlex-20191001-csv/2892#110824142>				<https://panlex.org/snapshot/panlex-20191001-csv/2892#110824247>		"léndi"@fr	
"סאשאָבּאָת"@jdt	<https://panlex.org/snapshot/panlex-20191001-csv/2892#110824441>				<https://panlex.org/snapshot/panlex-20191001-csv/2892#110824496>		"mardi"@fr	
"סאשאָבּאָת"@jdt	<https://panlex.org/snapshot/panlex-20191001-csv/2892#110824441>				<https://panlex.org/snapshot/panlex-20191001-csv/2892#110824652>		"mardi"@fr	
"אַפּריל"@jdt	<https://panlex.org/snapshot/panlex-20191001-csv/2897#110828285>				<https://panlex.org/snapshot/panlex-20191001-csv/2897#110828344>		"avril"@fr	
"אַפּריל"@jdt	<https://panlex.org/snapshot/panlex-20191001-csv/2897#110828285>				<https://panlex.org/snapshot/panlex-20191001-csv/2897#110828620>		"avrell"@fr	
"יאַנבאַר"@jdt	<https://panlex.org/snapshot/panlex-20191001-csv/2897#110827220>				<https://panlex.org/snapshot/panlex-20191001-csv/2897#110827358>		"janvier"@fr	
"יאַנבאַר"@jdt	<https://panlex.org/snapshot/panlex-20191001-csv/2897#110827220>				<https://panlex.org/snapshot/panlex-20191001-csv/2897#110827268>		"jhanvràe"@fr	
"אִיוּל"@jdt	<https://panlex.org/snapshot/panlex-20191001-csv/2897#110829712>				<https://panlex.org/snapshot/panlex-20191001-csv/2897#110829758>		"jhullét"@fr	
"אִיוּל"@jdt	<https://panlex.org/snapshot/panlex-20191001-csv/2897#110829712>				<https://panlex.org/snapshot/panlex-20191001-csv/2897#110829734>		"juillet"@fr	
"נאָיאַבּר"@jdt	<https://panlex.org/snapshot/panlex-20191001-csv/2897#110831373>				<https://panlex.org/snapshot/panlex-20191001-csv/2897#110831250>		"nouvenbre"@fr	
"נאָיאַבּר"@jdt	<https://panlex.org/snapshot/panlex-20191001-csv/2897#110831373>				<https://panlex.org/snapshot/panlex-20191001-csv/2897#110831177>		"novembre"@fr	
"סינתיאַבּר"@jdt	<https://panlex.org/snapshot/panlex-20191001-csv/2897#110830596>				<https://panlex.org/snapshot/panlex-20191001-csv/2897#110830383>		"sébtenbre"@fr	
"סינתיאַבּר"@jdt	<https://panlex.org/snapshot/panlex-20191001-csv/2897#110830596>				<https://panlex.org/snapshot/panlex-20191001-csv/2897#110830700>		"septembre"@fr	
"אִיוּן"@jdt	<https://panlex.org/snapshot/panlex-20191001-csv/2897#110829089>				<https://panlex.org/snapshot/panlex-20191001-csv/2897#110829464>		"juin"@fr	
"אִיוּן"@jdt	<https://panlex.org/snapshot/panlex-20191001-csv/2897#110829089>				<https://panlex.org/snapshot/panlex-20191001-csv/2897#110829371>		"jhén"@fr	
"אָכּתיאַבּר"@jdt	<https://panlex.org/snapshot/panlex-20191001-csv/2897#110830922>				<https://panlex.org/snapshot/panlex-20191001-csv/2897#110831020>		"octoubre"@fr	
"אָכּתיאַבּר"@jdt	<https://panlex.org/snapshot/panlex-20191001-csv/2897#110830922>				<https://panlex.org/snapshot/panlex-20191001-csv/2897#110830753>		"octobre"@fr	
"דיכּאַבּר"@jdt	<https://panlex.org/snapshot/panlex-20191001-csv/2897#110831725>				<https://panlex.org/snapshot/panlex-20191001-csv/2897#110831942>		"décembre"@fr	
"דיכּאַבּר"@jdt	<https://panlex.org/snapshot/panlex-20191001-csv/2897#110831725>				<https://panlex.org/snapshot/panlex-20191001-csv/2897#110831719>		"décenbre"@fr	
"פיבראַל"@jdt	<https://panlex.org/snapshot/panlex-20191001-csv/2897#110827695>				<https://panlex.org/snapshot/panlex-20191001-csv/2897#110827595>		"février"@fr	
"פיבראַל"@jdt	<https://panlex.org/snapshot/panlex-20191001-csv/2897#110827695>				<https://panlex.org/snapshot/panlex-20191001-csv/2897#110827760>		"fouvràe"@fr	
"מאַרת"@jdt	<https://panlex.org/snapshot/panlex-20191001-csv/2897#110827965>				<https://panlex.org/snapshot/panlex-20191001-csv/2897#110828096>		"mar"@fr	
"מאַרת"@jdt	<https://panlex.org/snapshot/panlex-20191001-csv/2897#110827965>				<https://panlex.org/snapshot/panlex-20191001-csv/2897#110828242>		"mars"@fr	
"מאַי"@jdt	<https://panlex.org/snapshot/panlex-20191001-csv/2897#110828841>				<https://panlex.org/snapshot/panlex-20191001-csv/2897#110828767>		"mae"@fr	
"מאַי"@jdt	<https://panlex.org/snapshot/panlex-20191001-csv/2897#110828841>				<https://panlex.org/snapshot/panlex-20191001-csv/2897#110828953>		"mai"@fr	
"אַבגוּסת"@jdt	<https://panlex.org/snapshot/panlex-20191001-csv/2897#110830045>				<https://panlex.org/snapshot/panlex-20191001-csv/2897#110830012>		"àut"@fr	
"אַבגוּסת"@jdt	<https://panlex.org/snapshot/panlex-20191001-csv/2897#110830045>				<https://panlex.org/snapshot/panlex-20191001-csv/2897#110830113>		"août"@fr	
