"kakup"@lbv	<https://panlex.org/snapshot/panlex-20191001-csv/114#8056960>				<https://panlex.org/snapshot/panlex-20191001-csv/114#8057194>		"kaiawo"@tnx	
"silom"@lbv	<https://panlex.org/snapshot/panlex-20191001-csv/114#8057964>				<https://panlex.org/snapshot/panlex-20191001-csv/114#8058208>		"vasendele"@tnx	
"ŋisa"@lbv	<https://panlex.org/snapshot/panlex-20191001-csv/114#8067278>				<https://panlex.org/snapshot/panlex-20191001-csv/114#8067542>		"vaŋginie kole"@tnx	
"gege"@lbv	<https://panlex.org/snapshot/panlex-20191001-csv/114#8053335>				<https://panlex.org/snapshot/panlex-20191001-csv/114#8053610>		"aŋgela-"@tnx	
"benan"@lbv	<https://panlex.org/snapshot/panlex-20191001-csv/114#8056478>				<https://panlex.org/snapshot/panlex-20191001-csv/114#8056729>		"vatukura"@tnx	
