"ndan"@lbv	<https://panlex.org/snapshot/panlex-20191001-csv/12#851012>				<https://panlex.org/snapshot/panlex-20191001-csv/12#851001>		"ayey"@kvr	
"kakup"@lbv	<https://panlex.org/snapshot/panlex-20191001-csv/114#8056960>				<https://panlex.org/snapshot/panlex-20191001-csv/114#8056949>		"dəbew"@kvr	
"kakup"@lbv	<https://panlex.org/snapshot/panlex-20191001-csv/114#8056960>				<https://panlex.org/snapshot/panlex-20191001-csv/114#8056950>		"dəbu"@kvr	
"silom"@lbv	<https://panlex.org/snapshot/panlex-20191001-csv/114#8057964>				<https://panlex.org/snapshot/panlex-20191001-csv/114#8057951>		"puŋgao"@kvr	
"silom"@lbv	<https://panlex.org/snapshot/panlex-20191001-csv/114#8057964>				<https://panlex.org/snapshot/panlex-20191001-csv/114#8057952>		"puŋgown"@kvr	
"ŋisa"@lbv	<https://panlex.org/snapshot/panlex-20191001-csv/114#8067278>				<https://panlex.org/snapshot/panlex-20191001-csv/114#8067268>		"gigoy"@kvr	
"ŋisa"@lbv	<https://panlex.org/snapshot/panlex-20191001-csv/114#8067278>				<https://panlex.org/snapshot/panlex-20191001-csv/114#8067267>		"gigi"@kvr	
"kagɪs"@lbv	<https://panlex.org/snapshot/panlex-20191001-csv/114#8055953>				<https://panlex.org/snapshot/panlex-20191001-csv/114#8055942>		"ba-rənuə"@kvr	
"kagɪs"@lbv	<https://panlex.org/snapshot/panlex-20191001-csv/114#8055953>				<https://panlex.org/snapshot/panlex-20191001-csv/114#8055941>		"ba-rənon"@kvr	
"sapuk"@lbv	<https://panlex.org/snapshot/panlex-20191001-csv/114#8055457>				<https://panlex.org/snapshot/panlex-20191001-csv/114#8055446>		"kilow"@kvr	
"sapuk"@lbv	<https://panlex.org/snapshot/panlex-20191001-csv/114#8055457>				<https://panlex.org/snapshot/panlex-20191001-csv/114#8055445>		"kilaoʔ"@kvr	
"gege"@lbv	<https://panlex.org/snapshot/panlex-20191001-csv/114#8053335>				<https://panlex.org/snapshot/panlex-20191001-csv/114#8053324>		"kakey"@kvr	
"gege"@lbv	<https://panlex.org/snapshot/panlex-20191001-csv/114#8053335>				<https://panlex.org/snapshot/panlex-20191001-csv/114#8053323>		"kakay"@kvr	
"guma"@lbv	<https://panlex.org/snapshot/panlex-20191001-csv/114#8051844>				<https://panlex.org/snapshot/panlex-20191001-csv/114#8051833>		"tana"@kvr	
"guma"@lbv	<https://panlex.org/snapshot/panlex-20191001-csv/114#8051844>				<https://panlex.org/snapshot/panlex-20191001-csv/114#8051834>		"tanan"@kvr	
"benan"@lbv	<https://panlex.org/snapshot/panlex-20191001-csv/114#8056478>				<https://panlex.org/snapshot/panlex-20191001-csv/114#8056466>		"kumaoh"@kvr	
