"kakup"@lbv	<https://panlex.org/snapshot/panlex-20191001-csv/114#8056960>				<https://panlex.org/snapshot/panlex-20191001-csv/114#8056825>		"qaliʼyabuk"@bkd	
"silom"@lbv	<https://panlex.org/snapshot/panlex-20191001-csv/114#8057964>				<https://panlex.org/snapshot/panlex-20191001-csv/114#8057806>		"taʼlikuʼdan"@bkd	
"ŋisa"@lbv	<https://panlex.org/snapshot/panlex-20191001-csv/114#8067278>				<https://panlex.org/snapshot/panlex-20191001-csv/114#8067100>		"ʼngipin"@bkd	
"kagɪs"@lbv	<https://panlex.org/snapshot/panlex-20191001-csv/114#8055953>				<https://panlex.org/snapshot/panlex-20191001-csv/114#8055796>		"ʼlanguy"@bkd	
"sapuk"@lbv	<https://panlex.org/snapshot/panlex-20191001-csv/114#8055457>				<https://panlex.org/snapshot/panlex-20191001-csv/114#8055302>		"ʼbiyu"@bkd	
"gege"@lbv	<https://panlex.org/snapshot/panlex-20191001-csv/114#8053335>				<https://panlex.org/snapshot/panlex-20191001-csv/114#8053158>		"ʼpaqa"@bkd	
"guma"@lbv	<https://panlex.org/snapshot/panlex-20191001-csv/114#8051844>				<https://panlex.org/snapshot/panlex-20191001-csv/114#8051668>		"qaʼlima"@bkd	
"benan"@lbv	<https://panlex.org/snapshot/panlex-20191001-csv/114#8056478>				<https://panlex.org/snapshot/panlex-20191001-csv/114#8056322>		"daʼqɨt"@bkd	
