"uwoi"@xmz	<https://panlex.org/snapshot/panlex-20191001-csv/12#851252>				<https://panlex.org/snapshot/panlex-20191001-csv/12#851245>		"wei"@wnk	
"rea"@xmz	<https://panlex.org/snapshot/panlex-20191001-csv/114#8063380>				<https://panlex.org/snapshot/panlex-20191001-csv/114#8063368>		"rá"@wnk	
"susu"@xmz	<https://panlex.org/snapshot/panlex-20191001-csv/114#8060866>				<https://panlex.org/snapshot/panlex-20191001-csv/114#8060855>		"huhu"@wnk	
"ulekompo"@xmz	<https://panlex.org/snapshot/panlex-20191001-csv/114#8059783>				<https://panlex.org/snapshot/panlex-20191001-csv/114#8059774>		"tanei"@wnk	
"merege"@xmz	<https://panlex.org/snapshot/panlex-20191001-csv/114#8056775>				<https://panlex.org/snapshot/panlex-20191001-csv/114#8056765>		"kamèting"@wnk	
"menaa"@xmz	<https://panlex.org/snapshot/panlex-20191001-csv/114#8066000>				<https://panlex.org/snapshot/panlex-20191001-csv/114#8065989>		"hangahu"@wnk	
"mekoana"@xmz	<https://panlex.org/snapshot/panlex-20191001-csv/114#8055739>				<https://panlex.org/snapshot/panlex-20191001-csv/114#8055727>		"heʼit"@wnk	
"s[um]owe"@xmz	<https://panlex.org/snapshot/panlex-20191001-csv/114#8056265>				<https://panlex.org/snapshot/panlex-20191001-csv/114#8056253>		"ngani"@wnk	
"eŋe"@xmz	<https://panlex.org/snapshot/panlex-20191001-csv/114#8065565>				<https://panlex.org/snapshot/panlex-20191001-csv/114#8065553>		"íru"@wnk	
"kuli"@xmz	<https://panlex.org/snapshot/panlex-20191001-csv/114#8057752>				<https://panlex.org/snapshot/panlex-20191001-csv/114#8057737>		"kalitu"@wnk	
"koana"@xmz	<https://panlex.org/snapshot/panlex-20191001-csv/114#8053098>				<https://panlex.org/snapshot/panlex-20191001-csv/114#8053088>		"lawana"@wnk	
"kompo"@xmz	<https://panlex.org/snapshot/panlex-20191001-csv/114#8058815>				<https://panlex.org/snapshot/panlex-20191001-csv/114#8058805>		"kabu"@wnk	
