"uwoi"@xmz	<https://panlex.org/snapshot/panlex-20191001-csv/12#851252>				<https://panlex.org/snapshot/panlex-20191001-csv/12#851062>		"vai"@mrq	
"rea"@xmz	<https://panlex.org/snapshot/panlex-20191001-csv/114#8063380>				<https://panlex.org/snapshot/panlex-20191001-csv/114#8063153>		"toto"@mrq	
"susu"@xmz	<https://panlex.org/snapshot/panlex-20191001-csv/114#8060866>				<https://panlex.org/snapshot/panlex-20191001-csv/114#8060613>		"u"@mrq	
"susu"@xmz	<https://panlex.org/snapshot/panlex-20191001-csv/114#8060866>				<https://panlex.org/snapshot/panlex-20191001-csv/114#8060612>		"kiʻi nene"@mrq	
"ulekompo"@xmz	<https://panlex.org/snapshot/panlex-20191001-csv/114#8059783>				<https://panlex.org/snapshot/panlex-20191001-csv/114#8059585>		"koekoe"@mrq	
"merege"@xmz	<https://panlex.org/snapshot/panlex-20191001-csv/114#8056775>				<https://panlex.org/snapshot/panlex-20191001-csv/114#8056546>		"hava"@mrq	
"merege"@xmz	<https://panlex.org/snapshot/panlex-20191001-csv/114#8056775>				<https://panlex.org/snapshot/panlex-20191001-csv/114#8056547>		"paàpaà"@mrq	
"menaa"@xmz	<https://panlex.org/snapshot/panlex-20191001-csv/114#8066000>				<https://panlex.org/snapshot/panlex-20191001-csv/114#8065811>		"ha"@mrq	
"menaa"@xmz	<https://panlex.org/snapshot/panlex-20191001-csv/114#8066000>				<https://panlex.org/snapshot/panlex-20191001-csv/114#8065812>		"menava"@mrq	
"mekoana"@xmz	<https://panlex.org/snapshot/panlex-20191001-csv/114#8055739>				<https://panlex.org/snapshot/panlex-20191001-csv/114#8055525>		"kavií"@mrq	
"s[um]owe"@xmz	<https://panlex.org/snapshot/panlex-20191001-csv/114#8056265>				<https://panlex.org/snapshot/panlex-20191001-csv/114#8056033>		"kau"@mrq	
"eŋe"@xmz	<https://panlex.org/snapshot/panlex-20191001-csv/114#8065565>				<https://panlex.org/snapshot/panlex-20191001-csv/114#8065331>		"ihu"@mrq	
"kuli"@xmz	<https://panlex.org/snapshot/panlex-20191001-csv/114#8057752>				<https://panlex.org/snapshot/panlex-20191001-csv/114#8057528>		"kiì"@mrq	
"koana"@xmz	<https://panlex.org/snapshot/panlex-20191001-csv/114#8053098>				<https://panlex.org/snapshot/panlex-20191001-csv/114#8052901>		"atamai"@mrq	
"koana"@xmz	<https://panlex.org/snapshot/panlex-20191001-csv/114#8053098>				<https://panlex.org/snapshot/panlex-20191001-csv/114#8052902>		"ʻima oko"@mrq	
"kompo"@xmz	<https://panlex.org/snapshot/panlex-20191001-csv/114#8058815>				<https://panlex.org/snapshot/panlex-20191001-csv/114#8058564>		"ʻopu"@mrq	
"kompo"@xmz	<https://panlex.org/snapshot/panlex-20191001-csv/114#8058815>				<https://panlex.org/snapshot/panlex-20191001-csv/114#8058563>		"kopu"@mrq	
"uwoi"@xmz	<https://panlex.org/snapshot/panlex-20191001-csv/11#787774>				<https://panlex.org/snapshot/panlex-20191001-csv/11#787663>		"vai"@mrq	
