"aeŋ"@mad	<https://panlex.org/snapshot/panlex-20191001-csv/12#851029>				<https://panlex.org/snapshot/panlex-20191001-csv/12#850895>		"'er"@dmr	
"eloŋ"@mad	<https://panlex.org/snapshot/panlex-20191001-csv/114#8065274>				<https://panlex.org/snapshot/panlex-20191001-csv/114#8065127>		"ʼnurmano"@dmr	
"a-jalan"@mad	<https://panlex.org/snapshot/panlex-20191001-csv/114#8053944>				<https://panlex.org/snapshot/panlex-20191001-csv/114#8053787>		"ṇʼlaʔat"@dmr	
"tolaŋ"@mad	<https://panlex.org/snapshot/panlex-20191001-csv/114#8059047>				<https://panlex.org/snapshot/panlex-20191001-csv/114#8058917>		"ruʼrino"@dmr	
"cethak"@mad	<https://panlex.org/snapshot/panlex-20191001-csv/114#8063639>				<https://panlex.org/snapshot/panlex-20191001-csv/114#8063498>		"ʼuluno"@dmr	
"soso"@mad	<https://panlex.org/snapshot/panlex-20191001-csv/114#8060550>				<https://panlex.org/snapshot/panlex-20191001-csv/114#8060397>		"ʼhuhuno"@dmr	
