"a-ñaba"@mad	<https://panlex.org/snapshot/panlex-20191001-csv/114#8065769>				<https://panlex.org/snapshot/panlex-20191001-csv/114#8065957>		"eiahaŋ"@tnk	
"takoʔ"@mad	<https://panlex.org/snapshot/panlex-20191001-csv/114#8062602>				<https://panlex.org/snapshot/panlex-20191001-csv/114#8062818>		"əhekər"@tnk	
"eloŋ"@mad	<https://panlex.org/snapshot/panlex-20191001-csv/114#8065274>				<https://panlex.org/snapshot/panlex-20191001-csv/114#8065509>		"nəpa|seŋi-"@tnk	
"balakaŋ"@mad	<https://panlex.org/snapshot/panlex-20191001-csv/114#8057986>				<https://panlex.org/snapshot/panlex-20191001-csv/114#8058205>		"taku|ta-"@tnk	
"a-jalan"@mad	<https://panlex.org/snapshot/panlex-20191001-csv/114#8053944>				<https://panlex.org/snapshot/panlex-20191001-csv/114#8054196>		"an"@tnk	
"kotor"@mad	<https://panlex.org/snapshot/panlex-20191001-csv/114#8056501>				<https://panlex.org/snapshot/panlex-20191001-csv/114#8056726>		"əmkermək"@tnk	
"abu"@mad	<https://panlex.org/snapshot/panlex-20191001-csv/114#8056980>				<https://panlex.org/snapshot/panlex-20191001-csv/114#8057191>		"nəmakwrur"@tnk	
"tolaŋ"@mad	<https://panlex.org/snapshot/panlex-20191001-csv/114#8059047>				<https://panlex.org/snapshot/panlex-20191001-csv/114#8059268>		"nəkakri-"@tnk	
"cethak"@mad	<https://panlex.org/snapshot/panlex-20191001-csv/114#8063639>				<https://panlex.org/snapshot/panlex-20191001-csv/114#8063875>		"kapwa"@tnk	
"soso"@mad	<https://panlex.org/snapshot/panlex-20191001-csv/114#8060550>				<https://panlex.org/snapshot/panlex-20191001-csv/114#8060805>		"nas"@tnk	
"soso"@mad	<https://panlex.org/snapshot/panlex-20191001-csv/114#8060550>				<https://panlex.org/snapshot/panlex-20191001-csv/114#8060804>		"nanhə-"@tnk	
