"la dada teren"@mmx	<https://panlex.org/snapshot/panlex-20191001-csv/114#8063143>				<https://panlex.org/snapshot/panlex-20191001-csv/114#8063193>		"lalana"@nrz	
"lagŋak teren"@mmx	<https://panlex.org/snapshot/panlex-20191001-csv/114#8051919>				<https://panlex.org/snapshot/panlex-20191001-csv/114#8051976>		"imana"@nrz	
"lagŋak teren"@mmx	<https://panlex.org/snapshot/panlex-20191001-csv/114#8051919>				<https://panlex.org/snapshot/panlex-20191001-csv/114#8051975>		"i mana"@nrz	
"i e sumak"@mmx	<https://panlex.org/snapshot/panlex-20191001-csv/114#8066269>				<https://panlex.org/snapshot/panlex-20191001-csv/114#8066321>		"ebonalala"@nrz	
"lebeln teren"@mmx	<https://panlex.org/snapshot/panlex-20191001-csv/114#8058552>				<https://panlex.org/snapshot/panlex-20191001-csv/114#8058610>		"boʼaina"@nrz	
"lengen"@mmx	<https://panlex.org/snapshot/panlex-20191001-csv/114#8051920>				<https://panlex.org/snapshot/panlex-20191001-csv/114#8051976>		"imana"@nrz	
"lengen"@mmx	<https://panlex.org/snapshot/panlex-20191001-csv/114#8051920>				<https://panlex.org/snapshot/panlex-20191001-csv/114#8051975>		"i mana"@nrz	
"i pas ode"@mmx	<https://panlex.org/snapshot/panlex-20191001-csv/114#8055018>				<https://panlex.org/snapshot/panlex-20191001-csv/114#8055068>		"eʼasi"@nrz	
"lu rus teren"@mmx	<https://panlex.org/snapshot/panlex-20191001-csv/114#8060601>				<https://panlex.org/snapshot/panlex-20191001-csv/114#8060653>		"pedena"@nrz	
"lu rus teren"@mmx	<https://panlex.org/snapshot/panlex-20191001-csv/114#8060601>				<https://panlex.org/snapshot/panlex-20191001-csv/114#8060652>		"baena"@nrz	
"lavat kambinim teren"@mmx	<https://panlex.org/snapshot/panlex-20191001-csv/114#8064757>				<https://panlex.org/snapshot/panlex-20191001-csv/114#8064810>		"vina"@nrz	
