"誰"@cmn	<https://panlex.org/snapshot/panlex-20191001-csv/3975#51734733>				<https://panlex.org/snapshot/panlex-20191001-csv/3975#51734717>		"aʰy"@aiw	
"來"@cmn	<https://panlex.org/snapshot/panlex-20191001-csv/3975#51722638>				<https://panlex.org/snapshot/panlex-20191001-csv/3975#51722617>		"aʰːd-"@aiw	
"手"@cmn	<https://panlex.org/snapshot/panlex-20191001-csv/3975#51725723>				<https://panlex.org/snapshot/panlex-20191001-csv/3975#51725708>		"ʔaːni"@aiw	
"頭髮"@cmn	<https://panlex.org/snapshot/panlex-20191001-csv/3975#51725571>				<https://panlex.org/snapshot/panlex-20191001-csv/3975#51725560>		"sicʼˈi"@aiw	
"血"@cmn	<https://panlex.org/snapshot/panlex-20191001-csv/3975#51721675>				<https://panlex.org/snapshot/panlex-20191001-csv/3975#51721660>		"qˈase"@aiw	
"一"@cmn	<https://panlex.org/snapshot/panlex-20191001-csv/3975#51729529>				<https://panlex.org/snapshot/panlex-20191001-csv/3975#51729513>		"wˈollaq"@aiw	
"胸"@cmn	<https://panlex.org/snapshot/panlex-20191001-csv/3975#51721960>				<https://panlex.org/snapshot/panlex-20191001-csv/3975#51721946>		"bˈuːdi"@aiw	
"你"@cmn	<https://panlex.org/snapshot/panlex-20191001-csv/3975#51733000>				<https://panlex.org/snapshot/panlex-20191001-csv/3975#51732985>		"aʰː"@aiw	
"樹"@cmn	<https://panlex.org/snapshot/panlex-20191001-csv/3975#51733447>				<https://panlex.org/snapshot/panlex-20191001-csv/3975#51733432>		"aʰːqˈe"@aiw	
"道路"@cmn	<https://panlex.org/snapshot/panlex-20191001-csv/3975#51730120>				<https://panlex.org/snapshot/panlex-20191001-csv/3975#51730105>		"goːgˈi"@aiw	
"知道"@cmn	<https://panlex.org/snapshot/panlex-20191001-csv/3975#51726942>				<https://panlex.org/snapshot/panlex-20191001-csv/3975#51726927>		"ʔes-"@aiw	
"遠"@cmn	<https://panlex.org/snapshot/panlex-20191001-csv/3975#51735182>				<https://panlex.org/snapshot/panlex-20191001-csv/3975#51735164>		"fegˈa"@aiw	
"短"@cmn	<https://panlex.org/snapshot/panlex-20191001-csv/3975#51735710>				<https://panlex.org/snapshot/panlex-20191001-csv/3975#51735696>		"cʼeːdˈi"@aiw	
"舌頭"@cmn	<https://panlex.org/snapshot/panlex-20191001-csv/3975#51733145>				<https://panlex.org/snapshot/panlex-20191001-csv/3975#51733130>		"adim"@aiw	
"黑"@cmn	<https://panlex.org/snapshot/panlex-20191001-csv/3975#51721535>				<https://panlex.org/snapshot/panlex-20191001-csv/3975#51721520>		"čʼel-mˈi"@aiw	
"鼻子"@cmn	<https://panlex.org/snapshot/panlex-20191001-csv/3975#51729202>				<https://panlex.org/snapshot/panlex-20191001-csv/3975#51729188>		"nˈuki"@aiw	
"土"@cmn	<https://panlex.org/snapshot/panlex-20191001-csv/3975#51723581>				<https://panlex.org/snapshot/panlex-20191001-csv/3975#51723565>		"fečʼˈe"@aiw	
"葉子"@cmn	<https://panlex.org/snapshot/panlex-20191001-csv/3975#51727079>				<https://panlex.org/snapshot/panlex-20191001-csv/3975#51727064>		"qalʔˈe"@aiw	
"火"@cmn	<https://panlex.org/snapshot/panlex-20191001-csv/3975#51724460>				<https://panlex.org/snapshot/panlex-20191001-csv/3975#51724442>		"nohˈa"@aiw	
"火"@cmn	<https://panlex.org/snapshot/panlex-20191001-csv/3975#51724460>				<https://panlex.org/snapshot/panlex-20191001-csv/3975#51724444>		"noʰː"@aiw	
"火"@cmn	<https://panlex.org/snapshot/panlex-20191001-csv/3975#51724460>				<https://panlex.org/snapshot/panlex-20191001-csv/3975#51724443>		"noʰ"@aiw	
"站"@cmn	<https://panlex.org/snapshot/panlex-20191001-csv/3975#51731839>				<https://panlex.org/snapshot/panlex-20191001-csv/3975#51731824>		"woʔ-"@aiw	
"肝"@cmn	<https://panlex.org/snapshot/panlex-20191001-csv/3975#51727374>				<https://panlex.org/snapshot/panlex-20191001-csv/3975#51727360>		"tirˈa"@aiw	
"耳朵"@cmn	<https://panlex.org/snapshot/panlex-20191001-csv/3975#51723433>				<https://panlex.org/snapshot/panlex-20191001-csv/3975#51723419>		"qaːm-"@aiw	
"石頭"@cmn	<https://panlex.org/snapshot/panlex-20191001-csv/3975#51732128>				<https://panlex.org/snapshot/panlex-20191001-csv/3975#51732114>		"seːn-"@aiw	
"白"@cmn	<https://panlex.org/snapshot/panlex-20191001-csv/3975#51734607>				<https://panlex.org/snapshot/panlex-20191001-csv/3975#51734593>		"cʼaː-mi"@aiw	
"燒"@cmn	<https://panlex.org/snapshot/panlex-20191001-csv/3975#51722097>				<https://panlex.org/snapshot/panlex-20191001-csv/3975#51722081>		"ʔac-"@aiw	
"說"@cmn	<https://panlex.org/snapshot/panlex-20191001-csv/3975#51730622>				<https://panlex.org/snapshot/panlex-20191001-csv/3975#51730605>		"gay-"@aiw	
"男人"@cmn	<https://panlex.org/snapshot/panlex-20191001-csv/3975#51727773>				<https://panlex.org/snapshot/panlex-20191001-csv/3975#51727757>		"ʔaŋ"@aiw	
"根"@cmn	<https://panlex.org/snapshot/panlex-20191001-csv/3975#51730263>				<https://panlex.org/snapshot/panlex-20191001-csv/3975#51730249>		"čʼaːčʼ-"@aiw	
"都"@cmn	<https://panlex.org/snapshot/panlex-20191001-csv/3975#51720575>				<https://panlex.org/snapshot/panlex-20191001-csv/3975#51720561>		"muːda"@aiw	
"殺死"@cmn	<https://panlex.org/snapshot/panlex-20191001-csv/3975#51726655>				<https://panlex.org/snapshot/panlex-20191001-csv/3975#51726641>		"deʰːs-"@aiw	
"殺死"@cmn	<https://panlex.org/snapshot/panlex-20191001-csv/3975#51726655>				<https://panlex.org/snapshot/panlex-20191001-csv/3975#51726640>		"deʰs-"@aiw	
"聽見"@cmn	<https://panlex.org/snapshot/panlex-20191001-csv/3975#51726028>				<https://panlex.org/snapshot/panlex-20191001-csv/3975#51726013>		"wur-"@aiw	
"去"@cmn	<https://panlex.org/snapshot/panlex-20191001-csv/3975#51733764>				<https://panlex.org/snapshot/panlex-20191001-csv/3975#51733746>		"kay-"@aiw	
"腳"@cmn	<https://panlex.org/snapshot/panlex-20191001-csv/3975#51724887>				<https://panlex.org/snapshot/panlex-20191001-csv/3975#51724871>		"dˈuːti"@aiw	
"乾"@cmn	<https://panlex.org/snapshot/panlex-20191001-csv/3975#51723296>				<https://panlex.org/snapshot/panlex-20191001-csv/3975#51723281>		"woč-"@aiw	
"那"@cmn	<https://panlex.org/snapshot/panlex-20191001-csv/3975#51732696>				<https://panlex.org/snapshot/panlex-20191001-csv/3975#51732680>		"koːnˈa"@aiw	
"那"@cmn	<https://panlex.org/snapshot/panlex-20191001-csv/3975#51732696>				<https://panlex.org/snapshot/panlex-20191001-csv/3975#51732679>		"koːnˈe"@aiw	
"大"@cmn	<https://panlex.org/snapshot/panlex-20191001-csv/3975#51721114>				<https://panlex.org/snapshot/panlex-20191001-csv/3975#51721100>		"ɗecʼ-"@aiw	
"兩"@cmn	<https://panlex.org/snapshot/panlex-20191001-csv/3975#51733599>				<https://panlex.org/snapshot/panlex-20191001-csv/3975#51733584>		"qastˈen"@aiw	
"兩"@cmn	<https://panlex.org/snapshot/panlex-20191001-csv/3975#51733599>				<https://panlex.org/snapshot/panlex-20191001-csv/3975#51733583>		"qaskˈen"@aiw	
"肚子"@cmn	<https://panlex.org/snapshot/panlex-20191001-csv/3975#51720979>				<https://panlex.org/snapshot/panlex-20191001-csv/3975#51720964>		"nortˈi"@aiw	
"名字"@cmn	<https://panlex.org/snapshot/panlex-20191001-csv/3975#51728635>				<https://panlex.org/snapshot/panlex-20191001-csv/3975#51728621>		"naːmˈi"@aiw	
"角"@cmn	<https://panlex.org/snapshot/panlex-20191001-csv/3975#51726323>				<https://panlex.org/snapshot/panlex-20191001-csv/3975#51726312>		"šˈoqa"@aiw	
"熱"@cmn	<https://panlex.org/snapshot/panlex-20191001-csv/3975#51733945>				<https://panlex.org/snapshot/panlex-20191001-csv/3975#51733928>		"ʔoyɗ-mˈí"@aiw	
"小"@cmn	<https://panlex.org/snapshot/panlex-20191001-csv/3975#51731551>				<https://panlex.org/snapshot/panlex-20191001-csv/3975#51731535>		"tok-mˈi"@aiw	
"皮膚"@cmn	<https://panlex.org/snapshot/panlex-20191001-csv/3975#51731242>				<https://panlex.org/snapshot/panlex-20191001-csv/3975#51731230>		"guftˈa"@aiw	
"皮膚"@cmn	<https://panlex.org/snapshot/panlex-20191001-csv/3975#51731242>				<https://panlex.org/snapshot/panlex-20191001-csv/3975#51731231>		"gutˈa"@aiw	
"鳥"@cmn	<https://panlex.org/snapshot/panlex-20191001-csv/3975#51721254>				<https://panlex.org/snapshot/panlex-20191001-csv/3975#51721240>		"afti"@aiw	
"樹皮"@cmn	<https://panlex.org/snapshot/panlex-20191001-csv/3975#51720851>				<https://panlex.org/snapshot/panlex-20191001-csv/3975#51720838>		"ɗaki"@aiw	
"山"@cmn	<https://panlex.org/snapshot/panlex-20191001-csv/3975#51728363>				<https://panlex.org/snapshot/panlex-20191001-csv/3975#51728349>		"balˈa"@aiw	
"水"@cmn	<https://panlex.org/snapshot/panlex-20191001-csv/3975#51734073>				<https://panlex.org/snapshot/panlex-20191001-csv/3975#51734057>		"noqˈa"@aiw	
"多"@cmn	<https://panlex.org/snapshot/panlex-20191001-csv/3975#51727926>				<https://panlex.org/snapshot/panlex-20191001-csv/3975#51727907>		"bed-mˈi"@aiw	
"好"@cmn	<https://panlex.org/snapshot/panlex-20191001-csv/3975#51725312>				<https://panlex.org/snapshot/panlex-20191001-csv/3975#51725297>		"laqa-mˈi"@aiw	
"好"@cmn	<https://panlex.org/snapshot/panlex-20191001-csv/3975#51725312>				<https://panlex.org/snapshot/panlex-20191001-csv/3975#51725298>		"laq-mˈi"@aiw	
"滿"@cmn	<https://panlex.org/snapshot/panlex-20191001-csv/3975#51725032>				<https://panlex.org/snapshot/panlex-20191001-csv/3975#51725018>		"cʼoːcʼ-ˈi"@aiw	
"牙"@cmn	<https://panlex.org/snapshot/panlex-20191001-csv/3975#51733299>				<https://panlex.org/snapshot/panlex-20191001-csv/3975#51733282>		"ʔˈaci"@aiw	
"長"@cmn	<https://panlex.org/snapshot/panlex-20191001-csv/3975#51727519>				<https://panlex.org/snapshot/panlex-20191001-csv/3975#51727500>		"roːʰt-"@aiw	
"喫"@cmn	<https://panlex.org/snapshot/panlex-20191001-csv/3975#51723730>				<https://panlex.org/snapshot/panlex-20191001-csv/3975#51723714>		"ʔic-"@aiw	
"不"@cmn	<https://panlex.org/snapshot/panlex-20191001-csv/3975#51729362>				<https://panlex.org/snapshot/panlex-20191001-csv/3975#51729345>		"-ay"@aiw	
"重"@cmn	<https://panlex.org/snapshot/panlex-20191001-csv/3975#51735310>				<https://panlex.org/snapshot/panlex-20191001-csv/3975#51735293>		"deːcʼ-mˈi"@aiw	
"坐"@cmn	<https://panlex.org/snapshot/panlex-20191001-csv/3975#51731076>				<https://panlex.org/snapshot/panlex-20191001-csv/3975#51731058>		"doq-"@aiw	
"紅"@cmn	<https://panlex.org/snapshot/panlex-20191001-csv/3975#51729980>				<https://panlex.org/snapshot/panlex-20191001-csv/3975#51729966>		"zey-mˈi"@aiw	
"心臟"@cmn	<https://panlex.org/snapshot/panlex-20191001-csv/3975#51726182>				<https://panlex.org/snapshot/panlex-20191001-csv/3975#51726169>		"bˈuːdi"@aiw	
"死"@cmn	<https://panlex.org/snapshot/panlex-20191001-csv/3975#51722821>				<https://panlex.org/snapshot/panlex-20191001-csv/3975#51722804>		"deʔ-"@aiw	
"頭"@cmn	<https://panlex.org/snapshot/panlex-20191001-csv/3975#51725875>				<https://panlex.org/snapshot/panlex-20191001-csv/3975#51725856>		"matˈa"@aiw	
"雨"@cmn	<https://panlex.org/snapshot/panlex-20191001-csv/3975#51729842>				<https://panlex.org/snapshot/panlex-20191001-csv/3975#51729828>		"doːbi"@aiw	
"鹽"@cmn	<https://panlex.org/snapshot/panlex-20191001-csv/3975#51735577>				<https://panlex.org/snapshot/panlex-20191001-csv/3975#51735564>		"soːq"@aiw	
"狗"@cmn	<https://panlex.org/snapshot/panlex-20191001-csv/3975#51722976>				<https://panlex.org/snapshot/panlex-20191001-csv/3975#51722962>		"ʔˈaksi"@aiw	
"魚"@cmn	<https://panlex.org/snapshot/panlex-20191001-csv/3975#51724615>				<https://panlex.org/snapshot/panlex-20191001-csv/3975#51724601>		"toylˈa"@aiw	
"嘴"@cmn	<https://panlex.org/snapshot/panlex-20191001-csv/3975#51728482>				<https://panlex.org/snapshot/panlex-20191001-csv/3975#51728466>		"ʔafˈa"@aiw	
"躺"@cmn	<https://panlex.org/snapshot/panlex-20191001-csv/3975#51727226>				<https://panlex.org/snapshot/panlex-20191001-csv/3975#51727209>		"raʰːt-"@aiw	
"蛇"@cmn	<https://panlex.org/snapshot/panlex-20191001-csv/3975#51735842>				<https://panlex.org/snapshot/panlex-20191001-csv/3975#51735829>		"gunˈi"@aiw	
"月亮"@cmn	<https://panlex.org/snapshot/panlex-20191001-csv/3975#51728223>				<https://panlex.org/snapshot/panlex-20191001-csv/3975#51728208>		"ʔˈarfi"@aiw	
"人"@cmn	<https://panlex.org/snapshot/panlex-20191001-csv/3975#51729688>				<https://panlex.org/snapshot/panlex-20191001-csv/3975#51729671>		"ʔeːd"@aiw	
"喝"@cmn	<https://panlex.org/snapshot/panlex-20191001-csv/3975#51723133>				<https://panlex.org/snapshot/panlex-20191001-csv/3975#51723117>		"wočʼ-"@aiw	
"新"@cmn	<https://panlex.org/snapshot/panlex-20191001-csv/3975#51728916>				<https://panlex.org/snapshot/panlex-20191001-csv/3975#51728900>		"kill-ˈa"@aiw	
"眼睛"@cmn	<https://panlex.org/snapshot/panlex-20191001-csv/3975#51724034>				<https://panlex.org/snapshot/panlex-20191001-csv/3975#51724017>		"ʔˈaːfi"@aiw	
"飛"@cmn	<https://panlex.org/snapshot/panlex-20191001-csv/3975#51724756>				<https://panlex.org/snapshot/panlex-20191001-csv/3975#51724740>		"aʰz-"@aiw	
"太陽"@cmn	<https://panlex.org/snapshot/panlex-20191001-csv/3975#51732263>				<https://panlex.org/snapshot/panlex-20191001-csv/3975#51732248>		"ay"@aiw	
"雲"@cmn	<https://panlex.org/snapshot/panlex-20191001-csv/3975#51722376>				<https://panlex.org/snapshot/panlex-20191001-csv/3975#51722362>		"liːl-a"@aiw	
"近"@cmn	<https://panlex.org/snapshot/panlex-20191001-csv/3975#51735437>				<https://panlex.org/snapshot/panlex-20191001-csv/3975#51735419>		"ʔucc-ˈa"@aiw	
"我"@cmn	<https://panlex.org/snapshot/panlex-20191001-csv/3975#51726460>				<https://panlex.org/snapshot/panlex-20191001-csv/3975#51726441>		"ʔi"@aiw	
"這"@cmn	<https://panlex.org/snapshot/panlex-20191001-csv/3975#51732854>				<https://panlex.org/snapshot/panlex-20191001-csv/3975#51732837>		"koːnˈa"@aiw	
"這"@cmn	<https://panlex.org/snapshot/panlex-20191001-csv/3975#51732854>				<https://panlex.org/snapshot/panlex-20191001-csv/3975#51732836>		"koːnˈe"@aiw	
"風"@cmn	<https://panlex.org/snapshot/panlex-20191001-csv/3975#51736123>				<https://panlex.org/snapshot/panlex-20191001-csv/3975#51736107>		"qaʰž-ˈi"@aiw	
"吃"@cmn	<https://panlex.org/snapshot/panlex-20191001-csv/3975#51723731>				<https://panlex.org/snapshot/panlex-20191001-csv/3975#51723714>		"ʔic-"@aiw	
"睡"@cmn	<https://panlex.org/snapshot/panlex-20191001-csv/3975#51731396>				<https://panlex.org/snapshot/panlex-20191001-csv/3975#51731379>		"rat-"@aiw	
"煙"@cmn	<https://panlex.org/snapshot/panlex-20191001-csv/3975#51731694>				<https://panlex.org/snapshot/panlex-20191001-csv/3975#51731679>		"čʼub-"@aiw	
"見"@cmn	<https://panlex.org/snapshot/panlex-20191001-csv/3975#51730786>				<https://panlex.org/snapshot/panlex-20191001-csv/3975#51730771>		"šed-"@aiw	
"虱子"@cmn	<https://panlex.org/snapshot/panlex-20191001-csv/3975#51727643>				<https://panlex.org/snapshot/panlex-20191001-csv/3975#51727631>		"qasˈa"@aiw	
"尾巴"@cmn	<https://panlex.org/snapshot/panlex-20191001-csv/3975#51732546>				<https://panlex.org/snapshot/panlex-20191001-csv/3975#51732531>		"goyr-ˈiy"@aiw	
"沙"@cmn	<https://panlex.org/snapshot/panlex-20191001-csv/3975#51730486>				<https://panlex.org/snapshot/panlex-20191001-csv/3975#51730471>		"šami"@aiw	
"夜"@cmn	<https://panlex.org/snapshot/panlex-20191001-csv/3975#51729049>				<https://panlex.org/snapshot/panlex-20191001-csv/3975#51729030>		"soici"@aiw	
"夜"@cmn	<https://panlex.org/snapshot/panlex-20191001-csv/3975#51729049>				<https://panlex.org/snapshot/panlex-20191001-csv/3975#51729029>		"soiti"@aiw	
"年"@cmn	<https://panlex.org/snapshot/panlex-20191001-csv/3975#51736374>				<https://panlex.org/snapshot/panlex-20191001-csv/3975#51736359>		"bon"@aiw	
"肉"@cmn	<https://panlex.org/snapshot/panlex-20191001-csv/3975#51728067>				<https://panlex.org/snapshot/panlex-20191001-csv/3975#51728051>		"wahˈa"@aiw	
"骨頭"@cmn	<https://panlex.org/snapshot/panlex-20191001-csv/3975#51721826>				<https://panlex.org/snapshot/panlex-20191001-csv/3975#51721810>		"lefi"@aiw	
"冷"@cmn	<https://panlex.org/snapshot/panlex-20191001-csv/3975#51722495>				<https://panlex.org/snapshot/panlex-20191001-csv/3975#51722479>		"qaʰž-ˈi"@aiw	
"我們"@cmn	<https://panlex.org/snapshot/panlex-20191001-csv/3975#51734234>				<https://panlex.org/snapshot/panlex-20191001-csv/3975#51734214>		"woʰ"@aiw	
"我們"@cmn	<https://panlex.org/snapshot/panlex-20191001-csv/3975#51734234>				<https://panlex.org/snapshot/panlex-20191001-csv/3975#51734215>		"woʰː"@aiw	
"脖子"@cmn	<https://panlex.org/snapshot/panlex-20191001-csv/3975#51728777>				<https://panlex.org/snapshot/panlex-20191001-csv/3975#51728763>		"qadˈa"@aiw	
"星"@cmn	<https://panlex.org/snapshot/panlex-20191001-csv/3975#51731974>				<https://panlex.org/snapshot/panlex-20191001-csv/3975#51731959>		"manka"@aiw	
"什麼"@cmn	<https://panlex.org/snapshot/panlex-20191001-csv/3975#51734455>				<https://panlex.org/snapshot/panlex-20191001-csv/3975#51734438>		"aʰ-rˈe"@aiw	
"咬"@cmn	<https://panlex.org/snapshot/panlex-20191001-csv/3975#51721396>				<https://panlex.org/snapshot/panlex-20191001-csv/3975#51721382>		"gaʔ-"@aiw	
"雞蛋"@cmn	<https://panlex.org/snapshot/panlex-20191001-csv/3975#51723900>				<https://panlex.org/snapshot/panlex-20191001-csv/3975#51723885>		"muqˈa"@aiw	
"給"@cmn	<https://panlex.org/snapshot/panlex-20191001-csv/3975#51725153>				<https://panlex.org/snapshot/panlex-20191001-csv/3975#51725134>		"ʔim-"@aiw	
"女人"@cmn	<https://panlex.org/snapshot/panlex-20191001-csv/3975#51734888>				<https://panlex.org/snapshot/panlex-20191001-csv/3975#51734868>		"maʰ"@aiw	
"灰"@cmn	<https://panlex.org/snapshot/panlex-20191001-csv/3975#51720717>				<https://panlex.org/snapshot/panlex-20191001-csv/3975#51720703>		"bind-"@aiw	
"游泳"@cmn	<https://panlex.org/snapshot/panlex-20191001-csv/3975#51732426>				<https://panlex.org/snapshot/panlex-20191001-csv/3975#51732410>		"waːrr-i"@aiw	
"膝蓋"@cmn	<https://panlex.org/snapshot/panlex-20191001-csv/3975#51726800>				<https://panlex.org/snapshot/panlex-20191001-csv/3975#51726784>		"gulbˈe"@aiw	
