"ኦገስት"@tig	<https://panlex.org/snapshot/panlex-20191001-csv/5949#85329522>				<https://panlex.org/snapshot/panlex-20191001-csv/5949#85329371>		"Agosto"@ilo	
"ኣረርባዓ"@tig	<https://panlex.org/snapshot/panlex-20191001-csv/2892#110824856>				<https://panlex.org/snapshot/panlex-20191001-csv/2892#110824955>		"Miercoles"@ilo	
"ጅምዓት"@tig	<https://panlex.org/snapshot/panlex-20191001-csv/2892#110825719>				<https://panlex.org/snapshot/panlex-20191001-csv/2892#110825998>		"Viernes"@ilo	
"ሰንበት ንኢሽ"@tig	<https://panlex.org/snapshot/panlex-20191001-csv/2892#110826484>				<https://panlex.org/snapshot/panlex-20191001-csv/2892#110826430>		"Sabado"@ilo	
"ሰንበት ዓባይ"@tig	<https://panlex.org/snapshot/panlex-20191001-csv/2892#110826664>				<https://panlex.org/snapshot/panlex-20191001-csv/2892#110827034>		"Domingo"@ilo	
"ሰኖ"@tig	<https://panlex.org/snapshot/panlex-20191001-csv/2892#110824341>				<https://panlex.org/snapshot/panlex-20191001-csv/2892#110824173>		"Lunes"@ilo	
"ታላሸኖ"@tig	<https://panlex.org/snapshot/panlex-20191001-csv/2892#110824824>				<https://panlex.org/snapshot/panlex-20191001-csv/2892#110824846>		"Martes"@ilo	
"ከሚሽ"@tig	<https://panlex.org/snapshot/panlex-20191001-csv/2892#110825511>				<https://panlex.org/snapshot/panlex-20191001-csv/2892#110825294>		"Jueves"@ilo	
"ሴፕቴምበር"@tig	<https://panlex.org/snapshot/panlex-20191001-csv/2897#110830507>				<https://panlex.org/snapshot/panlex-20191001-csv/2897#110830520>		"Setiembre"@ilo	
"ኤፕረል"@tig	<https://panlex.org/snapshot/panlex-20191001-csv/2897#110828385>				<https://panlex.org/snapshot/panlex-20191001-csv/2897#110828601>		"Abril"@ilo	
"ኦክተውበር"@tig	<https://panlex.org/snapshot/panlex-20191001-csv/2897#110830987>				<https://panlex.org/snapshot/panlex-20191001-csv/2897#110831055>		"Octobre"@ilo	
"ጁላይ"@tig	<https://panlex.org/snapshot/panlex-20191001-csv/2897#110829775>				<https://panlex.org/snapshot/panlex-20191001-csv/2897#110829844>		"Julio"@ilo	
"ኦገስት"@tig	<https://panlex.org/snapshot/panlex-20191001-csv/2897#110830215>				<https://panlex.org/snapshot/panlex-20191001-csv/2897#110830219>		"Agosto"@ilo	
"ፌብሩወሪ"@tig	<https://panlex.org/snapshot/panlex-20191001-csv/2897#110827657>				<https://panlex.org/snapshot/panlex-20191001-csv/2897#110827792>		"Febrero"@ilo	
"ጁን"@tig	<https://panlex.org/snapshot/panlex-20191001-csv/2897#110829380>				<https://panlex.org/snapshot/panlex-20191001-csv/2897#110829224>		"Junio"@ilo	
"ኖቬምበር"@tig	<https://panlex.org/snapshot/panlex-20191001-csv/2897#110831207>				<https://panlex.org/snapshot/panlex-20191001-csv/2897#110831184>		"Noviembre"@ilo	
"ጃንዩወሪ"@tig	<https://panlex.org/snapshot/panlex-20191001-csv/2897#110827362>				<https://panlex.org/snapshot/panlex-20191001-csv/2897#110827106>		"Enero"@ilo	
"ዲሴምበር"@tig	<https://panlex.org/snapshot/panlex-20191001-csv/2897#110831607>				<https://panlex.org/snapshot/panlex-20191001-csv/2897#110831685>		"Disiembre"@ilo	
"ሜይ"@tig	<https://panlex.org/snapshot/panlex-20191001-csv/2897#110828755>				<https://panlex.org/snapshot/panlex-20191001-csv/2897#110828899>		"Mayo"@ilo	
"ማርች"@tig	<https://panlex.org/snapshot/panlex-20191001-csv/2897#110828136>				<https://panlex.org/snapshot/panlex-20191001-csv/2897#110828101>		"Marso"@ilo	
