"mbesi"@vrs	<https://panlex.org/snapshot/panlex-20191001-csv/12#851237>				<https://panlex.org/snapshot/panlex-20191001-csv/12#850823>		"wir"@agf	
"kapɔtɔ-"@vrs	<https://panlex.org/snapshot/panlex-20191001-csv/114#8057728>				<https://panlex.org/snapshot/panlex-20191001-csv/114#8057246>		"urut"@agf	
"marapuɤo"@vrs	<https://panlex.org/snapshot/panlex-20191001-csv/114#8065979>				<https://panlex.org/snapshot/panlex-20191001-csv/114#8065581>		"binapes"@agf	
"iŋɔrɔ-"@vrs	<https://panlex.org/snapshot/panlex-20191001-csv/114#8065544>				<https://panlex.org/snapshot/panlex-20191001-csv/114#8065037>		"asigo-"@agf	
"kakamu-"@vrs	<https://panlex.org/snapshot/panlex-20191001-csv/114#8058232>				<https://panlex.org/snapshot/panlex-20191001-csv/114#8057769>		"[i]umbasi"@agf	
"karisi -"@vrs	<https://panlex.org/snapshot/panlex-20191001-csv/114#8052153>				<https://panlex.org/snapshot/panlex-20191001-csv/114#8051625>		"ruma-"@agf	
"rɔve"@vrs	<https://panlex.org/snapshot/panlex-20191001-csv/114#8061875>				<https://panlex.org/snapshot/panlex-20191001-csv/114#8061348>		"garuʔu"@agf	
"pɔŋɔ"@vrs	<https://panlex.org/snapshot/panlex-20191001-csv/114#8056754>				<https://panlex.org/snapshot/panlex-20191001-csv/114#8056279>		"koturo"@agf	
"kuamba-"@vrs	<https://panlex.org/snapshot/panlex-20191001-csv/114#8059765>				<https://panlex.org/snapshot/panlex-20191001-csv/114#8059336>		"sige-g umbum"@agf	
"kalamea-"@vrs	<https://panlex.org/snapshot/panlex-20191001-csv/114#8068086>				<https://panlex.org/snapshot/panlex-20191001-csv/114#8067609>		"ater"@agf	
"ɤɔeneɤɔene"@vrs	<https://panlex.org/snapshot/panlex-20191001-csv/114#8054228>				<https://panlex.org/snapshot/panlex-20191001-csv/114#8053683>		"-ra"@agf	
"mbaru"@vrs	<https://panlex.org/snapshot/panlex-20191001-csv/114#8056243>				<https://panlex.org/snapshot/panlex-20191001-csv/114#8055753>		"-rur"@agf	
"matau-na"@vrs	<https://panlex.org/snapshot/panlex-20191001-csv/114#8053080>				<https://panlex.org/snapshot/panlex-20191001-csv/114#8052659>		"pararare"@agf	
