"mbesi"@vrs	<https://panlex.org/snapshot/panlex-20191001-csv/12#851237>				<https://panlex.org/snapshot/panlex-20191001-csv/12#851143>		"tina"@sij	
"kapɔtɔ-"@vrs	<https://panlex.org/snapshot/panlex-20191001-csv/114#8057728>				<https://panlex.org/snapshot/panlex-20191001-csv/114#8057624>		"usi"@sij	
"kapɔtɔ-"@vrs	<https://panlex.org/snapshot/panlex-20191001-csv/114#8057728>				<https://panlex.org/snapshot/panlex-20191001-csv/114#8057623>		"bolo"@sij	
"marapuɤo"@vrs	<https://panlex.org/snapshot/panlex-20191001-csv/114#8065979>				<https://panlex.org/snapshot/panlex-20191001-csv/114#8065900>		"-you yagawa"@sij	
"marapuɤo"@vrs	<https://panlex.org/snapshot/panlex-20191001-csv/114#8065979>				<https://panlex.org/snapshot/panlex-20191001-csv/114#8065899>		"-so yagawa"@sij	
"iŋɔrɔ-"@vrs	<https://panlex.org/snapshot/panlex-20191001-csv/114#8065544>				<https://panlex.org/snapshot/panlex-20191001-csv/114#8065430>		"nisinowa"@sij	
"kakamu-"@vrs	<https://panlex.org/snapshot/panlex-20191001-csv/114#8058232>				<https://panlex.org/snapshot/panlex-20191001-csv/114#8058130>		"dumakai"@sij	
"karisi -"@vrs	<https://panlex.org/snapshot/panlex-20191001-csv/114#8052153>				<https://panlex.org/snapshot/panlex-20191001-csv/114#8052038>		"nima"@sij	
"rɔve"@vrs	<https://panlex.org/snapshot/panlex-20191001-csv/114#8061875>				<https://panlex.org/snapshot/panlex-20191001-csv/114#8061765>		"-yale"@sij	
"pɔŋɔ"@vrs	<https://panlex.org/snapshot/panlex-20191001-csv/114#8056754>				<https://panlex.org/snapshot/panlex-20191001-csv/114#8056649>		"kele"@sij	
"kuamba-"@vrs	<https://panlex.org/snapshot/panlex-20191001-csv/114#8059765>				<https://panlex.org/snapshot/panlex-20191001-csv/114#8059680>		"tae[lalo]"@sij	
"kalamea-"@vrs	<https://panlex.org/snapshot/panlex-20191001-csv/114#8068086>				<https://panlex.org/snapshot/panlex-20191001-csv/114#8067980>		"amala"@sij	
"ɤɔeneɤɔene"@vrs	<https://panlex.org/snapshot/panlex-20191001-csv/114#8054228>				<https://panlex.org/snapshot/panlex-20191001-csv/114#8054112>		"-pa-andalowa"@sij	
"mbaru"@vrs	<https://panlex.org/snapshot/panlex-20191001-csv/114#8056243>				<https://panlex.org/snapshot/panlex-20191001-csv/114#8056139>		"-kota tina"@sij	
"mbaru"@vrs	<https://panlex.org/snapshot/panlex-20191001-csv/114#8056243>				<https://panlex.org/snapshot/panlex-20191001-csv/114#8056138>		"-kota tai"@sij	
"mbaru"@vrs	<https://panlex.org/snapshot/panlex-20191001-csv/114#8056243>				<https://panlex.org/snapshot/panlex-20191001-csv/114#8056140>		"-yuma"@sij	
"matau-na"@vrs	<https://panlex.org/snapshot/panlex-20191001-csv/114#8053080>				<https://panlex.org/snapshot/panlex-20191001-csv/114#8052990>		"ano"@sij	
