"mbesi"@vrs	<https://panlex.org/snapshot/panlex-20191001-csv/12#851237>				<https://panlex.org/snapshot/panlex-20191001-csv/12#851038>		"yun"@mbq	
"kapɔtɔ-"@vrs	<https://panlex.org/snapshot/panlex-20191001-csv/114#8057728>				<https://panlex.org/snapshot/panlex-20191001-csv/114#8057492>		"funa"@mbq	
"kapɔtɔ-"@vrs	<https://panlex.org/snapshot/panlex-20191001-csv/114#8057728>				<https://panlex.org/snapshot/panlex-20191001-csv/114#8057491>		"andor"@mbq	
"marapuɤo"@vrs	<https://panlex.org/snapshot/panlex-20191001-csv/114#8065979>				<https://panlex.org/snapshot/panlex-20191001-csv/114#8065779>		"yan kokko"@mbq	
"iŋɔrɔ-"@vrs	<https://panlex.org/snapshot/panlex-20191001-csv/114#8065544>				<https://panlex.org/snapshot/panlex-20191001-csv/114#8065294>		"gugu tii"@mbq	
"iŋɔrɔ-"@vrs	<https://panlex.org/snapshot/panlex-20191001-csv/114#8065544>				<https://panlex.org/snapshot/panlex-20191001-csv/114#8065295>		"isu"@mbq	
"karisi -"@vrs	<https://panlex.org/snapshot/panlex-20191001-csv/114#8052153>				<https://panlex.org/snapshot/panlex-20191001-csv/114#8051896>		"wosoi"@mbq	
"karisi -"@vrs	<https://panlex.org/snapshot/panlex-20191001-csv/114#8052153>				<https://panlex.org/snapshot/panlex-20191001-csv/114#8051895>		"fake"@mbq	
"rɔve"@vrs	<https://panlex.org/snapshot/panlex-20191001-csv/114#8061875>				<https://panlex.org/snapshot/panlex-20191001-csv/114#8061624>		"kasan"@mbq	
"pɔŋɔ"@vrs	<https://panlex.org/snapshot/panlex-20191001-csv/114#8056754>				<https://panlex.org/snapshot/panlex-20191001-csv/114#8056516>		"gaitii"@mbq	
"kuamba-"@vrs	<https://panlex.org/snapshot/panlex-20191001-csv/114#8059765>				<https://panlex.org/snapshot/panlex-20191001-csv/114#8059553>		"yain"@mbq	
"kalamea-"@vrs	<https://panlex.org/snapshot/panlex-20191001-csv/114#8068086>				<https://panlex.org/snapshot/panlex-20191001-csv/114#8067849>		"me|ŋ"@mbq	
"ɤɔeneɤɔene"@vrs	<https://panlex.org/snapshot/panlex-20191001-csv/114#8054228>				<https://panlex.org/snapshot/panlex-20191001-csv/114#8053968>		"ko"@mbq	
"mbaru"@vrs	<https://panlex.org/snapshot/panlex-20191001-csv/114#8056243>				<https://panlex.org/snapshot/panlex-20191001-csv/114#8055998>		"ku|ye"@mbq	
"matau-na"@vrs	<https://panlex.org/snapshot/panlex-20191001-csv/114#8053080>				<https://panlex.org/snapshot/panlex-20191001-csv/114#8052870>		"faya"@mbq	
