"kapɔtɔ-"@vrs	<https://panlex.org/snapshot/panlex-20191001-csv/114#8057728>				<https://panlex.org/snapshot/panlex-20191001-csv/114#8057530>		"paris nang qutaw"@msk	
"iŋɔrɔ-"@vrs	<https://panlex.org/snapshot/panlex-20191001-csv/114#8065544>				<https://panlex.org/snapshot/panlex-20191001-csv/114#8065334>		"qilung"@msk	
"kakamu-"@vrs	<https://panlex.org/snapshot/panlex-20191001-csv/114#8058232>				<https://panlex.org/snapshot/panlex-20191001-csv/114#8058037>		"likud nang qutaw"@msk	
"karisi -"@vrs	<https://panlex.org/snapshot/panlex-20191001-csv/114#8052153>				<https://panlex.org/snapshot/panlex-20191001-csv/114#8051936>		"bɨktɨn"@msk	
"rɔve"@vrs	<https://panlex.org/snapshot/panlex-20191001-csv/114#8061875>				<https://panlex.org/snapshot/panlex-20191001-csv/114#8061662>		"kilara"@msk	
"pɔŋɔ"@vrs	<https://panlex.org/snapshot/panlex-20191001-csv/114#8056754>				<https://panlex.org/snapshot/panlex-20191001-csv/114#8056549>		"maripaq"@msk	
"kuamba-"@vrs	<https://panlex.org/snapshot/panlex-20191001-csv/114#8059765>				<https://panlex.org/snapshot/panlex-20191001-csv/114#8059587>		"tinaqi"@msk	
"kalamea-"@vrs	<https://panlex.org/snapshot/panlex-20191001-csv/114#8068086>				<https://panlex.org/snapshot/panlex-20191001-csv/114#8067886>		"dilaq"@msk	
"ɤɔeneɤɔene"@vrs	<https://panlex.org/snapshot/panlex-20191001-csv/114#8054228>				<https://panlex.org/snapshot/panlex-20191001-csv/114#8054003>		"panaw"@msk	
"mbaru"@vrs	<https://panlex.org/snapshot/panlex-20191001-csv/114#8056243>				<https://panlex.org/snapshot/panlex-20191001-csv/114#8056036>		"languy"@msk	
"matau-na"@vrs	<https://panlex.org/snapshot/panlex-20191001-csv/114#8053080>				<https://panlex.org/snapshot/panlex-20191001-csv/114#8052904>		"karintu na qutaw"@msk	
