"quβuq"@tbk	<https://panlex.org/snapshot/panlex-20191001-csv/114#8066422>				<https://panlex.org/snapshot/panlex-20191001-csv/114#8066337>		"suma"@plh	
"dikɨl"@tbk	<https://panlex.org/snapshot/panlex-20191001-csv/114#8064386>				<https://panlex.org/snapshot/panlex-20191001-csv/114#8064290>		"totolo"@plh	
"paldaq"@tbk	<https://panlex.org/snapshot/panlex-20191001-csv/114#8061270>				<https://panlex.org/snapshot/panlex-20191001-csv/114#8061189>		"sihiri"@plh	
"qilalaq"@tbk	<https://panlex.org/snapshot/panlex-20191001-csv/114#8061813>				<https://panlex.org/snapshot/panlex-20191001-csv/114#8061723>		"titiwa"@plh	
"bituaq"@tbk	<https://panlex.org/snapshot/panlex-20191001-csv/114#8059719>				<https://panlex.org/snapshot/panlex-20191001-csv/114#8059641>		"hutua"@plh	
"duliq"@tbk	<https://panlex.org/snapshot/panlex-20191001-csv/114#8059246>				<https://panlex.org/snapshot/panlex-20191001-csv/114#8059159>		"riri"@plh	
"kalimaq"@tbk	<https://panlex.org/snapshot/panlex-20191001-csv/114#8052097>				<https://panlex.org/snapshot/panlex-20191001-csv/114#8051993>		"rima"@plh	
"qapuk"@tbk	<https://panlex.org/snapshot/panlex-20191001-csv/114#8057171>				<https://panlex.org/snapshot/panlex-20191001-csv/114#8057087>		"lahone"@plh	
"dilak"@tbk	<https://panlex.org/snapshot/panlex-20191001-csv/114#8068031>				<https://panlex.org/snapshot/panlex-20191001-csv/114#8067940>		"mei"@plh	
