"quβuq"@tbk	<https://panlex.org/snapshot/panlex-20191001-csv/114#8066422>				<https://panlex.org/snapshot/panlex-20191001-csv/114#8066221>		"ron̄ boni-"@lml	
"kandas"@tbk	<https://panlex.org/snapshot/panlex-20191001-csv/114#8060204>				<https://panlex.org/snapshot/panlex-20191001-csv/114#8060006>		"ate-"@lml	
"dikɨl"@tbk	<https://panlex.org/snapshot/panlex-20191001-csv/114#8064386>				<https://panlex.org/snapshot/panlex-20191001-csv/114#8064175>		"mwagoro-"@lml	
"paldaq"@tbk	<https://panlex.org/snapshot/panlex-20191001-csv/114#8061270>				<https://panlex.org/snapshot/panlex-20191001-csv/114#8061075>		"isibwa-"@lml	
"qilalaq"@tbk	<https://panlex.org/snapshot/panlex-20191001-csv/114#8061813>				<https://panlex.org/snapshot/panlex-20191001-csv/114#8061594>		"ilo"@lml	
"bituaq"@tbk	<https://panlex.org/snapshot/panlex-20191001-csv/114#8059719>				<https://panlex.org/snapshot/panlex-20191001-csv/114#8059529>		"sinae"@lml	
"bituaq"@tbk	<https://panlex.org/snapshot/panlex-20191001-csv/114#8059719>				<https://panlex.org/snapshot/panlex-20191001-csv/114#8059530>		"sine"@lml	
"duliq"@tbk	<https://panlex.org/snapshot/panlex-20191001-csv/114#8059246>				<https://panlex.org/snapshot/panlex-20191001-csv/114#8059040>		"hui-"@lml	
"kalimaq"@tbk	<https://panlex.org/snapshot/panlex-20191001-csv/114#8052097>				<https://panlex.org/snapshot/panlex-20191001-csv/114#8051867>		"lima-"@lml	
"qapuk"@tbk	<https://panlex.org/snapshot/panlex-20191001-csv/114#8057171>				<https://panlex.org/snapshot/panlex-20191001-csv/114#8056973>		"taniavu"@lml	
"dilak"@tbk	<https://panlex.org/snapshot/panlex-20191001-csv/114#8068031>				<https://panlex.org/snapshot/panlex-20191001-csv/114#8067820>		"mea-"@lml	
