"quβuq"@tbk	<https://panlex.org/snapshot/panlex-20191001-csv/114#8066422>				<https://panlex.org/snapshot/panlex-20191001-csv/114#8066091>		"mʌngarok"@dbj	
"kandas"@tbk	<https://panlex.org/snapshot/panlex-20191001-csv/114#8060204>				<https://panlex.org/snapshot/panlex-20191001-csv/114#8059877>		"atay"@dbj	
"dikɨl"@tbk	<https://panlex.org/snapshot/panlex-20191001-csv/114#8064386>				<https://panlex.org/snapshot/panlex-20191001-csv/114#8064034>		"lig"@dbj	
"paldaq"@tbk	<https://panlex.org/snapshot/panlex-20191001-csv/114#8061270>				<https://panlex.org/snapshot/panlex-20191001-csv/114#8060964>		"sadtong"@dbj	
"qilalaq"@tbk	<https://panlex.org/snapshot/panlex-20191001-csv/114#8061813>				<https://panlex.org/snapshot/panlex-20191001-csv/114#8061441>		"gʌlati"@dbj	
"bituaq"@tbk	<https://panlex.org/snapshot/panlex-20191001-csv/114#8059719>				<https://panlex.org/snapshot/panlex-20191001-csv/114#8059408>		"tiritis"@dbj	
"duliq"@tbk	<https://panlex.org/snapshot/panlex-20191001-csv/114#8059246>				<https://panlex.org/snapshot/panlex-20191001-csv/114#8058910>		"tullang"@dbj	
"kalimaq"@tbk	<https://panlex.org/snapshot/panlex-20191001-csv/114#8052097>				<https://panlex.org/snapshot/panlex-20191001-csv/114#8051715>		"ʌppiʔ"@dbj	
"qapuk"@tbk	<https://panlex.org/snapshot/panlex-20191001-csv/114#8057171>				<https://panlex.org/snapshot/panlex-20191001-csv/114#8056859>		"abuk"@dbj	
"dilak"@tbk	<https://panlex.org/snapshot/panlex-20191001-csv/114#8068031>				<https://panlex.org/snapshot/panlex-20191001-csv/114#8067687>		"dilaʔ"@dbj	
