"nehu-na"@kkk	<https://panlex.org/snapshot/panlex-20191001-csv/114#8065220>				<https://panlex.org/snapshot/panlex-20191001-csv/114#8065042>		"ʔilúŋ"@akl	
"tagru-na"@kkk	<https://panlex.org/snapshot/panlex-20191001-csv/114#8057933>				<https://panlex.org/snapshot/panlex-20191001-csv/114#8057773>		"likúd"@akl	
"nuṃa"@kkk	<https://panlex.org/snapshot/panlex-20191001-csv/114#8059001>				<https://panlex.org/snapshot/panlex-20191001-csv/114#8058837>		"túɣʔan"@akl	
"koblo"@kkk	<https://panlex.org/snapshot/panlex-20191001-csv/114#8068314>				<https://panlex.org/snapshot/panlex-20191001-csv/114#8068130>		"hibayág"@akl	
"tona"@kkk	<https://panlex.org/snapshot/panlex-20191001-csv/114#8056454>				<https://panlex.org/snapshot/panlex-20191001-csv/114#8056283>		"hígkuʔ"@akl	
"ṃano-na"@kkk	<https://panlex.org/snapshot/panlex-20191001-csv/114#8062554>				<https://panlex.org/snapshot/panlex-20191001-csv/114#8062377>		"hádluk"@akl	
"mautu"@kkk	<https://panlex.org/snapshot/panlex-20191001-csv/114#8052810>				<https://panlex.org/snapshot/panlex-20191001-csv/114#8052663>		"tuʔúh"@akl	
"maŋa-na"@kkk	<https://panlex.org/snapshot/panlex-20191001-csv/114#8066691>				<https://panlex.org/snapshot/panlex-20191001-csv/114#8066508>		"báʔbaʔ"@akl	
