"hiwi"@cao	<https://panlex.org/snapshot/panlex-20191001-csv/1573#50089962>				<https://panlex.org/snapshot/panlex-20191001-csv/1573#50089975>		"puʼšeŋɣe"@chm	
"hiwi"@cao	<https://panlex.org/snapshot/panlex-20191001-csv/1573#50090213>				<https://panlex.org/snapshot/panlex-20191001-csv/1573#50090224>		"čʸoðəʼr̃a"@chm	
"kɨ-mapo"@cao	<https://panlex.org/snapshot/panlex-20191001-csv/1573#50083884>				<https://panlex.org/snapshot/panlex-20191001-csv/1573#50083898>		"tuʼr̃a"@chm	
"βakoṣ̌"@cao	<https://panlex.org/snapshot/panlex-20191001-csv/1573#50086495>				<https://panlex.org/snapshot/panlex-20191001-csv/1573#50086505>		"ʼšoŋ"@chm	
"βari"@cao	<https://panlex.org/snapshot/panlex-20191001-csv/1573#50091319>				<https://panlex.org/snapshot/panlex-20191001-csv/1573#50091331>		"ʼkečʸe"@chm	
"nai-pa"@cao	<https://panlex.org/snapshot/panlex-20191001-csv/1573#50091065>				<https://panlex.org/snapshot/panlex-20191001-csv/1573#50091080>		"kaʼβa"@chm	
"niʔi"@cao	<https://panlex.org/snapshot/panlex-20191001-csv/1573#50089668>				<https://panlex.org/snapshot/panlex-20191001-csv/1573#50089683>		"kožʼla"@chm	
"maṣ̌ɨnɨ"@cao	<https://panlex.org/snapshot/panlex-20191001-csv/1573#50083194>				<https://panlex.org/snapshot/panlex-20191001-csv/1573#50083208>		"ošʼma"@chm	
"ṣ̌aβaka"@cao	<https://panlex.org/snapshot/panlex-20191001-csv/1573#50084169>				<https://panlex.org/snapshot/panlex-20191001-csv/1573#50084188>		"paʼsu"@chm	
"mai-tɨmači"@cao	<https://panlex.org/snapshot/panlex-20191001-csv/1573#50083474>				<https://panlex.org/snapshot/panlex-20191001-csv/1573#50083498>		"ʼkur̃ək"@chm	
"kini"@cao	<https://panlex.org/snapshot/panlex-20191001-csv/1573#50085424>				<https://panlex.org/snapshot/panlex-20191001-csv/1573#50085434>		"peʼšʸer̃a"@chm	
"hɨ-nɨ"@cao	<https://panlex.org/snapshot/panlex-20191001-csv/1573#50085664>				<https://panlex.org/snapshot/panlex-20191001-csv/1573#50085676>		"ʼβüð"@chm	
"miwa-no"@cao	<https://panlex.org/snapshot/panlex-20191001-csv/1573#50089227>				<https://panlex.org/snapshot/panlex-20191001-csv/1573#50089236>		"ʼkup"@chm	
"katoro"@cao	<https://panlex.org/snapshot/panlex-20191001-csv/1573#50087263>				<https://panlex.org/snapshot/panlex-20191001-csv/1573#50087271>		"ikʼsa"@chm	
"katoro"@cao	<https://panlex.org/snapshot/panlex-20191001-csv/1573#50087263>				<https://panlex.org/snapshot/panlex-20191001-csv/1573#50087272>		"laʼɣuna"@chm	
"katoro"@cao	<https://panlex.org/snapshot/panlex-20191001-csv/1573#50088873>				<https://panlex.org/snapshot/panlex-20191001-csv/1573#50088892>		"paʼmaš"@chm	
"mac̷a"@cao	<https://panlex.org/snapshot/panlex-20191001-csv/1573#50082907>				<https://panlex.org/snapshot/panlex-20191001-csv/1573#50082921>		"laβʼr̃a"@chm	
"ani"@cao	<https://panlex.org/snapshot/panlex-20191001-csv/1573#50088235>				<https://panlex.org/snapshot/panlex-20191001-csv/1573#50088258>		"eʼŋer̃"@chm	
"mai"@cao	<https://panlex.org/snapshot/panlex-20191001-csv/1573#50082318>				<https://panlex.org/snapshot/panlex-20191001-csv/1573#50082333>		"ʼr̃ok"@chm	
"mai"@cao	<https://panlex.org/snapshot/panlex-20191001-csv/1573#50081729>				<https://panlex.org/snapshot/panlex-20191001-csv/1573#50081742>		"tüʼɲa"@chm	
"mai"@cao	<https://panlex.org/snapshot/panlex-20191001-csv/1573#50081993>				<https://panlex.org/snapshot/panlex-20191001-csv/1573#50082009>		"ʼmlanðe"@chm	
"mišpo"@cao	<https://panlex.org/snapshot/panlex-20191001-csv/1573#50083195>				<https://panlex.org/snapshot/panlex-20191001-csv/1573#50083208>		"ošʼma"@chm	
"mišpo"@cao	<https://panlex.org/snapshot/panlex-20191001-csv/1573#50082635>				<https://panlex.org/snapshot/panlex-20191001-csv/1573#50082648>		"puʼr̃ak"@chm	
"tɨmisko"@cao	<https://panlex.org/snapshot/panlex-20191001-csv/1573#50084713>				<https://panlex.org/snapshot/panlex-20191001-csv/1573#50084723>		"ʼostr̃oβ"@chm	
"kɨ-so-"@cao	<https://panlex.org/snapshot/panlex-20191001-csv/1573#50085094>				<https://panlex.org/snapshot/panlex-20191001-csv/1573#50085106>		"ser̃"@chm	
"čoka"@cao	<https://panlex.org/snapshot/panlex-20191001-csv/1573#50087649>				<https://panlex.org/snapshot/panlex-20191001-csv/1573#50087661>		"ʼtolkən"@chm	
"ia-nɨ"@cao	<https://panlex.org/snapshot/panlex-20191001-csv/1573#50086900>				<https://panlex.org/snapshot/panlex-20191001-csv/1573#50086912>		"ʼyer̃"@chm	
