"paghidait"@hil	<https://panlex.org/snapshot/panlex-20191001-csv/2902#111012051>				<https://panlex.org/snapshot/panlex-20191001-csv/2902#111012043>		"kapayapan"@pam	
"lumangóy"@hil	<https://panlex.org/snapshot/panlex-20191001-csv/114#8055877>				<https://panlex.org/snapshot/panlex-20191001-csv/114#8056089>		"káwe"@pam	
"bâbà"@hil	<https://panlex.org/snapshot/panlex-20191001-csv/114#8066637>				<https://panlex.org/snapshot/panlex-20191001-csv/114#8066855>		"asbúk"@pam	
"tiyán"@hil	<https://panlex.org/snapshot/panlex-20191001-csv/114#8058400>				<https://panlex.org/snapshot/panlex-20191001-csv/114#8058621>		"á|tcan"@pam	
"tinae"@hil	<https://panlex.org/snapshot/panlex-20191001-csv/114#8059444>				<https://panlex.org/snapshot/panlex-20191001-csv/114#8059635>		"bitúka"@pam	
"ngipon"@hil	<https://panlex.org/snapshot/panlex-20191001-csv/114#8067193>				<https://panlex.org/snapshot/panlex-20191001-csv/114#8067412>		"ípan"@pam	
"hibal-an"@hil	<https://panlex.org/snapshot/panlex-20191001-csv/114#8061489>				<https://panlex.org/snapshot/panlex-20191001-csv/114#8061714>		"balwan"@pam	
"li-og"@hil	<https://panlex.org/snapshot/panlex-20191001-csv/114#8064081>				<https://panlex.org/snapshot/panlex-20191001-csv/114#8064285>		"bátal"@pam	
"binaliskad"@hil	<https://panlex.org/snapshot/panlex-20191001-csv/114#8055380>				<https://panlex.org/snapshot/panlex-20191001-csv/114#8055573>		"kurba"@pam	
"dilâ"@hil	<https://panlex.org/snapshot/panlex-20191001-csv/114#8067730>				<https://panlex.org/snapshot/panlex-20191001-csv/114#8067933>		"dílaq"@pam	
"tuó"@hil	<https://panlex.org/snapshot/panlex-20191001-csv/114#8052768>				<https://panlex.org/snapshot/panlex-20191001-csv/114#8052949>		"wánan"@pam	
"dalan"@hil	<https://panlex.org/snapshot/panlex-20191001-csv/114#8054393>				<https://panlex.org/snapshot/panlex-20191001-csv/114#8054580>		"dálan"@pam	
"kalahadlokán"@hil	<https://panlex.org/snapshot/panlex-20191001-csv/114#8062494>				<https://panlex.org/snapshot/panlex-20191001-csv/114#8062706>		"ma-takút"@pam	
"lakat"@hil	<https://panlex.org/snapshot/panlex-20191001-csv/114#8053827>				<https://panlex.org/snapshot/panlex-20191001-csv/114#8054057>		"lákad"@pam	
"wa-lá"@hil	<https://panlex.org/snapshot/panlex-20191001-csv/114#8052299>				<https://panlex.org/snapshot/panlex-20191001-csv/114#8052486>		"kaqilí"@pam	
"panit"@hil	<https://panlex.org/snapshot/panlex-20191001-csv/114#8057371>				<https://panlex.org/snapshot/panlex-20191001-csv/114#8057575>		"balát"@pam	
"likod"@hil	<https://panlex.org/snapshot/panlex-20191001-csv/114#8057887>				<https://panlex.org/snapshot/panlex-20191001-csv/114#8058085>		"gúlut"@pam	
