"Norwe"@vun	<https://panlex.org/snapshot/panlex-20191001-csv/6898#113609860>				<https://panlex.org/snapshot/panlex-20191001-csv/6898#113609913>		"ន័រវែស"@km	
"Afrika Kusini"@vun	<https://panlex.org/snapshot/panlex-20191001-csv/6898#113613576>				<https://panlex.org/snapshot/panlex-20191001-csv/6898#113613598>		"អាហ្វ្រិកខាងត្បូង"@km	
"Masedonia"@vun	<https://panlex.org/snapshot/panlex-20191001-csv/6898#113613493>				<https://panlex.org/snapshot/panlex-20191001-csv/6898#113613372>		"ម៉ាសេដូនា (FYROM)"@km	
"Masedonia"@vun	<https://panlex.org/snapshot/panlex-20191001-csv/6898#113613493>				<https://panlex.org/snapshot/panlex-20191001-csv/6898#113613421>		"ម៉ាសេដូនា"@km	
"Polandi"@vun	<https://panlex.org/snapshot/panlex-20191001-csv/6898#113642664>				<https://panlex.org/snapshot/panlex-20191001-csv/6898#113642730>		"ប៉ូឡូញ"@km	
"Visiwa vya Falkland"@vun	<https://panlex.org/snapshot/panlex-20191001-csv/6898#113642883>				<https://panlex.org/snapshot/panlex-20191001-csv/6898#113643055>		"កោះហ្វក់ឡែន (Islas Malvinas)"@km	
"Visiwa vya Falkland"@vun	<https://panlex.org/snapshot/panlex-20191001-csv/6898#113642883>				<https://panlex.org/snapshot/panlex-20191001-csv/6898#113643072>		"កោះហ្វក់ឡែន"@km	
"Burundi"@vun	<https://panlex.org/snapshot/panlex-20191001-csv/6898#113626907>				<https://panlex.org/snapshot/panlex-20191001-csv/6898#113626750>		"ប៊ូរុនឌី"@km	
"Urusi"@vun	<https://panlex.org/snapshot/panlex-20191001-csv/6898#113645886>				<https://panlex.org/snapshot/panlex-20191001-csv/6898#113645997>		"រុស្ស៊ី"@km	
"Lebanoni"@vun	<https://panlex.org/snapshot/panlex-20191001-csv/6898#113585489>				<https://panlex.org/snapshot/panlex-20191001-csv/6898#113585440>		"លីបង់"@km	
"Riyunioni"@vun	<https://panlex.org/snapshot/panlex-20191001-csv/6898#113591666>				<https://panlex.org/snapshot/panlex-20191001-csv/6898#113591645>		"រេអុយញ៉ុង"@km	
"Tunisia"@vun	<https://panlex.org/snapshot/panlex-20191001-csv/6898#113606442>				<https://panlex.org/snapshot/panlex-20191001-csv/6898#113606400>		"ទុយនេស៊ី"@km	
"Mikronesia"@vun	<https://panlex.org/snapshot/panlex-20191001-csv/6898#113597314>				<https://panlex.org/snapshot/panlex-20191001-csv/6898#113597292>		"មីក្រូណេស៊ី"@km	
"Visiwa vya Mariana vya Kaskazini"@vun	<https://panlex.org/snapshot/panlex-20191001-csv/6898#113635585>				<https://panlex.org/snapshot/panlex-20191001-csv/6898#113635574>		"កោះម៉ារីណាខាងជើង"@km	
"Trinidad na Tobago"@vun	<https://panlex.org/snapshot/panlex-20191001-csv/6898#113640055>				<https://panlex.org/snapshot/panlex-20191001-csv/6898#113640029>		"ទ្រីនីដាត និងតូបាហ្គោ"@km	
"Mongolia"@vun	<https://panlex.org/snapshot/panlex-20191001-csv/6898#113621649>				<https://panlex.org/snapshot/panlex-20191001-csv/6898#113621480>		"ម៉ុងហ្គោលី"@km	
"Eneo la Uingereza katika Bahari Hindi"@vun	<https://panlex.org/snapshot/panlex-20191001-csv/6898#113584268>				<https://panlex.org/snapshot/panlex-20191001-csv/6898#113584336>		"ដែនដីអង់គ្លេសនៅមហាសមុទ្រឥណ្ឌា"@km	
"Lishenteni"@vun	<https://panlex.org/snapshot/panlex-20191001-csv/6898#113613118>				<https://panlex.org/snapshot/panlex-20191001-csv/6898#113613151>		"លិចទេនស្តែន"@km	
"Gwatemala"@vun	<https://panlex.org/snapshot/panlex-20191001-csv/6898#113600363>				<https://panlex.org/snapshot/panlex-20191001-csv/6898#113600469>		"ហ្គាតេម៉ាឡា"@km	
"Kodivaa"@vun	<https://panlex.org/snapshot/panlex-20191001-csv/6898#113640382>				<https://panlex.org/snapshot/panlex-20191001-csv/6898#113640433>		"កូតឌីវ័រ"@km	
"Kodivaa"@vun	<https://panlex.org/snapshot/panlex-20191001-csv/6898#113640382>				<https://panlex.org/snapshot/panlex-20191001-csv/6898#113640556>		"កូដឌីវ័រ"@km	
"Palau"@vun	<https://panlex.org/snapshot/panlex-20191001-csv/6898#113630849>				<https://panlex.org/snapshot/panlex-20191001-csv/6898#113630859>		"ផៅឡូ"@km	
"Samoa"@vun	<https://panlex.org/snapshot/panlex-20191001-csv/6898#113637384>				<https://panlex.org/snapshot/panlex-20191001-csv/6898#113637485>		"សាម័រ"@km	
"Kazakistani"@vun	<https://panlex.org/snapshot/panlex-20191001-csv/6898#113590970>				<https://panlex.org/snapshot/panlex-20191001-csv/6898#113591019>		"កាហ្សាក់ស្ថាន"@km	
"Marekani"@vun	<https://panlex.org/snapshot/panlex-20191001-csv/6898#113597865>				<https://panlex.org/snapshot/panlex-20191001-csv/6898#113597944>		"សហរដ្ឋអាមេរិក"@km	
"Marekani"@vun	<https://panlex.org/snapshot/panlex-20191001-csv/6898#113597865>				<https://panlex.org/snapshot/panlex-20191001-csv/6898#113598113>		"ស.រ.អ"@km	
"Ujerumani"@vun	<https://panlex.org/snapshot/panlex-20191001-csv/6898#113639260>				<https://panlex.org/snapshot/panlex-20191001-csv/6898#113639378>		"អាល្លឺម៉ង់"@km	
"Aislandi"@vun	<https://panlex.org/snapshot/panlex-20191001-csv/6898#113601129>				<https://panlex.org/snapshot/panlex-20191001-csv/6898#113601131>		"អ៊ីស្លង់"@km	
"Korea Kusini"@vun	<https://panlex.org/snapshot/panlex-20191001-csv/6898#113638745>				<https://panlex.org/snapshot/panlex-20191001-csv/6898#113638804>		"កូរ៉េខាងត្បូង"@km	
"Kiribati"@vun	<https://panlex.org/snapshot/panlex-20191001-csv/6898#113603008>				<https://panlex.org/snapshot/panlex-20191001-csv/6898#113603061>		"គិរិបាទី"@km	
"Aruba"@vun	<https://panlex.org/snapshot/panlex-20191001-csv/6898#113644054>				<https://panlex.org/snapshot/panlex-20191001-csv/6898#113644139>		"អារូបា"@km	
"Belarusi"@vun	<https://panlex.org/snapshot/panlex-20191001-csv/6898#113592149>				<https://panlex.org/snapshot/panlex-20191001-csv/6898#113592316>		"បេឡារុស្ស"@km	
"Ureno"@vun	<https://panlex.org/snapshot/panlex-20191001-csv/6898#113628688>				<https://panlex.org/snapshot/panlex-20191001-csv/6898#113628594>		"ព័រទុយហ្គាល់"@km	
"Ufini"@vun	<https://panlex.org/snapshot/panlex-20191001-csv/6898#113641499>				<https://panlex.org/snapshot/panlex-20191001-csv/6898#113641596>		"ហ្វាំងឡង់"@km	
"Moritania"@vun	<https://panlex.org/snapshot/panlex-20191001-csv/6898#113636510>				<https://panlex.org/snapshot/panlex-20191001-csv/6898#113636349>		"ម៉ូរីតានី"@km	
"Falme za Kiarabu"@vun	<https://panlex.org/snapshot/panlex-20191001-csv/6898#113608769>				<https://panlex.org/snapshot/panlex-20191001-csv/6898#113608624>		"អារ៉ាប់រួម"@km	
"Ubelgiji"@vun	<https://panlex.org/snapshot/panlex-20191001-csv/6898#113643547>				<https://panlex.org/snapshot/panlex-20191001-csv/6898#113643486>		"បែលហ្ស៊ិក"@km	
"Gaboni"@vun	<https://panlex.org/snapshot/panlex-20191001-csv/6898#113585125>				<https://panlex.org/snapshot/panlex-20191001-csv/6898#113585193>		"ហ្គាបុង"@km	
"Malesia"@vun	<https://panlex.org/snapshot/panlex-20191001-csv/6898#113584669>				<https://panlex.org/snapshot/panlex-20191001-csv/6898#113584704>		"ម៉ាឡេស៊ី"@km	
"Tonga"@vun	<https://panlex.org/snapshot/panlex-20191001-csv/6898#113610727>				<https://panlex.org/snapshot/panlex-20191001-csv/6898#113610642>		"តុងហ្គា"@km	
"Uhabeshi"@vun	<https://panlex.org/snapshot/panlex-20191001-csv/6898#113615557>				<https://panlex.org/snapshot/panlex-20191001-csv/6898#113615641>		"អេត្យូពី"@km	
"Siria"@vun	<https://panlex.org/snapshot/panlex-20191001-csv/6898#113598678>				<https://panlex.org/snapshot/panlex-20191001-csv/6898#113598547>		"ស៊ីរី"@km	
"Zambia"@vun	<https://panlex.org/snapshot/panlex-20191001-csv/6898#113617358>				<https://panlex.org/snapshot/panlex-20191001-csv/6898#113617340>		"ហ្សាំប៊ី"@km	
"Visiwa vya Turki na Kaiko"@vun	<https://panlex.org/snapshot/panlex-20191001-csv/6898#113588590>				<https://panlex.org/snapshot/panlex-20191001-csv/6898#113588701>		"កោះទួគ និង កៃកូស"@km	
"Eritrea"@vun	<https://panlex.org/snapshot/panlex-20191001-csv/6898#113587035>				<https://panlex.org/snapshot/panlex-20191001-csv/6898#113587075>		"អេរីទ្រា"@km	
"India"@vun	<https://panlex.org/snapshot/panlex-20191001-csv/6898#113616925>				<https://panlex.org/snapshot/panlex-20191001-csv/6898#113616902>		"ឥណ្ឌា"@km	
"Somalia"@vun	<https://panlex.org/snapshot/panlex-20191001-csv/6898#113608445>				<https://panlex.org/snapshot/panlex-20191001-csv/6898#113608531>		"សូម៉ាលី"@km	
"Mayotte"@vun	<https://panlex.org/snapshot/panlex-20191001-csv/6898#113603943>				<https://panlex.org/snapshot/panlex-20191001-csv/6898#113604031>		"ម៉ាយុត"@km	
"Nijeria"@vun	<https://panlex.org/snapshot/panlex-20191001-csv/6898#113624090>				<https://panlex.org/snapshot/panlex-20191001-csv/6898#113624151>		"នីហ្សេរីយ៉ា"@km	
"Japani"@vun	<https://panlex.org/snapshot/panlex-20191001-csv/6898#113634911>				<https://panlex.org/snapshot/panlex-20191001-csv/6898#113634809>		"ជប៉ុន"@km	
"Komoro"@vun	<https://panlex.org/snapshot/panlex-20191001-csv/6898#113627097>				<https://panlex.org/snapshot/panlex-20191001-csv/6898#113627047>		"កូម័រ"@km	
"Samoa ya Marekani"@vun	<https://panlex.org/snapshot/panlex-20191001-csv/6898#113606234>				<https://panlex.org/snapshot/panlex-20191001-csv/6898#113606282>		"សាម័រ អាមេរិកាំង"@km	
"Venezuela"@vun	<https://panlex.org/snapshot/panlex-20191001-csv/6898#113597536>				<https://panlex.org/snapshot/panlex-20191001-csv/6898#113597594>		"វេនេហ្ស៊ុយឡា"@km	
"Zimbabwe"@vun	<https://panlex.org/snapshot/panlex-20191001-csv/6898#113583645>				<https://panlex.org/snapshot/panlex-20191001-csv/6898#113583780>		"ហ្ស៊ីមបាវ៉េ"@km	
"Tokelau"@vun	<https://panlex.org/snapshot/panlex-20191001-csv/6898#113615940>				<https://panlex.org/snapshot/panlex-20191001-csv/6898#113615863>		"តូខេឡៅ"@km	
"Hungaria"@vun	<https://panlex.org/snapshot/panlex-20191001-csv/6898#113624969>				<https://panlex.org/snapshot/panlex-20191001-csv/6898#113624982>		"ហុងគ្រី"@km	
"Lativia"@vun	<https://panlex.org/snapshot/panlex-20191001-csv/6898#113584964>				<https://panlex.org/snapshot/panlex-20191001-csv/6898#113585047>		"ឡាតវីយ៉ា"@km	
"Gwiyana ya Ufaransa"@vun	<https://panlex.org/snapshot/panlex-20191001-csv/6898#113644564>				<https://panlex.org/snapshot/panlex-20191001-csv/6898#113644565>		"ហ្គៀណាបារាំង"@km	
"Kuwaiti"@vun	<https://panlex.org/snapshot/panlex-20191001-csv/6898#113605913>				<https://panlex.org/snapshot/panlex-20191001-csv/6898#113605908>		"គុយវ៉ែត"@km	
"Ghana"@vun	<https://panlex.org/snapshot/panlex-20191001-csv/6898#113645561>				<https://panlex.org/snapshot/panlex-20191001-csv/6898#113645617>		"ហ្គាណា"@km	
"Monako"@vun	<https://panlex.org/snapshot/panlex-20191001-csv/6898#113600220>				<https://panlex.org/snapshot/panlex-20191001-csv/6898#113600258>		"ម៉ូណាកូ"@km	
