"itawukus"@bjk	<https://panlex.org/snapshot/panlex-20191001-csv/114#8055300>				<https://panlex.org/snapshot/panlex-20191001-csv/114#8055341>		"ue:"@cje	
"ŋalana"@bjk	<https://panlex.org/snapshot/panlex-20191001-csv/114#8066547>				<https://panlex.org/snapshot/panlex-20191001-csv/114#8066586>		"ka:ng"@cje	
"asirene"@bjk	<https://panlex.org/snapshot/panlex-20191001-csv/114#8058872>				<https://panlex.org/snapshot/panlex-20191001-csv/114#8058905>		"tla:ng"@cje	
"sabuna"@bjk	<https://panlex.org/snapshot/panlex-20191001-csv/114#8057804>				<https://panlex.org/snapshot/panlex-20191001-csv/114#8057839>		"kəyã:ng"@cje	
"kabene okom"@bjk	<https://panlex.org/snapshot/panlex-20191001-csv/114#8064524>				<https://panlex.org/snapshot/panlex-20191001-csv/114#8064564>		"Buʔ"@cje	
