"panpan"@tbj	<https://panlex.org/snapshot/panlex-20191001-csv/114#8054167>				<https://panlex.org/snapshot/panlex-20191001-csv/114#8054219>		"dzadzakai"@uun	
"panpan"@tbj	<https://panlex.org/snapshot/panlex-20191001-csv/114#8054167>				<https://panlex.org/snapshot/panlex-20191001-csv/114#8054220>		"muża:kái"@uun	
"limana kais"@tbj	<https://panlex.org/snapshot/panlex-20191001-csv/114#8052574>				<https://panlex.org/snapshot/panlex-20191001-csv/114#8052619>		"ixiʔ"@uun	
"rangalang sina"@tbj	<https://panlex.org/snapshot/panlex-20191001-csv/114#8063301>				<https://panlex.org/snapshot/panlex-20191001-csv/114#8063351>		"damúʔ"@uun	
"salan"@tbj	<https://panlex.org/snapshot/panlex-20191001-csv/114#8054674>				<https://panlex.org/snapshot/panlex-20191001-csv/114#8054718>		"darán"@uun	
"bilinga"@tbj	<https://panlex.org/snapshot/panlex-20191001-csv/114#8056698>				<https://panlex.org/snapshot/panlex-20191001-csv/114#8056749>		"kalialiakán"@uun	
"mosong"@tbj	<https://panlex.org/snapshot/panlex-20191001-csv/114#8066421>				<https://panlex.org/snapshot/panlex-20191001-csv/114#8066464>		"sa:sażə́k"@uun	
"tuan"@tbj	<https://panlex.org/snapshot/panlex-20191001-csv/114#8053032>				<https://panlex.org/snapshot/panlex-20191001-csv/114#8053074>		"ʔannán"@uun	
"limana tuan"@tbj	<https://panlex.org/snapshot/panlex-20191001-csv/114#8053031>				<https://panlex.org/snapshot/panlex-20191001-csv/114#8053074>		"ʔannán"@uun	
"ki aman"@tbj	<https://panlex.org/snapshot/panlex-20191001-csv/114#8055176>				<https://panlex.org/snapshot/panlex-20191001-csv/114#8055222>		"mupu:żáh"@uun	
"ki aman"@tbj	<https://panlex.org/snapshot/panlex-20191001-csv/114#8055176>				<https://panlex.org/snapshot/panlex-20191001-csv/114#8055221>		"mopuzan"@uun	
"ki aman"@tbj	<https://panlex.org/snapshot/panlex-20191001-csv/114#8055176>				<https://panlex.org/snapshot/panlex-20191001-csv/114#8055223>		"ʔalu"@uun	
"balana"@tbj	<https://panlex.org/snapshot/panlex-20191001-csv/114#8066962>				<https://panlex.org/snapshot/panlex-20191001-csv/114#8067011>		"rahal"@uun	
"balana"@tbj	<https://panlex.org/snapshot/panlex-20191001-csv/114#8066962>				<https://panlex.org/snapshot/panlex-20191001-csv/114#8067009>		"ahán"@uun	
"balana"@tbj	<https://panlex.org/snapshot/panlex-20191001-csv/114#8066962>				<https://panlex.org/snapshot/panlex-20191001-csv/114#8067010>		"lahar"@uun	
"balana"@tbj	<https://panlex.org/snapshot/panlex-20191001-csv/114#8066962>				<https://panlex.org/snapshot/panlex-20191001-csv/114#8067012>		"rahhal"@uun	
"ki pan"@tbj	<https://panlex.org/snapshot/panlex-20191001-csv/114#8054166>				<https://panlex.org/snapshot/panlex-20191001-csv/114#8054219>		"dzadzakai"@uun	
"ki pan"@tbj	<https://panlex.org/snapshot/panlex-20191001-csv/114#8054166>				<https://panlex.org/snapshot/panlex-20191001-csv/114#8054220>		"muża:kái"@uun	
"borau"@tbj	<https://panlex.org/snapshot/panlex-20191001-csv/114#8068557>				<https://panlex.org/snapshot/panlex-20191001-csv/114#8068603>		"mahatan"@uun	
"borau"@tbj	<https://panlex.org/snapshot/panlex-20191001-csv/114#8068557>				<https://panlex.org/snapshot/panlex-20191001-csv/114#8068601>		"ma:hatán"@uun	
"borau"@tbj	<https://panlex.org/snapshot/panlex-20191001-csv/114#8068557>				<https://panlex.org/snapshot/panlex-20191001-csv/114#8068602>		"mahatahatan"@uun	
