"panpan"@tbj	<https://panlex.org/snapshot/panlex-20191001-csv/114#8054167>				<https://panlex.org/snapshot/panlex-20191001-csv/114#8053947>		"aʔlampa"@mak	
"limana kais"@tbj	<https://panlex.org/snapshot/panlex-20191001-csv/114#8052574>				<https://panlex.org/snapshot/panlex-20191001-csv/114#8052391>		"kairi"@mak	
"tane sina"@tbj	<https://panlex.org/snapshot/panlex-20191001-csv/114#8059718>				<https://panlex.org/snapshot/panlex-20191001-csv/114#8059540>		"parruʔ"@mak	
"rangalang sina"@tbj	<https://panlex.org/snapshot/panlex-20191001-csv/114#8063301>				<https://panlex.org/snapshot/panlex-20191001-csv/114#8063096>		"cɛraʔ"@mak	
"salan"@tbj	<https://panlex.org/snapshot/panlex-20191001-csv/114#8054674>				<https://panlex.org/snapshot/panlex-20191001-csv/114#8054482>		"agaŋ"@mak	
"bilinga"@tbj	<https://panlex.org/snapshot/panlex-20191001-csv/114#8056698>				<https://panlex.org/snapshot/panlex-20191001-csv/114#8056503>		"raʔmasaʔ"@mak	
"mosong"@tbj	<https://panlex.org/snapshot/panlex-20191001-csv/114#8066421>				<https://panlex.org/snapshot/panlex-20191001-csv/114#8066230>		"ambau"@mak	
"tuan"@tbj	<https://panlex.org/snapshot/panlex-20191001-csv/114#8053032>				<https://panlex.org/snapshot/panlex-20191001-csv/114#8052855>		"kamaŋ"@mak	
"limana tuan"@tbj	<https://panlex.org/snapshot/panlex-20191001-csv/114#8053031>				<https://panlex.org/snapshot/panlex-20191001-csv/114#8052855>		"kamaŋ"@mak	
"ki aman"@tbj	<https://panlex.org/snapshot/panlex-20191001-csv/114#8055176>				<https://panlex.org/snapshot/panlex-20191001-csv/114#8054987>		"battu"@mak	
"balana"@tbj	<https://panlex.org/snapshot/panlex-20191001-csv/114#8066962>				<https://panlex.org/snapshot/panlex-20191001-csv/114#8066746>		"bawa"@mak	
"ki pan"@tbj	<https://panlex.org/snapshot/panlex-20191001-csv/114#8054166>				<https://panlex.org/snapshot/panlex-20191001-csv/114#8053947>		"aʔlampa"@mak	
"borau"@tbj	<https://panlex.org/snapshot/panlex-20191001-csv/114#8068557>				<https://panlex.org/snapshot/panlex-20191001-csv/114#8068364>		"ammakkalaʔ"@mak	
