"panpan"@tbj	<https://panlex.org/snapshot/panlex-20191001-csv/114#8054167>				<https://panlex.org/snapshot/panlex-20191001-csv/114#8054246>		"oʔali"@wuv	
"panpan"@tbj	<https://panlex.org/snapshot/panlex-20191001-csv/114#8054167>				<https://panlex.org/snapshot/panlex-20191001-csv/114#8054247>		"oʔatatalai"@wuv	
"limana kais"@tbj	<https://panlex.org/snapshot/panlex-20191001-csv/114#8052574>				<https://panlex.org/snapshot/panlex-20191001-csv/114#8052637>		"mawi"@wuv	
"tane sina"@tbj	<https://panlex.org/snapshot/panlex-20191001-csv/114#8059718>				<https://panlex.org/snapshot/panlex-20191001-csv/114#8059778>		"pepea-"@wuv	
"rangalang sina"@tbj	<https://panlex.org/snapshot/panlex-20191001-csv/114#8063301>				<https://panlex.org/snapshot/panlex-20191001-csv/114#8063373>		"xaxa-"@wuv	
"salan"@tbj	<https://panlex.org/snapshot/panlex-20191001-csv/114#8054674>				<https://panlex.org/snapshot/panlex-20191001-csv/114#8054742>		"tala"@wuv	
"bilinga"@tbj	<https://panlex.org/snapshot/panlex-20191001-csv/114#8056698>				<https://panlex.org/snapshot/panlex-20191001-csv/114#8056769>		"ļoļoa"@wuv	
"mosong"@tbj	<https://panlex.org/snapshot/panlex-20191001-csv/114#8066421>				<https://panlex.org/snapshot/panlex-20191001-csv/114#8066484>		"ato"@wuv	
"tuan"@tbj	<https://panlex.org/snapshot/panlex-20191001-csv/114#8053032>				<https://panlex.org/snapshot/panlex-20191001-csv/114#8053092>		"maʔau"@wuv	
"limana tuan"@tbj	<https://panlex.org/snapshot/panlex-20191001-csv/114#8053031>				<https://panlex.org/snapshot/panlex-20191001-csv/114#8053092>		"maʔau"@wuv	
"ki aman"@tbj	<https://panlex.org/snapshot/panlex-20191001-csv/114#8055176>				<https://panlex.org/snapshot/panlex-20191001-csv/114#8055245>		"mai"@wuv	
"balana"@tbj	<https://panlex.org/snapshot/panlex-20191001-csv/114#8066962>				<https://panlex.org/snapshot/panlex-20191001-csv/114#8067035>		"umu-"@wuv	
"ki pan"@tbj	<https://panlex.org/snapshot/panlex-20191001-csv/114#8054166>				<https://panlex.org/snapshot/panlex-20191001-csv/114#8054246>		"oʔali"@wuv	
"ki pan"@tbj	<https://panlex.org/snapshot/panlex-20191001-csv/114#8054166>				<https://panlex.org/snapshot/panlex-20191001-csv/114#8054247>		"oʔatatalai"@wuv	
"borau"@tbj	<https://panlex.org/snapshot/panlex-20191001-csv/114#8068557>				<https://panlex.org/snapshot/panlex-20191001-csv/114#8068627>		"fali"@wuv	
