"launi"@kvc	<https://panlex.org/snapshot/panlex-20191001-csv/114#8064684>				<https://panlex.org/snapshot/panlex-20191001-csv/114#8064679>		"a ruu na lori- iuu"@kqw	
"ɤaɤalu"@kvc	<https://panlex.org/snapshot/panlex-20191001-csv/114#8064147>				<https://panlex.org/snapshot/panlex-20191001-csv/114#8064141>		"in kabara-"@kqw	
"moɤali"@kvc	<https://panlex.org/snapshot/panlex-20191001-csv/114#8059501>				<https://panlex.org/snapshot/panlex-20191001-csv/114#8059497>		"in narusna bala-"@kqw	
"wala"@kvc	<https://panlex.org/snapshot/panlex-20191001-csv/114#8061050>				<https://panlex.org/snapshot/panlex-20191001-csv/114#8061045>		"in kabara-"@kqw	
"mae"@kvc	<https://panlex.org/snapshot/panlex-20191001-csv/114#8067793>				<https://panlex.org/snapshot/panlex-20191001-csv/114#8067788>		"in karmene"@kqw	
"erapu"@kvc	<https://panlex.org/snapshot/panlex-20191001-csv/114#8054442>				<https://panlex.org/snapshot/panlex-20191001-csv/114#8054437>		"a kisapi"@kqw	
"tau"@kvc	<https://panlex.org/snapshot/panlex-20191001-csv/114#8052821>				<https://panlex.org/snapshot/panlex-20191001-csv/114#8052817>		"sut na lama-"@kqw	
"tini"@kvc	<https://panlex.org/snapshot/panlex-20191001-csv/114#8057433>				<https://panlex.org/snapshot/panlex-20191001-csv/114#8057427>		"a pini-"@kqw	
"nao"@kvc	<https://panlex.org/snapshot/panlex-20191001-csv/114#8055939>				<https://panlex.org/snapshot/panlex-20191001-csv/114#8055934>		"i was"@kqw	
"ahe"@kvc	<https://panlex.org/snapshot/panlex-20191001-csv/114#8053322>				<https://panlex.org/snapshot/panlex-20191001-csv/114#8053316>		"a kiki-"@kqw	
"kulikuli"@kvc	<https://panlex.org/snapshot/panlex-20191001-csv/114#8057432>				<https://panlex.org/snapshot/panlex-20191001-csv/114#8057427>		"a pini-"@kqw	
"siŋi"@kvc	<https://panlex.org/snapshot/panlex-20191001-csv/114#8063058>				<https://panlex.org/snapshot/panlex-20191001-csv/114#8063053>		"gap"@kqw	
