"pispu"@udm	<https://panlex.org/snapshot/panlex-20191001-csv/1573#50090158>				<https://panlex.org/snapshot/panlex-20191001-csv/1573#50090005>		"hu-sa-a"@elx	
"pispu"@udm	<https://panlex.org/snapshot/panlex-20191001-csv/1573#50090158>				<https://panlex.org/snapshot/panlex-20191001-csv/1573#50090004>		"hu-sa"@elx	
"pispu"@udm	<https://panlex.org/snapshot/panlex-20191001-csv/1573#50090158>				<https://panlex.org/snapshot/panlex-20191001-csv/1573#50090006>		"husa"@elx	
"vu"@udm	<https://panlex.org/snapshot/panlex-20191001-csv/1573#50085869>				<https://panlex.org/snapshot/panlex-20191001-csv/1573#50085704>		"zu-ul"@elx	
"vu"@udm	<https://panlex.org/snapshot/panlex-20191001-csv/1573#50085869>				<https://panlex.org/snapshot/panlex-20191001-csv/1573#50085705>		"zul"@elx	
"šundɩ"@udm	<https://panlex.org/snapshot/panlex-20191001-csv/1573#50091510>				<https://panlex.org/snapshot/panlex-20191001-csv/1573#50091359>		"nahiti = na-hi-ti"@elx	
"šundɩ"@udm	<https://panlex.org/snapshot/panlex-20191001-csv/1573#50091510>				<https://panlex.org/snapshot/panlex-20191001-csv/1573#50091357>		"na-h-hu-un-te"@elx	
"šundɩ"@udm	<https://panlex.org/snapshot/panlex-20191001-csv/1573#50091510>				<https://panlex.org/snapshot/panlex-20191001-csv/1573#50091358>		"na-hu-te"@elx	
"sʸuy"@udm	<https://panlex.org/snapshot/panlex-20191001-csv/1573#50082577>				<https://panlex.org/snapshot/panlex-20191001-csv/1573#50082361>		"mu-ru-it"@elx	
"sʸuy"@udm	<https://panlex.org/snapshot/panlex-20191001-csv/1573#50082577>				<https://panlex.org/snapshot/panlex-20191001-csv/1573#50082362>		"mu-ru-un"@elx	
"sʸuy"@udm	<https://panlex.org/snapshot/panlex-20191001-csv/1573#50082577>				<https://panlex.org/snapshot/panlex-20191001-csv/1573#50082363>		"muru-"@elx	
"ošmes"@udm	<https://panlex.org/snapshot/panlex-20191001-csv/1573#50089168>				<https://panlex.org/snapshot/panlex-20191001-csv/1573#50088931>		"zu-ul.la-li"@elx	
"lesʸtisʸkon pu"@udm	<https://panlex.org/snapshot/panlex-20191001-csv/1573#50090415>				<https://panlex.org/snapshot/panlex-20191001-csv/1573#50090256>		"hu-h-qat"@elx	
"lesʸtisʸkon pu"@udm	<https://panlex.org/snapshot/panlex-20191001-csv/1573#50090415>				<https://panlex.org/snapshot/panlex-20191001-csv/1573#50090258>		"ma-lu"@elx	
"lesʸtisʸkon pu"@udm	<https://panlex.org/snapshot/panlex-20191001-csv/1573#50090415>				<https://panlex.org/snapshot/panlex-20191001-csv/1573#50090257>		"hu-uk"@elx	
"zar̃ezʸ"@udm	<https://panlex.org/snapshot/panlex-20191001-csv/1573#50086095>				<https://panlex.org/snapshot/panlex-20191001-csv/1573#50085957>		"kam"@elx	
"pešʸer̃a"@udm	<https://panlex.org/snapshot/panlex-20191001-csv/1573#50085613>				<https://panlex.org/snapshot/panlex-20191001-csv/1573#50085456>		"du-ráš"@elx	
"gur̃ezʸ"@udm	<https://panlex.org/snapshot/panlex-20191001-csv/1573#50083791>				<https://panlex.org/snapshot/panlex-20191001-csv/1573#50083541>		"am-ni"@elx	
"iz"@udm	<https://panlex.org/snapshot/panlex-20191001-csv/1573#50090819>				<https://panlex.org/snapshot/panlex-20191001-csv/1573#50090557>		"ú-h-um-ma"@elx	
"iz"@udm	<https://panlex.org/snapshot/panlex-20191001-csv/1573#50090819>				<https://panlex.org/snapshot/panlex-20191001-csv/1573#50090556>		"har"@elx	
"muzyem"@udm	<https://panlex.org/snapshot/panlex-20191001-csv/1573#50082576>				<https://panlex.org/snapshot/panlex-20191001-csv/1573#50082361>		"mu-ru-it"@elx	
"muzyem"@udm	<https://panlex.org/snapshot/panlex-20191001-csv/1573#50082576>				<https://panlex.org/snapshot/panlex-20191001-csv/1573#50082362>		"mu-ru-un"@elx	
"muzyem"@udm	<https://panlex.org/snapshot/panlex-20191001-csv/1573#50082576>				<https://panlex.org/snapshot/panlex-20191001-csv/1573#50082363>		"muru-"@elx	
"tuzon"@udm	<https://panlex.org/snapshot/panlex-20191001-csv/1573#50082845>				<https://panlex.org/snapshot/panlex-20191001-csv/1573#50082672>		"su-uk-ma"@elx	
"yar̃dur̃"@udm	<https://panlex.org/snapshot/panlex-20191001-csv/1573#50085365>				<https://panlex.org/snapshot/panlex-20191001-csv/1573#50085146>		"šà-ri-ut"@elx	
