"vu usʸon"@udm	<https://panlex.org/snapshot/panlex-20191001-csv/1573#50089617>				<https://panlex.org/snapshot/panlex-20191001-csv/1573#50089501>		"чок"@ddo	
"vu usʸon"@udm	<https://panlex.org/snapshot/panlex-20191001-csv/1573#50089617>				<https://panlex.org/snapshot/panlex-20191001-csv/1573#50089502>		"лъидес чок"@ddo	
"vu usʸon"@udm	<https://panlex.org/snapshot/panlex-20191001-csv/1573#50089617>				<https://panlex.org/snapshot/panlex-20191001-csv/1573#50089503>		"льис чок"@ddo	
"tulkɩm"@udm	<https://panlex.org/snapshot/panlex-20191001-csv/1573#50087833>				<https://panlex.org/snapshot/panlex-20191001-csv/1573#50087683>		"лабу"@ddo	
"tulkɩm"@udm	<https://panlex.org/snapshot/panlex-20191001-csv/1573#50087833>				<https://panlex.org/snapshot/panlex-20191001-csv/1573#50087682>		"лабу"@ddo	
"tulkɩm"@udm	<https://panlex.org/snapshot/panlex-20191001-csv/1573#50087833>				<https://panlex.org/snapshot/panlex-20191001-csv/1573#50087681>		"карачел"@ddo	
"pispu"@udm	<https://panlex.org/snapshot/panlex-20191001-csv/1573#50090158>				<https://panlex.org/snapshot/panlex-20191001-csv/1573#50089999>		"гъун"@ddo	
"pispu"@udm	<https://panlex.org/snapshot/panlex-20191001-csv/1573#50090158>				<https://panlex.org/snapshot/panlex-20191001-csv/1573#50090000>		"гъун"@ddo	
"vu"@udm	<https://panlex.org/snapshot/panlex-20191001-csv/1573#50085869>				<https://panlex.org/snapshot/panlex-20191001-csv/1573#50085700>		"лъи"@ddo	
"vu"@udm	<https://panlex.org/snapshot/panlex-20191001-csv/1573#50085869>				<https://panlex.org/snapshot/panlex-20191001-csv/1573#50085699>		"лъи"@ddo	
"layɩg"@udm	<https://panlex.org/snapshot/panlex-20191001-csv/1573#50084665>				<https://panlex.org/snapshot/panlex-20191001-csv/1573#50084530>		"гога"@ddo	
"layɩg"@udm	<https://panlex.org/snapshot/panlex-20191001-csv/1573#50084665>				<https://panlex.org/snapshot/panlex-20191001-csv/1573#50084529>		"гога"@ddo	
"šundɩ"@udm	<https://panlex.org/snapshot/panlex-20191001-csv/1573#50091510>				<https://panlex.org/snapshot/panlex-20191001-csv/1573#50091353>		"бухъ"@ddo	
"šundɩ"@udm	<https://panlex.org/snapshot/panlex-20191001-csv/1573#50091510>				<https://panlex.org/snapshot/panlex-20191001-csv/1573#50091352>		"бухъ"@ddo	
"sʸuy"@udm	<https://panlex.org/snapshot/panlex-20191001-csv/1573#50082577>				<https://panlex.org/snapshot/panlex-20191001-csv/1573#50082351>		"мочи"@ddo	
"sʸuy"@udm	<https://panlex.org/snapshot/panlex-20191001-csv/1573#50082577>				<https://panlex.org/snapshot/panlex-20191001-csv/1573#50082352>		"ракь"@ddo	
"sʸuy"@udm	<https://panlex.org/snapshot/panlex-20191001-csv/1573#50082577>				<https://panlex.org/snapshot/panlex-20191001-csv/1573#50082353>		"мочи"@ddo	
"sʸuy"@udm	<https://panlex.org/snapshot/panlex-20191001-csv/1573#50082577>				<https://panlex.org/snapshot/panlex-20191001-csv/1573#50082354>		"ракь"@ddo	
"ošmes"@udm	<https://panlex.org/snapshot/panlex-20191001-csv/1573#50089168>				<https://panlex.org/snapshot/panlex-20191001-csv/1573#50088923>		"кик"@ddo	
"ošmes"@udm	<https://panlex.org/snapshot/panlex-20191001-csv/1573#50089168>				<https://panlex.org/snapshot/panlex-20191001-csv/1573#50088922>		"кик"@ddo	
"lesʸtisʸkon pu"@udm	<https://panlex.org/snapshot/panlex-20191001-csv/1573#50090415>				<https://panlex.org/snapshot/panlex-20191001-csv/1573#50090250>		"хъаца"@ddo	
"lesʸtisʸkon pu"@udm	<https://panlex.org/snapshot/panlex-20191001-csv/1573#50090415>				<https://panlex.org/snapshot/panlex-20191001-csv/1573#50090251>		"цІарагІ"@ddo	
"lesʸtisʸkon pu"@udm	<https://panlex.org/snapshot/panlex-20191001-csv/1573#50090415>				<https://panlex.org/snapshot/panlex-20191001-csv/1573#50090252>		"хъаца"@ddo	
"šukɩr̃yasʸkisʸ"@udm	<https://panlex.org/snapshot/panlex-20191001-csv/1573#50086451>				<https://panlex.org/snapshot/panlex-20191001-csv/1573#50086346>		"бихарав"@ddo	
"šukɩr̃yasʸkisʸ"@udm	<https://panlex.org/snapshot/panlex-20191001-csv/1573#50086451>				<https://panlex.org/snapshot/panlex-20191001-csv/1573#50086348>		"бохьру"@ddo	
"šukɩr̃yasʸkisʸ"@udm	<https://panlex.org/snapshot/panlex-20191001-csv/1573#50086451>				<https://panlex.org/snapshot/panlex-20191001-csv/1573#50086347>		"бихизи"@ddo	
"šukɩr̃yasʸkisʸ"@udm	<https://panlex.org/snapshot/panlex-20191001-csv/1573#50086451>				<https://panlex.org/snapshot/panlex-20191001-csv/1573#50086345>		"бизи-бутаьси"@ddo	
"šukɩ"@udm	<https://panlex.org/snapshot/panlex-20191001-csv/1573#50086663>				<https://panlex.org/snapshot/panlex-20191001-csv/1573#50086522>		"муж"@ddo	
"šukɩ"@udm	<https://panlex.org/snapshot/panlex-20191001-csv/1573#50086663>				<https://panlex.org/snapshot/panlex-20191001-csv/1573#50086521>		"муж"@ddo	
"okean"@udm	<https://panlex.org/snapshot/panlex-20191001-csv/1573#50086842>				<https://panlex.org/snapshot/panlex-20191001-csv/1573#50086733>		"ралъад"@ddo	
"okean"@udm	<https://panlex.org/snapshot/panlex-20191001-csv/1573#50086842>				<https://panlex.org/snapshot/panlex-20191001-csv/1573#50086732>		"ралъад"@ddo	
"nʸožal"@udm	<https://panlex.org/snapshot/panlex-20191001-csv/1573#50084666>				<https://panlex.org/snapshot/panlex-20191001-csv/1573#50084530>		"гога"@ddo	
"nʸožal"@udm	<https://panlex.org/snapshot/panlex-20191001-csv/1573#50084666>				<https://panlex.org/snapshot/panlex-20191001-csv/1573#50084529>		"гога"@ddo	
"busɩ"@udm	<https://panlex.org/snapshot/panlex-20191001-csv/1573#50084442>				<https://panlex.org/snapshot/panlex-20191001-csv/1573#50084222>		"майдан"@ddo	
"busɩ"@udm	<https://panlex.org/snapshot/panlex-20191001-csv/1573#50084442>				<https://panlex.org/snapshot/panlex-20191001-csv/1573#50084219>		"майдан"@ddo	
"busɩ"@udm	<https://panlex.org/snapshot/panlex-20191001-csv/1573#50084442>				<https://panlex.org/snapshot/panlex-20191001-csv/1573#50084221>		"байдан"@ddo	
"busɩ"@udm	<https://panlex.org/snapshot/panlex-20191001-csv/1573#50084442>				<https://panlex.org/snapshot/panlex-20191001-csv/1573#50084220>		"мочи"@ddo	
"matʸer̃ik"@udm	<https://panlex.org/snapshot/panlex-20191001-csv/1573#50085039>				<https://panlex.org/snapshot/panlex-20191001-csv/1573#50084943>		"дуйлйанес бутІа"@ddo	
"matʸer̃ik"@udm	<https://panlex.org/snapshot/panlex-20191001-csv/1573#50085039>				<https://panlex.org/snapshot/panlex-20191001-csv/1573#50084942>		"дунйалес чІиму"@ddo	
"nʸur̃"@udm	<https://panlex.org/snapshot/panlex-20191001-csv/1573#50089427>				<https://panlex.org/snapshot/panlex-20191001-csv/1573#50089258>		"къец"@ddo	
"nʸur̃"@udm	<https://panlex.org/snapshot/panlex-20191001-csv/1573#50089427>				<https://panlex.org/snapshot/panlex-20191001-csv/1573#50089260>		"куцІ"@ddo	
"nʸur̃"@udm	<https://panlex.org/snapshot/panlex-20191001-csv/1573#50089427>				<https://panlex.org/snapshot/panlex-20191001-csv/1573#50089259>		"кьотІу"@ddo	
"der̃i"@udm	<https://panlex.org/snapshot/panlex-20191001-csv/1573#50083140>				<https://panlex.org/snapshot/panlex-20191001-csv/1573#50082951>		"тутурлъи"@ddo	
"der̃i"@udm	<https://panlex.org/snapshot/panlex-20191001-csv/1573#50083140>				<https://panlex.org/snapshot/panlex-20191001-csv/1573#50082952>		"хъублъи"@ddo	
"der̃i"@udm	<https://panlex.org/snapshot/panlex-20191001-csv/1573#50083140>				<https://panlex.org/snapshot/panlex-20191001-csv/1573#50082953>		"чороклъи"@ddo	
"tɩ"@udm	<https://panlex.org/snapshot/panlex-20191001-csv/1573#50087083>				<https://panlex.org/snapshot/panlex-20191001-csv/1573#50086934>		"гІалазан"@ddo	
"tɩ"@udm	<https://panlex.org/snapshot/panlex-20191001-csv/1573#50087083>				<https://panlex.org/snapshot/panlex-20191001-csv/1573#50086935>		"йерезни"@ddo	
"tɩ"@udm	<https://panlex.org/snapshot/panlex-20191001-csv/1573#50087083>				<https://panlex.org/snapshot/panlex-20191001-csv/1573#50086936>		"орзен"@ddo	
"zar̃ezʸ"@udm	<https://panlex.org/snapshot/panlex-20191001-csv/1573#50086095>				<https://panlex.org/snapshot/panlex-20191001-csv/1573#50085951>		"ралъад"@ddo	
"zar̃ezʸ"@udm	<https://panlex.org/snapshot/panlex-20191001-csv/1573#50086095>				<https://panlex.org/snapshot/panlex-20191001-csv/1573#50085952>		"ралъад"@ddo	
"muzyem zur̃kan"@udm	<https://panlex.org/snapshot/panlex-20191001-csv/1573#50091014>				<https://panlex.org/snapshot/panlex-20191001-csv/1573#50090900>		"кичуричу"@ddo	
"muzyem zur̃kan"@udm	<https://panlex.org/snapshot/panlex-20191001-csv/1573#50091014>				<https://panlex.org/snapshot/panlex-20191001-csv/1573#50090901>		"кьичи-ричу"@ddo	
"kuašetisʸ"@udm	<https://panlex.org/snapshot/panlex-20191001-csv/1573#50086450>				<https://panlex.org/snapshot/panlex-20191001-csv/1573#50086346>		"бихарав"@ddo	
"kuašetisʸ"@udm	<https://panlex.org/snapshot/panlex-20191001-csv/1573#50086450>				<https://panlex.org/snapshot/panlex-20191001-csv/1573#50086348>		"бохьру"@ddo	
"kuašetisʸ"@udm	<https://panlex.org/snapshot/panlex-20191001-csv/1573#50086450>				<https://panlex.org/snapshot/panlex-20191001-csv/1573#50086347>		"бихизи"@ddo	
"kuašetisʸ"@udm	<https://panlex.org/snapshot/panlex-20191001-csv/1573#50086450>				<https://panlex.org/snapshot/panlex-20191001-csv/1573#50086345>		"бизи-бутаьси"@ddo	
"kud"@udm	<https://panlex.org/snapshot/panlex-20191001-csv/1573#50089426>				<https://panlex.org/snapshot/panlex-20191001-csv/1573#50089258>		"къец"@ddo	
"kud"@udm	<https://panlex.org/snapshot/panlex-20191001-csv/1573#50089426>				<https://panlex.org/snapshot/panlex-20191001-csv/1573#50089260>		"куцІ"@ddo	
"kud"@udm	<https://panlex.org/snapshot/panlex-20191001-csv/1573#50089426>				<https://panlex.org/snapshot/panlex-20191001-csv/1573#50089259>		"кьотІу"@ddo	
"telʸ"@udm	<https://panlex.org/snapshot/panlex-20191001-csv/1573#50089900>				<https://panlex.org/snapshot/panlex-20191001-csv/1573#50089708>		"цихъ"@ddo	
"telʸ"@udm	<https://panlex.org/snapshot/panlex-20191001-csv/1573#50089900>				<https://panlex.org/snapshot/panlex-20191001-csv/1573#50089707>		"цихъ"@ddo	
"pešʸer̃a"@udm	<https://panlex.org/snapshot/panlex-20191001-csv/1573#50085613>				<https://panlex.org/snapshot/panlex-20191001-csv/1573#50085451>		"имху"@ddo	
"pešʸer̃a"@udm	<https://panlex.org/snapshot/panlex-20191001-csv/1573#50085613>				<https://panlex.org/snapshot/panlex-20191001-csv/1573#50085452>		"имху"@ddo	
"štʸilʸ"@udm	<https://panlex.org/snapshot/panlex-20191001-csv/1573#50086283>				<https://panlex.org/snapshot/panlex-20191001-csv/1573#50086165>		"гьилІийо"@ddo	
"štʸilʸ"@udm	<https://panlex.org/snapshot/panlex-20191001-csv/1573#50086283>				<https://panlex.org/snapshot/panlex-20191001-csv/1573#50086164>		"гьилІаьси"@ddo	
"gur̃ezʸ"@udm	<https://panlex.org/snapshot/panlex-20191001-csv/1573#50083791>				<https://panlex.org/snapshot/panlex-20191001-csv/1573#50083533>		"гупІ"@ddo	
"gur̃ezʸ"@udm	<https://panlex.org/snapshot/panlex-20191001-csv/1573#50083791>				<https://panlex.org/snapshot/panlex-20191001-csv/1573#50083531>		"гупІ"@ddo	
"gur̃ezʸ"@udm	<https://panlex.org/snapshot/panlex-20191001-csv/1573#50083791>				<https://panlex.org/snapshot/panlex-20191001-csv/1573#50083532>		"хІон"@ddo	
"gur̃ezʸ"@udm	<https://panlex.org/snapshot/panlex-20191001-csv/1573#50083791>				<https://panlex.org/snapshot/panlex-20191001-csv/1573#50083534>		"хІон"@ddo	
"inbam"@udm	<https://panlex.org/snapshot/panlex-20191001-csv/1573#50091261>				<https://panlex.org/snapshot/panlex-20191001-csv/1573#50091108>		"зоб"@ddo	
"inbam"@udm	<https://panlex.org/snapshot/panlex-20191001-csv/1573#50091261>				<https://panlex.org/snapshot/panlex-20191001-csv/1573#50091107>		"ас"@ddo	
"šor̃ muč"@udm	<https://panlex.org/snapshot/panlex-20191001-csv/1573#50084879>				<https://panlex.org/snapshot/panlex-20191001-csv/1573#50084742>		"чІинкІиллъи"@ddo	
"šor̃ muč"@udm	<https://panlex.org/snapshot/panlex-20191001-csv/1573#50084879>				<https://panlex.org/snapshot/panlex-20191001-csv/1573#50084741>		"чІинкІиллъи"@ddo	
"vu ber̃gan"@udm	<https://panlex.org/snapshot/panlex-20191001-csv/1573#50088794>				<https://panlex.org/snapshot/panlex-20191001-csv/1573#50088679>		"бІон"@ddo	
"vu ber̃gan"@udm	<https://panlex.org/snapshot/panlex-20191001-csv/1573#50088794>				<https://panlex.org/snapshot/panlex-20191001-csv/1573#50088680>		"къверекъни"@ddo	
"lud"@udm	<https://panlex.org/snapshot/panlex-20191001-csv/1573#50084443>				<https://panlex.org/snapshot/panlex-20191001-csv/1573#50084222>		"майдан"@ddo	
"lud"@udm	<https://panlex.org/snapshot/panlex-20191001-csv/1573#50084443>				<https://panlex.org/snapshot/panlex-20191001-csv/1573#50084219>		"майдан"@ddo	
"lud"@udm	<https://panlex.org/snapshot/panlex-20191001-csv/1573#50084443>				<https://panlex.org/snapshot/panlex-20191001-csv/1573#50084221>		"байдан"@ddo	
"lud"@udm	<https://panlex.org/snapshot/panlex-20191001-csv/1573#50084443>				<https://panlex.org/snapshot/panlex-20191001-csv/1573#50084220>		"мочи"@ddo	
"nëd"@udm	<https://panlex.org/snapshot/panlex-20191001-csv/1573#50083141>				<https://panlex.org/snapshot/panlex-20191001-csv/1573#50082951>		"тутурлъи"@ddo	
"nëd"@udm	<https://panlex.org/snapshot/panlex-20191001-csv/1573#50083141>				<https://panlex.org/snapshot/panlex-20191001-csv/1573#50082952>		"хъублъи"@ddo	
"nëd"@udm	<https://panlex.org/snapshot/panlex-20191001-csv/1573#50083141>				<https://panlex.org/snapshot/panlex-20191001-csv/1573#50082953>		"чороклъи"@ddo	
"šur̃"@udm	<https://panlex.org/snapshot/panlex-20191001-csv/1573#50088597>				<https://panlex.org/snapshot/panlex-20191001-csv/1573#50088300>		"регъве лъи"@ddo	
"šur̃"@udm	<https://panlex.org/snapshot/panlex-20191001-csv/1573#50088597>				<https://panlex.org/snapshot/panlex-20191001-csv/1573#50088298>		"маду"@ddo	
"šur̃"@udm	<https://panlex.org/snapshot/panlex-20191001-csv/1573#50088597>				<https://panlex.org/snapshot/panlex-20191001-csv/1573#50088299>		"маду"@ddo	
"šur̃"@udm	<https://panlex.org/snapshot/panlex-20191001-csv/1573#50088597>				<https://panlex.org/snapshot/panlex-20191001-csv/1573#50088297>		"ихІу"@ddo	
"meč yar̃"@udm	<https://panlex.org/snapshot/panlex-20191001-csv/1573#50084096>				<https://panlex.org/snapshot/panlex-20191001-csv/1573#50083926>		"хъохъ"@ddo	
"meč yar̃"@udm	<https://panlex.org/snapshot/panlex-20191001-csv/1573#50084096>				<https://panlex.org/snapshot/panlex-20191001-csv/1573#50083924>		"беки"@ddo	
"meč yar̃"@udm	<https://panlex.org/snapshot/panlex-20191001-csv/1573#50084096>				<https://panlex.org/snapshot/panlex-20191001-csv/1573#50083925>		"лъад"@ddo	
"meč yar̃"@udm	<https://panlex.org/snapshot/panlex-20191001-csv/1573#50084096>				<https://panlex.org/snapshot/panlex-20191001-csv/1573#50083927>		"хъохъ"@ddo	
"iz"@udm	<https://panlex.org/snapshot/panlex-20191001-csv/1573#50090819>				<https://panlex.org/snapshot/panlex-20191001-csv/1573#50090546>		"гъІул"@ddo	
"iz"@udm	<https://panlex.org/snapshot/panlex-20191001-csv/1573#50090819>				<https://panlex.org/snapshot/panlex-20191001-csv/1573#50090548>		"гъІул"@ddo	
"iz"@udm	<https://panlex.org/snapshot/panlex-20191001-csv/1573#50090819>				<https://panlex.org/snapshot/panlex-20191001-csv/1573#50090545>		"гуз"@ddo	
"iz"@udm	<https://panlex.org/snapshot/panlex-20191001-csv/1573#50090819>				<https://panlex.org/snapshot/panlex-20191001-csv/1573#50090547>		"лъад"@ddo	
"iz"@udm	<https://panlex.org/snapshot/panlex-20191001-csv/1573#50090819>				<https://panlex.org/snapshot/panlex-20191001-csv/1573#50090549>		"лъад"@ddo	
"muzyem"@udm	<https://panlex.org/snapshot/panlex-20191001-csv/1573#50082261>				<https://panlex.org/snapshot/panlex-20191001-csv/1573#50082035>		"хІукмат"@ddo	
"muzyem"@udm	<https://panlex.org/snapshot/panlex-20191001-csv/1573#50082261>				<https://panlex.org/snapshot/panlex-20191001-csv/1573#50082037>		"хІукумат"@ddo	
"muzyem"@udm	<https://panlex.org/snapshot/panlex-20191001-csv/1573#50082261>				<https://panlex.org/snapshot/panlex-20191001-csv/1573#50082034>		"ракь"@ddo	
"muzyem"@udm	<https://panlex.org/snapshot/panlex-20191001-csv/1573#50082261>				<https://panlex.org/snapshot/panlex-20191001-csv/1573#50082036>		"дуйлйан"@ddo	
"muzyem"@udm	<https://panlex.org/snapshot/panlex-20191001-csv/1573#50082576>				<https://panlex.org/snapshot/panlex-20191001-csv/1573#50082351>		"мочи"@ddo	
"muzyem"@udm	<https://panlex.org/snapshot/panlex-20191001-csv/1573#50082576>				<https://panlex.org/snapshot/panlex-20191001-csv/1573#50082352>		"ракь"@ddo	
"muzyem"@udm	<https://panlex.org/snapshot/panlex-20191001-csv/1573#50082576>				<https://panlex.org/snapshot/panlex-20191001-csv/1573#50082353>		"мочи"@ddo	
"muzyem"@udm	<https://panlex.org/snapshot/panlex-20191001-csv/1573#50082576>				<https://panlex.org/snapshot/panlex-20191001-csv/1573#50082354>		"ракь"@ddo	
"dunʸnʸe"@udm	<https://panlex.org/snapshot/panlex-20191001-csv/1573#50081918>				<https://panlex.org/snapshot/panlex-20191001-csv/1573#50081763>		"дунйал"@ddo	
"dunʸnʸe"@udm	<https://panlex.org/snapshot/panlex-20191001-csv/1573#50081918>				<https://panlex.org/snapshot/panlex-20191001-csv/1573#50081764>		"гІалам"@ddo	
"dunʸnʸe"@udm	<https://panlex.org/snapshot/panlex-20191001-csv/1573#50081918>				<https://panlex.org/snapshot/panlex-20191001-csv/1573#50081765>		"дуйлйан"@ddo	
"dunʸnʸe"@udm	<https://panlex.org/snapshot/panlex-20191001-csv/1573#50081918>				<https://panlex.org/snapshot/panlex-20191001-csv/1573#50081762>		"гІалам"@ddo	
"dunʸnʸe"@udm	<https://panlex.org/snapshot/panlex-20191001-csv/1573#50081918>				<https://panlex.org/snapshot/panlex-20191001-csv/1573#50081766>		"дунйал"@ddo	
"tuzon"@udm	<https://panlex.org/snapshot/panlex-20191001-csv/1573#50082845>				<https://panlex.org/snapshot/panlex-20191001-csv/1573#50082668>		"кьиди"@ddo	
"tuzon"@udm	<https://panlex.org/snapshot/panlex-20191001-csv/1573#50082845>				<https://panlex.org/snapshot/panlex-20191001-csv/1573#50082667>		"кьиди"@ddo	
"in"@udm	<https://panlex.org/snapshot/panlex-20191001-csv/1573#50091260>				<https://panlex.org/snapshot/panlex-20191001-csv/1573#50091108>		"зоб"@ddo	
"in"@udm	<https://panlex.org/snapshot/panlex-20191001-csv/1573#50091260>				<https://panlex.org/snapshot/panlex-20191001-csv/1573#50091107>		"ас"@ddo	
"luo"@udm	<https://panlex.org/snapshot/panlex-20191001-csv/1573#50083387>				<https://panlex.org/snapshot/panlex-20191001-csv/1573#50083229>		"гиму"@ddo	
"luo"@udm	<https://panlex.org/snapshot/panlex-20191001-csv/1573#50083387>				<https://panlex.org/snapshot/panlex-20191001-csv/1573#50083228>		"гибу"@ddo	
"yar̃dur̃"@udm	<https://panlex.org/snapshot/panlex-20191001-csv/1573#50085365>				<https://panlex.org/snapshot/panlex-20191001-csv/1573#50085137>		"рагІал"@ddo	
"yar̃dur̃"@udm	<https://panlex.org/snapshot/panlex-20191001-csv/1573#50085365>				<https://panlex.org/snapshot/panlex-20191001-csv/1573#50085136>		"рагІал"@ddo	
"yar̃dur̃"@udm	<https://panlex.org/snapshot/panlex-20191001-csv/1573#50085365>				<https://panlex.org/snapshot/panlex-20191001-csv/1573#50085135>		"лилйо"@ddo	
"nʸules"@udm	<https://panlex.org/snapshot/panlex-20191001-csv/1573#50089899>				<https://panlex.org/snapshot/panlex-20191001-csv/1573#50089708>		"цихъ"@ddo	
"nʸules"@udm	<https://panlex.org/snapshot/panlex-20191001-csv/1573#50089899>				<https://panlex.org/snapshot/panlex-20191001-csv/1573#50089707>		"цихъ"@ddo	
"четверг"@udm	<https://panlex.org/snapshot/panlex-20191001-csv/2892#110825300>				<https://panlex.org/snapshot/panlex-20191001-csv/2892#110825677>		"хамиз"@ddo	
"понедельник"@udm	<https://panlex.org/snapshot/panlex-20191001-csv/2892#110824089>				<https://panlex.org/snapshot/panlex-20191001-csv/2892#110824098>		"итни"@ddo	
"пятница"@udm	<https://panlex.org/snapshot/panlex-20191001-csv/2892#110826078>				<https://panlex.org/snapshot/panlex-20191001-csv/2892#110825954>		"рузман"@ddo	
"суббота"@udm	<https://panlex.org/snapshot/panlex-20191001-csv/2892#110826238>				<https://panlex.org/snapshot/panlex-20191001-csv/2892#110826412>		"шамат"@ddo	
"арня нунал"@udm	<https://panlex.org/snapshot/panlex-20191001-csv/2892#110826722>				<https://panlex.org/snapshot/panlex-20191001-csv/2892#110826865>		"хӏатӏан"@ddo	
"вторник"@udm	<https://panlex.org/snapshot/panlex-20191001-csv/2892#110824560>				<https://panlex.org/snapshot/panlex-20191001-csv/2892#110824576>		"талат"@ddo	
"арня"@udm	<https://panlex.org/snapshot/panlex-20191001-csv/2892#110826971>				<https://panlex.org/snapshot/panlex-20191001-csv/2892#110826865>		"хӏатӏан"@ddo	
"среда"@udm	<https://panlex.org/snapshot/panlex-20191001-csv/2892#110825013>				<https://panlex.org/snapshot/panlex-20191001-csv/2892#110825014>		"арбагӏ"@ddo	
