"muč"@aqc	<https://panlex.org/snapshot/panlex-20191001-csv/3975#51729192>				<https://panlex.org/snapshot/panlex-20191001-csv/3975#51729315>		"haŋ"@xpm	
"ʁilˈi-tːu-"@aqc	<https://panlex.org/snapshot/panlex-20191001-csv/3975#51733933>				<https://panlex.org/snapshot/panlex-20191001-csv/3975#51734027>		"uttɨči"@xpm	
"ˈorχˤi"@aqc	<https://panlex.org/snapshot/panlex-20191001-csv/3975#51735567>				<https://panlex.org/snapshot/panlex-20191001-csv/3975#51735670>		"tus"@xpm	
"sːan"@aqc	<https://panlex.org/snapshot/panlex-20191001-csv/3975#51736365>				<https://panlex.org/snapshot/panlex-20191001-csv/3975#51736473>		"cˈiku"@xpm	
"ˈosː-"@aqc	<https://panlex.org/snapshot/panlex-20191001-csv/3975#51729518>				<https://panlex.org/snapshot/panlex-20191001-csv/3975#51729645>		"xˈu-ta"@xpm	
"kˈartʼi"@aqc	<https://panlex.org/snapshot/panlex-20191001-csv/3975#51725861>				<https://panlex.org/snapshot/panlex-20191001-csv/3975#51725985>		"kˈolka"@xpm	
"naqʼʷ"@aqc	<https://panlex.org/snapshot/panlex-20191001-csv/3975#51723570>				<https://panlex.org/snapshot/panlex-20191001-csv/3975#51723682>		"biŋ"@xpm	
"sːob"@aqc	<https://panlex.org/snapshot/panlex-20191001-csv/3975#51728470>				<https://panlex.org/snapshot/panlex-20191001-csv/3975#51728593>		"qan"@xpm	
"=tʼu"@aqc	<https://panlex.org/snapshot/panlex-20191001-csv/3975#51729349>				<https://panlex.org/snapshot/panlex-20191001-csv/3975#51729484>		"amut"@xpm	
"čʼelˈe"@aqc	<https://panlex.org/snapshot/panlex-20191001-csv/3975#51732119>				<https://panlex.org/snapshot/panlex-20191001-csv/3975#51732219>		"kit"@xpm	
"l-ur"@aqc	<https://panlex.org/snapshot/panlex-20191001-csv/3975#51724023>				<https://panlex.org/snapshot/panlex-20191001-csv/3975#51724147>		"dat"@xpm	
"cʼor"@aqc	<https://panlex.org/snapshot/panlex-20191001-csv/3975#51728627>				<https://panlex.org/snapshot/panlex-20191001-csv/3975#51728734>		"i"@xpm	
"adˈam"@aqc	<https://panlex.org/snapshot/panlex-20191001-csv/3975#51729676>				<https://panlex.org/snapshot/panlex-20191001-csv/3975#51729796>		"kit"@xpm	
"beχːˤˈe-tːu-"@aqc	<https://panlex.org/snapshot/panlex-20191001-csv/3975#51721525>				<https://panlex.org/snapshot/panlex-20191001-csv/3975#51721632>		"tˈum-a"@xpm	
"čʼˈaːˤri"@aqc	<https://panlex.org/snapshot/panlex-20191001-csv/3975#51725562>				<https://panlex.org/snapshot/panlex-20191001-csv/3975#51725680>		"xɨŋa"@xpm	
"=ˈakːu-"@aqc	<https://panlex.org/snapshot/panlex-20191001-csv/3975#51730776>				<https://panlex.org/snapshot/panlex-20191001-csv/3975#51730915>		"ya=xal-di"@xpm	
"u-n"@aqc	<https://panlex.org/snapshot/panlex-20191001-csv/3975#51732990>				<https://panlex.org/snapshot/panlex-20191001-csv/3975#51733102>		"ˈue"@xpm	
"hawˈa"@aqc	<https://panlex.org/snapshot/panlex-20191001-csv/3975#51736112>				<https://panlex.org/snapshot/panlex-20191001-csv/3975#51736229>		"bay"@xpm	
"mˈarχːu"@aqc	<https://panlex.org/snapshot/panlex-20191001-csv/3975#51730254>				<https://panlex.org/snapshot/panlex-20191001-csv/3975#51730339>		"kˈed-iŋ"@xpm	
"χˤˈabχi"@aqc	<https://panlex.org/snapshot/panlex-20191001-csv/3975#51724606>				<https://panlex.org/snapshot/panlex-20191001-csv/3975#51724713>		"hˈite"@xpm	
"qʷˈatʼi"@aqc	<https://panlex.org/snapshot/panlex-20191001-csv/3975#51733437>				<https://panlex.org/snapshot/panlex-20191001-csv/3975#51733555>		"hˈox-on"@xpm	
"aƛʼ"@aqc	<https://panlex.org/snapshot/panlex-20191001-csv/3975#51728056>				<https://panlex.org/snapshot/panlex-20191001-csv/3975#51728180>		"cič"@xpm	
"=kʼˈa-"@aqc	<https://panlex.org/snapshot/panlex-20191001-csv/3975#51722808>				<https://panlex.org/snapshot/panlex-20191001-csv/3975#51722934>		"ka-"@xpm	
"qʼurˈe-tːu-"@aqc	<https://panlex.org/snapshot/panlex-20191001-csv/3975#51723286>				<https://panlex.org/snapshot/panlex-20191001-csv/3975#51723390>		"ič=kˈoy-ŋa"@xpm	
"tʼˈi-tːu-"@aqc	<https://panlex.org/snapshot/panlex-20191001-csv/3975#51731540>				<https://panlex.org/snapshot/panlex-20191001-csv/3975#51731649>		"xilʸuŋ-du"@xpm	
"lˈagi"@aqc	<https://panlex.org/snapshot/panlex-20191001-csv/3975#51720969>				<https://panlex.org/snapshot/panlex-20191001-csv/3975#51721069>		"kaŋ"@xpm	
"huqʼ"@aqc	<https://panlex.org/snapshot/panlex-20191001-csv/3975#51731683>				<https://panlex.org/snapshot/panlex-20191001-csv/3975#51731798>		"dˈukar"@xpm	
"χˈaχa-tːu-"@aqc	<https://panlex.org/snapshot/panlex-20191001-csv/3975#51735041>				<https://panlex.org/snapshot/panlex-20191001-csv/3975#51735133>		"tˈul-si"@xpm	
"barq"@aqc	<https://panlex.org/snapshot/panlex-20191001-csv/3975#51732253>				<https://panlex.org/snapshot/panlex-20191001-csv/3975#51732381>		"hix-em"@xpm	
"wi-t"@aqc	<https://panlex.org/snapshot/panlex-20191001-csv/3975#51732991>				<https://panlex.org/snapshot/panlex-20191001-csv/3975#51733102>		"ˈue"@xpm	
"cʼˈa-bu-"@aqc	<https://panlex.org/snapshot/panlex-20191001-csv/3975#51723122>				<https://panlex.org/snapshot/panlex-20191001-csv/3975#51723253>		"hokoy"@xpm	
"dˈoːˤz-u-"@aqc	<https://panlex.org/snapshot/panlex-20191001-csv/3975#51721105>				<https://panlex.org/snapshot/panlex-20191001-csv/3975#51721212>		"xäːse"@xpm	
"=is"@aqc	<https://panlex.org/snapshot/panlex-20191001-csv/3975#51726448>				<https://panlex.org/snapshot/panlex-20191001-csv/3975#51726610>		"ad"@xpm	
"=ˈoci-"@aqc	<https://panlex.org/snapshot/panlex-20191001-csv/3975#51731829>				<https://panlex.org/snapshot/panlex-20191001-csv/3975#51731929>		"iča=diŋ-"@xpm	
"dˈeqʼːˤ-"@aqc	<https://panlex.org/snapshot/panlex-20191001-csv/3975#51730110>				<https://panlex.org/snapshot/panlex-20191001-csv/3975#51730218>		"ko̯at"@xpm	
"mul"@aqc	<https://panlex.org/snapshot/panlex-20191001-csv/3975#51728354>				<https://panlex.org/snapshot/panlex-20191001-csv/3975#51728438>		"kˈo-nnoŋ"@xpm	
"zo-n"@aqc	<https://panlex.org/snapshot/panlex-20191001-csv/3975#51726447>				<https://panlex.org/snapshot/panlex-20191001-csv/3975#51726610>		"ad"@xpm	
"qʼˈeˤyqʼi-"@aqc	<https://panlex.org/snapshot/panlex-20191001-csv/3975#51731063>				<https://panlex.org/snapshot/panlex-20191001-csv/3975#51731199>		"tɨt-kˈo-du"@xpm	
"oˤlˈow-tːu-"@aqc	<https://panlex.org/snapshot/panlex-20191001-csv/3975#51725443>				<https://panlex.org/snapshot/panlex-20191001-csv/3975#51725534>		"kˈomul-si"@xpm	
"sˈarsi"@aqc	<https://panlex.org/snapshot/panlex-20191001-csv/3975#51730476>				<https://panlex.org/snapshot/panlex-20191001-csv/3975#51730572>		"pˈinn-iŋ"@xpm	
"ˈišː-"@aqc	<https://panlex.org/snapshot/panlex-20191001-csv/3975#51729035>				<https://panlex.org/snapshot/panlex-20191001-csv/3975#51729156>		"teč"@xpm	
"ˈaχu-ke-"@aqc	<https://panlex.org/snapshot/panlex-20191001-csv/3975#51731384>				<https://panlex.org/snapshot/panlex-20191001-csv/3975#51731504>		"bunˈe-du"@xpm	
"=ˈaχa-"@aqc	<https://panlex.org/snapshot/panlex-20191001-csv/3975#51727214>				<https://panlex.org/snapshot/panlex-20191001-csv/3975#51727335>		"ak"@xpm	
"oy"@aqc	<https://panlex.org/snapshot/panlex-20191001-csv/3975#51723423>				<https://panlex.org/snapshot/panlex-20191001-csv/3975#51723536>		"ˈatkin"@xpm	
"bac"@aqc	<https://panlex.org/snapshot/panlex-20191001-csv/3975#51728213>				<https://panlex.org/snapshot/panlex-20191001-csv/3975#51728323>		"tuy"@xpm	
"χːˤolˈoš=qˤan"@aqc	<https://panlex.org/snapshot/panlex-20191001-csv/3975#51731963>				<https://panlex.org/snapshot/panlex-20191001-csv/3975#51732085>		"ˈkak-en"@xpm	
"ɬːanː-"@aqc	<https://panlex.org/snapshot/panlex-20191001-csv/3975#51734062>				<https://panlex.org/snapshot/panlex-20191001-csv/3975#51734179>		"ul"@xpm	
"χˤˈe-tːu-"@aqc	<https://panlex.org/snapshot/panlex-20191001-csv/3975#51722485>				<https://panlex.org/snapshot/panlex-20191001-csv/3975#51722587>		"kiːč-idin"@xpm	
"χˤˈe-tːu-"@aqc	<https://panlex.org/snapshot/panlex-20191001-csv/3975#51722485>				<https://panlex.org/snapshot/panlex-20191001-csv/3975#51722588>		"kɨč-idin"@xpm	
"qʼʷˤe"@aqc	<https://panlex.org/snapshot/panlex-20191001-csv/3975#51733589>				<https://panlex.org/snapshot/panlex-20191001-csv/3975#51733715>		"hˈine-aŋ"@xpm	
"χˈatum"@aqc	<https://panlex.org/snapshot/panlex-20191001-csv/3975#51721951>				<https://panlex.org/snapshot/panlex-20191001-csv/3975#51722055>		"tˈike"@xpm	
"yˈaˤtʼan-nu-"@aqc	<https://panlex.org/snapshot/panlex-20191001-csv/3975#51729971>				<https://panlex.org/snapshot/panlex-20191001-csv/3975#51730076>		"tˈul-si"@xpm	
"ikʼʷ"@aqc	<https://panlex.org/snapshot/panlex-20191001-csv/3975#51726173>				<https://panlex.org/snapshot/panlex-20191001-csv/3975#51726285>		"pfu"@xpm	
"ocʼ"@aqc	<https://panlex.org/snapshot/panlex-20191001-csv/3975#51724449>				<https://panlex.org/snapshot/panlex-20191001-csv/3975#51724571>		"buč"@xpm	
"kul"@aqc	<https://panlex.org/snapshot/panlex-20191001-csv/3975#51725713>				<https://panlex.org/snapshot/panlex-20191001-csv/3975#51725826>		"ton"@xpm	
"=ˈoqˤe-"@aqc	<https://panlex.org/snapshot/panlex-20191001-csv/3975#51733752>				<https://panlex.org/snapshot/panlex-20191001-csv/3975#51733895>		"bulˈun"@xpm	
"kʼˈačʼi"@aqc	<https://panlex.org/snapshot/panlex-20191001-csv/3975#51727069>				<https://panlex.org/snapshot/panlex-20191001-csv/3975#51727178>		"dˈɨp-un"@xpm	
"gʷˈači"@aqc	<https://panlex.org/snapshot/panlex-20191001-csv/3975#51722967>				<https://panlex.org/snapshot/panlex-20191001-csv/3975#51723087>		"čɨp"@xpm	
"aq"@aqc	<https://panlex.org/snapshot/panlex-20191001-csv/3975#51724876>				<https://panlex.org/snapshot/panlex-20191001-csv/3975#51724991>		"an-iŋ"@xpm	
"mac"@aqc	<https://panlex.org/snapshot/panlex-20191001-csv/3975#51733134>				<https://panlex.org/snapshot/panlex-20191001-csv/3975#51733250>		"ay"@xpm	
"χːˤel"@aqc	<https://panlex.org/snapshot/panlex-20191001-csv/3975#51729833>				<https://panlex.org/snapshot/panlex-20191001-csv/3975#51729937>		"ur-ˈait"@xpm	
"=kʷan-"@aqc	<https://panlex.org/snapshot/panlex-20191001-csv/3975#51723719>				<https://panlex.org/snapshot/panlex-20191001-csv/3975#51723857>		"sogo"@xpm	
"gˈenukː-"@aqc	<https://panlex.org/snapshot/panlex-20191001-csv/3975#51723891>				<https://panlex.org/snapshot/panlex-20191001-csv/3975#51723988>		"tanʸˈaŋ"@xpm	
"čʼuˤbˈa-tːu-"@aqc	<https://panlex.org/snapshot/panlex-20191001-csv/3975#51734598>				<https://panlex.org/snapshot/panlex-20191001-csv/3975#51734687>		"tˈamxo"@xpm	
