"achilai"@dru	<https://panlex.org/snapshot/panlex-20191001-csv/12#850898>				<https://panlex.org/snapshot/panlex-20191001-csv/12#851118>		"ane"@pyu	
"achilai"@dru	<https://panlex.org/snapshot/panlex-20191001-csv/12#850898>				<https://panlex.org/snapshot/panlex-20191001-csv/12#851120>		"nnai"@pyu	
"achilai"@dru	<https://panlex.org/snapshot/panlex-20191001-csv/12#850898>				<https://panlex.org/snapshot/panlex-20191001-csv/12#851119>		"a-tuei"@pyu	
"arema"@dru	<https://panlex.org/snapshot/panlex-20191001-csv/114#8051726>				<https://panlex.org/snapshot/panlex-20191001-csv/114#8052014>		"darukap"@pyu	
"arema"@dru	<https://panlex.org/snapshot/panlex-20191001-csv/114#8051726>				<https://panlex.org/snapshot/panlex-20191001-csv/114#8052016>		"rima"@pyu	
"arema"@dru	<https://panlex.org/snapshot/panlex-20191001-csv/114#8051726>				<https://panlex.org/snapshot/panlex-20191001-csv/114#8052015>		"limaʔ"@pyu	
"kiarəmʼrə́mʼ"@dru	<https://panlex.org/snapshot/panlex-20191001-csv/114#8061993>				<https://panlex.org/snapshot/panlex-20191001-csv/114#8062232>		"marʔáŋər"@pyu	
"kiarəmʼrə́mʼ"@dru	<https://panlex.org/snapshot/panlex-20191001-csv/114#8061993>				<https://panlex.org/snapshot/panlex-20191001-csv/114#8062231>		"maráŋer"@pyu	
"tsapku"@dru	<https://panlex.org/snapshot/panlex-20191001-csv/114#8053213>				<https://panlex.org/snapshot/panlex-20191001-csv/114#8053501>		"kuíʔ"@pyu	
"ikidʼ"@dru	<https://panlex.org/snapshot/panlex-20191001-csv/114#8057341>				<https://panlex.org/snapshot/panlex-20191001-csv/114#8057601>		"ruviṭ"@pyu	
"ridámʼ"@dru	<https://panlex.org/snapshot/panlex-20191001-csv/114#8067698>				<https://panlex.org/snapshot/panlex-20191001-csv/114#8067959>		"sema"@pyu	
"niamáʼ"@dru	<https://panlex.org/snapshot/panlex-20191001-csv/114#8054848>				<https://panlex.org/snapshot/panlex-20191001-csv/114#8055109>		"mupánaʔ"@pyu	
"daʔalʼ"@dru	<https://panlex.org/snapshot/panlex-20191001-csv/114#8053212>				<https://panlex.org/snapshot/panlex-20191001-csv/114#8053501>		"kuíʔ"@pyu	
"sətapai"@dru	<https://panlex.org/snapshot/panlex-20191001-csv/114#8051727>				<https://panlex.org/snapshot/panlex-20191001-csv/114#8052014>		"darukap"@pyu	
"sətapai"@dru	<https://panlex.org/snapshot/panlex-20191001-csv/114#8051727>				<https://panlex.org/snapshot/panlex-20191001-csv/114#8052016>		"rima"@pyu	
"sətapai"@dru	<https://panlex.org/snapshot/panlex-20191001-csv/114#8051727>				<https://panlex.org/snapshot/panlex-20191001-csv/114#8052015>		"limaʔ"@pyu	
"macacawáʔ"@dru	<https://panlex.org/snapshot/panlex-20191001-csv/114#8068224>				<https://panlex.org/snapshot/panlex-20191001-csv/114#8068494>		"likəẓ"@pyu	
"isíʼoʔ"@dru	<https://panlex.org/snapshot/panlex-20191001-csv/114#8064581>				<https://panlex.org/snapshot/panlex-20191001-csv/114#8064851>		"aruvo"@pyu	
"isíʼoʔ"@dru	<https://panlex.org/snapshot/panlex-20191001-csv/114#8064581>				<https://panlex.org/snapshot/panlex-20191001-csv/114#8064852>		"q̂arvó"@pyu	
"boʔóroʔ"@dru	<https://panlex.org/snapshot/panlex-20191001-csv/114#8059414>				<https://panlex.org/snapshot/panlex-20191001-csv/114#8059660>		"ṭinaq̂íʔ"@pyu	
"wakə:la"@dru	<https://panlex.org/snapshot/panlex-20191001-csv/114#8054849>				<https://panlex.org/snapshot/panlex-20191001-csv/114#8055109>		"mupánaʔ"@pyu	
"maliuliús"@dru	<https://panlex.org/snapshot/panlex-20191001-csv/114#8055352>				<https://panlex.org/snapshot/panlex-20191001-csv/114#8055605>		"muliulius"@pyu	
"maliuliús"@dru	<https://panlex.org/snapshot/panlex-20191001-csv/114#8055352>				<https://panlex.org/snapshot/panlex-20191001-csv/114#8055606>		"muliús"@pyu	
"walaŋúi"@dru	<https://panlex.org/snapshot/panlex-20191001-csv/114#8055846>				<https://panlex.org/snapshot/panlex-20191001-csv/114#8056117>		"pakulimaʔ"@pyu	
"valisʼ"@dru	<https://panlex.org/snapshot/panlex-20191001-csv/114#8067158>				<https://panlex.org/snapshot/panlex-20191001-csv/114#8067444>		"wáliʔ"@pyu	
"valisʼ"@dru	<https://panlex.org/snapshot/panlex-20191001-csv/114#8067158>				<https://panlex.org/snapshot/panlex-20191001-csv/114#8067443>		"ware"@pyu	
"rəʼəʔ"@dru	<https://panlex.org/snapshot/panlex-20191001-csv/114#8064047>				<https://panlex.org/snapshot/panlex-20191001-csv/114#8064312>		"tangdo"@pyu	
"rəʼəʔ"@dru	<https://panlex.org/snapshot/panlex-20191001-csv/114#8064047>				<https://panlex.org/snapshot/panlex-20191001-csv/114#8064311>		"niq̂ə́n"@pyu	
"totóʔ"@dru	<https://panlex.org/snapshot/panlex-20191001-csv/114#8060401>				<https://panlex.org/snapshot/panlex-20191001-csv/114#8060692>		"súsuʔ"@pyu	
