"kani"@cav	<https://panlex.org/snapshot/panlex-20191001-csv/1573#50085428>				<https://panlex.org/snapshot/panlex-20191001-csv/1573#50085456>		"du-ráš"@elx	
"kani"@cav	<https://panlex.org/snapshot/panlex-20191001-csv/1573#50088879>				<https://panlex.org/snapshot/panlex-20191001-csv/1573#50088931>		"zu-ul.la-li"@elx	
"akʷi"@cav	<https://panlex.org/snapshot/panlex-20191001-csv/1573#50089967>				<https://panlex.org/snapshot/panlex-20191001-csv/1573#50090005>		"hu-sa-a"@elx	
"akʷi"@cav	<https://panlex.org/snapshot/panlex-20191001-csv/1573#50089967>				<https://panlex.org/snapshot/panlex-20191001-csv/1573#50090004>		"hu-sa"@elx	
"akʷi"@cav	<https://panlex.org/snapshot/panlex-20191001-csv/1573#50089967>				<https://panlex.org/snapshot/panlex-20191001-csv/1573#50090006>		"husa"@elx	
"iheti"@cav	<https://panlex.org/snapshot/panlex-20191001-csv/1573#50091324>				<https://panlex.org/snapshot/panlex-20191001-csv/1573#50091359>		"nahiti = na-hi-ti"@elx	
"iheti"@cav	<https://panlex.org/snapshot/panlex-20191001-csv/1573#50091324>				<https://panlex.org/snapshot/panlex-20191001-csv/1573#50091357>		"na-h-hu-un-te"@elx	
"iheti"@cav	<https://panlex.org/snapshot/panlex-20191001-csv/1573#50091324>				<https://panlex.org/snapshot/panlex-20191001-csv/1573#50091358>		"na-hu-te"@elx	
"moro"@cav	<https://panlex.org/snapshot/panlex-20191001-csv/1573#50082640>				<https://panlex.org/snapshot/panlex-20191001-csv/1573#50082672>		"su-uk-ma"@elx	
"e-na"@cav	<https://panlex.org/snapshot/panlex-20191001-csv/1573#50085669>				<https://panlex.org/snapshot/panlex-20191001-csv/1573#50085704>		"zu-ul"@elx	
"e-na"@cav	<https://panlex.org/snapshot/panlex-20191001-csv/1573#50085669>				<https://panlex.org/snapshot/panlex-20191001-csv/1573#50085705>		"zul"@elx	
"tomo"@cav	<https://panlex.org/snapshot/panlex-20191001-csv/1573#50090502>				<https://panlex.org/snapshot/panlex-20191001-csv/1573#50090557>		"ú-h-um-ma"@elx	
"tomo"@cav	<https://panlex.org/snapshot/panlex-20191001-csv/1573#50090502>				<https://panlex.org/snapshot/panlex-20191001-csv/1573#50090556>		"har"@elx	
"taora"@cav	<https://panlex.org/snapshot/panlex-20191001-csv/1573#50090218>				<https://panlex.org/snapshot/panlex-20191001-csv/1573#50090256>		"hu-h-qat"@elx	
"taora"@cav	<https://panlex.org/snapshot/panlex-20191001-csv/1573#50090218>				<https://panlex.org/snapshot/panlex-20191001-csv/1573#50090258>		"ma-lu"@elx	
"taora"@cav	<https://panlex.org/snapshot/panlex-20191001-csv/1573#50090218>				<https://panlex.org/snapshot/panlex-20191001-csv/1573#50090257>		"hu-uk"@elx	
"e-kʷac̷a"@cav	<https://panlex.org/snapshot/panlex-20191001-csv/1573#50085099>				<https://panlex.org/snapshot/panlex-20191001-csv/1573#50085146>		"šà-ri-ut"@elx	
"mehihi"@cav	<https://panlex.org/snapshot/panlex-20191001-csv/1573#50082325>				<https://panlex.org/snapshot/panlex-20191001-csv/1573#50082361>		"mu-ru-it"@elx	
"mehihi"@cav	<https://panlex.org/snapshot/panlex-20191001-csv/1573#50082325>				<https://panlex.org/snapshot/panlex-20191001-csv/1573#50082362>		"mu-ru-un"@elx	
"mehihi"@cav	<https://panlex.org/snapshot/panlex-20191001-csv/1573#50082325>				<https://panlex.org/snapshot/panlex-20191001-csv/1573#50082363>		"muru-"@elx	
"owa-kʷemoso"@cav	<https://panlex.org/snapshot/panlex-20191001-csv/1573#50083482>				<https://panlex.org/snapshot/panlex-20191001-csv/1573#50083541>		"am-ni"@elx	
