"qammu"@isd	<https://panlex.org/snapshot/panlex-20191001-csv/114#8061518>				<https://panlex.org/snapshot/panlex-20191001-csv/114#8061885>		"ìlo/a"@wls	
"qammu"@isd	<https://panlex.org/snapshot/panlex-20191001-csv/114#8061518>				<https://panlex.org/snapshot/panlex-20191001-csv/114#8061883>		"mahani"@wls	
"qammu"@isd	<https://panlex.org/snapshot/panlex-20191001-csv/114#8061518>				<https://panlex.org/snapshot/panlex-20191001-csv/114#8061884>		"po/poto/"@wls	
"kasi:gid"@isd	<https://panlex.org/snapshot/panlex-20191001-csv/114#8052321>				<https://panlex.org/snapshot/panlex-20191001-csv/114#8052632>		"hema"@wls	
"sinay"@isd	<https://panlex.org/snapshot/panlex-20191001-csv/114#8058425>				<https://panlex.org/snapshot/panlex-20191001-csv/114#8058802>		"kona"@wls	
"sinay"@isd	<https://panlex.org/snapshot/panlex-20191001-csv/114#8058425>				<https://panlex.org/snapshot/panlex-20191001-csv/114#8058804>		"àlo"@wls	
"sinay"@isd	<https://panlex.org/snapshot/panlex-20191001-csv/114#8058425>				<https://panlex.org/snapshot/panlex-20191001-csv/114#8058803>		"manava"@wls	
"sinay"@isd	<https://panlex.org/snapshot/panlex-20191001-csv/114#8059470>				<https://panlex.org/snapshot/panlex-20191001-csv/114#8059773>		"gaakau"@wls	
"manalen (da:len)"@isd	<https://panlex.org/snapshot/panlex-20191001-csv/114#8053856>				<https://panlex.org/snapshot/panlex-20191001-csv/114#8054237>		"ha`ele"@wls	
"manalen (da:len)"@isd	<https://panlex.org/snapshot/panlex-20191001-csv/114#8053856>				<https://panlex.org/snapshot/panlex-20191001-csv/114#8054238>		"haaere"@wls	
"qi:ma"@isd	<https://panlex.org/snapshot/panlex-20191001-csv/114#8051790>				<https://panlex.org/snapshot/panlex-20191001-csv/114#8052161>		"nima"@wls	
