"El princip piscinin"@lmo	<https://panlex.org/snapshot/panlex-20191001-csv/6710#111083122>				<https://panlex.org/snapshot/panlex-20191001-csv/6710#111083125>		"Ël Cit Prinsi"@pms	
"ègua"@lmo	<https://panlex.org/snapshot/panlex-20191001-csv/2131#11695144>				<https://panlex.org/snapshot/panlex-20191001-csv/2131#11695232>		"eva"@pms	
"aiva"@lmo	<https://panlex.org/snapshot/panlex-20191001-csv/2131#11695148>				<https://panlex.org/snapshot/panlex-20191001-csv/2131#11695232>		"eva"@pms	
"zolfanello"@lmo	<https://panlex.org/snapshot/panlex-20191001-csv/5945#84380723>				<https://panlex.org/snapshot/panlex-20191001-csv/5945#84380726>		"bricheti"@pms	
"zolfanello"@lmo	<https://panlex.org/snapshot/panlex-20191001-csv/5945#84380723>				<https://panlex.org/snapshot/panlex-20191001-csv/5945#84380725>		"brichet"@pms	
"Algeria"@lmo	<https://panlex.org/snapshot/panlex-20191001-csv/5947#84580150>				<https://panlex.org/snapshot/panlex-20191001-csv/5947#84580180>		"Algerìa"@pms	
"Urganizaziun di Naziun Ünii"@lmo	<https://panlex.org/snapshot/panlex-20191001-csv/5940#81285963>				<https://panlex.org/snapshot/panlex-20191001-csv/5940#81285987>		"Organisassion dle Nassion Unìe"@pms	
"Bulsan"@lmo	<https://panlex.org/snapshot/panlex-20191001-csv/5939#80762694>				<https://panlex.org/snapshot/panlex-20191001-csv/5939#80762705>		"Bolsan"@pms	
"spèc"@lmo	<https://panlex.org/snapshot/panlex-20191001-csv/5946#84446247>				<https://panlex.org/snapshot/panlex-20191001-csv/5946#84446286>		"specc"@pms	
"spèc"@lmo	<https://panlex.org/snapshot/panlex-20191001-csv/5946#84446247>				<https://panlex.org/snapshot/panlex-20191001-csv/5946#84446285>		"miraj"@pms	
"specc"@lmo	<https://panlex.org/snapshot/panlex-20191001-csv/5946#84446246>				<https://panlex.org/snapshot/panlex-20191001-csv/5946#84446286>		"specc"@pms	
"specc"@lmo	<https://panlex.org/snapshot/panlex-20191001-csv/5946#84446246>				<https://panlex.org/snapshot/panlex-20191001-csv/5946#84446285>		"miraj"@pms	
"Zürigh"@lmo	<https://panlex.org/snapshot/panlex-20191001-csv/5949#85324481>				<https://panlex.org/snapshot/panlex-20191001-csv/5949#85324500>		"Zurigh"@pms	
"Singapur"@lmo	<https://panlex.org/snapshot/panlex-20191001-csv/5949#85320544>				<https://panlex.org/snapshot/panlex-20191001-csv/5949#85320571>		"Singapor"@pms	
"Uruguay"@lmo	<https://panlex.org/snapshot/panlex-20191001-csv/5949#85322921>				<https://panlex.org/snapshot/panlex-20191001-csv/5949#85322944>		"Uruguay"@pms	
"Tbilisi"@lmo	<https://panlex.org/snapshot/panlex-20191001-csv/5949#85321837>				<https://panlex.org/snapshot/panlex-20191001-csv/5949#85321856>		"Tbilisi"@pms	
"Berlin"@lmo	<https://panlex.org/snapshot/panlex-20191001-csv/5949#85302477>				<https://panlex.org/snapshot/panlex-20191001-csv/5949#85302510>		"Berlin"@pms	
"Baviera"@lmo	<https://panlex.org/snapshot/panlex-20191001-csv/5949#85301211>				<https://panlex.org/snapshot/panlex-20191001-csv/5949#85301227>		"Baviera"@pms	
"Baku"@lmo	<https://panlex.org/snapshot/panlex-20191001-csv/5949#85301495>				<https://panlex.org/snapshot/panlex-20191001-csv/5949#85301515>		"Baku"@pms	
"Aüstralia"@lmo	<https://panlex.org/snapshot/panlex-20191001-csv/5949#85298175>				<https://panlex.org/snapshot/panlex-20191001-csv/5949#85298206>		"Australia"@pms	
"Filipinn"@lmo	<https://panlex.org/snapshot/panlex-20191001-csv/5949#85323368>				<https://panlex.org/snapshot/panlex-20191001-csv/5949#85323395>		"Filipin-e"@pms	
"Giava"@lmo	<https://panlex.org/snapshot/panlex-20191001-csv/5949#85325933>				<https://panlex.org/snapshot/panlex-20191001-csv/5949#85325945>		"Giava"@pms	
"Yemen"@lmo	<https://panlex.org/snapshot/panlex-20191001-csv/5949#85311017>				<https://panlex.org/snapshot/panlex-20191001-csv/5949#85311036>		"Yemen"@pms	
"agust"@lmo	<https://panlex.org/snapshot/panlex-20191001-csv/5949#85329426>				<https://panlex.org/snapshot/panlex-20191001-csv/5949#85329466>		"agost"@pms	
"Latvia"@lmo	<https://panlex.org/snapshot/panlex-20191001-csv/5949#85314324>				<https://panlex.org/snapshot/panlex-20191001-csv/5949#85314355>		"Letònia"@pms	
"Riga"@lmo	<https://panlex.org/snapshot/panlex-20191001-csv/5949#85319229>				<https://panlex.org/snapshot/panlex-20191001-csv/5949#85319248>		"Riga"@pms	
"Perù"@lmo	<https://panlex.org/snapshot/panlex-20191001-csv/5949#85318273>				<https://panlex.org/snapshot/panlex-20191001-csv/5949#85318297>		"Perù"@pms	
"Pechin"@lmo	<https://panlex.org/snapshot/panlex-20191001-csv/5949#85318010>				<https://panlex.org/snapshot/panlex-20191001-csv/5949#85318036>		"Pechin"@pms	
"Rüssia"@lmo	<https://panlex.org/snapshot/panlex-20191001-csv/5949#85319529>				<https://panlex.org/snapshot/panlex-20191001-csv/5949#85319571>		"Russia"@pms	
"Bibia"@lmo	<https://panlex.org/snapshot/panlex-20191001-csv/5949#85302731>				<https://panlex.org/snapshot/panlex-20191001-csv/5949#85302765>		"Bibia"@pms	
"cascada"@lmo	<https://panlex.org/snapshot/panlex-20191001-csv/5942#83279786>				<https://panlex.org/snapshot/panlex-20191001-csv/5942#83279795>		"cascada"@pms	
"cascàda"@lmo	<https://panlex.org/snapshot/panlex-20191001-csv/5942#83279785>				<https://panlex.org/snapshot/panlex-20191001-csv/5942#83279795>		"cascada"@pms	
"lengua piemuntesa"@lmo	<https://panlex.org/snapshot/panlex-20191001-csv/405#13630091>				<https://panlex.org/snapshot/panlex-20191001-csv/405#13630096>		"lenga piemontèisa"@pms	
"lengua Vèneta"@lmo	<https://panlex.org/snapshot/panlex-20191001-csv/405#13633559>				<https://panlex.org/snapshot/panlex-20191001-csv/405#13633563>		"lenga véneta"@pms	
"lengua italiana"@lmo	<https://panlex.org/snapshot/panlex-20191001-csv/405#13626308>				<https://panlex.org/snapshot/panlex-20191001-csv/405#13626319>		"lenga italian-a"@pms	
"lengua Islandesa"@lmo	<https://panlex.org/snapshot/panlex-20191001-csv/405#13625656>				<https://panlex.org/snapshot/panlex-20191001-csv/405#13625662>		"lenga islandèisa"@pms	
"lengua Lumbarda"@lmo	<https://panlex.org/snapshot/panlex-20191001-csv/405#13627799>				<https://panlex.org/snapshot/panlex-20191001-csv/405#13627804>		"lenga lombarda"@pms	
"matemàtega"@lmo	<https://panlex.org/snapshot/panlex-20191001-csv/2904#111023494>				<https://panlex.org/snapshot/panlex-20191001-csv/2904#111023424>		"matemàtica"@pms	
"física"@lmo	<https://panlex.org/snapshot/panlex-20191001-csv/2904#111024026>				<https://panlex.org/snapshot/panlex-20191001-csv/2904#111024047>		"fìsica"@pms	
"pas"@lmo	<https://panlex.org/snapshot/panlex-20191001-csv/2902#111012181>				<https://panlex.org/snapshot/panlex-20191001-csv/2902#111012279>		"pás"@pms	
"aiva"@lmo	<https://panlex.org/snapshot/panlex-20191001-csv/8#149181>				<https://panlex.org/snapshot/panlex-20191001-csv/8#149208>		"eva"@pms	
"gatt"@lmo	<https://panlex.org/snapshot/panlex-20191001-csv/10#560530>				<https://panlex.org/snapshot/panlex-20191001-csv/10#560543>		"gat"@pms	
"Turin"@lmo	<https://panlex.org/snapshot/panlex-20191001-csv/10#777271>				<https://panlex.org/snapshot/panlex-20191001-csv/10#777281>		"Turin"@pms	
"gjöbia"@lmo	<https://panlex.org/snapshot/panlex-20191001-csv/2892#110825436>				<https://panlex.org/snapshot/panlex-20191001-csv/2892#110825514>		"giòbia"@pms	
"vendredí"@lmo	<https://panlex.org/snapshot/panlex-20191001-csv/2892#110825981>				<https://panlex.org/snapshot/panlex-20191001-csv/2892#110825955>		"vënner"@pms	
"dumènega"@lmo	<https://panlex.org/snapshot/panlex-20191001-csv/2892#110826625>				<https://panlex.org/snapshot/panlex-20191001-csv/2892#110827032>		"dumìnica"@pms	
"lündesdí"@lmo	<https://panlex.org/snapshot/panlex-20191001-csv/2892#110824105>				<https://panlex.org/snapshot/panlex-20191001-csv/2892#110824304>		"lùn-es"@pms	
"sàbet"@lmo	<https://panlex.org/snapshot/panlex-20191001-csv/2892#110826228>				<https://panlex.org/snapshot/panlex-20191001-csv/2892#110826218>		"saba"@pms	
"mardí"@lmo	<https://panlex.org/snapshot/panlex-20191001-csv/2892#110824802>				<https://panlex.org/snapshot/panlex-20191001-csv/2892#110824685>		"martes"@pms	
"mercurdí"@lmo	<https://panlex.org/snapshot/panlex-20191001-csv/2892#110824892>				<https://panlex.org/snapshot/panlex-20191001-csv/2892#110825017>		"mèrcol"@pms	
"nuember"@lmo	<https://panlex.org/snapshot/panlex-20191001-csv/2897#110831256>				<https://panlex.org/snapshot/panlex-20191001-csv/2897#110831529>		"novèmber"@pms	
"lüj"@lmo	<https://panlex.org/snapshot/panlex-20191001-csv/2897#110829840>				<https://panlex.org/snapshot/panlex-20191001-csv/2897#110829854>		"lugn"@pms	
"giügn"@lmo	<https://panlex.org/snapshot/panlex-20191001-csv/2897#110829272>				<https://panlex.org/snapshot/panlex-20191001-csv/2897#110829363>		"giugn"@pms	
"setember"@lmo	<https://panlex.org/snapshot/panlex-20191001-csv/2897#110830339>				<https://panlex.org/snapshot/panlex-20191001-csv/2897#110830546>		"stèmber"@pms	
"agust"@lmo	<https://panlex.org/snapshot/panlex-20191001-csv/2897#110830130>				<https://panlex.org/snapshot/panlex-20191001-csv/2897#110829887>		"agost"@pms	
"dicember"@lmo	<https://panlex.org/snapshot/panlex-20191001-csv/2897#110831764>				<https://panlex.org/snapshot/panlex-20191001-csv/2897#110831619>		"dzèmber"@pms	
"magg"@lmo	<https://panlex.org/snapshot/panlex-20191001-csv/2897#110828878>				<https://panlex.org/snapshot/panlex-20191001-csv/2897#110829044>		"magg"@pms	
"mars"@lmo	<https://panlex.org/snapshot/panlex-20191001-csv/2897#110828162>				<https://panlex.org/snapshot/panlex-20191001-csv/2897#110827894>		"mars"@pms	
"genar"@lmo	<https://panlex.org/snapshot/panlex-20191001-csv/2897#110827303>				<https://panlex.org/snapshot/panlex-20191001-csv/2897#110827275>		"gené"@pms	
"april"@lmo	<https://panlex.org/snapshot/panlex-20191001-csv/2897#110828349>				<https://panlex.org/snapshot/panlex-20191001-csv/2897#110828369>		"avril"@pms	
"utuber"@lmo	<https://panlex.org/snapshot/panlex-20191001-csv/2897#110830805>				<https://panlex.org/snapshot/panlex-20191001-csv/2897#110830991>		"otober"@pms	
"febrar"@lmo	<https://panlex.org/snapshot/panlex-20191001-csv/2897#110827490>				<https://panlex.org/snapshot/panlex-20191001-csv/2897#110827643>		"fëvré"@pms	
