"segunda-feira"@pt	<https://panlex.org/snapshot/panlex-20191001-csv/5947#84803542>				<https://panlex.org/snapshot/panlex-20191001-csv/5947#84803471>		"кӏедалӏор"@kpt	
"ilha"@pt	<https://panlex.org/snapshot/panlex-20191001-csv/1573#50084841>				<https://panlex.org/snapshot/panlex-20191001-csv/1573#50084798>		"чІинкІиллъири"@kpt	
"ilha"@pt	<https://panlex.org/snapshot/panlex-20191001-csv/1573#50084841>				<https://panlex.org/snapshot/panlex-20191001-csv/1573#50084797>		"чІиᴴкІиллъер"@kpt	
"campo"@pt	<https://panlex.org/snapshot/panlex-20191001-csv/1573#50084376>				<https://panlex.org/snapshot/panlex-20191001-csv/1573#50084305>		"хуре"@kpt	
"campo"@pt	<https://panlex.org/snapshot/panlex-20191001-csv/1573#50084376>				<https://panlex.org/snapshot/panlex-20191001-csv/1573#50084306>		"авлахъ"@kpt	
"campo"@pt	<https://panlex.org/snapshot/panlex-20191001-csv/1573#50084376>				<https://panlex.org/snapshot/panlex-20191001-csv/1573#50084307>		"беданлъири"@kpt	
"campo"@pt	<https://panlex.org/snapshot/panlex-20191001-csv/1573#50084376>				<https://panlex.org/snapshot/panlex-20191001-csv/1573#50084304>		"авлахъ"@kpt	
"campo"@pt	<https://panlex.org/snapshot/panlex-20191001-csv/1573#50084376>				<https://panlex.org/snapshot/panlex-20191001-csv/1573#50084308>		"гьур"@kpt	
"chão"@pt	<https://panlex.org/snapshot/panlex-20191001-csv/1573#50082509>				<https://panlex.org/snapshot/panlex-20191001-csv/1573#50082442>		"уᴴщи"@kpt	
"chão"@pt	<https://panlex.org/snapshot/panlex-20191001-csv/1573#50082509>				<https://panlex.org/snapshot/panlex-20191001-csv/1573#50082443>		"гІуᴴши"@kpt	
"montanha"@pt	<https://panlex.org/snapshot/panlex-20191001-csv/1573#50083704>				<https://panlex.org/snapshot/panlex-20191001-csv/1573#50083632>		"гьангъу"@kpt	
"montanha"@pt	<https://panlex.org/snapshot/panlex-20191001-csv/1573#50083704>				<https://panlex.org/snapshot/panlex-20191001-csv/1573#50083631>		"беса"@kpt	
"montanha"@pt	<https://panlex.org/snapshot/panlex-20191001-csv/1573#50083704>				<https://panlex.org/snapshot/panlex-20191001-csv/1573#50083630>		"кьеда"@kpt	
"montanha"@pt	<https://panlex.org/snapshot/panlex-20191001-csv/1573#50083704>				<https://panlex.org/snapshot/panlex-20191001-csv/1573#50083629>		"гьаᴴда"@kpt	
"maré baixa"@pt	<https://panlex.org/snapshot/panlex-20191001-csv/1573#50088027>				<https://panlex.org/snapshot/panlex-20191001-csv/1573#50088001>		"лъим гьеда муари"@kpt	
"maré baixa"@pt	<https://panlex.org/snapshot/panlex-20191001-csv/1573#50088027>				<https://panlex.org/snapshot/panlex-20191001-csv/1573#50088000>		"лъеᴴй боаᴴ"@kpt	
"mundo"@pt	<https://panlex.org/snapshot/panlex-20191001-csv/1573#50081868>				<https://panlex.org/snapshot/panlex-20191001-csv/1573#50081825>		"дунйал"@kpt	
"mundo"@pt	<https://panlex.org/snapshot/panlex-20191001-csv/1573#50081868>				<https://panlex.org/snapshot/panlex-20191001-csv/1573#50081824>		"дунйал"@kpt	
"lodo"@pt	<https://panlex.org/snapshot/panlex-20191001-csv/1573#50083089>				<https://panlex.org/snapshot/panlex-20191001-csv/1573#50083025>		"хІари"@kpt	
"lodo"@pt	<https://panlex.org/snapshot/panlex-20191001-csv/1573#50083089>				<https://panlex.org/snapshot/panlex-20191001-csv/1573#50083024>		"ц̅Іерти"@kpt	
"maré alta"@pt	<https://panlex.org/snapshot/panlex-20191001-csv/1573#50088133>				<https://panlex.org/snapshot/panlex-20191001-csv/1573#50088110>		"лъеᴴй бехьвар"@kpt	
"planície"@pt	<https://panlex.org/snapshot/panlex-20191001-csv/1573#50084377>				<https://panlex.org/snapshot/panlex-20191001-csv/1573#50084305>		"хуре"@kpt	
"planície"@pt	<https://panlex.org/snapshot/panlex-20191001-csv/1573#50084377>				<https://panlex.org/snapshot/panlex-20191001-csv/1573#50084306>		"авлахъ"@kpt	
"planície"@pt	<https://panlex.org/snapshot/panlex-20191001-csv/1573#50084377>				<https://panlex.org/snapshot/panlex-20191001-csv/1573#50084307>		"беданлъири"@kpt	
"planície"@pt	<https://panlex.org/snapshot/panlex-20191001-csv/1573#50084377>				<https://panlex.org/snapshot/panlex-20191001-csv/1573#50084304>		"авлахъ"@kpt	
"planície"@pt	<https://panlex.org/snapshot/panlex-20191001-csv/1573#50084377>				<https://panlex.org/snapshot/panlex-20191001-csv/1573#50084308>		"гьур"@kpt	
"vale"@pt	<https://panlex.org/snapshot/panlex-20191001-csv/1573#50084628>				<https://panlex.org/snapshot/panlex-20191001-csv/1573#50084582>		"гІатІилъер"@kpt	
"vale"@pt	<https://panlex.org/snapshot/panlex-20191001-csv/1573#50084628>				<https://panlex.org/snapshot/panlex-20191001-csv/1573#50084581>		"байдан"@kpt	
"vale"@pt	<https://panlex.org/snapshot/panlex-20191001-csv/1573#50084628>				<https://panlex.org/snapshot/panlex-20191001-csv/1573#50084583>		"авлахъ"@kpt	
"bosque"@pt	<https://panlex.org/snapshot/panlex-20191001-csv/1573#50089841>				<https://panlex.org/snapshot/panlex-20191001-csv/1573#50089777>		"рохьо"@kpt	
"bosque"@pt	<https://panlex.org/snapshot/panlex-20191001-csv/1573#50089841>				<https://panlex.org/snapshot/panlex-20191001-csv/1573#50089779>		"рохьу"@kpt	
"bosque"@pt	<https://panlex.org/snapshot/panlex-20191001-csv/1573#50089841>				<https://panlex.org/snapshot/panlex-20191001-csv/1573#50089778>		"парси"@kpt	
"savannah"@pt	<https://panlex.org/snapshot/panlex-20191001-csv/1573#50084378>				<https://panlex.org/snapshot/panlex-20191001-csv/1573#50084305>		"хуре"@kpt	
"savannah"@pt	<https://panlex.org/snapshot/panlex-20191001-csv/1573#50084378>				<https://panlex.org/snapshot/panlex-20191001-csv/1573#50084306>		"авлахъ"@kpt	
"savannah"@pt	<https://panlex.org/snapshot/panlex-20191001-csv/1573#50084378>				<https://panlex.org/snapshot/panlex-20191001-csv/1573#50084307>		"беданлъири"@kpt	
"savannah"@pt	<https://panlex.org/snapshot/panlex-20191001-csv/1573#50084378>				<https://panlex.org/snapshot/panlex-20191001-csv/1573#50084304>		"авлахъ"@kpt	
"savannah"@pt	<https://panlex.org/snapshot/panlex-20191001-csv/1573#50084378>				<https://panlex.org/snapshot/panlex-20191001-csv/1573#50084308>		"гьур"@kpt	
"lago"@pt	<https://panlex.org/snapshot/panlex-20191001-csv/1573#50087032>				<https://panlex.org/snapshot/panlex-20191001-csv/1573#50086986>		"игьвар"@kpt	
"lago"@pt	<https://panlex.org/snapshot/panlex-20191001-csv/1573#50087032>				<https://panlex.org/snapshot/panlex-20191001-csv/1573#50086987>		"игьур"@kpt	
"sol"@pt	<https://panlex.org/snapshot/panlex-20191001-csv/1573#50091460>				<https://panlex.org/snapshot/panlex-20191001-csv/1573#50091413>		"милъи"@kpt	
"sol"@pt	<https://panlex.org/snapshot/panlex-20191001-csv/1573#50091460>				<https://panlex.org/snapshot/panlex-20191001-csv/1573#50091412>		"милъе"@kpt	
"caverna"@pt	<https://panlex.org/snapshot/panlex-20191001-csv/1573#50085565>				<https://panlex.org/snapshot/panlex-20191001-csv/1573#50085514>		"нохъу"@kpt	
"caverna"@pt	<https://panlex.org/snapshot/panlex-20191001-csv/1573#50085565>				<https://panlex.org/snapshot/panlex-20191001-csv/1573#50085515>		"речІчІа"@kpt	
"caverna"@pt	<https://panlex.org/snapshot/panlex-20191001-csv/1573#50085565>				<https://panlex.org/snapshot/panlex-20191001-csv/1573#50085513>		"реч̅Іа"@kpt	
"céu"@pt	<https://panlex.org/snapshot/panlex-20191001-csv/1573#50091204>				<https://panlex.org/snapshot/panlex-20191001-csv/1573#50091158>		"рехьин"@kpt	
"céu"@pt	<https://panlex.org/snapshot/panlex-20191001-csv/1573#50091204>				<https://panlex.org/snapshot/panlex-20191001-csv/1573#50091157>		"решин"@kpt	
"tempestuoso"@pt	<https://panlex.org/snapshot/panlex-20191001-csv/1573#50086421>				<https://panlex.org/snapshot/panlex-20191001-csv/1573#50086390>		"абатабах"@kpt	
"tempestuoso"@pt	<https://panlex.org/snapshot/panlex-20191001-csv/1573#50086421>				<https://panlex.org/snapshot/panlex-20191001-csv/1573#50086389>		"гьалагоб"@kpt	
"areia"@pt	<https://panlex.org/snapshot/panlex-20191001-csv/1573#50083340>				<https://panlex.org/snapshot/panlex-20191001-csv/1573#50083283>		"соро"@kpt	
"areia"@pt	<https://panlex.org/snapshot/panlex-20191001-csv/1573#50083340>				<https://panlex.org/snapshot/panlex-20191001-csv/1573#50083284>		"сали"@kpt	
"solo"@pt	<https://panlex.org/snapshot/panlex-20191001-csv/1573#50082510>				<https://panlex.org/snapshot/panlex-20191001-csv/1573#50082442>		"уᴴщи"@kpt	
"solo"@pt	<https://panlex.org/snapshot/panlex-20191001-csv/1573#50082510>				<https://panlex.org/snapshot/panlex-20191001-csv/1573#50082443>		"гІуᴴши"@kpt	
"maré"@pt	<https://panlex.org/snapshot/panlex-20191001-csv/1573#50087926>				<https://panlex.org/snapshot/panlex-20191001-csv/1573#50087904>		"релъа боаᴴ-бехьвар"@kpt	
"penhasco"@pt	<https://panlex.org/snapshot/panlex-20191001-csv/1573#50084045>				<https://panlex.org/snapshot/panlex-20191001-csv/1573#50083991>		"ретІури"@kpt	
"penhasco"@pt	<https://panlex.org/snapshot/panlex-20191001-csv/1573#50084045>				<https://panlex.org/snapshot/panlex-20191001-csv/1573#50083989>		"кьеда"@kpt	
"penhasco"@pt	<https://panlex.org/snapshot/panlex-20191001-csv/1573#50084045>				<https://panlex.org/snapshot/panlex-20191001-csv/1573#50083990>		"кьури"@kpt	
"penhasco"@pt	<https://panlex.org/snapshot/panlex-20191001-csv/1573#50084045>				<https://panlex.org/snapshot/panlex-20191001-csv/1573#50083988>		"к̅Іале"@kpt	
"riacho"@pt	<https://panlex.org/snapshot/panlex-20191001-csv/1573#50088503>				<https://panlex.org/snapshot/panlex-20191001-csv/1573#50088412>		"щвалйа"@kpt	
"riacho"@pt	<https://panlex.org/snapshot/panlex-20191001-csv/1573#50088503>				<https://panlex.org/snapshot/panlex-20191001-csv/1573#50088415>		"иᴴхи"@kpt	
"riacho"@pt	<https://panlex.org/snapshot/panlex-20191001-csv/1573#50088503>				<https://panlex.org/snapshot/panlex-20191001-csv/1573#50088411>		"лъерс̅а"@kpt	
"riacho"@pt	<https://panlex.org/snapshot/panlex-20191001-csv/1573#50088503>				<https://panlex.org/snapshot/panlex-20191001-csv/1573#50088414>		"гьерса"@kpt	
"riacho"@pt	<https://panlex.org/snapshot/panlex-20191001-csv/1573#50088503>				<https://panlex.org/snapshot/panlex-20191001-csv/1573#50088413>		"эᴴх̅е"@kpt	
"redemoinho"@pt	<https://panlex.org/snapshot/panlex-20191001-csv/1573#50088758>				<https://panlex.org/snapshot/panlex-20191001-csv/1573#50088724>		"лъим сордуб макІа"@kpt	
"redemoinho"@pt	<https://panlex.org/snapshot/panlex-20191001-csv/1573#50088758>				<https://panlex.org/snapshot/panlex-20191001-csv/1573#50088723>		"лълъеᴴй с̅орер"@kpt	
"córrego"@pt	<https://panlex.org/snapshot/panlex-20191001-csv/1573#50088502>				<https://panlex.org/snapshot/panlex-20191001-csv/1573#50088412>		"щвалйа"@kpt	
"córrego"@pt	<https://panlex.org/snapshot/panlex-20191001-csv/1573#50088502>				<https://panlex.org/snapshot/panlex-20191001-csv/1573#50088415>		"иᴴхи"@kpt	
"córrego"@pt	<https://panlex.org/snapshot/panlex-20191001-csv/1573#50088502>				<https://panlex.org/snapshot/panlex-20191001-csv/1573#50088411>		"лъерс̅а"@kpt	
"córrego"@pt	<https://panlex.org/snapshot/panlex-20191001-csv/1573#50088502>				<https://panlex.org/snapshot/panlex-20191001-csv/1573#50088414>		"гьерса"@kpt	
"córrego"@pt	<https://panlex.org/snapshot/panlex-20191001-csv/1573#50088502>				<https://panlex.org/snapshot/panlex-20191001-csv/1573#50088413>		"эᴴх̅е"@kpt	
"oceano"@pt	<https://panlex.org/snapshot/panlex-20191001-csv/1573#50086805>				<https://panlex.org/snapshot/panlex-20191001-csv/1573#50086773>		"акиан"@kpt	
"oceano"@pt	<https://panlex.org/snapshot/panlex-20191001-csv/1573#50086805>				<https://panlex.org/snapshot/panlex-20191001-csv/1573#50086774>		"акеан"@kpt	
"precipício"@pt	<https://panlex.org/snapshot/panlex-20191001-csv/1573#50084046>				<https://panlex.org/snapshot/panlex-20191001-csv/1573#50083991>		"ретІури"@kpt	
"precipício"@pt	<https://panlex.org/snapshot/panlex-20191001-csv/1573#50084046>				<https://panlex.org/snapshot/panlex-20191001-csv/1573#50083989>		"кьеда"@kpt	
"precipício"@pt	<https://panlex.org/snapshot/panlex-20191001-csv/1573#50084046>				<https://panlex.org/snapshot/panlex-20191001-csv/1573#50083990>		"кьури"@kpt	
"precipício"@pt	<https://panlex.org/snapshot/panlex-20191001-csv/1573#50084046>				<https://panlex.org/snapshot/panlex-20191001-csv/1573#50083988>		"к̅Іале"@kpt	
"terreno"@pt	<https://panlex.org/snapshot/panlex-20191001-csv/1573#50082178>				<https://panlex.org/snapshot/panlex-20191001-csv/1573#50082112>		"улка"@kpt	
"terreno"@pt	<https://panlex.org/snapshot/panlex-20191001-csv/1573#50082178>				<https://panlex.org/snapshot/panlex-20191001-csv/1573#50082114>		"гІуᴴши"@kpt	
"terreno"@pt	<https://panlex.org/snapshot/panlex-20191001-csv/1573#50082178>				<https://panlex.org/snapshot/panlex-20191001-csv/1573#50082115>		"пачалихъ"@kpt	
"terreno"@pt	<https://panlex.org/snapshot/panlex-20191001-csv/1573#50082178>				<https://panlex.org/snapshot/panlex-20191001-csv/1573#50082113>		"хІукмат"@kpt	
"espuma"@pt	<https://panlex.org/snapshot/panlex-20191001-csv/1573#50086613>				<https://panlex.org/snapshot/panlex-20191001-csv/1573#50086568>		"пале"@kpt	
"espuma"@pt	<https://panlex.org/snapshot/panlex-20191001-csv/1573#50086613>				<https://panlex.org/snapshot/panlex-20191001-csv/1573#50086569>		"пала"@kpt	
"cachoeira"@pt	<https://panlex.org/snapshot/panlex-20191001-csv/1573#50089586>				<https://panlex.org/snapshot/panlex-20191001-csv/1573#50089552>		"лъим чвахидуб макІа"@kpt	
"cachoeira"@pt	<https://panlex.org/snapshot/panlex-20191001-csv/1573#50089586>				<https://panlex.org/snapshot/panlex-20191001-csv/1573#50089551>		"коре"@kpt	
"praiamar"@pt	<https://panlex.org/snapshot/panlex-20191001-csv/1573#50088134>				<https://panlex.org/snapshot/panlex-20191001-csv/1573#50088110>		"лъеᴴй бехьвар"@kpt	
"cascata"@pt	<https://panlex.org/snapshot/panlex-20191001-csv/1573#50089587>				<https://panlex.org/snapshot/panlex-20191001-csv/1573#50089552>		"лъим чвахидуб макІа"@kpt	
"cascata"@pt	<https://panlex.org/snapshot/panlex-20191001-csv/1573#50089587>				<https://panlex.org/snapshot/panlex-20191001-csv/1573#50089551>		"коре"@kpt	
"maré vazia"@pt	<https://panlex.org/snapshot/panlex-20191001-csv/1573#50088028>				<https://panlex.org/snapshot/panlex-20191001-csv/1573#50088001>		"лъим гьеда муари"@kpt	
"maré vazia"@pt	<https://panlex.org/snapshot/panlex-20191001-csv/1573#50088028>				<https://panlex.org/snapshot/panlex-20191001-csv/1573#50088000>		"лъеᴴй боаᴴ"@kpt	
"lama"@pt	<https://panlex.org/snapshot/panlex-20191001-csv/1573#50083088>				<https://panlex.org/snapshot/panlex-20191001-csv/1573#50083025>		"хІари"@kpt	
"lama"@pt	<https://panlex.org/snapshot/panlex-20191001-csv/1573#50083088>				<https://panlex.org/snapshot/panlex-20191001-csv/1573#50083024>		"ц̅Іерти"@kpt	
"madeira"@pt	<https://panlex.org/snapshot/panlex-20191001-csv/1573#50090364>				<https://panlex.org/snapshot/panlex-20191001-csv/1573#50090311>		"гьуди"@kpt	
"madeira"@pt	<https://panlex.org/snapshot/panlex-20191001-csv/1573#50090364>				<https://panlex.org/snapshot/panlex-20191001-csv/1573#50090312>		"цІули"@kpt	
"madeira"@pt	<https://panlex.org/snapshot/panlex-20191001-csv/1573#50090364>				<https://panlex.org/snapshot/panlex-20191001-csv/1573#50090310>		"лъуда"@kpt	
"rocha"@pt	<https://panlex.org/snapshot/panlex-20191001-csv/1573#50090725>				<https://panlex.org/snapshot/panlex-20191001-csv/1573#50090640>		"аᴴча"@kpt	
"rocha"@pt	<https://panlex.org/snapshot/panlex-20191001-csv/1573#50090725>				<https://panlex.org/snapshot/panlex-20191001-csv/1573#50090645>		"хъитІи"@kpt	
"rocha"@pt	<https://panlex.org/snapshot/panlex-20191001-csv/1573#50090725>				<https://panlex.org/snapshot/panlex-20191001-csv/1573#50090644>		"хъинси"@kpt	
"rocha"@pt	<https://panlex.org/snapshot/panlex-20191001-csv/1573#50090725>				<https://panlex.org/snapshot/panlex-20191001-csv/1573#50090642>		"гІанча"@kpt	
"rocha"@pt	<https://panlex.org/snapshot/panlex-20191001-csv/1573#50090725>				<https://panlex.org/snapshot/panlex-20191001-csv/1573#50090643>		"кьури"@kpt	
"rocha"@pt	<https://panlex.org/snapshot/panlex-20191001-csv/1573#50090725>				<https://panlex.org/snapshot/panlex-20191001-csv/1573#50090641>		"кьеда"@kpt	
"calhau"@pt	<https://panlex.org/snapshot/panlex-20191001-csv/1573#50090723>				<https://panlex.org/snapshot/panlex-20191001-csv/1573#50090640>		"аᴴча"@kpt	
"calhau"@pt	<https://panlex.org/snapshot/panlex-20191001-csv/1573#50090723>				<https://panlex.org/snapshot/panlex-20191001-csv/1573#50090645>		"хъитІи"@kpt	
"calhau"@pt	<https://panlex.org/snapshot/panlex-20191001-csv/1573#50090723>				<https://panlex.org/snapshot/panlex-20191001-csv/1573#50090644>		"хъинси"@kpt	
"calhau"@pt	<https://panlex.org/snapshot/panlex-20191001-csv/1573#50090723>				<https://panlex.org/snapshot/panlex-20191001-csv/1573#50090642>		"гІанча"@kpt	
"calhau"@pt	<https://panlex.org/snapshot/panlex-20191001-csv/1573#50090723>				<https://panlex.org/snapshot/panlex-20191001-csv/1573#50090643>		"кьури"@kpt	
"calhau"@pt	<https://panlex.org/snapshot/panlex-20191001-csv/1573#50090723>				<https://panlex.org/snapshot/panlex-20191001-csv/1573#50090641>		"кьеда"@kpt	
"terra firme"@pt	<https://panlex.org/snapshot/panlex-20191001-csv/1573#50085012>				<https://panlex.org/snapshot/panlex-20191001-csv/1573#50084989>		"кантинент"@kpt	
"praia"@pt	<https://panlex.org/snapshot/panlex-20191001-csv/1573#50085286>				<https://panlex.org/snapshot/panlex-20191001-csv/1573#50085220>		"релъа регІайкьІас̅"@kpt	
"praia"@pt	<https://panlex.org/snapshot/panlex-20191001-csv/1573#50085286>				<https://panlex.org/snapshot/panlex-20191001-csv/1573#50085221>		"регІил"@kpt	
"praia"@pt	<https://panlex.org/snapshot/panlex-20191001-csv/1573#50085286>				<https://panlex.org/snapshot/panlex-20191001-csv/1573#50085219>		"макІва"@kpt	
"remoinho"@pt	<https://panlex.org/snapshot/panlex-20191001-csv/1573#50088759>				<https://panlex.org/snapshot/panlex-20191001-csv/1573#50088724>		"лъим сордуб макІа"@kpt	
"remoinho"@pt	<https://panlex.org/snapshot/panlex-20191001-csv/1573#50088759>				<https://panlex.org/snapshot/panlex-20191001-csv/1573#50088723>		"лълъеᴴй с̅орер"@kpt	
"calma"@pt	<https://panlex.org/snapshot/panlex-20191001-csv/1573#50086245>				<https://panlex.org/snapshot/panlex-20191001-csv/1573#50086211>		"гъарди этаб"@kpt	
"calma"@pt	<https://panlex.org/snapshot/panlex-20191001-csv/1573#50086245>				<https://panlex.org/snapshot/panlex-20191001-csv/1573#50086210>		"гъардир итаб"@kpt	
"calmaria"@pt	<https://panlex.org/snapshot/panlex-20191001-csv/1573#50086246>				<https://panlex.org/snapshot/panlex-20191001-csv/1573#50086211>		"гъарди этаб"@kpt	
"calmaria"@pt	<https://panlex.org/snapshot/panlex-20191001-csv/1573#50086246>				<https://panlex.org/snapshot/panlex-20191001-csv/1573#50086210>		"гъардир итаб"@kpt	
"pedra"@pt	<https://panlex.org/snapshot/panlex-20191001-csv/1573#50090724>				<https://panlex.org/snapshot/panlex-20191001-csv/1573#50090640>		"аᴴча"@kpt	
"pedra"@pt	<https://panlex.org/snapshot/panlex-20191001-csv/1573#50090724>				<https://panlex.org/snapshot/panlex-20191001-csv/1573#50090645>		"хъитІи"@kpt	
"pedra"@pt	<https://panlex.org/snapshot/panlex-20191001-csv/1573#50090724>				<https://panlex.org/snapshot/panlex-20191001-csv/1573#50090644>		"хъинси"@kpt	
"pedra"@pt	<https://panlex.org/snapshot/panlex-20191001-csv/1573#50090724>				<https://panlex.org/snapshot/panlex-20191001-csv/1573#50090642>		"гІанча"@kpt	
"pedra"@pt	<https://panlex.org/snapshot/panlex-20191001-csv/1573#50090724>				<https://panlex.org/snapshot/panlex-20191001-csv/1573#50090643>		"кьури"@kpt	
"pedra"@pt	<https://panlex.org/snapshot/panlex-20191001-csv/1573#50090724>				<https://panlex.org/snapshot/panlex-20191001-csv/1573#50090641>		"кьеда"@kpt	
"água"@pt	<https://panlex.org/snapshot/panlex-20191001-csv/1573#50085813>				<https://panlex.org/snapshot/panlex-20191001-csv/1573#50085755>		"лълъим"@kpt	
"água"@pt	<https://panlex.org/snapshot/panlex-20191001-csv/1573#50085813>				<https://panlex.org/snapshot/panlex-20191001-csv/1573#50085754>		"лълъеᴴй"@kpt	
"poço"@pt	<https://panlex.org/snapshot/panlex-20191001-csv/1573#50089095>				<https://panlex.org/snapshot/panlex-20191001-csv/1573#50089020>		"хІавуз"@kpt	
"poço"@pt	<https://panlex.org/snapshot/panlex-20191001-csv/1573#50089095>				<https://panlex.org/snapshot/panlex-20191001-csv/1573#50089021>		"иᴴци"@kpt	
"poço"@pt	<https://panlex.org/snapshot/panlex-20191001-csv/1573#50089095>				<https://panlex.org/snapshot/panlex-20191001-csv/1573#50089022>		"къулгІа"@kpt	
"poço"@pt	<https://panlex.org/snapshot/panlex-20191001-csv/1573#50089095>				<https://panlex.org/snapshot/panlex-20191001-csv/1573#50089019>		"иᴴц̅е"@kpt	
"pó"@pt	<https://panlex.org/snapshot/panlex-20191001-csv/1573#50082790>				<https://panlex.org/snapshot/panlex-20191001-csv/1573#50082735>		"хІури"@kpt	
"pó"@pt	<https://panlex.org/snapshot/panlex-20191001-csv/1573#50082790>				<https://panlex.org/snapshot/panlex-20191001-csv/1573#50082734>		"хІуре"@kpt	
"onda"@pt	<https://panlex.org/snapshot/panlex-20191001-csv/1573#50087786>				<https://panlex.org/snapshot/panlex-20191001-csv/1573#50087735>		"карачел"@kpt	
"onda"@pt	<https://panlex.org/snapshot/panlex-20191001-csv/1573#50087786>				<https://panlex.org/snapshot/panlex-20191001-csv/1573#50087734>		"гаречан"@kpt	
"costa"@pt	<https://panlex.org/snapshot/panlex-20191001-csv/1573#50085284>				<https://panlex.org/snapshot/panlex-20191001-csv/1573#50085220>		"релъа регІайкьІас̅"@kpt	
"costa"@pt	<https://panlex.org/snapshot/panlex-20191001-csv/1573#50085284>				<https://panlex.org/snapshot/panlex-20191001-csv/1573#50085221>		"регІил"@kpt	
"costa"@pt	<https://panlex.org/snapshot/panlex-20191001-csv/1573#50085284>				<https://panlex.org/snapshot/panlex-20191001-csv/1573#50085219>		"макІва"@kpt	
"pantanal"@pt	<https://panlex.org/snapshot/panlex-20191001-csv/1573#50089376>				<https://panlex.org/snapshot/panlex-20191001-csv/1573#50089328>		"хьʼацІу"@kpt	
"pantanal"@pt	<https://panlex.org/snapshot/panlex-20191001-csv/1573#50089376>				<https://panlex.org/snapshot/panlex-20191001-csv/1573#50089327>		"хьуц̅Іе"@kpt	
"rio"@pt	<https://panlex.org/snapshot/panlex-20191001-csv/1573#50088504>				<https://panlex.org/snapshot/panlex-20191001-csv/1573#50088412>		"щвалйа"@kpt	
"rio"@pt	<https://panlex.org/snapshot/panlex-20191001-csv/1573#50088504>				<https://panlex.org/snapshot/panlex-20191001-csv/1573#50088415>		"иᴴхи"@kpt	
"rio"@pt	<https://panlex.org/snapshot/panlex-20191001-csv/1573#50088504>				<https://panlex.org/snapshot/panlex-20191001-csv/1573#50088411>		"лъерс̅а"@kpt	
"rio"@pt	<https://panlex.org/snapshot/panlex-20191001-csv/1573#50088504>				<https://panlex.org/snapshot/panlex-20191001-csv/1573#50088414>		"гьерса"@kpt	
"rio"@pt	<https://panlex.org/snapshot/panlex-20191001-csv/1573#50088504>				<https://panlex.org/snapshot/panlex-20191001-csv/1573#50088413>		"эᴴх̅е"@kpt	
"terremoto"@pt	<https://panlex.org/snapshot/panlex-20191001-csv/1573#50090983>				<https://panlex.org/snapshot/panlex-20191001-csv/1573#50090948>		"дунйал абатири"@kpt	
"terremoto"@pt	<https://panlex.org/snapshot/panlex-20191001-csv/1573#50090983>				<https://panlex.org/snapshot/panlex-20191001-csv/1573#50090947>		"гъалмиса"@kpt	
"pântano"@pt	<https://panlex.org/snapshot/panlex-20191001-csv/1573#50089377>				<https://panlex.org/snapshot/panlex-20191001-csv/1573#50089328>		"хьʼацІу"@kpt	
"pântano"@pt	<https://panlex.org/snapshot/panlex-20191001-csv/1573#50089377>				<https://panlex.org/snapshot/panlex-20191001-csv/1573#50089327>		"хьуц̅Іе"@kpt	
"preamar"@pt	<https://panlex.org/snapshot/panlex-20191001-csv/1573#50088135>				<https://panlex.org/snapshot/panlex-20191001-csv/1573#50088110>		"лъеᴴй бехьвар"@kpt	
"mar"@pt	<https://panlex.org/snapshot/panlex-20191001-csv/1573#50086049>				<https://panlex.org/snapshot/panlex-20191001-csv/1573#50085998>		"релъа"@kpt	
"mar"@pt	<https://panlex.org/snapshot/panlex-20191001-csv/1573#50086049>				<https://panlex.org/snapshot/panlex-20191001-csv/1573#50085999>		"релъа"@kpt	
"morro"@pt	<https://panlex.org/snapshot/panlex-20191001-csv/1573#50083705>				<https://panlex.org/snapshot/panlex-20191001-csv/1573#50083632>		"гьангъу"@kpt	
"morro"@pt	<https://panlex.org/snapshot/panlex-20191001-csv/1573#50083705>				<https://panlex.org/snapshot/panlex-20191001-csv/1573#50083631>		"беса"@kpt	
"morro"@pt	<https://panlex.org/snapshot/panlex-20191001-csv/1573#50083705>				<https://panlex.org/snapshot/panlex-20191001-csv/1573#50083630>		"кьеда"@kpt	
"morro"@pt	<https://panlex.org/snapshot/panlex-20191001-csv/1573#50083705>				<https://panlex.org/snapshot/panlex-20191001-csv/1573#50083629>		"гьаᴴда"@kpt	
"árvore"@pt	<https://panlex.org/snapshot/panlex-20191001-csv/1573#50090110>				<https://panlex.org/snapshot/panlex-20191001-csv/1573#50090055>		"роша"@kpt	
"árvore"@pt	<https://panlex.org/snapshot/panlex-20191001-csv/1573#50090110>				<https://panlex.org/snapshot/panlex-20191001-csv/1573#50090056>		"рухьʼа"@kpt	
"gruta"@pt	<https://panlex.org/snapshot/panlex-20191001-csv/1573#50085566>				<https://panlex.org/snapshot/panlex-20191001-csv/1573#50085514>		"нохъу"@kpt	
"gruta"@pt	<https://panlex.org/snapshot/panlex-20191001-csv/1573#50085566>				<https://panlex.org/snapshot/panlex-20191001-csv/1573#50085515>		"речІчІа"@kpt	
"gruta"@pt	<https://panlex.org/snapshot/panlex-20191001-csv/1573#50085566>				<https://panlex.org/snapshot/panlex-20191001-csv/1573#50085513>		"реч̅Іа"@kpt	
"margem"@pt	<https://panlex.org/snapshot/panlex-20191001-csv/1573#50085285>				<https://panlex.org/snapshot/panlex-20191001-csv/1573#50085220>		"релъа регІайкьІас̅"@kpt	
"margem"@pt	<https://panlex.org/snapshot/panlex-20191001-csv/1573#50085285>				<https://panlex.org/snapshot/panlex-20191001-csv/1573#50085221>		"регІил"@kpt	
"margem"@pt	<https://panlex.org/snapshot/panlex-20191001-csv/1573#50085285>				<https://panlex.org/snapshot/panlex-20191001-csv/1573#50085219>		"макІва"@kpt	
"nascente"@pt	<https://panlex.org/snapshot/panlex-20191001-csv/1573#50089094>				<https://panlex.org/snapshot/panlex-20191001-csv/1573#50089020>		"хІавуз"@kpt	
"nascente"@pt	<https://panlex.org/snapshot/panlex-20191001-csv/1573#50089094>				<https://panlex.org/snapshot/panlex-20191001-csv/1573#50089021>		"иᴴци"@kpt	
"nascente"@pt	<https://panlex.org/snapshot/panlex-20191001-csv/1573#50089094>				<https://panlex.org/snapshot/panlex-20191001-csv/1573#50089022>		"къулгІа"@kpt	
"nascente"@pt	<https://panlex.org/snapshot/panlex-20191001-csv/1573#50089094>				<https://panlex.org/snapshot/panlex-20191001-csv/1573#50089019>		"иᴴц̅е"@kpt	
"floresta"@pt	<https://panlex.org/snapshot/panlex-20191001-csv/1573#50089842>				<https://panlex.org/snapshot/panlex-20191001-csv/1573#50089777>		"рохьо"@kpt	
"floresta"@pt	<https://panlex.org/snapshot/panlex-20191001-csv/1573#50089842>				<https://panlex.org/snapshot/panlex-20191001-csv/1573#50089779>		"рохьу"@kpt	
"floresta"@pt	<https://panlex.org/snapshot/panlex-20191001-csv/1573#50089842>				<https://panlex.org/snapshot/panlex-20191001-csv/1573#50089778>		"парси"@kpt	
"quarta-feira"@pt	<https://panlex.org/snapshot/panlex-20191001-csv/2892#110825118>				<https://panlex.org/snapshot/panlex-20191001-csv/2892#110825041>		"боъолӏор"@kpt	
"quinta-feira"@pt	<https://panlex.org/snapshot/panlex-20191001-csv/2892#110825682>				<https://panlex.org/snapshot/panlex-20191001-csv/2892#110825655>		"ракьир"@kpt	
"terça-feira"@pt	<https://panlex.org/snapshot/panlex-20191001-csv/2892#110824466>				<https://panlex.org/snapshot/panlex-20191001-csv/2892#110824602>		"лӏабдалӏор"@kpt	
"sábado"@pt	<https://panlex.org/snapshot/panlex-20191001-csv/2892#110826545>				<https://panlex.org/snapshot/panlex-20191001-csv/2892#110826411>		"цеблӏор"@kpt	
"sexta-feira"@pt	<https://panlex.org/snapshot/panlex-20191001-csv/2892#110825834>				<https://panlex.org/snapshot/panlex-20191001-csv/2892#110825957>		"рузма зебу"@kpt	
"domingo"@pt	<https://panlex.org/snapshot/panlex-20191001-csv/2892#110826708>				<https://panlex.org/snapshot/panlex-20191001-csv/2892#110826770>		"базар-зебу"@kpt	
"domingo"@pt	<https://panlex.org/snapshot/panlex-20191001-csv/2892#110826708>				<https://panlex.org/snapshot/panlex-20191001-csv/2892#110826583>		"гьатӏан"@kpt	
"segunda-feira"@pt	<https://panlex.org/snapshot/panlex-20191001-csv/2892#110824153>				<https://panlex.org/snapshot/panlex-20191001-csv/2892#110824117>		"кӏедалӏор"@kpt	
