"aŋhu-"@ae	<https://panlex.org/snapshot/panlex-20191001-csv/1573#50081716>				<https://panlex.org/snapshot/panlex-20191001-csv/1573#50081751>		"hohi"@cuj	
"auruša-"@ae	<https://panlex.org/snapshot/panlex-20191001-csv/1573#50091302>				<https://panlex.org/snapshot/panlex-20191001-csv/1573#50091341>		"tka-či"@cuj	
"asan-"@ae	<https://panlex.org/snapshot/panlex-20191001-csv/1573#50090472>				<https://panlex.org/snapshot/panlex-20191001-csv/1573#50090528>		"sotľɨ"@cuj	
"vairi-"@ae	<https://panlex.org/snapshot/panlex-20191001-csv/1573#50086881>				<https://panlex.org/snapshot/panlex-20191001-csv/1573#50086921>		"wenɨ"@cuj	
"vairi-"@ae	<https://panlex.org/snapshot/panlex-20191001-csv/1573#50086881>				<https://panlex.org/snapshot/panlex-20191001-csv/1573#50086920>		"pow-ha"@cuj	
"asman-"@ae	<https://panlex.org/snapshot/panlex-20191001-csv/1573#50091049>				<https://panlex.org/snapshot/panlex-20191001-csv/1573#50091090>		"tenhohne"@cuj	
"asman-"@ae	<https://panlex.org/snapshot/panlex-20191001-csv/1573#50091049>				<https://panlex.org/snapshot/panlex-20191001-csv/1573#50091091>		"teno"@cuj	
"nabah-"@ae	<https://panlex.org/snapshot/panlex-20191001-csv/1573#50091050>				<https://panlex.org/snapshot/panlex-20191001-csv/1573#50091090>		"tenhohne"@cuj	
"nabah-"@ae	<https://panlex.org/snapshot/panlex-20191001-csv/1573#50091050>				<https://panlex.org/snapshot/panlex-20191001-csv/1573#50091091>		"teno"@cuj	
"hvarə"@ae	<https://panlex.org/snapshot/panlex-20191001-csv/1573#50091303>				<https://panlex.org/snapshot/panlex-20191001-csv/1573#50091341>		"tka-či"@cuj	
"zam-"@ae	<https://panlex.org/snapshot/panlex-20191001-csv/1573#50081973>				<https://panlex.org/snapshot/panlex-20191001-csv/1573#50082019>		"čixi"@cuj	
"zarštva-"@ae	<https://panlex.org/snapshot/panlex-20191001-csv/1573#50090473>				<https://panlex.org/snapshot/panlex-20191001-csv/1573#50090528>		"sotľɨ"@cuj	
"pąsnu-"@ae	<https://panlex.org/snapshot/panlex-20191001-csv/1573#50082617>				<https://panlex.org/snapshot/panlex-20191001-csv/1573#50082658>		"pahi"@cuj	
"razura-"@ae	<https://panlex.org/snapshot/panlex-20191001-csv/1573#50089653>				<https://panlex.org/snapshot/panlex-20191001-csv/1573#50089694>		"hoša"@cuj	
"ǰąfnu-"@ae	<https://panlex.org/snapshot/panlex-20191001-csv/1573#50084482>				<https://panlex.org/snapshot/panlex-20191001-csv/1573#50084514>		"mahka čpaľe"@cuj	
"ǰąfnu-"@ae	<https://panlex.org/snapshot/panlex-20191001-csv/1573#50084482>				<https://panlex.org/snapshot/panlex-20191001-csv/1573#50084515>		"čpaľe"@cuj	
"*θraotah-"@ae	<https://panlex.org/snapshot/panlex-20191001-csv/1573#50088208>				<https://panlex.org/snapshot/panlex-20191001-csv/1573#50088275>		"hapha"@cuj	
"*θraotah-"@ae	<https://panlex.org/snapshot/panlex-20191001-csv/1573#50088208>				<https://panlex.org/snapshot/panlex-20191001-csv/1573#50088276>		"wenɨ"@cuj	
"bərəzah-"@ae	<https://panlex.org/snapshot/panlex-20191001-csv/1573#50083451>				<https://panlex.org/snapshot/panlex-20191001-csv/1573#50083511>		"pxita"@cuj	
"bərəzah-"@ae	<https://panlex.org/snapshot/panlex-20191001-csv/1573#50083451>				<https://panlex.org/snapshot/panlex-20191001-csv/1573#50083510>		"mahka"@cuj	
"pāra-"@ae	<https://panlex.org/snapshot/panlex-20191001-csv/1573#50085077>				<https://panlex.org/snapshot/panlex-20191001-csv/1573#50085118>		"wakanɨ"@cuj	
"varəša-"@ae	<https://panlex.org/snapshot/panlex-20191001-csv/1573#50089943>				<https://panlex.org/snapshot/panlex-20191001-csv/1573#50089985>		"hah-mɨna"@cuj	
"varəša-"@ae	<https://panlex.org/snapshot/panlex-20191001-csv/1573#50089943>				<https://panlex.org/snapshot/panlex-20191001-csv/1573#50089986>		"mɨna"@cuj	
"gaēθā-"@ae	<https://panlex.org/snapshot/panlex-20191001-csv/1573#50081717>				<https://panlex.org/snapshot/panlex-20191001-csv/1573#50081751>		"hohi"@cuj	
"gairi-"@ae	<https://panlex.org/snapshot/panlex-20191001-csv/1573#50083452>				<https://panlex.org/snapshot/panlex-20191001-csv/1573#50083511>		"pxita"@cuj	
"gairi-"@ae	<https://panlex.org/snapshot/panlex-20191001-csv/1573#50083452>				<https://panlex.org/snapshot/panlex-20191001-csv/1573#50083510>		"mahka"@cuj	
"varəmi-"@ae	<https://panlex.org/snapshot/panlex-20191001-csv/1573#50087634>				<https://panlex.org/snapshot/panlex-20191001-csv/1573#50087670>		"špɨrha"@cuj	
"dāuru-"@ae	<https://panlex.org/snapshot/panlex-20191001-csv/1573#50090198>				<https://panlex.org/snapshot/panlex-20191001-csv/1573#50090234>		"hah-mɨna"@cuj	
"dāuru-"@ae	<https://panlex.org/snapshot/panlex-20191001-csv/1573#50090198>				<https://panlex.org/snapshot/panlex-20191001-csv/1573#50090235>		"mɨna"@cuj	
"karšvar-"@ae	<https://panlex.org/snapshot/panlex-20191001-csv/1573#50084916>				<https://panlex.org/snapshot/panlex-20191001-csv/1573#50084934>		"c̷rɨrɨ"@cuj	
"karšvar-"@ae	<https://panlex.org/snapshot/panlex-20191001-csv/1573#50084916>				<https://panlex.org/snapshot/panlex-20191001-csv/1573#50084935>		"špotɨ"@cuj	
"ravan-"@ae	<https://panlex.org/snapshot/panlex-20191001-csv/1573#50088209>				<https://panlex.org/snapshot/panlex-20191001-csv/1573#50088275>		"hapha"@cuj	
"ravan-"@ae	<https://panlex.org/snapshot/panlex-20191001-csv/1573#50088209>				<https://panlex.org/snapshot/panlex-20191001-csv/1573#50088276>		"wenɨ"@cuj	
"būmi"@ae	<https://panlex.org/snapshot/panlex-20191001-csv/1573#50081972>				<https://panlex.org/snapshot/panlex-20191001-csv/1573#50082019>		"čixi"@cuj	
"paurvatā"@ae	<https://panlex.org/snapshot/panlex-20191001-csv/1573#50083453>				<https://panlex.org/snapshot/panlex-20191001-csv/1573#50083511>		"pxita"@cuj	
"paurvatā"@ae	<https://panlex.org/snapshot/panlex-20191001-csv/1573#50083453>				<https://panlex.org/snapshot/panlex-20191001-csv/1573#50083510>		"mahka"@cuj	
"dvaēpa-"@ae	<https://panlex.org/snapshot/panlex-20191001-csv/1573#50084704>				<https://panlex.org/snapshot/panlex-20191001-csv/1573#50084734>		"kaniprekľɨ"@cuj	
"dvaēpa-"@ae	<https://panlex.org/snapshot/panlex-20191001-csv/1573#50084704>				<https://panlex.org/snapshot/panlex-20191001-csv/1573#50084733>		"kaniprekľi"@cuj	
"vanā-"@ae	<https://panlex.org/snapshot/panlex-20191001-csv/1573#50089942>				<https://panlex.org/snapshot/panlex-20191001-csv/1573#50089985>		"hah-mɨna"@cuj	
"vanā-"@ae	<https://panlex.org/snapshot/panlex-20191001-csv/1573#50089942>				<https://panlex.org/snapshot/panlex-20191001-csv/1573#50089986>		"mɨna"@cuj	
"āp-"@ae	<https://panlex.org/snapshot/panlex-20191001-csv/1573#50085649>				<https://panlex.org/snapshot/panlex-20191001-csv/1573#50085685>		"ha"@cuj	
"āp-"@ae	<https://panlex.org/snapshot/panlex-20191001-csv/1573#50085649>				<https://panlex.org/snapshot/panlex-20191001-csv/1573#50085686>		"honɨ"@cuj	
