"инлӏиликьажо"@akv	<https://panlex.org/snapshot/panlex-20191001-csv/2892#110825448>				<https://panlex.org/snapshot/panlex-20191001-csv/2892#110825499>		"اَشَلْ وَنْ اَلْخِمِيسْ"@taq	
"инлӏиликьажо"@akv	<https://panlex.org/snapshot/panlex-20191001-csv/2892#110825448>				<https://panlex.org/snapshot/panlex-20191001-csv/2892#110825446>		"ašăl wa-n ălxəmis"@taq	
"арибагӏи"@akv	<https://panlex.org/snapshot/panlex-20191001-csv/2892#110824948>				<https://panlex.org/snapshot/panlex-20191001-csv/2892#110825136>		"اَشَلْ وَنْ اَلَرْبَ"@taq	
"арибагӏи"@akv	<https://panlex.org/snapshot/panlex-20191001-csv/2892#110824948>				<https://panlex.org/snapshot/panlex-20191001-csv/2892#110825155>		"ašăl wa-n ălarba"@taq	
"кӏебиликьажо"@akv	<https://panlex.org/snapshot/panlex-20191001-csv/2892#110827035>				<https://panlex.org/snapshot/panlex-20191001-csv/2892#110826869>		"ašăl wa-n ălxăd"@taq	
"кӏебиликьажо"@akv	<https://panlex.org/snapshot/panlex-20191001-csv/2892#110827035>				<https://panlex.org/snapshot/panlex-20191001-csv/2892#110827011>		"اَشَلْ وَنْ اَلْخَدْ"@taq	
"лъӏабиликьажо"@akv	<https://panlex.org/snapshot/panlex-20191001-csv/2892#110824086>				<https://panlex.org/snapshot/panlex-20191001-csv/2892#110824017>		"ašăl wa-n litni"@taq	
"лъӏабиликьажо"@akv	<https://panlex.org/snapshot/panlex-20191001-csv/2892#110824086>				<https://panlex.org/snapshot/panlex-20191001-csv/2892#110824357>		"اَشَلْ وَنْ لِيتْنىِ"@taq	
"итини"@akv	<https://panlex.org/snapshot/panlex-20191001-csv/2892#110824371>				<https://panlex.org/snapshot/panlex-20191001-csv/2892#110824017>		"ašăl wa-n litni"@taq	
"итини"@akv	<https://panlex.org/snapshot/panlex-20191001-csv/2892#110824371>				<https://panlex.org/snapshot/panlex-20191001-csv/2892#110824357>		"اَشَلْ وَنْ لِيتْنىِ"@taq	
"иштуликьажо"@akv	<https://panlex.org/snapshot/panlex-20191001-csv/2892#110824936>				<https://panlex.org/snapshot/panlex-20191001-csv/2892#110825136>		"اَشَلْ وَنْ اَلَرْبَ"@taq	
"иштуликьажо"@akv	<https://panlex.org/snapshot/panlex-20191001-csv/2892#110824936>				<https://panlex.org/snapshot/panlex-20191001-csv/2892#110825155>		"ašăl wa-n ălarba"@taq	
"талати"@akv	<https://panlex.org/snapshot/panlex-20191001-csv/2892#110824774>				<https://panlex.org/snapshot/panlex-20191001-csv/2892#110824639>		"ašăl wa-n təlata"@taq	
"талати"@akv	<https://panlex.org/snapshot/panlex-20191001-csv/2892#110824774>				<https://panlex.org/snapshot/panlex-20191001-csv/2892#110824432>		"اَشَلْ وَنْ تِلَاتَ"@taq	
"хамизи"@akv	<https://panlex.org/snapshot/panlex-20191001-csv/2892#110825383>				<https://panlex.org/snapshot/panlex-20191001-csv/2892#110825499>		"اَشَلْ وَنْ اَلْخِمِيسْ"@taq	
"хамизи"@akv	<https://panlex.org/snapshot/panlex-20191001-csv/2892#110825383>				<https://panlex.org/snapshot/panlex-20191001-csv/2892#110825446>		"ašăl wa-n ălxəmis"@taq	
"гьатӏа"@akv	<https://panlex.org/snapshot/panlex-20191001-csv/2892#110826619>				<https://panlex.org/snapshot/panlex-20191001-csv/2892#110826869>		"ašăl wa-n ălxăd"@taq	
"гьатӏа"@akv	<https://panlex.org/snapshot/panlex-20191001-csv/2892#110826619>				<https://panlex.org/snapshot/panlex-20191001-csv/2892#110827011>		"اَشَلْ وَنْ اَلْخَدْ"@taq	
"шамати"@akv	<https://panlex.org/snapshot/panlex-20191001-csv/2892#110826341>				<https://panlex.org/snapshot/panlex-20191001-csv/2892#110826393>		"ašăl wa-n əssəbbət"@taq	
"шамати"@akv	<https://panlex.org/snapshot/panlex-20191001-csv/2892#110826341>				<https://panlex.org/snapshot/panlex-20191001-csv/2892#110826204>		"اَشَلْ وَنْ اِسِبِتْ"@taq	
"инкӏаче жо"@akv	<https://panlex.org/snapshot/panlex-20191001-csv/2892#110826018>				<https://panlex.org/snapshot/panlex-20191001-csv/2892#110825703>		"ašăl wa-n ălžumaɣăt"@taq	
"инкӏаче жо"@akv	<https://panlex.org/snapshot/panlex-20191001-csv/2892#110826018>				<https://panlex.org/snapshot/panlex-20191001-csv/2892#110825947>		"اَشَلْ وَنْ اَلْجُمَاغَتْ"@taq	
"бокъӏиликьажо"@akv	<https://panlex.org/snapshot/panlex-20191001-csv/2892#110824546>				<https://panlex.org/snapshot/panlex-20191001-csv/2892#110824639>		"ašăl wa-n təlata"@taq	
"бокъӏиликьажо"@akv	<https://panlex.org/snapshot/panlex-20191001-csv/2892#110824546>				<https://panlex.org/snapshot/panlex-20191001-csv/2892#110824432>		"اَشَلْ وَنْ تِلَاتَ"@taq	
"рожома"@akv	<https://panlex.org/snapshot/panlex-20191001-csv/2892#110826052>				<https://panlex.org/snapshot/panlex-20191001-csv/2892#110825703>		"ašăl wa-n ălžumaɣăt"@taq	
"рожома"@akv	<https://panlex.org/snapshot/panlex-20191001-csv/2892#110826052>				<https://panlex.org/snapshot/panlex-20191001-csv/2892#110825947>		"اَشَلْ وَنْ اَلْجُمَاغَتْ"@taq	
