"инлӏиликьажо"@akv	<https://panlex.org/snapshot/panlex-20191001-csv/2892#110825448>				<https://panlex.org/snapshot/panlex-20191001-csv/2892#110825688>		"வியாழன்"@ta	
"арибагӏи"@akv	<https://panlex.org/snapshot/panlex-20191001-csv/2892#110824948>				<https://panlex.org/snapshot/panlex-20191001-csv/2892#110825259>		"புதன்"@ta	
"кӏебиликьажо"@akv	<https://panlex.org/snapshot/panlex-20191001-csv/2892#110827035>				<https://panlex.org/snapshot/panlex-20191001-csv/2892#110826686>		"ஞாயிறு"@ta	
"лъӏабиликьажо"@akv	<https://panlex.org/snapshot/panlex-20191001-csv/2892#110824086>				<https://panlex.org/snapshot/panlex-20191001-csv/2892#110824317>		"திங்கள்"@ta	
"итини"@akv	<https://panlex.org/snapshot/panlex-20191001-csv/2892#110824371>				<https://panlex.org/snapshot/panlex-20191001-csv/2892#110824317>		"திங்கள்"@ta	
"иштуликьажо"@akv	<https://panlex.org/snapshot/panlex-20191001-csv/2892#110824936>				<https://panlex.org/snapshot/panlex-20191001-csv/2892#110825259>		"புதன்"@ta	
"талати"@akv	<https://panlex.org/snapshot/panlex-20191001-csv/2892#110824774>				<https://panlex.org/snapshot/panlex-20191001-csv/2892#110824736>		"செவ்வாய்"@ta	
"хамизи"@akv	<https://panlex.org/snapshot/panlex-20191001-csv/2892#110825383>				<https://panlex.org/snapshot/panlex-20191001-csv/2892#110825688>		"வியாழன்"@ta	
"гьатӏа"@akv	<https://panlex.org/snapshot/panlex-20191001-csv/2892#110826619>				<https://panlex.org/snapshot/panlex-20191001-csv/2892#110826686>		"ஞாயிறு"@ta	
"шамати"@akv	<https://panlex.org/snapshot/panlex-20191001-csv/2892#110826341>				<https://panlex.org/snapshot/panlex-20191001-csv/2892#110826374>		"சனி"@ta	
"инкӏаче жо"@akv	<https://panlex.org/snapshot/panlex-20191001-csv/2892#110826018>				<https://panlex.org/snapshot/panlex-20191001-csv/2892#110825704>		"வெள்ளி"@ta	
"бокъӏиликьажо"@akv	<https://panlex.org/snapshot/panlex-20191001-csv/2892#110824546>				<https://panlex.org/snapshot/panlex-20191001-csv/2892#110824736>		"செவ்வாய்"@ta	
"рожома"@akv	<https://panlex.org/snapshot/panlex-20191001-csv/2892#110826052>				<https://panlex.org/snapshot/panlex-20191001-csv/2892#110825704>		"வெள்ளி"@ta	
