"рец̄Іа"@akv	<https://panlex.org/snapshot/panlex-20191001-csv/1573#50085385>				<https://panlex.org/snapshot/panlex-20191001-csv/1573#50085388>		"’guvə"@als	
"рец̄Іа"@akv	<https://panlex.org/snapshot/panlex-20191001-csv/1573#50085385>				<https://panlex.org/snapshot/panlex-20191001-csv/1573#50085389>		"’uǰə"@als	
"рец̄Іа"@akv	<https://panlex.org/snapshot/panlex-20191001-csv/1573#50085385>				<https://panlex.org/snapshot/panlex-20191001-csv/1573#50085390>		"’špelə"@als	
"лълъеᴴкасе"@akv	<https://panlex.org/snapshot/panlex-20191001-csv/1573#50089444>				<https://panlex.org/snapshot/panlex-20191001-csv/1573#50089446>		"uyə’varə"@als	
"беда"@akv	<https://panlex.org/snapshot/panlex-20191001-csv/1573#50082864>				<https://panlex.org/snapshot/panlex-20191001-csv/1573#50082869>		"’balʸtə"@als	
"иц̄и"@akv	<https://panlex.org/snapshot/panlex-20191001-csv/1573#50088811>				<https://panlex.org/snapshot/panlex-20191001-csv/1573#50088817>		"bu’romə"@als	
"иц̄и"@akv	<https://panlex.org/snapshot/panlex-20191001-csv/1573#50088811>				<https://panlex.org/snapshot/panlex-20191001-csv/1573#50088818>		"pus"@als	
"иц̄и"@akv	<https://panlex.org/snapshot/panlex-20191001-csv/1573#50088811>				<https://panlex.org/snapshot/panlex-20191001-csv/1573#50088819>		"’gufə"@als	
"иц̄и"@akv	<https://panlex.org/snapshot/panlex-20191001-csv/1573#50088811>				<https://panlex.org/snapshot/panlex-20191001-csv/1573#50088820>		"’krua"@als	
"иц̄и"@akv	<https://panlex.org/snapshot/panlex-20191001-csv/1573#50088811>				<https://panlex.org/snapshot/panlex-20191001-csv/1573#50088816>		"bu’rim"@als	
"чорокинари"@akv	<https://panlex.org/snapshot/panlex-20191001-csv/1573#50082867>				<https://panlex.org/snapshot/panlex-20191001-csv/1573#50082869>		"’balʸtə"@als	
"лълъеᴴлІи бакьІа"@akv	<https://panlex.org/snapshot/panlex-20191001-csv/1573#50085050>				<https://panlex.org/snapshot/panlex-20191001-csv/1573#50085055>		"breg’det"@als	
"лълъеᴴлІи бакьІа"@akv	<https://panlex.org/snapshot/panlex-20191001-csv/1573#50085050>				<https://panlex.org/snapshot/panlex-20191001-csv/1573#50085054>		"breg"@als	
"лълъеᴴлІи бакьІа"@akv	<https://panlex.org/snapshot/panlex-20191001-csv/1573#50085050>				<https://panlex.org/snapshot/panlex-20191001-csv/1573#50085056>		"plaž"@als	
"битІара"@akv	<https://panlex.org/snapshot/panlex-20191001-csv/1573#50084461>				<https://panlex.org/snapshot/panlex-20191001-csv/1573#50084462>		"lʸu’ginə"@als	
"мачІали"@akv	<https://panlex.org/snapshot/panlex-20191001-csv/1573#50088814>				<https://panlex.org/snapshot/panlex-20191001-csv/1573#50088817>		"bu’romə"@als	
"мачІали"@akv	<https://panlex.org/snapshot/panlex-20191001-csv/1573#50088814>				<https://panlex.org/snapshot/panlex-20191001-csv/1573#50088818>		"pus"@als	
"мачІали"@akv	<https://panlex.org/snapshot/panlex-20191001-csv/1573#50088814>				<https://panlex.org/snapshot/panlex-20191001-csv/1573#50088819>		"’gufə"@als	
"мачІали"@akv	<https://panlex.org/snapshot/panlex-20191001-csv/1573#50088814>				<https://panlex.org/snapshot/panlex-20191001-csv/1573#50088820>		"’krua"@als	
"мачІали"@akv	<https://panlex.org/snapshot/panlex-20191001-csv/1573#50088814>				<https://panlex.org/snapshot/panlex-20191001-csv/1573#50088816>		"bu’rim"@als	
"уᴴс̄икоре"@akv	<https://panlex.org/snapshot/panlex-20191001-csv/1573#50090840>				<https://panlex.org/snapshot/panlex-20191001-csv/1573#50090842>		"tər’met"@als	
"лъІирц̅Іи"@akv	<https://panlex.org/snapshot/panlex-20191001-csv/1573#50089188>				<https://panlex.org/snapshot/panlex-20191001-csv/1573#50089191>		"mo’čalʸ"@als	
"лъІирц̅Іи"@akv	<https://panlex.org/snapshot/panlex-20191001-csv/1573#50089188>				<https://panlex.org/snapshot/panlex-20191001-csv/1573#50089190>		"kə’netə"@als	
"дуняли"@akv	<https://panlex.org/snapshot/panlex-20191001-csv/1573#50081690>				<https://panlex.org/snapshot/panlex-20191001-csv/1573#50081693>		"ðe"@als	
"дуняли"@akv	<https://panlex.org/snapshot/panlex-20191001-csv/1573#50081690>				<https://panlex.org/snapshot/panlex-20191001-csv/1573#50081692>		"r̃okulʸi a’lʸem"@als	
"дуняли"@akv	<https://panlex.org/snapshot/panlex-20191001-csv/1573#50081690>				<https://panlex.org/snapshot/panlex-20191001-csv/1573#50081694>		"’botə"@als	
"дуняли"@akv	<https://panlex.org/snapshot/panlex-20191001-csv/1573#50081690>				<https://panlex.org/snapshot/panlex-20191001-csv/1573#50081691>		"dü’ɲa"@als	
"тата"@akv	<https://panlex.org/snapshot/panlex-20191001-csv/1573#50082598>				<https://panlex.org/snapshot/panlex-20191001-csv/1573#50082600>		"’pluhur"@als	
"л̄ъени"@akv	<https://panlex.org/snapshot/panlex-20191001-csv/1573#50085627>				<https://panlex.org/snapshot/panlex-20191001-csv/1573#50085630>		"’uyə"@als	
"ралъа"@akv	<https://panlex.org/snapshot/panlex-20191001-csv/1573#50085888>				<https://panlex.org/snapshot/panlex-20191001-csv/1573#50085891>		"det"@als	
"океани"@akv	<https://panlex.org/snapshot/panlex-20191001-csv/1573#50086683>				<https://panlex.org/snapshot/panlex-20191001-csv/1573#50086684>		"okʸean"@als	
"лълъен орц̅Іидаб миша"@akv	<https://panlex.org/snapshot/panlex-20191001-csv/1573#50089445>				<https://panlex.org/snapshot/panlex-20191001-csv/1573#50089446>		"uyə’varə"@als	
"бакьІа"@akv	<https://panlex.org/snapshot/panlex-20191001-csv/1573#50085049>				<https://panlex.org/snapshot/panlex-20191001-csv/1573#50085055>		"breg’det"@als	
"бакьІа"@akv	<https://panlex.org/snapshot/panlex-20191001-csv/1573#50085049>				<https://panlex.org/snapshot/panlex-20191001-csv/1573#50085054>		"breg"@als	
"бакьІа"@akv	<https://panlex.org/snapshot/panlex-20191001-csv/1573#50085049>				<https://panlex.org/snapshot/panlex-20191001-csv/1573#50085056>		"plaž"@als	
"парс̅и"@akv	<https://panlex.org/snapshot/panlex-20191001-csv/1573#50083820>				<https://panlex.org/snapshot/panlex-20191001-csv/1573#50083822>		"gre’minə"@als	
"парс̅и"@akv	<https://panlex.org/snapshot/panlex-20191001-csv/1573#50083820>				<https://panlex.org/snapshot/panlex-20191001-csv/1573#50083823>		"hum’nerə"@als	
"къобо"@akv	<https://panlex.org/snapshot/panlex-20191001-csv/1573#50083411>				<https://panlex.org/snapshot/panlex-20191001-csv/1573#50083413>		"malʸ"@als	
"кьІада бекъІери"@akv	<https://panlex.org/snapshot/panlex-20191001-csv/1573#50087848>				<https://panlex.org/snapshot/panlex-20191001-csv/1573#50087850>		"’r̃ümə"@als	
"кьІада бекъІери"@akv	<https://panlex.org/snapshot/panlex-20191001-csv/1573#50087848>				<https://panlex.org/snapshot/panlex-20191001-csv/1573#50087849>		"zba’tic̷ə"@als	
"гъизи"@akv	<https://panlex.org/snapshot/panlex-20191001-csv/1573#50082865>				<https://panlex.org/snapshot/panlex-20191001-csv/1573#50082869>		"’balʸtə"@als	
"уᴴс̄и"@akv	<https://panlex.org/snapshot/panlex-20191001-csv/1573#50082281>				<https://panlex.org/snapshot/panlex-20191001-csv/1573#50082284>		"’tokə"@als	
"уᴴс̄и"@akv	<https://panlex.org/snapshot/panlex-20191001-csv/1573#50082281>				<https://panlex.org/snapshot/panlex-20191001-csv/1573#50082285>		"’trualʸ"@als	
"хъІури"@akv	<https://panlex.org/snapshot/panlex-20191001-csv/1573#50084114>				<https://panlex.org/snapshot/panlex-20191001-csv/1573#50084116>		"’fušə"@als	
"милъи"@akv	<https://panlex.org/snapshot/panlex-20191001-csv/1573#50091282>				<https://panlex.org/snapshot/panlex-20191001-csv/1573#50091284>		"diel"@als	
"чІиᴴкІилъи"@akv	<https://panlex.org/snapshot/panlex-20191001-csv/1573#50084681>				<https://panlex.org/snapshot/panlex-20191001-csv/1573#50084684>		"’išul"@als	
"акеаниы"@akv	<https://panlex.org/snapshot/panlex-20191001-csv/1573#50086682>				<https://panlex.org/snapshot/panlex-20191001-csv/1573#50086684>		"okʸean"@als	
"ралъа бакьІихъелъери"@akv	<https://panlex.org/snapshot/panlex-20191001-csv/1573#50085052>				<https://panlex.org/snapshot/panlex-20191001-csv/1573#50085055>		"breg’det"@als	
"ралъа бакьІихъелъери"@akv	<https://panlex.org/snapshot/panlex-20191001-csv/1573#50085052>				<https://panlex.org/snapshot/panlex-20191001-csv/1573#50085054>		"breg"@als	
"ралъа бакьІихъелъери"@akv	<https://panlex.org/snapshot/panlex-20191001-csv/1573#50085052>				<https://panlex.org/snapshot/panlex-20191001-csv/1573#50085056>		"plaž"@als	
"руша"@akv	<https://panlex.org/snapshot/panlex-20191001-csv/1573#50089919>				<https://panlex.org/snapshot/panlex-20191001-csv/1573#50089922>		"’pemə"@als	
"руша"@akv	<https://panlex.org/snapshot/panlex-20191001-csv/1573#50089630>				<https://panlex.org/snapshot/panlex-20191001-csv/1573#50089633>		"pül"@als	
"кантиненти"@akv	<https://panlex.org/snapshot/panlex-20191001-csv/1573#50084899>				<https://panlex.org/snapshot/panlex-20191001-csv/1573#50084901>		"kontinent"@als	
"къІори"@akv	<https://panlex.org/snapshot/panlex-20191001-csv/1573#50090176>				<https://panlex.org/snapshot/panlex-20191001-csv/1573#50090178>		"dru"@als	
"лъуда"@akv	<https://panlex.org/snapshot/panlex-20191001-csv/1573#50090177>				<https://panlex.org/snapshot/panlex-20191001-csv/1573#50090178>		"dru"@als	
"руша"@akv	<https://panlex.org/snapshot/panlex-20191001-csv/1573#50089920>				<https://panlex.org/snapshot/panlex-20191001-csv/1573#50089922>		"’pemə"@als	
"руша"@akv	<https://panlex.org/snapshot/panlex-20191001-csv/1573#50089631>				<https://panlex.org/snapshot/panlex-20191001-csv/1573#50089633>		"pül"@als	
"гьвале"@akv	<https://panlex.org/snapshot/panlex-20191001-csv/1573#50086463>				<https://panlex.org/snapshot/panlex-20191001-csv/1573#50086466>		"’škumə"@als	
"бекъІе"@akv	<https://panlex.org/snapshot/panlex-20191001-csv/1573#50088054>				<https://panlex.org/snapshot/panlex-20191001-csv/1573#50088056>		"ba’tic̷a"@als	
"игьвара"@akv	<https://panlex.org/snapshot/panlex-20191001-csv/1573#50086859>				<https://panlex.org/snapshot/panlex-20191001-csv/1573#50086861>		"lʸi’kʸen"@als	
"олахъе"@akv	<https://panlex.org/snapshot/panlex-20191001-csv/1573#50084111>				<https://panlex.org/snapshot/panlex-20191001-csv/1573#50084116>		"’fušə"@als	
"инчІа"@akv	<https://panlex.org/snapshot/panlex-20191001-csv/1573#50090436>				<https://panlex.org/snapshot/panlex-20191001-csv/1573#50090439>		"gur"@als	
"инчІа"@akv	<https://panlex.org/snapshot/panlex-20191001-csv/1573#50090436>				<https://panlex.org/snapshot/panlex-20191001-csv/1573#50090440>		"škəmb"@als	
"сали"@akv	<https://panlex.org/snapshot/panlex-20191001-csv/1573#50083158>				<https://panlex.org/snapshot/panlex-20191001-csv/1573#50083162>		"’rərə"@als	
"ширу"@akv	<https://panlex.org/snapshot/panlex-20191001-csv/1573#50088162>				<https://panlex.org/snapshot/panlex-20191001-csv/1573#50088167>		"lʸumə"@als	
"решени"@akv	<https://panlex.org/snapshot/panlex-20191001-csv/1573#50091027>				<https://panlex.org/snapshot/panlex-20191001-csv/1573#50091030>		"kʸel"@als	
"решени"@akv	<https://panlex.org/snapshot/panlex-20191001-csv/1573#50091027>				<https://panlex.org/snapshot/panlex-20191001-csv/1573#50091029>		"ha’va"@als	
"бакьІихъелъери"@akv	<https://panlex.org/snapshot/panlex-20191001-csv/1573#50085051>				<https://panlex.org/snapshot/panlex-20191001-csv/1573#50085055>		"breg’det"@als	
"бакьІихъелъери"@akv	<https://panlex.org/snapshot/panlex-20191001-csv/1573#50085051>				<https://panlex.org/snapshot/panlex-20191001-csv/1573#50085054>		"breg"@als	
"бакьІихъелъери"@akv	<https://panlex.org/snapshot/panlex-20191001-csv/1573#50085051>				<https://panlex.org/snapshot/panlex-20191001-csv/1573#50085056>		"plaž"@als	
"иᴴц̅и"@akv	<https://panlex.org/snapshot/panlex-20191001-csv/1573#50088812>				<https://panlex.org/snapshot/panlex-20191001-csv/1573#50088817>		"bu’romə"@als	
"иᴴц̅и"@akv	<https://panlex.org/snapshot/panlex-20191001-csv/1573#50088812>				<https://panlex.org/snapshot/panlex-20191001-csv/1573#50088818>		"pus"@als	
"иᴴц̅и"@akv	<https://panlex.org/snapshot/panlex-20191001-csv/1573#50088812>				<https://panlex.org/snapshot/panlex-20191001-csv/1573#50088819>		"’gufə"@als	
"иᴴц̅и"@akv	<https://panlex.org/snapshot/panlex-20191001-csv/1573#50088812>				<https://panlex.org/snapshot/panlex-20191001-csv/1573#50088820>		"’krua"@als	
"иᴴц̅и"@akv	<https://panlex.org/snapshot/panlex-20191001-csv/1573#50088812>				<https://panlex.org/snapshot/panlex-20191001-csv/1573#50088816>		"bu’rim"@als	
"дуна̄"@akv	<https://panlex.org/snapshot/panlex-20191001-csv/1573#50081936>				<https://panlex.org/snapshot/panlex-20191001-csv/1573#50081941>		"ðe"@als	
"дуна̄"@akv	<https://panlex.org/snapshot/panlex-20191001-csv/1573#50081936>				<https://panlex.org/snapshot/panlex-20191001-csv/1573#50081942>		"’tokə"@als	
"дуна̄"@akv	<https://panlex.org/snapshot/panlex-20191001-csv/1573#50081689>				<https://panlex.org/snapshot/panlex-20191001-csv/1573#50081693>		"ðe"@als	
"дуна̄"@akv	<https://panlex.org/snapshot/panlex-20191001-csv/1573#50081689>				<https://panlex.org/snapshot/panlex-20191001-csv/1573#50081692>		"r̃okulʸi a’lʸem"@als	
"дуна̄"@akv	<https://panlex.org/snapshot/panlex-20191001-csv/1573#50081689>				<https://panlex.org/snapshot/panlex-20191001-csv/1573#50081694>		"’botə"@als	
"дуна̄"@akv	<https://panlex.org/snapshot/panlex-20191001-csv/1573#50081689>				<https://panlex.org/snapshot/panlex-20191001-csv/1573#50081691>		"dü’ɲa"@als	
"бас̄и"@akv	<https://panlex.org/snapshot/panlex-20191001-csv/1573#50083816>				<https://panlex.org/snapshot/panlex-20191001-csv/1573#50083822>		"gre’minə"@als	
"бас̄и"@akv	<https://panlex.org/snapshot/panlex-20191001-csv/1573#50083816>				<https://panlex.org/snapshot/panlex-20191001-csv/1573#50083823>		"hum’nerə"@als	
"улка"@akv	<https://panlex.org/snapshot/panlex-20191001-csv/1573#50081938>				<https://panlex.org/snapshot/panlex-20191001-csv/1573#50081941>		"ðe"@als	
"улка"@akv	<https://panlex.org/snapshot/panlex-20191001-csv/1573#50081938>				<https://panlex.org/snapshot/panlex-20191001-csv/1573#50081942>		"’tokə"@als	
"тата"@akv	<https://panlex.org/snapshot/panlex-20191001-csv/1573#50082597>				<https://panlex.org/snapshot/panlex-20191001-csv/1573#50082600>		"’pluhur"@als	
"л̄ъеᴴлІис̄оре"@akv	<https://panlex.org/snapshot/panlex-20191001-csv/1573#50088623>				<https://panlex.org/snapshot/panlex-20191001-csv/1573#50088627>		"r̃uful"@als	
"л̄ъеᴴлІис̄оре"@akv	<https://panlex.org/snapshot/panlex-20191001-csv/1573#50088623>				<https://panlex.org/snapshot/panlex-20191001-csv/1573#50088626>		"gʸir"@als	
"л̄ъеᴴлІис̄оре"@akv	<https://panlex.org/snapshot/panlex-20191001-csv/1573#50088623>				<https://panlex.org/snapshot/panlex-20191001-csv/1573#50088628>		"’vorbul"@als	
"иᴴгьвара"@akv	<https://panlex.org/snapshot/panlex-20191001-csv/1573#50086858>				<https://panlex.org/snapshot/panlex-20191001-csv/1573#50086861>		"lʸi’kʸen"@als	
"пале"@akv	<https://panlex.org/snapshot/panlex-20191001-csv/1573#50086464>				<https://panlex.org/snapshot/panlex-20191001-csv/1573#50086466>		"’škumə"@als	
"битІелъери"@akv	<https://panlex.org/snapshot/panlex-20191001-csv/1573#50084113>				<https://panlex.org/snapshot/panlex-20191001-csv/1573#50084116>		"’fušə"@als	
"лъІес̅а"@akv	<https://panlex.org/snapshot/panlex-20191001-csv/1573#50088161>				<https://panlex.org/snapshot/panlex-20191001-csv/1573#50088167>		"lʸumə"@als	
"кьедо"@akv	<https://panlex.org/snapshot/panlex-20191001-csv/1573#50083817>				<https://panlex.org/snapshot/panlex-20191001-csv/1573#50083822>		"gre’minə"@als	
"кьедо"@akv	<https://panlex.org/snapshot/panlex-20191001-csv/1573#50083817>				<https://panlex.org/snapshot/panlex-20191001-csv/1573#50083823>		"hum’nerə"@als	
"кьедо"@akv	<https://panlex.org/snapshot/panlex-20191001-csv/1573#50090435>				<https://panlex.org/snapshot/panlex-20191001-csv/1573#50090439>		"gur"@als	
"кьедо"@akv	<https://panlex.org/snapshot/panlex-20191001-csv/1573#50090435>				<https://panlex.org/snapshot/panlex-20191001-csv/1573#50090440>		"škəmb"@als	
"лъІиц̄Іи"@akv	<https://panlex.org/snapshot/panlex-20191001-csv/1573#50089187>				<https://panlex.org/snapshot/panlex-20191001-csv/1573#50089191>		"mo’čalʸ"@als	
"лъІиц̄Іи"@akv	<https://panlex.org/snapshot/panlex-20191001-csv/1573#50089187>				<https://panlex.org/snapshot/panlex-20191001-csv/1573#50089190>		"kə’netə"@als	
"эрх̅е"@akv	<https://panlex.org/snapshot/panlex-20191001-csv/1573#50088165>				<https://panlex.org/snapshot/panlex-20191001-csv/1573#50088167>		"lʸumə"@als	
"милъи"@akv	<https://panlex.org/snapshot/panlex-20191001-csv/1573#50091281>				<https://panlex.org/snapshot/panlex-20191001-csv/1573#50091284>		"diel"@als	
"беча"@akv	<https://panlex.org/snapshot/panlex-20191001-csv/1573#50083410>				<https://panlex.org/snapshot/panlex-20191001-csv/1573#50083413>		"malʸ"@als	
"хъІури"@akv	<https://panlex.org/snapshot/panlex-20191001-csv/1573#50084112>				<https://panlex.org/snapshot/panlex-20191001-csv/1573#50084116>		"’fušə"@als	
"унс̅и"@akv	<https://panlex.org/snapshot/panlex-20191001-csv/1573#50081939>				<https://panlex.org/snapshot/panlex-20191001-csv/1573#50081941>		"ðe"@als	
"унс̅и"@akv	<https://panlex.org/snapshot/panlex-20191001-csv/1573#50081939>				<https://panlex.org/snapshot/panlex-20191001-csv/1573#50081942>		"’tokə"@als	
"унс̅и"@akv	<https://panlex.org/snapshot/panlex-20191001-csv/1573#50082282>				<https://panlex.org/snapshot/panlex-20191001-csv/1573#50082284>		"’tokə"@als	
"унс̅и"@akv	<https://panlex.org/snapshot/panlex-20191001-csv/1573#50082282>				<https://panlex.org/snapshot/panlex-20191001-csv/1573#50082285>		"’trualʸ"@als	
"иᴴчІа"@akv	<https://panlex.org/snapshot/panlex-20191001-csv/1573#50090434>				<https://panlex.org/snapshot/panlex-20191001-csv/1573#50090439>		"gur"@als	
"иᴴчІа"@akv	<https://panlex.org/snapshot/panlex-20191001-csv/1573#50090434>				<https://panlex.org/snapshot/panlex-20191001-csv/1573#50090440>		"škəmb"@als	
"гъарда"@akv	<https://panlex.org/snapshot/panlex-20191001-csv/1573#50088163>				<https://panlex.org/snapshot/panlex-20191001-csv/1573#50088167>		"lʸumə"@als	
"пачалихъе"@akv	<https://panlex.org/snapshot/panlex-20191001-csv/1573#50081937>				<https://panlex.org/snapshot/panlex-20191001-csv/1573#50081941>		"ðe"@als	
"пачалихъе"@akv	<https://panlex.org/snapshot/panlex-20191001-csv/1573#50081937>				<https://panlex.org/snapshot/panlex-20191001-csv/1573#50081942>		"’tokə"@als	
"карачели"@akv	<https://panlex.org/snapshot/panlex-20191001-csv/1573#50087613>				<https://panlex.org/snapshot/panlex-20191001-csv/1573#50087615>		"’dalgə"@als	
"песоке"@akv	<https://panlex.org/snapshot/panlex-20191001-csv/1573#50083160>				<https://panlex.org/snapshot/panlex-20191001-csv/1573#50083162>		"’rərə"@als	
"къваᴴгІа"@akv	<https://panlex.org/snapshot/panlex-20191001-csv/1573#50088813>				<https://panlex.org/snapshot/panlex-20191001-csv/1573#50088817>		"bu’romə"@als	
"къваᴴгІа"@akv	<https://panlex.org/snapshot/panlex-20191001-csv/1573#50088813>				<https://panlex.org/snapshot/panlex-20191001-csv/1573#50088818>		"pus"@als	
"къваᴴгІа"@akv	<https://panlex.org/snapshot/panlex-20191001-csv/1573#50088813>				<https://panlex.org/snapshot/panlex-20191001-csv/1573#50088819>		"’gufə"@als	
"къваᴴгІа"@akv	<https://panlex.org/snapshot/panlex-20191001-csv/1573#50088813>				<https://panlex.org/snapshot/panlex-20191001-csv/1573#50088820>		"’krua"@als	
"къваᴴгІа"@akv	<https://panlex.org/snapshot/panlex-20191001-csv/1573#50088813>				<https://panlex.org/snapshot/panlex-20191001-csv/1573#50088816>		"bu’rim"@als	
"их̄е"@akv	<https://panlex.org/snapshot/panlex-20191001-csv/1573#50088160>				<https://panlex.org/snapshot/panlex-20191001-csv/1573#50088167>		"lʸumə"@als	
"карачели"@akv	<https://panlex.org/snapshot/panlex-20191001-csv/1573#50087612>				<https://panlex.org/snapshot/panlex-20191001-csv/1573#50087615>		"’dalgə"@als	
"гъадо̅тадабе"@akv	<https://panlex.org/snapshot/panlex-20191001-csv/1573#50086111>				<https://panlex.org/snapshot/panlex-20191001-csv/1573#50086114>		"bu’nac̷ə"@als	
"рец̅Іа"@akv	<https://panlex.org/snapshot/panlex-20191001-csv/1573#50085386>				<https://panlex.org/snapshot/panlex-20191001-csv/1573#50085388>		"’guvə"@als	
"рец̅Іа"@akv	<https://panlex.org/snapshot/panlex-20191001-csv/1573#50085386>				<https://panlex.org/snapshot/panlex-20191001-csv/1573#50085389>		"’uǰə"@als	
"рец̅Іа"@akv	<https://panlex.org/snapshot/panlex-20191001-csv/1573#50085386>				<https://panlex.org/snapshot/panlex-20191001-csv/1573#50085390>		"’špelə"@als	
"чІинкІиллъи"@akv	<https://panlex.org/snapshot/panlex-20191001-csv/1573#50084682>				<https://panlex.org/snapshot/panlex-20191001-csv/1573#50084684>		"’išul"@als	
"беча"@akv	<https://panlex.org/snapshot/panlex-20191001-csv/1573#50083408>				<https://panlex.org/snapshot/panlex-20191001-csv/1573#50083413>		"malʸ"@als	
"лъерс̅а"@akv	<https://panlex.org/snapshot/panlex-20191001-csv/1573#50088164>				<https://panlex.org/snapshot/panlex-20191001-csv/1573#50088167>		"lʸumə"@als	
"мич̅ир"@akv	<https://panlex.org/snapshot/panlex-20191001-csv/1573#50083159>				<https://panlex.org/snapshot/panlex-20191001-csv/1573#50083162>		"’rərə"@als	
"арс̅има"@akv	<https://panlex.org/snapshot/panlex-20191001-csv/1573#50088624>				<https://panlex.org/snapshot/panlex-20191001-csv/1573#50088627>		"r̃uful"@als	
"арс̅има"@akv	<https://panlex.org/snapshot/panlex-20191001-csv/1573#50088624>				<https://panlex.org/snapshot/panlex-20191001-csv/1573#50088626>		"gʸir"@als	
"арс̅има"@akv	<https://panlex.org/snapshot/panlex-20191001-csv/1573#50088624>				<https://panlex.org/snapshot/panlex-20191001-csv/1573#50088628>		"’vorbul"@als	
"хІаᴴтІа"@akv	<https://panlex.org/snapshot/panlex-20191001-csv/1573#50082866>				<https://panlex.org/snapshot/panlex-20191001-csv/1573#50082869>		"’balʸtə"@als	
"мугъу"@akv	<https://panlex.org/snapshot/panlex-20191001-csv/1573#50083409>				<https://panlex.org/snapshot/panlex-20191001-csv/1573#50083413>		"malʸ"@als	
"ме̅да"@akv	<https://panlex.org/snapshot/panlex-20191001-csv/1573#50084460>				<https://panlex.org/snapshot/panlex-20191001-csv/1573#50084462>		"lʸu’ginə"@als	
"кьедо"@akv	<https://panlex.org/snapshot/panlex-20191001-csv/1573#50090437>				<https://panlex.org/snapshot/panlex-20191001-csv/1573#50090439>		"gur"@als	
"кьедо"@akv	<https://panlex.org/snapshot/panlex-20191001-csv/1573#50090437>				<https://panlex.org/snapshot/panlex-20191001-csv/1573#50090440>		"škəmb"@als	
"кьедо"@akv	<https://panlex.org/snapshot/panlex-20191001-csv/1573#50083819>				<https://panlex.org/snapshot/panlex-20191001-csv/1573#50083822>		"gre’minə"@als	
"кьедо"@akv	<https://panlex.org/snapshot/panlex-20191001-csv/1573#50083819>				<https://panlex.org/snapshot/panlex-20191001-csv/1573#50083823>		"hum’nerə"@als	
"реше"@akv	<https://panlex.org/snapshot/panlex-20191001-csv/1573#50091026>				<https://panlex.org/snapshot/panlex-20191001-csv/1573#50091030>		"kʸel"@als	
"реше"@akv	<https://panlex.org/snapshot/panlex-20191001-csv/1573#50091026>				<https://panlex.org/snapshot/panlex-20191001-csv/1573#50091029>		"ha’va"@als	
"ралъа"@akv	<https://panlex.org/snapshot/panlex-20191001-csv/1573#50085889>				<https://panlex.org/snapshot/panlex-20191001-csv/1573#50085891>		"det"@als	
"л̅ъени"@akv	<https://panlex.org/snapshot/panlex-20191001-csv/1573#50085628>				<https://panlex.org/snapshot/panlex-20191001-csv/1573#50085630>		"’uyə"@als	
"гъарде отадаба"@akv	<https://panlex.org/snapshot/panlex-20191001-csv/1573#50086112>				<https://panlex.org/snapshot/panlex-20191001-csv/1573#50086114>		"bu’nac̷ə"@als	
"унс̅и багъарилари"@akv	<https://panlex.org/snapshot/panlex-20191001-csv/1573#50090841>				<https://panlex.org/snapshot/panlex-20191001-csv/1573#50090842>		"tər’met"@als	
"ц̄Іебе"@akv	<https://panlex.org/snapshot/panlex-20191001-csv/1573#50083818>				<https://panlex.org/snapshot/panlex-20191001-csv/1573#50083822>		"gre’minə"@als	
"ц̄Іебе"@akv	<https://panlex.org/snapshot/panlex-20191001-csv/1573#50083818>				<https://panlex.org/snapshot/panlex-20191001-csv/1573#50083823>		"hum’nerə"@als	
"кантинент"@akv	<https://panlex.org/snapshot/panlex-20191001-csv/1573#50084898>				<https://panlex.org/snapshot/panlex-20191001-csv/1573#50084901>		"kontinent"@als	
