"vai"@wls	<https://panlex.org/snapshot/panlex-20191001-csv/12#851244>				<https://panlex.org/snapshot/panlex-20191001-csv/12#851000>		"eau"@kvc	
"àlelo"@wls	<https://panlex.org/snapshot/panlex-20191001-csv/114#8068094>				<https://panlex.org/snapshot/panlex-20191001-csv/114#8067793>		"mae"@kvc	
"va`e"@wls	<https://panlex.org/snapshot/panlex-20191001-csv/114#8053653>				<https://panlex.org/snapshot/panlex-20191001-csv/114#8053322>		"ahe"@kvc	
"ihu"@wls	<https://panlex.org/snapshot/panlex-20191001-csv/114#8065552>				<https://panlex.org/snapshot/panlex-20191001-csv/114#8065234>		"nuru"@kvc	
"ha`ele"@wls	<https://panlex.org/snapshot/panlex-20191001-csv/114#8054237>				<https://panlex.org/snapshot/panlex-20191001-csv/114#8053906>		"lalao"@kvc	
"uma"@wls	<https://panlex.org/snapshot/panlex-20191001-csv/114#8061319>				<https://panlex.org/snapshot/panlex-20191001-csv/114#8061050>		"wala"@kvc	
"kakau"@wls	<https://panlex.org/snapshot/panlex-20191001-csv/114#8056251>				<https://panlex.org/snapshot/panlex-20191001-csv/114#8055939>		"nao"@kvc	
"kakau"@wls	<https://panlex.org/snapshot/panlex-20191001-csv/114#8056251>				<https://panlex.org/snapshot/panlex-20191001-csv/114#8055940>		"waia"@kvc	
"fulu"@wls	<https://panlex.org/snapshot/panlex-20191001-csv/114#8065001>				<https://panlex.org/snapshot/panlex-20191001-csv/114#8064684>		"launi"@kvc	
"ala"@wls	<https://panlex.org/snapshot/panlex-20191001-csv/114#8054733>				<https://panlex.org/snapshot/panlex-20191001-csv/114#8054442>		"erapu"@kvc	
"a`u"@wls	<https://panlex.org/snapshot/panlex-20191001-csv/114#8055239>				<https://panlex.org/snapshot/panlex-20191001-csv/114#8054945>		"nama"@kvc	
"kia"@wls	<https://panlex.org/snapshot/panlex-20191001-csv/114#8064452>				<https://panlex.org/snapshot/panlex-20191001-csv/114#8064147>		"ɤaɤalu"@kvc	
"àte"@wls	<https://panlex.org/snapshot/panlex-20191001-csv/114#8060264>				<https://panlex.org/snapshot/panlex-20191001-csv/114#8059978>		"ate(a)te"@kvc	
"gaakau"@wls	<https://panlex.org/snapshot/panlex-20191001-csv/114#8059773>				<https://panlex.org/snapshot/panlex-20191001-csv/114#8059501>		"moɤali"@kvc	
"kona"@wls	<https://panlex.org/snapshot/panlex-20191001-csv/114#8058802>				<https://panlex.org/snapshot/panlex-20191001-csv/114#8058464>		"apo"@kvc	
"tuʻa"@wls	<https://panlex.org/snapshot/panlex-20191001-csv/114#8058240>				<https://panlex.org/snapshot/panlex-20191001-csv/114#8057950>		"ruɤu"@kvc	
"`uma"@wls	<https://panlex.org/snapshot/panlex-20191001-csv/114#8061318>				<https://panlex.org/snapshot/panlex-20191001-csv/114#8061050>		"wala"@kvc	
"lau ulu"@wls	<https://panlex.org/snapshot/panlex-20191001-csv/114#8065002>				<https://panlex.org/snapshot/panlex-20191001-csv/114#8064684>		"launi"@kvc	
"mata`u"@wls	<https://panlex.org/snapshot/panlex-20191001-csv/114#8053087>				<https://panlex.org/snapshot/panlex-20191001-csv/114#8052821>		"tau"@kvc	
"ìlo/a"@wls	<https://panlex.org/snapshot/panlex-20191001-csv/114#8061885>				<https://panlex.org/snapshot/panlex-20191001-csv/114#8061565>		"atai"@kvc	
"gaàgaà"@wls	<https://panlex.org/snapshot/panlex-20191001-csv/114#8065987>				<https://panlex.org/snapshot/panlex-20191001-csv/114#8065736>		"uhu"@kvc	
