"àlelo"@wls	<https://panlex.org/snapshot/panlex-20191001-csv/114#8068094>				<https://panlex.org/snapshot/panlex-20191001-csv/114#8067809>		"ʼnamə"@lex	
"va`e"@wls	<https://panlex.org/snapshot/panlex-20191001-csv/114#8053653>				<https://panlex.org/snapshot/panlex-20191001-csv/114#8053341>		"ʼlakə"@lex	
"ihu"@wls	<https://panlex.org/snapshot/panlex-20191001-csv/114#8065552>				<https://panlex.org/snapshot/panlex-20191001-csv/114#8065254>		"ʼirnu"@lex	
"ha`ele"@wls	<https://panlex.org/snapshot/panlex-20191001-csv/114#8054237>				<https://panlex.org/snapshot/panlex-20191001-csv/114#8053923>		"naʼlaʔə"@lex	
"kakau"@wls	<https://panlex.org/snapshot/panlex-20191001-csv/114#8056251>				<https://panlex.org/snapshot/panlex-20191001-csv/114#8055956>		"ə ṇʼnani"@lex	
"fulu"@wls	<https://panlex.org/snapshot/panlex-20191001-csv/114#8065001>				<https://panlex.org/snapshot/panlex-20191001-csv/114#8064700>		"ʼmortu"@lex	
"ala"@wls	<https://panlex.org/snapshot/panlex-20191001-csv/114#8054733>				<https://panlex.org/snapshot/panlex-20191001-csv/114#8054460>		"ʼtallə"@lex	
"a`u"@wls	<https://panlex.org/snapshot/panlex-20191001-csv/114#8055239>				<https://panlex.org/snapshot/panlex-20191001-csv/114#8054964>		"ṇʼmai"@lex	
"kia"@wls	<https://panlex.org/snapshot/panlex-20191001-csv/114#8064452>				<https://panlex.org/snapshot/panlex-20191001-csv/114#8064163>		"ʼtjɛru"@lex	
"àte"@wls	<https://panlex.org/snapshot/panlex-20191001-csv/114#8060264>				<https://panlex.org/snapshot/panlex-20191001-csv/114#8059995>		"ʼatni"@lex	
"kona"@wls	<https://panlex.org/snapshot/panlex-20191001-csv/114#8058802>				<https://panlex.org/snapshot/panlex-20191001-csv/114#8058481>		"ʼapənu"@lex	
"lau ulu"@wls	<https://panlex.org/snapshot/panlex-20191001-csv/114#8065002>				<https://panlex.org/snapshot/panlex-20191001-csv/114#8064700>		"ʼmortu"@lex	
"ìlo/a"@wls	<https://panlex.org/snapshot/panlex-20191001-csv/114#8061885>				<https://panlex.org/snapshot/panlex-20191001-csv/114#8061582>		"ʼnatu"@lex	
