"vai"@wls	<https://panlex.org/snapshot/panlex-20191001-csv/12#851244>				<https://panlex.org/snapshot/panlex-20191001-csv/12#851081>		"danum"@nij	
"àlelo"@wls	<https://panlex.org/snapshot/panlex-20191001-csv/114#8068094>				<https://panlex.org/snapshot/panlex-20191001-csv/114#8067913>		"ielaʼ"@nij	
"àlelo"@wls	<https://panlex.org/snapshot/panlex-20191001-csv/114#8068094>				<https://panlex.org/snapshot/panlex-20191001-csv/114#8067914>		"jela"@nij	
"àlelo"@wls	<https://panlex.org/snapshot/panlex-20191001-csv/114#8068094>				<https://panlex.org/snapshot/panlex-20191001-csv/114#8067915>		"ǰelaʔ"@nij	
"va`e"@wls	<https://panlex.org/snapshot/panlex-20191001-csv/114#8053653>				<https://panlex.org/snapshot/panlex-20191001-csv/114#8053454>		"pai"@nij	
"va`e"@wls	<https://panlex.org/snapshot/panlex-20191001-csv/114#8053653>				<https://panlex.org/snapshot/panlex-20191001-csv/114#8053455>		"paiʔ"@nij	
"va`e"@wls	<https://panlex.org/snapshot/panlex-20191001-csv/114#8053653>				<https://panlex.org/snapshot/panlex-20191001-csv/114#8053456>		"paiʼ"@nij	
"ihu"@wls	<https://panlex.org/snapshot/panlex-20191001-csv/114#8065552>				<https://panlex.org/snapshot/panlex-20191001-csv/114#8065363>		"urung"@nij	
"ihu"@wls	<https://panlex.org/snapshot/panlex-20191001-csv/114#8065552>				<https://panlex.org/snapshot/panlex-20191001-csv/114#8065364>		"uruŋ"@nij	
"ha`ele"@wls	<https://panlex.org/snapshot/panlex-20191001-csv/114#8054237>				<https://panlex.org/snapshot/panlex-20191001-csv/114#8054035>		"mananjung"@nij	
"ha`ele"@wls	<https://panlex.org/snapshot/panlex-20191001-csv/114#8054237>				<https://panlex.org/snapshot/panlex-20191001-csv/114#8054034>		"mamanjung"@nij	
"ha`ele"@wls	<https://panlex.org/snapshot/panlex-20191001-csv/114#8054237>				<https://panlex.org/snapshot/panlex-20191001-csv/114#8054036>		"mananjuŋ"@nij	
"uma"@wls	<https://panlex.org/snapshot/panlex-20191001-csv/114#8061319>				<https://panlex.org/snapshot/panlex-20191001-csv/114#8061165>		"hunjun baha"@nij	
"uma"@wls	<https://panlex.org/snapshot/panlex-20191001-csv/114#8061319>				<https://panlex.org/snapshot/panlex-20191001-csv/114#8061163>		"bahai"@nij	
"uma"@wls	<https://panlex.org/snapshot/panlex-20191001-csv/114#8061319>				<https://panlex.org/snapshot/panlex-20191001-csv/114#8061164>		"bahuʔ"@nij	
"kakau"@wls	<https://panlex.org/snapshot/panlex-20191001-csv/114#8056251>				<https://panlex.org/snapshot/panlex-20191001-csv/114#8056069>		"hanangoi"@nij	
"kakau"@wls	<https://panlex.org/snapshot/panlex-20191001-csv/114#8056251>				<https://panlex.org/snapshot/panlex-20191001-csv/114#8056071>		"hanaŋui"@nij	
"kakau"@wls	<https://panlex.org/snapshot/panlex-20191001-csv/114#8056251>				<https://panlex.org/snapshot/panlex-20191001-csv/114#8056070>		"hanangui"@nij	
"fulu"@wls	<https://panlex.org/snapshot/panlex-20191001-csv/114#8065001>				<https://panlex.org/snapshot/panlex-20191001-csv/114#8064801>		"balaw"@nij	
"fulu"@wls	<https://panlex.org/snapshot/panlex-20191001-csv/114#8065001>				<https://panlex.org/snapshot/panlex-20191001-csv/114#8064800>		"balau"@nij	
"ala"@wls	<https://panlex.org/snapshot/panlex-20191001-csv/114#8054733>				<https://panlex.org/snapshot/panlex-20191001-csv/114#8054559>		"karatak"@nij	
"ala"@wls	<https://panlex.org/snapshot/panlex-20191001-csv/114#8054733>				<https://panlex.org/snapshot/panlex-20191001-csv/114#8054560>		"karataktanduhan"@nij	
"a`u"@wls	<https://panlex.org/snapshot/panlex-20191001-csv/114#8055239>				<https://panlex.org/snapshot/panlex-20191001-csv/114#8055062>		"dumah"@nij	
"kia"@wls	<https://panlex.org/snapshot/panlex-20191001-csv/114#8064452>				<https://panlex.org/snapshot/panlex-20191001-csv/114#8064263>		"uyat"@nij	
"àte"@wls	<https://panlex.org/snapshot/panlex-20191001-csv/114#8060264>				<https://panlex.org/snapshot/panlex-20191001-csv/114#8060097>		"atɛi"@nij	
"àte"@wls	<https://panlex.org/snapshot/panlex-20191001-csv/114#8060264>				<https://panlex.org/snapshot/panlex-20191001-csv/114#8060096>		"atei"@nij	
"gaakau"@wls	<https://panlex.org/snapshot/panlex-20191001-csv/114#8059773>				<https://panlex.org/snapshot/panlex-20191001-csv/114#8059618>		"suaŋ ɛlɛm"@nij	
"gaakau"@wls	<https://panlex.org/snapshot/panlex-20191001-csv/114#8059773>				<https://panlex.org/snapshot/panlex-20191001-csv/114#8059616>		"bajakah kamaiʼ"@nij	
"gaakau"@wls	<https://panlex.org/snapshot/panlex-20191001-csv/114#8059773>				<https://panlex.org/snapshot/panlex-20191001-csv/114#8059617>		"bajakah kanai"@nij	
"kona"@wls	<https://panlex.org/snapshot/panlex-20191001-csv/114#8058802>				<https://panlex.org/snapshot/panlex-20191001-csv/114#8058601>		"kanai"@nij	
"kona"@wls	<https://panlex.org/snapshot/panlex-20191001-csv/114#8058802>				<https://panlex.org/snapshot/panlex-20191001-csv/114#8058600>		"kamaiʼ"@nij	
"kona"@wls	<https://panlex.org/snapshot/panlex-20191001-csv/114#8058802>				<https://panlex.org/snapshot/panlex-20191001-csv/114#8058602>		"ɛlɛm"@nij	
"tuʻa"@wls	<https://panlex.org/snapshot/panlex-20191001-csv/114#8058240>				<https://panlex.org/snapshot/panlex-20191001-csv/114#8058069>		"likur"@nij	
"tuʻa"@wls	<https://panlex.org/snapshot/panlex-20191001-csv/114#8058240>				<https://panlex.org/snapshot/panlex-20191001-csv/114#8058070>		"likut"@nij	
"`uma"@wls	<https://panlex.org/snapshot/panlex-20191001-csv/114#8061318>				<https://panlex.org/snapshot/panlex-20191001-csv/114#8061165>		"hunjun baha"@nij	
"`uma"@wls	<https://panlex.org/snapshot/panlex-20191001-csv/114#8061318>				<https://panlex.org/snapshot/panlex-20191001-csv/114#8061163>		"bahai"@nij	
"`uma"@wls	<https://panlex.org/snapshot/panlex-20191001-csv/114#8061318>				<https://panlex.org/snapshot/panlex-20191001-csv/114#8061164>		"bahuʔ"@nij	
"lau ulu"@wls	<https://panlex.org/snapshot/panlex-20191001-csv/114#8065002>				<https://panlex.org/snapshot/panlex-20191001-csv/114#8064801>		"balaw"@nij	
"lau ulu"@wls	<https://panlex.org/snapshot/panlex-20191001-csv/114#8065002>				<https://panlex.org/snapshot/panlex-20191001-csv/114#8064800>		"balau"@nij	
"mata`u"@wls	<https://panlex.org/snapshot/panlex-20191001-csv/114#8053087>				<https://panlex.org/snapshot/panlex-20191001-csv/114#8052931>		"gantau"@nij	
"mata`u"@wls	<https://panlex.org/snapshot/panlex-20191001-csv/114#8053087>				<https://panlex.org/snapshot/panlex-20191001-csv/114#8052930>		"gamtawuʼ"@nij	
"mata`u"@wls	<https://panlex.org/snapshot/panlex-20191001-csv/114#8053087>				<https://panlex.org/snapshot/panlex-20191001-csv/114#8052932>		"gantauʔ"@nij	
"ìlo/a"@wls	<https://panlex.org/snapshot/panlex-20191001-csv/114#8061885>				<https://panlex.org/snapshot/panlex-20191001-csv/114#8061695>		"tawan"@nij	
"ìlo/a"@wls	<https://panlex.org/snapshot/panlex-20191001-csv/114#8061885>				<https://panlex.org/snapshot/panlex-20191001-csv/114#8061694>		"katawaʼa"@nij	
"ìlo/a"@wls	<https://panlex.org/snapshot/panlex-20191001-csv/114#8061885>				<https://panlex.org/snapshot/panlex-20191001-csv/114#8061693>		"katawam"@nij	
"gaàgaà"@wls	<https://panlex.org/snapshot/panlex-20191001-csv/114#8065987>				<https://panlex.org/snapshot/panlex-20191001-csv/114#8065839>		"manahaseng"@nij	
"gaàgaà"@wls	<https://panlex.org/snapshot/panlex-20191001-csv/114#8065987>				<https://panlex.org/snapshot/panlex-20191001-csv/114#8065838>		"mahaseng"@nij	
"gaàgaà"@wls	<https://panlex.org/snapshot/panlex-20191001-csv/114#8065987>				<https://panlex.org/snapshot/panlex-20191001-csv/114#8065840>		"nahasɛn"@nij	
