"ɨt -õ-dipən"@pui	<https://panlex.org/snapshot/panlex-20191001-csv/1573#50089099>				<https://panlex.org/snapshot/panlex-20191001-csv/1573#50088892>		"paʼmaš"@chm	
"niti u"@pui	<https://panlex.org/snapshot/panlex-20191001-csv/1573#50082512>				<https://panlex.org/snapshot/panlex-20191001-csv/1573#50082333>		"ʼr̃ok"@chm	
"wək suwai"@pui	<https://panlex.org/snapshot/panlex-20191001-csv/1573#50087035>				<https://panlex.org/snapshot/panlex-20191001-csv/1573#50086912>		"ʼyer̃"@chm	
"-yãi"@pui	<https://panlex.org/snapshot/panlex-20191001-csv/1573#50090984>				<https://panlex.org/snapshot/panlex-20191001-csv/1573#50090882>		"ʼmlanðe čʸətər̃nalʼtmaš"@chm	
"ɨt ko"@pui	<https://panlex.org/snapshot/panlex-20191001-csv/1573#50084633>				<https://panlex.org/snapshot/panlex-20191001-csv/1573#50084505>		"ʼlop"@chm	
"ɨt ko"@pui	<https://panlex.org/snapshot/panlex-20191001-csv/1573#50085289>				<https://panlex.org/snapshot/panlex-20191001-csv/1573#50085106>		"ser̃"@chm	
"ipom"@pui	<https://panlex.org/snapshot/panlex-20191001-csv/1573#50084844>				<https://panlex.org/snapshot/panlex-20191001-csv/1573#50084723>		"ʼostr̃oβ"@chm	
"niti i-sən"@pui	<https://panlex.org/snapshot/panlex-20191001-csv/1573#50085013>				<https://panlex.org/snapshot/panlex-20191001-csv/1573#50084930>		"ʼmlanðe"@chm	
"-dou"@pui	<https://panlex.org/snapshot/panlex-20191001-csv/1573#50087208>				<https://panlex.org/snapshot/panlex-20191001-csv/1573#50087123>		"ikʼsa"@chm	
"sikyu"@pui	<https://panlex.org/snapshot/panlex-20191001-csv/1573#50088760>				<https://panlex.org/snapshot/panlex-20191001-csv/1573#50088661>		"βüðpör̃ʼðem"@chm	
"ɨt i-pek"@pui	<https://panlex.org/snapshot/panlex-20191001-csv/1573#50086052>				<https://panlex.org/snapshot/panlex-20191001-csv/1573#50085932>		"ʼteŋəz"@chm	
"ɨt-"@pui	<https://panlex.org/snapshot/panlex-20191001-csv/1573#50086807>				<https://panlex.org/snapshot/panlex-20191001-csv/1573#50086714>		"okeʼan"@chm	
"-pɨ"@pui	<https://panlex.org/snapshot/panlex-20191001-csv/1573#50086616>				<https://panlex.org/snapshot/panlex-20191001-csv/1573#50086505>		"ʼšoŋ"@chm	
"wen"@pui	<https://panlex.org/snapshot/panlex-20191001-csv/1573#50083708>				<https://panlex.org/snapshot/panlex-20191001-csv/1573#50083498>		"ʼkur̃ək"@chm	
"mãi"@pui	<https://panlex.org/snapshot/panlex-20191001-csv/1573#50083343>				<https://panlex.org/snapshot/panlex-20191001-csv/1573#50083208>		"ošʼma"@chm	
"-yə̃k"@pui	<https://panlex.org/snapshot/panlex-20191001-csv/1573#50087209>				<https://panlex.org/snapshot/panlex-20191001-csv/1573#50087123>		"ikʼsa"@chm	
"wə-yu"@pui	<https://panlex.org/snapshot/panlex-20191001-csv/1573#50081871>				<https://panlex.org/snapshot/panlex-20191001-csv/1573#50081742>		"tüʼɲa"@chm	
"aidə"@pui	<https://panlex.org/snapshot/panlex-20191001-csv/1573#50089380>				<https://panlex.org/snapshot/panlex-20191001-csv/1573#50089236>		"ʼkup"@chm	
"ɨt-mai"@pui	<https://panlex.org/snapshot/panlex-20191001-csv/1573#50088508>				<https://panlex.org/snapshot/panlex-20191001-csv/1573#50088258>		"eʼŋer̃"@chm	
"yãmat"@pui	<https://panlex.org/snapshot/panlex-20191001-csv/1573#50091463>				<https://panlex.org/snapshot/panlex-20191001-csv/1573#50091331>		"ʼkečʸe"@chm	
"pun"@pui	<https://panlex.org/snapshot/panlex-20191001-csv/1573#50090113>				<https://panlex.org/snapshot/panlex-20191001-csv/1573#50089975>		"puʼšeŋɣe"@chm	
"pun"@pui	<https://panlex.org/snapshot/panlex-20191001-csv/1573#50090367>				<https://panlex.org/snapshot/panlex-20191001-csv/1573#50090224>		"čʸoðəʼr̃a"@chm	
"sənə"@pui	<https://panlex.org/snapshot/panlex-20191001-csv/1573#50091207>				<https://panlex.org/snapshot/panlex-20191001-csv/1573#50091080>		"kaʼβa"@chm	
"ye u"@pui	<https://panlex.org/snapshot/panlex-20191001-csv/1573#50084381>				<https://panlex.org/snapshot/panlex-20191001-csv/1573#50084188>		"paʼsu"@chm	
"niti-hək"@pui	<https://panlex.org/snapshot/panlex-20191001-csv/1573#50085569>				<https://panlex.org/snapshot/panlex-20191001-csv/1573#50085434>		"peʼšʸer̃a"@chm	
"sõ-pək"@pui	<https://panlex.org/snapshot/panlex-20191001-csv/1573#50084048>				<https://panlex.org/snapshot/panlex-20191001-csv/1573#50083898>		"tuʼr̃a"@chm	
"yə̃i ha-dik"@pui	<https://panlex.org/snapshot/panlex-20191001-csv/1573#50086248>				<https://panlex.org/snapshot/panlex-20191001-csv/1573#50086150>		"ʼtəmək"@chm	
"hui-tun"@pui	<https://panlex.org/snapshot/panlex-20191001-csv/1573#50087573>				<https://panlex.org/snapshot/panlex-20191001-csv/1573#50087501>		"ʼser̃ ʼner̃"@chm	
"ɨt hude"@pui	<https://panlex.org/snapshot/panlex-20191001-csv/1573#50089100>				<https://panlex.org/snapshot/panlex-20191001-csv/1573#50088892>		"paʼmaš"@chm	
"wək"@pui	<https://panlex.org/snapshot/panlex-20191001-csv/1573#50087337>				<https://panlex.org/snapshot/panlex-20191001-csv/1573#50087271>		"ikʼsa"@chm	
"wək"@pui	<https://panlex.org/snapshot/panlex-20191001-csv/1573#50087337>				<https://panlex.org/snapshot/panlex-20191001-csv/1573#50087272>		"laʼɣuna"@chm	
"i-hiti-dik"@pui	<https://panlex.org/snapshot/panlex-20191001-csv/1573#50083091>				<https://panlex.org/snapshot/panlex-20191001-csv/1573#50082921>		"laβʼr̃a"@chm	
"niti"@pui	<https://panlex.org/snapshot/panlex-20191001-csv/1573#50082181>				<https://panlex.org/snapshot/panlex-20191001-csv/1573#50082009>		"ʼmlanðe"@chm	
"niti pɨp"@pui	<https://panlex.org/snapshot/panlex-20191001-csv/1573#50082793>				<https://panlex.org/snapshot/panlex-20191001-csv/1573#50082648>		"puʼr̃ak"@chm	
"bɨ"@pui	<https://panlex.org/snapshot/panlex-20191001-csv/1573#50089589>				<https://panlex.org/snapshot/panlex-20191001-csv/1573#50089487>		"βüðʼβočʸ"@chm	
"ha-hək"@pui	<https://panlex.org/snapshot/panlex-20191001-csv/1573#50085568>				<https://panlex.org/snapshot/panlex-20191001-csv/1573#50085434>		"peʼšʸer̃a"@chm	
"hai"@pui	<https://panlex.org/snapshot/panlex-20191001-csv/1573#50087787>				<https://panlex.org/snapshot/panlex-20191001-csv/1573#50087661>		"ʼtolkən"@chm	
"ɨt"@pui	<https://panlex.org/snapshot/panlex-20191001-csv/1573#50085816>				<https://panlex.org/snapshot/panlex-20191001-csv/1573#50085676>		"ʼβüð"@chm	
"ɨt"@pui	<https://panlex.org/snapshot/panlex-20191001-csv/1573#50088507>				<https://panlex.org/snapshot/panlex-20191001-csv/1573#50088258>		"eʼŋer̃"@chm	
"ha"@pui	<https://panlex.org/snapshot/panlex-20191001-csv/1573#50090728>				<https://panlex.org/snapshot/panlex-20191001-csv/1573#50090515>		"ʼkü"@chm	
"-hai"@pui	<https://panlex.org/snapshot/panlex-20191001-csv/1573#50086422>				<https://panlex.org/snapshot/panlex-20191001-csv/1573#50086332>		"tor̃ʼža"@chm	
"hukde"@pui	<https://panlex.org/snapshot/panlex-20191001-csv/1573#50089845>				<https://panlex.org/snapshot/panlex-20191001-csv/1573#50089683>		"kožʼla"@chm	
