"dan"@tpf	<https://panlex.org/snapshot/panlex-20191001-csv/12#851203>				<https://panlex.org/snapshot/panlex-20191001-csv/12#850953>		"wael"@htu	
"-marke-k"@tpf	<https://panlex.org/snapshot/panlex-20191001-csv/114#8062822>				<https://panlex.org/snapshot/panlex-20191001-csv/114#8062497>		"kele-"@htu	
"-wi"@tpf	<https://panlex.org/snapshot/panlex-20191001-csv/114#8066449>				<https://panlex.org/snapshot/panlex-20191001-csv/114#8066130>		"pahanisu"@htu	
"mi-"@tpf	<https://panlex.org/snapshot/panlex-20191001-csv/114#8052124>				<https://panlex.org/snapshot/panlex-20191001-csv/114#8051764>		"lima"@htu	
"neʔrur"@tpf	<https://panlex.org/snapshot/panlex-20191001-csv/114#8056216>				<https://panlex.org/snapshot/panlex-20191001-csv/114#8055880>		"nanu"@htu	
"-kem"@tpf	<https://panlex.org/snapshot/panlex-20191001-csv/114#8068582>				<https://panlex.org/snapshot/panlex-20191001-csv/114#8068260>		"malaʔa"@htu	
"-takbaʔ atausiu"@tpf	<https://panlex.org/snapshot/panlex-20191001-csv/114#8062311>				<https://panlex.org/snapshot/panlex-20191001-csv/114#8062026>		"pikir"@htu	
"nasunaʔ de[ə]-k"@tpf	<https://panlex.org/snapshot/panlex-20191001-csv/114#8055700>				<https://panlex.org/snapshot/panlex-20191001-csv/114#8055384>		"ikeʔ"@htu	
"-arnek"@tpf	<https://panlex.org/snapshot/panlex-20191001-csv/114#8061848>				<https://panlex.org/snapshot/panlex-20191001-csv/114#8061494>		"tewa"@htu	
"batar"@tpf	<https://panlex.org/snapshot/panlex-20191001-csv/114#8058210>				<https://panlex.org/snapshot/panlex-20191001-csv/114#8057891>		"muli"@htu	
"narka"@tpf	<https://panlex.org/snapshot/panlex-20191001-csv/114#8063331>				<https://panlex.org/snapshot/panlex-20191001-csv/114#8063003>		"lala"@htu	
"bapu"@tpf	<https://panlex.org/snapshot/panlex-20191001-csv/114#8057196>				<https://panlex.org/snapshot/panlex-20191001-csv/114#8056900>		"tona tain"@htu	
