"ainemon"@mh	<https://panlex.org/snapshot/panlex-20191001-csv/2902#111012191>				<https://panlex.org/snapshot/panlex-20191001-csv/2902#111012154>		"mīrs"@ltg	
"Balaire"@mh	<https://panlex.org/snapshot/panlex-20191001-csv/2892#110826098>				<https://panlex.org/snapshot/panlex-20191001-csv/2892#110825744>		"pīktdīne"@ltg	
"Manre"@mh	<https://panlex.org/snapshot/panlex-20191001-csv/2892#110824021>				<https://panlex.org/snapshot/panlex-20191001-csv/2892#110824188>		"pyrmūdīne"@ltg	
"Jarere"@mh	<https://panlex.org/snapshot/panlex-20191001-csv/2892#110826177>				<https://panlex.org/snapshot/panlex-20191001-csv/2892#110826287>		"sastdīne"@ltg	
"Juje"@mh	<https://panlex.org/snapshot/panlex-20191001-csv/2892#110824630>				<https://panlex.org/snapshot/panlex-20191001-csv/2892#110824750>		"ūtardīne"@ltg	
"Wonje"@mh	<https://panlex.org/snapshot/panlex-20191001-csv/2892#110825180>				<https://panlex.org/snapshot/panlex-20191001-csv/2892#110824886>		"trešdīne"@ltg	
"Jabot"@mh	<https://panlex.org/snapshot/panlex-20191001-csv/2892#110827016>				<https://panlex.org/snapshot/panlex-20191001-csv/2892#110826866>		"svātdīne"@ltg	
"Taije"@mh	<https://panlex.org/snapshot/panlex-20191001-csv/2892#110825265>				<https://panlex.org/snapshot/panlex-20191001-csv/2892#110825579>		"catūrtdīne"@ltg	
