"jiljino"@mh	<https://panlex.org/snapshot/panlex-20191001-csv/2131#11694976>				<https://panlex.org/snapshot/panlex-20191001-csv/2131#11694988>		"șase"@ro	
"Manre"@mh	<https://panlex.org/snapshot/panlex-20191001-csv/5947#84803500>				<https://panlex.org/snapshot/panlex-20191001-csv/5947#84803550>		"luni"@ro	
"Taije"@mh	<https://panlex.org/snapshot/panlex-20191001-csv/5947#84661937>				<https://panlex.org/snapshot/panlex-20191001-csv/5947#84661947>		"joi"@ro	
"aj"@mh	<https://panlex.org/snapshot/panlex-20191001-csv/5943#83373381>				<https://panlex.org/snapshot/panlex-20191001-csv/5943#83373388>		"ficat"@ro	
"dik"@mh	<https://panlex.org/snapshot/panlex-20191001-csv/5943#83397646>				<https://panlex.org/snapshot/panlex-20191001-csv/5943#83397659>		"mic"@ro	
"bok"@mh	<https://panlex.org/snapshot/panlex-20191001-csv/5943#83323768>				<https://panlex.org/snapshot/panlex-20191001-csv/5943#83323789>		"nisip"@ro	
"jimjuon"@mh	<https://panlex.org/snapshot/panlex-20191001-csv/19#1029964>				<https://panlex.org/snapshot/panlex-20191001-csv/19#1029973>		"șapte"@ro	
"juon"@mh	<https://panlex.org/snapshot/panlex-20191001-csv/19#1028600>				<https://panlex.org/snapshot/panlex-20191001-csv/19#1028614>		"unu"@ro	
"pɣao"@mh	<https://panlex.org/snapshot/panlex-20191001-csv/9#481987>				<https://panlex.org/snapshot/panlex-20191001-csv/9#482001>		"pasăre"@ro	
"ε"@mh	<https://panlex.org/snapshot/panlex-20191001-csv/9#473872>				<https://panlex.org/snapshot/panlex-20191001-csv/9#473893>		"el"@ro	
"ratimjuon"@mh	<https://panlex.org/snapshot/panlex-20191001-csv/9#491002>				<https://panlex.org/snapshot/panlex-20191001-csv/9#491027>		"nouă"@ro	
"emān"@mh	<https://panlex.org/snapshot/panlex-20191001-csv/12#845435>				<https://panlex.org/snapshot/panlex-20191001-csv/12#845444>		"patru"@ro	
"ratimjuon"@mh	<https://panlex.org/snapshot/panlex-20191001-csv/12#845552>				<https://panlex.org/snapshot/panlex-20191001-csv/12#845559>		"nouă"@ro	
"aiboj"@mh	<https://panlex.org/snapshot/panlex-20191001-csv/12#851030>				<https://panlex.org/snapshot/panlex-20191001-csv/12#851132>		"apǎ"@ro	
"jilu"@mh	<https://panlex.org/snapshot/panlex-20191001-csv/12#845376>				<https://panlex.org/snapshot/panlex-20191001-csv/12#845383>		"trei"@ro	
"juon"@mh	<https://panlex.org/snapshot/panlex-20191001-csv/12#844451>				<https://panlex.org/snapshot/panlex-20191001-csv/12#844461>		"una"@ro	
"juon"@mh	<https://panlex.org/snapshot/panlex-20191001-csv/12#844451>				<https://panlex.org/snapshot/panlex-20191001-csv/12#844460>		"unu"@ro	
"juon"@mh	<https://panlex.org/snapshot/panlex-20191001-csv/12#844451>				<https://panlex.org/snapshot/panlex-20191001-csv/12#844459>		"o"@ro	
"aet"@mh	<https://panlex.org/snapshot/panlex-20191001-csv/12#858572>				<https://panlex.org/snapshot/panlex-20191001-csv/12#858584>		"da"@ro	
"ren"@mh	<https://panlex.org/snapshot/panlex-20191001-csv/12#851031>				<https://panlex.org/snapshot/panlex-20191001-csv/12#851132>		"apǎ"@ro	
"ainemon"@mh	<https://panlex.org/snapshot/panlex-20191001-csv/2902#111012191>				<https://panlex.org/snapshot/panlex-20191001-csv/2902#111012239>		"pace"@ro	
"ainemon"@mh	<https://panlex.org/snapshot/panlex-20191001-csv/2902#111012191>				<https://panlex.org/snapshot/panlex-20191001-csv/2902#111012183>		"паче"@ro	
"ainemon"@mh	<https://panlex.org/snapshot/panlex-20191001-csv/2902#111012191>				<https://panlex.org/snapshot/panlex-20191001-csv/2902#111011973>		"pace"@ro	
"joñoul"@mh	<https://panlex.org/snapshot/panlex-20191001-csv/8#112841>				<https://panlex.org/snapshot/panlex-20191001-csv/8#112857>		"zece"@ro	
"dik"@mh	<https://panlex.org/snapshot/panlex-20191001-csv/15#955510>				<https://panlex.org/snapshot/panlex-20191001-csv/15#955525>		"mic"@ro	
"ren"@mh	<https://panlex.org/snapshot/panlex-20191001-csv/11#787635>				<https://panlex.org/snapshot/panlex-20191001-csv/11#787716>		"apă"@ro	
"aiboj"@mh	<https://panlex.org/snapshot/panlex-20191001-csv/11#787634>				<https://panlex.org/snapshot/panlex-20191001-csv/11#787716>		"apă"@ro	
"Balaire"@mh	<https://panlex.org/snapshot/panlex-20191001-csv/2892#110826098>				<https://panlex.org/snapshot/panlex-20191001-csv/2892#110826070>		"vineri"@ro	
"Balaire"@mh	<https://panlex.org/snapshot/panlex-20191001-csv/2892#110826098>				<https://panlex.org/snapshot/panlex-20191001-csv/2892#110825993>		"винерь"@ro	
"Balaire"@mh	<https://panlex.org/snapshot/panlex-20191001-csv/2892#110826098>				<https://panlex.org/snapshot/panlex-20191001-csv/2892#110825942>		"vineri"@ro	
"Manre"@mh	<https://panlex.org/snapshot/panlex-20191001-csv/2892#110824021>				<https://panlex.org/snapshot/panlex-20191001-csv/2892#110824408>		"luni"@ro	
"Manre"@mh	<https://panlex.org/snapshot/panlex-20191001-csv/2892#110824021>				<https://panlex.org/snapshot/panlex-20191001-csv/2892#110824012>		"лунь"@ro	
"Manre"@mh	<https://panlex.org/snapshot/panlex-20191001-csv/2892#110824021>				<https://panlex.org/snapshot/panlex-20191001-csv/2892#110824340>		"luni"@ro	
"Jarere"@mh	<https://panlex.org/snapshot/panlex-20191001-csv/2892#110826177>				<https://panlex.org/snapshot/panlex-20191001-csv/2892#110826500>		"sâmbătă"@ro	
"Jarere"@mh	<https://panlex.org/snapshot/panlex-20191001-csv/2892#110826177>				<https://panlex.org/snapshot/panlex-20191001-csv/2892#110826367>		"sâmbătă"@ro	
"Jarere"@mh	<https://panlex.org/snapshot/panlex-20191001-csv/2892#110826177>				<https://panlex.org/snapshot/panlex-20191001-csv/2892#110826294>		"сымбэтэ"@ro	
"Juje"@mh	<https://panlex.org/snapshot/panlex-20191001-csv/2892#110824630>				<https://panlex.org/snapshot/panlex-20191001-csv/2892#110824729>		"marți"@ro	
"Juje"@mh	<https://panlex.org/snapshot/panlex-20191001-csv/2892#110824630>				<https://panlex.org/snapshot/panlex-20191001-csv/2892#110824668>		"marți"@ro	
"Juje"@mh	<https://panlex.org/snapshot/panlex-20191001-csv/2892#110824630>				<https://panlex.org/snapshot/panlex-20191001-csv/2892#110824643>		"марць"@ro	
"Wonje"@mh	<https://panlex.org/snapshot/panlex-20191001-csv/2892#110825180>				<https://panlex.org/snapshot/panlex-20191001-csv/2892#110825207>		"miercuri"@ro	
"Wonje"@mh	<https://panlex.org/snapshot/panlex-20191001-csv/2892#110825180>				<https://panlex.org/snapshot/panlex-20191001-csv/2892#110825190>		"мьеркурь"@ro	
"Wonje"@mh	<https://panlex.org/snapshot/panlex-20191001-csv/2892#110825180>				<https://panlex.org/snapshot/panlex-20191001-csv/2892#110824927>		"miercuri"@ro	
"Jabot"@mh	<https://panlex.org/snapshot/panlex-20191001-csv/2892#110827016>				<https://panlex.org/snapshot/panlex-20191001-csv/2892#110826871>		"duminică"@ro	
"Jabot"@mh	<https://panlex.org/snapshot/panlex-20191001-csv/2892#110827016>				<https://panlex.org/snapshot/panlex-20191001-csv/2892#110826730>		"duminică"@ro	
"Jabot"@mh	<https://panlex.org/snapshot/panlex-20191001-csv/2892#110827016>				<https://panlex.org/snapshot/panlex-20191001-csv/2892#110826881>		"думиникэ"@ro	
"Taije"@mh	<https://panlex.org/snapshot/panlex-20191001-csv/2892#110825265>				<https://panlex.org/snapshot/panlex-20191001-csv/2892#110825369>		"joi"@ro	
"Taije"@mh	<https://panlex.org/snapshot/panlex-20191001-csv/2892#110825265>				<https://panlex.org/snapshot/panlex-20191001-csv/2892#110825384>		"joi"@ro	
"Taije"@mh	<https://panlex.org/snapshot/panlex-20191001-csv/2892#110825265>				<https://panlex.org/snapshot/panlex-20191001-csv/2892#110825475>		"жой"@ro	
