"ne"@mh	<https://panlex.org/snapshot/panlex-20191001-csv/114#8053362>				<https://panlex.org/snapshot/panlex-20191001-csv/114#8053568>		"gɨksud"@syb	
"(han)-miyiŋ"@mh	<https://panlex.org/snapshot/panlex-20191001-csv/114#8052389>				<https://panlex.org/snapshot/panlex-20191001-csv/114#8052561>		"bibang"@syb	
"pā"@mh	<https://panlex.org/snapshot/panlex-20191001-csv/114#8051877>				<https://panlex.org/snapshot/panlex-20191001-csv/114#8052081>		"bengkɨn"@syb	
"je"@mh	<https://panlex.org/snapshot/panlex-20191001-csv/114#8058504>				<https://panlex.org/snapshot/panlex-20191001-csv/114#8058718>		"tian"@syb	
"diyi-"@mh	<https://panlex.org/snapshot/panlex-20191001-csv/114#8059050>				<https://panlex.org/snapshot/panlex-20191001-csv/114#8059233>		"tolan"@syb	
"(ken)wa(ha)-"@mh	<https://panlex.org/snapshot/panlex-20191001-csv/114#8064183>				<https://panlex.org/snapshot/panlex-20191001-csv/114#8064372>		"dliig"@syb	
"ŋi"@mh	<https://panlex.org/snapshot/panlex-20191001-csv/114#8067302>				<https://panlex.org/snapshot/panlex-20191001-csv/114#8067502>		"ngisi"@syb	
"aō"@mh	<https://panlex.org/snapshot/panlex-20191001-csv/114#8055979>				<https://panlex.org/snapshot/panlex-20191001-csv/114#8056177>		"lumanguy"@syb	
"ttoon"@mh	<https://panlex.org/snapshot/panlex-20191001-csv/114#8056502>				<https://panlex.org/snapshot/panlex-20191001-csv/114#8056688>		"mɨlɨmuq"@syb	
"wébw"@mh	<https://panlex.org/snapshot/panlex-20191001-csv/114#8058508>				<https://panlex.org/snapshot/panlex-20191001-csv/114#8058718>		"tian"@syb	
"hayer"@mh	<https://panlex.org/snapshot/panlex-20191001-csv/114#8061084>				<https://panlex.org/snapshot/panlex-20191001-csv/114#8061258>		"baga"@syb	
"réyréy"@mh	<https://panlex.org/snapshot/panlex-20191001-csv/114#8068363>				<https://panlex.org/snapshot/panlex-20191001-csv/114#8068548>		"mɨkɨtawa"@syb	
"aerā"@mh	<https://panlex.org/snapshot/panlex-20191001-csv/114#8061083>				<https://panlex.org/snapshot/panlex-20191001-csv/114#8061258>		"baga"@syb	
"etetal"@mh	<https://panlex.org/snapshot/panlex-20191001-csv/114#8053945>				<https://panlex.org/snapshot/panlex-20191001-csv/114#8054156>		"mpanaw"@syb	
"ṃajŋal"@mh	<https://panlex.org/snapshot/panlex-20191001-csv/114#8059539>				<https://panlex.org/snapshot/panlex-20191001-csv/114#8059708>		"tinee"@syb	
"lewe-"@mh	<https://panlex.org/snapshot/panlex-20191001-csv/114#8067829>				<https://panlex.org/snapshot/panlex-20191001-csv/114#8068018>		"dilaq"@syb	
"haheh"@mh	<https://panlex.org/snapshot/panlex-20191001-csv/114#8055980>				<https://panlex.org/snapshot/panlex-20191001-csv/114#8056177>		"lumanguy"@syb	
"mwajŋal"@mh	<https://panlex.org/snapshot/panlex-20191001-csv/114#8059538>				<https://panlex.org/snapshot/panlex-20191001-csv/114#8059708>		"tinee"@syb	
"anbwijmaroŋ"@mh	<https://panlex.org/snapshot/panlex-20191001-csv/114#8052854>				<https://panlex.org/snapshot/panlex-20191001-csv/114#8053021>		"dlintu"@syb	
"ney"@mh	<https://panlex.org/snapshot/panlex-20191001-csv/114#8053363>				<https://panlex.org/snapshot/panlex-20191001-csv/114#8053568>		"gɨksud"@syb	
"jiye-"@mh	<https://panlex.org/snapshot/panlex-20191001-csv/114#8058505>				<https://panlex.org/snapshot/panlex-20191001-csv/114#8058718>		"tian"@syb	
"diy"@mh	<https://panlex.org/snapshot/panlex-20191001-csv/114#8059049>				<https://panlex.org/snapshot/panlex-20191001-csv/114#8059233>		"tolan"@syb	
"hayeray"@mh	<https://panlex.org/snapshot/panlex-20191001-csv/114#8061085>				<https://panlex.org/snapshot/panlex-20191001-csv/114#8061258>		"baga"@syb	
