"mboŋo-"@sns	<https://panlex.org/snapshot/panlex-20191001-csv/114#8066926>				<https://panlex.org/snapshot/panlex-20191001-csv/114#8066741>		"nūru"@lti	
"mboŋo-"@sns	<https://panlex.org/snapshot/panlex-20191001-csv/114#8066926>				<https://panlex.org/snapshot/panlex-20191001-csv/114#8066742>		"wawa"@lti	
"mbaraŋgin"@sns	<https://panlex.org/snapshot/panlex-20191001-csv/114#8053004>				<https://panlex.org/snapshot/panlex-20191001-csv/114#8052851>		"malw̃anna"@lti	
"ni-mben"@sns	<https://panlex.org/snapshot/panlex-20191001-csv/114#8057640>				<https://panlex.org/snapshot/panlex-20191001-csv/114#8057467>		"ulti"@lti	
"mataʔ"@sns	<https://panlex.org/snapshot/panlex-20191001-csv/114#8062767>				<https://panlex.org/snapshot/panlex-20191001-csv/114#8062600>		"tātu"@lti	
"loŋ"@sns	<https://panlex.org/snapshot/panlex-20191001-csv/114#8054130>				<https://panlex.org/snapshot/panlex-20191001-csv/114#8053940>		"lā"@lti	
"livwo-"@sns	<https://panlex.org/snapshot/panlex-20191001-csv/114#8067481>				<https://panlex.org/snapshot/panlex-20191001-csv/114#8067299>		"nisa"@lti	
"ndolo-"@sns	<https://panlex.org/snapshot/panlex-20191001-csv/114#8064347>				<https://panlex.org/snapshot/panlex-20191001-csv/114#8064180>		"tieru"@lti	
"siplen"@sns	<https://panlex.org/snapshot/panlex-20191001-csv/114#8064892>				<https://panlex.org/snapshot/panlex-20191001-csv/114#8064716>		"mortu"@lti	
"ni-hini-"@sns	<https://panlex.org/snapshot/panlex-20191001-csv/114#8059693>				<https://panlex.org/snapshot/panlex-20191001-csv/114#8059535>		"apnu wniote"@lti	
"malambu-"@sns	<https://panlex.org/snapshot/panlex-20191001-csv/114#8067996>				<https://panlex.org/snapshot/panlex-20191001-csv/114#8067825>		"nama"@lti	
