"húhu"@kod	<https://panlex.org/snapshot/panlex-20191001-csv/114#8060500>				<https://panlex.org/snapshot/panlex-20191001-csv/114#8060864>		"itéʔ"@xkl	
"madic"@kod	<https://panlex.org/snapshot/panlex-20191001-csv/114#8068316>				<https://panlex.org/snapshot/panlex-20191001-csv/114#8068630>		"petawa"@xkl	
"emin"@kod	<https://panlex.org/snapshot/panlex-20191001-csv/114#8054935>				<https://panlex.org/snapshot/panlex-20191001-csv/114#8055249>		"enay"@xkl	
"ngodhu"@kod	<https://panlex.org/snapshot/panlex-20191001-csv/114#8067256>				<https://panlex.org/snapshot/panlex-20191001-csv/114#8067592>		"jipen"@xkl	
"kòbko"@kod	<https://panlex.org/snapshot/panlex-20191001-csv/114#8056943>				<https://panlex.org/snapshot/panlex-20191001-csv/114#8057230>		"abu"@xkl	
"metengu"@kod	<https://panlex.org/snapshot/panlex-20191001-csv/114#8056457>				<https://panlex.org/snapshot/panlex-20191001-csv/114#8056773>		"mano"@xkl	
"rí"@kod	<https://panlex.org/snapshot/panlex-20191001-csv/114#8059004>				<https://panlex.org/snapshot/panlex-20191001-csv/114#8059320>		"tulaŋ"@xkl	
"kale"@kod	<https://panlex.org/snapshot/panlex-20191001-csv/114#8052348>				<https://panlex.org/snapshot/panlex-20191001-csv/114#8052642>		"kabiŋ"@xkl	
"kabu"@kod	<https://panlex.org/snapshot/panlex-20191001-csv/114#8058454>				<https://panlex.org/snapshot/panlex-20191001-csv/114#8058813>		"batek"@xkl	
"kawana"@kod	<https://panlex.org/snapshot/panlex-20191001-csv/114#8052812>				<https://panlex.org/snapshot/panlex-20191001-csv/114#8053096>		"taʔu"@xkl	
"loma"@kod	<https://panlex.org/snapshot/panlex-20191001-csv/114#8067781>				<https://panlex.org/snapshot/panlex-20191001-csv/114#8068107>		"jelaʔ"@xkl	
"halako"@kod	<https://panlex.org/snapshot/panlex-20191001-csv/114#8053891>				<https://panlex.org/snapshot/panlex-20191001-csv/114#8054253>		"masat"@xkl	
"wíti"@kod	<https://panlex.org/snapshot/panlex-20191001-csv/114#8053309>				<https://panlex.org/snapshot/panlex-20191001-csv/114#8053663>		"taket"@xkl	
"kalito"@kod	<https://panlex.org/snapshot/panlex-20191001-csv/114#8057419>				<https://panlex.org/snapshot/panlex-20191001-csv/114#8057750>		"anit"@xkl	
"kalico"@kod	<https://panlex.org/snapshot/panlex-20191001-csv/114#8057418>				<https://panlex.org/snapshot/panlex-20191001-csv/114#8057750>		"anit"@xkl	
"lara"@kod	<https://panlex.org/snapshot/panlex-20191001-csv/114#8054434>				<https://panlex.org/snapshot/panlex-20191001-csv/114#8054746>		"janan"@xkl	
"hekor"@kod	<https://panlex.org/snapshot/panlex-20191001-csv/114#8055435>				<https://panlex.org/snapshot/panlex-20191001-csv/114#8055737>		"iliŋ"@xkl	
"wobha"@kod	<https://panlex.org/snapshot/panlex-20191001-csv/114#8066694>				<https://panlex.org/snapshot/panlex-20191001-csv/114#8067039>		"paʔ"@xkl	
"kambu"@kod	<https://panlex.org/snapshot/panlex-20191001-csv/114#8058455>				<https://panlex.org/snapshot/panlex-20191001-csv/114#8058813>		"batek"@xkl	
"íru"@kod	<https://panlex.org/snapshot/panlex-20191001-csv/114#8065224>				<https://panlex.org/snapshot/panlex-20191001-csv/114#8065563>		"enduŋ"@xkl	
"taja-ya"@kod	<https://panlex.org/snapshot/panlex-20191001-csv/114#8061553>				<https://panlex.org/snapshot/panlex-20191001-csv/114#8061896>		"tisen"@xkl	
