"wèyo"@kod	<https://panlex.org/snapshot/panlex-20191001-csv/12#850992>				<https://panlex.org/snapshot/panlex-20191001-csv/12#850839>		"mbisi"@baa	
"húhu"@kod	<https://panlex.org/snapshot/panlex-20191001-csv/114#8060500>				<https://panlex.org/snapshot/panlex-20191001-csv/114#8060321>		"sea"@baa	
"húhu"@kod	<https://panlex.org/snapshot/panlex-20191001-csv/114#8060500>				<https://panlex.org/snapshot/panlex-20191001-csv/114#8060323>		"susu-"@baa	
"húhu"@kod	<https://panlex.org/snapshot/panlex-20191001-csv/114#8060500>				<https://panlex.org/snapshot/panlex-20191001-csv/114#8060322>		"sosua"@baa	
"madic"@kod	<https://panlex.org/snapshot/panlex-20191001-csv/114#8068316>				<https://panlex.org/snapshot/panlex-20191001-csv/114#8068148>		"bére"@baa	
"madic"@kod	<https://panlex.org/snapshot/panlex-20191001-csv/114#8068316>				<https://panlex.org/snapshot/panlex-20191001-csv/114#8068149>		"mbere"@baa	
"emin"@kod	<https://panlex.org/snapshot/panlex-20191001-csv/114#8054935>				<https://panlex.org/snapshot/panlex-20191001-csv/114#8054783>		"me[i]"@baa	
"emin"@kod	<https://panlex.org/snapshot/panlex-20191001-csv/114#8054935>				<https://panlex.org/snapshot/panlex-20191001-csv/114#8054782>		"me"@baa	
"ngodhu"@kod	<https://panlex.org/snapshot/panlex-20191001-csv/114#8067256>				<https://panlex.org/snapshot/panlex-20191001-csv/114#8067081>		"kekere-"@baa	
"ngodhu"@kod	<https://panlex.org/snapshot/panlex-20191001-csv/114#8067256>				<https://panlex.org/snapshot/panlex-20191001-csv/114#8067082>		"kogotökae"@baa	
"ngodhu"@kod	<https://panlex.org/snapshot/panlex-20191001-csv/114#8067256>				<https://panlex.org/snapshot/panlex-20191001-csv/114#8067083>		"kìkeréa"@baa	
"kòbko"@kod	<https://panlex.org/snapshot/panlex-20191001-csv/114#8056943>				<https://panlex.org/snapshot/panlex-20191001-csv/114#8056810>		"nguloere"@baa	
"kòbko"@kod	<https://panlex.org/snapshot/panlex-20191001-csv/114#8056943>				<https://panlex.org/snapshot/panlex-20191001-csv/114#8056809>		"kau"@baa	
"metengu"@kod	<https://panlex.org/snapshot/panlex-20191001-csv/114#8056457>				<https://panlex.org/snapshot/panlex-20191001-csv/114#8056303>		"poto"@baa	
"metengu"@kod	<https://panlex.org/snapshot/panlex-20191001-csv/114#8056457>				<https://panlex.org/snapshot/panlex-20191001-csv/114#8056302>		"pito"@baa	
"rí"@kod	<https://panlex.org/snapshot/panlex-20191001-csv/114#8059004>				<https://panlex.org/snapshot/panlex-20191001-csv/114#8058856>		"punda-"@baa	
"rí"@kod	<https://panlex.org/snapshot/panlex-20191001-csv/114#8059004>				<https://panlex.org/snapshot/panlex-20191001-csv/114#8058857>		"pàndáe"@baa	
"kale"@kod	<https://panlex.org/snapshot/panlex-20191001-csv/114#8052348>				<https://panlex.org/snapshot/panlex-20191001-csv/114#8052211>		"mœrœ"@baa	
"kale"@kod	<https://panlex.org/snapshot/panlex-20191001-csv/114#8052348>				<https://panlex.org/snapshot/panlex-20191001-csv/114#8052210>		"kɨrisi mɨria"@baa	
"kabu"@kod	<https://panlex.org/snapshot/panlex-20191001-csv/114#8058454>				<https://panlex.org/snapshot/panlex-20191001-csv/114#8058294>		"sea"@baa	
"kabu"@kod	<https://panlex.org/snapshot/panlex-20191001-csv/114#8058454>				<https://panlex.org/snapshot/panlex-20191001-csv/114#8058293>		"mana-"@baa	
"kawana"@kod	<https://panlex.org/snapshot/panlex-20191001-csv/114#8052812>				<https://panlex.org/snapshot/panlex-20191001-csv/114#8052680>		"kɨrisi dékanae"@baa	
"kawana"@kod	<https://panlex.org/snapshot/panlex-20191001-csv/114#8052812>				<https://panlex.org/snapshot/panlex-20191001-csv/114#8052681>		"njoŋa"@baa	
"loma"@kod	<https://panlex.org/snapshot/panlex-20191001-csv/114#8067781>				<https://panlex.org/snapshot/panlex-20191001-csv/114#8067631>		"lome-"@baa	
"loma"@kod	<https://panlex.org/snapshot/panlex-20191001-csv/114#8067781>				<https://panlex.org/snapshot/panlex-20191001-csv/114#8067632>		"lùlemé"@baa	
"halako"@kod	<https://panlex.org/snapshot/panlex-20191001-csv/114#8053891>				<https://panlex.org/snapshot/panlex-20191001-csv/114#8053710>		"zó"@baa	
"halako"@kod	<https://panlex.org/snapshot/panlex-20191001-csv/114#8053891>				<https://panlex.org/snapshot/panlex-20191001-csv/114#8053709>		"zozó"@baa	
"halako"@kod	<https://panlex.org/snapshot/panlex-20191001-csv/114#8053891>				<https://panlex.org/snapshot/panlex-20191001-csv/114#8053711>		"zɔzɔ"@baa	
"wíti"@kod	<https://panlex.org/snapshot/panlex-20191001-csv/114#8053309>				<https://panlex.org/snapshot/panlex-20191001-csv/114#8053139>		"zikini-"@baa	
"wíti"@kod	<https://panlex.org/snapshot/panlex-20191001-csv/114#8053309>				<https://panlex.org/snapshot/panlex-20191001-csv/114#8053138>		"níkinia"@baa	
"wíti"@kod	<https://panlex.org/snapshot/panlex-20191001-csv/114#8053309>				<https://panlex.org/snapshot/panlex-20191001-csv/114#8053137>		"nìkinía"@baa	
"kalito"@kod	<https://panlex.org/snapshot/panlex-20191001-csv/114#8057419>				<https://panlex.org/snapshot/panlex-20191001-csv/114#8057270>		"kœpa"@baa	
"kalito"@kod	<https://panlex.org/snapshot/panlex-20191001-csv/114#8057419>				<https://panlex.org/snapshot/panlex-20191001-csv/114#8057269>		"köpae"@baa	
"kalico"@kod	<https://panlex.org/snapshot/panlex-20191001-csv/114#8057418>				<https://panlex.org/snapshot/panlex-20191001-csv/114#8057270>		"kœpa"@baa	
"kalico"@kod	<https://panlex.org/snapshot/panlex-20191001-csv/114#8057418>				<https://panlex.org/snapshot/panlex-20191001-csv/114#8057269>		"köpae"@baa	
"lara"@kod	<https://panlex.org/snapshot/panlex-20191001-csv/114#8054434>				<https://panlex.org/snapshot/panlex-20191001-csv/114#8054297>		"zuka"@baa	
"lara"@kod	<https://panlex.org/snapshot/panlex-20191001-csv/114#8054434>				<https://panlex.org/snapshot/panlex-20191001-csv/114#8054296>		"dzóka"@baa	
"hekor"@kod	<https://panlex.org/snapshot/panlex-20191001-csv/114#8055435>				<https://panlex.org/snapshot/panlex-20191001-csv/114#8055286>		"mbitiŋim liŋgisi"@baa	
"hekor"@kod	<https://panlex.org/snapshot/panlex-20191001-csv/114#8055435>				<https://panlex.org/snapshot/panlex-20191001-csv/114#8055287>		"viuru"@baa	
"wobha"@kod	<https://panlex.org/snapshot/panlex-20191001-csv/114#8066694>				<https://panlex.org/snapshot/panlex-20191001-csv/114#8066528>		"njope"@baa	
"wobha"@kod	<https://panlex.org/snapshot/panlex-20191001-csv/114#8066694>				<https://panlex.org/snapshot/panlex-20191001-csv/114#8066529>		"zopáe"@baa	
"kambu"@kod	<https://panlex.org/snapshot/panlex-20191001-csv/114#8058455>				<https://panlex.org/snapshot/panlex-20191001-csv/114#8058294>		"sea"@baa	
"kambu"@kod	<https://panlex.org/snapshot/panlex-20191001-csv/114#8058455>				<https://panlex.org/snapshot/panlex-20191001-csv/114#8058293>		"mana-"@baa	
"íru"@kod	<https://panlex.org/snapshot/panlex-20191001-csv/114#8065224>				<https://panlex.org/snapshot/panlex-20191001-csv/114#8065061>		"zeŋóa"@baa	
"íru"@kod	<https://panlex.org/snapshot/panlex-20191001-csv/114#8065224>				<https://panlex.org/snapshot/panlex-20191001-csv/114#8065062>		"ziŋɔ"@baa	
"taja-ya"@kod	<https://panlex.org/snapshot/panlex-20191001-csv/114#8061553>				<https://panlex.org/snapshot/panlex-20191001-csv/114#8061373>		"útini"@baa	
"taja-ya"@kod	<https://panlex.org/snapshot/panlex-20191001-csv/114#8061553>				<https://panlex.org/snapshot/panlex-20191001-csv/114#8061372>		"vutini"@baa	
