"puhobo"@dtp	<https://panlex.org/snapshot/panlex-20191001-csv/114#8065655>				<https://panlex.org/snapshot/panlex-20191001-csv/114#8065689>		"siak 24 khi 33"@huq	
"rikot"@dtp	<https://panlex.org/snapshot/panlex-20191001-csv/114#8054850>				<https://panlex.org/snapshot/panlex-20191001-csv/114#8054887>		"za:iʔ 32"@huq	
"irak"@dtp	<https://panlex.org/snapshot/panlex-20191001-csv/114#8068225>				<https://panlex.org/snapshot/panlex-20191001-csv/114#8068261>		"pioŋʔ 32 kiaw 33"@huq	
"wanan"@dtp	<https://panlex.org/snapshot/panlex-20191001-csv/114#8052738>				<https://panlex.org/snapshot/panlex-20191001-csv/114#8052773>		"ziu 33"@huq	
"wanan"@dtp	<https://panlex.org/snapshot/panlex-20191001-csv/114#8052738>				<https://panlex.org/snapshot/panlex-20191001-csv/114#8052772>		"thiu 43"@huq	
"gibang"@dtp	<https://panlex.org/snapshot/panlex-20191001-csv/114#8052271>				<https://panlex.org/snapshot/panlex-20191001-csv/114#8052304>		"ta:i 32"@huq	
"gibang"@dtp	<https://panlex.org/snapshot/panlex-20191001-csv/114#8052271>				<https://panlex.org/snapshot/panlex-20191001-csv/114#8052305>		"tso 33"@huq	
"dalan"@dtp	<https://panlex.org/snapshot/panlex-20191001-csv/114#8054362>				<https://panlex.org/snapshot/panlex-20191001-csv/114#8054397>		"kia 55 la:n 11"@huq	
"dalan"@dtp	<https://panlex.org/snapshot/panlex-20191001-csv/114#8054362>				<https://panlex.org/snapshot/panlex-20191001-csv/114#8054398>		"la:n 11"@huq	
"likud"@dtp	<https://panlex.org/snapshot/panlex-20191001-csv/114#8057853>				<https://panlex.org/snapshot/panlex-20191001-csv/114#8057892>		"kia 33 zoŋʔ 32"@huq	
"kilong"@dtp	<https://panlex.org/snapshot/panlex-20191001-csv/114#8055353>				<https://panlex.org/snapshot/panlex-20191001-csv/114#8055385>		"thanʔ 32"@huq	
