"rikot"@dtp	<https://panlex.org/snapshot/panlex-20191001-csv/114#8054850>				<https://panlex.org/snapshot/panlex-20191001-csv/114#8055255>		"ma54"@yha	
"irak"@dtp	<https://panlex.org/snapshot/panlex-20191001-csv/114#8068225>				<https://panlex.org/snapshot/panlex-20191001-csv/114#8068638>		"qa0 ɕɔ53"@yha	
"wanan"@dtp	<https://panlex.org/snapshot/panlex-20191001-csv/114#8052738>				<https://panlex.org/snapshot/panlex-20191001-csv/114#8053104>		"qa0 mi11"@yha	
"gibang"@dtp	<https://panlex.org/snapshot/panlex-20191001-csv/114#8052271>				<https://panlex.org/snapshot/panlex-20191001-csv/114#8052649>		"qa0 leu11"@yha	
"dalan"@dtp	<https://panlex.org/snapshot/panlex-20191001-csv/114#8054362>				<https://panlex.org/snapshot/panlex-20191001-csv/114#8054752>		"pjɔŋ11 qhun54"@yha	
"likud"@dtp	<https://panlex.org/snapshot/panlex-20191001-csv/114#8057853>				<https://panlex.org/snapshot/panlex-20191001-csv/114#8058258>		"qa0 ʔdiŋ24"@yha	
"kilong"@dtp	<https://panlex.org/snapshot/panlex-20191001-csv/114#8055353>				<https://panlex.org/snapshot/panlex-20191001-csv/114#8055744>		"vɛ31"@yha	
