"puhobo"@dtp	<https://panlex.org/snapshot/panlex-20191001-csv/114#8065655>				<https://panlex.org/snapshot/panlex-20191001-csv/114#8066002>		"pagoofaan"@yap	
"rikot"@dtp	<https://panlex.org/snapshot/panlex-20191001-csv/114#8054850>				<https://panlex.org/snapshot/panlex-20191001-csv/114#8055254>		"yib"@yap	
"irak"@dtp	<https://panlex.org/snapshot/panlex-20191001-csv/114#8068225>				<https://panlex.org/snapshot/panlex-20191001-csv/114#8068637>		"minmin"@yap	
"wanan"@dtp	<https://panlex.org/snapshot/panlex-20191001-csv/114#8052738>				<https://panlex.org/snapshot/panlex-20191001-csv/114#8053103>		"matʼaaw"@yap	
"gibang"@dtp	<https://panlex.org/snapshot/panlex-20191001-csv/114#8052271>				<https://panlex.org/snapshot/panlex-20191001-csv/114#8052648>		"gilaeyʼ"@yap	
"dalan"@dtp	<https://panlex.org/snapshot/panlex-20191001-csv/114#8054362>				<https://panlex.org/snapshot/panlex-20191001-csv/114#8054751>		"woq"@yap	
"likud"@dtp	<https://panlex.org/snapshot/panlex-20191001-csv/114#8057853>				<https://panlex.org/snapshot/panlex-20191001-csv/114#8058257>		"keeruq"@yap	
"kilong"@dtp	<https://panlex.org/snapshot/panlex-20191001-csv/114#8055353>				<https://panlex.org/snapshot/panlex-20191001-csv/114#8055742>		"cheleeg"@yap	
"kilong"@dtp	<https://panlex.org/snapshot/panlex-20191001-csv/114#8055353>				<https://panlex.org/snapshot/panlex-20191001-csv/114#8055743>		"piig"@yap	
