"puhobo"@dtp	<https://panlex.org/snapshot/panlex-20191001-csv/114#8065655>				<https://panlex.org/snapshot/panlex-20191001-csv/114#8065948>		"va vuriha"@tio	
"rikot"@dtp	<https://panlex.org/snapshot/panlex-20191001-csv/114#8054850>				<https://panlex.org/snapshot/panlex-20191001-csv/114#8055187>		"noma"@tio	
"irak"@dtp	<https://panlex.org/snapshot/panlex-20191001-csv/114#8068225>				<https://panlex.org/snapshot/panlex-20191001-csv/114#8068568>		"haesi"@tio	
"wanan"@dtp	<https://panlex.org/snapshot/panlex-20191001-csv/114#8052738>				<https://panlex.org/snapshot/panlex-20191001-csv/114#8053044>		"matau"@tio	
"gibang"@dtp	<https://panlex.org/snapshot/panlex-20191001-csv/114#8052271>				<https://panlex.org/snapshot/panlex-20191001-csv/114#8052587>		"keruka"@tio	
"dalan"@dtp	<https://panlex.org/snapshot/panlex-20191001-csv/114#8054362>				<https://panlex.org/snapshot/panlex-20191001-csv/114#8054683>		"hanana"@tio	
"likud"@dtp	<https://panlex.org/snapshot/panlex-20191001-csv/114#8057853>				<https://panlex.org/snapshot/panlex-20191001-csv/114#8058193>		"tonuna"@tio	
"likud"@dtp	<https://panlex.org/snapshot/panlex-20191001-csv/114#8057853>				<https://panlex.org/snapshot/panlex-20191001-csv/114#8058192>		"tobnuna"@tio	
"kilong"@dtp	<https://panlex.org/snapshot/panlex-20191001-csv/114#8055353>				<https://panlex.org/snapshot/panlex-20191001-csv/114#8055686>		"ja taviri"@tio	
