"لاوس"@bgn	<https://panlex.org/snapshot/panlex-20191001-csv/6898#113619159>				<https://panlex.org/snapshot/panlex-20191001-csv/6898#113619036>		"Лаос"@be	
"متحدین ایالات"@bgn	<https://panlex.org/snapshot/panlex-20191001-csv/6898#113598154>				<https://panlex.org/snapshot/panlex-20191001-csv/6898#113597937>		"Злучаныя Штаты Амерыкі"@be	
"متحدین ایالات"@bgn	<https://panlex.org/snapshot/panlex-20191001-csv/6898#113598154>				<https://panlex.org/snapshot/panlex-20191001-csv/6898#113597873>		"ЗША"@be	
"زیمبابوی"@bgn	<https://panlex.org/snapshot/panlex-20191001-csv/6898#113583609>				<https://panlex.org/snapshot/panlex-20191001-csv/6898#113583605>		"Зімбабвэ"@be	
"سیربستان"@bgn	<https://panlex.org/snapshot/panlex-20191001-csv/6898#113635266>				<https://panlex.org/snapshot/panlex-20191001-csv/6898#113635275>		"Сербія"@be	
"کوبا"@bgn	<https://panlex.org/snapshot/panlex-20191001-csv/6898#113618542>				<https://panlex.org/snapshot/panlex-20191001-csv/6898#113618637>		"Куба"@be	
"ٹایلنڈ"@bgn	<https://panlex.org/snapshot/panlex-20191001-csv/6898#113603673>				<https://panlex.org/snapshot/panlex-20191001-csv/6898#113603672>		"Тайланд"@be	
"کومورس"@bgn	<https://panlex.org/snapshot/panlex-20191001-csv/6898#113627057>				<https://panlex.org/snapshot/panlex-20191001-csv/6898#113627065>		"Каморскія Астравы"@be	
"اوراگوی"@bgn	<https://panlex.org/snapshot/panlex-20191001-csv/6898#113623498>				<https://panlex.org/snapshot/panlex-20191001-csv/6898#113623337>		"Уругвай"@be	
"موریتانیا"@bgn	<https://panlex.org/snapshot/panlex-20191001-csv/6898#113611431>				<https://panlex.org/snapshot/panlex-20191001-csv/6898#113611360>		"Маўрыкій"@be	
"نیجیر"@bgn	<https://panlex.org/snapshot/panlex-20191001-csv/6898#113644869>				<https://panlex.org/snapshot/panlex-20191001-csv/6898#113644900>		"Нігер"@be	
"چین"@bgn	<https://panlex.org/snapshot/panlex-20191001-csv/6898#113613949>				<https://panlex.org/snapshot/panlex-20191001-csv/6898#113614124>		"Кітай"@be	
"کینیا"@bgn	<https://panlex.org/snapshot/panlex-20191001-csv/6898#113594049>				<https://panlex.org/snapshot/panlex-20191001-csv/6898#113593971>		"Кенія"@be	
"اسرائیل"@bgn	<https://panlex.org/snapshot/panlex-20191001-csv/6898#113615310>				<https://panlex.org/snapshot/panlex-20191001-csv/6898#113615369>		"Ізраіль"@be	
"هنگری"@bgn	<https://panlex.org/snapshot/panlex-20191001-csv/6898#113625054>				<https://panlex.org/snapshot/panlex-20191001-csv/6898#113625041>		"Венгрыя"@be	
"سوریه"@bgn	<https://panlex.org/snapshot/panlex-20191001-csv/6898#113598629>				<https://panlex.org/snapshot/panlex-20191001-csv/6898#113598572>		"Сірыя"@be	
"قبرس"@bgn	<https://panlex.org/snapshot/panlex-20191001-csv/6898#113631819>				<https://panlex.org/snapshot/panlex-20191001-csv/6898#113631775>		"Кіпр"@be	
"بحرین"@bgn	<https://panlex.org/snapshot/panlex-20191001-csv/6898#113596111>				<https://panlex.org/snapshot/panlex-20191001-csv/6898#113596116>		"Бахрэйн"@be	
"الجزایر"@bgn	<https://panlex.org/snapshot/panlex-20191001-csv/6898#113608115>				<https://panlex.org/snapshot/panlex-20191001-csv/6898#113608163>		"Алжыр"@be	
"تاجیکستان"@bgn	<https://panlex.org/snapshot/panlex-20191001-csv/6898#113590219>				<https://panlex.org/snapshot/panlex-20191001-csv/6898#113590180>		"Таджыкістан"@be	
"قزاقستان"@bgn	<https://panlex.org/snapshot/panlex-20191001-csv/6898#113590931>				<https://panlex.org/snapshot/panlex-20191001-csv/6898#113591043>		"Казахстан"@be	
"مالداویا"@bgn	<https://panlex.org/snapshot/panlex-20191001-csv/6898#113633223>				<https://panlex.org/snapshot/panlex-20191001-csv/6898#113633274>		"Малдова"@be	
"یونان"@bgn	<https://panlex.org/snapshot/panlex-20191001-csv/6898#113630312>				<https://panlex.org/snapshot/panlex-20191001-csv/6898#113630306>		"Грэцыя"@be	
"بولیویه"@bgn	<https://panlex.org/snapshot/panlex-20191001-csv/6898#113609717>				<https://panlex.org/snapshot/panlex-20191001-csv/6898#113609542>		"Балівія"@be	
"اورورپا"@bgn	<https://panlex.org/snapshot/panlex-20191001-csv/6898#113630534>				<https://panlex.org/snapshot/panlex-20191001-csv/6898#113630542>		"Еўропа"@be	
"برازیل"@bgn	<https://panlex.org/snapshot/panlex-20191001-csv/6898#113645365>				<https://panlex.org/snapshot/panlex-20191001-csv/6898#113645244>		"Бразілія"@be	
"انگویلا"@bgn	<https://panlex.org/snapshot/panlex-20191001-csv/6898#113587459>				<https://panlex.org/snapshot/panlex-20191001-csv/6898#113587600>		"Ангілья"@be	
"یمن"@bgn	<https://panlex.org/snapshot/panlex-20191001-csv/6898#113593453>				<https://panlex.org/snapshot/panlex-20191001-csv/6898#113593561>		"Емен"@be	
"فرانسه"@bgn	<https://panlex.org/snapshot/panlex-20191001-csv/6898#113618009>				<https://panlex.org/snapshot/panlex-20191001-csv/6898#113617982>		"Францыя"@be	
"گرجستان"@bgn	<https://panlex.org/snapshot/panlex-20191001-csv/6898#113635123>				<https://panlex.org/snapshot/panlex-20191001-csv/6898#113635211>		"Грузія"@be	
"جرمنی"@bgn	<https://panlex.org/snapshot/panlex-20191001-csv/6898#113639356>				<https://panlex.org/snapshot/panlex-20191001-csv/6898#113639379>		"Германія"@be	
"نیوزلنڈ"@bgn	<https://panlex.org/snapshot/panlex-20191001-csv/6898#113587116>				<https://panlex.org/snapshot/panlex-20191001-csv/6898#113587180>		"Новая Зеландыя"@be	
"لیبیا"@bgn	<https://panlex.org/snapshot/panlex-20191001-csv/6898#113597689>				<https://panlex.org/snapshot/panlex-20191001-csv/6898#113597658>		"Лівія"@be	
"تورکمنستان"@bgn	<https://panlex.org/snapshot/panlex-20191001-csv/6898#113607955>				<https://panlex.org/snapshot/panlex-20191001-csv/6898#113607945>		"Туркменістан"@be	
"انگولا"@bgn	<https://panlex.org/snapshot/panlex-20191001-csv/6898#113599903>				<https://panlex.org/snapshot/panlex-20191001-csv/6898#113599953>		"Ангола"@be	
