"لاوس"@bgn	<https://panlex.org/snapshot/panlex-20191001-csv/6898#113619159>				<https://panlex.org/snapshot/panlex-20191001-csv/6898#113619031>		"Лаос"@tt	
"متحدین ایالات"@bgn	<https://panlex.org/snapshot/panlex-20191001-csv/6898#113598154>				<https://panlex.org/snapshot/panlex-20191001-csv/6898#113598136>		"АКШ"@tt	
"زیمبابوی"@bgn	<https://panlex.org/snapshot/panlex-20191001-csv/6898#113583609>				<https://panlex.org/snapshot/panlex-20191001-csv/6898#113583675>		"Зимбабве"@tt	
"سیربستان"@bgn	<https://panlex.org/snapshot/panlex-20191001-csv/6898#113635266>				<https://panlex.org/snapshot/panlex-20191001-csv/6898#113635284>		"Сербия"@tt	
"کوبا"@bgn	<https://panlex.org/snapshot/panlex-20191001-csv/6898#113618542>				<https://panlex.org/snapshot/panlex-20191001-csv/6898#113618527>		"Куба"@tt	
"ٹایلنڈ"@bgn	<https://panlex.org/snapshot/panlex-20191001-csv/6898#113603673>				<https://panlex.org/snapshot/panlex-20191001-csv/6898#113603678>		"Тайланд"@tt	
"کومورس"@bgn	<https://panlex.org/snapshot/panlex-20191001-csv/6898#113627057>				<https://panlex.org/snapshot/panlex-20191001-csv/6898#113626934>		"Комор утраулары"@tt	
"اوراگوی"@bgn	<https://panlex.org/snapshot/panlex-20191001-csv/6898#113623498>				<https://panlex.org/snapshot/panlex-20191001-csv/6898#113623329>		"Уругвай"@tt	
"موریتانیا"@bgn	<https://panlex.org/snapshot/panlex-20191001-csv/6898#113611431>				<https://panlex.org/snapshot/panlex-20191001-csv/6898#113611536>		"Маврикий"@tt	
"نیجیر"@bgn	<https://panlex.org/snapshot/panlex-20191001-csv/6898#113644869>				<https://panlex.org/snapshot/panlex-20191001-csv/6898#113644759>		"Нигер"@tt	
"چین"@bgn	<https://panlex.org/snapshot/panlex-20191001-csv/6898#113613949>				<https://panlex.org/snapshot/panlex-20191001-csv/6898#113613928>		"Кытай"@tt	
"کینیا"@bgn	<https://panlex.org/snapshot/panlex-20191001-csv/6898#113594049>				<https://panlex.org/snapshot/panlex-20191001-csv/6898#113593892>		"Кения"@tt	
"اسرائیل"@bgn	<https://panlex.org/snapshot/panlex-20191001-csv/6898#113615310>				<https://panlex.org/snapshot/panlex-20191001-csv/6898#113615357>		"Израиль"@tt	
"هنگری"@bgn	<https://panlex.org/snapshot/panlex-20191001-csv/6898#113625054>				<https://panlex.org/snapshot/panlex-20191001-csv/6898#113625043>		"Венгрия"@tt	
"سوریه"@bgn	<https://panlex.org/snapshot/panlex-20191001-csv/6898#113598629>				<https://panlex.org/snapshot/panlex-20191001-csv/6898#113598539>		"Сүрия"@tt	
"قبرس"@bgn	<https://panlex.org/snapshot/panlex-20191001-csv/6898#113631819>				<https://panlex.org/snapshot/panlex-20191001-csv/6898#113631710>		"Кипр"@tt	
"بحرین"@bgn	<https://panlex.org/snapshot/panlex-20191001-csv/6898#113596111>				<https://panlex.org/snapshot/panlex-20191001-csv/6898#113596103>		"Бәхрәйн"@tt	
"الجزایر"@bgn	<https://panlex.org/snapshot/panlex-20191001-csv/6898#113608115>				<https://panlex.org/snapshot/panlex-20191001-csv/6898#113608223>		"Алжир"@tt	
"تاجیکستان"@bgn	<https://panlex.org/snapshot/panlex-20191001-csv/6898#113590219>				<https://panlex.org/snapshot/panlex-20191001-csv/6898#113590182>		"Таҗикстан"@tt	
"قزاقستان"@bgn	<https://panlex.org/snapshot/panlex-20191001-csv/6898#113590931>				<https://panlex.org/snapshot/panlex-20191001-csv/6898#113591050>		"Казахстан"@tt	
"مالداویا"@bgn	<https://panlex.org/snapshot/panlex-20191001-csv/6898#113633223>				<https://panlex.org/snapshot/panlex-20191001-csv/6898#113633289>		"Молдова"@tt	
"یونان"@bgn	<https://panlex.org/snapshot/panlex-20191001-csv/6898#113630312>				<https://panlex.org/snapshot/panlex-20191001-csv/6898#113630401>		"Греция"@tt	
"بولیویه"@bgn	<https://panlex.org/snapshot/panlex-20191001-csv/6898#113609717>				<https://panlex.org/snapshot/panlex-20191001-csv/6898#113609624>		"Боливия"@tt	
"برازیل"@bgn	<https://panlex.org/snapshot/panlex-20191001-csv/6898#113645365>				<https://panlex.org/snapshot/panlex-20191001-csv/6898#113645308>		"Бразилия"@tt	
"انگویلا"@bgn	<https://panlex.org/snapshot/panlex-20191001-csv/6898#113587459>				<https://panlex.org/snapshot/panlex-20191001-csv/6898#113587544>		"Ангилья"@tt	
"یمن"@bgn	<https://panlex.org/snapshot/panlex-20191001-csv/6898#113593453>				<https://panlex.org/snapshot/panlex-20191001-csv/6898#113593537>		"Йәмән"@tt	
"فرانسه"@bgn	<https://panlex.org/snapshot/panlex-20191001-csv/6898#113618009>				<https://panlex.org/snapshot/panlex-20191001-csv/6898#113617977>		"Франция"@tt	
"گرجستان"@bgn	<https://panlex.org/snapshot/panlex-20191001-csv/6898#113635123>				<https://panlex.org/snapshot/panlex-20191001-csv/6898#113635150>		"Грузия"@tt	
"جرمنی"@bgn	<https://panlex.org/snapshot/panlex-20191001-csv/6898#113639356>				<https://panlex.org/snapshot/panlex-20191001-csv/6898#113639325>		"Германия"@tt	
"نیوزلنڈ"@bgn	<https://panlex.org/snapshot/panlex-20191001-csv/6898#113587116>				<https://panlex.org/snapshot/panlex-20191001-csv/6898#113587218>		"Яңа Зеландия"@tt	
"لیبیا"@bgn	<https://panlex.org/snapshot/panlex-20191001-csv/6898#113597689>				<https://panlex.org/snapshot/panlex-20191001-csv/6898#113597698>		"Ливия"@tt	
"تورکمنستان"@bgn	<https://panlex.org/snapshot/panlex-20191001-csv/6898#113607955>				<https://panlex.org/snapshot/panlex-20191001-csv/6898#113607834>		"Төркмәнстан"@tt	
"انگولا"@bgn	<https://panlex.org/snapshot/panlex-20191001-csv/6898#113599903>				<https://panlex.org/snapshot/panlex-20191001-csv/6898#113600063>		"Ангола"@tt	
