"Ekwado"@dav	<https://panlex.org/snapshot/panlex-20191001-csv/6898#113611008>				<https://panlex.org/snapshot/panlex-20191001-csv/6898#113611021>		"Ekwado"@luy	
"Ginekweta"@dav	<https://panlex.org/snapshot/panlex-20191001-csv/6898#113634003>				<https://panlex.org/snapshot/panlex-20191001-csv/6898#113633956>		"Ginekweta"@luy	
"Ufaransa"@dav	<https://panlex.org/snapshot/panlex-20191001-csv/6898#113618008>				<https://panlex.org/snapshot/panlex-20191001-csv/6898#113617948>		"Ufaransa"@luy	
"Nijeri"@dav	<https://panlex.org/snapshot/panlex-20191001-csv/6898#113644757>				<https://panlex.org/snapshot/panlex-20191001-csv/6898#113644910>		"Nijeri"@luy	
"Mongolia"@dav	<https://panlex.org/snapshot/panlex-20191001-csv/6898#113621504>				<https://panlex.org/snapshot/panlex-20191001-csv/6898#113621566>		"Mongolia"@luy	
"Indonesia"@dav	<https://panlex.org/snapshot/panlex-20191001-csv/6898#113633451>				<https://panlex.org/snapshot/panlex-20191001-csv/6898#113633569>		"Indonesia"@luy	
"Visiwa vya Virgin vya Uingereza"@dav	<https://panlex.org/snapshot/panlex-20191001-csv/6898#113590498>				<https://panlex.org/snapshot/panlex-20191001-csv/6898#113590425>		"Visiwa vya Virgin vya Uingereza"@luy	
"Santavisenti na Grenadini"@dav	<https://panlex.org/snapshot/panlex-20191001-csv/6898#113611816>				<https://panlex.org/snapshot/panlex-20191001-csv/6898#113611801>		"Santavisenti na Grenadini"@luy	
"Austria"@dav	<https://panlex.org/snapshot/panlex-20191001-csv/6898#113616223>				<https://panlex.org/snapshot/panlex-20191001-csv/6898#113616318>		"Austria"@luy	
"Vietinamu"@dav	<https://panlex.org/snapshot/panlex-20191001-csv/6898#113623553>				<https://panlex.org/snapshot/panlex-20191001-csv/6898#113623624>		"Vietinamu"@luy	
"Jibralta"@dav	<https://panlex.org/snapshot/panlex-20191001-csv/6898#113593016>				<https://panlex.org/snapshot/panlex-20191001-csv/6898#113593024>		"Jibralta"@luy	
"Ugiriki"@dav	<https://panlex.org/snapshot/panlex-20191001-csv/6898#113630337>				<https://panlex.org/snapshot/panlex-20191001-csv/6898#113630398>		"Ugiriki"@luy	
"Kolombia"@dav	<https://panlex.org/snapshot/panlex-20191001-csv/6898#113620770>				<https://panlex.org/snapshot/panlex-20191001-csv/6898#113620779>		"Kolombia"@luy	
"Msumbiji"@dav	<https://panlex.org/snapshot/panlex-20191001-csv/6898#113603232>				<https://panlex.org/snapshot/panlex-20191001-csv/6898#113603252>		"Msumbiji"@luy	
"Timori ya Mashariki"@dav	<https://panlex.org/snapshot/panlex-20191001-csv/6898#113632707>				<https://panlex.org/snapshot/panlex-20191001-csv/6898#113632673>		"Timori ya Mashariki"@luy	
"Santakitzi na Nevis"@dav	<https://panlex.org/snapshot/panlex-20191001-csv/6898#113634389>				<https://panlex.org/snapshot/panlex-20191001-csv/6898#113634419>		"Santakitzi na Nevis"@luy	
"Slovenia"@dav	<https://panlex.org/snapshot/panlex-20191001-csv/6898#113636547>				<https://panlex.org/snapshot/panlex-20191001-csv/6898#113636567>		"Slovenia"@luy	
"Moroko"@dav	<https://panlex.org/snapshot/panlex-20191001-csv/6898#113636018>				<https://panlex.org/snapshot/panlex-20191001-csv/6898#113636075>		"Moroko"@luy	
"Malawi"@dav	<https://panlex.org/snapshot/panlex-20191001-csv/6898#113583987>				<https://panlex.org/snapshot/panlex-20191001-csv/6898#113584012>		"Malawi"@luy	
"Bukinafaso"@dav	<https://panlex.org/snapshot/panlex-20191001-csv/6898#113632367>				<https://panlex.org/snapshot/panlex-20191001-csv/6898#113632489>		"Bukinafaso"@luy	
"Gwiyana ya Ufaransa"@dav	<https://panlex.org/snapshot/panlex-20191001-csv/6898#113644571>				<https://panlex.org/snapshot/panlex-20191001-csv/6898#113644489>		"Gwiyana ya Ufaransa"@luy	
"Belarusi"@dav	<https://panlex.org/snapshot/panlex-20191001-csv/6898#113592249>				<https://panlex.org/snapshot/panlex-20191001-csv/6898#113592261>		"Belarusi"@luy	
"Grenada"@dav	<https://panlex.org/snapshot/panlex-20191001-csv/6898#113604187>				<https://panlex.org/snapshot/panlex-20191001-csv/6898#113604130>		"Grenada"@luy	
"Bahareni"@dav	<https://panlex.org/snapshot/panlex-20191001-csv/6898#113596130>				<https://panlex.org/snapshot/panlex-20191001-csv/6898#113596026>		"Bahareni"@luy	
"Visiwa vya Marshal"@dav	<https://panlex.org/snapshot/panlex-20191001-csv/6898#113594985>				<https://panlex.org/snapshot/panlex-20191001-csv/6898#113595017>		"Visiwa vya Marshal"@luy	
"Laosi"@dav	<https://panlex.org/snapshot/panlex-20191001-csv/6898#113619172>				<https://panlex.org/snapshot/panlex-20191001-csv/6898#113619071>		"Laosi"@luy	
"Brunei"@dav	<https://panlex.org/snapshot/panlex-20191001-csv/6898#113615987>				<https://panlex.org/snapshot/panlex-20191001-csv/6898#113616109>		"Brunei"@luy	
"Marekani"@dav	<https://panlex.org/snapshot/panlex-20191001-csv/6898#113598043>				<https://panlex.org/snapshot/panlex-20191001-csv/6898#113597997>		"Marekani"@luy	
"Ajentina"@dav	<https://panlex.org/snapshot/panlex-20191001-csv/6898#113642137>				<https://panlex.org/snapshot/panlex-20191001-csv/6898#113642187>		"Ajentina"@luy	
"Kirigizistani"@dav	<https://panlex.org/snapshot/panlex-20191001-csv/6898#113627315>				<https://panlex.org/snapshot/panlex-20191001-csv/6898#113627287>		"Kirigizistani"@luy	
"Uswazi"@dav	<https://panlex.org/snapshot/panlex-20191001-csv/6898#113625241>				<https://panlex.org/snapshot/panlex-20191001-csv/6898#113625313>		"Uswazi"@luy	
"Paragwai"@dav	<https://panlex.org/snapshot/panlex-20191001-csv/6898#113623808>				<https://panlex.org/snapshot/panlex-20191001-csv/6898#113623919>		"Paragwai"@luy	
"Romania"@dav	<https://panlex.org/snapshot/panlex-20191001-csv/6898#113618241>				<https://panlex.org/snapshot/panlex-20191001-csv/6898#113618221>		"Romania"@luy	
"Montserrati"@dav	<https://panlex.org/snapshot/panlex-20191001-csv/6898#113618381>				<https://panlex.org/snapshot/panlex-20191001-csv/6898#113618484>		"Montserrati"@luy	
"Misri"@dav	<https://panlex.org/snapshot/panlex-20191001-csv/6898#113604490>				<https://panlex.org/snapshot/panlex-20191001-csv/6898#113604512>		"Misri"@luy	
"Jojia"@dav	<https://panlex.org/snapshot/panlex-20191001-csv/6898#113635206>				<https://panlex.org/snapshot/panlex-20191001-csv/6898#113635141>		"Jojia"@luy	
"Kepuvede"@dav	<https://panlex.org/snapshot/panlex-20191001-csv/6898#113629230>				<https://panlex.org/snapshot/panlex-20191001-csv/6898#113629249>		"Kepuvede"@luy	
"Antigua na Barbuda"@dav	<https://panlex.org/snapshot/panlex-20191001-csv/6898#113643735>				<https://panlex.org/snapshot/panlex-20191001-csv/6898#113643627>		"Antigua na Barbuda"@luy	
"Andora"@dav	<https://panlex.org/snapshot/panlex-20191001-csv/6898#113588435>				<https://panlex.org/snapshot/panlex-20191001-csv/6898#113588449>		"Andora"@luy	
"Kodivaa"@dav	<https://panlex.org/snapshot/panlex-20191001-csv/6898#113640466>				<https://panlex.org/snapshot/panlex-20191001-csv/6898#113640447>		"Kodivaa"@luy	
"Samoa ya Marekani"@dav	<https://panlex.org/snapshot/panlex-20191001-csv/6898#113606197>				<https://panlex.org/snapshot/panlex-20191001-csv/6898#113606257>		"Samoa lya Marekani"@luy	
"Fiji"@dav	<https://panlex.org/snapshot/panlex-20191001-csv/6898#113629880>				<https://panlex.org/snapshot/panlex-20191001-csv/6898#113629840>		"Fiji"@luy	
"Nijeria"@dav	<https://panlex.org/snapshot/panlex-20191001-csv/6898#113624023>				<https://panlex.org/snapshot/panlex-20191001-csv/6898#113624038>		"Nijeria"@luy	
"Bosnia na Hezegovina"@dav	<https://panlex.org/snapshot/panlex-20191001-csv/6898#113596825>				<https://panlex.org/snapshot/panlex-20191001-csv/6898#113596851>		"Bosnia na Hezegovina"@luy	
"Uholanzi"@dav	<https://panlex.org/snapshot/panlex-20191001-csv/6898#113635710>				<https://panlex.org/snapshot/panlex-20191001-csv/6898#113635790>		"Uholanzi"@luy	
"Afrika Kusini"@dav	<https://panlex.org/snapshot/panlex-20191001-csv/6898#113613600>				<https://panlex.org/snapshot/panlex-20191001-csv/6898#113613556>		"Afrika Kusini"@luy	
"Eritrea"@dav	<https://panlex.org/snapshot/panlex-20191001-csv/6898#113587057>				<https://panlex.org/snapshot/panlex-20191001-csv/6898#113586927>		"Eritrea"@luy	
"Visiwa vya Virgin vya Marekani"@dav	<https://panlex.org/snapshot/panlex-20191001-csv/6898#113587678>				<https://panlex.org/snapshot/panlex-20191001-csv/6898#113587783>		"Visiwa vya Virgin vya Marekani"@luy	
"Ukraini"@dav	<https://panlex.org/snapshot/panlex-20191001-csv/6898#113600815>				<https://panlex.org/snapshot/panlex-20191001-csv/6898#113600886>		"Ukraini"@luy	
"Visiwa vya Mariana vya Kaskazini"@dav	<https://panlex.org/snapshot/panlex-20191001-csv/6898#113635528>				<https://panlex.org/snapshot/panlex-20191001-csv/6898#113635460>		"Visiwa vya Mariana vya Kaskazini"@luy	
"Kazakistani"@dav	<https://panlex.org/snapshot/panlex-20191001-csv/6898#113591015>				<https://panlex.org/snapshot/panlex-20191001-csv/6898#113591024>		"Kazakistani"@luy	
"Ujerumani"@dav	<https://panlex.org/snapshot/panlex-20191001-csv/6898#113639197>				<https://panlex.org/snapshot/panlex-20191001-csv/6898#113639187>		"Ujerumani"@luy	
"Litwania"@dav	<https://panlex.org/snapshot/panlex-20191001-csv/6898#113632056>				<https://panlex.org/snapshot/panlex-20191001-csv/6898#113631996>		"Litwania"@luy	
"Martiniki"@dav	<https://panlex.org/snapshot/panlex-20191001-csv/6898#113586042>				<https://panlex.org/snapshot/panlex-20191001-csv/6898#113585999>		"Martiniki"@luy	
"Lasembagi"@dav	<https://panlex.org/snapshot/panlex-20191001-csv/6898#113640993>				<https://panlex.org/snapshot/panlex-20191001-csv/6898#113640986>		"Lasembagi"@luy	
"Grinlandi"@dav	<https://panlex.org/snapshot/panlex-20191001-csv/6898#113590644>				<https://panlex.org/snapshot/panlex-20191001-csv/6898#113590755>		"Grinlandi"@luy	
"Senegali"@dav	<https://panlex.org/snapshot/panlex-20191001-csv/6898#113591188>				<https://panlex.org/snapshot/panlex-20191001-csv/6898#113591264>		"Senegali"@luy	
"Sirilanka"@dav	<https://panlex.org/snapshot/panlex-20191001-csv/6898#113609342>				<https://panlex.org/snapshot/panlex-20191001-csv/6898#113609374>		"Sirilanka"@luy	
"Saudi"@dav	<https://panlex.org/snapshot/panlex-20191001-csv/6898#113583547>				<https://panlex.org/snapshot/panlex-20191001-csv/6898#113583438>		"Saudi"@luy	
"Santapieri na Mikeloni"@dav	<https://panlex.org/snapshot/panlex-20191001-csv/6898#113589055>				<https://panlex.org/snapshot/panlex-20191001-csv/6898#113588875>		"Santapieri na Mikeloni"@luy	
"Liberia"@dav	<https://panlex.org/snapshot/panlex-20191001-csv/6898#113605526>				<https://panlex.org/snapshot/panlex-20191001-csv/6898#113605492>		"Liberia"@luy	
"Tuvalu"@dav	<https://panlex.org/snapshot/panlex-20191001-csv/6898#113610314>				<https://panlex.org/snapshot/panlex-20191001-csv/6898#113610202>		"Tuvalu"@luy	
"Gaboni"@dav	<https://panlex.org/snapshot/panlex-20191001-csv/6898#113585268>				<https://panlex.org/snapshot/panlex-20191001-csv/6898#113585191>		"Gaboni"@luy	
"Katari"@dav	<https://panlex.org/snapshot/panlex-20191001-csv/6898#113636916>				<https://panlex.org/snapshot/panlex-20191001-csv/6898#113636765>		"Katari"@luy	
