"Ekwado"@dav	<https://panlex.org/snapshot/panlex-20191001-csv/6898#113611008>				<https://panlex.org/snapshot/panlex-20191001-csv/6898#113610912>		"Ecuador"@it	
"Ginekweta"@dav	<https://panlex.org/snapshot/panlex-20191001-csv/6898#113634003>				<https://panlex.org/snapshot/panlex-20191001-csv/6898#113633965>		"Guinea Equatoriale"@it	
"Ufaransa"@dav	<https://panlex.org/snapshot/panlex-20191001-csv/6898#113618008>				<https://panlex.org/snapshot/panlex-20191001-csv/6898#113617990>		"Francia"@it	
"Nijeri"@dav	<https://panlex.org/snapshot/panlex-20191001-csv/6898#113644757>				<https://panlex.org/snapshot/panlex-20191001-csv/6898#113644747>		"Niger"@it	
"Mongolia"@dav	<https://panlex.org/snapshot/panlex-20191001-csv/6898#113621504>				<https://panlex.org/snapshot/panlex-20191001-csv/6898#113621508>		"Mongolia"@it	
"Indonesia"@dav	<https://panlex.org/snapshot/panlex-20191001-csv/6898#113633451>				<https://panlex.org/snapshot/panlex-20191001-csv/6898#113633553>		"Indonesia"@it	
"Visiwa vya Virgin vya Uingereza"@dav	<https://panlex.org/snapshot/panlex-20191001-csv/6898#113590498>				<https://panlex.org/snapshot/panlex-20191001-csv/6898#113590487>		"Isole Vergini Britanniche"@it	
"Santavisenti na Grenadini"@dav	<https://panlex.org/snapshot/panlex-20191001-csv/6898#113611816>				<https://panlex.org/snapshot/panlex-20191001-csv/6898#113611848>		"Saint Vincent e Grenadines"@it	
"Austria"@dav	<https://panlex.org/snapshot/panlex-20191001-csv/6898#113616223>				<https://panlex.org/snapshot/panlex-20191001-csv/6898#113616193>		"Austria"@it	
"Vietinamu"@dav	<https://panlex.org/snapshot/panlex-20191001-csv/6898#113623553>				<https://panlex.org/snapshot/panlex-20191001-csv/6898#113623549>		"Vietnam"@it	
"Jibralta"@dav	<https://panlex.org/snapshot/panlex-20191001-csv/6898#113593016>				<https://panlex.org/snapshot/panlex-20191001-csv/6898#113592979>		"Gibilterra"@it	
"Ugiriki"@dav	<https://panlex.org/snapshot/panlex-20191001-csv/6898#113630337>				<https://panlex.org/snapshot/panlex-20191001-csv/6898#113630322>		"Grecia"@it	
"Kolombia"@dav	<https://panlex.org/snapshot/panlex-20191001-csv/6898#113620770>				<https://panlex.org/snapshot/panlex-20191001-csv/6898#113620753>		"Colombia"@it	
"Msumbiji"@dav	<https://panlex.org/snapshot/panlex-20191001-csv/6898#113603232>				<https://panlex.org/snapshot/panlex-20191001-csv/6898#113603205>		"Mozambico"@it	
"Timori ya Mashariki"@dav	<https://panlex.org/snapshot/panlex-20191001-csv/6898#113632707>				<https://panlex.org/snapshot/panlex-20191001-csv/6898#113632705>		"Timor Leste"@it	
"Timori ya Mashariki"@dav	<https://panlex.org/snapshot/panlex-20191001-csv/6898#113632707>				<https://panlex.org/snapshot/panlex-20191001-csv/6898#113632789>		"Timor Est"@it	
"Santakitzi na Nevis"@dav	<https://panlex.org/snapshot/panlex-20191001-csv/6898#113634389>				<https://panlex.org/snapshot/panlex-20191001-csv/6898#113634399>		"Saint Kitts e Nevis"@it	
"Slovenia"@dav	<https://panlex.org/snapshot/panlex-20191001-csv/6898#113636547>				<https://panlex.org/snapshot/panlex-20191001-csv/6898#113636553>		"Slovenia"@it	
"Moroko"@dav	<https://panlex.org/snapshot/panlex-20191001-csv/6898#113636018>				<https://panlex.org/snapshot/panlex-20191001-csv/6898#113636074>		"Marocco"@it	
"Malawi"@dav	<https://panlex.org/snapshot/panlex-20191001-csv/6898#113583987>				<https://panlex.org/snapshot/panlex-20191001-csv/6898#113583955>		"Malawi"@it	
"Bukinafaso"@dav	<https://panlex.org/snapshot/panlex-20191001-csv/6898#113632367>				<https://panlex.org/snapshot/panlex-20191001-csv/6898#113632359>		"Burkina Faso"@it	
"Gwiyana ya Ufaransa"@dav	<https://panlex.org/snapshot/panlex-20191001-csv/6898#113644571>				<https://panlex.org/snapshot/panlex-20191001-csv/6898#113644552>		"Guyana francese"@it	
"Belarusi"@dav	<https://panlex.org/snapshot/panlex-20191001-csv/6898#113592249>				<https://panlex.org/snapshot/panlex-20191001-csv/6898#113592286>		"Bielorussia"@it	
"Grenada"@dav	<https://panlex.org/snapshot/panlex-20191001-csv/6898#113604187>				<https://panlex.org/snapshot/panlex-20191001-csv/6898#113604150>		"Grenada"@it	
"Bahareni"@dav	<https://panlex.org/snapshot/panlex-20191001-csv/6898#113596130>				<https://panlex.org/snapshot/panlex-20191001-csv/6898#113596095>		"Bahrein"@it	
"Visiwa vya Marshal"@dav	<https://panlex.org/snapshot/panlex-20191001-csv/6898#113594985>				<https://panlex.org/snapshot/panlex-20191001-csv/6898#113595054>		"Isole Marshall"@it	
"Laosi"@dav	<https://panlex.org/snapshot/panlex-20191001-csv/6898#113619172>				<https://panlex.org/snapshot/panlex-20191001-csv/6898#113619111>		"Laos"@it	
"Brunei"@dav	<https://panlex.org/snapshot/panlex-20191001-csv/6898#113615987>				<https://panlex.org/snapshot/panlex-20191001-csv/6898#113616091>		"Brunei"@it	
"Marekani"@dav	<https://panlex.org/snapshot/panlex-20191001-csv/6898#113598043>				<https://panlex.org/snapshot/panlex-20191001-csv/6898#113597907>		"USA"@it	
"Marekani"@dav	<https://panlex.org/snapshot/panlex-20191001-csv/6898#113598043>				<https://panlex.org/snapshot/panlex-20191001-csv/6898#113597976>		"Stati Uniti"@it	
"Ajentina"@dav	<https://panlex.org/snapshot/panlex-20191001-csv/6898#113642137>				<https://panlex.org/snapshot/panlex-20191001-csv/6898#113642160>		"Argentina"@it	
"Kirigizistani"@dav	<https://panlex.org/snapshot/panlex-20191001-csv/6898#113627315>				<https://panlex.org/snapshot/panlex-20191001-csv/6898#113627328>		"Kirghizistan"@it	
"Uswazi"@dav	<https://panlex.org/snapshot/panlex-20191001-csv/6898#113625241>				<https://panlex.org/snapshot/panlex-20191001-csv/6898#113625280>		"Swaziland"@it	
"Paragwai"@dav	<https://panlex.org/snapshot/panlex-20191001-csv/6898#113623808>				<https://panlex.org/snapshot/panlex-20191001-csv/6898#113623920>		"Paraguay"@it	
"Romania"@dav	<https://panlex.org/snapshot/panlex-20191001-csv/6898#113618241>				<https://panlex.org/snapshot/panlex-20191001-csv/6898#113618246>		"Romania"@it	
"Montserrati"@dav	<https://panlex.org/snapshot/panlex-20191001-csv/6898#113618381>				<https://panlex.org/snapshot/panlex-20191001-csv/6898#113618387>		"Montserrat"@it	
"Misri"@dav	<https://panlex.org/snapshot/panlex-20191001-csv/6898#113604490>				<https://panlex.org/snapshot/panlex-20191001-csv/6898#113604505>		"Egitto"@it	
"Jojia"@dav	<https://panlex.org/snapshot/panlex-20191001-csv/6898#113635206>				<https://panlex.org/snapshot/panlex-20191001-csv/6898#113635058>		"Georgia"@it	
"Kepuvede"@dav	<https://panlex.org/snapshot/panlex-20191001-csv/6898#113629230>				<https://panlex.org/snapshot/panlex-20191001-csv/6898#113629209>		"Capo Verde"@it	
"Antigua na Barbuda"@dav	<https://panlex.org/snapshot/panlex-20191001-csv/6898#113643735>				<https://panlex.org/snapshot/panlex-20191001-csv/6898#113643653>		"Antigua e Barbuda"@it	
"Andora"@dav	<https://panlex.org/snapshot/panlex-20191001-csv/6898#113588435>				<https://panlex.org/snapshot/panlex-20191001-csv/6898#113588353>		"Andorra"@it	
"Kodivaa"@dav	<https://panlex.org/snapshot/panlex-20191001-csv/6898#113640466>				<https://panlex.org/snapshot/panlex-20191001-csv/6898#113640543>		"Costa d’Avorio"@it	
"Kodivaa"@dav	<https://panlex.org/snapshot/panlex-20191001-csv/6898#113640466>				<https://panlex.org/snapshot/panlex-20191001-csv/6898#113640492>		"Côte d’Ivoire"@it	
"Samoa ya Marekani"@dav	<https://panlex.org/snapshot/panlex-20191001-csv/6898#113606197>				<https://panlex.org/snapshot/panlex-20191001-csv/6898#113606225>		"Samoa americane"@it	
"Fiji"@dav	<https://panlex.org/snapshot/panlex-20191001-csv/6898#113629880>				<https://panlex.org/snapshot/panlex-20191001-csv/6898#113629954>		"Figi"@it	
"Nijeria"@dav	<https://panlex.org/snapshot/panlex-20191001-csv/6898#113624023>				<https://panlex.org/snapshot/panlex-20191001-csv/6898#113624189>		"Nigeria"@it	
"Bosnia na Hezegovina"@dav	<https://panlex.org/snapshot/panlex-20191001-csv/6898#113596825>				<https://panlex.org/snapshot/panlex-20191001-csv/6898#113596817>		"Bosnia ed Erzegovina"@it	
"Uholanzi"@dav	<https://panlex.org/snapshot/panlex-20191001-csv/6898#113635710>				<https://panlex.org/snapshot/panlex-20191001-csv/6898#113635740>		"Paesi Bassi"@it	
"Afrika Kusini"@dav	<https://panlex.org/snapshot/panlex-20191001-csv/6898#113613600>				<https://panlex.org/snapshot/panlex-20191001-csv/6898#113613610>		"Sudafrica"@it	
"Eritrea"@dav	<https://panlex.org/snapshot/panlex-20191001-csv/6898#113587057>				<https://panlex.org/snapshot/panlex-20191001-csv/6898#113587053>		"Eritrea"@it	
"Visiwa vya Virgin vya Marekani"@dav	<https://panlex.org/snapshot/panlex-20191001-csv/6898#113587678>				<https://panlex.org/snapshot/panlex-20191001-csv/6898#113587778>		"Isole Vergini Americane"@it	
"Ukraini"@dav	<https://panlex.org/snapshot/panlex-20191001-csv/6898#113600815>				<https://panlex.org/snapshot/panlex-20191001-csv/6898#113600895>		"Ucraina"@it	
"Visiwa vya Mariana vya Kaskazini"@dav	<https://panlex.org/snapshot/panlex-20191001-csv/6898#113635528>				<https://panlex.org/snapshot/panlex-20191001-csv/6898#113635570>		"Isole Marianne settentrionali"@it	
"Kazakistani"@dav	<https://panlex.org/snapshot/panlex-20191001-csv/6898#113591015>				<https://panlex.org/snapshot/panlex-20191001-csv/6898#113591027>		"Kazakistan"@it	
"Ujerumani"@dav	<https://panlex.org/snapshot/panlex-20191001-csv/6898#113639197>				<https://panlex.org/snapshot/panlex-20191001-csv/6898#113639381>		"Germania"@it	
"Litwania"@dav	<https://panlex.org/snapshot/panlex-20191001-csv/6898#113632056>				<https://panlex.org/snapshot/panlex-20191001-csv/6898#113631925>		"Lituania"@it	
"Martiniki"@dav	<https://panlex.org/snapshot/panlex-20191001-csv/6898#113586042>				<https://panlex.org/snapshot/panlex-20191001-csv/6898#113586003>		"Martinica"@it	
"Lasembagi"@dav	<https://panlex.org/snapshot/panlex-20191001-csv/6898#113640993>				<https://panlex.org/snapshot/panlex-20191001-csv/6898#113640942>		"Lussemburgo"@it	
"Grinlandi"@dav	<https://panlex.org/snapshot/panlex-20191001-csv/6898#113590644>				<https://panlex.org/snapshot/panlex-20191001-csv/6898#113590634>		"Groenlandia"@it	
"Senegali"@dav	<https://panlex.org/snapshot/panlex-20191001-csv/6898#113591188>				<https://panlex.org/snapshot/panlex-20191001-csv/6898#113591151>		"Senegal"@it	
"Sirilanka"@dav	<https://panlex.org/snapshot/panlex-20191001-csv/6898#113609342>				<https://panlex.org/snapshot/panlex-20191001-csv/6898#113609307>		"Sri Lanka"@it	
"Saudi"@dav	<https://panlex.org/snapshot/panlex-20191001-csv/6898#113583547>				<https://panlex.org/snapshot/panlex-20191001-csv/6898#113583562>		"Arabia Saudita"@it	
"Santapieri na Mikeloni"@dav	<https://panlex.org/snapshot/panlex-20191001-csv/6898#113589055>				<https://panlex.org/snapshot/panlex-20191001-csv/6898#113588947>		"Saint Pierre e Miquelon"@it	
"Liberia"@dav	<https://panlex.org/snapshot/panlex-20191001-csv/6898#113605526>				<https://panlex.org/snapshot/panlex-20191001-csv/6898#113605559>		"Liberia"@it	
"Tuvalu"@dav	<https://panlex.org/snapshot/panlex-20191001-csv/6898#113610314>				<https://panlex.org/snapshot/panlex-20191001-csv/6898#113610343>		"Tuvalu"@it	
"Gaboni"@dav	<https://panlex.org/snapshot/panlex-20191001-csv/6898#113585268>				<https://panlex.org/snapshot/panlex-20191001-csv/6898#113585184>		"Gabon"@it	
"Katari"@dav	<https://panlex.org/snapshot/panlex-20191001-csv/6898#113636916>				<https://panlex.org/snapshot/panlex-20191001-csv/6898#113636823>		"Qatar"@it	
