"Ekwado"@dav	<https://panlex.org/snapshot/panlex-20191001-csv/6898#113611008>				<https://panlex.org/snapshot/panlex-20191001-csv/6898#113610925>		"Ecuador"@fur	
"Ginekweta"@dav	<https://panlex.org/snapshot/panlex-20191001-csv/6898#113634003>				<https://panlex.org/snapshot/panlex-20191001-csv/6898#113633947>		"Guinee ecuatoriâl"@fur	
"Ufaransa"@dav	<https://panlex.org/snapshot/panlex-20191001-csv/6898#113618008>				<https://panlex.org/snapshot/panlex-20191001-csv/6898#113617899>		"France"@fur	
"Nijeri"@dav	<https://panlex.org/snapshot/panlex-20191001-csv/6898#113644757>				<https://panlex.org/snapshot/panlex-20191001-csv/6898#113644763>		"Niger"@fur	
"Mongolia"@dav	<https://panlex.org/snapshot/panlex-20191001-csv/6898#113621504>				<https://panlex.org/snapshot/panlex-20191001-csv/6898#113621492>		"Mongolie"@fur	
"Indonesia"@dav	<https://panlex.org/snapshot/panlex-20191001-csv/6898#113633451>				<https://panlex.org/snapshot/panlex-20191001-csv/6898#113633458>		"Indonesie"@fur	
"Visiwa vya Virgin vya Uingereza"@dav	<https://panlex.org/snapshot/panlex-20191001-csv/6898#113590498>				<https://panlex.org/snapshot/panlex-20191001-csv/6898#113590384>		"Isulis vergjinis britanichis"@fur	
"Santavisenti na Grenadini"@dav	<https://panlex.org/snapshot/panlex-20191001-csv/6898#113611816>				<https://panlex.org/snapshot/panlex-20191001-csv/6898#113611868>		"San Vincent e lis Grenadinis"@fur	
"Austria"@dav	<https://panlex.org/snapshot/panlex-20191001-csv/6898#113616223>				<https://panlex.org/snapshot/panlex-20191001-csv/6898#113616156>		"Austrie"@fur	
"Vietinamu"@dav	<https://panlex.org/snapshot/panlex-20191001-csv/6898#113623553>				<https://panlex.org/snapshot/panlex-20191001-csv/6898#113623604>		"Vietnam"@fur	
"Jibralta"@dav	<https://panlex.org/snapshot/panlex-20191001-csv/6898#113593016>				<https://panlex.org/snapshot/panlex-20191001-csv/6898#113593043>		"Gjibraltar"@fur	
"Ugiriki"@dav	<https://panlex.org/snapshot/panlex-20191001-csv/6898#113630337>				<https://panlex.org/snapshot/panlex-20191001-csv/6898#113630433>		"Grecie"@fur	
"Kolombia"@dav	<https://panlex.org/snapshot/panlex-20191001-csv/6898#113620770>				<https://panlex.org/snapshot/panlex-20191001-csv/6898#113620663>		"Colombie"@fur	
"Msumbiji"@dav	<https://panlex.org/snapshot/panlex-20191001-csv/6898#113603232>				<https://panlex.org/snapshot/panlex-20191001-csv/6898#113603352>		"Mozambic"@fur	
"Timori ya Mashariki"@dav	<https://panlex.org/snapshot/panlex-20191001-csv/6898#113632707>				<https://panlex.org/snapshot/panlex-20191001-csv/6898#113632643>		"Timor orientâl"@fur	
"Santakitzi na Nevis"@dav	<https://panlex.org/snapshot/panlex-20191001-csv/6898#113634389>				<https://panlex.org/snapshot/panlex-20191001-csv/6898#113634445>		"San Kitts e Nevis"@fur	
"Slovenia"@dav	<https://panlex.org/snapshot/panlex-20191001-csv/6898#113636547>				<https://panlex.org/snapshot/panlex-20191001-csv/6898#113636583>		"Slovenie"@fur	
"Moroko"@dav	<https://panlex.org/snapshot/panlex-20191001-csv/6898#113636018>				<https://panlex.org/snapshot/panlex-20191001-csv/6898#113635957>		"Maroc"@fur	
"Malawi"@dav	<https://panlex.org/snapshot/panlex-20191001-csv/6898#113583987>				<https://panlex.org/snapshot/panlex-20191001-csv/6898#113583940>		"Malawi"@fur	
"Bukinafaso"@dav	<https://panlex.org/snapshot/panlex-20191001-csv/6898#113632367>				<https://panlex.org/snapshot/panlex-20191001-csv/6898#113632447>		"Burkina Faso"@fur	
"Gwiyana ya Ufaransa"@dav	<https://panlex.org/snapshot/panlex-20191001-csv/6898#113644571>				<https://panlex.org/snapshot/panlex-20191001-csv/6898#113644429>		"Guiana francês"@fur	
"Belarusi"@dav	<https://panlex.org/snapshot/panlex-20191001-csv/6898#113592249>				<https://panlex.org/snapshot/panlex-20191001-csv/6898#113592184>		"Bielorussie"@fur	
"Grenada"@dav	<https://panlex.org/snapshot/panlex-20191001-csv/6898#113604187>				<https://panlex.org/snapshot/panlex-20191001-csv/6898#113604100>		"Grenada"@fur	
"Bahareni"@dav	<https://panlex.org/snapshot/panlex-20191001-csv/6898#113596130>				<https://panlex.org/snapshot/panlex-20191001-csv/6898#113596129>		"Bahrain"@fur	
"Visiwa vya Marshal"@dav	<https://panlex.org/snapshot/panlex-20191001-csv/6898#113594985>				<https://panlex.org/snapshot/panlex-20191001-csv/6898#113595022>		"Isulis Marshall"@fur	
"Laosi"@dav	<https://panlex.org/snapshot/panlex-20191001-csv/6898#113619172>				<https://panlex.org/snapshot/panlex-20191001-csv/6898#113619007>		"Laos"@fur	
"Brunei"@dav	<https://panlex.org/snapshot/panlex-20191001-csv/6898#113615987>				<https://panlex.org/snapshot/panlex-20191001-csv/6898#113616076>		"Brunei"@fur	
"Marekani"@dav	<https://panlex.org/snapshot/panlex-20191001-csv/6898#113598043>				<https://panlex.org/snapshot/panlex-20191001-csv/6898#113598016>		"Stâts Unîts"@fur	
"Ajentina"@dav	<https://panlex.org/snapshot/panlex-20191001-csv/6898#113642137>				<https://panlex.org/snapshot/panlex-20191001-csv/6898#113642169>		"Argjentine"@fur	
"Kirigizistani"@dav	<https://panlex.org/snapshot/panlex-20191001-csv/6898#113627315>				<https://panlex.org/snapshot/panlex-20191001-csv/6898#113627283>		"Kirghizstan"@fur	
"Uswazi"@dav	<https://panlex.org/snapshot/panlex-20191001-csv/6898#113625241>				<https://panlex.org/snapshot/panlex-20191001-csv/6898#113625222>		"Swaziland"@fur	
"Paragwai"@dav	<https://panlex.org/snapshot/panlex-20191001-csv/6898#113623808>				<https://panlex.org/snapshot/panlex-20191001-csv/6898#113623883>		"Paraguay"@fur	
"Romania"@dav	<https://panlex.org/snapshot/panlex-20191001-csv/6898#113618241>				<https://panlex.org/snapshot/panlex-20191001-csv/6898#113618213>		"Romanie"@fur	
"Montserrati"@dav	<https://panlex.org/snapshot/panlex-20191001-csv/6898#113618381>				<https://panlex.org/snapshot/panlex-20191001-csv/6898#113618441>		"Montserrat"@fur	
"Misri"@dav	<https://panlex.org/snapshot/panlex-20191001-csv/6898#113604490>				<https://panlex.org/snapshot/panlex-20191001-csv/6898#113604632>		"Egjit"@fur	
"Jojia"@dav	<https://panlex.org/snapshot/panlex-20191001-csv/6898#113635206>				<https://panlex.org/snapshot/panlex-20191001-csv/6898#113635232>		"Gjeorgjie"@fur	
"Kepuvede"@dav	<https://panlex.org/snapshot/panlex-20191001-csv/6898#113629230>				<https://panlex.org/snapshot/panlex-20191001-csv/6898#113629387>		"Cjâf vert"@fur	
"Antigua na Barbuda"@dav	<https://panlex.org/snapshot/panlex-20191001-csv/6898#113643735>				<https://panlex.org/snapshot/panlex-20191001-csv/6898#113643812>		"Antigua e Barbuda"@fur	
"Andora"@dav	<https://panlex.org/snapshot/panlex-20191001-csv/6898#113588435>				<https://panlex.org/snapshot/panlex-20191001-csv/6898#113588397>		"Andorra"@fur	
"Kodivaa"@dav	<https://panlex.org/snapshot/panlex-20191001-csv/6898#113640466>				<https://panlex.org/snapshot/panlex-20191001-csv/6898#113640370>		"Cueste di Avoli"@fur	
"Samoa ya Marekani"@dav	<https://panlex.org/snapshot/panlex-20191001-csv/6898#113606197>				<https://panlex.org/snapshot/panlex-20191001-csv/6898#113606289>		"Samoa merecanis"@fur	
"Fiji"@dav	<https://panlex.org/snapshot/panlex-20191001-csv/6898#113629880>				<https://panlex.org/snapshot/panlex-20191001-csv/6898#113629887>		"Fizi"@fur	
"Nijeria"@dav	<https://panlex.org/snapshot/panlex-20191001-csv/6898#113624023>				<https://panlex.org/snapshot/panlex-20191001-csv/6898#113624027>		"Nigerie"@fur	
"Bosnia na Hezegovina"@dav	<https://panlex.org/snapshot/panlex-20191001-csv/6898#113596825>				<https://panlex.org/snapshot/panlex-20191001-csv/6898#113596840>		"Bosnie e Ercegovine"@fur	
"Uholanzi"@dav	<https://panlex.org/snapshot/panlex-20191001-csv/6898#113635710>				<https://panlex.org/snapshot/panlex-20191001-csv/6898#113635871>		"Paîs bas"@fur	
"Afrika Kusini"@dav	<https://panlex.org/snapshot/panlex-20191001-csv/6898#113613600>				<https://panlex.org/snapshot/panlex-20191001-csv/6898#113613631>		"Sud Afriche"@fur	
"Eritrea"@dav	<https://panlex.org/snapshot/panlex-20191001-csv/6898#113587057>				<https://panlex.org/snapshot/panlex-20191001-csv/6898#113587056>		"Eritree"@fur	
"Visiwa vya Virgin vya Marekani"@dav	<https://panlex.org/snapshot/panlex-20191001-csv/6898#113587678>				<https://panlex.org/snapshot/panlex-20191001-csv/6898#113587692>		"Isulis vergjinis americanis"@fur	
"Ukraini"@dav	<https://panlex.org/snapshot/panlex-20191001-csv/6898#113600815>				<https://panlex.org/snapshot/panlex-20191001-csv/6898#113600863>		"Ucraine"@fur	
"Visiwa vya Mariana vya Kaskazini"@dav	<https://panlex.org/snapshot/panlex-20191001-csv/6898#113635528>				<https://panlex.org/snapshot/panlex-20191001-csv/6898#113635500>		"Isulis Mariana dal Nord"@fur	
"Kazakistani"@dav	<https://panlex.org/snapshot/panlex-20191001-csv/6898#113591015>				<https://panlex.org/snapshot/panlex-20191001-csv/6898#113590951>		"Kazachistan"@fur	
"Ujerumani"@dav	<https://panlex.org/snapshot/panlex-20191001-csv/6898#113639197>				<https://panlex.org/snapshot/panlex-20191001-csv/6898#113639287>		"Gjermanie"@fur	
"Litwania"@dav	<https://panlex.org/snapshot/panlex-20191001-csv/6898#113632056>				<https://panlex.org/snapshot/panlex-20191001-csv/6898#113631970>		"Lituanie"@fur	
"Martiniki"@dav	<https://panlex.org/snapshot/panlex-20191001-csv/6898#113586042>				<https://panlex.org/snapshot/panlex-20191001-csv/6898#113585986>		"Martiniche"@fur	
"Lasembagi"@dav	<https://panlex.org/snapshot/panlex-20191001-csv/6898#113640993>				<https://panlex.org/snapshot/panlex-20191001-csv/6898#113641023>		"Lussemburc"@fur	
"Grinlandi"@dav	<https://panlex.org/snapshot/panlex-20191001-csv/6898#113590644>				<https://panlex.org/snapshot/panlex-20191001-csv/6898#113590757>		"Groenlande"@fur	
"Senegali"@dav	<https://panlex.org/snapshot/panlex-20191001-csv/6898#113591188>				<https://panlex.org/snapshot/panlex-20191001-csv/6898#113591197>		"Senegal"@fur	
"Sirilanka"@dav	<https://panlex.org/snapshot/panlex-20191001-csv/6898#113609342>				<https://panlex.org/snapshot/panlex-20191001-csv/6898#113609295>		"Sri Lanka"@fur	
"Saudi"@dav	<https://panlex.org/snapshot/panlex-20191001-csv/6898#113583547>				<https://panlex.org/snapshot/panlex-20191001-csv/6898#113583404>		"Arabie Saudide"@fur	
"Santapieri na Mikeloni"@dav	<https://panlex.org/snapshot/panlex-20191001-csv/6898#113589055>				<https://panlex.org/snapshot/panlex-20191001-csv/6898#113588900>		"San Pierre e Miquelon"@fur	
"Liberia"@dav	<https://panlex.org/snapshot/panlex-20191001-csv/6898#113605526>				<https://panlex.org/snapshot/panlex-20191001-csv/6898#113605585>		"Liberie"@fur	
"Tuvalu"@dav	<https://panlex.org/snapshot/panlex-20191001-csv/6898#113610314>				<https://panlex.org/snapshot/panlex-20191001-csv/6898#113610354>		"Tuvalu"@fur	
"Gaboni"@dav	<https://panlex.org/snapshot/panlex-20191001-csv/6898#113585268>				<https://panlex.org/snapshot/panlex-20191001-csv/6898#113585238>		"Gabon"@fur	
"Katari"@dav	<https://panlex.org/snapshot/panlex-20191001-csv/6898#113636916>				<https://panlex.org/snapshot/panlex-20191001-csv/6898#113636774>		"Qatar"@fur	
