"Ekwado"@dav	<https://panlex.org/snapshot/panlex-20191001-csv/6898#113611008>				<https://panlex.org/snapshot/panlex-20191001-csv/6898#113611034>		"Ekwado"@ebu	
"Ginekweta"@dav	<https://panlex.org/snapshot/panlex-20191001-csv/6898#113634003>				<https://panlex.org/snapshot/panlex-20191001-csv/6898#113633993>		"Ginekweta"@ebu	
"Ufaransa"@dav	<https://panlex.org/snapshot/panlex-20191001-csv/6898#113618008>				<https://panlex.org/snapshot/panlex-20191001-csv/6898#113617895>		"Ufaransa"@ebu	
"Nijeri"@dav	<https://panlex.org/snapshot/panlex-20191001-csv/6898#113644757>				<https://panlex.org/snapshot/panlex-20191001-csv/6898#113644920>		"Nijeri"@ebu	
"Mongolia"@dav	<https://panlex.org/snapshot/panlex-20191001-csv/6898#113621504>				<https://panlex.org/snapshot/panlex-20191001-csv/6898#113621518>		"Mongolia"@ebu	
"Indonesia"@dav	<https://panlex.org/snapshot/panlex-20191001-csv/6898#113633451>				<https://panlex.org/snapshot/panlex-20191001-csv/6898#113633566>		"Indonesia"@ebu	
"Visiwa vya Virgin vya Uingereza"@dav	<https://panlex.org/snapshot/panlex-20191001-csv/6898#113590498>				<https://panlex.org/snapshot/panlex-20191001-csv/6898#113590438>		"Visiwa vya Virgin vya Uingereza"@ebu	
"Santavisenti na Grenadini"@dav	<https://panlex.org/snapshot/panlex-20191001-csv/6898#113611816>				<https://panlex.org/snapshot/panlex-20191001-csv/6898#113611805>		"Santavisenti na Grenadini"@ebu	
"Austria"@dav	<https://panlex.org/snapshot/panlex-20191001-csv/6898#113616223>				<https://panlex.org/snapshot/panlex-20191001-csv/6898#113616255>		"Austria"@ebu	
"Vietinamu"@dav	<https://panlex.org/snapshot/panlex-20191001-csv/6898#113623553>				<https://panlex.org/snapshot/panlex-20191001-csv/6898#113623566>		"Vietinamu"@ebu	
"Jibralta"@dav	<https://panlex.org/snapshot/panlex-20191001-csv/6898#113593016>				<https://panlex.org/snapshot/panlex-20191001-csv/6898#113592971>		"Jibralta"@ebu	
"Ugiriki"@dav	<https://panlex.org/snapshot/panlex-20191001-csv/6898#113630337>				<https://panlex.org/snapshot/panlex-20191001-csv/6898#113630395>		"Ugiriki"@ebu	
"Kolombia"@dav	<https://panlex.org/snapshot/panlex-20191001-csv/6898#113620770>				<https://panlex.org/snapshot/panlex-20191001-csv/6898#113620668>		"Kolombia"@ebu	
"Msumbiji"@dav	<https://panlex.org/snapshot/panlex-20191001-csv/6898#113603232>				<https://panlex.org/snapshot/panlex-20191001-csv/6898#113603247>		"Msumbiji"@ebu	
"Timori ya Mashariki"@dav	<https://panlex.org/snapshot/panlex-20191001-csv/6898#113632707>				<https://panlex.org/snapshot/panlex-20191001-csv/6898#113632662>		"Timori ya Mashariki"@ebu	
"Santakitzi na Nevis"@dav	<https://panlex.org/snapshot/panlex-20191001-csv/6898#113634389>				<https://panlex.org/snapshot/panlex-20191001-csv/6898#113634405>		"Santakitzi na Nevis"@ebu	
"Slovenia"@dav	<https://panlex.org/snapshot/panlex-20191001-csv/6898#113636547>				<https://panlex.org/snapshot/panlex-20191001-csv/6898#113636566>		"Slovenia"@ebu	
"Moroko"@dav	<https://panlex.org/snapshot/panlex-20191001-csv/6898#113636018>				<https://panlex.org/snapshot/panlex-20191001-csv/6898#113636037>		"Moroko"@ebu	
"Malawi"@dav	<https://panlex.org/snapshot/panlex-20191001-csv/6898#113583987>				<https://panlex.org/snapshot/panlex-20191001-csv/6898#113584013>		"Malawi"@ebu	
"Bukinafaso"@dav	<https://panlex.org/snapshot/panlex-20191001-csv/6898#113632367>				<https://panlex.org/snapshot/panlex-20191001-csv/6898#113632337>		"Bukinafaso"@ebu	
"Gwiyana ya Ufaransa"@dav	<https://panlex.org/snapshot/panlex-20191001-csv/6898#113644571>				<https://panlex.org/snapshot/panlex-20191001-csv/6898#113644581>		"Gwiyana ya Ufaransa"@ebu	
"Belarusi"@dav	<https://panlex.org/snapshot/panlex-20191001-csv/6898#113592249>				<https://panlex.org/snapshot/panlex-20191001-csv/6898#113592211>		"Belarusi"@ebu	
"Grenada"@dav	<https://panlex.org/snapshot/panlex-20191001-csv/6898#113604187>				<https://panlex.org/snapshot/panlex-20191001-csv/6898#113604164>		"Grenada"@ebu	
"Bahareni"@dav	<https://panlex.org/snapshot/panlex-20191001-csv/6898#113596130>				<https://panlex.org/snapshot/panlex-20191001-csv/6898#113596159>		"Bahareni"@ebu	
"Visiwa vya Marshal"@dav	<https://panlex.org/snapshot/panlex-20191001-csv/6898#113594985>				<https://panlex.org/snapshot/panlex-20191001-csv/6898#113594999>		"Visiwa vya Marshal"@ebu	
"Laosi"@dav	<https://panlex.org/snapshot/panlex-20191001-csv/6898#113619172>				<https://panlex.org/snapshot/panlex-20191001-csv/6898#113619032>		"Laosi"@ebu	
"Brunei"@dav	<https://panlex.org/snapshot/panlex-20191001-csv/6898#113615987>				<https://panlex.org/snapshot/panlex-20191001-csv/6898#113616107>		"Brunei"@ebu	
"Marekani"@dav	<https://panlex.org/snapshot/panlex-20191001-csv/6898#113598043>				<https://panlex.org/snapshot/panlex-20191001-csv/6898#113597995>		"Marekani"@ebu	
"Ajentina"@dav	<https://panlex.org/snapshot/panlex-20191001-csv/6898#113642137>				<https://panlex.org/snapshot/panlex-20191001-csv/6898#113642189>		"Ajentina"@ebu	
"Kirigizistani"@dav	<https://panlex.org/snapshot/panlex-20191001-csv/6898#113627315>				<https://panlex.org/snapshot/panlex-20191001-csv/6898#113627331>		"Kirigizistani"@ebu	
"Uswazi"@dav	<https://panlex.org/snapshot/panlex-20191001-csv/6898#113625241>				<https://panlex.org/snapshot/panlex-20191001-csv/6898#113625365>		"Uswazi"@ebu	
"Paragwai"@dav	<https://panlex.org/snapshot/panlex-20191001-csv/6898#113623808>				<https://panlex.org/snapshot/panlex-20191001-csv/6898#113623829>		"Paragwai"@ebu	
"Romania"@dav	<https://panlex.org/snapshot/panlex-20191001-csv/6898#113618241>				<https://panlex.org/snapshot/panlex-20191001-csv/6898#113618115>		"Romania"@ebu	
"Montserrati"@dav	<https://panlex.org/snapshot/panlex-20191001-csv/6898#113618381>				<https://panlex.org/snapshot/panlex-20191001-csv/6898#113618347>		"Montserrati"@ebu	
"Misri"@dav	<https://panlex.org/snapshot/panlex-20191001-csv/6898#113604490>				<https://panlex.org/snapshot/panlex-20191001-csv/6898#113604517>		"Misri"@ebu	
"Jojia"@dav	<https://panlex.org/snapshot/panlex-20191001-csv/6898#113635206>				<https://panlex.org/snapshot/panlex-20191001-csv/6898#113635224>		"Jojia"@ebu	
"Kepuvede"@dav	<https://panlex.org/snapshot/panlex-20191001-csv/6898#113629230>				<https://panlex.org/snapshot/panlex-20191001-csv/6898#113629241>		"Kepuvede"@ebu	
"Antigua na Barbuda"@dav	<https://panlex.org/snapshot/panlex-20191001-csv/6898#113643735>				<https://panlex.org/snapshot/panlex-20191001-csv/6898#113643710>		"Antigua na Barbuda"@ebu	
"Andora"@dav	<https://panlex.org/snapshot/panlex-20191001-csv/6898#113588435>				<https://panlex.org/snapshot/panlex-20191001-csv/6898#113588492>		"Andora"@ebu	
"Kodivaa"@dav	<https://panlex.org/snapshot/panlex-20191001-csv/6898#113640466>				<https://panlex.org/snapshot/panlex-20191001-csv/6898#113640445>		"Kodivaa"@ebu	
"Samoa ya Marekani"@dav	<https://panlex.org/snapshot/panlex-20191001-csv/6898#113606197>				<https://panlex.org/snapshot/panlex-20191001-csv/6898#113606183>		"Samoa ya Marekani"@ebu	
"Fiji"@dav	<https://panlex.org/snapshot/panlex-20191001-csv/6898#113629880>				<https://panlex.org/snapshot/panlex-20191001-csv/6898#113629898>		"Fiji"@ebu	
"Nijeria"@dav	<https://panlex.org/snapshot/panlex-20191001-csv/6898#113624023>				<https://panlex.org/snapshot/panlex-20191001-csv/6898#113624052>		"Nijeria"@ebu	
"Bosnia na Hezegovina"@dav	<https://panlex.org/snapshot/panlex-20191001-csv/6898#113596825>				<https://panlex.org/snapshot/panlex-20191001-csv/6898#113596854>		"Bosnia na Hezegovina"@ebu	
"Uholanzi"@dav	<https://panlex.org/snapshot/panlex-20191001-csv/6898#113635710>				<https://panlex.org/snapshot/panlex-20191001-csv/6898#113635828>		"Uholanzi"@ebu	
"Afrika Kusini"@dav	<https://panlex.org/snapshot/panlex-20191001-csv/6898#113613600>				<https://panlex.org/snapshot/panlex-20191001-csv/6898#113613704>		"Afrika Kusini"@ebu	
"Eritrea"@dav	<https://panlex.org/snapshot/panlex-20191001-csv/6898#113587057>				<https://panlex.org/snapshot/panlex-20191001-csv/6898#113587038>		"Eritrea"@ebu	
"Visiwa vya Virgin vya Marekani"@dav	<https://panlex.org/snapshot/panlex-20191001-csv/6898#113587678>				<https://panlex.org/snapshot/panlex-20191001-csv/6898#113587643>		"Visiwa vya Virgin vya Marekani"@ebu	
"Ukraini"@dav	<https://panlex.org/snapshot/panlex-20191001-csv/6898#113600815>				<https://panlex.org/snapshot/panlex-20191001-csv/6898#113600827>		"Ukraini"@ebu	
"Visiwa vya Mariana vya Kaskazini"@dav	<https://panlex.org/snapshot/panlex-20191001-csv/6898#113635528>				<https://panlex.org/snapshot/panlex-20191001-csv/6898#113635499>		"Visiwa vya Mariana vya Kaskazini"@ebu	
"Kazakistani"@dav	<https://panlex.org/snapshot/panlex-20191001-csv/6898#113591015>				<https://panlex.org/snapshot/panlex-20191001-csv/6898#113590985>		"Kazakistani"@ebu	
"Ujerumani"@dav	<https://panlex.org/snapshot/panlex-20191001-csv/6898#113639197>				<https://panlex.org/snapshot/panlex-20191001-csv/6898#113639219>		"Ujerumani"@ebu	
"Litwania"@dav	<https://panlex.org/snapshot/panlex-20191001-csv/6898#113632056>				<https://panlex.org/snapshot/panlex-20191001-csv/6898#113632100>		"Litwania"@ebu	
"Martiniki"@dav	<https://panlex.org/snapshot/panlex-20191001-csv/6898#113586042>				<https://panlex.org/snapshot/panlex-20191001-csv/6898#113586091>		"Martiniki"@ebu	
"Lasembagi"@dav	<https://panlex.org/snapshot/panlex-20191001-csv/6898#113640993>				<https://panlex.org/snapshot/panlex-20191001-csv/6898#113640876>		"Lasembagi"@ebu	
"Grinlandi"@dav	<https://panlex.org/snapshot/panlex-20191001-csv/6898#113590644>				<https://panlex.org/snapshot/panlex-20191001-csv/6898#113590756>		"Grinlandi"@ebu	
"Senegali"@dav	<https://panlex.org/snapshot/panlex-20191001-csv/6898#113591188>				<https://panlex.org/snapshot/panlex-20191001-csv/6898#113591263>		"Senegali"@ebu	
"Sirilanka"@dav	<https://panlex.org/snapshot/panlex-20191001-csv/6898#113609342>				<https://panlex.org/snapshot/panlex-20191001-csv/6898#113609335>		"Sirilanka"@ebu	
"Saudi"@dav	<https://panlex.org/snapshot/panlex-20191001-csv/6898#113583547>				<https://panlex.org/snapshot/panlex-20191001-csv/6898#113583529>		"Saudi"@ebu	
"Santapieri na Mikeloni"@dav	<https://panlex.org/snapshot/panlex-20191001-csv/6898#113589055>				<https://panlex.org/snapshot/panlex-20191001-csv/6898#113588920>		"Santapieri na Mikeloni"@ebu	
"Liberia"@dav	<https://panlex.org/snapshot/panlex-20191001-csv/6898#113605526>				<https://panlex.org/snapshot/panlex-20191001-csv/6898#113605505>		"Liberia"@ebu	
"Tuvalu"@dav	<https://panlex.org/snapshot/panlex-20191001-csv/6898#113610314>				<https://panlex.org/snapshot/panlex-20191001-csv/6898#113610327>		"Tuvalu"@ebu	
"Gaboni"@dav	<https://panlex.org/snapshot/panlex-20191001-csv/6898#113585268>				<https://panlex.org/snapshot/panlex-20191001-csv/6898#113585145>		"Gaboni"@ebu	
"Katari"@dav	<https://panlex.org/snapshot/panlex-20191001-csv/6898#113636916>				<https://panlex.org/snapshot/panlex-20191001-csv/6898#113636898>		"Katari"@ebu	
