"riu"@emi	<https://panlex.org/snapshot/panlex-20191001-csv/114#8058924>				<https://panlex.org/snapshot/panlex-20191001-csv/114#8059147>		"toko"@nxe	
"keke-"@emi	<https://panlex.org/snapshot/panlex-20191001-csv/114#8053216>				<https://panlex.org/snapshot/panlex-20191001-csv/114#8053468>		"taga"@nxe	
"kasukasu"@emi	<https://panlex.org/snapshot/panlex-20191001-csv/114#8053795>				<https://panlex.org/snapshot/panlex-20191001-csv/114#8054049>		"laʼa"@nxe	
"ramuramuti pa"@emi	<https://panlex.org/snapshot/panlex-20191001-csv/114#8067701>				<https://panlex.org/snapshot/panlex-20191001-csv/114#8067926>		"lemma"@nxe	
"tine"@emi	<https://panlex.org/snapshot/panlex-20191001-csv/114#8059417>				<https://panlex.org/snapshot/panlex-20191001-csv/114#8059627>		"tuka"@nxe	
"agi akaŋkaya"@emi	<https://panlex.org/snapshot/panlex-20191001-csv/114#8068227>				<https://panlex.org/snapshot/panlex-20191001-csv/114#8068457>		"tawa"@nxe	
"kulukuluta-na"@emi	<https://panlex.org/snapshot/panlex-20191001-csv/114#8056364>				<https://panlex.org/snapshot/panlex-20191001-csv/114#8056591>		"zaki"@nxe	
"nima-"@emi	<https://panlex.org/snapshot/panlex-20191001-csv/114#8051731>				<https://panlex.org/snapshot/panlex-20191001-csv/114#8051981>		"lima"@nxe	
"salana"@emi	<https://panlex.org/snapshot/panlex-20191001-csv/114#8054364>				<https://panlex.org/snapshot/panlex-20191001-csv/114#8054570>		"zala"@nxe	
"pa"@emi	<https://panlex.org/snapshot/panlex-20191001-csv/114#8066609>				<https://panlex.org/snapshot/panlex-20191001-csv/114#8066847>		"wunu mumu"@nxe	
"ate|a"@emi	<https://panlex.org/snapshot/panlex-20191001-csv/114#8059890>				<https://panlex.org/snapshot/panlex-20191001-csv/114#8060108>		"até"@nxe	
