"ateio"@emi	<https://panlex.org/snapshot/panlex-20191001-csv/12#850904>				<https://panlex.org/snapshot/panlex-20191001-csv/12#850830>		"wäi"@apb	
"riu"@emi	<https://panlex.org/snapshot/panlex-20191001-csv/114#8058924>				<https://panlex.org/snapshot/panlex-20191001-csv/114#8058847>		"suisuli-"@apb	
"keke-"@emi	<https://panlex.org/snapshot/panlex-20191001-csv/114#8053216>				<https://panlex.org/snapshot/panlex-20191001-csv/114#8053128>		"ʔae"@apb	
"kasukasu"@emi	<https://panlex.org/snapshot/panlex-20191001-csv/114#8053795>				<https://panlex.org/snapshot/panlex-20191001-csv/114#8053698>		"awe"@apb	
"ramuramuti pa"@emi	<https://panlex.org/snapshot/panlex-20191001-csv/114#8067701>				<https://panlex.org/snapshot/panlex-20191001-csv/114#8067622>		"mea-"@apb	
"tine"@emi	<https://panlex.org/snapshot/panlex-20191001-csv/114#8059417>				<https://panlex.org/snapshot/panlex-20191001-csv/114#8059351>		"opwa"@apb	
"agi akaŋkaya"@emi	<https://panlex.org/snapshot/panlex-20191001-csv/114#8068227>				<https://panlex.org/snapshot/panlex-20191001-csv/114#8068140>		"mwäsi"@apb	
"kulukuluta-na"@emi	<https://panlex.org/snapshot/panlex-20191001-csv/114#8056364>				<https://panlex.org/snapshot/panlex-20191001-csv/114#8056294>		"madaʔa"@apb	
"kulukuluta-na"@emi	<https://panlex.org/snapshot/panlex-20191001-csv/114#8056364>				<https://panlex.org/snapshot/panlex-20191001-csv/114#8056295>		"mwakanoʔa"@apb	
"nima-"@emi	<https://panlex.org/snapshot/panlex-20191001-csv/114#8051731>				<https://panlex.org/snapshot/panlex-20191001-csv/114#8051638>		"nime"@apb	
"salana"@emi	<https://panlex.org/snapshot/panlex-20191001-csv/114#8054364>				<https://panlex.org/snapshot/panlex-20191001-csv/114#8054286>		"tala"@apb	
"pa"@emi	<https://panlex.org/snapshot/panlex-20191001-csv/114#8066609>				<https://panlex.org/snapshot/panlex-20191001-csv/114#8066519>		"wawa-"@apb	
"pa"@emi	<https://panlex.org/snapshot/panlex-20191001-csv/114#8066609>				<https://panlex.org/snapshot/panlex-20191001-csv/114#8066518>		"dawa-"@apb	
"ate|a"@emi	<https://panlex.org/snapshot/panlex-20191001-csv/114#8059890>				<https://panlex.org/snapshot/panlex-20191001-csv/114#8059813>		"sae"@apb	
