"riu"@emi	<https://panlex.org/snapshot/panlex-20191001-csv/114#8058924>				<https://panlex.org/snapshot/panlex-20191001-csv/114#8059149>		"kkut"@och	
"keke-"@emi	<https://panlex.org/snapshot/panlex-20191001-csv/114#8053216>				<https://panlex.org/snapshot/panlex-20191001-csv/114#8053471>		"tsok"@och	
"keke-"@emi	<https://panlex.org/snapshot/panlex-20191001-csv/114#8053216>				<https://panlex.org/snapshot/panlex-20191001-csv/114#8053470>		"hhnujʔ"@och	
"kasukasu"@emi	<https://panlex.org/snapshot/panlex-20191001-csv/114#8053795>				<https://panlex.org/snapshot/panlex-20191001-csv/114#8054051>		"ggraŋ"@och	
"ramuramuti pa"@emi	<https://panlex.org/snapshot/panlex-20191001-csv/114#8067701>				<https://panlex.org/snapshot/panlex-20191001-csv/114#8067928>		"m-lat"@och	
"tine"@emi	<https://panlex.org/snapshot/panlex-20191001-csv/114#8059417>				<https://panlex.org/snapshot/panlex-20191001-csv/114#8059629>		"lraŋ"@och	
"agi akaŋkaya"@emi	<https://panlex.org/snapshot/panlex-20191001-csv/114#8068227>				<https://panlex.org/snapshot/panlex-20191001-csv/114#8068459>		"s-ŋawk-s"@och	
"kulukuluta-na"@emi	<https://panlex.org/snapshot/panlex-20191001-csv/114#8056364>				<https://panlex.org/snapshot/panlex-20191001-csv/114#8056593>		"qqwa"@och	
"nima-"@emi	<https://panlex.org/snapshot/panlex-20191001-csv/114#8051731>				<https://panlex.org/snapshot/panlex-20191001-csv/114#8051983>		"hnuʔ"@och	
"salana"@emi	<https://panlex.org/snapshot/panlex-20191001-csv/114#8054364>				<https://panlex.org/snapshot/panlex-20191001-csv/114#8054572>		"kə-rrak-s"@och	
"pa"@emi	<https://panlex.org/snapshot/panlex-20191001-csv/114#8066609>				<https://panlex.org/snapshot/panlex-20191001-csv/114#8066850>		"kkhoʔ"@och	
"ate|a"@emi	<https://panlex.org/snapshot/panlex-20191001-csv/114#8059890>				<https://panlex.org/snapshot/panlex-20191001-csv/114#8060110>		"kkar"@och	
