"Свети Китс и Невис"@cnr	<https://panlex.org/snapshot/panlex-20191001-csv/6898#113634361>				<https://panlex.org/snapshot/panlex-20191001-csv/6898#113634334>		"Sent Kits e Newis"@fuc	
"Njemačka"@cnr	<https://panlex.org/snapshot/panlex-20191001-csv/6898#113639217>				<https://panlex.org/snapshot/panlex-20191001-csv/6898#113639221>		"Almaañ"@fuc	
"Obala Slonovače (Kot d’Ivoar)"@cnr	<https://panlex.org/snapshot/panlex-20191001-csv/6898#113640376>				<https://panlex.org/snapshot/panlex-20191001-csv/6898#113640424>		"Kodduwaar"@fuc	
"Sveti Vinsent i Grenadini"@cnr	<https://panlex.org/snapshot/panlex-20191001-csv/6898#113611889>				<https://panlex.org/snapshot/panlex-20191001-csv/6898#113611810>		"See Weesaa e Garnadiin"@fuc	
"Свети Пјер и Микелон"@cnr	<https://panlex.org/snapshot/panlex-20191001-csv/6898#113588945>				<https://panlex.org/snapshot/panlex-20191001-csv/6898#113588897>		"See Piyeer e Mikeloo"@fuc	
"Bjelorusija"@cnr	<https://panlex.org/snapshot/panlex-20191001-csv/6898#113592285>				<https://panlex.org/snapshot/panlex-20191001-csv/6898#113592253>		"Belaruus"@fuc	
