"Свети Китс и Невис"@cnr	<https://panlex.org/snapshot/panlex-20191001-csv/6898#113634361>				<https://panlex.org/snapshot/panlex-20191001-csv/6898#113634349>		"Sankti Kitts og Nevis"@is	
"Njemačka"@cnr	<https://panlex.org/snapshot/panlex-20191001-csv/6898#113639217>				<https://panlex.org/snapshot/panlex-20191001-csv/6898#113639367>		"Þýskaland"@is	
"Obala Slonovače (Kot d’Ivoar)"@cnr	<https://panlex.org/snapshot/panlex-20191001-csv/6898#113640376>				<https://panlex.org/snapshot/panlex-20191001-csv/6898#113640484>		"Fílabeinsströndin"@is	
"Sveti Vinsent i Grenadini"@cnr	<https://panlex.org/snapshot/panlex-20191001-csv/6898#113611889>				<https://panlex.org/snapshot/panlex-20191001-csv/6898#113611796>		"Sankti Vinsent og Grenadíneyjar"@is	
"Свети Пјер и Микелон"@cnr	<https://panlex.org/snapshot/panlex-20191001-csv/6898#113588945>				<https://panlex.org/snapshot/panlex-20191001-csv/6898#113588926>		"Sankti Pierre og Miquelon"@is	
"Bjelorusija"@cnr	<https://panlex.org/snapshot/panlex-20191001-csv/6898#113592285>				<https://panlex.org/snapshot/panlex-20191001-csv/6898#113592288>		"Hvíta-Rússland"@is	
