"di=ʔwˈa-ʔma"@chd	<https://panlex.org/snapshot/panlex-20191001-csv/3975#51733761>				<https://panlex.org/snapshot/panlex-20191001-csv/3975#51733808>		"i=ye-m-k"@mov	
"ʔa=gwˈe-gaʔ"@chd	<https://panlex.org/snapshot/panlex-20191001-csv/3975#51721111>				<https://panlex.org/snapshot/panlex-20191001-csv/3975#51721155>		"va=ʎ=tay-m"@mov	
"ʔa=gwˈe-gaʔ"@chd	<https://panlex.org/snapshot/panlex-20191001-csv/3975#51721111>				<https://panlex.org/snapshot/panlex-20191001-csv/3975#51721156>		"va=tay-m"@mov	
"ʔimˈaʔ"@chd	<https://panlex.org/snapshot/panlex-20191001-csv/3975#51732997>				<https://panlex.org/snapshot/panlex-20191001-csv/3975#51733037>		"maɲ-č"@mov	
"di=gyˈeh-ʔma"@chd	<https://panlex.org/snapshot/panlex-20191001-csv/3975#51726025>				<https://panlex.org/snapshot/panlex-20191001-csv/3975#51726078>		"a=ʔav-k"@mov	
"l=a=gˈuʔu"@chd	<https://panlex.org/snapshot/panlex-20191001-csv/3975#51720975>				<https://panlex.org/snapshot/panlex-20191001-csv/3975#51721016>		"iː=to"@mov	
"ʔa=sˈerka"@chd	<https://panlex.org/snapshot/panlex-20191001-csv/3975#51735435>				<https://panlex.org/snapshot/panlex-20191001-csv/3975#51735478>		"i=pan-m"@mov	
"ʔunšalˈi"@chd	<https://panlex.org/snapshot/panlex-20191001-csv/3975#51729976>				<https://panlex.org/snapshot/panlex-20191001-csv/3975#51730016>		"ʔa=hʷat-m"@mov	
"ʔunšalˈi"@chd	<https://panlex.org/snapshot/panlex-20191001-csv/3975#51729976>				<https://panlex.org/snapshot/panlex-20191001-csv/3975#51730017>		"ʔa=hʷaːt-m"@mov	
"di=mˈa-ʔma"@chd	<https://panlex.org/snapshot/panlex-20191001-csv/3975#51722818>				<https://panlex.org/snapshot/panlex-20191001-csv/3975#51722870>		"i=puy-k"@mov	
"l=ˈime"@chd	<https://panlex.org/snapshot/panlex-20191001-csv/3975#51730260>				<https://panlex.org/snapshot/panlex-20191001-csv/3975#51730296>		"ʔič=sama"@mov	
"l=ˈime"@chd	<https://panlex.org/snapshot/panlex-20191001-csv/3975#51730260>				<https://panlex.org/snapshot/panlex-20191001-csv/3975#51730295>		"sama"@mov	
"ʔa=fˈuh-ga"@chd	<https://panlex.org/snapshot/panlex-20191001-csv/3975#51734604>				<https://panlex.org/snapshot/panlex-20191001-csv/3975#51734640>		"ɲa=ma=sav-"@mov	
"gˈal=šans"@chd	<https://panlex.org/snapshot/panlex-20191001-csv/3975#51727768>				<https://panlex.org/snapshot/panlex-20191001-csv/3975#51727817>		"ʔiː=pa"@mov	
"gˈal=šans"@chd	<https://panlex.org/snapshot/panlex-20191001-csv/3975#51729683>				<https://panlex.org/snapshot/panlex-20191001-csv/3975#51729733>		"p=iː=pa"@mov	
"gˈal=šans"@chd	<https://panlex.org/snapshot/panlex-20191001-csv/3975#51729683>				<https://panlex.org/snapshot/panlex-20191001-csv/3975#51729731>		"pi=ʔ=pa"@mov	
"gˈal=šans"@chd	<https://panlex.org/snapshot/panlex-20191001-csv/3975#51729683>				<https://panlex.org/snapshot/panlex-20191001-csv/3975#51729732>		"pi=ʔi=pa"@mov	
"ʔi=šˈin-aʔ"@chd	<https://panlex.org/snapshot/panlex-20191001-csv/3975#51726939>				<https://panlex.org/snapshot/panlex-20191001-csv/3975#51726978>		"suːpaw-m"@mov	
"ʔˈumi"@chd	<https://panlex.org/snapshot/panlex-20191001-csv/3975#51721532>				<https://panlex.org/snapshot/panlex-20191001-csv/3975#51721576>		"ɲaː=ʔiːʎ-"@mov	
"ʔa=gulˈiʔ"@chd	<https://panlex.org/snapshot/panlex-20191001-csv/3975#51735180>				<https://panlex.org/snapshot/panlex-20191001-csv/3975#51735218>		"ʔa=miːč-k"@mov	
"l=igušˈis"@chd	<https://panlex.org/snapshot/panlex-20191001-csv/3975#51731691>				<https://panlex.org/snapshot/panlex-20191001-csv/3975#51731737>		"ʔa=hʷaː"@mov	
"bul-ˈafʼ-kaʔ"@chd	<https://panlex.org/snapshot/panlex-20191001-csv/3975#51720572>				<https://panlex.org/snapshot/panlex-20191001-csv/3975#51720615>		"pay"@mov	
"ʔa=šˈida"@chd	<https://panlex.org/snapshot/panlex-20191001-csv/3975#51722492>				<https://panlex.org/snapshot/panlex-20191001-csv/3975#51722534>		"ha=čuːr-k"@mov	
"l=a=ftˈine"@chd	<https://panlex.org/snapshot/panlex-20191001-csv/3975#51728633>				<https://panlex.org/snapshot/panlex-20191001-csv/3975#51728673>		"i=muːʎ"@mov	
"l=ˈane"@chd	<https://panlex.org/snapshot/panlex-20191001-csv/3975#51730117>				<https://panlex.org/snapshot/panlex-20191001-csv/3975#51730163>		"ʔav=ʔuɲe"@mov	
"l=ˈišmi kʼek"@chd	<https://panlex.org/snapshot/panlex-20191001-csv/3975#51720847>				<https://panlex.org/snapshot/panlex-20191001-csv/3975#51720891>		"čaθ=kʷil"@mov	
"di=dˈe-ʔma"@chd	<https://panlex.org/snapshot/panlex-20191001-csv/3975#51723727>				<https://panlex.org/snapshot/panlex-20191001-csv/3975#51723778>		"ʔič=a=maː-m"@mov	
"di=dˈe-ʔma"@chd	<https://panlex.org/snapshot/panlex-20191001-csv/3975#51723727>				<https://panlex.org/snapshot/panlex-20191001-csv/3975#51723777>		"ʔič=a=ma-m"@mov	
"ɬˈ=aga"@chd	<https://panlex.org/snapshot/panlex-20191001-csv/3975#51721251>				<https://panlex.org/snapshot/panlex-20191001-csv/3975#51721298>		"ʔič=i=yer"@mov	
"ɬˈ=aga"@chd	<https://panlex.org/snapshot/panlex-20191001-csv/3975#51721251>				<https://panlex.org/snapshot/panlex-20191001-csv/3975#51721297>		"ʔič=a=yer"@mov	
"ɬ=ˈamacʼ"@chd	<https://panlex.org/snapshot/panlex-20191001-csv/3975#51736372>				<https://panlex.org/snapshot/panlex-20191001-csv/3975#51736418>		"huːðe"@mov	
"ɬ=ˈamacʼ"@chd	<https://panlex.org/snapshot/panlex-20191001-csv/3975#51736372>				<https://panlex.org/snapshot/panlex-20191001-csv/3975#51736417>		"hoðe"@mov	
"ɬ=ˈamacʼ"@chd	<https://panlex.org/snapshot/panlex-20191001-csv/3975#51723578>				<https://panlex.org/snapshot/panlex-20191001-csv/3975#51723625>		"ʔa=mat"@mov	
"ɬ=ˈa=ʔnaɬ"@chd	<https://panlex.org/snapshot/panlex-20191001-csv/3975#51729199>				<https://panlex.org/snapshot/panlex-20191001-csv/3975#51729251>		"iː=hu"@mov	
"ɬ=aynˈofaɬ"@chd	<https://panlex.org/snapshot/panlex-20191001-csv/3975#51735840>				<https://panlex.org/snapshot/panlex-20191001-csv/3975#51735884>		"ʔa=ve"@mov	
"ʔa=gˈaʔwa"@chd	<https://panlex.org/snapshot/panlex-20191001-csv/3975#51731548>				<https://panlex.org/snapshot/panlex-20191001-csv/3975#51731594>		"i=čʔaw-k"@mov	
"l=ˈa=bo"@chd	<https://panlex.org/snapshot/panlex-20191001-csv/3975#51732543>				<https://panlex.org/snapshot/panlex-20191001-csv/3975#51732589>		"iː=ʔar"@mov	
"ʔa=šwˈay-ga"@chd	<https://panlex.org/snapshot/panlex-20191001-csv/3975#51725450>				<https://panlex.org/snapshot/panlex-20191001-csv/3975#51725486>		"ha=va=suː-k"@mov	
"l=ummˈa-way"@chd	<https://panlex.org/snapshot/panlex-20191001-csv/3975#51722373>				<https://panlex.org/snapshot/panlex-20191001-csv/3975#51722411>		"ʔiː=kʷe"@mov	
"l=išˈikʼ"@chd	<https://panlex.org/snapshot/panlex-20191001-csv/3975#51728064>				<https://panlex.org/snapshot/panlex-20191001-csv/3975#51728112>		"kiːkʷay"@mov	
"l=išˈikʼ"@chd	<https://panlex.org/snapshot/panlex-20191001-csv/3975#51728064>				<https://panlex.org/snapshot/panlex-20191001-csv/3975#51728111>		"kʷiːkʷay"@mov	
"ɬ=ˈabi"@chd	<https://panlex.org/snapshot/panlex-20191001-csv/3975#51720714>				<https://panlex.org/snapshot/panlex-20191001-csv/3975#51720761>		"hamʔuːʎ"@mov	
"nˈamma"@chd	<https://panlex.org/snapshot/panlex-20191001-csv/3975#51725028>				<https://panlex.org/snapshot/panlex-20191001-csv/3975#51725064>		"ta=peːs-m"@mov	
"ʔiyˈaʔ"@chd	<https://panlex.org/snapshot/panlex-20191001-csv/3975#51726457>				<https://panlex.org/snapshot/panlex-20191001-csv/3975#51726513>		"ʔiɲe-č"@mov	
"ɬ=ˈahokʼ"@chd	<https://panlex.org/snapshot/panlex-20191001-csv/3975#51728774>				<https://panlex.org/snapshot/panlex-20191001-csv/3975#51728815>		"maʎaqe"@mov	
"di=šmˈay-ʔma"@chd	<https://panlex.org/snapshot/panlex-20191001-csv/3975#51731393>				<https://panlex.org/snapshot/panlex-20191001-csv/3975#51731437>		"i=sma-m"@mov	
"l=a=šˈaɬ"@chd	<https://panlex.org/snapshot/panlex-20191001-csv/3975#51724327>				<https://panlex.org/snapshot/panlex-20191001-csv/3975#51724363>		"si=viːʎ"@mov	
"ɬ=ˈada"@chd	<https://panlex.org/snapshot/panlex-20191001-csv/3975#51727371>				<https://panlex.org/snapshot/panlex-20191001-csv/3975#51727416>		"ča=vuθiː"@mov	
"ɬ=ˈa=ʍak"@chd	<https://panlex.org/snapshot/panlex-20191001-csv/3975#51725872>				<https://panlex.org/snapshot/panlex-20191001-csv/3975#51725920>		"čuska"@mov	
"ɬ=ˈa=ʍak"@chd	<https://panlex.org/snapshot/panlex-20191001-csv/3975#51725872>				<https://panlex.org/snapshot/panlex-20191001-csv/3975#51725919>		"čuksa"@mov	
"ɬ=ˈa=ʍak"@chd	<https://panlex.org/snapshot/panlex-20191001-csv/3975#51725568>				<https://panlex.org/snapshot/panlex-20191001-csv/3975#51725612>		"i=ʔe"@mov	
"ɬ=ˈa=ʍak"@chd	<https://panlex.org/snapshot/panlex-20191001-csv/3975#51725568>				<https://panlex.org/snapshot/panlex-20191001-csv/3975#51725613>		"ɲ=i=ʔe"@mov	
"gal=fanˈuʔ"@chd	<https://panlex.org/snapshot/panlex-20191001-csv/3975#51730953>				<https://panlex.org/snapshot/panlex-20191001-csv/3975#51730984>		"i=ðiːč"@mov	
"gal=mˈuƛʼa"@chd	<https://panlex.org/snapshot/panlex-20191001-csv/3975#51728219>				<https://panlex.org/snapshot/panlex-20191001-csv/3975#51728269>		"haʎ=ʔa"@mov	
"ɬ=ibˈi=macʼ"@chd	<https://panlex.org/snapshot/panlex-20191001-csv/3975#51730483>				<https://panlex.org/snapshot/panlex-20191001-csv/3975#51730525>		"ʔamat=saʎʔay"@mov	
"ɬ=ibˈi=macʼ"@chd	<https://panlex.org/snapshot/panlex-20191001-csv/3975#51730483>				<https://panlex.org/snapshot/panlex-20191001-csv/3975#51730526>		"saʎʔay"@mov	
"di=guc-ˈuya"@chd	<https://panlex.org/snapshot/panlex-20191001-csv/3975#51731073>				<https://panlex.org/snapshot/panlex-20191001-csv/3975#51731125>		"i=va-k"@mov	
"gal=šˈamna"@chd	<https://panlex.org/snapshot/panlex-20191001-csv/3975#51731971>				<https://panlex.org/snapshot/panlex-20191001-csv/3975#51732016>		"hamuse"@mov	
"ɬ=a=ʔnˈaɬuk"@chd	<https://panlex.org/snapshot/panlex-20191001-csv/3975#51722235>				<https://panlex.org/snapshot/panlex-20191001-csv/3975#51722273>		"iː=saʎ=kuʎo=ho"@mov	
"ɬ=ˈaygwi"@chd	<https://panlex.org/snapshot/panlex-20191001-csv/3975#51727641>				<https://panlex.org/snapshot/panlex-20191001-csv/3975#51727680>		"ɲ=i=ʔiːʎ"@mov	
"di=gaf-gˈay-ʔma"@chd	<https://panlex.org/snapshot/panlex-20191001-csv/3975#51732423>				<https://panlex.org/snapshot/panlex-20191001-csv/3975#51732459>		"ʔahaʎ=a=ʔoːp-k"@mov	
"d=ebˈi-ʔi-ʔma"@chd	<https://panlex.org/snapshot/panlex-20191001-csv/3975#51725150>				<https://panlex.org/snapshot/panlex-20191001-csv/3975#51725203>		"aay-m"@mov	
"d=ebˈi-ʔi-ʔma"@chd	<https://panlex.org/snapshot/panlex-20191001-csv/3975#51725150>				<https://panlex.org/snapshot/panlex-20191001-csv/3975#51725202>		"ay-m"@mov	
"hi=kˈuʔwa"@chd	<https://panlex.org/snapshot/panlex-20191001-csv/3975#51732693>				<https://panlex.org/snapshot/panlex-20191001-csv/3975#51732746>		"hova-č"@mov	
"ʔa=nˈuli"@chd	<https://panlex.org/snapshot/panlex-20191001-csv/3975#51729526>				<https://panlex.org/snapshot/panlex-20191001-csv/3975#51729580>		"ʔa=sent-k"@mov	
"l=ˈa=šʔmas"@chd	<https://panlex.org/snapshot/panlex-20191001-csv/3975#51723430>				<https://panlex.org/snapshot/panlex-20191001-csv/3975#51723478>		"i=smaʎk"@mov	
"l=ˈegaɬ"@chd	<https://panlex.org/snapshot/panlex-20191001-csv/3975#51726320>				<https://panlex.org/snapshot/panlex-20191001-csv/3975#51726357>		"iː=kʷe"@mov	
"l=ˈegaɬ"@chd	<https://panlex.org/snapshot/panlex-20191001-csv/3975#51721823>				<https://panlex.org/snapshot/panlex-20191001-csv/3975#51721866>		"ɲ=a=s=ak"@mov	
"ɬ=eŋˈone"@chd	<https://panlex.org/snapshot/panlex-20191001-csv/3975#51726797>				<https://panlex.org/snapshot/panlex-20191001-csv/3975#51726837>		"iːmem=i=puk"@mov	
"ʔay-"@chd	<https://panlex.org/snapshot/panlex-20191001-csv/3975#51729359>				<https://panlex.org/snapshot/panlex-20191001-csv/3975#51729407>		"=mot-"@mov	
"d=iyˈu-ʔma"@chd	<https://panlex.org/snapshot/panlex-20191001-csv/3975#51724753>				<https://panlex.org/snapshot/panlex-20191001-csv/3975#51724789>		"i=yer-k"@mov	
"l=ˈa=go"@chd	<https://panlex.org/snapshot/panlex-20191001-csv/3975#51728479>				<https://panlex.org/snapshot/panlex-20191001-csv/3975#51728528>		"iː=ya"@mov	
"ʔˈa=kʼa"@chd	<https://panlex.org/snapshot/panlex-20191001-csv/3975#51725309>				<https://panlex.org/snapshot/panlex-20191001-csv/3975#51725355>		"ʔa=hot-k"@mov	
"ʔˈa=kʼa"@chd	<https://panlex.org/snapshot/panlex-20191001-csv/3975#51725309>				<https://panlex.org/snapshot/panlex-20191001-csv/3975#51725356>		"ʔa=hoːt-k"@mov	
"ʔa=cʼˈe"@chd	<https://panlex.org/snapshot/panlex-20191001-csv/3975#51728912>				<https://panlex.org/snapshot/panlex-20191001-csv/3975#51728951>		"ma=piːθ-"@mov	
"ɬ=iʍˈala"@chd	<https://panlex.org/snapshot/panlex-20191001-csv/3975#51728360>				<https://panlex.org/snapshot/panlex-20191001-csv/3975#51728391>		"ʔa=viː"@mov	
"ʔa=gˈundaʔ"@chd	<https://panlex.org/snapshot/panlex-20191001-csv/3975#51735307>				<https://panlex.org/snapshot/panlex-20191001-csv/3975#51735344>		"i=neːθ-"@mov	
"ʔa=gˈundaʔ"@chd	<https://panlex.org/snapshot/panlex-20191001-csv/3975#51735307>				<https://panlex.org/snapshot/panlex-20191001-csv/3975#51735343>		"i=neːh-"@mov	
"di=mˈa-ʔa-ʔma"@chd	<https://panlex.org/snapshot/panlex-20191001-csv/3975#51726652>				<https://panlex.org/snapshot/panlex-20191001-csv/3975#51726693>		"ta=puy-m"@mov	
"di=gˈa-ʔma"@chd	<https://panlex.org/snapshot/panlex-20191001-csv/3975#51721393>				<https://panlex.org/snapshot/panlex-20191001-csv/3975#51721435>		"ča=kʸoː-k"@mov	
"l=ˈa=ʔay"@chd	<https://panlex.org/snapshot/panlex-20191001-csv/3975#51733296>				<https://panlex.org/snapshot/panlex-20191001-csv/3975#51733343>		"iː=ðoː"@mov	
"ʔa=dˈemɬ-ka"@chd	<https://panlex.org/snapshot/panlex-20191001-csv/3975#51735707>				<https://panlex.org/snapshot/panlex-20191001-csv/3975#51735746>		"wena=wen-"@mov	
"g=unˈow-ya"@chd	<https://panlex.org/snapshot/panlex-20191001-csv/3975#51727223>				<https://panlex.org/snapshot/panlex-20191001-csv/3975#51727267>		"i=ðik-k"@mov	
"ɬ=onšˈa-hmaʔ"@chd	<https://panlex.org/snapshot/panlex-20191001-csv/3975#51721957>				<https://panlex.org/snapshot/panlex-20191001-csv/3975#51721997>		"iː=wa"@mov	
"ɬ=onšˈa-hmaʔ"@chd	<https://panlex.org/snapshot/panlex-20191001-csv/3975#51726179>				<https://panlex.org/snapshot/panlex-20191001-csv/3975#51726222>		"iː=wa"@mov	
"ɬ=ˈuŋa"@chd	<https://panlex.org/snapshot/panlex-20191001-csv/3975#51724457>				<https://panlex.org/snapshot/panlex-20191001-csv/3975#51724506>		"ʔa=ʔaw"@mov	
"ɬ=abˈimi"@chd	<https://panlex.org/snapshot/panlex-20191001-csv/3975#51736262>				<https://panlex.org/snapshot/panlex-20191001-csv/3975#51736294>		"i=ʔˈiːʎ-va"@mov	
"ɬ=ˈadu"@chd	<https://panlex.org/snapshot/panlex-20191001-csv/3975#51724613>				<https://panlex.org/snapshot/panlex-20191001-csv/3975#51724657>		"ʔa=čiː"@mov	
"ʔogˈeʔ"@chd	<https://panlex.org/snapshot/panlex-20191001-csv/3975#51733596>				<https://panlex.org/snapshot/panlex-20191001-csv/3975#51733653>		"havik-k"@mov	
"ɬ=ˈoʔwe"@chd	<https://panlex.org/snapshot/panlex-20191001-csv/3975#51735574>				<https://panlex.org/snapshot/panlex-20191001-csv/3975#51735616>		"ʔaθ=ʔiː"@mov	
"ʔinˈuʔ"@chd	<https://panlex.org/snapshot/panlex-20191001-csv/3975#51733942>				<https://panlex.org/snapshot/panlex-20191001-csv/3975#51733982>		"i=piːʎ-k"@mov	
"ʔinˈuʔ"@chd	<https://panlex.org/snapshot/panlex-20191001-csv/3975#51733942>				<https://panlex.org/snapshot/panlex-20191001-csv/3975#51733981>		"i=piʎ-k"@mov	
"ɬ=abˈiʔe"@chd	<https://panlex.org/snapshot/panlex-20191001-csv/3975#51723897>				<https://panlex.org/snapshot/panlex-20191001-csv/3975#51723935>		"i=θ=ʔaw"@mov	
"de"@chd	<https://panlex.org/snapshot/panlex-20191001-csv/3975#51734451>				<https://panlex.org/snapshot/panlex-20191001-csv/3975#51734496>		"kuːč"@mov	
"gal=cˈiki"@chd	<https://panlex.org/snapshot/panlex-20191001-csv/3975#51722973>				<https://panlex.org/snapshot/panlex-20191001-csv/3975#51723023>		"hat-čoq"@mov	
"ʔihˈuɬ"@chd	<https://panlex.org/snapshot/panlex-20191001-csv/3975#51723293>				<https://panlex.org/snapshot/panlex-20191001-csv/3975#51723335>		"i=roː-v-k"@mov	
"l=ˈa=ʔmis"@chd	<https://panlex.org/snapshot/panlex-20191001-csv/3975#51724884>				<https://panlex.org/snapshot/panlex-20191001-csv/3975#51724934>		"iː=me"@mov	
"ʔundˈaʔe"@chd	<https://panlex.org/snapshot/panlex-20191001-csv/3975#51735048>				<https://panlex.org/snapshot/panlex-20191001-csv/3975#51735084>		"ʔa=qʷaːθ-m"@mov	
"ʔundˈaʔe"@chd	<https://panlex.org/snapshot/panlex-20191001-csv/3975#51735048>				<https://panlex.org/snapshot/panlex-20191001-csv/3975#51735083>		"ʔa=qʷaθ-m"@mov	
"di=bi-ʔˈe-ʔma"@chd	<https://panlex.org/snapshot/panlex-20191001-csv/3975#51722095>				<https://panlex.org/snapshot/panlex-20191001-csv/3975#51722139>		"ta=poːm-m"@mov	
"ʔal=mantˈeka"@chd	<https://panlex.org/snapshot/panlex-20191001-csv/3975#51724187>				<https://panlex.org/snapshot/panlex-20191001-csv/3975#51724232>		"ʔamu=say"@mov	
"ʔa=špˈe-ʔ"@chd	<https://panlex.org/snapshot/panlex-20191001-csv/3975#51727922>				<https://panlex.org/snapshot/panlex-20191001-csv/3975#51727963>		"ʔa=paʎ-m"@mov	
"gal=ʔˈora"@chd	<https://panlex.org/snapshot/panlex-20191001-csv/3975#51732260>				<https://panlex.org/snapshot/panlex-20191001-csv/3975#51732313>		"ʔa=ɲa"@mov	
"ʔiyˈa-ŋkʼ"@chd	<https://panlex.org/snapshot/panlex-20191001-csv/3975#51734230>				<https://panlex.org/snapshot/panlex-20191001-csv/3975#51734298>		"ʔiɲeː-čv-č"@mov	
"ʔa=ɬˈa"@chd	<https://panlex.org/snapshot/panlex-20191001-csv/3975#51735988>				<https://panlex.org/snapshot/panlex-20191001-csv/3975#51736028>		"ʔuːhʔaːr-k"@mov	
"l=a=ʍˈacʼ"@chd	<https://panlex.org/snapshot/panlex-20191001-csv/3975#51721672>				<https://panlex.org/snapshot/panlex-20191001-csv/3975#51721721>		"ɲ=a=hʷat"@mov	
"ɬ=agˈaʔno"@chd	<https://panlex.org/snapshot/panlex-20191001-csv/3975#51734883>				<https://panlex.org/snapshot/panlex-20191001-csv/3975#51734935>		"θiɲa=ʔaːk"@mov	
"l=a=mˈane"@chd	<https://panlex.org/snapshot/panlex-20191001-csv/3975#51725719>				<https://panlex.org/snapshot/panlex-20191001-csv/3975#51725766>		"iː=saʎ"@mov	
"d=egˈaš-u"@chd	<https://panlex.org/snapshot/panlex-20191001-csv/3975#51731836>				<https://panlex.org/snapshot/panlex-20191001-csv/3975#51731874>		"i=vʔaw-m"@mov	
"ɬ=ˈa=gwi"@chd	<https://panlex.org/snapshot/panlex-20191001-csv/3975#51729839>				<https://panlex.org/snapshot/panlex-20191001-csv/3975#51729884>		"ku=vʔaw"@mov	
"di=gwˈay-wo"@chd	<https://panlex.org/snapshot/panlex-20191001-csv/3975#51722635>				<https://panlex.org/snapshot/panlex-20191001-csv/3975#51722687>		"i=ðiː-k"@mov	
"ɬ=abˈik"@chd	<https://panlex.org/snapshot/panlex-20191001-csv/3975#51732125>				<https://panlex.org/snapshot/panlex-20191001-csv/3975#51732164>		"ʔa=viː"@mov	
"di=mˈi-ʔma"@chd	<https://panlex.org/snapshot/panlex-20191001-csv/3975#51730619>				<https://panlex.org/snapshot/panlex-20191001-csv/3975#51730673>		"i-m"@mov	
"l=ib=ˈela"@chd	<https://panlex.org/snapshot/panlex-20191001-csv/3975#51727076>				<https://panlex.org/snapshot/panlex-20191001-csv/3975#51727117>		"hamaʎ"@mov	
"l=ˈa=ʔu"@chd	<https://panlex.org/snapshot/panlex-20191001-csv/3975#51724030>				<https://panlex.org/snapshot/panlex-20191001-csv/3975#51724085>		"iː=ðo"@mov	
"hi=kˈiya"@chd	<https://panlex.org/snapshot/panlex-20191001-csv/3975#51732850>				<https://panlex.org/snapshot/panlex-20191001-csv/3975#51732897>		"viða-č"@mov	
"l=ibˈugiʔ"@chd	<https://panlex.org/snapshot/panlex-20191001-csv/3975#51729045>				<https://panlex.org/snapshot/panlex-20191001-csv/3975#51729093>		"tiː=ɲam-"@mov	
"ɬ=a=bˈaɬ"@chd	<https://panlex.org/snapshot/panlex-20191001-csv/3975#51733142>				<https://panlex.org/snapshot/panlex-20191001-csv/3975#51733189>		"iː=paʎ"@mov	
"ʔa=šalˈof"@chd	<https://panlex.org/snapshot/panlex-20191001-csv/3975#51735987>				<https://panlex.org/snapshot/panlex-20191001-csv/3975#51736028>		"ʔuːhʔaːr-k"@mov	
"l=ˈa=haʔ"@chd	<https://panlex.org/snapshot/panlex-20191001-csv/3975#51734070>				<https://panlex.org/snapshot/panlex-20191001-csv/3975#51734118>		"ʔa=ha"@mov	
"ʔi=dˈog-i"@chd	<https://panlex.org/snapshot/panlex-20191001-csv/3975#51727516>				<https://panlex.org/snapshot/panlex-20191001-csv/3975#51727554>		"ʔa=kʸuːʎ-m"@mov	
"ɬ=ˈa=biƛʼ"@chd	<https://panlex.org/snapshot/panlex-20191001-csv/3975#51731240>				<https://panlex.org/snapshot/panlex-20191001-csv/3975#51731287>		"čaθ=kʷil"@mov	
"ɬ=ˈawaʔ"@chd	<https://panlex.org/snapshot/panlex-20191001-csv/3975#51736120>				<https://panlex.org/snapshot/panlex-20191001-csv/3975#51736168>		"mata=ha"@mov	
"ɬ=ˈawaʔ"@chd	<https://panlex.org/snapshot/panlex-20191001-csv/3975#51736120>				<https://panlex.org/snapshot/panlex-20191001-csv/3975#51736169>		"mat=ha"@mov	
"nˈayci"@chd	<https://panlex.org/snapshot/panlex-20191001-csv/3975#51734729>				<https://panlex.org/snapshot/panlex-20191001-csv/3975#51734774>		"maka-č"@mov	
"gal=šˈans"@chd	<https://panlex.org/snapshot/panlex-20191001-csv/3975#51727769>				<https://panlex.org/snapshot/panlex-20191001-csv/3975#51727817>		"ʔiː=pa"@mov	
"gal=šˈans"@chd	<https://panlex.org/snapshot/panlex-20191001-csv/3975#51729684>				<https://panlex.org/snapshot/panlex-20191001-csv/3975#51729733>		"p=iː=pa"@mov	
"gal=šˈans"@chd	<https://panlex.org/snapshot/panlex-20191001-csv/3975#51729684>				<https://panlex.org/snapshot/panlex-20191001-csv/3975#51729731>		"pi=ʔ=pa"@mov	
"gal=šˈans"@chd	<https://panlex.org/snapshot/panlex-20191001-csv/3975#51729684>				<https://panlex.org/snapshot/panlex-20191001-csv/3975#51729732>		"pi=ʔi=pa"@mov	
"ʔa=špeyyˈugi"@chd	<https://panlex.org/snapshot/panlex-20191001-csv/3975#51730377>				<https://panlex.org/snapshot/panlex-20191001-csv/3975#51730407>		"yena=yen-"@mov	
"di=šˈim-ʔma"@chd	<https://panlex.org/snapshot/panlex-20191001-csv/3975#51730783>				<https://panlex.org/snapshot/panlex-20191001-csv/3975#51730835>		"i=yuː-k"@mov	
"di=šnˈa-ʔma"@chd	<https://panlex.org/snapshot/panlex-20191001-csv/3975#51723130>				<https://panlex.org/snapshot/panlex-20191001-csv/3975#51723178>		"i=θiː-m"@mov	
"łagahno"@chd	<https://panlex.org/snapshot/panlex-20191001-csv/2745#63415389>				<https://panlex.org/snapshot/panlex-20191001-csv/2745#63415375>		"thinyaʼaak"@mov	
"galmułʼa"@chd	<https://panlex.org/snapshot/panlex-20191001-csv/2745#63415456>				<https://panlex.org/snapshot/panlex-20191001-csv/2745#63415442>		"halyʼa"@mov	
"unxalí"@chd	<https://panlex.org/snapshot/panlex-20191001-csv/2745#63415541>				<https://panlex.org/snapshot/panlex-20191001-csv/2745#63415527>		"ʼahwat"@mov	
"oguéh"@chd	<https://panlex.org/snapshot/panlex-20191001-csv/2745#63415272>				<https://panlex.org/snapshot/panlex-20191001-csv/2745#63415258>		"havik"@mov	
"lajah"@chd	<https://panlex.org/snapshot/panlex-20191001-csv/2745#63415479>				<https://panlex.org/snapshot/panlex-20191001-csv/2745#63415465>		"ʼaha"@mov	
"umi"@chd	<https://panlex.org/snapshot/panlex-20191001-csv/2745#63415564>				<https://panlex.org/snapshot/panlex-20191001-csv/2745#63415550>		"anyaaʼily"@mov	
"galhora"@chd	<https://panlex.org/snapshot/panlex-20191001-csv/2745#63415433>				<https://panlex.org/snapshot/panlex-20191001-csv/2745#63415419>		"ʼanya"@mov	
"afanéh"@chd	<https://panlex.org/snapshot/panlex-20191001-csv/2745#63415295>				<https://panlex.org/snapshot/panlex-20191001-csv/2745#63415281>		"hamok"@mov	
"abohó"@chd	<https://panlex.org/snapshot/panlex-20191001-csv/2745#63415519>				<https://panlex.org/snapshot/panlex-20191001-csv/2745#63415507>		"ʼaqwath"@mov	
"amagueh"@chd	<https://panlex.org/snapshot/panlex-20191001-csv/2745#63415341>				<https://panlex.org/snapshot/panlex-20191001-csv/2745#63415327>		"tharap"@mov	
"galfujga"@chd	<https://panlex.org/snapshot/panlex-20191001-csv/2745#63415499>				<https://panlex.org/snapshot/panlex-20191001-csv/2745#63415486>		"nyamasav"@mov	
"anuli"@chd	<https://panlex.org/snapshot/panlex-20191001-csv/2745#63415249>				<https://panlex.org/snapshot/panlex-20191001-csv/2745#63415235>		"seto"@mov	
"amalbu"@chd	<https://panlex.org/snapshot/panlex-20191001-csv/2745#63415318>				<https://panlex.org/snapshot/panlex-20191001-csv/2745#63415304>		"chumpap"@mov	
"galxáns"@chd	<https://panlex.org/snapshot/panlex-20191001-csv/2745#63415365>				<https://panlex.org/snapshot/panlex-20191001-csv/2745#63415350>		"ʼiipa"@mov	
"galtsiqui"@chd	<https://panlex.org/snapshot/panlex-20191001-csv/2745#63415410>				<https://panlex.org/snapshot/panlex-20191001-csv/2745#63415397>		"hatchoq"@mov	
