"Gã"@gaa	<https://panlex.org/snapshot/panlex-20191001-csv/6708#112330194>				<https://panlex.org/snapshot/panlex-20191001-csv/6708#112330200>		"га"@ru	
"Wikishinari"@gaa	<https://panlex.org/snapshot/panlex-20191001-csv/5947#84616479>				<https://panlex.org/snapshot/panlex-20191001-csv/5947#84616514>		"Викисловарь"@ru	
"Wikishinari"@gaa	<https://panlex.org/snapshot/panlex-20191001-csv/5947#84616479>				<https://panlex.org/snapshot/panlex-20191001-csv/5947#84616513>		"Вики-словарь"@ru	
"dshufo"@gaa	<https://panlex.org/snapshot/panlex-20191001-csv/2892#110824591>				<https://panlex.org/snapshot/panlex-20191001-csv/2892#110824603>		"вторник"@ru	
"dshu"@gaa	<https://panlex.org/snapshot/panlex-20191001-csv/2892#110824327>				<https://panlex.org/snapshot/panlex-20191001-csv/2892#110824381>		"понедельник"@ru	
"so"@gaa	<https://panlex.org/snapshot/panlex-20191001-csv/2892#110825286>				<https://panlex.org/snapshot/panlex-20191001-csv/2892#110825465>		"четверг"@ru	
"sho"@gaa	<https://panlex.org/snapshot/panlex-20191001-csv/2892#110825258>				<https://panlex.org/snapshot/panlex-20191001-csv/2892#110824975>		"среда"@ru	
"ho"@gaa	<https://panlex.org/snapshot/panlex-20191001-csv/2892#110826395>				<https://panlex.org/snapshot/panlex-20191001-csv/2892#110826205>		"суббота"@ru	
"hogba"@gaa	<https://panlex.org/snapshot/panlex-20191001-csv/2892#110826969>				<https://panlex.org/snapshot/panlex-20191001-csv/2892#110826585>		"воскресенье"@ru	
"soha"@gaa	<https://panlex.org/snapshot/panlex-20191001-csv/2892#110825992>				<https://panlex.org/snapshot/panlex-20191001-csv/2892#110826045>		"пятница"@ru	
