"dshufo"@gaa	<https://panlex.org/snapshot/panlex-20191001-csv/2892#110824591>				<https://panlex.org/snapshot/panlex-20191001-csv/2892#110824731>		"martedí"@lij	
"dshu"@gaa	<https://panlex.org/snapshot/panlex-20191001-csv/2892#110824327>				<https://panlex.org/snapshot/panlex-20191001-csv/2892#110824292>		"lûnedí"@lij	
"so"@gaa	<https://panlex.org/snapshot/panlex-20191001-csv/2892#110825286>				<https://panlex.org/snapshot/panlex-20191001-csv/2892#110825550>		"zœggia"@lij	
"sho"@gaa	<https://panlex.org/snapshot/panlex-20191001-csv/2892#110825258>				<https://panlex.org/snapshot/panlex-20191001-csv/2892#110825227>		"merculedí"@lij	
"ho"@gaa	<https://panlex.org/snapshot/panlex-20191001-csv/2892#110826395>				<https://panlex.org/snapshot/panlex-20191001-csv/2892#110826506>		"sabbu"@lij	
"hogba"@gaa	<https://panlex.org/snapshot/panlex-20191001-csv/2892#110826969>				<https://panlex.org/snapshot/panlex-20191001-csv/2892#110826846>		"duménnega"@lij	
"soha"@gaa	<https://panlex.org/snapshot/panlex-20191001-csv/2892#110825992>				<https://panlex.org/snapshot/panlex-20191001-csv/2892#110825785>		"venardí"@lij	
