"n-kaʔme-ge"@moc	<https://panlex.org/snapshot/panlex-20191001-csv/1573#50084603>				<https://panlex.org/snapshot/panlex-20191001-csv/1573#50084638>		"xar"@rom	
"ḳaʔ"@moc	<https://panlex.org/snapshot/panlex-20191001-csv/1573#50090682>				<https://panlex.org/snapshot/panlex-20191001-csv/1573#50090747>		"baʀ"@rom	
"ʔlawa"@moc	<https://panlex.org/snapshot/panlex-20191001-csv/1573#50082478>				<https://panlex.org/snapshot/panlex-20191001-csv/1573#50082519>		"pʰuv"@rom	
"ʔlawa"@moc	<https://panlex.org/snapshot/panlex-20191001-csv/1573#50082144>				<https://panlex.org/snapshot/panlex-20191001-csv/1573#50082189>		"pʰuv"@rom	
"ʔlawa"@moc	<https://panlex.org/snapshot/panlex-20191001-csv/1573#50081841>				<https://panlex.org/snapshot/panlex-20191001-csv/1573#50081875>		"lumia"@rom	
"l-awak"@moc	<https://panlex.org/snapshot/panlex-20191001-csv/1573#50085538>				<https://panlex.org/snapshot/panlex-20191001-csv/1573#50085575>		"groapa"@rom	
"raʔaasa"@moc	<https://panlex.org/snapshot/panlex-20191001-csv/1573#50091436>				<https://panlex.org/snapshot/panlex-20191001-csv/1573#50091471>		"kʰam"@rom	
"waaʁai"@moc	<https://panlex.org/snapshot/panlex-20191001-csv/1573#50086789>				<https://panlex.org/snapshot/panlex-20191001-csv/1573#50086811>		"marea"@rom	
"waaʁai"@moc	<https://panlex.org/snapshot/panlex-20191001-csv/1573#50086022>				<https://panlex.org/snapshot/panlex-20191001-csv/1573#50086058>		"marea"@rom	
"waaʁai"@moc	<https://panlex.org/snapshot/panlex-20191001-csv/1573#50086022>				<https://panlex.org/snapshot/panlex-20191001-csv/1573#50086057>		"deriav"@rom	
"waʁayaḳ"@moc	<https://panlex.org/snapshot/panlex-20191001-csv/1573#50085783>				<https://panlex.org/snapshot/panlex-20191001-csv/1573#50085820>		"pai"@rom	
"latogot lateʔogeʔ"@moc	<https://panlex.org/snapshot/panlex-20191001-csv/1573#50087008>				<https://panlex.org/snapshot/panlex-20191001-csv/1573#50087040>		"pai"@rom	
"ḳoʔpaḳ"@moc	<https://panlex.org/snapshot/panlex-20191001-csv/1573#50090337>				<https://panlex.org/snapshot/panlex-20191001-csv/1573#50090371>		"kaš"@rom	
"ḳoʔpaḳ"@moc	<https://panlex.org/snapshot/panlex-20191001-csv/1573#50090081>				<https://panlex.org/snapshot/panlex-20191001-csv/1573#50090117>		"kaš"@rom	
"ḳoʔpaḳ"@moc	<https://panlex.org/snapshot/panlex-20191001-csv/1573#50090081>				<https://panlex.org/snapshot/panlex-20191001-csv/1573#50090118>		"rukʰ"@rom	
"pigim"@moc	<https://panlex.org/snapshot/panlex-20191001-csv/1573#50091177>				<https://panlex.org/snapshot/panlex-20191001-csv/1573#50091215>		"čeri"@rom	
"pigim"@moc	<https://panlex.org/snapshot/panlex-20191001-csv/1573#50091177>				<https://panlex.org/snapshot/panlex-20191001-csv/1573#50091214>		"del"@rom	
"pigim"@moc	<https://panlex.org/snapshot/panlex-20191001-csv/1573#50091177>				<https://panlex.org/snapshot/panlex-20191001-csv/1573#50091213>		"bolimos"@rom	
"tokot"@moc	<https://panlex.org/snapshot/panlex-20191001-csv/1573#50084020>				<https://panlex.org/snapshot/panlex-20191001-csv/1573#50084051>		"hunia"@rom	
"tokot"@moc	<https://panlex.org/snapshot/panlex-20191001-csv/1573#50084020>				<https://panlex.org/snapshot/panlex-20191001-csv/1573#50084052>		"roko"@rom	
"soʁonaʁa"@moc	<https://panlex.org/snapshot/panlex-20191001-csv/1573#50083667>				<https://panlex.org/snapshot/panlex-20191001-csv/1573#50083718>		"playin"@rom	
"ʔooči"@moc	<https://panlex.org/snapshot/panlex-20191001-csv/1573#50089802>				<https://panlex.org/snapshot/panlex-20191001-csv/1573#50089850>		"veš"@rom	
"i-ʔloʁol na ʔlawa"@moc	<https://panlex.org/snapshot/panlex-20191001-csv/1573#50090963>				<https://panlex.org/snapshot/panlex-20191001-csv/1573#50090985>		"isdra-imos pʰuv-iako"@rom	
"l-oʔwaʁan-aʁa"@moc	<https://panlex.org/snapshot/panlex-20191001-csv/1573#50083312>				<https://panlex.org/snapshot/panlex-20191001-csv/1573#50083348>		"tisai"@rom	
"roʔi"@moc	<https://panlex.org/snapshot/panlex-20191001-csv/1573#50086589>				<https://panlex.org/snapshot/panlex-20191001-csv/1573#50086623>		"bali"@rom	
"loʔpaʁa"@moc	<https://panlex.org/snapshot/panlex-20191001-csv/1573#50087757>				<https://panlex.org/snapshot/panlex-20191001-csv/1573#50087794>		"talazo"@rom	
"n-šaaʁa"@moc	<https://panlex.org/snapshot/panlex-20191001-csv/1573#50083062>				<https://panlex.org/snapshot/panlex-20191001-csv/1573#50083099>		"čik"@rom	
"n-amoʁo-yaʁa"@moc	<https://panlex.org/snapshot/panlex-20191001-csv/1573#50082759>				<https://panlex.org/snapshot/panlex-20191001-csv/1573#50082800>		"poš"@rom	
"delek"@moc	<https://panlex.org/snapshot/panlex-20191001-csv/1573#50084814>				<https://panlex.org/snapshot/panlex-20191001-csv/1573#50084848>		"inzelo"@rom	
"ḳaiʔim"@moc	<https://panlex.org/snapshot/panlex-20191001-csv/1573#50089351>				<https://panlex.org/snapshot/panlex-20191001-csv/1573#50089384>		"rito"@rom	
"lemanaʁa"@moc	<https://panlex.org/snapshot/panlex-20191001-csv/1573#50085247>				<https://panlex.org/snapshot/panlex-20191001-csv/1573#50085299>		"prasav"@rom	
"latogot"@moc	<https://panlex.org/snapshot/panlex-20191001-csv/1573#50087324>				<https://panlex.org/snapshot/panlex-20191001-csv/1573#50087343>		"marya-ko reko"@rom	
"latogot"@moc	<https://panlex.org/snapshot/panlex-20191001-csv/1573#50087324>				<https://panlex.org/snapshot/panlex-20191001-csv/1573#50087342>		"laguno"@rom	
"noʔweenaʁa"@moc	<https://panlex.org/snapshot/panlex-20191001-csv/1573#50084341>				<https://panlex.org/snapshot/panlex-20191001-csv/1573#50084389>		"pusta"@rom	
"noʔweenaʁa"@moc	<https://panlex.org/snapshot/panlex-20191001-csv/1573#50084341>				<https://panlex.org/snapshot/panlex-20191001-csv/1573#50084388>		"kimpo"@rom	
"lačiwge"@moc	<https://panlex.org/snapshot/panlex-20191001-csv/1573#50088459>				<https://panlex.org/snapshot/panlex-20191001-csv/1573#50088514>		"doreavo"@rom	
"lačiwge"@moc	<https://panlex.org/snapshot/panlex-20191001-csv/1573#50088459>				<https://panlex.org/snapshot/panlex-20191001-csv/1573#50088515>		"len"@rom	
"lačiwge"@moc	<https://panlex.org/snapshot/panlex-20191001-csv/1573#50088459>				<https://panlex.org/snapshot/panlex-20191001-csv/1573#50088513>		"deriav"@rom	
"li-ʔlʸiwi-oʁoki"@moc	<https://panlex.org/snapshot/panlex-20191001-csv/1573#50089059>				<https://panlex.org/snapshot/panlex-20191001-csv/1573#50089107>		"xaing"@rom	
