"fiskur"@is	<https://panlex.org/snapshot/panlex-20191001-csv/5946#84454775>				<https://panlex.org/snapshot/panlex-20191001-csv/5946#84454719>		"sa-yak"@ale	
"takk"@is	<https://panlex.org/snapshot/panlex-20191001-csv/5946#84436774>				<https://panlex.org/snapshot/panlex-20191001-csv/5946#84436722>		"qagaasakuq"@ale	
"jörð"@is	<https://panlex.org/snapshot/panlex-20191001-csv/5949#85309555>				<https://panlex.org/snapshot/panlex-20191001-csv/5949#85309498>		"tanax̂"@ale	
"snjór"@is	<https://panlex.org/snapshot/panlex-20191001-csv/3776#91631970>				<https://panlex.org/snapshot/panlex-20191001-csv/3776#91631900>		"qaniigix"@ale	
"sofa"@is	<https://panlex.org/snapshot/panlex-20191001-csv/3776#91631467>				<https://panlex.org/snapshot/panlex-20191001-csv/3776#91631395>		"sagakux"@ale	
"jarðarber"@is	<https://panlex.org/snapshot/panlex-20191001-csv/3776#91736239>				<https://panlex.org/snapshot/panlex-20191001-csv/3776#91736192>		"tuzaangas"@ale	
"vindur"@is	<https://panlex.org/snapshot/panlex-20191001-csv/3776#91640603>				<https://panlex.org/snapshot/panlex-20191001-csv/3776#91640536>		"slagux"@ale	
