"nsəmnsəm"@lzl	<https://panlex.org/snapshot/panlex-20191001-csv/114#8062109>				<https://panlex.org/snapshot/panlex-20191001-csv/114#8062366>		"tuna tuna"@zgr	
"nevnen"@lzl	<https://panlex.org/snapshot/panlex-20191001-csv/114#8057468>				<https://panlex.org/snapshot/panlex-20191001-csv/114#8057763>		"opi"@zgr	
"gunsən"@lzl	<https://panlex.org/snapshot/panlex-20191001-csv/114#8065273>				<https://panlex.org/snapshot/panlex-20191001-csv/114#8065574>		"kua"@zgr	
"daba(x)an"@lzl	<https://panlex.org/snapshot/panlex-20191001-csv/114#8058500>				<https://panlex.org/snapshot/panlex-20191001-csv/114#8058825>		"beni"@zgr	
"seroɣ"@lzl	<https://panlex.org/snapshot/panlex-20191001-csv/114#8055977>				<https://panlex.org/snapshot/panlex-20191001-csv/114#8056274>		"roro"@zgr	
"velet"@lzl	<https://panlex.org/snapshot/panlex-20191001-csv/114#8054984>				<https://panlex.org/snapshot/panlex-20191001-csv/114#8055259>		"yame"@zgr	
