"vələs"@lzl	<https://panlex.org/snapshot/panlex-20191001-csv/114#8055478>				<https://panlex.org/snapshot/panlex-20191001-csv/114#8055372>		"vidulu"@ghn	
"nsəmnsəm"@lzl	<https://panlex.org/snapshot/panlex-20191001-csv/114#8062109>				<https://panlex.org/snapshot/panlex-20191001-csv/114#8062014>		"roquroqu"@ghn	
"rəvəxes"@lzl	<https://panlex.org/snapshot/panlex-20191001-csv/114#8055477>				<https://panlex.org/snapshot/panlex-20191001-csv/114#8055372>		"vidulu"@ghn	
"nevnen"@lzl	<https://panlex.org/snapshot/panlex-20191001-csv/114#8057468>				<https://panlex.org/snapshot/panlex-20191001-csv/114#8057363>		"vuliti"@ghn	
"gunsən"@lzl	<https://panlex.org/snapshot/panlex-20191001-csv/114#8065273>				<https://panlex.org/snapshot/panlex-20191001-csv/114#8065159>		"izu"@ghn	
"daba(x)an"@lzl	<https://panlex.org/snapshot/panlex-20191001-csv/114#8058500>				<https://panlex.org/snapshot/panlex-20191001-csv/114#8058391>		"iapa"@ghn	
"seroɣ"@lzl	<https://panlex.org/snapshot/panlex-20191001-csv/114#8055977>				<https://panlex.org/snapshot/panlex-20191001-csv/114#8055868>		"ponyu"@ghn	
"netren"@lzl	<https://panlex.org/snapshot/panlex-20191001-csv/114#8057985>				<https://panlex.org/snapshot/panlex-20191001-csv/114#8057877>		"pokoto"@ghn	
"velet"@lzl	<https://panlex.org/snapshot/panlex-20191001-csv/114#8054984>				<https://panlex.org/snapshot/panlex-20191001-csv/114#8054872>		"mae"@ghn	
"velet"@lzl	<https://panlex.org/snapshot/panlex-20191001-csv/114#8054984>				<https://panlex.org/snapshot/panlex-20191001-csv/114#8054871>		"lame"@ghn	
