"lisu-"@mwo	<https://panlex.org/snapshot/panlex-20191001-csv/114#8065344>				<https://panlex.org/snapshot/panlex-20191001-csv/114#8065349>		"usu"@mxe	
"ŋgwatu-"@mwo	<https://panlex.org/snapshot/panlex-20191001-csv/114#8063710>				<https://panlex.org/snapshot/panlex-20191001-csv/114#8063714>		"ulu"@mxe	
"tinae-"@mwo	<https://panlex.org/snapshot/panlex-20191001-csv/114#8059598>				<https://panlex.org/snapshot/panlex-20191001-csv/114#8059601>		"sinae"@mxe	
"tinae-"@mwo	<https://panlex.org/snapshot/panlex-20191001-csv/114#8059598>				<https://panlex.org/snapshot/panlex-20191001-csv/114#8059602>		"vava"@mxe	
"lima-"@mwo	<https://panlex.org/snapshot/panlex-20191001-csv/114#8051946>				<https://panlex.org/snapshot/panlex-20191001-csv/114#8051950>		"rima"@mxe	
"xao"@mwo	<https://panlex.org/snapshot/panlex-20191001-csv/114#8054013>				<https://panlex.org/snapshot/panlex-20191001-csv/114#8054017>		"sale"@mxe	
"ma-na"@mwo	<https://panlex.org/snapshot/panlex-20191001-csv/114#8068427>				<https://panlex.org/snapshot/panlex-20191001-csv/114#8068431>		"kata"@mxe	
"luame-"@mwo	<https://panlex.org/snapshot/panlex-20191001-csv/114#8067896>				<https://panlex.org/snapshot/panlex-20191001-csv/114#8067900>		"arero"@mxe	
"ndixefu"@mwo	<https://panlex.org/snapshot/panlex-20191001-csv/114#8057045>				<https://panlex.org/snapshot/panlex-20191001-csv/114#8057049>		"penu"@mxe	
"liwo-"@mwo	<https://panlex.org/snapshot/panlex-20191001-csv/114#8067372>				<https://panlex.org/snapshot/panlex-20191001-csv/114#8067376>		"nifo"@mxe	
"ndae-"@mwo	<https://panlex.org/snapshot/panlex-20191001-csv/114#8063166>				<https://panlex.org/snapshot/panlex-20191001-csv/114#8063170>		"toto"@mxe	
"sala"@mwo	<https://panlex.org/snapshot/panlex-20191001-csv/114#8054539>				<https://panlex.org/snapshot/panlex-20191001-csv/114#8054543>		"ara"@mxe	
