"kiyát"@lbk	<https://panlex.org/snapshot/panlex-20191001-csv/114#8055800>				<https://panlex.org/snapshot/panlex-20191001-csv/114#8056003>		"gau"@mek	
"kannaʼwan"@lbk	<https://panlex.org/snapshot/panlex-20191001-csv/114#8052702>				<https://panlex.org/snapshot/panlex-20191001-csv/114#8052875>		"kai"@mek	
"túŋʔal"@lbk	<https://panlex.org/snapshot/panlex-20191001-csv/114#8058878>				<https://panlex.org/snapshot/panlex-20191001-csv/114#8059074>		"unia"@mek	
"boʼqok"@lbk	<https://panlex.org/snapshot/panlex-20191001-csv/114#8064529>				<https://panlex.org/snapshot/panlex-20191001-csv/114#8064741>		"fufu"@mek	
"poʼto"@lbk	<https://panlex.org/snapshot/panlex-20191001-csv/114#8059374>				<https://panlex.org/snapshot/panlex-20191001-csv/114#8059557>		"inae"@mek	
"poʼto"@lbk	<https://panlex.org/snapshot/panlex-20191001-csv/114#8058314>				<https://panlex.org/snapshot/panlex-20191001-csv/114#8058533>		"gua"@mek	
"tápuk"@lbk	<https://panlex.org/snapshot/panlex-20191001-csv/114#8056829>				<https://panlex.org/snapshot/panlex-20191001-csv/114#8057002>		"ae|apu"@mek	
"kúpkup"@lbk	<https://panlex.org/snapshot/panlex-20191001-csv/114#8057292>				<https://panlex.org/snapshot/panlex-20191001-csv/114#8057496>		"faga"@mek	
"in semek"@lbk	<https://panlex.org/snapshot/panlex-20191001-csv/114#8061955>				<https://panlex.org/snapshot/panlex-20191001-csv/114#8062130>		"opola"@mek	
"qamʼmo"@lbk	<https://panlex.org/snapshot/panlex-20191001-csv/114#8061399>				<https://panlex.org/snapshot/panlex-20191001-csv/114#8061628>		"logo"@mek	
"qɨʼngɨl"@lbk	<https://panlex.org/snapshot/panlex-20191001-csv/114#8065082>				<https://panlex.org/snapshot/panlex-20191001-csv/114#8065299>		"kua"@mek	
"qɨʼyɨk"@lbk	<https://panlex.org/snapshot/panlex-20191001-csv/114#8068170>				<https://panlex.org/snapshot/panlex-20191001-csv/114#8068384>		"ʼaʼa"@mek	
"ʔawán"@lbk	<https://panlex.org/snapshot/panlex-20191001-csv/114#8052703>				<https://panlex.org/snapshot/panlex-20191001-csv/114#8052875>		"kai"@mek	
"ʔúlu"@lbk	<https://panlex.org/snapshot/panlex-20191001-csv/114#8063445>				<https://panlex.org/snapshot/panlex-20191001-csv/114#8063663>		"kania"@mek	
"maŋták [gətə́k]"@lbk	<https://panlex.org/snapshot/panlex-20191001-csv/114#8061398>				<https://panlex.org/snapshot/panlex-20191001-csv/114#8061628>		"logo"@mek	
"ʔə́gyat"@lbk	<https://panlex.org/snapshot/panlex-20191001-csv/114#8062416>				<https://panlex.org/snapshot/panlex-20191001-csv/114#8062626>		"maniʼi"@mek	
"ʼkalɨt"@lbk	<https://panlex.org/snapshot/panlex-20191001-csv/114#8056326>				<https://panlex.org/snapshot/panlex-20191001-csv/114#8056520>		"ofu"@mek	
"baʼgang"@lbk	<https://panlex.org/snapshot/panlex-20191001-csv/114#8063995>				<https://panlex.org/snapshot/panlex-20191001-csv/114#8064206>		"aiso"@mek	
"kálət"@lbk	<https://panlex.org/snapshot/panlex-20191001-csv/114#8056325>				<https://panlex.org/snapshot/panlex-20191001-csv/114#8056520>		"ofu"@mek	
"díla"@lbk	<https://panlex.org/snapshot/panlex-20191001-csv/114#8067654>				<https://panlex.org/snapshot/panlex-20191001-csv/114#8067853>		"mala"@mek	
"gətkən"@lbk	<https://panlex.org/snapshot/panlex-20191001-csv/114#8061397>				<https://panlex.org/snapshot/panlex-20191001-csv/114#8061628>		"logo"@mek	
"ʔiyə́k"@lbk	<https://panlex.org/snapshot/panlex-20191001-csv/114#8068171>				<https://panlex.org/snapshot/panlex-20191001-csv/114#8068384>		"ʼaʼa"@mek	
"ʼsongsong"@lbk	<https://panlex.org/snapshot/panlex-20191001-csv/114#8066057>				<https://panlex.org/snapshot/panlex-20191001-csv/114#8066251>		"foga logo"@mek	
"súsu"@lbk	<https://panlex.org/snapshot/panlex-20191001-csv/114#8060348>				<https://panlex.org/snapshot/panlex-20191001-csv/114#8060582>		"olaga"@mek	
"kopʼkop"@lbk	<https://panlex.org/snapshot/panlex-20191001-csv/114#8057290>				<https://panlex.org/snapshot/panlex-20191001-csv/114#8057496>		"faga"@mek	
"daʼpol"@lbk	<https://panlex.org/snapshot/panlex-20191001-csv/114#8056828>				<https://panlex.org/snapshot/panlex-20191001-csv/114#8057002>		"ae|apu"@mek	
"ʔáŋəs"@lbk	<https://panlex.org/snapshot/panlex-20191001-csv/114#8065615>				<https://panlex.org/snapshot/panlex-20191001-csv/114#8065781>		"guga"@mek	
"ʼsoso"@lbk	<https://panlex.org/snapshot/panlex-20191001-csv/114#8060349>				<https://panlex.org/snapshot/panlex-20191001-csv/114#8060582>		"olaga"@mek	
"babʼqa"@lbk	<https://panlex.org/snapshot/panlex-20191001-csv/114#8067103>				<https://panlex.org/snapshot/panlex-20191001-csv/114#8067327>		"nie"@mek	
"qɨʼdɨg"@lbk	<https://panlex.org/snapshot/panlex-20191001-csv/114#8057809>				<https://panlex.org/snapshot/panlex-20191001-csv/114#8058009>		"ofa"@mek	
"púkəl"@lbk	<https://panlex.org/snapshot/panlex-20191001-csv/114#8060926>				<https://panlex.org/snapshot/panlex-20191001-csv/114#8061105>		"fago"@mek	
