"kiyát"@lbk	<https://panlex.org/snapshot/panlex-20191001-csv/114#8055800>				<https://panlex.org/snapshot/panlex-20191001-csv/114#8056030>		"aŋiŋ"@mqy	
"kannaʼwan"@lbk	<https://panlex.org/snapshot/panlex-20191001-csv/114#8052702>				<https://panlex.org/snapshot/panlex-20191001-csv/114#8052897>		"wanaŋ"@mqy	
"túŋʔal"@lbk	<https://panlex.org/snapshot/panlex-20191001-csv/114#8058878>				<https://panlex.org/snapshot/panlex-20191001-csv/114#8059099>		"toko"@mqy	
"boʼqok"@lbk	<https://panlex.org/snapshot/panlex-20191001-csv/114#8064529>				<https://panlex.org/snapshot/panlex-20191001-csv/114#8064764>		"wuk"@mqy	
"poʼto"@lbk	<https://panlex.org/snapshot/panlex-20191001-csv/114#8059374>				<https://panlex.org/snapshot/panlex-20191001-csv/114#8059582>		"tuka"@mqy	
"poʼto"@lbk	<https://panlex.org/snapshot/panlex-20191001-csv/114#8058314>				<https://panlex.org/snapshot/panlex-20191001-csv/114#8058560>		"tuka"@mqy	
"poʼto"@lbk	<https://panlex.org/snapshot/panlex-20191001-csv/114#8058314>				<https://panlex.org/snapshot/panlex-20191001-csv/114#8058559>		"bara"@mqy	
"tápuk"@lbk	<https://panlex.org/snapshot/panlex-20191001-csv/114#8056829>				<https://panlex.org/snapshot/panlex-20191001-csv/114#8057026>		"r|awok"@mqy	
"tápuk"@lbk	<https://panlex.org/snapshot/panlex-20191001-csv/114#8056829>				<https://panlex.org/snapshot/panlex-20191001-csv/114#8057025>		"kebok"@mqy	
"kúpkup"@lbk	<https://panlex.org/snapshot/panlex-20191001-csv/114#8057292>				<https://panlex.org/snapshot/panlex-20191001-csv/114#8057523>		"loké"@mqy	
"in semek"@lbk	<https://panlex.org/snapshot/panlex-20191001-csv/114#8061955>				<https://panlex.org/snapshot/panlex-20191001-csv/114#8062151>		"nuk"@mqy	
"qamʼmo"@lbk	<https://panlex.org/snapshot/panlex-20191001-csv/114#8061399>				<https://panlex.org/snapshot/panlex-20191001-csv/114#8061655>		"ŋgepuk"@mqy	
"qɨʼngɨl"@lbk	<https://panlex.org/snapshot/panlex-20191001-csv/114#8065082>				<https://panlex.org/snapshot/panlex-20191001-csv/114#8065325>		"isuŋ"@mqy	
"qɨʼyɨk"@lbk	<https://panlex.org/snapshot/panlex-20191001-csv/114#8068170>				<https://panlex.org/snapshot/panlex-20191001-csv/114#8068409>		"tawa"@mqy	
"ʔawán"@lbk	<https://panlex.org/snapshot/panlex-20191001-csv/114#8052703>				<https://panlex.org/snapshot/panlex-20191001-csv/114#8052897>		"wanaŋ"@mqy	
"ʔúlu"@lbk	<https://panlex.org/snapshot/panlex-20191001-csv/114#8063445>				<https://panlex.org/snapshot/panlex-20191001-csv/114#8063688>		"ulu"@mqy	
"maŋták [gətə́k]"@lbk	<https://panlex.org/snapshot/panlex-20191001-csv/114#8061398>				<https://panlex.org/snapshot/panlex-20191001-csv/114#8061655>		"ŋgepuk"@mqy	
"ʔə́gyat"@lbk	<https://panlex.org/snapshot/panlex-20191001-csv/114#8062416>				<https://panlex.org/snapshot/panlex-20191001-csv/114#8062652>		"rantaŋ"@mqy	
"ʼkalɨt"@lbk	<https://panlex.org/snapshot/panlex-20191001-csv/114#8056326>				<https://panlex.org/snapshot/panlex-20191001-csv/114#8056543>		"saki"@mqy	
"baʼgang"@lbk	<https://panlex.org/snapshot/panlex-20191001-csv/114#8063995>				<https://panlex.org/snapshot/panlex-20191001-csv/114#8064230>		"bokak"@mqy	
"kálət"@lbk	<https://panlex.org/snapshot/panlex-20191001-csv/114#8056325>				<https://panlex.org/snapshot/panlex-20191001-csv/114#8056543>		"saki"@mqy	
"díla"@lbk	<https://panlex.org/snapshot/panlex-20191001-csv/114#8067654>				<https://panlex.org/snapshot/panlex-20191001-csv/114#8067879>		"l|ema"@mqy	
"gətkən"@lbk	<https://panlex.org/snapshot/panlex-20191001-csv/114#8061397>				<https://panlex.org/snapshot/panlex-20191001-csv/114#8061655>		"ŋgepuk"@mqy	
"ʔiyə́k"@lbk	<https://panlex.org/snapshot/panlex-20191001-csv/114#8068171>				<https://panlex.org/snapshot/panlex-20191001-csv/114#8068409>		"tawa"@mqy	
"ʼsongsong"@lbk	<https://panlex.org/snapshot/panlex-20191001-csv/114#8066057>				<https://panlex.org/snapshot/panlex-20191001-csv/114#8066276>		"isuk"@mqy	
"súsu"@lbk	<https://panlex.org/snapshot/panlex-20191001-csv/114#8060348>				<https://panlex.org/snapshot/panlex-20191001-csv/114#8060607>		"cucu"@mqy	
"kopʼkop"@lbk	<https://panlex.org/snapshot/panlex-20191001-csv/114#8057290>				<https://panlex.org/snapshot/panlex-20191001-csv/114#8057523>		"loké"@mqy	
"daʼpol"@lbk	<https://panlex.org/snapshot/panlex-20191001-csv/114#8056828>				<https://panlex.org/snapshot/panlex-20191001-csv/114#8057026>		"r|awok"@mqy	
"daʼpol"@lbk	<https://panlex.org/snapshot/panlex-20191001-csv/114#8056828>				<https://panlex.org/snapshot/panlex-20191001-csv/114#8057025>		"kebok"@mqy	
"ʔáŋəs"@lbk	<https://panlex.org/snapshot/panlex-20191001-csv/114#8065615>				<https://panlex.org/snapshot/panlex-20191001-csv/114#8065807>		"nai"@mqy	
"ʼsoso"@lbk	<https://panlex.org/snapshot/panlex-20191001-csv/114#8060349>				<https://panlex.org/snapshot/panlex-20191001-csv/114#8060607>		"cucu"@mqy	
"babʼqa"@lbk	<https://panlex.org/snapshot/panlex-20191001-csv/114#8067103>				<https://panlex.org/snapshot/panlex-20191001-csv/114#8067355>		"ŋis"@mqy	
"qɨʼdɨg"@lbk	<https://panlex.org/snapshot/panlex-20191001-csv/114#8057809>				<https://panlex.org/snapshot/panlex-20191001-csv/114#8058031>		"wekur"@mqy	
"púkəl"@lbk	<https://panlex.org/snapshot/panlex-20191001-csv/114#8060926>				<https://panlex.org/snapshot/panlex-20191001-csv/114#8061128>		"tetak"@mqy	
