"mea-"@llu	<https://panlex.org/snapshot/panlex-20191001-csv/114#8067817>				<https://panlex.org/snapshot/panlex-20191001-csv/114#8067761>		"imbêla"@jae	
"tala"@llu	<https://panlex.org/snapshot/panlex-20191001-csv/114#8054468>				<https://panlex.org/snapshot/panlex-20191001-csv/114#8054417>		"intêna"@jae	
"ʔae"@llu	<https://panlex.org/snapshot/panlex-20191001-csv/114#8053350>				<https://panlex.org/snapshot/panlex-20191001-csv/114#8053284>		"à"@jae	
"nonomoko"@llu	<https://panlex.org/snapshot/panlex-20191001-csv/114#8066217>				<https://panlex.org/snapshot/panlex-20191001-csv/114#8066161>		"-ôc"@jae	
"susu-"@llu	<https://panlex.org/snapshot/panlex-20191001-csv/114#8060539>				<https://panlex.org/snapshot/panlex-20191001-csv/114#8060476>		"su"@jae	
"lifo"@llu	<https://panlex.org/snapshot/panlex-20191001-csv/114#8067291>				<https://panlex.org/snapshot/panlex-20191001-csv/114#8067234>		"lồ"@jae	
"aolo"@llu	<https://panlex.org/snapshot/panlex-20191001-csv/114#8052843>				<https://panlex.org/snapshot/panlex-20191001-csv/114#8052793>		"anôŋa"@jae	
"kelo-"@llu	<https://panlex.org/snapshot/panlex-20191001-csv/114#8058489>				<https://panlex.org/snapshot/panlex-20191001-csv/114#8058434>		"tâê"@jae	
"fafulu"@llu	<https://panlex.org/snapshot/panlex-20191001-csv/114#8056492>				<https://panlex.org/snapshot/panlex-20191001-csv/114#8056435>		"ŋatêmui"@jae	
"kutu-"@llu	<https://panlex.org/snapshot/panlex-20191001-csv/114#8058490>				<https://panlex.org/snapshot/panlex-20191001-csv/114#8058434>		"tâê"@jae	
"suli-"@llu	<https://panlex.org/snapshot/panlex-20191001-csv/114#8059037>				<https://panlex.org/snapshot/panlex-20191001-csv/114#8058985>		"têkwa"@jae	
"suli-"@llu	<https://panlex.org/snapshot/panlex-20191001-csv/114#8057976>				<https://panlex.org/snapshot/panlex-20191001-csv/114#8057915>		"dêmôê"@jae	
"kawu"@llu	<https://panlex.org/snapshot/panlex-20191001-csv/114#8063627>				<https://panlex.org/snapshot/panlex-20191001-csv/114#8063569>		"môkê"@jae	
"ifu"@llu	<https://panlex.org/snapshot/panlex-20191001-csv/114#8064708>				<https://panlex.org/snapshot/panlex-20191001-csv/114#8064654>		"lauŋ"@jae	
