"mea-"@llu	<https://panlex.org/snapshot/panlex-20191001-csv/114#8067817>				<https://panlex.org/snapshot/panlex-20191001-csv/114#8067898>		"mplai 6"@mww	
"tala"@llu	<https://panlex.org/snapshot/panlex-20191001-csv/114#8054468>				<https://panlex.org/snapshot/panlex-20191001-csv/114#8054541>		"ke 3"@mww	
"ʔae"@llu	<https://panlex.org/snapshot/panlex-20191001-csv/114#8053350>				<https://panlex.org/snapshot/panlex-20191001-csv/114#8053433>		"taw 5"@mww	
"nonomoko"@llu	<https://panlex.org/snapshot/panlex-20191001-csv/114#8066217>				<https://panlex.org/snapshot/panlex-20191001-csv/114#8066300>		"hnia 5"@mww	
"susu-"@llu	<https://panlex.org/snapshot/panlex-20191001-csv/114#8060539>				<https://panlex.org/snapshot/panlex-20191001-csv/114#8060628>		"mi 4"@mww	
"lifo"@llu	<https://panlex.org/snapshot/panlex-20191001-csv/114#8067291>				<https://panlex.org/snapshot/panlex-20191001-csv/114#8067374>		"hnia 3"@mww	
"aolo"@llu	<https://panlex.org/snapshot/panlex-20191001-csv/114#8052843>				<https://panlex.org/snapshot/panlex-20191001-csv/114#8052916>		"si 7"@mww	
"kelo-"@llu	<https://panlex.org/snapshot/panlex-20191001-csv/114#8058489>				<https://panlex.org/snapshot/panlex-20191001-csv/114#8058583>		"pla 1"@mww	
"fafulu"@llu	<https://panlex.org/snapshot/panlex-20191001-csv/114#8056492>				<https://panlex.org/snapshot/panlex-20191001-csv/114#8056562>		"tsa 1"@mww	
"kutu-"@llu	<https://panlex.org/snapshot/panlex-20191001-csv/114#8058490>				<https://panlex.org/snapshot/panlex-20191001-csv/114#8058583>		"pla 1"@mww	
"suli-"@llu	<https://panlex.org/snapshot/panlex-20191001-csv/114#8059037>				<https://panlex.org/snapshot/panlex-20191001-csv/114#8059117>		"tsha 5"@mww	
"suli-"@llu	<https://panlex.org/snapshot/panlex-20191001-csv/114#8057976>				<https://panlex.org/snapshot/panlex-20191001-csv/114#8058053>		"qau 8"@mww	
"garu ʔaraŋa"@llu	<https://panlex.org/snapshot/panlex-20191001-csv/114#8055965>				<https://panlex.org/snapshot/panlex-20191001-csv/114#8056051>		"ua 5-lua 8-de 2"@mww	
"kakade ŋali"@llu	<https://panlex.org/snapshot/panlex-20191001-csv/114#8059525>				<https://panlex.org/snapshot/panlex-20191001-csv/114#8059599>		"hnju 3"@mww	
"kawu"@llu	<https://panlex.org/snapshot/panlex-20191001-csv/114#8063627>				<https://panlex.org/snapshot/panlex-20191001-csv/114#8063712>		"tau 1-hau 5"@mww	
"ifu"@llu	<https://panlex.org/snapshot/panlex-20191001-csv/114#8064708>				<https://panlex.org/snapshot/panlex-20191001-csv/114#8064784>		"plau 1"@mww	
