"тиц̄у"@tin	<https://panlex.org/snapshot/panlex-20191001-csv/1573#50089413>				<https://panlex.org/snapshot/panlex-20191001-csv/1573#50089387>		"кьырыш"@rut	
"байдан"@tin	<https://panlex.org/snapshot/panlex-20191001-csv/1573#50084425>				<https://panlex.org/snapshot/panlex-20191001-csv/1573#50084395>		"чул"@rut	
"байдан"@tin	<https://panlex.org/snapshot/panlex-20191001-csv/1573#50084425>				<https://panlex.org/snapshot/panlex-20191001-csv/1573#50084394>		"дуьзен"@rut	
"регьен"@tin	<https://panlex.org/snapshot/panlex-20191001-csv/1573#50091244>				<https://panlex.org/snapshot/panlex-20191001-csv/1573#50091219>		"хаІл"@rut	
"кьех̄ва"@tin	<https://panlex.org/snapshot/panlex-20191001-csv/1573#50082832>				<https://panlex.org/snapshot/panlex-20191001-csv/1573#50082805>		"руг"@rut	
"кьех̄ва"@tin	<https://panlex.org/snapshot/panlex-20191001-csv/1573#50082832>				<https://panlex.org/snapshot/panlex-20191001-csv/1573#50082806>		"туз"@rut	
"алаха"@tin	<https://panlex.org/snapshot/panlex-20191001-csv/1573#50084424>				<https://panlex.org/snapshot/panlex-20191001-csv/1573#50084395>		"чул"@rut	
"алаха"@tin	<https://panlex.org/snapshot/panlex-20191001-csv/1573#50084424>				<https://panlex.org/snapshot/panlex-20191001-csv/1573#50084394>		"дуьзен"@rut	
"нухъа"@tin	<https://panlex.org/snapshot/panlex-20191001-csv/1573#50085600>				<https://panlex.org/snapshot/panlex-20191001-csv/1573#50085578>		"кан-кан"@rut	
"рогьа"@tin	<https://panlex.org/snapshot/panlex-20191001-csv/1573#50090145>				<https://panlex.org/snapshot/panlex-20191001-csv/1573#50090123>		"хук"@rut	
"рогьа"@tin	<https://panlex.org/snapshot/panlex-20191001-csv/1573#50089881>				<https://panlex.org/snapshot/panlex-20191001-csv/1573#50089854>		"дам"@rut	
"гъайа"@tin	<https://panlex.org/snapshot/panlex-20191001-csv/1573#50088569>				<https://panlex.org/snapshot/panlex-20191001-csv/1573#50088523>		"вах"@rut	
"гъайа"@tin	<https://panlex.org/snapshot/panlex-20191001-csv/1573#50088569>				<https://panlex.org/snapshot/panlex-20191001-csv/1573#50088524>		"мири"@rut	
"чІаба"@tin	<https://panlex.org/snapshot/panlex-20191001-csv/1573#50083129>				<https://panlex.org/snapshot/panlex-20191001-csv/1573#50083103>		"лар"@rut	
"чІаба"@tin	<https://panlex.org/snapshot/panlex-20191001-csv/1573#50083129>				<https://panlex.org/snapshot/panlex-20191001-csv/1573#50083104>		"палчикь"@rut	
"гьакъи"@tin	<https://panlex.org/snapshot/panlex-20191001-csv/1573#50090792>				<https://panlex.org/snapshot/panlex-20191001-csv/1573#50090754>		"дагьар"@rut	
"гьакъи"@tin	<https://panlex.org/snapshot/panlex-20191001-csv/1573#50090792>				<https://panlex.org/snapshot/panlex-20191001-csv/1573#50090755>		"духул"@rut	
"гьакъи"@tin	<https://panlex.org/snapshot/panlex-20191001-csv/1573#50084080>				<https://panlex.org/snapshot/panlex-20191001-csv/1573#50084058>		"къас"@rut	
"гьакъи"@tin	<https://panlex.org/snapshot/panlex-20191001-csv/1573#50084080>				<https://panlex.org/snapshot/panlex-20191001-csv/1573#50084059>		"кьул"@rut	
"гьакъи"@tin	<https://panlex.org/snapshot/panlex-20191001-csv/1573#50084080>				<https://panlex.org/snapshot/panlex-20191001-csv/1573#50084057>		"къала"@rut	
"лъуйи"@tin	<https://panlex.org/snapshot/panlex-20191001-csv/1573#50090398>				<https://panlex.org/snapshot/panlex-20191001-csv/1573#50090377>		"хук"@rut	
"лъуйи"@tin	<https://panlex.org/snapshot/panlex-20191001-csv/1573#50090398>				<https://panlex.org/snapshot/panlex-20191001-csv/1573#50090376>		"ус"@rut	
"лъес̄ахъа макІва"@tin	<https://panlex.org/snapshot/panlex-20191001-csv/1573#50084657>				<https://panlex.org/snapshot/panlex-20191001-csv/1573#50084642>		"дере"@rut	
"кІʼиликІʼа тІано̄б макІва"@tin	<https://panlex.org/snapshot/panlex-20191001-csv/1573#50088785>				<https://panlex.org/snapshot/panlex-20191001-csv/1573#50088766>		"бугъаІл"@rut	
"руч̄а"@tin	<https://panlex.org/snapshot/panlex-20191001-csv/1573#50085601>				<https://panlex.org/snapshot/panlex-20191001-csv/1573#50085578>		"кан-кан"@rut	
"акиан"@tin	<https://panlex.org/snapshot/panlex-20191001-csv/1573#50086833>				<https://panlex.org/snapshot/panlex-20191001-csv/1573#50086814>		"дангыз"@rut	
"гьиᴴц̄и"@tin	<https://panlex.org/snapshot/panlex-20191001-csv/1573#50089147>				<https://panlex.org/snapshot/panlex-20191001-csv/1573#50089116>		"хьед ад къуй"@rut	
"гьиᴴц̄и"@tin	<https://panlex.org/snapshot/panlex-20191001-csv/1573#50089147>				<https://panlex.org/snapshot/panlex-20191001-csv/1573#50089115>		"былах"@rut	
"гьаᴴда тІануб макІва"@tin	<https://panlex.org/snapshot/panlex-20191001-csv/1573#50083766>				<https://panlex.org/snapshot/panlex-20191001-csv/1573#50083725>		"бан"@rut	
"хихин"@tin	<https://panlex.org/snapshot/panlex-20191001-csv/1573#50091002>				<https://panlex.org/snapshot/panlex-20191001-csv/1573#50090988>		"лыкьын сипІин"@rut	
"гъола"@tin	<https://panlex.org/snapshot/panlex-20191001-csv/1573#50083765>				<https://panlex.org/snapshot/panlex-20191001-csv/1573#50083725>		"бан"@rut	
"гьалагаб"@tin	<https://panlex.org/snapshot/panlex-20191001-csv/1573#50086444>				<https://panlex.org/snapshot/panlex-20191001-csv/1573#50086428>		"дайрагь лывырхын"@rut	
"ракъдаллъар"@tin	<https://panlex.org/snapshot/panlex-20191001-csv/1573#50085031>				<https://panlex.org/snapshot/panlex-20191001-csv/1573#50085021>		"дуьнйаьдид сур"@rut	
"гьач̄и бещдуб"@tin	<https://panlex.org/snapshot/panlex-20191001-csv/1573#50086272>				<https://panlex.org/snapshot/panlex-20191001-csv/1573#50086256>		"сывхыд"@rut	
"гьач̄и бещдуб"@tin	<https://panlex.org/snapshot/panlex-20191001-csv/1573#50086272>				<https://panlex.org/snapshot/panlex-20191001-csv/1573#50086255>		"гивхьид"@rut	
"х̄ваᴴй"@tin	<https://panlex.org/snapshot/panlex-20191001-csv/1573#50088786>				<https://panlex.org/snapshot/panlex-20191001-csv/1573#50088766>		"бугъаІл"@rut	
"лъес̄а"@tin	<https://panlex.org/snapshot/panlex-20191001-csv/1573#50088571>				<https://panlex.org/snapshot/panlex-20191001-csv/1573#50088523>		"вах"@rut	
"лъес̄а"@tin	<https://panlex.org/snapshot/panlex-20191001-csv/1573#50088571>				<https://panlex.org/snapshot/panlex-20191001-csv/1573#50088524>		"мири"@rut	
"ракъар"@tin	<https://panlex.org/snapshot/panlex-20191001-csv/1573#50081904>				<https://panlex.org/snapshot/panlex-20191001-csv/1573#50081880>		"дуьнйа"@rut	
"игьура"@tin	<https://panlex.org/snapshot/panlex-20191001-csv/1573#50087072>				<https://panlex.org/snapshot/panlex-20191001-csv/1573#50087044>		"уьр"@rut	
"уᴴщи"@tin	<https://panlex.org/snapshot/panlex-20191001-csv/1573#50082562>				<https://panlex.org/snapshot/panlex-20191001-csv/1573#50082523>		"накьв"@rut	
"уᴴщи"@tin	<https://panlex.org/snapshot/panlex-20191001-csv/1573#50082562>				<https://panlex.org/snapshot/panlex-20191001-csv/1573#50082524>		"чІир"@rut	
"уᴴщи"@tin	<https://panlex.org/snapshot/panlex-20191001-csv/1573#50082242>				<https://panlex.org/snapshot/panlex-20191001-csv/1573#50082196>		"накьв"@rut	
"уᴴщи"@tin	<https://panlex.org/snapshot/panlex-20191001-csv/1573#50082242>				<https://panlex.org/snapshot/panlex-20191001-csv/1573#50082195>		"гьуІкйумет"@rut	
"селу"@tin	<https://panlex.org/snapshot/panlex-20191001-csv/1573#50083374>				<https://panlex.org/snapshot/panlex-20191001-csv/1573#50083352>		"сецІ"@rut	
"бегьа"@tin	<https://panlex.org/snapshot/panlex-20191001-csv/1573#50088568>				<https://panlex.org/snapshot/panlex-20191001-csv/1573#50088523>		"вах"@rut	
"бегьа"@tin	<https://panlex.org/snapshot/panlex-20191001-csv/1573#50088568>				<https://panlex.org/snapshot/panlex-20191001-csv/1573#50088524>		"мири"@rut	
"чвачва"@tin	<https://panlex.org/snapshot/panlex-20191001-csv/1573#50089606>				<https://panlex.org/snapshot/panlex-20191001-csv/1573#50089594>		"маІгаІлихьде"@rut	
"кьва̄"@tin	<https://panlex.org/snapshot/panlex-20191001-csv/1573#50084081>				<https://panlex.org/snapshot/panlex-20191001-csv/1573#50084058>		"къас"@rut	
"кьва̄"@tin	<https://panlex.org/snapshot/panlex-20191001-csv/1573#50084081>				<https://panlex.org/snapshot/panlex-20191001-csv/1573#50084059>		"кьул"@rut	
"кьва̄"@tin	<https://panlex.org/snapshot/panlex-20191001-csv/1573#50084081>				<https://panlex.org/snapshot/panlex-20191001-csv/1573#50084057>		"къала"@rut	
"беса"@tin	<https://panlex.org/snapshot/panlex-20191001-csv/1573#50083764>				<https://panlex.org/snapshot/panlex-20191001-csv/1573#50083725>		"бан"@rut	
"чІинкІиллъи"@tin	<https://panlex.org/snapshot/panlex-20191001-csv/1573#50084869>				<https://panlex.org/snapshot/panlex-20191001-csv/1573#50084853>		"хьидид йыкьаІ аднакьв"@rut	
"гьиᴴцІа"@tin	<https://panlex.org/snapshot/panlex-20191001-csv/1573#50090793>				<https://panlex.org/snapshot/panlex-20191001-csv/1573#50090754>		"дагьар"@rut	
"гьиᴴцІа"@tin	<https://panlex.org/snapshot/panlex-20191001-csv/1573#50090793>				<https://panlex.org/snapshot/panlex-20191001-csv/1573#50090755>		"духул"@rut	
"улка"@tin	<https://panlex.org/snapshot/panlex-20191001-csv/1573#50082241>				<https://panlex.org/snapshot/panlex-20191001-csv/1573#50082196>		"накьв"@rut	
"улка"@tin	<https://panlex.org/snapshot/panlex-20191001-csv/1573#50082241>				<https://panlex.org/snapshot/panlex-20191001-csv/1573#50082195>		"гьуІкйумет"@rut	
"милъи"@tin	<https://panlex.org/snapshot/panlex-20191001-csv/1573#50091497>				<https://panlex.org/snapshot/panlex-20191001-csv/1573#50091475>		"виригъ"@rut	
"релъа"@tin	<https://panlex.org/snapshot/panlex-20191001-csv/1573#50086084>				<https://panlex.org/snapshot/panlex-20191001-csv/1573#50086062>		"дайрагь"@rut	
"гъуй"@tin	<https://panlex.org/snapshot/panlex-20191001-csv/1573#50089146>				<https://panlex.org/snapshot/panlex-20191001-csv/1573#50089116>		"хьед ад къуй"@rut	
"гъуй"@tin	<https://panlex.org/snapshot/panlex-20191001-csv/1573#50089146>				<https://panlex.org/snapshot/panlex-20191001-csv/1573#50089115>		"былах"@rut	
"регьан"@tin	<https://panlex.org/snapshot/panlex-20191001-csv/1573#50091243>				<https://panlex.org/snapshot/panlex-20191001-csv/1573#50091219>		"хаІл"@rut	
"гІатІиракьи"@tin	<https://panlex.org/snapshot/panlex-20191001-csv/1573#50084426>				<https://panlex.org/snapshot/panlex-20191001-csv/1573#50084395>		"чул"@rut	
"гІатІиракьи"@tin	<https://panlex.org/snapshot/panlex-20191001-csv/1573#50084426>				<https://panlex.org/snapshot/panlex-20191001-csv/1573#50084394>		"дуьзен"@rut	
"бала"@tin	<https://panlex.org/snapshot/panlex-20191001-csv/1573#50085344>				<https://panlex.org/snapshot/panlex-20191001-csv/1573#50085306>		"къирах"@rut	
"бала"@tin	<https://panlex.org/snapshot/panlex-20191001-csv/1573#50085344>				<https://panlex.org/snapshot/panlex-20191001-csv/1573#50085307>		"къирахбыр"@rut	
"кˀита"@tin	<https://panlex.org/snapshot/panlex-20191001-csv/1573#50088570>				<https://panlex.org/snapshot/panlex-20191001-csv/1573#50088523>		"вах"@rut	
"кˀита"@tin	<https://panlex.org/snapshot/panlex-20191001-csv/1573#50088570>				<https://panlex.org/snapshot/panlex-20191001-csv/1573#50088524>		"мири"@rut	
"хъупи"@tin	<https://panlex.org/snapshot/panlex-20191001-csv/1573#50083128>				<https://panlex.org/snapshot/panlex-20191001-csv/1573#50083103>		"лар"@rut	
"хъупи"@tin	<https://panlex.org/snapshot/panlex-20191001-csv/1573#50083128>				<https://panlex.org/snapshot/panlex-20191001-csv/1573#50083104>		"палчикь"@rut	
"чаракван"@tin	<https://panlex.org/snapshot/panlex-20191001-csv/1573#50087821>				<https://panlex.org/snapshot/panlex-20191001-csv/1573#50087801>		"лепе"@rut	
"лълъе̄ᴴ"@tin	<https://panlex.org/snapshot/panlex-20191001-csv/1573#50085853>				<https://panlex.org/snapshot/panlex-20191001-csv/1573#50085824>		"хьед"@rut	
"кьиба"@tin	<https://panlex.org/snapshot/panlex-20191001-csv/1573#50086647>				<https://panlex.org/snapshot/panlex-20191001-csv/1573#50086626>		"хурт"@rut	
"гьакьухиндал"@tin	<https://panlex.org/snapshot/panlex-20191001-csv/2892#110824103>				<https://panlex.org/snapshot/panlex-20191001-csv/2892#110824315>		"киш"@rut	
"сери-зебу"@tin	<https://panlex.org/snapshot/panlex-20191001-csv/2892#110825276>				<https://panlex.org/snapshot/panlex-20191001-csv/2892#110825392>		"улджумад наӏх"@rut	
"рузмай"@tin	<https://panlex.org/snapshot/panlex-20191001-csv/2892#110825971>				<https://panlex.org/snapshot/panlex-20191001-csv/2892#110825725>		"улджумад йыгъ"@rut	
"цӏабай"@tin	<https://panlex.org/snapshot/panlex-20191001-csv/2892#110826890>				<https://panlex.org/snapshot/panlex-20191001-csv/2892#110826892>		"базар"@rut	
"цӏабай"@tin	<https://panlex.org/snapshot/panlex-20191001-csv/2892#110826890>				<https://panlex.org/snapshot/panlex-20191001-csv/2892#110826994>		"вахадный"@rut	
"гьойзебу"@tin	<https://panlex.org/snapshot/panlex-20191001-csv/2892#110824579>				<https://panlex.org/snapshot/panlex-20191001-csv/2892#110824444>		"саласа"@rut	
"арбагӏ"@tin	<https://panlex.org/snapshot/panlex-20191001-csv/2892#110825153>				<https://panlex.org/snapshot/panlex-20191001-csv/2892#110824921>		"гьаӏрба"@rut	
"шамати"@tin	<https://panlex.org/snapshot/panlex-20191001-csv/2892#110826320>				<https://panlex.org/snapshot/panlex-20191001-csv/2892#110826324>		"сифтин"@rut	
