"ਜਲ"@pa	<https://panlex.org/snapshot/panlex-20191001-csv/12#851100>				<https://panlex.org/snapshot/panlex-20191001-csv/12#851025>		"wei"@loj	
"ਆਬ"@pa	<https://panlex.org/snapshot/panlex-20191001-csv/12#851099>				<https://panlex.org/snapshot/panlex-20191001-csv/12#851025>		"wei"@loj	
"ਪਾਣੀ"@pa	<https://panlex.org/snapshot/panlex-20191001-csv/12#851101>				<https://panlex.org/snapshot/panlex-20191001-csv/12#851025>		"wei"@loj	
"ਜਲ"@pa	<https://panlex.org/snapshot/panlex-20191001-csv/11#787697>				<https://panlex.org/snapshot/panlex-20191001-csv/11#787630>		"wei"@loj	
"ਪਾਣੀ"@pa	<https://panlex.org/snapshot/panlex-20191001-csv/11#787698>				<https://panlex.org/snapshot/panlex-20191001-csv/11#787630>		"wei"@loj	
"ਆਬ"@pa	<https://panlex.org/snapshot/panlex-20191001-csv/11#787696>				<https://panlex.org/snapshot/panlex-20191001-csv/11#787630>		"wei"@loj	
