"Ukureini"@nyn	<https://panlex.org/snapshot/panlex-20191001-csv/6898#113600759>				<https://panlex.org/snapshot/panlex-20191001-csv/6898#113600928>		"युक्रेन"@npi	
"Arigentina"@nyn	<https://panlex.org/snapshot/panlex-20191001-csv/6898#113642179>				<https://panlex.org/snapshot/panlex-20191001-csv/6898#113642241>		"अर्जेन्टिना"@npi	
"Chadi"@nyn	<https://panlex.org/snapshot/panlex-20191001-csv/6898#113643327>				<https://panlex.org/snapshot/panlex-20191001-csv/6898#113643399>		"चाड"@npi	
"Tairandi"@nyn	<https://panlex.org/snapshot/panlex-20191001-csv/6898#113603745>				<https://panlex.org/snapshot/panlex-20191001-csv/6898#113603662>		"थाइल्याण्ड"@npi	
"Benini"@nyn	<https://panlex.org/snapshot/panlex-20191001-csv/6898#113607563>				<https://panlex.org/snapshot/panlex-20191001-csv/6898#113607511>		"बेनिन"@npi	
"Venezuwera"@nyn	<https://panlex.org/snapshot/panlex-20191001-csv/6898#113597471>				<https://panlex.org/snapshot/panlex-20191001-csv/6898#113597545>		"भेनेजुएला"@npi	
"Misiri"@nyn	<https://panlex.org/snapshot/panlex-20191001-csv/6898#113604576>				<https://panlex.org/snapshot/panlex-20191001-csv/6898#113604610>		"इजिप्ट"@npi	
"Kirigizistani"@nyn	<https://panlex.org/snapshot/panlex-20191001-csv/6898#113627375>				<https://panlex.org/snapshot/panlex-20191001-csv/6898#113627387>		"किर्गिस्थान"@npi	
"Maridives"@nyn	<https://panlex.org/snapshot/panlex-20191001-csv/6898#113641810>				<https://panlex.org/snapshot/panlex-20191001-csv/6898#113641744>		"माल्दिभ्स"@npi	
"Noorwe"@nyn	<https://panlex.org/snapshot/panlex-20191001-csv/6898#113609885>				<https://panlex.org/snapshot/panlex-20191001-csv/6898#113609852>		"नर्वे"@npi	
"Liberiya"@nyn	<https://panlex.org/snapshot/panlex-20191001-csv/6898#113605595>				<https://panlex.org/snapshot/panlex-20191001-csv/6898#113605504>		"लाइबेरिया"@npi	
"Saipurasi"@nyn	<https://panlex.org/snapshot/panlex-20191001-csv/6898#113631759>				<https://panlex.org/snapshot/panlex-20191001-csv/6898#113631790>		"साइप्रस"@npi	
"Martinique"@nyn	<https://panlex.org/snapshot/panlex-20191001-csv/6898#113586006>				<https://panlex.org/snapshot/panlex-20191001-csv/6898#113586058>		"मार्टिनिक"@npi	
"Osituria"@nyn	<https://panlex.org/snapshot/panlex-20191001-csv/6898#113616236>				<https://panlex.org/snapshot/panlex-20191001-csv/6898#113616283>		"अष्ट्रिया"@npi	
"Arimeniya"@nyn	<https://panlex.org/snapshot/panlex-20191001-csv/6898#113596504>				<https://panlex.org/snapshot/panlex-20191001-csv/6898#113596536>		"आर्मेनिया"@npi	
"Kameruuni"@nyn	<https://panlex.org/snapshot/panlex-20191001-csv/6898#113639116>				<https://panlex.org/snapshot/panlex-20191001-csv/6898#113638998>		"क्यामरून"@npi	
"Eriteriya"@nyn	<https://panlex.org/snapshot/panlex-20191001-csv/6898#113587086>				<https://panlex.org/snapshot/panlex-20191001-csv/6898#113587059>		"एरित्रिया"@npi	
"Guyana ya Bufaransa"@nyn	<https://panlex.org/snapshot/panlex-20191001-csv/6898#113644463>				<https://panlex.org/snapshot/panlex-20191001-csv/6898#113644493>		"फ्रान्सेली गायना"@npi	
"Kambodiya"@nyn	<https://panlex.org/snapshot/panlex-20191001-csv/6898#113591804>				<https://panlex.org/snapshot/panlex-20191001-csv/6898#113591838>		"कम्बोडिया"@npi	
"Singapo"@nyn	<https://panlex.org/snapshot/panlex-20191001-csv/6898#113604934>				<https://panlex.org/snapshot/panlex-20191001-csv/6898#113605005>		"सिङ्गापुर"@npi	
"Swideni"@nyn	<https://panlex.org/snapshot/panlex-20191001-csv/6898#113639888>				<https://panlex.org/snapshot/panlex-20191001-csv/6898#113639825>		"स्विडेन"@npi	
"Guyana"@nyn	<https://panlex.org/snapshot/panlex-20191001-csv/6898#113628046>				<https://panlex.org/snapshot/panlex-20191001-csv/6898#113628022>		"गुयाना"@npi	
"Tuvaru"@nyn	<https://panlex.org/snapshot/panlex-20191001-csv/6898#113610366>				<https://panlex.org/snapshot/panlex-20191001-csv/6898#113610230>		"तुभालु"@npi	
"Ebizinga bya Kepuvade"@nyn	<https://panlex.org/snapshot/panlex-20191001-csv/6898#113629325>				<https://panlex.org/snapshot/panlex-20191001-csv/6898#113629257>		"केप भर्डे"@npi	
"Vanuatu"@nyn	<https://panlex.org/snapshot/panlex-20191001-csv/6898#113628947>				<https://panlex.org/snapshot/panlex-20191001-csv/6898#113628926>		"भानुआतु"@npi	
"Uzibekisitani"@nyn	<https://panlex.org/snapshot/panlex-20191001-csv/6898#113637197>				<https://panlex.org/snapshot/panlex-20191001-csv/6898#113637228>		"उज्बेकिस्तान"@npi	
"Somaariya"@nyn	<https://panlex.org/snapshot/panlex-20191001-csv/6898#113608441>				<https://panlex.org/snapshot/panlex-20191001-csv/6898#113608546>		"सोमालिया"@npi	
"Nikaragwa"@nyn	<https://panlex.org/snapshot/panlex-20191001-csv/6898#113611279>				<https://panlex.org/snapshot/panlex-20191001-csv/6898#113611261>		"निकारागुवा"@npi	
"Papua"@nyn	<https://panlex.org/snapshot/panlex-20191001-csv/6898#113614919>				<https://panlex.org/snapshot/panlex-20191001-csv/6898#113614918>		"पपुआ न्यू गाइनिया"@npi	
"Aisilandi"@nyn	<https://panlex.org/snapshot/panlex-20191001-csv/6898#113601135>				<https://panlex.org/snapshot/panlex-20191001-csv/6898#113601041>		"आइस्ल्याण्ड"@npi	
"Sausi Afirika"@nyn	<https://panlex.org/snapshot/panlex-20191001-csv/6898#113613527>				<https://panlex.org/snapshot/panlex-20191001-csv/6898#113613580>		"दक्षिण अफ्रिका"@npi	
"Tokerawu"@nyn	<https://panlex.org/snapshot/panlex-20191001-csv/6898#113615914>				<https://panlex.org/snapshot/panlex-20191001-csv/6898#113615885>		"तोकेलाउ"@npi	
"Angora"@nyn	<https://panlex.org/snapshot/panlex-20191001-csv/6898#113600077>				<https://panlex.org/snapshot/panlex-20191001-csv/6898#113600024>		"अङ्गोला"@npi	
"Gambiya"@nyn	<https://panlex.org/snapshot/panlex-20191001-csv/6898#113631291>				<https://panlex.org/snapshot/panlex-20191001-csv/6898#113631362>		"गाम्विया"@npi	
"Guni"@nyn	<https://panlex.org/snapshot/panlex-20191001-csv/6898#113633915>				<https://panlex.org/snapshot/panlex-20191001-csv/6898#113633941>		"भू-मध्यीय गिनी"@npi	
"Ekizinga Norifoko"@nyn	<https://panlex.org/snapshot/panlex-20191001-csv/6898#113642283>				<https://panlex.org/snapshot/panlex-20191001-csv/6898#113642278>		"नोरफोल्क टापु"@npi	
"Esitoniya"@nyn	<https://panlex.org/snapshot/panlex-20191001-csv/6898#113601425>				<https://panlex.org/snapshot/panlex-20191001-csv/6898#113601432>		"इस्टोनिया"@npi	
"Marawi"@nyn	<https://panlex.org/snapshot/panlex-20191001-csv/6898#113584005>				<https://panlex.org/snapshot/panlex-20191001-csv/6898#113584042>		"मालावी"@npi	
"Tajikisitani"@nyn	<https://panlex.org/snapshot/panlex-20191001-csv/6898#113590225>				<https://panlex.org/snapshot/panlex-20191001-csv/6898#113590203>		"ताजिकिस्तान"@npi	
"Nepo"@nyn	<https://panlex.org/snapshot/panlex-20191001-csv/6898#113584192>				<https://panlex.org/snapshot/panlex-20191001-csv/6898#113584234>		"नेपाल"@npi	
"Togo"@nyn	<https://panlex.org/snapshot/panlex-20191001-csv/6898#113613732>				<https://panlex.org/snapshot/panlex-20191001-csv/6898#113613826>		"टोगो"@npi	
"Siriya"@nyn	<https://panlex.org/snapshot/panlex-20191001-csv/6898#113598707>				<https://panlex.org/snapshot/panlex-20191001-csv/6898#113598579>		"सिरिया"@npi	
"Haiti"@nyn	<https://panlex.org/snapshot/panlex-20191001-csv/6898#113634678>				<https://panlex.org/snapshot/panlex-20191001-csv/6898#113634649>		"हैटी"@npi	
"Kiribati"@nyn	<https://panlex.org/snapshot/panlex-20191001-csv/6898#113603114>				<https://panlex.org/snapshot/panlex-20191001-csv/6898#113603140>		"किरिबाटी"@npi	
"Burugariya"@nyn	<https://panlex.org/snapshot/panlex-20191001-csv/6898#113631193>				<https://panlex.org/snapshot/panlex-20191001-csv/6898#113631084>		"बुल्गेरिया"@npi	
"Lesotho"@nyn	<https://panlex.org/snapshot/panlex-20191001-csv/6898#113594674>				<https://panlex.org/snapshot/panlex-20191001-csv/6898#113594854>		"लेसोथो"@npi	
"Zimbabwe"@nyn	<https://panlex.org/snapshot/panlex-20191001-csv/6898#113583716>				<https://panlex.org/snapshot/panlex-20191001-csv/6898#113583752>		"जिम्बाबे"@npi	
"Lakizembaaga"@nyn	<https://panlex.org/snapshot/panlex-20191001-csv/6898#113640962>				<https://panlex.org/snapshot/panlex-20191001-csv/6898#113640991>		"लक्जेमबर्ग"@npi	
"Gwatemara"@nyn	<https://panlex.org/snapshot/panlex-20191001-csv/6898#113600514>				<https://panlex.org/snapshot/panlex-20191001-csv/6898#113600359>		"ग्वाटेमाला"@npi	
"Buturuki /Take"@nyn	<https://panlex.org/snapshot/panlex-20191001-csv/6898#113612035>				<https://panlex.org/snapshot/panlex-20191001-csv/6898#113611962>		"टर्की"@npi	
"Peru"@nyn	<https://panlex.org/snapshot/panlex-20191001-csv/6898#113593756>				<https://panlex.org/snapshot/panlex-20191001-csv/6898#113593670>		"पेरू"@npi	
"Riyuniyoni"@nyn	<https://panlex.org/snapshot/panlex-20191001-csv/6898#113591601>				<https://panlex.org/snapshot/panlex-20191001-csv/6898#113591605>		"रियुनियन"@npi	
"Gana"@nyn	<https://panlex.org/snapshot/panlex-20191001-csv/6898#113645486>				<https://panlex.org/snapshot/panlex-20191001-csv/6898#113645493>		"घाना"@npi	
"Arubania"@nyn	<https://panlex.org/snapshot/panlex-20191001-csv/6898#113637690>				<https://panlex.org/snapshot/panlex-20191001-csv/6898#113637724>		"अल्बानिया"@npi	
"Parestiina na Gaza"@nyn	<https://panlex.org/snapshot/panlex-20191001-csv/6898#113586334>				<https://panlex.org/snapshot/panlex-20191001-csv/6898#113586255>		"प्यालेसटाइन"@npi	
"Parestiina na Gaza"@nyn	<https://panlex.org/snapshot/panlex-20191001-csv/6898#113586334>				<https://panlex.org/snapshot/panlex-20191001-csv/6898#113586400>		"प्यालेस्टनी भू-भागहरु"@npi	
