"Ukureini"@nyn	<https://panlex.org/snapshot/panlex-20191001-csv/6898#113600759>				<https://panlex.org/snapshot/panlex-20191001-csv/6898#113600811>		"Ukrɛn"@nmg	
"Arigentina"@nyn	<https://panlex.org/snapshot/panlex-20191001-csv/6898#113642179>				<https://panlex.org/snapshot/panlex-20191001-csv/6898#113642082>		"Argentína"@nmg	
"Chadi"@nyn	<https://panlex.org/snapshot/panlex-20191001-csv/6898#113643327>				<https://panlex.org/snapshot/panlex-20191001-csv/6898#113643362>		"Tshad"@nmg	
"Tairandi"@nyn	<https://panlex.org/snapshot/panlex-20191001-csv/6898#113603745>				<https://panlex.org/snapshot/panlex-20191001-csv/6898#113603719>		"Taïland"@nmg	
"Benini"@nyn	<https://panlex.org/snapshot/panlex-20191001-csv/6898#113607563>				<https://panlex.org/snapshot/panlex-20191001-csv/6898#113607559>		"Benin"@nmg	
"Venezuwera"@nyn	<https://panlex.org/snapshot/panlex-20191001-csv/6898#113597471>				<https://panlex.org/snapshot/panlex-20191001-csv/6898#113597466>		"Vǝnǝzuela"@nmg	
"Misiri"@nyn	<https://panlex.org/snapshot/panlex-20191001-csv/6898#113604576>				<https://panlex.org/snapshot/panlex-20191001-csv/6898#113604626>		"Ägyptɛn"@nmg	
"Kirigizistani"@nyn	<https://panlex.org/snapshot/panlex-20191001-csv/6898#113627375>				<https://panlex.org/snapshot/panlex-20191001-csv/6898#113627261>		"Kyrgystaŋ"@nmg	
"Maridives"@nyn	<https://panlex.org/snapshot/panlex-20191001-csv/6898#113641810>				<https://panlex.org/snapshot/panlex-20191001-csv/6898#113641698>		"Maldivia"@nmg	
"Noorwe"@nyn	<https://panlex.org/snapshot/panlex-20191001-csv/6898#113609885>				<https://panlex.org/snapshot/panlex-20191001-csv/6898#113609914>		"Nɔrvɛg"@nmg	
"Liberiya"@nyn	<https://panlex.org/snapshot/panlex-20191001-csv/6898#113605595>				<https://panlex.org/snapshot/panlex-20191001-csv/6898#113605491>		"Liberia"@nmg	
"Saipurasi"@nyn	<https://panlex.org/snapshot/panlex-20191001-csv/6898#113631759>				<https://panlex.org/snapshot/panlex-20191001-csv/6898#113631748>		"Sipria"@nmg	
"Martinique"@nyn	<https://panlex.org/snapshot/panlex-20191001-csv/6898#113586006>				<https://panlex.org/snapshot/panlex-20191001-csv/6898#113585985>		"Martinika"@nmg	
"Osituria"@nyn	<https://panlex.org/snapshot/panlex-20191001-csv/6898#113616236>				<https://panlex.org/snapshot/panlex-20191001-csv/6898#113616273>		"Ötrish"@nmg	
"Arimeniya"@nyn	<https://panlex.org/snapshot/panlex-20191001-csv/6898#113596504>				<https://panlex.org/snapshot/panlex-20191001-csv/6898#113596556>		"Arménia"@nmg	
"Kameruuni"@nyn	<https://panlex.org/snapshot/panlex-20191001-csv/6898#113639116>				<https://panlex.org/snapshot/panlex-20191001-csv/6898#113639146>		"Kamerun"@nmg	
"Eriteriya"@nyn	<https://panlex.org/snapshot/panlex-20191001-csv/6898#113587086>				<https://panlex.org/snapshot/panlex-20191001-csv/6898#113586890>		"Erytrea"@nmg	
"Guyana ya Bufaransa"@nyn	<https://panlex.org/snapshot/panlex-20191001-csv/6898#113644463>				<https://panlex.org/snapshot/panlex-20191001-csv/6898#113644451>		"Guyane Fala"@nmg	
"Kambodiya"@nyn	<https://panlex.org/snapshot/panlex-20191001-csv/6898#113591804>				<https://panlex.org/snapshot/panlex-20191001-csv/6898#113591928>		"Kambodia"@nmg	
"Singapo"@nyn	<https://panlex.org/snapshot/panlex-20191001-csv/6898#113604934>				<https://panlex.org/snapshot/panlex-20191001-csv/6898#113604935>		"Singapur"@nmg	
"Swideni"@nyn	<https://panlex.org/snapshot/panlex-20191001-csv/6898#113639888>				<https://panlex.org/snapshot/panlex-20191001-csv/6898#113639922>		"Suɛd"@nmg	
"Guyana"@nyn	<https://panlex.org/snapshot/panlex-20191001-csv/6898#113628046>				<https://panlex.org/snapshot/panlex-20191001-csv/6898#113628016>		"Guyana"@nmg	
"Tuvaru"@nyn	<https://panlex.org/snapshot/panlex-20191001-csv/6898#113610366>				<https://panlex.org/snapshot/panlex-20191001-csv/6898#113610307>		"Tuvalú"@nmg	
"Ebizinga bya Kepuvade"@nyn	<https://panlex.org/snapshot/panlex-20191001-csv/6898#113629325>				<https://panlex.org/snapshot/panlex-20191001-csv/6898#113629272>		"Maŋ́ má Kapvɛr"@nmg	
"Vanuatu"@nyn	<https://panlex.org/snapshot/panlex-20191001-csv/6898#113628947>				<https://panlex.org/snapshot/panlex-20191001-csv/6898#113628911>		"Vanuatu"@nmg	
"Uzibekisitani"@nyn	<https://panlex.org/snapshot/panlex-20191001-csv/6898#113637197>				<https://panlex.org/snapshot/panlex-20191001-csv/6898#113637208>		"Usbǝkistaŋ"@nmg	
"Somaariya"@nyn	<https://panlex.org/snapshot/panlex-20191001-csv/6898#113608441>				<https://panlex.org/snapshot/panlex-20191001-csv/6898#113608428>		"Somália"@nmg	
"Nikaragwa"@nyn	<https://panlex.org/snapshot/panlex-20191001-csv/6898#113611279>				<https://panlex.org/snapshot/panlex-20191001-csv/6898#113611272>		"Nikaragua"@nmg	
"Papua"@nyn	<https://panlex.org/snapshot/panlex-20191001-csv/6898#113614919>				<https://panlex.org/snapshot/panlex-20191001-csv/6898#113614921>		"Guine Papuasi"@nmg	
"Aisilandi"@nyn	<https://panlex.org/snapshot/panlex-20191001-csv/6898#113601135>				<https://panlex.org/snapshot/panlex-20191001-csv/6898#113601056>		"Island"@nmg	
"Sausi Afirika"@nyn	<https://panlex.org/snapshot/panlex-20191001-csv/6898#113613527>				<https://panlex.org/snapshot/panlex-20191001-csv/6898#113613667>		"Afríka yí sí"@nmg	
"Tokerawu"@nyn	<https://panlex.org/snapshot/panlex-20191001-csv/6898#113615914>				<https://panlex.org/snapshot/panlex-20191001-csv/6898#113615883>		"Tokelo"@nmg	
"Angora"@nyn	<https://panlex.org/snapshot/panlex-20191001-csv/6898#113600077>				<https://panlex.org/snapshot/panlex-20191001-csv/6898#113599946>		"Angola"@nmg	
"Gambiya"@nyn	<https://panlex.org/snapshot/panlex-20191001-csv/6898#113631291>				<https://panlex.org/snapshot/panlex-20191001-csv/6898#113631236>		"Gambia"@nmg	
"Guni"@nyn	<https://panlex.org/snapshot/panlex-20191001-csv/6898#113633915>				<https://panlex.org/snapshot/panlex-20191001-csv/6898#113634018>		"Guine Ekuatorial"@nmg	
"Ekizinga Norifoko"@nyn	<https://panlex.org/snapshot/panlex-20191001-csv/6898#113642283>				<https://panlex.org/snapshot/panlex-20191001-csv/6898#113642331>		"Maŋ́ má Nɔrfɔrk"@nmg	
"Esitoniya"@nyn	<https://panlex.org/snapshot/panlex-20191001-csv/6898#113601425>				<https://panlex.org/snapshot/panlex-20191001-csv/6898#113601470>		"Ɛstonia"@nmg	
"Marawi"@nyn	<https://panlex.org/snapshot/panlex-20191001-csv/6898#113584005>				<https://panlex.org/snapshot/panlex-20191001-csv/6898#113584014>		"Malawi"@nmg	
"Tajikisitani"@nyn	<https://panlex.org/snapshot/panlex-20191001-csv/6898#113590225>				<https://panlex.org/snapshot/panlex-20191001-csv/6898#113590164>		"Tajikistaŋ"@nmg	
"Nepo"@nyn	<https://panlex.org/snapshot/panlex-20191001-csv/6898#113584192>				<https://panlex.org/snapshot/panlex-20191001-csv/6898#113584077>		"Nepal"@nmg	
"Togo"@nyn	<https://panlex.org/snapshot/panlex-20191001-csv/6898#113613732>				<https://panlex.org/snapshot/panlex-20191001-csv/6898#113613880>		"Togo"@nmg	
"Siriya"@nyn	<https://panlex.org/snapshot/panlex-20191001-csv/6898#113598707>				<https://panlex.org/snapshot/panlex-20191001-csv/6898#113598685>		"Syria"@nmg	
"Haiti"@nyn	<https://panlex.org/snapshot/panlex-20191001-csv/6898#113634678>				<https://panlex.org/snapshot/panlex-20191001-csv/6898#113634490>		"Haïti"@nmg	
"Kiribati"@nyn	<https://panlex.org/snapshot/panlex-20191001-csv/6898#113603114>				<https://panlex.org/snapshot/panlex-20191001-csv/6898#113603076>		"Kiribati"@nmg	
"Burugariya"@nyn	<https://panlex.org/snapshot/panlex-20191001-csv/6898#113631193>				<https://panlex.org/snapshot/panlex-20191001-csv/6898#113631075>		"Bulgaria"@nmg	
"Lesotho"@nyn	<https://panlex.org/snapshot/panlex-20191001-csv/6898#113594674>				<https://panlex.org/snapshot/panlex-20191001-csv/6898#113594691>		"Lesoto"@nmg	
"Zimbabwe"@nyn	<https://panlex.org/snapshot/panlex-20191001-csv/6898#113583716>				<https://panlex.org/snapshot/panlex-20191001-csv/6898#113583669>		"Zimbabwǝ"@nmg	
"Lakizembaaga"@nyn	<https://panlex.org/snapshot/panlex-20191001-csv/6898#113640962>				<https://panlex.org/snapshot/panlex-20191001-csv/6898#113641022>		"Luxembourg"@nmg	
"Gwatemara"@nyn	<https://panlex.org/snapshot/panlex-20191001-csv/6898#113600514>				<https://panlex.org/snapshot/panlex-20191001-csv/6898#113600461>		"Guatemala"@nmg	
"Buturuki /Take"@nyn	<https://panlex.org/snapshot/panlex-20191001-csv/6898#113612035>				<https://panlex.org/snapshot/panlex-20191001-csv/6898#113612004>		"Turki"@nmg	
"Peru"@nyn	<https://panlex.org/snapshot/panlex-20191001-csv/6898#113593756>				<https://panlex.org/snapshot/panlex-20191001-csv/6898#113593692>		"Peru"@nmg	
"Riyuniyoni"@nyn	<https://panlex.org/snapshot/panlex-20191001-csv/6898#113591601>				<https://panlex.org/snapshot/panlex-20191001-csv/6898#113591636>		"Réuniɔn"@nmg	
"Gana"@nyn	<https://panlex.org/snapshot/panlex-20191001-csv/6898#113645486>				<https://panlex.org/snapshot/panlex-20191001-csv/6898#113645498>		"Gána"@nmg	
"Arubania"@nyn	<https://panlex.org/snapshot/panlex-20191001-csv/6898#113637690>				<https://panlex.org/snapshot/panlex-20191001-csv/6898#113637627>		"Albania"@nmg	
"Parestiina na Gaza"@nyn	<https://panlex.org/snapshot/panlex-20191001-csv/6898#113586334>				<https://panlex.org/snapshot/panlex-20191001-csv/6898#113586319>		"Palɛstin"@nmg	
