"гьатӏан"@kva	<https://panlex.org/snapshot/panlex-20191001-csv/2892#110826900>				<https://panlex.org/snapshot/panlex-20191001-csv/2892#110826772>		"Zwj hnub"@mww	
"гьатӏан"@kva	<https://panlex.org/snapshot/panlex-20191001-csv/2892#110826900>				<https://panlex.org/snapshot/panlex-20191001-csv/2892#110826631>		"𖬖𖬲𖬜 𖬙𖬝𖬰 𖬆𖬩"@mww	
"гьатӏан"@kva	<https://panlex.org/snapshot/panlex-20191001-csv/2892#110826900>				<https://panlex.org/snapshot/panlex-20191001-csv/2892#110826712>		"𖬘𖬲𖬥𖬰 𖬆𖬩"@mww	
"гьатӏан"@kva	<https://panlex.org/snapshot/panlex-20191001-csv/2892#110826900>				<https://panlex.org/snapshot/panlex-20191001-csv/2892#110826593>		"Vaj tswv hnub"@mww	
"итни"@kva	<https://panlex.org/snapshot/panlex-20191001-csv/2892#110824108>				<https://panlex.org/snapshot/panlex-20191001-csv/2892#110824066>		"Zwj hli"@mww	
"итни"@kva	<https://panlex.org/snapshot/panlex-20191001-csv/2892#110824108>				<https://panlex.org/snapshot/panlex-20191001-csv/2892#110824006>		"𖬘𖬲𖬥𖬰 𖬃𖬰𖬥"@mww	
"рузман"@kva	<https://panlex.org/snapshot/panlex-20191001-csv/2892#110825857>				<https://panlex.org/snapshot/panlex-20191001-csv/2892#110826015>		"Zwj kuab"@mww	
"рузман"@kva	<https://panlex.org/snapshot/panlex-20191001-csv/2892#110825857>				<https://panlex.org/snapshot/panlex-20191001-csv/2892#110825909>		"𖬘𖬲𖬥𖬰 𖬆"@mww	
"талат"@kva	<https://panlex.org/snapshot/panlex-20191001-csv/2892#110824533>				<https://panlex.org/snapshot/panlex-20191001-csv/2892#110824832>		"Zwj quag"@mww	
"талат"@kva	<https://panlex.org/snapshot/panlex-20191001-csv/2892#110824533>				<https://panlex.org/snapshot/panlex-20191001-csv/2892#110824503>		"𖬘𖬲𖬥𖬰 𖬑𖬶𖬦𖬵"@mww	
"шамат"@kva	<https://panlex.org/snapshot/panlex-20191001-csv/2892#110826564>				<https://panlex.org/snapshot/panlex-20191001-csv/2892#110826339>		"𖬘𖬲𖬥𖬰 𖬗𖬶𖬯"@mww	
"шамат"@kva	<https://panlex.org/snapshot/panlex-20191001-csv/2892#110826564>				<https://panlex.org/snapshot/panlex-20191001-csv/2892#110826516>		"Zwj cag"@mww	
"арбагӏ"@kva	<https://panlex.org/snapshot/panlex-20191001-csv/2892#110824862>				<https://panlex.org/snapshot/panlex-20191001-csv/2892#110824984>		"Zwj feeb"@mww	
"арбагӏ"@kva	<https://panlex.org/snapshot/panlex-20191001-csv/2892#110824862>				<https://panlex.org/snapshot/panlex-20191001-csv/2892#110825037>		"𖬘𖬲𖬥𖬰 𖬀𖬜𖬵"@mww	
"хамиз"@kva	<https://panlex.org/snapshot/panlex-20191001-csv/2892#110825510>				<https://panlex.org/snapshot/panlex-20191001-csv/2892#110825656>		"Zwj teeb"@mww	
"хамиз"@kva	<https://panlex.org/snapshot/panlex-20191001-csv/2892#110825510>				<https://panlex.org/snapshot/panlex-20191001-csv/2892#110825512>		"𖬘𖬲𖬥𖬰 𖬀𖬧𖬵"@mww	
