"иᴴх̅"@kva	<https://panlex.org/snapshot/panlex-20191001-csv/1573#50088424>				<https://panlex.org/snapshot/panlex-20191001-csv/1573#50088235>		"ani"@cao	
"роша"@kva	<https://panlex.org/snapshot/panlex-20191001-csv/1573#50090061>				<https://panlex.org/snapshot/panlex-20191001-csv/1573#50089962>		"hiwi"@cao	
"кьор"@kva	<https://panlex.org/snapshot/panlex-20191001-csv/1573#50083996>				<https://panlex.org/snapshot/panlex-20191001-csv/1573#50083884>		"kɨ-mapo"@cao	
"гъол"@kva	<https://panlex.org/snapshot/panlex-20191001-csv/1573#50083640>				<https://panlex.org/snapshot/panlex-20191001-csv/1573#50083474>		"mai-tɨmači"@cao	
"улка"@kva	<https://panlex.org/snapshot/panlex-20191001-csv/1573#50082121>				<https://panlex.org/snapshot/panlex-20191001-csv/1573#50081993>		"mai"@cao	
"кьуᴴлІимакІва"@kva	<https://panlex.org/snapshot/panlex-20191001-csv/1573#50084801>				<https://panlex.org/snapshot/panlex-20191001-csv/1573#50084713>		"tɨmisko"@cao	
"селв"@kva	<https://panlex.org/snapshot/panlex-20191001-csv/1573#50083291>				<https://panlex.org/snapshot/panlex-20191001-csv/1573#50083195>		"mišpo"@cao	
"селв"@kva	<https://panlex.org/snapshot/panlex-20191001-csv/1573#50083291>				<https://panlex.org/snapshot/panlex-20191001-csv/1573#50083194>		"maṣ̌ɨnɨ"@cao	
"лълъеᴴ"@kva	<https://panlex.org/snapshot/panlex-20191001-csv/1573#50085761>				<https://panlex.org/snapshot/panlex-20191001-csv/1573#50085664>		"hɨ-nɨ"@cao	
"решен"@kva	<https://panlex.org/snapshot/panlex-20191001-csv/1573#50091161>				<https://panlex.org/snapshot/panlex-20191001-csv/1573#50091065>		"nai-pa"@cao	
"гъиз"@kva	<https://panlex.org/snapshot/panlex-20191001-csv/1573#50083031>				<https://panlex.org/snapshot/panlex-20191001-csv/1573#50082907>		"mac̷a"@cao	
"гьур"@kva	<https://panlex.org/snapshot/panlex-20191001-csv/1573#50090316>				<https://panlex.org/snapshot/panlex-20191001-csv/1573#50090213>		"hiwi"@cao	
"гьес̅абалальа"@kva	<https://panlex.org/snapshot/panlex-20191001-csv/1573#50085225>				<https://panlex.org/snapshot/panlex-20191001-csv/1573#50085094>		"kɨ-so-"@cao	
"уᴴщ"@kva	<https://panlex.org/snapshot/panlex-20191001-csv/1573#50082122>				<https://panlex.org/snapshot/panlex-20191001-csv/1573#50081993>		"mai"@cao	
"уᴴщ"@kva	<https://panlex.org/snapshot/panlex-20191001-csv/1573#50082453>				<https://panlex.org/snapshot/panlex-20191001-csv/1573#50082318>		"mai"@cao	
"гьуᴴша"@kva	<https://panlex.org/snapshot/panlex-20191001-csv/1573#50084317>				<https://panlex.org/snapshot/panlex-20191001-csv/1573#50084169>		"ṣ̌aβaka"@cao	
"сел"@kva	<https://panlex.org/snapshot/panlex-20191001-csv/1573#50083290>				<https://panlex.org/snapshot/panlex-20191001-csv/1573#50083195>		"mišpo"@cao	
"сел"@kva	<https://panlex.org/snapshot/panlex-20191001-csv/1573#50083290>				<https://panlex.org/snapshot/panlex-20191001-csv/1573#50083194>		"maṣ̌ɨnɨ"@cao	
"беса"@kva	<https://panlex.org/snapshot/panlex-20191001-csv/1573#50083639>				<https://panlex.org/snapshot/panlex-20191001-csv/1573#50083474>		"mai-tɨmači"@cao	
"иᴴс̅"@kva	<https://panlex.org/snapshot/panlex-20191001-csv/1573#50089031>				<https://panlex.org/snapshot/panlex-20191001-csv/1573#50088873>		"katoro"@cao	
"щІаб"@kva	<https://panlex.org/snapshot/panlex-20191001-csv/1573#50083032>				<https://panlex.org/snapshot/panlex-20191001-csv/1573#50082907>		"mac̷a"@cao	
"мищ"@kva	<https://panlex.org/snapshot/panlex-20191001-csv/1573#50083997>				<https://panlex.org/snapshot/panlex-20191001-csv/1573#50083884>		"kɨ-mapo"@cao	
"дунел"@kva	<https://panlex.org/snapshot/panlex-20191001-csv/1573#50081829>				<https://panlex.org/snapshot/panlex-20191001-csv/1573#50081729>		"mai"@cao	
"илгьа"@kva	<https://panlex.org/snapshot/panlex-20191001-csv/1573#50086991>				<https://panlex.org/snapshot/panlex-20191001-csv/1573#50086900>		"ia-nɨ"@cao	
"рущІа"@kva	<https://panlex.org/snapshot/panlex-20191001-csv/1573#50085520>				<https://panlex.org/snapshot/panlex-20191001-csv/1573#50085424>		"kini"@cao	
"палв"@kva	<https://panlex.org/snapshot/panlex-20191001-csv/1573#50086572>				<https://panlex.org/snapshot/panlex-20191001-csv/1573#50086495>		"βakoṣ̌"@cao	
"кара̅чел"@kva	<https://panlex.org/snapshot/panlex-20191001-csv/1573#50087738>				<https://panlex.org/snapshot/panlex-20191001-csv/1573#50087649>		"čoka"@cao	
"гъуй"@kva	<https://panlex.org/snapshot/panlex-20191001-csv/1573#50089030>				<https://panlex.org/snapshot/panlex-20191001-csv/1573#50088873>		"katoro"@cao	
"релгьалбала"@kva	<https://panlex.org/snapshot/panlex-20191001-csv/1573#50085226>				<https://panlex.org/snapshot/panlex-20191001-csv/1573#50085094>		"kɨ-so-"@cao	
"дара"@kva	<https://panlex.org/snapshot/panlex-20191001-csv/1573#50082739>				<https://panlex.org/snapshot/panlex-20191001-csv/1573#50082635>		"mišpo"@cao	
"милгь"@kva	<https://panlex.org/snapshot/panlex-20191001-csv/1573#50091419>				<https://panlex.org/snapshot/panlex-20191001-csv/1573#50091319>		"βari"@cao	
"у̃ᴴщ"@kva	<https://panlex.org/snapshot/panlex-20191001-csv/1573#50082452>				<https://panlex.org/snapshot/panlex-20191001-csv/1573#50082318>		"mai"@cao	
"парс̅"@kva	<https://panlex.org/snapshot/panlex-20191001-csv/1573#50083998>				<https://panlex.org/snapshot/panlex-20191001-csv/1573#50083884>		"kɨ-mapo"@cao	
"тус̅І"@kva	<https://panlex.org/snapshot/panlex-20191001-csv/1573#50089331>				<https://panlex.org/snapshot/panlex-20191001-csv/1573#50089227>		"miwa-no"@cao	
"релгьалъбала"@kva	<https://panlex.org/snapshot/panlex-20191001-csv/1573#50085227>				<https://panlex.org/snapshot/panlex-20191001-csv/1573#50085094>		"kɨ-so-"@cao	
"рохь"@kva	<https://panlex.org/snapshot/panlex-20191001-csv/1573#50089783>				<https://panlex.org/snapshot/panlex-20191001-csv/1573#50089668>		"niʔi"@cao	
