"ʼdoko"@snl	<https://panlex.org/snapshot/panlex-20191001-csv/114#8060732>				<https://panlex.org/snapshot/panlex-20191001-csv/114#8060856>		"ñoño"@woc	
"ʼmorong"@snl	<https://panlex.org/snapshot/panlex-20191001-csv/114#8066925>				<https://panlex.org/snapshot/panlex-20191001-csv/114#8067029>		"wawa-"@woc	
"lumɨʼgay"@snl	<https://panlex.org/snapshot/panlex-20191001-csv/114#8068526>				<https://panlex.org/snapshot/panlex-20191001-csv/114#8068620>		"yawe"@woc	
"ʼqate"@snl	<https://panlex.org/snapshot/panlex-20191001-csv/114#8060172>				<https://panlex.org/snapshot/panlex-20191001-csv/114#8060266>		"mwage-"@woc	
"ʼlɨkudɨq"@snl	<https://panlex.org/snapshot/panlex-20191001-csv/114#8058144>				<https://panlex.org/snapshot/panlex-20191001-csv/114#8058242>		"katkai-"@woc	
"duʼmaḷeng"@snl	<https://panlex.org/snapshot/panlex-20191001-csv/114#8054129>				<https://panlex.org/snapshot/panlex-20191001-csv/114#8054240>		"kwa"@woc	
"duʼmaḷeng"@snl	<https://panlex.org/snapshot/panlex-20191001-csv/114#8054129>				<https://panlex.org/snapshot/panlex-20191001-csv/114#8054241>		"lako"@woc	
"kuʼmayang"@snl	<https://panlex.org/snapshot/panlex-20191001-csv/114#8056153>				<https://panlex.org/snapshot/panlex-20191001-csv/114#8056254>		"ŋaraŋar"@woc	
"ʼrerɨq"@snl	<https://panlex.org/snapshot/panlex-20191001-csv/114#8064346>				<https://panlex.org/snapshot/panlex-20191001-csv/114#8064455>		"vea-"@woc	
"tɨmʼboq"@snl	<https://panlex.org/snapshot/panlex-20191001-csv/114#8063809>				<https://panlex.org/snapshot/panlex-20191001-csv/114#8063920>		"katoŋa-"@woc	
