"awana"@ddi	<https://panlex.org/snapshot/panlex-20191001-csv/114#8066594>				<https://panlex.org/snapshot/panlex-20191001-csv/114#8066655>		"tayap"@ilk	
"kavi"@ddi	<https://panlex.org/snapshot/panlex-20191001-csv/114#8056357>				<https://panlex.org/snapshot/panlex-20191001-csv/114#8056415>		"napadiǥan"@ilk	
"dayayina"@ddi	<https://panlex.org/snapshot/panlex-20191001-csv/114#8062960>				<https://panlex.org/snapshot/panlex-20191001-csv/114#8063014>		"matǥɨm"@ilk	
"ayeyafayafa"@ddi	<https://panlex.org/snapshot/panlex-20191001-csv/114#8053201>				<https://panlex.org/snapshot/panlex-20191001-csv/114#8053269>		"tɨǥɨ"@ilk	
"ayeyafayafa"@ddi	<https://panlex.org/snapshot/panlex-20191001-csv/114#8053201>				<https://panlex.org/snapshot/panlex-20191001-csv/114#8053268>		"tɨǥi"@ilk	
"matauta"@ddi	<https://panlex.org/snapshot/panlex-20191001-csv/114#8062456>				<https://panlex.org/snapshot/panlex-20191001-csv/114#8062510>		"kayub"@ilk	
"tayia"@ddi	<https://panlex.org/snapshot/panlex-20191001-csv/114#8068743>				<https://panlex.org/snapshot/panlex-20191001-csv/114#8068804>		"qibiǥ"@ilk	
"nimafouna"@ddi	<https://panlex.org/snapshot/panlex-20191001-csv/114#8051717>				<https://panlex.org/snapshot/panlex-20191001-csv/114#8051780>		"ǥima"@ilk	
"nimafouna"@ddi	<https://panlex.org/snapshot/panlex-20191001-csv/114#8051717>				<https://panlex.org/snapshot/panlex-20191001-csv/114#8051779>		"gima"@ilk	
"kabuna"@ddi	<https://panlex.org/snapshot/panlex-20191001-csv/114#8065122>				<https://panlex.org/snapshot/panlex-20191001-csv/114#8065185>		"qɨǥɨŋ"@ilk	
"kabuna"@ddi	<https://panlex.org/snapshot/panlex-20191001-csv/114#8065122>				<https://panlex.org/snapshot/panlex-20191001-csv/114#8065184>		"qɨǥɨng"@ilk	
"iyenaenai"@ddi	<https://panlex.org/snapshot/panlex-20191001-csv/114#8054840>				<https://panlex.org/snapshot/panlex-20191001-csv/114#8054894>		"ari"@ilk	
"iyenaenai"@ddi	<https://panlex.org/snapshot/panlex-20191001-csv/114#8054840>				<https://panlex.org/snapshot/panlex-20191001-csv/114#8054893>		"ai"@ilk	
