"awana"@ddi	<https://panlex.org/snapshot/panlex-20191001-csv/114#8066594>				<https://panlex.org/snapshot/panlex-20191001-csv/114#8066974>		"rivona"@tio	
"kavi"@ddi	<https://panlex.org/snapshot/panlex-20191001-csv/114#8056357>				<https://panlex.org/snapshot/panlex-20191001-csv/114#8056712>		"paru"@tio	
"dayayina"@ddi	<https://panlex.org/snapshot/panlex-20191001-csv/114#8062960>				<https://panlex.org/snapshot/panlex-20191001-csv/114#8063312>		"revasin"@tio	
"ayeyafayafa"@ddi	<https://panlex.org/snapshot/panlex-20191001-csv/114#8053201>				<https://panlex.org/snapshot/panlex-20191001-csv/114#8053594>		"mona"@tio	
"ayeyafayafa"@ddi	<https://panlex.org/snapshot/panlex-20191001-csv/114#8053201>				<https://panlex.org/snapshot/panlex-20191001-csv/114#8053595>		"moona"@tio	
"matauta"@ddi	<https://panlex.org/snapshot/panlex-20191001-csv/114#8062456>				<https://panlex.org/snapshot/panlex-20191001-csv/114#8062808>		"naabu"@tio	
"matauta"@ddi	<https://panlex.org/snapshot/panlex-20191001-csv/114#8062456>				<https://panlex.org/snapshot/panlex-20191001-csv/114#8062809>		"nabu"@tio	
"nimafouna"@ddi	<https://panlex.org/snapshot/panlex-20191001-csv/114#8051717>				<https://panlex.org/snapshot/panlex-20191001-csv/114#8052110>		"kurina"@tio	
"kabuna"@ddi	<https://panlex.org/snapshot/panlex-20191001-csv/114#8065122>				<https://panlex.org/snapshot/panlex-20191001-csv/114#8065499>		"ihuna"@tio	
"iyenaenai"@ddi	<https://panlex.org/snapshot/panlex-20191001-csv/114#8054840>				<https://panlex.org/snapshot/panlex-20191001-csv/114#8055187>		"noma"@tio	
