"zmije"@hr	<https://panlex.org/snapshot/panlex-20191001-csv/5945#84421018>				<https://panlex.org/snapshot/panlex-20191001-csv/5945#84420998>		"kolepbla"@ch	
"svibanj"@hr	<https://panlex.org/snapshot/panlex-20191001-csv/5947#84744062>				<https://panlex.org/snapshot/panlex-20191001-csv/5947#84744030>		"Måyu"@ch	
"rijeka"@hr	<https://panlex.org/snapshot/panlex-20191001-csv/5947#84832713>				<https://panlex.org/snapshot/panlex-20191001-csv/5947#84832697>		"såddok"@ch	
"mir"@hr	<https://panlex.org/snapshot/panlex-20191001-csv/5947#84801297>				<https://panlex.org/snapshot/panlex-20191001-csv/5947#84801273>		"pås"@ch	
"mir"@hr	<https://panlex.org/snapshot/panlex-20191001-csv/5947#84801297>				<https://panlex.org/snapshot/panlex-20191001-csv/5947#84801272>		"minaggem"@ch	
"krumpir"@hr	<https://panlex.org/snapshot/panlex-20191001-csv/5940#81350722>				<https://panlex.org/snapshot/panlex-20191001-csv/5940#81350698>		"batatas"@ch	
"orao"@hr	<https://panlex.org/snapshot/panlex-20191001-csv/5940#81295810>				<https://panlex.org/snapshot/panlex-20191001-csv/5940#81295788>		"ágila"@ch	
"oktopod"@hr	<https://panlex.org/snapshot/panlex-20191001-csv/5940#81375110>				<https://panlex.org/snapshot/panlex-20191001-csv/5940#81375086>		"gamson"@ch	
"hobotnica"@hr	<https://panlex.org/snapshot/panlex-20191001-csv/5940#81375111>				<https://panlex.org/snapshot/panlex-20191001-csv/5940#81375086>		"gamson"@ch	
"kolovoz"@hr	<https://panlex.org/snapshot/panlex-20191001-csv/5949#85329362>				<https://panlex.org/snapshot/panlex-20191001-csv/5949#85329293>		"Ågosto"@ch	
"jelen"@hr	<https://panlex.org/snapshot/panlex-20191001-csv/12#943266>				<https://panlex.org/snapshot/panlex-20191001-csv/12#943242>		"ᎠᎭᏫ"@ch	
"voda"@hr	<https://panlex.org/snapshot/panlex-20191001-csv/12#850951>				<https://panlex.org/snapshot/panlex-20191001-csv/12#850875>		"aqua"@ch	
"voda"@hr	<https://panlex.org/snapshot/panlex-20191001-csv/12#850951>				<https://panlex.org/snapshot/panlex-20191001-csv/12#850876>		"hanom"@ch	
"oktopod"@hr	<https://panlex.org/snapshot/panlex-20191001-csv/12#906214>				<https://panlex.org/snapshot/panlex-20191001-csv/12#906199>		"gamson"@ch	
"lane"@hr	<https://panlex.org/snapshot/panlex-20191001-csv/12#943268>				<https://panlex.org/snapshot/panlex-20191001-csv/12#943242>		"ᎠᎭᏫ"@ch	
"košuta"@hr	<https://panlex.org/snapshot/panlex-20191001-csv/12#943267>				<https://panlex.org/snapshot/panlex-20191001-csv/12#943242>		"ᎠᎭᏫ"@ch	
"mlijeko"@hr	<https://panlex.org/snapshot/panlex-20191001-csv/12#854911>				<https://panlex.org/snapshot/panlex-20191001-csv/12#854890>		"leche"@ch	
"majmun"@hr	<https://panlex.org/snapshot/panlex-20191001-csv/12#922116>				<https://panlex.org/snapshot/panlex-20191001-csv/12#922093>		"macheng"@ch	
"hobotnica"@hr	<https://panlex.org/snapshot/panlex-20191001-csv/12#906213>				<https://panlex.org/snapshot/panlex-20191001-csv/12#906199>		"gamson"@ch	
"kašika"@hr	<https://panlex.org/snapshot/panlex-20191001-csv/12#893062>				<https://panlex.org/snapshot/panlex-20191001-csv/12#893047>		"kuchala"@ch	
"šezdeset"@hr	<https://panlex.org/snapshot/panlex-20191001-csv/12#845843>				<https://panlex.org/snapshot/panlex-20191001-csv/12#845829>		"sisénta"@ch	
"šezdesetica"@hr	<https://panlex.org/snapshot/panlex-20191001-csv/12#845844>				<https://panlex.org/snapshot/panlex-20191001-csv/12#845829>		"sisénta"@ch	
"nos"@hr	<https://panlex.org/snapshot/panlex-20191001-csv/12#871522>				<https://panlex.org/snapshot/panlex-20191001-csv/12#871494>		"gui'eng"@ch	
"stečaj"@hr	<https://panlex.org/snapshot/panlex-20191001-csv/12#873419>				<https://panlex.org/snapshot/panlex-20191001-csv/12#873413>		"finälin͠go"@ch	
"mir"@hr	<https://panlex.org/snapshot/panlex-20191001-csv/2902#111012081>				<https://panlex.org/snapshot/panlex-20191001-csv/2902#111012140>		"pås"@ch	
"mir"@hr	<https://panlex.org/snapshot/panlex-20191001-csv/2902#111012081>				<https://panlex.org/snapshot/panlex-20191001-csv/2902#111012237>		"minaggem"@ch	
"note"@hr	<https://panlex.org/snapshot/panlex-20191001-csv/8#113998>				<https://panlex.org/snapshot/panlex-20191001-csv/8#113953>		"dandan"@ch	
"note"@hr	<https://panlex.org/snapshot/panlex-20191001-csv/8#113998>				<https://panlex.org/snapshot/panlex-20191001-csv/8#113954>		"música"@ch	
"glazba"@hr	<https://panlex.org/snapshot/panlex-20191001-csv/8#113991>				<https://panlex.org/snapshot/panlex-20191001-csv/8#113953>		"dandan"@ch	
"glazba"@hr	<https://panlex.org/snapshot/panlex-20191001-csv/8#113991>				<https://panlex.org/snapshot/panlex-20191001-csv/8#113954>		"música"@ch	
"orao"@hr	<https://panlex.org/snapshot/panlex-20191001-csv/10#579800>				<https://panlex.org/snapshot/panlex-20191001-csv/10#579778>		"ágila"@ch	
"nula"@hr	<https://panlex.org/snapshot/panlex-20191001-csv/10#569628>				<https://panlex.org/snapshot/panlex-20191001-csv/10#569607>		"seru"@ch	
"guava"@hr	<https://panlex.org/snapshot/panlex-20191001-csv/10#610341>				<https://panlex.org/snapshot/panlex-20191001-csv/10#610333>		"abas"@ch	
"mlijeko"@hr	<https://panlex.org/snapshot/panlex-20191001-csv/10#599905>				<https://panlex.org/snapshot/panlex-20191001-csv/10#599883>		"leche"@ch	
"hobotnica"@hr	<https://panlex.org/snapshot/panlex-20191001-csv/10#726686>				<https://panlex.org/snapshot/panlex-20191001-csv/10#726673>		"gamson"@ch	
"šezdesetica"@hr	<https://panlex.org/snapshot/panlex-20191001-csv/10#592205>				<https://panlex.org/snapshot/panlex-20191001-csv/10#592188>		"sisénta"@ch	
"oblak"@hr	<https://panlex.org/snapshot/panlex-20191001-csv/15#957136>				<https://panlex.org/snapshot/panlex-20191001-csv/15#957118>		"mapagahes"@ch	
"povrće"@hr	<https://panlex.org/snapshot/panlex-20191001-csv/3776#91605293>				<https://panlex.org/snapshot/panlex-20191001-csv/3776#91605266>		"gollai siha"@ch	
"lakat"@hr	<https://panlex.org/snapshot/panlex-20191001-csv/3776#91773504>				<https://panlex.org/snapshot/panlex-20191001-csv/3776#91773480>		"takolo"@ch	
"Hereza"@hr	<https://panlex.org/snapshot/panlex-20191001-csv/11#813525>				<https://panlex.org/snapshot/panlex-20191001-csv/11#813517>		"hereze"@ch	
"voda"@hr	<https://panlex.org/snapshot/panlex-20191001-csv/11#787586>				<https://panlex.org/snapshot/panlex-20191001-csv/11#787515>		"aqua"@ch	
"voda"@hr	<https://panlex.org/snapshot/panlex-20191001-csv/11#787586>				<https://panlex.org/snapshot/panlex-20191001-csv/11#787516>		"hanom"@ch	
"srijeda"@hr	<https://panlex.org/snapshot/panlex-20191001-csv/2892#110825173>				<https://panlex.org/snapshot/panlex-20191001-csv/2892#110825000>		"Metkoles"@ch	
"ponedjeljak"@hr	<https://panlex.org/snapshot/panlex-20191001-csv/2892#110824367>				<https://panlex.org/snapshot/panlex-20191001-csv/2892#110824070>		"Lunes"@ch	
"četvrtak"@hr	<https://panlex.org/snapshot/panlex-20191001-csv/2892#110825379>				<https://panlex.org/snapshot/panlex-20191001-csv/2892#110825676>		"Huebes"@ch	
"petak"@hr	<https://panlex.org/snapshot/panlex-20191001-csv/2892#110825901>				<https://panlex.org/snapshot/panlex-20191001-csv/2892#110825708>		"Betnes"@ch	
"utorak"@hr	<https://panlex.org/snapshot/panlex-20191001-csv/2892#110824830>				<https://panlex.org/snapshot/panlex-20191001-csv/2892#110824784>		"Måttes"@ch	
"nedjelja"@hr	<https://panlex.org/snapshot/panlex-20191001-csv/2892#110826750>				<https://panlex.org/snapshot/panlex-20191001-csv/2892#110826824>		"Dåmenggo"@ch	
"subota"@hr	<https://panlex.org/snapshot/panlex-20191001-csv/2892#110826387>				<https://panlex.org/snapshot/panlex-20191001-csv/2892#110826263>		"Såbålu"@ch	
"srpanj"@hr	<https://panlex.org/snapshot/panlex-20191001-csv/2897#110829582>				<https://panlex.org/snapshot/panlex-20191001-csv/2897#110829517>		"Hulio"@ch	
"kolovoz"@hr	<https://panlex.org/snapshot/panlex-20191001-csv/2897#110830066>				<https://panlex.org/snapshot/panlex-20191001-csv/2897#110830105>		"Ågosto"@ch	
"studeni"@hr	<https://panlex.org/snapshot/panlex-20191001-csv/2897#110831161>				<https://panlex.org/snapshot/panlex-20191001-csv/2897#110831194>		"Nobiembre"@ch	
"veljača"@hr	<https://panlex.org/snapshot/panlex-20191001-csv/2897#110827826>				<https://panlex.org/snapshot/panlex-20191001-csv/2897#110827614>		"Febreru"@ch	
"travanj"@hr	<https://panlex.org/snapshot/panlex-20191001-csv/2897#110828596>				<https://panlex.org/snapshot/panlex-20191001-csv/2897#110828650>		"Åbrit"@ch	
"rujan"@hr	<https://panlex.org/snapshot/panlex-20191001-csv/2897#110830649>				<https://panlex.org/snapshot/panlex-20191001-csv/2897#110830613>		"Septembre"@ch	
"listopad"@hr	<https://panlex.org/snapshot/panlex-20191001-csv/2897#110830755>				<https://panlex.org/snapshot/panlex-20191001-csv/2897#110830758>		"Oktubre"@ch	
"svibanj"@hr	<https://panlex.org/snapshot/panlex-20191001-csv/2897#110829021>				<https://panlex.org/snapshot/panlex-20191001-csv/2897#110828894>		"Måyu"@ch	
"ožujak"@hr	<https://panlex.org/snapshot/panlex-20191001-csv/2897#110828196>				<https://panlex.org/snapshot/panlex-20191001-csv/2897#110827948>		"Måtso"@ch	
"prosinac"@hr	<https://panlex.org/snapshot/panlex-20191001-csv/2897#110831927>				<https://panlex.org/snapshot/panlex-20191001-csv/2897#110831853>		"Disiembre"@ch	
"lipanj"@hr	<https://panlex.org/snapshot/panlex-20191001-csv/2897#110829222>				<https://panlex.org/snapshot/panlex-20191001-csv/2897#110829331>		"Huño"@ch	
"siječanj"@hr	<https://panlex.org/snapshot/panlex-20191001-csv/2897#110827247>				<https://panlex.org/snapshot/panlex-20191001-csv/2897#110827396>		"Eneru"@ch	
