"skakač"@hr	<https://panlex.org/snapshot/panlex-20191001-csv/6712#111098999>				<https://panlex.org/snapshot/panlex-20191001-csv/6712#111099023>		"аът"@tyv	
"top"@hr	<https://panlex.org/snapshot/panlex-20191001-csv/6712#111098745>				<https://panlex.org/snapshot/panlex-20191001-csv/6712#111098771>		"терге"@tyv	
"kraljica"@hr	<https://panlex.org/snapshot/panlex-20191001-csv/6712#111098537>				<https://panlex.org/snapshot/panlex-20191001-csv/6712#111098650>		"мерзе"@tyv	
"pješak"@hr	<https://panlex.org/snapshot/panlex-20191001-csv/6712#111099183>				<https://panlex.org/snapshot/panlex-20191001-csv/6712#111099178>		"оол"@tyv	
"šah"@hr	<https://panlex.org/snapshot/panlex-20191001-csv/6712#111099400>				<https://panlex.org/snapshot/panlex-20191001-csv/6712#111099345>		"шыдыраа"@tyv	
"lovac"@hr	<https://panlex.org/snapshot/panlex-20191001-csv/6712#111098868>				<https://panlex.org/snapshot/panlex-20191001-csv/6712#111098855>		"теве"@tyv	
"kralj"@hr	<https://panlex.org/snapshot/panlex-20191001-csv/6712#111098462>				<https://panlex.org/snapshot/panlex-20191001-csv/6712#111098487>		"ноян"@tyv	
"konj"@hr	<https://panlex.org/snapshot/panlex-20191001-csv/6712#111098991>				<https://panlex.org/snapshot/panlex-20191001-csv/6712#111099023>		"аът"@tyv	
"Prvi svjetski rat"@hr	<https://panlex.org/snapshot/panlex-20191001-csv/6709#111077412>				<https://panlex.org/snapshot/panlex-20191001-csv/6709#111077464>		"Бирги Делегей дайыны"@tyv	
"Drugi svjetski rat"@hr	<https://panlex.org/snapshot/panlex-20191001-csv/6709#111077514>				<https://panlex.org/snapshot/panlex-20191001-csv/6709#111077509>		"Ийиги Делегей дайыны"@tyv	
"Poslanica Titu"@hr	<https://panlex.org/snapshot/panlex-20191001-csv/6726#111133083>				<https://panlex.org/snapshot/panlex-20191001-csv/6726#111133199>		"Титке чагаа"@tyv	
"Poslanica Filemonu"@hr	<https://panlex.org/snapshot/panlex-20191001-csv/6726#111133276>				<https://panlex.org/snapshot/panlex-20191001-csv/6726#111133283>		"Филимонга чагаа"@tyv	
"Djela apostolska"@hr	<https://panlex.org/snapshot/panlex-20191001-csv/6726#111131185>				<https://panlex.org/snapshot/panlex-20191001-csv/6726#111131203>		"Элчиннерниң ажыл-чорудулгазы"@tyv	
"Poslanica Kološanima"@hr	<https://panlex.org/snapshot/panlex-20191001-csv/6726#111132309>				<https://panlex.org/snapshot/panlex-20191001-csv/6726#111132373>		"Колоссчуларга чагаа"@tyv	
"Treća Ivanova poslanica"@hr	<https://panlex.org/snapshot/panlex-20191001-csv/6726#111134479>				<https://panlex.org/snapshot/panlex-20191001-csv/6726#111134431>		"Иоанның үшкү чагаазы"@tyv	
"Novi zavjet"@hr	<https://panlex.org/snapshot/panlex-20191001-csv/6726#111134987>				<https://panlex.org/snapshot/panlex-20191001-csv/6726#111134974>		"Чаа Дугуржулга-чагыг"@tyv	
"Evanđelje po Ivanu"@hr	<https://panlex.org/snapshot/panlex-20191001-csv/6726#111130963>				<https://panlex.org/snapshot/panlex-20191001-csv/6726#111131006>		"Иоанның бижээни буянныг медээ"@tyv	
"Druga poslanica Timoteju"@hr	<https://panlex.org/snapshot/panlex-20191001-csv/6726#111133035>				<https://panlex.org/snapshot/panlex-20191001-csv/6726#111133068>		"Тимофейге ийиги чагаа"@tyv	
"Poslanica Efežanima"@hr	<https://panlex.org/snapshot/panlex-20191001-csv/6726#111132012>				<https://panlex.org/snapshot/panlex-20191001-csv/6726#111132075>		"Ефесчилерге чагаа"@tyv	
"Poslanica Filipljanima"@hr	<https://panlex.org/snapshot/panlex-20191001-csv/6726#111132113>				<https://panlex.org/snapshot/panlex-20191001-csv/6726#111132177>		"Филиппийжилерге чагаа"@tyv	
"Prva Ivanova poslanica"@hr	<https://panlex.org/snapshot/panlex-20191001-csv/6726#111134181>				<https://panlex.org/snapshot/panlex-20191001-csv/6726#111134182>		"Иоанның бирги чагаазы"@tyv	
"Otkrivenje"@hr	<https://panlex.org/snapshot/panlex-20191001-csv/6726#111134825>				<https://panlex.org/snapshot/panlex-20191001-csv/6726#111134765>		"Иоаннга бургандан ажыдыышкын"@tyv	
"Jakovljeva poslanica"@hr	<https://panlex.org/snapshot/panlex-20191001-csv/6726#111133636>				<https://panlex.org/snapshot/panlex-20191001-csv/6726#111133679>		"Иаковтуң чагаазы"@tyv	
"Druga Ivanova poslanica"@hr	<https://panlex.org/snapshot/panlex-20191001-csv/6726#111134248>				<https://panlex.org/snapshot/panlex-20191001-csv/6726#111134297>		"Иоанның ийиги чагаазы"@tyv	
"Druga Petrova poslanica"@hr	<https://panlex.org/snapshot/panlex-20191001-csv/6726#111133924>				<https://panlex.org/snapshot/panlex-20191001-csv/6726#111133902>		"Пётрнуң ийиги чагаазы"@tyv	
"Prva poslanica Korinćanima"@hr	<https://panlex.org/snapshot/panlex-20191001-csv/6726#111131566>				<https://panlex.org/snapshot/panlex-20191001-csv/6726#111131557>		"Коринфичилерге бирги чагаа"@tyv	
"Prva poslanica Solunjanima"@hr	<https://panlex.org/snapshot/panlex-20191001-csv/6726#111132462>				<https://panlex.org/snapshot/panlex-20191001-csv/6726#111132495>		"Фессалоникажыларга бирги чагаа"@tyv	
"Druga poslanica Solunjanima"@hr	<https://panlex.org/snapshot/panlex-20191001-csv/6726#111132645>				<https://panlex.org/snapshot/panlex-20191001-csv/6726#111132673>		"Фессалоникажыларга ийиги чагаа"@tyv	
"Poslanica Hebrejima"@hr	<https://panlex.org/snapshot/panlex-20191001-csv/6726#111133492>				<https://panlex.org/snapshot/panlex-20191001-csv/6726#111133556>		"Еврейлерге чагаа"@tyv	
"Poslanica Rimljanima"@hr	<https://panlex.org/snapshot/panlex-20191001-csv/6726#111131345>				<https://panlex.org/snapshot/panlex-20191001-csv/6726#111131336>		"Римчилерге чагаа"@tyv	
"Evanđelje po Marku"@hr	<https://panlex.org/snapshot/panlex-20191001-csv/6726#111130772>				<https://panlex.org/snapshot/panlex-20191001-csv/6726#111130719>		"Марктың бижээни буянныг медээ"@tyv	
"Evanđelje po Mateju"@hr	<https://panlex.org/snapshot/panlex-20191001-csv/6726#111130602>				<https://panlex.org/snapshot/panlex-20191001-csv/6726#111130523>		"Матфейниң бижээни буянныг медээ"@tyv	
"Evanđelje po Luki"@hr	<https://panlex.org/snapshot/panlex-20191001-csv/6726#111130819>				<https://panlex.org/snapshot/panlex-20191001-csv/6726#111130828>		"Луканың бижээни буянныг медээ"@tyv	
"Poslanica Galaćanima"@hr	<https://panlex.org/snapshot/panlex-20191001-csv/6726#111131866>				<https://panlex.org/snapshot/panlex-20191001-csv/6726#111131811>		"Галатчыларга чагаа"@tyv	
"Prva Petrova poslanica"@hr	<https://panlex.org/snapshot/panlex-20191001-csv/6726#111133796>				<https://panlex.org/snapshot/panlex-20191001-csv/6726#111133775>		"Пётрнуң бирги чагаазы"@tyv	
"Druga poslanica Korinćanima"@hr	<https://panlex.org/snapshot/panlex-20191001-csv/6726#111131632>				<https://panlex.org/snapshot/panlex-20191001-csv/6726#111131692>		"Коринфичилерге ийиги чагаа"@tyv	
"Judina poslanica"@hr	<https://panlex.org/snapshot/panlex-20191001-csv/6726#111134581>				<https://panlex.org/snapshot/panlex-20191001-csv/6726#111134563>		"Иуданың чагаазы"@tyv	
"Prva poslanica Timoteju"@hr	<https://panlex.org/snapshot/panlex-20191001-csv/6726#111132789>				<https://panlex.org/snapshot/panlex-20191001-csv/6726#111132874>		"Тимофейге бирги чагаа"@tyv	
"Europska unija"@hr	<https://panlex.org/snapshot/panlex-20191001-csv/5950#85858882>				<https://panlex.org/snapshot/panlex-20191001-csv/5950#85858940>		"Европаның Эвилели"@tyv	
"drvo"@hr	<https://panlex.org/snapshot/panlex-20191001-csv/5947#84671812>				<https://panlex.org/snapshot/panlex-20191001-csv/5947#84671853>		"ыяш"@tyv	
"Belgija"@hr	<https://panlex.org/snapshot/panlex-20191001-csv/5947#84584414>				<https://panlex.org/snapshot/panlex-20191001-csv/5947#84584533>		"Бельгия"@tyv	
"stablo"@hr	<https://panlex.org/snapshot/panlex-20191001-csv/5947#84671813>				<https://panlex.org/snapshot/panlex-20191001-csv/5947#84671853>		"ыяш"@tyv	
"hrast"@hr	<https://panlex.org/snapshot/panlex-20191001-csv/5939#80792873>				<https://panlex.org/snapshot/panlex-20191001-csv/5939#80792899>		"dub"@tyv	
"Europska unija"@hr	<https://panlex.org/snapshot/panlex-20191001-csv/5939#80806979>				<https://panlex.org/snapshot/panlex-20191001-csv/5939#80807036>		"Jewropanyng Ewileli"@tyv	
"njemački jezik"@hr	<https://panlex.org/snapshot/panlex-20191001-csv/5939#80782385>				<https://panlex.org/snapshot/panlex-20191001-csv/5939#80782480>		"nemets dyl"@tyv	
"Rusija"@hr	<https://panlex.org/snapshot/panlex-20191001-csv/5949#85319467>				<https://panlex.org/snapshot/panlex-20191001-csv/5949#85319620>		"Россия"@tyv	
"kolovoz"@hr	<https://panlex.org/snapshot/panlex-20191001-csv/5949#85329362>				<https://panlex.org/snapshot/panlex-20191001-csv/5949#85329531>		"сес ай"@tyv	
"kolovoz"@hr	<https://panlex.org/snapshot/panlex-20191001-csv/5949#85329362>				<https://panlex.org/snapshot/panlex-20191001-csv/5949#85329530>		"август"@tyv	
"Sunce"@hr	<https://panlex.org/snapshot/panlex-20191001-csv/5949#85320912>				<https://panlex.org/snapshot/panlex-20191001-csv/5949#85321005>		"Хүн"@tyv	
"hrast"@hr	<https://panlex.org/snapshot/panlex-20191001-csv/9#493881>				<https://panlex.org/snapshot/panlex-20191001-csv/9#493903>		"дуб"@tyv	
"duga"@hr	<https://panlex.org/snapshot/panlex-20191001-csv/9#485526>				<https://panlex.org/snapshot/panlex-20191001-csv/9#485566>		"челээш"@tyv	
"Europska unija"@hr	<https://panlex.org/snapshot/panlex-20191001-csv/9#516360>				<https://panlex.org/snapshot/panlex-20191001-csv/9#516413>		"Европаның Эвилели"@tyv	
"pet"@hr	<https://panlex.org/snapshot/panlex-20191001-csv/9#490835>				<https://panlex.org/snapshot/panlex-20191001-csv/9#490855>		"беш"@tyv	
"četiri"@hr	<https://panlex.org/snapshot/panlex-20191001-csv/9#490773>				<https://panlex.org/snapshot/panlex-20191001-csv/9#490808>		"дөрт"@tyv	
"tri"@hr	<https://panlex.org/snapshot/panlex-20191001-csv/9#490702>				<https://panlex.org/snapshot/panlex-20191001-csv/9#490740>		"үш"@tyv	
"devet"@hr	<https://panlex.org/snapshot/panlex-20191001-csv/9#490965>				<https://panlex.org/snapshot/panlex-20191001-csv/9#491057>		"тос"@tyv	
"osam"@hr	<https://panlex.org/snapshot/panlex-20191001-csv/9#490894>				<https://panlex.org/snapshot/panlex-20191001-csv/9#490910>		"сес"@tyv	
"crnogrli plijenor"@hr	<https://panlex.org/snapshot/panlex-20191001-csv/9#528572>				<https://panlex.org/snapshot/panlex-20191001-csv/9#528594>		"кара боостаалыг онгук"@tyv	
"dva"@hr	<https://panlex.org/snapshot/panlex-20191001-csv/9#490383>				<https://panlex.org/snapshot/panlex-20191001-csv/9#490410>		"ийи"@tyv	
"siječanj"@hr	<https://panlex.org/snapshot/panlex-20191001-csv/9#472953>				<https://panlex.org/snapshot/panlex-20191001-csv/9#472980>		"январь"@tyv	
"šest"@hr	<https://panlex.org/snapshot/panlex-20191001-csv/9#490441>				<https://panlex.org/snapshot/panlex-20191001-csv/9#490463>		"алды"@tyv	
"biologija"@hr	<https://panlex.org/snapshot/panlex-20191001-csv/2904#111022164>				<https://panlex.org/snapshot/panlex-20191001-csv/2904#111022272>		"биология"@tyv	
"fizika"@hr	<https://panlex.org/snapshot/panlex-20191001-csv/2904#111024028>				<https://panlex.org/snapshot/panlex-20191001-csv/2904#111024019>		"физика"@tyv	
"zemljopis"@hr	<https://panlex.org/snapshot/panlex-20191001-csv/2904#111022640>				<https://panlex.org/snapshot/panlex-20191001-csv/2904#111022690>		"география"@tyv	
"astronomija"@hr	<https://panlex.org/snapshot/panlex-20191001-csv/2904#111021912>				<https://panlex.org/snapshot/panlex-20191001-csv/2904#111021966>		"астрономия"@tyv	
"historija"@hr	<https://panlex.org/snapshot/panlex-20191001-csv/2904#111022851>				<https://panlex.org/snapshot/panlex-20191001-csv/2904#111023003>		"төөгү"@tyv	
"sveučilište"@hr	<https://panlex.org/snapshot/panlex-20191001-csv/2904#111024463>				<https://panlex.org/snapshot/panlex-20191001-csv/2904#111024559>		"университет"@tyv	
"arhitektura"@hr	<https://panlex.org/snapshot/panlex-20191001-csv/2904#111021831>				<https://panlex.org/snapshot/panlex-20191001-csv/2904#111021871>		"архитектура"@tyv	
"medicina"@hr	<https://panlex.org/snapshot/panlex-20191001-csv/2904#111023642>				<https://panlex.org/snapshot/panlex-20191001-csv/2904#111023669>		"медицина"@tyv	
"medicina"@hr	<https://panlex.org/snapshot/panlex-20191001-csv/2904#111023642>				<https://panlex.org/snapshot/panlex-20191001-csv/2904#111023639>		"эмнелге"@tyv	
"geografija"@hr	<https://panlex.org/snapshot/panlex-20191001-csv/2904#111022633>				<https://panlex.org/snapshot/panlex-20191001-csv/2904#111022690>		"география"@tyv	
"znanost"@hr	<https://panlex.org/snapshot/panlex-20191001-csv/2904#111024330>				<https://panlex.org/snapshot/panlex-20191001-csv/2904#111024339>		"эртем"@tyv	
"povijest"@hr	<https://panlex.org/snapshot/panlex-20191001-csv/2904#111022873>				<https://panlex.org/snapshot/panlex-20191001-csv/2904#111023003>		"төөгү"@tyv	
"lingvistika"@hr	<https://panlex.org/snapshot/panlex-20191001-csv/2904#111023237>				<https://panlex.org/snapshot/panlex-20191001-csv/2904#111023104>		"дыл эртеми"@tyv	
"filozofija"@hr	<https://panlex.org/snapshot/panlex-20191001-csv/2904#111023928>				<https://panlex.org/snapshot/panlex-20191001-csv/2904#111023860>		"философия"@tyv	
"matematika"@hr	<https://panlex.org/snapshot/panlex-20191001-csv/2904#111023420>				<https://panlex.org/snapshot/panlex-20191001-csv/2904#111023510>		"математика"@tyv	
"matematika"@hr	<https://panlex.org/snapshot/panlex-20191001-csv/2904#111023420>				<https://panlex.org/snapshot/panlex-20191001-csv/2904#111023374>		"сан эртеми"@tyv	
"univerzitet"@hr	<https://panlex.org/snapshot/panlex-20191001-csv/2904#111024512>				<https://panlex.org/snapshot/panlex-20191001-csv/2904#111024559>		"университет"@tyv	
"jezikoslovlje"@hr	<https://panlex.org/snapshot/panlex-20191001-csv/2904#111023125>				<https://panlex.org/snapshot/panlex-20191001-csv/2904#111023104>		"дыл эртеми"@tyv	
"kemija"@hr	<https://panlex.org/snapshot/panlex-20191001-csv/2904#111022385>				<https://panlex.org/snapshot/panlex-20191001-csv/2904#111022403>		"химия"@tyv	
"Polutar"@hr	<https://panlex.org/snapshot/panlex-20191001-csv/2910#110855206>				<https://panlex.org/snapshot/panlex-20191001-csv/2910#110855052>		"Экватор"@tyv	
"Južni pol"@hr	<https://panlex.org/snapshot/panlex-20191001-csv/2910#110855675>				<https://panlex.org/snapshot/panlex-20191001-csv/2910#110855528>		"Мурнуу полюс"@tyv	
"Ekvator"@hr	<https://panlex.org/snapshot/panlex-20191001-csv/2910#110855047>				<https://panlex.org/snapshot/panlex-20191001-csv/2910#110855052>		"Экватор"@tyv	
"Sjeverni pol"@hr	<https://panlex.org/snapshot/panlex-20191001-csv/2910#110854700>				<https://panlex.org/snapshot/panlex-20191001-csv/2910#110854561>		"Соңгу полюс"@tyv	
"mir"@hr	<https://panlex.org/snapshot/panlex-20191001-csv/2902#111012081>				<https://panlex.org/snapshot/panlex-20191001-csv/2902#111012169>		"тайбың"@tyv	
"Sjeverno more"@hr	<https://panlex.org/snapshot/panlex-20191001-csv/2905#110870691>				<https://panlex.org/snapshot/panlex-20191001-csv/2905#110870711>		"Соңгу далай"@tyv	
"Bijelo more"@hr	<https://panlex.org/snapshot/panlex-20191001-csv/2905#110871327>				<https://panlex.org/snapshot/panlex-20191001-csv/2905#110871400>		"Ак далай"@tyv	
"Mediteransko more"@hr	<https://panlex.org/snapshot/panlex-20191001-csv/2905#110870490>				<https://panlex.org/snapshot/panlex-20191001-csv/2905#110870420>		"Чер-ортузу далай"@tyv	
"Baltičko more"@hr	<https://panlex.org/snapshot/panlex-20191001-csv/2905#110868756>				<https://panlex.org/snapshot/panlex-20191001-csv/2905#110868804>		"Балтий далай"@tyv	
"Sredozemno more"@hr	<https://panlex.org/snapshot/panlex-20191001-csv/2905#110870253>				<https://panlex.org/snapshot/panlex-20191001-csv/2905#110870420>		"Чер-ортузу далай"@tyv	
"Crveno more"@hr	<https://panlex.org/snapshot/panlex-20191001-csv/2905#110870948>				<https://panlex.org/snapshot/panlex-20191001-csv/2905#110870917>		"Кызыл далай"@tyv	
"Žuto more"@hr	<https://panlex.org/snapshot/panlex-20191001-csv/2905#110871486>				<https://panlex.org/snapshot/panlex-20191001-csv/2905#110871623>		"Сарыг далай"@tyv	
"Crno more"@hr	<https://panlex.org/snapshot/panlex-20191001-csv/2905#110869191>				<https://panlex.org/snapshot/panlex-20191001-csv/2905#110869133>		"Кара далай"@tyv	
"Karipsko more"@hr	<https://panlex.org/snapshot/panlex-20191001-csv/2905#110869439>				<https://panlex.org/snapshot/panlex-20191001-csv/2905#110869468>		"Карибий далай"@tyv	
"Saturn"@hr	<https://panlex.org/snapshot/panlex-20191001-csv/2907#110846741>				<https://panlex.org/snapshot/panlex-20191001-csv/2907#110846692>		"Сатурн"@tyv	
"Mars"@hr	<https://panlex.org/snapshot/panlex-20191001-csv/2907#110846018>				<https://panlex.org/snapshot/panlex-20191001-csv/2907#110846100>		"Марс"@tyv	
"Sunce"@hr	<https://panlex.org/snapshot/panlex-20191001-csv/2907#110845052>				<https://panlex.org/snapshot/panlex-20191001-csv/2907#110845000>		"Хүн"@tyv	
"Merkur"@hr	<https://panlex.org/snapshot/panlex-20191001-csv/2907#110845232>				<https://panlex.org/snapshot/panlex-20191001-csv/2907#110845110>		"Меркурий"@tyv	
"crna jama"@hr	<https://panlex.org/snapshot/panlex-20191001-csv/2907#110849516>				<https://panlex.org/snapshot/panlex-20191001-csv/2907#110849566>		"кара дежик"@tyv	
"Svemir"@hr	<https://panlex.org/snapshot/panlex-20191001-csv/2907#110849025>				<https://panlex.org/snapshot/panlex-20191001-csv/2907#110848971>		"Бүдүмел"@tyv	
"Svemir"@hr	<https://panlex.org/snapshot/panlex-20191001-csv/2907#110849025>				<https://panlex.org/snapshot/panlex-20191001-csv/2907#110849104>		"Октаргай"@tyv	
"Eris"@hr	<https://panlex.org/snapshot/panlex-20191001-csv/2907#110847917>				<https://panlex.org/snapshot/panlex-20191001-csv/2907#110847788>		"Эрида"@tyv	
"Pluton"@hr	<https://panlex.org/snapshot/panlex-20191001-csv/2907#110847239>				<https://panlex.org/snapshot/panlex-20191001-csv/2907#110847356>		"Плутон"@tyv	
"Mjesec"@hr	<https://panlex.org/snapshot/panlex-20191001-csv/2907#110845913>				<https://panlex.org/snapshot/panlex-20191001-csv/2907#110845848>		"Ай"@tyv	
"Venera"@hr	<https://panlex.org/snapshot/panlex-20191001-csv/2907#110845369>				<https://panlex.org/snapshot/panlex-20191001-csv/2907#110845485>		"Венера"@tyv	
"crna rupa"@hr	<https://panlex.org/snapshot/panlex-20191001-csv/2907#110849641>				<https://panlex.org/snapshot/panlex-20191001-csv/2907#110849566>		"кара дежик"@tyv	
"Zemlja"@hr	<https://panlex.org/snapshot/panlex-20191001-csv/2907#110845632>				<https://panlex.org/snapshot/panlex-20191001-csv/2907#110845704>		"Чер"@tyv	
"Ceres"@hr	<https://panlex.org/snapshot/panlex-20191001-csv/2907#110846205>				<https://panlex.org/snapshot/panlex-20191001-csv/2907#110846299>		"Церера"@tyv	
"Uran"@hr	<https://panlex.org/snapshot/panlex-20191001-csv/2907#110846815>				<https://panlex.org/snapshot/panlex-20191001-csv/2907#110846873>		"Уран"@tyv	
"Neptun"@hr	<https://panlex.org/snapshot/panlex-20191001-csv/2907#110847124>				<https://panlex.org/snapshot/panlex-20191001-csv/2907#110846986>		"Нептун"@tyv	
"Jupiter"@hr	<https://panlex.org/snapshot/panlex-20191001-csv/2907#110846402>				<https://panlex.org/snapshot/panlex-20191001-csv/2907#110846351>		"Юпитер"@tyv	
"Haumea"@hr	<https://panlex.org/snapshot/panlex-20191001-csv/2907#110847556>				<https://panlex.org/snapshot/panlex-20191001-csv/2907#110847474>		"Хаумеа"@tyv	
"Makemake"@hr	<https://panlex.org/snapshot/panlex-20191001-csv/2907#110847648>				<https://panlex.org/snapshot/panlex-20191001-csv/2907#110847743>		"Макемаке"@tyv	
"Arktički ocean"@hr	<https://panlex.org/snapshot/panlex-20191001-csv/2901#110867176>				<https://panlex.org/snapshot/panlex-20191001-csv/2901#110867195>		"Соңгу Доштуг океан"@tyv	
"Antarktički ocean"@hr	<https://panlex.org/snapshot/panlex-20191001-csv/2901#110868199>				<https://panlex.org/snapshot/panlex-20191001-csv/2901#110868150>		"Мурнуу океан"@tyv	
"Tihi ocean"@hr	<https://panlex.org/snapshot/panlex-20191001-csv/2901#110867893>				<https://panlex.org/snapshot/panlex-20191001-csv/2901#110868014>		"Оожум океан"@tyv	
"Južni ocean"@hr	<https://panlex.org/snapshot/panlex-20191001-csv/2901#110868174>				<https://panlex.org/snapshot/panlex-20191001-csv/2901#110868150>		"Мурнуу океан"@tyv	
"Južni polarni ocean"@hr	<https://panlex.org/snapshot/panlex-20191001-csv/2901#110868167>				<https://panlex.org/snapshot/panlex-20191001-csv/2901#110868150>		"Мурнуу океан"@tyv	
"Sjeverni ledeni ocean"@hr	<https://panlex.org/snapshot/panlex-20191001-csv/2901#110867136>				<https://panlex.org/snapshot/panlex-20191001-csv/2901#110867195>		"Соңгу Доштуг океан"@tyv	
"Atlantski ocean"@hr	<https://panlex.org/snapshot/panlex-20191001-csv/2901#110867538>				<https://panlex.org/snapshot/panlex-20191001-csv/2901#110867481>		"Атлантик океан"@tyv	
"Indijski ocean"@hr	<https://panlex.org/snapshot/panlex-20191001-csv/2901#110867668>				<https://panlex.org/snapshot/panlex-20191001-csv/2901#110867859>		"Индий океан"@tyv	
"Sjeverno polarno more"@hr	<https://panlex.org/snapshot/panlex-20191001-csv/2901#110867231>				<https://panlex.org/snapshot/panlex-20191001-csv/2901#110867195>		"Соңгу Доштуг океан"@tyv	
"Ivan Krstitelj"@hr	<https://panlex.org/snapshot/panlex-20191001-csv/2906#111020495>				<https://panlex.org/snapshot/panlex-20191001-csv/2906#111020466>		"Иоанн Медеглекчи"@tyv	
"Adam i Eva"@hr	<https://panlex.org/snapshot/panlex-20191001-csv/2906#111019183>				<https://panlex.org/snapshot/panlex-20191001-csv/2906#111019109>		"Адам биле Ева"@tyv	
"olovo"@hr	<https://panlex.org/snapshot/panlex-20191001-csv/2893#110995751>				<https://panlex.org/snapshot/panlex-20191001-csv/2893#110995739>		"коргулчун"@tyv	
"sumpor"@hr	<https://panlex.org/snapshot/panlex-20191001-csv/2893#110991980>				<https://panlex.org/snapshot/panlex-20191001-csv/2893#110991985>		"күкүрт"@tyv	
"brom"@hr	<https://panlex.org/snapshot/panlex-20191001-csv/2893#110993799>				<https://panlex.org/snapshot/panlex-20191001-csv/2893#110993868>		"бром"@tyv	
"neon"@hr	<https://panlex.org/snapshot/panlex-20191001-csv/2893#110990849>				<https://panlex.org/snapshot/panlex-20191001-csv/2893#110990853>		"неон"@tyv	
"fluor"@hr	<https://panlex.org/snapshot/panlex-20191001-csv/2893#110990489>				<https://panlex.org/snapshot/panlex-20191001-csv/2893#110990584>		"фтор"@tyv	
"uranij"@hr	<https://panlex.org/snapshot/panlex-20191001-csv/2893#110995796>				<https://panlex.org/snapshot/panlex-20191001-csv/2893#110995913>		"уран"@tyv	
"helij"@hr	<https://panlex.org/snapshot/panlex-20191001-csv/2893#110989598>				<https://panlex.org/snapshot/panlex-20191001-csv/2893#110989622>		"гелий"@tyv	
"dušik"@hr	<https://panlex.org/snapshot/panlex-20191001-csv/2893#110990072>				<https://panlex.org/snapshot/panlex-20191001-csv/2893#110990084>		"азот"@tyv	
"jod"@hr	<https://panlex.org/snapshot/panlex-20191001-csv/2893#110994586>				<https://panlex.org/snapshot/panlex-20191001-csv/2893#110994688>		"йод"@tyv	
"bor"@hr	<https://panlex.org/snapshot/panlex-20191001-csv/2893#110989750>				<https://panlex.org/snapshot/panlex-20191001-csv/2893#110989795>		"бор"@tyv	
"srebro"@hr	<https://panlex.org/snapshot/panlex-20191001-csv/2893#110994039>				<https://panlex.org/snapshot/panlex-20191001-csv/2893#110994088>		"мөңгүн"@tyv	
"zlato"@hr	<https://panlex.org/snapshot/panlex-20191001-csv/2893#110995298>				<https://panlex.org/snapshot/panlex-20191001-csv/2893#110995188>		"алдын"@tyv	
"silicij"@hr	<https://panlex.org/snapshot/panlex-20191001-csv/2893#110991528>				<https://panlex.org/snapshot/panlex-20191001-csv/2893#110991567>		"кремний"@tyv	
"željezo"@hr	<https://panlex.org/snapshot/panlex-20191001-csv/2893#110992661>				<https://panlex.org/snapshot/panlex-20191001-csv/2893#110992692>		"демир"@tyv	
"antimon"@hr	<https://panlex.org/snapshot/panlex-20191001-csv/2893#110994491>				<https://panlex.org/snapshot/panlex-20191001-csv/2893#110994387>		"сурьма"@tyv	
"natrij"@hr	<https://panlex.org/snapshot/panlex-20191001-csv/2893#110990876>				<https://panlex.org/snapshot/panlex-20191001-csv/2893#110991027>		"натрий"@tyv	
"platina"@hr	<https://panlex.org/snapshot/panlex-20191001-csv/2893#110995096>				<https://panlex.org/snapshot/panlex-20191001-csv/2893#110995127>		"ак алдын"@tyv	
"kalij"@hr	<https://panlex.org/snapshot/panlex-20191001-csv/2893#110992334>				<https://panlex.org/snapshot/panlex-20191001-csv/2893#110992249>		"калий"@tyv	
"magnezij"@hr	<https://panlex.org/snapshot/panlex-20191001-csv/2893#110991209>				<https://panlex.org/snapshot/panlex-20191001-csv/2893#110991195>		"магний"@tyv	
"nikal"@hr	<https://panlex.org/snapshot/panlex-20191001-csv/2893#110993105>				<https://panlex.org/snapshot/panlex-20191001-csv/2893#110993108>		"гайна"@tyv	
"volfram"@hr	<https://panlex.org/snapshot/panlex-20191001-csv/2893#110994760>				<https://panlex.org/snapshot/panlex-20191001-csv/2893#110994839>		"вольфрам"@tyv	
"kalcij"@hr	<https://panlex.org/snapshot/panlex-20191001-csv/2893#110992415>				<https://panlex.org/snapshot/panlex-20191001-csv/2893#110992413>		"кальций"@tyv	
"živa"@hr	<https://panlex.org/snapshot/panlex-20191001-csv/2893#110995438>				<https://panlex.org/snapshot/panlex-20191001-csv/2893#110995405>		"мөңгүн суу"@tyv	
"klor"@hr	<https://panlex.org/snapshot/panlex-20191001-csv/2893#110992102>				<https://panlex.org/snapshot/panlex-20191001-csv/2893#110992152>		"хлор"@tyv	
"kisik"@hr	<https://panlex.org/snapshot/panlex-20191001-csv/2893#110990416>				<https://panlex.org/snapshot/panlex-20191001-csv/2893#110990410>		"кислород"@tyv	
"arsen"@hr	<https://panlex.org/snapshot/panlex-20191001-csv/2893#110993622>				<https://panlex.org/snapshot/panlex-20191001-csv/2893#110993603>		"мышьяк"@tyv	
"mjed"@hr	<https://panlex.org/snapshot/panlex-20191001-csv/2893#110993322>				<https://panlex.org/snapshot/panlex-20191001-csv/2893#110993311>		"хола"@tyv	
"mjed"@hr	<https://panlex.org/snapshot/panlex-20191001-csv/2893#110993322>				<https://panlex.org/snapshot/panlex-20191001-csv/2893#110993261>		"чес"@tyv	
"bakar"@hr	<https://panlex.org/snapshot/panlex-20191001-csv/2893#110993234>				<https://panlex.org/snapshot/panlex-20191001-csv/2893#110993311>		"хола"@tyv	
"bakar"@hr	<https://panlex.org/snapshot/panlex-20191001-csv/2893#110993234>				<https://panlex.org/snapshot/panlex-20191001-csv/2893#110993261>		"чес"@tyv	
"ugljik"@hr	<https://panlex.org/snapshot/panlex-20191001-csv/2893#110989929>				<https://panlex.org/snapshot/panlex-20191001-csv/2893#110990041>		"углерод"@tyv	
"vodik"@hr	<https://panlex.org/snapshot/panlex-20191001-csv/2893#110989471>				<https://panlex.org/snapshot/panlex-20191001-csv/2893#110989400>		"водород"@tyv	
"aluminij"@hr	<https://panlex.org/snapshot/panlex-20191001-csv/2893#110991396>				<https://panlex.org/snapshot/panlex-20191001-csv/2893#110991402>		"алюминий"@tyv	
"kobalt"@hr	<https://panlex.org/snapshot/panlex-20191001-csv/2893#110992842>				<https://panlex.org/snapshot/panlex-20191001-csv/2893#110992821>		"кобальт"@tyv	
"kositar"@hr	<https://panlex.org/snapshot/panlex-20191001-csv/2893#110994288>				<https://panlex.org/snapshot/panlex-20191001-csv/2893#110994355>		"ак коргулчун"@tyv	
"fosfor"@hr	<https://panlex.org/snapshot/panlex-20191001-csv/2893#110991729>				<https://panlex.org/snapshot/panlex-20191001-csv/2893#110991778>		"фосфор"@tyv	
"cink"@hr	<https://panlex.org/snapshot/panlex-20191001-csv/2893#110993444>				<https://panlex.org/snapshot/panlex-20191001-csv/2893#110993458>		"цинк"@tyv	
"EU"@hr	<https://panlex.org/snapshot/panlex-20191001-csv/2894#111100438>				<https://panlex.org/snapshot/panlex-20191001-csv/2894#111100379>		"ЕЭ"@tyv	
"EU"@hr	<https://panlex.org/snapshot/panlex-20191001-csv/2894#111100438>				<https://panlex.org/snapshot/panlex-20191001-csv/2894#111100393>		"Европаның Эвилели"@tyv	
"Crveni križ"@hr	<https://panlex.org/snapshot/panlex-20191001-csv/2894#111101522>				<https://panlex.org/snapshot/panlex-20191001-csv/2894#111101594>		"Кызыл Крест"@tyv	
"Europska unija"@hr	<https://panlex.org/snapshot/panlex-20191001-csv/2894#111100350>				<https://panlex.org/snapshot/panlex-20191001-csv/2894#111100379>		"ЕЭ"@tyv	
"Europska unija"@hr	<https://panlex.org/snapshot/panlex-20191001-csv/2894#111100350>				<https://panlex.org/snapshot/panlex-20191001-csv/2894#111100393>		"Европаның Эвилели"@tyv	
"srijeda"@hr	<https://panlex.org/snapshot/panlex-20191001-csv/2892#110825173>				<https://panlex.org/snapshot/panlex-20191001-csv/2892#110824863>		"среда"@tyv	
"srijeda"@hr	<https://panlex.org/snapshot/panlex-20191001-csv/2892#110825173>				<https://panlex.org/snapshot/panlex-20191001-csv/2892#110825193>		"үш дугаар хүн"@tyv	
"ponedjeljak"@hr	<https://panlex.org/snapshot/panlex-20191001-csv/2892#110824367>				<https://panlex.org/snapshot/panlex-20191001-csv/2892#110824350>		"бир дугаар хүн"@tyv	
"ponedjeljak"@hr	<https://panlex.org/snapshot/panlex-20191001-csv/2892#110824367>				<https://panlex.org/snapshot/panlex-20191001-csv/2892#110824257>		"понедельник"@tyv	
"četvrtak"@hr	<https://panlex.org/snapshot/panlex-20191001-csv/2892#110825379>				<https://panlex.org/snapshot/panlex-20191001-csv/2892#110825571>		"дөрт дугаар хүн"@tyv	
"četvrtak"@hr	<https://panlex.org/snapshot/panlex-20191001-csv/2892#110825379>				<https://panlex.org/snapshot/panlex-20191001-csv/2892#110825348>		"четверг"@tyv	
"petak"@hr	<https://panlex.org/snapshot/panlex-20191001-csv/2892#110825901>				<https://panlex.org/snapshot/panlex-20191001-csv/2892#110826034>		"беш дугаар хүн"@tyv	
"petak"@hr	<https://panlex.org/snapshot/panlex-20191001-csv/2892#110825901>				<https://panlex.org/snapshot/panlex-20191001-csv/2892#110825694>		"пятница"@tyv	
"utorak"@hr	<https://panlex.org/snapshot/panlex-20191001-csv/2892#110824830>				<https://panlex.org/snapshot/panlex-20191001-csv/2892#110824561>		"ийи дугаар хүн"@tyv	
"utorak"@hr	<https://panlex.org/snapshot/panlex-20191001-csv/2892#110824830>				<https://panlex.org/snapshot/panlex-20191001-csv/2892#110824505>		"вторник"@tyv	
"nedjelja"@hr	<https://panlex.org/snapshot/panlex-20191001-csv/2892#110826750>				<https://panlex.org/snapshot/panlex-20191001-csv/2892#110826792>		"воскресенье"@tyv	
"nedjelja"@hr	<https://panlex.org/snapshot/panlex-20191001-csv/2892#110826750>				<https://panlex.org/snapshot/panlex-20191001-csv/2892#110826854>		"улуг хүн"@tyv	
"subota"@hr	<https://panlex.org/snapshot/panlex-20191001-csv/2892#110826387>				<https://panlex.org/snapshot/panlex-20191001-csv/2892#110826295>		"суббота"@tyv	
"subota"@hr	<https://panlex.org/snapshot/panlex-20191001-csv/2892#110826387>				<https://panlex.org/snapshot/panlex-20191001-csv/2892#110826131>		"чартык улуг-хүн"@tyv	
"srpanj"@hr	<https://panlex.org/snapshot/panlex-20191001-csv/2897#110829582>				<https://panlex.org/snapshot/panlex-20191001-csv/2897#110829686>		"чеди ай"@tyv	
"srpanj"@hr	<https://panlex.org/snapshot/panlex-20191001-csv/2897#110829582>				<https://panlex.org/snapshot/panlex-20191001-csv/2897#110829815>		"июль"@tyv	
"kolovoz"@hr	<https://panlex.org/snapshot/panlex-20191001-csv/2897#110830066>				<https://panlex.org/snapshot/panlex-20191001-csv/2897#110830132>		"август"@tyv	
"kolovoz"@hr	<https://panlex.org/snapshot/panlex-20191001-csv/2897#110830066>				<https://panlex.org/snapshot/panlex-20191001-csv/2897#110829918>		"сес ай"@tyv	
"studeni"@hr	<https://panlex.org/snapshot/panlex-20191001-csv/2897#110831161>				<https://panlex.org/snapshot/panlex-20191001-csv/2897#110831490>		"он бир ай"@tyv	
"studeni"@hr	<https://panlex.org/snapshot/panlex-20191001-csv/2897#110831161>				<https://panlex.org/snapshot/panlex-20191001-csv/2897#110831320>		"ноябрь"@tyv	
"veljača"@hr	<https://panlex.org/snapshot/panlex-20191001-csv/2897#110827826>				<https://panlex.org/snapshot/panlex-20191001-csv/2897#110827852>		"ийи ай"@tyv	
"veljača"@hr	<https://panlex.org/snapshot/panlex-20191001-csv/2897#110827826>				<https://panlex.org/snapshot/panlex-20191001-csv/2897#110827537>		"февраль"@tyv	
"travanj"@hr	<https://panlex.org/snapshot/panlex-20191001-csv/2897#110828596>				<https://panlex.org/snapshot/panlex-20191001-csv/2897#110828471>		"дөрт ай"@tyv	
"travanj"@hr	<https://panlex.org/snapshot/panlex-20191001-csv/2897#110828596>				<https://panlex.org/snapshot/panlex-20191001-csv/2897#110828463>		"апрель"@tyv	
"rujan"@hr	<https://panlex.org/snapshot/panlex-20191001-csv/2897#110830649>				<https://panlex.org/snapshot/panlex-20191001-csv/2897#110830634>		"сентябрь"@tyv	
"rujan"@hr	<https://panlex.org/snapshot/panlex-20191001-csv/2897#110830649>				<https://panlex.org/snapshot/panlex-20191001-csv/2897#110830688>		"тос ай"@tyv	
"listopad"@hr	<https://panlex.org/snapshot/panlex-20191001-csv/2897#110830755>				<https://panlex.org/snapshot/panlex-20191001-csv/2897#110831071>		"октябрь"@tyv	
"listopad"@hr	<https://panlex.org/snapshot/panlex-20191001-csv/2897#110830755>				<https://panlex.org/snapshot/panlex-20191001-csv/2897#110830977>		"он ай"@tyv	
"svibanj"@hr	<https://panlex.org/snapshot/panlex-20191001-csv/2897#110829021>				<https://panlex.org/snapshot/panlex-20191001-csv/2897#110828679>		"беш ай"@tyv	
"svibanj"@hr	<https://panlex.org/snapshot/panlex-20191001-csv/2897#110829021>				<https://panlex.org/snapshot/panlex-20191001-csv/2897#110828802>		"май"@tyv	
"ožujak"@hr	<https://panlex.org/snapshot/panlex-20191001-csv/2897#110828196>				<https://panlex.org/snapshot/panlex-20191001-csv/2897#110828001>		"үш ай"@tyv	
"ožujak"@hr	<https://panlex.org/snapshot/panlex-20191001-csv/2897#110828196>				<https://panlex.org/snapshot/panlex-20191001-csv/2897#110827875>		"март"@tyv	
"prosinac"@hr	<https://panlex.org/snapshot/panlex-20191001-csv/2897#110831927>				<https://panlex.org/snapshot/panlex-20191001-csv/2897#110831717>		"декабрь"@tyv	
"prosinac"@hr	<https://panlex.org/snapshot/panlex-20191001-csv/2897#110831927>				<https://panlex.org/snapshot/panlex-20191001-csv/2897#110831627>		"он ийи ай"@tyv	
"lipanj"@hr	<https://panlex.org/snapshot/panlex-20191001-csv/2897#110829222>				<https://panlex.org/snapshot/panlex-20191001-csv/2897#110829116>		"алды ай"@tyv	
"lipanj"@hr	<https://panlex.org/snapshot/panlex-20191001-csv/2897#110829222>				<https://panlex.org/snapshot/panlex-20191001-csv/2897#110829190>		"июнь"@tyv	
"siječanj"@hr	<https://panlex.org/snapshot/panlex-20191001-csv/2897#110827247>				<https://panlex.org/snapshot/panlex-20191001-csv/2897#110827108>		"январь"@tyv	
"siječanj"@hr	<https://panlex.org/snapshot/panlex-20191001-csv/2897#110827247>				<https://panlex.org/snapshot/panlex-20191001-csv/2897#110827381>		"бир ай"@tyv	
"Afrika"@hr	<https://panlex.org/snapshot/panlex-20191001-csv/2891#110853099>				<https://panlex.org/snapshot/panlex-20191001-csv/2891#110853040>		"Африка"@tyv	
"Amerika"@hr	<https://panlex.org/snapshot/panlex-20191001-csv/2891#110853265>				<https://panlex.org/snapshot/panlex-20191001-csv/2891#110853492>		"Америка"@tyv	
"Europa"@hr	<https://panlex.org/snapshot/panlex-20191001-csv/2891#110854108>				<https://panlex.org/snapshot/panlex-20191001-csv/2891#110854303>		"Европа"@tyv	
"Oceanija"@hr	<https://panlex.org/snapshot/panlex-20191001-csv/2891#110854450>				<https://panlex.org/snapshot/panlex-20191001-csv/2891#110854442>		"Океания"@tyv	
"Azija"@hr	<https://panlex.org/snapshot/panlex-20191001-csv/2891#110853956>				<https://panlex.org/snapshot/panlex-20191001-csv/2891#110853900>		"Азия"@tyv	
"Antarktika"@hr	<https://panlex.org/snapshot/panlex-20191001-csv/2891#110853619>				<https://panlex.org/snapshot/panlex-20191001-csv/2891#110853751>		"Антарктида"@tyv	
"Orion"@hr	<https://panlex.org/snapshot/panlex-20191001-csv/2890#111030613>				<https://panlex.org/snapshot/panlex-20191001-csv/2890#111030691>		"Үш-Мыйгак"@tyv	
"Labud"@hr	<https://panlex.org/snapshot/panlex-20191001-csv/2890#111027772>				<https://panlex.org/snapshot/panlex-20191001-csv/2890#111027679>		"Куу"@tyv	
"Orao"@hr	<https://panlex.org/snapshot/panlex-20191001-csv/2890#111025103>				<https://panlex.org/snapshot/panlex-20191001-csv/2890#111025054>		"Эзир"@tyv	
"Mali medvjed"@hr	<https://panlex.org/snapshot/panlex-20191001-csv/2890#111033123>				<https://panlex.org/snapshot/panlex-20191001-csv/2890#111033074>		"Биче Чеди-Хаан"@tyv	
"Veliki medvjed"@hr	<https://panlex.org/snapshot/panlex-20191001-csv/2890#111032942>				<https://panlex.org/snapshot/panlex-20191001-csv/2890#111032913>		"Чеди-Хаан"@tyv	
