"maranana"@kbt	<https://panlex.org/snapshot/panlex-20191001-csv/114#8067769>				<https://panlex.org/snapshot/panlex-20191001-csv/114#8067856>		"mai"@mgl	
"vora"@kbt	<https://panlex.org/snapshot/panlex-20191001-csv/114#8062060>				<https://panlex.org/snapshot/panlex-20191001-csv/114#8062133>		"remo"@mgl	
"more"@kbt	<https://panlex.org/snapshot/panlex-20191001-csv/114#8056446>				<https://panlex.org/snapshot/panlex-20191001-csv/114#8056523>		"muru"@mgl	
"i dukuanana"@kbt	<https://panlex.org/snapshot/panlex-20191001-csv/114#8065212>				<https://panlex.org/snapshot/panlex-20191001-csv/114#8065302>		"ḇani"@mgl	
"puripuri-nana"@kbt	<https://panlex.org/snapshot/panlex-20191001-csv/114#8057924>				<https://panlex.org/snapshot/panlex-20191001-csv/114#8058012>		"ǥunǥuni"@mgl	
"roʼonana"@kbt	<https://panlex.org/snapshot/panlex-20191001-csv/114#8063577>				<https://panlex.org/snapshot/panlex-20191001-csv/114#8063666>		"kuri"@mgl	
"agegominana"@kbt	<https://panlex.org/snapshot/panlex-20191001-csv/114#8064125>				<https://panlex.org/snapshot/panlex-20191001-csv/114#8064209>		"ǥoli"@mgl	
"sinaenana"@kbt	<https://panlex.org/snapshot/panlex-20191001-csv/114#8058443>				<https://panlex.org/snapshot/panlex-20191001-csv/114#8058537>		"opo"@mgl	
"egana"@kbt	<https://panlex.org/snapshot/panlex-20191001-csv/114#8053880>				<https://panlex.org/snapshot/panlex-20191001-csv/114#8053975>		"lala"@mgl	
"e isaʼaku"@kbt	<https://panlex.org/snapshot/panlex-20191001-csv/114#8061543>				<https://panlex.org/snapshot/panlex-20191001-csv/114#8061632>		"ôtai"@mgl	
