"maranana"@kbt	<https://panlex.org/snapshot/panlex-20191001-csv/114#8067769>				<https://panlex.org/snapshot/panlex-20191001-csv/114#8067951>		"*dilaq"@poz	
"maranana"@kbt	<https://panlex.org/snapshot/panlex-20191001-csv/114#8067769>				<https://panlex.org/snapshot/panlex-20191001-csv/114#8067952>		"*hema"@poz	
"vora"@kbt	<https://panlex.org/snapshot/panlex-20191001-csv/114#8062060>				<https://panlex.org/snapshot/panlex-20191001-csv/114#8062220>		"*demdem"@poz	
"more"@kbt	<https://panlex.org/snapshot/panlex-20191001-csv/114#8056446>				<https://panlex.org/snapshot/panlex-20191001-csv/114#8056619>		"*cemed"@poz	
"i dukuanana"@kbt	<https://panlex.org/snapshot/panlex-20191001-csv/114#8065212>				<https://panlex.org/snapshot/panlex-20191001-csv/114#8065399>		"*ijuŋ"@poz	
"i dukuanana"@kbt	<https://panlex.org/snapshot/panlex-20191001-csv/114#8065212>				<https://panlex.org/snapshot/panlex-20191001-csv/114#8065400>		"*ujuŋ"@poz	
"puripuri-nana"@kbt	<https://panlex.org/snapshot/panlex-20191001-csv/114#8057924>				<https://panlex.org/snapshot/panlex-20191001-csv/114#8058100>		"*likud"@poz	
"roʼonana"@kbt	<https://panlex.org/snapshot/panlex-20191001-csv/114#8063577>				<https://panlex.org/snapshot/panlex-20191001-csv/114#8063763>		"*qulu"@poz	
"agegominana"@kbt	<https://panlex.org/snapshot/panlex-20191001-csv/114#8064125>				<https://panlex.org/snapshot/panlex-20191001-csv/114#8064301>		"*liqeʀ"@poz	
"sinaenana"@kbt	<https://panlex.org/snapshot/panlex-20191001-csv/114#8058443>				<https://panlex.org/snapshot/panlex-20191001-csv/114#8058643>		"*tian"@poz	
"egana"@kbt	<https://panlex.org/snapshot/panlex-20191001-csv/114#8053880>				<https://panlex.org/snapshot/panlex-20191001-csv/114#8054078>		"*panaw"@poz	
"egana"@kbt	<https://panlex.org/snapshot/panlex-20191001-csv/114#8053880>				<https://panlex.org/snapshot/panlex-20191001-csv/114#8054077>		"*lakaw"@poz	
"e isaʼaku"@kbt	<https://panlex.org/snapshot/panlex-20191001-csv/114#8061543>				<https://panlex.org/snapshot/panlex-20191001-csv/114#8061735>		"*taqu"@poz	
