"kunia"@mgl	<https://panlex.org/snapshot/panlex-20191001-csv/114#8066254>				<https://panlex.org/snapshot/panlex-20191001-csv/114#8066441>		"hayoʔ"@tlv	
"ḇaǥe"@mgl	<https://panlex.org/snapshot/panlex-20191001-csv/114#8051903>				<https://panlex.org/snapshot/panlex-20191001-csv/114#8052116>		"faha"@tlv	
"ḇaǥe"@mgl	<https://panlex.org/snapshot/panlex-20191001-csv/114#8051903>				<https://panlex.org/snapshot/panlex-20191001-csv/114#8052117>		"lima"@tlv	
"roŋa"@mgl	<https://panlex.org/snapshot/panlex-20191001-csv/114#8067330>				<https://panlex.org/snapshot/panlex-20191001-csv/114#8067535>		"ŋioñ"@tlv	
"ôtai"@mgl	<https://panlex.org/snapshot/panlex-20191001-csv/114#8052878>				<https://panlex.org/snapshot/panlex-20191001-csv/114#8053051>		"kalawanañ"@tlv	
"ôtai"@mgl	<https://panlex.org/snapshot/panlex-20191001-csv/114#8061632>				<https://panlex.org/snapshot/panlex-20191001-csv/114#8061841>		"kananoʔu"@tlv	
"opo"@mgl	<https://panlex.org/snapshot/panlex-20191001-csv/114#8058537>				<https://panlex.org/snapshot/panlex-20191001-csv/114#8058754>		"ntuka"@tlv	
"ai"@mgl	<https://panlex.org/snapshot/panlex-20191001-csv/114#8053390>				<https://panlex.org/snapshot/panlex-20191001-csv/114#8053603>		"loc"@tlv	
"ai"@mgl	<https://panlex.org/snapshot/panlex-20191001-csv/114#8053390>				<https://panlex.org/snapshot/panlex-20191001-csv/114#8053604>		"mfalahoñ"@tlv	
"ao"@mgl	<https://panlex.org/snapshot/panlex-20191001-csv/114#8066770>				<https://panlex.org/snapshot/panlex-20191001-csv/114#8066980>		"suŋ"@tlv	
"mai"@mgl	<https://panlex.org/snapshot/panlex-20191001-csv/114#8067856>				<https://panlex.org/snapshot/panlex-20191001-csv/114#8068049>		"d|amañ"@tlv	
"mai"@mgl	<https://panlex.org/snapshot/panlex-20191001-csv/114#8055006>				<https://panlex.org/snapshot/panlex-20191001-csv/114#8055193>		"haec"@tlv	
