"Dútslân"@fy	<https://panlex.org/snapshot/panlex-20191001-csv/6898#113639363>				<https://panlex.org/snapshot/panlex-20191001-csv/6898#113639340>		"Germany"@gaz	
"Sina"@fy	<https://panlex.org/snapshot/panlex-20191001-csv/6898#113614043>				<https://panlex.org/snapshot/panlex-20191001-csv/6898#113614028>		"China"@gaz	
"Kenia"@fy	<https://panlex.org/snapshot/panlex-20191001-csv/6898#113594056>				<https://panlex.org/snapshot/panlex-20191001-csv/6898#113593922>		"Keeniyaa"@gaz	
"Brazilië"@fy	<https://panlex.org/snapshot/panlex-20191001-csv/6898#113645309>				<https://panlex.org/snapshot/panlex-20191001-csv/6898#113645359>		"Brazil"@gaz	
"wetter"@fy	<https://panlex.org/snapshot/panlex-20191001-csv/12#850918>				<https://panlex.org/snapshot/panlex-20191001-csv/12#851097>		"biye"@gaz	
"wetter"@fy	<https://panlex.org/snapshot/panlex-20191001-csv/12#850918>				<https://panlex.org/snapshot/panlex-20191001-csv/12#851096>		"bishaan"@gaz	
"wetter"@fy	<https://panlex.org/snapshot/panlex-20191001-csv/11#787557>				<https://panlex.org/snapshot/panlex-20191001-csv/11#787694>		"bishaan"@gaz	
"wetter"@fy	<https://panlex.org/snapshot/panlex-20191001-csv/11#787557>				<https://panlex.org/snapshot/panlex-20191001-csv/11#787695>		"biye"@gaz	
