"Ioràn"@gd	<https://panlex.org/snapshot/panlex-20191001-csv/6898#113626170>				<https://panlex.org/snapshot/panlex-20191001-csv/6898#113626106>		"Iraan"@ses	
"Tubhalu"@gd	<https://panlex.org/snapshot/panlex-20191001-csv/6898#113610252>				<https://panlex.org/snapshot/panlex-20191001-csv/6898#113610289>		"Tuvalu"@ses	
"Camarun"@gd	<https://panlex.org/snapshot/panlex-20191001-csv/6898#113639124>				<https://panlex.org/snapshot/panlex-20191001-csv/6898#113639138>		"Kameruun"@ses	
"An t-Sìn"@gd	<https://panlex.org/snapshot/panlex-20191001-csv/6898#113614094>				<https://panlex.org/snapshot/panlex-20191001-csv/6898#113614010>		"Šiin"@ses	
"Naomh Bhionsant agus Eileanan Greanadach"@gd	<https://panlex.org/snapshot/panlex-20191001-csv/6898#113611807>				<https://panlex.org/snapshot/panlex-20191001-csv/6898#113611938>		"Seŋvinsaŋ nda Grenadine"@ses	
"Albàinia"@gd	<https://panlex.org/snapshot/panlex-20191001-csv/6898#113637758>				<https://panlex.org/snapshot/panlex-20191001-csv/6898#113637736>		"Albaani"@ses	
"An Ungair"@gd	<https://panlex.org/snapshot/panlex-20191001-csv/6898#113625016>				<https://panlex.org/snapshot/panlex-20191001-csv/6898#113625146>		"Hungaari"@ses	
"Siarra Leòmhann"@gd	<https://panlex.org/snapshot/panlex-20191001-csv/6898#113637111>				<https://panlex.org/snapshot/panlex-20191001-csv/6898#113637121>		"Seera Leon"@ses	
"Aildiria"@gd	<https://panlex.org/snapshot/panlex-20191001-csv/6898#113608289>				<https://panlex.org/snapshot/panlex-20191001-csv/6898#113608256>		"Alžeeri"@ses	
"Na Stàitean Aonaichte"@gd	<https://panlex.org/snapshot/panlex-20191001-csv/6898#113598052>				<https://panlex.org/snapshot/panlex-20191001-csv/6898#113598066>		"Ameriki Laabu Margantey"@ses	
"Andorra"@gd	<https://panlex.org/snapshot/panlex-20191001-csv/6898#113588446>				<https://panlex.org/snapshot/panlex-20191001-csv/6898#113588495>		"Andoora"@ses	
"An Itiop"@gd	<https://panlex.org/snapshot/panlex-20191001-csv/6898#113615680>				<https://panlex.org/snapshot/panlex-20191001-csv/6898#113615749>		"Ecioopi"@ses	
"Beinin"@gd	<https://panlex.org/snapshot/panlex-20191001-csv/6898#113607594>				<https://panlex.org/snapshot/panlex-20191001-csv/6898#113607464>		"Beniŋ"@ses	
"Gini"@gd	<https://panlex.org/snapshot/panlex-20191001-csv/6898#113617798>				<https://panlex.org/snapshot/panlex-20191001-csv/6898#113617839>		"Gine"@ses	
"Eartra"@gd	<https://panlex.org/snapshot/panlex-20191001-csv/6898#113587004>				<https://panlex.org/snapshot/panlex-20191001-csv/6898#113586920>		"Eritree"@ses	
"Romàinia"@gd	<https://panlex.org/snapshot/panlex-20191001-csv/6898#113618211>				<https://panlex.org/snapshot/panlex-20191001-csv/6898#113618129>		"Rumaani"@ses	
"Nìgeir"@gd	<https://panlex.org/snapshot/panlex-20191001-csv/6898#113644825>				<https://panlex.org/snapshot/panlex-20191001-csv/6898#113644921>		"Nižer"@ses	
"An Ostair"@gd	<https://panlex.org/snapshot/panlex-20191001-csv/6898#113616215>				<https://panlex.org/snapshot/panlex-20191001-csv/6898#113616214>		"Otriši"@ses	
"An Ruis"@gd	<https://panlex.org/snapshot/panlex-20191001-csv/6898#113645897>				<https://panlex.org/snapshot/panlex-20191001-csv/6898#113645813>		"Iriši laboo"@ses	
"Botsuana"@gd	<https://panlex.org/snapshot/panlex-20191001-csv/6898#113595311>				<https://panlex.org/snapshot/panlex-20191001-csv/6898#113595365>		"Botswaana"@ses	
"Iòrdan"@gd	<https://panlex.org/snapshot/panlex-20191001-csv/6898#113611645>				<https://panlex.org/snapshot/panlex-20191001-csv/6898#113611668>		"Urdun"@ses	
"Haidhti"@gd	<https://panlex.org/snapshot/panlex-20191001-csv/6898#113634518>				<https://panlex.org/snapshot/panlex-20191001-csv/6898#113634558>		"Haiti"@ses	
"Vanuatu"@gd	<https://panlex.org/snapshot/panlex-20191001-csv/6898#113628928>				<https://panlex.org/snapshot/panlex-20191001-csv/6898#113629079>		"Vanautu"@ses	
"Innis Tìle"@gd	<https://panlex.org/snapshot/panlex-20191001-csv/6898#113601061>				<https://panlex.org/snapshot/panlex-20191001-csv/6898#113601109>		"Ayceland"@ses	
"Eileanan Breatannach na Maighdinn"@gd	<https://panlex.org/snapshot/panlex-20191001-csv/6898#113590467>				<https://panlex.org/snapshot/panlex-20191001-csv/6898#113590440>		"Britiši Virgin gungey"@ses	
"Braisil"@gd	<https://panlex.org/snapshot/panlex-20191001-csv/6898#113645383>				<https://panlex.org/snapshot/panlex-20191001-csv/6898#113645371>		"Breezil"@ses	
"Taidigeastàn"@gd	<https://panlex.org/snapshot/panlex-20191001-csv/6898#113590137>				<https://panlex.org/snapshot/panlex-20191001-csv/6898#113590193>		"Taažikistan"@ses	
"Na h-Eileanan Caimean"@gd	<https://panlex.org/snapshot/panlex-20191001-csv/6898#113630060>				<https://panlex.org/snapshot/panlex-20191001-csv/6898#113630078>		"Kayman gungey"@ses	
"An Costa Ìbhri"@gd	<https://panlex.org/snapshot/panlex-20191001-csv/6898#113640435>				<https://panlex.org/snapshot/panlex-20191001-csv/6898#113640350>		"Kudwar"@ses	
"Taidh-Bhàn"@gd	<https://panlex.org/snapshot/panlex-20191001-csv/6898#113605151>				<https://panlex.org/snapshot/panlex-20191001-csv/6898#113605075>		"Taayiwan"@ses	
"Cuibhèit"@gd	<https://panlex.org/snapshot/panlex-20191001-csv/6898#113605903>				<https://panlex.org/snapshot/panlex-20191001-csv/6898#113605816>		"Kuweet"@ses	
"Togo"@gd	<https://panlex.org/snapshot/panlex-20191001-csv/6898#113613810>				<https://panlex.org/snapshot/panlex-20191001-csv/6898#113613804>		"Togo"@ses	
"Na h-Eileanan Mhoiriseas"@gd	<https://panlex.org/snapshot/panlex-20191001-csv/6898#113611458>				<https://panlex.org/snapshot/panlex-20191001-csv/6898#113611542>		"Mooris gungey"@ses	
"Timor-Leste"@gd	<https://panlex.org/snapshot/panlex-20191001-csv/6898#113632736>				<https://panlex.org/snapshot/panlex-20191001-csv/6898#113632706>		"Timoor hawsa"@ses	
"Coloimbia"@gd	<https://panlex.org/snapshot/panlex-20191001-csv/6898#113620819>				<https://panlex.org/snapshot/panlex-20191001-csv/6898#113620761>		"Kolombi"@ses	
"Eileanan Mharshall"@gd	<https://panlex.org/snapshot/panlex-20191001-csv/6898#113594928>				<https://panlex.org/snapshot/panlex-20191001-csv/6898#113595028>		"Maršal gungey"@ses	
"Madagasgar"@gd	<https://panlex.org/snapshot/panlex-20191001-csv/6898#113589933>				<https://panlex.org/snapshot/panlex-20191001-csv/6898#113590020>		"Madagascar"@ses	
"Dùthaich nan Suasaidh"@gd	<https://panlex.org/snapshot/panlex-20191001-csv/6898#113625369>				<https://panlex.org/snapshot/panlex-20191001-csv/6898#113625287>		"Swaziland"@ses	
"Catar"@gd	<https://panlex.org/snapshot/panlex-20191001-csv/6898#113636755>				<https://panlex.org/snapshot/panlex-20191001-csv/6898#113636833>		"Kataar"@ses	
"Suranam"@gd	<https://panlex.org/snapshot/panlex-20191001-csv/6898#113640678>				<https://panlex.org/snapshot/panlex-20191001-csv/6898#113640618>		"Surinaam"@ses	
"Gabon"@gd	<https://panlex.org/snapshot/panlex-20191001-csv/6898#113585190>				<https://panlex.org/snapshot/panlex-20191001-csv/6898#113585147>		"Gaabon"@ses	
"Neapàl"@gd	<https://panlex.org/snapshot/panlex-20191001-csv/6898#113584131>				<https://panlex.org/snapshot/panlex-20191001-csv/6898#113584053>		"Neepal"@ses	
"Diameuga"@gd	<https://panlex.org/snapshot/panlex-20191001-csv/6898#113593202>				<https://panlex.org/snapshot/panlex-20191001-csv/6898#113593353>		"Jamaayik"@ses	
"Afraga a Deas"@gd	<https://panlex.org/snapshot/panlex-20191001-csv/6898#113613565>				<https://panlex.org/snapshot/panlex-20191001-csv/6898#113613665>		"Hawsa Afriki Laboo"@ses	
"Na h-Eileanan Mhaladaibh"@gd	<https://panlex.org/snapshot/panlex-20191001-csv/6898#113641685>				<https://panlex.org/snapshot/panlex-20191001-csv/6898#113641775>		"Maldiivu"@ses	
"Cambuidea"@gd	<https://panlex.org/snapshot/panlex-20191001-csv/6898#113591771>				<https://panlex.org/snapshot/panlex-20191001-csv/6898#113591884>		"Kamboogi"@ses	
"An t-Sìombab"@gd	<https://panlex.org/snapshot/panlex-20191001-csv/6898#113583721>				<https://panlex.org/snapshot/panlex-20191001-csv/6898#113583746>		"Zimbabwe"@ses	
"Meagsago"@gd	<https://panlex.org/snapshot/panlex-20191001-csv/6898#113628359>				<https://panlex.org/snapshot/panlex-20191001-csv/6898#113628446>		"Mexiki"@ses	
"Ciribeas"@gd	<https://panlex.org/snapshot/panlex-20191001-csv/6898#113603058>				<https://panlex.org/snapshot/panlex-20191001-csv/6898#113603118>		"Kiribaati"@ses	
"Cìorgastan"@gd	<https://panlex.org/snapshot/panlex-20191001-csv/6898#113627320>				<https://panlex.org/snapshot/panlex-20191001-csv/6898#113627260>		"Kyrgyzstan"@ses	
"Na h-Eileanan Bhathama"@gd	<https://panlex.org/snapshot/panlex-20191001-csv/6898#113592761>				<https://panlex.org/snapshot/panlex-20191001-csv/6898#113592809>		"Bahamas"@ses	
"An Ceap Uaine"@gd	<https://panlex.org/snapshot/panlex-20191001-csv/6898#113629324>				<https://panlex.org/snapshot/panlex-20191001-csv/6898#113629352>		"Kapuver gungey"@ses	
"Uganda"@gd	<https://panlex.org/snapshot/panlex-20191001-csv/6898#113638067>				<https://panlex.org/snapshot/panlex-20191001-csv/6898#113638079>		"Uganda"@ses	
"An Tuirc"@gd	<https://panlex.org/snapshot/panlex-20191001-csv/6898#113612047>				<https://panlex.org/snapshot/panlex-20191001-csv/6898#113612114>		"Turki"@ses	
"An Fhraing"@gd	<https://panlex.org/snapshot/panlex-20191001-csv/6898#113617911>				<https://panlex.org/snapshot/panlex-20191001-csv/6898#113617901>		"Faransi"@ses	
"Buirciona Faso"@gd	<https://panlex.org/snapshot/panlex-20191001-csv/6898#113632473>				<https://panlex.org/snapshot/panlex-20191001-csv/6898#113632392>		"Burkina faso"@ses	
"Costa Rìcea"@gd	<https://panlex.org/snapshot/panlex-20191001-csv/6898#113598369>				<https://panlex.org/snapshot/panlex-20191001-csv/6898#113598451>		"Kosta rika"@ses	
