"dùn"@gd	<https://panlex.org/snapshot/panlex-20191001-csv/6712#111098795>				<https://panlex.org/snapshot/panlex-20191001-csv/6712#111098780>		"हस्तिः"@sa	
"tàileasg"@gd	<https://panlex.org/snapshot/panlex-20191001-csv/6712#111099364>				<https://panlex.org/snapshot/panlex-20191001-csv/6712#111099316>		"चतुरङ्गक्रीडा"@sa	
"ridire"@gd	<https://panlex.org/snapshot/panlex-20191001-csv/6712#111099094>				<https://panlex.org/snapshot/panlex-20191001-csv/6712#111099097>		"अश्वः"@sa	
"caisteal"@gd	<https://panlex.org/snapshot/panlex-20191001-csv/6712#111098751>				<https://panlex.org/snapshot/panlex-20191001-csv/6712#111098780>		"हस्तिः"@sa	
"banrìgh"@gd	<https://panlex.org/snapshot/panlex-20191001-csv/6712#111098661>				<https://panlex.org/snapshot/panlex-20191001-csv/6712#111098659>		"राज्ञी"@sa	
"banrìgh"@gd	<https://panlex.org/snapshot/panlex-20191001-csv/6712#111098661>				<https://panlex.org/snapshot/panlex-20191001-csv/6712#111098585>		"मन्त्री"@sa	
"pàn"@gd	<https://panlex.org/snapshot/panlex-20191001-csv/6712#111099262>				<https://panlex.org/snapshot/panlex-20191001-csv/6712#111099152>		"सैनिकः"@sa	
"rìgh"@gd	<https://panlex.org/snapshot/panlex-20191001-csv/6712#111098375>				<https://panlex.org/snapshot/panlex-20191001-csv/6712#111098400>		"राजा"@sa	
"easbaig"@gd	<https://panlex.org/snapshot/panlex-20191001-csv/6712#111098966>				<https://panlex.org/snapshot/panlex-20191001-csv/6712#111098902>		"उष्ट्रः"@sa	
"An Cogadh Mòr"@gd	<https://panlex.org/snapshot/panlex-20191001-csv/6709#111077405>				<https://panlex.org/snapshot/panlex-20191001-csv/6709#111077469>		"प्रथम विश्वयुद्ध"@sa	
"An Cogadh t-Saoghal a’ Cheusair"@gd	<https://panlex.org/snapshot/panlex-20191001-csv/6709#111077409>				<https://panlex.org/snapshot/panlex-20191001-csv/6709#111077469>		"प्रथम विश्वयुद्ध"@sa	
"Linn an Iarainn"@gd	<https://panlex.org/snapshot/panlex-20191001-csv/6709#111076199>				<https://panlex.org/snapshot/panlex-20191001-csv/6709#111076258>		"लोहयुगम्"@sa	
"Linn an Umha"@gd	<https://panlex.org/snapshot/panlex-20191001-csv/6709#111076054>				<https://panlex.org/snapshot/panlex-20191001-csv/6709#111075954>		"कांस्ययुगम्"@sa	
"An Dara Cogadh t-Saoghal"@gd	<https://panlex.org/snapshot/panlex-20191001-csv/6709#111077595>				<https://panlex.org/snapshot/panlex-20191001-csv/6709#111077608>		"द्वितीय विश्वयुद्ध"@sa	
"uisge"@gd	<https://panlex.org/snapshot/panlex-20191001-csv/2131#11695246>				<https://panlex.org/snapshot/panlex-20191001-csv/2131#11695243>		"जल"@sa	
"Innis Tile"@gd	<https://panlex.org/snapshot/panlex-20191001-csv/18#1003896>				<https://panlex.org/snapshot/panlex-20191001-csv/18#1003921>		"आइसलैंड"@sa	
"óstán"@gd	<https://panlex.org/snapshot/panlex-20191001-csv/5950#85873235>				<https://panlex.org/snapshot/panlex-20191001-csv/5950#85873275>		"पांथशाला"@sa	
"cridhe"@gd	<https://panlex.org/snapshot/panlex-20191001-csv/5950#85876383>				<https://panlex.org/snapshot/panlex-20191001-csv/5950#85876426>		"हृदयं"@sa	
"tombaca"@gd	<https://panlex.org/snapshot/panlex-20191001-csv/5950#85875525>				<https://panlex.org/snapshot/panlex-20191001-csv/5950#85875548>		"तमाखुः"@sa	
"An Fhraing"@gd	<https://panlex.org/snapshot/panlex-20191001-csv/5950#85860332>				<https://panlex.org/snapshot/panlex-20191001-csv/5950#85860382>		"फ्रांस"@sa	
"daeilag"@gd	<https://panlex.org/snapshot/panlex-20191001-csv/5950#85869662>				<https://panlex.org/snapshot/panlex-20191001-csv/5950#85869696>		"खर्जूरी"@sa	
"iar-leasachan"@gd	<https://panlex.org/snapshot/panlex-20191001-csv/5950#85874448>				<https://panlex.org/snapshot/panlex-20191001-csv/5950#85874456>		"प्रत्यय"@sa	
"ugh"@gd	<https://panlex.org/snapshot/panlex-20191001-csv/5947#84707474>				<https://panlex.org/snapshot/panlex-20191001-csv/5947#84707556>		"अण्ड"@sa	
"An Gearran"@gd	<https://panlex.org/snapshot/panlex-20191001-csv/5947#84742861>				<https://panlex.org/snapshot/panlex-20191001-csv/5947#84743002>		"फरवरी"@sa	
"airgead"@gd	<https://panlex.org/snapshot/panlex-20191001-csv/5947#84847027>				<https://panlex.org/snapshot/panlex-20191001-csv/5947#84847065>		"रजत"@sa	
"airgead"@gd	<https://panlex.org/snapshot/panlex-20191001-csv/5947#84847027>				<https://panlex.org/snapshot/panlex-20191001-csv/5947#84847066>		"सित"@sa	
"airgead"@gd	<https://panlex.org/snapshot/panlex-20191001-csv/5947#84847027>				<https://panlex.org/snapshot/panlex-20191001-csv/5947#84847064>		"रूप्य"@sa	
"camamhail"@gd	<https://panlex.org/snapshot/panlex-20191001-csv/5947#84831117>				<https://panlex.org/snapshot/panlex-20191001-csv/5947#84831131>		"कर्पूरपुष्प"@sa	
"Ailgear"@gd	<https://panlex.org/snapshot/panlex-20191001-csv/5947#84580098>				<https://panlex.org/snapshot/panlex-20191001-csv/5947#84580192>		"अल्जीरिया"@sa	
"Tìr’n Aildìr"@gd	<https://panlex.org/snapshot/panlex-20191001-csv/5947#84580097>				<https://panlex.org/snapshot/panlex-20191001-csv/5947#84580192>		"अल्जीरिया"@sa	
"lighiche"@gd	<https://panlex.org/snapshot/panlex-20191001-csv/5947#84737804>				<https://panlex.org/snapshot/panlex-20191001-csv/5947#84737859>		"जायु"@sa	
"lighiche"@gd	<https://panlex.org/snapshot/panlex-20191001-csv/5947#84737804>				<https://panlex.org/snapshot/panlex-20191001-csv/5947#84737858>		"भिषज्"@sa	
"ae"@gd	<https://panlex.org/snapshot/panlex-20191001-csv/5947#84895231>				<https://panlex.org/snapshot/panlex-20191001-csv/5947#84895284>		"यकृत्"@sa	
"sannt"@gd	<https://panlex.org/snapshot/panlex-20191001-csv/5947#84651598>				<https://panlex.org/snapshot/panlex-20191001-csv/5947#84651608>		"लोभ"@sa	
"buidhe"@gd	<https://panlex.org/snapshot/panlex-20191001-csv/5947#84920575>				<https://panlex.org/snapshot/panlex-20191001-csv/5947#84920602>		"पीतल"@sa	
"buidhe"@gd	<https://panlex.org/snapshot/panlex-20191001-csv/5947#84920575>				<https://panlex.org/snapshot/panlex-20191001-csv/5947#84920603>		"पीत"@sa	
"buidhe"@gd	<https://panlex.org/snapshot/panlex-20191001-csv/5947#84920575>				<https://panlex.org/snapshot/panlex-20191001-csv/5947#84920604>		"पीतक"@sa	
"geal"@gd	<https://panlex.org/snapshot/panlex-20191001-csv/5947#84639738>				<https://panlex.org/snapshot/panlex-20191001-csv/5947#84639835>		"पाण्डु"@sa	
"geal"@gd	<https://panlex.org/snapshot/panlex-20191001-csv/5947#84639738>				<https://panlex.org/snapshot/panlex-20191001-csv/5947#84639836>		"सित"@sa	
"geal"@gd	<https://panlex.org/snapshot/panlex-20191001-csv/5947#84639738>				<https://panlex.org/snapshot/panlex-20191001-csv/5947#84639834>		"अर्जुन"@sa	
"òr"@gd	<https://panlex.org/snapshot/panlex-20191001-csv/5947#84910103>				<https://panlex.org/snapshot/panlex-20191001-csv/5947#84910152>		"हिरण्य"@sa	
"òr"@gd	<https://panlex.org/snapshot/panlex-20191001-csv/5947#84910103>				<https://panlex.org/snapshot/panlex-20191001-csv/5947#84910156>		"मरुत्"@sa	
"òr"@gd	<https://panlex.org/snapshot/panlex-20191001-csv/5947#84910103>				<https://panlex.org/snapshot/panlex-20191001-csv/5947#84910153>		"पीत"@sa	
"òr"@gd	<https://panlex.org/snapshot/panlex-20191001-csv/5947#84910103>				<https://panlex.org/snapshot/panlex-20191001-csv/5947#84910157>		"अयस्"@sa	
"òr"@gd	<https://panlex.org/snapshot/panlex-20191001-csv/5947#84910103>				<https://panlex.org/snapshot/panlex-20191001-csv/5947#84910155>		"अमृत"@sa	
"òr"@gd	<https://panlex.org/snapshot/panlex-20191001-csv/5947#84910103>				<https://panlex.org/snapshot/panlex-20191001-csv/5947#84910158>		"काञ्चन"@sa	
"òr"@gd	<https://panlex.org/snapshot/panlex-20191001-csv/5947#84910103>				<https://panlex.org/snapshot/panlex-20191001-csv/5947#84910154>		"पिञ्जर"@sa	
"cù allaidh"@gd	<https://panlex.org/snapshot/panlex-20191001-csv/5947#84884488>				<https://panlex.org/snapshot/panlex-20191001-csv/5947#84884526>		"वृक"@sa	
"ainmhidh"@gd	<https://panlex.org/snapshot/panlex-20191001-csv/5947#84908756>				<https://panlex.org/snapshot/panlex-20191001-csv/5947#84908815>		"पशु"@sa	
"dealanach"@gd	<https://panlex.org/snapshot/panlex-20191001-csv/5947#84794067>				<https://panlex.org/snapshot/panlex-20191001-csv/5947#84794098>		"अश्मन्"@sa	
"dealanach"@gd	<https://panlex.org/snapshot/panlex-20191001-csv/5947#84794067>				<https://panlex.org/snapshot/panlex-20191001-csv/5947#84794099>		"वृक"@sa	
"aane"@gd	<https://panlex.org/snapshot/panlex-20191001-csv/5947#84895232>				<https://panlex.org/snapshot/panlex-20191001-csv/5947#84895284>		"यकृत्"@sa	
"Tuinisia"@gd	<https://panlex.org/snapshot/panlex-20191001-csv/5947#84613925>				<https://panlex.org/snapshot/panlex-20191001-csv/5947#84613968>		"टुनिशिया"@sa	
"càit"@gd	<https://panlex.org/snapshot/panlex-20191001-csv/5947#84689545>				<https://panlex.org/snapshot/panlex-20191001-csv/5947#84689617>		"क्व"@sa	
"uisge"@gd	<https://panlex.org/snapshot/panlex-20191001-csv/5947#84886457>				<https://panlex.org/snapshot/panlex-20191001-csv/5947#84886545>		"अम्बु"@sa	
"uisge"@gd	<https://panlex.org/snapshot/panlex-20191001-csv/5947#84886457>				<https://panlex.org/snapshot/panlex-20191001-csv/5947#84886544>		"जल"@sa	
"uisge"@gd	<https://panlex.org/snapshot/panlex-20191001-csv/5947#84886457>				<https://panlex.org/snapshot/panlex-20191001-csv/5947#84886543>		"अप्"@sa	
"uisge"@gd	<https://panlex.org/snapshot/panlex-20191001-csv/5947#84886457>				<https://panlex.org/snapshot/panlex-20191001-csv/5947#84886546>		"तोय"@sa	
"uisge"@gd	<https://panlex.org/snapshot/panlex-20191001-csv/5947#84886457>				<https://panlex.org/snapshot/panlex-20191001-csv/5947#84886542>		"आपस्"@sa	
"NSA"@gd	<https://panlex.org/snapshot/panlex-20191001-csv/5940#81280089>				<https://panlex.org/snapshot/panlex-20191001-csv/5940#81280151>		"संयुक्त राज्य अमेरिका"@sa	
"buntàta"@gd	<https://panlex.org/snapshot/panlex-20191001-csv/5940#81350716>				<https://panlex.org/snapshot/panlex-20191001-csv/5940#81350758>		"आलू"@sa	
"Afraga-a-deas"@gd	<https://panlex.org/snapshot/panlex-20191001-csv/5940#81285457>				<https://panlex.org/snapshot/panlex-20191001-csv/5940#81285493>		"दक्षिण अफ्रीका"@sa	
"Na Stàitean Aonaichte"@gd	<https://panlex.org/snapshot/panlex-20191001-csv/5940#81280090>				<https://panlex.org/snapshot/panlex-20191001-csv/5940#81280151>		"संयुक्त राज्य अमेरिका"@sa	
"iolair"@gd	<https://panlex.org/snapshot/panlex-20191001-csv/5940#81295805>				<https://panlex.org/snapshot/panlex-20191001-csv/5940#81295847>		"गरुडः"@sa	
"oibriche"@gd	<https://panlex.org/snapshot/panlex-20191001-csv/5939#80726086>				<https://panlex.org/snapshot/panlex-20191001-csv/5939#80726143>		"kāryakartā"@sa	
"oibriche"@gd	<https://panlex.org/snapshot/panlex-20191001-csv/5939#80726086>				<https://panlex.org/snapshot/panlex-20191001-csv/5939#80726142>		"कर्म्मकारः"@sa	
"ubhal"@gd	<https://panlex.org/snapshot/panlex-20191001-csv/5939#80724032>				<https://panlex.org/snapshot/panlex-20191001-csv/5939#80724083>		"sevama"@sa	
"Àisia"@gd	<https://panlex.org/snapshot/panlex-20191001-csv/5939#80729942>				<https://panlex.org/snapshot/panlex-20191001-csv/5939#80729993>		"Eśiyā"@sa	
"Albàinia"@gd	<https://panlex.org/snapshot/panlex-20191001-csv/5939#80711958>				<https://panlex.org/snapshot/panlex-20191001-csv/5939#80711991>		"Albāniyā"@sa	
"Eritrea"@gd	<https://panlex.org/snapshot/panlex-20191001-csv/5939#80803371>				<https://panlex.org/snapshot/panlex-20191001-csv/5939#80803389>		"एरिट्रिया"@sa	
"A' Bheilg"@gd	<https://panlex.org/snapshot/panlex-20191001-csv/5939#80749043>				<https://panlex.org/snapshot/panlex-20191001-csv/5939#80749078>		"Beljiyama"@sa	
"Armeinia"@gd	<https://panlex.org/snapshot/panlex-20191001-csv/5939#80727955>				<https://panlex.org/snapshot/panlex-20191001-csv/5939#80728001>		"आर्मीनिया"@sa	
"a' Ghearmailt"@gd	<https://panlex.org/snapshot/panlex-20191001-csv/5939#80782686>				<https://panlex.org/snapshot/panlex-20191001-csv/5939#80782776>		"jarmanī"@sa	
"Burundaidh"@gd	<https://panlex.org/snapshot/panlex-20191001-csv/5939#80768814>				<https://panlex.org/snapshot/panlex-20191001-csv/5939#80768849>		"Buruṇḍī"@sa	
"Dimàirt"@gd	<https://panlex.org/snapshot/panlex-20191001-csv/5939#80784018>				<https://panlex.org/snapshot/panlex-20191001-csv/5939#80784064>		"mangalavāsarah"@sa	
"An Fhraing"@gd	<https://panlex.org/snapshot/panlex-20191001-csv/5939#80821013>				<https://panlex.org/snapshot/panlex-20191001-csv/5939#80821058>		"Phrāṁsa"@sa	
"Asarbaidean"@gd	<https://panlex.org/snapshot/panlex-20191001-csv/5939#80729709>				<https://panlex.org/snapshot/panlex-20191001-csv/5939#80729755>		"अजर्बैजान"@sa	
"Giblean"@gd	<https://panlex.org/snapshot/panlex-20191001-csv/5939#80725334>				<https://panlex.org/snapshot/panlex-20191001-csv/5939#80725384>		"āṅglavarṣasya caturthamāsaḥ"@sa	
"Bahrain"@gd	<https://panlex.org/snapshot/panlex-20191001-csv/5939#80740912>				<https://panlex.org/snapshot/panlex-20191001-csv/5939#80740943>		"बहरैन"@sa	
"Bulgàiria"@gd	<https://panlex.org/snapshot/panlex-20191001-csv/5939#80767554>				<https://panlex.org/snapshot/panlex-20191001-csv/5939#80767590>		"Bulgāriyā"@sa	
"iolair"@gd	<https://panlex.org/snapshot/panlex-20191001-csv/5939#80699133>				<https://panlex.org/snapshot/panlex-20191001-csv/5939#80699151>		"garuḍaḥ"@sa	
"An Danmhairg"@gd	<https://panlex.org/snapshot/panlex-20191001-csv/5939#80790927>				<https://panlex.org/snapshot/panlex-20191001-csv/5939#80790962>		"Ḍenamārka"@sa	
"Lùnasdal"@gd	<https://panlex.org/snapshot/panlex-20191001-csv/5939#80734599>				<https://panlex.org/snapshot/panlex-20191001-csv/5939#80734650>		"agastamāsa"@sa	
"mhaighdeann"@gd	<https://panlex.org/snapshot/panlex-20191001-csv/5939#80824350>				<https://panlex.org/snapshot/panlex-20191001-csv/5939#80824369>		"kumāri"@sa	
"Afraga"@gd	<https://panlex.org/snapshot/panlex-20191001-csv/5939#80708910>				<https://panlex.org/snapshot/panlex-20191001-csv/5939#80708940>		"Kāladvīpam"@sa	
"Brunei"@gd	<https://panlex.org/snapshot/panlex-20191001-csv/5939#80765979>				<https://panlex.org/snapshot/panlex-20191001-csv/5939#80765996>		"Brūnai"@sa	
"corraich"@gd	<https://panlex.org/snapshot/panlex-20191001-csv/5946#84437510>				<https://panlex.org/snapshot/panlex-20191001-csv/5946#84437545>		"कोप"@sa	
"corraich"@gd	<https://panlex.org/snapshot/panlex-20191001-csv/5946#84437510>				<https://panlex.org/snapshot/panlex-20191001-csv/5946#84437546>		"क्रोध"@sa	
"fearg"@gd	<https://panlex.org/snapshot/panlex-20191001-csv/5946#84437511>				<https://panlex.org/snapshot/panlex-20191001-csv/5946#84437545>		"कोप"@sa	
"fearg"@gd	<https://panlex.org/snapshot/panlex-20191001-csv/5946#84437511>				<https://panlex.org/snapshot/panlex-20191001-csv/5946#84437546>		"क्रोध"@sa	
"iasg"@gd	<https://panlex.org/snapshot/panlex-20191001-csv/5946#84454751>				<https://panlex.org/snapshot/panlex-20191001-csv/5946#84454802>		"मत्स्य"@sa	
"uisge"@gd	<https://panlex.org/snapshot/panlex-20191001-csv/5946#84436288>				<https://panlex.org/snapshot/panlex-20191001-csv/5946#84436371>		"वृष्टि"@sa	
"uisge"@gd	<https://panlex.org/snapshot/panlex-20191001-csv/5946#84436288>				<https://panlex.org/snapshot/panlex-20191001-csv/5946#84436373>		"वर्षा"@sa	
"uisge"@gd	<https://panlex.org/snapshot/panlex-20191001-csv/5946#84436288>				<https://panlex.org/snapshot/panlex-20191001-csv/5946#84436372>		"पर्जन्य"@sa	
"iomadh"@gd	<https://panlex.org/snapshot/panlex-20191001-csv/5946#84442431>				<https://panlex.org/snapshot/panlex-20191001-csv/5946#84442525>		"बहु"@sa	
"iomadh"@gd	<https://panlex.org/snapshot/panlex-20191001-csv/5946#84442431>				<https://panlex.org/snapshot/panlex-20191001-csv/5946#84442524>		"अधिकम्"@sa	
"craobh"@gd	<https://panlex.org/snapshot/panlex-20191001-csv/5946#84449586>				<https://panlex.org/snapshot/panlex-20191001-csv/5946#84449637>		"वृक्ष"@sa	
"craobh"@gd	<https://panlex.org/snapshot/panlex-20191001-csv/5946#84449586>				<https://panlex.org/snapshot/panlex-20191001-csv/5946#84449640>		"तरु"@sa	
"craobh"@gd	<https://panlex.org/snapshot/panlex-20191001-csv/5946#84449586>				<https://panlex.org/snapshot/panlex-20191001-csv/5946#84449639>		"कुज"@sa	
"craobh"@gd	<https://panlex.org/snapshot/panlex-20191001-csv/5946#84449586>				<https://panlex.org/snapshot/panlex-20191001-csv/5946#84449638>		"द्रुम"@sa	
"faileas"@gd	<https://panlex.org/snapshot/panlex-20191001-csv/5946#84447035>				<https://panlex.org/snapshot/panlex-20191001-csv/5946#84447093>		"छाया"@sa	
"bò"@gd	<https://panlex.org/snapshot/panlex-20191001-csv/5946#84439866>				<https://panlex.org/snapshot/panlex-20191001-csv/5946#84439964>		"ghou"@sa	
"bò"@gd	<https://panlex.org/snapshot/panlex-20191001-csv/5946#84439866>				<https://panlex.org/snapshot/panlex-20191001-csv/5946#84439965>		"go"@sa	
"sgàthan"@gd	<https://panlex.org/snapshot/panlex-20191001-csv/5946#84446181>				<https://panlex.org/snapshot/panlex-20191001-csv/5946#84446299>		"दर्पण"@sa	
"cas"@gd	<https://panlex.org/snapshot/panlex-20191001-csv/5946#84434873>				<https://panlex.org/snapshot/panlex-20191001-csv/5946#84434906>		"पाद"@sa	
"dubhar"@gd	<https://panlex.org/snapshot/panlex-20191001-csv/5946#84447034>				<https://panlex.org/snapshot/panlex-20191001-csv/5946#84447093>		"छाया"@sa	
"dubhar"@gd	<https://panlex.org/snapshot/panlex-20191001-csv/5946#84447157>				<https://panlex.org/snapshot/panlex-20191001-csv/5946#84447190>		"छाया"@sa	
"mart"@gd	<https://panlex.org/snapshot/panlex-20191001-csv/5946#84439865>				<https://panlex.org/snapshot/panlex-20191001-csv/5946#84439964>		"ghou"@sa	
"mart"@gd	<https://panlex.org/snapshot/panlex-20191001-csv/5946#84439865>				<https://panlex.org/snapshot/panlex-20191001-csv/5946#84439965>		"go"@sa	
"dia"@gd	<https://panlex.org/snapshot/panlex-20191001-csv/5946#84448154>				<https://panlex.org/snapshot/panlex-20191001-csv/5946#84448206>		"भगवान्"@sa	
"neul"@gd	<https://panlex.org/snapshot/panlex-20191001-csv/5946#84452050>				<https://panlex.org/snapshot/panlex-20191001-csv/5946#84452079>		"मेघ"@sa	
"sgàile"@gd	<https://panlex.org/snapshot/panlex-20191001-csv/5946#84447156>				<https://panlex.org/snapshot/panlex-20191001-csv/5946#84447190>		"छाया"@sa	
"sgàile"@gd	<https://panlex.org/snapshot/panlex-20191001-csv/5946#84447033>				<https://panlex.org/snapshot/panlex-20191001-csv/5946#84447093>		"छाया"@sa	
"trom"@gd	<https://panlex.org/snapshot/panlex-20191001-csv/5946#84444655>				<https://panlex.org/snapshot/panlex-20191001-csv/5946#84444681>		"गुरु"@sa	
"Tansainìa"@gd	<https://panlex.org/snapshot/panlex-20191001-csv/5949#85321598>				<https://panlex.org/snapshot/panlex-20191001-csv/5949#85321650>		"टंजानिया"@sa	
"Dia"@gd	<https://panlex.org/snapshot/panlex-20191001-csv/5949#85303007>				<https://panlex.org/snapshot/panlex-20191001-csv/5949#85303118>		"ईश्वर"@sa	
"Dia"@gd	<https://panlex.org/snapshot/panlex-20191001-csv/5949#85303007>				<https://panlex.org/snapshot/panlex-20191001-csv/5949#85303117>		"भगवान्"@sa	
"an Laitbhia"@gd	<https://panlex.org/snapshot/panlex-20191001-csv/5949#85314278>				<https://panlex.org/snapshot/panlex-20191001-csv/5949#85314365>		"लाट्विया"@sa	
"Burundi"@gd	<https://panlex.org/snapshot/panlex-20191001-csv/5949#85304075>				<https://panlex.org/snapshot/panlex-20191001-csv/5949#85304105>		"बुरुंडी"@sa	
"An Lùnasdal"@gd	<https://panlex.org/snapshot/panlex-20191001-csv/5949#85329343>				<https://panlex.org/snapshot/panlex-20191001-csv/5949#85329484>		"अगस्त"@sa	
"Venezuela"@gd	<https://panlex.org/snapshot/panlex-20191001-csv/5949#85304764>				<https://panlex.org/snapshot/panlex-20191001-csv/5949#85304792>		"वेनेज्वेला"@sa	
"Siongapòr"@gd	<https://panlex.org/snapshot/panlex-20191001-csv/5949#85320504>				<https://panlex.org/snapshot/panlex-20191001-csv/5949#85320580>		"सिंगापोर"@sa	
"Na h-Eileanan Filipineach"@gd	<https://panlex.org/snapshot/panlex-20191001-csv/5949#85323326>				<https://panlex.org/snapshot/panlex-20191001-csv/5949#85323403>		"फ़िलिपीन्स्"@sa	
"Iemen"@gd	<https://panlex.org/snapshot/panlex-20191001-csv/5949#85310987>				<https://panlex.org/snapshot/panlex-20191001-csv/5949#85311042>		"यमन"@sa	
"Brunei"@gd	<https://panlex.org/snapshot/panlex-20191001-csv/5949#85303723>				<https://panlex.org/snapshot/panlex-20191001-csv/5949#85303751>		"ब्रूनै"@sa	
"Pearu"@gd	<https://panlex.org/snapshot/panlex-20191001-csv/5949#85318227>				<https://panlex.org/snapshot/panlex-20191001-csv/5949#85318306>		"पेरु"@sa	
"An Tuirc"@gd	<https://panlex.org/snapshot/panlex-20191001-csv/5949#85322504>				<https://panlex.org/snapshot/panlex-20191001-csv/5949#85322580>		"तुर्किये"@sa	
"cruinne-cè"@gd	<https://panlex.org/snapshot/panlex-20191001-csv/5949#85309536>				<https://panlex.org/snapshot/panlex-20191001-csv/5949#85309595>		"पृथ्वी"@sa	
"cruinne-cè"@gd	<https://panlex.org/snapshot/panlex-20191001-csv/5949#85309536>				<https://panlex.org/snapshot/panlex-20191001-csv/5949#85309596>		"भू"@sa	
"cruinne-cè"@gd	<https://panlex.org/snapshot/panlex-20191001-csv/5949#85309536>				<https://panlex.org/snapshot/panlex-20191001-csv/5949#85309597>		"भूमि"@sa	
"Ifrinn"@gd	<https://panlex.org/snapshot/panlex-20191001-csv/5949#85332921>				<https://panlex.org/snapshot/panlex-20191001-csv/5949#85332983>		"नरक"@sa	
"An Lùnastal"@gd	<https://panlex.org/snapshot/panlex-20191001-csv/5949#85329342>				<https://panlex.org/snapshot/panlex-20191001-csv/5949#85329484>		"अगस्त"@sa	
"talamh"@gd	<https://panlex.org/snapshot/panlex-20191001-csv/5949#85309537>				<https://panlex.org/snapshot/panlex-20191001-csv/5949#85309595>		"पृथ्वी"@sa	
"talamh"@gd	<https://panlex.org/snapshot/panlex-20191001-csv/5949#85309537>				<https://panlex.org/snapshot/panlex-20191001-csv/5949#85309596>		"भू"@sa	
"talamh"@gd	<https://panlex.org/snapshot/panlex-20191001-csv/5949#85309537>				<https://panlex.org/snapshot/panlex-20191001-csv/5949#85309597>		"भूमि"@sa	
"An Ungair"@gd	<https://panlex.org/snapshot/panlex-20191001-csv/5949#85304472>				<https://panlex.org/snapshot/panlex-20191001-csv/5949#85304509>		"हंगरी"@sa	
"Asarbaidean"@gd	<https://panlex.org/snapshot/panlex-20191001-csv/5949#85298448>				<https://panlex.org/snapshot/panlex-20191001-csv/5949#85298518>		"अजर्बैजान"@sa	
"an Roinn-Eòrpa"@gd	<https://panlex.org/snapshot/panlex-20191001-csv/5949#85308536>				<https://panlex.org/snapshot/panlex-20191001-csv/5949#85308625>		"यूरोप्"@sa	
"Gabon"@gd	<https://panlex.org/snapshot/panlex-20191001-csv/5949#85305664>				<https://panlex.org/snapshot/panlex-20191001-csv/5949#85305713>		"गाबोन"@sa	
"Astràilia"@gd	<https://panlex.org/snapshot/panlex-20191001-csv/5949#85298118>				<https://panlex.org/snapshot/panlex-20191001-csv/5949#85298216>		"आस्ट्रेलिया"@sa	
"an Laitbhe"@gd	<https://panlex.org/snapshot/panlex-20191001-csv/5949#85314279>				<https://panlex.org/snapshot/panlex-20191001-csv/5949#85314365>		"लाट्विया"@sa	
"A' Bheilg"@gd	<https://panlex.org/snapshot/panlex-20191001-csv/5949#85302209>				<https://panlex.org/snapshot/panlex-20191001-csv/5949#85302242>		"बेल्जियम"@sa	
"Uruguaidh"@gd	<https://panlex.org/snapshot/panlex-20191001-csv/5949#85322882>				<https://panlex.org/snapshot/panlex-20191001-csv/5949#85322952>		"उरुग्वाय"@sa	
"Guinea"@gd	<https://panlex.org/snapshot/panlex-20191001-csv/5949#85306141>				<https://panlex.org/snapshot/panlex-20191001-csv/5949#85306170>		"गिनी"@sa	
"Bhiet-Nam"@gd	<https://panlex.org/snapshot/panlex-20191001-csv/5949#85305545>				<https://panlex.org/snapshot/panlex-20191001-csv/5949#85305581>		"वियेतनाम"@sa	
"cliospairneach"@gd	<https://panlex.org/snapshot/panlex-20191001-csv/5942#83284415>				<https://panlex.org/snapshot/panlex-20191001-csv/5942#83284497>		"शिश्न"@sa	
"crom-odhar"@gd	<https://panlex.org/snapshot/panlex-20191001-csv/5942#83284413>				<https://panlex.org/snapshot/panlex-20191001-csv/5942#83284497>		"शिश्न"@sa	
"fallain"@gd	<https://panlex.org/snapshot/panlex-20191001-csv/5942#83285434>				<https://panlex.org/snapshot/panlex-20191001-csv/5942#83285461>		"स्वस्थ"@sa	
"fallain"@gd	<https://panlex.org/snapshot/panlex-20191001-csv/5942#83285434>				<https://panlex.org/snapshot/panlex-20191001-csv/5942#83285459>		"कल्य"@sa	
"fallain"@gd	<https://panlex.org/snapshot/panlex-20191001-csv/5942#83285434>				<https://panlex.org/snapshot/panlex-20191001-csv/5942#83285460>		"नीरोग"@sa	
"gogan"@gd	<https://panlex.org/snapshot/panlex-20191001-csv/5942#83284416>				<https://panlex.org/snapshot/panlex-20191001-csv/5942#83284497>		"शिश्न"@sa	
"fuar"@gd	<https://panlex.org/snapshot/panlex-20191001-csv/5942#83281762>				<https://panlex.org/snapshot/panlex-20191001-csv/5942#83281786>		"शीत"@sa	
"bigealas"@gd	<https://panlex.org/snapshot/panlex-20191001-csv/5942#83284414>				<https://panlex.org/snapshot/panlex-20191001-csv/5942#83284497>		"शिश्न"@sa	
"bod"@gd	<https://panlex.org/snapshot/panlex-20191001-csv/5942#83284417>				<https://panlex.org/snapshot/panlex-20191001-csv/5942#83284497>		"शिश्न"@sa	
"seachdain"@gd	<https://panlex.org/snapshot/panlex-20191001-csv/611#25807071>				<https://panlex.org/snapshot/panlex-20191001-csv/611#25807119>		"सप्ताहः saptahaĥ"@sa	
"Hindi"@gd	<https://panlex.org/snapshot/panlex-20191001-csv/405#13625407>				<https://panlex.org/snapshot/panlex-20191001-csv/405#13625450>		"हिन्दी"@sa	
"bràthair"@gd	<https://panlex.org/snapshot/panlex-20191001-csv/19#1045377>				<https://panlex.org/snapshot/panlex-20191001-csv/19#1045414>		"बंधू"@sa	
"Afraga"@gd	<https://panlex.org/snapshot/panlex-20191001-csv/9#479404>				<https://panlex.org/snapshot/panlex-20191001-csv/9#479424>		"कालद्वीपम्"@sa	
"ubhal"@gd	<https://panlex.org/snapshot/panlex-20191001-csv/9#476424>				<https://panlex.org/snapshot/panlex-20191001-csv/9#476471>		"सेवम"@sa	
"cofhaid"@gd	<https://panlex.org/snapshot/panlex-20191001-csv/9#476701>				<https://panlex.org/snapshot/panlex-20191001-csv/9#476744>		"यवनदेशीयक्षुद्रफलनिर्हृतः कृष्णवर्णः पानीयविशेषः"@sa	
"Bulgàiria"@gd	<https://panlex.org/snapshot/panlex-20191001-csv/9#498198>				<https://panlex.org/snapshot/panlex-20191001-csv/9#498229>		"बुल्गारिया"@sa	
"Zimbabwe"@gd	<https://panlex.org/snapshot/panlex-20191001-csv/9#518125>				<https://panlex.org/snapshot/panlex-20191001-csv/9#518146>		"जिम्बाबवे"@sa	
"Lùnasdal"@gd	<https://panlex.org/snapshot/panlex-20191001-csv/9#473437>				<https://panlex.org/snapshot/panlex-20191001-csv/9#473479>		"अगस्तमास"@sa	
"Ceinia"@gd	<https://panlex.org/snapshot/panlex-20191001-csv/9#498384>				<https://panlex.org/snapshot/panlex-20191001-csv/9#498396>		"केन्या"@sa	
"Eritrea"@gd	<https://panlex.org/snapshot/panlex-20191001-csv/9#498547>				<https://panlex.org/snapshot/panlex-20191001-csv/9#498562>		"एरिट्रिया"@sa	
"An Danmhairg"@gd	<https://panlex.org/snapshot/panlex-20191001-csv/9#490172>				<https://panlex.org/snapshot/panlex-20191001-csv/9#490206>		"डेनमार्क"@sa	
"ceòl"@gd	<https://panlex.org/snapshot/panlex-20191001-csv/9#476807>				<https://panlex.org/snapshot/panlex-20191001-csv/9#476838>		"संगीत"@sa	
"Suriname"@gd	<https://panlex.org/snapshot/panlex-20191001-csv/9#500618>				<https://panlex.org/snapshot/panlex-20191001-csv/9#500632>		"सुरिनाम"@sa	
"Giblean"@gd	<https://panlex.org/snapshot/panlex-20191001-csv/9#473118>				<https://panlex.org/snapshot/panlex-20191001-csv/9#473157>		"आंग्लवर्षस्य चतुर्थमासः"@sa	
"An Fhraing"@gd	<https://panlex.org/snapshot/panlex-20191001-csv/9#474939>				<https://panlex.org/snapshot/panlex-20191001-csv/9#474982>		"फ्रांस"@sa	
"faclair"@gd	<https://panlex.org/snapshot/panlex-20191001-csv/9#479136>				<https://panlex.org/snapshot/panlex-20191001-csv/9#479172>		"शब्दसंग्रहः"@sa	
"Lituania"@gd	<https://panlex.org/snapshot/panlex-20191001-csv/9#539779>				<https://panlex.org/snapshot/panlex-20191001-csv/9#539830>		"लिथ्वानिया"@sa	
"An Eadailt"@gd	<https://panlex.org/snapshot/panlex-20191001-csv/9#497700>				<https://panlex.org/snapshot/panlex-20191001-csv/9#497735>		"इटली"@sa	
"e"@gd	<https://panlex.org/snapshot/panlex-20191001-csv/9#473837>				<https://panlex.org/snapshot/panlex-20191001-csv/9#473895>		"सः"@sa	
"iolair"@gd	<https://panlex.org/snapshot/panlex-20191001-csv/9#489347>				<https://panlex.org/snapshot/panlex-20191001-csv/9#489365>		"गरुडः"@sa	
"naoi"@gd	<https://panlex.org/snapshot/panlex-20191001-csv/9#490954>				<https://panlex.org/snapshot/panlex-20191001-csv/9#491030>		"नवम्"@sa	
"Albàinia"@gd	<https://panlex.org/snapshot/panlex-20191001-csv/9#494118>				<https://panlex.org/snapshot/panlex-20191001-csv/9#494144>		"अल्बानिया"@sa	
"A’ Bheilg"@gd	<https://panlex.org/snapshot/panlex-20191001-csv/9#494647>				<https://panlex.org/snapshot/panlex-20191001-csv/9#494680>		"बेल्जियम"@sa	
"Kuwait"@gd	<https://panlex.org/snapshot/panlex-20191001-csv/9#499834>				<https://panlex.org/snapshot/panlex-20191001-csv/9#499848>		"कुवैत"@sa	
"Innis Tile"@gd	<https://panlex.org/snapshot/panlex-20191001-csv/9#497911>				<https://panlex.org/snapshot/panlex-20191001-csv/9#497934>		"आइसलैंड"@sa	
"Bith-eòlas"@gd	<https://panlex.org/snapshot/panlex-20191001-csv/9#475982>				<https://panlex.org/snapshot/panlex-20191001-csv/9#476007>		"जीव-विज्ञानः"@sa	
"A’ Bheilg"@gd	<https://panlex.org/snapshot/panlex-20191001-csv/12#852694>				<https://panlex.org/snapshot/panlex-20191001-csv/12#852747>		"बेल्जियम"@sa	
"Madagascar"@gd	<https://panlex.org/snapshot/panlex-20191001-csv/12#853134>				<https://panlex.org/snapshot/panlex-20191001-csv/12#853160>		"मडगास्कर"@sa	
"Afraga"@gd	<https://panlex.org/snapshot/panlex-20191001-csv/12#870236>				<https://panlex.org/snapshot/panlex-20191001-csv/12#870272>		"अफ्रीका"@sa	
"Croaisia"@gd	<https://panlex.org/snapshot/panlex-20191001-csv/12#908295>				<https://panlex.org/snapshot/panlex-20191001-csv/12#908346>		"क्रोएशिया"@sa	
"Eritrea"@gd	<https://panlex.org/snapshot/panlex-20191001-csv/12#927814>				<https://panlex.org/snapshot/panlex-20191001-csv/12#927853>		"एरिट्रिया"@sa	
"Eritrea"@gd	<https://panlex.org/snapshot/panlex-20191001-csv/12#927556>				<https://panlex.org/snapshot/panlex-20191001-csv/12#927595>		"एरिट्रिया"@sa	
"Eritrea"@gd	<https://panlex.org/snapshot/panlex-20191001-csv/12#928130>				<https://panlex.org/snapshot/panlex-20191001-csv/12#928169>		"एरिट्रिया"@sa	
"Eritrea"@gd	<https://panlex.org/snapshot/panlex-20191001-csv/12#926689>				<https://panlex.org/snapshot/panlex-20191001-csv/12#926729>		"एरिट्रिया"@sa	
"Eritrea"@gd	<https://panlex.org/snapshot/panlex-20191001-csv/12#927082>				<https://panlex.org/snapshot/panlex-20191001-csv/12#927121>		"एरिट्रिया"@sa	
"Eritrea"@gd	<https://panlex.org/snapshot/panlex-20191001-csv/12#928998>				<https://panlex.org/snapshot/panlex-20191001-csv/12#929038>		"एरिट्रिया"@sa	
"Eritrea"@gd	<https://panlex.org/snapshot/panlex-20191001-csv/12#927735>				<https://panlex.org/snapshot/panlex-20191001-csv/12#927774>		"एरिट्रिया"@sa	
"Eritrea"@gd	<https://panlex.org/snapshot/panlex-20191001-csv/12#927656>				<https://panlex.org/snapshot/panlex-20191001-csv/12#927695>		"एरिट्रिया"@sa	
"Eritrea"@gd	<https://panlex.org/snapshot/panlex-20191001-csv/12#929076>				<https://panlex.org/snapshot/panlex-20191001-csv/12#929116>		"एरिट्रिया"@sa	
"Eritrea"@gd	<https://panlex.org/snapshot/panlex-20191001-csv/12#928051>				<https://panlex.org/snapshot/panlex-20191001-csv/12#928090>		"एरिट्रिया"@sa	
"Eritrea"@gd	<https://panlex.org/snapshot/panlex-20191001-csv/12#927160>				<https://panlex.org/snapshot/panlex-20191001-csv/12#927200>		"एरिट्रिया"@sa	
"Eritrea"@gd	<https://panlex.org/snapshot/panlex-20191001-csv/12#928604>				<https://panlex.org/snapshot/panlex-20191001-csv/12#928643>		"एरिट्रिया"@sa	
"Eritrea"@gd	<https://panlex.org/snapshot/panlex-20191001-csv/12#928683>				<https://panlex.org/snapshot/panlex-20191001-csv/12#928722>		"एरिट्रिया"@sa	
"Eritrea"@gd	<https://panlex.org/snapshot/panlex-20191001-csv/12#928209>				<https://panlex.org/snapshot/panlex-20191001-csv/12#928248>		"एरिट्रिया"@sa	
"Eritrea"@gd	<https://panlex.org/snapshot/panlex-20191001-csv/12#928762>				<https://panlex.org/snapshot/panlex-20191001-csv/12#928801>		"एरिट्रिया"@sa	
"Eritrea"@gd	<https://panlex.org/snapshot/panlex-20191001-csv/12#926923>				<https://panlex.org/snapshot/panlex-20191001-csv/12#926963>		"एरिट्रिया"@sa	
"Eritrea"@gd	<https://panlex.org/snapshot/panlex-20191001-csv/12#928919>				<https://panlex.org/snapshot/panlex-20191001-csv/12#928959>		"एरिट्रिया"@sa	
"Eritrea"@gd	<https://panlex.org/snapshot/panlex-20191001-csv/12#927002>				<https://panlex.org/snapshot/panlex-20191001-csv/12#927042>		"एरिट्रिया"@sa	
"Eritrea"@gd	<https://panlex.org/snapshot/panlex-20191001-csv/12#926610>				<https://panlex.org/snapshot/panlex-20191001-csv/12#926650>		"एरिट्रिया"@sa	
"Eritrea"@gd	<https://panlex.org/snapshot/panlex-20191001-csv/12#927318>				<https://panlex.org/snapshot/panlex-20191001-csv/12#927358>		"एरिट्रिया"@sa	
"Eritrea"@gd	<https://panlex.org/snapshot/panlex-20191001-csv/12#927477>				<https://panlex.org/snapshot/panlex-20191001-csv/12#927516>		"एरिट्रिया"@sa	
"Eritrea"@gd	<https://panlex.org/snapshot/panlex-20191001-csv/12#928367>				<https://panlex.org/snapshot/panlex-20191001-csv/12#928407>		"एरिट्रिया"@sa	
"Eritrea"@gd	<https://panlex.org/snapshot/panlex-20191001-csv/12#928288>				<https://panlex.org/snapshot/panlex-20191001-csv/12#928327>		"एरिट्रिया"@sa	
"Eritrea"@gd	<https://panlex.org/snapshot/panlex-20191001-csv/12#927240>				<https://panlex.org/snapshot/panlex-20191001-csv/12#927279>		"एरिट्रिया"@sa	
"Eritrea"@gd	<https://panlex.org/snapshot/panlex-20191001-csv/12#926845>				<https://panlex.org/snapshot/panlex-20191001-csv/12#926885>		"एरिट्रिया"@sa	
"Eritrea"@gd	<https://panlex.org/snapshot/panlex-20191001-csv/12#926531>				<https://panlex.org/snapshot/panlex-20191001-csv/12#926571>		"एरिट्रिया"@sa	
"Eritrea"@gd	<https://panlex.org/snapshot/panlex-20191001-csv/12#928525>				<https://panlex.org/snapshot/panlex-20191001-csv/12#928564>		"एरिट्रिया"@sa	
"Eritrea"@gd	<https://panlex.org/snapshot/panlex-20191001-csv/12#926770>				<https://panlex.org/snapshot/panlex-20191001-csv/12#926807>		"एरिट्रिया"@sa	
"Eritrea"@gd	<https://panlex.org/snapshot/panlex-20191001-csv/12#926409>				<https://panlex.org/snapshot/panlex-20191001-csv/12#926448>		"एरिट्रिया"@sa	
"Eritrea"@gd	<https://panlex.org/snapshot/panlex-20191001-csv/12#927397>				<https://panlex.org/snapshot/panlex-20191001-csv/12#927437>		"एरिट्रिया"@sa	
"Eritrea"@gd	<https://panlex.org/snapshot/panlex-20191001-csv/12#927893>				<https://panlex.org/snapshot/panlex-20191001-csv/12#927932>		"एरिट्रिया"@sa	
"Eritrea"@gd	<https://panlex.org/snapshot/panlex-20191001-csv/12#927972>				<https://panlex.org/snapshot/panlex-20191001-csv/12#928011>		"एरिट्रिया"@sa	
"Eritrea"@gd	<https://panlex.org/snapshot/panlex-20191001-csv/12#928446>				<https://panlex.org/snapshot/panlex-20191001-csv/12#928485>		"एरिट्रिया"@sa	
"Romàinia"@gd	<https://panlex.org/snapshot/panlex-20191001-csv/12#896632>				<https://panlex.org/snapshot/panlex-20191001-csv/12#896670>		"रोमानिया"@sa	
"Malaysia"@gd	<https://panlex.org/snapshot/panlex-20191001-csv/12#896082>				<https://panlex.org/snapshot/panlex-20191001-csv/12#896115>		"मलयेशिया"@sa	
"Myanmar"@gd	<https://panlex.org/snapshot/panlex-20191001-csv/12#938407>				<https://panlex.org/snapshot/panlex-20191001-csv/12#938446>		"म्यन्मार"@sa	
"Albàinia"@gd	<https://panlex.org/snapshot/panlex-20191001-csv/12#919879>				<https://panlex.org/snapshot/panlex-20191001-csv/12#919928>		"अल्बानिया"@sa	
"Vietnam"@gd	<https://panlex.org/snapshot/panlex-20191001-csv/12#852363>				<https://panlex.org/snapshot/panlex-20191001-csv/12#852396>		"वियेतनाम"@sa	
"an Ostair"@gd	<https://panlex.org/snapshot/panlex-20191001-csv/12#925344>				<https://panlex.org/snapshot/panlex-20191001-csv/12#925395>		"आस्ट्रिया"@sa	
"an Ostair"@gd	<https://panlex.org/snapshot/panlex-20191001-csv/12#925574>				<https://panlex.org/snapshot/panlex-20191001-csv/12#925625>		"आस्ट्रिया"@sa	
"an Ostair"@gd	<https://panlex.org/snapshot/panlex-20191001-csv/12#925459>				<https://panlex.org/snapshot/panlex-20191001-csv/12#925510>		"आस्ट्रिया"@sa	
"reul-eòlas"@gd	<https://panlex.org/snapshot/panlex-20191001-csv/2904#111022138>				<https://panlex.org/snapshot/panlex-20191001-csv/2904#111022116>		"ज्योतिष"@sa	
"tir-eòlas"@gd	<https://panlex.org/snapshot/panlex-20191001-csv/2904#111022779>				<https://panlex.org/snapshot/panlex-20191001-csv/2904#111022703>		"भूगोलशास्त्रः"@sa	
"eòlas-nàdair"@gd	<https://panlex.org/snapshot/panlex-20191001-csv/2904#111024054>				<https://panlex.org/snapshot/panlex-20191001-csv/2904#111024164>		"भौतशास्त्रः"@sa	
"reuladaireachd"@gd	<https://panlex.org/snapshot/panlex-20191001-csv/2904#111022054>				<https://panlex.org/snapshot/panlex-20191001-csv/2904#111022116>		"ज्योतिष"@sa	
"cungaidh"@gd	<https://panlex.org/snapshot/panlex-20191001-csv/2904#111023612>				<https://panlex.org/snapshot/panlex-20191001-csv/2904#111023593>		"औषधः"@sa	
"cungaidh"@gd	<https://panlex.org/snapshot/panlex-20191001-csv/2904#111023612>				<https://panlex.org/snapshot/panlex-20191001-csv/2904#111023729>		"वैद्यशास्त्रः"@sa	
"oilthigh"@gd	<https://panlex.org/snapshot/panlex-20191001-csv/2904#111024619>				<https://panlex.org/snapshot/panlex-20191001-csv/2904#111024435>		"विश्वविद्यालयः"@sa	
"teangaireachd"@gd	<https://panlex.org/snapshot/panlex-20191001-csv/2904#111023086>				<https://panlex.org/snapshot/panlex-20191001-csv/2904#111023109>		"भाषाविज्ञान"@sa	
"saidheans"@gd	<https://panlex.org/snapshot/panlex-20191001-csv/2904#111024194>				<https://panlex.org/snapshot/panlex-20191001-csv/2904#111024420>		"शास्त्रः"@sa	
"saidheans"@gd	<https://panlex.org/snapshot/panlex-20191001-csv/2904#111024194>				<https://panlex.org/snapshot/panlex-20191001-csv/2904#111024320>		"विज्ञानः"@sa	
"eachdraidh"@gd	<https://panlex.org/snapshot/panlex-20191001-csv/2904#111022949>				<https://panlex.org/snapshot/panlex-20191001-csv/2904#111023039>		"चरित्रः"@sa	
"eachdraidh"@gd	<https://panlex.org/snapshot/panlex-20191001-csv/2904#111022949>				<https://panlex.org/snapshot/panlex-20191001-csv/2904#111022870>		"इतिहासः"@sa	
"feallsanachd"@gd	<https://panlex.org/snapshot/panlex-20191001-csv/2904#111023788>				<https://panlex.org/snapshot/panlex-20191001-csv/2904#111023852>		"तत्त्वविद्या"@sa	
"feallsanachd"@gd	<https://panlex.org/snapshot/panlex-20191001-csv/2904#111023788>				<https://panlex.org/snapshot/panlex-20191001-csv/2904#111023764>		"दर्शनः"@sa	
"cànanachas"@gd	<https://panlex.org/snapshot/panlex-20191001-csv/2904#111023149>				<https://panlex.org/snapshot/panlex-20191001-csv/2904#111023109>		"भाषाविज्ञान"@sa	
"bith-eòlas"@gd	<https://panlex.org/snapshot/panlex-20191001-csv/2904#111022296>				<https://panlex.org/snapshot/panlex-20191001-csv/2904#111022234>		"जीवशास्त्रः"@sa	
"ceimigeachd"@gd	<https://panlex.org/snapshot/panlex-20191001-csv/2904#111022413>				<https://panlex.org/snapshot/panlex-20191001-csv/2904#111022458>		"रसायनशास्त्रः"@sa	
"dùileòlachd"@gd	<https://panlex.org/snapshot/panlex-20191001-csv/2904#111022546>				<https://panlex.org/snapshot/panlex-20191001-csv/2904#111022458>		"रसायनशास्त्रः"@sa	
"matamataigs"@gd	<https://panlex.org/snapshot/panlex-20191001-csv/2904#111023412>				<https://panlex.org/snapshot/panlex-20191001-csv/2904#111023484>		"गणितः"@sa	
"ailtearachd"@gd	<https://panlex.org/snapshot/panlex-20191001-csv/2904#111021770>				<https://panlex.org/snapshot/panlex-20191001-csv/2904#111021761>		"वास्तुशास्त्रम्"@sa	
"ailtearachd"@gd	<https://panlex.org/snapshot/panlex-20191001-csv/2904#111021770>				<https://panlex.org/snapshot/panlex-20191001-csv/2904#111021809>		"स्थापकः"@sa	
"speur-eòlas"@gd	<https://panlex.org/snapshot/panlex-20191001-csv/2904#111022115>				<https://panlex.org/snapshot/panlex-20191001-csv/2904#111022116>		"ज्योतिष"@sa	
"sìth"@gd	<https://panlex.org/snapshot/panlex-20191001-csv/2902#111012291>				<https://panlex.org/snapshot/panlex-20191001-csv/2902#111012230>		"शान्तिः"@sa	
"sìth"@gd	<https://panlex.org/snapshot/panlex-20191001-csv/2902#111012291>				<https://panlex.org/snapshot/panlex-20191001-csv/2902#111011977>		"शांतिः"@sa	
"reul earballach"@gd	<https://panlex.org/snapshot/panlex-20191001-csv/2907#110849247>				<https://panlex.org/snapshot/panlex-20191001-csv/2907#110849214>		"धूमकेतुः"@sa	
"An Cuan Innseanach"@gd	<https://panlex.org/snapshot/panlex-20191001-csv/2901#110867817>				<https://panlex.org/snapshot/panlex-20191001-csv/2901#110867658>		"सिन्धु महासागर"@sa	
"Pythagoras"@gd	<https://panlex.org/snapshot/panlex-20191001-csv/2906#111021065>				<https://panlex.org/snapshot/panlex-20191001-csv/2906#111021139>		"पैथागोरस्"@sa	
"bliadhna"@gd	<https://panlex.org/snapshot/panlex-20191001-csv/8#108239>				<https://panlex.org/snapshot/panlex-20191001-csv/8#108274>		"वर्षम्"@sa	
"rìgh"@gd	<https://panlex.org/snapshot/panlex-20191001-csv/8#143713>				<https://panlex.org/snapshot/panlex-20191001-csv/8#143751>		"केसरी"@sa	
"rìgh"@gd	<https://panlex.org/snapshot/panlex-20191001-csv/8#143713>				<https://panlex.org/snapshot/panlex-20191001-csv/8#143750>		"राजा"@sa	
"seachd"@gd	<https://panlex.org/snapshot/panlex-20191001-csv/8#105006>				<https://panlex.org/snapshot/panlex-20191001-csv/8#105058>		"सप्त"@sa	
"seachd"@gd	<https://panlex.org/snapshot/panlex-20191001-csv/8#105006>				<https://panlex.org/snapshot/panlex-20191001-csv/8#105059>		"सप्तन्"@sa	
"bainne"@gd	<https://panlex.org/snapshot/panlex-20191001-csv/8#253037>				<https://panlex.org/snapshot/panlex-20191001-csv/8#253074>		"दुग्ध"@sa	
"bainne"@gd	<https://panlex.org/snapshot/panlex-20191001-csv/8#253037>				<https://panlex.org/snapshot/panlex-20191001-csv/8#253073>		"क्षीर"@sa	
"sgàthan"@gd	<https://panlex.org/snapshot/panlex-20191001-csv/8#345330>				<https://panlex.org/snapshot/panlex-20191001-csv/8#345353>		"दर्पण"@sa	
"truagh"@gd	<https://panlex.org/snapshot/panlex-20191001-csv/8#239743>				<https://panlex.org/snapshot/panlex-20191001-csv/8#239767>		"अदानः"@sa	
"Bangla"@gd	<https://panlex.org/snapshot/panlex-20191001-csv/5#26906>				<https://panlex.org/snapshot/panlex-20191001-csv/5#26947>		"बाङगला"@sa	
"Malayalam"@gd	<https://panlex.org/snapshot/panlex-20191001-csv/5#27710>				<https://panlex.org/snapshot/panlex-20191001-csv/5#27750>		"मलयालम्"@sa	
"Swaziland"@gd	<https://panlex.org/snapshot/panlex-20191001-csv/10#765250>				<https://panlex.org/snapshot/panlex-20191001-csv/10#765279>		"स्वाजीलैंड"@sa	
"Niger"@gd	<https://panlex.org/snapshot/panlex-20191001-csv/10#614694>				<https://panlex.org/snapshot/panlex-20191001-csv/10#614726>		"नीजे"@sa	
"Myanmar"@gd	<https://panlex.org/snapshot/panlex-20191001-csv/10#761381>				<https://panlex.org/snapshot/panlex-20191001-csv/10#761418>		"म्यन्मार"@sa	
"Peru"@gd	<https://panlex.org/snapshot/panlex-20191001-csv/10#677769>				<https://panlex.org/snapshot/panlex-20191001-csv/10#677796>		"पेरु"@sa	
"Maroc"@gd	<https://panlex.org/snapshot/panlex-20191001-csv/10#752570>				<https://panlex.org/snapshot/panlex-20191001-csv/10#752596>		"मोराको"@sa	
"aran"@gd	<https://panlex.org/snapshot/panlex-20191001-csv/10#596017>				<https://panlex.org/snapshot/panlex-20191001-csv/10#596039>		"पूपः"@sa	
"Liberia"@gd	<https://panlex.org/snapshot/panlex-20191001-csv/10#758548>				<https://panlex.org/snapshot/panlex-20191001-csv/10#758575>		"लायबीरिया"@sa	
"NSA"@gd	<https://panlex.org/snapshot/panlex-20191001-csv/10#581400>				<https://panlex.org/snapshot/panlex-20191001-csv/10#581462>		"संयुक्त राज्य अमेरिका"@sa	
"Burundi"@gd	<https://panlex.org/snapshot/panlex-20191001-csv/10#645748>				<https://panlex.org/snapshot/panlex-20191001-csv/10#645789>		"बुरुंडी"@sa	
"Sri Lanka"@gd	<https://panlex.org/snapshot/panlex-20191001-csv/10#766172>				<https://panlex.org/snapshot/panlex-20191001-csv/10#766211>		"श्रीलङ्का"@sa	
"A’ Bheilg"@gd	<https://panlex.org/snapshot/panlex-20191001-csv/10#604316>				<https://panlex.org/snapshot/panlex-20191001-csv/10#604366>		"बेल्जियम"@sa	
"Angola"@gd	<https://panlex.org/snapshot/panlex-20191001-csv/10#758763>				<https://panlex.org/snapshot/panlex-20191001-csv/10#758797>		"अंगोला"@sa	
"Libia"@gd	<https://panlex.org/snapshot/panlex-20191001-csv/15#967153>				<https://panlex.org/snapshot/panlex-20191001-csv/15#967183>		"लिबिया"@sa	
"Burundi"@gd	<https://panlex.org/snapshot/panlex-20191001-csv/11#810925>				<https://panlex.org/snapshot/panlex-20191001-csv/11#810957>		"बुरुंडी"@sa	
"ubhal"@gd	<https://panlex.org/snapshot/panlex-20191001-csv/11#789458>				<https://panlex.org/snapshot/panlex-20191001-csv/11#789506>		"सेवम"@sa	
"A’ Bheilg"@gd	<https://panlex.org/snapshot/panlex-20191001-csv/11#787417>				<https://panlex.org/snapshot/panlex-20191001-csv/11#787452>		"बेल्जियम"@sa	
"Venezuela"@gd	<https://panlex.org/snapshot/panlex-20191001-csv/11#822735>				<https://panlex.org/snapshot/panlex-20191001-csv/11#822765>		"वेनेज्वेला"@sa	
"An Ungair"@gd	<https://panlex.org/snapshot/panlex-20191001-csv/11#802855>				<https://panlex.org/snapshot/panlex-20191001-csv/11#802895>		"हंगरी"@sa	
"Brunei"@gd	<https://panlex.org/snapshot/panlex-20191001-csv/11#810992>				<https://panlex.org/snapshot/panlex-20191001-csv/11#811022>		"ब्रूनै"@sa	
"mearcair"@gd	<https://panlex.org/snapshot/panlex-20191001-csv/2893#110995448>				<https://panlex.org/snapshot/panlex-20191001-csv/2893#110995524>		"पादरसः"@sa	
"iarann"@gd	<https://panlex.org/snapshot/panlex-20191001-csv/2893#110992684>				<https://panlex.org/snapshot/panlex-20191001-csv/2893#110992776>		"लोहः"@sa	
"iarann"@gd	<https://panlex.org/snapshot/panlex-20191001-csv/2893#110992684>				<https://panlex.org/snapshot/panlex-20191001-csv/2893#110992788>		"अयसः"@sa	
"airgiod"@gd	<https://panlex.org/snapshot/panlex-20191001-csv/2893#110994069>				<https://panlex.org/snapshot/panlex-20191001-csv/2893#110994166>		"रजतः"@sa	
"àile-beatha"@gd	<https://panlex.org/snapshot/panlex-20191001-csv/2893#110990427>				<https://panlex.org/snapshot/panlex-20191001-csv/2893#110990315>		"अम्लकरः"@sa	
"antamòn"@gd	<https://panlex.org/snapshot/panlex-20191001-csv/2893#110994556>				<https://panlex.org/snapshot/panlex-20191001-csv/2893#110994527>		"नीजाञ्लनः"@sa	
"staoin"@gd	<https://panlex.org/snapshot/panlex-20191001-csv/2893#110994254>				<https://panlex.org/snapshot/panlex-20191001-csv/2893#110994285>		"कस्तीरः"@sa	
"staoin"@gd	<https://panlex.org/snapshot/panlex-20191001-csv/2893#110994254>				<https://panlex.org/snapshot/panlex-20191001-csv/2893#110994190>		"तगरः"@sa	
"sulfar"@gd	<https://panlex.org/snapshot/panlex-20191001-csv/2893#110991860>				<https://panlex.org/snapshot/panlex-20191001-csv/2893#110991872>		"गंधकः"@sa	
"sinc"@gd	<https://panlex.org/snapshot/panlex-20191001-csv/2893#110993472>				<https://panlex.org/snapshot/panlex-20191001-csv/2893#110993542>		"यशदः"@sa	
"copar"@gd	<https://panlex.org/snapshot/panlex-20191001-csv/2893#110993244>				<https://panlex.org/snapshot/panlex-20191001-csv/2893#110993280>		"ताम्रः"@sa	
"nicil"@gd	<https://panlex.org/snapshot/panlex-20191001-csv/2893#110993102>				<https://panlex.org/snapshot/panlex-20191001-csv/2893#110993078>		"स्वर्णरंजनः"@sa	
"luaidh"@gd	<https://panlex.org/snapshot/panlex-20191001-csv/2893#110995721>				<https://panlex.org/snapshot/panlex-20191001-csv/2893#110995718>		"सीसः"@sa	
"òr"@gd	<https://panlex.org/snapshot/panlex-20191001-csv/2893#110995205>				<https://panlex.org/snapshot/panlex-20191001-csv/2893#110995291>		"हिरण्यः"@sa	
"òr"@gd	<https://panlex.org/snapshot/panlex-20191001-csv/2893#110995205>				<https://panlex.org/snapshot/panlex-20191001-csv/2893#110995231>		"स्वर्णः"@sa	
"ocsaigin"@gd	<https://panlex.org/snapshot/panlex-20191001-csv/2893#110990372>				<https://panlex.org/snapshot/panlex-20191001-csv/2893#110990315>		"अम्लकरः"@sa	
"arsanaic"@gd	<https://panlex.org/snapshot/panlex-20191001-csv/2893#110993770>				<https://panlex.org/snapshot/panlex-20191001-csv/2893#110993631>		"फाषाणः"@sa	
"Là na Sàbaid"@gd	<https://panlex.org/snapshot/panlex-20191001-csv/2892#110826964>				<https://panlex.org/snapshot/panlex-20191001-csv/2892#110826669>		"आदित्यवारः"@sa	
"Là na Sàbaid"@gd	<https://panlex.org/snapshot/panlex-20191001-csv/2892#110826964>				<https://panlex.org/snapshot/panlex-20191001-csv/2892#110827017>		"रविवारः"@sa	
"Diluain"@gd	<https://panlex.org/snapshot/panlex-20191001-csv/2892#110824301>				<https://panlex.org/snapshot/panlex-20191001-csv/2892#110824165>		"सोमवारः"@sa	
"Dimàirt"@gd	<https://panlex.org/snapshot/panlex-20191001-csv/2892#110824667>				<https://panlex.org/snapshot/panlex-20191001-csv/2892#110824761>		"मङ्गलवारः"@sa	
"Disathairne"@gd	<https://panlex.org/snapshot/panlex-20191001-csv/2892#110826150>				<https://panlex.org/snapshot/panlex-20191001-csv/2892#110826193>		"शनैस्चरवारः"@sa	
"Disathairne"@gd	<https://panlex.org/snapshot/panlex-20191001-csv/2892#110826150>				<https://panlex.org/snapshot/panlex-20191001-csv/2892#110826475>		"शनिवारः"@sa	
"Dihaoine"@gd	<https://panlex.org/snapshot/panlex-20191001-csv/2892#110826083>				<https://panlex.org/snapshot/panlex-20191001-csv/2892#110825975>		"शुक्रवारः"@sa	
"Didòmhnaich"@gd	<https://panlex.org/snapshot/panlex-20191001-csv/2892#110827000>				<https://panlex.org/snapshot/panlex-20191001-csv/2892#110826669>		"आदित्यवारः"@sa	
"Didòmhnaich"@gd	<https://panlex.org/snapshot/panlex-20191001-csv/2892#110827000>				<https://panlex.org/snapshot/panlex-20191001-csv/2892#110827017>		"रविवारः"@sa	
"Diardaoin"@gd	<https://panlex.org/snapshot/panlex-20191001-csv/2892#110825310>				<https://panlex.org/snapshot/panlex-20191001-csv/2892#110825464>		"गुरुवारः"@sa	
"Diardaoin"@gd	<https://panlex.org/snapshot/panlex-20191001-csv/2892#110825310>				<https://panlex.org/snapshot/panlex-20191001-csv/2892#110825525>		"बृहस्पतिवारः"@sa	
"Diciadain"@gd	<https://panlex.org/snapshot/panlex-20191001-csv/2892#110825096>				<https://panlex.org/snapshot/panlex-20191001-csv/2892#110824956>		"बुधवारः"@sa	
"An Lùnasdal"@gd	<https://panlex.org/snapshot/panlex-20191001-csv/2897#110830248>				<https://panlex.org/snapshot/panlex-20191001-csv/2897#110830178>		"अगस्त"@sa	
"An Giblean"@gd	<https://panlex.org/snapshot/panlex-20191001-csv/2897#110828421>				<https://panlex.org/snapshot/panlex-20191001-csv/2897#110828484>		"अप्रैल"@sa	
"An Dùbhlachd"@gd	<https://panlex.org/snapshot/panlex-20191001-csv/2897#110831621>				<https://panlex.org/snapshot/panlex-20191001-csv/2897#110831654>		"दिसम्बर"@sa	
"Am Màrt"@gd	<https://panlex.org/snapshot/panlex-20191001-csv/2897#110828143>				<https://panlex.org/snapshot/panlex-20191001-csv/2897#110828037>		"मार्च"@sa	
"An t-Iuchar"@gd	<https://panlex.org/snapshot/panlex-20191001-csv/2897#110829618>				<https://panlex.org/snapshot/panlex-20191001-csv/2897#110829715>		"जुलाई"@sa	
"An Cèitean"@gd	<https://panlex.org/snapshot/panlex-20191001-csv/2897#110829017>				<https://panlex.org/snapshot/panlex-20191001-csv/2897#110828763>		"मई"@sa	
"An Dàmhair"@gd	<https://panlex.org/snapshot/panlex-20191001-csv/2897#110831065>				<https://panlex.org/snapshot/panlex-20191001-csv/2897#110830837>		"अक्तूबर"@sa	
"An t-Ògmhios"@gd	<https://panlex.org/snapshot/panlex-20191001-csv/2897#110829260>				<https://panlex.org/snapshot/panlex-20191001-csv/2897#110829338>		"जून"@sa	
"An t-Sultain"@gd	<https://panlex.org/snapshot/panlex-20191001-csv/2897#110830403>				<https://panlex.org/snapshot/panlex-20191001-csv/2897#110830311>		"सितम्बर"@sa	
"Am Faoilleach"@gd	<https://panlex.org/snapshot/panlex-20191001-csv/2897#110827291>				<https://panlex.org/snapshot/panlex-20191001-csv/2897#110827422>		"जनवरी"@sa	
"An Gearran"@gd	<https://panlex.org/snapshot/panlex-20191001-csv/2897#110827759>				<https://panlex.org/snapshot/panlex-20191001-csv/2897#110827752>		"फरवरी"@sa	
"An t-Samhain"@gd	<https://panlex.org/snapshot/panlex-20191001-csv/2897#110831234>				<https://panlex.org/snapshot/panlex-20191001-csv/2897#110831143>		"नवम्बर"@sa	
"An Lùnastal"@gd	<https://panlex.org/snapshot/panlex-20191001-csv/2897#110829981>				<https://panlex.org/snapshot/panlex-20191001-csv/2897#110830178>		"अगस्त"@sa	
