"okiu"@ngr	<https://panlex.org/snapshot/panlex-20191001-csv/114#8057059>				<https://panlex.org/snapshot/panlex-20191001-csv/114#8057131>		"ʔrewu"@ski	
"ne"@ngr	<https://panlex.org/snapshot/panlex-20191001-csv/114#8053452>				<https://panlex.org/snapshot/panlex-20191001-csv/114#8053530>		"waʔi[ŋ]"@ski	
"nalambmwə"@ngr	<https://panlex.org/snapshot/panlex-20191001-csv/114#8067910>				<https://panlex.org/snapshot/panlex-20191001-csv/114#8067983>		"maŋ"@ski	
"onoŋgo"@ngr	<https://panlex.org/snapshot/panlex-20191001-csv/114#8056573>				<https://panlex.org/snapshot/panlex-20191001-csv/114#8056654>		"rai-raʔi"@ski	
"onoŋgo"@ngr	<https://panlex.org/snapshot/panlex-20191001-csv/114#8056573>				<https://panlex.org/snapshot/panlex-20191001-csv/114#8056653>		"mitak"@ski	
"ɔkiɛnde"@ngr	<https://panlex.org/snapshot/panlex-20191001-csv/114#8060093>				<https://panlex.org/snapshot/panlex-20191001-csv/114#8060161>		"wateŋ"@ski	
"nümü"@ngr	<https://panlex.org/snapshot/panlex-20191001-csv/114#8051964>				<https://panlex.org/snapshot/panlex-20191001-csv/114#8052041>		"limaŋ"@ski	
