"dame"@tet	<https://panlex.org/snapshot/panlex-20191001-csv/2902#111012186>				<https://panlex.org/snapshot/panlex-20191001-csv/2902#111011971>		"saychid"@ivv	
"horan"@tet	<https://panlex.org/snapshot/panlex-20191001-csv/114#8066427>				<https://panlex.org/snapshot/panlex-20191001-csv/114#8066152>		"angot"@ivv	
"horan"@tet	<https://panlex.org/snapshot/panlex-20191001-csv/114#8066427>				<https://panlex.org/snapshot/panlex-20191001-csv/114#8066157>		"maangot"@ivv	
"horan"@tet	<https://panlex.org/snapshot/panlex-20191001-csv/114#8066427>				<https://panlex.org/snapshot/panlex-20191001-csv/114#8066153>		"hangno"@ivv	
"horan"@tet	<https://panlex.org/snapshot/panlex-20191001-csv/114#8066427>				<https://panlex.org/snapshot/panlex-20191001-csv/114#8066154>		"hangot"@ivv	
"horan"@tet	<https://panlex.org/snapshot/panlex-20191001-csv/114#8066427>				<https://panlex.org/snapshot/panlex-20191001-csv/114#8066155>		"hangutɨn"@ivv	
"horan"@tet	<https://panlex.org/snapshot/panlex-20191001-csv/114#8066427>				<https://panlex.org/snapshot/panlex-20191001-csv/114#8066158>		"mahangno"@ivv	
"horan"@tet	<https://panlex.org/snapshot/panlex-20191001-csv/114#8066427>				<https://panlex.org/snapshot/panlex-20191001-csv/114#8066160>		"manhangot"@ivv	
"horan"@tet	<https://panlex.org/snapshot/panlex-20191001-csv/114#8066427>				<https://panlex.org/snapshot/panlex-20191001-csv/114#8066159>		"mangangot"@ivv	
"horan"@tet	<https://panlex.org/snapshot/panlex-20191001-csv/114#8066427>				<https://panlex.org/snapshot/panlex-20191001-csv/114#8066156>		"haŋutɨn"@ivv	
"neʼan"@tet	<https://panlex.org/snapshot/panlex-20191001-csv/114#8067521>				<https://panlex.org/snapshot/panlex-20191001-csv/114#8067222>		"ipangxoʼmek"@ivv	
"neʼan"@tet	<https://panlex.org/snapshot/panlex-20191001-csv/114#8067521>				<https://panlex.org/snapshot/panlex-20191001-csv/114#8067231>		"xoʼmek"@ivv	
"neʼan"@tet	<https://panlex.org/snapshot/panlex-20191001-csv/114#8067521>				<https://panlex.org/snapshot/panlex-20191001-csv/114#8067226>		"nyipen"@ivv	
"neʼan"@tet	<https://panlex.org/snapshot/panlex-20191001-csv/114#8067521>				<https://panlex.org/snapshot/panlex-20191001-csv/114#8067221>		"asong"@ivv	
"neʼan"@tet	<https://panlex.org/snapshot/panlex-20191001-csv/114#8067521>				<https://panlex.org/snapshot/panlex-20191001-csv/114#8067227>		"osong"@ivv	
"neʼan"@tet	<https://panlex.org/snapshot/panlex-20191001-csv/114#8067521>				<https://panlex.org/snapshot/panlex-20191001-csv/114#8067229>		"song"@ivv	
"neʼan"@tet	<https://panlex.org/snapshot/panlex-20191001-csv/114#8067521>				<https://panlex.org/snapshot/panlex-20191001-csv/114#8067225>		"nipin"@ivv	
"neʼan"@tet	<https://panlex.org/snapshot/panlex-20191001-csv/114#8067521>				<https://panlex.org/snapshot/panlex-20191001-csv/114#8067230>		"soong"@ivv	
"neʼan"@tet	<https://panlex.org/snapshot/panlex-20191001-csv/114#8067521>				<https://panlex.org/snapshot/panlex-20191001-csv/114#8067224>		"ngepen"@ivv	
"neʼan"@tet	<https://panlex.org/snapshot/panlex-20191001-csv/114#8067521>				<https://panlex.org/snapshot/panlex-20191001-csv/114#8067228>		"so:ong"@ivv	
"neʼan"@tet	<https://panlex.org/snapshot/panlex-20191001-csv/114#8067521>				<https://panlex.org/snapshot/panlex-20191001-csv/114#8067223>		"kamansasanga"@ivv	
"neʼan"@tet	<https://panlex.org/snapshot/panlex-20191001-csv/114#8067521>				<https://panlex.org/snapshot/panlex-20191001-csv/114#8067233>		"ñipɨn"@ivv	
"neʼan"@tet	<https://panlex.org/snapshot/panlex-20191001-csv/114#8067521>				<https://panlex.org/snapshot/panlex-20191001-csv/114#8067232>		"ñipin"@ivv	
"inur"@tet	<https://panlex.org/snapshot/panlex-20191001-csv/114#8065492>				<https://panlex.org/snapshot/panlex-20191001-csv/114#8065201>		"muhdan"@ivv	
"inur"@tet	<https://panlex.org/snapshot/panlex-20191001-csv/114#8065492>				<https://panlex.org/snapshot/panlex-20191001-csv/114#8065197>		"maymomohed"@ivv	
"inur"@tet	<https://panlex.org/snapshot/panlex-20191001-csv/114#8065492>				<https://panlex.org/snapshot/panlex-20191001-csv/114#8065202>		"qaraavaq"@ivv	
"inur"@tet	<https://panlex.org/snapshot/panlex-20191001-csv/114#8065492>				<https://panlex.org/snapshot/panlex-20191001-csv/114#8065199>		"mohed"@ivv	
"inur"@tet	<https://panlex.org/snapshot/panlex-20191001-csv/114#8065492>				<https://panlex.org/snapshot/panlex-20191001-csv/114#8065200>		"momodan"@ivv	
"inur"@tet	<https://panlex.org/snapshot/panlex-20191001-csv/114#8065492>				<https://panlex.org/snapshot/panlex-20191001-csv/114#8065198>		"mohdan"@ivv	
"aten"@tet	<https://panlex.org/snapshot/panlex-20191001-csv/114#8060207>				<https://panlex.org/snapshot/panlex-20191001-csv/114#8059945>		"atayi"@ivv	
"aten"@tet	<https://panlex.org/snapshot/panlex-20191001-csv/114#8060207>				<https://panlex.org/snapshot/panlex-20191001-csv/114#8059944>		"atay"@ivv	
"aten"@tet	<https://panlex.org/snapshot/panlex-20191001-csv/114#8060207>				<https://panlex.org/snapshot/panlex-20191001-csv/114#8059946>		"qatay"@ivv	
"hatene"@tet	<https://panlex.org/snapshot/panlex-20191001-csv/114#8061818>				<https://panlex.org/snapshot/panlex-20191001-csv/114#8061524>		"ipapanmo"@ivv	
"hatene"@tet	<https://panlex.org/snapshot/panlex-20191001-csv/114#8061818>				<https://panlex.org/snapshot/panlex-20191001-csv/114#8061520>		"icapatak"@ivv	
"hatene"@tet	<https://panlex.org/snapshot/panlex-20191001-csv/114#8061818>				<https://panlex.org/snapshot/panlex-20191001-csv/114#8061522>		"icaʼpatak"@ivv	
"hatene"@tet	<https://panlex.org/snapshot/panlex-20191001-csv/114#8061818>				<https://panlex.org/snapshot/panlex-20191001-csv/114#8061526>		"maapanmo"@ivv	
"hatene"@tet	<https://panlex.org/snapshot/panlex-20191001-csv/114#8061818>				<https://panlex.org/snapshot/panlex-20191001-csv/114#8061533>		"teneng"@ivv	
"hatene"@tet	<https://panlex.org/snapshot/panlex-20191001-csv/114#8061818>				<https://panlex.org/snapshot/panlex-20191001-csv/114#8061525>		"katenngan"@ivv	
"hatene"@tet	<https://panlex.org/snapshot/panlex-20191001-csv/114#8061818>				<https://panlex.org/snapshot/panlex-20191001-csv/114#8061521>		"icaʼpanmo"@ivv	
"hatene"@tet	<https://panlex.org/snapshot/panlex-20191001-csv/114#8061818>				<https://panlex.org/snapshot/panlex-20191001-csv/114#8061527>		"masincad"@ivv	
"hatene"@tet	<https://panlex.org/snapshot/panlex-20191001-csv/114#8061818>				<https://panlex.org/snapshot/panlex-20191001-csv/114#8061531>		"peymo"@ivv	
"hatene"@tet	<https://panlex.org/snapshot/panlex-20191001-csv/114#8061818>				<https://panlex.org/snapshot/panlex-20191001-csv/114#8061523>		"ichaʼpanmu"@ivv	
"hatene"@tet	<https://panlex.org/snapshot/panlex-20191001-csv/114#8061818>				<https://panlex.org/snapshot/panlex-20191001-csv/114#8061528>		"masiñcad"@ivv	
"hatene"@tet	<https://panlex.org/snapshot/panlex-20191001-csv/114#8061818>				<https://panlex.org/snapshot/panlex-20191001-csv/114#8061532>		"sincad"@ivv	
"hatene"@tet	<https://panlex.org/snapshot/panlex-20191001-csv/114#8061818>				<https://panlex.org/snapshot/panlex-20191001-csv/114#8061529>		"panmo"@ivv	
"hatene"@tet	<https://panlex.org/snapshot/panlex-20191001-csv/114#8061818>				<https://panlex.org/snapshot/panlex-20191001-csv/114#8061530>		"patak"@ivv	
"hanoin"@tet	<https://panlex.org/snapshot/panlex-20191001-csv/114#8062290>				<https://panlex.org/snapshot/panlex-20191001-csv/114#8062041>		"akto"@ivv	
"hanoin"@tet	<https://panlex.org/snapshot/panlex-20191001-csv/114#8062290>				<https://panlex.org/snapshot/panlex-20191001-csv/114#8062046>		"naknakem"@ivv	
"hanoin"@tet	<https://panlex.org/snapshot/panlex-20191001-csv/114#8062290>				<https://panlex.org/snapshot/panlex-20191001-csv/114#8062048>		"naknakmen"@ivv	
"hanoin"@tet	<https://panlex.org/snapshot/panlex-20191001-csv/114#8062290>				<https://panlex.org/snapshot/panlex-20191001-csv/114#8062045>		"nakem"@ivv	
"hanoin"@tet	<https://panlex.org/snapshot/panlex-20191001-csv/114#8062290>				<https://panlex.org/snapshot/panlex-20191001-csv/114#8062047>		"naknakemen"@ivv	
"hanoin"@tet	<https://panlex.org/snapshot/panlex-20191001-csv/114#8062290>				<https://panlex.org/snapshot/panlex-20191001-csv/114#8062049>		"tokto"@ivv	
"hanoin"@tet	<https://panlex.org/snapshot/panlex-20191001-csv/114#8062290>				<https://panlex.org/snapshot/panlex-20191001-csv/114#8062044>		"maŋ-tuktu"@ivv	
"hanoin"@tet	<https://panlex.org/snapshot/panlex-20191001-csv/114#8062290>				<https://panlex.org/snapshot/panlex-20191001-csv/114#8062042>		"mangtokto"@ivv	
"hanoin"@tet	<https://panlex.org/snapshot/panlex-20191001-csv/114#8062290>				<https://panlex.org/snapshot/panlex-20191001-csv/114#8062043>		"maytokto"@ivv	
"karuk"@tet	<https://panlex.org/snapshot/panlex-20191001-csv/114#8052580>				<https://panlex.org/snapshot/panlex-20191001-csv/114#8052326>		"holiq"@ivv	
"karuk"@tet	<https://panlex.org/snapshot/panlex-20191001-csv/114#8052580>				<https://panlex.org/snapshot/panlex-20191001-csv/114#8052327>		"kaholi"@ivv	
"karuk"@tet	<https://panlex.org/snapshot/panlex-20191001-csv/114#8052580>				<https://panlex.org/snapshot/panlex-20191001-csv/114#8052323>		"gori"@ivv	
"karuk"@tet	<https://panlex.org/snapshot/panlex-20191001-csv/114#8052580>				<https://panlex.org/snapshot/panlex-20191001-csv/114#8052324>		"guriq"@ivv	
"karuk"@tet	<https://panlex.org/snapshot/panlex-20191001-csv/114#8052580>				<https://panlex.org/snapshot/panlex-20191001-csv/114#8052328>		"ozi"@ivv	
"karuk"@tet	<https://panlex.org/snapshot/panlex-20191001-csv/114#8052580>				<https://panlex.org/snapshot/panlex-20191001-csv/114#8052329>		"wozi"@ivv	
"karuk"@tet	<https://panlex.org/snapshot/panlex-20191001-csv/114#8052580>				<https://panlex.org/snapshot/panlex-20191001-csv/114#8052325>		"holi"@ivv	
"susun"@tet	<https://panlex.org/snapshot/panlex-20191001-csv/114#8060783>				<https://panlex.org/snapshot/panlex-20191001-csv/114#8060473>		"rahdah"@ivv	
"susun"@tet	<https://panlex.org/snapshot/panlex-20191001-csv/114#8060783>				<https://panlex.org/snapshot/panlex-20191001-csv/114#8060474>		"soso"@ivv	
"susun"@tet	<https://panlex.org/snapshot/panlex-20191001-csv/114#8060783>				<https://panlex.org/snapshot/panlex-20191001-csv/114#8060475>		"sosoq"@ivv	
"susun"@tet	<https://panlex.org/snapshot/panlex-20191001-csv/114#8060783>				<https://panlex.org/snapshot/panlex-20191001-csv/114#8060472>		"kalangaangan"@ivv	
"ibun"@tet	<https://panlex.org/snapshot/panlex-20191001-csv/114#8066968>				<https://panlex.org/snapshot/panlex-20191001-csv/114#8066671>		"viviq"@ivv	
"ibun"@tet	<https://panlex.org/snapshot/panlex-20191001-csv/114#8066968>				<https://panlex.org/snapshot/panlex-20191001-csv/114#8066666>		"dangoy"@ivv	
"ibun"@tet	<https://panlex.org/snapshot/panlex-20191001-csv/114#8066968>				<https://panlex.org/snapshot/panlex-20191001-csv/114#8066667>		"ngongoy"@ivv	
"ibun"@tet	<https://panlex.org/snapshot/panlex-20191001-csv/114#8066968>				<https://panlex.org/snapshot/panlex-20191001-csv/114#8066670>		"vivih"@ivv	
"ibun"@tet	<https://panlex.org/snapshot/panlex-20191001-csv/114#8066968>				<https://panlex.org/snapshot/panlex-20191001-csv/114#8066669>		"vivi"@ivv	
"ibun"@tet	<https://panlex.org/snapshot/panlex-20191001-csv/114#8066968>				<https://panlex.org/snapshot/panlex-20191001-csv/114#8066668>		"ngoso"@ivv	
"kakorok"@tet	<https://panlex.org/snapshot/panlex-20191001-csv/114#8064389>				<https://panlex.org/snapshot/panlex-20191001-csv/114#8064113>		"zagaw"@ivv	
"kakorok"@tet	<https://panlex.org/snapshot/panlex-20191001-csv/114#8064389>				<https://panlex.org/snapshot/panlex-20191001-csv/114#8064112>		"ragaw"@ivv	
"kakorok"@tet	<https://panlex.org/snapshot/panlex-20191001-csv/114#8064389>				<https://panlex.org/snapshot/panlex-20191001-csv/114#8064111>		"lagaw"@ivv	
"liman"@tet	<https://panlex.org/snapshot/panlex-20191001-csv/114#8052101>				<https://panlex.org/snapshot/panlex-20191001-csv/114#8051795>		"panorowan"@ivv	
"liman"@tet	<https://panlex.org/snapshot/panlex-20191001-csv/114#8052101>				<https://panlex.org/snapshot/panlex-20191001-csv/114#8051796>		"tanoro"@ivv	
"liman"@tet	<https://panlex.org/snapshot/panlex-20191001-csv/114#8052101>				<https://panlex.org/snapshot/panlex-20191001-csv/114#8051793>		"limaq"@ivv	
"liman"@tet	<https://panlex.org/snapshot/panlex-20191001-csv/114#8052101>				<https://panlex.org/snapshot/panlex-20191001-csv/114#8051794>		"pamamahadan"@ivv	
"liman"@tet	<https://panlex.org/snapshot/panlex-20191001-csv/114#8052101>				<https://panlex.org/snapshot/panlex-20191001-csv/114#8051792>		"lima"@ivv	
"liman"@tet	<https://panlex.org/snapshot/panlex-20191001-csv/114#8052101>				<https://panlex.org/snapshot/panlex-20191001-csv/114#8051797>		"tanoroq"@ivv	
