"horan"@tet	<https://panlex.org/snapshot/panlex-20191001-csv/114#8066427>				<https://panlex.org/snapshot/panlex-20191001-csv/114#8066452>		"eéluʉ[i]"@tsu	
"neʼan"@tet	<https://panlex.org/snapshot/panlex-20191001-csv/114#8067521>				<https://panlex.org/snapshot/panlex-20191001-csv/114#8067547>		"hísi"@tsu	
"inur"@tet	<https://panlex.org/snapshot/panlex-20191001-csv/114#8065492>				<https://panlex.org/snapshot/panlex-20191001-csv/114#8065518>		"ŋʉcʉ"@tsu	
"aten"@tet	<https://panlex.org/snapshot/panlex-20191001-csv/114#8060207>				<https://panlex.org/snapshot/panlex-20191001-csv/114#8060234>		"hʔónu"@tsu	
"hatene"@tet	<https://panlex.org/snapshot/panlex-20191001-csv/114#8061818>				<https://panlex.org/snapshot/panlex-20191001-csv/114#8061851>		"bochío"@tsu	
"hanoin"@tet	<https://panlex.org/snapshot/panlex-20191001-csv/114#8062290>				<https://panlex.org/snapshot/panlex-20191001-csv/114#8062314>		"máʔmi"@tsu	
"karuk"@tet	<https://panlex.org/snapshot/panlex-20191001-csv/114#8052580>				<https://panlex.org/snapshot/panlex-20191001-csv/114#8052605>		"vri-na"@tsu	
"susun"@tet	<https://panlex.org/snapshot/panlex-20191001-csv/114#8060783>				<https://panlex.org/snapshot/panlex-20191001-csv/114#8060814>		"núnʔu"@tsu	
"ibun"@tet	<https://panlex.org/snapshot/panlex-20191001-csv/114#8066968>				<https://panlex.org/snapshot/panlex-20191001-csv/114#8066993>		"ŋáeo"@tsu	
"kakorok"@tet	<https://panlex.org/snapshot/panlex-20191001-csv/114#8064389>				<https://panlex.org/snapshot/panlex-20191001-csv/114#8064416>		"sʉ́nʉ"@tsu	
"liman"@tet	<https://panlex.org/snapshot/panlex-20191001-csv/114#8052101>				<https://panlex.org/snapshot/panlex-20191001-csv/114#8052127>		"múcu"@tsu	
