"horan"@tet	<https://panlex.org/snapshot/panlex-20191001-csv/114#8066427>				<https://panlex.org/snapshot/panlex-20191001-csv/114#8066186>		"i angi ne"@ksd	
"neʼan"@tet	<https://panlex.org/snapshot/panlex-20191001-csv/114#8067521>				<https://panlex.org/snapshot/panlex-20191001-csv/114#8067262>		"a gorop na ngiene"@ksd	
"neʼan"@tet	<https://panlex.org/snapshot/panlex-20191001-csv/114#8067521>				<https://panlex.org/snapshot/panlex-20191001-csv/114#8067263>		"a palangiene"@ksd	
"inur"@tet	<https://panlex.org/snapshot/panlex-20191001-csv/114#8065492>				<https://panlex.org/snapshot/panlex-20191001-csv/114#8065231>		"a bilauna"@ksd	
"aten"@tet	<https://panlex.org/snapshot/panlex-20191001-csv/114#8060207>				<https://panlex.org/snapshot/panlex-20191001-csv/114#8059974>		"a katina"@ksd	
"hatene"@tet	<https://panlex.org/snapshot/panlex-20191001-csv/114#8061818>				<https://panlex.org/snapshot/panlex-20191001-csv/114#8061561>		"i nunure"@ksd	
"karuk"@tet	<https://panlex.org/snapshot/panlex-20191001-csv/114#8052580>				<https://panlex.org/snapshot/panlex-20191001-csv/114#8052353>		"lima maira"@ksd	
"susun"@tet	<https://panlex.org/snapshot/panlex-20191001-csv/114#8060783>				<https://panlex.org/snapshot/panlex-20191001-csv/114#8060509>		"luuna"@ksd	
"susun"@tet	<https://panlex.org/snapshot/panlex-20191001-csv/114#8060783>				<https://panlex.org/snapshot/panlex-20191001-csv/114#8060508>		"a libongaina"@ksd	
"ibun"@tet	<https://panlex.org/snapshot/panlex-20191001-csv/114#8066968>				<https://panlex.org/snapshot/panlex-20191001-csv/114#8066702>		"a ngiene"@ksd	
"kakorok"@tet	<https://panlex.org/snapshot/panlex-20191001-csv/114#8064389>				<https://panlex.org/snapshot/panlex-20191001-csv/114#8064142>		"a ingoana"@ksd	
"liman"@tet	<https://panlex.org/snapshot/panlex-20191001-csv/114#8052101>				<https://panlex.org/snapshot/panlex-20191001-csv/114#8051827>		"a limana"@ksd	
"liman"@tet	<https://panlex.org/snapshot/panlex-20191001-csv/114#8052101>				<https://panlex.org/snapshot/panlex-20191001-csv/114#8051828>		"limana"@ksd	
