"acula"@co	<https://panlex.org/snapshot/panlex-20191001-csv/5940#81295792>				<https://panlex.org/snapshot/panlex-20191001-csv/5940#81295788>		"ágila"@ch	
"specchiu"@co	<https://panlex.org/snapshot/panlex-20191001-csv/5946#84446150>				<https://panlex.org/snapshot/panlex-20191001-csv/5946#84446139>		"espehos"@ch	
"spechju"@co	<https://panlex.org/snapshot/panlex-20191001-csv/5946#84446151>				<https://panlex.org/snapshot/panlex-20191001-csv/5946#84446139>		"espehos"@ch	
"aostu"@co	<https://panlex.org/snapshot/panlex-20191001-csv/5949#85329307>				<https://panlex.org/snapshot/panlex-20191001-csv/5949#85329293>		"Ågosto"@ch	
"acqua"@co	<https://panlex.org/snapshot/panlex-20191001-csv/12#850887>				<https://panlex.org/snapshot/panlex-20191001-csv/12#850875>		"aqua"@ch	
"acqua"@co	<https://panlex.org/snapshot/panlex-20191001-csv/12#850887>				<https://panlex.org/snapshot/panlex-20191001-csv/12#850876>		"hanom"@ch	
"nasu"@co	<https://panlex.org/snapshot/panlex-20191001-csv/12#871498>				<https://panlex.org/snapshot/panlex-20191001-csv/12#871494>		"gui'eng"@ch	
"latte"@co	<https://panlex.org/snapshot/panlex-20191001-csv/12#854894>				<https://panlex.org/snapshot/panlex-20191001-csv/12#854890>		"leche"@ch	
"pace"@co	<https://panlex.org/snapshot/panlex-20191001-csv/2902#111012084>				<https://panlex.org/snapshot/panlex-20191001-csv/2902#111012140>		"pås"@ch	
"pace"@co	<https://panlex.org/snapshot/panlex-20191001-csv/2902#111012084>				<https://panlex.org/snapshot/panlex-20191001-csv/2902#111012237>		"minaggem"@ch	
"nulu"@co	<https://panlex.org/snapshot/panlex-20191001-csv/15#957120>				<https://panlex.org/snapshot/panlex-20191001-csv/15#957118>		"mapagahes"@ch	
"ISO 639"@co	<https://panlex.org/snapshot/panlex-20191001-csv/3776#91881321>				<https://panlex.org/snapshot/panlex-20191001-csv/3776#91881318>		"ISO 639"@ch	
"acqua"@co	<https://panlex.org/snapshot/panlex-20191001-csv/11#787529>				<https://panlex.org/snapshot/panlex-20191001-csv/11#787515>		"aqua"@ch	
"acqua"@co	<https://panlex.org/snapshot/panlex-20191001-csv/11#787529>				<https://panlex.org/snapshot/panlex-20191001-csv/11#787516>		"hanom"@ch	
"marcuri"@co	<https://panlex.org/snapshot/panlex-20191001-csv/2892#110824877>				<https://panlex.org/snapshot/panlex-20191001-csv/2892#110825000>		"Metkoles"@ch	
"luni"@co	<https://panlex.org/snapshot/panlex-20191001-csv/2892#110824035>				<https://panlex.org/snapshot/panlex-20191001-csv/2892#110824070>		"Lunes"@ch	
"sabatu"@co	<https://panlex.org/snapshot/panlex-20191001-csv/2892#110826439>				<https://panlex.org/snapshot/panlex-20191001-csv/2892#110826263>		"Såbålu"@ch	
"marti"@co	<https://panlex.org/snapshot/panlex-20191001-csv/2892#110824766>				<https://panlex.org/snapshot/panlex-20191001-csv/2892#110824784>		"Måttes"@ch	
"vennari"@co	<https://panlex.org/snapshot/panlex-20191001-csv/2892#110825786>				<https://panlex.org/snapshot/panlex-20191001-csv/2892#110825708>		"Betnes"@ch	
"ghjovi"@co	<https://panlex.org/snapshot/panlex-20191001-csv/2892#110825690>				<https://panlex.org/snapshot/panlex-20191001-csv/2892#110825676>		"Huebes"@ch	
"dumenica"@co	<https://panlex.org/snapshot/panlex-20191001-csv/2892#110826960>				<https://panlex.org/snapshot/panlex-20191001-csv/2892#110826824>		"Dåmenggo"@ch	
"lugliu"@co	<https://panlex.org/snapshot/panlex-20191001-csv/2897#110829573>				<https://panlex.org/snapshot/panlex-20191001-csv/2897#110829517>		"Hulio"@ch	
"maghju"@co	<https://panlex.org/snapshot/panlex-20191001-csv/2897#110828963>				<https://panlex.org/snapshot/panlex-20191001-csv/2897#110828894>		"Måyu"@ch	
"ghjugnu"@co	<https://panlex.org/snapshot/panlex-20191001-csv/2897#110829466>				<https://panlex.org/snapshot/panlex-20191001-csv/2897#110829331>		"Huño"@ch	
"ferraghju"@co	<https://panlex.org/snapshot/panlex-20191001-csv/2897#110827478>				<https://panlex.org/snapshot/panlex-20191001-csv/2897#110827614>		"Febreru"@ch	
"sittembre"@co	<https://panlex.org/snapshot/panlex-20191001-csv/2897#110830720>				<https://panlex.org/snapshot/panlex-20191001-csv/2897#110830613>		"Septembre"@ch	
"uttobre"@co	<https://panlex.org/snapshot/panlex-20191001-csv/2897#110830942>				<https://panlex.org/snapshot/panlex-20191001-csv/2897#110830758>		"Oktubre"@ch	
"aprile"@co	<https://panlex.org/snapshot/panlex-20191001-csv/2897#110828519>				<https://panlex.org/snapshot/panlex-20191001-csv/2897#110828650>		"Åbrit"@ch	
"ghjennaghju"@co	<https://panlex.org/snapshot/panlex-20191001-csv/2897#110827057>				<https://panlex.org/snapshot/panlex-20191001-csv/2897#110827396>		"Eneru"@ch	
"aostu"@co	<https://panlex.org/snapshot/panlex-20191001-csv/2897#110830014>				<https://panlex.org/snapshot/panlex-20191001-csv/2897#110830105>		"Ågosto"@ch	
"nuvembre"@co	<https://panlex.org/snapshot/panlex-20191001-csv/2897#110831361>				<https://panlex.org/snapshot/panlex-20191001-csv/2897#110831194>		"Nobiembre"@ch	
"marzu"@co	<https://panlex.org/snapshot/panlex-20191001-csv/2897#110827868>				<https://panlex.org/snapshot/panlex-20191001-csv/2897#110827948>		"Måtso"@ch	
"dicembre"@co	<https://panlex.org/snapshot/panlex-20191001-csv/2897#110831590>				<https://panlex.org/snapshot/panlex-20191001-csv/2897#110831853>		"Disiembre"@ch	
