"cavallu"@co	<https://panlex.org/snapshot/panlex-20191001-csv/6712#111099100>				<https://panlex.org/snapshot/panlex-20191001-csv/6712#111099118>		"घोडा"@mr	
"torra"@co	<https://panlex.org/snapshot/panlex-20191001-csv/6712#111098802>				<https://panlex.org/snapshot/panlex-20191001-csv/6712#111098737>		"हत्ती"@mr	
"rè"@co	<https://panlex.org/snapshot/panlex-20191001-csv/6712#111098477>				<https://panlex.org/snapshot/panlex-20191001-csv/6712#111098376>		"राजा"@mr	
"scacchi"@co	<https://panlex.org/snapshot/panlex-20191001-csv/6712#111099411>				<https://panlex.org/snapshot/panlex-20191001-csv/6712#111099451>		"बुद्धिबळ"@mr	
"donna"@co	<https://panlex.org/snapshot/panlex-20191001-csv/6712#111098572>				<https://panlex.org/snapshot/panlex-20191001-csv/6712#111098519>		"वजीर"@mr	
"pedinu"@co	<https://panlex.org/snapshot/panlex-20191001-csv/6712#111099224>				<https://panlex.org/snapshot/panlex-20191001-csv/6712#111099187>		"प्यादे"@mr	
"alfiere"@co	<https://panlex.org/snapshot/panlex-20191001-csv/6712#111098842>				<https://panlex.org/snapshot/panlex-20191001-csv/6712#111098959>		"उंट"@mr	
"Franciscu"@co	<https://panlex.org/snapshot/panlex-20191001-csv/6717#111107541>				<https://panlex.org/snapshot/panlex-20191001-csv/6717#111107559>		"फ्रान्सिस"@mr	
"Medievu"@co	<https://panlex.org/snapshot/panlex-20191001-csv/6709#111076309>				<https://panlex.org/snapshot/panlex-20191001-csv/6709#111076288>		"मध्य युग"@mr	
"Rinascimentu"@co	<https://panlex.org/snapshot/panlex-20191001-csv/6709#111076875>				<https://panlex.org/snapshot/panlex-20191001-csv/6709#111076893>		"प्रबोधनाचा काळ"@mr	
"Età di u ferru"@co	<https://panlex.org/snapshot/panlex-20191001-csv/6709#111076174>				<https://panlex.org/snapshot/panlex-20191001-csv/6709#111076184>		"लोह युग"@mr	
"Seconda Guerra Mundiale"@co	<https://panlex.org/snapshot/panlex-20191001-csv/6709#111077691>				<https://panlex.org/snapshot/panlex-20191001-csv/6709#111077649>		"दुसरे महायुद्ध"@mr	
"Guerra fredda"@co	<https://panlex.org/snapshot/panlex-20191001-csv/6709#111077842>				<https://panlex.org/snapshot/panlex-20191001-csv/6709#111077764>		"शीत युद्ध"@mr	
"Età di u bronzu"@co	<https://panlex.org/snapshot/panlex-20191001-csv/6709#111076068>				<https://panlex.org/snapshot/panlex-20191001-csv/6709#111076001>		"ताम्र युग"@mr	
"Età di a petra"@co	<https://panlex.org/snapshot/panlex-20191001-csv/6709#111075817>				<https://panlex.org/snapshot/panlex-20191001-csv/6709#111075896>		"पाषाण युग"@mr	
"Rivuluzione industriale"@co	<https://panlex.org/snapshot/panlex-20191001-csv/6709#111077271>				<https://panlex.org/snapshot/panlex-20191001-csv/6709#111077141>		"औद्योगिक क्रांती"@mr	
"Prima guerra mundiale"@co	<https://panlex.org/snapshot/panlex-20191001-csv/6709#111077400>				<https://panlex.org/snapshot/panlex-20191001-csv/6709#111077353>		"पहिले महायुद्ध"@mr	
"Cruciate"@co	<https://panlex.org/snapshot/panlex-20191001-csv/6709#111076736>				<https://panlex.org/snapshot/panlex-20191001-csv/6709#111076750>		"क्रुसेड"@mr	
"U Principellu"@co	<https://panlex.org/snapshot/panlex-20191001-csv/6710#111083066>				<https://panlex.org/snapshot/panlex-20191001-csv/6710#111083139>		"धी लिट्ल प्रिन्स"@mr	
"ghjattu"@co	<https://panlex.org/snapshot/panlex-20191001-csv/2129#11694509>				<https://panlex.org/snapshot/panlex-20191001-csv/2129#11694564>		"मांजर"@mr	
"sei"@co	<https://panlex.org/snapshot/panlex-20191001-csv/2131#11694925>				<https://panlex.org/snapshot/panlex-20191001-csv/2131#11694973>		"सहा"@mr	
"Alemagna"@co	<https://panlex.org/snapshot/panlex-20191001-csv/5950#85858336>				<https://panlex.org/snapshot/panlex-20191001-csv/5950#85858381>		"जर्मनी"@mr	
"pomu d'oru"@co	<https://panlex.org/snapshot/panlex-20191001-csv/5950#85867906>				<https://panlex.org/snapshot/panlex-20191001-csv/5950#85867935>		"टोमॅटो"@mr	
"Germania"@co	<https://panlex.org/snapshot/panlex-20191001-csv/5950#85858337>				<https://panlex.org/snapshot/panlex-20191001-csv/5950#85858381>		"जर्मनी"@mr	
"pumata"@co	<https://panlex.org/snapshot/panlex-20191001-csv/5950#85867907>				<https://panlex.org/snapshot/panlex-20191001-csv/5950#85867935>		"टोमॅटो"@mr	
"donna"@co	<https://panlex.org/snapshot/panlex-20191001-csv/5950#85865160>				<https://panlex.org/snapshot/panlex-20191001-csv/5950#85865209>		"स्त्री"@mr	
"lavoru"@co	<https://panlex.org/snapshot/panlex-20191001-csv/5945#84393812>				<https://panlex.org/snapshot/panlex-20191001-csv/5945#84393860>		"कार्य"@mr	
"lavoru"@co	<https://panlex.org/snapshot/panlex-20191001-csv/5945#84393812>				<https://panlex.org/snapshot/panlex-20191001-csv/5945#84393859>		"काम"@mr	
"lavoru"@co	<https://panlex.org/snapshot/panlex-20191001-csv/5945#84393812>				<https://panlex.org/snapshot/panlex-20191001-csv/5945#84393858>		"कर्म"@mr	
"quaterni"@co	<https://panlex.org/snapshot/panlex-20191001-csv/5945#84412809>				<https://panlex.org/snapshot/panlex-20191001-csv/5945#84412848>		"कोपी"@mr	
"Ghjesù Cristu"@co	<https://panlex.org/snapshot/panlex-20191001-csv/5947#84595500>				<https://panlex.org/snapshot/panlex-20191001-csv/5947#84595550>		"येशू ख्रिस्त"@mr	
"Svezia"@co	<https://panlex.org/snapshot/panlex-20191001-csv/5947#84612192>				<https://panlex.org/snapshot/panlex-20191001-csv/5947#84612257>		"स्वीडन"@mr	
"Terra"@co	<https://panlex.org/snapshot/panlex-20191001-csv/5940#81310750>				<https://panlex.org/snapshot/panlex-20191001-csv/5940#81310795>		"पृथ्वी"@mr	
"Uttrovi"@co	<https://panlex.org/snapshot/panlex-20191001-csv/5940#81285621>				<https://panlex.org/snapshot/panlex-20191001-csv/5940#81285668>		"ऑक्टोबर"@mr	
"ghjattupardu"@co	<https://panlex.org/snapshot/panlex-20191001-csv/5939#80835814>				<https://panlex.org/snapshot/panlex-20191001-csv/5939#80835851>		"cittā"@mr	
"aprile"@co	<https://panlex.org/snapshot/panlex-20191001-csv/5939#80725319>				<https://panlex.org/snapshot/panlex-20191001-csv/5939#80725362>		"epril"@mr	
"algebra"@co	<https://panlex.org/snapshot/panlex-20191001-csv/5939#80712695>				<https://panlex.org/snapshot/panlex-20191001-csv/5939#80712712>		"बीजगणित"@mr	
"Germania"@co	<https://panlex.org/snapshot/panlex-20191001-csv/5939#80782664>				<https://panlex.org/snapshot/panlex-20191001-csv/5939#80782745>		"Jarmanī"@mr	
"agostu"@co	<https://panlex.org/snapshot/panlex-20191001-csv/5939#80734583>				<https://panlex.org/snapshot/panlex-20191001-csv/5939#80734626>		"ôgasT"@mr	
"ferraghju"@co	<https://panlex.org/snapshot/panlex-20191001-csv/5939#80811211>				<https://panlex.org/snapshot/panlex-20191001-csv/5939#80811274>		"phēbruvārī"@mr	
"operaiu"@co	<https://panlex.org/snapshot/panlex-20191001-csv/5939#80726069>				<https://panlex.org/snapshot/panlex-20191001-csv/5939#80726117>		"कर्मकार"@mr	
"operaiu"@co	<https://panlex.org/snapshot/panlex-20191001-csv/5939#80726069>				<https://panlex.org/snapshot/panlex-20191001-csv/5939#80726118>		"कार्यकर्त्ता"@mr	
"manuale"@co	<https://panlex.org/snapshot/panlex-20191001-csv/5939#80726068>				<https://panlex.org/snapshot/panlex-20191001-csv/5939#80726117>		"कर्मकार"@mr	
"manuale"@co	<https://panlex.org/snapshot/panlex-20191001-csv/5939#80726068>				<https://panlex.org/snapshot/panlex-20191001-csv/5939#80726118>		"कार्यकर्त्ता"@mr	
"salute"@co	<https://panlex.org/snapshot/panlex-20191001-csv/5939#80838840>				<https://panlex.org/snapshot/panlex-20191001-csv/5939#80838888>		"ārōgya"@mr	
"Alemagna"@co	<https://panlex.org/snapshot/panlex-20191001-csv/5939#80782663>				<https://panlex.org/snapshot/panlex-20191001-csv/5939#80782745>		"Jarmanī"@mr	
"Anversa"@co	<https://panlex.org/snapshot/panlex-20191001-csv/5939#80723312>				<https://panlex.org/snapshot/panlex-20191001-csv/5939#80723348>		"अँटवर्प"@mr	
"marti"@co	<https://panlex.org/snapshot/panlex-20191001-csv/5939#80784005>				<https://panlex.org/snapshot/panlex-20191001-csv/5939#80784045>		"mangaLavāra"@mr	
"travagliadore"@co	<https://panlex.org/snapshot/panlex-20191001-csv/5939#80726070>				<https://panlex.org/snapshot/panlex-20191001-csv/5939#80726117>		"कर्मकार"@mr	
"travagliadore"@co	<https://panlex.org/snapshot/panlex-20191001-csv/5939#80726070>				<https://panlex.org/snapshot/panlex-20191001-csv/5939#80726118>		"कार्यकर्त्ता"@mr	
"gattupardu"@co	<https://panlex.org/snapshot/panlex-20191001-csv/5939#80835815>				<https://panlex.org/snapshot/panlex-20191001-csv/5939#80835851>		"cittā"@mr	
"Firenze"@co	<https://panlex.org/snapshot/panlex-20191001-csv/5939#80817735>				<https://panlex.org/snapshot/panlex-20191001-csv/5939#80817768>		"Phlorens"@mr	
"specchiu"@co	<https://panlex.org/snapshot/panlex-20191001-csv/5946#84446150>				<https://panlex.org/snapshot/panlex-20191001-csv/5946#84446254>		"आरसा"@mr	
"spechju"@co	<https://panlex.org/snapshot/panlex-20191001-csv/5946#84446151>				<https://panlex.org/snapshot/panlex-20191001-csv/5946#84446254>		"आरसा"@mr	
"Uruguay"@co	<https://panlex.org/snapshot/panlex-20191001-csv/5949#85322859>				<https://panlex.org/snapshot/panlex-20191001-csv/5949#85322925>		"उरुग्वे"@mr	
"Lettonia"@co	<https://panlex.org/snapshot/panlex-20191001-csv/5949#85314253>				<https://panlex.org/snapshot/panlex-20191001-csv/5949#85314329>		"लात्व्हिया"@mr	
"aostu"@co	<https://panlex.org/snapshot/panlex-20191001-csv/5949#85329307>				<https://panlex.org/snapshot/panlex-20191001-csv/5949#85329431>		"ओगस्ट"@mr	
"Francia"@co	<https://panlex.org/snapshot/panlex-20191001-csv/5949#85323552>				<https://panlex.org/snapshot/panlex-20191001-csv/5949#85323623>		"फ्रान्स"@mr	
"Russia"@co	<https://panlex.org/snapshot/panlex-20191001-csv/5949#85319427>				<https://panlex.org/snapshot/panlex-20191001-csv/5949#85319534>		"रशिया"@mr	
"Yemen"@co	<https://panlex.org/snapshot/panlex-20191001-csv/5949#85310971>				<https://panlex.org/snapshot/panlex-20191001-csv/5949#85311020>		"यमनचे प्रजासत्ताक"@mr	
"Berlinu"@co	<https://panlex.org/snapshot/panlex-20191001-csv/5949#85302404>				<https://panlex.org/snapshot/panlex-20191001-csv/5949#85302483>		"बर्लिन"@mr	
"Polonia"@co	<https://panlex.org/snapshot/panlex-20191001-csv/5949#85318659>				<https://panlex.org/snapshot/panlex-20191001-csv/5949#85318696>		"पोलंड"@mr	
"Bibbia"@co	<https://panlex.org/snapshot/panlex-20191001-csv/5949#85302657>				<https://panlex.org/snapshot/panlex-20191001-csv/5949#85302736>		"बायबल"@mr	
"Scòzia"@co	<https://panlex.org/snapshot/panlex-20191001-csv/5949#85325205>				<https://panlex.org/snapshot/panlex-20191001-csv/5949#85325273>		"स्कॉटलंड"@mr	
"Azerbaighjan"@co	<https://panlex.org/snapshot/panlex-20191001-csv/5949#85298432>				<https://panlex.org/snapshot/panlex-20191001-csv/5949#85298497>		"अज़रबैजान"@mr	
"Perù"@co	<https://panlex.org/snapshot/panlex-20191001-csv/5949#85318205>				<https://panlex.org/snapshot/panlex-20191001-csv/5949#85318278>		"पेर"@mr	
"Sole"@co	<https://panlex.org/snapshot/panlex-20191001-csv/5949#85320877>				<https://panlex.org/snapshot/panlex-20191001-csv/5949#85320950>		"सूर्य"@mr	
"Liegi"@co	<https://panlex.org/snapshot/panlex-20191001-csv/5949#85314805>				<https://panlex.org/snapshot/panlex-20191001-csv/5949#85314841>		"लीज"@mr	
"Australia"@co	<https://panlex.org/snapshot/panlex-20191001-csv/5949#85298094>				<https://panlex.org/snapshot/panlex-20191001-csv/5949#85298179>		"ऑस्ट्रेलिया"@mr	
"storia"@co	<https://panlex.org/snapshot/panlex-20191001-csv/5942#83282230>				<https://panlex.org/snapshot/panlex-20191001-csv/5942#83282287>		"इतिहास"@mr	
"Gesù"@co	<https://panlex.org/snapshot/panlex-20191001-csv/5943#83289511>				<https://panlex.org/snapshot/panlex-20191001-csv/5943#83289565>		"येशू ख्रिस्त"@mr	
"Finlandia"@co	<https://panlex.org/snapshot/panlex-20191001-csv/5943#83294085>				<https://panlex.org/snapshot/panlex-20191001-csv/5943#83294130>		"फिनलंड"@mr	
"Wikipedia"@co	<https://panlex.org/snapshot/panlex-20191001-csv/5943#83295647>				<https://panlex.org/snapshot/panlex-20191001-csv/5943#83295672>		"विकिपीडिया"@mr	
"lingua spagnola"@co	<https://panlex.org/snapshot/panlex-20191001-csv/405#13632045>				<https://panlex.org/snapshot/panlex-20191001-csv/405#13632097>		"स्पॅनिश भाषा"@mr	
"lingua latina"@co	<https://panlex.org/snapshot/panlex-20191001-csv/405#13627460>				<https://panlex.org/snapshot/panlex-20191001-csv/405#13627503>		"लॅटिन भाषा"@mr	
"lingua catalana"@co	<https://panlex.org/snapshot/panlex-20191001-csv/405#13622326>				<https://panlex.org/snapshot/panlex-20191001-csv/405#13622364>		"कातालान भाषा"@mr	
"lingua tedesca"@co	<https://panlex.org/snapshot/panlex-20191001-csv/405#13624602>				<https://panlex.org/snapshot/panlex-20191001-csv/405#13624656>		"जर्मन भाषा"@mr	
"lingua inglese"@co	<https://panlex.org/snapshot/panlex-20191001-csv/405#13623573>				<https://panlex.org/snapshot/panlex-20191001-csv/405#13623639>		"इंग्लिश भाषा"@mr	
"travaddu"@co	<https://panlex.org/snapshot/panlex-20191001-csv/19#1028972>				<https://panlex.org/snapshot/panlex-20191001-csv/19#1029017>		"कार्य"@mr	
"travaddu"@co	<https://panlex.org/snapshot/panlex-20191001-csv/19#1028972>				<https://panlex.org/snapshot/panlex-20191001-csv/19#1029016>		"कर्म"@mr	
"travaddu"@co	<https://panlex.org/snapshot/panlex-20191001-csv/19#1028972>				<https://panlex.org/snapshot/panlex-20191001-csv/19#1029015>		"काम"@mr	
"travagliu"@co	<https://panlex.org/snapshot/panlex-20191001-csv/19#1028973>				<https://panlex.org/snapshot/panlex-20191001-csv/19#1029017>		"कार्य"@mr	
"travagliu"@co	<https://panlex.org/snapshot/panlex-20191001-csv/19#1028973>				<https://panlex.org/snapshot/panlex-20191001-csv/19#1029016>		"कर्म"@mr	
"travagliu"@co	<https://panlex.org/snapshot/panlex-20191001-csv/19#1028973>				<https://panlex.org/snapshot/panlex-20191001-csv/19#1029015>		"काम"@mr	
"lavoru"@co	<https://panlex.org/snapshot/panlex-20191001-csv/19#1028971>				<https://panlex.org/snapshot/panlex-20191001-csv/19#1029017>		"कार्य"@mr	
"lavoru"@co	<https://panlex.org/snapshot/panlex-20191001-csv/19#1028971>				<https://panlex.org/snapshot/panlex-20191001-csv/19#1029016>		"कर्म"@mr	
"lavoru"@co	<https://panlex.org/snapshot/panlex-20191001-csv/19#1028971>				<https://panlex.org/snapshot/panlex-20191001-csv/19#1029015>		"काम"@mr	
"dizziunariu"@co	<https://panlex.org/snapshot/panlex-20191001-csv/9#479125>				<https://panlex.org/snapshot/panlex-20191001-csv/9#479154>		"शब्दकोष"@mr	
"Alemagna"@co	<https://panlex.org/snapshot/panlex-20191001-csv/9#474757>				<https://panlex.org/snapshot/panlex-20191001-csv/9#474818>		"जर्मनी"@mr	
"ghjennaghju"@co	<https://panlex.org/snapshot/panlex-20191001-csv/9#472939>				<https://panlex.org/snapshot/panlex-20191001-csv/9#472964>		"जानेवारी"@mr	
"marti"@co	<https://panlex.org/snapshot/panlex-20191001-csv/9#477272>				<https://panlex.org/snapshot/panlex-20191001-csv/9#477309>		"मंगळवार"@mr	
"algebra"@co	<https://panlex.org/snapshot/panlex-20191001-csv/9#479505>				<https://panlex.org/snapshot/panlex-20191001-csv/9#479521>		"बीजगणित"@mr	
"aprile"@co	<https://panlex.org/snapshot/panlex-20191001-csv/9#473104>				<https://panlex.org/snapshot/panlex-20191001-csv/9#473143>		"एप्रिल"@mr	
"agostu"@co	<https://panlex.org/snapshot/panlex-20191001-csv/9#473421>				<https://panlex.org/snapshot/panlex-20191001-csv/9#473463>		"ऑगस्ट"@mr	
"mùsica"@co	<https://panlex.org/snapshot/panlex-20191001-csv/9#476794>				<https://panlex.org/snapshot/panlex-20191001-csv/9#476826>		"संगीत"@mr	
"novi"@co	<https://panlex.org/snapshot/panlex-20191001-csv/9#490936>				<https://panlex.org/snapshot/panlex-20191001-csv/9#491004>		"नऊ"@mr	
"Lituania"@co	<https://panlex.org/snapshot/panlex-20191001-csv/9#539766>				<https://panlex.org/snapshot/panlex-20191001-csv/9#539809>		"लिथुएनिया"@mr	
"acqua"@co	<https://panlex.org/snapshot/panlex-20191001-csv/12#850887>				<https://panlex.org/snapshot/panlex-20191001-csv/12#851033>		"जल"@mr	
"acqua"@co	<https://panlex.org/snapshot/panlex-20191001-csv/12#850887>				<https://panlex.org/snapshot/panlex-20191001-csv/12#851034>		"पाणी"@mr	
"Belgica"@co	<https://panlex.org/snapshot/panlex-20191001-csv/12#852679>				<https://panlex.org/snapshot/panlex-20191001-csv/12#852724>		"बेल्जियम"@mr	
"biancu"@co	<https://panlex.org/snapshot/panlex-20191001-csv/12#844306>				<https://panlex.org/snapshot/panlex-20191001-csv/12#844336>		"pandhara"@mr	
"filosufia"@co	<https://panlex.org/snapshot/panlex-20191001-csv/2904#111023802>				<https://panlex.org/snapshot/panlex-20191001-csv/2904#111023787>		"तत्वज्ञान"@mr	
"università"@co	<https://panlex.org/snapshot/panlex-20191001-csv/2904#111024591>				<https://panlex.org/snapshot/panlex-20191001-csv/2904#111024443>		"विद्यापीठ"@mr	
"scienza"@co	<https://panlex.org/snapshot/panlex-20191001-csv/2904#111024255>				<https://panlex.org/snapshot/panlex-20191001-csv/2904#111024262>		"विज्ञान"@mr	
"matematica"@co	<https://panlex.org/snapshot/panlex-20191001-csv/2904#111023449>				<https://panlex.org/snapshot/panlex-20191001-csv/2904#111023356>		"गणित"@mr	
"chimica"@co	<https://panlex.org/snapshot/panlex-20191001-csv/2904#111022556>				<https://panlex.org/snapshot/panlex-20191001-csv/2904#111022463>		"रसायनशास्त्र"@mr	
"biolugia"@co	<https://panlex.org/snapshot/panlex-20191001-csv/2904#111022267>				<https://panlex.org/snapshot/panlex-20191001-csv/2904#111022160>		"जीवशास्त्र"@mr	
"fisica"@co	<https://panlex.org/snapshot/panlex-20191001-csv/2904#111024173>				<https://panlex.org/snapshot/panlex-20191001-csv/2904#111024004>		"पदार्थविज्ञान"@mr	
"geografia"@co	<https://panlex.org/snapshot/panlex-20191001-csv/2904#111022587>				<https://panlex.org/snapshot/panlex-20191001-csv/2904#111022625>		"भूगोल"@mr	
"storia"@co	<https://panlex.org/snapshot/panlex-20191001-csv/2904#111022858>				<https://panlex.org/snapshot/panlex-20191001-csv/2904#111022885>		"इतिहास"@mr	
"Circulu pulare antarticu"@co	<https://panlex.org/snapshot/panlex-20191001-csv/2910#110855469>				<https://panlex.org/snapshot/panlex-20191001-csv/2910#110855475>		"अंटार्कटिक रेखा"@mr	
"Circulu pulare articu"@co	<https://panlex.org/snapshot/panlex-20191001-csv/2910#110854818>				<https://panlex.org/snapshot/panlex-20191001-csv/2910#110854757>		"आर्कटिक रेखा"@mr	
"Equatore"@co	<https://panlex.org/snapshot/panlex-20191001-csv/2910#110855177>				<https://panlex.org/snapshot/panlex-20191001-csv/2910#110855096>		"विषुववृत्त"@mr	
"Tropicu di u Cancheru"@co	<https://panlex.org/snapshot/panlex-20191001-csv/2910#110855031>				<https://panlex.org/snapshot/panlex-20191001-csv/2910#110854999>		"कर्कवृत्त"@mr	
"Polu Sud"@co	<https://panlex.org/snapshot/panlex-20191001-csv/2910#110855534>				<https://panlex.org/snapshot/panlex-20191001-csv/2910#110855666>		"दक्षिण ध्रुव"@mr	
"Polu Nordu"@co	<https://panlex.org/snapshot/panlex-20191001-csv/2910#110854728>				<https://panlex.org/snapshot/panlex-20191001-csv/2910#110854723>		"उत्तर ध्रुव"@mr	
"Tropicu di u Capricornu"@co	<https://panlex.org/snapshot/panlex-20191001-csv/2910#110855288>				<https://panlex.org/snapshot/panlex-20191001-csv/2910#110855365>		"मकरवृत्त"@mr	
"pace"@co	<https://panlex.org/snapshot/panlex-20191001-csv/2902#111012084>				<https://panlex.org/snapshot/panlex-20191001-csv/2902#111011983>		"शांति"@mr	
"Renu"@co	<https://panlex.org/snapshot/panlex-20191001-csv/2903#110873013>				<https://panlex.org/snapshot/panlex-20191001-csv/2903#110872975>		"र्‍हाइन"@mr	
"Mari Tarraniu"@co	<https://panlex.org/snapshot/panlex-20191001-csv/2905#110870330>				<https://panlex.org/snapshot/panlex-20191001-csv/2905#110870463>		"भूमध्य समुद्र"@mr	
"Mare Rossu"@co	<https://panlex.org/snapshot/panlex-20191001-csv/2905#110870965>				<https://panlex.org/snapshot/panlex-20191001-csv/2905#110870982>		"लाल समुद्र"@mr	
"Mare Mortu"@co	<https://panlex.org/snapshot/panlex-20191001-csv/2905#110869983>				<https://panlex.org/snapshot/panlex-20191001-csv/2905#110870075>		"मृत समुद्र"@mr	
"Mare Caspiu"@co	<https://panlex.org/snapshot/panlex-20191001-csv/2905#110869692>				<https://panlex.org/snapshot/panlex-20191001-csv/2905#110869558>		"कॅस्पियन समुद्र"@mr	
"Mare Balticu"@co	<https://panlex.org/snapshot/panlex-20191001-csv/2905#110868716>				<https://panlex.org/snapshot/panlex-20191001-csv/2905#110868680>		"बाल्टिक समुद्र"@mr	
"Mare Arabicu"@co	<https://panlex.org/snapshot/panlex-20191001-csv/2905#110868480>				<https://panlex.org/snapshot/panlex-20191001-csv/2905#110868478>		"अरबी समुद्र"@mr	
"Strettu di Gibbilterra"@co	<https://panlex.org/snapshot/panlex-20191001-csv/2905#110871237>				<https://panlex.org/snapshot/panlex-20191001-csv/2905#110871173>		"जिब्राल्टरची सामुद्रधुनी"@mr	
"Mare Giallu"@co	<https://panlex.org/snapshot/panlex-20191001-csv/2905#110871507>				<https://panlex.org/snapshot/panlex-20191001-csv/2905#110871581>		"पिवळा समुद्र"@mr	
"A Manica"@co	<https://panlex.org/snapshot/panlex-20191001-csv/2905#110870222>				<https://panlex.org/snapshot/panlex-20191001-csv/2905#110870168>		"इंग्लिश खाडी"@mr	
"Golfu di Bengala"@co	<https://panlex.org/snapshot/panlex-20191001-csv/2905#110868983>				<https://panlex.org/snapshot/panlex-20191001-csv/2905#110868902>		"बंगालचा उपसागर"@mr	
"Mare Neru"@co	<https://panlex.org/snapshot/panlex-20191001-csv/2905#110869013>				<https://panlex.org/snapshot/panlex-20191001-csv/2905#110869127>		"काळा समुद्र"@mr	
"Golfu Persicu"@co	<https://panlex.org/snapshot/panlex-20191001-csv/2905#110870767>				<https://panlex.org/snapshot/panlex-20191001-csv/2905#110870746>		"पर्शियन आखात"@mr	
"Golfu Persicu"@co	<https://panlex.org/snapshot/panlex-20191001-csv/2905#110870767>				<https://panlex.org/snapshot/panlex-20191001-csv/2905#110870811>		"इराणचे आखात"@mr	
"cumeta"@co	<https://panlex.org/snapshot/panlex-20191001-csv/2907#110849232>				<https://panlex.org/snapshot/panlex-20191001-csv/2907#110849155>		"धूमकेतू"@mr	
"bucu neru"@co	<https://panlex.org/snapshot/panlex-20191001-csv/2907#110849532>				<https://panlex.org/snapshot/panlex-20191001-csv/2907#110849570>		"कृष्णविवर"@mr	
"Oceanu Articu"@co	<https://panlex.org/snapshot/panlex-20191001-csv/2901#110867154>				<https://panlex.org/snapshot/panlex-20191001-csv/2901#110867260>		"आर्क्टिक महासागर"@mr	
"Oceanu Pacificu"@co	<https://panlex.org/snapshot/panlex-20191001-csv/2901#110868016>				<https://panlex.org/snapshot/panlex-20191001-csv/2901#110868024>		"प्रशांत महासागर"@mr	
"Oceanu Indianu"@co	<https://panlex.org/snapshot/panlex-20191001-csv/2901#110867861>				<https://panlex.org/snapshot/panlex-20191001-csv/2901#110867644>		"हिंदी महासागर"@mr	
"Oceanu Atlanticu"@co	<https://panlex.org/snapshot/panlex-20191001-csv/2901#110867590>				<https://panlex.org/snapshot/panlex-20191001-csv/2901#110867516>		"अटलांटिक महासागर"@mr	
"Carulu Magnu"@co	<https://panlex.org/snapshot/panlex-20191001-csv/2906#111019663>				<https://panlex.org/snapshot/panlex-20191001-csv/2906#111019555>		"शार्लमेन"@mr	
"Lisandru Magnu"@co	<https://panlex.org/snapshot/panlex-20191001-csv/2906#111019399>				<https://panlex.org/snapshot/panlex-20191001-csv/2906#111019311>		"अलेक्झांडर द ग्रेट"@mr	
"Ti tengu cara"@co	<https://panlex.org/snapshot/panlex-20191001-csv/8#109346>				<https://panlex.org/snapshot/panlex-20191001-csv/8#109500>		"मझे तुश्या वर प्रेम आहे"@mr	
"Ti tengu cara"@co	<https://panlex.org/snapshot/panlex-20191001-csv/8#109346>				<https://panlex.org/snapshot/panlex-20191001-csv/8#109497>		"मे तुझशि प्रेम कर्ते"@mr	
"Ti tengu cara"@co	<https://panlex.org/snapshot/panlex-20191001-csv/8#109346>				<https://panlex.org/snapshot/panlex-20191001-csv/8#109498>		"मे तुझशि प्रेम कर्तो"@mr	
"Ti tengu cara"@co	<https://panlex.org/snapshot/panlex-20191001-csv/8#109346>				<https://panlex.org/snapshot/panlex-20191001-csv/8#109499>		"मि तुज़्य वर प्रेम करतो"@mr	
"Francia"@co	<https://panlex.org/snapshot/panlex-20191001-csv/10#568896>				<https://panlex.org/snapshot/panlex-20191001-csv/10#568951>		"फ्रांस"@mr	
"Bielorussia"@co	<https://panlex.org/snapshot/panlex-20191001-csv/10#752652>				<https://panlex.org/snapshot/panlex-20191001-csv/10#752703>		"बेलारूस"@mr	
"Terra"@co	<https://panlex.org/snapshot/panlex-20191001-csv/10#580979>				<https://panlex.org/snapshot/panlex-20191001-csv/10#581029>		"पृथ्वी"@mr	
"Wikipedia"@co	<https://panlex.org/snapshot/panlex-20191001-csv/15#957048>				<https://panlex.org/snapshot/panlex-20191001-csv/15#957078>		"विकिपीडिया"@mr	
"ottu"@co	<https://panlex.org/snapshot/panlex-20191001-csv/3776#91702800>				<https://panlex.org/snapshot/panlex-20191001-csv/3776#91702867>		"आठ"@mr	
"ossu"@co	<https://panlex.org/snapshot/panlex-20191001-csv/3776#91660338>				<https://panlex.org/snapshot/panlex-20191001-csv/3776#91660390>		"हाड"@mr	
"bugnu"@co	<https://panlex.org/snapshot/panlex-20191001-csv/3776#91828170>				<https://panlex.org/snapshot/panlex-20191001-csv/3776#91828200>		"strops"@mr	
"uccitanicu"@co	<https://panlex.org/snapshot/panlex-20191001-csv/3776#91837566>				<https://panlex.org/snapshot/panlex-20191001-csv/3776#91837590>		"ऑक्सिटॅन"@mr	
"cavaddu"@co	<https://panlex.org/snapshot/panlex-20191001-csv/3776#91597571>				<https://panlex.org/snapshot/panlex-20191001-csv/3776#91597643>		"घोडा"@mr	
"zolfu"@co	<https://panlex.org/snapshot/panlex-20191001-csv/3776#91635256>				<https://panlex.org/snapshot/panlex-20191001-csv/3776#91635293>		"सल्फर"@mr	
"granu"@co	<https://panlex.org/snapshot/panlex-20191001-csv/3776#91786892>				<https://panlex.org/snapshot/panlex-20191001-csv/3776#91786929>		"गहू"@mr	
"anca"@co	<https://panlex.org/snapshot/panlex-20191001-csv/3776#91658850>				<https://panlex.org/snapshot/panlex-20191001-csv/3776#91658896>		"पाय"@mr	
"mela"@co	<https://panlex.org/snapshot/panlex-20191001-csv/3776#91664813>				<https://panlex.org/snapshot/panlex-20191001-csv/3776#91664863>		"सफरचंद"@mr	
"palladiu"@co	<https://panlex.org/snapshot/panlex-20191001-csv/3776#91744831>				<https://panlex.org/snapshot/panlex-20191001-csv/3776#91744864>		"पॅलॅडियम"@mr	
"aprile"@co	<https://panlex.org/snapshot/panlex-20191001-csv/3776#91701531>				<https://panlex.org/snapshot/panlex-20191001-csv/3776#91701577>		"एप्रिल"@mr	
"verità"@co	<https://panlex.org/snapshot/panlex-20191001-csv/3776#91696949>				<https://panlex.org/snapshot/panlex-20191001-csv/3776#91696981>		"खरोखर"@mr	
"eliu"@co	<https://panlex.org/snapshot/panlex-20191001-csv/3776#91708304>				<https://panlex.org/snapshot/panlex-20191001-csv/3776#91708339>		"हेलियम"@mr	
"tungstenu"@co	<https://panlex.org/snapshot/panlex-20191001-csv/3776#91756800>				<https://panlex.org/snapshot/panlex-20191001-csv/3776#91756829>		"टंग्स्टन"@mr	
"cobaltu"@co	<https://panlex.org/snapshot/panlex-20191001-csv/3776#91586682>				<https://panlex.org/snapshot/panlex-20191001-csv/3776#91586717>		"कोबाल्ट"@mr	
"Bibbia"@co	<https://panlex.org/snapshot/panlex-20191001-csv/3776#91835172>				<https://panlex.org/snapshot/panlex-20191001-csv/3776#91835207>		"बायबल"@mr	
"ferru"@co	<https://panlex.org/snapshot/panlex-20191001-csv/3776#91610315>				<https://panlex.org/snapshot/panlex-20191001-csv/3776#91610348>		"लोखंड"@mr	
"àrburu"@co	<https://panlex.org/snapshot/panlex-20191001-csv/3776#91637646>				<https://panlex.org/snapshot/panlex-20191001-csv/3776#91637726>		"झाड"@mr	
"neru"@co	<https://panlex.org/snapshot/panlex-20191001-csv/3776#91676014>				<https://panlex.org/snapshot/panlex-20191001-csv/3776#91676068>		"काळा"@mr	
"bonavinuta"@co	<https://panlex.org/snapshot/panlex-20191001-csv/3776#91681766>				<https://panlex.org/snapshot/panlex-20191001-csv/3776#91681827>		"स्वागत आहे"@mr	
"idrogenu"@co	<https://panlex.org/snapshot/panlex-20191001-csv/3776#91607610>				<https://panlex.org/snapshot/panlex-20191001-csv/3776#91607648>		"हायड्रोजन"@mr	
"Andorra"@co	<https://panlex.org/snapshot/panlex-20191001-csv/3776#91663675>				<https://panlex.org/snapshot/panlex-20191001-csv/3776#91663724>		"अन्डोरा"@mr	
"Serbia"@co	<https://panlex.org/snapshot/panlex-20191001-csv/3776#91719909>				<https://panlex.org/snapshot/panlex-20191001-csv/3776#91719948>		"सर्बिया"@mr	
"libertà"@co	<https://panlex.org/snapshot/panlex-20191001-csv/3776#91646589>				<https://panlex.org/snapshot/panlex-20191001-csv/3776#91646611>		"स्वातंत्र्य"@mr	
"Danimarca"@co	<https://panlex.org/snapshot/panlex-20191001-csv/3776#91718674>				<https://panlex.org/snapshot/panlex-20191001-csv/3776#91718746>		"डेन्मार्क"@mr	
"luni"@co	<https://panlex.org/snapshot/panlex-20191001-csv/3776#91702286>				<https://panlex.org/snapshot/panlex-20191001-csv/3776#91702341>		"सोमवार"@mr	
"seleniu"@co	<https://panlex.org/snapshot/panlex-20191001-csv/3776#91630112>				<https://panlex.org/snapshot/panlex-20191001-csv/3776#91630140>		"सेलेनियम"@mr	
"rodiu"@co	<https://panlex.org/snapshot/panlex-20191001-csv/3776#91749169>				<https://panlex.org/snapshot/panlex-20191001-csv/3776#91749199>		"र्‍होडियम"@mr	
"zingu"@co	<https://panlex.org/snapshot/panlex-20191001-csv/3776#91641360>				<https://panlex.org/snapshot/panlex-20191001-csv/3776#91641389>		"झिंक"@mr	
"Lettonia"@co	<https://panlex.org/snapshot/panlex-20191001-csv/3776#91724517>				<https://panlex.org/snapshot/panlex-20191001-csv/3776#91724546>		"लात्व्हिया"@mr	
"vanadiu"@co	<https://panlex.org/snapshot/panlex-20191001-csv/3776#91638652>				<https://panlex.org/snapshot/panlex-20191001-csv/3776#91638681>		"व्हेनेडियम"@mr	
"focu"@co	<https://panlex.org/snapshot/panlex-20191001-csv/3776#91600229>				<https://panlex.org/snapshot/panlex-20191001-csv/3776#91600296>		"अग्नि"@mr	
"cinqui"@co	<https://panlex.org/snapshot/panlex-20191001-csv/3776#91650967>				<https://panlex.org/snapshot/panlex-20191001-csv/3776#91651037>		"पाच"@mr	
"volcanu"@co	<https://panlex.org/snapshot/panlex-20191001-csv/3776#91639136>				<https://panlex.org/snapshot/panlex-20191001-csv/3776#91639184>		"ज्वालामुखी"@mr	
"siliciu"@co	<https://panlex.org/snapshot/panlex-20191001-csv/3776#91631088>				<https://panlex.org/snapshot/panlex-20191001-csv/3776#91631127>		"सिलिकॉन"@mr	
"arsenicu"@co	<https://panlex.org/snapshot/panlex-20191001-csv/3776#91577342>				<https://panlex.org/snapshot/panlex-20191001-csv/3776#91577375>		"सोमल"@mr	
"acqua"@co	<https://panlex.org/snapshot/panlex-20191001-csv/11#787529>				<https://panlex.org/snapshot/panlex-20191001-csv/11#787637>		"जल"@mr	
"acqua"@co	<https://panlex.org/snapshot/panlex-20191001-csv/11#787529>				<https://panlex.org/snapshot/panlex-20191001-csv/11#787638>		"पाणी"@mr	
"gatta"@co	<https://panlex.org/snapshot/panlex-20191001-csv/11#795596>				<https://panlex.org/snapshot/panlex-20191001-csv/11#795645>		"मांजर"@mr	
"ghjatta"@co	<https://panlex.org/snapshot/panlex-20191001-csv/11#795597>				<https://panlex.org/snapshot/panlex-20191001-csv/11#795645>		"मांजर"@mr	
"ossigenu"@co	<https://panlex.org/snapshot/panlex-20191001-csv/2893#110990455>				<https://panlex.org/snapshot/panlex-20191001-csv/2893#110990408>		"ऑक्सिजन"@mr	
"fosforu"@co	<https://panlex.org/snapshot/panlex-20191001-csv/2893#110991742>				<https://panlex.org/snapshot/panlex-20191001-csv/2893#110991764>		"फॉस्फरस"@mr	
"uraniu"@co	<https://panlex.org/snapshot/panlex-20191001-csv/2893#110995882>				<https://panlex.org/snapshot/panlex-20191001-csv/2893#110995774>		"युरेनियम"@mr	
"nicchellu"@co	<https://panlex.org/snapshot/panlex-20191001-csv/2893#110993124>				<https://panlex.org/snapshot/panlex-20191001-csv/2893#110993166>		"निकेल"@mr	
"calciu"@co	<https://panlex.org/snapshot/panlex-20191001-csv/2893#110992447>				<https://panlex.org/snapshot/panlex-20191001-csv/2893#110992410>		"कॅल्शियम"@mr	
"potassiu"@co	<https://panlex.org/snapshot/panlex-20191001-csv/2893#110992295>				<https://panlex.org/snapshot/panlex-20191001-csv/2893#110992375>		"पोटॅशियम"@mr	
"siliciu"@co	<https://panlex.org/snapshot/panlex-20191001-csv/2893#110991556>				<https://panlex.org/snapshot/panlex-20191001-csv/2893#110991540>		"सिलिकॉन"@mr	
"mercuriu"@co	<https://panlex.org/snapshot/panlex-20191001-csv/2893#110995471>				<https://panlex.org/snapshot/panlex-20191001-csv/2893#110995357>		"पारा"@mr	
"zingu"@co	<https://panlex.org/snapshot/panlex-20191001-csv/2893#110993469>				<https://panlex.org/snapshot/panlex-20191001-csv/2893#110993504>		"जस्त"@mr	
"platinu"@co	<https://panlex.org/snapshot/panlex-20191001-csv/2893#110995134>				<https://panlex.org/snapshot/panlex-20191001-csv/2893#110995121>		"प्लॅटिनम"@mr	
"cloru"@co	<https://panlex.org/snapshot/panlex-20191001-csv/2893#110992054>				<https://panlex.org/snapshot/panlex-20191001-csv/2893#110992052>		"क्लोरिन"@mr	
"stagnu"@co	<https://panlex.org/snapshot/panlex-20191001-csv/2893#110994354>				<https://panlex.org/snapshot/panlex-20191001-csv/2893#110994327>		"टिन"@mr	
"iodu"@co	<https://panlex.org/snapshot/panlex-20191001-csv/2893#110994732>				<https://panlex.org/snapshot/panlex-20191001-csv/2893#110994663>		"आयोडिन"@mr	
"bromu"@co	<https://panlex.org/snapshot/panlex-20191001-csv/2893#110993914>				<https://panlex.org/snapshot/panlex-20191001-csv/2893#110993803>		"ब्रोमिन"@mr	
"antimoniu"@co	<https://panlex.org/snapshot/panlex-20191001-csv/2893#110994413>				<https://panlex.org/snapshot/panlex-20191001-csv/2893#110994415>		"अँटिमनी"@mr	
"tungstenu"@co	<https://panlex.org/snapshot/panlex-20191001-csv/2893#110994823>				<https://panlex.org/snapshot/panlex-20191001-csv/2893#110994789>		"टंग्स्टन"@mr	
"cobaltu"@co	<https://panlex.org/snapshot/panlex-20191001-csv/2893#110992877>				<https://panlex.org/snapshot/panlex-20191001-csv/2893#110992878>		"कोबाल्ट"@mr	
"piombu"@co	<https://panlex.org/snapshot/panlex-20191001-csv/2893#110995674>				<https://panlex.org/snapshot/panlex-20191001-csv/2893#110995691>		"शिसे"@mr	
"eliu"@co	<https://panlex.org/snapshot/panlex-20191001-csv/2893#110989631>				<https://panlex.org/snapshot/panlex-20191001-csv/2893#110989576>		"हेलियम"@mr	
"neone"@co	<https://panlex.org/snapshot/panlex-20191001-csv/2893#110990804>				<https://panlex.org/snapshot/panlex-20191001-csv/2893#110990778>		"नियॉन"@mr	
"fluoru"@co	<https://panlex.org/snapshot/panlex-20191001-csv/2893#110990538>				<https://panlex.org/snapshot/panlex-20191001-csv/2893#110990594>		"फ्लोरिन"@mr	
"oru"@co	<https://panlex.org/snapshot/panlex-20191001-csv/2893#110995203>				<https://panlex.org/snapshot/panlex-20191001-csv/2893#110995155>		"सोने"@mr	
"boru"@co	<https://panlex.org/snapshot/panlex-20191001-csv/2893#110989806>				<https://panlex.org/snapshot/panlex-20191001-csv/2893#110989680>		"बोरॉन"@mr	
"sodiu"@co	<https://panlex.org/snapshot/panlex-20191001-csv/2893#110991009>				<https://panlex.org/snapshot/panlex-20191001-csv/2893#110991035>		"सोडियम"@mr	
"ramu"@co	<https://panlex.org/snapshot/panlex-20191001-csv/2893#110993175>				<https://panlex.org/snapshot/panlex-20191001-csv/2893#110993356>		"तांबे"@mr	
"azotu"@co	<https://panlex.org/snapshot/panlex-20191001-csv/2893#110990144>				<https://panlex.org/snapshot/panlex-20191001-csv/2893#110990146>		"नायट्रोजन"@mr	
"argentu"@co	<https://panlex.org/snapshot/panlex-20191001-csv/2893#110994043>				<https://panlex.org/snapshot/panlex-20191001-csv/2893#110994133>		"चांदी"@mr	
"ferru"@co	<https://panlex.org/snapshot/panlex-20191001-csv/2893#110992707>				<https://panlex.org/snapshot/panlex-20191001-csv/2893#110992771>		"लोखंड"@mr	
"carbonu"@co	<https://panlex.org/snapshot/panlex-20191001-csv/2893#110989930>				<https://panlex.org/snapshot/panlex-20191001-csv/2893#110989901>		"कार्बन"@mr	
"zolfu"@co	<https://panlex.org/snapshot/panlex-20191001-csv/2893#110991861>				<https://panlex.org/snapshot/panlex-20191001-csv/2893#110991899>		"सल्फर"@mr	
"arsenicu"@co	<https://panlex.org/snapshot/panlex-20191001-csv/2893#110993667>				<https://panlex.org/snapshot/panlex-20191001-csv/2893#110993660>		"आर्सेनिक"@mr	
"magnesiu"@co	<https://panlex.org/snapshot/panlex-20191001-csv/2893#110991131>				<https://panlex.org/snapshot/panlex-20191001-csv/2893#110991136>		"मॅग्नेशियम"@mr	
"idrogenu"@co	<https://panlex.org/snapshot/panlex-20191001-csv/2893#110989418>				<https://panlex.org/snapshot/panlex-20191001-csv/2893#110989276>		"हायड्रोजन"@mr	
"alluminiu"@co	<https://panlex.org/snapshot/panlex-20191001-csv/2893#110991354>				<https://panlex.org/snapshot/panlex-20191001-csv/2893#110991399>		"अॅल्युमिनियम"@mr	
"Unioni Auropea"@co	<https://panlex.org/snapshot/panlex-20191001-csv/2894#111100370>				<https://panlex.org/snapshot/panlex-20191001-csv/2894#111100217>		"युरोपियन संघ"@mr	
"Unioni Auropea"@co	<https://panlex.org/snapshot/panlex-20191001-csv/2894#111100370>				<https://panlex.org/snapshot/panlex-20191001-csv/2894#111100340>		"युरोपियन युनियन"@mr	
"Urganisazioni di i Nazioni Uniti"@co	<https://panlex.org/snapshot/panlex-20191001-csv/2894#111101886>				<https://panlex.org/snapshot/panlex-20191001-csv/2894#111101860>		"संयुक्त राष्ट्रसंघ"@mr	
"Urganisazioni mundiali di u Cummerciu"@co	<https://panlex.org/snapshot/panlex-20191001-csv/2894#111102652>				<https://panlex.org/snapshot/panlex-20191001-csv/2894#111102660>		"जागतिक व्यापार संघटना"@mr	
"marcuri"@co	<https://panlex.org/snapshot/panlex-20191001-csv/2892#110824877>				<https://panlex.org/snapshot/panlex-20191001-csv/2892#110825165>		"बुधवार"@mr	
"luni"@co	<https://panlex.org/snapshot/panlex-20191001-csv/2892#110824035>				<https://panlex.org/snapshot/panlex-20191001-csv/2892#110824396>		"सोमवार"@mr	
"sabatu"@co	<https://panlex.org/snapshot/panlex-20191001-csv/2892#110826439>				<https://panlex.org/snapshot/panlex-20191001-csv/2892#110826268>		"शनिवार"@mr	
"marti"@co	<https://panlex.org/snapshot/panlex-20191001-csv/2892#110824766>				<https://panlex.org/snapshot/panlex-20191001-csv/2892#110824559>		"मंगळवार"@mr	
"vennari"@co	<https://panlex.org/snapshot/panlex-20191001-csv/2892#110825786>				<https://panlex.org/snapshot/panlex-20191001-csv/2892#110826002>		"शुक्रवार"@mr	
"ghjovi"@co	<https://panlex.org/snapshot/panlex-20191001-csv/2892#110825690>				<https://panlex.org/snapshot/panlex-20191001-csv/2892#110825508>		"गुरुवार"@mr	
"dumenica"@co	<https://panlex.org/snapshot/panlex-20191001-csv/2892#110826960>				<https://panlex.org/snapshot/panlex-20191001-csv/2892#110826914>		"रविवार"@mr	
"lugliu"@co	<https://panlex.org/snapshot/panlex-20191001-csv/2897#110829573>				<https://panlex.org/snapshot/panlex-20191001-csv/2897#110829870>		"जुलै"@mr	
"maghju"@co	<https://panlex.org/snapshot/panlex-20191001-csv/2897#110828963>				<https://panlex.org/snapshot/panlex-20191001-csv/2897#110829004>		"मे"@mr	
"ghjugnu"@co	<https://panlex.org/snapshot/panlex-20191001-csv/2897#110829466>				<https://panlex.org/snapshot/panlex-20191001-csv/2897#110829201>		"जून"@mr	
"ferraghju"@co	<https://panlex.org/snapshot/panlex-20191001-csv/2897#110827478>				<https://panlex.org/snapshot/panlex-20191001-csv/2897#110827593>		"फ़ेबृवारी"@mr	
"sittembre"@co	<https://panlex.org/snapshot/panlex-20191001-csv/2897#110830720>				<https://panlex.org/snapshot/panlex-20191001-csv/2897#110830492>		"सेप्टेंबर"@mr	
"uttobre"@co	<https://panlex.org/snapshot/panlex-20191001-csv/2897#110830942>				<https://panlex.org/snapshot/panlex-20191001-csv/2897#110830740>		"ओक्टोबर"@mr	
"aprile"@co	<https://panlex.org/snapshot/panlex-20191001-csv/2897#110828519>				<https://panlex.org/snapshot/panlex-20191001-csv/2897#110828602>		"एप्रिल"@mr	
"ghjennaghju"@co	<https://panlex.org/snapshot/panlex-20191001-csv/2897#110827057>				<https://panlex.org/snapshot/panlex-20191001-csv/2897#110827074>		"जानेवारी"@mr	
"aostu"@co	<https://panlex.org/snapshot/panlex-20191001-csv/2897#110830014>				<https://panlex.org/snapshot/panlex-20191001-csv/2897#110829961>		"ओगस्ट"@mr	
"nuvembre"@co	<https://panlex.org/snapshot/panlex-20191001-csv/2897#110831361>				<https://panlex.org/snapshot/panlex-20191001-csv/2897#110831343>		"नोव्हेंबर"@mr	
"marzu"@co	<https://panlex.org/snapshot/panlex-20191001-csv/2897#110827868>				<https://panlex.org/snapshot/panlex-20191001-csv/2897#110828194>		"मार्च"@mr	
"dicembre"@co	<https://panlex.org/snapshot/panlex-20191001-csv/2897#110831590>				<https://panlex.org/snapshot/panlex-20191001-csv/2897#110831736>		"डिसेंबर"@mr	
"Antartide"@co	<https://panlex.org/snapshot/panlex-20191001-csv/2891#110853623>				<https://panlex.org/snapshot/panlex-20191001-csv/2891#110853685>		"अंटार्क्टिका"@mr	
"Auropa"@co	<https://panlex.org/snapshot/panlex-20191001-csv/2891#110854199>				<https://panlex.org/snapshot/panlex-20191001-csv/2891#110854116>		"युरोप"@mr	
"Europa"@co	<https://panlex.org/snapshot/panlex-20191001-csv/2891#110854255>				<https://panlex.org/snapshot/panlex-20191001-csv/2891#110854116>		"युरोप"@mr	
"Asia"@co	<https://panlex.org/snapshot/panlex-20191001-csv/2891#110853782>				<https://panlex.org/snapshot/panlex-20191001-csv/2891#110853959>		"एशिया"@mr	
"Oceania"@co	<https://panlex.org/snapshot/panlex-20191001-csv/2891#110854529>				<https://panlex.org/snapshot/panlex-20191001-csv/2891#110854341>		"ओशनिया"@mr	
"America"@co	<https://panlex.org/snapshot/panlex-20191001-csv/2891#110853449>				<https://panlex.org/snapshot/panlex-20191001-csv/2891#110853344>		"अमेरिका"@mr	
"Africa"@co	<https://panlex.org/snapshot/panlex-20191001-csv/2891#110853100>				<https://panlex.org/snapshot/panlex-20191001-csv/2891#110853223>		"आफ्रिका"@mr	
"Ghjudaisimu"@co	<https://panlex.org/snapshot/panlex-20191001-csv/2899#111111580>				<https://panlex.org/snapshot/panlex-20191001-csv/2899#111111568>		"ज्यू धर्म"@mr	
"chjesa"@co	<https://panlex.org/snapshot/panlex-20191001-csv/2899#111112865>				<https://panlex.org/snapshot/panlex-20191001-csv/2899#111112754>		"चर्च"@mr	
"Ghjudeiu"@co	<https://panlex.org/snapshot/panlex-20191001-csv/2899#111111636>				<https://panlex.org/snapshot/panlex-20191001-csv/2899#111111631>		"ज्यू"@mr	
"Mosè"@co	<https://panlex.org/snapshot/panlex-20191001-csv/2899#111111917>				<https://panlex.org/snapshot/panlex-20191001-csv/2899#111111888>		"मोझेस"@mr	
"Ghjesù Cristu"@co	<https://panlex.org/snapshot/panlex-20191001-csv/2899#111112618>				<https://panlex.org/snapshot/panlex-20191001-csv/2899#111112710>		"येशू ख्रिस्त"@mr	
"Islam"@co	<https://panlex.org/snapshot/panlex-20191001-csv/2899#111112910>				<https://panlex.org/snapshot/panlex-20191001-csv/2899#111112971>		"इस्लाम धर्म"@mr	
"Torah"@co	<https://panlex.org/snapshot/panlex-20191001-csv/2899#111111876>				<https://panlex.org/snapshot/panlex-20191001-csv/2899#111111755>		"तोराह"@mr	
"Cristianisimu"@co	<https://panlex.org/snapshot/panlex-20191001-csv/2899#111112179>				<https://panlex.org/snapshot/panlex-20191001-csv/2899#111112299>		"ख्रिश्चन धर्म"@mr	
"Cristianu"@co	<https://panlex.org/snapshot/panlex-20191001-csv/2899#111112406>				<https://panlex.org/snapshot/panlex-20191001-csv/2899#111112433>		"ख्रिश्चन"@mr	
"sinagoga"@co	<https://panlex.org/snapshot/panlex-20191001-csv/2899#111112047>				<https://panlex.org/snapshot/panlex-20191001-csv/2899#111112130>		"सिनेगॉग"@mr	
"Curanu"@co	<https://panlex.org/snapshot/panlex-20191001-csv/2899#111113292>				<https://panlex.org/snapshot/panlex-20191001-csv/2899#111113279>		"कुराण"@mr	
"Musulmanu"@co	<https://panlex.org/snapshot/panlex-20191001-csv/2899#111113182>				<https://panlex.org/snapshot/panlex-20191001-csv/2899#111113106>		"मुस्लिम"@mr	
"muschea"@co	<https://panlex.org/snapshot/panlex-20191001-csv/2899#111113501>				<https://panlex.org/snapshot/panlex-20191001-csv/2899#111113602>		"मशीद"@mr	
"Bibbia"@co	<https://panlex.org/snapshot/panlex-20191001-csv/2899#111112562>				<https://panlex.org/snapshot/panlex-20191001-csv/2899#111112548>		"बायबल"@mr	
"Macumettu"@co	<https://panlex.org/snapshot/panlex-20191001-csv/2899#111113405>				<https://panlex.org/snapshot/panlex-20191001-csv/2899#111113451>		"मोहम्मद"@mr	
"Religioni abramitichi"@co	<https://panlex.org/snapshot/panlex-20191001-csv/2899#111113688>				<https://panlex.org/snapshot/panlex-20191001-csv/2899#111113685>		"इब्राहिमी धर्म"@mr	
