"Zambi"@lu	<https://panlex.org/snapshot/panlex-20191001-csv/6898#113617351>				<https://panlex.org/snapshot/panlex-20191001-csv/6898#113617389>		"ዛምቢያ"@gez	
"Silovaki"@lu	<https://panlex.org/snapshot/panlex-20191001-csv/6898#113614394>				<https://panlex.org/snapshot/panlex-20191001-csv/6898#113614412>		"ስሎቫኪያ"@gez	
"Kaledoni wa mumu"@lu	<https://panlex.org/snapshot/panlex-20191001-csv/6898#113586602>				<https://panlex.org/snapshot/panlex-20191001-csv/6898#113586653>		"ኒው፡ካሌዶኒያ"@gez	
"Tanzani"@lu	<https://panlex.org/snapshot/panlex-20191001-csv/6898#113627757>				<https://panlex.org/snapshot/panlex-20191001-csv/6898#113627823>		"ታንዛኒያ"@gez	
"Ameni"@lu	<https://panlex.org/snapshot/panlex-20191001-csv/6898#113596571>				<https://panlex.org/snapshot/panlex-20191001-csv/6898#113596520>		"አርሜኒያ"@gez	
"Mpoloni"@lu	<https://panlex.org/snapshot/panlex-20191001-csv/6898#113642638>				<https://panlex.org/snapshot/panlex-20191001-csv/6898#113642673>		"ፖላንድ"@gez	
"Indonezi"@lu	<https://panlex.org/snapshot/panlex-20191001-csv/6898#113633587>				<https://panlex.org/snapshot/panlex-20191001-csv/6898#113633489>		"ኢንዶኔዢያ"@gez	
"Malezi"@lu	<https://panlex.org/snapshot/panlex-20191001-csv/6898#113584651>				<https://panlex.org/snapshot/panlex-20191001-csv/6898#113584798>		"ማሌዢያ"@gez	
"Nsipani"@lu	<https://panlex.org/snapshot/panlex-20191001-csv/6898#113594531>				<https://panlex.org/snapshot/panlex-20191001-csv/6898#113594624>		"ስፔን"@gez	
"Ditunga dya Tsheka"@lu	<https://panlex.org/snapshot/panlex-20191001-csv/6898#113619560>				<https://panlex.org/snapshot/panlex-20191001-csv/6898#113619607>		"ቼክ፡ሪፑብሊክ"@gez	
"Molidavi"@lu	<https://panlex.org/snapshot/panlex-20191001-csv/6898#113633329>				<https://panlex.org/snapshot/panlex-20191001-csv/6898#113633229>		"ሞልዶቫ"@gez	
"Fuji"@lu	<https://panlex.org/snapshot/panlex-20191001-csv/6898#113629922>				<https://panlex.org/snapshot/panlex-20191001-csv/6898#113629894>		"ፊጂ"@gez	
"Ositali"@lu	<https://panlex.org/snapshot/panlex-20191001-csv/6898#113631530>				<https://panlex.org/snapshot/panlex-20191001-csv/6898#113631539>		"አውስትሬሊያ"@gez	
"Komoru"@lu	<https://panlex.org/snapshot/panlex-20191001-csv/6898#113626961>				<https://panlex.org/snapshot/panlex-20191001-csv/6898#113627077>		"ኮሞሮስ"@gez	
"Uzibekisita"@lu	<https://panlex.org/snapshot/panlex-20191001-csv/6898#113637199>				<https://panlex.org/snapshot/panlex-20191001-csv/6898#113637352>		"ዩዝበኪስታን"@gez	
"Koweti"@lu	<https://panlex.org/snapshot/panlex-20191001-csv/6898#113605958>				<https://panlex.org/snapshot/panlex-20191001-csv/6898#113605948>		"ክዌት"@gez	
"Alabu Nsawudi"@lu	<https://panlex.org/snapshot/panlex-20191001-csv/6898#113583494>				<https://panlex.org/snapshot/panlex-20191001-csv/6898#113583450>		"ሳውድአረቢያ"@gez	
"Krowasi"@lu	<https://panlex.org/snapshot/panlex-20191001-csv/6898#113623151>				<https://panlex.org/snapshot/panlex-20191001-csv/6898#113623206>		"ክሮኤሽያ"@gez	
"Malite"@lu	<https://panlex.org/snapshot/panlex-20191001-csv/6898#113645142>				<https://panlex.org/snapshot/panlex-20191001-csv/6898#113645179>		"ማልታ"@gez	
"Olandɛ"@lu	<https://panlex.org/snapshot/panlex-20191001-csv/6898#113635711>				<https://panlex.org/snapshot/panlex-20191001-csv/6898#113635831>		"ኔዘርላንድ"@gez	
"Kolombi"@lu	<https://panlex.org/snapshot/panlex-20191001-csv/6898#113620748>				<https://panlex.org/snapshot/panlex-20191001-csv/6898#113620799>		"ኮሎምቢያ"@gez	
"Siloveni"@lu	<https://panlex.org/snapshot/panlex-20191001-csv/6898#113636689>				<https://panlex.org/snapshot/panlex-20191001-csv/6898#113636600>		"ስሎቬኒያ"@gez	
"Joriji"@lu	<https://panlex.org/snapshot/panlex-20191001-csv/6898#113635130>				<https://panlex.org/snapshot/panlex-20191001-csv/6898#113635207>		"ጆርጂያ"@gez	
"Meksike"@lu	<https://panlex.org/snapshot/panlex-20191001-csv/6898#113628372>				<https://panlex.org/snapshot/panlex-20191001-csv/6898#113628283>		"ሜክሲኮ"@gez	
"Ngine"@lu	<https://panlex.org/snapshot/panlex-20191001-csv/6898#113617822>				<https://panlex.org/snapshot/panlex-20191001-csv/6898#113617727>		"ጊኒ"@gez	
"Nijerya"@lu	<https://panlex.org/snapshot/panlex-20191001-csv/6898#113624021>				<https://panlex.org/snapshot/panlex-20191001-csv/6898#113624117>		"ናይጄሪያ"@gez	
"Letoni"@lu	<https://panlex.org/snapshot/panlex-20191001-csv/6898#113584894>				<https://panlex.org/snapshot/panlex-20191001-csv/6898#113585082>		"ላትቪያ"@gez	
"Elitele"@lu	<https://panlex.org/snapshot/panlex-20191001-csv/6898#113587076>				<https://panlex.org/snapshot/panlex-20191001-csv/6898#113586931>		"ኤርትራ"@gez	
"Kamerune"@lu	<https://panlex.org/snapshot/panlex-20191001-csv/6898#113639014>				<https://panlex.org/snapshot/panlex-20191001-csv/6898#113639127>		"ካሜሩን"@gez	
"Tinidade ne Tobago"@lu	<https://panlex.org/snapshot/panlex-20191001-csv/6898#113640142>				<https://panlex.org/snapshot/panlex-20191001-csv/6898#113640070>		"ትሪኒዳድ፡እና፡ቶባጎ"@gez	
"Tazikisita"@lu	<https://panlex.org/snapshot/panlex-20191001-csv/6898#113590152>				<https://panlex.org/snapshot/panlex-20191001-csv/6898#113590171>		"ታጃኪስታን"@gez	
"Mpotoriku"@lu	<https://panlex.org/snapshot/panlex-20191001-csv/6898#113612502>				<https://panlex.org/snapshot/panlex-20191001-csv/6898#113612408>		"ፖርታ፡ሪኮ"@gez	
