"kapala"@bjn	<https://panlex.org/snapshot/panlex-20191001-csv/114#8063441>				<https://panlex.org/snapshot/panlex-20191001-csv/114#8063794>		"kōk"@sjm	
"kapala"@bjn	<https://panlex.org/snapshot/panlex-20191001-csv/114#8063441>				<https://panlex.org/snapshot/panlex-20191001-csv/114#8063795>		"takōk"@sjm	
"parutlilit"@bjn	<https://panlex.org/snapshot/panlex-20191001-csv/114#8059369>				<https://panlex.org/snapshot/panlex-20191001-csv/114#8059681>		"babat"@sjm	
"parutlilit"@bjn	<https://panlex.org/snapshot/panlex-20191001-csv/114#8059369>				<https://panlex.org/snapshot/panlex-20191001-csv/114#8059682>		"tabbuk"@sjm	
"jalan"@bjn	<https://panlex.org/snapshot/panlex-20191001-csv/114#8054313>				<https://panlex.org/snapshot/panlex-20191001-csv/114#8054627>		"lān"@sjm	
"bapikir"@bjn	<https://panlex.org/snapshot/panlex-20191001-csv/114#8061953>				<https://panlex.org/snapshot/panlex-20191001-csv/114#8062253>		"kumpas"@sjm	
"bapikir"@bjn	<https://panlex.org/snapshot/panlex-20191001-csv/114#8061953>				<https://panlex.org/snapshot/panlex-20191001-csv/114#8062252>		"kanna"@sjm	
"bapikir"@bjn	<https://panlex.org/snapshot/panlex-20191001-csv/114#8061953>				<https://panlex.org/snapshot/panlex-20191001-csv/114#8062255>		"piki"@sjm	
"bapikir"@bjn	<https://panlex.org/snapshot/panlex-20191001-csv/114#8061953>				<https://panlex.org/snapshot/panlex-20191001-csv/114#8062251>		"hiyang-hiyang"@sjm	
"bapikir"@bjn	<https://panlex.org/snapshot/panlex-20191001-csv/114#8061953>				<https://panlex.org/snapshot/panlex-20191001-csv/114#8062254>		"niyat"@sjm	
"ilat"@bjn	<https://panlex.org/snapshot/panlex-20191001-csv/114#8067650>				<https://panlex.org/snapshot/panlex-20191001-csv/114#8067981>		"dallaʼ"@sjm	
"kiwa"@bjn	<https://panlex.org/snapshot/panlex-20191001-csv/114#8052225>				<https://panlex.org/snapshot/panlex-20191001-csv/114#8052531>		"kili"@sjm	
"kiwa"@bjn	<https://panlex.org/snapshot/panlex-20191001-csv/114#8052225>				<https://panlex.org/snapshot/panlex-20191001-csv/114#8052530>		"kayli"@sjm	
"bajalan"@bjn	<https://panlex.org/snapshot/panlex-20191001-csv/114#8053730>				<https://panlex.org/snapshot/panlex-20191001-csv/114#8054113>		"lumān"@sjm	
"tahu"@bjn	<https://panlex.org/snapshot/panlex-20191001-csv/114#8061393>				<https://panlex.org/snapshot/panlex-20191001-csv/114#8061766>		"tau"@sjm	
"tahu"@bjn	<https://panlex.org/snapshot/panlex-20191001-csv/114#8061393>				<https://panlex.org/snapshot/panlex-20191001-csv/114#8061767>		"toon"@sjm	
