"banyu"@bjn	<https://panlex.org/snapshot/panlex-20191001-csv/12#850854>				<https://panlex.org/snapshot/panlex-20191001-csv/12#850948>		"danúm"@hnn	
"tangis"@bjn	<https://panlex.org/snapshot/panlex-20191001-csv/114#8068696>				<https://panlex.org/snapshot/panlex-20191001-csv/114#8068789>		"mag-lúmi"@hnn	
"kapala"@bjn	<https://panlex.org/snapshot/panlex-20191001-csv/114#8063441>				<https://panlex.org/snapshot/panlex-20191001-csv/114#8063539>		"úlu"@hnn	
"parutlilit"@bjn	<https://panlex.org/snapshot/panlex-20191001-csv/114#8059369>				<https://panlex.org/snapshot/panlex-20191001-csv/114#8059445>		"bitúkaʔ"@hnn	
"parutlilit"@bjn	<https://panlex.org/snapshot/panlex-20191001-csv/114#8059369>				<https://panlex.org/snapshot/panlex-20191001-csv/114#8059446>		"púnaʔ"@hnn	
"jalan"@bjn	<https://panlex.org/snapshot/panlex-20191001-csv/114#8054313>				<https://panlex.org/snapshot/panlex-20191001-csv/114#8054394>		"dálan"@hnn	
"bapikir"@bjn	<https://panlex.org/snapshot/panlex-20191001-csv/114#8061953>				<https://panlex.org/snapshot/panlex-20191001-csv/114#8062023>		"mag-dumán"@hnn	
"bapikir"@bjn	<https://panlex.org/snapshot/panlex-20191001-csv/114#8061953>				<https://panlex.org/snapshot/panlex-20191001-csv/114#8062024>		"um-ísip"@hnn	
"ilat"@bjn	<https://panlex.org/snapshot/panlex-20191001-csv/114#8067650>				<https://panlex.org/snapshot/panlex-20191001-csv/114#8067731>		"dílaʔ"@hnn	
"kiwa"@bjn	<https://panlex.org/snapshot/panlex-20191001-csv/114#8052225>				<https://panlex.org/snapshot/panlex-20191001-csv/114#8052301>		"wála"@hnn	
"bajalan"@bjn	<https://panlex.org/snapshot/panlex-20191001-csv/114#8053730>				<https://panlex.org/snapshot/panlex-20191001-csv/114#8053829>		"l-um-ákaw"@hnn	
"tahu"@bjn	<https://panlex.org/snapshot/panlex-20191001-csv/114#8061393>				<https://panlex.org/snapshot/panlex-20191001-csv/114#8061492>		"magka-ʔalam-an"@hnn	
"tahu"@bjn	<https://panlex.org/snapshot/panlex-20191001-csv/114#8061393>				<https://panlex.org/snapshot/panlex-20191001-csv/114#8061491>		"[ka]-táʔu"@hnn	
"banyu"@bjn	<https://panlex.org/snapshot/panlex-20191001-csv/11#787497>				<https://panlex.org/snapshot/panlex-20191001-csv/11#787583>		"danúm"@hnn	
