"banyu"@bjn	<https://panlex.org/snapshot/panlex-20191001-csv/5947#84886421>				<https://panlex.org/snapshot/panlex-20191001-csv/5947#84886522>		"aigua"@oc	
"banyu"@bjn	<https://panlex.org/snapshot/panlex-20191001-csv/5947#84886421>				<https://panlex.org/snapshot/panlex-20191001-csv/5947#84886521>		"aiga"@oc	
"caramin"@bjn	<https://panlex.org/snapshot/panlex-20191001-csv/5946#84446128>				<https://panlex.org/snapshot/panlex-20191001-csv/5946#84446273>		"miralh"@oc	
"caramin"@bjn	<https://panlex.org/snapshot/panlex-20191001-csv/5946#84446128>				<https://panlex.org/snapshot/panlex-20191001-csv/5946#84446274>		"espill"@oc	
"Singapura"@bjn	<https://panlex.org/snapshot/panlex-20191001-csv/5949#85320472>				<https://panlex.org/snapshot/panlex-20191001-csv/5949#85320565>		"Singapor"@oc	
"Yerusalém"@bjn	<https://panlex.org/snapshot/panlex-20191001-csv/5949#85309887>				<https://panlex.org/snapshot/panlex-20191001-csv/5949#85309994>		"Jerusalèm"@oc	
"Rusia"@bjn	<https://panlex.org/snapshot/panlex-20191001-csv/5949#85319406>				<https://panlex.org/snapshot/panlex-20191001-csv/5949#85319562>		"Russia"@oc	
"Irupa"@bjn	<https://panlex.org/snapshot/panlex-20191001-csv/5949#85308502>				<https://panlex.org/snapshot/panlex-20191001-csv/5949#85308605>		"Euròpa"@oc	
"Pilipina"@bjn	<https://panlex.org/snapshot/panlex-20191001-csv/5949#85323294>				<https://panlex.org/snapshot/panlex-20191001-csv/5949#85323385>		"Filipinas"@oc	
"Baitul Maqdis"@bjn	<https://panlex.org/snapshot/panlex-20191001-csv/5949#85309886>				<https://panlex.org/snapshot/panlex-20191001-csv/5949#85309994>		"Jerusalèm"@oc	
"banyu tajun"@bjn	<https://panlex.org/snapshot/panlex-20191001-csv/5942#83279744>				<https://panlex.org/snapshot/panlex-20191001-csv/5942#83279793>		"chorrèra"@oc	
"banyu tajun"@bjn	<https://panlex.org/snapshot/panlex-20191001-csv/5942#83279744>				<https://panlex.org/snapshot/panlex-20191001-csv/5942#83279792>		"cascada"@oc	
"banyu"@bjn	<https://panlex.org/snapshot/panlex-20191001-csv/12#850854>				<https://panlex.org/snapshot/panlex-20191001-csv/12#851094>		"aiga"@oc	
"banyu"@bjn	<https://panlex.org/snapshot/panlex-20191001-csv/11#787497>				<https://panlex.org/snapshot/panlex-20191001-csv/11#787692>		"aiga"@oc	
