"we"@jaz	<https://panlex.org/snapshot/panlex-20191001-csv/12#850977>				<https://panlex.org/snapshot/panlex-20191001-csv/12#851059>		"waé"@mqy	
"payoa-n"@jaz	<https://panlex.org/snapshot/panlex-20191001-csv/114#8067240>				<https://panlex.org/snapshot/panlex-20191001-csv/114#8067355>		"ŋis"@mqy	
"noo-n"@jaz	<https://panlex.org/snapshot/panlex-20191001-csv/114#8064120>				<https://panlex.org/snapshot/panlex-20191001-csv/114#8064230>		"bokak"@mqy	
"he-me"@jaz	<https://panlex.org/snapshot/panlex-20191001-csv/114#8054921>				<https://panlex.org/snapshot/panlex-20191001-csv/114#8055025>		"cai"@mqy	
"he-me"@jaz	<https://panlex.org/snapshot/panlex-20191001-csv/114#8054921>				<https://panlex.org/snapshot/panlex-20191001-csv/114#8055026>		"mai"@mqy	
"pun-bwa-n"@jaz	<https://panlex.org/snapshot/panlex-20191001-csv/114#8064657>				<https://panlex.org/snapshot/panlex-20191001-csv/114#8064764>		"wuk"@mqy	
"hooŋe-n"@jaz	<https://panlex.org/snapshot/panlex-20191001-csv/114#8059478>				<https://panlex.org/snapshot/panlex-20191001-csv/114#8059582>		"tuka"@mqy	
"hina"@jaz	<https://panlex.org/snapshot/panlex-20191001-csv/114#8061539>				<https://panlex.org/snapshot/panlex-20191001-csv/114#8061655>		"ŋgepuk"@mqy	
"goni"@jaz	<https://panlex.org/snapshot/panlex-20191001-csv/114#8066166>				<https://panlex.org/snapshot/panlex-20191001-csv/114#8066276>		"isuk"@mqy	
"po-hyeen"@jaz	<https://panlex.org/snapshot/panlex-20191001-csv/114#8065715>				<https://panlex.org/snapshot/panlex-20191001-csv/114#8065807>		"nai"@mqy	
"kuve|ma-n"@jaz	<https://panlex.org/snapshot/panlex-20191001-csv/114#8067765>				<https://panlex.org/snapshot/panlex-20191001-csv/114#8067879>		"l|ema"@mqy	
"jue-hi-n"@jaz	<https://panlex.org/snapshot/panlex-20191001-csv/114#8052798>				<https://panlex.org/snapshot/panlex-20191001-csv/114#8052897>		"wanaŋ"@mqy	
"kec"@jaz	<https://panlex.org/snapshot/panlex-20191001-csv/114#8059951>				<https://panlex.org/snapshot/panlex-20191001-csv/114#8060062>		"ati"@mqy	
