"payoa-n"@jaz	<https://panlex.org/snapshot/panlex-20191001-csv/114#8067240>				<https://panlex.org/snapshot/panlex-20191001-csv/114#8067098>		"ŋisine"@bjk	
"noo-n"@jaz	<https://panlex.org/snapshot/panlex-20191001-csv/114#8064120>				<https://panlex.org/snapshot/panlex-20191001-csv/114#8063989>		"inono"@bjk	
"he-me"@jaz	<https://panlex.org/snapshot/panlex-20191001-csv/114#8054921>				<https://panlex.org/snapshot/panlex-20191001-csv/114#8054799>		"irabowanara"@bjk	
"hye"@jaz	<https://panlex.org/snapshot/panlex-20191001-csv/114#8068830>				<https://panlex.org/snapshot/panlex-20191001-csv/114#8068695>		"igege"@bjk	
"pun-bwa-n"@jaz	<https://panlex.org/snapshot/panlex-20191001-csv/114#8064657>				<https://panlex.org/snapshot/panlex-20191001-csv/114#8064524>		"kabene okom"@bjk	
"hooŋe-n"@jaz	<https://panlex.org/snapshot/panlex-20191001-csv/114#8059478>				<https://panlex.org/snapshot/panlex-20191001-csv/114#8059368>		"balana"@bjk	
"hina"@jaz	<https://panlex.org/snapshot/panlex-20191001-csv/114#8061539>				<https://panlex.org/snapshot/panlex-20191001-csv/114#8061392>		"iososowosik"@bjk	
"goni"@jaz	<https://panlex.org/snapshot/panlex-20191001-csv/114#8066166>				<https://panlex.org/snapshot/panlex-20191001-csv/114#8066051>		"iposiŋini"@bjk	
"kuve|ma-n"@jaz	<https://panlex.org/snapshot/panlex-20191001-csv/114#8067765>				<https://panlex.org/snapshot/panlex-20191001-csv/114#8067649>		"kamene"@bjk	
"jue-hi-n"@jaz	<https://panlex.org/snapshot/panlex-20191001-csv/114#8052798>				<https://panlex.org/snapshot/panlex-20191001-csv/114#8052697>		"lawatun"@bjk	
