"we"@jaz	<https://panlex.org/snapshot/panlex-20191001-csv/12#850977>				<https://panlex.org/snapshot/panlex-20191001-csv/12#850898>		"achilai"@dru	
"payoa-n"@jaz	<https://panlex.org/snapshot/panlex-20191001-csv/114#8067240>				<https://panlex.org/snapshot/panlex-20191001-csv/114#8067158>		"valisʼ"@dru	
"noo-n"@jaz	<https://panlex.org/snapshot/panlex-20191001-csv/114#8064120>				<https://panlex.org/snapshot/panlex-20191001-csv/114#8064047>		"rəʼəʔ"@dru	
"noo-n"@jaz	<https://panlex.org/snapshot/panlex-20191001-csv/114#8064120>				<https://panlex.org/snapshot/panlex-20191001-csv/114#8064045>		"ourohu"@dru	
"noo-n"@jaz	<https://panlex.org/snapshot/panlex-20191001-csv/114#8064120>				<https://panlex.org/snapshot/panlex-20191001-csv/114#8064046>		"rolun"@dru	
"he-me"@jaz	<https://panlex.org/snapshot/panlex-20191001-csv/114#8054921>				<https://panlex.org/snapshot/panlex-20191001-csv/114#8054849>		"wakə:la"@dru	
"he-me"@jaz	<https://panlex.org/snapshot/panlex-20191001-csv/114#8054921>				<https://panlex.org/snapshot/panlex-20191001-csv/114#8054848>		"niamáʼ"@dru	
"hye"@jaz	<https://panlex.org/snapshot/panlex-20191001-csv/114#8068830>				<https://panlex.org/snapshot/panlex-20191001-csv/114#8068753>		"watobí:ʼ"@dru	
"pun-bwa-n"@jaz	<https://panlex.org/snapshot/panlex-20191001-csv/114#8064657>				<https://panlex.org/snapshot/panlex-20191001-csv/114#8064581>		"isíʼoʔ"@dru	
"pun-bwa-n"@jaz	<https://panlex.org/snapshot/panlex-20191001-csv/114#8064657>				<https://panlex.org/snapshot/panlex-20191001-csv/114#8064582>		"ussioi"@dru	
"hooŋe-n"@jaz	<https://panlex.org/snapshot/panlex-20191001-csv/114#8059478>				<https://panlex.org/snapshot/panlex-20191001-csv/114#8059414>		"boʔóroʔ"@dru	
"hina"@jaz	<https://panlex.org/snapshot/panlex-20191001-csv/114#8061539>				<https://panlex.org/snapshot/panlex-20191001-csv/114#8061453>		"watiŋálʼ"@dru	
"goni"@jaz	<https://panlex.org/snapshot/panlex-20191001-csv/114#8066166>				<https://panlex.org/snapshot/panlex-20191001-csv/114#8066098>		"wasabáliʔ"@dru	
"po-hyeen"@jaz	<https://panlex.org/snapshot/panlex-20191001-csv/114#8065715>				<https://panlex.org/snapshot/panlex-20191001-csv/114#8065654>		"manianiákʼ"@dru	
"kuve|ma-n"@jaz	<https://panlex.org/snapshot/panlex-20191001-csv/114#8067765>				<https://panlex.org/snapshot/panlex-20191001-csv/114#8067698>		"ridámʼ"@dru	
"jue-hi-n"@jaz	<https://panlex.org/snapshot/panlex-20191001-csv/114#8052798>				<https://panlex.org/snapshot/panlex-20191001-csv/114#8052737>		"vanál"@dru	
"kec"@jaz	<https://panlex.org/snapshot/panlex-20191001-csv/114#8059951>				<https://panlex.org/snapshot/panlex-20191001-csv/114#8059887>		"ʔatái"@dru	
