"ayey"@kvr	<https://panlex.org/snapshot/panlex-20191001-csv/12#851001>				<https://panlex.org/snapshot/panlex-20191001-csv/12#851110>		"uë"@pmf	
"kala"@kvr	<https://panlex.org/snapshot/panlex-20191001-csv/114#8059502>				<https://panlex.org/snapshot/panlex-20191001-csv/114#8059647>		"wayaa ntaʔi"@pmf	
"kana"@kvr	<https://panlex.org/snapshot/panlex-20191001-csv/114#8052822>				<https://panlex.org/snapshot/panlex-20191001-csv/114#8052960>		"kana"@pmf	
"tulan"@kvr	<https://panlex.org/snapshot/panlex-20191001-csv/114#8059015>				<https://panlex.org/snapshot/panlex-20191001-csv/114#8059164>		"wuku"@pmf	
"gluəʔ"@kvr	<https://panlex.org/snapshot/panlex-20191001-csv/114#8068327>				<https://panlex.org/snapshot/panlex-20191001-csv/114#8068479>		"gele"@pmf	
"lidowh"@kvr	<https://panlex.org/snapshot/panlex-20191001-csv/114#8067794>				<https://panlex.org/snapshot/panlex-20191001-csv/114#8067946>		"jila"@pmf	
"mulawʔ"@kvr	<https://panlex.org/snapshot/panlex-20191001-csv/114#8066707>				<https://panlex.org/snapshot/panlex-20191001-csv/114#8066869>		"ŋuju"@pmf	
"gigi"@kvr	<https://panlex.org/snapshot/panlex-20191001-csv/114#8067267>				<https://panlex.org/snapshot/panlex-20191001-csv/114#8067426>		"ŋisi"@pmf	
"dahowh"@kvr	<https://panlex.org/snapshot/panlex-20191001-csv/114#8063059>				<https://panlex.org/snapshot/panlex-20191001-csv/114#8063218>		"daa"@pmf	
"liyey"@kvr	<https://panlex.org/snapshot/panlex-20191001-csv/114#8064149>				<https://panlex.org/snapshot/panlex-20191001-csv/114#8064296>		"taŋgude"@pmf	
"puŋgown"@kvr	<https://panlex.org/snapshot/panlex-20191001-csv/114#8057952>				<https://panlex.org/snapshot/panlex-20191001-csv/114#8058096>		"taliku"@pmf	
"kumaoh"@kvr	<https://panlex.org/snapshot/panlex-20191001-csv/114#8056466>				<https://panlex.org/snapshot/panlex-20191001-csv/114#8056614>		"sapa"@pmf	
"taaw"@kvr	<https://panlex.org/snapshot/panlex-20191001-csv/114#8061566>				<https://panlex.org/snapshot/panlex-20191001-csv/114#8061730>		"inca[ni]"@pmf	
"kalan"@kvr	<https://panlex.org/snapshot/panlex-20191001-csv/114#8059503>				<https://panlex.org/snapshot/panlex-20191001-csv/114#8059647>		"wayaa ntaʔi"@pmf	
"ciawn"@kvr	<https://panlex.org/snapshot/panlex-20191001-csv/114#8066192>				<https://panlex.org/snapshot/panlex-20191001-csv/114#8066346>		"me-eŋa"@pmf	
"baew"@kvr	<https://panlex.org/snapshot/panlex-20191001-csv/114#8061051>				<https://panlex.org/snapshot/panlex-20191001-csv/114#8061195>		"awaa"@pmf	
"atay"@kvr	<https://panlex.org/snapshot/panlex-20191001-csv/114#8059979>				<https://panlex.org/snapshot/panlex-20191001-csv/114#8060125>		"ate"@pmf	
"tanan"@kvr	<https://panlex.org/snapshot/panlex-20191001-csv/114#8051834>				<https://panlex.org/snapshot/panlex-20191001-csv/114#8051999>		"pale"@pmf	
"katakowt"@kvr	<https://panlex.org/snapshot/panlex-20191001-csv/114#8062571>				<https://panlex.org/snapshot/panlex-20191001-csv/114#8062719>		"ma-eka"@pmf	
"susow"@kvr	<https://panlex.org/snapshot/panlex-20191001-csv/114#8060515>				<https://panlex.org/snapshot/panlex-20191001-csv/114#8060680>		"susu"@pmf	
"idun"@kvr	<https://panlex.org/snapshot/panlex-20191001-csv/114#8065236>				<https://panlex.org/snapshot/panlex-20191001-csv/114#8065395>		"eŋo"@pmf	
"dahuwh"@kvr	<https://panlex.org/snapshot/panlex-20191001-csv/114#8063060>				<https://panlex.org/snapshot/panlex-20191001-csv/114#8063218>		"daa"@pmf	
"ba-rənuə"@kvr	<https://panlex.org/snapshot/panlex-20191001-csv/114#8055942>				<https://panlex.org/snapshot/panlex-20191001-csv/114#8056103>		"naŋu"@pmf	
"datə"@kvr	<https://panlex.org/snapshot/panlex-20191001-csv/114#8054947>				<https://panlex.org/snapshot/panlex-20191001-csv/114#8055096>		"maʔi"@pmf	
"ñiown"@kvr	<https://panlex.org/snapshot/panlex-20191001-csv/114#8066194>				<https://panlex.org/snapshot/panlex-20191001-csv/114#8066346>		"me-eŋa"@pmf	
"ba-rənon"@kvr	<https://panlex.org/snapshot/panlex-20191001-csv/114#8055941>				<https://panlex.org/snapshot/panlex-20191001-csv/114#8056103>		"naŋu"@pmf	
