"ayey"@kvr	<https://panlex.org/snapshot/panlex-20191001-csv/12#851001>				<https://panlex.org/snapshot/panlex-20191001-csv/12#851125>		"biyoa"@rej	
"kala"@kvr	<https://panlex.org/snapshot/panlex-20191001-csv/114#8059502>				<https://panlex.org/snapshot/panlex-20191001-csv/114#8059664>		"usus"@rej	
"kana"@kvr	<https://panlex.org/snapshot/panlex-20191001-csv/114#8052822>				<https://panlex.org/snapshot/panlex-20191001-csv/114#8052977>		"kanən"@rej	
"tulan"@kvr	<https://panlex.org/snapshot/panlex-20191001-csv/114#8059015>				<https://panlex.org/snapshot/panlex-20191001-csv/114#8059182>		"təlan"@rej	
"gluəʔ"@kvr	<https://panlex.org/snapshot/panlex-20191001-csv/114#8068327>				<https://panlex.org/snapshot/panlex-20191001-csv/114#8068498>		"kətawəy"@rej	
"lidowh"@kvr	<https://panlex.org/snapshot/panlex-20191001-csv/114#8067794>				<https://panlex.org/snapshot/panlex-20191001-csv/114#8067964>		"dilɨaʔ"@rej	
"mulawʔ"@kvr	<https://panlex.org/snapshot/panlex-20191001-csv/114#8066707>				<https://panlex.org/snapshot/panlex-20191001-csv/114#8066892>		"bebea[ʔ]"@rej	
"gigi"@kvr	<https://panlex.org/snapshot/panlex-20191001-csv/114#8067267>				<https://panlex.org/snapshot/panlex-20191001-csv/114#8067448>		"epen"@rej	
"dahowh"@kvr	<https://panlex.org/snapshot/panlex-20191001-csv/114#8063059>				<https://panlex.org/snapshot/panlex-20191001-csv/114#8063237>		"dalɨaʔ"@rej	
"liyey"@kvr	<https://panlex.org/snapshot/panlex-20191001-csv/114#8064149>				<https://panlex.org/snapshot/panlex-20191001-csv/114#8064316>		"kagən"@rej	
"puŋgown"@kvr	<https://panlex.org/snapshot/panlex-20191001-csv/114#8057952>				<https://panlex.org/snapshot/panlex-20191001-csv/114#8058114>		"kədoŋ"@rej	
"kumaoh"@kvr	<https://panlex.org/snapshot/panlex-20191001-csv/114#8056466>				<https://panlex.org/snapshot/panlex-20191001-csv/114#8056635>		"kotor"@rej	
"taaw"@kvr	<https://panlex.org/snapshot/panlex-20191001-csv/114#8061566>				<https://panlex.org/snapshot/panlex-20191001-csv/114#8061748>		"nam"@rej	
"kalan"@kvr	<https://panlex.org/snapshot/panlex-20191001-csv/114#8059503>				<https://panlex.org/snapshot/panlex-20191001-csv/114#8059664>		"usus"@rej	
"ciawn"@kvr	<https://panlex.org/snapshot/panlex-20191001-csv/114#8066192>				<https://panlex.org/snapshot/panlex-20191001-csv/114#8066362>		"səmiyum"@rej	
"baew"@kvr	<https://panlex.org/snapshot/panlex-20191001-csv/114#8061051>				<https://panlex.org/snapshot/panlex-20191001-csv/114#8061215>		"baəw"@rej	
"atay"@kvr	<https://panlex.org/snapshot/panlex-20191001-csv/114#8059979>				<https://panlex.org/snapshot/panlex-20191001-csv/114#8060142>		"atiɛ"@rej	
"tanan"@kvr	<https://panlex.org/snapshot/panlex-20191001-csv/114#8051834>				<https://panlex.org/snapshot/panlex-20191001-csv/114#8052021>		"taŋən"@rej	
"katakowt"@kvr	<https://panlex.org/snapshot/panlex-20191001-csv/114#8062571>				<https://panlex.org/snapshot/panlex-20191001-csv/114#8062737>		"sabən"@rej	
"susow"@kvr	<https://panlex.org/snapshot/panlex-20191001-csv/114#8060515>				<https://panlex.org/snapshot/panlex-20191001-csv/114#8060697>		"susəw"@rej	
"idun"@kvr	<https://panlex.org/snapshot/panlex-20191001-csv/114#8065236>				<https://panlex.org/snapshot/panlex-20191001-csv/114#8065415>		"ñuŋ"@rej	
"dahuwh"@kvr	<https://panlex.org/snapshot/panlex-20191001-csv/114#8063060>				<https://panlex.org/snapshot/panlex-20191001-csv/114#8063237>		"dalɨaʔ"@rej	
"ba-rənuə"@kvr	<https://panlex.org/snapshot/panlex-20191001-csv/114#8055942>				<https://panlex.org/snapshot/panlex-20191001-csv/114#8056121>		"bər̃naŋ"@rej	
"datə"@kvr	<https://panlex.org/snapshot/panlex-20191001-csv/114#8054947>				<https://panlex.org/snapshot/panlex-20191001-csv/114#8055113>		"təko"@rej	
"ñiown"@kvr	<https://panlex.org/snapshot/panlex-20191001-csv/114#8066194>				<https://panlex.org/snapshot/panlex-20191001-csv/114#8066362>		"səmiyum"@rej	
"ba-rənon"@kvr	<https://panlex.org/snapshot/panlex-20191001-csv/114#8055941>				<https://panlex.org/snapshot/panlex-20191001-csv/114#8056121>		"bər̃naŋ"@rej	
