"kana"@kvr	<https://panlex.org/snapshot/panlex-20191001-csv/114#8052822>				<https://panlex.org/snapshot/panlex-20191001-csv/114#8052690>		"tuʔau"@beg	
"tulan"@kvr	<https://panlex.org/snapshot/panlex-20191001-csv/114#8059015>				<https://panlex.org/snapshot/panlex-20191001-csv/114#8058865>		"tulāŋ"@beg	
"gluəʔ"@kvr	<https://panlex.org/snapshot/panlex-20191001-csv/114#8068327>				<https://panlex.org/snapshot/panlex-20191001-csv/114#8068158>		"ŋəsɛŋ"@beg	
"lidowh"@kvr	<https://panlex.org/snapshot/panlex-20191001-csv/114#8067794>				<https://panlex.org/snapshot/panlex-20191001-csv/114#8067641>		"dəli"@beg	
"mulawʔ"@kvr	<https://panlex.org/snapshot/panlex-20191001-csv/114#8066707>				<https://panlex.org/snapshot/panlex-20191001-csv/114#8066539>		"munoŋ"@beg	
"gigi"@kvr	<https://panlex.org/snapshot/panlex-20191001-csv/114#8067267>				<https://panlex.org/snapshot/panlex-20191001-csv/114#8067091>		"nipan"@beg	
"dahowh"@kvr	<https://panlex.org/snapshot/panlex-20191001-csv/114#8063059>				<https://panlex.org/snapshot/panlex-20191001-csv/114#8062910>		"səmā"@beg	
"liyey"@kvr	<https://panlex.org/snapshot/panlex-20191001-csv/114#8064149>				<https://panlex.org/snapshot/panlex-20191001-csv/114#8063982>		"batoʔ"@beg	
"kumaoh"@kvr	<https://panlex.org/snapshot/panlex-20191001-csv/114#8056466>				<https://panlex.org/snapshot/panlex-20191001-csv/114#8056311>		"jamiʔ"@beg	
"taaw"@kvr	<https://panlex.org/snapshot/panlex-20191001-csv/114#8061566>				<https://panlex.org/snapshot/panlex-20191001-csv/114#8061382>		"məciʔ"@beg	
"ciawn"@kvr	<https://panlex.org/snapshot/panlex-20191001-csv/114#8066192>				<https://panlex.org/snapshot/panlex-20191001-csv/114#8066042>		"madaʔ"@beg	
"baew"@kvr	<https://panlex.org/snapshot/panlex-20191001-csv/114#8061051>				<https://panlex.org/snapshot/panlex-20191001-csv/114#8060914>		"barɛh"@beg	
"atay"@kvr	<https://panlex.org/snapshot/panlex-20191001-csv/114#8059979>				<https://panlex.org/snapshot/panlex-20191001-csv/114#8059834>		"atay"@beg	
"tanan"@kvr	<https://panlex.org/snapshot/panlex-20191001-csv/114#8051834>				<https://panlex.org/snapshot/panlex-20191001-csv/114#8051659>		"ŋan"@beg	
"katakowt"@kvr	<https://panlex.org/snapshot/panlex-20191001-csv/114#8062571>				<https://panlex.org/snapshot/panlex-20191001-csv/114#8062403>		"baʔot"@beg	
"susow"@kvr	<https://panlex.org/snapshot/panlex-20191001-csv/114#8060515>				<https://panlex.org/snapshot/panlex-20191001-csv/114#8060332>		"titay"@beg	
"idun"@kvr	<https://panlex.org/snapshot/panlex-20191001-csv/114#8065236>				<https://panlex.org/snapshot/panlex-20191001-csv/114#8065071>		"ndoŋ"@beg	
"dahuwh"@kvr	<https://panlex.org/snapshot/panlex-20191001-csv/114#8063060>				<https://panlex.org/snapshot/panlex-20191001-csv/114#8062910>		"səmā"@beg	
"ba-rənuə"@kvr	<https://panlex.org/snapshot/panlex-20191001-csv/114#8055942>				<https://panlex.org/snapshot/panlex-20191001-csv/114#8055785>		"pəlaŋoi"@beg	
"datə"@kvr	<https://panlex.org/snapshot/panlex-20191001-csv/114#8054947>				<https://panlex.org/snapshot/panlex-20191001-csv/114#8054792>		"ceow"@beg	
"ñiown"@kvr	<https://panlex.org/snapshot/panlex-20191001-csv/114#8066194>				<https://panlex.org/snapshot/panlex-20191001-csv/114#8066042>		"madaʔ"@beg	
"ba-rənon"@kvr	<https://panlex.org/snapshot/panlex-20191001-csv/114#8055941>				<https://panlex.org/snapshot/panlex-20191001-csv/114#8055785>		"pəlaŋoi"@beg	
