"ಅಮೇರಿಕಾದ ಉತ್ತರ ಭಾಗ"@kn	<https://panlex.org/snapshot/panlex-20191001-csv/6898#113595499>				<https://panlex.org/snapshot/panlex-20191001-csv/6898#113595520>		"Northern America"@fil	
"ಯೆಮನ್"@kn	<https://panlex.org/snapshot/panlex-20191001-csv/6898#113593468>				<https://panlex.org/snapshot/panlex-20191001-csv/6898#113593454>		"Yemen"@fil	
"ಮಧ್ಯ ಆಫ್ರಿಕಾ"@kn	<https://panlex.org/snapshot/panlex-20191001-csv/6898#113639478>				<https://panlex.org/snapshot/panlex-20191001-csv/6898#113639505>		"Gitnang Africa"@fil	
"ಫ್ರೆಂಚ್ ಪಾಲಿನೇಷ್ಯಾ"@kn	<https://panlex.org/snapshot/panlex-20191001-csv/6898#113621208>				<https://panlex.org/snapshot/panlex-20191001-csv/6898#113621149>		"French Polynesia"@fil	
"ಕೆನಡಾ"@kn	<https://panlex.org/snapshot/panlex-20191001-csv/6898#113595896>				<https://panlex.org/snapshot/panlex-20191001-csv/6898#113595761>		"Canada"@fil	
"ಕಾಂಗೋ - ಬ್ರಾಜಾವಿಲ್ಲೇ"@kn	<https://panlex.org/snapshot/panlex-20191001-csv/6898#113599052>				<https://panlex.org/snapshot/panlex-20191001-csv/6898#113599249>		"Congo (Republika)"@fil	
"ಕಾಂಗೋ - ಬ್ರಾಜಾವಿಲ್ಲೇ"@kn	<https://panlex.org/snapshot/panlex-20191001-csv/6898#113599052>				<https://panlex.org/snapshot/panlex-20191001-csv/6898#113599141>		"Congo - Brazzaville"@fil	
"ಬಾರ್ಬಡೋಸ್"@kn	<https://panlex.org/snapshot/panlex-20191001-csv/6898#113620450>				<https://panlex.org/snapshot/panlex-20191001-csv/6898#113620436>		"Barbados"@fil	
"ಟುವಾಲು"@kn	<https://panlex.org/snapshot/panlex-20191001-csv/6898#113610243>				<https://panlex.org/snapshot/panlex-20191001-csv/6898#113610298>		"Tuvalu"@fil	
"ಟ್ರಿನಿಡಾಡ್ ಮತ್ತು ಟೊಬಾಗೊ"@kn	<https://panlex.org/snapshot/panlex-20191001-csv/6898#113640077>				<https://panlex.org/snapshot/panlex-20191001-csv/6898#113640040>		"Trinidad and Tobago"@fil	
"ಉರುಗ್ವೇ"@kn	<https://panlex.org/snapshot/panlex-20191001-csv/6898#113623358>				<https://panlex.org/snapshot/panlex-20191001-csv/6898#113623368>		"Uruguay"@fil	
"ಕಾಂಬೋಡಿಯಾ"@kn	<https://panlex.org/snapshot/panlex-20191001-csv/6898#113591919>				<https://panlex.org/snapshot/panlex-20191001-csv/6898#113591789>		"Cambodia"@fil	
"ಈಕ್ವೆಟೋರಿಯಲ್ ಗಿನಿ"@kn	<https://panlex.org/snapshot/panlex-20191001-csv/6898#113633922>				<https://panlex.org/snapshot/panlex-20191001-csv/6898#113633913>		"Equatorial Guinea"@fil	
"ಗುರ್ನ್‌ಸೆ"@kn	<https://panlex.org/snapshot/panlex-20191001-csv/6898#113633112>				<https://panlex.org/snapshot/panlex-20191001-csv/6898#113633135>		"Guernsey"@fil	
"ತಾಂಜೇನಿಯಾ"@kn	<https://panlex.org/snapshot/panlex-20191001-csv/6898#113627868>				<https://panlex.org/snapshot/panlex-20191001-csv/6898#113627775>		"Tanzania"@fil	
"ಮೈಕ್ರೋನೇಶಿಯನ್ ಪ್ರದೇಶ"@kn	<https://panlex.org/snapshot/panlex-20191001-csv/6898#113614287>				<https://panlex.org/snapshot/panlex-20191001-csv/6898#113614294>		"Rehiyon ng Micronesia"@fil	
"ಯುಎನ್"@kn	<https://panlex.org/snapshot/panlex-20191001-csv/6898#113592028>				<https://panlex.org/snapshot/panlex-20191001-csv/6898#113592075>		"Nagkakaisang Bansa"@fil	
"ಯುಎನ್"@kn	<https://panlex.org/snapshot/panlex-20191001-csv/6898#113592028>				<https://panlex.org/snapshot/panlex-20191001-csv/6898#113592092>		"UN"@fil	
"ಪಲಾವು"@kn	<https://panlex.org/snapshot/panlex-20191001-csv/6898#113630898>				<https://panlex.org/snapshot/panlex-20191001-csv/6898#113630838>		"Palau"@fil	
"ಪೋರ್ಚುಗಲ್"@kn	<https://panlex.org/snapshot/panlex-20191001-csv/6898#113628646>				<https://panlex.org/snapshot/panlex-20191001-csv/6898#113628583>		"Portugal"@fil	
"ಪೆರು"@kn	<https://panlex.org/snapshot/panlex-20191001-csv/6898#113593684>				<https://panlex.org/snapshot/panlex-20191001-csv/6898#113593824>		"Peru"@fil	
"ಅಲ್ಬೇನಿಯಾ"@kn	<https://panlex.org/snapshot/panlex-20191001-csv/6898#113637681>				<https://panlex.org/snapshot/panlex-20191001-csv/6898#113637650>		"Albania"@fil	
"ಸೆಯುಟಾ ಹಾಗೂ ಮೆಲಿಲ್ಲಾ"@kn	<https://panlex.org/snapshot/panlex-20191001-csv/6898#113595158>				<https://panlex.org/snapshot/panlex-20191001-csv/6898#113595228>		"Ceuta and Melilla"@fil	
"ಮಯೊಟ್ಟೆ"@kn	<https://panlex.org/snapshot/panlex-20191001-csv/6898#113604046>				<https://panlex.org/snapshot/panlex-20191001-csv/6898#113603958>		"Mayotte"@fil	
"ಬ್ರೂನಿ"@kn	<https://panlex.org/snapshot/panlex-20191001-csv/6898#113616061>				<https://panlex.org/snapshot/panlex-20191001-csv/6898#113615976>		"Brunei"@fil	
"ಉಕ್ರೈನ್"@kn	<https://panlex.org/snapshot/panlex-20191001-csv/6898#113600907>				<https://panlex.org/snapshot/panlex-20191001-csv/6898#113600753>		"Ukraine"@fil	
"ಸೇಂಟ್ ಮಾರ್ಟಿನ್"@kn	<https://panlex.org/snapshot/panlex-20191001-csv/6898#113596309>				<https://panlex.org/snapshot/panlex-20191001-csv/6898#113596256>		"Saint Martin"@fil	
"ಗ್ರೀನ್‌ಲ್ಯಾಂಡ್"@kn	<https://panlex.org/snapshot/panlex-20191001-csv/6898#113590645>				<https://panlex.org/snapshot/panlex-20191001-csv/6898#113590641>		"Greenland"@fil	
"ಸೊಲೊಮನ್ ದ್ವೀಪಗಳು"@kn	<https://panlex.org/snapshot/panlex-20191001-csv/6898#113602436>				<https://panlex.org/snapshot/panlex-20191001-csv/6898#113602453>		"Solomon Islands"@fil	
"ಮ್ಯಾಸಿಡೋನಿಯ (FYROM)"@kn	<https://panlex.org/snapshot/panlex-20191001-csv/6898#113613265>				<https://panlex.org/snapshot/panlex-20191001-csv/6898#113613464>		"Macedonia"@fil	
"ಮ್ಯಾಸಿಡೋನಿಯ (FYROM)"@kn	<https://panlex.org/snapshot/panlex-20191001-csv/6898#113613265>				<https://panlex.org/snapshot/panlex-20191001-csv/6898#113613340>		"Macedonia (FYROM)"@fil	
"ಹಾಂಗ್ ಕಾಂಗ್"@kn	<https://panlex.org/snapshot/panlex-20191001-csv/6898#113618851>				<https://panlex.org/snapshot/panlex-20191001-csv/6898#113618834>		"Hong Kong"@fil	
"ಹಾಂಗ್ ಕಾಂಗ್"@kn	<https://panlex.org/snapshot/panlex-20191001-csv/6898#113618851>				<https://panlex.org/snapshot/panlex-20191001-csv/6898#113618899>		"Hong Kong SAR China"@fil	
"ಥೈವಾನ್"@kn	<https://panlex.org/snapshot/panlex-20191001-csv/6898#113605156>				<https://panlex.org/snapshot/panlex-20191001-csv/6898#113605122>		"Taiwan"@fil	
"ಇರಾಕ್"@kn	<https://panlex.org/snapshot/panlex-20191001-csv/6898#113633749>				<https://panlex.org/snapshot/panlex-20191001-csv/6898#113633660>		"Iraq"@fil	
"ಪಶ್ಚಿಮ ಏಷ್ಯಾ"@kn	<https://panlex.org/snapshot/panlex-20191001-csv/6898#113598274>				<https://panlex.org/snapshot/panlex-20191001-csv/6898#113598261>		"Kanlurang Asya"@fil	
"ಹಂಗೇರಿ"@kn	<https://panlex.org/snapshot/panlex-20191001-csv/6898#113625081>				<https://panlex.org/snapshot/panlex-20191001-csv/6898#113625046>		"Hungary"@fil	
"ಯು.ಎಸ್"@kn	<https://panlex.org/snapshot/panlex-20191001-csv/6898#113597892>				<https://panlex.org/snapshot/panlex-20191001-csv/6898#113597849>		"Estados Unidos"@fil	
"ಯು.ಎಸ್"@kn	<https://panlex.org/snapshot/panlex-20191001-csv/6898#113597892>				<https://panlex.org/snapshot/panlex-20191001-csv/6898#113597855>		"U.S."@fil	
"ಹಾಂಗ್ ಕಾಂಗ್ SAR ಚೈನಾ"@kn	<https://panlex.org/snapshot/panlex-20191001-csv/6898#113618818>				<https://panlex.org/snapshot/panlex-20191001-csv/6898#113618834>		"Hong Kong"@fil	
"ಹಾಂಗ್ ಕಾಂಗ್ SAR ಚೈನಾ"@kn	<https://panlex.org/snapshot/panlex-20191001-csv/6898#113618818>				<https://panlex.org/snapshot/panlex-20191001-csv/6898#113618899>		"Hong Kong SAR China"@fil	
"ಪಪುವಾ ನ್ಯೂಗಿನಿಯಾ"@kn	<https://panlex.org/snapshot/panlex-20191001-csv/6898#113614897>				<https://panlex.org/snapshot/panlex-20191001-csv/6898#113614902>		"Papua New Guinea"@fil	
"ನೆದರ್‌ಲ್ಯಾಂಡ್ಸ್"@kn	<https://panlex.org/snapshot/panlex-20191001-csv/6898#113635865>				<https://panlex.org/snapshot/panlex-20191001-csv/6898#113635872>		"Netherlands"@fil	
"ಸ್ವಾಜಿಲ್ಯಾಂಡ್"@kn	<https://panlex.org/snapshot/panlex-20191001-csv/6898#113625368>				<https://panlex.org/snapshot/panlex-20191001-csv/6898#113625245>		"Swaziland"@fil	
"ಫ್ರೆಂಚ್ ದಕ್ಷಿಣ ಪ್ರದೇಶಗಳು"@kn	<https://panlex.org/snapshot/panlex-20191001-csv/6898#113643911>				<https://panlex.org/snapshot/panlex-20191001-csv/6898#113643975>		"French Southern Territories"@fil	
"ಸಂಯುಕ್ತ ಅರಬ್ ಎಮಿರೇಟಸ್"@kn	<https://panlex.org/snapshot/panlex-20191001-csv/6898#113608771>				<https://panlex.org/snapshot/panlex-20191001-csv/6898#113608781>		"United Arab Emirates"@fil	
"ಅಲ್ಗೇರಿಯಾ"@kn	<https://panlex.org/snapshot/panlex-20191001-csv/6898#113608272>				<https://panlex.org/snapshot/panlex-20191001-csv/6898#113608185>		"Algeria"@fil	
"ಕೆರೀಬಿಯನ್"@kn	<https://panlex.org/snapshot/panlex-20191001-csv/6898#113605317>				<https://panlex.org/snapshot/panlex-20191001-csv/6898#113605288>		"Carribbean"@fil	
"ಖತಾರ್"@kn	<https://panlex.org/snapshot/panlex-20191001-csv/6898#113636850>				<https://panlex.org/snapshot/panlex-20191001-csv/6898#113636827>		"Qatar"@fil	
"ಝೆಕಿಯಾ"@kn	<https://panlex.org/snapshot/panlex-20191001-csv/6898#113619608>				<https://panlex.org/snapshot/panlex-20191001-csv/6898#113619555>		"Czechia"@fil	
"ಝೆಕಿಯಾ"@kn	<https://panlex.org/snapshot/panlex-20191001-csv/6898#113619608>				<https://panlex.org/snapshot/panlex-20191001-csv/6898#113619641>		"Czech Republic"@fil	
"ಆಂಟಿಗುವಾ ಮತ್ತು ಬರ್ಬುಡಾ"@kn	<https://panlex.org/snapshot/panlex-20191001-csv/6898#113643709>				<https://panlex.org/snapshot/panlex-20191001-csv/6898#113643784>		"Antigua and Barbuda"@fil	
"ಮೆಕ್ಸಿಕೊ"@kn	<https://panlex.org/snapshot/panlex-20191001-csv/6898#113628290>				<https://panlex.org/snapshot/panlex-20191001-csv/6898#113628335>		"Mexico"@fil	
"ಭಾರತ"@kn	<https://panlex.org/snapshot/panlex-20191001-csv/6898#113616885>				<https://panlex.org/snapshot/panlex-20191001-csv/6898#113617048>		"India"@fil	
"ದಕ್ಷಿಣ ಕೋರಿಯಾ"@kn	<https://panlex.org/snapshot/panlex-20191001-csv/6898#113638778>				<https://panlex.org/snapshot/panlex-20191001-csv/6898#113638791>		"Timog Korea"@fil	
"ಹೈಟಿ"@kn	<https://panlex.org/snapshot/panlex-20191001-csv/6898#113634560>				<https://panlex.org/snapshot/panlex-20191001-csv/6898#113634611>		"Haiti"@fil	
"ಲೆಸೊಥೋ"@kn	<https://panlex.org/snapshot/panlex-20191001-csv/6898#113594683>				<https://panlex.org/snapshot/panlex-20191001-csv/6898#113594842>		"Lesotho"@fil	
"ಅಮೆರಿಕಾಸ್"@kn	<https://panlex.org/snapshot/panlex-20191001-csv/6898#113624607>				<https://panlex.org/snapshot/panlex-20191001-csv/6898#113624554>		"Americas"@fil	
"ಲಕ್ಸಂಬರ್ಗ್"@kn	<https://panlex.org/snapshot/panlex-20191001-csv/6898#113640900>				<https://panlex.org/snapshot/panlex-20191001-csv/6898#113640969>		"Luxembourg"@fil	
"ನೇಪಾಳ"@kn	<https://panlex.org/snapshot/panlex-20191001-csv/6898#113584065>				<https://panlex.org/snapshot/panlex-20191001-csv/6898#113584083>		"Nepal"@fil	
"ಗಿಬ್ರಾಲ್ಟರ್"@kn	<https://panlex.org/snapshot/panlex-20191001-csv/6898#113593065>				<https://panlex.org/snapshot/panlex-20191001-csv/6898#113593059>		"Gibraltar"@fil	
"ಫಿನ್‌ಲ್ಯಾಂಡ್"@kn	<https://panlex.org/snapshot/panlex-20191001-csv/6898#113641569>				<https://panlex.org/snapshot/panlex-20191001-csv/6898#113641513>		"Finland"@fil	
"ಫಾಲ್ಕ್‌ಲ್ಯಾಂಡ್ ದ್ವೀಪಗಳು"@kn	<https://panlex.org/snapshot/panlex-20191001-csv/6898#113643092>				<https://panlex.org/snapshot/panlex-20191001-csv/6898#113642942>		"Falkland Islands"@fil	
"ಫಾಲ್ಕ್‌ಲ್ಯಾಂಡ್ ದ್ವೀಪಗಳು"@kn	<https://panlex.org/snapshot/panlex-20191001-csv/6898#113643092>				<https://panlex.org/snapshot/panlex-20191001-csv/6898#113642993>		"Falkland Islands (Islas Malvinas)"@fil	
"ಬ್ರೆಜಿಲ್"@kn	<https://panlex.org/snapshot/panlex-20191001-csv/6898#113645304>				<https://panlex.org/snapshot/panlex-20191001-csv/6898#113645400>		"Brazil"@fil	
"ಬರ್ಮುಡಾ"@kn	<https://panlex.org/snapshot/panlex-20191001-csv/6898#113607342>				<https://panlex.org/snapshot/panlex-20191001-csv/6898#113607324>		"Bermuda"@fil	
"ಕಾಂಗೋ (DRC)"@kn	<https://panlex.org/snapshot/panlex-20191001-csv/6898#113589489>				<https://panlex.org/snapshot/panlex-20191001-csv/6898#113589738>		"Congo (DRC)"@fil	
"ಕಾಂಗೋ (DRC)"@kn	<https://panlex.org/snapshot/panlex-20191001-csv/6898#113589489>				<https://panlex.org/snapshot/panlex-20191001-csv/6898#113589660>		"Congo - Kinshasa"@fil	
"ಅಂಡೋರಾ"@kn	<https://panlex.org/snapshot/panlex-20191001-csv/6898#113588351>				<https://panlex.org/snapshot/panlex-20191001-csv/6898#113588330>		"Andorra"@fil	
"ಬೆಲಾರಸ್"@kn	<https://panlex.org/snapshot/panlex-20191001-csv/6898#113592204>				<https://panlex.org/snapshot/panlex-20191001-csv/6898#113592195>		"Belarus"@fil	
"ನೈಜೀರಿಯಾ"@kn	<https://panlex.org/snapshot/panlex-20191001-csv/6898#113624186>				<https://panlex.org/snapshot/panlex-20191001-csv/6898#113624040>		"Nigeria"@fil	
"ಸಾವೋ ಟೋಮ್ ಮತ್ತು ಪ್ರಿನ್ಸಿಪಿ"@kn	<https://panlex.org/snapshot/panlex-20191001-csv/6898#113622937>				<https://panlex.org/snapshot/panlex-20191001-csv/6898#113622992>		"São Tomé and Príncipe"@fil	
"ವಾಲಿಸ್ ಮತ್ತು ಫುಟುನಾ"@kn	<https://panlex.org/snapshot/panlex-20191001-csv/6898#113638697>				<https://panlex.org/snapshot/panlex-20191001-csv/6898#113638635>		"Wallis and Futuna"@fil	
"ಎಲ್ ಸಾಲ್ವೇಡಾರ್"@kn	<https://panlex.org/snapshot/panlex-20191001-csv/6898#113600683>				<https://panlex.org/snapshot/panlex-20191001-csv/6898#113600633>		"El Salvador"@fil	
"ಬಲ್ಗೇರಿಯಾ"@kn	<https://panlex.org/snapshot/panlex-20191001-csv/6898#113631197>				<https://panlex.org/snapshot/panlex-20191001-csv/6898#113631144>		"Bulgaria"@fil	
"ಪನಾಮಾ"@kn	<https://panlex.org/snapshot/panlex-20191001-csv/6898#113606124>				<https://panlex.org/snapshot/panlex-20191001-csv/6898#113605991>		"Panama"@fil	
"ಹೊಂಡುರಾಸ್"@kn	<https://panlex.org/snapshot/panlex-20191001-csv/6898#113597062>				<https://panlex.org/snapshot/panlex-20191001-csv/6898#113597102>		"Honduras"@fil	
"ಟೊಂಗ"@kn	<https://panlex.org/snapshot/panlex-20191001-csv/6898#113610649>				<https://panlex.org/snapshot/panlex-20191001-csv/6898#113610674>		"Tonga"@fil	
"ಗಯಾನಾ"@kn	<https://panlex.org/snapshot/panlex-20191001-csv/6898#113628094>				<https://panlex.org/snapshot/panlex-20191001-csv/6898#113628162>		"Guyana"@fil	
"ಆಸ್ಟ್ರೇಲಿಯ"@kn	<https://panlex.org/snapshot/panlex-20191001-csv/6898#113631531>				<https://panlex.org/snapshot/panlex-20191001-csv/6898#113631490>		"Australia"@fil	
"ರುವಾಂಡಾ"@kn	<https://panlex.org/snapshot/panlex-20191001-csv/6898#113625419>				<https://panlex.org/snapshot/panlex-20191001-csv/6898#113625398>		"Rwanda"@fil	
"ದಕ್ಷಿಣ ಸೂಡಾನ್"@kn	<https://panlex.org/snapshot/panlex-20191001-csv/6898#113622251>				<https://panlex.org/snapshot/panlex-20191001-csv/6898#113622258>		"Timog Sudan"@fil	
"ಜರ್ಮನ್"@kn	<https://panlex.org/snapshot/panlex-20191001-csv/400#13345373>				<https://panlex.org/snapshot/panlex-20191001-csv/400#13345353>		"Aleman"@fil	
"ನಾರ್ವೇಜಿಯನ್ (ನೂನಾರ್ಸ್ಕ್)"@kn	<https://panlex.org/snapshot/panlex-20191001-csv/400#13356927>				<https://panlex.org/snapshot/panlex-20191001-csv/400#13356909>		"Norwegian Nynorsk"@fil	
"ಮಂಗೋಲಿಯನ್"@kn	<https://panlex.org/snapshot/panlex-20191001-csv/400#13355285>				<https://panlex.org/snapshot/panlex-20191001-csv/400#13355266>		"Mongolian"@fil	
"ಟ್ರೆಡೀಶನಲ್ ಚೈನೀಸ್"@kn	<https://panlex.org/snapshot/panlex-20191001-csv/400#13365876>				<https://panlex.org/snapshot/panlex-20191001-csv/400#13365861>		"Intsik (Tradisyunal)"@fil	
"ಸ್ವೀಡಿಷ್"@kn	<https://panlex.org/snapshot/panlex-20191001-csv/400#13362189>				<https://panlex.org/snapshot/panlex-20191001-csv/400#13362170>		"Suwiso"@fil	
"ಕ್ಲಿಂಗನ್"@kn	<https://panlex.org/snapshot/panlex-20191001-csv/400#13363285>				<https://panlex.org/snapshot/panlex-20191001-csv/400#13363269>		"Klingon"@fil	
"ಮಲೆಯಾಳಂ"@kn	<https://panlex.org/snapshot/panlex-20191001-csv/400#13355189>				<https://panlex.org/snapshot/panlex-20191001-csv/400#13355170>		"Malayalam"@fil	
"ಟ್ವಿ"@kn	<https://panlex.org/snapshot/panlex-20191001-csv/400#13363987>				<https://panlex.org/snapshot/panlex-20191001-csv/400#13363969>		"Twi"@fil	
"ಸರ್ಬಿಯನ್"@kn	<https://panlex.org/snapshot/panlex-20191001-csv/400#13361652>				<https://panlex.org/snapshot/panlex-20191001-csv/400#13361633>		"Serbiran"@fil	
"ಚೆಕ್"@kn	<https://panlex.org/snapshot/panlex-20191001-csv/400#13344801>				<https://panlex.org/snapshot/panlex-20191001-csv/400#13344782>		"Czech"@fil	
"ಸ್ವಾಹಿಲಿ"@kn	<https://panlex.org/snapshot/panlex-20191001-csv/400#13362292>				<https://panlex.org/snapshot/panlex-20191001-csv/400#13362273>		"Swahili"@fil	
"ಜಾವನೀಸ್"@kn	<https://panlex.org/snapshot/panlex-20191001-csv/400#13351572>				<https://panlex.org/snapshot/panlex-20191001-csv/400#13351554>		"Javanese"@fil	
"ಸಿಂಪ್ಲಿಫೈಡ್ ಚೈನೀಸ್"@kn	<https://panlex.org/snapshot/panlex-20191001-csv/400#13365813>				<https://panlex.org/snapshot/panlex-20191001-csv/400#13365798>		"Intsik (Pinadali)"@fil	
"ಉರ್ದು"@kn	<https://panlex.org/snapshot/panlex-20191001-csv/400#13364518>				<https://panlex.org/snapshot/panlex-20191001-csv/400#13364500>		"Urdu"@fil	
"ಟ್ಯಾಗಲಾಗ್"@kn	<https://panlex.org/snapshot/panlex-20191001-csv/400#13347480>				<https://panlex.org/snapshot/panlex-20191001-csv/400#13347463>		"Filipino"@fil	
"ವೆಲ್ಶ್"@kn	<https://panlex.org/snapshot/panlex-20191001-csv/400#13345060>				<https://panlex.org/snapshot/panlex-20191001-csv/400#13345041>		"Welsh"@fil	
"ಸೆಸೊತೊ"@kn	<https://panlex.org/snapshot/panlex-20191001-csv/400#13361895>				<https://panlex.org/snapshot/panlex-20191001-csv/400#13361877>		"Sesoto"@fil	
"ಪಂಜಾಬಿ"@kn	<https://panlex.org/snapshot/panlex-20191001-csv/400#13358006>				<https://panlex.org/snapshot/panlex-20191001-csv/400#13357987>		"Punjabi"@fil	
"ಡಚ್"@kn	<https://panlex.org/snapshot/panlex-20191001-csv/400#13356785>				<https://panlex.org/snapshot/panlex-20191001-csv/400#13356766>		"Olandes"@fil	
"ಪೋರ್ಚುಗೀಸ್(ಬ್ರೆಜಿಲ್)"@kn	<https://panlex.org/snapshot/panlex-20191001-csv/400#13358884>				<https://panlex.org/snapshot/panlex-20191001-csv/400#13358868>		"Portuges (Brasil)"@fil	
"ಇಂಡೋನೇಷ್ಯನ್"@kn	<https://panlex.org/snapshot/panlex-20191001-csv/400#13350465>				<https://panlex.org/snapshot/panlex-20191001-csv/400#13350446>		"Indonesian"@fil	
"ಆಲ್ಬೇನಿಯನ್"@kn	<https://panlex.org/snapshot/panlex-20191001-csv/400#13361555>				<https://panlex.org/snapshot/panlex-20191001-csv/400#13361536>		"Albanian"@fil	
"ಕ್ಷೋಸ"@kn	<https://panlex.org/snapshot/panlex-20191001-csv/400#13365254>				<https://panlex.org/snapshot/panlex-20191001-csv/400#13365236>		"Xhosa"@fil	
"ಟರ್ಕಿಷ್"@kn	<https://panlex.org/snapshot/panlex-20191001-csv/400#13363611>				<https://panlex.org/snapshot/panlex-20191001-csv/400#13363592>		"Turko"@fil	
"ಲಿತುವೇನಿಯನ್"@kn	<https://panlex.org/snapshot/panlex-20191001-csv/400#13354005>				<https://panlex.org/snapshot/panlex-20191001-csv/400#13353986>		"Lithuanian"@fil	
"ಬಂಗಾಳಿ"@kn	<https://panlex.org/snapshot/panlex-20191001-csv/400#13343063>				<https://panlex.org/snapshot/panlex-20191001-csv/400#13343043>		"Bengali"@fil	
"ಬಂಗಾಳಿ"@kn	<https://panlex.org/snapshot/panlex-20191001-csv/400#13343063>				<https://panlex.org/snapshot/panlex-20191001-csv/400#13343044>		"Bangla"@fil	
"ಇಟಾಲಿಯನ್"@kn	<https://panlex.org/snapshot/panlex-20191001-csv/400#13351189>				<https://panlex.org/snapshot/panlex-20191001-csv/400#13351169>		"Italyano"@fil	
"ಹಂಗೇರಿಯನ್"@kn	<https://panlex.org/snapshot/panlex-20191001-csv/400#13350076>				<https://panlex.org/snapshot/panlex-20191001-csv/400#13350057>		"Hungarian"@fil	
"ಸುಂದನೀಸ್"@kn	<https://panlex.org/snapshot/panlex-20191001-csv/400#13361985>				<https://panlex.org/snapshot/panlex-20191001-csv/400#13361967>		"Taga Sundan"@fil	
"ಸ್ಲೊವಾಕ್"@kn	<https://panlex.org/snapshot/panlex-20191001-csv/400#13360842>				<https://panlex.org/snapshot/panlex-20191001-csv/400#13360823>		"Eslobak"@fil	
"ಪಶ್ತೊ"@kn	<https://panlex.org/snapshot/panlex-20191001-csv/400#13358691>				<https://panlex.org/snapshot/panlex-20191001-csv/400#13358672>		"Pashto"@fil	
"ಕ್ಯಾಟಲನ್"@kn	<https://panlex.org/snapshot/panlex-20191001-csv/400#13343636>				<https://panlex.org/snapshot/panlex-20191001-csv/400#13343617>		"Catalan"@fil	
"ಗೊತ್ತಿರದ ಅಥವ ಅಮಾನ್ಯ ಭಾಷೆ"@kn	<https://panlex.org/snapshot/panlex-20191001-csv/400#13364443>				<https://panlex.org/snapshot/panlex-20191001-csv/400#13364428>		"und"@fil	
"ಸೊಮಾಲಿ"@kn	<https://panlex.org/snapshot/panlex-20191001-csv/400#13361397>				<https://panlex.org/snapshot/panlex-20191001-csv/400#13361378>		"Somali"@fil	
"ತಮಿಳು"@kn	<https://panlex.org/snapshot/panlex-20191001-csv/400#13362452>				<https://panlex.org/snapshot/panlex-20191001-csv/400#13362433>		"Tamil"@fil	
"ಕಿರ್ಗಿಜ್"@kn	<https://panlex.org/snapshot/panlex-20191001-csv/400#13353307>				<https://panlex.org/snapshot/panlex-20191001-csv/400#13353289>		"Kirghiz"@fil	
"ರಷಿಯನ್"@kn	<https://panlex.org/snapshot/panlex-20191001-csv/400#13359511>				<https://panlex.org/snapshot/panlex-20191001-csv/400#13359491>		"Ruso"@fil	
"ಒರಿಯಾ"@kn	<https://panlex.org/snapshot/panlex-20191001-csv/400#13357761>				<https://panlex.org/snapshot/panlex-20191001-csv/400#13357743>		"Oriya"@fil	
"ಸಂಸ್ಕೃತ"@kn	<https://panlex.org/snapshot/panlex-20191001-csv/400#13359700>				<https://panlex.org/snapshot/panlex-20191001-csv/400#13359681>		"Sanskrit"@fil	
"ಇಂಟರ್ಲಿಂಗುವಾ"@kn	<https://panlex.org/snapshot/panlex-20191001-csv/400#13350335>				<https://panlex.org/snapshot/panlex-20191001-csv/400#13350317>		"Interlingua"@fil	
"ಆಕ್ಸಿಟಾನ್"@kn	<https://panlex.org/snapshot/panlex-20191001-csv/400#13357583>				<https://panlex.org/snapshot/panlex-20191001-csv/400#13357563>		"Occitan"@fil	
"ಗ್ರೀಕ್"@kn	<https://panlex.org/snapshot/panlex-20191001-csv/400#13346174>				<https://panlex.org/snapshot/panlex-20191001-csv/400#13346155>		"Griyego"@fil	
"ಸ್ಕಾಟಿಶ್ ಗ್ಯಾಲಿಕ್"@kn	<https://panlex.org/snapshot/panlex-20191001-csv/400#13348483>				<https://panlex.org/snapshot/panlex-20191001-csv/400#13348464>		"Scots Gaelic"@fil	
"ಹಿಂದಿ"@kn	<https://panlex.org/snapshot/panlex-20191001-csv/400#13349620>				<https://panlex.org/snapshot/panlex-20191001-csv/400#13349601>		"Hindu"@fil	
"ಇಂಗ್ಲೀಷ್"@kn	<https://panlex.org/snapshot/panlex-20191001-csv/400#13346316>				<https://panlex.org/snapshot/panlex-20191001-csv/400#13346296>		"Ingles"@fil	
"ಮ್ಯಾಸೆಡೋನಿಯನ್"@kn	<https://panlex.org/snapshot/panlex-20191001-csv/400#13355055>				<https://panlex.org/snapshot/panlex-20191001-csv/400#13355036>		"Macedonian"@fil	
"ಬೋಸ್ನಿಯನ್"@kn	<https://panlex.org/snapshot/panlex-20191001-csv/400#13343390>				<https://panlex.org/snapshot/panlex-20191001-csv/400#13343372>		"Bosnian"@fil	
"ನೇಪಾಳಿ"@kn	<https://panlex.org/snapshot/panlex-20191001-csv/400#13356514>				<https://panlex.org/snapshot/panlex-20191001-csv/400#13356495>		"Nepali"@fil	
"ಅಜರ್ಬೈಜಾನಿ"@kn	<https://panlex.org/snapshot/panlex-20191001-csv/400#13342059>				<https://panlex.org/snapshot/panlex-20191001-csv/400#13342040>		"Azerbaijani"@fil	
"ಆರ್ಮೇನಿಯನ್"@kn	<https://panlex.org/snapshot/panlex-20191001-csv/400#13350211>				<https://panlex.org/snapshot/panlex-20191001-csv/400#13350192>		"Armenian"@fil	
"ಸಿಂಹಳ"@kn	<https://panlex.org/snapshot/panlex-20191001-csv/400#13360632>				<https://panlex.org/snapshot/panlex-20191001-csv/400#13360613>		"Sinhalese"@fil	
"ಸರ್ಬೋ-ಕ್ರೊಯೇಶಿಯನ್"@kn	<https://panlex.org/snapshot/panlex-20191001-csv/400#13360507>				<https://panlex.org/snapshot/panlex-20191001-csv/400#13360490>		"Serbo-Croatian"@fil	
"ಥಾಯ್"@kn	<https://panlex.org/snapshot/panlex-20191001-csv/400#13362840>				<https://panlex.org/snapshot/panlex-20191001-csv/400#13362821>		"Thai"@fil	
"ಬ್ರೆಟನ್"@kn	<https://panlex.org/snapshot/panlex-20191001-csv/400#13343265>				<https://panlex.org/snapshot/panlex-20191001-csv/400#13343246>		"Breton"@fil	
"ಕಾಂಬೋಡಿಯನ್"@kn	<https://panlex.org/snapshot/panlex-20191001-csv/400#13352421>				<https://panlex.org/snapshot/panlex-20191001-csv/400#13352402>		"Khmer"@fil	
"ಬಾಸ್ಕ್"@kn	<https://panlex.org/snapshot/panlex-20191001-csv/400#13347041>				<https://panlex.org/snapshot/panlex-20191001-csv/400#13347022>		"Basque"@fil	
"ಲಾಟ್ವಿಯನ್"@kn	<https://panlex.org/snapshot/panlex-20191001-csv/400#13354307>				<https://panlex.org/snapshot/panlex-20191001-csv/400#13354288>		"Latvian"@fil	
"ಅಮ್ಹಾರಿಕ್"@kn	<https://panlex.org/snapshot/panlex-20191001-csv/400#13341131>				<https://panlex.org/snapshot/panlex-20191001-csv/400#13341112>		"Amharic"@fil	
"ಅರೇಬಿಕ್"@kn	<https://panlex.org/snapshot/panlex-20191001-csv/400#13341402>				<https://panlex.org/snapshot/panlex-20191001-csv/400#13341383>		"Arabic"@fil	
"ಫಿನ್ನಿಷ್"@kn	<https://panlex.org/snapshot/panlex-20191001-csv/400#13347380>				<https://panlex.org/snapshot/panlex-20191001-csv/400#13347361>		"Finnish"@fil	
"ಜಪಾನೀಸ್"@kn	<https://panlex.org/snapshot/panlex-20191001-csv/400#13351349>				<https://panlex.org/snapshot/panlex-20191001-csv/400#13351329>		"Japanese"@fil	
"ಡ್ಯಾನಿಷ್"@kn	<https://panlex.org/snapshot/panlex-20191001-csv/400#13345156>				<https://panlex.org/snapshot/panlex-20191001-csv/400#13345137>		"Danish"@fil	
"ಜುಲು"@kn	<https://panlex.org/snapshot/panlex-20191001-csv/400#13365983>				<https://panlex.org/snapshot/panlex-20191001-csv/400#13365964>		"Zulu"@fil	
"ಕ್ರೊಯೇಶಿಯನ್"@kn	<https://panlex.org/snapshot/panlex-20191001-csv/400#13349902>				<https://panlex.org/snapshot/panlex-20191001-csv/400#13349883>		"Croatian"@fil	
"ಲಾವೋ"@kn	<https://panlex.org/snapshot/panlex-20191001-csv/400#13353847>				<https://panlex.org/snapshot/panlex-20191001-csv/400#13353829>		"Lao"@fil	
"ಹಿಬ್ರೂ"@kn	<https://panlex.org/snapshot/panlex-20191001-csv/400#13349518>				<https://panlex.org/snapshot/panlex-20191001-csv/400#13349499>		"Hebreo"@fil	
"ಬಲ್ಗೇರಿಯನ್"@kn	<https://panlex.org/snapshot/panlex-20191001-csv/400#13342646>				<https://panlex.org/snapshot/panlex-20191001-csv/400#13342627>		"Bulgarian"@fil	
"ಕನ್ನಡ"@kn	<https://panlex.org/snapshot/panlex-20191001-csv/400#13352546>				<https://panlex.org/snapshot/panlex-20191001-csv/400#13352527>		"Kannada"@fil	
"ನಾರ್ವೇಜಿಯನ್"@kn	<https://panlex.org/snapshot/panlex-20191001-csv/400#13357011>				<https://panlex.org/snapshot/panlex-20191001-csv/400#13356992>		"Norwegian"@fil	
"ವಿಯೆಟ್ನಾಮಿ"@kn	<https://panlex.org/snapshot/panlex-20191001-csv/400#13364783>				<https://panlex.org/snapshot/panlex-20191001-csv/400#13364764>		"Vietnamese"@fil	
"ಗ್ಯಾಲೀಷಿಯನ್"@kn	<https://panlex.org/snapshot/panlex-20191001-csv/400#13348703>				<https://panlex.org/snapshot/panlex-20191001-csv/400#13348684>		"Galician"@fil	
"ತಿಗ್ರಿನ್ಯ"@kn	<https://panlex.org/snapshot/panlex-20191001-csv/400#13362936>				<https://panlex.org/snapshot/panlex-20191001-csv/400#13362918>		"Tigrinya"@fil	
"ಸ್ಪ್ಯಾನಿಷ್"@kn	<https://panlex.org/snapshot/panlex-20191001-csv/400#13346752>				<https://panlex.org/snapshot/panlex-20191001-csv/400#13346732>		"Espanyol"@fil	
"ಕೊರಿಯನ್"@kn	<https://panlex.org/snapshot/panlex-20191001-csv/400#13352643>				<https://panlex.org/snapshot/panlex-20191001-csv/400#13352624>		"Korean"@fil	
"ಐಸ್ಲ್ಯಾಂಡಿಕ್"@kn	<https://panlex.org/snapshot/panlex-20191001-csv/400#13351084>				<https://panlex.org/snapshot/panlex-20191001-csv/400#13351065>		"Icelandic"@fil	
"ಗ್ವಾರಾನಿ"@kn	<https://panlex.org/snapshot/panlex-20191001-csv/400#13348835>				<https://panlex.org/snapshot/panlex-20191001-csv/400#13348817>		"Guarani"@fil	
"ಬಿಹಾರಿ"@kn	<https://panlex.org/snapshot/panlex-20191001-csv/400#13342743>				<https://panlex.org/snapshot/panlex-20191001-csv/400#13342725>		"Bihari"@fil	
"ಕುರ್ದಿಶ್"@kn	<https://panlex.org/snapshot/panlex-20191001-csv/400#13353068>				<https://panlex.org/snapshot/panlex-20191001-csv/400#13353049>		"Kurdish"@fil	
"ಸಿಂಧಿ"@kn	<https://panlex.org/snapshot/panlex-20191001-csv/400#13360171>				<https://panlex.org/snapshot/panlex-20191001-csv/400#13360152>		"Sindhi"@fil	
"ಮಲಯ"@kn	<https://panlex.org/snapshot/panlex-20191001-csv/400#13355709>				<https://panlex.org/snapshot/panlex-20191001-csv/400#13355690>		"Malay"@fil	
"ಫ್ರಿಸಿಯನ್"@kn	<https://panlex.org/snapshot/panlex-20191001-csv/400#13348178>				<https://panlex.org/snapshot/panlex-20191001-csv/400#13348159>		"Prisian"@fil	
"ತೆಲುಗು"@kn	<https://panlex.org/snapshot/panlex-20191001-csv/400#13362590>				<https://panlex.org/snapshot/panlex-20191001-csv/400#13362571>		"Telugu"@fil	
"ಮಾಲ್ಟೀಸ್"@kn	<https://panlex.org/snapshot/panlex-20191001-csv/400#13355805>				<https://panlex.org/snapshot/panlex-20191001-csv/400#13355786>		"Maltese"@fil	
"ಫ್ರೆಂಚ್"@kn	<https://panlex.org/snapshot/panlex-20191001-csv/400#13347805>				<https://panlex.org/snapshot/panlex-20191001-csv/400#13347785>		"Pranses"@fil	
"ಅಫ್ರಿಕಾನ್ಸ್"@kn	<https://panlex.org/snapshot/panlex-20191001-csv/400#13340716>				<https://panlex.org/snapshot/panlex-20191001-csv/400#13340697>		"Afrikaans"@fil	
"ಜಾರ್ಜಿಯನ್"@kn	<https://panlex.org/snapshot/panlex-20191001-csv/400#13351670>				<https://panlex.org/snapshot/panlex-20191001-csv/400#13351651>		"Georgian"@fil	
"ಗುಜರಾತಿ"@kn	<https://panlex.org/snapshot/panlex-20191001-csv/400#13349213>				<https://panlex.org/snapshot/panlex-20191001-csv/400#13349195>		"Gujarati"@fil	
"ಉಕ್ರೇನಿಯನ್"@kn	<https://panlex.org/snapshot/panlex-20191001-csv/400#13364320>				<https://panlex.org/snapshot/panlex-20191001-csv/400#13364301>		"Ukranian"@fil	
"ಬೆಲರೂಸಿಯನ್"@kn	<https://panlex.org/snapshot/panlex-20191001-csv/400#13342435>				<https://panlex.org/snapshot/panlex-20191001-csv/400#13342416>		"Belarusian"@fil	
"ಮರಾಠಿ"@kn	<https://panlex.org/snapshot/panlex-20191001-csv/400#13355614>				<https://panlex.org/snapshot/panlex-20191001-csv/400#13355595>		"Marathi"@fil	
"ಯಿದ್ದಿಶ್"@kn	<https://panlex.org/snapshot/panlex-20191001-csv/400#13365415>				<https://panlex.org/snapshot/panlex-20191001-csv/400#13365397>		"Yiddish"@fil	
"ರೊಮೇನಿಯನ್"@kn	<https://panlex.org/snapshot/panlex-20191001-csv/400#13359296>				<https://panlex.org/snapshot/panlex-20191001-csv/400#13359277>		"Romanian"@fil	
"ತುರ್ಕ್ಮನ್"@kn	<https://panlex.org/snapshot/panlex-20191001-csv/400#13363099>				<https://panlex.org/snapshot/panlex-20191001-csv/400#13363082>		"Turkmen"@fil	
"ಐರಿಷ್"@kn	<https://panlex.org/snapshot/panlex-20191001-csv/400#13348276>				<https://panlex.org/snapshot/panlex-20191001-csv/400#13348257>		"Irish"@fil	
"ಪರ್ಷಿಯನ್"@kn	<https://panlex.org/snapshot/panlex-20191001-csv/400#13347171>				<https://panlex.org/snapshot/panlex-20191001-csv/400#13347151>		"Persian"@fil	
"ಲಿಂಗಾಲ"@kn	<https://panlex.org/snapshot/panlex-20191001-csv/400#13353759>				<https://panlex.org/snapshot/panlex-20191001-csv/400#13353739>		"Lingala"@fil	
"ಲ್ಯಾಟಿನ್"@kn	<https://panlex.org/snapshot/panlex-20191001-csv/400#13353400>				<https://panlex.org/snapshot/panlex-20191001-csv/400#13353381>		"Latin"@fil	
"ಎಸ್ಪರಾಂಟೋ"@kn	<https://panlex.org/snapshot/panlex-20191001-csv/400#13346652>				<https://panlex.org/snapshot/panlex-20191001-csv/400#13346632>		"Esperanto"@fil	
"ಪೋರ್ಚುಗೀಸ್"@kn	<https://panlex.org/snapshot/panlex-20191001-csv/400#13358786>				<https://panlex.org/snapshot/panlex-20191001-csv/400#13358766>		"Portuges"@fil	
"ಪೋಲಿಷ್"@kn	<https://panlex.org/snapshot/panlex-20191001-csv/400#13358477>				<https://panlex.org/snapshot/panlex-20191001-csv/400#13358458>		"Polish"@fil	
"ಫೆರೋಯಿಸ್"@kn	<https://panlex.org/snapshot/panlex-20191001-csv/400#13347673>				<https://panlex.org/snapshot/panlex-20191001-csv/400#13347654>		"Faroeso"@fil	
"ಅಸ್ಸಾಮೀಸ್"@kn	<https://panlex.org/snapshot/panlex-20191001-csv/400#13341711>				<https://panlex.org/snapshot/panlex-20191001-csv/400#13341692>		"Assamese"@fil	
"ಉಜ್ಬೆಕ್"@kn	<https://panlex.org/snapshot/panlex-20191001-csv/400#13364615>				<https://panlex.org/snapshot/panlex-20191001-csv/400#13364596>		"Uzbeko"@fil	
"ಎಸ್ಟೋನಿಯನ್"@kn	<https://panlex.org/snapshot/panlex-20191001-csv/400#13346941>				<https://panlex.org/snapshot/panlex-20191001-csv/400#13346922>		"Estonian"@fil	
"ಸ್ಲೊವೇನಿಯನ್"@kn	<https://panlex.org/snapshot/panlex-20191001-csv/400#13360938>				<https://panlex.org/snapshot/panlex-20191001-csv/400#13360919>		"Eslobenyan"@fil	
"ಡಿಸೆಂಬರ್"@kn	<https://panlex.org/snapshot/panlex-20191001-csv/12#899205>				<https://panlex.org/snapshot/panlex-20191001-csv/12#899194>		"Disyembre"@fil	
"ಅಯ್ಕಿಲ್"@kn	<https://panlex.org/snapshot/panlex-20191001-csv/3776#91631976>				<https://panlex.org/snapshot/panlex-20191001-csv/3776#91631944>		"niyebe"@fil	
"ಏಷ್ಯಾ"@kn	<https://panlex.org/snapshot/panlex-20191001-csv/3776#91577777>				<https://panlex.org/snapshot/panlex-20191001-csv/3776#91577750>		"Ásya"@fil	
"ಮಾಸ"@kn	<https://panlex.org/snapshot/panlex-20191001-csv/3776#91669942>				<https://panlex.org/snapshot/panlex-20191001-csv/3776#91669920>		"buwan"@fil	
"ತಿಂಗಳು"@kn	<https://panlex.org/snapshot/panlex-20191001-csv/3776#91669943>				<https://panlex.org/snapshot/panlex-20191001-csv/3776#91669920>		"buwan"@fil	
"ಪಾದ"@kn	<https://panlex.org/snapshot/panlex-20191001-csv/3776#91660671>				<https://panlex.org/snapshot/panlex-20191001-csv/3776#91660646>		"paa"@fil	
