"ಮೊದಲನೇ ಮಹಾಯುದ್ಧ"@kn	<https://panlex.org/snapshot/panlex-20191001-csv/6709#111077302>				<https://panlex.org/snapshot/panlex-20191001-csv/6709#111077470>		"Prumire guere daegnrece"@wa	
"ಕ್ರೈಸ್ತರ ಧರ್ಮಯುದ್ಧ"@kn	<https://panlex.org/snapshot/panlex-20191001-csv/6709#111076662>				<https://panlex.org/snapshot/panlex-20191001-csv/6709#111076606>		"Croejhåde"@wa	
"ಎರಡನೇ ಮಹಾಯುದ್ಧ"@kn	<https://panlex.org/snapshot/panlex-20191001-csv/6709#111077559>				<https://panlex.org/snapshot/panlex-20191001-csv/6709#111077625>		"Deujhinme guere daegnrece"@wa	
"ಮಧ್ಯಯುಗ"@kn	<https://panlex.org/snapshot/panlex-20191001-csv/6709#111076376>				<https://panlex.org/snapshot/panlex-20191001-csv/6709#111076416>		"Moyinådje"@wa	
"ಪುಟ್ಟ ರಾಜಕುಮಾರ"@kn	<https://panlex.org/snapshot/panlex-20191001-csv/6710#111083127>				<https://panlex.org/snapshot/panlex-20191001-csv/6710#111083147>		"Li Ptit Prince"@wa	
"ಭಾನುವಾರ"@kn	<https://panlex.org/snapshot/panlex-20191001-csv/18#1002894>				<https://panlex.org/snapshot/panlex-20191001-csv/18#1002929>		"dimegne"@wa	
"ಅಲ್ಜೀರಿಯ"@kn	<https://panlex.org/snapshot/panlex-20191001-csv/5947#84580129>				<https://panlex.org/snapshot/panlex-20191001-csv/5947#84580233>		"Aldjereye"@wa	
"ಇಸ್ಟರ ಹಬ್ಬ"@kn	<https://panlex.org/snapshot/panlex-20191001-csv/5947#84615920>				<https://panlex.org/snapshot/panlex-20191001-csv/5947#84615999>		"Påke"@wa	
"ಹದ್ದು"@kn	<https://panlex.org/snapshot/panlex-20191001-csv/5947#84782286>				<https://panlex.org/snapshot/panlex-20191001-csv/5947#84782396>		"aigue"@wa	
"ಬಿಳಿ"@kn	<https://panlex.org/snapshot/panlex-20191001-csv/5947#84639771>				<https://panlex.org/snapshot/panlex-20191001-csv/5947#84639878>		"blanc"@wa	
"ಅಮೇರಿಕ ಸಂಯುಕ್ತ ಸಂಸ್ಥಾನ"@kn	<https://panlex.org/snapshot/panlex-20191001-csv/5940#81280110>				<https://panlex.org/snapshot/panlex-20191001-csv/5940#81280177>		"Estats Unis"@wa	
"ಅಕ್ಟೋಬರ್"@kn	<https://panlex.org/snapshot/panlex-20191001-csv/5940#81285655>				<https://panlex.org/snapshot/panlex-20191001-csv/5940#81285713>		"Octôbe"@wa	
"ಸಂಯುಕ್ತ ರಾಷ್ಟ್ರ ಸಂಸ್ಥೆ"@kn	<https://panlex.org/snapshot/panlex-20191001-csv/5940#81285947>				<https://panlex.org/snapshot/panlex-20191001-csv/5940#81286024>		"Organizåcion des Nåcions uneyes"@wa	
"ಯುರೋಪ್"@kn	<https://panlex.org/snapshot/panlex-20191001-csv/5940#81279750>				<https://panlex.org/snapshot/panlex-20191001-csv/5940#81279794>		"Urope"@wa	
"ಎಪ್ರಿಲ್"@kn	<https://panlex.org/snapshot/panlex-20191001-csv/5940#81276597>				<https://panlex.org/snapshot/panlex-20191001-csv/5940#81276637>		"avri"@wa	
"jarman"@kn	<https://panlex.org/snapshot/panlex-20191001-csv/5939#80782403>				<https://panlex.org/snapshot/panlex-20191001-csv/5939#80782486>		"almand"@wa	
"phreñc"@kn	<https://panlex.org/snapshot/panlex-20191001-csv/5939#80821403>				<https://panlex.org/snapshot/panlex-20191001-csv/5939#80821447>		"francès"@wa	
"phebravari"@kn	<https://panlex.org/snapshot/panlex-20191001-csv/5939#80811256>				<https://panlex.org/snapshot/panlex-20191001-csv/5939#80811344>		"fevrî"@wa	
"himanadi"@kn	<https://panlex.org/snapshot/panlex-20191001-csv/5939#80841557>				<https://panlex.org/snapshot/panlex-20191001-csv/5939#80841593>		"glaecî"@wa	
"phebruvari"@kn	<https://panlex.org/snapshot/panlex-20191001-csv/5939#80811255>				<https://panlex.org/snapshot/panlex-20191001-csv/5939#80811344>		"fevrî"@wa	
"ārōgya"@kn	<https://panlex.org/snapshot/panlex-20191001-csv/5939#80838874>				<https://panlex.org/snapshot/panlex-20191001-csv/5939#80838927>		"santé"@wa	
"Jarmani"@kn	<https://panlex.org/snapshot/panlex-20191001-csv/5939#80782721>				<https://panlex.org/snapshot/panlex-20191001-csv/5939#80782828>		"Almagne"@wa	
"ಕನ್ನಡಿ"@kn	<https://panlex.org/snapshot/panlex-20191001-csv/5946#84446218>				<https://panlex.org/snapshot/panlex-20191001-csv/5946#84446352>		"murwè"@wa	
"ಕನ್ನಡಿ"@kn	<https://panlex.org/snapshot/panlex-20191001-csv/5946#84446218>				<https://panlex.org/snapshot/panlex-20191001-csv/5946#84446351>		"mureû"@wa	
"ಮಳೆ"@kn	<https://panlex.org/snapshot/panlex-20191001-csv/5946#84436314>				<https://panlex.org/snapshot/panlex-20191001-csv/5946#84436406>		"plouve"@wa	
"ಜೆರುಸಲೆಂ"@kn	<https://panlex.org/snapshot/panlex-20191001-csv/5949#85309957>				<https://panlex.org/snapshot/panlex-20191001-csv/5949#85310053>		"Djeruzalem"@wa	
"ಫ್ರಾನ್ಸ್"@kn	<https://panlex.org/snapshot/panlex-20191001-csv/5949#85323601>				<https://panlex.org/snapshot/panlex-20191001-csv/5949#85323698>		"France"@wa	
"ಆಗಸ್ಟ್"@kn	<https://panlex.org/snapshot/panlex-20191001-csv/5949#85329381>				<https://panlex.org/snapshot/panlex-20191001-csv/5949#85329545>		"awousse"@wa	
"ಫಿನ್ಲ್ಯಾಂಡ್"@kn	<https://panlex.org/snapshot/panlex-20191001-csv/5949#85323197>				<https://panlex.org/snapshot/panlex-20191001-csv/5949#85323272>		"Finlande"@wa	
"ಕಜಾಕಸ್ಥಾನ್"@kn	<https://panlex.org/snapshot/panlex-20191001-csv/5949#85312098>				<https://panlex.org/snapshot/panlex-20191001-csv/5949#85312170>		"Kazaxhtan"@wa	
"ಸೂರ್ಯ"@kn	<https://panlex.org/snapshot/panlex-20191001-csv/5949#85320927>				<https://panlex.org/snapshot/panlex-20191001-csv/5949#85321014>		"Solea"@wa	
"ಯುರೋಪ್"@kn	<https://panlex.org/snapshot/panlex-20191001-csv/5949#85308566>				<https://panlex.org/snapshot/panlex-20191001-csv/5949#85308666>		"Urope"@wa	
"ಸ್ಕಾಟ್ ಲೆಂಡ್"@kn	<https://panlex.org/snapshot/panlex-20191001-csv/5949#85325249>				<https://panlex.org/snapshot/panlex-20191001-csv/5949#85325327>		"Escôsse"@wa	
"ಸ್ಕಾಟ್ ಲೆಂಡ್"@kn	<https://panlex.org/snapshot/panlex-20191001-csv/5949#85325249>				<https://panlex.org/snapshot/panlex-20191001-csv/5949#85325328>		"Scôsse"@wa	
"ಉರುಗ್ವೆ"@kn	<https://panlex.org/snapshot/panlex-20191001-csv/5949#85322908>				<https://panlex.org/snapshot/panlex-20191001-csv/5949#85322981>		"Ourougway"@wa	
"ಮಾಸ್ಕೋ"@kn	<https://panlex.org/snapshot/panlex-20191001-csv/5949#85316025>				<https://panlex.org/snapshot/panlex-20191001-csv/5949#85316057>		"Moscou ''n''"@wa	
"ರಷ್ಯಾ"@kn	<https://panlex.org/snapshot/panlex-20191001-csv/5949#85319491>				<https://panlex.org/snapshot/panlex-20191001-csv/5949#85319637>		"Rûsseye"@wa	
"ಫಿಲಿಪ್ಪೀನ್ಸ್"@kn	<https://panlex.org/snapshot/panlex-20191001-csv/5949#85323353>				<https://panlex.org/snapshot/panlex-20191001-csv/5949#85323441>		"Filipenes"@wa	
"ಸಮುದ್ರ"@kn	<https://panlex.org/snapshot/panlex-20191001-csv/5942#83283220>				<https://panlex.org/snapshot/panlex-20191001-csv/5942#83283290>		"mer"@wa	
"ಜಲಪಾತ"@kn	<https://panlex.org/snapshot/panlex-20191001-csv/5942#83279781>				<https://panlex.org/snapshot/panlex-20191001-csv/5942#83279820>		"tcheyaedje d' aiwe"@wa	
"ಫಿನ್ಲ್ಯಾಂಡ್"@kn	<https://panlex.org/snapshot/panlex-20191001-csv/5943#83294118>				<https://panlex.org/snapshot/panlex-20191001-csv/5943#83294175>		"Finlande"@wa	
"ಮಾರ್ಚ್"@kn	<https://panlex.org/snapshot/panlex-20191001-csv/5943#83371825>				<https://panlex.org/snapshot/panlex-20191001-csv/5943#83371863>		"måss"@wa	
"ಎಸ್ಪೆರಾಂಟೊ"@kn	<https://panlex.org/snapshot/panlex-20191001-csv/405#13623775>				<https://panlex.org/snapshot/panlex-20191001-csv/405#13623822>		"Esperanto"@wa	
"ಜೂನ"@kn	<https://panlex.org/snapshot/panlex-20191001-csv/9#473294>				<https://panlex.org/snapshot/panlex-20191001-csv/9#473330>		"djun"@wa	
"ಅಕ್ಟೋಬರ್"@kn	<https://panlex.org/snapshot/panlex-20191001-csv/9#473610>				<https://panlex.org/snapshot/panlex-20191001-csv/9#473644>		"octôbe"@wa	
"ಮೇ"@kn	<https://panlex.org/snapshot/panlex-20191001-csv/9#473218>				<https://panlex.org/snapshot/panlex-20191001-csv/9#473251>		"may"@wa	
"ಒಂಭತ್ತು"@kn	<https://panlex.org/snapshot/panlex-20191001-csv/9#490980>				<https://panlex.org/snapshot/panlex-20191001-csv/9#491067>		"noûv"@wa	
"ಜನವರಿ"@kn	<https://panlex.org/snapshot/panlex-20191001-csv/9#472960>				<https://panlex.org/snapshot/panlex-20191001-csv/9#472983>		"djanvî"@wa	
"ಜರ್ಮನಿ"@kn	<https://panlex.org/snapshot/panlex-20191001-csv/9#474801>				<https://panlex.org/snapshot/panlex-20191001-csv/9#474873>		"Almagne"@wa	
"ಕನ್ನಡ"@kn	<https://panlex.org/snapshot/panlex-20191001-csv/12#898368>				<https://panlex.org/snapshot/panlex-20191001-csv/12#898371>		"Kannada"@wa	
"ಶುಕ್ರವಾರ"@kn	<https://panlex.org/snapshot/panlex-20191001-csv/12#857328>				<https://panlex.org/snapshot/panlex-20191001-csv/12#857367>		"vénrdi"@wa	
"ಫ್ರೆಂಚ್"@kn	<https://panlex.org/snapshot/panlex-20191001-csv/12#844989>				<https://panlex.org/snapshot/panlex-20191001-csv/12#845027>		"Francès"@wa	
"ಡಚ್"@kn	<https://panlex.org/snapshot/panlex-20191001-csv/12#849665>				<https://panlex.org/snapshot/panlex-20191001-csv/12#849710>		"Almand"@wa	
"ವಿಜ್ಞಾನ"@kn	<https://panlex.org/snapshot/panlex-20191001-csv/2904#111024422>				<https://panlex.org/snapshot/panlex-20191001-csv/2904#111024191>		"syince"@wa	
"ಔಷಧ"@kn	<https://panlex.org/snapshot/panlex-20191001-csv/2904#111023664>				<https://panlex.org/snapshot/panlex-20191001-csv/2904#111023616>		"medcene"@wa	
"ಖಗೋಳಶಾಸ್ತ್ರ"@kn	<https://panlex.org/snapshot/panlex-20191001-csv/2904#111021958>				<https://panlex.org/snapshot/panlex-20191001-csv/2904#111021989>		"astronomeye"@wa	
"ತತ್ವಶಾಸ್ತ್ರ"@kn	<https://panlex.org/snapshot/panlex-20191001-csv/2904#111023806>				<https://panlex.org/snapshot/panlex-20191001-csv/2904#111023824>		"filozofeye"@wa	
"ಇತಿಹಾಸ"@kn	<https://panlex.org/snapshot/panlex-20191001-csv/2904#111022977>				<https://panlex.org/snapshot/panlex-20191001-csv/2904#111023044>		"istwere"@wa	
"ಭೂಗೋಳ"@kn	<https://panlex.org/snapshot/panlex-20191001-csv/2904#111022646>				<https://panlex.org/snapshot/panlex-20191001-csv/2904#111022659>		"djeyografeye"@wa	
"ಭಾಷಾ ವಿಜ್ಞಾನ"@kn	<https://panlex.org/snapshot/panlex-20191001-csv/2904#111023287>				<https://panlex.org/snapshot/panlex-20191001-csv/2904#111023298>		"linwistike"@wa	
"ಭಾಷಾ ವಿಜ್ಞಾನ"@kn	<https://panlex.org/snapshot/panlex-20191001-csv/2904#111023287>				<https://panlex.org/snapshot/panlex-20191001-csv/2904#111023278>		"linwince"@wa	
"ವಿಶ್ವವಿದ್ಯಾಲಯ"@kn	<https://panlex.org/snapshot/panlex-20191001-csv/2904#111024472>				<https://panlex.org/snapshot/panlex-20191001-csv/2904#111024611>		"univiersité"@wa	
"ಚರಿತ್ರೆ"@kn	<https://panlex.org/snapshot/panlex-20191001-csv/2904#111022860>				<https://panlex.org/snapshot/panlex-20191001-csv/2904#111023044>		"istwere"@wa	
"ವಿಷುವದ್ರೇಖೆ"@kn	<https://panlex.org/snapshot/panlex-20191001-csv/2910#110855095>				<https://panlex.org/snapshot/panlex-20191001-csv/2910#110855134>		"Ecwåteur"@wa	
"ಉತ್ತರ ಧ್ರುವ"@kn	<https://panlex.org/snapshot/panlex-20191001-csv/2910#110854607>				<https://panlex.org/snapshot/panlex-20191001-csv/2910#110854570>		"Pôle Nôr"@wa	
"ದಕ್ಷಿಣ ಧ್ರುವ"@kn	<https://panlex.org/snapshot/panlex-20191001-csv/2910#110855588>				<https://panlex.org/snapshot/panlex-20191001-csv/2910#110855662>		"Pôle Sud"@wa	
"ಶಾಂತಿ"@kn	<https://panlex.org/snapshot/panlex-20191001-csv/2902#111012283>				<https://panlex.org/snapshot/panlex-20191001-csv/2902#111011992>		"påye"@wa	
"ಜೋರ್ಡಾನ್ ನದಿ"@kn	<https://panlex.org/snapshot/panlex-20191001-csv/2903#110872694>				<https://panlex.org/snapshot/panlex-20191001-csv/2903#110872586>		"Djordin"@wa	
"ಬಾಲ್ಟಿಕ್ ಸಮುದ್ರ"@kn	<https://panlex.org/snapshot/panlex-20191001-csv/2905#110868726>				<https://panlex.org/snapshot/panlex-20191001-csv/2905#110868831>		"Mer Baltike"@wa	
"ಉತ್ತರ ಸಮುದ್ರ"@kn	<https://panlex.org/snapshot/panlex-20191001-csv/2905#110870512>				<https://panlex.org/snapshot/panlex-20191001-csv/2905#110870684>		"Mer do Nôr"@wa	
"ಹಳದಿ ಸಮುದ್ರ"@kn	<https://panlex.org/snapshot/panlex-20191001-csv/2905#110871515>				<https://panlex.org/snapshot/panlex-20191001-csv/2905#110871574>		"Djaene Mer"@wa	
"ಕಪ್ಪು ಸಮುದ್ರ"@kn	<https://panlex.org/snapshot/panlex-20191001-csv/2905#110869104>				<https://panlex.org/snapshot/panlex-20191001-csv/2905#110869219>		"Noere Mer"@wa	
"ಮೃತ ಸಮುದ್ರ"@kn	<https://panlex.org/snapshot/panlex-20191001-csv/2905#110870007>				<https://panlex.org/snapshot/panlex-20191001-csv/2905#110870017>		"Moite Aiwe"@wa	
"ಮೃತ ಸಮುದ್ರ"@kn	<https://panlex.org/snapshot/panlex-20191001-csv/2905#110870007>				<https://panlex.org/snapshot/panlex-20191001-csv/2905#110869894>		"Moite Mer"@wa	
"ಕೆಂಪು ಸಮುದ್ರ"@kn	<https://panlex.org/snapshot/panlex-20191001-csv/2905#110871020>				<https://panlex.org/snapshot/panlex-20191001-csv/2905#110870970>		"Rodje Mer"@wa	
"ಮೆಡಿಟರೇನಿಯನ್ ಸಮುದ್ರ"@kn	<https://panlex.org/snapshot/panlex-20191001-csv/2905#110870342>				<https://panlex.org/snapshot/panlex-20191001-csv/2905#110870489>		"Mîtrinne Mer"@wa	
"ಮೆಡಿಟರೇನಿಯನ್ ಸಮುದ್ರ"@kn	<https://panlex.org/snapshot/panlex-20191001-csv/2905#110870342>				<https://panlex.org/snapshot/panlex-20191001-csv/2905#110870378>		"Mer Mediteranêye"@wa	
"ಕ್ಯಾಸ್ಪಿಯನ್‌ ಸಮುದ್ರ"@kn	<https://panlex.org/snapshot/panlex-20191001-csv/2905#110869592>				<https://panlex.org/snapshot/panlex-20191001-csv/2905#110869666>		"Mer Caspyinne"@wa	
"ಬಿಳಯ ಸಮುದ್ರ"@kn	<https://panlex.org/snapshot/panlex-20191001-csv/2905#110871392>				<https://panlex.org/snapshot/panlex-20191001-csv/2905#110871316>		"Blanke Mer"@wa	
"ಬುಧ"@kn	<https://panlex.org/snapshot/panlex-20191001-csv/2907#110845230>				<https://panlex.org/snapshot/panlex-20191001-csv/2907#110845099>		"Mierkeure"@wa	
"ನೆಪ್ಚೂನ್"@kn	<https://panlex.org/snapshot/panlex-20191001-csv/2907#110847044>				<https://panlex.org/snapshot/panlex-20191001-csv/2907#110847128>		"Nûton"@wa	
"ಗುರು"@kn	<https://panlex.org/snapshot/panlex-20191001-csv/2907#110846545>				<https://panlex.org/snapshot/panlex-20191001-csv/2907#110846371>		"Djupiter"@wa	
"ಚಂದ್ರ"@kn	<https://panlex.org/snapshot/panlex-20191001-csv/2907#110845820>				<https://panlex.org/snapshot/panlex-20191001-csv/2907#110845813>		"Lune"@wa	
"ಎರಿಸ್"@kn	<https://panlex.org/snapshot/panlex-20191001-csv/2907#110847975>				<https://panlex.org/snapshot/panlex-20191001-csv/2907#110847854>		"Eriss"@wa	
"ಯುರೇನಸ್"@kn	<https://panlex.org/snapshot/panlex-20191001-csv/2907#110846904>				<https://panlex.org/snapshot/panlex-20191001-csv/2907#110846837>		"Uranusse"@wa	
"ಸೂರ್ಯ"@kn	<https://panlex.org/snapshot/panlex-20191001-csv/2907#110844954>				<https://panlex.org/snapshot/panlex-20191001-csv/2907#110845017>		"Solea"@wa	
"ಜ್ಯೋತಿರ್ಮಂಡಲ"@kn	<https://panlex.org/snapshot/panlex-20191001-csv/2907#110848142>				<https://panlex.org/snapshot/panlex-20191001-csv/2907#110848205>		"Sistinme solrece"@wa	
"ಸಿರೀಸ್"@kn	<https://panlex.org/snapshot/panlex-20191001-csv/2907#110846147>				<https://panlex.org/snapshot/panlex-20191001-csv/2907#110846197>		"Ceres"@wa	
"ನಕ್ಷತ್ರಕೂಟ"@kn	<https://panlex.org/snapshot/panlex-20191001-csv/2907#110848883>				<https://panlex.org/snapshot/panlex-20191001-csv/2907#110848704>		"Voye Sint-Djåke"@wa	
"ಕ್ಷುದ್ರಗ್ರಹ"@kn	<https://panlex.org/snapshot/panlex-20191001-csv/2907#110848027>				<https://panlex.org/snapshot/panlex-20191001-csv/2907#110847998>		"ôte nén"@wa	
"ಮಂಗಳ"@kn	<https://panlex.org/snapshot/panlex-20191001-csv/2907#110846077>				<https://panlex.org/snapshot/panlex-20191001-csv/2907#110846135>		"Måss"@wa	
"ಶನಿ"@kn	<https://panlex.org/snapshot/panlex-20191001-csv/2907#110846615>				<https://panlex.org/snapshot/panlex-20191001-csv/2907#110846619>		"Satûne"@wa	
"ಭೂಮಿ"@kn	<https://panlex.org/snapshot/panlex-20191001-csv/2907#110845540>				<https://panlex.org/snapshot/panlex-20191001-csv/2907#110845696>		"Tere"@wa	
"ಪ್ಲುಟೊ"@kn	<https://panlex.org/snapshot/panlex-20191001-csv/2907#110847298>				<https://panlex.org/snapshot/panlex-20191001-csv/2907#110847228>		"Pluton"@wa	
"ಶುಕ್ರ"@kn	<https://panlex.org/snapshot/panlex-20191001-csv/2907#110845463>				<https://panlex.org/snapshot/panlex-20191001-csv/2907#110845402>		"Venusse"@wa	
"ಅಟ್ಲಾಂಟಿಕ್ ಮಹಾಸಾಗರ"@kn	<https://panlex.org/snapshot/panlex-20191001-csv/2901#110867523>				<https://panlex.org/snapshot/panlex-20191001-csv/2901#110867543>		"Oceyan Atlantike"@wa	
"ಶಾಂತಸಾಗರ"@kn	<https://panlex.org/snapshot/panlex-20191001-csv/2901#110867940>				<https://panlex.org/snapshot/panlex-20191001-csv/2901#110868008>		"Oceyan Pacifike"@wa	
"ಅಂಟಾರ್ಟಿಕ್ ಮಹಾಸಾಗರ"@kn	<https://panlex.org/snapshot/panlex-20191001-csv/2901#110868355>				<https://panlex.org/snapshot/panlex-20191001-csv/2901#110868220>		"Oceyan Antartike"@wa	
"ಆರ್ಕ್ಟಿಕ್ ಮಹಾಸಾಗರ"@kn	<https://panlex.org/snapshot/panlex-20191001-csv/2901#110867318>				<https://panlex.org/snapshot/panlex-20191001-csv/2901#110867271>		"Oceyan Artike"@wa	
"ದಕ್ಷಿಣ ಮಹಾಸಾಗರ"@kn	<https://panlex.org/snapshot/panlex-20191001-csv/2901#110868216>				<https://panlex.org/snapshot/panlex-20191001-csv/2901#110868220>		"Oceyan Antartike"@wa	
"ಹಿಂದೂ ಮಹಾಸಾಗರ"@kn	<https://panlex.org/snapshot/panlex-20191001-csv/2901#110867794>				<https://panlex.org/snapshot/panlex-20191001-csv/2901#110867862>		"Oceyan Indyin"@wa	
"ಪೆಸಿಫಿಕ್ ಮಹಾಸಾಗರ"@kn	<https://panlex.org/snapshot/panlex-20191001-csv/2901#110868022>				<https://panlex.org/snapshot/panlex-20191001-csv/2901#110868008>		"Oceyan Pacifike"@wa	
"ಆಡಂ ಮತ್ತು ಈವ್"@kn	<https://panlex.org/snapshot/panlex-20191001-csv/2906#111019189>				<https://panlex.org/snapshot/panlex-20191001-csv/2906#111019124>		"Adan ey Eve"@wa	
"ಸಾಕ್ರೆಟಿಸ್"@kn	<https://panlex.org/snapshot/panlex-20191001-csv/2906#111021300>				<https://panlex.org/snapshot/panlex-20191001-csv/2906#111021291>		"Socrate"@wa	
"ಜೂಲಿಯಸ್ ಸೀಜರ್"@kn	<https://panlex.org/snapshot/panlex-20191001-csv/2906#111020608>				<https://panlex.org/snapshot/panlex-20191001-csv/2906#111020592>		"Djule Cezår"@wa	
"ಪ್ಲೇಟೊ"@kn	<https://panlex.org/snapshot/panlex-20191001-csv/2906#111020818>				<https://panlex.org/snapshot/panlex-20191001-csv/2906#111020854>		"Platon"@wa	
"ಭಾರತ"@kn	<https://panlex.org/snapshot/panlex-20191001-csv/10#580098>				<https://panlex.org/snapshot/panlex-20191001-csv/10#580251>		"Inde"@wa	
"ಯುರೋಪ್"@kn	<https://panlex.org/snapshot/panlex-20191001-csv/10#604570>				<https://panlex.org/snapshot/panlex-20191001-csv/10#604614>		"Urope"@wa	
"ಮಾರ್ಚ್"@kn	<https://panlex.org/snapshot/panlex-20191001-csv/15#953287>				<https://panlex.org/snapshot/panlex-20191001-csv/15#953327>		"måss"@wa	
"sebu"@kn	<https://panlex.org/snapshot/panlex-20191001-csv/11#789476>				<https://panlex.org/snapshot/panlex-20191001-csv/11#789524>		"peme"@wa	
"ತವರ"@kn	<https://panlex.org/snapshot/panlex-20191001-csv/2893#110994294>				<https://panlex.org/snapshot/panlex-20191001-csv/2893#110994313>		"stin"@wa	
"ಅವರ್ತ ಕೋಷ್ಟಕ"@kn	<https://panlex.org/snapshot/panlex-20191001-csv/2893#110989160>				<https://panlex.org/snapshot/panlex-20191001-csv/2893#110989141>		"tåvlea periodike"@wa	
"ಫ್ಲೋರಿನ್"@kn	<https://panlex.org/snapshot/panlex-20191001-csv/2893#110990627>				<https://panlex.org/snapshot/panlex-20191001-csv/2893#110990542>		"fluwôr"@wa	
"ಎನ್ಟಿಮನಿ"@kn	<https://panlex.org/snapshot/panlex-20191001-csv/2893#110994430>				<https://panlex.org/snapshot/panlex-20191001-csv/2893#110994447>		"antimoenne"@wa	
"ಟಂಗ್ಸ್ಟನ್"@kn	<https://panlex.org/snapshot/panlex-20191001-csv/2893#110994813>				<https://panlex.org/snapshot/panlex-20191001-csv/2893#110994951>		"tunstinne"@wa	
"ಬೋರೋನ್"@kn	<https://panlex.org/snapshot/panlex-20191001-csv/2893#110989722>				<https://panlex.org/snapshot/panlex-20191001-csv/2893#110989810>		"bôre"@wa	
"ಕೋಬಾಲ್ಟ್"@kn	<https://panlex.org/snapshot/panlex-20191001-csv/2893#110992874>				<https://panlex.org/snapshot/panlex-20191001-csv/2893#110992936>		"cobåle"@wa	
"ಕ್ಯಾಲ್ಸಿಯಮ್"@kn	<https://panlex.org/snapshot/panlex-20191001-csv/2893#110992477>				<https://panlex.org/snapshot/panlex-20191001-csv/2893#110992416>		"calciom"@wa	
"ಬ್ರೋಮಿನ್"@kn	<https://panlex.org/snapshot/panlex-20191001-csv/2893#110993946>				<https://panlex.org/snapshot/panlex-20191001-csv/2893#110993923>		"brôme"@wa	
"ರಂಜಕ"@kn	<https://panlex.org/snapshot/panlex-20191001-csv/2893#110991761>				<https://panlex.org/snapshot/panlex-20191001-csv/2893#110991700>		"fosfôre"@wa	
"ಕಬ್ಬಿಣ"@kn	<https://panlex.org/snapshot/panlex-20191001-csv/2893#110992772>				<https://panlex.org/snapshot/panlex-20191001-csv/2893#110992773>		"fier"@wa	
"ಸಿಲಿಕಾನ್"@kn	<https://panlex.org/snapshot/panlex-20191001-csv/2893#110991597>				<https://panlex.org/snapshot/panlex-20191001-csv/2893#110991591>		"siliciom"@wa	
"ನಿಕ್ಕಲ್"@kn	<https://panlex.org/snapshot/panlex-20191001-csv/2893#110993011>				<https://panlex.org/snapshot/panlex-20191001-csv/2893#110993003>		"nikel"@wa	
"ಲೋಹ"@kn	<https://panlex.org/snapshot/panlex-20191001-csv/2893#110992242>				<https://panlex.org/snapshot/panlex-20191001-csv/2893#110992355>		"potassiom"@wa	
"ತಾಮ್ರ"@kn	<https://panlex.org/snapshot/panlex-20191001-csv/2893#110993333>				<https://panlex.org/snapshot/panlex-20191001-csv/2893#110993298>		"keuve"@wa	
"ಗಂಧಕ"@kn	<https://panlex.org/snapshot/panlex-20191001-csv/2893#110991949>				<https://panlex.org/snapshot/panlex-20191001-csv/2893#110991976>		"shoufe"@wa	
"ಮಣಿಶಿಲೆ"@kn	<https://panlex.org/snapshot/panlex-20191001-csv/2893#110993639>				<https://panlex.org/snapshot/panlex-20191001-csv/2893#110993741>		"årsinik"@wa	
"ಜಲಜನಕ"@kn	<https://panlex.org/snapshot/panlex-20191001-csv/2893#110989396>				<https://panlex.org/snapshot/panlex-20191001-csv/2893#110989368>		"idrodjinne"@wa	
"ಅಯೋಡಿನ್"@kn	<https://panlex.org/snapshot/panlex-20191001-csv/2893#110994592>				<https://panlex.org/snapshot/panlex-20191001-csv/2893#110994607>		"iyode"@wa	
"ಸತುವು"@kn	<https://panlex.org/snapshot/panlex-20191001-csv/2893#110993400>				<https://panlex.org/snapshot/panlex-20191001-csv/2893#110993427>		"zénk"@wa	
"ಕ್ಲೋರಿನ್"@kn	<https://panlex.org/snapshot/panlex-20191001-csv/2893#110992178>				<https://panlex.org/snapshot/panlex-20191001-csv/2893#110992200>		"clôre"@wa	
"ಹೀಲಿಯಮ್"@kn	<https://panlex.org/snapshot/panlex-20191001-csv/2893#110989594>				<https://panlex.org/snapshot/panlex-20191001-csv/2893#110989490>		"eliom"@wa	
"ಅಲ್ಯೂಮಿನಿಯಮ್"@kn	<https://panlex.org/snapshot/panlex-20191001-csv/2893#110991320>				<https://panlex.org/snapshot/panlex-20191001-csv/2893#110991298>		"aluminiom"@wa	
"ಪ್ಲ್ಯಾಟಿನಮ್"@kn	<https://panlex.org/snapshot/panlex-20191001-csv/2893#110995068>				<https://panlex.org/snapshot/panlex-20191001-csv/2893#110995039>		"platene"@wa	
"ಇಂಗಾಲ"@kn	<https://panlex.org/snapshot/panlex-20191001-csv/2893#110989993>				<https://panlex.org/snapshot/panlex-20191001-csv/2893#110989990>		"carbone"@wa	
"ಸೋಡಾ"@kn	<https://panlex.org/snapshot/panlex-20191001-csv/2893#110990934>				<https://panlex.org/snapshot/panlex-20191001-csv/2893#110991032>		"sodiom"@wa	
"ನಿಯಾನ್"@kn	<https://panlex.org/snapshot/panlex-20191001-csv/2893#110990762>				<https://panlex.org/snapshot/panlex-20191001-csv/2893#110990817>		"neyon"@wa	
"ಮ್ಯಾಗ್ನೀಶಿಯಮ್"@kn	<https://panlex.org/snapshot/panlex-20191001-csv/2893#110991119>				<https://panlex.org/snapshot/panlex-20191001-csv/2893#110991222>		"magneziom"@wa	
"ಸೀಸ"@kn	<https://panlex.org/snapshot/panlex-20191001-csv/2893#110995664>				<https://panlex.org/snapshot/panlex-20191001-csv/2893#110995717>		"plonk"@wa	
"ಪಾದರಸ"@kn	<https://panlex.org/snapshot/panlex-20191001-csv/2893#110995496>				<https://panlex.org/snapshot/panlex-20191001-csv/2893#110995423>		"mierkeure"@wa	
"ಆಮ್ಲಜನಕ"@kn	<https://panlex.org/snapshot/panlex-20191001-csv/2893#110990421>				<https://panlex.org/snapshot/panlex-20191001-csv/2893#110990327>		"ocsidjinne"@wa	
"ಬೆಳ್ಳಿ"@kn	<https://panlex.org/snapshot/panlex-20191001-csv/2893#110994132>				<https://panlex.org/snapshot/panlex-20191001-csv/2893#110994063>		"årdjint"@wa	
"ಚಿನ್ನ"@kn	<https://panlex.org/snapshot/panlex-20191001-csv/2893#110995223>				<https://panlex.org/snapshot/panlex-20191001-csv/2893#110995328>		"ôr"@wa	
"ಸಾರಜನಕ"@kn	<https://panlex.org/snapshot/panlex-20191001-csv/2893#110990138>				<https://panlex.org/snapshot/panlex-20191001-csv/2893#110990189>		"azote"@wa	
"ಯುರೇನಿಯಮ್"@kn	<https://panlex.org/snapshot/panlex-20191001-csv/2893#110995824>				<https://panlex.org/snapshot/panlex-20191001-csv/2893#110995877>		"uraniom"@wa	
"ರೆಡ್ ಕ್ರೆಸೆಂಟ್"@kn	<https://panlex.org/snapshot/panlex-20191001-csv/2894#111101724>				<https://panlex.org/snapshot/panlex-20191001-csv/2894#111101811>		"Rodje Crexhant"@wa	
"ವಿಶ್ವಸಂಸ್ಥೆ"@kn	<https://panlex.org/snapshot/panlex-20191001-csv/2894#111101838>				<https://panlex.org/snapshot/panlex-20191001-csv/2894#111101937>		"ONU"@wa	
"ವಿಶ್ವಸಂಸ್ಥೆ"@kn	<https://panlex.org/snapshot/panlex-20191001-csv/2894#111101838>				<https://panlex.org/snapshot/panlex-20191001-csv/2894#111102004>		"Organizåcion des Nåcions Uneyes"@wa	
"ಸಂಯುಕ್ತ ರಾಷ್ಟ್ರ ಸಂಸ್ಥೆ"@kn	<https://panlex.org/snapshot/panlex-20191001-csv/2894#111101911>				<https://panlex.org/snapshot/panlex-20191001-csv/2894#111101937>		"ONU"@wa	
"ಸಂಯುಕ್ತ ರಾಷ್ಟ್ರ ಸಂಸ್ಥೆ"@kn	<https://panlex.org/snapshot/panlex-20191001-csv/2894#111101911>				<https://panlex.org/snapshot/panlex-20191001-csv/2894#111102004>		"Organizåcion des Nåcions Uneyes"@wa	
"ವಿಶ್ವ ಆರೋಗ್ಯ ಸಂಸ್ಥೆ"@kn	<https://panlex.org/snapshot/panlex-20191001-csv/2894#111102469>				<https://panlex.org/snapshot/panlex-20191001-csv/2894#111102488>		"Organizåcion Daegnrece del Santé"@wa	
"ಅಂತರರಾಷ್ಟ್ರೀಯ ಒಲಂಪಿಕ್ ಸಮಿತಿ"@kn	<https://panlex.org/snapshot/panlex-20191001-csv/2894#111100650>				<https://panlex.org/snapshot/panlex-20191001-csv/2894#111100648>		"Comité Olimpike Eternåcionå"@wa	
"ಅರಬ್ ಒಕ್ಕೂಟ"@kn	<https://panlex.org/snapshot/panlex-20191001-csv/2894#111100930>				<https://panlex.org/snapshot/panlex-20191001-csv/2894#111100795>		"Ligue Arabe"@wa	
"ರೆಡ್ ಕ್ರಾಸ್"@kn	<https://panlex.org/snapshot/panlex-20191001-csv/2894#111101556>				<https://panlex.org/snapshot/panlex-20191001-csv/2894#111101620>		"Rodje Croes"@wa	
"ಯುರೋಪಿನ ಒಕ್ಕೂಟ"@kn	<https://panlex.org/snapshot/panlex-20191001-csv/2894#111100199>				<https://panlex.org/snapshot/panlex-20191001-csv/2894#111100366>		"Union Uropeyinne"@wa	
"ನೇಟೊ"@kn	<https://panlex.org/snapshot/panlex-20191001-csv/2894#111101088>				<https://panlex.org/snapshot/panlex-20191001-csv/2894#111101114>		"OTAN"@wa	
"ನೇಟೊ"@kn	<https://panlex.org/snapshot/panlex-20191001-csv/2894#111101088>				<https://panlex.org/snapshot/panlex-20191001-csv/2894#111101075>		"Organizåcion do Traité di l’ Atlantike Nôr"@wa	
"ಉತ್ತರ ಅಟ್ಲಾಂಟಿಕ್ ಒಪ್ಪಂದದ ಸಂಸ್ಥೆ"@kn	<https://panlex.org/snapshot/panlex-20191001-csv/2894#111101053>				<https://panlex.org/snapshot/panlex-20191001-csv/2894#111101114>		"OTAN"@wa	
"ಉತ್ತರ ಅಟ್ಲಾಂಟಿಕ್ ಒಪ್ಪಂದದ ಸಂಸ್ಥೆ"@kn	<https://panlex.org/snapshot/panlex-20191001-csv/2894#111101053>				<https://panlex.org/snapshot/panlex-20191001-csv/2894#111101075>		"Organizåcion do Traité di l’ Atlantike Nôr"@wa	
"ಸೋಮವಾರ"@kn	<https://panlex.org/snapshot/panlex-20191001-csv/2892#110824296>				<https://panlex.org/snapshot/panlex-20191001-csv/2892#110824155>		"londi"@wa	
"ಮಂಗಳವಾರ"@kn	<https://panlex.org/snapshot/panlex-20191001-csv/2892#110824776>				<https://panlex.org/snapshot/panlex-20191001-csv/2892#110824459>		"mårdi"@wa	
"ಬುಧವಾರ"@kn	<https://panlex.org/snapshot/panlex-20191001-csv/2892#110825035>				<https://panlex.org/snapshot/panlex-20191001-csv/2892#110825139>		"mierkidi"@wa	
"ಶುಕ್ರವಾರ"@kn	<https://panlex.org/snapshot/panlex-20191001-csv/2892#110825742>				<https://panlex.org/snapshot/panlex-20191001-csv/2892#110825838>		"vénrdi"@wa	
"ಭಾನುವಾರ"@kn	<https://panlex.org/snapshot/panlex-20191001-csv/2892#110826985>				<https://panlex.org/snapshot/panlex-20191001-csv/2892#110826659>		"dimegne"@wa	
"ಗುರುವಾರ"@kn	<https://panlex.org/snapshot/panlex-20191001-csv/2892#110825302>				<https://panlex.org/snapshot/panlex-20191001-csv/2892#110825368>		"djudi"@wa	
"ಶನಿವಾರ"@kn	<https://panlex.org/snapshot/panlex-20191001-csv/2892#110826290>				<https://panlex.org/snapshot/panlex-20191001-csv/2892#110826453>		"semdi"@wa	
"ಜನವರಿ"@kn	<https://panlex.org/snapshot/panlex-20191001-csv/2897#110827329>				<https://panlex.org/snapshot/panlex-20191001-csv/2897#110827184>		"djanvî"@wa	
"ಜುಲೈ"@kn	<https://panlex.org/snapshot/panlex-20191001-csv/2897#110829744>				<https://panlex.org/snapshot/panlex-20191001-csv/2897#110829773>		"djulete"@wa	
"ಮಾರ್ಚ್"@kn	<https://panlex.org/snapshot/panlex-20191001-csv/2897#110828174>				<https://panlex.org/snapshot/panlex-20191001-csv/2897#110827867>		"måss"@wa	
"ಫೆಬ್ರುವರಿ"@kn	<https://panlex.org/snapshot/panlex-20191001-csv/2897#110827547>				<https://panlex.org/snapshot/panlex-20191001-csv/2897#110827526>		"fevrî"@wa	
"ಮೇ"@kn	<https://panlex.org/snapshot/panlex-20191001-csv/2897#110829041>				<https://panlex.org/snapshot/panlex-20191001-csv/2897#110828733>		"may"@wa	
"ಜೂನ್"@kn	<https://panlex.org/snapshot/panlex-20191001-csv/2897#110829088>				<https://panlex.org/snapshot/panlex-20191001-csv/2897#110829183>		"djun"@wa	
"ಆಗಸ್ಟ್"@kn	<https://panlex.org/snapshot/panlex-20191001-csv/2897#110830028>				<https://panlex.org/snapshot/panlex-20191001-csv/2897#110830261>		"awousse"@wa	
"ನವೆಂಬರ್"@kn	<https://panlex.org/snapshot/panlex-20191001-csv/2897#110831317>				<https://panlex.org/snapshot/panlex-20191001-csv/2897#110831440>		"nôvimbe"@wa	
"ಅಕ್ಟೋಬರ್"@kn	<https://panlex.org/snapshot/panlex-20191001-csv/2897#110830864>				<https://panlex.org/snapshot/panlex-20191001-csv/2897#110830742>		"octôbe"@wa	
"ಏಪ್ರಿಲ್"@kn	<https://panlex.org/snapshot/panlex-20191001-csv/2897#110828501>				<https://panlex.org/snapshot/panlex-20191001-csv/2897#110828384>		"avri"@wa	
"ಸೆಪ್ಟೆಂಬರ್"@kn	<https://panlex.org/snapshot/panlex-20191001-csv/2897#110830691>				<https://panlex.org/snapshot/panlex-20191001-csv/2897#110830585>		"setimbe"@wa	
"ಡಿಸೆಂಬರ್"@kn	<https://panlex.org/snapshot/panlex-20191001-csv/2897#110831811>				<https://panlex.org/snapshot/panlex-20191001-csv/2897#110831624>		"decimbe"@wa	
"ಏಷ್ಯಾ"@kn	<https://panlex.org/snapshot/panlex-20191001-csv/2891#110853843>				<https://panlex.org/snapshot/panlex-20191001-csv/2891#110853945>		"Azeye"@wa	
"ಆಫ್ರಿಕ"@kn	<https://panlex.org/snapshot/panlex-20191001-csv/2891#110853022>				<https://panlex.org/snapshot/panlex-20191001-csv/2891#110853103>		"Afrike"@wa	
"ಎಶಿಯಾ"@kn	<https://panlex.org/snapshot/panlex-20191001-csv/2891#110854020>				<https://panlex.org/snapshot/panlex-20191001-csv/2891#110853945>		"Azeye"@wa	
"ಒಷ್ಯಾನಿಯ"@kn	<https://panlex.org/snapshot/panlex-20191001-csv/2891#110854513>				<https://panlex.org/snapshot/panlex-20191001-csv/2891#110854533>		"Oceyaneye"@wa	
"ಅಮೇರಿಕ"@kn	<https://panlex.org/snapshot/panlex-20191001-csv/2891#110853407>				<https://panlex.org/snapshot/panlex-20191001-csv/2891#110853357>		"Amerike"@wa	
"ಯೂರೋಪ್"@kn	<https://panlex.org/snapshot/panlex-20191001-csv/2891#110854127>				<https://panlex.org/snapshot/panlex-20191001-csv/2891#110854100>		"Urope"@wa	
"ಅಂಟಾರ್ಕ್ಟಿಕ"@kn	<https://panlex.org/snapshot/panlex-20191001-csv/2891#110853654>				<https://panlex.org/snapshot/panlex-20191001-csv/2891#110853617>		"Antartike"@wa	
"ಯುರೋಪ್"@kn	<https://panlex.org/snapshot/panlex-20191001-csv/2891#110854204>				<https://panlex.org/snapshot/panlex-20191001-csv/2891#110854100>		"Urope"@wa	
"ಅಂಟಾರ್ಟಿಕಾ"@kn	<https://panlex.org/snapshot/panlex-20191001-csv/2891#110853592>				<https://panlex.org/snapshot/panlex-20191001-csv/2891#110853617>		"Antartike"@wa	
"ಅಮೇರೀಕಾ"@kn	<https://panlex.org/snapshot/panlex-20191001-csv/2891#110853373>				<https://panlex.org/snapshot/panlex-20191001-csv/2891#110853357>		"Amerike"@wa	
"ದಕ್ಷಿಣದ್ರುವ ಪ್ರದೇಶ"@kn	<https://panlex.org/snapshot/panlex-20191001-csv/2891#110853652>				<https://panlex.org/snapshot/panlex-20191001-csv/2891#110853617>		"Antartike"@wa	
"ಏಷ್ಯ"@kn	<https://panlex.org/snapshot/panlex-20191001-csv/2891#110853831>				<https://panlex.org/snapshot/panlex-20191001-csv/2891#110853945>		"Azeye"@wa	
"ಓಶನಿಯಾ"@kn	<https://panlex.org/snapshot/panlex-20191001-csv/2891#110854396>				<https://panlex.org/snapshot/panlex-20191001-csv/2891#110854533>		"Oceyaneye"@wa	
"ಆಫ್ರಿಕಾ"@kn	<https://panlex.org/snapshot/panlex-20191001-csv/2891#110853122>				<https://panlex.org/snapshot/panlex-20191001-csv/2891#110853103>		"Afrike"@wa	
