"pugu ni pari"@nlg	<https://panlex.org/snapshot/panlex-20191001-csv/114#8057066>				<https://panlex.org/snapshot/panlex-20191001-csv/114#8057158>		"gabug"@syb	
"mandolo"@nlg	<https://panlex.org/snapshot/panlex-20191001-csv/114#8052935>				<https://panlex.org/snapshot/panlex-20191001-csv/114#8053021>		"dlintu"@syb	
"susu"@nlg	<https://panlex.org/snapshot/panlex-20191001-csv/114#8060650>				<https://panlex.org/snapshot/panlex-20191001-csv/114#8060760>		"giddib"@syb	
"susu"@nlg	<https://panlex.org/snapshot/panlex-20191001-csv/114#8060650>				<https://panlex.org/snapshot/panlex-20191001-csv/114#8060759>		"duduq"@syb	
"liu"@nlg	<https://panlex.org/snapshot/panlex-20191001-csv/114#8055560>				<https://panlex.org/snapshot/panlex-20191001-csv/114#8055665>		"bulibud"@syb	
"olo"@nlg	<https://panlex.org/snapshot/panlex-20191001-csv/114#8056076>				<https://panlex.org/snapshot/panlex-20191001-csv/114#8056177>		"lumanguy"@syb	
