"mbeti"@nlg	<https://panlex.org/snapshot/panlex-20191001-csv/12#851085>				<https://panlex.org/snapshot/panlex-20191001-csv/12#850903>		"danum"@emb	
"mandolo"@nlg	<https://panlex.org/snapshot/panlex-20191001-csv/114#8052935>				<https://panlex.org/snapshot/panlex-20191001-csv/114#8052739>		"kato"@emb	
"susu"@nlg	<https://panlex.org/snapshot/panlex-20191001-csv/114#8060650>				<https://panlex.org/snapshot/panlex-20191001-csv/114#8060403>		"susu"@emb	
"liu"@nlg	<https://panlex.org/snapshot/panlex-20191001-csv/114#8055560>				<https://panlex.org/snapshot/panlex-20191001-csv/114#8055354>		"lempaŋ"@emb	
"ahe"@nlg	<https://panlex.org/snapshot/panlex-20191001-csv/114#8062188>				<https://panlex.org/snapshot/panlex-20191001-csv/114#8061995>		"bapik"@emb	
"olo"@nlg	<https://panlex.org/snapshot/panlex-20191001-csv/114#8056076>				<https://panlex.org/snapshot/panlex-20191001-csv/114#8055848>		"arananaŋ"@emb	
"mbeti"@nlg	<https://panlex.org/snapshot/panlex-20191001-csv/11#787685>				<https://panlex.org/snapshot/panlex-20191001-csv/11#787543>		"danum"@emb	
