"Unangax tunuu"@ale	<https://panlex.org/snapshot/panlex-20191001-csv/6708#112317983>				<https://panlex.org/snapshot/panlex-20191001-csv/6708#112317987>		"aléoute"@fr	
"sa-yak"@ale	<https://panlex.org/snapshot/panlex-20191001-csv/5946#84454719>				<https://panlex.org/snapshot/panlex-20191001-csv/5946#84454749>		"poisson"@fr	
"qagaasakuq"@ale	<https://panlex.org/snapshot/panlex-20191001-csv/5946#84436722>				<https://panlex.org/snapshot/panlex-20191001-csv/5946#84436759>		"merci"@fr	
"qagaasakuq"@ale	<https://panlex.org/snapshot/panlex-20191001-csv/5946#84436722>				<https://panlex.org/snapshot/panlex-20191001-csv/5946#84436758>		"je vous remercie"@fr	
"mu-kak"@ale	<https://panlex.org/snapshot/panlex-20191001-csv/5946#84454162>				<https://panlex.org/snapshot/panlex-20191001-csv/5946#84454176>		"farine"@fr	
"tanax̂"@ale	<https://panlex.org/snapshot/panlex-20191001-csv/5949#85309498>				<https://panlex.org/snapshot/panlex-20191001-csv/5949#85309534>		"Terre"@fr	
"iqyax̂"@ale	<https://panlex.org/snapshot/panlex-20191001-csv/3776#91879391>				<https://panlex.org/snapshot/panlex-20191001-csv/3776#91879405>		"kayak"@fr	
"aanasnaadax"@ale	<https://panlex.org/snapshot/panlex-20191001-csv/3776#91579097>				<https://panlex.org/snapshot/panlex-20191001-csv/3776#91579143>		"abeille"@fr	
"slagux"@ale	<https://panlex.org/snapshot/panlex-20191001-csv/3776#91640536>				<https://panlex.org/snapshot/panlex-20191001-csv/3776#91640582>		"vent"@fr	
"ISO 639"@ale	<https://panlex.org/snapshot/panlex-20191001-csv/3776#91881300>				<https://panlex.org/snapshot/panlex-20191001-csv/3776#91881339>		"ISO 639"@fr	
"sagakux"@ale	<https://panlex.org/snapshot/panlex-20191001-csv/3776#91631395>				<https://panlex.org/snapshot/panlex-20191001-csv/3776#91631448>		"faire dodo"@fr	
"sagakux"@ale	<https://panlex.org/snapshot/panlex-20191001-csv/3776#91631395>				<https://panlex.org/snapshot/panlex-20191001-csv/3776#91631447>		"pioncer"@fr	
"sagakux"@ale	<https://panlex.org/snapshot/panlex-20191001-csv/3776#91631395>				<https://panlex.org/snapshot/panlex-20191001-csv/3776#91631446>		"dormir"@fr	
"iĝyax̂"@ale	<https://panlex.org/snapshot/panlex-20191001-csv/3776#91879392>				<https://panlex.org/snapshot/panlex-20191001-csv/3776#91879405>		"kayak"@fr	
"tuzaangas"@ale	<https://panlex.org/snapshot/panlex-20191001-csv/3776#91736192>				<https://panlex.org/snapshot/panlex-20191001-csv/3776#91736221>		"fraise"@fr	
"iyĝax̂"@ale	<https://panlex.org/snapshot/panlex-20191001-csv/3776#91879393>				<https://panlex.org/snapshot/panlex-20191001-csv/3776#91879405>		"kayak"@fr	
"Унаҥам Туну"@ale	<https://panlex.org/snapshot/panlex-20191001-csv/0#107637910>				<https://panlex.org/snapshot/panlex-20191001-csv/0#113809518>		"aléoute"@fr	
