"to poʼyo"@cof	<https://panlex.org/snapshot/panlex-20191001-csv/1573#50082653>				<https://panlex.org/snapshot/panlex-20191001-csv/1573#50082777>		"te"@ona	
"c̷iʼˀde"@cof	<https://panlex.org/snapshot/panlex-20191001-csv/1573#50089981>				<https://panlex.org/snapshot/panlex-20191001-csv/1573#50090097>		"winči"@ona	
"c̷iʼˀde"@cof	<https://panlex.org/snapshot/panlex-20191001-csv/1573#50090229>				<https://panlex.org/snapshot/panlex-20191001-csv/1573#50090353>		"winči"@ona	
"ʔuʼrã to"@cof	<https://panlex.org/snapshot/panlex-20191001-csv/1573#50084197>				<https://panlex.org/snapshot/panlex-20191001-csv/1573#50084365>		"pˀ-è-àri"@ona	
"Φoʼro"@cof	<https://panlex.org/snapshot/panlex-20191001-csv/1573#50085438>				<https://panlex.org/snapshot/panlex-20191001-csv/1573#50085552>		"yahxi"@ona	
"su"@cof	<https://panlex.org/snapshot/panlex-20191001-csv/1573#50090524>				<https://panlex.org/snapshot/panlex-20191001-csv/1573#50090708>		"yahr"@ona	
"heʼlẽ"@cof	<https://panlex.org/snapshot/panlex-20191001-csv/1573#50089690>				<https://panlex.org/snapshot/panlex-20191001-csv/1573#50089823>		"hèrṣḳn"@ona	
"pi"@cof	<https://panlex.org/snapshot/panlex-20191001-csv/1573#50088269>				<https://panlex.org/snapshot/panlex-20191001-csv/1573#50088484>		"šikèʔn"@ona	
"pi"@cof	<https://panlex.org/snapshot/panlex-20191001-csv/1573#50085681>				<https://panlex.org/snapshot/panlex-20191001-csv/1573#50085797>		"čòhwn"@ona	
"i"@cof	<https://panlex.org/snapshot/panlex-20191001-csv/1573#50085937>				<https://panlex.org/snapshot/panlex-20191001-csv/1573#50086039>		"kˀohx"@ona	
"leʼwesa"@cof	<https://panlex.org/snapshot/panlex-20191001-csv/1573#50088665>				<https://panlex.org/snapshot/panlex-20191001-csv/1573#50088753>		"kˀ-è-očerin"@ona	
"luʰʼku"@cof	<https://panlex.org/snapshot/panlex-20191001-csv/1573#50082652>				<https://panlex.org/snapshot/panlex-20191001-csv/1573#50082777>		"te"@ona	
"yo kiˀdo"@cof	<https://panlex.org/snapshot/panlex-20191001-csv/1573#50091085>				<https://panlex.org/snapshot/panlex-20191001-csv/1573#50091191>		"šoʔn"@ona	
"ʼc̷alã"@cof	<https://panlex.org/snapshot/panlex-20191001-csv/1573#50083214>				<https://panlex.org/snapshot/panlex-20191001-csv/1573#50083329>		"šinn"@ona	
"ʼc̷alã"@cof	<https://panlex.org/snapshot/panlex-20191001-csv/1573#50083214>				<https://panlex.org/snapshot/panlex-20191001-csv/1573#50083328>		"teri"@ona	
"wa pi-pi-ʼlu"@cof	<https://panlex.org/snapshot/panlex-20191001-csv/1573#50086917>				<https://panlex.org/snapshot/panlex-20191001-csv/1573#50087022>		"čòhwn"@ona	
"muʼˀdu"@cof	<https://panlex.org/snapshot/panlex-20191001-csv/1573#50089240>				<https://panlex.org/snapshot/panlex-20191001-csv/1573#50089363>		"ḳˀàtn"@ona	
"muʼˀdu"@cof	<https://panlex.org/snapshot/panlex-20191001-csv/1573#50082928>				<https://panlex.org/snapshot/panlex-20191001-csv/1573#50083080>		"tˀàʔ"@ona	
"ˀdu"@cof	<https://panlex.org/snapshot/panlex-20191001-csv/1573#50083506>				<https://panlex.org/snapshot/panlex-20191001-csv/1573#50083689>		"kˀoyin"@ona	
"pi paʼru"@cof	<https://panlex.org/snapshot/panlex-20191001-csv/1573#50089491>				<https://panlex.org/snapshot/panlex-20191001-csv/1573#50089580>		"k-warn"@ona	
"ʼlaʰc̷a"@cof	<https://panlex.org/snapshot/panlex-20191001-csv/1573#50087666>				<https://panlex.org/snapshot/panlex-20191001-csv/1573#50087775>		"weʔy"@ona	
"ʼkõti"@cof	<https://panlex.org/snapshot/panlex-20191001-csv/1573#50084510>				<https://panlex.org/snapshot/panlex-20191001-csv/1573#50084619>		"ḳˀàhr"@ona	
"puʰʼpu"@cof	<https://panlex.org/snapshot/panlex-20191001-csv/1573#50086508>				<https://panlex.org/snapshot/panlex-20191001-csv/1573#50086604>		"wer"@ona	
"pi Φoʼro"@cof	<https://panlex.org/snapshot/panlex-20191001-csv/1573#50088900>				<https://panlex.org/snapshot/panlex-20191001-csv/1573#50089079>		"ḳˀà"@ona	
"to"@cof	<https://panlex.org/snapshot/panlex-20191001-csv/1573#50082015>				<https://panlex.org/snapshot/panlex-20191001-csv/1573#50082163>		"harwn"@ona	
"to"@cof	<https://panlex.org/snapshot/panlex-20191001-csv/1573#50082337>				<https://panlex.org/snapshot/panlex-20191001-csv/1573#50082496>		"harwn"@ona	
"ʼpi-pi-ʼlu"@cof	<https://panlex.org/snapshot/panlex-20191001-csv/1573#50087274>				<https://panlex.org/snapshot/panlex-20191001-csv/1573#50087330>		"waynx"@ona	
"pi Φiʰʼki"@cof	<https://panlex.org/snapshot/panlex-20191001-csv/1573#50085114>				<https://panlex.org/snapshot/panlex-20191001-csv/1573#50085269>		"č-è-awr"@ona	
"pi Φiʰʼki"@cof	<https://panlex.org/snapshot/panlex-20191001-csv/1573#50085114>				<https://panlex.org/snapshot/panlex-20191001-csv/1573#50085268>		"tˀalʔ"@ona	
"piʰʼsa"@cof	<https://panlex.org/snapshot/panlex-20191001-csv/1573#50084730>				<https://panlex.org/snapshot/panlex-20191001-csv/1573#50084831>		"tohrè"@ona	
"piʰʼpa"@cof	<https://panlex.org/snapshot/panlex-20191001-csv/1573#50082929>				<https://panlex.org/snapshot/panlex-20191001-csv/1573#50083080>		"tˀàʔ"@ona	
"laʼyũ to"@cof	<https://panlex.org/snapshot/panlex-20191001-csv/1573#50084196>				<https://panlex.org/snapshot/panlex-20191001-csv/1573#50084365>		"pˀ-è-àri"@ona	
"yo"@cof	<https://panlex.org/snapshot/panlex-20191001-csv/1573#50091336>				<https://panlex.org/snapshot/panlex-20191001-csv/1573#50091449>		"k-re-nn"@ona	
"wa"@cof	<https://panlex.org/snapshot/panlex-20191001-csv/1573#50083903>				<https://panlex.org/snapshot/panlex-20191001-csv/1573#50084036>		"tˀàʔrṣn"@ona	
"wa"@cof	<https://panlex.org/snapshot/panlex-20191001-csv/1573#50083903>				<https://panlex.org/snapshot/panlex-20191001-csv/1573#50084037>		"ḳˀ-è-atrs"@ona	
