"to poʼyo"@cof	<https://panlex.org/snapshot/panlex-20191001-csv/1573#50082653>				<https://panlex.org/snapshot/panlex-20191001-csv/1573#50082733>		"brɨbɨ-si"@kpj	
"c̷iʼˀde"@cof	<https://panlex.org/snapshot/panlex-20191001-csv/1573#50089981>				<https://panlex.org/snapshot/panlex-20191001-csv/1573#50090054>		"ɔwɔru"@kpj	
"ʔuʼrã to"@cof	<https://panlex.org/snapshot/panlex-20191001-csv/1573#50084197>				<https://panlex.org/snapshot/panlex-20191001-csv/1573#50084303>		"bədero"@kpj	
"su"@cof	<https://panlex.org/snapshot/panlex-20191001-csv/1573#50090524>				<https://panlex.org/snapshot/panlex-20191001-csv/1573#50090639>		"mɨna"@kpj	
"heʼlẽ"@cof	<https://panlex.org/snapshot/panlex-20191001-csv/1573#50089690>				<https://panlex.org/snapshot/panlex-20191001-csv/1573#50089776>		"bədiu"@kpj	
"pi"@cof	<https://panlex.org/snapshot/panlex-20191001-csv/1573#50088269>				<https://panlex.org/snapshot/panlex-20191001-csv/1573#50088409>		"teɨ"@kpj	
"pi"@cof	<https://panlex.org/snapshot/panlex-20191001-csv/1573#50088269>				<https://panlex.org/snapshot/panlex-20191001-csv/1573#50088408>		"be-ro"@kpj	
"pi"@cof	<https://panlex.org/snapshot/panlex-20191001-csv/1573#50088269>				<https://panlex.org/snapshot/panlex-20191001-csv/1573#50088410>		"əsetere"@kpj	
"pi"@cof	<https://panlex.org/snapshot/panlex-20191001-csv/1573#50085681>				<https://panlex.org/snapshot/panlex-20191001-csv/1573#50085752>		"be"@kpj	
"pi"@cof	<https://panlex.org/snapshot/panlex-20191001-csv/1573#50085681>				<https://panlex.org/snapshot/panlex-20191001-csv/1573#50085753>		"bera"@kpj	
"luʰʼku"@cof	<https://panlex.org/snapshot/panlex-20191001-csv/1573#50082652>				<https://panlex.org/snapshot/panlex-20191001-csv/1573#50082733>		"brɨbɨ-si"@kpj	
"yo kiˀdo"@cof	<https://panlex.org/snapshot/panlex-20191001-csv/1573#50091085>				<https://panlex.org/snapshot/panlex-20191001-csv/1573#50091156>		"biu-wetɔkɨ"@kpj	
"ʼc̷alã"@cof	<https://panlex.org/snapshot/panlex-20191001-csv/1573#50083214>				<https://panlex.org/snapshot/panlex-20191001-csv/1573#50083282>		"ɨ̃nɨra"@kpj	
"wa pi-pi-ʼlu"@cof	<https://panlex.org/snapshot/panlex-20191001-csv/1573#50086917>				<https://panlex.org/snapshot/panlex-20191001-csv/1573#50086985>		"sɨraru"@kpj	
"wa pi-pi-ʼlu"@cof	<https://panlex.org/snapshot/panlex-20191001-csv/1573#50086917>				<https://panlex.org/snapshot/panlex-20191001-csv/1573#50086984>		"aho"@kpj	
"muʼˀdu"@cof	<https://panlex.org/snapshot/panlex-20191001-csv/1573#50082928>				<https://panlex.org/snapshot/panlex-20191001-csv/1573#50083023>		"su-bərɔrɔ"@kpj	
"ˀdu"@cof	<https://panlex.org/snapshot/panlex-20191001-csv/1573#50083506>				<https://panlex.org/snapshot/panlex-20191001-csv/1573#50083628>		"hãwãlɔ"@kpj	
"ʼlaʰc̷a"@cof	<https://panlex.org/snapshot/panlex-20191001-csv/1573#50087666>				<https://panlex.org/snapshot/panlex-20191001-csv/1573#50087733>		"əbɔ"@kpj	
"to"@cof	<https://panlex.org/snapshot/panlex-20191001-csv/1573#50082015>				<https://panlex.org/snapshot/panlex-20191001-csv/1573#50082111>		"su"@kpj	
"to"@cof	<https://panlex.org/snapshot/panlex-20191001-csv/1573#50081748>				<https://panlex.org/snapshot/panlex-20191001-csv/1573#50081823>		"bəde"@kpj	
"to"@cof	<https://panlex.org/snapshot/panlex-20191001-csv/1573#50082337>				<https://panlex.org/snapshot/panlex-20191001-csv/1573#50082441>		"tɨti"@kpj	
"pi Φiʰʼki"@cof	<https://panlex.org/snapshot/panlex-20191001-csv/1573#50085114>				<https://panlex.org/snapshot/panlex-20191001-csv/1573#50085218>		"iǰəti"@kpj	
"piʰʼpa"@cof	<https://panlex.org/snapshot/panlex-20191001-csv/1573#50082929>				<https://panlex.org/snapshot/panlex-20191001-csv/1573#50083023>		"su-bərɔrɔ"@kpj	
"laʼyũ to"@cof	<https://panlex.org/snapshot/panlex-20191001-csv/1573#50084196>				<https://panlex.org/snapshot/panlex-20191001-csv/1573#50084303>		"bədero"@kpj	
"yo"@cof	<https://panlex.org/snapshot/panlex-20191001-csv/1573#50091336>				<https://panlex.org/snapshot/panlex-20191001-csv/1573#50091411>		"čuu"@kpj	
"wa"@cof	<https://panlex.org/snapshot/panlex-20191001-csv/1573#50083903>				<https://panlex.org/snapshot/panlex-20191001-csv/1573#50083987>		"iǰoti"@kpj	
