"se"@cof	<https://panlex.org/snapshot/panlex-20191001-csv/1573#50086152>				<https://panlex.org/snapshot/panlex-20191001-csv/1573#50086211>		"гъарди этаб"@kpt	
"se"@cof	<https://panlex.org/snapshot/panlex-20191001-csv/1573#50086152>				<https://panlex.org/snapshot/panlex-20191001-csv/1573#50086210>		"гъардир итаб"@kpt	
"to poʼyo"@cof	<https://panlex.org/snapshot/panlex-20191001-csv/1573#50082653>				<https://panlex.org/snapshot/panlex-20191001-csv/1573#50082735>		"хІури"@kpt	
"to poʼyo"@cof	<https://panlex.org/snapshot/panlex-20191001-csv/1573#50082653>				<https://panlex.org/snapshot/panlex-20191001-csv/1573#50082734>		"хІуре"@kpt	
"c̷iʼˀde"@cof	<https://panlex.org/snapshot/panlex-20191001-csv/1573#50089981>				<https://panlex.org/snapshot/panlex-20191001-csv/1573#50090055>		"роша"@kpt	
"c̷iʼˀde"@cof	<https://panlex.org/snapshot/panlex-20191001-csv/1573#50089981>				<https://panlex.org/snapshot/panlex-20191001-csv/1573#50090056>		"рухьʼа"@kpt	
"c̷iʼˀde"@cof	<https://panlex.org/snapshot/panlex-20191001-csv/1573#50090229>				<https://panlex.org/snapshot/panlex-20191001-csv/1573#50090311>		"гьуди"@kpt	
"c̷iʼˀde"@cof	<https://panlex.org/snapshot/panlex-20191001-csv/1573#50090229>				<https://panlex.org/snapshot/panlex-20191001-csv/1573#50090312>		"цІули"@kpt	
"c̷iʼˀde"@cof	<https://panlex.org/snapshot/panlex-20191001-csv/1573#50090229>				<https://panlex.org/snapshot/panlex-20191001-csv/1573#50090310>		"лъуда"@kpt	
"ʔuʼrã to"@cof	<https://panlex.org/snapshot/panlex-20191001-csv/1573#50084197>				<https://panlex.org/snapshot/panlex-20191001-csv/1573#50084305>		"хуре"@kpt	
"ʔuʼrã to"@cof	<https://panlex.org/snapshot/panlex-20191001-csv/1573#50084197>				<https://panlex.org/snapshot/panlex-20191001-csv/1573#50084306>		"авлахъ"@kpt	
"ʔuʼrã to"@cof	<https://panlex.org/snapshot/panlex-20191001-csv/1573#50084197>				<https://panlex.org/snapshot/panlex-20191001-csv/1573#50084307>		"беданлъири"@kpt	
"ʔuʼrã to"@cof	<https://panlex.org/snapshot/panlex-20191001-csv/1573#50084197>				<https://panlex.org/snapshot/panlex-20191001-csv/1573#50084304>		"авлахъ"@kpt	
"ʔuʼrã to"@cof	<https://panlex.org/snapshot/panlex-20191001-csv/1573#50084197>				<https://panlex.org/snapshot/panlex-20191001-csv/1573#50084308>		"гьур"@kpt	
"Φoʼro"@cof	<https://panlex.org/snapshot/panlex-20191001-csv/1573#50085438>				<https://panlex.org/snapshot/panlex-20191001-csv/1573#50085514>		"нохъу"@kpt	
"Φoʼro"@cof	<https://panlex.org/snapshot/panlex-20191001-csv/1573#50085438>				<https://panlex.org/snapshot/panlex-20191001-csv/1573#50085515>		"речІчІа"@kpt	
"Φoʼro"@cof	<https://panlex.org/snapshot/panlex-20191001-csv/1573#50085438>				<https://panlex.org/snapshot/panlex-20191001-csv/1573#50085513>		"реч̅Іа"@kpt	
"su"@cof	<https://panlex.org/snapshot/panlex-20191001-csv/1573#50090524>				<https://panlex.org/snapshot/panlex-20191001-csv/1573#50090640>		"аᴴча"@kpt	
"su"@cof	<https://panlex.org/snapshot/panlex-20191001-csv/1573#50090524>				<https://panlex.org/snapshot/panlex-20191001-csv/1573#50090645>		"хъитІи"@kpt	
"su"@cof	<https://panlex.org/snapshot/panlex-20191001-csv/1573#50090524>				<https://panlex.org/snapshot/panlex-20191001-csv/1573#50090644>		"хъинси"@kpt	
"su"@cof	<https://panlex.org/snapshot/panlex-20191001-csv/1573#50090524>				<https://panlex.org/snapshot/panlex-20191001-csv/1573#50090642>		"гІанча"@kpt	
"su"@cof	<https://panlex.org/snapshot/panlex-20191001-csv/1573#50090524>				<https://panlex.org/snapshot/panlex-20191001-csv/1573#50090643>		"кьури"@kpt	
"su"@cof	<https://panlex.org/snapshot/panlex-20191001-csv/1573#50090524>				<https://panlex.org/snapshot/panlex-20191001-csv/1573#50090641>		"кьеда"@kpt	
"heʼlẽ"@cof	<https://panlex.org/snapshot/panlex-20191001-csv/1573#50089690>				<https://panlex.org/snapshot/panlex-20191001-csv/1573#50089777>		"рохьо"@kpt	
"heʼlẽ"@cof	<https://panlex.org/snapshot/panlex-20191001-csv/1573#50089690>				<https://panlex.org/snapshot/panlex-20191001-csv/1573#50089779>		"рохьу"@kpt	
"heʼlẽ"@cof	<https://panlex.org/snapshot/panlex-20191001-csv/1573#50089690>				<https://panlex.org/snapshot/panlex-20191001-csv/1573#50089778>		"парси"@kpt	
"pi"@cof	<https://panlex.org/snapshot/panlex-20191001-csv/1573#50088269>				<https://panlex.org/snapshot/panlex-20191001-csv/1573#50088412>		"щвалйа"@kpt	
"pi"@cof	<https://panlex.org/snapshot/panlex-20191001-csv/1573#50088269>				<https://panlex.org/snapshot/panlex-20191001-csv/1573#50088415>		"иᴴхи"@kpt	
"pi"@cof	<https://panlex.org/snapshot/panlex-20191001-csv/1573#50088269>				<https://panlex.org/snapshot/panlex-20191001-csv/1573#50088411>		"лъерс̅а"@kpt	
"pi"@cof	<https://panlex.org/snapshot/panlex-20191001-csv/1573#50088269>				<https://panlex.org/snapshot/panlex-20191001-csv/1573#50088414>		"гьерса"@kpt	
"pi"@cof	<https://panlex.org/snapshot/panlex-20191001-csv/1573#50088269>				<https://panlex.org/snapshot/panlex-20191001-csv/1573#50088413>		"эᴴх̅е"@kpt	
"pi"@cof	<https://panlex.org/snapshot/panlex-20191001-csv/1573#50085681>				<https://panlex.org/snapshot/panlex-20191001-csv/1573#50085755>		"лълъим"@kpt	
"pi"@cof	<https://panlex.org/snapshot/panlex-20191001-csv/1573#50085681>				<https://panlex.org/snapshot/panlex-20191001-csv/1573#50085754>		"лълъеᴴй"@kpt	
"i"@cof	<https://panlex.org/snapshot/panlex-20191001-csv/1573#50085937>				<https://panlex.org/snapshot/panlex-20191001-csv/1573#50085998>		"релъа"@kpt	
"i"@cof	<https://panlex.org/snapshot/panlex-20191001-csv/1573#50085937>				<https://panlex.org/snapshot/panlex-20191001-csv/1573#50085999>		"релъа"@kpt	
"leʼwesa"@cof	<https://panlex.org/snapshot/panlex-20191001-csv/1573#50088665>				<https://panlex.org/snapshot/panlex-20191001-csv/1573#50088724>		"лъим сордуб макІа"@kpt	
"leʼwesa"@cof	<https://panlex.org/snapshot/panlex-20191001-csv/1573#50088665>				<https://panlex.org/snapshot/panlex-20191001-csv/1573#50088723>		"лълъеᴴй с̅орер"@kpt	
"luʰʼku"@cof	<https://panlex.org/snapshot/panlex-20191001-csv/1573#50082652>				<https://panlex.org/snapshot/panlex-20191001-csv/1573#50082735>		"хІури"@kpt	
"luʰʼku"@cof	<https://panlex.org/snapshot/panlex-20191001-csv/1573#50082652>				<https://panlex.org/snapshot/panlex-20191001-csv/1573#50082734>		"хІуре"@kpt	
"yo kiˀdo"@cof	<https://panlex.org/snapshot/panlex-20191001-csv/1573#50091085>				<https://panlex.org/snapshot/panlex-20191001-csv/1573#50091158>		"рехьин"@kpt	
"yo kiˀdo"@cof	<https://panlex.org/snapshot/panlex-20191001-csv/1573#50091085>				<https://panlex.org/snapshot/panlex-20191001-csv/1573#50091157>		"решин"@kpt	
"ʼc̷alã"@cof	<https://panlex.org/snapshot/panlex-20191001-csv/1573#50083214>				<https://panlex.org/snapshot/panlex-20191001-csv/1573#50083283>		"соро"@kpt	
"ʼc̷alã"@cof	<https://panlex.org/snapshot/panlex-20191001-csv/1573#50083214>				<https://panlex.org/snapshot/panlex-20191001-csv/1573#50083284>		"сали"@kpt	
"wa pi-pi-ʼlu"@cof	<https://panlex.org/snapshot/panlex-20191001-csv/1573#50086917>				<https://panlex.org/snapshot/panlex-20191001-csv/1573#50086986>		"игьвар"@kpt	
"wa pi-pi-ʼlu"@cof	<https://panlex.org/snapshot/panlex-20191001-csv/1573#50086917>				<https://panlex.org/snapshot/panlex-20191001-csv/1573#50086987>		"игьур"@kpt	
"muʼˀdu"@cof	<https://panlex.org/snapshot/panlex-20191001-csv/1573#50089240>				<https://panlex.org/snapshot/panlex-20191001-csv/1573#50089328>		"хьʼацІу"@kpt	
"muʼˀdu"@cof	<https://panlex.org/snapshot/panlex-20191001-csv/1573#50089240>				<https://panlex.org/snapshot/panlex-20191001-csv/1573#50089327>		"хьуц̅Іе"@kpt	
"muʼˀdu"@cof	<https://panlex.org/snapshot/panlex-20191001-csv/1573#50082928>				<https://panlex.org/snapshot/panlex-20191001-csv/1573#50083025>		"хІари"@kpt	
"muʼˀdu"@cof	<https://panlex.org/snapshot/panlex-20191001-csv/1573#50082928>				<https://panlex.org/snapshot/panlex-20191001-csv/1573#50083024>		"ц̅Іерти"@kpt	
"ˀdu"@cof	<https://panlex.org/snapshot/panlex-20191001-csv/1573#50083506>				<https://panlex.org/snapshot/panlex-20191001-csv/1573#50083632>		"гьангъу"@kpt	
"ˀdu"@cof	<https://panlex.org/snapshot/panlex-20191001-csv/1573#50083506>				<https://panlex.org/snapshot/panlex-20191001-csv/1573#50083631>		"беса"@kpt	
"ˀdu"@cof	<https://panlex.org/snapshot/panlex-20191001-csv/1573#50083506>				<https://panlex.org/snapshot/panlex-20191001-csv/1573#50083630>		"кьеда"@kpt	
"ˀdu"@cof	<https://panlex.org/snapshot/panlex-20191001-csv/1573#50083506>				<https://panlex.org/snapshot/panlex-20191001-csv/1573#50083629>		"гьаᴴда"@kpt	
"pi paʼru"@cof	<https://panlex.org/snapshot/panlex-20191001-csv/1573#50089491>				<https://panlex.org/snapshot/panlex-20191001-csv/1573#50089552>		"лъим чвахидуб макІа"@kpt	
"pi paʼru"@cof	<https://panlex.org/snapshot/panlex-20191001-csv/1573#50089491>				<https://panlex.org/snapshot/panlex-20191001-csv/1573#50089551>		"коре"@kpt	
"ʼlaʰc̷a"@cof	<https://panlex.org/snapshot/panlex-20191001-csv/1573#50087666>				<https://panlex.org/snapshot/panlex-20191001-csv/1573#50087735>		"карачел"@kpt	
"ʼlaʰc̷a"@cof	<https://panlex.org/snapshot/panlex-20191001-csv/1573#50087666>				<https://panlex.org/snapshot/panlex-20191001-csv/1573#50087734>		"гаречан"@kpt	
"ʼkõti"@cof	<https://panlex.org/snapshot/panlex-20191001-csv/1573#50084510>				<https://panlex.org/snapshot/panlex-20191001-csv/1573#50084582>		"гІатІилъер"@kpt	
"ʼkõti"@cof	<https://panlex.org/snapshot/panlex-20191001-csv/1573#50084510>				<https://panlex.org/snapshot/panlex-20191001-csv/1573#50084581>		"байдан"@kpt	
"ʼkõti"@cof	<https://panlex.org/snapshot/panlex-20191001-csv/1573#50084510>				<https://panlex.org/snapshot/panlex-20191001-csv/1573#50084583>		"авлахъ"@kpt	
"ʔowoʼwo"@cof	<https://panlex.org/snapshot/panlex-20191001-csv/1573#50086153>				<https://panlex.org/snapshot/panlex-20191001-csv/1573#50086211>		"гъарди этаб"@kpt	
"ʔowoʼwo"@cof	<https://panlex.org/snapshot/panlex-20191001-csv/1573#50086153>				<https://panlex.org/snapshot/panlex-20191001-csv/1573#50086210>		"гъардир итаб"@kpt	
"puʰʼpu"@cof	<https://panlex.org/snapshot/panlex-20191001-csv/1573#50086508>				<https://panlex.org/snapshot/panlex-20191001-csv/1573#50086568>		"пале"@kpt	
"puʰʼpu"@cof	<https://panlex.org/snapshot/panlex-20191001-csv/1573#50086508>				<https://panlex.org/snapshot/panlex-20191001-csv/1573#50086569>		"пала"@kpt	
"to we-no"@cof	<https://panlex.org/snapshot/panlex-20191001-csv/1573#50090886>				<https://panlex.org/snapshot/panlex-20191001-csv/1573#50090948>		"дунйал абатири"@kpt	
"to we-no"@cof	<https://panlex.org/snapshot/panlex-20191001-csv/1573#50090886>				<https://panlex.org/snapshot/panlex-20191001-csv/1573#50090947>		"гъалмиса"@kpt	
"pi Φoʼro"@cof	<https://panlex.org/snapshot/panlex-20191001-csv/1573#50088900>				<https://panlex.org/snapshot/panlex-20191001-csv/1573#50089020>		"хІавуз"@kpt	
"pi Φoʼro"@cof	<https://panlex.org/snapshot/panlex-20191001-csv/1573#50088900>				<https://panlex.org/snapshot/panlex-20191001-csv/1573#50089021>		"иᴴци"@kpt	
"pi Φoʼro"@cof	<https://panlex.org/snapshot/panlex-20191001-csv/1573#50088900>				<https://panlex.org/snapshot/panlex-20191001-csv/1573#50089022>		"къулгІа"@kpt	
"pi Φoʼro"@cof	<https://panlex.org/snapshot/panlex-20191001-csv/1573#50088900>				<https://panlex.org/snapshot/panlex-20191001-csv/1573#50089019>		"иᴴц̅е"@kpt	
"to"@cof	<https://panlex.org/snapshot/panlex-20191001-csv/1573#50082015>				<https://panlex.org/snapshot/panlex-20191001-csv/1573#50082112>		"улка"@kpt	
"to"@cof	<https://panlex.org/snapshot/panlex-20191001-csv/1573#50082015>				<https://panlex.org/snapshot/panlex-20191001-csv/1573#50082114>		"гІуᴴши"@kpt	
"to"@cof	<https://panlex.org/snapshot/panlex-20191001-csv/1573#50082015>				<https://panlex.org/snapshot/panlex-20191001-csv/1573#50082115>		"пачалихъ"@kpt	
"to"@cof	<https://panlex.org/snapshot/panlex-20191001-csv/1573#50082015>				<https://panlex.org/snapshot/panlex-20191001-csv/1573#50082113>		"хІукмат"@kpt	
"to"@cof	<https://panlex.org/snapshot/panlex-20191001-csv/1573#50081748>				<https://panlex.org/snapshot/panlex-20191001-csv/1573#50081825>		"дунйал"@kpt	
"to"@cof	<https://panlex.org/snapshot/panlex-20191001-csv/1573#50081748>				<https://panlex.org/snapshot/panlex-20191001-csv/1573#50081824>		"дунйал"@kpt	
"to"@cof	<https://panlex.org/snapshot/panlex-20191001-csv/1573#50082337>				<https://panlex.org/snapshot/panlex-20191001-csv/1573#50082442>		"уᴴщи"@kpt	
"to"@cof	<https://panlex.org/snapshot/panlex-20191001-csv/1573#50082337>				<https://panlex.org/snapshot/panlex-20191001-csv/1573#50082443>		"гІуᴴши"@kpt	
"pi Φiʰʼki"@cof	<https://panlex.org/snapshot/panlex-20191001-csv/1573#50085114>				<https://panlex.org/snapshot/panlex-20191001-csv/1573#50085220>		"релъа регІайкьІас̅"@kpt	
"pi Φiʰʼki"@cof	<https://panlex.org/snapshot/panlex-20191001-csv/1573#50085114>				<https://panlex.org/snapshot/panlex-20191001-csv/1573#50085221>		"регІил"@kpt	
"pi Φiʰʼki"@cof	<https://panlex.org/snapshot/panlex-20191001-csv/1573#50085114>				<https://panlex.org/snapshot/panlex-20191001-csv/1573#50085219>		"макІва"@kpt	
"piʰʼsa"@cof	<https://panlex.org/snapshot/panlex-20191001-csv/1573#50084730>				<https://panlex.org/snapshot/panlex-20191001-csv/1573#50084798>		"чІинкІиллъири"@kpt	
"piʰʼsa"@cof	<https://panlex.org/snapshot/panlex-20191001-csv/1573#50084730>				<https://panlex.org/snapshot/panlex-20191001-csv/1573#50084797>		"чІиᴴкІиллъер"@kpt	
"piʰʼpa"@cof	<https://panlex.org/snapshot/panlex-20191001-csv/1573#50082929>				<https://panlex.org/snapshot/panlex-20191001-csv/1573#50083025>		"хІари"@kpt	
"piʰʼpa"@cof	<https://panlex.org/snapshot/panlex-20191001-csv/1573#50082929>				<https://panlex.org/snapshot/panlex-20191001-csv/1573#50083024>		"ц̅Іерти"@kpt	
"laʼyũ to"@cof	<https://panlex.org/snapshot/panlex-20191001-csv/1573#50084196>				<https://panlex.org/snapshot/panlex-20191001-csv/1573#50084305>		"хуре"@kpt	
"laʼyũ to"@cof	<https://panlex.org/snapshot/panlex-20191001-csv/1573#50084196>				<https://panlex.org/snapshot/panlex-20191001-csv/1573#50084306>		"авлахъ"@kpt	
"laʼyũ to"@cof	<https://panlex.org/snapshot/panlex-20191001-csv/1573#50084196>				<https://panlex.org/snapshot/panlex-20191001-csv/1573#50084307>		"беданлъири"@kpt	
"laʼyũ to"@cof	<https://panlex.org/snapshot/panlex-20191001-csv/1573#50084196>				<https://panlex.org/snapshot/panlex-20191001-csv/1573#50084304>		"авлахъ"@kpt	
"laʼyũ to"@cof	<https://panlex.org/snapshot/panlex-20191001-csv/1573#50084196>				<https://panlex.org/snapshot/panlex-20191001-csv/1573#50084308>		"гьур"@kpt	
"yo"@cof	<https://panlex.org/snapshot/panlex-20191001-csv/1573#50091336>				<https://panlex.org/snapshot/panlex-20191001-csv/1573#50091413>		"милъи"@kpt	
"yo"@cof	<https://panlex.org/snapshot/panlex-20191001-csv/1573#50091336>				<https://panlex.org/snapshot/panlex-20191001-csv/1573#50091412>		"милъе"@kpt	
"wa"@cof	<https://panlex.org/snapshot/panlex-20191001-csv/1573#50083903>				<https://panlex.org/snapshot/panlex-20191001-csv/1573#50083991>		"ретІури"@kpt	
"wa"@cof	<https://panlex.org/snapshot/panlex-20191001-csv/1573#50083903>				<https://panlex.org/snapshot/panlex-20191001-csv/1573#50083989>		"кьеда"@kpt	
"wa"@cof	<https://panlex.org/snapshot/panlex-20191001-csv/1573#50083903>				<https://panlex.org/snapshot/panlex-20191001-csv/1573#50083990>		"кьури"@kpt	
"wa"@cof	<https://panlex.org/snapshot/panlex-20191001-csv/1573#50083903>				<https://panlex.org/snapshot/panlex-20191001-csv/1573#50083988>		"к̅Іале"@kpt	
"la-no"@cof	<https://panlex.org/snapshot/panlex-20191001-csv/1573#50086334>				<https://panlex.org/snapshot/panlex-20191001-csv/1573#50086390>		"абатабах"@kpt	
"la-no"@cof	<https://panlex.org/snapshot/panlex-20191001-csv/1573#50086334>				<https://panlex.org/snapshot/panlex-20191001-csv/1573#50086389>		"гьалагоб"@kpt	
