"matu"@erk	<https://panlex.org/snapshot/panlex-20191001-csv/114#8052746>				<https://panlex.org/snapshot/panlex-20191001-csv/114#8052663>		"tuʔúh"@akl	
"ntak"@erk	<https://panlex.org/snapshot/panlex-20191001-csv/114#8057863>				<https://panlex.org/snapshot/panlex-20191001-csv/114#8057773>		"likúd"@akl	
"waf"@erk	<https://panlex.org/snapshot/panlex-20191001-csv/114#8055855>				<https://panlex.org/snapshot/panlex-20191001-csv/114#8055758>		"ɣaŋúy"@akl	
"nago"@erk	<https://panlex.org/snapshot/panlex-20191001-csv/114#8065145>				<https://panlex.org/snapshot/panlex-20191001-csv/114#8065042>		"ʔilúŋ"@akl	
"nap̃el"@erk	<https://panlex.org/snapshot/panlex-20191001-csv/114#8058374>				<https://panlex.org/snapshot/panlex-20191001-csv/114#8058272>		"tiyán"@akl	
"nra"@erk	<https://panlex.org/snapshot/panlex-20191001-csv/114#8062979>				<https://panlex.org/snapshot/panlex-20191001-csv/114#8062882>		"dugúʔ"@akl	
"nalo"@erk	<https://panlex.org/snapshot/panlex-20191001-csv/114#8056872>				<https://panlex.org/snapshot/panlex-20191001-csv/114#8056794>		"taputapúh"@akl	
"mtak"@erk	<https://panlex.org/snapshot/panlex-20191001-csv/114#8062469>				<https://panlex.org/snapshot/panlex-20191001-csv/114#8062377>		"hádluk"@akl	
"ntawot"@erk	<https://panlex.org/snapshot/panlex-20191001-csv/114#8058931>				<https://panlex.org/snapshot/panlex-20191001-csv/114#8058837>		"túɣʔan"@akl	
