"nai"@erk	<https://panlex.org/snapshot/panlex-20191001-csv/12#850907>				<https://panlex.org/snapshot/panlex-20191001-csv/12#851054>		"bai"@mnv	
"waf"@erk	<https://panlex.org/snapshot/panlex-20191001-csv/114#8055855>				<https://panlex.org/snapshot/panlex-20191001-csv/114#8056026>		"kakau"@mnv	
"nago"@erk	<https://panlex.org/snapshot/panlex-20191001-csv/114#8065145>				<https://panlex.org/snapshot/panlex-20191001-csv/114#8065320>		"isu-"@mnv	
"nap̃el"@erk	<https://panlex.org/snapshot/panlex-20191001-csv/114#8058374>				<https://panlex.org/snapshot/panlex-20191001-csv/114#8058554>		"manaba"@mnv	
"nra"@erk	<https://panlex.org/snapshot/panlex-20191001-csv/114#8062979>				<https://panlex.org/snapshot/panlex-20191001-csv/114#8063145>		"toto"@mnv	
"mtak"@erk	<https://panlex.org/snapshot/panlex-20191001-csv/114#8062469>				<https://panlex.org/snapshot/panlex-20191001-csv/114#8062648>		"mataku"@mnv	
"ntawot"@erk	<https://panlex.org/snapshot/panlex-20191001-csv/114#8058931>				<https://panlex.org/snapshot/panlex-20191001-csv/114#8059094>		"ibi"@mnv	
