"wika"@tl	<https://panlex.org/snapshot/panlex-20191001-csv/2129#11694381>				<https://panlex.org/snapshot/panlex-20191001-csv/2129#11694327>		"ndinga"@kg	
"Polonya"@tl	<https://panlex.org/snapshot/panlex-20191001-csv/5947#84607846>				<https://panlex.org/snapshot/panlex-20191001-csv/5947#84607771>		"Pologne"@kg	
"Daigdig"@tl	<https://panlex.org/snapshot/panlex-20191001-csv/5940#81310824>				<https://panlex.org/snapshot/panlex-20191001-csv/5940#81310786>		"Ntoto"@kg	
"patatas"@tl	<https://panlex.org/snapshot/panlex-20191001-csv/5940#81350777>				<https://panlex.org/snapshot/panlex-20191001-csv/5940#81350735>		"mbala"@kg	
"Tsina"@tl	<https://panlex.org/snapshot/panlex-20191001-csv/5939#80773607>				<https://panlex.org/snapshot/panlex-20191001-csv/5939#80773573>		"Sina"@kg	
"ilog"@tl	<https://panlex.org/snapshot/panlex-20191001-csv/5939#80818655>				<https://panlex.org/snapshot/panlex-20191001-csv/5939#80818609>		"mubu"@kg	
"Unyong Aprikano"@tl	<https://panlex.org/snapshot/panlex-20191001-csv/5939#80709015>				<https://panlex.org/snapshot/panlex-20191001-csv/5939#80708997>		"Kimvuka ya Afelika"@kg	
"Guinea"@tl	<https://panlex.org/snapshot/panlex-20191001-csv/5949#85306179>				<https://panlex.org/snapshot/panlex-20191001-csv/5949#85306155>		"Ginea"@kg	
"Gabon"@tl	<https://panlex.org/snapshot/panlex-20191001-csv/5949#85305726>				<https://panlex.org/snapshot/panlex-20191001-csv/5949#85305687>		"Ngabu"@kg	
"Bibliya"@tl	<https://panlex.org/snapshot/panlex-20191001-csv/5949#85302801>				<https://panlex.org/snapshot/panlex-20191001-csv/5949#85302721>		"Biblia"@kg	
"Russia"@tl	<https://panlex.org/snapshot/panlex-20191001-csv/5949#85319611>				<https://panlex.org/snapshot/panlex-20191001-csv/5949#85319514>		"Rusia"@kg	
"Turkiya"@tl	<https://panlex.org/snapshot/panlex-20191001-csv/5949#85322600>				<https://panlex.org/snapshot/panlex-20191001-csv/5949#85322541>		"Turki"@kg	
"Latbiya"@tl	<https://panlex.org/snapshot/panlex-20191001-csv/5949#85314388>				<https://panlex.org/snapshot/panlex-20191001-csv/5949#85314314>		"Latvia"@kg	
"Australia"@tl	<https://panlex.org/snapshot/panlex-20191001-csv/5949#85298240>				<https://panlex.org/snapshot/panlex-20191001-csv/5949#85298164>		"Australia"@kg	
"Portugal"@tl	<https://panlex.org/snapshot/panlex-20191001-csv/5949#85318854>				<https://panlex.org/snapshot/panlex-20191001-csv/5949#85318819>		"Portugal"@kg	
"Australya"@tl	<https://panlex.org/snapshot/panlex-20191001-csv/5949#85298239>				<https://panlex.org/snapshot/panlex-20191001-csv/5949#85298164>		"Australia"@kg	
"dagat"@tl	<https://panlex.org/snapshot/panlex-20191001-csv/5942#83283279>				<https://panlex.org/snapshot/panlex-20191001-csv/5942#83283225>		"kalunga"@kg	
"Hesus"@tl	<https://panlex.org/snapshot/panlex-20191001-csv/5943#83289603>				<https://panlex.org/snapshot/panlex-20191001-csv/5943#83289556>		"Yesu"@kg	
"lángaw"@tl	<https://panlex.org/snapshot/panlex-20191001-csv/5943#83359871>				<https://panlex.org/snapshot/panlex-20191001-csv/5943#83359853>		"nianzi"@kg	
"alapáap"@tl	<https://panlex.org/snapshot/panlex-20191001-csv/5943#83399234>				<https://panlex.org/snapshot/panlex-20191001-csv/5943#83399204>		"matuti"@kg	
"úlap"@tl	<https://panlex.org/snapshot/panlex-20191001-csv/5943#83399235>				<https://panlex.org/snapshot/panlex-20191001-csv/5943#83399204>		"matuti"@kg	
"úling"@tl	<https://panlex.org/snapshot/panlex-20191001-csv/5943#83324089>				<https://panlex.org/snapshot/panlex-20191001-csv/5943#83324081>		"kala"@kg	
"úling"@tl	<https://panlex.org/snapshot/panlex-20191001-csv/5943#83324089>				<https://panlex.org/snapshot/panlex-20191001-csv/5943#83324082>		"dikala"@kg	
"wikang Portuges"@tl	<https://panlex.org/snapshot/panlex-20191001-csv/405#13630285>				<https://panlex.org/snapshot/panlex-20191001-csv/405#13630250>		"Kimputulukesi"@kg	
"wikang Aleman"@tl	<https://panlex.org/snapshot/panlex-20191001-csv/405#13624695>				<https://panlex.org/snapshot/panlex-20191001-csv/405#13624644>		"Kidoitce"@kg	
"wikang Arabe"@tl	<https://panlex.org/snapshot/panlex-20191001-csv/405#13620877>				<https://panlex.org/snapshot/panlex-20191001-csv/405#13620837>		"Kilabu"@kg	
"wikang Latin"@tl	<https://panlex.org/snapshot/panlex-20191001-csv/405#13627535>				<https://panlex.org/snapshot/panlex-20191001-csv/405#13627493>		"Kilatini"@kg	
"wikang Griyego"@tl	<https://panlex.org/snapshot/panlex-20191001-csv/405#13620817>				<https://panlex.org/snapshot/panlex-20191001-csv/405#13620837>		"Kilabu"@kg	
"wikang Pranses"@tl	<https://panlex.org/snapshot/panlex-20191001-csv/405#13624330>				<https://panlex.org/snapshot/panlex-20191001-csv/405#13624279>		"Kifalanse"@kg	
"Demokratikong Republika ng Congo"@tl	<https://panlex.org/snapshot/panlex-20191001-csv/12#912813>				<https://panlex.org/snapshot/panlex-20191001-csv/12#912786>		"Repubilika ya Kongo Demokratiki"@kg	
"Republika ng Congo"@tl	<https://panlex.org/snapshot/panlex-20191001-csv/10#771979>				<https://panlex.org/snapshot/panlex-20191001-csv/10#771952>		"Repubilika ya Kongo"@kg	
"tólda"@tl	<https://panlex.org/snapshot/panlex-20191001-csv/10#669662>				<https://panlex.org/snapshot/panlex-20191001-csv/10#669639>		"nsampa"@kg	
"lángaw"@tl	<https://panlex.org/snapshot/panlex-20191001-csv/15#959549>				<https://panlex.org/snapshot/panlex-20191001-csv/15#959532>		"nianzi"@kg	
"úlap"@tl	<https://panlex.org/snapshot/panlex-20191001-csv/15#957172>				<https://panlex.org/snapshot/panlex-20191001-csv/15#957145>		"matuti"@kg	
"alapáap"@tl	<https://panlex.org/snapshot/panlex-20191001-csv/15#957171>				<https://panlex.org/snapshot/panlex-20191001-csv/15#957145>		"matuti"@kg	
"kutsilyo"@tl	<https://panlex.org/snapshot/panlex-20191001-csv/15#972357>				<https://panlex.org/snapshot/panlex-20191001-csv/15#972337>		"mbele"@kg	
"úling"@tl	<https://panlex.org/snapshot/panlex-20191001-csv/15#974765>				<https://panlex.org/snapshot/panlex-20191001-csv/15#974749>		"kala"@kg	
"úling"@tl	<https://panlex.org/snapshot/panlex-20191001-csv/15#974765>				<https://panlex.org/snapshot/panlex-20191001-csv/15#974748>		"dikala"@kg	
