"turaŋ"@sne	<https://panlex.org/snapshot/panlex-20191001-csv/114#8059211>				<https://panlex.org/snapshot/panlex-20191001-csv/114#8059172>		"tulaŋ"@pse	
"ponu"@sne	<https://panlex.org/snapshot/panlex-20191001-csv/114#8054128>				<https://panlex.org/snapshot/panlex-20191001-csv/114#8054083>		"bəjalan"@pse	
"koduk"@sne	<https://panlex.org/snapshot/panlex-20191001-csv/114#8066388>				<https://panlex.org/snapshot/panlex-20191001-csv/114#8066353>		"m̃ium"@pse	
"saka ŋasuŋ"@sne	<https://panlex.org/snapshot/panlex-20191001-csv/114#8062263>				<https://panlex.org/snapshot/panlex-20191001-csv/114#8062223>		"bəpikir"@pse	
"nuŋ"@sne	<https://panlex.org/snapshot/panlex-20191001-csv/114#8065443>				<https://panlex.org/snapshot/panlex-20191001-csv/114#8065403>		"iduŋ"@pse	
"dug"@sne	<https://panlex.org/snapshot/panlex-20191001-csv/114#8058143>				<https://panlex.org/snapshot/panlex-20191001-csv/114#8058104>		"puŋguŋ"@pse	
"sirida"@sne	<https://panlex.org/snapshot/panlex-20191001-csv/114#8056665>				<https://panlex.org/snapshot/panlex-20191001-csv/114#8056624>		"kamah"@pse	
"kurit"@sne	<https://panlex.org/snapshot/panlex-20191001-csv/114#8057638>				<https://panlex.org/snapshot/panlex-20191001-csv/114#8057595>		"kulit"@pse	
"nug"@sne	<https://panlex.org/snapshot/panlex-20191001-csv/114#8055144>				<https://panlex.org/snapshot/panlex-20191001-csv/114#8055104>		"dataŋ"@pse	
"sapok"@sne	<https://panlex.org/snapshot/panlex-20191001-csv/114#8057138>				<https://panlex.org/snapshot/panlex-20191001-csv/114#8057102>		"abu"@pse	
"boba"@sne	<https://panlex.org/snapshot/panlex-20191001-csv/114#8066924>				<https://panlex.org/snapshot/panlex-20191001-csv/114#8066878>		"mulut"@pse	
