"turaŋ"@sne	<https://panlex.org/snapshot/panlex-20191001-csv/114#8059211>				<https://panlex.org/snapshot/panlex-20191001-csv/114#8059241>		"t atu-man"@tbc	
"ponu"@sne	<https://panlex.org/snapshot/panlex-20191001-csv/114#8054128>				<https://panlex.org/snapshot/panlex-20191001-csv/114#8054164>		"-tor-"@tbc	
"ponu"@sne	<https://panlex.org/snapshot/panlex-20191001-csv/114#8054128>				<https://panlex.org/snapshot/panlex-20191001-csv/114#8054163>		"-au-"@tbc	
"koduk"@sne	<https://panlex.org/snapshot/panlex-20191001-csv/114#8066388>				<https://panlex.org/snapshot/panlex-20191001-csv/114#8066419>		"-ŋalon-"@tbc	
"nuŋ"@sne	<https://panlex.org/snapshot/panlex-20191001-csv/114#8065443>				<https://panlex.org/snapshot/panlex-20191001-csv/114#8065482>		"ŋudu/n"@tbc	
"dug"@sne	<https://panlex.org/snapshot/panlex-20191001-csv/114#8058143>				<https://panlex.org/snapshot/panlex-20191001-csv/114#8058176>		"patu/a"@tbc	
"kurit"@sne	<https://panlex.org/snapshot/panlex-20191001-csv/114#8057638>				<https://panlex.org/snapshot/panlex-20191001-csv/114#8057671>		"tini/n"@tbc	
"kurit"@sne	<https://panlex.org/snapshot/panlex-20191001-csv/114#8057638>				<https://panlex.org/snapshot/panlex-20191001-csv/114#8057670>		"si loŋo/n"@tbc	
"nug"@sne	<https://panlex.org/snapshot/panlex-20191001-csv/114#8055144>				<https://panlex.org/snapshot/panlex-20191001-csv/114#8055172>		"-palu"@tbc	
"nug"@sne	<https://panlex.org/snapshot/panlex-20191001-csv/114#8055144>				<https://panlex.org/snapshot/panlex-20191001-csv/114#8055173>		"-saidu"@tbc	
"boba"@sne	<https://panlex.org/snapshot/panlex-20191001-csv/114#8066924>				<https://panlex.org/snapshot/panlex-20191001-csv/114#8066958>		"auwa/n"@tbc	
