"mole"@kky	<https://panlex.org/snapshot/panlex-20191001-csv/114#8067253>				<https://panlex.org/snapshot/panlex-20191001-csv/114#8067431>		"*nipen"@poz	
"mole"@kky	<https://panlex.org/snapshot/panlex-20191001-csv/114#8067253>				<https://panlex.org/snapshot/panlex-20191001-csv/114#8067430>		"*ipen"@poz	
"mailelel"@kky	<https://panlex.org/snapshot/panlex-20191001-csv/114#8055927>				<https://panlex.org/snapshot/panlex-20191001-csv/114#8056107>		"*laŋuy"@poz	
"mailelel"@kky	<https://panlex.org/snapshot/panlex-20191001-csv/114#8055927>				<https://panlex.org/snapshot/panlex-20191001-csv/114#8056108>		"*naŋuy"@poz	
"mangal"@kky	<https://panlex.org/snapshot/panlex-20191001-csv/114#8051816>				<https://panlex.org/snapshot/panlex-20191001-csv/114#8052004>		"*[qa]lima"@poz	
"edamal"@kky	<https://panlex.org/snapshot/panlex-20191001-csv/114#8053305>				<https://panlex.org/snapshot/panlex-20191001-csv/114#8053493>		"*qaqay"@poz	
"tulkoore"@kky	<https://panlex.org/snapshot/panlex-20191001-csv/114#8064671>				<https://panlex.org/snapshot/panlex-20191001-csv/114#8064841>		"*buhek"@poz	
"doomboo"@kky	<https://panlex.org/snapshot/panlex-20191001-csv/114#8064134>				<https://panlex.org/snapshot/panlex-20191001-csv/114#8064301>		"*liqeʀ"@poz	
