"mole"@kky	<https://panlex.org/snapshot/panlex-20191001-csv/114#8067253>				<https://panlex.org/snapshot/panlex-20191001-csv/114#8067185>		"duŋito"@gor	
"mailelel"@kky	<https://panlex.org/snapshot/panlex-20191001-csv/114#8055927>				<https://panlex.org/snapshot/panlex-20191001-csv/114#8055870>		"mo-lolaŋi"@gor	
"mangal"@kky	<https://panlex.org/snapshot/panlex-20191001-csv/114#8051816>				<https://panlex.org/snapshot/panlex-20191001-csv/114#8051753>		"ʔuluʔu"@gor	
"edamal"@kky	<https://panlex.org/snapshot/panlex-20191001-csv/114#8053305>				<https://panlex.org/snapshot/panlex-20191001-csv/114#8053239>		"ʔoʔato"@gor	
"tulkoore"@kky	<https://panlex.org/snapshot/panlex-20191001-csv/114#8064671>				<https://panlex.org/snapshot/panlex-20191001-csv/114#8064612>		"huwoʔo"@gor	
"doomboo"@kky	<https://panlex.org/snapshot/panlex-20191001-csv/114#8064134>				<https://panlex.org/snapshot/panlex-20191001-csv/114#8064075>		"buloʔo"@gor	
