"ruene"@tio	<https://panlex.org/snapshot/panlex-20191001-csv/12#851188>				<https://panlex.org/snapshot/panlex-20191001-csv/12#850928>		"ran"@gil	
"koko"@tio	<https://panlex.org/snapshot/panlex-20191001-csv/114#8060792>				<https://panlex.org/snapshot/panlex-20191001-csv/114#8060425>		"bʼaábʼaa"@gil	
"koko"@tio	<https://panlex.org/snapshot/panlex-20191001-csv/114#8060792>				<https://panlex.org/snapshot/panlex-20191001-csv/114#8060426>		"úbʼa"@gil	
"ja taviri"@tio	<https://panlex.org/snapshot/panlex-20191001-csv/114#8055686>				<https://panlex.org/snapshot/panlex-20191001-csv/114#8055373>		"tan"@gil	
"ja taviri"@tio	<https://panlex.org/snapshot/panlex-20191001-csv/114#8055686>				<https://panlex.org/snapshot/panlex-20191001-csv/114#8055374>		"tæn"@gil	
"konakona"@tio	<https://panlex.org/snapshot/panlex-20191001-csv/114#8061829>				<https://panlex.org/snapshot/panlex-20191001-csv/114#8061482>		"atá"@gil	
"meana"@tio	<https://panlex.org/snapshot/panlex-20191001-csv/114#8068042>				<https://panlex.org/snapshot/panlex-20191001-csv/114#8067722>		"néwe"@gil	
"kapa"@tio	<https://panlex.org/snapshot/panlex-20191001-csv/114#8057686>				<https://panlex.org/snapshot/panlex-20191001-csv/114#8057364>		"kun"@gil	
"ihuna"@tio	<https://panlex.org/snapshot/panlex-20191001-csv/114#8065499>				<https://panlex.org/snapshot/panlex-20191001-csv/114#8065160>		"bʼáiri"@gil	
"hiapa"@tio	<https://panlex.org/snapshot/panlex-20191001-csv/114#8059730>				<https://panlex.org/snapshot/panlex-20191001-csv/114#8059436>		"kanoa n nano"@gil	
"tobnuna"@tio	<https://panlex.org/snapshot/panlex-20191001-csv/114#8058192>				<https://panlex.org/snapshot/panlex-20191001-csv/114#8057878>		"áku"@gil	
"kahoo"@tio	<https://panlex.org/snapshot/panlex-20191001-csv/114#8063861>				<https://panlex.org/snapshot/panlex-20191001-csv/114#8063531>		"átu"@gil	
"hata"@tio	<https://panlex.org/snapshot/panlex-20191001-csv/114#8061826>				<https://panlex.org/snapshot/panlex-20191001-csv/114#8061482>		"atá"@gil	
"hatanata"@tio	<https://panlex.org/snapshot/panlex-20191001-csv/114#8061827>				<https://panlex.org/snapshot/panlex-20191001-csv/114#8061482>		"atá"@gil	
"ruene"@tio	<https://panlex.org/snapshot/panlex-20191001-csv/11#787749>				<https://panlex.org/snapshot/panlex-20191001-csv/11#787565>		"ran"@gil	
