"ruene"@tio	<https://panlex.org/snapshot/panlex-20191001-csv/12#851188>				<https://panlex.org/snapshot/panlex-20191001-csv/12#851004>		"r̃yan"@kxa	
"koko"@tio	<https://panlex.org/snapshot/panlex-20191001-csv/114#8060792>				<https://panlex.org/snapshot/panlex-20191001-csv/114#8060519>		"sus"@kxa	
"konakona"@tio	<https://panlex.org/snapshot/panlex-20191001-csv/114#8061829>				<https://panlex.org/snapshot/panlex-20191001-csv/114#8061571>		"touñ"@kxa	
"meana"@tio	<https://panlex.org/snapshot/panlex-20191001-csv/114#8068042>				<https://panlex.org/snapshot/panlex-20191001-csv/114#8067799>		"mamañ"@kxa	
"kapa"@tio	<https://panlex.org/snapshot/panlex-20191001-csv/114#8057686>				<https://panlex.org/snapshot/panlex-20191001-csv/114#8057439>		"quliñ"@kxa	
"ihuna"@tio	<https://panlex.org/snapshot/panlex-20191001-csv/114#8065499>				<https://panlex.org/snapshot/panlex-20191001-csv/114#8065242>		"nar̃uñ"@kxa	
"ihuna"@tio	<https://panlex.org/snapshot/panlex-20191001-csv/114#8065499>				<https://panlex.org/snapshot/panlex-20191001-csv/114#8065243>		"nukalañ"@kxa	
"ihuna"@tio	<https://panlex.org/snapshot/panlex-20191001-csv/114#8065499>				<https://panlex.org/snapshot/panlex-20191001-csv/114#8065240>		"isuñ"@kxa	
"ihuna"@tio	<https://panlex.org/snapshot/panlex-20191001-csv/114#8065499>				<https://panlex.org/snapshot/panlex-20191001-csv/114#8065241>		"kolañ"@kxa	
"hiapa"@tio	<https://panlex.org/snapshot/panlex-20191001-csv/114#8059730>				<https://panlex.org/snapshot/panlex-20191001-csv/114#8059507>		"tinak"@kxa	
"tobnuna"@tio	<https://panlex.org/snapshot/panlex-20191001-csv/114#8058192>				<https://panlex.org/snapshot/panlex-20191001-csv/114#8057956>		"kapya-"@kxa	
"tobnuna"@tio	<https://panlex.org/snapshot/panlex-20191001-csv/114#8058192>				<https://panlex.org/snapshot/panlex-20191001-csv/114#8057957>		"nirri"@kxa	
"tobnuna"@tio	<https://panlex.org/snapshot/panlex-20191001-csv/114#8058192>				<https://panlex.org/snapshot/panlex-20191001-csv/114#8057958>		"ñumurri"@kxa	
"kahoo"@tio	<https://panlex.org/snapshot/panlex-20191001-csv/114#8063861>				<https://panlex.org/snapshot/panlex-20191001-csv/114#8063606>		"ipwoñ"@kxa	
"kahoo"@tio	<https://panlex.org/snapshot/panlex-20191001-csv/114#8063861>				<https://panlex.org/snapshot/panlex-20191001-csv/114#8063608>		"sameñ"@kxa	
"kahoo"@tio	<https://panlex.org/snapshot/panlex-20191001-csv/114#8063861>				<https://panlex.org/snapshot/panlex-20191001-csv/114#8063607>		"qarai"@kxa	
"hata"@tio	<https://panlex.org/snapshot/panlex-20191001-csv/114#8061826>				<https://panlex.org/snapshot/panlex-20191001-csv/114#8061571>		"touñ"@kxa	
"hatanata"@tio	<https://panlex.org/snapshot/panlex-20191001-csv/114#8061827>				<https://panlex.org/snapshot/panlex-20191001-csv/114#8061571>		"touñ"@kxa	
