"астрономи"@bxr	<https://panlex.org/snapshot/panlex-20191001-csv/2904#111022037>				<https://panlex.org/snapshot/panlex-20191001-csv/2904#111022047>		"alaxpacha yänakata"@ayr	
"медицинэ"@bxr	<https://panlex.org/snapshot/panlex-20191001-csv/2904#111023626>				<https://panlex.org/snapshot/panlex-20191001-csv/2904#111023607>		"qulla"@ayr	
"гүн ухаан"@bxr	<https://panlex.org/snapshot/panlex-20191001-csv/2904#111023906>				<https://panlex.org/snapshot/panlex-20191001-csv/2904#111023851>		"lup’intawi"@ayr	
"географи"@bxr	<https://panlex.org/snapshot/panlex-20191001-csv/2904#111022753>				<https://panlex.org/snapshot/panlex-20191001-csv/2904#111022642>		"uraqita"@ayr	
"шэнжэлхэ ухаан"@bxr	<https://panlex.org/snapshot/panlex-20191001-csv/2904#111024381>				<https://panlex.org/snapshot/panlex-20191001-csv/2904#111024416>		"yatxatawi"@ayr	
"анагааха ухаан"@bxr	<https://panlex.org/snapshot/panlex-20191001-csv/2904#111023584>				<https://panlex.org/snapshot/panlex-20191001-csv/2904#111023607>		"qulla"@ayr	
"философи"@bxr	<https://panlex.org/snapshot/panlex-20191001-csv/2904#111023925>				<https://panlex.org/snapshot/panlex-20191001-csv/2904#111023851>		"lup’intawi"@ayr	
"түүхэ"@bxr	<https://panlex.org/snapshot/panlex-20191001-csv/2904#111023026>				<https://panlex.org/snapshot/panlex-20191001-csv/2904#111022997>		"nayra sarnaqawi"@ayr	
"математика"@bxr	<https://panlex.org/snapshot/panlex-20191001-csv/2904#111023345>				<https://panlex.org/snapshot/panlex-20191001-csv/2904#111023426>		"jakhu"@ayr	
"талынхид"@bxr	<https://panlex.org/snapshot/panlex-20191001-csv/2902#111011979>				<https://panlex.org/snapshot/panlex-20191001-csv/2902#111012303>		"hacana"@ayr	
"һүүлтэй одон"@bxr	<https://panlex.org/snapshot/panlex-20191001-csv/2907#110849225>				<https://panlex.org/snapshot/panlex-20191001-csv/2907#110849303>		"antawalla"@ayr	
"Тэнгэриин зүйдэл"@bxr	<https://panlex.org/snapshot/panlex-20191001-csv/2907#110848869>				<https://panlex.org/snapshot/panlex-20191001-csv/2907#110848836>		"Warawara Jawira"@ayr	
"Номгон далай"@bxr	<https://panlex.org/snapshot/panlex-20191001-csv/2901#110868054>				<https://panlex.org/snapshot/panlex-20191001-csv/2901#110868049>		"Pasifiku Usiyana"@ayr	
"мүльһэн"@bxr	<https://panlex.org/snapshot/panlex-20191001-csv/3776#91607851>				<https://panlex.org/snapshot/panlex-20191001-csv/3776#91607842>		"chhullunkhaya"@ayr	
"гарагай хоёр"@bxr	<https://panlex.org/snapshot/panlex-20191001-csv/2892#110824113>				<https://panlex.org/snapshot/panlex-20191001-csv/2892#110824352>		"lunisa"@ayr	
"гарагай хоёр"@bxr	<https://panlex.org/snapshot/panlex-20191001-csv/2892#110824113>				<https://panlex.org/snapshot/panlex-20191001-csv/2892#110824178>		"phaxsi uru"@ayr	
"вторник"@bxr	<https://panlex.org/snapshot/panlex-20191001-csv/2892#110824791>				<https://panlex.org/snapshot/panlex-20191001-csv/2892#110824433>		"martisa"@ayr	
"вторник"@bxr	<https://panlex.org/snapshot/panlex-20191001-csv/2892#110824791>				<https://panlex.org/snapshot/panlex-20191001-csv/2892#110824759>		"saxra uru"@ayr	
"няма"@bxr	<https://panlex.org/snapshot/panlex-20191001-csv/2892#110826918>				<https://panlex.org/snapshot/panlex-20191001-csv/2892#110827018>		"tuminku"@ayr	
"няма"@bxr	<https://panlex.org/snapshot/panlex-20191001-csv/2892#110826918>				<https://panlex.org/snapshot/panlex-20191001-csv/2892#110826858>		"willka uru"@ayr	
"среда"@bxr	<https://panlex.org/snapshot/panlex-20191001-csv/2892#110825111>				<https://panlex.org/snapshot/panlex-20191001-csv/2892#110825104>		"pacha uru"@ayr	
"среда"@bxr	<https://panlex.org/snapshot/panlex-20191001-csv/2892#110825111>				<https://panlex.org/snapshot/panlex-20191001-csv/2892#110824905>		"mirkurisa"@ayr	
"гарагай гурбан"@bxr	<https://panlex.org/snapshot/panlex-20191001-csv/2892#110824506>				<https://panlex.org/snapshot/panlex-20191001-csv/2892#110824433>		"martisa"@ayr	
"гарагай гурбан"@bxr	<https://panlex.org/snapshot/panlex-20191001-csv/2892#110824506>				<https://panlex.org/snapshot/panlex-20191001-csv/2892#110824759>		"saxra uru"@ayr	
"гарагай дүрбэн"@bxr	<https://panlex.org/snapshot/panlex-20191001-csv/2892#110824957>				<https://panlex.org/snapshot/panlex-20191001-csv/2892#110825104>		"pacha uru"@ayr	
"гарагай дүрбэн"@bxr	<https://panlex.org/snapshot/panlex-20191001-csv/2892#110824957>				<https://panlex.org/snapshot/panlex-20191001-csv/2892#110824905>		"mirkurisa"@ayr	
"гарагай зургаан"@bxr	<https://panlex.org/snapshot/panlex-20191001-csv/2892#110825964>				<https://panlex.org/snapshot/panlex-20191001-csv/2892#110825717>		"ñanqha uru"@ayr	
"гарагай зургаан"@bxr	<https://panlex.org/snapshot/panlex-20191001-csv/2892#110825964>				<https://panlex.org/snapshot/panlex-20191001-csv/2892#110825755>		"wirnisa"@ayr	
"гарагай табан"@bxr	<https://panlex.org/snapshot/panlex-20191001-csv/2892#110825315>				<https://panlex.org/snapshot/panlex-20191001-csv/2892#110825313>		"juywisa"@ayr	
"гарагай табан"@bxr	<https://panlex.org/snapshot/panlex-20191001-csv/2892#110825315>				<https://panlex.org/snapshot/panlex-20191001-csv/2892#110825408>		"illapa uru"@ayr	
"баасан"@bxr	<https://panlex.org/snapshot/panlex-20191001-csv/2892#110825923>				<https://panlex.org/snapshot/panlex-20191001-csv/2892#110825717>		"ñanqha uru"@ayr	
"баасан"@bxr	<https://panlex.org/snapshot/panlex-20191001-csv/2892#110825923>				<https://panlex.org/snapshot/panlex-20191001-csv/2892#110825755>		"wirnisa"@ayr	
"һагба"@bxr	<https://panlex.org/snapshot/panlex-20191001-csv/2892#110824868>				<https://panlex.org/snapshot/panlex-20191001-csv/2892#110825104>		"pacha uru"@ayr	
"һагба"@bxr	<https://panlex.org/snapshot/panlex-20191001-csv/2892#110824868>				<https://panlex.org/snapshot/panlex-20191001-csv/2892#110824905>		"mirkurisa"@ayr	
"воскресени"@bxr	<https://panlex.org/snapshot/panlex-20191001-csv/2892#110827025>				<https://panlex.org/snapshot/panlex-20191001-csv/2892#110827018>		"tuminku"@ayr	
"воскресени"@bxr	<https://panlex.org/snapshot/panlex-20191001-csv/2892#110827025>				<https://panlex.org/snapshot/panlex-20191001-csv/2892#110826858>		"willka uru"@ayr	
"пүрбэ"@bxr	<https://panlex.org/snapshot/panlex-20191001-csv/2892#110825334>				<https://panlex.org/snapshot/panlex-20191001-csv/2892#110825313>		"juywisa"@ayr	
"пүрбэ"@bxr	<https://panlex.org/snapshot/panlex-20191001-csv/2892#110825334>				<https://panlex.org/snapshot/panlex-20191001-csv/2892#110825408>		"illapa uru"@ayr	
"пятница"@bxr	<https://panlex.org/snapshot/panlex-20191001-csv/2892#110825888>				<https://panlex.org/snapshot/panlex-20191001-csv/2892#110825717>		"ñanqha uru"@ayr	
"пятница"@bxr	<https://panlex.org/snapshot/panlex-20191001-csv/2892#110825888>				<https://panlex.org/snapshot/panlex-20191001-csv/2892#110825755>		"wirnisa"@ayr	
"четверг"@bxr	<https://panlex.org/snapshot/panlex-20191001-csv/2892#110825548>				<https://panlex.org/snapshot/panlex-20191001-csv/2892#110825313>		"juywisa"@ayr	
"четверг"@bxr	<https://panlex.org/snapshot/panlex-20191001-csv/2892#110825548>				<https://panlex.org/snapshot/panlex-20191001-csv/2892#110825408>		"illapa uru"@ayr	
"гарагай долоон"@bxr	<https://panlex.org/snapshot/panlex-20191001-csv/2892#110826273>				<https://panlex.org/snapshot/panlex-20191001-csv/2892#110826173>		"samaña uru"@ayr	
"гарагай долоон"@bxr	<https://panlex.org/snapshot/panlex-20191001-csv/2892#110826273>				<https://panlex.org/snapshot/panlex-20191001-csv/2892#110826535>		"sawaru"@ayr	
"понедельник"@bxr	<https://panlex.org/snapshot/panlex-20191001-csv/2892#110824252>				<https://panlex.org/snapshot/panlex-20191001-csv/2892#110824352>		"lunisa"@ayr	
"понедельник"@bxr	<https://panlex.org/snapshot/panlex-20191001-csv/2892#110824252>				<https://panlex.org/snapshot/panlex-20191001-csv/2892#110824178>		"phaxsi uru"@ayr	
"мягмар"@bxr	<https://panlex.org/snapshot/panlex-20191001-csv/2892#110824709>				<https://panlex.org/snapshot/panlex-20191001-csv/2892#110824433>		"martisa"@ayr	
"мягмар"@bxr	<https://panlex.org/snapshot/panlex-20191001-csv/2892#110824709>				<https://panlex.org/snapshot/panlex-20191001-csv/2892#110824759>		"saxra uru"@ayr	
"бямба"@bxr	<https://panlex.org/snapshot/panlex-20191001-csv/2892#110826543>				<https://panlex.org/snapshot/panlex-20191001-csv/2892#110826173>		"samaña uru"@ayr	
"бямба"@bxr	<https://panlex.org/snapshot/panlex-20191001-csv/2892#110826543>				<https://panlex.org/snapshot/panlex-20191001-csv/2892#110826535>		"sawaru"@ayr	
"суббото"@bxr	<https://panlex.org/snapshot/panlex-20191001-csv/2892#110826471>				<https://panlex.org/snapshot/panlex-20191001-csv/2892#110826173>		"samaña uru"@ayr	
"суббото"@bxr	<https://panlex.org/snapshot/panlex-20191001-csv/2892#110826471>				<https://panlex.org/snapshot/panlex-20191001-csv/2892#110826535>		"sawaru"@ayr	
"дабаа"@bxr	<https://panlex.org/snapshot/panlex-20191001-csv/2892#110824319>				<https://panlex.org/snapshot/panlex-20191001-csv/2892#110824352>		"lunisa"@ayr	
"дабаа"@bxr	<https://panlex.org/snapshot/panlex-20191001-csv/2892#110824319>				<https://panlex.org/snapshot/panlex-20191001-csv/2892#110824178>		"phaxsi uru"@ayr	
"гарагай нэгэн"@bxr	<https://panlex.org/snapshot/panlex-20191001-csv/2892#110826992>				<https://panlex.org/snapshot/panlex-20191001-csv/2892#110827018>		"tuminku"@ayr	
"гарагай нэгэн"@bxr	<https://panlex.org/snapshot/panlex-20191001-csv/2892#110826992>				<https://panlex.org/snapshot/panlex-20191001-csv/2892#110826858>		"willka uru"@ayr	
"декабрь"@bxr	<https://panlex.org/snapshot/panlex-20191001-csv/2897#110831952>				<https://panlex.org/snapshot/panlex-20191001-csv/2897#110831800>		"jallu qallta"@ayr	
"октябрь"@bxr	<https://panlex.org/snapshot/panlex-20191001-csv/2897#110831133>				<https://panlex.org/snapshot/panlex-20191001-csv/2897#110831124>		"chika sata"@ayr	
"ноябрь"@bxr	<https://panlex.org/snapshot/panlex-20191001-csv/2897#110831511>				<https://panlex.org/snapshot/panlex-20191001-csv/2897#110831274>		"lapaka"@ayr	
"июнь"@bxr	<https://panlex.org/snapshot/panlex-20191001-csv/2897#110829278>				<https://panlex.org/snapshot/panlex-20191001-csv/2897#110829241>		"mara t’aqa"@ayr	
"апрель"@bxr	<https://panlex.org/snapshot/panlex-20191001-csv/2897#110828300>				<https://panlex.org/snapshot/panlex-20191001-csv/2897#110828473>		"llamayu"@ayr	
"январь"@bxr	<https://panlex.org/snapshot/panlex-20191001-csv/2897#110827164>				<https://panlex.org/snapshot/panlex-20191001-csv/2897#110827435>		"chichu"@ayr	
"март"@bxr	<https://panlex.org/snapshot/panlex-20191001-csv/2897#110828219>				<https://panlex.org/snapshot/panlex-20191001-csv/2897#110828168>		"chuqa"@ayr	
"сентябрь"@bxr	<https://panlex.org/snapshot/panlex-20191001-csv/2897#110830522>				<https://panlex.org/snapshot/panlex-20191001-csv/2897#110830392>		"sata"@ayr	
"февраль"@bxr	<https://panlex.org/snapshot/panlex-20191001-csv/2897#110827494>				<https://panlex.org/snapshot/panlex-20191001-csv/2897#110827497>		"anata"@ayr	
"май"@bxr	<https://panlex.org/snapshot/panlex-20191001-csv/2897#110829062>				<https://panlex.org/snapshot/panlex-20191001-csv/2897#110829031>		"qasïwi"@ayr	
"август"@bxr	<https://panlex.org/snapshot/panlex-20191001-csv/2897#110830242>				<https://panlex.org/snapshot/panlex-20191001-csv/2897#110830128>		"llumpaqa"@ayr	
"июль"@bxr	<https://panlex.org/snapshot/panlex-20191001-csv/2897#110829551>				<https://panlex.org/snapshot/panlex-20191001-csv/2897#110829575>		"huillka kuti"@ayr	
"Америка"@bxr	<https://panlex.org/snapshot/panlex-20191001-csv/2891#110853412>				<https://panlex.org/snapshot/panlex-20191001-csv/2891#110853523>		"Amërika"@ayr	
"Океани"@bxr	<https://panlex.org/snapshot/panlex-20191001-csv/2891#110854357>				<https://panlex.org/snapshot/panlex-20191001-csv/2891#110854491>		"Usiyanya"@ayr	
"Ази"@bxr	<https://panlex.org/snapshot/panlex-20191001-csv/2891#110853975>				<https://panlex.org/snapshot/panlex-20191001-csv/2891#110853798>		"Azya"@ayr	
"Ази"@bxr	<https://panlex.org/snapshot/panlex-20191001-csv/2891#110853975>				<https://panlex.org/snapshot/panlex-20191001-csv/2891#110853811>		"Asiya"@ayr	
"Африка"@bxr	<https://panlex.org/snapshot/panlex-20191001-csv/2891#110853193>				<https://panlex.org/snapshot/panlex-20191001-csv/2891#110853248>		"Aphrika"@ayr	
"Европо"@bxr	<https://panlex.org/snapshot/panlex-20191001-csv/2891#110854102>				<https://panlex.org/snapshot/panlex-20191001-csv/2891#110854098>		"Iwrupa"@ayr	
"Антарктида"@bxr	<https://panlex.org/snapshot/panlex-20191001-csv/2891#110853766>				<https://panlex.org/snapshot/panlex-20191001-csv/2891#110853698>		"Antarktika"@ayr	
"Антарктида"@bxr	<https://panlex.org/snapshot/panlex-20191001-csv/2891#110853766>				<https://panlex.org/snapshot/panlex-20191001-csv/2891#110853739>		"Antarktiku"@ayr	
