"шатар"@bxr	<https://panlex.org/snapshot/panlex-20191001-csv/6712#111099326>				<https://panlex.org/snapshot/panlex-20191001-csv/6712#111099434>		"দাবা"@bn	
"морин"@bxr	<https://panlex.org/snapshot/panlex-20191001-csv/6712#111099057>				<https://panlex.org/snapshot/panlex-20191001-csv/6712#111099052>		"নাইট"@bn	
"хүбүүн"@bxr	<https://panlex.org/snapshot/panlex-20191001-csv/6712#111099142>				<https://panlex.org/snapshot/panlex-20191001-csv/6712#111099163>		"পন"@bn	
"бэрсэ"@bxr	<https://panlex.org/snapshot/panlex-20191001-csv/6712#111098534>				<https://panlex.org/snapshot/panlex-20191001-csv/6712#111098565>		"কুইন"@bn	
"тэмээн"@bxr	<https://panlex.org/snapshot/panlex-20191001-csv/6712#111098967>				<https://panlex.org/snapshot/panlex-20191001-csv/6712#111098876>		"বিশপ"@bn	
"ноён"@bxr	<https://panlex.org/snapshot/panlex-20191001-csv/6712#111098514>				<https://panlex.org/snapshot/panlex-20191001-csv/6712#111098392>		"কিং"@bn	
"тэргэ"@bxr	<https://panlex.org/snapshot/panlex-20191001-csv/6712#111098823>				<https://panlex.org/snapshot/panlex-20191001-csv/6712#111098695>		"রূক"@bn	
"Гэгээрэлэй үе"@bxr	<https://panlex.org/snapshot/panlex-20191001-csv/6709#111077042>				<https://panlex.org/snapshot/panlex-20191001-csv/6709#111077105>		"আলোকিত যুগ"@bn	
"Ренесcанс"@bxr	<https://panlex.org/snapshot/panlex-20191001-csv/6709#111076862>				<https://panlex.org/snapshot/panlex-20191001-csv/6709#111076818>		"পুনর্জাগরণ"@bn	
"Ренесcанс"@bxr	<https://panlex.org/snapshot/panlex-20191001-csv/6709#111076862>				<https://panlex.org/snapshot/panlex-20191001-csv/6709#111076813>		"রেনেসাঁস"@bn	
"Һэргэн мандалтын үе"@bxr	<https://panlex.org/snapshot/panlex-20191001-csv/6709#111076920>				<https://panlex.org/snapshot/panlex-20191001-csv/6709#111076818>		"পুনর্জাগরণ"@bn	
"Һэргэн мандалтын үе"@bxr	<https://panlex.org/snapshot/panlex-20191001-csv/6709#111076920>				<https://panlex.org/snapshot/panlex-20191001-csv/6709#111076813>		"রেনেসাঁস"@bn	
"Дэлхэйн нэгэдүгээр дайн"@bxr	<https://panlex.org/snapshot/panlex-20191001-csv/6709#111077330>				<https://panlex.org/snapshot/panlex-20191001-csv/6709#111077383>		"প্রথম বিশ্বযুদ্ধ"@bn	
"Дэлхэйн хоёрдугаар дайн"@bxr	<https://panlex.org/snapshot/panlex-20191001-csv/6709#111077571>				<https://panlex.org/snapshot/panlex-20191001-csv/6709#111077561>		"দ্বিতীয় বিশ্বযুদ্ধ"@bn	
"Шулуун зэбсэгэй үе"@bxr	<https://panlex.org/snapshot/panlex-20191001-csv/6709#111075919>				<https://panlex.org/snapshot/panlex-20191001-csv/6709#111075905>		"প্রস্তর যুগ"@bn	
"Дундада зуунай үе"@bxr	<https://panlex.org/snapshot/panlex-20191001-csv/6709#111076332>				<https://panlex.org/snapshot/panlex-20191001-csv/6709#111076347>		"মধ্যযুগ"@bn	
"Викингүүд"@bxr	<https://panlex.org/snapshot/panlex-20191001-csv/6709#111076497>				<https://panlex.org/snapshot/panlex-20191001-csv/6709#111076571>		"ভাইকিং"@bn	
"Хүйтэн дайн"@bxr	<https://panlex.org/snapshot/panlex-20191001-csv/6709#111077854>				<https://panlex.org/snapshot/panlex-20191001-csv/6709#111077797>		"স্নায়ুযুদ্ধ"@bn	
"Хүйтэн дайн"@bxr	<https://panlex.org/snapshot/panlex-20191001-csv/6709#111077854>				<https://panlex.org/snapshot/panlex-20191001-csv/6709#111077753>		"ঠাণ্ডা লড়াই"@bn	
"Хүрэл зэбсэгэй үе"@bxr	<https://panlex.org/snapshot/panlex-20191001-csv/6709#111075990>				<https://panlex.org/snapshot/panlex-20191001-csv/6709#111075996>		"ব্রোঞ্জ যুগ"@bn	
"Түмэр зэбсэгэй үе"@bxr	<https://panlex.org/snapshot/panlex-20191001-csv/6709#111076191>				<https://panlex.org/snapshot/panlex-20191001-csv/6709#111076121>		"লৌহ যুগ"@bn	
"Гэгээрэл"@bxr	<https://panlex.org/snapshot/panlex-20191001-csv/6709#111076964>				<https://panlex.org/snapshot/panlex-20191001-csv/6709#111077105>		"আলোকিত যুগ"@bn	
"Ажаүйлэдбэриин хубисхал"@bxr	<https://panlex.org/snapshot/panlex-20191001-csv/6709#111077164>				<https://panlex.org/snapshot/panlex-20191001-csv/6709#111077237>		"শিল্প বিপ্লব"@bn	
"Загалмайтанай аян"@bxr	<https://panlex.org/snapshot/panlex-20191001-csv/6709#111076664>				<https://panlex.org/snapshot/panlex-20191001-csv/6709#111076581>		"ক্রুসেড"@bn	
"Бишыхан хан тайжа"@bxr	<https://panlex.org/snapshot/panlex-20191001-csv/6710#111083032>				<https://panlex.org/snapshot/panlex-20191001-csv/6710#111083090>		"ছোট্ট রাজকুমার"@bn	
"Бишыхан хан тайжа"@bxr	<https://panlex.org/snapshot/panlex-20191001-csv/6710#111083032>				<https://panlex.org/snapshot/panlex-20191001-csv/6710#111083143>		"খুদে রাজকুমার"@bn	
"Дайн ба энхэ"@bxr	<https://panlex.org/snapshot/panlex-20191001-csv/6710#111083678>				<https://panlex.org/snapshot/panlex-20191001-csv/6710#111083723>		"যুদ্ধ ও শান্তি"@bn	
"бороо"@bxr	<https://panlex.org/snapshot/panlex-20191001-csv/5946#84436251>				<https://panlex.org/snapshot/panlex-20191001-csv/5946#84436247>		"বৃষ্টি"@bn	
"hархяаг"@bxr	<https://panlex.org/snapshot/panlex-20191001-csv/5946#84450225>				<https://panlex.org/snapshot/panlex-20191001-csv/5946#84450221>		"ছত্রাক"@bn	
"астрономи"@bxr	<https://panlex.org/snapshot/panlex-20191001-csv/2904#111022037>				<https://panlex.org/snapshot/panlex-20191001-csv/2904#111022076>		"জ্যোতির্বিজ্ঞান"@bn	
"медицинэ"@bxr	<https://panlex.org/snapshot/panlex-20191001-csv/2904#111023626>				<https://panlex.org/snapshot/panlex-20191001-csv/2904#111023707>		"ঔষধ"@bn	
"гүн ухаан"@bxr	<https://panlex.org/snapshot/panlex-20191001-csv/2904#111023906>				<https://panlex.org/snapshot/panlex-20191001-csv/2904#111023774>		"দর্শন"@bn	
"хэлэ шэнжэлэл"@bxr	<https://panlex.org/snapshot/panlex-20191001-csv/2904#111023153>				<https://panlex.org/snapshot/panlex-20191001-csv/2904#111023152>		"ভাষাবিজ্ঞান"@bn	
"географи"@bxr	<https://panlex.org/snapshot/panlex-20191001-csv/2904#111022753>				<https://panlex.org/snapshot/panlex-20191001-csv/2904#111022596>		"ভূগোল"@bn	
"физикэ"@bxr	<https://panlex.org/snapshot/panlex-20191001-csv/2904#111024184>				<https://panlex.org/snapshot/panlex-20191001-csv/2904#111024031>		"পদার্থবিদ্যা"@bn	
"шэнжэлхэ ухаан"@bxr	<https://panlex.org/snapshot/panlex-20191001-csv/2904#111024381>				<https://panlex.org/snapshot/panlex-20191001-csv/2904#111024261>		"বিজ্ঞান"@bn	
"биологи"@bxr	<https://panlex.org/snapshot/panlex-20191001-csv/2904#111022289>				<https://panlex.org/snapshot/panlex-20191001-csv/2904#111022183>		"জীববিদ্যা"@bn	
"архитектура"@bxr	<https://panlex.org/snapshot/panlex-20191001-csv/2904#111021752>				<https://panlex.org/snapshot/panlex-20191001-csv/2904#111021863>		"স্থাপত্য"@bn	
"хими"@bxr	<https://panlex.org/snapshot/panlex-20191001-csv/2904#111022369>				<https://panlex.org/snapshot/panlex-20191001-csv/2904#111022390>		"রসায়ন"@bn	
"анагааха ухаан"@bxr	<https://panlex.org/snapshot/panlex-20191001-csv/2904#111023584>				<https://panlex.org/snapshot/panlex-20191001-csv/2904#111023707>		"ঔষধ"@bn	
"философи"@bxr	<https://panlex.org/snapshot/panlex-20191001-csv/2904#111023925>				<https://panlex.org/snapshot/panlex-20191001-csv/2904#111023774>		"দর্শন"@bn	
"бодос зүй"@bxr	<https://panlex.org/snapshot/panlex-20191001-csv/2904#111024127>				<https://panlex.org/snapshot/panlex-20191001-csv/2904#111024031>		"পদার্থবিদ্যা"@bn	
"түүхэ"@bxr	<https://panlex.org/snapshot/panlex-20191001-csv/2904#111023026>				<https://panlex.org/snapshot/panlex-20191001-csv/2904#111022891>		"ইতিবৃত্ত"@bn	
"түүхэ"@bxr	<https://panlex.org/snapshot/panlex-20191001-csv/2904#111023026>				<https://panlex.org/snapshot/panlex-20191001-csv/2904#111022948>		"ইতিহাস"@bn	
"университет"@bxr	<https://panlex.org/snapshot/panlex-20191001-csv/2904#111024549>				<https://panlex.org/snapshot/panlex-20191001-csv/2904#111024604>		"বিশ্ববিদ্যালয়"@bn	
"математика"@bxr	<https://panlex.org/snapshot/panlex-20191001-csv/2904#111023345>				<https://panlex.org/snapshot/panlex-20191001-csv/2904#111023482>		"গণিত"@bn	
"Хойто полюс"@bxr	<https://panlex.org/snapshot/panlex-20191001-csv/2910#110854699>				<https://panlex.org/snapshot/panlex-20191001-csv/2910#110854698>		"উত্তর মেরু"@bn	
"Экватор"@bxr	<https://panlex.org/snapshot/panlex-20191001-csv/2910#110855219>				<https://panlex.org/snapshot/panlex-20191001-csv/2910#110855142>		"নিরক্ষরেখা"@bn	
"Урда полюс"@bxr	<https://panlex.org/snapshot/panlex-20191001-csv/2910#110855659>				<https://panlex.org/snapshot/panlex-20191001-csv/2910#110855565>		"দক্ষিণ মেরু"@bn	
"талынхид"@bxr	<https://panlex.org/snapshot/panlex-20191001-csv/2902#111011979>				<https://panlex.org/snapshot/panlex-20191001-csv/2902#111012216>		"শান্তি"@bn	
"Сена"@bxr	<https://panlex.org/snapshot/panlex-20191001-csv/2903#110873068>				<https://panlex.org/snapshot/panlex-20191001-csv/2903#110873057>		"সেন"@bn	
"Евфрат"@bxr	<https://panlex.org/snapshot/panlex-20191001-csv/2903#110872241>				<https://panlex.org/snapshot/panlex-20191001-csv/2903#110872232>		"ইউফ্রেটিস"@bn	
"Эжэл"@bxr	<https://panlex.org/snapshot/panlex-20191001-csv/2903#110873606>				<https://panlex.org/snapshot/panlex-20191001-csv/2903#110873558>		"ভল্গা"@bn	
"Амар мүрэн"@bxr	<https://panlex.org/snapshot/panlex-20191001-csv/2903#110871874>				<https://panlex.org/snapshot/panlex-20191001-csv/2903#110871964>		"আমুর"@bn	
"Тигр"@bxr	<https://panlex.org/snapshot/panlex-20191001-csv/2903#110873439>				<https://panlex.org/snapshot/panlex-20191001-csv/2903#110873375>		"টাইগ্রীস"@bn	
"Ганг"@bxr	<https://panlex.org/snapshot/panlex-20191001-csv/2903#110872366>				<https://panlex.org/snapshot/panlex-20191001-csv/2903#110872371>		"গঙ্গা"@bn	
"Нил"@bxr	<https://panlex.org/snapshot/panlex-20191001-csv/2903#110872918>				<https://panlex.org/snapshot/panlex-20191001-csv/2903#110872938>		"নীল"@bn	
"Темза"@bxr	<https://panlex.org/snapshot/panlex-20191001-csv/2903#110873184>				<https://panlex.org/snapshot/panlex-20191001-csv/2903#110873208>		"টেম্স্"@bn	
"Висла"@bxr	<https://panlex.org/snapshot/panlex-20191001-csv/2903#110873527>				<https://panlex.org/snapshot/panlex-20191001-csv/2903#110873499>		"ভিশ্চূলা"@bn	
"Райн"@bxr	<https://panlex.org/snapshot/panlex-20191001-csv/2903#110873007>				<https://panlex.org/snapshot/panlex-20191001-csv/2903#110873014>		"রাইন"@bn	
"Брахмапутра"@bxr	<https://panlex.org/snapshot/panlex-20191001-csv/2903#110872065>				<https://panlex.org/snapshot/panlex-20191001-csv/2903#110871999>		"ব্রহ্মপুত্র"@bn	
"Шара мүрэн"@bxr	<https://panlex.org/snapshot/panlex-20191001-csv/2903#110872420>				<https://panlex.org/snapshot/panlex-20191001-csv/2903#110872497>		"হোয়াং হো"@bn	
"Дунай"@bxr	<https://panlex.org/snapshot/panlex-20191001-csv/2903#110872141>				<https://panlex.org/snapshot/panlex-20191001-csv/2903#110872188>		"দানিয়ুব"@bn	
"Иордан"@bxr	<https://panlex.org/snapshot/panlex-20191001-csv/2903#110872662>				<https://panlex.org/snapshot/panlex-20191001-csv/2903#110872623>		"জর্দান নদী"@bn	
"Хара мүрэн"@bxr	<https://panlex.org/snapshot/panlex-20191001-csv/2903#110871908>				<https://panlex.org/snapshot/panlex-20191001-csv/2903#110871964>		"আমুর"@bn	
"Амазон"@bxr	<https://panlex.org/snapshot/panlex-20191001-csv/2903#110871753>				<https://panlex.org/snapshot/panlex-20191001-csv/2903#110871692>		"আমাজন"@bn	
"Хүхэ мүрэн"@bxr	<https://panlex.org/snapshot/panlex-20191001-csv/2903#110873776>				<https://panlex.org/snapshot/panlex-20191001-csv/2903#110873689>		"ইয়াং সি কিয়াং"@bn	
"Үхэһэн далай"@bxr	<https://panlex.org/snapshot/panlex-20191001-csv/2905#110869957>				<https://panlex.org/snapshot/panlex-20191001-csv/2905#110869928>		"মৃত সাগর"@bn	
"Карибын тэнгис"@bxr	<https://panlex.org/snapshot/panlex-20191001-csv/2905#110869429>				<https://panlex.org/snapshot/panlex-20191001-csv/2905#110869416>		"ক্যারিবিয়ান সাগর"@bn	
"Хара тэнгис"@bxr	<https://panlex.org/snapshot/panlex-20191001-csv/2905#110868999>				<https://panlex.org/snapshot/panlex-20191001-csv/2905#110869143>		"কৃষ্ণ সাগর"@bn	
"Сагаан тэнгис"@bxr	<https://panlex.org/snapshot/panlex-20191001-csv/2905#110871301>				<https://panlex.org/snapshot/panlex-20191001-csv/2905#110871272>		"শ্বেত সাগর"@bn	
"Хойто тэнгис"@bxr	<https://panlex.org/snapshot/panlex-20191001-csv/2905#110870576>				<https://panlex.org/snapshot/panlex-20191001-csv/2905#110870673>		"উত্তর সাগর"@bn	
"Шүрэ далай"@bxr	<https://panlex.org/snapshot/panlex-20191001-csv/2905#110869869>				<https://panlex.org/snapshot/panlex-20191001-csv/2905#110869837>		"প্রবাল সাগর"@bn	
"Балтиин тэнгис"@bxr	<https://panlex.org/snapshot/panlex-20191001-csv/2905#110868775>				<https://panlex.org/snapshot/panlex-20191001-csv/2905#110868724>		"বাল্টিক সাগর"@bn	
"Аравиин тэнгис"@bxr	<https://panlex.org/snapshot/panlex-20191001-csv/2905#110868540>				<https://panlex.org/snapshot/panlex-20191001-csv/2905#110868479>		"আরব সাগর"@bn	
"Каспиин тэнгис"@bxr	<https://panlex.org/snapshot/panlex-20191001-csv/2905#110869584>				<https://panlex.org/snapshot/panlex-20191001-csv/2905#110869654>		"কাস্পিয়ান সাগর"@bn	
"Шара тэнгис"@bxr	<https://panlex.org/snapshot/panlex-20191001-csv/2905#110871509>				<https://panlex.org/snapshot/panlex-20191001-csv/2905#110871462>		"পীত সাগর"@bn	
"Газарай дундада тэнгис"@bxr	<https://panlex.org/snapshot/panlex-20191001-csv/2905#110870469>				<https://panlex.org/snapshot/panlex-20191001-csv/2905#110870345>		"ভূমধ্যসাগর"@bn	
"Улаан тэнгис"@bxr	<https://panlex.org/snapshot/panlex-20191001-csv/2905#110871121>				<https://panlex.org/snapshot/panlex-20191001-csv/2905#110870929>		"লোহিত সাগর"@bn	
"Мигмар"@bxr	<https://panlex.org/snapshot/panlex-20191001-csv/2907#110845967>				<https://panlex.org/snapshot/panlex-20191001-csv/2907#110845941>		"মঙ্গলগ্রহ"@bn	
"Макемаке"@bxr	<https://panlex.org/snapshot/panlex-20191001-csv/2907#110847674>				<https://panlex.org/snapshot/panlex-20191001-csv/2907#110847663>		"মাকেমাকে"@bn	
"Наран"@bxr	<https://panlex.org/snapshot/panlex-20191001-csv/2907#110844873>				<https://panlex.org/snapshot/panlex-20191001-csv/2907#110845013>		"সূর্য"@bn	
"Далайн ван"@bxr	<https://panlex.org/snapshot/panlex-20191001-csv/2907#110847053>				<https://panlex.org/snapshot/panlex-20191001-csv/2907#110847003>		"নেপচুন"@bn	
"Эрида"@bxr	<https://panlex.org/snapshot/panlex-20191001-csv/2907#110847843>				<https://panlex.org/snapshot/panlex-20191001-csv/2907#110847817>		"এরিস"@bn	
"Баасан"@bxr	<https://panlex.org/snapshot/panlex-20191001-csv/2907#110845323>				<https://panlex.org/snapshot/panlex-20191001-csv/2907#110845442>		"শুক্র"@bn	
"һүүлтэй одон"@bxr	<https://panlex.org/snapshot/panlex-20191001-csv/2907#110849225>				<https://panlex.org/snapshot/panlex-20191001-csv/2907#110849163>		"ধুমকেতু"@bn	
"Хаумеа"@bxr	<https://panlex.org/snapshot/panlex-20191001-csv/2907#110847435>				<https://panlex.org/snapshot/panlex-20191001-csv/2907#110847398>		"হাউমেইয়া"@bn	
"Оршолон"@bxr	<https://panlex.org/snapshot/panlex-20191001-csv/2907#110849118>				<https://panlex.org/snapshot/panlex-20191001-csv/2907#110848985>		"মহাবিশ্ব"@bn	
"Пүрбэ"@bxr	<https://panlex.org/snapshot/panlex-20191001-csv/2907#110846397>				<https://panlex.org/snapshot/panlex-20191001-csv/2907#110846434>		"বৃহস্পতি"@bn	
"Һара"@bxr	<https://panlex.org/snapshot/panlex-20191001-csv/2907#110845915>				<https://panlex.org/snapshot/panlex-20191001-csv/2907#110845905>		"চাঁদ"@bn	
"Бимба"@bxr	<https://panlex.org/snapshot/panlex-20191001-csv/2907#110846695>				<https://panlex.org/snapshot/panlex-20191001-csv/2907#110846717>		"শনি"@bn	
"Оортын үүл"@bxr	<https://panlex.org/snapshot/panlex-20191001-csv/2907#110848640>				<https://panlex.org/snapshot/panlex-20191001-csv/2907#110848689>		"উওর্ট মেঘ"@bn	
"одой гараг"@bxr	<https://panlex.org/snapshot/panlex-20191001-csv/2907#110848013>				<https://panlex.org/snapshot/panlex-20191001-csv/2907#110848080>		"বামন গ্রহ"@bn	
"Дэлхэй"@bxr	<https://panlex.org/snapshot/panlex-20191001-csv/2907#110845557>				<https://panlex.org/snapshot/panlex-20191001-csv/2907#110845513>		"পৃথিবী"@bn	
"харисангын онол"@bxr	<https://panlex.org/snapshot/panlex-20191001-csv/2907#110849799>				<https://panlex.org/snapshot/panlex-20191001-csv/2907#110849867>		"আপেক্ষিকতা তত্ত্ব"@bn	
"хара нүхэн"@bxr	<https://panlex.org/snapshot/panlex-20191001-csv/2907#110849588>				<https://panlex.org/snapshot/panlex-20191001-csv/2907#110849659>		"কৃষ্ণ বিবর"@bn	
"хара нүхэн"@bxr	<https://panlex.org/snapshot/panlex-20191001-csv/2907#110849588>				<https://panlex.org/snapshot/panlex-20191001-csv/2907#110849643>		"ব্ল্যাক হোল"@bn	
"Һагба"@bxr	<https://panlex.org/snapshot/panlex-20191001-csv/2907#110845210>				<https://panlex.org/snapshot/panlex-20191001-csv/2907#110845255>		"বুধ"@bn	
"Церера"@bxr	<https://panlex.org/snapshot/panlex-20191001-csv/2907#110846233>				<https://panlex.org/snapshot/panlex-20191001-csv/2907#110846174>		"সিরীস"@bn	
"Бага гарагай бүһэ"@bxr	<https://panlex.org/snapshot/panlex-20191001-csv/2907#110848415>				<https://panlex.org/snapshot/panlex-20191001-csv/2907#110848416>		"গ্রহাণু বেষ্টনী"@bn	
"Дэлхэйн ван"@bxr	<https://panlex.org/snapshot/panlex-20191001-csv/2907#110847287>				<https://panlex.org/snapshot/panlex-20191001-csv/2907#110847265>		"প্লুটো"@bn	
"Тэнгэриин зүйдэл"@bxr	<https://panlex.org/snapshot/panlex-20191001-csv/2907#110848869>				<https://panlex.org/snapshot/panlex-20191001-csv/2907#110848854>		"ছায়াপথ"@bn	
"Тэнгэриин зүйдэл"@bxr	<https://panlex.org/snapshot/panlex-20191001-csv/2907#110848869>				<https://panlex.org/snapshot/panlex-20191001-csv/2907#110848793>		"হরিতাসি"@bn	
"Наранай аймаг"@bxr	<https://panlex.org/snapshot/panlex-20191001-csv/2907#110848313>				<https://panlex.org/snapshot/panlex-20191001-csv/2907#110848210>		"সূর্যমণ্ডল"@bn	
"Тэнгэриин ван"@bxr	<https://panlex.org/snapshot/panlex-20191001-csv/2907#110846929>				<https://panlex.org/snapshot/panlex-20191001-csv/2907#110846969>		"ইউরেনাস"@bn	
"гэрэлтэй жэл"@bxr	<https://panlex.org/snapshot/panlex-20191001-csv/2907#110849376>				<https://panlex.org/snapshot/panlex-20191001-csv/2907#110849344>		"আলোক বর্ষ"@bn	
"Койперэй бүһэ"@bxr	<https://panlex.org/snapshot/panlex-20191001-csv/2907#110848490>				<https://panlex.org/snapshot/panlex-20191001-csv/2907#110848498>		"কুইপার বেষ্টনী"@bn	
"Номгон далай"@bxr	<https://panlex.org/snapshot/panlex-20191001-csv/2901#110868054>				<https://panlex.org/snapshot/panlex-20191001-csv/2901#110867997>		"প্রশান্ত মহাসমুদ্র"@bn	
"Номгон далай"@bxr	<https://panlex.org/snapshot/panlex-20191001-csv/2901#110868054>				<https://panlex.org/snapshot/panlex-20191001-csv/2901#110868003>		"প্রশান্ত মহাসাগর"@bn	
"Хойто Мүльһэн далай"@bxr	<https://panlex.org/snapshot/panlex-20191001-csv/2901#110867321>				<https://panlex.org/snapshot/panlex-20191001-csv/2901#110867087>		"উত্তর মহাসমুদ্র"@bn	
"Хойто Мүльһэн далай"@bxr	<https://panlex.org/snapshot/panlex-20191001-csv/2901#110867321>				<https://panlex.org/snapshot/panlex-20191001-csv/2901#110867328>		"উত্তর মহাসাগর"@bn	
"Атлантын далай"@bxr	<https://panlex.org/snapshot/panlex-20191001-csv/2901#110867440>				<https://panlex.org/snapshot/panlex-20191001-csv/2901#110867537>		"আটলান্টিক মহাসাগর"@bn	
"Атлантын далай"@bxr	<https://panlex.org/snapshot/panlex-20191001-csv/2901#110867440>				<https://panlex.org/snapshot/panlex-20191001-csv/2901#110867455>		"আটলান্টিক মহাসমুদ্র"@bn	
"Энэдхэгэй далай"@bxr	<https://panlex.org/snapshot/panlex-20191001-csv/2901#110867678>				<https://panlex.org/snapshot/panlex-20191001-csv/2901#110867700>		"ভারতীয় মহাসমুদ্র"@bn	
"Энэдхэгэй далай"@bxr	<https://panlex.org/snapshot/panlex-20191001-csv/2901#110867678>				<https://panlex.org/snapshot/panlex-20191001-csv/2901#110867761>		"ভারত মহাসাগর"@bn	
"Урда далай"@bxr	<https://panlex.org/snapshot/panlex-20191001-csv/2901#110868334>				<https://panlex.org/snapshot/panlex-20191001-csv/2901#110868186>		"দক্ষিণ মহাসমুদ্র"@bn	
"Урда далай"@bxr	<https://panlex.org/snapshot/panlex-20191001-csv/2901#110868334>				<https://panlex.org/snapshot/panlex-20191001-csv/2901#110868265>		"এন্টারটিক মহাসাগর"@bn	
"Урда далай"@bxr	<https://panlex.org/snapshot/panlex-20191001-csv/2901#110868334>				<https://panlex.org/snapshot/panlex-20191001-csv/2901#110868399>		"দক্ষিণ মহাসাগর"@bn	
"Заратустра"@bxr	<https://panlex.org/snapshot/panlex-20191001-csv/2906#111021568>				<https://panlex.org/snapshot/panlex-20191001-csv/2906#111021626>		"জরথুস্ত্র"@bn	
"Заратустра"@bxr	<https://panlex.org/snapshot/panlex-20191001-csv/2906#111021568>				<https://panlex.org/snapshot/panlex-20191001-csv/2906#111021678>		"জোরোয়াষ্টার"@bn	
"Чингис хаан"@bxr	<https://panlex.org/snapshot/panlex-20191001-csv/2906#111020130>				<https://panlex.org/snapshot/panlex-20191001-csv/2906#111020161>		"চেংগিস খান"@bn	
"Уһаар Арюудхагша Иоанн"@bxr	<https://panlex.org/snapshot/panlex-20191001-csv/2906#111020529>				<https://panlex.org/snapshot/panlex-20191001-csv/2906#111020525>		"হযরত ইয়াহিয়া"@bn	
"Юлий Цезарь"@bxr	<https://panlex.org/snapshot/panlex-20191001-csv/2906#111020568>				<https://panlex.org/snapshot/panlex-20191001-csv/2906#111020565>		"জুলিয়াস সিজার"@bn	
"Аристотель"@bxr	<https://panlex.org/snapshot/panlex-20191001-csv/2906#111019518>				<https://panlex.org/snapshot/panlex-20191001-csv/2906#111019413>		"অ্যারিস্টটল"@bn	
"Ехэ Александр"@bxr	<https://panlex.org/snapshot/panlex-20191001-csv/2906#111019304>				<https://panlex.org/snapshot/panlex-20191001-csv/2906#111019310>		"মহামতি আলেকজান্ডার"@bn	
"Птолемей"@bxr	<https://panlex.org/snapshot/panlex-20191001-csv/2906#111020950>				<https://panlex.org/snapshot/panlex-20191001-csv/2906#111021020>		"টলেমি"@bn	
"Адам Ева хоёр"@bxr	<https://panlex.org/snapshot/panlex-20191001-csv/2906#111019158>				<https://panlex.org/snapshot/panlex-20191001-csv/2906#111019174>		"আদম এবং ইভ"@bn	
"Зороастр"@bxr	<https://panlex.org/snapshot/panlex-20191001-csv/2906#111021615>				<https://panlex.org/snapshot/panlex-20191001-csv/2906#111021626>		"জরথুস্ত্র"@bn	
"Зороастр"@bxr	<https://panlex.org/snapshot/panlex-20191001-csv/2906#111021615>				<https://panlex.org/snapshot/panlex-20191001-csv/2906#111021678>		"জোরোয়াষ্টার"@bn	
"Пифагор"@bxr	<https://panlex.org/snapshot/panlex-20191001-csv/2906#111021045>				<https://panlex.org/snapshot/panlex-20191001-csv/2906#111021105>		"পিথাগোরাস"@bn	
"Гиппократ"@bxr	<https://panlex.org/snapshot/panlex-20191001-csv/2906#111020208>				<https://panlex.org/snapshot/panlex-20191001-csv/2906#111020237>		"হিপোক্রেটিস"@bn	
"Николай Коперник"@bxr	<https://panlex.org/snapshot/panlex-20191001-csv/2906#111020725>				<https://panlex.org/snapshot/panlex-20191001-csv/2906#111020732>		"নিকলাস কপারনিকাস"@bn	
"Жанна д’Арк"@bxr	<https://panlex.org/snapshot/panlex-20191001-csv/2906#111020374>				<https://panlex.org/snapshot/panlex-20191001-csv/2906#111020312>		"জোন অফ আর্ক"@bn	
"Платон"@bxr	<https://panlex.org/snapshot/panlex-20191001-csv/2906#111020801>				<https://panlex.org/snapshot/panlex-20191001-csv/2906#111020911>		"প্লেটো"@bn	
"Күнзы"@bxr	<https://panlex.org/snapshot/panlex-20191001-csv/2906#111019954>				<https://panlex.org/snapshot/panlex-20191001-csv/2906#111019918>		"কনফিউশিয়াস"@bn	
"Сократ"@bxr	<https://panlex.org/snapshot/panlex-20191001-csv/2906#111021290>				<https://panlex.org/snapshot/panlex-20191001-csv/2906#111021299>		"সক্রেটিস"@bn	
"Христофор Колумб"@bxr	<https://panlex.org/snapshot/panlex-20191001-csv/2906#111019785>				<https://panlex.org/snapshot/panlex-20191001-csv/2906#111019764>		"ক্রিস্টোফার কলম্বাস"@bn	
"хото"@bxr	<https://panlex.org/snapshot/panlex-20191001-csv/3776#91585456>				<https://panlex.org/snapshot/panlex-20191001-csv/3776#91585451>		"শহর"@bn	
"хото"@bxr	<https://panlex.org/snapshot/panlex-20191001-csv/3776#91585456>				<https://panlex.org/snapshot/panlex-20191001-csv/3776#91585452>		"নগর"@bn	
"müre"@bxr	<https://panlex.org/snapshot/panlex-20191001-csv/3776#91682251>				<https://panlex.org/snapshot/panlex-20191001-csv/3776#91682246>		"কান্ধ"@bn	
"арhан"@bxr	<https://panlex.org/snapshot/panlex-20191001-csv/3776#91603151>				<https://panlex.org/snapshot/panlex-20191001-csv/3776#91603148>		"ত্বক"@bn	
"мүльһэн"@bxr	<https://panlex.org/snapshot/panlex-20191001-csv/3776#91607851>				<https://panlex.org/snapshot/panlex-20191001-csv/3776#91607846>		"বরফ"@bn	
"һалхин"@bxr	<https://panlex.org/snapshot/panlex-20191001-csv/3776#91640554>				<https://panlex.org/snapshot/panlex-20191001-csv/3776#91640549>		"বায়ু"@bn	
"шара"@bxr	<https://panlex.org/snapshot/panlex-20191001-csv/3776#91675568>				<https://panlex.org/snapshot/panlex-20191001-csv/3776#91675564>		"হলদে"@bn	
"үнеэн"@bxr	<https://panlex.org/snapshot/panlex-20191001-csv/3776#91683851>				<https://panlex.org/snapshot/panlex-20191001-csv/3776#91683848>		"গরূ"@bn	
"bagalsag"@bxr	<https://panlex.org/snapshot/panlex-20191001-csv/3776#91682252>				<https://panlex.org/snapshot/panlex-20191001-csv/3776#91682246>		"কান্ধ"@bn	
"сахюур"@bxr	<https://panlex.org/snapshot/panlex-20191001-csv/2893#110991621>				<https://panlex.org/snapshot/panlex-20191001-csv/2893#110991602>		"সিলিকন"@bn	
"бор"@bxr	<https://panlex.org/snapshot/panlex-20191001-csv/2893#110989727>				<https://panlex.org/snapshot/panlex-20191001-csv/2893#110989834>		"বোরন"@bn	
"сайр"@bxr	<https://panlex.org/snapshot/panlex-20191001-csv/2893#110993449>				<https://panlex.org/snapshot/panlex-20191001-csv/2893#110993395>		"জিংক"@bn	
"алтан"@bxr	<https://panlex.org/snapshot/panlex-20191001-csv/2893#110995338>				<https://panlex.org/snapshot/panlex-20191001-csv/2893#110995178>		"সোনা"@bn	
"хүшэлтүрэгшэ"@bxr	<https://panlex.org/snapshot/panlex-20191001-csv/2893#110990383>				<https://panlex.org/snapshot/panlex-20191001-csv/2893#110990471>		"অক্সিজেন"@bn	
"хүшэлтүрэгшэ"@bxr	<https://panlex.org/snapshot/panlex-20191001-csv/2893#110990383>				<https://panlex.org/snapshot/panlex-20191001-csv/2893#110990325>		"অম্লজান"@bn	
"никель"@bxr	<https://panlex.org/snapshot/panlex-20191001-csv/2893#110993123>				<https://panlex.org/snapshot/panlex-20191001-csv/2893#110993126>		"নিকেল"@bn	
"фосфор"@bxr	<https://panlex.org/snapshot/panlex-20191001-csv/2893#110991756>				<https://panlex.org/snapshot/panlex-20191001-csv/2893#110991709>		"ফসফরাস"@bn	
"гели"@bxr	<https://panlex.org/snapshot/panlex-20191001-csv/2893#110989480>				<https://panlex.org/snapshot/panlex-20191001-csv/2893#110989558>		"হিলিয়াম"@bn	
"уһантүрэгшэ"@bxr	<https://panlex.org/snapshot/panlex-20191001-csv/2893#110989361>				<https://panlex.org/snapshot/panlex-20191001-csv/2893#110989394>		"হাইড্রোজেন"@bn	
"арсеник"@bxr	<https://panlex.org/snapshot/panlex-20191001-csv/2893#110993636>				<https://panlex.org/snapshot/panlex-20191001-csv/2893#110993724>		"আর্সেনিক"@bn	
"үелхэ системэ"@bxr	<https://panlex.org/snapshot/panlex-20191001-csv/2893#110989235>				<https://panlex.org/snapshot/panlex-20191001-csv/2893#110989261>		"পর্যায় সারণী"@bn	
"хүнгэн сагаан"@bxr	<https://panlex.org/snapshot/panlex-20191001-csv/2893#110991360>				<https://panlex.org/snapshot/panlex-20191001-csv/2893#110991341>		"অ্যালুমিনিয়াম"@bn	
"хартугалга"@bxr	<https://panlex.org/snapshot/panlex-20191001-csv/2893#110995677>				<https://panlex.org/snapshot/panlex-20191001-csv/2893#110995660>		"সীসা"@bn	
"азот"@bxr	<https://panlex.org/snapshot/panlex-20191001-csv/2893#110990183>				<https://panlex.org/snapshot/panlex-20191001-csv/2893#110990118>		"নাইট্রোজেন"@bn	
"азот"@bxr	<https://panlex.org/snapshot/panlex-20191001-csv/2893#110990183>				<https://panlex.org/snapshot/panlex-20191001-csv/2893#110990116>		"যবক্ষারজান"@bn	
"магни"@bxr	<https://panlex.org/snapshot/panlex-20191001-csv/2893#110991191>				<https://panlex.org/snapshot/panlex-20191001-csv/2893#110991063>		"ম্যাগনেসিয়াম"@bn	
"кальци"@bxr	<https://panlex.org/snapshot/panlex-20191001-csv/2893#110992428>				<https://panlex.org/snapshot/panlex-20191001-csv/2893#110992533>		"ক্যালসিয়াম"@bn	
"вольфрам"@bxr	<https://panlex.org/snapshot/panlex-20191001-csv/2893#110994770>				<https://panlex.org/snapshot/panlex-20191001-csv/2893#110994899>		"টাংস্টেন"@bn	
"сагаан туулган"@bxr	<https://panlex.org/snapshot/panlex-20191001-csv/2893#110994182>				<https://panlex.org/snapshot/panlex-20191001-csv/2893#110994334>		"টিন"@bn	
"мүнгэнэй уһан"@bxr	<https://panlex.org/snapshot/panlex-20191001-csv/2893#110995393>				<https://panlex.org/snapshot/panlex-20191001-csv/2893#110995543>		"পারদ"@bn	
"уран"@bxr	<https://panlex.org/snapshot/panlex-20191001-csv/2893#110995933>				<https://panlex.org/snapshot/panlex-20191001-csv/2893#110995851>		"ইউরেনিয়াম"@bn	
"нүүрһэнтүрэгшэ"@bxr	<https://panlex.org/snapshot/panlex-20191001-csv/2893#110989910>				<https://panlex.org/snapshot/panlex-20191001-csv/2893#110989956>		"কার্বন"@bn	
"мүнгэн"@bxr	<https://panlex.org/snapshot/panlex-20191001-csv/2893#110994078>				<https://panlex.org/snapshot/panlex-20191001-csv/2893#110994031>		"রূপা"@bn	
"кали"@bxr	<https://panlex.org/snapshot/panlex-20191001-csv/2893#110992356>				<https://panlex.org/snapshot/panlex-20191001-csv/2893#110992299>		"পটাশিয়াম"@bn	
"натри"@bxr	<https://panlex.org/snapshot/panlex-20191001-csv/2893#110990993>				<https://panlex.org/snapshot/panlex-20191001-csv/2893#110990998>		"সোডিয়াম"@bn	
"сурьма"@bxr	<https://panlex.org/snapshot/panlex-20191001-csv/2893#110994373>				<https://panlex.org/snapshot/panlex-20191001-csv/2893#110994385>		"এন্টিমনি"@bn	
"сагааналтан"@bxr	<https://panlex.org/snapshot/panlex-20191001-csv/2893#110994968>				<https://panlex.org/snapshot/panlex-20191001-csv/2893#110995144>		"প্লাটিনাম"@bn	
"зэд"@bxr	<https://panlex.org/snapshot/panlex-20191001-csv/2893#110993238>				<https://panlex.org/snapshot/panlex-20191001-csv/2893#110993375>		"তামা"@bn	
"түмэр"@bxr	<https://panlex.org/snapshot/panlex-20191001-csv/2893#110992649>				<https://panlex.org/snapshot/panlex-20191001-csv/2893#110992664>		"লোহা"@bn	
"неон"@bxr	<https://panlex.org/snapshot/panlex-20191001-csv/2893#110990830>				<https://panlex.org/snapshot/panlex-20191001-csv/2893#110990717>		"নিয়ন"@bn	
"хүхэр"@bxr	<https://panlex.org/snapshot/panlex-20191001-csv/2893#110991963>				<https://panlex.org/snapshot/panlex-20191001-csv/2893#110991850>		"সালফার"@bn	
"хүхэр"@bxr	<https://panlex.org/snapshot/panlex-20191001-csv/2893#110991963>				<https://panlex.org/snapshot/panlex-20191001-csv/2893#110991910>		"গন্ধক"@bn	
"хлор"@bxr	<https://panlex.org/snapshot/panlex-20191001-csv/2893#110992088>				<https://panlex.org/snapshot/panlex-20191001-csv/2893#110992175>		"ক্লোরিন"@bn	
"кобальт"@bxr	<https://panlex.org/snapshot/panlex-20191001-csv/2893#110992932>				<https://panlex.org/snapshot/panlex-20191001-csv/2893#110992957>		"কোবাল্ট"@bn	
"фтор"@bxr	<https://panlex.org/snapshot/panlex-20191001-csv/2893#110990607>				<https://panlex.org/snapshot/panlex-20191001-csv/2893#110990642>		"ফ্লোরিন"@bn	
"бром"@bxr	<https://panlex.org/snapshot/panlex-20191001-csv/2893#110993786>				<https://panlex.org/snapshot/panlex-20191001-csv/2893#110993874>		"ব্রোমিন"@bn	
"антимон"@bxr	<https://panlex.org/snapshot/panlex-20191001-csv/2893#110994559>				<https://panlex.org/snapshot/panlex-20191001-csv/2893#110994385>		"এন্টিমনি"@bn	
"йод"@bxr	<https://panlex.org/snapshot/panlex-20191001-csv/2893#110994671>				<https://panlex.org/snapshot/panlex-20191001-csv/2893#110994710>		"আয়োডিন"@bn	
"Африкын холбоо"@bxr	<https://panlex.org/snapshot/panlex-20191001-csv/2894#111099586>				<https://panlex.org/snapshot/panlex-20191001-csv/2894#111099616>		"আফ্রিকান ইউনিয়ন"@bn	
"Улаан Хахад Һара"@bxr	<https://panlex.org/snapshot/panlex-20191001-csv/2894#111101715>				<https://panlex.org/snapshot/panlex-20191001-csv/2894#111101753>		"রেড ক্রিসেন্ট"@bn	
"НҮБ"@bxr	<https://panlex.org/snapshot/panlex-20191001-csv/2894#111102081>				<https://panlex.org/snapshot/panlex-20191001-csv/2894#111102066>		"জাতিসংঘ"@bn	
"Уласхоорондын сүүд"@bxr	<https://panlex.org/snapshot/panlex-20191001-csv/2894#111100559>				<https://panlex.org/snapshot/panlex-20191001-csv/2894#111100525>		"আন্তর্জাতিক ন্যায়বিচার আদালত"@bn	
"Улаан Крест"@bxr	<https://panlex.org/snapshot/panlex-20191001-csv/2894#111101555>				<https://panlex.org/snapshot/panlex-20191001-csv/2894#111101659>		"রেড ক্রস"@bn	
"Арабын Барилдалга"@bxr	<https://panlex.org/snapshot/panlex-20191001-csv/2894#111100928>				<https://panlex.org/snapshot/panlex-20191001-csv/2894#111100787>		"আরব লীগ"@bn	
"Нэгэдэмэл Үндэhэнэй Байгуулга"@bxr	<https://panlex.org/snapshot/panlex-20191001-csv/2894#111102053>				<https://panlex.org/snapshot/panlex-20191001-csv/2894#111102066>		"জাতিসংঘ"@bn	
"Европын холбоо"@bxr	<https://panlex.org/snapshot/panlex-20191001-csv/2894#111100312>				<https://panlex.org/snapshot/panlex-20191001-csv/2894#111100428>		"ইউরোপীয় ইউনিয়ন"@bn	
"гарагай хоёр"@bxr	<https://panlex.org/snapshot/panlex-20191001-csv/2892#110824113>				<https://panlex.org/snapshot/panlex-20191001-csv/2892#110824251>		"সোমবার"@bn	
"вторник"@bxr	<https://panlex.org/snapshot/panlex-20191001-csv/2892#110824791>				<https://panlex.org/snapshot/panlex-20191001-csv/2892#110824523>		"মঙ্গলবার"@bn	
"няма"@bxr	<https://panlex.org/snapshot/panlex-20191001-csv/2892#110826918>				<https://panlex.org/snapshot/panlex-20191001-csv/2892#110826608>		"রবিবার"@bn	
"среда"@bxr	<https://panlex.org/snapshot/panlex-20191001-csv/2892#110825111>				<https://panlex.org/snapshot/panlex-20191001-csv/2892#110824857>		"বুধবার"@bn	
"гарагай гурбан"@bxr	<https://panlex.org/snapshot/panlex-20191001-csv/2892#110824506>				<https://panlex.org/snapshot/panlex-20191001-csv/2892#110824523>		"মঙ্গলবার"@bn	
"гарагай дүрбэн"@bxr	<https://panlex.org/snapshot/panlex-20191001-csv/2892#110824957>				<https://panlex.org/snapshot/panlex-20191001-csv/2892#110824857>		"বুধবার"@bn	
"гарагай зургаан"@bxr	<https://panlex.org/snapshot/panlex-20191001-csv/2892#110825964>				<https://panlex.org/snapshot/panlex-20191001-csv/2892#110825882>		"শুক্রবার"@bn	
"гарагай табан"@bxr	<https://panlex.org/snapshot/panlex-20191001-csv/2892#110825315>				<https://panlex.org/snapshot/panlex-20191001-csv/2892#110825453>		"বৃহস্পতিবার"@bn	
"баасан"@bxr	<https://panlex.org/snapshot/panlex-20191001-csv/2892#110825923>				<https://panlex.org/snapshot/panlex-20191001-csv/2892#110825882>		"শুক্রবার"@bn	
"һагба"@bxr	<https://panlex.org/snapshot/panlex-20191001-csv/2892#110824868>				<https://panlex.org/snapshot/panlex-20191001-csv/2892#110824857>		"বুধবার"@bn	
"воскресени"@bxr	<https://panlex.org/snapshot/panlex-20191001-csv/2892#110827025>				<https://panlex.org/snapshot/panlex-20191001-csv/2892#110826608>		"রবিবার"@bn	
"пүрбэ"@bxr	<https://panlex.org/snapshot/panlex-20191001-csv/2892#110825334>				<https://panlex.org/snapshot/panlex-20191001-csv/2892#110825453>		"বৃহস্পতিবার"@bn	
"пятница"@bxr	<https://panlex.org/snapshot/panlex-20191001-csv/2892#110825888>				<https://panlex.org/snapshot/panlex-20191001-csv/2892#110825882>		"শুক্রবার"@bn	
"четверг"@bxr	<https://panlex.org/snapshot/panlex-20191001-csv/2892#110825548>				<https://panlex.org/snapshot/panlex-20191001-csv/2892#110825453>		"বৃহস্পতিবার"@bn	
"гарагай долоон"@bxr	<https://panlex.org/snapshot/panlex-20191001-csv/2892#110826273>				<https://panlex.org/snapshot/panlex-20191001-csv/2892#110826286>		"শনিবার"@bn	
"понедельник"@bxr	<https://panlex.org/snapshot/panlex-20191001-csv/2892#110824252>				<https://panlex.org/snapshot/panlex-20191001-csv/2892#110824251>		"সোমবার"@bn	
"мягмар"@bxr	<https://panlex.org/snapshot/panlex-20191001-csv/2892#110824709>				<https://panlex.org/snapshot/panlex-20191001-csv/2892#110824523>		"মঙ্গলবার"@bn	
"бямба"@bxr	<https://panlex.org/snapshot/panlex-20191001-csv/2892#110826543>				<https://panlex.org/snapshot/panlex-20191001-csv/2892#110826286>		"শনিবার"@bn	
"суббото"@bxr	<https://panlex.org/snapshot/panlex-20191001-csv/2892#110826471>				<https://panlex.org/snapshot/panlex-20191001-csv/2892#110826286>		"শনিবার"@bn	
"дабаа"@bxr	<https://panlex.org/snapshot/panlex-20191001-csv/2892#110824319>				<https://panlex.org/snapshot/panlex-20191001-csv/2892#110824251>		"সোমবার"@bn	
"гарагай нэгэн"@bxr	<https://panlex.org/snapshot/panlex-20191001-csv/2892#110826992>				<https://panlex.org/snapshot/panlex-20191001-csv/2892#110826608>		"রবিবার"@bn	
"декабрь"@bxr	<https://panlex.org/snapshot/panlex-20191001-csv/2897#110831952>				<https://panlex.org/snapshot/panlex-20191001-csv/2897#110831594>		"ডিসেম্বর"@bn	
"октябрь"@bxr	<https://panlex.org/snapshot/panlex-20191001-csv/2897#110831133>				<https://panlex.org/snapshot/panlex-20191001-csv/2897#110831003>		"অক্টোবর"@bn	
"ноябрь"@bxr	<https://panlex.org/snapshot/panlex-20191001-csv/2897#110831511>				<https://panlex.org/snapshot/panlex-20191001-csv/2897#110831457>		"নভেম্বর"@bn	
"июнь"@bxr	<https://panlex.org/snapshot/panlex-20191001-csv/2897#110829278>				<https://panlex.org/snapshot/panlex-20191001-csv/2897#110829361>		"জুন"@bn	
"апрель"@bxr	<https://panlex.org/snapshot/panlex-20191001-csv/2897#110828300>				<https://panlex.org/snapshot/panlex-20191001-csv/2897#110828571>		"এপ্রিল"@bn	
"январь"@bxr	<https://panlex.org/snapshot/panlex-20191001-csv/2897#110827164>				<https://panlex.org/snapshot/panlex-20191001-csv/2897#110827352>		"জানুয়ারি"@bn	
"март"@bxr	<https://panlex.org/snapshot/panlex-20191001-csv/2897#110828219>				<https://panlex.org/snapshot/panlex-20191001-csv/2897#110827879>		"মার্চ"@bn	
"сентябрь"@bxr	<https://panlex.org/snapshot/panlex-20191001-csv/2897#110830522>				<https://panlex.org/snapshot/panlex-20191001-csv/2897#110830711>		"সেপ্টেম্বর"@bn	
"февраль"@bxr	<https://panlex.org/snapshot/panlex-20191001-csv/2897#110827494>				<https://panlex.org/snapshot/panlex-20191001-csv/2897#110827714>		"ফেব্রুয়ারি"@bn	
"май"@bxr	<https://panlex.org/snapshot/panlex-20191001-csv/2897#110829062>				<https://panlex.org/snapshot/panlex-20191001-csv/2897#110828987>		"মে"@bn	
"август"@bxr	<https://panlex.org/snapshot/panlex-20191001-csv/2897#110830242>				<https://panlex.org/snapshot/panlex-20191001-csv/2897#110830089>		"আগস্ট"@bn	
"июль"@bxr	<https://panlex.org/snapshot/panlex-20191001-csv/2897#110829551>				<https://panlex.org/snapshot/panlex-20191001-csv/2897#110829500>		"জুলাই"@bn	
"Америка"@bxr	<https://panlex.org/snapshot/panlex-20191001-csv/2891#110853412>				<https://panlex.org/snapshot/panlex-20191001-csv/2891#110853436>		"আমেরিকা"@bn	
"Океани"@bxr	<https://panlex.org/snapshot/panlex-20191001-csv/2891#110854357>				<https://panlex.org/snapshot/panlex-20191001-csv/2891#110854474>		"ওশেনিয়া"@bn	
"Ази"@bxr	<https://panlex.org/snapshot/panlex-20191001-csv/2891#110853975>				<https://panlex.org/snapshot/panlex-20191001-csv/2891#110853888>		"এশিয়া"@bn	
"Африка"@bxr	<https://panlex.org/snapshot/panlex-20191001-csv/2891#110853193>				<https://panlex.org/snapshot/panlex-20191001-csv/2891#110853028>		"আফ্রিকা"@bn	
"Европо"@bxr	<https://panlex.org/snapshot/panlex-20191001-csv/2891#110854102>				<https://panlex.org/snapshot/panlex-20191001-csv/2891#110854054>		"ইউরোপ"@bn	
"Антарктида"@bxr	<https://panlex.org/snapshot/panlex-20191001-csv/2891#110853766>				<https://panlex.org/snapshot/panlex-20191001-csv/2891#110853625>		"এন্টার্কটিকা"@bn	
"Долоон үбэгэд"@bxr	<https://panlex.org/snapshot/panlex-20191001-csv/2890#111033019>				<https://panlex.org/snapshot/panlex-20191001-csv/2890#111032907>		"সপ্তর্ষি"@bn	
"Дохюур мүшэн"@bxr	<https://panlex.org/snapshot/panlex-20191001-csv/2890#111033052>				<https://panlex.org/snapshot/panlex-20191001-csv/2890#111033084>		"লঘু সপ্তর্ষি"@bn	
"Мусульман"@bxr	<https://panlex.org/snapshot/panlex-20191001-csv/2899#111113110>				<https://panlex.org/snapshot/panlex-20191001-csv/2899#111113139>		"মুসলিম"@bn	
"Иудаизм"@bxr	<https://panlex.org/snapshot/panlex-20191001-csv/2899#111111451>				<https://panlex.org/snapshot/panlex-20191001-csv/2899#111111557>		"ইহুদীধর্ম"@bn	
"Коран"@bxr	<https://panlex.org/snapshot/panlex-20191001-csv/2899#111113298>				<https://panlex.org/snapshot/panlex-20191001-csv/2899#111113246>		"কুরআন"@bn	
"Еврей"@bxr	<https://panlex.org/snapshot/panlex-20191001-csv/2899#111111664>				<https://panlex.org/snapshot/panlex-20191001-csv/2899#111111711>		"ইহুদী"@bn	
"Лалын шажан"@bxr	<https://panlex.org/snapshot/panlex-20191001-csv/2899#111112909>				<https://panlex.org/snapshot/panlex-20191001-csv/2899#111112907>		"ইসলাম"@bn	
"церковь"@bxr	<https://panlex.org/snapshot/panlex-20191001-csv/2899#111112767>				<https://panlex.org/snapshot/panlex-20191001-csv/2899#111112854>		"গির্জা"@bn	
"Авраамай шажанууд"@bxr	<https://panlex.org/snapshot/panlex-20191001-csv/2899#111113650>				<https://panlex.org/snapshot/panlex-20191001-csv/2899#111113698>		"ইব্রাহিমী ধর্ম"@bn	
"Моисей"@bxr	<https://panlex.org/snapshot/panlex-20191001-csv/2899#111111933>				<https://panlex.org/snapshot/panlex-20191001-csv/2899#111112025>		"মূসা"@bn	
"Иудейн шажан"@bxr	<https://panlex.org/snapshot/panlex-20191001-csv/2899#111111564>				<https://panlex.org/snapshot/panlex-20191001-csv/2899#111111557>		"ইহুদীধর্ম"@bn	
"Тора"@bxr	<https://panlex.org/snapshot/panlex-20191001-csv/2899#111111792>				<https://panlex.org/snapshot/panlex-20191001-csv/2899#111111874>		"তৌরাত্"@bn	
"синагога"@bxr	<https://panlex.org/snapshot/panlex-20191001-csv/2899#111112090>				<https://panlex.org/snapshot/panlex-20191001-csv/2899#111112157>		"সিনাগোগ"@bn	
"Христосой шажан"@bxr	<https://panlex.org/snapshot/panlex-20191001-csv/2899#111112253>				<https://panlex.org/snapshot/panlex-20191001-csv/2899#111112279>		"খ্রিস্টধর্ম"@bn	
"Христосой"@bxr	<https://panlex.org/snapshot/panlex-20191001-csv/2899#111112436>				<https://panlex.org/snapshot/panlex-20191001-csv/2899#111112442>		"খ্রিস্টান"@bn	
"Мухаммед"@bxr	<https://panlex.org/snapshot/panlex-20191001-csv/2899#111113424>				<https://panlex.org/snapshot/panlex-20191001-csv/2899#111113454>		"মুহাম্মাদ"@bn	
"Ислам"@bxr	<https://panlex.org/snapshot/panlex-20191001-csv/2899#111112942>				<https://panlex.org/snapshot/panlex-20191001-csv/2899#111112907>		"ইসলাম"@bn	
"мечеть"@bxr	<https://panlex.org/snapshot/panlex-20191001-csv/2899#111113580>				<https://panlex.org/snapshot/panlex-20191001-csv/2899#111113593>		"মসজিদ"@bn	
"Библи"@bxr	<https://panlex.org/snapshot/panlex-20191001-csv/2899#111112558>				<https://panlex.org/snapshot/panlex-20191001-csv/2899#111112541>		"বাইবেল"@bn	
"Иисус Христос"@bxr	<https://panlex.org/snapshot/panlex-20191001-csv/2899#111112653>				<https://panlex.org/snapshot/panlex-20191001-csv/2899#111112739>		"যীশূ"@bn	
