"Дэлхэйн нэгэдүгээр дайн"@bxr	<https://panlex.org/snapshot/panlex-20191001-csv/6709#111077330>				<https://panlex.org/snapshot/panlex-20191001-csv/6709#111077307>		"Ogun Àgbáyé Kìíní"@yo	
"Дэлхэйн хоёрдугаар дайн"@bxr	<https://panlex.org/snapshot/panlex-20191001-csv/6709#111077571>				<https://panlex.org/snapshot/panlex-20191001-csv/6709#111077541>		"Ogun Àgbáyé Kejì"@yo	
"бороо"@bxr	<https://panlex.org/snapshot/panlex-20191001-csv/5946#84436251>				<https://panlex.org/snapshot/panlex-20191001-csv/5946#84436409>		"òjò"@yo	
"астрономи"@bxr	<https://panlex.org/snapshot/panlex-20191001-csv/2904#111022037>				<https://panlex.org/snapshot/panlex-20191001-csv/2904#111022040>		"é̩ko̩ nípa àwěn ìràwó̩ìmo̩ ìràwó̩"@yo	
"медицинэ"@bxr	<https://panlex.org/snapshot/panlex-20191001-csv/2904#111023626>				<https://panlex.org/snapshot/panlex-20191001-csv/2904#111023572>		"egbògi"@yo	
"гүн ухаан"@bxr	<https://panlex.org/snapshot/panlex-20191001-csv/2904#111023906>				<https://panlex.org/snapshot/panlex-20191001-csv/2904#111023873>		"è̩kó̩ ìmò̩"@yo	
"хэлэ шэнжэлэл"@bxr	<https://panlex.org/snapshot/panlex-20191001-csv/2904#111023153>				<https://panlex.org/snapshot/panlex-20191001-csv/2904#111023279>		"è̩kó̩ mímò̩ èdè"@yo	
"географи"@bxr	<https://panlex.org/snapshot/panlex-20191001-csv/2904#111022753>				<https://panlex.org/snapshot/panlex-20191001-csv/2904#111022637>		"ìwé ìko̩ni nípa àgbáyé"@yo	
"физикэ"@bxr	<https://panlex.org/snapshot/panlex-20191001-csv/2904#111024184>				<https://panlex.org/snapshot/panlex-20191001-csv/2904#111023987>		"agbára"@yo	
"шэнжэлхэ ухаан"@bxr	<https://panlex.org/snapshot/panlex-20191001-csv/2904#111024381>				<https://panlex.org/snapshot/panlex-20191001-csv/2904#111024290>		"sáyé̩nsì"@yo	
"биологи"@bxr	<https://panlex.org/snapshot/panlex-20191001-csv/2904#111022289>				<https://panlex.org/snapshot/panlex-20191001-csv/2904#111022342>		"è̩kó̩ nípa é̩dá bàyó̩ló̩jì"@yo	
"архитектура"@bxr	<https://panlex.org/snapshot/panlex-20191001-csv/2904#111021752>				<https://panlex.org/snapshot/panlex-20191001-csv/2904#111021855>		"aworan ilé̩ kíkó̩"@yo	
"хими"@bxr	<https://panlex.org/snapshot/panlex-20191001-csv/2904#111022369>				<https://panlex.org/snapshot/panlex-20191001-csv/2904#111022503>		"irú é̩ko̩ kan"@yo	
"анагааха ухаан"@bxr	<https://panlex.org/snapshot/panlex-20191001-csv/2904#111023584>				<https://panlex.org/snapshot/panlex-20191001-csv/2904#111023572>		"egbògi"@yo	
"философи"@bxr	<https://panlex.org/snapshot/panlex-20191001-csv/2904#111023925>				<https://panlex.org/snapshot/panlex-20191001-csv/2904#111023873>		"è̩kó̩ ìmò̩"@yo	
"бодос зүй"@bxr	<https://panlex.org/snapshot/panlex-20191001-csv/2904#111024127>				<https://panlex.org/snapshot/panlex-20191001-csv/2904#111023987>		"agbára"@yo	
"түүхэ"@bxr	<https://panlex.org/snapshot/panlex-20191001-csv/2904#111023026>				<https://panlex.org/snapshot/panlex-20191001-csv/2904#111022962>		"íwé ìtàn"@yo	
"университет"@bxr	<https://panlex.org/snapshot/panlex-20191001-csv/2904#111024549>				<https://panlex.org/snapshot/panlex-20191001-csv/2904#111024455>		"yunifásítì"@yo	
"математика"@bxr	<https://panlex.org/snapshot/panlex-20191001-csv/2904#111023345>				<https://panlex.org/snapshot/panlex-20191001-csv/2904#111023373>		"ìs̩irò"@yo	
"талынхид"@bxr	<https://panlex.org/snapshot/panlex-20191001-csv/2902#111011979>				<https://panlex.org/snapshot/panlex-20191001-csv/2902#111012037>		"alaáfía"@yo	
"Хара тэнгис"@bxr	<https://panlex.org/snapshot/panlex-20191001-csv/2905#110868999>				<https://panlex.org/snapshot/panlex-20191001-csv/2905#110869168>		"Òkun Dúdú"@yo	
"Аравиин тэнгис"@bxr	<https://panlex.org/snapshot/panlex-20191001-csv/2905#110868540>				<https://panlex.org/snapshot/panlex-20191001-csv/2905#110868467>		"Òkun Arábíà"@yo	
"Газарай дундада тэнгис"@bxr	<https://panlex.org/snapshot/panlex-20191001-csv/2905#110870469>				<https://panlex.org/snapshot/panlex-20191001-csv/2905#110870371>		"Òkun Me̩ditéránì"@yo	
"Улаан тэнгис"@bxr	<https://panlex.org/snapshot/panlex-20191001-csv/2905#110871121>				<https://panlex.org/snapshot/panlex-20191001-csv/2905#110871006>		"Òkun Pupa"@yo	
"Мигмар"@bxr	<https://panlex.org/snapshot/panlex-20191001-csv/2907#110845967>				<https://panlex.org/snapshot/panlex-20191001-csv/2907#110846056>		"Mársì"@yo	
"Наран"@bxr	<https://panlex.org/snapshot/panlex-20191001-csv/2907#110844873>				<https://panlex.org/snapshot/panlex-20191001-csv/2907#110845056>		"Òòrùn"@yo	
"Далайн ван"@bxr	<https://panlex.org/snapshot/panlex-20191001-csv/2907#110847053>				<https://panlex.org/snapshot/panlex-20191001-csv/2907#110847027>		"Nẹ́ptúùnù"@yo	
"Баасан"@bxr	<https://panlex.org/snapshot/panlex-20191001-csv/2907#110845323>				<https://panlex.org/snapshot/panlex-20191001-csv/2907#110845462>		"Àgùàlà"@yo	
"Оршолон"@bxr	<https://panlex.org/snapshot/panlex-20191001-csv/2907#110849118>				<https://panlex.org/snapshot/panlex-20191001-csv/2907#110848930>		"Ayégbogbo è̩dáàgbáyé"@yo	
"Пүрбэ"@bxr	<https://panlex.org/snapshot/panlex-20191001-csv/2907#110846397>				<https://panlex.org/snapshot/panlex-20191001-csv/2907#110846523>		"Júpítà"@yo	
"Һара"@bxr	<https://panlex.org/snapshot/panlex-20191001-csv/2907#110845915>				<https://panlex.org/snapshot/panlex-20191001-csv/2907#110845720>		"Òs̩ùpá"@yo	
"Бимба"@bxr	<https://panlex.org/snapshot/panlex-20191001-csv/2907#110846695>				<https://panlex.org/snapshot/panlex-20191001-csv/2907#110846564>		"Sátó̩ó̩nù"@yo	
"Дэлхэй"@bxr	<https://panlex.org/snapshot/panlex-20191001-csv/2907#110845557>				<https://panlex.org/snapshot/panlex-20191001-csv/2907#110845630>		"Ilè̩-ayé"@yo	
"Һагба"@bxr	<https://panlex.org/snapshot/panlex-20191001-csv/2907#110845210>				<https://panlex.org/snapshot/panlex-20191001-csv/2907#110845092>		"Mé̩kíúrì"@yo	
"Дэлхэйн ван"@bxr	<https://panlex.org/snapshot/panlex-20191001-csv/2907#110847287>				<https://panlex.org/snapshot/panlex-20191001-csv/2907#110847194>		"Pluto"@yo	
"Наранай аймаг"@bxr	<https://panlex.org/snapshot/panlex-20191001-csv/2907#110848313>				<https://panlex.org/snapshot/panlex-20191001-csv/2907#110848193>		"Ò̩nà ètò tòòrùn"@yo	
"Тэнгэриин ван"@bxr	<https://panlex.org/snapshot/panlex-20191001-csv/2907#110846929>				<https://panlex.org/snapshot/panlex-20191001-csv/2907#110846974>		"Úránó̩ó̩sì"@yo	
"Номгон далай"@bxr	<https://panlex.org/snapshot/panlex-20191001-csv/2901#110868054>				<https://panlex.org/snapshot/panlex-20191001-csv/2901#110867985>		"Òkun Alafia"@yo	
"Хойто Мүльһэн далай"@bxr	<https://panlex.org/snapshot/panlex-20191001-csv/2901#110867321>				<https://panlex.org/snapshot/panlex-20191001-csv/2901#110867257>		"Òkun Árktìkì"@yo	
"Атлантын далай"@bxr	<https://panlex.org/snapshot/panlex-20191001-csv/2901#110867440>				<https://panlex.org/snapshot/panlex-20191001-csv/2901#110867403>		"Òkun Atlantiki"@yo	
"Энэдхэгэй далай"@bxr	<https://panlex.org/snapshot/panlex-20191001-csv/2901#110867678>				<https://panlex.org/snapshot/panlex-20191001-csv/2901#110867818>		"Òkun India"@yo	
"Урда далай"@bxr	<https://panlex.org/snapshot/panlex-20191001-csv/2901#110868334>				<https://panlex.org/snapshot/panlex-20191001-csv/2901#110868387>		"Òkun Apa-Ariwa"@yo	
"Ехэ Александр"@bxr	<https://panlex.org/snapshot/panlex-20191001-csv/2906#111019304>				<https://panlex.org/snapshot/panlex-20191001-csv/2906#111019336>		"Ale̩ksándrò̩s Olókìkí"@yo	
"Адам Ева хоёр"@bxr	<https://panlex.org/snapshot/panlex-20191001-csv/2906#111019158>				<https://panlex.org/snapshot/panlex-20191001-csv/2906#111019227>		"Ádámù àti Éfà"@yo	
"НҮБ"@bxr	<https://panlex.org/snapshot/panlex-20191001-csv/2894#111102081>				<https://panlex.org/snapshot/panlex-20191001-csv/2894#111102108>		"Àkójo̩e̩gbé̩ Ìs̩ò̩kan àwo̩n Orílè̩-èdè"@yo	
"Нэгэдэмэл Үндэhэнэй Байгуулга"@bxr	<https://panlex.org/snapshot/panlex-20191001-csv/2894#111102053>				<https://panlex.org/snapshot/panlex-20191001-csv/2894#111102108>		"Àkójo̩e̩gbé̩ Ìs̩ò̩kan àwo̩n Orílè̩-èdè"@yo	
"гарагай хоёр"@bxr	<https://panlex.org/snapshot/panlex-20191001-csv/2892#110824113>				<https://panlex.org/snapshot/panlex-20191001-csv/2892#110824027>		"o̩jó̩ Mo̩ndé"@yo	
"гарагай хоёр"@bxr	<https://panlex.org/snapshot/panlex-20191001-csv/2892#110824113>				<https://panlex.org/snapshot/panlex-20191001-csv/2892#110824318>		"o̩jó̩ keji o̩sè̩"@yo	
"гарагай хоёр"@bxr	<https://panlex.org/snapshot/panlex-20191001-csv/2892#110824113>				<https://panlex.org/snapshot/panlex-20191001-csv/2892#110824104>		"Mo̩ndé"@yo	
"гарагай хоёр"@bxr	<https://panlex.org/snapshot/panlex-20191001-csv/2892#110824113>				<https://panlex.org/snapshot/panlex-20191001-csv/2892#110824386>		"o̩jó̩ Ajé"@yo	
"вторник"@bxr	<https://panlex.org/snapshot/panlex-20191001-csv/2892#110824791>				<https://panlex.org/snapshot/panlex-20191001-csv/2892#110824452>		"o̩jó̩ Is̩è̩gun"@yo	
"вторник"@bxr	<https://panlex.org/snapshot/panlex-20191001-csv/2892#110824791>				<https://panlex.org/snapshot/panlex-20191001-csv/2892#110824740>		"o̩jó̩ Tusidé"@yo	
"вторник"@bxr	<https://panlex.org/snapshot/panlex-20191001-csv/2892#110824791>				<https://panlex.org/snapshot/panlex-20191001-csv/2892#110824518>		"o̩jó̩ ke̩ta o̩sè̩"@yo	
"вторник"@bxr	<https://panlex.org/snapshot/panlex-20191001-csv/2892#110824791>				<https://panlex.org/snapshot/panlex-20191001-csv/2892#110824573>		"Tusidé"@yo	
"няма"@bxr	<https://panlex.org/snapshot/panlex-20191001-csv/2892#110826918>				<https://panlex.org/snapshot/panlex-20191001-csv/2892#110826976>		"So̩ndé"@yo	
"няма"@bxr	<https://panlex.org/snapshot/panlex-20191001-csv/2892#110826918>				<https://panlex.org/snapshot/panlex-20191001-csv/2892#110826947>		"o̩jó̩ kini o̩sè̩"@yo	
"няма"@bxr	<https://panlex.org/snapshot/panlex-20191001-csv/2892#110826918>				<https://panlex.org/snapshot/panlex-20191001-csv/2892#110826852>		"o̩jó̩ So̩ndé"@yo	
"няма"@bxr	<https://panlex.org/snapshot/panlex-20191001-csv/2892#110826918>				<https://panlex.org/snapshot/panlex-20191001-csv/2892#110826587>		"o̩jó̩ Àikú"@yo	
"няма"@bxr	<https://panlex.org/snapshot/panlex-20191001-csv/2892#110826918>				<https://panlex.org/snapshot/panlex-20191001-csv/2892#110826806>		"o̩jó̩ o̩sè̩"@yo	
"среда"@bxr	<https://panlex.org/snapshot/panlex-20191001-csv/2892#110825111>				<https://panlex.org/snapshot/panlex-20191001-csv/2892#110825234>		"Wesidé"@yo	
"среда"@bxr	<https://panlex.org/snapshot/panlex-20191001-csv/2892#110825111>				<https://panlex.org/snapshot/panlex-20191001-csv/2892#110825244>		"o̩jó̩ ke̩rin o̩sè̩"@yo	
"среда"@bxr	<https://panlex.org/snapshot/panlex-20191001-csv/2892#110825111>				<https://panlex.org/snapshot/panlex-20191001-csv/2892#110825256>		"o̩jó̩ Wesidé"@yo	
"среда"@bxr	<https://panlex.org/snapshot/panlex-20191001-csv/2892#110825111>				<https://panlex.org/snapshot/panlex-20191001-csv/2892#110824881>		"o̩jó̩ ’Ru"@yo	
"гарагай гурбан"@bxr	<https://panlex.org/snapshot/panlex-20191001-csv/2892#110824506>				<https://panlex.org/snapshot/panlex-20191001-csv/2892#110824452>		"o̩jó̩ Is̩è̩gun"@yo	
"гарагай гурбан"@bxr	<https://panlex.org/snapshot/panlex-20191001-csv/2892#110824506>				<https://panlex.org/snapshot/panlex-20191001-csv/2892#110824740>		"o̩jó̩ Tusidé"@yo	
"гарагай гурбан"@bxr	<https://panlex.org/snapshot/panlex-20191001-csv/2892#110824506>				<https://panlex.org/snapshot/panlex-20191001-csv/2892#110824518>		"o̩jó̩ ke̩ta o̩sè̩"@yo	
"гарагай гурбан"@bxr	<https://panlex.org/snapshot/panlex-20191001-csv/2892#110824506>				<https://panlex.org/snapshot/panlex-20191001-csv/2892#110824573>		"Tusidé"@yo	
"гарагай дүрбэн"@bxr	<https://panlex.org/snapshot/panlex-20191001-csv/2892#110824957>				<https://panlex.org/snapshot/panlex-20191001-csv/2892#110825234>		"Wesidé"@yo	
"гарагай дүрбэн"@bxr	<https://panlex.org/snapshot/panlex-20191001-csv/2892#110824957>				<https://panlex.org/snapshot/panlex-20191001-csv/2892#110825244>		"o̩jó̩ ke̩rin o̩sè̩"@yo	
"гарагай дүрбэн"@bxr	<https://panlex.org/snapshot/panlex-20191001-csv/2892#110824957>				<https://panlex.org/snapshot/panlex-20191001-csv/2892#110825256>		"o̩jó̩ Wesidé"@yo	
"гарагай дүрбэн"@bxr	<https://panlex.org/snapshot/panlex-20191001-csv/2892#110824957>				<https://panlex.org/snapshot/panlex-20191001-csv/2892#110824881>		"o̩jó̩ ’Ru"@yo	
"гарагай зургаан"@bxr	<https://panlex.org/snapshot/panlex-20191001-csv/2892#110825964>				<https://panlex.org/snapshot/panlex-20191001-csv/2892#110826126>		"o̩jó̩ ke̩fà o̩sè̩"@yo	
"гарагай зургаан"@bxr	<https://panlex.org/snapshot/panlex-20191001-csv/2892#110825964>				<https://panlex.org/snapshot/panlex-20191001-csv/2892#110825945>		"o̩jó̩ Jimõ̩"@yo	
"гарагай зургаан"@bxr	<https://panlex.org/snapshot/panlex-20191001-csv/2892#110825964>				<https://panlex.org/snapshot/panlex-20191001-csv/2892#110825756>		"Jimõ̩"@yo	
"гарагай зургаан"@bxr	<https://panlex.org/snapshot/panlex-20191001-csv/2892#110825964>				<https://panlex.org/snapshot/panlex-20191001-csv/2892#110825748>		"o̩jó̩ E̩ti"@yo	
"гарагай табан"@bxr	<https://panlex.org/snapshot/panlex-20191001-csv/2892#110825315>				<https://panlex.org/snapshot/panlex-20191001-csv/2892#110825672>		"o̩jó̩ Àlàmísì"@yo	
"гарагай табан"@bxr	<https://panlex.org/snapshot/panlex-20191001-csv/2892#110825315>				<https://panlex.org/snapshot/panlex-20191001-csv/2892#110825573>		"o̩jó̩ kãrun o̩sè̩"@yo	
"гарагай табан"@bxr	<https://panlex.org/snapshot/panlex-20191001-csv/2892#110825315>				<https://panlex.org/snapshot/panlex-20191001-csv/2892#110825607>		"Àlàmísì"@yo	
"гарагай табан"@bxr	<https://panlex.org/snapshot/panlex-20191001-csv/2892#110825315>				<https://panlex.org/snapshot/panlex-20191001-csv/2892#110825529>		"o̩jó̩ ’Bo̩̩"@yo	
"баасан"@bxr	<https://panlex.org/snapshot/panlex-20191001-csv/2892#110825923>				<https://panlex.org/snapshot/panlex-20191001-csv/2892#110826126>		"o̩jó̩ ke̩fà o̩sè̩"@yo	
"баасан"@bxr	<https://panlex.org/snapshot/panlex-20191001-csv/2892#110825923>				<https://panlex.org/snapshot/panlex-20191001-csv/2892#110825945>		"o̩jó̩ Jimõ̩"@yo	
"баасан"@bxr	<https://panlex.org/snapshot/panlex-20191001-csv/2892#110825923>				<https://panlex.org/snapshot/panlex-20191001-csv/2892#110825756>		"Jimõ̩"@yo	
"баасан"@bxr	<https://panlex.org/snapshot/panlex-20191001-csv/2892#110825923>				<https://panlex.org/snapshot/panlex-20191001-csv/2892#110825748>		"o̩jó̩ E̩ti"@yo	
"һагба"@bxr	<https://panlex.org/snapshot/panlex-20191001-csv/2892#110824868>				<https://panlex.org/snapshot/panlex-20191001-csv/2892#110825234>		"Wesidé"@yo	
"һагба"@bxr	<https://panlex.org/snapshot/panlex-20191001-csv/2892#110824868>				<https://panlex.org/snapshot/panlex-20191001-csv/2892#110825244>		"o̩jó̩ ke̩rin o̩sè̩"@yo	
"һагба"@bxr	<https://panlex.org/snapshot/panlex-20191001-csv/2892#110824868>				<https://panlex.org/snapshot/panlex-20191001-csv/2892#110825256>		"o̩jó̩ Wesidé"@yo	
"һагба"@bxr	<https://panlex.org/snapshot/panlex-20191001-csv/2892#110824868>				<https://panlex.org/snapshot/panlex-20191001-csv/2892#110824881>		"o̩jó̩ ’Ru"@yo	
"воскресени"@bxr	<https://panlex.org/snapshot/panlex-20191001-csv/2892#110827025>				<https://panlex.org/snapshot/panlex-20191001-csv/2892#110826976>		"So̩ndé"@yo	
"воскресени"@bxr	<https://panlex.org/snapshot/panlex-20191001-csv/2892#110827025>				<https://panlex.org/snapshot/panlex-20191001-csv/2892#110826947>		"o̩jó̩ kini o̩sè̩"@yo	
"воскресени"@bxr	<https://panlex.org/snapshot/panlex-20191001-csv/2892#110827025>				<https://panlex.org/snapshot/panlex-20191001-csv/2892#110826852>		"o̩jó̩ So̩ndé"@yo	
"воскресени"@bxr	<https://panlex.org/snapshot/panlex-20191001-csv/2892#110827025>				<https://panlex.org/snapshot/panlex-20191001-csv/2892#110826587>		"o̩jó̩ Àikú"@yo	
"воскресени"@bxr	<https://panlex.org/snapshot/panlex-20191001-csv/2892#110827025>				<https://panlex.org/snapshot/panlex-20191001-csv/2892#110826806>		"o̩jó̩ o̩sè̩"@yo	
"пүрбэ"@bxr	<https://panlex.org/snapshot/panlex-20191001-csv/2892#110825334>				<https://panlex.org/snapshot/panlex-20191001-csv/2892#110825672>		"o̩jó̩ Àlàmísì"@yo	
"пүрбэ"@bxr	<https://panlex.org/snapshot/panlex-20191001-csv/2892#110825334>				<https://panlex.org/snapshot/panlex-20191001-csv/2892#110825573>		"o̩jó̩ kãrun o̩sè̩"@yo	
"пүрбэ"@bxr	<https://panlex.org/snapshot/panlex-20191001-csv/2892#110825334>				<https://panlex.org/snapshot/panlex-20191001-csv/2892#110825607>		"Àlàmísì"@yo	
"пүрбэ"@bxr	<https://panlex.org/snapshot/panlex-20191001-csv/2892#110825334>				<https://panlex.org/snapshot/panlex-20191001-csv/2892#110825529>		"o̩jó̩ ’Bo̩̩"@yo	
"пятница"@bxr	<https://panlex.org/snapshot/panlex-20191001-csv/2892#110825888>				<https://panlex.org/snapshot/panlex-20191001-csv/2892#110826126>		"o̩jó̩ ke̩fà o̩sè̩"@yo	
"пятница"@bxr	<https://panlex.org/snapshot/panlex-20191001-csv/2892#110825888>				<https://panlex.org/snapshot/panlex-20191001-csv/2892#110825945>		"o̩jó̩ Jimõ̩"@yo	
"пятница"@bxr	<https://panlex.org/snapshot/panlex-20191001-csv/2892#110825888>				<https://panlex.org/snapshot/panlex-20191001-csv/2892#110825756>		"Jimõ̩"@yo	
"пятница"@bxr	<https://panlex.org/snapshot/panlex-20191001-csv/2892#110825888>				<https://panlex.org/snapshot/panlex-20191001-csv/2892#110825748>		"o̩jó̩ E̩ti"@yo	
"четверг"@bxr	<https://panlex.org/snapshot/panlex-20191001-csv/2892#110825548>				<https://panlex.org/snapshot/panlex-20191001-csv/2892#110825672>		"o̩jó̩ Àlàmísì"@yo	
"четверг"@bxr	<https://panlex.org/snapshot/panlex-20191001-csv/2892#110825548>				<https://panlex.org/snapshot/panlex-20191001-csv/2892#110825573>		"o̩jó̩ kãrun o̩sè̩"@yo	
"четверг"@bxr	<https://panlex.org/snapshot/panlex-20191001-csv/2892#110825548>				<https://panlex.org/snapshot/panlex-20191001-csv/2892#110825607>		"Àlàmísì"@yo	
"четверг"@bxr	<https://panlex.org/snapshot/panlex-20191001-csv/2892#110825548>				<https://panlex.org/snapshot/panlex-20191001-csv/2892#110825529>		"o̩jó̩ ’Bo̩̩"@yo	
"гарагай долоон"@bxr	<https://panlex.org/snapshot/panlex-20191001-csv/2892#110826273>				<https://panlex.org/snapshot/panlex-20191001-csv/2892#110826278>		"o̩jó̩ Satidé"@yo	
"гарагай долоон"@bxr	<https://panlex.org/snapshot/panlex-20191001-csv/2892#110826273>				<https://panlex.org/snapshot/panlex-20191001-csv/2892#110826421>		"Satidé"@yo	
"гарагай долоон"@bxr	<https://panlex.org/snapshot/panlex-20191001-csv/2892#110826273>				<https://panlex.org/snapshot/panlex-20191001-csv/2892#110826309>		"o̩jó̩ Abame̩ta"@yo	
"гарагай долоон"@bxr	<https://panlex.org/snapshot/panlex-20191001-csv/2892#110826273>				<https://panlex.org/snapshot/panlex-20191001-csv/2892#110826244>		"o̩jó̩ keje o̩sè̩"@yo	
"понедельник"@bxr	<https://panlex.org/snapshot/panlex-20191001-csv/2892#110824252>				<https://panlex.org/snapshot/panlex-20191001-csv/2892#110824027>		"o̩jó̩ Mo̩ndé"@yo	
"понедельник"@bxr	<https://panlex.org/snapshot/panlex-20191001-csv/2892#110824252>				<https://panlex.org/snapshot/panlex-20191001-csv/2892#110824318>		"o̩jó̩ keji o̩sè̩"@yo	
"понедельник"@bxr	<https://panlex.org/snapshot/panlex-20191001-csv/2892#110824252>				<https://panlex.org/snapshot/panlex-20191001-csv/2892#110824104>		"Mo̩ndé"@yo	
"понедельник"@bxr	<https://panlex.org/snapshot/panlex-20191001-csv/2892#110824252>				<https://panlex.org/snapshot/panlex-20191001-csv/2892#110824386>		"o̩jó̩ Ajé"@yo	
"мягмар"@bxr	<https://panlex.org/snapshot/panlex-20191001-csv/2892#110824709>				<https://panlex.org/snapshot/panlex-20191001-csv/2892#110824452>		"o̩jó̩ Is̩è̩gun"@yo	
"мягмар"@bxr	<https://panlex.org/snapshot/panlex-20191001-csv/2892#110824709>				<https://panlex.org/snapshot/panlex-20191001-csv/2892#110824740>		"o̩jó̩ Tusidé"@yo	
"мягмар"@bxr	<https://panlex.org/snapshot/panlex-20191001-csv/2892#110824709>				<https://panlex.org/snapshot/panlex-20191001-csv/2892#110824518>		"o̩jó̩ ke̩ta o̩sè̩"@yo	
"мягмар"@bxr	<https://panlex.org/snapshot/panlex-20191001-csv/2892#110824709>				<https://panlex.org/snapshot/panlex-20191001-csv/2892#110824573>		"Tusidé"@yo	
"бямба"@bxr	<https://panlex.org/snapshot/panlex-20191001-csv/2892#110826543>				<https://panlex.org/snapshot/panlex-20191001-csv/2892#110826278>		"o̩jó̩ Satidé"@yo	
"бямба"@bxr	<https://panlex.org/snapshot/panlex-20191001-csv/2892#110826543>				<https://panlex.org/snapshot/panlex-20191001-csv/2892#110826421>		"Satidé"@yo	
"бямба"@bxr	<https://panlex.org/snapshot/panlex-20191001-csv/2892#110826543>				<https://panlex.org/snapshot/panlex-20191001-csv/2892#110826309>		"o̩jó̩ Abame̩ta"@yo	
"бямба"@bxr	<https://panlex.org/snapshot/panlex-20191001-csv/2892#110826543>				<https://panlex.org/snapshot/panlex-20191001-csv/2892#110826244>		"o̩jó̩ keje o̩sè̩"@yo	
"суббото"@bxr	<https://panlex.org/snapshot/panlex-20191001-csv/2892#110826471>				<https://panlex.org/snapshot/panlex-20191001-csv/2892#110826278>		"o̩jó̩ Satidé"@yo	
"суббото"@bxr	<https://panlex.org/snapshot/panlex-20191001-csv/2892#110826471>				<https://panlex.org/snapshot/panlex-20191001-csv/2892#110826421>		"Satidé"@yo	
"суббото"@bxr	<https://panlex.org/snapshot/panlex-20191001-csv/2892#110826471>				<https://panlex.org/snapshot/panlex-20191001-csv/2892#110826309>		"o̩jó̩ Abame̩ta"@yo	
"суббото"@bxr	<https://panlex.org/snapshot/panlex-20191001-csv/2892#110826471>				<https://panlex.org/snapshot/panlex-20191001-csv/2892#110826244>		"o̩jó̩ keje o̩sè̩"@yo	
"дабаа"@bxr	<https://panlex.org/snapshot/panlex-20191001-csv/2892#110824319>				<https://panlex.org/snapshot/panlex-20191001-csv/2892#110824027>		"o̩jó̩ Mo̩ndé"@yo	
"дабаа"@bxr	<https://panlex.org/snapshot/panlex-20191001-csv/2892#110824319>				<https://panlex.org/snapshot/panlex-20191001-csv/2892#110824318>		"o̩jó̩ keji o̩sè̩"@yo	
"дабаа"@bxr	<https://panlex.org/snapshot/panlex-20191001-csv/2892#110824319>				<https://panlex.org/snapshot/panlex-20191001-csv/2892#110824104>		"Mo̩ndé"@yo	
"дабаа"@bxr	<https://panlex.org/snapshot/panlex-20191001-csv/2892#110824319>				<https://panlex.org/snapshot/panlex-20191001-csv/2892#110824386>		"o̩jó̩ Ajé"@yo	
"гарагай нэгэн"@bxr	<https://panlex.org/snapshot/panlex-20191001-csv/2892#110826992>				<https://panlex.org/snapshot/panlex-20191001-csv/2892#110826976>		"So̩ndé"@yo	
"гарагай нэгэн"@bxr	<https://panlex.org/snapshot/panlex-20191001-csv/2892#110826992>				<https://panlex.org/snapshot/panlex-20191001-csv/2892#110826947>		"o̩jó̩ kini o̩sè̩"@yo	
"гарагай нэгэн"@bxr	<https://panlex.org/snapshot/panlex-20191001-csv/2892#110826992>				<https://panlex.org/snapshot/panlex-20191001-csv/2892#110826852>		"o̩jó̩ So̩ndé"@yo	
"гарагай нэгэн"@bxr	<https://panlex.org/snapshot/panlex-20191001-csv/2892#110826992>				<https://panlex.org/snapshot/panlex-20191001-csv/2892#110826587>		"o̩jó̩ Àikú"@yo	
"гарагай нэгэн"@bxr	<https://panlex.org/snapshot/panlex-20191001-csv/2892#110826992>				<https://panlex.org/snapshot/panlex-20191001-csv/2892#110826806>		"o̩jó̩ o̩sè̩"@yo	
"декабрь"@bxr	<https://panlex.org/snapshot/panlex-20191001-csv/2897#110831952>				<https://panlex.org/snapshot/panlex-20191001-csv/2897#110831575>		"kejìlá"@yo	
"октябрь"@bxr	<https://panlex.org/snapshot/panlex-20191001-csv/2897#110831133>				<https://panlex.org/snapshot/panlex-20191001-csv/2897#110830880>		"kè̩wá"@yo	
"ноябрь"@bxr	<https://panlex.org/snapshot/panlex-20191001-csv/2897#110831511>				<https://panlex.org/snapshot/panlex-20191001-csv/2897#110831166>		"ko̩kànlá"@yo	
"июнь"@bxr	<https://panlex.org/snapshot/panlex-20191001-csv/2897#110829278>				<https://panlex.org/snapshot/panlex-20191001-csv/2897#110829359>		"ke̩fà"@yo	
"апрель"@bxr	<https://panlex.org/snapshot/panlex-20191001-csv/2897#110828300>				<https://panlex.org/snapshot/panlex-20191001-csv/2897#110828336>		"ke̩rin"@yo	
"январь"@bxr	<https://panlex.org/snapshot/panlex-20191001-csv/2897#110827164>				<https://panlex.org/snapshot/panlex-20191001-csv/2897#110827160>		"kínní"@yo	
"март"@bxr	<https://panlex.org/snapshot/panlex-20191001-csv/2897#110828219>				<https://panlex.org/snapshot/panlex-20191001-csv/2897#110828239>		"ke̩ta"@yo	
"сентябрь"@bxr	<https://panlex.org/snapshot/panlex-20191001-csv/2897#110830522>				<https://panlex.org/snapshot/panlex-20191001-csv/2897#110830328>		"kè̩sán"@yo	
"февраль"@bxr	<https://panlex.org/snapshot/panlex-20191001-csv/2897#110827494>				<https://panlex.org/snapshot/panlex-20191001-csv/2897#110827753>		"kejì"@yo	
"май"@bxr	<https://panlex.org/snapshot/panlex-20191001-csv/2897#110829062>				<https://panlex.org/snapshot/panlex-20191001-csv/2897#110828890>		"kàrún"@yo	
"август"@bxr	<https://panlex.org/snapshot/panlex-20191001-csv/2897#110830242>				<https://panlex.org/snapshot/panlex-20191001-csv/2897#110830305>		"ke̩jo̩"@yo	
"июль"@bxr	<https://panlex.org/snapshot/panlex-20191001-csv/2897#110829551>				<https://panlex.org/snapshot/panlex-20191001-csv/2897#110829814>		"keje"@yo	
"Европо"@bxr	<https://panlex.org/snapshot/panlex-20191001-csv/2891#110854102>				<https://panlex.org/snapshot/panlex-20191001-csv/2891#110854191>		"Yúróòpù"@yo	
