"гарагай хоёр"@bxr	<https://panlex.org/snapshot/panlex-20191001-csv/2892#110824113>				<https://panlex.org/snapshot/panlex-20191001-csv/2892#110824005>		"拜一"@nan	
"вторник"@bxr	<https://panlex.org/snapshot/panlex-20191001-csv/2892#110824791>				<https://panlex.org/snapshot/panlex-20191001-csv/2892#110824535>		"拜二"@nan	
"няма"@bxr	<https://panlex.org/snapshot/panlex-20191001-csv/2892#110826918>				<https://panlex.org/snapshot/panlex-20191001-csv/2892#110826814>		"禮拜"@nan	
"среда"@bxr	<https://panlex.org/snapshot/panlex-20191001-csv/2892#110825111>				<https://panlex.org/snapshot/panlex-20191001-csv/2892#110825076>		"拜三"@nan	
"гарагай гурбан"@bxr	<https://panlex.org/snapshot/panlex-20191001-csv/2892#110824506>				<https://panlex.org/snapshot/panlex-20191001-csv/2892#110824535>		"拜二"@nan	
"гарагай дүрбэн"@bxr	<https://panlex.org/snapshot/panlex-20191001-csv/2892#110824957>				<https://panlex.org/snapshot/panlex-20191001-csv/2892#110825076>		"拜三"@nan	
"гарагай зургаан"@bxr	<https://panlex.org/snapshot/panlex-20191001-csv/2892#110825964>				<https://panlex.org/snapshot/panlex-20191001-csv/2892#110826117>		"拜五"@nan	
"гарагай табан"@bxr	<https://panlex.org/snapshot/panlex-20191001-csv/2892#110825315>				<https://panlex.org/snapshot/panlex-20191001-csv/2892#110825504>		"拜四"@nan	
"баасан"@bxr	<https://panlex.org/snapshot/panlex-20191001-csv/2892#110825923>				<https://panlex.org/snapshot/panlex-20191001-csv/2892#110826117>		"拜五"@nan	
"һагба"@bxr	<https://panlex.org/snapshot/panlex-20191001-csv/2892#110824868>				<https://panlex.org/snapshot/panlex-20191001-csv/2892#110825076>		"拜三"@nan	
"воскресени"@bxr	<https://panlex.org/snapshot/panlex-20191001-csv/2892#110827025>				<https://panlex.org/snapshot/panlex-20191001-csv/2892#110826814>		"禮拜"@nan	
"пүрбэ"@bxr	<https://panlex.org/snapshot/panlex-20191001-csv/2892#110825334>				<https://panlex.org/snapshot/panlex-20191001-csv/2892#110825504>		"拜四"@nan	
"пятница"@bxr	<https://panlex.org/snapshot/panlex-20191001-csv/2892#110825888>				<https://panlex.org/snapshot/panlex-20191001-csv/2892#110826117>		"拜五"@nan	
"четверг"@bxr	<https://panlex.org/snapshot/panlex-20191001-csv/2892#110825548>				<https://panlex.org/snapshot/panlex-20191001-csv/2892#110825504>		"拜四"@nan	
"гарагай долоон"@bxr	<https://panlex.org/snapshot/panlex-20191001-csv/2892#110826273>				<https://panlex.org/snapshot/panlex-20191001-csv/2892#110826478>		"拜六"@nan	
"понедельник"@bxr	<https://panlex.org/snapshot/panlex-20191001-csv/2892#110824252>				<https://panlex.org/snapshot/panlex-20191001-csv/2892#110824005>		"拜一"@nan	
"мягмар"@bxr	<https://panlex.org/snapshot/panlex-20191001-csv/2892#110824709>				<https://panlex.org/snapshot/panlex-20191001-csv/2892#110824535>		"拜二"@nan	
"бямба"@bxr	<https://panlex.org/snapshot/panlex-20191001-csv/2892#110826543>				<https://panlex.org/snapshot/panlex-20191001-csv/2892#110826478>		"拜六"@nan	
"суббото"@bxr	<https://panlex.org/snapshot/panlex-20191001-csv/2892#110826471>				<https://panlex.org/snapshot/panlex-20191001-csv/2892#110826478>		"拜六"@nan	
"дабаа"@bxr	<https://panlex.org/snapshot/panlex-20191001-csv/2892#110824319>				<https://panlex.org/snapshot/panlex-20191001-csv/2892#110824005>		"拜一"@nan	
"гарагай нэгэн"@bxr	<https://panlex.org/snapshot/panlex-20191001-csv/2892#110826992>				<https://panlex.org/snapshot/panlex-20191001-csv/2892#110826814>		"禮拜"@nan	
"декабрь"@bxr	<https://panlex.org/snapshot/panlex-20191001-csv/2897#110831952>				<https://panlex.org/snapshot/panlex-20191001-csv/2897#110831626>		"十二月"@nan	
"октябрь"@bxr	<https://panlex.org/snapshot/panlex-20191001-csv/2897#110831133>				<https://panlex.org/snapshot/panlex-20191001-csv/2897#110831045>		"十月"@nan	
"ноябрь"@bxr	<https://panlex.org/snapshot/panlex-20191001-csv/2897#110831511>				<https://panlex.org/snapshot/panlex-20191001-csv/2897#110831478>		"十一月"@nan	
"июнь"@bxr	<https://panlex.org/snapshot/panlex-20191001-csv/2897#110829278>				<https://panlex.org/snapshot/panlex-20191001-csv/2897#110829267>		"六月"@nan	
"апрель"@bxr	<https://panlex.org/snapshot/panlex-20191001-csv/2897#110828300>				<https://panlex.org/snapshot/panlex-20191001-csv/2897#110828267>		"四月"@nan	
"январь"@bxr	<https://panlex.org/snapshot/panlex-20191001-csv/2897#110827164>				<https://panlex.org/snapshot/panlex-20191001-csv/2897#110827158>		"一月"@nan	
"март"@bxr	<https://panlex.org/snapshot/panlex-20191001-csv/2897#110828219>				<https://panlex.org/snapshot/panlex-20191001-csv/2897#110828076>		"三月"@nan	
"сентябрь"@bxr	<https://panlex.org/snapshot/panlex-20191001-csv/2897#110830522>				<https://panlex.org/snapshot/panlex-20191001-csv/2897#110830640>		"九月"@nan	
"февраль"@bxr	<https://panlex.org/snapshot/panlex-20191001-csv/2897#110827494>				<https://panlex.org/snapshot/panlex-20191001-csv/2897#110827481>		"二月"@nan	
"май"@bxr	<https://panlex.org/snapshot/panlex-20191001-csv/2897#110829062>				<https://panlex.org/snapshot/panlex-20191001-csv/2897#110828950>		"五月"@nan	
"август"@bxr	<https://panlex.org/snapshot/panlex-20191001-csv/2897#110830242>				<https://panlex.org/snapshot/panlex-20191001-csv/2897#110829955>		"八月"@nan	
"июль"@bxr	<https://panlex.org/snapshot/panlex-20191001-csv/2897#110829551>				<https://panlex.org/snapshot/panlex-20191001-csv/2897#110829728>		"七月"@nan	
