"balacang"@zlm	<https://panlex.org/snapshot/panlex-20191001-csv/114#8058261>				<https://panlex.org/snapshot/panlex-20191001-csv/114#8057848>		"hutrö"@dhv	
"balacang"@zlm	<https://panlex.org/snapshot/panlex-20191001-csv/114#8058261>				<https://panlex.org/snapshot/panlex-20191001-csv/114#8057849>		"ju"@dhv	
"ooso"@zlm	<https://panlex.org/snapshot/panlex-20191001-csv/114#8059792>				<https://panlex.org/snapshot/panlex-20191001-csv/114#8059412>		"ixel"@dhv	
"edong"@zlm	<https://panlex.org/snapshot/panlex-20191001-csv/114#8065575>				<https://panlex.org/snapshot/panlex-20191001-csv/114#8065125>		"hnafij"@dhv	
"ramboo"@zlm	<https://panlex.org/snapshot/panlex-20191001-csv/114#8065031>				<https://panlex.org/snapshot/panlex-20191001-csv/114#8064575>		"ipene|he"@dhv	
"ramboo"@zlm	<https://panlex.org/snapshot/panlex-20191001-csv/114#8065031>				<https://panlex.org/snapshot/panlex-20191001-csv/114#8064574>		"ihe"@dhv	
"coolit"@zlm	<https://panlex.org/snapshot/panlex-20191001-csv/114#8057764>				<https://panlex.org/snapshot/panlex-20191001-csv/114#8057334>		"kupein"@dhv	
"mikir"@zlm	<https://panlex.org/snapshot/panlex-20191001-csv/114#8062367>				<https://panlex.org/snapshot/panlex-20191001-csv/114#8061991>		"mekun"@dhv	
"tetak"@zlm	<https://panlex.org/snapshot/panlex-20191001-csv/114#8068644>				<https://panlex.org/snapshot/panlex-20191001-csv/114#8068217>		"qenehñima"@dhv	
"tetak"@zlm	<https://panlex.org/snapshot/panlex-20191001-csv/114#8068644>				<https://panlex.org/snapshot/panlex-20191001-csv/114#8068218>		"saxaja"@dhv	
"darra"@zlm	<https://panlex.org/snapshot/panlex-20191001-csv/114#8063390>				<https://panlex.org/snapshot/panlex-20191001-csv/114#8062963>		"madra"@dhv	
"leeda"@zlm	<https://panlex.org/snapshot/panlex-20191001-csv/114#8067054>				<https://panlex.org/snapshot/panlex-20191001-csv/114#8066599>		"ula"@dhv	
"leeda"@zlm	<https://panlex.org/snapshot/panlex-20191001-csv/114#8067054>				<https://panlex.org/snapshot/panlex-20191001-csv/114#8066598>		"që"@dhv	
"leeda"@zlm	<https://panlex.org/snapshot/panlex-20191001-csv/114#8067054>				<https://panlex.org/snapshot/panlex-20191001-csv/114#8066597>		"ineqë"@dhv	
"geegee"@zlm	<https://panlex.org/snapshot/panlex-20191001-csv/114#8067604>				<https://panlex.org/snapshot/panlex-20191001-csv/114#8067152>		"ñö"@dhv	
"poond"@zlm	<https://panlex.org/snapshot/panlex-20191001-csv/114#8061342>				<https://panlex.org/snapshot/panlex-20191001-csv/114#8060968>		"hnaiap"@dhv	
"prott"@zlm	<https://panlex.org/snapshot/panlex-20191001-csv/114#8058827>				<https://panlex.org/snapshot/panlex-20191001-csv/114#8058356>		"akawaneinaea"@dhv	
"wattlehair"@zlm	<https://panlex.org/snapshot/panlex-20191001-csv/114#8064482>				<https://panlex.org/snapshot/panlex-20191001-csv/114#8064039>		"ñinawa"@dhv	
"balek"@zlm	<https://panlex.org/snapshot/panlex-20191001-csv/114#8055748>				<https://panlex.org/snapshot/panlex-20191001-csv/114#8055349>		"xei"@dhv	
"nenen"@zlm	<https://panlex.org/snapshot/panlex-20191001-csv/114#8060878>				<https://panlex.org/snapshot/panlex-20191001-csv/114#8060394>		"thi"@dhv	
"nenen"@zlm	<https://panlex.org/snapshot/panlex-20191001-csv/114#8060878>				<https://panlex.org/snapshot/panlex-20191001-csv/114#8060395>		"xeñë"@dhv	
"berambeh"@zlm	<https://panlex.org/snapshot/panlex-20191001-csv/114#8055260>				<https://panlex.org/snapshot/panlex-20191001-csv/114#8054842>		"traqa"@dhv	
"berjalan"@zlm	<https://panlex.org/snapshot/panlex-20191001-csv/114#8054268>				<https://panlex.org/snapshot/panlex-20191001-csv/114#8053785>		"aehnatro"@dhv	
"sapatoo"@zlm	<https://panlex.org/snapshot/panlex-20191001-csv/114#8053678>				<https://panlex.org/snapshot/panlex-20191001-csv/114#8053204>		"waca"@dhv	
