"ʼunni"@bcd	<https://panlex.org/snapshot/panlex-20191001-csv/114#8063427>				<https://panlex.org/snapshot/panlex-20191001-csv/114#8063788>		"batu"@sbb	
"jaʼʔakijai"@bcd	<https://panlex.org/snapshot/panlex-20191001-csv/114#8061376>				<https://panlex.org/snapshot/panlex-20191001-csv/114#8061759>		"nonoga"@sbb	
"ʼotne"@bcd	<https://panlex.org/snapshot/panlex-20191001-csv/114#8065065>				<https://panlex.org/snapshot/panlex-20191001-csv/114#8065425>		"isu"@sbb	
"ʼdioʔane"@bcd	<https://panlex.org/snapshot/panlex-20191001-csv/114#8066533>				<https://panlex.org/snapshot/panlex-20191001-csv/114#8066903>		"maŋa"@sbb	
"ʼdioʔane"@bcd	<https://panlex.org/snapshot/panlex-20191001-csv/114#8066533>				<https://panlex.org/snapshot/panlex-20191001-csv/114#8066904>		"seta"@sbb	
"ʼraʔanai"@bcd	<https://panlex.org/snapshot/panlex-20191001-csv/114#8062905>				<https://panlex.org/snapshot/panlex-20191001-csv/114#8063248>		"mamadara-na"@sbb	
