"ʼunni"@bcd	<https://panlex.org/snapshot/panlex-20191001-csv/114#8063427>				<https://panlex.org/snapshot/panlex-20191001-csv/114#8063527>		"kutɔ"@gei	
"ṇʼnaroti"@bcd	<https://panlex.org/snapshot/panlex-20191001-csv/114#8068681>				<https://panlex.org/snapshot/panlex-20191001-csv/114#8068775>		"-tenis"@gei	
"jaʼʔakijai"@bcd	<https://panlex.org/snapshot/panlex-20191001-csv/114#8061376>				<https://panlex.org/snapshot/panlex-20191001-csv/114#8061477>		"-una"@gei	
"ʼotne"@bcd	<https://panlex.org/snapshot/panlex-20191001-csv/114#8065065>				<https://panlex.org/snapshot/panlex-20191001-csv/114#8065156>		"kahñə-k"@gei	
"ʼdioʔane"@bcd	<https://panlex.org/snapshot/panlex-20191001-csv/114#8066533>				<https://panlex.org/snapshot/panlex-20191001-csv/114#8066626>		"kapio"@gei	
"ʼraʔanai"@bcd	<https://panlex.org/snapshot/panlex-20191001-csv/114#8062905>				<https://panlex.org/snapshot/panlex-20191001-csv/114#8062989>		"la"@gei	
