"t-yɨputuʔ"@pbh	<https://panlex.org/snapshot/panlex-20191001-csv/1573#50089583>				<https://panlex.org/snapshot/panlex-20191001-csv/1573#50089599>		"guoikɑ"@se	
"mičin"@pbh	<https://panlex.org/snapshot/panlex-20191001-csv/1573#50083333>				<https://panlex.org/snapshot/panlex-20191001-csv/1573#50083366>		"sattu"@se	
"tɨna w-as-amɨ-hpə kakəʔ"@pbh	<https://panlex.org/snapshot/panlex-20191001-csv/1573#50086417>				<https://panlex.org/snapshot/panlex-20191001-csv/1573#50086436>		"r̃iððui"@se	
"tɨna w-as-amɨ-hpə kakəʔ"@pbh	<https://panlex.org/snapshot/panlex-20191001-csv/1573#50087778>				<https://panlex.org/snapshot/panlex-20191001-csv/1573#50087812>		"bar̃r̃u"@se	
"ano sɨrɨnma-toʔ"@pbh	<https://panlex.org/snapshot/panlex-20191001-csv/1573#50090978>				<https://panlex.org/snapshot/panlex-20191001-csv/1573#50090996>		"eɑtnɑndoɑr̃ggastus"@se	
"toʔ"@pbh	<https://panlex.org/snapshot/panlex-20191001-csv/1573#50090712>				<https://panlex.org/snapshot/panlex-20191001-csv/1573#50090776>		"geɑðgi"@se	
"toʔ"@pbh	<https://panlex.org/snapshot/panlex-20191001-csv/1573#50090712>				<https://panlex.org/snapshot/panlex-20191001-csv/1573#50090775>		"bakti"@se	
"t-yakoe"@pbh	<https://panlex.org/snapshot/panlex-20191001-csv/1573#50086607>				<https://panlex.org/snapshot/panlex-20191001-csv/1573#50086637>		"soɑr̃pi"@se	
"ano ičik"@pbh	<https://panlex.org/snapshot/panlex-20191001-csv/1573#50082781>				<https://panlex.org/snapshot/panlex-20191001-csv/1573#50082821>		"gɑvyɑ"@se	
"iye"@pbh	<https://panlex.org/snapshot/panlex-20191001-csv/1573#50090357>				<https://panlex.org/snapshot/panlex-20191001-csv/1573#50090389>		"muor̃r̃ɑ"@se	
"iye"@pbh	<https://panlex.org/snapshot/panlex-20191001-csv/1573#50090103>				<https://panlex.org/snapshot/panlex-20191001-csv/1573#50090138>		"muor̃r̃ɑ"@se	
"iʔ"@pbh	<https://panlex.org/snapshot/panlex-20191001-csv/1573#50083694>				<https://panlex.org/snapshot/panlex-20191001-csv/1573#50083747>		"var̃r̃i"@se	
"tɨna yɨm"@pbh	<https://panlex.org/snapshot/panlex-20191001-csv/1573#50086042>				<https://panlex.org/snapshot/panlex-20191001-csv/1573#50086077>		"meɑr̃r̃ɑ"@se	
"tɨna yɨm"@pbh	<https://panlex.org/snapshot/panlex-20191001-csv/1573#50087026>				<https://panlex.org/snapshot/panlex-20191001-csv/1573#50087063>		"yavr̃i"@se	
"tɨna yɨm"@pbh	<https://panlex.org/snapshot/panlex-20191001-csv/1573#50086800>				<https://panlex.org/snapshot/panlex-20191001-csv/1573#50086826>		"valdomeɑr̃r̃ɑ"@se	
"ehčerekun"@pbh	<https://panlex.org/snapshot/panlex-20191001-csv/1573#50091453>				<https://panlex.org/snapshot/panlex-20191001-csv/1573#50091489>		"beɑivvaš"@se	
"ehčerekun"@pbh	<https://panlex.org/snapshot/panlex-20191001-csv/1573#50091453>				<https://panlex.org/snapshot/panlex-20191001-csv/1573#50091488>		"beɑivi"@se	
"tɨna wɨsɨʔkə"@pbh	<https://panlex.org/snapshot/panlex-20191001-csv/1573#50087201>				<https://panlex.org/snapshot/panlex-20191001-csv/1573#50087224>		"luoktɑ"@se	
"pasakun"@pbh	<https://panlex.org/snapshot/panlex-20191001-csv/1573#50083083>				<https://panlex.org/snapshot/panlex-20191001-csv/1573#50083115>		"moðði"@se	
"tɨna w-at-ankapəh-sa"@pbh	<https://panlex.org/snapshot/panlex-20191001-csv/1573#50089082>				<https://panlex.org/snapshot/panlex-20191001-csv/1573#50089130>		"ayɑ"@se	
"iʔ tan"@pbh	<https://panlex.org/snapshot/panlex-20191001-csv/1573#50084040>				<https://panlex.org/snapshot/panlex-20191001-csv/1573#50084068>		"bakti"@se	
"toʔ yahtan"@pbh	<https://panlex.org/snapshot/panlex-20191001-csv/1573#50085555>				<https://panlex.org/snapshot/panlex-20191001-csv/1573#50085590>		"r̃oggi"@se	
"mah-pana"@pbh	<https://panlex.org/snapshot/panlex-20191001-csv/1573#50085272>				<https://panlex.org/snapshot/panlex-20191001-csv/1573#50085328>		"gaddi"@se	
"kaʔ"@pbh	<https://panlex.org/snapshot/panlex-20191001-csv/1573#50091195>				<https://panlex.org/snapshot/panlex-20191001-csv/1573#50091233>		"ɑlbmi"@se	
"ihča"@pbh	<https://panlex.org/snapshot/panlex-20191001-csv/1573#50089829>				<https://panlex.org/snapshot/panlex-20191001-csv/1573#50089871>		"vuovdi"@se	
"yɨkuhpə"@pbh	<https://panlex.org/snapshot/panlex-20191001-csv/1573#50089366>				<https://panlex.org/snapshot/panlex-20191001-csv/1573#50089396>		"yeɑggi"@se	
"wanaʔ"@pbh	<https://panlex.org/snapshot/panlex-20191001-csv/1573#50084368>				<https://panlex.org/snapshot/panlex-20191001-csv/1573#50084408>		"beɑldu"@se	
"tɨna"@pbh	<https://panlex.org/snapshot/panlex-20191001-csv/1573#50088489>				<https://panlex.org/snapshot/panlex-20191001-csv/1573#50088548>		"ayɑ"@se	
"tɨna"@pbh	<https://panlex.org/snapshot/panlex-20191001-csv/1573#50088489>				<https://panlex.org/snapshot/panlex-20191001-csv/1573#50088549>		"yohkɑ"@se	
"tɨna"@pbh	<https://panlex.org/snapshot/panlex-20191001-csv/1573#50085801>				<https://panlex.org/snapshot/panlex-20191001-csv/1573#50085844>		"čahc̷i"@se	
"ano"@pbh	<https://panlex.org/snapshot/panlex-20191001-csv/1573#50081859>				<https://panlex.org/snapshot/panlex-20191001-csv/1573#50081895>		"mailbmi"@se	
"ano"@pbh	<https://panlex.org/snapshot/panlex-20191001-csv/1573#50082499>				<https://panlex.org/snapshot/panlex-20191001-csv/1573#50082548>		"eɑnɑ"@se	
"ano"@pbh	<https://panlex.org/snapshot/panlex-20191001-csv/1573#50085009>				<https://panlex.org/snapshot/panlex-20191001-csv/1573#50085026>		"nɑnnan"@se	
"ano"@pbh	<https://panlex.org/snapshot/panlex-20191001-csv/1573#50082168>				<https://panlex.org/snapshot/panlex-20191001-csv/1573#50082224>		"eɑnɑ"@se	
"iʔ n-anahtə-hpə"@pbh	<https://panlex.org/snapshot/panlex-20191001-csv/1573#50084622>				<https://panlex.org/snapshot/panlex-20191001-csv/1573#50084649>		"leɑhki"@se	
"ih-ya"@pbh	<https://panlex.org/snapshot/panlex-20191001-csv/1573#50089828>				<https://panlex.org/snapshot/panlex-20191001-csv/1573#50089871>		"vuovdi"@se	
