"t-yɨputuʔ"@pbh	<https://panlex.org/snapshot/panlex-20191001-csv/1573#50089583>				<https://panlex.org/snapshot/panlex-20191001-csv/1573#50089618>		"tʰuẓuwan"@wap	
"mičin"@pbh	<https://panlex.org/snapshot/panlex-20191001-csv/1573#50083333>				<https://panlex.org/snapshot/panlex-20191001-csv/1573#50083388>		"kʰatʰɨ"@wap	
"tɨna w-as-amɨ-hpə kakəʔ"@pbh	<https://panlex.org/snapshot/panlex-20191001-csv/1573#50086417>				<https://panlex.org/snapshot/panlex-20191001-csv/1573#50086452>		"kʰapʰaran"@wap	
"tɨna w-as-amɨ-hpə kakəʔ"@pbh	<https://panlex.org/snapshot/panlex-20191001-csv/1573#50087778>				<https://panlex.org/snapshot/panlex-20191001-csv/1573#50087834>		"wɨnɨ pʰaran"@wap	
"ano sɨrɨnma-toʔ"@pbh	<https://panlex.org/snapshot/panlex-20191001-csv/1573#50090978>				<https://panlex.org/snapshot/panlex-20191001-csv/1573#50091015>		"amaẓaˀda nakʰa-ĩĩa-n"@wap	
"toʔ"@pbh	<https://panlex.org/snapshot/panlex-20191001-csv/1573#50090712>				<https://panlex.org/snapshot/panlex-20191001-csv/1573#50090820>		"kʰɨˀba"@wap	
"t-yakoe"@pbh	<https://panlex.org/snapshot/panlex-20191001-csv/1573#50086607>				<https://panlex.org/snapshot/panlex-20191001-csv/1573#50086664>		"ˀbuẓuwan"@wap	
"ano ičik"@pbh	<https://panlex.org/snapshot/panlex-20191001-csv/1573#50082781>				<https://panlex.org/snapshot/panlex-20191001-csv/1573#50082846>		"ɨnɨˀba"@wap	
"iye"@pbh	<https://panlex.org/snapshot/panlex-20191001-csv/1573#50090357>				<https://panlex.org/snapshot/panlex-20191001-csv/1573#50090416>		"atʰamɨnɨ"@wap	
"iye"@pbh	<https://panlex.org/snapshot/panlex-20191001-csv/1573#50090103>				<https://panlex.org/snapshot/panlex-20191001-csv/1573#50090159>		"atʰamɨnɨ"@wap	
"iʔ"@pbh	<https://panlex.org/snapshot/panlex-20191001-csv/1573#50083694>				<https://panlex.org/snapshot/panlex-20191001-csv/1573#50083793>		"nawaẓi"@wap	
"iʔ"@pbh	<https://panlex.org/snapshot/panlex-20191001-csv/1573#50083694>				<https://panlex.org/snapshot/panlex-20191001-csv/1573#50083792>		"miˀdɨkʰɨu"@wap	
"tɨna yɨm"@pbh	<https://panlex.org/snapshot/panlex-20191001-csv/1573#50086042>				<https://panlex.org/snapshot/panlex-20191001-csv/1573#50086096>		"pʰaran"@wap	
"tɨna yɨm"@pbh	<https://panlex.org/snapshot/panlex-20191001-csv/1573#50087026>				<https://panlex.org/snapshot/panlex-20191001-csv/1573#50087084>		"kʰarišii"@wap	
"tɨna yɨm"@pbh	<https://panlex.org/snapshot/panlex-20191001-csv/1573#50086800>				<https://panlex.org/snapshot/panlex-20191001-csv/1573#50086843>		"pʰaran"@wap	
"ehčerekun"@pbh	<https://panlex.org/snapshot/panlex-20191001-csv/1573#50091453>				<https://panlex.org/snapshot/panlex-20191001-csv/1573#50091511>		"kʰamuu"@wap	
"pasakun"@pbh	<https://panlex.org/snapshot/panlex-20191001-csv/1573#50083083>				<https://panlex.org/snapshot/panlex-20191001-csv/1573#50083142>		"ˀdari"@wap	
"tɨna w-at-ankapəh-sa"@pbh	<https://panlex.org/snapshot/panlex-20191001-csv/1573#50089082>				<https://panlex.org/snapshot/panlex-20191001-csv/1573#50089169>		"muwaʔɨn"@wap	
"toʔ yahtan"@pbh	<https://panlex.org/snapshot/panlex-20191001-csv/1573#50085555>				<https://panlex.org/snapshot/panlex-20191001-csv/1573#50085614>		"ɨna"@wap	
"mah-pana"@pbh	<https://panlex.org/snapshot/panlex-20191001-csv/1573#50085272>				<https://panlex.org/snapshot/panlex-20191001-csv/1573#50085366>		"wɨnɨ ˀdanum"@wap	
"kaʔ"@pbh	<https://panlex.org/snapshot/panlex-20191001-csv/1573#50091195>				<https://panlex.org/snapshot/panlex-20191001-csv/1573#50091262>		"aukʰaẓi"@wap	
"ihča"@pbh	<https://panlex.org/snapshot/panlex-20191001-csv/1573#50089829>				<https://panlex.org/snapshot/panlex-20191001-csv/1573#50089901>		"kʰanukʰu"@wap	
"yɨkuhpə"@pbh	<https://panlex.org/snapshot/panlex-20191001-csv/1573#50089366>				<https://panlex.org/snapshot/panlex-20191001-csv/1573#50089428>		"ˀbauwɨẓɨ"@wap	
"wanaʔ"@pbh	<https://panlex.org/snapshot/panlex-20191001-csv/1573#50084368>				<https://panlex.org/snapshot/panlex-20191001-csv/1573#50084444>		"ˀbaraẓi"@wap	
"tɨna"@pbh	<https://panlex.org/snapshot/panlex-20191001-csv/1573#50088489>				<https://panlex.org/snapshot/panlex-20191001-csv/1573#50088598>		"waʔuẓi"@wap	
"tɨna"@pbh	<https://panlex.org/snapshot/panlex-20191001-csv/1573#50085801>				<https://panlex.org/snapshot/panlex-20191001-csv/1573#50085870>		"wɨnɨ"@wap	
"ano"@pbh	<https://panlex.org/snapshot/panlex-20191001-csv/1573#50081859>				<https://panlex.org/snapshot/panlex-20191001-csv/1573#50081919>		"amaẓaˀda"@wap	
"ano"@pbh	<https://panlex.org/snapshot/panlex-20191001-csv/1573#50082499>				<https://panlex.org/snapshot/panlex-20191001-csv/1573#50082578>		"imiʔi"@wap	
"ano"@pbh	<https://panlex.org/snapshot/panlex-20191001-csv/1573#50082168>				<https://panlex.org/snapshot/panlex-20191001-csv/1573#50082262>		"amaẓaˀda"@wap	
"iʔ n-anahtə-hpə"@pbh	<https://panlex.org/snapshot/panlex-20191001-csv/1573#50084622>				<https://panlex.org/snapshot/panlex-20191001-csv/1573#50084667>		"nawaẓi sakʰuˀdaẓ"@wap	
"ih-ya"@pbh	<https://panlex.org/snapshot/panlex-20191001-csv/1573#50089828>				<https://panlex.org/snapshot/panlex-20191001-csv/1573#50089901>		"kʰanukʰu"@wap	
