"t-yɨputuʔ"@pbh	<https://panlex.org/snapshot/panlex-20191001-csv/1573#50089583>				<https://panlex.org/snapshot/panlex-20191001-csv/1573#50089456>		"чваххи"@av	
"t-yɨputuʔ"@pbh	<https://panlex.org/snapshot/panlex-20191001-csv/1573#50089583>				<https://panlex.org/snapshot/panlex-20191001-csv/1573#50089461>		"лъин чІвахинаб бакІ"@av	
"t-yɨputuʔ"@pbh	<https://panlex.org/snapshot/panlex-20191001-csv/1573#50089583>				<https://panlex.org/snapshot/panlex-20191001-csv/1573#50089459>		"лълъим чвахнаб бакІ"@av	
"t-yɨputuʔ"@pbh	<https://panlex.org/snapshot/panlex-20191001-csv/1573#50089583>				<https://panlex.org/snapshot/panlex-20191001-csv/1573#50089464>		"хьхьимчахи"@av	
"t-yɨputuʔ"@pbh	<https://panlex.org/snapshot/panlex-20191001-csv/1573#50089583>				<https://panlex.org/snapshot/panlex-20191001-csv/1573#50089460>		"чвахи"@av	
"t-yɨputuʔ"@pbh	<https://panlex.org/snapshot/panlex-20191001-csv/1573#50089583>				<https://panlex.org/snapshot/panlex-20191001-csv/1573#50089463>		"чухери"@av	
"t-yɨputuʔ"@pbh	<https://panlex.org/snapshot/panlex-20191001-csv/1573#50089583>				<https://panlex.org/snapshot/panlex-20191001-csv/1573#50089458>		"лълъим чвахи"@av	
"t-yɨputuʔ"@pbh	<https://panlex.org/snapshot/panlex-20191001-csv/1573#50089583>				<https://panlex.org/snapshot/panlex-20191001-csv/1573#50089457>		"чвах̅и"@av	
"t-yɨputuʔ"@pbh	<https://panlex.org/snapshot/panlex-20191001-csv/1573#50089583>				<https://panlex.org/snapshot/panlex-20191001-csv/1573#50089462>		"чвахел"@av	
"mičin"@pbh	<https://panlex.org/snapshot/panlex-20191001-csv/1573#50083333>				<https://panlex.org/snapshot/panlex-20191001-csv/1573#50083175>		"шали"@av	
"mičin"@pbh	<https://panlex.org/snapshot/panlex-20191001-csv/1573#50083333>				<https://panlex.org/snapshot/panlex-20191001-csv/1573#50083171>		"сали"@av	
"mičin"@pbh	<https://panlex.org/snapshot/panlex-20191001-csv/1573#50083333>				<https://panlex.org/snapshot/panlex-20191001-csv/1573#50083172>		"сали"@av	
"mičin"@pbh	<https://panlex.org/snapshot/panlex-20191001-csv/1573#50083333>				<https://panlex.org/snapshot/panlex-20191001-csv/1573#50083176>		"сали"@av	
"mičin"@pbh	<https://panlex.org/snapshot/panlex-20191001-csv/1573#50083333>				<https://panlex.org/snapshot/panlex-20191001-csv/1573#50083178>		"къом"@av	
"mičin"@pbh	<https://panlex.org/snapshot/panlex-20191001-csv/1573#50083333>				<https://panlex.org/snapshot/panlex-20191001-csv/1573#50083177>		"хІхІари"@av	
"mičin"@pbh	<https://panlex.org/snapshot/panlex-20191001-csv/1573#50083333>				<https://panlex.org/snapshot/panlex-20191001-csv/1573#50083173>		"миччир"@av	
"mičin"@pbh	<https://panlex.org/snapshot/panlex-20191001-csv/1573#50083333>				<https://panlex.org/snapshot/panlex-20191001-csv/1573#50083179>		"миччир"@av	
"mičin"@pbh	<https://panlex.org/snapshot/panlex-20191001-csv/1573#50083333>				<https://panlex.org/snapshot/panlex-20191001-csv/1573#50083174>		"сали"@av	
"tɨna w-as-amɨ-hpə kakəʔ"@pbh	<https://panlex.org/snapshot/panlex-20191001-csv/1573#50086417>				<https://panlex.org/snapshot/panlex-20191001-csv/1573#50086306>		"карачелаххараб"@av	
"tɨna w-as-amɨ-hpə kakəʔ"@pbh	<https://panlex.org/snapshot/panlex-20191001-csv/1573#50086417>				<https://panlex.org/snapshot/panlex-20191001-csv/1573#50086314>		"гьалакаб"@av	
"tɨna w-as-amɨ-hpə kakəʔ"@pbh	<https://panlex.org/snapshot/panlex-20191001-csv/1573#50086417>				<https://panlex.org/snapshot/panlex-20191001-csv/1573#50086313>		"гьалагаб"@av	
"tɨna w-as-amɨ-hpə kakəʔ"@pbh	<https://panlex.org/snapshot/panlex-20191001-csv/1573#50086417>				<https://panlex.org/snapshot/panlex-20191001-csv/1573#50086309>		"гьалагаб"@av	
"tɨna w-as-amɨ-hpə kakəʔ"@pbh	<https://panlex.org/snapshot/panlex-20191001-csv/1573#50086417>				<https://panlex.org/snapshot/panlex-20191001-csv/1573#50086312>		"гьалагаб"@av	
"tɨna w-as-amɨ-hpə kakəʔ"@pbh	<https://panlex.org/snapshot/panlex-20191001-csv/1573#50086417>				<https://panlex.org/snapshot/panlex-20191001-csv/1573#50086311>		"багъагъара"@av	
"tɨna w-as-amɨ-hpə kakəʔ"@pbh	<https://panlex.org/snapshot/panlex-20191001-csv/1573#50086417>				<https://panlex.org/snapshot/panlex-20191001-csv/1573#50086307>		"гьалагаб"@av	
"tɨna w-as-amɨ-hpə kakəʔ"@pbh	<https://panlex.org/snapshot/panlex-20191001-csv/1573#50086417>				<https://panlex.org/snapshot/panlex-20191001-csv/1573#50086315>		"бадагъадураб"@av	
"tɨna w-as-amɨ-hpə kakəʔ"@pbh	<https://panlex.org/snapshot/panlex-20191001-csv/1573#50086417>				<https://panlex.org/snapshot/panlex-20191001-csv/1573#50086310>		"карач бохъараб"@av	
"tɨna w-as-amɨ-hpə kakəʔ"@pbh	<https://panlex.org/snapshot/panlex-20191001-csv/1573#50086417>				<https://panlex.org/snapshot/panlex-20191001-csv/1573#50086308>		"багъардалаб"@av	
"tɨna w-as-amɨ-hpə kakəʔ"@pbh	<https://panlex.org/snapshot/panlex-20191001-csv/1573#50087778>				<https://panlex.org/snapshot/panlex-20191001-csv/1573#50087627>		"гьулчи"@av	
"tɨna w-as-amɨ-hpə kakəʔ"@pbh	<https://panlex.org/snapshot/panlex-20191001-csv/1573#50087778>				<https://panlex.org/snapshot/panlex-20191001-csv/1573#50087626>		"карачел"@av	
"tɨna w-as-amɨ-hpə kakəʔ"@pbh	<https://panlex.org/snapshot/panlex-20191001-csv/1573#50087778>				<https://panlex.org/snapshot/panlex-20191001-csv/1573#50087629>		"калачен"@av	
"tɨna w-as-amɨ-hpə kakəʔ"@pbh	<https://panlex.org/snapshot/panlex-20191001-csv/1573#50087778>				<https://panlex.org/snapshot/panlex-20191001-csv/1573#50087633>		"далгъа"@av	
"tɨna w-as-amɨ-hpə kakəʔ"@pbh	<https://panlex.org/snapshot/panlex-20191001-csv/1573#50087778>				<https://panlex.org/snapshot/panlex-20191001-csv/1573#50087625>		"карачел"@av	
"tɨna w-as-amɨ-hpə kakəʔ"@pbh	<https://panlex.org/snapshot/panlex-20191001-csv/1573#50087778>				<https://panlex.org/snapshot/panlex-20191001-csv/1573#50087628>		"карачел"@av	
"tɨna w-as-amɨ-hpə kakəʔ"@pbh	<https://panlex.org/snapshot/panlex-20191001-csv/1573#50087778>				<https://panlex.org/snapshot/panlex-20191001-csv/1573#50087632>		"карачел"@av	
"tɨna w-as-amɨ-hpə kakəʔ"@pbh	<https://panlex.org/snapshot/panlex-20191001-csv/1573#50087778>				<https://panlex.org/snapshot/panlex-20191001-csv/1573#50087631>		"карачел"@av	
"tɨna w-as-amɨ-hpə kakəʔ"@pbh	<https://panlex.org/snapshot/panlex-20191001-csv/1573#50087778>				<https://panlex.org/snapshot/panlex-20191001-csv/1573#50087630>		"караче"@av	
"ano sɨrɨnma-toʔ"@pbh	<https://panlex.org/snapshot/panlex-20191001-csv/1573#50090978>				<https://panlex.org/snapshot/panlex-20191001-csv/1573#50090856>		"дунял гьибигьи"@av	
"ano sɨrɨnma-toʔ"@pbh	<https://panlex.org/snapshot/panlex-20191001-csv/1573#50090978>				<https://panlex.org/snapshot/panlex-20191001-csv/1573#50090861>		"ракькь гьибигьи"@av	
"ano sɨrɨnma-toʔ"@pbh	<https://panlex.org/snapshot/panlex-20191001-csv/1573#50090978>				<https://panlex.org/snapshot/panlex-20191001-csv/1573#50090858>		"дунял багъали"@av	
"ano sɨrɨnma-toʔ"@pbh	<https://panlex.org/snapshot/panlex-20191001-csv/1573#50090978>				<https://panlex.org/snapshot/panlex-20191001-csv/1573#50090860>		"багъари"@av	
"ano sɨrɨnma-toʔ"@pbh	<https://panlex.org/snapshot/panlex-20191001-csv/1573#50090978>				<https://panlex.org/snapshot/panlex-20191001-csv/1573#50090857>		"ракьбагъари"@av	
"ano sɨrɨnma-toʔ"@pbh	<https://panlex.org/snapshot/panlex-20191001-csv/1573#50090978>				<https://panlex.org/snapshot/panlex-20191001-csv/1573#50090854>		"ракь багъари"@av	
"ano sɨrɨnma-toʔ"@pbh	<https://panlex.org/snapshot/panlex-20191001-csv/1573#50090978>				<https://panlex.org/snapshot/panlex-20191001-csv/1573#50090855>		"дуйнал багъари"@av	
"ano sɨrɨnma-toʔ"@pbh	<https://panlex.org/snapshot/panlex-20191001-csv/1573#50090978>				<https://panlex.org/snapshot/panlex-20191001-csv/1573#50090853>		"ракь багъари"@av	
"ano sɨrɨnma-toʔ"@pbh	<https://panlex.org/snapshot/panlex-20191001-csv/1573#50090978>				<https://panlex.org/snapshot/panlex-20191001-csv/1573#50090859>		"ракь багъари"@av	
"toʔ"@pbh	<https://panlex.org/snapshot/panlex-20191001-csv/1573#50090712>				<https://panlex.org/snapshot/panlex-20191001-csv/1573#50090457>		"гІуц̅І"@av	
"toʔ"@pbh	<https://panlex.org/snapshot/panlex-20191001-csv/1573#50090712>				<https://panlex.org/snapshot/panlex-20191001-csv/1573#50090466>		"кьуро"@av	
"toʔ"@pbh	<https://panlex.org/snapshot/panlex-20191001-csv/1573#50090712>				<https://panlex.org/snapshot/panlex-20191001-csv/1573#50090464>		"камачІ"@av	
"toʔ"@pbh	<https://panlex.org/snapshot/panlex-20191001-csv/1573#50090712>				<https://panlex.org/snapshot/panlex-20191001-csv/1573#50090470>		"гамачІ"@av	
"toʔ"@pbh	<https://panlex.org/snapshot/panlex-20191001-csv/1573#50090712>				<https://panlex.org/snapshot/panlex-20191001-csv/1573#50090462>		"кьури"@av	
"toʔ"@pbh	<https://panlex.org/snapshot/panlex-20191001-csv/1573#50090712>				<https://panlex.org/snapshot/panlex-20191001-csv/1573#50090461>		"кІамачІ"@av	
"toʔ"@pbh	<https://panlex.org/snapshot/panlex-20191001-csv/1573#50090712>				<https://panlex.org/snapshot/panlex-20191001-csv/1573#50090463>		"кьуру"@av	
"toʔ"@pbh	<https://panlex.org/snapshot/panlex-20191001-csv/1573#50090712>				<https://panlex.org/snapshot/panlex-20191001-csv/1573#50090467>		"гамачІ"@av	
"toʔ"@pbh	<https://panlex.org/snapshot/panlex-20191001-csv/1573#50090712>				<https://panlex.org/snapshot/panlex-20191001-csv/1573#50090458>		"кьури"@av	
"toʔ"@pbh	<https://panlex.org/snapshot/panlex-20191001-csv/1573#50090712>				<https://panlex.org/snapshot/panlex-20191001-csv/1573#50090455>		"гамачІ"@av	
"toʔ"@pbh	<https://panlex.org/snapshot/panlex-20191001-csv/1573#50090712>				<https://panlex.org/snapshot/panlex-20191001-csv/1573#50090460>		"гамачІ"@av	
"toʔ"@pbh	<https://panlex.org/snapshot/panlex-20191001-csv/1573#50090712>				<https://panlex.org/snapshot/panlex-20191001-csv/1573#50090471>		"гъая"@av	
"toʔ"@pbh	<https://panlex.org/snapshot/panlex-20191001-csv/1573#50090712>				<https://panlex.org/snapshot/panlex-20191001-csv/1573#50090468>		"кьури"@av	
"toʔ"@pbh	<https://panlex.org/snapshot/panlex-20191001-csv/1573#50090712>				<https://panlex.org/snapshot/panlex-20191001-csv/1573#50090459>		"гІуцІцІ"@av	
"toʔ"@pbh	<https://panlex.org/snapshot/panlex-20191001-csv/1573#50090712>				<https://panlex.org/snapshot/panlex-20191001-csv/1573#50090465>		"гьицІо"@av	
"toʔ"@pbh	<https://panlex.org/snapshot/panlex-20191001-csv/1573#50090712>				<https://panlex.org/snapshot/panlex-20191001-csv/1573#50090469>		"къайа"@av	
"toʔ"@pbh	<https://panlex.org/snapshot/panlex-20191001-csv/1573#50090712>				<https://panlex.org/snapshot/panlex-20191001-csv/1573#50090456>		"кьуру"@av	
"t-yakoe"@pbh	<https://panlex.org/snapshot/panlex-20191001-csv/1573#50086607>				<https://panlex.org/snapshot/panlex-20191001-csv/1573#50086478>		"полоп"@av	
"t-yakoe"@pbh	<https://panlex.org/snapshot/panlex-20191001-csv/1573#50086607>				<https://panlex.org/snapshot/panlex-20191001-csv/1573#50086480>		"пулоп"@av	
"t-yakoe"@pbh	<https://panlex.org/snapshot/panlex-20191001-csv/1573#50086607>				<https://panlex.org/snapshot/panlex-20191001-csv/1573#50086477>		"полоп"@av	
"t-yakoe"@pbh	<https://panlex.org/snapshot/panlex-20191001-csv/1573#50086607>				<https://panlex.org/snapshot/panlex-20191001-csv/1573#50086482>		"купук"@av	
"t-yakoe"@pbh	<https://panlex.org/snapshot/panlex-20191001-csv/1573#50086607>				<https://panlex.org/snapshot/panlex-20191001-csv/1573#50086476>		"полоп"@av	
"t-yakoe"@pbh	<https://panlex.org/snapshot/panlex-20191001-csv/1573#50086607>				<https://panlex.org/snapshot/panlex-20191001-csv/1573#50086481>		"купук"@av	
"t-yakoe"@pbh	<https://panlex.org/snapshot/panlex-20191001-csv/1573#50086607>				<https://panlex.org/snapshot/panlex-20191001-csv/1573#50086475>		"полоп"@av	
"t-yakoe"@pbh	<https://panlex.org/snapshot/panlex-20191001-csv/1573#50086607>				<https://panlex.org/snapshot/panlex-20191001-csv/1573#50086479>		"полоп"@av	
"ano ičik"@pbh	<https://panlex.org/snapshot/panlex-20191001-csv/1573#50082781>				<https://panlex.org/snapshot/panlex-20191001-csv/1573#50082609>		"хІур"@av	
"ano ičik"@pbh	<https://panlex.org/snapshot/panlex-20191001-csv/1573#50082781>				<https://panlex.org/snapshot/panlex-20191001-csv/1573#50082614>		"хІур"@av	
"ano ičik"@pbh	<https://panlex.org/snapshot/panlex-20191001-csv/1573#50082781>				<https://panlex.org/snapshot/panlex-20191001-csv/1573#50082611>		"хІхІур"@av	
"ano ičik"@pbh	<https://panlex.org/snapshot/panlex-20191001-csv/1573#50082781>				<https://panlex.org/snapshot/panlex-20191001-csv/1573#50082615>		"тоз"@av	
"ano ičik"@pbh	<https://panlex.org/snapshot/panlex-20191001-csv/1573#50082781>				<https://panlex.org/snapshot/panlex-20191001-csv/1573#50082616>		"хІур"@av	
"ano ičik"@pbh	<https://panlex.org/snapshot/panlex-20191001-csv/1573#50082781>				<https://panlex.org/snapshot/panlex-20191001-csv/1573#50082610>		"хІур"@av	
"ano ičik"@pbh	<https://panlex.org/snapshot/panlex-20191001-csv/1573#50082781>				<https://panlex.org/snapshot/panlex-20191001-csv/1573#50082612>		"хІур"@av	
"ano ičik"@pbh	<https://panlex.org/snapshot/panlex-20191001-csv/1573#50082781>				<https://panlex.org/snapshot/panlex-20191001-csv/1573#50082613>		"хІур"@av	
"iye"@pbh	<https://panlex.org/snapshot/panlex-20191001-csv/1573#50090357>				<https://panlex.org/snapshot/panlex-20191001-csv/1573#50090196>		"цІцІул"@av	
"iye"@pbh	<https://panlex.org/snapshot/panlex-20191001-csv/1573#50090357>				<https://panlex.org/snapshot/panlex-20191001-csv/1573#50090192>		"чІул"@av	
"iye"@pbh	<https://panlex.org/snapshot/panlex-20191001-csv/1573#50090357>				<https://panlex.org/snapshot/panlex-20191001-csv/1573#50090193>		"цІул"@av	
"iye"@pbh	<https://panlex.org/snapshot/panlex-20191001-csv/1573#50090357>				<https://panlex.org/snapshot/panlex-20191001-csv/1573#50090194>		"гъветІ"@av	
"iye"@pbh	<https://panlex.org/snapshot/panlex-20191001-csv/1573#50090357>				<https://panlex.org/snapshot/panlex-20191001-csv/1573#50090197>		"цІул"@av	
"iye"@pbh	<https://panlex.org/snapshot/panlex-20191001-csv/1573#50090357>				<https://panlex.org/snapshot/panlex-20191001-csv/1573#50090190>		"цІул"@av	
"iye"@pbh	<https://panlex.org/snapshot/panlex-20191001-csv/1573#50090357>				<https://panlex.org/snapshot/panlex-20191001-csv/1573#50090195>		"цІул"@av	
"iye"@pbh	<https://panlex.org/snapshot/panlex-20191001-csv/1573#50090357>				<https://panlex.org/snapshot/panlex-20191001-csv/1573#50090191>		"цІул"@av	
"iye"@pbh	<https://panlex.org/snapshot/panlex-20191001-csv/1573#50090357>				<https://panlex.org/snapshot/panlex-20191001-csv/1573#50090189>		"цІул"@av	
"iye"@pbh	<https://panlex.org/snapshot/panlex-20191001-csv/1573#50090103>				<https://panlex.org/snapshot/panlex-20191001-csv/1573#50089936>		"гъветІ"@av	
"iye"@pbh	<https://panlex.org/snapshot/panlex-20191001-csv/1573#50090103>				<https://panlex.org/snapshot/panlex-20191001-csv/1573#50089937>		"гъветІ"@av	
"iye"@pbh	<https://panlex.org/snapshot/panlex-20191001-csv/1573#50090103>				<https://panlex.org/snapshot/panlex-20191001-csv/1573#50089934>		"гъветІ"@av	
"iye"@pbh	<https://panlex.org/snapshot/panlex-20191001-csv/1573#50090103>				<https://panlex.org/snapshot/panlex-20191001-csv/1573#50089940>		"гъветІ"@av	
"iye"@pbh	<https://panlex.org/snapshot/panlex-20191001-csv/1573#50090103>				<https://panlex.org/snapshot/panlex-20191001-csv/1573#50089941>		"гъетІ"@av	
"iye"@pbh	<https://panlex.org/snapshot/panlex-20191001-csv/1573#50090103>				<https://panlex.org/snapshot/panlex-20191001-csv/1573#50089938>		"гъветІ"@av	
"iye"@pbh	<https://panlex.org/snapshot/panlex-20191001-csv/1573#50090103>				<https://panlex.org/snapshot/panlex-20191001-csv/1573#50089935>		"гъветІ"@av	
"iye"@pbh	<https://panlex.org/snapshot/panlex-20191001-csv/1573#50090103>				<https://panlex.org/snapshot/panlex-20191001-csv/1573#50089939>		"гъветІ"@av	
"iʔ"@pbh	<https://panlex.org/snapshot/panlex-20191001-csv/1573#50083694>				<https://panlex.org/snapshot/panlex-20191001-csv/1573#50083439>		"гухІ"@av	
"iʔ"@pbh	<https://panlex.org/snapshot/panlex-20191001-csv/1573#50083694>				<https://panlex.org/snapshot/panlex-20191001-csv/1573#50083440>		"мегІер"@av	
"iʔ"@pbh	<https://panlex.org/snapshot/panlex-20191001-csv/1573#50083694>				<https://panlex.org/snapshot/panlex-20191001-csv/1573#50083444>		"кьури"@av	
"iʔ"@pbh	<https://panlex.org/snapshot/panlex-20191001-csv/1573#50083694>				<https://panlex.org/snapshot/panlex-20191001-csv/1573#50083441>		"гохІ"@av	
"iʔ"@pbh	<https://panlex.org/snapshot/panlex-20191001-csv/1573#50083694>				<https://panlex.org/snapshot/panlex-20191001-csv/1573#50083432>		"мегІер"@av	
"iʔ"@pbh	<https://panlex.org/snapshot/panlex-20191001-csv/1573#50083694>				<https://panlex.org/snapshot/panlex-20191001-csv/1573#50083445>		"мегІер"@av	
"iʔ"@pbh	<https://panlex.org/snapshot/panlex-20191001-csv/1573#50083694>				<https://panlex.org/snapshot/panlex-20191001-csv/1573#50083450>		"меэр"@av	
"iʔ"@pbh	<https://panlex.org/snapshot/panlex-20191001-csv/1573#50083694>				<https://panlex.org/snapshot/panlex-20191001-csv/1573#50083438>		"щоб"@av	
"iʔ"@pbh	<https://panlex.org/snapshot/panlex-20191001-csv/1573#50083694>				<https://panlex.org/snapshot/panlex-20191001-csv/1573#50083434>		"меэр"@av	
"iʔ"@pbh	<https://panlex.org/snapshot/panlex-20191001-csv/1573#50083694>				<https://panlex.org/snapshot/panlex-20191001-csv/1573#50083431>		"гохІ"@av	
"iʔ"@pbh	<https://panlex.org/snapshot/panlex-20191001-csv/1573#50083694>				<https://panlex.org/snapshot/panlex-20191001-csv/1573#50083437>		"меэр"@av	
"iʔ"@pbh	<https://panlex.org/snapshot/panlex-20191001-csv/1573#50083694>				<https://panlex.org/snapshot/panlex-20191001-csv/1573#50083446>		"щоб"@av	
"iʔ"@pbh	<https://panlex.org/snapshot/panlex-20191001-csv/1573#50083694>				<https://panlex.org/snapshot/panlex-20191001-csv/1573#50083435>		"гухІ"@av	
"iʔ"@pbh	<https://panlex.org/snapshot/panlex-20191001-csv/1573#50083694>				<https://panlex.org/snapshot/panlex-20191001-csv/1573#50083443>		"щор"@av	
"iʔ"@pbh	<https://panlex.org/snapshot/panlex-20191001-csv/1573#50083694>				<https://panlex.org/snapshot/panlex-20191001-csv/1573#50083436>		"мегІер"@av	
"iʔ"@pbh	<https://panlex.org/snapshot/panlex-20191001-csv/1573#50083694>				<https://panlex.org/snapshot/panlex-20191001-csv/1573#50083449>		"гухІ"@av	
"iʔ"@pbh	<https://panlex.org/snapshot/panlex-20191001-csv/1573#50083694>				<https://panlex.org/snapshot/panlex-20191001-csv/1573#50083447>		"меэр"@av	
"iʔ"@pbh	<https://panlex.org/snapshot/panlex-20191001-csv/1573#50083694>				<https://panlex.org/snapshot/panlex-20191001-csv/1573#50083442>		"мегІер"@av	
"iʔ"@pbh	<https://panlex.org/snapshot/panlex-20191001-csv/1573#50083694>				<https://panlex.org/snapshot/panlex-20191001-csv/1573#50083448>		"сирт"@av	
"iʔ"@pbh	<https://panlex.org/snapshot/panlex-20191001-csv/1573#50083694>				<https://panlex.org/snapshot/panlex-20191001-csv/1573#50083433>		"гухІ"@av	
"tɨna yɨm"@pbh	<https://panlex.org/snapshot/panlex-20191001-csv/1573#50086042>				<https://panlex.org/snapshot/panlex-20191001-csv/1573#50085906>		"ралъад"@av	
"tɨna yɨm"@pbh	<https://panlex.org/snapshot/panlex-20191001-csv/1573#50086042>				<https://panlex.org/snapshot/panlex-20191001-csv/1573#50085909>		"ралъад"@av	
"tɨna yɨm"@pbh	<https://panlex.org/snapshot/panlex-20191001-csv/1573#50086042>				<https://panlex.org/snapshot/panlex-20191001-csv/1573#50085904>		"ралъад"@av	
"tɨna yɨm"@pbh	<https://panlex.org/snapshot/panlex-20191001-csv/1573#50086042>				<https://panlex.org/snapshot/panlex-20191001-csv/1573#50085911>		"рахьхьад"@av	
"tɨna yɨm"@pbh	<https://panlex.org/snapshot/panlex-20191001-csv/1573#50086042>				<https://panlex.org/snapshot/panlex-20191001-csv/1573#50085908>		"ралъад"@av	
"tɨna yɨm"@pbh	<https://panlex.org/snapshot/panlex-20191001-csv/1573#50086042>				<https://panlex.org/snapshot/panlex-20191001-csv/1573#50085905>		"ралгьад"@av	
"tɨna yɨm"@pbh	<https://panlex.org/snapshot/panlex-20191001-csv/1573#50086042>				<https://panlex.org/snapshot/panlex-20191001-csv/1573#50085910>		"дайрагь"@av	
"tɨna yɨm"@pbh	<https://panlex.org/snapshot/panlex-20191001-csv/1573#50086042>				<https://panlex.org/snapshot/panlex-20191001-csv/1573#50085907>		"ралъад"@av	
"tɨna yɨm"@pbh	<https://panlex.org/snapshot/panlex-20191001-csv/1573#50087026>				<https://panlex.org/snapshot/panlex-20191001-csv/1573#50086878>		"хІир"@av	
"tɨna yɨm"@pbh	<https://panlex.org/snapshot/panlex-20191001-csv/1573#50087026>				<https://panlex.org/snapshot/panlex-20191001-csv/1573#50086877>		"чІараб хІор"@av	
"tɨna yɨm"@pbh	<https://panlex.org/snapshot/panlex-20191001-csv/1573#50087026>				<https://panlex.org/snapshot/panlex-20191001-csv/1573#50086873>		"хІер"@av	
"tɨna yɨm"@pbh	<https://panlex.org/snapshot/panlex-20191001-csv/1573#50087026>				<https://panlex.org/snapshot/panlex-20191001-csv/1573#50086879>		"гулдагь"@av	
"tɨna yɨm"@pbh	<https://panlex.org/snapshot/panlex-20191001-csv/1573#50087026>				<https://panlex.org/snapshot/panlex-20191001-csv/1573#50086874>		"хІавуз"@av	
"tɨna yɨm"@pbh	<https://panlex.org/snapshot/panlex-20191001-csv/1573#50087026>				<https://panlex.org/snapshot/panlex-20191001-csv/1573#50086871>		"кІудияб"@av	
"tɨna yɨm"@pbh	<https://panlex.org/snapshot/panlex-20191001-csv/1573#50087026>				<https://panlex.org/snapshot/panlex-20191001-csv/1573#50086875>		"хІор"@av	
"tɨna yɨm"@pbh	<https://panlex.org/snapshot/panlex-20191001-csv/1573#50087026>				<https://panlex.org/snapshot/panlex-20191001-csv/1573#50086880>		"хІир"@av	
"tɨna yɨm"@pbh	<https://panlex.org/snapshot/panlex-20191001-csv/1573#50087026>				<https://panlex.org/snapshot/panlex-20191001-csv/1573#50086872>		"хІор"@av	
"tɨna yɨm"@pbh	<https://panlex.org/snapshot/panlex-20191001-csv/1573#50087026>				<https://panlex.org/snapshot/panlex-20191001-csv/1573#50086876>		"хІор"@av	
"tɨna yɨm"@pbh	<https://panlex.org/snapshot/panlex-20191001-csv/1573#50086800>				<https://panlex.org/snapshot/panlex-20191001-csv/1573#50086697>		"дингиз"@av	
"tɨna yɨm"@pbh	<https://panlex.org/snapshot/panlex-20191001-csv/1573#50086800>				<https://panlex.org/snapshot/panlex-20191001-csv/1573#50086694>		"акеан"@av	
"tɨna yɨm"@pbh	<https://panlex.org/snapshot/panlex-20191001-csv/1573#50086800>				<https://panlex.org/snapshot/panlex-20191001-csv/1573#50086693>		"акеан"@av	
"tɨna yɨm"@pbh	<https://panlex.org/snapshot/panlex-20191001-csv/1573#50086800>				<https://panlex.org/snapshot/panlex-20191001-csv/1573#50086690>		"океан"@av	
"tɨna yɨm"@pbh	<https://panlex.org/snapshot/panlex-20191001-csv/1573#50086800>				<https://panlex.org/snapshot/panlex-20191001-csv/1573#50086691>		"акеан"@av	
"tɨna yɨm"@pbh	<https://panlex.org/snapshot/panlex-20191001-csv/1573#50086800>				<https://panlex.org/snapshot/panlex-20191001-csv/1573#50086695>		"кІудаб ралъад"@av	
"tɨna yɨm"@pbh	<https://panlex.org/snapshot/panlex-20191001-csv/1573#50086800>				<https://panlex.org/snapshot/panlex-20191001-csv/1573#50086696>		"дайрагь"@av	
"tɨna yɨm"@pbh	<https://panlex.org/snapshot/panlex-20191001-csv/1573#50086800>				<https://panlex.org/snapshot/panlex-20191001-csv/1573#50086692>		"океан"@av	
"ehčerekun"@pbh	<https://panlex.org/snapshot/panlex-20191001-csv/1573#50091453>				<https://panlex.org/snapshot/panlex-20191001-csv/1573#50091295>		"бакъ"@av	
"ehčerekun"@pbh	<https://panlex.org/snapshot/panlex-20191001-csv/1573#50091453>				<https://panlex.org/snapshot/panlex-20191001-csv/1573#50091301>		"бакъ"@av	
"ehčerekun"@pbh	<https://panlex.org/snapshot/panlex-20191001-csv/1573#50091453>				<https://panlex.org/snapshot/panlex-20191001-csv/1573#50091298>		"бакъ"@av	
"ehčerekun"@pbh	<https://panlex.org/snapshot/panlex-20191001-csv/1573#50091453>				<https://panlex.org/snapshot/panlex-20191001-csv/1573#50091300>		"бакъ"@av	
"ehčerekun"@pbh	<https://panlex.org/snapshot/panlex-20191001-csv/1573#50091453>				<https://panlex.org/snapshot/panlex-20191001-csv/1573#50091294>		"бакъ"@av	
"ehčerekun"@pbh	<https://panlex.org/snapshot/panlex-20191001-csv/1573#50091453>				<https://panlex.org/snapshot/panlex-20191001-csv/1573#50091297>		"бакъ"@av	
"ehčerekun"@pbh	<https://panlex.org/snapshot/panlex-20191001-csv/1573#50091453>				<https://panlex.org/snapshot/panlex-20191001-csv/1573#50091296>		"бакъ"@av	
"ehčerekun"@pbh	<https://panlex.org/snapshot/panlex-20191001-csv/1573#50091453>				<https://panlex.org/snapshot/panlex-20191001-csv/1573#50091299>		"бакъ"@av	
"pasakun"@pbh	<https://panlex.org/snapshot/panlex-20191001-csv/1573#50083083>				<https://panlex.org/snapshot/panlex-20191001-csv/1573#50082885>		"хІащ"@av	
"pasakun"@pbh	<https://panlex.org/snapshot/panlex-20191001-csv/1573#50083083>				<https://panlex.org/snapshot/panlex-20191001-csv/1573#50082889>		"палчих"@av	
"pasakun"@pbh	<https://panlex.org/snapshot/panlex-20191001-csv/1573#50083083>				<https://panlex.org/snapshot/panlex-20191001-csv/1573#50082886>		"хІарс"@av	
"pasakun"@pbh	<https://panlex.org/snapshot/panlex-20191001-csv/1573#50083083>				<https://panlex.org/snapshot/panlex-20191001-csv/1573#50082883>		"хІарщи"@av	
"pasakun"@pbh	<https://panlex.org/snapshot/panlex-20191001-csv/1573#50083083>				<https://panlex.org/snapshot/panlex-20191001-csv/1573#50082888>		"чуроклъи"@av	
"pasakun"@pbh	<https://panlex.org/snapshot/panlex-20191001-csv/1573#50083083>				<https://panlex.org/snapshot/panlex-20191001-csv/1573#50082887>		"чороклъи"@av	
"pasakun"@pbh	<https://panlex.org/snapshot/panlex-20191001-csv/1573#50083083>				<https://panlex.org/snapshot/panlex-20191001-csv/1573#50082882>		"хъублъи"@av	
"pasakun"@pbh	<https://panlex.org/snapshot/panlex-20191001-csv/1573#50083083>				<https://panlex.org/snapshot/panlex-20191001-csv/1573#50082890>		"пилʼчих"@av	
"pasakun"@pbh	<https://panlex.org/snapshot/panlex-20191001-csv/1573#50083083>				<https://panlex.org/snapshot/panlex-20191001-csv/1573#50082884>		"палчих"@av	
"tɨna w-at-ankapəh-sa"@pbh	<https://panlex.org/snapshot/panlex-20191001-csv/1573#50089082>				<https://panlex.org/snapshot/panlex-20191001-csv/1573#50088849>		"булах"@av	
"tɨna w-at-ankapəh-sa"@pbh	<https://panlex.org/snapshot/panlex-20191001-csv/1573#50089082>				<https://panlex.org/snapshot/panlex-20191001-csv/1573#50088845>		"къулгІа"@av	
"tɨna w-at-ankapəh-sa"@pbh	<https://panlex.org/snapshot/panlex-20191001-csv/1573#50089082>				<https://panlex.org/snapshot/panlex-20191001-csv/1573#50088848>		"кигьриз"@av	
"tɨna w-at-ankapəh-sa"@pbh	<https://panlex.org/snapshot/panlex-20191001-csv/1573#50089082>				<https://panlex.org/snapshot/panlex-20191001-csv/1573#50088844>		"ицц"@av	
"tɨna w-at-ankapəh-sa"@pbh	<https://panlex.org/snapshot/panlex-20191001-csv/1573#50089082>				<https://panlex.org/snapshot/panlex-20191001-csv/1573#50088839>		"ицц"@av	
"tɨna w-at-ankapəh-sa"@pbh	<https://panlex.org/snapshot/panlex-20191001-csv/1573#50089082>				<https://panlex.org/snapshot/panlex-20191001-csv/1573#50088840>		"кагьриз"@av	
"tɨna w-at-ankapəh-sa"@pbh	<https://panlex.org/snapshot/panlex-20191001-csv/1573#50089082>				<https://panlex.org/snapshot/panlex-20191001-csv/1573#50088841>		"иц"@av	
"tɨna w-at-ankapəh-sa"@pbh	<https://panlex.org/snapshot/panlex-20191001-csv/1573#50089082>				<https://panlex.org/snapshot/panlex-20191001-csv/1573#50088837>		"гІицц"@av	
"tɨna w-at-ankapəh-sa"@pbh	<https://panlex.org/snapshot/panlex-20191001-csv/1573#50089082>				<https://panlex.org/snapshot/panlex-20191001-csv/1573#50088847>		"булах"@av	
"tɨna w-at-ankapəh-sa"@pbh	<https://panlex.org/snapshot/panlex-20191001-csv/1573#50089082>				<https://panlex.org/snapshot/panlex-20191001-csv/1573#50088833>		"гъуй"@av	
"tɨna w-at-ankapəh-sa"@pbh	<https://panlex.org/snapshot/panlex-20191001-csv/1573#50089082>				<https://panlex.org/snapshot/panlex-20191001-csv/1573#50088846>		"ут"@av	
"tɨna w-at-ankapəh-sa"@pbh	<https://panlex.org/snapshot/panlex-20191001-csv/1573#50089082>				<https://panlex.org/snapshot/panlex-20191001-csv/1573#50088842>		"гІис"@av	
"tɨna w-at-ankapəh-sa"@pbh	<https://panlex.org/snapshot/panlex-20191001-csv/1573#50089082>				<https://panlex.org/snapshot/panlex-20191001-csv/1573#50088834>		"ицц"@av	
"tɨna w-at-ankapəh-sa"@pbh	<https://panlex.org/snapshot/panlex-20191001-csv/1573#50089082>				<https://panlex.org/snapshot/panlex-20191001-csv/1573#50088838>		"гъуй"@av	
"tɨna w-at-ankapəh-sa"@pbh	<https://panlex.org/snapshot/panlex-20191001-csv/1573#50089082>				<https://panlex.org/snapshot/panlex-20191001-csv/1573#50088850>		"кигьриз"@av	
"tɨna w-at-ankapəh-sa"@pbh	<https://panlex.org/snapshot/panlex-20191001-csv/1573#50089082>				<https://panlex.org/snapshot/panlex-20191001-csv/1573#50088835>		"гъуй"@av	
"tɨna w-at-ankapəh-sa"@pbh	<https://panlex.org/snapshot/panlex-20191001-csv/1573#50089082>				<https://panlex.org/snapshot/panlex-20191001-csv/1573#50088843>		"гъуй"@av	
"tɨna w-at-ankapəh-sa"@pbh	<https://panlex.org/snapshot/panlex-20191001-csv/1573#50089082>				<https://panlex.org/snapshot/panlex-20191001-csv/1573#50088836>		"ицц"@av	
"iʔ tan"@pbh	<https://panlex.org/snapshot/panlex-20191001-csv/1573#50084040>				<https://panlex.org/snapshot/panlex-20191001-csv/1573#50083838>		"кьуру"@av	
"iʔ tan"@pbh	<https://panlex.org/snapshot/panlex-20191001-csv/1573#50084040>				<https://panlex.org/snapshot/panlex-20191001-csv/1573#50083852>		"кІкІал"@av	
"iʔ tan"@pbh	<https://panlex.org/snapshot/panlex-20191001-csv/1573#50084040>				<https://panlex.org/snapshot/panlex-20191001-csv/1573#50083841>		"гьец̅Іеп"@av	
"iʔ tan"@pbh	<https://panlex.org/snapshot/panlex-20191001-csv/1573#50084040>				<https://panlex.org/snapshot/panlex-20191001-csv/1573#50083846>		"парс"@av	
"iʔ tan"@pbh	<https://panlex.org/snapshot/panlex-20191001-csv/1573#50084040>				<https://panlex.org/snapshot/panlex-20191001-csv/1573#50083856>		"кькьури"@av	
"iʔ tan"@pbh	<https://panlex.org/snapshot/panlex-20191001-csv/1573#50084040>				<https://panlex.org/snapshot/panlex-20191001-csv/1573#50083851>		"гІуси"@av	
"iʔ tan"@pbh	<https://panlex.org/snapshot/panlex-20191001-csv/1573#50084040>				<https://panlex.org/snapshot/panlex-20191001-csv/1573#50083847>		"хъитІ"@av	
"iʔ tan"@pbh	<https://panlex.org/snapshot/panlex-20191001-csv/1573#50084040>				<https://panlex.org/snapshot/panlex-20191001-csv/1573#50083855>		"сІсІури"@av	
"iʔ tan"@pbh	<https://panlex.org/snapshot/panlex-20191001-csv/1573#50084040>				<https://panlex.org/snapshot/panlex-20191001-csv/1573#50083844>		"кьурил гІус"@av	
"iʔ tan"@pbh	<https://panlex.org/snapshot/panlex-20191001-csv/1573#50084040>				<https://panlex.org/snapshot/panlex-20191001-csv/1573#50083843>		"кьури"@av	
"iʔ tan"@pbh	<https://panlex.org/snapshot/panlex-20191001-csv/1573#50084040>				<https://panlex.org/snapshot/panlex-20191001-csv/1573#50083857>		"силляв"@av	
"iʔ tan"@pbh	<https://panlex.org/snapshot/panlex-20191001-csv/1573#50084040>				<https://panlex.org/snapshot/panlex-20191001-csv/1573#50083848>		"кьуро"@av	
"iʔ tan"@pbh	<https://panlex.org/snapshot/panlex-20191001-csv/1573#50084040>				<https://panlex.org/snapshot/panlex-20191001-csv/1573#50083854>		"дара"@av	
"iʔ tan"@pbh	<https://panlex.org/snapshot/panlex-20191001-csv/1573#50084040>				<https://panlex.org/snapshot/panlex-20191001-csv/1573#50083840>		"тІей"@av	
"iʔ tan"@pbh	<https://panlex.org/snapshot/panlex-20191001-csv/1573#50084040>				<https://panlex.org/snapshot/panlex-20191001-csv/1573#50083849>		"кьуру"@av	
"iʔ tan"@pbh	<https://panlex.org/snapshot/panlex-20191001-csv/1573#50084040>				<https://panlex.org/snapshot/panlex-20191001-csv/1573#50083842>		"кьури"@av	
"iʔ tan"@pbh	<https://panlex.org/snapshot/panlex-20191001-csv/1573#50084040>				<https://panlex.org/snapshot/panlex-20191001-csv/1573#50083839>		"тІалу"@av	
"iʔ tan"@pbh	<https://panlex.org/snapshot/panlex-20191001-csv/1573#50084040>				<https://panlex.org/snapshot/panlex-20191001-csv/1573#50083853>		"кьури"@av	
"iʔ tan"@pbh	<https://panlex.org/snapshot/panlex-20191001-csv/1573#50084040>				<https://panlex.org/snapshot/panlex-20191001-csv/1573#50083845>		"кьуру"@av	
"iʔ tan"@pbh	<https://panlex.org/snapshot/panlex-20191001-csv/1573#50084040>				<https://panlex.org/snapshot/panlex-20191001-csv/1573#50083850>		"хитІ"@av	
"toʔ yahtan"@pbh	<https://panlex.org/snapshot/panlex-20191001-csv/1573#50085555>				<https://panlex.org/snapshot/panlex-20191001-csv/1573#50085406>		"нохо"@av	
"toʔ yahtan"@pbh	<https://panlex.org/snapshot/panlex-20191001-csv/1573#50085555>				<https://panlex.org/snapshot/panlex-20191001-csv/1573#50085403>		"нохо"@av	
"toʔ yahtan"@pbh	<https://panlex.org/snapshot/panlex-20191001-csv/1573#50085555>				<https://panlex.org/snapshot/panlex-20191001-csv/1573#50085407>		"нухъо"@av	
"toʔ yahtan"@pbh	<https://panlex.org/snapshot/panlex-20191001-csv/1573#50085555>				<https://panlex.org/snapshot/panlex-20191001-csv/1573#50085408>		"нухо"@av	
"toʔ yahtan"@pbh	<https://panlex.org/snapshot/panlex-20191001-csv/1573#50085555>				<https://panlex.org/snapshot/panlex-20191001-csv/1573#50085409>		"нохъо"@av	
"toʔ yahtan"@pbh	<https://panlex.org/snapshot/panlex-20191001-csv/1573#50085555>				<https://panlex.org/snapshot/panlex-20191001-csv/1573#50085404>		"нохъо"@av	
"toʔ yahtan"@pbh	<https://panlex.org/snapshot/panlex-20191001-csv/1573#50085555>				<https://panlex.org/snapshot/panlex-20191001-csv/1573#50085402>		"нохъо"@av	
"toʔ yahtan"@pbh	<https://panlex.org/snapshot/panlex-20191001-csv/1573#50085555>				<https://panlex.org/snapshot/panlex-20191001-csv/1573#50085405>		"нохъо"@av	
"mah-pana"@pbh	<https://panlex.org/snapshot/panlex-20191001-csv/1573#50085272>				<https://panlex.org/snapshot/panlex-20191001-csv/1573#50085067>		"рагІаллъи"@av	
"mah-pana"@pbh	<https://panlex.org/snapshot/panlex-20191001-csv/1573#50085272>				<https://panlex.org/snapshot/panlex-20191001-csv/1573#50085070>		"рагІал"@av	
"mah-pana"@pbh	<https://panlex.org/snapshot/panlex-20191001-csv/1573#50085272>				<https://panlex.org/snapshot/panlex-20191001-csv/1573#50085076>		"гъирагъ"@av	
"mah-pana"@pbh	<https://panlex.org/snapshot/panlex-20191001-csv/1573#50085272>				<https://panlex.org/snapshot/panlex-20191001-csv/1573#50085068>		"ракъдаллъи"@av	
"mah-pana"@pbh	<https://panlex.org/snapshot/panlex-20191001-csv/1573#50085272>				<https://panlex.org/snapshot/panlex-20191001-csv/1573#50085071>		"рагІал"@av	
"mah-pana"@pbh	<https://panlex.org/snapshot/panlex-20191001-csv/1573#50085272>				<https://panlex.org/snapshot/panlex-20191001-csv/1573#50085075>		"къирагъ"@av	
"mah-pana"@pbh	<https://panlex.org/snapshot/panlex-20191001-csv/1573#50085272>				<https://panlex.org/snapshot/panlex-20191001-csv/1573#50085073>		"рагІада бакІ"@av	
"mah-pana"@pbh	<https://panlex.org/snapshot/panlex-20191001-csv/1573#50085272>				<https://panlex.org/snapshot/panlex-20191001-csv/1573#50085072>		"гІурул рагІал"@av	
"mah-pana"@pbh	<https://panlex.org/snapshot/panlex-20191001-csv/1573#50085272>				<https://panlex.org/snapshot/panlex-20191001-csv/1573#50085074>		"рагІаллъи"@av	
"mah-pana"@pbh	<https://panlex.org/snapshot/panlex-20191001-csv/1573#50085272>				<https://panlex.org/snapshot/panlex-20191001-csv/1573#50085069>		"ребал"@av	
"kaʔ"@pbh	<https://panlex.org/snapshot/panlex-20191001-csv/1573#50091195>				<https://panlex.org/snapshot/panlex-20191001-csv/1573#50091046>		"зоб"@av	
"kaʔ"@pbh	<https://panlex.org/snapshot/panlex-20191001-csv/1573#50091195>				<https://panlex.org/snapshot/panlex-20191001-csv/1573#50091044>		"жоди"@av	
"kaʔ"@pbh	<https://panlex.org/snapshot/panlex-20191001-csv/1573#50091195>				<https://panlex.org/snapshot/panlex-20191001-csv/1573#50091045>		"зоб"@av	
"kaʔ"@pbh	<https://panlex.org/snapshot/panlex-20191001-csv/1573#50091195>				<https://panlex.org/snapshot/panlex-20191001-csv/1573#50091042>		"зоб"@av	
"kaʔ"@pbh	<https://panlex.org/snapshot/panlex-20191001-csv/1573#50091195>				<https://panlex.org/snapshot/panlex-20191001-csv/1573#50091048>		"зоб"@av	
"kaʔ"@pbh	<https://panlex.org/snapshot/panlex-20191001-csv/1573#50091195>				<https://panlex.org/snapshot/panlex-20191001-csv/1573#50091047>		"зоб"@av	
"kaʔ"@pbh	<https://panlex.org/snapshot/panlex-20191001-csv/1573#50091195>				<https://panlex.org/snapshot/panlex-20191001-csv/1573#50091043>		"зоб"@av	
"kaʔ"@pbh	<https://panlex.org/snapshot/panlex-20191001-csv/1573#50091195>				<https://panlex.org/snapshot/panlex-20191001-csv/1573#50091041>		"зоб"@av	
"ihča"@pbh	<https://panlex.org/snapshot/panlex-20191001-csv/1573#50089829>				<https://panlex.org/snapshot/panlex-20191001-csv/1573#50089649>		"рохь"@av	
"ihča"@pbh	<https://panlex.org/snapshot/panlex-20191001-csv/1573#50089829>				<https://panlex.org/snapshot/panlex-20191001-csv/1573#50089648>		"рохь"@av	
"ihča"@pbh	<https://panlex.org/snapshot/panlex-20191001-csv/1573#50089829>				<https://panlex.org/snapshot/panlex-20191001-csv/1573#50089652>		"рохь"@av	
"ihča"@pbh	<https://panlex.org/snapshot/panlex-20191001-csv/1573#50089829>				<https://panlex.org/snapshot/panlex-20191001-csv/1573#50089646>		"рохь"@av	
"ihča"@pbh	<https://panlex.org/snapshot/panlex-20191001-csv/1573#50089829>				<https://panlex.org/snapshot/panlex-20191001-csv/1573#50089645>		"рохь"@av	
"ihča"@pbh	<https://panlex.org/snapshot/panlex-20191001-csv/1573#50089829>				<https://panlex.org/snapshot/panlex-20191001-csv/1573#50089651>		"рохь"@av	
"ihča"@pbh	<https://panlex.org/snapshot/panlex-20191001-csv/1573#50089829>				<https://panlex.org/snapshot/panlex-20191001-csv/1573#50089650>		"рохь"@av	
"ihča"@pbh	<https://panlex.org/snapshot/panlex-20191001-csv/1573#50089829>				<https://panlex.org/snapshot/panlex-20191001-csv/1573#50089647>		"рохь"@av	
"yɨkuhpə"@pbh	<https://panlex.org/snapshot/panlex-20191001-csv/1573#50089366>				<https://panlex.org/snapshot/panlex-20191001-csv/1573#50089206>		"кьино гьеаб хІор"@av	
"yɨkuhpə"@pbh	<https://panlex.org/snapshot/panlex-20191001-csv/1573#50089366>				<https://panlex.org/snapshot/panlex-20191001-csv/1573#50089207>		"хьуцІ"@av	
"yɨkuhpə"@pbh	<https://panlex.org/snapshot/panlex-20191001-csv/1573#50089366>				<https://panlex.org/snapshot/panlex-20191001-csv/1573#50089208>		"чамам"@av	
"yɨkuhpə"@pbh	<https://panlex.org/snapshot/panlex-20191001-csv/1573#50089366>				<https://panlex.org/snapshot/panlex-20191001-csv/1573#50089204>		"хьуцІ"@av	
"yɨkuhpə"@pbh	<https://panlex.org/snapshot/panlex-20191001-csv/1573#50089366>				<https://panlex.org/snapshot/panlex-20191001-csv/1573#50089203>		"хьуц̅І"@av	
"yɨkuhpə"@pbh	<https://panlex.org/snapshot/panlex-20191001-csv/1573#50089366>				<https://panlex.org/snapshot/panlex-20191001-csv/1573#50089209>		"хьуцІи"@av	
"yɨkuhpə"@pbh	<https://panlex.org/snapshot/panlex-20191001-csv/1573#50089366>				<https://panlex.org/snapshot/panlex-20191001-csv/1573#50089202>		"хьуцІцІ"@av	
"yɨkuhpə"@pbh	<https://panlex.org/snapshot/panlex-20191001-csv/1573#50089366>				<https://panlex.org/snapshot/panlex-20191001-csv/1573#50089205>		"хьуцІ"@av	
"wanaʔ"@pbh	<https://panlex.org/snapshot/panlex-20191001-csv/1573#50084368>				<https://panlex.org/snapshot/panlex-20191001-csv/1573#50084143>		"майдан"@av	
"wanaʔ"@pbh	<https://panlex.org/snapshot/panlex-20191001-csv/1573#50084368>				<https://panlex.org/snapshot/panlex-20191001-csv/1573#50084146>		"тІибитІи"@av	
"wanaʔ"@pbh	<https://panlex.org/snapshot/panlex-20191001-csv/1573#50084368>				<https://panlex.org/snapshot/panlex-20191001-csv/1573#50084139>		"майдан"@av	
"wanaʔ"@pbh	<https://panlex.org/snapshot/panlex-20191001-csv/1573#50084368>				<https://panlex.org/snapshot/panlex-20191001-csv/1573#50084138>		"хІур"@av	
"wanaʔ"@pbh	<https://panlex.org/snapshot/panlex-20191001-csv/1573#50084368>				<https://panlex.org/snapshot/panlex-20191001-csv/1573#50084136>		"битІараб авлахъ"@av	
"wanaʔ"@pbh	<https://panlex.org/snapshot/panlex-20191001-csv/1573#50084368>				<https://panlex.org/snapshot/panlex-20191001-csv/1573#50084137>		"майдан"@av	
"wanaʔ"@pbh	<https://panlex.org/snapshot/panlex-20191001-csv/1573#50084368>				<https://panlex.org/snapshot/panlex-20191001-csv/1573#50084133>		"авлахъ"@av	
"wanaʔ"@pbh	<https://panlex.org/snapshot/panlex-20191001-csv/1573#50084368>				<https://panlex.org/snapshot/panlex-20191001-csv/1573#50084135>		"майдан"@av	
"wanaʔ"@pbh	<https://panlex.org/snapshot/panlex-20191001-csv/1573#50084368>				<https://panlex.org/snapshot/panlex-20191001-csv/1573#50084142>		"тІадлъи"@av	
"wanaʔ"@pbh	<https://panlex.org/snapshot/panlex-20191001-csv/1573#50084368>				<https://panlex.org/snapshot/panlex-20191001-csv/1573#50084140>		"хур"@av	
"wanaʔ"@pbh	<https://panlex.org/snapshot/panlex-20191001-csv/1573#50084368>				<https://panlex.org/snapshot/panlex-20191001-csv/1573#50084134>		"лъарагІлъи"@av	
"wanaʔ"@pbh	<https://panlex.org/snapshot/panlex-20191001-csv/1573#50084368>				<https://panlex.org/snapshot/panlex-20191001-csv/1573#50084141>		"майдан"@av	
"wanaʔ"@pbh	<https://panlex.org/snapshot/panlex-20191001-csv/1573#50084368>				<https://panlex.org/snapshot/panlex-20191001-csv/1573#50084145>		"чоле"@av	
"wanaʔ"@pbh	<https://panlex.org/snapshot/panlex-20191001-csv/1573#50084368>				<https://panlex.org/snapshot/panlex-20191001-csv/1573#50084144>		"хІур"@av	
"wanaʔ"@pbh	<https://panlex.org/snapshot/panlex-20191001-csv/1573#50084368>				<https://panlex.org/snapshot/panlex-20191001-csv/1573#50084147>		"чоли"@av	
"tɨna"@pbh	<https://panlex.org/snapshot/panlex-20191001-csv/1573#50088489>				<https://panlex.org/snapshot/panlex-20191001-csv/1573#50088204>		"гІор"@av	
"tɨna"@pbh	<https://panlex.org/snapshot/panlex-20191001-csv/1573#50088489>				<https://panlex.org/snapshot/panlex-20191001-csv/1573#50088202>		"лъар"@av	
"tɨna"@pbh	<https://panlex.org/snapshot/panlex-20191001-csv/1573#50088489>				<https://panlex.org/snapshot/panlex-20191001-csv/1573#50088196>		"тІинаб гІор"@av	
"tɨna"@pbh	<https://panlex.org/snapshot/panlex-20191001-csv/1573#50088489>				<https://panlex.org/snapshot/panlex-20191001-csv/1573#50088190>		"гІор"@av	
"tɨna"@pbh	<https://panlex.org/snapshot/panlex-20191001-csv/1573#50088489>				<https://panlex.org/snapshot/panlex-20191001-csv/1573#50088186>		"гІор"@av	
"tɨna"@pbh	<https://panlex.org/snapshot/panlex-20191001-csv/1573#50088489>				<https://panlex.org/snapshot/panlex-20191001-csv/1573#50088192>		"ихх"@av	
"tɨna"@pbh	<https://panlex.org/snapshot/panlex-20191001-csv/1573#50088489>				<https://panlex.org/snapshot/panlex-20191001-csv/1573#50088195>		"рикьи"@av	
"tɨna"@pbh	<https://panlex.org/snapshot/panlex-20191001-csv/1573#50088489>				<https://panlex.org/snapshot/panlex-20191001-csv/1573#50088201>		"гІор"@av	
"tɨna"@pbh	<https://panlex.org/snapshot/panlex-20191001-csv/1573#50088489>				<https://panlex.org/snapshot/panlex-20191001-csv/1573#50088199>		"гІор"@av	
"tɨna"@pbh	<https://panlex.org/snapshot/panlex-20191001-csv/1573#50088489>				<https://panlex.org/snapshot/panlex-20191001-csv/1573#50088207>		"чахи"@av	
"tɨna"@pbh	<https://panlex.org/snapshot/panlex-20191001-csv/1573#50088489>				<https://panlex.org/snapshot/panlex-20191001-csv/1573#50088187>		"ихх"@av	
"tɨna"@pbh	<https://panlex.org/snapshot/panlex-20191001-csv/1573#50088489>				<https://panlex.org/snapshot/panlex-20191001-csv/1573#50088200>		"лъар"@av	
"tɨna"@pbh	<https://panlex.org/snapshot/panlex-20191001-csv/1573#50088489>				<https://panlex.org/snapshot/panlex-20191001-csv/1573#50088194>		"лъар"@av	
"tɨna"@pbh	<https://panlex.org/snapshot/panlex-20191001-csv/1573#50088489>				<https://panlex.org/snapshot/panlex-20191001-csv/1573#50088206>		"гІор"@av	
"tɨna"@pbh	<https://panlex.org/snapshot/panlex-20191001-csv/1573#50088489>				<https://panlex.org/snapshot/panlex-20191001-csv/1573#50088203>		"чвахи"@av	
"tɨna"@pbh	<https://panlex.org/snapshot/panlex-20191001-csv/1573#50088489>				<https://panlex.org/snapshot/panlex-20191001-csv/1573#50088197>		"гІор"@av	
"tɨna"@pbh	<https://panlex.org/snapshot/panlex-20191001-csv/1573#50088489>				<https://panlex.org/snapshot/panlex-20191001-csv/1573#50088198>		"рахъ"@av	
"tɨna"@pbh	<https://panlex.org/snapshot/panlex-20191001-csv/1573#50088489>				<https://panlex.org/snapshot/panlex-20191001-csv/1573#50088189>		"чваххи"@av	
"tɨna"@pbh	<https://panlex.org/snapshot/panlex-20191001-csv/1573#50088489>				<https://panlex.org/snapshot/panlex-20191001-csv/1573#50088205>		"архи"@av	
"tɨna"@pbh	<https://panlex.org/snapshot/panlex-20191001-csv/1573#50088489>				<https://panlex.org/snapshot/panlex-20191001-csv/1573#50088193>		"лъалъ"@av	
"tɨna"@pbh	<https://panlex.org/snapshot/panlex-20191001-csv/1573#50088489>				<https://panlex.org/snapshot/panlex-20191001-csv/1573#50088191>		"гІор"@av	
"tɨna"@pbh	<https://panlex.org/snapshot/panlex-20191001-csv/1573#50088489>				<https://panlex.org/snapshot/panlex-20191001-csv/1573#50088188>		"лъар"@av	
"tɨna"@pbh	<https://panlex.org/snapshot/panlex-20191001-csv/1573#50085801>				<https://panlex.org/snapshot/panlex-20191001-csv/1573#50085648>		"хьхьим"@av	
"tɨna"@pbh	<https://panlex.org/snapshot/panlex-20191001-csv/1573#50085801>				<https://panlex.org/snapshot/panlex-20191001-csv/1573#50085644>		"лъин"@av	
"tɨna"@pbh	<https://panlex.org/snapshot/panlex-20191001-csv/1573#50085801>				<https://panlex.org/snapshot/panlex-20191001-csv/1573#50085646>		"лъим"@av	
"tɨna"@pbh	<https://panlex.org/snapshot/panlex-20191001-csv/1573#50085801>				<https://panlex.org/snapshot/panlex-20191001-csv/1573#50085641>		"лълъим"@av	
"tɨna"@pbh	<https://panlex.org/snapshot/panlex-20191001-csv/1573#50085801>				<https://panlex.org/snapshot/panlex-20191001-csv/1573#50085642>		"лълъин"@av	
"tɨna"@pbh	<https://panlex.org/snapshot/panlex-20191001-csv/1573#50085801>				<https://panlex.org/snapshot/panlex-20191001-csv/1573#50085645>		"лъин"@av	
"tɨna"@pbh	<https://panlex.org/snapshot/panlex-20191001-csv/1573#50085801>				<https://panlex.org/snapshot/panlex-20191001-csv/1573#50085643>		"лълъим"@av	
"tɨna"@pbh	<https://panlex.org/snapshot/panlex-20191001-csv/1573#50085801>				<https://panlex.org/snapshot/panlex-20191001-csv/1573#50085647>		"сим"@av	
"ano"@pbh	<https://panlex.org/snapshot/panlex-20191001-csv/1573#50081859>				<https://panlex.org/snapshot/panlex-20191001-csv/1573#50081706>		"дунял"@av	
"ano"@pbh	<https://panlex.org/snapshot/panlex-20191001-csv/1573#50081859>				<https://panlex.org/snapshot/panlex-20191001-csv/1573#50081710>		"дунял"@av	
"ano"@pbh	<https://panlex.org/snapshot/panlex-20191001-csv/1573#50081859>				<https://panlex.org/snapshot/panlex-20191001-csv/1573#50081708>		"дуйнал"@av	
"ano"@pbh	<https://panlex.org/snapshot/panlex-20191001-csv/1573#50081859>				<https://panlex.org/snapshot/panlex-20191001-csv/1573#50081711>		"дуниял"@av	
"ano"@pbh	<https://panlex.org/snapshot/panlex-20191001-csv/1573#50081859>				<https://panlex.org/snapshot/panlex-20191001-csv/1573#50081713>		"дунял"@av	
"ano"@pbh	<https://panlex.org/snapshot/panlex-20191001-csv/1573#50081859>				<https://panlex.org/snapshot/panlex-20191001-csv/1573#50081709>		"дулян"@av	
"ano"@pbh	<https://panlex.org/snapshot/panlex-20191001-csv/1573#50081859>				<https://panlex.org/snapshot/panlex-20191001-csv/1573#50081715>		"дунйал"@av	
"ano"@pbh	<https://panlex.org/snapshot/panlex-20191001-csv/1573#50081859>				<https://panlex.org/snapshot/panlex-20191001-csv/1573#50081712>		"дунал"@av	
"ano"@pbh	<https://panlex.org/snapshot/panlex-20191001-csv/1573#50081859>				<https://panlex.org/snapshot/panlex-20191001-csv/1573#50081714>		"дунийал"@av	
"ano"@pbh	<https://panlex.org/snapshot/panlex-20191001-csv/1573#50081859>				<https://panlex.org/snapshot/panlex-20191001-csv/1573#50081707>		"дуйнял"@av	
"ano"@pbh	<https://panlex.org/snapshot/panlex-20191001-csv/1573#50082499>				<https://panlex.org/snapshot/panlex-20191001-csv/1573#50082303>		"разІ"@av	
"ano"@pbh	<https://panlex.org/snapshot/panlex-20191001-csv/1573#50082499>				<https://panlex.org/snapshot/panlex-20191001-csv/1573#50082299>		"ракь"@av	
"ano"@pbh	<https://panlex.org/snapshot/panlex-20191001-csv/1573#50082499>				<https://panlex.org/snapshot/panlex-20191001-csv/1573#50082300>		"ракь"@av	
"ano"@pbh	<https://panlex.org/snapshot/panlex-20191001-csv/1573#50082499>				<https://panlex.org/snapshot/panlex-20191001-csv/1573#50082302>		"ракь"@av	
"ano"@pbh	<https://panlex.org/snapshot/panlex-20191001-csv/1573#50082499>				<https://panlex.org/snapshot/panlex-20191001-csv/1573#50082301>		"ракь"@av	
"ano"@pbh	<https://panlex.org/snapshot/panlex-20191001-csv/1573#50082499>				<https://panlex.org/snapshot/panlex-20191001-csv/1573#50082304>		"ракькь"@av	
"ano"@pbh	<https://panlex.org/snapshot/panlex-20191001-csv/1573#50082499>				<https://panlex.org/snapshot/panlex-20191001-csv/1573#50082297>		"ракь"@av	
"ano"@pbh	<https://panlex.org/snapshot/panlex-20191001-csv/1573#50082499>				<https://panlex.org/snapshot/panlex-20191001-csv/1573#50082298>		"ракь"@av	
"ano"@pbh	<https://panlex.org/snapshot/panlex-20191001-csv/1573#50085009>				<https://panlex.org/snapshot/panlex-20191001-csv/1573#50084914>		"кантинент"@av	
"ano"@pbh	<https://panlex.org/snapshot/panlex-20191001-csv/1573#50085009>				<https://panlex.org/snapshot/panlex-20191001-csv/1573#50084909>		"кантинент"@av	
"ano"@pbh	<https://panlex.org/snapshot/panlex-20191001-csv/1573#50085009>				<https://panlex.org/snapshot/panlex-20191001-csv/1573#50084913>		"кантинент"@av	
"ano"@pbh	<https://panlex.org/snapshot/panlex-20191001-csv/1573#50085009>				<https://panlex.org/snapshot/panlex-20191001-csv/1573#50084910>		"кантинент"@av	
"ano"@pbh	<https://panlex.org/snapshot/panlex-20191001-csv/1573#50085009>				<https://panlex.org/snapshot/panlex-20191001-csv/1573#50084915>		"кантинент"@av	
"ano"@pbh	<https://panlex.org/snapshot/panlex-20191001-csv/1573#50085009>				<https://panlex.org/snapshot/panlex-20191001-csv/1573#50084911>		"кантинент"@av	
"ano"@pbh	<https://panlex.org/snapshot/panlex-20191001-csv/1573#50085009>				<https://panlex.org/snapshot/panlex-20191001-csv/1573#50084912>		"кантинент"@av	
"ano"@pbh	<https://panlex.org/snapshot/panlex-20191001-csv/1573#50082168>				<https://panlex.org/snapshot/panlex-20191001-csv/1573#50081959>		"пачалихъ"@av	
"ano"@pbh	<https://panlex.org/snapshot/panlex-20191001-csv/1573#50082168>				<https://panlex.org/snapshot/panlex-20191001-csv/1573#50081964>		"улка"@av	
"ano"@pbh	<https://panlex.org/snapshot/panlex-20191001-csv/1573#50082168>				<https://panlex.org/snapshot/panlex-20191001-csv/1573#50081960>		"ракь"@av	
"ano"@pbh	<https://panlex.org/snapshot/panlex-20191001-csv/1573#50082168>				<https://panlex.org/snapshot/panlex-20191001-csv/1573#50081968>		"хІукумат"@av	
"ano"@pbh	<https://panlex.org/snapshot/panlex-20191001-csv/1573#50082168>				<https://panlex.org/snapshot/panlex-20191001-csv/1573#50081958>		"улка"@av	
"ano"@pbh	<https://panlex.org/snapshot/panlex-20191001-csv/1573#50082168>				<https://panlex.org/snapshot/panlex-20191001-csv/1573#50081957>		"ракь"@av	
"ano"@pbh	<https://panlex.org/snapshot/panlex-20191001-csv/1573#50082168>				<https://panlex.org/snapshot/panlex-20191001-csv/1573#50081966>		"ракь"@av	
"ano"@pbh	<https://panlex.org/snapshot/panlex-20191001-csv/1573#50082168>				<https://panlex.org/snapshot/panlex-20191001-csv/1573#50081967>		"ракь"@av	
"ano"@pbh	<https://panlex.org/snapshot/panlex-20191001-csv/1573#50082168>				<https://panlex.org/snapshot/panlex-20191001-csv/1573#50081971>		"улка"@av	
"ano"@pbh	<https://panlex.org/snapshot/panlex-20191001-csv/1573#50082168>				<https://panlex.org/snapshot/panlex-20191001-csv/1573#50081963>		"ракь"@av	
"ano"@pbh	<https://panlex.org/snapshot/panlex-20191001-csv/1573#50082168>				<https://panlex.org/snapshot/panlex-20191001-csv/1573#50081969>		"улка"@av	
"ano"@pbh	<https://panlex.org/snapshot/panlex-20191001-csv/1573#50082168>				<https://panlex.org/snapshot/panlex-20191001-csv/1573#50081962>		"ракь"@av	
"ano"@pbh	<https://panlex.org/snapshot/panlex-20191001-csv/1573#50082168>				<https://panlex.org/snapshot/panlex-20191001-csv/1573#50081970>		"ракькь"@av	
"ano"@pbh	<https://panlex.org/snapshot/panlex-20191001-csv/1573#50082168>				<https://panlex.org/snapshot/panlex-20191001-csv/1573#50081961>		"булка"@av	
"ano"@pbh	<https://panlex.org/snapshot/panlex-20191001-csv/1573#50082168>				<https://panlex.org/snapshot/panlex-20191001-csv/1573#50081965>		"ватІан"@av	
"ano"@pbh	<https://panlex.org/snapshot/panlex-20191001-csv/1573#50082168>				<https://panlex.org/snapshot/panlex-20191001-csv/1573#50081956>		"дунял"@av	
"iʔ n-anahtə-hpə"@pbh	<https://panlex.org/snapshot/panlex-20191001-csv/1573#50084622>				<https://panlex.org/snapshot/panlex-20191001-csv/1573#50084477>		"гІорхъу"@av	
"iʔ n-anahtə-hpə"@pbh	<https://panlex.org/snapshot/panlex-20191001-csv/1573#50084622>				<https://panlex.org/snapshot/panlex-20191001-csv/1573#50084479>		"авлах"@av	
"iʔ n-anahtə-hpə"@pbh	<https://panlex.org/snapshot/panlex-20191001-csv/1573#50084622>				<https://panlex.org/snapshot/panlex-20191001-csv/1573#50084476>		"авлахъ"@av	
"iʔ n-anahtə-hpə"@pbh	<https://panlex.org/snapshot/panlex-20191001-csv/1573#50084622>				<https://panlex.org/snapshot/panlex-20191001-csv/1573#50084475>		"авлах"@av	
"iʔ n-anahtə-hpə"@pbh	<https://panlex.org/snapshot/panlex-20191001-csv/1573#50084622>				<https://panlex.org/snapshot/panlex-20191001-csv/1573#50084481>		"майдан"@av	
"iʔ n-anahtə-hpə"@pbh	<https://panlex.org/snapshot/panlex-20191001-csv/1573#50084622>				<https://panlex.org/snapshot/panlex-20191001-csv/1573#50084480>		"дара"@av	
"iʔ n-anahtə-hpə"@pbh	<https://panlex.org/snapshot/panlex-20191001-csv/1573#50084622>				<https://panlex.org/snapshot/panlex-20191001-csv/1573#50084478>		"гІодлъи"@av	
"iʔ n-anahtə-hpə"@pbh	<https://panlex.org/snapshot/panlex-20191001-csv/1573#50084622>				<https://panlex.org/snapshot/panlex-20191001-csv/1573#50084474>		"гІурумухъ"@av	
"ih-ya"@pbh	<https://panlex.org/snapshot/panlex-20191001-csv/1573#50089828>				<https://panlex.org/snapshot/panlex-20191001-csv/1573#50089649>		"рохь"@av	
"ih-ya"@pbh	<https://panlex.org/snapshot/panlex-20191001-csv/1573#50089828>				<https://panlex.org/snapshot/panlex-20191001-csv/1573#50089648>		"рохь"@av	
"ih-ya"@pbh	<https://panlex.org/snapshot/panlex-20191001-csv/1573#50089828>				<https://panlex.org/snapshot/panlex-20191001-csv/1573#50089652>		"рохь"@av	
"ih-ya"@pbh	<https://panlex.org/snapshot/panlex-20191001-csv/1573#50089828>				<https://panlex.org/snapshot/panlex-20191001-csv/1573#50089646>		"рохь"@av	
"ih-ya"@pbh	<https://panlex.org/snapshot/panlex-20191001-csv/1573#50089828>				<https://panlex.org/snapshot/panlex-20191001-csv/1573#50089645>		"рохь"@av	
"ih-ya"@pbh	<https://panlex.org/snapshot/panlex-20191001-csv/1573#50089828>				<https://panlex.org/snapshot/panlex-20191001-csv/1573#50089651>		"рохь"@av	
"ih-ya"@pbh	<https://panlex.org/snapshot/panlex-20191001-csv/1573#50089828>				<https://panlex.org/snapshot/panlex-20191001-csv/1573#50089650>		"рохь"@av	
"ih-ya"@pbh	<https://panlex.org/snapshot/panlex-20191001-csv/1573#50089828>				<https://panlex.org/snapshot/panlex-20191001-csv/1573#50089647>		"рохь"@av	
