"šure"@ktz	<https://panlex.org/snapshot/panlex-20191001-csv/3975#51731727>				<https://panlex.org/snapshot/panlex-20191001-csv/3975#51731679>		"čʼub-"@aiw	
"ɳǀò"@ktz	<https://panlex.org/snapshot/panlex-20191001-csv/3975#51720883>				<https://panlex.org/snapshot/panlex-20191001-csv/3975#51720838>		"ɗaki"@aiw	
"ɳǀò"@ktz	<https://panlex.org/snapshot/panlex-20191001-csv/3975#51731274>				<https://panlex.org/snapshot/panlex-20191001-csv/3975#51731230>		"guftˈa"@aiw	
"ɳǀò"@ktz	<https://panlex.org/snapshot/panlex-20191001-csv/3975#51731274>				<https://panlex.org/snapshot/panlex-20191001-csv/3975#51731231>		"gutˈa"@aiw	
"ǀǀkxáo"@ktz	<https://panlex.org/snapshot/panlex-20191001-csv/3975#51723329>				<https://panlex.org/snapshot/panlex-20191001-csv/3975#51723281>		"woč-"@aiw	
"càŋ"@ktz	<https://panlex.org/snapshot/panlex-20191001-csv/3975#51729239>				<https://panlex.org/snapshot/panlex-20191001-csv/3975#51729188>		"nˈuki"@aiw	
"cà"@ktz	<https://panlex.org/snapshot/panlex-20191001-csv/3975#51731427>				<https://panlex.org/snapshot/panlex-20191001-csv/3975#51731379>		"rat-"@aiw	
"ù"@ktz	<https://panlex.org/snapshot/panlex-20191001-csv/3975#51733797>				<https://panlex.org/snapshot/panlex-20191001-csv/3975#51733746>		"kay-"@aiw	
"ǀe"@ktz	<https://panlex.org/snapshot/panlex-20191001-csv/3975#51724921>				<https://panlex.org/snapshot/panlex-20191001-csv/3975#51724871>		"dˈuːti"@aiw	
"sá"@ktz	<https://panlex.org/snapshot/panlex-20191001-csv/3975#51726064>				<https://panlex.org/snapshot/panlex-20191001-csv/3975#51726013>		"wur-"@aiw	
"ǂʰí"@ktz	<https://panlex.org/snapshot/panlex-20191001-csv/3975#51727915>				<https://panlex.org/snapshot/panlex-20191001-csv/3975#51727907>		"bed-mˈi"@aiw	
"žù"@ktz	<https://panlex.org/snapshot/panlex-20191001-csv/3975#51729722>				<https://panlex.org/snapshot/panlex-20191001-csv/3975#51729671>		"ʔeːd"@aiw	
"cé-ma"@ktz	<https://panlex.org/snapshot/panlex-20191001-csv/3975#51731583>				<https://panlex.org/snapshot/panlex-20191001-csv/3975#51731535>		"tok-mˈi"@aiw	
"ǀǀʼàù"@ktz	<https://panlex.org/snapshot/panlex-20191001-csv/3975#51724648>				<https://panlex.org/snapshot/panlex-20191001-csv/3975#51724601>		"toylˈa"@aiw	
"ɳǀŋ́ː"@ktz	<https://panlex.org/snapshot/panlex-20191001-csv/3975#51731116>				<https://panlex.org/snapshot/panlex-20191001-csv/3975#51731058>		"doq-"@aiw	
"ci"@ktz	<https://panlex.org/snapshot/panlex-20191001-csv/3975#51728516>				<https://panlex.org/snapshot/panlex-20191001-csv/3975#51728466>		"ʔafˈa"@aiw	
"ǂʰáí"@ktz	<https://panlex.org/snapshot/panlex-20191001-csv/3975#51727958>				<https://panlex.org/snapshot/panlex-20191001-csv/3975#51727907>		"bed-mˈi"@aiw	
"ǯa"@ktz	<https://panlex.org/snapshot/panlex-20191001-csv/3975#51725345>				<https://panlex.org/snapshot/panlex-20191001-csv/3975#51725297>		"laqa-mˈi"@aiw	
"ǯa"@ktz	<https://panlex.org/snapshot/panlex-20191001-csv/3975#51725345>				<https://panlex.org/snapshot/panlex-20191001-csv/3975#51725298>		"laq-mˈi"@aiw	
"ǀkxáí"@ktz	<https://panlex.org/snapshot/panlex-20191001-csv/3975#51724925>				<https://panlex.org/snapshot/panlex-20191001-csv/3975#51724871>		"dˈuːti"@aiw	
"zsʰáúː"@ktz	<https://panlex.org/snapshot/panlex-20191001-csv/3975#51734924>				<https://panlex.org/snapshot/panlex-20191001-csv/3975#51734868>		"maʰ"@aiw	
"ǂxiː"@ktz	<https://panlex.org/snapshot/panlex-20191001-csv/3975#51722486>				<https://panlex.org/snapshot/panlex-20191001-csv/3975#51722479>		"qaʰž-ˈi"@aiw	
"tum"@ktz	<https://panlex.org/snapshot/panlex-20191001-csv/3975#51735427>				<https://panlex.org/snapshot/panlex-20191001-csv/3975#51735419>		"ʔucc-ˈa"@aiw	
"ǀʼĩ"@ktz	<https://panlex.org/snapshot/panlex-20191001-csv/3975#51721710>				<https://panlex.org/snapshot/panlex-20191001-csv/3975#51721660>		"qˈase"@aiw	
"hm"@ktz	<https://panlex.org/snapshot/panlex-20191001-csv/3975#51734288>				<https://panlex.org/snapshot/panlex-20191001-csv/3975#51734214>		"woʰ"@aiw	
"hm"@ktz	<https://panlex.org/snapshot/panlex-20191001-csv/3975#51734288>				<https://panlex.org/snapshot/panlex-20191001-csv/3975#51734215>		"woʰː"@aiw	
"če-ba"@ktz	<https://panlex.org/snapshot/panlex-20191001-csv/3975#51734445>				<https://panlex.org/snapshot/panlex-20191001-csv/3975#51734438>		"aʰ-rˈe"@aiw	
"ǂéi"@ktz	<https://panlex.org/snapshot/panlex-20191001-csv/3975#51722810>				<https://panlex.org/snapshot/panlex-20191001-csv/3975#51722804>		"deʔ-"@aiw	
"žú"@ktz	<https://panlex.org/snapshot/panlex-20191001-csv/3975#51729719>				<https://panlex.org/snapshot/panlex-20191001-csv/3975#51729671>		"ʔeːd"@aiw	
"cʼaː"@ktz	<https://panlex.org/snapshot/panlex-20191001-csv/3975#51731386>				<https://panlex.org/snapshot/panlex-20191001-csv/3975#51731379>		"rat-"@aiw	
"šórre"@ktz	<https://panlex.org/snapshot/panlex-20191001-csv/3975#51731726>				<https://panlex.org/snapshot/panlex-20191001-csv/3975#51731679>		"čʼub-"@aiw	
"mĩ"@ktz	<https://panlex.org/snapshot/panlex-20191001-csv/3975#51726504>				<https://panlex.org/snapshot/panlex-20191001-csv/3975#51726441>		"ʔi"@aiw	
"ɡǀúː"@ktz	<https://panlex.org/snapshot/panlex-20191001-csv/3975#51729083>				<https://panlex.org/snapshot/panlex-20191001-csv/3975#51729030>		"soici"@aiw	
"ɡǀúː"@ktz	<https://panlex.org/snapshot/panlex-20191001-csv/3975#51729083>				<https://panlex.org/snapshot/panlex-20191001-csv/3975#51729029>		"soiti"@aiw	
"ʒou"@ktz	<https://panlex.org/snapshot/panlex-20191001-csv/3975#51734875>				<https://panlex.org/snapshot/panlex-20191001-csv/3975#51734868>		"maʰ"@aiw	
"o=kxwi"@ktz	<https://panlex.org/snapshot/panlex-20191001-csv/3975#51730612>				<https://panlex.org/snapshot/panlex-20191001-csv/3975#51730605>		"gay-"@aiw	
"ǀuaː"@ktz	<https://panlex.org/snapshot/panlex-20191001-csv/3975#51729351>				<https://panlex.org/snapshot/panlex-20191001-csv/3975#51729345>		"-ay"@aiw	
"cã̰́"@ktz	<https://panlex.org/snapshot/panlex-20191001-csv/3975#51733643>				<https://panlex.org/snapshot/panlex-20191001-csv/3975#51733584>		"qastˈen"@aiw	
"cã̰́"@ktz	<https://panlex.org/snapshot/panlex-20191001-csv/3975#51733643>				<https://panlex.org/snapshot/panlex-20191001-csv/3975#51733583>		"qaskˈen"@aiw	
"kuú"@ktz	<https://panlex.org/snapshot/panlex-20191001-csv/3975#51722128>				<https://panlex.org/snapshot/panlex-20191001-csv/3975#51722081>		"ʔac-"@aiw	
"tòʔm"@ktz	<https://panlex.org/snapshot/panlex-20191001-csv/3975#51735472>				<https://panlex.org/snapshot/panlex-20191001-csv/3975#51735419>		"ʔucc-ˈa"@aiw	
"caù"@ktz	<https://panlex.org/snapshot/panlex-20191001-csv/3975#51733332>				<https://panlex.org/snapshot/panlex-20191001-csv/3975#51733282>		"ʔˈaci"@aiw	
"koú"@ktz	<https://panlex.org/snapshot/panlex-20191001-csv/3975#51722129>				<https://panlex.org/snapshot/panlex-20191001-csv/3975#51722081>		"ʔac-"@aiw	
"ǀã"@ktz	<https://panlex.org/snapshot/panlex-20191001-csv/3975#51735174>				<https://panlex.org/snapshot/panlex-20191001-csv/3975#51735164>		"fegˈa"@aiw	
"ɡǀǀa"@ktz	<https://panlex.org/snapshot/panlex-20191001-csv/3975#51722403>				<https://panlex.org/snapshot/panlex-20191001-csv/3975#51722362>		"liːl-a"@aiw	
"ɡǀǀa"@ktz	<https://panlex.org/snapshot/panlex-20191001-csv/3975#51729875>				<https://panlex.org/snapshot/panlex-20191001-csv/3975#51729828>		"doːbi"@aiw	
"ɳǀèʔé"@ktz	<https://panlex.org/snapshot/panlex-20191001-csv/3975#51729571>				<https://panlex.org/snapshot/panlex-20191001-csv/3975#51729513>		"wˈollaq"@aiw	
"tːʔumm"@ktz	<https://panlex.org/snapshot/panlex-20191001-csv/3975#51735469>				<https://panlex.org/snapshot/panlex-20191001-csv/3975#51735419>		"ʔucc-ˈa"@aiw	
"čʼa"@ktz	<https://panlex.org/snapshot/panlex-20191001-csv/3975#51726020>				<https://panlex.org/snapshot/panlex-20191001-csv/3975#51726013>		"wur-"@aiw	
"ǀʌm"@ktz	<https://panlex.org/snapshot/panlex-20191001-csv/3975#51732254>				<https://panlex.org/snapshot/panlex-20191001-csv/3975#51732248>		"ay"@aiw	
"ɳǀé"@ktz	<https://panlex.org/snapshot/panlex-20191001-csv/3975#51725863>				<https://panlex.org/snapshot/panlex-20191001-csv/3975#51725856>		"matˈa"@aiw	
"ɡǂǝ̄ʔʌ̄ŋ"@ktz	<https://panlex.org/snapshot/panlex-20191001-csv/3975#51727548>				<https://panlex.org/snapshot/panlex-20191001-csv/3975#51727500>		"roːʰt-"@aiw	
"ǂàʔú"@ktz	<https://panlex.org/snapshot/panlex-20191001-csv/3975#51722528>				<https://panlex.org/snapshot/panlex-20191001-csv/3975#51722479>		"qaʰž-ˈi"@aiw	
"ɡǀa"@ktz	<https://panlex.org/snapshot/panlex-20191001-csv/3975#51724024>				<https://panlex.org/snapshot/panlex-20191001-csv/3975#51724017>		"ʔˈaːfi"@aiw	
"cʼũ"@ktz	<https://panlex.org/snapshot/panlex-20191001-csv/3975#51729241>				<https://panlex.org/snapshot/panlex-20191001-csv/3975#51729188>		"nˈuki"@aiw	
"kwí"@ktz	<https://panlex.org/snapshot/panlex-20191001-csv/3975#51733934>				<https://panlex.org/snapshot/panlex-20191001-csv/3975#51733928>		"ʔoyɗ-mˈí"@aiw	
"sɛː"@ktz	<https://panlex.org/snapshot/panlex-20191001-csv/3975#51730778>				<https://panlex.org/snapshot/panlex-20191001-csv/3975#51730771>		"šed-"@aiw	
"ča"@ktz	<https://panlex.org/snapshot/panlex-20191001-csv/3975#51733591>				<https://panlex.org/snapshot/panlex-20191001-csv/3975#51733584>		"qastˈen"@aiw	
"ča"@ktz	<https://panlex.org/snapshot/panlex-20191001-csv/3975#51733591>				<https://panlex.org/snapshot/panlex-20191001-csv/3975#51733583>		"qaskˈen"@aiw	
"sːíŋ"@ktz	<https://panlex.org/snapshot/panlex-20191001-csv/3975#51730824>				<https://panlex.org/snapshot/panlex-20191001-csv/3975#51730771>		"šed-"@aiw	
"ǯò"@ktz	<https://panlex.org/snapshot/panlex-20191001-csv/3975#51721567>				<https://panlex.org/snapshot/panlex-20191001-csv/3975#51721520>		"čʼel-mˈi"@aiw	
"kʰwí"@ktz	<https://panlex.org/snapshot/panlex-20191001-csv/3975#51733935>				<https://panlex.org/snapshot/panlex-20191001-csv/3975#51733928>		"ʔoyɗ-mˈí"@aiw	
"ci̋"@ktz	<https://panlex.org/snapshot/panlex-20191001-csv/3975#51722677>				<https://panlex.org/snapshot/panlex-20191001-csv/3975#51722617>		"aʰːd-"@aiw	
"zé"@ktz	<https://panlex.org/snapshot/panlex-20191001-csv/3975#51728906>				<https://panlex.org/snapshot/panlex-20191001-csv/3975#51728900>		"kill-ˈa"@aiw	
"ʒau"@ktz	<https://panlex.org/snapshot/panlex-20191001-csv/3975#51734921>				<https://panlex.org/snapshot/panlex-20191001-csv/3975#51734868>		"maʰ"@aiw	
"duḿm"@ktz	<https://panlex.org/snapshot/panlex-20191001-csv/3975#51732451>				<https://panlex.org/snapshot/panlex-20191001-csv/3975#51732410>		"waːrr-i"@aiw	
"dabe"@ktz	<https://panlex.org/snapshot/panlex-20191001-csv/3975#51735568>				<https://panlex.org/snapshot/panlex-20191001-csv/3975#51735564>		"soːq"@aiw	
"dò̰arà"@ktz	<https://panlex.org/snapshot/panlex-20191001-csv/3975#51727109>				<https://panlex.org/snapshot/panlex-20191001-csv/3975#51727064>		"qalʔˈe"@aiw	
"ɡǂaʔáŋ"@ktz	<https://panlex.org/snapshot/panlex-20191001-csv/3975#51727544>				<https://panlex.org/snapshot/panlex-20191001-csv/3975#51727500>		"roːʰt-"@aiw	
"cá"@ktz	<https://panlex.org/snapshot/panlex-20191001-csv/3975#51726019>				<https://panlex.org/snapshot/panlex-20191001-csv/3975#51726013>		"wur-"@aiw	
"cá"@ktz	<https://panlex.org/snapshot/panlex-20191001-csv/3975#51731385>				<https://panlex.org/snapshot/panlex-20191001-csv/3975#51731379>		"rat-"@aiw	
"cʼṹ"@ktz	<https://panlex.org/snapshot/panlex-20191001-csv/3975#51729242>				<https://panlex.org/snapshot/panlex-20191001-csv/3975#51729188>		"nˈuki"@aiw	
"ǀaː"@ktz	<https://panlex.org/snapshot/panlex-20191001-csv/3975#51730111>				<https://panlex.org/snapshot/panlex-20191001-csv/3975#51730105>		"goːgˈi"@aiw	
"ɡǀʼá"@ktz	<https://panlex.org/snapshot/panlex-20191001-csv/3975#51724072>				<https://panlex.org/snapshot/panlex-20191001-csv/3975#51724017>		"ʔˈaːfi"@aiw	
"ǀʼã̀"@ktz	<https://panlex.org/snapshot/panlex-20191001-csv/3975#51725190>				<https://panlex.org/snapshot/panlex-20191001-csv/3975#51725134>		"ʔim-"@aiw	
"čiŋ"@ktz	<https://panlex.org/snapshot/panlex-20191001-csv/3975#51727407>				<https://panlex.org/snapshot/panlex-20191001-csv/3975#51727360>		"tirˈa"@aiw	
"čiŋ"@ktz	<https://panlex.org/snapshot/panlex-20191001-csv/3975#51723168>				<https://panlex.org/snapshot/panlex-20191001-csv/3975#51723117>		"wočʼ-"@aiw	
"žã̀"@ktz	<https://panlex.org/snapshot/panlex-20191001-csv/3975#51725348>				<https://panlex.org/snapshot/panlex-20191001-csv/3975#51725297>		"laqa-mˈi"@aiw	
"žã̀"@ktz	<https://panlex.org/snapshot/panlex-20191001-csv/3975#51725348>				<https://panlex.org/snapshot/panlex-20191001-csv/3975#51725298>		"laq-mˈi"@aiw	
"kxá"@ktz	<https://panlex.org/snapshot/panlex-20191001-csv/3975#51723614>				<https://panlex.org/snapshot/panlex-20191001-csv/3975#51723565>		"fečʼˈe"@aiw	
"ci"@ktz	<https://panlex.org/snapshot/panlex-20191001-csv/3975#51728471>				<https://panlex.org/snapshot/panlex-20191001-csv/3975#51728466>		"ʔafˈa"@aiw	
"šú"@ktz	<https://panlex.org/snapshot/panlex-20191001-csv/3975#51727258>				<https://panlex.org/snapshot/panlex-20191001-csv/3975#51727209>		"raʰːt-"@aiw	
"dːʔa"@ktz	<https://panlex.org/snapshot/panlex-20191001-csv/3975#51724493>				<https://panlex.org/snapshot/panlex-20191001-csv/3975#51724442>		"nohˈa"@aiw	
"dːʔa"@ktz	<https://panlex.org/snapshot/panlex-20191001-csv/3975#51724493>				<https://panlex.org/snapshot/panlex-20191001-csv/3975#51724444>		"noʰː"@aiw	
"dːʔa"@ktz	<https://panlex.org/snapshot/panlex-20191001-csv/3975#51724493>				<https://panlex.org/snapshot/panlex-20191001-csv/3975#51724443>		"noʰ"@aiw	
"ḿː"@ktz	<https://panlex.org/snapshot/panlex-20191001-csv/3975#51723764>				<https://panlex.org/snapshot/panlex-20191001-csv/3975#51723714>		"ʔic-"@aiw	
"ǂxí"@ktz	<https://panlex.org/snapshot/panlex-20191001-csv/3975#51727955>				<https://panlex.org/snapshot/panlex-20191001-csv/3975#51727907>		"bed-mˈi"@aiw	
"ǀóá"@ktz	<https://panlex.org/snapshot/panlex-20191001-csv/3975#51729400>				<https://panlex.org/snapshot/panlex-20191001-csv/3975#51729345>		"-ay"@aiw	
"ǀúi"@ktz	<https://panlex.org/snapshot/panlex-20191001-csv/3975#51723467>				<https://panlex.org/snapshot/panlex-20191001-csv/3975#51723419>		"qaːm-"@aiw	
"ǀúi"@ktz	<https://panlex.org/snapshot/panlex-20191001-csv/3975#51729399>				<https://panlex.org/snapshot/panlex-20191001-csv/3975#51729345>		"-ay"@aiw	
"ɳǀōː"@ktz	<https://panlex.org/snapshot/panlex-20191001-csv/3975#51731277>				<https://panlex.org/snapshot/panlex-20191001-csv/3975#51731230>		"guftˈa"@aiw	
"ɳǀōː"@ktz	<https://panlex.org/snapshot/panlex-20191001-csv/3975#51731277>				<https://panlex.org/snapshot/panlex-20191001-csv/3975#51731231>		"gutˈa"@aiw	
"ǯɔ̀"@ktz	<https://panlex.org/snapshot/panlex-20191001-csv/3975#51721568>				<https://panlex.org/snapshot/panlex-20191001-csv/3975#51721520>		"čʼel-mˈi"@aiw	
"ɡǂã̀ʔĩ́"@ktz	<https://panlex.org/snapshot/panlex-20191001-csv/3975#51727549>				<https://panlex.org/snapshot/panlex-20191001-csv/3975#51727500>		"roːʰt-"@aiw	
"ǯã"@ktz	<https://panlex.org/snapshot/panlex-20191001-csv/3975#51725344>				<https://panlex.org/snapshot/panlex-20191001-csv/3975#51725297>		"laqa-mˈi"@aiw	
"ǯã"@ktz	<https://panlex.org/snapshot/panlex-20191001-csv/3975#51725344>				<https://panlex.org/snapshot/panlex-20191001-csv/3975#51725298>		"laq-mˈi"@aiw	
"ǀáːm"@ktz	<https://panlex.org/snapshot/panlex-20191001-csv/3975#51732303>				<https://panlex.org/snapshot/panlex-20191001-csv/3975#51732248>		"ay"@aiw	
"ce-ma"@ktz	<https://panlex.org/snapshot/panlex-20191001-csv/3975#51731542>				<https://panlex.org/snapshot/panlex-20191001-csv/3975#51731535>		"tok-mˈi"@aiw	
"kúrí"@ktz	<https://panlex.org/snapshot/panlex-20191001-csv/3975#51736410>				<https://panlex.org/snapshot/panlex-20191001-csv/3975#51736359>		"bon"@aiw	
"ɡǀǀau"@ktz	<https://panlex.org/snapshot/panlex-20191001-csv/3975#51725758>				<https://panlex.org/snapshot/panlex-20191001-csv/3975#51725708>		"ʔaːni"@aiw	
"ɡǂʰṹĩ́"@ktz	<https://panlex.org/snapshot/panlex-20191001-csv/3975#51723015>				<https://panlex.org/snapshot/panlex-20191001-csv/3975#51722962>		"ʔˈaksi"@aiw	
"tȍʔà"@ktz	<https://panlex.org/snapshot/panlex-20191001-csv/3975#51732740>				<https://panlex.org/snapshot/panlex-20191001-csv/3975#51732680>		"koːnˈa"@aiw	
"tȍʔà"@ktz	<https://panlex.org/snapshot/panlex-20191001-csv/3975#51732740>				<https://panlex.org/snapshot/panlex-20191001-csv/3975#51732679>		"koːnˈe"@aiw	
"ǀʼĩ"@ktz	<https://panlex.org/snapshot/panlex-20191001-csv/3975#51721665>				<https://panlex.org/snapshot/panlex-20191001-csv/3975#51721660>		"qˈase"@aiw	
"=è"@ktz	<https://panlex.org/snapshot/panlex-20191001-csv/3975#51732890>				<https://panlex.org/snapshot/panlex-20191001-csv/3975#51732837>		"koːnˈa"@aiw	
"=è"@ktz	<https://panlex.org/snapshot/panlex-20191001-csv/3975#51732890>				<https://panlex.org/snapshot/panlex-20191001-csv/3975#51732836>		"koːnˈe"@aiw	
"ɡǀẽ"@ktz	<https://panlex.org/snapshot/panlex-20191001-csv/3975#51727507>				<https://panlex.org/snapshot/panlex-20191001-csv/3975#51727500>		"roːʰt-"@aiw	
"kxa"@ktz	<https://panlex.org/snapshot/panlex-20191001-csv/3975#51730516>				<https://panlex.org/snapshot/panlex-20191001-csv/3975#51730471>		"šami"@aiw	
"sːa"@ktz	<https://panlex.org/snapshot/panlex-20191001-csv/3975#51733636>				<https://panlex.org/snapshot/panlex-20191001-csv/3975#51733584>		"qastˈen"@aiw	
"sːa"@ktz	<https://panlex.org/snapshot/panlex-20191001-csv/3975#51733636>				<https://panlex.org/snapshot/panlex-20191001-csv/3975#51733583>		"qaskˈen"@aiw	
"dom"@ktz	<https://panlex.org/snapshot/panlex-20191001-csv/3975#51735428>				<https://panlex.org/snapshot/panlex-20191001-csv/3975#51735419>		"ʔucc-ˈa"@aiw	
"ǂʼãː"@ktz	<https://panlex.org/snapshot/panlex-20191001-csv/3975#51726933>				<https://panlex.org/snapshot/panlex-20191001-csv/3975#51726927>		"ʔes-"@aiw	
"ǀʼʰúí"@ktz	<https://panlex.org/snapshot/panlex-20191001-csv/3975#51723469>				<https://panlex.org/snapshot/panlex-20191001-csv/3975#51723419>		"qaːm-"@aiw	
"ɳǀo-si"@ktz	<https://panlex.org/snapshot/panlex-20191001-csv/3975#51720843>				<https://panlex.org/snapshot/panlex-20191001-csv/3975#51720838>		"ɗaki"@aiw	
"ǀǀé"@ktz	<https://panlex.org/snapshot/panlex-20191001-csv/3975#51722859>				<https://panlex.org/snapshot/panlex-20191001-csv/3975#51722804>		"deʔ-"@aiw	
"ǀkxe"@ktz	<https://panlex.org/snapshot/panlex-20191001-csv/3975#51724918>				<https://panlex.org/snapshot/panlex-20191001-csv/3975#51724871>		"dˈuːti"@aiw	
"ca"@ktz	<https://panlex.org/snapshot/panlex-20191001-csv/3975#51733637>				<https://panlex.org/snapshot/panlex-20191001-csv/3975#51733584>		"qastˈen"@aiw	
"ca"@ktz	<https://panlex.org/snapshot/panlex-20191001-csv/3975#51733637>				<https://panlex.org/snapshot/panlex-20191001-csv/3975#51733583>		"qaskˈen"@aiw	
"ɡǀuː"@ktz	<https://panlex.org/snapshot/panlex-20191001-csv/3975#51729037>				<https://panlex.org/snapshot/panlex-20191001-csv/3975#51729030>		"soici"@aiw	
"ɡǀuː"@ktz	<https://panlex.org/snapshot/panlex-20191001-csv/3975#51729037>				<https://panlex.org/snapshot/panlex-20191001-csv/3975#51729029>		"soiti"@aiw	
"ǀǀkxwé"@ktz	<https://panlex.org/snapshot/panlex-20191001-csv/3975#51732580>				<https://panlex.org/snapshot/panlex-20191001-csv/3975#51732531>		"goyr-ˈiy"@aiw	
"ǂxá"@ktz	<https://panlex.org/snapshot/panlex-20191001-csv/3975#51735210>				<https://panlex.org/snapshot/panlex-20191001-csv/3975#51735164>		"fegˈa"@aiw	
"tȍ̰"@ktz	<https://panlex.org/snapshot/panlex-20191001-csv/3975#51720754>				<https://panlex.org/snapshot/panlex-20191001-csv/3975#51720703>		"bind-"@aiw	
"ɳǀǀwái"@ktz	<https://panlex.org/snapshot/panlex-20191001-csv/3975#51728258>				<https://panlex.org/snapshot/panlex-20191001-csv/3975#51728208>		"ʔˈarfi"@aiw	
"ǀǀʰá"@ktz	<https://panlex.org/snapshot/panlex-20191001-csv/3975#51728099>				<https://panlex.org/snapshot/panlex-20191001-csv/3975#51728051>		"wahˈa"@aiw	
"ti"@ktz	<https://panlex.org/snapshot/panlex-20191001-csv/3975#51735301>				<https://panlex.org/snapshot/panlex-20191001-csv/3975#51735293>		"deːcʼ-mˈi"@aiw	
"cʼè"@ktz	<https://panlex.org/snapshot/panlex-20191001-csv/3975#51731586>				<https://panlex.org/snapshot/panlex-20191001-csv/3975#51731535>		"tok-mˈi"@aiw	
"càʔá"@ktz	<https://panlex.org/snapshot/panlex-20191001-csv/3975#51726069>				<https://panlex.org/snapshot/panlex-20191001-csv/3975#51726013>		"wur-"@aiw	
"ǀí"@ktz	<https://panlex.org/snapshot/panlex-20191001-csv/3975#51724922>				<https://panlex.org/snapshot/panlex-20191001-csv/3975#51724871>		"dˈuːti"@aiw	
"ʔḿː"@ktz	<https://panlex.org/snapshot/panlex-20191001-csv/3975#51723766>				<https://panlex.org/snapshot/panlex-20191001-csv/3975#51723714>		"ʔic-"@aiw	
"ǀǀʼauː"@ktz	<https://panlex.org/snapshot/panlex-20191001-csv/3975#51724647>				<https://panlex.org/snapshot/panlex-20191001-csv/3975#51724601>		"toylˈa"@aiw	
"ǀwa"@ktz	<https://panlex.org/snapshot/panlex-20191001-csv/3975#51729350>				<https://panlex.org/snapshot/panlex-20191001-csv/3975#51729345>		"-ay"@aiw	
"ǂáo"@ktz	<https://panlex.org/snapshot/panlex-20191001-csv/3975#51722525>				<https://panlex.org/snapshot/panlex-20191001-csv/3975#51722479>		"qaʰž-ˈi"@aiw	
"ʒau"@ktz	<https://panlex.org/snapshot/panlex-20191001-csv/3975#51734874>				<https://panlex.org/snapshot/panlex-20191001-csv/3975#51734868>		"maʰ"@aiw	
"ɳǀɔ́wa"@ktz	<https://panlex.org/snapshot/panlex-20191001-csv/3975#51720884>				<https://panlex.org/snapshot/panlex-20191001-csv/3975#51720838>		"ɗaki"@aiw	
"ɳǀɔ́wa"@ktz	<https://panlex.org/snapshot/panlex-20191001-csv/3975#51731275>				<https://panlex.org/snapshot/panlex-20191001-csv/3975#51731230>		"guftˈa"@aiw	
"ɳǀɔ́wa"@ktz	<https://panlex.org/snapshot/panlex-20191001-csv/3975#51731275>				<https://panlex.org/snapshot/panlex-20191001-csv/3975#51731231>		"gutˈa"@aiw	
"ǂʼàː-mà"@ktz	<https://panlex.org/snapshot/panlex-20191001-csv/3975#51735878>				<https://panlex.org/snapshot/panlex-20191001-csv/3975#51735829>		"gunˈi"@aiw	
"cʼāː"@ktz	<https://panlex.org/snapshot/panlex-20191001-csv/3975#51731429>				<https://panlex.org/snapshot/panlex-20191001-csv/3975#51731379>		"rat-"@aiw	
"ɡǀẽ́"@ktz	<https://panlex.org/snapshot/panlex-20191001-csv/3975#51727508>				<https://panlex.org/snapshot/panlex-20191001-csv/3975#51727500>		"roːʰt-"@aiw	
"ǀǀāː"@ktz	<https://panlex.org/snapshot/panlex-20191001-csv/3975#51728102>				<https://panlex.org/snapshot/panlex-20191001-csv/3975#51728051>		"wahˈa"@aiw	
"sn_̄"@ktz	<https://panlex.org/snapshot/panlex-20191001-csv/3975#51730825>				<https://panlex.org/snapshot/panlex-20191001-csv/3975#51730771>		"šed-"@aiw	
"ɳǀǀʼa"@ktz	<https://panlex.org/snapshot/panlex-20191001-csv/3975#51721147>				<https://panlex.org/snapshot/panlex-20191001-csv/3975#51721100>		"ɗecʼ-"@aiw	
"ɡǀaʔŋ́"@ktz	<https://panlex.org/snapshot/panlex-20191001-csv/3975#51727546>				<https://panlex.org/snapshot/panlex-20191001-csv/3975#51727500>		"roːʰt-"@aiw	
"tí"@ktz	<https://panlex.org/snapshot/panlex-20191001-csv/3975#51735337>				<https://panlex.org/snapshot/panlex-20191001-csv/3975#51735293>		"deːcʼ-mˈi"@aiw	
"sã̰"@ktz	<https://panlex.org/snapshot/panlex-20191001-csv/3975#51733635>				<https://panlex.org/snapshot/panlex-20191001-csv/3975#51733584>		"qastˈen"@aiw	
"sã̰"@ktz	<https://panlex.org/snapshot/panlex-20191001-csv/3975#51733635>				<https://panlex.org/snapshot/panlex-20191001-csv/3975#51733583>		"qaskˈen"@aiw	
"sːũ̀"@ktz	<https://panlex.org/snapshot/panlex-20191001-csv/3975#51729237>				<https://panlex.org/snapshot/panlex-20191001-csv/3975#51729188>		"nˈuki"@aiw	
"éːya"@ktz	<https://panlex.org/snapshot/panlex-20191001-csv/3975#51732889>				<https://panlex.org/snapshot/panlex-20191001-csv/3975#51732837>		"koːnˈa"@aiw	
"éːya"@ktz	<https://panlex.org/snapshot/panlex-20191001-csv/3975#51732889>				<https://panlex.org/snapshot/panlex-20191001-csv/3975#51732836>		"koːnˈe"@aiw	
"ɳǀōwà"@ktz	<https://panlex.org/snapshot/panlex-20191001-csv/3975#51731278>				<https://panlex.org/snapshot/panlex-20191001-csv/3975#51731230>		"guftˈa"@aiw	
"ɳǀōwà"@ktz	<https://panlex.org/snapshot/panlex-20191001-csv/3975#51731278>				<https://panlex.org/snapshot/panlex-20191001-csv/3975#51731231>		"gutˈa"@aiw	
"ǀǀa"@ktz	<https://panlex.org/snapshot/panlex-20191001-csv/3975#51728101>				<https://panlex.org/snapshot/panlex-20191001-csv/3975#51728051>		"wahˈa"@aiw	
"m"@ktz	<https://panlex.org/snapshot/panlex-20191001-csv/3975#51726501>				<https://panlex.org/snapshot/panlex-20191001-csv/3975#51726441>		"ʔi"@aiw	
"tẽ"@ktz	<https://panlex.org/snapshot/panlex-20191001-csv/3975#51724746>				<https://panlex.org/snapshot/panlex-20191001-csv/3975#51724740>		"aʰz-"@aiw	
"ǯú"@ktz	<https://panlex.org/snapshot/panlex-20191001-csv/3975#51729720>				<https://panlex.org/snapshot/panlex-20191001-csv/3975#51729671>		"ʔeːd"@aiw	
"cːau"@ktz	<https://panlex.org/snapshot/panlex-20191001-csv/3975#51733331>				<https://panlex.org/snapshot/panlex-20191001-csv/3975#51733282>		"ʔˈaci"@aiw	
"me"@ktz	<https://panlex.org/snapshot/panlex-20191001-csv/3975#51726450>				<https://panlex.org/snapshot/panlex-20191001-csv/3975#51726441>		"ʔi"@aiw	
"ɡǀu"@ktz	<https://panlex.org/snapshot/panlex-20191001-csv/3975#51729082>				<https://panlex.org/snapshot/panlex-20191001-csv/3975#51729030>		"soici"@aiw	
"ɡǀu"@ktz	<https://panlex.org/snapshot/panlex-20191001-csv/3975#51729082>				<https://panlex.org/snapshot/panlex-20191001-csv/3975#51729029>		"soiti"@aiw	
"daː"@ktz	<https://panlex.org/snapshot/panlex-20191001-csv/3975#51724492>				<https://panlex.org/snapshot/panlex-20191001-csv/3975#51724442>		"nohˈa"@aiw	
"daː"@ktz	<https://panlex.org/snapshot/panlex-20191001-csv/3975#51724492>				<https://panlex.org/snapshot/panlex-20191001-csv/3975#51724444>		"noʰː"@aiw	
"daː"@ktz	<https://panlex.org/snapshot/panlex-20191001-csv/3975#51724492>				<https://panlex.org/snapshot/panlex-20191001-csv/3975#51724443>		"noʰ"@aiw	
"čʰĩ́"@ktz	<https://panlex.org/snapshot/panlex-20191001-csv/3975#51727409>				<https://panlex.org/snapshot/panlex-20191001-csv/3975#51727360>		"tirˈa"@aiw	
"dòra"@ktz	<https://panlex.org/snapshot/panlex-20191001-csv/3975#51727070>				<https://panlex.org/snapshot/panlex-20191001-csv/3975#51727064>		"qalʔˈe"@aiw	
"á"@ktz	<https://panlex.org/snapshot/panlex-20191001-csv/3975#51733029>				<https://panlex.org/snapshot/panlex-20191001-csv/3975#51732985>		"aʰː"@aiw	
"sáú"@ktz	<https://panlex.org/snapshot/panlex-20191001-csv/3975#51734923>				<https://panlex.org/snapshot/panlex-20191001-csv/3975#51734868>		"maʰ"@aiw	
"ɳǀĩ"@ktz	<https://panlex.org/snapshot/panlex-20191001-csv/3975#51731114>				<https://panlex.org/snapshot/panlex-20191001-csv/3975#51731058>		"doq-"@aiw	
"tó"@ktz	<https://panlex.org/snapshot/panlex-20191001-csv/3975#51720753>				<https://panlex.org/snapshot/panlex-20191001-csv/3975#51720703>		"bind-"@aiw	
"šn_̄ː"@ktz	<https://panlex.org/snapshot/panlex-20191001-csv/3975#51723169>				<https://panlex.org/snapshot/panlex-20191001-csv/3975#51723117>		"wočʼ-"@aiw	
"kò"@ktz	<https://panlex.org/snapshot/panlex-20191001-csv/3975#51730665>				<https://panlex.org/snapshot/panlex-20191001-csv/3975#51730605>		"gay-"@aiw	
"ǂʼa"@ktz	<https://panlex.org/snapshot/panlex-20191001-csv/3975#51736157>				<https://panlex.org/snapshot/panlex-20191001-csv/3975#51736107>		"qaʰž-ˈi"@aiw	
"žu-ba"@ktz	<https://panlex.org/snapshot/panlex-20191001-csv/3975#51734723>				<https://panlex.org/snapshot/panlex-20191001-csv/3975#51734717>		"aʰy"@aiw	
"ɳǀáŋ"@ktz	<https://panlex.org/snapshot/panlex-20191001-csv/3975#51731117>				<https://panlex.org/snapshot/panlex-20191001-csv/3975#51731058>		"doq-"@aiw	
"ǀǀãũŋ"@ktz	<https://panlex.org/snapshot/panlex-20191001-csv/3975#51728808>				<https://panlex.org/snapshot/panlex-20191001-csv/3975#51728763>		"qadˈa"@aiw	
"cí"@ktz	<https://panlex.org/snapshot/panlex-20191001-csv/3975#51722624>				<https://panlex.org/snapshot/panlex-20191001-csv/3975#51722617>		"aʰːd-"@aiw	
"ɳǀáí"@ktz	<https://panlex.org/snapshot/panlex-20191001-csv/3975#51725910>				<https://panlex.org/snapshot/panlex-20191001-csv/3975#51725856>		"matˈa"@aiw	
"ǂũ̏ʰ"@ktz	<https://panlex.org/snapshot/panlex-20191001-csv/3975#51732010>				<https://panlex.org/snapshot/panlex-20191001-csv/3975#51731959>		"manka"@aiw	
"ǀám"@ktz	<https://panlex.org/snapshot/panlex-20191001-csv/3975#51732304>				<https://panlex.org/snapshot/panlex-20191001-csv/3975#51732248>		"ay"@aiw	
"šūː"@ktz	<https://panlex.org/snapshot/panlex-20191001-csv/3975#51727260>				<https://panlex.org/snapshot/panlex-20191001-csv/3975#51727209>		"raʰːt-"@aiw	
"ɡǀé"@ktz	<https://panlex.org/snapshot/panlex-20191001-csv/3975#51722674>				<https://panlex.org/snapshot/panlex-20191001-csv/3975#51722617>		"aʰːd-"@aiw	
"ǀxãː"@ktz	<https://panlex.org/snapshot/panlex-20191001-csv/3975#51735173>				<https://panlex.org/snapshot/panlex-20191001-csv/3975#51735164>		"fegˈa"@aiw	
"ǯxà"@ktz	<https://panlex.org/snapshot/panlex-20191001-csv/3975#51732452>				<https://panlex.org/snapshot/panlex-20191001-csv/3975#51732410>		"waːrr-i"@aiw	
"ɡǀu"@ktz	<https://panlex.org/snapshot/panlex-20191001-csv/3975#51729036>				<https://panlex.org/snapshot/panlex-20191001-csv/3975#51729030>		"soici"@aiw	
"ɡǀu"@ktz	<https://panlex.org/snapshot/panlex-20191001-csv/3975#51729036>				<https://panlex.org/snapshot/panlex-20191001-csv/3975#51729029>		"soiti"@aiw	
"ɡǀǀù"@ktz	<https://panlex.org/snapshot/panlex-20191001-csv/3975#51734107>				<https://panlex.org/snapshot/panlex-20191001-csv/3975#51734057>		"noqˈa"@aiw	
"ǂũ"@ktz	<https://panlex.org/snapshot/panlex-20191001-csv/3975#51732008>				<https://panlex.org/snapshot/panlex-20191001-csv/3975#51731959>		"manka"@aiw	
"ǀʼá"@ktz	<https://panlex.org/snapshot/panlex-20191001-csv/3975#51725188>				<https://panlex.org/snapshot/panlex-20191001-csv/3975#51725134>		"ʔim-"@aiw	
"kxáː"@ktz	<https://panlex.org/snapshot/panlex-20191001-csv/3975#51723615>				<https://panlex.org/snapshot/panlex-20191001-csv/3975#51723565>		"fečʼˈe"@aiw	
"ɡǀàʔá"@ktz	<https://panlex.org/snapshot/panlex-20191001-csv/3975#51724076>				<https://panlex.org/snapshot/panlex-20191001-csv/3975#51724017>		"ʔˈaːfi"@aiw	
"ɳǀǀwí"@ktz	<https://panlex.org/snapshot/panlex-20191001-csv/3975#51728257>				<https://panlex.org/snapshot/panlex-20191001-csv/3975#51728208>		"ʔˈarfi"@aiw	
"čĩ"@ktz	<https://panlex.org/snapshot/panlex-20191001-csv/3975#51727365>				<https://panlex.org/snapshot/panlex-20191001-csv/3975#51727360>		"tirˈa"@aiw	
"à"@ktz	<https://panlex.org/snapshot/panlex-20191001-csv/3975#51733031>				<https://panlex.org/snapshot/panlex-20191001-csv/3975#51732985>		"aʰː"@aiw	
"ǂõ"@ktz	<https://panlex.org/snapshot/panlex-20191001-csv/3975#51732007>				<https://panlex.org/snapshot/panlex-20191001-csv/3975#51731959>		"manka"@aiw	
"záú"@ktz	<https://panlex.org/snapshot/panlex-20191001-csv/3975#51734922>				<https://panlex.org/snapshot/panlex-20191001-csv/3975#51734868>		"maʰ"@aiw	
"ɡǂõẽ"@ktz	<https://panlex.org/snapshot/panlex-20191001-csv/3975#51731964>				<https://panlex.org/snapshot/panlex-20191001-csv/3975#51731959>		"manka"@aiw	
"cʼi̋"@ktz	<https://panlex.org/snapshot/panlex-20191001-csv/3975#51728519>				<https://panlex.org/snapshot/panlex-20191001-csv/3975#51728466>		"ʔafˈa"@aiw	
"či"@ktz	<https://panlex.org/snapshot/panlex-20191001-csv/3975#51732686>				<https://panlex.org/snapshot/panlex-20191001-csv/3975#51732680>		"koːnˈa"@aiw	
"či"@ktz	<https://panlex.org/snapshot/panlex-20191001-csv/3975#51732686>				<https://panlex.org/snapshot/panlex-20191001-csv/3975#51732679>		"koːnˈe"@aiw	
"či"@ktz	<https://panlex.org/snapshot/panlex-20191001-csv/3975#51732843>				<https://panlex.org/snapshot/panlex-20191001-csv/3975#51732837>		"koːnˈa"@aiw	
"či"@ktz	<https://panlex.org/snapshot/panlex-20191001-csv/3975#51732843>				<https://panlex.org/snapshot/panlex-20191001-csv/3975#51732836>		"koːnˈe"@aiw	
"oási"@ktz	<https://panlex.org/snapshot/panlex-20191001-csv/3975#51720565>				<https://panlex.org/snapshot/panlex-20191001-csv/3975#51720561>		"muːda"@aiw	
"cã́"@ktz	<https://panlex.org/snapshot/panlex-20191001-csv/3975#51733642>				<https://panlex.org/snapshot/panlex-20191001-csv/3975#51733584>		"qastˈen"@aiw	
"cã́"@ktz	<https://panlex.org/snapshot/panlex-20191001-csv/3975#51733642>				<https://panlex.org/snapshot/panlex-20191001-csv/3975#51733583>		"qaskˈen"@aiw	
"ǂʼʰwı̄ː"@ktz	<https://panlex.org/snapshot/panlex-20191001-csv/3975#51723013>				<https://panlex.org/snapshot/panlex-20191001-csv/3975#51722962>		"ʔˈaksi"@aiw	
"kwì"@ktz	<https://panlex.org/snapshot/panlex-20191001-csv/3975#51733973>				<https://panlex.org/snapshot/panlex-20191001-csv/3975#51733928>		"ʔoyɗ-mˈí"@aiw	
"o=kxwi̋ː"@ktz	<https://panlex.org/snapshot/panlex-20191001-csv/3975#51730664>				<https://panlex.org/snapshot/panlex-20191001-csv/3975#51730605>		"gay-"@aiw	
"ǂxã̀"@ktz	<https://panlex.org/snapshot/panlex-20191001-csv/3975#51735209>				<https://panlex.org/snapshot/panlex-20191001-csv/3975#51735164>		"fegˈa"@aiw	
"mı́"@ktz	<https://panlex.org/snapshot/panlex-20191001-csv/3975#51726505>				<https://panlex.org/snapshot/panlex-20191001-csv/3975#51726441>		"ʔi"@aiw	
"ca"@ktz	<https://panlex.org/snapshot/panlex-20191001-csv/3975#51733590>				<https://panlex.org/snapshot/panlex-20191001-csv/3975#51733584>		"qastˈen"@aiw	
"ca"@ktz	<https://panlex.org/snapshot/panlex-20191001-csv/3975#51733590>				<https://panlex.org/snapshot/panlex-20191001-csv/3975#51733583>		"qaskˈen"@aiw	
"ǀkxi"@ktz	<https://panlex.org/snapshot/panlex-20191001-csv/3975#51724919>				<https://panlex.org/snapshot/panlex-20191001-csv/3975#51724871>		"dˈuːti"@aiw	
"ǂaː"@ktz	<https://panlex.org/snapshot/panlex-20191001-csv/3975#51735172>				<https://panlex.org/snapshot/panlex-20191001-csv/3975#51735164>		"fegˈa"@aiw	
"cau"@ktz	<https://panlex.org/snapshot/panlex-20191001-csv/3975#51733290>				<https://panlex.org/snapshot/panlex-20191001-csv/3975#51733282>		"ʔˈaci"@aiw	
"hȁ-čé"@ktz	<https://panlex.org/snapshot/panlex-20191001-csv/3975#51734490>				<https://panlex.org/snapshot/panlex-20191001-csv/3975#51734438>		"aʰ-rˈe"@aiw	
"tːɔː"@ktz	<https://panlex.org/snapshot/panlex-20191001-csv/3975#51720752>				<https://panlex.org/snapshot/panlex-20191001-csv/3975#51720703>		"bind-"@aiw	
"žó"@ktz	<https://panlex.org/snapshot/panlex-20191001-csv/3975#51721569>				<https://panlex.org/snapshot/panlex-20191001-csv/3975#51721520>		"čʼel-mˈi"@aiw	
"dʰȁrì"@ktz	<https://panlex.org/snapshot/panlex-20191001-csv/3975#51733180>				<https://panlex.org/snapshot/panlex-20191001-csv/3975#51733130>		"adim"@aiw	
"ɳǀo"@ktz	<https://panlex.org/snapshot/panlex-20191001-csv/3975#51731236>				<https://panlex.org/snapshot/panlex-20191001-csv/3975#51731230>		"guftˈa"@aiw	
"ɳǀo"@ktz	<https://panlex.org/snapshot/panlex-20191001-csv/3975#51731236>				<https://panlex.org/snapshot/panlex-20191001-csv/3975#51731231>		"gutˈa"@aiw	
"sǝ́ʔá"@ktz	<https://panlex.org/snapshot/panlex-20191001-csv/3975#51726068>				<https://panlex.org/snapshot/panlex-20191001-csv/3975#51726013>		"wur-"@aiw	
"ǀe"@ktz	<https://panlex.org/snapshot/panlex-20191001-csv/3975#51724877>				<https://panlex.org/snapshot/panlex-20191001-csv/3975#51724871>		"dˈuːti"@aiw	
"ɡǀāʔā"@ktz	<https://panlex.org/snapshot/panlex-20191001-csv/3975#51724075>				<https://panlex.org/snapshot/panlex-20191001-csv/3975#51724017>		"ʔˈaːfi"@aiw	
"ǂʼã"@ktz	<https://panlex.org/snapshot/panlex-20191001-csv/3975#51736158>				<https://panlex.org/snapshot/panlex-20191001-csv/3975#51736107>		"qaʰž-ˈi"@aiw	
"cʼàù"@ktz	<https://panlex.org/snapshot/panlex-20191001-csv/3975#51733334>				<https://panlex.org/snapshot/panlex-20191001-csv/3975#51733282>		"ʔˈaci"@aiw	
"ɡǀǀamma"@ktz	<https://panlex.org/snapshot/panlex-20191001-csv/3975#51724782>				<https://panlex.org/snapshot/panlex-20191001-csv/3975#51724740>		"aʰz-"@aiw	
"ǂxì"@ktz	<https://panlex.org/snapshot/panlex-20191001-csv/3975#51727956>				<https://panlex.org/snapshot/panlex-20191001-csv/3975#51727907>		"bed-mˈi"@aiw	
"ǂa"@ktz	<https://panlex.org/snapshot/panlex-20191001-csv/3975#51728058>				<https://panlex.org/snapshot/panlex-20191001-csv/3975#51728051>		"wahˈa"@aiw	
"ǂa"@ktz	<https://panlex.org/snapshot/panlex-20191001-csv/3975#51735171>				<https://panlex.org/snapshot/panlex-20191001-csv/3975#51735164>		"fegˈa"@aiw	
"cama"@ktz	<https://panlex.org/snapshot/panlex-20191001-csv/3975#51721246>				<https://panlex.org/snapshot/panlex-20191001-csv/3975#51721240>		"afti"@aiw	
"ǀʼáí"@ktz	<https://panlex.org/snapshot/panlex-20191001-csv/3975#51724923>				<https://panlex.org/snapshot/panlex-20191001-csv/3975#51724871>		"dˈuːti"@aiw	
"cʼĩ́"@ktz	<https://panlex.org/snapshot/panlex-20191001-csv/3975#51727673>				<https://panlex.org/snapshot/panlex-20191001-csv/3975#51727631>		"qasˈa"@aiw	
"gúí"@ktz	<https://panlex.org/snapshot/panlex-20191001-csv/3975#51735609>				<https://panlex.org/snapshot/panlex-20191001-csv/3975#51735564>		"soːq"@aiw	
"ǀǀãŋ"@ktz	<https://panlex.org/snapshot/panlex-20191001-csv/3975#51728807>				<https://panlex.org/snapshot/panlex-20191001-csv/3975#51728763>		"qadˈa"@aiw	
"dàʔá"@ktz	<https://panlex.org/snapshot/panlex-20191001-csv/3975#51724497>				<https://panlex.org/snapshot/panlex-20191001-csv/3975#51724442>		"nohˈa"@aiw	
"dàʔá"@ktz	<https://panlex.org/snapshot/panlex-20191001-csv/3975#51724497>				<https://panlex.org/snapshot/panlex-20191001-csv/3975#51724444>		"noʰː"@aiw	
"dàʔá"@ktz	<https://panlex.org/snapshot/panlex-20191001-csv/3975#51724497>				<https://panlex.org/snapshot/panlex-20191001-csv/3975#51724443>		"noʰ"@aiw	
"kxa"@ktz	<https://panlex.org/snapshot/panlex-20191001-csv/3975#51723571>				<https://panlex.org/snapshot/panlex-20191001-csv/3975#51723565>		"fečʼˈe"@aiw	
"kxa"@ktz	<https://panlex.org/snapshot/panlex-20191001-csv/3975#51730477>				<https://panlex.org/snapshot/panlex-20191001-csv/3975#51730471>		"šami"@aiw	
"ǀǀʰwé"@ktz	<https://panlex.org/snapshot/panlex-20191001-csv/3975#51732578>				<https://panlex.org/snapshot/panlex-20191001-csv/3975#51732531>		"goyr-ˈiy"@aiw	
"cʼá"@ktz	<https://panlex.org/snapshot/panlex-20191001-csv/3975#51731430>				<https://panlex.org/snapshot/panlex-20191001-csv/3975#51731379>		"rat-"@aiw	
"ɳǀeé"@ktz	<https://panlex.org/snapshot/panlex-20191001-csv/3975#51729520>				<https://panlex.org/snapshot/panlex-20191001-csv/3975#51729513>		"wˈollaq"@aiw	
"cʼāūà"@ktz	<https://panlex.org/snapshot/panlex-20191001-csv/3975#51721288>				<https://panlex.org/snapshot/panlex-20191001-csv/3975#51721240>		"afti"@aiw	
"sã"@ktz	<https://panlex.org/snapshot/panlex-20191001-csv/3975#51733634>				<https://panlex.org/snapshot/panlex-20191001-csv/3975#51733584>		"qastˈen"@aiw	
"sã"@ktz	<https://panlex.org/snapshot/panlex-20191001-csv/3975#51733634>				<https://panlex.org/snapshot/panlex-20191001-csv/3975#51733583>		"qaskˈen"@aiw	
"ɳǀeé"@ktz	<https://panlex.org/snapshot/panlex-20191001-csv/3975#51729569>				<https://panlex.org/snapshot/panlex-20191001-csv/3975#51729513>		"wˈollaq"@aiw	
"šŋ́ː"@ktz	<https://panlex.org/snapshot/panlex-20191001-csv/3975#51727408>				<https://panlex.org/snapshot/panlex-20191001-csv/3975#51727360>		"tirˈa"@aiw	
"saä́"@ktz	<https://panlex.org/snapshot/panlex-20191001-csv/3975#51726067>				<https://panlex.org/snapshot/panlex-20191001-csv/3975#51726013>		"wur-"@aiw	
"ű"@ktz	<https://panlex.org/snapshot/panlex-20191001-csv/3975#51733801>				<https://panlex.org/snapshot/panlex-20191001-csv/3975#51733746>		"kay-"@aiw	
"ǯāː"@ktz	<https://panlex.org/snapshot/panlex-20191001-csv/3975#51725347>				<https://panlex.org/snapshot/panlex-20191001-csv/3975#51725297>		"laqa-mˈi"@aiw	
"ǯāː"@ktz	<https://panlex.org/snapshot/panlex-20191001-csv/3975#51725347>				<https://panlex.org/snapshot/panlex-20191001-csv/3975#51725298>		"laq-mˈi"@aiw	
"m"@ktz	<https://panlex.org/snapshot/panlex-20191001-csv/3975#51723721>				<https://panlex.org/snapshot/panlex-20191001-csv/3975#51723714>		"ʔic-"@aiw	
"m"@ktz	<https://panlex.org/snapshot/panlex-20191001-csv/3975#51726449>				<https://panlex.org/snapshot/panlex-20191001-csv/3975#51726441>		"ʔi"@aiw	
"ǯó"@ktz	<https://panlex.org/snapshot/panlex-20191001-csv/3975#51721566>				<https://panlex.org/snapshot/panlex-20191001-csv/3975#51721520>		"čʼel-mˈi"@aiw	
"ǂʰa"@ktz	<https://panlex.org/snapshot/panlex-20191001-csv/3975#51730155>				<https://panlex.org/snapshot/panlex-20191001-csv/3975#51730105>		"goːgˈi"@aiw	
"ǂxã́"@ktz	<https://panlex.org/snapshot/panlex-20191001-csv/3975#51735212>				<https://panlex.org/snapshot/panlex-20191001-csv/3975#51735164>		"fegˈa"@aiw	
"àː"@ktz	<https://panlex.org/snapshot/panlex-20191001-csv/3975#51733030>				<https://panlex.org/snapshot/panlex-20191001-csv/3975#51732985>		"aʰː"@aiw	
"cʼēː-mā"@ktz	<https://panlex.org/snapshot/panlex-20191001-csv/3975#51731585>				<https://panlex.org/snapshot/panlex-20191001-csv/3975#51731535>		"tok-mˈi"@aiw	
"šórà"@ktz	<https://panlex.org/snapshot/panlex-20191001-csv/3975#51731729>				<https://panlex.org/snapshot/panlex-20191001-csv/3975#51731679>		"čʼub-"@aiw	
"mé"@ktz	<https://panlex.org/snapshot/panlex-20191001-csv/3975#51726502>				<https://panlex.org/snapshot/panlex-20191001-csv/3975#51726441>		"ʔi"@aiw	
"dà"@ktz	<https://panlex.org/snapshot/panlex-20191001-csv/3975#51724450>				<https://panlex.org/snapshot/panlex-20191001-csv/3975#51724442>		"nohˈa"@aiw	
"dà"@ktz	<https://panlex.org/snapshot/panlex-20191001-csv/3975#51724450>				<https://panlex.org/snapshot/panlex-20191001-csv/3975#51724444>		"noʰː"@aiw	
"dà"@ktz	<https://panlex.org/snapshot/panlex-20191001-csv/3975#51724450>				<https://panlex.org/snapshot/panlex-20191001-csv/3975#51724443>		"noʰ"@aiw	
"zà̰í"@ktz	<https://panlex.org/snapshot/panlex-20191001-csv/3975#51728946>				<https://panlex.org/snapshot/panlex-20191001-csv/3975#51728900>		"kill-ˈa"@aiw	
"o=kxwi"@ktz	<https://panlex.org/snapshot/panlex-20191001-csv/3975#51730662>				<https://panlex.org/snapshot/panlex-20191001-csv/3975#51730605>		"gay-"@aiw	
"ātȁ"@ktz	<https://panlex.org/snapshot/panlex-20191001-csv/3975#51729721>				<https://panlex.org/snapshot/panlex-20191001-csv/3975#51729671>		"ʔeːd"@aiw	
"ǀá"@ktz	<https://panlex.org/snapshot/panlex-20191001-csv/3975#51725191>				<https://panlex.org/snapshot/panlex-20191001-csv/3975#51725134>		"ʔim-"@aiw	
"ɳǀó"@ktz	<https://panlex.org/snapshot/panlex-20191001-csv/3975#51731279>				<https://panlex.org/snapshot/panlex-20191001-csv/3975#51731230>		"guftˈa"@aiw	
"ɳǀó"@ktz	<https://panlex.org/snapshot/panlex-20191001-csv/3975#51731279>				<https://panlex.org/snapshot/panlex-20191001-csv/3975#51731231>		"gutˈa"@aiw	
"mi"@ktz	<https://panlex.org/snapshot/panlex-20191001-csv/3975#51726451>				<https://panlex.org/snapshot/panlex-20191001-csv/3975#51726441>		"ʔi"@aiw	
"ǂʼã̀gà-mà"@ktz	<https://panlex.org/snapshot/panlex-20191001-csv/3975#51735877>				<https://panlex.org/snapshot/panlex-20191001-csv/3975#51735829>		"gunˈi"@aiw	
"caba"@ktz	<https://panlex.org/snapshot/panlex-20191001-csv/3975#51721287>				<https://panlex.org/snapshot/panlex-20191001-csv/3975#51721240>		"afti"@aiw	
"ŋǂʼʰwı̄ː"@ktz	<https://panlex.org/snapshot/panlex-20191001-csv/3975#51723014>				<https://panlex.org/snapshot/panlex-20191001-csv/3975#51722962>		"ʔˈaksi"@aiw	
"ɡǂāʔŋ̄"@ktz	<https://panlex.org/snapshot/panlex-20191001-csv/3975#51727547>				<https://panlex.org/snapshot/panlex-20191001-csv/3975#51727500>		"roːʰt-"@aiw	
"zã̰́"@ktz	<https://panlex.org/snapshot/panlex-20191001-csv/3975#51733640>				<https://panlex.org/snapshot/panlex-20191001-csv/3975#51733584>		"qastˈen"@aiw	
"zã̰́"@ktz	<https://panlex.org/snapshot/panlex-20191001-csv/3975#51733640>				<https://panlex.org/snapshot/panlex-20191001-csv/3975#51733583>		"qaskˈen"@aiw	
"ú"@ktz	<https://panlex.org/snapshot/panlex-20191001-csv/3975#51733753>				<https://panlex.org/snapshot/panlex-20191001-csv/3975#51733746>		"kay-"@aiw	
"cʼı́ː"@ktz	<https://panlex.org/snapshot/panlex-20191001-csv/3975#51728518>				<https://panlex.org/snapshot/panlex-20191001-csv/3975#51728466>		"ʔafˈa"@aiw	
"cũ̀"@ktz	<https://panlex.org/snapshot/panlex-20191001-csv/3975#51729238>				<https://panlex.org/snapshot/panlex-20191001-csv/3975#51729188>		"nˈuki"@aiw	
"doä́"@ktz	<https://panlex.org/snapshot/panlex-20191001-csv/3975#51732739>				<https://panlex.org/snapshot/panlex-20191001-csv/3975#51732680>		"koːnˈa"@aiw	
"doä́"@ktz	<https://panlex.org/snapshot/panlex-20191001-csv/3975#51732739>				<https://panlex.org/snapshot/panlex-20191001-csv/3975#51732679>		"koːnˈe"@aiw	
"ɡǀéː"@ktz	<https://panlex.org/snapshot/panlex-20191001-csv/3975#51722675>				<https://panlex.org/snapshot/panlex-20191001-csv/3975#51722617>		"aʰːd-"@aiw	
"mà̰"@ktz	<https://panlex.org/snapshot/panlex-20191001-csv/3975#51736159>				<https://panlex.org/snapshot/panlex-20191001-csv/3975#51736107>		"qaʰž-ˈi"@aiw	
"iú"@ktz	<https://panlex.org/snapshot/panlex-20191001-csv/3975#51733799>				<https://panlex.org/snapshot/panlex-20191001-csv/3975#51733746>		"kay-"@aiw	
"n_tʰáɽı̄"@ktz	<https://panlex.org/snapshot/panlex-20191001-csv/3975#51733179>				<https://panlex.org/snapshot/panlex-20191001-csv/3975#51733130>		"adim"@aiw	
"kuri"@ktz	<https://panlex.org/snapshot/panlex-20191001-csv/3975#51736366>				<https://panlex.org/snapshot/panlex-20191001-csv/3975#51736359>		"bon"@aiw	
"seː"@ktz	<https://panlex.org/snapshot/panlex-20191001-csv/3975#51730777>				<https://panlex.org/snapshot/panlex-20191001-csv/3975#51730771>		"šed-"@aiw	
"kou"@ktz	<https://panlex.org/snapshot/panlex-20191001-csv/3975#51722088>				<https://panlex.org/snapshot/panlex-20191001-csv/3975#51722081>		"ʔac-"@aiw	
"wēːšē-sǹ"@ktz	<https://panlex.org/snapshot/panlex-20191001-csv/3975#51720608>				<https://panlex.org/snapshot/panlex-20191001-csv/3975#51720561>		"muːda"@aiw	
"ɡǀú"@ktz	<https://panlex.org/snapshot/panlex-20191001-csv/3975#51729081>				<https://panlex.org/snapshot/panlex-20191001-csv/3975#51729030>		"soici"@aiw	
"ɡǀú"@ktz	<https://panlex.org/snapshot/panlex-20191001-csv/3975#51729081>				<https://panlex.org/snapshot/panlex-20191001-csv/3975#51729029>		"soiti"@aiw	
"ɡǂáʔŋ"@ktz	<https://panlex.org/snapshot/panlex-20191001-csv/3975#51727545>				<https://panlex.org/snapshot/panlex-20191001-csv/3975#51727500>		"roːʰt-"@aiw	
"čʰì"@ktz	<https://panlex.org/snapshot/panlex-20191001-csv/3975#51723170>				<https://panlex.org/snapshot/panlex-20191001-csv/3975#51723117>		"wočʼ-"@aiw	
"a"@ktz	<https://panlex.org/snapshot/panlex-20191001-csv/3975#51733028>				<https://panlex.org/snapshot/panlex-20191001-csv/3975#51732985>		"aʰː"@aiw	
"ǀxeː"@ktz	<https://panlex.org/snapshot/panlex-20191001-csv/3975#51724878>				<https://panlex.org/snapshot/panlex-20191001-csv/3975#51724871>		"dˈuːti"@aiw	
"ǀʰwı́"@ktz	<https://panlex.org/snapshot/panlex-20191001-csv/3975#51723468>				<https://panlex.org/snapshot/panlex-20191001-csv/3975#51723419>		"qaːm-"@aiw	
"tɔː"@ktz	<https://panlex.org/snapshot/panlex-20191001-csv/3975#51720708>				<https://panlex.org/snapshot/panlex-20191001-csv/3975#51720703>		"bind-"@aiw	
"ʒóú"@ktz	<https://panlex.org/snapshot/panlex-20191001-csv/3975#51734876>				<https://panlex.org/snapshot/panlex-20191001-csv/3975#51734868>		"maʰ"@aiw	
"e"@ktz	<https://panlex.org/snapshot/panlex-20191001-csv/3975#51732888>				<https://panlex.org/snapshot/panlex-20191001-csv/3975#51732837>		"koːnˈa"@aiw	
"e"@ktz	<https://panlex.org/snapshot/panlex-20191001-csv/3975#51732888>				<https://panlex.org/snapshot/panlex-20191001-csv/3975#51732836>		"koːnˈe"@aiw	
"e"@ktz	<https://panlex.org/snapshot/panlex-20191001-csv/3975#51734287>				<https://panlex.org/snapshot/panlex-20191001-csv/3975#51734214>		"woʰ"@aiw	
"e"@ktz	<https://panlex.org/snapshot/panlex-20191001-csv/3975#51734287>				<https://panlex.org/snapshot/panlex-20191001-csv/3975#51734215>		"woʰː"@aiw	
"cou"@ktz	<https://panlex.org/snapshot/panlex-20191001-csv/3975#51733289>				<https://panlex.org/snapshot/panlex-20191001-csv/3975#51733282>		"ʔˈaci"@aiw	
"ca̰ː"@ktz	<https://panlex.org/snapshot/panlex-20191001-csv/3975#51733639>				<https://panlex.org/snapshot/panlex-20191001-csv/3975#51733584>		"qastˈen"@aiw	
"ca̰ː"@ktz	<https://panlex.org/snapshot/panlex-20191001-csv/3975#51733639>				<https://panlex.org/snapshot/panlex-20191001-csv/3975#51733583>		"qaskˈen"@aiw	
"če"@ktz	<https://panlex.org/snapshot/panlex-20191001-csv/3975#51732687>				<https://panlex.org/snapshot/panlex-20191001-csv/3975#51732680>		"koːnˈa"@aiw	
"če"@ktz	<https://panlex.org/snapshot/panlex-20191001-csv/3975#51732687>				<https://panlex.org/snapshot/panlex-20191001-csv/3975#51732679>		"koːnˈe"@aiw	
"če"@ktz	<https://panlex.org/snapshot/panlex-20191001-csv/3975#51732844>				<https://panlex.org/snapshot/panlex-20191001-csv/3975#51732837>		"koːnˈa"@aiw	
"če"@ktz	<https://panlex.org/snapshot/panlex-20191001-csv/3975#51732844>				<https://panlex.org/snapshot/panlex-20191001-csv/3975#51732836>		"koːnˈe"@aiw	
"tamma"@ktz	<https://panlex.org/snapshot/panlex-20191001-csv/3975#51735471>				<https://panlex.org/snapshot/panlex-20191001-csv/3975#51735419>		"ʔucc-ˈa"@aiw	
"ǂéː"@ktz	<https://panlex.org/snapshot/panlex-20191001-csv/3975#51722809>				<https://panlex.org/snapshot/panlex-20191001-csv/3975#51722804>		"deʔ-"@aiw	
"ɳǀí"@ktz	<https://panlex.org/snapshot/panlex-20191001-csv/3975#51725865>				<https://panlex.org/snapshot/panlex-20191001-csv/3975#51725856>		"matˈa"@aiw	
"ɳǀí"@ktz	<https://panlex.org/snapshot/panlex-20191001-csv/3975#51731065>				<https://panlex.org/snapshot/panlex-20191001-csv/3975#51731058>		"doq-"@aiw	
"ǂí"@ktz	<https://panlex.org/snapshot/panlex-20191001-csv/3975#51722811>				<https://panlex.org/snapshot/panlex-20191001-csv/3975#51722804>		"deʔ-"@aiw	
"tarí"@ktz	<https://panlex.org/snapshot/panlex-20191001-csv/3975#51733135>				<https://panlex.org/snapshot/panlex-20191001-csv/3975#51733130>		"adim"@aiw	
"ǂùŋ"@ktz	<https://panlex.org/snapshot/panlex-20191001-csv/3975#51732009>				<https://panlex.org/snapshot/panlex-20191001-csv/3975#51731959>		"manka"@aiw	
"dāʔā"@ktz	<https://panlex.org/snapshot/panlex-20191001-csv/3975#51724496>				<https://panlex.org/snapshot/panlex-20191001-csv/3975#51724442>		"nohˈa"@aiw	
"dāʔā"@ktz	<https://panlex.org/snapshot/panlex-20191001-csv/3975#51724496>				<https://panlex.org/snapshot/panlex-20191001-csv/3975#51724444>		"noʰː"@aiw	
"dāʔā"@ktz	<https://panlex.org/snapshot/panlex-20191001-csv/3975#51724496>				<https://panlex.org/snapshot/panlex-20191001-csv/3975#51724443>		"noʰ"@aiw	
"ǂʼʰí"@ktz	<https://panlex.org/snapshot/panlex-20191001-csv/3975#51727957>				<https://panlex.org/snapshot/panlex-20191001-csv/3975#51727907>		"bed-mˈi"@aiw	
"ssaä́"@ktz	<https://panlex.org/snapshot/panlex-20191001-csv/3975#51726066>				<https://panlex.org/snapshot/panlex-20191001-csv/3975#51726013>		"wur-"@aiw	
"ɡǀʼā"@ktz	<https://panlex.org/snapshot/panlex-20191001-csv/3975#51724074>				<https://panlex.org/snapshot/panlex-20191001-csv/3975#51724017>		"ʔˈaːfi"@aiw	
"sã̄ː"@ktz	<https://panlex.org/snapshot/panlex-20191001-csv/3975#51733641>				<https://panlex.org/snapshot/panlex-20191001-csv/3975#51733584>		"qastˈen"@aiw	
"sã̄ː"@ktz	<https://panlex.org/snapshot/panlex-20191001-csv/3975#51733641>				<https://panlex.org/snapshot/panlex-20191001-csv/3975#51733583>		"qaskˈen"@aiw	
"žu"@ktz	<https://panlex.org/snapshot/panlex-20191001-csv/3975#51729677>				<https://panlex.org/snapshot/panlex-20191001-csv/3975#51729671>		"ʔeːd"@aiw	
"tɔm"@ktz	<https://panlex.org/snapshot/panlex-20191001-csv/3975#51735425>				<https://panlex.org/snapshot/panlex-20191001-csv/3975#51735419>		"ʔucc-ˈa"@aiw	
"ǀǀʰà"@ktz	<https://panlex.org/snapshot/panlex-20191001-csv/3975#51728100>				<https://panlex.org/snapshot/panlex-20191001-csv/3975#51728051>		"wahˈa"@aiw	
"āū"@ktz	<https://panlex.org/snapshot/panlex-20191001-csv/3975#51725192>				<https://panlex.org/snapshot/panlex-20191001-csv/3975#51725134>		"ʔim-"@aiw	
"a-hi"@ktz	<https://panlex.org/snapshot/panlex-20191001-csv/3975#51732992>				<https://panlex.org/snapshot/panlex-20191001-csv/3975#51732985>		"aʰː"@aiw	
"mí"@ktz	<https://panlex.org/snapshot/panlex-20191001-csv/3975#51726506>				<https://panlex.org/snapshot/panlex-20191001-csv/3975#51726441>		"ʔi"@aiw	
"kóù"@ktz	<https://panlex.org/snapshot/panlex-20191001-csv/3975#51722130>				<https://panlex.org/snapshot/panlex-20191001-csv/3975#51722081>		"ʔac-"@aiw	
"kwí"@ktz	<https://panlex.org/snapshot/panlex-20191001-csv/3975#51733972>				<https://panlex.org/snapshot/panlex-20191001-csv/3975#51733928>		"ʔoyɗ-mˈí"@aiw	
"ǀwí"@ktz	<https://panlex.org/snapshot/panlex-20191001-csv/3975#51723424>				<https://panlex.org/snapshot/panlex-20191001-csv/3975#51723419>		"qaːm-"@aiw	
"a-ǯu"@ktz	<https://panlex.org/snapshot/panlex-20191001-csv/3975#51734766>				<https://panlex.org/snapshot/panlex-20191001-csv/3975#51734717>		"aʰy"@aiw	
"ɳǀĩ̀"@ktz	<https://panlex.org/snapshot/panlex-20191001-csv/3975#51731113>				<https://panlex.org/snapshot/panlex-20191001-csv/3975#51731058>		"doq-"@aiw	
"gwì"@ktz	<https://panlex.org/snapshot/panlex-20191001-csv/3975#51735608>				<https://panlex.org/snapshot/panlex-20191001-csv/3975#51735564>		"soːq"@aiw	
"tȉʰ"@ktz	<https://panlex.org/snapshot/panlex-20191001-csv/3975#51735339>				<https://panlex.org/snapshot/panlex-20191001-csv/3975#51735293>		"deːcʼ-mˈi"@aiw	
"ǂaö́"@ktz	<https://panlex.org/snapshot/panlex-20191001-csv/3975#51722526>				<https://panlex.org/snapshot/panlex-20191001-csv/3975#51722479>		"qaʰž-ˈi"@aiw	
"è"@ktz	<https://panlex.org/snapshot/panlex-20191001-csv/3975#51734289>				<https://panlex.org/snapshot/panlex-20191001-csv/3975#51734214>		"woʰ"@aiw	
"è"@ktz	<https://panlex.org/snapshot/panlex-20191001-csv/3975#51734289>				<https://panlex.org/snapshot/panlex-20191001-csv/3975#51734215>		"woʰː"@aiw	
"šore"@ktz	<https://panlex.org/snapshot/panlex-20191001-csv/3975#51731684>				<https://panlex.org/snapshot/panlex-20191001-csv/3975#51731679>		"čʼub-"@aiw	
"ǀǀè"@ktz	<https://panlex.org/snapshot/panlex-20191001-csv/3975#51722860>				<https://panlex.org/snapshot/panlex-20191001-csv/3975#51722804>		"deʔ-"@aiw	
"ǂwé"@ktz	<https://panlex.org/snapshot/panlex-20191001-csv/3975#51723012>				<https://panlex.org/snapshot/panlex-20191001-csv/3975#51722962>		"ʔˈaksi"@aiw	
"ɡǀaä́"@ktz	<https://panlex.org/snapshot/panlex-20191001-csv/3975#51724071>				<https://panlex.org/snapshot/panlex-20191001-csv/3975#51724017>		"ʔˈaːfi"@aiw	
"šú"@ktz	<https://panlex.org/snapshot/panlex-20191001-csv/3975#51727261>				<https://panlex.org/snapshot/panlex-20191001-csv/3975#51727209>		"raʰːt-"@aiw	
"toma"@ktz	<https://panlex.org/snapshot/panlex-20191001-csv/3975#51735426>				<https://panlex.org/snapshot/panlex-20191001-csv/3975#51735419>		"ʔucc-ˈa"@aiw	
"tumma"@ktz	<https://panlex.org/snapshot/panlex-20191001-csv/3975#51735470>				<https://panlex.org/snapshot/panlex-20191001-csv/3975#51735419>		"ʔucc-ˈa"@aiw	
"cá"@ktz	<https://panlex.org/snapshot/panlex-20191001-csv/3975#51731428>				<https://panlex.org/snapshot/panlex-20191001-csv/3975#51731379>		"rat-"@aiw	
"kʰúí"@ktz	<https://panlex.org/snapshot/panlex-20191001-csv/3975#51733975>				<https://panlex.org/snapshot/panlex-20191001-csv/3975#51733928>		"ʔoyɗ-mˈí"@aiw	
"mː"@ktz	<https://panlex.org/snapshot/panlex-20191001-csv/3975#51723720>				<https://panlex.org/snapshot/panlex-20191001-csv/3975#51723714>		"ʔic-"@aiw	
"ǂxŋ̄ː"@ktz	<https://panlex.org/snapshot/panlex-20191001-csv/3975#51722527>				<https://panlex.org/snapshot/panlex-20191001-csv/3975#51722479>		"qaʰž-ˈi"@aiw	
"ǂʼã"@ktz	<https://panlex.org/snapshot/panlex-20191001-csv/3975#51736113>				<https://panlex.org/snapshot/panlex-20191001-csv/3975#51736107>		"qaʰž-ˈi"@aiw	
"čũ"@ktz	<https://panlex.org/snapshot/panlex-20191001-csv/3975#51729193>				<https://panlex.org/snapshot/panlex-20191001-csv/3975#51729188>		"nˈuki"@aiw	
"ʔḿ"@ktz	<https://panlex.org/snapshot/panlex-20191001-csv/3975#51723767>				<https://panlex.org/snapshot/panlex-20191001-csv/3975#51723714>		"ʔic-"@aiw	
"tɛ́rri"@ktz	<https://panlex.org/snapshot/panlex-20191001-csv/3975#51733178>				<https://panlex.org/snapshot/panlex-20191001-csv/3975#51733130>		"adim"@aiw	
"ɳǂwi"@ktz	<https://panlex.org/snapshot/panlex-20191001-csv/3975#51728260>				<https://panlex.org/snapshot/panlex-20191001-csv/3975#51728208>		"ʔˈarfi"@aiw	
"ʔúː"@ktz	<https://panlex.org/snapshot/panlex-20191001-csv/3975#51733800>				<https://panlex.org/snapshot/panlex-20191001-csv/3975#51733746>		"kay-"@aiw	
"ǀǀào"@ktz	<https://panlex.org/snapshot/panlex-20191001-csv/3975#51723328>				<https://panlex.org/snapshot/panlex-20191001-csv/3975#51723281>		"woč-"@aiw	
"céːe-ma"@ktz	<https://panlex.org/snapshot/panlex-20191001-csv/3975#51731584>				<https://panlex.org/snapshot/panlex-20191001-csv/3975#51731535>		"tok-mˈi"@aiw	
"ǀxáí"@ktz	<https://panlex.org/snapshot/panlex-20191001-csv/3975#51724924>				<https://panlex.org/snapshot/panlex-20191001-csv/3975#51724871>		"dˈuːti"@aiw	
"ǀʼaː"@ktz	<https://panlex.org/snapshot/panlex-20191001-csv/3975#51725141>				<https://panlex.org/snapshot/panlex-20191001-csv/3975#51725134>		"ʔim-"@aiw	
"ǀxí"@ktz	<https://panlex.org/snapshot/panlex-20191001-csv/3975#51724920>				<https://panlex.org/snapshot/panlex-20191001-csv/3975#51724871>		"dˈuːti"@aiw	
"m̀ː"@ktz	<https://panlex.org/snapshot/panlex-20191001-csv/3975#51723765>				<https://panlex.org/snapshot/panlex-20191001-csv/3975#51723714>		"ʔic-"@aiw	
"kxà"@ktz	<https://panlex.org/snapshot/panlex-20191001-csv/3975#51723616>				<https://panlex.org/snapshot/panlex-20191001-csv/3975#51723565>		"fečʼˈe"@aiw	
"kxà"@ktz	<https://panlex.org/snapshot/panlex-20191001-csv/3975#51730517>				<https://panlex.org/snapshot/panlex-20191001-csv/3975#51730471>		"šami"@aiw	
"daä́"@ktz	<https://panlex.org/snapshot/panlex-20191001-csv/3975#51724494>				<https://panlex.org/snapshot/panlex-20191001-csv/3975#51724442>		"nohˈa"@aiw	
"daä́"@ktz	<https://panlex.org/snapshot/panlex-20191001-csv/3975#51724494>				<https://panlex.org/snapshot/panlex-20191001-csv/3975#51724444>		"noʰː"@aiw	
"daä́"@ktz	<https://panlex.org/snapshot/panlex-20191001-csv/3975#51724494>				<https://panlex.org/snapshot/panlex-20191001-csv/3975#51724443>		"noʰ"@aiw	
"ssá"@ktz	<https://panlex.org/snapshot/panlex-20191001-csv/3975#51726065>				<https://panlex.org/snapshot/panlex-20191001-csv/3975#51726013>		"wur-"@aiw	
"ǀʼĩŋ"@ktz	<https://panlex.org/snapshot/panlex-20191001-csv/3975#51721711>				<https://panlex.org/snapshot/panlex-20191001-csv/3975#51721660>		"qˈase"@aiw	
"zé"@ktz	<https://panlex.org/snapshot/panlex-20191001-csv/3975#51728945>				<https://panlex.org/snapshot/panlex-20191001-csv/3975#51728900>		"kill-ˈa"@aiw	
"ɡǀǀú"@ktz	<https://panlex.org/snapshot/panlex-20191001-csv/3975#51734064>				<https://panlex.org/snapshot/panlex-20191001-csv/3975#51734057>		"noqˈa"@aiw	
"ɳǀéː"@ktz	<https://panlex.org/snapshot/panlex-20191001-csv/3975#51725909>				<https://panlex.org/snapshot/panlex-20191001-csv/3975#51725856>		"matˈa"@aiw	
"mi"@ktz	<https://panlex.org/snapshot/panlex-20191001-csv/3975#51726503>				<https://panlex.org/snapshot/panlex-20191001-csv/3975#51726441>		"ʔi"@aiw	
"wȅː"@ktz	<https://panlex.org/snapshot/panlex-20191001-csv/3975#51722676>				<https://panlex.org/snapshot/panlex-20191001-csv/3975#51722617>		"aʰːd-"@aiw	
"ɳǀǀo̰ʔòrò"@ktz	<https://panlex.org/snapshot/panlex-20191001-csv/3975#51720885>				<https://panlex.org/snapshot/panlex-20191001-csv/3975#51720838>		"ɗaki"@aiw	
"šú"@ktz	<https://panlex.org/snapshot/panlex-20191001-csv/3975#51727216>				<https://panlex.org/snapshot/panlex-20191001-csv/3975#51727209>		"raʰːt-"@aiw	
"ɳǀɔ̀"@ktz	<https://panlex.org/snapshot/panlex-20191001-csv/3975#51720882>				<https://panlex.org/snapshot/panlex-20191001-csv/3975#51720838>		"ɗaki"@aiw	
"ɳǀɔ̀"@ktz	<https://panlex.org/snapshot/panlex-20191001-csv/3975#51731273>				<https://panlex.org/snapshot/panlex-20191001-csv/3975#51731230>		"guftˈa"@aiw	
"ɳǀɔ̀"@ktz	<https://panlex.org/snapshot/panlex-20191001-csv/3975#51731273>				<https://panlex.org/snapshot/panlex-20191001-csv/3975#51731231>		"gutˈa"@aiw	
"ǂé"@ktz	<https://panlex.org/snapshot/panlex-20191001-csv/3975#51721989>				<https://panlex.org/snapshot/panlex-20191001-csv/3975#51721946>		"bˈuːdi"@aiw	
"zɛ-ma"@ktz	<https://panlex.org/snapshot/panlex-20191001-csv/3975#51728943>				<https://panlex.org/snapshot/panlex-20191001-csv/3975#51728900>		"kill-ˈa"@aiw	
"cì"@ktz	<https://panlex.org/snapshot/panlex-20191001-csv/3975#51728517>				<https://panlex.org/snapshot/panlex-20191001-csv/3975#51728466>		"ʔafˈa"@aiw	
"o=kxwì"@ktz	<https://panlex.org/snapshot/panlex-20191001-csv/3975#51730663>				<https://panlex.org/snapshot/panlex-20191001-csv/3975#51730605>		"gay-"@aiw	
"ǀá"@ktz	<https://panlex.org/snapshot/panlex-20191001-csv/3975#51729352>				<https://panlex.org/snapshot/panlex-20191001-csv/3975#51729345>		"-ay"@aiw	
"ǂxã́ː"@ktz	<https://panlex.org/snapshot/panlex-20191001-csv/3975#51735170>				<https://panlex.org/snapshot/panlex-20191001-csv/3975#51735164>		"fegˈa"@aiw	
"ɳǀóä"@ktz	<https://panlex.org/snapshot/panlex-20191001-csv/3975#51731276>				<https://panlex.org/snapshot/panlex-20191001-csv/3975#51731230>		"guftˈa"@aiw	
"ɳǀóä"@ktz	<https://panlex.org/snapshot/panlex-20191001-csv/3975#51731276>				<https://panlex.org/snapshot/panlex-20191001-csv/3975#51731231>		"gutˈa"@aiw	
"ŋɳǀʼé"@ktz	<https://panlex.org/snapshot/panlex-20191001-csv/3975#51729570>				<https://panlex.org/snapshot/panlex-20191001-csv/3975#51729513>		"wˈollaq"@aiw	
"ǀʼã̀"@ktz	<https://panlex.org/snapshot/panlex-20191001-csv/3975#51725193>				<https://panlex.org/snapshot/panlex-20191001-csv/3975#51725134>		"ʔim-"@aiw	
"ɳǀé"@ktz	<https://panlex.org/snapshot/panlex-20191001-csv/3975#51725908>				<https://panlex.org/snapshot/panlex-20191001-csv/3975#51725856>		"matˈa"@aiw	
"šù"@ktz	<https://panlex.org/snapshot/panlex-20191001-csv/3975#51727259>				<https://panlex.org/snapshot/panlex-20191001-csv/3975#51727209>		"raʰːt-"@aiw	
"ɳǀi"@ktz	<https://panlex.org/snapshot/panlex-20191001-csv/3975#51731064>				<https://panlex.org/snapshot/panlex-20191001-csv/3975#51731058>		"doq-"@aiw	
"ɳǀi"@ktz	<https://panlex.org/snapshot/panlex-20191001-csv/3975#51725864>				<https://panlex.org/snapshot/panlex-20191001-csv/3975#51725856>		"matˈa"@aiw	
"žɔ́ː"@ktz	<https://panlex.org/snapshot/panlex-20191001-csv/3975#51721526>				<https://panlex.org/snapshot/panlex-20191001-csv/3975#51721520>		"čʼel-mˈi"@aiw	
"ciː"@ktz	<https://panlex.org/snapshot/panlex-20191001-csv/3975#51728472>				<https://panlex.org/snapshot/panlex-20191001-csv/3975#51728466>		"ʔafˈa"@aiw	
"zēː"@ktz	<https://panlex.org/snapshot/panlex-20191001-csv/3975#51728944>				<https://panlex.org/snapshot/panlex-20191001-csv/3975#51728900>		"kill-ˈa"@aiw	
"ʒʰʔàú"@ktz	<https://panlex.org/snapshot/panlex-20191001-csv/3975#51734925>				<https://panlex.org/snapshot/panlex-20191001-csv/3975#51734868>		"maʰ"@aiw	
"ǂʼã̀wã̀"@ktz	<https://panlex.org/snapshot/panlex-20191001-csv/3975#51735876>				<https://panlex.org/snapshot/panlex-20191001-csv/3975#51735829>		"gunˈi"@aiw	
"ǂʼaː"@ktz	<https://panlex.org/snapshot/panlex-20191001-csv/3975#51736114>				<https://panlex.org/snapshot/panlex-20191001-csv/3975#51736107>		"qaʰž-ˈi"@aiw	
"dǝ̄ʔā"@ktz	<https://panlex.org/snapshot/panlex-20191001-csv/3975#51724495>				<https://panlex.org/snapshot/panlex-20191001-csv/3975#51724442>		"nohˈa"@aiw	
"dǝ̄ʔā"@ktz	<https://panlex.org/snapshot/panlex-20191001-csv/3975#51724495>				<https://panlex.org/snapshot/panlex-20191001-csv/3975#51724444>		"noʰː"@aiw	
"dǝ̄ʔā"@ktz	<https://panlex.org/snapshot/panlex-20191001-csv/3975#51724495>				<https://panlex.org/snapshot/panlex-20191001-csv/3975#51724443>		"noʰ"@aiw	
"ǂwi"@ktz	<https://panlex.org/snapshot/panlex-20191001-csv/3975#51732537>				<https://panlex.org/snapshot/panlex-20191001-csv/3975#51732531>		"goyr-ˈiy"@aiw	
"ùː"@ktz	<https://panlex.org/snapshot/panlex-20191001-csv/3975#51733798>				<https://panlex.org/snapshot/panlex-20191001-csv/3975#51733746>		"kay-"@aiw	
"kau"@ktz	<https://panlex.org/snapshot/panlex-20191001-csv/3975#51722089>				<https://panlex.org/snapshot/panlex-20191001-csv/3975#51722081>		"ʔac-"@aiw	
"ceː-ma"@ktz	<https://panlex.org/snapshot/panlex-20191001-csv/3975#51731541>				<https://panlex.org/snapshot/panlex-20191001-csv/3975#51731535>		"tok-mˈi"@aiw	
"ǂʰí"@ktz	<https://panlex.org/snapshot/panlex-20191001-csv/3975#51727954>				<https://panlex.org/snapshot/panlex-20191001-csv/3975#51727907>		"bed-mˈi"@aiw	
"ɳǀe"@ktz	<https://panlex.org/snapshot/panlex-20191001-csv/3975#51729519>				<https://panlex.org/snapshot/panlex-20191001-csv/3975#51729513>		"wˈollaq"@aiw	
"ɳǀe"@ktz	<https://panlex.org/snapshot/panlex-20191001-csv/3975#51725862>				<https://panlex.org/snapshot/panlex-20191001-csv/3975#51725856>		"matˈa"@aiw	
"ɡǀá"@ktz	<https://panlex.org/snapshot/panlex-20191001-csv/3975#51724070>				<https://panlex.org/snapshot/panlex-20191001-csv/3975#51724017>		"ʔˈaːfi"@aiw	
"ǀǀáː"@ktz	<https://panlex.org/snapshot/panlex-20191001-csv/3975#51728057>				<https://panlex.org/snapshot/panlex-20191001-csv/3975#51728051>		"wahˈa"@aiw	
"cã"@ktz	<https://panlex.org/snapshot/panlex-20191001-csv/3975#51733638>				<https://panlex.org/snapshot/panlex-20191001-csv/3975#51733584>		"qastˈen"@aiw	
"cã"@ktz	<https://panlex.org/snapshot/panlex-20191001-csv/3975#51733638>				<https://panlex.org/snapshot/panlex-20191001-csv/3975#51733583>		"qaskˈen"@aiw	
"kùʔú"@ktz	<https://panlex.org/snapshot/panlex-20191001-csv/3975#51722131>				<https://panlex.org/snapshot/panlex-20191001-csv/3975#51722081>		"ʔac-"@aiw	
"ɳǀíŋ-a"@ktz	<https://panlex.org/snapshot/panlex-20191001-csv/3975#51731115>				<https://panlex.org/snapshot/panlex-20191001-csv/3975#51731058>		"doq-"@aiw	
"hȍ"@ktz	<https://panlex.org/snapshot/panlex-20191001-csv/3975#51730826>				<https://panlex.org/snapshot/panlex-20191001-csv/3975#51730771>		"šed-"@aiw	
"ɡǀǀu"@ktz	<https://panlex.org/snapshot/panlex-20191001-csv/3975#51734063>				<https://panlex.org/snapshot/panlex-20191001-csv/3975#51734057>		"noqˈa"@aiw	
"ɳǀǀwá̰i"@ktz	<https://panlex.org/snapshot/panlex-20191001-csv/3975#51728259>				<https://panlex.org/snapshot/panlex-20191001-csv/3975#51728208>		"ʔˈarfi"@aiw	
"ɡǀǝ̄ʔā"@ktz	<https://panlex.org/snapshot/panlex-20191001-csv/3975#51724073>				<https://panlex.org/snapshot/panlex-20191001-csv/3975#51724017>		"ʔˈaːfi"@aiw	
"ǀúä"@ktz	<https://panlex.org/snapshot/panlex-20191001-csv/3975#51729398>				<https://panlex.org/snapshot/panlex-20191001-csv/3975#51729345>		"-ay"@aiw	
"šōːɽı̀"@ktz	<https://panlex.org/snapshot/panlex-20191001-csv/3975#51731728>				<https://panlex.org/snapshot/panlex-20191001-csv/3975#51731679>		"čʼub-"@aiw	
"cʼàmà"@ktz	<https://panlex.org/snapshot/panlex-20191001-csv/3975#51721289>				<https://panlex.org/snapshot/panlex-20191001-csv/3975#51721240>		"afti"@aiw	
"šu"@ktz	<https://panlex.org/snapshot/panlex-20191001-csv/3975#51727215>				<https://panlex.org/snapshot/panlex-20191001-csv/3975#51727209>		"raʰːt-"@aiw	
"ǀǀkxwè"@ktz	<https://panlex.org/snapshot/panlex-20191001-csv/3975#51732579>				<https://panlex.org/snapshot/panlex-20191001-csv/3975#51732531>		"goyr-ˈiy"@aiw	
"žāː"@ktz	<https://panlex.org/snapshot/panlex-20191001-csv/3975#51725346>				<https://panlex.org/snapshot/panlex-20191001-csv/3975#51725297>		"laqa-mˈi"@aiw	
"žāː"@ktz	<https://panlex.org/snapshot/panlex-20191001-csv/3975#51725346>				<https://panlex.org/snapshot/panlex-20191001-csv/3975#51725298>		"laq-mˈi"@aiw	
"ɡǀʋ́"@ktz	<https://panlex.org/snapshot/panlex-20191001-csv/3975#51728665>				<https://panlex.org/snapshot/panlex-20191001-csv/3975#51728621>		"naːmˈi"@aiw	
"cã́ṹ"@ktz	<https://panlex.org/snapshot/panlex-20191001-csv/3975#51729240>				<https://panlex.org/snapshot/panlex-20191001-csv/3975#51729188>		"nˈuki"@aiw	
"e"@ktz	<https://panlex.org/snapshot/panlex-20191001-csv/3975#51734223>				<https://panlex.org/snapshot/panlex-20191001-csv/3975#51734214>		"woʰ"@aiw	
"e"@ktz	<https://panlex.org/snapshot/panlex-20191001-csv/3975#51734223>				<https://panlex.org/snapshot/panlex-20191001-csv/3975#51734215>		"woʰː"@aiw	
"ɡǀǀú"@ktz	<https://panlex.org/snapshot/panlex-20191001-csv/3975#51734108>				<https://panlex.org/snapshot/panlex-20191001-csv/3975#51734057>		"noqˈa"@aiw	
"cʼáúː"@ktz	<https://panlex.org/snapshot/panlex-20191001-csv/3975#51733333>				<https://panlex.org/snapshot/panlex-20191001-csv/3975#51733282>		"ʔˈaci"@aiw	
"cʼou"@ktz	<https://panlex.org/snapshot/panlex-20191001-csv/3975#51733288>				<https://panlex.org/snapshot/panlex-20191001-csv/3975#51733282>		"ʔˈaci"@aiw	
"ǀʼà"@ktz	<https://panlex.org/snapshot/panlex-20191001-csv/3975#51725189>				<https://panlex.org/snapshot/panlex-20191001-csv/3975#51725134>		"ʔim-"@aiw	
"ɡǀú"@ktz	<https://panlex.org/snapshot/panlex-20191001-csv/3975#51729084>				<https://panlex.org/snapshot/panlex-20191001-csv/3975#51729030>		"soici"@aiw	
"ɡǀú"@ktz	<https://panlex.org/snapshot/panlex-20191001-csv/3975#51729084>				<https://panlex.org/snapshot/panlex-20191001-csv/3975#51729029>		"soiti"@aiw	
"šiŋ"@ktz	<https://panlex.org/snapshot/panlex-20191001-csv/3975#51723167>				<https://panlex.org/snapshot/panlex-20191001-csv/3975#51723117>		"wočʼ-"@aiw	
"ǂʰwé"@ktz	<https://panlex.org/snapshot/panlex-20191001-csv/3975#51723011>				<https://panlex.org/snapshot/panlex-20191001-csv/3975#51722962>		"ʔˈaksi"@aiw	
"ǀʼáŋ"@ktz	<https://panlex.org/snapshot/panlex-20191001-csv/3975#51721712>				<https://panlex.org/snapshot/panlex-20191001-csv/3975#51721660>		"qˈase"@aiw	
"ǂa"@ktz	<https://panlex.org/snapshot/panlex-20191001-csv/3975#51735211>				<https://panlex.org/snapshot/panlex-20191001-csv/3975#51735164>		"fegˈa"@aiw	
"m̀"@ktz	<https://panlex.org/snapshot/panlex-20191001-csv/3975#51734290>				<https://panlex.org/snapshot/panlex-20191001-csv/3975#51734214>		"woʰ"@aiw	
"m̀"@ktz	<https://panlex.org/snapshot/panlex-20191001-csv/3975#51734290>				<https://panlex.org/snapshot/panlex-20191001-csv/3975#51734215>		"woʰː"@aiw	
"ǀǀ áo"@ktz	<https://panlex.org/snapshot/panlex-20191001-csv/3975#51723327>				<https://panlex.org/snapshot/panlex-20191001-csv/3975#51723281>		"woč-"@aiw	
"ǀʼã"@ktz	<https://panlex.org/snapshot/panlex-20191001-csv/3975#51725140>				<https://panlex.org/snapshot/panlex-20191001-csv/3975#51725134>		"ʔim-"@aiw	
"ǀʌm"@ktz	<https://panlex.org/snapshot/panlex-20191001-csv/3975#51732302>				<https://panlex.org/snapshot/panlex-20191001-csv/3975#51732248>		"ay"@aiw	
"čí"@ktz	<https://panlex.org/snapshot/panlex-20191001-csv/3975#51723123>				<https://panlex.org/snapshot/panlex-20191001-csv/3975#51723117>		"wočʼ-"@aiw	
"čí"@ktz	<https://panlex.org/snapshot/panlex-20191001-csv/3975#51722625>				<https://panlex.org/snapshot/panlex-20191001-csv/3975#51722617>		"aʰːd-"@aiw	
"wèšè"@ktz	<https://panlex.org/snapshot/panlex-20191001-csv/3975#51720609>				<https://panlex.org/snapshot/panlex-20191001-csv/3975#51720561>		"muːda"@aiw	
"hȁ-žòè"@ktz	<https://panlex.org/snapshot/panlex-20191001-csv/3975#51734767>				<https://panlex.org/snapshot/panlex-20191001-csv/3975#51734717>		"aʰy"@aiw	
"šori"@ktz	<https://panlex.org/snapshot/panlex-20191001-csv/3975#51731685>				<https://panlex.org/snapshot/panlex-20191001-csv/3975#51731679>		"čʼub-"@aiw	
"ɡǀú"@ktz	<https://panlex.org/snapshot/panlex-20191001-csv/3975#51729038>				<https://panlex.org/snapshot/panlex-20191001-csv/3975#51729030>		"soici"@aiw	
"ɡǀú"@ktz	<https://panlex.org/snapshot/panlex-20191001-csv/3975#51729038>				<https://panlex.org/snapshot/panlex-20191001-csv/3975#51729029>		"soiti"@aiw	
"kwìya"@ktz	<https://panlex.org/snapshot/panlex-20191001-csv/3975#51733974>				<https://panlex.org/snapshot/panlex-20191001-csv/3975#51733928>		"ʔoyɗ-mˈí"@aiw	
"tːí"@ktz	<https://panlex.org/snapshot/panlex-20191001-csv/3975#51735338>				<https://panlex.org/snapshot/panlex-20191001-csv/3975#51735293>		"deːcʼ-mˈi"@aiw	
