"pikɪn"@zbc	<https://panlex.org/snapshot/panlex-20191001-csv/114#8062365>				<https://panlex.org/snapshot/panlex-20191001-csv/114#8062345>		"yagi-(le)"@woe	
"pikɪn"@zbc	<https://panlex.org/snapshot/panlex-20191001-csv/114#8062365>				<https://panlex.org/snapshot/panlex-20191001-csv/114#8062346>		"yagi-yagi"@woe	
"pikɪn"@zbc	<https://panlex.org/snapshot/panlex-20191001-csv/114#8062365>				<https://panlex.org/snapshot/panlex-20191001-csv/114#8062347>		"yagiyegi"@woe	
"pikɪn"@zbc	<https://panlex.org/snapshot/panlex-20191001-csv/114#8062365>				<https://panlex.org/snapshot/panlex-20191001-csv/114#8062343>		"maŋi-i-(ye)"@woe	
"pikɪn"@zbc	<https://panlex.org/snapshot/panlex-20191001-csv/114#8062365>				<https://panlex.org/snapshot/panlex-20191001-csv/114#8062342>		"mangi-a"@woe	
"pikɪn"@zbc	<https://panlex.org/snapshot/panlex-20191001-csv/114#8062365>				<https://panlex.org/snapshot/panlex-20191001-csv/114#8062344>		"maŋimeŋi"@woe	
"lakaw"@zbc	<https://panlex.org/snapshot/panlex-20191001-csv/114#8054265>				<https://panlex.org/snapshot/panlex-20191001-csv/114#8054242>		"fetale"@woe	
"lakaw"@zbc	<https://panlex.org/snapshot/panlex-20191001-csv/114#8054265>				<https://panlex.org/snapshot/panlex-20191001-csv/114#8054243>		"lago"@woe	
"ŋəlibɪʔ"@zbc	<https://panlex.org/snapshot/panlex-20191001-csv/114#8055747>				<https://panlex.org/snapshot/panlex-20191001-csv/114#8055729>		"sape"@woe	
"ŋəlibɪʔ"@zbc	<https://panlex.org/snapshot/panlex-20191001-csv/114#8055747>				<https://panlex.org/snapshot/panlex-20191001-csv/114#8055730>		"sossor"@woe	
"pəŋka|tuʔoh"@zbc	<https://panlex.org/snapshot/panlex-20191001-csv/114#8053107>				<https://panlex.org/snapshot/panlex-20191001-csv/114#8053090>		"paiukofo"@woe	
"pə|loŋoy"@zbc	<https://panlex.org/snapshot/panlex-20191001-csv/114#8056273>				<https://panlex.org/snapshot/panlex-20191001-csv/114#8056255>		"yafa"@woe	
"pə|loŋoy"@zbc	<https://panlex.org/snapshot/panlex-20191001-csv/114#8056273>				<https://panlex.org/snapshot/panlex-20191001-csv/114#8056256>		"yafe"@woe	
"apoʔ"@zbc	<https://panlex.org/snapshot/panlex-20191001-csv/114#8057238>				<https://panlex.org/snapshot/panlex-20191001-csv/114#8057222>		"geraatiuyetɪʊ"@woe	
