"pikɪn"@zbc	<https://panlex.org/snapshot/panlex-20191001-csv/114#8062365>				<https://panlex.org/snapshot/panlex-20191001-csv/114#8062361>		"nɯ312"@yha	
"lakaw"@zbc	<https://panlex.org/snapshot/panlex-20191001-csv/114#8054265>				<https://panlex.org/snapshot/panlex-20191001-csv/114#8054262>		"la0 vi312"@yha	
"ŋəlibɪʔ"@zbc	<https://panlex.org/snapshot/panlex-20191001-csv/114#8055747>				<https://panlex.org/snapshot/panlex-20191001-csv/114#8055744>		"vɛ31"@yha	
"pəŋka|tuʔoh"@zbc	<https://panlex.org/snapshot/panlex-20191001-csv/114#8053107>				<https://panlex.org/snapshot/panlex-20191001-csv/114#8053104>		"qa0 mi11"@yha	
"pə|loŋoy"@zbc	<https://panlex.org/snapshot/panlex-20191001-csv/114#8056273>				<https://panlex.org/snapshot/panlex-20191001-csv/114#8056270>		"a:p11"@yha	
"apoʔ"@zbc	<https://panlex.org/snapshot/panlex-20191001-csv/114#8057238>				<https://panlex.org/snapshot/panlex-20191001-csv/114#8057236>		"la0 muk11"@yha	
