"ހޯމަ"@dv	<https://panlex.org/snapshot/panlex-20191001-csv/5947#84803378>				<https://panlex.org/snapshot/panlex-20191001-csv/5947#84803361>		"sčiʔikʷɬnát"@clm	
"އަންގާރަ"@dv	<https://panlex.org/snapshot/panlex-20191001-csv/2892#110824702>				<https://panlex.org/snapshot/panlex-20191001-csv/2892#110824622>		"scəŋənát"@clm	
"ހޮނިހިރު"@dv	<https://panlex.org/snapshot/panlex-20191001-csv/2892#110826318>				<https://panlex.org/snapshot/panlex-20191001-csv/2892#110826494>		"sq̕əm̕áyu"@clm	
"ހޮނިހިރު"@dv	<https://panlex.org/snapshot/panlex-20191001-csv/2892#110826318>				<https://panlex.org/snapshot/panlex-20191001-csv/2892#110826549>		"q̕əm̕ʔə́təŋ"@clm	
"ބުރާސްފަތި"@dv	<https://panlex.org/snapshot/panlex-20191001-csv/2892#110825555>				<https://panlex.org/snapshot/panlex-20191001-csv/2892#110825651>		"sŋəsɬnát"@clm	
"ބުދަ"@dv	<https://panlex.org/snapshot/panlex-20191001-csv/2892#110825061>				<https://panlex.org/snapshot/panlex-20191001-csv/2892#110825115>		"sɬxʷɬnát"@clm	
"ހުކުރު"@dv	<https://panlex.org/snapshot/panlex-20191001-csv/2892#110825959>				<https://panlex.org/snapshot/panlex-20191001-csv/2892#110826013>		"sɬq̕čšɬnát"@clm	
"ހޯމަ"@dv	<https://panlex.org/snapshot/panlex-20191001-csv/2892#110824157>				<https://panlex.org/snapshot/panlex-20191001-csv/2892#110824253>		"sčiʔikʷɬnát"@clm	
"އާދިއްތަ"@dv	<https://panlex.org/snapshot/panlex-20191001-csv/2892#110826594>				<https://panlex.org/snapshot/panlex-20191001-csv/2892#110827007>		"nəmá skʷáči"@clm	
"ޑިސެމްބަރު"@dv	<https://panlex.org/snapshot/panlex-20191001-csv/2897#110831715>				<https://panlex.org/snapshot/panlex-20191001-csv/2897#110831907>		"x̣əp̕sčiʔánəŋ"@clm	
"ޖޫން"@dv	<https://panlex.org/snapshot/panlex-20191001-csv/2897#110829355>				<https://panlex.org/snapshot/panlex-20191001-csv/2897#110829071>		"čən̕kʷítšən"@clm	
"ނޮވެމްބަރު"@dv	<https://panlex.org/snapshot/panlex-20191001-csv/2897#110831350>				<https://panlex.org/snapshot/panlex-20191001-csv/2897#110831291>		"čən̕háʔnəŋ"@clm	
"ޖެނުއަރީ"@dv	<https://panlex.org/snapshot/panlex-20191001-csv/2897#110827117>				<https://panlex.org/snapshot/panlex-20191001-csv/2897#110827382>		"x̣aʔwəsčiʔánəŋ"@clm	
"ޖުލައި"@dv	<https://panlex.org/snapshot/panlex-20191001-csv/2897#110829515>				<https://panlex.org/snapshot/panlex-20191001-csv/2897#110829524>		"čən̕q̕ə́čqs"@clm	
"އެޕްރިލް"@dv	<https://panlex.org/snapshot/panlex-20191001-csv/2897#110828348>				<https://panlex.org/snapshot/panlex-20191001-csv/2897#110828595>		"čən̕máʔəxʷ"@clm	
"އޮކްޓޯބަރު"@dv	<https://panlex.org/snapshot/panlex-20191001-csv/2897#110830814>				<https://panlex.org/snapshot/panlex-20191001-csv/2897#110830859>		"sx̣ʷúpč"@clm	
"ފެބުރުއަރީ"@dv	<https://panlex.org/snapshot/panlex-20191001-csv/2897#110827711>				<https://panlex.org/snapshot/panlex-20191001-csv/2897#110827823>		"č̕aʔyéʔəɬ ɬqáy̕əč"@clm	
"މެއި"@dv	<https://panlex.org/snapshot/panlex-20191001-csv/2897#110829050>				<https://panlex.org/snapshot/panlex-20191001-csv/2897#110828873>		"čən̕lílu"@clm	
"ސެޕްޓެމްބަރު"@dv	<https://panlex.org/snapshot/panlex-20191001-csv/2897#110830632>				<https://panlex.org/snapshot/panlex-20191001-csv/2897#110830369>		"čən̕hə́nən"@clm	
"އޯގަސްޓް"@dv	<https://panlex.org/snapshot/panlex-20191001-csv/2897#110830263>				<https://panlex.org/snapshot/panlex-20191001-csv/2897#110830278>		"čən̕t̕áqaʔ"@clm	
"މާޗް"@dv	<https://panlex.org/snapshot/panlex-20191001-csv/2897#110828130>				<https://panlex.org/snapshot/panlex-20191001-csv/2897#110827900>		"x̣áƛ̕ ɬqáy̕əč"@clm	
