"ދިވެހި ރާއްޖެ"@dv	<https://panlex.org/snapshot/panlex-20191001-csv/6898#113641863>				<https://panlex.org/snapshot/panlex-20191001-csv/6898#113641823>		"မော်လ်ဒိုက်"@my	
"އާފަލު"@dv	<https://panlex.org/snapshot/panlex-20191001-csv/5947#84706707>				<https://panlex.org/snapshot/panlex-20191001-csv/5947#84706752>		"ပန်းသီး"@my	
"ހޯމަ"@dv	<https://panlex.org/snapshot/panlex-20191001-csv/5947#84803378>				<https://panlex.org/snapshot/panlex-20191001-csv/5947#84803512>		"တနင္းလာ"@my	
"ޕޮލެންޑު"@dv	<https://panlex.org/snapshot/panlex-20191001-csv/5947#84607714>				<https://panlex.org/snapshot/panlex-20191001-csv/5947#84607793>		"ပုိလန္"@my	
"ޖަޒާއިރު"@dv	<https://panlex.org/snapshot/panlex-20191001-csv/5947#84580080>				<https://panlex.org/snapshot/panlex-20191001-csv/5947#84580160>		"အယ်လ်ဂျီးရီးယားနိုင်ငံ"@my	
"ބަލްޖިއަމް"@dv	<https://panlex.org/snapshot/panlex-20191001-csv/5947#84584378>				<https://panlex.org/snapshot/panlex-20191001-csv/5947#84584469>		"ဘယ်လ်ဂျီယမ်နိုင်ငံ"@my	
"ބަލްޖިއަމް"@dv	<https://panlex.org/snapshot/panlex-20191001-csv/5947#84584378>				<https://panlex.org/snapshot/panlex-20191001-csv/5947#84584468>		"ဘယ်လ်ဂျီယံ"@my	
"ބަލްޖިއަމް"@dv	<https://panlex.org/snapshot/panlex-20191001-csv/5947#84584378>				<https://panlex.org/snapshot/panlex-20191001-csv/5947#84584470>		"ဘယ္ဂ္ယီယမ္"@my	
"އެކުވެރި ދައުލަތްތައް"@dv	<https://panlex.org/snapshot/panlex-20191001-csv/5940#81285912>				<https://panlex.org/snapshot/panlex-20191001-csv/5940#81285973>		"ကုလသမဂ္ဂ"@my	
"އެމެރިކާ"@dv	<https://panlex.org/snapshot/panlex-20191001-csv/5940#81280079>				<https://panlex.org/snapshot/panlex-20191001-csv/5940#81280129>		"အမေရိကန္ပ္ရည္ေထာင္စု"@my	
"febru‘arī"@dv	<https://panlex.org/snapshot/panlex-20191001-csv/5939#80811216>				<https://panlex.org/snapshot/panlex-20191001-csv/5939#80811283>		"phephɔwaẏi"@my	
"މޫނުބަލާ ލޯގަނޑު"@dv	<https://panlex.org/snapshot/panlex-20191001-csv/5946#84446161>				<https://panlex.org/snapshot/panlex-20191001-csv/5946#84446264>		"မှန်"@my	
"މޫނުބަލާ ލޯގަނޑު"@dv	<https://panlex.org/snapshot/panlex-20191001-csv/5946#84446161>				<https://panlex.org/snapshot/panlex-20191001-csv/5946#84446263>		"ကြေးမုံ"@my	
"މިއަންމާ"@dv	<https://panlex.org/snapshot/panlex-20191001-csv/5949#85316380>				<https://panlex.org/snapshot/panlex-20191001-csv/5949#85316416>		"ဗမာ"@my	
"މިއަންމާ"@dv	<https://panlex.org/snapshot/panlex-20191001-csv/5949#85316380>				<https://panlex.org/snapshot/panlex-20191001-csv/5949#85316418>		"မြန်မာပြည်"@my	
"މިއަންމާ"@dv	<https://panlex.org/snapshot/panlex-20191001-csv/5949#85316380>				<https://panlex.org/snapshot/panlex-20191001-csv/5949#85316419>		"ဗမာပြည်"@my	
"މިއަންމާ"@dv	<https://panlex.org/snapshot/panlex-20191001-csv/5949#85316380>				<https://panlex.org/snapshot/panlex-20191001-csv/5949#85316417>		"မြန်မာ"@my	
"ފިލިޕީންސް"@dv	<https://panlex.org/snapshot/panlex-20191001-csv/5949#85323313>				<https://panlex.org/snapshot/panlex-20191001-csv/5949#85323375>		"ဖိလစ်ပိုင်နိုင်ငံ"@my	
"ޕެރޫ"@dv	<https://panlex.org/snapshot/panlex-20191001-csv/5949#85318211>				<https://panlex.org/snapshot/panlex-20191001-csv/5949#85318283>		"ပီရူးနိုင်ငံ"@my	
"ހޮންކޮންގު"@dv	<https://panlex.org/snapshot/panlex-20191001-csv/5949#85306646>				<https://panlex.org/snapshot/panlex-20191001-csv/5949#85306700>		"ဟောင်ကောင်"@my	
"ހޮންކޮންގު"@dv	<https://panlex.org/snapshot/panlex-20191001-csv/5949#85306646>				<https://panlex.org/snapshot/panlex-20191001-csv/5949#85306701>		"ဟောင္ကောင္"@my	
"އަޒަރުބައިޖާން"@dv	<https://panlex.org/snapshot/panlex-20191001-csv/5949#85298438>				<https://panlex.org/snapshot/panlex-20191001-csv/5949#85298502>		"အဇာဘိုင်ဂျန်နိုင်ငံ"@my	
"ޤުދުސް"@dv	<https://panlex.org/snapshot/panlex-20191001-csv/5949#85309910>				<https://panlex.org/snapshot/panlex-20191001-csv/5949#85309985>		"ဂျေရုဆလင်မြို့"@my	
"ބީޖިންގ"@dv	<https://panlex.org/snapshot/panlex-20191001-csv/5949#85317961>				<https://panlex.org/snapshot/panlex-20191001-csv/5949#85318018>		"ပေကျင်းမြို့"@my	
"ރަށިއާ"@dv	<https://panlex.org/snapshot/panlex-20191001-csv/5949#85319436>				<https://panlex.org/snapshot/panlex-20191001-csv/5949#85319543>		"ရုရှား)"@my	
"ރަށިއާ"@dv	<https://panlex.org/snapshot/panlex-20191001-csv/5949#85319436>				<https://panlex.org/snapshot/panlex-20191001-csv/5949#85319542>		"ရုရှားနိုင်ငံnaingngan)"@my	
"ބައިބަލް"@dv	<https://panlex.org/snapshot/panlex-20191001-csv/5949#85302663>				<https://panlex.org/snapshot/panlex-20191001-csv/5949#85302742>		"သမ္မာကျမ်းစာ"@my	
"ސިންގަޕޫރު"@dv	<https://panlex.org/snapshot/panlex-20191001-csv/5949#85320490>				<https://panlex.org/snapshot/panlex-20191001-csv/5949#85320553>		"စင်ကာပူနိုင်ငံ"@my	
"އޫރުޝަލީމް"@dv	<https://panlex.org/snapshot/panlex-20191001-csv/5949#85309909>				<https://panlex.org/snapshot/panlex-20191001-csv/5949#85309985>		"ဂျေရုဆလင်မြို့"@my	
"ފަރަންސޭސިވިލާތް"@dv	<https://panlex.org/snapshot/panlex-20191001-csv/5949#85323557>				<https://panlex.org/snapshot/panlex-20191001-csv/5949#85323631>		"ပြင်သစ်နိုင်ငံ"@my	
"ރޫސީވިލާތް"@dv	<https://panlex.org/snapshot/panlex-20191001-csv/5949#85319435>				<https://panlex.org/snapshot/panlex-20191001-csv/5949#85319543>		"ရုရှား)"@my	
"ރޫސީވިލާތް"@dv	<https://panlex.org/snapshot/panlex-20191001-csv/5949#85319435>				<https://panlex.org/snapshot/panlex-20191001-csv/5949#85319542>		"ရုရှားနိုင်ငံnaingngan)"@my	
"މޮސްކޯ"@dv	<https://panlex.org/snapshot/panlex-20191001-csv/5949#85316006>				<https://panlex.org/snapshot/panlex-20191001-csv/5949#85316038>		"မော်စကို"@my	
"އޯގަސްޓް"@dv	<https://panlex.org/snapshot/panlex-20191001-csv/5949#85329319>				<https://panlex.org/snapshot/panlex-20191001-csv/5949#85329440>		"ဩဂုတ္"@my	
"ކަޒަކިސްތާން"@dv	<https://panlex.org/snapshot/panlex-20191001-csv/5949#85312066>				<https://panlex.org/snapshot/panlex-20191001-csv/5949#85312125>		"ကာဇက်စတန်"@my	
"އޮސްޓަރުލިޔާ"@dv	<https://panlex.org/snapshot/panlex-20191001-csv/5949#85298101>				<https://panlex.org/snapshot/panlex-20191001-csv/5949#85298187>		"ဩစတြေးလျနိုင်ငံ"@my	
"އީސާގެފާނު"@dv	<https://panlex.org/snapshot/panlex-20191001-csv/5943#83289515>				<https://panlex.org/snapshot/panlex-20191001-csv/5943#83289570>		"ယေရှုခရစ်တော်"@my	
"ނުއެ"@dv	<https://panlex.org/snapshot/panlex-20191001-csv/9#490942>				<https://panlex.org/snapshot/panlex-20191001-csv/9#491009>		"ကုိး"@my	
"ފަލަކީ އިލްމު"@dv	<https://panlex.org/snapshot/panlex-20191001-csv/2904#111022034>				<https://panlex.org/snapshot/panlex-20191001-csv/2904#111022094>		"နက္ခတ္တဗေဒ"@my	
"ފީޒިޔާއީ އިލްމު"@dv	<https://panlex.org/snapshot/panlex-20191001-csv/2904#111024152>				<https://panlex.org/snapshot/panlex-20191001-csv/2904#111023983>		"ရူပဗေဒ"@my	
"ބަހަވީ އިލްމު"@dv	<https://panlex.org/snapshot/panlex-20191001-csv/2904#111023291>				<https://panlex.org/snapshot/panlex-20191001-csv/2904#111023292>		"ဘာသာဗေဒ"@my	
"ޖުޣުރާފީ"@dv	<https://panlex.org/snapshot/panlex-20191001-csv/2904#111022602>				<https://panlex.org/snapshot/panlex-20191001-csv/2904#111022704>		"ပထဝီဝင်"@my	
"ދެކުނު ދަނޑި"@dv	<https://panlex.org/snapshot/panlex-20191001-csv/2910#110855602>				<https://panlex.org/snapshot/panlex-20191001-csv/2910#110855593>		"မြောက်ဝင်ရိုးစွန်း"@my	
"އުތުރު ދަނޑި"@dv	<https://panlex.org/snapshot/panlex-20191001-csv/2910#110854563>				<https://panlex.org/snapshot/panlex-20191001-csv/2910#110854626>		"တောင်ဝင်ရိုးစွန်း"@my	
"ސުލްޙަ"@dv	<https://panlex.org/snapshot/panlex-20191001-csv/2902#111012310>				<https://panlex.org/snapshot/panlex-20191001-csv/2902#111011957>		"ငြိမ်းချေမ်းရေး"@my	
"ނީލަ ކޯރު"@dv	<https://panlex.org/snapshot/panlex-20191001-csv/2903#110872820>				<https://panlex.org/snapshot/panlex-20191001-csv/2903#110872839>		"နိုင်းမြစ်"@my	
"ބޭ އޮފް ބެންގާލް"@dv	<https://panlex.org/snapshot/panlex-20191001-csv/2905#110868870>				<https://panlex.org/snapshot/panlex-20191001-csv/2905#110868960>		"ဘင်္ဂလားပင်လယ်အော်"@my	
"ބޭ އޮފް ބެންގާލް"@dv	<https://panlex.org/snapshot/panlex-20191001-csv/2905#110868870>				<https://panlex.org/snapshot/panlex-20191001-csv/2905#110868982>		"ဘင်္ဂလားအော်"@my	
"ރަތްކަނޑު"@dv	<https://panlex.org/snapshot/panlex-20191001-csv/2905#110871067>				<https://panlex.org/snapshot/panlex-20191001-csv/2905#110870999>		"ပင်လယ််နီ"@my	
"ޑެޑްސީ"@dv	<https://panlex.org/snapshot/panlex-20191001-csv/2905#110870064>				<https://panlex.org/snapshot/panlex-20191001-csv/2905#110869893>		"ပင်လယ်သေ"@my	
"ހިންދު ކަނޑު"@dv	<https://panlex.org/snapshot/panlex-20191001-csv/2901#110867836>				<https://panlex.org/snapshot/panlex-20191001-csv/2901#110867694>		"အိန္ဒိယသမုဒ္ဒရာ"@my	
"ހިންދުސްތާން"@dv	<https://panlex.org/snapshot/panlex-20191001-csv/10#580045>				<https://panlex.org/snapshot/panlex-20191001-csv/10#580153>		"အိန္ဒိယ"@my	
"އަންގާރަ"@dv	<https://panlex.org/snapshot/panlex-20191001-csv/2892#110824702>				<https://panlex.org/snapshot/panlex-20191001-csv/2892#110824580>		"အံဂါ"@my	
"ހޮނިހިރު"@dv	<https://panlex.org/snapshot/panlex-20191001-csv/2892#110826318>				<https://panlex.org/snapshot/panlex-20191001-csv/2892#110826132>		"စနေ"@my	
"ބުރާސްފަތި"@dv	<https://panlex.org/snapshot/panlex-20191001-csv/2892#110825555>				<https://panlex.org/snapshot/panlex-20191001-csv/2892#110825437>		"ကြာသာပတေး"@my	
"ބުދަ"@dv	<https://panlex.org/snapshot/panlex-20191001-csv/2892#110825061>				<https://panlex.org/snapshot/panlex-20191001-csv/2892#110825236>		"ဗုဒ္ဓဟူး"@my	
"ހުކުރު"@dv	<https://panlex.org/snapshot/panlex-20191001-csv/2892#110825959>				<https://panlex.org/snapshot/panlex-20191001-csv/2892#110825692>		"သောကြာ"@my	
"ހޯމަ"@dv	<https://panlex.org/snapshot/panlex-20191001-csv/2892#110824157>				<https://panlex.org/snapshot/panlex-20191001-csv/2892#110824351>		"တနင်းလာ"@my	
"އާދިއްތަ"@dv	<https://panlex.org/snapshot/panlex-20191001-csv/2892#110826594>				<https://panlex.org/snapshot/panlex-20191001-csv/2892#110826773>		"တနင်္ဂနွေ"@my	
"ޑިސެމްބަރު"@dv	<https://panlex.org/snapshot/panlex-20191001-csv/2897#110831715>				<https://panlex.org/snapshot/panlex-20191001-csv/2897#110831754>		"ဒီဇင်ဘာ"@my	
"ޖޫން"@dv	<https://panlex.org/snapshot/panlex-20191001-csv/2897#110829355>				<https://panlex.org/snapshot/panlex-20191001-csv/2897#110829457>		"ဇွန်"@my	
"ނޮވެމްބަރު"@dv	<https://panlex.org/snapshot/panlex-20191001-csv/2897#110831350>				<https://panlex.org/snapshot/panlex-20191001-csv/2897#110831189>		"နိုဝင်ဘာ"@my	
"ޖެނުއަރީ"@dv	<https://panlex.org/snapshot/panlex-20191001-csv/2897#110827117>				<https://panlex.org/snapshot/panlex-20191001-csv/2897#110827111>		"ဇန်နဝါရီ"@my	
"ޖުލައި"@dv	<https://panlex.org/snapshot/panlex-20191001-csv/2897#110829515>				<https://panlex.org/snapshot/panlex-20191001-csv/2897#110829533>		"ဇူလိုင်"@my	
"އެޕްރިލް"@dv	<https://panlex.org/snapshot/panlex-20191001-csv/2897#110828348>				<https://panlex.org/snapshot/panlex-20191001-csv/2897#110828631>		"ဧပြီ"@my	
"އޮކްޓޯބަރު"@dv	<https://panlex.org/snapshot/panlex-20191001-csv/2897#110830814>				<https://panlex.org/snapshot/panlex-20191001-csv/2897#110831098>		"အောက်တိုဘာ"@my	
"ފެބުރުއަރީ"@dv	<https://panlex.org/snapshot/panlex-20191001-csv/2897#110827711>				<https://panlex.org/snapshot/panlex-20191001-csv/2897#110827675>		"ဖေဖော်ဝါရီ"@my	
"މެއި"@dv	<https://panlex.org/snapshot/panlex-20191001-csv/2897#110829050>				<https://panlex.org/snapshot/panlex-20191001-csv/2897#110829015>		"မေ"@my	
"ސެޕްޓެމްބަރު"@dv	<https://panlex.org/snapshot/panlex-20191001-csv/2897#110830632>				<https://panlex.org/snapshot/panlex-20191001-csv/2897#110830716>		"စက်တင်ဘာ"@my	
"އޯގަސްޓް"@dv	<https://panlex.org/snapshot/panlex-20191001-csv/2897#110830263>				<https://panlex.org/snapshot/panlex-20191001-csv/2897#110830115>		"ဩဂုတ်"@my	
"މާޗް"@dv	<https://panlex.org/snapshot/panlex-20191001-csv/2897#110828130>				<https://panlex.org/snapshot/panlex-20191001-csv/2897#110828079>		"မတ်"@my	
"އޭޝިޔާ"@dv	<https://panlex.org/snapshot/panlex-20191001-csv/2891#110853812>				<https://panlex.org/snapshot/panlex-20191001-csv/2891#110854031>		"အာရှ"@my	
"އެފްރިކާ"@dv	<https://panlex.org/snapshot/panlex-20191001-csv/2891#110853197>				<https://panlex.org/snapshot/panlex-20191001-csv/2891#110853016>		"အာဖရိက"@my	
"އެމެރިކާ"@dv	<https://panlex.org/snapshot/panlex-20191001-csv/2891#110853384>				<https://panlex.org/snapshot/panlex-20191001-csv/2891#110853482>		"အမေရိကာ"@my	
