"ހޯމަ"@dv	<https://panlex.org/snapshot/panlex-20191001-csv/5947#84803378>				<https://panlex.org/snapshot/panlex-20191001-csv/5947#84803597>		"гьакьухиндал"@tin	
"އަންގާރަ"@dv	<https://panlex.org/snapshot/panlex-20191001-csv/2892#110824702>				<https://panlex.org/snapshot/panlex-20191001-csv/2892#110824579>		"гьойзебу"@tin	
"ހޮނިހިރު"@dv	<https://panlex.org/snapshot/panlex-20191001-csv/2892#110826318>				<https://panlex.org/snapshot/panlex-20191001-csv/2892#110826320>		"шамати"@tin	
"ބުރާސްފަތި"@dv	<https://panlex.org/snapshot/panlex-20191001-csv/2892#110825555>				<https://panlex.org/snapshot/panlex-20191001-csv/2892#110825276>		"сери-зебу"@tin	
"ބުދަ"@dv	<https://panlex.org/snapshot/panlex-20191001-csv/2892#110825061>				<https://panlex.org/snapshot/panlex-20191001-csv/2892#110825153>		"арбагӏ"@tin	
"ހުކުރު"@dv	<https://panlex.org/snapshot/panlex-20191001-csv/2892#110825959>				<https://panlex.org/snapshot/panlex-20191001-csv/2892#110825971>		"рузмай"@tin	
"ހޯމަ"@dv	<https://panlex.org/snapshot/panlex-20191001-csv/2892#110824157>				<https://panlex.org/snapshot/panlex-20191001-csv/2892#110824103>		"гьакьухиндал"@tin	
"އާދިއްތަ"@dv	<https://panlex.org/snapshot/panlex-20191001-csv/2892#110826594>				<https://panlex.org/snapshot/panlex-20191001-csv/2892#110826890>		"цӏабай"@tin	
