"mag"@lbq	<https://panlex.org/snapshot/panlex-20191001-csv/5943#83323760>				<https://panlex.org/snapshot/panlex-20191001-csv/5943#83323807>		"one"@ty	
"simis"@lbq	<https://panlex.org/snapshot/panlex-20191001-csv/5943#83323759>				<https://panlex.org/snapshot/panlex-20191001-csv/5943#83323807>		"one"@ty	
"goreg"@lbq	<https://panlex.org/snapshot/panlex-20191001-csv/12#851010>				<https://panlex.org/snapshot/panlex-20191001-csv/12#851176>		"pape"@ty	
"goreg"@lbq	<https://panlex.org/snapshot/panlex-20191001-csv/12#851010>				<https://panlex.org/snapshot/panlex-20191001-csv/12#851177>		"vai"@ty	
"saŋen"@lbq	<https://panlex.org/snapshot/panlex-20191001-csv/12#851011>				<https://panlex.org/snapshot/panlex-20191001-csv/12#851176>		"pape"@ty	
"saŋen"@lbq	<https://panlex.org/snapshot/panlex-20191001-csv/12#851011>				<https://panlex.org/snapshot/panlex-20191001-csv/12#851177>		"vai"@ty	
"mag"@lbq	<https://panlex.org/snapshot/panlex-20191001-csv/15#967022>				<https://panlex.org/snapshot/panlex-20191001-csv/15#967071>		"one"@ty	
"simis"@lbq	<https://panlex.org/snapshot/panlex-20191001-csv/15#967023>				<https://panlex.org/snapshot/panlex-20191001-csv/15#967071>		"one"@ty	
"[n]taf en"@lbq	<https://panlex.org/snapshot/panlex-20191001-csv/114#8065747>				<https://panlex.org/snapshot/panlex-20191001-csv/114#8065931>		"huti i te aho"@ty	
"[n]taf en"@lbq	<https://panlex.org/snapshot/panlex-20191001-csv/114#8065747>				<https://panlex.org/snapshot/panlex-20191001-csv/114#8065932>		"oròmàtoo"@ty	
"moadzi"@lbq	<https://panlex.org/snapshot/panlex-20191001-csv/114#8054453>				<https://panlex.org/snapshot/panlex-20191001-csv/114#8054662>		"ara"@ty	
"moadzi"@lbq	<https://panlex.org/snapshot/panlex-20191001-csv/114#8054453>				<https://panlex.org/snapshot/panlex-20191001-csv/114#8054663>		"poroomu"@ty	
"moadzi"@lbq	<https://panlex.org/snapshot/panlex-20191001-csv/114#8054453>				<https://panlex.org/snapshot/panlex-20191001-csv/114#8054664>		"puruumu"@ty	
"moadzi"@lbq	<https://panlex.org/snapshot/panlex-20191001-csv/114#8054453>				<https://panlex.org/snapshot/panlex-20191001-csv/114#8054665>		"ʻeeʻa"@ty	
"aidz"@lbq	<https://panlex.org/snapshot/panlex-20191001-csv/114#8052367>				<https://panlex.org/snapshot/panlex-20191001-csv/114#8052563>		"ʻaio"@ty	
"aidz"@lbq	<https://panlex.org/snapshot/panlex-20191001-csv/114#8052367>				<https://panlex.org/snapshot/panlex-20191001-csv/114#8052562>		"aruri"@ty	
"aidz"@lbq	<https://panlex.org/snapshot/panlex-20191001-csv/114#8052367>				<https://panlex.org/snapshot/panlex-20191001-csv/114#8052564>		"ʻaui"@ty	
"mamar"@lbq	<https://panlex.org/snapshot/panlex-20191001-csv/114#8065748>				<https://panlex.org/snapshot/panlex-20191001-csv/114#8065931>		"huti i te aho"@ty	
"mamar"@lbq	<https://panlex.org/snapshot/panlex-20191001-csv/114#8065748>				<https://panlex.org/snapshot/panlex-20191001-csv/114#8065932>		"oròmàtoo"@ty	
"yʌmaʔ"@lbq	<https://panlex.org/snapshot/panlex-20191001-csv/114#8054957>				<https://panlex.org/snapshot/panlex-20191001-csv/114#8055167>		"haere mai"@ty	
"yʌmaʔ"@lbq	<https://panlex.org/snapshot/panlex-20191001-csv/114#8054957>				<https://panlex.org/snapshot/panlex-20191001-csv/114#8055166>		"eheèroharreehòe"@ty	
"tepa"@lbq	<https://panlex.org/snapshot/panlex-20191001-csv/114#8061061>				<https://panlex.org/snapshot/panlex-20191001-csv/114#8061260>		"tapono"@ty	
"tepa"@lbq	<https://panlex.org/snapshot/panlex-20191001-csv/114#8061061>				<https://panlex.org/snapshot/panlex-20191001-csv/114#8061259>		"etapon"@ty	
"rai teret"@lbq	<https://panlex.org/snapshot/panlex-20191001-csv/114#8059513>				<https://panlex.org/snapshot/panlex-20191001-csv/114#8059709>		"ʻaaʻau"@ty	
"ono waro"@lbq	<https://panlex.org/snapshot/panlex-20191001-csv/114#8063613>				<https://panlex.org/snapshot/panlex-20191001-csv/114#8063836>		"upoʻo"@ty	
"ono waro"@lbq	<https://panlex.org/snapshot/panlex-20191001-csv/114#8063613>				<https://panlex.org/snapshot/panlex-20191001-csv/114#8063835>		"erowroo"@ty	
"rots"@lbq	<https://panlex.org/snapshot/panlex-20191001-csv/114#8062086>				<https://panlex.org/snapshot/panlex-20191001-csv/114#8062282>		"manaʻo"@ty	
"sos"@lbq	<https://panlex.org/snapshot/panlex-20191001-csv/114#8060525>				<https://panlex.org/snapshot/panlex-20191001-csv/114#8060765>		"ʻoouma"@ty	
"sos"@lbq	<https://panlex.org/snapshot/panlex-20191001-csv/114#8060525>				<https://panlex.org/snapshot/panlex-20191001-csv/114#8060762>		"eoo"@ty	
"sos"@lbq	<https://panlex.org/snapshot/panlex-20191001-csv/114#8060525>				<https://panlex.org/snapshot/panlex-20191001-csv/114#8060761>		"eom"@ty	
"sos"@lbq	<https://panlex.org/snapshot/panlex-20191001-csv/114#8060525>				<https://panlex.org/snapshot/panlex-20191001-csv/114#8060763>		"tiitii"@ty	
"sos"@lbq	<https://panlex.org/snapshot/panlex-20191001-csv/114#8060525>				<https://panlex.org/snapshot/panlex-20191001-csv/114#8060764>		"uu"@ty	
"gwaŋon"@lbq	<https://panlex.org/snapshot/panlex-20191001-csv/114#8058476>				<https://panlex.org/snapshot/panlex-20191001-csv/114#8058720>		"ʻoopuu"@ty	
"gwaŋon"@lbq	<https://panlex.org/snapshot/panlex-20191001-csv/114#8058476>				<https://panlex.org/snapshot/panlex-20191001-csv/114#8058719>		"eoboo"@ty	
