"Galicyin"@wa	<https://panlex.org/snapshot/panlex-20191001-csv/17#1010767>				<https://panlex.org/snapshot/panlex-20191001-csv/17#1010742>		"Galisaidd"@cy	
"Galicyin"@wa	<https://panlex.org/snapshot/panlex-20191001-csv/17#1010639>				<https://panlex.org/snapshot/panlex-20191001-csv/17#1010614>		"Galisaidd"@cy	
"Roumin"@wa	<https://panlex.org/snapshot/panlex-20191001-csv/17#1010602>				<https://panlex.org/snapshot/panlex-20191001-csv/17#1010547>		"Rwmaneg"@cy	
"Deujhinme guere daegnrece"@wa	<https://panlex.org/snapshot/panlex-20191001-csv/6709#111077625>				<https://panlex.org/snapshot/panlex-20191001-csv/6709#111077694>		"Ail Ryfel Byd"@cy	
"Prumire guere daegnrece"@wa	<https://panlex.org/snapshot/panlex-20191001-csv/6709#111077470>				<https://panlex.org/snapshot/panlex-20191001-csv/6709#111077294>		"Rhyfel Byd Cyntaf"@cy	
"Moyinådje"@wa	<https://panlex.org/snapshot/panlex-20191001-csv/6709#111076416>				<https://panlex.org/snapshot/panlex-20191001-csv/6709#111076319>		"Oesoedd Canol"@cy	
"Croejhåde"@wa	<https://panlex.org/snapshot/panlex-20191001-csv/6709#111076606>				<https://panlex.org/snapshot/panlex-20191001-csv/6709#111076615>		"Croesgadau"@cy	
"Li Ptit Prince"@wa	<https://panlex.org/snapshot/panlex-20191001-csv/6710#111083147>				<https://panlex.org/snapshot/panlex-20191001-csv/6710#111083155>		"Y Tywysog Bach"@cy	
"tchet"@wa	<https://panlex.org/snapshot/panlex-20191001-csv/2129#11694609>				<https://panlex.org/snapshot/panlex-20191001-csv/2129#11694513>		"cath"@cy	
"leu"@wa	<https://panlex.org/snapshot/panlex-20191001-csv/2129#11694484>				<https://panlex.org/snapshot/panlex-20191001-csv/2129#11694413>		"blaidd"@cy	
"lingaedje"@wa	<https://panlex.org/snapshot/panlex-20191001-csv/2129#11694387>				<https://panlex.org/snapshot/panlex-20191001-csv/2129#11694287>		"iaith"@cy	
"dimegne"@wa	<https://panlex.org/snapshot/panlex-20191001-csv/18#1002929>				<https://panlex.org/snapshot/panlex-20191001-csv/18#1002869>		"Dydd sul"@cy	
"octôbe"@wa	<https://panlex.org/snapshot/panlex-20191001-csv/18#1003681>				<https://panlex.org/snapshot/panlex-20191001-csv/18#1003651>		"Hydref"@cy	
"Mîtrinne Mer"@wa	<https://panlex.org/snapshot/panlex-20191001-csv/5950#85858279>				<https://panlex.org/snapshot/panlex-20191001-csv/5950#85858229>		"Y Môr Canoldir"@cy	
"Union Uropeyinne"@wa	<https://panlex.org/snapshot/panlex-20191001-csv/5950#85858948>				<https://panlex.org/snapshot/panlex-20191001-csv/5950#85858864>		"Undeb Ewropeaidd"@cy	
"Almagne"@wa	<https://panlex.org/snapshot/panlex-20191001-csv/5950#85858439>				<https://panlex.org/snapshot/panlex-20191001-csv/5950#85858340>		"yr Almaen"@cy	
"avri"@wa	<https://panlex.org/snapshot/panlex-20191001-csv/5945#84353159>				<https://panlex.org/snapshot/panlex-20191001-csv/5945#84353085>		"Ebrill"@cy	
"agricoûteure"@wa	<https://panlex.org/snapshot/panlex-20191001-csv/5945#84349432>				<https://panlex.org/snapshot/panlex-20191001-csv/5945#84349373>		"amaeth"@cy	
"måwete"@wa	<https://panlex.org/snapshot/panlex-20191001-csv/5945#84383463>				<https://panlex.org/snapshot/panlex-20191001-csv/5945#84383425>		"gwylan"@cy	
"Goudjarati"@wa	<https://panlex.org/snapshot/panlex-20191001-csv/5945#84387366>				<https://panlex.org/snapshot/panlex-20191001-csv/5945#84387335>		"Gwjarati"@cy	
"meteyorolodjeye"@wa	<https://panlex.org/snapshot/panlex-20191001-csv/5945#84399473>				<https://panlex.org/snapshot/panlex-20191001-csv/5945#84399433>		"meteoroleg"@cy	
"djulete"@wa	<https://panlex.org/snapshot/panlex-20191001-csv/5945#84395613>				<https://panlex.org/snapshot/panlex-20191001-csv/5945#84395575>		"Gorffennaf"@cy	
"Letonyin"@wa	<https://panlex.org/snapshot/panlex-20191001-csv/5945#84394499>				<https://panlex.org/snapshot/panlex-20191001-csv/5945#84394446>		"Latfieg"@cy	
"Union Uropeyinne"@wa	<https://panlex.org/snapshot/panlex-20191001-csv/5945#84344719>				<https://panlex.org/snapshot/panlex-20191001-csv/5945#84344664>		"yr Undeb Ewropeaidd"@cy	
"polonès"@wa	<https://panlex.org/snapshot/panlex-20191001-csv/5945#84409524>				<https://panlex.org/snapshot/panlex-20191001-csv/5945#84409467>		"pwyleg"@cy	
"polonès"@wa	<https://panlex.org/snapshot/panlex-20191001-csv/5945#84409450>				<https://panlex.org/snapshot/panlex-20191001-csv/5945#84409393>		"pwyleg"@cy	
"foete"@wa	<https://panlex.org/snapshot/panlex-20191001-csv/5947#84895318>				<https://panlex.org/snapshot/panlex-20191001-csv/5947#84895216>		"iau"@cy	
"foete"@wa	<https://panlex.org/snapshot/panlex-20191001-csv/5947#84895318>				<https://panlex.org/snapshot/panlex-20191001-csv/5947#84895215>		"afu"@cy	
"aigue"@wa	<https://panlex.org/snapshot/panlex-20191001-csv/5947#84782396>				<https://panlex.org/snapshot/panlex-20191001-csv/5947#84782231>		"eryr"@cy	
"oû"@wa	<https://panlex.org/snapshot/panlex-20191001-csv/5947#84707600>				<https://panlex.org/snapshot/panlex-20191001-csv/5947#84707454>		"ŵy"@cy	
"blanc"@wa	<https://panlex.org/snapshot/panlex-20191001-csv/5947#84639878>				<https://panlex.org/snapshot/panlex-20191001-csv/5947#84639712>		"gwyn"@cy	
"concombe"@wa	<https://panlex.org/snapshot/panlex-20191001-csv/5947#84777802>				<https://panlex.org/snapshot/panlex-20191001-csv/5947#84777692>		"chiwcymbr"@cy	
"Urope"@wa	<https://panlex.org/snapshot/panlex-20191001-csv/5940#81279794>				<https://panlex.org/snapshot/panlex-20191001-csv/5940#81279720>		"Ewrop"@cy	
"oceyan"@wa	<https://panlex.org/snapshot/panlex-20191001-csv/5940#81376491>				<https://panlex.org/snapshot/panlex-20191001-csv/5940#81376417>		"cefnfor"@cy	
"Daegne"@wa	<https://panlex.org/snapshot/panlex-20191001-csv/5940#81310833>				<https://panlex.org/snapshot/panlex-20191001-csv/5940#81310752>		"Daear"@cy	
"litiom"@wa	<https://panlex.org/snapshot/panlex-20191001-csv/5940#81334777>				<https://panlex.org/snapshot/panlex-20191001-csv/5940#81334723>		"lithiwm"@cy	
"Grek"@wa	<https://panlex.org/snapshot/panlex-20191001-csv/5940#81319113>				<https://panlex.org/snapshot/panlex-20191001-csv/5940#81319051>		"Groeg"@cy	
"Moscou"@wa	<https://panlex.org/snapshot/panlex-20191001-csv/5940#81284980>				<https://panlex.org/snapshot/panlex-20191001-csv/5940#81284936>		"Moskva"@cy	
"Grece"@wa	<https://panlex.org/snapshot/panlex-20191001-csv/5940#81279304>				<https://panlex.org/snapshot/panlex-20191001-csv/5940#81279252>		"Gwlad Groeg"@cy	
"Estats Unis"@wa	<https://panlex.org/snapshot/panlex-20191001-csv/5940#81280177>				<https://panlex.org/snapshot/panlex-20191001-csv/5940#81280076>		"Unol Daleithiau America"@cy	
"leu"@wa	<https://panlex.org/snapshot/panlex-20191001-csv/5940#81336710>				<https://panlex.org/snapshot/panlex-20191001-csv/5940#81336666>		"blaidd"@cy	
"gripe"@wa	<https://panlex.org/snapshot/panlex-20191001-csv/5940#81312152>				<https://panlex.org/snapshot/panlex-20191001-csv/5940#81312119>		"ffliw"@cy	
"crompire"@wa	<https://panlex.org/snapshot/panlex-20191001-csv/5940#81350785>				<https://panlex.org/snapshot/panlex-20191001-csv/5940#81350703>		"tatws"@cy	
"Octôbe"@wa	<https://panlex.org/snapshot/panlex-20191001-csv/5940#81285713>				<https://panlex.org/snapshot/panlex-20191001-csv/5940#81285622>		"Hydref"@cy	
"avri"@wa	<https://panlex.org/snapshot/panlex-20191001-csv/5940#81276637>				<https://panlex.org/snapshot/panlex-20191001-csv/5940#81276570>		"Ebrill"@cy	
"Organizåcion des Nåcions uneyes"@wa	<https://panlex.org/snapshot/panlex-20191001-csv/5940#81286024>				<https://panlex.org/snapshot/panlex-20191001-csv/5940#81285909>		"Y Cenhedloedd Unedig"@cy	
"awousse"@wa	<https://panlex.org/snapshot/panlex-20191001-csv/5940#81277240>				<https://panlex.org/snapshot/panlex-20191001-csv/5940#81277173>		"Awst"@cy	
"Mitolodjeye"@wa	<https://panlex.org/snapshot/panlex-20191001-csv/5940#81342421>				<https://panlex.org/snapshot/panlex-20191001-csv/5940#81342396>		"mytholeg"@cy	
"Espagne"@wa	<https://panlex.org/snapshot/panlex-20191001-csv/5940#81281026>				<https://panlex.org/snapshot/panlex-20191001-csv/5940#81280936>		"Sbaen"@cy	
"décimbe"@wa	<https://panlex.org/snapshot/panlex-20191001-csv/5939#80783012>				<https://panlex.org/snapshot/panlex-20191001-csv/5939#80782938>		"Rhagfyr"@cy	
"Aldjereye"@wa	<https://panlex.org/snapshot/panlex-20191001-csv/5939#80712805>				<https://panlex.org/snapshot/panlex-20191001-csv/5939#80712764>		"Algeria"@cy	
"albanyin"@wa	<https://panlex.org/snapshot/panlex-20191001-csv/5939#80712143>				<https://panlex.org/snapshot/panlex-20191001-csv/5939#80712089>		"Albanaidd"@cy	
"Antigua et Barbuda"@wa	<https://panlex.org/snapshot/panlex-20191001-csv/5939#80722476>				<https://panlex.org/snapshot/panlex-20191001-csv/5939#80722408>		"Antigua a Barbuda"@cy	
"Union Uropeyinne"@wa	<https://panlex.org/snapshot/panlex-20191001-csv/5939#80807044>				<https://panlex.org/snapshot/panlex-20191001-csv/5939#80806962>		"Undeb Ewropeaidd"@cy	
"Beldjike"@wa	<https://panlex.org/snapshot/panlex-20191001-csv/5939#80749092>				<https://panlex.org/snapshot/panlex-20191001-csv/5939#80749032>		"Gwlad Belg"@cy	
"amateur"@wa	<https://panlex.org/snapshot/panlex-20191001-csv/5939#80784610>				<https://panlex.org/snapshot/panlex-20191001-csv/5939#80784556>		"amatur"@cy	
"amateur"@wa	<https://panlex.org/snapshot/panlex-20191001-csv/5939#80784610>				<https://panlex.org/snapshot/panlex-20191001-csv/5939#80784555>		"diletant"@cy	
"glaecî"@wa	<https://panlex.org/snapshot/panlex-20191001-csv/5939#80841593>				<https://panlex.org/snapshot/panlex-20191001-csv/5939#80841540>		"rhewlif"@cy	
"burton"@wa	<https://panlex.org/snapshot/panlex-20191001-csv/5939#80764261>				<https://panlex.org/snapshot/panlex-20191001-csv/5939#80764229>		"Llydaweg"@cy	
"Chinwès"@wa	<https://panlex.org/snapshot/panlex-20191001-csv/5939#80773848>				<https://panlex.org/snapshot/panlex-20191001-csv/5939#80773789>		"Tseineg"@cy	
"Chinwès"@wa	<https://panlex.org/snapshot/panlex-20191001-csv/5939#80773848>				<https://panlex.org/snapshot/panlex-20191001-csv/5939#80773790>		"Tsieineeg"@cy	
"cuzene"@wa	<https://panlex.org/snapshot/panlex-20191001-csv/5939#80744156>				<https://panlex.org/snapshot/panlex-20191001-csv/5939#80744119>		"cyfnither"@cy	
"vénrdi"@wa	<https://panlex.org/snapshot/panlex-20191001-csv/5939#80822347>				<https://panlex.org/snapshot/panlex-20191001-csv/5939#80822291>		"dydd Gwener"@cy	
"mårdi"@wa	<https://panlex.org/snapshot/panlex-20191001-csv/5939#80784087>				<https://panlex.org/snapshot/panlex-20191001-csv/5939#80784006>		"dydd Mawrth"@cy	
"Bulgåreye"@wa	<https://panlex.org/snapshot/panlex-20191001-csv/5939#80767602>				<https://panlex.org/snapshot/panlex-20191001-csv/5939#80767544>		"Bwlgaria"@cy	
"Daenwès"@wa	<https://panlex.org/snapshot/panlex-20191001-csv/5939#80790863>				<https://panlex.org/snapshot/panlex-20191001-csv/5939#80790800>		"Daneg"@cy	
"Almagne"@wa	<https://panlex.org/snapshot/panlex-20191001-csv/5939#80782828>				<https://panlex.org/snapshot/panlex-20191001-csv/5939#80782668>		"yr Almaen"@cy	
"Anvesse"@wa	<https://panlex.org/snapshot/panlex-20191001-csv/5939#80723384>				<https://panlex.org/snapshot/panlex-20191001-csv/5939#80723313>		"Antwerp"@cy	
"tchinne"@wa	<https://panlex.org/snapshot/panlex-20191001-csv/5939#80792901>				<https://panlex.org/snapshot/panlex-20191001-csv/5939#80792862>		"derwen"@cy	
"fraijhe"@wa	<https://panlex.org/snapshot/panlex-20191001-csv/5939#80802255>				<https://panlex.org/snapshot/panlex-20191001-csv/5939#80802217>		"mefusen"@cy	
"fraijhe"@wa	<https://panlex.org/snapshot/panlex-20191001-csv/5939#80802255>				<https://panlex.org/snapshot/panlex-20191001-csv/5939#80802218>		"syfien"@cy	
"tchawe"@wa	<https://panlex.org/snapshot/panlex-20191001-csv/5939#80786023>				<https://panlex.org/snapshot/panlex-20191001-csv/5939#80785987>		"jac-y-do"@cy	
"Prumire guere daegnrece"@wa	<https://panlex.org/snapshot/panlex-20191001-csv/5939#80804256>				<https://panlex.org/snapshot/panlex-20191001-csv/5939#80804212>		"Y Rhyfel Byd Cyntaf"@cy	
"Andore"@wa	<https://panlex.org/snapshot/panlex-20191001-csv/5939#80718609>				<https://panlex.org/snapshot/panlex-20191001-csv/5939#80718519>		"Andorra"@cy	
"Basse"@wa	<https://panlex.org/snapshot/panlex-20191001-csv/5939#80744513>				<https://panlex.org/snapshot/panlex-20191001-csv/5939#80744464>		"Basg"@cy	
"djoye"@wa	<https://panlex.org/snapshot/panlex-20191001-csv/5939#80822794>				<https://panlex.org/snapshot/panlex-20191001-csv/5939#80822737>		"llawenydd"@cy	
"båze"@wa	<https://panlex.org/snapshot/panlex-20191001-csv/5939#80744112>				<https://panlex.org/snapshot/panlex-20191001-csv/5939#80744058>		"bas"@cy	
"aweur"@wa	<https://panlex.org/snapshot/panlex-20191001-csv/5939#80822795>				<https://panlex.org/snapshot/panlex-20191001-csv/5939#80822737>		"llawenydd"@cy	
"awousse"@wa	<https://panlex.org/snapshot/panlex-20191001-csv/5939#80734679>				<https://panlex.org/snapshot/panlex-20191001-csv/5939#80734585>		"Awst"@cy	
"eucariote"@wa	<https://panlex.org/snapshot/panlex-20191001-csv/5939#80806244>				<https://panlex.org/snapshot/panlex-20191001-csv/5939#80806224>		"ewcaryot"@cy	
"Afrike"@wa	<https://panlex.org/snapshot/panlex-20191001-csv/5939#80708954>				<https://panlex.org/snapshot/panlex-20191001-csv/5939#80708902>		"Affrica"@cy	
"bire"@wa	<https://panlex.org/snapshot/panlex-20191001-csv/5939#80754919>				<https://panlex.org/snapshot/panlex-20191001-csv/5939#80754858>		"cwrw"@cy	
"vinaigue"@wa	<https://panlex.org/snapshot/panlex-20191001-csv/5939#80805370>				<https://panlex.org/snapshot/panlex-20191001-csv/5939#80805323>		"gwinegr"@cy	
"vinaigue"@wa	<https://panlex.org/snapshot/panlex-20191001-csv/5939#80805370>				<https://panlex.org/snapshot/panlex-20191001-csv/5939#80805324>		"finegr"@cy	
"aous'"@wa	<https://panlex.org/snapshot/panlex-20191001-csv/5939#80734680>				<https://panlex.org/snapshot/panlex-20191001-csv/5939#80734585>		"Awst"@cy	
"taesson"@wa	<https://panlex.org/snapshot/panlex-20191001-csv/5939#80777868>				<https://panlex.org/snapshot/panlex-20191001-csv/5939#80777836>		"broch"@cy	
"Anviesse"@wa	<https://panlex.org/snapshot/panlex-20191001-csv/5939#80723385>				<https://panlex.org/snapshot/panlex-20191001-csv/5939#80723313>		"Antwerp"@cy	
"santé"@wa	<https://panlex.org/snapshot/panlex-20191001-csv/5939#80838927>				<https://panlex.org/snapshot/panlex-20191001-csv/5939#80838841>		"iechyd"@cy	
"avri"@wa	<https://panlex.org/snapshot/panlex-20191001-csv/5939#80725406>				<https://panlex.org/snapshot/panlex-20191001-csv/5939#80725321>		"Ebrill"@cy	
"coperis"@wa	<https://panlex.org/snapshot/panlex-20191001-csv/5939#80777575>				<https://panlex.org/snapshot/panlex-20191001-csv/5939#80777541>		"to"@cy	
"francès"@wa	<https://panlex.org/snapshot/panlex-20191001-csv/5939#80821447>				<https://panlex.org/snapshot/panlex-20191001-csv/5939#80821379>		"Ffrangeg"@cy	
"fevrî"@wa	<https://panlex.org/snapshot/panlex-20191001-csv/5939#80811344>				<https://panlex.org/snapshot/panlex-20191001-csv/5939#80811213>		"Chwefror"@cy	
"bulgåre"@wa	<https://panlex.org/snapshot/panlex-20191001-csv/5939#80767758>				<https://panlex.org/snapshot/panlex-20191001-csv/5939#80767709>		"Bwlgaraidd"@cy	
"albanès"@wa	<https://panlex.org/snapshot/panlex-20191001-csv/5939#80712142>				<https://panlex.org/snapshot/panlex-20191001-csv/5939#80712089>		"Albanaidd"@cy	
"almand"@wa	<https://panlex.org/snapshot/panlex-20191001-csv/5939#80782486>				<https://panlex.org/snapshot/panlex-20191001-csv/5939#80782355>		"Almaeneg"@cy	
"diletante"@wa	<https://panlex.org/snapshot/panlex-20191001-csv/5939#80784611>				<https://panlex.org/snapshot/panlex-20191001-csv/5939#80784556>		"amatur"@cy	
"diletante"@wa	<https://panlex.org/snapshot/panlex-20191001-csv/5939#80784611>				<https://panlex.org/snapshot/panlex-20191001-csv/5939#80784555>		"diletant"@cy	
"Afganistan"@wa	<https://panlex.org/snapshot/panlex-20191001-csv/5939#80708887>				<https://panlex.org/snapshot/panlex-20191001-csv/5939#80708812>		"Afghanistan"@cy	
"oidje"@wa	<https://panlex.org/snapshot/panlex-20191001-csv/5946#84443186>				<https://panlex.org/snapshot/panlex-20191001-csv/5946#84443155>		"haidd"@cy	
"oidje"@wa	<https://panlex.org/snapshot/panlex-20191001-csv/5946#84443186>				<https://panlex.org/snapshot/panlex-20191001-csv/5946#84443156>		"barlys"@cy	
"plouve"@wa	<https://panlex.org/snapshot/panlex-20191001-csv/5946#84436406>				<https://panlex.org/snapshot/panlex-20191001-csv/5946#84436267>		"glaw"@cy	
"murwè"@wa	<https://panlex.org/snapshot/panlex-20191001-csv/5946#84446352>				<https://panlex.org/snapshot/panlex-20191001-csv/5946#84446158>		"drych"@cy	
"solé"@wa	<https://panlex.org/snapshot/panlex-20191001-csv/5946#84451499>				<https://panlex.org/snapshot/panlex-20191001-csv/5946#84451387>		"esgidiau"@cy	
"solé"@wa	<https://panlex.org/snapshot/panlex-20191001-csv/5946#84451499>				<https://panlex.org/snapshot/panlex-20191001-csv/5946#84451386>		"esgid"@cy	
"mureû"@wa	<https://panlex.org/snapshot/panlex-20191001-csv/5946#84446351>				<https://panlex.org/snapshot/panlex-20191001-csv/5946#84446158>		"drych"@cy	
"France"@wa	<https://panlex.org/snapshot/panlex-20191001-csv/5949#85323698>				<https://panlex.org/snapshot/panlex-20191001-csv/5949#85323554>		"Ffrainc"@cy	
"Alcoran"@wa	<https://panlex.org/snapshot/panlex-20191001-csv/5949#85313497>				<https://panlex.org/snapshot/panlex-20191001-csv/5949#85313392>		"Coran"@cy	
"Ourougway"@wa	<https://panlex.org/snapshot/panlex-20191001-csv/5949#85322981>				<https://panlex.org/snapshot/panlex-20191001-csv/5949#85322863>		"Wrwgwái"@cy	
"Ourougway"@wa	<https://panlex.org/snapshot/panlex-20191001-csv/5949#85322981>				<https://panlex.org/snapshot/panlex-20191001-csv/5949#85322862>		"Wrwgwai"@cy	
"Ourougway"@wa	<https://panlex.org/snapshot/panlex-20191001-csv/5949#85322981>				<https://panlex.org/snapshot/panlex-20191001-csv/5949#85322861>		"Uruguay"@cy	
"Kazaxhtan"@wa	<https://panlex.org/snapshot/panlex-20191001-csv/5949#85312170>				<https://panlex.org/snapshot/panlex-20191001-csv/5949#85312063>		"Casacstan"@cy	
"awousse"@wa	<https://panlex.org/snapshot/panlex-20191001-csv/5949#85329545>				<https://panlex.org/snapshot/panlex-20191001-csv/5949#85329311>		"Awst"@cy	
"Finlande"@wa	<https://panlex.org/snapshot/panlex-20191001-csv/5949#85323272>				<https://panlex.org/snapshot/panlex-20191001-csv/5949#85323159>		"Y Ffindir"@cy	
"Filipenes"@wa	<https://panlex.org/snapshot/panlex-20191001-csv/5949#85323441>				<https://panlex.org/snapshot/panlex-20191001-csv/5949#85323309>		"Pilipinas"@cy	
"Såme"@wa	<https://panlex.org/snapshot/panlex-20191001-csv/5949#85318977>				<https://panlex.org/snapshot/panlex-20191001-csv/5949#85318921>		"Llyfr y Salmau"@cy	
"Solea"@wa	<https://panlex.org/snapshot/panlex-20191001-csv/5949#85321014>				<https://panlex.org/snapshot/panlex-20191001-csv/5949#85320880>		"Haul"@cy	
"Brussele"@wa	<https://panlex.org/snapshot/panlex-20191001-csv/5949#85303840>				<https://panlex.org/snapshot/panlex-20191001-csv/5949#85303802>		"Brwsel"@cy	
"Rûsseye"@wa	<https://panlex.org/snapshot/panlex-20191001-csv/5949#85319637>				<https://panlex.org/snapshot/panlex-20191001-csv/5949#85319430>		"Rwsia"@cy	
"Moscou ''n''"@wa	<https://panlex.org/snapshot/panlex-20191001-csv/5949#85316057>				<https://panlex.org/snapshot/panlex-20191001-csv/5949#85316005>		"Moskva"@cy	
"Urope"@wa	<https://panlex.org/snapshot/panlex-20191001-csv/5949#85308666>				<https://panlex.org/snapshot/panlex-20191001-csv/5949#85308519>		"Ewrop"@cy	
"Escôsse"@wa	<https://panlex.org/snapshot/panlex-20191001-csv/5949#85325327>				<https://panlex.org/snapshot/panlex-20191001-csv/5949#85325207>		"Yr Alban"@cy	
"Åxhe"@wa	<https://panlex.org/snapshot/panlex-20191001-csv/5949#85297593>				<https://panlex.org/snapshot/panlex-20191001-csv/5949#85297543>		"Aachen"@cy	
"Scôsse"@wa	<https://panlex.org/snapshot/panlex-20191001-csv/5949#85325328>				<https://panlex.org/snapshot/panlex-20191001-csv/5949#85325207>		"Yr Alban"@cy	
"bus"@wa	<https://panlex.org/snapshot/panlex-20191001-csv/5949#85330585>				<https://panlex.org/snapshot/panlex-20191001-csv/5949#85330481>		"bws"@cy	
"Portugal"@wa	<https://panlex.org/snapshot/panlex-20191001-csv/5949#85318865>				<https://panlex.org/snapshot/panlex-20191001-csv/5949#85318783>		"Portiwgal"@cy	
"Djeruzalem"@wa	<https://panlex.org/snapshot/panlex-20191001-csv/5949#85310053>				<https://panlex.org/snapshot/panlex-20191001-csv/5949#85309905>		"Jeriwsalem"@cy	
"Bulgåreye"@wa	<https://panlex.org/snapshot/panlex-20191001-csv/5949#85303375>				<https://panlex.org/snapshot/panlex-20191001-csv/5949#85303319>		"Bwlgaria"@cy	
"Lidje"@wa	<https://panlex.org/snapshot/panlex-20191001-csv/5949#85314872>				<https://panlex.org/snapshot/panlex-20191001-csv/5949#85314806>		"Liège"@cy	
"live"@wa	<https://panlex.org/snapshot/panlex-20191001-csv/5942#83282798>				<https://panlex.org/snapshot/panlex-20191001-csv/5942#83282711>		"llyfr"@cy	
"mer"@wa	<https://panlex.org/snapshot/panlex-20191001-csv/5942#83283290>				<https://panlex.org/snapshot/panlex-20191001-csv/5942#83283193>		"môr"@cy	
"tcheyaedje d' aiwe"@wa	<https://panlex.org/snapshot/panlex-20191001-csv/5942#83279820>				<https://panlex.org/snapshot/panlex-20191001-csv/5942#83279754>		"rhaeadr"@cy	
"fanië"@wa	<https://panlex.org/snapshot/panlex-20191001-csv/5942#83279380>				<https://panlex.org/snapshot/panlex-20191001-csv/5942#83279336>		"mwd"@cy	
"Grek"@wa	<https://panlex.org/snapshot/panlex-20191001-csv/5942#83282021>				<https://panlex.org/snapshot/panlex-20191001-csv/5942#83281982>		"Groeg"@cy	
"putain"@wa	<https://panlex.org/snapshot/panlex-20191001-csv/5943#83369705>				<https://panlex.org/snapshot/panlex-20191001-csv/5943#83369564>		"slebog"@cy	
"putain"@wa	<https://panlex.org/snapshot/panlex-20191001-csv/5943#83369705>				<https://panlex.org/snapshot/panlex-20191001-csv/5943#83369565>		"hwren"@cy	
"putain"@wa	<https://panlex.org/snapshot/panlex-20191001-csv/5943#83369705>				<https://panlex.org/snapshot/panlex-20191001-csv/5943#83369566>		"slwt"@cy	
"putain"@wa	<https://panlex.org/snapshot/panlex-20191001-csv/5943#83369705>				<https://panlex.org/snapshot/panlex-20191001-csv/5943#83369567>		"gast"@cy	
"måss"@wa	<https://panlex.org/snapshot/panlex-20191001-csv/5943#83371863>				<https://panlex.org/snapshot/panlex-20191001-csv/5943#83371799>		"mawrth"@cy	
"nouwadje"@wa	<https://panlex.org/snapshot/panlex-20191001-csv/5943#83399238>				<https://panlex.org/snapshot/panlex-20191001-csv/5943#83399188>		"kwmwl"@cy	
"Finlande"@wa	<https://panlex.org/snapshot/panlex-20191001-csv/5943#83294175>				<https://panlex.org/snapshot/panlex-20191001-csv/5943#83294087>		"Ffindir"@cy	
"Leune"@wa	<https://panlex.org/snapshot/panlex-20191001-csv/611#25802675>				<https://panlex.org/snapshot/panlex-20191001-csv/611#25802590>		"lleuad"@cy	
"Leune"@wa	<https://panlex.org/snapshot/panlex-20191001-csv/611#25802675>				<https://panlex.org/snapshot/panlex-20191001-csv/611#25802589>		"Lleuad"@cy	
"ôtone"@wa	<https://panlex.org/snapshot/panlex-20191001-csv/611#25795707>				<https://panlex.org/snapshot/panlex-20191001-csv/611#25795645>		"hydref"@cy	
"ôtone"@wa	<https://panlex.org/snapshot/panlex-20191001-csv/611#25795789>				<https://panlex.org/snapshot/panlex-20191001-csv/611#25795727>		"hydref"@cy	
"Catalan"@wa	<https://panlex.org/snapshot/panlex-20191001-csv/405#13622395>				<https://panlex.org/snapshot/panlex-20191001-csv/405#13622328>		"Catalaneg"@cy	
"Tibetin"@wa	<https://panlex.org/snapshot/panlex-20191001-csv/405#13632809>				<https://panlex.org/snapshot/panlex-20191001-csv/405#13632782>		"Tibeteg"@cy	
"Famile des lingaedjes sino-tibetins"@wa	<https://panlex.org/snapshot/panlex-20191001-csv/405#13631664>				<https://panlex.org/snapshot/panlex-20191001-csv/405#13631632>		"Ieithoedd Sino-Tibetaidd"@cy	
"Escôswès"@wa	<https://panlex.org/snapshot/panlex-20191001-csv/405#13631220>				<https://panlex.org/snapshot/panlex-20191001-csv/405#13631177>		"Gaeleg yr Alban"@cy	
"Esperanto"@wa	<https://panlex.org/snapshot/panlex-20191001-csv/405#13623822>				<https://panlex.org/snapshot/panlex-20191001-csv/405#13623743>		"Esperanto"@cy	
"Occitan"@wa	<https://panlex.org/snapshot/panlex-20191001-csv/405#13629497>				<https://panlex.org/snapshot/panlex-20191001-csv/405#13629457>		"Ocsitaneg"@cy	
"Chinwès"@wa	<https://panlex.org/snapshot/panlex-20191001-csv/405#13622719>				<https://panlex.org/snapshot/panlex-20191001-csv/405#13622665>		"Tsieinëeg"@cy	
"Walès"@wa	<https://panlex.org/snapshot/panlex-20191001-csv/405#13633853>				<https://panlex.org/snapshot/panlex-20191001-csv/405#13633799>		"Cymraeg"@cy	
"Fôrlan"@wa	<https://panlex.org/snapshot/panlex-20191001-csv/405#13624390>				<https://panlex.org/snapshot/panlex-20191001-csv/405#13624356>		"Ffriŵleg"@cy	
"Suwahili"@wa	<https://panlex.org/snapshot/panlex-20191001-csv/405#13632292>				<https://panlex.org/snapshot/panlex-20191001-csv/405#13632243>		"Swahili"@cy	
"Mawori"@wa	<https://panlex.org/snapshot/panlex-20191001-csv/405#13628413>				<https://panlex.org/snapshot/panlex-20191001-csv/405#13628378>		"Maori"@cy	
"Burton"@wa	<https://panlex.org/snapshot/panlex-20191001-csv/405#13622091>				<https://panlex.org/snapshot/panlex-20191001-csv/405#13622038>		"Llydaweg"@cy	
"Roumantche"@wa	<https://panlex.org/snapshot/panlex-20191001-csv/405#13630639>				<https://panlex.org/snapshot/panlex-20191001-csv/405#13630601>		"Romaunsch"@cy	
"Gayel"@wa	<https://panlex.org/snapshot/panlex-20191001-csv/405#13622494>				<https://panlex.org/snapshot/panlex-20191001-csv/405#13622451>		"Ieithoedd Celtaidd"@cy	
"Latén"@wa	<https://panlex.org/snapshot/panlex-20191001-csv/405#13627543>				<https://panlex.org/snapshot/panlex-20191001-csv/405#13627461>		"Lladin"@cy	
"Maltès"@wa	<https://panlex.org/snapshot/panlex-20191001-csv/405#13628269>				<https://panlex.org/snapshot/panlex-20191001-csv/405#13628221>		"Malteg"@cy	
"Roumin"@wa	<https://panlex.org/snapshot/panlex-20191001-csv/405#13630585>				<https://panlex.org/snapshot/panlex-20191001-csv/405#13630527>		"Rwmaneg"@cy	
"Vietnamyin"@wa	<https://panlex.org/snapshot/panlex-20191001-csv/19#1030189>				<https://panlex.org/snapshot/panlex-20191001-csv/19#1030133>		"Fietmin"@cy	
"Vietnamyin"@wa	<https://panlex.org/snapshot/panlex-20191001-csv/19#1030189>				<https://panlex.org/snapshot/panlex-20191001-csv/19#1030132>		"Fietnameg"@cy	
"Portuguès"@wa	<https://panlex.org/snapshot/panlex-20191001-csv/19#1024093>				<https://panlex.org/snapshot/panlex-20191001-csv/19#1024034>		"Portiwgaleg"@cy	
"Tcheke"@wa	<https://panlex.org/snapshot/panlex-20191001-csv/19#1022612>				<https://panlex.org/snapshot/panlex-20191001-csv/19#1022556>		"Tsieceg"@cy	
"Albanès"@wa	<https://panlex.org/snapshot/panlex-20191001-csv/19#1024688>				<https://panlex.org/snapshot/panlex-20191001-csv/19#1024626>		"Albanaidd"@cy	
"Nepalès"@wa	<https://panlex.org/snapshot/panlex-20191001-csv/19#1025834>				<https://panlex.org/snapshot/panlex-20191001-csv/19#1025814>		"Nepali"@cy	
"Francès"@wa	<https://panlex.org/snapshot/panlex-20191001-csv/19#1023552>				<https://panlex.org/snapshot/panlex-20191001-csv/19#1023493>		"Ffrangeg"@cy	
"Albanyin"@wa	<https://panlex.org/snapshot/panlex-20191001-csv/19#1024689>				<https://panlex.org/snapshot/panlex-20191001-csv/19#1024626>		"Albanaidd"@cy	
"Rûsse"@wa	<https://panlex.org/snapshot/panlex-20191001-csv/9#506400>				<https://panlex.org/snapshot/panlex-20191001-csv/9#506340>		"Rwsieg"@cy	
"Afganistan"@wa	<https://panlex.org/snapshot/panlex-20191001-csv/9#499213>				<https://panlex.org/snapshot/panlex-20191001-csv/9#499147>		"Afghanistan"@cy	
"måwete"@wa	<https://panlex.org/snapshot/panlex-20191001-csv/9#485075>				<https://panlex.org/snapshot/panlex-20191001-csv/9#485045>		"gwylan"@cy	
"echeks"@wa	<https://panlex.org/snapshot/panlex-20191001-csv/9#478091>				<https://panlex.org/snapshot/panlex-20191001-csv/9#478049>		"gwyddbwyll"@cy	
"meûs"@wa	<https://panlex.org/snapshot/panlex-20191001-csv/9#479704>				<https://panlex.org/snapshot/panlex-20191001-csv/9#479641>		"mis"@cy	
"Almagne"@wa	<https://panlex.org/snapshot/panlex-20191001-csv/9#474873>				<https://panlex.org/snapshot/panlex-20191001-csv/9#474761>		"yr Almaen"@cy	
"décimbe"@wa	<https://panlex.org/snapshot/panlex-20191001-csv/9#472923>				<https://panlex.org/snapshot/panlex-20191001-csv/9#472861>		"Rhagfyr"@cy	
"amateur"@wa	<https://panlex.org/snapshot/panlex-20191001-csv/9#477578>				<https://panlex.org/snapshot/panlex-20191001-csv/9#477526>		"amatur"@cy	
"amateur"@wa	<https://panlex.org/snapshot/panlex-20191001-csv/9#477578>				<https://panlex.org/snapshot/panlex-20191001-csv/9#477527>		"diletant"@cy	
"ôle"@wa	<https://panlex.org/snapshot/panlex-20191001-csv/9#480508>				<https://panlex.org/snapshot/panlex-20191001-csv/9#480441>		"olew"@cy	
"setimbe"@wa	<https://panlex.org/snapshot/panlex-20191001-csv/9#473566>				<https://panlex.org/snapshot/panlex-20191001-csv/9#473516>		"medi"@cy	
"Tcheke"@wa	<https://panlex.org/snapshot/panlex-20191001-csv/9#485640>				<https://panlex.org/snapshot/panlex-20191001-csv/9#485587>		"Tsieceg"@cy	
"Crowåte"@wa	<https://panlex.org/snapshot/panlex-20191001-csv/9#486577>				<https://panlex.org/snapshot/panlex-20191001-csv/9#486525>		"Croataidd"@cy	
"almand"@wa	<https://panlex.org/snapshot/panlex-20191001-csv/9#481168>				<https://panlex.org/snapshot/panlex-20191001-csv/9#481101>		"Almaeneg"@cy	
"Walès"@wa	<https://panlex.org/snapshot/panlex-20191001-csv/9#554436>				<https://panlex.org/snapshot/panlex-20191001-csv/9#554404>		"Cymraeg"@cy	
"taesson"@wa	<https://panlex.org/snapshot/panlex-20191001-csv/9#530675>				<https://panlex.org/snapshot/panlex-20191001-csv/9#530652>		"broch"@cy	
"Chinwès"@wa	<https://panlex.org/snapshot/panlex-20191001-csv/9#486510>				<https://panlex.org/snapshot/panlex-20191001-csv/9#486452>		"Tsieineeg"@cy	
"djun"@wa	<https://panlex.org/snapshot/panlex-20191001-csv/9#473330>				<https://panlex.org/snapshot/panlex-20191001-csv/9#473268>		"mehefin"@cy	
"tchawe"@wa	<https://panlex.org/snapshot/panlex-20191001-csv/9#547568>				<https://panlex.org/snapshot/panlex-20191001-csv/9#547532>		"jac-y-do"@cy	
"diccionaire"@wa	<https://panlex.org/snapshot/panlex-20191001-csv/9#479185>				<https://panlex.org/snapshot/panlex-20191001-csv/9#479126>		"geiriadur"@cy	
"cafè"@wa	<https://panlex.org/snapshot/panlex-20191001-csv/9#476761>				<https://panlex.org/snapshot/panlex-20191001-csv/9#476689>		"coffi"@cy	
"aous’"@wa	<https://panlex.org/snapshot/panlex-20191001-csv/9#473501>				<https://panlex.org/snapshot/panlex-20191001-csv/9#473423>		"Awst"@cy	
"Beldjike"@wa	<https://panlex.org/snapshot/panlex-20191001-csv/9#494692>				<https://panlex.org/snapshot/panlex-20191001-csv/9#494636>		"Gwlad Belg"@cy	
"Antigua et Barbuda"@wa	<https://panlex.org/snapshot/panlex-20191001-csv/9#544107>				<https://panlex.org/snapshot/panlex-20191001-csv/9#544041>		"Antigua a Barbuda"@cy	
"Litwaneye"@wa	<https://panlex.org/snapshot/panlex-20191001-csv/9#539851>				<https://panlex.org/snapshot/panlex-20191001-csv/9#539768>		"Lithuania"@cy	
"djate"@wa	<https://panlex.org/snapshot/panlex-20191001-csv/9#477440>				<https://panlex.org/snapshot/panlex-20191001-csv/9#477393>		"cwpan"@cy	
"belorûsse"@wa	<https://panlex.org/snapshot/panlex-20191001-csv/9#486337>				<https://panlex.org/snapshot/panlex-20191001-csv/9#486288>		"Belarwsiyn"@cy	
"Basse"@wa	<https://panlex.org/snapshot/panlex-20191001-csv/9#486098>				<https://panlex.org/snapshot/panlex-20191001-csv/9#486054>		"Basg"@cy	
"Union Uropeyinne"@wa	<https://panlex.org/snapshot/panlex-20191001-csv/9#516421>				<https://panlex.org/snapshot/panlex-20191001-csv/9#516342>		"Undeb Ewropeaidd"@cy	
"aweur"@wa	<https://panlex.org/snapshot/panlex-20191001-csv/9#476915>				<https://panlex.org/snapshot/panlex-20191001-csv/9#476866>		"llawenydd"@cy	
"noûv"@wa	<https://panlex.org/snapshot/panlex-20191001-csv/9#491067>				<https://panlex.org/snapshot/panlex-20191001-csv/9#490939>		"naw"@cy	
"djulete"@wa	<https://panlex.org/snapshot/panlex-20191001-csv/9#473402>				<https://panlex.org/snapshot/panlex-20191001-csv/9#473345>		"Gorffennaf"@cy	
"bire"@wa	<https://panlex.org/snapshot/panlex-20191001-csv/9#483530>				<https://panlex.org/snapshot/panlex-20191001-csv/9#483486>		"cwrw"@cy	
"Aldjereye"@wa	<https://panlex.org/snapshot/panlex-20191001-csv/9#494906>				<https://panlex.org/snapshot/panlex-20191001-csv/9#494870>		"Algeria"@cy	
"té"@wa	<https://panlex.org/snapshot/panlex-20191001-csv/9#476671>				<https://panlex.org/snapshot/panlex-20191001-csv/9#476609>		"te"@cy	
"bulgåre"@wa	<https://panlex.org/snapshot/panlex-20191001-csv/9#486400>				<https://panlex.org/snapshot/panlex-20191001-csv/9#486352>		"Bwlgaraidd"@cy	
"zebe"@wa	<https://panlex.org/snapshot/panlex-20191001-csv/9#478037>				<https://panlex.org/snapshot/panlex-20191001-csv/9#477987>		"sebra"@cy	
"djanvî"@wa	<https://panlex.org/snapshot/panlex-20191001-csv/9#477203>				<https://panlex.org/snapshot/panlex-20191001-csv/9#477150>		"ionawr"@cy	
"djanvî"@wa	<https://panlex.org/snapshot/panlex-20191001-csv/9#472983>				<https://panlex.org/snapshot/panlex-20191001-csv/9#472941>		"ionawr"@cy	
"Mîtrinne Mer"@wa	<https://panlex.org/snapshot/panlex-20191001-csv/9#539691>				<https://panlex.org/snapshot/panlex-20191001-csv/9#539650>		"Môr Canoldir"@cy	
"Bulgåreye"@wa	<https://panlex.org/snapshot/panlex-20191001-csv/9#498239>				<https://panlex.org/snapshot/panlex-20191001-csv/9#498189>		"Bwlgaria"@cy	
"Sint Impire Romin Djermanike"@wa	<https://panlex.org/snapshot/panlex-20191001-csv/9#544543>				<https://panlex.org/snapshot/panlex-20191001-csv/9#544513>		"Ymerodraeth Rufeinig Sanctaidd"@cy	
"avri"@wa	<https://panlex.org/snapshot/panlex-20191001-csv/9#473176>				<https://panlex.org/snapshot/panlex-20191001-csv/9#473106>		"Ebrill"@cy	
"növimbe"@wa	<https://panlex.org/snapshot/panlex-20191001-csv/9#473728>				<https://panlex.org/snapshot/panlex-20191001-csv/9#473664>		"Tachwedd"@cy	
"djoye"@wa	<https://panlex.org/snapshot/panlex-20191001-csv/9#476916>				<https://panlex.org/snapshot/panlex-20191001-csv/9#476866>		"llawenydd"@cy	
"octôbe"@wa	<https://panlex.org/snapshot/panlex-20191001-csv/9#473644>				<https://panlex.org/snapshot/panlex-20191001-csv/9#473583>		"hydref"@cy	
"mårdi"@wa	<https://panlex.org/snapshot/panlex-20191001-csv/9#477345>				<https://panlex.org/snapshot/panlex-20191001-csv/9#477273>		"dydd Mawrth"@cy	
"tåvlea periodike des elemints"@wa	<https://panlex.org/snapshot/panlex-20191001-csv/9#509450>				<https://panlex.org/snapshot/panlex-20191001-csv/9#509399>		"tabl cyfnodol"@cy	
"burton"@wa	<https://panlex.org/snapshot/panlex-20191001-csv/9#486140>				<https://panlex.org/snapshot/panlex-20191001-csv/9#486107>		"Llydaweg"@cy	
"tchinne"@wa	<https://panlex.org/snapshot/panlex-20191001-csv/9#493905>				<https://panlex.org/snapshot/panlex-20191001-csv/9#493868>		"derwen"@cy	
"Afrike"@wa	<https://panlex.org/snapshot/panlex-20191001-csv/9#479433>				<https://panlex.org/snapshot/panlex-20191001-csv/9#479396>		"Affrica"@cy	
"diletante"@wa	<https://panlex.org/snapshot/panlex-20191001-csv/9#477579>				<https://panlex.org/snapshot/panlex-20191001-csv/9#477526>		"amatur"@cy	
"diletante"@wa	<https://panlex.org/snapshot/panlex-20191001-csv/9#477579>				<https://panlex.org/snapshot/panlex-20191001-csv/9#477527>		"diletant"@cy	
"måss"@wa	<https://panlex.org/snapshot/panlex-20191001-csv/9#473087>				<https://panlex.org/snapshot/panlex-20191001-csv/9#473027>		"mawrth"@cy	
"Andore"@wa	<https://panlex.org/snapshot/panlex-20191001-csv/9#526284>				<https://panlex.org/snapshot/panlex-20191001-csv/9#526206>		"Andorra"@cy	
"Daenwès"@wa	<https://panlex.org/snapshot/panlex-20191001-csv/9#486647>				<https://panlex.org/snapshot/panlex-20191001-csv/9#486591>		"Daneg"@cy	
"Ebreu"@wa	<https://panlex.org/snapshot/panlex-20191001-csv/12#870825>				<https://panlex.org/snapshot/panlex-20191001-csv/12#870759>		"Hebraeg"@cy	
"poere"@wa	<https://panlex.org/snapshot/panlex-20191001-csv/12#892742>				<https://panlex.org/snapshot/panlex-20191001-csv/12#892709>		"gellyg"@cy	
"poere"@wa	<https://panlex.org/snapshot/panlex-20191001-csv/12#892782>				<https://panlex.org/snapshot/panlex-20191001-csv/12#892749>		"gellyg"@cy	
"trin"@wa	<https://panlex.org/snapshot/panlex-20191001-csv/12#901937>				<https://panlex.org/snapshot/panlex-20191001-csv/12#901903>		"trên"@cy	
"trin"@wa	<https://panlex.org/snapshot/panlex-20191001-csv/12#901898>				<https://panlex.org/snapshot/panlex-20191001-csv/12#901864>		"trên"@cy	
"Irlandès"@wa	<https://panlex.org/snapshot/panlex-20191001-csv/12#895302>				<https://panlex.org/snapshot/panlex-20191001-csv/12#895242>		"Gwyddeleg"@cy	
"Faerowès"@wa	<https://panlex.org/snapshot/panlex-20191001-csv/12#894432>				<https://panlex.org/snapshot/panlex-20191001-csv/12#894397>		"Ffaroes"@cy	
"Albaneye"@wa	<https://panlex.org/snapshot/panlex-20191001-csv/12#919950>				<https://panlex.org/snapshot/panlex-20191001-csv/12#919865>		"Albania"@cy	
"Frizon"@wa	<https://panlex.org/snapshot/panlex-20191001-csv/12#894717>				<https://panlex.org/snapshot/panlex-20191001-csv/12#894679>		"Ffrisieg"@cy	
"êwe"@wa	<https://panlex.org/snapshot/panlex-20191001-csv/12#851242>				<https://panlex.org/snapshot/panlex-20191001-csv/12#850889>		"dwfr"@cy	
"êwe"@wa	<https://panlex.org/snapshot/panlex-20191001-csv/12#851242>				<https://panlex.org/snapshot/panlex-20191001-csv/12#850888>		"dŵr"@cy	
"cafe"@wa	<https://panlex.org/snapshot/panlex-20191001-csv/12#877306>				<https://panlex.org/snapshot/panlex-20191001-csv/12#877269>		"cafe"@cy	
"grand botike"@wa	<https://panlex.org/snapshot/panlex-20191001-csv/12#930509>				<https://panlex.org/snapshot/panlex-20191001-csv/12#930480>		"archfarchnad"@cy	
"Hindi"@wa	<https://panlex.org/snapshot/panlex-20191001-csv/12#859007>				<https://panlex.org/snapshot/panlex-20191001-csv/12#858952>		"Hindi"@cy	
"Chinwès"@wa	<https://panlex.org/snapshot/panlex-20191001-csv/12#876848>				<https://panlex.org/snapshot/panlex-20191001-csv/12#876780>		"Tseineg"@cy	
"Chinwès"@wa	<https://panlex.org/snapshot/panlex-20191001-csv/12#876848>				<https://panlex.org/snapshot/panlex-20191001-csv/12#876779>		"Tsieineeg"@cy	
"nîvaye"@wa	<https://panlex.org/snapshot/panlex-20191001-csv/12#846902>				<https://panlex.org/snapshot/panlex-20191001-csv/12#846842>		"eira"@cy	
"Maltès"@wa	<https://panlex.org/snapshot/panlex-20191001-csv/12#896182>				<https://panlex.org/snapshot/panlex-20191001-csv/12#896143>		"Malteseg"@cy	
"Albanès"@wa	<https://panlex.org/snapshot/panlex-20191001-csv/12#893979>				<https://panlex.org/snapshot/panlex-20191001-csv/12#893921>		"Albanaidd"@cy	
"Beldjike"@wa	<https://panlex.org/snapshot/panlex-20191001-csv/12#852774>				<https://panlex.org/snapshot/panlex-20191001-csv/12#852681>		"Gwlad Belg"@cy	
"Francès"@wa	<https://panlex.org/snapshot/panlex-20191001-csv/12#845027>				<https://panlex.org/snapshot/panlex-20191001-csv/12#844966>		"Ffrangeg"@cy	
"Taylandès"@wa	<https://panlex.org/snapshot/panlex-20191001-csv/12#904946>				<https://panlex.org/snapshot/panlex-20191001-csv/12#904885>		"Tai"@cy	
"Djeruzalem"@wa	<https://panlex.org/snapshot/panlex-20191001-csv/12#904036>				<https://panlex.org/snapshot/panlex-20191001-csv/12#903993>		"Jeriwsalem"@cy	
"Djeruzalem"@wa	<https://panlex.org/snapshot/panlex-20191001-csv/12#904090>				<https://panlex.org/snapshot/panlex-20191001-csv/12#904047>		"Jeriwsalem"@cy	
"Djeruzalem"@wa	<https://panlex.org/snapshot/panlex-20191001-csv/12#903982>				<https://panlex.org/snapshot/panlex-20191001-csv/12#903939>		"Jeriwsalem"@cy	
"Galicyin"@wa	<https://panlex.org/snapshot/panlex-20191001-csv/12#894463>				<https://panlex.org/snapshot/panlex-20191001-csv/12#894438>		"Galisaidd"@cy	
"Polonès"@wa	<https://panlex.org/snapshot/panlex-20191001-csv/12#896428>				<https://panlex.org/snapshot/panlex-20191001-csv/12#896368>		"Pwyleg"@cy	
"Daenwès"@wa	<https://panlex.org/snapshot/panlex-20191001-csv/12#872328>				<https://panlex.org/snapshot/panlex-20191001-csv/12#872269>		"Daneg"@cy	
"Antartike"@wa	<https://panlex.org/snapshot/panlex-20191001-csv/12#902235>				<https://panlex.org/snapshot/panlex-20191001-csv/12#902193>		"Antarctica"@cy	
"Almand"@wa	<https://panlex.org/snapshot/panlex-20191001-csv/12#849710>				<https://panlex.org/snapshot/panlex-20191001-csv/12#849639>		"Almaeneg"@cy	
"Suwedwès"@wa	<https://panlex.org/snapshot/panlex-20191001-csv/12#872240>				<https://panlex.org/snapshot/panlex-20191001-csv/12#872180>		"Swedeg"@cy	
"Burton"@wa	<https://panlex.org/snapshot/panlex-20191001-csv/12#894105>				<https://panlex.org/snapshot/panlex-20191001-csv/12#894070>		"Llydaweg"@cy	
"Rûsse"@wa	<https://panlex.org/snapshot/panlex-20191001-csv/12#897617>				<https://panlex.org/snapshot/panlex-20191001-csv/12#897551>		"Rwsieg"@cy	
"Castiyan"@wa	<https://panlex.org/snapshot/panlex-20191001-csv/12#869782>				<https://panlex.org/snapshot/panlex-20191001-csv/12#869717>		"Sbaeneg"@cy	
"peme"@wa	<https://panlex.org/snapshot/panlex-20191001-csv/12#862864>				<https://panlex.org/snapshot/panlex-20191001-csv/12#862831>		"afal"@cy	
"Eslovenyin"@wa	<https://panlex.org/snapshot/panlex-20191001-csv/12#904744>				<https://panlex.org/snapshot/panlex-20191001-csv/12#904683>		"Slofenia"@cy	
"Nepalès"@wa	<https://panlex.org/snapshot/panlex-20191001-csv/12#896210>				<https://panlex.org/snapshot/panlex-20191001-csv/12#896185>		"Nepali"@cy	
"Finlande"@wa	<https://panlex.org/snapshot/panlex-20191001-csv/12#852859>				<https://panlex.org/snapshot/panlex-20191001-csv/12#852791>		"Y Ffindir"@cy	
"Hongrwès"@wa	<https://panlex.org/snapshot/panlex-20191001-csv/12#894540>				<https://panlex.org/snapshot/panlex-20191001-csv/12#894478>		"Hwngareg"@cy	
"Hongrwès"@wa	<https://panlex.org/snapshot/panlex-20191001-csv/12#897751>				<https://panlex.org/snapshot/panlex-20191001-csv/12#897689>		"Hwngareg"@cy	
"Rûsseye"@wa	<https://panlex.org/snapshot/panlex-20191001-csv/12#871387>				<https://panlex.org/snapshot/panlex-20191001-csv/12#871318>		"Rwsia"@cy	
"Bulgåre"@wa	<https://panlex.org/snapshot/panlex-20191001-csv/12#894240>				<https://panlex.org/snapshot/panlex-20191001-csv/12#894190>		"Bwlgaraidd"@cy	
"Cornike"@wa	<https://panlex.org/snapshot/panlex-20191001-csv/12#908712>				<https://panlex.org/snapshot/panlex-20191001-csv/12#908691>		"Cernyweg"@cy	
"Bielorûsse"@wa	<https://panlex.org/snapshot/panlex-20191001-csv/12#894175>				<https://panlex.org/snapshot/panlex-20191001-csv/12#894117>		"Belarwsiyn"@cy	
"Faeroyès"@wa	<https://panlex.org/snapshot/panlex-20191001-csv/12#894433>				<https://panlex.org/snapshot/panlex-20191001-csv/12#894397>		"Ffaroes"@cy	
"way"@wa	<https://panlex.org/snapshot/panlex-20191001-csv/12#858599>				<https://panlex.org/snapshot/panlex-20191001-csv/12#858545>		"ie"@cy	
"Portuguès"@wa	<https://panlex.org/snapshot/panlex-20191001-csv/12#872603>				<https://panlex.org/snapshot/panlex-20191001-csv/12#872543>		"Portiwgaleg"@cy	
"Crowåte"@wa	<https://panlex.org/snapshot/panlex-20191001-csv/12#894317>				<https://panlex.org/snapshot/panlex-20191001-csv/12#894258>		"Croataidd"@cy	
"Tagalog"@wa	<https://panlex.org/snapshot/panlex-20191001-csv/12#904543>				<https://panlex.org/snapshot/panlex-20191001-csv/12#904514>		"Tagalog"@cy	
"Tcheke"@wa	<https://panlex.org/snapshot/panlex-20191001-csv/12#894389>				<https://panlex.org/snapshot/panlex-20191001-csv/12#894331>		"Tsieceg"@cy	
"Gayel des Cornouwayes"@wa	<https://panlex.org/snapshot/panlex-20191001-csv/12#908713>				<https://panlex.org/snapshot/panlex-20191001-csv/12#908691>		"Cernyweg"@cy	
"Pundjabi"@wa	<https://panlex.org/snapshot/panlex-20191001-csv/12#909500>				<https://panlex.org/snapshot/panlex-20191001-csv/12#909467>		"Pwnjabi"@cy	
"Goudjarati"@wa	<https://panlex.org/snapshot/panlex-20191001-csv/12#894623>				<https://panlex.org/snapshot/panlex-20191001-csv/12#894589>		"Gwjarati"@cy	
"vénrdi"@wa	<https://panlex.org/snapshot/panlex-20191001-csv/12#857367>				<https://panlex.org/snapshot/panlex-20191001-csv/12#857302>		"dydd Gwener"@cy	
"Litwanyin"@wa	<https://panlex.org/snapshot/panlex-20191001-csv/12#895903>				<https://panlex.org/snapshot/panlex-20191001-csv/12#895844>		"Lithwaneg"@cy	
"Indonezyin"@wa	<https://panlex.org/snapshot/panlex-20191001-csv/12#895761>				<https://panlex.org/snapshot/panlex-20191001-csv/12#895703>		"Indonesieg"@cy	
"Albanyin"@wa	<https://panlex.org/snapshot/panlex-20191001-csv/12#893980>				<https://panlex.org/snapshot/panlex-20191001-csv/12#893921>		"Albanaidd"@cy	
"Oucrinnyin"@wa	<https://panlex.org/snapshot/panlex-20191001-csv/12#896760>				<https://panlex.org/snapshot/panlex-20191001-csv/12#896699>		"Iwcranaidd"@cy	
"Belorûsse"@wa	<https://panlex.org/snapshot/panlex-20191001-csv/12#894174>				<https://panlex.org/snapshot/panlex-20191001-csv/12#894117>		"Belarwsiyn"@cy	
"Macedonyin"@wa	<https://panlex.org/snapshot/panlex-20191001-csv/12#895986>				<https://panlex.org/snapshot/panlex-20191001-csv/12#895938>		"Macedoneg"@cy	
"Eslovake"@wa	<https://panlex.org/snapshot/panlex-20191001-csv/12#904670>				<https://panlex.org/snapshot/panlex-20191001-csv/12#904614>		"Slofac"@cy	
"Vietnamyin"@wa	<https://panlex.org/snapshot/panlex-20191001-csv/12#907740>				<https://panlex.org/snapshot/panlex-20191001-csv/12#907681>		"Fietmin"@cy	
"Vietnamyin"@wa	<https://panlex.org/snapshot/panlex-20191001-csv/12#907740>				<https://panlex.org/snapshot/panlex-20191001-csv/12#907680>		"Fietnameg"@cy	
"Suwahili"@wa	<https://panlex.org/snapshot/panlex-20191001-csv/12#904601>				<https://panlex.org/snapshot/panlex-20191001-csv/12#904553>		"Swahili"@cy	
"Itålyin"@wa	<https://panlex.org/snapshot/panlex-20191001-csv/12#894862>				<https://panlex.org/snapshot/panlex-20191001-csv/12#894799>		"Eidaleg"@cy	
"Roumin"@wa	<https://panlex.org/snapshot/panlex-20191001-csv/12#896602>				<https://panlex.org/snapshot/panlex-20191001-csv/12#896547>		"Rwmaneg"@cy	
"Occitan"@wa	<https://panlex.org/snapshot/panlex-20191001-csv/12#896332>				<https://panlex.org/snapshot/panlex-20191001-csv/12#896296>		"Ocitan"@cy	
"aiwe"@wa	<https://panlex.org/snapshot/panlex-20191001-csv/12#851241>				<https://panlex.org/snapshot/panlex-20191001-csv/12#850889>		"dwfr"@cy	
"aiwe"@wa	<https://panlex.org/snapshot/panlex-20191001-csv/12#851241>				<https://panlex.org/snapshot/panlex-20191001-csv/12#850888>		"dŵr"@cy	
"Roumaneye"@wa	<https://panlex.org/snapshot/panlex-20191001-csv/12#896687>				<https://panlex.org/snapshot/panlex-20191001-csv/12#896621>		"Rwmania"@cy	
"nez"@wa	<https://panlex.org/snapshot/panlex-20191001-csv/12#871587>				<https://panlex.org/snapshot/panlex-20191001-csv/12#871499>		"trwyn"@cy	
"Crowåceye"@wa	<https://panlex.org/snapshot/panlex-20191001-csv/12#908366>				<https://panlex.org/snapshot/panlex-20191001-csv/12#908281>		"Croatia"@cy	
"Malay"@wa	<https://panlex.org/snapshot/panlex-20191001-csv/12#896060>				<https://panlex.org/snapshot/panlex-20191001-csv/12#895998>		"Malai"@cy	
"Turk"@wa	<https://panlex.org/snapshot/panlex-20191001-csv/12#850819>				<https://panlex.org/snapshot/panlex-20191001-csv/12#850756>		"Twrceg"@cy	
"Letonyin"@wa	<https://panlex.org/snapshot/panlex-20191001-csv/12#895828>				<https://panlex.org/snapshot/panlex-20191001-csv/12#895773>		"Latfieg"@cy	
"Ouzbeke"@wa	<https://panlex.org/snapshot/panlex-20191001-csv/12#915616>				<https://panlex.org/snapshot/panlex-20191001-csv/12#915581>		"Usbec"@cy	
"Lussimbork"@wa	<https://panlex.org/snapshot/panlex-20191001-csv/12#917982>				<https://panlex.org/snapshot/panlex-20191001-csv/12#917917>		"Lwcsembwrg"@cy	
"Tamoul"@wa	<https://panlex.org/snapshot/panlex-20191001-csv/12#904984>				<https://panlex.org/snapshot/panlex-20191001-csv/12#904951>		"Tamoul"@cy	
"djeyografeye"@wa	<https://panlex.org/snapshot/panlex-20191001-csv/2904#111022659>				<https://panlex.org/snapshot/panlex-20191001-csv/2904#111022705>		"daearyddiaeth"@cy	
"istwere"@wa	<https://panlex.org/snapshot/panlex-20191001-csv/2904#111023044>				<https://panlex.org/snapshot/panlex-20191001-csv/2904#111022979>		"hanes"@cy	
"astronomeye"@wa	<https://panlex.org/snapshot/panlex-20191001-csv/2904#111021989>				<https://panlex.org/snapshot/panlex-20191001-csv/2904#111021917>		"seryddiaeth"@cy	
"filozofeye"@wa	<https://panlex.org/snapshot/panlex-20191001-csv/2904#111023824>				<https://panlex.org/snapshot/panlex-20191001-csv/2904#111023900>		"athroniaeth"@cy	
"syince"@wa	<https://panlex.org/snapshot/panlex-20191001-csv/2904#111024191>				<https://panlex.org/snapshot/panlex-20191001-csv/2904#111024376>		"gwyddoniaeth"@cy	
"linwistike"@wa	<https://panlex.org/snapshot/panlex-20191001-csv/2904#111023298>				<https://panlex.org/snapshot/panlex-20191001-csv/2904#111023158>		"ieithyddiaeth"@cy	
"univiersité"@wa	<https://panlex.org/snapshot/panlex-20191001-csv/2904#111024611>				<https://panlex.org/snapshot/panlex-20191001-csv/2904#111024642>		"prifysgol"@cy	
"medcene"@wa	<https://panlex.org/snapshot/panlex-20191001-csv/2904#111023616>				<https://panlex.org/snapshot/panlex-20191001-csv/2904#111023706>		"meddygaeth"@cy	
"linwince"@wa	<https://panlex.org/snapshot/panlex-20191001-csv/2904#111023278>				<https://panlex.org/snapshot/panlex-20191001-csv/2904#111023158>		"ieithyddiaeth"@cy	
"Ceke polaire artike"@wa	<https://panlex.org/snapshot/panlex-20191001-csv/2910#110854801>				<https://panlex.org/snapshot/panlex-20191001-csv/2910#110854734>		"Cylch yr Arctig"@cy	
"Ecwåteur"@wa	<https://panlex.org/snapshot/panlex-20191001-csv/2910#110855134>				<https://panlex.org/snapshot/panlex-20191001-csv/2910#110855182>		"Cyhydedd"@cy	
"Tropike do capricoine"@wa	<https://panlex.org/snapshot/panlex-20191001-csv/2910#110855344>				<https://panlex.org/snapshot/panlex-20191001-csv/2910#110855361>		"Trofan yr Afr"@cy	
"Pôle Sud"@wa	<https://panlex.org/snapshot/panlex-20191001-csv/2910#110855662>				<https://panlex.org/snapshot/panlex-20191001-csv/2910#110855686>		"Pegwn y De"@cy	
"Ceke polaire antartike"@wa	<https://panlex.org/snapshot/panlex-20191001-csv/2910#110855455>				<https://panlex.org/snapshot/panlex-20191001-csv/2910#110855524>		"Cylch yr Antarctig"@cy	
"Pôle Nôr"@wa	<https://panlex.org/snapshot/panlex-20191001-csv/2910#110854570>				<https://panlex.org/snapshot/panlex-20191001-csv/2910#110854654>		"Pegwn y Gogledd"@cy	
"Tropike del Crantche"@wa	<https://panlex.org/snapshot/panlex-20191001-csv/2910#110855019>				<https://panlex.org/snapshot/panlex-20191001-csv/2910#110854922>		"Trofan Cancr"@cy	
"påye"@wa	<https://panlex.org/snapshot/panlex-20191001-csv/2902#111011992>				<https://panlex.org/snapshot/panlex-20191001-csv/2902#111012268>		"heddwch"@cy	
"Ufrate"@wa	<https://panlex.org/snapshot/panlex-20191001-csv/2903#110872303>				<https://panlex.org/snapshot/panlex-20191001-csv/2903#110872264>		"Ewffrates"@cy	
"Yangtzé"@wa	<https://panlex.org/snapshot/panlex-20191001-csv/2903#110873745>				<https://panlex.org/snapshot/panlex-20191001-csv/2903#110873668>		"Yangtze"@cy	
"Djordin"@wa	<https://panlex.org/snapshot/panlex-20191001-csv/2903#110872586>				<https://panlex.org/snapshot/panlex-20191001-csv/2903#110872626>		"Afon Iorddonen"@cy	
"Mer Mediteranêye"@wa	<https://panlex.org/snapshot/panlex-20191001-csv/2905#110870378>				<https://panlex.org/snapshot/panlex-20191001-csv/2905#110870353>		"Y Môr Canoldir"@cy	
"Moite Mer"@wa	<https://panlex.org/snapshot/panlex-20191001-csv/2905#110869894>				<https://panlex.org/snapshot/panlex-20191001-csv/2905#110869951>		"Y Môr Marw"@cy	
"Mer do Nôr"@wa	<https://panlex.org/snapshot/panlex-20191001-csv/2905#110870684>				<https://panlex.org/snapshot/panlex-20191001-csv/2905#110870591>		"Môr y Gogledd"@cy	
"Moite Aiwe"@wa	<https://panlex.org/snapshot/panlex-20191001-csv/2905#110870017>				<https://panlex.org/snapshot/panlex-20191001-csv/2905#110869951>		"Y Môr Marw"@cy	
"Stroet d’ Djibraltar"@wa	<https://panlex.org/snapshot/panlex-20191001-csv/2905#110871268>				<https://panlex.org/snapshot/panlex-20191001-csv/2905#110871136>		"Culfor Gibraltar"@cy	
"Noere Mer"@wa	<https://panlex.org/snapshot/panlex-20191001-csv/2905#110869219>				<https://panlex.org/snapshot/panlex-20191001-csv/2905#110869107>		"Y Môr Du"@cy	
"Blanke Mer"@wa	<https://panlex.org/snapshot/panlex-20191001-csv/2905#110871316>				<https://panlex.org/snapshot/panlex-20191001-csv/2905#110871313>		"Y Môr Gwyn"@cy	
"Mîtrinne Mer"@wa	<https://panlex.org/snapshot/panlex-20191001-csv/2905#110870489>				<https://panlex.org/snapshot/panlex-20191001-csv/2905#110870353>		"Y Môr Canoldir"@cy	
"Djaene Mer"@wa	<https://panlex.org/snapshot/panlex-20191001-csv/2905#110871574>				<https://panlex.org/snapshot/panlex-20191001-csv/2905#110871611>		"Y Môr Melyn"@cy	
"Mer Baltike"@wa	<https://panlex.org/snapshot/panlex-20191001-csv/2905#110868831>				<https://panlex.org/snapshot/panlex-20191001-csv/2905#110868847>		"Y Môr Baltig"@cy	
"Mer Caspyinne"@wa	<https://panlex.org/snapshot/panlex-20191001-csv/2905#110869666>				<https://panlex.org/snapshot/panlex-20191001-csv/2905#110869635>		"Môr Caspia"@cy	
"Rodje Mer"@wa	<https://panlex.org/snapshot/panlex-20191001-csv/2905#110870970>				<https://panlex.org/snapshot/panlex-20191001-csv/2905#110870995>		"Y Môr Coch"@cy	
"Måss"@wa	<https://panlex.org/snapshot/panlex-20191001-csv/2907#110846135>				<https://panlex.org/snapshot/panlex-20191001-csv/2907#110846054>		"Mawrth"@cy	
"Mierkeure"@wa	<https://panlex.org/snapshot/panlex-20191001-csv/2907#110845099>				<https://panlex.org/snapshot/panlex-20191001-csv/2907#110845158>		"Mercher"@cy	
"Makemake"@wa	<https://panlex.org/snapshot/panlex-20191001-csv/2907#110847621>				<https://panlex.org/snapshot/panlex-20191001-csv/2907#110847771>		"Makemake"@cy	
"Nûton"@wa	<https://panlex.org/snapshot/panlex-20191001-csv/2907#110847128>				<https://panlex.org/snapshot/panlex-20191001-csv/2907#110847111>		"Neifion"@cy	
"Uranusse"@wa	<https://panlex.org/snapshot/panlex-20191001-csv/2907#110846837>				<https://panlex.org/snapshot/panlex-20191001-csv/2907#110846968>		"Wranws"@cy	
"ôte nén"@wa	<https://panlex.org/snapshot/panlex-20191001-csv/2907#110847998>				<https://panlex.org/snapshot/panlex-20191001-csv/2907#110848102>		"planed gorrach"@cy	
"Lune"@wa	<https://panlex.org/snapshot/panlex-20191001-csv/2907#110845813>				<https://panlex.org/snapshot/panlex-20191001-csv/2907#110845764>		"Lleuad"@cy	
"Voye Sint-Djåke"@wa	<https://panlex.org/snapshot/panlex-20191001-csv/2907#110848704>				<https://panlex.org/snapshot/panlex-20191001-csv/2907#110848891>		"Llwybr Llaethog"@cy	
"Voye Sint-Djåke"@wa	<https://panlex.org/snapshot/panlex-20191001-csv/2907#110848704>				<https://panlex.org/snapshot/panlex-20191001-csv/2907#110848851>		"Caer Wydion"@cy	
"Solea"@wa	<https://panlex.org/snapshot/panlex-20191001-csv/2907#110845017>				<https://panlex.org/snapshot/panlex-20191001-csv/2907#110844978>		"Haul"@cy	
"Eriss"@wa	<https://panlex.org/snapshot/panlex-20191001-csv/2907#110847854>				<https://panlex.org/snapshot/panlex-20191001-csv/2907#110847834>		"Eris"@cy	
"Venusse"@wa	<https://panlex.org/snapshot/panlex-20191001-csv/2907#110845402>				<https://panlex.org/snapshot/panlex-20191001-csv/2907#110845320>		"Gwener"@cy	
"Djupiter"@wa	<https://panlex.org/snapshot/panlex-20191001-csv/2907#110846371>				<https://panlex.org/snapshot/panlex-20191001-csv/2907#110846508>		"Iau"@cy	
"Haumea"@wa	<https://panlex.org/snapshot/panlex-20191001-csv/2907#110847533>				<https://panlex.org/snapshot/panlex-20191001-csv/2907#110847519>		"Haumea"@cy	
"Pluton"@wa	<https://panlex.org/snapshot/panlex-20191001-csv/2907#110847228>				<https://panlex.org/snapshot/panlex-20191001-csv/2907#110847340>		"Plwton"@cy	
"Satûne"@wa	<https://panlex.org/snapshot/panlex-20191001-csv/2907#110846619>				<https://panlex.org/snapshot/panlex-20191001-csv/2907#110846677>		"Sadwrn"@cy	
"Tere"@wa	<https://panlex.org/snapshot/panlex-20191001-csv/2907#110845696>				<https://panlex.org/snapshot/panlex-20191001-csv/2907#110845597>		"Ddaear"@cy	
"Ceres"@wa	<https://panlex.org/snapshot/panlex-20191001-csv/2907#110846197>				<https://panlex.org/snapshot/panlex-20191001-csv/2907#110846212>		"Ceres"@cy	
"Sistinme solrece"@wa	<https://panlex.org/snapshot/panlex-20191001-csv/2907#110848205>				<https://panlex.org/snapshot/panlex-20191001-csv/2907#110848194>		"Cysawd yr Haul"@cy	
"Oceyan Atlantike"@wa	<https://panlex.org/snapshot/panlex-20191001-csv/2901#110867543>				<https://panlex.org/snapshot/panlex-20191001-csv/2901#110867431>		"Cefnfor Iwerydd"@cy	
"Oceyan Atlantike"@wa	<https://panlex.org/snapshot/panlex-20191001-csv/2901#110867543>				<https://panlex.org/snapshot/panlex-20191001-csv/2901#110867571>		"Môr Iwerydd"@cy	
"Oceyan Antartike"@wa	<https://panlex.org/snapshot/panlex-20191001-csv/2901#110868220>				<https://panlex.org/snapshot/panlex-20191001-csv/2901#110868268>		"Cefnfor y De"@cy	
"Oceyan Antartike"@wa	<https://panlex.org/snapshot/panlex-20191001-csv/2901#110868220>				<https://panlex.org/snapshot/panlex-20191001-csv/2901#110868392>		"Cefnfor Antarctig"@cy	
"Oceyan Pacifike"@wa	<https://panlex.org/snapshot/panlex-20191001-csv/2901#110868008>				<https://panlex.org/snapshot/panlex-20191001-csv/2901#110867864>		"Cefnfor Tawel"@cy	
"Oceyan Pacifike"@wa	<https://panlex.org/snapshot/panlex-20191001-csv/2901#110868008>				<https://panlex.org/snapshot/panlex-20191001-csv/2901#110868050>		"Môr Tawel"@cy	
"Oceyan Indyin"@wa	<https://panlex.org/snapshot/panlex-20191001-csv/2901#110867862>				<https://panlex.org/snapshot/panlex-20191001-csv/2901#110867778>		"Cefnfor India"@cy	
"Oceyan Artike"@wa	<https://panlex.org/snapshot/panlex-20191001-csv/2901#110867271>				<https://panlex.org/snapshot/panlex-20191001-csv/2901#110867168>		"Cefnfor Arctig"@cy	
"Timpe d’ Artemisse a Efeze"@wa	<https://panlex.org/snapshot/panlex-20191001-csv/2908#111114017>				<https://panlex.org/snapshot/panlex-20191001-csv/2908#111114010>		"Teml Artemis"@cy	
"Set merveyes do Monde"@wa	<https://panlex.org/snapshot/panlex-20191001-csv/2908#111114572>				<https://panlex.org/snapshot/panlex-20191001-csv/2908#111114551>		"Saith Rhyfeddod yr Hen Fyd"@cy	
"Li Piramide di Chéops"@wa	<https://panlex.org/snapshot/panlex-20191001-csv/2908#111113780>				<https://panlex.org/snapshot/panlex-20191001-csv/2908#111113787>		"Pyramidau yr Aifft"@cy	
"Les pindous djårdéns d’ Babilone"@wa	<https://panlex.org/snapshot/panlex-20191001-csv/2908#111113947>				<https://panlex.org/snapshot/panlex-20191001-csv/2908#111113937>		"Gerddi Crog Babilon"@cy	
"Li fåre d’ Alegzandreye"@wa	<https://panlex.org/snapshot/panlex-20191001-csv/2908#111114511>				<https://panlex.org/snapshot/panlex-20191001-csv/2908#111114415>		"Pharos Alecsandria"@cy	
"Li grand foirt ome di Rode"@wa	<https://panlex.org/snapshot/panlex-20191001-csv/2908#111114393>				<https://panlex.org/snapshot/panlex-20191001-csv/2908#111114347>		"Colossus Rhodes"@cy	
"Posteure di Zeus a Olimpeye"@wa	<https://panlex.org/snapshot/panlex-20191001-csv/2908#111114089>				<https://panlex.org/snapshot/panlex-20191001-csv/2908#111114103>		"Cerflun Zeus"@cy	
"Mozolêye d’ Halicarnasse"@wa	<https://panlex.org/snapshot/panlex-20191001-csv/2908#111114270>				<https://panlex.org/snapshot/panlex-20191001-csv/2908#111114275>		"Mausoleum Halicarnassus"@cy	
"Tchårlumagne"@wa	<https://panlex.org/snapshot/panlex-20191001-csv/2906#111019613>				<https://panlex.org/snapshot/panlex-20191001-csv/2906#111019644>		"Siarlymaen"@cy	
"Adan ey Eve"@wa	<https://panlex.org/snapshot/panlex-20191001-csv/2906#111019124>				<https://panlex.org/snapshot/panlex-20191001-csv/2906#111019157>		"Adda ac Efa"@cy	
"Platon"@wa	<https://panlex.org/snapshot/panlex-20191001-csv/2906#111020854>				<https://panlex.org/snapshot/panlex-20191001-csv/2906#111020794>		"Plato"@cy	
"Tchåle li Grand"@wa	<https://panlex.org/snapshot/panlex-20191001-csv/2906#111019637>				<https://panlex.org/snapshot/panlex-20191001-csv/2906#111019644>		"Siarlymaen"@cy	
"Socrate"@wa	<https://panlex.org/snapshot/panlex-20191001-csv/2906#111021291>				<https://panlex.org/snapshot/panlex-20191001-csv/2906#111021241>		"Socrates"@cy	
"Djule Cezår"@wa	<https://panlex.org/snapshot/panlex-20191001-csv/2906#111020592>				<https://panlex.org/snapshot/panlex-20191001-csv/2906#111020667>		"Iŵl Cesar"@cy	
"Rominne"@wa	<https://panlex.org/snapshot/panlex-20191001-csv/8#432091>				<https://panlex.org/snapshot/panlex-20191001-csv/8#432046>		"Ymerodraeth"@cy	
"Pundjabi"@wa	<https://panlex.org/snapshot/panlex-20191001-csv/8#299054>				<https://panlex.org/snapshot/panlex-20191001-csv/8#299019>		"Pwnjabi"@cy	
"Rûsseye"@wa	<https://panlex.org/snapshot/panlex-20191001-csv/8#131550>				<https://panlex.org/snapshot/panlex-20191001-csv/8#131467>		"Rwsia"@cy	
"deus"@wa	<https://panlex.org/snapshot/panlex-20191001-csv/8#107453>				<https://panlex.org/snapshot/panlex-20191001-csv/8#107338>		"dau"@cy	
"deus"@wa	<https://panlex.org/snapshot/panlex-20191001-csv/8#107453>				<https://panlex.org/snapshot/panlex-20191001-csv/8#107339>		"dwy"@cy	
"årmenyin"@wa	<https://panlex.org/snapshot/panlex-20191001-csv/5#28796>				<https://panlex.org/snapshot/panlex-20191001-csv/5#28721>		"Armeneg"@cy	
"maltès"@wa	<https://panlex.org/snapshot/panlex-20191001-csv/5#25025>				<https://panlex.org/snapshot/panlex-20191001-csv/5#24947>		"Malteg"@cy	
"catalan"@wa	<https://panlex.org/snapshot/panlex-20191001-csv/5#27572>				<https://panlex.org/snapshot/panlex-20191001-csv/5#27494>		"Catalaneg"@cy	
"walès"@wa	<https://panlex.org/snapshot/panlex-20191001-csv/5#23391>				<https://panlex.org/snapshot/panlex-20191001-csv/5#23318>		"Cymraeg"@cy	
"gayelike escôswès"@wa	<https://panlex.org/snapshot/panlex-20191001-csv/5#24513>				<https://panlex.org/snapshot/panlex-20191001-csv/5#24439>		"Gaeleg yr Alban"@cy	
"Finlande"@wa	<https://panlex.org/snapshot/panlex-20191001-csv/10#760710>				<https://panlex.org/snapshot/panlex-20191001-csv/10#760643>		"Y Ffindir"@cy	
"goudjarati"@wa	<https://panlex.org/snapshot/panlex-20191001-csv/10#572168>				<https://panlex.org/snapshot/panlex-20191001-csv/10#572137>		"Gwjarati"@cy	
"leu"@wa	<https://panlex.org/snapshot/panlex-20191001-csv/10#620371>				<https://panlex.org/snapshot/panlex-20191001-csv/10#620326>		"blaidd"@cy	
"Daegne"@wa	<https://panlex.org/snapshot/panlex-20191001-csv/10#581068>				<https://panlex.org/snapshot/panlex-20191001-csv/10#580981>		"Daear"@cy	
"Daenmåtche"@wa	<https://panlex.org/snapshot/panlex-20191001-csv/10#574017>				<https://panlex.org/snapshot/panlex-20191001-csv/10#573867>		"Denmarc"@cy	
"Chîpe"@wa	<https://panlex.org/snapshot/panlex-20191001-csv/10#760341>				<https://panlex.org/snapshot/panlex-20191001-csv/10#760252>		"Cyprus"@cy	
"nouwadje"@wa	<https://panlex.org/snapshot/panlex-20191001-csv/15#957177>				<https://panlex.org/snapshot/panlex-20191001-csv/15#957121>		"kwmwl"@cy	
"måss"@wa	<https://panlex.org/snapshot/panlex-20191001-csv/15#953327>				<https://panlex.org/snapshot/panlex-20191001-csv/15#953259>		"mawrth"@cy	
"Moscou"@wa	<https://panlex.org/snapshot/panlex-20191001-csv/11#789200>				<https://panlex.org/snapshot/panlex-20191001-csv/11#789157>		"Moskva"@cy	
"tchet"@wa	<https://panlex.org/snapshot/panlex-20191001-csv/11#795694>				<https://panlex.org/snapshot/panlex-20191001-csv/11#795598>		"cath"@cy	
"måss"@wa	<https://panlex.org/snapshot/panlex-20191001-csv/11#789064>				<https://panlex.org/snapshot/panlex-20191001-csv/11#789000>		"mawrth"@cy	
"bire"@wa	<https://panlex.org/snapshot/panlex-20191001-csv/11#791807>				<https://panlex.org/snapshot/panlex-20191001-csv/11#791757>		"cwrw"@cy	
"aiwe"@wa	<https://panlex.org/snapshot/panlex-20191001-csv/11#787771>				<https://panlex.org/snapshot/panlex-20191001-csv/11#787531>		"dwfr"@cy	
"aiwe"@wa	<https://panlex.org/snapshot/panlex-20191001-csv/11#787771>				<https://panlex.org/snapshot/panlex-20191001-csv/11#787530>		"dŵr"@cy	
"Brussele"@wa	<https://panlex.org/snapshot/panlex-20191001-csv/11#829641>				<https://panlex.org/snapshot/panlex-20191001-csv/11#829603>		"Brwsel"@cy	
"peme"@wa	<https://panlex.org/snapshot/panlex-20191001-csv/11#789524>				<https://panlex.org/snapshot/panlex-20191001-csv/11#789444>		"afal"@cy	
"êwe"@wa	<https://panlex.org/snapshot/panlex-20191001-csv/11#787772>				<https://panlex.org/snapshot/panlex-20191001-csv/11#787531>		"dwfr"@cy	
"êwe"@wa	<https://panlex.org/snapshot/panlex-20191001-csv/11#787772>				<https://panlex.org/snapshot/panlex-20191001-csv/11#787530>		"dŵr"@cy	
"Albanyin"@wa	<https://panlex.org/snapshot/panlex-20191001-csv/13#950035>				<https://panlex.org/snapshot/panlex-20191001-csv/13#949980>		"Albanaidd"@cy	
"Almand"@wa	<https://panlex.org/snapshot/panlex-20191001-csv/13#944697>				<https://panlex.org/snapshot/panlex-20191001-csv/13#944632>		"Almaeneg"@cy	
"Albanès"@wa	<https://panlex.org/snapshot/panlex-20191001-csv/13#950034>				<https://panlex.org/snapshot/panlex-20191001-csv/13#949980>		"Albanaidd"@cy	
"Grek"@wa	<https://panlex.org/snapshot/panlex-20191001-csv/13#944859>				<https://panlex.org/snapshot/panlex-20191001-csv/13#944794>		"Groeg"@cy	
"Francès"@wa	<https://panlex.org/snapshot/panlex-20191001-csv/13#945080>				<https://panlex.org/snapshot/panlex-20191001-csv/13#945022>		"Ffrangeg"@cy	
"Hindi"@wa	<https://panlex.org/snapshot/panlex-20191001-csv/13#944926>				<https://panlex.org/snapshot/panlex-20191001-csv/13#944873>		"Hindi"@cy	
"Cornike"@wa	<https://panlex.org/snapshot/panlex-20191001-csv/13#945411>				<https://panlex.org/snapshot/panlex-20191001-csv/13#945392>		"Cernyweg"@cy	
"Ebreu"@wa	<https://panlex.org/snapshot/panlex-20191001-csv/13#944778>				<https://panlex.org/snapshot/panlex-20191001-csv/13#944715>		"Hebraeg"@cy	
"Coreyin"@wa	<https://panlex.org/snapshot/panlex-20191001-csv/13#945181>				<https://panlex.org/snapshot/panlex-20191001-csv/13#945125>		"Iaith Corea"@cy	
"Portuguès"@wa	<https://panlex.org/snapshot/panlex-20191001-csv/13#944619>				<https://panlex.org/snapshot/panlex-20191001-csv/13#944559>		"Portiwgaleg"@cy	
"Itålyin"@wa	<https://panlex.org/snapshot/panlex-20191001-csv/13#944545>				<https://panlex.org/snapshot/panlex-20191001-csv/13#944486>		"Eidaleg"@cy	
"Gayel des Cornouwayes"@wa	<https://panlex.org/snapshot/panlex-20191001-csv/13#945412>				<https://panlex.org/snapshot/panlex-20191001-csv/13#945392>		"Cernyweg"@cy	
"Rûsse"@wa	<https://panlex.org/snapshot/panlex-20191001-csv/13#945601>				<https://panlex.org/snapshot/panlex-20191001-csv/13#945539>		"Rwsieg"@cy	
"Daenwès"@wa	<https://panlex.org/snapshot/panlex-20191001-csv/13#944470>				<https://panlex.org/snapshot/panlex-20191001-csv/13#944412>		"Daneg"@cy	
"Bulgåre"@wa	<https://panlex.org/snapshot/panlex-20191001-csv/13#950823>				<https://panlex.org/snapshot/panlex-20191001-csv/13#950771>		"Bwlgaraidd"@cy	
"tunstinne"@wa	<https://panlex.org/snapshot/panlex-20191001-csv/2893#110994951>				<https://panlex.org/snapshot/panlex-20191001-csv/2893#110994893>		"twngsten"@cy	
"årsinik"@wa	<https://panlex.org/snapshot/panlex-20191001-csv/2893#110993741>				<https://panlex.org/snapshot/panlex-20191001-csv/2893#110993730>		"arsenig"@cy	
"mierkeure"@wa	<https://panlex.org/snapshot/panlex-20191001-csv/2893#110995423>				<https://panlex.org/snapshot/panlex-20191001-csv/2893#110995457>		"mercwri"@cy	
"antimoenne"@wa	<https://panlex.org/snapshot/panlex-20191001-csv/2893#110994447>				<https://panlex.org/snapshot/panlex-20191001-csv/2893#110994530>		"antimoni"@cy	
"zénk"@wa	<https://panlex.org/snapshot/panlex-20191001-csv/2893#110993427>				<https://panlex.org/snapshot/panlex-20191001-csv/2893#110993470>		"sinc"@cy	
"ôr"@wa	<https://panlex.org/snapshot/panlex-20191001-csv/2893#110995328>				<https://panlex.org/snapshot/panlex-20191001-csv/2893#110995252>		"aur"@cy	
"årdjint"@wa	<https://panlex.org/snapshot/panlex-20191001-csv/2893#110994063>				<https://panlex.org/snapshot/panlex-20191001-csv/2893#110994158>		"arian"@cy	
"sodiom"@wa	<https://panlex.org/snapshot/panlex-20191001-csv/2893#110991032>				<https://panlex.org/snapshot/panlex-20191001-csv/2893#110990922>		"sodiwm"@cy	
"nikel"@wa	<https://panlex.org/snapshot/panlex-20191001-csv/2893#110993003>				<https://panlex.org/snapshot/panlex-20191001-csv/2893#110993022>		"nicel"@cy	
"tåvlea periodike"@wa	<https://panlex.org/snapshot/panlex-20191001-csv/2893#110989141>				<https://panlex.org/snapshot/panlex-20191001-csv/2893#110989113>		"tabl cyfnodol"@cy	
"stin"@wa	<https://panlex.org/snapshot/panlex-20191001-csv/2893#110994313>				<https://panlex.org/snapshot/panlex-20191001-csv/2893#110994358>		"tun"@cy	
"eliom"@wa	<https://panlex.org/snapshot/panlex-20191001-csv/2893#110989490>				<https://panlex.org/snapshot/panlex-20191001-csv/2893#110989497>		"heliwm"@cy	
"platene"@wa	<https://panlex.org/snapshot/panlex-20191001-csv/2893#110995039>				<https://panlex.org/snapshot/panlex-20191001-csv/2893#110995132>		"platinwm"@cy	
"brôme"@wa	<https://panlex.org/snapshot/panlex-20191001-csv/2893#110993923>				<https://panlex.org/snapshot/panlex-20191001-csv/2893#110993952>		"bromin"@cy	
"potassiom"@wa	<https://panlex.org/snapshot/panlex-20191001-csv/2893#110992355>				<https://panlex.org/snapshot/panlex-20191001-csv/2893#110992262>		"potasiwm"@cy	
"bôre"@wa	<https://panlex.org/snapshot/panlex-20191001-csv/2893#110989810>				<https://panlex.org/snapshot/panlex-20191001-csv/2893#110989685>		"boron"@cy	
"shoufe"@wa	<https://panlex.org/snapshot/panlex-20191001-csv/2893#110991976>				<https://panlex.org/snapshot/panlex-20191001-csv/2893#110991855>		"sylffwr"@cy	
"ocsidjinne"@wa	<https://panlex.org/snapshot/panlex-20191001-csv/2893#110990327>				<https://panlex.org/snapshot/panlex-20191001-csv/2893#110990391>		"ocsigen"@cy	
"carbone"@wa	<https://panlex.org/snapshot/panlex-20191001-csv/2893#110989990>				<https://panlex.org/snapshot/panlex-20191001-csv/2893#110989867>		"carbon"@cy	
"idrodjinne"@wa	<https://panlex.org/snapshot/panlex-20191001-csv/2893#110989368>				<https://panlex.org/snapshot/panlex-20191001-csv/2893#110989295>		"hydrogen"@cy	
"plonk"@wa	<https://panlex.org/snapshot/panlex-20191001-csv/2893#110995717>				<https://panlex.org/snapshot/panlex-20191001-csv/2893#110995729>		"plwm"@cy	
"azote"@wa	<https://panlex.org/snapshot/panlex-20191001-csv/2893#110990189>				<https://panlex.org/snapshot/panlex-20191001-csv/2893#110990272>		"nitrogen"@cy	
"aluminiom"@wa	<https://panlex.org/snapshot/panlex-20191001-csv/2893#110991298>				<https://panlex.org/snapshot/panlex-20191001-csv/2893#110991379>		"alwminiwm"@cy	
"fluwôr"@wa	<https://panlex.org/snapshot/panlex-20191001-csv/2893#110990542>				<https://panlex.org/snapshot/panlex-20191001-csv/2893#110990494>		"fflworin"@cy	
"keuve"@wa	<https://panlex.org/snapshot/panlex-20191001-csv/2893#110993298>				<https://panlex.org/snapshot/panlex-20191001-csv/2893#110993230>		"copr"@cy	
"uraniom"@wa	<https://panlex.org/snapshot/panlex-20191001-csv/2893#110995877>				<https://panlex.org/snapshot/panlex-20191001-csv/2893#110995798>		"wraniwm"@cy	
"siliciom"@wa	<https://panlex.org/snapshot/panlex-20191001-csv/2893#110991591>				<https://panlex.org/snapshot/panlex-20191001-csv/2893#110991554>		"silicon"@cy	
"neyon"@wa	<https://panlex.org/snapshot/panlex-20191001-csv/2893#110990817>				<https://panlex.org/snapshot/panlex-20191001-csv/2893#110990735>		"neon"@cy	
"iyode"@wa	<https://panlex.org/snapshot/panlex-20191001-csv/2893#110994607>				<https://panlex.org/snapshot/panlex-20191001-csv/2893#110994753>		"ïodin"@cy	
"fier"@wa	<https://panlex.org/snapshot/panlex-20191001-csv/2893#110992773>				<https://panlex.org/snapshot/panlex-20191001-csv/2893#110992618>		"haearn"@cy	
"clôre"@wa	<https://panlex.org/snapshot/panlex-20191001-csv/2893#110992200>				<https://panlex.org/snapshot/panlex-20191001-csv/2893#110992064>		"clorin"@cy	
"fosfôre"@wa	<https://panlex.org/snapshot/panlex-20191001-csv/2893#110991700>				<https://panlex.org/snapshot/panlex-20191001-csv/2893#110991691>		"ffosfforws"@cy	
"cobåle"@wa	<https://panlex.org/snapshot/panlex-20191001-csv/2893#110992936>				<https://panlex.org/snapshot/panlex-20191001-csv/2893#110992892>		"cobalt"@cy	
"magneziom"@wa	<https://panlex.org/snapshot/panlex-20191001-csv/2893#110991222>				<https://panlex.org/snapshot/panlex-20191001-csv/2893#110991231>		"magnesiwm"@cy	
"calciom"@wa	<https://panlex.org/snapshot/panlex-20191001-csv/2893#110992416>				<https://panlex.org/snapshot/panlex-20191001-csv/2893#110992479>		"calsiwm"@cy	
"Organizåcion Daegnrece del Santé"@wa	<https://panlex.org/snapshot/panlex-20191001-csv/2894#111102488>				<https://panlex.org/snapshot/panlex-20191001-csv/2894#111102543>		"Sefydliad Iechyd y Byd"@cy	
"Organizåcion do Traité di l’ Atlantike Nôr"@wa	<https://panlex.org/snapshot/panlex-20191001-csv/2894#111101075>				<https://panlex.org/snapshot/panlex-20191001-csv/2894#111101100>		"Sefydliad Cytundeb Gogledd yr Iwerydd"@cy	
"Cominålté d’ estats indepindants"@wa	<https://panlex.org/snapshot/panlex-20191001-csv/2894#111099840>				<https://panlex.org/snapshot/panlex-20191001-csv/2894#111099880>		"Cymanwlad y Gwladwriaethau Annibynnol"@cy	
"ONU"@wa	<https://panlex.org/snapshot/panlex-20191001-csv/2894#111101937>				<https://panlex.org/snapshot/panlex-20191001-csv/2894#111102115>		"CU"@cy	
"ONU"@wa	<https://panlex.org/snapshot/panlex-20191001-csv/2894#111101937>				<https://panlex.org/snapshot/panlex-20191001-csv/2894#111102099>		"Y Cenhedloedd Unedig"@cy	
"Rodje Croes"@wa	<https://panlex.org/snapshot/panlex-20191001-csv/2894#111101620>				<https://panlex.org/snapshot/panlex-20191001-csv/2894#111101674>		"Y Groes Goch"@cy	
"Union Uropeyinne"@wa	<https://panlex.org/snapshot/panlex-20191001-csv/2894#111100366>				<https://panlex.org/snapshot/panlex-20191001-csv/2894#111100241>		"UE"@cy	
"Union Uropeyinne"@wa	<https://panlex.org/snapshot/panlex-20191001-csv/2894#111100366>				<https://panlex.org/snapshot/panlex-20191001-csv/2894#111100322>		"Yr Undeb Ewropeaidd"@cy	
"Rodje Crexhant"@wa	<https://panlex.org/snapshot/panlex-20191001-csv/2894#111101811>				<https://panlex.org/snapshot/panlex-20191001-csv/2894#111101781>		"Cilgant Coch"@cy	
"Comité Olimpike Eternåcionå"@wa	<https://panlex.org/snapshot/panlex-20191001-csv/2894#111100648>				<https://panlex.org/snapshot/panlex-20191001-csv/2894#111100729>		"PRhO"@cy	
"Comité Olimpike Eternåcionå"@wa	<https://panlex.org/snapshot/panlex-20191001-csv/2894#111100648>				<https://panlex.org/snapshot/panlex-20191001-csv/2894#111100630>		"Pwyllgor Rhyngwladol Olympaidd"@cy	
"OTAN"@wa	<https://panlex.org/snapshot/panlex-20191001-csv/2894#111101114>				<https://panlex.org/snapshot/panlex-20191001-csv/2894#111101100>		"Sefydliad Cytundeb Gogledd yr Iwerydd"@cy	
"Ligue Arabe"@wa	<https://panlex.org/snapshot/panlex-20191001-csv/2894#111100795>				<https://panlex.org/snapshot/panlex-20191001-csv/2894#111100940>		"Y Cynghrair Arabaidd"@cy	
"Organizåcion des Nåcions Uneyes"@wa	<https://panlex.org/snapshot/panlex-20191001-csv/2894#111102004>				<https://panlex.org/snapshot/panlex-20191001-csv/2894#111102115>		"CU"@cy	
"Organizåcion des Nåcions Uneyes"@wa	<https://panlex.org/snapshot/panlex-20191001-csv/2894#111102004>				<https://panlex.org/snapshot/panlex-20191001-csv/2894#111102099>		"Y Cenhedloedd Unedig"@cy	
"CEI"@wa	<https://panlex.org/snapshot/panlex-20191001-csv/2894#111099859>				<https://panlex.org/snapshot/panlex-20191001-csv/2894#111099880>		"Cymanwlad y Gwladwriaethau Annibynnol"@cy	
"vénrdi"@wa	<https://panlex.org/snapshot/panlex-20191001-csv/2892#110825838>				<https://panlex.org/snapshot/panlex-20191001-csv/2892#110825989>		"Dydd Gwener"@cy	
"mierkidi"@wa	<https://panlex.org/snapshot/panlex-20191001-csv/2892#110825139>				<https://panlex.org/snapshot/panlex-20191001-csv/2892#110825003>		"Dydd Mercher"@cy	
"semdi"@wa	<https://panlex.org/snapshot/panlex-20191001-csv/2892#110826453>				<https://panlex.org/snapshot/panlex-20191001-csv/2892#110826255>		"Dydd Sadwrn"@cy	
"djudi"@wa	<https://panlex.org/snapshot/panlex-20191001-csv/2892#110825368>				<https://panlex.org/snapshot/panlex-20191001-csv/2892#110825284>		"Dydd Iau"@cy	
"mårdi"@wa	<https://panlex.org/snapshot/panlex-20191001-csv/2892#110824459>				<https://panlex.org/snapshot/panlex-20191001-csv/2892#110824468>		"Dydd Mawrth"@cy	
"londi"@wa	<https://panlex.org/snapshot/panlex-20191001-csv/2892#110824155>				<https://panlex.org/snapshot/panlex-20191001-csv/2892#110824421>		"Dydd Llun"@cy	
"dimegne"@wa	<https://panlex.org/snapshot/panlex-20191001-csv/2892#110826659>				<https://panlex.org/snapshot/panlex-20191001-csv/2892#110826987>		"Dydd Sul"@cy	
"setimbe"@wa	<https://panlex.org/snapshot/panlex-20191001-csv/2897#110830585>				<https://panlex.org/snapshot/panlex-20191001-csv/2897#110830572>		"Medi"@cy	
"djun"@wa	<https://panlex.org/snapshot/panlex-20191001-csv/2897#110829183>				<https://panlex.org/snapshot/panlex-20191001-csv/2897#110829094>		"Mehefin"@cy	
"may"@wa	<https://panlex.org/snapshot/panlex-20191001-csv/2897#110828733>				<https://panlex.org/snapshot/panlex-20191001-csv/2897#110828828>		"Mai"@cy	
"octôbe"@wa	<https://panlex.org/snapshot/panlex-20191001-csv/2897#110830742>				<https://panlex.org/snapshot/panlex-20191001-csv/2897#110830973>		"Hydref"@cy	
"djulete"@wa	<https://panlex.org/snapshot/panlex-20191001-csv/2897#110829773>				<https://panlex.org/snapshot/panlex-20191001-csv/2897#110829559>		"Gorffennaf"@cy	
"nôvimbe"@wa	<https://panlex.org/snapshot/panlex-20191001-csv/2897#110831440>				<https://panlex.org/snapshot/panlex-20191001-csv/2897#110831482>		"Tachwedd"@cy	
"awousse"@wa	<https://panlex.org/snapshot/panlex-20191001-csv/2897#110830261>				<https://panlex.org/snapshot/panlex-20191001-csv/2897#110829938>		"Awst"@cy	
"decimbe"@wa	<https://panlex.org/snapshot/panlex-20191001-csv/2897#110831624>				<https://panlex.org/snapshot/panlex-20191001-csv/2897#110831647>		"Rhagfyr"@cy	
"djanvî"@wa	<https://panlex.org/snapshot/panlex-20191001-csv/2897#110827184>				<https://panlex.org/snapshot/panlex-20191001-csv/2897#110827366>		"Ionawr"@cy	
"fevrî"@wa	<https://panlex.org/snapshot/panlex-20191001-csv/2897#110827526>				<https://panlex.org/snapshot/panlex-20191001-csv/2897#110827764>		"Chwefror"@cy	
"avri"@wa	<https://panlex.org/snapshot/panlex-20191001-csv/2897#110828384>				<https://panlex.org/snapshot/panlex-20191001-csv/2897#110828435>		"Ebrill"@cy	
"måss"@wa	<https://panlex.org/snapshot/panlex-20191001-csv/2897#110827867>				<https://panlex.org/snapshot/panlex-20191001-csv/2897#110828080>		"Mawrth"@cy	
"Afrike"@wa	<https://panlex.org/snapshot/panlex-20191001-csv/2891#110853103>				<https://panlex.org/snapshot/panlex-20191001-csv/2891#110853064>		"Yr Affrig"@cy	
"Afrike"@wa	<https://panlex.org/snapshot/panlex-20191001-csv/2891#110853103>				<https://panlex.org/snapshot/panlex-20191001-csv/2891#110853107>		"Affrica"@cy	
"Azeye"@wa	<https://panlex.org/snapshot/panlex-20191001-csv/2891#110853945>				<https://panlex.org/snapshot/panlex-20191001-csv/2891#110853867>		"Asia"@cy	
"Urope"@wa	<https://panlex.org/snapshot/panlex-20191001-csv/2891#110854100>				<https://panlex.org/snapshot/panlex-20191001-csv/2891#110854325>		"Ewrop"@cy	
"Urope"@wa	<https://panlex.org/snapshot/panlex-20191001-csv/2891#110854100>				<https://panlex.org/snapshot/panlex-20191001-csv/2891#110854048>		"Ewrob"@cy	
"Antartike"@wa	<https://panlex.org/snapshot/panlex-20191001-csv/2891#110853617>				<https://panlex.org/snapshot/panlex-20191001-csv/2891#110853741>		"Yr Antarctig"@cy	
"Oceyaneye"@wa	<https://panlex.org/snapshot/panlex-20191001-csv/2891#110854533>				<https://panlex.org/snapshot/panlex-20191001-csv/2891#110854380>		"Oceania"@cy	
"Amerike"@wa	<https://panlex.org/snapshot/panlex-20191001-csv/2891#110853357>				<https://panlex.org/snapshot/panlex-20191001-csv/2891#110853466>		"Yr Amerig"@cy	
"Tchår Pôcet"@wa	<https://panlex.org/snapshot/panlex-20191001-csv/2890#111032976>				<https://panlex.org/snapshot/panlex-20191001-csv/2890#111032973>		"yr Arth Fawr"@cy	
"Atelêye Pôcet"@wa	<https://panlex.org/snapshot/panlex-20191001-csv/2890#111032951>				<https://panlex.org/snapshot/panlex-20191001-csv/2890#111032973>		"yr Arth Fawr"@cy	
"Grand Tchår"@wa	<https://panlex.org/snapshot/panlex-20191001-csv/2890#111032938>				<https://panlex.org/snapshot/panlex-20191001-csv/2890#111032973>		"yr Arth Fawr"@cy	
"Carpates"@wa	<https://panlex.org/snapshot/panlex-20191001-csv/2896#110866124>				<https://panlex.org/snapshot/panlex-20191001-csv/2896#110866105>		"Mynyddoedd Carpathia"@cy	
