"Roumin"@wa	<https://panlex.org/snapshot/panlex-20191001-csv/17#1010602>				<https://panlex.org/snapshot/panlex-20191001-csv/17#1010550>		"Rumeenia"@ekk	
"Deujhinme guere daegnrece"@wa	<https://panlex.org/snapshot/panlex-20191001-csv/6709#111077625>				<https://panlex.org/snapshot/panlex-20191001-csv/6709#111077630>		"Teine maailmasõda"@ekk	
"Prumire guere daegnrece"@wa	<https://panlex.org/snapshot/panlex-20191001-csv/6709#111077470>				<https://panlex.org/snapshot/panlex-20191001-csv/6709#111077299>		"Esimene maailmasõda"@ekk	
"Moyinådje"@wa	<https://panlex.org/snapshot/panlex-20191001-csv/6709#111076416>				<https://panlex.org/snapshot/panlex-20191001-csv/6709#111076323>		"Keskaeg"@ekk	
"Croejhåde"@wa	<https://panlex.org/snapshot/panlex-20191001-csv/6709#111076606>				<https://panlex.org/snapshot/panlex-20191001-csv/6709#111076619>		"Ristiretked"@ekk	
"Croejhåde"@wa	<https://panlex.org/snapshot/panlex-20191001-csv/6709#111076606>				<https://panlex.org/snapshot/panlex-20191001-csv/6709#111076687>		"Ristisõjad"@ekk	
"Li Ptit Prince"@wa	<https://panlex.org/snapshot/panlex-20191001-csv/6710#111083147>				<https://panlex.org/snapshot/panlex-20191001-csv/6710#111083111>		"Väike Prints"@ekk	
"tchet"@wa	<https://panlex.org/snapshot/panlex-20191001-csv/2129#11694609>				<https://panlex.org/snapshot/panlex-20191001-csv/2129#11694522>		"kass"@ekk	
"leu"@wa	<https://panlex.org/snapshot/panlex-20191001-csv/2129#11694484>				<https://panlex.org/snapshot/panlex-20191001-csv/2129#11694421>		"hunt"@ekk	
"lingaedje"@wa	<https://panlex.org/snapshot/panlex-20191001-csv/2129#11694387>				<https://panlex.org/snapshot/panlex-20191001-csv/2129#11694296>		"keel"@ekk	
"Mîtrinne Mer"@wa	<https://panlex.org/snapshot/panlex-20191001-csv/5950#85858279>				<https://panlex.org/snapshot/panlex-20191001-csv/5950#85858232>		"Vahemeri"@ekk	
"Union Uropeyinne"@wa	<https://panlex.org/snapshot/panlex-20191001-csv/5950#85858948>				<https://panlex.org/snapshot/panlex-20191001-csv/5950#85858867>		"Euroopa Liit"@ekk	
"Almagne"@wa	<https://panlex.org/snapshot/panlex-20191001-csv/5950#85858439>				<https://panlex.org/snapshot/panlex-20191001-csv/5950#85858344>		"Saksamaa"@ekk	
"azeri"@wa	<https://panlex.org/snapshot/panlex-20191001-csv/5950#85859124>				<https://panlex.org/snapshot/panlex-20191001-csv/5950#85859060>		"aserbaidžaani keel"@ekk	
"avri"@wa	<https://panlex.org/snapshot/panlex-20191001-csv/5945#84353159>				<https://panlex.org/snapshot/panlex-20191001-csv/5945#84353089>		"aprill"@ekk	
"agricoûteure"@wa	<https://panlex.org/snapshot/panlex-20191001-csv/5945#84349432>				<https://panlex.org/snapshot/panlex-20191001-csv/5945#84349376>		"põllumajandus"@ekk	
"måwete"@wa	<https://panlex.org/snapshot/panlex-20191001-csv/5945#84383463>				<https://panlex.org/snapshot/panlex-20191001-csv/5945#84383428>		"kajakas"@ekk	
"meteyorolodjeye"@wa	<https://panlex.org/snapshot/panlex-20191001-csv/5945#84399473>				<https://panlex.org/snapshot/panlex-20191001-csv/5945#84399436>		"meteoroloogia"@ekk	
"djulete"@wa	<https://panlex.org/snapshot/panlex-20191001-csv/5945#84395613>				<https://panlex.org/snapshot/panlex-20191001-csv/5945#84395578>		"juuli"@ekk	
"addjectif"@wa	<https://panlex.org/snapshot/panlex-20191001-csv/5945#84349104>				<https://panlex.org/snapshot/panlex-20191001-csv/5945#84349054>		"omadussõna"@ekk	
"Letonyin"@wa	<https://panlex.org/snapshot/panlex-20191001-csv/5945#84394499>				<https://panlex.org/snapshot/panlex-20191001-csv/5945#84394449>		"läti keel"@ekk	
"Union Uropeyinne"@wa	<https://panlex.org/snapshot/panlex-20191001-csv/5945#84344719>				<https://panlex.org/snapshot/panlex-20191001-csv/5945#84344667>		"Euroopa Liit"@ekk	
"polonès"@wa	<https://panlex.org/snapshot/panlex-20191001-csv/5945#84409524>				<https://panlex.org/snapshot/panlex-20191001-csv/5945#84409470>		"poola"@ekk	
"polonès"@wa	<https://panlex.org/snapshot/panlex-20191001-csv/5945#84409450>				<https://panlex.org/snapshot/panlex-20191001-csv/5945#84409396>		"poola"@ekk	
"foete"@wa	<https://panlex.org/snapshot/panlex-20191001-csv/5947#84895318>				<https://panlex.org/snapshot/panlex-20191001-csv/5947#84895221>		"maks"@ekk	
"aigue"@wa	<https://panlex.org/snapshot/panlex-20191001-csv/5947#84782396>				<https://panlex.org/snapshot/panlex-20191001-csv/5947#84782238>		"kotkas"@ekk	
"blanc"@wa	<https://panlex.org/snapshot/panlex-20191001-csv/5947#84639878>				<https://panlex.org/snapshot/panlex-20191001-csv/5947#84639718>		"valge"@ekk	
"concombe"@wa	<https://panlex.org/snapshot/panlex-20191001-csv/5947#84777802>				<https://panlex.org/snapshot/panlex-20191001-csv/5947#84777696>		"kurk"@ekk	
"Urope"@wa	<https://panlex.org/snapshot/panlex-20191001-csv/5940#81279794>				<https://panlex.org/snapshot/panlex-20191001-csv/5940#81279723>		"Euroopa"@ekk	
"oceyan"@wa	<https://panlex.org/snapshot/panlex-20191001-csv/5940#81376491>				<https://panlex.org/snapshot/panlex-20191001-csv/5940#81376420>		"ookean"@ekk	
"Daegne"@wa	<https://panlex.org/snapshot/panlex-20191001-csv/5940#81310833>				<https://panlex.org/snapshot/panlex-20191001-csv/5940#81310755>		"Maa"@ekk	
"litiom"@wa	<https://panlex.org/snapshot/panlex-20191001-csv/5940#81334777>				<https://panlex.org/snapshot/panlex-20191001-csv/5940#81334726>		"liitium"@ekk	
"Moscou"@wa	<https://panlex.org/snapshot/panlex-20191001-csv/5940#81284980>				<https://panlex.org/snapshot/panlex-20191001-csv/5940#81284939>		"Moskva"@ekk	
"Grece"@wa	<https://panlex.org/snapshot/panlex-20191001-csv/5940#81279304>				<https://panlex.org/snapshot/panlex-20191001-csv/5940#81279255>		"Kreeka"@ekk	
"Estats Unis"@wa	<https://panlex.org/snapshot/panlex-20191001-csv/5940#81280177>				<https://panlex.org/snapshot/panlex-20191001-csv/5940#81280080>		"Ameerika Ühendriigid"@ekk	
"gazete"@wa	<https://panlex.org/snapshot/panlex-20191001-csv/5940#81322615>				<https://panlex.org/snapshot/panlex-20191001-csv/5940#81322569>		"ajaleht"@ekk	
"gazete"@wa	<https://panlex.org/snapshot/panlex-20191001-csv/5940#81322615>				<https://panlex.org/snapshot/panlex-20191001-csv/5940#81322568>		"leht"@ekk	
"leu"@wa	<https://panlex.org/snapshot/panlex-20191001-csv/5940#81336710>				<https://panlex.org/snapshot/panlex-20191001-csv/5940#81336669>		"hunt"@ekk	
"crompire"@wa	<https://panlex.org/snapshot/panlex-20191001-csv/5940#81350785>				<https://panlex.org/snapshot/panlex-20191001-csv/5940#81350707>		"kartul"@ekk	
"Octôbe"@wa	<https://panlex.org/snapshot/panlex-20191001-csv/5940#81285713>				<https://panlex.org/snapshot/panlex-20191001-csv/5940#81285625>		"Oktoober"@ekk	
"avri"@wa	<https://panlex.org/snapshot/panlex-20191001-csv/5940#81276637>				<https://panlex.org/snapshot/panlex-20191001-csv/5940#81276574>		"aprill"@ekk	
"Organizåcion des Nåcions uneyes"@wa	<https://panlex.org/snapshot/panlex-20191001-csv/5940#81286024>				<https://panlex.org/snapshot/panlex-20191001-csv/5940#81285913>		"Ühinenud Rahvaste Organisatsioon"@ekk	
"awousse"@wa	<https://panlex.org/snapshot/panlex-20191001-csv/5940#81277240>				<https://panlex.org/snapshot/panlex-20191001-csv/5940#81277177>		"august"@ekk	
"Mitolodjeye"@wa	<https://panlex.org/snapshot/panlex-20191001-csv/5940#81342421>				<https://panlex.org/snapshot/panlex-20191001-csv/5940#81342399>		"mütoloogia"@ekk	
"Espagne"@wa	<https://panlex.org/snapshot/panlex-20191001-csv/5940#81281026>				<https://panlex.org/snapshot/panlex-20191001-csv/5940#81280939>		"Hispaania"@ekk	
"décimbe"@wa	<https://panlex.org/snapshot/panlex-20191001-csv/5939#80783012>				<https://panlex.org/snapshot/panlex-20191001-csv/5939#80782942>		"detsember"@ekk	
"Aldjereye"@wa	<https://panlex.org/snapshot/panlex-20191001-csv/5939#80712805>				<https://panlex.org/snapshot/panlex-20191001-csv/5939#80712767>		"Alžeeria"@ekk	
"albanyin"@wa	<https://panlex.org/snapshot/panlex-20191001-csv/5939#80712143>				<https://panlex.org/snapshot/panlex-20191001-csv/5939#80712092>		"albaania"@ekk	
"Antigua et Barbuda"@wa	<https://panlex.org/snapshot/panlex-20191001-csv/5939#80722476>				<https://panlex.org/snapshot/panlex-20191001-csv/5939#80722410>		"Antigua ja Barbuda"@ekk	
"Union Uropeyinne"@wa	<https://panlex.org/snapshot/panlex-20191001-csv/5939#80807044>				<https://panlex.org/snapshot/panlex-20191001-csv/5939#80806964>		"Euroopa Liit"@ekk	
"Åxhe"@wa	<https://panlex.org/snapshot/panlex-20191001-csv/5939#80698833>				<https://panlex.org/snapshot/panlex-20191001-csv/5939#80698784>		"Aachen"@ekk	
"Beldjike"@wa	<https://panlex.org/snapshot/panlex-20191001-csv/5939#80749092>				<https://panlex.org/snapshot/panlex-20191001-csv/5939#80749034>		"Belgia"@ekk	
"amateur"@wa	<https://panlex.org/snapshot/panlex-20191001-csv/5939#80784610>				<https://panlex.org/snapshot/panlex-20191001-csv/5939#80784559>		"asjaarmastaja"@ekk	
"amateur"@wa	<https://panlex.org/snapshot/panlex-20191001-csv/5939#80784610>				<https://panlex.org/snapshot/panlex-20191001-csv/5939#80784560>		"diletant"@ekk	
"amateur"@wa	<https://panlex.org/snapshot/panlex-20191001-csv/5939#80784610>				<https://panlex.org/snapshot/panlex-20191001-csv/5939#80784558>		"amatöör"@ekk	
"glaecî"@wa	<https://panlex.org/snapshot/panlex-20191001-csv/5939#80841593>				<https://panlex.org/snapshot/panlex-20191001-csv/5939#80841543>		"liustik"@ekk	
"burton"@wa	<https://panlex.org/snapshot/panlex-20191001-csv/5939#80764261>				<https://panlex.org/snapshot/panlex-20191001-csv/5939#80764231>		"bretooni"@ekk	
"Chinwès"@wa	<https://panlex.org/snapshot/panlex-20191001-csv/5939#80773848>				<https://panlex.org/snapshot/panlex-20191001-csv/5939#80773792>		"hiina"@ekk	
"cuzene"@wa	<https://panlex.org/snapshot/panlex-20191001-csv/5939#80744156>				<https://panlex.org/snapshot/panlex-20191001-csv/5939#80744121>		"onutütar"@ekk	
"cuzene"@wa	<https://panlex.org/snapshot/panlex-20191001-csv/5939#80744156>				<https://panlex.org/snapshot/panlex-20191001-csv/5939#80744122>		"täditütar"@ekk	
"vénrdi"@wa	<https://panlex.org/snapshot/panlex-20191001-csv/5939#80822347>				<https://panlex.org/snapshot/panlex-20191001-csv/5939#80822294>		"reede"@ekk	
"mårdi"@wa	<https://panlex.org/snapshot/panlex-20191001-csv/5939#80784087>				<https://panlex.org/snapshot/panlex-20191001-csv/5939#80784009>		"teisipäev"@ekk	
"Bulgåreye"@wa	<https://panlex.org/snapshot/panlex-20191001-csv/5939#80767602>				<https://panlex.org/snapshot/panlex-20191001-csv/5939#80767547>		"Bulgaaria"@ekk	
"Grande-Dutcheye do Lussimbork"@wa	<https://panlex.org/snapshot/panlex-20191001-csv/5939#80846016>				<https://panlex.org/snapshot/panlex-20191001-csv/5939#80845984>		"Luksemburgi Suurhertsogiriik"@ekk	
"Daenwès"@wa	<https://panlex.org/snapshot/panlex-20191001-csv/5939#80790863>				<https://panlex.org/snapshot/panlex-20191001-csv/5939#80790803>		"taani"@ekk	
"Almagne"@wa	<https://panlex.org/snapshot/panlex-20191001-csv/5939#80782828>				<https://panlex.org/snapshot/panlex-20191001-csv/5939#80782673>		"Saksamaa"@ekk	
"seur acetilsåcilike"@wa	<https://panlex.org/snapshot/panlex-20191001-csv/5939#80705653>				<https://panlex.org/snapshot/panlex-20191001-csv/5939#80705618>		"atsetüülsalitsüülhape"@ekk	
"tchinne"@wa	<https://panlex.org/snapshot/panlex-20191001-csv/5939#80792901>				<https://panlex.org/snapshot/panlex-20191001-csv/5939#80792865>		"tamm"@ekk	
"tchawe"@wa	<https://panlex.org/snapshot/panlex-20191001-csv/5939#80786023>				<https://panlex.org/snapshot/panlex-20191001-csv/5939#80785989>		"hakk"@ekk	
"Prumire guere daegnrece"@wa	<https://panlex.org/snapshot/panlex-20191001-csv/5939#80804256>				<https://panlex.org/snapshot/panlex-20191001-csv/5939#80804214>		"Esimene maailmasõda"@ekk	
"Andore"@wa	<https://panlex.org/snapshot/panlex-20191001-csv/5939#80718609>				<https://panlex.org/snapshot/panlex-20191001-csv/5939#80718521>		"Andorra"@ekk	
"Basse"@wa	<https://panlex.org/snapshot/panlex-20191001-csv/5939#80744513>				<https://panlex.org/snapshot/panlex-20191001-csv/5939#80744466>		"baski keel"@ekk	
"djoye"@wa	<https://panlex.org/snapshot/panlex-20191001-csv/5939#80822794>				<https://panlex.org/snapshot/panlex-20191001-csv/5939#80822740>		"rõõm"@ekk	
"azeri"@wa	<https://panlex.org/snapshot/panlex-20191001-csv/5939#80729864>				<https://panlex.org/snapshot/panlex-20191001-csv/5939#80729815>		"Aserbaidžaani"@ekk	
"båze"@wa	<https://panlex.org/snapshot/panlex-20191001-csv/5939#80744112>				<https://panlex.org/snapshot/panlex-20191001-csv/5939#80744060>		"alus"@ekk	
"pitite magrite"@wa	<https://panlex.org/snapshot/panlex-20191001-csv/5939#80848938>				<https://panlex.org/snapshot/panlex-20191001-csv/5939#80848866>		"kirikakar"@ekk	
"magriyete"@wa	<https://panlex.org/snapshot/panlex-20191001-csv/5939#80848936>				<https://panlex.org/snapshot/panlex-20191001-csv/5939#80848866>		"kirikakar"@ekk	
"aweur"@wa	<https://panlex.org/snapshot/panlex-20191001-csv/5939#80822795>				<https://panlex.org/snapshot/panlex-20191001-csv/5939#80822740>		"rõõm"@ekk	
"Adan"@wa	<https://panlex.org/snapshot/panlex-20191001-csv/5939#80706824>				<https://panlex.org/snapshot/panlex-20191001-csv/5939#80706798>		"Aadam"@ekk	
"Adan"@wa	<https://panlex.org/snapshot/panlex-20191001-csv/5939#80706793>				<https://panlex.org/snapshot/panlex-20191001-csv/5939#80706767>		"Aadam"@ekk	
"awousse"@wa	<https://panlex.org/snapshot/panlex-20191001-csv/5939#80734679>				<https://panlex.org/snapshot/panlex-20191001-csv/5939#80734588>		"august"@ekk	
"eucariote"@wa	<https://panlex.org/snapshot/panlex-20191001-csv/5939#80806244>				<https://panlex.org/snapshot/panlex-20191001-csv/5939#80806227>		"päristuumne"@ekk	
"eucariote"@wa	<https://panlex.org/snapshot/panlex-20191001-csv/5939#80806244>				<https://panlex.org/snapshot/panlex-20191001-csv/5939#80806226>		"eukarüoot"@ekk	
"Afrike"@wa	<https://panlex.org/snapshot/panlex-20191001-csv/5939#80708954>				<https://panlex.org/snapshot/panlex-20191001-csv/5939#80708904>		"Aafrika"@ekk	
"acide acetilsåcilike"@wa	<https://panlex.org/snapshot/panlex-20191001-csv/5939#80705652>				<https://panlex.org/snapshot/panlex-20191001-csv/5939#80705618>		"atsetüülsalitsüülhape"@ekk	
"bire"@wa	<https://panlex.org/snapshot/panlex-20191001-csv/5939#80754919>				<https://panlex.org/snapshot/panlex-20191001-csv/5939#80754861>		"õlu"@ekk	
"aous'"@wa	<https://panlex.org/snapshot/panlex-20191001-csv/5939#80734680>				<https://panlex.org/snapshot/panlex-20191001-csv/5939#80734588>		"august"@ekk	
"frikete"@wa	<https://panlex.org/snapshot/panlex-20191001-csv/5939#80848937>				<https://panlex.org/snapshot/panlex-20191001-csv/5939#80848866>		"kirikakar"@ekk	
"santé"@wa	<https://panlex.org/snapshot/panlex-20191001-csv/5939#80838927>				<https://panlex.org/snapshot/panlex-20191001-csv/5939#80838845>		"tervis"@ekk	
"avri"@wa	<https://panlex.org/snapshot/panlex-20191001-csv/5939#80725406>				<https://panlex.org/snapshot/panlex-20191001-csv/5939#80725324>		"aprill"@ekk	
"francès"@wa	<https://panlex.org/snapshot/panlex-20191001-csv/5939#80821447>				<https://panlex.org/snapshot/panlex-20191001-csv/5939#80821381>		"Prantsuse"@ekk	
"påcrete"@wa	<https://panlex.org/snapshot/panlex-20191001-csv/5939#80848939>				<https://panlex.org/snapshot/panlex-20191001-csv/5939#80848866>		"kirikakar"@ekk	
"fevrî"@wa	<https://panlex.org/snapshot/panlex-20191001-csv/5939#80811344>				<https://panlex.org/snapshot/panlex-20191001-csv/5939#80811218>		"veebruar"@ekk	
"bulgåre"@wa	<https://panlex.org/snapshot/panlex-20191001-csv/5939#80767758>				<https://panlex.org/snapshot/panlex-20191001-csv/5939#80767712>		"bulgaaria"@ekk	
"årmenyin"@wa	<https://panlex.org/snapshot/panlex-20191001-csv/5939#80728146>				<https://panlex.org/snapshot/panlex-20191001-csv/5939#80728102>		"armeenia keel"@ekk	
"albanès"@wa	<https://panlex.org/snapshot/panlex-20191001-csv/5939#80712142>				<https://panlex.org/snapshot/panlex-20191001-csv/5939#80712092>		"albaania"@ekk	
"guepard"@wa	<https://panlex.org/snapshot/panlex-20191001-csv/5939#80835884>				<https://panlex.org/snapshot/panlex-20191001-csv/5939#80835818>		"gepard"@ekk	
"almand"@wa	<https://panlex.org/snapshot/panlex-20191001-csv/5939#80782486>				<https://panlex.org/snapshot/panlex-20191001-csv/5939#80782359>		"saksa keel"@ekk	
"almand"@wa	<https://panlex.org/snapshot/panlex-20191001-csv/5939#80782486>				<https://panlex.org/snapshot/panlex-20191001-csv/5939#80782358>		"saksa"@ekk	
"påye"@wa	<https://panlex.org/snapshot/panlex-20191001-csv/5939#80823081>				<https://panlex.org/snapshot/panlex-20191001-csv/5939#80823058>		"rahu"@ekk	
"diletante"@wa	<https://panlex.org/snapshot/panlex-20191001-csv/5939#80784611>				<https://panlex.org/snapshot/panlex-20191001-csv/5939#80784559>		"asjaarmastaja"@ekk	
"diletante"@wa	<https://panlex.org/snapshot/panlex-20191001-csv/5939#80784611>				<https://panlex.org/snapshot/panlex-20191001-csv/5939#80784560>		"diletant"@ekk	
"diletante"@wa	<https://panlex.org/snapshot/panlex-20191001-csv/5939#80784611>				<https://panlex.org/snapshot/panlex-20191001-csv/5939#80784558>		"amatöör"@ekk	
"Afganistan"@wa	<https://panlex.org/snapshot/panlex-20191001-csv/5939#80708887>				<https://panlex.org/snapshot/panlex-20191001-csv/5939#80708815>		"Afganistan"@ekk	
"oidje"@wa	<https://panlex.org/snapshot/panlex-20191001-csv/5946#84443186>				<https://panlex.org/snapshot/panlex-20191001-csv/5946#84443158>		"oder"@ekk	
"plouve"@wa	<https://panlex.org/snapshot/panlex-20191001-csv/5946#84436406>				<https://panlex.org/snapshot/panlex-20191001-csv/5946#84436273>		"vihm"@ekk	
"murwè"@wa	<https://panlex.org/snapshot/panlex-20191001-csv/5946#84446352>				<https://panlex.org/snapshot/panlex-20191001-csv/5946#84446164>		"peegel"@ekk	
"solé"@wa	<https://panlex.org/snapshot/panlex-20191001-csv/5946#84451499>				<https://panlex.org/snapshot/panlex-20191001-csv/5946#84451391>		"king"@ekk	
"mureû"@wa	<https://panlex.org/snapshot/panlex-20191001-csv/5946#84446351>				<https://panlex.org/snapshot/panlex-20191001-csv/5946#84446164>		"peegel"@ekk	
"France"@wa	<https://panlex.org/snapshot/panlex-20191001-csv/5949#85323698>				<https://panlex.org/snapshot/panlex-20191001-csv/5949#85323560>		"Prantsusmaa"@ekk	
"Alcoran"@wa	<https://panlex.org/snapshot/panlex-20191001-csv/5949#85313497>				<https://panlex.org/snapshot/panlex-20191001-csv/5949#85313398>		"Koraan"@ekk	
"Pakistan"@wa	<https://panlex.org/snapshot/panlex-20191001-csv/5949#85317767>				<https://panlex.org/snapshot/panlex-20191001-csv/5949#85317706>		"Pakistan"@ekk	
"Diyonizosse"@wa	<https://panlex.org/snapshot/panlex-20191001-csv/5949#85308028>				<https://panlex.org/snapshot/panlex-20191001-csv/5949#85307982>		"Dionysos"@ekk	
"Ourougway"@wa	<https://panlex.org/snapshot/panlex-20191001-csv/5949#85322981>				<https://panlex.org/snapshot/panlex-20191001-csv/5949#85322869>		"Uruguay"@ekk	
"Kazaxhtan"@wa	<https://panlex.org/snapshot/panlex-20191001-csv/5949#85312170>				<https://panlex.org/snapshot/panlex-20191001-csv/5949#85312068>		"Kasahstan"@ekk	
"Finlande"@wa	<https://panlex.org/snapshot/panlex-20191001-csv/5949#85323272>				<https://panlex.org/snapshot/panlex-20191001-csv/5949#85323165>		"Soome"@ekk	
"Filipenes"@wa	<https://panlex.org/snapshot/panlex-20191001-csv/5949#85323441>				<https://panlex.org/snapshot/panlex-20191001-csv/5949#85323314>		"Filipiinid"@ekk	
"Solea"@wa	<https://panlex.org/snapshot/panlex-20191001-csv/5949#85321014>				<https://panlex.org/snapshot/panlex-20191001-csv/5949#85320888>		"Päike"@ekk	
"Brussele"@wa	<https://panlex.org/snapshot/panlex-20191001-csv/5949#85303840>				<https://panlex.org/snapshot/panlex-20191001-csv/5949#85303805>		"Brüssel"@ekk	
"Rûsseye"@wa	<https://panlex.org/snapshot/panlex-20191001-csv/5949#85319637>				<https://panlex.org/snapshot/panlex-20191001-csv/5949#85319440>		"Venemaa"@ekk	
"Ufrate"@wa	<https://panlex.org/snapshot/panlex-20191001-csv/5949#85308730>				<https://panlex.org/snapshot/panlex-20191001-csv/5949#85308689>		"Eufrat"@ekk	
"Urope"@wa	<https://panlex.org/snapshot/panlex-20191001-csv/5949#85308666>				<https://panlex.org/snapshot/panlex-20191001-csv/5949#85308524>		"Euroopa"@ekk	
"Escôsse"@wa	<https://panlex.org/snapshot/panlex-20191001-csv/5949#85325327>				<https://panlex.org/snapshot/panlex-20191001-csv/5949#85325211>		"Šotimaa"@ekk	
"Åxhe"@wa	<https://panlex.org/snapshot/panlex-20191001-csv/5949#85297593>				<https://panlex.org/snapshot/panlex-20191001-csv/5949#85297546>		"Aachen"@ekk	
"Scôsse"@wa	<https://panlex.org/snapshot/panlex-20191001-csv/5949#85325328>				<https://panlex.org/snapshot/panlex-20191001-csv/5949#85325211>		"Šotimaa"@ekk	
"bus"@wa	<https://panlex.org/snapshot/panlex-20191001-csv/5949#85330585>				<https://panlex.org/snapshot/panlex-20191001-csv/5949#85330488>		"buss"@ekk	
"Portugal"@wa	<https://panlex.org/snapshot/panlex-20191001-csv/5949#85318865>				<https://panlex.org/snapshot/panlex-20191001-csv/5949#85318786>		"Portugal"@ekk	
"Djeruzalem"@wa	<https://panlex.org/snapshot/panlex-20191001-csv/5949#85310053>				<https://panlex.org/snapshot/panlex-20191001-csv/5949#85309912>		"Jeruusalemm"@ekk	
"Crimêye"@wa	<https://panlex.org/snapshot/panlex-20191001-csv/5949#85313758>				<https://panlex.org/snapshot/panlex-20191001-csv/5949#85313702>		"Krimm"@ekk	
"Bulgåreye"@wa	<https://panlex.org/snapshot/panlex-20191001-csv/5949#85303375>				<https://panlex.org/snapshot/panlex-20191001-csv/5949#85303322>		"Bulgaaria"@ekk	
"Lidje"@wa	<https://panlex.org/snapshot/panlex-20191001-csv/5949#85314872>				<https://panlex.org/snapshot/panlex-20191001-csv/5949#85314809>		"Liège"@ekk	
"live"@wa	<https://panlex.org/snapshot/panlex-20191001-csv/5942#83282798>				<https://panlex.org/snapshot/panlex-20191001-csv/5942#83282714>		"raamat"@ekk	
"mer"@wa	<https://panlex.org/snapshot/panlex-20191001-csv/5942#83283290>				<https://panlex.org/snapshot/panlex-20191001-csv/5942#83283196>		"meri"@ekk	
"tcheyaedje d' aiwe"@wa	<https://panlex.org/snapshot/panlex-20191001-csv/5942#83279820>				<https://panlex.org/snapshot/panlex-20191001-csv/5942#83279757>		"juga"@ekk	
"waermaye"@wa	<https://panlex.org/snapshot/panlex-20191001-csv/5942#83281349>				<https://panlex.org/snapshot/panlex-20191001-csv/5942#83281322>		"ühepäevaliblikas"@ekk	
"putain"@wa	<https://panlex.org/snapshot/panlex-20191001-csv/5943#83369705>				<https://panlex.org/snapshot/panlex-20191001-csv/5943#83369580>		"lipakas"@ekk	
"putain"@wa	<https://panlex.org/snapshot/panlex-20191001-csv/5943#83369705>				<https://panlex.org/snapshot/panlex-20191001-csv/5943#83369581>		"hoor"@ekk	
"putain"@wa	<https://panlex.org/snapshot/panlex-20191001-csv/5943#83369705>				<https://panlex.org/snapshot/panlex-20191001-csv/5943#83369579>		"lits"@ekk	
"putain"@wa	<https://panlex.org/snapshot/panlex-20191001-csv/5943#83369705>				<https://panlex.org/snapshot/panlex-20191001-csv/5943#83369582>		"libu"@ekk	
"årtisyince"@wa	<https://panlex.org/snapshot/panlex-20191001-csv/5943#83312693>				<https://panlex.org/snapshot/panlex-20191001-csv/5943#83312682>		"veterinaaria"@ekk	
"årtisyince"@wa	<https://panlex.org/snapshot/panlex-20191001-csv/5943#83312693>				<https://panlex.org/snapshot/panlex-20191001-csv/5943#83312683>		"loomaarstiteadus"@ekk	
"måss"@wa	<https://panlex.org/snapshot/panlex-20191001-csv/5943#83371863>				<https://panlex.org/snapshot/panlex-20191001-csv/5943#83371802>		"märts paastukuu"@ekk	
"nouwadje"@wa	<https://panlex.org/snapshot/panlex-20191001-csv/5943#83399238>				<https://panlex.org/snapshot/panlex-20191001-csv/5943#83399191>		"pilv"@ekk	
"Finlande"@wa	<https://panlex.org/snapshot/panlex-20191001-csv/5943#83294175>				<https://panlex.org/snapshot/panlex-20191001-csv/5943#83294090>		"Soome"@ekk	
"Leune"@wa	<https://panlex.org/snapshot/panlex-20191001-csv/611#25802675>				<https://panlex.org/snapshot/panlex-20191001-csv/611#25802596>		"Kuu"@ekk	
"ôtone"@wa	<https://panlex.org/snapshot/panlex-20191001-csv/611#25795707>				<https://panlex.org/snapshot/panlex-20191001-csv/611#25795649>		"sügis"@ekk	
"ôtone"@wa	<https://panlex.org/snapshot/panlex-20191001-csv/611#25795789>				<https://panlex.org/snapshot/panlex-20191001-csv/611#25795731>		"sügis"@ekk	
"Tcheke"@wa	<https://panlex.org/snapshot/panlex-20191001-csv/405#13623161>				<https://panlex.org/snapshot/panlex-20191001-csv/405#13623105>		"tšehhi keel"@ekk	
"Catalan"@wa	<https://panlex.org/snapshot/panlex-20191001-csv/405#13622395>				<https://panlex.org/snapshot/panlex-20191001-csv/405#13622331>		"katalaani keel"@ekk	
"Esperanto"@wa	<https://panlex.org/snapshot/panlex-20191001-csv/405#13623451>				<https://panlex.org/snapshot/panlex-20191001-csv/405#13623394>		"hollandi keel"@ekk	
"Esperanto"@wa	<https://panlex.org/snapshot/panlex-20191001-csv/405#13623822>				<https://panlex.org/snapshot/panlex-20191001-csv/405#13623747>		"Esperanto"@ekk	
"Faeroyès"@wa	<https://panlex.org/snapshot/panlex-20191001-csv/405#13623996>				<https://panlex.org/snapshot/panlex-20191001-csv/405#13623952>		"fääri keel"@ekk	
"Chinwès"@wa	<https://panlex.org/snapshot/panlex-20191001-csv/405#13622719>				<https://panlex.org/snapshot/panlex-20191001-csv/405#13622668>		"hiina keel"@ekk	
"Walès"@wa	<https://panlex.org/snapshot/panlex-20191001-csv/405#13633853>				<https://panlex.org/snapshot/panlex-20191001-csv/405#13633802>		"kõmri keel"@ekk	
"Latén"@wa	<https://panlex.org/snapshot/panlex-20191001-csv/405#13627543>				<https://panlex.org/snapshot/panlex-20191001-csv/405#13627465>		"ladina keel"@ekk	
"Maltès"@wa	<https://panlex.org/snapshot/panlex-20191001-csv/405#13628269>				<https://panlex.org/snapshot/panlex-20191001-csv/405#13628224>		"malta keel"@ekk	
"Roumin"@wa	<https://panlex.org/snapshot/panlex-20191001-csv/405#13630585>				<https://panlex.org/snapshot/panlex-20191001-csv/405#13630530>		"rumeenia keel"@ekk	
"Vietnamyin"@wa	<https://panlex.org/snapshot/panlex-20191001-csv/19#1030189>				<https://panlex.org/snapshot/panlex-20191001-csv/19#1030136>		"Vietnami"@ekk	
"Portuguès"@wa	<https://panlex.org/snapshot/panlex-20191001-csv/19#1024093>				<https://panlex.org/snapshot/panlex-20191001-csv/19#1024037>		"Portugali"@ekk	
"Tcheke"@wa	<https://panlex.org/snapshot/panlex-20191001-csv/19#1022612>				<https://panlex.org/snapshot/panlex-20191001-csv/19#1022559>		"Tšehhi"@ekk	
"Azeri"@wa	<https://panlex.org/snapshot/panlex-20191001-csv/19#1024780>				<https://panlex.org/snapshot/panlex-20191001-csv/19#1024730>		"Aserbaidžaani"@ekk	
"Albanès"@wa	<https://panlex.org/snapshot/panlex-20191001-csv/19#1024688>				<https://panlex.org/snapshot/panlex-20191001-csv/19#1024630>		"albaania"@ekk	
"Albanès"@wa	<https://panlex.org/snapshot/panlex-20191001-csv/19#1024688>				<https://panlex.org/snapshot/panlex-20191001-csv/19#1024629>		"albaania keel"@ekk	
"Francès"@wa	<https://panlex.org/snapshot/panlex-20191001-csv/19#1023552>				<https://panlex.org/snapshot/panlex-20191001-csv/19#1023496>		"Prantsuse"@ekk	
"Albanyin"@wa	<https://panlex.org/snapshot/panlex-20191001-csv/19#1024689>				<https://panlex.org/snapshot/panlex-20191001-csv/19#1024630>		"albaania"@ekk	
"Albanyin"@wa	<https://panlex.org/snapshot/panlex-20191001-csv/19#1024689>				<https://panlex.org/snapshot/panlex-20191001-csv/19#1024629>		"albaania keel"@ekk	
"Rûsse"@wa	<https://panlex.org/snapshot/panlex-20191001-csv/9#506400>				<https://panlex.org/snapshot/panlex-20191001-csv/9#506343>		"vene"@ekk	
"Afganistan"@wa	<https://panlex.org/snapshot/panlex-20191001-csv/9#499213>				<https://panlex.org/snapshot/panlex-20191001-csv/9#499150>		"Afganistan"@ekk	
"måwete"@wa	<https://panlex.org/snapshot/panlex-20191001-csv/9#485075>				<https://panlex.org/snapshot/panlex-20191001-csv/9#485049>		"kajakas"@ekk	
"echeks"@wa	<https://panlex.org/snapshot/panlex-20191001-csv/9#478091>				<https://panlex.org/snapshot/panlex-20191001-csv/9#478052>		"male"@ekk	
"meûs"@wa	<https://panlex.org/snapshot/panlex-20191001-csv/9#479704>				<https://panlex.org/snapshot/panlex-20191001-csv/9#479644>		"kuu"@ekk	
"Almagne"@wa	<https://panlex.org/snapshot/panlex-20191001-csv/9#474873>				<https://panlex.org/snapshot/panlex-20191001-csv/9#474765>		"Saksamaa"@ekk	
"arabe"@wa	<https://panlex.org/snapshot/panlex-20191001-csv/9#485740>				<https://panlex.org/snapshot/panlex-20191001-csv/9#485690>		"araabia"@ekk	
"décimbe"@wa	<https://panlex.org/snapshot/panlex-20191001-csv/9#472923>				<https://panlex.org/snapshot/panlex-20191001-csv/9#472864>		"detsember"@ekk	
"amateur"@wa	<https://panlex.org/snapshot/panlex-20191001-csv/9#477578>				<https://panlex.org/snapshot/panlex-20191001-csv/9#477532>		"diletant"@ekk	
"amateur"@wa	<https://panlex.org/snapshot/panlex-20191001-csv/9#477578>				<https://panlex.org/snapshot/panlex-20191001-csv/9#477531>		"asjaarmastaja"@ekk	
"amateur"@wa	<https://panlex.org/snapshot/panlex-20191001-csv/9#477578>				<https://panlex.org/snapshot/panlex-20191001-csv/9#477530>		"amatöör"@ekk	
"ôle"@wa	<https://panlex.org/snapshot/panlex-20191001-csv/9#480508>				<https://panlex.org/snapshot/panlex-20191001-csv/9#480444>		"õli"@ekk	
"setimbe"@wa	<https://panlex.org/snapshot/panlex-20191001-csv/9#473566>				<https://panlex.org/snapshot/panlex-20191001-csv/9#473519>		"september"@ekk	
"Tcheke"@wa	<https://panlex.org/snapshot/panlex-20191001-csv/9#485640>				<https://panlex.org/snapshot/panlex-20191001-csv/9#485591>		"tšehhi"@ekk	
"Crowåte"@wa	<https://panlex.org/snapshot/panlex-20191001-csv/9#486577>				<https://panlex.org/snapshot/panlex-20191001-csv/9#486528>		"horvaadi"@ekk	
"may"@wa	<https://panlex.org/snapshot/panlex-20191001-csv/9#473251>				<https://panlex.org/snapshot/panlex-20191001-csv/9#473195>		"mai"@ekk	
"almand"@wa	<https://panlex.org/snapshot/panlex-20191001-csv/9#481168>				<https://panlex.org/snapshot/panlex-20191001-csv/9#481106>		"saksa"@ekk	
"Walès"@wa	<https://panlex.org/snapshot/panlex-20191001-csv/9#554436>				<https://panlex.org/snapshot/panlex-20191001-csv/9#554407>		"kõmri keel"@ekk	
"Chinwès"@wa	<https://panlex.org/snapshot/panlex-20191001-csv/9#486510>				<https://panlex.org/snapshot/panlex-20191001-csv/9#486455>		"hiina"@ekk	
"motî"@wa	<https://panlex.org/snapshot/panlex-20191001-csv/9#474063>				<https://panlex.org/snapshot/panlex-20191001-csv/9#474031>		"sõnaraamat"@ekk	
"alfabet grek"@wa	<https://panlex.org/snapshot/panlex-20191001-csv/9#516285>				<https://panlex.org/snapshot/panlex-20191001-csv/9#516261>		"kreeka tähestik"@ekk	
"Åxhe"@wa	<https://panlex.org/snapshot/panlex-20191001-csv/9#501951>				<https://panlex.org/snapshot/panlex-20191001-csv/9#501918>		"Aachen"@ekk	
"djun"@wa	<https://panlex.org/snapshot/panlex-20191001-csv/9#473330>				<https://panlex.org/snapshot/panlex-20191001-csv/9#473271>		"juuni"@ekk	
"tchawe"@wa	<https://panlex.org/snapshot/panlex-20191001-csv/9#547568>				<https://panlex.org/snapshot/panlex-20191001-csv/9#547535>		"hakk"@ekk	
"diccionaire"@wa	<https://panlex.org/snapshot/panlex-20191001-csv/9#479185>				<https://panlex.org/snapshot/panlex-20191001-csv/9#479129>		"sõnaraamat"@ekk	
"cafè"@wa	<https://panlex.org/snapshot/panlex-20191001-csv/9#476761>				<https://panlex.org/snapshot/panlex-20191001-csv/9#476692>		"kohv"@ekk	
"aous’"@wa	<https://panlex.org/snapshot/panlex-20191001-csv/9#473501>				<https://panlex.org/snapshot/panlex-20191001-csv/9#473426>		"august"@ekk	
"Beldjike"@wa	<https://panlex.org/snapshot/panlex-20191001-csv/9#494692>				<https://panlex.org/snapshot/panlex-20191001-csv/9#494638>		"Belgia"@ekk	
"Antigua et Barbuda"@wa	<https://panlex.org/snapshot/panlex-20191001-csv/9#544107>				<https://panlex.org/snapshot/panlex-20191001-csv/9#544044>		"Antigua ja Barbuda"@ekk	
"shîjh"@wa	<https://panlex.org/snapshot/panlex-20191001-csv/9#490464>				<https://panlex.org/snapshot/panlex-20191001-csv/9#490435>		"kuus"@ekk	
"Litwaneye"@wa	<https://panlex.org/snapshot/panlex-20191001-csv/9#539851>				<https://panlex.org/snapshot/panlex-20191001-csv/9#539771>		"Leedu"@ekk	
"djate"@wa	<https://panlex.org/snapshot/panlex-20191001-csv/9#477440>				<https://panlex.org/snapshot/panlex-20191001-csv/9#477395>		"tass"@ekk	
"belorûsse"@wa	<https://panlex.org/snapshot/panlex-20191001-csv/9#486337>				<https://panlex.org/snapshot/panlex-20191001-csv/9#486291>		"keel"@ekk	
"Basse"@wa	<https://panlex.org/snapshot/panlex-20191001-csv/9#486098>				<https://panlex.org/snapshot/panlex-20191001-csv/9#486057>		"baski"@ekk	
"Union Uropeyinne"@wa	<https://panlex.org/snapshot/panlex-20191001-csv/9#516421>				<https://panlex.org/snapshot/panlex-20191001-csv/9#516345>		"Euroopa Liit"@ekk	
"aweur"@wa	<https://panlex.org/snapshot/panlex-20191001-csv/9#476915>				<https://panlex.org/snapshot/panlex-20191001-csv/9#476870>		"rõõm"@ekk	
"noûv"@wa	<https://panlex.org/snapshot/panlex-20191001-csv/9#491067>				<https://panlex.org/snapshot/panlex-20191001-csv/9#490944>		"üheksa"@ekk	
"djulete"@wa	<https://panlex.org/snapshot/panlex-20191001-csv/9#473402>				<https://panlex.org/snapshot/panlex-20191001-csv/9#473348>		"juuli"@ekk	
"azeri"@wa	<https://panlex.org/snapshot/panlex-20191001-csv/9#486042>				<https://panlex.org/snapshot/panlex-20191001-csv/9#485999>		"Aserbaidžaani"@ekk	
"Aldjereye"@wa	<https://panlex.org/snapshot/panlex-20191001-csv/9#494906>				<https://panlex.org/snapshot/panlex-20191001-csv/9#494873>		"Alžeeria"@ekk	
"Letonyin"@wa	<https://panlex.org/snapshot/panlex-20191001-csv/9#529893>				<https://panlex.org/snapshot/panlex-20191001-csv/9#529865>		"läti keel"@ekk	
"té"@wa	<https://panlex.org/snapshot/panlex-20191001-csv/9#476671>				<https://panlex.org/snapshot/panlex-20191001-csv/9#476612>		"tee"@ekk	
"bulgåre"@wa	<https://panlex.org/snapshot/panlex-20191001-csv/9#486400>				<https://panlex.org/snapshot/panlex-20191001-csv/9#486356>		"bulgaaria"@ekk	
"zebe"@wa	<https://panlex.org/snapshot/panlex-20191001-csv/9#478037>				<https://panlex.org/snapshot/panlex-20191001-csv/9#477990>		"sebra"@ekk	
"djanvî"@wa	<https://panlex.org/snapshot/panlex-20191001-csv/9#477203>				<https://panlex.org/snapshot/panlex-20191001-csv/9#477153>		"jaanuar"@ekk	
"djanvî"@wa	<https://panlex.org/snapshot/panlex-20191001-csv/9#472983>				<https://panlex.org/snapshot/panlex-20191001-csv/9#472944>		"jaanuar"@ekk	
"Mîtrinne Mer"@wa	<https://panlex.org/snapshot/panlex-20191001-csv/9#539691>				<https://panlex.org/snapshot/panlex-20191001-csv/9#539653>		"Vahemeri"@ekk	
"Bulgåreye"@wa	<https://panlex.org/snapshot/panlex-20191001-csv/9#498239>				<https://panlex.org/snapshot/panlex-20191001-csv/9#498192>		"Bulgaaria"@ekk	
"cénk"@wa	<https://panlex.org/snapshot/panlex-20191001-csv/9#490856>				<https://panlex.org/snapshot/panlex-20191001-csv/9#490828>		"viis"@ekk	
"avri"@wa	<https://panlex.org/snapshot/panlex-20191001-csv/9#473176>				<https://panlex.org/snapshot/panlex-20191001-csv/9#473109>		"aprill"@ekk	
"növimbe"@wa	<https://panlex.org/snapshot/panlex-20191001-csv/9#473728>				<https://panlex.org/snapshot/panlex-20191001-csv/9#473667>		"november"@ekk	
"Årmenyin"@wa	<https://panlex.org/snapshot/panlex-20191001-csv/9#485862>				<https://panlex.org/snapshot/panlex-20191001-csv/9#485824>		"armeenia keel"@ekk	
"djoye"@wa	<https://panlex.org/snapshot/panlex-20191001-csv/9#476916>				<https://panlex.org/snapshot/panlex-20191001-csv/9#476870>		"rõõm"@ekk	
"octôbe"@wa	<https://panlex.org/snapshot/panlex-20191001-csv/9#473644>				<https://panlex.org/snapshot/panlex-20191001-csv/9#473586>		"oktoober"@ekk	
"mårdi"@wa	<https://panlex.org/snapshot/panlex-20191001-csv/9#477345>				<https://panlex.org/snapshot/panlex-20191001-csv/9#477276>		"teisipäev"@ekk	
"tåvlea periodike des elemints"@wa	<https://panlex.org/snapshot/panlex-20191001-csv/9#509450>				<https://panlex.org/snapshot/panlex-20191001-csv/9#509402>		"keemiliste elementide perioodilisussüsteem"@ekk	
"burton"@wa	<https://panlex.org/snapshot/panlex-20191001-csv/9#486140>				<https://panlex.org/snapshot/panlex-20191001-csv/9#486110>		"bretooni"@ekk	
"tchinne"@wa	<https://panlex.org/snapshot/panlex-20191001-csv/9#493905>				<https://panlex.org/snapshot/panlex-20191001-csv/9#493871>		"tamm"@ekk	
"Afrike"@wa	<https://panlex.org/snapshot/panlex-20191001-csv/9#479433>				<https://panlex.org/snapshot/panlex-20191001-csv/9#479398>		"Aafrika"@ekk	
"diletante"@wa	<https://panlex.org/snapshot/panlex-20191001-csv/9#477579>				<https://panlex.org/snapshot/panlex-20191001-csv/9#477532>		"diletant"@ekk	
"diletante"@wa	<https://panlex.org/snapshot/panlex-20191001-csv/9#477579>				<https://panlex.org/snapshot/panlex-20191001-csv/9#477531>		"asjaarmastaja"@ekk	
"diletante"@wa	<https://panlex.org/snapshot/panlex-20191001-csv/9#477579>				<https://panlex.org/snapshot/panlex-20191001-csv/9#477530>		"amatöör"@ekk	
"måss"@wa	<https://panlex.org/snapshot/panlex-20191001-csv/9#473087>				<https://panlex.org/snapshot/panlex-20191001-csv/9#473031>		"märts"@ekk	
"Andore"@wa	<https://panlex.org/snapshot/panlex-20191001-csv/9#526284>				<https://panlex.org/snapshot/panlex-20191001-csv/9#526209>		"Andorra"@ekk	
"Daenwès"@wa	<https://panlex.org/snapshot/panlex-20191001-csv/9#486647>				<https://panlex.org/snapshot/panlex-20191001-csv/9#486594>		"taani"@ekk	
"Årmenyin"@wa	<https://panlex.org/snapshot/panlex-20191001-csv/12#871016>				<https://panlex.org/snapshot/panlex-20191001-csv/12#870977>		"armeenia keel"@ekk	
"Carelyin"@wa	<https://panlex.org/snapshot/panlex-20191001-csv/12#897651>				<https://panlex.org/snapshot/panlex-20191001-csv/12#897627>		"Karjala"@ekk	
"Ebreu"@wa	<https://panlex.org/snapshot/panlex-20191001-csv/12#870825>				<https://panlex.org/snapshot/panlex-20191001-csv/12#870762>		"Heebrea"@ekk	
"Malayalam"@wa	<https://panlex.org/snapshot/panlex-20191001-csv/12#914327>				<https://panlex.org/snapshot/panlex-20191001-csv/12#914312>		"malajalami keel"@ekk	
"trin"@wa	<https://panlex.org/snapshot/panlex-20191001-csv/12#901937>				<https://panlex.org/snapshot/panlex-20191001-csv/12#901906>		"rong"@ekk	
"trin"@wa	<https://panlex.org/snapshot/panlex-20191001-csv/12#901898>				<https://panlex.org/snapshot/panlex-20191001-csv/12#901867>		"rong"@ekk	
"Irlandès"@wa	<https://panlex.org/snapshot/panlex-20191001-csv/12#895302>				<https://panlex.org/snapshot/panlex-20191001-csv/12#895247>		"Iiri"@ekk	
"Faerowès"@wa	<https://panlex.org/snapshot/panlex-20191001-csv/12#894432>				<https://panlex.org/snapshot/panlex-20191001-csv/12#894400>		"fääri keel"@ekk	
"Albaneye"@wa	<https://panlex.org/snapshot/panlex-20191001-csv/12#919950>				<https://panlex.org/snapshot/panlex-20191001-csv/12#919868>		"Albaania"@ekk	
"Frizon"@wa	<https://panlex.org/snapshot/panlex-20191001-csv/12#894717>				<https://panlex.org/snapshot/panlex-20191001-csv/12#894682>		"Friisi"@ekk	
"êwe"@wa	<https://panlex.org/snapshot/panlex-20191001-csv/12#851242>				<https://panlex.org/snapshot/panlex-20191001-csv/12#850900>		"vesi"@ekk	
"cafe"@wa	<https://panlex.org/snapshot/panlex-20191001-csv/12#877306>				<https://panlex.org/snapshot/panlex-20191001-csv/12#877272>		"kohv"@ekk	
"grand botike"@wa	<https://panlex.org/snapshot/panlex-20191001-csv/12#930509>				<https://panlex.org/snapshot/panlex-20191001-csv/12#930483>		"kaubehall"@ekk	
"Hindi"@wa	<https://panlex.org/snapshot/panlex-20191001-csv/12#859007>				<https://panlex.org/snapshot/panlex-20191001-csv/12#858955>		"Hindi"@ekk	
"Chinwès"@wa	<https://panlex.org/snapshot/panlex-20191001-csv/12#876848>				<https://panlex.org/snapshot/panlex-20191001-csv/12#876783>		"Hiina"@ekk	
"nîvaye"@wa	<https://panlex.org/snapshot/panlex-20191001-csv/12#846902>				<https://panlex.org/snapshot/panlex-20191001-csv/12#846845>		"lumi"@ekk	
"Sorbyin"@wa	<https://panlex.org/snapshot/panlex-20191001-csv/12#909281>				<https://panlex.org/snapshot/panlex-20191001-csv/12#909257>		"Sorbi"@ekk	
"Maltès"@wa	<https://panlex.org/snapshot/panlex-20191001-csv/12#896182>				<https://panlex.org/snapshot/panlex-20191001-csv/12#896146>		"Malta"@ekk	
"Albanès"@wa	<https://panlex.org/snapshot/panlex-20191001-csv/12#893979>				<https://panlex.org/snapshot/panlex-20191001-csv/12#893925>		"albaania"@ekk	
"Albanès"@wa	<https://panlex.org/snapshot/panlex-20191001-csv/12#893979>				<https://panlex.org/snapshot/panlex-20191001-csv/12#893924>		"albaania keel"@ekk	
"Beldjike"@wa	<https://panlex.org/snapshot/panlex-20191001-csv/12#852774>				<https://panlex.org/snapshot/panlex-20191001-csv/12#852684>		"Belgia"@ekk	
"Francès"@wa	<https://panlex.org/snapshot/panlex-20191001-csv/12#845027>				<https://panlex.org/snapshot/panlex-20191001-csv/12#844969>		"prantsuse"@ekk	
"Taylandès"@wa	<https://panlex.org/snapshot/panlex-20191001-csv/12#904946>				<https://panlex.org/snapshot/panlex-20191001-csv/12#904888>		"Tai"@ekk	
"mårdi"@wa	<https://panlex.org/snapshot/panlex-20191001-csv/12#857582>				<https://panlex.org/snapshot/panlex-20191001-csv/12#857532>		"teisipäev"@ekk	
"Djeruzalem"@wa	<https://panlex.org/snapshot/panlex-20191001-csv/12#904036>				<https://panlex.org/snapshot/panlex-20191001-csv/12#903996>		"Jeruusalemm"@ekk	
"Djeruzalem"@wa	<https://panlex.org/snapshot/panlex-20191001-csv/12#904090>				<https://panlex.org/snapshot/panlex-20191001-csv/12#904050>		"Jeruusalemm"@ekk	
"Djeruzalem"@wa	<https://panlex.org/snapshot/panlex-20191001-csv/12#903982>				<https://panlex.org/snapshot/panlex-20191001-csv/12#903942>		"Jeruusalemm"@ekk	
"Vietnam"@wa	<https://panlex.org/snapshot/panlex-20191001-csv/12#852408>				<https://panlex.org/snapshot/panlex-20191001-csv/12#852356>		"Vietnam"@ekk	
"Polonès"@wa	<https://panlex.org/snapshot/panlex-20191001-csv/12#896428>				<https://panlex.org/snapshot/panlex-20191001-csv/12#896371>		"Poola"@ekk	
"Daenwès"@wa	<https://panlex.org/snapshot/panlex-20191001-csv/12#872328>				<https://panlex.org/snapshot/panlex-20191001-csv/12#872272>		"Taani"@ekk	
"Almand"@wa	<https://panlex.org/snapshot/panlex-20191001-csv/12#849710>				<https://panlex.org/snapshot/panlex-20191001-csv/12#849642>		"Saksa"@ekk	
"Suwedwès"@wa	<https://panlex.org/snapshot/panlex-20191001-csv/12#872240>				<https://panlex.org/snapshot/panlex-20191001-csv/12#872183>		"Rootsi"@ekk	
"Finwès"@wa	<https://panlex.org/snapshot/panlex-20191001-csv/12#868686>				<https://panlex.org/snapshot/panlex-20191001-csv/12#868622>		"Soome"@ekk	
"Burton"@wa	<https://panlex.org/snapshot/panlex-20191001-csv/12#894105>				<https://panlex.org/snapshot/panlex-20191001-csv/12#894073>		"Bretooni"@ekk	
"Rûsse"@wa	<https://panlex.org/snapshot/panlex-20191001-csv/12#897617>				<https://panlex.org/snapshot/panlex-20191001-csv/12#897554>		"Vene"@ekk	
"Azeri"@wa	<https://panlex.org/snapshot/panlex-20191001-csv/12#885696>				<https://panlex.org/snapshot/panlex-20191001-csv/12#885648>		"Aserbaidžaani"@ekk	
"Castiyan"@wa	<https://panlex.org/snapshot/panlex-20191001-csv/12#869782>				<https://panlex.org/snapshot/panlex-20191001-csv/12#869720>		"Hispaania"@ekk	
"Eslovenyin"@wa	<https://panlex.org/snapshot/panlex-20191001-csv/12#904744>				<https://panlex.org/snapshot/panlex-20191001-csv/12#904687>		"Sloveeni"@ekk	
"Finlande"@wa	<https://panlex.org/snapshot/panlex-20191001-csv/12#852859>				<https://panlex.org/snapshot/panlex-20191001-csv/12#852794>		"Soome"@ekk	
"Hongrwès"@wa	<https://panlex.org/snapshot/panlex-20191001-csv/12#894540>				<https://panlex.org/snapshot/panlex-20191001-csv/12#894481>		"ungari keel"@ekk	
"Hongrwès"@wa	<https://panlex.org/snapshot/panlex-20191001-csv/12#897751>				<https://panlex.org/snapshot/panlex-20191001-csv/12#897692>		"ungari keel"@ekk	
"Rûsseye"@wa	<https://panlex.org/snapshot/panlex-20191001-csv/12#871387>				<https://panlex.org/snapshot/panlex-20191001-csv/12#871321>		"Venemaa"@ekk	
"Bulgåre"@wa	<https://panlex.org/snapshot/panlex-20191001-csv/12#894240>				<https://panlex.org/snapshot/panlex-20191001-csv/12#894193>		"Bulgaaria"@ekk	
"Bielorûsse"@wa	<https://panlex.org/snapshot/panlex-20191001-csv/12#894175>				<https://panlex.org/snapshot/panlex-20191001-csv/12#894120>		"Valgevene keel"@ekk	
"Faeroyès"@wa	<https://panlex.org/snapshot/panlex-20191001-csv/12#894433>				<https://panlex.org/snapshot/panlex-20191001-csv/12#894400>		"fääri keel"@ekk	
"way"@wa	<https://panlex.org/snapshot/panlex-20191001-csv/12#858599>				<https://panlex.org/snapshot/panlex-20191001-csv/12#858548>		"ja"@ekk	
"Mawori"@wa	<https://panlex.org/snapshot/panlex-20191001-csv/12#908652>				<https://panlex.org/snapshot/panlex-20191001-csv/12#908641>		"Maoori"@ekk	
"Portuguès"@wa	<https://panlex.org/snapshot/panlex-20191001-csv/12#872603>				<https://panlex.org/snapshot/panlex-20191001-csv/12#872546>		"Portugali"@ekk	
"Crowåte"@wa	<https://panlex.org/snapshot/panlex-20191001-csv/12#894317>				<https://panlex.org/snapshot/panlex-20191001-csv/12#894261>		"Horvaadi"@ekk	
"Tcheke"@wa	<https://panlex.org/snapshot/panlex-20191001-csv/12#894389>				<https://panlex.org/snapshot/panlex-20191001-csv/12#894334>		"Tšehhi"@ekk	
"Moritanreye"@wa	<https://panlex.org/snapshot/panlex-20191001-csv/12#909460>				<https://panlex.org/snapshot/panlex-20191001-csv/12#909415>		"Mauritaania"@ekk	
"vénrdi"@wa	<https://panlex.org/snapshot/panlex-20191001-csv/12#857367>				<https://panlex.org/snapshot/panlex-20191001-csv/12#857305>		"reede"@ekk	
"Litwanyin"@wa	<https://panlex.org/snapshot/panlex-20191001-csv/12#895903>				<https://panlex.org/snapshot/panlex-20191001-csv/12#895847>		"Leedu"@ekk	
"Indonezyin"@wa	<https://panlex.org/snapshot/panlex-20191001-csv/12#895761>				<https://panlex.org/snapshot/panlex-20191001-csv/12#895706>		"Indoneesia"@ekk	
"Albanyin"@wa	<https://panlex.org/snapshot/panlex-20191001-csv/12#893980>				<https://panlex.org/snapshot/panlex-20191001-csv/12#893925>		"albaania"@ekk	
"Albanyin"@wa	<https://panlex.org/snapshot/panlex-20191001-csv/12#893980>				<https://panlex.org/snapshot/panlex-20191001-csv/12#893924>		"albaania keel"@ekk	
"Oucrinnyin"@wa	<https://panlex.org/snapshot/panlex-20191001-csv/12#896760>				<https://panlex.org/snapshot/panlex-20191001-csv/12#896702>		"Ukraina"@ekk	
"Zoulou"@wa	<https://panlex.org/snapshot/panlex-20191001-csv/12#908046>				<https://panlex.org/snapshot/panlex-20191001-csv/12#908014>		"Suulu"@ekk	
"Oceyan Pacifike"@wa	<https://panlex.org/snapshot/panlex-20191001-csv/12#913948>				<https://panlex.org/snapshot/panlex-20191001-csv/12#913900>		"Vaikne ookean"@ekk	
"Belorûsse"@wa	<https://panlex.org/snapshot/panlex-20191001-csv/12#894174>				<https://panlex.org/snapshot/panlex-20191001-csv/12#894120>		"Valgevene keel"@ekk	
"Macedonyin"@wa	<https://panlex.org/snapshot/panlex-20191001-csv/12#895986>				<https://panlex.org/snapshot/panlex-20191001-csv/12#895941>		"Makedoonia"@ekk	
"Eslovake"@wa	<https://panlex.org/snapshot/panlex-20191001-csv/12#904670>				<https://panlex.org/snapshot/panlex-20191001-csv/12#904617>		"Slovaki"@ekk	
"Vietnamyin"@wa	<https://panlex.org/snapshot/panlex-20191001-csv/12#907740>				<https://panlex.org/snapshot/panlex-20191001-csv/12#907684>		"Vietnami"@ekk	
"Suwahili"@wa	<https://panlex.org/snapshot/panlex-20191001-csv/12#904601>				<https://panlex.org/snapshot/panlex-20191001-csv/12#904556>		"Suahiili"@ekk	
"Itålyin"@wa	<https://panlex.org/snapshot/panlex-20191001-csv/12#894862>				<https://panlex.org/snapshot/panlex-20191001-csv/12#894802>		"Itaalia"@ekk	
"Roumin"@wa	<https://panlex.org/snapshot/panlex-20191001-csv/12#896602>				<https://panlex.org/snapshot/panlex-20191001-csv/12#896550>		"Rumeenia"@ekk	
"Occitan"@wa	<https://panlex.org/snapshot/panlex-20191001-csv/12#896332>				<https://panlex.org/snapshot/panlex-20191001-csv/12#896299>		"provansi keel"@ekk	
"aiwe"@wa	<https://panlex.org/snapshot/panlex-20191001-csv/12#851241>				<https://panlex.org/snapshot/panlex-20191001-csv/12#850900>		"vesi"@ekk	
"Roumaneye"@wa	<https://panlex.org/snapshot/panlex-20191001-csv/12#896687>				<https://panlex.org/snapshot/panlex-20191001-csv/12#896624>		"Rumeenia"@ekk	
"nez"@wa	<https://panlex.org/snapshot/panlex-20191001-csv/12#871587>				<https://panlex.org/snapshot/panlex-20191001-csv/12#871502>		"nina"@ekk	
"walon"@wa	<https://panlex.org/snapshot/panlex-20191001-csv/12#905085>				<https://panlex.org/snapshot/panlex-20191001-csv/12#905044>		"Vallooni"@ekk	
"Crowåceye"@wa	<https://panlex.org/snapshot/panlex-20191001-csv/12#908366>				<https://panlex.org/snapshot/panlex-20191001-csv/12#908284>		"Horvaatia"@ekk	
"frût"@wa	<https://panlex.org/snapshot/panlex-20191001-csv/12#862825>				<https://panlex.org/snapshot/panlex-20191001-csv/12#862766>		"puuvili"@ekk	
"frût"@wa	<https://panlex.org/snapshot/panlex-20191001-csv/12#891309>				<https://panlex.org/snapshot/panlex-20191001-csv/12#891249>		"puuvili"@ekk	
"Malay"@wa	<https://panlex.org/snapshot/panlex-20191001-csv/12#896060>				<https://panlex.org/snapshot/panlex-20191001-csv/12#896002>		"Malai"@ekk	
"Bengali"@wa	<https://panlex.org/snapshot/panlex-20191001-csv/12#909198>				<https://panlex.org/snapshot/panlex-20191001-csv/12#909184>		"bengali keel"@ekk	
"Turk"@wa	<https://panlex.org/snapshot/panlex-20191001-csv/12#850819>				<https://panlex.org/snapshot/panlex-20191001-csv/12#850759>		"Türgi"@ekk	
"Letonyin"@wa	<https://panlex.org/snapshot/panlex-20191001-csv/12#895828>				<https://panlex.org/snapshot/panlex-20191001-csv/12#895776>		"läti keel"@ekk	
"Lussimbork"@wa	<https://panlex.org/snapshot/panlex-20191001-csv/12#917982>				<https://panlex.org/snapshot/panlex-20191001-csv/12#917921>		"Luksemburg"@ekk	
"Mongol"@wa	<https://panlex.org/snapshot/panlex-20191001-csv/12#896928>				<https://panlex.org/snapshot/panlex-20191001-csv/12#896886>		"mongoli keel"@ekk	
"djeyografeye"@wa	<https://panlex.org/snapshot/panlex-20191001-csv/2904#111022659>				<https://panlex.org/snapshot/panlex-20191001-csv/2904#111022691>		"geograafia"@ekk	
"istwere"@wa	<https://panlex.org/snapshot/panlex-20191001-csv/2904#111023044>				<https://panlex.org/snapshot/panlex-20191001-csv/2904#111022976>		"ajalugu"@ekk	
"astronomeye"@wa	<https://panlex.org/snapshot/panlex-20191001-csv/2904#111021989>				<https://panlex.org/snapshot/panlex-20191001-csv/2904#111022063>		"täheteadus"@ekk	
"astronomeye"@wa	<https://panlex.org/snapshot/panlex-20191001-csv/2904#111021989>				<https://panlex.org/snapshot/panlex-20191001-csv/2904#111022027>		"astronoomia"@ekk	
"filozofeye"@wa	<https://panlex.org/snapshot/panlex-20191001-csv/2904#111023824>				<https://panlex.org/snapshot/panlex-20191001-csv/2904#111023779>		"filosoofia"@ekk	
"syince"@wa	<https://panlex.org/snapshot/panlex-20191001-csv/2904#111024191>				<https://panlex.org/snapshot/panlex-20191001-csv/2904#111024244>		"teadus"@ekk	
"linwistike"@wa	<https://panlex.org/snapshot/panlex-20191001-csv/2904#111023298>				<https://panlex.org/snapshot/panlex-20191001-csv/2904#111023299>		"keeleteadus"@ekk	
"linwistike"@wa	<https://panlex.org/snapshot/panlex-20191001-csv/2904#111023298>				<https://panlex.org/snapshot/panlex-20191001-csv/2904#111023215>		"lingvistika"@ekk	
"univiersité"@wa	<https://panlex.org/snapshot/panlex-20191001-csv/2904#111024611>				<https://panlex.org/snapshot/panlex-20191001-csv/2904#111024590>		"ülikool"@ekk	
"medcene"@wa	<https://panlex.org/snapshot/panlex-20191001-csv/2904#111023616>				<https://panlex.org/snapshot/panlex-20191001-csv/2904#111023646>		"meditsiin"@ekk	
"medcene"@wa	<https://panlex.org/snapshot/panlex-20191001-csv/2904#111023616>				<https://panlex.org/snapshot/panlex-20191001-csv/2904#111023738>		"arstiteadus"@ekk	
"linwince"@wa	<https://panlex.org/snapshot/panlex-20191001-csv/2904#111023278>				<https://panlex.org/snapshot/panlex-20191001-csv/2904#111023299>		"keeleteadus"@ekk	
"linwince"@wa	<https://panlex.org/snapshot/panlex-20191001-csv/2904#111023278>				<https://panlex.org/snapshot/panlex-20191001-csv/2904#111023215>		"lingvistika"@ekk	
"Ceke polaire artike"@wa	<https://panlex.org/snapshot/panlex-20191001-csv/2910#110854801>				<https://panlex.org/snapshot/panlex-20191001-csv/2910#110854797>		"Põhjapolaarjoon"@ekk	
"Ecwåteur"@wa	<https://panlex.org/snapshot/panlex-20191001-csv/2910#110855134>				<https://panlex.org/snapshot/panlex-20191001-csv/2910#110855065>		"Poolitaja"@ekk	
"Ecwåteur"@wa	<https://panlex.org/snapshot/panlex-20191001-csv/2910#110855134>				<https://panlex.org/snapshot/panlex-20191001-csv/2910#110855062>		"Ekvaator"@ekk	
"Tropike do capricoine"@wa	<https://panlex.org/snapshot/panlex-20191001-csv/2910#110855344>				<https://panlex.org/snapshot/panlex-20191001-csv/2910#110855281>		"Kaljukitse pöörijoon"@ekk	
"Tropike do capricoine"@wa	<https://panlex.org/snapshot/panlex-20191001-csv/2910#110855344>				<https://panlex.org/snapshot/panlex-20191001-csv/2910#110855341>		"Lõunapöörijoon"@ekk	
"Pôle Sud"@wa	<https://panlex.org/snapshot/panlex-20191001-csv/2910#110855662>				<https://panlex.org/snapshot/panlex-20191001-csv/2910#110855594>		"Lõunanaba"@ekk	
"Pôle Sud"@wa	<https://panlex.org/snapshot/panlex-20191001-csv/2910#110855662>				<https://panlex.org/snapshot/panlex-20191001-csv/2910#110855604>		"Lõunapoolus"@ekk	
"Ceke polaire antartike"@wa	<https://panlex.org/snapshot/panlex-20191001-csv/2910#110855455>				<https://panlex.org/snapshot/panlex-20191001-csv/2910#110855521>		"Lõunapolaarjoon"@ekk	
"Pôle Nôr"@wa	<https://panlex.org/snapshot/panlex-20191001-csv/2910#110854570>				<https://panlex.org/snapshot/panlex-20191001-csv/2910#110854671>		"Põhjapoolus"@ekk	
"Pôle Nôr"@wa	<https://panlex.org/snapshot/panlex-20191001-csv/2910#110854570>				<https://panlex.org/snapshot/panlex-20191001-csv/2910#110854649>		"Põhjanaba"@ekk	
"Tropike del Crantche"@wa	<https://panlex.org/snapshot/panlex-20191001-csv/2910#110855019>				<https://panlex.org/snapshot/panlex-20191001-csv/2910#110854894>		"Vähi pöörijoon"@ekk	
"Tropike del Crantche"@wa	<https://panlex.org/snapshot/panlex-20191001-csv/2910#110855019>				<https://panlex.org/snapshot/panlex-20191001-csv/2910#110854918>		"Põhjapöörijoon"@ekk	
"påye"@wa	<https://panlex.org/snapshot/panlex-20191001-csv/2902#111011992>				<https://panlex.org/snapshot/panlex-20191001-csv/2902#111012160>		"rahu"@ekk	
"Ufrate"@wa	<https://panlex.org/snapshot/panlex-20191001-csv/2903#110872303>				<https://panlex.org/snapshot/panlex-20191001-csv/2903#110872228>		"Eufrat"@ekk	
"Yangtzé"@wa	<https://panlex.org/snapshot/panlex-20191001-csv/2903#110873745>				<https://panlex.org/snapshot/panlex-20191001-csv/2903#110873735>		"Jangtse"@ekk	
"Djordin"@wa	<https://panlex.org/snapshot/panlex-20191001-csv/2903#110872586>				<https://panlex.org/snapshot/panlex-20191001-csv/2903#110872594>		"Jordan"@ekk	
"Mer Mediteranêye"@wa	<https://panlex.org/snapshot/panlex-20191001-csv/2905#110870378>				<https://panlex.org/snapshot/panlex-20191001-csv/2905#110870506>		"Vahemeri"@ekk	
"Moite Mer"@wa	<https://panlex.org/snapshot/panlex-20191001-csv/2905#110869894>				<https://panlex.org/snapshot/panlex-20191001-csv/2905#110870025>		"Surnumeri"@ekk	
"Mer do Nôr"@wa	<https://panlex.org/snapshot/panlex-20191001-csv/2905#110870684>				<https://panlex.org/snapshot/panlex-20191001-csv/2905#110870568>		"Põhjameri"@ekk	
"Moite Aiwe"@wa	<https://panlex.org/snapshot/panlex-20191001-csv/2905#110870017>				<https://panlex.org/snapshot/panlex-20191001-csv/2905#110870025>		"Surnumeri"@ekk	
"Stroet d’ Djibraltar"@wa	<https://panlex.org/snapshot/panlex-20191001-csv/2905#110871268>				<https://panlex.org/snapshot/panlex-20191001-csv/2905#110871152>		"Gibraltari väin"@ekk	
"Noere Mer"@wa	<https://panlex.org/snapshot/panlex-20191001-csv/2905#110869219>				<https://panlex.org/snapshot/panlex-20191001-csv/2905#110869081>		"Must meri"@ekk	
"Blanke Mer"@wa	<https://panlex.org/snapshot/panlex-20191001-csv/2905#110871316>				<https://panlex.org/snapshot/panlex-20191001-csv/2905#110871306>		"Valge meri"@ekk	
"Mîtrinne Mer"@wa	<https://panlex.org/snapshot/panlex-20191001-csv/2905#110870489>				<https://panlex.org/snapshot/panlex-20191001-csv/2905#110870506>		"Vahemeri"@ekk	
"Djaene Mer"@wa	<https://panlex.org/snapshot/panlex-20191001-csv/2905#110871574>				<https://panlex.org/snapshot/panlex-20191001-csv/2905#110871572>		"Kollane meri"@ekk	
"Mer Baltike"@wa	<https://panlex.org/snapshot/panlex-20191001-csv/2905#110868831>				<https://panlex.org/snapshot/panlex-20191001-csv/2905#110868699>		"Läänemeri"@ekk	
"Mer Caspyinne"@wa	<https://panlex.org/snapshot/panlex-20191001-csv/2905#110869666>				<https://panlex.org/snapshot/panlex-20191001-csv/2905#110869747>		"Kaspia meri"@ekk	
"Rodje Mer"@wa	<https://panlex.org/snapshot/panlex-20191001-csv/2905#110870970>				<https://panlex.org/snapshot/panlex-20191001-csv/2905#110871106>		"Punane meri"@ekk	
"Måss"@wa	<https://panlex.org/snapshot/panlex-20191001-csv/2907#110846135>				<https://panlex.org/snapshot/panlex-20191001-csv/2907#110846007>		"Marss"@ekk	
"Mierkeure"@wa	<https://panlex.org/snapshot/panlex-20191001-csv/2907#110845099>				<https://panlex.org/snapshot/panlex-20191001-csv/2907#110845119>		"Merkuur"@ekk	
"Makemake"@wa	<https://panlex.org/snapshot/panlex-20191001-csv/2907#110847621>				<https://panlex.org/snapshot/panlex-20191001-csv/2907#110847658>		"Makemake"@ekk	
"Nûton"@wa	<https://panlex.org/snapshot/panlex-20191001-csv/2907#110847128>				<https://panlex.org/snapshot/panlex-20191001-csv/2907#110847139>		"Neptuun"@ekk	
"Uranusse"@wa	<https://panlex.org/snapshot/panlex-20191001-csv/2907#110846837>				<https://panlex.org/snapshot/panlex-20191001-csv/2907#110846849>		"Uraan"@ekk	
"ôte nén"@wa	<https://panlex.org/snapshot/panlex-20191001-csv/2907#110847998>				<https://panlex.org/snapshot/panlex-20191001-csv/2907#110848052>		"kääbusplaneet"@ekk	
"Lune"@wa	<https://panlex.org/snapshot/panlex-20191001-csv/2907#110845813>				<https://panlex.org/snapshot/panlex-20191001-csv/2907#110845721>		"Kuu"@ekk	
"Voye Sint-Djåke"@wa	<https://panlex.org/snapshot/panlex-20191001-csv/2907#110848704>				<https://panlex.org/snapshot/panlex-20191001-csv/2907#110848857>		"Linnutee"@ekk	
"Solea"@wa	<https://panlex.org/snapshot/panlex-20191001-csv/2907#110845017>				<https://panlex.org/snapshot/panlex-20191001-csv/2907#110845005>		"Päike"@ekk	
"Eriss"@wa	<https://panlex.org/snapshot/panlex-20191001-csv/2907#110847854>				<https://panlex.org/snapshot/panlex-20191001-csv/2907#110847920>		"Eris"@ekk	
"Venusse"@wa	<https://panlex.org/snapshot/panlex-20191001-csv/2907#110845402>				<https://panlex.org/snapshot/panlex-20191001-csv/2907#110845446>		"Veenus"@ekk	
"Djupiter"@wa	<https://panlex.org/snapshot/panlex-20191001-csv/2907#110846371>				<https://panlex.org/snapshot/panlex-20191001-csv/2907#110846447>		"Jupiter"@ekk	
"Haumea"@wa	<https://panlex.org/snapshot/panlex-20191001-csv/2907#110847533>				<https://panlex.org/snapshot/panlex-20191001-csv/2907#110847486>		"Haumea"@ekk	
"Pluton"@wa	<https://panlex.org/snapshot/panlex-20191001-csv/2907#110847228>				<https://panlex.org/snapshot/panlex-20191001-csv/2907#110847217>		"Pluuto"@ekk	
"Satûne"@wa	<https://panlex.org/snapshot/panlex-20191001-csv/2907#110846619>				<https://panlex.org/snapshot/panlex-20191001-csv/2907#110846635>		"Saturn"@ekk	
"Tere"@wa	<https://panlex.org/snapshot/panlex-20191001-csv/2907#110845696>				<https://panlex.org/snapshot/panlex-20191001-csv/2907#110845663>		"Maa"@ekk	
"Ceres"@wa	<https://panlex.org/snapshot/panlex-20191001-csv/2907#110846197>				<https://panlex.org/snapshot/panlex-20191001-csv/2907#110846188>		"Ceres"@ekk	
"Sistinme solrece"@wa	<https://panlex.org/snapshot/panlex-20191001-csv/2907#110848205>				<https://panlex.org/snapshot/panlex-20191001-csv/2907#110848170>		"Päikesesüsteem"@ekk	
"Oceyan Atlantike"@wa	<https://panlex.org/snapshot/panlex-20191001-csv/2901#110867543>				<https://panlex.org/snapshot/panlex-20191001-csv/2901#110867478>		"Atlant"@ekk	
"Oceyan Atlantike"@wa	<https://panlex.org/snapshot/panlex-20191001-csv/2901#110867543>				<https://panlex.org/snapshot/panlex-20191001-csv/2901#110867504>		"Atlandi ookean"@ekk	
"Oceyan Antartike"@wa	<https://panlex.org/snapshot/panlex-20191001-csv/2901#110868220>				<https://panlex.org/snapshot/panlex-20191001-csv/2901#110868209>		"Lõuna-Jäämeri"@ekk	
"Oceyan Antartike"@wa	<https://panlex.org/snapshot/panlex-20191001-csv/2901#110868220>				<https://panlex.org/snapshot/panlex-20191001-csv/2901#110868404>		"Antarktika ookean"@ekk	
"Oceyan Pacifike"@wa	<https://panlex.org/snapshot/panlex-20191001-csv/2901#110868008>				<https://panlex.org/snapshot/panlex-20191001-csv/2901#110867866>		"Vaikne ookean"@ekk	
"Oceyan Indyin"@wa	<https://panlex.org/snapshot/panlex-20191001-csv/2901#110867862>				<https://panlex.org/snapshot/panlex-20191001-csv/2901#110867701>		"India ookean"@ekk	
"Oceyan Artike"@wa	<https://panlex.org/snapshot/panlex-20191001-csv/2901#110867271>				<https://panlex.org/snapshot/panlex-20191001-csv/2901#110867126>		"Põhja-Jäämeri"@ekk	
"Oceyan Artike"@wa	<https://panlex.org/snapshot/panlex-20191001-csv/2901#110867271>				<https://panlex.org/snapshot/panlex-20191001-csv/2901#110867148>		"Jäämeri"@ekk	
"Oceyan Artike"@wa	<https://panlex.org/snapshot/panlex-20191001-csv/2901#110867271>				<https://panlex.org/snapshot/panlex-20191001-csv/2901#110867249>		"Arktika ookean"@ekk	
"Timpe d’ Artemisse a Efeze"@wa	<https://panlex.org/snapshot/panlex-20191001-csv/2908#111114017>				<https://panlex.org/snapshot/panlex-20191001-csv/2908#111113977>		"Artemise tempel Ephesoses"@ekk	
"Set merveyes do Monde"@wa	<https://panlex.org/snapshot/panlex-20191001-csv/2908#111114572>				<https://panlex.org/snapshot/panlex-20191001-csv/2908#111114588>		"Seitse maailmaimet"@ekk	
"Li Piramide di Chéops"@wa	<https://panlex.org/snapshot/panlex-20191001-csv/2908#111113780>				<https://panlex.org/snapshot/panlex-20191001-csv/2908#111113835>		"Giza püramiidid Egiptuses"@ekk	
"Les pindous djårdéns d’ Babilone"@wa	<https://panlex.org/snapshot/panlex-20191001-csv/2908#111113947>				<https://panlex.org/snapshot/panlex-20191001-csv/2908#111113872>		"Semiramise rippaiad Babülonis"@ekk	
"Li fåre d’ Alegzandreye"@wa	<https://panlex.org/snapshot/panlex-20191001-csv/2908#111114511>				<https://panlex.org/snapshot/panlex-20191001-csv/2908#111114425>		"Pharose tuletorn"@ekk	
"Li grand foirt ome di Rode"@wa	<https://panlex.org/snapshot/panlex-20191001-csv/2908#111114393>				<https://panlex.org/snapshot/panlex-20191001-csv/2908#111114358>		"Rhodose koloss"@ekk	
"Posteure di Zeus a Olimpeye"@wa	<https://panlex.org/snapshot/panlex-20191001-csv/2908#111114089>				<https://panlex.org/snapshot/panlex-20191001-csv/2908#111114177>		"Zeusi kuju Olümpias"@ekk	
"Mozolêye d’ Halicarnasse"@wa	<https://panlex.org/snapshot/panlex-20191001-csv/2908#111114270>				<https://panlex.org/snapshot/panlex-20191001-csv/2908#111114232>		"Halikarnassose mausoleum"@ekk	
"Tchårlumagne"@wa	<https://panlex.org/snapshot/panlex-20191001-csv/2906#111019613>				<https://panlex.org/snapshot/panlex-20191001-csv/2906#111019553>		"Karl Suur"@ekk	
"Adan ey Eve"@wa	<https://panlex.org/snapshot/panlex-20191001-csv/2906#111019124>				<https://panlex.org/snapshot/panlex-20191001-csv/2906#111019110>		"Aadam ja Eeva"@ekk	
"Platon"@wa	<https://panlex.org/snapshot/panlex-20191001-csv/2906#111020854>				<https://panlex.org/snapshot/panlex-20191001-csv/2906#111020869>		"Platon"@ekk	
"Tchåle li Grand"@wa	<https://panlex.org/snapshot/panlex-20191001-csv/2906#111019637>				<https://panlex.org/snapshot/panlex-20191001-csv/2906#111019553>		"Karl Suur"@ekk	
"Socrate"@wa	<https://panlex.org/snapshot/panlex-20191001-csv/2906#111021291>				<https://panlex.org/snapshot/panlex-20191001-csv/2906#111021317>		"Sokrates"@ekk	
"Djule Cezår"@wa	<https://panlex.org/snapshot/panlex-20191001-csv/2906#111020592>				<https://panlex.org/snapshot/panlex-20191001-csv/2906#111020654>		"Julius Caesar"@ekk	
"Rominne"@wa	<https://panlex.org/snapshot/panlex-20191001-csv/8#432091>				<https://panlex.org/snapshot/panlex-20191001-csv/8#432049>		"Vanarooma"@ekk	
"Serbeye eyet Montenegro"@wa	<https://panlex.org/snapshot/panlex-20191001-csv/8#115366>				<https://panlex.org/snapshot/panlex-20191001-csv/8#115313>		"Serbia ja Montenegro"@ekk	
"Serbeye eyet Montenegro"@wa	<https://panlex.org/snapshot/panlex-20191001-csv/8#115366>				<https://panlex.org/snapshot/panlex-20191001-csv/8#115314>		"Serbia ja Tšernogooria"@ekk	
"Rûsseye"@wa	<https://panlex.org/snapshot/panlex-20191001-csv/8#131550>				<https://panlex.org/snapshot/panlex-20191001-csv/8#131471>		"Venemaa"@ekk	
"deus"@wa	<https://panlex.org/snapshot/panlex-20191001-csv/8#107453>				<https://panlex.org/snapshot/panlex-20191001-csv/8#107343>		"kaks"@ekk	
"årmenyin"@wa	<https://panlex.org/snapshot/panlex-20191001-csv/5#28796>				<https://panlex.org/snapshot/panlex-20191001-csv/5#28724>		"armeeni"@ekk	
"maltès"@wa	<https://panlex.org/snapshot/panlex-20191001-csv/5#25025>				<https://panlex.org/snapshot/panlex-20191001-csv/5#24950>		"malta"@ekk	
"catalan"@wa	<https://panlex.org/snapshot/panlex-20191001-csv/5#27572>				<https://panlex.org/snapshot/panlex-20191001-csv/5#27497>		"katalaani"@ekk	
"walès"@wa	<https://panlex.org/snapshot/panlex-20191001-csv/5#23391>				<https://panlex.org/snapshot/panlex-20191001-csv/5#23321>		"uelsi"@ekk	
"gayelike escôswès"@wa	<https://panlex.org/snapshot/panlex-20191001-csv/5#24513>				<https://panlex.org/snapshot/panlex-20191001-csv/5#24442>		"šoti"@ekk	
"Finlande"@wa	<https://panlex.org/snapshot/panlex-20191001-csv/10#760710>				<https://panlex.org/snapshot/panlex-20191001-csv/10#760646>		"Soome"@ekk	
"tchandèle"@wa	<https://panlex.org/snapshot/panlex-20191001-csv/10#626091>				<https://panlex.org/snapshot/panlex-20191001-csv/10#626058>		"küünal"@ekk	
"Zivenbork"@wa	<https://panlex.org/snapshot/panlex-20191001-csv/10#755253>				<https://panlex.org/snapshot/panlex-20191001-csv/10#755227>		"Transilvaania"@ekk	
"leu"@wa	<https://panlex.org/snapshot/panlex-20191001-csv/10#620371>				<https://panlex.org/snapshot/panlex-20191001-csv/10#620330>		"hunt"@ekk	
"Daegne"@wa	<https://panlex.org/snapshot/panlex-20191001-csv/10#581068>				<https://panlex.org/snapshot/panlex-20191001-csv/10#580984>		"Maa"@ekk	
"Daenmåtche"@wa	<https://panlex.org/snapshot/panlex-20191001-csv/10#574017>				<https://panlex.org/snapshot/panlex-20191001-csv/10#573872>		"Taani"@ekk	
"Sorbyin"@wa	<https://panlex.org/snapshot/panlex-20191001-csv/10#572394>				<https://panlex.org/snapshot/panlex-20191001-csv/10#572371>		"Sorbi"@ekk	
"carote"@wa	<https://panlex.org/snapshot/panlex-20191001-csv/10#593442>				<https://panlex.org/snapshot/panlex-20191001-csv/10#593396>		"porgand"@ekk	
"Chîpe"@wa	<https://panlex.org/snapshot/panlex-20191001-csv/10#760341>				<https://panlex.org/snapshot/panlex-20191001-csv/10#760255>		"Küpros"@ekk	
"nouwadje"@wa	<https://panlex.org/snapshot/panlex-20191001-csv/15#957177>				<https://panlex.org/snapshot/panlex-20191001-csv/15#957124>		"pilv"@ekk	
"nouwadje"@wa	<https://panlex.org/snapshot/panlex-20191001-csv/15#957177>				<https://panlex.org/snapshot/panlex-20191001-csv/15#957125>		"vari"@ekk	
"måss"@wa	<https://panlex.org/snapshot/panlex-20191001-csv/15#953327>				<https://panlex.org/snapshot/panlex-20191001-csv/15#953262>		"märts"@ekk	
"Moscou"@wa	<https://panlex.org/snapshot/panlex-20191001-csv/11#789200>				<https://panlex.org/snapshot/panlex-20191001-csv/11#789160>		"Moskva"@ekk	
"tchet"@wa	<https://panlex.org/snapshot/panlex-20191001-csv/11#795694>				<https://panlex.org/snapshot/panlex-20191001-csv/11#795602>		"kass"@ekk	
"måss"@wa	<https://panlex.org/snapshot/panlex-20191001-csv/11#789064>				<https://panlex.org/snapshot/panlex-20191001-csv/11#789004>		"märts"@ekk	
"aiwe"@wa	<https://panlex.org/snapshot/panlex-20191001-csv/11#787771>				<https://panlex.org/snapshot/panlex-20191001-csv/11#787540>		"vesi"@ekk	
"Brussele"@wa	<https://panlex.org/snapshot/panlex-20191001-csv/11#829641>				<https://panlex.org/snapshot/panlex-20191001-csv/11#829606>		"Brüssel"@ekk	
"peme"@wa	<https://panlex.org/snapshot/panlex-20191001-csv/11#789524>				<https://panlex.org/snapshot/panlex-20191001-csv/11#789448>		"õun"@ekk	
"êwe"@wa	<https://panlex.org/snapshot/panlex-20191001-csv/11#787772>				<https://panlex.org/snapshot/panlex-20191001-csv/11#787540>		"vesi"@ekk	
"Albanyin"@wa	<https://panlex.org/snapshot/panlex-20191001-csv/13#950035>				<https://panlex.org/snapshot/panlex-20191001-csv/13#949983>		"albaania keel"@ekk	
"Albanyin"@wa	<https://panlex.org/snapshot/panlex-20191001-csv/13#950035>				<https://panlex.org/snapshot/panlex-20191001-csv/13#949984>		"albaania"@ekk	
"Finwès"@wa	<https://panlex.org/snapshot/panlex-20191001-csv/13#945005>				<https://panlex.org/snapshot/panlex-20191001-csv/13#944941>		"Soome"@ekk	
"Farsi"@wa	<https://panlex.org/snapshot/panlex-20191001-csv/13#944249>				<https://panlex.org/snapshot/panlex-20191001-csv/13#944200>		"Pärsia"@ekk	
"Almand"@wa	<https://panlex.org/snapshot/panlex-20191001-csv/13#944697>				<https://panlex.org/snapshot/panlex-20191001-csv/13#944635>		"Saksa"@ekk	
"Albanès"@wa	<https://panlex.org/snapshot/panlex-20191001-csv/13#950034>				<https://panlex.org/snapshot/panlex-20191001-csv/13#949983>		"albaania keel"@ekk	
"Albanès"@wa	<https://panlex.org/snapshot/panlex-20191001-csv/13#950034>				<https://panlex.org/snapshot/panlex-20191001-csv/13#949984>		"albaania"@ekk	
"Grek"@wa	<https://panlex.org/snapshot/panlex-20191001-csv/13#944859>				<https://panlex.org/snapshot/panlex-20191001-csv/13#944797>		"Kreeka"@ekk	
"Francès"@wa	<https://panlex.org/snapshot/panlex-20191001-csv/13#945080>				<https://panlex.org/snapshot/panlex-20191001-csv/13#945025>		"Prantsuse"@ekk	
"Arabe"@wa	<https://panlex.org/snapshot/panlex-20191001-csv/13#949248>				<https://panlex.org/snapshot/panlex-20191001-csv/13#949194>		"Araabia"@ekk	
"Hindi"@wa	<https://panlex.org/snapshot/panlex-20191001-csv/13#944926>				<https://panlex.org/snapshot/panlex-20191001-csv/13#944876>		"Hindi"@ekk	
"Ebreu"@wa	<https://panlex.org/snapshot/panlex-20191001-csv/13#944778>				<https://panlex.org/snapshot/panlex-20191001-csv/13#944718>		"Heebrea"@ekk	
"Coreyin"@wa	<https://panlex.org/snapshot/panlex-20191001-csv/13#945181>				<https://panlex.org/snapshot/panlex-20191001-csv/13#945128>		"Korea"@ekk	
"Portuguès"@wa	<https://panlex.org/snapshot/panlex-20191001-csv/13#944619>				<https://panlex.org/snapshot/panlex-20191001-csv/13#944562>		"Portugali"@ekk	
"Itålyin"@wa	<https://panlex.org/snapshot/panlex-20191001-csv/13#944545>				<https://panlex.org/snapshot/panlex-20191001-csv/13#944489>		"Itaalia"@ekk	
"Årmenyin"@wa	<https://panlex.org/snapshot/panlex-20191001-csv/13#950893>				<https://panlex.org/snapshot/panlex-20191001-csv/13#950853>		"armeenia keel"@ekk	
"Rûsse"@wa	<https://panlex.org/snapshot/panlex-20191001-csv/13#945601>				<https://panlex.org/snapshot/panlex-20191001-csv/13#945542>		"Vene"@ekk	
"Daenwès"@wa	<https://panlex.org/snapshot/panlex-20191001-csv/13#944470>				<https://panlex.org/snapshot/panlex-20191001-csv/13#944415>		"Taani"@ekk	
"Bulgåre"@wa	<https://panlex.org/snapshot/panlex-20191001-csv/13#950823>				<https://panlex.org/snapshot/panlex-20191001-csv/13#950774>		"Bulgaaria"@ekk	
"tunstinne"@wa	<https://panlex.org/snapshot/panlex-20191001-csv/2893#110994951>				<https://panlex.org/snapshot/panlex-20191001-csv/2893#110994841>		"volfram"@ekk	
"årsinik"@wa	<https://panlex.org/snapshot/panlex-20191001-csv/2893#110993741>				<https://panlex.org/snapshot/panlex-20191001-csv/2893#110993680>		"arseen"@ekk	
"mierkeure"@wa	<https://panlex.org/snapshot/panlex-20191001-csv/2893#110995423>				<https://panlex.org/snapshot/panlex-20191001-csv/2893#110995364>		"elavhõbe"@ekk	
"antimoenne"@wa	<https://panlex.org/snapshot/panlex-20191001-csv/2893#110994447>				<https://panlex.org/snapshot/panlex-20191001-csv/2893#110994439>		"antimon"@ekk	
"zénk"@wa	<https://panlex.org/snapshot/panlex-20191001-csv/2893#110993427>				<https://panlex.org/snapshot/panlex-20191001-csv/2893#110993507>		"tsink"@ekk	
"ôr"@wa	<https://panlex.org/snapshot/panlex-20191001-csv/2893#110995328>				<https://panlex.org/snapshot/panlex-20191001-csv/2893#110995191>		"kuld"@ekk	
"årdjint"@wa	<https://panlex.org/snapshot/panlex-20191001-csv/2893#110994063>				<https://panlex.org/snapshot/panlex-20191001-csv/2893#110994047>		"hõbe"@ekk	
"sodiom"@wa	<https://panlex.org/snapshot/panlex-20191001-csv/2893#110991032>				<https://panlex.org/snapshot/panlex-20191001-csv/2893#110991010>		"naatrium"@ekk	
"nikel"@wa	<https://panlex.org/snapshot/panlex-20191001-csv/2893#110993003>				<https://panlex.org/snapshot/panlex-20191001-csv/2893#110993056>		"nikkel"@ekk	
"tåvlea periodike"@wa	<https://panlex.org/snapshot/panlex-20191001-csv/2893#110989141>				<https://panlex.org/snapshot/panlex-20191001-csv/2893#110989211>		"perioodilisussüsteem"@ekk	
"stin"@wa	<https://panlex.org/snapshot/panlex-20191001-csv/2893#110994313>				<https://panlex.org/snapshot/panlex-20191001-csv/2893#110994279>		"tina"@ekk	
"eliom"@wa	<https://panlex.org/snapshot/panlex-20191001-csv/2893#110989490>				<https://panlex.org/snapshot/panlex-20191001-csv/2893#110989498>		"heelium"@ekk	
"platene"@wa	<https://panlex.org/snapshot/panlex-20191001-csv/2893#110995039>				<https://panlex.org/snapshot/panlex-20191001-csv/2893#110995020>		"plaatina"@ekk	
"brôme"@wa	<https://panlex.org/snapshot/panlex-20191001-csv/2893#110993923>				<https://panlex.org/snapshot/panlex-20191001-csv/2893#110993953>		"broom"@ekk	
"potassiom"@wa	<https://panlex.org/snapshot/panlex-20191001-csv/2893#110992355>				<https://panlex.org/snapshot/panlex-20191001-csv/2893#110992271>		"kaalium"@ekk	
"bôre"@wa	<https://panlex.org/snapshot/panlex-20191001-csv/2893#110989810>				<https://panlex.org/snapshot/panlex-20191001-csv/2893#110989799>		"boor"@ekk	
"shoufe"@wa	<https://panlex.org/snapshot/panlex-20191001-csv/2893#110991976>				<https://panlex.org/snapshot/panlex-20191001-csv/2893#110991914>		"väävel"@ekk	
"ocsidjinne"@wa	<https://panlex.org/snapshot/panlex-20191001-csv/2893#110990327>				<https://panlex.org/snapshot/panlex-20191001-csv/2893#110990464>		"hapnik"@ekk	
"carbone"@wa	<https://panlex.org/snapshot/panlex-20191001-csv/2893#110989990>				<https://panlex.org/snapshot/panlex-20191001-csv/2893#110990004>		"süsinik"@ekk	
"idrodjinne"@wa	<https://panlex.org/snapshot/panlex-20191001-csv/2893#110989368>				<https://panlex.org/snapshot/panlex-20191001-csv/2893#110989470>		"vesinik"@ekk	
"plonk"@wa	<https://panlex.org/snapshot/panlex-20191001-csv/2893#110995717>				<https://panlex.org/snapshot/panlex-20191001-csv/2893#110995584>		"plii"@ekk	
"azote"@wa	<https://panlex.org/snapshot/panlex-20191001-csv/2893#110990189>				<https://panlex.org/snapshot/panlex-20191001-csv/2893#110990129>		"lämmastik"@ekk	
"aluminiom"@wa	<https://panlex.org/snapshot/panlex-20191001-csv/2893#110991298>				<https://panlex.org/snapshot/panlex-20191001-csv/2893#110991400>		"alumiinium"@ekk	
"fluwôr"@wa	<https://panlex.org/snapshot/panlex-20191001-csv/2893#110990542>				<https://panlex.org/snapshot/panlex-20191001-csv/2893#110990629>		"fluor"@ekk	
"keuve"@wa	<https://panlex.org/snapshot/panlex-20191001-csv/2893#110993298>				<https://panlex.org/snapshot/panlex-20191001-csv/2893#110993205>		"vask"@ekk	
"uraniom"@wa	<https://panlex.org/snapshot/panlex-20191001-csv/2893#110995877>				<https://panlex.org/snapshot/panlex-20191001-csv/2893#110995906>		"uraan"@ekk	
"siliciom"@wa	<https://panlex.org/snapshot/panlex-20191001-csv/2893#110991591>				<https://panlex.org/snapshot/panlex-20191001-csv/2893#110991628>		"räni"@ekk	
"neyon"@wa	<https://panlex.org/snapshot/panlex-20191001-csv/2893#110990817>				<https://panlex.org/snapshot/panlex-20191001-csv/2893#110990742>		"neoon"@ekk	
"iyode"@wa	<https://panlex.org/snapshot/panlex-20191001-csv/2893#110994607>				<https://panlex.org/snapshot/panlex-20191001-csv/2893#110994649>		"jood"@ekk	
"fier"@wa	<https://panlex.org/snapshot/panlex-20191001-csv/2893#110992773>				<https://panlex.org/snapshot/panlex-20191001-csv/2893#110992731>		"raud"@ekk	
"clôre"@wa	<https://panlex.org/snapshot/panlex-20191001-csv/2893#110992200>				<https://panlex.org/snapshot/panlex-20191001-csv/2893#110992220>		"kloor"@ekk	
"fosfôre"@wa	<https://panlex.org/snapshot/panlex-20191001-csv/2893#110991700>				<https://panlex.org/snapshot/panlex-20191001-csv/2893#110991671>		"fosfor"@ekk	
"cobåle"@wa	<https://panlex.org/snapshot/panlex-20191001-csv/2893#110992936>				<https://panlex.org/snapshot/panlex-20191001-csv/2893#110992872>		"koobalt"@ekk	
"magneziom"@wa	<https://panlex.org/snapshot/panlex-20191001-csv/2893#110991222>				<https://panlex.org/snapshot/panlex-20191001-csv/2893#110991232>		"magneesium"@ekk	
"calciom"@wa	<https://panlex.org/snapshot/panlex-20191001-csv/2893#110992416>				<https://panlex.org/snapshot/panlex-20191001-csv/2893#110992530>		"kaltsium"@ekk	
"Organizåcion Daegnrece del Santé"@wa	<https://panlex.org/snapshot/panlex-20191001-csv/2894#111102488>				<https://panlex.org/snapshot/panlex-20191001-csv/2894#111102635>		"Ülemaailmne Tervishoiuorganisatsioon"@ekk	
"OEA"@wa	<https://panlex.org/snapshot/panlex-20191001-csv/2894#111101219>				<https://panlex.org/snapshot/panlex-20191001-csv/2894#111101186>		"Ameerika Riikide Organisatsioon"@ekk	
"Organizåcion do Traité di l’ Atlantike Nôr"@wa	<https://panlex.org/snapshot/panlex-20191001-csv/2894#111101075>				<https://panlex.org/snapshot/panlex-20191001-csv/2894#111101057>		"Põhja-Atlandi Lepingu Organisatsioon"@ekk	
"Organizåcion d’ estats amerikins"@wa	<https://panlex.org/snapshot/panlex-20191001-csv/2894#111101216>				<https://panlex.org/snapshot/panlex-20191001-csv/2894#111101186>		"Ameerika Riikide Organisatsioon"@ekk	
"Cominålté d’ estats indepindants"@wa	<https://panlex.org/snapshot/panlex-20191001-csv/2894#111099840>				<https://panlex.org/snapshot/panlex-20191001-csv/2894#111099981>		"Sõltumatute Riikide Ühendus"@ekk	
"Cominålté d’ estats indepindants"@wa	<https://panlex.org/snapshot/panlex-20191001-csv/2894#111099840>				<https://panlex.org/snapshot/panlex-20191001-csv/2894#111099905>		"SRÜ"@ekk	
"ONU"@wa	<https://panlex.org/snapshot/panlex-20191001-csv/2894#111101937>				<https://panlex.org/snapshot/panlex-20191001-csv/2894#111101908>		"Ühinenud Rahvaste Organisatsioon"@ekk	
"ONU"@wa	<https://panlex.org/snapshot/panlex-20191001-csv/2894#111101937>				<https://panlex.org/snapshot/panlex-20191001-csv/2894#111102016>		"ÜRO"@ekk	
"Rodje Croes"@wa	<https://panlex.org/snapshot/panlex-20191001-csv/2894#111101620>				<https://panlex.org/snapshot/panlex-20191001-csv/2894#111101585>		"Punane Rist"@ekk	
"Union Uropeyinne"@wa	<https://panlex.org/snapshot/panlex-20191001-csv/2894#111100366>				<https://panlex.org/snapshot/panlex-20191001-csv/2894#111100320>		"EL"@ekk	
"Union Uropeyinne"@wa	<https://panlex.org/snapshot/panlex-20191001-csv/2894#111100366>				<https://panlex.org/snapshot/panlex-20191001-csv/2894#111100369>		"Euroopa Liit"@ekk	
"Rodje Crexhant"@wa	<https://panlex.org/snapshot/panlex-20191001-csv/2894#111101811>				<https://panlex.org/snapshot/panlex-20191001-csv/2894#111101721>		"Punane Poolkuu"@ekk	
"Comité Olimpike Eternåcionå"@wa	<https://panlex.org/snapshot/panlex-20191001-csv/2894#111100648>				<https://panlex.org/snapshot/panlex-20191001-csv/2894#111100590>		"ROK"@ekk	
"Comité Olimpike Eternåcionå"@wa	<https://panlex.org/snapshot/panlex-20191001-csv/2894#111100648>				<https://panlex.org/snapshot/panlex-20191001-csv/2894#111100591>		"Rahvusvaheline Olümpiakomitee"@ekk	
"OTAN"@wa	<https://panlex.org/snapshot/panlex-20191001-csv/2894#111101114>				<https://panlex.org/snapshot/panlex-20191001-csv/2894#111101057>		"Põhja-Atlandi Lepingu Organisatsioon"@ekk	
"Ligue Arabe"@wa	<https://panlex.org/snapshot/panlex-20191001-csv/2894#111100795>				<https://panlex.org/snapshot/panlex-20191001-csv/2894#111100792>		"Araabia Liiga"@ekk	
"Ligue Arabe"@wa	<https://panlex.org/snapshot/panlex-20191001-csv/2894#111100795>				<https://panlex.org/snapshot/panlex-20191001-csv/2894#111100797>		"Araabia Riikide Liiga"@ekk	
"Organizåcion des Nåcions Uneyes"@wa	<https://panlex.org/snapshot/panlex-20191001-csv/2894#111102004>				<https://panlex.org/snapshot/panlex-20191001-csv/2894#111101908>		"Ühinenud Rahvaste Organisatsioon"@ekk	
"Organizåcion des Nåcions Uneyes"@wa	<https://panlex.org/snapshot/panlex-20191001-csv/2894#111102004>				<https://panlex.org/snapshot/panlex-20191001-csv/2894#111102016>		"ÜRO"@ekk	
"CEI"@wa	<https://panlex.org/snapshot/panlex-20191001-csv/2894#111099859>				<https://panlex.org/snapshot/panlex-20191001-csv/2894#111099981>		"Sõltumatute Riikide Ühendus"@ekk	
"CEI"@wa	<https://panlex.org/snapshot/panlex-20191001-csv/2894#111099859>				<https://panlex.org/snapshot/panlex-20191001-csv/2894#111099905>		"SRÜ"@ekk	
"vénrdi"@wa	<https://panlex.org/snapshot/panlex-20191001-csv/2892#110825838>				<https://panlex.org/snapshot/panlex-20191001-csv/2892#110826025>		"reede"@ekk	
"mierkidi"@wa	<https://panlex.org/snapshot/panlex-20191001-csv/2892#110825139>				<https://panlex.org/snapshot/panlex-20191001-csv/2892#110825052>		"kolmapäev"@ekk	
"semdi"@wa	<https://panlex.org/snapshot/panlex-20191001-csv/2892#110826453>				<https://panlex.org/snapshot/panlex-20191001-csv/2892#110826487>		"laupäev"@ekk	
"djudi"@wa	<https://panlex.org/snapshot/panlex-20191001-csv/2892#110825368>				<https://panlex.org/snapshot/panlex-20191001-csv/2892#110825523>		"neljapäev"@ekk	
"mårdi"@wa	<https://panlex.org/snapshot/panlex-20191001-csv/2892#110824459>				<https://panlex.org/snapshot/panlex-20191001-csv/2892#110824754>		"teisipäev"@ekk	
"londi"@wa	<https://panlex.org/snapshot/panlex-20191001-csv/2892#110824155>				<https://panlex.org/snapshot/panlex-20191001-csv/2892#110824424>		"esmaspäev"@ekk	
"dimegne"@wa	<https://panlex.org/snapshot/panlex-20191001-csv/2892#110826659>				<https://panlex.org/snapshot/panlex-20191001-csv/2892#110826753>		"pühapäev"@ekk	
"setimbe"@wa	<https://panlex.org/snapshot/panlex-20191001-csv/2897#110830585>				<https://panlex.org/snapshot/panlex-20191001-csv/2897#110830388>		"september"@ekk	
"setimbe"@wa	<https://panlex.org/snapshot/panlex-20191001-csv/2897#110830585>				<https://panlex.org/snapshot/panlex-20191001-csv/2897#110830715>		"mihklikuu"@ekk	
"djun"@wa	<https://panlex.org/snapshot/panlex-20191001-csv/2897#110829183>				<https://panlex.org/snapshot/panlex-20191001-csv/2897#110829358>		"juuni"@ekk	
"djun"@wa	<https://panlex.org/snapshot/panlex-20191001-csv/2897#110829183>				<https://panlex.org/snapshot/panlex-20191001-csv/2897#110829364>		"jaanikuu"@ekk	
"may"@wa	<https://panlex.org/snapshot/panlex-20191001-csv/2897#110828733>				<https://panlex.org/snapshot/panlex-20191001-csv/2897#110828807>		"mai"@ekk	
"may"@wa	<https://panlex.org/snapshot/panlex-20191001-csv/2897#110828733>				<https://panlex.org/snapshot/panlex-20191001-csv/2897#110828942>		"lehekuu"@ekk	
"octôbe"@wa	<https://panlex.org/snapshot/panlex-20191001-csv/2897#110830742>				<https://panlex.org/snapshot/panlex-20191001-csv/2897#110830914>		"viinakuu"@ekk	
"octôbe"@wa	<https://panlex.org/snapshot/panlex-20191001-csv/2897#110830742>				<https://panlex.org/snapshot/panlex-20191001-csv/2897#110830908>		"oktoober"@ekk	
"djulete"@wa	<https://panlex.org/snapshot/panlex-20191001-csv/2897#110829773>				<https://panlex.org/snapshot/panlex-20191001-csv/2897#110829516>		"heinakuu"@ekk	
"djulete"@wa	<https://panlex.org/snapshot/panlex-20191001-csv/2897#110829773>				<https://panlex.org/snapshot/panlex-20191001-csv/2897#110829631>		"juuli"@ekk	
"nôvimbe"@wa	<https://panlex.org/snapshot/panlex-20191001-csv/2897#110831440>				<https://panlex.org/snapshot/panlex-20191001-csv/2897#110831264>		"talvekuu"@ekk	
"nôvimbe"@wa	<https://panlex.org/snapshot/panlex-20191001-csv/2897#110831440>				<https://panlex.org/snapshot/panlex-20191001-csv/2897#110831341>		"november"@ekk	
"awousse"@wa	<https://panlex.org/snapshot/panlex-20191001-csv/2897#110830261>				<https://panlex.org/snapshot/panlex-20191001-csv/2897#110830161>		"august"@ekk	
"awousse"@wa	<https://panlex.org/snapshot/panlex-20191001-csv/2897#110830261>				<https://panlex.org/snapshot/panlex-20191001-csv/2897#110830299>		"lõikuskuu"@ekk	
"decimbe"@wa	<https://panlex.org/snapshot/panlex-20191001-csv/2897#110831624>				<https://panlex.org/snapshot/panlex-20191001-csv/2897#110831878>		"jõ ulu"@ekk	
"decimbe"@wa	<https://panlex.org/snapshot/panlex-20191001-csv/2897#110831624>				<https://panlex.org/snapshot/panlex-20191001-csv/2897#110831956>		"detsember"@ekk	
"djanvî"@wa	<https://panlex.org/snapshot/panlex-20191001-csv/2897#110827184>				<https://panlex.org/snapshot/panlex-20191001-csv/2897#110827257>		"südamekuu"@ekk	
"djanvî"@wa	<https://panlex.org/snapshot/panlex-20191001-csv/2897#110827184>				<https://panlex.org/snapshot/panlex-20191001-csv/2897#110827407>		"näärikuu"@ekk	
"djanvî"@wa	<https://panlex.org/snapshot/panlex-20191001-csv/2897#110827184>				<https://panlex.org/snapshot/panlex-20191001-csv/2897#110827251>		"helmekuu"@ekk	
"djanvî"@wa	<https://panlex.org/snapshot/panlex-20191001-csv/2897#110827184>				<https://panlex.org/snapshot/panlex-20191001-csv/2897#110827428>		"jaanuar"@ekk	
"fevrî"@wa	<https://panlex.org/snapshot/panlex-20191001-csv/2897#110827526>				<https://panlex.org/snapshot/panlex-20191001-csv/2897#110827694>		"hundikuu"@ekk	
"fevrî"@wa	<https://panlex.org/snapshot/panlex-20191001-csv/2897#110827526>				<https://panlex.org/snapshot/panlex-20191001-csv/2897#110827612>		"küünlakuu"@ekk	
"fevrî"@wa	<https://panlex.org/snapshot/panlex-20191001-csv/2897#110827526>				<https://panlex.org/snapshot/panlex-20191001-csv/2897#110827696>		"vastlakuu"@ekk	
"fevrî"@wa	<https://panlex.org/snapshot/panlex-20191001-csv/2897#110827526>				<https://panlex.org/snapshot/panlex-20191001-csv/2897#110827460>		"veebruar"@ekk	
"avri"@wa	<https://panlex.org/snapshot/panlex-20191001-csv/2897#110828384>				<https://panlex.org/snapshot/panlex-20191001-csv/2897#110828556>		"aprill"@ekk	
"avri"@wa	<https://panlex.org/snapshot/panlex-20191001-csv/2897#110828384>				<https://panlex.org/snapshot/panlex-20191001-csv/2897#110828337>		"jürikuu"@ekk	
"måss"@wa	<https://panlex.org/snapshot/panlex-20191001-csv/2897#110827867>				<https://panlex.org/snapshot/panlex-20191001-csv/2897#110828139>		"paastukuu"@ekk	
"måss"@wa	<https://panlex.org/snapshot/panlex-20191001-csv/2897#110827867>				<https://panlex.org/snapshot/panlex-20191001-csv/2897#110828230>		"märts"@ekk	
"Afrike"@wa	<https://panlex.org/snapshot/panlex-20191001-csv/2891#110853103>				<https://panlex.org/snapshot/panlex-20191001-csv/2891#110853095>		"Aafrika"@ekk	
"Azeye"@wa	<https://panlex.org/snapshot/panlex-20191001-csv/2891#110853945>				<https://panlex.org/snapshot/panlex-20191001-csv/2891#110853993>		"Aasia"@ekk	
"Urope"@wa	<https://panlex.org/snapshot/panlex-20191001-csv/2891#110854100>				<https://panlex.org/snapshot/panlex-20191001-csv/2891#110854060>		"Euroopa"@ekk	
"Antartike"@wa	<https://panlex.org/snapshot/panlex-20191001-csv/2891#110853617>				<https://panlex.org/snapshot/panlex-20191001-csv/2891#110853772>		"Antarktika"@ekk	
"Oceyaneye"@wa	<https://panlex.org/snapshot/panlex-20191001-csv/2891#110854533>				<https://panlex.org/snapshot/panlex-20191001-csv/2891#110854409>		"Okeaania"@ekk	
"Amerike"@wa	<https://panlex.org/snapshot/panlex-20191001-csv/2891#110853357>				<https://panlex.org/snapshot/panlex-20191001-csv/2891#110853292>		"Ameerika"@ekk	
"Tchår Pôcet"@wa	<https://panlex.org/snapshot/panlex-20191001-csv/2890#111032976>				<https://panlex.org/snapshot/panlex-20191001-csv/2890#111032965>		"Suur Vanker"@ekk	
"Atelêye Pôcet"@wa	<https://panlex.org/snapshot/panlex-20191001-csv/2890#111032951>				<https://panlex.org/snapshot/panlex-20191001-csv/2890#111032965>		"Suur Vanker"@ekk	
"Grand Tchår"@wa	<https://panlex.org/snapshot/panlex-20191001-csv/2890#111032938>				<https://panlex.org/snapshot/panlex-20191001-csv/2890#111032965>		"Suur Vanker"@ekk	
"Carpates"@wa	<https://panlex.org/snapshot/panlex-20191001-csv/2896#110866124>				<https://panlex.org/snapshot/panlex-20191001-csv/2896#110866137>		"Karpaadid"@ekk	
