"santé"@wa	<https://panlex.org/snapshot/panlex-20191001-csv/5939#80838927>				<https://panlex.org/snapshot/panlex-20191001-csv/5939#80838896>		"heilendi"@non	
"santé"@wa	<https://panlex.org/snapshot/panlex-20191001-csv/5939#80838927>				<https://panlex.org/snapshot/panlex-20191001-csv/5939#80838895>		"heilsa"@non	
"plouve"@wa	<https://panlex.org/snapshot/panlex-20191001-csv/5946#84436406>				<https://panlex.org/snapshot/panlex-20191001-csv/5946#84436351>		"regn"@non	
"Djeruzalem"@wa	<https://panlex.org/snapshot/panlex-20191001-csv/5949#85310053>				<https://panlex.org/snapshot/panlex-20191001-csv/5949#85309990>		"Jórsalir"@non	
"Djeruzalem"@wa	<https://panlex.org/snapshot/panlex-20191001-csv/5949#85310053>				<https://panlex.org/snapshot/panlex-20191001-csv/5949#85309991>		"Jórsalaborg"@non	
"påye"@wa	<https://panlex.org/snapshot/panlex-20191001-csv/2902#111011992>				<https://panlex.org/snapshot/panlex-20191001-csv/2902#111012178>		"friðr"@non	
"påye"@wa	<https://panlex.org/snapshot/panlex-20191001-csv/2902#111011992>				<https://panlex.org/snapshot/panlex-20191001-csv/2902#111012314>		"ᚠᚱᛁᚦᚱ"@non	
"Mer Mediteranêye"@wa	<https://panlex.org/snapshot/panlex-20191001-csv/2905#110870378>				<https://panlex.org/snapshot/panlex-20191001-csv/2905#110870472>		"Jórsalahaf"@non	
"Mer Mediteranêye"@wa	<https://panlex.org/snapshot/panlex-20191001-csv/2905#110870378>				<https://panlex.org/snapshot/panlex-20191001-csv/2905#110870261>		"Miðjarðarhaf"@non	
"Moite Mer"@wa	<https://panlex.org/snapshot/panlex-20191001-csv/2905#110869894>				<https://panlex.org/snapshot/panlex-20191001-csv/2905#110870045>		"Dauðasjór"@non	
"Mer do Nôr"@wa	<https://panlex.org/snapshot/panlex-20191001-csv/2905#110870684>				<https://panlex.org/snapshot/panlex-20191001-csv/2905#110870558>		"Englandshaf"@non	
"Mer do Nôr"@wa	<https://panlex.org/snapshot/panlex-20191001-csv/2905#110870684>				<https://panlex.org/snapshot/panlex-20191001-csv/2905#110870636>		"Norðrsjór"@non	
"Moite Aiwe"@wa	<https://panlex.org/snapshot/panlex-20191001-csv/2905#110870017>				<https://panlex.org/snapshot/panlex-20191001-csv/2905#110870045>		"Dauðasjór"@non	
"Noere Mer"@wa	<https://panlex.org/snapshot/panlex-20191001-csv/2905#110869219>				<https://panlex.org/snapshot/panlex-20191001-csv/2905#110869205>		"Svartahaf"@non	
"Blanke Mer"@wa	<https://panlex.org/snapshot/panlex-20191001-csv/2905#110871316>				<https://panlex.org/snapshot/panlex-20191001-csv/2905#110871291>		"Gandvík"@non	
"Mîtrinne Mer"@wa	<https://panlex.org/snapshot/panlex-20191001-csv/2905#110870489>				<https://panlex.org/snapshot/panlex-20191001-csv/2905#110870472>		"Jórsalahaf"@non	
"Mîtrinne Mer"@wa	<https://panlex.org/snapshot/panlex-20191001-csv/2905#110870489>				<https://panlex.org/snapshot/panlex-20191001-csv/2905#110870261>		"Miðjarðarhaf"@non	
"Mer Baltike"@wa	<https://panlex.org/snapshot/panlex-20191001-csv/2905#110868831>				<https://panlex.org/snapshot/panlex-20191001-csv/2905#110868785>		"Eystrasalt"@non	
"Rodje Mer"@wa	<https://panlex.org/snapshot/panlex-20191001-csv/2905#110870970>				<https://panlex.org/snapshot/panlex-20191001-csv/2905#110870979>		"Hafið Rauða"@non	
"Rodje Mer"@wa	<https://panlex.org/snapshot/panlex-20191001-csv/2905#110870970>				<https://panlex.org/snapshot/panlex-20191001-csv/2905#110871003>		"Rauða Haf"@non	
"Oceyan Atlantike"@wa	<https://panlex.org/snapshot/panlex-20191001-csv/2901#110867543>				<https://panlex.org/snapshot/panlex-20191001-csv/2901#110867609>		"Atlantshaf"@non	
"Oceyan Atlantike"@wa	<https://panlex.org/snapshot/panlex-20191001-csv/2901#110867543>				<https://panlex.org/snapshot/panlex-20191001-csv/2901#110867535>		"Írlandshaf"@non	
"Oceyan Pacifike"@wa	<https://panlex.org/snapshot/panlex-20191001-csv/2901#110868008>				<https://panlex.org/snapshot/panlex-20191001-csv/2901#110867888>		"Kyrrahaf"@non	
"Oceyan Indyin"@wa	<https://panlex.org/snapshot/panlex-20191001-csv/2901#110867862>				<https://panlex.org/snapshot/panlex-20191001-csv/2901#110867655>		"Indlandshaf"@non	
"Oceyan Indyin"@wa	<https://panlex.org/snapshot/panlex-20191001-csv/2901#110867862>				<https://panlex.org/snapshot/panlex-20191001-csv/2901#110867768>		"Indialandshaf"@non	
"Oceyan Artike"@wa	<https://panlex.org/snapshot/panlex-20191001-csv/2901#110867271>				<https://panlex.org/snapshot/panlex-20191001-csv/2901#110867279>		"Dumbshaf"@non	
"Daenmåtche"@wa	<https://panlex.org/snapshot/panlex-20191001-csv/10#574017>				<https://panlex.org/snapshot/panlex-20191001-csv/10#573954>		"Danmǫrk"@non	
"vénrdi"@wa	<https://panlex.org/snapshot/panlex-20191001-csv/2892#110825838>				<https://panlex.org/snapshot/panlex-20191001-csv/2892#110826107>		"frjádagr"@non	
"vénrdi"@wa	<https://panlex.org/snapshot/panlex-20191001-csv/2892#110825838>				<https://panlex.org/snapshot/panlex-20191001-csv/2892#110825701>		"fǫstudagr"@non	
"mierkidi"@wa	<https://panlex.org/snapshot/panlex-20191001-csv/2892#110825139>				<https://panlex.org/snapshot/panlex-20191001-csv/2892#110824914>		"miðvikudagr"@non	
"mierkidi"@wa	<https://panlex.org/snapshot/panlex-20191001-csv/2892#110825139>				<https://panlex.org/snapshot/panlex-20191001-csv/2892#110824859>		"óðinsdagr"@non	
"semdi"@wa	<https://panlex.org/snapshot/panlex-20191001-csv/2892#110826453>				<https://panlex.org/snapshot/panlex-20191001-csv/2892#110826143>		"þváttdagr"@non	
"semdi"@wa	<https://panlex.org/snapshot/panlex-20191001-csv/2892#110826453>				<https://panlex.org/snapshot/panlex-20191001-csv/2892#110826555>		"laugardagr"@non	
"djudi"@wa	<https://panlex.org/snapshot/panlex-20191001-csv/2892#110825368>				<https://panlex.org/snapshot/panlex-20191001-csv/2892#110825658>		"fimtidagr"@non	
"djudi"@wa	<https://panlex.org/snapshot/panlex-20191001-csv/2892#110825368>				<https://panlex.org/snapshot/panlex-20191001-csv/2892#110825394>		"þórsdagr"@non	
"mårdi"@wa	<https://panlex.org/snapshot/panlex-20191001-csv/2892#110824459>				<https://panlex.org/snapshot/panlex-20191001-csv/2892#110824840>		"týsdagr"@non	
"mårdi"@wa	<https://panlex.org/snapshot/panlex-20191001-csv/2892#110824459>				<https://panlex.org/snapshot/panlex-20191001-csv/2892#110824792>		"þriðjudagr"@non	
"mårdi"@wa	<https://panlex.org/snapshot/panlex-20191001-csv/2892#110824459>				<https://panlex.org/snapshot/panlex-20191001-csv/2892#110824553>		"þriðidagr"@non	
"mårdi"@wa	<https://panlex.org/snapshot/panlex-20191001-csv/2892#110824459>				<https://panlex.org/snapshot/panlex-20191001-csv/2892#110824537>		"týrsdagr"@non	
"londi"@wa	<https://panlex.org/snapshot/panlex-20191001-csv/2892#110824155>				<https://panlex.org/snapshot/panlex-20191001-csv/2892#110824311>		"mánadagr"@non	
"londi"@wa	<https://panlex.org/snapshot/panlex-20191001-csv/2892#110824155>				<https://panlex.org/snapshot/panlex-20191001-csv/2892#110824125>		"mánudagr"@non	
"dimegne"@wa	<https://panlex.org/snapshot/panlex-20191001-csv/2892#110826659>				<https://panlex.org/snapshot/panlex-20191001-csv/2892#110826660>		"dróttinsdagr"@non	
"dimegne"@wa	<https://panlex.org/snapshot/panlex-20191001-csv/2892#110826659>				<https://panlex.org/snapshot/panlex-20191001-csv/2892#110826809>		"sunnudagr"@non	
