"talatala"@kng	<https://panlex.org/snapshot/panlex-20191001-csv/5946#84446230>				<https://panlex.org/snapshot/panlex-20191001-csv/5946#84446284>		"آیینه"@pes	
"maza"@kng	<https://panlex.org/snapshot/panlex-20191001-csv/12#850991>				<https://panlex.org/snapshot/panlex-20191001-csv/12#851105>		"آب"@pes	
"kizabu"@kng	<https://panlex.org/snapshot/panlex-20191001-csv/2904#111024190>				<https://panlex.org/snapshot/panlex-20191001-csv/2904#111024421>		"دانش"@pes	
"kizabu"@kng	<https://panlex.org/snapshot/panlex-20191001-csv/2904#111024190>				<https://panlex.org/snapshot/panlex-20191001-csv/2904#111024196>		"علم"@pes	
"kizabu"@kng	<https://panlex.org/snapshot/panlex-20191001-csv/2904#111024190>				<https://panlex.org/snapshot/panlex-20191001-csv/2904#111024404>		"elm"@pes	
"kizabu"@kng	<https://panlex.org/snapshot/panlex-20191001-csv/2904#111024190>				<https://panlex.org/snapshot/panlex-20191001-csv/2904#111024237>		"dâneš"@pes	
"kikœndi"@kng	<https://panlex.org/snapshot/panlex-20191001-csv/2902#111012220>				<https://panlex.org/snapshot/panlex-20191001-csv/2902#111012018>		"solh"@pes	
"kikœndi"@kng	<https://panlex.org/snapshot/panlex-20191001-csv/2902#111012220>				<https://panlex.org/snapshot/panlex-20191001-csv/2902#111012226>		"صلح"@pes	
"Nilo"@kng	<https://panlex.org/snapshot/panlex-20191001-csv/2903#110872895>				<https://panlex.org/snapshot/panlex-20191001-csv/2903#110872877>		"Nil"@pes	
"Nilo"@kng	<https://panlex.org/snapshot/panlex-20191001-csv/2903#110872895>				<https://panlex.org/snapshot/panlex-20191001-csv/2903#110872863>		"نیل"@pes	
"Kimvuka ya Afelika"@kng	<https://panlex.org/snapshot/panlex-20191001-csv/2894#111099666>				<https://panlex.org/snapshot/panlex-20191001-csv/2894#111099549>		"Ettehâdiyeye Âfriqâ"@pes	
"Kimvuka ya Afelika"@kng	<https://panlex.org/snapshot/panlex-20191001-csv/2894#111099666>				<https://panlex.org/snapshot/panlex-20191001-csv/2894#111099636>		"Ettehâdiyeye Afriqâ"@pes	
"Kimvuka ya Afelika"@kng	<https://panlex.org/snapshot/panlex-20191001-csv/2894#111099666>				<https://panlex.org/snapshot/panlex-20191001-csv/2894#111099535>		"اتحادیهٔ افریقا"@pes	
"Kimvuka ya Afelika"@kng	<https://panlex.org/snapshot/panlex-20191001-csv/2894#111099666>				<https://panlex.org/snapshot/panlex-20191001-csv/2894#111099527>		"اتحادیهٔ آفریقا"@pes	
"Mputu"@kng	<https://panlex.org/snapshot/panlex-20191001-csv/2891#110854072>				<https://panlex.org/snapshot/panlex-20191001-csv/2891#110854164>		"فرنگستان"@pes	
"Mputu"@kng	<https://panlex.org/snapshot/panlex-20191001-csv/2891#110854072>				<https://panlex.org/snapshot/panlex-20191001-csv/2891#110854065>		"Orupâ"@pes	
"Mputu"@kng	<https://panlex.org/snapshot/panlex-20191001-csv/2891#110854072>				<https://panlex.org/snapshot/panlex-20191001-csv/2891#110854223>		"اروپا"@pes	
"Mputu"@kng	<https://panlex.org/snapshot/panlex-20191001-csv/2891#110854072>				<https://panlex.org/snapshot/panlex-20191001-csv/2891#110854088>		"Farang"@pes	
"Mputu"@kng	<https://panlex.org/snapshot/panlex-20191001-csv/2891#110854072>				<https://panlex.org/snapshot/panlex-20191001-csv/2891#110854269>		"Farangestân"@pes	
"Mputu"@kng	<https://panlex.org/snapshot/panlex-20191001-csv/2891#110854072>				<https://panlex.org/snapshot/panlex-20191001-csv/2891#110854096>		"فرنگ"@pes	
"Azia"@kng	<https://panlex.org/snapshot/panlex-20191001-csv/2891#110853953>				<https://panlex.org/snapshot/panlex-20191001-csv/2891#110853846>		"Âsyâ"@pes	
"Azia"@kng	<https://panlex.org/snapshot/panlex-20191001-csv/2891#110853953>				<https://panlex.org/snapshot/panlex-20191001-csv/2891#110853946>		"آسیا"@pes	
"Amerika"@kng	<https://panlex.org/snapshot/panlex-20191001-csv/2891#110853477>				<https://panlex.org/snapshot/panlex-20191001-csv/2891#110853359>		"امریکا"@pes	
"Amerika"@kng	<https://panlex.org/snapshot/panlex-20191001-csv/2891#110853477>				<https://panlex.org/snapshot/panlex-20191001-csv/2891#110853504>		"Amrikâ"@pes	
"Amerika"@kng	<https://panlex.org/snapshot/panlex-20191001-csv/2891#110853477>				<https://panlex.org/snapshot/panlex-20191001-csv/2891#110853525>		"Âmrikâ"@pes	
"Amerika"@kng	<https://panlex.org/snapshot/panlex-20191001-csv/2891#110853477>				<https://panlex.org/snapshot/panlex-20191001-csv/2891#110853534>		"آمریکا"@pes	
"Afelika"@kng	<https://panlex.org/snapshot/panlex-20191001-csv/2891#110853211>				<https://panlex.org/snapshot/panlex-20191001-csv/2891#110853030>		"Âfriqâ"@pes	
"Afelika"@kng	<https://panlex.org/snapshot/panlex-20191001-csv/2891#110853211>				<https://panlex.org/snapshot/panlex-20191001-csv/2891#110853149>		"افریقا"@pes	
"Afelika"@kng	<https://panlex.org/snapshot/panlex-20191001-csv/2891#110853211>				<https://panlex.org/snapshot/panlex-20191001-csv/2891#110853238>		"آفریقا"@pes	
"Afelika"@kng	<https://panlex.org/snapshot/panlex-20191001-csv/2891#110853211>				<https://panlex.org/snapshot/panlex-20191001-csv/2891#110853084>		"Afriqâ"@pes	
