"Bibia"@vec	<https://panlex.org/snapshot/panlex-20191001-csv/5949#85302817>				<https://panlex.org/snapshot/panlex-20191001-csv/5949#85302808>		"Baibolo"@tum	
"łéngoa rumena"@vec	<https://panlex.org/snapshot/panlex-20191001-csv/405#13630583>				<https://panlex.org/snapshot/panlex-20191001-csv/405#13630580>		"Rumence"@tum	
"łéngoa faroexe"@vec	<https://panlex.org/snapshot/panlex-20191001-csv/405#13623995>				<https://panlex.org/snapshot/panlex-20191001-csv/405#13623992>		"Faroe dili"@tum	
"lensa"@vec	<https://panlex.org/snapshot/panlex-20191001-csv/12#851233>				<https://panlex.org/snapshot/panlex-20191001-csv/12#851214>		"maji"@tum	
"aqua"@vec	<https://panlex.org/snapshot/panlex-20191001-csv/12#851231>				<https://panlex.org/snapshot/panlex-20191001-csv/12#851214>		"maji"@tum	
"ensa"@vec	<https://panlex.org/snapshot/panlex-20191001-csv/12#851232>				<https://panlex.org/snapshot/panlex-20191001-csv/12#851214>		"maji"@tum	
