"Peeru"@twq	<https://panlex.org/snapshot/panlex-20191001-csv/6898#113593760>				<https://panlex.org/snapshot/panlex-20191001-csv/6898#113593831>		"ꗨꗡꖩ"@vai	
"Peeru"@twq	<https://panlex.org/snapshot/panlex-20191001-csv/6898#113593760>				<https://panlex.org/snapshot/panlex-20191001-csv/6898#113593852>		"Pɛru"@vai	
"Šiili"@twq	<https://panlex.org/snapshot/panlex-20191001-csv/6898#113624865>				<https://panlex.org/snapshot/panlex-20191001-csv/6898#113624826>		"ꔚꔷ"@vai	
"Šiili"@twq	<https://panlex.org/snapshot/panlex-20191001-csv/6898#113624865>				<https://panlex.org/snapshot/panlex-20191001-csv/6898#113624872>		"Chéli"@vai	
"Gibraltar"@twq	<https://panlex.org/snapshot/panlex-20191001-csv/6898#113592975>				<https://panlex.org/snapshot/panlex-20191001-csv/6898#113593017>		"Jibhurata"@vai	
"Gibraltar"@twq	<https://panlex.org/snapshot/panlex-20191001-csv/6898#113592975>				<https://panlex.org/snapshot/panlex-20191001-csv/6898#113592916>		"ꕀꖜꕟꕚ"@vai	
"Azerbaayijaŋ"@twq	<https://panlex.org/snapshot/panlex-20191001-csv/6898#113619350>				<https://panlex.org/snapshot/panlex-20191001-csv/6898#113619398>		"Azabhaijaŋ"@vai	
"Azerbaayijaŋ"@twq	<https://panlex.org/snapshot/panlex-20191001-csv/6898#113619350>				<https://panlex.org/snapshot/panlex-20191001-csv/6898#113619352>		"ꕉꕤꕑꔤꕧꘋ"@vai	
"Misra"@twq	<https://panlex.org/snapshot/panlex-20191001-csv/6898#113604484>				<https://panlex.org/snapshot/panlex-20191001-csv/6898#113604483>		"Míséla"@vai	
"Misra"@twq	<https://panlex.org/snapshot/panlex-20191001-csv/6898#113604484>				<https://panlex.org/snapshot/panlex-20191001-csv/6898#113604563>		"ꕆꔖꕞ"@vai	
"Beliizi"@twq	<https://panlex.org/snapshot/panlex-20191001-csv/6898#113609028>				<https://panlex.org/snapshot/panlex-20191001-csv/6898#113608932>		"Bheliz"@vai	
"Beliizi"@twq	<https://panlex.org/snapshot/panlex-20191001-csv/6898#113609028>				<https://panlex.org/snapshot/panlex-20191001-csv/6898#113608969>		"ꔆꔷꔘ"@vai	
"Centraafriki koyra"@twq	<https://panlex.org/snapshot/panlex-20191001-csv/6898#113591444>				<https://panlex.org/snapshot/panlex-20191001-csv/6898#113591364>		"Áfíríka Lumaã Tɛ Boloe"@vai	
"Centraafriki koyra"@twq	<https://panlex.org/snapshot/panlex-20191001-csv/6898#113591444>				<https://panlex.org/snapshot/panlex-20191001-csv/6898#113591378>		"ꕉꔱꔸꕪ ꗳ ꗳ ꕸꖃꔀ"@vai	
"Kyrgyzstan"@twq	<https://panlex.org/snapshot/panlex-20191001-csv/6898#113627238>				<https://panlex.org/snapshot/panlex-20191001-csv/6898#113627312>		"Kigisitaŋ"@vai	
"Kyrgyzstan"@twq	<https://panlex.org/snapshot/panlex-20191001-csv/6898#113627238>				<https://panlex.org/snapshot/panlex-20191001-csv/6898#113627288>		"ꕃꕅꔻꕚꘋ"@vai	
"Senegal"@twq	<https://panlex.org/snapshot/panlex-20191001-csv/6898#113591198>				<https://panlex.org/snapshot/panlex-20191001-csv/6898#113591296>		"ꔻꕇꕭꕌ"@vai	
"Senegal"@twq	<https://panlex.org/snapshot/panlex-20191001-csv/6898#113591198>				<https://panlex.org/snapshot/panlex-20191001-csv/6898#113591257>		"Sinigaha"@vai	
"Surinaam"@twq	<https://panlex.org/snapshot/panlex-20191001-csv/6898#113640613>				<https://panlex.org/snapshot/panlex-20191001-csv/6898#113640667>		"Surinambe"@vai	
"Surinaam"@twq	<https://panlex.org/snapshot/panlex-20191001-csv/6898#113640613>				<https://panlex.org/snapshot/panlex-20191001-csv/6898#113640685>		"ꖬꔸꕯꔈ"@vai	
"Mooritaani"@twq	<https://panlex.org/snapshot/panlex-20191001-csv/6898#113636345>				<https://panlex.org/snapshot/panlex-20191001-csv/6898#113636514>		"ꗞꔓꔎꕇꕰ"@vai	
"Mooritaani"@twq	<https://panlex.org/snapshot/panlex-20191001-csv/6898#113636345>				<https://panlex.org/snapshot/panlex-20191001-csv/6898#113636382>		"Mɔretaninya"@vai	
"Kiribaati"@twq	<https://panlex.org/snapshot/panlex-20191001-csv/6898#113603011>				<https://panlex.org/snapshot/panlex-20191001-csv/6898#113603018>		"Kiribhati"@vai	
"Kiribaati"@twq	<https://panlex.org/snapshot/panlex-20191001-csv/6898#113603011>				<https://panlex.org/snapshot/panlex-20191001-csv/6898#113603136>		"ꕃꔸꕑꔳ"@vai	
"Liechtenstein"@twq	<https://panlex.org/snapshot/panlex-20191001-csv/6898#113613077>				<https://panlex.org/snapshot/panlex-20191001-csv/6898#113613067>		"ꔷꗿꘋꔻꗳꘋ"@vai	
"Maldiivu"@twq	<https://panlex.org/snapshot/panlex-20191001-csv/6898#113641817>				<https://panlex.org/snapshot/panlex-20191001-csv/6898#113641756>		"Malidavi"@vai	
"Maldiivu"@twq	<https://panlex.org/snapshot/panlex-20191001-csv/6898#113641817>				<https://panlex.org/snapshot/panlex-20191001-csv/6898#113641692>		"ꕮꔷꕜꔍ"@vai	
"Eritree"@twq	<https://panlex.org/snapshot/panlex-20191001-csv/6898#113587044>				<https://panlex.org/snapshot/panlex-20191001-csv/6898#113587065>		"ꔀꔸꔳꕟ"@vai	
"Eritree"@twq	<https://panlex.org/snapshot/panlex-20191001-csv/6898#113587044>				<https://panlex.org/snapshot/panlex-20191001-csv/6898#113587058>		"Ɛritera"@vai	
"Bosni nda Herzegovine"@twq	<https://panlex.org/snapshot/panlex-20191001-csv/6898#113596855>				<https://panlex.org/snapshot/panlex-20191001-csv/6898#113596756>		"Bhɔsiniya"@vai	
"Bosni nda Herzegovine"@twq	<https://panlex.org/snapshot/panlex-20191001-csv/6898#113596855>				<https://panlex.org/snapshot/panlex-20191001-csv/6898#113596677>		"ꕷꔻꕇꕰ ꗪ ꗥꕤꖑꔲꕯ"@vai	
"Letooni"@twq	<https://panlex.org/snapshot/panlex-20191001-csv/6898#113584914>				<https://panlex.org/snapshot/panlex-20191001-csv/6898#113584925>		"ꕞꔳꔲꕩ"@vai	
"Letooni"@twq	<https://panlex.org/snapshot/panlex-20191001-csv/6898#113584914>				<https://panlex.org/snapshot/panlex-20191001-csv/6898#113584904>		"Lativiya"@vai	
"Bangladeši"@twq	<https://panlex.org/snapshot/panlex-20191001-csv/6898#113632129>				<https://panlex.org/snapshot/panlex-20191001-csv/6898#113632219>		"Bhangiladɛ̀shi"@vai	
"Bangladeši"@twq	<https://panlex.org/snapshot/panlex-20191001-csv/6898#113632129>				<https://panlex.org/snapshot/panlex-20191001-csv/6898#113632124>		"ꕑꕅꕞꗵꔼ"@vai	
"Ginee Ekwatorial"@twq	<https://panlex.org/snapshot/panlex-20191001-csv/6898#113634048>				<https://panlex.org/snapshot/panlex-20191001-csv/6898#113633886>		"Dúúnyá Tɛ Giini"@vai	
"Ginee Ekwatorial"@twq	<https://panlex.org/snapshot/panlex-20191001-csv/6898#113634048>				<https://panlex.org/snapshot/panlex-20191001-csv/6898#113633891>		"ꖦꕰꕊ ꗳ ꕅꔤꕇ"@vai	
"Taayiland"@twq	<https://panlex.org/snapshot/panlex-20191001-csv/6898#113603793>				<https://panlex.org/snapshot/panlex-20191001-csv/6898#113603608>		"Tai Lumaã"@vai	
"Taayiland"@twq	<https://panlex.org/snapshot/panlex-20191001-csv/6898#113603793>				<https://panlex.org/snapshot/panlex-20191001-csv/6898#113603763>		"ꕚꔤ ꖨꕮꕊ"@vai	
"Antigua nda Barbuuda"@twq	<https://panlex.org/snapshot/panlex-20191001-csv/6898#113643748>				<https://panlex.org/snapshot/panlex-20191001-csv/6898#113643702>		"Aŋtígwa Ɓahabhuda"@vai	
"Antigua nda Barbuuda"@twq	<https://panlex.org/snapshot/panlex-20191001-csv/6898#113643748>				<https://panlex.org/snapshot/panlex-20191001-csv/6898#113643725>		"ꕉꘋꔳꖶꕎ ꗪ ꕑꖜꕜ"@vai	
"Alžeeri"@twq	<https://panlex.org/snapshot/panlex-20191001-csv/6898#113608168>				<https://panlex.org/snapshot/panlex-20191001-csv/6898#113608273>		"Agiriya"@vai	
"Alžeeri"@twq	<https://panlex.org/snapshot/panlex-20191001-csv/6898#113608168>				<https://panlex.org/snapshot/panlex-20191001-csv/6898#113608204>		"ꕉꔷꔠꔸꕩ"@vai	
"Togo"@twq	<https://panlex.org/snapshot/panlex-20191001-csv/6898#113613859>				<https://panlex.org/snapshot/panlex-20191001-csv/6898#113613720>		"ꕿꖑ"@vai	
"Togo"@twq	<https://panlex.org/snapshot/panlex-20191001-csv/6898#113613859>				<https://panlex.org/snapshot/panlex-20191001-csv/6898#113613795>		"Togo"@vai	
"Seŋvinsaŋ nda Grenadine"@twq	<https://panlex.org/snapshot/panlex-20191001-csv/6898#113611798>				<https://panlex.org/snapshot/panlex-20191001-csv/6898#113611785>		"Siŋ Viŋsi"@vai	
"Seŋvinsaŋ nda Grenadine"@twq	<https://panlex.org/snapshot/panlex-20191001-csv/6898#113611798>				<https://panlex.org/snapshot/panlex-20191001-csv/6898#113611814>		"ꔻꘋ ꔲꘋꔻꘋ ꗪ ꖶꔓꕯꔵꘋ ꖸ"@vai	
"Swisu"@twq	<https://panlex.org/snapshot/panlex-20191001-csv/6898#113612966>				<https://panlex.org/snapshot/panlex-20191001-csv/6898#113612970>		"Suweza Lumaã"@vai	
"Swisu"@twq	<https://panlex.org/snapshot/panlex-20191001-csv/6898#113612966>				<https://panlex.org/snapshot/panlex-20191001-csv/6898#113612857>		"ꖬꔃꕤ ꖨꕮꕊ"@vai	
"Palestine Dangay nda Gaaza"@twq	<https://panlex.org/snapshot/panlex-20191001-csv/6898#113586300>				<https://panlex.org/snapshot/panlex-20191001-csv/6898#113586441>		"Palesitininya Tele Jii Kɔiyɛ lá hĩ Gaza"@vai	
"Palestine Dangay nda Gaaza"@twq	<https://panlex.org/snapshot/panlex-20191001-csv/6898#113586300>				<https://panlex.org/snapshot/panlex-20191001-csv/6898#113586344>		"ꕐꔒꔻꔳꕯ ꔎꔒ ꕀꔤ ꗛꔤ ꕞ ꗱ ꗪ ꕭꕌꕤ"@vai	
"Portugaal"@twq	<https://panlex.org/snapshot/panlex-20191001-csv/6898#113628621>				<https://panlex.org/snapshot/panlex-20191001-csv/6898#113628535>		"ꕶꕿꕃꔤ ꕸꖃꔀ"@vai	
"Portugaal"@twq	<https://panlex.org/snapshot/panlex-20191001-csv/6898#113628621>				<https://panlex.org/snapshot/panlex-20191001-csv/6898#113628639>		"Potokíi"@vai	
"Faransi Polineezi"@twq	<https://panlex.org/snapshot/panlex-20191001-csv/6898#113621091>				<https://panlex.org/snapshot/panlex-20191001-csv/6898#113621043>		"Fɛŋsi Polinísiya"@vai	
"Faransi Polineezi"@twq	<https://panlex.org/snapshot/panlex-20191001-csv/6898#113621091>				<https://panlex.org/snapshot/panlex-20191001-csv/6898#113621121>		"ꗱꘋꔻ ꕶꔷꕇꔻꕩ"@vai	
"Jaapoŋ"@twq	<https://panlex.org/snapshot/panlex-20191001-csv/6898#113634885>				<https://panlex.org/snapshot/panlex-20191001-csv/6898#113634791>		"ꔛꗨꗢ"@vai	
"Jaapoŋ"@twq	<https://panlex.org/snapshot/panlex-20191001-csv/6898#113634885>				<https://panlex.org/snapshot/panlex-20191001-csv/6898#113634923>		"Japaŋ"@vai	
"Solomon Gungey"@twq	<https://panlex.org/snapshot/panlex-20191001-csv/6898#113602353>				<https://panlex.org/snapshot/panlex-20191001-csv/6898#113602424>		"ꖬꕞꔤꕮꕊꕯ ꔳꘋꗣ"@vai	
"Solomon Gungey"@twq	<https://panlex.org/snapshot/panlex-20191001-csv/6898#113602353>				<https://panlex.org/snapshot/panlex-20191001-csv/6898#113602282>		"Sulaimaãna Tiŋŋɛ"@vai	
"Armeeni"@twq	<https://panlex.org/snapshot/panlex-20191001-csv/6898#113596632>				<https://panlex.org/snapshot/panlex-20191001-csv/6898#113596582>		"Améniya"@vai	
"Armeeni"@twq	<https://panlex.org/snapshot/panlex-20191001-csv/6898#113596632>				<https://panlex.org/snapshot/panlex-20191001-csv/6898#113596596>		"ꕉꕆꕯ"@vai	
"Sloveeni"@twq	<https://panlex.org/snapshot/panlex-20191001-csv/6898#113636586>				<https://panlex.org/snapshot/panlex-20191001-csv/6898#113636715>		"Suloveninya"@vai	
"Sloveeni"@twq	<https://panlex.org/snapshot/panlex-20191001-csv/6898#113636586>				<https://panlex.org/snapshot/panlex-20191001-csv/6898#113636717>		"ꔻꖃꔍꕇꕰ"@vai	
"Bahareen"@twq	<https://panlex.org/snapshot/panlex-20191001-csv/6898#113596094>				<https://panlex.org/snapshot/panlex-20191001-csv/6898#113596048>		"ꕑꗸꘋ"@vai	
"Bahareen"@twq	<https://panlex.org/snapshot/panlex-20191001-csv/6898#113596094>				<https://panlex.org/snapshot/panlex-20191001-csv/6898#113596074>		"Bharɛŋ"@vai	
"Norfolk Gungoo"@twq	<https://panlex.org/snapshot/panlex-20191001-csv/6898#113642452>				<https://panlex.org/snapshot/panlex-20191001-csv/6898#113642371>		"ꗟꖺꗉ ꔳꘋꗣ"@vai	
"Norfolk Gungoo"@twq	<https://panlex.org/snapshot/panlex-20191001-csv/6898#113642452>				<https://panlex.org/snapshot/panlex-20191001-csv/6898#113642396>		"Nɔfɔ Tiŋŋɛ"@vai	
"Britiši Indu teekoo laama"@twq	<https://panlex.org/snapshot/panlex-20191001-csv/6898#113584438>				<https://panlex.org/snapshot/panlex-20191001-csv/6898#113584347>		"Jengéesi Gbawoe Índiya Kɔiyɛ Lɔ"@vai	
"Britiši Indu teekoo laama"@twq	<https://panlex.org/snapshot/panlex-20191001-csv/6898#113584438>				<https://panlex.org/snapshot/panlex-20191001-csv/6898#113584395>		"ꔛꔟꔻ ꔤꔺꕩ ꗛꔤꘂ ꕗꕴꔀ ꕮ"@vai	
"Kongoo"@twq	<https://panlex.org/snapshot/panlex-20191001-csv/6898#113599166>				<https://panlex.org/snapshot/panlex-20191001-csv/6898#113599045>		"Kóngo"@vai	
"Kongoo"@twq	<https://panlex.org/snapshot/panlex-20191001-csv/6898#113599166>				<https://panlex.org/snapshot/panlex-20191001-csv/6898#113599178>		"ꖏꖐ"@vai	
"Zambi"@twq	<https://panlex.org/snapshot/panlex-20191001-csv/6898#113617364>				<https://panlex.org/snapshot/panlex-20191001-csv/6898#113617455>		"ꕤꔭꕩ"@vai	
"Zambi"@twq	<https://panlex.org/snapshot/panlex-20191001-csv/6898#113617364>				<https://panlex.org/snapshot/panlex-20191001-csv/6898#113617354>		"Zambiya"@vai	
"Grenaada"@twq	<https://panlex.org/snapshot/panlex-20191001-csv/6898#113604232>				<https://panlex.org/snapshot/panlex-20191001-csv/6898#113604074>		"ꖶꕟꕯꕜ"@vai	
"Grenaada"@twq	<https://panlex.org/snapshot/panlex-20191001-csv/6898#113604232>				<https://panlex.org/snapshot/panlex-20191001-csv/6898#113604196>		"Gurinéda"@vai	
"Irlandu"@twq	<https://panlex.org/snapshot/panlex-20191001-csv/6898#113625971>				<https://panlex.org/snapshot/panlex-20191001-csv/6898#113625907>		"Áre Lumaã"@vai	
"Irlandu"@twq	<https://panlex.org/snapshot/panlex-20191001-csv/6898#113625971>				<https://panlex.org/snapshot/panlex-20191001-csv/6898#113625912>		"ꕉꔓ ꖨꕮꕊ"@vai	
"Seŋ Lussia"@twq	<https://panlex.org/snapshot/panlex-20191001-csv/6898#113621951>				<https://panlex.org/snapshot/panlex-20191001-csv/6898#113621932>		"Siŋ Lusiya"@vai	
"Seŋ Lussia"@twq	<https://panlex.org/snapshot/panlex-20191001-csv/6898#113621951>				<https://panlex.org/snapshot/panlex-20191001-csv/6898#113621835>		"ꔻꘋ ꖨꔻꕩ"@vai	
"Kuuk gungey"@twq	<https://panlex.org/snapshot/panlex-20191001-csv/6898#113638407>				<https://panlex.org/snapshot/panlex-20191001-csv/6898#113638346>		"Kóki Tiŋŋɛ"@vai	
"Kuuk gungey"@twq	<https://panlex.org/snapshot/panlex-20191001-csv/6898#113638407>				<https://panlex.org/snapshot/panlex-20191001-csv/6898#113638497>		"ꖏꕃ ꔳꘋꗣ"@vai	
"Salvador laboo"@twq	<https://panlex.org/snapshot/panlex-20191001-csv/6898#113600570>				<https://panlex.org/snapshot/panlex-20191001-csv/6898#113600567>		"ꗡꗷ ꕢꔍꗍꖺ"@vai	
"Salvador laboo"@twq	<https://panlex.org/snapshot/panlex-20191001-csv/6898#113600570>				<https://panlex.org/snapshot/panlex-20191001-csv/6898#113600656>		"Ɛlɛ Sávádɔ"@vai	
"Turkmenistaŋ"@twq	<https://panlex.org/snapshot/panlex-20191001-csv/6898#113607948>				<https://panlex.org/snapshot/panlex-20191001-csv/6898#113607937>		"ꗋꖺꕃꕮꕇꔻꕚꘋ"@vai	
"Turkmenistaŋ"@twq	<https://panlex.org/snapshot/panlex-20191001-csv/6898#113607948>				<https://panlex.org/snapshot/panlex-20191001-csv/6898#113607953>		"Tukimɛnisitaŋ"@vai	
"Mikronezi"@twq	<https://panlex.org/snapshot/panlex-20191001-csv/6898#113597269>				<https://panlex.org/snapshot/panlex-20191001-csv/6898#113597218>		"ꕆꖏꕇꔻꕩ"@vai	
"Mikronezi"@twq	<https://panlex.org/snapshot/panlex-20191001-csv/6898#113597269>				<https://panlex.org/snapshot/panlex-20191001-csv/6898#113597275>		"Mikonisiya"@vai	
"Bermuda"@twq	<https://panlex.org/snapshot/panlex-20191001-csv/6898#113607412>				<https://panlex.org/snapshot/panlex-20191001-csv/6898#113607380>		"ꗩꖷꕜ"@vai	
"Bermuda"@twq	<https://panlex.org/snapshot/panlex-20191001-csv/6898#113607412>				<https://panlex.org/snapshot/panlex-20191001-csv/6898#113607325>		"Bhɛmuda"@vai	
"Keeniya"@twq	<https://panlex.org/snapshot/panlex-20191001-csv/6898#113594067>				<https://panlex.org/snapshot/panlex-20191001-csv/6898#113594004>		"Kénya"@vai	
"Keeniya"@twq	<https://panlex.org/snapshot/panlex-20191001-csv/6898#113594067>				<https://panlex.org/snapshot/panlex-20191001-csv/6898#113593995>		"ꔞꕰ"@vai	
"Iraak"@twq	<https://panlex.org/snapshot/panlex-20191001-csv/6898#113633788>				<https://panlex.org/snapshot/panlex-20191001-csv/6898#113633669>		"Iraki"@vai	
"Iraak"@twq	<https://panlex.org/snapshot/panlex-20191001-csv/6898#113633788>				<https://panlex.org/snapshot/panlex-20191001-csv/6898#113633836>		"ꔤꕟꕃ"@vai	
"Nikaragwa"@twq	<https://panlex.org/snapshot/panlex-20191001-csv/6898#113611146>				<https://panlex.org/snapshot/panlex-20191001-csv/6898#113611260>		"Nikaraguwa"@vai	
"Nikaragwa"@twq	<https://panlex.org/snapshot/panlex-20191001-csv/6898#113611146>				<https://panlex.org/snapshot/panlex-20191001-csv/6898#113611240>		"ꕇꕪꕟꖶꕎ"@vai	
"San Marino"@twq	<https://panlex.org/snapshot/panlex-20191001-csv/6898#113625724>				<https://panlex.org/snapshot/panlex-20191001-csv/6898#113625761>		"Saŋ Marindo"@vai	
"San Marino"@twq	<https://panlex.org/snapshot/panlex-20191001-csv/6898#113625724>				<https://panlex.org/snapshot/panlex-20191001-csv/6898#113625703>		"ꕮꔸꖆ ꕢꘋ"@vai	
"Kameruun"@twq	<https://panlex.org/snapshot/panlex-20191001-csv/6898#113639016>				<https://panlex.org/snapshot/panlex-20191001-csv/6898#113639037>		"Kameruŋ"@vai	
"Kameruun"@twq	<https://panlex.org/snapshot/panlex-20191001-csv/6898#113639016>				<https://panlex.org/snapshot/panlex-20191001-csv/6898#113639007>		"ꕪꔈꖩꘋ"@vai	
"Mayooti"@twq	<https://panlex.org/snapshot/panlex-20191001-csv/6898#113603979>				<https://panlex.org/snapshot/panlex-20191001-csv/6898#113603935>		"Mavote"@vai	
"Mayooti"@twq	<https://panlex.org/snapshot/panlex-20191001-csv/6898#113603979>				<https://panlex.org/snapshot/panlex-20191001-csv/6898#113603940>		"ꕮꗚꔎ"@vai	
"Panama"@twq	<https://panlex.org/snapshot/panlex-20191001-csv/6898#113605976>				<https://panlex.org/snapshot/panlex-20191001-csv/6898#113606089>		"Panama"@vai	
"Panama"@twq	<https://panlex.org/snapshot/panlex-20191001-csv/6898#113605976>				<https://panlex.org/snapshot/panlex-20191001-csv/6898#113606115>		"ꕐꕯꕮ"@vai	
"Beniŋ"@twq	<https://panlex.org/snapshot/panlex-20191001-csv/6898#113607536>				<https://panlex.org/snapshot/panlex-20191001-csv/6898#113607453>		"Bhɛni"@vai	
"Beniŋ"@twq	<https://panlex.org/snapshot/panlex-20191001-csv/6898#113607536>				<https://panlex.org/snapshot/panlex-20191001-csv/6898#113607607>		"ꗩꕇꘋ"@vai	
"Mooris gungey"@twq	<https://panlex.org/snapshot/panlex-20191001-csv/6898#113611398>				<https://panlex.org/snapshot/panlex-20191001-csv/6898#113611489>		"Mɔreshɔ"@vai	
"Mooris gungey"@twq	<https://panlex.org/snapshot/panlex-20191001-csv/6898#113611398>				<https://panlex.org/snapshot/panlex-20191001-csv/6898#113611474>		"ꗞꔓꗔ"@vai	
"Greece"@twq	<https://panlex.org/snapshot/panlex-20191001-csv/6898#113630287>				<https://panlex.org/snapshot/panlex-20191001-csv/6898#113630335>		"Hɛlɛŋ"@vai	
"Greece"@twq	<https://panlex.org/snapshot/panlex-20191001-csv/6898#113630287>				<https://panlex.org/snapshot/panlex-20191001-csv/6898#113630300>		"ꗥꗷꘋ"@vai	
"Kalkan gungey"@twq	<https://panlex.org/snapshot/panlex-20191001-csv/6898#113643091>				<https://panlex.org/snapshot/panlex-20191001-csv/6898#113642933>		"Fáháki Luma Tiŋŋɛ"@vai	
"Kalkan gungey"@twq	<https://panlex.org/snapshot/panlex-20191001-csv/6898#113643091>				<https://panlex.org/snapshot/panlex-20191001-csv/6898#113642840>		"ꕘꔷꕃ ꖨꕮ ꔳꘋꗣ"@vai	
"Iriši laboo"@twq	<https://panlex.org/snapshot/panlex-20191001-csv/6898#113645925>				<https://panlex.org/snapshot/panlex-20191001-csv/6898#113646002>		"Rɔshiya"@vai	
"Iriši laboo"@twq	<https://panlex.org/snapshot/panlex-20191001-csv/6898#113645925>				<https://panlex.org/snapshot/panlex-20191001-csv/6898#113645900>		"ꗐꖺꔻꕩ"@vai	
"Slovaaki"@twq	<https://panlex.org/snapshot/panlex-20191001-csv/6898#113614519>				<https://panlex.org/snapshot/panlex-20191001-csv/6898#113614398>		"Sulovakiya"@vai	
"Slovaaki"@twq	<https://panlex.org/snapshot/panlex-20191001-csv/6898#113614519>				<https://panlex.org/snapshot/panlex-20191001-csv/6898#113614361>		"ꔻꖃꕙꕃꕩ"@vai	
"Boolivi"@twq	<https://panlex.org/snapshot/panlex-20191001-csv/6898#113609696>				<https://panlex.org/snapshot/panlex-20191001-csv/6898#113609563>		"ꕷꔷꔲꕩ"@vai	
"Boolivi"@twq	<https://panlex.org/snapshot/panlex-20191001-csv/6898#113609696>				<https://panlex.org/snapshot/panlex-20191001-csv/6898#113609645>		"Bholiviya"@vai	
"Fiji"@twq	<https://panlex.org/snapshot/panlex-20191001-csv/6898#113629940>				<https://panlex.org/snapshot/panlex-20191001-csv/6898#113629879>		"Fíji"@vai	
"Fiji"@twq	<https://panlex.org/snapshot/panlex-20191001-csv/6898#113629940>				<https://panlex.org/snapshot/panlex-20191001-csv/6898#113629889>		"ꔱꔤꕀ"@vai	
"Swaziland"@twq	<https://panlex.org/snapshot/panlex-20191001-csv/6898#113625231>				<https://panlex.org/snapshot/panlex-20191001-csv/6898#113625294>		"Suwazi Lumaã"@vai	
"Swaziland"@twq	<https://panlex.org/snapshot/panlex-20191001-csv/6898#113625231>				<https://panlex.org/snapshot/panlex-20191001-csv/6898#113625341>		"ꖬꕎꔽ ꖨꕮꕊ"@vai	
"Malta"@twq	<https://panlex.org/snapshot/panlex-20191001-csv/6898#113645079>				<https://panlex.org/snapshot/panlex-20191001-csv/6898#113645033>		"ꕮꕊꕚ"@vai	
"Malta"@twq	<https://panlex.org/snapshot/panlex-20191001-csv/6898#113645079>				<https://panlex.org/snapshot/panlex-20191001-csv/6898#113645144>		"Malita"@vai	
