"Peeru"@twq	<https://panlex.org/snapshot/panlex-20191001-csv/6898#113593760>				<https://panlex.org/snapshot/panlex-20191001-csv/6898#113593741>		"പെറു"@ml	
"Šiili"@twq	<https://panlex.org/snapshot/panlex-20191001-csv/6898#113624865>				<https://panlex.org/snapshot/panlex-20191001-csv/6898#113624812>		"ചിലി"@ml	
"Gibraltar"@twq	<https://panlex.org/snapshot/panlex-20191001-csv/6898#113592975>				<https://panlex.org/snapshot/panlex-20191001-csv/6898#113592965>		"ജിബ്രാൾട്ടർ"@ml	
"Azerbaayijaŋ"@twq	<https://panlex.org/snapshot/panlex-20191001-csv/6898#113619350>				<https://panlex.org/snapshot/panlex-20191001-csv/6898#113619400>		"അസർബൈജാൻ"@ml	
"Misra"@twq	<https://panlex.org/snapshot/panlex-20191001-csv/6898#113604484>				<https://panlex.org/snapshot/panlex-20191001-csv/6898#113604549>		"ഈജിപ്ത്"@ml	
"Beliizi"@twq	<https://panlex.org/snapshot/panlex-20191001-csv/6898#113609028>				<https://panlex.org/snapshot/panlex-20191001-csv/6898#113608881>		"ബെലീസ്"@ml	
"Centraafriki koyra"@twq	<https://panlex.org/snapshot/panlex-20191001-csv/6898#113591444>				<https://panlex.org/snapshot/panlex-20191001-csv/6898#113591458>		"സെൻട്രൽ ആഫ്രിക്കൻ റിപ്പബ്ലിക്"@ml	
"Kyrgyzstan"@twq	<https://panlex.org/snapshot/panlex-20191001-csv/6898#113627238>				<https://panlex.org/snapshot/panlex-20191001-csv/6898#113627270>		"കിർഗിസ്ഥാൻ"@ml	
"Senegal"@twq	<https://panlex.org/snapshot/panlex-20191001-csv/6898#113591198>				<https://panlex.org/snapshot/panlex-20191001-csv/6898#113591121>		"സെനഗൽ"@ml	
"Surinaam"@twq	<https://panlex.org/snapshot/panlex-20191001-csv/6898#113640613>				<https://panlex.org/snapshot/panlex-20191001-csv/6898#113640743>		"സുരിനാം"@ml	
"Mooritaani"@twq	<https://panlex.org/snapshot/panlex-20191001-csv/6898#113636345>				<https://panlex.org/snapshot/panlex-20191001-csv/6898#113636350>		"മൗറിറ്റാനിയ"@ml	
"Kiribaati"@twq	<https://panlex.org/snapshot/panlex-20191001-csv/6898#113603011>				<https://panlex.org/snapshot/panlex-20191001-csv/6898#113603017>		"കിരിബാട്ടി"@ml	
"Liechtenstein"@twq	<https://panlex.org/snapshot/panlex-20191001-csv/6898#113613077>				<https://panlex.org/snapshot/panlex-20191001-csv/6898#113613108>		"ലിച്ചൺസ്റ്റൈൻ"@ml	
"Maldiivu"@twq	<https://panlex.org/snapshot/panlex-20191001-csv/6898#113641817>				<https://panlex.org/snapshot/panlex-20191001-csv/6898#113641724>		"മാലിദ്വീപ്"@ml	
"Eritree"@twq	<https://panlex.org/snapshot/panlex-20191001-csv/6898#113587044>				<https://panlex.org/snapshot/panlex-20191001-csv/6898#113586991>		"എറിത്രിയ"@ml	
"Bosni nda Herzegovine"@twq	<https://panlex.org/snapshot/panlex-20191001-csv/6898#113596855>				<https://panlex.org/snapshot/panlex-20191001-csv/6898#113596715>		"ബോസ്നിയയും ഹെർസഗോവിനയും"@ml	
"Letooni"@twq	<https://panlex.org/snapshot/panlex-20191001-csv/6898#113584914>				<https://panlex.org/snapshot/panlex-20191001-csv/6898#113585013>		"ലാറ്റ്വിയ"@ml	
"Bangladeši"@twq	<https://panlex.org/snapshot/panlex-20191001-csv/6898#113632129>				<https://panlex.org/snapshot/panlex-20191001-csv/6898#113632278>		"ബംഗ്ലാദേശ്"@ml	
"Ginee Ekwatorial"@twq	<https://panlex.org/snapshot/panlex-20191001-csv/6898#113634048>				<https://panlex.org/snapshot/panlex-20191001-csv/6898#113633949>		"ഇക്വറ്റോറിയൽ ഗിനിയ"@ml	
"Taayiland"@twq	<https://panlex.org/snapshot/panlex-20191001-csv/6898#113603793>				<https://panlex.org/snapshot/panlex-20191001-csv/6898#113603795>		"തായ്‌ലാൻഡ്"@ml	
"Antigua nda Barbuuda"@twq	<https://panlex.org/snapshot/panlex-20191001-csv/6898#113643748>				<https://panlex.org/snapshot/panlex-20191001-csv/6898#113643803>		"ആൻറിഗ്വയും ബർബുഡയും"@ml	
"Alžeeri"@twq	<https://panlex.org/snapshot/panlex-20191001-csv/6898#113608168>				<https://panlex.org/snapshot/panlex-20191001-csv/6898#113608251>		"അൾജീരിയ"@ml	
"Togo"@twq	<https://panlex.org/snapshot/panlex-20191001-csv/6898#113613859>				<https://panlex.org/snapshot/panlex-20191001-csv/6898#113613816>		"ടോഗോ"@ml	
"Seŋvinsaŋ nda Grenadine"@twq	<https://panlex.org/snapshot/panlex-20191001-csv/6898#113611798>				<https://panlex.org/snapshot/panlex-20191001-csv/6898#113611883>		"സെന്റ് വിൻസെന്റും ഗ്രനെഡൈൻസും"@ml	
"Swisu"@twq	<https://panlex.org/snapshot/panlex-20191001-csv/6898#113612966>				<https://panlex.org/snapshot/panlex-20191001-csv/6898#113612863>		"സ്വിറ്റ്സർലാൻഡ്"@ml	
"Palestine Dangay nda Gaaza"@twq	<https://panlex.org/snapshot/panlex-20191001-csv/6898#113586300>				<https://panlex.org/snapshot/panlex-20191001-csv/6898#113586260>		"പലസ്‌തീൻ"@ml	
"Palestine Dangay nda Gaaza"@twq	<https://panlex.org/snapshot/panlex-20191001-csv/6898#113586300>				<https://panlex.org/snapshot/panlex-20191001-csv/6898#113586405>		"പാലസ്‌തീൻ പ്രദേശങ്ങൾ"@ml	
"Portugaal"@twq	<https://panlex.org/snapshot/panlex-20191001-csv/6898#113628621>				<https://panlex.org/snapshot/panlex-20191001-csv/6898#113628714>		"പോർച്ചുഗൽ"@ml	
"Faransi Polineezi"@twq	<https://panlex.org/snapshot/panlex-20191001-csv/6898#113621091>				<https://panlex.org/snapshot/panlex-20191001-csv/6898#113621111>		"ഫ്രഞ്ച് പോളിനേഷ്യ"@ml	
"Jaapoŋ"@twq	<https://panlex.org/snapshot/panlex-20191001-csv/6898#113634885>				<https://panlex.org/snapshot/panlex-20191001-csv/6898#113634762>		"ജപ്പാൻ"@ml	
"Solomon Gungey"@twq	<https://panlex.org/snapshot/panlex-20191001-csv/6898#113602353>				<https://panlex.org/snapshot/panlex-20191001-csv/6898#113602361>		"സോളമൻ‍ ദ്വീപുകൾ"@ml	
"Armeeni"@twq	<https://panlex.org/snapshot/panlex-20191001-csv/6898#113596632>				<https://panlex.org/snapshot/panlex-20191001-csv/6898#113596590>		"അർമേനിയ"@ml	
"Sloveeni"@twq	<https://panlex.org/snapshot/panlex-20191001-csv/6898#113636586>				<https://panlex.org/snapshot/panlex-20191001-csv/6898#113636701>		"സ്ലോവേനിയ"@ml	
"Bahareen"@twq	<https://panlex.org/snapshot/panlex-20191001-csv/6898#113596094>				<https://panlex.org/snapshot/panlex-20191001-csv/6898#113596018>		"ബഹ്റിൻ"@ml	
"Norfolk Gungoo"@twq	<https://panlex.org/snapshot/panlex-20191001-csv/6898#113642452>				<https://panlex.org/snapshot/panlex-20191001-csv/6898#113642436>		"നോർഫോക് ദ്വീപ്"@ml	
"Britiši Indu teekoo laama"@twq	<https://panlex.org/snapshot/panlex-20191001-csv/6898#113584438>				<https://panlex.org/snapshot/panlex-20191001-csv/6898#113584433>		"ബ്രിട്ടീഷ് ഇന്ത്യൻ മഹാസമുദ്ര പ്രദേശം"@ml	
"Kongoo"@twq	<https://panlex.org/snapshot/panlex-20191001-csv/6898#113599166>				<https://panlex.org/snapshot/panlex-20191001-csv/6898#113599116>		"കോംഗോ - ബ്രാസവില്ലി"@ml	
"Kongoo"@twq	<https://panlex.org/snapshot/panlex-20191001-csv/6898#113599166>				<https://panlex.org/snapshot/panlex-20191001-csv/6898#113599068>		"കോംഗോ (റിപ്പബ്ലിക്ക്)"@ml	
"Zambi"@twq	<https://panlex.org/snapshot/panlex-20191001-csv/6898#113617364>				<https://panlex.org/snapshot/panlex-20191001-csv/6898#113617463>		"സാംബിയ"@ml	
"Grenaada"@twq	<https://panlex.org/snapshot/panlex-20191001-csv/6898#113604232>				<https://panlex.org/snapshot/panlex-20191001-csv/6898#113604073>		"ഗ്രനേഡ"@ml	
"Irlandu"@twq	<https://panlex.org/snapshot/panlex-20191001-csv/6898#113625971>				<https://panlex.org/snapshot/panlex-20191001-csv/6898#113625869>		"അയർലൻഡ്"@ml	
"Seŋ Lussia"@twq	<https://panlex.org/snapshot/panlex-20191001-csv/6898#113621951>				<https://panlex.org/snapshot/panlex-20191001-csv/6898#113621877>		"സെൻറ് ലൂസിയ"@ml	
"Kuuk gungey"@twq	<https://panlex.org/snapshot/panlex-20191001-csv/6898#113638407>				<https://panlex.org/snapshot/panlex-20191001-csv/6898#113638447>		"കുക്ക് ദ്വീപുകൾ"@ml	
"Salvador laboo"@twq	<https://panlex.org/snapshot/panlex-20191001-csv/6898#113600570>				<https://panlex.org/snapshot/panlex-20191001-csv/6898#113600539>		"എൽ സാൽവദോർ"@ml	
"Turkmenistaŋ"@twq	<https://panlex.org/snapshot/panlex-20191001-csv/6898#113607948>				<https://panlex.org/snapshot/panlex-20191001-csv/6898#113607921>		"തുർക്ക്മെനിസ്ഥാൻ"@ml	
"Mikronezi"@twq	<https://panlex.org/snapshot/panlex-20191001-csv/6898#113597269>				<https://panlex.org/snapshot/panlex-20191001-csv/6898#113597160>		"മൈക്രോനേഷ്യ"@ml	
"Bermuda"@twq	<https://panlex.org/snapshot/panlex-20191001-csv/6898#113607412>				<https://panlex.org/snapshot/panlex-20191001-csv/6898#113607323>		"ബർമുഡ"@ml	
"Keeniya"@twq	<https://panlex.org/snapshot/panlex-20191001-csv/6898#113594067>				<https://panlex.org/snapshot/panlex-20191001-csv/6898#113593993>		"കെനിയ"@ml	
"Iraak"@twq	<https://panlex.org/snapshot/panlex-20191001-csv/6898#113633788>				<https://panlex.org/snapshot/panlex-20191001-csv/6898#113633664>		"ഇറാഖ്"@ml	
"Nikaragwa"@twq	<https://panlex.org/snapshot/panlex-20191001-csv/6898#113611146>				<https://panlex.org/snapshot/panlex-20191001-csv/6898#113611187>		"നിക്കരാഗ്വ"@ml	
"San Marino"@twq	<https://panlex.org/snapshot/panlex-20191001-csv/6898#113625724>				<https://panlex.org/snapshot/panlex-20191001-csv/6898#113625798>		"സാൻ മറിനോ"@ml	
"Kameruun"@twq	<https://panlex.org/snapshot/panlex-20191001-csv/6898#113639016>				<https://panlex.org/snapshot/panlex-20191001-csv/6898#113639000>		"കാമറൂൺ"@ml	
"Mayooti"@twq	<https://panlex.org/snapshot/panlex-20191001-csv/6898#113603979>				<https://panlex.org/snapshot/panlex-20191001-csv/6898#113603978>		"മയോട്ടി"@ml	
"Panama"@twq	<https://panlex.org/snapshot/panlex-20191001-csv/6898#113605976>				<https://panlex.org/snapshot/panlex-20191001-csv/6898#113606022>		"പനാമ"@ml	
"Beniŋ"@twq	<https://panlex.org/snapshot/panlex-20191001-csv/6898#113607536>				<https://panlex.org/snapshot/panlex-20191001-csv/6898#113607642>		"ബെനിൻ"@ml	
"Mooris gungey"@twq	<https://panlex.org/snapshot/panlex-20191001-csv/6898#113611398>				<https://panlex.org/snapshot/panlex-20191001-csv/6898#113611356>		"മൗറീഷ്യസ്"@ml	
"Greece"@twq	<https://panlex.org/snapshot/panlex-20191001-csv/6898#113630287>				<https://panlex.org/snapshot/panlex-20191001-csv/6898#113630366>		"ഗ്രീസ്"@ml	
"Kalkan gungey"@twq	<https://panlex.org/snapshot/panlex-20191001-csv/6898#113643091>				<https://panlex.org/snapshot/panlex-20191001-csv/6898#113642912>		"ഫോക്ക്‌ലാൻഡ് ദ്വീപുകൾ (ഐലാസ് മാൽവിനാസ്)"@ml	
"Kalkan gungey"@twq	<https://panlex.org/snapshot/panlex-20191001-csv/6898#113643091>				<https://panlex.org/snapshot/panlex-20191001-csv/6898#113642901>		"ഫാക്ക്‌ലാന്റ് ദ്വീപുകൾ"@ml	
"Iriši laboo"@twq	<https://panlex.org/snapshot/panlex-20191001-csv/6898#113645925>				<https://panlex.org/snapshot/panlex-20191001-csv/6898#113645863>		"റഷ്യ"@ml	
"Slovaaki"@twq	<https://panlex.org/snapshot/panlex-20191001-csv/6898#113614519>				<https://panlex.org/snapshot/panlex-20191001-csv/6898#113614420>		"സ്ലോവാക്യ"@ml	
"Boolivi"@twq	<https://panlex.org/snapshot/panlex-20191001-csv/6898#113609696>				<https://panlex.org/snapshot/panlex-20191001-csv/6898#113609594>		"ബൊളീവിയ"@ml	
"Fiji"@twq	<https://panlex.org/snapshot/panlex-20191001-csv/6898#113629940>				<https://panlex.org/snapshot/panlex-20191001-csv/6898#113629829>		"ഫിജി"@ml	
"Swaziland"@twq	<https://panlex.org/snapshot/panlex-20191001-csv/6898#113625231>				<https://panlex.org/snapshot/panlex-20191001-csv/6898#113625326>		"സ്വാസിലാൻറ്"@ml	
"Malta"@twq	<https://panlex.org/snapshot/panlex-20191001-csv/6898#113645079>				<https://panlex.org/snapshot/panlex-20191001-csv/6898#113645175>		"മാൾട്ട"@ml	
