"ʼmaiol"@ddw	<https://panlex.org/snapshot/panlex-20191001-csv/114#8067690>				<https://panlex.org/snapshot/panlex-20191001-csv/114#8068078>		"yohama"@uun	
"ʼmaiol"@ddw	<https://panlex.org/snapshot/panlex-20191001-csv/114#8067690>				<https://panlex.org/snapshot/panlex-20191001-csv/114#8068077>		"dahamáʔ"@uun	
"ʼidol"@ddw	<https://panlex.org/snapshot/panlex-20191001-csv/114#8067150>				<https://panlex.org/snapshot/panlex-20191001-csv/114#8067562>		"lipeung"@uun	
"ʼidol"@ddw	<https://panlex.org/snapshot/panlex-20191001-csv/114#8067150>				<https://panlex.org/snapshot/panlex-20191001-csv/114#8067564>		"rupun"@uun	
"ʼidol"@ddw	<https://panlex.org/snapshot/panlex-20191001-csv/114#8067150>				<https://panlex.org/snapshot/panlex-20191001-csv/114#8067563>		"ləpə́ŋ"@uun	
"ʼrusol"@ddw	<https://panlex.org/snapshot/panlex-20191001-csv/114#8058913>				<https://panlex.org/snapshot/panlex-20191001-csv/114#8059293>		"bun"@uun	
"ʼudol"@ddw	<https://panlex.org/snapshot/panlex-20191001-csv/114#8065123>				<https://panlex.org/snapshot/panlex-20191001-csv/114#8065535>		"mujing"@uun	
"ʼudol"@ddw	<https://panlex.org/snapshot/panlex-20191001-csv/114#8065123>				<https://panlex.org/snapshot/panlex-20191001-csv/114#8065536>		"mużiŋ"@uun	
"ʼudol"@ddw	<https://panlex.org/snapshot/panlex-20191001-csv/114#8065123>				<https://panlex.org/snapshot/panlex-20191001-csv/114#8065534>		"mouding"@uun	
"ʼwellai"@ddw	<https://panlex.org/snapshot/panlex-20191001-csv/114#8055838>				<https://panlex.org/snapshot/panlex-20191001-csv/114#8056235>		"lalaŋuíʔ"@uun	
"ʼləma"@ddw	<https://panlex.org/snapshot/panlex-20191001-csv/114#8054841>				<https://panlex.org/snapshot/panlex-20191001-csv/114#8055222>		"mupu:żáh"@uun	
"ʼləma"@ddw	<https://panlex.org/snapshot/panlex-20191001-csv/114#8054841>				<https://panlex.org/snapshot/panlex-20191001-csv/114#8055221>		"mopuzan"@uun	
"ʼləma"@ddw	<https://panlex.org/snapshot/panlex-20191001-csv/114#8054841>				<https://panlex.org/snapshot/panlex-20191001-csv/114#8055223>		"ʔalu"@uun	
"ʼallol"@ddw	<https://panlex.org/snapshot/panlex-20191001-csv/114#8054351>				<https://panlex.org/snapshot/panlex-20191001-csv/114#8054718>		"darán"@uun	
"rokʼrokol"@ddw	<https://panlex.org/snapshot/panlex-20191001-csv/114#8064037>				<https://panlex.org/snapshot/panlex-20191001-csv/114#8064435>		"haho"@uun	
"rokʼrokol"@ddw	<https://panlex.org/snapshot/panlex-20191001-csv/114#8064037>				<https://panlex.org/snapshot/panlex-20191001-csv/114#8064436>		"hahoʼ"@uun	
"rokʼrokol"@ddw	<https://panlex.org/snapshot/panlex-20191001-csv/114#8064037>				<https://panlex.org/snapshot/panlex-20191001-csv/114#8064434>		"baqoŋ"@uun	
"ʼtilol"@ddw	<https://panlex.org/snapshot/panlex-20191001-csv/114#8053202>				<https://panlex.org/snapshot/panlex-20191001-csv/114#8053634>		"karao"@uun	
"ʼtilol"@ddw	<https://panlex.org/snapshot/panlex-20191001-csv/114#8053202>				<https://panlex.org/snapshot/panlex-20191001-csv/114#8053635>		"karáu"@uun	
"ʼlal"@ddw	<https://panlex.org/snapshot/panlex-20191001-csv/114#8068215>				<https://panlex.org/snapshot/panlex-20191001-csv/114#8068603>		"mahatan"@uun	
"ʼlal"@ddw	<https://panlex.org/snapshot/panlex-20191001-csv/114#8068215>				<https://panlex.org/snapshot/panlex-20191001-csv/114#8068601>		"ma:hatán"@uun	
"ʼlal"@ddw	<https://panlex.org/snapshot/panlex-20191001-csv/114#8068215>				<https://panlex.org/snapshot/panlex-20191001-csv/114#8068602>		"mahatahatan"@uun	
"ʼonthɛlol"@ddw	<https://panlex.org/snapshot/panlex-20191001-csv/114#8057332>				<https://panlex.org/snapshot/panlex-20191001-csv/114#8057720>		"rapái"@uun	
