"ʼmaiol"@ddw	<https://panlex.org/snapshot/panlex-20191001-csv/114#8067690>				<https://panlex.org/snapshot/panlex-20191001-csv/114#8067822>		"làma"@lmy	
"ʼidol"@ddw	<https://panlex.org/snapshot/panlex-20191001-csv/114#8067150>				<https://panlex.org/snapshot/panlex-20191001-csv/114#8067296>		"ngudu"@lmy	
"ʼrusol"@ddw	<https://panlex.org/snapshot/panlex-20191001-csv/114#8058913>				<https://panlex.org/snapshot/panlex-20191001-csv/114#8059042>		"rí"@lmy	
"ʼudol"@ddw	<https://panlex.org/snapshot/panlex-20191001-csv/114#8065123>				<https://panlex.org/snapshot/panlex-20191001-csv/114#8065269>		"kàru"@lmy	
"ʼwellai"@ddw	<https://panlex.org/snapshot/panlex-20191001-csv/114#8055838>				<https://panlex.org/snapshot/panlex-20191001-csv/114#8055970>		"nang"@lmy	
"ʼwellai"@ddw	<https://panlex.org/snapshot/panlex-20191001-csv/114#8055838>				<https://panlex.org/snapshot/panlex-20191001-csv/114#8055971>		"nangi"@lmy	
"ʼləma"@ddw	<https://panlex.org/snapshot/panlex-20191001-csv/114#8054841>				<https://panlex.org/snapshot/panlex-20191001-csv/114#8054979>		"àmini"@lmy	
"ʼallol"@ddw	<https://panlex.org/snapshot/panlex-20191001-csv/114#8054351>				<https://panlex.org/snapshot/panlex-20191001-csv/114#8054473>		"lara"@lmy	
"rokʼrokol"@ddw	<https://panlex.org/snapshot/panlex-20191001-csv/114#8064037>				<https://panlex.org/snapshot/panlex-20191001-csv/114#8064177>		"bhuku"@lmy	
"ʼtilol"@ddw	<https://panlex.org/snapshot/panlex-20191001-csv/114#8053202>				<https://panlex.org/snapshot/panlex-20191001-csv/114#8053356>		"ledho"@lmy	
"ʼlal"@ddw	<https://panlex.org/snapshot/panlex-20191001-csv/114#8068215>				<https://panlex.org/snapshot/panlex-20191001-csv/114#8068354>		"malha"@lmy	
"ʼonthɛlol"@ddw	<https://panlex.org/snapshot/panlex-20191001-csv/114#8057332>				<https://panlex.org/snapshot/panlex-20191001-csv/114#8057464>		"kalíta"@lmy	
