"ʼmaiol"@ddw	<https://panlex.org/snapshot/panlex-20191001-csv/114#8067690>				<https://panlex.org/snapshot/panlex-20191001-csv/114#8067996>		"malambu-"@sns	
"ʼidol"@ddw	<https://panlex.org/snapshot/panlex-20191001-csv/114#8067150>				<https://panlex.org/snapshot/panlex-20191001-csv/114#8067481>		"livwo-"@sns	
"ʼrusol"@ddw	<https://panlex.org/snapshot/panlex-20191001-csv/114#8058913>				<https://panlex.org/snapshot/panlex-20191001-csv/114#8059213>		"ni-mboloʔ"@sns	
"ʼudol"@ddw	<https://panlex.org/snapshot/panlex-20191001-csv/114#8065123>				<https://panlex.org/snapshot/panlex-20191001-csv/114#8065445>		"ŋginhu-"@sns	
"ʼwellai"@ddw	<https://panlex.org/snapshot/panlex-20191001-csv/114#8055838>				<https://panlex.org/snapshot/panlex-20191001-csv/114#8056154>		"ŋgar"@sns	
"ʼləma"@ddw	<https://panlex.org/snapshot/panlex-20191001-csv/114#8054841>				<https://panlex.org/snapshot/panlex-20191001-csv/114#8055145>		"ßweleŋ"@sns	
"ʼallol"@ddw	<https://panlex.org/snapshot/panlex-20191001-csv/114#8054351>				<https://panlex.org/snapshot/panlex-20191001-csv/114#8054638>		"na-hal"@sns	
"rokʼrokol"@ddw	<https://panlex.org/snapshot/panlex-20191001-csv/114#8064037>				<https://panlex.org/snapshot/panlex-20191001-csv/114#8064347>		"ndolo-"@sns	
"ʼtilol"@ddw	<https://panlex.org/snapshot/panlex-20191001-csv/114#8053202>				<https://panlex.org/snapshot/panlex-20191001-csv/114#8053544>		"mbuli-"@sns	
"ʼlal"@ddw	<https://panlex.org/snapshot/panlex-20191001-csv/114#8068215>				<https://panlex.org/snapshot/panlex-20191001-csv/114#8068527>		"mwas"@sns	
"ʼonthɛlol"@ddw	<https://panlex.org/snapshot/panlex-20191001-csv/114#8057332>				<https://panlex.org/snapshot/panlex-20191001-csv/114#8057640>		"ni-mben"@sns	
