"эври мир"@eve	<https://panlex.org/snapshot/panlex-20191001-csv/5947#84742844>				<https://panlex.org/snapshot/panlex-20191001-csv/5947#84743052>		"فېۋرال"@ug	
"гелтаня"@eve	<https://panlex.org/snapshot/panlex-20191001-csv/5947#84639725>				<https://panlex.org/snapshot/panlex-20191001-csv/5947#84639869>		"ئاق"@ug	
"понедельник"@eve	<https://panlex.org/snapshot/panlex-20191001-csv/5947#84803390>				<https://panlex.org/snapshot/panlex-20191001-csv/5947#84803610>		"دۈشەنبە düshenbe дүшәнбә"@ug	
"кёйэлчидивун"@eve	<https://panlex.org/snapshot/panlex-20191001-csv/5946#84446170>				<https://panlex.org/snapshot/panlex-20191001-csv/5946#84446338>		"eynek"@ug	
"кёйэлчидивун"@eve	<https://panlex.org/snapshot/panlex-20191001-csv/5946#84446170>				<https://panlex.org/snapshot/panlex-20191001-csv/5946#84446337>		"közgü"@ug	
"Нюлтэн"@eve	<https://panlex.org/snapshot/panlex-20191001-csv/5949#85320892>				<https://panlex.org/snapshot/panlex-20191001-csv/5949#85321007>		"Quyash"@ug	
"аймулдан"@eve	<https://panlex.org/snapshot/panlex-20191001-csv/2902#111012227>				<https://panlex.org/snapshot/panlex-20191001-csv/2902#111012302>		"تىنچلىق"@ug	
"аймулдан"@eve	<https://panlex.org/snapshot/panlex-20191001-csv/2902#111012227>				<https://panlex.org/snapshot/panlex-20191001-csv/2902#111012253>		"tinchliq"@ug	
"аймулдан"@eve	<https://panlex.org/snapshot/panlex-20191001-csv/2902#111012227>				<https://panlex.org/snapshot/panlex-20191001-csv/2902#111012176>		"тинчлиқ"@ug	
"Нюлтэн"@eve	<https://panlex.org/snapshot/panlex-20191001-csv/2907#110845045>				<https://panlex.org/snapshot/panlex-20191001-csv/2907#110844962>		"قۇياش"@ug	
"Нюлтэн"@eve	<https://panlex.org/snapshot/panlex-20191001-csv/2907#110845045>				<https://panlex.org/snapshot/panlex-20191001-csv/2907#110844866>		"Қуяш"@ug	
"Нюлтэн"@eve	<https://panlex.org/snapshot/panlex-20191001-csv/2907#110845045>				<https://panlex.org/snapshot/panlex-20191001-csv/2907#110844923>		"Quyash"@ug	
"Макемаке"@eve	<https://panlex.org/snapshot/panlex-20191001-csv/2907#110847668>				<https://panlex.org/snapshot/panlex-20191001-csv/2907#110847659>		"Макемаке"@ug	
"Макемаке"@eve	<https://panlex.org/snapshot/panlex-20191001-csv/2907#110847668>				<https://panlex.org/snapshot/panlex-20191001-csv/2907#110847679>		"Makémaké"@ug	
"Макемаке"@eve	<https://panlex.org/snapshot/panlex-20191001-csv/2907#110847668>				<https://panlex.org/snapshot/panlex-20191001-csv/2907#110847627>		"ماكېماكې"@ug	
"Нептун"@eve	<https://panlex.org/snapshot/panlex-20191001-csv/2907#110847068>				<https://panlex.org/snapshot/panlex-20191001-csv/2907#110846985>		"Нептун"@ug	
"Нептун"@eve	<https://panlex.org/snapshot/panlex-20191001-csv/2907#110847068>				<https://panlex.org/snapshot/panlex-20191001-csv/2907#110847065>		"نېپتۇن"@ug	
"Нептун"@eve	<https://panlex.org/snapshot/panlex-20191001-csv/2907#110847068>				<https://panlex.org/snapshot/panlex-20191001-csv/2907#110846993>		"Néptun"@ug	
"Хаумеа"@eve	<https://panlex.org/snapshot/panlex-20191001-csv/2907#110847573>				<https://panlex.org/snapshot/panlex-20191001-csv/2907#110847461>		"Hauméa"@ug	
"Хаумеа"@eve	<https://panlex.org/snapshot/panlex-20191001-csv/2907#110847573>				<https://panlex.org/snapshot/panlex-20191001-csv/2907#110847560>		"ھائۇمېئا"@ug	
"Хаумеа"@eve	<https://panlex.org/snapshot/panlex-20191001-csv/2907#110847573>				<https://panlex.org/snapshot/panlex-20191001-csv/2907#110847552>		"Һаумеа"@ug	
"Церера"@eve	<https://panlex.org/snapshot/panlex-20191001-csv/2907#110846283>				<https://panlex.org/snapshot/panlex-20191001-csv/2907#110846158>		"سېرېرا"@ug	
"Церера"@eve	<https://panlex.org/snapshot/panlex-20191001-csv/2907#110846283>				<https://panlex.org/snapshot/panlex-20191001-csv/2907#110846219>		"Серера"@ug	
"Церера"@eve	<https://panlex.org/snapshot/panlex-20191001-csv/2907#110846283>				<https://panlex.org/snapshot/panlex-20191001-csv/2907#110846198>		"Séréra"@ug	
"Плутон"@eve	<https://panlex.org/snapshot/panlex-20191001-csv/2907#110847349>				<https://panlex.org/snapshot/panlex-20191001-csv/2907#110847296>		"Pluton"@ug	
"Плутон"@eve	<https://panlex.org/snapshot/panlex-20191001-csv/2907#110847349>				<https://panlex.org/snapshot/panlex-20191001-csv/2907#110847319>		"Плутон"@ug	
"Плутон"@eve	<https://panlex.org/snapshot/panlex-20191001-csv/2907#110847349>				<https://panlex.org/snapshot/panlex-20191001-csv/2907#110847388>		"پلۇتون"@ug	
"Меркурий"@eve	<https://panlex.org/snapshot/panlex-20191001-csv/2907#110845097>				<https://panlex.org/snapshot/panlex-20191001-csv/2907#110845206>		"Mérkuriy"@ug	
"Меркурий"@eve	<https://panlex.org/snapshot/panlex-20191001-csv/2907#110845097>				<https://panlex.org/snapshot/panlex-20191001-csv/2907#110845251>		"مېركۇرىي"@ug	
"Меркурий"@eve	<https://panlex.org/snapshot/panlex-20191001-csv/2907#110845097>				<https://panlex.org/snapshot/panlex-20191001-csv/2907#110845122>		"Меркурий"@ug	
"Сатурн"@eve	<https://panlex.org/snapshot/panlex-20191001-csv/2907#110846772>				<https://panlex.org/snapshot/panlex-20191001-csv/2907#110846714>		"Saturn"@ug	
"Сатурн"@eve	<https://panlex.org/snapshot/panlex-20191001-csv/2907#110846772>				<https://panlex.org/snapshot/panlex-20191001-csv/2907#110846617>		"Сатурн"@ug	
"Сатурн"@eve	<https://panlex.org/snapshot/panlex-20191001-csv/2907#110846772>				<https://panlex.org/snapshot/panlex-20191001-csv/2907#110846749>		"ساتۇرن"@ug	
"Марс"@eve	<https://panlex.org/snapshot/panlex-20191001-csv/2907#110846033>				<https://panlex.org/snapshot/panlex-20191001-csv/2907#110846049>		"Mars"@ug	
"Марс"@eve	<https://panlex.org/snapshot/panlex-20191001-csv/2907#110846033>				<https://panlex.org/snapshot/panlex-20191001-csv/2907#110846096>		"مارس"@ug	
"Марс"@eve	<https://panlex.org/snapshot/panlex-20191001-csv/2907#110846033>				<https://panlex.org/snapshot/panlex-20191001-csv/2907#110845994>		"Марс"@ug	
"Тур"@eve	<https://panlex.org/snapshot/panlex-20191001-csv/2907#110845549>				<https://panlex.org/snapshot/panlex-20191001-csv/2907#110845553>		"Yer"@ug	
"Тур"@eve	<https://panlex.org/snapshot/panlex-20191001-csv/2907#110845549>				<https://panlex.org/snapshot/panlex-20191001-csv/2907#110845600>		"يەر"@ug	
"Тур"@eve	<https://panlex.org/snapshot/panlex-20191001-csv/2907#110845549>				<https://panlex.org/snapshot/panlex-20191001-csv/2907#110845714>		"Йәр"@ug	
"Юпитер"@eve	<https://panlex.org/snapshot/panlex-20191001-csv/2907#110846469>				<https://panlex.org/snapshot/panlex-20191001-csv/2907#110846391>		"Yupitér"@ug	
"Юпитер"@eve	<https://panlex.org/snapshot/panlex-20191001-csv/2907#110846469>				<https://panlex.org/snapshot/panlex-20191001-csv/2907#110846517>		"يۇپىتېر"@ug	
"Юпитер"@eve	<https://panlex.org/snapshot/panlex-20191001-csv/2907#110846469>				<https://panlex.org/snapshot/panlex-20191001-csv/2907#110846423>		"Юпитер"@ug	
"Бег"@eve	<https://panlex.org/snapshot/panlex-20191001-csv/2907#110845749>				<https://panlex.org/snapshot/panlex-20191001-csv/2907#110845880>		"Ай"@ug	
"Бег"@eve	<https://panlex.org/snapshot/panlex-20191001-csv/2907#110845749>				<https://panlex.org/snapshot/panlex-20191001-csv/2907#110845737>		"ئاي"@ug	
"Бег"@eve	<https://panlex.org/snapshot/panlex-20191001-csv/2907#110845749>				<https://panlex.org/snapshot/panlex-20191001-csv/2907#110845839>		"Ay"@ug	
"Венера"@eve	<https://panlex.org/snapshot/panlex-20191001-csv/2907#110845382>				<https://panlex.org/snapshot/panlex-20191001-csv/2907#110845505>		"Венера"@ug	
"Венера"@eve	<https://panlex.org/snapshot/panlex-20191001-csv/2907#110845382>				<https://panlex.org/snapshot/panlex-20191001-csv/2907#110845501>		"ۋېنېرا"@ug	
"Венера"@eve	<https://panlex.org/snapshot/panlex-20191001-csv/2907#110845382>				<https://panlex.org/snapshot/panlex-20191001-csv/2907#110845468>		"Wénéra"@ug	
"Эрида"@eve	<https://panlex.org/snapshot/panlex-20191001-csv/2907#110847899>				<https://panlex.org/snapshot/panlex-20191001-csv/2907#110847923>		"ئېرىدا"@ug	
"Эрида"@eve	<https://panlex.org/snapshot/panlex-20191001-csv/2907#110847899>				<https://panlex.org/snapshot/panlex-20191001-csv/2907#110847886>		"Érida"@ug	
"Эрида"@eve	<https://panlex.org/snapshot/panlex-20191001-csv/2907#110847899>				<https://panlex.org/snapshot/panlex-20191001-csv/2907#110847878>		"Ерида"@ug	
"Уран"@eve	<https://panlex.org/snapshot/panlex-20191001-csv/2907#110846889>				<https://panlex.org/snapshot/panlex-20191001-csv/2907#110846778>		"Уран"@ug	
"Уран"@eve	<https://panlex.org/snapshot/panlex-20191001-csv/2907#110846889>				<https://panlex.org/snapshot/panlex-20191001-csv/2907#110846882>		"Uran"@ug	
"Уран"@eve	<https://panlex.org/snapshot/panlex-20191001-csv/2907#110846889>				<https://panlex.org/snapshot/panlex-20191001-csv/2907#110846910>		"ئۇران"@ug	
"среда"@eve	<https://panlex.org/snapshot/panlex-20191001-csv/2892#110824891>				<https://panlex.org/snapshot/panlex-20191001-csv/2892#110824941>		"чаршәнбә"@ug	
"среда"@eve	<https://panlex.org/snapshot/panlex-20191001-csv/2892#110824891>				<https://panlex.org/snapshot/panlex-20191001-csv/2892#110825237>		"charshenbe"@ug	
"среда"@eve	<https://panlex.org/snapshot/panlex-20191001-csv/2892#110824891>				<https://panlex.org/snapshot/panlex-20191001-csv/2892#110825124>		"چارشەنبە"@ug	
"вторник"@eve	<https://panlex.org/snapshot/panlex-20191001-csv/2892#110824509>				<https://panlex.org/snapshot/panlex-20191001-csv/2892#110824637>		"سەيشەنبە"@ug	
"вторник"@eve	<https://panlex.org/snapshot/panlex-20191001-csv/2892#110824509>				<https://panlex.org/snapshot/panlex-20191001-csv/2892#110824434>		"seyshenbe"@ug	
"вторник"@eve	<https://panlex.org/snapshot/panlex-20191001-csv/2892#110824509>				<https://panlex.org/snapshot/panlex-20191001-csv/2892#110824800>		"сәйшәнбә"@ug	
"четверг"@eve	<https://panlex.org/snapshot/panlex-20191001-csv/2892#110825349>				<https://panlex.org/snapshot/panlex-20191001-csv/2892#110825576>		"پەيشەنبە"@ug	
"четверг"@eve	<https://panlex.org/snapshot/panlex-20191001-csv/2892#110825349>				<https://panlex.org/snapshot/panlex-20191001-csv/2892#110825370>		"peyshenbe"@ug	
"четверг"@eve	<https://panlex.org/snapshot/panlex-20191001-csv/2892#110825349>				<https://panlex.org/snapshot/panlex-20191001-csv/2892#110825587>		"пәйшәнбә"@ug	
"понедельник"@eve	<https://panlex.org/snapshot/panlex-20191001-csv/2892#110824365>				<https://panlex.org/snapshot/panlex-20191001-csv/2892#110824373>		"düshenbe"@ug	
"понедельник"@eve	<https://panlex.org/snapshot/panlex-20191001-csv/2892#110824365>				<https://panlex.org/snapshot/panlex-20191001-csv/2892#110824209>		"دۈشەنبە"@ug	
"понедельник"@eve	<https://panlex.org/snapshot/panlex-20191001-csv/2892#110824365>				<https://panlex.org/snapshot/panlex-20191001-csv/2892#110824132>		"дүшәнбә"@ug	
"воскресенье"@eve	<https://panlex.org/snapshot/panlex-20191001-csv/2892#110826826>				<https://panlex.org/snapshot/panlex-20191001-csv/2892#110826931>		"يەكشەنبە"@ug	
"воскресенье"@eve	<https://panlex.org/snapshot/panlex-20191001-csv/2892#110826826>				<https://panlex.org/snapshot/panlex-20191001-csv/2892#110826737>		"yekshenbe"@ug	
"воскресенье"@eve	<https://panlex.org/snapshot/panlex-20191001-csv/2892#110826826>				<https://panlex.org/snapshot/panlex-20191001-csv/2892#110826641>		"йәкшәнбә"@ug	
"пятница"@eve	<https://panlex.org/snapshot/panlex-20191001-csv/2892#110825843>				<https://panlex.org/snapshot/panlex-20191001-csv/2892#110826088>		"jüme"@ug	
"пятница"@eve	<https://panlex.org/snapshot/panlex-20191001-csv/2892#110825843>				<https://panlex.org/snapshot/panlex-20191001-csv/2892#110825903>		"җүмә"@ug	
"пятница"@eve	<https://panlex.org/snapshot/panlex-20191001-csv/2892#110825843>				<https://panlex.org/snapshot/panlex-20191001-csv/2892#110826063>		"جۈمە"@ug	
"суббота"@eve	<https://panlex.org/snapshot/panlex-20191001-csv/2892#110826568>				<https://panlex.org/snapshot/panlex-20191001-csv/2892#110826146>		"شەنبە"@ug	
"суббота"@eve	<https://panlex.org/snapshot/panlex-20191001-csv/2892#110826568>				<https://panlex.org/snapshot/panlex-20191001-csv/2892#110826178>		"shenbe"@ug	
"суббота"@eve	<https://panlex.org/snapshot/panlex-20191001-csv/2892#110826568>				<https://panlex.org/snapshot/panlex-20191001-csv/2892#110826488>		"шәнбә"@ug	
"эври чордакич"@eve	<https://panlex.org/snapshot/panlex-20191001-csv/2897#110829271>				<https://panlex.org/snapshot/panlex-20191001-csv/2897#110829209>		"июнь"@ug	
"эври чордакич"@eve	<https://panlex.org/snapshot/panlex-20191001-csv/2897#110829271>				<https://panlex.org/snapshot/panlex-20191001-csv/2897#110829177>		"ئىيۇن"@ug	
"эври чордакич"@eve	<https://panlex.org/snapshot/panlex-20191001-csv/2897#110829271>				<https://panlex.org/snapshot/panlex-20191001-csv/2897#110829348>		"iyun"@ug	
"ноябрь"@eve	<https://panlex.org/snapshot/panlex-20191001-csv/2897#110831155>				<https://panlex.org/snapshot/panlex-20191001-csv/2897#110831342>		"noyabir"@ug	
"ноябрь"@eve	<https://panlex.org/snapshot/panlex-20191001-csv/2897#110831155>				<https://panlex.org/snapshot/panlex-20191001-csv/2897#110831331>		"ноябрь"@ug	
"ноябрь"@eve	<https://panlex.org/snapshot/panlex-20191001-csv/2897#110831155>				<https://panlex.org/snapshot/panlex-20191001-csv/2897#110831486>		"نويابىر"@ug	
"февраль"@eve	<https://panlex.org/snapshot/panlex-20191001-csv/2897#110827837>				<https://panlex.org/snapshot/panlex-20191001-csv/2897#110827783>		"féwral"@ug	
"февраль"@eve	<https://panlex.org/snapshot/panlex-20191001-csv/2897#110827837>				<https://panlex.org/snapshot/panlex-20191001-csv/2897#110827536>		"февраль"@ug	
"февраль"@eve	<https://panlex.org/snapshot/panlex-20191001-csv/2897#110827837>				<https://panlex.org/snapshot/panlex-20191001-csv/2897#110827831>		"فېۋرال"@ug	
"июнь"@eve	<https://panlex.org/snapshot/panlex-20191001-csv/2897#110829269>				<https://panlex.org/snapshot/panlex-20191001-csv/2897#110829209>		"июнь"@ug	
"июнь"@eve	<https://panlex.org/snapshot/panlex-20191001-csv/2897#110829269>				<https://panlex.org/snapshot/panlex-20191001-csv/2897#110829177>		"ئىيۇن"@ug	
"июнь"@eve	<https://panlex.org/snapshot/panlex-20191001-csv/2897#110829269>				<https://panlex.org/snapshot/panlex-20191001-csv/2897#110829348>		"iyun"@ug	
"май"@eve	<https://panlex.org/snapshot/panlex-20191001-csv/2897#110828751>				<https://panlex.org/snapshot/panlex-20191001-csv/2897#110828808>		"may"@ug	
"май"@eve	<https://panlex.org/snapshot/panlex-20191001-csv/2897#110828751>				<https://panlex.org/snapshot/panlex-20191001-csv/2897#110828748>		"ماي"@ug	
"май"@eve	<https://panlex.org/snapshot/panlex-20191001-csv/2897#110828751>				<https://panlex.org/snapshot/panlex-20191001-csv/2897#110828692>		"май"@ug	
"ойчири билэн"@eve	<https://panlex.org/snapshot/panlex-20191001-csv/2897#110830821>				<https://panlex.org/snapshot/panlex-20191001-csv/2897#110830847>		"ئۆكتەبىر"@ug	
"ойчири билэн"@eve	<https://panlex.org/snapshot/panlex-20191001-csv/2897#110830821>				<https://panlex.org/snapshot/panlex-20191001-csv/2897#110830910>		"öktebir"@ug	
"ойчири билэн"@eve	<https://panlex.org/snapshot/panlex-20191001-csv/2897#110830821>				<https://panlex.org/snapshot/panlex-20191001-csv/2897#110830992>		"октябрь"@ug	
"дюгани хэе"@eve	<https://panlex.org/snapshot/panlex-20191001-csv/2897#110829538>				<https://panlex.org/snapshot/panlex-20191001-csv/2897#110829693>		"ئىيۇل"@ug	
"дюгани хэе"@eve	<https://panlex.org/snapshot/panlex-20191001-csv/2897#110829538>				<https://panlex.org/snapshot/panlex-20191001-csv/2897#110829528>		"июль"@ug	
"дюгани хэе"@eve	<https://panlex.org/snapshot/panlex-20191001-csv/2897#110829538>				<https://panlex.org/snapshot/panlex-20191001-csv/2897#110829689>		"iyul"@ug	
"тугэни хэе"@eve	<https://panlex.org/snapshot/panlex-20191001-csv/2897#110827387>				<https://panlex.org/snapshot/panlex-20191001-csv/2897#110827282>		"yanwar"@ug	
"тугэни хэе"@eve	<https://panlex.org/snapshot/panlex-20191001-csv/2897#110827387>				<https://panlex.org/snapshot/panlex-20191001-csv/2897#110827284>		"يانۋار"@ug	
"тугэни хэе"@eve	<https://panlex.org/snapshot/panlex-20191001-csv/2897#110827387>				<https://panlex.org/snapshot/panlex-20191001-csv/2897#110827194>		"январь"@ug	
"январь"@eve	<https://panlex.org/snapshot/panlex-20191001-csv/2897#110827297>				<https://panlex.org/snapshot/panlex-20191001-csv/2897#110827282>		"yanwar"@ug	
"январь"@eve	<https://panlex.org/snapshot/panlex-20191001-csv/2897#110827297>				<https://panlex.org/snapshot/panlex-20191001-csv/2897#110827284>		"يانۋار"@ug	
"январь"@eve	<https://panlex.org/snapshot/panlex-20191001-csv/2897#110827297>				<https://panlex.org/snapshot/panlex-20191001-csv/2897#110827194>		"январь"@ug	
"ойчири чордакич"@eve	<https://panlex.org/snapshot/panlex-20191001-csv/2897#110830000>				<https://panlex.org/snapshot/panlex-20191001-csv/2897#110830098>		"август"@ug	
"ойчири чордакич"@eve	<https://panlex.org/snapshot/panlex-20191001-csv/2897#110830000>				<https://panlex.org/snapshot/panlex-20191001-csv/2897#110829904>		"ئاۋغۇست"@ug	
"ойчири чордакич"@eve	<https://panlex.org/snapshot/panlex-20191001-csv/2897#110830000>				<https://panlex.org/snapshot/panlex-20191001-csv/2897#110830002>		"awghust"@ug	
"эври билэн"@eve	<https://panlex.org/snapshot/panlex-20191001-csv/2897#110828509>				<https://panlex.org/snapshot/panlex-20191001-csv/2897#110828304>		"апрель"@ug	
"эври билэн"@eve	<https://panlex.org/snapshot/panlex-20191001-csv/2897#110828509>				<https://panlex.org/snapshot/panlex-20191001-csv/2897#110828624>		"aprél"@ug	
"эври билэн"@eve	<https://panlex.org/snapshot/panlex-20191001-csv/2897#110828509>				<https://panlex.org/snapshot/panlex-20191001-csv/2897#110828600>		"ئاپرېل"@ug	
"октябрь"@eve	<https://panlex.org/snapshot/panlex-20191001-csv/2897#110830751>				<https://panlex.org/snapshot/panlex-20191001-csv/2897#110830847>		"ئۆكتەبىر"@ug	
"октябрь"@eve	<https://panlex.org/snapshot/panlex-20191001-csv/2897#110830751>				<https://panlex.org/snapshot/panlex-20191001-csv/2897#110830910>		"öktebir"@ug	
"октябрь"@eve	<https://panlex.org/snapshot/panlex-20191001-csv/2897#110830751>				<https://panlex.org/snapshot/panlex-20191001-csv/2897#110830992>		"октябрь"@ug	
"эври ечэн"@eve	<https://panlex.org/snapshot/panlex-20191001-csv/2897#110828092>				<https://panlex.org/snapshot/panlex-20191001-csv/2897#110827934>		"mart"@ug	
"эври ечэн"@eve	<https://panlex.org/snapshot/panlex-20191001-csv/2897#110828092>				<https://panlex.org/snapshot/panlex-20191001-csv/2897#110827893>		"март"@ug	
"эври ечэн"@eve	<https://panlex.org/snapshot/panlex-20191001-csv/2897#110828092>				<https://panlex.org/snapshot/panlex-20191001-csv/2897#110828177>		"مارت"@ug	
"эври унма"@eve	<https://panlex.org/snapshot/panlex-20191001-csv/2897#110828939>				<https://panlex.org/snapshot/panlex-20191001-csv/2897#110828808>		"may"@ug	
"эври унма"@eve	<https://panlex.org/snapshot/panlex-20191001-csv/2897#110828939>				<https://panlex.org/snapshot/panlex-20191001-csv/2897#110828748>		"ماي"@ug	
"эври унма"@eve	<https://panlex.org/snapshot/panlex-20191001-csv/2897#110828939>				<https://panlex.org/snapshot/panlex-20191001-csv/2897#110828692>		"май"@ug	
"ойчири ечэн"@eve	<https://panlex.org/snapshot/panlex-20191001-csv/2897#110831275>				<https://panlex.org/snapshot/panlex-20191001-csv/2897#110831342>		"noyabir"@ug	
"ойчири ечэн"@eve	<https://panlex.org/snapshot/panlex-20191001-csv/2897#110831275>				<https://panlex.org/snapshot/panlex-20191001-csv/2897#110831331>		"ноябрь"@ug	
"ойчири ечэн"@eve	<https://panlex.org/snapshot/panlex-20191001-csv/2897#110831275>				<https://panlex.org/snapshot/panlex-20191001-csv/2897#110831486>		"نويابىر"@ug	
"март"@eve	<https://panlex.org/snapshot/panlex-20191001-csv/2897#110828116>				<https://panlex.org/snapshot/panlex-20191001-csv/2897#110827934>		"mart"@ug	
"март"@eve	<https://panlex.org/snapshot/panlex-20191001-csv/2897#110828116>				<https://panlex.org/snapshot/panlex-20191001-csv/2897#110827893>		"март"@ug	
"март"@eve	<https://panlex.org/snapshot/panlex-20191001-csv/2897#110828116>				<https://panlex.org/snapshot/panlex-20191001-csv/2897#110828177>		"مارت"@ug	
"апрель"@eve	<https://panlex.org/snapshot/panlex-20191001-csv/2897#110828535>				<https://panlex.org/snapshot/panlex-20191001-csv/2897#110828304>		"апрель"@ug	
"апрель"@eve	<https://panlex.org/snapshot/panlex-20191001-csv/2897#110828535>				<https://panlex.org/snapshot/panlex-20191001-csv/2897#110828624>		"aprél"@ug	
"апрель"@eve	<https://panlex.org/snapshot/panlex-20191001-csv/2897#110828535>				<https://panlex.org/snapshot/panlex-20191001-csv/2897#110828600>		"ئاپرېل"@ug	
"ойчири мир"@eve	<https://panlex.org/snapshot/panlex-20191001-csv/2897#110831710>				<https://panlex.org/snapshot/panlex-20191001-csv/2897#110831762>		"dékabir"@ug	
"ойчири мир"@eve	<https://panlex.org/snapshot/panlex-20191001-csv/2897#110831710>				<https://panlex.org/snapshot/panlex-20191001-csv/2897#110831969>		"دېكابىر"@ug	
"ойчири мир"@eve	<https://panlex.org/snapshot/panlex-20191001-csv/2897#110831710>				<https://panlex.org/snapshot/panlex-20191001-csv/2897#110831808>		"декабрь"@ug	
"июль"@eve	<https://panlex.org/snapshot/panlex-20191001-csv/2897#110829864>				<https://panlex.org/snapshot/panlex-20191001-csv/2897#110829693>		"ئىيۇل"@ug	
"июль"@eve	<https://panlex.org/snapshot/panlex-20191001-csv/2897#110829864>				<https://panlex.org/snapshot/panlex-20191001-csv/2897#110829528>		"июль"@ug	
"июль"@eve	<https://panlex.org/snapshot/panlex-20191001-csv/2897#110829864>				<https://panlex.org/snapshot/panlex-20191001-csv/2897#110829689>		"iyul"@ug	
"эври мир"@eve	<https://panlex.org/snapshot/panlex-20191001-csv/2897#110827623>				<https://panlex.org/snapshot/panlex-20191001-csv/2897#110827783>		"féwral"@ug	
"эври мир"@eve	<https://panlex.org/snapshot/panlex-20191001-csv/2897#110827623>				<https://panlex.org/snapshot/panlex-20191001-csv/2897#110827536>		"февраль"@ug	
"эври мир"@eve	<https://panlex.org/snapshot/panlex-20191001-csv/2897#110827623>				<https://panlex.org/snapshot/panlex-20191001-csv/2897#110827831>		"فېۋرال"@ug	
"сентябрь"@eve	<https://panlex.org/snapshot/panlex-20191001-csv/2897#110830581>				<https://panlex.org/snapshot/panlex-20191001-csv/2897#110830617>		"سېنتەبىر"@ug	
"сентябрь"@eve	<https://panlex.org/snapshot/panlex-20191001-csv/2897#110830581>				<https://panlex.org/snapshot/panlex-20191001-csv/2897#110830329>		"сентябрь"@ug	
"сентябрь"@eve	<https://panlex.org/snapshot/panlex-20191001-csv/2897#110830581>				<https://panlex.org/snapshot/panlex-20191001-csv/2897#110830705>		"séntebir"@ug	
"август"@eve	<https://panlex.org/snapshot/panlex-20191001-csv/2897#110830308>				<https://panlex.org/snapshot/panlex-20191001-csv/2897#110830098>		"август"@ug	
"август"@eve	<https://panlex.org/snapshot/panlex-20191001-csv/2897#110830308>				<https://panlex.org/snapshot/panlex-20191001-csv/2897#110829904>		"ئاۋغۇست"@ug	
"август"@eve	<https://panlex.org/snapshot/panlex-20191001-csv/2897#110830308>				<https://panlex.org/snapshot/panlex-20191001-csv/2897#110830002>		"awghust"@ug	
"декабрь"@eve	<https://panlex.org/snapshot/panlex-20191001-csv/2897#110831598>				<https://panlex.org/snapshot/panlex-20191001-csv/2897#110831762>		"dékabir"@ug	
"декабрь"@eve	<https://panlex.org/snapshot/panlex-20191001-csv/2897#110831598>				<https://panlex.org/snapshot/panlex-20191001-csv/2897#110831969>		"دېكابىر"@ug	
"декабрь"@eve	<https://panlex.org/snapshot/panlex-20191001-csv/2897#110831598>				<https://panlex.org/snapshot/panlex-20191001-csv/2897#110831808>		"декабрь"@ug	
"ойчири унма"@eve	<https://panlex.org/snapshot/panlex-20191001-csv/2897#110830475>				<https://panlex.org/snapshot/panlex-20191001-csv/2897#110830617>		"سېنتەبىر"@ug	
"ойчири унма"@eve	<https://panlex.org/snapshot/panlex-20191001-csv/2897#110830475>				<https://panlex.org/snapshot/panlex-20191001-csv/2897#110830329>		"сентябрь"@ug	
"ойчири унма"@eve	<https://panlex.org/snapshot/panlex-20191001-csv/2897#110830475>				<https://panlex.org/snapshot/panlex-20191001-csv/2897#110830705>		"séntebir"@ug	
