"noʼa-"@nmk	<https://panlex.org/snapshot/panlex-20191001-csv/114#8064271>				<https://panlex.org/snapshot/panlex-20191001-csv/114#8064332>		"koderan"@sjr	
"bati-"@nmk	<https://panlex.org/snapshot/panlex-20191001-csv/114#8067398>				<https://panlex.org/snapshot/panlex-20191001-csv/114#8067466>		"kabinngisen"@sjr	
"bati-"@nmk	<https://panlex.org/snapshot/panlex-20191001-csv/114#8067398>				<https://panlex.org/snapshot/panlex-20191001-csv/114#8067467>		"ngisen"@sjr	
"mena-"@nmk	<https://panlex.org/snapshot/panlex-20191001-csv/114#8067920>				<https://panlex.org/snapshot/panlex-20191001-csv/114#8067982>		"karmayán"@sjr	
"lao-"@nmk	<https://panlex.org/snapshot/panlex-20191001-csv/114#8053461>				<https://panlex.org/snapshot/panlex-20191001-csv/114#8053529>		"keke n"@sjr	
"av"@nmk	<https://panlex.org/snapshot/panlex-20191001-csv/114#8056077>				<https://panlex.org/snapshot/panlex-20191001-csv/114#8056142>		"ieliel"@sjr	
"lima"@nmk	<https://panlex.org/snapshot/panlex-20191001-csv/114#8051974>				<https://panlex.org/snapshot/panlex-20191001-csv/114#8052040>		"liman"@sjr	
"tak"@nmk	<https://panlex.org/snapshot/panlex-20191001-csv/114#8058074>				<https://panlex.org/snapshot/panlex-20191001-csv/114#8058132>		"tarun"@sjr	
"siw"@nmk	<https://panlex.org/snapshot/panlex-20191001-csv/114#8059141>				<https://panlex.org/snapshot/panlex-20191001-csv/114#8059199>		"sur"@sjr	
"matak"@nmk	<https://panlex.org/snapshot/panlex-20191001-csv/114#8062693>				<https://panlex.org/snapshot/panlex-20191001-csv/114#8062754>		"matutut"@sjr	
"kinih"@nmk	<https://panlex.org/snapshot/panlex-20191001-csv/114#8065370>				<https://panlex.org/snapshot/panlex-20191001-csv/114#8065432>		"kabusun"@sjr	
"bil"@nmk	<https://panlex.org/snapshot/panlex-20191001-csv/114#8055561>				<https://panlex.org/snapshot/panlex-20191001-csv/114#8055634>		"ager"@sjr	
"maʼet"@nmk	<https://panlex.org/snapshot/panlex-20191001-csv/114#8056584>				<https://panlex.org/snapshot/panlex-20191001-csv/114#8056652>		"kot"@sjr	
"daʼ"@nmk	<https://panlex.org/snapshot/panlex-20191001-csv/114#8063192>				<https://panlex.org/snapshot/panlex-20191001-csv/114#8063255>		"silik"@sjr	
"maliŋ"@nmk	<https://panlex.org/snapshot/panlex-20191001-csv/114#8056583>				<https://panlex.org/snapshot/panlex-20191001-csv/114#8056652>		"kot"@sjr	
"doŋ|ʼih"@nmk	<https://panlex.org/snapshot/panlex-20191001-csv/114#8066320>				<https://panlex.org/snapshot/panlex-20191001-csv/114#8066379>		"woh"@sjr	
"ʼur"@nmk	<https://panlex.org/snapshot/panlex-20191001-csv/114#8068452>				<https://panlex.org/snapshot/panlex-20191001-csv/114#8068515>		"langar"@sjr	
