"mi|dodo"@nmk	<https://panlex.org/snapshot/panlex-20191001-csv/114#8062190>				<https://panlex.org/snapshot/panlex-20191001-csv/114#8062262>		"māfaufau"@sm	
"noʼa-"@nmk	<https://panlex.org/snapshot/panlex-20191001-csv/114#8064271>				<https://panlex.org/snapshot/panlex-20191001-csv/114#8064343>		"ua"@sm	
"bati-"@nmk	<https://panlex.org/snapshot/panlex-20191001-csv/114#8067398>				<https://panlex.org/snapshot/panlex-20191001-csv/114#8067477>		"nifo"@sm	
"mena-"@nmk	<https://panlex.org/snapshot/panlex-20191001-csv/114#8067920>				<https://panlex.org/snapshot/panlex-20191001-csv/114#8067992>		"alelo"@sm	
"mena-"@nmk	<https://panlex.org/snapshot/panlex-20191001-csv/114#8067920>				<https://panlex.org/snapshot/panlex-20191001-csv/114#8067991>		"laulaufaiva"@sm	
"lao-"@nmk	<https://panlex.org/snapshot/panlex-20191001-csv/114#8053461>				<https://panlex.org/snapshot/panlex-20191001-csv/114#8053540>		"vae"@sm	
"av"@nmk	<https://panlex.org/snapshot/panlex-20191001-csv/114#8056077>				<https://panlex.org/snapshot/panlex-20191001-csv/114#8056150>		"ʻaʻau"@sm	
"lima"@nmk	<https://panlex.org/snapshot/panlex-20191001-csv/114#8051974>				<https://panlex.org/snapshot/panlex-20191001-csv/114#8052050>		"lima"@sm	
"tak"@nmk	<https://panlex.org/snapshot/panlex-20191001-csv/114#8058074>				<https://panlex.org/snapshot/panlex-20191001-csv/114#8058141>		"tua"@sm	
"siw"@nmk	<https://panlex.org/snapshot/panlex-20191001-csv/114#8059141>				<https://panlex.org/snapshot/panlex-20191001-csv/114#8059209>		"ivi"@sm	
"matak"@nmk	<https://panlex.org/snapshot/panlex-20191001-csv/114#8062693>				<https://panlex.org/snapshot/panlex-20191001-csv/114#8062763>		"mataʻu"@sm	
"matak"@nmk	<https://panlex.org/snapshot/panlex-20191001-csv/114#8062693>				<https://panlex.org/snapshot/panlex-20191001-csv/114#8062762>		"fefe"@sm	
"kinih"@nmk	<https://panlex.org/snapshot/panlex-20191001-csv/114#8065370>				<https://panlex.org/snapshot/panlex-20191001-csv/114#8065441>		"isu"@sm	
"bil"@nmk	<https://panlex.org/snapshot/panlex-20191001-csv/114#8055561>				<https://panlex.org/snapshot/panlex-20191001-csv/114#8055642>		"fāliu"@sm	
"maʼet"@nmk	<https://panlex.org/snapshot/panlex-20191001-csv/114#8056584>				<https://panlex.org/snapshot/panlex-20191001-csv/114#8056662>		"ʻeleʻelea"@sm	
"daʼ"@nmk	<https://panlex.org/snapshot/panlex-20191001-csv/114#8063192>				<https://panlex.org/snapshot/panlex-20191001-csv/114#8063264>		"toto"@sm	
"maliŋ"@nmk	<https://panlex.org/snapshot/panlex-20191001-csv/114#8056583>				<https://panlex.org/snapshot/panlex-20191001-csv/114#8056662>		"ʻeleʻelea"@sm	
"doŋ|ʼih"@nmk	<https://panlex.org/snapshot/panlex-20191001-csv/114#8066320>				<https://panlex.org/snapshot/panlex-20191001-csv/114#8066386>		"soŋi"@sm	
"ʼur"@nmk	<https://panlex.org/snapshot/panlex-20191001-csv/114#8068452>				<https://panlex.org/snapshot/panlex-20191001-csv/114#8068523>		"ʻata"@sm	
