"water"@nl	<https://panlex.org/snapshot/panlex-20191001-csv/1573#50085791>				<https://panlex.org/snapshot/panlex-20191001-csv/1573#50085659>		"лъени"@bph	
"water"@nl	<https://panlex.org/snapshot/panlex-20191001-csv/1573#50085791>				<https://panlex.org/snapshot/panlex-20191001-csv/1573#50085658>		"лъени"@bph	
"heuvel"@nl	<https://panlex.org/snapshot/panlex-20191001-csv/1573#50083679>				<https://panlex.org/snapshot/panlex-20191001-csv/1573#50083468>		"рекъа"@bph	
"heuvel"@nl	<https://panlex.org/snapshot/panlex-20191001-csv/1573#50083679>				<https://panlex.org/snapshot/panlex-20191001-csv/1573#50083465>		"беле"@bph	
"heuvel"@nl	<https://panlex.org/snapshot/panlex-20191001-csv/1573#50083679>				<https://panlex.org/snapshot/panlex-20191001-csv/1573#50083466>		"рекъа"@bph	
"heuvel"@nl	<https://panlex.org/snapshot/panlex-20191001-csv/1573#50083679>				<https://panlex.org/snapshot/panlex-20191001-csv/1573#50083467>		"бели"@bph	
"oever"@nl	<https://panlex.org/snapshot/panlex-20191001-csv/1573#50085260>				<https://panlex.org/snapshot/panlex-20191001-csv/1573#50085088>		"инсалъи бай"@bph	
"oever"@nl	<https://panlex.org/snapshot/panlex-20191001-csv/1573#50085260>				<https://panlex.org/snapshot/panlex-20191001-csv/1573#50085089>		"регьа бай"@bph	
"oever"@nl	<https://panlex.org/snapshot/panlex-20191001-csv/1573#50085260>				<https://panlex.org/snapshot/panlex-20191001-csv/1573#50085090>		"инсалъи бай"@bph	
"kalm"@nl	<https://panlex.org/snapshot/panlex-20191001-csv/1573#50086232>				<https://panlex.org/snapshot/panlex-20191001-csv/1573#50086137>		"гьачІаха бештаб"@bph	
"kalm"@nl	<https://panlex.org/snapshot/panlex-20191001-csv/1573#50086232>				<https://panlex.org/snapshot/panlex-20191001-csv/1573#50086138>		"гъицІаха бещдир"@bph	
"baar"@nl	<https://panlex.org/snapshot/panlex-20191001-csv/1573#50087765>				<https://panlex.org/snapshot/panlex-20191001-csv/1573#50087641>		"гъваранча"@bph	
"baar"@nl	<https://panlex.org/snapshot/panlex-20191001-csv/1573#50087765>				<https://panlex.org/snapshot/panlex-20191001-csv/1573#50087642>		"карачил"@bph	
"steen"@nl	<https://panlex.org/snapshot/panlex-20191001-csv/1573#50090699>				<https://panlex.org/snapshot/panlex-20191001-csv/1573#50090485>		"гьинцІа"@bph	
"steen"@nl	<https://panlex.org/snapshot/panlex-20191001-csv/1573#50090699>				<https://panlex.org/snapshot/panlex-20191001-csv/1573#50090488>		"кьуди"@bph	
"steen"@nl	<https://panlex.org/snapshot/panlex-20191001-csv/1573#50090699>				<https://panlex.org/snapshot/panlex-20191001-csv/1573#50090487>		"гьинца"@bph	
"steen"@nl	<https://panlex.org/snapshot/panlex-20191001-csv/1573#50090699>				<https://panlex.org/snapshot/panlex-20191001-csv/1573#50090486>		"кьуди"@bph	
"modder"@nl	<https://panlex.org/snapshot/panlex-20191001-csv/1573#50083073>				<https://panlex.org/snapshot/panlex-20191001-csv/1573#50082902>		"биччи"@bph	
"modder"@nl	<https://panlex.org/snapshot/panlex-20191001-csv/1573#50083073>				<https://panlex.org/snapshot/panlex-20191001-csv/1573#50082903>		"хъупир"@bph	
"modder"@nl	<https://panlex.org/snapshot/panlex-20191001-csv/1573#50083073>				<https://panlex.org/snapshot/panlex-20191001-csv/1573#50082901>		"хъупир"@bph	
"modder"@nl	<https://panlex.org/snapshot/panlex-20191001-csv/1573#50083073>				<https://panlex.org/snapshot/panlex-20191001-csv/1573#50082900>		"биччи"@bph	
"eiland"@nl	<https://panlex.org/snapshot/panlex-20191001-csv/1573#50084823>				<https://panlex.org/snapshot/panlex-20191001-csv/1573#50084709>		"чІинкІиллъи"@bph	
"eiland"@nl	<https://panlex.org/snapshot/panlex-20191001-csv/1573#50084823>				<https://panlex.org/snapshot/panlex-20191001-csv/1573#50084710>		"гьала лъенилъи"@bph	
"aardbeving"@nl	<https://panlex.org/snapshot/panlex-20191001-csv/1573#50090970>				<https://panlex.org/snapshot/panlex-20191001-csv/1573#50090868>		"муса лулади"@bph	
"aardbeving"@nl	<https://panlex.org/snapshot/panlex-20191001-csv/1573#50090970>				<https://panlex.org/snapshot/panlex-20191001-csv/1573#50090869>		"дунял гьугьаду"@bph	
"aarde"@nl	<https://panlex.org/snapshot/panlex-20191001-csv/1573#50082490>				<https://panlex.org/snapshot/panlex-20191001-csv/1573#50082313>		"унши"@bph	
"aarde"@nl	<https://panlex.org/snapshot/panlex-20191001-csv/1573#50082490>				<https://panlex.org/snapshot/panlex-20191001-csv/1573#50082312>		"унщи"@bph	
"aarde"@nl	<https://panlex.org/snapshot/panlex-20191001-csv/1573#50082154>				<https://panlex.org/snapshot/panlex-20191001-csv/1573#50081986>		"пачалихъ"@bph	
"aarde"@nl	<https://panlex.org/snapshot/panlex-20191001-csv/1573#50082154>				<https://panlex.org/snapshot/panlex-20191001-csv/1573#50081985>		"унщи"@bph	
"aarde"@nl	<https://panlex.org/snapshot/panlex-20191001-csv/1573#50082154>				<https://panlex.org/snapshot/panlex-20191001-csv/1573#50081984>		"пачалихъ"@bph	
"aarde"@nl	<https://panlex.org/snapshot/panlex-20191001-csv/1573#50082154>				<https://panlex.org/snapshot/panlex-20191001-csv/1573#50081987>		"унши"@bph	
"draaikolk"@nl	<https://panlex.org/snapshot/panlex-20191001-csv/1573#50088749>				<https://panlex.org/snapshot/panlex-20191001-csv/1573#50088650>		"хархун"@bph	
"draaikolk"@nl	<https://panlex.org/snapshot/panlex-20191001-csv/1573#50088749>				<https://panlex.org/snapshot/panlex-20191001-csv/1573#50088649>		"хархун"@bph	
"vasteland"@nl	<https://panlex.org/snapshot/panlex-20191001-csv/1573#50085005>				<https://panlex.org/snapshot/panlex-20191001-csv/1573#50084920>		"кантинент"@bph	
"dal"@nl	<https://panlex.org/snapshot/panlex-20191001-csv/1573#50084612>				<https://panlex.org/snapshot/panlex-20191001-csv/1573#50084492>		"байдан"@bph	
"dal"@nl	<https://panlex.org/snapshot/panlex-20191001-csv/1573#50084612>				<https://panlex.org/snapshot/panlex-20191001-csv/1573#50084491>		"гІалах"@bph	
"dal"@nl	<https://panlex.org/snapshot/panlex-20191001-csv/1573#50084612>				<https://panlex.org/snapshot/panlex-20191001-csv/1573#50084490>		"байдан"@bph	
"klip"@nl	<https://panlex.org/snapshot/panlex-20191001-csv/1573#50084030>				<https://panlex.org/snapshot/panlex-20191001-csv/1573#50083869>		"кІкІʼабадир"@bph	
"klip"@nl	<https://panlex.org/snapshot/panlex-20191001-csv/1573#50084030>				<https://panlex.org/snapshot/panlex-20191001-csv/1573#50083874>		"къуди"@bph	
"klip"@nl	<https://panlex.org/snapshot/panlex-20191001-csv/1573#50084030>				<https://panlex.org/snapshot/panlex-20191001-csv/1573#50083870>		"кьуделъи бай"@bph	
"klip"@nl	<https://panlex.org/snapshot/panlex-20191001-csv/1573#50084030>				<https://panlex.org/snapshot/panlex-20191001-csv/1573#50083872>		"кьури"@bph	
"klip"@nl	<https://panlex.org/snapshot/panlex-20191001-csv/1573#50084030>				<https://panlex.org/snapshot/panlex-20191001-csv/1573#50083873>		"кІкІабдир"@bph	
"klip"@nl	<https://panlex.org/snapshot/panlex-20191001-csv/1573#50084030>				<https://panlex.org/snapshot/panlex-20191001-csv/1573#50083871>		"кьуди"@bph	
"klip"@nl	<https://panlex.org/snapshot/panlex-20191001-csv/1573#50084030>				<https://panlex.org/snapshot/panlex-20191001-csv/1573#50083875>		"кьудепъи бай"@bph	
"meer"@nl	<https://panlex.org/snapshot/panlex-20191001-csv/1573#50087017>				<https://panlex.org/snapshot/panlex-20191001-csv/1573#50086891>		"регьа"@bph	
"meer"@nl	<https://panlex.org/snapshot/panlex-20191001-csv/1573#50087017>				<https://panlex.org/snapshot/panlex-20191001-csv/1573#50086890>		"игьур"@bph	
"meer"@nl	<https://panlex.org/snapshot/panlex-20191001-csv/1573#50087017>				<https://panlex.org/snapshot/panlex-20191001-csv/1573#50086892>		"игьур"@bph	
"afgrond"@nl	<https://panlex.org/snapshot/panlex-20191001-csv/1573#50084029>				<https://panlex.org/snapshot/panlex-20191001-csv/1573#50083869>		"кІкІʼабадир"@bph	
"afgrond"@nl	<https://panlex.org/snapshot/panlex-20191001-csv/1573#50084029>				<https://panlex.org/snapshot/panlex-20191001-csv/1573#50083874>		"къуди"@bph	
"afgrond"@nl	<https://panlex.org/snapshot/panlex-20191001-csv/1573#50084029>				<https://panlex.org/snapshot/panlex-20191001-csv/1573#50083870>		"кьуделъи бай"@bph	
"afgrond"@nl	<https://panlex.org/snapshot/panlex-20191001-csv/1573#50084029>				<https://panlex.org/snapshot/panlex-20191001-csv/1573#50083872>		"кьури"@bph	
"afgrond"@nl	<https://panlex.org/snapshot/panlex-20191001-csv/1573#50084029>				<https://panlex.org/snapshot/panlex-20191001-csv/1573#50083873>		"кІкІабдир"@bph	
"afgrond"@nl	<https://panlex.org/snapshot/panlex-20191001-csv/1573#50084029>				<https://panlex.org/snapshot/panlex-20191001-csv/1573#50083871>		"кьуди"@bph	
"afgrond"@nl	<https://panlex.org/snapshot/panlex-20191001-csv/1573#50084029>				<https://panlex.org/snapshot/panlex-20191001-csv/1573#50083875>		"кьудепъи бай"@bph	
"bos"@nl	<https://panlex.org/snapshot/panlex-20191001-csv/1573#50089812>				<https://panlex.org/snapshot/panlex-20191001-csv/1573#50089663>		"рухьу"@bph	
"bos"@nl	<https://panlex.org/snapshot/panlex-20191001-csv/1573#50089812>				<https://panlex.org/snapshot/panlex-20191001-csv/1573#50089662>		"рухьу"@bph	
"boom"@nl	<https://panlex.org/snapshot/panlex-20191001-csv/1573#50090090>				<https://panlex.org/snapshot/panlex-20191001-csv/1573#50089956>		"руша"@bph	
"boom"@nl	<https://panlex.org/snapshot/panlex-20191001-csv/1573#50090090>				<https://panlex.org/snapshot/panlex-20191001-csv/1573#50089957>		"руша"@bph	
"grot"@nl	<https://panlex.org/snapshot/panlex-20191001-csv/1573#50085547>				<https://panlex.org/snapshot/panlex-20191001-csv/1573#50085419>		"речІчІа"@bph	
"grot"@nl	<https://panlex.org/snapshot/panlex-20191001-csv/1573#50085547>				<https://panlex.org/snapshot/panlex-20191001-csv/1573#50085420>		"къватІа"@bph	
"grot"@nl	<https://panlex.org/snapshot/panlex-20191001-csv/1573#50085547>				<https://panlex.org/snapshot/panlex-20191001-csv/1573#50085418>		"къватІа"@bph	
"zon"@nl	<https://panlex.org/snapshot/panlex-20191001-csv/1573#50091444>				<https://panlex.org/snapshot/panlex-20191001-csv/1573#50091314>		"мигьи"@bph	
"zon"@nl	<https://panlex.org/snapshot/panlex-20191001-csv/1573#50091444>				<https://panlex.org/snapshot/panlex-20191001-csv/1573#50091313>		"мигьи"@bph	
"hemel"@nl	<https://panlex.org/snapshot/panlex-20191001-csv/1573#50091187>				<https://panlex.org/snapshot/panlex-20191001-csv/1573#50091059>		"решин"@bph	
"hemel"@nl	<https://panlex.org/snapshot/panlex-20191001-csv/1573#50091187>				<https://panlex.org/snapshot/panlex-20191001-csv/1573#50091058>		"решин"@bph	
"rots"@nl	<https://panlex.org/snapshot/panlex-20191001-csv/1573#50090698>				<https://panlex.org/snapshot/panlex-20191001-csv/1573#50090485>		"гьинцІа"@bph	
"rots"@nl	<https://panlex.org/snapshot/panlex-20191001-csv/1573#50090698>				<https://panlex.org/snapshot/panlex-20191001-csv/1573#50090488>		"кьуди"@bph	
"rots"@nl	<https://panlex.org/snapshot/panlex-20191001-csv/1573#50090698>				<https://panlex.org/snapshot/panlex-20191001-csv/1573#50090487>		"гьинца"@bph	
"rots"@nl	<https://panlex.org/snapshot/panlex-20191001-csv/1573#50090698>				<https://panlex.org/snapshot/panlex-20191001-csv/1573#50090486>		"кьуди"@bph	
"berg"@nl	<https://panlex.org/snapshot/panlex-20191001-csv/1573#50083678>				<https://panlex.org/snapshot/panlex-20191001-csv/1573#50083468>		"рекъа"@bph	
"berg"@nl	<https://panlex.org/snapshot/panlex-20191001-csv/1573#50083678>				<https://panlex.org/snapshot/panlex-20191001-csv/1573#50083465>		"беле"@bph	
"berg"@nl	<https://panlex.org/snapshot/panlex-20191001-csv/1573#50083678>				<https://panlex.org/snapshot/panlex-20191001-csv/1573#50083466>		"рекъа"@bph	
"berg"@nl	<https://panlex.org/snapshot/panlex-20191001-csv/1573#50083678>				<https://panlex.org/snapshot/panlex-20191001-csv/1573#50083467>		"бели"@bph	
"oceaan"@nl	<https://panlex.org/snapshot/panlex-20191001-csv/1573#50086794>				<https://panlex.org/snapshot/panlex-20191001-csv/1573#50086704>		"регьа"@bph	
"oceaan"@nl	<https://panlex.org/snapshot/panlex-20191001-csv/1573#50086794>				<https://panlex.org/snapshot/panlex-20191001-csv/1573#50086703>		"бечІуха регьа"@bph	
"zand"@nl	<https://panlex.org/snapshot/panlex-20191001-csv/1573#50083321>				<https://panlex.org/snapshot/panlex-20191001-csv/1573#50083188>		"сира"@bph	
"zand"@nl	<https://panlex.org/snapshot/panlex-20191001-csv/1573#50083321>				<https://panlex.org/snapshot/panlex-20191001-csv/1573#50083189>		"сира"@bph	
"waterval"@nl	<https://panlex.org/snapshot/panlex-20191001-csv/1573#50089577>				<https://panlex.org/snapshot/panlex-20191001-csv/1573#50089474>		"лъени букнирлъи"@bph	
"waterval"@nl	<https://panlex.org/snapshot/panlex-20191001-csv/1573#50089577>				<https://panlex.org/snapshot/panlex-20191001-csv/1573#50089473>		"гьирцІир"@bph	
"waterval"@nl	<https://panlex.org/snapshot/panlex-20191001-csv/1573#50089577>				<https://panlex.org/snapshot/panlex-20191001-csv/1573#50089472>		"гьирцІил"@bph	
"waterval"@nl	<https://panlex.org/snapshot/panlex-20191001-csv/1573#50089577>				<https://panlex.org/snapshot/panlex-20191001-csv/1573#50089471>		"горгол"@bph	
"vallei"@nl	<https://panlex.org/snapshot/panlex-20191001-csv/1573#50084613>				<https://panlex.org/snapshot/panlex-20191001-csv/1573#50084492>		"байдан"@bph	
"vallei"@nl	<https://panlex.org/snapshot/panlex-20191001-csv/1573#50084613>				<https://panlex.org/snapshot/panlex-20191001-csv/1573#50084491>		"гІалах"@bph	
"vallei"@nl	<https://panlex.org/snapshot/panlex-20191001-csv/1573#50084613>				<https://panlex.org/snapshot/panlex-20191001-csv/1573#50084490>		"байдан"@bph	
"moeras"@nl	<https://panlex.org/snapshot/panlex-20191001-csv/1573#50089359>				<https://panlex.org/snapshot/panlex-20191001-csv/1573#50089219>		"цІинтур"@bph	
"moeras"@nl	<https://panlex.org/snapshot/panlex-20191001-csv/1573#50089359>				<https://panlex.org/snapshot/panlex-20191001-csv/1573#50089220>		"хьуци"@bph	
"moeras"@nl	<https://panlex.org/snapshot/panlex-20191001-csv/1573#50089359>				<https://panlex.org/snapshot/panlex-20191001-csv/1573#50089221>		"цІинтур"@bph	
"land"@nl	<https://panlex.org/snapshot/panlex-20191001-csv/1573#50082155>				<https://panlex.org/snapshot/panlex-20191001-csv/1573#50081986>		"пачалихъ"@bph	
"land"@nl	<https://panlex.org/snapshot/panlex-20191001-csv/1573#50082155>				<https://panlex.org/snapshot/panlex-20191001-csv/1573#50081985>		"унщи"@bph	
"land"@nl	<https://panlex.org/snapshot/panlex-20191001-csv/1573#50082155>				<https://panlex.org/snapshot/panlex-20191001-csv/1573#50081984>		"пачалихъ"@bph	
"land"@nl	<https://panlex.org/snapshot/panlex-20191001-csv/1573#50082155>				<https://panlex.org/snapshot/panlex-20191001-csv/1573#50081987>		"унши"@bph	
"vlakte"@nl	<https://panlex.org/snapshot/panlex-20191001-csv/1573#50084356>				<https://panlex.org/snapshot/panlex-20191001-csv/1573#50084162>		"байдан"@bph	
"vlakte"@nl	<https://panlex.org/snapshot/panlex-20191001-csv/1573#50084356>				<https://panlex.org/snapshot/panlex-20191001-csv/1573#50084163>		"хури"@bph	
"vlakte"@nl	<https://panlex.org/snapshot/panlex-20191001-csv/1573#50084356>				<https://panlex.org/snapshot/panlex-20191001-csv/1573#50084161>		"хури"@bph	
"vlakte"@nl	<https://panlex.org/snapshot/panlex-20191001-csv/1573#50084356>				<https://panlex.org/snapshot/panlex-20191001-csv/1573#50084160>		"байдан"@bph	
"rivier"@nl	<https://panlex.org/snapshot/panlex-20191001-csv/1573#50088471>				<https://panlex.org/snapshot/panlex-20191001-csv/1573#50088225>		"инхи"@bph	
"rivier"@nl	<https://panlex.org/snapshot/panlex-20191001-csv/1573#50088471>				<https://panlex.org/snapshot/panlex-20191001-csv/1573#50088222>		"инхи"@bph	
"rivier"@nl	<https://panlex.org/snapshot/panlex-20191001-csv/1573#50088471>				<https://panlex.org/snapshot/panlex-20191001-csv/1573#50088221>		"инса"@bph	
"rivier"@nl	<https://panlex.org/snapshot/panlex-20191001-csv/1573#50088471>				<https://panlex.org/snapshot/panlex-20191001-csv/1573#50088223>		"зукку лъени"@bph	
"rivier"@nl	<https://panlex.org/snapshot/panlex-20191001-csv/1573#50088471>				<https://panlex.org/snapshot/panlex-20191001-csv/1573#50088224>		"инса"@bph	
"golf"@nl	<https://panlex.org/snapshot/panlex-20191001-csv/1573#50087766>				<https://panlex.org/snapshot/panlex-20191001-csv/1573#50087641>		"гъваранча"@bph	
"golf"@nl	<https://panlex.org/snapshot/panlex-20191001-csv/1573#50087766>				<https://panlex.org/snapshot/panlex-20191001-csv/1573#50087642>		"карачил"@bph	
"golf"@nl	<https://panlex.org/snapshot/panlex-20191001-csv/1573#50087193>				<https://panlex.org/snapshot/panlex-20191001-csv/1573#50087111>		"лъени бигъаб муса"@bph	
"getij"@nl	<https://panlex.org/snapshot/panlex-20191001-csv/1573#50087922>				<https://panlex.org/snapshot/panlex-20191001-csv/1573#50087863>		"гьикьа маирла"@bph	
"getij"@nl	<https://panlex.org/snapshot/panlex-20191001-csv/1573#50087922>				<https://panlex.org/snapshot/panlex-20191001-csv/1573#50087864>		"регьалъи гьирцІирка"@bph	
"baai"@nl	<https://panlex.org/snapshot/panlex-20191001-csv/1573#50087192>				<https://panlex.org/snapshot/panlex-20191001-csv/1573#50087111>		"лъени бигъаб муса"@bph	
"ruw"@nl	<https://panlex.org/snapshot/panlex-20191001-csv/1573#50086413>				<https://panlex.org/snapshot/panlex-20191001-csv/1573#50086319>		"багъаргъаб"@bph	
"ruw"@nl	<https://panlex.org/snapshot/panlex-20191001-csv/1573#50086413>				<https://panlex.org/snapshot/panlex-20191001-csv/1573#50086320>		"хеххи"@bph	
"ruw"@nl	<https://panlex.org/snapshot/panlex-20191001-csv/1573#50086413>				<https://panlex.org/snapshot/panlex-20191001-csv/1573#50086321>		"хеххи"@bph	
"stroom"@nl	<https://panlex.org/snapshot/panlex-20191001-csv/1573#50088472>				<https://panlex.org/snapshot/panlex-20191001-csv/1573#50088225>		"инхи"@bph	
"stroom"@nl	<https://panlex.org/snapshot/panlex-20191001-csv/1573#50088472>				<https://panlex.org/snapshot/panlex-20191001-csv/1573#50088222>		"инхи"@bph	
"stroom"@nl	<https://panlex.org/snapshot/panlex-20191001-csv/1573#50088472>				<https://panlex.org/snapshot/panlex-20191001-csv/1573#50088221>		"инса"@bph	
"stroom"@nl	<https://panlex.org/snapshot/panlex-20191001-csv/1573#50088472>				<https://panlex.org/snapshot/panlex-20191001-csv/1573#50088223>		"зукку лъени"@bph	
"stroom"@nl	<https://panlex.org/snapshot/panlex-20191001-csv/1573#50088472>				<https://panlex.org/snapshot/panlex-20191001-csv/1573#50088224>		"инса"@bph	
"grond"@nl	<https://panlex.org/snapshot/panlex-20191001-csv/1573#50082491>				<https://panlex.org/snapshot/panlex-20191001-csv/1573#50082313>		"унши"@bph	
"grond"@nl	<https://panlex.org/snapshot/panlex-20191001-csv/1573#50082491>				<https://panlex.org/snapshot/panlex-20191001-csv/1573#50082312>		"унщи"@bph	
"zee"@nl	<https://panlex.org/snapshot/panlex-20191001-csv/1573#50086031>				<https://panlex.org/snapshot/panlex-20191001-csv/1573#50085919>		"регьа"@bph	
"zee"@nl	<https://panlex.org/snapshot/panlex-20191001-csv/1573#50086031>				<https://panlex.org/snapshot/panlex-20191001-csv/1573#50085920>		"регьа"@bph	
"stof"@nl	<https://panlex.org/snapshot/panlex-20191001-csv/1573#50082771>				<https://panlex.org/snapshot/panlex-20191001-csv/1573#50082626>		"дада"@bph	
"stof"@nl	<https://panlex.org/snapshot/panlex-20191001-csv/1573#50082771>				<https://panlex.org/snapshot/panlex-20191001-csv/1573#50082627>		"вада"@bph	
"veld"@nl	<https://panlex.org/snapshot/panlex-20191001-csv/1573#50084355>				<https://panlex.org/snapshot/panlex-20191001-csv/1573#50084162>		"байдан"@bph	
"veld"@nl	<https://panlex.org/snapshot/panlex-20191001-csv/1573#50084355>				<https://panlex.org/snapshot/panlex-20191001-csv/1573#50084163>		"хури"@bph	
"veld"@nl	<https://panlex.org/snapshot/panlex-20191001-csv/1573#50084355>				<https://panlex.org/snapshot/panlex-20191001-csv/1573#50084161>		"хури"@bph	
"veld"@nl	<https://panlex.org/snapshot/panlex-20191001-csv/1573#50084355>				<https://panlex.org/snapshot/panlex-20191001-csv/1573#50084160>		"байдан"@bph	
"vloed"@nl	<https://panlex.org/snapshot/panlex-20191001-csv/1573#50088123>				<https://panlex.org/snapshot/panlex-20191001-csv/1573#50088071>		"лъени"@bph	
"vloed"@nl	<https://panlex.org/snapshot/panlex-20191001-csv/1573#50088123>				<https://panlex.org/snapshot/panlex-20191001-csv/1573#50088070>		"гъват муса"@bph	
"bron"@nl	<https://panlex.org/snapshot/panlex-20191001-csv/1573#50089068>				<https://panlex.org/snapshot/panlex-20191001-csv/1573#50088865>		"инцІун бай"@bph	
"bron"@nl	<https://panlex.org/snapshot/panlex-20191001-csv/1573#50089068>				<https://panlex.org/snapshot/panlex-20191001-csv/1573#50088866>		"инци"@bph	
"bron"@nl	<https://panlex.org/snapshot/panlex-20191001-csv/1573#50089068>				<https://panlex.org/snapshot/panlex-20191001-csv/1573#50088864>		"инци"@bph	
"hout"@nl	<https://panlex.org/snapshot/panlex-20191001-csv/1573#50090346>				<https://panlex.org/snapshot/panlex-20191001-csv/1573#50090207>		"гьуди"@bph	
"hout"@nl	<https://panlex.org/snapshot/panlex-20191001-csv/1573#50090346>				<https://panlex.org/snapshot/panlex-20191001-csv/1573#50090208>		"гьуди"@bph	
"maalstroom"@nl	<https://panlex.org/snapshot/panlex-20191001-csv/1573#50088750>				<https://panlex.org/snapshot/panlex-20191001-csv/1573#50088650>		"хархун"@bph	
"maalstroom"@nl	<https://panlex.org/snapshot/panlex-20191001-csv/1573#50088750>				<https://panlex.org/snapshot/panlex-20191001-csv/1573#50088649>		"хархун"@bph	
"schuim"@nl	<https://panlex.org/snapshot/panlex-20191001-csv/1573#50086597>				<https://panlex.org/snapshot/panlex-20191001-csv/1573#50086491>		"тІали"@bph	
"schuim"@nl	<https://panlex.org/snapshot/panlex-20191001-csv/1573#50086597>				<https://panlex.org/snapshot/panlex-20191001-csv/1573#50086490>		"тІали"@bph	
"beek"@nl	<https://panlex.org/snapshot/panlex-20191001-csv/1573#50088470>				<https://panlex.org/snapshot/panlex-20191001-csv/1573#50088225>		"инхи"@bph	
"beek"@nl	<https://panlex.org/snapshot/panlex-20191001-csv/1573#50088470>				<https://panlex.org/snapshot/panlex-20191001-csv/1573#50088222>		"инхи"@bph	
"beek"@nl	<https://panlex.org/snapshot/panlex-20191001-csv/1573#50088470>				<https://panlex.org/snapshot/panlex-20191001-csv/1573#50088221>		"инса"@bph	
"beek"@nl	<https://panlex.org/snapshot/panlex-20191001-csv/1573#50088470>				<https://panlex.org/snapshot/panlex-20191001-csv/1573#50088223>		"зукку лъени"@bph	
"beek"@nl	<https://panlex.org/snapshot/panlex-20191001-csv/1573#50088470>				<https://panlex.org/snapshot/panlex-20191001-csv/1573#50088224>		"инса"@bph	
"kust"@nl	<https://panlex.org/snapshot/panlex-20191001-csv/1573#50085259>				<https://panlex.org/snapshot/panlex-20191001-csv/1573#50085088>		"инсалъи бай"@bph	
"kust"@nl	<https://panlex.org/snapshot/panlex-20191001-csv/1573#50085259>				<https://panlex.org/snapshot/panlex-20191001-csv/1573#50085089>		"регьа бай"@bph	
"kust"@nl	<https://panlex.org/snapshot/panlex-20191001-csv/1573#50085259>				<https://panlex.org/snapshot/panlex-20191001-csv/1573#50085090>		"инсалъи бай"@bph	
"lagune"@nl	<https://panlex.org/snapshot/panlex-20191001-csv/1573#50087328>				<https://panlex.org/snapshot/panlex-20191001-csv/1573#50087259>		"вегьалъи къватІа"@bph	
"put"@nl	<https://panlex.org/snapshot/panlex-20191001-csv/1573#50089069>				<https://panlex.org/snapshot/panlex-20191001-csv/1573#50088865>		"инцІун бай"@bph	
"put"@nl	<https://panlex.org/snapshot/panlex-20191001-csv/1573#50089069>				<https://panlex.org/snapshot/panlex-20191001-csv/1573#50088866>		"инци"@bph	
"put"@nl	<https://panlex.org/snapshot/panlex-20191001-csv/1573#50089069>				<https://panlex.org/snapshot/panlex-20191001-csv/1573#50088864>		"инци"@bph	
"strand"@nl	<https://panlex.org/snapshot/panlex-20191001-csv/1573#50085261>				<https://panlex.org/snapshot/panlex-20191001-csv/1573#50085088>		"инсалъи бай"@bph	
"strand"@nl	<https://panlex.org/snapshot/panlex-20191001-csv/1573#50085261>				<https://panlex.org/snapshot/panlex-20191001-csv/1573#50085089>		"регьа бай"@bph	
"strand"@nl	<https://panlex.org/snapshot/panlex-20191001-csv/1573#50085261>				<https://panlex.org/snapshot/panlex-20191001-csv/1573#50085090>		"инсалъи бай"@bph	
"woud"@nl	<https://panlex.org/snapshot/panlex-20191001-csv/1573#50089813>				<https://panlex.org/snapshot/panlex-20191001-csv/1573#50089663>		"рухьу"@bph	
"woud"@nl	<https://panlex.org/snapshot/panlex-20191001-csv/1573#50089813>				<https://panlex.org/snapshot/panlex-20191001-csv/1573#50089662>		"рухьу"@bph	
"slijk"@nl	<https://panlex.org/snapshot/panlex-20191001-csv/1573#50083074>				<https://panlex.org/snapshot/panlex-20191001-csv/1573#50082902>		"биччи"@bph	
"slijk"@nl	<https://panlex.org/snapshot/panlex-20191001-csv/1573#50083074>				<https://panlex.org/snapshot/panlex-20191001-csv/1573#50082903>		"хъупир"@bph	
"slijk"@nl	<https://panlex.org/snapshot/panlex-20191001-csv/1573#50083074>				<https://panlex.org/snapshot/panlex-20191001-csv/1573#50082901>		"хъупир"@bph	
"slijk"@nl	<https://panlex.org/snapshot/panlex-20191001-csv/1573#50083074>				<https://panlex.org/snapshot/panlex-20191001-csv/1573#50082900>		"биччи"@bph	
"eb"@nl	<https://panlex.org/snapshot/panlex-20191001-csv/1573#50088016>				<https://panlex.org/snapshot/panlex-20191001-csv/1573#50087965>		"мааб муса"@bph	
"eb"@nl	<https://panlex.org/snapshot/panlex-20191001-csv/1573#50088016>				<https://panlex.org/snapshot/panlex-20191001-csv/1573#50087964>		"лъени"@bph	
"wereld"@nl	<https://panlex.org/snapshot/panlex-20191001-csv/1573#50081851>				<https://panlex.org/snapshot/panlex-20191001-csv/1573#50081724>		"дунйал"@bph	
"wereld"@nl	<https://panlex.org/snapshot/panlex-20191001-csv/1573#50081851>				<https://panlex.org/snapshot/panlex-20191001-csv/1573#50081725>		"дунял"@bph	
"wel"@nl	<https://panlex.org/snapshot/panlex-20191001-csv/1573#50089070>				<https://panlex.org/snapshot/panlex-20191001-csv/1573#50088865>		"инцІун бай"@bph	
"wel"@nl	<https://panlex.org/snapshot/panlex-20191001-csv/1573#50089070>				<https://panlex.org/snapshot/panlex-20191001-csv/1573#50088866>		"инци"@bph	
"wel"@nl	<https://panlex.org/snapshot/panlex-20191001-csv/1573#50089070>				<https://panlex.org/snapshot/panlex-20191001-csv/1573#50088864>		"инци"@bph	
"donderdag"@nl	<https://panlex.org/snapshot/panlex-20191001-csv/2892#110825400>				<https://panlex.org/snapshot/panlex-20191001-csv/2892#110825406>		"хамиззив"@bph	
"zondag"@nl	<https://panlex.org/snapshot/panlex-20191001-csv/2892#110826603>				<https://panlex.org/snapshot/panlex-20191001-csv/2892#110826771>		"базарзив"@bph	
"maandag"@nl	<https://panlex.org/snapshot/panlex-20191001-csv/2892#110824193>				<https://panlex.org/snapshot/panlex-20191001-csv/2892#110824162>		"итнизив"@bph	
"vrijdag"@nl	<https://panlex.org/snapshot/panlex-20191001-csv/2892#110825705>				<https://panlex.org/snapshot/panlex-20191001-csv/2892#110825895>		"рузманзив"@bph	
"zaterdag"@nl	<https://panlex.org/snapshot/panlex-20191001-csv/2892#110826144>				<https://panlex.org/snapshot/panlex-20191001-csv/2892#110826519>		"шаматзив"@bph	
"dinsdag"@nl	<https://panlex.org/snapshot/panlex-20191001-csv/2892#110824661>				<https://panlex.org/snapshot/panlex-20191001-csv/2892#110824632>		"талатзив"@bph	
"woensdag"@nl	<https://panlex.org/snapshot/panlex-20191001-csv/2892#110825065>				<https://panlex.org/snapshot/panlex-20191001-csv/2892#110825100>		"арбагӏзив"@bph	
