"киш"@agx	<https://panlex.org/snapshot/panlex-20191001-csv/2892#110826350>				<https://panlex.org/snapshot/panlex-20191001-csv/2892#110826482>		"uMgcibelo"@ss	
"салас"@agx	<https://panlex.org/snapshot/panlex-20191001-csv/2892#110824448>				<https://panlex.org/snapshot/panlex-20191001-csv/2892#110824751>		"Lesibili"@ss	
"элхӏад"@agx	<https://panlex.org/snapshot/panlex-20191001-csv/2892#110826810>				<https://panlex.org/snapshot/panlex-20191001-csv/2892#110826577>		"Lisontfo"@ss	
"хамис"@agx	<https://panlex.org/snapshot/panlex-20191001-csv/2892#110825366>				<https://panlex.org/snapshot/panlex-20191001-csv/2892#110825322>		"Lesine"@ss	
"джумъӏа"@agx	<https://panlex.org/snapshot/panlex-20191001-csv/2892#110825958>				<https://panlex.org/snapshot/panlex-20191001-csv/2892#110825718>		"Lesihlanu"@ss	
"ъӏарба"@agx	<https://panlex.org/snapshot/panlex-20191001-csv/2892#110825226>				<https://panlex.org/snapshot/panlex-20191001-csv/2892#110825141>		"Lesitsatfu"@ss	
"иттлин"@agx	<https://panlex.org/snapshot/panlex-20191001-csv/2892#110824355>				<https://panlex.org/snapshot/panlex-20191001-csv/2892#110824119>		"uMsombuluko"@ss	
