"листопад"@uk	<https://panlex.org/snapshot/panlex-20191001-csv/5947#84740661>				<https://panlex.org/snapshot/panlex-20191001-csv/5947#84740616>		"नोव्हेंबर"@knn	
"сьогодні"@uk	<https://panlex.org/snapshot/panlex-20191001-csv/5947#84676582>				<https://panlex.org/snapshot/panlex-20191001-csv/5947#84676559>		"आजि"@knn	
"сад"@uk	<https://panlex.org/snapshot/panlex-20191001-csv/5947#84777564>				<https://panlex.org/snapshot/panlex-20191001-csv/5947#84777553>		"अंगण"@knn	
"понеділок"@uk	<https://panlex.org/snapshot/panlex-20191001-csv/5947#84803611>				<https://panlex.org/snapshot/panlex-20191001-csv/5947#84803468>		"सोमवार"@knn	
"огірок"@uk	<https://panlex.org/snapshot/panlex-20191001-csv/5947#84777795>				<https://panlex.org/snapshot/panlex-20191001-csv/5947#84777736>		"तोउसें"@knn	
"хуй"@uk	<https://panlex.org/snapshot/panlex-20191001-csv/5942#83284520>				<https://panlex.org/snapshot/panlex-20191001-csv/5942#83284449>		"minni"@knn	
