"ᏑᏓᎵ"@chr	<https://panlex.org/snapshot/panlex-20191001-csv/2131#11694918>				<https://panlex.org/snapshot/panlex-20191001-csv/2131#11694966>		"xa"@jbo	
"ᎠᎹ"@chr	<https://panlex.org/snapshot/panlex-20191001-csv/2131#11695154>				<https://panlex.org/snapshot/panlex-20191001-csv/2131#11695205>		"djacu"@jbo	
"ᏇᎵᏣᎻ"@chr	<https://panlex.org/snapshot/panlex-20191001-csv/5947#84584362>				<https://panlex.org/snapshot/panlex-20191001-csv/5947#84584429>		"Belgique"@jbo	
"ᎣᏏᏲ"@chr	<https://panlex.org/snapshot/panlex-20191001-csv/5947#84661263>				<https://panlex.org/snapshot/panlex-20191001-csv/5947#84661298>		"coi"@jbo	
"ᎠᎺᎢ"@chr	<https://panlex.org/snapshot/panlex-20191001-csv/5940#81280071>				<https://panlex.org/snapshot/panlex-20191001-csv/5940#81280108>		"mergu'e"@jbo	
"ᎠᏏᎠ"@chr	<https://panlex.org/snapshot/panlex-20191001-csv/5939#80729925>				<https://panlex.org/snapshot/panlex-20191001-csv/5939#80729958>		"zdotu'a"@jbo	
"Eloqua"@chr	<https://panlex.org/snapshot/panlex-20191001-csv/5939#80806597>				<https://panlex.org/snapshot/panlex-20191001-csv/5939#80806630>		"rontu'a"@jbo	
"Alaquemi"@chr	<https://panlex.org/snapshot/panlex-20191001-csv/5939#80711715>				<https://panlex.org/snapshot/panlex-20191001-csv/5939#80711722>		"alabamys"@jbo	
"advtsi"@chr	<https://panlex.org/snapshot/panlex-20191001-csv/5939#80782350>				<https://panlex.org/snapshot/panlex-20191001-csv/5939#80782400>		"dotybau"@jbo	
"uweyv"@chr	<https://panlex.org/snapshot/panlex-20191001-csv/5939#80818559>				<https://panlex.org/snapshot/panlex-20191001-csv/5939#80818600>		"rirxe"@jbo	
"ᏓᏎᏘ"@chr	<https://panlex.org/snapshot/panlex-20191001-csv/5946#84446143>				<https://panlex.org/snapshot/panlex-20191001-csv/5946#84446215>		"minra"@jbo	
"ᎤᎪᏗᏗ"@chr	<https://panlex.org/snapshot/panlex-20191001-csv/5946#84442401>				<https://panlex.org/snapshot/panlex-20191001-csv/5946#84442465>		"so'i"@jbo	
"ᎠᎦᏍᎬ"@chr	<https://panlex.org/snapshot/panlex-20191001-csv/5946#84436256>				<https://panlex.org/snapshot/panlex-20191001-csv/5946#84436311>		"carvi"@jbo	
"ᎶᏏᏴ"@chr	<https://panlex.org/snapshot/panlex-20191001-csv/5949#85319421>				<https://panlex.org/snapshot/panlex-20191001-csv/5949#85319485>		"rukygu'e"@jbo	
"ᎦᎸᏥᏱ"@chr	<https://panlex.org/snapshot/panlex-20191001-csv/5949#85323548>				<https://panlex.org/snapshot/panlex-20191001-csv/5949#85323597>		"fasygu'e"@jbo	
"ᏣᏆᏂ"@chr	<https://panlex.org/snapshot/panlex-20191001-csv/5949#85326051>				<https://panlex.org/snapshot/panlex-20191001-csv/5949#85326079>		"pongu'e"@jbo	
"ᎠᏏᎠ"@chr	<https://panlex.org/snapshot/panlex-20191001-csv/5949#85298576>				<https://panlex.org/snapshot/panlex-20191001-csv/5949#85298592>		"zdotu'a"@jbo	
"ᏲᏂᏱ"@chr	<https://panlex.org/snapshot/panlex-20191001-csv/5949#85319420>				<https://panlex.org/snapshot/panlex-20191001-csv/5949#85319485>		"rukygu'e"@jbo	
"ᎡᎶᏆ"@chr	<https://panlex.org/snapshot/panlex-20191001-csv/5949#85308511>				<https://panlex.org/snapshot/panlex-20191001-csv/5949#85308561>		"rontu'a"@jbo	
"ᎩᎵᏏ"@chr	<https://panlex.org/snapshot/panlex-20191001-csv/405#13623568>				<https://panlex.org/snapshot/panlex-20191001-csv/405#13623620>		"glibau"@jbo	
"ᏥᏍᏆ"@chr	<https://panlex.org/snapshot/panlex-20191001-csv/9#481941>				<https://panlex.org/snapshot/panlex-20191001-csv/9#481975>		"cipni"@jbo	
"ᎠᏏᎠ"@chr	<https://panlex.org/snapshot/panlex-20191001-csv/9#502655>				<https://panlex.org/snapshot/panlex-20191001-csv/9#502686>		"zdotuʼa"@jbo	
"ᎠᏏᎠ"@chr	<https://panlex.org/snapshot/panlex-20191001-csv/12#866963>				<https://panlex.org/snapshot/panlex-20191001-csv/12#866991>		"zdotuʼa"@jbo	
"ᎩᎵ"@chr	<https://panlex.org/snapshot/panlex-20191001-csv/12#853792>				<https://panlex.org/snapshot/panlex-20191001-csv/12#853843>		"gerku"@jbo	
"ᎩᎵ"@chr	<https://panlex.org/snapshot/panlex-20191001-csv/12#853678>				<https://panlex.org/snapshot/panlex-20191001-csv/12#853720>		"gerku"@jbo	
"ᎩᏟ"@chr	<https://panlex.org/snapshot/panlex-20191001-csv/12#853793>				<https://panlex.org/snapshot/panlex-20191001-csv/12#853843>		"gerku"@jbo	
"ᎩᏟ"@chr	<https://panlex.org/snapshot/panlex-20191001-csv/12#853679>				<https://panlex.org/snapshot/panlex-20191001-csv/12#853720>		"gerku"@jbo	
"dohiyi"@chr	<https://panlex.org/snapshot/panlex-20191001-csv/2902#111012141>				<https://panlex.org/snapshot/panlex-20191001-csv/2902#111012118>		"panpi"@jbo	
"ᏙᎯᏱ"@chr	<https://panlex.org/snapshot/panlex-20191001-csv/2902#111011996>				<https://panlex.org/snapshot/panlex-20191001-csv/2902#111012118>		"panpi"@jbo	
"ᎠᎺᎢ"@chr	<https://panlex.org/snapshot/panlex-20191001-csv/10#581379>				<https://panlex.org/snapshot/panlex-20191001-csv/10#581419>		"merguʼe"@jbo	
"hi:sgi"@chr	<https://panlex.org/snapshot/panlex-20191001-csv/3776#91650959>				<https://panlex.org/snapshot/panlex-20191001-csv/3776#91651008>		"mu"@jbo	
"ᎧᏂᎩᏛ"@chr	<https://panlex.org/snapshot/panlex-20191001-csv/3776#91659867>				<https://panlex.org/snapshot/panlex-20191001-csv/3776#91659906>		"no"@jbo	
"ᏕᏂᎹᎩ"@chr	<https://panlex.org/snapshot/panlex-20191001-csv/3776#91718669>				<https://panlex.org/snapshot/panlex-20191001-csv/3776#91718720>		"danmark"@jbo	
"a-ge-yv"@chr	<https://panlex.org/snapshot/panlex-20191001-csv/3776#91640761>				<https://panlex.org/snapshot/panlex-20191001-csv/3776#91640822>		"ninmu"@jbo	
"ᎠᏛᏥ"@chr	<https://panlex.org/snapshot/panlex-20191001-csv/3776#91661361>				<https://panlex.org/snapshot/panlex-20191001-csv/3776#91661389>		"dotybau"@jbo	
"ᎤᎵᎮᎵᏍᏗ"@chr	<https://panlex.org/snapshot/panlex-20191001-csv/3776#91681761>				<https://panlex.org/snapshot/panlex-20191001-csv/3776#91681808>		"fiʼi"@jbo	
"ᎦᏬᏂᎯᏍᏗ"@chr	<https://panlex.org/snapshot/panlex-20191001-csv/3776#91645914>				<https://panlex.org/snapshot/panlex-20191001-csv/3776#91645960>		"banru"@jbo	
"ᎩᎦᎨᎢ"@chr	<https://panlex.org/snapshot/panlex-20191001-csv/3776#91666954>				<https://panlex.org/snapshot/panlex-20191001-csv/3776#91666993>		"xunre"@jbo	
"ᏙᏒᏓᎵ ᏗᎦᏰᏍᎩ"@chr	<https://panlex.org/snapshot/panlex-20191001-csv/3776#91869996>				<https://panlex.org/snapshot/panlex-20191001-csv/3776#91870012>		"mantyctimabru"@jbo	
"ᏧᏁᎳ"@chr	<https://panlex.org/snapshot/panlex-20191001-csv/3776#91702796>				<https://panlex.org/snapshot/panlex-20191001-csv/3776#91702842>		"bi"@jbo	
"ᎠᏛᏛᎲᏍᎩ"@chr	<https://panlex.org/snapshot/panlex-20191001-csv/3776#91591566>				<https://panlex.org/snapshot/panlex-20191001-csv/3776#91591598>		"preti"@jbo	
"ᎠᏂᏍᏆᏂᎢ"@chr	<https://panlex.org/snapshot/panlex-20191001-csv/3776#91711652>				<https://panlex.org/snapshot/panlex-20191001-csv/3776#91711697>		"mexyguʼe"@jbo	
"ᎯᏍᎩ"@chr	<https://panlex.org/snapshot/panlex-20191001-csv/3776#91650960>				<https://panlex.org/snapshot/panlex-20191001-csv/3776#91651008>		"mu"@jbo	
