"unadodaquonvhi"@chr	<https://panlex.org/snapshot/panlex-20191001-csv/2892#110824100>				<https://panlex.org/snapshot/panlex-20191001-csv/2892#110824273>		"sčəl̕kʷɬnet"@str	
"tsunagilosdi"@chr	<https://panlex.org/snapshot/panlex-20191001-csv/2892#110825870>				<https://panlex.org/snapshot/panlex-20191001-csv/2892#110825977>		"sɬq̕eʔčəss"@str	
"ᏔᎵᏁ ᎢᎦ"@chr	<https://panlex.org/snapshot/panlex-20191001-csv/2892#110824787>				<https://panlex.org/snapshot/panlex-20191001-csv/2892#110824589>		"sθəŋnets"@str	
"unadodaquasgv"@chr	<https://panlex.org/snapshot/panlex-20191001-csv/2892#110826899>				<https://panlex.org/snapshot/panlex-20191001-csv/2892#110826685>		"x̣eʔx̣əʔɬnet"@str	
"unadodaquasgv"@chr	<https://panlex.org/snapshot/panlex-20191001-csv/2892#110826899>				<https://panlex.org/snapshot/panlex-20191001-csv/2892#110826589>		"x̣eʔəlsnet"@str	
"ᎤᎾᏙᏓᏆᏍᎬ"@chr	<https://panlex.org/snapshot/panlex-20191001-csv/2892#110826796>				<https://panlex.org/snapshot/panlex-20191001-csv/2892#110826685>		"x̣eʔx̣əʔɬnet"@str	
"ᎤᎾᏙᏓᏆᏍᎬ"@chr	<https://panlex.org/snapshot/panlex-20191001-csv/2892#110826796>				<https://panlex.org/snapshot/panlex-20191001-csv/2892#110826589>		"x̣eʔəlsnet"@str	
"ᏦᎢᏁ ᎢᎦ"@chr	<https://panlex.org/snapshot/panlex-20191001-csv/2892#110824915>				<https://panlex.org/snapshot/panlex-20191001-csv/2892#110825023>		"sɬixʷs"@str	
"tsoine iga"@chr	<https://panlex.org/snapshot/panlex-20191001-csv/2892#110825028>				<https://panlex.org/snapshot/panlex-20191001-csv/2892#110825023>		"sɬixʷs"@str	
"ᎤᎾᏙᏓᏈᏕᎾ"@chr	<https://panlex.org/snapshot/panlex-20191001-csv/2892#110826362>				<https://panlex.org/snapshot/panlex-20191001-csv/2892#110826152>		"q̕ə́m̕ətəŋ"@str	
"ᏧᎾᎩᎶᏍᏗ"@chr	<https://panlex.org/snapshot/panlex-20191001-csv/2892#110825842>				<https://panlex.org/snapshot/panlex-20191001-csv/2892#110825977>		"sɬq̕eʔčəss"@str	
"unadodaquidena"@chr	<https://panlex.org/snapshot/panlex-20191001-csv/2892#110826523>				<https://panlex.org/snapshot/panlex-20191001-csv/2892#110826152>		"q̕ə́m̕ətəŋ"@str	
"ᏅᎩᏁ ᎢᎦ"@chr	<https://panlex.org/snapshot/panlex-20191001-csv/2892#110825343>				<https://panlex.org/snapshot/panlex-20191001-csv/2892#110825572>		"sŋass"@str	
"nvgine iga"@chr	<https://panlex.org/snapshot/panlex-20191001-csv/2892#110825558>				<https://panlex.org/snapshot/panlex-20191001-csv/2892#110825572>		"sŋass"@str	
"taline iga"@chr	<https://panlex.org/snapshot/panlex-20191001-csv/2892#110824584>				<https://panlex.org/snapshot/panlex-20191001-csv/2892#110824589>		"sθəŋnets"@str	
"ᎤᎾᏙᏓᏉᏅᎯ"@chr	<https://panlex.org/snapshot/panlex-20191001-csv/2892#110824161>				<https://panlex.org/snapshot/panlex-20191001-csv/2892#110824273>		"sčəl̕kʷɬnet"@str	
"ᎧᏩᏂ"@chr	<https://panlex.org/snapshot/panlex-20191001-csv/2897#110828542>				<https://panlex.org/snapshot/panlex-20191001-csv/2897#110828502>		"pəx̣sisəŋ"@str	
"kagali"@chr	<https://panlex.org/snapshot/panlex-20191001-csv/2897#110827734>				<https://panlex.org/snapshot/panlex-20191001-csv/2897#110827818>		"ŋiʔŋənəʔ"@str	
"ᎧᎦᎵ"@chr	<https://panlex.org/snapshot/panlex-20191001-csv/2897#110827662>				<https://panlex.org/snapshot/panlex-20191001-csv/2897#110827818>		"ŋiʔŋənəʔ"@str	
"ᎥᏍᎩᎦ"@chr	<https://panlex.org/snapshot/panlex-20191001-csv/2897#110831849>				<https://panlex.org/snapshot/panlex-20191001-csv/2897#110831608>		"xʷsčəl̕kʷeʔsən"@str	
"ᎠᎾᎠᎬᏘ"@chr	<https://panlex.org/snapshot/panlex-20191001-csv/2897#110828741>				<https://panlex.org/snapshot/panlex-20191001-csv/2897#110829039>		"sx̣ʷeʔnəɬ"@str	
"ᎦᎶᏂᎢ"@chr	<https://panlex.org/snapshot/panlex-20191001-csv/2897#110829911>				<https://panlex.org/snapshot/panlex-20191001-csv/2897#110829901>		"čən̕hənən"@str	
"ᎠᏄᏱ"@chr	<https://panlex.org/snapshot/panlex-20191001-csv/2897#110827917>				<https://panlex.org/snapshot/panlex-20191001-csv/2897#110827984>		"wəx̣əs"@str	
"guyequoni"@chr	<https://panlex.org/snapshot/panlex-20191001-csv/2897#110829623>				<https://panlex.org/snapshot/panlex-20191001-csv/2897#110829722>		"čən̕θəqəy̕"@str	
"ᏕᎭᎷᏱ"@chr	<https://panlex.org/snapshot/panlex-20191001-csv/2897#110829203>				<https://panlex.org/snapshot/panlex-20191001-csv/2897#110829253>		"pən̕exʷəŋ"@str	
"ᏚᎵᎢᏍᏗ"@chr	<https://panlex.org/snapshot/panlex-20191001-csv/2897#110830317>				<https://panlex.org/snapshot/panlex-20191001-csv/2897#110830362>		"čən̕θew̕ən"@str	
"anuyi"@chr	<https://panlex.org/snapshot/panlex-20191001-csv/2897#110827952>				<https://panlex.org/snapshot/panlex-20191001-csv/2897#110827984>		"wəx̣əs"@str	
"vsgiga"@chr	<https://panlex.org/snapshot/panlex-20191001-csv/2897#110831945>				<https://panlex.org/snapshot/panlex-20191001-csv/2897#110831608>		"xʷsčəl̕kʷeʔsən"@str	
"galonii"@chr	<https://panlex.org/snapshot/panlex-20191001-csv/2897#110830163>				<https://panlex.org/snapshot/panlex-20191001-csv/2897#110829901>		"čən̕hənən"@str	
"ᏄᏓᏕᏆ"@chr	<https://panlex.org/snapshot/panlex-20191001-csv/2897#110831545>				<https://panlex.org/snapshot/panlex-20191001-csv/2897#110831367>		"xʷəsəlenəxʷ"@str	
"dehaluyi"@chr	<https://panlex.org/snapshot/panlex-20191001-csv/2897#110829175>				<https://panlex.org/snapshot/panlex-20191001-csv/2897#110829253>		"pən̕exʷəŋ"@str	
"ᎫᏰᏉᏂ"@chr	<https://panlex.org/snapshot/panlex-20191001-csv/2897#110829709>				<https://panlex.org/snapshot/panlex-20191001-csv/2897#110829722>		"čən̕θəqəy̕"@str	
"nudadequa"@chr	<https://panlex.org/snapshot/panlex-20191001-csv/2897#110831178>				<https://panlex.org/snapshot/panlex-20191001-csv/2897#110831367>		"xʷəsəlenəxʷ"@str	
"ᏚᏃᎸᏔᏂ"@chr	<https://panlex.org/snapshot/panlex-20191001-csv/2897#110827265>				<https://panlex.org/snapshot/panlex-20191001-csv/2897#110827116>		"siʔsət"@str	
"anaagvti"@chr	<https://panlex.org/snapshot/panlex-20191001-csv/2897#110829053>				<https://panlex.org/snapshot/panlex-20191001-csv/2897#110829039>		"sx̣ʷeʔnəɬ"@str	
"duliisdi"@chr	<https://panlex.org/snapshot/panlex-20191001-csv/2897#110830440>				<https://panlex.org/snapshot/panlex-20191001-csv/2897#110830362>		"čən̕θew̕ən"@str	
"dunolvtani"@chr	<https://panlex.org/snapshot/panlex-20191001-csv/2897#110827213>				<https://panlex.org/snapshot/panlex-20191001-csv/2897#110827116>		"siʔsət"@str	
"kawani"@chr	<https://panlex.org/snapshot/panlex-20191001-csv/2897#110828258>				<https://panlex.org/snapshot/panlex-20191001-csv/2897#110828502>		"pəx̣sisəŋ"@str	
"ᏚᏂᏅᏗ"@chr	<https://panlex.org/snapshot/panlex-20191001-csv/2897#110830764>				<https://panlex.org/snapshot/panlex-20191001-csv/2897#110831043>		"pəq̕əlenəxʷ"@str	
"duninvdi"@chr	<https://panlex.org/snapshot/panlex-20191001-csv/2897#110831005>				<https://panlex.org/snapshot/panlex-20191001-csv/2897#110831043>		"pəq̕əlenəxʷ"@str	
