"lˈela"@abz	<https://panlex.org/snapshot/panlex-20191001-csv/3975#51730095>				<https://panlex.org/snapshot/panlex-20191001-csv/3975#51730092>		"амҩа"@ab	
"fˈur"@abz	<https://panlex.org/snapshot/panlex-20191001-csv/3975#51731949>				<https://panlex.org/snapshot/panlex-20191001-csv/3975#51731945>		"аеҵǝа"@ab	
"walaŋ-ˈa-y"@abz	<https://panlex.org/snapshot/panlex-20191001-csv/3975#51725432>				<https://panlex.org/snapshot/panlex-20191001-csv/3975#51725429>		"аеҵǝа"@ab	
"lefi"@abz	<https://panlex.org/snapshot/panlex-20191001-csv/3975#51733120>				<https://panlex.org/snapshot/panlex-20191001-csv/3975#51733117>		"абз"@ab	
"ʔamˈa"@abz	<https://panlex.org/snapshot/panlex-20191001-csv/3975#51729665>				<https://panlex.org/snapshot/panlex-20191001-csv/3975#51729661>		"ауаҩы"@ab	
"kik-ˈa"@abz	<https://panlex.org/snapshot/panlex-20191001-csv/3975#51729958>				<https://panlex.org/snapshot/panlex-20191001-csv/3975#51729954>		"аҟаҧшь"@ab	
"uy ha=loŋ-r-a"@abz	<https://panlex.org/snapshot/panlex-20191001-csv/3975#51727196>				<https://panlex.org/snapshot/panlex-20191001-csv/3975#51727192>		"ашьтара"@ab	
"uy ha=loŋ-r-a"@abz	<https://panlex.org/snapshot/panlex-20191001-csv/3975#51727196>				<https://panlex.org/snapshot/panlex-20191001-csv/3975#51727193>		"айара"@ab	
"miy-i"@abz	<https://panlex.org/snapshot/panlex-20191001-csv/3975#51725008>				<https://panlex.org/snapshot/panlex-20191001-csv/3975#51725006>		"азна"@ab	
"but"@abz	<https://panlex.org/snapshot/panlex-20191001-csv/3975#51723107>				<https://panlex.org/snapshot/panlex-20191001-csv/3975#51723104>		"азǝра"@ab	
"but"@abz	<https://panlex.org/snapshot/panlex-20191001-csv/3975#51723107>				<https://panlex.org/snapshot/panlex-20191001-csv/3975#51723103>		"ажǝра"@ab	
"fˈok-a"@abz	<https://panlex.org/snapshot/panlex-20191001-csv/3975#51721089>				<https://panlex.org/snapshot/panlex-20191001-csv/3975#51721087>		"адоу"@ab	
"fˈok-a"@abz	<https://panlex.org/snapshot/panlex-20191001-csv/3975#51721089>				<https://panlex.org/snapshot/panlex-20191001-csv/3975#51721086>		"аду"@ab	
"mayˈol"@abz	<https://panlex.org/snapshot/panlex-20191001-csv/3975#51734857>				<https://panlex.org/snapshot/panlex-20191001-csv/3975#51734853>		"аҧҳǝыс"@ab	
"mayˈol"@abz	<https://panlex.org/snapshot/panlex-20191001-csv/3975#51734857>				<https://panlex.org/snapshot/panlex-20191001-csv/3975#51734854>		"аҧҳǝыс ̀"@ab	
"akˈan-i"@abz	<https://panlex.org/snapshot/panlex-20191001-csv/3975#51721511>				<https://panlex.org/snapshot/panlex-20191001-csv/3975#51721508>		"айқǝаҵǝа"@ab	
"tikˈa"@abz	<https://panlex.org/snapshot/panlex-20191001-csv/3975#51731670>				<https://panlex.org/snapshot/panlex-20191001-csv/3975#51731667>		"алҩа"@ab	
"bˈuy"@abz	<https://panlex.org/snapshot/panlex-20191001-csv/3975#51735686>				<https://panlex.org/snapshot/panlex-20191001-csv/3975#51735682>		"акьаҿ"@ab	
"mun-i"@abz	<https://panlex.org/snapshot/panlex-20191001-csv/3975#51722795>				<https://panlex.org/snapshot/panlex-20191001-csv/3975#51722790>		"аҧс ̀ра"@ab	
"mun-i"@abz	<https://panlex.org/snapshot/panlex-20191001-csv/3975#51722795>				<https://panlex.org/snapshot/panlex-20191001-csv/3975#51722789>		"аҧсра"@ab	
"lomˈa"@abz	<https://panlex.org/snapshot/panlex-20191001-csv/3975#51728340>				<https://panlex.org/snapshot/panlex-20191001-csv/3975#51728337>		"ашьх ̀а"@ab	
"lomˈa"@abz	<https://panlex.org/snapshot/panlex-20191001-csv/3975#51728340>				<https://panlex.org/snapshot/panlex-20191001-csv/3975#51728336>		"ашьха"@ab	
"=lifˈi"@abz	<https://panlex.org/snapshot/panlex-20191001-csv/3975#51733122>				<https://panlex.org/snapshot/panlex-20191001-csv/3975#51733117>		"абз"@ab	
"wˈa"@abz	<https://panlex.org/snapshot/panlex-20191001-csv/3975#51728457>				<https://panlex.org/snapshot/panlex-20191001-csv/3975#51728454>		"аҿы"@ab	
"oro-n"@abz	<https://panlex.org/snapshot/panlex-20191001-csv/3975#51732669>				<https://panlex.org/snapshot/panlex-20191001-csv/3975#51732661>		"ани"@ab	
"oro-n"@abz	<https://panlex.org/snapshot/panlex-20191001-csv/3975#51732669>				<https://panlex.org/snapshot/panlex-20191001-csv/3975#51732665>		"убри"@ab	
"oro-n"@abz	<https://panlex.org/snapshot/panlex-20191001-csv/3975#51732669>				<https://panlex.org/snapshot/panlex-20191001-csv/3975#51732664>		"амни"@ab	
"oro-n"@abz	<https://panlex.org/snapshot/panlex-20191001-csv/3975#51732669>				<https://panlex.org/snapshot/panlex-20191001-csv/3975#51732662>		"абни"@ab	
"oro-n"@abz	<https://panlex.org/snapshot/panlex-20191001-csv/3975#51732669>				<https://panlex.org/snapshot/panlex-20191001-csv/3975#51732663>		"уи"@ab	
"niŋ"@abz	<https://panlex.org/snapshot/panlex-20191001-csv/3975#51735409>				<https://panlex.org/snapshot/panlex-20191001-csv/3975#51735406>		"аайгǝа"@ab	
"=iyˈèŋ"@abz	<https://panlex.org/snapshot/panlex-20191001-csv/3975#51724009>				<https://panlex.org/snapshot/panlex-20191001-csv/3975#51724003>		"ала"@ab	
"=iyˈèŋ"@abz	<https://panlex.org/snapshot/panlex-20191001-csv/3975#51724009>				<https://panlex.org/snapshot/panlex-20191001-csv/3975#51724004>		"абыл"@ab	
"=iyˈèŋ"@abz	<https://panlex.org/snapshot/panlex-20191001-csv/3975#51724009>				<https://panlex.org/snapshot/panlex-20191001-csv/3975#51724002>		"абла"@ab	
"kodaŋ"@abz	<https://panlex.org/snapshot/panlex-20191001-csv/3975#51721937>				<https://panlex.org/snapshot/panlex-20191001-csv/3975#51721934>		"агǝышҧы"@ab	
"ama"@abz	<https://panlex.org/snapshot/panlex-20191001-csv/3975#51729664>				<https://panlex.org/snapshot/panlex-20191001-csv/3975#51729661>		"ауаҩы"@ab	
"lˈil-a"@abz	<https://panlex.org/snapshot/panlex-20191001-csv/3975#51733919>				<https://panlex.org/snapshot/panlex-20191001-csv/3975#51733916>		"аҧха"@ab	
"kul"@abz	<https://panlex.org/snapshot/panlex-20191001-csv/3975#51731220>				<https://panlex.org/snapshot/panlex-20191001-csv/3975#51731217>		"ацǝа"@ab	
"pikˈaːy batˈaː"@abz	<https://panlex.org/snapshot/panlex-20191001-csv/3975#51725552>				<https://panlex.org/snapshot/panlex-20191001-csv/3975#51725547>		"ахахǝы"@ab	
"pikˈaːy batˈaː"@abz	<https://panlex.org/snapshot/panlex-20191001-csv/3975#51725552>				<https://panlex.org/snapshot/panlex-20191001-csv/3975#51725548>		"ах ̀ах ̀ǝы"@ab	
"lˈi"@abz	<https://panlex.org/snapshot/panlex-20191001-csv/3975#51724734>				<https://panlex.org/snapshot/panlex-20191001-csv/3975#51724730>		"ˈa=pǝr-ra"@ab	
"mon"@abz	<https://panlex.org/snapshot/panlex-20191001-csv/3975#51735821>				<https://panlex.org/snapshot/panlex-20191001-csv/3975#51735818>		"амаҭ"@ab	
"fˈen"@abz	<https://panlex.org/snapshot/panlex-20191001-csv/3975#51726632>				<https://panlex.org/snapshot/panlex-20191001-csv/3975#51726627>		"ашьра"@ab	
"anay"@abz	<https://panlex.org/snapshot/panlex-20191001-csv/3975#51723556>				<https://panlex.org/snapshot/panlex-20191001-csv/3975#51723553>		"адгьыл"@ab	
"batˈaː"@abz	<https://panlex.org/snapshot/panlex-20191001-csv/3975#51733423>				<https://panlex.org/snapshot/panlex-20191001-csv/3975#51733419>		"аҵла"@ab	
"kediŋ"@abz	<https://panlex.org/snapshot/panlex-20191001-csv/3975#51731523>				<https://panlex.org/snapshot/panlex-20191001-csv/3975#51731521>		"ахǝҷы"@ab	
"fˈír"@abz	<https://panlex.org/snapshot/panlex-20191001-csv/3975#51731951>				<https://panlex.org/snapshot/panlex-20191001-csv/3975#51731945>		"аеҵǝа"@ab	
"ʔatˈi"@abz	<https://panlex.org/snapshot/panlex-20191001-csv/3975#51735555>				<https://panlex.org/snapshot/panlex-20191001-csv/3975#51735550>		"аџьыка"@ab	
"mayˈol"@abz	<https://panlex.org/snapshot/panlex-20191001-csv/3975#51734860>				<https://panlex.org/snapshot/panlex-20191001-csv/3975#51734853>		"аҧҳǝыс"@ab	
"mayˈol"@abz	<https://panlex.org/snapshot/panlex-20191001-csv/3975#51734860>				<https://panlex.org/snapshot/panlex-20191001-csv/3975#51734854>		"аҧҳǝыс ̀"@ab	
"nˈe"@abz	<https://panlex.org/snapshot/panlex-20191001-csv/3975#51728612>				<https://panlex.org/snapshot/panlex-20191001-csv/3975#51728609>		"ахьыʒ"@ab	
"nˈe"@abz	<https://panlex.org/snapshot/panlex-20191001-csv/3975#51728612>				<https://panlex.org/snapshot/panlex-20191001-csv/3975#51728608>		"ахьʒ"@ab	
"fi-a"@abz	<https://panlex.org/snapshot/panlex-20191001-csv/3975#51728891>				<https://panlex.org/snapshot/panlex-20191001-csv/3975#51728886>		"аҵ ̀ыц ̀"@ab	
"fi-a"@abz	<https://panlex.org/snapshot/panlex-20191001-csv/3975#51728891>				<https://panlex.org/snapshot/panlex-20191001-csv/3975#51728885>		"аҿыц"@ab	
"tˈif-a"@abz	<https://panlex.org/snapshot/panlex-20191001-csv/3975#51728889>				<https://panlex.org/snapshot/panlex-20191001-csv/3975#51728886>		"аҵ ̀ыц ̀"@ab	
"tˈif-a"@abz	<https://panlex.org/snapshot/panlex-20191001-csv/3975#51728889>				<https://panlex.org/snapshot/panlex-20191001-csv/3975#51728885>		"аҿыц"@ab	
"ʔayˈon"@abz	<https://panlex.org/snapshot/panlex-20191001-csv/3975#51732402>				<https://panlex.org/snapshot/panlex-20191001-csv/3975#51732397>		"аʒс ̀ара"@ab	
"ʔayˈon"@abz	<https://panlex.org/snapshot/panlex-20191001-csv/3975#51732402>				<https://panlex.org/snapshot/panlex-20191001-csv/3975#51732398>		"аʒ ̀ц ̀ара"@ab	
"ʔayˈon"@abz	<https://panlex.org/snapshot/panlex-20191001-csv/3975#51732402>				<https://panlex.org/snapshot/panlex-20191001-csv/3975#51732396>		"аʒсара"@ab	
"bira"@abz	<https://panlex.org/snapshot/panlex-20191001-csv/3975#51723876>				<https://panlex.org/snapshot/panlex-20191001-csv/3975#51723873>		"акǝтаӷь"@ab	
"bˈin"@abz	<https://panlex.org/snapshot/panlex-20191001-csv/3975#51730934>				<https://panlex.org/snapshot/panlex-20191001-csv/3975#51730930>		"ажǝла"@ab	
"walaŋ-a-y"@abz	<https://panlex.org/snapshot/panlex-20191001-csv/3975#51725431>				<https://panlex.org/snapshot/panlex-20191001-csv/3975#51725429>		"аеҵǝа"@ab	
"kˈul"@abz	<https://panlex.org/snapshot/panlex-20191001-csv/3975#51734585>				<https://panlex.org/snapshot/panlex-20191001-csv/3975#51734580>		"ашкǝакǝа"@ab	
"kˈul"@abz	<https://panlex.org/snapshot/panlex-20191001-csv/3975#51731222>				<https://panlex.org/snapshot/panlex-20191001-csv/3975#51731217>		"ацǝа"@ab	
"do"@abz	<https://panlex.org/snapshot/panlex-20191001-csv/3975#51732828>				<https://panlex.org/snapshot/panlex-20191001-csv/3975#51732824>		"ари"@ab	
"do"@abz	<https://panlex.org/snapshot/panlex-20191001-csv/3975#51732828>				<https://panlex.org/snapshot/panlex-20191001-csv/3975#51732825>		"абри"@ab	
"faŋ-ˈa"@abz	<https://panlex.org/snapshot/panlex-20191001-csv/3975#51730592>				<https://panlex.org/snapshot/panlex-20191001-csv/3975#51730588>		"аҳǝара"@ab	
"ar-a-d-i"@abz	<https://panlex.org/snapshot/panlex-20191001-csv/3975#51722074>				<https://panlex.org/snapshot/panlex-20191001-csv/3975#51722070>		"абылра"@ab	
"tel-a"@abz	<https://panlex.org/snapshot/panlex-20191001-csv/3975#51732401>				<https://panlex.org/snapshot/panlex-20191001-csv/3975#51732397>		"аʒс ̀ара"@ab	
"tel-a"@abz	<https://panlex.org/snapshot/panlex-20191001-csv/3975#51732401>				<https://panlex.org/snapshot/panlex-20191001-csv/3975#51732398>		"аʒ ̀ц ̀ара"@ab	
"tel-a"@abz	<https://panlex.org/snapshot/panlex-20191001-csv/3975#51732401>				<https://panlex.org/snapshot/panlex-20191001-csv/3975#51732396>		"аʒсара"@ab	
"sibirˈel"@abz	<https://panlex.org/snapshot/panlex-20191001-csv/3975#51736249>				<https://panlex.org/snapshot/panlex-20191001-csv/3975#51736245>		"ахǝа"@ab	
"matalˈay"@abz	<https://panlex.org/snapshot/panlex-20191001-csv/3975#51730463>				<https://panlex.org/snapshot/panlex-20191001-csv/3975#51730458>		"аҧс ̀лымʒ"@ab	
"matalˈay"@abz	<https://panlex.org/snapshot/panlex-20191001-csv/3975#51730463>				<https://panlex.org/snapshot/panlex-20191001-csv/3975#51730457>		"аҧслымʒ"@ab	
"tun-tamˈa"@abz	<https://panlex.org/snapshot/panlex-20191001-csv/3975#51729021>				<https://panlex.org/snapshot/panlex-20191001-csv/3975#51729016>		"ацх"@ab	
"tun-tamˈa"@abz	<https://panlex.org/snapshot/panlex-20191001-csv/3975#51729021>				<https://panlex.org/snapshot/panlex-20191001-csv/3975#51729015>		"аҵх"@ab	
"fˈur-i"@abz	<https://panlex.org/snapshot/panlex-20191001-csv/3975#51731950>				<https://panlex.org/snapshot/panlex-20191001-csv/3975#51731945>		"аеҵǝа"@ab	
"pi=kˈaːy"@abz	<https://panlex.org/snapshot/panlex-20191001-csv/3975#51725848>				<https://panlex.org/snapshot/panlex-20191001-csv/3975#51725843>		"ахы"@ab	
"pi=kˈaːy"@abz	<https://panlex.org/snapshot/panlex-20191001-csv/3975#51725848>				<https://panlex.org/snapshot/panlex-20191001-csv/3975#51725844>		"ах ̀ы"@ab	
"yˈaː"@abz	<https://panlex.org/snapshot/panlex-20191001-csv/3975#51730096>				<https://panlex.org/snapshot/panlex-20191001-csv/3975#51730092>		"амҩа"@ab	
"yˈaː"@abz	<https://panlex.org/snapshot/panlex-20191001-csv/3975#51733735>				<https://panlex.org/snapshot/panlex-20191001-csv/3975#51733731>		"ац ̀ара"@ab	
"yˈaː"@abz	<https://panlex.org/snapshot/panlex-20191001-csv/3975#51733735>				<https://panlex.org/snapshot/panlex-20191001-csv/3975#51733730>		"ацара"@ab	
"ar-ˈa"@abz	<https://panlex.org/snapshot/panlex-20191001-csv/3975#51724430>				<https://panlex.org/snapshot/panlex-20191001-csv/3975#51724427>		"амца"@ab	
"ʔíyˈa"@abz	<https://panlex.org/snapshot/panlex-20191001-csv/3975#51728200>				<https://panlex.org/snapshot/panlex-20191001-csv/3975#51728196>		"амза"@ab	
"rua"@abz	<https://panlex.org/snapshot/panlex-20191001-csv/3975#51721232>				<https://panlex.org/snapshot/panlex-20191001-csv/3975#51721229>		"аҧс ̀аатǝ"@ab	
"rua"@abz	<https://panlex.org/snapshot/panlex-20191001-csv/3975#51721232>				<https://panlex.org/snapshot/panlex-20191001-csv/3975#51721228>		"аҧсаатǝ"@ab	
"nˈeŋ"@abz	<https://panlex.org/snapshot/panlex-20191001-csv/3975#51727749>				<https://panlex.org/snapshot/panlex-20191001-csv/3975#51727744>		"ахаҵа"@ab	
"nˈeŋ"@abz	<https://panlex.org/snapshot/panlex-20191001-csv/3975#51727749>				<https://panlex.org/snapshot/panlex-20191001-csv/3975#51727745>		"ах ̀аҵ ̀а"@ab	
"=wˈay"@abz	<https://panlex.org/snapshot/panlex-20191001-csv/3975#51732523>				<https://panlex.org/snapshot/panlex-20191001-csv/3975#51732519>		"аҵых ̀ǝ"@ab	
"=wˈay"@abz	<https://panlex.org/snapshot/panlex-20191001-csv/3975#51732523>				<https://panlex.org/snapshot/panlex-20191001-csv/3975#51732518>		"аҵыхǝа"@ab	
"=iyˈén"@abz	<https://panlex.org/snapshot/panlex-20191001-csv/3975#51730763>				<https://panlex.org/snapshot/panlex-20191001-csv/3975#51730758>		"абара"@ab	
"=iyˈén"@abz	<https://panlex.org/snapshot/panlex-20191001-csv/3975#51726918>				<https://panlex.org/snapshot/panlex-20191001-csv/3975#51726914>		"адырра"@ab	
"kusˈiŋ"@abz	<https://panlex.org/snapshot/panlex-20191001-csv/3975#51722219>				<https://panlex.org/snapshot/panlex-20191001-csv/3975#51722215>		"анапхыс ̀"@ab	
"kusˈiŋ"@abz	<https://panlex.org/snapshot/panlex-20191001-csv/3975#51722219>				<https://panlex.org/snapshot/panlex-20191001-csv/3975#51722214>		"анапхыц"@ab	
"kˈaːy"@abz	<https://panlex.org/snapshot/panlex-20191001-csv/3975#51722954>				<https://panlex.org/snapshot/panlex-20191001-csv/3975#51722950>		"ала"@ab	
"amuri"@abz	<https://panlex.org/snapshot/panlex-20191001-csv/3975#51724307>				<https://panlex.org/snapshot/panlex-20191001-csv/3975#51724304>		"ахʒы"@ab	
"far-ˈi-ŋ"@abz	<https://panlex.org/snapshot/panlex-20191001-csv/3975#51727898>				<https://panlex.org/snapshot/panlex-20191001-csv/3975#51727893>		"арацǝа"@ab	
"palˈaːt-a"@abz	<https://panlex.org/snapshot/panlex-20191001-csv/3975#51722471>				<https://panlex.org/snapshot/panlex-20191001-csv/3975#51722467>		"ахьсǝасǝа"@ab	
"palˈaːt-a"@abz	<https://panlex.org/snapshot/panlex-20191001-csv/3975#51722471>				<https://panlex.org/snapshot/panlex-20191001-csv/3975#51722466>		"ахьшǝашǝа"@ab	
"oro"@abz	<https://panlex.org/snapshot/panlex-20191001-csv/3975#51732671>				<https://panlex.org/snapshot/panlex-20191001-csv/3975#51732661>		"ани"@ab	
"oro"@abz	<https://panlex.org/snapshot/panlex-20191001-csv/3975#51732671>				<https://panlex.org/snapshot/panlex-20191001-csv/3975#51732665>		"убри"@ab	
"oro"@abz	<https://panlex.org/snapshot/panlex-20191001-csv/3975#51732671>				<https://panlex.org/snapshot/panlex-20191001-csv/3975#51732664>		"амни"@ab	
"oro"@abz	<https://panlex.org/snapshot/panlex-20191001-csv/3975#51732671>				<https://panlex.org/snapshot/panlex-20191001-csv/3975#51732662>		"абни"@ab	
"oro"@abz	<https://panlex.org/snapshot/panlex-20191001-csv/3975#51732671>				<https://panlex.org/snapshot/panlex-20191001-csv/3975#51732663>		"уи"@ab	
"malˈatay"@abz	<https://panlex.org/snapshot/panlex-20191001-csv/3975#51730461>				<https://panlex.org/snapshot/panlex-20191001-csv/3975#51730458>		"аҧс ̀лымʒ"@ab	
"malˈatay"@abz	<https://panlex.org/snapshot/panlex-20191001-csv/3975#51730461>				<https://panlex.org/snapshot/panlex-20191001-csv/3975#51730457>		"аҧслымʒ"@ab	
"naha"@abz	<https://panlex.org/snapshot/panlex-20191001-csv/3975#51729332>				<https://panlex.org/snapshot/panlex-20191001-csv/3975#51729330>		"м"@ab	
"=rayhiyˈeŋ"@abz	<https://panlex.org/snapshot/panlex-20191001-csv/3975#51721938>				<https://panlex.org/snapshot/panlex-20191001-csv/3975#51721934>		"агǝышҧы"@ab	
"ayuku"@abz	<https://panlex.org/snapshot/panlex-20191001-csv/3975#51733574>				<https://panlex.org/snapshot/panlex-20191001-csv/3975#51733571>		"ҩба"@ab	
"mahetiŋ"@abz	<https://panlex.org/snapshot/panlex-20191001-csv/3975#51728041>				<https://panlex.org/snapshot/panlex-20191001-csv/3975#51728038>		"акǝац ̀"@ab	
"mahetiŋ"@abz	<https://panlex.org/snapshot/panlex-20191001-csv/3975#51728041>				<https://panlex.org/snapshot/panlex-20191001-csv/3975#51728037>		"акǝац"@ab	
"takˈey"@abz	<https://panlex.org/snapshot/panlex-20191001-csv/3975#51721376>				<https://panlex.org/snapshot/panlex-20191001-csv/3975#51721371>		"ацҳара"@ab	
"lˈifi"@abz	<https://panlex.org/snapshot/panlex-20191001-csv/3975#51733121>				<https://panlex.org/snapshot/panlex-20191001-csv/3975#51733117>		"абз"@ab	
"timuy"@abz	<https://panlex.org/snapshot/panlex-20191001-csv/3975#51736098>				<https://panlex.org/snapshot/panlex-20191001-csv/3975#51736093>		"аҧша"@ab	
"timuy"@abz	<https://panlex.org/snapshot/panlex-20191001-csv/3975#51736098>				<https://panlex.org/snapshot/panlex-20191001-csv/3975#51736094>		"аҧшы"@ab	
"=balˈa"@abz	<https://panlex.org/snapshot/panlex-20191001-csv/3975#51726775>				<https://panlex.org/snapshot/panlex-20191001-csv/3975#51726770>		"ашьамхы"@ab	
"=balˈa"@abz	<https://panlex.org/snapshot/panlex-20191001-csv/3975#51726775>				<https://panlex.org/snapshot/panlex-20191001-csv/3975#51726771>		"ашьамх ̀ы"@ab	
"wˈar"@abz	<https://panlex.org/snapshot/panlex-20191001-csv/3975#51732240>				<https://panlex.org/snapshot/panlex-20191001-csv/3975#51732235>		"амра"@ab	
"wˈar"@abz	<https://panlex.org/snapshot/panlex-20191001-csv/3975#51732240>				<https://panlex.org/snapshot/panlex-20191001-csv/3975#51732236>		"амыр"@ab	
"hakuang hafara"@abz	<https://panlex.org/snapshot/panlex-20191001-csv/3975#51730355>				<https://panlex.org/snapshot/panlex-20191001-csv/3975#51730351>		"агьежь"@ab	
"tabˈo"@abz	<https://panlex.org/snapshot/panlex-20191001-csv/3975#51722354>				<https://panlex.org/snapshot/panlex-20191001-csv/3975#51722350>		"аҧҭа"@ab	
"tabˈo"@abz	<https://panlex.org/snapshot/panlex-20191001-csv/3975#51722354>				<https://panlex.org/snapshot/panlex-20191001-csv/3975#51722349>		"аҧсҭҳǝа"@ab	
"kaŋ"@abz	<https://panlex.org/snapshot/panlex-20191001-csv/3975#51725287>				<https://panlex.org/snapshot/panlex-20191001-csv/3975#51725284>		"абзиа"@ab	
"ar-a-d-e"@abz	<https://panlex.org/snapshot/panlex-20191001-csv/3975#51722073>				<https://panlex.org/snapshot/panlex-20191001-csv/3975#51722070>		"абылра"@ab	
"min-i"@abz	<https://panlex.org/snapshot/panlex-20191001-csv/3975#51729178>				<https://panlex.org/snapshot/panlex-20191001-csv/3975#51729173>		"аҧынҵа"@ab	
"min-i"@abz	<https://panlex.org/snapshot/panlex-20191001-csv/3975#51729178>				<https://panlex.org/snapshot/panlex-20191001-csv/3975#51729174>		"аҧынҵ ̀"@ab	
"kol-i"@abz	<https://panlex.org/snapshot/panlex-20191001-csv/3975#51734584>				<https://panlex.org/snapshot/panlex-20191001-csv/3975#51734580>		"ашкǝакǝа"@ab	
"kik-a"@abz	<https://panlex.org/snapshot/panlex-20191001-csv/3975#51735026>				<https://panlex.org/snapshot/panlex-20191001-csv/3975#51735022>		"аҩежь"@ab	
"kik-a"@abz	<https://panlex.org/snapshot/panlex-20191001-csv/3975#51735026>				<https://panlex.org/snapshot/panlex-20191001-csv/3975#51735023>		"аҩажь"@ab	
"o"@abz	<https://panlex.org/snapshot/panlex-20191001-csv/3975#51732670>				<https://panlex.org/snapshot/panlex-20191001-csv/3975#51732661>		"ани"@ab	
"o"@abz	<https://panlex.org/snapshot/panlex-20191001-csv/3975#51732670>				<https://panlex.org/snapshot/panlex-20191001-csv/3975#51732665>		"убри"@ab	
"o"@abz	<https://panlex.org/snapshot/panlex-20191001-csv/3975#51732670>				<https://panlex.org/snapshot/panlex-20191001-csv/3975#51732664>		"амни"@ab	
"o"@abz	<https://panlex.org/snapshot/panlex-20191001-csv/3975#51732670>				<https://panlex.org/snapshot/panlex-20191001-csv/3975#51732662>		"абни"@ab	
"o"@abz	<https://panlex.org/snapshot/panlex-20191001-csv/3975#51732670>				<https://panlex.org/snapshot/panlex-20191001-csv/3975#51732663>		"уи"@ab	
"ʔabuyˈi"@abz	<https://panlex.org/snapshot/panlex-20191001-csv/3975#51728341>				<https://panlex.org/snapshot/panlex-20191001-csv/3975#51728337>		"ашьх ̀а"@ab	
"ʔabuyˈi"@abz	<https://panlex.org/snapshot/panlex-20191001-csv/3975#51728341>				<https://panlex.org/snapshot/panlex-20191001-csv/3975#51728336>		"ашьха"@ab	
"ya"@abz	<https://panlex.org/snapshot/panlex-20191001-csv/3975#51734046>				<https://panlex.org/snapshot/panlex-20191001-csv/3975#51734043>		"аʒы"@ab	
"ya"@abz	<https://panlex.org/snapshot/panlex-20191001-csv/3975#51733734>				<https://panlex.org/snapshot/panlex-20191001-csv/3975#51733731>		"ац ̀ара"@ab	
"ya"@abz	<https://panlex.org/snapshot/panlex-20191001-csv/3975#51733734>				<https://panlex.org/snapshot/panlex-20191001-csv/3975#51733730>		"ацара"@ab	
"it=do"@abz	<https://panlex.org/snapshot/panlex-20191001-csv/3975#51732827>				<https://panlex.org/snapshot/panlex-20191001-csv/3975#51732824>		"ари"@ab	
"it=do"@abz	<https://panlex.org/snapshot/panlex-20191001-csv/3975#51732827>				<https://panlex.org/snapshot/panlex-20191001-csv/3975#51732825>		"абри"@ab	
"buyk-e"@abz	<https://panlex.org/snapshot/panlex-20191001-csv/3975#51723108>				<https://panlex.org/snapshot/panlex-20191001-csv/3975#51723104>		"азǝра"@ab	
"buyk-e"@abz	<https://panlex.org/snapshot/panlex-20191001-csv/3975#51723108>				<https://panlex.org/snapshot/panlex-20191001-csv/3975#51723103>		"ажǝра"@ab	
"mˈon"@abz	<https://panlex.org/snapshot/panlex-20191001-csv/3975#51735823>				<https://panlex.org/snapshot/panlex-20191001-csv/3975#51735818>		"амаҭ"@ab	
"patak-ˈa"@abz	<https://panlex.org/snapshot/panlex-20191001-csv/3975#51735961>				<https://panlex.org/snapshot/panlex-20191001-csv/3975#51735957>		"аҵ ̀аӷа"@ab	
"patak-ˈa"@abz	<https://panlex.org/snapshot/panlex-20191001-csv/3975#51735961>				<https://panlex.org/snapshot/panlex-20191001-csv/3975#51735956>		"аҵаӷа"@ab	
"ʔar-ˈa"@abz	<https://panlex.org/snapshot/panlex-20191001-csv/3975#51724431>				<https://panlex.org/snapshot/panlex-20191001-csv/3975#51724427>		"амца"@ab	
"ʔanˈay"@abz	<https://panlex.org/snapshot/panlex-20191001-csv/3975#51723557>				<https://panlex.org/snapshot/panlex-20191001-csv/3975#51723553>		"адгьыл"@ab	
"loh-ˈu"@abz	<https://panlex.org/snapshot/panlex-20191001-csv/3975#51727491>				<https://panlex.org/snapshot/panlex-20191001-csv/3975#51727486>		"ау"@ab	
"ˈiya"@abz	<https://panlex.org/snapshot/panlex-20191001-csv/3975#51728199>				<https://panlex.org/snapshot/panlex-20191001-csv/3975#51728196>		"амза"@ab	
"tuŋ"@abz	<https://panlex.org/snapshot/panlex-20191001-csv/3975#51736350>				<https://panlex.org/snapshot/panlex-20191001-csv/3975#51736344>		"ашқǝс"@ab	
"tuŋ"@abz	<https://panlex.org/snapshot/panlex-20191001-csv/3975#51736350>				<https://panlex.org/snapshot/panlex-20191001-csv/3975#51736345>		"ашқǝыс"@ab	
"tuŋ"@abz	<https://panlex.org/snapshot/panlex-20191001-csv/3975#51736350>				<https://panlex.org/snapshot/panlex-20191001-csv/3975#51736346>		"ас ̀қǝыс ̀"@ab	
"mˈón"@abz	<https://panlex.org/snapshot/panlex-20191001-csv/3975#51722796>				<https://panlex.org/snapshot/panlex-20191001-csv/3975#51722790>		"аҧс ̀ра"@ab	
"mˈón"@abz	<https://panlex.org/snapshot/panlex-20191001-csv/3975#51722796>				<https://panlex.org/snapshot/panlex-20191001-csv/3975#51722789>		"аҧсра"@ab	
"kˈona"@abz	<https://panlex.org/snapshot/panlex-20191001-csv/3975#51724167>				<https://panlex.org/snapshot/panlex-20191001-csv/3975#51724163>		"ашша"@ab	
"bala"@abz	<https://panlex.org/snapshot/panlex-20191001-csv/3975#51726774>				<https://panlex.org/snapshot/panlex-20191001-csv/3975#51726770>		"ашьамхы"@ab	
"bala"@abz	<https://panlex.org/snapshot/panlex-20191001-csv/3975#51726774>				<https://panlex.org/snapshot/panlex-20191001-csv/3975#51726771>		"ашьамх ̀ы"@ab	
"iyaŋ"@abz	<https://panlex.org/snapshot/panlex-20191001-csv/3975#51724008>				<https://panlex.org/snapshot/panlex-20191001-csv/3975#51724003>		"ала"@ab	
"iyaŋ"@abz	<https://panlex.org/snapshot/panlex-20191001-csv/3975#51724008>				<https://panlex.org/snapshot/panlex-20191001-csv/3975#51724004>		"абыл"@ab	
"iyaŋ"@abz	<https://panlex.org/snapshot/panlex-20191001-csv/3975#51724008>				<https://panlex.org/snapshot/panlex-20191001-csv/3975#51724002>		"абла"@ab	
"iyaŋ"@abz	<https://panlex.org/snapshot/panlex-20191001-csv/3975#51726917>				<https://panlex.org/snapshot/panlex-20191001-csv/3975#51726914>		"адырра"@ab	
"iyaŋ"@abz	<https://panlex.org/snapshot/panlex-20191001-csv/3975#51730762>				<https://panlex.org/snapshot/panlex-20191001-csv/3975#51730758>		"абара"@ab	
"afˈu"@abz	<https://panlex.org/snapshot/panlex-20191001-csv/3975#51724591>				<https://panlex.org/snapshot/panlex-20191001-csv/3975#51724588>		"аҧс ̀ыʒ"@ab	
"afˈu"@abz	<https://panlex.org/snapshot/panlex-20191001-csv/3975#51724591>				<https://panlex.org/snapshot/panlex-20191001-csv/3975#51724587>		"аҧсыʒ"@ab	
"rˈuol"@abz	<https://panlex.org/snapshot/panlex-20191001-csv/3975#51721233>				<https://panlex.org/snapshot/panlex-20191001-csv/3975#51721229>		"аҧс ̀аатǝ"@ab	
"rˈuol"@abz	<https://panlex.org/snapshot/panlex-20191001-csv/3975#51721233>				<https://panlex.org/snapshot/panlex-20191001-csv/3975#51721228>		"аҧсаатǝ"@ab	
"timˈoy"@abz	<https://panlex.org/snapshot/panlex-20191001-csv/3975#51736097>				<https://panlex.org/snapshot/panlex-20191001-csv/3975#51736093>		"аҧша"@ab	
"timˈoy"@abz	<https://panlex.org/snapshot/panlex-20191001-csv/3975#51736097>				<https://panlex.org/snapshot/panlex-20191001-csv/3975#51736094>		"аҧшы"@ab	
"mit-ˈi"@abz	<https://panlex.org/snapshot/panlex-20191001-csv/3975#51731049>				<https://panlex.org/snapshot/panlex-20191001-csv/3975#51731046>		"атǝара"@ab	
"glin glay"@abz	<https://panlex.org/snapshot/panlex-20191001-csv/3975#51736248>				<https://panlex.org/snapshot/panlex-20191001-csv/3975#51736245>		"ахǝа"@ab	
"tafudˈa"@abz	<https://panlex.org/snapshot/panlex-20191001-csv/3975#51720552>				<https://panlex.org/snapshot/panlex-20191001-csv/3975#51720548>		"зегьы"@ab	
"yˈe"@abz	<https://panlex.org/snapshot/panlex-20191001-csv/3975#51734049>				<https://panlex.org/snapshot/panlex-20191001-csv/3975#51734043>		"аʒы"@ab	
"tˈoki"@abz	<https://panlex.org/snapshot/panlex-20191001-csv/3975#51724861>				<https://panlex.org/snapshot/panlex-20191001-csv/3975#51724856>		"ашьапы"@ab	
"tˈoki"@abz	<https://panlex.org/snapshot/panlex-20191001-csv/3975#51724861>				<https://panlex.org/snapshot/panlex-20191001-csv/3975#51724857>		"ашьапа"@ab	
"ʔayokˈu"@abz	<https://panlex.org/snapshot/panlex-20191001-csv/3975#51733575>				<https://panlex.org/snapshot/panlex-20191001-csv/3975#51733571>		"ҩба"@ab	
"faŋ-a"@abz	<https://panlex.org/snapshot/panlex-20191001-csv/3975#51730591>				<https://panlex.org/snapshot/panlex-20191001-csv/3975#51730588>		"аҳǝара"@ab	
"wi"@abz	<https://panlex.org/snapshot/panlex-20191001-csv/3975#51732105>				<https://panlex.org/snapshot/panlex-20191001-csv/3975#51732101>		"ахаҳǝ"@ab	
"wi"@abz	<https://panlex.org/snapshot/panlex-20191001-csv/3975#51732105>				<https://panlex.org/snapshot/panlex-20191001-csv/3975#51732102>		"ах ̀аҳǝ"@ab	
"nala"@abz	<https://panlex.org/snapshot/panlex-20191001-csv/3975#51734427>				<https://panlex.org/snapshot/panlex-20191001-csv/3975#51734424>		"йарбан"@ab	
"nala"@abz	<https://panlex.org/snapshot/panlex-20191001-csv/3975#51734427>				<https://panlex.org/snapshot/panlex-20191001-csv/3975#51734423>		"и"@ab	
"tak-ˈa-t-a"@abz	<https://panlex.org/snapshot/panlex-20191001-csv/3975#51723272>				<https://panlex.org/snapshot/panlex-20191001-csv/3975#51723269>		"аба"@ab	
"tuhoy"@abz	<https://panlex.org/snapshot/panlex-20191001-csv/3975#51735282>				<https://panlex.org/snapshot/panlex-20191001-csv/3975#51735278>		"ахьамҭа"@ab	
"tuhoy"@abz	<https://panlex.org/snapshot/panlex-20191001-csv/3975#51735282>				<https://panlex.org/snapshot/panlex-20191001-csv/3975#51735277>		"ахьанҭа"@ab	
"tuhoy"@abz	<https://panlex.org/snapshot/panlex-20191001-csv/3975#51735282>				<https://panlex.org/snapshot/panlex-20191001-csv/3975#51735279>		"ахьымҭа"@ab	
"neŋ"@abz	<https://panlex.org/snapshot/panlex-20191001-csv/3975#51727748>				<https://panlex.org/snapshot/panlex-20191001-csv/3975#51727744>		"ахаҵа"@ab	
"neŋ"@abz	<https://panlex.org/snapshot/panlex-20191001-csv/3975#51727748>				<https://panlex.org/snapshot/panlex-20191001-csv/3975#51727745>		"ах ̀аҵ ̀а"@ab	
"tabˈu"@abz	<https://panlex.org/snapshot/panlex-20191001-csv/3975#51722353>				<https://panlex.org/snapshot/panlex-20191001-csv/3975#51722350>		"аҧҭа"@ab	
"tabˈu"@abz	<https://panlex.org/snapshot/panlex-20191001-csv/3975#51722353>				<https://panlex.org/snapshot/panlex-20191001-csv/3975#51722349>		"аҧсҭҳǝа"@ab	
"tikˈa"@abz	<https://panlex.org/snapshot/panlex-20191001-csv/3975#51731671>				<https://panlex.org/snapshot/panlex-20191001-csv/3975#51731667>		"алҩа"@ab	
"mˈe"@abz	<https://panlex.org/snapshot/panlex-20191001-csv/3975#51722606>				<https://panlex.org/snapshot/panlex-20191001-csv/3975#51722602>		"аайра"@ab	
"mˈe"@abz	<https://panlex.org/snapshot/panlex-20191001-csv/3975#51722606>				<https://panlex.org/snapshot/panlex-20191001-csv/3975#51722601>		"анейра"@ab	
"malatˈay"@abz	<https://panlex.org/snapshot/panlex-20191001-csv/3975#51730462>				<https://panlex.org/snapshot/panlex-20191001-csv/3975#51730458>		"аҧс ̀лымʒ"@ab	
"malatˈay"@abz	<https://panlex.org/snapshot/panlex-20191001-csv/3975#51730462>				<https://panlex.org/snapshot/panlex-20191001-csv/3975#51730457>		"аҧслымʒ"@ab	
"ati"@abz	<https://panlex.org/snapshot/panlex-20191001-csv/3975#51735554>				<https://panlex.org/snapshot/panlex-20191001-csv/3975#51735550>		"аџьыка"@ab	
"ʔanˈuy"@abz	<https://panlex.org/snapshot/panlex-20191001-csv/3975#51729819>				<https://panlex.org/snapshot/panlex-20191001-csv/3975#51729814>		"ақǝа"@ab	
"rolˈa"@abz	<https://panlex.org/snapshot/panlex-20191001-csv/3975#51728754>				<https://panlex.org/snapshot/panlex-20191001-csv/3975#51728751>		"ах ̀ǝда"@ab	
"rolˈa"@abz	<https://panlex.org/snapshot/panlex-20191001-csv/3975#51728754>				<https://panlex.org/snapshot/panlex-20191001-csv/3975#51728750>		"ахǝда"@ab	
"tˈaː"@abz	<https://panlex.org/snapshot/panlex-20191001-csv/3975#51727197>				<https://panlex.org/snapshot/panlex-20191001-csv/3975#51727192>		"ашьтара"@ab	
"tˈaː"@abz	<https://panlex.org/snapshot/panlex-20191001-csv/3975#51727197>				<https://panlex.org/snapshot/panlex-20191001-csv/3975#51727193>		"айара"@ab	
"tˈaː"@abz	<https://panlex.org/snapshot/panlex-20191001-csv/3975#51731370>				<https://panlex.org/snapshot/panlex-20191001-csv/3975#51731366>		"ацǝара"@ab	
"kay"@abz	<https://panlex.org/snapshot/panlex-20191001-csv/3975#51725847>				<https://panlex.org/snapshot/panlex-20191001-csv/3975#51725843>		"ахы"@ab	
"kay"@abz	<https://panlex.org/snapshot/panlex-20191001-csv/3975#51725847>				<https://panlex.org/snapshot/panlex-20191001-csv/3975#51725844>		"ах ̀ы"@ab	
"kay"@abz	<https://panlex.org/snapshot/panlex-20191001-csv/3975#51722953>				<https://panlex.org/snapshot/panlex-20191001-csv/3975#51722950>		"ала"@ab	
"moŋ"@abz	<https://panlex.org/snapshot/panlex-20191001-csv/3975#51722793>				<https://panlex.org/snapshot/panlex-20191001-csv/3975#51722790>		"аҧс ̀ра"@ab	
"moŋ"@abz	<https://panlex.org/snapshot/panlex-20191001-csv/3975#51722793>				<https://panlex.org/snapshot/panlex-20191001-csv/3975#51722789>		"аҧсра"@ab	
"buwˈok-a"@abz	<https://panlex.org/snapshot/panlex-20191001-csv/3975#51735151>				<https://panlex.org/snapshot/panlex-20191001-csv/3975#51735148>		"ахара"@ab	
"buwˈok-a"@abz	<https://panlex.org/snapshot/panlex-20191001-csv/3975#51735151>				<https://panlex.org/snapshot/panlex-20191001-csv/3975#51735149>		"ах ̀ара"@ab	
"wet-i"@abz	<https://panlex.org/snapshot/panlex-20191001-csv/3975#51733271>				<https://panlex.org/snapshot/panlex-20191001-csv/3975#51733268>		"ах ̀аҧыц"@ab	
"wet-i"@abz	<https://panlex.org/snapshot/panlex-20191001-csv/3975#51733271>				<https://panlex.org/snapshot/panlex-20191001-csv/3975#51733267>		"ахаҧыц"@ab	
"tif-ˈa"@abz	<https://panlex.org/snapshot/panlex-20191001-csv/3975#51728892>				<https://panlex.org/snapshot/panlex-20191001-csv/3975#51728886>		"аҵ ̀ыц ̀"@ab	
"tif-ˈa"@abz	<https://panlex.org/snapshot/panlex-20191001-csv/3975#51728892>				<https://panlex.org/snapshot/panlex-20191001-csv/3975#51728885>		"аҿыц"@ab	
"kuyˈa"@abz	<https://panlex.org/snapshot/panlex-20191001-csv/3975#51721234>				<https://panlex.org/snapshot/panlex-20191001-csv/3975#51721229>		"аҧс ̀аатǝ"@ab	
"kuyˈa"@abz	<https://panlex.org/snapshot/panlex-20191001-csv/3975#51721234>				<https://panlex.org/snapshot/panlex-20191001-csv/3975#51721228>		"аҧсаатǝ"@ab	
"loh-u"@abz	<https://panlex.org/snapshot/panlex-20191001-csv/3975#51727489>				<https://panlex.org/snapshot/panlex-20191001-csv/3975#51727486>		"ау"@ab	
"tuŋ-tama"@abz	<https://panlex.org/snapshot/panlex-20191001-csv/3975#51729020>				<https://panlex.org/snapshot/panlex-20191001-csv/3975#51729016>		"ацх"@ab	
"tuŋ-tama"@abz	<https://panlex.org/snapshot/panlex-20191001-csv/3975#51729020>				<https://panlex.org/snapshot/panlex-20191001-csv/3975#51729015>		"аҵх"@ab	
"taypa"@abz	<https://panlex.org/snapshot/panlex-20191001-csv/3975#51721801>				<https://panlex.org/snapshot/panlex-20191001-csv/3975#51721796>		"абаҩ"@ab	
"taypa"@abz	<https://panlex.org/snapshot/panlex-20191001-csv/3975#51721801>				<https://panlex.org/snapshot/panlex-20191001-csv/3975#51721798>		"абҩа"@ab	
"taypa"@abz	<https://panlex.org/snapshot/panlex-20191001-csv/3975#51721801>				<https://panlex.org/snapshot/panlex-20191001-csv/3975#51721797>		"абыҩ"@ab	
"ʔanˈuy"@abz	<https://panlex.org/snapshot/panlex-20191001-csv/3975#51729818>				<https://panlex.org/snapshot/panlex-20191001-csv/3975#51729814>		"ақǝа"@ab	
"=wˈet"@abz	<https://panlex.org/snapshot/panlex-20191001-csv/3975#51733273>				<https://panlex.org/snapshot/panlex-20191001-csv/3975#51733268>		"ах ̀аҧыц"@ab	
"=wˈet"@abz	<https://panlex.org/snapshot/panlex-20191001-csv/3975#51733273>				<https://panlex.org/snapshot/panlex-20191001-csv/3975#51733267>		"ахаҧыц"@ab	
"=mˈuk"@abz	<https://panlex.org/snapshot/panlex-20191001-csv/3975#51726304>				<https://panlex.org/snapshot/panlex-20191001-csv/3975#51726301>		"атǝыйа"@ab	
"=mˈuk"@abz	<https://panlex.org/snapshot/panlex-20191001-csv/3975#51726304>				<https://panlex.org/snapshot/panlex-20191001-csv/3975#51726300>		"атǝыҩа"@ab	
"nˈeː"@abz	<https://panlex.org/snapshot/panlex-20191001-csv/3975#51723704>				<https://panlex.org/snapshot/panlex-20191001-csv/3975#51723699>		"ˈa=fa-ra"@ab	
"tˈok"@abz	<https://panlex.org/snapshot/panlex-20191001-csv/3975#51720954>				<https://panlex.org/snapshot/panlex-20191001-csv/3975#51720950>		"амгǝа"@ab	
"=mˈin"@abz	<https://panlex.org/snapshot/panlex-20191001-csv/3975#51729179>				<https://panlex.org/snapshot/panlex-20191001-csv/3975#51729173>		"аҧынҵа"@ab	
"=mˈin"@abz	<https://panlex.org/snapshot/panlex-20191001-csv/3975#51729179>				<https://panlex.org/snapshot/panlex-20191001-csv/3975#51729174>		"аҧынҵ ̀"@ab	
"ti"@abz	<https://panlex.org/snapshot/panlex-20191001-csv/3975#51730933>				<https://panlex.org/snapshot/panlex-20191001-csv/3975#51730930>		"ажǝла"@ab	
"anuy"@abz	<https://panlex.org/snapshot/panlex-20191001-csv/3975#51729817>				<https://panlex.org/snapshot/panlex-20191001-csv/3975#51729814>		"ақǝа"@ab	
"nukˈu"@abz	<https://panlex.org/snapshot/panlex-20191001-csv/3975#51729505>				<https://panlex.org/snapshot/panlex-20191001-csv/3975#51729501>		"акы"@ab	
"=tˈáŋ"@abz	<https://panlex.org/snapshot/panlex-20191001-csv/3975#51725700>				<https://panlex.org/snapshot/panlex-20191001-csv/3975#51725696>		"анапы"@ab	
"tak-a-t-ˈa"@abz	<https://panlex.org/snapshot/panlex-20191001-csv/3975#51723273>				<https://panlex.org/snapshot/panlex-20191001-csv/3975#51723269>		"аба"@ab	
"lˈoh-i"@abz	<https://panlex.org/snapshot/panlex-20191001-csv/3975#51727490>				<https://panlex.org/snapshot/panlex-20191001-csv/3975#51727486>		"ау"@ab	
"tabo"@abz	<https://panlex.org/snapshot/panlex-20191001-csv/3975#51722352>				<https://panlex.org/snapshot/panlex-20191001-csv/3975#51722350>		"аҧҭа"@ab	
"tabo"@abz	<https://panlex.org/snapshot/panlex-20191001-csv/3975#51722352>				<https://panlex.org/snapshot/panlex-20191001-csv/3975#51722349>		"аҧсҭҳǝа"@ab	
"fol-i"@abz	<https://panlex.org/snapshot/panlex-20191001-csv/3975#51735960>				<https://panlex.org/snapshot/panlex-20191001-csv/3975#51735957>		"аҵ ̀аӷа"@ab	
"fol-i"@abz	<https://panlex.org/snapshot/panlex-20191001-csv/3975#51735960>				<https://panlex.org/snapshot/panlex-20191001-csv/3975#51735956>		"аҵаӷа"@ab	
"iyˈer-i"@abz	<https://panlex.org/snapshot/panlex-20191001-csv/3975#51733422>				<https://panlex.org/snapshot/panlex-20191001-csv/3975#51733419>		"аҵла"@ab	
"nat-ˈe"@abz	<https://panlex.org/snapshot/panlex-20191001-csv/3975#51731816>				<https://panlex.org/snapshot/panlex-20191001-csv/3975#51731813>		"агылара"@ab	
"nahˈa"@abz	<https://panlex.org/snapshot/panlex-20191001-csv/3975#51729333>				<https://panlex.org/snapshot/panlex-20191001-csv/3975#51729330>		"м"@ab	
"bukomˈaŋ"@abz	<https://panlex.org/snapshot/panlex-20191001-csv/3975#51726161>				<https://panlex.org/snapshot/panlex-20191001-csv/3975#51726156>		"агǝы"@ab	
"weyˈa"@abz	<https://panlex.org/snapshot/panlex-20191001-csv/3975#51721652>				<https://panlex.org/snapshot/panlex-20191001-csv/3975#51721648>		"ашьа"@ab	
"wata kupi"@abz	<https://panlex.org/snapshot/panlex-20191001-csv/3975#51726159>				<https://panlex.org/snapshot/panlex-20191001-csv/3975#51726156>		"агǝы"@ab	
"wˈar-i"@abz	<https://panlex.org/snapshot/panlex-20191001-csv/3975#51732239>				<https://panlex.org/snapshot/panlex-20191001-csv/3975#51732235>		"амра"@ab	
"wˈar-i"@abz	<https://panlex.org/snapshot/panlex-20191001-csv/3975#51732239>				<https://panlex.org/snapshot/panlex-20191001-csv/3975#51732236>		"амыр"@ab	
"bikˈeŋ"@abz	<https://panlex.org/snapshot/panlex-20191001-csv/3975#51727620>				<https://panlex.org/snapshot/panlex-20191001-csv/3975#51727617>		"аҵ ̀а"@ab	
"bikˈeŋ"@abz	<https://panlex.org/snapshot/panlex-20191001-csv/3975#51727620>				<https://panlex.org/snapshot/panlex-20191001-csv/3975#51727616>		"аҵа"@ab	
"=wˈa"@abz	<https://panlex.org/snapshot/panlex-20191001-csv/3975#51728458>				<https://panlex.org/snapshot/panlex-20191001-csv/3975#51728454>		"аҿы"@ab	
"min"@abz	<https://panlex.org/snapshot/panlex-20191001-csv/3975#51729177>				<https://panlex.org/snapshot/panlex-20191001-csv/3975#51729173>		"аҧынҵа"@ab	
"min"@abz	<https://panlex.org/snapshot/panlex-20191001-csv/3975#51729177>				<https://panlex.org/snapshot/panlex-20191001-csv/3975#51729174>		"аҧынҵ ̀"@ab	
"=d"@abz	<https://panlex.org/snapshot/panlex-20191001-csv/3975#51725121>				<https://panlex.org/snapshot/panlex-20191001-csv/3975#51725118>		"аҭара"@ab	
"fayheŋ"@abz	<https://panlex.org/snapshot/panlex-20191001-csv/3975#51726630>				<https://panlex.org/snapshot/panlex-20191001-csv/3975#51726627>		"ашьра"@ab	
"take"@abz	<https://panlex.org/snapshot/panlex-20191001-csv/3975#51721375>				<https://panlex.org/snapshot/panlex-20191001-csv/3975#51721371>		"ацҳара"@ab	
"mˈit"@abz	<https://panlex.org/snapshot/panlex-20191001-csv/3975#51731050>				<https://panlex.org/snapshot/panlex-20191001-csv/3975#51731046>		"атǝара"@ab	
"ye"@abz	<https://panlex.org/snapshot/panlex-20191001-csv/3975#51734047>				<https://panlex.org/snapshot/panlex-20191001-csv/3975#51734043>		"аʒы"@ab	
"tauŋ"@abz	<https://panlex.org/snapshot/panlex-20191001-csv/3975#51736349>				<https://panlex.org/snapshot/panlex-20191001-csv/3975#51736344>		"ашқǝс"@ab	
"tauŋ"@abz	<https://panlex.org/snapshot/panlex-20191001-csv/3975#51736349>				<https://panlex.org/snapshot/panlex-20191001-csv/3975#51736345>		"ашқǝыс"@ab	
"tauŋ"@abz	<https://panlex.org/snapshot/panlex-20191001-csv/3975#51736349>				<https://panlex.org/snapshot/panlex-20191001-csv/3975#51736346>		"ас ̀қǝыс ̀"@ab	
"kul-i"@abz	<https://panlex.org/snapshot/panlex-20191001-csv/3975#51731221>				<https://panlex.org/snapshot/panlex-20191001-csv/3975#51731217>		"ацǝа"@ab	
"kul-i"@abz	<https://panlex.org/snapshot/panlex-20191001-csv/3975#51720829>				<https://panlex.org/snapshot/panlex-20191001-csv/3975#51720826>		"ацǝа"@ab	
"tok-e"@abz	<https://panlex.org/snapshot/panlex-20191001-csv/3975#51720953>				<https://panlex.org/snapshot/panlex-20191001-csv/3975#51720950>		"амгǝа"@ab	
"kay bata"@abz	<https://panlex.org/snapshot/panlex-20191001-csv/3975#51725551>				<https://panlex.org/snapshot/panlex-20191001-csv/3975#51725547>		"ахахǝы"@ab	
"kay bata"@abz	<https://panlex.org/snapshot/panlex-20191001-csv/3975#51725551>				<https://panlex.org/snapshot/panlex-20191001-csv/3975#51725548>		"ах ̀ах ̀ǝы"@ab	
"ay"@abz	<https://panlex.org/snapshot/panlex-20191001-csv/3975#51730240>				<https://panlex.org/snapshot/panlex-20191001-csv/3975#51730237>		"адац"@ab	
"iyeŋ"@abz	<https://panlex.org/snapshot/panlex-20191001-csv/3975#51724007>				<https://panlex.org/snapshot/panlex-20191001-csv/3975#51724003>		"ала"@ab	
"iyeŋ"@abz	<https://panlex.org/snapshot/panlex-20191001-csv/3975#51724007>				<https://panlex.org/snapshot/panlex-20191001-csv/3975#51724004>		"абыл"@ab	
"iyeŋ"@abz	<https://panlex.org/snapshot/panlex-20191001-csv/3975#51724007>				<https://panlex.org/snapshot/panlex-20191001-csv/3975#51724002>		"абла"@ab	
"iyeŋ"@abz	<https://panlex.org/snapshot/panlex-20191001-csv/3975#51730761>				<https://panlex.org/snapshot/panlex-20191001-csv/3975#51730758>		"абара"@ab	
"mahˈitiŋ"@abz	<https://panlex.org/snapshot/panlex-20191001-csv/3975#51728042>				<https://panlex.org/snapshot/panlex-20191001-csv/3975#51728038>		"акǝац ̀"@ab	
"mahˈitiŋ"@abz	<https://panlex.org/snapshot/panlex-20191001-csv/3975#51728042>				<https://panlex.org/snapshot/panlex-20191001-csv/3975#51728037>		"акǝац"@ab	
"kupˈil"@abz	<https://panlex.org/snapshot/panlex-20191001-csv/3975#51730356>				<https://panlex.org/snapshot/panlex-20191001-csv/3975#51730351>		"агьежь"@ab	
"mah-ˈi-"@abz	<https://panlex.org/snapshot/panlex-20191001-csv/3975#51726005>				<https://panlex.org/snapshot/panlex-20191001-csv/3975#51726001>		"аҳара"@ab	
"kˈusiŋ"@abz	<https://panlex.org/snapshot/panlex-20191001-csv/3975#51722218>				<https://panlex.org/snapshot/panlex-20191001-csv/3975#51722215>		"анапхыс ̀"@ab	
"kˈusiŋ"@abz	<https://panlex.org/snapshot/panlex-20191001-csv/3975#51722218>				<https://panlex.org/snapshot/panlex-20191001-csv/3975#51722214>		"анапхыц"@ab	
"bˈuːt"@abz	<https://panlex.org/snapshot/panlex-20191001-csv/3975#51723109>				<https://panlex.org/snapshot/panlex-20191001-csv/3975#51723104>		"азǝра"@ab	
"bˈuːt"@abz	<https://panlex.org/snapshot/panlex-20191001-csv/3975#51723109>				<https://panlex.org/snapshot/panlex-20191001-csv/3975#51723103>		"ажǝра"@ab	
"bikˈeaŋ"@abz	<https://panlex.org/snapshot/panlex-20191001-csv/3975#51727623>				<https://panlex.org/snapshot/panlex-20191001-csv/3975#51727617>		"аҵ ̀а"@ab	
"bikˈeaŋ"@abz	<https://panlex.org/snapshot/panlex-20191001-csv/3975#51727623>				<https://panlex.org/snapshot/panlex-20191001-csv/3975#51727616>		"аҵа"@ab	
"it=o"@abz	<https://panlex.org/snapshot/panlex-20191001-csv/3975#51732668>				<https://panlex.org/snapshot/panlex-20191001-csv/3975#51732661>		"ани"@ab	
"it=o"@abz	<https://panlex.org/snapshot/panlex-20191001-csv/3975#51732668>				<https://panlex.org/snapshot/panlex-20191001-csv/3975#51732665>		"убри"@ab	
"it=o"@abz	<https://panlex.org/snapshot/panlex-20191001-csv/3975#51732668>				<https://panlex.org/snapshot/panlex-20191001-csv/3975#51732664>		"амни"@ab	
"it=o"@abz	<https://panlex.org/snapshot/panlex-20191001-csv/3975#51732668>				<https://panlex.org/snapshot/panlex-20191001-csv/3975#51732662>		"абни"@ab	
"it=o"@abz	<https://panlex.org/snapshot/panlex-20191001-csv/3975#51732668>				<https://panlex.org/snapshot/panlex-20191001-csv/3975#51732663>		"уи"@ab	
"me"@abz	<https://panlex.org/snapshot/panlex-20191001-csv/3975#51722605>				<https://panlex.org/snapshot/panlex-20191001-csv/3975#51722602>		"аайра"@ab	
"me"@abz	<https://panlex.org/snapshot/panlex-20191001-csv/3975#51722605>				<https://panlex.org/snapshot/panlex-20191001-csv/3975#51722601>		"анейра"@ab	
"yˈa"@abz	<https://panlex.org/snapshot/panlex-20191001-csv/3975#51734048>				<https://panlex.org/snapshot/panlex-20191001-csv/3975#51734043>		"аʒы"@ab	
"wey"@abz	<https://panlex.org/snapshot/panlex-20191001-csv/3975#51723410>				<https://panlex.org/snapshot/panlex-20191001-csv/3975#51723407>		"алымҳа"@ab	
"=wetˈ-i"@abz	<https://panlex.org/snapshot/panlex-20191001-csv/3975#51733272>				<https://panlex.org/snapshot/panlex-20191001-csv/3975#51733268>		"ах ̀аҧыц"@ab	
"=wetˈ-i"@abz	<https://panlex.org/snapshot/panlex-20191001-csv/3975#51733272>				<https://panlex.org/snapshot/panlex-20191001-csv/3975#51733267>		"ахаҧыц"@ab	
"lil-ˈa"@abz	<https://panlex.org/snapshot/panlex-20191001-csv/3975#51733920>				<https://panlex.org/snapshot/panlex-20191001-csv/3975#51733916>		"аҧха"@ab	
"kˈay"@abz	<https://panlex.org/snapshot/panlex-20191001-csv/3975#51720830>				<https://panlex.org/snapshot/panlex-20191001-csv/3975#51720826>		"ацǝа"@ab	
"tuku"@abz	<https://panlex.org/snapshot/panlex-20191001-csv/3975#51724860>				<https://panlex.org/snapshot/panlex-20191001-csv/3975#51724856>		"ашьапы"@ab	
"tuku"@abz	<https://panlex.org/snapshot/panlex-20191001-csv/3975#51724860>				<https://panlex.org/snapshot/panlex-20191001-csv/3975#51724857>		"ашьапа"@ab	
"ʔar-u-y"@abz	<https://panlex.org/snapshot/panlex-20191001-csv/3975#51720693>				<https://panlex.org/snapshot/panlex-20191001-csv/3975#51720689>		"ах ̀ǝа"@ab	
"ʔar-u-y"@abz	<https://panlex.org/snapshot/panlex-20191001-csv/3975#51720693>				<https://panlex.org/snapshot/panlex-20191001-csv/3975#51720688>		"ахǝа"@ab	
"fok-ˈa"@abz	<https://panlex.org/snapshot/panlex-20191001-csv/3975#51721090>				<https://panlex.org/snapshot/panlex-20191001-csv/3975#51721087>		"адоу"@ab	
"fok-ˈa"@abz	<https://panlex.org/snapshot/panlex-20191001-csv/3975#51721090>				<https://panlex.org/snapshot/panlex-20191001-csv/3975#51721086>		"аду"@ab	
"tun-tama"@abz	<https://panlex.org/snapshot/panlex-20191001-csv/3975#51729019>				<https://panlex.org/snapshot/panlex-20191001-csv/3975#51729016>		"ацх"@ab	
"tun-tama"@abz	<https://panlex.org/snapshot/panlex-20191001-csv/3975#51729019>				<https://panlex.org/snapshot/panlex-20191001-csv/3975#51729015>		"аҵх"@ab	
"mah-i-a"@abz	<https://panlex.org/snapshot/panlex-20191001-csv/3975#51726004>				<https://panlex.org/snapshot/panlex-20191001-csv/3975#51726001>		"аҳара"@ab	
"mea-kilˈay"@abz	<https://panlex.org/snapshot/panlex-20191001-csv/3975#51735027>				<https://panlex.org/snapshot/panlex-20191001-csv/3975#51735022>		"аҩежь"@ab	
"mea-kilˈay"@abz	<https://panlex.org/snapshot/panlex-20191001-csv/3975#51735027>				<https://panlex.org/snapshot/panlex-20191001-csv/3975#51735023>		"аҩажь"@ab	
"mahitˈiŋ"@abz	<https://panlex.org/snapshot/panlex-20191001-csv/3975#51728043>				<https://panlex.org/snapshot/panlex-20191001-csv/3975#51728038>		"акǝац ̀"@ab	
"mahitˈiŋ"@abz	<https://panlex.org/snapshot/panlex-20191001-csv/3975#51728043>				<https://panlex.org/snapshot/panlex-20191001-csv/3975#51728037>		"акǝац"@ab	
"fir-i"@abz	<https://panlex.org/snapshot/panlex-20191001-csv/3975#51731948>				<https://panlex.org/snapshot/panlex-20191001-csv/3975#51731945>		"аеҵǝа"@ab	
"ar-ˈu-y"@abz	<https://panlex.org/snapshot/panlex-20191001-csv/3975#51720692>				<https://panlex.org/snapshot/panlex-20191001-csv/3975#51720689>		"ах ̀ǝа"@ab	
"ar-ˈu-y"@abz	<https://panlex.org/snapshot/panlex-20191001-csv/3975#51720692>				<https://panlex.org/snapshot/panlex-20191001-csv/3975#51720688>		"ахǝа"@ab	
"tihˈay"@abz	<https://panlex.org/snapshot/panlex-20191001-csv/3975#51735283>				<https://panlex.org/snapshot/panlex-20191001-csv/3975#51735278>		"ахьамҭа"@ab	
"tihˈay"@abz	<https://panlex.org/snapshot/panlex-20191001-csv/3975#51735283>				<https://panlex.org/snapshot/panlex-20191001-csv/3975#51735277>		"ахьанҭа"@ab	
"tihˈay"@abz	<https://panlex.org/snapshot/panlex-20191001-csv/3975#51735283>				<https://panlex.org/snapshot/panlex-20191001-csv/3975#51735279>		"ахьымҭа"@ab	
"ʔatˈey"@abz	<https://panlex.org/snapshot/panlex-20191001-csv/3975#51720955>				<https://panlex.org/snapshot/panlex-20191001-csv/3975#51720950>		"амгǝа"@ab	
"pˈeːk-a"@abz	<https://panlex.org/snapshot/panlex-20191001-csv/3975#51735410>				<https://panlex.org/snapshot/panlex-20191001-csv/3975#51735406>		"аайгǝа"@ab	
"om-i"@abz	<https://panlex.org/snapshot/panlex-20191001-csv/3975#51726160>				<https://panlex.org/snapshot/panlex-20191001-csv/3975#51726156>		"агǝы"@ab	
"=nˈe"@abz	<https://panlex.org/snapshot/panlex-20191001-csv/3975#51728613>				<https://panlex.org/snapshot/panlex-20191001-csv/3975#51728609>		"ахьыʒ"@ab	
"=nˈe"@abz	<https://panlex.org/snapshot/panlex-20191001-csv/3975#51728613>				<https://panlex.org/snapshot/panlex-20191001-csv/3975#51728608>		"ахьʒ"@ab	
"bikin"@abz	<https://panlex.org/snapshot/panlex-20191001-csv/3975#51727621>				<https://panlex.org/snapshot/panlex-20191001-csv/3975#51727617>		"аҵ ̀а"@ab	
"bikin"@abz	<https://panlex.org/snapshot/panlex-20191001-csv/3975#51727621>				<https://panlex.org/snapshot/panlex-20191001-csv/3975#51727616>		"аҵа"@ab	
"tˈeypa"@abz	<https://panlex.org/snapshot/panlex-20191001-csv/3975#51721802>				<https://panlex.org/snapshot/panlex-20191001-csv/3975#51721796>		"абаҩ"@ab	
"tˈeypa"@abz	<https://panlex.org/snapshot/panlex-20191001-csv/3975#51721802>				<https://panlex.org/snapshot/panlex-20191001-csv/3975#51721798>		"абҩа"@ab	
"tˈeypa"@abz	<https://panlex.org/snapshot/panlex-20191001-csv/3975#51721802>				<https://panlex.org/snapshot/panlex-20191001-csv/3975#51721797>		"абыҩ"@ab	
"mayoa"@abz	<https://panlex.org/snapshot/panlex-20191001-csv/3975#51734858>				<https://panlex.org/snapshot/panlex-20191001-csv/3975#51734853>		"аҧҳǝыс"@ab	
"mayoa"@abz	<https://panlex.org/snapshot/panlex-20191001-csv/3975#51734858>				<https://panlex.org/snapshot/panlex-20191001-csv/3975#51734854>		"аҧҳǝыс ̀"@ab	
"tˈuŋ"@abz	<https://panlex.org/snapshot/panlex-20191001-csv/3975#51736351>				<https://panlex.org/snapshot/panlex-20191001-csv/3975#51736344>		"ашқǝс"@ab	
"tˈuŋ"@abz	<https://panlex.org/snapshot/panlex-20191001-csv/3975#51736351>				<https://panlex.org/snapshot/panlex-20191001-csv/3975#51736345>		"ашқǝыс"@ab	
"tˈuŋ"@abz	<https://panlex.org/snapshot/panlex-20191001-csv/3975#51736351>				<https://panlex.org/snapshot/panlex-20191001-csv/3975#51736346>		"ас ̀қǝыс ̀"@ab	
"way"@abz	<https://panlex.org/snapshot/panlex-20191001-csv/3975#51732522>				<https://panlex.org/snapshot/panlex-20191001-csv/3975#51732519>		"аҵых ̀ǝ"@ab	
"way"@abz	<https://panlex.org/snapshot/panlex-20191001-csv/3975#51732522>				<https://panlex.org/snapshot/panlex-20191001-csv/3975#51732518>		"аҵыхǝа"@ab	
"ma"@abz	<https://panlex.org/snapshot/panlex-20191001-csv/3975#51734705>				<https://panlex.org/snapshot/panlex-20191001-csv/3975#51734701>		"да"@ab	
"ma"@abz	<https://panlex.org/snapshot/panlex-20191001-csv/3975#51734705>				<https://panlex.org/snapshot/panlex-20191001-csv/3975#51734702>		"d=a-rban"@ab	
"tokˈu"@abz	<https://panlex.org/snapshot/panlex-20191001-csv/3975#51724862>				<https://panlex.org/snapshot/panlex-20191001-csv/3975#51724856>		"ашьапы"@ab	
"tokˈu"@abz	<https://panlex.org/snapshot/panlex-20191001-csv/3975#51724862>				<https://panlex.org/snapshot/panlex-20191001-csv/3975#51724857>		"ашьапа"@ab	
"ˈata"@abz	<https://panlex.org/snapshot/panlex-20191001-csv/3975#51727054>				<https://panlex.org/snapshot/panlex-20191001-csv/3975#51727051>		"абӷьы"@ab	
"tˈaŋ"@abz	<https://panlex.org/snapshot/panlex-20191001-csv/3975#51725699>				<https://panlex.org/snapshot/panlex-20191001-csv/3975#51725696>		"анапы"@ab	
"kidˈiŋ"@abz	<https://panlex.org/snapshot/panlex-20191001-csv/3975#51731525>				<https://panlex.org/snapshot/panlex-20191001-csv/3975#51731521>		"ахǝҷы"@ab	
"far-i"@abz	<https://panlex.org/snapshot/panlex-20191001-csv/3975#51727896>				<https://panlex.org/snapshot/panlex-20191001-csv/3975#51727893>		"арацǝа"@ab	
"ʔafˈu"@abz	<https://panlex.org/snapshot/panlex-20191001-csv/3975#51724592>				<https://panlex.org/snapshot/panlex-20191001-csv/3975#51724588>		"аҧс ̀ыʒ"@ab	
"ʔafˈu"@abz	<https://panlex.org/snapshot/panlex-20191001-csv/3975#51724592>				<https://panlex.org/snapshot/panlex-20191001-csv/3975#51724587>		"аҧсыʒ"@ab	
"bwˈok-a"@abz	<https://panlex.org/snapshot/panlex-20191001-csv/3975#51735152>				<https://panlex.org/snapshot/panlex-20191001-csv/3975#51735148>		"ахара"@ab	
"bwˈok-a"@abz	<https://panlex.org/snapshot/panlex-20191001-csv/3975#51735152>				<https://panlex.org/snapshot/panlex-20191001-csv/3975#51735149>		"ах ̀ара"@ab	
"birˈa"@abz	<https://panlex.org/snapshot/panlex-20191001-csv/3975#51723877>				<https://panlex.org/snapshot/panlex-20191001-csv/3975#51723873>		"акǝтаӷь"@ab	
"ʔakˈan"@abz	<https://panlex.org/snapshot/panlex-20191001-csv/3975#51721512>				<https://panlex.org/snapshot/panlex-20191001-csv/3975#51721508>		"айқǝаҵǝа"@ab	
"wˈi"@abz	<https://panlex.org/snapshot/panlex-20191001-csv/3975#51732106>				<https://panlex.org/snapshot/panlex-20191001-csv/3975#51732101>		"ахаҳǝ"@ab	
"wˈi"@abz	<https://panlex.org/snapshot/panlex-20191001-csv/3975#51732106>				<https://panlex.org/snapshot/panlex-20191001-csv/3975#51732102>		"ах ̀аҳǝ"@ab	
"ne"@abz	<https://panlex.org/snapshot/panlex-20191001-csv/3975#51723703>				<https://panlex.org/snapshot/panlex-20191001-csv/3975#51723699>		"ˈa=fa-ra"@ab	
"=watˈa"@abz	<https://panlex.org/snapshot/panlex-20191001-csv/3975#51728755>				<https://panlex.org/snapshot/panlex-20191001-csv/3975#51728751>		"ах ̀ǝда"@ab	
"=watˈa"@abz	<https://panlex.org/snapshot/panlex-20191001-csv/3975#51728755>				<https://panlex.org/snapshot/panlex-20191001-csv/3975#51728750>		"ахǝда"@ab	
"mon-i"@abz	<https://panlex.org/snapshot/panlex-20191001-csv/3975#51735822>				<https://panlex.org/snapshot/panlex-20191001-csv/3975#51735818>		"амаҭ"@ab	
"mon-i"@abz	<https://panlex.org/snapshot/panlex-20191001-csv/3975#51722794>				<https://panlex.org/snapshot/panlex-20191001-csv/3975#51722790>		"аҧс ̀ра"@ab	
"mon-i"@abz	<https://panlex.org/snapshot/panlex-20191001-csv/3975#51722794>				<https://panlex.org/snapshot/panlex-20191001-csv/3975#51722789>		"аҧсра"@ab	
"li"@abz	<https://panlex.org/snapshot/panlex-20191001-csv/3975#51724733>				<https://panlex.org/snapshot/panlex-20191001-csv/3975#51724730>		"ˈa=pǝr-ra"@ab	
"nat-"@abz	<https://panlex.org/snapshot/panlex-20191001-csv/3975#51731817>				<https://panlex.org/snapshot/panlex-20191001-csv/3975#51731813>		"агылара"@ab	
"maː"@abz	<https://panlex.org/snapshot/panlex-20191001-csv/3975#51734706>				<https://panlex.org/snapshot/panlex-20191001-csv/3975#51734701>		"да"@ab	
"maː"@abz	<https://panlex.org/snapshot/panlex-20191001-csv/3975#51734706>				<https://panlex.org/snapshot/panlex-20191001-csv/3975#51734702>		"d=a-rban"@ab	
"nˈuku"@abz	<https://panlex.org/snapshot/panlex-20191001-csv/3975#51729504>				<https://panlex.org/snapshot/panlex-20191001-csv/3975#51729501>		"акы"@ab	
"buy"@abz	<https://panlex.org/snapshot/panlex-20191001-csv/3975#51735685>				<https://panlex.org/snapshot/panlex-20191001-csv/3975#51735682>		"акьаҿ"@ab	
"ʔatˈa"@abz	<https://panlex.org/snapshot/panlex-20191001-csv/3975#51727055>				<https://panlex.org/snapshot/panlex-20191001-csv/3975#51727051>		"абӷьы"@ab	
"ta"@abz	<https://panlex.org/snapshot/panlex-20191001-csv/3975#51731369>				<https://panlex.org/snapshot/panlex-20191001-csv/3975#51731366>		"ацǝара"@ab	
"bikˈeŋ"@abz	<https://panlex.org/snapshot/panlex-20191001-csv/3975#51727622>				<https://panlex.org/snapshot/panlex-20191001-csv/3975#51727617>		"аҵ ̀а"@ab	
"bikˈeŋ"@abz	<https://panlex.org/snapshot/panlex-20191001-csv/3975#51727622>				<https://panlex.org/snapshot/panlex-20191001-csv/3975#51727616>		"аҵа"@ab	
"kˈaːn"@abz	<https://panlex.org/snapshot/panlex-20191001-csv/3975#51725288>				<https://panlex.org/snapshot/panlex-20191001-csv/3975#51725284>		"абзиа"@ab	
"mi-d-ˈa"@abz	<https://panlex.org/snapshot/panlex-20191001-csv/3975#51725009>				<https://panlex.org/snapshot/panlex-20191001-csv/3975#51725006>		"азна"@ab	
"tam-a-d-a"@abz	<https://panlex.org/snapshot/panlex-20191001-csv/3975#51724166>				<https://panlex.org/snapshot/panlex-20191001-csv/3975#51724163>		"ашша"@ab	
"far-e-ŋ"@abz	<https://panlex.org/snapshot/panlex-20191001-csv/3975#51727897>				<https://panlex.org/snapshot/panlex-20191001-csv/3975#51727893>		"арацǝа"@ab	
"palˈat-a"@abz	<https://panlex.org/snapshot/panlex-20191001-csv/3975#51722470>				<https://panlex.org/snapshot/panlex-20191001-csv/3975#51722467>		"ахьсǝасǝа"@ab	
"palˈat-a"@abz	<https://panlex.org/snapshot/panlex-20191001-csv/3975#51722470>				<https://panlex.org/snapshot/panlex-20191001-csv/3975#51722466>		"ахьшǝашǝа"@ab	
"fˈih-a"@abz	<https://panlex.org/snapshot/panlex-20191001-csv/3975#51728890>				<https://panlex.org/snapshot/panlex-20191001-csv/3975#51728886>		"аҵ ̀ыц ̀"@ab	
"fˈih-a"@abz	<https://panlex.org/snapshot/panlex-20191001-csv/3975#51728890>				<https://panlex.org/snapshot/panlex-20191001-csv/3975#51728885>		"аҿыц"@ab	
"takey"@abz	<https://panlex.org/snapshot/panlex-20191001-csv/3975#51721374>				<https://panlex.org/snapshot/panlex-20191001-csv/3975#51721371>		"ацҳара"@ab	
"mayo"@abz	<https://panlex.org/snapshot/panlex-20191001-csv/3975#51734859>				<https://panlex.org/snapshot/panlex-20191001-csv/3975#51734853>		"аҧҳǝыс"@ab	
"mayo"@abz	<https://panlex.org/snapshot/panlex-20191001-csv/3975#51734859>				<https://panlex.org/snapshot/panlex-20191001-csv/3975#51734854>		"аҧҳǝыс ̀"@ab	
"fˈaːr-i-ŋ"@abz	<https://panlex.org/snapshot/panlex-20191001-csv/3975#51727899>				<https://panlex.org/snapshot/panlex-20191001-csv/3975#51727893>		"арацǝа"@ab	
"timˈoy"@abz	<https://panlex.org/snapshot/panlex-20191001-csv/3975#51736099>				<https://panlex.org/snapshot/panlex-20191001-csv/3975#51736093>		"аҧша"@ab	
"timˈoy"@abz	<https://panlex.org/snapshot/panlex-20191001-csv/3975#51736099>				<https://panlex.org/snapshot/panlex-20191001-csv/3975#51736094>		"аҧшы"@ab	
"ʔˈay"@abz	<https://panlex.org/snapshot/panlex-20191001-csv/3975#51730241>				<https://panlex.org/snapshot/panlex-20191001-csv/3975#51730237>		"адац"@ab	
"kidˈiŋ"@abz	<https://panlex.org/snapshot/panlex-20191001-csv/3975#51731524>				<https://panlex.org/snapshot/panlex-20191001-csv/3975#51731521>		"ахǝҷы"@ab	
"faheng"@abz	<https://panlex.org/snapshot/panlex-20191001-csv/3975#51726631>				<https://panlex.org/snapshot/panlex-20191001-csv/3975#51726627>		"ашьра"@ab	
"nalˈa"@abz	<https://panlex.org/snapshot/panlex-20191001-csv/3975#51734428>				<https://panlex.org/snapshot/panlex-20191001-csv/3975#51734424>		"йарбан"@ab	
"nalˈa"@abz	<https://panlex.org/snapshot/panlex-20191001-csv/3975#51734428>				<https://panlex.org/snapshot/panlex-20191001-csv/3975#51734423>		"и"@ab	
"tafuda"@abz	<https://panlex.org/snapshot/panlex-20191001-csv/3975#51720551>				<https://panlex.org/snapshot/panlex-20191001-csv/3975#51720548>		"зегьы"@ab	
"we"@abz	<https://panlex.org/snapshot/panlex-20191001-csv/3975#51721651>				<https://panlex.org/snapshot/panlex-20191001-csv/3975#51721648>		"ашьа"@ab	
"kˈik-a"@abz	<https://panlex.org/snapshot/panlex-20191001-csv/3975#51729957>				<https://panlex.org/snapshot/panlex-20191001-csv/3975#51729954>		"аҟаҧшь"@ab	
"=wˈey"@abz	<https://panlex.org/snapshot/panlex-20191001-csv/3975#51723411>				<https://panlex.org/snapshot/panlex-20191001-csv/3975#51723407>		"алымҳа"@ab	
"kˈul-i"@abz	<https://panlex.org/snapshot/panlex-20191001-csv/3975#51734583>				<https://panlex.org/snapshot/panlex-20191001-csv/3975#51734580>		"ашкǝакǝа"@ab	
"bikamoŋ"@abz	<https://panlex.org/snapshot/panlex-20191001-csv/3975#51727352>				<https://panlex.org/snapshot/panlex-20191001-csv/3975#51727349>		"агǝаҵǝа"@ab	
"ʔadˈet"@abz	<https://panlex.org/snapshot/panlex-20191001-csv/3975#51735028>				<https://panlex.org/snapshot/panlex-20191001-csv/3975#51735022>		"аҩежь"@ab	
"ʔadˈet"@abz	<https://panlex.org/snapshot/panlex-20191001-csv/3975#51735028>				<https://panlex.org/snapshot/panlex-20191001-csv/3975#51735023>		"аҩажь"@ab	
"ʔamˈur"@abz	<https://panlex.org/snapshot/panlex-20191001-csv/3975#51724308>				<https://panlex.org/snapshot/panlex-20191001-csv/3975#51724304>		"ахʒы"@ab	
