"vaovao"@plt	<https://panlex.org/snapshot/panlex-20191001-csv/12#851532>				<https://panlex.org/snapshot/panlex-20191001-csv/12#851545>		"tumben"@yua	
"rano"@plt	<https://panlex.org/snapshot/panlex-20191001-csv/12#851046>				<https://panlex.org/snapshot/panlex-20191001-csv/12#851260>		"haʼ"@yua	
"siniben-drano"@plt	<https://panlex.org/snapshot/panlex-20191001-csv/12#851048>				<https://panlex.org/snapshot/panlex-20191001-csv/12#851260>		"haʼ"@yua	
"ráno"@plt	<https://panlex.org/snapshot/panlex-20191001-csv/12#851047>				<https://panlex.org/snapshot/panlex-20191001-csv/12#851260>		"haʼ"@yua	
"orona"@plt	<https://panlex.org/snapshot/panlex-20191001-csv/12#871543>				<https://panlex.org/snapshot/panlex-20191001-csv/12#871589>		"niʼ"@yua	
"vaovao"@plt	<https://panlex.org/snapshot/panlex-20191001-csv/10#557759>				<https://panlex.org/snapshot/panlex-20191001-csv/10#557772>		"tumben"@yua	
