"sprooch"@ksh	<https://panlex.org/snapshot/panlex-20191001-csv/2129#11694330>				<https://panlex.org/snapshot/panlex-20191001-csv/2129#11694352>		"laungue"@xno	
"Deutsche Shprooch"@ksh	<https://panlex.org/snapshot/panlex-20191001-csv/405#13624646>				<https://panlex.org/snapshot/panlex-20191001-csv/405#13624665>		"Allemaund"@xno	
"Franzüüsėsh"@ksh	<https://panlex.org/snapshot/panlex-20191001-csv/405#13624281>				<https://panlex.org/snapshot/panlex-20191001-csv/405#13624302>		"Fraunceis"@xno	
"Katalonisch"@ksh	<https://panlex.org/snapshot/panlex-20191001-csv/405#13622358>				<https://panlex.org/snapshot/panlex-20191001-csv/405#13622372>		"catalan"@xno	
"Brettonish"@ksh	<https://panlex.org/snapshot/panlex-20191001-csv/405#13622059>				<https://panlex.org/snapshot/panlex-20191001-csv/405#13622069>		"Bréton"@xno	
"Kroazije"@ksh	<https://panlex.org/snapshot/panlex-20191001-csv/12#908317>				<https://panlex.org/snapshot/panlex-20191001-csv/12#908335>		"Croatie"@xno	
"Albaanije"@ksh	<https://panlex.org/snapshot/panlex-20191001-csv/12#919898>				<https://panlex.org/snapshot/panlex-20191001-csv/12#919915>		"Albannie"@xno	
"Europäish Unjon"@ksh	<https://panlex.org/snapshot/panlex-20191001-csv/10#650921>				<https://panlex.org/snapshot/panlex-20191001-csv/10#650933>		"Unnion Ûropéenne"@xno	
"Dänemark"@ksh	<https://panlex.org/snapshot/panlex-20191001-csv/10#573932>				<https://panlex.org/snapshot/panlex-20191001-csv/10#573955>		"Dannemar"@xno	
"Boßnije-Hächzegovina"@ksh	<https://panlex.org/snapshot/panlex-20191001-csv/10#760031>				<https://panlex.org/snapshot/panlex-20191001-csv/10#760047>		"Bosnie"@xno	
"Shpaanije"@ksh	<https://panlex.org/snapshot/panlex-20191001-csv/10#642106>				<https://panlex.org/snapshot/panlex-20191001-csv/10#642121>		"Espangne"@xno	
"komeet"@ksh	<https://panlex.org/snapshot/panlex-20191001-csv/11#837307>				<https://panlex.org/snapshot/panlex-20191001-csv/11#837315>		"conmète"@xno	
