"Kashmiri"@ksh	<https://panlex.org/snapshot/panlex-20191001-csv/5945#84393096>				<https://panlex.org/snapshot/panlex-20191001-csv/5945#84393103>		"कश्मीरी"@sa	
"Kashmiirėsch"@ksh	<https://panlex.org/snapshot/panlex-20191001-csv/5945#84393095>				<https://panlex.org/snapshot/panlex-20191001-csv/5945#84393103>		"कश्मीरी"@sa	
"Europa"@ksh	<https://panlex.org/snapshot/panlex-20191001-csv/5949#85308577>				<https://panlex.org/snapshot/panlex-20191001-csv/5949#85308625>		"यूरोप्"@sa	
"Frankreich"@ksh	<https://panlex.org/snapshot/panlex-20191001-csv/5949#85323610>				<https://panlex.org/snapshot/panlex-20191001-csv/5949#85323660>		"फ्रांस"@sa	
"Kashmiirėsch"@ksh	<https://panlex.org/snapshot/panlex-20191001-csv/405#13626727>				<https://panlex.org/snapshot/panlex-20191001-csv/405#13626734>		"कश्मीरी"@sa	
"Kroazije"@ksh	<https://panlex.org/snapshot/panlex-20191001-csv/12#908317>				<https://panlex.org/snapshot/panlex-20191001-csv/12#908346>		"क्रोएशिया"@sa	
"Albaanije"@ksh	<https://panlex.org/snapshot/panlex-20191001-csv/12#919898>				<https://panlex.org/snapshot/panlex-20191001-csv/12#919928>		"अल्बानिया"@sa	
"Dänemark"@ksh	<https://panlex.org/snapshot/panlex-20191001-csv/10#573932>				<https://panlex.org/snapshot/panlex-20191001-csv/10#573975>		"डेनमार्क"@sa	
"Boßnije-Hächzegovina"@ksh	<https://panlex.org/snapshot/panlex-20191001-csv/10#760031>				<https://panlex.org/snapshot/panlex-20191001-csv/10#760059>		"बास्निया"@sa	
