"sprooch"@ksh	<https://panlex.org/snapshot/panlex-20191001-csv/2129#11694330>				<https://panlex.org/snapshot/panlex-20191001-csv/2129#11694335>		"lingua"@la	
"Copernicium"@ksh	<https://panlex.org/snapshot/panlex-20191001-csv/5945#84369081>				<https://panlex.org/snapshot/panlex-20191001-csv/5945#84369082>		"copernicium"@la	
"Afghanistan"@ksh	<https://panlex.org/snapshot/panlex-20191001-csv/5947#84579194>				<https://panlex.org/snapshot/panlex-20191001-csv/5947#84579197>		"Afganistania"@la	
"Afghanistan"@ksh	<https://panlex.org/snapshot/panlex-20191001-csv/5947#84579194>				<https://panlex.org/snapshot/panlex-20191001-csv/5947#84579196>		"Ariana"@la	
"Afghanistan"@ksh	<https://panlex.org/snapshot/panlex-20191001-csv/5947#84579194>				<https://panlex.org/snapshot/panlex-20191001-csv/5947#84579195>		"Afgania"@la	
"Rudkäppche op kölsch"@ksh	<https://panlex.org/snapshot/panlex-20191001-csv/5940#81282053>				<https://panlex.org/snapshot/panlex-20191001-csv/5940#81282054>		"Lacernella Rubra"@la	
"Shpaanije"@ksh	<https://panlex.org/snapshot/panlex-20191001-csv/5940#81280972>				<https://panlex.org/snapshot/panlex-20191001-csv/5940#81280973>		"Hispania"@la	
"Jenua"@ksh	<https://panlex.org/snapshot/panlex-20191001-csv/5939#80834902>				<https://panlex.org/snapshot/panlex-20191001-csv/5939#80834903>		"Genua"@la	
"Budder"@ksh	<https://panlex.org/snapshot/panlex-20191001-csv/5939#80769312>				<https://panlex.org/snapshot/panlex-20191001-csv/5939#80769313>		"butyrum"@la	
"Jaade"@ksh	<https://panlex.org/snapshot/panlex-20191001-csv/5939#80829135>				<https://panlex.org/snapshot/panlex-20191001-csv/5939#80829136>		"hortus"@la	
"Europa"@ksh	<https://panlex.org/snapshot/panlex-20191001-csv/5949#85308577>				<https://panlex.org/snapshot/panlex-20191001-csv/5949#85308579>		"Europa"@la	
"Bibel"@ksh	<https://panlex.org/snapshot/panlex-20191001-csv/5949#85302724>				<https://panlex.org/snapshot/panlex-20191001-csv/5949#85302727>		"Biblia"@la	
"Lüttish"@ksh	<https://panlex.org/snapshot/panlex-20191001-csv/5949#85314834>				<https://panlex.org/snapshot/panlex-20191001-csv/5949#85314835>		"Leodicum"@la	
"Berlin"@ksh	<https://panlex.org/snapshot/panlex-20191001-csv/5949#85302469>				<https://panlex.org/snapshot/panlex-20191001-csv/5949#85302471>		"Berolinum"@la	
"Schottland"@ksh	<https://panlex.org/snapshot/panlex-20191001-csv/5949#85325263>				<https://panlex.org/snapshot/panlex-20191001-csv/5949#85325266>		"Caledonia"@la	
"Schottland"@ksh	<https://panlex.org/snapshot/panlex-20191001-csv/5949#85325263>				<https://panlex.org/snapshot/panlex-20191001-csv/5949#85325265>		"Scotia"@la	
"Frankreich"@ksh	<https://panlex.org/snapshot/panlex-20191001-csv/5949#85323610>				<https://panlex.org/snapshot/panlex-20191001-csv/5949#85323613>		"Gallia"@la	
"Frankreich"@ksh	<https://panlex.org/snapshot/panlex-20191001-csv/5949#85323610>				<https://panlex.org/snapshot/panlex-20191001-csv/5949#85323612>		"Francogallia"@la	
"Frankreich"@ksh	<https://panlex.org/snapshot/panlex-20191001-csv/5949#85323610>				<https://panlex.org/snapshot/panlex-20191001-csv/5949#85323614>		"Francia"@la	
"Pluuto"@ksh	<https://panlex.org/snapshot/panlex-20191001-csv/5949#85318473>				<https://panlex.org/snapshot/panlex-20191001-csv/5949#85318474>		"Pluto"@la	
"Bajore"@ksh	<https://panlex.org/snapshot/panlex-20191001-csv/5949#85301206>				<https://panlex.org/snapshot/panlex-20191001-csv/5949#85301207>		"Bavaria"@la	
"meer"@ksh	<https://panlex.org/snapshot/panlex-20191001-csv/5942#83283229>				<https://panlex.org/snapshot/panlex-20191001-csv/5942#83283232>		"mare"@la	
"booch"@ksh	<https://panlex.org/snapshot/panlex-20191001-csv/5942#83282745>				<https://panlex.org/snapshot/panlex-20191001-csv/5942#83282746>		"liber"@la	
"Deutsche Shprooch"@ksh	<https://panlex.org/snapshot/panlex-20191001-csv/405#13624646>				<https://panlex.org/snapshot/panlex-20191001-csv/405#13624648>		"Lingua Theodisca"@la	
"Deutsche Shprooch"@ksh	<https://panlex.org/snapshot/panlex-20191001-csv/405#13624646>				<https://panlex.org/snapshot/panlex-20191001-csv/405#13624627>		"Lingua Anglica Antiqua"@la	
"Franzüüsėsh"@ksh	<https://panlex.org/snapshot/panlex-20191001-csv/405#13624281>				<https://panlex.org/snapshot/panlex-20191001-csv/405#13624284>		"Lingua Francogallica"@la	
"Franzüüsėsh"@ksh	<https://panlex.org/snapshot/panlex-20191001-csv/405#13624281>				<https://panlex.org/snapshot/panlex-20191001-csv/405#13624318>		"Linguae Australianae"@la	
"Limbůrjs Platt"@ksh	<https://panlex.org/snapshot/panlex-20191001-csv/405#13627649>				<https://panlex.org/snapshot/panlex-20191001-csv/405#13627650>		"Lingua Limburgica"@la	
"Katalonisch"@ksh	<https://panlex.org/snapshot/panlex-20191001-csv/405#13622358>				<https://panlex.org/snapshot/panlex-20191001-csv/405#13622359>		"Lingua Catalana"@la	
"Esperanto"@ksh	<https://panlex.org/snapshot/panlex-20191001-csv/405#13623780>				<https://panlex.org/snapshot/panlex-20191001-csv/405#13623782>		"Esperanto"@la	
"Neederländėsch"@ksh	<https://panlex.org/snapshot/panlex-20191001-csv/405#13623419>				<https://panlex.org/snapshot/panlex-20191001-csv/405#13623420>		"Lingua Batava"@la	
"Novial"@ksh	<https://panlex.org/snapshot/panlex-20191001-csv/405#13629403>				<https://panlex.org/snapshot/panlex-20191001-csv/405#13629404>		"Lingua Novial"@la	
"Luxemborjesh"@ksh	<https://panlex.org/snapshot/panlex-20191001-csv/405#13627953>				<https://panlex.org/snapshot/panlex-20191001-csv/405#13627954>		"Lingua Luxemburgica"@la	
"Brettonish"@ksh	<https://panlex.org/snapshot/panlex-20191001-csv/405#13622059>				<https://panlex.org/snapshot/panlex-20191001-csv/405#13622060>		"Lingua Armoricana"@la	
"Kroazije"@ksh	<https://panlex.org/snapshot/panlex-20191001-csv/12#908317>				<https://panlex.org/snapshot/panlex-20191001-csv/12#908318>		"Croatia"@la	
"Albaanije"@ksh	<https://panlex.org/snapshot/panlex-20191001-csv/12#919898>				<https://panlex.org/snapshot/panlex-20191001-csv/12#919899>		"Albania"@la	
"Europäish Unjon"@ksh	<https://panlex.org/snapshot/panlex-20191001-csv/10#650921>				<https://panlex.org/snapshot/panlex-20191001-csv/10#650922>		"Unio Europaea"@la	
"Dänemark"@ksh	<https://panlex.org/snapshot/panlex-20191001-csv/10#573932>				<https://panlex.org/snapshot/panlex-20191001-csv/10#573935>		"Dania"@la	
"Boßnije-Hächzegovina"@ksh	<https://panlex.org/snapshot/panlex-20191001-csv/10#760031>				<https://panlex.org/snapshot/panlex-20191001-csv/10#760032>		"Bosnia et Herzegovina"@la	
"Shpaanije"@ksh	<https://panlex.org/snapshot/panlex-20191001-csv/10#642106>				<https://panlex.org/snapshot/panlex-20191001-csv/10#642107>		"Hispania"@la	
"Däk"@ksh	<https://panlex.org/snapshot/panlex-20191001-csv/3776#91589326>				<https://panlex.org/snapshot/panlex-20191001-csv/3776#91589327>		"lōdix"@la	
"ald"@ksh	<https://panlex.org/snapshot/panlex-20191001-csv/3776#91654017>				<https://panlex.org/snapshot/panlex-20191001-csv/3776#91654020>		"iam"@la	
"Brußkaßte"@ksh	<https://panlex.org/snapshot/panlex-20191001-csv/3776#91673595>				<https://panlex.org/snapshot/panlex-20191001-csv/3776#91673596>		"pectus"@la	
"Döütschland"@ksh	<https://panlex.org/snapshot/panlex-20191001-csv/3776#91705789>				<https://panlex.org/snapshot/panlex-20191001-csv/3776#91705790>		"Germania"@la	
"Mämme"@ksh	<https://panlex.org/snapshot/panlex-20191001-csv/3776#91673544>				<https://panlex.org/snapshot/panlex-20191001-csv/3776#91673545>		"mamma"@la	
"Krehsch"@ksh	<https://panlex.org/snapshot/panlex-20191001-csv/3776#91639300>				<https://panlex.org/snapshot/panlex-20191001-csv/3776#91639301>		"bellum"@la	
"Haff"@ksh	<https://panlex.org/snapshot/panlex-20191001-csv/3776#91658789>				<https://panlex.org/snapshot/panlex-20191001-csv/3776#91658794>		"carcer"@la	
"Haff"@ksh	<https://panlex.org/snapshot/panlex-20191001-csv/3776#91658818>				<https://panlex.org/snapshot/panlex-20191001-csv/3776#91658832>		"carcer"@la	
"Haff"@ksh	<https://panlex.org/snapshot/panlex-20191001-csv/3776#91658818>				<https://panlex.org/snapshot/panlex-20191001-csv/3776#91658831>		"prisonium"@la	
"Mallevihne"@ksh	<https://panlex.org/snapshot/panlex-20191001-csv/3776#91796620>				<https://panlex.org/snapshot/panlex-20191001-csv/3776#91796626>		"Insulae Malvinae"@la	
"Pinke Pinke"@ksh	<https://panlex.org/snapshot/panlex-20191001-csv/3776#91678973>				<https://panlex.org/snapshot/panlex-20191001-csv/3776#91678977>		"moneta"@la	
"Knooche"@ksh	<https://panlex.org/snapshot/panlex-20191001-csv/3776#91660380>				<https://panlex.org/snapshot/panlex-20191001-csv/3776#91660382>		"os"@la	
"Ihr"@ksh	<https://panlex.org/snapshot/panlex-20191001-csv/3776#91654707>				<https://panlex.org/snapshot/panlex-20191001-csv/3776#91654709>		"spica"@la	
"Frahß"@ksh	<https://panlex.org/snapshot/panlex-20191001-csv/3776#91667132>				<https://panlex.org/snapshot/panlex-20191001-csv/3776#91667135>		"collum"@la	
"Blankenese"@ksh	<https://panlex.org/snapshot/panlex-20191001-csv/3776#91881191>				<https://panlex.org/snapshot/panlex-20191001-csv/3776#91881194>		"Blankenese"@la	
"Zong"@ksh	<https://panlex.org/snapshot/panlex-20191001-csv/3776#91650636>				<https://panlex.org/snapshot/panlex-20191001-csv/3776#91650639>		"lingua"@la	
"Ros"@ksh	<https://panlex.org/snapshot/panlex-20191001-csv/3776#91734571>				<https://panlex.org/snapshot/panlex-20191001-csv/3776#91734573>		"rosa"@la	
"5"@ksh	<https://panlex.org/snapshot/panlex-20191001-csv/3776#91651025>				<https://panlex.org/snapshot/panlex-20191001-csv/3776#91651029>		"quīnque"@la	
"poze"@ksh	<https://panlex.org/snapshot/panlex-20191001-csv/3776#91593822>				<https://panlex.org/snapshot/panlex-20191001-csv/3776#91593826>		"tergere"@la	
"Wez maache"@ksh	<https://panlex.org/snapshot/panlex-20191001-csv/3776#91717985>				<https://panlex.org/snapshot/panlex-20191001-csv/3776#91717986>		"iocari"@la	
"de Mallevihnesche Enselle"@ksh	<https://panlex.org/snapshot/panlex-20191001-csv/3776#91796623>				<https://panlex.org/snapshot/panlex-20191001-csv/3776#91796626>		"Insulae Malvinae"@la	
"Bleistiff"@ksh	<https://panlex.org/snapshot/panlex-20191001-csv/3776#91667332>				<https://panlex.org/snapshot/panlex-20191001-csv/3776#91667337>		"plumbum"@la	
"wieß"@ksh	<https://panlex.org/snapshot/panlex-20191001-csv/3776#91666658>				<https://panlex.org/snapshot/panlex-20191001-csv/3776#91666660>		"albus"@la	
"wieß"@ksh	<https://panlex.org/snapshot/panlex-20191001-csv/3776#91666752>				<https://panlex.org/snapshot/panlex-20191001-csv/3776#91666756>		"albus"@la	
"Marie"@ksh	<https://panlex.org/snapshot/panlex-20191001-csv/3776#91586425>				<https://panlex.org/snapshot/panlex-20191001-csv/3776#91586430>		"pecunia"@la	
"Nüssele"@ksh	<https://panlex.org/snapshot/panlex-20191001-csv/3776#91586423>				<https://panlex.org/snapshot/panlex-20191001-csv/3776#91586430>		"pecunia"@la	
"Pochtojihsesch"@ksh	<https://panlex.org/snapshot/panlex-20191001-csv/3776#91678183>				<https://panlex.org/snapshot/panlex-20191001-csv/3776#91678184>		"lingua Lusitana"@la	
"sauber"@ksh	<https://panlex.org/snapshot/panlex-20191001-csv/3776#91683543>				<https://panlex.org/snapshot/panlex-20191001-csv/3776#91683546>		"mundus"@la	
"sauber"@ksh	<https://panlex.org/snapshot/panlex-20191001-csv/3776#91683543>				<https://panlex.org/snapshot/panlex-20191001-csv/3776#91683545>		"purus"@la	
"Wing vum Ring"@ksh	<https://panlex.org/snapshot/panlex-20191001-csv/3776#91867786>				<https://panlex.org/snapshot/panlex-20191001-csv/3776#91867788>		"vinum Rhenanum"@la	
"Schnih"@ksh	<https://panlex.org/snapshot/panlex-20191001-csv/3776#91631986>				<https://panlex.org/snapshot/panlex-20191001-csv/3776#91631990>		"nix"@la	
"quähle"@ksh	<https://panlex.org/snapshot/panlex-20191001-csv/3776#91788713>				<https://panlex.org/snapshot/panlex-20191001-csv/3776#91788716>		"molestare"@la	
"sin"@ksh	<https://panlex.org/snapshot/panlex-20191001-csv/3776#91691953>				<https://panlex.org/snapshot/panlex-20191001-csv/3776#91691954>		"esse"@la	
"Döütsch"@ksh	<https://panlex.org/snapshot/panlex-20191001-csv/3776#91661396>				<https://panlex.org/snapshot/panlex-20191001-csv/3776#91661397>		"lingua Germana"@la	
"räubere"@ksh	<https://panlex.org/snapshot/panlex-20191001-csv/3776#91714227>				<https://panlex.org/snapshot/panlex-20191001-csv/3776#91714239>		"furari"@la	
"Wööterbooch"@ksh	<https://panlex.org/snapshot/panlex-20191001-csv/3776#91592369>				<https://panlex.org/snapshot/panlex-20191001-csv/3776#91592373>		"dictionarium"@la	
"Wööterbooch"@ksh	<https://panlex.org/snapshot/panlex-20191001-csv/3776#91592369>				<https://panlex.org/snapshot/panlex-20191001-csv/3776#91592372>		"dictionarius"@la	
"ripsche"@ksh	<https://panlex.org/snapshot/panlex-20191001-csv/3776#91714234>				<https://panlex.org/snapshot/panlex-20191001-csv/3776#91714239>		"furari"@la	
"Nüngdel"@ksh	<https://panlex.org/snapshot/panlex-20191001-csv/3776#91853673>				<https://panlex.org/snapshot/panlex-20191001-csv/3776#91853674>		"nonum"@la	
"verflooche"@ksh	<https://panlex.org/snapshot/panlex-20191001-csv/3776#91751178>				<https://panlex.org/snapshot/panlex-20191001-csv/3776#91751182>		"fascinare"@la	
"Huuß"@ksh	<https://panlex.org/snapshot/panlex-20191001-csv/3776#91594247>				<https://panlex.org/snapshot/panlex-20191001-csv/3776#91594248>		"domus"@la	
"dreijenzwanzesch"@ksh	<https://panlex.org/snapshot/panlex-20191001-csv/3776#91704529>				<https://panlex.org/snapshot/panlex-20191001-csv/3776#91704530>		"vigintitres"@la	
"Monete"@ksh	<https://panlex.org/snapshot/panlex-20191001-csv/3776#91586422>				<https://panlex.org/snapshot/panlex-20191001-csv/3776#91586430>		"pecunia"@la	
"Nohkixel"@ksh	<https://panlex.org/snapshot/panlex-20191001-csv/3776#91592370>				<https://panlex.org/snapshot/panlex-20191001-csv/3776#91592373>		"dictionarium"@la	
"Nohkixel"@ksh	<https://panlex.org/snapshot/panlex-20191001-csv/3776#91592370>				<https://panlex.org/snapshot/panlex-20191001-csv/3776#91592372>		"dictionarius"@la	
"Plaz"@ksh	<https://panlex.org/snapshot/panlex-20191001-csv/3776#91649247>				<https://panlex.org/snapshot/panlex-20191001-csv/3776#91649250>		"status"@la	
"Plaz"@ksh	<https://panlex.org/snapshot/panlex-20191001-csv/3776#91649247>				<https://panlex.org/snapshot/panlex-20191001-csv/3776#91649248>		"locus"@la	
"Plaz"@ksh	<https://panlex.org/snapshot/panlex-20191001-csv/3776#91649247>				<https://panlex.org/snapshot/panlex-20191001-csv/3776#91649249>		"positio"@la	
"sicke"@ksh	<https://panlex.org/snapshot/panlex-20191001-csv/3776#91640014>				<https://panlex.org/snapshot/panlex-20191001-csv/3776#91640016>		"mingere"@la	
"schlachahdesch"@ksh	<https://panlex.org/snapshot/panlex-20191001-csv/3776#91688801>				<https://panlex.org/snapshot/panlex-20191001-csv/3776#91688807>		"repente"@la	
"mopse"@ksh	<https://panlex.org/snapshot/panlex-20191001-csv/3776#91714223>				<https://panlex.org/snapshot/panlex-20191001-csv/3776#91714239>		"furari"@la	
"Furrel"@ksh	<https://panlex.org/snapshot/panlex-20191001-csv/3776#91580355>				<https://panlex.org/snapshot/panlex-20191001-csv/3776#91580359>		"avis"@la	
"jähl"@ksh	<https://panlex.org/snapshot/panlex-20191001-csv/3776#91675632>				<https://panlex.org/snapshot/panlex-20191001-csv/3776#91675634>		"flavus"@la	
"jähl"@ksh	<https://panlex.org/snapshot/panlex-20191001-csv/3776#91675748>				<https://panlex.org/snapshot/panlex-20191001-csv/3776#91675750>		"flavus"@la	
"Kanohn"@ksh	<https://panlex.org/snapshot/panlex-20191001-csv/3776#91737199>				<https://panlex.org/snapshot/panlex-20191001-csv/3776#91737200>		"bombardum"@la	
"Kraren"@ksh	<https://panlex.org/snapshot/panlex-20191001-csv/3776#91667131>				<https://panlex.org/snapshot/panlex-20191001-csv/3776#91667135>		"collum"@la	
"Ejejeshponß"@ksh	<https://panlex.org/snapshot/panlex-20191001-csv/3776#91640904>				<https://panlex.org/snapshot/panlex-20191001-csv/3776#91640914>		"uxor"@la	
"Ejejeshponß"@ksh	<https://panlex.org/snapshot/panlex-20191001-csv/3776#91649871>				<https://panlex.org/snapshot/panlex-20191001-csv/3776#91649879>		"maritus"@la	
"Ejewief"@ksh	<https://panlex.org/snapshot/panlex-20191001-csv/3776#91640906>				<https://panlex.org/snapshot/panlex-20191001-csv/3776#91640914>		"uxor"@la	
"besuddelle"@ksh	<https://panlex.org/snapshot/panlex-20191001-csv/3776#91632408>				<https://panlex.org/snapshot/panlex-20191001-csv/3776#91632419>		"inquinō"@la	
"adt"@ksh	<https://panlex.org/snapshot/panlex-20191001-csv/3776#91654016>				<https://panlex.org/snapshot/panlex-20191001-csv/3776#91654020>		"iam"@la	
"Do"@ksh	<https://panlex.org/snapshot/panlex-20191001-csv/3776#91651387>				<https://panlex.org/snapshot/panlex-20191001-csv/3776#91651389>		"tu"@la	
"Hälfte"@ksh	<https://panlex.org/snapshot/panlex-20191001-csv/3776#91675306>				<https://panlex.org/snapshot/panlex-20191001-csv/3776#91675307>		"dimidium"@la	
"Ahl Jrihschesch"@ksh	<https://panlex.org/snapshot/panlex-20191001-csv/3776#91806475>				<https://panlex.org/snapshot/panlex-20191001-csv/3776#91806476>		"Graecum antiquum"@la	
"verroß"@ksh	<https://panlex.org/snapshot/panlex-20191001-csv/3776#91789788>				<https://panlex.org/snapshot/panlex-20191001-csv/3776#91789789>		"aeruginosus"@la	
"ene Wez maache"@ksh	<https://panlex.org/snapshot/panlex-20191001-csv/3776#91717981>				<https://panlex.org/snapshot/panlex-20191001-csv/3776#91717986>		"iocari"@la	
"Peß"@ksh	<https://panlex.org/snapshot/panlex-20191001-csv/3776#91736773>				<https://panlex.org/snapshot/panlex-20191001-csv/3776#91736775>		"urina"@la	
"Dönndreß"@ksh	<https://panlex.org/snapshot/panlex-20191001-csv/3776#91802369>				<https://panlex.org/snapshot/panlex-20191001-csv/3776#91802371>		"alvi profluvium"@la	
"Aanmärkong"@ksh	<https://panlex.org/snapshot/panlex-20191001-csv/3776#91770730>				<https://panlex.org/snapshot/panlex-20191001-csv/3776#91770734>		"annotatio"@la	
"Möhn"@ksh	<https://panlex.org/snapshot/panlex-20191001-csv/3776#91640902>				<https://panlex.org/snapshot/panlex-20191001-csv/3776#91640914>		"uxor"@la	
"Jung"@ksh	<https://panlex.org/snapshot/panlex-20191001-csv/3776#91614285>				<https://panlex.org/snapshot/panlex-20191001-csv/3776#91614289>		"homo"@la	
"beschlabbere"@ksh	<https://panlex.org/snapshot/panlex-20191001-csv/3776#91632412>				<https://panlex.org/snapshot/panlex-20191001-csv/3776#91632419>		"inquinō"@la	
"verross"@ksh	<https://panlex.org/snapshot/panlex-20191001-csv/3776#91789785>				<https://panlex.org/snapshot/panlex-20191001-csv/3776#91789789>		"aeruginosus"@la	
"8"@ksh	<https://panlex.org/snapshot/panlex-20191001-csv/3776#91702855>				<https://panlex.org/snapshot/panlex-20191001-csv/3776#91702858>		"octo"@la	
"Rihf"@ksh	<https://panlex.org/snapshot/panlex-20191001-csv/3776#91822671>				<https://panlex.org/snapshot/panlex-20191001-csv/3776#91822675>		"radula"@la	
"Fleesh"@ksh	<https://panlex.org/snapshot/panlex-20191001-csv/3776#91615256>				<https://panlex.org/snapshot/panlex-20191001-csv/3776#91615258>		"carō"@la	
"drüsch"@ksh	<https://panlex.org/snapshot/panlex-20191001-csv/3776#91673339>				<https://panlex.org/snapshot/panlex-20191001-csv/3776#91673340>		"siccus"@la	
"Papier"@ksh	<https://panlex.org/snapshot/panlex-20191001-csv/3776#91620763>				<https://panlex.org/snapshot/panlex-20191001-csv/3776#91620765>		"charta"@la	
"molästiere"@ksh	<https://panlex.org/snapshot/panlex-20191001-csv/3776#91788712>				<https://panlex.org/snapshot/panlex-20191001-csv/3776#91788716>		"molestare"@la	
"Rögge"@ksh	<https://panlex.org/snapshot/panlex-20191001-csv/3776#91659504>				<https://panlex.org/snapshot/panlex-20191001-csv/3776#91659505>		"tergum"@la	
"Brehf"@ksh	<https://panlex.org/snapshot/panlex-20191001-csv/3776#91612249>				<https://panlex.org/snapshot/panlex-20191001-csv/3776#91612254>		"epistula"@la	
"Ëij"@ksh	<https://panlex.org/snapshot/panlex-20191001-csv/3776#91595516>				<https://panlex.org/snapshot/panlex-20191001-csv/3776#91595518>		"ovum"@la	
"Wind"@ksh	<https://panlex.org/snapshot/panlex-20191001-csv/3776#91640622>				<https://panlex.org/snapshot/panlex-20191001-csv/3776#91640626>		"ventus"@la	
"Schoß"@ksh	<https://panlex.org/snapshot/panlex-20191001-csv/3776#91783859>				<https://panlex.org/snapshot/panlex-20191001-csv/3776#91783860>		"loculus"@la	
"Bedd"@ksh	<https://panlex.org/snapshot/panlex-20191001-csv/3776#91699308>				<https://panlex.org/snapshot/panlex-20191001-csv/3776#91699312>		"lectus"@la	
"Vulkahn"@ksh	<https://panlex.org/snapshot/panlex-20191001-csv/3776#91639177>				<https://panlex.org/snapshot/panlex-20191001-csv/3776#91639178>		"mons ignifer"@la	
"Arrahbesch"@ksh	<https://panlex.org/snapshot/panlex-20191001-csv/3776#91679402>				<https://panlex.org/snapshot/panlex-20191001-csv/3776#91679403>		"lingua Arabica"@la	
"Klengelspötz"@ksh	<https://panlex.org/snapshot/panlex-20191001-csv/3776#91658783>				<https://panlex.org/snapshot/panlex-20191001-csv/3776#91658794>		"carcer"@la	
"wänn"@ksh	<https://panlex.org/snapshot/panlex-20191001-csv/3776#91653690>				<https://panlex.org/snapshot/panlex-20191001-csv/3776#91653692>		"quando"@la	
"Wasser"@ksh	<https://panlex.org/snapshot/panlex-20191001-csv/3776#91639831>				<https://panlex.org/snapshot/panlex-20191001-csv/3776#91639834>		"aqua"@la	
"Woozel"@ksh	<https://panlex.org/snapshot/panlex-20191001-csv/3776#91628604>				<https://panlex.org/snapshot/panlex-20191001-csv/3776#91628606>		"radix"@la	
"Püz"@ksh	<https://panlex.org/snapshot/panlex-20191001-csv/3776#91611248>				<https://panlex.org/snapshot/panlex-20191001-csv/3776#91611252>		"lacus"@la	
"wigg"@ksh	<https://panlex.org/snapshot/panlex-20191001-csv/3776#91673872>				<https://panlex.org/snapshot/panlex-20191001-csv/3776#91673874>		"procul"@la	
"wigg"@ksh	<https://panlex.org/snapshot/panlex-20191001-csv/3776#91673872>				<https://panlex.org/snapshot/panlex-20191001-csv/3776#91673875>		"remotius"@la	
"Jiraff"@ksh	<https://panlex.org/snapshot/panlex-20191001-csv/3776#91698228>				<https://panlex.org/snapshot/panlex-20191001-csv/3776#91698229>		"giraffa"@la	
"Bloom"@ksh	<https://panlex.org/snapshot/panlex-20191001-csv/3776#91601235>				<https://panlex.org/snapshot/panlex-20191001-csv/3776#91601237>		"flos"@la	
"eijmohl"@ksh	<https://panlex.org/snapshot/panlex-20191001-csv/3776#91688805>				<https://panlex.org/snapshot/panlex-20191001-csv/3776#91688807>		"repente"@la	
"Zehndel"@ksh	<https://panlex.org/snapshot/panlex-20191001-csv/3776#91848753>				<https://panlex.org/snapshot/panlex-20191001-csv/3776#91848755>		"decimum"@la	
"Rief"@ksh	<https://panlex.org/snapshot/panlex-20191001-csv/3776#91822673>				<https://panlex.org/snapshot/panlex-20191001-csv/3776#91822675>		"radula"@la	
"risch"@ksh	<https://panlex.org/snapshot/panlex-20191001-csv/3776#91700045>				<https://panlex.org/snapshot/panlex-20191001-csv/3776#91700046>		"dives"@la	
"Draum"@ksh	<https://panlex.org/snapshot/panlex-20191001-csv/3776#91631539>				<https://panlex.org/snapshot/panlex-20191001-csv/3776#91631541>		"somnium"@la	
"Fäänschtrohß"@ksh	<https://panlex.org/snapshot/panlex-20191001-csv/3776#91606632>				<https://panlex.org/snapshot/panlex-20191001-csv/3776#91606634>		"via"@la	
"Vachwoot"@ksh	<https://panlex.org/snapshot/panlex-20191001-csv/3776#91781426>				<https://panlex.org/snapshot/panlex-20191001-csv/3776#91781429>		"terminus technicus"@la	
"Schtäll"@ksh	<https://panlex.org/snapshot/panlex-20191001-csv/3776#91649245>				<https://panlex.org/snapshot/panlex-20191001-csv/3776#91649250>		"status"@la	
"Schtäll"@ksh	<https://panlex.org/snapshot/panlex-20191001-csv/3776#91649245>				<https://panlex.org/snapshot/panlex-20191001-csv/3776#91649248>		"locus"@la	
"Schtäll"@ksh	<https://panlex.org/snapshot/panlex-20191001-csv/3776#91649245>				<https://panlex.org/snapshot/panlex-20191001-csv/3776#91649249>		"positio"@la	
"Kaat"@ksh	<https://panlex.org/snapshot/panlex-20191001-csv/3776#91584339>				<https://panlex.org/snapshot/panlex-20191001-csv/3776#91584342>		"charta"@la	
"seke"@ksh	<https://panlex.org/snapshot/panlex-20191001-csv/3776#91640013>				<https://panlex.org/snapshot/panlex-20191001-csv/3776#91640016>		"mingere"@la	
"Ohvend"@ksh	<https://panlex.org/snapshot/panlex-20191001-csv/3776#91696181>				<https://panlex.org/snapshot/panlex-20191001-csv/3776#91696182>		"vesper"@la	
"Jott der Här"@ksh	<https://panlex.org/snapshot/panlex-20191001-csv/3776#91652082>				<https://panlex.org/snapshot/panlex-20191001-csv/3776#91652083>		"Deus"@la	
"fukakkisch wähde"@ksh	<https://panlex.org/snapshot/panlex-20191001-csv/3776#91779249>				<https://panlex.org/snapshot/panlex-20191001-csv/3776#91779251>		"pūtesco"@la	
"fukakkisch wähde"@ksh	<https://panlex.org/snapshot/panlex-20191001-csv/3776#91779249>				<https://panlex.org/snapshot/panlex-20191001-csv/3776#91779252>		"tābesco"@la	
"Kaffe"@ksh	<https://panlex.org/snapshot/panlex-20191001-csv/3776#91660576>				<https://panlex.org/snapshot/panlex-20191001-csv/3776#91660578>		"coffeum"@la	
"Botter"@ksh	<https://panlex.org/snapshot/panlex-20191001-csv/3776#91654516>				<https://panlex.org/snapshot/panlex-20191001-csv/3776#91654517>		"butyrum"@la	
"Fenger"@ksh	<https://panlex.org/snapshot/panlex-20191001-csv/3776#91660875>				<https://panlex.org/snapshot/panlex-20191001-csv/3776#91660878>		"digitus"@la	
"Franzühsesch"@ksh	<https://panlex.org/snapshot/panlex-20191001-csv/3776#91661257>				<https://panlex.org/snapshot/panlex-20191001-csv/3776#91661258>		"lingua Francogallica"@la	
"Frouminsch"@ksh	<https://panlex.org/snapshot/panlex-20191001-csv/3776#91640840>				<https://panlex.org/snapshot/panlex-20191001-csv/3776#91640846>		"mulier"@la	
"Frouminsch"@ksh	<https://panlex.org/snapshot/panlex-20191001-csv/3776#91640840>				<https://panlex.org/snapshot/panlex-20191001-csv/3776#91640847>		"femina"@la	
"De"@ksh	<https://panlex.org/snapshot/panlex-20191001-csv/3776#91651388>				<https://panlex.org/snapshot/panlex-20191001-csv/3776#91651389>		"tu"@la	
"Bösch"@ksh	<https://panlex.org/snapshot/panlex-20191001-csv/3776#91602246>				<https://panlex.org/snapshot/panlex-20191001-csv/3776#91602248>		"silva"@la	
"Bloohdt"@ksh	<https://panlex.org/snapshot/panlex-20191001-csv/3776#91580599>				<https://panlex.org/snapshot/panlex-20191001-csv/3776#91580601>		"sanguis"@la	
"oprääsch"@ksh	<https://panlex.org/snapshot/panlex-20191001-csv/3776#91671594>				<https://panlex.org/snapshot/panlex-20191001-csv/3776#91671597>		"erectus"@la	
"senge"@ksh	<https://panlex.org/snapshot/panlex-20191001-csv/3776#91655765>				<https://panlex.org/snapshot/panlex-20191001-csv/3776#91655767>		"cantare"@la	
"senge"@ksh	<https://panlex.org/snapshot/panlex-20191001-csv/3776#91655765>				<https://panlex.org/snapshot/panlex-20191001-csv/3776#91655766>		"canere"@la	
"Bäkersfrou"@ksh	<https://panlex.org/snapshot/panlex-20191001-csv/3776#91757812>				<https://panlex.org/snapshot/panlex-20191001-csv/3776#91757814>		"pistor"@la	
"Bäkersfrou"@ksh	<https://panlex.org/snapshot/panlex-20191001-csv/3776#91757812>				<https://panlex.org/snapshot/panlex-20191001-csv/3776#91757815>		"bolengarius"@la	
"Jefängneß"@ksh	<https://panlex.org/snapshot/panlex-20191001-csv/3776#91658785>				<https://panlex.org/snapshot/panlex-20191001-csv/3776#91658794>		"carcer"@la	
"Jefängneß"@ksh	<https://panlex.org/snapshot/panlex-20191001-csv/3776#91658823>				<https://panlex.org/snapshot/panlex-20191001-csv/3776#91658832>		"carcer"@la	
"Jefängneß"@ksh	<https://panlex.org/snapshot/panlex-20191001-csv/3776#91658823>				<https://panlex.org/snapshot/panlex-20191001-csv/3776#91658831>		"prisonium"@la	
"leihß sinn"@ksh	<https://panlex.org/snapshot/panlex-20191001-csv/3776#91856437>				<https://panlex.org/snapshot/panlex-20191001-csv/3776#91856439>		"silere"@la	
"leihß sinn"@ksh	<https://panlex.org/snapshot/panlex-20191001-csv/3776#91856437>				<https://panlex.org/snapshot/panlex-20191001-csv/3776#91856438>		"tacere"@la	
"rein"@ksh	<https://panlex.org/snapshot/panlex-20191001-csv/3776#91683544>				<https://panlex.org/snapshot/panlex-20191001-csv/3776#91683546>		"mundus"@la	
"rein"@ksh	<https://panlex.org/snapshot/panlex-20191001-csv/3776#91683544>				<https://panlex.org/snapshot/panlex-20191001-csv/3776#91683545>		"purus"@la	
"Rouch"@ksh	<https://panlex.org/snapshot/panlex-20191001-csv/3776#91601472>				<https://panlex.org/snapshot/panlex-20191001-csv/3776#91601478>		"fumus"@la	
"joh"@ksh	<https://panlex.org/snapshot/panlex-20191001-csv/3776#91656438>				<https://panlex.org/snapshot/panlex-20191001-csv/3776#91656443>		"sic"@la	
"Beijehunning"@ksh	<https://panlex.org/snapshot/panlex-20191001-csv/3776#91760285>				<https://panlex.org/snapshot/panlex-20191001-csv/3776#91760288>		"mel"@la	
"Bipplijotehk"@ksh	<https://panlex.org/snapshot/panlex-20191001-csv/3776#91612762>				<https://panlex.org/snapshot/panlex-20191001-csv/3776#91612763>		"bibliotheca"@la	
"Deutsch"@ksh	<https://panlex.org/snapshot/panlex-20191001-csv/3776#91661395>				<https://panlex.org/snapshot/panlex-20191001-csv/3776#91661397>		"lingua Germana"@la	
"Kääl"@ksh	<https://panlex.org/snapshot/panlex-20191001-csv/3776#91614287>				<https://panlex.org/snapshot/panlex-20191001-csv/3776#91614289>		"homo"@la	
"Kääl"@ksh	<https://panlex.org/snapshot/panlex-20191001-csv/3776#91649877>				<https://panlex.org/snapshot/panlex-20191001-csv/3776#91649879>		"maritus"@la	
"frößtelle"@ksh	<https://panlex.org/snapshot/panlex-20191001-csv/3776#91602667>				<https://panlex.org/snapshot/panlex-20191001-csv/3776#91602669>		"glaciare"@la	
"frößtelle"@ksh	<https://panlex.org/snapshot/panlex-20191001-csv/3776#91602667>				<https://panlex.org/snapshot/panlex-20191001-csv/3776#91602668>		"gelare"@la	
"alt"@ksh	<https://panlex.org/snapshot/panlex-20191001-csv/3776#91654019>				<https://panlex.org/snapshot/panlex-20191001-csv/3776#91654020>		"iam"@la	
"Sammpßtaach"@ksh	<https://panlex.org/snapshot/panlex-20191001-csv/3776#91702448>				<https://panlex.org/snapshot/panlex-20191001-csv/3776#91702450>		"diēs Saturnī"@la	
"ISO 639"@ksh	<https://panlex.org/snapshot/panlex-20191001-csv/3776#91881373>				<https://panlex.org/snapshot/panlex-20191001-csv/3776#91881376>		"ISO 639"@la	
"ISO 639"@ksh	<https://panlex.org/snapshot/panlex-20191001-csv/3776#91881373>				<https://panlex.org/snapshot/panlex-20191001-csv/3776#91881377>		"ISO 639"@la	
"falle"@ksh	<https://panlex.org/snapshot/panlex-20191001-csv/3776#91658639>				<https://panlex.org/snapshot/panlex-20191001-csv/3776#91658640>		"cadere"@la	
"Beiekorv"@ksh	<https://panlex.org/snapshot/panlex-20191001-csv/3776#91828192>				<https://panlex.org/snapshot/panlex-20191001-csv/3776#91828197>		"apiarium"@la	
"Frounßminsch"@ksh	<https://panlex.org/snapshot/panlex-20191001-csv/3776#91640841>				<https://panlex.org/snapshot/panlex-20191001-csv/3776#91640846>		"mulier"@la	
"Frounßminsch"@ksh	<https://panlex.org/snapshot/panlex-20191001-csv/3776#91640841>				<https://panlex.org/snapshot/panlex-20191001-csv/3776#91640847>		"femina"@la	
"Sengeren"@ksh	<https://panlex.org/snapshot/panlex-20191001-csv/3776#91837043>				<https://panlex.org/snapshot/panlex-20191001-csv/3776#91837044>		"cantrix"@la	
"Affrikka"@ksh	<https://panlex.org/snapshot/panlex-20191001-csv/3776#91573395>				<https://panlex.org/snapshot/panlex-20191001-csv/3776#91573397>		"Africa"@la	
"Schloot"@ksh	<https://panlex.org/snapshot/panlex-20191001-csv/3776#91745041>				<https://panlex.org/snapshot/panlex-20191001-csv/3776#91745043>		"lactuca"@la	
"Biinekorf"@ksh	<https://panlex.org/snapshot/panlex-20191001-csv/3776#91828189>				<https://panlex.org/snapshot/panlex-20191001-csv/3776#91828197>		"apiarium"@la	
"sinn"@ksh	<https://panlex.org/snapshot/panlex-20191001-csv/3776#91674084>				<https://panlex.org/snapshot/panlex-20191001-csv/3776#91674087>		"videre"@la	
"Ping"@ksh	<https://panlex.org/snapshot/panlex-20191001-csv/3776#91662756>				<https://panlex.org/snapshot/panlex-20191001-csv/3776#91662757>		"dolor"@la	
"onbloodesch"@ksh	<https://panlex.org/snapshot/panlex-20191001-csv/3776#91849488>				<https://panlex.org/snapshot/panlex-20191001-csv/3776#91849490>		"incruentus"@la	
"still sein"@ksh	<https://panlex.org/snapshot/panlex-20191001-csv/3776#91816137>				<https://panlex.org/snapshot/panlex-20191001-csv/3776#91816141>		"tacere"@la	
"still sein"@ksh	<https://panlex.org/snapshot/panlex-20191001-csv/3776#91816137>				<https://panlex.org/snapshot/panlex-20191001-csv/3776#91816140>		"silere"@la	
"Ängk"@ksh	<https://panlex.org/snapshot/panlex-20191001-csv/3776#91700824>				<https://panlex.org/snapshot/panlex-20191001-csv/3776#91700825>		"ultima"@la	
"Ängk"@ksh	<https://panlex.org/snapshot/panlex-20191001-csv/3776#91700824>				<https://panlex.org/snapshot/panlex-20191001-csv/3776#91700827>		"ultimum"@la	
"Ängk"@ksh	<https://panlex.org/snapshot/panlex-20191001-csv/3776#91700824>				<https://panlex.org/snapshot/panlex-20191001-csv/3776#91700826>		"ultimus"@la	
"Ängk"@ksh	<https://panlex.org/snapshot/panlex-20191001-csv/3776#91668971>				<https://panlex.org/snapshot/panlex-20191001-csv/3776#91668972>		"finis"@la	
"foll"@ksh	<https://panlex.org/snapshot/panlex-20191001-csv/3776#91676373>				<https://panlex.org/snapshot/panlex-20191001-csv/3776#91676374>		"plenus"@la	
"Pitter-maach-flöck"@ksh	<https://panlex.org/snapshot/panlex-20191001-csv/3776#91802365>				<https://panlex.org/snapshot/panlex-20191001-csv/3776#91802371>		"alvi profluvium"@la	
"Ëttümmolloji"@ksh	<https://panlex.org/snapshot/panlex-20191001-csv/3776#91709856>				<https://panlex.org/snapshot/panlex-20191001-csv/3776#91709857>		"etymologia"@la	
"Medellating"@ksh	<https://panlex.org/snapshot/panlex-20191001-csv/3776#91824531>				<https://panlex.org/snapshot/panlex-20191001-csv/3776#91824533>		"media latina"@la	
"Medellating"@ksh	<https://panlex.org/snapshot/panlex-20191001-csv/3776#91824531>				<https://panlex.org/snapshot/panlex-20191001-csv/3776#91824532>		"lingua media latinitatis"@la	
"Bein"@ksh	<https://panlex.org/snapshot/panlex-20191001-csv/3776#91658888>				<https://panlex.org/snapshot/panlex-20191001-csv/3776#91658890>		"crus"@la	
"Meddelmeer"@ksh	<https://panlex.org/snapshot/panlex-20191001-csv/3776#91647871>				<https://panlex.org/snapshot/panlex-20191001-csv/3776#91647872>		"Mare Mediterraneum"@la	
"Meddelmeer"@ksh	<https://panlex.org/snapshot/panlex-20191001-csv/3776#91647871>				<https://panlex.org/snapshot/panlex-20191001-csv/3776#91647873>		"Mare Nostrum"@la	
"schtell wähde"@ksh	<https://panlex.org/snapshot/panlex-20191001-csv/3776#91816136>				<https://panlex.org/snapshot/panlex-20191001-csv/3776#91816141>		"tacere"@la	
"schtell wähde"@ksh	<https://panlex.org/snapshot/panlex-20191001-csv/3776#91816136>				<https://panlex.org/snapshot/panlex-20191001-csv/3776#91816140>		"silere"@la	
"Pimmel"@ksh	<https://panlex.org/snapshot/panlex-20191001-csv/3776#91652301>				<https://panlex.org/snapshot/panlex-20191001-csv/3776#91652306>		"penis"@la	
"Hillije Maria"@ksh	<https://panlex.org/snapshot/panlex-20191001-csv/3776#91732539>				<https://panlex.org/snapshot/panlex-20191001-csv/3776#91732540>		"Virgo Maria"@la	
"jröhn"@ksh	<https://panlex.org/snapshot/panlex-20191001-csv/3776#91675831>				<https://panlex.org/snapshot/panlex-20191001-csv/3776#91675833>		"viridis"@la	
"laache"@ksh	<https://panlex.org/snapshot/panlex-20191001-csv/3776#91668343>				<https://panlex.org/snapshot/panlex-20191001-csv/3776#91668344>		"ridere"@la	
"jrammatesch Jeschlääsch"@ksh	<https://panlex.org/snapshot/panlex-20191001-csv/3776#91773736>				<https://panlex.org/snapshot/panlex-20191001-csv/3776#91773737>		"genus"@la	
"Fėngonäl"@ksh	<https://panlex.org/snapshot/panlex-20191001-csv/3776#91655441>				<https://panlex.org/snapshot/panlex-20191001-csv/3776#91655442>		"unguis"@la	
"Knass"@ksh	<https://panlex.org/snapshot/panlex-20191001-csv/3776#91658816>				<https://panlex.org/snapshot/panlex-20191001-csv/3776#91658832>		"carcer"@la	
"Knass"@ksh	<https://panlex.org/snapshot/panlex-20191001-csv/3776#91658816>				<https://panlex.org/snapshot/panlex-20191001-csv/3776#91658831>		"prisonium"@la	
"Knass"@ksh	<https://panlex.org/snapshot/panlex-20191001-csv/3776#91658779>				<https://panlex.org/snapshot/panlex-20191001-csv/3776#91658794>		"carcer"@la	
"Schohmaacher"@ksh	<https://panlex.org/snapshot/panlex-20191001-csv/3776#91758104>				<https://panlex.org/snapshot/panlex-20191001-csv/3776#91758105>		"sutor"@la	
"leeje"@ksh	<https://panlex.org/snapshot/panlex-20191001-csv/3776#91674385>				<https://panlex.org/snapshot/panlex-20191001-csv/3776#91674386>		"mentiri"@la	
"Bleischteff"@ksh	<https://panlex.org/snapshot/panlex-20191001-csv/3776#91667331>				<https://panlex.org/snapshot/panlex-20191001-csv/3776#91667337>		"plumbum"@la	
"Wöötekundt"@ksh	<https://panlex.org/snapshot/panlex-20191001-csv/3776#91709855>				<https://panlex.org/snapshot/panlex-20191001-csv/3776#91709857>		"etymologia"@la	
"Beijekörvje"@ksh	<https://panlex.org/snapshot/panlex-20191001-csv/3776#91828194>				<https://panlex.org/snapshot/panlex-20191001-csv/3776#91828197>		"apiarium"@la	
"Fürname"@ksh	<https://panlex.org/snapshot/panlex-20191001-csv/3776#91673789>				<https://panlex.org/snapshot/panlex-20191001-csv/3776#91673791>		"praenōmen"@la	
"Eijenam"@ksh	<https://panlex.org/snapshot/panlex-20191001-csv/3776#91673693>				<https://panlex.org/snapshot/panlex-20191001-csv/3776#91673696>		"nomen"@la	
"beschrängk"@ksh	<https://panlex.org/snapshot/panlex-20191001-csv/3776#91844532>				<https://panlex.org/snapshot/panlex-20191001-csv/3776#91844535>		"bundatus"@la	
"Immehunning"@ksh	<https://panlex.org/snapshot/panlex-20191001-csv/3776#91760283>				<https://panlex.org/snapshot/panlex-20191001-csv/3776#91760288>		"mel"@la	
"Bienekorv"@ksh	<https://panlex.org/snapshot/panlex-20191001-csv/3776#91828190>				<https://panlex.org/snapshot/panlex-20191001-csv/3776#91828197>		"apiarium"@la	
"onbeschnedde"@ksh	<https://panlex.org/snapshot/panlex-20191001-csv/3776#91871200>				<https://panlex.org/snapshot/panlex-20191001-csv/3776#91871201>		"incircumcisus"@la	
"Jong"@ksh	<https://panlex.org/snapshot/panlex-20191001-csv/3776#91614284>				<https://panlex.org/snapshot/panlex-20191001-csv/3776#91614289>		"homo"@la	
"jeföllt"@ksh	<https://panlex.org/snapshot/panlex-20191001-csv/3776#91676369>				<https://panlex.org/snapshot/panlex-20191001-csv/3776#91676374>		"plenus"@la	
"Italljähnesch"@ksh	<https://panlex.org/snapshot/panlex-20191001-csv/3776#91678115>				<https://panlex.org/snapshot/panlex-20191001-csv/3776#91678117>		"lingua Italica"@la	
"Rus"@ksh	<https://panlex.org/snapshot/panlex-20191001-csv/3776#91734570>				<https://panlex.org/snapshot/panlex-20191001-csv/3776#91734573>		"rosa"@la	
"Führ"@ksh	<https://panlex.org/snapshot/panlex-20191001-csv/3776#91600340>				<https://panlex.org/snapshot/panlex-20191001-csv/3776#91600341>		"incendium"@la	
"fääje"@ksh	<https://panlex.org/snapshot/panlex-20191001-csv/3776#91593821>				<https://panlex.org/snapshot/panlex-20191001-csv/3776#91593826>		"tergere"@la	
"jonn"@ksh	<https://panlex.org/snapshot/panlex-20191001-csv/3776#91606000>				<https://panlex.org/snapshot/panlex-20191001-csv/3776#91606005>		"gradior"@la	
"jonn"@ksh	<https://panlex.org/snapshot/panlex-20191001-csv/3776#91606000>				<https://panlex.org/snapshot/panlex-20191001-csv/3776#91606003>		"eō"@la	
"jonn"@ksh	<https://panlex.org/snapshot/panlex-20191001-csv/3776#91606000>				<https://panlex.org/snapshot/panlex-20191001-csv/3776#91606004>		"vādō"@la	
"Jolld"@ksh	<https://panlex.org/snapshot/panlex-20191001-csv/3776#91669843>				<https://panlex.org/snapshot/panlex-20191001-csv/3776#91669844>		"aurum"@la	
"jääl"@ksh	<https://panlex.org/snapshot/panlex-20191001-csv/3776#91675631>				<https://panlex.org/snapshot/panlex-20191001-csv/3776#91675634>		"flavus"@la	
"jääl"@ksh	<https://panlex.org/snapshot/panlex-20191001-csv/3776#91675746>				<https://panlex.org/snapshot/panlex-20191001-csv/3776#91675750>		"flavus"@la	
"Bloodverjeeße"@ksh	<https://panlex.org/snapshot/panlex-20191001-csv/3776#91749659>				<https://panlex.org/snapshot/panlex-20191001-csv/3776#91749665>		"caedes"@la	
"schwatt"@ksh	<https://panlex.org/snapshot/panlex-20191001-csv/3776#91675941>				<https://panlex.org/snapshot/panlex-20191001-csv/3776#91675945>		"niger"@la	
"Rohß"@ksh	<https://panlex.org/snapshot/panlex-20191001-csv/3776#91734572>				<https://panlex.org/snapshot/panlex-20191001-csv/3776#91734573>		"rosa"@la	
"wäsche"@ksh	<https://panlex.org/snapshot/panlex-20191001-csv/3776#91678446>				<https://panlex.org/snapshot/panlex-20191001-csv/3776#91678447>		"lavare"@la	
"blau"@ksh	<https://panlex.org/snapshot/panlex-20191001-csv/3776#91690015>				<https://panlex.org/snapshot/panlex-20191001-csv/3776#91690017>		"caeruleus"@la	
"Pernik"@ksh	<https://panlex.org/snapshot/panlex-20191001-csv/3776#91594556>				<https://panlex.org/snapshot/panlex-20191001-csv/3776#91594561>		"lumbricus"@la	
"friere"@ksh	<https://panlex.org/snapshot/panlex-20191001-csv/3776#91602664>				<https://panlex.org/snapshot/panlex-20191001-csv/3776#91602669>		"glaciare"@la	
"friere"@ksh	<https://panlex.org/snapshot/panlex-20191001-csv/3776#91602664>				<https://panlex.org/snapshot/panlex-20191001-csv/3776#91602668>		"gelare"@la	
"ruhd"@ksh	<https://panlex.org/snapshot/panlex-20191001-csv/3776#91667082>				<https://panlex.org/snapshot/panlex-20191001-csv/3776#91667084>		"rufus"@la	
"ruhd"@ksh	<https://panlex.org/snapshot/panlex-20191001-csv/3776#91667082>				<https://panlex.org/snapshot/panlex-20191001-csv/3776#91667083>		"rubeus"@la	
"ruhd"@ksh	<https://panlex.org/snapshot/panlex-20191001-csv/3776#91667082>				<https://panlex.org/snapshot/panlex-20191001-csv/3776#91667086>		"rubidus"@la	
"ruhd"@ksh	<https://panlex.org/snapshot/panlex-20191001-csv/3776#91667082>				<https://panlex.org/snapshot/panlex-20191001-csv/3776#91667087>		"russeus"@la	
"ruhd"@ksh	<https://panlex.org/snapshot/panlex-20191001-csv/3776#91667082>				<https://panlex.org/snapshot/panlex-20191001-csv/3776#91667088>		"vermiculus"@la	
"ruhd"@ksh	<https://panlex.org/snapshot/panlex-20191001-csv/3776#91667082>				<https://panlex.org/snapshot/panlex-20191001-csv/3776#91667089>		"rubicundus"@la	
"ruhd"@ksh	<https://panlex.org/snapshot/panlex-20191001-csv/3776#91667082>				<https://panlex.org/snapshot/panlex-20191001-csv/3776#91667085>		"ruber"@la	
"Ohvendt"@ksh	<https://panlex.org/snapshot/panlex-20191001-csv/3776#91696180>				<https://panlex.org/snapshot/panlex-20191001-csv/3776#91696182>		"vesper"@la	
"roßtesch"@ksh	<https://panlex.org/snapshot/panlex-20191001-csv/3776#91789786>				<https://panlex.org/snapshot/panlex-20191001-csv/3776#91789789>		"aeruginosus"@la	
"Pompeji"@ksh	<https://panlex.org/snapshot/panlex-20191001-csv/3776#91717150>				<https://panlex.org/snapshot/panlex-20191001-csv/3776#91717151>		"Pompeii"@la	
"fönnef"@ksh	<https://panlex.org/snapshot/panlex-20191001-csv/3776#91651024>				<https://panlex.org/snapshot/panlex-20191001-csv/3776#91651029>		"quīnque"@la	
"Schpehjel"@ksh	<https://panlex.org/snapshot/panlex-20191001-csv/3776#91604392>				<https://panlex.org/snapshot/panlex-20191001-csv/3776#91604393>		"speculum"@la	
"Schpehjel"@ksh	<https://panlex.org/snapshot/panlex-20191001-csv/3776#91604497>				<https://panlex.org/snapshot/panlex-20191001-csv/3776#91604498>		"speculum"@la	
"schtonn"@ksh	<https://panlex.org/snapshot/panlex-20191001-csv/3776#91634142>				<https://panlex.org/snapshot/panlex-20191001-csv/3776#91634144>		"stāre"@la	
"Jemetzel"@ksh	<https://panlex.org/snapshot/panlex-20191001-csv/3776#91749655>				<https://panlex.org/snapshot/panlex-20191001-csv/3776#91749665>		"caedes"@la	
"Mäträß"@ksh	<https://panlex.org/snapshot/panlex-20191001-csv/3776#91713191>				<https://panlex.org/snapshot/panlex-20191001-csv/3776#91713192>		"meretrix"@la	
"Ongerliev"@ksh	<https://panlex.org/snapshot/panlex-20191001-csv/3776#91654936>				<https://panlex.org/snapshot/panlex-20191001-csv/3776#91654938>		"abdomen"@la	
"Plöschprumm"@ksh	<https://panlex.org/snapshot/panlex-20191001-csv/3776#91649008>				<https://panlex.org/snapshot/panlex-20191001-csv/3776#91649009>		"persicum"@la	
"woh"@ksh	<https://panlex.org/snapshot/panlex-20191001-csv/3776#91653630>				<https://panlex.org/snapshot/panlex-20191001-csv/3776#91653632>		"ubi"@la	
"kleue"@ksh	<https://panlex.org/snapshot/panlex-20191001-csv/3776#91714233>				<https://panlex.org/snapshot/panlex-20191001-csv/3776#91714239>		"furari"@la	
"Ovend"@ksh	<https://panlex.org/snapshot/panlex-20191001-csv/3776#91696179>				<https://panlex.org/snapshot/panlex-20191001-csv/3776#91696182>		"vesper"@la	
"Weesh"@ksh	<https://panlex.org/snapshot/panlex-20191001-csv/3776#91640912>				<https://panlex.org/snapshot/panlex-20191001-csv/3776#91640914>		"uxor"@la	
"Weesh"@ksh	<https://panlex.org/snapshot/panlex-20191001-csv/3776#91640838>				<https://panlex.org/snapshot/panlex-20191001-csv/3776#91640846>		"mulier"@la	
"Weesh"@ksh	<https://panlex.org/snapshot/panlex-20191001-csv/3776#91640838>				<https://panlex.org/snapshot/panlex-20191001-csv/3776#91640847>		"femina"@la	
"Spaßmaacher"@ksh	<https://panlex.org/snapshot/panlex-20191001-csv/3776#91683790>				<https://panlex.org/snapshot/panlex-20191001-csv/3776#91683793>		"buffo"@la	
"Spaßmaacher"@ksh	<https://panlex.org/snapshot/panlex-20191001-csv/3776#91683790>				<https://panlex.org/snapshot/panlex-20191001-csv/3776#91683794>		"bufo"@la	
"Breef"@ksh	<https://panlex.org/snapshot/panlex-20191001-csv/3776#91612250>				<https://panlex.org/snapshot/panlex-20191001-csv/3776#91612254>		"epistula"@la	
"Wikkipeedija"@ksh	<https://panlex.org/snapshot/panlex-20191001-csv/3776#91746320>				<https://panlex.org/snapshot/panlex-20191001-csv/3776#91746322>		"Vicipaedia"@la	
"vierenzwanzesch"@ksh	<https://panlex.org/snapshot/panlex-20191001-csv/3776#91704497>				<https://panlex.org/snapshot/panlex-20191001-csv/3776#91704498>		"vigintiquattuor"@la	
"Jüddedom"@ksh	<https://panlex.org/snapshot/panlex-20191001-csv/3776#91768728>				<https://panlex.org/snapshot/panlex-20191001-csv/3776#91768729>		"iudaismus"@la	
"Naach"@ksh	<https://panlex.org/snapshot/panlex-20191001-csv/3776#91653426>				<https://panlex.org/snapshot/panlex-20191001-csv/3776#91653429>		"nox"@la	
"jäl"@ksh	<https://panlex.org/snapshot/panlex-20191001-csv/3776#91675747>				<https://panlex.org/snapshot/panlex-20191001-csv/3776#91675750>		"flavus"@la	
"Wing"@ksh	<https://panlex.org/snapshot/panlex-20191001-csv/3776#91612403>				<https://panlex.org/snapshot/panlex-20191001-csv/3776#91612404>		"vinum"@la	
"Bäker"@ksh	<https://panlex.org/snapshot/panlex-20191001-csv/3776#91757810>				<https://panlex.org/snapshot/panlex-20191001-csv/3776#91757814>		"pistor"@la	
"Bäker"@ksh	<https://panlex.org/snapshot/panlex-20191001-csv/3776#91757810>				<https://panlex.org/snapshot/panlex-20191001-csv/3776#91757815>		"bolengarius"@la	
"Kreeg"@ksh	<https://panlex.org/snapshot/panlex-20191001-csv/3776#91639299>				<https://panlex.org/snapshot/panlex-20191001-csv/3776#91639301>		"bellum"@la	
"vollschmehre"@ksh	<https://panlex.org/snapshot/panlex-20191001-csv/3776#91632405>				<https://panlex.org/snapshot/panlex-20191001-csv/3776#91632419>		"inquinō"@la	
"hüüere"@ksh	<https://panlex.org/snapshot/panlex-20191001-csv/3776#91673953>				<https://panlex.org/snapshot/panlex-20191001-csv/3776#91673956>		"audire"@la	
"luuere"@ksh	<https://panlex.org/snapshot/panlex-20191001-csv/3776#91674085>				<https://panlex.org/snapshot/panlex-20191001-csv/3776#91674087>		"videre"@la	
"Sambsdaach"@ksh	<https://panlex.org/snapshot/panlex-20191001-csv/3776#91702447>				<https://panlex.org/snapshot/panlex-20191001-csv/3776#91702450>		"diēs Saturnī"@la	
"Uur"@ksh	<https://panlex.org/snapshot/panlex-20191001-csv/3776#91606230>				<https://panlex.org/snapshot/panlex-20191001-csv/3776#91606231>		"auris"@la	
"schtälle"@ksh	<https://panlex.org/snapshot/panlex-20191001-csv/3776#91714228>				<https://panlex.org/snapshot/panlex-20191001-csv/3776#91714239>		"furari"@la	
"Blohdbad"@ksh	<https://panlex.org/snapshot/panlex-20191001-csv/3776#91749664>				<https://panlex.org/snapshot/panlex-20191001-csv/3776#91749665>		"caedes"@la	
"Boddem"@ksh	<https://panlex.org/snapshot/panlex-20191001-csv/3776#91611519>				<https://panlex.org/snapshot/panlex-20191001-csv/3776#91611520>		"terra"@la	
"See"@ksh	<https://panlex.org/snapshot/panlex-20191001-csv/3776#91611247>				<https://panlex.org/snapshot/panlex-20191001-csv/3776#91611252>		"lacus"@la	
"Fenahle"@ksh	<https://panlex.org/snapshot/panlex-20191001-csv/3776#91668970>				<https://panlex.org/snapshot/panlex-20191001-csv/3776#91668972>		"finis"@la	
"Bäkersmann"@ksh	<https://panlex.org/snapshot/panlex-20191001-csv/3776#91757813>				<https://panlex.org/snapshot/panlex-20191001-csv/3776#91757814>		"pistor"@la	
"Bäkersmann"@ksh	<https://panlex.org/snapshot/panlex-20191001-csv/3776#91757813>				<https://panlex.org/snapshot/panlex-20191001-csv/3776#91757815>		"bolengarius"@la	
"Stiff"@ksh	<https://panlex.org/snapshot/panlex-20191001-csv/3776#91667329>				<https://panlex.org/snapshot/panlex-20191001-csv/3776#91667337>		"plumbum"@la	
"schtriize"@ksh	<https://panlex.org/snapshot/panlex-20191001-csv/3776#91714225>				<https://panlex.org/snapshot/panlex-20191001-csv/3776#91714239>		"furari"@la	
"Lating"@ksh	<https://panlex.org/snapshot/panlex-20191001-csv/3776#91684379>				<https://panlex.org/snapshot/panlex-20191001-csv/3776#91684381>		"lingua Latina"@la	
"Jëlldshtök"@ksh	<https://panlex.org/snapshot/panlex-20191001-csv/3776#91678972>				<https://panlex.org/snapshot/panlex-20191001-csv/3776#91678977>		"moneta"@la	
"Bläsche Boz"@ksh	<https://panlex.org/snapshot/panlex-20191001-csv/3776#91658792>				<https://panlex.org/snapshot/panlex-20191001-csv/3776#91658794>		"carcer"@la	
"Bläsche Boz"@ksh	<https://panlex.org/snapshot/panlex-20191001-csv/3776#91658828>				<https://panlex.org/snapshot/panlex-20191001-csv/3776#91658832>		"carcer"@la	
"Bläsche Boz"@ksh	<https://panlex.org/snapshot/panlex-20191001-csv/3776#91658828>				<https://panlex.org/snapshot/panlex-20191001-csv/3776#91658831>		"prisonium"@la	
"Penunze"@ksh	<https://panlex.org/snapshot/panlex-20191001-csv/3776#91586424>				<https://panlex.org/snapshot/panlex-20191001-csv/3776#91586430>		"pecunia"@la	
"saare"@ksh	<https://panlex.org/snapshot/panlex-20191001-csv/3776#91678712>				<https://panlex.org/snapshot/panlex-20191001-csv/3776#91678714>		"loquor"@la	
"saare"@ksh	<https://panlex.org/snapshot/panlex-20191001-csv/3776#91678712>				<https://panlex.org/snapshot/panlex-20191001-csv/3776#91678716>		"for"@la	
"saare"@ksh	<https://panlex.org/snapshot/panlex-20191001-csv/3776#91678712>				<https://panlex.org/snapshot/panlex-20191001-csv/3776#91678713>		"dico"@la	
"saare"@ksh	<https://panlex.org/snapshot/panlex-20191001-csv/3776#91678712>				<https://panlex.org/snapshot/panlex-20191001-csv/3776#91678715>		"fabulor"@la	
"Tsong"@ksh	<https://panlex.org/snapshot/panlex-20191001-csv/3776#91650637>				<https://panlex.org/snapshot/panlex-20191001-csv/3776#91650639>		"lingua"@la	
"däkesch maache"@ksh	<https://panlex.org/snapshot/panlex-20191001-csv/3776#91632413>				<https://panlex.org/snapshot/panlex-20191001-csv/3776#91632419>		"inquinō"@la	
"better"@ksh	<https://panlex.org/snapshot/panlex-20191001-csv/3776#91759449>				<https://panlex.org/snapshot/panlex-20191001-csv/3776#91759450>		"amarus"@la	
"Hooremisch"@ksh	<https://panlex.org/snapshot/panlex-20191001-csv/3776#91713186>				<https://panlex.org/snapshot/panlex-20191001-csv/3776#91713192>		"meretrix"@la	
"Här"@ksh	<https://panlex.org/snapshot/panlex-20191001-csv/3776#91652079>				<https://panlex.org/snapshot/panlex-20191001-csv/3776#91652083>		"Deus"@la	
"schtottere"@ksh	<https://panlex.org/snapshot/panlex-20191001-csv/3776#91719614>				<https://panlex.org/snapshot/panlex-20191001-csv/3776#91719615>		"blissare"@la	
"Määdshe"@ksh	<https://panlex.org/snapshot/panlex-20191001-csv/3776#91640842>				<https://panlex.org/snapshot/panlex-20191001-csv/3776#91640846>		"mulier"@la	
"Määdshe"@ksh	<https://panlex.org/snapshot/panlex-20191001-csv/3776#91640842>				<https://panlex.org/snapshot/panlex-20191001-csv/3776#91640847>		"femina"@la	
"Lanndkaat"@ksh	<https://panlex.org/snapshot/panlex-20191001-csv/3776#91584340>				<https://panlex.org/snapshot/panlex-20191001-csv/3776#91584342>		"charta"@la	
"Huh-Wäng-lang-Jäng"@ksh	<https://panlex.org/snapshot/panlex-20191001-csv/3776#91658784>				<https://panlex.org/snapshot/panlex-20191001-csv/3776#91658794>		"carcer"@la	
"Angkör-de-bläck"@ksh	<https://panlex.org/snapshot/panlex-20191001-csv/3776#91673543>				<https://panlex.org/snapshot/panlex-20191001-csv/3776#91673545>		"mamma"@la	
"Steefschwester"@ksh	<https://panlex.org/snapshot/panlex-20191001-csv/3776#91656294>				<https://panlex.org/snapshot/panlex-20191001-csv/3776#91656295>		"vitrici filia"@la	
"Steefschwester"@ksh	<https://panlex.org/snapshot/panlex-20191001-csv/3776#91656294>				<https://panlex.org/snapshot/panlex-20191001-csv/3776#91656296>		"novercae filia"@la	
"Wulk"@ksh	<https://panlex.org/snapshot/panlex-20191001-csv/3776#91586321>				<https://panlex.org/snapshot/panlex-20191001-csv/3776#91586325>		"nubes"@la	
"molesteere"@ksh	<https://panlex.org/snapshot/panlex-20191001-csv/3776#91788715>				<https://panlex.org/snapshot/panlex-20191001-csv/3776#91788716>		"molestare"@la	
"Faachwoot"@ksh	<https://panlex.org/snapshot/panlex-20191001-csv/3776#91781427>				<https://panlex.org/snapshot/panlex-20191001-csv/3776#91781429>		"terminus technicus"@la	
"Doochter"@ksh	<https://panlex.org/snapshot/panlex-20191001-csv/3776#91668663>				<https://panlex.org/snapshot/panlex-20191001-csv/3776#91668665>		"nata"@la	
"Doochter"@ksh	<https://panlex.org/snapshot/panlex-20191001-csv/3776#91668663>				<https://panlex.org/snapshot/panlex-20191001-csv/3776#91668664>		"filia"@la	
"räähß"@ksh	<https://panlex.org/snapshot/panlex-20191001-csv/3776#91646446>				<https://panlex.org/snapshot/panlex-20191001-csv/3776#91646447>		"dextra"@la	
"hallde"@ksh	<https://panlex.org/snapshot/panlex-20191001-csv/3776#91677872>				<https://panlex.org/snapshot/panlex-20191001-csv/3776#91677874>		"tenere"@la	
"kärre"@ksh	<https://panlex.org/snapshot/panlex-20191001-csv/3776#91593824>				<https://panlex.org/snapshot/panlex-20191001-csv/3776#91593826>		"tergere"@la	
"zohmaache"@ksh	<https://panlex.org/snapshot/panlex-20191001-csv/3776#91740480>				<https://panlex.org/snapshot/panlex-20191001-csv/3776#91740481>		"claudo"@la	
"Lattingsch"@ksh	<https://panlex.org/snapshot/panlex-20191001-csv/3776#91684380>				<https://panlex.org/snapshot/panlex-20191001-csv/3776#91684381>		"lingua Latina"@la	
"fukackich wäde"@ksh	<https://panlex.org/snapshot/panlex-20191001-csv/3776#91779250>				<https://panlex.org/snapshot/panlex-20191001-csv/3776#91779251>		"pūtesco"@la	
"fukackich wäde"@ksh	<https://panlex.org/snapshot/panlex-20191001-csv/3776#91779250>				<https://panlex.org/snapshot/panlex-20191001-csv/3776#91779252>		"tābesco"@la	
"Pääd"@ksh	<https://panlex.org/snapshot/panlex-20191001-csv/3776#91597631>				<https://panlex.org/snapshot/panlex-20191001-csv/3776#91597633>		"equus"@la	
"schloofe"@ksh	<https://panlex.org/snapshot/panlex-20191001-csv/3776#91631487>				<https://panlex.org/snapshot/panlex-20191001-csv/3776#91631489>		"dormire"@la	
"voll"@ksh	<https://panlex.org/snapshot/panlex-20191001-csv/3776#91676371>				<https://panlex.org/snapshot/panlex-20191001-csv/3776#91676374>		"plenus"@la	
"ad"@ksh	<https://panlex.org/snapshot/panlex-20191001-csv/3776#91654015>				<https://panlex.org/snapshot/panlex-20191001-csv/3776#91654020>		"iam"@la	
"jraabe"@ksh	<https://panlex.org/snapshot/panlex-20191001-csv/3776#91675158>				<https://panlex.org/snapshot/panlex-20191001-csv/3776#91675160>		"cavare"@la	
"jraabe"@ksh	<https://panlex.org/snapshot/panlex-20191001-csv/3776#91675158>				<https://panlex.org/snapshot/panlex-20191001-csv/3776#91675161>		"fodere"@la	
"Översäzong"@ksh	<https://panlex.org/snapshot/panlex-20191001-csv/3776#91706504>				<https://panlex.org/snapshot/panlex-20191001-csv/3776#91706508>		"translatio"@la	
"Landschtrohß"@ksh	<https://panlex.org/snapshot/panlex-20191001-csv/3776#91606633>				<https://panlex.org/snapshot/panlex-20191001-csv/3776#91606634>		"via"@la	
"Saachwoot"@ksh	<https://panlex.org/snapshot/panlex-20191001-csv/3776#91657990>				<https://panlex.org/snapshot/panlex-20191001-csv/3776#91657993>		"nomen substantivum"@la	
"Aachdel"@ksh	<https://panlex.org/snapshot/panlex-20191001-csv/3776#91853648>				<https://panlex.org/snapshot/panlex-20191001-csv/3776#91853649>		"octavum"@la	
"Fatter"@ksh	<https://panlex.org/snapshot/panlex-20191001-csv/3776#91652011>				<https://panlex.org/snapshot/panlex-20191001-csv/3776#91652012>		"pater"@la	
"Schwanz"@ksh	<https://panlex.org/snapshot/panlex-20191001-csv/3776#91652305>				<https://panlex.org/snapshot/panlex-20191001-csv/3776#91652306>		"penis"@la	
"beschmehre"@ksh	<https://panlex.org/snapshot/panlex-20191001-csv/3776#91632406>				<https://panlex.org/snapshot/panlex-20191001-csv/3776#91632419>		"inquinō"@la	
"komeet"@ksh	<https://panlex.org/snapshot/panlex-20191001-csv/11#837307>				<https://panlex.org/snapshot/panlex-20191001-csv/11#837308>		"comētēs"@la	
"Romeo un Julia"@ksh	<https://panlex.org/snapshot/panlex-20191001-csv/11#804732>				<https://panlex.org/snapshot/panlex-20191001-csv/11#804734>		"Romeus et Iulietta"@la	
"Romeo un Julia"@ksh	<https://panlex.org/snapshot/panlex-20191001-csv/11#804732>				<https://panlex.org/snapshot/panlex-20191001-csv/11#804733>		"Romeus et Iulia"@la	
