"sprooch"@ksh	<https://panlex.org/snapshot/panlex-20191001-csv/2129#11694330>				<https://panlex.org/snapshot/panlex-20191001-csv/2129#11694361>		"lingua"@rm	
"de Rejohn vun Mikronehseje"@ksh	<https://panlex.org/snapshot/panlex-20191001-csv/6898#113614261>				<https://panlex.org/snapshot/panlex-20191001-csv/6898#113614253>		"Regiun Micronesica"@rm	
"Kuhba"@ksh	<https://panlex.org/snapshot/panlex-20191001-csv/6898#113618695>				<https://panlex.org/snapshot/panlex-20191001-csv/6898#113618628>		"Cuba"@rm	
"Mongjolei"@ksh	<https://panlex.org/snapshot/panlex-20191001-csv/6898#113621589>				<https://panlex.org/snapshot/panlex-20191001-csv/6898#113621609>		"Mongolia"@rm	
"Sambija"@ksh	<https://panlex.org/snapshot/panlex-20191001-csv/6898#113617313>				<https://panlex.org/snapshot/panlex-20191001-csv/6898#113617477>		"Sambia"@rm	
"Ujanda"@ksh	<https://panlex.org/snapshot/panlex-20191001-csv/6898#113638006>				<https://panlex.org/snapshot/panlex-20191001-csv/6898#113637961>		"Uganda"@rm	
"Ammerikaanesch Sammoha"@ksh	<https://panlex.org/snapshot/panlex-20191001-csv/6898#113606297>				<https://panlex.org/snapshot/panlex-20191001-csv/6898#113606330>		"Samoa Americana"@rm	
"Wallis un Futuna"@ksh	<https://panlex.org/snapshot/panlex-20191001-csv/6898#113638705>				<https://panlex.org/snapshot/panlex-20191001-csv/6898#113638695>		"Wallis e Futuna"@rm	
"Toojo"@ksh	<https://panlex.org/snapshot/panlex-20191001-csv/6898#113613734>				<https://panlex.org/snapshot/panlex-20191001-csv/6898#113613873>		"Togo"@rm	
"Bukkinna-Faase"@ksh	<https://panlex.org/snapshot/panlex-20191001-csv/6898#113632509>				<https://panlex.org/snapshot/panlex-20191001-csv/6898#113632458>		"Burkina Faso"@rm	
"Mazedoonije"@ksh	<https://panlex.org/snapshot/panlex-20191001-csv/6898#113613215>				<https://panlex.org/snapshot/panlex-20191001-csv/6898#113613282>		"Macedonia"@rm	
"Pakistahn"@ksh	<https://panlex.org/snapshot/panlex-20191001-csv/6898#113606931>				<https://panlex.org/snapshot/panlex-20191001-csv/6898#113606965>		"Pakistan"@rm	
"Urrujwai"@ksh	<https://panlex.org/snapshot/panlex-20191001-csv/6898#113623476>				<https://panlex.org/snapshot/panlex-20191001-csv/6898#113623332>		"Uruguay"@rm	
"Zint Vinzänz un de Jrenadines-Enselle"@ksh	<https://panlex.org/snapshot/panlex-20191001-csv/6898#113611869>				<https://panlex.org/snapshot/panlex-20191001-csv/6898#113611795>		"Saint Vincent e las Grenadinas"@rm	
"Ammärrika"@ksh	<https://panlex.org/snapshot/panlex-20191001-csv/6898#113624611>				<https://panlex.org/snapshot/panlex-20191001-csv/6898#113624509>		"America dal Nord, America Centrala ed America dal Sid"@rm	
"Sammoha"@ksh	<https://panlex.org/snapshot/panlex-20191001-csv/6898#113637424>				<https://panlex.org/snapshot/panlex-20191001-csv/6898#113637423>		"Samoa"@rm	
"Franzüüsesche Södsee-Enselle"@ksh	<https://panlex.org/snapshot/panlex-20191001-csv/6898#113643967>				<https://panlex.org/snapshot/panlex-20191001-csv/6898#113644005>		"Territoris Franzos Meridiunals"@rm	
"Brasilije"@ksh	<https://panlex.org/snapshot/panlex-20191001-csv/6898#113645394>				<https://panlex.org/snapshot/panlex-20191001-csv/6898#113645358>		"Brasila"@rm	
"Kammeruhn"@ksh	<https://panlex.org/snapshot/panlex-20191001-csv/6898#113639105>				<https://panlex.org/snapshot/panlex-20191001-csv/6898#113639123>		"Camerun"@rm	
"Saudi Arraabije"@ksh	<https://panlex.org/snapshot/panlex-20191001-csv/6898#113583490>				<https://panlex.org/snapshot/panlex-20191001-csv/6898#113583531>		"Arabia Saudita"@rm	
"Pallau"@ksh	<https://panlex.org/snapshot/panlex-20191001-csv/6898#113630927>				<https://panlex.org/snapshot/panlex-20191001-csv/6898#113630910>		"Palau"@rm	
"Särbije"@ksh	<https://panlex.org/snapshot/panlex-20191001-csv/6898#113635292>				<https://panlex.org/snapshot/panlex-20191001-csv/6898#113635265>		"Serbia"@rm	
"Franzüüsesch Jujaana"@ksh	<https://panlex.org/snapshot/panlex-20191001-csv/6898#113644457>				<https://panlex.org/snapshot/panlex-20191001-csv/6898#113644446>		"Guyana Franzosa"@rm	
"Tuvalu"@ksh	<https://panlex.org/snapshot/panlex-20191001-csv/6898#113610258>				<https://panlex.org/snapshot/panlex-20191001-csv/6898#113610229>		"Tuvalu"@rm	
"Juadelupp"@ksh	<https://panlex.org/snapshot/panlex-20191001-csv/6898#113614761>				<https://panlex.org/snapshot/panlex-20191001-csv/6898#113614643>		"Guadeloupe"@rm	
"ẞloveenije"@ksh	<https://panlex.org/snapshot/panlex-20191001-csv/6898#113636556>				<https://panlex.org/snapshot/panlex-20191001-csv/6898#113636631>		"Slovenia"@rm	
"Asserbaidschahn"@ksh	<https://panlex.org/snapshot/panlex-20191001-csv/6898#113619250>				<https://panlex.org/snapshot/panlex-20191001-csv/6898#113619291>		"Aserbaidschan"@rm	
"Sjärra Lejone"@ksh	<https://panlex.org/snapshot/panlex-20191001-csv/6898#113637065>				<https://panlex.org/snapshot/panlex-20191001-csv/6898#113637034>		"Sierra Leone"@rm	
"Tadschikistahn"@ksh	<https://panlex.org/snapshot/panlex-20191001-csv/6898#113590138>				<https://panlex.org/snapshot/panlex-20191001-csv/6898#113590209>		"Tadschikistan"@rm	
"Maali"@ksh	<https://panlex.org/snapshot/panlex-20191001-csv/6898#113615136>				<https://panlex.org/snapshot/panlex-20191001-csv/6898#113615015>		"Mali"@rm	
"Öösterisch"@ksh	<https://panlex.org/snapshot/panlex-20191001-csv/6898#113616198>				<https://panlex.org/snapshot/panlex-20191001-csv/6898#113616333>		"Austria"@rm	
"Persije"@ksh	<https://panlex.org/snapshot/panlex-20191001-csv/6898#113626142>				<https://panlex.org/snapshot/panlex-20191001-csv/6898#113626135>		"Iran"@rm	
"Dänemark"@ksh	<https://panlex.org/snapshot/panlex-20191001-csv/6898#113629452>				<https://panlex.org/snapshot/panlex-20191001-csv/6898#113629494>		"Danemarc"@rm	
"Ajjentiinije"@ksh	<https://panlex.org/snapshot/panlex-20191001-csv/6898#113642213>				<https://panlex.org/snapshot/panlex-20191001-csv/6898#113642140>		"Argentinia"@rm	
"Äjüpte"@ksh	<https://panlex.org/snapshot/panlex-20191001-csv/6898#113604461>				<https://panlex.org/snapshot/panlex-20191001-csv/6898#113604480>		"Egipta"@rm	
"de Färrör-Enselle"@ksh	<https://panlex.org/snapshot/panlex-20191001-csv/6898#113608087>				<https://panlex.org/snapshot/panlex-20191001-csv/6898#113608061>		"Inslas Feroe"@rm	
"Bellje"@ksh	<https://panlex.org/snapshot/panlex-20191001-csv/6898#113643606>				<https://panlex.org/snapshot/panlex-20191001-csv/6898#113643431>		"Belgia"@rm	
"Makau"@ksh	<https://panlex.org/snapshot/panlex-20191001-csv/6898#113599480>				<https://panlex.org/snapshot/panlex-20191001-csv/6898#113599548>		"Regiun d’administraziun speziala Macao, China"@rm	
"Austraalije"@ksh	<https://panlex.org/snapshot/panlex-20191001-csv/6898#113631493>				<https://panlex.org/snapshot/panlex-20191001-csv/6898#113631573>		"Australia"@rm	
"de Vereineschte Schtaate vun Amärrika ier ußerhallef jelääje Enselsche"@ksh	<https://panlex.org/snapshot/panlex-20191001-csv/6898#113607134>				<https://panlex.org/snapshot/panlex-20191001-csv/6898#113607059>		"Inslas pitschnas perifericas dals Stadis Unids da l’America"@rm	
"Taiwan"@ksh	<https://panlex.org/snapshot/panlex-20191001-csv/6898#113605145>				<https://panlex.org/snapshot/panlex-20191001-csv/6898#113605150>		"Taiwan"@rm	
"de vereineschte Schtaate vun Ammärrika"@ksh	<https://panlex.org/snapshot/panlex-20191001-csv/6898#113597962>				<https://panlex.org/snapshot/panlex-20191001-csv/6898#113597861>		"Stadis Unids da l’America"@rm	
"de Kokkos-Enselle"@ksh	<https://panlex.org/snapshot/panlex-20191001-csv/6898#113610612>				<https://panlex.org/snapshot/panlex-20191001-csv/6898#113610520>		"Inslas Cocos"@rm	
"Jröhnland"@ksh	<https://panlex.org/snapshot/panlex-20191001-csv/6898#113590737>				<https://panlex.org/snapshot/panlex-20191001-csv/6898#113590760>		"Grönlanda"@rm	
"Neuseeland"@ksh	<https://panlex.org/snapshot/panlex-20191001-csv/6898#113587102>				<https://panlex.org/snapshot/panlex-20191001-csv/6898#113587109>		"Nova Zelanda"@rm	
"Neuschottland"@ksh	<https://panlex.org/snapshot/panlex-20191001-csv/6898#113586657>				<https://panlex.org/snapshot/panlex-20191001-csv/6898#113586522>		"Nova Caledonia"@rm	
"de kapvärdesche Enselle"@ksh	<https://panlex.org/snapshot/panlex-20191001-csv/6898#113629247>				<https://panlex.org/snapshot/panlex-20191001-csv/6898#113629363>		"Cap Verd"@rm	
"Jinneha_Bißau"@ksh	<https://panlex.org/snapshot/panlex-20191001-csv/6898#113616653>				<https://panlex.org/snapshot/panlex-20191001-csv/6898#113616672>		"Guinea-Bissau"@rm	
"ẞlovakei"@ksh	<https://panlex.org/snapshot/panlex-20191001-csv/6898#113614536>				<https://panlex.org/snapshot/panlex-20191001-csv/6898#113614381>		"Slovachia"@rm	
"Ozejahneje"@ksh	<https://panlex.org/snapshot/panlex-20191001-csv/6898#113588105>				<https://panlex.org/snapshot/panlex-20191001-csv/6898#113588100>		"Oceania"@rm	
"Schpaanije"@ksh	<https://panlex.org/snapshot/panlex-20191001-csv/6898#113594560>				<https://panlex.org/snapshot/panlex-20191001-csv/6898#113594584>		"Spagna"@rm	
"Kanada"@ksh	<https://panlex.org/snapshot/panlex-20191001-csv/6898#113595836>				<https://panlex.org/snapshot/panlex-20191001-csv/6898#113595849>		"Canada"@rm	
"Juwatemahla"@ksh	<https://panlex.org/snapshot/panlex-20191001-csv/6898#113600382>				<https://panlex.org/snapshot/panlex-20191001-csv/6898#113600398>		"Guatemala"@rm	
"Söhd-Europpa"@ksh	<https://panlex.org/snapshot/panlex-20191001-csv/6898#113617252>				<https://panlex.org/snapshot/panlex-20191001-csv/6898#113617272>		"Europa dal Sid"@rm	
"Brunei"@ksh	<https://panlex.org/snapshot/panlex-20191001-csv/6898#113616143>				<https://panlex.org/snapshot/panlex-20191001-csv/6898#113616085>		"Brunei"@rm	
"Tokelau"@ksh	<https://panlex.org/snapshot/panlex-20191001-csv/6898#113615792>				<https://panlex.org/snapshot/panlex-20191001-csv/6898#113615781>		"Tokelau"@rm	
"Kambodscha"@ksh	<https://panlex.org/snapshot/panlex-20191001-csv/6898#113591868>				<https://panlex.org/snapshot/panlex-20191001-csv/6898#113591792>		"Cambodscha"@rm	
"Ißland"@ksh	<https://panlex.org/snapshot/panlex-20191001-csv/6898#113601087>				<https://panlex.org/snapshot/panlex-20191001-csv/6898#113600984>		"Islanda"@rm	
"Jinneha"@ksh	<https://panlex.org/snapshot/panlex-20191001-csv/6898#113617741>				<https://panlex.org/snapshot/panlex-20191001-csv/6898#113617753>		"Guinea"@rm	
"Japan"@ksh	<https://panlex.org/snapshot/panlex-20191001-csv/6898#113634796>				<https://panlex.org/snapshot/panlex-20191001-csv/6898#113634918>		"Giapun"@rm	
"Ißraäl"@ksh	<https://panlex.org/snapshot/panlex-20191001-csv/6898#113615463>				<https://panlex.org/snapshot/panlex-20191001-csv/6898#113615299>		"Israel"@rm	
"Söd-Jeorjie un de södlijje Botteramms-Enselle"@ksh	<https://panlex.org/snapshot/panlex-20191001-csv/6898#113621412>				<https://panlex.org/snapshot/panlex-20191001-csv/6898#113621362>		"Georgia dal Sid e las Inslas Sandwich dal Sid"@rm	
"Kolumbije"@ksh	<https://panlex.org/snapshot/panlex-20191001-csv/6898#113620738>				<https://panlex.org/snapshot/panlex-20191001-csv/6898#113620640>		"Columbia"@rm	
"Buttaan"@ksh	<https://panlex.org/snapshot/panlex-20191001-csv/6898#113639729>				<https://panlex.org/snapshot/panlex-20191001-csv/6898#113639649>		"Bhutan"@rm	
"Söd-Koreja"@ksh	<https://panlex.org/snapshot/panlex-20191001-csv/6898#113638797>				<https://panlex.org/snapshot/panlex-20191001-csv/6898#113638905>		"Corea dal Sid"@rm	
"Belize"@ksh	<https://panlex.org/snapshot/panlex-20191001-csv/6898#113608909>				<https://panlex.org/snapshot/panlex-20191001-csv/6898#113609052>		"Belize"@rm	
"Oman"@ksh	<https://panlex.org/snapshot/panlex-20191001-csv/6898#113622504>				<https://panlex.org/snapshot/panlex-20191001-csv/6898#113622656>		"Oman"@rm	
"Afghanistan"@ksh	<https://panlex.org/snapshot/panlex-20191001-csv/5947#84579194>				<https://panlex.org/snapshot/panlex-20191001-csv/5947#84579236>		"Afganistan"@rm	
"Shpaanije"@ksh	<https://panlex.org/snapshot/panlex-20191001-csv/5940#81280972>				<https://panlex.org/snapshot/panlex-20191001-csv/5940#81280996>		"Spagna"@rm	
"Budder"@ksh	<https://panlex.org/snapshot/panlex-20191001-csv/5939#80769312>				<https://panlex.org/snapshot/panlex-20191001-csv/5939#80769322>		"paintg"@rm	
"Europa"@ksh	<https://panlex.org/snapshot/panlex-20191001-csv/5949#85308577>				<https://panlex.org/snapshot/panlex-20191001-csv/5949#85308619>		"l’Europa"@rm	
"Bibel"@ksh	<https://panlex.org/snapshot/panlex-20191001-csv/5949#85302724>				<https://panlex.org/snapshot/panlex-20191001-csv/5949#85302769>		"Bibla"@rm	
"Berlin"@ksh	<https://panlex.org/snapshot/panlex-20191001-csv/5949#85302469>				<https://panlex.org/snapshot/panlex-20191001-csv/5949#85302516>		"Berlin"@rm	
"Schottland"@ksh	<https://panlex.org/snapshot/panlex-20191001-csv/5949#85325263>				<https://panlex.org/snapshot/panlex-20191001-csv/5949#85325292>		"Scozia"@rm	
"Pluuto"@ksh	<https://panlex.org/snapshot/panlex-20191001-csv/5949#85318473>				<https://panlex.org/snapshot/panlex-20191001-csv/5949#85318492>		"Pluto"@rm	
"Bajore"@ksh	<https://panlex.org/snapshot/panlex-20191001-csv/5949#85301206>				<https://panlex.org/snapshot/panlex-20191001-csv/5949#85301232>		"Baviera"@rm	
"Deutsche Shprooch"@ksh	<https://panlex.org/snapshot/panlex-20191001-csv/405#13624646>				<https://panlex.org/snapshot/panlex-20191001-csv/405#13624675>		"lingua tudestga"@rm	
"Franzüüsėsh"@ksh	<https://panlex.org/snapshot/panlex-20191001-csv/405#13624281>				<https://panlex.org/snapshot/panlex-20191001-csv/405#13624312>		"lingua franzosa"@rm	
"Katalonisch"@ksh	<https://panlex.org/snapshot/panlex-20191001-csv/405#13622358>				<https://panlex.org/snapshot/panlex-20191001-csv/405#13622378>		"lingua catalana"@rm	
"Esperanto"@ksh	<https://panlex.org/snapshot/panlex-20191001-csv/405#13623780>				<https://panlex.org/snapshot/panlex-20191001-csv/405#13623801>		"Esperanto"@rm	
"Kroazije"@ksh	<https://panlex.org/snapshot/panlex-20191001-csv/12#908317>				<https://panlex.org/snapshot/panlex-20191001-csv/12#908342>		"Croazia"@rm	
"Albaanije"@ksh	<https://panlex.org/snapshot/panlex-20191001-csv/12#919898>				<https://panlex.org/snapshot/panlex-20191001-csv/12#919924>		"Albania"@rm	
"Dänemark"@ksh	<https://panlex.org/snapshot/panlex-20191001-csv/10#573932>				<https://panlex.org/snapshot/panlex-20191001-csv/10#573969>		"Danemarc"@rm	
"Boßnije-Hächzegovina"@ksh	<https://panlex.org/snapshot/panlex-20191001-csv/10#760031>				<https://panlex.org/snapshot/panlex-20191001-csv/10#760055>		"Bosnia"@rm	
"Shpaanije"@ksh	<https://panlex.org/snapshot/panlex-20191001-csv/10#642106>				<https://panlex.org/snapshot/panlex-20191001-csv/10#642129>		"Spagna"@rm	
