"Kuhba"@ksh	<https://panlex.org/snapshot/panlex-20191001-csv/6898#113618695>				<https://panlex.org/snapshot/panlex-20191001-csv/6898#113618596>		"kuba"@tzm	
"Mongjolei"@ksh	<https://panlex.org/snapshot/panlex-20191001-csv/6898#113621589>				<https://panlex.org/snapshot/panlex-20191001-csv/6898#113621590>		"Manɣulya"@tzm	
"Sambija"@ksh	<https://panlex.org/snapshot/panlex-20191001-csv/6898#113617313>				<https://panlex.org/snapshot/panlex-20191001-csv/6898#113617328>		"Zambya"@tzm	
"Ujanda"@ksh	<https://panlex.org/snapshot/panlex-20191001-csv/6898#113638006>				<https://panlex.org/snapshot/panlex-20191001-csv/6898#113638090>		"Uɣanda"@tzm	
"Ammerikaanesch Sammoha"@ksh	<https://panlex.org/snapshot/panlex-20191001-csv/6898#113606297>				<https://panlex.org/snapshot/panlex-20191001-csv/6898#113606335>		"Samwa Imirikaniyyin"@tzm	
"Wallis un Futuna"@ksh	<https://panlex.org/snapshot/panlex-20191001-csv/6898#113638705>				<https://panlex.org/snapshot/panlex-20191001-csv/6898#113638630>		"Walis d Futuna"@tzm	
"Toojo"@ksh	<https://panlex.org/snapshot/panlex-20191001-csv/6898#113613734>				<https://panlex.org/snapshot/panlex-20191001-csv/6898#113613891>		"Ṭṭugu"@tzm	
"Bukkinna-Faase"@ksh	<https://panlex.org/snapshot/panlex-20191001-csv/6898#113632509>				<https://panlex.org/snapshot/panlex-20191001-csv/6898#113632439>		"Burkina Fasu"@tzm	
"Mazedoonije"@ksh	<https://panlex.org/snapshot/panlex-20191001-csv/6898#113613215>				<https://panlex.org/snapshot/panlex-20191001-csv/6898#113613419>		"Maqdunya"@tzm	
"Pakistahn"@ksh	<https://panlex.org/snapshot/panlex-20191001-csv/6898#113606931>				<https://panlex.org/snapshot/panlex-20191001-csv/6898#113606875>		"Pakistan"@tzm	
"Urrujwai"@ksh	<https://panlex.org/snapshot/panlex-20191001-csv/6898#113623476>				<https://panlex.org/snapshot/panlex-20191001-csv/6898#113623325>		"Urugway"@tzm	
"Zint Vinzänz un de Jrenadines-Enselle"@ksh	<https://panlex.org/snapshot/panlex-20191001-csv/6898#113611869>				<https://panlex.org/snapshot/panlex-20191001-csv/6898#113611956>		"Santevinsent d Grinadin"@tzm	
"Sammoha"@ksh	<https://panlex.org/snapshot/panlex-20191001-csv/6898#113637424>				<https://panlex.org/snapshot/panlex-20191001-csv/6898#113637395>		"Samwa"@tzm	
"Brasilije"@ksh	<https://panlex.org/snapshot/panlex-20191001-csv/6898#113645394>				<https://panlex.org/snapshot/panlex-20191001-csv/6898#113645322>		"Bṛazil"@tzm	
"Kammeruhn"@ksh	<https://panlex.org/snapshot/panlex-20191001-csv/6898#113639105>				<https://panlex.org/snapshot/panlex-20191001-csv/6898#113638992>		"Kamerun"@tzm	
"Saudi Arraabije"@ksh	<https://panlex.org/snapshot/panlex-20191001-csv/6898#113583490>				<https://panlex.org/snapshot/panlex-20191001-csv/6898#113583416>		"Ssaεudiyya Taεrabt"@tzm	
"Pallau"@ksh	<https://panlex.org/snapshot/panlex-20191001-csv/6898#113630927>				<https://panlex.org/snapshot/panlex-20191001-csv/6898#113631009>		"Palu"@tzm	
"Franzüüsesch Jujaana"@ksh	<https://panlex.org/snapshot/panlex-20191001-csv/6898#113644457>				<https://panlex.org/snapshot/panlex-20191001-csv/6898#113644561>		"Guyana Tafransist"@tzm	
"Tuvalu"@ksh	<https://panlex.org/snapshot/panlex-20191001-csv/6898#113610258>				<https://panlex.org/snapshot/panlex-20191001-csv/6898#113610293>		"Ṭuvalu"@tzm	
"Juadelupp"@ksh	<https://panlex.org/snapshot/panlex-20191001-csv/6898#113614761>				<https://panlex.org/snapshot/panlex-20191001-csv/6898#113614675>		"Gwadalup"@tzm	
"ẞloveenije"@ksh	<https://panlex.org/snapshot/panlex-20191001-csv/6898#113636556>				<https://panlex.org/snapshot/panlex-20191001-csv/6898#113636721>		"Sluvinya"@tzm	
"Asserbaidschahn"@ksh	<https://panlex.org/snapshot/panlex-20191001-csv/6898#113619250>				<https://panlex.org/snapshot/panlex-20191001-csv/6898#113619329>		"Azerbiǧan"@tzm	
"Sjärra Lejone"@ksh	<https://panlex.org/snapshot/panlex-20191001-csv/6898#113637065>				<https://panlex.org/snapshot/panlex-20191001-csv/6898#113637054>		"Siralyun"@tzm	
"Tadschikistahn"@ksh	<https://panlex.org/snapshot/panlex-20191001-csv/6898#113590138>				<https://panlex.org/snapshot/panlex-20191001-csv/6898#113590170>		"Ṭaǧikistan"@tzm	
"Maali"@ksh	<https://panlex.org/snapshot/panlex-20191001-csv/6898#113615136>				<https://panlex.org/snapshot/panlex-20191001-csv/6898#113615123>		"Mali"@tzm	
"Öösterisch"@ksh	<https://panlex.org/snapshot/panlex-20191001-csv/6898#113616198>				<https://panlex.org/snapshot/panlex-20191001-csv/6898#113616319>		"Ustriyya"@tzm	
"Persije"@ksh	<https://panlex.org/snapshot/panlex-20191001-csv/6898#113626142>				<https://panlex.org/snapshot/panlex-20191001-csv/6898#113626064>		"Iran"@tzm	
"Dänemark"@ksh	<https://panlex.org/snapshot/panlex-20191001-csv/6898#113629452>				<https://panlex.org/snapshot/panlex-20191001-csv/6898#113629464>		"Danmark"@tzm	
"Ajjentiinije"@ksh	<https://panlex.org/snapshot/panlex-20191001-csv/6898#113642213>				<https://panlex.org/snapshot/panlex-20191001-csv/6898#113642092>		"Arjuntin"@tzm	
"Äjüpte"@ksh	<https://panlex.org/snapshot/panlex-20191001-csv/6898#113604461>				<https://panlex.org/snapshot/panlex-20191001-csv/6898#113604569>		"Miṣr"@tzm	
"Bellje"@ksh	<https://panlex.org/snapshot/panlex-20191001-csv/6898#113643606>				<https://panlex.org/snapshot/panlex-20191001-csv/6898#113643539>		"Beljika"@tzm	
"Austraalije"@ksh	<https://panlex.org/snapshot/panlex-20191001-csv/6898#113631493>				<https://panlex.org/snapshot/panlex-20191001-csv/6898#113631506>		"Usṭralya"@tzm	
"Taiwan"@ksh	<https://panlex.org/snapshot/panlex-20191001-csv/6898#113605145>				<https://panlex.org/snapshot/panlex-20191001-csv/6898#113605196>		"Ṭaywan"@tzm	
"de vereineschte Schtaate vun Ammärrika"@ksh	<https://panlex.org/snapshot/panlex-20191001-csv/6898#113597962>				<https://panlex.org/snapshot/panlex-20191001-csv/6898#113597971>		"Iwunak Idduklen n Amirika"@tzm	
"Jröhnland"@ksh	<https://panlex.org/snapshot/panlex-20191001-csv/6898#113590737>				<https://panlex.org/snapshot/panlex-20191001-csv/6898#113590727>		"Grinlanḍa"@tzm	
"Neuseeland"@ksh	<https://panlex.org/snapshot/panlex-20191001-csv/6898#113587102>				<https://panlex.org/snapshot/panlex-20191001-csv/6898#113587290>		"Zilanḍa Tamaynut"@tzm	
"Neuschottland"@ksh	<https://panlex.org/snapshot/panlex-20191001-csv/6898#113586657>				<https://panlex.org/snapshot/panlex-20191001-csv/6898#113586533>		"kalidunya Tamaynut"@tzm	
"de kapvärdesche Enselle"@ksh	<https://panlex.org/snapshot/panlex-20191001-csv/6898#113629247>				<https://panlex.org/snapshot/panlex-20191001-csv/6898#113629369>		"Tigzirin n Iɣf Uzegzaw"@tzm	
"Jinneha_Bißau"@ksh	<https://panlex.org/snapshot/panlex-20191001-csv/6898#113616653>				<https://panlex.org/snapshot/panlex-20191001-csv/6898#113616643>		"Ɣinya-Bissaw"@tzm	
"ẞlovakei"@ksh	<https://panlex.org/snapshot/panlex-20191001-csv/6898#113614536>				<https://panlex.org/snapshot/panlex-20191001-csv/6898#113614441>		"Sluvakya"@tzm	
"Schpaanije"@ksh	<https://panlex.org/snapshot/panlex-20191001-csv/6898#113594560>				<https://panlex.org/snapshot/panlex-20191001-csv/6898#113594575>		"Sbanya"@tzm	
"Kanada"@ksh	<https://panlex.org/snapshot/panlex-20191001-csv/6898#113595836>				<https://panlex.org/snapshot/panlex-20191001-csv/6898#113595846>		"Kanada"@tzm	
"Juwatemahla"@ksh	<https://panlex.org/snapshot/panlex-20191001-csv/6898#113600382>				<https://panlex.org/snapshot/panlex-20191001-csv/6898#113600480>		"Gwatimala"@tzm	
"Brunei"@ksh	<https://panlex.org/snapshot/panlex-20191001-csv/6898#113616143>				<https://panlex.org/snapshot/panlex-20191001-csv/6898#113616025>		"Brunay"@tzm	
"Tokelau"@ksh	<https://panlex.org/snapshot/panlex-20191001-csv/6898#113615792>				<https://panlex.org/snapshot/panlex-20191001-csv/6898#113615867>		"Tuklu"@tzm	
"Kambodscha"@ksh	<https://panlex.org/snapshot/panlex-20191001-csv/6898#113591868>				<https://panlex.org/snapshot/panlex-20191001-csv/6898#113591876>		"Kambudj"@tzm	
"Ißland"@ksh	<https://panlex.org/snapshot/panlex-20191001-csv/6898#113601087>				<https://panlex.org/snapshot/panlex-20191001-csv/6898#113601111>		"Islanḍa"@tzm	
"Jinneha"@ksh	<https://panlex.org/snapshot/panlex-20191001-csv/6898#113617741>				<https://panlex.org/snapshot/panlex-20191001-csv/6898#113617859>		"Ɣinya"@tzm	
"Japan"@ksh	<https://panlex.org/snapshot/panlex-20191001-csv/6898#113634796>				<https://panlex.org/snapshot/panlex-20191001-csv/6898#113634799>		"Jjappun"@tzm	
"Ißraäl"@ksh	<https://panlex.org/snapshot/panlex-20191001-csv/6898#113615463>				<https://panlex.org/snapshot/panlex-20191001-csv/6898#113615441>		"Israeil"@tzm	
"Kolumbije"@ksh	<https://panlex.org/snapshot/panlex-20191001-csv/6898#113620738>				<https://panlex.org/snapshot/panlex-20191001-csv/6898#113620806>		"Kulumbya"@tzm	
"Buttaan"@ksh	<https://panlex.org/snapshot/panlex-20191001-csv/6898#113639729>				<https://panlex.org/snapshot/panlex-20191001-csv/6898#113639630>		"Buṭan"@tzm	
"Söd-Koreja"@ksh	<https://panlex.org/snapshot/panlex-20191001-csv/6898#113638797>				<https://panlex.org/snapshot/panlex-20191001-csv/6898#113638904>		"Kurya Tunẓult"@tzm	
"Belize"@ksh	<https://panlex.org/snapshot/panlex-20191001-csv/6898#113608909>				<https://panlex.org/snapshot/panlex-20191001-csv/6898#113608910>		"Biliz"@tzm	
"Oman"@ksh	<https://panlex.org/snapshot/panlex-20191001-csv/6898#113622504>				<https://panlex.org/snapshot/panlex-20191001-csv/6898#113622592>		"Ɛumman"@tzm	
