"Berlijn"@zea	<https://panlex.org/snapshot/panlex-20191001-csv/5949#85302566>				<https://panlex.org/snapshot/panlex-20191001-csv/5949#85302464>		"Berlîn"@kmr	
"Berlijn"@zea	<https://panlex.org/snapshot/panlex-20191001-csv/5949#85302566>				<https://panlex.org/snapshot/panlex-20191001-csv/5949#85302465>		"برلین"@kmr	
"Peru"@zea	<https://panlex.org/snapshot/panlex-20191001-csv/5949#85318344>				<https://panlex.org/snapshot/panlex-20191001-csv/5949#85318264>		"Perû"@kmr	
"Gabon"@zea	<https://panlex.org/snapshot/panlex-20191001-csv/5949#85305739>				<https://panlex.org/snapshot/panlex-20191001-csv/5949#85305686>		"Gabon"@kmr	
"Jeruzalem"@zea	<https://panlex.org/snapshot/panlex-20191001-csv/5949#85310057>				<https://panlex.org/snapshot/panlex-20191001-csv/5949#85309964>		"Orşelîm"@kmr	
"Jeruzalem"@zea	<https://panlex.org/snapshot/panlex-20191001-csv/5949#85310057>				<https://panlex.org/snapshot/panlex-20191001-csv/5949#85309965>		"Quds"@kmr	
"Rusland"@zea	<https://panlex.org/snapshot/panlex-20191001-csv/5949#85319645>				<https://panlex.org/snapshot/panlex-20191001-csv/5949#85319510>		"رووسیا"@kmr	
"Rusland"@zea	<https://panlex.org/snapshot/panlex-20191001-csv/5949#85319645>				<https://panlex.org/snapshot/panlex-20191001-csv/5949#85319507>		"Ûristan"@kmr	
"Rusland"@zea	<https://panlex.org/snapshot/panlex-20191001-csv/5949#85319645>				<https://panlex.org/snapshot/panlex-20191001-csv/5949#85319509>		"Rûsya"@kmr	
"Rusland"@zea	<https://panlex.org/snapshot/panlex-20191001-csv/5949#85319645>				<https://panlex.org/snapshot/panlex-20191001-csv/5949#85319508>		"Ûris"@kmr	
"Rusland"@zea	<https://panlex.org/snapshot/panlex-20191001-csv/5949#85319645>				<https://panlex.org/snapshot/panlex-20191001-csv/5949#85319511>		"ئوورستان"@kmr	
"Rusland"@zea	<https://panlex.org/snapshot/panlex-20191001-csv/5949#85319645>				<https://panlex.org/snapshot/panlex-20191001-csv/5949#85319512>		"ئوورس"@kmr	
"Australië"@zea	<https://panlex.org/snapshot/panlex-20191001-csv/5949#85298256>				<https://panlex.org/snapshot/panlex-20191001-csv/5949#85298163>		"Awistralya"@kmr	
"Biebel"@zea	<https://panlex.org/snapshot/panlex-20191001-csv/5949#85302830>				<https://panlex.org/snapshot/panlex-20191001-csv/5949#85302719>		"Kitêba Pîroz"@kmr	
"zeê"@zea	<https://panlex.org/snapshot/panlex-20191001-csv/5942#83283294>				<https://panlex.org/snapshot/panlex-20191001-csv/5942#83283224>		"derya"@kmr	
"geschiedenisse"@zea	<https://panlex.org/snapshot/panlex-20191001-csv/5942#83282349>				<https://panlex.org/snapshot/panlex-20191001-csv/5942#83282274>		"dîrok"@kmr	
"Tagalog"@zea	<https://panlex.org/snapshot/panlex-20191001-csv/405#13632481>				<https://panlex.org/snapshot/panlex-20191001-csv/405#13632460>		"tagalogî"@kmr	
"Nederlands"@zea	<https://panlex.org/snapshot/panlex-20191001-csv/405#13623461>				<https://panlex.org/snapshot/panlex-20191001-csv/405#13623417>		"zimanê holandî"@kmr	
"Poôls"@zea	<https://panlex.org/snapshot/panlex-20191001-csv/405#13630196>				<https://panlex.org/snapshot/panlex-20191001-csv/405#13630159>		"zimanê polonî"@kmr	
