"caralong"@ibg	<https://panlex.org/snapshot/panlex-20191001-csv/114#8064092>				<https://panlex.org/snapshot/panlex-20191001-csv/114#8064051>		"ʼkɛsse"@emw	
"zila"@ibg	<https://panlex.org/snapshot/panlex-20191001-csv/114#8067739>				<https://panlex.org/snapshot/panlex-20191001-csv/114#8067702>		"ʼnupe"@emw	
"tab-bi-c"@ibg	<https://panlex.org/snapshot/panlex-20191001-csv/114#8057381>				<https://panlex.org/snapshot/panlex-20191001-csv/114#8057345>		"ʼtuvijɛʔ"@emw	
"tu-llang"@ibg	<https://panlex.org/snapshot/panlex-20191001-csv/114#8058960>				<https://panlex.org/snapshot/panlex-20191001-csv/114#8058925>		"ruʼwilijɛʔ"@emw	
"dalan"@ibg	<https://panlex.org/snapshot/panlex-20191001-csv/114#8054402>				<https://panlex.org/snapshot/panlex-20191001-csv/114#8054365>		"ʼasse"@emw	
"igung"@ibg	<https://panlex.org/snapshot/panlex-20191001-csv/114#8065178>				<https://panlex.org/snapshot/panlex-20191001-csv/114#8065137>		"ʼitte"@emw	
"maggalo-c"@ibg	<https://panlex.org/snapshot/panlex-20191001-csv/114#8068266>				<https://panlex.org/snapshot/panlex-20191001-csv/114#8068228>		"ʼlɛmun"@emw	
