"caralong"@ibg	<https://panlex.org/snapshot/panlex-20191001-csv/114#8064092>				<https://panlex.org/snapshot/panlex-20191001-csv/114#8064213>		"diuŋ"@mhy	
"zila"@ibg	<https://panlex.org/snapshot/panlex-20191001-csv/114#8067739>				<https://panlex.org/snapshot/panlex-20191001-csv/114#8067860>		"lelaʔ"@mhy	
"tab-bi-c"@ibg	<https://panlex.org/snapshot/panlex-20191001-csv/114#8057381>				<https://panlex.org/snapshot/panlex-20191001-csv/114#8057504>		"kudit"@mhy	
"tu-llang"@ibg	<https://panlex.org/snapshot/panlex-20191001-csv/114#8058960>				<https://panlex.org/snapshot/panlex-20191001-csv/114#8059081>		"taʔulaŋ"@mhy	
"dalan"@ibg	<https://panlex.org/snapshot/panlex-20191001-csv/114#8054402>				<https://panlex.org/snapshot/panlex-20191001-csv/114#8054506>		"lalan"@mhy	
"sinay"@ibg	<https://panlex.org/snapshot/panlex-20191001-csv/114#8059453>				<https://panlex.org/snapshot/panlex-20191001-csv/114#8059564>		"sanaʔi"@mhy	
"maganas-sing"@ibg	<https://panlex.org/snapshot/panlex-20191001-csv/114#8062504>				<https://panlex.org/snapshot/panlex-20191001-csv/114#8062635>		"aŋheʔey"@mhy	
"igung"@ibg	<https://panlex.org/snapshot/panlex-20191001-csv/114#8065178>				<https://panlex.org/snapshot/panlex-20191001-csv/114#8065306>		"uruŋ"@mhy	
"maggalo-c"@ibg	<https://panlex.org/snapshot/panlex-20191001-csv/114#8068266>				<https://panlex.org/snapshot/panlex-20191001-csv/114#8068391>		"kakihiʔ"@mhy	
"madapíng"@ibg	<https://panlex.org/snapshot/panlex-20191001-csv/114#8056407>				<https://panlex.org/snapshot/panlex-20191001-csv/114#8056528>		"murun"@mhy	
