"danum"@ibg	<https://panlex.org/snapshot/panlex-20191001-csv/12#850958>				<https://panlex.org/snapshot/panlex-20191001-csv/12#850927>		"tah"@gfk	
"zila"@ibg	<https://panlex.org/snapshot/panlex-20191001-csv/114#8067739>				<https://panlex.org/snapshot/panlex-20191001-csv/114#8067720>		"karane"@gfk	
"tab-bi-c"@ibg	<https://panlex.org/snapshot/panlex-20191001-csv/114#8057381>				<https://panlex.org/snapshot/panlex-20191001-csv/114#8057362>		"palina"@gfk	
"tu-llang"@ibg	<https://panlex.org/snapshot/panlex-20191001-csv/114#8058960>				<https://panlex.org/snapshot/panlex-20191001-csv/114#8058942>		"sur"@gfk	
"dalan"@ibg	<https://panlex.org/snapshot/panlex-20191001-csv/114#8054402>				<https://panlex.org/snapshot/panlex-20191001-csv/114#8054384>		"ngas"@gfk	
"sinay"@ibg	<https://panlex.org/snapshot/panlex-20191001-csv/114#8059453>				<https://panlex.org/snapshot/panlex-20191001-csv/114#8059435>		"pokona bala"@gfk	
"maganas-sing"@ibg	<https://panlex.org/snapshot/panlex-20191001-csv/114#8062504>				<https://panlex.org/snapshot/panlex-20191001-csv/114#8062482>		"burut"@gfk	
"igung"@ibg	<https://panlex.org/snapshot/panlex-20191001-csv/114#8065178>				<https://panlex.org/snapshot/panlex-20191001-csv/114#8065158>		"ngarngar"@gfk	
"maggalo-c"@ibg	<https://panlex.org/snapshot/panlex-20191001-csv/114#8068266>				<https://panlex.org/snapshot/panlex-20191001-csv/114#8068246>		"kurus"@gfk	
"madapíng"@ibg	<https://panlex.org/snapshot/panlex-20191001-csv/114#8056407>				<https://panlex.org/snapshot/panlex-20191001-csv/114#8056385>		"bilinge"@gfk	
