"verde"@ro	<https://panlex.org/snapshot/panlex-20191001-csv/17#1009637>				<https://panlex.org/snapshot/panlex-20191001-csv/17#1009628>		"grøn"@da	
"doi"@ro	<https://panlex.org/snapshot/panlex-20191001-csv/17#1011002>				<https://panlex.org/snapshot/panlex-20191001-csv/17#1010989>		"to"@da	
"unu"@ro	<https://panlex.org/snapshot/panlex-20191001-csv/17#1011020>				<https://panlex.org/snapshot/panlex-20191001-csv/17#1011007>		"en"@da	
"patru"@ro	<https://panlex.org/snapshot/panlex-20191001-csv/17#1010874>				<https://panlex.org/snapshot/panlex-20191001-csv/17#1010861>		"fire"@da	
"Română"@ro	<https://panlex.org/snapshot/panlex-20191001-csv/17#1010586>				<https://panlex.org/snapshot/panlex-20191001-csv/17#1010548>		"Rumænsk"@da	
"trei"@ro	<https://panlex.org/snapshot/panlex-20191001-csv/17#1010855>				<https://panlex.org/snapshot/panlex-20191001-csv/17#1010842>		"tre"@da	
"cinci"@ro	<https://panlex.org/snapshot/panlex-20191001-csv/17#1010893>				<https://panlex.org/snapshot/panlex-20191001-csv/17#1010880>		"fem"@da	
