"taku"@abs	<https://panlex.org/snapshot/panlex-20191001-csv/114#8062370>				<https://panlex.org/snapshot/panlex-20191001-csv/114#8062502>		"outen"@iai	
"taŋaŋ"@abs	<https://panlex.org/snapshot/panlex-20191001-csv/114#8051622>				<https://panlex.org/snapshot/panlex-20191001-csv/114#8051770>		"beñi-"@iai	
"dataŋ"@abs	<https://panlex.org/snapshot/panlex-20191001-csv/114#8054761>				<https://panlex.org/snapshot/panlex-20191001-csv/114#8054890>		"aiə"@iai	
"idoŋ"@abs	<https://panlex.org/snapshot/panlex-20191001-csv/114#8065035>				<https://panlex.org/snapshot/panlex-20191001-csv/114#8065176>		"hñiŋəiñ"@iai	
"barnaŋ"@abs	<https://panlex.org/snapshot/panlex-20191001-csv/114#8055751>				<https://panlex.org/snapshot/panlex-20191001-csv/114#8055884>		"haai"@iai	
"banapas"@abs	<https://panlex.org/snapshot/panlex-20191001-csv/114#8065579>				<https://panlex.org/snapshot/panlex-20191001-csv/114#8065691>		"ho|menɔ"@iai	
"badaki"@abs	<https://panlex.org/snapshot/panlex-20191001-csv/114#8056277>				<https://panlex.org/snapshot/panlex-20191001-csv/114#8056405>		"kɔnɔ"@iai	
"kiri"@abs	<https://panlex.org/snapshot/panlex-20191001-csv/114#8052187>				<https://panlex.org/snapshot/panlex-20191001-csv/114#8052307>		"me"@iai	
"kapala"@abs	<https://panlex.org/snapshot/panlex-20191001-csv/114#8063393>				<https://panlex.org/snapshot/panlex-20191001-csv/114#8063545>		"ba-"@iai	
"meŋo"@abs	<https://panlex.org/snapshot/panlex-20191001-csv/114#8055264>				<https://panlex.org/snapshot/panlex-20191001-csv/114#8055388>		"hwiə"@iai	
