"tyosu"@azg	<https://panlex.org/snapshot/panlex-20191001-csv/3776#91793108>				<https://panlex.org/snapshot/panlex-20191001-csv/3776#91793152>		"kunić"@hr	
"kísjaⁿ"@azg	<https://panlex.org/snapshot/panlex-20191001-csv/3776#91675699>				<https://panlex.org/snapshot/panlex-20191001-csv/3776#91675729>		"žut"@hr	
"kísjaⁿ"@azg	<https://panlex.org/snapshot/panlex-20191001-csv/3776#91675699>				<https://panlex.org/snapshot/panlex-20191001-csv/3776#91675730>		"žuta"@hr	
"kíntoⁿ"@azg	<https://panlex.org/snapshot/panlex-20191001-csv/3776#91675893>				<https://panlex.org/snapshot/panlex-20191001-csv/3776#91675922>		"crna"@hr	
"be"@azg	<https://panlex.org/snapshot/panlex-20191001-csv/3776#91666943>				<https://panlex.org/snapshot/panlex-20191001-csv/3776#91666980>		"crvena"@hr	
"kíchʼi"@azg	<https://panlex.org/snapshot/panlex-20191001-csv/3776#91579107>				<https://panlex.org/snapshot/panlex-20191001-csv/3776#91579160>		"pčele"@hr	
"kítzueʼ"@azg	<https://panlex.org/snapshot/panlex-20191001-csv/3776#91583081>				<https://panlex.org/snapshot/panlex-20191001-csv/3776#91583123>		"pas"@hr	
"ʼoⁿ"@azg	<https://panlex.org/snapshot/panlex-20191001-csv/3776#91650940>				<https://panlex.org/snapshot/panlex-20191001-csv/3776#91650999>		"pet"@hr	
"ISO 639"@azg	<https://panlex.org/snapshot/panlex-20191001-csv/3776#91881307>				<https://panlex.org/snapshot/panlex-20191001-csv/3776#91881358>		"ISO 639"@hr	
