"ve"@mvd	<https://panlex.org/snapshot/panlex-20191001-csv/12#851069>				<https://panlex.org/snapshot/panlex-20191001-csv/12#851227>		"dalom"@uun	
"ve"@mvd	<https://panlex.org/snapshot/panlex-20191001-csv/12#851069>				<https://panlex.org/snapshot/panlex-20191001-csv/12#851228>		"dalúm"@uun	
"ve"@mvd	<https://panlex.org/snapshot/panlex-20191001-csv/12#851069>				<https://panlex.org/snapshot/panlex-20191001-csv/12#851229>		"darūm"@uun	
"undu"@mvd	<https://panlex.org/snapshot/panlex-20191001-csv/114#8067368>				<https://panlex.org/snapshot/panlex-20191001-csv/114#8067562>		"lipeung"@uun	
"undu"@mvd	<https://panlex.org/snapshot/panlex-20191001-csv/114#8067368>				<https://panlex.org/snapshot/panlex-20191001-csv/114#8067564>		"rupun"@uun	
"undu"@mvd	<https://panlex.org/snapshot/panlex-20191001-csv/114#8067368>				<https://panlex.org/snapshot/panlex-20191001-csv/114#8067563>		"ləpə́ŋ"@uun	
"wonggu"@mvd	<https://panlex.org/snapshot/panlex-20191001-csv/114#8058043>				<https://panlex.org/snapshot/panlex-20191001-csv/114#8058226>		"bukún"@uun	
"koku"@mvd	<https://panlex.org/snapshot/panlex-20191001-csv/114#8064240>				<https://panlex.org/snapshot/panlex-20191001-csv/114#8064435>		"haho"@uun	
"koku"@mvd	<https://panlex.org/snapshot/panlex-20191001-csv/114#8064240>				<https://panlex.org/snapshot/panlex-20191001-csv/114#8064436>		"hahoʼ"@uun	
"koku"@mvd	<https://panlex.org/snapshot/panlex-20191001-csv/114#8064240>				<https://panlex.org/snapshot/panlex-20191001-csv/114#8064434>		"baqoŋ"@uun	
"nangi"@mvd	<https://panlex.org/snapshot/panlex-20191001-csv/114#8056042>				<https://panlex.org/snapshot/panlex-20191001-csv/114#8056235>		"lalaŋuíʔ"@uun	
"làkasa"@mvd	<https://panlex.org/snapshot/panlex-20191001-csv/114#8061667>				<https://panlex.org/snapshot/panlex-20191001-csv/114#8061869>		"muba:żáʔ"@uun	
"kalí"@mvd	<https://panlex.org/snapshot/panlex-20191001-csv/114#8052446>				<https://panlex.org/snapshot/panlex-20191001-csv/114#8052619>		"ixiʔ"@uun	
"lúma"@mvd	<https://panlex.org/snapshot/panlex-20191001-csv/114#8051941>				<https://panlex.org/snapshot/panlex-20191001-csv/114#8052144>		"rima"@uun	
"lúma"@mvd	<https://panlex.org/snapshot/panlex-20191001-csv/114#8051941>				<https://panlex.org/snapshot/panlex-20191001-csv/114#8052143>		"imá"@uun	
"sangasu"@mvd	<https://panlex.org/snapshot/panlex-20191001-csv/114#8065818>				<https://panlex.org/snapshot/panlex-20191001-csv/114#8065975>		"muhe:nís"@uun	
"uru"@mvd	<https://panlex.org/snapshot/panlex-20191001-csv/114#8065339>				<https://panlex.org/snapshot/panlex-20191001-csv/114#8065535>		"mujing"@uun	
"uru"@mvd	<https://panlex.org/snapshot/panlex-20191001-csv/114#8065339>				<https://panlex.org/snapshot/panlex-20191001-csv/114#8065536>		"mużiŋ"@uun	
"uru"@mvd	<https://panlex.org/snapshot/panlex-20191001-csv/114#8065339>				<https://panlex.org/snapshot/panlex-20191001-csv/114#8065534>		"mouding"@uun	
"tia"@mvd	<https://panlex.org/snapshot/panlex-20191001-csv/114#8058575>				<https://panlex.org/snapshot/panlex-20191001-csv/114#8058785>		"tiʼán"@uun	
"tia"@mvd	<https://panlex.org/snapshot/panlex-20191001-csv/114#8058575>				<https://panlex.org/snapshot/panlex-20191001-csv/114#8058786>		"tyal"@uun	
"kalita"@mvd	<https://panlex.org/snapshot/panlex-20191001-csv/114#8057535>				<https://panlex.org/snapshot/panlex-20191001-csv/114#8057720>		"rapái"@uun	
"ve"@mvd	<https://panlex.org/snapshot/panlex-20191001-csv/11#787670>				<https://panlex.org/snapshot/panlex-20191001-csv/11#787767>		"darūm"@uun	
"ve"@mvd	<https://panlex.org/snapshot/panlex-20191001-csv/11#787670>				<https://panlex.org/snapshot/panlex-20191001-csv/11#787765>		"dalom"@uun	
"ve"@mvd	<https://panlex.org/snapshot/panlex-20191001-csv/11#787670>				<https://panlex.org/snapshot/panlex-20191001-csv/11#787766>		"dalúm"@uun	
