"Polikondre"@srn	<https://panlex.org/snapshot/panlex-20191001-csv/5947#84607835>				<https://panlex.org/snapshot/panlex-20191001-csv/5947#84607735>		"An Pholainn"@ga	
"wefi"@srn	<https://panlex.org/snapshot/panlex-20191001-csv/5947#84720220>				<https://panlex.org/snapshot/panlex-20191001-csv/5947#84720179>		"bean"@ga	
"Franskondre"@srn	<https://panlex.org/snapshot/panlex-20191001-csv/5947#84591433>				<https://panlex.org/snapshot/panlex-20191001-csv/5947#84591409>		"an Fhrainc"@ga	
"fisi"@srn	<https://panlex.org/snapshot/panlex-20191001-csv/5947#84831551>				<https://panlex.org/snapshot/panlex-20191001-csv/5947#84831517>		"iasc"@ga	
"puspusi"@srn	<https://panlex.org/snapshot/panlex-20191001-csv/5947#84727201>				<https://panlex.org/snapshot/panlex-20191001-csv/5947#84727160>		"cat"@ga	
"dyaso"@srn	<https://panlex.org/snapshot/panlex-20191001-csv/5940#81317365>				<https://panlex.org/snapshot/panlex-20191001-csv/5940#81317335>		"anseo"@ga	
"patata"@srn	<https://panlex.org/snapshot/panlex-20191001-csv/5940#81350768>				<https://panlex.org/snapshot/panlex-20191001-csv/5940#81350717>		"pratai"@ga	
"de"@srn	<https://panlex.org/snapshot/panlex-20191001-csv/5940#81316838>				<https://panlex.org/snapshot/panlex-20191001-csv/5940#81316799>		"tá"@ga	
"de"@srn	<https://panlex.org/snapshot/panlex-20191001-csv/5940#81316838>				<https://panlex.org/snapshot/panlex-20191001-csv/5940#81316800>		"bí"@ga	
"tafra"@srn	<https://panlex.org/snapshot/panlex-20191001-csv/5940#81366714>				<https://panlex.org/snapshot/panlex-20191001-csv/5940#81366665>		"bord"@ga	
"anu"@srn	<https://panlex.org/snapshot/panlex-20191001-csv/5940#81373186>				<https://panlex.org/snapshot/panlex-20191001-csv/5940#81373150>		"lámh"@ga	
"kasi"@srn	<https://panlex.org/snapshot/panlex-20191001-csv/5940#81367638>				<https://panlex.org/snapshot/panlex-20191001-csv/5940#81367614>		"cáis"@ga	
"eilanti"@srn	<https://panlex.org/snapshot/panlex-20191001-csv/5940#81343949>				<https://panlex.org/snapshot/panlex-20191001-csv/5940#81343908>		"oileán"@ga	
"dya so"@srn	<https://panlex.org/snapshot/panlex-20191001-csv/5940#81317366>				<https://panlex.org/snapshot/panlex-20191001-csv/5940#81317335>		"anseo"@ga	
"Doisritongo"@srn	<https://panlex.org/snapshot/panlex-20191001-csv/5939#80782464>				<https://panlex.org/snapshot/panlex-20191001-csv/5939#80782378>		"Gearmáinis"@ga	
"apteyk"@srn	<https://panlex.org/snapshot/panlex-20191001-csv/5939#80724779>				<https://panlex.org/snapshot/panlex-20191001-csv/5939#80724729>		"poitigéireacht"@ga	
"apteyk"@srn	<https://panlex.org/snapshot/panlex-20191001-csv/5939#80724779>				<https://panlex.org/snapshot/panlex-20191001-csv/5939#80724730>		"cógaslann"@ga	
"Doisri"@srn	<https://panlex.org/snapshot/panlex-20191001-csv/5939#80782465>				<https://panlex.org/snapshot/panlex-20191001-csv/5939#80782378>		"Gearmáinis"@ga	
"spikri"@srn	<https://panlex.org/snapshot/panlex-20191001-csv/5946#84446314>				<https://panlex.org/snapshot/panlex-20191001-csv/5946#84446182>		"scáthán"@ga	
"Beijing"@srn	<https://panlex.org/snapshot/panlex-20191001-csv/5949#85318056>				<https://panlex.org/snapshot/panlex-20191001-csv/5949#85317977>		"Béising"@ga	
"afkáti"@srn	<https://panlex.org/snapshot/panlex-20191001-csv/5949#85333209>				<https://panlex.org/snapshot/panlex-20191001-csv/5949#85333162>		"dlíodóir"@ga	
"Rusland"@srn	<https://panlex.org/snapshot/panlex-20191001-csv/5949#85319597>				<https://panlex.org/snapshot/panlex-20191001-csv/5949#85319454>		"An Rúis"@ga	
"Franskondre"@srn	<https://panlex.org/snapshot/panlex-20191001-csv/5949#85323671>				<https://panlex.org/snapshot/panlex-20191001-csv/5949#85323572>		"an Fhrainc"@ga	
"Java"@srn	<https://panlex.org/snapshot/panlex-20191001-csv/5949#85325956>				<https://panlex.org/snapshot/panlex-20191001-csv/5949#85325909>		"Iáva"@ga	
"Berlin"@srn	<https://panlex.org/snapshot/panlex-20191001-csv/5949#85302533>				<https://panlex.org/snapshot/panlex-20191001-csv/5949#85302429>		"Beirlín"@ga	
"Bèibel"@srn	<https://panlex.org/snapshot/panlex-20191001-csv/5949#85302787>				<https://panlex.org/snapshot/panlex-20191001-csv/5949#85302681>		"An Bíobla"@ga	
"didibrikondre"@srn	<https://panlex.org/snapshot/panlex-20191001-csv/5942#83282543>				<https://panlex.org/snapshot/panlex-20191001-csv/5942#83282508>		"ifreann"@ga	
"isri"@srn	<https://panlex.org/snapshot/panlex-20191001-csv/5942#83282404>				<https://panlex.org/snapshot/panlex-20191001-csv/5942#83282384>		"iarann"@ga	
"ba"@srn	<https://panlex.org/snapshot/panlex-20191001-csv/19#1045418>				<https://panlex.org/snapshot/panlex-20191001-csv/19#1045378>		"deartháir"@ga	
"brada"@srn	<https://panlex.org/snapshot/panlex-20191001-csv/19#1045419>				<https://panlex.org/snapshot/panlex-20191001-csv/19#1045378>		"deartháir"@ga	
"bigi"@srn	<https://panlex.org/snapshot/panlex-20191001-csv/12#858327>				<https://panlex.org/snapshot/panlex-20191001-csv/12#858302>		"mór"@ga	
"kasi"@srn	<https://panlex.org/snapshot/panlex-20191001-csv/12#880318>				<https://panlex.org/snapshot/panlex-20191001-csv/12#880291>		"cáis"@ga	
"alenbo"@srn	<https://panlex.org/snapshot/panlex-20191001-csv/12#887751>				<https://panlex.org/snapshot/panlex-20191001-csv/12#887722>		"bogha báistí"@ga	
"alenbo"@srn	<https://panlex.org/snapshot/panlex-20191001-csv/12#887751>				<https://panlex.org/snapshot/panlex-20191001-csv/12#887723>		"tuar ceatha"@ga	
"alenbo"@srn	<https://panlex.org/snapshot/panlex-20191001-csv/12#887813>				<https://panlex.org/snapshot/panlex-20191001-csv/12#887784>		"bogha báistí"@ga	
"alenbo"@srn	<https://panlex.org/snapshot/panlex-20191001-csv/12#887813>				<https://panlex.org/snapshot/panlex-20191001-csv/12#887785>		"tuar ceatha"@ga	
"alenbo"@srn	<https://panlex.org/snapshot/panlex-20191001-csv/12#887875>				<https://panlex.org/snapshot/panlex-20191001-csv/12#887847>		"tuar ceatha"@ga	
"alenbo"@srn	<https://panlex.org/snapshot/panlex-20191001-csv/12#887875>				<https://panlex.org/snapshot/panlex-20191001-csv/12#887846>		"bogha báistí"@ga	
"alenbo"@srn	<https://panlex.org/snapshot/panlex-20191001-csv/12#887689>				<https://panlex.org/snapshot/panlex-20191001-csv/12#887660>		"bogha báistí"@ga	
"alenbo"@srn	<https://panlex.org/snapshot/panlex-20191001-csv/12#887689>				<https://panlex.org/snapshot/panlex-20191001-csv/12#887661>		"tuar ceatha"@ga	
"lefre"@srn	<https://panlex.org/snapshot/panlex-20191001-csv/12#886288>				<https://panlex.org/snapshot/panlex-20191001-csv/12#886253>		"ae"@ga	
"lefre"@srn	<https://panlex.org/snapshot/panlex-20191001-csv/12#886192>				<https://panlex.org/snapshot/panlex-20191001-csv/12#886156>		"ae"@ga	
"lefre"@srn	<https://panlex.org/snapshot/panlex-20191001-csv/12#886359>				<https://panlex.org/snapshot/panlex-20191001-csv/12#886324>		"ae"@ga	
"yapi"@srn	<https://panlex.org/snapshot/panlex-20191001-csv/12#922155>				<https://panlex.org/snapshot/panlex-20191001-csv/12#922114>		"moncaí"@ga	
"keskesi"@srn	<https://panlex.org/snapshot/panlex-20191001-csv/12#922154>				<https://panlex.org/snapshot/panlex-20191001-csv/12#922114>		"moncaí"@ga	
"merki"@srn	<https://panlex.org/snapshot/panlex-20191001-csv/12#854948>				<https://panlex.org/snapshot/panlex-20191001-csv/12#854908>		"bainne"@ga	
"gado"@srn	<https://panlex.org/snapshot/panlex-20191001-csv/12#915486>				<https://panlex.org/snapshot/panlex-20191001-csv/12#915455>		"dia"@ga	
"langa"@srn	<https://panlex.org/snapshot/panlex-20191001-csv/12#917894>				<https://panlex.org/snapshot/panlex-20191001-csv/12#917879>		"fad"@ga	
"biri"@srn	<https://panlex.org/snapshot/panlex-20191001-csv/12#876564>				<https://panlex.org/snapshot/panlex-20191001-csv/12#876537>		"beoir"@ga	
"alaten"@srn	<https://panlex.org/snapshot/panlex-20191001-csv/12#864717>				<https://panlex.org/snapshot/panlex-20191001-csv/12#864678>		"i gcónaí"@ga	
"alaten"@srn	<https://panlex.org/snapshot/panlex-20191001-csv/12#864717>				<https://panlex.org/snapshot/panlex-20191001-csv/12#864677>		"i dtólamh"@ga	
"alaten"@srn	<https://panlex.org/snapshot/panlex-20191001-csv/12#864622>				<https://panlex.org/snapshot/panlex-20191001-csv/12#864582>		"i dtólamh"@ga	
"alaten"@srn	<https://panlex.org/snapshot/panlex-20191001-csv/12#864622>				<https://panlex.org/snapshot/panlex-20191001-csv/12#864583>		"i gcónaí"@ga	
"alaten"@srn	<https://panlex.org/snapshot/panlex-20191001-csv/12#864527>				<https://panlex.org/snapshot/panlex-20191001-csv/12#864486>		"i dtólamh"@ga	
"alaten"@srn	<https://panlex.org/snapshot/panlex-20191001-csv/12#864527>				<https://panlex.org/snapshot/panlex-20191001-csv/12#864487>		"i gcónaí"@ga	
"sutu"@srn	<https://panlex.org/snapshot/panlex-20191001-csv/12#873958>				<https://panlex.org/snapshot/panlex-20191001-csv/12#873949>		"pléasc"@ga	
"aksi"@srn	<https://panlex.org/snapshot/panlex-20191001-csv/12#871258>				<https://panlex.org/snapshot/panlex-20191001-csv/12#871231>		"tua"@ga	
"watra"@srn	<https://panlex.org/snapshot/panlex-20191001-csv/12#851161>				<https://panlex.org/snapshot/panlex-20191001-csv/12#850929>		"uisce"@ga	
"grun"@srn	<https://panlex.org/snapshot/panlex-20191001-csv/12#844584>				<https://panlex.org/snapshot/panlex-20191001-csv/12#844554>		"glas"@ga	
"grun"@srn	<https://panlex.org/snapshot/panlex-20191001-csv/12#844584>				<https://panlex.org/snapshot/panlex-20191001-csv/12#844555>		"uaine"@ga	
"noso"@srn	<https://panlex.org/snapshot/panlex-20191001-csv/12#871572>				<https://panlex.org/snapshot/panlex-20191001-csv/12#871515>		"srón"@ga	
"beyri"@srn	<https://panlex.org/snapshot/panlex-20191001-csv/12#871259>				<https://panlex.org/snapshot/panlex-20191001-csv/12#871231>		"tua"@ga	
"grofu"@srn	<https://panlex.org/snapshot/panlex-20191001-csv/12#858328>				<https://panlex.org/snapshot/panlex-20191001-csv/12#858302>		"mór"@ga	
"berpe"@srn	<https://panlex.org/snapshot/panlex-20191001-csv/8#447673>				<https://panlex.org/snapshot/panlex-20191001-csv/8#447636>		"reilig"@ga	
"berpe"@srn	<https://panlex.org/snapshot/panlex-20191001-csv/8#447673>				<https://panlex.org/snapshot/panlex-20191001-csv/8#447635>		"cill"@ga	
"beyri"@srn	<https://panlex.org/snapshot/panlex-20191001-csv/10#617519>				<https://panlex.org/snapshot/panlex-20191001-csv/10#617478>		"tua"@ga	
"wiwiri"@srn	<https://panlex.org/snapshot/panlex-20191001-csv/10#594710>				<https://panlex.org/snapshot/panlex-20191001-csv/10#594692>		"folt"@ga	
"wiwiri"@srn	<https://panlex.org/snapshot/panlex-20191001-csv/10#594710>				<https://panlex.org/snapshot/panlex-20191001-csv/10#594693>		"gruaig"@ga	
"yesi"@srn	<https://panlex.org/snapshot/panlex-20191001-csv/10#615403>				<https://panlex.org/snapshot/panlex-20191001-csv/10#615371>		"cluas"@ga	
"sribi"@srn	<https://panlex.org/snapshot/panlex-20191001-csv/10#582630>				<https://panlex.org/snapshot/panlex-20191001-csv/10#582610>		"codail"@ga	
"bigi"@srn	<https://panlex.org/snapshot/panlex-20191001-csv/10#564333>				<https://panlex.org/snapshot/panlex-20191001-csv/10#564299>		"ard"@ga	
"bigi"@srn	<https://panlex.org/snapshot/panlex-20191001-csv/10#564333>				<https://panlex.org/snapshot/panlex-20191001-csv/10#564300>		"mór"@ga	
"merki"@srn	<https://panlex.org/snapshot/panlex-20191001-csv/10#599948>				<https://panlex.org/snapshot/panlex-20191001-csv/10#599901>		"bainne"@ga	
"watra"@srn	<https://panlex.org/snapshot/panlex-20191001-csv/11#787733>				<https://panlex.org/snapshot/panlex-20191001-csv/11#787566>		"uisce"@ga	
