"Polikondre"@srn	<https://panlex.org/snapshot/panlex-20191001-csv/5947#84607835>				<https://panlex.org/snapshot/panlex-20191001-csv/5947#84607692>		"Полша"@bg	
"wefi"@srn	<https://panlex.org/snapshot/panlex-20191001-csv/5947#84720220>				<https://panlex.org/snapshot/panlex-20191001-csv/5947#84720161>		"жена"@bg	
"fisi"@srn	<https://panlex.org/snapshot/panlex-20191001-csv/5947#84831551>				<https://panlex.org/snapshot/panlex-20191001-csv/5947#84831497>		"риба"@bg	
"busi"@srn	<https://panlex.org/snapshot/panlex-20191001-csv/5947#84736822>				<https://panlex.org/snapshot/panlex-20191001-csv/5947#84736758>		"гора"@bg	
"puspusi"@srn	<https://panlex.org/snapshot/panlex-20191001-csv/5947#84727201>				<https://panlex.org/snapshot/panlex-20191001-csv/5947#84727139>		"котка"@bg	
"patata"@srn	<https://panlex.org/snapshot/panlex-20191001-csv/5940#81350768>				<https://panlex.org/snapshot/panlex-20191001-csv/5940#81350694>		"картоф"@bg	
"kaw"@srn	<https://panlex.org/snapshot/panlex-20191001-csv/5940#81294726>				<https://panlex.org/snapshot/panlex-20191001-csv/5940#81294683>		"крава"@bg	
"finga"@srn	<https://panlex.org/snapshot/panlex-20191001-csv/5940#81312745>				<https://panlex.org/snapshot/panlex-20191001-csv/5940#81312704>		"пръст"@bg	
"de"@srn	<https://panlex.org/snapshot/panlex-20191001-csv/5940#81316838>				<https://panlex.org/snapshot/panlex-20191001-csv/5940#81316780>		"съм"@bg	
"sneki"@srn	<https://panlex.org/snapshot/panlex-20191001-csv/5940#81369686>				<https://panlex.org/snapshot/panlex-20191001-csv/5940#81369631>		"змия"@bg	
"bosi"@srn	<https://panlex.org/snapshot/panlex-20191001-csv/5940#81370558>				<https://panlex.org/snapshot/panlex-20191001-csv/5940#81370519>		"целувка"@bg	
"tafra"@srn	<https://panlex.org/snapshot/panlex-20191001-csv/5940#81366714>				<https://panlex.org/snapshot/panlex-20191001-csv/5940#81366646>		"маса"@bg	
"win"@srn	<https://panlex.org/snapshot/panlex-20191001-csv/5940#81332590>				<https://panlex.org/snapshot/panlex-20191001-csv/5940#81332554>		"вино"@bg	
"koranti"@srn	<https://panlex.org/snapshot/panlex-20191001-csv/5940#81322611>				<https://panlex.org/snapshot/panlex-20191001-csv/5940#81322560>		"вестник"@bg	
"botro"@srn	<https://panlex.org/snapshot/panlex-20191001-csv/5940#81308700>				<https://panlex.org/snapshot/panlex-20191001-csv/5940#81308660>		"масло"@bg	
"eilanti"@srn	<https://panlex.org/snapshot/panlex-20191001-csv/5940#81343949>				<https://panlex.org/snapshot/panlex-20191001-csv/5940#81343888>		"остров"@bg	
"baysigri"@srn	<https://panlex.org/snapshot/panlex-20191001-csv/5940#81353591>				<https://panlex.org/snapshot/panlex-20191001-csv/5940#81353528>		"велосипед"@bg	
"bonyo"@srn	<https://panlex.org/snapshot/panlex-20191001-csv/5940#81333518>				<https://panlex.org/snapshot/panlex-20191001-csv/5940#81333478>		"кост"@bg	
"langaman"@srn	<https://panlex.org/snapshot/panlex-20191001-csv/5940#81369687>				<https://panlex.org/snapshot/panlex-20191001-csv/5940#81369631>		"змия"@bg	
"bakba"@srn	<https://panlex.org/snapshot/panlex-20191001-csv/5940#81341906>				<https://panlex.org/snapshot/panlex-20191001-csv/5940#81341871>		"банан"@bg	
"Doisritongo"@srn	<https://panlex.org/snapshot/panlex-20191001-csv/5939#80782464>				<https://panlex.org/snapshot/panlex-20191001-csv/5939#80782346>		"nemski ezik"@bg	
"apteyk"@srn	<https://panlex.org/snapshot/panlex-20191001-csv/5939#80724779>				<https://panlex.org/snapshot/panlex-20191001-csv/5939#80724708>		"apteka"@bg	
"Doisri"@srn	<https://panlex.org/snapshot/panlex-20191001-csv/5939#80782465>				<https://panlex.org/snapshot/panlex-20191001-csv/5939#80782346>		"nemski ezik"@bg	
"spikri"@srn	<https://panlex.org/snapshot/panlex-20191001-csv/5946#84446314>				<https://panlex.org/snapshot/panlex-20191001-csv/5946#84446134>		"огледа́ло"@bg	
"yapi yapi"@srn	<https://panlex.org/snapshot/panlex-20191001-csv/5946#84455539>				<https://panlex.org/snapshot/panlex-20191001-csv/5946#84455468>		"маймуна"@bg	
"yapi yapi"@srn	<https://panlex.org/snapshot/panlex-20191001-csv/5946#84455539>				<https://panlex.org/snapshot/panlex-20191001-csv/5946#84455469>		"примати"@bg	
"Beijing"@srn	<https://panlex.org/snapshot/panlex-20191001-csv/5949#85318056>				<https://panlex.org/snapshot/panlex-20191001-csv/5949#85317948>		"Пекин"@bg	
"afkáti"@srn	<https://panlex.org/snapshot/panlex-20191001-csv/5949#85333209>				<https://panlex.org/snapshot/panlex-20191001-csv/5949#85333134>		"адвокат"@bg	
"Rusland"@srn	<https://panlex.org/snapshot/panlex-20191001-csv/5949#85319597>				<https://panlex.org/snapshot/panlex-20191001-csv/5949#85319414>		"Русия"@bg	
"Franskondre"@srn	<https://panlex.org/snapshot/panlex-20191001-csv/5949#85323671>				<https://panlex.org/snapshot/panlex-20191001-csv/5949#85323544>		"Франция"@bg	
"Java"@srn	<https://panlex.org/snapshot/panlex-20191001-csv/5949#85325956>				<https://panlex.org/snapshot/panlex-20191001-csv/5949#85325894>		"Ява"@bg	
"Berlin"@srn	<https://panlex.org/snapshot/panlex-20191001-csv/5949#85302533>				<https://panlex.org/snapshot/panlex-20191001-csv/5949#85302396>		"Берлин"@bg	
"Bèibel"@srn	<https://panlex.org/snapshot/panlex-20191001-csv/5949#85302787>				<https://panlex.org/snapshot/panlex-20191001-csv/5949#85302648>		"Библия"@bg	
"didibrikondre"@srn	<https://panlex.org/snapshot/panlex-20191001-csv/5942#83282543>				<https://panlex.org/snapshot/panlex-20191001-csv/5942#83282490>		"джендем"@bg	
"didibrikondre"@srn	<https://panlex.org/snapshot/panlex-20191001-csv/5942#83282543>				<https://panlex.org/snapshot/panlex-20191001-csv/5942#83282491>		"пъкъл"@bg	
"grasi"@srn	<https://panlex.org/snapshot/panlex-20191001-csv/5942#83286207>				<https://panlex.org/snapshot/panlex-20191001-csv/5942#83286175>		"трева"@bg	
"isri"@srn	<https://panlex.org/snapshot/panlex-20191001-csv/5942#83282404>				<https://panlex.org/snapshot/panlex-20191001-csv/5942#83282372>		"желязо"@bg	
"Bakratongo"@srn	<https://panlex.org/snapshot/panlex-20191001-csv/405#13623449>				<https://panlex.org/snapshot/panlex-20191001-csv/405#13623385>		"нидерландски език"@bg	
"ba"@srn	<https://panlex.org/snapshot/panlex-20191001-csv/19#1045418>				<https://panlex.org/snapshot/panlex-20191001-csv/19#1045358>		"брат"@bg	
"brada"@srn	<https://panlex.org/snapshot/panlex-20191001-csv/19#1045419>				<https://panlex.org/snapshot/panlex-20191001-csv/19#1045358>		"брат"@bg	
"luku"@srn	<https://panlex.org/snapshot/panlex-20191001-csv/12#890085>				<https://panlex.org/snapshot/panlex-20191001-csv/12#889982>		"поглеждам"@bg	
"luku"@srn	<https://panlex.org/snapshot/panlex-20191001-csv/12#883006>				<https://panlex.org/snapshot/panlex-20191001-csv/12#882903>		"поглеждам"@bg	
"luku"@srn	<https://panlex.org/snapshot/panlex-20191001-csv/12#882886>				<https://panlex.org/snapshot/panlex-20191001-csv/12#882784>		"поглеждам"@bg	
"luku"@srn	<https://panlex.org/snapshot/panlex-20191001-csv/12#882730>				<https://panlex.org/snapshot/panlex-20191001-csv/12#882628>		"поглеждам"@bg	
"luku"@srn	<https://panlex.org/snapshot/panlex-20191001-csv/12#847294>				<https://panlex.org/snapshot/panlex-20191001-csv/12#847192>		"поглеждам"@bg	
"bakba"@srn	<https://panlex.org/snapshot/panlex-20191001-csv/12#918108>				<https://panlex.org/snapshot/panlex-20191001-csv/12#918071>		"банан"@bg	
"sneysi"@srn	<https://panlex.org/snapshot/panlex-20191001-csv/12#903482>				<https://panlex.org/snapshot/panlex-20191001-csv/12#903456>		"бълха"@bg	
"alenbo"@srn	<https://panlex.org/snapshot/panlex-20191001-csv/12#887751>				<https://panlex.org/snapshot/panlex-20191001-csv/12#887702>		"небесна дъга"@bg	
"alenbo"@srn	<https://panlex.org/snapshot/panlex-20191001-csv/12#887813>				<https://panlex.org/snapshot/panlex-20191001-csv/12#887764>		"небесна дъга"@bg	
"alenbo"@srn	<https://panlex.org/snapshot/panlex-20191001-csv/12#887875>				<https://panlex.org/snapshot/panlex-20191001-csv/12#887826>		"небесна дъга"@bg	
"alenbo"@srn	<https://panlex.org/snapshot/panlex-20191001-csv/12#887689>				<https://panlex.org/snapshot/panlex-20191001-csv/12#887640>		"небесна дъга"@bg	
"lefre"@srn	<https://panlex.org/snapshot/panlex-20191001-csv/12#886288>				<https://panlex.org/snapshot/panlex-20191001-csv/12#886236>		"черен дроб"@bg	
"lefre"@srn	<https://panlex.org/snapshot/panlex-20191001-csv/12#886192>				<https://panlex.org/snapshot/panlex-20191001-csv/12#886139>		"черен дроб"@bg	
"lefre"@srn	<https://panlex.org/snapshot/panlex-20191001-csv/12#886359>				<https://panlex.org/snapshot/panlex-20191001-csv/12#886307>		"черен дроб"@bg	
"kori"@srn	<https://panlex.org/snapshot/panlex-20191001-csv/12#846987>				<https://panlex.org/snapshot/panlex-20191001-csv/12#846910>		"заблуждавам"@bg	
"zuidsei"@srn	<https://panlex.org/snapshot/panlex-20191001-csv/12#854871>				<https://panlex.org/snapshot/panlex-20191001-csv/12#854824>		"юг"@bg	
"de"@srn	<https://panlex.org/snapshot/panlex-20191001-csv/12#848593>				<https://panlex.org/snapshot/panlex-20191001-csv/12#848555>		"съм"@bg	
"merki"@srn	<https://panlex.org/snapshot/panlex-20191001-csv/12#871129>				<https://panlex.org/snapshot/panlex-20191001-csv/12#871108>		"доя"@bg	
"merki"@srn	<https://panlex.org/snapshot/panlex-20191001-csv/12#854948>				<https://panlex.org/snapshot/panlex-20191001-csv/12#854886>		"мляко"@bg	
"dolku"@srn	<https://panlex.org/snapshot/panlex-20191001-csv/12#895086>				<https://panlex.org/snapshot/panlex-20191001-csv/12#895054>		"кама"@bg	
"nanga"@srn	<https://panlex.org/snapshot/panlex-20191001-csv/12#848544>				<https://panlex.org/snapshot/panlex-20191001-csv/12#848499>		"и"@bg	
"waki"@srn	<https://panlex.org/snapshot/panlex-20191001-csv/12#847295>				<https://panlex.org/snapshot/panlex-20191001-csv/12#847192>		"поглеждам"@bg	
"waki"@srn	<https://panlex.org/snapshot/panlex-20191001-csv/12#890086>				<https://panlex.org/snapshot/panlex-20191001-csv/12#889982>		"поглеждам"@bg	
"waki"@srn	<https://panlex.org/snapshot/panlex-20191001-csv/12#883007>				<https://panlex.org/snapshot/panlex-20191001-csv/12#882903>		"поглеждам"@bg	
"waki"@srn	<https://panlex.org/snapshot/panlex-20191001-csv/12#882731>				<https://panlex.org/snapshot/panlex-20191001-csv/12#882628>		"поглеждам"@bg	
"waki"@srn	<https://panlex.org/snapshot/panlex-20191001-csv/12#882887>				<https://panlex.org/snapshot/panlex-20191001-csv/12#882784>		"поглеждам"@bg	
"gado"@srn	<https://panlex.org/snapshot/panlex-20191001-csv/12#915486>				<https://panlex.org/snapshot/panlex-20191001-csv/12#915432>		"бог"@bg	
"biri"@srn	<https://panlex.org/snapshot/panlex-20191001-csv/12#876503>				<https://panlex.org/snapshot/panlex-20191001-csv/12#876462>		"бира"@bg	
"biri"@srn	<https://panlex.org/snapshot/panlex-20191001-csv/12#876564>				<https://panlex.org/snapshot/panlex-20191001-csv/12#876522>		"бира"@bg	
"taki"@srn	<https://panlex.org/snapshot/panlex-20191001-csv/12#850085>				<https://panlex.org/snapshot/panlex-20191001-csv/12#850039>		"казвам"@bg	
"eilanti"@srn	<https://panlex.org/snapshot/panlex-20191001-csv/12#854198>				<https://panlex.org/snapshot/panlex-20191001-csv/12#854146>		"остров"@bg	
"aksi"@srn	<https://panlex.org/snapshot/panlex-20191001-csv/12#871258>				<https://panlex.org/snapshot/panlex-20191001-csv/12#871210>		"секира"@bg	
"aksi"@srn	<https://panlex.org/snapshot/panlex-20191001-csv/12#871258>				<https://panlex.org/snapshot/panlex-20191001-csv/12#871211>		"топор"@bg	
"aksi"@srn	<https://panlex.org/snapshot/panlex-20191001-csv/12#871258>				<https://panlex.org/snapshot/panlex-20191001-csv/12#871209>		"брадва"@bg	
"kasyo"@srn	<https://panlex.org/snapshot/panlex-20191001-csv/12#846986>				<https://panlex.org/snapshot/panlex-20191001-csv/12#846910>		"заблуждавам"@bg	
"watra"@srn	<https://panlex.org/snapshot/panlex-20191001-csv/12#851161>				<https://panlex.org/snapshot/panlex-20191001-csv/12#850866>		"вода"@bg	
"èn"@srn	<https://panlex.org/snapshot/panlex-20191001-csv/12#848543>				<https://panlex.org/snapshot/panlex-20191001-csv/12#848499>		"и"@bg	
"noso"@srn	<https://panlex.org/snapshot/panlex-20191001-csv/12#871572>				<https://panlex.org/snapshot/panlex-20191001-csv/12#871491>		"нос"@bg	
"beyri"@srn	<https://panlex.org/snapshot/panlex-20191001-csv/12#871259>				<https://panlex.org/snapshot/panlex-20191001-csv/12#871210>		"секира"@bg	
"beyri"@srn	<https://panlex.org/snapshot/panlex-20191001-csv/12#871259>				<https://panlex.org/snapshot/panlex-20191001-csv/12#871211>		"топор"@bg	
"beyri"@srn	<https://panlex.org/snapshot/panlex-20191001-csv/12#871259>				<https://panlex.org/snapshot/panlex-20191001-csv/12#871209>		"брадва"@bg	
"fowru"@srn	<https://panlex.org/snapshot/panlex-20191001-csv/12#854624>				<https://panlex.org/snapshot/panlex-20191001-csv/12#854570>		"птица"@bg	
"adube"@srn	<https://panlex.org/snapshot/panlex-20191001-csv/12#892928>				<https://panlex.org/snapshot/panlex-20191001-csv/12#892890>		"епилепсия"@bg	
"berpe"@srn	<https://panlex.org/snapshot/panlex-20191001-csv/8#447673>				<https://panlex.org/snapshot/panlex-20191001-csv/8#447613>		"гробище"@bg	
"beyri"@srn	<https://panlex.org/snapshot/panlex-20191001-csv/10#617519>				<https://panlex.org/snapshot/panlex-20191001-csv/10#617454>		"секира"@bg	
"beyri"@srn	<https://panlex.org/snapshot/panlex-20191001-csv/10#617519>				<https://panlex.org/snapshot/panlex-20191001-csv/10#617453>		"брадва"@bg	
"beyri"@srn	<https://panlex.org/snapshot/panlex-20191001-csv/10#617519>				<https://panlex.org/snapshot/panlex-20191001-csv/10#617455>		"топор"@bg	
"watra"@srn	<https://panlex.org/snapshot/panlex-20191001-csv/10#563158>				<https://panlex.org/snapshot/panlex-20191001-csv/10#563116>		"вода"@bg	
"senki"@srn	<https://panlex.org/snapshot/panlex-20191001-csv/10#644229>				<https://panlex.org/snapshot/panlex-20191001-csv/10#644202>		"цинк"@bg	
"biri"@srn	<https://panlex.org/snapshot/panlex-20191001-csv/10#571034>				<https://panlex.org/snapshot/panlex-20191001-csv/10#570983>		"бира"@bg	
"lansri"@srn	<https://panlex.org/snapshot/panlex-20191001-csv/10#713918>				<https://panlex.org/snapshot/panlex-20191001-csv/10#713887>		"копие"@bg	
"wrokosani"@srn	<https://panlex.org/snapshot/panlex-20191001-csv/10#620868>				<https://panlex.org/snapshot/panlex-20191001-csv/10#620837>		"инструмент"@bg	
"drungu"@srn	<https://panlex.org/snapshot/panlex-20191001-csv/10#712560>				<https://panlex.org/snapshot/panlex-20191001-csv/10#712539>		"пиянство"@bg	
"iya"@srn	<https://panlex.org/snapshot/panlex-20191001-csv/10#570704>				<https://panlex.org/snapshot/panlex-20191001-csv/10#570663>		"да"@bg	
"eilanti"@srn	<https://panlex.org/snapshot/panlex-20191001-csv/10#763952>				<https://panlex.org/snapshot/panlex-20191001-csv/10#763899>		"остров"@bg	
"karu"@srn	<https://panlex.org/snapshot/panlex-20191001-csv/10#596677>				<https://panlex.org/snapshot/panlex-20191001-csv/10#596652>		"кукуруз"@bg	
"brede"@srn	<https://panlex.org/snapshot/panlex-20191001-csv/10#596043>				<https://panlex.org/snapshot/panlex-20191001-csv/10#595998>		"хляб"@bg	
"liba"@srn	<https://panlex.org/snapshot/panlex-20191001-csv/10#651255>				<https://panlex.org/snapshot/panlex-20191001-csv/10#651193>		"река"@bg	
"liba"@srn	<https://panlex.org/snapshot/panlex-20191001-csv/10#739516>				<https://panlex.org/snapshot/panlex-20191001-csv/10#739485>		"река"@bg	
"watramun"@srn	<https://panlex.org/snapshot/panlex-20191001-csv/10#610959>				<https://panlex.org/snapshot/panlex-20191001-csv/10#610943>		"диня"@bg	
"ferfi"@srn	<https://panlex.org/snapshot/panlex-20191001-csv/10#573557>				<https://panlex.org/snapshot/panlex-20191001-csv/10#573504>		"цвят"@bg	
"somentron"@srn	<https://panlex.org/snapshot/panlex-20191001-csv/10#641037>				<https://panlex.org/snapshot/panlex-20191001-csv/10#640989>		"често"@bg	
"Doysri"@srn	<https://panlex.org/snapshot/panlex-20191001-csv/10#557467>				<https://panlex.org/snapshot/panlex-20191001-csv/10#557416>		"немски"@bg	
"merki"@srn	<https://panlex.org/snapshot/panlex-20191001-csv/10#599948>				<https://panlex.org/snapshot/panlex-20191001-csv/10#599879>		"мляко"@bg	
"watra"@srn	<https://panlex.org/snapshot/panlex-20191001-csv/11#787733>				<https://panlex.org/snapshot/panlex-20191001-csv/11#787506>		"вода"@bg	
