"insaa"@mkj	<https://panlex.org/snapshot/panlex-20191001-csv/114#8063137>				<https://panlex.org/snapshot/panlex-20191001-csv/114#8063144>		"rea"@mnb	
"ŋii-"@mkj	<https://panlex.org/snapshot/panlex-20191001-csv/114#8067340>				<https://panlex.org/snapshot/panlex-20191001-csv/114#8067348>		"wangka"@mnb	
"ŋii-"@mkj	<https://panlex.org/snapshot/panlex-20191001-csv/114#8067340>				<https://panlex.org/snapshot/panlex-20191001-csv/114#8067349>		"waŋka"@mnb	
"al"@mkj	<https://panlex.org/snapshot/panlex-20191001-csv/114#8054510>				<https://panlex.org/snapshot/panlex-20191001-csv/114#8054516>		"kangkaha"@mnb	
"al"@mkj	<https://panlex.org/snapshot/panlex-20191001-csv/114#8054510>				<https://panlex.org/snapshot/panlex-20191001-csv/114#8054517>		"sala"@mnb	
"mwajŋali-(n)"@mkj	<https://panlex.org/snapshot/panlex-20191001-csv/114#8059571>				<https://panlex.org/snapshot/panlex-20191001-csv/114#8059578>		"ihi no taghi"@mnb	
"mwajŋali-(n)"@mkj	<https://panlex.org/snapshot/panlex-20191001-csv/114#8059571>				<https://panlex.org/snapshot/panlex-20191001-csv/114#8059577>		"ghule-ghule"@mnb	
"aprɔ"@mkj	<https://panlex.org/snapshot/panlex-20191001-csv/114#8061116>				<https://panlex.org/snapshot/panlex-20191001-csv/114#8061123>		"ghowea"@mnb	
"aprɔ"@mkj	<https://panlex.org/snapshot/panlex-20191001-csv/114#8061116>				<https://panlex.org/snapshot/panlex-20191001-csv/114#8061122>		"ghofea"@mnb	
"insa"@mkj	<https://panlex.org/snapshot/panlex-20191001-csv/114#8063136>				<https://panlex.org/snapshot/panlex-20191001-csv/114#8063144>		"rea"@mnb	
"kumwusi-(n)"@mkj	<https://panlex.org/snapshot/panlex-20191001-csv/114#8051912>				<https://panlex.org/snapshot/panlex-20191001-csv/114#8051921>		"lima"@mnb	
"lɔwɔ-(n)"@mkj	<https://panlex.org/snapshot/panlex-20191001-csv/114#8067866>				<https://panlex.org/snapshot/panlex-20191001-csv/114#8067874>		"lela"@mnb	
"law"@mkj	<https://panlex.org/snapshot/panlex-20191001-csv/114#8067864>				<https://panlex.org/snapshot/panlex-20191001-csv/114#8067874>		"lela"@mnb	
"upwe-(n)"@mkj	<https://panlex.org/snapshot/panlex-20191001-csv/114#8058546>				<https://panlex.org/snapshot/panlex-20191001-csv/114#8058553>		"taghi"@mnb	
"ŋi"@mkj	<https://panlex.org/snapshot/panlex-20191001-csv/114#8067339>				<https://panlex.org/snapshot/panlex-20191001-csv/114#8067348>		"wangka"@mnb	
"ŋi"@mkj	<https://panlex.org/snapshot/panlex-20191001-csv/114#8067339>				<https://panlex.org/snapshot/panlex-20191001-csv/114#8067349>		"waŋka"@mnb	
