"insaa"@mkj	<https://panlex.org/snapshot/panlex-20191001-csv/114#8063137>				<https://panlex.org/snapshot/panlex-20191001-csv/114#8063212>		"lala"@plh	
"ŋii-"@mkj	<https://panlex.org/snapshot/panlex-20191001-csv/114#8067340>				<https://panlex.org/snapshot/panlex-20191001-csv/114#8067418>		"nife"@plh	
"al"@mkj	<https://panlex.org/snapshot/panlex-20191001-csv/114#8054510>				<https://panlex.org/snapshot/panlex-20191001-csv/114#8054587>		"lakine"@plh	
"mwajŋali-(n)"@mkj	<https://panlex.org/snapshot/panlex-20191001-csv/114#8059571>				<https://panlex.org/snapshot/panlex-20191001-csv/114#8059641>		"hutua"@plh	
"aprɔ"@mkj	<https://panlex.org/snapshot/panlex-20191001-csv/114#8061116>				<https://panlex.org/snapshot/panlex-20191001-csv/114#8061189>		"sihiri"@plh	
"insa"@mkj	<https://panlex.org/snapshot/panlex-20191001-csv/114#8063136>				<https://panlex.org/snapshot/panlex-20191001-csv/114#8063212>		"lala"@plh	
"kumwusi-(n)"@mkj	<https://panlex.org/snapshot/panlex-20191001-csv/114#8051912>				<https://panlex.org/snapshot/panlex-20191001-csv/114#8051993>		"rima"@plh	
"lɔwɔ-(n)"@mkj	<https://panlex.org/snapshot/panlex-20191001-csv/114#8067866>				<https://panlex.org/snapshot/panlex-20191001-csv/114#8067940>		"mei"@plh	
"law"@mkj	<https://panlex.org/snapshot/panlex-20191001-csv/114#8067864>				<https://panlex.org/snapshot/panlex-20191001-csv/114#8067940>		"mei"@plh	
"upwe-(n)"@mkj	<https://panlex.org/snapshot/panlex-20191001-csv/114#8058546>				<https://panlex.org/snapshot/panlex-20191001-csv/114#8058628>		"tia"@plh	
"ŋi"@mkj	<https://panlex.org/snapshot/panlex-20191001-csv/114#8067339>				<https://panlex.org/snapshot/panlex-20191001-csv/114#8067418>		"nife"@plh	
