"aṭavī"@sa	<https://panlex.org/snapshot/panlex-20191001-csv/1573#50089856>				<https://panlex.org/snapshot/panlex-20191001-csv/1573#50089819>		"ʔiˑq-maq-"@nuk	
"aṭavī"@sa	<https://panlex.org/snapshot/panlex-20191001-csv/1573#50089856>				<https://panlex.org/snapshot/panlex-20191001-csv/1573#50089820>		"ʔiˑqmaqak"@nuk	
"kṣama-"@sa	<https://panlex.org/snapshot/panlex-20191001-csv/1573#50082205>				<https://panlex.org/snapshot/panlex-20191001-csv/1573#50082161>		"nismˀa"@nuk	
"vana-"@sa	<https://panlex.org/snapshot/panlex-20191001-csv/1573#50089857>				<https://panlex.org/snapshot/panlex-20191001-csv/1573#50089819>		"ʔiˑq-maq-"@nuk	
"vana-"@sa	<https://panlex.org/snapshot/panlex-20191001-csv/1573#50089857>				<https://panlex.org/snapshot/panlex-20191001-csv/1573#50089820>		"ʔiˑqmaqak"@nuk	
"vana-"@sa	<https://panlex.org/snapshot/panlex-20191001-csv/1573#50090126>				<https://panlex.org/snapshot/panlex-20191001-csv/1573#50090094>		"soč-"@nuk	
"vana-"@sa	<https://panlex.org/snapshot/panlex-20191001-csv/1573#50090126>				<https://panlex.org/snapshot/panlex-20191001-csv/1573#50090095>		"sočˀas"@nuk	
"taru-"@sa	<https://panlex.org/snapshot/panlex-20191001-csv/1573#50090125>				<https://panlex.org/snapshot/panlex-20191001-csv/1573#50090094>		"soč-"@nuk	
"taru-"@sa	<https://panlex.org/snapshot/panlex-20191001-csv/1573#50090125>				<https://panlex.org/snapshot/panlex-20191001-csv/1573#50090095>		"sočˀas"@nuk	
"bhū-"@sa	<https://panlex.org/snapshot/panlex-20191001-csv/1573#50082198>				<https://panlex.org/snapshot/panlex-20191001-csv/1573#50082161>		"nismˀa"@nuk	
"kṣoda-"@sa	<https://panlex.org/snapshot/panlex-20191001-csv/1573#50082808>				<https://panlex.org/snapshot/panlex-20191001-csv/1573#50082775>		"c̷ˀakˀʷa-q-"@nuk	
"vāpi-"@sa	<https://panlex.org/snapshot/panlex-20191001-csv/1573#50087048>				<https://panlex.org/snapshot/panlex-20191001-csv/1573#50087020>		"ʕaʔo-k"@nuk	
"šilā-"@sa	<https://panlex.org/snapshot/panlex-20191001-csv/1573#50090759>				<https://panlex.org/snapshot/panlex-20191001-csv/1573#50090705>		"tˀi-"@nuk	
"šilā-"@sa	<https://panlex.org/snapshot/panlex-20191001-csv/1573#50090759>				<https://panlex.org/snapshot/panlex-20191001-csv/1573#50090704>		"mˀokʷ-"@nuk	
"šilā-"@sa	<https://panlex.org/snapshot/panlex-20191001-csv/1573#50090759>				<https://panlex.org/snapshot/panlex-20191001-csv/1573#50090703>		"mˀoksyˀi"@nuk	
"kṣiti-"@sa	<https://panlex.org/snapshot/panlex-20191001-csv/1573#50082206>				<https://panlex.org/snapshot/panlex-20191001-csv/1573#50082161>		"nismˀa"@nuk	
"darad-"@sa	<https://panlex.org/snapshot/panlex-20191001-csv/1573#50084061>				<https://panlex.org/snapshot/panlex-20191001-csv/1573#50084034>		"λatḥ-"@nuk	
"mahī"@sa	<https://panlex.org/snapshot/panlex-20191001-csv/1573#50082209>				<https://panlex.org/snapshot/panlex-20191001-csv/1573#50082161>		"nismˀa"@nuk	
"udaka-"@sa	<https://panlex.org/snapshot/panlex-20191001-csv/1573#50085828>				<https://panlex.org/snapshot/panlex-20191001-csv/1573#50085795>		"čˀaʔak"@nuk	
"udaka-"@sa	<https://panlex.org/snapshot/panlex-20191001-csv/1573#50085828>				<https://panlex.org/snapshot/panlex-20191001-csv/1573#50085794>		"čˀa-"@nuk	
"hrada-"@sa	<https://panlex.org/snapshot/panlex-20191001-csv/1573#50087045>				<https://panlex.org/snapshot/panlex-20191001-csv/1573#50087020>		"ʕaʔo-k"@nuk	
"vṛkṣa-"@sa	<https://panlex.org/snapshot/panlex-20191001-csv/1573#50090127>				<https://panlex.org/snapshot/panlex-20191001-csv/1573#50090094>		"soč-"@nuk	
"vṛkṣa-"@sa	<https://panlex.org/snapshot/panlex-20191001-csv/1573#50090127>				<https://panlex.org/snapshot/panlex-20191001-csv/1573#50090095>		"sočˀas"@nuk	
"sarit-"@sa	<https://panlex.org/snapshot/panlex-20191001-csv/1573#50088527>				<https://panlex.org/snapshot/panlex-20191001-csv/1573#50088481>		"c̷aʔak"@nuk	
"sarit-"@sa	<https://panlex.org/snapshot/panlex-20191001-csv/1573#50088527>				<https://panlex.org/snapshot/panlex-20191001-csv/1573#50088482>		"c̷ˀa-"@nuk	
"vāridhi-"@sa	<https://panlex.org/snapshot/panlex-20191001-csv/1573#50086067>				<https://panlex.org/snapshot/panlex-20191001-csv/1573#50086037>		"topˀał"@nuk	
"vāridhi-"@sa	<https://panlex.org/snapshot/panlex-20191001-csv/1573#50086067>				<https://panlex.org/snapshot/panlex-20191001-csv/1573#50086036>		"-)"@nuk	
"bhūdhara"@sa	<https://panlex.org/snapshot/panlex-20191001-csv/1573#50083728>				<https://panlex.org/snapshot/panlex-20191001-csv/1573#50083685>		"nočiˑ"@nuk	
"bhūdhara"@sa	<https://panlex.org/snapshot/panlex-20191001-csv/1573#50083728>				<https://panlex.org/snapshot/panlex-20191001-csv/1573#50083684>		"noč-iˑ̆q-"@nuk	
"bhūdhara"@sa	<https://panlex.org/snapshot/panlex-20191001-csv/1573#50083728>				<https://panlex.org/snapshot/panlex-20191001-csv/1573#50083683>		"noč-"@nuk	
"bhūdhara"@sa	<https://panlex.org/snapshot/panlex-20191001-csv/1573#50083728>				<https://panlex.org/snapshot/panlex-20191001-csv/1573#50083687>		"tˀočkak"@nuk	
"bhūdhara"@sa	<https://panlex.org/snapshot/panlex-20191001-csv/1573#50083728>				<https://panlex.org/snapshot/panlex-20191001-csv/1573#50083686>		"tˀočk-"@nuk	
"mahāsūkṣmā"@sa	<https://panlex.org/snapshot/panlex-20191001-csv/1573#50083353>				<https://panlex.org/snapshot/panlex-20191001-csv/1573#50083326>		"ʕopxaq-"@nuk	
"mahāsūkṣmā"@sa	<https://panlex.org/snapshot/panlex-20191001-csv/1573#50083353>				<https://panlex.org/snapshot/panlex-20191001-csv/1573#50083325>		"sopˀic̷-mis"@nuk	
"payogaḍa-"@sa	<https://panlex.org/snapshot/panlex-20191001-csv/1573#50084855>				<https://panlex.org/snapshot/panlex-20191001-csv/1573#50084827>		"ča-"@nuk	
"payogaḍa-"@sa	<https://panlex.org/snapshot/panlex-20191001-csv/1573#50084855>				<https://panlex.org/snapshot/panlex-20191001-csv/1573#50084828>		"čaʔak"@nuk	
"vāpī-"@sa	<https://panlex.org/snapshot/panlex-20191001-csv/1573#50087049>				<https://panlex.org/snapshot/panlex-20191001-csv/1573#50087020>		"ʕaʔo-k"@nuk	
"prapāta-"@sa	<https://panlex.org/snapshot/panlex-20191001-csv/1573#50084062>				<https://panlex.org/snapshot/panlex-20191001-csv/1573#50084034>		"λatḥ-"@nuk	
"nistaraṃga-"@sa	<https://panlex.org/snapshot/panlex-20191001-csv/1573#50086258>				<https://panlex.org/snapshot/panlex-20191001-csv/1573#50086235>		"tinḥok"@nuk	
"nistaraṃga-"@sa	<https://panlex.org/snapshot/panlex-20191001-csv/1573#50086258>				<https://panlex.org/snapshot/panlex-20191001-csv/1573#50086236>		"tinḥʷ-"@nuk	
"nistaraṃga-"@sa	<https://panlex.org/snapshot/panlex-20191001-csv/1573#50086258>				<https://panlex.org/snapshot/panlex-20191001-csv/1573#50086234>		"tinḥak"@nuk	
"araṇya-"@sa	<https://panlex.org/snapshot/panlex-20191001-csv/1573#50089855>				<https://panlex.org/snapshot/panlex-20191001-csv/1573#50089819>		"ʔiˑq-maq-"@nuk	
"araṇya-"@sa	<https://panlex.org/snapshot/panlex-20191001-csv/1573#50089855>				<https://panlex.org/snapshot/panlex-20191001-csv/1573#50089820>		"ʔiˑqmaqak"@nuk	
"kṣam-pṛthivī"@sa	<https://panlex.org/snapshot/panlex-20191001-csv/1573#50082204>				<https://panlex.org/snapshot/panlex-20191001-csv/1573#50082161>		"nismˀa"@nuk	
"udan-"@sa	<https://panlex.org/snapshot/panlex-20191001-csv/1573#50085829>				<https://panlex.org/snapshot/panlex-20191001-csv/1573#50085795>		"čˀaʔak"@nuk	
"udan-"@sa	<https://panlex.org/snapshot/panlex-20191001-csv/1573#50085829>				<https://panlex.org/snapshot/panlex-20191001-csv/1573#50085794>		"čˀa-"@nuk	
"ambu-"@sa	<https://panlex.org/snapshot/panlex-20191001-csv/1573#50085826>				<https://panlex.org/snapshot/panlex-20191001-csv/1573#50085795>		"čˀaʔak"@nuk	
"ambu-"@sa	<https://panlex.org/snapshot/panlex-20191001-csv/1573#50085826>				<https://panlex.org/snapshot/panlex-20191001-csv/1573#50085794>		"čˀa-"@nuk	
"druma-"@sa	<https://panlex.org/snapshot/panlex-20191001-csv/1573#50090124>				<https://panlex.org/snapshot/panlex-20191001-csv/1573#50090094>		"soč-"@nuk	
"druma-"@sa	<https://panlex.org/snapshot/panlex-20191001-csv/1573#50090124>				<https://panlex.org/snapshot/panlex-20191001-csv/1573#50090095>		"sočˀas"@nuk	
"kṣmā"@sa	<https://panlex.org/snapshot/panlex-20191001-csv/1573#50082207>				<https://panlex.org/snapshot/panlex-20191001-csv/1573#50082161>		"nismˀa"@nuk	
"sindhu-"@sa	<https://panlex.org/snapshot/panlex-20191001-csv/1573#50088528>				<https://panlex.org/snapshot/panlex-20191001-csv/1573#50088481>		"c̷aʔak"@nuk	
"sindhu-"@sa	<https://panlex.org/snapshot/panlex-20191001-csv/1573#50088528>				<https://panlex.org/snapshot/panlex-20191001-csv/1573#50088482>		"c̷ˀa-"@nuk	
"nadī"@sa	<https://panlex.org/snapshot/panlex-20191001-csv/1573#50088526>				<https://panlex.org/snapshot/panlex-20191001-csv/1573#50088481>		"c̷aʔak"@nuk	
"nadī"@sa	<https://panlex.org/snapshot/panlex-20191001-csv/1573#50088526>				<https://panlex.org/snapshot/panlex-20191001-csv/1573#50088482>		"c̷ˀa-"@nuk	
"phena-"@sa	<https://panlex.org/snapshot/panlex-20191001-csv/1573#50086627>				<https://panlex.org/snapshot/panlex-20191001-csv/1573#50086602>		"pˀac̷aˑ"@nuk	
"phena-"@sa	<https://panlex.org/snapshot/panlex-20191001-csv/1573#50086627>				<https://panlex.org/snapshot/panlex-20191001-csv/1573#50086600>		"pˀac̷-"@nuk	
"phena-"@sa	<https://panlex.org/snapshot/panlex-20191001-csv/1573#50086627>				<https://panlex.org/snapshot/panlex-20191001-csv/1573#50086601>		"pˀac̷ak"@nuk	
"nirvega-"@sa	<https://panlex.org/snapshot/panlex-20191001-csv/1573#50086257>				<https://panlex.org/snapshot/panlex-20191001-csv/1573#50086235>		"tinḥok"@nuk	
"nirvega-"@sa	<https://panlex.org/snapshot/panlex-20191001-csv/1573#50086257>				<https://panlex.org/snapshot/panlex-20191001-csv/1573#50086236>		"tinḥʷ-"@nuk	
"nirvega-"@sa	<https://panlex.org/snapshot/panlex-20191001-csv/1573#50086257>				<https://panlex.org/snapshot/panlex-20191001-csv/1573#50086234>		"tinḥak"@nuk	
"jala-sthāna-"@sa	<https://panlex.org/snapshot/panlex-20191001-csv/1573#50087046>				<https://panlex.org/snapshot/panlex-20191001-csv/1573#50087020>		"ʕaʔo-k"@nuk	
"giri- parvata-"@sa	<https://panlex.org/snapshot/panlex-20191001-csv/1573#50083729>				<https://panlex.org/snapshot/panlex-20191001-csv/1573#50083685>		"nočiˑ"@nuk	
"giri- parvata-"@sa	<https://panlex.org/snapshot/panlex-20191001-csv/1573#50083729>				<https://panlex.org/snapshot/panlex-20191001-csv/1573#50083684>		"noč-iˑ̆q-"@nuk	
"giri- parvata-"@sa	<https://panlex.org/snapshot/panlex-20191001-csv/1573#50083729>				<https://panlex.org/snapshot/panlex-20191001-csv/1573#50083683>		"noč-"@nuk	
"giri- parvata-"@sa	<https://panlex.org/snapshot/panlex-20191001-csv/1573#50083729>				<https://panlex.org/snapshot/panlex-20191001-csv/1573#50083687>		"tˀočkak"@nuk	
"giri- parvata-"@sa	<https://panlex.org/snapshot/panlex-20191001-csv/1573#50083729>				<https://panlex.org/snapshot/panlex-20191001-csv/1573#50083686>		"tˀočk-"@nuk	
"kandara-"@sa	<https://panlex.org/snapshot/panlex-20191001-csv/1573#50085580>				<https://panlex.org/snapshot/panlex-20191001-csv/1573#50085549>		"ʕaʕiλ"@nuk	
"dvīpa-"@sa	<https://panlex.org/snapshot/panlex-20191001-csv/1573#50084854>				<https://panlex.org/snapshot/panlex-20191001-csv/1573#50084827>		"ča-"@nuk	
"dvīpa-"@sa	<https://panlex.org/snapshot/panlex-20191001-csv/1573#50084854>				<https://panlex.org/snapshot/panlex-20191001-csv/1573#50084828>		"čaʔak"@nuk	
"pāṣāṇa"@sa	<https://panlex.org/snapshot/panlex-20191001-csv/1573#50090758>				<https://panlex.org/snapshot/panlex-20191001-csv/1573#50090705>		"tˀi-"@nuk	
"pāṣāṇa"@sa	<https://panlex.org/snapshot/panlex-20191001-csv/1573#50090758>				<https://panlex.org/snapshot/panlex-20191001-csv/1573#50090704>		"mˀokʷ-"@nuk	
"pāṣāṇa"@sa	<https://panlex.org/snapshot/panlex-20191001-csv/1573#50090758>				<https://panlex.org/snapshot/panlex-20191001-csv/1573#50090703>		"mˀoksyˀi"@nuk	
"reṇu-"@sa	<https://panlex.org/snapshot/panlex-20191001-csv/1573#50082810>				<https://panlex.org/snapshot/panlex-20191001-csv/1573#50082775>		"c̷ˀakˀʷa-q-"@nuk	
"sāgara-"@sa	<https://panlex.org/snapshot/panlex-20191001-csv/1573#50086065>				<https://panlex.org/snapshot/panlex-20191001-csv/1573#50086037>		"topˀał"@nuk	
"sāgara-"@sa	<https://panlex.org/snapshot/panlex-20191001-csv/1573#50086065>				<https://panlex.org/snapshot/panlex-20191001-csv/1573#50086036>		"-)"@nuk	
"taran̄ga-"@sa	<https://panlex.org/snapshot/panlex-20191001-csv/1573#50087802>				<https://panlex.org/snapshot/panlex-20191001-csv/1573#50087773>		"hoyˀaˑk"@nuk	
"taran̄ga-"@sa	<https://panlex.org/snapshot/panlex-20191001-csv/1573#50087802>				<https://panlex.org/snapshot/panlex-20191001-csv/1573#50087772>		"hoyˀa-"@nuk	
"bhūmi-"@sa	<https://panlex.org/snapshot/panlex-20191001-csv/1573#50082201>				<https://panlex.org/snapshot/panlex-20191001-csv/1573#50082161>		"nismˀa"@nuk	
"adri-"@sa	<https://panlex.org/snapshot/panlex-20191001-csv/1573#50083727>				<https://panlex.org/snapshot/panlex-20191001-csv/1573#50083685>		"nočiˑ"@nuk	
"adri-"@sa	<https://panlex.org/snapshot/panlex-20191001-csv/1573#50083727>				<https://panlex.org/snapshot/panlex-20191001-csv/1573#50083684>		"noč-iˑ̆q-"@nuk	
"adri-"@sa	<https://panlex.org/snapshot/panlex-20191001-csv/1573#50083727>				<https://panlex.org/snapshot/panlex-20191001-csv/1573#50083683>		"noč-"@nuk	
"adri-"@sa	<https://panlex.org/snapshot/panlex-20191001-csv/1573#50083727>				<https://panlex.org/snapshot/panlex-20191001-csv/1573#50083687>		"tˀočkak"@nuk	
"adri-"@sa	<https://panlex.org/snapshot/panlex-20191001-csv/1573#50083727>				<https://panlex.org/snapshot/panlex-20191001-csv/1573#50083686>		"tˀočk-"@nuk	
"bhūmi-kampa-"@sa	<https://panlex.org/snapshot/panlex-20191001-csv/1573#50090989>				<https://panlex.org/snapshot/panlex-20191001-csv/1573#50090973>		"taqiˑ̆"@nuk	
"ataṭa-"@sa	<https://panlex.org/snapshot/panlex-20191001-csv/1573#50084060>				<https://panlex.org/snapshot/panlex-20191001-csv/1573#50084034>		"λatḥ-"@nuk	
"pṛthivī-"@sa	<https://panlex.org/snapshot/panlex-20191001-csv/1573#50082210>				<https://panlex.org/snapshot/panlex-20191001-csv/1573#50082161>		"nismˀa"@nuk	
"vālukā-"@sa	<https://panlex.org/snapshot/panlex-20191001-csv/1573#50083355>				<https://panlex.org/snapshot/panlex-20191001-csv/1573#50083326>		"ʕopxaq-"@nuk	
"vālukā-"@sa	<https://panlex.org/snapshot/panlex-20191001-csv/1573#50083355>				<https://panlex.org/snapshot/panlex-20191001-csv/1573#50083325>		"sopˀic̷-mis"@nuk	
"samudra-"@sa	<https://panlex.org/snapshot/panlex-20191001-csv/1573#50086064>				<https://panlex.org/snapshot/panlex-20191001-csv/1573#50086037>		"topˀał"@nuk	
"samudra-"@sa	<https://panlex.org/snapshot/panlex-20191001-csv/1573#50086064>				<https://panlex.org/snapshot/panlex-20191001-csv/1573#50086036>		"-)"@nuk	
"kulyā-"@sa	<https://panlex.org/snapshot/panlex-20191001-csv/1573#50088525>				<https://panlex.org/snapshot/panlex-20191001-csv/1573#50088481>		"c̷aʔak"@nuk	
"kulyā-"@sa	<https://panlex.org/snapshot/panlex-20191001-csv/1573#50088525>				<https://panlex.org/snapshot/panlex-20191001-csv/1573#50088482>		"c̷ˀa-"@nuk	
"vāri-"@sa	<https://panlex.org/snapshot/panlex-20191001-csv/1573#50085830>				<https://panlex.org/snapshot/panlex-20191001-csv/1573#50085795>		"čˀaʔak"@nuk	
"vāri-"@sa	<https://panlex.org/snapshot/panlex-20191001-csv/1573#50085830>				<https://panlex.org/snapshot/panlex-20191001-csv/1573#50085794>		"čˀa-"@nuk	
"pāṃsu-"@sa	<https://panlex.org/snapshot/panlex-20191001-csv/1573#50082809>				<https://panlex.org/snapshot/panlex-20191001-csv/1573#50082775>		"c̷ˀakˀʷa-q-"@nuk	
"arṇava-"@sa	<https://panlex.org/snapshot/panlex-20191001-csv/1573#50086063>				<https://panlex.org/snapshot/panlex-20191001-csv/1573#50086037>		"topˀał"@nuk	
"arṇava-"@sa	<https://panlex.org/snapshot/panlex-20191001-csv/1573#50086063>				<https://panlex.org/snapshot/panlex-20191001-csv/1573#50086036>		"-)"@nuk	
"kardama-"@sa	<https://panlex.org/snapshot/panlex-20191001-csv/1573#50083106>				<https://panlex.org/snapshot/panlex-20191001-csv/1573#50083078>		"c̷ˀakˀʷa-q-"@nuk	
"udadhi-"@sa	<https://panlex.org/snapshot/panlex-20191001-csv/1573#50086066>				<https://panlex.org/snapshot/panlex-20191001-csv/1573#50086037>		"topˀał"@nuk	
"udadhi-"@sa	<https://panlex.org/snapshot/panlex-20191001-csv/1573#50086066>				<https://panlex.org/snapshot/panlex-20191001-csv/1573#50086036>		"-)"@nuk	
"jagat-"@sa	<https://panlex.org/snapshot/panlex-20191001-csv/1573#50082202>				<https://panlex.org/snapshot/panlex-20191001-csv/1573#50082161>		"nismˀa"@nuk	
"dāru-"@sa	<https://panlex.org/snapshot/panlex-20191001-csv/1573#50090378>				<https://panlex.org/snapshot/panlex-20191001-csv/1573#50090350>		"ʔač-yˀaq-"@nuk	
"dāru-"@sa	<https://panlex.org/snapshot/panlex-20191001-csv/1573#50090378>				<https://panlex.org/snapshot/panlex-20191001-csv/1573#50090351>		"ʔačyˀaˑp"@nuk	
"ašan-"@sa	<https://panlex.org/snapshot/panlex-20191001-csv/1573#50090756>				<https://panlex.org/snapshot/panlex-20191001-csv/1573#50090705>		"tˀi-"@nuk	
"ašan-"@sa	<https://panlex.org/snapshot/panlex-20191001-csv/1573#50090756>				<https://panlex.org/snapshot/panlex-20191001-csv/1573#50090704>		"mˀokʷ-"@nuk	
"ašan-"@sa	<https://panlex.org/snapshot/panlex-20191001-csv/1573#50090756>				<https://panlex.org/snapshot/panlex-20191001-csv/1573#50090703>		"mˀoksyˀi"@nuk	
"prasanna-"@sa	<https://panlex.org/snapshot/panlex-20191001-csv/1573#50086259>				<https://panlex.org/snapshot/panlex-20191001-csv/1573#50086235>		"tinḥok"@nuk	
"prasanna-"@sa	<https://panlex.org/snapshot/panlex-20191001-csv/1573#50086259>				<https://panlex.org/snapshot/panlex-20191001-csv/1573#50086236>		"tinḥʷ-"@nuk	
"prasanna-"@sa	<https://panlex.org/snapshot/panlex-20191001-csv/1573#50086259>				<https://panlex.org/snapshot/panlex-20191001-csv/1573#50086234>		"tinḥak"@nuk	
"loka-"@sa	<https://panlex.org/snapshot/panlex-20191001-csv/1573#50082208>				<https://panlex.org/snapshot/panlex-20191001-csv/1573#50082161>		"nismˀa"@nuk	
"bhūgola-"@sa	<https://panlex.org/snapshot/panlex-20191001-csv/1573#50082199>				<https://panlex.org/snapshot/panlex-20191001-csv/1573#50082161>		"nismˀa"@nuk	
"jala-"@sa	<https://panlex.org/snapshot/panlex-20191001-csv/1573#50085827>				<https://panlex.org/snapshot/panlex-20191001-csv/1573#50085795>		"čˀaʔak"@nuk	
"jala-"@sa	<https://panlex.org/snapshot/panlex-20191001-csv/1573#50085827>				<https://panlex.org/snapshot/panlex-20191001-csv/1573#50085794>		"čˀa-"@nuk	
"vasudhā-"@sa	<https://panlex.org/snapshot/panlex-20191001-csv/1573#50082212>				<https://panlex.org/snapshot/panlex-20191001-csv/1573#50082161>		"nismˀa"@nuk	
"pheṇa-"@sa	<https://panlex.org/snapshot/panlex-20191001-csv/1573#50086628>				<https://panlex.org/snapshot/panlex-20191001-csv/1573#50086602>		"pˀac̷aˑ"@nuk	
"pheṇa-"@sa	<https://panlex.org/snapshot/panlex-20191001-csv/1573#50086628>				<https://panlex.org/snapshot/panlex-20191001-csv/1573#50086600>		"pˀac̷-"@nuk	
"pheṇa-"@sa	<https://panlex.org/snapshot/panlex-20191001-csv/1573#50086628>				<https://panlex.org/snapshot/panlex-20191001-csv/1573#50086601>		"pˀac̷ak"@nuk	
"darī-"@sa	<https://panlex.org/snapshot/panlex-20191001-csv/1573#50085579>				<https://panlex.org/snapshot/panlex-20191001-csv/1573#50085549>		"ʕaʕiλ"@nuk	
"dhūli-"@sa	<https://panlex.org/snapshot/panlex-20191001-csv/1573#50082807>				<https://panlex.org/snapshot/panlex-20191001-csv/1573#50082775>		"c̷ˀakˀʷa-q-"@nuk	
"srotas-"@sa	<https://panlex.org/snapshot/panlex-20191001-csv/1573#50088529>				<https://panlex.org/snapshot/panlex-20191001-csv/1573#50088481>		"c̷aʔak"@nuk	
"srotas-"@sa	<https://panlex.org/snapshot/panlex-20191001-csv/1573#50088529>				<https://panlex.org/snapshot/panlex-20191001-csv/1573#50088482>		"c̷ˀa-"@nuk	
"acala-"@sa	<https://panlex.org/snapshot/panlex-20191001-csv/1573#50083726>				<https://panlex.org/snapshot/panlex-20191001-csv/1573#50083685>		"nočiˑ"@nuk	
"acala-"@sa	<https://panlex.org/snapshot/panlex-20191001-csv/1573#50083726>				<https://panlex.org/snapshot/panlex-20191001-csv/1573#50083684>		"noč-iˑ̆q-"@nuk	
"acala-"@sa	<https://panlex.org/snapshot/panlex-20191001-csv/1573#50083726>				<https://panlex.org/snapshot/panlex-20191001-csv/1573#50083683>		"noč-"@nuk	
"acala-"@sa	<https://panlex.org/snapshot/panlex-20191001-csv/1573#50083726>				<https://panlex.org/snapshot/panlex-20191001-csv/1573#50083687>		"tˀočkak"@nuk	
"acala-"@sa	<https://panlex.org/snapshot/panlex-20191001-csv/1573#50083726>				<https://panlex.org/snapshot/panlex-20191001-csv/1573#50083686>		"tˀočk-"@nuk	
"šaila-"@sa	<https://panlex.org/snapshot/panlex-20191001-csv/1573#50083730>				<https://panlex.org/snapshot/panlex-20191001-csv/1573#50083685>		"nočiˑ"@nuk	
"šaila-"@sa	<https://panlex.org/snapshot/panlex-20191001-csv/1573#50083730>				<https://panlex.org/snapshot/panlex-20191001-csv/1573#50083684>		"noč-iˑ̆q-"@nuk	
"šaila-"@sa	<https://panlex.org/snapshot/panlex-20191001-csv/1573#50083730>				<https://panlex.org/snapshot/panlex-20191001-csv/1573#50083683>		"noč-"@nuk	
"šaila-"@sa	<https://panlex.org/snapshot/panlex-20191001-csv/1573#50083730>				<https://panlex.org/snapshot/panlex-20191001-csv/1573#50083687>		"tˀočkak"@nuk	
"šaila-"@sa	<https://panlex.org/snapshot/panlex-20191001-csv/1573#50083730>				<https://panlex.org/snapshot/panlex-20191001-csv/1573#50083686>		"tˀočk-"@nuk	
"kāṣṭha-"@sa	<https://panlex.org/snapshot/panlex-20191001-csv/1573#50090379>				<https://panlex.org/snapshot/panlex-20191001-csv/1573#50090350>		"ʔač-yˀaq-"@nuk	
"kāṣṭha-"@sa	<https://panlex.org/snapshot/panlex-20191001-csv/1573#50090379>				<https://panlex.org/snapshot/panlex-20191001-csv/1573#50090351>		"ʔačyˀaˑp"@nuk	
"bhuvana-"@sa	<https://panlex.org/snapshot/panlex-20191001-csv/1573#50082197>				<https://panlex.org/snapshot/panlex-20191001-csv/1573#50082161>		"nismˀa"@nuk	
"āp-"@sa	<https://panlex.org/snapshot/panlex-20191001-csv/1573#50085831>				<https://panlex.org/snapshot/panlex-20191001-csv/1573#50085795>		"čˀaʔak"@nuk	
"āp-"@sa	<https://panlex.org/snapshot/panlex-20191001-csv/1573#50085831>				<https://panlex.org/snapshot/panlex-20191001-csv/1573#50085794>		"čˀa-"@nuk	
"jambāla-"@sa	<https://panlex.org/snapshot/panlex-20191001-csv/1573#50083105>				<https://panlex.org/snapshot/panlex-20191001-csv/1573#50083078>		"c̷ˀakˀʷa-q-"@nuk	
"pan̄ka-"@sa	<https://panlex.org/snapshot/panlex-20191001-csv/1573#50083107>				<https://panlex.org/snapshot/panlex-20191001-csv/1573#50083078>		"c̷ˀakˀʷa-q-"@nuk	
"pṛthvī"@sa	<https://panlex.org/snapshot/panlex-20191001-csv/1573#50082211>				<https://panlex.org/snapshot/panlex-20191001-csv/1573#50082161>		"nismˀa"@nuk	
"ambhas-"@sa	<https://panlex.org/snapshot/panlex-20191001-csv/1573#50085825>				<https://panlex.org/snapshot/panlex-20191001-csv/1573#50085795>		"čˀaʔak"@nuk	
"ambhas-"@sa	<https://panlex.org/snapshot/panlex-20191001-csv/1573#50085825>				<https://panlex.org/snapshot/panlex-20191001-csv/1573#50085794>		"čˀa-"@nuk	
"bhūloka-"@sa	<https://panlex.org/snapshot/panlex-20191001-csv/1573#50082200>				<https://panlex.org/snapshot/panlex-20191001-csv/1573#50082161>		"nismˀa"@nuk	
"sikatā-"@sa	<https://panlex.org/snapshot/panlex-20191001-csv/1573#50083354>				<https://panlex.org/snapshot/panlex-20191001-csv/1573#50083326>		"ʕopxaq-"@nuk	
"sikatā-"@sa	<https://panlex.org/snapshot/panlex-20191001-csv/1573#50083354>				<https://panlex.org/snapshot/panlex-20191001-csv/1573#50083325>		"sopˀic̷-mis"@nuk	
"kṣam-"@sa	<https://panlex.org/snapshot/panlex-20191001-csv/1573#50082203>				<https://panlex.org/snapshot/panlex-20191001-csv/1573#50082161>		"nismˀa"@nuk	
"viṣama-"@sa	<https://panlex.org/snapshot/panlex-20191001-csv/1573#50084063>				<https://panlex.org/snapshot/panlex-20191001-csv/1573#50084034>		"λatḥ-"@nuk	
"ašman-"@sa	<https://panlex.org/snapshot/panlex-20191001-csv/1573#50090757>				<https://panlex.org/snapshot/panlex-20191001-csv/1573#50090705>		"tˀi-"@nuk	
"ašman-"@sa	<https://panlex.org/snapshot/panlex-20191001-csv/1573#50090757>				<https://panlex.org/snapshot/panlex-20191001-csv/1573#50090704>		"mˀokʷ-"@nuk	
"ašman-"@sa	<https://panlex.org/snapshot/panlex-20191001-csv/1573#50090757>				<https://panlex.org/snapshot/panlex-20191001-csv/1573#50090703>		"mˀoksyˀi"@nuk	
"ūrmi-"@sa	<https://panlex.org/snapshot/panlex-20191001-csv/1573#50087803>				<https://panlex.org/snapshot/panlex-20191001-csv/1573#50087773>		"hoyˀaˑk"@nuk	
"ūrmi-"@sa	<https://panlex.org/snapshot/panlex-20191001-csv/1573#50087803>				<https://panlex.org/snapshot/panlex-20191001-csv/1573#50087772>		"hoyˀa-"@nuk	
"saras-"@sa	<https://panlex.org/snapshot/panlex-20191001-csv/1573#50087047>				<https://panlex.org/snapshot/panlex-20191001-csv/1573#50087020>		"ʕaʔo-k"@nuk	
