"O cino krajoro"@rom	<https://panlex.org/snapshot/panlex-20191001-csv/6710#111083053>				<https://panlex.org/snapshot/panlex-20191001-csv/6710#111083112>		"De Lytse Prins"@fy	
"shōv"@rom	<https://panlex.org/snapshot/panlex-20191001-csv/2131#11694989>				<https://panlex.org/snapshot/panlex-20191001-csv/2131#11694936>		"seis"@fy	
"gurumnya"@rom	<https://panlex.org/snapshot/panlex-20191001-csv/2131#11695072>				<https://panlex.org/snapshot/panlex-20191001-csv/2131#11695038>		"ko"@fy	
"Shkiperiya"@rom	<https://panlex.org/snapshot/panlex-20191001-csv/12#919925>				<https://panlex.org/snapshot/panlex-20191001-csv/12#919877>		"Albaanje"@fy	
"saûni"@rom	<https://panlex.org/snapshot/panlex-20191001-csv/12#883221>				<https://panlex.org/snapshot/panlex-20191001-csv/12#883203>		"sjippe"@fy	
"Austriya"@rom	<https://panlex.org/snapshot/panlex-20191001-csv/12#925393>				<https://panlex.org/snapshot/panlex-20191001-csv/12#925342>		"Eastenryk"@fy	
"Austriya"@rom	<https://panlex.org/snapshot/panlex-20191001-csv/12#925508>				<https://panlex.org/snapshot/panlex-20191001-csv/12#925457>		"Eastenryk"@fy	
"Austriya"@rom	<https://panlex.org/snapshot/panlex-20191001-csv/12#925623>				<https://panlex.org/snapshot/panlex-20191001-csv/12#925572>		"Eastenryk"@fy	
"pûrano"@rom	<https://panlex.org/snapshot/panlex-20191001-csv/12#851617>				<https://panlex.org/snapshot/panlex-20191001-csv/12#851571>		"antyk"@fy	
"pûrano"@rom	<https://panlex.org/snapshot/panlex-20191001-csv/12#851617>				<https://panlex.org/snapshot/panlex-20191001-csv/12#851570>		"âld"@fy	
"şovârdeş"@rom	<https://panlex.org/snapshot/panlex-20191001-csv/12#845865>				<https://panlex.org/snapshot/panlex-20191001-csv/12#845838>		"sechstich"@fy	
"grast"@rom	<https://panlex.org/snapshot/panlex-20191001-csv/12#856440>				<https://panlex.org/snapshot/panlex-20191001-csv/12#856408>		"hynder"@fy	
"सूतो"@rom	<https://panlex.org/snapshot/panlex-20191001-csv/12#854811>				<https://panlex.org/snapshot/panlex-20191001-csv/12#854793>		"sliepe"@fy	
"loy"@rom	<https://panlex.org/snapshot/panlex-20191001-csv/12#893084>				<https://panlex.org/snapshot/panlex-20191001-csv/12#893059>		"leppel"@fy	
"şebêţi"@rom	<https://panlex.org/snapshot/panlex-20191001-csv/12#922144>				<https://panlex.org/snapshot/panlex-20191001-csv/12#922113>		"aap"@fy	
"çerhên"@rom	<https://panlex.org/snapshot/panlex-20191001-csv/12#856629>				<https://panlex.org/snapshot/panlex-20191001-csv/12#856602>		"stjer"@fy	
"दुन्यास"@rom	<https://panlex.org/snapshot/panlex-20191001-csv/12#869005>				<https://panlex.org/snapshot/panlex-20191001-csv/12#868994>		"hielal"@fy	
"bukô"@rom	<https://panlex.org/snapshot/panlex-20191001-csv/12#886352>				<https://panlex.org/snapshot/panlex-20191001-csv/12#886322>		"lever"@fy	
"bukô"@rom	<https://panlex.org/snapshot/panlex-20191001-csv/12#886185>				<https://panlex.org/snapshot/panlex-20191001-csv/12#886154>		"lever"@fy	
"bukô"@rom	<https://panlex.org/snapshot/panlex-20191001-csv/12#886281>				<https://panlex.org/snapshot/panlex-20191001-csv/12#886251>		"lever"@fy	
"harmasari grasni"@rom	<https://panlex.org/snapshot/panlex-20191001-csv/12#856441>				<https://panlex.org/snapshot/panlex-20191001-csv/12#856408>		"hynder"@fy	
"Beljiya"@rom	<https://panlex.org/snapshot/panlex-20191001-csv/12#852745>				<https://panlex.org/snapshot/panlex-20191001-csv/12#852692>		"Belgje"@fy	
"Kroatiya"@rom	<https://panlex.org/snapshot/panlex-20191001-csv/12#908343>				<https://panlex.org/snapshot/panlex-20191001-csv/12#908293>		"Kroaasje"@fy	
"cêpa"@rom	<https://panlex.org/snapshot/panlex-20191001-csv/12#924341>				<https://panlex.org/snapshot/panlex-20191001-csv/12#924319>		"bûse"@fy	
"cêpa"@rom	<https://panlex.org/snapshot/panlex-20191001-csv/12#924386>				<https://panlex.org/snapshot/panlex-20191001-csv/12#924364>		"bûse"@fy	
"cêpa"@rom	<https://panlex.org/snapshot/panlex-20191001-csv/12#861498>				<https://panlex.org/snapshot/panlex-20191001-csv/12#861476>		"bûse"@fy	
"yak"@rom	<https://panlex.org/snapshot/panlex-20191001-csv/12#847413>				<https://panlex.org/snapshot/panlex-20191001-csv/12#847385>		"fjoer"@fy	
"ṭut"@rom	<https://panlex.org/snapshot/panlex-20191001-csv/12#854939>				<https://panlex.org/snapshot/panlex-20191001-csv/12#854906>		"molke"@fy	
"nak"@rom	<https://panlex.org/snapshot/panlex-20191001-csv/12#871561>				<https://panlex.org/snapshot/panlex-20191001-csv/12#871511>		"noas"@fy	
"lisîţa"@rom	<https://panlex.org/snapshot/panlex-20191001-csv/12#932511>				<https://panlex.org/snapshot/panlex-20191001-csv/12#932491>		"foks"@fy	
"saûni"@rom	<https://panlex.org/snapshot/panlex-20191001-csv/10#587338>				<https://panlex.org/snapshot/panlex-20191001-csv/10#587320>		"sjippe"@fy	
"Shkiperiya"@rom	<https://panlex.org/snapshot/panlex-20191001-csv/10#645136>				<https://panlex.org/snapshot/panlex-20191001-csv/10#645089>		"Albaanje"@fy	
"Chipro"@rom	<https://panlex.org/snapshot/panlex-20191001-csv/10#760313>				<https://panlex.org/snapshot/panlex-20191001-csv/10#760264>		"Syprus"@fy	
"muy"@rom	<https://panlex.org/snapshot/panlex-20191001-csv/10#602065>				<https://panlex.org/snapshot/panlex-20191001-csv/10#602033>		"antlit"@fy	
"muy"@rom	<https://panlex.org/snapshot/panlex-20191001-csv/10#602065>				<https://panlex.org/snapshot/panlex-20191001-csv/10#602034>		"gesicht"@fy	
"Kroatiya"@rom	<https://panlex.org/snapshot/panlex-20191001-csv/10#673796>				<https://panlex.org/snapshot/panlex-20191001-csv/10#673747>		"Kroaasje"@fy	
"yaḳ"@rom	<https://panlex.org/snapshot/panlex-20191001-csv/10#568801>				<https://panlex.org/snapshot/panlex-20191001-csv/10#568771>		"each"@fy	
"jukêl"@rom	<https://panlex.org/snapshot/panlex-20191001-csv/10#578647>				<https://panlex.org/snapshot/panlex-20191001-csv/10#578614>		"hûn"@fy	
"jukêl"@rom	<https://panlex.org/snapshot/panlex-20191001-csv/10#578647>				<https://panlex.org/snapshot/panlex-20191001-csv/10#578615>		"dogge"@fy	
"Austriya"@rom	<https://panlex.org/snapshot/panlex-20191001-csv/10#574405>				<https://panlex.org/snapshot/panlex-20191001-csv/10#574357>		"Eastenryk"@fy	
"morkus"@rom	<https://panlex.org/snapshot/panlex-20191001-csv/10#593430>				<https://panlex.org/snapshot/panlex-20191001-csv/10#593403>		"woartel"@fy	
"bulôti"@rom	<https://panlex.org/snapshot/panlex-20191001-csv/10#670627>				<https://panlex.org/snapshot/panlex-20191001-csv/10#670588>		"wolken"@fy	
"bulôti"@rom	<https://panlex.org/snapshot/panlex-20191001-csv/10#670627>				<https://panlex.org/snapshot/panlex-20191001-csv/10#670587>		"wolk"@fy	
"rikonô"@rom	<https://panlex.org/snapshot/panlex-20191001-csv/10#578648>				<https://panlex.org/snapshot/panlex-20191001-csv/10#578614>		"hûn"@fy	
"rikonô"@rom	<https://panlex.org/snapshot/panlex-20191001-csv/10#578648>				<https://panlex.org/snapshot/panlex-20191001-csv/10#578615>		"dogge"@fy	
"nak"@rom	<https://panlex.org/snapshot/panlex-20191001-csv/10#602185>				<https://panlex.org/snapshot/panlex-20191001-csv/10#602137>		"noas"@fy	
"maḳî"@rom	<https://panlex.org/snapshot/panlex-20191001-csv/15#959540>				<https://panlex.org/snapshot/panlex-20191001-csv/15#959524>		"mich"@fy	
