"God"@kos	<https://panlex.org/snapshot/panlex-20191001-csv/5945#84341533>				<https://panlex.org/snapshot/panlex-20191001-csv/5945#84341535>		"Dievas"@lt	
"yosep"@kos	<https://panlex.org/snapshot/panlex-20191001-csv/5943#83355205>				<https://panlex.org/snapshot/panlex-20191001-csv/5943#83355207>		"gėlė"@lt	
"won"@kos	<https://panlex.org/snapshot/panlex-20191001-csv/5943#83366986>				<https://panlex.org/snapshot/panlex-20191001-csv/5943#83366989>		"paukštis"@lt	
"tuhram"@kos	<https://panlex.org/snapshot/panlex-20191001-csv/5943#83366987>				<https://panlex.org/snapshot/panlex-20191001-csv/5943#83366989>		"paukštis"@lt	
"sroano"@kos	<https://panlex.org/snapshot/panlex-20191001-csv/12#850996>				<https://panlex.org/snapshot/panlex-20191001-csv/12#851017>		"vanduo"@lt	
"kof"@kos	<https://panlex.org/snapshot/panlex-20191001-csv/12#850995>				<https://panlex.org/snapshot/panlex-20191001-csv/12#851017>		"vanduo"@lt	
"mihs"@kos	<https://panlex.org/snapshot/panlex-20191001-csv/2902#111012288>				<https://panlex.org/snapshot/panlex-20191001-csv/2902#111012016>		"taika"@lt	
