"sroano"@kos	<https://panlex.org/snapshot/panlex-20191001-csv/12#850996>				<https://panlex.org/snapshot/panlex-20191001-csv/12#851202>		"tati"@tox	
"sroano"@kos	<https://panlex.org/snapshot/panlex-20191001-csv/12#850996>				<https://panlex.org/snapshot/panlex-20191001-csv/12#851198>		"char"@tox	
"sroano"@kos	<https://panlex.org/snapshot/panlex-20191001-csv/12#850996>				<https://panlex.org/snapshot/panlex-20191001-csv/12#851200>		"taht"@tox	
"sroano"@kos	<https://panlex.org/snapshot/panlex-20191001-csv/12#850996>				<https://panlex.org/snapshot/panlex-20191001-csv/12#851201>		"tat"@tox	
"sroano"@kos	<https://panlex.org/snapshot/panlex-20191001-csv/12#850996>				<https://panlex.org/snapshot/panlex-20191001-csv/12#851199>		"tah'roo"@tox	
"kof"@kos	<https://panlex.org/snapshot/panlex-20191001-csv/12#850995>				<https://panlex.org/snapshot/panlex-20191001-csv/12#851202>		"tati"@tox	
"kof"@kos	<https://panlex.org/snapshot/panlex-20191001-csv/12#850995>				<https://panlex.org/snapshot/panlex-20191001-csv/12#851198>		"char"@tox	
"kof"@kos	<https://panlex.org/snapshot/panlex-20191001-csv/12#850995>				<https://panlex.org/snapshot/panlex-20191001-csv/12#851200>		"taht"@tox	
"kof"@kos	<https://panlex.org/snapshot/panlex-20191001-csv/12#850995>				<https://panlex.org/snapshot/panlex-20191001-csv/12#851201>		"tat"@tox	
"kof"@kos	<https://panlex.org/snapshot/panlex-20191001-csv/12#850995>				<https://panlex.org/snapshot/panlex-20191001-csv/12#851199>		"tah'roo"@tox	
