"motko"@kos	<https://panlex.org/snapshot/panlex-20191001-csv/114#8062069>				<https://panlex.org/snapshot/panlex-20191001-csv/114#8061960>		"milískin"@bnn	
"paho"@kos	<https://panlex.org/snapshot/panlex-20191001-csv/114#8051820>				<https://panlex.org/snapshot/panlex-20191001-csv/114#8051677>		"laipáð"@bnn	
"paho"@kos	<https://panlex.org/snapshot/panlex-20191001-csv/114#8051820>				<https://panlex.org/snapshot/panlex-20191001-csv/114#8051676>		"imaʔ"@bnn	
"etʌ"@kos	<https://panlex.org/snapshot/panlex-20191001-csv/114#8061556>				<https://panlex.org/snapshot/panlex-20191001-csv/114#8061404>		"mahansiap"@bnn	
"acs"@kos	<https://panlex.org/snapshot/panlex-20191001-csv/114#8059967>				<https://panlex.org/snapshot/panlex-20191001-csv/114#8059851>		"hatáð"@bnn	
"niye-(n)"@kos	<https://panlex.org/snapshot/panlex-20191001-csv/114#8053311>				<https://panlex.org/snapshot/panlex-20191001-csv/114#8053166>		"b̂ántaṣ"@bnn	
"niye-(n)"@kos	<https://panlex.org/snapshot/panlex-20191001-csv/114#8053311>				<https://panlex.org/snapshot/panlex-20191001-csv/114#8053167>		"vantas"@bnn	
"ɛs"@kos	<https://panlex.org/snapshot/panlex-20191001-csv/114#8059969>				<https://panlex.org/snapshot/panlex-20191001-csv/114#8059851>		"hatáð"@bnn	
"tok"@kos	<https://panlex.org/snapshot/panlex-20191001-csv/114#8057940>				<https://panlex.org/snapshot/panlex-20191001-csv/114#8057814>		"íkuʼ"@bnn	
"oal"@kos	<https://panlex.org/snapshot/panlex-20191001-csv/114#8066695>				<https://panlex.org/snapshot/panlex-20191001-csv/114#8066559>		"ŋúluṣ"@bnn	
"oal"@kos	<https://panlex.org/snapshot/panlex-20191001-csv/114#8066695>				<https://panlex.org/snapshot/panlex-20191001-csv/114#8066558>		"ngurus"@bnn	
"sri"@kos	<https://panlex.org/snapshot/panlex-20191001-csv/114#8059006>				<https://panlex.org/snapshot/panlex-20191001-csv/114#8058882>		"tóhnað"@bnn	
"innek"@kos	<https://panlex.org/snapshot/panlex-20191001-csv/114#8054435>				<https://panlex.org/snapshot/panlex-20191001-csv/114#8054319>		"d̂aʼan"@bnn	
"lacsac"@kos	<https://panlex.org/snapshot/panlex-20191001-csv/114#8052350>				<https://panlex.org/snapshot/panlex-20191001-csv/114#8052234>		"tanavíliʔ"@bnn	
"wihs"@kos	<https://panlex.org/snapshot/panlex-20191001-csv/114#8067258>				<https://panlex.org/snapshot/panlex-20191001-csv/114#8067109>		"nípun"@bnn	
"wihs"@kos	<https://panlex.org/snapshot/panlex-20191001-csv/114#8067258>				<https://panlex.org/snapshot/panlex-20191001-csv/114#8067108>		"niepon"@bnn	
"olo-(l)"@kos	<https://panlex.org/snapshot/panlex-20191001-csv/114#8063591>				<https://panlex.org/snapshot/panlex-20191001-csv/114#8063450>		"b̂úŋuʔ"@bnn	
"olo-(l)"@kos	<https://panlex.org/snapshot/panlex-20191001-csv/114#8063591>				<https://panlex.org/snapshot/panlex-20191001-csv/114#8063451>		"vongō"@bnn	
"fwɛ"@kos	<https://panlex.org/snapshot/panlex-20191001-csv/114#8065226>				<https://panlex.org/snapshot/panlex-20191001-csv/114#8065088>		"ŋútus"@bnn	
"fwɛ"@kos	<https://panlex.org/snapshot/panlex-20191001-csv/114#8065226>				<https://panlex.org/snapshot/panlex-20191001-csv/114#8065087>		"ngutos"@bnn	
"ŋok"@kos	<https://panlex.org/snapshot/panlex-20191001-csv/114#8066182>				<https://panlex.org/snapshot/panlex-20191001-csv/114#8066061>		"ṣákun"@bnn	
"sahŋweŋ"@kos	<https://panlex.org/snapshot/panlex-20191001-csv/114#8062559>				<https://panlex.org/snapshot/panlex-20191001-csv/114#8062420>		"papísiŋ"@bnn	
"fin pihsac"@kos	<https://panlex.org/snapshot/panlex-20191001-csv/114#8061043>				<https://panlex.org/snapshot/panlex-20191001-csv/114#8060931>		"vaʼuʼ"@bnn	
"pæo-(l)"@kos	<https://panlex.org/snapshot/panlex-20191001-csv/114#8051822>				<https://panlex.org/snapshot/panlex-20191001-csv/114#8051677>		"laipáð"@bnn	
"pæo-(l)"@kos	<https://panlex.org/snapshot/panlex-20191001-csv/114#8051822>				<https://panlex.org/snapshot/panlex-20191001-csv/114#8051676>		"imaʔ"@bnn	
"tɔkɔ(l)"@kos	<https://panlex.org/snapshot/panlex-20191001-csv/114#8057942>				<https://panlex.org/snapshot/panlex-20191001-csv/114#8057814>		"íkuʼ"@bnn	
