"atíičii"@hdn	<https://panlex.org/snapshot/panlex-20191001-csv/1573#50089751>				<https://panlex.org/snapshot/panlex-20191001-csv/1573#50089776>		"bədiu"@kpj	
"hlankwáay"@hdn	<https://panlex.org/snapshot/panlex-20191001-csv/1573#50081805>				<https://panlex.org/snapshot/panlex-20191001-csv/1573#50081823>		"bəde"@kpj	
"ˁkantl"@hdn	<https://panlex.org/snapshot/panlex-20191001-csv/1573#50085733>				<https://panlex.org/snapshot/panlex-20191001-csv/1573#50085752>		"be"@kpj	
"ˁkantl"@hdn	<https://panlex.org/snapshot/panlex-20191001-csv/1573#50085733>				<https://panlex.org/snapshot/panlex-20191001-csv/1573#50085753>		"bera"@kpj	
"hlankwáay tlakáay"@hdn	<https://panlex.org/snapshot/panlex-20191001-csv/1573#50082080>				<https://panlex.org/snapshot/panlex-20191001-csv/1573#50082111>		"su"@kpj	
"čʰiyáa ˁxáw"@hdn	<https://panlex.org/snapshot/panlex-20191001-csv/1573#50085732>				<https://panlex.org/snapshot/panlex-20191001-csv/1573#50085752>		"be"@kpj	
"čʰiyáa ˁxáw"@hdn	<https://panlex.org/snapshot/panlex-20191001-csv/1573#50085732>				<https://panlex.org/snapshot/panlex-20191001-csv/1573#50085753>		"bera"@kpj	
"ˁkántl"@hdn	<https://panlex.org/snapshot/panlex-20191001-csv/1573#50088365>				<https://panlex.org/snapshot/panlex-20191001-csv/1573#50088409>		"teɨ"@kpj	
"ˁkántl"@hdn	<https://panlex.org/snapshot/panlex-20191001-csv/1573#50088365>				<https://panlex.org/snapshot/panlex-20191001-csv/1573#50088408>		"be-ro"@kpj	
"ˁkántl"@hdn	<https://panlex.org/snapshot/panlex-20191001-csv/1573#50088365>				<https://panlex.org/snapshot/panlex-20191001-csv/1573#50088410>		"əsetere"@kpj	
"ˁkántl"@hdn	<https://panlex.org/snapshot/panlex-20191001-csv/1573#50085734>				<https://panlex.org/snapshot/panlex-20191001-csv/1573#50085752>		"be"@kpj	
"ˁkántl"@hdn	<https://panlex.org/snapshot/panlex-20191001-csv/1573#50085734>				<https://panlex.org/snapshot/panlex-20191001-csv/1573#50085753>		"bera"@kpj	
"yáan ḳʰaʔán"@hdn	<https://panlex.org/snapshot/panlex-20191001-csv/1573#50091138>				<https://panlex.org/snapshot/panlex-20191001-csv/1573#50091156>		"biu-wetɔkɨ"@kpj	
"sḳˀíl"@hdn	<https://panlex.org/snapshot/panlex-20191001-csv/1573#50082411>				<https://panlex.org/snapshot/panlex-20191001-csv/1573#50082441>		"tɨti"@kpj	
"sḳˀíl"@hdn	<https://panlex.org/snapshot/panlex-20191001-csv/1573#50082714>				<https://panlex.org/snapshot/panlex-20191001-csv/1573#50082733>		"brɨbɨ-si"@kpj	
"čuuyáay"@hdn	<https://panlex.org/snapshot/panlex-20191001-csv/1573#50091389>				<https://panlex.org/snapshot/panlex-20191001-csv/1573#50091411>		"čuu"@kpj	
"tʰáas"@hdn	<https://panlex.org/snapshot/panlex-20191001-csv/1573#50083260>				<https://panlex.org/snapshot/panlex-20191001-csv/1573#50083282>		"ɨ̃nɨra"@kpj	
"kíitaay ḳʰáahlii"@hdn	<https://panlex.org/snapshot/panlex-20191001-csv/1573#50089752>				<https://panlex.org/snapshot/panlex-20191001-csv/1573#50089776>		"bədiu"@kpj	
"súu"@hdn	<https://panlex.org/snapshot/panlex-20191001-csv/1573#50086966>				<https://panlex.org/snapshot/panlex-20191001-csv/1573#50086985>		"sɨraru"@kpj	
"súu"@hdn	<https://panlex.org/snapshot/panlex-20191001-csv/1573#50086966>				<https://panlex.org/snapshot/panlex-20191001-csv/1573#50086984>		"aho"@kpj	
"xyáaŋs"@hdn	<https://panlex.org/snapshot/panlex-20191001-csv/1573#50088364>				<https://panlex.org/snapshot/panlex-20191001-csv/1573#50088409>		"teɨ"@kpj	
"xyáaŋs"@hdn	<https://panlex.org/snapshot/panlex-20191001-csv/1573#50088364>				<https://panlex.org/snapshot/panlex-20191001-csv/1573#50088408>		"be-ro"@kpj	
"xyáaŋs"@hdn	<https://panlex.org/snapshot/panlex-20191001-csv/1573#50088364>				<https://panlex.org/snapshot/panlex-20191001-csv/1573#50088410>		"əsetere"@kpj	
"inkúusii"@hdn	<https://panlex.org/snapshot/panlex-20191001-csv/1573#50085192>				<https://panlex.org/snapshot/panlex-20191001-csv/1573#50085218>		"iǰəti"@kpj	
"ḳˀwíi"@hdn	<https://panlex.org/snapshot/panlex-20191001-csv/1573#50082412>				<https://panlex.org/snapshot/panlex-20191001-csv/1573#50082441>		"tɨti"@kpj	
"ḳʰíit"@hdn	<https://panlex.org/snapshot/panlex-20191001-csv/1573#50090037>				<https://panlex.org/snapshot/panlex-20191001-csv/1573#50090054>		"ɔwɔru"@kpj	
"atíitʰsii"@hdn	<https://panlex.org/snapshot/panlex-20191001-csv/1573#50089750>				<https://panlex.org/snapshot/panlex-20191001-csv/1573#50089776>		"bədiu"@kpj	
"tlatˀaʔáaw"@hdn	<https://panlex.org/snapshot/panlex-20191001-csv/1573#50083596>				<https://panlex.org/snapshot/panlex-20191001-csv/1573#50083628>		"hãwãlɔ"@kpj	
"čʰáan"@hdn	<https://panlex.org/snapshot/panlex-20191001-csv/1573#50082999>				<https://panlex.org/snapshot/panlex-20191001-csv/1573#50083023>		"su-bərɔrɔ"@kpj	
"tlatˀawáay"@hdn	<https://panlex.org/snapshot/panlex-20191001-csv/1573#50083595>				<https://panlex.org/snapshot/panlex-20191001-csv/1573#50083628>		"hãwãlɔ"@kpj	
"čʰaaw salíi"@hdn	<https://panlex.org/snapshot/panlex-20191001-csv/1573#50085193>				<https://panlex.org/snapshot/panlex-20191001-csv/1573#50085218>		"iǰəti"@kpj	
"ḳʰwaa"@hdn	<https://panlex.org/snapshot/panlex-20191001-csv/1573#50090605>				<https://panlex.org/snapshot/panlex-20191001-csv/1573#50090639>		"mɨna"@kpj	
"-yistaŋ"@hdn	<https://panlex.org/snapshot/panlex-20191001-csv/1573#50087717>				<https://panlex.org/snapshot/panlex-20191001-csv/1573#50087733>		"əbɔ"@kpj	
