"atíičii"@hdn	<https://panlex.org/snapshot/panlex-20191001-csv/1573#50089751>				<https://panlex.org/snapshot/panlex-20191001-csv/1573#50089888>		"vaotā matolu"@to	
"atíičii"@hdn	<https://panlex.org/snapshot/panlex-20191001-csv/1573#50089751>				<https://panlex.org/snapshot/panlex-20191001-csv/1573#50089887>		"vaotā"@to	
"atíičii"@hdn	<https://panlex.org/snapshot/panlex-20191001-csv/1573#50089751>				<https://panlex.org/snapshot/panlex-20191001-csv/1573#50089886>		"vao fihifihi"@to	
"-skatʰ"@hdn	<https://panlex.org/snapshot/panlex-20191001-csv/1573#50090286>				<https://panlex.org/snapshot/panlex-20191001-csv/1573#50090405>		"papa"@to	
"-skatʰ"@hdn	<https://panlex.org/snapshot/panlex-20191001-csv/1573#50090286>				<https://panlex.org/snapshot/panlex-20191001-csv/1573#50090407>		"ʔaka"@to	
"-skatʰ"@hdn	<https://panlex.org/snapshot/panlex-20191001-csv/1573#50090286>				<https://panlex.org/snapshot/panlex-20191001-csv/1573#50090406>		"vaʔakau"@to	
"hlankwáay"@hdn	<https://panlex.org/snapshot/panlex-20191001-csv/1573#50081805>				<https://panlex.org/snapshot/panlex-20191001-csv/1573#50081908>		"māmani"@to	
"ˁkantl"@hdn	<https://panlex.org/snapshot/panlex-20191001-csv/1573#50085733>				<https://panlex.org/snapshot/panlex-20191001-csv/1573#50085859>		"vai-melie"@to	
"ˁkantl"@hdn	<https://panlex.org/snapshot/panlex-20191001-csv/1573#50085733>				<https://panlex.org/snapshot/panlex-20191001-csv/1573#50085858>		"vai"@to	
"ˁkaw"@hdn	<https://panlex.org/snapshot/panlex-20191001-csv/1573#50087161>				<https://panlex.org/snapshot/panlex-20191001-csv/1573#50087234>		"faŋa"@to	
"ˁkaw"@hdn	<https://panlex.org/snapshot/panlex-20191001-csv/1573#50087161>				<https://panlex.org/snapshot/panlex-20191001-csv/1573#50087235>		"faŋa fāsiʔi lōloa"@to	
"ḳˀálaa"@hdn	<https://panlex.org/snapshot/panlex-20191001-csv/1573#50089303>				<https://panlex.org/snapshot/panlex-20191001-csv/1573#50089419>		"ano"@to	
"hlankwáay tlakáay"@hdn	<https://panlex.org/snapshot/panlex-20191001-csv/1573#50082080>				<https://panlex.org/snapshot/panlex-20191001-csv/1573#50082248>		"fonua"@to	
"hlankwáay tlakáay"@hdn	<https://panlex.org/snapshot/panlex-20191001-csv/1573#50082080>				<https://panlex.org/snapshot/panlex-20191001-csv/1573#50082249>		"kelekele"@to	
"hlankwáay tlakáay"@hdn	<https://panlex.org/snapshot/panlex-20191001-csv/1573#50082080>				<https://panlex.org/snapshot/panlex-20191001-csv/1573#50082250>		"māmani"@to	
"čʰiyáa ˁxáw"@hdn	<https://panlex.org/snapshot/panlex-20191001-csv/1573#50085732>				<https://panlex.org/snapshot/panlex-20191001-csv/1573#50085859>		"vai-melie"@to	
"čʰiyáa ˁxáw"@hdn	<https://panlex.org/snapshot/panlex-20191001-csv/1573#50085732>				<https://panlex.org/snapshot/panlex-20191001-csv/1573#50085858>		"vai"@to	
"xwaatúu"@hdn	<https://panlex.org/snapshot/panlex-20191001-csv/1573#50088983>				<https://panlex.org/snapshot/panlex-20191001-csv/1573#50089155>		"mata-vai"@to	
"xwaatúu"@hdn	<https://panlex.org/snapshot/panlex-20191001-csv/1573#50088983>				<https://panlex.org/snapshot/panlex-20191001-csv/1573#50089156>		"maʔuʔaŋa vai"@to	
"ˁkántl"@hdn	<https://panlex.org/snapshot/panlex-20191001-csv/1573#50088365>				<https://panlex.org/snapshot/panlex-20191001-csv/1573#50088586>		"kiʔi vai-tafe"@to	
"ˁkántl"@hdn	<https://panlex.org/snapshot/panlex-20191001-csv/1573#50088365>				<https://panlex.org/snapshot/panlex-20191001-csv/1573#50088587>		"vai-tafe"@to	
"ˁkántl"@hdn	<https://panlex.org/snapshot/panlex-20191001-csv/1573#50085734>				<https://panlex.org/snapshot/panlex-20191001-csv/1573#50085859>		"vai-melie"@to	
"ˁkántl"@hdn	<https://panlex.org/snapshot/panlex-20191001-csv/1573#50085734>				<https://panlex.org/snapshot/panlex-20191001-csv/1573#50085858>		"vai"@to	
"yáan ḳʰaʔán"@hdn	<https://panlex.org/snapshot/panlex-20191001-csv/1573#50091138>				<https://panlex.org/snapshot/panlex-20191001-csv/1573#50091249>		"laŋi"@to	
"kˀukˀáal"@hdn	<https://panlex.org/snapshot/panlex-20191001-csv/1573#50087426>				<https://panlex.org/snapshot/panlex-20191001-csv/1573#50087477>		"hakau"@to	
"sḳˀíl"@hdn	<https://panlex.org/snapshot/panlex-20191001-csv/1573#50082411>				<https://panlex.org/snapshot/panlex-20191001-csv/1573#50082567>		"ʔuli"@to	
"sḳˀíl"@hdn	<https://panlex.org/snapshot/panlex-20191001-csv/1573#50082411>				<https://panlex.org/snapshot/panlex-20191001-csv/1573#50082566>		"kelekele"@to	
"sḳˀíl"@hdn	<https://panlex.org/snapshot/panlex-20191001-csv/1573#50082714>				<https://panlex.org/snapshot/panlex-20191001-csv/1573#50082836>		"efu"@to	
"tlakʰ híltaŋs"@hdn	<https://panlex.org/snapshot/panlex-20191001-csv/1573#50090931>				<https://panlex.org/snapshot/panlex-20191001-csv/1573#50091006>		"mofuike"@to	
"čuuyáay"@hdn	<https://panlex.org/snapshot/panlex-20191001-csv/1573#50091389>				<https://panlex.org/snapshot/panlex-20191001-csv/1573#50091501>		"laʔā"@to	
"tʰáas"@hdn	<https://panlex.org/snapshot/panlex-20191001-csv/1573#50083260>				<https://panlex.org/snapshot/panlex-20191001-csv/1573#50083379>		"ʔoneʔone"@to	
"tíin"@hdn	<https://panlex.org/snapshot/panlex-20191001-csv/1573#50085494>				<https://panlex.org/snapshot/panlex-20191001-csv/1573#50085607>		"ʔana"@to	
"kíitaay ḳʰáahlii"@hdn	<https://panlex.org/snapshot/panlex-20191001-csv/1573#50089752>				<https://panlex.org/snapshot/panlex-20191001-csv/1573#50089888>		"vaotā matolu"@to	
"kíitaay ḳʰáahlii"@hdn	<https://panlex.org/snapshot/panlex-20191001-csv/1573#50089752>				<https://panlex.org/snapshot/panlex-20191001-csv/1573#50089887>		"vaotā"@to	
"kíitaay ḳʰáahlii"@hdn	<https://panlex.org/snapshot/panlex-20191001-csv/1573#50089752>				<https://panlex.org/snapshot/panlex-20191001-csv/1573#50089886>		"vao fihifihi"@to	
"kun-káa"@hdn	<https://panlex.org/snapshot/panlex-20191001-csv/1573#50090287>				<https://panlex.org/snapshot/panlex-20191001-csv/1573#50090405>		"papa"@to	
"kun-káa"@hdn	<https://panlex.org/snapshot/panlex-20191001-csv/1573#50090287>				<https://panlex.org/snapshot/panlex-20191001-csv/1573#50090407>		"ʔaka"@to	
"kun-káa"@hdn	<https://panlex.org/snapshot/panlex-20191001-csv/1573#50090287>				<https://panlex.org/snapshot/panlex-20191001-csv/1573#50090406>		"vaʔakau"@to	
"čúu"@hdn	<https://panlex.org/snapshot/panlex-20191001-csv/1573#50089535>				<https://panlex.org/snapshot/panlex-20191001-csv/1573#50089612>		"vai-tō"@to	
"síikaay"@hdn	<https://panlex.org/snapshot/panlex-20191001-csv/1573#50086758>				<https://panlex.org/snapshot/panlex-20191001-csv/1573#50086836>		"ʔoseni"@to	
"súu"@hdn	<https://panlex.org/snapshot/panlex-20191001-csv/1573#50087307>				<https://panlex.org/snapshot/panlex-20191001-csv/1573#50087366>		"faŋaʔuta"@to	
"súu"@hdn	<https://panlex.org/snapshot/panlex-20191001-csv/1573#50087307>				<https://panlex.org/snapshot/panlex-20191001-csv/1573#50087365>		"ano vai"@to	
"súu"@hdn	<https://panlex.org/snapshot/panlex-20191001-csv/1573#50087307>				<https://panlex.org/snapshot/panlex-20191001-csv/1573#50087367>		"vai kaukauʔaŋa"@to	
"súu"@hdn	<https://panlex.org/snapshot/panlex-20191001-csv/1573#50086966>				<https://panlex.org/snapshot/panlex-20191001-csv/1573#50087077>		"ano vai"@to	
"síiskʰw"@hdn	<https://panlex.org/snapshot/panlex-20191001-csv/1573#50086759>				<https://panlex.org/snapshot/panlex-20191001-csv/1573#50086836>		"ʔoseni"@to	
"xyáaŋs"@hdn	<https://panlex.org/snapshot/panlex-20191001-csv/1573#50088364>				<https://panlex.org/snapshot/panlex-20191001-csv/1573#50088586>		"kiʔi vai-tafe"@to	
"xyáaŋs"@hdn	<https://panlex.org/snapshot/panlex-20191001-csv/1573#50088364>				<https://panlex.org/snapshot/panlex-20191001-csv/1573#50088587>		"vai-tafe"@to	
"inkúusii"@hdn	<https://panlex.org/snapshot/panlex-20191001-csv/1573#50085192>				<https://panlex.org/snapshot/panlex-20191001-csv/1573#50085351>		"matā-fonua"@to	
"inkúusii"@hdn	<https://panlex.org/snapshot/panlex-20191001-csv/1573#50085192>				<https://panlex.org/snapshot/panlex-20191001-csv/1573#50085353>		"veʔe vai-tafe"@to	
"inkúusii"@hdn	<https://panlex.org/snapshot/panlex-20191001-csv/1573#50085192>				<https://panlex.org/snapshot/panlex-20191001-csv/1573#50085352>		"matā-tahi"@to	
"ˁxíilčaa"@hdn	<https://panlex.org/snapshot/panlex-20191001-csv/1573#50085495>				<https://panlex.org/snapshot/panlex-20191001-csv/1573#50085607>		"ʔana"@to	
"ḳˀwíi"@hdn	<https://panlex.org/snapshot/panlex-20191001-csv/1573#50082412>				<https://panlex.org/snapshot/panlex-20191001-csv/1573#50082567>		"ʔuli"@to	
"ḳˀwíi"@hdn	<https://panlex.org/snapshot/panlex-20191001-csv/1573#50082412>				<https://panlex.org/snapshot/panlex-20191001-csv/1573#50082566>		"kelekele"@to	
"ḳʰúukaay"@hdn	<https://panlex.org/snapshot/panlex-20191001-csv/1573#50089536>				<https://panlex.org/snapshot/panlex-20191001-csv/1573#50089612>		"vai-tō"@to	
"kwáay"@hdn	<https://panlex.org/snapshot/panlex-20191001-csv/1573#50084777>				<https://panlex.org/snapshot/panlex-20191001-csv/1573#50084873>		"motu"@to	
"ḳʰíit"@hdn	<https://panlex.org/snapshot/panlex-20191001-csv/1573#50090037>				<https://panlex.org/snapshot/panlex-20191001-csv/1573#50090148>		"fuʔu ʔakau"@to	
"atíitʰsii"@hdn	<https://panlex.org/snapshot/panlex-20191001-csv/1573#50089750>				<https://panlex.org/snapshot/panlex-20191001-csv/1573#50089888>		"vaotā matolu"@to	
"atíitʰsii"@hdn	<https://panlex.org/snapshot/panlex-20191001-csv/1573#50089750>				<https://panlex.org/snapshot/panlex-20191001-csv/1573#50089887>		"vaotā"@to	
"atíitʰsii"@hdn	<https://panlex.org/snapshot/panlex-20191001-csv/1573#50089750>				<https://panlex.org/snapshot/panlex-20191001-csv/1573#50089886>		"vao fihifihi"@to	
"tlatˀaʔáaw"@hdn	<https://panlex.org/snapshot/panlex-20191001-csv/1573#50083596>				<https://panlex.org/snapshot/panlex-20191001-csv/1573#50083778>		"ʔotu moʔuŋa"@to	
"tlatˀaʔáaw"@hdn	<https://panlex.org/snapshot/panlex-20191001-csv/1573#50083596>				<https://panlex.org/snapshot/panlex-20191001-csv/1573#50083777>		"tumutumu"@to	
"tlatˀaʔáaw"@hdn	<https://panlex.org/snapshot/panlex-20191001-csv/1573#50083596>				<https://panlex.org/snapshot/panlex-20191001-csv/1573#50083776>		"moʔuŋa"@to	
"kʰukʰ"@hdn	<https://panlex.org/snapshot/panlex-20191001-csv/1573#50090288>				<https://panlex.org/snapshot/panlex-20191001-csv/1573#50090405>		"papa"@to	
"kʰukʰ"@hdn	<https://panlex.org/snapshot/panlex-20191001-csv/1573#50090288>				<https://panlex.org/snapshot/panlex-20191001-csv/1573#50090407>		"ʔaka"@to	
"kʰukʰ"@hdn	<https://panlex.org/snapshot/panlex-20191001-csv/1573#50090288>				<https://panlex.org/snapshot/panlex-20191001-csv/1573#50090406>		"vaʔakau"@to	
"ḳʰátl"@hdn	<https://panlex.org/snapshot/panlex-20191001-csv/1573#50087427>				<https://panlex.org/snapshot/panlex-20191001-csv/1573#50087477>		"hakau"@to	
"únskʰw"@hdn	<https://panlex.org/snapshot/panlex-20191001-csv/1573#50084974>				<https://panlex.org/snapshot/panlex-20191001-csv/1573#50085035>		"konitinēniti"@to	
"únskʰw"@hdn	<https://panlex.org/snapshot/panlex-20191001-csv/1573#50084974>				<https://panlex.org/snapshot/panlex-20191001-csv/1573#50085034>		"fonua lahi"@to	
"čʰáan"@hdn	<https://panlex.org/snapshot/panlex-20191001-csv/1573#50082999>				<https://panlex.org/snapshot/panlex-20191001-csv/1573#50083134>		"pelepela"@to	
"tlatˀawáay"@hdn	<https://panlex.org/snapshot/panlex-20191001-csv/1573#50083595>				<https://panlex.org/snapshot/panlex-20191001-csv/1573#50083778>		"ʔotu moʔuŋa"@to	
"tlatˀawáay"@hdn	<https://panlex.org/snapshot/panlex-20191001-csv/1573#50083595>				<https://panlex.org/snapshot/panlex-20191001-csv/1573#50083777>		"tumutumu"@to	
"tlatˀawáay"@hdn	<https://panlex.org/snapshot/panlex-20191001-csv/1573#50083595>				<https://panlex.org/snapshot/panlex-20191001-csv/1573#50083776>		"moʔuŋa"@to	
"kʰún"@hdn	<https://panlex.org/snapshot/panlex-20191001-csv/1573#50087536>				<https://panlex.org/snapshot/panlex-20191001-csv/1573#50087598>		"mui-fonua"@to	
"ḳˀaw"@hdn	<https://panlex.org/snapshot/panlex-20191001-csv/1573#50090290>				<https://panlex.org/snapshot/panlex-20191001-csv/1573#50090405>		"papa"@to	
"ḳˀaw"@hdn	<https://panlex.org/snapshot/panlex-20191001-csv/1573#50090290>				<https://panlex.org/snapshot/panlex-20191001-csv/1573#50090407>		"ʔaka"@to	
"ḳˀaw"@hdn	<https://panlex.org/snapshot/panlex-20191001-csv/1573#50090290>				<https://panlex.org/snapshot/panlex-20191001-csv/1573#50090406>		"vaʔakau"@to	
"sḳˀáaŋw"@hdn	<https://panlex.org/snapshot/panlex-20191001-csv/1573#50090289>				<https://panlex.org/snapshot/panlex-20191001-csv/1573#50090405>		"papa"@to	
"sḳˀáaŋw"@hdn	<https://panlex.org/snapshot/panlex-20191001-csv/1573#50090289>				<https://panlex.org/snapshot/panlex-20191001-csv/1573#50090407>		"ʔaka"@to	
"sḳˀáaŋw"@hdn	<https://panlex.org/snapshot/panlex-20191001-csv/1573#50090289>				<https://panlex.org/snapshot/panlex-20191001-csv/1573#50090406>		"vaʔakau"@to	
"čʰaaw salíi"@hdn	<https://panlex.org/snapshot/panlex-20191001-csv/1573#50085193>				<https://panlex.org/snapshot/panlex-20191001-csv/1573#50085351>		"matā-fonua"@to	
"čʰaaw salíi"@hdn	<https://panlex.org/snapshot/panlex-20191001-csv/1573#50085193>				<https://panlex.org/snapshot/panlex-20191001-csv/1573#50085353>		"veʔe vai-tafe"@to	
"čʰaaw salíi"@hdn	<https://panlex.org/snapshot/panlex-20191001-csv/1573#50085193>				<https://panlex.org/snapshot/panlex-20191001-csv/1573#50085352>		"matā-tahi"@to	
"ḳʰwaa"@hdn	<https://panlex.org/snapshot/panlex-20191001-csv/1573#50090605>				<https://panlex.org/snapshot/panlex-20191001-csv/1573#50090804>		"maka afi"@to	
"ḳʰwaa"@hdn	<https://panlex.org/snapshot/panlex-20191001-csv/1573#50090605>				<https://panlex.org/snapshot/panlex-20191001-csv/1573#50090803>		"maka"@to	
"-yistaŋ"@hdn	<https://panlex.org/snapshot/panlex-20191001-csv/1573#50087717>				<https://panlex.org/snapshot/panlex-20191001-csv/1573#50087826>		"ake"@to	
"-yistaŋ"@hdn	<https://panlex.org/snapshot/panlex-20191001-csv/1573#50087717>				<https://panlex.org/snapshot/panlex-20191001-csv/1573#50087827>		"peau"@to	
