"wǝšeh"@eya	<https://panlex.org/snapshot/panlex-20191001-csv/3975#51728639>				<https://panlex.org/snapshot/panlex-20191001-csv/3975#51728623>		"sasa-na"@alu	
"wǝšeh"@eya	<https://panlex.org/snapshot/panlex-20191001-csv/3975#51728639>				<https://panlex.org/snapshot/panlex-20191001-csv/3975#51728624>		"rata-na"@alu	
"tʼahɬ"@eya	<https://panlex.org/snapshot/panlex-20191001-csv/3975#51727083>				<https://panlex.org/snapshot/panlex-20191001-csv/3975#51727067>		"poʔere"@alu	
"tʼahɬ"@eya	<https://panlex.org/snapshot/panlex-20191001-csv/3975#51727083>				<https://panlex.org/snapshot/panlex-20191001-csv/3975#51727066>		"ʔaʔapa-na"@alu	
"tʼahɬ"@eya	<https://panlex.org/snapshot/panlex-20191001-csv/3975#51724336>				<https://panlex.org/snapshot/panlex-20191001-csv/3975#51724318>		"warahu-na"@alu	
"tʼahɬ"@eya	<https://panlex.org/snapshot/panlex-20191001-csv/3975#51724336>				<https://panlex.org/snapshot/panlex-20191001-csv/3975#51724319>		"uhuhu"@alu	
"=saʔ-t"@eya	<https://panlex.org/snapshot/panlex-20191001-csv/3975#51728488>				<https://panlex.org/snapshot/panlex-20191001-csv/3975#51728469>		"nusu-na"@alu	
"=saʔ-t"@eya	<https://panlex.org/snapshot/panlex-20191001-csv/3975#51728488>				<https://panlex.org/snapshot/panlex-20191001-csv/3975#51728468>		"wawa-na"@alu	
"=laʔtʼ"@eya	<https://panlex.org/snapshot/panlex-20191001-csv/3975#51733150>				<https://panlex.org/snapshot/panlex-20191001-csv/3975#51733133>		"mea-na"@alu	
"=laʔtʼ"@eya	<https://panlex.org/snapshot/panlex-20191001-csv/3975#51733150>				<https://panlex.org/snapshot/panlex-20191001-csv/3975#51733132>		"mea-na"@alu	
"tǝq-i-taʔ -tǝ-ʔya"@eya	<https://panlex.org/snapshot/panlex-20191001-csv/3975#51725035>				<https://panlex.org/snapshot/panlex-20191001-csv/3975#51725021>		"honu"@alu	
"tǝq-i-taʔ -tǝ-ʔya"@eya	<https://panlex.org/snapshot/panlex-20191001-csv/3975#51725035>				<https://panlex.org/snapshot/panlex-20191001-csv/3975#51725020>		"hɔnu"@alu	
"=tǝ=le"@eya	<https://panlex.org/snapshot/panlex-20191001-csv/3975#51730628>				<https://panlex.org/snapshot/panlex-20191001-csv/3975#51730607>		"unua"@alu	
"=tǝ=le"@eya	<https://panlex.org/snapshot/panlex-20191001-csv/3975#51730628>				<https://panlex.org/snapshot/panlex-20191001-csv/3975#51730608>		"iria"@alu	
"tiːyaʔ-kaʔ"@eya	<https://panlex.org/snapshot/panlex-20191001-csv/3975#51725456>				<https://panlex.org/snapshot/panlex-20191001-csv/3975#51725441>		"kirakiraʔa"@alu	
"tiːyaʔ-kaʔ"@eya	<https://panlex.org/snapshot/panlex-20191001-csv/3975#51725456>				<https://panlex.org/snapshot/panlex-20191001-csv/3975#51725442>		"warawarawaʔa"@alu	
"ʔãː"@eya	<https://panlex.org/snapshot/panlex-20191001-csv/3975#51732860>				<https://panlex.org/snapshot/panlex-20191001-csv/3975#51732839>		"ʔeto"@alu	
"=čuː"@eya	<https://panlex.org/snapshot/panlex-20191001-csv/3975#51725318>				<https://panlex.org/snapshot/panlex-20191001-csv/3975#51725301>		"sena"@alu	
"=čuː"@eya	<https://panlex.org/snapshot/panlex-20191001-csv/3975#51725318>				<https://panlex.org/snapshot/panlex-20191001-csv/3975#51725300>		"siani"@alu	
"=tǝ=ɬ=kʼaʔtʼ"@eya	<https://panlex.org/snapshot/panlex-20191001-csv/3975#51724760>				<https://panlex.org/snapshot/panlex-20191001-csv/3975#51724742>		"roho"@alu	
"=tǝ=ɬ=kʼaʔtʼ"@eya	<https://panlex.org/snapshot/panlex-20191001-csv/3975#51724760>				<https://panlex.org/snapshot/panlex-20191001-csv/3975#51724743>		"rohoha"@alu	
"kʼuːy"@eya	<https://panlex.org/snapshot/panlex-20191001-csv/3975#51736128>				<https://panlex.org/snapshot/panlex-20191001-csv/3975#51736110>		"oːru"@alu	
"kʼuːy"@eya	<https://panlex.org/snapshot/panlex-20191001-csv/3975#51736128>				<https://panlex.org/snapshot/panlex-20191001-csv/3975#51736109>		"iru"@alu	
"=cʰĩʔ"@eya	<https://panlex.org/snapshot/panlex-20191001-csv/3975#51728782>				<https://panlex.org/snapshot/panlex-20191001-csv/3975#51728765>		"rua-na"@alu	
"=cʰĩʔ"@eya	<https://panlex.org/snapshot/panlex-20191001-csv/3975#51728782>				<https://panlex.org/snapshot/panlex-20191001-csv/3975#51728766>		"rua-na"@alu	
"taː"@eya	<https://panlex.org/snapshot/panlex-20191001-csv/3975#51734239>				<https://panlex.org/snapshot/panlex-20191001-csv/3975#51734220>		"i=ʔami"@alu	
"taː"@eya	<https://panlex.org/snapshot/panlex-20191001-csv/3975#51734239>				<https://panlex.org/snapshot/panlex-20191001-csv/3975#51734217>		"i=kɔru"@alu	
"taː"@eya	<https://panlex.org/snapshot/panlex-20191001-csv/3975#51734239>				<https://panlex.org/snapshot/panlex-20191001-csv/3975#51734218>		"i=ʔemi"@alu	
"taː"@eya	<https://panlex.org/snapshot/panlex-20191001-csv/3975#51734239>				<https://panlex.org/snapshot/panlex-20191001-csv/3975#51734219>		"i=koru"@alu	
"ʔiː"@eya	<https://panlex.org/snapshot/panlex-20191001-csv/3975#51733005>				<https://panlex.org/snapshot/panlex-20191001-csv/3975#51732988>		"iʔo"@alu	
"ʔiː"@eya	<https://panlex.org/snapshot/panlex-20191001-csv/3975#51733005>				<https://panlex.org/snapshot/panlex-20191001-csv/3975#51732987>		"iʔoe"@alu	
"teː"@eya	<https://panlex.org/snapshot/panlex-20191001-csv/3975#51734460>				<https://panlex.org/snapshot/panlex-20191001-csv/3975#51734441>		"a=taː"@alu	
"teː"@eya	<https://panlex.org/snapshot/panlex-20191001-csv/3975#51734460>				<https://panlex.org/snapshot/panlex-20191001-csv/3975#51734442>		"ari=taː"@alu	
"qʰaht-ɬ"@eya	<https://panlex.org/snapshot/panlex-20191001-csv/3975#51720855>				<https://panlex.org/snapshot/panlex-20191001-csv/3975#51720840>		"teʔeteʔena"@alu	
"qʰaht-ɬ"@eya	<https://panlex.org/snapshot/panlex-20191001-csv/3975#51720855>				<https://panlex.org/snapshot/panlex-20191001-csv/3975#51720841>		"sisima"@alu	
"χǝƛʼ"@eya	<https://panlex.org/snapshot/panlex-20191001-csv/3975#51729054>				<https://panlex.org/snapshot/panlex-20191001-csv/3975#51729033>		"meʔetani"@alu	
"χǝƛʼ"@eya	<https://panlex.org/snapshot/panlex-20191001-csv/3975#51729054>				<https://panlex.org/snapshot/panlex-20191001-csv/3975#51729032>		"hau=roto"@alu	
"=k=ƛʼah"@eya	<https://panlex.org/snapshot/panlex-20191001-csv/3975#51732551>				<https://panlex.org/snapshot/panlex-20191001-csv/3975#51732534>		"kiʔikiʔi-na"@alu	
"=k=ƛʼah"@eya	<https://panlex.org/snapshot/panlex-20191001-csv/3975#51732551>				<https://panlex.org/snapshot/panlex-20191001-csv/3975#51732533>		"kukuʔi-na"@alu	
"=tʰah"@eya	<https://panlex.org/snapshot/panlex-20191001-csv/3975#51731246>				<https://panlex.org/snapshot/panlex-20191001-csv/3975#51731234>		"sisima-na"@alu	
"=tʰah"@eya	<https://panlex.org/snapshot/panlex-20191001-csv/3975#51731246>				<https://panlex.org/snapshot/panlex-20191001-csv/3975#51731233>		"hinasuna"@alu	
"=še"@eya	<https://panlex.org/snapshot/panlex-20191001-csv/3975#51726660>				<https://panlex.org/snapshot/panlex-20191001-csv/3975#51726644>		"waʔiha"@alu	
"=še"@eya	<https://panlex.org/snapshot/panlex-20191001-csv/3975#51726660>				<https://panlex.org/snapshot/panlex-20191001-csv/3975#51726643>		"horoʔia"@alu	
"=ʔ=ɬ=ka"@eya	<https://panlex.org/snapshot/panlex-20191001-csv/3975#51726947>				<https://panlex.org/snapshot/panlex-20191001-csv/3975#51726930>		"raea"@alu	
"=ʔ=ɬ=ka"@eya	<https://panlex.org/snapshot/panlex-20191001-csv/3975#51726947>				<https://panlex.org/snapshot/panlex-20191001-csv/3975#51726929>		"saea"@alu	
"=šaːw"@eya	<https://panlex.org/snapshot/panlex-20191001-csv/3975#51725881>				<https://panlex.org/snapshot/panlex-20191001-csv/3975#51725859>		"rahu-na"@alu	
"=šaːw"@eya	<https://panlex.org/snapshot/panlex-20191001-csv/3975#51725881>				<https://panlex.org/snapshot/panlex-20191001-csv/3975#51725858>		"pau-na"@alu	
"tʰaː"@eya	<https://panlex.org/snapshot/panlex-20191001-csv/3975#51730125>				<https://panlex.org/snapshot/panlex-20191001-csv/3975#51730107>		"tara"@alu	
"tʰaː"@eya	<https://panlex.org/snapshot/panlex-20191001-csv/3975#51730125>				<https://panlex.org/snapshot/panlex-20191001-csv/3975#51730108>		"tara"@alu	
"=ƛʼe"@eya	<https://panlex.org/snapshot/panlex-20191001-csv/3975#51722500>				<https://panlex.org/snapshot/panlex-20191001-csv/3975#51722481>		"mamaʔuːsi"@alu	
"=ƛʼe"@eya	<https://panlex.org/snapshot/panlex-20191001-csv/3975#51722500>				<https://panlex.org/snapshot/panlex-20191001-csv/3975#51722482>		"sisiuʔa"@alu	
"=tǝ=ɬǝ=čʼaːqʼ"@eya	<https://panlex.org/snapshot/panlex-20191001-csv/3975#51726034>				<https://panlex.org/snapshot/panlex-20191001-csv/3975#51726016>		"panoroha"@alu	
"=tǝ=ɬǝ=čʼaːqʼ"@eya	<https://panlex.org/snapshot/panlex-20191001-csv/3975#51726034>				<https://panlex.org/snapshot/panlex-20191001-csv/3975#51726015>		"rono"@alu	
"=lǝ=qʰah"@eya	<https://panlex.org/snapshot/panlex-20191001-csv/3975#51725880>				<https://panlex.org/snapshot/panlex-20191001-csv/3975#51725859>		"rahu-na"@alu	
"=lǝ=qʰah"@eya	<https://panlex.org/snapshot/panlex-20191001-csv/3975#51725880>				<https://panlex.org/snapshot/panlex-20191001-csv/3975#51725858>		"pau-na"@alu	
"=tǝ=čʼeːʔ"@eya	<https://panlex.org/snapshot/panlex-20191001-csv/3975#51729986>				<https://panlex.org/snapshot/panlex-20191001-csv/3975#51729968>		"memeraʔa"@alu	
"=tǝ=čʼeːʔ"@eya	<https://panlex.org/snapshot/panlex-20191001-csv/3975#51729986>				<https://panlex.org/snapshot/panlex-20191001-csv/3975#51729969>		"nonorohiʔa"@alu	
"cʼǝl"@eya	<https://panlex.org/snapshot/panlex-20191001-csv/3975#51721831>				<https://panlex.org/snapshot/panlex-20191001-csv/3975#51721813>		"susuri-na"@alu	
"cʼǝl"@eya	<https://panlex.org/snapshot/panlex-20191001-csv/3975#51721831>				<https://panlex.org/snapshot/panlex-20191001-csv/3975#51721814>		"susuri"@alu	
"=χũː-ɬǝ-yah"@eya	<https://panlex.org/snapshot/panlex-20191001-csv/3975#51733303>				<https://panlex.org/snapshot/panlex-20191001-csv/3975#51733284>		"niho-na"@alu	
"=χũː-ɬǝ-yah"@eya	<https://panlex.org/snapshot/panlex-20191001-csv/3975#51733303>				<https://panlex.org/snapshot/panlex-20191001-csv/3975#51733285>		"niho-na"@alu	
"=ʔã"@eya	<https://panlex.org/snapshot/panlex-20191001-csv/3975#51730792>				<https://panlex.org/snapshot/panlex-20191001-csv/3975#51730773>		"riosia"@alu	
"=ʔã"@eya	<https://panlex.org/snapshot/panlex-20191001-csv/3975#51730792>				<https://panlex.org/snapshot/panlex-20191001-csv/3975#51730774>		"resia"@alu	
"=taː-"@eya	<https://panlex.org/snapshot/panlex-20191001-csv/3975#51735442>				<https://panlex.org/snapshot/panlex-20191001-csv/3975#51735422>		"karahini"@alu	
"=taː-"@eya	<https://panlex.org/snapshot/panlex-20191001-csv/3975#51735442>				<https://panlex.org/snapshot/panlex-20191001-csv/3975#51735421>		"karaʔini"@alu	
"=šeːkʼ"@eya	<https://panlex.org/snapshot/panlex-20191001-csv/3975#51721966>				<https://panlex.org/snapshot/panlex-20191001-csv/3975#51721948>		"susu-na"@alu	
"=šeːkʼ"@eya	<https://panlex.org/snapshot/panlex-20191001-csv/3975#51721966>				<https://panlex.org/snapshot/panlex-20191001-csv/3975#51721949>		"susu"@alu	
"qʼahs"@eya	<https://panlex.org/snapshot/panlex-20191001-csv/3975#51722380>				<https://panlex.org/snapshot/panlex-20191001-csv/3975#51722364>		"wahawaha"@alu	
"qʼahs"@eya	<https://panlex.org/snapshot/panlex-20191001-csv/3975#51722380>				<https://panlex.org/snapshot/panlex-20191001-csv/3975#51722365>		"wahawaha"@alu	
"=laːχ"@eya	<https://panlex.org/snapshot/panlex-20191001-csv/3975#51724039>				<https://panlex.org/snapshot/panlex-20191001-csv/3975#51724020>		"maː-na"@alu	
"=laːχ"@eya	<https://panlex.org/snapshot/panlex-20191001-csv/3975#51724039>				<https://panlex.org/snapshot/panlex-20191001-csv/3975#51724019>		"maː-na"@alu	
"tǝ=qʼaː-k"@eya	<https://panlex.org/snapshot/panlex-20191001-csv/3975#51724464>				<https://panlex.org/snapshot/panlex-20191001-csv/3975#51724447>		"suna"@alu	
"tǝ=qʼaː-k"@eya	<https://panlex.org/snapshot/panlex-20191001-csv/3975#51724464>				<https://panlex.org/snapshot/panlex-20191001-csv/3975#51724446>		"suːna"@alu	
"ʔiƛʼ"@eya	<https://panlex.org/snapshot/panlex-20191001-csv/3975#51728368>				<https://panlex.org/snapshot/panlex-20191001-csv/3975#51728352>		"ire"@alu	
"ʔiƛʼ"@eya	<https://panlex.org/snapshot/panlex-20191001-csv/3975#51728368>				<https://panlex.org/snapshot/panlex-20191001-csv/3975#51728351>		"ire"@alu	
"=cʰuʔt"@eya	<https://panlex.org/snapshot/panlex-20191001-csv/3975#51731401>				<https://panlex.org/snapshot/panlex-20191001-csv/3975#51731382>		"maʔasu"@alu	
"=cʰuʔt"@eya	<https://panlex.org/snapshot/panlex-20191001-csv/3975#51731401>				<https://panlex.org/snapshot/panlex-20191001-csv/3975#51731381>		"maʔahu"@alu	
"=tǝ=la"@eya	<https://panlex.org/snapshot/panlex-20191001-csv/3975#51723138>				<https://panlex.org/snapshot/panlex-20191001-csv/3975#51723119>		"ino"@alu	
"=tǝ=la"@eya	<https://panlex.org/snapshot/panlex-20191001-csv/3975#51723138>				<https://panlex.org/snapshot/panlex-20191001-csv/3975#51723120>		"koʔuha"@alu	
"ʔãh"@eya	<https://panlex.org/snapshot/panlex-20191001-csv/3975#51723586>				<https://panlex.org/snapshot/panlex-20191001-csv/3975#51723567>		"makano"@alu	
"ʔãh"@eya	<https://panlex.org/snapshot/panlex-20191001-csv/3975#51723586>				<https://panlex.org/snapshot/panlex-20191001-csv/3975#51723568>		"mako"@alu	
"=čʼ==tʰa"@eya	<https://panlex.org/snapshot/panlex-20191001-csv/3975#51725158>				<https://panlex.org/snapshot/panlex-20191001-csv/3975#51725137>		"wateha"@alu	
"=čʼ==tʰa"@eya	<https://panlex.org/snapshot/panlex-20191001-csv/3975#51725158>				<https://panlex.org/snapshot/panlex-20191001-csv/3975#51725136>		"ni-a"@alu	
"=tǝ=χã"@eya	<https://panlex.org/snapshot/panlex-20191001-csv/3975#51733951>				<https://panlex.org/snapshot/panlex-20191001-csv/3975#51733930>		"raraka"@alu	
"=tǝ=χã"@eya	<https://panlex.org/snapshot/panlex-20191001-csv/3975#51733951>				<https://panlex.org/snapshot/panlex-20191001-csv/3975#51733931>		"rakaraka"@alu	
"xiƛʼ-kaʔ"@eya	<https://panlex.org/snapshot/panlex-20191001-csv/3975#51734612>				<https://panlex.org/snapshot/panlex-20191001-csv/3975#51734596>		"paparahiʔa"@alu	
"xiƛʼ-kaʔ"@eya	<https://panlex.org/snapshot/panlex-20191001-csv/3975#51734612>				<https://panlex.org/snapshot/panlex-20191001-csv/3975#51734595>		"ʔeʔekeʔa"@alu	
"=tǝ=ʔuht-k"@eya	<https://panlex.org/snapshot/panlex-20191001-csv/3975#51723905>				<https://panlex.org/snapshot/panlex-20191001-csv/3975#51723887>		"apotona"@alu	
"=tǝ=ʔuht-k"@eya	<https://panlex.org/snapshot/panlex-20191001-csv/3975#51723905>				<https://panlex.org/snapshot/panlex-20191001-csv/3975#51723888>		"apota"@alu	
"tiɬ"@eya	<https://panlex.org/snapshot/panlex-20191001-csv/3975#51721681>				<https://panlex.org/snapshot/panlex-20191001-csv/3975#51721662>		"ʔapu-na"@alu	
"tiɬ"@eya	<https://panlex.org/snapshot/panlex-20191001-csv/3975#51721681>				<https://panlex.org/snapshot/panlex-20191001-csv/3975#51721663>		"ʔapu"@alu	
"=naʔtʼ"@eya	<https://panlex.org/snapshot/panlex-20191001-csv/3975#51733151>				<https://panlex.org/snapshot/panlex-20191001-csv/3975#51733133>		"mea-na"@alu	
"=naʔtʼ"@eya	<https://panlex.org/snapshot/panlex-20191001-csv/3975#51733151>				<https://panlex.org/snapshot/panlex-20191001-csv/3975#51733132>		"mea-na"@alu	
"kʰucʼ-k"@eya	<https://panlex.org/snapshot/panlex-20191001-csv/3975#51731556>				<https://panlex.org/snapshot/panlex-20191001-csv/3975#51731537>		"maimai"@alu	
"kʰucʼ-k"@eya	<https://panlex.org/snapshot/panlex-20191001-csv/3975#51731556>				<https://panlex.org/snapshot/panlex-20191001-csv/3975#51731538>		"masike"@alu	
"χǝwaː-cʰeʔqʼ-kaʔ"@eya	<https://panlex.org/snapshot/panlex-20191001-csv/3975#51735055>				<https://panlex.org/snapshot/panlex-20191001-csv/3975#51735038>		"saʔisaʔi-ra"@alu	
"χǝwaː-cʰeʔqʼ-kaʔ"@eya	<https://panlex.org/snapshot/panlex-20191001-csv/3975#51735055>				<https://panlex.org/snapshot/panlex-20191001-csv/3975#51735039>		"koʔakoʔa-ra"@alu	
"qǝtǝ=kǝɬ"@eya	<https://panlex.org/snapshot/panlex-20191001-csv/3975#51732269>				<https://panlex.org/snapshot/panlex-20191001-csv/3975#51732250>		"saso"@alu	
"qǝtǝ=kǝɬ"@eya	<https://panlex.org/snapshot/panlex-20191001-csv/3975#51732269>				<https://panlex.org/snapshot/panlex-20191001-csv/3975#51732251>		"rato"@alu	
"=saʔ"@eya	<https://panlex.org/snapshot/panlex-20191001-csv/3975#51728487>				<https://panlex.org/snapshot/panlex-20191001-csv/3975#51728469>		"nusu-na"@alu	
"=saʔ"@eya	<https://panlex.org/snapshot/panlex-20191001-csv/3975#51728487>				<https://panlex.org/snapshot/panlex-20191001-csv/3975#51728468>		"wawa-na"@alu	
"qʰaː"@eya	<https://panlex.org/snapshot/panlex-20191001-csv/3975#51734240>				<https://panlex.org/snapshot/panlex-20191001-csv/3975#51734220>		"i=ʔami"@alu	
"qʰaː"@eya	<https://panlex.org/snapshot/panlex-20191001-csv/3975#51734240>				<https://panlex.org/snapshot/panlex-20191001-csv/3975#51734217>		"i=kɔru"@alu	
"qʰaː"@eya	<https://panlex.org/snapshot/panlex-20191001-csv/3975#51734240>				<https://panlex.org/snapshot/panlex-20191001-csv/3975#51734218>		"i=ʔemi"@alu	
"qʰaː"@eya	<https://panlex.org/snapshot/panlex-20191001-csv/3975#51734240>				<https://panlex.org/snapshot/panlex-20191001-csv/3975#51734219>		"i=koru"@alu	
"=qʼǝχ"@eya	<https://panlex.org/snapshot/panlex-20191001-csv/3975#51724194>				<https://panlex.org/snapshot/panlex-20191001-csv/3975#51724176>		"piʔa"@alu	
"=qʼǝχ"@eya	<https://panlex.org/snapshot/panlex-20191001-csv/3975#51724194>				<https://panlex.org/snapshot/panlex-20191001-csv/3975#51724177>		"momo-na"@alu	
"laʔt-ih"@eya	<https://panlex.org/snapshot/panlex-20191001-csv/3975#51733604>				<https://panlex.org/snapshot/panlex-20191001-csv/3975#51733587>		"rua"@alu	
"laʔt-ih"@eya	<https://panlex.org/snapshot/panlex-20191001-csv/3975#51733604>				<https://panlex.org/snapshot/panlex-20191001-csv/3975#51733586>		"rua"@alu	
"=a"@eya	<https://panlex.org/snapshot/panlex-20191001-csv/3975#51722643>				<https://panlex.org/snapshot/panlex-20191001-csv/3975#51722620>		"raː-mai"@alu	
"=a"@eya	<https://panlex.org/snapshot/panlex-20191001-csv/3975#51722643>				<https://panlex.org/snapshot/panlex-20191001-csv/3975#51722619>		"rae-mai"@alu	
"=a"@eya	<https://panlex.org/snapshot/panlex-20191001-csv/3975#51733769>				<https://panlex.org/snapshot/panlex-20191001-csv/3975#51733749>		"rae"@alu	
"=a"@eya	<https://panlex.org/snapshot/panlex-20191001-csv/3975#51733769>				<https://panlex.org/snapshot/panlex-20191001-csv/3975#51733748>		"ra"@alu	
"=a"@eya	<https://panlex.org/snapshot/panlex-20191001-csv/3975#51733769>				<https://panlex.org/snapshot/panlex-20191001-csv/3975#51733750>		"raː"@alu	
"yǝχ=tǝ=ɬǝ=kʼaʔtʼ-χ"@eya	<https://panlex.org/snapshot/panlex-20191001-csv/3975#51721260>				<https://panlex.org/snapshot/panlex-20191001-csv/3975#51721242>		"manu"@alu	
"yǝχ=tǝ=ɬǝ=kʼaʔtʼ-χ"@eya	<https://panlex.org/snapshot/panlex-20191001-csv/3975#51721260>				<https://panlex.org/snapshot/panlex-20191001-csv/3975#51721243>		"manu"@alu	
"=cʼǝl-ih"@eya	<https://panlex.org/snapshot/panlex-20191001-csv/3975#51721832>				<https://panlex.org/snapshot/panlex-20191001-csv/3975#51721813>		"susuri-na"@alu	
"=cʼǝl-ih"@eya	<https://panlex.org/snapshot/panlex-20191001-csv/3975#51721832>				<https://panlex.org/snapshot/panlex-20191001-csv/3975#51721814>		"susuri"@alu	
"χuhχ-ʔa-ʔluw-yuː"@eya	<https://panlex.org/snapshot/panlex-20191001-csv/3975#51735847>				<https://panlex.org/snapshot/panlex-20191001-csv/3975#51735832>		"maː"@alu	
"χuhχ-ʔa-ʔluw-yuː"@eya	<https://panlex.org/snapshot/panlex-20191001-csv/3975#51735847>				<https://panlex.org/snapshot/panlex-20191001-csv/3975#51735831>		"waː"@alu	
"ɬilaːʔ"@eya	<https://panlex.org/snapshot/panlex-20191001-csv/3975#51727778>				<https://panlex.org/snapshot/panlex-20191001-csv/3975#51727760>		"mane"@alu	
"ɬilaːʔ"@eya	<https://panlex.org/snapshot/panlex-20191001-csv/3975#51727778>				<https://panlex.org/snapshot/panlex-20191001-csv/3975#51727759>		"mane"@alu	
"=ʔaːw"@eya	<https://panlex.org/snapshot/panlex-20191001-csv/3975#51727523>				<https://panlex.org/snapshot/panlex-20191001-csv/3975#51727502>		"teva"@alu	
"=ʔaːw"@eya	<https://panlex.org/snapshot/panlex-20191001-csv/3975#51727523>				<https://panlex.org/snapshot/panlex-20191001-csv/3975#51727503>		"ʔewa"@alu	
"=yǝ=qʼaʔcʼ"@eya	<https://panlex.org/snapshot/panlex-20191001-csv/3975#51725728>				<https://panlex.org/snapshot/panlex-20191001-csv/3975#51725711>		"kiʔikiʔi-na"@alu	
"=yǝ=qʼaʔcʼ"@eya	<https://panlex.org/snapshot/panlex-20191001-csv/3975#51725728>				<https://panlex.org/snapshot/panlex-20191001-csv/3975#51725710>		"kaikaʔi-na"@alu	
"=kʰumah"@eya	<https://panlex.org/snapshot/panlex-20191001-csv/3975#51720985>				<https://panlex.org/snapshot/panlex-20191001-csv/3975#51720967>		"oːpa-na"@alu	
"=kʰumah"@eya	<https://panlex.org/snapshot/panlex-20191001-csv/3975#51720985>				<https://panlex.org/snapshot/panlex-20191001-csv/3975#51720966>		"opa-na"@alu	
"=kʼahš"@eya	<https://panlex.org/snapshot/panlex-20191001-csv/3975#51724892>				<https://panlex.org/snapshot/panlex-20191001-csv/3975#51724873>		"aʔe-na"@alu	
"=kʼahš"@eya	<https://panlex.org/snapshot/panlex-20191001-csv/3975#51724892>				<https://panlex.org/snapshot/panlex-20191001-csv/3975#51724874>		"aʔe-na"@alu	
"χǝwaː"@eya	<https://panlex.org/snapshot/panlex-20191001-csv/3975#51722981>				<https://panlex.org/snapshot/panlex-20191001-csv/3975#51722964>		"kukui"@alu	
"χǝwaː"@eya	<https://panlex.org/snapshot/panlex-20191001-csv/3975#51722981>				<https://panlex.org/snapshot/panlex-20191001-csv/3975#51722965>		"kiː"@alu	
"=niːkʼ"@eya	<https://panlex.org/snapshot/panlex-20191001-csv/3975#51729207>				<https://panlex.org/snapshot/panlex-20191001-csv/3975#51729191>		"pano-na"@alu	
"=niːkʼ"@eya	<https://panlex.org/snapshot/panlex-20191001-csv/3975#51729207>				<https://panlex.org/snapshot/panlex-20191001-csv/3975#51729190>		"pano-na"@alu	
"=saht"@eya	<https://panlex.org/snapshot/panlex-20191001-csv/3975#51727380>				<https://panlex.org/snapshot/panlex-20191001-csv/3975#51727363>		"rae-na"@alu	
"=saht"@eya	<https://panlex.org/snapshot/panlex-20191001-csv/3975#51727380>				<https://panlex.org/snapshot/panlex-20191001-csv/3975#51727362>		"sae ʔouʔohuna"@alu	
"=χ=a"@eya	<https://panlex.org/snapshot/panlex-20191001-csv/3975#51723736>				<https://panlex.org/snapshot/panlex-20191001-csv/3975#51723716>		"nau"@alu	
"=χ=a"@eya	<https://panlex.org/snapshot/panlex-20191001-csv/3975#51723736>				<https://panlex.org/snapshot/panlex-20191001-csv/3975#51723717>		"hanaha"@alu	
"=sĩh"@eya	<https://panlex.org/snapshot/panlex-20191001-csv/3975#51722826>				<https://panlex.org/snapshot/panlex-20191001-csv/3975#51722806>		"mae"@alu	
"=sĩh"@eya	<https://panlex.org/snapshot/panlex-20191001-csv/3975#51722826>				<https://panlex.org/snapshot/panlex-20191001-csv/3975#51722807>		"maeha"@alu	
"=ʔnuw"@eya	<https://panlex.org/snapshot/panlex-20191001-csv/3975#51721119>				<https://panlex.org/snapshot/panlex-20191001-csv/3975#51721102>		"pai-na"@alu	
"=ʔnuw"@eya	<https://panlex.org/snapshot/panlex-20191001-csv/3975#51721119>				<https://panlex.org/snapshot/panlex-20191001-csv/3975#51721103>		"pai-na"@alu	
"qǝ=ƛaː=ʔaːw"@eya	<https://panlex.org/snapshot/panlex-20191001-csv/3975#51735186>				<https://panlex.org/snapshot/panlex-20191001-csv/3975#51735166>		"ririʔi"@alu	
"qǝ=ƛaː=ʔaːw"@eya	<https://panlex.org/snapshot/panlex-20191001-csv/3975#51735186>				<https://panlex.org/snapshot/panlex-20191001-csv/3975#51735167>		"haʔitau"@alu	
"=ʔuq-ɬ"@eya	<https://panlex.org/snapshot/panlex-20191001-csv/3975#51726187>				<https://panlex.org/snapshot/panlex-20191001-csv/3975#51726172>		"rae-na"@alu	
"=ʔuq-ɬ"@eya	<https://panlex.org/snapshot/panlex-20191001-csv/3975#51726187>				<https://panlex.org/snapshot/panlex-20191001-csv/3975#51726171>		"sae-na"@alu	
"leh q=ʔya"@eya	<https://panlex.org/snapshot/panlex-20191001-csv/3975#51736379>				<https://panlex.org/snapshot/panlex-20191001-csv/3975#51736363>		"harisi"@alu	
"leh q=ʔya"@eya	<https://panlex.org/snapshot/panlex-20191001-csv/3975#51736379>				<https://panlex.org/snapshot/panlex-20191001-csv/3975#51736362>		"harisi"@alu	
"=cʰeʔ"@eya	<https://panlex.org/snapshot/panlex-20191001-csv/3975#51728072>				<https://panlex.org/snapshot/panlex-20191001-csv/3975#51728053>		"manitana"@alu	
"=cʰeʔ"@eya	<https://panlex.org/snapshot/panlex-20191001-csv/3975#51728072>				<https://panlex.org/snapshot/panlex-20191001-csv/3975#51728054>		"hinasu"@alu	
"kʰučʼ-k"@eya	<https://panlex.org/snapshot/panlex-20191001-csv/3975#51731555>				<https://panlex.org/snapshot/panlex-20191001-csv/3975#51731537>		"maimai"@alu	
"kʰučʼ-k"@eya	<https://panlex.org/snapshot/panlex-20191001-csv/3975#51731555>				<https://panlex.org/snapshot/panlex-20191001-csv/3975#51731538>		"masike"@alu	
"kʼu=leh"@eya	<https://panlex.org/snapshot/panlex-20191001-csv/3975#51729846>				<https://panlex.org/snapshot/panlex-20191001-csv/3975#51729831>		"uːta"@alu	
"kʼu=leh"@eya	<https://panlex.org/snapshot/panlex-20191001-csv/3975#51729846>				<https://panlex.org/snapshot/panlex-20191001-csv/3975#51729830>		"nemo"@alu	
"=qũht"@eya	<https://panlex.org/snapshot/panlex-20191001-csv/3975#51726806>				<https://panlex.org/snapshot/panlex-20191001-csv/3975#51726786>		"uruːruʔana"@alu	
"=qũht"@eya	<https://panlex.org/snapshot/panlex-20191001-csv/3975#51726806>				<https://panlex.org/snapshot/panlex-20191001-csv/3975#51726787>		"uruːruana"@alu	
"qʰeʔɬ"@eya	<https://panlex.org/snapshot/panlex-20191001-csv/3975#51734893>				<https://panlex.org/snapshot/panlex-20191001-csv/3975#51734870>		"keːni"@alu	
"qʰeʔɬ"@eya	<https://panlex.org/snapshot/panlex-20191001-csv/3975#51734893>				<https://panlex.org/snapshot/panlex-20191001-csv/3975#51734871>		"keni"@alu	
"=k=ɬ=ãːʔ"@eya	<https://panlex.org/snapshot/panlex-20191001-csv/3975#51731844>				<https://panlex.org/snapshot/panlex-20191001-csv/3975#51731826>		"ura"@alu	
"=k=ɬ=ãːʔ"@eya	<https://panlex.org/snapshot/panlex-20191001-csv/3975#51731844>				<https://panlex.org/snapshot/panlex-20191001-csv/3975#51731827>		"uːra"@alu	
"qeːcʼ"@eya	<https://panlex.org/snapshot/panlex-20191001-csv/3975#51730268>				<https://panlex.org/snapshot/panlex-20191001-csv/3975#51730251>		"ʔiʔimi-na"@alu	
"qeːcʼ"@eya	<https://panlex.org/snapshot/panlex-20191001-csv/3975#51730268>				<https://panlex.org/snapshot/panlex-20191001-csv/3975#51730252>		"ikiʔiki"@alu	
"ɬãht"@eya	<https://panlex.org/snapshot/panlex-20191001-csv/3975#51731698>				<https://panlex.org/snapshot/panlex-20191001-csv/3975#51731682>		"rasu"@alu	
"ɬãht"@eya	<https://panlex.org/snapshot/panlex-20191001-csv/3975#51731698>				<https://panlex.org/snapshot/panlex-20191001-csv/3975#51731681>		"tasu"@alu	
"tǝχũh"@eya	<https://panlex.org/snapshot/panlex-20191001-csv/3975#51729693>				<https://panlex.org/snapshot/panlex-20191001-csv/3975#51729674>		"noni"@alu	
"tǝχũh"@eya	<https://panlex.org/snapshot/panlex-20191001-csv/3975#51729693>				<https://panlex.org/snapshot/panlex-20191001-csv/3975#51729673>		"i=noni"@alu	
"=ɬ=qʼa"@eya	<https://panlex.org/snapshot/panlex-20191001-csv/3975#51722102>				<https://panlex.org/snapshot/panlex-20191001-csv/3975#51722083>		"sunia"@alu	
"=ɬ=qʼa"@eya	<https://panlex.org/snapshot/panlex-20191001-csv/3975#51722102>				<https://panlex.org/snapshot/panlex-20191001-csv/3975#51722084>		"sunia"@alu	
"=we"@eya	<https://panlex.org/snapshot/panlex-20191001-csv/3975#51732431>				<https://panlex.org/snapshot/panlex-20191001-csv/3975#51732412>		"oːroha"@alu	
"=we"@eya	<https://panlex.org/snapshot/panlex-20191001-csv/3975#51732431>				<https://panlex.org/snapshot/panlex-20191001-csv/3975#51732413>		"paraʔau"@alu	
"qǝtǝ=kiɬ"@eya	<https://panlex.org/snapshot/panlex-20191001-csv/3975#51732270>				<https://panlex.org/snapshot/panlex-20191001-csv/3975#51732250>		"saso"@alu	
"qǝtǝ=kiɬ"@eya	<https://panlex.org/snapshot/panlex-20191001-csv/3975#51732270>				<https://panlex.org/snapshot/panlex-20191001-csv/3975#51732251>		"rato"@alu	
"čʰiːš-k"@eya	<https://panlex.org/snapshot/panlex-20191001-csv/3975#51730490>				<https://panlex.org/snapshot/panlex-20191001-csv/3975#51730473>		"oːne"@alu	
"čʰiːš-k"@eya	<https://panlex.org/snapshot/panlex-20191001-csv/3975#51730490>				<https://panlex.org/snapshot/panlex-20191001-csv/3975#51730474>		"oːne"@alu	
"=tǝkʼ"@eya	<https://panlex.org/snapshot/panlex-20191001-csv/3975#51735716>				<https://panlex.org/snapshot/panlex-20191001-csv/3975#51735699>		"kokoʔu-si"@alu	
"=tǝkʼ"@eya	<https://panlex.org/snapshot/panlex-20191001-csv/3975#51735716>				<https://panlex.org/snapshot/panlex-20191001-csv/3975#51735698>		"koʔokoʔo-su"@alu	
"tuː"@eya	<https://panlex.org/snapshot/panlex-20191001-csv/3975#51734738>				<https://panlex.org/snapshot/panlex-20191001-csv/3975#51734720>		"a=tai"@alu	
"tuː"@eya	<https://panlex.org/snapshot/panlex-20191001-csv/3975#51734738>				<https://panlex.org/snapshot/panlex-20191001-csv/3975#51734719>		"a=tei"@alu	
"=kʰǝmah"@eya	<https://panlex.org/snapshot/panlex-20191001-csv/3975#51720984>				<https://panlex.org/snapshot/panlex-20191001-csv/3975#51720967>		"oːpa-na"@alu	
"=kʰǝmah"@eya	<https://panlex.org/snapshot/panlex-20191001-csv/3975#51720984>				<https://panlex.org/snapshot/panlex-20191001-csv/3975#51720966>		"opa-na"@alu	
"kiyah"@eya	<https://panlex.org/snapshot/panlex-20191001-csv/3975#51734079>				<https://panlex.org/snapshot/panlex-20191001-csv/3975#51734059>		"wai"@alu	
"kiyah"@eya	<https://panlex.org/snapshot/panlex-20191001-csv/3975#51734079>				<https://panlex.org/snapshot/panlex-20191001-csv/3975#51734060>		"kahu"@alu	
"laʔχcʼ-ɬ"@eya	<https://panlex.org/snapshot/panlex-20191001-csv/3975#51731977>				<https://panlex.org/snapshot/panlex-20191001-csv/3975#51731961>		"ʔuʔumaːheʔu"@alu	
"laʔχcʼ-ɬ"@eya	<https://panlex.org/snapshot/panlex-20191001-csv/3975#51731977>				<https://panlex.org/snapshot/panlex-20191001-csv/3975#51731962>		"puru-puru"@alu	
"cʰĩʔƛʼ-k"@eya	<https://panlex.org/snapshot/panlex-20191001-csv/3975#51720721>				<https://panlex.org/snapshot/panlex-20191001-csv/3975#51720706>		"no=noa"@alu	
"cʰĩʔƛʼ-k"@eya	<https://panlex.org/snapshot/panlex-20191001-csv/3975#51720721>				<https://panlex.org/snapshot/panlex-20191001-csv/3975#51720705>		"kora-kora"@alu	
"lis"@eya	<https://panlex.org/snapshot/panlex-20191001-csv/3975#51733452>				<https://panlex.org/snapshot/panlex-20191001-csv/3975#51733435>		"ʔai"@alu	
"lis"@eya	<https://panlex.org/snapshot/panlex-20191001-csv/3975#51733452>				<https://panlex.org/snapshot/panlex-20191001-csv/3975#51733434>		"ʔai"@alu	
"qʼaː-yaː"@eya	<https://panlex.org/snapshot/panlex-20191001-csv/3975#51728920>				<https://panlex.org/snapshot/panlex-20191001-csv/3975#51728902>		"haɔru"@alu	
"qʼaː-yaː"@eya	<https://panlex.org/snapshot/panlex-20191001-csv/3975#51728920>				<https://panlex.org/snapshot/panlex-20191001-csv/3975#51728903>		"haoru"@alu	
"=quht"@eya	<https://panlex.org/snapshot/panlex-20191001-csv/3975#51726805>				<https://panlex.org/snapshot/panlex-20191001-csv/3975#51726786>		"uruːruʔana"@alu	
"=quht"@eya	<https://panlex.org/snapshot/panlex-20191001-csv/3975#51726805>				<https://panlex.org/snapshot/panlex-20191001-csv/3975#51726787>		"uruːruana"@alu	
"cʰaː"@eya	<https://panlex.org/snapshot/panlex-20191001-csv/3975#51732133>				<https://panlex.org/snapshot/panlex-20191001-csv/3975#51732117>		"hau"@alu	
"cʰaː"@eya	<https://panlex.org/snapshot/panlex-20191001-csv/3975#51732133>				<https://panlex.org/snapshot/panlex-20191001-csv/3975#51732116>		"hau"@alu	
"ʔǝl"@eya	<https://panlex.org/snapshot/panlex-20191001-csv/3975#51732859>				<https://panlex.org/snapshot/panlex-20191001-csv/3975#51732839>		"ʔeto"@alu	
"tʰǝʔ-yaʔ"@eya	<https://panlex.org/snapshot/panlex-20191001-csv/3975#51724619>				<https://panlex.org/snapshot/panlex-20191001-csv/3975#51724604>		"marika"@alu	
"tʰǝʔ-yaʔ"@eya	<https://panlex.org/snapshot/panlex-20191001-csv/3975#51724619>				<https://panlex.org/snapshot/panlex-20191001-csv/3975#51724603>		"waisiʔa"@alu	
"kuks-k"@eya	<https://panlex.org/snapshot/panlex-20191001-csv/3975#51727647>				<https://panlex.org/snapshot/panlex-20191001-csv/3975#51727633>		"ʔuː"@alu	
"kuks-k"@eya	<https://panlex.org/snapshot/panlex-20191001-csv/3975#51727647>				<https://panlex.org/snapshot/panlex-20191001-csv/3975#51727634>		"ʔuː"@alu	
"=qʰa"@eya	<https://panlex.org/snapshot/panlex-20191001-csv/3975#51721401>				<https://panlex.org/snapshot/panlex-20191001-csv/3975#51721385>		"keʔeha"@alu	
"=qʰa"@eya	<https://panlex.org/snapshot/panlex-20191001-csv/3975#51721401>				<https://panlex.org/snapshot/panlex-20191001-csv/3975#51721384>		"ʔaraia"@alu	
"xuː"@eya	<https://panlex.org/snapshot/panlex-20191001-csv/3975#51726465>				<https://panlex.org/snapshot/panlex-20191001-csv/3975#51726444>		"inau"@alu	
"xuː"@eya	<https://panlex.org/snapshot/panlex-20191001-csv/3975#51726465>				<https://panlex.org/snapshot/panlex-20191001-csv/3975#51726445>		"inau"@alu	
"qʰǝχah"@eya	<https://panlex.org/snapshot/panlex-20191001-csv/3975#51728227>				<https://panlex.org/snapshot/panlex-20191001-csv/3975#51728211>		"hura"@alu	
"qʰǝχah"@eya	<https://panlex.org/snapshot/panlex-20191001-csv/3975#51728227>				<https://panlex.org/snapshot/panlex-20191001-csv/3975#51728210>		"waro-waro"@alu	
"ɬĩhq-ih"@eya	<https://panlex.org/snapshot/panlex-20191001-csv/3975#51729534>				<https://panlex.org/snapshot/panlex-20191001-csv/3975#51729515>		"eːta"@alu	
"ɬĩhq-ih"@eya	<https://panlex.org/snapshot/panlex-20191001-csv/3975#51729534>				<https://panlex.org/snapshot/panlex-20191001-csv/3975#51729516>		"eːta"@alu	
"tǝ=ɬ=tʼuːčʼ"@eya	<https://panlex.org/snapshot/panlex-20191001-csv/3975#51721540>				<https://panlex.org/snapshot/panlex-20191001-csv/3975#51721522>		"pupuruʔa"@alu	
"tǝ=ɬ=tʼuːčʼ"@eya	<https://panlex.org/snapshot/panlex-20191001-csv/3975#51721540>				<https://panlex.org/snapshot/panlex-20191001-csv/3975#51721523>		"pupuruhiʔa"@alu	
"=čehχ"@eya	<https://panlex.org/snapshot/panlex-20191001-csv/3975#51723438>				<https://panlex.org/snapshot/panlex-20191001-csv/3975#51723421>		"arina-na"@alu	
"=čehχ"@eya	<https://panlex.org/snapshot/panlex-20191001-csv/3975#51723438>				<https://panlex.org/snapshot/panlex-20191001-csv/3975#51723422>		"roroa-na"@alu	
"=tʰe"@eya	<https://panlex.org/snapshot/panlex-20191001-csv/3975#51727231>				<https://panlex.org/snapshot/panlex-20191001-csv/3975#51727211>		"eno"@alu	
"=tʰe"@eya	<https://panlex.org/snapshot/panlex-20191001-csv/3975#51727231>				<https://panlex.org/snapshot/panlex-20191001-csv/3975#51727212>		"eno"@alu	
"=ʔluw"@eya	<https://panlex.org/snapshot/panlex-20191001-csv/3975#51721118>				<https://panlex.org/snapshot/panlex-20191001-csv/3975#51721102>		"pai-na"@alu	
"=ʔluw"@eya	<https://panlex.org/snapshot/panlex-20191001-csv/3975#51721118>				<https://panlex.org/snapshot/panlex-20191001-csv/3975#51721103>		"pai-na"@alu	
"=tǝ=ɬ=ʔeht"@eya	<https://panlex.org/snapshot/panlex-20191001-csv/3975#51723301>				<https://panlex.org/snapshot/panlex-20191001-csv/3975#51723283>		"aʔ=ate"@alu	
"=tǝ=ɬ=ʔeht"@eya	<https://panlex.org/snapshot/panlex-20191001-csv/3975#51723301>				<https://panlex.org/snapshot/panlex-20191001-csv/3975#51723284>		"ake-ake"@alu	
"=ɬ=taːs"@eya	<https://panlex.org/snapshot/panlex-20191001-csv/3975#51735314>				<https://panlex.org/snapshot/panlex-20191001-csv/3975#51735295>		"hiʔa-raʔi"@alu	
"=ɬ=taːs"@eya	<https://panlex.org/snapshot/panlex-20191001-csv/3975#51735314>				<https://panlex.org/snapshot/panlex-20191001-csv/3975#51735296>		"hiʔa"@alu	
"tǝɬ"@eya	<https://panlex.org/snapshot/panlex-20191001-csv/3975#51721680>				<https://panlex.org/snapshot/panlex-20191001-csv/3975#51721662>		"ʔapu-na"@alu	
"tǝɬ"@eya	<https://panlex.org/snapshot/panlex-20191001-csv/3975#51721680>				<https://panlex.org/snapshot/panlex-20191001-csv/3975#51721663>		"ʔapu"@alu	
"=cʰic-k"@eya	<https://panlex.org/snapshot/panlex-20191001-csv/3975#51735993>				<https://panlex.org/snapshot/panlex-20191001-csv/3975#51735977>		"maihihu"@alu	
"=cʰic-k"@eya	<https://panlex.org/snapshot/panlex-20191001-csv/3975#51735993>				<https://panlex.org/snapshot/panlex-20191001-csv/3975#51735976>		"marau"@alu	
"xǝƛʼ-kaʔ"@eya	<https://panlex.org/snapshot/panlex-20191001-csv/3975#51734613>				<https://panlex.org/snapshot/panlex-20191001-csv/3975#51734596>		"paparahiʔa"@alu	
"xǝƛʼ-kaʔ"@eya	<https://panlex.org/snapshot/panlex-20191001-csv/3975#51734613>				<https://panlex.org/snapshot/panlex-20191001-csv/3975#51734595>		"ʔeʔekeʔa"@alu	
"=ta"@eya	<https://panlex.org/snapshot/panlex-20191001-csv/3975#51731081>				<https://panlex.org/snapshot/panlex-20191001-csv/3975#51731061>		"toʔoru"@alu	
"=ta"@eya	<https://panlex.org/snapshot/panlex-20191001-csv/3975#51731081>				<https://panlex.org/snapshot/panlex-20191001-csv/3975#51731060>		"iʔo"@alu	
"=tikʼ"@eya	<https://panlex.org/snapshot/panlex-20191001-csv/3975#51735715>				<https://panlex.org/snapshot/panlex-20191001-csv/3975#51735699>		"kokoʔu-si"@alu	
"=tikʼ"@eya	<https://panlex.org/snapshot/panlex-20191001-csv/3975#51735715>				<https://panlex.org/snapshot/panlex-20191001-csv/3975#51735698>		"koʔokoʔo-su"@alu	
"=ʔe"@eya	<https://panlex.org/snapshot/panlex-20191001-csv/3975#51730791>				<https://panlex.org/snapshot/panlex-20191001-csv/3975#51730773>		"riosia"@alu	
"=ʔe"@eya	<https://panlex.org/snapshot/panlex-20191001-csv/3975#51730791>				<https://panlex.org/snapshot/panlex-20191001-csv/3975#51730774>		"resia"@alu	
"kʼu=tʼuʔ"@eya	<https://panlex.org/snapshot/panlex-20191001-csv/3975#51727931>				<https://panlex.org/snapshot/panlex-20191001-csv/3975#51727909>		"hitoʔo"@alu	
