"Qutbê Zımey"@kiu	<https://panlex.org/snapshot/panlex-20191001-csv/2910#110854692>				<https://panlex.org/snapshot/panlex-20191001-csv/2910#110854666>		"Севернай полюс"@kjh	
"Ekwator"@kiu	<https://panlex.org/snapshot/panlex-20191001-csv/2910#110855174>				<https://panlex.org/snapshot/panlex-20191001-csv/2910#110855034>		"Экватор"@kjh	
"Qutbê Veroci"@kiu	<https://panlex.org/snapshot/panlex-20191001-csv/2910#110855600>				<https://panlex.org/snapshot/panlex-20191001-csv/2910#110855609>		"Южнай полюс"@kjh	
"Deryao Sıya"@kiu	<https://panlex.org/snapshot/panlex-20191001-csv/2905#110869125>				<https://panlex.org/snapshot/panlex-20191001-csv/2905#110869116>		"Хара талай"@kjh	
"Deryao Sur"@kiu	<https://panlex.org/snapshot/panlex-20191001-csv/2905#110870946>				<https://panlex.org/snapshot/panlex-20191001-csv/2905#110871076>		"Хызыл талай"@kjh	
"Deryaê Xezeri"@kiu	<https://panlex.org/snapshot/panlex-20191001-csv/2905#110869612>				<https://panlex.org/snapshot/panlex-20191001-csv/2905#110869732>		"Каспийскай талай"@kjh	
"Deryaê Luti"@kiu	<https://panlex.org/snapshot/panlex-20191001-csv/2905#110869913>				<https://panlex.org/snapshot/panlex-20191001-csv/2905#110870024>		"Ӧліг талай"@kjh	
"Deryaê Zımey"@kiu	<https://panlex.org/snapshot/panlex-20191001-csv/2905#110870688>				<https://panlex.org/snapshot/panlex-20191001-csv/2905#110870697>		"Севернай талай"@kjh	
"Deryao Zerd"@kiu	<https://panlex.org/snapshot/panlex-20191001-csv/2905#110871500>				<https://panlex.org/snapshot/panlex-20191001-csv/2905#110871468>		"Сарығ талай"@kjh	
"Deryao Sıpê"@kiu	<https://panlex.org/snapshot/panlex-20191001-csv/2905#110871348>				<https://panlex.org/snapshot/panlex-20191001-csv/2905#110871407>		"Ах талай"@kjh	
"Deryao Sıpê"@kiu	<https://panlex.org/snapshot/panlex-20191001-csv/2905#110870343>				<https://panlex.org/snapshot/panlex-20191001-csv/2905#110870304>		"Средиземнай талай"@kjh	
"Deryaê Miyanên"@kiu	<https://panlex.org/snapshot/panlex-20191001-csv/2905#110870270>				<https://panlex.org/snapshot/panlex-20191001-csv/2905#110870304>		"Средиземнай талай"@kjh	
"Deryao Baltik"@kiu	<https://panlex.org/snapshot/panlex-20191001-csv/2905#110868764>				<https://panlex.org/snapshot/panlex-20191001-csv/2905#110868839>		"Балтийскай талай"@kjh	
"Deryao Karibya"@kiu	<https://panlex.org/snapshot/panlex-20191001-csv/2905#110869505>				<https://panlex.org/snapshot/panlex-20191001-csv/2905#110869441>		"Карибскай талай"@kjh	
"Aşme"@kiu	<https://panlex.org/snapshot/panlex-20191001-csv/2907#110845788>				<https://panlex.org/snapshot/panlex-20191001-csv/2907#110845800>		"Ай"@kjh	
"Neptun"@kiu	<https://panlex.org/snapshot/panlex-20191001-csv/2907#110847154>				<https://panlex.org/snapshot/panlex-20191001-csv/2907#110847095>		"Нептун"@kjh	
"Dınya"@kiu	<https://panlex.org/snapshot/panlex-20191001-csv/2907#110845628>				<https://panlex.org/snapshot/panlex-20191001-csv/2907#110845558>		"Чир"@kjh	
"Haumea"@kiu	<https://panlex.org/snapshot/panlex-20191001-csv/2907#110847418>				<https://panlex.org/snapshot/panlex-20191001-csv/2907#110847565>		"Хаумеа"@kjh	
"Merkur"@kiu	<https://panlex.org/snapshot/panlex-20191001-csv/2907#110845075>				<https://panlex.org/snapshot/panlex-20191001-csv/2907#110845111>		"Меркурий"@kjh	
"Makemake"@kiu	<https://panlex.org/snapshot/panlex-20191001-csv/2907#110847677>				<https://panlex.org/snapshot/panlex-20191001-csv/2907#110847602>		"Макемаке"@kjh	
"Jupiter"@kiu	<https://panlex.org/snapshot/panlex-20191001-csv/2907#110846486>				<https://panlex.org/snapshot/panlex-20191001-csv/2907#110846509>		"Юпитер"@kjh	
"Mars"@kiu	<https://panlex.org/snapshot/panlex-20191001-csv/2907#110845936>				<https://panlex.org/snapshot/panlex-20191001-csv/2907#110846101>		"Марс"@kjh	
"Venus"@kiu	<https://panlex.org/snapshot/panlex-20191001-csv/2907#110845353>				<https://panlex.org/snapshot/panlex-20191001-csv/2907#110845354>		"Венера"@kjh	
"Keres"@kiu	<https://panlex.org/snapshot/panlex-20191001-csv/2907#110846274>				<https://panlex.org/snapshot/panlex-20191001-csv/2907#110846239>		"Церера"@kjh	
"Pluton"@kiu	<https://panlex.org/snapshot/panlex-20191001-csv/2907#110847312>				<https://panlex.org/snapshot/panlex-20191001-csv/2907#110847243>		"Плутон"@kjh	
"Saturn"@kiu	<https://panlex.org/snapshot/panlex-20191001-csv/2907#110846767>				<https://panlex.org/snapshot/panlex-20191001-csv/2907#110846746>		"Сатурн"@kjh	
"Roc"@kiu	<https://panlex.org/snapshot/panlex-20191001-csv/2907#110844924>				<https://panlex.org/snapshot/panlex-20191001-csv/2907#110844919>		"Кӱн"@kjh	
"Eris"@kiu	<https://panlex.org/snapshot/panlex-20191001-csv/2907#110847882>				<https://panlex.org/snapshot/panlex-20191001-csv/2907#110847948>		"Эрида"@kjh	
"Uranus"@kiu	<https://panlex.org/snapshot/panlex-20191001-csv/2907#110846915>				<https://panlex.org/snapshot/panlex-20191001-csv/2907#110846823>		"Уран"@kjh	
"Okyanuso Gırd"@kiu	<https://panlex.org/snapshot/panlex-20191001-csv/2901#110867967>				<https://panlex.org/snapshot/panlex-20191001-csv/2901#110867958>		"Тихай океан"@kjh	
"Okyanuso Atlantik"@kiu	<https://panlex.org/snapshot/panlex-20191001-csv/2901#110867560>				<https://panlex.org/snapshot/panlex-20191001-csv/2901#110867585>		"Атлантическай океан"@kjh	
"Okyanuso Veroci"@kiu	<https://panlex.org/snapshot/panlex-20191001-csv/2901#110868226>				<https://panlex.org/snapshot/panlex-20191001-csv/2901#110868221>		"Южнай океан"@kjh	
"Okyanuso Hind"@kiu	<https://panlex.org/snapshot/panlex-20191001-csv/2901#110867645>				<https://panlex.org/snapshot/panlex-20191001-csv/2901#110867641>		"Индийскай океан"@kjh	
"Okyanuso Antarktik"@kiu	<https://panlex.org/snapshot/panlex-20191001-csv/2901#110868176>				<https://panlex.org/snapshot/panlex-20191001-csv/2901#110868221>		"Южнай океан"@kjh	
"Okyanuso Arktik"@kiu	<https://panlex.org/snapshot/panlex-20191001-csv/2901#110867227>				<https://panlex.org/snapshot/panlex-20191001-csv/2901#110867311>		"Севернай Ледовитай океан"@kjh	
"bor"@kiu	<https://panlex.org/snapshot/panlex-20191001-csv/2893#110989705>				<https://panlex.org/snapshot/panlex-20191001-csv/2893#110989752>		"бор"@kjh	
"paxır"@kiu	<https://panlex.org/snapshot/panlex-20191001-csv/2893#110993269>				<https://panlex.org/snapshot/panlex-20191001-csv/2893#110993196>		"чис"@kjh	
"asın"@kiu	<https://panlex.org/snapshot/panlex-20191001-csv/2893#110992733>				<https://panlex.org/snapshot/panlex-20191001-csv/2893#110992709>		"тимір"@kjh	
"antimon"@kiu	<https://panlex.org/snapshot/panlex-20191001-csv/2893#110994533>				<https://panlex.org/snapshot/panlex-20191001-csv/2893#110994455>		"сурьма"@kjh	
"flor"@kiu	<https://panlex.org/snapshot/panlex-20191001-csv/2893#110990598>				<https://panlex.org/snapshot/panlex-20191001-csv/2893#110990543>		"фтор"@kjh	
"potasyum"@kiu	<https://panlex.org/snapshot/panlex-20191001-csv/2893#110992363>				<https://panlex.org/snapshot/panlex-20191001-csv/2893#110992246>		"калий"@kjh	
"silisyum"@kiu	<https://panlex.org/snapshot/panlex-20191001-csv/2893#110991445>				<https://panlex.org/snapshot/panlex-20191001-csv/2893#110991508>		"кремний"@kjh	
"sülfür"@kiu	<https://panlex.org/snapshot/panlex-20191001-csv/2893#110991972>				<https://panlex.org/snapshot/panlex-20191001-csv/2893#110991974>		"сера"@kjh	
"kalsiyum"@kiu	<https://panlex.org/snapshot/panlex-20191001-csv/2893#110992493>				<https://panlex.org/snapshot/panlex-20191001-csv/2893#110992408>		"кальций"@kjh	
"sêm"@kiu	<https://panlex.org/snapshot/panlex-20191001-csv/2893#110994128>				<https://panlex.org/snapshot/panlex-20191001-csv/2893#110994037>		"кӱмӱс"@kjh	
"hidrocen"@kiu	<https://panlex.org/snapshot/panlex-20191001-csv/2893#110989378>				<https://panlex.org/snapshot/panlex-20191001-csv/2893#110989350>		"водород"@kjh	
"çinko"@kiu	<https://panlex.org/snapshot/panlex-20191001-csv/2893#110993536>				<https://panlex.org/snapshot/panlex-20191001-csv/2893#110993464>		"цинк"@kjh	
"qelay"@kiu	<https://panlex.org/snapshot/panlex-20191001-csv/2893#110994237>				<https://panlex.org/snapshot/panlex-20191001-csv/2893#110994223>		"ах хорғамӌыл"@kjh	
"tungsten"@kiu	<https://panlex.org/snapshot/panlex-20191001-csv/2893#110994865>				<https://panlex.org/snapshot/panlex-20191001-csv/2893#110994846>		"вольфрам"@kjh	
"fosfor"@kiu	<https://panlex.org/snapshot/panlex-20191001-csv/2893#110991716>				<https://panlex.org/snapshot/panlex-20191001-csv/2893#110991642>		"фосфор"@kjh	
"neon"@kiu	<https://panlex.org/snapshot/panlex-20191001-csv/2893#110990841>				<https://panlex.org/snapshot/panlex-20191001-csv/2893#110990715>		"неон"@kjh	
"zern"@kiu	<https://panlex.org/snapshot/panlex-20191001-csv/2893#110995264>				<https://panlex.org/snapshot/panlex-20191001-csv/2893#110995244>		"алтын"@kjh	
"nikel"@kiu	<https://panlex.org/snapshot/panlex-20191001-csv/2893#110993143>				<https://panlex.org/snapshot/panlex-20191001-csv/2893#110993059>		"никель"@kjh	
"karbon"@kiu	<https://panlex.org/snapshot/panlex-20191001-csv/2893#110989936>				<https://panlex.org/snapshot/panlex-20191001-csv/2893#110989885>		"углерод"@kjh	
"helyum"@kiu	<https://panlex.org/snapshot/panlex-20191001-csv/2893#110989543>				<https://panlex.org/snapshot/panlex-20191001-csv/2893#110989627>		"гелий"@kjh	
"brom"@kiu	<https://panlex.org/snapshot/panlex-20191001-csv/2893#110993847>				<https://panlex.org/snapshot/panlex-20191001-csv/2893#110993816>		"бром"@kjh	
"kobalt"@kiu	<https://panlex.org/snapshot/panlex-20191001-csv/2893#110992982>				<https://panlex.org/snapshot/panlex-20191001-csv/2893#110992813>		"кобальт"@kjh	
"qerşun"@kiu	<https://panlex.org/snapshot/panlex-20191001-csv/2893#110995749>				<https://panlex.org/snapshot/panlex-20191001-csv/2893#110995586>		"хара хорғамӌыл"@kjh	
"iyod"@kiu	<https://panlex.org/snapshot/panlex-20191001-csv/2893#110994624>				<https://panlex.org/snapshot/panlex-20191001-csv/2893#110994692>		"йод"@kjh	
"arsenik"@kiu	<https://panlex.org/snapshot/panlex-20191001-csv/2893#110993700>				<https://panlex.org/snapshot/panlex-20191001-csv/2893#110993598>		"мышьяк"@kjh	
"sodyum"@kiu	<https://panlex.org/snapshot/panlex-20191001-csv/2893#110990960>				<https://panlex.org/snapshot/panlex-20191001-csv/2893#110990982>		"натрий"@kjh	
"klor"@kiu	<https://panlex.org/snapshot/panlex-20191001-csv/2893#110992150>				<https://panlex.org/snapshot/panlex-20191001-csv/2893#110992157>		"хлор"@kjh	
"azot"@kiu	<https://panlex.org/snapshot/panlex-20191001-csv/2893#110990128>				<https://panlex.org/snapshot/panlex-20191001-csv/2893#110990199>		"азот"@kjh	
"oxsıcen"@kiu	<https://panlex.org/snapshot/panlex-20191001-csv/2893#110990423>				<https://panlex.org/snapshot/panlex-20191001-csv/2893#110990475>		"кислород"@kjh	
"civa"@kiu	<https://panlex.org/snapshot/panlex-20191001-csv/2893#110995463>				<https://panlex.org/snapshot/panlex-20191001-csv/2893#110995552>		"ртуть"@kjh	
"aluminyum"@kiu	<https://panlex.org/snapshot/panlex-20191001-csv/2893#110991286>				<https://panlex.org/snapshot/panlex-20191001-csv/2893#110991406>		"алюминий"@kjh	
"uranyum"@kiu	<https://panlex.org/snapshot/panlex-20191001-csv/2893#110995929>				<https://panlex.org/snapshot/panlex-20191001-csv/2893#110995916>		"уран"@kjh	
"platin"@kiu	<https://panlex.org/snapshot/panlex-20191001-csv/2893#110995029>				<https://panlex.org/snapshot/panlex-20191001-csv/2893#110995001>		"платина"@kjh	
"magnezyum"@kiu	<https://panlex.org/snapshot/panlex-20191001-csv/2893#110991109>				<https://panlex.org/snapshot/panlex-20191001-csv/2893#110991187>		"магний"@kjh	
"Xaço Sur"@kiu	<https://panlex.org/snapshot/panlex-20191001-csv/2894#111101634>				<https://panlex.org/snapshot/panlex-20191001-csv/2894#111101604>		"Хызыл Хрест"@kjh	
"Mılliyetê Yewbiyaey"@kiu	<https://panlex.org/snapshot/panlex-20191001-csv/2894#111102077>				<https://panlex.org/snapshot/panlex-20191001-csv/2894#111101884>		"Піріккен Нацияларның Организациязы"@kjh	
"Aşma Sure"@kiu	<https://panlex.org/snapshot/panlex-20191001-csv/2894#111101782>				<https://panlex.org/snapshot/panlex-20191001-csv/2894#111101773>		"Хызыл Чамдых ай"@kjh	
"şeme"@kiu	<https://panlex.org/snapshot/panlex-20191001-csv/2892#110826245>				<https://panlex.org/snapshot/panlex-20191001-csv/2892#110826359>		"суббота"@kjh	
"sêşeme"@kiu	<https://panlex.org/snapshot/panlex-20191001-csv/2892#110824611>				<https://panlex.org/snapshot/panlex-20191001-csv/2892#110824733>		"вторник"@kjh	
"yewşeme"@kiu	<https://panlex.org/snapshot/panlex-20191001-csv/2892#110826678>				<https://panlex.org/snapshot/panlex-20191001-csv/2892#110826836>		"позырах"@kjh	
"pancşeme"@kiu	<https://panlex.org/snapshot/panlex-20191001-csv/2892#110825416>				<https://panlex.org/snapshot/panlex-20191001-csv/2892#110825318>		"четверг"@kjh	
"yene"@kiu	<https://panlex.org/snapshot/panlex-20191001-csv/2892#110825820>				<https://panlex.org/snapshot/panlex-20191001-csv/2892#110825750>		"пятница"@kjh	
"dışeme"@kiu	<https://panlex.org/snapshot/panlex-20191001-csv/2892#110824324>				<https://panlex.org/snapshot/panlex-20191001-csv/2892#110824211>		"понедельник"@kjh	
"çarşeme"@kiu	<https://panlex.org/snapshot/panlex-20191001-csv/2892#110824850>				<https://panlex.org/snapshot/panlex-20191001-csv/2892#110825209>		"среда"@kjh	
"çele"@kiu	<https://panlex.org/snapshot/panlex-20191001-csv/2897#110827438>				<https://panlex.org/snapshot/panlex-20191001-csv/2897#110827097>		"январь"@kjh	
"adar"@kiu	<https://panlex.org/snapshot/panlex-20191001-csv/2897#110827870>				<https://panlex.org/snapshot/panlex-20191001-csv/2897#110827954>		"март"@kjh	
"temmuz"@kiu	<https://panlex.org/snapshot/panlex-20191001-csv/2897#110829487>				<https://panlex.org/snapshot/panlex-20191001-csv/2897#110829824>		"июль"@kjh	
"tışrino verên"@kiu	<https://panlex.org/snapshot/panlex-20191001-csv/2897#110830853>				<https://panlex.org/snapshot/panlex-20191001-csv/2897#110830871>		"октябрь"@kjh	
"keşkelun"@kiu	<https://panlex.org/snapshot/panlex-20191001-csv/2897#110830556>				<https://panlex.org/snapshot/panlex-20191001-csv/2897#110830368>		"сентябрь"@kjh	
"heziran"@kiu	<https://panlex.org/snapshot/panlex-20191001-csv/2897#110829109>				<https://panlex.org/snapshot/panlex-20191001-csv/2897#110829187>		"июнь"@kjh	
"gulane"@kiu	<https://panlex.org/snapshot/panlex-20191001-csv/2897#110829014>				<https://panlex.org/snapshot/panlex-20191001-csv/2897#110828793>		"май"@kjh	
"tebaxe"@kiu	<https://panlex.org/snapshot/panlex-20191001-csv/2897#110830186>				<https://panlex.org/snapshot/panlex-20191001-csv/2897#110830177>		"август"@kjh	
"tışrino peyên"@kiu	<https://panlex.org/snapshot/panlex-20191001-csv/2897#110831197>				<https://panlex.org/snapshot/panlex-20191001-csv/2897#110831399>		"ноябрь"@kjh	
"şıbate"@kiu	<https://panlex.org/snapshot/panlex-20191001-csv/2897#110827835>				<https://panlex.org/snapshot/panlex-20191001-csv/2897#110827655>		"февраль"@kjh	
"nisane"@kiu	<https://panlex.org/snapshot/panlex-20191001-csv/2897#110828393>				<https://panlex.org/snapshot/panlex-20191001-csv/2897#110828322>		"апрель"@kjh	
"kanun"@kiu	<https://panlex.org/snapshot/panlex-20191001-csv/2897#110831580>				<https://panlex.org/snapshot/panlex-20191001-csv/2897#110831663>		"декабрь"@kjh	
"Asya"@kiu	<https://panlex.org/snapshot/panlex-20191001-csv/2891#110853903>				<https://panlex.org/snapshot/panlex-20191001-csv/2891#110854009>		"Азия"@kjh	
"Amerika"@kiu	<https://panlex.org/snapshot/panlex-20191001-csv/2891#110853428>				<https://panlex.org/snapshot/panlex-20191001-csv/2891#110853260>		"Америка"@kjh	
"Okyanusya"@kiu	<https://panlex.org/snapshot/panlex-20191001-csv/2891#110854366>				<https://panlex.org/snapshot/panlex-20191001-csv/2891#110854430>		"Океания"@kjh	
"Afrika"@kiu	<https://panlex.org/snapshot/panlex-20191001-csv/2891#110853056>				<https://panlex.org/snapshot/panlex-20191001-csv/2891#110853131>		"Африка"@kjh	
"Antarktika"@kiu	<https://panlex.org/snapshot/panlex-20191001-csv/2891#110853560>				<https://panlex.org/snapshot/panlex-20191001-csv/2891#110853717>		"Антарктида"@kjh	
"Ewropa"@kiu	<https://panlex.org/snapshot/panlex-20191001-csv/2891#110854087>				<https://panlex.org/snapshot/panlex-20191001-csv/2891#110854095>		"Европа"@kjh	
