"sonendai"@enm	<https://panlex.org/snapshot/panlex-20191001-csv/2892#110826725>				<https://panlex.org/snapshot/panlex-20191001-csv/2892#110826877>		"आदित्यवार"@gom	
"monendai"@enm	<https://panlex.org/snapshot/panlex-20191001-csv/2892#110824390>				<https://panlex.org/snapshot/panlex-20191001-csv/2892#110824236>		"सोमवार"@gom	
"fridai"@enm	<https://panlex.org/snapshot/panlex-20191001-csv/2892#110825765>				<https://panlex.org/snapshot/panlex-20191001-csv/2892#110825816>		"शुक्रवार"@gom	
"tewesdai"@enm	<https://panlex.org/snapshot/panlex-20191001-csv/2892#110824716>				<https://panlex.org/snapshot/panlex-20191001-csv/2892#110824798>		"मंगळार"@gom	
"wednesdai"@enm	<https://panlex.org/snapshot/panlex-20191001-csv/2892#110824851>				<https://panlex.org/snapshot/panlex-20191001-csv/2892#110825073>		"बुधवार"@gom	
"þursdai"@enm	<https://panlex.org/snapshot/panlex-20191001-csv/2892#110825683>				<https://panlex.org/snapshot/panlex-20191001-csv/2892#110825449>		"गुरुवार"@gom	
"sunnendai"@enm	<https://panlex.org/snapshot/panlex-20191001-csv/2892#110827023>				<https://panlex.org/snapshot/panlex-20191001-csv/2892#110826877>		"आदित्यवार"@gom	
"þuresdai"@enm	<https://panlex.org/snapshot/panlex-20191001-csv/2892#110825623>				<https://panlex.org/snapshot/panlex-20191001-csv/2892#110825449>		"गुरुवार"@gom	
"saterdai"@enm	<https://panlex.org/snapshot/panlex-20191001-csv/2892#110826249>				<https://panlex.org/snapshot/panlex-20191001-csv/2892#110826183>		"शनिवार"@gom	
"mondai"@enm	<https://panlex.org/snapshot/panlex-20191001-csv/2892#110824073>				<https://panlex.org/snapshot/panlex-20191001-csv/2892#110824236>		"सोमवार"@gom	
"tiwesdai"@enm	<https://panlex.org/snapshot/panlex-20191001-csv/2892#110824778>				<https://panlex.org/snapshot/panlex-20191001-csv/2892#110824798>		"मंगळार"@gom	
"sundai"@enm	<https://panlex.org/snapshot/panlex-20191001-csv/2892#110826945>				<https://panlex.org/snapshot/panlex-20191001-csv/2892#110826877>		"आदित्यवार"@gom	
"sonedai"@enm	<https://panlex.org/snapshot/panlex-20191001-csv/2892#110826741>				<https://panlex.org/snapshot/panlex-20191001-csv/2892#110826877>		"आदित्यवार"@gom	
"monedai"@enm	<https://panlex.org/snapshot/panlex-20191001-csv/2892#110824321>				<https://panlex.org/snapshot/panlex-20191001-csv/2892#110824236>		"सोमवार"@gom	
