"kan"@ssg	<https://panlex.org/snapshot/panlex-20191001-csv/12#851166>				<https://panlex.org/snapshot/panlex-20191001-csv/12#851063>		"vai"@mrv	
"pekeun"@ssg	<https://panlex.org/snapshot/panlex-20191001-csv/15#967065>				<https://panlex.org/snapshot/panlex-20191001-csv/15#967037>		"one"@mrv	
"asoi"@ssg	<https://panlex.org/snapshot/panlex-20191001-csv/114#8066398>				<https://panlex.org/snapshot/panlex-20191001-csv/114#8066283>		"ʻogi"@mrv	
"wahe-n"@ssg	<https://panlex.org/snapshot/panlex-20191001-csv/114#8061247>				<https://panlex.org/snapshot/panlex-20191001-csv/114#8061135>		"pakuhivi"@mrv	
"we|ixu-n"@ssg	<https://panlex.org/snapshot/panlex-20191001-csv/114#8065454>				<https://panlex.org/snapshot/panlex-20191001-csv/114#8065332>		"i`u"@mrv	
"kaka"@ssg	<https://panlex.org/snapshot/panlex-20191001-csv/114#8063276>				<https://panlex.org/snapshot/panlex-20191001-csv/114#8063154>		"toto"@mrv	
