"ʼnihəna"@rmm	<https://panlex.org/snapshot/panlex-20191001-csv/114#8067449>				<https://panlex.org/snapshot/panlex-20191001-csv/114#8067111>		"ñipen"@bny	
"naʼmali"@rmm	<https://panlex.org/snapshot/panlex-20191001-csv/114#8068499>				<https://panlex.org/snapshot/panlex-20191001-csv/114#8068177>		"betaba"@bny	
"ʼtelanna"@rmm	<https://panlex.org/snapshot/panlex-20191001-csv/114#8064317>				<https://panlex.org/snapshot/panlex-20191001-csv/114#8064004>		"batuk"@bny	
"ʼlakəna"@rmm	<https://panlex.org/snapshot/panlex-20191001-csv/114#8053509>				<https://panlex.org/snapshot/panlex-20191001-csv/114#8053170>		"ay"@bny	
"narʼwoina"@rmm	<https://panlex.org/snapshot/panlex-20191001-csv/114#8061749>				<https://panlex.org/snapshot/panlex-20191001-csv/114#8061406>		"taʔuʔ"@bny	
