"Epòka bronzë"@csb	<https://panlex.org/snapshot/panlex-20191001-csv/6709#111076035>				<https://panlex.org/snapshot/panlex-20191001-csv/6709#111076095>		"కంచు యుగము"@te	
"Epòka żelazła"@csb	<https://panlex.org/snapshot/panlex-20191001-csv/6709#111076192>				<https://panlex.org/snapshot/panlex-20191001-csv/6709#111076110>		"ఇనుప యుగము"@te	
"Môłi Ksyżëc"@csb	<https://panlex.org/snapshot/panlex-20191001-csv/6710#111083162>				<https://panlex.org/snapshot/panlex-20191001-csv/6710#111083129>		"చిన్నరి రాకుమారుడు"@te	
"Wikisłowôrz"@csb	<https://panlex.org/snapshot/panlex-20191001-csv/5945#84345052>				<https://panlex.org/snapshot/panlex-20191001-csv/5945#84345131>		"విక్షనర"@te	
"gòdowé drzéwkò"@csb	<https://panlex.org/snapshot/panlex-20191001-csv/5947#84652659>				<https://panlex.org/snapshot/panlex-20191001-csv/5947#84652713>		"క్రిస్మస్ చెట్టు"@te	
"Mount Everest"@csb	<https://panlex.org/snapshot/panlex-20191001-csv/5947#84603223>				<https://panlex.org/snapshot/panlex-20191001-csv/5947#84603296>		"ఎవరెస్టు పర్వతం"@te	
"las"@csb	<https://panlex.org/snapshot/panlex-20191001-csv/5947#84736763>				<https://panlex.org/snapshot/panlex-20191001-csv/5947#84736825>		"అడవి"@te	
"las"@csb	<https://panlex.org/snapshot/panlex-20191001-csv/5947#84736763>				<https://panlex.org/snapshot/panlex-20191001-csv/5947#84736826>		"అటవి"@te	
"mòrzé"@csb	<https://panlex.org/snapshot/panlex-20191001-csv/5947#84755283>				<https://panlex.org/snapshot/panlex-20191001-csv/5947#84755347>		"సముద్రం"@te	
"Azëjô"@csb	<https://panlex.org/snapshot/panlex-20191001-csv/5947#84583267>				<https://panlex.org/snapshot/panlex-20191001-csv/5947#84583329>		"ఆసియా"@te	
"biôłi"@csb	<https://panlex.org/snapshot/panlex-20191001-csv/5947#84639711>				<https://panlex.org/snapshot/panlex-20191001-csv/5947#84639858>		"తెల్లని"@te	
"wòjskò"@csb	<https://panlex.org/snapshot/panlex-20191001-csv/5947#84630456>				<https://panlex.org/snapshot/panlex-20191001-csv/5947#84630505>		"సేన"@te	
"wòjskò"@csb	<https://panlex.org/snapshot/panlex-20191001-csv/5947#84630456>				<https://panlex.org/snapshot/panlex-20191001-csv/5947#84630506>		"సైన్యం"@te	
"danka"@csb	<https://panlex.org/snapshot/panlex-20191001-csv/5947#84652660>				<https://panlex.org/snapshot/panlex-20191001-csv/5947#84652713>		"క్రిస్మస్ చెట్టు"@te	
"czwôrtk"@csb	<https://panlex.org/snapshot/panlex-20191001-csv/5947#84661895>				<https://panlex.org/snapshot/panlex-20191001-csv/5947#84661961>		"లక్ష్మీవారము"@te	
"czwôrtk"@csb	<https://panlex.org/snapshot/panlex-20191001-csv/5947#84661895>				<https://panlex.org/snapshot/panlex-20191001-csv/5947#84661962>		"బృహస్పతివారము"@te	
"czasnik"@csb	<https://panlex.org/snapshot/panlex-20191001-csv/5947#84660089>				<https://panlex.org/snapshot/panlex-20191001-csv/5947#84660150>		"క్రియ"@te	
"òkò"@csb	<https://panlex.org/snapshot/panlex-20191001-csv/5947#84778317>				<https://panlex.org/snapshot/panlex-20191001-csv/5947#84778395>		"అక్షి"@te	
"òkò"@csb	<https://panlex.org/snapshot/panlex-20191001-csv/5947#84778317>				<https://panlex.org/snapshot/panlex-20191001-csv/5947#84778396>		"కన్ను"@te	
"zélnik"@csb	<https://panlex.org/snapshot/panlex-20191001-csv/5940#81277172>				<https://panlex.org/snapshot/panlex-20191001-csv/5940#81277231>		"ఆగస్టు"@te	
"gromicznik"@csb	<https://panlex.org/snapshot/panlex-20191001-csv/5939#80811212>				<https://panlex.org/snapshot/panlex-20191001-csv/5939#80811329>		"phibravari"@te	
"Ankara"@csb	<https://panlex.org/snapshot/panlex-20191001-csv/5939#80720280>				<https://panlex.org/snapshot/panlex-20191001-csv/5939#80720319>		"Aṅkārā"@te	
"Miemieckô"@csb	<https://panlex.org/snapshot/panlex-20191001-csv/5939#80782667>				<https://panlex.org/snapshot/panlex-20191001-csv/5939#80782799>		"jarmanī"@te	
"szpédżel"@csb	<https://panlex.org/snapshot/panlex-20191001-csv/5946#84446156>				<https://panlex.org/snapshot/panlex-20191001-csv/5946#84446324>		"అద్దము"@te	
"zwiercadło"@csb	<https://panlex.org/snapshot/panlex-20191001-csv/5946#84446155>				<https://panlex.org/snapshot/panlex-20191001-csv/5946#84446324>		"అద్దము"@te	
"drzéwò"@csb	<https://panlex.org/snapshot/panlex-20191001-csv/5946#84449567>				<https://panlex.org/snapshot/panlex-20191001-csv/5946#84449656>		"చెట్టు"@te	
"dóm"@csb	<https://panlex.org/snapshot/panlex-20191001-csv/5946#84437229>				<https://panlex.org/snapshot/panlex-20191001-csv/5946#84437296>		"ఇల్లు"@te	
"zdrzadło"@csb	<https://panlex.org/snapshot/panlex-20191001-csv/5946#84446157>				<https://panlex.org/snapshot/panlex-20191001-csv/5946#84446324>		"అద్దము"@te	
"Jerozolëma"@csb	<https://panlex.org/snapshot/panlex-20191001-csv/5949#85309904>				<https://panlex.org/snapshot/panlex-20191001-csv/5949#85310030>		"జెరూసలేం"@te	
"Ruskô"@csb	<https://panlex.org/snapshot/panlex-20191001-csv/5949#85319429>				<https://panlex.org/snapshot/panlex-20191001-csv/5949#85319608>		"రష్యా"@te	
"Tëreckô"@csb	<https://panlex.org/snapshot/panlex-20191001-csv/5949#85322483>				<https://panlex.org/snapshot/panlex-20191001-csv/5949#85322597>		"టర్కీ"@te	
"Słuńce"@csb	<https://panlex.org/snapshot/panlex-20191001-csv/5949#85320879>				<https://panlex.org/snapshot/panlex-20191001-csv/5949#85320995>		"సూర్యుడు"@te	
"Słuńce"@csb	<https://panlex.org/snapshot/panlex-20191001-csv/5949#85320879>				<https://panlex.org/snapshot/panlex-20191001-csv/5949#85320996>		"పొద్దు"@te	
"Fińskô"@csb	<https://panlex.org/snapshot/panlex-20191001-csv/5949#85323158>				<https://panlex.org/snapshot/panlex-20191001-csv/5949#85323256>		"ఫిన్లాండ్"@te	
"zélnik"@csb	<https://panlex.org/snapshot/panlex-20191001-csv/5949#85329310>				<https://panlex.org/snapshot/panlex-20191001-csv/5949#85329516>		"ఆగస్టు"@te	
"Szkòckô"@csb	<https://panlex.org/snapshot/panlex-20191001-csv/5949#85325206>				<https://panlex.org/snapshot/panlex-20191001-csv/5949#85325309>		"స్కాట్లాండ్"@te	
"Łotewskô"@csb	<https://panlex.org/snapshot/panlex-20191001-csv/5949#85314255>				<https://panlex.org/snapshot/panlex-20191001-csv/5949#85314385>		"లాట్వియా"@te	
"Zemia"@csb	<https://panlex.org/snapshot/panlex-20191001-csv/5949#85309521>				<https://panlex.org/snapshot/panlex-20191001-csv/5949#85309608>		"భూమి"@te	
"Berlëno"@csb	<https://panlex.org/snapshot/panlex-20191001-csv/5949#85302406>				<https://panlex.org/snapshot/panlex-20191001-csv/5949#85302541>		"బెర్లిన్"@te	
"Biblëjô"@csb	<https://panlex.org/snapshot/panlex-20191001-csv/5949#85302658>				<https://panlex.org/snapshot/panlex-20191001-csv/5949#85302798>		"బైబిల్"@te	
"Jemen"@csb	<https://panlex.org/snapshot/panlex-20191001-csv/5949#85310972>				<https://panlex.org/snapshot/panlex-20191001-csv/5949#85311055>		"యెమన్"@te	
"Singapùr"@csb	<https://panlex.org/snapshot/panlex-20191001-csv/5949#85320485>				<https://panlex.org/snapshot/panlex-20191001-csv/5949#85320599>		"సింగపూరు"@te	
"Kazachstan"@csb	<https://panlex.org/snapshot/panlex-20191001-csv/5949#85312062>				<https://panlex.org/snapshot/panlex-20191001-csv/5949#85312152>		"కజకస్తాన్"@te	
"Wietnam"@csb	<https://panlex.org/snapshot/panlex-20191001-csv/5949#85305533>				<https://panlex.org/snapshot/panlex-20191001-csv/5949#85305590>		"వియత్నాం"@te	
"Eùropa"@csb	<https://panlex.org/snapshot/panlex-20191001-csv/5949#85308518>				<https://panlex.org/snapshot/panlex-20191001-csv/5949#85308646>		"ఐరోపా"@te	
"stëcznik"@csb	<https://panlex.org/snapshot/panlex-20191001-csv/9#472940>				<https://panlex.org/snapshot/panlex-20191001-csv/9#472977>		"జనవర"@te	
"dzewiãc"@csb	<https://panlex.org/snapshot/panlex-20191001-csv/9#490938>				<https://panlex.org/snapshot/panlex-20191001-csv/9#491046>		"తొమ్మిది"@te	
"Ruskô"@csb	<https://panlex.org/snapshot/panlex-20191001-csv/12#871317>				<https://panlex.org/snapshot/panlex-20191001-csv/12#871379>		"రష్యా"@te	
"astronomijô"@csb	<https://panlex.org/snapshot/panlex-20191001-csv/2904#111022008>				<https://panlex.org/snapshot/panlex-20191001-csv/2904#111021984>		"ఖగోళ శాస్త్రము"@te	
"geògrafijô"@csb	<https://panlex.org/snapshot/panlex-20191001-csv/2904#111022649>				<https://panlex.org/snapshot/panlex-20191001-csv/2904#111022693>		"భూగోళ శాస్త్రము"@te	
"architektura"@csb	<https://panlex.org/snapshot/panlex-20191001-csv/2904#111021709>				<https://panlex.org/snapshot/panlex-20191001-csv/2904#111021884>		"వాస్తుశాస్త్రము"@te	
"ùczba"@csb	<https://panlex.org/snapshot/panlex-20191001-csv/2904#111024385>				<https://panlex.org/snapshot/panlex-20191001-csv/2904#111024349>		"శాస్త్రము"@te	
"chemijô"@csb	<https://panlex.org/snapshot/panlex-20191001-csv/2904#111022519>				<https://panlex.org/snapshot/panlex-20191001-csv/2904#111022510>		"రసాయన శాస్త్రము"@te	
"fizyka"@csb	<https://panlex.org/snapshot/panlex-20191001-csv/2904#111024101>				<https://panlex.org/snapshot/panlex-20191001-csv/2904#111024085>		"భౌతిక శాస్త్రము"@te	
"filozofijô"@csb	<https://panlex.org/snapshot/panlex-20191001-csv/2904#111023767>				<https://panlex.org/snapshot/panlex-20191001-csv/2904#111023796>		"తత్వం"@te	
"filozofijô"@csb	<https://panlex.org/snapshot/panlex-20191001-csv/2904#111023767>				<https://panlex.org/snapshot/panlex-20191001-csv/2904#111023853>		"తాత్వికత"@te	
"medicëna"@csb	<https://panlex.org/snapshot/panlex-20191001-csv/2904#111023596>				<https://panlex.org/snapshot/panlex-20191001-csv/2904#111023660>		"వైద్యము"@te	
"ùniwersytet"@csb	<https://panlex.org/snapshot/panlex-20191001-csv/2904#111024477>				<https://panlex.org/snapshot/panlex-20191001-csv/2904#111024578>		"విశ్వవిద్యాలయం"@te	
"matematika"@csb	<https://panlex.org/snapshot/panlex-20191001-csv/2904#111023418>				<https://panlex.org/snapshot/panlex-20191001-csv/2904#111023376>		"గణితం"@te	
"biologijô"@csb	<https://panlex.org/snapshot/panlex-20191001-csv/2904#111022316>				<https://panlex.org/snapshot/panlex-20191001-csv/2904#111022208>		"జీవ శాస్త్రము"@te	
"mir"@csb	<https://panlex.org/snapshot/panlex-20191001-csv/2902#111012019>				<https://panlex.org/snapshot/panlex-20191001-csv/2902#111012238>		"సమాధానము"@te	
"mir"@csb	<https://panlex.org/snapshot/panlex-20191001-csv/2902#111012019>				<https://panlex.org/snapshot/panlex-20191001-csv/2902#111012113>		"శాంతము"@te	
"Czerwióne Mòrze"@csb	<https://panlex.org/snapshot/panlex-20191001-csv/2905#110870916>				<https://panlex.org/snapshot/panlex-20191001-csv/2905#110871050>		"ఎర్ర సముద్రం"@te	
"Arabsczie Mòrze"@csb	<https://panlex.org/snapshot/panlex-20191001-csv/2905#110868521>				<https://panlex.org/snapshot/panlex-20191001-csv/2905#110868466>		"అరేబియా సముద్రము"@te	
"Bengalskô Hôwinga"@csb	<https://panlex.org/snapshot/panlex-20191001-csv/2905#110868971>				<https://panlex.org/snapshot/panlex-20191001-csv/2905#110868866>		"బంగాళా ఖాతము"@te	
"Czôrne Mòrze"@csb	<https://panlex.org/snapshot/panlex-20191001-csv/2905#110869120>				<https://panlex.org/snapshot/panlex-20191001-csv/2905#110869011>		"నల్ల సముద్రం"@te	
"Pluton"@csb	<https://panlex.org/snapshot/panlex-20191001-csv/2907#110847378>				<https://panlex.org/snapshot/panlex-20191001-csv/2907#110847214>		"ప్లూటో"@te	
"Zemia"@csb	<https://panlex.org/snapshot/panlex-20191001-csv/2907#110845654>				<https://panlex.org/snapshot/panlex-20191001-csv/2907#110845614>		"భూమి"@te	
"Haumea"@csb	<https://panlex.org/snapshot/panlex-20191001-csv/2907#110847494>				<https://panlex.org/snapshot/panlex-20191001-csv/2907#110847510>		"హౌమియా"@te	
"Saturna"@csb	<https://panlex.org/snapshot/panlex-20191001-csv/2907#110846765>				<https://panlex.org/snapshot/panlex-20191001-csv/2907#110846602>		"శని"@te	
"Miesądz"@csb	<https://panlex.org/snapshot/panlex-20191001-csv/2907#110845726>				<https://panlex.org/snapshot/panlex-20191001-csv/2907#110845799>		"చంద్రుడు"@te	
"Mars"@csb	<https://panlex.org/snapshot/panlex-20191001-csv/2907#110845938>				<https://panlex.org/snapshot/panlex-20191001-csv/2907#110845964>		"అంగారకుడు"@te	
"Neptun"@csb	<https://panlex.org/snapshot/panlex-20191001-csv/2907#110846988>				<https://panlex.org/snapshot/panlex-20191001-csv/2907#110847089>		"నెప్ట్యూన్"@te	
"Swiatnica"@csb	<https://panlex.org/snapshot/panlex-20191001-csv/2907#110849060>				<https://panlex.org/snapshot/panlex-20191001-csv/2907#110849123>		"విశ్వం"@te	
"Jupiter"@csb	<https://panlex.org/snapshot/panlex-20191001-csv/2907#110846551>				<https://panlex.org/snapshot/panlex-20191001-csv/2907#110846347>		"గురుడు"@te	
"Ceres"@csb	<https://panlex.org/snapshot/panlex-20191001-csv/2907#110846144>				<https://panlex.org/snapshot/panlex-20191001-csv/2907#110846170>		"సెరిస్"@te	
"Ùran"@csb	<https://panlex.org/snapshot/panlex-20191001-csv/2907#110846820>				<https://panlex.org/snapshot/panlex-20191001-csv/2907#110846868>		"యురేనస్"@te	
"Słuńce"@csb	<https://panlex.org/snapshot/panlex-20191001-csv/2907#110845039>				<https://panlex.org/snapshot/panlex-20191001-csv/2907#110844977>		"పొద్దు"@te	
"Słuńce"@csb	<https://panlex.org/snapshot/panlex-20191001-csv/2907#110845039>				<https://panlex.org/snapshot/panlex-20191001-csv/2907#110844993>		"సూర్యుడు"@te	
"Słuńcowi ùstôw"@csb	<https://panlex.org/snapshot/panlex-20191001-csv/2907#110848255>				<https://panlex.org/snapshot/panlex-20191001-csv/2907#110848276>		"సౌరమండలము"@te	
"Merkùri"@csb	<https://panlex.org/snapshot/panlex-20191001-csv/2907#110845085>				<https://panlex.org/snapshot/panlex-20191001-csv/2907#110845261>		"బుధుడు"@te	
"Wenus"@csb	<https://panlex.org/snapshot/panlex-20191001-csv/2907#110845483>				<https://panlex.org/snapshot/panlex-20191001-csv/2907#110845331>		"శుక్రుడు"@te	
"Eris"@csb	<https://panlex.org/snapshot/panlex-20191001-csv/2907#110847786>				<https://panlex.org/snapshot/panlex-20191001-csv/2907#110847940>		"ఎరిస్"@te	
"Atlantyk"@csb	<https://panlex.org/snapshot/panlex-20191001-csv/2901#110867509>				<https://panlex.org/snapshot/panlex-20191001-csv/2901#110867446>		"అట్లాంటిక్ మహాసముద్రం"@te	
"Pôłniowi Òcean"@csb	<https://panlex.org/snapshot/panlex-20191001-csv/2901#110868273>				<https://panlex.org/snapshot/panlex-20191001-csv/2901#110868317>		"దక్షిణ మహాసముద్రం"@te	
"Arktikòwi Òcean"@csb	<https://panlex.org/snapshot/panlex-20191001-csv/2901#110867085>				<https://panlex.org/snapshot/panlex-20191001-csv/2901#110867309>		"ఆర్కిటిక్ మహాసముద్రం"@te	
"Pacyfik"@csb	<https://panlex.org/snapshot/panlex-20191001-csv/2901#110867992>				<https://panlex.org/snapshot/panlex-20191001-csv/2901#110868087>		"పసిఫిక్ మహాసముద్రం"@te	
"Nordowi Òcean"@csb	<https://panlex.org/snapshot/panlex-20191001-csv/2901#110867295>				<https://panlex.org/snapshot/panlex-20191001-csv/2901#110867309>		"ఆర్కిటిక్ మహాసముద్రం"@te	
"Wiôldżi Òcean"@csb	<https://panlex.org/snapshot/panlex-20191001-csv/2901#110867926>				<https://panlex.org/snapshot/panlex-20191001-csv/2901#110868087>		"పసిఫిక్ మహాసముద్రం"@te	
"Spòkójny Òcean"@csb	<https://panlex.org/snapshot/panlex-20191001-csv/2901#110867882>				<https://panlex.org/snapshot/panlex-20191001-csv/2901#110868087>		"పసిఫిక్ మహాసముద్రం"@te	
"Jindijsczi Òcean"@csb	<https://panlex.org/snapshot/panlex-20191001-csv/2901#110867860>				<https://panlex.org/snapshot/panlex-20191001-csv/2901#110867758>		"హిందూ మహాసముద్రం"@te	
"Atlantëcczi Òcean"@csb	<https://panlex.org/snapshot/panlex-20191001-csv/2901#110867498>				<https://panlex.org/snapshot/panlex-20191001-csv/2901#110867446>		"అట్లాంటిక్ మహాసముద్రం"@te	
"stëcznik"@csb	<https://panlex.org/snapshot/panlex-20191001-csv/8#95887>				<https://panlex.org/snapshot/panlex-20191001-csv/8#95969>		"జనవరి"@te	
"Ruskô"@csb	<https://panlex.org/snapshot/panlex-20191001-csv/10#753612>				<https://panlex.org/snapshot/panlex-20191001-csv/10#753675>		"రష్యా"@te	
"òłów"@csb	<https://panlex.org/snapshot/panlex-20191001-csv/2893#110995666>				<https://panlex.org/snapshot/panlex-20191001-csv/2893#110995645>		"సీసము"@te	
"arsén"@csb	<https://panlex.org/snapshot/panlex-20191001-csv/2893#110993687>				<https://panlex.org/snapshot/panlex-20191001-csv/2893#110993620>		"పాషాణము"@te	
"sarka"@csb	<https://panlex.org/snapshot/panlex-20191001-csv/2893#110991874>				<https://panlex.org/snapshot/panlex-20191001-csv/2893#110991838>		"గంధకము"@te	
"krziseń"@csb	<https://panlex.org/snapshot/panlex-20191001-csv/2893#110990390>				<https://panlex.org/snapshot/panlex-20191001-csv/2893#110990354>		"ఆక్సీజన్"@te	
"kòper"@csb	<https://panlex.org/snapshot/panlex-20191001-csv/2893#110993287>				<https://panlex.org/snapshot/panlex-20191001-csv/2893#110993300>		"రాగి"@te	
"kòper"@csb	<https://panlex.org/snapshot/panlex-20191001-csv/2893#110993287>				<https://panlex.org/snapshot/panlex-20191001-csv/2893#110993256>		"తామ్రము"@te	
"kabalt"@csb	<https://panlex.org/snapshot/panlex-20191001-csv/2893#110992832>				<https://panlex.org/snapshot/panlex-20191001-csv/2893#110992887>		"కోబాల్ట్"@te	
"jód"@csb	<https://panlex.org/snapshot/panlex-20191001-csv/2893#110994743>				<https://panlex.org/snapshot/panlex-20191001-csv/2893#110994739>		"ఆయొడీన్"@te	
"fluòr"@csb	<https://panlex.org/snapshot/panlex-20191001-csv/2893#110990558>				<https://panlex.org/snapshot/panlex-20191001-csv/2893#110990513>		"ఫ్లోరిన్"@te	
"fòsfòr"@csb	<https://panlex.org/snapshot/panlex-20191001-csv/2893#110991765>				<https://panlex.org/snapshot/panlex-20191001-csv/2893#110991737>		"ఫాస్ఫొరస్"@te	
"chlor"@csb	<https://panlex.org/snapshot/panlex-20191001-csv/2893#110992180>				<https://panlex.org/snapshot/panlex-20191001-csv/2893#110992119>		"క్లోరీన్"@te	
"strzébro"@csb	<https://panlex.org/snapshot/panlex-20191001-csv/2893#110994000>				<https://panlex.org/snapshot/panlex-20191001-csv/2893#110994150>		"రజతము"@te	
"strzébro"@csb	<https://panlex.org/snapshot/panlex-20191001-csv/2893#110994000>				<https://panlex.org/snapshot/panlex-20191001-csv/2893#110994028>		"వెండి"@te	
"bòr"@csb	<https://panlex.org/snapshot/panlex-20191001-csv/2893#110989753>				<https://panlex.org/snapshot/panlex-20191001-csv/2893#110989689>		"బోరొన్"@te	
"magnéz"@csb	<https://panlex.org/snapshot/panlex-20191001-csv/2893#110991064>				<https://panlex.org/snapshot/panlex-20191001-csv/2893#110991121>		"మెగ్నేశియమ్"@te	
"krzém"@csb	<https://panlex.org/snapshot/panlex-20191001-csv/2893#110991608>				<https://panlex.org/snapshot/panlex-20191001-csv/2893#110991520>		"సిలికొన్"@te	
"wòlfram"@csb	<https://panlex.org/snapshot/panlex-20191001-csv/2893#110994778>				<https://panlex.org/snapshot/panlex-20191001-csv/2893#110994829>		"టంగ్స్టన్"@te	
"tãź"@csb	<https://panlex.org/snapshot/panlex-20191001-csv/2893#110995403>				<https://panlex.org/snapshot/panlex-20191001-csv/2893#110995356>		"పాదరసము"@te	
"antimón"@csb	<https://panlex.org/snapshot/panlex-20191001-csv/2893#110994488>				<https://panlex.org/snapshot/panlex-20191001-csv/2893#110994454>		"సురుమా"@te	
"cëna"@csb	<https://panlex.org/snapshot/panlex-20191001-csv/2893#110994171>				<https://panlex.org/snapshot/panlex-20191001-csv/2893#110994266>		"తగరము"@te	
"cëna"@csb	<https://panlex.org/snapshot/panlex-20191001-csv/2893#110994171>				<https://panlex.org/snapshot/panlex-20191001-csv/2893#110994322>		"సత్తు"@te	
"ùran"@csb	<https://panlex.org/snapshot/panlex-20191001-csv/2893#110995911>				<https://panlex.org/snapshot/panlex-20191001-csv/2893#110995928>		"యురేనియమ్"@te	
"żelazło"@csb	<https://panlex.org/snapshot/panlex-20191001-csv/2893#110992694>				<https://panlex.org/snapshot/panlex-20191001-csv/2893#110992653>		"ఇనుము"@te	
"wãdźel"@csb	<https://panlex.org/snapshot/panlex-20191001-csv/2893#110989985>				<https://panlex.org/snapshot/panlex-20191001-csv/2893#110989973>		"బొగ్గు"@te	
"natrijô"@csb	<https://panlex.org/snapshot/panlex-20191001-csv/2893#110991011>				<https://panlex.org/snapshot/panlex-20191001-csv/2893#110990991>		"సోడియమ్"@te	
"tãcheń"@csb	<https://panlex.org/snapshot/panlex-20191001-csv/2893#110990100>				<https://panlex.org/snapshot/panlex-20191001-csv/2893#110990254>		"నాఇట్రొజన్"@te	
"él"@csb	<https://panlex.org/snapshot/panlex-20191001-csv/2893#110989513>				<https://panlex.org/snapshot/panlex-20191001-csv/2893#110989485>		"హీలియమ్"@te	
"cynk"@csb	<https://panlex.org/snapshot/panlex-20191001-csv/2893#110993476>				<https://panlex.org/snapshot/panlex-20191001-csv/2893#110993406>		"జింక్"@te	
"néón"@csb	<https://panlex.org/snapshot/panlex-20191001-csv/2893#110990860>				<https://panlex.org/snapshot/panlex-20191001-csv/2893#110990753>		"నియొన్"@te	
"nikel"@csb	<https://panlex.org/snapshot/panlex-20191001-csv/2893#110993036>				<https://panlex.org/snapshot/panlex-20191001-csv/2893#110993153>		"నికల్"@te	
"wòdzyk"@csb	<https://panlex.org/snapshot/panlex-20191001-csv/2893#110989389>				<https://panlex.org/snapshot/panlex-20191001-csv/2893#110989302>		"జలధాతు"@te	
"wòdzyk"@csb	<https://panlex.org/snapshot/panlex-20191001-csv/2893#110989389>				<https://panlex.org/snapshot/panlex-20191001-csv/2893#110989382>		"అభ్లింగము"@te	
"platina"@csb	<https://panlex.org/snapshot/panlex-20191001-csv/2893#110995012>				<https://panlex.org/snapshot/panlex-20191001-csv/2893#110995085>		"ప్లెటినమ్"@te	
"kalcéń"@csb	<https://panlex.org/snapshot/panlex-20191001-csv/2893#110992407>				<https://panlex.org/snapshot/panlex-20191001-csv/2893#110992506>		"కొల్సియమ్"@te	
"złoto"@csb	<https://panlex.org/snapshot/panlex-20191001-csv/2893#110995215>				<https://panlex.org/snapshot/panlex-20191001-csv/2893#110995224>		"బంగారు"@te	
"złoto"@csb	<https://panlex.org/snapshot/panlex-20191001-csv/2893#110995215>				<https://panlex.org/snapshot/panlex-20191001-csv/2893#110995322>		"కనకము"@te	
"złoto"@csb	<https://panlex.org/snapshot/panlex-20191001-csv/2893#110995215>				<https://panlex.org/snapshot/panlex-20191001-csv/2893#110995151>		"స్వర్ణము"@te	
"bróm"@csb	<https://panlex.org/snapshot/panlex-20191001-csv/2893#110993870>				<https://panlex.org/snapshot/panlex-20191001-csv/2893#110993892>		"బ్రోమీన్"@te	
"kali"@csb	<https://panlex.org/snapshot/panlex-20191001-csv/2893#110992366>				<https://panlex.org/snapshot/panlex-20191001-csv/2893#110992235>		"పొటెసియమ్"@te	
"aluminijô"@csb	<https://panlex.org/snapshot/panlex-20191001-csv/2893#110991268>				<https://panlex.org/snapshot/panlex-20191001-csv/2893#110991425>		"ఎల్యుమీనియమ్"@te	
"Eùropejskô Ùnijô"@csb	<https://panlex.org/snapshot/panlex-20191001-csv/2894#111100384>				<https://panlex.org/snapshot/panlex-20191001-csv/2894#111100401>		"ఐరోపా సమాఖ్య"@te	
"wtórk"@csb	<https://panlex.org/snapshot/panlex-20191001-csv/2892#110824435>				<https://panlex.org/snapshot/panlex-20191001-csv/2892#110824629>		"మంగళవారం"@te	
"sobòta"@csb	<https://panlex.org/snapshot/panlex-20191001-csv/2892#110826379>				<https://panlex.org/snapshot/panlex-20191001-csv/2892#110826415>		"శనివారం"@te	
"strzoda"@csb	<https://panlex.org/snapshot/panlex-20191001-csv/2892#110825214>				<https://panlex.org/snapshot/panlex-20191001-csv/2892#110825178>		"బుధవారం"@te	
"czwiôrtk"@csb	<https://panlex.org/snapshot/panlex-20191001-csv/2892#110825662>				<https://panlex.org/snapshot/panlex-20191001-csv/2892#110825505>		"గురువారం"@te	
"niedzela"@csb	<https://panlex.org/snapshot/panlex-20191001-csv/2892#110826989>				<https://panlex.org/snapshot/panlex-20191001-csv/2892#110826878>		"ఆదివారం"@te	
"piątk"@csb	<https://panlex.org/snapshot/panlex-20191001-csv/2892#110825710>				<https://panlex.org/snapshot/panlex-20191001-csv/2892#110825767>		"శుక్రవారం"@te	
"pòniedzôłk"@csb	<https://panlex.org/snapshot/panlex-20191001-csv/2892#110824036>				<https://panlex.org/snapshot/panlex-20191001-csv/2892#110824002>		"సోమవారం"@te	
"zélnik"@csb	<https://panlex.org/snapshot/panlex-20191001-csv/2897#110830164>				<https://panlex.org/snapshot/panlex-20191001-csv/2897#110830013>		"ఆగస్టు"@te	
"gòdnik"@csb	<https://panlex.org/snapshot/panlex-20191001-csv/2897#110831610>				<https://panlex.org/snapshot/panlex-20191001-csv/2897#110831613>		"డిసెంబర్"@te	
"stëcznik"@csb	<https://panlex.org/snapshot/panlex-20191001-csv/2897#110827259>				<https://panlex.org/snapshot/panlex-20191001-csv/2897#110827112>		"జనవరి"@te	
"łżëkwiôt"@csb	<https://panlex.org/snapshot/panlex-20191001-csv/2897#110828573>				<https://panlex.org/snapshot/panlex-20191001-csv/2897#110828317>		"ఏప్రిల్"@te	
"séwnik"@csb	<https://panlex.org/snapshot/panlex-20191001-csv/2897#110830455>				<https://panlex.org/snapshot/panlex-20191001-csv/2897#110830607>		"సెప్టెంబర్"@te	
"lëstopadnik"@csb	<https://panlex.org/snapshot/panlex-20191001-csv/2897#110831411>				<https://panlex.org/snapshot/panlex-20191001-csv/2897#110831369>		"నవంబర్"@te	
"czerwińc"@csb	<https://panlex.org/snapshot/panlex-20191001-csv/2897#110829212>				<https://panlex.org/snapshot/panlex-20191001-csv/2897#110829357>		"జూన్"@te	
"rujan"@csb	<https://panlex.org/snapshot/panlex-20191001-csv/2897#110830883>				<https://panlex.org/snapshot/panlex-20191001-csv/2897#110830747>		"అక్టోబర్"@te	
"gromicznik"@csb	<https://panlex.org/snapshot/panlex-20191001-csv/2897#110827474>				<https://panlex.org/snapshot/panlex-20191001-csv/2897#110827521>		"ఫిబ్రవరి"@te	
"strëmiannik"@csb	<https://panlex.org/snapshot/panlex-20191001-csv/2897#110828123>				<https://panlex.org/snapshot/panlex-20191001-csv/2897#110827883>		"మార్చి"@te	
"lëpińc"@csb	<https://panlex.org/snapshot/panlex-20191001-csv/2897#110829669>				<https://panlex.org/snapshot/panlex-20191001-csv/2897#110829641>		"జూలై"@te	
"môj"@csb	<https://panlex.org/snapshot/panlex-20191001-csv/2897#110828761>				<https://panlex.org/snapshot/panlex-20191001-csv/2897#110828959>		"మే"@te	
"Eùropa"@csb	<https://panlex.org/snapshot/panlex-20191001-csv/2891#110854066>				<https://panlex.org/snapshot/panlex-20191001-csv/2891#110854277>		"ఐరోపా"@te	
"Eùropa"@csb	<https://panlex.org/snapshot/panlex-20191001-csv/2891#110854066>				<https://panlex.org/snapshot/panlex-20191001-csv/2891#110854089>		"యూరప్"@te	
"Amerika"@csb	<https://panlex.org/snapshot/panlex-20191001-csv/2891#110853456>				<https://panlex.org/snapshot/panlex-20191001-csv/2891#110853453>		"అమెరికా"@te	
"Afrika"@csb	<https://panlex.org/snapshot/panlex-20191001-csv/2891#110853191>				<https://panlex.org/snapshot/panlex-20191001-csv/2891#110853081>		"ఆఫ్రికా"@te	
"Òceaniô"@csb	<https://panlex.org/snapshot/panlex-20191001-csv/2891#110854546>				<https://panlex.org/snapshot/panlex-20191001-csv/2891#110854520>		"ఓషియానియా"@te	
"Azëjô"@csb	<https://panlex.org/snapshot/panlex-20191001-csv/2891#110853982>				<https://panlex.org/snapshot/panlex-20191001-csv/2891#110853878>		"ఆసియా"@te	
"Antarktida"@csb	<https://panlex.org/snapshot/panlex-20191001-csv/2891#110853655>				<https://panlex.org/snapshot/panlex-20191001-csv/2891#110853554>		"అంటార్కిటికా"@te	
"Himalaje"@csb	<https://panlex.org/snapshot/panlex-20191001-csv/2896#110866537>				<https://panlex.org/snapshot/panlex-20191001-csv/2896#110866621>		"హిమాలయా"@te	
