"Francëszk"@csb	<https://panlex.org/snapshot/panlex-20191001-csv/6717#111107531>				<https://panlex.org/snapshot/panlex-20191001-csv/6717#111107493>		"Frančišek"@sl	
"Epòka bronzë"@csb	<https://panlex.org/snapshot/panlex-20191001-csv/6709#111076035>				<https://panlex.org/snapshot/panlex-20191001-csv/6709#111076039>		"Bronasta doba"@sl	
"Epòka żelazła"@csb	<https://panlex.org/snapshot/panlex-20191001-csv/6709#111076192>				<https://panlex.org/snapshot/panlex-20191001-csv/6709#111076147>		"Železna doba"@sl	
"Môłi Ksyżëc"@csb	<https://panlex.org/snapshot/panlex-20191001-csv/6710#111083162>				<https://panlex.org/snapshot/panlex-20191001-csv/6710#111083023>		"Mali Princ"@sl	
"Miemieckô"@csb	<https://panlex.org/snapshot/panlex-20191001-csv/5950#85858339>				<https://panlex.org/snapshot/panlex-20191001-csv/5950#85858408>		"Nemčija"@sl	
"Eùropejskô Ùnijô"@csb	<https://panlex.org/snapshot/panlex-20191001-csv/5950#85858863>				<https://panlex.org/snapshot/panlex-20191001-csv/5950#85858924>		"Evropska unija"@sl	
"Wikisłowôrz"@csb	<https://panlex.org/snapshot/panlex-20191001-csv/5945#84345052>				<https://panlex.org/snapshot/panlex-20191001-csv/5945#84345121>		"wikislovar"@sl	
"Eùropejskô Ùnijô"@csb	<https://panlex.org/snapshot/panlex-20191001-csv/5945#84344663>				<https://panlex.org/snapshot/panlex-20191001-csv/5945#84344707>		"Evropska unija"@sl	
"tučňák"@csb	<https://panlex.org/snapshot/panlex-20191001-csv/5945#84408857>				<https://panlex.org/snapshot/panlex-20191001-csv/5945#84408882>		"pingvin"@sl	
"psychòlogijô"@csb	<https://panlex.org/snapshot/panlex-20191001-csv/5945#84412285>				<https://panlex.org/snapshot/panlex-20191001-csv/5945#84412348>		"psihologija"@sl	
"Praga"@csb	<https://panlex.org/snapshot/panlex-20191001-csv/5945#84343576>				<https://panlex.org/snapshot/panlex-20191001-csv/5945#84343624>		"Praga"@sl	
"Michôł"@csb	<https://panlex.org/snapshot/panlex-20191001-csv/5947#84602157>				<https://panlex.org/snapshot/panlex-20191001-csv/5947#84602202>		"Miha"@sl	
"Michôł"@csb	<https://panlex.org/snapshot/panlex-20191001-csv/5947#84602157>				<https://panlex.org/snapshot/panlex-20191001-csv/5947#84602203>		"Mihael"@sl	
"ricérz"@csb	<https://panlex.org/snapshot/panlex-20191001-csv/5947#84831720>				<https://panlex.org/snapshot/panlex-20191001-csv/5947#84831759>		"vitez"@sl	
"sobòta"@csb	<https://panlex.org/snapshot/panlex-20191001-csv/5947#84843367>				<https://panlex.org/snapshot/panlex-20191001-csv/5947#84843403>		"sobota"@sl	
"gòdowé drzéwkò"@csb	<https://panlex.org/snapshot/panlex-20191001-csv/5947#84652659>				<https://panlex.org/snapshot/panlex-20191001-csv/5947#84652704>		"božično drevo"@sl	
"gòdowé drzéwkò"@csb	<https://panlex.org/snapshot/panlex-20191001-csv/5947#84652659>				<https://panlex.org/snapshot/panlex-20191001-csv/5947#84652703>		"Božično drevo"@sl	
"slawistika"@csb	<https://panlex.org/snapshot/panlex-20191001-csv/5947#84842556>				<https://panlex.org/snapshot/panlex-20191001-csv/5947#84842570>		"slavistika"@sl	
"Mount Everest"@csb	<https://panlex.org/snapshot/panlex-20191001-csv/5947#84603223>				<https://panlex.org/snapshot/panlex-20191001-csv/5947#84603283>		"Mount Everest"@sl	
"Bòsnijô ë Hercegòwina"@csb	<https://panlex.org/snapshot/panlex-20191001-csv/5947#84585718>				<https://panlex.org/snapshot/panlex-20191001-csv/5947#84585756>		"Bosna in Hercegovina"@sl	
"smierc"@csb	<https://panlex.org/snapshot/panlex-20191001-csv/5947#84915042>				<https://panlex.org/snapshot/panlex-20191001-csv/5947#84915073>		"smrt"@sl	
"abisyńsczi"@csb	<https://panlex.org/snapshot/panlex-20191001-csv/5947#84619098>				<https://panlex.org/snapshot/panlex-20191001-csv/5947#84619106>		"abesinski"@sl	
"Jugòsławijô"@csb	<https://panlex.org/snapshot/panlex-20191001-csv/5947#84596014>				<https://panlex.org/snapshot/panlex-20191001-csv/5947#84596046>		"Jugoslavija"@sl	
"skarń"@csb	<https://panlex.org/snapshot/panlex-20191001-csv/5947#84871571>				<https://panlex.org/snapshot/panlex-20191001-csv/5947#84871611>		"obličje"@sl	
"skarń"@csb	<https://panlex.org/snapshot/panlex-20191001-csv/5947#84871571>				<https://panlex.org/snapshot/panlex-20191001-csv/5947#84871610>		"obraz"@sl	
"dlô"@csb	<https://panlex.org/snapshot/panlex-20191001-csv/5947#84666862>				<https://panlex.org/snapshot/panlex-20191001-csv/5947#84666891>		"za"@sl	
"Szwajcarskô"@csb	<https://panlex.org/snapshot/panlex-20191001-csv/5947#84612323>				<https://panlex.org/snapshot/panlex-20191001-csv/5947#84612356>		"Švica"@sl	
"côl"@csb	<https://panlex.org/snapshot/panlex-20191001-csv/5947#84649327>				<https://panlex.org/snapshot/panlex-20191001-csv/5947#84649359>		"palec"@sl	
"nic"@csb	<https://panlex.org/snapshot/panlex-20191001-csv/5947#84764154>				<https://panlex.org/snapshot/panlex-20191001-csv/5947#84764197>		"nič"@sl	
"Òlëwiô"@csb	<https://panlex.org/snapshot/panlex-20191001-csv/5947#84605495>				<https://panlex.org/snapshot/panlex-20191001-csv/5947#84605499>		"Oliva"@sl	
"Òlëwiô"@csb	<https://panlex.org/snapshot/panlex-20191001-csv/5947#84605495>				<https://panlex.org/snapshot/panlex-20191001-csv/5947#84605498>		"Oliwija"@sl	
"zëmiszcze"@csb	<https://panlex.org/snapshot/panlex-20191001-csv/5947#84905688>				<https://panlex.org/snapshot/panlex-20191001-csv/5947#84905729>		"zima"@sl	
"domkla"@csb	<https://panlex.org/snapshot/panlex-20191001-csv/5947#84735979>				<https://panlex.org/snapshot/panlex-20191001-csv/5947#84735999>		"ključavnica"@sl	
"papiéż"@csb	<https://panlex.org/snapshot/panlex-20191001-csv/5947#84787461>				<https://panlex.org/snapshot/panlex-20191001-csv/5947#84787484>		"papež"@sl	
"Jón"@csb	<https://panlex.org/snapshot/panlex-20191001-csv/5947#84595004>				<https://panlex.org/snapshot/panlex-20191001-csv/5947#84595040>		"Janez"@sl	
"stądka"@csb	<https://panlex.org/snapshot/panlex-20191001-csv/5947#84851771>				<https://panlex.org/snapshot/panlex-20191001-csv/5947#84851797>		"od tod"@sl	
"bridż"@csb	<https://panlex.org/snapshot/panlex-20191001-csv/5947#84645580>				<https://panlex.org/snapshot/panlex-20191001-csv/5947#84645609>		"bridž"@sl	
"abò"@csb	<https://panlex.org/snapshot/panlex-20191001-csv/5947#84742120>				<https://panlex.org/snapshot/panlex-20191001-csv/5947#84742169>		"àli"@sl	
"lëft"@csb	<https://panlex.org/snapshot/panlex-20191001-csv/5947#84806820>				<https://panlex.org/snapshot/panlex-20191001-csv/5947#84806859>		"zrak"@sl	
"mòrzé"@csb	<https://panlex.org/snapshot/panlex-20191001-csv/5947#84755283>				<https://panlex.org/snapshot/panlex-20191001-csv/5947#84755340>		"morje"@sl	
"zëma"@csb	<https://panlex.org/snapshot/panlex-20191001-csv/5947#84905687>				<https://panlex.org/snapshot/panlex-20191001-csv/5947#84905729>		"zima"@sl	
"nickò"@csb	<https://panlex.org/snapshot/panlex-20191001-csv/5947#84764155>				<https://panlex.org/snapshot/panlex-20191001-csv/5947#84764197>		"nič"@sl	
"jo"@csb	<https://panlex.org/snapshot/panlex-20191001-csv/5947#84862211>				<https://panlex.org/snapshot/panlex-20191001-csv/5947#84862283>		"da"@sl	
"jo"@csb	<https://panlex.org/snapshot/panlex-20191001-csv/5947#84862211>				<https://panlex.org/snapshot/panlex-20191001-csv/5947#84862282>		"ja"@sl	
"przepòwiôdôcz"@csb	<https://panlex.org/snapshot/panlex-20191001-csv/5947#84811885>				<https://panlex.org/snapshot/panlex-20191001-csv/5947#84811906>		"prorok"@sl	
"Pioter"@csb	<https://panlex.org/snapshot/panlex-20191001-csv/5947#84607142>				<https://panlex.org/snapshot/panlex-20191001-csv/5947#84607179>		"Peter"@sl	
"Słuńce"@csb	<https://panlex.org/snapshot/panlex-20191001-csv/5947#84612718>				<https://panlex.org/snapshot/panlex-20191001-csv/5947#84612744>		"Sonce"@sl	
"znąd"@csb	<https://panlex.org/snapshot/panlex-20191001-csv/5947#84851769>				<https://panlex.org/snapshot/panlex-20191001-csv/5947#84851797>		"od tod"@sl	
"biôłi"@csb	<https://panlex.org/snapshot/panlex-20191001-csv/5947#84639711>				<https://panlex.org/snapshot/panlex-20191001-csv/5947#84639841>		"bel"@sl	
"Eùropejskô Ùnijô"@csb	<https://panlex.org/snapshot/panlex-20191001-csv/5947#84614580>				<https://panlex.org/snapshot/panlex-20191001-csv/5947#84614652>		"Evropska unija"@sl	
"wòjskò"@csb	<https://panlex.org/snapshot/panlex-20191001-csv/5947#84630456>				<https://panlex.org/snapshot/panlex-20191001-csv/5947#84630497>		"armada"@sl	
"wòjskò"@csb	<https://panlex.org/snapshot/panlex-20191001-csv/5947#84630456>				<https://panlex.org/snapshot/panlex-20191001-csv/5947#84630496>		"vojska"@sl	
"topór"@csb	<https://panlex.org/snapshot/panlex-20191001-csv/5947#84867037>				<https://panlex.org/snapshot/panlex-20191001-csv/5947#84867064>		"sekira"@sl	
"stëcznik"@csb	<https://panlex.org/snapshot/panlex-20191001-csv/5947#84851423>				<https://panlex.org/snapshot/panlex-20191001-csv/5947#84851528>		"prosinec"@sl	
"stëcznik"@csb	<https://panlex.org/snapshot/panlex-20191001-csv/5947#84851423>				<https://panlex.org/snapshot/panlex-20191001-csv/5947#84851527>		"januar"@sl	
"stëcznik"@csb	<https://panlex.org/snapshot/panlex-20191001-csv/5947#84851423>				<https://panlex.org/snapshot/panlex-20191001-csv/5947#84851529>		"svečen"@sl	
"stëcznik"@csb	<https://panlex.org/snapshot/panlex-20191001-csv/5947#84851423>				<https://panlex.org/snapshot/panlex-20191001-csv/5947#84851526>		"lednik"@sl	
"scygôcz"@csb	<https://panlex.org/snapshot/panlex-20191001-csv/5947#84698322>				<https://panlex.org/snapshot/panlex-20191001-csv/5947#84698350>		"zavora"@sl	
"jistnik"@csb	<https://panlex.org/snapshot/panlex-20191001-csv/5947#84832554>				<https://panlex.org/snapshot/panlex-20191001-csv/5947#84832586>		"samostalnik"@sl	
"kòza"@csb	<https://panlex.org/snapshot/panlex-20191001-csv/5947#84727435>				<https://panlex.org/snapshot/panlex-20191001-csv/5947#84727460>		"koza"@sl	
"danka"@csb	<https://panlex.org/snapshot/panlex-20191001-csv/5947#84652660>				<https://panlex.org/snapshot/panlex-20191001-csv/5947#84652704>		"božično drevo"@sl	
"danka"@csb	<https://panlex.org/snapshot/panlex-20191001-csv/5947#84652660>				<https://panlex.org/snapshot/panlex-20191001-csv/5947#84652703>		"Božično drevo"@sl	
"nos"@csb	<https://panlex.org/snapshot/panlex-20191001-csv/5947#84770591>				<https://panlex.org/snapshot/panlex-20191001-csv/5947#84770613>		"nos"@sl	
"nôtëra"@csb	<https://panlex.org/snapshot/panlex-20191001-csv/5947#84818494>				<https://panlex.org/snapshot/panlex-20191001-csv/5947#84818516>		"priroda"@sl	
"òdwrót"@csb	<https://panlex.org/snapshot/panlex-20191001-csv/5947#84776791>				<https://panlex.org/snapshot/panlex-20191001-csv/5947#84776805>		"umik"@sl	
"czwôrtk"@csb	<https://panlex.org/snapshot/panlex-20191001-csv/5947#84661895>				<https://panlex.org/snapshot/panlex-20191001-csv/5947#84661953>		"četrtek"@sl	
"Czeskô Repùblika"@csb	<https://panlex.org/snapshot/panlex-20191001-csv/5947#84608820>				<https://panlex.org/snapshot/panlex-20191001-csv/5947#84608842>		"Češka republika"@sl	
"szkólny"@csb	<https://panlex.org/snapshot/panlex-20191001-csv/5947#84762659>				<https://panlex.org/snapshot/panlex-20191001-csv/5947#84762700>		"učitelj"@sl	
"niezabôtka"@csb	<https://panlex.org/snapshot/panlex-20191001-csv/5947#84768755>				<https://panlex.org/snapshot/panlex-20191001-csv/5947#84768782>		"spominčica"@sl	
"ë"@csb	<https://panlex.org/snapshot/panlex-20191001-csv/5947#84702223>				<https://panlex.org/snapshot/panlex-20191001-csv/5947#84702320>		"in"@sl	
"wa"@csb	<https://panlex.org/snapshot/panlex-20191001-csv/5947#84890177>				<https://panlex.org/snapshot/panlex-20191001-csv/5947#84890202>		"vi"@sl	
"Andorra"@csb	<https://panlex.org/snapshot/panlex-20191001-csv/5947#84581051>				<https://panlex.org/snapshot/panlex-20191001-csv/5947#84581076>		"Andora"@sl	
"czasnik"@csb	<https://panlex.org/snapshot/panlex-20191001-csv/5947#84660089>				<https://panlex.org/snapshot/panlex-20191001-csv/5947#84660142>		"glagol"@sl	
"òkò"@csb	<https://panlex.org/snapshot/panlex-20191001-csv/5947#84778317>				<https://panlex.org/snapshot/panlex-20191001-csv/5947#84778386>		"oko"@sl	
"Łukôsz"@csb	<https://panlex.org/snapshot/panlex-20191001-csv/5947#84911034>				<https://panlex.org/snapshot/panlex-20191001-csv/5947#84911045>		"Luka"@sl	
"twôrz"@csb	<https://panlex.org/snapshot/panlex-20191001-csv/5947#84871570>				<https://panlex.org/snapshot/panlex-20191001-csv/5947#84871611>		"obličje"@sl	
"twôrz"@csb	<https://panlex.org/snapshot/panlex-20191001-csv/5947#84871570>				<https://panlex.org/snapshot/panlex-20191001-csv/5947#84871610>		"obraz"@sl	
"Słowackô"@csb	<https://panlex.org/snapshot/panlex-20191001-csv/5947#84612543>				<https://panlex.org/snapshot/panlex-20191001-csv/5947#84612566>		"Slovaška"@sl	
"zdrzódło"@csb	<https://panlex.org/snapshot/panlex-20191001-csv/5947#84917510>				<https://panlex.org/snapshot/panlex-20191001-csv/5947#84917547>		"izvír"@sl	
"rujan"@csb	<https://panlex.org/snapshot/panlex-20191001-csv/5947#84790077>				<https://panlex.org/snapshot/panlex-20191001-csv/5947#84790139>		"oktober"@sl	
"Ruskô"@csb	<https://panlex.org/snapshot/panlex-20191001-csv/5947#84609185>				<https://panlex.org/snapshot/panlex-20191001-csv/5947#84609224>		"Rusija"@sl	
"Andrzéj"@csb	<https://panlex.org/snapshot/panlex-20191001-csv/5947#84581175>				<https://panlex.org/snapshot/panlex-20191001-csv/5947#84581192>		"Andrej"@sl	
"zymk"@csb	<https://panlex.org/snapshot/panlex-20191001-csv/5947#84884987>				<https://panlex.org/snapshot/panlex-20191001-csv/5947#84885035>		"pomlad"@sl	
"krziseń"@csb	<https://panlex.org/snapshot/panlex-20191001-csv/5940#81346915>				<https://panlex.org/snapshot/panlex-20191001-csv/5940#81346977>		"kisik"@sl	
"lëstopadnik"@csb	<https://panlex.org/snapshot/panlex-20191001-csv/5940#81285332>				<https://panlex.org/snapshot/panlex-20191001-csv/5940#81285365>		"november"@sl	
"zélnik"@csb	<https://panlex.org/snapshot/panlex-20191001-csv/5940#81277172>				<https://panlex.org/snapshot/panlex-20191001-csv/5940#81277224>		"avgúst"@sl	
"Eùropa"@csb	<https://panlex.org/snapshot/panlex-20191001-csv/5940#81279719>				<https://panlex.org/snapshot/panlex-20191001-csv/5940#81279777>		"Evropa"@sl	
"Greckô"@csb	<https://panlex.org/snapshot/panlex-20191001-csv/5940#81279251>				<https://panlex.org/snapshot/panlex-20191001-csv/5940#81279294>		"Grčija"@sl	
"Zemia"@csb	<https://panlex.org/snapshot/panlex-20191001-csv/5940#81310751>				<https://panlex.org/snapshot/panlex-20191001-csv/5940#81310816>		"Zemlja"@sl	
"Szpańskô"@csb	<https://panlex.org/snapshot/panlex-20191001-csv/5940#81280935>				<https://panlex.org/snapshot/panlex-20191001-csv/5940#81281002>		"Španija"@sl	
"Berlëno"@csb	<https://panlex.org/snapshot/panlex-20191001-csv/5939#80750937>				<https://panlex.org/snapshot/panlex-20191001-csv/5939#80750989>		"Berlin"@sl	
"Azerbejdżan"@csb	<https://panlex.org/snapshot/panlex-20191001-csv/5939#80729696>				<https://panlex.org/snapshot/panlex-20191001-csv/5939#80729759>		"Azerbajdžan"@sl	
"kalifòrn"@csb	<https://panlex.org/snapshot/panlex-20191001-csv/5939#80771460>				<https://panlex.org/snapshot/panlex-20191001-csv/5939#80771503>		"kalifornij"@sl	
"Azëjô"@csb	<https://panlex.org/snapshot/panlex-20191001-csv/5939#80729928>				<https://panlex.org/snapshot/panlex-20191001-csv/5939#80729997>		"Azija"@sl	
"Gduńsk"@csb	<https://panlex.org/snapshot/panlex-20191001-csv/5939#80778820>				<https://panlex.org/snapshot/panlex-20191001-csv/5939#80778875>		"Gdansk"@sl	
"Fińskô"@csb	<https://panlex.org/snapshot/panlex-20191001-csv/5939#80815488>				<https://panlex.org/snapshot/panlex-20191001-csv/5939#80815533>		"Finska"@sl	
"Eùropejskô Ùnijô"@csb	<https://panlex.org/snapshot/panlex-20191001-csv/5939#80806961>				<https://panlex.org/snapshot/panlex-20191001-csv/5939#80807019>		"Evropska unija"@sl	
"łżëkwiôt"@csb	<https://panlex.org/snapshot/panlex-20191001-csv/5939#80725320>				<https://panlex.org/snapshot/panlex-20191001-csv/5939#80725386>		"april"@sl	
"wãgòrz"@csb	<https://panlex.org/snapshot/panlex-20191001-csv/5939#80698908>				<https://panlex.org/snapshot/panlex-20191001-csv/5939#80698964>		"jegulja"@sl	
"gòdnik"@csb	<https://panlex.org/snapshot/panlex-20191001-csv/5939#80782937>				<https://panlex.org/snapshot/panlex-20191001-csv/5939#80782996>		"decémber"@sl	
"miemiecczi jãzëk"@csb	<https://panlex.org/snapshot/panlex-20191001-csv/5939#80782354>				<https://panlex.org/snapshot/panlex-20191001-csv/5939#80782455>		"nemščina"@sl	
"Eùropa"@csb	<https://panlex.org/snapshot/panlex-20191001-csv/5939#80806603>				<https://panlex.org/snapshot/panlex-20191001-csv/5939#80806662>		"Evropa"@sl	
"gromicznik"@csb	<https://panlex.org/snapshot/panlex-20191001-csv/5939#80811212>				<https://panlex.org/snapshot/panlex-20191001-csv/5939#80811311>		"februar"@sl	
"Wiôldżé Ksyżestwò Luksembùrga"@csb	<https://panlex.org/snapshot/panlex-20191001-csv/5939#80845982>				<https://panlex.org/snapshot/panlex-20191001-csv/5939#80846009>		"Veliko vojvodstvo Luksemburg"@sl	
"dôwôcz"@csb	<https://panlex.org/snapshot/panlex-20191001-csv/5939#80779302>				<https://panlex.org/snapshot/panlex-20191001-csv/5939#80779316>		"dativ"@sl	
"dôwôcz"@csb	<https://panlex.org/snapshot/panlex-20191001-csv/5939#80779302>				<https://panlex.org/snapshot/panlex-20191001-csv/5939#80779315>		"dajalnik"@sl	
"Ankara"@csb	<https://panlex.org/snapshot/panlex-20191001-csv/5939#80720280>				<https://panlex.org/snapshot/panlex-20191001-csv/5939#80720313>		"Ankara"@sl	
"Dëńskô"@csb	<https://panlex.org/snapshot/panlex-20191001-csv/5939#80790914>				<https://panlex.org/snapshot/panlex-20191001-csv/5939#80790964>		"Danska"@sl	
"Miemieckô"@csb	<https://panlex.org/snapshot/panlex-20191001-csv/5939#80782667>				<https://panlex.org/snapshot/panlex-20191001-csv/5939#80782781>		"Nemčija"@sl	
"datiw"@csb	<https://panlex.org/snapshot/panlex-20191001-csv/5939#80779303>				<https://panlex.org/snapshot/panlex-20191001-csv/5939#80779316>		"dativ"@sl	
"datiw"@csb	<https://panlex.org/snapshot/panlex-20191001-csv/5939#80779303>				<https://panlex.org/snapshot/panlex-20191001-csv/5939#80779315>		"dajalnik"@sl	
"Armenijö"@csb	<https://panlex.org/snapshot/panlex-20191001-csv/5939#80727942>				<https://panlex.org/snapshot/panlex-20191001-csv/5939#80728005>		"Armenija"@sl	
"zélnik"@csb	<https://panlex.org/snapshot/panlex-20191001-csv/5939#80734584>				<https://panlex.org/snapshot/panlex-20191001-csv/5939#80734653>		"avgúst"@sl	
"Amsterdam"@csb	<https://panlex.org/snapshot/panlex-20191001-csv/5939#80717061>				<https://panlex.org/snapshot/panlex-20191001-csv/5939#80717120>		"Amsterdam"@sl	
"szpédżel"@csb	<https://panlex.org/snapshot/panlex-20191001-csv/5946#84446156>				<https://panlex.org/snapshot/panlex-20191001-csv/5946#84446306>		"ogledalo"@sl	
"zwiercadło"@csb	<https://panlex.org/snapshot/panlex-20191001-csv/5946#84446155>				<https://panlex.org/snapshot/panlex-20191001-csv/5946#84446306>		"ogledalo"@sl	
"drzéwò"@csb	<https://panlex.org/snapshot/panlex-20191001-csv/5946#84449567>				<https://panlex.org/snapshot/panlex-20191001-csv/5946#84449644>		"drevo"@sl	
"dóm"@csb	<https://panlex.org/snapshot/panlex-20191001-csv/5946#84437229>				<https://panlex.org/snapshot/panlex-20191001-csv/5946#84437288>		"hiša"@sl	
"zdrzadło"@csb	<https://panlex.org/snapshot/panlex-20191001-csv/5946#84446157>				<https://panlex.org/snapshot/panlex-20191001-csv/5946#84446306>		"ogledalo"@sl	
"Cyper"@csb	<https://panlex.org/snapshot/panlex-20191001-csv/5949#85312941>				<https://panlex.org/snapshot/panlex-20191001-csv/5949#85312979>		"Ciper"@sl	
"Amsterdam"@csb	<https://panlex.org/snapshot/panlex-20191001-csv/5949#85299369>				<https://panlex.org/snapshot/panlex-20191001-csv/5949#85299400>		"Amsterdam"@sl	
"Jerozolëma"@csb	<https://panlex.org/snapshot/panlex-20191001-csv/5949#85309904>				<https://panlex.org/snapshot/panlex-20191001-csv/5949#85310016>		"Jeruzalem"@sl	
"Ruskô"@csb	<https://panlex.org/snapshot/panlex-20191001-csv/5949#85319429>				<https://panlex.org/snapshot/panlex-20191001-csv/5949#85319589>		"Rusija"@sl	
"internet"@csb	<https://panlex.org/snapshot/panlex-20191001-csv/5949#85310280>				<https://panlex.org/snapshot/panlex-20191001-csv/5949#85310326>		"internet"@sl	
"Tëreckô"@csb	<https://panlex.org/snapshot/panlex-20191001-csv/5949#85322483>				<https://panlex.org/snapshot/panlex-20191001-csv/5949#85322585>		"Turčija"@sl	
"Słuńce"@csb	<https://panlex.org/snapshot/panlex-20191001-csv/5949#85320879>				<https://panlex.org/snapshot/panlex-20191001-csv/5949#85320981>		"Sonce"@sl	
"Fińskô"@csb	<https://panlex.org/snapshot/panlex-20191001-csv/5949#85323158>				<https://panlex.org/snapshot/panlex-20191001-csv/5949#85323243>		"Finska"@sl	
"zélnik"@csb	<https://panlex.org/snapshot/panlex-20191001-csv/5949#85329310>				<https://panlex.org/snapshot/panlex-20191001-csv/5949#85329491>		"avgust"@sl	
"zélnik"@csb	<https://panlex.org/snapshot/panlex-20191001-csv/5949#85329310>				<https://panlex.org/snapshot/panlex-20191001-csv/5949#85329492>		"veliki srpan"@sl	
"Szkòckô"@csb	<https://panlex.org/snapshot/panlex-20191001-csv/5949#85325206>				<https://panlex.org/snapshot/panlex-20191001-csv/5949#85325299>		"Škotska"@sl	
"Łotewskô"@csb	<https://panlex.org/snapshot/panlex-20191001-csv/5949#85314255>				<https://panlex.org/snapshot/panlex-20191001-csv/5949#85314370>		"Latvija"@sl	
"Zemia"@csb	<https://panlex.org/snapshot/panlex-20191001-csv/5949#85309521>				<https://panlex.org/snapshot/panlex-20191001-csv/5949#85309600>		"Zemlja"@sl	
"Berlëno"@csb	<https://panlex.org/snapshot/panlex-20191001-csv/5949#85302406>				<https://panlex.org/snapshot/panlex-20191001-csv/5949#85302527>		"Berlin"@sl	
"Biblëjô"@csb	<https://panlex.org/snapshot/panlex-20191001-csv/5949#85302658>				<https://panlex.org/snapshot/panlex-20191001-csv/5949#85302779>		"Biblija"@sl	
"Estóńskô"@csb	<https://panlex.org/snapshot/panlex-20191001-csv/5949#85325745>				<https://panlex.org/snapshot/panlex-20191001-csv/5949#85325792>		"Estonija"@sl	
"Jemen"@csb	<https://panlex.org/snapshot/panlex-20191001-csv/5949#85310972>				<https://panlex.org/snapshot/panlex-20191001-csv/5949#85311045>		"Jemen"@sl	
"Dëńskô"@csb	<https://panlex.org/snapshot/panlex-20191001-csv/5949#85307515>				<https://panlex.org/snapshot/panlex-20191001-csv/5949#85307542>		"Danska"@sl	
"Singapùr"@csb	<https://panlex.org/snapshot/panlex-20191001-csv/5949#85320485>				<https://panlex.org/snapshot/panlex-20191001-csv/5949#85320585>		"Singapur"@sl	
"Kazachstan"@csb	<https://panlex.org/snapshot/panlex-20191001-csv/5949#85312062>				<https://panlex.org/snapshot/panlex-20191001-csv/5949#85312140>		"Kázahstan"@sl	
"Wietnam"@csb	<https://panlex.org/snapshot/panlex-20191001-csv/5949#85305533>				<https://panlex.org/snapshot/panlex-20191001-csv/5949#85305583>		"Vietnam"@sl	
"Kiszëniôw"@csb	<https://panlex.org/snapshot/panlex-20191001-csv/5949#85313134>				<https://panlex.org/snapshot/panlex-20191001-csv/5949#85313168>		"Kišinjov"@sl	
"aùtobùs"@csb	<https://panlex.org/snapshot/panlex-20191001-csv/5949#85330480>				<https://panlex.org/snapshot/panlex-20191001-csv/5949#85330566>		"avtobus"@sl	
"Bùlgarskô"@csb	<https://panlex.org/snapshot/panlex-20191001-csv/5949#85303318>				<https://panlex.org/snapshot/panlex-20191001-csv/5949#85303364>		"Bolgarija"@sl	
"Pòrtugalskô"@csb	<https://panlex.org/snapshot/panlex-20191001-csv/5949#85318782>				<https://panlex.org/snapshot/panlex-20191001-csv/5949#85318845>		"Portugalska"@sl	
"Eùropa"@csb	<https://panlex.org/snapshot/panlex-20191001-csv/5949#85308518>				<https://panlex.org/snapshot/panlex-20191001-csv/5949#85308631>		"Evropa"@sl	
"Riga"@csb	<https://panlex.org/snapshot/panlex-20191001-csv/5949#85319190>				<https://panlex.org/snapshot/panlex-20191001-csv/5949#85319259>		"Riga"@sl	
"strumiannik"@csb	<https://panlex.org/snapshot/panlex-20191001-csv/5943#83371798>				<https://panlex.org/snapshot/panlex-20191001-csv/5943#83371847>		"marec"@sl	
"Fińskô"@csb	<https://panlex.org/snapshot/panlex-20191001-csv/5943#83294086>				<https://panlex.org/snapshot/panlex-20191001-csv/5943#83294147>		"Finska"@sl	
"Pòlskô"@csb	<https://panlex.org/snapshot/panlex-20191001-csv/5943#83292926>				<https://panlex.org/snapshot/panlex-20191001-csv/5943#83292944>		"Poljska"@sl	
"serbòchòrwacczi jãzëk"@csb	<https://panlex.org/snapshot/panlex-20191001-csv/405#13631360>				<https://panlex.org/snapshot/panlex-20191001-csv/405#13631392>		"srbohrvaščina"@sl	
"serbsczi jãzëk"@csb	<https://panlex.org/snapshot/panlex-20191001-csv/405#13631300>				<https://panlex.org/snapshot/panlex-20191001-csv/405#13631341>		"srbščina"@sl	
"słowiańsczé jãzëczi"@csb	<https://panlex.org/snapshot/panlex-20191001-csv/405#13631700>				<https://panlex.org/snapshot/panlex-20191001-csv/405#13631741>		"slovanski jeziki"@sl	
"chòrwacczi jãzëk"@csb	<https://panlex.org/snapshot/panlex-20191001-csv/405#13623008>				<https://panlex.org/snapshot/panlex-20191001-csv/405#13623046>		"hrvaščina"@sl	
"kaszëbsczi jãzëk"@csb	<https://panlex.org/snapshot/panlex-20191001-csv/405#13626754>				<https://panlex.org/snapshot/panlex-20191001-csv/405#13626787>		"kašubščina"@sl	
"czesczi jãzëk"@csb	<https://panlex.org/snapshot/panlex-20191001-csv/405#13623101>				<https://panlex.org/snapshot/panlex-20191001-csv/405#13623148>		"Češčina"@sl	
"pòlsczi jãzëk"@csb	<https://panlex.org/snapshot/panlex-20191001-csv/405#13630128>				<https://panlex.org/snapshot/panlex-20191001-csv/405#13630183>		"poljščina"@sl	
"Esperanto"@csb	<https://panlex.org/snapshot/panlex-20191001-csv/405#13623742>				<https://panlex.org/snapshot/panlex-20191001-csv/405#13623807>		"esperanto"@sl	
"słowacczi jãzëk"@csb	<https://panlex.org/snapshot/panlex-20191001-csv/405#13631771>				<https://panlex.org/snapshot/panlex-20191001-csv/405#13631812>		"slovaščina"@sl	
"lëpinc"@csb	<https://panlex.org/snapshot/panlex-20191001-csv/9#473344>				<https://panlex.org/snapshot/panlex-20191001-csv/9#473390>		"julij"@sl	
"internet"@csb	<https://panlex.org/snapshot/panlex-20191001-csv/9#487621>				<https://panlex.org/snapshot/panlex-20191001-csv/9#487663>		"internet"@sl	
"Miemieckô"@csb	<https://panlex.org/snapshot/panlex-20191001-csv/9#474760>				<https://panlex.org/snapshot/panlex-20191001-csv/9#474846>		"Nemčija"@sl	
"stëcznik"@csb	<https://panlex.org/snapshot/panlex-20191001-csv/9#477149>				<https://panlex.org/snapshot/panlex-20191001-csv/9#477190>		"januar"@sl	
"stëcznik"@csb	<https://panlex.org/snapshot/panlex-20191001-csv/9#472940>				<https://panlex.org/snapshot/panlex-20191001-csv/9#472972>		"prosinec"@sl	
"Lëtewskô"@csb	<https://panlex.org/snapshot/panlex-20191001-csv/9#539767>				<https://panlex.org/snapshot/panlex-20191001-csv/9#539834>		"Litva"@sl	
"Eùropa"@csb	<https://panlex.org/snapshot/panlex-20191001-csv/9#501091>				<https://panlex.org/snapshot/panlex-20191001-csv/9#501123>		"Evropa"@sl	
"séwnik"@csb	<https://panlex.org/snapshot/panlex-20191001-csv/9#473515>				<https://panlex.org/snapshot/panlex-20191001-csv/9#473554>		"september"@sl	
"czerwińc"@csb	<https://panlex.org/snapshot/panlex-20191001-csv/9#473267>				<https://panlex.org/snapshot/panlex-20191001-csv/9#473316>		"junij"@sl	
"Bôłt"@csb	<https://panlex.org/snapshot/panlex-20191001-csv/9#498775>				<https://panlex.org/snapshot/panlex-20191001-csv/9#498796>		"Baltsko morje"@sl	
"dzewiãc"@csb	<https://panlex.org/snapshot/panlex-20191001-csv/9#490938>				<https://panlex.org/snapshot/panlex-20191001-csv/9#491034>		"devet"@sl	
"łżëkwiôt"@csb	<https://panlex.org/snapshot/panlex-20191001-csv/9#473105>				<https://panlex.org/snapshot/panlex-20191001-csv/9#473159>		"april"@sl	
"slovio"@csb	<https://panlex.org/snapshot/panlex-20191001-csv/9#551445>				<https://panlex.org/snapshot/panlex-20191001-csv/9#551461>		"slovio"@sl	
"Fińskô"@csb	<https://panlex.org/snapshot/panlex-20191001-csv/9#484345>				<https://panlex.org/snapshot/panlex-20191001-csv/9#484389>		"Finska"@sl	
"rujan"@csb	<https://panlex.org/snapshot/panlex-20191001-csv/9#473582>				<https://panlex.org/snapshot/panlex-20191001-csv/9#473630>		"oktober"@sl	
"słowôrz"@csb	<https://panlex.org/snapshot/panlex-20191001-csv/9#474028>				<https://panlex.org/snapshot/panlex-20191001-csv/9#474058>		"slovar"@sl	
"gòdnik"@csb	<https://panlex.org/snapshot/panlex-20191001-csv/9#472860>				<https://panlex.org/snapshot/panlex-20191001-csv/9#472910>		"decémber"@sl	
"Eùropejskô Ùnijô"@csb	<https://panlex.org/snapshot/panlex-20191001-csv/9#516341>				<https://panlex.org/snapshot/panlex-20191001-csv/9#516400>		"Evropska unija"@sl	
"Azëjô"@csb	<https://panlex.org/snapshot/panlex-20191001-csv/9#502657>				<https://panlex.org/snapshot/panlex-20191001-csv/9#502724>		"Azija"@sl	
"môj"@csb	<https://panlex.org/snapshot/panlex-20191001-csv/9#473191>				<https://panlex.org/snapshot/panlex-20191001-csv/9#473238>		"maj"@sl	
"strumiannik"@csb	<https://panlex.org/snapshot/panlex-20191001-csv/9#473026>				<https://panlex.org/snapshot/panlex-20191001-csv/9#473073>		"marec"@sl	
"Dëńskô"@csb	<https://panlex.org/snapshot/panlex-20191001-csv/9#490159>				<https://panlex.org/snapshot/panlex-20191001-csv/9#490208>		"Danska"@sl	
"Berlëno"@csb	<https://panlex.org/snapshot/panlex-20191001-csv/9#496726>				<https://panlex.org/snapshot/panlex-20191001-csv/9#496769>		"Berlin"@sl	
"Berlëno"@csb	<https://panlex.org/snapshot/panlex-20191001-csv/9#496660>				<https://panlex.org/snapshot/panlex-20191001-csv/9#496703>		"Berlin"@sl	
"zélnik"@csb	<https://panlex.org/snapshot/panlex-20191001-csv/9#473422>				<https://panlex.org/snapshot/panlex-20191001-csv/9#473481>		"avgúst"@sl	
"Azëjô"@csb	<https://panlex.org/snapshot/panlex-20191001-csv/12#866966>				<https://panlex.org/snapshot/panlex-20191001-csv/12#867017>		"Azija"@sl	
"Fińskô"@csb	<https://panlex.org/snapshot/panlex-20191001-csv/12#852790>				<https://panlex.org/snapshot/panlex-20191001-csv/12#852844>		"Finska"@sl	
"Eùropejskô Ùnijô"@csb	<https://panlex.org/snapshot/panlex-20191001-csv/12#905210>				<https://panlex.org/snapshot/panlex-20191001-csv/12#905261>		"Evropska unija"@sl	
"Aùstrëjackô"@csb	<https://panlex.org/snapshot/panlex-20191001-csv/12#925443>				<https://panlex.org/snapshot/panlex-20191001-csv/12#925514>		"Avstrija"@sl	
"Aùstrëjackô"@csb	<https://panlex.org/snapshot/panlex-20191001-csv/12#925558>				<https://panlex.org/snapshot/panlex-20191001-csv/12#925629>		"Avstrija"@sl	
"Aùstrëjackô"@csb	<https://panlex.org/snapshot/panlex-20191001-csv/12#925328>				<https://panlex.org/snapshot/panlex-20191001-csv/12#925399>		"Avstrija"@sl	
"Belgijskô"@csb	<https://panlex.org/snapshot/panlex-20191001-csv/12#852680>				<https://panlex.org/snapshot/panlex-20191001-csv/12#852751>		"Belgija"@sl	
"Czeskô Repùblika"@csb	<https://panlex.org/snapshot/panlex-20191001-csv/12#855047>				<https://panlex.org/snapshot/panlex-20191001-csv/12#855087>		"Češka"@sl	
"Chòrwackô"@csb	<https://panlex.org/snapshot/panlex-20191001-csv/12#908280>				<https://panlex.org/snapshot/panlex-20191001-csv/12#908350>		"Hrvaška"@sl	
"Europa"@csb	<https://panlex.org/snapshot/panlex-20191001-csv/12#866308>				<https://panlex.org/snapshot/panlex-20191001-csv/12#866336>		"Evropa"@sl	
"Luksembùrskô"@csb	<https://panlex.org/snapshot/panlex-20191001-csv/12#917916>				<https://panlex.org/snapshot/panlex-20191001-csv/12#917970>		"Luksemburg"@sl	
"Albańskô"@csb	<https://panlex.org/snapshot/panlex-20191001-csv/12#919864>				<https://panlex.org/snapshot/panlex-20191001-csv/12#919932>		"Albanija"@sl	
"Ruskô"@csb	<https://panlex.org/snapshot/panlex-20191001-csv/12#871317>				<https://panlex.org/snapshot/panlex-20191001-csv/12#871371>		"Rusija"@sl	
"złoto"@csb	<https://panlex.org/snapshot/panlex-20191001-csv/12#844076>				<https://panlex.org/snapshot/panlex-20191001-csv/12#844128>		"zlato"@sl	
"złoto"@csb	<https://panlex.org/snapshot/panlex-20191001-csv/12#914894>				<https://panlex.org/snapshot/panlex-20191001-csv/12#914946>		"zlato"@sl	
"astronomijô"@csb	<https://panlex.org/snapshot/panlex-20191001-csv/2904#111022008>				<https://panlex.org/snapshot/panlex-20191001-csv/2904#111021970>		"astronomija"@sl	
"geògrafijô"@csb	<https://panlex.org/snapshot/panlex-20191001-csv/2904#111022649>				<https://panlex.org/snapshot/panlex-20191001-csv/2904#111022810>		"geografija"@sl	
"geògrafijô"@csb	<https://panlex.org/snapshot/panlex-20191001-csv/2904#111022649>				<https://panlex.org/snapshot/panlex-20191001-csv/2904#111022597>		"zemljepis"@sl	
"architektura"@csb	<https://panlex.org/snapshot/panlex-20191001-csv/2904#111021709>				<https://panlex.org/snapshot/panlex-20191001-csv/2904#111021712>		"arhitektura"@sl	
"ùczba"@csb	<https://panlex.org/snapshot/panlex-20191001-csv/2904#111024385>				<https://panlex.org/snapshot/panlex-20191001-csv/2904#111024220>		"znanost"@sl	
"mòwòwieda"@csb	<https://panlex.org/snapshot/panlex-20191001-csv/2904#111023089>				<https://panlex.org/snapshot/panlex-20191001-csv/2904#111023176>		"jezikoslovje"@sl	
"mòwòwieda"@csb	<https://panlex.org/snapshot/panlex-20191001-csv/2904#111023089>				<https://panlex.org/snapshot/panlex-20191001-csv/2904#111023099>		"lingvistika"@sl	
"chemijô"@csb	<https://panlex.org/snapshot/panlex-20191001-csv/2904#111022519>				<https://panlex.org/snapshot/panlex-20191001-csv/2904#111022550>		"kemija"@sl	
"lingwistika"@csb	<https://panlex.org/snapshot/panlex-20191001-csv/2904#111023065>				<https://panlex.org/snapshot/panlex-20191001-csv/2904#111023176>		"jezikoslovje"@sl	
"lingwistika"@csb	<https://panlex.org/snapshot/panlex-20191001-csv/2904#111023065>				<https://panlex.org/snapshot/panlex-20191001-csv/2904#111023099>		"lingvistika"@sl	
"fizyka"@csb	<https://panlex.org/snapshot/panlex-20191001-csv/2904#111024101>				<https://panlex.org/snapshot/panlex-20191001-csv/2904#111024123>		"fizika"@sl	
"filozofijô"@csb	<https://panlex.org/snapshot/panlex-20191001-csv/2904#111023767>				<https://panlex.org/snapshot/panlex-20191001-csv/2904#111023757>		"filozofija"@sl	
"medicëna"@csb	<https://panlex.org/snapshot/panlex-20191001-csv/2904#111023596>				<https://panlex.org/snapshot/panlex-20191001-csv/2904#111023592>		"medicina"@sl	
"ùniwersytet"@csb	<https://panlex.org/snapshot/panlex-20191001-csv/2904#111024477>				<https://panlex.org/snapshot/panlex-20191001-csv/2904#111024496>		"univerza"@sl	
"matematika"@csb	<https://panlex.org/snapshot/panlex-20191001-csv/2904#111023418>				<https://panlex.org/snapshot/panlex-20191001-csv/2904#111023397>		"matematika"@sl	
"biologijô"@csb	<https://panlex.org/snapshot/panlex-20191001-csv/2904#111022316>				<https://panlex.org/snapshot/panlex-20191001-csv/2904#111022211>		"biologija"@sl	
"mir"@csb	<https://panlex.org/snapshot/panlex-20191001-csv/2902#111012019>				<https://panlex.org/snapshot/panlex-20191001-csv/2902#111012166>		"mir"@sl	
"Wisła"@csb	<https://panlex.org/snapshot/panlex-20191001-csv/2903#110873521>				<https://panlex.org/snapshot/panlex-20191001-csv/2903#110873464>		"Visla"@sl	
"Żôłti Mòrze"@csb	<https://panlex.org/snapshot/panlex-20191001-csv/2905#110871591>				<https://panlex.org/snapshot/panlex-20191001-csv/2905#110871544>		"Rumeno morje"@sl	
"Czerwióne Mòrze"@csb	<https://panlex.org/snapshot/panlex-20191001-csv/2905#110870916>				<https://panlex.org/snapshot/panlex-20191001-csv/2905#110871036>		"Rdeče morje"@sl	
"Arabsczie Mòrze"@csb	<https://panlex.org/snapshot/panlex-20191001-csv/2905#110868521>				<https://panlex.org/snapshot/panlex-20191001-csv/2905#110868611>		"Arabsko morje"@sl	
"Bengalskô Hôwinga"@csb	<https://panlex.org/snapshot/panlex-20191001-csv/2905#110868971>				<https://panlex.org/snapshot/panlex-20191001-csv/2905#110868956>		"Bengalski zaliv"@sl	
"Czôrne Mòrze"@csb	<https://panlex.org/snapshot/panlex-20191001-csv/2905#110869120>				<https://panlex.org/snapshot/panlex-20191001-csv/2905#110868995>		"Črno morje"@sl	
"Bôłtëcké Mòrze"@csb	<https://panlex.org/snapshot/panlex-20191001-csv/2905#110868621>				<https://panlex.org/snapshot/panlex-20191001-csv/2905#110868634>		"Baltiško morje"@sl	
"Bôłtëcké Mòrze"@csb	<https://panlex.org/snapshot/panlex-20191001-csv/2905#110868621>				<https://panlex.org/snapshot/panlex-20191001-csv/2905#110868666>		"Baltik"@sl	
"Bôłtëcké Mòrze"@csb	<https://panlex.org/snapshot/panlex-20191001-csv/2905#110868621>				<https://panlex.org/snapshot/panlex-20191001-csv/2905#110868766>		"Baltsko morje"@sl	
"Perskô Hôwinga"@csb	<https://panlex.org/snapshot/panlex-20191001-csv/2905#110870738>				<https://panlex.org/snapshot/panlex-20191001-csv/2905#110870891>		"Perzijski zaliv"@sl	
"Bôłt"@csb	<https://panlex.org/snapshot/panlex-20191001-csv/2905#110868669>				<https://panlex.org/snapshot/panlex-20191001-csv/2905#110868634>		"Baltiško morje"@sl	
"Bôłt"@csb	<https://panlex.org/snapshot/panlex-20191001-csv/2905#110868669>				<https://panlex.org/snapshot/panlex-20191001-csv/2905#110868666>		"Baltik"@sl	
"Bôłt"@csb	<https://panlex.org/snapshot/panlex-20191001-csv/2905#110868669>				<https://panlex.org/snapshot/panlex-20191001-csv/2905#110868766>		"Baltsko morje"@sl	
"Bôłtëk"@csb	<https://panlex.org/snapshot/panlex-20191001-csv/2905#110868773>				<https://panlex.org/snapshot/panlex-20191001-csv/2905#110868634>		"Baltiško morje"@sl	
"Bôłtëk"@csb	<https://panlex.org/snapshot/panlex-20191001-csv/2905#110868773>				<https://panlex.org/snapshot/panlex-20191001-csv/2905#110868666>		"Baltik"@sl	
"Bôłtëk"@csb	<https://panlex.org/snapshot/panlex-20191001-csv/2905#110868773>				<https://panlex.org/snapshot/panlex-20191001-csv/2905#110868766>		"Baltsko morje"@sl	
"Pluton"@csb	<https://panlex.org/snapshot/panlex-20191001-csv/2907#110847378>				<https://panlex.org/snapshot/panlex-20191001-csv/2907#110847272>		"Pluton"@sl	
"Zemia"@csb	<https://panlex.org/snapshot/panlex-20191001-csv/2907#110845654>				<https://panlex.org/snapshot/panlex-20191001-csv/2907#110845619>		"Zemlja"@sl	
"Haumea"@csb	<https://panlex.org/snapshot/panlex-20191001-csv/2907#110847494>				<https://panlex.org/snapshot/panlex-20191001-csv/2907#110847397>		"Haumea"@sl	
"Saturna"@csb	<https://panlex.org/snapshot/panlex-20191001-csv/2907#110846765>				<https://panlex.org/snapshot/panlex-20191001-csv/2907#110846658>		"Saturn"@sl	
"Miesądz"@csb	<https://panlex.org/snapshot/panlex-20191001-csv/2907#110845726>				<https://panlex.org/snapshot/panlex-20191001-csv/2907#110845850>		"Luna"@sl	
"Makemake"@csb	<https://panlex.org/snapshot/panlex-20191001-csv/2907#110847772>				<https://panlex.org/snapshot/panlex-20191001-csv/2907#110847673>		"Makemake"@sl	
"Mars"@csb	<https://panlex.org/snapshot/panlex-20191001-csv/2907#110845938>				<https://panlex.org/snapshot/panlex-20191001-csv/2907#110845992>		"Mars"@sl	
"Neptun"@csb	<https://panlex.org/snapshot/panlex-20191001-csv/2907#110846988>				<https://panlex.org/snapshot/panlex-20191001-csv/2907#110847162>		"Neptun"@sl	
"Swiatnica"@csb	<https://panlex.org/snapshot/panlex-20191001-csv/2907#110849060>				<https://panlex.org/snapshot/panlex-20191001-csv/2907#110848989>		"Vsemirje"@sl	
"Swiatnica"@csb	<https://panlex.org/snapshot/panlex-20191001-csv/2907#110849060>				<https://panlex.org/snapshot/panlex-20191001-csv/2907#110848953>		"Vesolje"@sl	
"Jupiter"@csb	<https://panlex.org/snapshot/panlex-20191001-csv/2907#110846551>				<https://panlex.org/snapshot/panlex-20191001-csv/2907#110846427>		"Jupiter"@sl	
"Ceres"@csb	<https://panlex.org/snapshot/panlex-20191001-csv/2907#110846144>				<https://panlex.org/snapshot/panlex-20191001-csv/2907#110846186>		"Ceres"@sl	
"Ùran"@csb	<https://panlex.org/snapshot/panlex-20191001-csv/2907#110846820>				<https://panlex.org/snapshot/panlex-20191001-csv/2907#110846847>		"Uran"@sl	
"Słuńce"@csb	<https://panlex.org/snapshot/panlex-20191001-csv/2907#110845039>				<https://panlex.org/snapshot/panlex-20191001-csv/2907#110844983>		"Sonce"@sl	
"Słuńcowi ùstôw"@csb	<https://panlex.org/snapshot/panlex-20191001-csv/2907#110848255>				<https://panlex.org/snapshot/panlex-20191001-csv/2907#110848150>		"Sončev sistem"@sl	
"Słuńcowi ùstôw"@csb	<https://panlex.org/snapshot/panlex-20191001-csv/2907#110848255>				<https://panlex.org/snapshot/panlex-20191001-csv/2907#110848202>		"Sončev sestav"@sl	
"Merkùri"@csb	<https://panlex.org/snapshot/panlex-20191001-csv/2907#110845085>				<https://panlex.org/snapshot/panlex-20191001-csv/2907#110845258>		"Merkur"@sl	
"Wenus"@csb	<https://panlex.org/snapshot/panlex-20191001-csv/2907#110845483>				<https://panlex.org/snapshot/panlex-20191001-csv/2907#110845405>		"Venera"@sl	
"Eris"@csb	<https://panlex.org/snapshot/panlex-20191001-csv/2907#110847786>				<https://panlex.org/snapshot/panlex-20191001-csv/2907#110847941>		"Erida"@sl	
"Atlantyk"@csb	<https://panlex.org/snapshot/panlex-20191001-csv/2901#110867509>				<https://panlex.org/snapshot/panlex-20191001-csv/2901#110867582>		"Atlantski ocean"@sl	
"Pôłniowi Òcean"@csb	<https://panlex.org/snapshot/panlex-20191001-csv/2901#110868273>				<https://panlex.org/snapshot/panlex-20191001-csv/2901#110868421>		"Južni ocean"@sl	
"Pôłniowi Òcean"@csb	<https://panlex.org/snapshot/panlex-20191001-csv/2901#110868273>				<https://panlex.org/snapshot/panlex-20191001-csv/2901#110868217>		"Antarktični ocean"@sl	
"Arktikòwi Òcean"@csb	<https://panlex.org/snapshot/panlex-20191001-csv/2901#110867085>				<https://panlex.org/snapshot/panlex-20191001-csv/2901#110867281>		"Arktični ocean"@sl	
"Pacyfik"@csb	<https://panlex.org/snapshot/panlex-20191001-csv/2901#110867992>				<https://panlex.org/snapshot/panlex-20191001-csv/2901#110868132>		"Tihi ocean"@sl	
"Nordowi Òcean"@csb	<https://panlex.org/snapshot/panlex-20191001-csv/2901#110867295>				<https://panlex.org/snapshot/panlex-20191001-csv/2901#110867281>		"Arktični ocean"@sl	
"Wiôldżi Òcean"@csb	<https://panlex.org/snapshot/panlex-20191001-csv/2901#110867926>				<https://panlex.org/snapshot/panlex-20191001-csv/2901#110868132>		"Tihi ocean"@sl	
"Spòkójny Òcean"@csb	<https://panlex.org/snapshot/panlex-20191001-csv/2901#110867882>				<https://panlex.org/snapshot/panlex-20191001-csv/2901#110868132>		"Tihi ocean"@sl	
"Jindijsczi Òcean"@csb	<https://panlex.org/snapshot/panlex-20191001-csv/2901#110867860>				<https://panlex.org/snapshot/panlex-20191001-csv/2901#110867744>		"Indijski ocean"@sl	
"Atlantëcczi Òcean"@csb	<https://panlex.org/snapshot/panlex-20191001-csv/2901#110867498>				<https://panlex.org/snapshot/panlex-20191001-csv/2901#110867582>		"Atlantski ocean"@sl	
"stëcznik"@csb	<https://panlex.org/snapshot/panlex-20191001-csv/8#95887>				<https://panlex.org/snapshot/panlex-20191001-csv/8#95951>		"jánuar"@sl	
"Ruskô"@csb	<https://panlex.org/snapshot/panlex-20191001-csv/10#753612>				<https://panlex.org/snapshot/panlex-20191001-csv/10#753667>		"Rusija"@sl	
"Azëjô"@csb	<https://panlex.org/snapshot/panlex-20191001-csv/10#580273>				<https://panlex.org/snapshot/panlex-20191001-csv/10#580323>		"Azija"@sl	
"Fińskô"@csb	<https://panlex.org/snapshot/panlex-20191001-csv/10#760642>				<https://panlex.org/snapshot/panlex-20191001-csv/10#760695>		"Finska"@sl	
"Pòlskô"@csb	<https://panlex.org/snapshot/panlex-20191001-csv/10#675651>				<https://panlex.org/snapshot/panlex-20191001-csv/10#675700>		"Poljska"@sl	
"Bôłt"@csb	<https://panlex.org/snapshot/panlex-20191001-csv/10#761981>				<https://panlex.org/snapshot/panlex-20191001-csv/10#762014>		"Baltsko morje"@sl	
"Szpańskô"@csb	<https://panlex.org/snapshot/panlex-20191001-csv/10#642068>				<https://panlex.org/snapshot/panlex-20191001-csv/10#642136>		"Španija"@sl	
"Dëńskô"@csb	<https://panlex.org/snapshot/panlex-20191001-csv/10#573866>				<https://panlex.org/snapshot/panlex-20191001-csv/10#573979>		"Danska"@sl	
"Biôłorëskô"@csb	<https://panlex.org/snapshot/panlex-20191001-csv/10#752653>				<https://panlex.org/snapshot/panlex-20191001-csv/10#752728>		"Belorusija"@sl	
"Bùlgarskô"@csb	<https://panlex.org/snapshot/panlex-20191001-csv/10#671303>				<https://panlex.org/snapshot/panlex-20191001-csv/10#671377>		"Bolgarija"@sl	
"Aùstrëjackô"@csb	<https://panlex.org/snapshot/panlex-20191001-csv/10#574343>				<https://panlex.org/snapshot/panlex-20191001-csv/10#574412>		"Avstrija"@sl	
"strumiannik"@csb	<https://panlex.org/snapshot/panlex-20191001-csv/15#953258>				<https://panlex.org/snapshot/panlex-20191001-csv/15#953310>		"marec"@sl	
"cëczér"@csb	<https://panlex.org/snapshot/panlex-20191001-csv/11#797350>				<https://panlex.org/snapshot/panlex-20191001-csv/11#797389>		"sladkor"@sl	
"strumiannik"@csb	<https://panlex.org/snapshot/panlex-20191001-csv/11#788999>				<https://panlex.org/snapshot/panlex-20191001-csv/11#789048>		"marec"@sl	
"złoto"@csb	<https://panlex.org/snapshot/panlex-20191001-csv/13#945781>				<https://panlex.org/snapshot/panlex-20191001-csv/13#945832>		"zlato"@sl	
"òłów"@csb	<https://panlex.org/snapshot/panlex-20191001-csv/2893#110995666>				<https://panlex.org/snapshot/panlex-20191001-csv/2893#110995633>		"svinec"@sl	
"arsén"@csb	<https://panlex.org/snapshot/panlex-20191001-csv/2893#110993687>				<https://panlex.org/snapshot/panlex-20191001-csv/2893#110993690>		"arzen"@sl	
"sarka"@csb	<https://panlex.org/snapshot/panlex-20191001-csv/2893#110991874>				<https://panlex.org/snapshot/panlex-20191001-csv/2893#110991979>		"žveplo"@sl	
"krziseń"@csb	<https://panlex.org/snapshot/panlex-20191001-csv/2893#110990390>				<https://panlex.org/snapshot/panlex-20191001-csv/2893#110990356>		"kisik"@sl	
"kòper"@csb	<https://panlex.org/snapshot/panlex-20191001-csv/2893#110993287>				<https://panlex.org/snapshot/panlex-20191001-csv/2893#110993176>		"baker"@sl	
"kabalt"@csb	<https://panlex.org/snapshot/panlex-20191001-csv/2893#110992832>				<https://panlex.org/snapshot/panlex-20191001-csv/2893#110992963>		"kobalt"@sl	
"jód"@csb	<https://panlex.org/snapshot/panlex-20191001-csv/2893#110994743>				<https://panlex.org/snapshot/panlex-20191001-csv/2893#110994570>		"jod"@sl	
"fluòr"@csb	<https://panlex.org/snapshot/panlex-20191001-csv/2893#110990558>				<https://panlex.org/snapshot/panlex-20191001-csv/2893#110990640>		"fluor"@sl	
"fòsfòr"@csb	<https://panlex.org/snapshot/panlex-20191001-csv/2893#110991765>				<https://panlex.org/snapshot/panlex-20191001-csv/2893#110991738>		"fosfor"@sl	
"chlor"@csb	<https://panlex.org/snapshot/panlex-20191001-csv/2893#110992180>				<https://panlex.org/snapshot/panlex-20191001-csv/2893#110992138>		"klor"@sl	
"strzébro"@csb	<https://panlex.org/snapshot/panlex-20191001-csv/2893#110994000>				<https://panlex.org/snapshot/panlex-20191001-csv/2893#110994096>		"srebro"@sl	
"bòr"@csb	<https://panlex.org/snapshot/panlex-20191001-csv/2893#110989753>				<https://panlex.org/snapshot/panlex-20191001-csv/2893#110989740>		"bor"@sl	
"magnéz"@csb	<https://panlex.org/snapshot/panlex-20191001-csv/2893#110991064>				<https://panlex.org/snapshot/panlex-20191001-csv/2893#110991096>		"magnezij"@sl	
"krzém"@csb	<https://panlex.org/snapshot/panlex-20191001-csv/2893#110991608>				<https://panlex.org/snapshot/panlex-20191001-csv/2893#110991476>		"silicij"@sl	
"wòlfram"@csb	<https://panlex.org/snapshot/panlex-20191001-csv/2893#110994778>				<https://panlex.org/snapshot/panlex-20191001-csv/2893#110994815>		"volfram"@sl	
"tãź"@csb	<https://panlex.org/snapshot/panlex-20191001-csv/2893#110995403>				<https://panlex.org/snapshot/panlex-20191001-csv/2893#110995374>		"živo srebro"@sl	
"antimón"@csb	<https://panlex.org/snapshot/panlex-20191001-csv/2893#110994488>				<https://panlex.org/snapshot/panlex-20191001-csv/2893#110994552>		"antimon"@sl	
"cëna"@csb	<https://panlex.org/snapshot/panlex-20191001-csv/2893#110994171>				<https://panlex.org/snapshot/panlex-20191001-csv/2893#110994226>		"kositer"@sl	
"ùran"@csb	<https://panlex.org/snapshot/panlex-20191001-csv/2893#110995911>				<https://panlex.org/snapshot/panlex-20191001-csv/2893#110995892>		"uran"@sl	
"cządowi ùstôw"@csb	<https://panlex.org/snapshot/panlex-20191001-csv/2893#110989133>				<https://panlex.org/snapshot/panlex-20191001-csv/2893#110989134>		"periodni sistem"@sl	
"żelazło"@csb	<https://panlex.org/snapshot/panlex-20191001-csv/2893#110992694>				<https://panlex.org/snapshot/panlex-20191001-csv/2893#110992758>		"železo"@sl	
"wãdźel"@csb	<https://panlex.org/snapshot/panlex-20191001-csv/2893#110989985>				<https://panlex.org/snapshot/panlex-20191001-csv/2893#110989996>		"ogljik"@sl	
"natrijô"@csb	<https://panlex.org/snapshot/panlex-20191001-csv/2893#110991011>				<https://panlex.org/snapshot/panlex-20191001-csv/2893#110990863>		"natrij"@sl	
"tãcheń"@csb	<https://panlex.org/snapshot/panlex-20191001-csv/2893#110990100>				<https://panlex.org/snapshot/panlex-20191001-csv/2893#110990218>		"dušik"@sl	
"él"@csb	<https://panlex.org/snapshot/panlex-20191001-csv/2893#110989513>				<https://panlex.org/snapshot/panlex-20191001-csv/2893#110989527>		"helij"@sl	
"cynk"@csb	<https://panlex.org/snapshot/panlex-20191001-csv/2893#110993476>				<https://panlex.org/snapshot/panlex-20191001-csv/2893#110993391>		"cink"@sl	
"néón"@csb	<https://panlex.org/snapshot/panlex-20191001-csv/2893#110990860>				<https://panlex.org/snapshot/panlex-20191001-csv/2893#110990718>		"neon"@sl	
"nikel"@csb	<https://panlex.org/snapshot/panlex-20191001-csv/2893#110993036>				<https://panlex.org/snapshot/panlex-20191001-csv/2893#110993155>		"nikelj"@sl	
"wòdzyk"@csb	<https://panlex.org/snapshot/panlex-20191001-csv/2893#110989389>				<https://panlex.org/snapshot/panlex-20191001-csv/2893#110989353>		"vodik"@sl	
"platina"@csb	<https://panlex.org/snapshot/panlex-20191001-csv/2893#110995012>				<https://panlex.org/snapshot/panlex-20191001-csv/2893#110995003>		"platina"@sl	
"kalcéń"@csb	<https://panlex.org/snapshot/panlex-20191001-csv/2893#110992407>				<https://panlex.org/snapshot/panlex-20191001-csv/2893#110992434>		"kalcij"@sl	
"złoto"@csb	<https://panlex.org/snapshot/panlex-20191001-csv/2893#110995215>				<https://panlex.org/snapshot/panlex-20191001-csv/2893#110995230>		"zlato"@sl	
"bróm"@csb	<https://panlex.org/snapshot/panlex-20191001-csv/2893#110993870>				<https://panlex.org/snapshot/panlex-20191001-csv/2893#110993834>		"brom"@sl	
"kali"@csb	<https://panlex.org/snapshot/panlex-20191001-csv/2893#110992366>				<https://panlex.org/snapshot/panlex-20191001-csv/2893#110992256>		"kalij"@sl	
"aluminijô"@csb	<https://panlex.org/snapshot/panlex-20191001-csv/2893#110991268>				<https://panlex.org/snapshot/panlex-20191001-csv/2893#110991373>		"aluminij"@sl	
"Zrzesznica Samòstójnëch Państw"@csb	<https://panlex.org/snapshot/panlex-20191001-csv/2894#111099848>				<https://panlex.org/snapshot/panlex-20191001-csv/2894#111099928>		"SND"@sl	
"Zrzesznica Samòstójnëch Państw"@csb	<https://panlex.org/snapshot/panlex-20191001-csv/2894#111099848>				<https://panlex.org/snapshot/panlex-20191001-csv/2894#111099911>		"Skupnost neodvisnih držav"@sl	
"Eùropejskô Ùnijô"@csb	<https://panlex.org/snapshot/panlex-20191001-csv/2894#111100384>				<https://panlex.org/snapshot/panlex-20191001-csv/2894#111100158>		"Evropska unija"@sl	
"Eùropejskô Ùnijô"@csb	<https://panlex.org/snapshot/panlex-20191001-csv/2894#111100384>				<https://panlex.org/snapshot/panlex-20191001-csv/2894#111100211>		"EU"@sl	
"ZSP"@csb	<https://panlex.org/snapshot/panlex-20191001-csv/2894#111099961>				<https://panlex.org/snapshot/panlex-20191001-csv/2894#111099928>		"SND"@sl	
"ZSP"@csb	<https://panlex.org/snapshot/panlex-20191001-csv/2894#111099961>				<https://panlex.org/snapshot/panlex-20191001-csv/2894#111099911>		"Skupnost neodvisnih držav"@sl	
"wtórk"@csb	<https://panlex.org/snapshot/panlex-20191001-csv/2892#110824435>				<https://panlex.org/snapshot/panlex-20191001-csv/2892#110824693>		"torek"@sl	
"sobòta"@csb	<https://panlex.org/snapshot/panlex-20191001-csv/2892#110826379>				<https://panlex.org/snapshot/panlex-20191001-csv/2892#110826380>		"sobota"@sl	
"strzoda"@csb	<https://panlex.org/snapshot/panlex-20191001-csv/2892#110825214>				<https://panlex.org/snapshot/panlex-20191001-csv/2892#110825191>		"sreda"@sl	
"czwiôrtk"@csb	<https://panlex.org/snapshot/panlex-20191001-csv/2892#110825662>				<https://panlex.org/snapshot/panlex-20191001-csv/2892#110825534>		"četrtek"@sl	
"niedzela"@csb	<https://panlex.org/snapshot/panlex-20191001-csv/2892#110826989>				<https://panlex.org/snapshot/panlex-20191001-csv/2892#110826713>		"nedelja"@sl	
"piątk"@csb	<https://panlex.org/snapshot/panlex-20191001-csv/2892#110825710>				<https://panlex.org/snapshot/panlex-20191001-csv/2892#110825893>		"petek"@sl	
"pòniedzôłk"@csb	<https://panlex.org/snapshot/panlex-20191001-csv/2892#110824036>				<https://panlex.org/snapshot/panlex-20191001-csv/2892#110824215>		"ponedeljek"@sl	
"zélnik"@csb	<https://panlex.org/snapshot/panlex-20191001-csv/2897#110830164>				<https://panlex.org/snapshot/panlex-20191001-csv/2897#110830056>		"avgust"@sl	
"zélnik"@csb	<https://panlex.org/snapshot/panlex-20191001-csv/2897#110830164>				<https://panlex.org/snapshot/panlex-20191001-csv/2897#110830058>		"veliki srpan"@sl	
"gòdnik"@csb	<https://panlex.org/snapshot/panlex-20191001-csv/2897#110831610>				<https://panlex.org/snapshot/panlex-20191001-csv/2897#110831824>		"gruden"@sl	
"gòdnik"@csb	<https://panlex.org/snapshot/panlex-20191001-csv/2897#110831610>				<https://panlex.org/snapshot/panlex-20191001-csv/2897#110831760>		"december"@sl	
"stëcznik"@csb	<https://panlex.org/snapshot/panlex-20191001-csv/2897#110827259>				<https://panlex.org/snapshot/panlex-20191001-csv/2897#110827393>		"svečen"@sl	
"stëcznik"@csb	<https://panlex.org/snapshot/panlex-20191001-csv/2897#110827259>				<https://panlex.org/snapshot/panlex-20191001-csv/2897#110827245>		"lednik"@sl	
"stëcznik"@csb	<https://panlex.org/snapshot/panlex-20191001-csv/2897#110827259>				<https://panlex.org/snapshot/panlex-20191001-csv/2897#110827065>		"prosinec"@sl	
"stëcznik"@csb	<https://panlex.org/snapshot/panlex-20191001-csv/2897#110827259>				<https://panlex.org/snapshot/panlex-20191001-csv/2897#110827179>		"januar"@sl	
"łżëkwiôt"@csb	<https://panlex.org/snapshot/panlex-20191001-csv/2897#110828573>				<https://panlex.org/snapshot/panlex-20191001-csv/2897#110828493>		"april"@sl	
"łżëkwiôt"@csb	<https://panlex.org/snapshot/panlex-20191001-csv/2897#110828573>				<https://panlex.org/snapshot/panlex-20191001-csv/2897#110828391>		"mali traven"@sl	
"séwnik"@csb	<https://panlex.org/snapshot/panlex-20191001-csv/2897#110830455>				<https://panlex.org/snapshot/panlex-20191001-csv/2897#110830538>		"september"@sl	
"séwnik"@csb	<https://panlex.org/snapshot/panlex-20191001-csv/2897#110830455>				<https://panlex.org/snapshot/panlex-20191001-csv/2897#110830422>		"kimavec"@sl	
"lëstopadnik"@csb	<https://panlex.org/snapshot/panlex-20191001-csv/2897#110831411>				<https://panlex.org/snapshot/panlex-20191001-csv/2897#110831258>		"listopad"@sl	
"lëstopadnik"@csb	<https://panlex.org/snapshot/panlex-20191001-csv/2897#110831411>				<https://panlex.org/snapshot/panlex-20191001-csv/2897#110831216>		"november"@sl	
"czerwińc"@csb	<https://panlex.org/snapshot/panlex-20191001-csv/2897#110829212>				<https://panlex.org/snapshot/panlex-20191001-csv/2897#110829238>		"junij"@sl	
"czerwińc"@csb	<https://panlex.org/snapshot/panlex-20191001-csv/2897#110829212>				<https://panlex.org/snapshot/panlex-20191001-csv/2897#110829298>		"rožnik"@sl	
"rujan"@csb	<https://panlex.org/snapshot/panlex-20191001-csv/2897#110830883>				<https://panlex.org/snapshot/panlex-20191001-csv/2897#110830757>		"vinotok"@sl	
"rujan"@csb	<https://panlex.org/snapshot/panlex-20191001-csv/2897#110830883>				<https://panlex.org/snapshot/panlex-20191001-csv/2897#110831083>		"oktober"@sl	
"gromicznik"@csb	<https://panlex.org/snapshot/panlex-20191001-csv/2897#110827474>				<https://panlex.org/snapshot/panlex-20191001-csv/2897#110827546>		"februar"@sl	
"gromicznik"@csb	<https://panlex.org/snapshot/panlex-20191001-csv/2897#110827474>				<https://panlex.org/snapshot/panlex-20191001-csv/2897#110827587>		"svečan"@sl	
"strëmiannik"@csb	<https://panlex.org/snapshot/panlex-20191001-csv/2897#110828123>				<https://panlex.org/snapshot/panlex-20191001-csv/2897#110828180>		"sušec"@sl	
"strëmiannik"@csb	<https://panlex.org/snapshot/panlex-20191001-csv/2897#110828123>				<https://panlex.org/snapshot/panlex-20191001-csv/2897#110828055>		"marec"@sl	
"lëpińc"@csb	<https://panlex.org/snapshot/panlex-20191001-csv/2897#110829669>				<https://panlex.org/snapshot/panlex-20191001-csv/2897#110829602>		"mali srpan"@sl	
"lëpińc"@csb	<https://panlex.org/snapshot/panlex-20191001-csv/2897#110829669>				<https://panlex.org/snapshot/panlex-20191001-csv/2897#110829627>		"julij"@sl	
"môj"@csb	<https://panlex.org/snapshot/panlex-20191001-csv/2897#110828761>				<https://panlex.org/snapshot/panlex-20191001-csv/2897#110829028>		"veliki traven"@sl	
"môj"@csb	<https://panlex.org/snapshot/panlex-20191001-csv/2897#110828761>				<https://panlex.org/snapshot/panlex-20191001-csv/2897#110828784>		"maj"@sl	
"Eùropa"@csb	<https://panlex.org/snapshot/panlex-20191001-csv/2891#110854066>				<https://panlex.org/snapshot/panlex-20191001-csv/2891#110854183>		"Evropa"@sl	
"Amerika"@csb	<https://panlex.org/snapshot/panlex-20191001-csv/2891#110853456>				<https://panlex.org/snapshot/panlex-20191001-csv/2891#110853532>		"Amerika"@sl	
"Afrika"@csb	<https://panlex.org/snapshot/panlex-20191001-csv/2891#110853191>				<https://panlex.org/snapshot/panlex-20191001-csv/2891#110853184>		"Afrika"@sl	
"Òceaniô"@csb	<https://panlex.org/snapshot/panlex-20191001-csv/2891#110854546>				<https://panlex.org/snapshot/panlex-20191001-csv/2891#110854461>		"Oceanija"@sl	
"Azëjô"@csb	<https://panlex.org/snapshot/panlex-20191001-csv/2891#110853982>				<https://panlex.org/snapshot/panlex-20191001-csv/2891#110853935>		"Azija"@sl	
"Antarktida"@csb	<https://panlex.org/snapshot/panlex-20191001-csv/2891#110853655>				<https://panlex.org/snapshot/panlex-20191001-csv/2891#110853635>		"Antarktika"@sl	
"Himalaje"@csb	<https://panlex.org/snapshot/panlex-20191001-csv/2896#110866537>				<https://panlex.org/snapshot/panlex-20191001-csv/2896#110866645>		"Himalaja"@sl	
"Andë"@csb	<https://panlex.org/snapshot/panlex-20191001-csv/2896#110866036>				<https://panlex.org/snapshot/panlex-20191001-csv/2896#110866101>		"Andi"@sl	
"Alpë"@csb	<https://panlex.org/snapshot/panlex-20191001-csv/2896#110865896>				<https://panlex.org/snapshot/panlex-20191001-csv/2896#110865890>		"Alpe"@sl	
"Kaùkaz"@csb	<https://panlex.org/snapshot/panlex-20191001-csv/2896#110866240>				<https://panlex.org/snapshot/panlex-20191001-csv/2896#110866229>		"Kavkaz"@sl	
