"tulan"@mbi	<https://panlex.org/snapshot/panlex-20191001-csv/114#8059069>				<https://panlex.org/snapshot/panlex-20191001-csv/114#8059297>		"a suruna"@vmg	
"pɨmɨnayan"@mbi	<https://panlex.org/snapshot/panlex-20191001-csv/114#8061101>				<https://panlex.org/snapshot/panlex-20191001-csv/114#8061309>		"ula varana"@vmg	
"dilaq"@mbi	<https://panlex.org/snapshot/panlex-20191001-csv/114#8067848>				<https://panlex.org/snapshot/panlex-20191001-csv/114#8068083>		"a karameana"@vmg	
"gɨtɨk"@mbi	<https://panlex.org/snapshot/panlex-20191001-csv/114#8058528>				<https://panlex.org/snapshot/panlex-20191001-csv/114#8058791>		"a balana"@vmg	
"bɨlad"@mbi	<https://panlex.org/snapshot/panlex-20191001-csv/114#8051894>				<https://panlex.org/snapshot/panlex-20191001-csv/114#8052150>		"a lima"@vmg	
"bɨlad"@mbi	<https://panlex.org/snapshot/panlex-20191001-csv/114#8051894>				<https://panlex.org/snapshot/panlex-20191001-csv/114#8052151>		"lima(na)"@vmg	
"mɨrɨdsik"@mbi	<https://panlex.org/snapshot/panlex-20191001-csv/114#8056515>				<https://panlex.org/snapshot/panlex-20191001-csv/114#8056751>		"karaki"@vmg	
"qɨngit"@mbi	<https://panlex.org/snapshot/panlex-20191001-csv/114#8068379>				<https://panlex.org/snapshot/panlex-20191001-csv/114#8068608>		"nongon"@vmg	
