"Ël Cit Prinsi"@pms	<https://panlex.org/snapshot/panlex-20191001-csv/6710#111083125>				<https://panlex.org/snapshot/panlex-20191001-csv/6710#111083169>		"הנסיך הקטן"@he	
"Lë Sgnor ëd j’Anej"@pms	<https://panlex.org/snapshot/panlex-20191001-csv/6710#111083277>				<https://panlex.org/snapshot/panlex-20191001-csv/6710#111083199>		"שר הטבעות"@he	
"eva"@pms	<https://panlex.org/snapshot/panlex-20191001-csv/2131#11695232>				<https://panlex.org/snapshot/panlex-20191001-csv/2131#11695178>		"מים"@he	
"eva"@pms	<https://panlex.org/snapshot/panlex-20191001-csv/2131#11695232>				<https://panlex.org/snapshot/panlex-20191001-csv/2131#11695134>		"מיא"@he	
"Sarajevo"@pms	<https://panlex.org/snapshot/panlex-20191001-csv/5950#85862900>				<https://panlex.org/snapshot/panlex-20191001-csv/5950#85862873>		"סאראייבו"@he	
"Sarajevo"@pms	<https://panlex.org/snapshot/panlex-20191001-csv/5950#85862900>				<https://panlex.org/snapshot/panlex-20191001-csv/5950#85862874>		"סראייבו"@he	
"Union europenga"@pms	<https://panlex.org/snapshot/panlex-20191001-csv/5945#84344700>				<https://panlex.org/snapshot/panlex-20191001-csv/5945#84344680>		"האיחוד האירופי"@he	
"lìbero"@pms	<https://panlex.org/snapshot/panlex-20191001-csv/5945#84394723>				<https://panlex.org/snapshot/panlex-20191001-csv/5945#84394699>		"בלי פנוי חפש"@he	
"Praga"@pms	<https://panlex.org/snapshot/panlex-20191001-csv/5945#84343619>				<https://panlex.org/snapshot/panlex-20191001-csv/5945#84343593>		"פראג"@he	
"Taipei"@pms	<https://panlex.org/snapshot/panlex-20191001-csv/5945#84344253>				<https://panlex.org/snapshot/panlex-20191001-csv/5945#84344243>		"טאיפיי"@he	
"andova"@pms	<https://panlex.org/snapshot/panlex-20191001-csv/5947#84689608>				<https://panlex.org/snapshot/panlex-20191001-csv/5947#84689553>		"איפה"@he	
"Finlandia"@pms	<https://panlex.org/snapshot/panlex-20191001-csv/5947#84591130>				<https://panlex.org/snapshot/panlex-20191001-csv/5947#84591091>		"פינלנד"@he	
"canté"@pms	<https://panlex.org/snapshot/panlex-20191001-csv/5947#84915539>				<https://panlex.org/snapshot/panlex-20191001-csv/5947#84915513>		"לשיר"@he	
"lenga Tetun"@pms	<https://panlex.org/snapshot/panlex-20191001-csv/5947#84865922>				<https://panlex.org/snapshot/panlex-20191001-csv/5947#84865907>		"טטום"@he	
"fëvré"@pms	<https://panlex.org/snapshot/panlex-20191001-csv/5947#84742987>				<https://panlex.org/snapshot/panlex-20191001-csv/5947#84742873>		"פברואר"@he	
"Nàpoli"@pms	<https://panlex.org/snapshot/panlex-20191001-csv/5947#84604035>				<https://panlex.org/snapshot/panlex-20191001-csv/5947#84604025>		"נאפולי"@he	
"Union Europenga"@pms	<https://panlex.org/snapshot/panlex-20191001-csv/5947#84614639>				<https://panlex.org/snapshot/panlex-20191001-csv/5947#84614604>		"האיחוד הארופאי"@he	
"Albanìa"@pms	<https://panlex.org/snapshot/panlex-20191001-csv/5947#84579759>				<https://panlex.org/snapshot/panlex-20191001-csv/5947#84579691>		"אלבניה"@he	
"Arabia Saodita"@pms	<https://panlex.org/snapshot/panlex-20191001-csv/5947#84582111>				<https://panlex.org/snapshot/panlex-20191001-csv/5947#84582076>		"ערב הסעודית"@he	
"lùn-es"@pms	<https://panlex.org/snapshot/panlex-20191001-csv/5947#84803540>				<https://panlex.org/snapshot/panlex-20191001-csv/5947#84803429>		"יום שני"@he	
"Organisassion dle Nassion Unìe"@pms	<https://panlex.org/snapshot/panlex-20191001-csv/5940#81285987>				<https://panlex.org/snapshot/panlex-20191001-csv/5940#81285931>		"האומות המאוחדות"@he	
"Londra"@pms	<https://panlex.org/snapshot/panlex-20191001-csv/5940#81283582>				<https://panlex.org/snapshot/panlex-20191001-csv/5940#81283557>		"לונדון"@he	
"Firense"@pms	<https://panlex.org/snapshot/panlex-20191001-csv/5939#80817776>				<https://panlex.org/snapshot/panlex-20191001-csv/5939#80817750>		"Firentze"@he	
"Brandeborgh"@pms	<https://panlex.org/snapshot/panlex-20191001-csv/5939#80762921>				<https://panlex.org/snapshot/panlex-20191001-csv/5939#80762905>		"ברנדנבורג"@he	
"Bològna"@pms	<https://panlex.org/snapshot/panlex-20191001-csv/5939#80761255>				<https://panlex.org/snapshot/panlex-20191001-csv/5939#80761244>		"Boloniah"@he	
"Abruss"@pms	<https://panlex.org/snapshot/panlex-20191001-csv/5939#80703410>				<https://panlex.org/snapshot/panlex-20191001-csv/5939#80703396>		"Abrutzo"@he	
"arteria"@pms	<https://panlex.org/snapshot/panlex-20191001-csv/5939#80728943>				<https://panlex.org/snapshot/panlex-20191001-csv/5939#80728920>		"orek"@he	
"Génoa"@pms	<https://panlex.org/snapshot/panlex-20191001-csv/5939#80834912>				<https://panlex.org/snapshot/panlex-20191001-csv/5939#80834891>		"G'enoba"@he	
"Bolsan"@pms	<https://panlex.org/snapshot/panlex-20191001-csv/5939#80762705>				<https://panlex.org/snapshot/panlex-20191001-csv/5939#80762679>		"Bultsanu"@he	
"Dublin"@pms	<https://panlex.org/snapshot/panlex-20191001-csv/5939#80789646>				<https://panlex.org/snapshot/panlex-20191001-csv/5939#80789621>		"D?lin"@he	
"Unità Astronòmica"@pms	<https://panlex.org/snapshot/panlex-20191001-csv/5939#80730988>				<https://panlex.org/snapshot/panlex-20191001-csv/5939#80730962>		"יחידה אסטרונומית"@he	
"Cin-a"@pms	<https://panlex.org/snapshot/panlex-20191001-csv/5939#80773590>				<https://panlex.org/snapshot/panlex-20191001-csv/5939#80773554>		"Sin"@he	
"miraj"@pms	<https://panlex.org/snapshot/panlex-20191001-csv/5946#84446285>				<https://panlex.org/snapshot/panlex-20191001-csv/5946#84446195>		"מַרְאָה"@he	
"specc"@pms	<https://panlex.org/snapshot/panlex-20191001-csv/5946#84446286>				<https://panlex.org/snapshot/panlex-20191001-csv/5946#84446195>		"מַרְאָה"@he	
"Letònia"@pms	<https://panlex.org/snapshot/panlex-20191001-csv/5949#85314355>				<https://panlex.org/snapshot/panlex-20191001-csv/5949#85314288>		"לטביה"@he	
"Naypyidaw"@pms	<https://panlex.org/snapshot/panlex-20191001-csv/5949#85316826>				<https://panlex.org/snapshot/panlex-20191001-csv/5949#85316807>		"נייפידאו"@he	
"Tanzanìa"@pms	<https://panlex.org/snapshot/panlex-20191001-csv/5949#85321644>				<https://panlex.org/snapshot/panlex-20191001-csv/5949#85321603>		"טנזניה"@he	
"àutobos"@pms	<https://panlex.org/snapshot/panlex-20191001-csv/5949#85330553>				<https://panlex.org/snapshot/panlex-20191001-csv/5949#85330505>		"אוטובוס"@he	
"Baku"@pms	<https://panlex.org/snapshot/panlex-20191001-csv/5949#85301515>				<https://panlex.org/snapshot/panlex-20191001-csv/5949#85301469>		"באקו"@he	
"Euròpa"@pms	<https://panlex.org/snapshot/panlex-20191001-csv/5949#85308614>				<https://panlex.org/snapshot/panlex-20191001-csv/5949#85308547>		"אירופה"@he	
"Uruguay"@pms	<https://panlex.org/snapshot/panlex-20191001-csv/5949#85322944>				<https://panlex.org/snapshot/panlex-20191001-csv/5949#85322892>		"אורוגוואי"@he	
"Yemen"@pms	<https://panlex.org/snapshot/panlex-20191001-csv/5949#85311036>				<https://panlex.org/snapshot/panlex-20191001-csv/5949#85310992>		"תימן"@he	
"Bibia"@pms	<https://panlex.org/snapshot/panlex-20191001-csv/5949#85302765>				<https://panlex.org/snapshot/panlex-20191001-csv/5949#85302689>		"ביבליה"@he	
"Scòssia"@pms	<https://panlex.org/snapshot/panlex-20191001-csv/5949#85325288>				<https://panlex.org/snapshot/panlex-20191001-csv/5949#85325232>		"סקוטלנד"@he	
"Singapor"@pms	<https://panlex.org/snapshot/panlex-20191001-csv/5949#85320571>				<https://panlex.org/snapshot/panlex-20191001-csv/5949#85320512>		"סינגפור"@he	
"Filipin-e"@pms	<https://panlex.org/snapshot/panlex-20191001-csv/5949#85323395>				<https://panlex.org/snapshot/panlex-20191001-csv/5949#85323337>		"הפיליפינים"@he	
"autostrà"@pms	<https://panlex.org/snapshot/panlex-20191001-csv/5949#85331651>				<https://panlex.org/snapshot/panlex-20191001-csv/5949#85331622>		"כביש מהיר"@he	
"abassìa"@pms	<https://panlex.org/snapshot/panlex-20191001-csv/5949#85326641>				<https://panlex.org/snapshot/panlex-20191001-csv/5949#85326598>		"מִנזָר"@he	
"Liège"@pms	<https://panlex.org/snapshot/panlex-20191001-csv/5949#85314849>				<https://panlex.org/snapshot/panlex-20191001-csv/5949#85314820>		"לייז'"@he	
"Tbilisi"@pms	<https://panlex.org/snapshot/panlex-20191001-csv/5949#85321856>				<https://panlex.org/snapshot/panlex-20191001-csv/5949#85321811>		"טביליסי"@he	
"agost"@pms	<https://panlex.org/snapshot/panlex-20191001-csv/5949#85329466>				<https://panlex.org/snapshot/panlex-20191001-csv/5949#85329360>		"אוגוסט"@he	
"agost"@pms	<https://panlex.org/snapshot/panlex-20191001-csv/5949#85329466>				<https://panlex.org/snapshot/panlex-20191001-csv/5949#85329359>		"אבגוסט"@he	
"Riga"@pms	<https://panlex.org/snapshot/panlex-20191001-csv/5949#85319248>				<https://panlex.org/snapshot/panlex-20191001-csv/5949#85319205>		"ריגה"@he	
"Australia"@pms	<https://panlex.org/snapshot/panlex-20191001-csv/5949#85298206>				<https://panlex.org/snapshot/panlex-20191001-csv/5949#85298129>		"אוסטרליה"@he	
"Australia"@pms	<https://panlex.org/snapshot/panlex-20191001-csv/5949#85298206>				<https://panlex.org/snapshot/panlex-20191001-csv/5949#85298130>		"אוסטראליה"@he	
"Zurigh"@pms	<https://panlex.org/snapshot/panlex-20191001-csv/5949#85324500>				<https://panlex.org/snapshot/panlex-20191001-csv/5949#85324461>		"ציריך"@he	
"Gabòn"@pms	<https://panlex.org/snapshot/panlex-20191001-csv/5949#85305708>				<https://panlex.org/snapshot/panlex-20191001-csv/5949#85305670>		"גבון"@he	
"avocat"@pms	<https://panlex.org/snapshot/panlex-20191001-csv/5949#85333197>				<https://panlex.org/snapshot/panlex-20191001-csv/5949#85333166>		"משפטן"@he	
"Russia"@pms	<https://panlex.org/snapshot/panlex-20191001-csv/5949#85319571>				<https://panlex.org/snapshot/panlex-20191001-csv/5949#85319464>		"רוסיה"@he	
"Erevan"@pms	<https://panlex.org/snapshot/panlex-20191001-csv/5949#85308841>				<https://panlex.org/snapshot/panlex-20191001-csv/5949#85308812>		"ירוואן"@he	
"Giava"@pms	<https://panlex.org/snapshot/panlex-20191001-csv/5949#85325945>				<https://panlex.org/snapshot/panlex-20191001-csv/5949#85325913>		"ג'אווה"@he	
"Fransa"@pms	<https://panlex.org/snapshot/panlex-20191001-csv/5949#85323648>				<https://panlex.org/snapshot/panlex-20191001-csv/5949#85323580>		"צרפת"@he	
"Galissia"@pms	<https://panlex.org/snapshot/panlex-20191001-csv/5949#85306016>				<https://panlex.org/snapshot/panlex-20191001-csv/5949#85305993>		"גליסיה"@he	
"Pechin"@pms	<https://panlex.org/snapshot/panlex-20191001-csv/5949#85318036>				<https://panlex.org/snapshot/panlex-20191001-csv/5949#85317984>		"בייג'ינג"@he	
"Baviera"@pms	<https://panlex.org/snapshot/panlex-20191001-csv/5949#85301227>				<https://panlex.org/snapshot/panlex-20191001-csv/5949#85301189>		"בוואריה"@he	
"Perù"@pms	<https://panlex.org/snapshot/panlex-20191001-csv/5949#85318297>				<https://panlex.org/snapshot/panlex-20191001-csv/5949#85318236>		"פרו"@he	
"Berlin"@pms	<https://panlex.org/snapshot/panlex-20191001-csv/5949#85302510>				<https://panlex.org/snapshot/panlex-20191001-csv/5949#85302436>		"ברלין"@he	
"cascada"@pms	<https://panlex.org/snapshot/panlex-20191001-csv/5942#83279795>				<https://panlex.org/snapshot/panlex-20191001-csv/5942#83279772>		"מפל מים"@he	
"lenga gòtica"@pms	<https://panlex.org/snapshot/panlex-20191001-csv/405#13624864>				<https://panlex.org/snapshot/panlex-20191001-csv/405#13624852>		"גותית"@he	
"lenga mirandèisa"@pms	<https://panlex.org/snapshot/panlex-20191001-csv/405#13628713>				<https://panlex.org/snapshot/panlex-20191001-csv/405#13628704>		"מירנדזית"@he	
"lenga ceca"@pms	<https://panlex.org/snapshot/panlex-20191001-csv/405#13623141>				<https://panlex.org/snapshot/panlex-20191001-csv/405#13623117>		"צ׳כית"@he	
"lenga véneta"@pms	<https://panlex.org/snapshot/panlex-20191001-csv/405#13633563>				<https://panlex.org/snapshot/panlex-20191001-csv/405#13633550>		"ונטית"@he	
"lenga irlandèisa"@pms	<https://panlex.org/snapshot/panlex-20191001-csv/405#13626210>				<https://panlex.org/snapshot/panlex-20191001-csv/405#13626187>		"אירית"@he	
"lenga catalan-a"@pms	<https://panlex.org/snapshot/panlex-20191001-csv/405#13622375>				<https://panlex.org/snapshot/panlex-20191001-csv/405#13622345>		"קטלאנית"@he	
"lenga galèisa"@pms	<https://panlex.org/snapshot/panlex-20191001-csv/405#13633838>				<https://panlex.org/snapshot/panlex-20191001-csv/405#13633815>		"ולשית"@he	
"lenga norvegèisa"@pms	<https://panlex.org/snapshot/panlex-20191001-csv/405#13629298>				<https://panlex.org/snapshot/panlex-20191001-csv/405#13629288>		"נורבגית חדשה"@he	
"lenga norvegèisa"@pms	<https://panlex.org/snapshot/panlex-20191001-csv/405#13621948>				<https://panlex.org/snapshot/panlex-20191001-csv/405#13621940>		"נורבגית ספרותית"@he	
"lenga bielorussa"@pms	<https://panlex.org/snapshot/panlex-20191001-csv/405#13621687>				<https://panlex.org/snapshot/panlex-20191001-csv/405#13621665>		"בלארוסית"@he	
"lenga ucrain-a"@pms	<https://panlex.org/snapshot/panlex-20191001-csv/405#13633326>				<https://panlex.org/snapshot/panlex-20191001-csv/405#13633303>		"אוקראינית"@he	
"lenghe indoeuropenghe"@pms	<https://panlex.org/snapshot/panlex-20191001-csv/405#13625906>				<https://panlex.org/snapshot/panlex-20191001-csv/405#13625877>		"שפות הודו-אירופיות"@he	
"lenga asturian-a"@pms	<https://panlex.org/snapshot/panlex-20191001-csv/405#13621135>				<https://panlex.org/snapshot/panlex-20191001-csv/405#13621118>		"אסטורית"@he	
"lenga sloven-a"@pms	<https://panlex.org/snapshot/panlex-20191001-csv/405#13631881>				<https://panlex.org/snapshot/panlex-20191001-csv/405#13631857>		"סלובנית"@he	
"lenga breton-a"@pms	<https://panlex.org/snapshot/panlex-20191001-csv/405#13622073>				<https://panlex.org/snapshot/panlex-20191001-csv/405#13622051>		"ברטונית"@he	
"lenga piemontèisa"@pms	<https://panlex.org/snapshot/panlex-20191001-csv/405#13630096>				<https://panlex.org/snapshot/panlex-20191001-csv/405#13630085>		"פיימונטזית"@he	
"lenga neerlandèisa"@pms	<https://panlex.org/snapshot/panlex-20191001-csv/405#13623436>				<https://panlex.org/snapshot/panlex-20191001-csv/405#13623386>		"אספרנטו"@he	
"lenga Scots"@pms	<https://panlex.org/snapshot/panlex-20191001-csv/405#13631156>				<https://panlex.org/snapshot/panlex-20191001-csv/405#13631140>		"סקוטית"@he	
"lenga galissian-a"@pms	<https://panlex.org/snapshot/panlex-20191001-csv/405#13624469>				<https://panlex.org/snapshot/panlex-20191001-csv/405#13624447>		"גליסית"@he	
"lenga spagneula"@pms	<https://panlex.org/snapshot/panlex-20191001-csv/405#13632111>				<https://panlex.org/snapshot/panlex-20191001-csv/405#13632068>		"ספרדית"@he	
"lenga frison-a ossidental"@pms	<https://panlex.org/snapshot/panlex-20191001-csv/405#13633881>				<https://panlex.org/snapshot/panlex-20191001-csv/405#13633873>		"פריזית"@he	
"lenga ossitan-a"@pms	<https://panlex.org/snapshot/panlex-20191001-csv/405#13629483>				<https://panlex.org/snapshot/panlex-20191001-csv/405#13629468>		"אוקסיטנית"@he	
"lenghe slave"@pms	<https://panlex.org/snapshot/panlex-20191001-csv/405#13631734>				<https://panlex.org/snapshot/panlex-20191001-csv/405#13631711>		"שפות סלאביות"@he	
"lenghe germàniche"@pms	<https://panlex.org/snapshot/panlex-20191001-csv/405#13624764>				<https://panlex.org/snapshot/panlex-20191001-csv/405#13624740>		"שפות גרמאניות"@he	
"lenga svedèisa"@pms	<https://panlex.org/snapshot/panlex-20191001-csv/405#13632383>				<https://panlex.org/snapshot/panlex-20191001-csv/405#13632354>		"שבדית"@he	
"lenga slovaca"@pms	<https://panlex.org/snapshot/panlex-20191001-csv/405#13631806>				<https://panlex.org/snapshot/panlex-20191001-csv/405#13631785>		"סלובקית"@he	
"novèmber"@pms	<https://panlex.org/snapshot/panlex-20191001-csv/9#473704>				<https://panlex.org/snapshot/panlex-20191001-csv/9#473679>		"נובמבר"@he	
"Lussemborg"@pms	<https://panlex.org/snapshot/panlex-20191001-csv/12#917962>				<https://panlex.org/snapshot/panlex-20191001-csv/12#917933>		"לוקסמבורג"@he	
"matemàtica"@pms	<https://panlex.org/snapshot/panlex-20191001-csv/2904#111023424>				<https://panlex.org/snapshot/panlex-20191001-csv/2904#111023488>		"מתמטיקה"@he	
"fìsica"@pms	<https://panlex.org/snapshot/panlex-20191001-csv/2904#111024047>				<https://panlex.org/snapshot/panlex-20191001-csv/2904#111024003>		"פיזיקה"@he	
"pás"@pms	<https://panlex.org/snapshot/panlex-20191001-csv/2902#111012279>				<https://panlex.org/snapshot/panlex-20191001-csv/2902#111012073>		"שלום"@he	
"Océan Atlàntich"@pms	<https://panlex.org/snapshot/panlex-20191001-csv/2901#110867439>				<https://panlex.org/snapshot/panlex-20191001-csv/2901#110867454>		"האוקיינוס האטלאנטי"@he	
"Océan Atlàntich"@pms	<https://panlex.org/snapshot/panlex-20191001-csv/2901#110867439>				<https://panlex.org/snapshot/panlex-20191001-csv/2901#110867468>		"האוקינוס האטלנטי"@he	
"Dresda"@pms	<https://panlex.org/snapshot/panlex-20191001-csv/10#780694>				<https://panlex.org/snapshot/panlex-20191001-csv/10#780672>		"דרזדן"@he	
"Ouagadougou"@pms	<https://panlex.org/snapshot/panlex-20191001-csv/10#784427>				<https://panlex.org/snapshot/panlex-20191001-csv/10#784412>		"ואגאדוגו"@he	
"Manama"@pms	<https://panlex.org/snapshot/panlex-20191001-csv/10#10588639>				<https://panlex.org/snapshot/panlex-20191001-csv/10#786883>		"מנאמה"@he	
"Minsk"@pms	<https://panlex.org/snapshot/panlex-20191001-csv/10#645846>				<https://panlex.org/snapshot/panlex-20191001-csv/10#645829>		"מינסק"@he	
"Vilnius"@pms	<https://panlex.org/snapshot/panlex-20191001-csv/10#784549>				<https://panlex.org/snapshot/panlex-20191001-csv/10#784522>		"וילנה"@he	
"Lussemborg"@pms	<https://panlex.org/snapshot/panlex-20191001-csv/10#618832>				<https://panlex.org/snapshot/panlex-20191001-csv/10#618804>		"לוקסמבורג"@he	
"Union African-a"@pms	<https://panlex.org/snapshot/panlex-20191001-csv/2894#111099669>				<https://panlex.org/snapshot/panlex-20191001-csv/2894#111099664>		"האחוד האפריקאי"@he	
"Union African-a"@pms	<https://panlex.org/snapshot/panlex-20191001-csv/2894#111099669>				<https://panlex.org/snapshot/panlex-20191001-csv/2894#111099533>		"האיחוד האפריקאי"@he	
"UE"@pms	<https://panlex.org/snapshot/panlex-20191001-csv/2894#111100205>				<https://panlex.org/snapshot/panlex-20191001-csv/2894#111100330>		"האחוד האירופי"@he	
"UE"@pms	<https://panlex.org/snapshot/panlex-20191001-csv/2894#111100205>				<https://panlex.org/snapshot/panlex-20191001-csv/2894#111100292>		"האיחוד האירופי"@he	
"UA"@pms	<https://panlex.org/snapshot/panlex-20191001-csv/2894#111099670>				<https://panlex.org/snapshot/panlex-20191001-csv/2894#111099664>		"האחוד האפריקאי"@he	
"UA"@pms	<https://panlex.org/snapshot/panlex-20191001-csv/2894#111099670>				<https://panlex.org/snapshot/panlex-20191001-csv/2894#111099533>		"האיחוד האפריקאי"@he	
"Organisassion dlë Nassion Unìe"@pms	<https://panlex.org/snapshot/panlex-20191001-csv/2894#111101847>				<https://panlex.org/snapshot/panlex-20191001-csv/2894#111102003>		"ארגון האומות המאוחדות"@he	
"Organisassion dlë Nassion Unìe"@pms	<https://panlex.org/snapshot/panlex-20191001-csv/2894#111101847>				<https://panlex.org/snapshot/panlex-20191001-csv/2894#111102008>		"ארגון האמות המאחדות"@he	
"Organisasion cultural, sientìfica e educativ-a dlë Nassion Unìe"@pms	<https://panlex.org/snapshot/panlex-20191001-csv/2894#111102303>				<https://panlex.org/snapshot/panlex-20191001-csv/2894#111102254>		"אונסק״ו"@he	
"Organisasion cultural, sientìfica e educativ-a dlë Nassion Unìe"@pms	<https://panlex.org/snapshot/panlex-20191001-csv/2894#111102303>				<https://panlex.org/snapshot/panlex-20191001-csv/2894#111102211>		"ארגון התרבות, מדע וחינוך של ארגון האומות המאוחדות"@he	
"Union Europenga"@pms	<https://panlex.org/snapshot/panlex-20191001-csv/2894#111100398>				<https://panlex.org/snapshot/panlex-20191001-csv/2894#111100330>		"האחוד האירופי"@he	
"Union Europenga"@pms	<https://panlex.org/snapshot/panlex-20191001-csv/2894#111100398>				<https://panlex.org/snapshot/panlex-20191001-csv/2894#111100292>		"האיחוד האירופי"@he	
"martes"@pms	<https://panlex.org/snapshot/panlex-20191001-csv/2892#110824685>				<https://panlex.org/snapshot/panlex-20191001-csv/2892#110824719>		"יום שלישי"@he	
"lùn-es"@pms	<https://panlex.org/snapshot/panlex-20191001-csv/2892#110824304>				<https://panlex.org/snapshot/panlex-20191001-csv/2892#110824148>		"יום שני"@he	
"vënner"@pms	<https://panlex.org/snapshot/panlex-20191001-csv/2892#110825955>				<https://panlex.org/snapshot/panlex-20191001-csv/2892#110826038>		"ערב־שבת"@he	
"vënner"@pms	<https://panlex.org/snapshot/panlex-20191001-csv/2892#110825955>				<https://panlex.org/snapshot/panlex-20191001-csv/2892#110825824>		"יום ששי"@he	
"vënner"@pms	<https://panlex.org/snapshot/panlex-20191001-csv/2892#110825955>				<https://panlex.org/snapshot/panlex-20191001-csv/2892#110825900>		"יום שישי"@he	
"saba"@pms	<https://panlex.org/snapshot/panlex-20191001-csv/2892#110826218>				<https://panlex.org/snapshot/panlex-20191001-csv/2892#110826349>		"יום שביעי"@he	
"saba"@pms	<https://panlex.org/snapshot/panlex-20191001-csv/2892#110826218>				<https://panlex.org/snapshot/panlex-20191001-csv/2892#110826520>		"יום שבת"@he	
"saba"@pms	<https://panlex.org/snapshot/panlex-20191001-csv/2892#110826218>				<https://panlex.org/snapshot/panlex-20191001-csv/2892#110826162>		"שבת"@he	
"mèrcol"@pms	<https://panlex.org/snapshot/panlex-20191001-csv/2892#110825017>				<https://panlex.org/snapshot/panlex-20191001-csv/2892#110825147>		"יום רביעי"@he	
"dumìnica"@pms	<https://panlex.org/snapshot/panlex-20191001-csv/2892#110827032>				<https://panlex.org/snapshot/panlex-20191001-csv/2892#110826959>		"יום ראשון"@he	
"giòbia"@pms	<https://panlex.org/snapshot/panlex-20191001-csv/2892#110825514>				<https://panlex.org/snapshot/panlex-20191001-csv/2892#110825567>		"יום חמישי"@he	
"dzèmber"@pms	<https://panlex.org/snapshot/panlex-20191001-csv/2897#110831619>				<https://panlex.org/snapshot/panlex-20191001-csv/2897#110831727>		"דצמבר"@he	
"otober"@pms	<https://panlex.org/snapshot/panlex-20191001-csv/2897#110830991>				<https://panlex.org/snapshot/panlex-20191001-csv/2897#110830733>		"אוקטובר"@he	
"fëvré"@pms	<https://panlex.org/snapshot/panlex-20191001-csv/2897#110827643>				<https://panlex.org/snapshot/panlex-20191001-csv/2897#110827645>		"פברואר"@he	
"lugn"@pms	<https://panlex.org/snapshot/panlex-20191001-csv/2897#110829854>				<https://panlex.org/snapshot/panlex-20191001-csv/2897#110829653>		"יולי"@he	
"giugn"@pms	<https://panlex.org/snapshot/panlex-20191001-csv/2897#110829363>				<https://panlex.org/snapshot/panlex-20191001-csv/2897#110829207>		"יוני"@he	
"gené"@pms	<https://panlex.org/snapshot/panlex-20191001-csv/2897#110827275>				<https://panlex.org/snapshot/panlex-20191001-csv/2897#110827052>		"ינואר"@he	
"gené"@pms	<https://panlex.org/snapshot/panlex-20191001-csv/2897#110827275>				<https://panlex.org/snapshot/panlex-20191001-csv/2897#110827098>		"יאנואר"@he	
"avril"@pms	<https://panlex.org/snapshot/panlex-20191001-csv/2897#110828369>				<https://panlex.org/snapshot/panlex-20191001-csv/2897#110828516>		"אפריל"@he	
"magg"@pms	<https://panlex.org/snapshot/panlex-20191001-csv/2897#110829044>				<https://panlex.org/snapshot/panlex-20191001-csv/2897#110828675>		"מאי"@he	
"magg"@pms	<https://panlex.org/snapshot/panlex-20191001-csv/2897#110829044>				<https://panlex.org/snapshot/panlex-20191001-csv/2897#110828898>		"מי"@he	
"mars"@pms	<https://panlex.org/snapshot/panlex-20191001-csv/2897#110827894>				<https://panlex.org/snapshot/panlex-20191001-csv/2897#110828022>		"מארס"@he	
"mars"@pms	<https://panlex.org/snapshot/panlex-20191001-csv/2897#110827894>				<https://panlex.org/snapshot/panlex-20191001-csv/2897#110827920>		"מרס"@he	
"mars"@pms	<https://panlex.org/snapshot/panlex-20191001-csv/2897#110827894>				<https://panlex.org/snapshot/panlex-20191001-csv/2897#110828166>		"מרץ"@he	
"novèmber"@pms	<https://panlex.org/snapshot/panlex-20191001-csv/2897#110831529>				<https://panlex.org/snapshot/panlex-20191001-csv/2897#110831252>		"נובמבר"@he	
"agost"@pms	<https://panlex.org/snapshot/panlex-20191001-csv/2897#110829887>				<https://panlex.org/snapshot/panlex-20191001-csv/2897#110830063>		"אוגוסט"@he	
"agost"@pms	<https://panlex.org/snapshot/panlex-20191001-csv/2897#110829887>				<https://panlex.org/snapshot/panlex-20191001-csv/2897#110830135>		"אבגוסט"@he	
"stèmber"@pms	<https://panlex.org/snapshot/panlex-20191001-csv/2897#110830546>				<https://panlex.org/snapshot/panlex-20191001-csv/2897#110830516>		"ספטמבר"@he	
