"去"@ltc	<https://panlex.org/snapshot/panlex-20191001-csv/3975#51733805>				<https://panlex.org/snapshot/panlex-20191001-csv/3975#51733903>		"yˈaˑ-m-i"@yuf	
"去"@ltc	<https://panlex.org/snapshot/panlex-20191001-csv/3975#51733805>				<https://panlex.org/snapshot/panlex-20191001-csv/3975#51733904>		"yˈa-m-i"@yuf	
"死"@ltc	<https://panlex.org/snapshot/panlex-20191001-csv/3975#51722865>				<https://panlex.org/snapshot/panlex-20191001-csv/3975#51722939>		"pˈi"@yuf	
"肉"@ltc	<https://panlex.org/snapshot/panlex-20191001-csv/3975#51728106>				<https://panlex.org/snapshot/panlex-20191001-csv/3975#51728185>		"kʷˌeˑ=θˈo-β-a"@yuf	
"不"@ltc	<https://panlex.org/snapshot/panlex-20191001-csv/3975#51729403>				<https://panlex.org/snapshot/panlex-20191001-csv/3975#51729491>		"ʔˈúm-i"@yuf	
"近"@ltc	<https://panlex.org/snapshot/panlex-20191001-csv/3975#51735475>				<https://panlex.org/snapshot/panlex-20191001-csv/3975#51735540>		"i=pˈé"@yuf	
"血"@ltc	<https://panlex.org/snapshot/panlex-20191001-csv/3975#51721716>				<https://panlex.org/snapshot/panlex-20191001-csv/3975#51721786>		"=hʷˈat-a"@yuf	
"齒"@ltc	<https://panlex.org/snapshot/panlex-20191001-csv/3975#51733338>				<https://panlex.org/snapshot/panlex-20191001-csv/3975#51733408>		"yˈoˑ"@yuf	
"名"@ltc	<https://panlex.org/snapshot/panlex-20191001-csv/3975#51728668>				<https://panlex.org/snapshot/panlex-20191001-csv/3975#51728739>		"mˈul"@yuf	
"名"@ltc	<https://panlex.org/snapshot/panlex-20191001-csv/3975#51728668>				<https://panlex.org/snapshot/panlex-20191001-csv/3975#51728740>		"mˈol"@yuf	
"尾"@ltc	<https://panlex.org/snapshot/panlex-20191001-csv/3975#51732584>				<https://panlex.org/snapshot/panlex-20191001-csv/3975#51732650>		"β=hˈé"@yuf	
"黃"@ltc	<https://panlex.org/snapshot/panlex-20191001-csv/3975#51735081>				<https://panlex.org/snapshot/panlex-20191001-csv/3975#51735139>		"=qʷˈaθ-i"@yuf	
"見"@ltc	<https://panlex.org/snapshot/panlex-20191001-csv/3975#51730830>				<https://panlex.org/snapshot/panlex-20191001-csv/3975#51730921>		"ʔˈuˑ"@yuf	
"地"@ltc	<https://panlex.org/snapshot/panlex-20191001-csv/3975#51723620>				<https://panlex.org/snapshot/panlex-20191001-csv/3975#51723688>		"mˈât"@yuf	
"鼻"@ltc	<https://panlex.org/snapshot/panlex-20191001-csv/3975#51729246>				<https://panlex.org/snapshot/panlex-20191001-csv/3975#51729320>		"hˈúː"@yuf	
"冷"@ltc	<https://panlex.org/snapshot/panlex-20191001-csv/3975#51722531>				<https://panlex.org/snapshot/panlex-20191001-csv/3975#51722591>		"mˈún-i"@yuf	
"睡"@ltc	<https://panlex.org/snapshot/panlex-20191001-csv/3975#51731434>				<https://panlex.org/snapshot/panlex-20191001-csv/3975#51731511>		"smˈaˑ"@yuf	
"睡"@ltc	<https://panlex.org/snapshot/panlex-20191001-csv/3975#51731434>				<https://panlex.org/snapshot/panlex-20191001-csv/3975#51731510>		"smˈaː"@yuf	
"角"@ltc	<https://panlex.org/snapshot/panlex-20191001-csv/3975#51726352>				<https://panlex.org/snapshot/panlex-20191001-csv/3975#51726421>		"kʷˈá"@yuf	
"大"@ltc	<https://panlex.org/snapshot/panlex-20191001-csv/3975#51721152>				<https://panlex.org/snapshot/panlex-20191001-csv/3975#51721218>		"β=tˈe"@yuf	
"日"@ltc	<https://panlex.org/snapshot/panlex-20191001-csv/3975#51732308>				<https://panlex.org/snapshot/panlex-20191001-csv/3975#51732386>		"ʔ=ɲˈáː"@yuf	
"云"@ltc	<https://panlex.org/snapshot/panlex-20191001-csv/3975#51730668>				<https://panlex.org/snapshot/panlex-20191001-csv/3975#51730747>		"ʔˈi"@yuf	
"雲"@ltc	<https://panlex.org/snapshot/panlex-20191001-csv/3975#51722406>				<https://panlex.org/snapshot/panlex-20191001-csv/3975#51722456>		"=kʷˈi"@yuf	
"腳"@ltc	<https://panlex.org/snapshot/panlex-20191001-csv/3975#51724929>				<https://panlex.org/snapshot/panlex-20191001-csv/3975#51724997>		"mˈi"@yuf	
"眼"@ltc	<https://panlex.org/snapshot/panlex-20191001-csv/3975#51724080>				<https://panlex.org/snapshot/panlex-20191001-csv/3975#51724153>		"yˈu"@yuf	
"黑"@ltc	<https://panlex.org/snapshot/panlex-20191001-csv/3975#51721573>				<https://panlex.org/snapshot/panlex-20191001-csv/3975#51721638>		"ʔ=ɲˈáː"@yuf	
"我"@ltc	<https://panlex.org/snapshot/panlex-20191001-csv/3975#51726510>				<https://panlex.org/snapshot/panlex-20191001-csv/3975#51726616>		"ʔɲˈa-či"@yuf	
"我"@ltc	<https://panlex.org/snapshot/panlex-20191001-csv/3975#51734295>				<https://panlex.org/snapshot/panlex-20191001-csv/3975#51734414>		"ʔɲˈa-čβ-"@yuf	
"山"@ltc	<https://panlex.org/snapshot/panlex-20191001-csv/3975#51728388>				<https://panlex.org/snapshot/panlex-20191001-csv/3975#51728444>		"ʔ=wˈíˑ"@yuf	
"肚"@ltc	<https://panlex.org/snapshot/panlex-20191001-csv/3975#51721011>				<https://panlex.org/snapshot/panlex-20191001-csv/3975#51721074>		"mnˈûn-a"@yuf	
"遠"@ltc	<https://panlex.org/snapshot/panlex-20191001-csv/3975#51735215>				<https://panlex.org/snapshot/panlex-20191001-csv/3975#51735268>		"twˈaˑy-i"@yuf	
"遠"@ltc	<https://panlex.org/snapshot/panlex-20191001-csv/3975#51735215>				<https://panlex.org/snapshot/panlex-20191001-csv/3975#51735267>		"twˈay-i"@yuf	
"咬"@ltc	<https://panlex.org/snapshot/panlex-20191001-csv/3975#51721430>				<https://panlex.org/snapshot/panlex-20191001-csv/3975#51721499>		"č=kʸˈo"@yuf	
"男"@ltc	<https://panlex.org/snapshot/panlex-20191001-csv/3975#51727812>				<https://panlex.org/snapshot/panlex-20191001-csv/3975#51727883>		"pˌaˑ-hmˈi-"@yuf	
"熱"@ltc	<https://panlex.org/snapshot/panlex-20191001-csv/3975#51733978>				<https://panlex.org/snapshot/panlex-20191001-csv/3975#51734033>		"=rˈu-i"@yuf	
"爪"@ltc	<https://panlex.org/snapshot/panlex-20191001-csv/3975#51722269>				<https://panlex.org/snapshot/panlex-20191001-csv/3975#51722339>		"sl=hβˈoˑ"@yuf	
"髮"@ltc	<https://panlex.org/snapshot/panlex-20191001-csv/3975#51725607>				<https://panlex.org/snapshot/panlex-20191001-csv/3975#51725686>		"qwˈaw-a"@yuf	
"小"@ltc	<https://panlex.org/snapshot/panlex-20191001-csv/3975#51731590>				<https://panlex.org/snapshot/panlex-20191001-csv/3975#51731655>		"kˈeč"@yuf	
"白"@ltc	<https://panlex.org/snapshot/panlex-20191001-csv/3975#51734637>				<https://panlex.org/snapshot/panlex-20191001-csv/3975#51734692>		"=m=sˈaβ-i"@yuf	
"好"@ltc	<https://panlex.org/snapshot/panlex-20191001-csv/3975#51725352>				<https://panlex.org/snapshot/panlex-20191001-csv/3975#51725422>		"=hˈán-i"@yuf	
"燒"@ltc	<https://panlex.org/snapshot/panlex-20191001-csv/3975#51722134>				<https://panlex.org/snapshot/panlex-20191001-csv/3975#51722203>		"tˈu"@yuf	
"一"@ltc	<https://panlex.org/snapshot/panlex-20191001-csv/3975#51729575>				<https://panlex.org/snapshot/panlex-20191001-csv/3975#51729651>		"=sˈit-i"@yuf	
"一"@ltc	<https://panlex.org/snapshot/panlex-20191001-csv/3975#51729575>				<https://panlex.org/snapshot/panlex-20191001-csv/3975#51729652>		"=sˈiˑt-i"@yuf	
"與"@ltc	<https://panlex.org/snapshot/panlex-20191001-csv/3975#51725197>				<https://panlex.org/snapshot/panlex-20191001-csv/3975#51725272>		"ʔˈéˑ"@yuf	
"肝"@ltc	<https://panlex.org/snapshot/panlex-20191001-csv/3975#51727413>				<https://panlex.org/snapshot/panlex-20191001-csv/3975#51727477>		"č=βθˈiˑ"@yuf	
"什麼"@ltc	<https://panlex.org/snapshot/panlex-20191001-csv/3975#51734493>				<https://panlex.org/snapshot/panlex-20191001-csv/3975#51734569>		"kˈa-β"@yuf	
"女"@ltc	<https://panlex.org/snapshot/panlex-20191001-csv/3975#51734930>				<https://panlex.org/snapshot/panlex-20191001-csv/3975#51735014>		"pqˈí"@yuf	
"女"@ltc	<https://panlex.org/snapshot/panlex-20191001-csv/3975#51734930>				<https://panlex.org/snapshot/panlex-20191001-csv/3975#51735013>		"βqˈí"@yuf	
"赤"@ltc	<https://panlex.org/snapshot/panlex-20191001-csv/3975#51730013>				<https://panlex.org/snapshot/panlex-20191001-csv/3975#51730082>		"=hʷˈat-i"@yuf	
"這"@ltc	<https://panlex.org/snapshot/panlex-20191001-csv/3975#51732894>				<https://panlex.org/snapshot/panlex-20191001-csv/3975#51732964>		"βyˈa-"@yuf	
"耳"@ltc	<https://panlex.org/snapshot/panlex-20191001-csv/3975#51723473>				<https://panlex.org/snapshot/panlex-20191001-csv/3975#51723542>		"smˈalk-a"@yuf	
"口"@ltc	<https://panlex.org/snapshot/panlex-20191001-csv/3975#51728523>				<https://panlex.org/snapshot/panlex-20191001-csv/3975#51728598>		"yˈa"@yuf	
"胸"@ltc	<https://panlex.org/snapshot/panlex-20191001-csv/3975#51721992>				<https://panlex.org/snapshot/panlex-20191001-csv/3975#51722059>		"ɲ=mˈay-a"@yuf	
"舌頭"@ltc	<https://panlex.org/snapshot/panlex-20191001-csv/3975#51733184>				<https://panlex.org/snapshot/panlex-20191001-csv/3975#51733256>		"hi=m=pˈâl"@yuf	
"舌頭"@ltc	<https://panlex.org/snapshot/panlex-20191001-csv/3975#51733184>				<https://panlex.org/snapshot/panlex-20191001-csv/3975#51733255>		"hi=m=pˈál"@yuf	
"路"@ltc	<https://panlex.org/snapshot/panlex-20191001-csv/3975#51730158>				<https://panlex.org/snapshot/panlex-20191001-csv/3975#51730225>		"ʔɲˈa"@yuf	
"魚"@ltc	<https://panlex.org/snapshot/panlex-20191001-csv/3975#51724652>				<https://panlex.org/snapshot/panlex-20191001-csv/3975#51724719>		"ʔ=čˈiˑ"@yuf	
"坐"@ltc	<https://panlex.org/snapshot/panlex-20191001-csv/3975#51731121>				<https://panlex.org/snapshot/panlex-20191001-csv/3975#51731207>		"wˈa"@yuf	
"年"@ltc	<https://panlex.org/snapshot/panlex-20191001-csv/3975#51736414>				<https://panlex.org/snapshot/panlex-20191001-csv/3975#51736476>		"ʔ=čʰˈur-a"@yuf	
"來"@ltc	<https://panlex.org/snapshot/panlex-20191001-csv/3975#51722682>				<https://panlex.org/snapshot/panlex-20191001-csv/3975#51722779>		"yˈûw-i"@yuf	
"青"@ltc	<https://panlex.org/snapshot/panlex-20191001-csv/3975#51725483>				<https://panlex.org/snapshot/panlex-20191001-csv/3975#51725539>		"hˌa=β=sˈuˑ-i"@yuf	
"水"@ltc	<https://panlex.org/snapshot/panlex-20191001-csv/3975#51734113>				<https://panlex.org/snapshot/panlex-20191001-csv/3975#51734185>		"ʔ=hˈá"@yuf	
"葉"@ltc	<https://panlex.org/snapshot/panlex-20191001-csv/3975#51727112>				<https://panlex.org/snapshot/panlex-20191001-csv/3975#51727182>		"θˈéq-a"@yuf	
"ᶚu̯i {誰}"@ltc	<https://panlex.org/snapshot/panlex-20191001-csv/3975#51734770>				<https://panlex.org/snapshot/panlex-20191001-csv/3975#51734842>		"β=kˈa"@yuf	
"喫"@ltc	<https://panlex.org/snapshot/panlex-20191001-csv/3975#51723772>				<https://panlex.org/snapshot/panlex-20191001-csv/3975#51723863>		"mˈáˑ"@yuf	
"新"@ltc	<https://panlex.org/snapshot/panlex-20191001-csv/3975#51728949>				<https://panlex.org/snapshot/panlex-20191001-csv/3975#51729004>		"iβmˈû"@yuf	
"煙"@ltc	<https://panlex.org/snapshot/panlex-20191001-csv/3975#51731732>				<https://panlex.org/snapshot/panlex-20191001-csv/3975#51731803>		"ʔˌo=hʷˈay-a"@yuf	
"ʔɑ=ᶚu̯i {阿誰}"@ltc	<https://panlex.org/snapshot/panlex-20191001-csv/3975#51734771>				<https://panlex.org/snapshot/panlex-20191001-csv/3975#51734842>		"β=kˈa"@yuf	
"游"@ltc	<https://panlex.org/snapshot/panlex-20191001-csv/3975#51732456>				<https://panlex.org/snapshot/panlex-20191001-csv/3975#51732508>		"ʔhˌa…θpˈuˑyi"@yuf	
"石"@ltc	<https://panlex.org/snapshot/panlex-20191001-csv/3975#51732161>				<https://panlex.org/snapshot/panlex-20191001-csv/3975#51732225>		"ʔ=wˈíˑ"@yuf	
"雨"@ltc	<https://panlex.org/snapshot/panlex-20191001-csv/3975#51729879>				<https://panlex.org/snapshot/panlex-20191001-csv/3975#51729943>		"kˌi=βˈâw-a"@yuf	
"心"@ltc	<https://panlex.org/snapshot/panlex-20191001-csv/3975#51726219>				<https://panlex.org/snapshot/panlex-20191001-csv/3975#51726290>		"iˑ=wˈáy-a"@yuf	
"手"@ltc	<https://panlex.org/snapshot/panlex-20191001-csv/3975#51725761>				<https://panlex.org/snapshot/panlex-20191001-csv/3975#51725832>		"sˈal"@yuf	
"樹"@ltc	<https://panlex.org/snapshot/panlex-20191001-csv/3975#51733484>				<https://panlex.org/snapshot/panlex-20191001-csv/3975#51733561>		"ʔ=ʔˈiˑ"@yuf	
"根"@ltc	<https://panlex.org/snapshot/panlex-20191001-csv/3975#51730290>				<https://panlex.org/snapshot/panlex-20191001-csv/3975#51730342>		"ʔ=ʔˌiˑ=m=smˈáˑ"@yuf	
"識"@ltc	<https://panlex.org/snapshot/panlex-20191001-csv/3975#51726973>				<https://panlex.org/snapshot/panlex-20191001-csv/3975#51727041>		"spˈo"@yuf	
"臥"@ltc	<https://panlex.org/snapshot/panlex-20191001-csv/3975#51727264>				<https://panlex.org/snapshot/panlex-20191001-csv/3975#51727340>		"yˈâk-i"@yuf	
"人"@ltc	<https://panlex.org/snapshot/panlex-20191001-csv/3975#51729726>				<https://panlex.org/snapshot/panlex-20191001-csv/3975#51729802>		"ʔ=pˈáˑ"@yuf	
"人"@ltc	<https://panlex.org/snapshot/panlex-20191001-csv/3975#51729726>				<https://panlex.org/snapshot/panlex-20191001-csv/3975#51729803>		"ʔ=pˈâˑ"@yuf	
"頭"@ltc	<https://panlex.org/snapshot/panlex-20191001-csv/3975#51725914>				<https://panlex.org/snapshot/panlex-20191001-csv/3975#51725990>		"hˈúː"@yuf	
"皆"@ltc	<https://panlex.org/snapshot/panlex-20191001-csv/3975#51720612>				<https://panlex.org/snapshot/panlex-20191001-csv/3975#51720677>		"pˈay-a"@yuf	
"此"@ltc	<https://panlex.org/snapshot/panlex-20191001-csv/3975#51732893>				<https://panlex.org/snapshot/panlex-20191001-csv/3975#51732964>		"βyˈa-"@yuf	
"立"@ltc	<https://panlex.org/snapshot/panlex-20191001-csv/3975#51731871>				<https://panlex.org/snapshot/panlex-20191001-csv/3975#51731935>		"β=skʷˈi"@yuf	
"多"@ltc	<https://panlex.org/snapshot/panlex-20191001-csv/3975#51727961>				<https://panlex.org/snapshot/panlex-20191001-csv/3975#51728027>		"ʔ=tˈe"@yuf	
"風"@ltc	<https://panlex.org/snapshot/panlex-20191001-csv/3975#51736163>				<https://panlex.org/snapshot/panlex-20191001-csv/3975#51736237>		"mˌat=hˈáy-a"@yuf	
"風"@ltc	<https://panlex.org/snapshot/panlex-20191001-csv/3975#51736163>				<https://panlex.org/snapshot/panlex-20191001-csv/3975#51736235>		"mˌat=hˈay-a"@yuf	
"風"@ltc	<https://panlex.org/snapshot/panlex-20191001-csv/3975#51736163>				<https://panlex.org/snapshot/panlex-20191001-csv/3975#51736236>		"mˌat=hˈâːy-a"@yuf	
"火"@ltc	<https://panlex.org/snapshot/panlex-20191001-csv/3975#51724501>				<https://panlex.org/snapshot/panlex-20191001-csv/3975#51724577>		"ʔ=ʔˈó"@yuf	
"骨"@ltc	<https://panlex.org/snapshot/panlex-20191001-csv/3975#51721861>				<https://panlex.org/snapshot/panlex-20191001-csv/3975#51721923>		"č=y=ˈaˑk-a"@yuf	
"月"@ltc	<https://panlex.org/snapshot/panlex-20191001-csv/3975#51728264>				<https://panlex.org/snapshot/panlex-20191001-csv/3975#51728328>		"hlˈa"@yuf	
"聞"@ltc	<https://panlex.org/snapshot/panlex-20191001-csv/3975#51726073>				<https://panlex.org/snapshot/panlex-20191001-csv/3975#51726147>		"ʔˈêˑβ-i"@yuf	
"知"@ltc	<https://panlex.org/snapshot/panlex-20191001-csv/3975#51726972>				<https://panlex.org/snapshot/panlex-20191001-csv/3975#51727041>		"spˈo"@yuf	
"兩"@ltc	<https://panlex.org/snapshot/panlex-20191001-csv/3975#51733648>				<https://panlex.org/snapshot/panlex-20191001-csv/3975#51733721>		"hwˈâk-i"@yuf	
"乾"@ltc	<https://panlex.org/snapshot/panlex-20191001-csv/3975#51723332>				<https://panlex.org/snapshot/panlex-20191001-csv/3975#51723396>		"rˈu-β-i"@yuf	
"夜"@ltc	<https://panlex.org/snapshot/panlex-20191001-csv/3975#51729088>				<https://panlex.org/snapshot/panlex-20191001-csv/3975#51729162>		"hiˑ=pˈaˑ"@yuf	
"殺"@ltc	<https://panlex.org/snapshot/panlex-20191001-csv/3975#51726688>				<https://panlex.org/snapshot/panlex-20191001-csv/3975#51726761>		"nˈéh-i"@yuf	
