"ēr"@ilu	<https://panlex.org/snapshot/panlex-20191001-csv/12#850963>				<https://panlex.org/snapshot/panlex-20191001-csv/12#851117>		"okoa"@pwg	
"'e"@ilu	<https://panlex.org/snapshot/panlex-20191001-csv/12#850962>				<https://panlex.org/snapshot/panlex-20191001-csv/12#851117>		"okoa"@pwg	
"lima"@ilu	<https://panlex.org/snapshot/panlex-20191001-csv/114#8051783>				<https://panlex.org/snapshot/panlex-20191001-csv/114#8052012>		"ima-"@pwg	
"la"@ilu	<https://panlex.org/snapshot/panlex-20191001-csv/114#8053850>				<https://panlex.org/snapshot/panlex-20191001-csv/114#8054086>		"bhabha"@pwg	
"ʼgɛnuŋ"@ilu	<https://panlex.org/snapshot/panlex-20191001-csv/114#8064103>				<https://panlex.org/snapshot/panlex-20191001-csv/114#8064309>		"iwa-"@pwg	
"ʼateŋ"@ilu	<https://panlex.org/snapshot/panlex-20191001-csv/114#8059937>				<https://panlex.org/snapshot/panlex-20191001-csv/114#8060135>		"katekate-"@pwg	
"ʼsusu"@ilu	<https://panlex.org/snapshot/panlex-20191001-csv/114#8060462>				<https://panlex.org/snapshot/panlex-20191001-csv/114#8060690>		"susu-"@pwg	
"luku(n)"@ilu	<https://panlex.org/snapshot/panlex-20191001-csv/114#8053272>				<https://panlex.org/snapshot/panlex-20191001-csv/114#8053499>		"kai-"@pwg	
"rara(n)"@ilu	<https://panlex.org/snapshot/panlex-20191001-csv/114#8063017>				<https://panlex.org/snapshot/panlex-20191001-csv/114#8063229>		"tara-"@pwg	
"wiri"@ilu	<https://panlex.org/snapshot/panlex-20191001-csv/114#8052318>				<https://panlex.org/snapshot/panlex-20191001-csv/114#8052508>		"duge"@pwg	
"kapun"@ilu	<https://panlex.org/snapshot/panlex-20191001-csv/114#8058419>				<https://panlex.org/snapshot/panlex-20191001-csv/114#8058650>		"kamokamo-"@pwg	
"ate(n)"@ilu	<https://panlex.org/snapshot/panlex-20191001-csv/114#8059936>				<https://panlex.org/snapshot/panlex-20191001-csv/114#8060135>		"katekate-"@pwg	
