"ēr"@ilu	<https://panlex.org/snapshot/panlex-20191001-csv/12#850963>				<https://panlex.org/snapshot/panlex-20191001-csv/12#851261>		"voi"@zgr	
"'e"@ilu	<https://panlex.org/snapshot/panlex-20191001-csv/12#850962>				<https://panlex.org/snapshot/panlex-20191001-csv/12#851261>		"voi"@zgr	
"lima"@ilu	<https://panlex.org/snapshot/panlex-20191001-csv/114#8051783>				<https://panlex.org/snapshot/panlex-20191001-csv/114#8052184>		"ima"@zgr	
"la"@ilu	<https://panlex.org/snapshot/panlex-20191001-csv/114#8053850>				<https://panlex.org/snapshot/panlex-20191001-csv/114#8054267>		"yaw"@zgr	
"la"@ilu	<https://panlex.org/snapshot/panlex-20191001-csv/114#8053850>				<https://panlex.org/snapshot/panlex-20191001-csv/114#8054266>		"[yao]"@zgr	
"ʼgɛnuŋ"@ilu	<https://panlex.org/snapshot/panlex-20191001-csv/114#8064103>				<https://panlex.org/snapshot/panlex-20191001-csv/114#8064480>		"gedu"@zgr	
"ʼateŋ"@ilu	<https://panlex.org/snapshot/panlex-20191001-csv/114#8059937>				<https://panlex.org/snapshot/panlex-20191001-csv/114#8060286>		"goigoibo"@zgr	
"ʼsusu"@ilu	<https://panlex.org/snapshot/panlex-20191001-csv/114#8060462>				<https://panlex.org/snapshot/panlex-20191001-csv/114#8060876>		"kuku"@zgr	
"luku(n)"@ilu	<https://panlex.org/snapshot/panlex-20191001-csv/114#8053272>				<https://panlex.org/snapshot/panlex-20191001-csv/114#8053675>		"ake"@zgr	
"rara(n)"@ilu	<https://panlex.org/snapshot/panlex-20191001-csv/114#8063017>				<https://panlex.org/snapshot/panlex-20191001-csv/114#8063389>		"rara"@zgr	
"wiri"@ilu	<https://panlex.org/snapshot/panlex-20191001-csv/114#8052318>				<https://panlex.org/snapshot/panlex-20191001-csv/114#8052653>		"ebeu"@zgr	
"kapun"@ilu	<https://panlex.org/snapshot/panlex-20191001-csv/114#8058419>				<https://panlex.org/snapshot/panlex-20191001-csv/114#8058825>		"beni"@zgr	
"pas"@ilu	<https://panlex.org/snapshot/panlex-20191001-csv/114#8061016>				<https://panlex.org/snapshot/panlex-20191001-csv/114#8061341>		"daboro"@zgr	
"ate(n)"@ilu	<https://panlex.org/snapshot/panlex-20191001-csv/114#8059936>				<https://panlex.org/snapshot/panlex-20191001-csv/114#8060286>		"goigoibo"@zgr	
