"ēr"@ilu	<https://panlex.org/snapshot/panlex-20191001-csv/12#850963>				<https://panlex.org/snapshot/panlex-20191001-csv/12#851185>		"túbig"@tl	
"'e"@ilu	<https://panlex.org/snapshot/panlex-20191001-csv/12#850962>				<https://panlex.org/snapshot/panlex-20191001-csv/12#851185>		"túbig"@tl	
"lima"@ilu	<https://panlex.org/snapshot/panlex-20191001-csv/114#8051783>				<https://panlex.org/snapshot/panlex-20191001-csv/114#8052105>		"kamáy"@tl	
"lima"@ilu	<https://panlex.org/snapshot/panlex-20191001-csv/114#8051783>				<https://panlex.org/snapshot/panlex-20191001-csv/114#8052104>		"kamay"@tl	
"la"@ilu	<https://panlex.org/snapshot/panlex-20191001-csv/114#8053850>				<https://panlex.org/snapshot/panlex-20191001-csv/114#8054177>		"lumákad"@tl	
"la"@ilu	<https://panlex.org/snapshot/panlex-20191001-csv/114#8053850>				<https://panlex.org/snapshot/panlex-20191001-csv/114#8054179>		"mag-lakad"@tl	
"la"@ilu	<https://panlex.org/snapshot/panlex-20191001-csv/114#8053850>				<https://panlex.org/snapshot/panlex-20191001-csv/114#8054178>		"lumakad"@tl	
"ʼgɛnuŋ"@ilu	<https://panlex.org/snapshot/panlex-20191001-csv/114#8064103>				<https://panlex.org/snapshot/panlex-20191001-csv/114#8064392>		"leeg"@tl	
"ʼgɛnuŋ"@ilu	<https://panlex.org/snapshot/panlex-20191001-csv/114#8064103>				<https://panlex.org/snapshot/panlex-20191001-csv/114#8064393>		"liqíg"@tl	
"ʼateŋ"@ilu	<https://panlex.org/snapshot/panlex-20191001-csv/114#8059937>				<https://panlex.org/snapshot/panlex-20191001-csv/114#8060211>		"atáy"@tl	
"ʼateŋ"@ilu	<https://panlex.org/snapshot/panlex-20191001-csv/114#8059937>				<https://panlex.org/snapshot/panlex-20191001-csv/114#8060210>		"atay"@tl	
"ʼsusu"@ilu	<https://panlex.org/snapshot/panlex-20191001-csv/114#8060462>				<https://panlex.org/snapshot/panlex-20191001-csv/114#8060787>		"súsu"@tl	
"ʼsusu"@ilu	<https://panlex.org/snapshot/panlex-20191001-csv/114#8060462>				<https://panlex.org/snapshot/panlex-20191001-csv/114#8060786>		"suso"@tl	
"luku(n)"@ilu	<https://panlex.org/snapshot/panlex-20191001-csv/114#8053272>				<https://panlex.org/snapshot/panlex-20191001-csv/114#8053590>		"bintipaa"@tl	
"luku(n)"@ilu	<https://panlex.org/snapshot/panlex-20191001-csv/114#8053272>				<https://panlex.org/snapshot/panlex-20191001-csv/114#8053591>		"paqá"@tl	
"luku(n)"@ilu	<https://panlex.org/snapshot/panlex-20191001-csv/114#8053272>				<https://panlex.org/snapshot/panlex-20191001-csv/114#8053588>		"paa"@tl	
"luku(n)"@ilu	<https://panlex.org/snapshot/panlex-20191001-csv/114#8053272>				<https://panlex.org/snapshot/panlex-20191001-csv/114#8053589>		"binti"@tl	
"rara(n)"@ilu	<https://panlex.org/snapshot/panlex-20191001-csv/114#8063017>				<https://panlex.org/snapshot/panlex-20191001-csv/114#8063309>		"dugóq"@tl	
"rara(n)"@ilu	<https://panlex.org/snapshot/panlex-20191001-csv/114#8063017>				<https://panlex.org/snapshot/panlex-20191001-csv/114#8063308>		"dugo"@tl	
"wiri"@ilu	<https://panlex.org/snapshot/panlex-20191001-csv/114#8052318>				<https://panlex.org/snapshot/panlex-20191001-csv/114#8052584>		"kaliwáq"@tl	
"wiri"@ilu	<https://panlex.org/snapshot/panlex-20191001-csv/114#8052318>				<https://panlex.org/snapshot/panlex-20191001-csv/114#8052583>		"kaliwa"@tl	
"kapun"@ilu	<https://panlex.org/snapshot/panlex-20191001-csv/114#8058419>				<https://panlex.org/snapshot/panlex-20191001-csv/114#8058739>		"tiyán"@tl	
"kapun"@ilu	<https://panlex.org/snapshot/panlex-20191001-csv/114#8058419>				<https://panlex.org/snapshot/panlex-20191001-csv/114#8058738>		"tiyan"@tl	
"pas"@ilu	<https://panlex.org/snapshot/panlex-20191001-csv/114#8061016>				<https://panlex.org/snapshot/panlex-20191001-csv/114#8061277>		"amóy"@tl	
"pas"@ilu	<https://panlex.org/snapshot/panlex-20191001-csv/114#8061016>				<https://panlex.org/snapshot/panlex-20191001-csv/114#8061278>		"balikat"@tl	
"ate(n)"@ilu	<https://panlex.org/snapshot/panlex-20191001-csv/114#8059936>				<https://panlex.org/snapshot/panlex-20191001-csv/114#8060211>		"atáy"@tl	
"ate(n)"@ilu	<https://panlex.org/snapshot/panlex-20191001-csv/114#8059936>				<https://panlex.org/snapshot/panlex-20191001-csv/114#8060210>		"atay"@tl	
