"lua-"@mte	<https://panlex.org/snapshot/panlex-20191001-csv/114#8064238>				<https://panlex.org/snapshot/panlex-20191001-csv/114#8064323>		"kubi"@ryn	
"arɔ-"@mte	<https://panlex.org/snapshot/panlex-20191001-csv/114#8058039>				<https://panlex.org/snapshot/panlex-20191001-csv/114#8058123>		"xusi"@ryn	
"leu-"@mte	<https://panlex.org/snapshot/panlex-20191001-csv/114#8065336>				<https://panlex.org/snapshot/panlex-20191001-csv/114#8065423>		"hana"@ryn	
"poʔa"@mte	<https://panlex.org/snapshot/panlex-20191001-csv/114#8054531>				<https://panlex.org/snapshot/panlex-20191001-csv/114#8054617>		"mici"@ryn	
"toto-"@mte	<https://panlex.org/snapshot/panlex-20191001-csv/114#8053422>				<https://panlex.org/snapshot/panlex-20191001-csv/114#8053518>		"hagi"@ryn	
"laoma"@mte	<https://panlex.org/snapshot/panlex-20191001-csv/114#8055034>				<https://panlex.org/snapshot/panlex-20191001-csv/114#8055122>		"xuri"@ryn	
"ataeŋ"@mte	<https://panlex.org/snapshot/panlex-20191001-csv/114#8061664>				<https://panlex.org/snapshot/panlex-20191001-csv/114#8061757>		"siçj"@ryn	
"meata-"@mte	<https://panlex.org/snapshot/panlex-20191001-csv/114#8067888>				<https://panlex.org/snapshot/panlex-20191001-csv/114#8067972>		"sïba"@ryn	
"eto"@mte	<https://panlex.org/snapshot/panlex-20191001-csv/114#8055529>				<https://panlex.org/snapshot/panlex-20191001-csv/114#8055620>		"magu"@ryn	
