"ǀʼeː"@nmn	<https://panlex.org/snapshot/panlex-20191001-csv/3975#51726242>				<https://panlex.org/snapshot/panlex-20191001-csv/3975#51726245>		"hˌon-ˈi"@nmu	
"ǀǀxauu"@nmn	<https://panlex.org/snapshot/panlex-20191001-csv/3975#51721738>				<https://panlex.org/snapshot/panlex-20191001-csv/3975#51721740>		"seɗˈe"@nmu	
"tVːʔV"@nmn	<https://panlex.org/snapshot/panlex-20191001-csv/3975#51732908>				<https://panlex.org/snapshot/panlex-20191001-csv/3975#51732913>		"ʔunˈi"@nmu	
"tuː"@nmn	<https://panlex.org/snapshot/panlex-20191001-csv/3975#51727286>				<https://panlex.org/snapshot/panlex-20191001-csv/3975#51727292>		"wo-wˈo-kinu-"@nmu	
"ǀǀáli"@nmn	<https://panlex.org/snapshot/panlex-20191001-csv/3975#51727976>				<https://panlex.org/snapshot/panlex-20191001-csv/3975#51727982>		"pˈi"@nmu	
"sé"@nmn	<https://panlex.org/snapshot/panlex-20191001-csv/3975#51722719>				<https://panlex.org/snapshot/panlex-20191001-csv/3975#51722722>		"ʔɨ=yˈe-"@nmu	
"kxãː"@nmn	<https://panlex.org/snapshot/panlex-20191001-csv/3975#51723206>				<https://panlex.org/snapshot/panlex-20191001-csv/3975#51723209>		"mo-"@nmu	
"ǀʼʌm-te"@nmn	<https://panlex.org/snapshot/panlex-20191001-csv/3975#51722292>				<https://panlex.org/snapshot/panlex-20191001-csv/3975#51722296>		"ɓˌiȶʼ-ˈi"@nmu	
"sa"@nmn	<https://panlex.org/snapshot/panlex-20191001-csv/3975#51722714>				<https://panlex.org/snapshot/panlex-20191001-csv/3975#51722722>		"ʔɨ=yˈe-"@nmu	
"sa"@nmn	<https://panlex.org/snapshot/panlex-20191001-csv/3975#51733826>				<https://panlex.org/snapshot/panlex-20191001-csv/3975#51733833>		"ʔɨ=kʼˈoy-"@nmu	
"ǀüma"@nmn	<https://panlex.org/snapshot/panlex-20191001-csv/3975#51726997>				<https://panlex.org/snapshot/panlex-20191001-csv/3975#51726998>		"mˈak-kit-"@nmu	
"ti"@nmn	<https://panlex.org/snapshot/panlex-20191001-csv/3975#51732910>				<https://panlex.org/snapshot/panlex-20191001-csv/3975#51732913>		"ʔunˈi"@nmu	
"ši=ɡǀǀu"@nmn	<https://panlex.org/snapshot/panlex-20191001-csv/3975#51721317>				<https://panlex.org/snapshot/panlex-20191001-csv/3975#51721321>		"kʼˈut-tʼɨtʼˌɨ"@nmu	
"ci"@nmn	<https://panlex.org/snapshot/panlex-20191001-csv/3975#51734334>				<https://panlex.org/snapshot/panlex-20191001-csv/3975#51734339>		"nˌi-sˈe"@nmu	
"n=ǀxaŋ"@nmn	<https://panlex.org/snapshot/panlex-20191001-csv/3975#51725786>				<https://panlex.org/snapshot/panlex-20191001-csv/3975#51725787>		"mˈa"@nmu	
"ǀẽn"@nmn	<https://panlex.org/snapshot/panlex-20191001-csv/3975#51728692>				<https://panlex.org/snapshot/panlex-20191001-csv/3975#51728695>		"ya"@nmu	
"ǀẽn"@nmn	<https://panlex.org/snapshot/panlex-20191001-csv/3975#51728692>				<https://panlex.org/snapshot/panlex-20191001-csv/3975#51728694>		"yˈa"@nmu	
"ɳʘoi"@nmn	<https://panlex.org/snapshot/panlex-20191001-csv/3975#51733509>				<https://panlex.org/snapshot/panlex-20191001-csv/3975#51733514>		"ȶʼˈa"@nmu	
"ǀǀxwá"@nmn	<https://panlex.org/snapshot/panlex-20191001-csv/3975#51734650>				<https://panlex.org/snapshot/panlex-20191001-csv/3975#51734652>		"ɗˈal=ɗˌal"@nmu	
"qã́ĩ"@nmn	<https://panlex.org/snapshot/panlex-20191001-csv/3975#51725371>				<https://panlex.org/snapshot/panlex-20191001-csv/3975#51725373>		"yahˈa"@nmu	
"qã́ĩ"@nmn	<https://panlex.org/snapshot/panlex-20191001-csv/3975#51725371>				<https://panlex.org/snapshot/panlex-20191001-csv/3975#51725374>		"yˈa"@nmu	
"ɳǀwe"@nmn	<https://panlex.org/snapshot/panlex-20191001-csv/3975#51729114>				<https://panlex.org/snapshot/panlex-20191001-csv/3975#51729118>		"pˈo"@nmu	
"biː"@nmn	<https://panlex.org/snapshot/panlex-20191001-csv/3975#51727840>				<https://panlex.org/snapshot/panlex-20191001-csv/3975#51727841>		"yˌepʼ-ˈi"@nmu	
"ckxâye"@nmn	<https://panlex.org/snapshot/panlex-20191001-csv/3975#51731754>				<https://panlex.org/snapshot/panlex-20191001-csv/3975#51731758>		"sˌukʼ-ˈu"@nmu	
"ɳʘṵ̃́ː"@nmn	<https://panlex.org/snapshot/panlex-20191001-csv/3975#51727695>				<https://panlex.org/snapshot/panlex-20191001-csv/3975#51727696>		"ɗˈi"@nmu	
"ǀɛ̃́ː"@nmn	<https://panlex.org/snapshot/panlex-20191001-csv/3975#51734961>				<https://panlex.org/snapshot/panlex-20191001-csv/3975#51734963>		"kɨlˈe"@nmu	
"dau"@nmn	<https://panlex.org/snapshot/panlex-20191001-csv/3975#51730178>				<https://panlex.org/snapshot/panlex-20191001-csv/3975#51730179>		"ɓˈo"@nmu	
"ɳǀu-ča"@nmn	<https://panlex.org/snapshot/panlex-20191001-csv/3975#51729269>				<https://panlex.org/snapshot/panlex-20191001-csv/3975#51729274>		"hˈi-kɨ"@nmu	
"ʒá̰ba-tá"@nmn	<https://panlex.org/snapshot/panlex-20191001-csv/3975#51736038>				<https://panlex.org/snapshot/panlex-20191001-csv/3975#51736041>		"tʼˈot=tʼˌot"@nmu	
"ǀǀʼe"@nmn	<https://panlex.org/snapshot/panlex-20191001-csv/3975#51733829>				<https://panlex.org/snapshot/panlex-20191001-csv/3975#51733833>		"ʔɨ=kʼˈoy-"@nmu	
"de"@nmn	<https://panlex.org/snapshot/panlex-20191001-csv/3975#51727839>				<https://panlex.org/snapshot/panlex-20191001-csv/3975#51727841>		"yˌepʼ-ˈi"@nmu	
"gʸàː=a"@nmn	<https://panlex.org/snapshot/panlex-20191001-csv/3975#51733054>				<https://panlex.org/snapshot/panlex-20191001-csv/3975#51733055>		"mˈi"@nmu	
"ǀV … èʰ"@nmn	<https://panlex.org/snapshot/panlex-20191001-csv/3975#51734514>				<https://panlex.org/snapshot/panlex-20191001-csv/3975#51734517>		"hˌes-ˈi"@nmu	
"ǀV … èʰ"@nmn	<https://panlex.org/snapshot/panlex-20191001-csv/3975#51734788>				<https://panlex.org/snapshot/panlex-20191001-csv/3975#51734791>		"homˈo-ni"@nmu	
"coo"@nmn	<https://panlex.org/snapshot/panlex-20191001-csv/3975#51724107>				<https://panlex.org/snapshot/panlex-20191001-csv/3975#51724109>		"hˌin-ˈi"@nmu	
"ʘwe"@nmn	<https://panlex.org/snapshot/panlex-20191001-csv/3975#51728131>				<https://panlex.org/snapshot/panlex-20191001-csv/3975#51728137>		"sˌɨm-ˈi"@nmu	
"kûbi"@nmn	<https://panlex.org/snapshot/panlex-20191001-csv/3975#51733997>				<https://panlex.org/snapshot/panlex-20191001-csv/3975#51734000>		"pʼi-lˈis"@nmu	
"kʰáá"@nmn	<https://panlex.org/snapshot/panlex-20191001-csv/3975#51734136>				<https://panlex.org/snapshot/panlex-20191001-csv/3975#51734139>		"mˌo-m-ˈi"@nmu	
"ǀǀwẽ̀-ǀǀwẽ̀"@nmn	<https://panlex.org/snapshot/panlex-20191001-csv/3975#51726855>				<https://panlex.org/snapshot/panlex-20191001-csv/3975#51726856>		"pokʼˈos-i"@nmu	
"ǂkxûm"@nmn	<https://panlex.org/snapshot/panlex-20191001-csv/3975#51730539>				<https://panlex.org/snapshot/panlex-20191001-csv/3975#51730542>		"ɓɨmˈɨk-ɨ"@nmu	
"ǂkxûm"@nmn	<https://panlex.org/snapshot/panlex-20191001-csv/3975#51723638>				<https://panlex.org/snapshot/panlex-20191001-csv/3975#51723641>		"kʼˌaw-ˈi"@nmu	
"úːši"@nmn	<https://panlex.org/snapshot/panlex-20191001-csv/3975#51721166>				<https://panlex.org/snapshot/panlex-20191001-csv/3975#51721168>		"tetˈe"@nmu	
"tâː=à̰ː"@nmn	<https://panlex.org/snapshot/panlex-20191001-csv/3975#51727833>				<https://panlex.org/snapshot/panlex-20191001-csv/3975#51727841>		"yˌepʼ-ˈi"@nmu	
"ɳǀǀaːlu"@nmn	<https://panlex.org/snapshot/panlex-20191001-csv/3975#51731756>				<https://panlex.org/snapshot/panlex-20191001-csv/3975#51731758>		"sˌukʼ-ˈu"@nmu	
"ɡǂum"@nmn	<https://panlex.org/snapshot/panlex-20191001-csv/3975#51730541>				<https://panlex.org/snapshot/panlex-20191001-csv/3975#51730542>		"ɓɨmˈɨk-ɨ"@nmu	
"ǂʰǎŋ"@nmn	<https://panlex.org/snapshot/panlex-20191001-csv/3975#51723046>				<https://panlex.org/snapshot/panlex-20191001-csv/3975#51723047>		"sˈɨ"@nmu	
"dau"@nmn	<https://panlex.org/snapshot/panlex-20191001-csv/3975#51730177>				<https://panlex.org/snapshot/panlex-20191001-csv/3975#51730179>		"ɓˈo"@nmu	
"ǀɛn"@nmn	<https://panlex.org/snapshot/panlex-20191001-csv/3975#51732338>				<https://panlex.org/snapshot/panlex-20191001-csv/3975#51732340>		"pˌokʼ-ˈo"@nmu	
"tâː"@nmn	<https://panlex.org/snapshot/panlex-20191001-csv/3975#51729747>				<https://panlex.org/snapshot/panlex-20191001-csv/3975#51729753>		"mˈayɗɨ"@nmu	
"kúli"@nmn	<https://panlex.org/snapshot/panlex-20191001-csv/3975#51736431>				<https://panlex.org/snapshot/panlex-20191001-csv/3975#51736433>		"kʼˈoɗoy"@nmu	
"kúli"@nmn	<https://panlex.org/snapshot/panlex-20191001-csv/3975#51736431>				<https://panlex.org/snapshot/panlex-20191001-csv/3975#51736432>		"kʼˈoɗo"@nmu	
"sîː"@nmn	<https://panlex.org/snapshot/panlex-20191001-csv/3975#51722711>				<https://panlex.org/snapshot/panlex-20191001-csv/3975#51722722>		"ʔɨ=yˈe-"@nmu	
"na"@nmn	<https://panlex.org/snapshot/panlex-20191001-csv/3975#51726542>				<https://panlex.org/snapshot/panlex-20191001-csv/3975#51726548>		"nˈi"@nmu	
"ha"@nmn	<https://panlex.org/snapshot/panlex-20191001-csv/3975#51732760>				<https://panlex.org/snapshot/panlex-20191001-csv/3975#51732764>		"ʔˌan-ˈi"@nmu	
"kxeː"@nmn	<https://panlex.org/snapshot/panlex-20191001-csv/3975#51723202>				<https://panlex.org/snapshot/panlex-20191001-csv/3975#51723209>		"mo-"@nmu	
"ɡǀà̰i"@nmn	<https://panlex.org/snapshot/panlex-20191001-csv/3975#51725494>				<https://panlex.org/snapshot/panlex-20191001-csv/3975#51725497>		"tˈit=tˌit"@nmu	
"ʘwi"@nmn	<https://panlex.org/snapshot/panlex-20191001-csv/3975#51728135>				<https://panlex.org/snapshot/panlex-20191001-csv/3975#51728137>		"sˌɨm-ˈi"@nmu	
"ǀʼōla"@nmn	<https://panlex.org/snapshot/panlex-20191001-csv/3975#51725073>				<https://panlex.org/snapshot/panlex-20191001-csv/3975#51725075>		"ʔopʼˈit-pe"@nmu	
"ǀʰóo"@nmn	<https://panlex.org/snapshot/panlex-20191001-csv/3975#51725637>				<https://panlex.org/snapshot/panlex-20191001-csv/3975#51725639>		"ɓutˈu"@nmu	
"tʸa"@nmn	<https://panlex.org/snapshot/panlex-20191001-csv/3975#51729437>				<https://panlex.org/snapshot/panlex-20191001-csv/3975#51729438>		"=men-"@nmu	
"kɑ̀"@nmn	<https://panlex.org/snapshot/panlex-20191001-csv/3975#51734138>				<https://panlex.org/snapshot/panlex-20191001-csv/3975#51734139>		"mˌo-m-ˈi"@nmu	
"ǂuː"@nmn	<https://panlex.org/snapshot/panlex-20191001-csv/3975#51728546>				<https://panlex.org/snapshot/panlex-20191001-csv/3975#51728548>		"sˌim-ˈi"@nmu	
"ǀanya"@nmn	<https://panlex.org/snapshot/panlex-20191001-csv/3975#51730036>				<https://panlex.org/snapshot/panlex-20191001-csv/3975#51730039>		"lˈak=lˌak-pe"@nmu	
"ǀǀʼʌn-te pl."@nmn	<https://panlex.org/snapshot/panlex-20191001-csv/3975#51733364>				<https://panlex.org/snapshot/panlex-20191001-csv/3975#51733367>		"ȶʼˌikʼ-ˈi"@nmu	
"ǀʼi"@nmn	<https://panlex.org/snapshot/panlex-20191001-csv/3975#51732339>				<https://panlex.org/snapshot/panlex-20191001-csv/3975#51732340>		"pˌokʼ-ˈo"@nmu	
"kxa"@nmn	<https://panlex.org/snapshot/panlex-20191001-csv/3975#51723208>				<https://panlex.org/snapshot/panlex-20191001-csv/3975#51723209>		"mo-"@nmu	
"ǀá"@nmn	<https://panlex.org/snapshot/panlex-20191001-csv/3975#51722157>				<https://panlex.org/snapshot/panlex-20191001-csv/3975#51722159>		"tˈɨ-ti-"@nmu	
"tVʔV"@nmn	<https://panlex.org/snapshot/panlex-20191001-csv/3975#51732757>				<https://panlex.org/snapshot/panlex-20191001-csv/3975#51732764>		"ʔˌan-ˈi"@nmu	
"ko"@nmn	<https://panlex.org/snapshot/panlex-20191001-csv/3975#51730695>				<https://panlex.org/snapshot/panlex-20191001-csv/3975#51730698>		"ʔa-"@nmu	
"ǀǀkʼa"@nmn	<https://panlex.org/snapshot/panlex-20191001-csv/3975#51729429>				<https://panlex.org/snapshot/panlex-20191001-csv/3975#51729438>		"=men-"@nmu	
"tâː=qáe"@nmn	<https://panlex.org/snapshot/panlex-20191001-csv/3975#51734957>				<https://panlex.org/snapshot/panlex-20191001-csv/3975#51734963>		"kɨlˈe"@nmu	
"ɡǂi"@nmn	<https://panlex.org/snapshot/panlex-20191001-csv/3975#51723043>				<https://panlex.org/snapshot/panlex-20191001-csv/3975#51723047>		"sˈɨ"@nmu	
"ǀǀõ"@nmn	<https://panlex.org/snapshot/panlex-20191001-csv/3975#51731890>				<https://panlex.org/snapshot/panlex-20191001-csv/3975#51731896>		"tˈɨs-woyˌe-"@nmu	
"cʼiː"@nmn	<https://panlex.org/snapshot/panlex-20191001-csv/3975#51721457>				<https://panlex.org/snapshot/panlex-20191001-csv/3975#51721458>		"ɗˈo-"@nmu	
"cʼi"@nmn	<https://panlex.org/snapshot/panlex-20191001-csv/3975#51722721>				<https://panlex.org/snapshot/panlex-20191001-csv/3975#51722722>		"ʔɨ=yˈe-"@nmu	
"cʼi"@nmn	<https://panlex.org/snapshot/panlex-20191001-csv/3975#51731154>				<https://panlex.org/snapshot/panlex-20191001-csv/3975#51731155>		"ɓɨ-ɗˈoy-"@nmu	
"tòa"@nmn	<https://panlex.org/snapshot/panlex-20191001-csv/3975#51727291>				<https://panlex.org/snapshot/panlex-20191001-csv/3975#51727292>		"wo-wˈo-kinu-"@nmu	
"háru"@nmn	<https://panlex.org/snapshot/panlex-20191001-csv/3975#51735228>				<https://panlex.org/snapshot/panlex-20191001-csv/3975#51735229>		"haɗˈa-ɗi"@nmu	
"ʒã̰̄ĩ̄ʰ"@nmn	<https://panlex.org/snapshot/panlex-20191001-csv/3975#51724805>				<https://panlex.org/snapshot/panlex-20191001-csv/3975#51724809>		"kˈay-"@nmu	
"ǂʼāba"@nmn	<https://panlex.org/snapshot/panlex-20191001-csv/3975#51735758>				<https://panlex.org/snapshot/panlex-20191001-csv/3975#51735764>		"tʼˈes"@nmu	
"ɡǀona"@nmn	<https://panlex.org/snapshot/panlex-20191001-csv/3975#51731606>				<https://panlex.org/snapshot/panlex-20191001-csv/3975#51731610>		"tiɓˈi"@nmu	
"ʘʼaː"@nmn	<https://panlex.org/snapshot/panlex-20191001-csv/3975#51733510>				<https://panlex.org/snapshot/panlex-20191001-csv/3975#51733514>		"ȶʼˈa"@nmu	
"ǀɔnu"@nmn	<https://panlex.org/snapshot/panlex-20191001-csv/3975#51722293>				<https://panlex.org/snapshot/panlex-20191001-csv/3975#51722296>		"ɓˌiȶʼ-ˈi"@nmu	
"laː"@nmn	<https://panlex.org/snapshot/panlex-20191001-csv/3975#51727836>				<https://panlex.org/snapshot/panlex-20191001-csv/3975#51727841>		"yˌepʼ-ˈi"@nmu	
"ɳǀu-ša"@nmn	<https://panlex.org/snapshot/panlex-20191001-csv/3975#51729271>				<https://panlex.org/snapshot/panlex-20191001-csv/3975#51729274>		"hˈi-kɨ"@nmu	
"ǂáʔɲa"@nmn	<https://panlex.org/snapshot/panlex-20191001-csv/3975#51721590>				<https://panlex.org/snapshot/panlex-20191001-csv/3975#51721594>		"sˈiw=sˌiw"@nmu	
"ǀǀár̃i"@nmn	<https://panlex.org/snapshot/panlex-20191001-csv/3975#51727981>				<https://panlex.org/snapshot/panlex-20191001-csv/3975#51727982>		"pˈi"@nmu	
"ɡǀāna"@nmn	<https://panlex.org/snapshot/panlex-20191001-csv/3975#51727134>				<https://panlex.org/snapshot/panlex-20191001-csv/3975#51727137>		"ɓotˈo"@nmu	
"tṵ̀m"@nmn	<https://panlex.org/snapshot/panlex-20191001-csv/3975#51731307>				<https://panlex.org/snapshot/panlex-20191001-csv/3975#51731313>		"po-sˈal-i"@nmu	
"tṵ̀m"@nmn	<https://panlex.org/snapshot/panlex-20191001-csv/3975#51731307>				<https://panlex.org/snapshot/panlex-20191001-csv/3975#51731312>		"po-sˈala"@nmu	
"ǀǀwaː"@nmn	<https://panlex.org/snapshot/panlex-20191001-csv/3975#51723951>				<https://panlex.org/snapshot/panlex-20191001-csv/3975#51723953>		"pˈak=pak-ˌa"@nmu	
"ǀǀári"@nmn	<https://panlex.org/snapshot/panlex-20191001-csv/3975#51727978>				<https://panlex.org/snapshot/panlex-20191001-csv/3975#51727982>		"pˈi"@nmu	
"ʘwõĩ"@nmn	<https://panlex.org/snapshot/panlex-20191001-csv/3975#51731459>				<https://panlex.org/snapshot/panlex-20191001-csv/3975#51731464>		"tˈuy-"@nmu	
"ɳǀaː"@nmn	<https://panlex.org/snapshot/panlex-20191001-csv/3975#51730865>				<https://panlex.org/snapshot/panlex-20191001-csv/3975#51730869>		"ȶʼe-"@nmu	
"ǀãũ"@nmn	<https://panlex.org/snapshot/panlex-20191001-csv/3975#51732604>				<https://panlex.org/snapshot/panlex-20191001-csv/3975#51732609>		"ɓˌuk-ˈu"@nmu	
"i=ǀáː-a"@nmn	<https://panlex.org/snapshot/panlex-20191001-csv/3975#51732608>				<https://panlex.org/snapshot/panlex-20191001-csv/3975#51732609>		"ɓˌuk-ˈu"@nmu	
"ʘwa-ai"@nmn	<https://panlex.org/snapshot/panlex-20191001-csv/3975#51731463>				<https://panlex.org/snapshot/panlex-20191001-csv/3975#51731464>		"tˈuy-"@nmu	
"ɳǀi"@nmn	<https://panlex.org/snapshot/panlex-20191001-csv/3975#51725217>				<https://panlex.org/snapshot/panlex-20191001-csv/3975#51725223>		"mˈey-"@nmu	
"ʘʼáː"@nmn	<https://panlex.org/snapshot/panlex-20191001-csv/3975#51722156>				<https://panlex.org/snapshot/panlex-20191001-csv/3975#51722159>		"tˈɨ-ti-"@nmu	
"sã"@nmn	<https://panlex.org/snapshot/panlex-20191001-csv/3975#51731151>				<https://panlex.org/snapshot/panlex-20191001-csv/3975#51731155>		"ɓɨ-ɗˈoy-"@nmu	
"ǀǀwãi-si"@nmn	<https://panlex.org/snapshot/panlex-20191001-csv/3975#51735762>				<https://panlex.org/snapshot/panlex-20191001-csv/3975#51735764>		"tʼˈes"@nmu	
"ǀǀwana-te"@nmn	<https://panlex.org/snapshot/panlex-20191001-csv/3975#51732034>				<https://panlex.org/snapshot/panlex-20191001-csv/3975#51732037>		"lɨlˈɨ"@nmu	
"ɔ̂-si"@nmn	<https://panlex.org/snapshot/panlex-20191001-csv/3975#51721167>				<https://panlex.org/snapshot/panlex-20191001-csv/3975#51721168>		"tetˈe"@nmu	
"si"@nmn	<https://panlex.org/snapshot/panlex-20191001-csv/3975#51734330>				<https://panlex.org/snapshot/panlex-20191001-csv/3975#51734339>		"nˌi-sˈe"@nmu	
"si"@nmn	<https://panlex.org/snapshot/panlex-20191001-csv/3975#51722716>				<https://panlex.org/snapshot/panlex-20191001-csv/3975#51722722>		"ʔɨ=yˈe-"@nmu	
"ɳǀǀum"@nmn	<https://panlex.org/snapshot/panlex-20191001-csv/3975#51733669>				<https://panlex.org/snapshot/panlex-20191001-csv/3975#51733672>		"pˈene"@nmu	
"e"@nmn	<https://panlex.org/snapshot/panlex-20191001-csv/3975#51734336>				<https://panlex.org/snapshot/panlex-20191001-csv/3975#51734339>		"nˌi-sˈe"@nmu	
"ɳʘoeː"@nmn	<https://panlex.org/snapshot/panlex-20191001-csv/3975#51733508>				<https://panlex.org/snapshot/panlex-20191001-csv/3975#51733514>		"ȶʼˈa"@nmu	
"ǀǀkxwĩ"@nmn	<https://panlex.org/snapshot/panlex-20191001-csv/3975#51724105>				<https://panlex.org/snapshot/panlex-20191001-csv/3975#51724109>		"hˌin-ˈi"@nmu	
"kʰái"@nmn	<https://panlex.org/snapshot/panlex-20191001-csv/3975#51734137>				<https://panlex.org/snapshot/panlex-20191001-csv/3975#51734139>		"mˌo-m-ˈi"@nmu	
"kxã̄ːʰ"@nmn	<https://panlex.org/snapshot/panlex-20191001-csv/3975#51723199>				<https://panlex.org/snapshot/panlex-20191001-csv/3975#51723209>		"mo-"@nmu	
"ǀǀari"@nmn	<https://panlex.org/snapshot/panlex-20191001-csv/3975#51727977>				<https://panlex.org/snapshot/panlex-20191001-csv/3975#51727982>		"pˈi"@nmu	
"ɡǀǀàu"@nmn	<https://panlex.org/snapshot/panlex-20191001-csv/3975#51729115>				<https://panlex.org/snapshot/panlex-20191001-csv/3975#51729118>		"pˈo"@nmu	
"ǀǀṵ́a"@nmn	<https://panlex.org/snapshot/panlex-20191001-csv/3975#51723352>				<https://panlex.org/snapshot/panlex-20191001-csv/3975#51723354>		"pʼi=kʼˈal"@nmu	
"ǂqʰùe"@nmn	<https://panlex.org/snapshot/panlex-20191001-csv/3975#51736185>				<https://panlex.org/snapshot/panlex-20191001-csv/3975#51736192>		"ɓˈɨ-wo"@nmu	
"bɛ"@nmn	<https://panlex.org/snapshot/panlex-20191001-csv/3975#51727837>				<https://panlex.org/snapshot/panlex-20191001-csv/3975#51727841>		"yˌepʼ-ˈi"@nmu	
"n"@nmn	<https://panlex.org/snapshot/panlex-20191001-csv/3975#51726543>				<https://panlex.org/snapshot/panlex-20191001-csv/3975#51726548>		"nˈi"@nmu	
"a"@nmn	<https://panlex.org/snapshot/panlex-20191001-csv/3975#51732911>				<https://panlex.org/snapshot/panlex-20191001-csv/3975#51732913>		"ʔunˈi"@nmu	
"a"@nmn	<https://panlex.org/snapshot/panlex-20191001-csv/3975#51725218>				<https://panlex.org/snapshot/panlex-20191001-csv/3975#51725223>		"mˈey-"@nmu	
"a"@nmn	<https://panlex.org/snapshot/panlex-20191001-csv/3975#51733053>				<https://panlex.org/snapshot/panlex-20191001-csv/3975#51733055>		"mˈi"@nmu	
"ku-ka"@nmn	<https://panlex.org/snapshot/panlex-20191001-csv/3975#51720631>				<https://panlex.org/snapshot/panlex-20191001-csv/3975#51720634>		"ʔɨpˈe-kʼan-ˌi"@nmu	
"ci"@nmn	<https://panlex.org/snapshot/panlex-20191001-csv/3975#51734337>				<https://panlex.org/snapshot/panlex-20191001-csv/3975#51734339>		"nˌi-sˈe"@nmu	
"a"@nmn	<https://panlex.org/snapshot/panlex-20191001-csv/3975#51733050>				<https://panlex.org/snapshot/panlex-20191001-csv/3975#51733055>		"mˈi"@nmu	
"ǀkxa"@nmn	<https://panlex.org/snapshot/panlex-20191001-csv/3975#51725782>				<https://panlex.org/snapshot/panlex-20191001-csv/3975#51725787>		"mˈa"@nmu	
"ǀkxa"@nmn	<https://panlex.org/snapshot/panlex-20191001-csv/3975#51721591>				<https://panlex.org/snapshot/panlex-20191001-csv/3975#51721594>		"sˈiw=sˌiw"@nmu	
"ǀkxan"@nmn	<https://panlex.org/snapshot/panlex-20191001-csv/3975#51725785>				<https://panlex.org/snapshot/panlex-20191001-csv/3975#51725787>		"mˈa"@nmu	
"ɳǂûm"@nmn	<https://panlex.org/snapshot/panlex-20191001-csv/3975#51733668>				<https://panlex.org/snapshot/panlex-20191001-csv/3975#51733672>		"pˈene"@nmu	
"si=ǀóu"@nmn	<https://panlex.org/snapshot/panlex-20191001-csv/3975#51721318>				<https://panlex.org/snapshot/panlex-20191001-csv/3975#51721321>		"kʼˈut-tʼɨtʼˌɨ"@nmu	
"ǀǀai"@nmn	<https://panlex.org/snapshot/panlex-20191001-csv/3975#51729431>				<https://panlex.org/snapshot/panlex-20191001-csv/3975#51729438>		"=men-"@nmu	
"gú-le"@nmn	<https://panlex.org/snapshot/panlex-20191001-csv/3975#51720905>				<https://panlex.org/snapshot/panlex-20191001-csv/3975#51720908>		"kapˈu-m-i"@nmu	
"ʘân"@nmn	<https://panlex.org/snapshot/panlex-20191001-csv/3975#51731458>				<https://panlex.org/snapshot/panlex-20191001-csv/3975#51731464>		"tˈuy-"@nmu	
"ǀǀʼana-te"@nmn	<https://panlex.org/snapshot/panlex-20191001-csv/3975#51732036>				<https://panlex.org/snapshot/panlex-20191001-csv/3975#51732037>		"lɨlˈɨ"@nmu	
"ǂan"@nmn	<https://panlex.org/snapshot/panlex-20191001-csv/3975#51722016>				<https://panlex.org/snapshot/panlex-20191001-csv/3975#51722017>		"nanˈa"@nmu	
"ɳǀã̂"@nmn	<https://panlex.org/snapshot/panlex-20191001-csv/3975#51730860>				<https://panlex.org/snapshot/panlex-20191001-csv/3975#51730869>		"ȶʼe-"@nmu	
"ǀɔ̃-si"@nmn	<https://panlex.org/snapshot/panlex-20191001-csv/3975#51735763>				<https://panlex.org/snapshot/panlex-20191001-csv/3975#51735764>		"tʼˈes"@nmu	
"tûː"@nmn	<https://panlex.org/snapshot/panlex-20191001-csv/3975#51727285>				<https://panlex.org/snapshot/panlex-20191001-csv/3975#51727292>		"wo-wˈo-kinu-"@nmu	
"ǀʼã́-si"@nmn	<https://panlex.org/snapshot/panlex-20191001-csv/3975#51727566>				<https://panlex.org/snapshot/panlex-20191001-csv/3975#51727567>		"lˈam-pe"@nmu	
"sa"@nmn	<https://panlex.org/snapshot/panlex-20191001-csv/3975#51734789>				<https://panlex.org/snapshot/panlex-20191001-csv/3975#51734791>		"homˈo-ni"@nmu	
"sa"@nmn	<https://panlex.org/snapshot/panlex-20191001-csv/3975#51722718>				<https://panlex.org/snapshot/panlex-20191001-csv/3975#51722722>		"ʔɨ=yˈe-"@nmu	
"sã̂ʔã"@nmn	<https://panlex.org/snapshot/panlex-20191001-csv/3975#51730998>				<https://panlex.org/snapshot/panlex-20191001-csv/3975#51731000>		"kʼˌom-ˈi"@nmu	
"ɳǀu"@nmn	<https://panlex.org/snapshot/panlex-20191001-csv/3975#51729268>				<https://panlex.org/snapshot/panlex-20191001-csv/3975#51729274>		"hˈi-kɨ"@nmu	
"tánʔǹ"@nmn	<https://panlex.org/snapshot/panlex-20191001-csv/3975#51732909>				<https://panlex.org/snapshot/panlex-20191001-csv/3975#51732913>		"ʔunˈi"@nmu	
"ǀǀʰweː"@nmn	<https://panlex.org/snapshot/panlex-20191001-csv/3975#51736186>				<https://panlex.org/snapshot/panlex-20191001-csv/3975#51736192>		"ɓˈɨ-wo"@nmu	
"ɡǀu"@nmn	<https://panlex.org/snapshot/panlex-20191001-csv/3975#51722015>				<https://panlex.org/snapshot/panlex-20191001-csv/3975#51722017>		"nanˈa"@nmu	
"ǀǀɔː"@nmn	<https://panlex.org/snapshot/panlex-20191001-csv/3975#51736039>				<https://panlex.org/snapshot/panlex-20191001-csv/3975#51736041>		"tʼˈot=tʼˌot"@nmu	
"ɡǀǀâʔle"@nmn	<https://panlex.org/snapshot/panlex-20191001-csv/3975#51735492>				<https://panlex.org/snapshot/panlex-20191001-csv/3975#51735493>		"heɗˈen"@nmu	
"ʘweː"@nmn	<https://panlex.org/snapshot/panlex-20191001-csv/3975#51728132>				<https://panlex.org/snapshot/panlex-20191001-csv/3975#51728137>		"sˌɨm-ˈi"@nmu	
"ʘwe"@nmn	<https://panlex.org/snapshot/panlex-20191001-csv/3975#51728134>				<https://panlex.org/snapshot/panlex-20191001-csv/3975#51728137>		"sˌɨm-ˈi"@nmu	
"ǀǀʼaba"@nmn	<https://panlex.org/snapshot/panlex-20191001-csv/3975#51735760>				<https://panlex.org/snapshot/panlex-20191001-csv/3975#51735764>		"tʼˈes"@nmu	
"a"@nmn	<https://panlex.org/snapshot/panlex-20191001-csv/3975#51733051>				<https://panlex.org/snapshot/panlex-20191001-csv/3975#51733055>		"mˈi"@nmu	
"ŋ"@nmn	<https://panlex.org/snapshot/panlex-20191001-csv/3975#51726540>				<https://panlex.org/snapshot/panlex-20191001-csv/3975#51726548>		"nˈi"@nmu	
"īʰ"@nmn	<https://panlex.org/snapshot/panlex-20191001-csv/3975#51734322>				<https://panlex.org/snapshot/panlex-20191001-csv/3975#51734339>		"nˌi-sˈe"@nmu	
"ɡǀqʰũ̀ã"@nmn	<https://panlex.org/snapshot/panlex-20191001-csv/3975#51724378>				<https://panlex.org/snapshot/panlex-20191001-csv/3975#51724381>		"yˈe"@nmu	
"ɡǀqʰũ̀ã"@nmn	<https://panlex.org/snapshot/panlex-20191001-csv/3975#51725632>				<https://panlex.org/snapshot/panlex-20191001-csv/3975#51725639>		"ɓutˈu"@nmu	
"ku-ka̰ː"@nmn	<https://panlex.org/snapshot/panlex-20191001-csv/3975#51720630>				<https://panlex.org/snapshot/panlex-20191001-csv/3975#51720634>		"ʔɨpˈe-kʼan-ˌi"@nmu	
"ǂólo"@nmn	<https://panlex.org/snapshot/panlex-20191001-csv/3975#51730176>				<https://panlex.org/snapshot/panlex-20191001-csv/3975#51730179>		"ɓˈo"@nmu	
"ǀǀʼẽː"@nmn	<https://panlex.org/snapshot/panlex-20191001-csv/3975#51732336>				<https://panlex.org/snapshot/panlex-20191001-csv/3975#51732340>		"pˌokʼ-ˈo"@nmu	
"ɡǀǀàʔm"@nmn	<https://panlex.org/snapshot/panlex-20191001-csv/3975#51722291>				<https://panlex.org/snapshot/panlex-20191001-csv/3975#51722296>		"ɓˌiȶʼ-ˈi"@nmu	
"m"@nmn	<https://panlex.org/snapshot/panlex-20191001-csv/3975#51726546>				<https://panlex.org/snapshot/panlex-20191001-csv/3975#51726548>		"nˈi"@nmu	
"ɳǀǀaːlu"@nmn	<https://panlex.org/snapshot/panlex-20191001-csv/3975#51731755>				<https://panlex.org/snapshot/panlex-20191001-csv/3975#51731758>		"sˌukʼ-ˈu"@nmu	
"ǀǀɔ"@nmn	<https://panlex.org/snapshot/panlex-20191001-csv/3975#51731311>				<https://panlex.org/snapshot/panlex-20191001-csv/3975#51731313>		"po-sˈal-i"@nmu	
"ǀǀɔ"@nmn	<https://panlex.org/snapshot/panlex-20191001-csv/3975#51731311>				<https://panlex.org/snapshot/panlex-20191001-csv/3975#51731312>		"po-sˈala"@nmu	
"kxa-u"@nmn	<https://panlex.org/snapshot/panlex-20191001-csv/3975#51723205>				<https://panlex.org/snapshot/panlex-20191001-csv/3975#51723209>		"mo-"@nmu	
"ɳǀʌŋ"@nmn	<https://panlex.org/snapshot/panlex-20191001-csv/3975#51725940>				<https://panlex.org/snapshot/panlex-20191001-csv/3975#51725944>		"ʔo-nˈo"@nmu	
"ǀʼã̀ː"@nmn	<https://panlex.org/snapshot/panlex-20191001-csv/3975#51724524>				<https://panlex.org/snapshot/panlex-20191001-csv/3975#51724530>		"sˈa"@nmu	
"qâi"@nmn	<https://panlex.org/snapshot/panlex-20191001-csv/3975#51726713>				<https://panlex.org/snapshot/panlex-20191001-csv/3975#51726716>		"wˈono-ti-"@nmu	
"ǀʰa"@nmn	<https://panlex.org/snapshot/panlex-20191001-csv/3975#51734515>				<https://panlex.org/snapshot/panlex-20191001-csv/3975#51734517>		"hˌes-ˈi"@nmu	
"ǀɛ̃́"@nmn	<https://panlex.org/snapshot/panlex-20191001-csv/3975#51732337>				<https://panlex.org/snapshot/panlex-20191001-csv/3975#51732340>		"pˌokʼ-ˈo"@nmu	
"ǀi"@nmn	<https://panlex.org/snapshot/panlex-20191001-csv/3975#51724529>				<https://panlex.org/snapshot/panlex-20191001-csv/3975#51724530>		"sˈa"@nmu	
"ǀi"@nmn	<https://panlex.org/snapshot/panlex-20191001-csv/3975#51734516>				<https://panlex.org/snapshot/panlex-20191001-csv/3975#51734517>		"hˌes-ˈi"@nmu	
"nʸái-si"@nmn	<https://panlex.org/snapshot/panlex-20191001-csv/3975#51731609>				<https://panlex.org/snapshot/panlex-20191001-csv/3975#51731610>		"tiɓˈi"@nmu	
"ǂŋ́-kʼa"@nmn	<https://panlex.org/snapshot/panlex-20191001-csv/3975#51729602>				<https://panlex.org/snapshot/panlex-20191001-csv/3975#51729603>		"sˈɨtti"@nmu	
"ǀʼaː"@nmn	<https://panlex.org/snapshot/panlex-20191001-csv/3975#51722890>				<https://panlex.org/snapshot/panlex-20191001-csv/3975#51722892>		"wˈono-"@nmu	
"ŋa"@nmn	<https://panlex.org/snapshot/panlex-20191001-csv/3975#51726538>				<https://panlex.org/snapshot/panlex-20191001-csv/3975#51726548>		"nˈi"@nmu	
"tai"@nmn	<https://panlex.org/snapshot/panlex-20191001-csv/3975#51735227>				<https://panlex.org/snapshot/panlex-20191001-csv/3975#51735229>		"haɗˈa-ɗi"@nmu	
"ǂʼaba"@nmn	<https://panlex.org/snapshot/panlex-20191001-csv/3975#51735759>				<https://panlex.org/snapshot/panlex-20191001-csv/3975#51735764>		"tʼˈes"@nmu	
"aː"@nmn	<https://panlex.org/snapshot/panlex-20191001-csv/3975#51723800>				<https://panlex.org/snapshot/panlex-20191001-csv/3975#51723809>		"pe-"@nmu	
"ǀǀa"@nmn	<https://panlex.org/snapshot/panlex-20191001-csv/3975#51733830>				<https://panlex.org/snapshot/panlex-20191001-csv/3975#51733833>		"ʔɨ=kʼˈoy-"@nmu	
"ǀʼâː"@nmn	<https://panlex.org/snapshot/panlex-20191001-csv/3975#51722887>				<https://panlex.org/snapshot/panlex-20191001-csv/3975#51722892>		"wˈono-"@nmu	
"ǀǀkxãː"@nmn	<https://panlex.org/snapshot/panlex-20191001-csv/3975#51723203>				<https://panlex.org/snapshot/panlex-20191001-csv/3975#51723209>		"mo-"@nmu	
"tãa"@nmn	<https://panlex.org/snapshot/panlex-20191001-csv/3975#51726100>				<https://panlex.org/snapshot/panlex-20191001-csv/3975#51726105>		"pˈin-"@nmu	
"ǀɯn-te"@nmn	<https://panlex.org/snapshot/panlex-20191001-csv/3975#51725636>				<https://panlex.org/snapshot/panlex-20191001-csv/3975#51725639>		"ɓutˈu"@nmu	
"ǀǀʰàːa"@nmn	<https://panlex.org/snapshot/panlex-20191001-csv/3975#51729897>				<https://panlex.org/snapshot/panlex-20191001-csv/3975#51729898>		"kʼaɗˈik-i"@nmu	
"ɡǂòa"@nmn	<https://panlex.org/snapshot/panlex-20191001-csv/3975#51720775>				<https://panlex.org/snapshot/panlex-20191001-csv/3975#51720777>		"pʼi=ɗˈus-i"@nmu	
"ǀǀẽĩ"@nmn	<https://panlex.org/snapshot/panlex-20191001-csv/3975#51726377>				<https://panlex.org/snapshot/panlex-20191001-csv/3975#51726378>		"yˈonno"@nmu	
"ǀǀẽĩ"@nmn	<https://panlex.org/snapshot/panlex-20191001-csv/3975#51733365>				<https://panlex.org/snapshot/panlex-20191001-csv/3975#51733367>		"ȶʼˌikʼ-ˈi"@nmu	
"ŋ=xɔ́"@nmn	<https://panlex.org/snapshot/panlex-20191001-csv/3975#51725943>				<https://panlex.org/snapshot/panlex-20191001-csv/3975#51725944>		"ʔo-nˈo"@nmu	
"se"@nmn	<https://panlex.org/snapshot/panlex-20191001-csv/3975#51734333>				<https://panlex.org/snapshot/panlex-20191001-csv/3975#51734339>		"nˌi-sˈe"@nmu	
"ǀan"@nmn	<https://panlex.org/snapshot/panlex-20191001-csv/3975#51734960>				<https://panlex.org/snapshot/panlex-20191001-csv/3975#51734963>		"kɨlˈe"@nmu	
"ǀkxãũ"@nmn	<https://panlex.org/snapshot/panlex-20191001-csv/3975#51728689>				<https://panlex.org/snapshot/panlex-20191001-csv/3975#51728695>		"ya"@nmu	
"ǀkxãũ"@nmn	<https://panlex.org/snapshot/panlex-20191001-csv/3975#51728689>				<https://panlex.org/snapshot/panlex-20191001-csv/3975#51728694>		"yˈa"@nmu	
"ǀʼûi"@nmn	<https://panlex.org/snapshot/panlex-20191001-csv/3975#51731605>				<https://panlex.org/snapshot/panlex-20191001-csv/3975#51731610>		"tiɓˈi"@nmu	
"n=ǂa"@nmn	<https://panlex.org/snapshot/panlex-20191001-csv/3975#51728547>				<https://panlex.org/snapshot/panlex-20191001-csv/3975#51728548>		"sˌim-ˈi"@nmu	
"ɳǂo"@nmn	<https://panlex.org/snapshot/panlex-20191001-csv/3975#51724948>				<https://panlex.org/snapshot/panlex-20191001-csv/3975#51724952>		"pˌay-ˈi"@nmu	
"ǀǀã̄ẽ̄"@nmn	<https://panlex.org/snapshot/panlex-20191001-csv/3975#51726374>				<https://panlex.org/snapshot/panlex-20191001-csv/3975#51726378>		"yˈonno"@nmu	
"ɳǀǀai"@nmn	<https://panlex.org/snapshot/panlex-20191001-csv/3975#51731608>				<https://panlex.org/snapshot/panlex-20191001-csv/3975#51731610>		"tiɓˈi"@nmu	
"kxẽ"@nmn	<https://panlex.org/snapshot/panlex-20191001-csv/3975#51723207>				<https://panlex.org/snapshot/panlex-20191001-csv/3975#51723209>		"mo-"@nmu	
"tu"@nmn	<https://panlex.org/snapshot/panlex-20191001-csv/3975#51729749>				<https://panlex.org/snapshot/panlex-20191001-csv/3975#51729753>		"mˈayɗɨ"@nmu	
"ǀǀxũ"@nmn	<https://panlex.org/snapshot/panlex-20191001-csv/3975#51733363>				<https://panlex.org/snapshot/panlex-20191001-csv/3975#51733367>		"ȶʼˌikʼ-ˈi"@nmu	
"ǂwi"@nmn	<https://panlex.org/snapshot/panlex-20191001-csv/3975#51732607>				<https://panlex.org/snapshot/panlex-20191001-csv/3975#51732609>		"ɓˌuk-ˈu"@nmu	
"ǀʼaːni"@nmn	<https://panlex.org/snapshot/panlex-20191001-csv/3975#51733209>				<https://panlex.org/snapshot/panlex-20191001-csv/3975#51733211>		"ʔˌen-ˈi"@nmu	
"la=kái"@nmn	<https://panlex.org/snapshot/panlex-20191001-csv/3975#51734959>				<https://panlex.org/snapshot/panlex-20191001-csv/3975#51734963>		"kɨlˈe"@nmu	
"ʘwõi"@nmn	<https://panlex.org/snapshot/panlex-20191001-csv/3975#51731462>				<https://panlex.org/snapshot/panlex-20191001-csv/3975#51731464>		"tˈuy-"@nmu	
"ǂʼṹ-u"@nmn	<https://panlex.org/snapshot/panlex-20191001-csv/3975#51729601>				<https://panlex.org/snapshot/panlex-20191001-csv/3975#51729603>		"sˈɨtti"@nmu	
"ɡǀǀũ ɳǀi"@nmn	<https://panlex.org/snapshot/panlex-20191001-csv/3975#51726854>				<https://panlex.org/snapshot/panlex-20191001-csv/3975#51726856>		"pokʼˈos-i"@nmu	
"la̰ː"@nmn	<https://panlex.org/snapshot/panlex-20191001-csv/3975#51727835>				<https://panlex.org/snapshot/panlex-20191001-csv/3975#51727841>		"yˌepʼ-ˈi"@nmu	
"ɡʘûː-a"@nmn	<https://panlex.org/snapshot/panlex-20191001-csv/3975#51736191>				<https://panlex.org/snapshot/panlex-20191001-csv/3975#51736192>		"ɓˈɨ-wo"@nmu	
"ɳǀü-le"@nmn	<https://panlex.org/snapshot/panlex-20191001-csv/3975#51732179>				<https://panlex.org/snapshot/panlex-20191001-csv/3975#51732182>		"ʔˈo"@nmu	
"žõ̰ĩ"@nmn	<https://panlex.org/snapshot/panlex-20191001-csv/3975#51724806>				<https://panlex.org/snapshot/panlex-20191001-csv/3975#51724809>		"kˈay-"@nmu	
"táː"@nmn	<https://panlex.org/snapshot/panlex-20191001-csv/3975#51727288>				<https://panlex.org/snapshot/panlex-20191001-csv/3975#51727292>		"wo-wˈo-kinu-"@nmu	
"kxa-a"@nmn	<https://panlex.org/snapshot/panlex-20191001-csv/3975#51723204>				<https://panlex.org/snapshot/panlex-20191001-csv/3975#51723209>		"mo-"@nmu	
"ǀǀkxweː"@nmn	<https://panlex.org/snapshot/panlex-20191001-csv/3975#51736187>				<https://panlex.org/snapshot/panlex-20191001-csv/3975#51736192>		"ɓˈɨ-wo"@nmu	
"ʔʘnàye"@nmn	<https://panlex.org/snapshot/panlex-20191001-csv/3975#51733507>				<https://panlex.org/snapshot/panlex-20191001-csv/3975#51733514>		"ȶʼˈa"@nmu	
"ǂûe"@nmn	<https://panlex.org/snapshot/panlex-20191001-csv/3975#51728544>				<https://panlex.org/snapshot/panlex-20191001-csv/3975#51728548>		"sˌim-ˈi"@nmu	
"ǀǀkxe-ki"@nmn	<https://panlex.org/snapshot/panlex-20191001-csv/3975#51726996>				<https://panlex.org/snapshot/panlex-20191001-csv/3975#51726998>		"mˈak-kit-"@nmu	
"ʘwai-sa"@nmn	<https://panlex.org/snapshot/panlex-20191001-csv/3975#51736040>				<https://panlex.org/snapshot/panlex-20191001-csv/3975#51736041>		"tʼˈot=tʼˌot"@nmu	
"ɡǀǀúː"@nmn	<https://panlex.org/snapshot/panlex-20191001-csv/3975#51722013>				<https://panlex.org/snapshot/panlex-20191001-csv/3975#51722017>		"nanˈa"@nmu	
"ɳǀǀam"@nmn	<https://panlex.org/snapshot/panlex-20191001-csv/3975#51722014>				<https://panlex.org/snapshot/panlex-20191001-csv/3975#51722017>		"nanˈa"@nmu	
"ɳǂu-ša"@nmn	<https://panlex.org/snapshot/panlex-20191001-csv/3975#51723495>				<https://panlex.org/snapshot/panlex-20191001-csv/3975#51723498>		"ɓonˈo"@nmu	
"ču"@nmn	<https://panlex.org/snapshot/panlex-20191001-csv/3975#51731150>				<https://panlex.org/snapshot/panlex-20191001-csv/3975#51731155>		"ɓɨ-ɗˈoy-"@nmu	
"ɡǀãũ"@nmn	<https://panlex.org/snapshot/panlex-20191001-csv/3975#51732606>				<https://panlex.org/snapshot/panlex-20191001-csv/3975#51732609>		"ɓˌuk-ˈu"@nmu	
"so"@nmn	<https://panlex.org/snapshot/panlex-20191001-csv/3975#51731153>				<https://panlex.org/snapshot/panlex-20191001-csv/3975#51731155>		"ɓɨ-ɗˈoy-"@nmu	
"ɡǀǀwana-te"@nmn	<https://panlex.org/snapshot/panlex-20191001-csv/3975#51732035>				<https://panlex.org/snapshot/panlex-20191001-csv/3975#51732037>		"lɨlˈɨ"@nmu	
"ǀǀaː"@nmn	<https://panlex.org/snapshot/panlex-20191001-csv/3975#51721882>				<https://panlex.org/snapshot/panlex-20191001-csv/3975#51721884>		"ɓˌɨm-ˈi"@nmu	
"ǀǀkxǝn-si"@nmn	<https://panlex.org/snapshot/panlex-20191001-csv/3975#51725074>				<https://panlex.org/snapshot/panlex-20191001-csv/3975#51725075>		"ʔopʼˈit-pe"@nmu	
"ǀwaː-ni"@nmn	<https://panlex.org/snapshot/panlex-20191001-csv/3975#51725635>				<https://panlex.org/snapshot/panlex-20191001-csv/3975#51725639>		"ɓutˈu"@nmu	
"ǀwa"@nmn	<https://panlex.org/snapshot/panlex-20191001-csv/3975#51730697>				<https://panlex.org/snapshot/panlex-20191001-csv/3975#51730698>		"ʔa-"@nmu	
"ǂɛ"@nmn	<https://panlex.org/snapshot/panlex-20191001-csv/3975#51729752>				<https://panlex.org/snapshot/panlex-20191001-csv/3975#51729753>		"mˈayɗɨ"@nmu	
"na"@nmn	<https://panlex.org/snapshot/panlex-20191001-csv/3975#51726536>				<https://panlex.org/snapshot/panlex-20191001-csv/3975#51726548>		"nˈi"@nmu	
"ǀǀwa"@nmn	<https://panlex.org/snapshot/panlex-20191001-csv/3975#51729428>				<https://panlex.org/snapshot/panlex-20191001-csv/3975#51729438>		"=men-"@nmu	
"ǀǀkxom"@nmn	<https://panlex.org/snapshot/panlex-20191001-csv/3975#51723353>				<https://panlex.org/snapshot/panlex-20191001-csv/3975#51723354>		"pʼi=kʼˈal"@nmu	
"tʸu"@nmn	<https://panlex.org/snapshot/panlex-20191001-csv/3975#51729436>				<https://panlex.org/snapshot/panlex-20191001-csv/3975#51729438>		"=men-"@nmu	
"ǀʼiː"@nmn	<https://panlex.org/snapshot/panlex-20191001-csv/3975#51726240>				<https://panlex.org/snapshot/panlex-20191001-csv/3975#51726245>		"hˌon-ˈi"@nmu	
"ǂau-si"@nmn	<https://panlex.org/snapshot/panlex-20191001-csv/3975#51730308>				<https://panlex.org/snapshot/panlex-20191001-csv/3975#51730309>		"pˌiw-ˈi"@nmu	
"ǀǀáni"@nmn	<https://panlex.org/snapshot/panlex-20191001-csv/3975#51727980>				<https://panlex.org/snapshot/panlex-20191001-csv/3975#51727982>		"pˈi"@nmu	
"cʼiː-sa"@nmn	<https://panlex.org/snapshot/panlex-20191001-csv/3975#51735908>				<https://panlex.org/snapshot/panlex-20191001-csv/3975#51735910>		"hˈus-kɨ"@nmu	
"eː"@nmn	<https://panlex.org/snapshot/panlex-20191001-csv/3975#51723801>				<https://panlex.org/snapshot/panlex-20191001-csv/3975#51723809>		"pe-"@nmu	
"ɳǀo"@nmn	<https://panlex.org/snapshot/panlex-20191001-csv/3975#51725221>				<https://panlex.org/snapshot/panlex-20191001-csv/3975#51725223>		"mˈey-"@nmu	
"tʼüm"@nmn	<https://panlex.org/snapshot/panlex-20191001-csv/3975#51731308>				<https://panlex.org/snapshot/panlex-20191001-csv/3975#51731313>		"po-sˈal-i"@nmu	
"tʼüm"@nmn	<https://panlex.org/snapshot/panlex-20191001-csv/3975#51731308>				<https://panlex.org/snapshot/panlex-20191001-csv/3975#51731312>		"po-sˈala"@nmu	
"ǀāʰɲa"@nmn	<https://panlex.org/snapshot/panlex-20191001-csv/3975#51730035>				<https://panlex.org/snapshot/panlex-20191001-csv/3975#51730039>		"lˈak=lˌak-pe"@nmu	
"tuːi"@nmn	<https://panlex.org/snapshot/panlex-20191001-csv/3975#51726104>				<https://panlex.org/snapshot/panlex-20191001-csv/3975#51726105>		"pˈin-"@nmu	
"ǂũ"@nmn	<https://panlex.org/snapshot/panlex-20191001-csv/3975#51728829>				<https://panlex.org/snapshot/panlex-20191001-csv/3975#51728831>		"kʼˌuy-ˈi"@nmu	
"cɔː-a"@nmn	<https://panlex.org/snapshot/panlex-20191001-csv/3975#51732763>				<https://panlex.org/snapshot/panlex-20191001-csv/3975#51732764>		"ʔˌan-ˈi"@nmu	
"si=ɡǀɔ̀ː"@nmn	<https://panlex.org/snapshot/panlex-20191001-csv/3975#51721320>				<https://panlex.org/snapshot/panlex-20191001-csv/3975#51721321>		"kʼˈut-tʼɨtʼˌɨ"@nmu	
"são"@nmn	<https://panlex.org/snapshot/panlex-20191001-csv/3975#51731152>				<https://panlex.org/snapshot/panlex-20191001-csv/3975#51731155>		"ɓɨ-ɗˈoy-"@nmu	
"šãː"@nmn	<https://panlex.org/snapshot/panlex-20191001-csv/3975#51724252>				<https://panlex.org/snapshot/panlex-20191001-csv/3975#51724254>		"hˌɨtʼ-ˈi"@nmu	
"geite"@nmn	<https://panlex.org/snapshot/panlex-20191001-csv/3975#51735354>				<https://panlex.org/snapshot/panlex-20191001-csv/3975#51735355>		"wihˈɨl-"@nmu	
"ɳǀǀu-ča"@nmn	<https://panlex.org/snapshot/panlex-20191001-csv/3975#51729270>				<https://panlex.org/snapshot/panlex-20191001-csv/3975#51729274>		"hˈi-kɨ"@nmu	
"ɡǀǀaːban"@nmn	<https://panlex.org/snapshot/panlex-20191001-csv/3975#51721031>				<https://panlex.org/snapshot/panlex-20191001-csv/3975#51721033>		"kʼˌam-ˈi"@nmu	
"cxɔ"@nmn	<https://panlex.org/snapshot/panlex-20191001-csv/3975#51724108>				<https://panlex.org/snapshot/panlex-20191001-csv/3975#51724109>		"hˌin-ˈi"@nmu	
"ɳǀuː-n"@nmn	<https://panlex.org/snapshot/panlex-20191001-csv/3975#51728402>				<https://panlex.org/snapshot/panlex-20191001-csv/3975#51728404>		"yamˈan-i"@nmu	
"ɡʘwaː-sa"@nmn	<https://panlex.org/snapshot/panlex-20191001-csv/3975#51733512>				<https://panlex.org/snapshot/panlex-20191001-csv/3975#51733514>		"ȶʼˈa"@nmu	
"nya"@nmn	<https://panlex.org/snapshot/panlex-20191001-csv/3975#51726539>				<https://panlex.org/snapshot/panlex-20191001-csv/3975#51726548>		"nˈi"@nmu	
"ã̀"@nmn	<https://panlex.org/snapshot/panlex-20191001-csv/3975#51723803>				<https://panlex.org/snapshot/panlex-20191001-csv/3975#51723809>		"pe-"@nmu	
"ǀǀʼʰũ"@nmn	<https://panlex.org/snapshot/panlex-20191001-csv/3975#51731891>				<https://panlex.org/snapshot/panlex-20191001-csv/3975#51731896>		"tˈɨs-woyˌe-"@nmu	
"cxwe-kʼa"@nmn	<https://panlex.org/snapshot/panlex-20191001-csv/3975#51730038>				<https://panlex.org/snapshot/panlex-20191001-csv/3975#51730039>		"lˈak=lˌak-pe"@nmu	
"ša"@nmn	<https://panlex.org/snapshot/panlex-20191001-csv/3975#51722713>				<https://panlex.org/snapshot/panlex-20191001-csv/3975#51722722>		"ʔɨ=yˈe-"@nmu	
"ša"@nmn	<https://panlex.org/snapshot/panlex-20191001-csv/3975#51734327>				<https://panlex.org/snapshot/panlex-20191001-csv/3975#51734339>		"nˌi-sˈe"@nmu	
"ša"@nmn	<https://panlex.org/snapshot/panlex-20191001-csv/3975#51733825>				<https://panlex.org/snapshot/panlex-20191001-csv/3975#51733833>		"ʔɨ=kʼˈoy-"@nmu	
"ɳǀɔ"@nmn	<https://panlex.org/snapshot/panlex-20191001-csv/3975#51725220>				<https://panlex.org/snapshot/panlex-20191001-csv/3975#51725223>		"mˈey-"@nmu	
"ǀʼɛː"@nmn	<https://panlex.org/snapshot/panlex-20191001-csv/3975#51726243>				<https://panlex.org/snapshot/panlex-20191001-csv/3975#51726245>		"hˌon-ˈi"@nmu	
"ɳǀàː"@nmn	<https://panlex.org/snapshot/panlex-20191001-csv/3975#51730866>				<https://panlex.org/snapshot/panlex-20191001-csv/3975#51730869>		"ȶʼe-"@nmu	
"ǀu"@nmn	<https://panlex.org/snapshot/panlex-20191001-csv/3975#51730696>				<https://panlex.org/snapshot/panlex-20191001-csv/3975#51730698>		"ʔa-"@nmu	
"kxã"@nmn	<https://panlex.org/snapshot/panlex-20191001-csv/3975#51723200>				<https://panlex.org/snapshot/panlex-20191001-csv/3975#51723209>		"mo-"@nmu	
"ã"@nmn	<https://panlex.org/snapshot/panlex-20191001-csv/3975#51723799>				<https://panlex.org/snapshot/panlex-20191001-csv/3975#51723809>		"pe-"@nmu	
"ɡǀqʰũ̂ã"@nmn	<https://panlex.org/snapshot/panlex-20191001-csv/3975#51724379>				<https://panlex.org/snapshot/panlex-20191001-csv/3975#51724381>		"yˈe"@nmu	
"ɡǀqʰũ̂ã"@nmn	<https://panlex.org/snapshot/panlex-20191001-csv/3975#51725633>				<https://panlex.org/snapshot/panlex-20191001-csv/3975#51725639>		"ɓutˈu"@nmu	
"ǂxiː"@nmn	<https://panlex.org/snapshot/panlex-20191001-csv/3975#51723044>				<https://panlex.org/snapshot/panlex-20191001-csv/3975#51723047>		"sˈɨ"@nmu	
"ẽ"@nmn	<https://panlex.org/snapshot/panlex-20191001-csv/3975#51723804>				<https://panlex.org/snapshot/panlex-20191001-csv/3975#51723809>		"pe-"@nmu	
"šia"@nmn	<https://panlex.org/snapshot/panlex-20191001-csv/3975#51734326>				<https://panlex.org/snapshot/panlex-20191001-csv/3975#51734339>		"nˌi-sˈe"@nmu	
"ǀǀkʼom"@nmn	<https://panlex.org/snapshot/panlex-20191001-csv/3975#51723640>				<https://panlex.org/snapshot/panlex-20191001-csv/3975#51723641>		"kʼˌaw-ˈi"@nmu	
"ɳǀe"@nmn	<https://panlex.org/snapshot/panlex-20191001-csv/3975#51730867>				<https://panlex.org/snapshot/panlex-20191001-csv/3975#51730869>		"ȶʼe-"@nmu	
"ǀǀʌn-ša"@nmn	<https://panlex.org/snapshot/panlex-20191001-csv/3975#51726375>				<https://panlex.org/snapshot/panlex-20191001-csv/3975#51726378>		"yˈonno"@nmu	
"ta̰aŋ"@nmn	<https://panlex.org/snapshot/panlex-20191001-csv/3975#51726101>				<https://panlex.org/snapshot/panlex-20191001-csv/3975#51726105>		"pˈin-"@nmu	
"síʔi"@nmn	<https://panlex.org/snapshot/panlex-20191001-csv/3975#51721455>				<https://panlex.org/snapshot/panlex-20191001-csv/3975#51721458>		"ɗˈo-"@nmu	
"ši=ǀǀwoi"@nmn	<https://panlex.org/snapshot/panlex-20191001-csv/3975#51735904>				<https://panlex.org/snapshot/panlex-20191001-csv/3975#51735910>		"hˈus-kɨ"@nmu	
"ɳǀò̰e"@nmn	<https://panlex.org/snapshot/panlex-20191001-csv/3975#51729112>				<https://panlex.org/snapshot/panlex-20191001-csv/3975#51729118>		"pˈo"@nmu	
"ǀʼòː"@nmn	<https://panlex.org/snapshot/panlex-20191001-csv/3975#51723351>				<https://panlex.org/snapshot/panlex-20191001-csv/3975#51723354>		"pʼi=kʼˈal"@nmu	
"ǀǀu"@nmn	<https://panlex.org/snapshot/panlex-20191001-csv/3975#51729432>				<https://panlex.org/snapshot/panlex-20191001-csv/3975#51729438>		"=men-"@nmu	
"ǂana"@nmn	<https://panlex.org/snapshot/panlex-20191001-csv/3975#51721592>				<https://panlex.org/snapshot/panlex-20191001-csv/3975#51721594>		"sˈiw=sˌiw"@nmu	
"ǀǀum"@nmn	<https://panlex.org/snapshot/panlex-20191001-csv/3975#51731892>				<https://panlex.org/snapshot/panlex-20191001-csv/3975#51731896>		"tˈɨs-woyˌe-"@nmu	
"ǀǀum"@nmn	<https://panlex.org/snapshot/panlex-20191001-csv/3975#51723639>				<https://panlex.org/snapshot/panlex-20191001-csv/3975#51723641>		"kʼˌaw-ˈi"@nmu	
"cʰûː"@nmn	<https://panlex.org/snapshot/panlex-20191001-csv/3975#51731147>				<https://panlex.org/snapshot/panlex-20191001-csv/3975#51731155>		"ɓɨ-ɗˈoy-"@nmu	
"ǀã"@nmn	<https://panlex.org/snapshot/panlex-20191001-csv/3975#51728690>				<https://panlex.org/snapshot/panlex-20191001-csv/3975#51728695>		"ya"@nmu	
"ǀã"@nmn	<https://panlex.org/snapshot/panlex-20191001-csv/3975#51728690>				<https://panlex.org/snapshot/panlex-20191001-csv/3975#51728694>		"yˈa"@nmu	
"ciː"@nmn	<https://panlex.org/snapshot/panlex-20191001-csv/3975#51734790>				<https://panlex.org/snapshot/panlex-20191001-csv/3975#51734791>		"homˈo-ni"@nmu	
"n"@nmn	<https://panlex.org/snapshot/panlex-20191001-csv/3975#51726535>				<https://panlex.org/snapshot/panlex-20191001-csv/3975#51726548>		"nˈi"@nmu	
"ǀǀʼân"@nmn	<https://panlex.org/snapshot/panlex-20191001-csv/3975#51732333>				<https://panlex.org/snapshot/panlex-20191001-csv/3975#51732340>		"pˌokʼ-ˈo"@nmu	
"na"@nmn	<https://panlex.org/snapshot/panlex-20191001-csv/3975#51726545>				<https://panlex.org/snapshot/panlex-20191001-csv/3975#51726548>		"nˈi"@nmu	
"ʘwoin"@nmn	<https://panlex.org/snapshot/panlex-20191001-csv/3975#51731460>				<https://panlex.org/snapshot/panlex-20191001-csv/3975#51731464>		"tˈuy-"@nmu	
"ǂxeː"@nmn	<https://panlex.org/snapshot/panlex-20191001-csv/3975#51736189>				<https://panlex.org/snapshot/panlex-20191001-csv/3975#51736192>		"ɓˈɨ-wo"@nmu	
"aba"@nmn	<https://panlex.org/snapshot/panlex-20191001-csv/3975#51735761>				<https://panlex.org/snapshot/panlex-20191001-csv/3975#51735764>		"tʼˈes"@nmu	
"ǀʼa"@nmn	<https://panlex.org/snapshot/panlex-20191001-csv/3975#51724526>				<https://panlex.org/snapshot/panlex-20191001-csv/3975#51724530>		"sˈa"@nmu	
"ǀʼa"@nmn	<https://panlex.org/snapshot/panlex-20191001-csv/3975#51722888>				<https://panlex.org/snapshot/panlex-20191001-csv/3975#51722892>		"wˈono-"@nmu	
"ǀʼi"@nmn	<https://panlex.org/snapshot/panlex-20191001-csv/3975#51724528>				<https://panlex.org/snapshot/panlex-20191001-csv/3975#51724530>		"sˈa"@nmu	
"ǀǀa-ǀǀa"@nmn	<https://panlex.org/snapshot/panlex-20191001-csv/3975#51729117>				<https://panlex.org/snapshot/panlex-20191001-csv/3975#51729118>		"pˈo"@nmu	
"ɑ̀ː"@nmn	<https://panlex.org/snapshot/panlex-20191001-csv/3975#51723808>				<https://panlex.org/snapshot/panlex-20191001-csv/3975#51723809>		"pe-"@nmu	
"ī=sî"@nmn	<https://panlex.org/snapshot/panlex-20191001-csv/3975#51734323>				<https://panlex.org/snapshot/panlex-20191001-csv/3975#51734339>		"nˌi-sˈe"@nmu	
"ɳǀū-le"@nmn	<https://panlex.org/snapshot/panlex-20191001-csv/3975#51732178>				<https://panlex.org/snapshot/panlex-20191001-csv/3975#51732182>		"ʔˈo"@nmu	
"ǀǀʼai"@nmn	<https://panlex.org/snapshot/panlex-20191001-csv/3975#51721032>				<https://panlex.org/snapshot/panlex-20191001-csv/3975#51721033>		"kʼˌam-ˈi"@nmu	
"ɳǀǀo"@nmn	<https://panlex.org/snapshot/panlex-20191001-csv/3975#51724949>				<https://panlex.org/snapshot/panlex-20191001-csv/3975#51724952>		"pˌay-ˈi"@nmu	
"ɳǀaŋ"@nmn	<https://panlex.org/snapshot/panlex-20191001-csv/3975#51725939>				<https://panlex.org/snapshot/panlex-20191001-csv/3975#51725944>		"ʔo-nˈo"@nmu	
"ɡǀǀxṹː-ɳǀàn"@nmn	<https://panlex.org/snapshot/panlex-20191001-csv/3975#51726852>				<https://panlex.org/snapshot/panlex-20191001-csv/3975#51726856>		"pokʼˈos-i"@nmu	
"ǀǀqʰúa"@nmn	<https://panlex.org/snapshot/panlex-20191001-csv/3975#51729427>				<https://panlex.org/snapshot/panlex-20191001-csv/3975#51729438>		"=men-"@nmu	
"hàa"@nmn	<https://panlex.org/snapshot/panlex-20191001-csv/3975#51723807>				<https://panlex.org/snapshot/panlex-20191001-csv/3975#51723809>		"pe-"@nmu	
"ɳǀõ"@nmn	<https://panlex.org/snapshot/panlex-20191001-csv/3975#51729272>				<https://panlex.org/snapshot/panlex-20191001-csv/3975#51729274>		"hˈi-kɨ"@nmu	
"cwaː"@nmn	<https://panlex.org/snapshot/panlex-20191001-csv/3975#51724253>				<https://panlex.org/snapshot/panlex-20191001-csv/3975#51724254>		"hˌɨtʼ-ˈi"@nmu	
"la̰"@nmn	<https://panlex.org/snapshot/panlex-20191001-csv/3975#51727834>				<https://panlex.org/snapshot/panlex-20191001-csv/3975#51727841>		"yˌepʼ-ˈi"@nmu	
"ʘwoin"@nmn	<https://panlex.org/snapshot/panlex-20191001-csv/3975#51731461>				<https://panlex.org/snapshot/panlex-20191001-csv/3975#51731464>		"tˈuy-"@nmu	
"ʔã̂ː"@nmn	<https://panlex.org/snapshot/panlex-20191001-csv/3975#51723798>				<https://panlex.org/snapshot/panlex-20191001-csv/3975#51723809>		"pe-"@nmu	
"ǀǀʼʌn"@nmn	<https://panlex.org/snapshot/panlex-20191001-csv/3975#51732334>				<https://panlex.org/snapshot/panlex-20191001-csv/3975#51732340>		"pˌokʼ-ˈo"@nmu	
"tá"@nmn	<https://panlex.org/snapshot/panlex-20191001-csv/3975#51729435>				<https://panlex.org/snapshot/panlex-20191001-csv/3975#51729438>		"=men-"@nmu	
"la=kai"@nmn	<https://panlex.org/snapshot/panlex-20191001-csv/3975#51734958>				<https://panlex.org/snapshot/panlex-20191001-csv/3975#51734963>		"kɨlˈe"@nmu	
"ɛ́ː"@nmn	<https://panlex.org/snapshot/panlex-20191001-csv/3975#51723802>				<https://panlex.org/snapshot/panlex-20191001-csv/3975#51723809>		"pe-"@nmu	
"ǀǀʼa"@nmn	<https://panlex.org/snapshot/panlex-20191001-csv/3975#51733828>				<https://panlex.org/snapshot/panlex-20191001-csv/3975#51733833>		"ʔɨ=kʼˈoy-"@nmu	
"tá̰i"@nmn	<https://panlex.org/snapshot/panlex-20191001-csv/3975#51735226>				<https://panlex.org/snapshot/panlex-20191001-csv/3975#51735229>		"haɗˈa-ɗi"@nmu	
"ɳǀe"@nmn	<https://panlex.org/snapshot/panlex-20191001-csv/3975#51730862>				<https://panlex.org/snapshot/panlex-20191001-csv/3975#51730869>		"ȶʼe-"@nmu	
"ǂweː"@nmn	<https://panlex.org/snapshot/panlex-20191001-csv/3975#51736188>				<https://panlex.org/snapshot/panlex-20191001-csv/3975#51736192>		"ɓˈɨ-wo"@nmu	
"šu"@nmn	<https://panlex.org/snapshot/panlex-20191001-csv/3975#51731149>				<https://panlex.org/snapshot/panlex-20191001-csv/3975#51731155>		"ɓɨ-ɗˈoy-"@nmu	
"se"@nmn	<https://panlex.org/snapshot/panlex-20191001-csv/3975#51722715>				<https://panlex.org/snapshot/panlex-20191001-csv/3975#51722722>		"ʔɨ=yˈe-"@nmu	
"ɳǀṵ́e"@nmn	<https://panlex.org/snapshot/panlex-20191001-csv/3975#51729111>				<https://panlex.org/snapshot/panlex-20191001-csv/3975#51729118>		"pˈo"@nmu	
"ǀkxa"@nmn	<https://panlex.org/snapshot/panlex-20191001-csv/3975#51725784>				<https://panlex.org/snapshot/panlex-20191001-csv/3975#51725787>		"mˈa"@nmu	
"ǂʼṹ"@nmn	<https://panlex.org/snapshot/panlex-20191001-csv/3975#51729600>				<https://panlex.org/snapshot/panlex-20191001-csv/3975#51729603>		"sˈɨtti"@nmu	
"ǂqʰài"@nmn	<https://panlex.org/snapshot/panlex-20191001-csv/3975#51723040>				<https://panlex.org/snapshot/panlex-20191001-csv/3975#51723047>		"sˈɨ"@nmu	
"ǀǀxai"@nmn	<https://panlex.org/snapshot/panlex-20191001-csv/3975#51726995>				<https://panlex.org/snapshot/panlex-20191001-csv/3975#51726998>		"mˈak-kit-"@nmu	
"tãː"@nmn	<https://panlex.org/snapshot/panlex-20191001-csv/3975#51727289>				<https://panlex.org/snapshot/panlex-20191001-csv/3975#51727292>		"wo-wˈo-kinu-"@nmu	
"kʼii"@nmn	<https://panlex.org/snapshot/panlex-20191001-csv/3975#51723952>				<https://panlex.org/snapshot/panlex-20191001-csv/3975#51723953>		"pˈak=pak-ˌa"@nmu	
"tVʔVː"@nmn	<https://panlex.org/snapshot/panlex-20191001-csv/3975#51732907>				<https://panlex.org/snapshot/panlex-20191001-csv/3975#51732913>		"ʔunˈi"@nmu	
"ǀǀwan"@nmn	<https://panlex.org/snapshot/panlex-20191001-csv/3975#51726715>				<https://panlex.org/snapshot/panlex-20191001-csv/3975#51726716>		"wˈono-ti-"@nmu	
"ǀʼã"@nmn	<https://panlex.org/snapshot/panlex-20191001-csv/3975#51722891>				<https://panlex.org/snapshot/panlex-20191001-csv/3975#51722892>		"wˈono-"@nmu	
"ǀʼãri"@nmn	<https://panlex.org/snapshot/panlex-20191001-csv/3975#51733210>				<https://panlex.org/snapshot/panlex-20191001-csv/3975#51733211>		"ʔˌen-ˈi"@nmu	
"ɳǀu"@nmn	<https://panlex.org/snapshot/panlex-20191001-csv/3975#51729273>				<https://panlex.org/snapshot/panlex-20191001-csv/3975#51729274>		"hˈi-kɨ"@nmu	
"a=ǀaŋa"@nmn	<https://panlex.org/snapshot/panlex-20191001-csv/3975#51728693>				<https://panlex.org/snapshot/panlex-20191001-csv/3975#51728695>		"ya"@nmu	
"a=ǀaŋa"@nmn	<https://panlex.org/snapshot/panlex-20191001-csv/3975#51728693>				<https://panlex.org/snapshot/panlex-20191001-csv/3975#51728694>		"yˈa"@nmu	
"bà"@nmn	<https://panlex.org/snapshot/panlex-20191001-csv/3975#51720633>				<https://panlex.org/snapshot/panlex-20191001-csv/3975#51720634>		"ʔɨpˈe-kʼan-ˌi"@nmu	
"si=ǀkxau"@nmn	<https://panlex.org/snapshot/panlex-20191001-csv/3975#51735907>				<https://panlex.org/snapshot/panlex-20191001-csv/3975#51735910>		"hˈus-kɨ"@nmu	
"ǀǀqû-le"@nmn	<https://panlex.org/snapshot/panlex-20191001-csv/3975#51722290>				<https://panlex.org/snapshot/panlex-20191001-csv/3975#51722296>		"ɓˌiȶʼ-ˈi"@nmu	
"ɳǀǀɔ̀"@nmn	<https://panlex.org/snapshot/panlex-20191001-csv/3975#51724950>				<https://panlex.org/snapshot/panlex-20191001-csv/3975#51724952>		"pˌay-ˈi"@nmu	
"i"@nmn	<https://panlex.org/snapshot/panlex-20191001-csv/3975#51734335>				<https://panlex.org/snapshot/panlex-20191001-csv/3975#51734339>		"nˌi-sˈe"@nmu	
"ǀǀkʼuː"@nmn	<https://panlex.org/snapshot/panlex-20191001-csv/3975#51733999>				<https://panlex.org/snapshot/panlex-20191001-csv/3975#51734000>		"pʼi-lˈis"@nmu	
"ǀĩ"@nmn	<https://panlex.org/snapshot/panlex-20191001-csv/3975#51734962>				<https://panlex.org/snapshot/panlex-20191001-csv/3975#51734963>		"kɨlˈe"@nmu	
"gu-le"@nmn	<https://panlex.org/snapshot/panlex-20191001-csv/3975#51720906>				<https://panlex.org/snapshot/panlex-20191001-csv/3975#51720908>		"kapˈu-m-i"@nmu	
"ǀʼã"@nmn	<https://panlex.org/snapshot/panlex-20191001-csv/3975#51724527>				<https://panlex.org/snapshot/panlex-20191001-csv/3975#51724530>		"sˈa"@nmu	
"n"@nmn	<https://panlex.org/snapshot/panlex-20191001-csv/3975#51726541>				<https://panlex.org/snapshot/panlex-20191001-csv/3975#51726548>		"nˈi"@nmu	
"n̄"@nmn	<https://panlex.org/snapshot/panlex-20191001-csv/3975#51726534>				<https://panlex.org/snapshot/panlex-20191001-csv/3975#51726548>		"nˈi"@nmu	
"ɳǀabu"@nmn	<https://panlex.org/snapshot/panlex-20191001-csv/3975#51727136>				<https://panlex.org/snapshot/panlex-20191001-csv/3975#51727137>		"ɓotˈo"@nmu	
"tu"@nmn	<https://panlex.org/snapshot/panlex-20191001-csv/3975#51729748>				<https://panlex.org/snapshot/panlex-20191001-csv/3975#51729753>		"mˈayɗɨ"@nmu	
"tu"@nmn	<https://panlex.org/snapshot/panlex-20191001-csv/3975#51727287>				<https://panlex.org/snapshot/panlex-20191001-csv/3975#51727292>		"wo-wˈo-kinu-"@nmu	
"ɡǀǀwaː"@nmn	<https://panlex.org/snapshot/panlex-20191001-csv/3975#51720776>				<https://panlex.org/snapshot/panlex-20191001-csv/3975#51720777>		"pʼi=ɗˈus-i"@nmu	
"ɡǀaŋ"@nmn	<https://panlex.org/snapshot/panlex-20191001-csv/3975#51726241>				<https://panlex.org/snapshot/panlex-20191001-csv/3975#51726245>		"hˌon-ˈi"@nmu	
"a-a"@nmn	<https://panlex.org/snapshot/panlex-20191001-csv/3975#51733052>				<https://panlex.org/snapshot/panlex-20191001-csv/3975#51733055>		"mˈi"@nmu	
"ɳǀǀü-le"@nmn	<https://panlex.org/snapshot/panlex-20191001-csv/3975#51732180>				<https://panlex.org/snapshot/panlex-20191001-csv/3975#51732182>		"ʔˈo"@nmu	
"žwḛ"@nmn	<https://panlex.org/snapshot/panlex-20191001-csv/3975#51724807>				<https://panlex.org/snapshot/panlex-20191001-csv/3975#51724809>		"kˈay-"@nmu	
"ǀǀe"@nmn	<https://panlex.org/snapshot/panlex-20191001-csv/3975#51721593>				<https://panlex.org/snapshot/panlex-20191001-csv/3975#51721594>		"sˈiw=sˌiw"@nmu	
"ši"@nmn	<https://panlex.org/snapshot/panlex-20191001-csv/3975#51734325>				<https://panlex.org/snapshot/panlex-20191001-csv/3975#51734339>		"nˌi-sˈe"@nmu	
"si"@nmn	<https://panlex.org/snapshot/panlex-20191001-csv/3975#51734332>				<https://panlex.org/snapshot/panlex-20191001-csv/3975#51734339>		"nˌi-sˈe"@nmu	
"ʘwi"@nmn	<https://panlex.org/snapshot/panlex-20191001-csv/3975#51728133>				<https://panlex.org/snapshot/panlex-20191001-csv/3975#51728137>		"sˌɨm-ˈi"@nmu	
"ǂʼe"@nmn	<https://panlex.org/snapshot/panlex-20191001-csv/3975#51729751>				<https://panlex.org/snapshot/panlex-20191001-csv/3975#51729753>		"mˈayɗɨ"@nmu	
"hi"@nmn	<https://panlex.org/snapshot/panlex-20191001-csv/3975#51732762>				<https://panlex.org/snapshot/panlex-20191001-csv/3975#51732764>		"ʔˌan-ˈi"@nmu	
"ǀari"@nmn	<https://panlex.org/snapshot/panlex-20191001-csv/3975#51731607>				<https://panlex.org/snapshot/panlex-20191001-csv/3975#51731610>		"tiɓˈi"@nmu	
"ʔǂnúʔm ǀʼẽ̂ː"@nmn	<https://panlex.org/snapshot/panlex-20191001-csv/3975#51730418>				<https://panlex.org/snapshot/panlex-20191001-csv/3975#51730420>		"watʼˈa-m ȶʼetˈi-pe"@nmu	
"ʔǂnúʔm ǀʼẽ̂ː"@nmn	<https://panlex.org/snapshot/panlex-20191001-csv/3975#51730418>				<https://panlex.org/snapshot/panlex-20191001-csv/3975#51730419>		"pɨlˈɨlɨm-pe"@nmu	
"ǀǀau"@nmn	<https://panlex.org/snapshot/panlex-20191001-csv/3975#51731757>				<https://panlex.org/snapshot/panlex-20191001-csv/3975#51731758>		"sˌukʼ-ˈu"@nmu	
"ǀǀau"@nmn	<https://panlex.org/snapshot/panlex-20191001-csv/3975#51725496>				<https://panlex.org/snapshot/panlex-20191001-csv/3975#51725497>		"tˈit=tˌit"@nmu	
"cʼiː-cʼiː-sa"@nmn	<https://panlex.org/snapshot/panlex-20191001-csv/3975#51735909>				<https://panlex.org/snapshot/panlex-20191001-csv/3975#51735910>		"hˈus-kɨ"@nmu	
"s=ǀǀaː-maː"@nmn	<https://panlex.org/snapshot/panlex-20191001-csv/3975#51733671>				<https://panlex.org/snapshot/panlex-20191001-csv/3975#51733672>		"pˈene"@nmu	
"ču"@nmn	<https://panlex.org/snapshot/panlex-20191001-csv/3975#51731148>				<https://panlex.org/snapshot/panlex-20191001-csv/3975#51731155>		"ɓɨ-ɗˈoy-"@nmu	
"sã̰̀ː"@nmn	<https://panlex.org/snapshot/panlex-20191001-csv/3975#51724251>				<https://panlex.org/snapshot/panlex-20191001-csv/3975#51724254>		"hˌɨtʼ-ˈi"@nmu	
"kiá"@nmn	<https://panlex.org/snapshot/panlex-20191001-csv/3975#51729433>				<https://panlex.org/snapshot/panlex-20191001-csv/3975#51729438>		"=men-"@nmu	
"ɳǀǀʌm"@nmn	<https://panlex.org/snapshot/panlex-20191001-csv/3975#51727435>				<https://panlex.org/snapshot/panlex-20191001-csv/3975#51727436>		"kˈɨlla"@nmu	
"ŋ=kʼu=ɳǂa-am"@nmn	<https://panlex.org/snapshot/panlex-20191001-csv/3975#51723497>				<https://panlex.org/snapshot/panlex-20191001-csv/3975#51723498>		"ɓonˈo"@nmu	
"ɳǀün"@nmn	<https://panlex.org/snapshot/panlex-20191001-csv/3975#51730863>				<https://panlex.org/snapshot/panlex-20191001-csv/3975#51730869>		"ȶʼe-"@nmu	
"da"@nmn	<https://panlex.org/snapshot/panlex-20191001-csv/3975#51727838>				<https://panlex.org/snapshot/panlex-20191001-csv/3975#51727841>		"yˌepʼ-ˈi"@nmu	
"ɡǂṹã́"@nmn	<https://panlex.org/snapshot/panlex-20191001-csv/3975#51723950>				<https://panlex.org/snapshot/panlex-20191001-csv/3975#51723953>		"pˈak=pak-ˌa"@nmu	
"ǂɔ̃ː"@nmn	<https://panlex.org/snapshot/panlex-20191001-csv/3975#51723045>				<https://panlex.org/snapshot/panlex-20191001-csv/3975#51723047>		"sˈɨ"@nmu	
"ús"@nmn	<https://panlex.org/snapshot/panlex-20191001-csv/3975#51721164>				<https://panlex.org/snapshot/panlex-20191001-csv/3975#51721168>		"tetˈe"@nmu	
"ɳǀa"@nmn	<https://panlex.org/snapshot/panlex-20191001-csv/3975#51725219>				<https://panlex.org/snapshot/panlex-20191001-csv/3975#51725223>		"mˈey-"@nmu	
"ɡǀûmã"@nmn	<https://panlex.org/snapshot/panlex-20191001-csv/3975#51726993>				<https://panlex.org/snapshot/panlex-20191001-csv/3975#51726998>		"mˈak-kit-"@nmu	
"ɡǀǀò"@nmn	<https://panlex.org/snapshot/panlex-20191001-csv/3975#51729116>				<https://panlex.org/snapshot/panlex-20191001-csv/3975#51729118>		"pˈo"@nmu	
"i"@nmn	<https://panlex.org/snapshot/panlex-20191001-csv/3975#51734324>				<https://panlex.org/snapshot/panlex-20191001-csv/3975#51734339>		"nˌi-sˈe"@nmu	
"ʘwi"@nmn	<https://panlex.org/snapshot/panlex-20191001-csv/3975#51733998>				<https://panlex.org/snapshot/panlex-20191001-csv/3975#51734000>		"pʼi-lˈis"@nmu	
"ǀǀʰũ̂ː"@nmn	<https://panlex.org/snapshot/panlex-20191001-csv/3975#51731888>				<https://panlex.org/snapshot/panlex-20191001-csv/3975#51731896>		"tˈɨs-woyˌe-"@nmu	
"xːuu"@nmn	<https://panlex.org/snapshot/panlex-20191001-csv/3975#51725942>				<https://panlex.org/snapshot/panlex-20191001-csv/3975#51725944>		"ʔo-nˈo"@nmu	
"ǀǀan-te"@nmn	<https://panlex.org/snapshot/panlex-20191001-csv/3975#51727979>				<https://panlex.org/snapshot/panlex-20191001-csv/3975#51727982>		"pˈi"@nmu	
"ti"@nmn	<https://panlex.org/snapshot/panlex-20191001-csv/3975#51732759>				<https://panlex.org/snapshot/panlex-20191001-csv/3975#51732764>		"ʔˌan-ˈi"@nmu	
"hà"@nmn	<https://panlex.org/snapshot/panlex-20191001-csv/3975#51723806>				<https://panlex.org/snapshot/panlex-20191001-csv/3975#51723809>		"pe-"@nmu	
"ɡǀūʰʔu"@nmn	<https://panlex.org/snapshot/panlex-20191001-csv/3975#51721316>				<https://panlex.org/snapshot/panlex-20191001-csv/3975#51721321>		"kʼˈut-tʼɨtʼˌɨ"@nmu	
"n=ǀa-ɡǀe"@nmn	<https://panlex.org/snapshot/panlex-20191001-csv/3975#51726244>				<https://panlex.org/snapshot/panlex-20191001-csv/3975#51726245>		"hˌon-ˈi"@nmu	
"ʘwiː"@nmn	<https://panlex.org/snapshot/panlex-20191001-csv/3975#51728136>				<https://panlex.org/snapshot/panlex-20191001-csv/3975#51728137>		"sˌɨm-ˈi"@nmu	
"ʘàye"@nmn	<https://panlex.org/snapshot/panlex-20191001-csv/3975#51728130>				<https://panlex.org/snapshot/panlex-20191001-csv/3975#51728137>		"sˌɨm-ˈi"@nmu	
"dɔhé"@nmn	<https://panlex.org/snapshot/panlex-20191001-csv/3975#51724380>				<https://panlex.org/snapshot/panlex-20191001-csv/3975#51724381>		"yˈe"@nmu	
"ǀǀɔː"@nmn	<https://panlex.org/snapshot/panlex-20191001-csv/3975#51722158>				<https://panlex.org/snapshot/panlex-20191001-csv/3975#51722159>		"tˈɨ-ti-"@nmu	
"kxãː"@nmn	<https://panlex.org/snapshot/panlex-20191001-csv/3975#51723201>				<https://panlex.org/snapshot/panlex-20191001-csv/3975#51723209>		"mo-"@nmu	
"ǂʼʰu"@nmn	<https://panlex.org/snapshot/panlex-20191001-csv/3975#51731895>				<https://panlex.org/snapshot/panlex-20191001-csv/3975#51731896>		"tˈɨs-woyˌe-"@nmu	
"ǀǀʼaː"@nmn	<https://panlex.org/snapshot/panlex-20191001-csv/3975#51726714>				<https://panlex.org/snapshot/panlex-20191001-csv/3975#51726716>		"wˈono-ti-"@nmu	
"ɳǀã-ɳǀã"@nmn	<https://panlex.org/snapshot/panlex-20191001-csv/3975#51730868>				<https://panlex.org/snapshot/panlex-20191001-csv/3975#51730869>		"ȶʼe-"@nmu	
"ǀǀʼwa"@nmn	<https://panlex.org/snapshot/panlex-20191001-csv/3975#51728403>				<https://panlex.org/snapshot/panlex-20191001-csv/3975#51728404>		"yamˈan-i"@nmu	
"tẽ́ʔẽ"@nmn	<https://panlex.org/snapshot/panlex-20191001-csv/3975#51730693>				<https://panlex.org/snapshot/panlex-20191001-csv/3975#51730698>		"ʔa-"@nmu	
"ɡǂqʰúi"@nmn	<https://panlex.org/snapshot/panlex-20191001-csv/3975#51735096>				<https://panlex.org/snapshot/panlex-20191001-csv/3975#51735097>		"ȶʼu-lˈalˌak"@nmu	
"ǂʼi"@nmn	<https://panlex.org/snapshot/panlex-20191001-csv/3975#51729750>				<https://panlex.org/snapshot/panlex-20191001-csv/3975#51729753>		"mˈayɗɨ"@nmu	
"tuː"@nmn	<https://panlex.org/snapshot/panlex-20191001-csv/3975#51726103>				<https://panlex.org/snapshot/panlex-20191001-csv/3975#51726105>		"pˈin-"@nmu	
"ã̀"@nmn	<https://panlex.org/snapshot/panlex-20191001-csv/3975#51723805>				<https://panlex.org/snapshot/panlex-20191001-csv/3975#51723809>		"pe-"@nmu	
"ǂabbu"@nmn	<https://panlex.org/snapshot/panlex-20191001-csv/3975#51725495>				<https://panlex.org/snapshot/panlex-20191001-csv/3975#51725497>		"tˈit=tˌit"@nmu	
"ɳǂui"@nmn	<https://panlex.org/snapshot/panlex-20191001-csv/3975#51723496>				<https://panlex.org/snapshot/panlex-20191001-csv/3975#51723498>		"ɓonˈo"@nmu	
"ǀǀũ"@nmn	<https://panlex.org/snapshot/panlex-20191001-csv/3975#51731889>				<https://panlex.org/snapshot/panlex-20191001-csv/3975#51731896>		"tˈɨs-woyˌe-"@nmu	
"i"@nmn	<https://panlex.org/snapshot/panlex-20191001-csv/3975#51734338>				<https://panlex.org/snapshot/panlex-20191001-csv/3975#51734339>		"nˌi-sˈe"@nmu	
"i"@nmn	<https://panlex.org/snapshot/panlex-20191001-csv/3975#51725222>				<https://panlex.org/snapshot/panlex-20191001-csv/3975#51725223>		"mˈey-"@nmu	
"cʼou"@nmn	<https://panlex.org/snapshot/panlex-20191001-csv/3975#51730999>				<https://panlex.org/snapshot/panlex-20191001-csv/3975#51731000>		"kʼˌom-ˈi"@nmu	
"he"@nmn	<https://panlex.org/snapshot/panlex-20191001-csv/3975#51732761>				<https://panlex.org/snapshot/panlex-20191001-csv/3975#51732764>		"ʔˌan-ˈi"@nmu	
"si=ɡǀǀwi"@nmn	<https://panlex.org/snapshot/panlex-20191001-csv/3975#51735905>				<https://panlex.org/snapshot/panlex-20191001-csv/3975#51735910>		"hˈus-kɨ"@nmu	
"tʼùm"@nmn	<https://panlex.org/snapshot/panlex-20191001-csv/3975#51731309>				<https://panlex.org/snapshot/panlex-20191001-csv/3975#51731313>		"po-sˈal-i"@nmu	
"tʼùm"@nmn	<https://panlex.org/snapshot/panlex-20191001-csv/3975#51731309>				<https://panlex.org/snapshot/panlex-20191001-csv/3975#51731312>		"po-sˈala"@nmu	
"gʸa-ŋ"@nmn	<https://panlex.org/snapshot/panlex-20191001-csv/3975#51732912>				<https://panlex.org/snapshot/panlex-20191001-csv/3975#51732913>		"ʔunˈi"@nmu	
"zé"@nmn	<https://panlex.org/snapshot/panlex-20191001-csv/3975#51724808>				<https://panlex.org/snapshot/panlex-20191001-csv/3975#51724809>		"kˈay-"@nmu	
"ǀǀũ"@nmn	<https://panlex.org/snapshot/panlex-20191001-csv/3975#51731893>				<https://panlex.org/snapshot/panlex-20191001-csv/3975#51731896>		"tˈɨs-woyˌe-"@nmu	
"ɳǀǀáu"@nmn	<https://panlex.org/snapshot/panlex-20191001-csv/3975#51735353>				<https://panlex.org/snapshot/panlex-20191001-csv/3975#51735355>		"wihˈɨl-"@nmu	
"ɳǀɔ̀e"@nmn	<https://panlex.org/snapshot/panlex-20191001-csv/3975#51729113>				<https://panlex.org/snapshot/panlex-20191001-csv/3975#51729118>		"pˈo"@nmu	
"ta-le"@nmn	<https://panlex.org/snapshot/panlex-20191001-csv/3975#51732758>				<https://panlex.org/snapshot/panlex-20191001-csv/3975#51732764>		"ʔˌan-ˈi"@nmu	
"ǀẽ"@nmn	<https://panlex.org/snapshot/panlex-20191001-csv/3975#51728691>				<https://panlex.org/snapshot/panlex-20191001-csv/3975#51728695>		"ya"@nmu	
"ǀẽ"@nmn	<https://panlex.org/snapshot/panlex-20191001-csv/3975#51728691>				<https://panlex.org/snapshot/panlex-20191001-csv/3975#51728694>		"yˈa"@nmu	
"ǂwɛ"@nmn	<https://panlex.org/snapshot/panlex-20191001-csv/3975#51736190>				<https://panlex.org/snapshot/panlex-20191001-csv/3975#51736192>		"ɓˈɨ-wo"@nmu	
"tiá"@nmn	<https://panlex.org/snapshot/panlex-20191001-csv/3975#51729434>				<https://panlex.org/snapshot/panlex-20191001-csv/3975#51729438>		"=men-"@nmu	
"ɡǀā̰iʰ"@nmn	<https://panlex.org/snapshot/panlex-20191001-csv/3975#51725493>				<https://panlex.org/snapshot/panlex-20191001-csv/3975#51725497>		"tˈit=tˌit"@nmu	
"ɡǀãũ"@nmn	<https://panlex.org/snapshot/panlex-20191001-csv/3975#51732605>				<https://panlex.org/snapshot/panlex-20191001-csv/3975#51732609>		"ɓˌuk-ˈu"@nmu	
"kʼi=ǀǀɛ"@nmn	<https://panlex.org/snapshot/panlex-20191001-csv/3975#51733366>				<https://panlex.org/snapshot/panlex-20191001-csv/3975#51733367>		"ȶʼˌikʼ-ˈi"@nmu	
"ǀǀxau"@nmn	<https://panlex.org/snapshot/panlex-20191001-csv/3975#51721739>				<https://panlex.org/snapshot/panlex-20191001-csv/3975#51721740>		"seɗˈe"@nmu	
"ǂũẽ"@nmn	<https://panlex.org/snapshot/panlex-20191001-csv/3975#51728545>				<https://panlex.org/snapshot/panlex-20191001-csv/3975#51728548>		"sˌim-ˈi"@nmu	
"ǀǀã"@nmn	<https://panlex.org/snapshot/panlex-20191001-csv/3975#51726376>				<https://panlex.org/snapshot/panlex-20191001-csv/3975#51726378>		"yˈonno"@nmu	
"ǀǀõː"@nmn	<https://panlex.org/snapshot/panlex-20191001-csv/3975#51720907>				<https://panlex.org/snapshot/panlex-20191001-csv/3975#51720908>		"kapˈu-m-i"@nmu	
"ǂʼũ"@nmn	<https://panlex.org/snapshot/panlex-20191001-csv/3975#51724106>				<https://panlex.org/snapshot/panlex-20191001-csv/3975#51724109>		"hˌin-ˈi"@nmu	
"ɳǀaː"@nmn	<https://panlex.org/snapshot/panlex-20191001-csv/3975#51725941>				<https://panlex.org/snapshot/panlex-20191001-csv/3975#51725944>		"ʔo-nˈo"@nmu	
"i"@nmn	<https://panlex.org/snapshot/panlex-20191001-csv/3975#51734329>				<https://panlex.org/snapshot/panlex-20191001-csv/3975#51734339>		"nˌi-sˈe"@nmu	
"ǂxai"@nmn	<https://panlex.org/snapshot/panlex-20191001-csv/3975#51723041>				<https://panlex.org/snapshot/panlex-20191001-csv/3975#51723047>		"sˈɨ"@nmu	
"ǀǀaa"@nmn	<https://panlex.org/snapshot/panlex-20191001-csv/3975#51733831>				<https://panlex.org/snapshot/panlex-20191001-csv/3975#51733833>		"ʔɨ=kʼˈoy-"@nmu	
"ǂã"@nmn	<https://panlex.org/snapshot/panlex-20191001-csv/3975#51721883>				<https://panlex.org/snapshot/panlex-20191001-csv/3975#51721884>		"ɓˌɨm-ˈi"@nmu	
"sâː"@nmn	<https://panlex.org/snapshot/panlex-20191001-csv/3975#51733824>				<https://panlex.org/snapshot/panlex-20191001-csv/3975#51733833>		"ʔɨ=kʼˈoy-"@nmu	
"ša"@nmn	<https://panlex.org/snapshot/panlex-20191001-csv/3975#51733827>				<https://panlex.org/snapshot/panlex-20191001-csv/3975#51733833>		"ʔɨ=kʼˈoy-"@nmu	
"ša"@nmn	<https://panlex.org/snapshot/panlex-20191001-csv/3975#51722717>				<https://panlex.org/snapshot/panlex-20191001-csv/3975#51722722>		"ʔɨ=yˈe-"@nmu	
"ʔǀnà̰n"@nmn	<https://panlex.org/snapshot/panlex-20191001-csv/3975#51733207>				<https://panlex.org/snapshot/panlex-20191001-csv/3975#51733211>		"ʔˌen-ˈi"@nmu	
"ǀkxa"@nmn	<https://panlex.org/snapshot/panlex-20191001-csv/3975#51725783>				<https://panlex.org/snapshot/panlex-20191001-csv/3975#51725787>		"mˈa"@nmu	
"kʰáː"@nmn	<https://panlex.org/snapshot/panlex-20191001-csv/3975#51734135>				<https://panlex.org/snapshot/panlex-20191001-csv/3975#51734139>		"mˌo-m-ˈi"@nmu	
"ǀǀʼùː"@nmn	<https://panlex.org/snapshot/panlex-20191001-csv/3975#51731310>				<https://panlex.org/snapshot/panlex-20191001-csv/3975#51731313>		"po-sˈal-i"@nmu	
"ǀǀʼùː"@nmn	<https://panlex.org/snapshot/panlex-20191001-csv/3975#51731310>				<https://panlex.org/snapshot/panlex-20191001-csv/3975#51731312>		"po-sˈala"@nmu	
"āʰ"@nmn	<https://panlex.org/snapshot/panlex-20191001-csv/3975#51733049>				<https://panlex.org/snapshot/panlex-20191001-csv/3975#51733055>		"mˈi"@nmu	
"ǂa"@nmn	<https://panlex.org/snapshot/panlex-20191001-csv/3975#51733832>				<https://panlex.org/snapshot/panlex-20191001-csv/3975#51733833>		"ʔɨ=kʼˈoy-"@nmu	
"ɳǂu"@nmn	<https://panlex.org/snapshot/panlex-20191001-csv/3975#51724951>				<https://panlex.org/snapshot/panlex-20191001-csv/3975#51724952>		"pˌay-ˈi"@nmu	
"ǀǀʼʌn"@nmn	<https://panlex.org/snapshot/panlex-20191001-csv/3975#51732335>				<https://panlex.org/snapshot/panlex-20191001-csv/3975#51732340>		"pˌokʼ-ˈo"@nmu	
"ǀǀõ-ɳǀaŋ"@nmn	<https://panlex.org/snapshot/panlex-20191001-csv/3975#51726853>				<https://panlex.org/snapshot/panlex-20191001-csv/3975#51726856>		"pokʼˈos-i"@nmu	
"ǀɔ"@nmn	<https://panlex.org/snapshot/panlex-20191001-csv/3975#51725638>				<https://panlex.org/snapshot/panlex-20191001-csv/3975#51725639>		"ɓutˈu"@nmu	
"tuː"@nmn	<https://panlex.org/snapshot/panlex-20191001-csv/3975#51727290>				<https://panlex.org/snapshot/panlex-20191001-csv/3975#51727292>		"wo-wˈo-kinu-"@nmu	
"ǀqʰũ̀ã"@nmn	<https://panlex.org/snapshot/panlex-20191001-csv/3975#51725634>				<https://panlex.org/snapshot/panlex-20191001-csv/3975#51725639>		"ɓutˈu"@nmu	
"ǀʼʰum-sa"@nmn	<https://panlex.org/snapshot/panlex-20191001-csv/3975#51722421>				<https://panlex.org/snapshot/panlex-20191001-csv/3975#51722422>		"yˈa"@nmu	
"si"@nmn	<https://panlex.org/snapshot/panlex-20191001-csv/3975#51722712>				<https://panlex.org/snapshot/panlex-20191001-csv/3975#51722722>		"ʔɨ=yˈe-"@nmu	
"si"@nmn	<https://panlex.org/snapshot/panlex-20191001-csv/3975#51734328>				<https://panlex.org/snapshot/panlex-20191001-csv/3975#51734339>		"nˌi-sˈe"@nmu	
"ɳǀǀaː"@nmn	<https://panlex.org/snapshot/panlex-20191001-csv/3975#51734651>				<https://panlex.org/snapshot/panlex-20191001-csv/3975#51734652>		"ɗˈal=ɗˌal"@nmu	
"ǂʰai"@nmn	<https://panlex.org/snapshot/panlex-20191001-csv/3975#51733513>				<https://panlex.org/snapshot/panlex-20191001-csv/3975#51733514>		"ȶʼˈa"@nmu	
"úːsi"@nmn	<https://panlex.org/snapshot/panlex-20191001-csv/3975#51721165>				<https://panlex.org/snapshot/panlex-20191001-csv/3975#51721168>		"tetˈe"@nmu	
"ǀǀora-sa"@nmn	<https://panlex.org/snapshot/panlex-20191001-csv/3975#51722294>				<https://panlex.org/snapshot/panlex-20191001-csv/3975#51722296>		"ɓˌiȶʼ-ˈi"@nmu	
"si=ǀu"@nmn	<https://panlex.org/snapshot/panlex-20191001-csv/3975#51721319>				<https://panlex.org/snapshot/panlex-20191001-csv/3975#51721321>		"kʼˈut-tʼɨtʼˌɨ"@nmu	
"sí"@nmn	<https://panlex.org/snapshot/panlex-20191001-csv/3975#51722720>				<https://panlex.org/snapshot/panlex-20191001-csv/3975#51722722>		"ʔɨ=yˈe-"@nmu	
"tã̰́ː"@nmn	<https://panlex.org/snapshot/panlex-20191001-csv/3975#51726099>				<https://panlex.org/snapshot/panlex-20191001-csv/3975#51726105>		"pˈin-"@nmu	
"ǀǀxuːm"@nmn	<https://panlex.org/snapshot/panlex-20191001-csv/3975#51730540>				<https://panlex.org/snapshot/panlex-20191001-csv/3975#51730542>		"ɓɨmˈɨk-ɨ"@nmu	
"ɳǀeː"@nmn	<https://panlex.org/snapshot/panlex-20191001-csv/3975#51730864>				<https://panlex.org/snapshot/panlex-20191001-csv/3975#51730869>		"ȶʼe-"@nmu	
"ǀǀĩ"@nmn	<https://panlex.org/snapshot/panlex-20191001-csv/3975#51725372>				<https://panlex.org/snapshot/panlex-20191001-csv/3975#51725373>		"yahˈa"@nmu	
"ǀǀĩ"@nmn	<https://panlex.org/snapshot/panlex-20191001-csv/3975#51725372>				<https://panlex.org/snapshot/panlex-20191001-csv/3975#51725374>		"yˈa"@nmu	
"ɳǀa"@nmn	<https://panlex.org/snapshot/panlex-20191001-csv/3975#51725938>				<https://panlex.org/snapshot/panlex-20191001-csv/3975#51725944>		"ʔo-nˈo"@nmu	
"ɳǀa"@nmn	<https://panlex.org/snapshot/panlex-20191001-csv/3975#51730861>				<https://panlex.org/snapshot/panlex-20191001-csv/3975#51730869>		"ȶʼe-"@nmu	
"ǀǀkxɔː"@nmn	<https://panlex.org/snapshot/panlex-20191001-csv/3975#51732181>				<https://panlex.org/snapshot/panlex-20191001-csv/3975#51732182>		"ʔˈo"@nmu	
"ǂʰi"@nmn	<https://panlex.org/snapshot/panlex-20191001-csv/3975#51723042>				<https://panlex.org/snapshot/panlex-20191001-csv/3975#51723047>		"sˈɨ"@nmu	
"síʔi-sà"@nmn	<https://panlex.org/snapshot/panlex-20191001-csv/3975#51735903>				<https://panlex.org/snapshot/panlex-20191001-csv/3975#51735910>		"hˈus-kɨ"@nmu	
"ŋ"@nmn	<https://panlex.org/snapshot/panlex-20191001-csv/3975#51726537>				<https://panlex.org/snapshot/panlex-20191001-csv/3975#51726548>		"nˈi"@nmu	
"ŋ"@nmn	<https://panlex.org/snapshot/panlex-20191001-csv/3975#51726547>				<https://panlex.org/snapshot/panlex-20191001-csv/3975#51726548>		"nˈi"@nmu	
"ǀam"@nmn	<https://panlex.org/snapshot/panlex-20191001-csv/3975#51733670>				<https://panlex.org/snapshot/panlex-20191001-csv/3975#51733672>		"pˈene"@nmu	
"ŋ"@nmn	<https://panlex.org/snapshot/panlex-20191001-csv/3975#51726544>				<https://panlex.org/snapshot/panlex-20191001-csv/3975#51726548>		"nˈi"@nmu	
"ǀǀa"@nmn	<https://panlex.org/snapshot/panlex-20191001-csv/3975#51726994>				<https://panlex.org/snapshot/panlex-20191001-csv/3975#51726998>		"mˈak-kit-"@nmu	
"si=ɡǂwi"@nmn	<https://panlex.org/snapshot/panlex-20191001-csv/3975#51735906>				<https://panlex.org/snapshot/panlex-20191001-csv/3975#51735910>		"hˈus-kɨ"@nmu	
"si-sa"@nmn	<https://panlex.org/snapshot/panlex-20191001-csv/3975#51734331>				<https://panlex.org/snapshot/panlex-20191001-csv/3975#51734339>		"nˌi-sˈe"@nmu	
"ǀǀōna"@nmn	<https://panlex.org/snapshot/panlex-20191001-csv/3975#51732033>				<https://panlex.org/snapshot/panlex-20191001-csv/3975#51732037>		"lɨlˈɨ"@nmu	
"ǀǀʼʰu"@nmn	<https://panlex.org/snapshot/panlex-20191001-csv/3975#51731894>				<https://panlex.org/snapshot/panlex-20191001-csv/3975#51731896>		"tˈɨs-woyˌe-"@nmu	
"kōː kàʔã̀"@nmn	<https://panlex.org/snapshot/panlex-20191001-csv/3975#51720629>				<https://panlex.org/snapshot/panlex-20191001-csv/3975#51720634>		"ʔɨpˈe-kʼan-ˌi"@nmu	
"ǀʼãː"@nmn	<https://panlex.org/snapshot/panlex-20191001-csv/3975#51724525>				<https://panlex.org/snapshot/panlex-20191001-csv/3975#51724530>		"sˈa"@nmu	
"ǀǀárri"@nmn	<https://panlex.org/snapshot/panlex-20191001-csv/3975#51720632>				<https://panlex.org/snapshot/panlex-20191001-csv/3975#51720634>		"ʔɨpˈe-kʼan-ˌi"@nmu	
"ceya"@nmn	<https://panlex.org/snapshot/panlex-20191001-csv/3975#51721456>				<https://panlex.org/snapshot/panlex-20191001-csv/3975#51721458>		"ɗˈo-"@nmu	
"tãŋ"@nmn	<https://panlex.org/snapshot/panlex-20191001-csv/3975#51726102>				<https://panlex.org/snapshot/panlex-20191001-csv/3975#51726105>		"pˈin-"@nmu	
"ǀʼaː"@nmn	<https://panlex.org/snapshot/panlex-20191001-csv/3975#51722889>				<https://panlex.org/snapshot/panlex-20191001-csv/3975#51722892>		"wˈono-"@nmu	
"ɡʘwaːa"@nmn	<https://panlex.org/snapshot/panlex-20191001-csv/3975#51733511>				<https://panlex.org/snapshot/panlex-20191001-csv/3975#51733514>		"ȶʼˈa"@nmu	
"ɡǀàne"@nmn	<https://panlex.org/snapshot/panlex-20191001-csv/3975#51730037>				<https://panlex.org/snapshot/panlex-20191001-csv/3975#51730039>		"lˈak=lˌak-pe"@nmu	
"qáʔɲa"@nmn	<https://panlex.org/snapshot/panlex-20191001-csv/3975#51735630>				<https://panlex.org/snapshot/panlex-20191001-csv/3975#51735631>		"ɓˈa"@nmu	
"ɡǀaːna"@nmn	<https://panlex.org/snapshot/panlex-20191001-csv/3975#51727135>				<https://panlex.org/snapshot/panlex-20191001-csv/3975#51727137>		"ɓotˈo"@nmu	
"ǀe"@nmn	<https://panlex.org/snapshot/panlex-20191001-csv/3975#51730694>				<https://panlex.org/snapshot/panlex-20191001-csv/3975#51730698>		"ʔa-"@nmu	
"ǀǀa̰ːa̰ː"@nmn	<https://panlex.org/snapshot/panlex-20191001-csv/3975#51729430>				<https://panlex.org/snapshot/panlex-20191001-csv/3975#51729438>		"=men-"@nmu	
"kʼa=ɳǂü"@nmn	<https://panlex.org/snapshot/panlex-20191001-csv/3975#51722295>				<https://panlex.org/snapshot/panlex-20191001-csv/3975#51722296>		"ɓˌiȶʼ-ˈi"@nmu	
"ǂʼũ̂ã"@nmn	<https://panlex.org/snapshot/panlex-20191001-csv/3975#51729599>				<https://panlex.org/snapshot/panlex-20191001-csv/3975#51729603>		"sˈɨtti"@nmu	
"ǀǀú"@nmn	<https://panlex.org/snapshot/panlex-20191001-csv/3975#51728830>				<https://panlex.org/snapshot/panlex-20191001-csv/3975#51728831>		"kʼˌuy-ˈi"@nmu	
"ɳǀaːn"@nmn	<https://panlex.org/snapshot/panlex-20191001-csv/3975#51733208>				<https://panlex.org/snapshot/panlex-20191001-csv/3975#51733211>		"ʔˌen-ˈi"@nmu	
