"ǀǀxauu"@nmn	<https://panlex.org/snapshot/panlex-20191001-csv/3975#51721738>				<https://panlex.org/snapshot/panlex-20191001-csv/3975#51721694>		"ǀqʼi"@huc	
"tVːʔV"@nmn	<https://panlex.org/snapshot/panlex-20191001-csv/3975#51732908>				<https://panlex.org/snapshot/panlex-20191001-csv/3975#51732872>		"háː"@huc	
"tuː"@nmn	<https://panlex.org/snapshot/panlex-20191001-csv/3975#51727286>				<https://panlex.org/snapshot/panlex-20191001-csv/3975#51727244>		"ǂqíʔi"@huc	
"ǀǀáli"@nmn	<https://panlex.org/snapshot/panlex-20191001-csv/3975#51727976>				<https://panlex.org/snapshot/panlex-20191001-csv/3975#51727939>		"ǯua"@huc	
"ǀǀáli"@nmn	<https://panlex.org/snapshot/panlex-20191001-csv/3975#51727976>				<https://panlex.org/snapshot/panlex-20191001-csv/3975#51727940>		"ʒũã"@huc	
"sé"@nmn	<https://panlex.org/snapshot/panlex-20191001-csv/3975#51722719>				<https://panlex.org/snapshot/panlex-20191001-csv/3975#51722656>		"čá"@huc	
"kxãː"@nmn	<https://panlex.org/snapshot/panlex-20191001-csv/3975#51723206>				<https://panlex.org/snapshot/panlex-20191001-csv/3975#51723151>		"ču"@huc	
"sa"@nmn	<https://panlex.org/snapshot/panlex-20191001-csv/3975#51722714>				<https://panlex.org/snapshot/panlex-20191001-csv/3975#51722656>		"čá"@huc	
"sa"@nmn	<https://panlex.org/snapshot/panlex-20191001-csv/3975#51733826>				<https://panlex.org/snapshot/panlex-20191001-csv/3975#51733781>		"ɕà̰o"@huc	
"ǀǀqṵV"@nmn	<https://panlex.org/snapshot/panlex-20191001-csv/3975#51728961>				<https://panlex.org/snapshot/panlex-20191001-csv/3975#51728930>		"zà"@huc	
"ǀüma"@nmn	<https://panlex.org/snapshot/panlex-20191001-csv/3975#51726997>				<https://panlex.org/snapshot/panlex-20191001-csv/3975#51726959>		"ciʔa"@huc	
"ti"@nmn	<https://panlex.org/snapshot/panlex-20191001-csv/3975#51732910>				<https://panlex.org/snapshot/panlex-20191001-csv/3975#51732872>		"háː"@huc	
"ši=ɡǀǀu"@nmn	<https://panlex.org/snapshot/panlex-20191001-csv/3975#51721317>				<https://panlex.org/snapshot/panlex-20191001-csv/3975#51721273>		"ǂǐ-sì:"@huc	
"n=ǀxaŋ"@nmn	<https://panlex.org/snapshot/panlex-20191001-csv/3975#51725786>				<https://panlex.org/snapshot/panlex-20191001-csv/3975#51725743>		"šíu"@huc	
"ɳʘoi"@nmn	<https://panlex.org/snapshot/panlex-20191001-csv/3975#51733509>				<https://panlex.org/snapshot/panlex-20191001-csv/3975#51733466>		"ǀʼṍ"@huc	
"ǀǀxwá"@nmn	<https://panlex.org/snapshot/panlex-20191001-csv/3975#51734650>				<https://panlex.org/snapshot/panlex-20191001-csv/3975#51734622>		"ǂà̰ʔnna"@huc	
"qã́ĩ"@nmn	<https://panlex.org/snapshot/panlex-20191001-csv/3975#51725371>				<https://panlex.org/snapshot/panlex-20191001-csv/3975#51725331>		"qʰãẽ"@huc	
"ɳǀwe"@nmn	<https://panlex.org/snapshot/panlex-20191001-csv/3975#51729114>				<https://panlex.org/snapshot/panlex-20191001-csv/3975#51729064>		"cʰao"@huc	
"ǀǀxwe"@nmn	<https://panlex.org/snapshot/panlex-20191001-csv/3975#51728962>				<https://panlex.org/snapshot/panlex-20191001-csv/3975#51728930>		"zà"@huc	
"biː"@nmn	<https://panlex.org/snapshot/panlex-20191001-csv/3975#51727840>				<https://panlex.org/snapshot/panlex-20191001-csv/3975#51727791>		"ʔǎ̰ri"@huc	
"ckxâye"@nmn	<https://panlex.org/snapshot/panlex-20191001-csv/3975#51731754>				<https://panlex.org/snapshot/panlex-20191001-csv/3975#51731710>		"ʓō̰e"@huc	
"ɳʘṵ̃́ː"@nmn	<https://panlex.org/snapshot/panlex-20191001-csv/3975#51727695>				<https://panlex.org/snapshot/panlex-20191001-csv/3975#51727658>		"cʼiː"@huc	
"ǀɛ̃́ː"@nmn	<https://panlex.org/snapshot/panlex-20191001-csv/3975#51734961>				<https://panlex.org/snapshot/panlex-20191001-csv/3975#51734907>		"ʔǎ̰ri=ɡǀǀá̰i"@huc	
"dau"@nmn	<https://panlex.org/snapshot/panlex-20191001-csv/3975#51730178>				<https://panlex.org/snapshot/panlex-20191001-csv/3975#51730138>		"ʓeo"@huc	
"ʒá̰ba-tá"@nmn	<https://panlex.org/snapshot/panlex-20191001-csv/3975#51736038>				<https://panlex.org/snapshot/panlex-20191001-csv/3975#51736004>		"ǀxolo"@huc	
"ǀǀʼe"@nmn	<https://panlex.org/snapshot/panlex-20191001-csv/3975#51733829>				<https://panlex.org/snapshot/panlex-20191001-csv/3975#51733781>		"ɕà̰o"@huc	
"de"@nmn	<https://panlex.org/snapshot/panlex-20191001-csv/3975#51727839>				<https://panlex.org/snapshot/panlex-20191001-csv/3975#51727791>		"ʔǎ̰ri"@huc	
"gʸàː=a"@nmn	<https://panlex.org/snapshot/panlex-20191001-csv/3975#51733054>				<https://panlex.org/snapshot/panlex-20191001-csv/3975#51733014>		"úː"@huc	
"ǀV … èʰ"@nmn	<https://panlex.org/snapshot/panlex-20191001-csv/3975#51734514>				<https://panlex.org/snapshot/panlex-20191001-csv/3975#51734472>		"ɕini"@huc	
"coo"@nmn	<https://panlex.org/snapshot/panlex-20191001-csv/3975#51724107>				<https://panlex.org/snapshot/panlex-20191001-csv/3975#51724055>		"ʘōā"@huc	
"ʘwe"@nmn	<https://panlex.org/snapshot/panlex-20191001-csv/3975#51728131>				<https://panlex.org/snapshot/panlex-20191001-csv/3975#51728085>		"ǀǀa̰ḛ"@huc	
"kûbi"@nmn	<https://panlex.org/snapshot/panlex-20191001-csv/3975#51733997>				<https://panlex.org/snapshot/panlex-20191001-csv/3975#51733959>		"kǔru"@huc	
"kʰáá"@nmn	<https://panlex.org/snapshot/panlex-20191001-csv/3975#51734136>				<https://panlex.org/snapshot/panlex-20191001-csv/3975#51734092>		"ǯo"@huc	
"ǀǀwẽ̀-ǀǀwẽ̀"@nmn	<https://panlex.org/snapshot/panlex-20191001-csv/3975#51726855>				<https://panlex.org/snapshot/panlex-20191001-csv/3975#51726820>		"ǂʰeme"@huc	
"ǂkxûm"@nmn	<https://panlex.org/snapshot/panlex-20191001-csv/3975#51723638>				<https://panlex.org/snapshot/panlex-20191001-csv/3975#51723598>		"kxà"@huc	
"úːši"@nmn	<https://panlex.org/snapshot/panlex-20191001-csv/3975#51721166>				<https://panlex.org/snapshot/panlex-20191001-csv/3975#51721133>		"ɳǀǀam"@huc	
"tâː=à̰ː"@nmn	<https://panlex.org/snapshot/panlex-20191001-csv/3975#51727833>				<https://panlex.org/snapshot/panlex-20191001-csv/3975#51727791>		"ʔǎ̰ri"@huc	
"ɳǀǀaːlu"@nmn	<https://panlex.org/snapshot/panlex-20191001-csv/3975#51731756>				<https://panlex.org/snapshot/panlex-20191001-csv/3975#51731710>		"ʓō̰e"@huc	
"ǂʰǎŋ"@nmn	<https://panlex.org/snapshot/panlex-20191001-csv/3975#51723046>				<https://panlex.org/snapshot/panlex-20191001-csv/3975#51722994>		"ɕeama"@huc	
"dau"@nmn	<https://panlex.org/snapshot/panlex-20191001-csv/3975#51730177>				<https://panlex.org/snapshot/panlex-20191001-csv/3975#51730138>		"ʓeo"@huc	
"ǀɛn"@nmn	<https://panlex.org/snapshot/panlex-20191001-csv/3975#51732338>				<https://panlex.org/snapshot/panlex-20191001-csv/3975#51732286>		"ʒʼaː"@huc	
"ǀɛn"@nmn	<https://panlex.org/snapshot/panlex-20191001-csv/3975#51732338>				<https://panlex.org/snapshot/panlex-20191001-csv/3975#51732284>		"čʰaː"@huc	
"ǀɛn"@nmn	<https://panlex.org/snapshot/panlex-20191001-csv/3975#51732338>				<https://panlex.org/snapshot/panlex-20191001-csv/3975#51732285>		"ʒa"@huc	
"tâː"@nmn	<https://panlex.org/snapshot/panlex-20191001-csv/3975#51729747>				<https://panlex.org/snapshot/panlex-20191001-csv/3975#51729705>		"ǂʼàm-kòːe"@huc	
"kúli"@nmn	<https://panlex.org/snapshot/panlex-20191001-csv/3975#51736431>				<https://panlex.org/snapshot/panlex-20191001-csv/3975#51736393>		"kʰãẽ"@huc	
"kúli"@nmn	<https://panlex.org/snapshot/panlex-20191001-csv/3975#51736431>				<https://panlex.org/snapshot/panlex-20191001-csv/3975#51736394>		"kʰẽĩ"@huc	
"sîː"@nmn	<https://panlex.org/snapshot/panlex-20191001-csv/3975#51722711>				<https://panlex.org/snapshot/panlex-20191001-csv/3975#51722656>		"čá"@huc	
"na"@nmn	<https://panlex.org/snapshot/panlex-20191001-csv/3975#51726542>				<https://panlex.org/snapshot/panlex-20191001-csv/3975#51726483>		"ma"@huc	
"ha"@nmn	<https://panlex.org/snapshot/panlex-20191001-csv/3975#51732760>				<https://panlex.org/snapshot/panlex-20191001-csv/3975#51732717>		"ɕǒa"@huc	
"kxeː"@nmn	<https://panlex.org/snapshot/panlex-20191001-csv/3975#51723202>				<https://panlex.org/snapshot/panlex-20191001-csv/3975#51723151>		"ču"@huc	
"ɡǀà̰i"@nmn	<https://panlex.org/snapshot/panlex-20191001-csv/3975#51725494>				<https://panlex.org/snapshot/panlex-20191001-csv/3975#51725464>		"za̰ʔa"@huc	
"ʘwi"@nmn	<https://panlex.org/snapshot/panlex-20191001-csv/3975#51728135>				<https://panlex.org/snapshot/panlex-20191001-csv/3975#51728085>		"ǀǀa̰ḛ"@huc	
"ǀʰóo"@nmn	<https://panlex.org/snapshot/panlex-20191001-csv/3975#51725637>				<https://panlex.org/snapshot/panlex-20191001-csv/3975#51725589>		"ɳǂu"@huc	
"tʸa"@nmn	<https://panlex.org/snapshot/panlex-20191001-csv/3975#51729437>				<https://panlex.org/snapshot/panlex-20191001-csv/3975#51729384>		"ǀʰõʔõ"@huc	
"kɑ̀"@nmn	<https://panlex.org/snapshot/panlex-20191001-csv/3975#51734138>				<https://panlex.org/snapshot/panlex-20191001-csv/3975#51734092>		"ǯo"@huc	
"ǂuː"@nmn	<https://panlex.org/snapshot/panlex-20191001-csv/3975#51728546>				<https://panlex.org/snapshot/panlex-20191001-csv/3975#51728501>		"šĩ"@huc	
"ǀǀʼʌn-te pl."@nmn	<https://panlex.org/snapshot/panlex-20191001-csv/3975#51733364>				<https://panlex.org/snapshot/panlex-20191001-csv/3975#51733317>		"cʼíú"@huc	
"ǀʼi"@nmn	<https://panlex.org/snapshot/panlex-20191001-csv/3975#51732339>				<https://panlex.org/snapshot/panlex-20191001-csv/3975#51732286>		"ʒʼaː"@huc	
"ǀʼi"@nmn	<https://panlex.org/snapshot/panlex-20191001-csv/3975#51732339>				<https://panlex.org/snapshot/panlex-20191001-csv/3975#51732284>		"čʰaː"@huc	
"ǀʼi"@nmn	<https://panlex.org/snapshot/panlex-20191001-csv/3975#51732339>				<https://panlex.org/snapshot/panlex-20191001-csv/3975#51732285>		"ʒa"@huc	
"kxa"@nmn	<https://panlex.org/snapshot/panlex-20191001-csv/3975#51723208>				<https://panlex.org/snapshot/panlex-20191001-csv/3975#51723151>		"ču"@huc	
"tVʔV"@nmn	<https://panlex.org/snapshot/panlex-20191001-csv/3975#51732757>				<https://panlex.org/snapshot/panlex-20191001-csv/3975#51732717>		"ɕǒa"@huc	
"ko"@nmn	<https://panlex.org/snapshot/panlex-20191001-csv/3975#51730695>				<https://panlex.org/snapshot/panlex-20191001-csv/3975#51730643>		"kiʔi"@huc	
"ǀǀkʼa"@nmn	<https://panlex.org/snapshot/panlex-20191001-csv/3975#51729429>				<https://panlex.org/snapshot/panlex-20191001-csv/3975#51729384>		"ǀʰõʔõ"@huc	
"tâː=qáe"@nmn	<https://panlex.org/snapshot/panlex-20191001-csv/3975#51734957>				<https://panlex.org/snapshot/panlex-20191001-csv/3975#51734907>		"ʔǎ̰ri=ɡǀǀá̰i"@huc	
"ɡǂi"@nmn	<https://panlex.org/snapshot/panlex-20191001-csv/3975#51723043>				<https://panlex.org/snapshot/panlex-20191001-csv/3975#51722994>		"ɕeama"@huc	
"cʼi"@nmn	<https://panlex.org/snapshot/panlex-20191001-csv/3975#51722721>				<https://panlex.org/snapshot/panlex-20191001-csv/3975#51722656>		"čá"@huc	
"cʼi"@nmn	<https://panlex.org/snapshot/panlex-20191001-csv/3975#51731154>				<https://panlex.org/snapshot/panlex-20191001-csv/3975#51731098>		"ʔɳǀā"@huc	
"tòa"@nmn	<https://panlex.org/snapshot/panlex-20191001-csv/3975#51727291>				<https://panlex.org/snapshot/panlex-20191001-csv/3975#51727244>		"ǂqíʔi"@huc	
"háru"@nmn	<https://panlex.org/snapshot/panlex-20191001-csv/3975#51735228>				<https://panlex.org/snapshot/panlex-20191001-csv/3975#51735199>		"ɡǂoa"@huc	
"ʒã̰̄ĩ̄ʰ"@nmn	<https://panlex.org/snapshot/panlex-20191001-csv/3975#51724805>				<https://panlex.org/snapshot/panlex-20191001-csv/3975#51724767>		"kàla"@huc	
"ǂʼāba"@nmn	<https://panlex.org/snapshot/panlex-20191001-csv/3975#51735758>				<https://panlex.org/snapshot/panlex-20191001-csv/3975#51735728>		"ǂeu"@huc	
"ʘʼaː"@nmn	<https://panlex.org/snapshot/panlex-20191001-csv/3975#51733510>				<https://panlex.org/snapshot/panlex-20191001-csv/3975#51733466>		"ǀʼṍ"@huc	
"laː"@nmn	<https://panlex.org/snapshot/panlex-20191001-csv/3975#51727836>				<https://panlex.org/snapshot/panlex-20191001-csv/3975#51727791>		"ʔǎ̰ri"@huc	
"ǂáʔɲa"@nmn	<https://panlex.org/snapshot/panlex-20191001-csv/3975#51721590>				<https://panlex.org/snapshot/panlex-20191001-csv/3975#51721553>		"ǂkxau"@huc	
"ǀǀár̃i"@nmn	<https://panlex.org/snapshot/panlex-20191001-csv/3975#51727981>				<https://panlex.org/snapshot/panlex-20191001-csv/3975#51727939>		"ǯua"@huc	
"ǀǀár̃i"@nmn	<https://panlex.org/snapshot/panlex-20191001-csv/3975#51727981>				<https://panlex.org/snapshot/panlex-20191001-csv/3975#51727940>		"ʒũã"@huc	
"ɡǀāna"@nmn	<https://panlex.org/snapshot/panlex-20191001-csv/3975#51727134>				<https://panlex.org/snapshot/panlex-20191001-csv/3975#51727096>		"kí=ʓȍ̰ba"@huc	
"tṵ̀m"@nmn	<https://panlex.org/snapshot/panlex-20191001-csv/3975#51731307>				<https://panlex.org/snapshot/panlex-20191001-csv/3975#51731258>		"čʼu"@huc	
"ǀǀwaː"@nmn	<https://panlex.org/snapshot/panlex-20191001-csv/3975#51723951>				<https://panlex.org/snapshot/panlex-20191001-csv/3975#51723917>		"kʰõʔẽ"@huc	
"ǀǀári"@nmn	<https://panlex.org/snapshot/panlex-20191001-csv/3975#51727978>				<https://panlex.org/snapshot/panlex-20191001-csv/3975#51727939>		"ǯua"@huc	
"ǀǀári"@nmn	<https://panlex.org/snapshot/panlex-20191001-csv/3975#51727978>				<https://panlex.org/snapshot/panlex-20191001-csv/3975#51727940>		"ʒũã"@huc	
"ʘwõĩ"@nmn	<https://panlex.org/snapshot/panlex-20191001-csv/3975#51731459>				<https://panlex.org/snapshot/panlex-20191001-csv/3975#51731414>		"cʼã̄"@huc	
"ɳǀaː"@nmn	<https://panlex.org/snapshot/panlex-20191001-csv/3975#51730865>				<https://panlex.org/snapshot/panlex-20191001-csv/3975#51730805>		"cí"@huc	
"ǀãũ"@nmn	<https://panlex.org/snapshot/panlex-20191001-csv/3975#51732604>				<https://panlex.org/snapshot/panlex-20191001-csv/3975#51732564>		"ʘxui"@huc	
"i=ǀáː-a"@nmn	<https://panlex.org/snapshot/panlex-20191001-csv/3975#51732608>				<https://panlex.org/snapshot/panlex-20191001-csv/3975#51732564>		"ʘxui"@huc	
"ʘwa-ai"@nmn	<https://panlex.org/snapshot/panlex-20191001-csv/3975#51731463>				<https://panlex.org/snapshot/panlex-20191001-csv/3975#51731414>		"cʼã̄"@huc	
"ɳǀi"@nmn	<https://panlex.org/snapshot/panlex-20191001-csv/3975#51725217>				<https://panlex.org/snapshot/panlex-20191001-csv/3975#51725169>		"šu"@huc	
"sã"@nmn	<https://panlex.org/snapshot/panlex-20191001-csv/3975#51731151>				<https://panlex.org/snapshot/panlex-20191001-csv/3975#51731098>		"ʔɳǀā"@huc	
"ǀǀwãi-si"@nmn	<https://panlex.org/snapshot/panlex-20191001-csv/3975#51735762>				<https://panlex.org/snapshot/panlex-20191001-csv/3975#51735728>		"ǂeu"@huc	
"ǀǀwana-te"@nmn	<https://panlex.org/snapshot/panlex-20191001-csv/3975#51732034>				<https://panlex.org/snapshot/panlex-20191001-csv/3975#51731991>		"ǂõ̏"@huc	
"ɔ̂-si"@nmn	<https://panlex.org/snapshot/panlex-20191001-csv/3975#51721167>				<https://panlex.org/snapshot/panlex-20191001-csv/3975#51721133>		"ɳǀǀam"@huc	
"si"@nmn	<https://panlex.org/snapshot/panlex-20191001-csv/3975#51722716>				<https://panlex.org/snapshot/panlex-20191001-csv/3975#51722656>		"čá"@huc	
"ɳǀǀum"@nmn	<https://panlex.org/snapshot/panlex-20191001-csv/3975#51733669>				<https://panlex.org/snapshot/panlex-20191001-csv/3975#51733618>		"ʘóːa"@huc	
"ɳʘoeː"@nmn	<https://panlex.org/snapshot/panlex-20191001-csv/3975#51733508>				<https://panlex.org/snapshot/panlex-20191001-csv/3975#51733466>		"ǀʼṍ"@huc	
"ǀǀkxwĩ"@nmn	<https://panlex.org/snapshot/panlex-20191001-csv/3975#51724105>				<https://panlex.org/snapshot/panlex-20191001-csv/3975#51724055>		"ʘōā"@huc	
"ǀǀʼoɽa"@nmn	<https://panlex.org/snapshot/panlex-20191001-csv/3975#51722552>				<https://panlex.org/snapshot/panlex-20191001-csv/3975#51722512>		"ǀaba"@huc	
"kʰái"@nmn	<https://panlex.org/snapshot/panlex-20191001-csv/3975#51734137>				<https://panlex.org/snapshot/panlex-20191001-csv/3975#51734092>		"ǯo"@huc	
"kxã̄ːʰ"@nmn	<https://panlex.org/snapshot/panlex-20191001-csv/3975#51723199>				<https://panlex.org/snapshot/panlex-20191001-csv/3975#51723151>		"ču"@huc	
"ǀǀari"@nmn	<https://panlex.org/snapshot/panlex-20191001-csv/3975#51727977>				<https://panlex.org/snapshot/panlex-20191001-csv/3975#51727939>		"ǯua"@huc	
"ǀǀari"@nmn	<https://panlex.org/snapshot/panlex-20191001-csv/3975#51727977>				<https://panlex.org/snapshot/panlex-20191001-csv/3975#51727940>		"ʒũã"@huc	
"ɡǀǀàu"@nmn	<https://panlex.org/snapshot/panlex-20191001-csv/3975#51729115>				<https://panlex.org/snapshot/panlex-20191001-csv/3975#51729064>		"cʰao"@huc	
"ǀǀṵ́a"@nmn	<https://panlex.org/snapshot/panlex-20191001-csv/3975#51723352>				<https://panlex.org/snapshot/panlex-20191001-csv/3975#51723312>		"ǀqʼau"@huc	
"ǂqʰùe"@nmn	<https://panlex.org/snapshot/panlex-20191001-csv/3975#51736185>				<https://panlex.org/snapshot/panlex-20191001-csv/3975#51736141>		"ǂqʼui"@huc	
"bɛ"@nmn	<https://panlex.org/snapshot/panlex-20191001-csv/3975#51727837>				<https://panlex.org/snapshot/panlex-20191001-csv/3975#51727791>		"ʔǎ̰ri"@huc	
"n"@nmn	<https://panlex.org/snapshot/panlex-20191001-csv/3975#51726543>				<https://panlex.org/snapshot/panlex-20191001-csv/3975#51726483>		"ma"@huc	
"a"@nmn	<https://panlex.org/snapshot/panlex-20191001-csv/3975#51732911>				<https://panlex.org/snapshot/panlex-20191001-csv/3975#51732872>		"háː"@huc	
"a"@nmn	<https://panlex.org/snapshot/panlex-20191001-csv/3975#51725218>				<https://panlex.org/snapshot/panlex-20191001-csv/3975#51725169>		"šu"@huc	
"a"@nmn	<https://panlex.org/snapshot/panlex-20191001-csv/3975#51733053>				<https://panlex.org/snapshot/panlex-20191001-csv/3975#51733014>		"úː"@huc	
"ku-ka"@nmn	<https://panlex.org/snapshot/panlex-20191001-csv/3975#51720631>				<https://panlex.org/snapshot/panlex-20191001-csv/3975#51720592>		"ùē"@huc	
"a"@nmn	<https://panlex.org/snapshot/panlex-20191001-csv/3975#51733050>				<https://panlex.org/snapshot/panlex-20191001-csv/3975#51733014>		"úː"@huc	
"ǀkxa"@nmn	<https://panlex.org/snapshot/panlex-20191001-csv/3975#51725782>				<https://panlex.org/snapshot/panlex-20191001-csv/3975#51725743>		"šíu"@huc	
"ǀkxa"@nmn	<https://panlex.org/snapshot/panlex-20191001-csv/3975#51721591>				<https://panlex.org/snapshot/panlex-20191001-csv/3975#51721553>		"ǂkxau"@huc	
"ǀkxan"@nmn	<https://panlex.org/snapshot/panlex-20191001-csv/3975#51725785>				<https://panlex.org/snapshot/panlex-20191001-csv/3975#51725743>		"šíu"@huc	
"ɳǂûm"@nmn	<https://panlex.org/snapshot/panlex-20191001-csv/3975#51733668>				<https://panlex.org/snapshot/panlex-20191001-csv/3975#51733618>		"ʘóːa"@huc	
"si=ǀóu"@nmn	<https://panlex.org/snapshot/panlex-20191001-csv/3975#51721318>				<https://panlex.org/snapshot/panlex-20191001-csv/3975#51721273>		"ǂǐ-sì:"@huc	
"ǀǀai"@nmn	<https://panlex.org/snapshot/panlex-20191001-csv/3975#51729431>				<https://panlex.org/snapshot/panlex-20191001-csv/3975#51729384>		"ǀʰõʔõ"@huc	
"ʘân"@nmn	<https://panlex.org/snapshot/panlex-20191001-csv/3975#51731458>				<https://panlex.org/snapshot/panlex-20191001-csv/3975#51731414>		"cʼã̄"@huc	
"ǀǀʼana-te"@nmn	<https://panlex.org/snapshot/panlex-20191001-csv/3975#51732036>				<https://panlex.org/snapshot/panlex-20191001-csv/3975#51731991>		"ǂõ̏"@huc	
"ɳǀã̂"@nmn	<https://panlex.org/snapshot/panlex-20191001-csv/3975#51730860>				<https://panlex.org/snapshot/panlex-20191001-csv/3975#51730805>		"cí"@huc	
"ǀɔ̃-si"@nmn	<https://panlex.org/snapshot/panlex-20191001-csv/3975#51735763>				<https://panlex.org/snapshot/panlex-20191001-csv/3975#51735728>		"ǂeu"@huc	
"tûː"@nmn	<https://panlex.org/snapshot/panlex-20191001-csv/3975#51727285>				<https://panlex.org/snapshot/panlex-20191001-csv/3975#51727244>		"ǂqíʔi"@huc	
"ǀʼã́-si"@nmn	<https://panlex.org/snapshot/panlex-20191001-csv/3975#51727566>				<https://panlex.org/snapshot/panlex-20191001-csv/3975#51727531>		"čàʔa"@huc	
"sa"@nmn	<https://panlex.org/snapshot/panlex-20191001-csv/3975#51722718>				<https://panlex.org/snapshot/panlex-20191001-csv/3975#51722656>		"čá"@huc	
"tánʔǹ"@nmn	<https://panlex.org/snapshot/panlex-20191001-csv/3975#51732909>				<https://panlex.org/snapshot/panlex-20191001-csv/3975#51732872>		"háː"@huc	
"ǀǀʰweː"@nmn	<https://panlex.org/snapshot/panlex-20191001-csv/3975#51736186>				<https://panlex.org/snapshot/panlex-20191001-csv/3975#51736141>		"ǂqʼui"@huc	
"ǀǀɔː"@nmn	<https://panlex.org/snapshot/panlex-20191001-csv/3975#51736039>				<https://panlex.org/snapshot/panlex-20191001-csv/3975#51736004>		"ǀxolo"@huc	
"ɡǀǀâʔle"@nmn	<https://panlex.org/snapshot/panlex-20191001-csv/3975#51735492>				<https://panlex.org/snapshot/panlex-20191001-csv/3975#51735454>		"ɕea̰m̩"@huc	
"ɡǀǀâʔle"@nmn	<https://panlex.org/snapshot/panlex-20191001-csv/3975#51735492>				<https://panlex.org/snapshot/panlex-20191001-csv/3975#51735455>		"ɕea̰am̩"@huc	
"ʘweː"@nmn	<https://panlex.org/snapshot/panlex-20191001-csv/3975#51728132>				<https://panlex.org/snapshot/panlex-20191001-csv/3975#51728085>		"ǀǀa̰ḛ"@huc	
"ʘwe"@nmn	<https://panlex.org/snapshot/panlex-20191001-csv/3975#51728134>				<https://panlex.org/snapshot/panlex-20191001-csv/3975#51728085>		"ǀǀa̰ḛ"@huc	
"ǀǀʼaba"@nmn	<https://panlex.org/snapshot/panlex-20191001-csv/3975#51735760>				<https://panlex.org/snapshot/panlex-20191001-csv/3975#51735728>		"ǂeu"@huc	
"a"@nmn	<https://panlex.org/snapshot/panlex-20191001-csv/3975#51733051>				<https://panlex.org/snapshot/panlex-20191001-csv/3975#51733014>		"úː"@huc	
"ŋ"@nmn	<https://panlex.org/snapshot/panlex-20191001-csv/3975#51726540>				<https://panlex.org/snapshot/panlex-20191001-csv/3975#51726483>		"ma"@huc	
"ɡǀqʰũ̀ã"@nmn	<https://panlex.org/snapshot/panlex-20191001-csv/3975#51724378>				<https://panlex.org/snapshot/panlex-20191001-csv/3975#51724343>		"ɳǂu"@huc	
"ɡǀqʰũ̀ã"@nmn	<https://panlex.org/snapshot/panlex-20191001-csv/3975#51725632>				<https://panlex.org/snapshot/panlex-20191001-csv/3975#51725589>		"ɳǂu"@huc	
"ku-ka̰ː"@nmn	<https://panlex.org/snapshot/panlex-20191001-csv/3975#51720630>				<https://panlex.org/snapshot/panlex-20191001-csv/3975#51720592>		"ùē"@huc	
"ǂólo"@nmn	<https://panlex.org/snapshot/panlex-20191001-csv/3975#51730176>				<https://panlex.org/snapshot/panlex-20191001-csv/3975#51730138>		"ʓeo"@huc	
"ǀǀʼẽː"@nmn	<https://panlex.org/snapshot/panlex-20191001-csv/3975#51732336>				<https://panlex.org/snapshot/panlex-20191001-csv/3975#51732286>		"ʒʼaː"@huc	
"ǀǀʼẽː"@nmn	<https://panlex.org/snapshot/panlex-20191001-csv/3975#51732336>				<https://panlex.org/snapshot/panlex-20191001-csv/3975#51732284>		"čʰaː"@huc	
"ǀǀʼẽː"@nmn	<https://panlex.org/snapshot/panlex-20191001-csv/3975#51732336>				<https://panlex.org/snapshot/panlex-20191001-csv/3975#51732285>		"ʒa"@huc	
"m"@nmn	<https://panlex.org/snapshot/panlex-20191001-csv/3975#51726546>				<https://panlex.org/snapshot/panlex-20191001-csv/3975#51726483>		"ma"@huc	
"ɳǀǀaːlu"@nmn	<https://panlex.org/snapshot/panlex-20191001-csv/3975#51731755>				<https://panlex.org/snapshot/panlex-20191001-csv/3975#51731710>		"ʓō̰e"@huc	
"ǀǀɔ"@nmn	<https://panlex.org/snapshot/panlex-20191001-csv/3975#51731311>				<https://panlex.org/snapshot/panlex-20191001-csv/3975#51731258>		"čʼu"@huc	
"kxa-u"@nmn	<https://panlex.org/snapshot/panlex-20191001-csv/3975#51723205>				<https://panlex.org/snapshot/panlex-20191001-csv/3975#51723151>		"ču"@huc	
"ɳǀʌŋ"@nmn	<https://panlex.org/snapshot/panlex-20191001-csv/3975#51725940>				<https://panlex.org/snapshot/panlex-20191001-csv/3975#51725894>		"ʔɳʘũ"@huc	
"ǀʼã̀ː"@nmn	<https://panlex.org/snapshot/panlex-20191001-csv/3975#51724524>				<https://panlex.org/snapshot/panlex-20191001-csv/3975#51724478>		"ɡʘoa"@huc	
"ǀʰa"@nmn	<https://panlex.org/snapshot/panlex-20191001-csv/3975#51734515>				<https://panlex.org/snapshot/panlex-20191001-csv/3975#51734472>		"ɕini"@huc	
"ǀɛ̃́"@nmn	<https://panlex.org/snapshot/panlex-20191001-csv/3975#51732337>				<https://panlex.org/snapshot/panlex-20191001-csv/3975#51732286>		"ʒʼaː"@huc	
"ǀɛ̃́"@nmn	<https://panlex.org/snapshot/panlex-20191001-csv/3975#51732337>				<https://panlex.org/snapshot/panlex-20191001-csv/3975#51732284>		"čʰaː"@huc	
"ǀɛ̃́"@nmn	<https://panlex.org/snapshot/panlex-20191001-csv/3975#51732337>				<https://panlex.org/snapshot/panlex-20191001-csv/3975#51732285>		"ʒa"@huc	
"ǀi"@nmn	<https://panlex.org/snapshot/panlex-20191001-csv/3975#51724529>				<https://panlex.org/snapshot/panlex-20191001-csv/3975#51724478>		"ɡʘoa"@huc	
"ǀi"@nmn	<https://panlex.org/snapshot/panlex-20191001-csv/3975#51734516>				<https://panlex.org/snapshot/panlex-20191001-csv/3975#51734472>		"ɕini"@huc	
"ǂŋ́-kʼa"@nmn	<https://panlex.org/snapshot/panlex-20191001-csv/3975#51729602>				<https://panlex.org/snapshot/panlex-20191001-csv/3975#51729554>		"ɳʘũ"@huc	
"ǀʼaː"@nmn	<https://panlex.org/snapshot/panlex-20191001-csv/3975#51722890>				<https://panlex.org/snapshot/panlex-20191001-csv/3975#51722840>		"šĩ́"@huc	
"ŋa"@nmn	<https://panlex.org/snapshot/panlex-20191001-csv/3975#51726538>				<https://panlex.org/snapshot/panlex-20191001-csv/3975#51726483>		"ma"@huc	
"tai"@nmn	<https://panlex.org/snapshot/panlex-20191001-csv/3975#51735227>				<https://panlex.org/snapshot/panlex-20191001-csv/3975#51735199>		"ɡǂoa"@huc	
"ǂʼaba"@nmn	<https://panlex.org/snapshot/panlex-20191001-csv/3975#51735759>				<https://panlex.org/snapshot/panlex-20191001-csv/3975#51735728>		"ǂeu"@huc	
"aː"@nmn	<https://panlex.org/snapshot/panlex-20191001-csv/3975#51723800>				<https://panlex.org/snapshot/panlex-20191001-csv/3975#51723749>		"ʔám"@huc	
"ǀǀa"@nmn	<https://panlex.org/snapshot/panlex-20191001-csv/3975#51733830>				<https://panlex.org/snapshot/panlex-20191001-csv/3975#51733781>		"ɕà̰o"@huc	
"ǀʼâː"@nmn	<https://panlex.org/snapshot/panlex-20191001-csv/3975#51722887>				<https://panlex.org/snapshot/panlex-20191001-csv/3975#51722840>		"šĩ́"@huc	
"ǀǀkxãː"@nmn	<https://panlex.org/snapshot/panlex-20191001-csv/3975#51723203>				<https://panlex.org/snapshot/panlex-20191001-csv/3975#51723151>		"ču"@huc	
"tãa"@nmn	<https://panlex.org/snapshot/panlex-20191001-csv/3975#51726100>				<https://panlex.org/snapshot/panlex-20191001-csv/3975#51726047>		"cã̄"@huc	
"ǀɯn-te"@nmn	<https://panlex.org/snapshot/panlex-20191001-csv/3975#51725636>				<https://panlex.org/snapshot/panlex-20191001-csv/3975#51725589>		"ɳǂu"@huc	
"ǀǀʰàːa"@nmn	<https://panlex.org/snapshot/panlex-20191001-csv/3975#51729897>				<https://panlex.org/snapshot/panlex-20191001-csv/3975#51729859>		"čoʔãː"@huc	
"ǀǀʰàːa"@nmn	<https://panlex.org/snapshot/panlex-20191001-csv/3975#51729897>				<https://panlex.org/snapshot/panlex-20191001-csv/3975#51729860>		"cõʔãː"@huc	
"ɡǂòa"@nmn	<https://panlex.org/snapshot/panlex-20191001-csv/3975#51720775>				<https://panlex.org/snapshot/panlex-20191001-csv/3975#51720735>		"ɳǂʰoe"@huc	
"ǀǀẽĩ"@nmn	<https://panlex.org/snapshot/panlex-20191001-csv/3975#51733365>				<https://panlex.org/snapshot/panlex-20191001-csv/3975#51733317>		"cʼíú"@huc	
"ŋ=xɔ́"@nmn	<https://panlex.org/snapshot/panlex-20191001-csv/3975#51725943>				<https://panlex.org/snapshot/panlex-20191001-csv/3975#51725894>		"ʔɳʘũ"@huc	
"ǀan"@nmn	<https://panlex.org/snapshot/panlex-20191001-csv/3975#51734960>				<https://panlex.org/snapshot/panlex-20191001-csv/3975#51734907>		"ʔǎ̰ri=ɡǀǀá̰i"@huc	
"n=ǂa"@nmn	<https://panlex.org/snapshot/panlex-20191001-csv/3975#51728547>				<https://panlex.org/snapshot/panlex-20191001-csv/3975#51728501>		"šĩ"@huc	
"kxẽ"@nmn	<https://panlex.org/snapshot/panlex-20191001-csv/3975#51723207>				<https://panlex.org/snapshot/panlex-20191001-csv/3975#51723151>		"ču"@huc	
"tu"@nmn	<https://panlex.org/snapshot/panlex-20191001-csv/3975#51729749>				<https://panlex.org/snapshot/panlex-20191001-csv/3975#51729705>		"ǂʼàm-kòːe"@huc	
"ǀǀxũ"@nmn	<https://panlex.org/snapshot/panlex-20191001-csv/3975#51733363>				<https://panlex.org/snapshot/panlex-20191001-csv/3975#51733317>		"cʼíú"@huc	
"ǂwi"@nmn	<https://panlex.org/snapshot/panlex-20191001-csv/3975#51732607>				<https://panlex.org/snapshot/panlex-20191001-csv/3975#51732564>		"ʘxui"@huc	
"ǀʼaːni"@nmn	<https://panlex.org/snapshot/panlex-20191001-csv/3975#51733209>				<https://panlex.org/snapshot/panlex-20191001-csv/3975#51733164>		"cela"@huc	
"la=kái"@nmn	<https://panlex.org/snapshot/panlex-20191001-csv/3975#51734959>				<https://panlex.org/snapshot/panlex-20191001-csv/3975#51734907>		"ʔǎ̰ri=ɡǀǀá̰i"@huc	
"ʘwõi"@nmn	<https://panlex.org/snapshot/panlex-20191001-csv/3975#51731462>				<https://panlex.org/snapshot/panlex-20191001-csv/3975#51731414>		"cʼã̄"@huc	
"ǂʼṹ-u"@nmn	<https://panlex.org/snapshot/panlex-20191001-csv/3975#51729601>				<https://panlex.org/snapshot/panlex-20191001-csv/3975#51729554>		"ɳʘũ"@huc	
"ɡǀǀũ ɳǀi"@nmn	<https://panlex.org/snapshot/panlex-20191001-csv/3975#51726854>				<https://panlex.org/snapshot/panlex-20191001-csv/3975#51726820>		"ǂʰeme"@huc	
"la̰ː"@nmn	<https://panlex.org/snapshot/panlex-20191001-csv/3975#51727835>				<https://panlex.org/snapshot/panlex-20191001-csv/3975#51727791>		"ʔǎ̰ri"@huc	
"ɡʘûː-a"@nmn	<https://panlex.org/snapshot/panlex-20191001-csv/3975#51736191>				<https://panlex.org/snapshot/panlex-20191001-csv/3975#51736141>		"ǂqʼui"@huc	
"ɳǀü-le"@nmn	<https://panlex.org/snapshot/panlex-20191001-csv/3975#51732179>				<https://panlex.org/snapshot/panlex-20191001-csv/3975#51732145>		"ǀǀʰȍ̰ːa"@huc	
"žõ̰ĩ"@nmn	<https://panlex.org/snapshot/panlex-20191001-csv/3975#51724806>				<https://panlex.org/snapshot/panlex-20191001-csv/3975#51724767>		"kàla"@huc	
"táː"@nmn	<https://panlex.org/snapshot/panlex-20191001-csv/3975#51727288>				<https://panlex.org/snapshot/panlex-20191001-csv/3975#51727244>		"ǂqíʔi"@huc	
"kxa-a"@nmn	<https://panlex.org/snapshot/panlex-20191001-csv/3975#51723204>				<https://panlex.org/snapshot/panlex-20191001-csv/3975#51723151>		"ču"@huc	
"ǀǀkxweː"@nmn	<https://panlex.org/snapshot/panlex-20191001-csv/3975#51722550>				<https://panlex.org/snapshot/panlex-20191001-csv/3975#51722512>		"ǀaba"@huc	
"ǀǀkxweː"@nmn	<https://panlex.org/snapshot/panlex-20191001-csv/3975#51736187>				<https://panlex.org/snapshot/panlex-20191001-csv/3975#51736141>		"ǂqʼui"@huc	
"ʔʘnàye"@nmn	<https://panlex.org/snapshot/panlex-20191001-csv/3975#51733507>				<https://panlex.org/snapshot/panlex-20191001-csv/3975#51733466>		"ǀʼṍ"@huc	
"ǂûe"@nmn	<https://panlex.org/snapshot/panlex-20191001-csv/3975#51728544>				<https://panlex.org/snapshot/panlex-20191001-csv/3975#51728501>		"šĩ"@huc	
"ǀǀkxe-ki"@nmn	<https://panlex.org/snapshot/panlex-20191001-csv/3975#51726996>				<https://panlex.org/snapshot/panlex-20191001-csv/3975#51726959>		"ciʔa"@huc	
"ʘwai-sa"@nmn	<https://panlex.org/snapshot/panlex-20191001-csv/3975#51736040>				<https://panlex.org/snapshot/panlex-20191001-csv/3975#51736004>		"ǀxolo"@huc	
"ɳǂu-ša"@nmn	<https://panlex.org/snapshot/panlex-20191001-csv/3975#51723495>				<https://panlex.org/snapshot/panlex-20191001-csv/3975#51723451>		"ǀqʰõ̀ẽ̄"@huc	
"ču"@nmn	<https://panlex.org/snapshot/panlex-20191001-csv/3975#51731150>				<https://panlex.org/snapshot/panlex-20191001-csv/3975#51731098>		"ʔɳǀā"@huc	
"ɡǀãũ"@nmn	<https://panlex.org/snapshot/panlex-20191001-csv/3975#51732606>				<https://panlex.org/snapshot/panlex-20191001-csv/3975#51732564>		"ʘxui"@huc	
"so"@nmn	<https://panlex.org/snapshot/panlex-20191001-csv/3975#51731153>				<https://panlex.org/snapshot/panlex-20191001-csv/3975#51731098>		"ʔɳǀā"@huc	
"ɡǀǀwana-te"@nmn	<https://panlex.org/snapshot/panlex-20191001-csv/3975#51732035>				<https://panlex.org/snapshot/panlex-20191001-csv/3975#51731991>		"ǂõ̏"@huc	
"ǀǀaː"@nmn	<https://panlex.org/snapshot/panlex-20191001-csv/3975#51721882>				<https://panlex.org/snapshot/panlex-20191001-csv/3975#51721844>		"ɕa̰ː"@huc	
"ǀwaː-ni"@nmn	<https://panlex.org/snapshot/panlex-20191001-csv/3975#51725635>				<https://panlex.org/snapshot/panlex-20191001-csv/3975#51725589>		"ɳǂu"@huc	
"ǀwa"@nmn	<https://panlex.org/snapshot/panlex-20191001-csv/3975#51730697>				<https://panlex.org/snapshot/panlex-20191001-csv/3975#51730643>		"kiʔi"@huc	
"ǂɛ"@nmn	<https://panlex.org/snapshot/panlex-20191001-csv/3975#51729752>				<https://panlex.org/snapshot/panlex-20191001-csv/3975#51729705>		"ǂʼàm-kòːe"@huc	
"na"@nmn	<https://panlex.org/snapshot/panlex-20191001-csv/3975#51726536>				<https://panlex.org/snapshot/panlex-20191001-csv/3975#51726483>		"ma"@huc	
"ǀǀwa"@nmn	<https://panlex.org/snapshot/panlex-20191001-csv/3975#51729428>				<https://panlex.org/snapshot/panlex-20191001-csv/3975#51729384>		"ǀʰõʔõ"@huc	
"ǀǀkxom"@nmn	<https://panlex.org/snapshot/panlex-20191001-csv/3975#51723353>				<https://panlex.org/snapshot/panlex-20191001-csv/3975#51723312>		"ǀqʼau"@huc	
"tʸu"@nmn	<https://panlex.org/snapshot/panlex-20191001-csv/3975#51729436>				<https://panlex.org/snapshot/panlex-20191001-csv/3975#51729384>		"ǀʰõʔõ"@huc	
"ǀǀáni"@nmn	<https://panlex.org/snapshot/panlex-20191001-csv/3975#51727980>				<https://panlex.org/snapshot/panlex-20191001-csv/3975#51727939>		"ǯua"@huc	
"ǀǀáni"@nmn	<https://panlex.org/snapshot/panlex-20191001-csv/3975#51727980>				<https://panlex.org/snapshot/panlex-20191001-csv/3975#51727940>		"ʒũã"@huc	
"eː"@nmn	<https://panlex.org/snapshot/panlex-20191001-csv/3975#51723801>				<https://panlex.org/snapshot/panlex-20191001-csv/3975#51723749>		"ʔám"@huc	
"ɳǀo"@nmn	<https://panlex.org/snapshot/panlex-20191001-csv/3975#51725221>				<https://panlex.org/snapshot/panlex-20191001-csv/3975#51725169>		"šu"@huc	
"tʼüm"@nmn	<https://panlex.org/snapshot/panlex-20191001-csv/3975#51731308>				<https://panlex.org/snapshot/panlex-20191001-csv/3975#51731258>		"čʼu"@huc	
"tuːi"@nmn	<https://panlex.org/snapshot/panlex-20191001-csv/3975#51726104>				<https://panlex.org/snapshot/panlex-20191001-csv/3975#51726047>		"cã̄"@huc	
"ǂũ"@nmn	<https://panlex.org/snapshot/panlex-20191001-csv/3975#51728829>				<https://panlex.org/snapshot/panlex-20191001-csv/3975#51728793>		"ɕʰa"@huc	
"cɔː-a"@nmn	<https://panlex.org/snapshot/panlex-20191001-csv/3975#51732763>				<https://panlex.org/snapshot/panlex-20191001-csv/3975#51732717>		"ɕǒa"@huc	
"si=ɡǀɔ̀ː"@nmn	<https://panlex.org/snapshot/panlex-20191001-csv/3975#51721320>				<https://panlex.org/snapshot/panlex-20191001-csv/3975#51721273>		"ǂǐ-sì:"@huc	
"são"@nmn	<https://panlex.org/snapshot/panlex-20191001-csv/3975#51731152>				<https://panlex.org/snapshot/panlex-20191001-csv/3975#51731098>		"ʔɳǀā"@huc	
"šãː"@nmn	<https://panlex.org/snapshot/panlex-20191001-csv/3975#51724252>				<https://panlex.org/snapshot/panlex-20191001-csv/3975#51724206>		"ǀʼui"@huc	
"šãː"@nmn	<https://panlex.org/snapshot/panlex-20191001-csv/3975#51724252>				<https://panlex.org/snapshot/panlex-20191001-csv/3975#51724205>		"ǀui"@huc	
"geite"@nmn	<https://panlex.org/snapshot/panlex-20191001-csv/3975#51735354>				<https://panlex.org/snapshot/panlex-20191001-csv/3975#51735323>		"ǀǀqo"@huc	
"cxɔ"@nmn	<https://panlex.org/snapshot/panlex-20191001-csv/3975#51724108>				<https://panlex.org/snapshot/panlex-20191001-csv/3975#51724055>		"ʘōā"@huc	
"ɡʘwaː-sa"@nmn	<https://panlex.org/snapshot/panlex-20191001-csv/3975#51733512>				<https://panlex.org/snapshot/panlex-20191001-csv/3975#51733466>		"ǀʼṍ"@huc	
"nya"@nmn	<https://panlex.org/snapshot/panlex-20191001-csv/3975#51726539>				<https://panlex.org/snapshot/panlex-20191001-csv/3975#51726483>		"ma"@huc	
"ã̀"@nmn	<https://panlex.org/snapshot/panlex-20191001-csv/3975#51723803>				<https://panlex.org/snapshot/panlex-20191001-csv/3975#51723749>		"ʔám"@huc	
"ša"@nmn	<https://panlex.org/snapshot/panlex-20191001-csv/3975#51722713>				<https://panlex.org/snapshot/panlex-20191001-csv/3975#51722656>		"čá"@huc	
"ša"@nmn	<https://panlex.org/snapshot/panlex-20191001-csv/3975#51733825>				<https://panlex.org/snapshot/panlex-20191001-csv/3975#51733781>		"ɕà̰o"@huc	
"ɳǀɔ"@nmn	<https://panlex.org/snapshot/panlex-20191001-csv/3975#51725220>				<https://panlex.org/snapshot/panlex-20191001-csv/3975#51725169>		"šu"@huc	
"ɳǀàː"@nmn	<https://panlex.org/snapshot/panlex-20191001-csv/3975#51730866>				<https://panlex.org/snapshot/panlex-20191001-csv/3975#51730805>		"cí"@huc	
"ǀu"@nmn	<https://panlex.org/snapshot/panlex-20191001-csv/3975#51730696>				<https://panlex.org/snapshot/panlex-20191001-csv/3975#51730643>		"kiʔi"@huc	
"kxã"@nmn	<https://panlex.org/snapshot/panlex-20191001-csv/3975#51723200>				<https://panlex.org/snapshot/panlex-20191001-csv/3975#51723151>		"ču"@huc	
"ã"@nmn	<https://panlex.org/snapshot/panlex-20191001-csv/3975#51723799>				<https://panlex.org/snapshot/panlex-20191001-csv/3975#51723749>		"ʔám"@huc	
"ɡǀqʰũ̂ã"@nmn	<https://panlex.org/snapshot/panlex-20191001-csv/3975#51724379>				<https://panlex.org/snapshot/panlex-20191001-csv/3975#51724343>		"ɳǂu"@huc	
"ɡǀqʰũ̂ã"@nmn	<https://panlex.org/snapshot/panlex-20191001-csv/3975#51725633>				<https://panlex.org/snapshot/panlex-20191001-csv/3975#51725589>		"ɳǂu"@huc	
"ǂxiː"@nmn	<https://panlex.org/snapshot/panlex-20191001-csv/3975#51723044>				<https://panlex.org/snapshot/panlex-20191001-csv/3975#51722994>		"ɕeama"@huc	
"ẽ"@nmn	<https://panlex.org/snapshot/panlex-20191001-csv/3975#51723804>				<https://panlex.org/snapshot/panlex-20191001-csv/3975#51723749>		"ʔám"@huc	
"ǀǀkʼom"@nmn	<https://panlex.org/snapshot/panlex-20191001-csv/3975#51723640>				<https://panlex.org/snapshot/panlex-20191001-csv/3975#51723598>		"kxà"@huc	
"ɳǀe"@nmn	<https://panlex.org/snapshot/panlex-20191001-csv/3975#51730867>				<https://panlex.org/snapshot/panlex-20191001-csv/3975#51730805>		"cí"@huc	
"ta̰aŋ"@nmn	<https://panlex.org/snapshot/panlex-20191001-csv/3975#51726101>				<https://panlex.org/snapshot/panlex-20191001-csv/3975#51726047>		"cã̄"@huc	
"ɳǀò̰e"@nmn	<https://panlex.org/snapshot/panlex-20191001-csv/3975#51729112>				<https://panlex.org/snapshot/panlex-20191001-csv/3975#51729064>		"cʰao"@huc	
"ǀʼòː"@nmn	<https://panlex.org/snapshot/panlex-20191001-csv/3975#51723351>				<https://panlex.org/snapshot/panlex-20191001-csv/3975#51723312>		"ǀqʼau"@huc	
"ǀǀu"@nmn	<https://panlex.org/snapshot/panlex-20191001-csv/3975#51729432>				<https://panlex.org/snapshot/panlex-20191001-csv/3975#51729384>		"ǀʰõʔõ"@huc	
"ǂana"@nmn	<https://panlex.org/snapshot/panlex-20191001-csv/3975#51721592>				<https://panlex.org/snapshot/panlex-20191001-csv/3975#51721553>		"ǂkxau"@huc	
"ǀǀum"@nmn	<https://panlex.org/snapshot/panlex-20191001-csv/3975#51723639>				<https://panlex.org/snapshot/panlex-20191001-csv/3975#51723598>		"kxà"@huc	
"cʰûː"@nmn	<https://panlex.org/snapshot/panlex-20191001-csv/3975#51731147>				<https://panlex.org/snapshot/panlex-20191001-csv/3975#51731098>		"ʔɳǀā"@huc	
"n"@nmn	<https://panlex.org/snapshot/panlex-20191001-csv/3975#51726535>				<https://panlex.org/snapshot/panlex-20191001-csv/3975#51726483>		"ma"@huc	
"ǀǀʼân"@nmn	<https://panlex.org/snapshot/panlex-20191001-csv/3975#51732333>				<https://panlex.org/snapshot/panlex-20191001-csv/3975#51732286>		"ʒʼaː"@huc	
"ǀǀʼân"@nmn	<https://panlex.org/snapshot/panlex-20191001-csv/3975#51732333>				<https://panlex.org/snapshot/panlex-20191001-csv/3975#51732284>		"čʰaː"@huc	
"ǀǀʼân"@nmn	<https://panlex.org/snapshot/panlex-20191001-csv/3975#51732333>				<https://panlex.org/snapshot/panlex-20191001-csv/3975#51732285>		"ʒa"@huc	
"na"@nmn	<https://panlex.org/snapshot/panlex-20191001-csv/3975#51726545>				<https://panlex.org/snapshot/panlex-20191001-csv/3975#51726483>		"ma"@huc	
"ʘwoin"@nmn	<https://panlex.org/snapshot/panlex-20191001-csv/3975#51731460>				<https://panlex.org/snapshot/panlex-20191001-csv/3975#51731414>		"cʼã̄"@huc	
"ǂxeː"@nmn	<https://panlex.org/snapshot/panlex-20191001-csv/3975#51736189>				<https://panlex.org/snapshot/panlex-20191001-csv/3975#51736141>		"ǂqʼui"@huc	
"aba"@nmn	<https://panlex.org/snapshot/panlex-20191001-csv/3975#51735761>				<https://panlex.org/snapshot/panlex-20191001-csv/3975#51735728>		"ǂeu"@huc	
"ǀʼa"@nmn	<https://panlex.org/snapshot/panlex-20191001-csv/3975#51724526>				<https://panlex.org/snapshot/panlex-20191001-csv/3975#51724478>		"ɡʘoa"@huc	
"ǀʼa"@nmn	<https://panlex.org/snapshot/panlex-20191001-csv/3975#51722888>				<https://panlex.org/snapshot/panlex-20191001-csv/3975#51722840>		"šĩ́"@huc	
"ǀʼi"@nmn	<https://panlex.org/snapshot/panlex-20191001-csv/3975#51724528>				<https://panlex.org/snapshot/panlex-20191001-csv/3975#51724478>		"ɡʘoa"@huc	
"ǀǀa-ǀǀa"@nmn	<https://panlex.org/snapshot/panlex-20191001-csv/3975#51729117>				<https://panlex.org/snapshot/panlex-20191001-csv/3975#51729064>		"cʰao"@huc	
"ɑ̀ː"@nmn	<https://panlex.org/snapshot/panlex-20191001-csv/3975#51723808>				<https://panlex.org/snapshot/panlex-20191001-csv/3975#51723749>		"ʔám"@huc	
"ɳǀū-le"@nmn	<https://panlex.org/snapshot/panlex-20191001-csv/3975#51732178>				<https://panlex.org/snapshot/panlex-20191001-csv/3975#51732145>		"ǀǀʰȍ̰ːa"@huc	
"ɳǀaŋ"@nmn	<https://panlex.org/snapshot/panlex-20191001-csv/3975#51725939>				<https://panlex.org/snapshot/panlex-20191001-csv/3975#51725894>		"ʔɳʘũ"@huc	
"ɡǀǀxṹː-ɳǀàn"@nmn	<https://panlex.org/snapshot/panlex-20191001-csv/3975#51726852>				<https://panlex.org/snapshot/panlex-20191001-csv/3975#51726820>		"ǂʰeme"@huc	
"ǀǀqʰúa"@nmn	<https://panlex.org/snapshot/panlex-20191001-csv/3975#51729427>				<https://panlex.org/snapshot/panlex-20191001-csv/3975#51729384>		"ǀʰõʔõ"@huc	
"hàa"@nmn	<https://panlex.org/snapshot/panlex-20191001-csv/3975#51723807>				<https://panlex.org/snapshot/panlex-20191001-csv/3975#51723749>		"ʔám"@huc	
"cwaː"@nmn	<https://panlex.org/snapshot/panlex-20191001-csv/3975#51724253>				<https://panlex.org/snapshot/panlex-20191001-csv/3975#51724206>		"ǀʼui"@huc	
"cwaː"@nmn	<https://panlex.org/snapshot/panlex-20191001-csv/3975#51724253>				<https://panlex.org/snapshot/panlex-20191001-csv/3975#51724205>		"ǀui"@huc	
"la̰"@nmn	<https://panlex.org/snapshot/panlex-20191001-csv/3975#51727834>				<https://panlex.org/snapshot/panlex-20191001-csv/3975#51727791>		"ʔǎ̰ri"@huc	
"ʘwoin"@nmn	<https://panlex.org/snapshot/panlex-20191001-csv/3975#51731461>				<https://panlex.org/snapshot/panlex-20191001-csv/3975#51731414>		"cʼã̄"@huc	
"ʔã̂ː"@nmn	<https://panlex.org/snapshot/panlex-20191001-csv/3975#51723798>				<https://panlex.org/snapshot/panlex-20191001-csv/3975#51723749>		"ʔám"@huc	
"ǀǀʼʌn"@nmn	<https://panlex.org/snapshot/panlex-20191001-csv/3975#51732334>				<https://panlex.org/snapshot/panlex-20191001-csv/3975#51732286>		"ʒʼaː"@huc	
"ǀǀʼʌn"@nmn	<https://panlex.org/snapshot/panlex-20191001-csv/3975#51732334>				<https://panlex.org/snapshot/panlex-20191001-csv/3975#51732284>		"čʰaː"@huc	
"ǀǀʼʌn"@nmn	<https://panlex.org/snapshot/panlex-20191001-csv/3975#51732334>				<https://panlex.org/snapshot/panlex-20191001-csv/3975#51732285>		"ʒa"@huc	
"tá"@nmn	<https://panlex.org/snapshot/panlex-20191001-csv/3975#51729435>				<https://panlex.org/snapshot/panlex-20191001-csv/3975#51729384>		"ǀʰõʔõ"@huc	
"la=kai"@nmn	<https://panlex.org/snapshot/panlex-20191001-csv/3975#51734958>				<https://panlex.org/snapshot/panlex-20191001-csv/3975#51734907>		"ʔǎ̰ri=ɡǀǀá̰i"@huc	
"ɛ́ː"@nmn	<https://panlex.org/snapshot/panlex-20191001-csv/3975#51723802>				<https://panlex.org/snapshot/panlex-20191001-csv/3975#51723749>		"ʔám"@huc	
"ǀǀʼa"@nmn	<https://panlex.org/snapshot/panlex-20191001-csv/3975#51733828>				<https://panlex.org/snapshot/panlex-20191001-csv/3975#51733781>		"ɕà̰o"@huc	
"tá̰i"@nmn	<https://panlex.org/snapshot/panlex-20191001-csv/3975#51735226>				<https://panlex.org/snapshot/panlex-20191001-csv/3975#51735199>		"ɡǂoa"@huc	
"ɳǀe"@nmn	<https://panlex.org/snapshot/panlex-20191001-csv/3975#51730862>				<https://panlex.org/snapshot/panlex-20191001-csv/3975#51730805>		"cí"@huc	
"ǂweː"@nmn	<https://panlex.org/snapshot/panlex-20191001-csv/3975#51736188>				<https://panlex.org/snapshot/panlex-20191001-csv/3975#51736141>		"ǂqʼui"@huc	
"šu"@nmn	<https://panlex.org/snapshot/panlex-20191001-csv/3975#51731149>				<https://panlex.org/snapshot/panlex-20191001-csv/3975#51731098>		"ʔɳǀā"@huc	
"se"@nmn	<https://panlex.org/snapshot/panlex-20191001-csv/3975#51722715>				<https://panlex.org/snapshot/panlex-20191001-csv/3975#51722656>		"čá"@huc	
"ɳǀṵ́e"@nmn	<https://panlex.org/snapshot/panlex-20191001-csv/3975#51729111>				<https://panlex.org/snapshot/panlex-20191001-csv/3975#51729064>		"cʰao"@huc	
"ǀkxa"@nmn	<https://panlex.org/snapshot/panlex-20191001-csv/3975#51725784>				<https://panlex.org/snapshot/panlex-20191001-csv/3975#51725743>		"šíu"@huc	
"ǂʼṹ"@nmn	<https://panlex.org/snapshot/panlex-20191001-csv/3975#51729600>				<https://panlex.org/snapshot/panlex-20191001-csv/3975#51729554>		"ɳʘũ"@huc	
"ǂqʰài"@nmn	<https://panlex.org/snapshot/panlex-20191001-csv/3975#51723040>				<https://panlex.org/snapshot/panlex-20191001-csv/3975#51722994>		"ɕeama"@huc	
"ǀǀxai"@nmn	<https://panlex.org/snapshot/panlex-20191001-csv/3975#51726995>				<https://panlex.org/snapshot/panlex-20191001-csv/3975#51726959>		"ciʔa"@huc	
"tãː"@nmn	<https://panlex.org/snapshot/panlex-20191001-csv/3975#51727289>				<https://panlex.org/snapshot/panlex-20191001-csv/3975#51727244>		"ǂqíʔi"@huc	
"kʼii"@nmn	<https://panlex.org/snapshot/panlex-20191001-csv/3975#51723952>				<https://panlex.org/snapshot/panlex-20191001-csv/3975#51723917>		"kʰõʔẽ"@huc	
"tVʔVː"@nmn	<https://panlex.org/snapshot/panlex-20191001-csv/3975#51732907>				<https://panlex.org/snapshot/panlex-20191001-csv/3975#51732872>		"háː"@huc	
"ǀʼã"@nmn	<https://panlex.org/snapshot/panlex-20191001-csv/3975#51722891>				<https://panlex.org/snapshot/panlex-20191001-csv/3975#51722840>		"šĩ́"@huc	
"ǀǀkʼãũ"@nmn	<https://panlex.org/snapshot/panlex-20191001-csv/3975#51722551>				<https://panlex.org/snapshot/panlex-20191001-csv/3975#51722512>		"ǀaba"@huc	
"ǀʼãri"@nmn	<https://panlex.org/snapshot/panlex-20191001-csv/3975#51733210>				<https://panlex.org/snapshot/panlex-20191001-csv/3975#51733164>		"cela"@huc	
"bà"@nmn	<https://panlex.org/snapshot/panlex-20191001-csv/3975#51720633>				<https://panlex.org/snapshot/panlex-20191001-csv/3975#51720592>		"ùē"@huc	
"ǀǀkʼuː"@nmn	<https://panlex.org/snapshot/panlex-20191001-csv/3975#51733999>				<https://panlex.org/snapshot/panlex-20191001-csv/3975#51733959>		"kǔru"@huc	
"ǀĩ"@nmn	<https://panlex.org/snapshot/panlex-20191001-csv/3975#51734962>				<https://panlex.org/snapshot/panlex-20191001-csv/3975#51734907>		"ʔǎ̰ri=ɡǀǀá̰i"@huc	
"ǀʼã"@nmn	<https://panlex.org/snapshot/panlex-20191001-csv/3975#51724527>				<https://panlex.org/snapshot/panlex-20191001-csv/3975#51724478>		"ɡʘoa"@huc	
"n"@nmn	<https://panlex.org/snapshot/panlex-20191001-csv/3975#51726541>				<https://panlex.org/snapshot/panlex-20191001-csv/3975#51726483>		"ma"@huc	
"n̄"@nmn	<https://panlex.org/snapshot/panlex-20191001-csv/3975#51726534>				<https://panlex.org/snapshot/panlex-20191001-csv/3975#51726483>		"ma"@huc	
"ɳǀabu"@nmn	<https://panlex.org/snapshot/panlex-20191001-csv/3975#51727136>				<https://panlex.org/snapshot/panlex-20191001-csv/3975#51727096>		"kí=ʓȍ̰ba"@huc	
"tu"@nmn	<https://panlex.org/snapshot/panlex-20191001-csv/3975#51729748>				<https://panlex.org/snapshot/panlex-20191001-csv/3975#51729705>		"ǂʼàm-kòːe"@huc	
"tu"@nmn	<https://panlex.org/snapshot/panlex-20191001-csv/3975#51727287>				<https://panlex.org/snapshot/panlex-20191001-csv/3975#51727244>		"ǂqíʔi"@huc	
"ɡǀǀwaː"@nmn	<https://panlex.org/snapshot/panlex-20191001-csv/3975#51720776>				<https://panlex.org/snapshot/panlex-20191001-csv/3975#51720735>		"ɳǂʰoe"@huc	
"a-a"@nmn	<https://panlex.org/snapshot/panlex-20191001-csv/3975#51733052>				<https://panlex.org/snapshot/panlex-20191001-csv/3975#51733014>		"úː"@huc	
"ɳǀǀü-le"@nmn	<https://panlex.org/snapshot/panlex-20191001-csv/3975#51732180>				<https://panlex.org/snapshot/panlex-20191001-csv/3975#51732145>		"ǀǀʰȍ̰ːa"@huc	
"žwḛ"@nmn	<https://panlex.org/snapshot/panlex-20191001-csv/3975#51724807>				<https://panlex.org/snapshot/panlex-20191001-csv/3975#51724767>		"kàla"@huc	
"ǀǀe"@nmn	<https://panlex.org/snapshot/panlex-20191001-csv/3975#51721593>				<https://panlex.org/snapshot/panlex-20191001-csv/3975#51721553>		"ǂkxau"@huc	
"ʘwi"@nmn	<https://panlex.org/snapshot/panlex-20191001-csv/3975#51728133>				<https://panlex.org/snapshot/panlex-20191001-csv/3975#51728085>		"ǀǀa̰ḛ"@huc	
"ǂʼe"@nmn	<https://panlex.org/snapshot/panlex-20191001-csv/3975#51729751>				<https://panlex.org/snapshot/panlex-20191001-csv/3975#51729705>		"ǂʼàm-kòːe"@huc	
"hi"@nmn	<https://panlex.org/snapshot/panlex-20191001-csv/3975#51732762>				<https://panlex.org/snapshot/panlex-20191001-csv/3975#51732717>		"ɕǒa"@huc	
"ǀǀau"@nmn	<https://panlex.org/snapshot/panlex-20191001-csv/3975#51731757>				<https://panlex.org/snapshot/panlex-20191001-csv/3975#51731710>		"ʓō̰e"@huc	
"ǀǀau"@nmn	<https://panlex.org/snapshot/panlex-20191001-csv/3975#51725496>				<https://panlex.org/snapshot/panlex-20191001-csv/3975#51725464>		"za̰ʔa"@huc	
"s=ǀǀaː-maː"@nmn	<https://panlex.org/snapshot/panlex-20191001-csv/3975#51733671>				<https://panlex.org/snapshot/panlex-20191001-csv/3975#51733618>		"ʘóːa"@huc	
"ču"@nmn	<https://panlex.org/snapshot/panlex-20191001-csv/3975#51731148>				<https://panlex.org/snapshot/panlex-20191001-csv/3975#51731098>		"ʔɳǀā"@huc	
"sã̰̀ː"@nmn	<https://panlex.org/snapshot/panlex-20191001-csv/3975#51724251>				<https://panlex.org/snapshot/panlex-20191001-csv/3975#51724206>		"ǀʼui"@huc	
"sã̰̀ː"@nmn	<https://panlex.org/snapshot/panlex-20191001-csv/3975#51724251>				<https://panlex.org/snapshot/panlex-20191001-csv/3975#51724205>		"ǀui"@huc	
"kiá"@nmn	<https://panlex.org/snapshot/panlex-20191001-csv/3975#51729433>				<https://panlex.org/snapshot/panlex-20191001-csv/3975#51729384>		"ǀʰõʔõ"@huc	
"ɳǀǀʌm"@nmn	<https://panlex.org/snapshot/panlex-20191001-csv/3975#51727435>				<https://panlex.org/snapshot/panlex-20191001-csv/3975#51727392>		"kui"@huc	
"ŋ=kʼu=ɳǂa-am"@nmn	<https://panlex.org/snapshot/panlex-20191001-csv/3975#51723497>				<https://panlex.org/snapshot/panlex-20191001-csv/3975#51723451>		"ǀqʰõ̀ẽ̄"@huc	
"ɳǀün"@nmn	<https://panlex.org/snapshot/panlex-20191001-csv/3975#51730863>				<https://panlex.org/snapshot/panlex-20191001-csv/3975#51730805>		"cí"@huc	
"da"@nmn	<https://panlex.org/snapshot/panlex-20191001-csv/3975#51727838>				<https://panlex.org/snapshot/panlex-20191001-csv/3975#51727791>		"ʔǎ̰ri"@huc	
"ɡǂṹã́"@nmn	<https://panlex.org/snapshot/panlex-20191001-csv/3975#51723950>				<https://panlex.org/snapshot/panlex-20191001-csv/3975#51723917>		"kʰõʔẽ"@huc	
"ǂɔ̃ː"@nmn	<https://panlex.org/snapshot/panlex-20191001-csv/3975#51723045>				<https://panlex.org/snapshot/panlex-20191001-csv/3975#51722994>		"ɕeama"@huc	
"ús"@nmn	<https://panlex.org/snapshot/panlex-20191001-csv/3975#51721164>				<https://panlex.org/snapshot/panlex-20191001-csv/3975#51721133>		"ɳǀǀam"@huc	
"ɳǀa"@nmn	<https://panlex.org/snapshot/panlex-20191001-csv/3975#51725219>				<https://panlex.org/snapshot/panlex-20191001-csv/3975#51725169>		"šu"@huc	
"ɡǀûmã"@nmn	<https://panlex.org/snapshot/panlex-20191001-csv/3975#51726993>				<https://panlex.org/snapshot/panlex-20191001-csv/3975#51726959>		"ciʔa"@huc	
"ɡǀǀò"@nmn	<https://panlex.org/snapshot/panlex-20191001-csv/3975#51729116>				<https://panlex.org/snapshot/panlex-20191001-csv/3975#51729064>		"cʰao"@huc	
"ʘwi"@nmn	<https://panlex.org/snapshot/panlex-20191001-csv/3975#51733998>				<https://panlex.org/snapshot/panlex-20191001-csv/3975#51733959>		"kǔru"@huc	
"xːuu"@nmn	<https://panlex.org/snapshot/panlex-20191001-csv/3975#51725942>				<https://panlex.org/snapshot/panlex-20191001-csv/3975#51725894>		"ʔɳʘũ"@huc	
"ǀǀan-te"@nmn	<https://panlex.org/snapshot/panlex-20191001-csv/3975#51727979>				<https://panlex.org/snapshot/panlex-20191001-csv/3975#51727939>		"ǯua"@huc	
"ǀǀan-te"@nmn	<https://panlex.org/snapshot/panlex-20191001-csv/3975#51727979>				<https://panlex.org/snapshot/panlex-20191001-csv/3975#51727940>		"ʒũã"@huc	
"ti"@nmn	<https://panlex.org/snapshot/panlex-20191001-csv/3975#51732759>				<https://panlex.org/snapshot/panlex-20191001-csv/3975#51732717>		"ɕǒa"@huc	
"hà"@nmn	<https://panlex.org/snapshot/panlex-20191001-csv/3975#51723806>				<https://panlex.org/snapshot/panlex-20191001-csv/3975#51723749>		"ʔám"@huc	
"ɡǀūʰʔu"@nmn	<https://panlex.org/snapshot/panlex-20191001-csv/3975#51721316>				<https://panlex.org/snapshot/panlex-20191001-csv/3975#51721273>		"ǂǐ-sì:"@huc	
"ʘwiː"@nmn	<https://panlex.org/snapshot/panlex-20191001-csv/3975#51728136>				<https://panlex.org/snapshot/panlex-20191001-csv/3975#51728085>		"ǀǀa̰ḛ"@huc	
"ʘàye"@nmn	<https://panlex.org/snapshot/panlex-20191001-csv/3975#51728130>				<https://panlex.org/snapshot/panlex-20191001-csv/3975#51728085>		"ǀǀa̰ḛ"@huc	
"dɔhé"@nmn	<https://panlex.org/snapshot/panlex-20191001-csv/3975#51724380>				<https://panlex.org/snapshot/panlex-20191001-csv/3975#51724343>		"ɳǂu"@huc	
"kxãː"@nmn	<https://panlex.org/snapshot/panlex-20191001-csv/3975#51723201>				<https://panlex.org/snapshot/panlex-20191001-csv/3975#51723151>		"ču"@huc	
"ɳǀã-ɳǀã"@nmn	<https://panlex.org/snapshot/panlex-20191001-csv/3975#51730868>				<https://panlex.org/snapshot/panlex-20191001-csv/3975#51730805>		"cí"@huc	
"tẽ́ʔẽ"@nmn	<https://panlex.org/snapshot/panlex-20191001-csv/3975#51730693>				<https://panlex.org/snapshot/panlex-20191001-csv/3975#51730643>		"kiʔi"@huc	
"ɡǂqʰúi"@nmn	<https://panlex.org/snapshot/panlex-20191001-csv/3975#51735096>				<https://panlex.org/snapshot/panlex-20191001-csv/3975#51735062>		"za̰ʔa"@huc	
"ǂʼi"@nmn	<https://panlex.org/snapshot/panlex-20191001-csv/3975#51729750>				<https://panlex.org/snapshot/panlex-20191001-csv/3975#51729705>		"ǂʼàm-kòːe"@huc	
"tuː"@nmn	<https://panlex.org/snapshot/panlex-20191001-csv/3975#51726103>				<https://panlex.org/snapshot/panlex-20191001-csv/3975#51726047>		"cã̄"@huc	
"ã̀"@nmn	<https://panlex.org/snapshot/panlex-20191001-csv/3975#51723805>				<https://panlex.org/snapshot/panlex-20191001-csv/3975#51723749>		"ʔám"@huc	
"ǂabbu"@nmn	<https://panlex.org/snapshot/panlex-20191001-csv/3975#51725495>				<https://panlex.org/snapshot/panlex-20191001-csv/3975#51725464>		"za̰ʔa"@huc	
"ɳǂui"@nmn	<https://panlex.org/snapshot/panlex-20191001-csv/3975#51723496>				<https://panlex.org/snapshot/panlex-20191001-csv/3975#51723451>		"ǀqʰõ̀ẽ̄"@huc	
"i"@nmn	<https://panlex.org/snapshot/panlex-20191001-csv/3975#51725222>				<https://panlex.org/snapshot/panlex-20191001-csv/3975#51725169>		"šu"@huc	
"he"@nmn	<https://panlex.org/snapshot/panlex-20191001-csv/3975#51732761>				<https://panlex.org/snapshot/panlex-20191001-csv/3975#51732717>		"ɕǒa"@huc	
"tʼùm"@nmn	<https://panlex.org/snapshot/panlex-20191001-csv/3975#51731309>				<https://panlex.org/snapshot/panlex-20191001-csv/3975#51731258>		"čʼu"@huc	
"gʸa-ŋ"@nmn	<https://panlex.org/snapshot/panlex-20191001-csv/3975#51732912>				<https://panlex.org/snapshot/panlex-20191001-csv/3975#51732872>		"háː"@huc	
"zé"@nmn	<https://panlex.org/snapshot/panlex-20191001-csv/3975#51724808>				<https://panlex.org/snapshot/panlex-20191001-csv/3975#51724767>		"kàla"@huc	
"ɳǀǀáu"@nmn	<https://panlex.org/snapshot/panlex-20191001-csv/3975#51735353>				<https://panlex.org/snapshot/panlex-20191001-csv/3975#51735323>		"ǀǀqo"@huc	
"ɳǀɔ̀e"@nmn	<https://panlex.org/snapshot/panlex-20191001-csv/3975#51729113>				<https://panlex.org/snapshot/panlex-20191001-csv/3975#51729064>		"cʰao"@huc	
"ta-le"@nmn	<https://panlex.org/snapshot/panlex-20191001-csv/3975#51732758>				<https://panlex.org/snapshot/panlex-20191001-csv/3975#51732717>		"ɕǒa"@huc	
"ǂwɛ"@nmn	<https://panlex.org/snapshot/panlex-20191001-csv/3975#51736190>				<https://panlex.org/snapshot/panlex-20191001-csv/3975#51736141>		"ǂqʼui"@huc	
"tiá"@nmn	<https://panlex.org/snapshot/panlex-20191001-csv/3975#51729434>				<https://panlex.org/snapshot/panlex-20191001-csv/3975#51729384>		"ǀʰõʔõ"@huc	
"ɡǀā̰iʰ"@nmn	<https://panlex.org/snapshot/panlex-20191001-csv/3975#51725493>				<https://panlex.org/snapshot/panlex-20191001-csv/3975#51725464>		"za̰ʔa"@huc	
"ɡǀãũ"@nmn	<https://panlex.org/snapshot/panlex-20191001-csv/3975#51732605>				<https://panlex.org/snapshot/panlex-20191001-csv/3975#51732564>		"ʘxui"@huc	
"kʼi=ǀǀɛ"@nmn	<https://panlex.org/snapshot/panlex-20191001-csv/3975#51733366>				<https://panlex.org/snapshot/panlex-20191001-csv/3975#51733317>		"cʼíú"@huc	
"ǀǀxau"@nmn	<https://panlex.org/snapshot/panlex-20191001-csv/3975#51721739>				<https://panlex.org/snapshot/panlex-20191001-csv/3975#51721694>		"ǀqʼi"@huc	
"ǂũẽ"@nmn	<https://panlex.org/snapshot/panlex-20191001-csv/3975#51728545>				<https://panlex.org/snapshot/panlex-20191001-csv/3975#51728501>		"šĩ"@huc	
"ǂʼũ"@nmn	<https://panlex.org/snapshot/panlex-20191001-csv/3975#51724106>				<https://panlex.org/snapshot/panlex-20191001-csv/3975#51724055>		"ʘōā"@huc	
"ɳǀaː"@nmn	<https://panlex.org/snapshot/panlex-20191001-csv/3975#51725941>				<https://panlex.org/snapshot/panlex-20191001-csv/3975#51725894>		"ʔɳʘũ"@huc	
"ǂxai"@nmn	<https://panlex.org/snapshot/panlex-20191001-csv/3975#51723041>				<https://panlex.org/snapshot/panlex-20191001-csv/3975#51722994>		"ɕeama"@huc	
"ǀǀaa"@nmn	<https://panlex.org/snapshot/panlex-20191001-csv/3975#51733831>				<https://panlex.org/snapshot/panlex-20191001-csv/3975#51733781>		"ɕà̰o"@huc	
"ǂã"@nmn	<https://panlex.org/snapshot/panlex-20191001-csv/3975#51721883>				<https://panlex.org/snapshot/panlex-20191001-csv/3975#51721844>		"ɕa̰ː"@huc	
"sâː"@nmn	<https://panlex.org/snapshot/panlex-20191001-csv/3975#51733824>				<https://panlex.org/snapshot/panlex-20191001-csv/3975#51733781>		"ɕà̰o"@huc	
"ša"@nmn	<https://panlex.org/snapshot/panlex-20191001-csv/3975#51733827>				<https://panlex.org/snapshot/panlex-20191001-csv/3975#51733781>		"ɕà̰o"@huc	
"ša"@nmn	<https://panlex.org/snapshot/panlex-20191001-csv/3975#51722717>				<https://panlex.org/snapshot/panlex-20191001-csv/3975#51722656>		"čá"@huc	
"ʔǀnà̰n"@nmn	<https://panlex.org/snapshot/panlex-20191001-csv/3975#51733207>				<https://panlex.org/snapshot/panlex-20191001-csv/3975#51733164>		"cela"@huc	
"ǀkxa"@nmn	<https://panlex.org/snapshot/panlex-20191001-csv/3975#51725783>				<https://panlex.org/snapshot/panlex-20191001-csv/3975#51725743>		"šíu"@huc	
"kʰáː"@nmn	<https://panlex.org/snapshot/panlex-20191001-csv/3975#51734135>				<https://panlex.org/snapshot/panlex-20191001-csv/3975#51734092>		"ǯo"@huc	
"ǀǀʼùː"@nmn	<https://panlex.org/snapshot/panlex-20191001-csv/3975#51731310>				<https://panlex.org/snapshot/panlex-20191001-csv/3975#51731258>		"čʼu"@huc	
"ǀǀã̂ʔũ"@nmn	<https://panlex.org/snapshot/panlex-20191001-csv/3975#51722549>				<https://panlex.org/snapshot/panlex-20191001-csv/3975#51722512>		"ǀaba"@huc	
"āʰ"@nmn	<https://panlex.org/snapshot/panlex-20191001-csv/3975#51733049>				<https://panlex.org/snapshot/panlex-20191001-csv/3975#51733014>		"úː"@huc	
"ǂa"@nmn	<https://panlex.org/snapshot/panlex-20191001-csv/3975#51733832>				<https://panlex.org/snapshot/panlex-20191001-csv/3975#51733781>		"ɕà̰o"@huc	
"ǀǀʼʌn"@nmn	<https://panlex.org/snapshot/panlex-20191001-csv/3975#51732335>				<https://panlex.org/snapshot/panlex-20191001-csv/3975#51732286>		"ʒʼaː"@huc	
"ǀǀʼʌn"@nmn	<https://panlex.org/snapshot/panlex-20191001-csv/3975#51732335>				<https://panlex.org/snapshot/panlex-20191001-csv/3975#51732284>		"čʰaː"@huc	
"ǀǀʼʌn"@nmn	<https://panlex.org/snapshot/panlex-20191001-csv/3975#51732335>				<https://panlex.org/snapshot/panlex-20191001-csv/3975#51732285>		"ʒa"@huc	
"ǀǀõ-ɳǀaŋ"@nmn	<https://panlex.org/snapshot/panlex-20191001-csv/3975#51726853>				<https://panlex.org/snapshot/panlex-20191001-csv/3975#51726820>		"ǂʰeme"@huc	
"ǀɔ"@nmn	<https://panlex.org/snapshot/panlex-20191001-csv/3975#51725638>				<https://panlex.org/snapshot/panlex-20191001-csv/3975#51725589>		"ɳǂu"@huc	
"tuː"@nmn	<https://panlex.org/snapshot/panlex-20191001-csv/3975#51727290>				<https://panlex.org/snapshot/panlex-20191001-csv/3975#51727244>		"ǂqíʔi"@huc	
"ǀqʰũ̀ã"@nmn	<https://panlex.org/snapshot/panlex-20191001-csv/3975#51725634>				<https://panlex.org/snapshot/panlex-20191001-csv/3975#51725589>		"ɳǂu"@huc	
"si"@nmn	<https://panlex.org/snapshot/panlex-20191001-csv/3975#51722712>				<https://panlex.org/snapshot/panlex-20191001-csv/3975#51722656>		"čá"@huc	
"ɳǀǀaː"@nmn	<https://panlex.org/snapshot/panlex-20191001-csv/3975#51734651>				<https://panlex.org/snapshot/panlex-20191001-csv/3975#51734622>		"ǂà̰ʔnna"@huc	
"ǂʰai"@nmn	<https://panlex.org/snapshot/panlex-20191001-csv/3975#51733513>				<https://panlex.org/snapshot/panlex-20191001-csv/3975#51733466>		"ǀʼṍ"@huc	
"úːsi"@nmn	<https://panlex.org/snapshot/panlex-20191001-csv/3975#51721165>				<https://panlex.org/snapshot/panlex-20191001-csv/3975#51721133>		"ɳǀǀam"@huc	
"si=ǀu"@nmn	<https://panlex.org/snapshot/panlex-20191001-csv/3975#51721319>				<https://panlex.org/snapshot/panlex-20191001-csv/3975#51721273>		"ǂǐ-sì:"@huc	
"sí"@nmn	<https://panlex.org/snapshot/panlex-20191001-csv/3975#51722720>				<https://panlex.org/snapshot/panlex-20191001-csv/3975#51722656>		"čá"@huc	
"tã̰́ː"@nmn	<https://panlex.org/snapshot/panlex-20191001-csv/3975#51726099>				<https://panlex.org/snapshot/panlex-20191001-csv/3975#51726047>		"cã̄"@huc	
"ɳǀeː"@nmn	<https://panlex.org/snapshot/panlex-20191001-csv/3975#51730864>				<https://panlex.org/snapshot/panlex-20191001-csv/3975#51730805>		"cí"@huc	
"ǀǀĩ"@nmn	<https://panlex.org/snapshot/panlex-20191001-csv/3975#51725372>				<https://panlex.org/snapshot/panlex-20191001-csv/3975#51725331>		"qʰãẽ"@huc	
"ɳǀa"@nmn	<https://panlex.org/snapshot/panlex-20191001-csv/3975#51725938>				<https://panlex.org/snapshot/panlex-20191001-csv/3975#51725894>		"ʔɳʘũ"@huc	
"ɳǀa"@nmn	<https://panlex.org/snapshot/panlex-20191001-csv/3975#51730861>				<https://panlex.org/snapshot/panlex-20191001-csv/3975#51730805>		"cí"@huc	
"ǀǀkxɔː"@nmn	<https://panlex.org/snapshot/panlex-20191001-csv/3975#51732181>				<https://panlex.org/snapshot/panlex-20191001-csv/3975#51732145>		"ǀǀʰȍ̰ːa"@huc	
"ǂʰi"@nmn	<https://panlex.org/snapshot/panlex-20191001-csv/3975#51723042>				<https://panlex.org/snapshot/panlex-20191001-csv/3975#51722994>		"ɕeama"@huc	
"ŋ"@nmn	<https://panlex.org/snapshot/panlex-20191001-csv/3975#51726537>				<https://panlex.org/snapshot/panlex-20191001-csv/3975#51726483>		"ma"@huc	
"ŋ"@nmn	<https://panlex.org/snapshot/panlex-20191001-csv/3975#51726547>				<https://panlex.org/snapshot/panlex-20191001-csv/3975#51726483>		"ma"@huc	
"ǀam"@nmn	<https://panlex.org/snapshot/panlex-20191001-csv/3975#51733670>				<https://panlex.org/snapshot/panlex-20191001-csv/3975#51733618>		"ʘóːa"@huc	
"ŋ"@nmn	<https://panlex.org/snapshot/panlex-20191001-csv/3975#51726544>				<https://panlex.org/snapshot/panlex-20191001-csv/3975#51726483>		"ma"@huc	
"ǀǀa"@nmn	<https://panlex.org/snapshot/panlex-20191001-csv/3975#51726994>				<https://panlex.org/snapshot/panlex-20191001-csv/3975#51726959>		"ciʔa"@huc	
"ǀǀōna"@nmn	<https://panlex.org/snapshot/panlex-20191001-csv/3975#51732033>				<https://panlex.org/snapshot/panlex-20191001-csv/3975#51731991>		"ǂõ̏"@huc	
"kōː kàʔã̀"@nmn	<https://panlex.org/snapshot/panlex-20191001-csv/3975#51720629>				<https://panlex.org/snapshot/panlex-20191001-csv/3975#51720592>		"ùē"@huc	
"ǀʼãː"@nmn	<https://panlex.org/snapshot/panlex-20191001-csv/3975#51724525>				<https://panlex.org/snapshot/panlex-20191001-csv/3975#51724478>		"ɡʘoa"@huc	
"ǀǀárri"@nmn	<https://panlex.org/snapshot/panlex-20191001-csv/3975#51720632>				<https://panlex.org/snapshot/panlex-20191001-csv/3975#51720592>		"ùē"@huc	
"tãŋ"@nmn	<https://panlex.org/snapshot/panlex-20191001-csv/3975#51726102>				<https://panlex.org/snapshot/panlex-20191001-csv/3975#51726047>		"cã̄"@huc	
"ǀʼaː"@nmn	<https://panlex.org/snapshot/panlex-20191001-csv/3975#51722889>				<https://panlex.org/snapshot/panlex-20191001-csv/3975#51722840>		"šĩ́"@huc	
"ɡʘwaːa"@nmn	<https://panlex.org/snapshot/panlex-20191001-csv/3975#51733511>				<https://panlex.org/snapshot/panlex-20191001-csv/3975#51733466>		"ǀʼṍ"@huc	
"qáʔɲa"@nmn	<https://panlex.org/snapshot/panlex-20191001-csv/3975#51735630>				<https://panlex.org/snapshot/panlex-20191001-csv/3975#51735594>		"qana"@huc	
"qáʔɲa"@nmn	<https://panlex.org/snapshot/panlex-20191001-csv/3975#51735630>				<https://panlex.org/snapshot/panlex-20191001-csv/3975#51735593>		"qaʔana"@huc	
"ɡǀaːna"@nmn	<https://panlex.org/snapshot/panlex-20191001-csv/3975#51727135>				<https://panlex.org/snapshot/panlex-20191001-csv/3975#51727096>		"kí=ʓȍ̰ba"@huc	
"ǀe"@nmn	<https://panlex.org/snapshot/panlex-20191001-csv/3975#51730694>				<https://panlex.org/snapshot/panlex-20191001-csv/3975#51730643>		"kiʔi"@huc	
"ǀǀa̰ːa̰ː"@nmn	<https://panlex.org/snapshot/panlex-20191001-csv/3975#51729430>				<https://panlex.org/snapshot/panlex-20191001-csv/3975#51729384>		"ǀʰõʔõ"@huc	
"ǂʼũ̂ã"@nmn	<https://panlex.org/snapshot/panlex-20191001-csv/3975#51729599>				<https://panlex.org/snapshot/panlex-20191001-csv/3975#51729554>		"ɳʘũ"@huc	
"ǀǀú"@nmn	<https://panlex.org/snapshot/panlex-20191001-csv/3975#51728830>				<https://panlex.org/snapshot/panlex-20191001-csv/3975#51728793>		"ɕʰa"@huc	
"ɳǀaːn"@nmn	<https://panlex.org/snapshot/panlex-20191001-csv/3975#51733208>				<https://panlex.org/snapshot/panlex-20191001-csv/3975#51733164>		"cela"@huc	
