"susu"@mbt	<https://panlex.org/snapshot/panlex-20191001-csv/114#8060580>				<https://panlex.org/snapshot/panlex-20191001-csv/114#8060787>		"súsu"@tl	
"susu"@mbt	<https://panlex.org/snapshot/panlex-20191001-csv/114#8060580>				<https://panlex.org/snapshot/panlex-20191001-csv/114#8060786>		"suso"@tl	
"paqa"@mbt	<https://panlex.org/snapshot/panlex-20191001-csv/114#8053384>				<https://panlex.org/snapshot/panlex-20191001-csv/114#8053590>		"bintipaa"@tl	
"paqa"@mbt	<https://panlex.org/snapshot/panlex-20191001-csv/114#8053384>				<https://panlex.org/snapshot/panlex-20191001-csv/114#8053591>		"paqá"@tl	
"paqa"@mbt	<https://panlex.org/snapshot/panlex-20191001-csv/114#8053384>				<https://panlex.org/snapshot/panlex-20191001-csv/114#8053588>		"paa"@tl	
"paqa"@mbt	<https://panlex.org/snapshot/panlex-20191001-csv/114#8053384>				<https://panlex.org/snapshot/panlex-20191001-csv/114#8053589>		"binti"@tl	
"ngipin"@mbt	<https://panlex.org/snapshot/panlex-20191001-csv/114#8067325>				<https://panlex.org/snapshot/panlex-20191001-csv/114#8067525>		"ŋípin"@tl	
"ngipin"@mbt	<https://panlex.org/snapshot/panlex-20191001-csv/114#8067325>				<https://panlex.org/snapshot/panlex-20191001-csv/114#8067524>		"ngipin"@tl	
"gɨtɨk"@mbt	<https://panlex.org/snapshot/panlex-20191001-csv/114#8058531>				<https://panlex.org/snapshot/panlex-20191001-csv/114#8058739>		"tiyán"@tl	
"gɨtɨk"@mbt	<https://panlex.org/snapshot/panlex-20191001-csv/114#8058531>				<https://panlex.org/snapshot/panlex-20191001-csv/114#8058738>		"tiyan"@tl	
"bungitɨn"@mbt	<https://panlex.org/snapshot/panlex-20191001-csv/114#8056518>				<https://panlex.org/snapshot/panlex-20191001-csv/114#8056708>		"madumi"@tl	
"bungitɨn"@mbt	<https://panlex.org/snapshot/panlex-20191001-csv/114#8056518>				<https://panlex.org/snapshot/panlex-20191001-csv/114#8056709>		"marumi"@tl	
"qulu"@mbt	<https://panlex.org/snapshot/panlex-20191001-csv/114#8063661>				<https://panlex.org/snapshot/panlex-20191001-csv/114#8063857>		"úlo"@tl	
"qulu"@mbt	<https://panlex.org/snapshot/panlex-20191001-csv/114#8063661>				<https://panlex.org/snapshot/panlex-20191001-csv/114#8063856>		"ulo"@tl	
"biu"@mbt	<https://panlex.org/snapshot/panlex-20191001-csv/114#8055500>				<https://panlex.org/snapshot/panlex-20191001-csv/114#8055682>		"lumiko"@tl	
"biu"@mbt	<https://panlex.org/snapshot/panlex-20191001-csv/114#8055500>				<https://panlex.org/snapshot/panlex-20191001-csv/114#8055683>		"lumikóq"@tl	
"bɨlad"@mbt	<https://panlex.org/snapshot/panlex-20191001-csv/114#8051898>				<https://panlex.org/snapshot/panlex-20191001-csv/114#8052105>		"kamáy"@tl	
"bɨlad"@mbt	<https://panlex.org/snapshot/panlex-20191001-csv/114#8051898>				<https://panlex.org/snapshot/panlex-20191001-csv/114#8052104>		"kamay"@tl	
"kuming"@mbt	<https://panlex.org/snapshot/panlex-20191001-csv/114#8060579>				<https://panlex.org/snapshot/panlex-20191001-csv/114#8060787>		"súsu"@tl	
"kuming"@mbt	<https://panlex.org/snapshot/panlex-20191001-csv/114#8060579>				<https://panlex.org/snapshot/panlex-20191001-csv/114#8060786>		"suso"@tl	
"ngisi"@mbt	<https://panlex.org/snapshot/panlex-20191001-csv/114#8068382>				<https://panlex.org/snapshot/panlex-20191001-csv/114#8068564>		"tumáwa"@tl	
"ngisi"@mbt	<https://panlex.org/snapshot/panlex-20191001-csv/114#8068382>				<https://panlex.org/snapshot/panlex-20191001-csv/114#8068565>		"tumawa"@tl	
