"susu"@mbt	<https://panlex.org/snapshot/panlex-20191001-csv/114#8060580>				<https://panlex.org/snapshot/panlex-20191001-csv/114#8060503>		"twetwe-(l)"@kos	
"susu"@mbt	<https://panlex.org/snapshot/panlex-20191001-csv/114#8060580>				<https://panlex.org/snapshot/panlex-20191001-csv/114#8060502>		"titi-(n)"@kos	
"susu"@mbt	<https://panlex.org/snapshot/panlex-20191001-csv/114#8060580>				<https://panlex.org/snapshot/panlex-20191001-csv/114#8060501>		"titi"@kos	
"paqa"@mbt	<https://panlex.org/snapshot/panlex-20191001-csv/114#8053384>				<https://panlex.org/snapshot/panlex-20191001-csv/114#8053311>		"niye-(n)"@kos	
"paqa"@mbt	<https://panlex.org/snapshot/panlex-20191001-csv/114#8053384>				<https://panlex.org/snapshot/panlex-20191001-csv/114#8053312>		"niyɛ-(l)"@kos	
"paqa"@mbt	<https://panlex.org/snapshot/panlex-20191001-csv/114#8053384>				<https://panlex.org/snapshot/panlex-20191001-csv/114#8053310>		"niyac"@kos	
"ngipin"@mbt	<https://panlex.org/snapshot/panlex-20191001-csv/114#8067325>				<https://panlex.org/snapshot/panlex-20191001-csv/114#8067258>		"wihs"@kos	
"gɨtɨk"@mbt	<https://panlex.org/snapshot/panlex-20191001-csv/114#8058531>				<https://panlex.org/snapshot/panlex-20191001-csv/114#8058456>		"in-siyac"@kos	
"bungitɨn"@mbt	<https://panlex.org/snapshot/panlex-20191001-csv/114#8056518>				<https://panlex.org/snapshot/panlex-20191001-csv/114#8056458>		"fohkfohk"@kos	
"qulu"@mbt	<https://panlex.org/snapshot/panlex-20191001-csv/114#8063661>				<https://panlex.org/snapshot/panlex-20191001-csv/114#8063591>		"olo-(l)"@kos	
"qulu"@mbt	<https://panlex.org/snapshot/panlex-20191001-csv/114#8063661>				<https://panlex.org/snapshot/panlex-20191001-csv/114#8063590>		"in-sifac"@kos	
"qulu"@mbt	<https://panlex.org/snapshot/panlex-20191001-csv/114#8063661>				<https://panlex.org/snapshot/panlex-20191001-csv/114#8063592>		"ulu-(n)"@kos	
"biu"@mbt	<https://panlex.org/snapshot/panlex-20191001-csv/114#8055500>				<https://panlex.org/snapshot/panlex-20191001-csv/114#8055437>		"el"@kos	
"biu"@mbt	<https://panlex.org/snapshot/panlex-20191001-csv/114#8055500>				<https://panlex.org/snapshot/panlex-20191001-csv/114#8055438>		"tahpuhl"@kos	
"bɨlad"@mbt	<https://panlex.org/snapshot/panlex-20191001-csv/114#8051898>				<https://panlex.org/snapshot/panlex-20191001-csv/114#8051821>		"po"@kos	
"bɨlad"@mbt	<https://panlex.org/snapshot/panlex-20191001-csv/114#8051898>				<https://panlex.org/snapshot/panlex-20191001-csv/114#8051820>		"paho"@kos	
"bɨlad"@mbt	<https://panlex.org/snapshot/panlex-20191001-csv/114#8051898>				<https://panlex.org/snapshot/panlex-20191001-csv/114#8051822>		"pæo-(l)"@kos	
"kuming"@mbt	<https://panlex.org/snapshot/panlex-20191001-csv/114#8060579>				<https://panlex.org/snapshot/panlex-20191001-csv/114#8060503>		"twetwe-(l)"@kos	
"kuming"@mbt	<https://panlex.org/snapshot/panlex-20191001-csv/114#8060579>				<https://panlex.org/snapshot/panlex-20191001-csv/114#8060502>		"titi-(n)"@kos	
"kuming"@mbt	<https://panlex.org/snapshot/panlex-20191001-csv/114#8060579>				<https://panlex.org/snapshot/panlex-20191001-csv/114#8060501>		"titi"@kos	
"ngisi"@mbt	<https://panlex.org/snapshot/panlex-20191001-csv/114#8068382>				<https://panlex.org/snapshot/panlex-20191001-csv/114#8068320>		"ŋisŋis"@kos	
"ngisi"@mbt	<https://panlex.org/snapshot/panlex-20191001-csv/114#8068382>				<https://panlex.org/snapshot/panlex-20191001-csv/114#8068319>		"ŋis"@kos	
"ngisi"@mbt	<https://panlex.org/snapshot/panlex-20191001-csv/114#8068382>				<https://panlex.org/snapshot/panlex-20191001-csv/114#8068318>		"isracsr"@kos	
