"susu"@mbt	<https://panlex.org/snapshot/panlex-20191001-csv/114#8060580>				<https://panlex.org/snapshot/panlex-20191001-csv/114#8060451>		"palagʼpag"@ifa	
"paqa"@mbt	<https://panlex.org/snapshot/panlex-20191001-csv/114#8053384>				<https://panlex.org/snapshot/panlex-20191001-csv/114#8053264>		"huʼki"@ifa	
"ngipin"@mbt	<https://panlex.org/snapshot/panlex-20191001-csv/114#8067325>				<https://panlex.org/snapshot/panlex-20191001-csv/114#8067205>		"boʼba"@ifa	
"gɨtɨk"@mbt	<https://panlex.org/snapshot/panlex-20191001-csv/114#8058531>				<https://panlex.org/snapshot/panlex-20191001-csv/114#8058412>		"puʼtu"@ifa	
"bungitɨn"@mbt	<https://panlex.org/snapshot/panlex-20191001-csv/114#8056518>				<https://panlex.org/snapshot/panlex-20191001-csv/114#8056411>		"nadakʼkot"@ifa	
"qulu"@mbt	<https://panlex.org/snapshot/panlex-20191001-csv/114#8063661>				<https://panlex.org/snapshot/panlex-20191001-csv/114#8063549>		"quʼlu"@ifa	
"biu"@mbt	<https://panlex.org/snapshot/panlex-20191001-csv/114#8055500>				<https://panlex.org/snapshot/panlex-20191001-csv/114#8055392>		"munliʼwotan"@ifa	
"bɨlad"@mbt	<https://panlex.org/snapshot/panlex-20191001-csv/114#8051898>				<https://panlex.org/snapshot/panlex-20191001-csv/114#8051775>		"taqʼle"@ifa	
"kuming"@mbt	<https://panlex.org/snapshot/panlex-20191001-csv/114#8060579>				<https://panlex.org/snapshot/panlex-20191001-csv/114#8060451>		"palagʼpag"@ifa	
"ngisi"@mbt	<https://panlex.org/snapshot/panlex-20191001-csv/114#8068382>				<https://panlex.org/snapshot/panlex-20191001-csv/114#8068268>		"ngumiʼhil"@ifa	
