"susu"@mbt	<https://panlex.org/snapshot/panlex-20191001-csv/114#8060580>				<https://panlex.org/snapshot/panlex-20191001-csv/114#8060460>		"suso"@ilo	
"paqa"@mbt	<https://panlex.org/snapshot/panlex-20191001-csv/114#8053384>				<https://panlex.org/snapshot/panlex-20191001-csv/114#8053271>		"saka"@ilo	
"ngipin"@mbt	<https://panlex.org/snapshot/panlex-20191001-csv/114#8067325>				<https://panlex.org/snapshot/panlex-20191001-csv/114#8067211>		"ngipen"@ilo	
"gɨtɨk"@mbt	<https://panlex.org/snapshot/panlex-20191001-csv/114#8058531>				<https://panlex.org/snapshot/panlex-20191001-csv/114#8058418>		"tian"@ilo	
"bungitɨn"@mbt	<https://panlex.org/snapshot/panlex-20191001-csv/114#8056518>				<https://panlex.org/snapshot/panlex-20191001-csv/114#8056417>		"na-rugit"@ilo	
"qulu"@mbt	<https://panlex.org/snapshot/panlex-20191001-csv/114#8063661>				<https://panlex.org/snapshot/panlex-20191001-csv/114#8063555>		"ulo"@ilo	
"biu"@mbt	<https://panlex.org/snapshot/panlex-20191001-csv/114#8055500>				<https://panlex.org/snapshot/panlex-20191001-csv/114#8055398>		"ag-likko"@ilo	
"bɨlad"@mbt	<https://panlex.org/snapshot/panlex-20191001-csv/114#8051898>				<https://panlex.org/snapshot/panlex-20191001-csv/114#8051782>		"ima"@ilo	
"kuming"@mbt	<https://panlex.org/snapshot/panlex-20191001-csv/114#8060579>				<https://panlex.org/snapshot/panlex-20191001-csv/114#8060460>		"suso"@ilo	
"ngisi"@mbt	<https://panlex.org/snapshot/panlex-20191001-csv/114#8068382>				<https://panlex.org/snapshot/panlex-20191001-csv/114#8068275>		"ag-katawa"@ilo	
