"wakax"@yua	<https://panlex.org/snapshot/panlex-20191001-csv/5940#81294733>				<https://panlex.org/snapshot/panlex-20191001-csv/5940#81294729>		"сыгыр"@tk	
"néen"@yua	<https://panlex.org/snapshot/panlex-20191001-csv/5946#84446361>				<https://panlex.org/snapshot/panlex-20191001-csv/5946#84446331>		"aýna"@tk	
"luuk"@yua	<https://panlex.org/snapshot/panlex-20191001-csv/5942#83279381>				<https://panlex.org/snapshot/panlex-20191001-csv/5942#83279376>		"batga"@tk	
"ju'un"@yua	<https://panlex.org/snapshot/panlex-20191001-csv/5942#83282802>				<https://panlex.org/snapshot/panlex-20191001-csv/5942#83282790>		"kitap"@tk	
"chʼamak"@yua	<https://panlex.org/snapshot/panlex-20191001-csv/12#932527>				<https://panlex.org/snapshot/panlex-20191001-csv/12#932522>		"тилки"@tk	
"uuchben"@yua	<https://panlex.org/snapshot/panlex-20191001-csv/12#851638>				<https://panlex.org/snapshot/panlex-20191001-csv/12#851632>		"гоҗаман"@tk	
"uuchben"@yua	<https://panlex.org/snapshot/panlex-20191001-csv/12#851638>				<https://panlex.org/snapshot/panlex-20191001-csv/12#851631>		"гоҗа"@tk	
"uuchben"@yua	<https://panlex.org/snapshot/panlex-20191001-csv/12#851638>				<https://panlex.org/snapshot/panlex-20191001-csv/12#851630>		"гадым"@tk	
"haʼ"@yua	<https://panlex.org/snapshot/panlex-20191001-csv/12#851260>				<https://panlex.org/snapshot/panlex-20191001-csv/12#851213>		"suw"@tk	
"chʼomak"@yua	<https://panlex.org/snapshot/panlex-20191001-csv/12#932528>				<https://panlex.org/snapshot/panlex-20191001-csv/12#932522>		"тилки"@tk	
"biyeho"@yua	<https://panlex.org/snapshot/panlex-20191001-csv/12#851636>				<https://panlex.org/snapshot/panlex-20191001-csv/12#851632>		"гоҗаман"@tk	
"biyeho"@yua	<https://panlex.org/snapshot/panlex-20191001-csv/12#851636>				<https://panlex.org/snapshot/panlex-20191001-csv/12#851631>		"гоҗа"@tk	
"biyeho"@yua	<https://panlex.org/snapshot/panlex-20191001-csv/12#851636>				<https://panlex.org/snapshot/panlex-20191001-csv/12#851630>		"гадым"@tk	
"taaman"@yua	<https://panlex.org/snapshot/panlex-20191001-csv/12#886205>				<https://panlex.org/snapshot/panlex-20191001-csv/12#886199>		"багыр"@tk	
"taaman"@yua	<https://panlex.org/snapshot/panlex-20191001-csv/12#886301>				<https://panlex.org/snapshot/panlex-20191001-csv/12#886295>		"багыр"@tk	
"taaman"@yua	<https://panlex.org/snapshot/panlex-20191001-csv/12#886372>				<https://panlex.org/snapshot/panlex-20191001-csv/12#886366>		"багыр"@tk	
"nuxib"@yua	<https://panlex.org/snapshot/panlex-20191001-csv/12#851637>				<https://panlex.org/snapshot/panlex-20191001-csv/12#851632>		"гоҗаман"@tk	
"nuxib"@yua	<https://panlex.org/snapshot/panlex-20191001-csv/12#851637>				<https://panlex.org/snapshot/panlex-20191001-csv/12#851631>		"гоҗа"@tk	
"nuxib"@yua	<https://panlex.org/snapshot/panlex-20191001-csv/12#851637>				<https://panlex.org/snapshot/panlex-20191001-csv/12#851630>		"гадым"@tk	
"kook"@yua	<https://panlex.org/snapshot/panlex-20191001-csv/12#888415>				<https://panlex.org/snapshot/panlex-20191001-csv/12#888412>		"bilbil"@tk	
"pepen"@yua	<https://panlex.org/snapshot/panlex-20191001-csv/8#220748>				<https://panlex.org/snapshot/panlex-20191001-csv/8#10199092>		"yellepe"@tk	
"pempem"@yua	<https://panlex.org/snapshot/panlex-20191001-csv/8#220747>				<https://panlex.org/snapshot/panlex-20191001-csv/8#10199092>		"yellepe"@tk	
"nuxib"@yua	<https://panlex.org/snapshot/panlex-20191001-csv/10#606289>				<https://panlex.org/snapshot/panlex-20191001-csv/10#606283>		"гоҗа"@tk	
"nuxib"@yua	<https://panlex.org/snapshot/panlex-20191001-csv/10#606289>				<https://panlex.org/snapshot/panlex-20191001-csv/10#606282>		"гадым"@tk	
"nuxib"@yua	<https://panlex.org/snapshot/panlex-20191001-csv/10#606289>				<https://panlex.org/snapshot/panlex-20191001-csv/10#606284>		"гоҗаман"@tk	
"Amérikaa"@yua	<https://panlex.org/snapshot/panlex-20191001-csv/2891#110853430>				<https://panlex.org/snapshot/panlex-20191001-csv/2891#110853536>		"Америка"@tk	
"Amérikaa"@yua	<https://panlex.org/snapshot/panlex-20191001-csv/2891#110853430>				<https://panlex.org/snapshot/panlex-20191001-csv/2891#110853405>		"Amerika"@tk	
