"huʻahuaa"@ty	<https://panlex.org/snapshot/panlex-20191001-csv/114#8057161>				<https://panlex.org/snapshot/panlex-20191001-csv/114#8056977>		"ʔohuʔohun"@los	
"ʻaaʻau"@ty	<https://panlex.org/snapshot/panlex-20191001-csv/114#8059709>				<https://panlex.org/snapshot/panlex-20191001-csv/114#8059534>		"ŋoʔoputua-n"@los	
"ʻeeʻa"@ty	<https://panlex.org/snapshot/panlex-20191001-csv/114#8054665>				<https://panlex.org/snapshot/panlex-20191001-csv/114#8054475>		"[pwaha]can"@los	
"arero"@ty	<https://panlex.org/snapshot/panlex-20191001-csv/114#8068019>				<https://panlex.org/snapshot/panlex-20191001-csv/114#8067824>		"palakeʔeme-n"@los	
"rima"@ty	<https://panlex.org/snapshot/panlex-20191001-csv/114#8052082>				<https://panlex.org/snapshot/panlex-20191001-csv/114#8051871>		"nime-n"@los	
"ori"@ty	<https://panlex.org/snapshot/panlex-20191001-csv/114#8054158>				<https://panlex.org/snapshot/panlex-20191001-csv/114#8053939>		"la"@los	
"repo puehu"@ty	<https://panlex.org/snapshot/panlex-20191001-csv/114#8057162>				<https://panlex.org/snapshot/panlex-20191001-csv/114#8056977>		"ʔohuʔohun"@los	
"tiitii"@ty	<https://panlex.org/snapshot/panlex-20191001-csv/114#8060763>				<https://panlex.org/snapshot/panlex-20191001-csv/114#8060546>		"susu-n"@los	
"ehaòe"@ty	<https://panlex.org/snapshot/panlex-20191001-csv/114#8055666>				<https://panlex.org/snapshot/panlex-20191001-csv/114#8055475>		"telpelewani"@los	
"puruumu"@ty	<https://panlex.org/snapshot/panlex-20191001-csv/114#8054664>				<https://panlex.org/snapshot/panlex-20191001-csv/114#8054475>		"[pwaha]can"@los	
"ʻiri"@ty	<https://panlex.org/snapshot/panlex-20191001-csv/114#8057665>				<https://panlex.org/snapshot/panlex-20191001-csv/114#8057466>		"maʔa-n"@los	
"repo"@ty	<https://panlex.org/snapshot/panlex-20191001-csv/114#8056689>				<https://panlex.org/snapshot/panlex-20191001-csv/114#8056499>		"porososon"@los	
"repo"@ty	<https://panlex.org/snapshot/panlex-20191001-csv/114#8057160>				<https://panlex.org/snapshot/panlex-20191001-csv/114#8056977>		"ʔohuʔohun"@los	
"tue"@ty	<https://panlex.org/snapshot/panlex-20191001-csv/114#8058168>				<https://panlex.org/snapshot/panlex-20191001-csv/114#8057983>		"pokeleŋa-n"@los	
"eraowroo"@ty	<https://panlex.org/snapshot/panlex-20191001-csv/114#8064921>				<https://panlex.org/snapshot/panlex-20191001-csv/114#8064715>		"kumpala-n"@los	
"ʻoopuu"@ty	<https://panlex.org/snapshot/panlex-20191001-csv/114#8058720>				<https://panlex.org/snapshot/panlex-20191001-csv/114#8058498>		"peʔetie-n"@los	
"riʻariʻa"@ty	<https://panlex.org/snapshot/panlex-20191001-csv/114#8062789>				<https://panlex.org/snapshot/panlex-20191001-csv/114#8062599>		"nohono"@los	
"eom"@ty	<https://panlex.org/snapshot/panlex-20191001-csv/114#8060761>				<https://panlex.org/snapshot/panlex-20191001-csv/114#8060546>		"susu-n"@los	
"mataʻu"@ty	<https://panlex.org/snapshot/panlex-20191001-csv/114#8062788>				<https://panlex.org/snapshot/panlex-20191001-csv/114#8062599>		"nohono"@los	
"wahoee"@ty	<https://panlex.org/snapshot/panlex-20191001-csv/114#8055668>				<https://panlex.org/snapshot/panlex-20191001-csv/114#8055475>		"telpelewani"@los	
"ʻite"@ty	<https://panlex.org/snapshot/panlex-20191001-csv/114#8061804>				<https://panlex.org/snapshot/panlex-20191001-csv/114#8061598>		"pasani"@los	
"eaee"@ty	<https://panlex.org/snapshot/panlex-20191001-csv/114#8064373>				<https://panlex.org/snapshot/panlex-20191001-csv/114#8064179>		"keñewe-n"@los	
"etoo"@ty	<https://panlex.org/snapshot/panlex-20191001-csv/114#8058166>				<https://panlex.org/snapshot/panlex-20191001-csv/114#8057983>		"pokeleŋa-n"@los	
"ʻata"@ty	<https://panlex.org/snapshot/panlex-20191001-csv/114#8068549>				<https://panlex.org/snapshot/panlex-20191001-csv/114#8068356>		"han"@los	
"ʻata"@ty	<https://panlex.org/snapshot/panlex-20191001-csv/114#8068549>				<https://panlex.org/snapshot/panlex-20191001-csv/114#8068357>		"helisai"@los	
"ihu"@ty	<https://panlex.org/snapshot/panlex-20191001-csv/114#8065472>				<https://panlex.org/snapshot/panlex-20191001-csv/114#8065271>		"poʔoŋo-n"@los	
"opareemo"@ty	<https://panlex.org/snapshot/panlex-20191001-csv/114#8059235>				<https://panlex.org/snapshot/panlex-20191001-csv/114#8059044>		"pitiʔo-n"@los	
