"íkuʼ"@bnn	<https://panlex.org/snapshot/panlex-20191001-csv/114#8057814>				<https://panlex.org/snapshot/panlex-20191001-csv/114#8057973>		"loŋqo"@ljl	
"suksuk"@bnn	<https://panlex.org/snapshot/panlex-20191001-csv/114#8064001>				<https://panlex.org/snapshot/panlex-20191001-csv/114#8064168>		"təŋu"@ljl	
"mahansiap"@bnn	<https://panlex.org/snapshot/panlex-20191001-csv/114#8061404>				<https://panlex.org/snapshot/panlex-20191001-csv/114#8061587>		"mbeʔo"@ljl	
"tteyan"@bnn	<https://panlex.org/snapshot/panlex-20191001-csv/114#8058321>				<https://panlex.org/snapshot/panlex-20191001-csv/114#8058486>		"tuka"@ljl	
"matáhluŋ"@bnn	<https://panlex.org/snapshot/panlex-20191001-csv/114#8056330>				<https://panlex.org/snapshot/panlex-20191001-csv/114#8056488>		"raki"@ljl	
"ŋúluṣ"@bnn	<https://panlex.org/snapshot/panlex-20191001-csv/114#8066559>				<https://panlex.org/snapshot/panlex-20191001-csv/114#8066728>		"wiwi"@ljl	
"kaidan"@bnn	<https://panlex.org/snapshot/panlex-20191001-csv/114#8062928>				<https://panlex.org/snapshot/panlex-20191001-csv/114#8063079>		"ra"@ljl	
"koruvo"@bnn	<https://panlex.org/snapshot/panlex-20191001-csv/114#8064535>				<https://panlex.org/snapshot/panlex-20191001-csv/114#8064705>		"fu"@ljl	
"mud̂ad̂áʼan"@bnn	<https://panlex.org/snapshot/panlex-20191001-csv/114#8053739>				<https://panlex.org/snapshot/panlex-20191001-csv/114#8053928>		"mbana"@ljl	
"ṣúmb̂aŋ"@bnn	<https://panlex.org/snapshot/panlex-20191001-csv/114#8065619>				<https://panlex.org/snapshot/panlex-20191001-csv/114#8065756>		"ŋai"@ljl	
