"qalʼte"@ifa	<https://panlex.org/snapshot/panlex-20191001-csv/114#8059929>				<https://panlex.org/snapshot/panlex-20191001-csv/114#8060232>		"rúmul"@trv	
"baʼgang"@ifa	<https://panlex.org/snapshot/panlex-20191001-csv/114#8064094>				<https://panlex.org/snapshot/panlex-20191001-csv/114#8064414>		"wáruʼ"@trv	
"boʼba"@ifa	<https://panlex.org/snapshot/panlex-20191001-csv/114#8067205>				<https://panlex.org/snapshot/panlex-20191001-csv/114#8067545>		"rúpun"@trv	
"winawʼwan"@ifa	<https://panlex.org/snapshot/panlex-20191001-csv/114#8052779>				<https://panlex.org/snapshot/panlex-20191001-csv/114#8053060>		"nárat"@trv	
"ginuyʼguy"@ifa	<https://panlex.org/snapshot/panlex-20191001-csv/114#8059455>				<https://panlex.org/snapshot/panlex-20191001-csv/114#8059744>		"íraq"@trv	
"qoʼlong"@ifa	<https://panlex.org/snapshot/panlex-20191001-csv/114#8065180>				<https://panlex.org/snapshot/panlex-20191001-csv/114#8065515>		"mohing"@trv	
"qoʼlong"@ifa	<https://panlex.org/snapshot/panlex-20191001-csv/114#8065180>				<https://panlex.org/snapshot/panlex-20191001-csv/114#8065516>		"múhiŋ"@trv	
"qinigʼgid"@ifa	<https://panlex.org/snapshot/panlex-20191001-csv/114#8052311>				<https://panlex.org/snapshot/panlex-20191001-csv/114#8052603>		"ʔiril"@trv	
"qiʼbuq"@ifa	<https://panlex.org/snapshot/panlex-20191001-csv/114#8064630>				<https://panlex.org/snapshot/panlex-20191001-csv/114#8064966>		"sənúnuh"@trv	
"puʼqol"@ifa	<https://panlex.org/snapshot/panlex-20191001-csv/114#8061008>				<https://panlex.org/snapshot/panlex-20191001-csv/114#8061295>		"héraŋ"@trv	
"puʼqol"@ifa	<https://panlex.org/snapshot/panlex-20191001-csv/114#8061008>				<https://panlex.org/snapshot/panlex-20191001-csv/114#8061294>		"ahing"@trv	
"palagʼpag"@ifa	<https://panlex.org/snapshot/panlex-20191001-csv/114#8060451>				<https://panlex.org/snapshot/panlex-20191001-csv/114#8060811>		"núnuh"@trv	
"tuʼngal"@ifa	<https://panlex.org/snapshot/panlex-20191001-csv/114#8058962>				<https://panlex.org/snapshot/panlex-20191001-csv/114#8059274>		"buʼut"@trv	
