"qalʼte"@ifa	<https://panlex.org/snapshot/panlex-20191001-csv/114#8059929>				<https://panlex.org/snapshot/panlex-20191001-csv/114#8059992>		"pakaŋa"@lcm	
"baʼgang"@ifa	<https://panlex.org/snapshot/panlex-20191001-csv/114#8064094>				<https://panlex.org/snapshot/panlex-20191001-csv/114#8064159>		"eŋono"@lcm	
"baʼgang"@ifa	<https://panlex.org/snapshot/panlex-20191001-csv/114#8064094>				<https://panlex.org/snapshot/panlex-20191001-csv/114#8064160>		"ŋo"@lcm	
"boʼba"@ifa	<https://panlex.org/snapshot/panlex-20191001-csv/114#8067205>				<https://panlex.org/snapshot/panlex-20191001-csv/114#8067279>		"ŋisa-"@lcm	
"ginuyʼguy"@ifa	<https://panlex.org/snapshot/panlex-20191001-csv/114#8059455>				<https://panlex.org/snapshot/panlex-20191001-csv/114#8059515>		"nei"@lcm	
"qoʼlong"@ifa	<https://panlex.org/snapshot/panlex-20191001-csv/114#8065180>				<https://panlex.org/snapshot/panlex-20191001-csv/114#8065251>		"is(-u-)"@lcm	
"qoʼlong"@ifa	<https://panlex.org/snapshot/panlex-20191001-csv/114#8065180>				<https://panlex.org/snapshot/panlex-20191001-csv/114#8065250>		"his"@lcm	
"qiʼbuq"@ifa	<https://panlex.org/snapshot/panlex-20191001-csv/114#8064630>				<https://panlex.org/snapshot/panlex-20191001-csv/114#8064697>		"uŋ"@lcm	
"palagʼpag"@ifa	<https://panlex.org/snapshot/panlex-20191001-csv/114#8060451>				<https://panlex.org/snapshot/panlex-20191001-csv/114#8060527>		"tus"@lcm	
"tuʼngal"@ifa	<https://panlex.org/snapshot/panlex-20191001-csv/114#8058962>				<https://panlex.org/snapshot/panlex-20191001-csv/114#8059026>		"tuan"@lcm	
