"Lativia"@kde	<https://panlex.org/snapshot/panlex-20191001-csv/6898#113585016>				<https://panlex.org/snapshot/panlex-20191001-csv/6898#113584961>		"Lativia"@swc	
"Afuganistani"@kde	<https://panlex.org/snapshot/panlex-20191001-csv/6898#113604653>				<https://panlex.org/snapshot/panlex-20191001-csv/6898#113604682>		"Afuganistani"@swc	
"Kolasia"@kde	<https://panlex.org/snapshot/panlex-20191001-csv/6898#113623309>				<https://panlex.org/snapshot/panlex-20191001-csv/6898#113623129>		"Kroeshia"@swc	
"Omani"@kde	<https://panlex.org/snapshot/panlex-20191001-csv/6898#113622633>				<https://panlex.org/snapshot/panlex-20191001-csv/6898#113622610>		"Omani"@swc	
"Nepali"@kde	<https://panlex.org/snapshot/panlex-20191001-csv/6898#113584155>				<https://panlex.org/snapshot/panlex-20191001-csv/6898#113584189>		"Nepali"@swc	
"Moloko"@kde	<https://panlex.org/snapshot/panlex-20191001-csv/6898#113635971>				<https://panlex.org/snapshot/panlex-20191001-csv/6898#113635896>		"Moroko"@swc	
"Denmaki"@kde	<https://panlex.org/snapshot/panlex-20191001-csv/6898#113629442>				<https://panlex.org/snapshot/panlex-20191001-csv/6898#113629478>		"Denmaki"@swc	
