"Malawi"@kde	<https://panlex.org/snapshot/panlex-20191001-csv/6898#113583968>				<https://panlex.org/snapshot/panlex-20191001-csv/6898#113583893>		"Malawi"@mfe	
"Molitania"@kde	<https://panlex.org/snapshot/panlex-20191001-csv/6898#113636358>				<https://panlex.org/snapshot/panlex-20191001-csv/6898#113636478>		"Moritani"@mfe	
"Samalino"@kde	<https://panlex.org/snapshot/panlex-20191001-csv/6898#113625741>				<https://panlex.org/snapshot/panlex-20191001-csv/6898#113625618>		"Saint-Marin"@mfe	
"Uhabeshi"@kde	<https://panlex.org/snapshot/panlex-20191001-csv/6898#113615741>				<https://panlex.org/snapshot/panlex-20191001-csv/6898#113615748>		"Letiopi"@mfe	
"Monselati"@kde	<https://panlex.org/snapshot/panlex-20191001-csv/6898#113618463>				<https://panlex.org/snapshot/panlex-20191001-csv/6898#113618379>		"Montsera"@mfe	
"Venezuela"@kde	<https://panlex.org/snapshot/panlex-20191001-csv/6898#113597507>				<https://panlex.org/snapshot/panlex-20191001-csv/6898#113597432>		"Venezuela"@mfe	
"Polinesia ya Ufalansa"@kde	<https://panlex.org/snapshot/panlex-20191001-csv/6898#113621171>				<https://panlex.org/snapshot/panlex-20191001-csv/6898#113621052>		"Polinezi franse"@mfe	
"Malesia"@kde	<https://panlex.org/snapshot/panlex-20191001-csv/6898#113584784>				<https://panlex.org/snapshot/panlex-20191001-csv/6898#113584759>		"Malezi"@mfe	
"Lativia"@kde	<https://panlex.org/snapshot/panlex-20191001-csv/6898#113585016>				<https://panlex.org/snapshot/panlex-20191001-csv/6898#113585070>		"Letoni"@mfe	
"Afuganistani"@kde	<https://panlex.org/snapshot/panlex-20191001-csv/6898#113604653>				<https://panlex.org/snapshot/panlex-20191001-csv/6898#113604830>		"Afganistan"@mfe	
"Lieneo lyaki Nngalesa Nbahali ya Hindi"@kde	<https://panlex.org/snapshot/panlex-20191001-csv/6898#113584317>				<https://panlex.org/snapshot/panlex-20191001-csv/6898#113584275>		"Teritwar Britanik Losean Indien"@mfe	
"Ulugwai"@kde	<https://panlex.org/snapshot/panlex-20191001-csv/6898#113623491>				<https://panlex.org/snapshot/panlex-20191001-csv/6898#113623466>		"Uruguay"@mfe	
"Botswana"@kde	<https://panlex.org/snapshot/panlex-20191001-csv/6898#113595401>				<https://panlex.org/snapshot/panlex-20191001-csv/6898#113595370>		"Botswana"@mfe	
"Ulusi"@kde	<https://panlex.org/snapshot/panlex-20191001-csv/6898#113646001>				<https://panlex.org/snapshot/panlex-20191001-csv/6898#113645929>		"Larisi"@mfe	
"Jamuhuli ya Chidemoklasia ya kuKongo"@kde	<https://panlex.org/snapshot/panlex-20191001-csv/6898#113589793>				<https://panlex.org/snapshot/panlex-20191001-csv/6898#113589583>		"Repiblik demokratik Kongo"@mfe	
"Kolasia"@kde	<https://panlex.org/snapshot/panlex-20191001-csv/6898#113623309>				<https://panlex.org/snapshot/panlex-20191001-csv/6898#113623122>		"Kroasi"@mfe	
"Udyerumani"@kde	<https://panlex.org/snapshot/panlex-20191001-csv/6898#113639282>				<https://panlex.org/snapshot/panlex-20191001-csv/6898#113639196>		"Almagn"@mfe	
"Hungalia"@kde	<https://panlex.org/snapshot/panlex-20191001-csv/6898#113625035>				<https://panlex.org/snapshot/panlex-20191001-csv/6898#113625083>		"Ongri"@mfe	
"Maole"@kde	<https://panlex.org/snapshot/panlex-20191001-csv/6898#113603887>				<https://panlex.org/snapshot/panlex-20191001-csv/6898#113604025>		"Mayot"@mfe	
"Chisiwa cha Falkland"@kde	<https://panlex.org/snapshot/panlex-20191001-csv/6898#113643051>				<https://panlex.org/snapshot/panlex-20191001-csv/6898#113642939>		"Zil malwinn"@mfe	
"Kameluni"@kde	<https://panlex.org/snapshot/panlex-20191001-csv/6898#113639019>				<https://panlex.org/snapshot/panlex-20191001-csv/6898#113639098>		"Kamerounn"@mfe	
"Omani"@kde	<https://panlex.org/snapshot/panlex-20191001-csv/6898#113622633>				<https://panlex.org/snapshot/panlex-20191001-csv/6898#113622598>		"Oman"@mfe	
"Bahaleni"@kde	<https://panlex.org/snapshot/panlex-20191001-csv/6898#113595980>				<https://panlex.org/snapshot/panlex-20191001-csv/6898#113596007>		"Bahreïn"@mfe	
"Saudia"@kde	<https://panlex.org/snapshot/panlex-20191001-csv/6898#113583409>				<https://panlex.org/snapshot/panlex-20191001-csv/6898#113583398>		"Larabi Saoudit"@mfe	
"Dyamaika"@kde	<https://panlex.org/snapshot/panlex-20191001-csv/6898#113593344>				<https://panlex.org/snapshot/panlex-20191001-csv/6898#113593276>		"Zamaik"@mfe	
"Angwila"@kde	<https://panlex.org/snapshot/panlex-20191001-csv/6898#113587573>				<https://panlex.org/snapshot/panlex-20191001-csv/6898#113587476>		"Anguilla"@mfe	
"Kolombia"@kde	<https://panlex.org/snapshot/panlex-20191001-csv/6898#113620825>				<https://panlex.org/snapshot/panlex-20191001-csv/6898#113620661>		"Kolonbi"@mfe	
"Laosi"@kde	<https://panlex.org/snapshot/panlex-20191001-csv/6898#113619074>				<https://panlex.org/snapshot/panlex-20191001-csv/6898#113619118>		"Laos"@mfe	
"Walis na Futuna"@kde	<https://panlex.org/snapshot/panlex-20191001-csv/6898#113638645>				<https://panlex.org/snapshot/panlex-20191001-csv/6898#113638661>		"Wallis-ek-Futuna"@mfe	
"Chisiwa cha Kemen"@kde	<https://panlex.org/snapshot/panlex-20191001-csv/6898#113630143>				<https://panlex.org/snapshot/panlex-20191001-csv/6898#113630174>		"Zil Kayman"@mfe	
"Nepali"@kde	<https://panlex.org/snapshot/panlex-20191001-csv/6898#113584155>				<https://panlex.org/snapshot/panlex-20191001-csv/6898#113584058>		"Nepal"@mfe	
"Hondulasi"@kde	<https://panlex.org/snapshot/panlex-20191001-csv/6898#113597113>				<https://panlex.org/snapshot/panlex-20191001-csv/6898#113597104>		"Honduras"@mfe	
"Kenya"@kde	<https://panlex.org/snapshot/panlex-20191001-csv/6898#113594059>				<https://panlex.org/snapshot/panlex-20191001-csv/6898#113593947>		"Kenya"@mfe	
"Nyuzilandi"@kde	<https://panlex.org/snapshot/panlex-20191001-csv/6898#113587184>				<https://panlex.org/snapshot/panlex-20191001-csv/6898#113587189>		"Nouvel Zeland"@mfe	
"Misli"@kde	<https://panlex.org/snapshot/panlex-20191001-csv/6898#113604500>				<https://panlex.org/snapshot/panlex-20191001-csv/6898#113604521>		"Lezipt"@mfe	
"Gambia"@kde	<https://panlex.org/snapshot/panlex-20191001-csv/6898#113631418>				<https://panlex.org/snapshot/panlex-20191001-csv/6898#113631367>		"Gambi"@mfe	
"Panama"@kde	<https://panlex.org/snapshot/panlex-20191001-csv/6898#113606108>				<https://panlex.org/snapshot/panlex-20191001-csv/6898#113605981>		"Panama"@mfe	
"Uadyemi"@kde	<https://panlex.org/snapshot/panlex-20191001-csv/6898#113626202>				<https://panlex.org/snapshot/panlex-20191001-csv/6898#113626240>		"Iran"@mfe	
"Jamuhuli ya Chechi"@kde	<https://panlex.org/snapshot/panlex-20191001-csv/6898#113619662>				<https://panlex.org/snapshot/panlex-20191001-csv/6898#113619431>		"Repiblik Chek"@mfe	
"Palagwai"@kde	<https://panlex.org/snapshot/panlex-20191001-csv/6898#113623907>				<https://panlex.org/snapshot/panlex-20191001-csv/6898#113623886>		"Paraguay"@mfe	
"Sililanka"@kde	<https://panlex.org/snapshot/panlex-20191001-csv/6898#113609292>				<https://panlex.org/snapshot/panlex-20191001-csv/6898#113609361>		"Sri Lanka"@mfe	
"Kilibati"@kde	<https://panlex.org/snapshot/panlex-20191001-csv/6898#113603112>				<https://panlex.org/snapshot/panlex-20191001-csv/6898#113603095>		"Kiribati"@mfe	
"Tunisia"@kde	<https://panlex.org/snapshot/panlex-20191001-csv/6898#113606488>				<https://panlex.org/snapshot/panlex-20191001-csv/6898#113606524>		"Tinizi"@mfe	
"Polandi"@kde	<https://panlex.org/snapshot/panlex-20191001-csv/6898#113642725>				<https://panlex.org/snapshot/panlex-20191001-csv/6898#113642759>		"Pologn"@mfe	
"Niue"@kde	<https://panlex.org/snapshot/panlex-20191001-csv/6898#113641389>				<https://panlex.org/snapshot/panlex-20191001-csv/6898#113641421>		"Niowe"@mfe	
"Moloko"@kde	<https://panlex.org/snapshot/panlex-20191001-csv/6898#113635971>				<https://panlex.org/snapshot/panlex-20191001-csv/6898#113636040>		"Marok"@mfe	
"Chisiwa cha Cook"@kde	<https://panlex.org/snapshot/panlex-20191001-csv/6898#113638394>				<https://panlex.org/snapshot/panlex-20191001-csv/6898#113638458>		"Zil Cook"@mfe	
"Chisiwa cha Marian cha Kasikazini"@kde	<https://panlex.org/snapshot/panlex-20191001-csv/6898#113635486>				<https://panlex.org/snapshot/panlex-20191001-csv/6898#113635577>		"Zil Maryann dinor"@mfe	
"Kanada"@kde	<https://panlex.org/snapshot/panlex-20191001-csv/6898#113595907>				<https://panlex.org/snapshot/panlex-20191001-csv/6898#113595887>		"Kanada"@mfe	
"Ekwado"@kde	<https://panlex.org/snapshot/panlex-20191001-csv/6898#113611003>				<https://panlex.org/snapshot/panlex-20191001-csv/6898#113611002>		"Ekwater"@mfe	
"Liyunioni"@kde	<https://panlex.org/snapshot/panlex-20191001-csv/6898#113591547>				<https://panlex.org/snapshot/panlex-20191001-csv/6898#113591536>		"Larenion"@mfe	
"Tadikistani"@kde	<https://panlex.org/snapshot/panlex-20191001-csv/6898#113590129>				<https://panlex.org/snapshot/panlex-20191001-csv/6898#113590267>		"Tadjikistan"@mfe	
"Diblalta"@kde	<https://panlex.org/snapshot/panlex-20191001-csv/6898#113593072>				<https://panlex.org/snapshot/panlex-20191001-csv/6898#113592935>		"Zibraltar"@mfe	
"Ugilichi"@kde	<https://panlex.org/snapshot/panlex-20191001-csv/6898#113630265>				<https://panlex.org/snapshot/panlex-20191001-csv/6898#113630336>		"Gres"@mfe	
"Slovenia"@kde	<https://panlex.org/snapshot/panlex-20191001-csv/6898#113636617>				<https://panlex.org/snapshot/panlex-20191001-csv/6898#113636609>		"Sloveni"@mfe	
"Kongo"@kde	<https://panlex.org/snapshot/panlex-20191001-csv/6898#113599041>				<https://panlex.org/snapshot/panlex-20191001-csv/6898#113599227>		"Kongo"@mfe	
"Denmaki"@kde	<https://panlex.org/snapshot/panlex-20191001-csv/6898#113629442>				<https://panlex.org/snapshot/panlex-20191001-csv/6898#113629561>		"Dannmark"@mfe	
"Afilika Kusini"@kde	<https://panlex.org/snapshot/panlex-20191001-csv/6898#113613684>				<https://panlex.org/snapshot/panlex-20191001-csv/6898#113613688>		"Sid-Afrik"@mfe	
"Jamuhuli ya Afilika ya Paching’ati"@kde	<https://panlex.org/snapshot/panlex-20191001-csv/6898#113591494>				<https://panlex.org/snapshot/panlex-20191001-csv/6898#113591341>		"Repiblik Lafrik Santral"@mfe	
"Gwatemala"@kde	<https://panlex.org/snapshot/panlex-20191001-csv/6898#113600457>				<https://panlex.org/snapshot/panlex-20191001-csv/6898#113600385>		"Guatemala"@mfe	
"Bulgalia"@kde	<https://panlex.org/snapshot/panlex-20191001-csv/6898#113631112>				<https://panlex.org/snapshot/panlex-20191001-csv/6898#113631192>		"Bilgari"@mfe	
"Bulundi"@kde	<https://panlex.org/snapshot/panlex-20191001-csv/6898#113626858>				<https://panlex.org/snapshot/panlex-20191001-csv/6898#113626823>		"Burundi"@mfe	
"Aluba"@kde	<https://panlex.org/snapshot/panlex-20191001-csv/6898#113644103>				<https://panlex.org/snapshot/panlex-20191001-csv/6898#113644140>		"Aruba"@mfe	
