"Feb"@bzt	<https://panlex.org/snapshot/panlex-20191001-csv/5947#84742793>				<https://panlex.org/snapshot/panlex-20191001-csv/5947#84743030>		"Februari"@swh	
"Ffreinc'"@bzt	<https://panlex.org/snapshot/panlex-20191001-csv/10#568889>				<https://panlex.org/snapshot/panlex-20191001-csv/10#568988>		"Ufaransa"@swh	
"Dônig"@bzt	<https://panlex.org/snapshot/panlex-20191001-csv/2892#110826952>				<https://panlex.org/snapshot/panlex-20191001-csv/2892#110826795>		"Jumapili"@swh	
"Llyn"@bzt	<https://panlex.org/snapshot/panlex-20191001-csv/2892#110824409>				<https://panlex.org/snapshot/panlex-20191001-csv/2892#110824106>		"Jumatatu"@swh	
"Merchyr"@bzt	<https://panlex.org/snapshot/panlex-20191001-csv/2892#110824993>				<https://panlex.org/snapshot/panlex-20191001-csv/2892#110825206>		"Jumatano"@swh	
"Marth"@bzt	<https://panlex.org/snapshot/panlex-20191001-csv/2892#110824764>				<https://panlex.org/snapshot/panlex-20191001-csv/2892#110824428>		"Jumanne"@swh	
"Sabad"@bzt	<https://panlex.org/snapshot/panlex-20191001-csv/2892#110826565>				<https://panlex.org/snapshot/panlex-20191001-csv/2892#110826190>		"Jumamosi"@swh	
"Ioi"@bzt	<https://panlex.org/snapshot/panlex-20191001-csv/2892#110825642>				<https://panlex.org/snapshot/panlex-20191001-csv/2892#110825333>		"Alhamisi"@swh	
"Gwener"@bzt	<https://panlex.org/snapshot/panlex-20191001-csv/2892#110825902>				<https://panlex.org/snapshot/panlex-20191001-csv/2892#110826041>		"Ijumaa"@swh	
"Methef"@bzt	<https://panlex.org/snapshot/panlex-20191001-csv/2897#110829404>				<https://panlex.org/snapshot/panlex-20191001-csv/2897#110829366>		"Juni"@swh	
"Mai"@bzt	<https://panlex.org/snapshot/panlex-20191001-csv/2897#110828683>				<https://panlex.org/snapshot/panlex-20191001-csv/2897#110828758>		"Mei"@swh	
"Ianeir"@bzt	<https://panlex.org/snapshot/panlex-20191001-csv/2897#110827263>				<https://panlex.org/snapshot/panlex-20191001-csv/2897#110827264>		"Januari"@swh	
"Ebril"@bzt	<https://panlex.org/snapshot/panlex-20191001-csv/2897#110828510>				<https://panlex.org/snapshot/panlex-20191001-csv/2897#110828536>		"Aprili"@swh	
"Arbennir"@bzt	<https://panlex.org/snapshot/panlex-20191001-csv/2897#110831603>				<https://panlex.org/snapshot/panlex-20191001-csv/2897#110831634>		"Desemba"@swh	
"Muisnir"@bzt	<https://panlex.org/snapshot/panlex-20191001-csv/2897#110831491>				<https://panlex.org/snapshot/panlex-20191001-csv/2897#110831460>		"Novemba"@swh	
"Marth"@bzt	<https://panlex.org/snapshot/panlex-20191001-csv/2897#110828156>				<https://panlex.org/snapshot/panlex-20191001-csv/2897#110827891>		"Machi"@swh	
"Awst"@bzt	<https://panlex.org/snapshot/panlex-20191001-csv/2897#110829917>				<https://panlex.org/snapshot/panlex-20191001-csv/2897#110830285>		"Agosti"@swh	
"Sedref"@bzt	<https://panlex.org/snapshot/panlex-20191001-csv/2897#110830858>				<https://panlex.org/snapshot/panlex-20191001-csv/2897#110830833>		"Oktoba"@swh	
"Ystreblanc"@bzt	<https://panlex.org/snapshot/panlex-20191001-csv/2897#110830689>				<https://panlex.org/snapshot/panlex-20191001-csv/2897#110830504>		"Septemba"@swh	
"Ffinystiw"@bzt	<https://panlex.org/snapshot/panlex-20191001-csv/2897#110829588>				<https://panlex.org/snapshot/panlex-20191001-csv/2897#110829732>		"Julai"@swh	
