"water"@en	<https://panlex.org/snapshot/panlex-20191001-csv/12#850905>				<https://panlex.org/snapshot/panlex-20191001-csv/12#850923>		"wih"@gay	
"blood"@en	<https://panlex.org/snapshot/panlex-20191001-csv/114#8062975>				<https://panlex.org/snapshot/panlex-20191001-csv/114#8062987>		"rayɔh"@gay	
"nose"@en	<https://panlex.org/snapshot/panlex-20191001-csv/114#8065139>				<https://panlex.org/snapshot/panlex-20191001-csv/114#8065154>		"iuŋ"@gay	
"hair"@en	<https://panlex.org/snapshot/panlex-20191001-csv/114#8064588>				<https://panlex.org/snapshot/panlex-20191001-csv/114#8064604>		"uk"@gay	
"hair"@en	<https://panlex.org/snapshot/panlex-20191001-csv/114#8064588>				<https://panlex.org/snapshot/panlex-20191001-csv/114#8064605>		"wuk"@gay	
"cry"@en	<https://panlex.org/snapshot/panlex-20191001-csv/114#8068759>				<https://panlex.org/snapshot/panlex-20191001-csv/114#8068772>		"mɔŋɔt"@gay	
"tooth"@en	<https://panlex.org/snapshot/panlex-20191001-csv/114#8067164>				<https://panlex.org/snapshot/panlex-20191001-csv/114#8067178>		"ipɔn"@gay	
"foot"@en	<https://panlex.org/snapshot/panlex-20191001-csv/114#8053219>				<https://panlex.org/snapshot/panlex-20191001-csv/114#8053232>		"kidiŋ"@gay	
"skin"@en	<https://panlex.org/snapshot/panlex-20191001-csv/114#8057347>				<https://panlex.org/snapshot/panlex-20191001-csv/114#8057358>		"kulit"@gay	
"be knowledgeable"@en	<https://panlex.org/snapshot/panlex-20191001-csv/114#8061461>				<https://panlex.org/snapshot/panlex-20191001-csv/114#8061475>		"bətih"@gay	
"bone"@en	<https://panlex.org/snapshot/panlex-20191001-csv/114#8058927>				<https://panlex.org/snapshot/panlex-20191001-csv/114#8058938>		"tulən"@gay	
"right"@en	<https://panlex.org/snapshot/panlex-20191001-csv/114#8052742>				<https://panlex.org/snapshot/panlex-20191001-csv/114#8052754>		"kuwən"@gay	
"hand"@en	<https://panlex.org/snapshot/panlex-20191001-csv/114#8051734>				<https://panlex.org/snapshot/panlex-20191001-csv/114#8051746>		"pumu"@gay	
"belly"@en	<https://panlex.org/snapshot/panlex-20191001-csv/114#8058369>				<https://panlex.org/snapshot/panlex-20191001-csv/114#8058385>		"tukə"@gay	
"water"@en	<https://panlex.org/snapshot/panlex-20191001-csv/11#787545>				<https://panlex.org/snapshot/panlex-20191001-csv/11#787561>		"wih"@gay	
