"give"@en	<https://panlex.org/snapshot/panlex-20191001-csv/6730#113803774>				<https://panlex.org/snapshot/panlex-20191001-csv/6730#113803786>		"deh₃"@ine	<https://panlex.org/Verbal>
"become full"@en	<https://panlex.org/snapshot/panlex-20191001-csv/6730#113803521>				<https://panlex.org/snapshot/panlex-20191001-csv/6730#113803526>		"pl̥h₁nós"@ine	
"leg"@en	<https://panlex.org/snapshot/panlex-20191001-csv/6730#113802052>				<https://panlex.org/snapshot/panlex-20191001-csv/6730#113802059>		"pē ́ds"@ine	
"water"@en	<https://panlex.org/snapshot/panlex-20191001-csv/6730#113803027>				<https://panlex.org/snapshot/panlex-20191001-csv/6730#113803035>		"peh₃"@ine	
"water"@en	<https://panlex.org/snapshot/panlex-20191001-csv/6730#113799168>				<https://panlex.org/snapshot/panlex-20191001-csv/6730#113799183>		"wódr̥"@ine	<https://panlex.org/NounAdjectival>
"human"@en	<https://panlex.org/snapshot/panlex-20191001-csv/6730#113797348>				<https://panlex.org/snapshot/panlex-20191001-csv/6730#113797361>		"dhĝhm-ón"@ine	
"with whom"@en	<https://panlex.org/snapshot/panlex-20191001-csv/6730#113801282>				<https://panlex.org/snapshot/panlex-20191001-csv/6730#113801289>		"kʷós"@ine	
"well"@en	<https://panlex.org/snapshot/panlex-20191001-csv/6730#113799708>				<https://panlex.org/snapshot/panlex-20191001-csv/6730#113799721>		"h₁su"@ine	
"flesh"@en	<https://panlex.org/snapshot/panlex-20191001-csv/6730#113808723>				<https://panlex.org/snapshot/panlex-20191001-csv/6730#113808728>		"kwéhₓtis"@ine	<https://panlex.org/Noun>
"person"@en	<https://panlex.org/snapshot/panlex-20191001-csv/6730#113797343>				<https://panlex.org/snapshot/panlex-20191001-csv/6730#113797361>		"dhĝhm-ón"@ine	<https://panlex.org/Noun>
"stars"@en	<https://panlex.org/snapshot/panlex-20191001-csv/6730#113803539>				<https://panlex.org/snapshot/panlex-20191001-csv/6730#113803546>		"h₂stē ́r"@ine	
"quantifier"@en	<https://panlex.org/snapshot/panlex-20191001-csv/6730#113794134>				<https://panlex.org/snapshot/panlex-20191001-csv/6730#113794142>		"wik̂"@ine	
"drink"@en	<https://panlex.org/snapshot/panlex-20191001-csv/6730#113803021>				<https://panlex.org/snapshot/panlex-20191001-csv/6730#113803035>		"peh₃"@ine	<https://panlex.org/Verbal>
"many"@en	<https://panlex.org/snapshot/panlex-20191001-csv/6730#113800635>				<https://panlex.org/snapshot/panlex-20191001-csv/6730#113800649>		"pélh₁us"@ine	<https://panlex.org/AdjectivalParticle>
"great"@en	<https://panlex.org/snapshot/panlex-20191001-csv/6730#113800723>				<https://panlex.org/snapshot/panlex-20191001-csv/6730#113800732>		"meĝhₐ"@ine	
"fly"@en	<https://panlex.org/snapshot/panlex-20191001-csv/6730#113803682>				<https://panlex.org/snapshot/panlex-20191001-csv/6730#113803691>		"pet"@ine	<https://panlex.org/Verbal>
"sacred fire"@en	<https://panlex.org/snapshot/panlex-20191001-csv/6730#113794830>				<https://panlex.org/snapshot/panlex-20191001-csv/6730#113794838>		"péh₂ur"@ine	
"tree"@en	<https://panlex.org/snapshot/panlex-20191001-csv/6730#113798860>				<https://panlex.org/snapshot/panlex-20191001-csv/6730#113798871>		"dóru"@ine	<https://panlex.org/Noun>
"smoke"@en	<https://panlex.org/snapshot/panlex-20191001-csv/6730#113798120>				<https://panlex.org/snapshot/panlex-20191001-csv/6730#113798132>		"dhuh₂mós"@ine	<https://panlex.org/Noun>
"eat"@en	<https://panlex.org/snapshot/panlex-20191001-csv/6730#113802374>				<https://panlex.org/snapshot/panlex-20191001-csv/6730#113802387>		"h₁édmi"@ine	<https://panlex.org/Verbal>
"eye"@en	<https://panlex.org/snapshot/panlex-20191001-csv/6730#113801486>				<https://panlex.org/snapshot/panlex-20191001-csv/6730#113801502>		"h₃ok w"@ine	<https://panlex.org/Noun>
"lie on side"@en	<https://panlex.org/snapshot/panlex-20191001-csv/6730#113803236>				<https://panlex.org/snapshot/panlex-20191001-csv/6730#113803243>		"k̂ei"@ine	
"two"@en	<https://panlex.org/snapshot/panlex-20191001-csv/6730#113804334>				<https://panlex.org/snapshot/panlex-20191001-csv/6730#113804348>		"dwéh₃"@ine	<https://panlex.org/AdjectivalParticleNumeral>
"rest"@en	<https://panlex.org/snapshot/panlex-20191001-csv/6730#113803237>				<https://panlex.org/snapshot/panlex-20191001-csv/6730#113803243>		"k̂ei"@ine	<https://panlex.org/Verbal>
"stands"@en	<https://panlex.org/snapshot/panlex-20191001-csv/6730#113803702>				<https://panlex.org/snapshot/panlex-20191001-csv/6730#113803712>		"teh₂"@ine	
"tail"@en	<https://panlex.org/snapshot/panlex-20191001-csv/6730#113801022>				<https://panlex.org/snapshot/panlex-20191001-csv/6730#113801034>		"puk"@ine	<https://panlex.org/Noun>
"Earth"@en	<https://panlex.org/snapshot/panlex-20191001-csv/6730#113801154>				<https://panlex.org/snapshot/panlex-20191001-csv/6730#113801164>		"dhéĝhōm"@ine	
"sleep"@en	<https://panlex.org/snapshot/panlex-20191001-csv/6730#113805010>				<https://panlex.org/snapshot/panlex-20191001-csv/6730#113805026>		"swep"@ine	<https://panlex.org/Verbal>
"lie"@en	<https://panlex.org/snapshot/panlex-20191001-csv/6730#113803228>				<https://panlex.org/snapshot/panlex-20191001-csv/6730#113803243>		"k̂ei"@ine	<https://panlex.org/Verbal>
"lie"@en	<https://panlex.org/snapshot/panlex-20191001-csv/6730#113803302>				<https://panlex.org/snapshot/panlex-20191001-csv/6730#113803309>		"sed"@ine	<https://panlex.org/Verbal>
"come"@en	<https://panlex.org/snapshot/panlex-20191001-csv/6730#113803755>				<https://panlex.org/snapshot/panlex-20191001-csv/6730#113803768>		"gʷem"@ine	<https://panlex.org/Verbal>
"large"@en	<https://panlex.org/snapshot/panlex-20191001-csv/6730#113800722>				<https://panlex.org/snapshot/panlex-20191001-csv/6730#113800732>		"meĝhₐ"@ine	
"tooth"@en	<https://panlex.org/snapshot/panlex-20191001-csv/6730#113802762>				<https://panlex.org/snapshot/panlex-20191001-csv/6730#113802777>		"h₁dónt"@ine	<https://panlex.org/Noun>
"woman"@en	<https://panlex.org/snapshot/panlex-20191001-csv/6730#113799257>				<https://panlex.org/snapshot/panlex-20191001-csv/6730#113799274>		"gʷénh a"@ine	<https://panlex.org/Noun>
"Sun"@en	<https://panlex.org/snapshot/panlex-20191001-csv/6730#113802451>				<https://panlex.org/snapshot/panlex-20191001-csv/6730#113802459>		"séhₐul"@ine	
"flowing water"@en	<https://panlex.org/snapshot/panlex-20191001-csv/6730#113799175>				<https://panlex.org/snapshot/panlex-20191001-csv/6730#113799183>		"wódr̥"@ine	
"ground"@en	<https://panlex.org/snapshot/panlex-20191001-csv/6730#113801156>				<https://panlex.org/snapshot/panlex-20191001-csv/6730#113801164>		"dhéĝhōm"@ine	
"forehead"@en	<https://panlex.org/snapshot/panlex-20191001-csv/6730#113799752>				<https://panlex.org/snapshot/panlex-20191001-csv/6730#113799764>		"k̂ripo"@ine	
"arrive"@en	<https://panlex.org/snapshot/panlex-20191001-csv/6730#113803762>				<https://panlex.org/snapshot/panlex-20191001-csv/6730#113803768>		"gʷem"@ine	
"louse"@en	<https://panlex.org/snapshot/panlex-20191001-csv/6730#113802890>				<https://panlex.org/snapshot/panlex-20191001-csv/6730#113802900>		"lu"@ine	<https://panlex.org/Noun>
"sit"@en	<https://panlex.org/snapshot/panlex-20191001-csv/6730#113803297>				<https://panlex.org/snapshot/panlex-20191001-csv/6730#113803309>		"sed"@ine	<https://panlex.org/Verbal>
"bones"@en	<https://panlex.org/snapshot/panlex-20191001-csv/6730#113802933>				<https://panlex.org/snapshot/panlex-20191001-csv/6730#113802941>		"h₂óst"@ine	
"aborigine"@en	<https://panlex.org/snapshot/panlex-20191001-csv/6730#113797351>				<https://panlex.org/snapshot/panlex-20191001-csv/6730#113797361>		"dhĝhm-ón"@ine	
"grease"@en	<https://panlex.org/snapshot/panlex-20191001-csv/6730#113795428>				<https://panlex.org/snapshot/panlex-20191001-csv/6730#113795434>		"sélpes"@ine	
"we"@en	<https://panlex.org/snapshot/panlex-20191001-csv/6730#113800872>				<https://panlex.org/snapshot/panlex-20191001-csv/6730#113800881>		"wéi"@ine	<https://panlex.org/ParticlePronominal>
"speak"@en	<https://panlex.org/snapshot/panlex-20191001-csv/6730#113803934>				<https://panlex.org/snapshot/panlex-20191001-csv/6730#113803939>		"wekʷ"@ine	<https://panlex.org/Verbal>
"path"@en	<https://panlex.org/snapshot/panlex-20191001-csv/6730#113808675>				<https://panlex.org/snapshot/panlex-20191001-csv/6730#113808686>		"póntōh₂s"@ine	<https://panlex.org/Noun>
"Man"@en	<https://panlex.org/snapshot/panlex-20191001-csv/6730#113804761>				<https://panlex.org/snapshot/panlex-20191001-csv/6730#113804769>		"h₁nē ́r"@ine	
"seed rice"@en	<https://panlex.org/snapshot/panlex-20191001-csv/6730#113797615>				<https://panlex.org/snapshot/panlex-20191001-csv/6730#113797624>		"seh₁men"@ine	
"organ of sight"@en	<https://panlex.org/snapshot/panlex-20191001-csv/6730#113801495>				<https://panlex.org/snapshot/panlex-20191001-csv/6730#113801502>		"h₃ok w"@ine	
"red"@en	<https://panlex.org/snapshot/panlex-20191001-csv/6730#113794427>				<https://panlex.org/snapshot/panlex-20191001-csv/6730#113794439>		"h₁reudh"@ine	<https://panlex.org/Adjectival>
"dead"@en	<https://panlex.org/snapshot/panlex-20191001-csv/6730#113804277>				<https://panlex.org/snapshot/panlex-20191001-csv/6730#113804291>		"mer"@ine	
"abdomen"@en	<https://panlex.org/snapshot/panlex-20191001-csv/6730#113801517>				<https://panlex.org/snapshot/panlex-20191001-csv/6730#113801523>		"udero"@ine	
"who"@en	<https://panlex.org/snapshot/panlex-20191001-csv/6730#113801278>				<https://panlex.org/snapshot/panlex-20191001-csv/6730#113801289>		"kʷós"@ine	<https://panlex.org/ParticlePronominal>
"ear"@en	<https://panlex.org/snapshot/panlex-20191001-csv/6730#113801462>				<https://panlex.org/snapshot/panlex-20191001-csv/6730#113801479>		"hₐóus"@ine	<https://panlex.org/Noun>
"chief"@en	<https://panlex.org/snapshot/panlex-20191001-csv/6730#113801573>				<https://panlex.org/snapshot/panlex-20191001-csv/6730#113801580>		"k̂rrē ́h"@ine	
"a large number of"@en	<https://panlex.org/snapshot/panlex-20191001-csv/6730#113800639>				<https://panlex.org/snapshot/panlex-20191001-csv/6730#113800649>		"pélh₁us"@ine	
"feathers"@en	<https://panlex.org/snapshot/panlex-20191001-csv/6730#113800700>				<https://panlex.org/snapshot/panlex-20191001-csv/6730#113800707>		"petr"@ine	
"foul water"@en	<https://panlex.org/snapshot/panlex-20191001-csv/6730#113799173>				<https://panlex.org/snapshot/panlex-20191001-csv/6730#113799183>		"wódr̥"@ine	
"hot"@en	<https://panlex.org/snapshot/panlex-20191001-csv/6730#113801889>				<https://panlex.org/snapshot/panlex-20191001-csv/6730#113801902>		"gʷhermós"@ine	<https://panlex.org/Adjectival>
"kill"@en	<https://panlex.org/snapshot/panlex-20191001-csv/6730#113804279>				<https://panlex.org/snapshot/panlex-20191001-csv/6730#113804291>		"mer"@ine	
"kill"@en	<https://panlex.org/snapshot/panlex-20191001-csv/6730#113803318>				<https://panlex.org/snapshot/panlex-20191001-csv/6730#113803332>		"nek̂"@ine	<https://panlex.org/Verbal>
"night"@en	<https://panlex.org/snapshot/panlex-20191001-csv/6730#113801238>				<https://panlex.org/snapshot/panlex-20191001-csv/6730#113801254>		"nekʷt"@ine	<https://panlex.org/Noun>
"dirty"@en	<https://panlex.org/snapshot/panlex-20191001-csv/6730#113794492>				<https://panlex.org/snapshot/panlex-20191001-csv/6730#113794501>		"kʷr̥snós"@ine	
"bite"@en	<https://panlex.org/snapshot/panlex-20191001-csv/6730#113803071>				<https://panlex.org/snapshot/panlex-20191001-csv/6730#113803081>		"denk̂"@ine	<https://panlex.org/Verbal>
"man"@en	<https://panlex.org/snapshot/panlex-20191001-csv/6730#113797349>				<https://panlex.org/snapshot/panlex-20191001-csv/6730#113797361>		"dhĝhm-ón"@ine	
"man"@en	<https://panlex.org/snapshot/panlex-20191001-csv/6730#113804754>				<https://panlex.org/snapshot/panlex-20191001-csv/6730#113804769>		"h₁nē ́r"@ine	<https://panlex.org/Noun>
"eyeball"@en	<https://panlex.org/snapshot/panlex-20191001-csv/6730#113801494>				<https://panlex.org/snapshot/panlex-20191001-csv/6730#113801502>		"h₃ok w"@ine	
"horn"@en	<https://panlex.org/snapshot/panlex-20191001-csv/6730#113802906>				<https://panlex.org/snapshot/panlex-20191001-csv/6730#113802920>		"k̂er"@ine	<https://panlex.org/Noun>
"coldness"@en	<https://panlex.org/snapshot/panlex-20191001-csv/6730#113801912>				<https://panlex.org/snapshot/panlex-20191001-csv/6730#113801919>		"gel"@ine	
"comes"@en	<https://panlex.org/snapshot/panlex-20191001-csv/6730#113803759>				<https://panlex.org/snapshot/panlex-20191001-csv/6730#113803768>		"gʷem"@ine	
"Green"@en	<https://panlex.org/snapshot/panlex-20191001-csv/6730#113803465>				<https://panlex.org/snapshot/panlex-20191001-csv/6730#113803474>		"k̂yeh₁"@ine	
"knee"@en	<https://panlex.org/snapshot/panlex-20191001-csv/6730#113802688>				<https://panlex.org/snapshot/panlex-20191001-csv/6730#113802701>		"gónu"@ine	<https://panlex.org/Noun>
"day"@en	<https://panlex.org/snapshot/panlex-20191001-csv/6730#113802452>				<https://panlex.org/snapshot/panlex-20191001-csv/6730#113802459>		"séhₐul"@ine	
"cut off"@en	<https://panlex.org/snapshot/panlex-20191001-csv/6730#113803075>				<https://panlex.org/snapshot/panlex-20191001-csv/6730#113803081>		"denk̂"@ine	
"what"@en	<https://panlex.org/snapshot/panlex-20191001-csv/6730#113801296>				<https://panlex.org/snapshot/panlex-20191001-csv/6730#113801306>		"kʷı́d"@ine	<https://panlex.org/AdverbialParticlePronominal>
"drinking water"@en	<https://panlex.org/snapshot/panlex-20191001-csv/6730#113799176>				<https://panlex.org/snapshot/panlex-20191001-csv/6730#113799183>		"wódr̥"@ine	
"mountain"@en	<https://panlex.org/snapshot/panlex-20191001-csv/6730#113796939>				<https://panlex.org/snapshot/panlex-20191001-csv/6730#113796949>		"gʷorhₓ"@ine	<https://panlex.org/Noun>
"this"@en	<https://panlex.org/snapshot/panlex-20191001-csv/6730#113800905>				<https://panlex.org/snapshot/panlex-20191001-csv/6730#113800917>		"so"@ine	<https://panlex.org/AdjectivalParticlePronominal>
"star"@en	<https://panlex.org/snapshot/panlex-20191001-csv/6730#113803532>				<https://panlex.org/snapshot/panlex-20191001-csv/6730#113803546>		"h₂stē ́r"@ine	<https://panlex.org/Noun>
"little"@en	<https://panlex.org/snapshot/panlex-20191001-csv/6730#113801445>				<https://panlex.org/snapshot/panlex-20191001-csv/6730#113801455>		"pau"@ine	
"arm"@en	<https://panlex.org/snapshot/panlex-20191001-csv/6730#113801795>				<https://panlex.org/snapshot/panlex-20191001-csv/6730#113801801>		"ĝhes-r"@ine	
"wood"@en	<https://panlex.org/snapshot/panlex-20191001-csv/6730#113798864>				<https://panlex.org/snapshot/panlex-20191001-csv/6730#113798871>		"dóru"@ine	
"tiny"@en	<https://panlex.org/snapshot/panlex-20191001-csv/6730#113801447>				<https://panlex.org/snapshot/panlex-20191001-csv/6730#113801455>		"pau"@ine	
"earth"@en	<https://panlex.org/snapshot/panlex-20191001-csv/6730#113801146>				<https://panlex.org/snapshot/panlex-20191001-csv/6730#113801164>		"dhéĝhōm"@ine	<https://panlex.org/Noun>
"no"@en	<https://panlex.org/snapshot/panlex-20191001-csv/6730#113801363>				<https://panlex.org/snapshot/panlex-20191001-csv/6730#113801368>		"ne"@ine	
"that one"@en	<https://panlex.org/snapshot/panlex-20191001-csv/6730#113794018>				<https://panlex.org/snapshot/panlex-20191001-csv/6730#113794023>		"k̂ı́s"@ine	
"swim"@en	<https://panlex.org/snapshot/panlex-20191001-csv/6730#113803648>				<https://panlex.org/snapshot/panlex-20191001-csv/6730#113803662>		"pleu"@ine	<https://panlex.org/Verbal>
"take a seat"@en	<https://panlex.org/snapshot/panlex-20191001-csv/6730#113803303>				<https://panlex.org/snapshot/panlex-20191001-csv/6730#113803309>		"sed"@ine	
"seed"@en	<https://panlex.org/snapshot/panlex-20191001-csv/6730#113797612>				<https://panlex.org/snapshot/panlex-20191001-csv/6730#113797624>		"seh₁men"@ine	<https://panlex.org/Noun>
"female breast"@en	<https://panlex.org/snapshot/panlex-20191001-csv/6730#113803053>				<https://panlex.org/snapshot/panlex-20191001-csv/6730#113803062>		"psténos"@ine	
"female breast"@en	<https://panlex.org/snapshot/panlex-20191001-csv/6730#113803053>				<https://panlex.org/snapshot/panlex-20191001-csv/6730#113803063>		"speno"@ine	
"name"@en	<https://panlex.org/snapshot/panlex-20191001-csv/6730#113803101>				<https://panlex.org/snapshot/panlex-20191001-csv/6730#113803117>		"h₁nómn̥"@ine	<https://panlex.org/Noun>
"blood cells"@en	<https://panlex.org/snapshot/panlex-20191001-csv/6730#113799151>				<https://panlex.org/snapshot/panlex-20191001-csv/6730#113799158>		"h₁ésh₂̥r"@ine	
"says"@en	<https://panlex.org/snapshot/panlex-20191001-csv/6730#113803932>				<https://panlex.org/snapshot/panlex-20191001-csv/6730#113803939>		"wekʷ"@ine	
"bone"@en	<https://panlex.org/snapshot/panlex-20191001-csv/6730#113802925>				<https://panlex.org/snapshot/panlex-20191001-csv/6730#113802941>		"h₂óst"@ine	<https://panlex.org/Noun>
"thee"@en	<https://panlex.org/snapshot/panlex-20191001-csv/6730#113800930>				<https://panlex.org/snapshot/panlex-20191001-csv/6730#113800939>		"túhₓ"@ine	
"teeth"@en	<https://panlex.org/snapshot/panlex-20191001-csv/6730#113802768>				<https://panlex.org/snapshot/panlex-20191001-csv/6730#113802777>		"h₁dónt"@ine	
"bend"@en	<https://panlex.org/snapshot/panlex-20191001-csv/6730#113802694>				<https://panlex.org/snapshot/panlex-20191001-csv/6730#113802701>		"gónu"@ine	<https://panlex.org/Verbal>
"upright"@en	<https://panlex.org/snapshot/panlex-20191001-csv/6730#113803704>				<https://panlex.org/snapshot/panlex-20191001-csv/6730#113803712>		"teh₂"@ine	
"a lot of"@en	<https://panlex.org/snapshot/panlex-20191001-csv/6730#113800640>				<https://panlex.org/snapshot/panlex-20191001-csv/6730#113800649>		"pélh₁us"@ine	
"knowledgeable"@en	<https://panlex.org/snapshot/panlex-20191001-csv/6730#113803212>				<https://panlex.org/snapshot/panlex-20191001-csv/6730#113803219>		"weid"@ine	
"tree bark"@en	<https://panlex.org/snapshot/panlex-20191001-csv/6730#113800761>				<https://panlex.org/snapshot/panlex-20191001-csv/6730#113800769>		"ehₐ"@ine	
"tree bark"@en	<https://panlex.org/snapshot/panlex-20191001-csv/6730#113800761>				<https://panlex.org/snapshot/panlex-20191001-csv/6730#113800768>		"lóubho"@ine	
"die"@en	<https://panlex.org/snapshot/panlex-20191001-csv/6730#113804269>				<https://panlex.org/snapshot/panlex-20191001-csv/6730#113804291>		"mer"@ine	<https://panlex.org/Verbal>
"i"@en	<https://panlex.org/snapshot/panlex-20191001-csv/6730#113800826>				<https://panlex.org/snapshot/panlex-20191001-csv/6730#113800840>		"h₁eĝ"@ine	<https://panlex.org/ParticlePronominal>
"foot"@en	<https://panlex.org/snapshot/panlex-20191001-csv/6730#113802047>				<https://panlex.org/snapshot/panlex-20191001-csv/6730#113802059>		"pē ́ds"@ine	<https://panlex.org/Noun>
"walk"@en	<https://panlex.org/snapshot/panlex-20191001-csv/6730#113803723>				<https://panlex.org/snapshot/panlex-20191001-csv/6730#113803733>		"h₁ei"@ine	<https://panlex.org/Verbal>
"see"@en	<https://panlex.org/snapshot/panlex-20191001-csv/6730#113803183>				<https://panlex.org/snapshot/panlex-20191001-csv/6730#113803199>		"derk̂"@ine	<https://panlex.org/Verbal>
"goodness"@en	<https://panlex.org/snapshot/panlex-20191001-csv/6730#113799709>				<https://panlex.org/snapshot/panlex-20191001-csv/6730#113799721>		"h₁su"@ine	
"egg"@en	<https://panlex.org/snapshot/panlex-20191001-csv/6730#113797897>				<https://panlex.org/snapshot/panlex-20191001-csv/6730#113797912>		"hₐōiom"@ine	<https://panlex.org/Noun>
"come-hither"@en	<https://panlex.org/snapshot/panlex-20191001-csv/6730#113803760>				<https://panlex.org/snapshot/panlex-20191001-csv/6730#113803768>		"gʷem"@ine	
"girl"@en	<https://panlex.org/snapshot/panlex-20191001-csv/6730#113799265>				<https://panlex.org/snapshot/panlex-20191001-csv/6730#113799274>		"gʷénh a"@ine	
"hear"@en	<https://panlex.org/snapshot/panlex-20191001-csv/6730#113801471>				<https://panlex.org/snapshot/panlex-20191001-csv/6730#113801479>		"hₐóus"@ine	
"hear"@en	<https://panlex.org/snapshot/panlex-20191001-csv/6730#113803164>				<https://panlex.org/snapshot/panlex-20191001-csv/6730#113803176>		"k̂leu"@ine	<https://panlex.org/Verbal>
"heat"@en	<https://panlex.org/snapshot/panlex-20191001-csv/6730#113794831>				<https://panlex.org/snapshot/panlex-20191001-csv/6730#113794838>		"péh₂ur"@ine	
"heat"@en	<https://panlex.org/snapshot/panlex-20191001-csv/6730#113801894>				<https://panlex.org/snapshot/panlex-20191001-csv/6730#113801902>		"gʷhermós"@ine	
"pair"@en	<https://panlex.org/snapshot/panlex-20191001-csv/6730#113804340>				<https://panlex.org/snapshot/panlex-20191001-csv/6730#113804348>		"dwéh₃"@ine	
"woman’s breast"@en	<https://panlex.org/snapshot/panlex-20191001-csv/6730#113803054>				<https://panlex.org/snapshot/panlex-20191001-csv/6730#113803062>		"psténos"@ine	
"woman’s breast"@en	<https://panlex.org/snapshot/panlex-20191001-csv/6730#113803054>				<https://panlex.org/snapshot/panlex-20191001-csv/6730#113803063>		"speno"@ine	
"numerous"@en	<https://panlex.org/snapshot/panlex-20191001-csv/6730#113800642>				<https://panlex.org/snapshot/panlex-20191001-csv/6730#113800649>		"pélh₁us"@ine	
"moon"@en	<https://panlex.org/snapshot/panlex-20191001-csv/6730#113802165>				<https://panlex.org/snapshot/panlex-20191001-csv/6730#113802178>		"méh₁nōt"@ine	<https://panlex.org/Noun>
"warm"@en	<https://panlex.org/snapshot/panlex-20191001-csv/6730#113801895>				<https://panlex.org/snapshot/panlex-20191001-csv/6730#113801902>		"gʷhermós"@ine	
"dry"@en	<https://panlex.org/snapshot/panlex-20191001-csv/6730#113802988>				<https://panlex.org/snapshot/panlex-20191001-csv/6730#113802996>		"saus"@ine	<https://panlex.org/Adjectival>
"fire"@en	<https://panlex.org/snapshot/panlex-20191001-csv/6730#113794824>				<https://panlex.org/snapshot/panlex-20191001-csv/6730#113794838>		"péh₂ur"@ine	<https://panlex.org/Noun>
"say"@en	<https://panlex.org/snapshot/panlex-20191001-csv/6730#113803924>				<https://panlex.org/snapshot/panlex-20191001-csv/6730#113803939>		"wekʷ"@ine	<https://panlex.org/Verbal>
"sick"@en	<https://panlex.org/snapshot/panlex-20191001-csv/6730#113804280>				<https://panlex.org/snapshot/panlex-20191001-csv/6730#113804291>		"mer"@ine	
"grip"@en	<https://panlex.org/snapshot/panlex-20191001-csv/6730#113803074>				<https://panlex.org/snapshot/panlex-20191001-csv/6730#113803081>		"denk̂"@ine	<https://panlex.org/Verbal>
"mind"@en	<https://panlex.org/snapshot/panlex-20191001-csv/6730#113801571>				<https://panlex.org/snapshot/panlex-20191001-csv/6730#113801580>		"k̂rrē ́h"@ine	
"ate"@en	<https://panlex.org/snapshot/panlex-20191001-csv/6730#113802380>				<https://panlex.org/snapshot/panlex-20191001-csv/6730#113802387>		"h₁édmi"@ine	
"lady"@en	<https://panlex.org/snapshot/panlex-20191001-csv/6730#113799264>				<https://panlex.org/snapshot/panlex-20191001-csv/6730#113799274>		"gʷénh a"@ine	
"thou"@en	<https://panlex.org/snapshot/panlex-20191001-csv/6730#113800923>				<https://panlex.org/snapshot/panlex-20191001-csv/6730#113800939>		"túhₓ"@ine	<https://panlex.org/ParticlePronominal>
"head hair"@en	<https://panlex.org/snapshot/panlex-20191001-csv/6730#113799753>				<https://panlex.org/snapshot/panlex-20191001-csv/6730#113799764>		"k̂ripo"@ine	
"quantity"@en	<https://panlex.org/snapshot/panlex-20191001-csv/6730#113801442>				<https://panlex.org/snapshot/panlex-20191001-csv/6730#113801455>		"pau"@ine	
"quantity"@en	<https://panlex.org/snapshot/panlex-20191001-csv/6730#113800719>				<https://panlex.org/snapshot/panlex-20191001-csv/6730#113800732>		"meĝhₐ"@ine	
"mouth"@en	<https://panlex.org/snapshot/panlex-20191001-csv/6730#113797241>				<https://panlex.org/snapshot/panlex-20191001-csv/6730#113797257>		"h ₁"@ine	<https://panlex.org/Noun>
"mouth"@en	<https://panlex.org/snapshot/panlex-20191001-csv/6730#113797241>				<https://panlex.org/snapshot/panlex-20191001-csv/6730#113797258>		"₄óh₁s"@ine	<https://panlex.org/Noun>
"full to the brim"@en	<https://panlex.org/snapshot/panlex-20191001-csv/6730#113803520>				<https://panlex.org/snapshot/panlex-20191001-csv/6730#113803526>		"pl̥h₁nós"@ine	
"heart"@en	<https://panlex.org/snapshot/panlex-20191001-csv/6730#113801070>				<https://panlex.org/snapshot/panlex-20191001-csv/6730#113801084>		"k̂ē ́rd"@ine	<https://panlex.org/Noun>
"nose"@en	<https://panlex.org/snapshot/panlex-20191001-csv/6730#113801041>				<https://panlex.org/snapshot/panlex-20191001-csv/6730#113801056>		"hₓnáss"@ine	<https://panlex.org/Noun>
"brain"@en	<https://panlex.org/snapshot/panlex-20191001-csv/6730#113801570>				<https://panlex.org/snapshot/panlex-20191001-csv/6730#113801580>		"k̂rrē ́h"@ine	
"White"@en	<https://panlex.org/snapshot/panlex-20191001-csv/6730#113802358>				<https://panlex.org/snapshot/panlex-20191001-csv/6730#113802367>		"h₄elbhósr"@ine	
"hand"@en	<https://panlex.org/snapshot/panlex-20191001-csv/6730#113801790>				<https://panlex.org/snapshot/panlex-20191001-csv/6730#113801801>		"ĝhes-r"@ine	<https://panlex.org/Noun>
"etc."@en	<https://panlex.org/snapshot/panlex-20191001-csv/6730#113801572>				<https://panlex.org/snapshot/panlex-20191001-csv/6730#113801580>		"k̂rrē ́h"@ine	
"ash"@en	<https://panlex.org/snapshot/panlex-20191001-csv/6730#113797007>				<https://panlex.org/snapshot/panlex-20191001-csv/6730#113797019>		"h₂éhₓōs"@ine	<https://panlex.org/Noun>
"bark of tree"@en	<https://panlex.org/snapshot/panlex-20191001-csv/6730#113800760>				<https://panlex.org/snapshot/panlex-20191001-csv/6730#113800769>		"ehₐ"@ine	
"bark of tree"@en	<https://panlex.org/snapshot/panlex-20191001-csv/6730#113800760>				<https://panlex.org/snapshot/panlex-20191001-csv/6730#113800768>		"lóubho"@ine	
"human skin"@en	<https://panlex.org/snapshot/panlex-20191001-csv/6730#113798030>				<https://panlex.org/snapshot/panlex-20191001-csv/6730#113798041>		"péln"@ine	
"women"@en	<https://panlex.org/snapshot/panlex-20191001-csv/6730#113799266>				<https://panlex.org/snapshot/panlex-20191001-csv/6730#113799274>		"gʷénh a"@ine	
"long"@en	<https://panlex.org/snapshot/panlex-20191001-csv/6730#113800739>				<https://panlex.org/snapshot/panlex-20191001-csv/6730#113800749>		"dl̥h₁ghós"@ine	<https://panlex.org/Adjectival>
"said"@en	<https://panlex.org/snapshot/panlex-20191001-csv/6730#113803933>				<https://panlex.org/snapshot/panlex-20191001-csv/6730#113803939>		"wekʷ"@ine	
"road"@en	<https://panlex.org/snapshot/panlex-20191001-csv/6730#113808678>				<https://panlex.org/snapshot/panlex-20191001-csv/6730#113808686>		"póntōh₂s"@ine	
"new"@en	<https://panlex.org/snapshot/panlex-20191001-csv/6730#113801205>				<https://panlex.org/snapshot/panlex-20191001-csv/6730#113801215>		"néwos"@ine	<https://panlex.org/Adjectival>
"know"@en	<https://panlex.org/snapshot/panlex-20191001-csv/6730#113803206>				<https://panlex.org/snapshot/panlex-20191001-csv/6730#113803219>		"weid"@ine	<https://panlex.org/Verbal>
"every"@en	<https://panlex.org/snapshot/panlex-20191001-csv/6730#113794133>				<https://panlex.org/snapshot/panlex-20191001-csv/6730#113794142>		"wik̂"@ine	
"heat of the sun"@en	<https://panlex.org/snapshot/panlex-20191001-csv/6730#113802450>				<https://panlex.org/snapshot/panlex-20191001-csv/6730#113802459>		"séhₐul"@ine	
"airborne"@en	<https://panlex.org/snapshot/panlex-20191001-csv/6730#113803686>				<https://panlex.org/snapshot/panlex-20191001-csv/6730#113803691>		"pet"@ine	
"feet"@en	<https://panlex.org/snapshot/panlex-20191001-csv/6730#113802051>				<https://panlex.org/snapshot/panlex-20191001-csv/6730#113802059>		"pē ́ds"@ine	
"came"@en	<https://panlex.org/snapshot/panlex-20191001-csv/6730#113803761>				<https://panlex.org/snapshot/panlex-20191001-csv/6730#113803768>		"gʷem"@ine	
"belly"@en	<https://panlex.org/snapshot/panlex-20191001-csv/6730#113801512>				<https://panlex.org/snapshot/panlex-20191001-csv/6730#113801523>		"udero"@ine	<https://panlex.org/Noun>
"skin"@en	<https://panlex.org/snapshot/panlex-20191001-csv/6730#113798023>				<https://panlex.org/snapshot/panlex-20191001-csv/6730#113798041>		"péln"@ine	<https://panlex.org/Noun>
"good"@en	<https://panlex.org/snapshot/panlex-20191001-csv/6730#113799700>				<https://panlex.org/snapshot/panlex-20191001-csv/6730#113799721>		"h₁su"@ine	<https://panlex.org/Adjectival>
"e.g."@en	<https://panlex.org/snapshot/panlex-20191001-csv/6730#113802050>				<https://panlex.org/snapshot/panlex-20191001-csv/6730#113802059>		"pē ́ds"@ine	
"limited"@en	<https://panlex.org/snapshot/panlex-20191001-csv/6730#113801441>				<https://panlex.org/snapshot/panlex-20191001-csv/6730#113801455>		"pau"@ine	
"number"@en	<https://panlex.org/snapshot/panlex-20191001-csv/6730#113800718>				<https://panlex.org/snapshot/panlex-20191001-csv/6730#113800732>		"meĝhₐ"@ine	
"you"@en	<https://panlex.org/snapshot/panlex-20191001-csv/6730#113800929>				<https://panlex.org/snapshot/panlex-20191001-csv/6730#113800939>		"túhₓ"@ine	
"hair"@en	<https://panlex.org/snapshot/panlex-20191001-csv/6730#113799747>				<https://panlex.org/snapshot/panlex-20191001-csv/6730#113799764>		"k̂ripo"@ine	<https://panlex.org/Noun>
"hair"@en	<https://panlex.org/snapshot/panlex-20191001-csv/6730#113800699>				<https://panlex.org/snapshot/panlex-20191001-csv/6730#113800707>		"petr"@ine	
"breast"@en	<https://panlex.org/snapshot/panlex-20191001-csv/6730#113803043>				<https://panlex.org/snapshot/panlex-20191001-csv/6730#113803062>		"psténos"@ine	<https://panlex.org/Noun>
"breast"@en	<https://panlex.org/snapshot/panlex-20191001-csv/6730#113803043>				<https://panlex.org/snapshot/panlex-20191001-csv/6730#113803063>		"speno"@ine	<https://panlex.org/Noun>
"green"@en	<https://panlex.org/snapshot/panlex-20191001-csv/6730#113803461>				<https://panlex.org/snapshot/panlex-20191001-csv/6730#113803474>		"k̂yeh₁"@ine	<https://panlex.org/Adjectival>
"magnitude"@en	<https://panlex.org/snapshot/panlex-20191001-csv/6730#113800720>				<https://panlex.org/snapshot/panlex-20191001-csv/6730#113800732>		"meĝhₐ"@ine	
"magnitude"@en	<https://panlex.org/snapshot/panlex-20191001-csv/6730#113801443>				<https://panlex.org/snapshot/panlex-20191001-csv/6730#113801455>		"pau"@ine	
"I"@en	<https://panlex.org/snapshot/panlex-20191001-csv/6730#113800831>				<https://panlex.org/snapshot/panlex-20191001-csv/6730#113800840>		"h₁eĝ"@ine	
"good at"@en	<https://panlex.org/snapshot/panlex-20191001-csv/6730#113799706>				<https://panlex.org/snapshot/panlex-20191001-csv/6730#113799721>		"h₁su"@ine	
"sun"@en	<https://panlex.org/snapshot/panlex-20191001-csv/6730#113802444>				<https://panlex.org/snapshot/panlex-20191001-csv/6730#113802459>		"séhₐul"@ine	<https://panlex.org/Noun>
"hide"@en	<https://panlex.org/snapshot/panlex-20191001-csv/6730#113798031>				<https://panlex.org/snapshot/panlex-20191001-csv/6730#113798041>		"péln"@ine	
"eyes"@en	<https://panlex.org/snapshot/panlex-20191001-csv/6730#113801493>				<https://panlex.org/snapshot/panlex-20191001-csv/6730#113801502>		"h₃ok w"@ine	
"noise"@en	<https://panlex.org/snapshot/panlex-20191001-csv/6730#113801472>				<https://panlex.org/snapshot/panlex-20191001-csv/6730#113801479>		"hₐóus"@ine	
"stand"@en	<https://panlex.org/snapshot/panlex-20191001-csv/6730#113803698>				<https://panlex.org/snapshot/panlex-20191001-csv/6730#113803712>		"teh₂"@ine	<https://panlex.org/Verbal>
"sand"@en	<https://panlex.org/snapshot/panlex-20191001-csv/6730#113797207>				<https://panlex.org/snapshot/panlex-20191001-csv/6730#113797218>		"samh̥ₓdhos"@ine	<https://panlex.org/Noun>
"much"@en	<https://panlex.org/snapshot/panlex-20191001-csv/6730#113800641>				<https://panlex.org/snapshot/panlex-20191001-csv/6730#113800649>		"pélh₁us"@ine	
"white"@en	<https://panlex.org/snapshot/panlex-20191001-csv/6730#113802353>				<https://panlex.org/snapshot/panlex-20191001-csv/6730#113802367>		"h₄elbhósr"@ine	<https://panlex.org/Adjectival>
"round"@en	<https://panlex.org/snapshot/panlex-20191001-csv/6730#113802947>				<https://panlex.org/snapshot/panlex-20191001-csv/6730#113802956>		"serk"@ine	<https://panlex.org/Adjectival>
"soil"@en	<https://panlex.org/snapshot/panlex-20191001-csv/6730#113801155>				<https://panlex.org/snapshot/panlex-20191001-csv/6730#113801164>		"dhéĝhōm"@ine	
"tree leaf"@en	<https://panlex.org/snapshot/panlex-20191001-csv/6730#113796844>				<https://panlex.org/snapshot/panlex-20191001-csv/6730#113796851>		"bhel"@ine	
"asleep"@en	<https://panlex.org/snapshot/panlex-20191001-csv/6730#113805017>				<https://panlex.org/snapshot/panlex-20191001-csv/6730#113805026>		"swep"@ine	
"lying down"@en	<https://panlex.org/snapshot/panlex-20191001-csv/6730#113803234>				<https://panlex.org/snapshot/panlex-20191001-csv/6730#113803243>		"k̂ei"@ine	
"liver"@en	<https://panlex.org/snapshot/panlex-20191001-csv/6730#113801090>				<https://panlex.org/snapshot/panlex-20191001-csv/6730#113801100>		"yékʷr̥"@ine	<https://panlex.org/Noun>
"running"@en	<https://panlex.org/snapshot/panlex-20191001-csv/6730#113799174>				<https://panlex.org/snapshot/panlex-20191001-csv/6730#113799183>		"wódr̥"@ine	
"New"@en	<https://panlex.org/snapshot/panlex-20191001-csv/6730#113801209>				<https://panlex.org/snapshot/panlex-20191001-csv/6730#113801215>		"néwos"@ine	
"pass away"@en	<https://panlex.org/snapshot/panlex-20191001-csv/6730#113804281>				<https://panlex.org/snapshot/panlex-20191001-csv/6730#113804291>		"mer"@ine	
"best"@en	<https://panlex.org/snapshot/panlex-20191001-csv/6730#113799705>				<https://panlex.org/snapshot/panlex-20191001-csv/6730#113799721>		"h₁su"@ine	
"fish"@en	<https://panlex.org/snapshot/panlex-20191001-csv/6730#113794865>				<https://panlex.org/snapshot/panlex-20191001-csv/6730#113794878>		"dhĝhuhₓ"@ine	<https://panlex.org/Noun>
"that"@en	<https://panlex.org/snapshot/panlex-20191001-csv/6730#113794010>				<https://panlex.org/snapshot/panlex-20191001-csv/6730#113794023>		"k̂ı́s"@ine	<https://panlex.org/AdjectivalParticlePronominal>
"buffalo horn"@en	<https://panlex.org/snapshot/panlex-20191001-csv/6730#113802912>				<https://panlex.org/snapshot/panlex-20191001-csv/6730#113802920>		"k̂er"@ine	
"big"@en	<https://panlex.org/snapshot/panlex-20191001-csv/6730#113800713>				<https://panlex.org/snapshot/panlex-20191001-csv/6730#113800732>		"meĝhₐ"@ine	<https://panlex.org/Adjectival>
"eats"@en	<https://panlex.org/snapshot/panlex-20191001-csv/6730#113802379>				<https://panlex.org/snapshot/panlex-20191001-csv/6730#113802387>		"h₁édmi"@ine	
"stomach"@en	<https://panlex.org/snapshot/panlex-20191001-csv/6730#113801518>				<https://panlex.org/snapshot/panlex-20191001-csv/6730#113801523>		"udero"@ine	
"few"@en	<https://panlex.org/snapshot/panlex-20191001-csv/6730#113801446>				<https://panlex.org/snapshot/panlex-20191001-csv/6730#113801455>		"pau"@ine	
"neck"@en	<https://panlex.org/snapshot/panlex-20191001-csv/6730#113802325>				<https://panlex.org/snapshot/panlex-20191001-csv/6730#113802337>		"moni"@ine	<https://panlex.org/Noun>
"bark"@en	<https://panlex.org/snapshot/panlex-20191001-csv/6730#113798032>				<https://panlex.org/snapshot/panlex-20191001-csv/6730#113798041>		"péln"@ine	
"bark"@en	<https://panlex.org/snapshot/panlex-20191001-csv/6730#113800755>				<https://panlex.org/snapshot/panlex-20191001-csv/6730#113800769>		"ehₐ"@ine	<https://panlex.org/Noun>
"bark"@en	<https://panlex.org/snapshot/panlex-20191001-csv/6730#113800755>				<https://panlex.org/snapshot/panlex-20191001-csv/6730#113800768>		"lóubho"@ine	<https://panlex.org/Noun>
"eggs"@en	<https://panlex.org/snapshot/panlex-20191001-csv/6730#113797904>				<https://panlex.org/snapshot/panlex-20191001-csv/6730#113797912>		"hₐōiom"@ine	
"all"@en	<https://panlex.org/snapshot/panlex-20191001-csv/6730#113794127>				<https://panlex.org/snapshot/panlex-20191001-csv/6730#113794142>		"wik̂"@ine	<https://panlex.org/AdjectivalParticle>
"dust"@en	<https://panlex.org/snapshot/panlex-20191001-csv/6730#113797013>				<https://panlex.org/snapshot/panlex-20191001-csv/6730#113797019>		"h₂éhₓōs"@ine	
"there is not"@en	<https://panlex.org/snapshot/panlex-20191001-csv/6730#113801364>				<https://panlex.org/snapshot/panlex-20191001-csv/6730#113801368>		"ne"@ine	
"me"@en	<https://panlex.org/snapshot/panlex-20191001-csv/6730#113800832>				<https://panlex.org/snapshot/panlex-20191001-csv/6730#113800840>		"h₁eĝ"@ine	
"fly away"@en	<https://panlex.org/snapshot/panlex-20191001-csv/6730#113803685>				<https://panlex.org/snapshot/panlex-20191001-csv/6730#113803691>		"pet"@ine	<https://panlex.org/Verbal>
"sits"@en	<https://panlex.org/snapshot/panlex-20191001-csv/6730#113803301>				<https://panlex.org/snapshot/panlex-20191001-csv/6730#113803309>		"sed"@ine	
"yellow"@en	<https://panlex.org/snapshot/panlex-20191001-csv/6730#113803443>				<https://panlex.org/snapshot/panlex-20191001-csv/6730#113803454>		"ghel"@ine	<https://panlex.org/Adjectival>
"Aborigine"@en	<https://panlex.org/snapshot/panlex-20191001-csv/6730#113797350>				<https://panlex.org/snapshot/panlex-20191001-csv/6730#113797361>		"dhĝhm-ón"@ine	
"trail"@en	<https://panlex.org/snapshot/panlex-20191001-csv/6730#113808679>				<https://panlex.org/snapshot/panlex-20191001-csv/6730#113808686>		"póntōh₂s"@ine	
"black"@en	<https://panlex.org/snapshot/panlex-20191001-csv/6730#113794486>				<https://panlex.org/snapshot/panlex-20191001-csv/6730#113794501>		"kʷr̥snós"@ine	<https://panlex.org/Adjectival>
"nail"@en	<https://panlex.org/snapshot/panlex-20191001-csv/6730#113793979>				<https://panlex.org/snapshot/panlex-20191001-csv/6730#113793983>		"h₃nogh"@ine	
"smell"@en	<https://panlex.org/snapshot/panlex-20191001-csv/6730#113801047>				<https://panlex.org/snapshot/panlex-20191001-csv/6730#113801056>		"hₓnáss"@ine	<https://panlex.org/Verbal>
"gave"@en	<https://panlex.org/snapshot/panlex-20191001-csv/6730#113803778>				<https://panlex.org/snapshot/panlex-20191001-csv/6730#113803786>		"deh₃"@ine	
"sexes"@en	<https://panlex.org/snapshot/panlex-20191001-csv/6730#113807857>				<https://panlex.org/snapshot/panlex-20191001-csv/6730#113807865>		"k̂wōn"@ine	
"breasts"@en	<https://panlex.org/snapshot/panlex-20191001-csv/6730#113803051>				<https://panlex.org/snapshot/panlex-20191001-csv/6730#113803062>		"psténos"@ine	
"breasts"@en	<https://panlex.org/snapshot/panlex-20191001-csv/6730#113803051>				<https://panlex.org/snapshot/panlex-20191001-csv/6730#113803063>		"speno"@ine	
"one"@en	<https://panlex.org/snapshot/panlex-20191001-csv/6730#113804245>				<https://panlex.org/snapshot/panlex-20191001-csv/6730#113804262>		"h₁oin"@ine	<https://panlex.org/AdjectivalParticleNumeral>
"lie down"@en	<https://panlex.org/snapshot/panlex-20191001-csv/6730#113803235>				<https://panlex.org/snapshot/panlex-20191001-csv/6730#113803243>		"k̂ei"@ine	
"lie down"@en	<https://panlex.org/snapshot/panlex-20191001-csv/6730#113805018>				<https://panlex.org/snapshot/panlex-20191001-csv/6730#113805026>		"swep"@ine	
"cloud"@en	<https://panlex.org/snapshot/panlex-20191001-csv/6730#113804207>				<https://panlex.org/snapshot/panlex-20191001-csv/6730#113804221>		"nébhes"@ine	<https://panlex.org/Noun>
"clouds"@en	<https://panlex.org/snapshot/panlex-20191001-csv/6730#113804212>				<https://panlex.org/snapshot/panlex-20191001-csv/6730#113804221>		"nébhes"@ine	
"tongue"@en	<https://panlex.org/snapshot/panlex-20191001-csv/6730#113800775>				<https://panlex.org/snapshot/panlex-20191001-csv/6730#113800789>		"dn̥ghuhₐ"@ine	<https://panlex.org/Noun>
"leaf"@en	<https://panlex.org/snapshot/panlex-20191001-csv/6730#113796838>				<https://panlex.org/snapshot/panlex-20191001-csv/6730#113796851>		"bhel"@ine	<https://panlex.org/Noun>
"go"@en	<https://panlex.org/snapshot/panlex-20191001-csv/6730#113803727>				<https://panlex.org/snapshot/panlex-20191001-csv/6730#113803733>		"h₁ei"@ine	<https://panlex.org/Verbal>
"bonfire"@en	<https://panlex.org/snapshot/panlex-20191001-csv/6730#113794829>				<https://panlex.org/snapshot/panlex-20191001-csv/6730#113794838>		"péh₂ur"@ine	
"nice"@en	<https://panlex.org/snapshot/panlex-20191001-csv/6730#113799710>				<https://panlex.org/snapshot/panlex-20191001-csv/6730#113799721>		"h₁su"@ine	
"finger nail"@en	<https://panlex.org/snapshot/panlex-20191001-csv/6730#113793978>				<https://panlex.org/snapshot/panlex-20191001-csv/6730#113793983>		"h₃nogh"@ine	
"head"@en	<https://panlex.org/snapshot/panlex-20191001-csv/6730#113801566>				<https://panlex.org/snapshot/panlex-20191001-csv/6730#113801580>		"k̂rrē ́h"@ine	<https://panlex.org/Noun>
"dog"@en	<https://panlex.org/snapshot/panlex-20191001-csv/6730#113807853>				<https://panlex.org/snapshot/panlex-20191001-csv/6730#113807865>		"k̂wōn"@ine	<https://panlex.org/Noun>
"small"@en	<https://panlex.org/snapshot/panlex-20191001-csv/6730#113801436>				<https://panlex.org/snapshot/panlex-20191001-csv/6730#113801455>		"pau"@ine	<https://panlex.org/Adjectival>
"standing"@en	<https://panlex.org/snapshot/panlex-20191001-csv/6730#113803703>				<https://panlex.org/snapshot/panlex-20191001-csv/6730#113803712>		"teh₂"@ine	
"root"@en	<https://panlex.org/snapshot/panlex-20191001-csv/6730#113797191>				<https://panlex.org/snapshot/panlex-20191001-csv/6730#113797201>		"wrd"@ine	<https://panlex.org/Noun>
"dies"@en	<https://panlex.org/snapshot/panlex-20191001-csv/6730#113804276>				<https://panlex.org/snapshot/panlex-20191001-csv/6730#113804291>		"mer"@ine	
"claw"@en	<https://panlex.org/snapshot/panlex-20191001-csv/6730#113793973>				<https://panlex.org/snapshot/panlex-20191001-csv/6730#113793983>		"h₃nogh"@ine	<https://panlex.org/Noun>
"death"@en	<https://panlex.org/snapshot/panlex-20191001-csv/6730#113804278>				<https://panlex.org/snapshot/panlex-20191001-csv/6730#113804291>		"mer"@ine	
"beautiful"@en	<https://panlex.org/snapshot/panlex-20191001-csv/6730#113799707>				<https://panlex.org/snapshot/panlex-20191001-csv/6730#113799721>		"h₁su"@ine	
"not"@en	<https://panlex.org/snapshot/panlex-20191001-csv/6730#113801359>				<https://panlex.org/snapshot/panlex-20191001-csv/6730#113801368>		"ne"@ine	<https://panlex.org/AdverbialParticle>
"bird"@en	<https://panlex.org/snapshot/panlex-20191001-csv/6730#113799081>				<https://panlex.org/snapshot/panlex-20191001-csv/6730#113799094>		"hₐewei"@ine	<https://panlex.org/Noun>
"Moon"@en	<https://panlex.org/snapshot/panlex-20191001-csv/6730#113802171>				<https://panlex.org/snapshot/panlex-20191001-csv/6730#113802178>		"méh₁nōt"@ine	
"swimming"@en	<https://panlex.org/snapshot/panlex-20191001-csv/6730#113803657>				<https://panlex.org/snapshot/panlex-20191001-csv/6730#113803662>		"pleu"@ine	
"these"@en	<https://panlex.org/snapshot/panlex-20191001-csv/6730#113800912>				<https://panlex.org/snapshot/panlex-20191001-csv/6730#113800917>		"so"@ine	
"sleeps"@en	<https://panlex.org/snapshot/panlex-20191001-csv/6730#113805016>				<https://panlex.org/snapshot/panlex-20191001-csv/6730#113805026>		"swep"@ine	
"to"@en	<https://panlex.org/snapshot/panlex-20191001-csv/6730#113801553>				<https://panlex.org/snapshot/panlex-20191001-csv/6730#113801555>		"h₁wers"@ine	
"extent"@en	<https://panlex.org/snapshot/panlex-20191001-csv/6730#113801444>				<https://panlex.org/snapshot/panlex-20191001-csv/6730#113801455>		"pau"@ine	
"extent"@en	<https://panlex.org/snapshot/panlex-20191001-csv/6730#113800721>				<https://panlex.org/snapshot/panlex-20191001-csv/6730#113800732>		"meĝhₐ"@ine	
"blood"@en	<https://panlex.org/snapshot/panlex-20191001-csv/6730#113799146>				<https://panlex.org/snapshot/panlex-20191001-csv/6730#113799158>		"h₁ésh₂̥r"@ine	<https://panlex.org/Noun>
"chest"@en	<https://panlex.org/snapshot/panlex-20191001-csv/6730#113803052>				<https://panlex.org/snapshot/panlex-20191001-csv/6730#113803062>		"psténos"@ine	
"chest"@en	<https://panlex.org/snapshot/panlex-20191001-csv/6730#113803052>				<https://panlex.org/snapshot/panlex-20191001-csv/6730#113803063>		"speno"@ine	
"Black"@en	<https://panlex.org/snapshot/panlex-20191001-csv/6730#113794491>				<https://panlex.org/snapshot/panlex-20191001-csv/6730#113794501>		"kʷr̥snós"@ine	
"without intention"@en	<https://panlex.org/snapshot/panlex-20191001-csv/6730#113803325>				<https://panlex.org/snapshot/panlex-20191001-csv/6730#113803332>		"nek̂"@ine	
"fat"@en	<https://panlex.org/snapshot/panlex-20191001-csv/6730#113795425>				<https://panlex.org/snapshot/panlex-20191001-csv/6730#113795434>		"sélpes"@ine	<https://panlex.org/Noun>
"burn"@en	<https://panlex.org/snapshot/panlex-20191001-csv/6730#113794363>				<https://panlex.org/snapshot/panlex-20191001-csv/6730#113794371>		"dhegʷh"@ine	<https://panlex.org/Verbal>
"SG"@en	<https://panlex.org/snapshot/panlex-20191001-csv/6730#113800931>				<https://panlex.org/snapshot/panlex-20191001-csv/6730#113800939>		"túhₓ"@ine	
"cold"@en	<https://panlex.org/snapshot/panlex-20191001-csv/6730#113801907>				<https://panlex.org/snapshot/panlex-20191001-csv/6730#113801919>		"gel"@ine	<https://panlex.org/Adjectival>
"stone"@en	<https://panlex.org/snapshot/panlex-20191001-csv/6730#113798607>				<https://panlex.org/snapshot/panlex-20191001-csv/6730#113798619>		"h₄ék̂mōn"@ine	<https://panlex.org/Noun>
"knows"@en	<https://panlex.org/snapshot/panlex-20191001-csv/6730#113803211>				<https://panlex.org/snapshot/panlex-20191001-csv/6730#113803219>		"weid"@ine	
"rain"@en	<https://panlex.org/snapshot/panlex-20191001-csv/6730#113801547>				<https://panlex.org/snapshot/panlex-20191001-csv/6730#113801555>		"h₁wers"@ine	<https://panlex.org/Verbal>
"feather"@en	<https://panlex.org/snapshot/panlex-20191001-csv/6730#113800692>				<https://panlex.org/snapshot/panlex-20191001-csv/6730#113800707>		"petr"@ine	<https://panlex.org/Noun>
"male"@en	<https://panlex.org/snapshot/panlex-20191001-csv/6730#113804762>				<https://panlex.org/snapshot/panlex-20191001-csv/6730#113804769>		"h₁nē ́r"@ine	
"ashes"@en	<https://panlex.org/snapshot/panlex-20191001-csv/6730#113797012>				<https://panlex.org/snapshot/panlex-20191001-csv/6730#113797019>		"h₂éhₓōs"@ine	
"full"@en	<https://panlex.org/snapshot/panlex-20191001-csv/6730#113803516>				<https://panlex.org/snapshot/panlex-20191001-csv/6730#113803526>		"pl̥h₁nós"@ine	<https://panlex.org/Adjectival>
"tall"@en	<https://panlex.org/snapshot/panlex-20191001-csv/6730#113800743>				<https://panlex.org/snapshot/panlex-20191001-csv/6730#113800749>		"dl̥h₁ghós"@ine	
"human being"@en	<https://panlex.org/snapshot/panlex-20191001-csv/6730#113797347>				<https://panlex.org/snapshot/panlex-20191001-csv/6730#113797361>		"dhĝhm-ón"@ine	
"consider"@en	<https://panlex.org/snapshot/panlex-20191001-csv/5775#116321032>				<https://panlex.org/snapshot/panlex-20191001-csv/5775#116321031>		"dʰei̯H-"@ine	
"look over"@en	<https://panlex.org/snapshot/panlex-20191001-csv/5775#116321033>				<https://panlex.org/snapshot/panlex-20191001-csv/5775#116321031>		"dʰei̯H-"@ine	
