"Karagas"@en	<https://panlex.org/snapshot/panlex-20191001-csv/6708#112340034>				<https://panlex.org/snapshot/panlex-20191001-csv/6708#112340032>		"Тоъфа"@kim	
"Tofa"@en	<https://panlex.org/snapshot/panlex-20191001-csv/2895#111109128>				<https://panlex.org/snapshot/panlex-20191001-csv/2895#111109127>		"тоъфа"@kim	
"Tofa"@en	<https://panlex.org/snapshot/panlex-20191001-csv/2895#111109128>				<https://panlex.org/snapshot/panlex-20191001-csv/2895#111109129>		"тоъфа дыл"@kim	
"Tofalar"@en	<https://panlex.org/snapshot/panlex-20191001-csv/0#113731808>				<https://panlex.org/snapshot/panlex-20191001-csv/0#113275247>		"Тоъфа дыл"@kim	
"Karagas"@en	<https://panlex.org/snapshot/panlex-20191001-csv/0#113731806>				<https://panlex.org/snapshot/panlex-20191001-csv/0#113275247>		"Тоъфа дыл"@kim	
"Tofa"@en	<https://panlex.org/snapshot/panlex-20191001-csv/0#113731807>				<https://panlex.org/snapshot/panlex-20191001-csv/0#113275247>		"Тоъфа дыл"@kim	
"Tofa"@en	<https://panlex.org/snapshot/panlex-20191001-csv/0#115872444>				<https://panlex.org/snapshot/panlex-20191001-csv/0#107619014>		"tòfa dıl"@kim	
