"clariosa"@rmq	<https://panlex.org/snapshot/panlex-20191001-csv/12#851126>				<https://panlex.org/snapshot/panlex-20191001-csv/12#851018>		"aē"@ljl	
"jurba"@rmq	<https://panlex.org/snapshot/panlex-20191001-csv/12#851127>				<https://panlex.org/snapshot/panlex-20191001-csv/12#851018>		"aē"@ljl	
"pañí"@rmq	<https://panlex.org/snapshot/panlex-20191001-csv/12#851128>				<https://panlex.org/snapshot/panlex-20191001-csv/12#851018>		"aē"@ljl	
"pañí"@rmq	<https://panlex.org/snapshot/panlex-20191001-csv/11#787713>				<https://panlex.org/snapshot/panlex-20191001-csv/11#787627>		"aē"@ljl	
"jurba"@rmq	<https://panlex.org/snapshot/panlex-20191001-csv/11#787712>				<https://panlex.org/snapshot/panlex-20191001-csv/11#787627>		"aē"@ljl	
"clariosa"@rmq	<https://panlex.org/snapshot/panlex-20191001-csv/11#787711>				<https://panlex.org/snapshot/panlex-20191001-csv/11#787627>		"aē"@ljl	
