"clariosa"@rmq	<https://panlex.org/snapshot/panlex-20191001-csv/12#851126>				<https://panlex.org/snapshot/panlex-20191001-csv/12#851252>		"uwoi"@xmz	
"jurba"@rmq	<https://panlex.org/snapshot/panlex-20191001-csv/12#851127>				<https://panlex.org/snapshot/panlex-20191001-csv/12#851252>		"uwoi"@xmz	
"pañí"@rmq	<https://panlex.org/snapshot/panlex-20191001-csv/12#851128>				<https://panlex.org/snapshot/panlex-20191001-csv/12#851252>		"uwoi"@xmz	
"pañí"@rmq	<https://panlex.org/snapshot/panlex-20191001-csv/11#787713>				<https://panlex.org/snapshot/panlex-20191001-csv/11#787774>		"uwoi"@xmz	
"jurba"@rmq	<https://panlex.org/snapshot/panlex-20191001-csv/11#787712>				<https://panlex.org/snapshot/panlex-20191001-csv/11#787774>		"uwoi"@xmz	
"clariosa"@rmq	<https://panlex.org/snapshot/panlex-20191001-csv/11#787711>				<https://panlex.org/snapshot/panlex-20191001-csv/11#787774>		"uwoi"@xmz	
