"daggahaq"@sml	<https://panlex.org/snapshot/panlex-20191001-csv/114#8060726>				<https://panlex.org/snapshot/panlex-20191001-csv/114#8060513>		"turu"@kvc	
"bɨttong"@sml	<https://panlex.org/snapshot/panlex-20191001-csv/114#8058690>				<https://panlex.org/snapshot/panlex-20191001-csv/114#8058464>		"apo"@kvc	
"buqun"@sml	<https://panlex.org/snapshot/panlex-20191001-csv/114#8064887>				<https://panlex.org/snapshot/panlex-20191001-csv/114#8064684>		"launi"@kvc	
"kulit"@sml	<https://panlex.org/snapshot/panlex-20191001-csv/114#8057635>				<https://panlex.org/snapshot/panlex-20191001-csv/114#8057432>		"kulikuli"@kvc	
"kulit"@sml	<https://panlex.org/snapshot/panlex-20191001-csv/114#8057635>				<https://panlex.org/snapshot/panlex-20191001-csv/114#8057433>		"tini"@kvc	
"kɨllong"@sml	<https://panlex.org/snapshot/panlex-20191001-csv/114#8064342>				<https://panlex.org/snapshot/panlex-20191001-csv/114#8064147>		"ɤaɤalu"@kvc	
"tangan"@sml	<https://panlex.org/snapshot/panlex-20191001-csv/114#8052049>				<https://panlex.org/snapshot/panlex-20191001-csv/114#8051832>		"nima"@kvc	
