"danum"@bvk	<https://panlex.org/snapshot/panlex-20191001-csv/12#850867>				<https://panlex.org/snapshot/panlex-20191001-csv/12#850920>		"vai"@fud	
"anit"@bvk	<https://panlex.org/snapshot/panlex-20191001-csv/114#8057308>				<https://panlex.org/snapshot/panlex-20191001-csv/114#8057356>		"kiri"@fud	
"anit"@bvk	<https://panlex.org/snapshot/panlex-20191001-csv/114#8057308>				<https://panlex.org/snapshot/panlex-20191001-csv/114#8057355>		"kili"@fud	
"daʔ"@bvk	<https://panlex.org/snapshot/panlex-20191001-csv/114#8062938>				<https://panlex.org/snapshot/panlex-20191001-csv/114#8062984>		"toto"@fud	
"uvow"@bvk	<https://panlex.org/snapshot/panlex-20191001-csv/114#8056846>				<https://panlex.org/snapshot/panlex-20191001-csv/114#8056876>		"efu"@fud	
"uvow"@bvk	<https://panlex.org/snapshot/panlex-20191001-csv/114#8056846>				<https://panlex.org/snapshot/panlex-20191001-csv/114#8056875>		"baku"@fud	
"tɔlaŋ"@bvk	<https://panlex.org/snapshot/panlex-20191001-csv/114#8058891>				<https://panlex.org/snapshot/panlex-20191001-csv/114#8058934>		"ivi"@fud	
"begali"@bvk	<https://panlex.org/snapshot/panlex-20191001-csv/114#8067120>				<https://panlex.org/snapshot/panlex-20191001-csv/114#8067175>		"nifo"@fud	
"taduŋ"@bvk	<https://panlex.org/snapshot/panlex-20191001-csv/114#8054328>				<https://panlex.org/snapshot/panlex-20191001-csv/114#8054378>		"retu"@fud	
"taduŋ"@bvk	<https://panlex.org/snapshot/panlex-20191001-csv/114#8054328>				<https://panlex.org/snapshot/panlex-20191001-csv/114#8054376>		"ala"@fud	
"taduŋ"@bvk	<https://panlex.org/snapshot/panlex-20191001-csv/114#8054328>				<https://panlex.org/snapshot/panlex-20191001-csv/114#8054377>		"kauala"@fud	
"tipay"@bvk	<https://panlex.org/snapshot/panlex-20191001-csv/114#8054816>				<https://panlex.org/snapshot/panlex-20191001-csv/114#8054865>		"àu"@fud	
"tipay"@bvk	<https://panlex.org/snapshot/panlex-20191001-csv/114#8054816>				<https://panlex.org/snapshot/panlex-20191001-csv/114#8054864>		"hmai [ṃai]"@fud	
"danum"@bvk	<https://panlex.org/snapshot/panlex-20191001-csv/11#787507>				<https://panlex.org/snapshot/panlex-20191001-csv/11#787558>		"vai"@fud	
