"ñio"@aua	<https://panlex.org/snapshot/panlex-20191001-csv/12#850835>				<https://panlex.org/snapshot/panlex-20191001-csv/12#850970>		"sjór"@is	
"ñio"@aua	<https://panlex.org/snapshot/panlex-20191001-csv/12#850835>				<https://panlex.org/snapshot/panlex-20191001-csv/12#850969>		"á"@is	
"ñio"@aua	<https://panlex.org/snapshot/panlex-20191001-csv/12#850835>				<https://panlex.org/snapshot/panlex-20191001-csv/12#850971>		"vatn"@is	
"ñio"@aua	<https://panlex.org/snapshot/panlex-20191001-csv/11#787478>				<https://panlex.org/snapshot/panlex-20191001-csv/11#787601>		"vökva"@is	
"ñio"@aua	<https://panlex.org/snapshot/panlex-20191001-csv/11#787478>				<https://panlex.org/snapshot/panlex-20191001-csv/11#787599>		"vatn"@is	
"ñio"@aua	<https://panlex.org/snapshot/panlex-20191001-csv/11#787478>				<https://panlex.org/snapshot/panlex-20191001-csv/11#787600>		"vatna"@is	
"ñio"@aua	<https://panlex.org/snapshot/panlex-20191001-csv/11#787478>				<https://panlex.org/snapshot/panlex-20191001-csv/11#787597>		"á"@is	
"ñio"@aua	<https://panlex.org/snapshot/panlex-20191001-csv/11#787478>				<https://panlex.org/snapshot/panlex-20191001-csv/11#787598>		"sjór"@is	
"ñio"@aua	<https://panlex.org/snapshot/panlex-20191001-csv/11#787478>				<https://panlex.org/snapshot/panlex-20191001-csv/11#787602>		"veita vatui á"@is	
