"аьлаьм"@udi	<https://panlex.org/snapshot/panlex-20191001-csv/1573#50081917>				<https://panlex.org/snapshot/panlex-20191001-csv/1573#50081779>		"top"@ghl	
"аьлаьм"@udi	<https://panlex.org/snapshot/panlex-20191001-csv/1573#50081917>				<https://panlex.org/snapshot/panlex-20191001-csv/1573#50081778>		"tobi"@ghl	
"заьлзаьлаь"@udi	<https://panlex.org/snapshot/panlex-20191001-csv/1573#50091013>				<https://panlex.org/snapshot/panlex-20191001-csv/1573#50090914>		"topŋiʈiʈye"@ghl	
"дар"@udi	<https://panlex.org/snapshot/panlex-20191001-csv/1573#50090816>				<https://panlex.org/snapshot/panlex-20191001-csv/1573#50090576>		"aŕi"@ghl	
"дар"@udi	<https://panlex.org/snapshot/panlex-20191001-csv/1573#50090816>				<https://panlex.org/snapshot/panlex-20191001-csv/1573#50090577>		"kakar"@ghl	
"бурух"@udi	<https://panlex.org/snapshot/panlex-20191001-csv/1573#50083790>				<https://panlex.org/snapshot/panlex-20191001-csv/1573#50083559>		"kuli"@ghl	
"бурух"@udi	<https://panlex.org/snapshot/panlex-20191001-csv/1573#50083790>				<https://panlex.org/snapshot/panlex-20191001-csv/1573#50083558>		"kudu"@ghl	
"аъхъуън"@udi	<https://panlex.org/snapshot/panlex-20191001-csv/1573#50084441>				<https://panlex.org/snapshot/panlex-20191001-csv/1573#50084245>		"káto"@ghl	
"аъхъуън"@udi	<https://panlex.org/snapshot/panlex-20191001-csv/1573#50084441>				<https://panlex.org/snapshot/panlex-20191001-csv/1573#50084244>		"kaní"@ghl	
"лаьпаь"@udi	<https://panlex.org/snapshot/panlex-20191001-csv/1573#50087832>				<https://panlex.org/snapshot/panlex-20191001-csv/1573#50087696>		"kuraraŋ"@ghl	
"тор"@udi	<https://panlex.org/snapshot/panlex-20191001-csv/1573#50083139>				<https://panlex.org/snapshot/panlex-20191001-csv/1573#50082970>		"ɖótu"@ghl	
"тор"@udi	<https://panlex.org/snapshot/panlex-20191001-csv/1573#50083139>				<https://panlex.org/snapshot/panlex-20191001-csv/1573#50082969>		"dí:da"@ghl	
"пІыз"@udi	<https://panlex.org/snapshot/panlex-20191001-csv/1573#50089424>				<https://panlex.org/snapshot/panlex-20191001-csv/1573#50089278>		"atu"@ghl	
"гоьи"@udi	<https://panlex.org/snapshot/panlex-20191001-csv/1573#50091259>				<https://panlex.org/snapshot/panlex-20191001-csv/1573#50091122>		"arrɛnayn"@ghl	
"орайин"@udi	<https://panlex.org/snapshot/panlex-20191001-csv/1573#50089167>				<https://panlex.org/snapshot/panlex-20191001-csv/1573#50088950>		"kʊl"@ghl	
"орайин"@udi	<https://panlex.org/snapshot/panlex-20191001-csv/1573#50089167>				<https://panlex.org/snapshot/panlex-20191001-csv/1573#50088951>		"kʊli"@ghl	
"дардал"@udi	<https://panlex.org/snapshot/panlex-20191001-csv/1573#50090817>				<https://panlex.org/snapshot/panlex-20191001-csv/1573#50090576>		"aŕi"@ghl	
"дардал"@udi	<https://panlex.org/snapshot/panlex-20191001-csv/1573#50090817>				<https://panlex.org/snapshot/panlex-20191001-csv/1573#50090577>		"kakar"@ghl	
"дурутІ"@udi	<https://panlex.org/snapshot/panlex-20191001-csv/1573#50090414>				<https://panlex.org/snapshot/panlex-20191001-csv/1573#50090269>		"ór"@ghl	
"дурутІ"@udi	<https://panlex.org/snapshot/panlex-20191001-csv/1573#50090414>				<https://panlex.org/snapshot/panlex-20191001-csv/1573#50090268>		"orí"@ghl	
"каІф"@udi	<https://panlex.org/snapshot/panlex-20191001-csv/1573#50086662>				<https://panlex.org/snapshot/panlex-20191001-csv/1573#50086537>		"ordu"@ghl	
"тІоъп"@udi	<https://panlex.org/snapshot/panlex-20191001-csv/1573#50085363>				<https://panlex.org/snapshot/panlex-20191001-csv/1573#50085162>		"ɔtiɲidu"@ghl	
"тоз"@udi	<https://panlex.org/snapshot/panlex-20191001-csv/1573#50082844>				<https://panlex.org/snapshot/panlex-20191001-csv/1573#50082683>		"ʊɽʊ"@ghl	
"даьрйаьн"@udi	<https://panlex.org/snapshot/panlex-20191001-csv/1573#50086094>				<https://panlex.org/snapshot/panlex-20191001-csv/1573#50085965>		"ɪɽi"@ghl	
"кантинент"@udi	<https://panlex.org/snapshot/panlex-20191001-csv/1573#50085038>				<https://panlex.org/snapshot/panlex-20191001-csv/1573#50084956>		"eǰe"@ghl	
"кІул"@udi	<https://panlex.org/snapshot/panlex-20191001-csv/1573#50082575>				<https://panlex.org/snapshot/panlex-20191001-csv/1573#50082377>		"we:na"@ghl	
"гоьг"@udi	<https://panlex.org/snapshot/panlex-20191001-csv/1573#50091258>				<https://panlex.org/snapshot/panlex-20191001-csv/1573#50091122>		"arrɛnayn"@ghl	
"доьвлаьт"@udi	<https://panlex.org/snapshot/panlex-20191001-csv/1573#50082260>				<https://panlex.org/snapshot/panlex-20191001-csv/1573#50082053>		"top"@ghl	
"хенечІотІ"@udi	<https://panlex.org/snapshot/panlex-20191001-csv/1573#50085364>				<https://panlex.org/snapshot/panlex-20191001-csv/1573#50085162>		"ɔtiɲidu"@ghl	
"ходлугъ"@udi	<https://panlex.org/snapshot/panlex-20191001-csv/1573#50089898>				<https://panlex.org/snapshot/panlex-20191001-csv/1573#50089725>		"ɛǰe"@ghl	
"даьркаьн"@udi	<https://panlex.org/snapshot/panlex-20191001-csv/1573#50086841>				<https://panlex.org/snapshot/panlex-20191001-csv/1573#50086744>		"iɽí"@ghl	
"беъгъ"@udi	<https://panlex.org/snapshot/panlex-20191001-csv/1573#50091509>				<https://panlex.org/snapshot/panlex-20191001-csv/1573#50091372>		"ɪŋŋaltu"@ghl	
"беъгъ"@udi	<https://panlex.org/snapshot/panlex-20191001-csv/1573#50091509>				<https://panlex.org/snapshot/panlex-20191001-csv/1573#50091371>		"ɪč"@ghl	
"хе"@udi	<https://panlex.org/snapshot/panlex-20191001-csv/1573#50085868>				<https://panlex.org/snapshot/panlex-20191001-csv/1573#50085715>		"ɔti"@ghl	
"жІегъ"@udi	<https://panlex.org/snapshot/panlex-20191001-csv/1573#50090818>				<https://panlex.org/snapshot/panlex-20191001-csv/1573#50090576>		"aŕi"@ghl	
"жІегъ"@udi	<https://panlex.org/snapshot/panlex-20191001-csv/1573#50090818>				<https://panlex.org/snapshot/panlex-20191001-csv/1573#50090577>		"kakar"@ghl	
"даьраь"@udi	<https://panlex.org/snapshot/panlex-20191001-csv/1573#50084664>				<https://panlex.org/snapshot/panlex-20191001-csv/1573#50084546>		"ɔbule"@ghl	
"даьраь"@udi	<https://panlex.org/snapshot/panlex-20191001-csv/1573#50084664>				<https://panlex.org/snapshot/panlex-20191001-csv/1573#50084545>		"ɔbul"@ghl	
"кьайа"@udi	<https://panlex.org/snapshot/panlex-20191001-csv/1573#50085612>				<https://panlex.org/snapshot/panlex-20191001-csv/1573#50085466>		"ka:ŋa"@ghl	
"кьайа"@udi	<https://panlex.org/snapshot/panlex-20191001-csv/1573#50085612>				<https://panlex.org/snapshot/panlex-20191001-csv/1573#50085467>		"kaŋŋa"@ghl	
"ша"@udi	<https://panlex.org/snapshot/panlex-20191001-csv/1573#50083386>				<https://panlex.org/snapshot/panlex-20191001-csv/1573#50083242>		"kwartu"@ghl	
"ок"@udi	<https://panlex.org/snapshot/panlex-20191001-csv/1573#50088596>				<https://panlex.org/snapshot/panlex-20191001-csv/1573#50088330>		"torgɪl"@ghl	
"ок"@udi	<https://panlex.org/snapshot/panlex-20191001-csv/1573#50088596>				<https://panlex.org/snapshot/panlex-20191001-csv/1573#50088329>		"torga"@ghl	
"гурдондж"@udi	<https://panlex.org/snapshot/panlex-20191001-csv/1573#50089616>				<https://panlex.org/snapshot/panlex-20191001-csv/1573#50089518>		"ɔtiŋaltu"@ghl	
"пиз"@udi	<https://panlex.org/snapshot/panlex-20191001-csv/1573#50089425>				<https://panlex.org/snapshot/panlex-20191001-csv/1573#50089278>		"atu"@ghl	
"ход"@udi	<https://panlex.org/snapshot/panlex-20191001-csv/1573#50090157>				<https://panlex.org/snapshot/panlex-20191001-csv/1573#50090018>		"orí"@ghl	
"ход"@udi	<https://panlex.org/snapshot/panlex-20191001-csv/1573#50090157>				<https://panlex.org/snapshot/panlex-20191001-csv/1573#50090019>		"ór"@ghl	
