"тайес"@udi	<https://panlex.org/snapshot/panlex-20191001-csv/3975#51733880>				<https://panlex.org/snapshot/panlex-20191001-csv/3975#51733732>		"šɔn"@abm	
"гам"@udi	<https://panlex.org/snapshot/panlex-20191001-csv/3975#51734023>				<https://panlex.org/snapshot/panlex-20191001-csv/3975#51733917>		"m̩=fùbā"@abm	
"къокъ"@udi	<https://panlex.org/snapshot/panlex-20191001-csv/3975#51728865>				<https://panlex.org/snapshot/panlex-20191001-csv/3975#51728752>		"ɛ̀=mɛ̀l"@abm	
"бурух"@udi	<https://panlex.org/snapshot/panlex-20191001-csv/3975#51728433>				<https://panlex.org/snapshot/panlex-20191001-csv/3975#51728338>		"ɛ̀=wɔ́ŋ"@abm	
"биъгьиъ"@udi	<https://panlex.org/snapshot/panlex-20191001-csv/3975#51735385>				<https://panlex.org/snapshot/panlex-20191001-csv/3975#51735280>		"nobàː"@abm	
"уьзмуьшсун"@udi	<https://panlex.org/snapshot/panlex-20191001-csv/3975#51732499>				<https://panlex.org/snapshot/panlex-20191001-csv/3975#51732399>		"ɲɔ̂g"@abm	
"тур"@udi	<https://panlex.org/snapshot/panlex-20191001-csv/3975#51724987>				<https://panlex.org/snapshot/panlex-20191001-csv/3975#51724858>		"ɔ̀=tâ"@abm	
"кӀуин"@udi	<https://panlex.org/snapshot/panlex-20191001-csv/3975#51731793>				<https://panlex.org/snapshot/panlex-20191001-csv/3975#51731668>		"à=tûg"@abm	
"пурпесун"@udi	<https://panlex.org/snapshot/panlex-20191001-csv/3975#51724833>				<https://panlex.org/snapshot/panlex-20191001-csv/3975#51724731>		"fùbî"@abm	
"шу"@udi	<https://panlex.org/snapshot/panlex-20191001-csv/3975#51734833>				<https://panlex.org/snapshot/panlex-20191001-csv/3975#51734703>		"bà-nɛ́"@abm	
"шу"@udi	<https://panlex.org/snapshot/panlex-20191001-csv/3975#51729150>				<https://panlex.org/snapshot/panlex-20191001-csv/3975#51729017>		"à=làgɨ̀=tú"@abm	
"биъ"@udi	<https://panlex.org/snapshot/panlex-20191001-csv/3975#51735387>				<https://panlex.org/snapshot/panlex-20191001-csv/3975#51735280>		"nobàː"@abm	
"мацIи"@udi	<https://panlex.org/snapshot/panlex-20191001-csv/3975#51734682>				<https://panlex.org/snapshot/panlex-20191001-csv/3975#51734581>		"m=bara"@abm	
"есун"@udi	<https://panlex.org/snapshot/panlex-20191001-csv/3975#51722765>				<https://panlex.org/snapshot/panlex-20191001-csv/3975#51722603>		"bâ"@abm	
"уъгъсун"@udi	<https://panlex.org/snapshot/panlex-20191001-csv/3975#51723245>				<https://panlex.org/snapshot/panlex-20191001-csv/3975#51723105>		"wɔ̂"@abm	
"иъшIа"@udi	<https://panlex.org/snapshot/panlex-20191001-csv/3975#51735530>				<https://panlex.org/snapshot/panlex-20191001-csv/3975#51735407>		"kpékpédé"@abm	
"гьикIаь"@udi	<https://panlex.org/snapshot/panlex-20191001-csv/3975#51734558>				<https://panlex.org/snapshot/panlex-20191001-csv/3975#51734425>		"bɛ̀=ʓóm"@abm	
"уксун"@udi	<https://panlex.org/snapshot/panlex-20191001-csv/3975#51723847>				<https://panlex.org/snapshot/panlex-20191001-csv/3975#51723700>		"lî"@abm	
"шагьатI"@udi	<https://panlex.org/snapshot/panlex-20191001-csv/3975#51725404>				<https://panlex.org/snapshot/panlex-20191001-csv/3975#51725285>		"e=teŋ"@abm	
"арцесун"@udi	<https://panlex.org/snapshot/panlex-20191001-csv/3975#51731193>				<https://panlex.org/snapshot/panlex-20191001-csv/3975#51731047>		"ʓɔ̀l"@abm	
"ишу"@udi	<https://panlex.org/snapshot/panlex-20191001-csv/3975#51727875>				<https://panlex.org/snapshot/panlex-20191001-csv/3975#51727746>		"nɛ=nom"@abm	
"бокIбесун"@udi	<https://panlex.org/snapshot/panlex-20191001-csv/3975#51722190>				<https://panlex.org/snapshot/panlex-20191001-csv/3975#51722071>		"fì"@abm	
"усен"@udi	<https://panlex.org/snapshot/panlex-20191001-csv/3975#51736470>				<https://panlex.org/snapshot/panlex-20191001-csv/3975#51736347>		"lɨ̀=yâ"@abm	
"арух"@udi	<https://panlex.org/snapshot/panlex-20191001-csv/3975#51724566>				<https://panlex.org/snapshot/panlex-20191001-csv/3975#51724428>		"ŋ̀=gôn"@abm	
"йан"@udi	<https://panlex.org/snapshot/panlex-20191001-csv/3975#51734399>				<https://panlex.org/snapshot/panlex-20191001-csv/3975#51734194>		"wùr"@abm	
"кул"@udi	<https://panlex.org/snapshot/panlex-20191001-csv/3975#51725821>				<https://panlex.org/snapshot/panlex-20191001-csv/3975#51725697>		"ɔ̀=bɔ̂"@abm	
"шуь"@udi	<https://panlex.org/snapshot/panlex-20191001-csv/3975#51729149>				<https://panlex.org/snapshot/panlex-20191001-csv/3975#51729017>		"à=làgɨ̀=tú"@abm	
"ини"@udi	<https://panlex.org/snapshot/panlex-20191001-csv/3975#51728998>				<https://panlex.org/snapshot/panlex-20191001-csv/3975#51728887>		"n=fɛ"@abm	
"абабаксун"@udi	<https://panlex.org/snapshot/panlex-20191001-csv/3975#51727031>				<https://panlex.org/snapshot/panlex-20191001-csv/3975#51726915>		"mɛ̀ŋɛ̂"@abm	
"амдар"@udi	<https://panlex.org/snapshot/panlex-20191001-csv/3975#51729791>				<https://panlex.org/snapshot/panlex-20191001-csv/3975#51729662>		"ǹ=nɛ̀"@abm	
"мух"@udi	<https://panlex.org/snapshot/panlex-20191001-csv/3975#51722331>				<https://panlex.org/snapshot/panlex-20191001-csv/3975#51722216>		"ɛ̀=ŋɱuàrà"@abm	
"хаъ"@udi	<https://panlex.org/snapshot/panlex-20191001-csv/3975#51723081>				<https://panlex.org/snapshot/panlex-20191001-csv/3975#51722951>		"ŋ̀=gɔ̂"@abm	
"быъгъыъ"@udi	<https://panlex.org/snapshot/panlex-20191001-csv/3975#51735386>				<https://panlex.org/snapshot/panlex-20191001-csv/3975#51735280>		"nobàː"@abm	
"ишкъар"@udi	<https://panlex.org/snapshot/panlex-20191001-csv/3975#51727874>				<https://panlex.org/snapshot/panlex-20191001-csv/3975#51727746>		"nɛ=nom"@abm	
"аъхъ"@udi	<https://panlex.org/snapshot/panlex-20191001-csv/3975#51722050>				<https://panlex.org/snapshot/panlex-20191001-csv/3975#51721935>		"ŋ̀=gǎŋ"@abm	
"ход"@udi	<https://panlex.org/snapshot/panlex-20191001-csv/3975#51733548>				<https://panlex.org/snapshot/panlex-20191001-csv/3975#51733420>		"ɔ̀=té"@abm	
"укI"@udi	<https://panlex.org/snapshot/panlex-20191001-csv/3975#51726280>				<https://panlex.org/snapshot/panlex-20191001-csv/3975#51726157>		"lɨ̀=tém"@abm	
"озан"@udi	<https://panlex.org/snapshot/panlex-20191001-csv/3975#51728863>				<https://panlex.org/snapshot/panlex-20191001-csv/3975#51728752>		"ɛ̀=mɛ̀l"@abm	
"тастIун"@udi	<https://panlex.org/snapshot/panlex-20191001-csv/3975#51725259>				<https://panlex.org/snapshot/panlex-20191001-csv/3975#51725119>		"kàrɛ́"@abm	
"har-"@udi	<https://panlex.org/snapshot/panlex-20191001-csv/3975#51722764>				<https://panlex.org/snapshot/panlex-20191001-csv/3975#51722603>		"bâ"@abm	
"ви"@udi	<https://panlex.org/snapshot/panlex-20191001-csv/3975#51733093>				<https://panlex.org/snapshot/panlex-20191001-csv/3975#51732973>		"wɔ̀"@abm	
"къари"@udi	<https://panlex.org/snapshot/panlex-20191001-csv/3975#51723384>				<https://panlex.org/snapshot/panlex-20191001-csv/3975#51723270>		"yôm"@abm	
"bütün"@udi	<https://panlex.org/snapshot/panlex-20191001-csv/3975#51720666>				<https://panlex.org/snapshot/panlex-20191001-csv/3975#51720549>		"kpá-kpá"@abm	
"кIакIаникI"@udi	<https://panlex.org/snapshot/panlex-20191001-csv/3975#51730441>				<https://panlex.org/snapshot/panlex-20191001-csv/3975#51730352>		"n=kɛ̀dɛ̀"@abm	
"бези"@udi	<https://panlex.org/snapshot/panlex-20191001-csv/3975#51726599>				<https://panlex.org/snapshot/panlex-20191001-csv/3975#51726430>		"mɛ̀"@abm	
"кIанкIорой"@udi	<https://panlex.org/snapshot/panlex-20191001-csv/3975#51730440>				<https://panlex.org/snapshot/panlex-20191001-csv/3975#51730352>		"n=kɛ̀dɛ̀"@abm	
"мух"@udi	<https://panlex.org/snapshot/panlex-20191001-csv/3975#51722330>				<https://panlex.org/snapshot/panlex-20191001-csv/3975#51722216>		"ɛ̀=ŋɱuàrà"@abm	
"чупух"@udi	<https://panlex.org/snapshot/panlex-20191001-csv/3975#51735002>				<https://panlex.org/snapshot/panlex-20191001-csv/3975#51734855>		"nɛ̀ŋ=kál"@abm	
"геле"@udi	<https://panlex.org/snapshot/panlex-20191001-csv/3975#51728013>				<https://panlex.org/snapshot/panlex-20191001-csv/3975#51727894>		"ègbēm-egbem"@abm	
"ч́оч́а"@udi	<https://panlex.org/snapshot/panlex-20191001-csv/3975#51730073>				<https://panlex.org/snapshot/panlex-20191001-csv/3975#51729955>		"ḿ=bélá"@abm	
"цил"@udi	<https://panlex.org/snapshot/panlex-20191001-csv/3975#51731032>				<https://panlex.org/snapshot/panlex-20191001-csv/3975#51730931>		"m̀=mùg"@abm	
"йекъ"@udi	<https://panlex.org/snapshot/panlex-20191001-csv/3975#51728170>				<https://panlex.org/snapshot/panlex-20191001-csv/3975#51728039>		"ɲ̀=ɲàm"@abm	
"боъхмоъгъ"@udi	<https://panlex.org/snapshot/panlex-20191001-csv/3975#51729310>				<https://panlex.org/snapshot/panlex-20191001-csv/3975#51729175>		"ŋm̀=ŋmuôl"@abm	
"шел"@udi	<https://panlex.org/snapshot/panlex-20191001-csv/3975#51725408>				<https://panlex.org/snapshot/panlex-20191001-csv/3975#51725285>		"e=teŋ"@abm	
"чах"@udi	<https://panlex.org/snapshot/panlex-20191001-csv/3975#51722581>				<https://panlex.org/snapshot/panlex-20191001-csv/3975#51722468>		"à=lùg"@abm	
"бурух"@udi	<https://panlex.org/snapshot/panlex-20191001-csv/3975#51728434>				<https://panlex.org/snapshot/panlex-20191001-csv/3975#51728338>		"ɛ̀=wɔ́ŋ"@abm	
"икъ"@udi	<https://panlex.org/snapshot/panlex-20191001-csv/3975#51720808>				<https://panlex.org/snapshot/panlex-20191001-csv/3975#51720690>		"à=tɔ̂ŋ"@abm	
"muqːˤa"@udi	<https://panlex.org/snapshot/panlex-20191001-csv/3975#51726410>				<https://panlex.org/snapshot/panlex-20191001-csv/3975#51726302>		"ǹ=táŋ"@abm	
"цил"@udi	<https://panlex.org/snapshot/panlex-20191001-csv/3975#51731033>				<https://panlex.org/snapshot/panlex-20191001-csv/3975#51730931>		"m̀=mùg"@abm	
"p-"@udi	<https://panlex.org/snapshot/panlex-20191001-csv/3975#51730732>				<https://panlex.org/snapshot/panlex-20191001-csv/3975#51730589>		"àgbábòn"@abm	
"маъиън"@udi	<https://panlex.org/snapshot/panlex-20191001-csv/3975#51721627>				<https://panlex.org/snapshot/panlex-20191001-csv/3975#51721509>		"ɲ́=ɲâgâ"@abm	
"шIаъкъ"@udi	<https://panlex.org/snapshot/panlex-20191001-csv/3975#51722048>				<https://panlex.org/snapshot/panlex-20191001-csv/3975#51721935>		"ŋ̀=gǎŋ"@abm	
"гам"@udi	<https://panlex.org/snapshot/panlex-20191001-csv/3975#51734022>				<https://panlex.org/snapshot/panlex-20191001-csv/3975#51733917>		"m̩=fùbā"@abm	
"ыъшIа"@udi	<https://panlex.org/snapshot/panlex-20191001-csv/3975#51735531>				<https://panlex.org/snapshot/panlex-20191001-csv/3975#51735407>		"kpékpédé"@abm	
"пIаъ"@udi	<https://panlex.org/snapshot/panlex-20191001-csv/3975#51733711>				<https://panlex.org/snapshot/panlex-20191001-csv/3975#51733572>		"bɨ́=bâl"@abm	
"укI"@udi	<https://panlex.org/snapshot/panlex-20191001-csv/3975#51726278>				<https://panlex.org/snapshot/panlex-20191001-csv/3975#51726157>		"lɨ̀=tém"@abm	
"шагъатI"@udi	<https://panlex.org/snapshot/panlex-20191001-csv/3975#51725405>				<https://panlex.org/snapshot/panlex-20191001-csv/3975#51725285>		"e=teŋ"@abm	
"тад-"@udi	<https://panlex.org/snapshot/panlex-20191001-csv/3975#51725256>				<https://panlex.org/snapshot/panlex-20191001-csv/3975#51725119>		"kàrɛ́"@abm	
"баскIсун"@udi	<https://panlex.org/snapshot/panlex-20191001-csv/3975#51727323>				<https://panlex.org/snapshot/panlex-20191001-csv/3975#51727194>		"nɔ̀ŋâ"@abm	
"йакъ"@udi	<https://panlex.org/snapshot/panlex-20191001-csv/3975#51730213>				<https://panlex.org/snapshot/panlex-20191001-csv/3975#51730093>		"m̀=báː"@abm	
"беши"@udi	<https://panlex.org/snapshot/panlex-20191001-csv/3975#51734400>				<https://panlex.org/snapshot/panlex-20191001-csv/3975#51734194>		"wùr"@abm	
"хе"@udi	<https://panlex.org/snapshot/panlex-20191001-csv/3975#51734175>				<https://panlex.org/snapshot/panlex-20191001-csv/3975#51734044>		"à=lɨ́b"@abm	
"käy-"@udi	<https://panlex.org/snapshot/panlex-20191001-csv/3975#51723848>				<https://panlex.org/snapshot/panlex-20191001-csv/3975#51723700>		"lî"@abm	
"муъкъаъ"@udi	<https://panlex.org/snapshot/panlex-20191001-csv/3975#51726409>				<https://panlex.org/snapshot/panlex-20191001-csv/3975#51726302>		"ǹ=táŋ"@abm	
"йан"@udi	<https://panlex.org/snapshot/panlex-20191001-csv/3975#51734396>				<https://panlex.org/snapshot/panlex-20191001-csv/3975#51734194>		"wùr"@abm	
"гоьдаьй"@udi	<https://panlex.org/snapshot/panlex-20191001-csv/3975#51735797>				<https://panlex.org/snapshot/panlex-20191001-csv/3975#51735683>		"è=kpèdè"@abm	
"адамар"@udi	<https://panlex.org/snapshot/panlex-20191001-csv/3975#51729792>				<https://panlex.org/snapshot/panlex-20191001-csv/3975#51729662>		"ǹ=nɛ̀"@abm	
"къуш"@udi	<https://panlex.org/snapshot/panlex-20191001-csv/3975#51721353>				<https://panlex.org/snapshot/panlex-20191001-csv/3975#51721230>		"ɲ́=ɲǎm=fǒr"@abm	
"акIсун"@udi	<https://panlex.org/snapshot/panlex-20191001-csv/3975#51730903>				<https://panlex.org/snapshot/panlex-20191001-csv/3975#51730759>		"yɛ̂n"@abm	
"тур"@udi	<https://panlex.org/snapshot/panlex-20191001-csv/3975#51724986>				<https://panlex.org/snapshot/panlex-20191001-csv/3975#51724858>		"ɔ̀=tâ"@abm	
"жIомох"@udi	<https://panlex.org/snapshot/panlex-20191001-csv/3975#51728587>				<https://panlex.org/snapshot/panlex-20191001-csv/3975#51728455>		"ì=ɲɔ̀ː"@abm	
"шаатI"@udi	<https://panlex.org/snapshot/panlex-20191001-csv/3975#51725407>				<https://panlex.org/snapshot/panlex-20191001-csv/3975#51725285>		"e=teŋ"@abm	
"къари"@udi	<https://panlex.org/snapshot/panlex-20191001-csv/3975#51723383>				<https://panlex.org/snapshot/panlex-20191001-csv/3975#51723270>		"yôm"@abm	
"чух"@udi	<https://panlex.org/snapshot/panlex-20191001-csv/3975#51734999>				<https://panlex.org/snapshot/panlex-20191001-csv/3975#51734855>		"nɛ̀ŋ=kál"@abm	
"уъгъсун"@udi	<https://panlex.org/snapshot/panlex-20191001-csv/3975#51723246>				<https://panlex.org/snapshot/panlex-20191001-csv/3975#51723105>		"wɔ̂"@abm	
"pːu-r-"@udi	<https://panlex.org/snapshot/panlex-20191001-csv/3975#51722926>				<https://panlex.org/snapshot/panlex-20191001-csv/3975#51722791>		"kpɔ̂"@abm	
"биъгъиъ"@udi	<https://panlex.org/snapshot/panlex-20191001-csv/3975#51735384>				<https://panlex.org/snapshot/panlex-20191001-csv/3975#51735280>		"nobàː"@abm	
"тум"@udi	<https://panlex.org/snapshot/panlex-20191001-csv/3975#51730336>				<https://panlex.org/snapshot/panlex-20191001-csv/3975#51730238>		"ǹ=dǔg"@abm	
"bokː-en-b-esun"@udi	<https://panlex.org/snapshot/panlex-20191001-csv/3975#51722191>				<https://panlex.org/snapshot/panlex-20191001-csv/3975#51722071>		"fì"@abm	
"уъкъеън"@udi	<https://panlex.org/snapshot/panlex-20191001-csv/3975#51721915>				<https://panlex.org/snapshot/panlex-20191001-csv/3975#51721799>		"ɛ̀=kúb"@abm	
"тапан"@udi	<https://panlex.org/snapshot/panlex-20191001-csv/3975#51721065>				<https://panlex.org/snapshot/panlex-20191001-csv/3975#51720951>		"ɔ̀=là"@abm	
"букун"@udi	<https://panlex.org/snapshot/panlex-20191001-csv/3975#51721066>				<https://panlex.org/snapshot/panlex-20191001-csv/3975#51720951>		"ɔ̀=là"@abm	
"непIахесун"@udi	<https://panlex.org/snapshot/panlex-20191001-csv/3975#51731499>				<https://panlex.org/snapshot/panlex-20191001-csv/3975#51731367>		"lâl"@abm	
"хъабун"@udi	<https://panlex.org/snapshot/panlex-20191001-csv/3975#51732080>				<https://panlex.org/snapshot/panlex-20191001-csv/3975#51731946>		"n=darando"@abm	
"уъкъеън"@udi	<https://panlex.org/snapshot/panlex-20191001-csv/3975#51721916>				<https://panlex.org/snapshot/panlex-20191001-csv/3975#51721799>		"ɛ̀=kúb"@abm	
"пурпесун"@udi	<https://panlex.org/snapshot/panlex-20191001-csv/3975#51724832>				<https://panlex.org/snapshot/panlex-20191001-csv/3975#51724731>		"fùbî"@abm	
"маджа"@udi	<https://panlex.org/snapshot/panlex-20191001-csv/3975#51724405>				<https://panlex.org/snapshot/panlex-20191001-csv/3975#51724305>		"lɨ́=fǒr"@abm	
"шаватI"@udi	<https://panlex.org/snapshot/panlex-20191001-csv/3975#51725406>				<https://panlex.org/snapshot/panlex-20191001-csv/3975#51725285>		"e=teŋ"@abm	
"пIи"@udi	<https://panlex.org/snapshot/panlex-20191001-csv/3975#51721775>				<https://panlex.org/snapshot/panlex-20191001-csv/3975#51721649>		"à=lóŋ"@abm	
"bütün"@udi	<https://panlex.org/snapshot/panlex-20191001-csv/3975#51720664>				<https://panlex.org/snapshot/panlex-20191001-csv/3975#51720549>		"kpá-kpá"@abm	
"са"@udi	<https://panlex.org/snapshot/panlex-20191001-csv/3975#51729642>				<https://panlex.org/snapshot/panlex-20191001-csv/3975#51729502>		"ʓɨ́-ráŋ"@abm	
"зу"@udi	<https://panlex.org/snapshot/panlex-20191001-csv/3975#51726595>				<https://panlex.org/snapshot/panlex-20191001-csv/3975#51726430>		"mɛ̀"@abm	
"мехъ"@udi	<https://panlex.org/snapshot/panlex-20191001-csv/3975#51736328>				<https://panlex.org/snapshot/panlex-20191001-csv/3975#51736246>		"ń=dɔ̂ŋɛ̂"@abm	
"чаьли"@udi	<https://panlex.org/snapshot/panlex-20191001-csv/3975#51724710>				<https://panlex.org/snapshot/panlex-20191001-csv/3975#51724589>		"ɔ̀=rí"@abm	
"ҝеле"@udi	<https://panlex.org/snapshot/panlex-20191001-csv/3975#51728012>				<https://panlex.org/snapshot/panlex-20191001-csv/3975#51727894>		"ègbēm-egbem"@abm	
"maˤin=pušˤpuš"@udi	<https://panlex.org/snapshot/panlex-20191001-csv/3975#51727467>				<https://panlex.org/snapshot/panlex-20191001-csv/3975#51727350>		"ɛ̀=gbêd"@abm	
"ех-"@udi	<https://panlex.org/snapshot/panlex-20191001-csv/3975#51730733>				<https://panlex.org/snapshot/panlex-20191001-csv/3975#51730589>		"àgbábòn"@abm	
"улух"@udi	<https://panlex.org/snapshot/panlex-20191001-csv/3975#51733398>				<https://panlex.org/snapshot/panlex-20191001-csv/3975#51733269>		"lɨ̀=mɨ̂n"@abm	
"авабаксун"@udi	<https://panlex.org/snapshot/panlex-20191001-csv/3975#51727030>				<https://panlex.org/snapshot/panlex-20191001-csv/3975#51726915>		"mɛ̀ŋɛ̂"@abm	
"гоьдаьк"@udi	<https://panlex.org/snapshot/panlex-20191001-csv/3975#51735798>				<https://panlex.org/snapshot/panlex-20191001-csv/3975#51735683>		"è=kpèdè"@abm	
"тастIун"@udi	<https://panlex.org/snapshot/panlex-20191001-csv/3975#51725257>				<https://panlex.org/snapshot/panlex-20191001-csv/3975#51725119>		"kàrɛ́"@abm	
"цIи"@udi	<https://panlex.org/snapshot/panlex-20191001-csv/3975#51728729>				<https://panlex.org/snapshot/panlex-20191001-csv/3975#51728610>		"m̀=bèŋ"@abm	
"жекъ"@udi	<https://panlex.org/snapshot/panlex-20191001-csv/3975#51720807>				<https://panlex.org/snapshot/panlex-20191001-csv/3975#51720690>		"à=tɔ̂ŋ"@abm	
"баскIсун"@udi	<https://panlex.org/snapshot/panlex-20191001-csv/3975#51727324>				<https://panlex.org/snapshot/panlex-20191001-csv/3975#51727194>		"nɔ̀ŋâ"@abm	
"пIаъ"@udi	<https://panlex.org/snapshot/panlex-20191001-csv/3975#51733710>				<https://panlex.org/snapshot/panlex-20191001-csv/3975#51733572>		"bɨ́=bâl"@abm	
"хъокъла"@udi	<https://panlex.org/snapshot/panlex-20191001-csv/3975#51723982>				<https://panlex.org/snapshot/panlex-20191001-csv/3975#51723874>		"ɛ́=ʓǐ"@abm	
"хъокIла"@udi	<https://panlex.org/snapshot/panlex-20191001-csv/3975#51723981>				<https://panlex.org/snapshot/panlex-20191001-csv/3975#51723874>		"ɛ́=ʓǐ"@abm	
"арух"@udi	<https://panlex.org/snapshot/panlex-20191001-csv/3975#51724565>				<https://panlex.org/snapshot/panlex-20191001-csv/3975#51724428>		"ŋ̀=gôn"@abm	
"шаъкъ"@udi	<https://panlex.org/snapshot/panlex-20191001-csv/3975#51722049>				<https://panlex.org/snapshot/panlex-20191001-csv/3975#51721935>		"ŋ̀=gǎŋ"@abm	
"муш"@udi	<https://panlex.org/snapshot/panlex-20191001-csv/3975#51736224>				<https://panlex.org/snapshot/panlex-20191001-csv/3975#51736095>		"ɱ̀=fɛ̂b"@abm	
"йекъ"@udi	<https://panlex.org/snapshot/panlex-20191001-csv/3975#51720809>				<https://panlex.org/snapshot/panlex-20191001-csv/3975#51720690>		"à=tɔ̂ŋ"@abm	
"ход"@udi	<https://panlex.org/snapshot/panlex-20191001-csv/3975#51733547>				<https://panlex.org/snapshot/panlex-20191001-csv/3975#51733420>		"ɔ̀=té"@abm	
"беъгъ"@udi	<https://panlex.org/snapshot/panlex-20191001-csv/3975#51732375>				<https://panlex.org/snapshot/panlex-20191001-csv/3975#51732237>		"n̩=ʓól"@abm	
"хъоъл"@udi	<https://panlex.org/snapshot/panlex-20191001-csv/3975#51720935>				<https://panlex.org/snapshot/panlex-20191001-csv/3975#51720827>		"ɛ̀=kpágá"@abm	
"уъмуъх"@udi	<https://panlex.org/snapshot/panlex-20191001-csv/3975#51723531>				<https://panlex.org/snapshot/panlex-20191001-csv/3975#51723408>		"ɔ̀=tôŋ"@abm	
"čːäin"@udi	<https://panlex.org/snapshot/panlex-20191001-csv/3975#51724284>				<https://panlex.org/snapshot/panlex-20191001-csv/3975#51724164>		"à=fɔ̂m"@abm	
"кIул"@udi	<https://panlex.org/snapshot/panlex-20191001-csv/3975#51723678>				<https://panlex.org/snapshot/panlex-20191001-csv/3975#51723554>		"ǹ=dě"@abm	
"жIеъ"@udi	<https://panlex.org/snapshot/panlex-20191001-csv/3975#51732215>				<https://panlex.org/snapshot/panlex-20191001-csv/3975#51732103>		"lǝ=tal"@abm	
"муш"@udi	<https://panlex.org/snapshot/panlex-20191001-csv/3975#51736225>				<https://panlex.org/snapshot/panlex-20191001-csv/3975#51736095>		"ɱ̀=fɛ̂b"@abm	
"кул"@udi	<https://panlex.org/snapshot/panlex-20191001-csv/3975#51725820>				<https://panlex.org/snapshot/panlex-20191001-csv/3975#51725697>		"ɔ̀=bɔ̂"@abm	
"bas-kː-sun"@udi	<https://panlex.org/snapshot/panlex-20191001-csv/3975#51731498>				<https://panlex.org/snapshot/panlex-20191001-csv/3975#51731367>		"lâl"@abm	
"неъшIум"@udi	<https://panlex.org/snapshot/panlex-20191001-csv/3975#51735130>				<https://panlex.org/snapshot/panlex-20191001-csv/3975#51735024>		"lɨ́=gɔ̂g"@abm	
"тIол"@udi	<https://panlex.org/snapshot/panlex-20191001-csv/3975#51731344>				<https://panlex.org/snapshot/panlex-20191001-csv/3975#51731218>		"ŋ̀=gò"@abm	
"пул"@udi	<https://panlex.org/snapshot/panlex-20191001-csv/3975#51724142>				<https://panlex.org/snapshot/panlex-20191001-csv/3975#51724005>		"lɨ̀=mɨ̂r"@abm	
"ч́оч́а"@udi	<https://panlex.org/snapshot/panlex-20191001-csv/3975#51730072>				<https://panlex.org/snapshot/panlex-20191001-csv/3975#51729955>		"ḿ=bélá"@abm	
"бесбесун"@udi	<https://panlex.org/snapshot/panlex-20191001-csv/3975#51726746>				<https://panlex.org/snapshot/panlex-20191001-csv/3975#51726628>		"yôl"@abm	
"маъйиън"@udi	<https://panlex.org/snapshot/panlex-20191001-csv/3975#51721626>				<https://panlex.org/snapshot/panlex-20191001-csv/3975#51721509>		"ɲ́=ɲâgâ"@abm	
"кашIпсун"@udi	<https://panlex.org/snapshot/panlex-20191001-csv/3975#51721488>				<https://panlex.org/snapshot/panlex-20191001-csv/3975#51721372>		"lôm"@abm	
"акIсун"@udi	<https://panlex.org/snapshot/panlex-20191001-csv/3975#51730904>				<https://panlex.org/snapshot/panlex-20191001-csv/3975#51730759>		"yɛ̂n"@abm	
"са"@udi	<https://panlex.org/snapshot/panlex-20191001-csv/3975#51729641>				<https://panlex.org/snapshot/panlex-20191001-csv/3975#51729502>		"ʓɨ́-ráŋ"@abm	
"мехъ"@udi	<https://panlex.org/snapshot/panlex-20191001-csv/3975#51736329>				<https://panlex.org/snapshot/panlex-20191001-csv/3975#51736246>		"ń=dɔ̂ŋɛ̂"@abm	
"жIеъ"@udi	<https://panlex.org/snapshot/panlex-20191001-csv/3975#51732214>				<https://panlex.org/snapshot/panlex-20191001-csv/3975#51732103>		"lǝ=tal"@abm	
"p-"@udi	<https://panlex.org/snapshot/panlex-20191001-csv/3975#51730734>				<https://panlex.org/snapshot/panlex-20191001-csv/3975#51730589>		"àgbábòn"@abm	
"уксун"@udi	<https://panlex.org/snapshot/panlex-20191001-csv/3975#51723849>				<https://panlex.org/snapshot/panlex-20191001-csv/3975#51723700>		"lî"@abm	
"чаьли"@udi	<https://panlex.org/snapshot/panlex-20191001-csv/3975#51724709>				<https://panlex.org/snapshot/panlex-20191001-csv/3975#51724589>		"ɔ̀=rí"@abm	
"хъокъла"@udi	<https://panlex.org/snapshot/panlex-20191001-csv/3975#51723984>				<https://panlex.org/snapshot/panlex-20191001-csv/3975#51723874>		"ɛ́=ʓǐ"@abm	
"čur-p-esun"@udi	<https://panlex.org/snapshot/panlex-20191001-csv/3975#51731926>				<https://panlex.org/snapshot/panlex-20191001-csv/3975#51731814>		"yémâ"@abm	
"кIаъкIаъпI"@udi	<https://panlex.org/snapshot/panlex-20191001-csv/3975#51726889>				<https://panlex.org/snapshot/panlex-20191001-csv/3975#51726772>		"ɛ̀=rûŋ"@abm	
"тад-"@udi	<https://panlex.org/snapshot/panlex-20191001-csv/3975#51725258>				<https://panlex.org/snapshot/panlex-20191001-csv/3975#51725119>		"kàrɛ́"@abm	
"ar-"@udi	<https://panlex.org/snapshot/panlex-20191001-csv/3975#51722767>				<https://panlex.org/snapshot/panlex-20191001-csv/3975#51722603>		"bâ"@abm	
"bokː-es-b-esun"@udi	<https://panlex.org/snapshot/panlex-20191001-csv/3975#51722192>				<https://panlex.org/snapshot/panlex-20191001-csv/3975#51722071>		"fì"@abm	
"неъшIум"@udi	<https://panlex.org/snapshot/panlex-20191001-csv/3975#51735129>				<https://panlex.org/snapshot/panlex-20191001-csv/3975#51735024>		"lɨ́=gɔ̂g"@abm	
"беш"@udi	<https://panlex.org/snapshot/panlex-20191001-csv/3975#51734398>				<https://panlex.org/snapshot/panlex-20191001-csv/3975#51734194>		"wùr"@abm	
"ви"@udi	<https://panlex.org/snapshot/panlex-20191001-csv/3975#51733095>				<https://panlex.org/snapshot/panlex-20191001-csv/3975#51732973>		"wɔ̀"@abm	
"поп"@udi	<https://panlex.org/snapshot/panlex-20191001-csv/3975#51725671>				<https://panlex.org/snapshot/panlex-20191001-csv/3975#51725549>		"lɨ̀=ɲû"@abm	
"шу"@udi	<https://panlex.org/snapshot/panlex-20191001-csv/3975#51734832>				<https://panlex.org/snapshot/panlex-20191001-csv/3975#51734703>		"bà-nɛ́"@abm	
"чах"@udi	<https://panlex.org/snapshot/panlex-20191001-csv/3975#51722580>				<https://panlex.org/snapshot/panlex-20191001-csv/3975#51722468>		"à=lùg"@abm	
"ta=c-"@udi	<https://panlex.org/snapshot/panlex-20191001-csv/3975#51733882>				<https://panlex.org/snapshot/panlex-20191001-csv/3975#51733732>		"šɔn"@abm	
"бесбесун"@udi	<https://panlex.org/snapshot/panlex-20191001-csv/3975#51726747>				<https://panlex.org/snapshot/panlex-20191001-csv/3975#51726628>		"yôl"@abm	
"ейсун"@udi	<https://panlex.org/snapshot/panlex-20191001-csv/3975#51722766>				<https://panlex.org/snapshot/panlex-20191001-csv/3975#51722603>		"bâ"@abm	
"бул"@udi	<https://panlex.org/snapshot/panlex-20191001-csv/3975#51725978>				<https://panlex.org/snapshot/panlex-20191001-csv/3975#51725845>		"ɛ̀=sî"@abm	
"чурпсун"@udi	<https://panlex.org/snapshot/panlex-20191001-csv/3975#51731925>				<https://panlex.org/snapshot/panlex-20191001-csv/3975#51731814>		"yémâ"@abm	
"нецI"@udi	<https://panlex.org/snapshot/panlex-20191001-csv/3975#51727726>				<https://panlex.org/snapshot/panlex-20191001-csv/3975#51727618>		"m̀=bôl"@abm	
"ун"@udi	<https://panlex.org/snapshot/panlex-20191001-csv/3975#51733094>				<https://panlex.org/snapshot/panlex-20191001-csv/3975#51732973>		"wɔ̀"@abm	
"пIи"@udi	<https://panlex.org/snapshot/panlex-20191001-csv/3975#51721774>				<https://panlex.org/snapshot/panlex-20191001-csv/3975#51721649>		"à=lóŋ"@abm	
"гоьлоь"@udi	<https://panlex.org/snapshot/panlex-20191001-csv/3975#51728015>				<https://panlex.org/snapshot/panlex-20191001-csv/3975#51727894>		"ègbēm-egbem"@abm	
"беъгъ"@udi	<https://panlex.org/snapshot/panlex-20191001-csv/3975#51732376>				<https://panlex.org/snapshot/panlex-20191001-csv/3975#51732237>		"n̩=ʓól"@abm	
"без"@udi	<https://panlex.org/snapshot/panlex-20191001-csv/3975#51726597>				<https://panlex.org/snapshot/panlex-20191001-csv/3975#51726430>		"mɛ̀"@abm	
"наьзикI"@udi	<https://panlex.org/snapshot/panlex-20191001-csv/3975#51736073>				<https://panlex.org/snapshot/panlex-20191001-csv/3975#51735958>		"ɛ=sɛp-ɛsɛp"@abm	
"биесун"@udi	<https://panlex.org/snapshot/panlex-20191001-csv/3975#51722927>				<https://panlex.org/snapshot/panlex-20191001-csv/3975#51722791>		"kpɔ̂"@abm	
"ожIиъл"@udi	<https://panlex.org/snapshot/panlex-20191001-csv/3975#51732641>				<https://panlex.org/snapshot/panlex-20191001-csv/3975#51732520>		"lɨ̀=kêl"@abm	
"ейсун"@udi	<https://panlex.org/snapshot/panlex-20191001-csv/3975#51722762>				<https://panlex.org/snapshot/panlex-20191001-csv/3975#51722603>		"bâ"@abm	
"поп"@udi	<https://panlex.org/snapshot/panlex-20191001-csv/3975#51725672>				<https://panlex.org/snapshot/panlex-20191001-csv/3975#51725549>		"lɨ̀=ɲû"@abm	
"ожIул"@udi	<https://panlex.org/snapshot/panlex-20191001-csv/3975#51732642>				<https://panlex.org/snapshot/panlex-20191001-csv/3975#51732520>		"lɨ̀=kêl"@abm	
"тIол"@udi	<https://panlex.org/snapshot/panlex-20191001-csv/3975#51731345>				<https://panlex.org/snapshot/panlex-20191001-csv/3975#51731218>		"ŋ̀=gò"@abm	
"бул"@udi	<https://panlex.org/snapshot/panlex-20191001-csv/3975#51725977>				<https://panlex.org/snapshot/panlex-20191001-csv/3975#51725845>		"ɛ̀=sî"@abm	
"йакъ"@udi	<https://panlex.org/snapshot/panlex-20191001-csv/3975#51730214>				<https://panlex.org/snapshot/panlex-20191001-csv/3975#51730093>		"m̀=báː"@abm	
"таьзаь"@udi	<https://panlex.org/snapshot/panlex-20191001-csv/3975#51728997>				<https://panlex.org/snapshot/panlex-20191001-csv/3975#51728887>		"n=fɛ"@abm	
"im-uχ"@udi	<https://panlex.org/snapshot/panlex-20191001-csv/3975#51723532>				<https://panlex.org/snapshot/panlex-20191001-csv/3975#51723408>		"ɔ̀=tôŋ"@abm	
"ибаксун"@udi	<https://panlex.org/snapshot/panlex-20191001-csv/3975#51726135>				<https://panlex.org/snapshot/panlex-20191001-csv/3975#51726002>		"yôg"@abm	
"цIи"@udi	<https://panlex.org/snapshot/panlex-20191001-csv/3975#51728728>				<https://panlex.org/snapshot/panlex-20191001-csv/3975#51728610>		"m̀=bèŋ"@abm	
"kuk"@udi	<https://panlex.org/snapshot/panlex-20191001-csv/3975#51724406>				<https://panlex.org/snapshot/panlex-20191001-csv/3975#51724305>		"lɨ́=fǒr"@abm	
"чубух"@udi	<https://panlex.org/snapshot/panlex-20191001-csv/3975#51735003>				<https://panlex.org/snapshot/panlex-20191001-csv/3975#51734855>		"nɛ̀ŋ=kál"@abm	
"кӀуьйин"@udi	<https://panlex.org/snapshot/panlex-20191001-csv/3975#51731791>				<https://panlex.org/snapshot/panlex-20191001-csv/3975#51731668>		"à=tûg"@abm	
"очъал"@udi	<https://panlex.org/snapshot/panlex-20191001-csv/3975#51723677>				<https://panlex.org/snapshot/panlex-20191001-csv/3975#51723554>		"ǹ=dě"@abm	
"хъоъл"@udi	<https://panlex.org/snapshot/panlex-20191001-csv/3975#51720934>				<https://panlex.org/snapshot/panlex-20191001-csv/3975#51720827>		"ɛ̀=kpágá"@abm	
"беши"@udi	<https://panlex.org/snapshot/panlex-20191001-csv/3975#51734397>				<https://panlex.org/snapshot/panlex-20191001-csv/3975#51734194>		"wùr"@abm	
"пул"@udi	<https://panlex.org/snapshot/panlex-20191001-csv/3975#51724141>				<https://panlex.org/snapshot/panlex-20191001-csv/3975#51724005>		"lɨ̀=mɨ̂r"@abm	
"bošin=čːäyin"@udi	<https://panlex.org/snapshot/panlex-20191001-csv/3975#51724283>				<https://panlex.org/snapshot/panlex-20191001-csv/3975#51724164>		"à=fɔ̂m"@abm	
"къохъла"@udi	<https://panlex.org/snapshot/panlex-20191001-csv/3975#51723983>				<https://panlex.org/snapshot/panlex-20191001-csv/3975#51723874>		"ɛ́=ʓǐ"@abm	
"хе"@udi	<https://panlex.org/snapshot/panlex-20191001-csv/3975#51734174>				<https://panlex.org/snapshot/panlex-20191001-csv/3975#51734044>		"à=lɨ́b"@abm	
"жIомо"@udi	<https://panlex.org/snapshot/panlex-20191001-csv/3975#51728586>				<https://panlex.org/snapshot/panlex-20191001-csv/3975#51728455>		"ì=ɲɔ̀ː"@abm	
"ша"@udi	<https://panlex.org/snapshot/panlex-20191001-csv/3975#51730569>				<https://panlex.org/snapshot/panlex-20191001-csv/3975#51730459>		"ɛ̀rá=gándè"@abm	
"эйсун"@udi	<https://panlex.org/snapshot/panlex-20191001-csv/3975#51722763>				<https://panlex.org/snapshot/panlex-20191001-csv/3975#51722603>		"bâ"@abm	
"posposkːal"@udi	<https://panlex.org/snapshot/panlex-20191001-csv/3975#51724407>				<https://panlex.org/snapshot/panlex-20191001-csv/3975#51724305>		"lɨ́=fǒr"@abm	
"екъ"@udi	<https://panlex.org/snapshot/panlex-20191001-csv/3975#51728171>				<https://panlex.org/snapshot/panlex-20191001-csv/3975#51728039>		"ɲ̀=ɲàm"@abm	
"дизикI"@udi	<https://panlex.org/snapshot/panlex-20191001-csv/3975#51735940>				<https://panlex.org/snapshot/panlex-20191001-csv/3975#51735819>		"ɲ̀=ɲɔ̂"@abm	
"маъйин папаш"@udi	<https://panlex.org/snapshot/panlex-20191001-csv/3975#51727466>				<https://panlex.org/snapshot/panlex-20191001-csv/3975#51727350>		"ɛ̀=gbêd"@abm	
"üzmiš-b-esun"@udi	<https://panlex.org/snapshot/panlex-20191001-csv/3975#51732500>				<https://panlex.org/snapshot/panlex-20191001-csv/3975#51732399>		"ɲɔ̂g"@abm	
"ибаксун"@udi	<https://panlex.org/snapshot/panlex-20191001-csv/3975#51726136>				<https://panlex.org/snapshot/panlex-20191001-csv/3975#51726002>		"yôg"@abm	
"чугьух"@udi	<https://panlex.org/snapshot/panlex-20191001-csv/3975#51735000>				<https://panlex.org/snapshot/panlex-20191001-csv/3975#51734855>		"nɛ̀ŋ=kál"@abm	
"мацIи"@udi	<https://panlex.org/snapshot/panlex-20191001-csv/3975#51734683>				<https://panlex.org/snapshot/panlex-20191001-csv/3975#51734581>		"m=bara"@abm	
"улух"@udi	<https://panlex.org/snapshot/panlex-20191001-csv/3975#51733397>				<https://panlex.org/snapshot/panlex-20191001-csv/3975#51733269>		"lɨ̀=mɨ̂n"@abm	
"кIеъкIеъпI"@udi	<https://panlex.org/snapshot/panlex-20191001-csv/3975#51726890>				<https://panlex.org/snapshot/panlex-20191001-csv/3975#51726772>		"ɛ̀=rûŋ"@abm	
"арцесун"@udi	<https://panlex.org/snapshot/panlex-20191001-csv/3975#51731192>				<https://panlex.org/snapshot/panlex-20191001-csv/3975#51731047>		"ʓɔ̀l"@abm	
"хаъ"@udi	<https://panlex.org/snapshot/panlex-20191001-csv/3975#51723080>				<https://panlex.org/snapshot/panlex-20191001-csv/3975#51722951>		"ŋ̀=gɔ̂"@abm	
"тайес"@udi	<https://panlex.org/snapshot/panlex-20191001-csv/3975#51733883>				<https://panlex.org/snapshot/panlex-20191001-csv/3975#51733732>		"šɔn"@abm	
"бохо"@udi	<https://panlex.org/snapshot/panlex-20191001-csv/3975#51727597>				<https://panlex.org/snapshot/panlex-20191001-csv/3975#51727487>		"n̩=dábà"@abm	
"хазал"@udi	<https://panlex.org/snapshot/panlex-20191001-csv/3975#51727174>				<https://panlex.org/snapshot/panlex-20191001-csv/3975#51727052>		"lɨ̀=ɲân"@abm	
"хазал"@udi	<https://panlex.org/snapshot/panlex-20191001-csv/3975#51727173>				<https://panlex.org/snapshot/panlex-20191001-csv/3975#51727052>		"lɨ̀=ɲân"@abm	
"бези"@udi	<https://panlex.org/snapshot/panlex-20191001-csv/3975#51726596>				<https://panlex.org/snapshot/panlex-20191001-csv/3975#51726430>		"mɛ̀"@abm	
"нецI"@udi	<https://panlex.org/snapshot/panlex-20191001-csv/3975#51727725>				<https://panlex.org/snapshot/panlex-20191001-csv/3975#51727618>		"m̀=bôl"@abm	
"ҝоьлоь"@udi	<https://panlex.org/snapshot/panlex-20191001-csv/3975#51728014>				<https://panlex.org/snapshot/panlex-20191001-csv/3975#51727894>		"ègbēm-egbem"@abm	
"хаш"@udi	<https://panlex.org/snapshot/panlex-20191001-csv/3975#51728318>				<https://panlex.org/snapshot/panlex-20191001-csv/3975#51728197>		"ŋ̀ɱ-ŋɱuɛ̌"@abm	
"къум"@udi	<https://panlex.org/snapshot/panlex-20191001-csv/3975#51730568>				<https://panlex.org/snapshot/panlex-20191001-csv/3975#51730459>		"ɛ̀rá=gándè"@abm	
"тайсун"@udi	<https://panlex.org/snapshot/panlex-20191001-csv/3975#51733884>				<https://panlex.org/snapshot/panlex-20191001-csv/3975#51733732>		"šɔn"@abm	
"озан"@udi	<https://panlex.org/snapshot/panlex-20191001-csv/3975#51728864>				<https://panlex.org/snapshot/panlex-20191001-csv/3975#51728752>		"ɛ̀=mɛ̀l"@abm	
"тайсун"@udi	<https://panlex.org/snapshot/panlex-20191001-csv/3975#51733881>				<https://panlex.org/snapshot/panlex-20191001-csv/3975#51733732>		"šɔn"@abm	
"агъала"@udi	<https://panlex.org/snapshot/panlex-20191001-csv/3975#51729932>				<https://panlex.org/snapshot/panlex-20191001-csv/3975#51729815>		"à=láp"@abm	
"муз"@udi	<https://panlex.org/snapshot/panlex-20191001-csv/3975#51733243>				<https://panlex.org/snapshot/panlex-20191001-csv/3975#51733118>		"lɨ́=rêbê"@abm	
"ел"@udi	<https://panlex.org/snapshot/panlex-20191001-csv/3975#51735664>				<https://panlex.org/snapshot/panlex-20191001-csv/3975#51735551>		"à=kâŋ"@abm	
"боъхмоъгъ"@udi	<https://panlex.org/snapshot/panlex-20191001-csv/3975#51729309>				<https://panlex.org/snapshot/panlex-20191001-csv/3975#51729175>		"ŋm̀=ŋmuôl"@abm	
"bitun"@udi	<https://panlex.org/snapshot/panlex-20191001-csv/3975#51720667>				<https://panlex.org/snapshot/panlex-20191001-csv/3975#51720549>		"kpá-kpá"@abm	
"чубух"@udi	<https://panlex.org/snapshot/panlex-20191001-csv/3975#51735001>				<https://panlex.org/snapshot/panlex-20191001-csv/3975#51734855>		"nɛ̀ŋ=kál"@abm	
"ta=c-"@udi	<https://panlex.org/snapshot/panlex-20191001-csv/3975#51733885>				<https://panlex.org/snapshot/panlex-20191001-csv/3975#51733732>		"šɔn"@abm	
"bütüm"@udi	<https://panlex.org/snapshot/panlex-20191001-csv/3975#51720665>				<https://panlex.org/snapshot/panlex-20191001-csv/3975#51720549>		"kpá-kpá"@abm	
"кӀуьйуьн"@udi	<https://panlex.org/snapshot/panlex-20191001-csv/3975#51731792>				<https://panlex.org/snapshot/panlex-20191001-csv/3975#51731668>		"à=tûg"@abm	
"кашIпсун"@udi	<https://panlex.org/snapshot/panlex-20191001-csv/3975#51721489>				<https://panlex.org/snapshot/panlex-20191001-csv/3975#51721372>		"lôm"@abm	
"биесун"@udi	<https://panlex.org/snapshot/panlex-20191001-csv/3975#51722925>				<https://panlex.org/snapshot/panlex-20191001-csv/3975#51722791>		"kpɔ̂"@abm	
"муз"@udi	<https://panlex.org/snapshot/panlex-20191001-csv/3975#51733244>				<https://panlex.org/snapshot/panlex-20191001-csv/3975#51733118>		"lɨ́=rêbê"@abm	
"къуш"@udi	<https://panlex.org/snapshot/panlex-20191001-csv/3975#51721354>				<https://panlex.org/snapshot/panlex-20191001-csv/3975#51721230>		"ɲ́=ɲǎm=fǒr"@abm	
"ел"@udi	<https://panlex.org/snapshot/panlex-20191001-csv/3975#51735665>				<https://panlex.org/snapshot/panlex-20191001-csv/3975#51735551>		"à=kâŋ"@abm	
"хаш"@udi	<https://panlex.org/snapshot/panlex-20191001-csv/3975#51728319>				<https://panlex.org/snapshot/panlex-20191001-csv/3975#51728197>		"ŋ̀ɱ-ŋɱuɛ̌"@abm	
"бохой"@udi	<https://panlex.org/snapshot/panlex-20191001-csv/3975#51727596>				<https://panlex.org/snapshot/panlex-20191001-csv/3975#51727487>		"n̩=dábà"@abm	
"гьун"@udi	<https://panlex.org/snapshot/panlex-20191001-csv/3975#51733092>				<https://panlex.org/snapshot/panlex-20191001-csv/3975#51732973>		"wɔ̀"@abm	
"pːu-r-"@udi	<https://panlex.org/snapshot/panlex-20191001-csv/3975#51722928>				<https://panlex.org/snapshot/panlex-20191001-csv/3975#51722791>		"kpɔ̂"@abm	
"екIа"@udi	<https://panlex.org/snapshot/panlex-20191001-csv/3975#51734559>				<https://panlex.org/snapshot/panlex-20191001-csv/3975#51734425>		"bɛ̀=ʓóm"@abm	
"нех-"@udi	<https://panlex.org/snapshot/panlex-20191001-csv/3975#51730731>				<https://panlex.org/snapshot/panlex-20191001-csv/3975#51730589>		"àgbábòn"@abm	
"наьзик"@udi	<https://panlex.org/snapshot/panlex-20191001-csv/3975#51736072>				<https://panlex.org/snapshot/panlex-20191001-csv/3975#51735958>		"ɛ=sɛp-ɛsɛp"@abm	
"къаънцI"@udi	<https://panlex.org/snapshot/panlex-20191001-csv/3975#51726411>				<https://panlex.org/snapshot/panlex-20191001-csv/3975#51726302>		"ǹ=táŋ"@abm	
"уькI"@udi	<https://panlex.org/snapshot/panlex-20191001-csv/3975#51726279>				<https://panlex.org/snapshot/panlex-20191001-csv/3975#51726157>		"lɨ̀=tém"@abm	
"käy-"@udi	<https://panlex.org/snapshot/panlex-20191001-csv/3975#51723850>				<https://panlex.org/snapshot/panlex-20191001-csv/3975#51723700>		"lî"@abm	
"муч́ули"@udi	<https://panlex.org/snapshot/panlex-20191001-csv/3975#51732079>				<https://panlex.org/snapshot/panlex-20191001-csv/3975#51731946>		"n=darando"@abm	
"ожIиъл"@udi	<https://panlex.org/snapshot/panlex-20191001-csv/3975#51732643>				<https://panlex.org/snapshot/panlex-20191001-csv/3975#51732520>		"lɨ̀=kêl"@abm	
"агъала"@udi	<https://panlex.org/snapshot/panlex-20191001-csv/3975#51729933>				<https://panlex.org/snapshot/panlex-20191001-csv/3975#51729815>		"à=láp"@abm	
"иъшIа"@udi	<https://panlex.org/snapshot/panlex-20191001-csv/3975#51735532>				<https://panlex.org/snapshot/panlex-20191001-csv/3975#51735407>		"kpékpédé"@abm	
"тум"@udi	<https://panlex.org/snapshot/panlex-20191001-csv/3975#51730335>				<https://panlex.org/snapshot/panlex-20191001-csv/3975#51730238>		"ǹ=dǔg"@abm	
"дизикI"@udi	<https://panlex.org/snapshot/panlex-20191001-csv/3975#51735941>				<https://panlex.org/snapshot/panlex-20191001-csv/3975#51735819>		"ɲ̀=ɲɔ̂"@abm	
"зу"@udi	<https://panlex.org/snapshot/panlex-20191001-csv/3975#51726598>				<https://panlex.org/snapshot/panlex-20191001-csv/3975#51726430>		"mɛ̀"@abm	
"быъ"@udi	<https://panlex.org/snapshot/panlex-20191001-csv/3975#51735388>				<https://panlex.org/snapshot/panlex-20191001-csv/3975#51735280>		"nobàː"@abm	
"наьзикI"@udi	<https://panlex.org/snapshot/panlex-20191001-csv/3975#51736074>				<https://panlex.org/snapshot/panlex-20191001-csv/3975#51735958>		"ɛ=sɛp-ɛsɛp"@abm	
"усен"@udi	<https://panlex.org/snapshot/panlex-20191001-csv/3975#51736469>				<https://panlex.org/snapshot/panlex-20191001-csv/3975#51736347>		"lɨ̀=yâ"@abm	
