"аьлаьм"@udi	<https://panlex.org/snapshot/panlex-20191001-csv/1573#50081917>				<https://panlex.org/snapshot/panlex-20191001-csv/1573#50081732>		"yawa"@cav	
"дар"@udi	<https://panlex.org/snapshot/panlex-20191001-csv/1573#50084094>				<https://panlex.org/snapshot/panlex-20191001-csv/1573#50083888>		"etiweso"@cav	
"дар"@udi	<https://panlex.org/snapshot/panlex-20191001-csv/1573#50090816>				<https://panlex.org/snapshot/panlex-20191001-csv/1573#50090502>		"tomo"@cav	
"бурух"@udi	<https://panlex.org/snapshot/panlex-20191001-csv/1573#50083790>				<https://panlex.org/snapshot/panlex-20191001-csv/1573#50083482>		"owa-kʷemoso"@cav	
"аъхъуън"@udi	<https://panlex.org/snapshot/panlex-20191001-csv/1573#50084441>				<https://panlex.org/snapshot/panlex-20191001-csv/1573#50084176>		"yači"@cav	
"лаьпаь"@udi	<https://panlex.org/snapshot/panlex-20191001-csv/1573#50087832>				<https://panlex.org/snapshot/panlex-20191001-csv/1573#50087652>		"ena-pako"@cav	
"тор"@udi	<https://panlex.org/snapshot/panlex-20191001-csv/1573#50083139>				<https://panlex.org/snapshot/panlex-20191001-csv/1573#50082912>		"oyo-da"@cav	
"пІыз"@udi	<https://panlex.org/snapshot/panlex-20191001-csv/1573#50089424>				<https://panlex.org/snapshot/panlex-20191001-csv/1573#50089230>		"nabade"@cav	
"гоьи"@udi	<https://panlex.org/snapshot/panlex-20191001-csv/1573#50091259>				<https://panlex.org/snapshot/panlex-20191001-csv/1573#50091071>		"bare-pa"@cav	
"ода"@udi	<https://panlex.org/snapshot/panlex-20191001-csv/1573#50084878>				<https://panlex.org/snapshot/panlex-20191001-csv/1573#50084717>		"ekobobo"@cav	
"орайин"@udi	<https://panlex.org/snapshot/panlex-20191001-csv/1573#50089167>				<https://panlex.org/snapshot/panlex-20191001-csv/1573#50088879>		"kani"@cav	
"дардал"@udi	<https://panlex.org/snapshot/panlex-20191001-csv/1573#50090817>				<https://panlex.org/snapshot/panlex-20191001-csv/1573#50090502>		"tomo"@cav	
"дурутІ"@udi	<https://panlex.org/snapshot/panlex-20191001-csv/1573#50090414>				<https://panlex.org/snapshot/panlex-20191001-csv/1573#50090218>		"taora"@cav	
"каІф"@udi	<https://panlex.org/snapshot/panlex-20191001-csv/1573#50086662>				<https://panlex.org/snapshot/panlex-20191001-csv/1573#50086498>		"oba"@cav	
"тІоъп"@udi	<https://panlex.org/snapshot/panlex-20191001-csv/1573#50085363>				<https://panlex.org/snapshot/panlex-20191001-csv/1573#50085099>		"e-kʷac̷a"@cav	
"тоз"@udi	<https://panlex.org/snapshot/panlex-20191001-csv/1573#50082844>				<https://panlex.org/snapshot/panlex-20191001-csv/1573#50082640>		"moro"@cav	
"дардар"@udi	<https://panlex.org/snapshot/panlex-20191001-csv/1573#50084095>				<https://panlex.org/snapshot/panlex-20191001-csv/1573#50083888>		"etiweso"@cav	
"кІул"@udi	<https://panlex.org/snapshot/panlex-20191001-csv/1573#50082575>				<https://panlex.org/snapshot/panlex-20191001-csv/1573#50082325>		"mehihi"@cav	
"гоьг"@udi	<https://panlex.org/snapshot/panlex-20191001-csv/1573#50091258>				<https://panlex.org/snapshot/panlex-20191001-csv/1573#50091071>		"bare-pa"@cav	
"доьвлаьт"@udi	<https://panlex.org/snapshot/panlex-20191001-csv/1573#50082260>				<https://panlex.org/snapshot/panlex-20191001-csv/1573#50081997>		"meči"@cav	
"хенечІотІ"@udi	<https://panlex.org/snapshot/panlex-20191001-csv/1573#50085364>				<https://panlex.org/snapshot/panlex-20191001-csv/1573#50085099>		"e-kʷac̷a"@cav	
"ходлугъ"@udi	<https://panlex.org/snapshot/panlex-20191001-csv/1573#50089898>				<https://panlex.org/snapshot/panlex-20191001-csv/1573#50089674>		"e-ki-ke"@cav	
"беъгъ"@udi	<https://panlex.org/snapshot/panlex-20191001-csv/1573#50091509>				<https://panlex.org/snapshot/panlex-20191001-csv/1573#50091324>		"iheti"@cav	
"хе"@udi	<https://panlex.org/snapshot/panlex-20191001-csv/1573#50085868>				<https://panlex.org/snapshot/panlex-20191001-csv/1573#50085669>		"e-na"@cav	
"жІегъ"@udi	<https://panlex.org/snapshot/panlex-20191001-csv/1573#50090818>				<https://panlex.org/snapshot/panlex-20191001-csv/1573#50090502>		"tomo"@cav	
"гоьл"@udi	<https://panlex.org/snapshot/panlex-20191001-csv/1573#50087082>				<https://panlex.org/snapshot/panlex-20191001-csv/1573#50086904>		"bei"@cav	
"кьайа"@udi	<https://panlex.org/snapshot/panlex-20191001-csv/1573#50085612>				<https://panlex.org/snapshot/panlex-20191001-csv/1573#50085428>		"kani"@cav	
"ша"@udi	<https://panlex.org/snapshot/panlex-20191001-csv/1573#50083386>				<https://panlex.org/snapshot/panlex-20191001-csv/1573#50083200>		"mehihi"@cav	
"ок"@udi	<https://panlex.org/snapshot/panlex-20191001-csv/1573#50088596>				<https://panlex.org/snapshot/panlex-20191001-csv/1573#50088241>		"kʷe-ri"@cav	
"гурдондж"@udi	<https://panlex.org/snapshot/panlex-20191001-csv/1573#50089616>				<https://panlex.org/snapshot/panlex-20191001-csv/1573#50089481>		"sororo"@cav	
"пиз"@udi	<https://panlex.org/snapshot/panlex-20191001-csv/1573#50089425>				<https://panlex.org/snapshot/panlex-20191001-csv/1573#50089230>		"nabade"@cav	
"ход"@udi	<https://panlex.org/snapshot/panlex-20191001-csv/1573#50090157>				<https://panlex.org/snapshot/panlex-20191001-csv/1573#50089967>		"akʷi"@cav	
