"qel"@tbl	<https://panlex.org/snapshot/panlex-20191001-csv/12#851182>				<https://panlex.org/snapshot/panlex-20191001-csv/12#850879>		"kkónik"@chk	
"qel"@tbl	<https://panlex.org/snapshot/panlex-20191001-csv/12#851182>				<https://panlex.org/snapshot/panlex-20191001-csv/12#850878>		"chaan"@chk	
"katay"@tbl	<https://panlex.org/snapshot/panlex-20191001-csv/114#8060205>				<https://panlex.org/snapshot/panlex-20191001-csv/114#8059873>		"*yate"@chk	
"katay"@tbl	<https://panlex.org/snapshot/panlex-20191001-csv/114#8060205>				<https://panlex.org/snapshot/panlex-20191001-csv/114#8059871>		"yááyá"@chk	
"katay"@tbl	<https://panlex.org/snapshot/panlex-20191001-csv/114#8060205>				<https://panlex.org/snapshot/panlex-20191001-csv/114#8059872>		"áá-yá"@chk	
"kulih"@tbl	<https://panlex.org/snapshot/panlex-20191001-csv/114#8068559>				<https://panlex.org/snapshot/panlex-20191001-csv/114#8068199>		"(turu-nu)-ffas"@chk	
"kulih"@tbl	<https://panlex.org/snapshot/panlex-20191001-csv/114#8068559>				<https://panlex.org/snapshot/panlex-20191001-csv/114#8068205>		"*fata"@chk	
"kulih"@tbl	<https://panlex.org/snapshot/panlex-20191001-csv/114#8068559>				<https://panlex.org/snapshot/panlex-20191001-csv/114#8068204>		"takir"@chk	
"kulih"@tbl	<https://panlex.org/snapshot/panlex-20191001-csv/114#8068559>				<https://panlex.org/snapshot/panlex-20191001-csv/114#8068200>		"-ffas"@chk	
"kulih"@tbl	<https://panlex.org/snapshot/panlex-20191001-csv/114#8068559>				<https://panlex.org/snapshot/panlex-20191001-csv/114#8068207>		"*kka[t0]i"@chk	
"kulih"@tbl	<https://panlex.org/snapshot/panlex-20191001-csv/114#8068559>				<https://panlex.org/snapshot/panlex-20191001-csv/114#8068201>		"kekkey"@chk	
"kulih"@tbl	<https://panlex.org/snapshot/panlex-20191001-csv/114#8068559>				<https://panlex.org/snapshot/panlex-20191001-csv/114#8068206>		"*ffata"@chk	
"kulih"@tbl	<https://panlex.org/snapshot/panlex-20191001-csv/114#8068559>				<https://panlex.org/snapshot/panlex-20191001-csv/114#8068202>		"kkey"@chk	
"kulih"@tbl	<https://panlex.org/snapshot/panlex-20191001-csv/114#8068559>				<https://panlex.org/snapshot/panlex-20191001-csv/114#8068203>		"kkeyi-si-ni"@chk	
"sumuŋ"@tbl	<https://panlex.org/snapshot/panlex-20191001-csv/114#8066965>				<https://panlex.org/snapshot/panlex-20191001-csv/114#8066583>		"awe-(n)"@chk	
"sumuŋ"@tbl	<https://panlex.org/snapshot/panlex-20191001-csv/114#8066965>				<https://panlex.org/snapshot/panlex-20191001-csv/114#8066585>		"*awa-"@chk	
"sumuŋ"@tbl	<https://panlex.org/snapshot/panlex-20191001-csv/114#8066965>				<https://panlex.org/snapshot/panlex-20191001-csv/114#8066581>		"aaw"@chk	
"sumuŋ"@tbl	<https://panlex.org/snapshot/panlex-20191001-csv/114#8066965>				<https://panlex.org/snapshot/panlex-20191001-csv/114#8066582>		"awa-(n)"@chk	
"sumuŋ"@tbl	<https://panlex.org/snapshot/panlex-20191001-csv/114#8066965>				<https://panlex.org/snapshot/panlex-20191001-csv/114#8066584>		"*aawa"@chk	
"kuluh"@tbl	<https://panlex.org/snapshot/panlex-20191001-csv/114#8063851>				<https://panlex.org/snapshot/panlex-20191001-csv/114#8063483>		"*úlú"@chk	
"kuluh"@tbl	<https://panlex.org/snapshot/panlex-20191001-csv/114#8063851>				<https://panlex.org/snapshot/panlex-20191001-csv/114#8063482>		"wúún"@chk	
"kuluh"@tbl	<https://panlex.org/snapshot/panlex-20191001-csv/114#8063851>				<https://panlex.org/snapshot/panlex-20191001-csv/114#8063479>		"wúnúún"@chk	
"kuluh"@tbl	<https://panlex.org/snapshot/panlex-20191001-csv/114#8063851>				<https://panlex.org/snapshot/panlex-20191001-csv/114#8063478>		"wúnú-(n)"@chk	
"kuluh"@tbl	<https://panlex.org/snapshot/panlex-20191001-csv/114#8063851>				<https://panlex.org/snapshot/panlex-20191001-csv/114#8063481>		"wúnúúnú-(n)"@chk	
"kuluh"@tbl	<https://panlex.org/snapshot/panlex-20191001-csv/114#8063851>				<https://panlex.org/snapshot/panlex-20191001-csv/114#8063480>		"wúnúúne-(n)"@chk	
"kuluh"@tbl	<https://panlex.org/snapshot/panlex-20191001-csv/114#8063851>				<https://panlex.org/snapshot/panlex-20191001-csv/114#8063477>		"mékúr"@chk	
"sigɨl"@tbl	<https://panlex.org/snapshot/panlex-20191001-csv/114#8052099>				<https://panlex.org/snapshot/panlex-20191001-csv/114#8051706>		"péwú-(n)"@chk	
"sigɨl"@tbl	<https://panlex.org/snapshot/panlex-20191001-csv/114#8052099>				<https://panlex.org/snapshot/panlex-20191001-csv/114#8051705>		"paaw"@chk	
"sigɨl"@tbl	<https://panlex.org/snapshot/panlex-20191001-csv/114#8052099>				<https://panlex.org/snapshot/panlex-20191001-csv/114#8051707>		"*kumwucú"@chk	
"sigɨl"@tbl	<https://panlex.org/snapshot/panlex-20191001-csv/114#8052099>				<https://panlex.org/snapshot/panlex-20191001-csv/114#8051704>		"kumwuch"@chk	
"sigɨl"@tbl	<https://panlex.org/snapshot/panlex-20191001-csv/114#8052099>				<https://panlex.org/snapshot/panlex-20191001-csv/114#8051708>		"*paú"@chk	
"qiwong"@tbl	<https://panlex.org/snapshot/panlex-20191001-csv/114#8052576>				<https://panlex.org/snapshot/panlex-20191001-csv/114#8052256>		"-feefin"@chk	
"qiwong"@tbl	<https://panlex.org/snapshot/panlex-20191001-csv/114#8052576>				<https://panlex.org/snapshot/panlex-20191001-csv/114#8052259>		"*maúŋú"@chk	
"qiwong"@tbl	<https://panlex.org/snapshot/panlex-20191001-csv/114#8052576>				<https://panlex.org/snapshot/panlex-20191001-csv/114#8052258>		"-mééŋ"@chk	
"qiwong"@tbl	<https://panlex.org/snapshot/panlex-20191001-csv/114#8052576>				<https://panlex.org/snapshot/panlex-20191001-csv/114#8052257>		"-mmééŋ"@chk	
"qiwoŋ"@tbl	<https://panlex.org/snapshot/panlex-20191001-csv/114#8052577>				<https://panlex.org/snapshot/panlex-20191001-csv/114#8052256>		"-feefin"@chk	
"qiwoŋ"@tbl	<https://panlex.org/snapshot/panlex-20191001-csv/114#8052577>				<https://panlex.org/snapshot/panlex-20191001-csv/114#8052259>		"*maúŋú"@chk	
"qiwoŋ"@tbl	<https://panlex.org/snapshot/panlex-20191001-csv/114#8052577>				<https://panlex.org/snapshot/panlex-20191001-csv/114#8052258>		"-mééŋ"@chk	
"qiwoŋ"@tbl	<https://panlex.org/snapshot/panlex-20191001-csv/114#8052577>				<https://panlex.org/snapshot/panlex-20191001-csv/114#8052257>		"-mmééŋ"@chk	
"kfung"@tbl	<https://panlex.org/snapshot/panlex-20191001-csv/114#8057172>				<https://panlex.org/snapshot/panlex-20191001-csv/114#8056854>		"fanang"@chk	
"mungɨf"@tbl	<https://panlex.org/snapshot/panlex-20191001-csv/114#8066423>				<https://panlex.org/snapshot/panlex-20191001-csv/114#8066083>		"ttin"@chk	
"mungɨf"@tbl	<https://panlex.org/snapshot/panlex-20191001-csv/114#8066423>				<https://panlex.org/snapshot/panlex-20191001-csv/114#8066084>		"*daŋú"@chk	
"mungɨf"@tbl	<https://panlex.org/snapshot/panlex-20191001-csv/114#8066423>				<https://panlex.org/snapshot/panlex-20191001-csv/114#8066082>		"tini"@chk	
"smulif"@tbl	<https://panlex.org/snapshot/panlex-20191001-csv/114#8056191>				<https://panlex.org/snapshot/panlex-20191001-csv/114#8055830>		"á"@chk	
"smulif"@tbl	<https://panlex.org/snapshot/panlex-20191001-csv/114#8056191>				<https://panlex.org/snapshot/panlex-20191001-csv/114#8055831>		"*yafe"@chk	
"kulit"@tbl	<https://panlex.org/snapshot/panlex-20191001-csv/114#8057677>				<https://panlex.org/snapshot/panlex-20191001-csv/114#8057322>		"*kili"@chk	
"kulit"@tbl	<https://panlex.org/snapshot/panlex-20191001-csv/114#8057677>				<https://panlex.org/snapshot/panlex-20191001-csv/114#8057321>		"sini"@chk	
"kulit"@tbl	<https://panlex.org/snapshot/panlex-20191001-csv/114#8057677>				<https://panlex.org/snapshot/panlex-20191001-csv/114#8057320>		"siin"@chk	
"kwang"@tbl	<https://panlex.org/snapshot/panlex-20191001-csv/114#8058182>				<https://panlex.org/snapshot/panlex-20191001-csv/114#8057838>		"*takúrú"@chk	
"kwang"@tbl	<https://panlex.org/snapshot/panlex-20191001-csv/114#8058182>				<https://panlex.org/snapshot/panlex-20191001-csv/114#8057836>		"sékúr"@chk	
"kwang"@tbl	<https://panlex.org/snapshot/panlex-20191001-csv/114#8058182>				<https://panlex.org/snapshot/panlex-20191001-csv/114#8057837>		"sékúrú-"@chk	
"mʌnawa"@tbl	<https://panlex.org/snapshot/panlex-20191001-csv/114#8065939>				<https://panlex.org/snapshot/panlex-20191001-csv/114#8065641>		"ngas"@chk	
"mʌnawa"@tbl	<https://panlex.org/snapshot/panlex-20191001-csv/114#8065939>				<https://panlex.org/snapshot/panlex-20191001-csv/114#8065644>		"*ŋaTa"@chk	
"mʌnawa"@tbl	<https://panlex.org/snapshot/panlex-20191001-csv/114#8065939>				<https://panlex.org/snapshot/panlex-20191001-csv/114#8065645>		"ŋaTaŋaTa"@chk	
"mʌnawa"@tbl	<https://panlex.org/snapshot/panlex-20191001-csv/114#8065939>				<https://panlex.org/snapshot/panlex-20191001-csv/114#8065643>		"ŋasaŋas"@chk	
"mʌnawa"@tbl	<https://panlex.org/snapshot/panlex-20191001-csv/114#8065939>				<https://panlex.org/snapshot/panlex-20191001-csv/114#8065642>		"ŋas"@chk	
"lihɔl"@tbl	<https://panlex.org/snapshot/panlex-20191001-csv/114#8064387>				<https://panlex.org/snapshot/panlex-20191001-csv/114#8064025>		"wúwa-(n)"@chk	
"lihɔl"@tbl	<https://panlex.org/snapshot/panlex-20191001-csv/114#8064387>				<https://panlex.org/snapshot/panlex-20191001-csv/114#8064027>		"*úa"@chk	
"lihɔl"@tbl	<https://panlex.org/snapshot/panlex-20191001-csv/114#8064387>				<https://panlex.org/snapshot/panlex-20191001-csv/114#8064026>		"wúú"@chk	
"qilung"@tbl	<https://panlex.org/snapshot/panlex-20191001-csv/114#8065488>				<https://panlex.org/snapshot/panlex-20191001-csv/114#8065112>		"pwéétú-"@chk	
"qilung"@tbl	<https://panlex.org/snapshot/panlex-20191001-csv/114#8065488>				<https://panlex.org/snapshot/panlex-20191001-csv/114#8065111>		"pwéét"@chk	
"qilung"@tbl	<https://panlex.org/snapshot/panlex-20191001-csv/114#8065488>				<https://panlex.org/snapshot/panlex-20191001-csv/114#8065113>		"*pwaútú"@chk	
