"katay"@tbl	<https://panlex.org/snapshot/panlex-20191001-csv/114#8060205>				<https://panlex.org/snapshot/panlex-20191001-csv/114#8059995>		"ʼatni"@lex	
"kulih"@tbl	<https://panlex.org/snapshot/panlex-20191001-csv/114#8068559>				<https://panlex.org/snapshot/panlex-20191001-csv/114#8068341>		"namʼmali"@lex	
"sumuŋ"@tbl	<https://panlex.org/snapshot/panlex-20191001-csv/114#8066965>				<https://panlex.org/snapshot/panlex-20191001-csv/114#8066723>		"ʼnuru"@lex	
"kuluh"@tbl	<https://panlex.org/snapshot/panlex-20191001-csv/114#8063851>				<https://panlex.org/snapshot/panlex-20191001-csv/114#8063619>		"ʼoʔətani"@lex	
"sigɨl"@tbl	<https://panlex.org/snapshot/panlex-20191001-csv/114#8052099>				<https://panlex.org/snapshot/panlex-20191001-csv/114#8051849>		"ʼlimə"@lex	
"smulif"@tbl	<https://panlex.org/snapshot/panlex-20191001-csv/114#8056191>				<https://panlex.org/snapshot/panlex-20191001-csv/114#8055956>		"ə ṇʼnani"@lex	
"kulit"@tbl	<https://panlex.org/snapshot/panlex-20191001-csv/114#8057677>				<https://panlex.org/snapshot/panlex-20191001-csv/114#8057451>		"ʼulatni"@lex	
"lihɔl"@tbl	<https://panlex.org/snapshot/panlex-20191001-csv/114#8064387>				<https://panlex.org/snapshot/panlex-20191001-csv/114#8064163>		"ʼtjɛru"@lex	
"qilung"@tbl	<https://panlex.org/snapshot/panlex-20191001-csv/114#8065488>				<https://panlex.org/snapshot/panlex-20191001-csv/114#8065254>		"ʼirnu"@lex	
