"qel"@tbl	<https://panlex.org/snapshot/panlex-20191001-csv/12#851182>				<https://panlex.org/snapshot/panlex-20191001-csv/12#851193>		"ero"@tkw	
"katay"@tbl	<https://panlex.org/snapshot/panlex-20191001-csv/114#8060205>				<https://panlex.org/snapshot/panlex-20191001-csv/114#8060219>		"ɔwɔ"@tkw	
"katay"@tbl	<https://panlex.org/snapshot/panlex-20191001-csv/114#8060205>				<https://panlex.org/snapshot/panlex-20191001-csv/114#8060218>		"owo"@tkw	
"kulih"@tbl	<https://panlex.org/snapshot/panlex-20191001-csv/114#8068559>				<https://panlex.org/snapshot/panlex-20191001-csv/114#8068572>		"-ekeke"@tkw	
"sumuŋ"@tbl	<https://panlex.org/snapshot/panlex-20191001-csv/114#8066965>				<https://panlex.org/snapshot/panlex-20191001-csv/114#8066977>		"mua"@tkw	
"kuluh"@tbl	<https://panlex.org/snapshot/panlex-20191001-csv/114#8063851>				<https://panlex.org/snapshot/panlex-20191001-csv/114#8063866>		"wambasa"@tkw	
"kuluh"@tbl	<https://panlex.org/snapshot/panlex-20191001-csv/114#8063851>				<https://panlex.org/snapshot/panlex-20191001-csv/114#8063865>		"basa"@tkw	
"sigɨl"@tbl	<https://panlex.org/snapshot/panlex-20191001-csv/114#8052099>				<https://panlex.org/snapshot/panlex-20191001-csv/114#8052113>		"ma"@tkw	
"qiwong"@tbl	<https://panlex.org/snapshot/panlex-20191001-csv/114#8052576>				<https://panlex.org/snapshot/panlex-20191001-csv/114#8052590>		"mouro"@tkw	
"qiwong"@tbl	<https://panlex.org/snapshot/panlex-20191001-csv/114#8052576>				<https://panlex.org/snapshot/panlex-20191001-csv/114#8052591>		"mɔrɔ"@tkw	
"qiwoŋ"@tbl	<https://panlex.org/snapshot/panlex-20191001-csv/114#8052577>				<https://panlex.org/snapshot/panlex-20191001-csv/114#8052590>		"mouro"@tkw	
"qiwoŋ"@tbl	<https://panlex.org/snapshot/panlex-20191001-csv/114#8052577>				<https://panlex.org/snapshot/panlex-20191001-csv/114#8052591>		"mɔrɔ"@tkw	
"kfung"@tbl	<https://panlex.org/snapshot/panlex-20191001-csv/114#8057172>				<https://panlex.org/snapshot/panlex-20191001-csv/114#8057187>		"awi niawa"@tkw	
"kfung"@tbl	<https://panlex.org/snapshot/panlex-20191001-csv/114#8057172>				<https://panlex.org/snapshot/panlex-20191001-csv/114#8057186>		"auniawɔ"@tkw	
"mungɨf"@tbl	<https://panlex.org/snapshot/panlex-20191001-csv/114#8066423>				<https://panlex.org/snapshot/panlex-20191001-csv/114#8066439>		"-leŋi mie"@tkw	
"smulif"@tbl	<https://panlex.org/snapshot/panlex-20191001-csv/114#8056191>				<https://panlex.org/snapshot/panlex-20191001-csv/114#8056206>		"-wou"@tkw	
"kulit"@tbl	<https://panlex.org/snapshot/panlex-20191001-csv/114#8057677>				<https://panlex.org/snapshot/panlex-20191001-csv/114#8057690>		"beɬe"@tkw	
"kulit"@tbl	<https://panlex.org/snapshot/panlex-20191001-csv/114#8057677>				<https://panlex.org/snapshot/panlex-20191001-csv/114#8057691>		"mbele"@tkw	
"kwang"@tbl	<https://panlex.org/snapshot/panlex-20191001-csv/114#8058182>				<https://panlex.org/snapshot/panlex-20191001-csv/114#8058198>		"utendie"@tkw	
"kwang"@tbl	<https://panlex.org/snapshot/panlex-20191001-csv/114#8058182>				<https://panlex.org/snapshot/panlex-20191001-csv/114#8058196>		"uta"@tkw	
"kwang"@tbl	<https://panlex.org/snapshot/panlex-20191001-csv/114#8058182>				<https://panlex.org/snapshot/panlex-20191001-csv/114#8058197>		"ute"@tkw	
"mʌnawa"@tbl	<https://panlex.org/snapshot/panlex-20191001-csv/114#8065939>				<https://panlex.org/snapshot/panlex-20191001-csv/114#8065952>		"-katei mevia"@tkw	
"lihɔl"@tbl	<https://panlex.org/snapshot/panlex-20191001-csv/114#8064387>				<https://panlex.org/snapshot/panlex-20191001-csv/114#8064402>		"wasawa"@tkw	
"lihɔl"@tbl	<https://panlex.org/snapshot/panlex-20191001-csv/114#8064387>				<https://panlex.org/snapshot/panlex-20191001-csv/114#8064401>		"awa"@tkw	
"qilung"@tbl	<https://panlex.org/snapshot/panlex-20191001-csv/114#8065488>				<https://panlex.org/snapshot/panlex-20191001-csv/114#8065503>		"veseŋele"@tkw	
