"katay"@tbl	<https://panlex.org/snapshot/panlex-20191001-csv/114#8060205>				<https://panlex.org/snapshot/panlex-20191001-csv/114#8060204>		"kandas"@tbk	
"kulih"@tbl	<https://panlex.org/snapshot/panlex-20191001-csv/114#8068559>				<https://panlex.org/snapshot/panlex-20191001-csv/114#8068558>		"qimud"@tbk	
"sumuŋ"@tbl	<https://panlex.org/snapshot/panlex-20191001-csv/114#8066965>				<https://panlex.org/snapshot/panlex-20191001-csv/114#8066963>		"ngangaq"@tbk	
"kuluh"@tbl	<https://panlex.org/snapshot/panlex-20191001-csv/114#8063851>				<https://panlex.org/snapshot/panlex-20191001-csv/114#8063850>		"kuluq"@tbk	
"sigɨl"@tbl	<https://panlex.org/snapshot/panlex-20191001-csv/114#8052099>				<https://panlex.org/snapshot/panlex-20191001-csv/114#8052097>		"kalimaq"@tbk	
"qiwong"@tbl	<https://panlex.org/snapshot/panlex-20191001-csv/114#8052576>				<https://panlex.org/snapshot/panlex-20191001-csv/114#8052575>		"walaq"@tbk	
"qiwoŋ"@tbl	<https://panlex.org/snapshot/panlex-20191001-csv/114#8052577>				<https://panlex.org/snapshot/panlex-20191001-csv/114#8052575>		"walaq"@tbk	
"kfung"@tbl	<https://panlex.org/snapshot/panlex-20191001-csv/114#8057172>				<https://panlex.org/snapshot/panlex-20191001-csv/114#8057171>		"qapuk"@tbk	
"mungɨf"@tbl	<https://panlex.org/snapshot/panlex-20191001-csv/114#8066423>				<https://panlex.org/snapshot/panlex-20191001-csv/114#8066422>		"quβuq"@tbk	
"smulif"@tbl	<https://panlex.org/snapshot/panlex-20191001-csv/114#8056191>				<https://panlex.org/snapshot/panlex-20191001-csv/114#8056188>		"kapaykapay"@tbk	
"kulit"@tbl	<https://panlex.org/snapshot/panlex-20191001-csv/114#8057677>				<https://panlex.org/snapshot/panlex-20191001-csv/114#8057676>		"qulit"@tbk	
"kwang"@tbl	<https://panlex.org/snapshot/panlex-20191001-csv/114#8058182>				<https://panlex.org/snapshot/panlex-20191001-csv/114#8058181>		"bukuq"@tbk	
"lihɔl"@tbl	<https://panlex.org/snapshot/panlex-20191001-csv/114#8064387>				<https://panlex.org/snapshot/panlex-20191001-csv/114#8064386>		"dikɨl"@tbk	
"qilung"@tbl	<https://panlex.org/snapshot/panlex-20191001-csv/114#8065488>				<https://panlex.org/snapshot/panlex-20191001-csv/114#8065487>		"qurung"@tbk	
