"usiak"@tay	<https://panlex.org/snapshot/panlex-20191001-csv/12#851181>				<https://panlex.org/snapshot/panlex-20191001-csv/12#850871>		"schaal"@cal	
"bnaqii"@tay	<https://panlex.org/snapshot/panlex-20191001-csv/15#967072>				<https://panlex.org/snapshot/panlex-20191001-csv/15#966991>		"ppi"@cal	
"oluk"@tay	<https://panlex.org/snapshot/panlex-20191001-csv/114#8064379>				<https://panlex.org/snapshot/panlex-20191001-csv/114#8064021>		"úwa-(l)"@cal	
"oluk"@tay	<https://panlex.org/snapshot/panlex-20191001-csv/114#8064379>				<https://panlex.org/snapshot/panlex-20191001-csv/114#8064022>		"úúw"@cal	
"qaqai"@tay	<https://panlex.org/snapshot/panlex-20191001-csv/114#8053574>				<https://panlex.org/snapshot/panlex-20191001-csv/114#8053186>		"pesche"@cal	
"qaqai"@tay	<https://panlex.org/snapshot/panlex-20191001-csv/114#8053574>				<https://panlex.org/snapshot/panlex-20191001-csv/114#8053187>		"peshe"@cal	
"qaqai"@tay	<https://panlex.org/snapshot/panlex-20191001-csv/114#8053574>				<https://panlex.org/snapshot/panlex-20191001-csv/114#8053188>		"peʀe"@cal	
"hamá-ui"@tay	<https://panlex.org/snapshot/panlex-20191001-csv/114#8068024>				<https://panlex.org/snapshot/panlex-20191001-csv/114#8067676>		"schéél-aaw"@cal	
"kuẓahil"@tay	<https://panlex.org/snapshot/panlex-20191001-csv/114#8057669>				<https://panlex.org/snapshot/panlex-20191001-csv/114#8057315>		"ghili"@cal	
"kuẓahil"@tay	<https://panlex.org/snapshot/panlex-20191001-csv/114#8057669>				<https://panlex.org/snapshot/panlex-20191001-csv/114#8057317>		"gili"@cal	
"kuẓahil"@tay	<https://panlex.org/snapshot/panlex-20191001-csv/114#8057669>				<https://panlex.org/snapshot/panlex-20191001-csv/114#8057314>		"ghiil"@cal	
"kuẓahil"@tay	<https://panlex.org/snapshot/panlex-20191001-csv/114#8057669>				<https://panlex.org/snapshot/panlex-20191001-csv/114#8057316>		"giil"@cal	
"mhkaniʔ"@tay	<https://panlex.org/snapshot/panlex-20191001-csv/114#8054162>				<https://panlex.org/snapshot/panlex-20191001-csv/114#8053764>		"fatal"@cal	
"mhkaniʔ"@tay	<https://panlex.org/snapshot/panlex-20191001-csv/114#8054162>				<https://panlex.org/snapshot/panlex-20191001-csv/114#8053767>		"ló"@cal	
"mhkaniʔ"@tay	<https://panlex.org/snapshot/panlex-20191001-csv/114#8054162>				<https://panlex.org/snapshot/panlex-20191001-csv/114#8053765>		"fetál"@cal	
"mhkaniʔ"@tay	<https://panlex.org/snapshot/panlex-20191001-csv/114#8054162>				<https://panlex.org/snapshot/panlex-20191001-csv/114#8053763>		"(fara)-fetál"@cal	
"mhkaniʔ"@tay	<https://panlex.org/snapshot/panlex-20191001-csv/114#8054162>				<https://panlex.org/snapshot/panlex-20191001-csv/114#8053766>		"fáárágh"@cal	
"yunukh"@tay	<https://panlex.org/snapshot/panlex-20191001-csv/114#8064929>				<https://panlex.org/snapshot/panlex-20191001-csv/114#8064554>		"áli-schiimw"@cal	
"yunukh"@tay	<https://panlex.org/snapshot/panlex-20191001-csv/114#8064929>				<https://panlex.org/snapshot/panlex-20191001-csv/114#8064553>		"ili-as"@cal	
"yunukh"@tay	<https://panlex.org/snapshot/panlex-20191001-csv/114#8064929>				<https://panlex.org/snapshot/panlex-20191001-csv/114#8064555>		"úna-"@cal	
"yunukh"@tay	<https://panlex.org/snapshot/panlex-20191001-csv/114#8064929>				<https://panlex.org/snapshot/panlex-20191001-csv/114#8064552>		"ileila-"@cal	
"túnuh"@tay	<https://panlex.org/snapshot/panlex-20191001-csv/114#8063842>				<https://panlex.org/snapshot/panlex-20191001-csv/114#8063470>		"schiimw"@cal	
"túnuh"@tay	<https://panlex.org/snapshot/panlex-20191001-csv/114#8063842>				<https://panlex.org/snapshot/panlex-20191001-csv/114#8063473>		"úli-(l)"@cal	
"túnuh"@tay	<https://panlex.org/snapshot/panlex-20191001-csv/114#8063842>				<https://panlex.org/snapshot/panlex-20191001-csv/114#8063469>		"móghur"@cal	
"túnuh"@tay	<https://panlex.org/snapshot/panlex-20191001-csv/114#8063842>				<https://panlex.org/snapshot/panlex-20191001-csv/114#8063472>		"úli-"@cal	
"túnuh"@tay	<https://panlex.org/snapshot/panlex-20191001-csv/114#8063842>				<https://panlex.org/snapshot/panlex-20191001-csv/114#8063471>		"yúli-(l)"@cal	
"muah"@tay	<https://panlex.org/snapshot/panlex-20191001-csv/114#8055170>				<https://panlex.org/snapshot/panlex-20191001-csv/114#8054822>		"too-"@cal	
"túnukh"@tay	<https://panlex.org/snapshot/panlex-20191001-csv/114#8063843>				<https://panlex.org/snapshot/panlex-20191001-csv/114#8063470>		"schiimw"@cal	
"túnukh"@tay	<https://panlex.org/snapshot/panlex-20191001-csv/114#8063843>				<https://panlex.org/snapshot/panlex-20191001-csv/114#8063473>		"úli-(l)"@cal	
"túnukh"@tay	<https://panlex.org/snapshot/panlex-20191001-csv/114#8063843>				<https://panlex.org/snapshot/panlex-20191001-csv/114#8063469>		"móghur"@cal	
"túnukh"@tay	<https://panlex.org/snapshot/panlex-20191001-csv/114#8063843>				<https://panlex.org/snapshot/panlex-20191001-csv/114#8063472>		"úli-"@cal	
"túnukh"@tay	<https://panlex.org/snapshot/panlex-20191001-csv/114#8063843>				<https://panlex.org/snapshot/panlex-20191001-csv/114#8063471>		"yúli-(l)"@cal	
"labos"@tay	<https://panlex.org/snapshot/panlex-20191001-csv/114#8058724>				<https://panlex.org/snapshot/panlex-20191001-csv/114#8058338>		"uubw"@cal	
"labos"@tay	<https://panlex.org/snapshot/panlex-20191001-csv/114#8058724>				<https://panlex.org/snapshot/panlex-20191001-csv/114#8058337>		"ubwa-(l)"@cal	
"bubuʔ"@tay	<https://panlex.org/snapshot/panlex-20191001-csv/114#8060768>				<https://panlex.org/snapshot/panlex-20191001-csv/114#8060374>		"úttú-"@cal	
"bubuʔ"@tay	<https://panlex.org/snapshot/panlex-20191001-csv/114#8060768>				<https://panlex.org/snapshot/panlex-20191001-csv/114#8060375>		"úttú-(l)"@cal	
"bubuʔ"@tay	<https://panlex.org/snapshot/panlex-20191001-csv/114#8060768>				<https://panlex.org/snapshot/panlex-20191001-csv/114#8060373>		"útt"@cal	
"isunaʔ"@tay	<https://panlex.org/snapshot/panlex-20191001-csv/114#8065934>				<https://panlex.org/snapshot/panlex-20191001-csv/114#8065634>		"ngan-ngas"@cal	
"isunaʔ"@tay	<https://panlex.org/snapshot/panlex-20191001-csv/114#8065934>				<https://panlex.org/snapshot/panlex-20191001-csv/114#8065637>		"ŋŋah"@cal	
"isunaʔ"@tay	<https://panlex.org/snapshot/panlex-20191001-csv/114#8065934>				<https://panlex.org/snapshot/panlex-20191001-csv/114#8065638>		"ŋŋas"@cal	
"isunaʔ"@tay	<https://panlex.org/snapshot/panlex-20191001-csv/114#8065934>				<https://panlex.org/snapshot/panlex-20191001-csv/114#8065636>		"ŋasaŋas"@cal	
"isunaʔ"@tay	<https://panlex.org/snapshot/panlex-20191001-csv/114#8065934>				<https://panlex.org/snapshot/panlex-20191001-csv/114#8065635>		"ŋahaŋah"@cal	
"ʔanaliʔ"@tay	<https://panlex.org/snapshot/panlex-20191001-csv/114#8053026>				<https://panlex.org/snapshot/panlex-20191001-csv/114#8052723>		"peighi-mwáál"@cal	
"mʔurau"@tay	<https://panlex.org/snapshot/panlex-20191001-csv/114#8056694>				<https://panlex.org/snapshot/panlex-20191001-csv/114#8056346>		"pwpwel"@cal	
"gius"@tay	<https://panlex.org/snapshot/panlex-20191001-csv/114#8059712>				<https://panlex.org/snapshot/panlex-20191001-csv/114#8059396>		"taa"@cal	
"ŋuŋuʔ"@tay	<https://panlex.org/snapshot/panlex-20191001-csv/114#8062794>				<https://panlex.org/snapshot/panlex-20191001-csv/114#8062441>		"masagh"@cal	
"ŋuŋuʔ"@tay	<https://panlex.org/snapshot/panlex-20191001-csv/114#8062794>				<https://panlex.org/snapshot/panlex-20191001-csv/114#8062442>		"me-hag"@cal	
"ŋuŋuʔ"@tay	<https://panlex.org/snapshot/panlex-20191001-csv/114#8062794>				<https://panlex.org/snapshot/panlex-20191001-csv/114#8062444>		"me-ságh"@cal	
"ŋuŋuʔ"@tay	<https://panlex.org/snapshot/panlex-20191001-csv/114#8062794>				<https://panlex.org/snapshot/panlex-20191001-csv/114#8062439>		"ma-hag"@cal	
"ŋuŋuʔ"@tay	<https://panlex.org/snapshot/panlex-20191001-csv/114#8062794>				<https://panlex.org/snapshot/panlex-20191001-csv/114#8062443>		"me-sagh"@cal	
"ŋuŋuʔ"@tay	<https://panlex.org/snapshot/panlex-20191001-csv/114#8062794>				<https://panlex.org/snapshot/panlex-20191001-csv/114#8062440>		"ma-sagh"@cal	
"qniʔ"@tay	<https://panlex.org/snapshot/panlex-20191001-csv/114#8059240>				<https://panlex.org/snapshot/panlex-20191001-csv/114#8058898>		"schúú"@cal	
"qniʔ"@tay	<https://panlex.org/snapshot/panlex-20191001-csv/114#8059240>				<https://panlex.org/snapshot/panlex-20191001-csv/114#8058899>		"shúú"@cal	
"smok"@tay	<https://panlex.org/snapshot/panlex-20191001-csv/114#8066418>				<https://panlex.org/snapshot/panlex-20191001-csv/114#8066079>		"ngúúrú"@cal	
"mahkaki"@tay	<https://panlex.org/snapshot/panlex-20191001-csv/114#8054161>				<https://panlex.org/snapshot/panlex-20191001-csv/114#8053764>		"fatal"@cal	
"mahkaki"@tay	<https://panlex.org/snapshot/panlex-20191001-csv/114#8054161>				<https://panlex.org/snapshot/panlex-20191001-csv/114#8053767>		"ló"@cal	
"mahkaki"@tay	<https://panlex.org/snapshot/panlex-20191001-csv/114#8054161>				<https://panlex.org/snapshot/panlex-20191001-csv/114#8053765>		"fetál"@cal	
"mahkaki"@tay	<https://panlex.org/snapshot/panlex-20191001-csv/114#8054161>				<https://panlex.org/snapshot/panlex-20191001-csv/114#8053763>		"(fara)-fetál"@cal	
"mahkaki"@tay	<https://panlex.org/snapshot/panlex-20191001-csv/114#8054161>				<https://panlex.org/snapshot/panlex-20191001-csv/114#8053766>		"fáárágh"@cal	
"keiman"@tay	<https://panlex.org/snapshot/panlex-20191001-csv/114#8052089>				<https://panlex.org/snapshot/panlex-20191001-csv/114#8051697>		"gumwush"@cal	
"keiman"@tay	<https://panlex.org/snapshot/panlex-20191001-csv/114#8052089>				<https://panlex.org/snapshot/panlex-20191001-csv/114#8051696>		"ghumwusch"@cal	
"keiman"@tay	<https://panlex.org/snapshot/panlex-20191001-csv/114#8052089>				<https://panlex.org/snapshot/panlex-20191001-csv/114#8051700>		"paay"@cal	
"keiman"@tay	<https://panlex.org/snapshot/panlex-20191001-csv/114#8052089>				<https://panlex.org/snapshot/panlex-20191001-csv/114#8051699>		"gumwuʀ"@cal	
"keiman"@tay	<https://panlex.org/snapshot/panlex-20191001-csv/114#8052089>				<https://panlex.org/snapshot/panlex-20191001-csv/114#8051698>		"gumwushú-(l)"@cal	
"keiman"@tay	<https://panlex.org/snapshot/panlex-20191001-csv/114#8052089>				<https://panlex.org/snapshot/panlex-20191001-csv/114#8051701>		"payú-(l)"@cal	
"hnonux"@tay	<https://panlex.org/snapshot/panlex-20191001-csv/114#8064926>				<https://panlex.org/snapshot/panlex-20191001-csv/114#8064554>		"áli-schiimw"@cal	
"hnonux"@tay	<https://panlex.org/snapshot/panlex-20191001-csv/114#8064926>				<https://panlex.org/snapshot/panlex-20191001-csv/114#8064553>		"ili-as"@cal	
"hnonux"@tay	<https://panlex.org/snapshot/panlex-20191001-csv/114#8064926>				<https://panlex.org/snapshot/panlex-20191001-csv/114#8064555>		"úna-"@cal	
"hnonux"@tay	<https://panlex.org/snapshot/panlex-20191001-csv/114#8064926>				<https://panlex.org/snapshot/panlex-20191001-csv/114#8064552>		"ileila-"@cal	
"luŋluŋ"@tay	<https://panlex.org/snapshot/panlex-20191001-csv/114#8062284>				<https://panlex.org/snapshot/panlex-20191001-csv/114#8061973>		"ághiyágh"@cal	
"luŋluŋ"@tay	<https://panlex.org/snapshot/panlex-20191001-csv/114#8062284>				<https://panlex.org/snapshot/panlex-20191001-csv/114#8061971>		"máŋimáŋ"@cal	
"luŋluŋ"@tay	<https://panlex.org/snapshot/panlex-20191001-csv/114#8062284>				<https://panlex.org/snapshot/panlex-20191001-csv/114#8061972>		"ághi-yágh"@cal	
"luŋluŋ"@tay	<https://panlex.org/snapshot/panlex-20191001-csv/114#8062284>				<https://panlex.org/snapshot/panlex-20191001-csv/114#8061970>		"mángi-máng"@cal	
"hmaliʔ"@tay	<https://panlex.org/snapshot/panlex-20191001-csv/114#8068025>				<https://panlex.org/snapshot/panlex-20191001-csv/114#8067676>		"schéél-aaw"@cal	
"lumaŋui"@tay	<https://panlex.org/snapshot/panlex-20191001-csv/114#8056182>				<https://panlex.org/snapshot/panlex-20191001-csv/114#8055826>		"áf"@cal	
"lumaŋui"@tay	<https://panlex.org/snapshot/panlex-20191001-csv/114#8056182>				<https://panlex.org/snapshot/panlex-20191001-csv/114#8055827>		"áfe-"@cal	
"baʔun"@tay	<https://panlex.org/snapshot/panlex-20191001-csv/114#8061809>				<https://panlex.org/snapshot/panlex-20191001-csv/114#8061424>		"ghulee-y"@cal	
"baʔun"@tay	<https://panlex.org/snapshot/panlex-20191001-csv/114#8061809>				<https://panlex.org/snapshot/panlex-20191001-csv/114#8061425>		"gule"@cal	
"baʔun"@tay	<https://panlex.org/snapshot/panlex-20191001-csv/114#8061809>				<https://panlex.org/snapshot/panlex-20191001-csv/114#8061422>		"ghule"@cal	
"baʔun"@tay	<https://panlex.org/snapshot/panlex-20191001-csv/114#8061809>				<https://panlex.org/snapshot/panlex-20191001-csv/114#8061426>		"gule-e-(y)"@cal	
"baʔun"@tay	<https://panlex.org/snapshot/panlex-20191001-csv/114#8061809>				<https://panlex.org/snapshot/panlex-20191001-csv/114#8061423>		"ghule-e-(y)"@cal	
"tuʔui"@tay	<https://panlex.org/snapshot/panlex-20191001-csv/114#8054670>				<https://panlex.org/snapshot/panlex-20191001-csv/114#8054334>		"ala-(l)"@cal	
"tuʔui"@tay	<https://panlex.org/snapshot/panlex-20191001-csv/114#8054670>				<https://panlex.org/snapshot/panlex-20191001-csv/114#8054333>		"aal"@cal	
"ŋuhuu"@tay	<https://panlex.org/snapshot/panlex-20191001-csv/114#8065481>				<https://panlex.org/snapshot/panlex-20191001-csv/114#8065108>		"bwootú-"@cal	
"ŋuhuu"@tay	<https://panlex.org/snapshot/panlex-20191001-csv/114#8065481>				<https://panlex.org/snapshot/panlex-20191001-csv/114#8065107>		"bwoot"@cal	
"bəhbah"@tay	<https://panlex.org/snapshot/panlex-20191001-csv/114#8057166>				<https://panlex.org/snapshot/panlex-20191001-csv/114#8056851>		"pwpwot"@cal	
"usiak"@tay	<https://panlex.org/snapshot/panlex-20191001-csv/11#787745>				<https://panlex.org/snapshot/panlex-20191001-csv/11#787511>		"schaal"@cal	
