"ɲ̀=sîn"@ofu	<https://panlex.org/snapshot/panlex-20191001-csv/3975#51732614>				<https://panlex.org/snapshot/panlex-20191001-csv/3975#51732655>		"хвост"@ru	
"ɲǝ́ŋ"@ofu	<https://panlex.org/snapshot/panlex-20191001-csv/3975#51730874>				<https://panlex.org/snapshot/panlex-20191001-csv/3975#51730924>		"видеть"@ru	
"é=ɲǝ́ɣǝ̀"@ofu	<https://panlex.org/snapshot/panlex-20191001-csv/3975#51721599>				<https://panlex.org/snapshot/panlex-20191001-csv/3975#51721641>		"черный"@ru	
"yúm"@ofu	<https://panlex.org/snapshot/panlex-20191001-csv/3975#51723359>				<https://panlex.org/snapshot/panlex-20191001-csv/3975#51723400>		"сухой"@ru	
"è=súsuɔ́g"@ofu	<https://panlex.org/snapshot/panlex-20191001-csv/3975#51721326>				<https://panlex.org/snapshot/panlex-20191001-csv/3975#51721364>		"птица"@ru	
"nuɔ́ŋǝ̄"@ofu	<https://panlex.org/snapshot/panlex-20191001-csv/3975#51727295>				<https://panlex.org/snapshot/panlex-20191001-csv/3975#51727343>		"лежать"@ru	
"m̀=mĩ̀ɛ̃̌"@ofu	<https://panlex.org/snapshot/panlex-20191001-csv/3975#51728291>				<https://panlex.org/snapshot/panlex-20191001-csv/3975#51728331>		"луна"@ru	
"è=mǝ̂n"@ofu	<https://panlex.org/snapshot/panlex-20191001-csv/3975#51733372>				<https://panlex.org/snapshot/panlex-20191001-csv/3975#51733412>		"зуб"@ru	
"à=tútuɔ̄"@ofu	<https://panlex.org/snapshot/panlex-20191001-csv/3975#51723647>				<https://panlex.org/snapshot/panlex-20191001-csv/3975#51723691>		"земля"@ru	
"é=tìtìɣǝ́"@ofu	<https://panlex.org/snapshot/panlex-20191001-csv/3975#51731763>				<https://panlex.org/snapshot/panlex-20191001-csv/3975#51731806>		"дым"@ru	
"a=lʌp"@ofu	<https://panlex.org/snapshot/panlex-20191001-csv/3975#51729903>				<https://panlex.org/snapshot/panlex-20191001-csv/3975#51729947>		"дождь"@ru	
"ɲ́=ɲuɔ̂"@ofu	<https://panlex.org/snapshot/panlex-20191001-csv/3975#51735915>				<https://panlex.org/snapshot/panlex-20191001-csv/3975#51735953>		"змея"@ru	
"zuɔ̀n"@ofu	<https://panlex.org/snapshot/panlex-20191001-csv/3975#51731160>				<https://panlex.org/snapshot/panlex-20191001-csv/3975#51731211>		"сидеть"@ru	
"ŋm̀=wuɔ̂"@ofu	<https://panlex.org/snapshot/panlex-20191001-csv/3975#51723052>				<https://panlex.org/snapshot/panlex-20191001-csv/3975#51723096>		"собака"@ru	
"ǹyɛ̀n=lúm"@ofu	<https://panlex.org/snapshot/panlex-20191001-csv/3975#51727846>				<https://panlex.org/snapshot/panlex-20191001-csv/3975#51727886>		"мужчина"@ru	
"ákpáŋà"@ofu	<https://panlex.org/snapshot/panlex-20191001-csv/3975#51727987>				<https://panlex.org/snapshot/panlex-20191001-csv/3975#51728030>		"много"@ru	
"gbiɛ́rǝ̀"@ofu	<https://panlex.org/snapshot/panlex-20191001-csv/3975#51727003>				<https://panlex.org/snapshot/panlex-20191001-csv/3975#51727044>		"знать"@ru	
"è=zí"@ofu	<https://panlex.org/snapshot/panlex-20191001-csv/3975#51723957>				<https://panlex.org/snapshot/panlex-20191001-csv/3975#51723994>		"яйцо"@ru	
"yuɔ́g"@ofu	<https://panlex.org/snapshot/panlex-20191001-csv/3975#51726110>				<https://panlex.org/snapshot/panlex-20191001-csv/3975#51726150>		"слышать"@ru	
"yuɔ́g"@ofu	<https://panlex.org/snapshot/panlex-20191001-csv/3975#51732478>				<https://panlex.org/snapshot/panlex-20191001-csv/3975#51732511>		"плавать"@ru	
"ń=zùn"@ofu	<https://panlex.org/snapshot/panlex-20191001-csv/3975#51732346>				<https://panlex.org/snapshot/panlex-20191001-csv/3975#51732390>		"солнце"@ru	
"ò=buɔ̂"@ofu	<https://panlex.org/snapshot/panlex-20191001-csv/3975#51725792>				<https://panlex.org/snapshot/panlex-20191001-csv/3975#51725836>		"рука"@ru	
"ǹ=niɛ̀"@ofu	<https://panlex.org/snapshot/panlex-20191001-csv/3975#51729758>				<https://panlex.org/snapshot/panlex-20191001-csv/3975#51729807>		"человек"@ru	
"duo"@ofu	<https://panlex.org/snapshot/panlex-20191001-csv/3975#51734796>				<https://panlex.org/snapshot/panlex-20191001-csv/3975#51734846>		"кто"@ru	
"war"@ofu	<https://panlex.org/snapshot/panlex-20191001-csv/3975#51734347>				<https://panlex.org/snapshot/panlex-20191001-csv/3975#51734417>		"мы"@ru	
"è=lùb-lúb"@ofu	<https://panlex.org/snapshot/panlex-20191001-csv/3975#51735360>				<https://panlex.org/snapshot/panlex-20191001-csv/3975#51735400>		"тяжелый"@ru	
"m̀=bìŋ"@ofu	<https://panlex.org/snapshot/panlex-20191001-csv/3975#51728700>				<https://panlex.org/snapshot/panlex-20191001-csv/3975#51728744>		"имя"@ru	
"è=tán"@ofu	<https://panlex.org/snapshot/panlex-20191001-csv/3975#51732187>				<https://panlex.org/snapshot/panlex-20191001-csv/3975#51732228>		"камень"@ru	
"yíːmǝ̀"@ofu	<https://panlex.org/snapshot/panlex-20191001-csv/3975#51731901>				<https://panlex.org/snapshot/panlex-20191001-csv/3975#51731939>		"стоять"@ru	
"e=dak"@ofu	<https://panlex.org/snapshot/panlex-20191001-csv/3975#51730703>				<https://panlex.org/snapshot/panlex-20191001-csv/3975#51730751>		"сказать"@ru	
"è=tíŋà"@ofu	<https://panlex.org/snapshot/panlex-20191001-csv/3975#51725379>				<https://panlex.org/snapshot/panlex-20191001-csv/3975#51725425>		"хороший"@ru	
"ǹ=tûŋ"@ofu	<https://panlex.org/snapshot/panlex-20191001-csv/3975#51720781>				<https://panlex.org/snapshot/panlex-20191001-csv/3975#51720821>		"пепел"@ru	
"è=dùrándù"@ofu	<https://panlex.org/snapshot/panlex-20191001-csv/3975#51732043>				<https://panlex.org/snapshot/panlex-20191001-csv/3975#51732095>		"звезда"@ru	
"ŋ̀=gǝ̌ŋ"@ofu	<https://panlex.org/snapshot/panlex-20191001-csv/3975#51722021>				<https://panlex.org/snapshot/panlex-20191001-csv/3975#51722063>		"грудь"@ru	
"báβà"@ofu	<https://panlex.org/snapshot/panlex-20191001-csv/3975#51735498>				<https://panlex.org/snapshot/panlex-20191001-csv/3975#51735544>		"близко"@ru	
"è=tím"@ofu	<https://panlex.org/snapshot/panlex-20191001-csv/3975#51726250>				<https://panlex.org/snapshot/panlex-20191001-csv/3975#51726293>		"сердце"@ru	
"wo"@ofu	<https://panlex.org/snapshot/panlex-20191001-csv/3975#51733060>				<https://panlex.org/snapshot/panlex-20191001-csv/3975#51733110>		"ты"@ru	
"wuɔ́"@ofu	<https://panlex.org/snapshot/panlex-20191001-csv/3975#51723214>				<https://panlex.org/snapshot/panlex-20191001-csv/3975#51723262>		"пить"@ru	
"ò=là"@ofu	<https://panlex.org/snapshot/panlex-20191001-csv/3975#51721038>				<https://panlex.org/snapshot/panlex-20191001-csv/3975#51721079>		"живот"@ru	
"yiɛ́"@ofu	<https://panlex.org/snapshot/panlex-20191001-csv/3975#51723814>				<https://panlex.org/snapshot/panlex-20191001-csv/3975#51723868>		"есть"@ru	
"ɲ̀=ɲàm"@ofu	<https://panlex.org/snapshot/panlex-20191001-csv/3975#51728142>				<https://panlex.org/snapshot/panlex-20191001-csv/3975#51728188>		"мясо"@ru	
"è=sàn"@ofu	<https://panlex.org/snapshot/panlex-20191001-csv/3975#51724957>				<https://panlex.org/snapshot/panlex-20191001-csv/3975#51725000>		"нога"@ru	
"ǯɛn"@ofu	<https://panlex.org/snapshot/panlex-20191001-csv/3975#51734522>				<https://panlex.org/snapshot/panlex-20191001-csv/3975#51734573>		"что"@ru	
"à=fuɔ̂m"@ofu	<https://panlex.org/snapshot/panlex-20191001-csv/3975#51724259>				<https://panlex.org/snapshot/panlex-20191001-csv/3975#51724296>		"жир"@ru	
"è=miɛ̀n"@ofu	<https://panlex.org/snapshot/panlex-20191001-csv/3975#51728836>				<https://panlex.org/snapshot/panlex-20191001-csv/3975#51728878>		"шея"@ru	
"m̀=muɔ̀g"@ofu	<https://panlex.org/snapshot/panlex-20191001-csv/3975#51731006>				<https://panlex.org/snapshot/panlex-20191001-csv/3975#51731039>		"семя"@ru	
"à=tuɔ́"@ofu	<https://panlex.org/snapshot/panlex-20191001-csv/3975#51723646>				<https://panlex.org/snapshot/panlex-20191001-csv/3975#51723691>		"земля"@ru	
"ɲyama-lep"@ofu	<https://panlex.org/snapshot/panlex-20191001-csv/3975#51724678>				<https://panlex.org/snapshot/panlex-20191001-csv/3975#51724723>		"рыба"@ru	
"me"@ofu	<https://panlex.org/snapshot/panlex-20191001-csv/3975#51726556>				<https://panlex.org/snapshot/panlex-20191001-csv/3975#51726620>		"я"@ru	
"à=kǝ̂ŋ"@ofu	<https://panlex.org/snapshot/panlex-20191001-csv/3975#51735636>				<https://panlex.org/snapshot/panlex-20191001-csv/3975#51735677>		"соль"@ru	
"ɱ̀=fiɛ̂b"@ofu	<https://panlex.org/snapshot/panlex-20191001-csv/3975#51736197>				<https://panlex.org/snapshot/panlex-20191001-csv/3975#51736240>		"ветер"@ru	
"fí"@ofu	<https://panlex.org/snapshot/panlex-20191001-csv/3975#51722164>				<https://panlex.org/snapshot/panlex-20191001-csv/3975#51722207>		"жечь"@ru	
"ŋ̀=gʋ̂n"@ofu	<https://panlex.org/snapshot/panlex-20191001-csv/3975#51724535>				<https://panlex.org/snapshot/panlex-20191001-csv/3975#51724580>		"огонь"@ru	
"ǹ=tǝ́ŋá"@ofu	<https://panlex.org/snapshot/panlex-20191001-csv/3975#51726383>				<https://panlex.org/snapshot/panlex-20191001-csv/3975#51726424>		"рог"@ru	
"bá"@ofu	<https://panlex.org/snapshot/panlex-20191001-csv/3975#51722727>				<https://panlex.org/snapshot/panlex-20191001-csv/3975#51722782>		"приходить"@ru	
"ɛ́=fiɛ̀"@ofu	<https://panlex.org/snapshot/panlex-20191001-csv/3975#51728967>				<https://panlex.org/snapshot/panlex-20191001-csv/3975#51729007>		"новый"@ru	
"sɨŋ"@ofu	<https://panlex.org/snapshot/panlex-20191001-csv/3975#51733838>				<https://panlex.org/snapshot/panlex-20191001-csv/3975#51733910>		"идти"@ru	
"à=lʋ́ŋ"@ofu	<https://panlex.org/snapshot/panlex-20191001-csv/3975#51721745>				<https://panlex.org/snapshot/panlex-20191001-csv/3975#51721789>		"кровь"@ru	
"è=mǝ̂r"@ofu	<https://panlex.org/snapshot/panlex-20191001-csv/3975#51724114>				<https://panlex.org/snapshot/panlex-20191001-csv/3975#51724156>		"глаз"@ru	
"fie-fie"@ofu	<https://panlex.org/snapshot/panlex-20191001-csv/3975#51720640>				<https://panlex.org/snapshot/panlex-20191001-csv/3975#51720681>		"весь"@ru	
"è=gʋ̌n"@ofu	<https://panlex.org/snapshot/panlex-20191001-csv/3975#51728409>				<https://panlex.org/snapshot/panlex-20191001-csv/3975#51728447>		"гора"@ru	
"è=fʋ̌r"@ofu	<https://panlex.org/snapshot/panlex-20191001-csv/3975#51724386>				<https://panlex.org/snapshot/panlex-20191001-csv/3975#51724420>		"перо"@ru	
"ŋ̀=gùgù"@ofu	<https://panlex.org/snapshot/panlex-20191001-csv/3975#51731318>				<https://panlex.org/snapshot/panlex-20191001-csv/3975#51731357>		"кожа"@ru	
"ǹ=duɔ̌g"@ofu	<https://panlex.org/snapshot/panlex-20191001-csv/3975#51730314>				<https://panlex.org/snapshot/panlex-20191001-csv/3975#51730346>		"корень"@ru	
"á=βân"@ofu	<https://panlex.org/snapshot/panlex-20191001-csv/3975#51733677>				<https://panlex.org/snapshot/panlex-20191001-csv/3975#51733724>		"два"@ru	
"ò=tʋ̂ŋ"@ofu	<https://panlex.org/snapshot/panlex-20191001-csv/3975#51723503>				<https://panlex.org/snapshot/panlex-20191001-csv/3975#51723546>		"ухо"@ru	
"ǯyɛn"@ofu	<https://panlex.org/snapshot/panlex-20191001-csv/3975#51734523>				<https://panlex.org/snapshot/panlex-20191001-csv/3975#51734573>		"что"@ru	
"è=tǝ́ŋ=à=tù"@ofu	<https://panlex.org/snapshot/panlex-20191001-csv/3975#51729123>				<https://panlex.org/snapshot/panlex-20191001-csv/3975#51729166>		"ночь"@ru	
"ò=guɔ̀ɣ-óguɔ̀g"@ofu	<https://panlex.org/snapshot/panlex-20191001-csv/3975#51735102>				<https://panlex.org/snapshot/panlex-20191001-csv/3975#51735141>		"жёлтый"@ru	
"è=dʋ̂ŋ"@ofu	<https://panlex.org/snapshot/panlex-20191001-csv/3975#51726860>				<https://panlex.org/snapshot/panlex-20191001-csv/3975#51726907>		"колено"@ru	
"lán"@ofu	<https://panlex.org/snapshot/panlex-20191001-csv/3975#51731470>				<https://panlex.org/snapshot/panlex-20191001-csv/3975#51731514>		"спать"@ru	
"è=sî"@ofu	<https://panlex.org/snapshot/panlex-20191001-csv/3975#51725949>				<https://panlex.org/snapshot/panlex-20191001-csv/3975#51725994>		"голова"@ru	
"è=lû"@ofu	<https://panlex.org/snapshot/panlex-20191001-csv/3975#51725644>				<https://panlex.org/snapshot/panlex-20191001-csv/3975#51725689>		"волосы"@ru	
"é=kárɛ̀-nkā"@ofu	<https://panlex.org/snapshot/panlex-20191001-csv/3975#51730425>				<https://panlex.org/snapshot/panlex-20191001-csv/3975#51730451>		"круглый"@ru	
"yún"@ofu	<https://panlex.org/snapshot/panlex-20191001-csv/3975#51726722>				<https://panlex.org/snapshot/panlex-20191001-csv/3975#51726764>		"убивать"@ru	
"ḿ=báːnǝ̀"@ofu	<https://panlex.org/snapshot/panlex-20191001-csv/3975#51727700>				<https://panlex.org/snapshot/panlex-20191001-csv/3975#51727737>		"вошь"@ru	
"m̀=mʋ̂n"@ofu	<https://panlex.org/snapshot/panlex-20191001-csv/3975#51729280>				<https://panlex.org/snapshot/panlex-20191001-csv/3975#51729325>		"нос"@ru	
"è=sísíè"@ofu	<https://panlex.org/snapshot/panlex-20191001-csv/3975#51730547>				<https://panlex.org/snapshot/panlex-20191001-csv/3975#51730581>		"песок"@ru	
"à=lǝ́b"@ofu	<https://panlex.org/snapshot/panlex-20191001-csv/3975#51734144>				<https://panlex.org/snapshot/panlex-20191001-csv/3975#51734188>		"вода"@ru	
"zízî"@ofu	<https://panlex.org/snapshot/panlex-20191001-csv/3975#51729608>				<https://panlex.org/snapshot/panlex-20191001-csv/3975#51729654>		"один"@ru	
"è=kǝ́b"@ofu	<https://panlex.org/snapshot/panlex-20191001-csv/3975#51721888>				<https://panlex.org/snapshot/panlex-20191001-csv/3975#51721928>		"кость"@ru	
"m̀ː=bá"@ofu	<https://panlex.org/snapshot/panlex-20191001-csv/3975#51730184>				<https://panlex.org/snapshot/panlex-20191001-csv/3975#51730230>		"дорога"@ru	
"è=kíkǝ̀m"@ofu	<https://panlex.org/snapshot/panlex-20191001-csv/3975#51735772>				<https://panlex.org/snapshot/panlex-20191001-csv/3975#51735812>		"короткий"@ru	
"í=ɲyô"@ofu	<https://panlex.org/snapshot/panlex-20191001-csv/3975#51728554>				<https://panlex.org/snapshot/panlex-20191001-csv/3975#51728601>		"рот"@ru	
"ka"@ofu	<https://panlex.org/snapshot/panlex-20191001-csv/3975#51725228>				<https://panlex.org/snapshot/panlex-20191001-csv/3975#51725277>		"давать"@ru	
"ɲ́=suɔ́ŋǝ̄"@ofu	<https://panlex.org/snapshot/panlex-20191001-csv/3975#51736311>				<https://panlex.org/snapshot/panlex-20191001-csv/3975#51736338>		"червяк"@ru	
"ǹ=luɔ̀g"@ofu	<https://panlex.org/snapshot/panlex-20191001-csv/3975#51722557>				<https://panlex.org/snapshot/panlex-20191001-csv/3975#51722594>		"холодный"@ru	
"è=kpǝ́ɣá"@ofu	<https://panlex.org/snapshot/panlex-20191001-csv/3975#51720912>				<https://panlex.org/snapshot/panlex-20191001-csv/3975#51720945>		"кора"@ru	
"fúːβǝ̀"@ofu	<https://panlex.org/snapshot/panlex-20191001-csv/3975#51724814>				<https://panlex.org/snapshot/panlex-20191001-csv/3975#51724849>		"летать"@ru	
"é=ɲánǝ́"@ofu	<https://panlex.org/snapshot/panlex-20191001-csv/3975#51727142>				<https://panlex.org/snapshot/panlex-20191001-csv/3975#51727185>		"лист"@ru	
"e=bara-bara"@ofu	<https://panlex.org/snapshot/panlex-20191001-csv/3975#51734657>				<https://panlex.org/snapshot/panlex-20191001-csv/3975#51734696>		"белый"@ru	
"ń=ʒùn"@ofu	<https://panlex.org/snapshot/panlex-20191001-csv/3975#51732345>				<https://panlex.org/snapshot/panlex-20191001-csv/3975#51732390>		"солнце"@ru	
"kpɔ́"@ofu	<https://panlex.org/snapshot/panlex-20191001-csv/3975#51722897>				<https://panlex.org/snapshot/panlex-20191001-csv/3975#51722943>		"умирать"@ru	
"gǝ́ŋ"@ofu	<https://panlex.org/snapshot/panlex-20191001-csv/3975#51721463>				<https://panlex.org/snapshot/panlex-20191001-csv/3975#51721501>		"кусать"@ru	
"é=líːβǝ̀"@ofu	<https://panlex.org/snapshot/panlex-20191001-csv/3975#51733216>				<https://panlex.org/snapshot/panlex-20191001-csv/3975#51733260>		"язык"@ru	
"è=miɛ̂r"@ofu	<https://panlex.org/snapshot/panlex-20191001-csv/3975#51727440>				<https://panlex.org/snapshot/panlex-20191001-csv/3975#51727480>		"печень"@ru	
"é=dàbá-ndà"@ofu	<https://panlex.org/snapshot/panlex-20191001-csv/3975#51727572>				<https://panlex.org/snapshot/panlex-20191001-csv/3975#51727609>		"длинный"@ru	
"ǹ=lâ"@ofu	<https://panlex.org/snapshot/panlex-20191001-csv/3975#51736440>				<https://panlex.org/snapshot/panlex-20191001-csv/3975#51736480>		"год"@ru	
"é=bíːná"@ofu	<https://panlex.org/snapshot/panlex-20191001-csv/3975#51730044>				<https://panlex.org/snapshot/panlex-20191001-csv/3975#51730085>		"красный"@ru	
"è=tí"@ofu	<https://panlex.org/snapshot/panlex-20191001-csv/3975#51733519>				<https://panlex.org/snapshot/panlex-20191001-csv/3975#51733565>		"дерево"@ru	
"niɛ̀ŋ=kán"@ofu	<https://panlex.org/snapshot/panlex-20191001-csv/3975#51734968>				<https://panlex.org/snapshot/panlex-20191001-csv/3975#51735019>		"женщина"@ru	
