"pumɛ̃"@ane	<https://panlex.org/snapshot/panlex-20191001-csv/114#8060899>				<https://panlex.org/snapshot/panlex-20191001-csv/114#8061137>		"qabaga"@msk	
"dɛ̃"@ane	<https://panlex.org/snapshot/panlex-20191001-csv/114#8059811>				<https://panlex.org/snapshot/panlex-20191001-csv/114#8060069>		"qatay"@msk	
"də"@ane	<https://panlex.org/snapshot/panlex-20191001-csv/114#8057781>				<https://panlex.org/snapshot/panlex-20191001-csv/114#8058037>		"likud nang qutaw"@msk	
"bata"@ane	<https://panlex.org/snapshot/panlex-20191001-csv/114#8062384>				<https://panlex.org/snapshot/panlex-20191001-csv/114#8062660>		"qallɨk"@msk	
"çɛdɛnũrũ"@ane	<https://panlex.org/snapshot/panlex-20191001-csv/114#8052670>				<https://panlex.org/snapshot/panlex-20191001-csv/114#8052904>		"karintu na qutaw"@msk	
"šɛpwĩrĩ"@ane	<https://panlex.org/snapshot/panlex-20191001-csv/114#8055278>				<https://panlex.org/snapshot/panlex-20191001-csv/114#8055527>		"sigɨng"@msk	
"ñɪ"@ane	<https://panlex.org/snapshot/panlex-20191001-csv/114#8058845>				<https://panlex.org/snapshot/panlex-20191001-csv/114#8059105>		"pɨsaq"@msk	
"kurumɛ"@ane	<https://panlex.org/snapshot/panlex-20191001-csv/114#8067620>				<https://panlex.org/snapshot/panlex-20191001-csv/114#8067886>		"dilaq"@msk	
