"xwãĨ"@ane	<https://panlex.org/snapshot/panlex-20191001-csv/114#8054284>				<https://panlex.org/snapshot/panlex-20191001-csv/114#8054545>		"gauru"@nak	
"xwãĨ"@ane	<https://panlex.org/snapshot/panlex-20191001-csv/114#8054284>				<https://panlex.org/snapshot/panlex-20191001-csv/114#8054546>		"la gauru"@nak	
"pumɛ̃"@ane	<https://panlex.org/snapshot/panlex-20191001-csv/114#8060899>				<https://panlex.org/snapshot/panlex-20191001-csv/114#8061152>		"la beo la"@nak	
"pumɛ̃"@ane	<https://panlex.org/snapshot/panlex-20191001-csv/114#8060899>				<https://panlex.org/snapshot/panlex-20191001-csv/114#8061153>		"pala"@nak	
"pumɛ̃"@ane	<https://panlex.org/snapshot/panlex-20191001-csv/114#8060899>				<https://panlex.org/snapshot/panlex-20191001-csv/114#8061150>		"beho"@nak	
"pumɛ̃"@ane	<https://panlex.org/snapshot/panlex-20191001-csv/114#8060899>				<https://panlex.org/snapshot/panlex-20191001-csv/114#8061151>		"belo"@nak	
"dɛ̃"@ane	<https://panlex.org/snapshot/panlex-20191001-csv/114#8059811>				<https://panlex.org/snapshot/panlex-20191001-csv/114#8060085>		"hate"@nak	
"dɛ̃"@ane	<https://panlex.org/snapshot/panlex-20191001-csv/114#8059811>				<https://panlex.org/snapshot/panlex-20191001-csv/114#8060086>		"la hate la"@nak	
"də"@ane	<https://panlex.org/snapshot/panlex-20191001-csv/114#8057781>				<https://panlex.org/snapshot/panlex-20191001-csv/114#8058057>		"poke"@nak	
"də"@ane	<https://panlex.org/snapshot/panlex-20191001-csv/114#8057781>				<https://panlex.org/snapshot/panlex-20191001-csv/114#8058056>		"poga"@nak	
"də"@ane	<https://panlex.org/snapshot/panlex-20191001-csv/114#8057781>				<https://panlex.org/snapshot/panlex-20191001-csv/114#8058055>		"la poke la"@nak	
"bata"@ane	<https://panlex.org/snapshot/panlex-20191001-csv/114#8062384>				<https://panlex.org/snapshot/panlex-20191001-csv/114#8062677>		"matau"@nak	
"bata"@ane	<https://panlex.org/snapshot/panlex-20191001-csv/114#8062384>				<https://panlex.org/snapshot/panlex-20191001-csv/114#8062676>		"fafaga"@nak	
"bata"@ane	<https://panlex.org/snapshot/panlex-20191001-csv/114#8062384>				<https://panlex.org/snapshot/panlex-20191001-csv/114#8062678>		"taga"@nak	
"çɛdɛnũrũ"@ane	<https://panlex.org/snapshot/panlex-20191001-csv/114#8052670>				<https://panlex.org/snapshot/panlex-20191001-csv/114#8052919>		"e gata"@nak	
"çɛdɛnũrũ"@ane	<https://panlex.org/snapshot/panlex-20191001-csv/114#8052670>				<https://panlex.org/snapshot/panlex-20191001-csv/114#8052920>		"gata"@nak	
"çɛdɛnũrũ"@ane	<https://panlex.org/snapshot/panlex-20191001-csv/114#8052670>				<https://panlex.org/snapshot/panlex-20191001-csv/114#8052921>		"labalaba"@nak	
"šɛpwĩrĩ"@ane	<https://panlex.org/snapshot/panlex-20191001-csv/114#8055278>				<https://panlex.org/snapshot/panlex-20191001-csv/114#8055546>		"vuvulo"@nak	
"šɛpwĩrĩ"@ane	<https://panlex.org/snapshot/panlex-20191001-csv/114#8055278>				<https://panlex.org/snapshot/panlex-20191001-csv/114#8055545>		"vulo"@nak	
"ñɪ"@ane	<https://panlex.org/snapshot/panlex-20191001-csv/114#8058845>				<https://panlex.org/snapshot/panlex-20191001-csv/114#8059123>		"tuha"@nak	
"ñɪ"@ane	<https://panlex.org/snapshot/panlex-20191001-csv/114#8058845>				<https://panlex.org/snapshot/panlex-20191001-csv/114#8059122>		"la fua la"@nak	
"mʌʌbwi"@ane	<https://panlex.org/snapshot/panlex-20191001-csv/114#8065592>				<https://panlex.org/snapshot/panlex-20191001-csv/114#8065828>		"lalahate"@nak	
"mʌʌbwi"@ane	<https://panlex.org/snapshot/panlex-20191001-csv/114#8065592>				<https://panlex.org/snapshot/panlex-20191001-csv/114#8065826>		"la-hate"@nak	
"mʌʌbwi"@ane	<https://panlex.org/snapshot/panlex-20191001-csv/114#8065592>				<https://panlex.org/snapshot/panlex-20191001-csv/114#8065827>		"lala"@nak	
"kurumɛ"@ane	<https://panlex.org/snapshot/panlex-20191001-csv/114#8067620>				<https://panlex.org/snapshot/panlex-20191001-csv/114#8067902>		"kalamea"@nak	
"kurumɛ"@ane	<https://panlex.org/snapshot/panlex-20191001-csv/114#8067620>				<https://panlex.org/snapshot/panlex-20191001-csv/114#8067903>		"la ka lamea la"@nak	
