"xwãĨ"@ane	<https://panlex.org/snapshot/panlex-20191001-csv/114#8054284>				<https://panlex.org/snapshot/panlex-20191001-csv/114#8054574>		"ala"@ojv	
"dɛ̃"@ane	<https://panlex.org/snapshot/panlex-20191001-csv/114#8059811>				<https://panlex.org/snapshot/panlex-20191001-csv/114#8060112>		"àte"@ojv	
"də"@ane	<https://panlex.org/snapshot/panlex-20191001-csv/114#8057781>				<https://panlex.org/snapshot/panlex-20191001-csv/114#8058082>		"aŋa/kua"@ojv	
"bata"@ane	<https://panlex.org/snapshot/panlex-20191001-csv/114#8062384>				<https://panlex.org/snapshot/panlex-20191001-csv/114#8062702>		"maka`u"@ojv	
"ñɪ"@ane	<https://panlex.org/snapshot/panlex-20191001-csv/114#8058845>				<https://panlex.org/snapshot/panlex-20191001-csv/114#8059151>		"ivi"@ojv	
"mʌʌbwi"@ane	<https://panlex.org/snapshot/panlex-20191001-csv/114#8065592>				<https://panlex.org/snapshot/panlex-20191001-csv/114#8065854>		"maanava"@ojv	
"kurumɛ"@ane	<https://panlex.org/snapshot/panlex-20191001-csv/114#8067620>				<https://panlex.org/snapshot/panlex-20191001-csv/114#8067930>		"alelo"@ojv	
