"dəmá[kei]"@kis	<https://panlex.org/snapshot/panlex-20191001-csv/114#8051812>				<https://panlex.org/snapshot/panlex-20191001-csv/114#8051919>		"lagŋak teren"@mmx	
"dəmá[kei]"@kis	<https://panlex.org/snapshot/panlex-20191001-csv/114#8051812>				<https://panlex.org/snapshot/panlex-20191001-csv/114#8051920>		"lengen"@mmx	
"wisuk"@kis	<https://panlex.org/snapshot/panlex-20191001-csv/114#8056451>				<https://panlex.org/snapshot/panlex-20191001-csv/114#8056536>		"i bilinga"@mmx	
"rou"@kis	<https://panlex.org/snapshot/panlex-20191001-csv/114#8064666>				<https://panlex.org/snapshot/panlex-20191001-csv/114#8064757>		"lavat kambinim teren"@mmx	
"dəmá yigi"@kis	<https://panlex.org/snapshot/panlex-20191001-csv/114#8052343>				<https://panlex.org/snapshot/panlex-20191001-csv/114#8052427>		"longen piang (kia)"@mmx	
"təpákei"@kis	<https://panlex.org/snapshot/panlex-20191001-csv/114#8061037>				<https://panlex.org/snapshot/panlex-20191001-csv/114#8061121>		"la kaka"@mmx	
"até"@kis	<https://panlex.org/snapshot/panlex-20191001-csv/114#8059960>				<https://panlex.org/snapshot/panlex-20191001-csv/114#8060055>		"levere teren"@mmx	
"kei"@kis	<https://panlex.org/snapshot/panlex-20191001-csv/114#8053886>				<https://panlex.org/snapshot/panlex-20191001-csv/114#8053990>		"lt pas"@mmx	
"kei"@kis	<https://panlex.org/snapshot/panlex-20191001-csv/114#8053886>				<https://panlex.org/snapshot/panlex-20191001-csv/114#8053989>		"i yonon"@mmx	
