"dan"@kis	<https://panlex.org/snapshot/panlex-20191001-csv/12#850988>				<https://panlex.org/snapshot/panlex-20191001-csv/12#850968>		"were"@irh	
"dəmá[kei]"@kis	<https://panlex.org/snapshot/panlex-20191001-csv/114#8051812>				<https://panlex.org/snapshot/panlex-20191001-csv/114#8051789>		"fra-"@irh	
"wisuk"@kis	<https://panlex.org/snapshot/panlex-20191001-csv/114#8056451>				<https://panlex.org/snapshot/panlex-20191001-csv/114#8056419>		"fise"@irh	
"rou"@kis	<https://panlex.org/snapshot/panlex-20191001-csv/114#8064666>				<https://panlex.org/snapshot/panlex-20191001-csv/114#8064642>		"rogwin fru"@irh	
"dəmá yigi"@kis	<https://panlex.org/snapshot/panlex-20191001-csv/114#8052343>				<https://panlex.org/snapshot/panlex-20191001-csv/114#8052320>		"trire"@irh	
"təpákei"@kis	<https://panlex.org/snapshot/panlex-20191001-csv/114#8061037>				<https://panlex.org/snapshot/panlex-20191001-csv/114#8061018>		"fəravo"@irh	
"até"@kis	<https://panlex.org/snapshot/panlex-20191001-csv/114#8059960>				<https://panlex.org/snapshot/panlex-20191001-csv/114#8059941>		"-te"@irh	
"kei"@kis	<https://panlex.org/snapshot/panlex-20191001-csv/114#8053886>				<https://panlex.org/snapshot/panlex-20191001-csv/114#8053855>		"-fanə"@irh	
