"nʔonaʁa"@tmf	<https://panlex.org/snapshot/panlex-20191001-csv/1573#50084231>				<https://panlex.org/snapshot/panlex-20191001-csv/1573#50084389>		"pusta"@rom	
"nʔonaʁa"@tmf	<https://panlex.org/snapshot/panlex-20191001-csv/1573#50084231>				<https://panlex.org/snapshot/panlex-20191001-csv/1573#50084388>		"kimpo"@rom	
"l-ḳaʁa-yaʁalate"@tmf	<https://panlex.org/snapshot/panlex-20191001-csv/1573#50084748>				<https://panlex.org/snapshot/panlex-20191001-csv/1573#50084848>		"inzelo"@rom	
"lapel"@tmf	<https://panlex.org/snapshot/panlex-20191001-csv/1573#50086940>				<https://panlex.org/snapshot/panlex-20191001-csv/1573#50087040>		"pai"@rom	
"lʸ-iʔigelaʁa-so"@tmf	<https://panlex.org/snapshot/panlex-20191001-csv/1573#50088685>				<https://panlex.org/snapshot/panlex-20191001-csv/1573#50088763>		"balval-ioʀ-i"@rom	
"delek"@tmf	<https://panlex.org/snapshot/panlex-20191001-csv/1573#50084747>				<https://panlex.org/snapshot/panlex-20191001-csv/1573#50084848>		"inzelo"@rom	
"l-tokot"@tmf	<https://panlex.org/snapshot/panlex-20191001-csv/1573#50083932>				<https://panlex.org/snapshot/panlex-20191001-csv/1573#50084051>		"hunia"@rom	
"l-tokot"@tmf	<https://panlex.org/snapshot/panlex-20191001-csv/1573#50083932>				<https://panlex.org/snapshot/panlex-20191001-csv/1573#50084052>		"roko"@rom	
"l-či"@tmf	<https://panlex.org/snapshot/panlex-20191001-csv/1573#50086527>				<https://panlex.org/snapshot/panlex-20191001-csv/1573#50086623>		"bali"@rom	
"awiaḳ"@tmf	<https://panlex.org/snapshot/panlex-20191001-csv/1573#50089712>				<https://panlex.org/snapshot/panlex-20191001-csv/1573#50089850>		"veš"@rom	
"tala"@tmf	<https://panlex.org/snapshot/panlex-20191001-csv/1573#50088309>				<https://panlex.org/snapshot/panlex-20191001-csv/1573#50088514>		"doreavo"@rom	
"tala"@tmf	<https://panlex.org/snapshot/panlex-20191001-csv/1573#50088309>				<https://panlex.org/snapshot/panlex-20191001-csv/1573#50088515>		"len"@rom	
"tala"@tmf	<https://panlex.org/snapshot/panlex-20191001-csv/1573#50088309>				<https://panlex.org/snapshot/panlex-20191001-csv/1573#50088513>		"deriav"@rom	
"ḳaʔim"@tmf	<https://panlex.org/snapshot/panlex-20191001-csv/1573#50089266>				<https://panlex.org/snapshot/panlex-20191001-csv/1573#50089384>		"rito"@rom	
"awak"@tmf	<https://panlex.org/snapshot/panlex-20191001-csv/1573#50085457>				<https://panlex.org/snapshot/panlex-20191001-csv/1573#50085575>		"groapa"@rom	
"komaʔ"@tmf	<https://panlex.org/snapshot/panlex-20191001-csv/1573#50090558>				<https://panlex.org/snapshot/panlex-20191001-csv/1573#50090747>		"baʀ"@rom	
"ḳaʔ"@tmf	<https://panlex.org/snapshot/panlex-20191001-csv/1573#50090559>				<https://panlex.org/snapshot/panlex-20191001-csv/1573#50090747>		"baʀ"@rom	
"l-koči"@tmf	<https://panlex.org/snapshot/panlex-20191001-csv/1573#50086526>				<https://panlex.org/snapshot/panlex-20191001-csv/1573#50086623>		"bali"@rom	
"pigem"@tmf	<https://panlex.org/snapshot/panlex-20191001-csv/1573#50091112>				<https://panlex.org/snapshot/panlex-20191001-csv/1573#50091215>		"čeri"@rom	
"pigem"@tmf	<https://panlex.org/snapshot/panlex-20191001-csv/1573#50091112>				<https://panlex.org/snapshot/panlex-20191001-csv/1573#50091214>		"del"@rom	
"pigem"@tmf	<https://panlex.org/snapshot/panlex-20191001-csv/1573#50091112>				<https://panlex.org/snapshot/panlex-20191001-csv/1573#50091213>		"bolimos"@rom	
"ḳoʔipaḳ"@tmf	<https://panlex.org/snapshot/panlex-20191001-csv/1573#50090008>				<https://panlex.org/snapshot/panlex-20191001-csv/1573#50090117>		"kaš"@rom	
"ḳoʔipaḳ"@tmf	<https://panlex.org/snapshot/panlex-20191001-csv/1573#50090008>				<https://panlex.org/snapshot/panlex-20191001-csv/1573#50090118>		"rukʰ"@rom	
"l-tog-aʁasom"@tmf	<https://panlex.org/snapshot/panlex-20191001-csv/1573#50087140>				<https://panlex.org/snapshot/panlex-20191001-csv/1573#50087215>		"golfo"@rom	
"l-apaʁa"@tmf	<https://panlex.org/snapshot/panlex-20191001-csv/1573#50087688>				<https://panlex.org/snapshot/panlex-20191001-csv/1573#50087794>		"talazo"@rom	
"n-šaʁa"@tmf	<https://panlex.org/snapshot/panlex-20191001-csv/1573#50082958>				<https://panlex.org/snapshot/panlex-20191001-csv/1573#50083099>		"čik"@rom	
"atoʁo"@tmf	<https://panlex.org/snapshot/panlex-20191001-csv/1573#50083233>				<https://panlex.org/snapshot/panlex-20191001-csv/1573#50083348>		"tisai"@rom	
"ʔet-aʁat"@tmf	<https://panlex.org/snapshot/panlex-20191001-csv/1573#50085706>				<https://panlex.org/snapshot/panlex-20191001-csv/1573#50085820>		"pai"@rom	
"awaʁai"@tmf	<https://panlex.org/snapshot/panlex-20191001-csv/1573#50085958>				<https://panlex.org/snapshot/panlex-20191001-csv/1573#50086058>		"marea"@rom	
"awaʁai"@tmf	<https://panlex.org/snapshot/panlex-20191001-csv/1573#50085958>				<https://panlex.org/snapshot/panlex-20191001-csv/1573#50086057>		"deriav"@rom	
"awaʁai"@tmf	<https://panlex.org/snapshot/panlex-20191001-csv/1573#50086738>				<https://panlex.org/snapshot/panlex-20191001-csv/1573#50086811>		"marea"@rom	
"kaʔam-ge"@tmf	<https://panlex.org/snapshot/panlex-20191001-csv/1573#50084534>				<https://panlex.org/snapshot/panlex-20191001-csv/1573#50084638>		"xar"@rom	
"ɲ-iʔilʸ-oʁoki"@tmf	<https://panlex.org/snapshot/panlex-20191001-csv/1573#50088932>				<https://panlex.org/snapshot/panlex-20191001-csv/1573#50089107>		"xaing"@rom	
"l-alat-ek"@tmf	<https://panlex.org/snapshot/panlex-20191001-csv/1573#50087288>				<https://panlex.org/snapshot/panlex-20191001-csv/1573#50087343>		"marya-ko reko"@rom	
"l-alat-ek"@tmf	<https://panlex.org/snapshot/panlex-20191001-csv/1573#50087288>				<https://panlex.org/snapshot/panlex-20191001-csv/1573#50087342>		"laguno"@rom	
"nalaʔ"@tmf	<https://panlex.org/snapshot/panlex-20191001-csv/1573#50091360>				<https://panlex.org/snapshot/panlex-20191001-csv/1573#50091471>		"kʰam"@rom	
"n-ačol-aʁan-aʁa"@tmf	<https://panlex.org/snapshot/panlex-20191001-csv/1573#50090905>				<https://panlex.org/snapshot/panlex-20191001-csv/1573#50090985>		"isdra-imos pʰuv-iako"@rom	
"ʔalwa"@tmf	<https://panlex.org/snapshot/panlex-20191001-csv/1573#50082364>				<https://panlex.org/snapshot/panlex-20191001-csv/1573#50082519>		"pʰuv"@rom	
"ʔalwa"@tmf	<https://panlex.org/snapshot/panlex-20191001-csv/1573#50082042>				<https://panlex.org/snapshot/panlex-20191001-csv/1573#50082189>		"pʰuv"@rom	
"ʔalwa"@tmf	<https://panlex.org/snapshot/panlex-20191001-csv/1573#50081770>				<https://panlex.org/snapshot/panlex-20191001-csv/1573#50081875>		"lumia"@rom	
"l-oi-ge"@tmf	<https://panlex.org/snapshot/panlex-20191001-csv/1573#50085147>				<https://panlex.org/snapshot/panlex-20191001-csv/1573#50085299>		"prasav"@rom	
"n-amoʁo-yaʁa"@tmf	<https://panlex.org/snapshot/panlex-20191001-csv/1573#50082673>				<https://panlex.org/snapshot/panlex-20191001-csv/1573#50082800>		"poš"@rom	
"ḳasoʁonaʁa"@tmf	<https://panlex.org/snapshot/panlex-20191001-csv/1573#50083542>				<https://panlex.org/snapshot/panlex-20191001-csv/1573#50083718>		"playin"@rom	
"ʔipaḳ"@tmf	<https://panlex.org/snapshot/panlex-20191001-csv/1573#50090007>				<https://panlex.org/snapshot/panlex-20191001-csv/1573#50090117>		"kaš"@rom	
"ʔipaḳ"@tmf	<https://panlex.org/snapshot/panlex-20191001-csv/1573#50090007>				<https://panlex.org/snapshot/panlex-20191001-csv/1573#50090118>		"rukʰ"@rom	
"ʔipaḳ"@tmf	<https://panlex.org/snapshot/panlex-20191001-csv/1573#50090259>				<https://panlex.org/snapshot/panlex-20191001-csv/1573#50090371>		"kaš"@rom	
