"Naaki góneʼ yéigo daʼahijoogą́ą́ʼ"@nv	<https://panlex.org/snapshot/panlex-20191001-csv/6709#111077599>				<https://panlex.org/snapshot/panlex-20191001-csv/6709#111077541>		"Ogun Àgbáyé Kejì"@yo	
"Łáaʼii góneʼ yéigo daʼahijoogą́ą́ʼ"@nv	<https://panlex.org/snapshot/panlex-20191001-csv/6709#111077478>				<https://panlex.org/snapshot/panlex-20191001-csv/6709#111077307>		"Ogun Àgbáyé Kìíní"@yo	
"łigaii"@nv	<https://panlex.org/snapshot/panlex-20191001-csv/5947#84639808>				<https://panlex.org/snapshot/panlex-20191001-csv/5947#84639882>		"funfun"@yo	
"Dziłigaii Bikéyah"@nv	<https://panlex.org/snapshot/panlex-20191001-csv/5947#84579739>				<https://panlex.org/snapshot/panlex-20191001-csv/5947#84579823>		"Albáníà"@yo	
"mąʼiitsoh"@nv	<https://panlex.org/snapshot/panlex-20191001-csv/5947#84884515>				<https://panlex.org/snapshot/panlex-20191001-csv/5947#84884555>		"ìkokò"@yo	
"mąʼiitsoh"@nv	<https://panlex.org/snapshot/panlex-20191001-csv/5947#84884515>				<https://panlex.org/snapshot/panlex-20191001-csv/5947#84884554>		"kòrikò"@yo	
"Wááshindoon bikéyah ałhidadiidzooígíí"@nv	<https://panlex.org/snapshot/panlex-20191001-csv/5940#81280130>				<https://panlex.org/snapshot/panlex-20191001-csv/5940#81280179>		"Orílẹ̀-Èdè Amẹ́ríkà"@yo	
"Nahasdzáán Bikáaʼgi Kéyah Naaznilgo Ałhidadiidzooígíí"@nv	<https://panlex.org/snapshot/panlex-20191001-csv/5940#81285974>				<https://panlex.org/snapshot/panlex-20191001-csv/5940#81286028>		"Àgbájọ àwọn Orílẹ̀-èdè Aṣòkan"@yo	
"Fííjii"@nv	<https://panlex.org/snapshot/panlex-20191001-csv/5939#80814686>				<https://panlex.org/snapshot/panlex-20191001-csv/5939#80814707>		"Fíjì"@yo	
"níłtsą́"@nv	<https://panlex.org/snapshot/panlex-20191001-csv/5946#84436345>				<https://panlex.org/snapshot/panlex-20191001-csv/5946#84436409>		"òjò"@yo	
"béégašii"@nv	<https://panlex.org/snapshot/panlex-20191001-csv/5946#84439924>				<https://panlex.org/snapshot/panlex-20191001-csv/5946#84440028>		"wakaš"@yo	
"Jííwoosalem"@nv	<https://panlex.org/snapshot/panlex-20191001-csv/5949#85309986>				<https://panlex.org/snapshot/panlex-20191001-csv/5949#85310056>		"Jerúsálẹ́mù"@yo	
"Kéyah Dańlíinii"@nv	<https://panlex.org/snapshot/panlex-20191001-csv/5949#85323377>				<https://panlex.org/snapshot/panlex-20191001-csv/5949#85323446>		"Filipínì"@yo	
"Dáághahii Dinéʼiʼ bikéyah"@nv	<https://panlex.org/snapshot/panlex-20191001-csv/5949#85323633>				<https://panlex.org/snapshot/panlex-20191001-csv/5949#85323703>		"Fránsì"@yo	
"Táłtłʼááh Chʼosh Bitooh"@nv	<https://panlex.org/snapshot/panlex-20191001-csv/5949#85322929>				<https://panlex.org/snapshot/panlex-20191001-csv/5949#85322986>		"Uruguay"@yo	
"Tʼanzanííya"@nv	<https://panlex.org/snapshot/panlex-20191001-csv/5949#85321635>				<https://panlex.org/snapshot/panlex-20191001-csv/5949#85321678>		"Tanzania"@yo	
"jóhonaaʼéí"@nv	<https://panlex.org/snapshot/panlex-20191001-csv/5949#85320956>				<https://panlex.org/snapshot/panlex-20191001-csv/5949#85321019>		"Òòrùn"@yo	
"Biʼééʼ Łichííʼí bikéyah"@nv	<https://panlex.org/snapshot/panlex-20191001-csv/5949#85319553>				<https://panlex.org/snapshot/panlex-20191001-csv/5949#85319644>		"Rọ́síà"@yo	
"Biniʼantʼą́ą́tsʼózí"@nv	<https://panlex.org/snapshot/panlex-20191001-csv/5949#85329443>				<https://panlex.org/snapshot/panlex-20191001-csv/5949#85329553>		"ke̩jo̩"@yo	
"Létbiiya"@nv	<https://panlex.org/snapshot/panlex-20191001-csv/5949#85314338>				<https://panlex.org/snapshot/panlex-20191001-csv/5949#85314407>		"Látfíà"@yo	
"Diyin God Bizaad"@nv	<https://panlex.org/snapshot/panlex-20191001-csv/5949#85302744>				<https://panlex.org/snapshot/panlex-20191001-csv/5949#85302829>		"Bíbélì Mímọ́"@yo	
"Sį́ʼgaboo"@nv	<https://panlex.org/snapshot/panlex-20191001-csv/5949#85320557>				<https://panlex.org/snapshot/panlex-20191001-csv/5949#85320616>		"Singapore"@yo	
"Tʼóok Bikéyah"@nv	<https://panlex.org/snapshot/panlex-20191001-csv/5949#85322560>				<https://panlex.org/snapshot/panlex-20191001-csv/5949#85322618>		"Túrkì"@yo	
"awooʼ"@nv	<https://panlex.org/snapshot/panlex-20191001-csv/5942#83281068>				<https://panlex.org/snapshot/panlex-20191001-csv/5942#83281092>		"ehínerìgiògàn"@yo	
"Bilagáana bizaad"@nv	<https://panlex.org/snapshot/panlex-20191001-csv/405#13623645>				<https://panlex.org/snapshot/panlex-20191001-csv/405#13623698>		"Èdè Gẹ̀ẹ́sì"@yo	
"hozo"@nv	<https://panlex.org/snapshot/panlex-20191001-csv/2902#111011980>				<https://panlex.org/snapshot/panlex-20191001-csv/2902#111012037>		"alaáfía"@yo	
"k’é"@nv	<https://panlex.org/snapshot/panlex-20191001-csv/2902#111012064>				<https://panlex.org/snapshot/panlex-20191001-csv/2902#111012037>		"alaáfía"@yo	
"Médíwííyin Sii"@nv	<https://panlex.org/snapshot/panlex-20191001-csv/2905#110870338>				<https://panlex.org/snapshot/panlex-20191001-csv/2905#110870371>		"Òkun Me̩ditéránì"@yo	
"Tónteel diłhił"@nv	<https://panlex.org/snapshot/panlex-20191001-csv/2905#110869135>				<https://panlex.org/snapshot/panlex-20191001-csv/2905#110869168>		"Òkun Dúdú"@yo	
"Adam dóó Íiv"@nv	<https://panlex.org/snapshot/panlex-20191001-csv/2906#111019161>				<https://panlex.org/snapshot/panlex-20191001-csv/2906#111019227>		"Ádámù àti Éfà"@yo	
