"Visiwa vya Solomon"@rof	<https://panlex.org/snapshot/panlex-20191001-csv/6898#113602359>				<https://panlex.org/snapshot/panlex-20191001-csv/6898#113602394>		"جزائر سلیمان"@ur	
"Visiwa vya Solomon"@rof	<https://panlex.org/snapshot/panlex-20191001-csv/6898#113602359>				<https://panlex.org/snapshot/panlex-20191001-csv/6898#113602369>		"سولومن آئلینڈز"@ur	
"Vatikani"@rof	<https://panlex.org/snapshot/panlex-20191001-csv/6898#113629713>				<https://panlex.org/snapshot/panlex-20191001-csv/6898#113629660>		"واٹیکن سٹی"@ur	
"Meksiko"@rof	<https://panlex.org/snapshot/panlex-20191001-csv/6898#113628426>				<https://panlex.org/snapshot/panlex-20191001-csv/6898#113628311>		"میکسیکو"@ur	
"Mali"@rof	<https://panlex.org/snapshot/panlex-20191001-csv/6898#113615188>				<https://panlex.org/snapshot/panlex-20191001-csv/6898#113615166>		"مالی"@ur	
"Gwatemala"@rof	<https://panlex.org/snapshot/panlex-20191001-csv/6898#113600415>				<https://panlex.org/snapshot/panlex-20191001-csv/6898#113600354>		"گواٹے مالا"@ur	
"Nauru"@rof	<https://panlex.org/snapshot/panlex-20191001-csv/6898#113601583>				<https://panlex.org/snapshot/panlex-20191001-csv/6898#113601625>		"نؤرو"@ur	
"Togo"@rof	<https://panlex.org/snapshot/panlex-20191001-csv/6898#113613736>				<https://panlex.org/snapshot/panlex-20191001-csv/6898#113613749>		"ٹوگو"@ur	
"Santakitzi na Nevis"@rof	<https://panlex.org/snapshot/panlex-20191001-csv/6898#113634400>				<https://panlex.org/snapshot/panlex-20191001-csv/6898#113634387>		"سینٹ کٹس اور نیویس"@ur	
"Kenya"@rof	<https://panlex.org/snapshot/panlex-20191001-csv/6898#113594012>				<https://panlex.org/snapshot/panlex-20191001-csv/6898#113593895>		"کینیا"@ur	
"Omani"@rof	<https://panlex.org/snapshot/panlex-20191001-csv/6898#113622672>				<https://panlex.org/snapshot/panlex-20191001-csv/6898#113622562>		"عمان"@ur	
"Norwe"@rof	<https://panlex.org/snapshot/panlex-20191001-csv/6898#113609797>				<https://panlex.org/snapshot/panlex-20191001-csv/6898#113609910>		"ناروے"@ur	
"Afuganistani"@rof	<https://panlex.org/snapshot/panlex-20191001-csv/6898#113604771>				<https://panlex.org/snapshot/panlex-20191001-csv/6898#113604792>		"افغانستان"@ur	
"Masedonia"@rof	<https://panlex.org/snapshot/panlex-20191001-csv/6898#113613456>				<https://panlex.org/snapshot/panlex-20191001-csv/6898#113613441>		"مقدونیہ"@ur	
"Masedonia"@rof	<https://panlex.org/snapshot/panlex-20191001-csv/6898#113613456>				<https://panlex.org/snapshot/panlex-20191001-csv/6898#113613367>		"مقدونیہ (FYROM)"@ur	
"Martiniki"@rof	<https://panlex.org/snapshot/panlex-20191001-csv/6898#113586164>				<https://panlex.org/snapshot/panlex-20191001-csv/6898#113586085>		"مارٹینک"@ur	
"Bahamasi"@rof	<https://panlex.org/snapshot/panlex-20191001-csv/6898#113592692>				<https://panlex.org/snapshot/panlex-20191001-csv/6898#113592759>		"بہاماس"@ur	
"Kameruni"@rof	<https://panlex.org/snapshot/panlex-20191001-csv/6898#113638979>				<https://panlex.org/snapshot/panlex-20191001-csv/6898#113639084>		"کیمرون"@ur	
"Singapoo"@rof	<https://panlex.org/snapshot/panlex-20191001-csv/6898#113604958>				<https://panlex.org/snapshot/panlex-20191001-csv/6898#113604871>		"سنگاپور"@ur	
"Misri"@rof	<https://panlex.org/snapshot/panlex-20191001-csv/6898#113604479>				<https://panlex.org/snapshot/panlex-20191001-csv/6898#113604609>		"مصر"@ur	
"Samoa"@rof	<https://panlex.org/snapshot/panlex-20191001-csv/6898#113637507>				<https://panlex.org/snapshot/panlex-20191001-csv/6898#113637450>		"ساموآ"@ur	
"Ubelgiji"@rof	<https://panlex.org/snapshot/panlex-20191001-csv/6898#113643475>				<https://panlex.org/snapshot/panlex-20191001-csv/6898#113643499>		"بیلجیم"@ur	
"Litwania"@rof	<https://panlex.org/snapshot/panlex-20191001-csv/6898#113632032>				<https://panlex.org/snapshot/panlex-20191001-csv/6898#113632047>		"لیتھونیا"@ur	
"Falme za Kiarabu"@rof	<https://panlex.org/snapshot/panlex-20191001-csv/6898#113608655>				<https://panlex.org/snapshot/panlex-20191001-csv/6898#113608731>		"متحدہ عرب امارات"@ur	
"Uswidi"@rof	<https://panlex.org/snapshot/panlex-20191001-csv/6898#113639782>				<https://panlex.org/snapshot/panlex-20191001-csv/6898#113639816>		"سویڈن"@ur	
"Jibuti"@rof	<https://panlex.org/snapshot/panlex-20191001-csv/6898#113585800>				<https://panlex.org/snapshot/panlex-20191001-csv/6898#113585708>		"جبوتی"@ur	
"Ukingo wa Magharibi na Ukanda wa Gaza wa Palestina"@rof	<https://panlex.org/snapshot/panlex-20191001-csv/6898#113586301>				<https://panlex.org/snapshot/panlex-20191001-csv/6898#113586370>		"فلسطین"@ur	
"Ukingo wa Magharibi na Ukanda wa Gaza wa Palestina"@rof	<https://panlex.org/snapshot/panlex-20191001-csv/6898#113586301>				<https://panlex.org/snapshot/panlex-20191001-csv/6898#113586423>		"فلسطینی خطے"@ur	
"Jamhuri ya Dominika"@rof	<https://panlex.org/snapshot/panlex-20191001-csv/6898#113603445>				<https://panlex.org/snapshot/panlex-20191001-csv/6898#113603434>		"ڈومنیکن جمہوریہ"@ur	
"Tokelau"@rof	<https://panlex.org/snapshot/panlex-20191001-csv/6898#113615918>				<https://panlex.org/snapshot/panlex-20191001-csv/6898#113615786>		"ٹوکیلاؤ"@ur	
"Ostria"@rof	<https://panlex.org/snapshot/panlex-20191001-csv/6898#113616314>				<https://panlex.org/snapshot/panlex-20191001-csv/6898#113616196>		"آسٹریا"@ur	
"Polinesia ya Ufaransa"@rof	<https://panlex.org/snapshot/panlex-20191001-csv/6898#113621087>				<https://panlex.org/snapshot/panlex-20191001-csv/6898#113621191>		"فرانسیسی پولینیشیا"@ur	
"Pitkairni"@rof	<https://panlex.org/snapshot/panlex-20191001-csv/6898#113602879>				<https://panlex.org/snapshot/panlex-20191001-csv/6898#113602801>		"پٹکائرن جزائر"@ur	
"Pitkairni"@rof	<https://panlex.org/snapshot/panlex-20191001-csv/6898#113602879>				<https://panlex.org/snapshot/panlex-20191001-csv/6898#113602888>		"جزائر پٹکیرن"@ur	
"Ugiriki"@rof	<https://panlex.org/snapshot/panlex-20191001-csv/6898#113630418>				<https://panlex.org/snapshot/panlex-20191001-csv/6898#113630388>		"یونان"@ur	
"Montserrati"@rof	<https://panlex.org/snapshot/panlex-20191001-csv/6898#113618480>				<https://panlex.org/snapshot/panlex-20191001-csv/6898#113618346>		"مونٹسیراٹ"@ur	
"Peru"@rof	<https://panlex.org/snapshot/panlex-20191001-csv/6898#113593825>				<https://panlex.org/snapshot/panlex-20191001-csv/6898#113593709>		"پیرو"@ur	
"Tailandi"@rof	<https://panlex.org/snapshot/panlex-20191001-csv/6898#113603766>				<https://panlex.org/snapshot/panlex-20191001-csv/6898#113603798>		"تھائی لینڈ"@ur	
"Bukinafaso"@rof	<https://panlex.org/snapshot/panlex-20191001-csv/6898#113632475>				<https://panlex.org/snapshot/panlex-20191001-csv/6898#113632373>		"برکینا فاسو"@ur	
"Libya"@rof	<https://panlex.org/snapshot/panlex-20191001-csv/6898#113597760>				<https://panlex.org/snapshot/panlex-20191001-csv/6898#113597790>		"لیبیا"@ur	
"Surinamu"@rof	<https://panlex.org/snapshot/panlex-20191001-csv/6898#113640705>				<https://panlex.org/snapshot/panlex-20191001-csv/6898#113640700>		"سورینام"@ur	
"Monako"@rof	<https://panlex.org/snapshot/panlex-20191001-csv/6898#113600148>				<https://panlex.org/snapshot/panlex-20191001-csv/6898#113600319>		"موناکو"@ur	
"Trinidad na Tobago"@rof	<https://panlex.org/snapshot/panlex-20191001-csv/6898#113640128>				<https://panlex.org/snapshot/panlex-20191001-csv/6898#113640123>		"ترینیداد اور ٹوباگو"@ur	
"Samoa ya Marekani"@rof	<https://panlex.org/snapshot/panlex-20191001-csv/6898#113606262>				<https://panlex.org/snapshot/panlex-20191001-csv/6898#113606288>		"امریکی ساموآ"@ur	
"Grenada"@rof	<https://panlex.org/snapshot/panlex-20191001-csv/6898#113604231>				<https://panlex.org/snapshot/panlex-20191001-csv/6898#113604189>		"گریناڈا"@ur	
"Gaboni"@rof	<https://panlex.org/snapshot/panlex-20191001-csv/6898#113585277>				<https://panlex.org/snapshot/panlex-20191001-csv/6898#113585208>		"گیبون"@ur	
"India"@rof	<https://panlex.org/snapshot/panlex-20191001-csv/6898#113617006>				<https://panlex.org/snapshot/panlex-20191001-csv/6898#113616874>		"بھارت"@ur	
"Lasembagi"@rof	<https://panlex.org/snapshot/panlex-20191001-csv/6898#113640872>				<https://panlex.org/snapshot/panlex-20191001-csv/6898#113640886>		"لکسمبرگ"@ur	
"Bahareni"@rof	<https://panlex.org/snapshot/panlex-20191001-csv/6898#113596112>				<https://panlex.org/snapshot/panlex-20191001-csv/6898#113596064>		"بحرین"@ur	
"Brazili"@rof	<https://panlex.org/snapshot/panlex-20191001-csv/6898#113645328>				<https://panlex.org/snapshot/panlex-20191001-csv/6898#113645372>		"برازیل"@ur	
"Palau"@rof	<https://panlex.org/snapshot/panlex-20191001-csv/6898#113630934>				<https://panlex.org/snapshot/panlex-20191001-csv/6898#113630856>		"پلاؤ"@ur	
"Ekwado"@rof	<https://panlex.org/snapshot/panlex-20191001-csv/6898#113611041>				<https://panlex.org/snapshot/panlex-20191001-csv/6898#113610982>		"ایکواڈور"@ur	
"Jamhuri ya Kidemokrasia ya Kongo"@rof	<https://panlex.org/snapshot/panlex-20191001-csv/6898#113589727>				<https://panlex.org/snapshot/panlex-20191001-csv/6898#113589546>		"کانگو (DRC)"@ur	
"Jamhuri ya Kidemokrasia ya Kongo"@rof	<https://panlex.org/snapshot/panlex-20191001-csv/6898#113589727>				<https://panlex.org/snapshot/panlex-20191001-csv/6898#113589756>		"کانگو - کنشاسا"@ur	
"Moldova"@rof	<https://panlex.org/snapshot/panlex-20191001-csv/6898#113633247>				<https://panlex.org/snapshot/panlex-20191001-csv/6898#113633357>		"مالدووا"@ur	
"Mongolia"@rof	<https://panlex.org/snapshot/panlex-20191001-csv/6898#113621627>				<https://panlex.org/snapshot/panlex-20191001-csv/6898#113621514>		"منگولیا"@ur	
"Kuprosi"@rof	<https://panlex.org/snapshot/panlex-20191001-csv/6898#113631746>				<https://panlex.org/snapshot/panlex-20191001-csv/6898#113631820>		"قبرص"@ur	
"Slovenia"@rof	<https://panlex.org/snapshot/panlex-20191001-csv/6898#113636619>				<https://panlex.org/snapshot/panlex-20191001-csv/6898#113636667>		"سلووینیا"@ur	
"Kuba"@rof	<https://panlex.org/snapshot/panlex-20191001-csv/6898#113618584>				<https://panlex.org/snapshot/panlex-20191001-csv/6898#113618635>		"کیوبا"@ur	
"Samarino"@rof	<https://panlex.org/snapshot/panlex-20191001-csv/6898#113625631>				<https://panlex.org/snapshot/panlex-20191001-csv/6898#113625786>		"سان مارینو"@ur	
"Kisiwa cha Norfok"@rof	<https://panlex.org/snapshot/panlex-20191001-csv/6898#113642353>				<https://panlex.org/snapshot/panlex-20191001-csv/6898#113642367>		"نارفوک آئلینڈ"@ur	
"Kisiwa cha Norfok"@rof	<https://panlex.org/snapshot/panlex-20191001-csv/6898#113642353>				<https://panlex.org/snapshot/panlex-20191001-csv/6898#113642429>		"جزیرہ نارفوک"@ur	
"Tuvalu"@rof	<https://panlex.org/snapshot/panlex-20191001-csv/6898#113610234>				<https://panlex.org/snapshot/panlex-20191001-csv/6898#113610287>		"ٹووالو"@ur	
"Kiribati"@rof	<https://panlex.org/snapshot/panlex-20191001-csv/6898#113603176>				<https://panlex.org/snapshot/panlex-20191001-csv/6898#113603148>		"کریباتی"@ur	
"Kambodia"@rof	<https://panlex.org/snapshot/panlex-20191001-csv/6898#113591820>				<https://panlex.org/snapshot/panlex-20191001-csv/6898#113591798>		"کمبوڈیا"@ur	
"Ayalandi"@rof	<https://panlex.org/snapshot/panlex-20191001-csv/6898#113625930>				<https://panlex.org/snapshot/panlex-20191001-csv/6898#113625938>		"آئرلینڈ"@ur	
"Burundi"@rof	<https://panlex.org/snapshot/panlex-20191001-csv/6898#113626756>				<https://panlex.org/snapshot/panlex-20191001-csv/6898#113626820>		"برونڈی"@ur	
"Msumbiji"@rof	<https://panlex.org/snapshot/panlex-20191001-csv/6898#113603321>				<https://panlex.org/snapshot/panlex-20191001-csv/6898#113603295>		"موزمبیق"@ur	
"Vanuatu"@rof	<https://panlex.org/snapshot/panlex-20191001-csv/6898#113629002>				<https://panlex.org/snapshot/panlex-20191001-csv/6898#113629040>		"وینوآٹو"@ur	
