"муса лулади"@bph	<https://panlex.org/snapshot/panlex-20191001-csv/1573#50090868>				<https://panlex.org/snapshot/panlex-20191001-csv/1573#50090993>		"ʔant yakʷš"@sei	
"муса лулади"@bph	<https://panlex.org/snapshot/panlex-20191001-csv/1573#50090868>				<https://panlex.org/snapshot/panlex-20191001-csv/1573#50090992>		"ʔant iʼsiīxim"@sei	
"гьинца"@bph	<https://panlex.org/snapshot/panlex-20191001-csv/1573#50090487>				<https://panlex.org/snapshot/panlex-20191001-csv/1573#50090764>		"ʔast"@sei	
"инсалъи бай"@bph	<https://panlex.org/snapshot/panlex-20191001-csv/1573#50085090>				<https://panlex.org/snapshot/panlex-20191001-csv/1573#50085317>		"ʼχæpæ i-ʼtǣɬ"@sei	
"гьачІаха бештаб"@bph	<https://panlex.org/snapshot/panlex-20191001-csv/1573#50086137>				<https://panlex.org/snapshot/panlex-20191001-csv/1573#50086262>		"-ōχp"@sei	
"инци"@bph	<https://panlex.org/snapshot/panlex-20191001-csv/1573#50088866>				<https://panlex.org/snapshot/panlex-20191001-csv/1573#50089124>		"ʔant ʼipot ʔaχ"@sei	
"сира"@bph	<https://panlex.org/snapshot/panlex-20191001-csv/1573#50083189>				<https://panlex.org/snapshot/panlex-20191001-csv/1573#50083360>		"ʔamt k-ōχp"@sei	
"багъаргъаб"@bph	<https://panlex.org/snapshot/panlex-20191001-csv/1573#50086319>				<https://panlex.org/snapshot/panlex-20191001-csv/1573#50086432>		"-ʼʔopatx"@sei	
"рекъа"@bph	<https://panlex.org/snapshot/panlex-20191001-csv/1573#50083468>				<https://panlex.org/snapshot/panlex-20191001-csv/1573#50083734>		"ʔast"@sei	
"рекъа"@bph	<https://panlex.org/snapshot/panlex-20191001-csv/1573#50083468>				<https://panlex.org/snapshot/panlex-20191001-csv/1573#50083735>		"ʼʔoinax"@sei	
"кьудепъи бай"@bph	<https://panlex.org/snapshot/panlex-20191001-csv/1573#50083875>				<https://panlex.org/snapshot/panlex-20191001-csv/1573#50084065>		"k-ōšax"@sei	
"цІинтур"@bph	<https://panlex.org/snapshot/panlex-20191001-csv/1573#50089219>				<https://panlex.org/snapshot/panlex-20191001-csv/1573#50089391>		"ʔant k-o-ʼnopix"@sei	
"лъени"@bph	<https://panlex.org/snapshot/panlex-20191001-csv/1573#50085658>				<https://panlex.org/snapshot/panlex-20191001-csv/1573#50085835>		"ʔaχ"@sei	
"руша"@bph	<https://panlex.org/snapshot/panlex-20191001-csv/1573#50089956>				<https://panlex.org/snapshot/panlex-20191001-csv/1573#50090131>		"ʼʔæʔæ ʔant ʼk-iti"@sei	
"унщи"@bph	<https://panlex.org/snapshot/panlex-20191001-csv/1573#50082312>				<https://panlex.org/snapshot/panlex-20191001-csv/1573#50082544>		"ʔant"@sei	
"унщи"@bph	<https://panlex.org/snapshot/panlex-20191001-csv/1573#50082312>				<https://panlex.org/snapshot/panlex-20191001-csv/1573#50082543>		"ʔamt"@sei	
"унщи"@bph	<https://panlex.org/snapshot/panlex-20191001-csv/1573#50081985>				<https://panlex.org/snapshot/panlex-20191001-csv/1573#50082216>		"ʔant"@sei	
"унши"@bph	<https://panlex.org/snapshot/panlex-20191001-csv/1573#50082313>				<https://panlex.org/snapshot/panlex-20191001-csv/1573#50082544>		"ʔant"@sei	
"унши"@bph	<https://panlex.org/snapshot/panlex-20191001-csv/1573#50082313>				<https://panlex.org/snapshot/panlex-20191001-csv/1573#50082543>		"ʔamt"@sei	
"унши"@bph	<https://panlex.org/snapshot/panlex-20191001-csv/1573#50081987>				<https://panlex.org/snapshot/panlex-20191001-csv/1573#50082216>		"ʔant"@sei	
"беле"@bph	<https://panlex.org/snapshot/panlex-20191001-csv/1573#50083465>				<https://panlex.org/snapshot/panlex-20191001-csv/1573#50083734>		"ʔast"@sei	
"беле"@bph	<https://panlex.org/snapshot/panlex-20191001-csv/1573#50083465>				<https://panlex.org/snapshot/panlex-20191001-csv/1573#50083735>		"ʼʔoinax"@sei	
"карачил"@bph	<https://panlex.org/snapshot/panlex-20191001-csv/1573#50087642>				<https://panlex.org/snapshot/panlex-20191001-csv/1573#50087806>		"ʼʔopatx"@sei	
"кантинент"@bph	<https://panlex.org/snapshot/panlex-20191001-csv/1573#50084920>				<https://panlex.org/snapshot/panlex-20191001-csv/1573#50085024>		"ʔanʼt-ākox"@sei	
"зукку лъени"@bph	<https://panlex.org/snapshot/panlex-20191001-csv/1573#50088223>				<https://panlex.org/snapshot/panlex-20191001-csv/1573#50088533>		"ʔant īpšχ"@sei	
"зукку лъени"@bph	<https://panlex.org/snapshot/panlex-20191001-csv/1573#50088223>				<https://panlex.org/snapshot/panlex-20191001-csv/1573#50088534>		"ʼʔasox"@sei	
"хеххи"@bph	<https://panlex.org/snapshot/panlex-20191001-csv/1573#50086320>				<https://panlex.org/snapshot/panlex-20191001-csv/1573#50086432>		"-ʼʔopatx"@sei	
"решин"@bph	<https://panlex.org/snapshot/panlex-20191001-csv/1573#50091058>				<https://panlex.org/snapshot/panlex-20191001-csv/1573#50091226>		"ʔaʼmīmæ"@sei	
"байдан"@bph	<https://panlex.org/snapshot/panlex-20191001-csv/1573#50084490>				<https://panlex.org/snapshot/panlex-20191001-csv/1573#50084647>		"ʔast kiʔ ʼikot"@sei	
"тІали"@bph	<https://panlex.org/snapshot/panlex-20191001-csv/1573#50086491>				<https://panlex.org/snapshot/panlex-20191001-csv/1573#50086630>		"ʔaʼtasim"@sei	
"регьа"@bph	<https://panlex.org/snapshot/panlex-20191001-csv/1573#50086704>				<https://panlex.org/snapshot/panlex-20191001-csv/1573#50086823>		"ʼχæpæ"@sei	
"регьа"@bph	<https://panlex.org/snapshot/panlex-20191001-csv/1573#50085920>				<https://panlex.org/snapshot/panlex-20191001-csv/1573#50086070>		"ʼχæpæ"@sei	
"инцІун бай"@bph	<https://panlex.org/snapshot/panlex-20191001-csv/1573#50088865>				<https://panlex.org/snapshot/panlex-20191001-csv/1573#50089124>		"ʔant ʼipot ʔaχ"@sei	
"хархун"@bph	<https://panlex.org/snapshot/panlex-20191001-csv/1573#50088650>				<https://panlex.org/snapshot/panlex-20191001-csv/1573#50088771>		"ʼχæpæ toī k-pot"@sei	
"гъват муса"@bph	<https://panlex.org/snapshot/panlex-20191001-csv/1573#50088070>				<https://panlex.org/snapshot/panlex-20191001-csv/1573#50088143>		"ʼχæpæ ʼk-pokatox"@sei	
"дунял гьугьаду"@bph	<https://panlex.org/snapshot/panlex-20191001-csv/1573#50090869>				<https://panlex.org/snapshot/panlex-20191001-csv/1573#50090993>		"ʔant yakʷš"@sei	
"дунял гьугьаду"@bph	<https://panlex.org/snapshot/panlex-20191001-csv/1573#50090869>				<https://panlex.org/snapshot/panlex-20191001-csv/1573#50090992>		"ʔant iʼsiīxim"@sei	
"вада"@bph	<https://panlex.org/snapshot/panlex-20191001-csv/1573#50082627>				<https://panlex.org/snapshot/panlex-20191001-csv/1573#50082814>		"ʼxoænæ"@sei	
"инсалъи бай"@bph	<https://panlex.org/snapshot/panlex-20191001-csv/1573#50085088>				<https://panlex.org/snapshot/panlex-20191001-csv/1573#50085317>		"ʼχæpæ i-ʼtǣɬ"@sei	
"лъени"@bph	<https://panlex.org/snapshot/panlex-20191001-csv/1573#50088071>				<https://panlex.org/snapshot/panlex-20191001-csv/1573#50088143>		"ʼχæpæ ʼk-pokatox"@sei	
"лъени"@bph	<https://panlex.org/snapshot/panlex-20191001-csv/1573#50085659>				<https://panlex.org/snapshot/panlex-20191001-csv/1573#50085835>		"ʔaχ"@sei	
"лъени"@bph	<https://panlex.org/snapshot/panlex-20191001-csv/1573#50087964>				<https://panlex.org/snapshot/panlex-20191001-csv/1573#50088036>		"ʼʔaχox ʼkʷkōtix"@sei	
"дунял"@bph	<https://panlex.org/snapshot/panlex-20191001-csv/1573#50081725>				<https://panlex.org/snapshot/panlex-20191001-csv/1573#50081890>		"ʔant"@sei	
"инхи"@bph	<https://panlex.org/snapshot/panlex-20191001-csv/1573#50088225>				<https://panlex.org/snapshot/panlex-20191001-csv/1573#50088533>		"ʔant īpšχ"@sei	
"инхи"@bph	<https://panlex.org/snapshot/panlex-20191001-csv/1573#50088225>				<https://panlex.org/snapshot/panlex-20191001-csv/1573#50088534>		"ʼʔasox"@sei	
"хеххи"@bph	<https://panlex.org/snapshot/panlex-20191001-csv/1573#50086321>				<https://panlex.org/snapshot/panlex-20191001-csv/1573#50086432>		"-ʼʔopatx"@sei	
"къватІа"@bph	<https://panlex.org/snapshot/panlex-20191001-csv/1573#50085418>				<https://panlex.org/snapshot/panlex-20191001-csv/1573#50085585>		"šāx"@sei	
"кьури"@bph	<https://panlex.org/snapshot/panlex-20191001-csv/1573#50083872>				<https://panlex.org/snapshot/panlex-20191001-csv/1573#50084065>		"k-ōšax"@sei	
"гьинцІа"@bph	<https://panlex.org/snapshot/panlex-20191001-csv/1573#50090485>				<https://panlex.org/snapshot/panlex-20191001-csv/1573#50090764>		"ʔast"@sei	
"кьуди"@bph	<https://panlex.org/snapshot/panlex-20191001-csv/1573#50090488>				<https://panlex.org/snapshot/panlex-20191001-csv/1573#50090764>		"ʔast"@sei	
"игьур"@bph	<https://panlex.org/snapshot/panlex-20191001-csv/1573#50086892>				<https://panlex.org/snapshot/panlex-20191001-csv/1573#50087055>		"ʔaχ ʼk-ākox"@sei	
"къуди"@bph	<https://panlex.org/snapshot/panlex-20191001-csv/1573#50083874>				<https://panlex.org/snapshot/panlex-20191001-csv/1573#50084065>		"k-ōšax"@sei	
"байдан"@bph	<https://panlex.org/snapshot/panlex-20191001-csv/1573#50084492>				<https://panlex.org/snapshot/panlex-20191001-csv/1573#50084647>		"ʔast kiʔ ʼikot"@sei	
"бели"@bph	<https://panlex.org/snapshot/panlex-20191001-csv/1573#50083467>				<https://panlex.org/snapshot/panlex-20191001-csv/1573#50083734>		"ʔast"@sei	
"бели"@bph	<https://panlex.org/snapshot/panlex-20191001-csv/1573#50083467>				<https://panlex.org/snapshot/panlex-20191001-csv/1573#50083735>		"ʼʔoinax"@sei	
"инса"@bph	<https://panlex.org/snapshot/panlex-20191001-csv/1573#50088221>				<https://panlex.org/snapshot/panlex-20191001-csv/1573#50088533>		"ʔant īpšχ"@sei	
"инса"@bph	<https://panlex.org/snapshot/panlex-20191001-csv/1573#50088221>				<https://panlex.org/snapshot/panlex-20191001-csv/1573#50088534>		"ʼʔasox"@sei	
"кІкІʼабадир"@bph	<https://panlex.org/snapshot/panlex-20191001-csv/1573#50083869>				<https://panlex.org/snapshot/panlex-20191001-csv/1573#50084065>		"k-ōšax"@sei	
"регьа бай"@bph	<https://panlex.org/snapshot/panlex-20191001-csv/1573#50085089>				<https://panlex.org/snapshot/panlex-20191001-csv/1573#50085317>		"ʼχæpæ i-ʼtǣɬ"@sei	
"хархун"@bph	<https://panlex.org/snapshot/panlex-20191001-csv/1573#50088649>				<https://panlex.org/snapshot/panlex-20191001-csv/1573#50088771>		"ʼχæpæ toī k-pot"@sei	
"бечІуха регьа"@bph	<https://panlex.org/snapshot/panlex-20191001-csv/1573#50086703>				<https://panlex.org/snapshot/panlex-20191001-csv/1573#50086823>		"ʼχæpæ"@sei	
"дунйал"@bph	<https://panlex.org/snapshot/panlex-20191001-csv/1573#50081724>				<https://panlex.org/snapshot/panlex-20191001-csv/1573#50081890>		"ʔant"@sei	
"пачалихъ"@bph	<https://panlex.org/snapshot/panlex-20191001-csv/1573#50081986>				<https://panlex.org/snapshot/panlex-20191001-csv/1573#50082216>		"ʔant"@sei	
"лъени бигъаб муса"@bph	<https://panlex.org/snapshot/panlex-20191001-csv/1573#50087111>				<https://panlex.org/snapshot/panlex-20191001-csv/1573#50087221>		"iʼnōʔkʷ"@sei	
"дада"@bph	<https://panlex.org/snapshot/panlex-20191001-csv/1573#50082626>				<https://panlex.org/snapshot/panlex-20191001-csv/1573#50082814>		"ʼxoænæ"@sei	
"пачалихъ"@bph	<https://panlex.org/snapshot/panlex-20191001-csv/1573#50081984>				<https://panlex.org/snapshot/panlex-20191001-csv/1573#50082216>		"ʔant"@sei	
"гьуди"@bph	<https://panlex.org/snapshot/panlex-20191001-csv/1573#50090207>				<https://panlex.org/snapshot/panlex-20191001-csv/1573#50090383>		"ʼʔæʔæ"@sei	
"хьуци"@bph	<https://panlex.org/snapshot/panlex-20191001-csv/1573#50089220>				<https://panlex.org/snapshot/panlex-20191001-csv/1573#50089391>		"ʔant k-o-ʼnopix"@sei	
"къватІа"@bph	<https://panlex.org/snapshot/panlex-20191001-csv/1573#50085420>				<https://panlex.org/snapshot/panlex-20191001-csv/1573#50085585>		"šāx"@sei	
"инса"@bph	<https://panlex.org/snapshot/panlex-20191001-csv/1573#50088224>				<https://panlex.org/snapshot/panlex-20191001-csv/1573#50088533>		"ʔant īpšχ"@sei	
"инса"@bph	<https://panlex.org/snapshot/panlex-20191001-csv/1573#50088224>				<https://panlex.org/snapshot/panlex-20191001-csv/1573#50088534>		"ʼʔasox"@sei	
"мааб муса"@bph	<https://panlex.org/snapshot/panlex-20191001-csv/1573#50087965>				<https://panlex.org/snapshot/panlex-20191001-csv/1573#50088036>		"ʼʔaχox ʼkʷkōtix"@sei	
"кьуделъи бай"@bph	<https://panlex.org/snapshot/panlex-20191001-csv/1573#50083870>				<https://panlex.org/snapshot/panlex-20191001-csv/1573#50084065>		"k-ōšax"@sei	
"речІчІа"@bph	<https://panlex.org/snapshot/panlex-20191001-csv/1573#50085419>				<https://panlex.org/snapshot/panlex-20191001-csv/1573#50085585>		"šāx"@sei	
"мигьи"@bph	<https://panlex.org/snapshot/panlex-20191001-csv/1573#50091314>				<https://panlex.org/snapshot/panlex-20191001-csv/1573#50091482>		"šāʔ"@sei	
"сира"@bph	<https://panlex.org/snapshot/panlex-20191001-csv/1573#50083188>				<https://panlex.org/snapshot/panlex-20191001-csv/1573#50083360>		"ʔamt k-ōχp"@sei	
"игьур"@bph	<https://panlex.org/snapshot/panlex-20191001-csv/1573#50086890>				<https://panlex.org/snapshot/panlex-20191001-csv/1573#50087055>		"ʔaχ ʼk-ākox"@sei	
"гъицІаха бещдир"@bph	<https://panlex.org/snapshot/panlex-20191001-csv/1573#50086138>				<https://panlex.org/snapshot/panlex-20191001-csv/1573#50086262>		"-ōχp"@sei	
"кьуди"@bph	<https://panlex.org/snapshot/panlex-20191001-csv/1573#50083871>				<https://panlex.org/snapshot/panlex-20191001-csv/1573#50084065>		"k-ōšax"@sei	
"кьуди"@bph	<https://panlex.org/snapshot/panlex-20191001-csv/1573#50090486>				<https://panlex.org/snapshot/panlex-20191001-csv/1573#50090764>		"ʔast"@sei	
"мигьи"@bph	<https://panlex.org/snapshot/panlex-20191001-csv/1573#50091313>				<https://panlex.org/snapshot/panlex-20191001-csv/1573#50091482>		"šāʔ"@sei	
"регьа"@bph	<https://panlex.org/snapshot/panlex-20191001-csv/1573#50085919>				<https://panlex.org/snapshot/panlex-20191001-csv/1573#50086070>		"ʼχæpæ"@sei	
"регьа"@bph	<https://panlex.org/snapshot/panlex-20191001-csv/1573#50086891>				<https://panlex.org/snapshot/panlex-20191001-csv/1573#50087055>		"ʔaχ ʼk-ākox"@sei	
"кІкІабдир"@bph	<https://panlex.org/snapshot/panlex-20191001-csv/1573#50083873>				<https://panlex.org/snapshot/panlex-20191001-csv/1573#50084065>		"k-ōšax"@sei	
"гьуди"@bph	<https://panlex.org/snapshot/panlex-20191001-csv/1573#50090208>				<https://panlex.org/snapshot/panlex-20191001-csv/1573#50090383>		"ʼʔæʔæ"@sei	
"решин"@bph	<https://panlex.org/snapshot/panlex-20191001-csv/1573#50091059>				<https://panlex.org/snapshot/panlex-20191001-csv/1573#50091226>		"ʔaʼmīmæ"@sei	
"инци"@bph	<https://panlex.org/snapshot/panlex-20191001-csv/1573#50088864>				<https://panlex.org/snapshot/panlex-20191001-csv/1573#50089124>		"ʔant ʼipot ʔaχ"@sei	
"гІалах"@bph	<https://panlex.org/snapshot/panlex-20191001-csv/1573#50084491>				<https://panlex.org/snapshot/panlex-20191001-csv/1573#50084647>		"ʔast kiʔ ʼikot"@sei	
"гъваранча"@bph	<https://panlex.org/snapshot/panlex-20191001-csv/1573#50087641>				<https://panlex.org/snapshot/panlex-20191001-csv/1573#50087806>		"ʼʔopatx"@sei	
"цІинтур"@bph	<https://panlex.org/snapshot/panlex-20191001-csv/1573#50089221>				<https://panlex.org/snapshot/panlex-20191001-csv/1573#50089391>		"ʔant k-o-ʼnopix"@sei	
"рекъа"@bph	<https://panlex.org/snapshot/panlex-20191001-csv/1573#50083466>				<https://panlex.org/snapshot/panlex-20191001-csv/1573#50083734>		"ʔast"@sei	
"рекъа"@bph	<https://panlex.org/snapshot/panlex-20191001-csv/1573#50083466>				<https://panlex.org/snapshot/panlex-20191001-csv/1573#50083735>		"ʼʔoinax"@sei	
"тІали"@bph	<https://panlex.org/snapshot/panlex-20191001-csv/1573#50086490>				<https://panlex.org/snapshot/panlex-20191001-csv/1573#50086630>		"ʔaʼtasim"@sei	
"руша"@bph	<https://panlex.org/snapshot/panlex-20191001-csv/1573#50089957>				<https://panlex.org/snapshot/panlex-20191001-csv/1573#50090131>		"ʼʔæʔæ ʔant ʼk-iti"@sei	
"инхи"@bph	<https://panlex.org/snapshot/panlex-20191001-csv/1573#50088222>				<https://panlex.org/snapshot/panlex-20191001-csv/1573#50088533>		"ʔant īpšχ"@sei	
"инхи"@bph	<https://panlex.org/snapshot/panlex-20191001-csv/1573#50088222>				<https://panlex.org/snapshot/panlex-20191001-csv/1573#50088534>		"ʼʔasox"@sei	
