"талатзив"@bph	<https://panlex.org/snapshot/panlex-20191001-csv/2892#110824632>				<https://panlex.org/snapshot/panlex-20191001-csv/2892#110824781>		"Labobedi"@st	
"рузманзив"@bph	<https://panlex.org/snapshot/panlex-20191001-csv/2892#110825895>				<https://panlex.org/snapshot/panlex-20191001-csv/2892#110825780>		"Labohlano"@st	
"арбагӏзив"@bph	<https://panlex.org/snapshot/panlex-20191001-csv/2892#110825100>				<https://panlex.org/snapshot/panlex-20191001-csv/2892#110825189>		"Laboraro"@st	
"базарзив"@bph	<https://panlex.org/snapshot/panlex-20191001-csv/2892#110826771>				<https://panlex.org/snapshot/panlex-20191001-csv/2892#110826612>		"Sontaha"@st	
"хамиззив"@bph	<https://panlex.org/snapshot/panlex-20191001-csv/2892#110825406>				<https://panlex.org/snapshot/panlex-20191001-csv/2892#110825673>		"Labone"@st	
"итнизив"@bph	<https://panlex.org/snapshot/panlex-20191001-csv/2892#110824162>				<https://panlex.org/snapshot/panlex-20191001-csv/2892#110824256>		"Mantaha"@st	
"шаматзив"@bph	<https://panlex.org/snapshot/panlex-20191001-csv/2892#110826519>				<https://panlex.org/snapshot/panlex-20191001-csv/2892#110826169>		"Moqebelo"@st	
