"муса лулади"@bph	<https://panlex.org/snapshot/panlex-20191001-csv/1573#50090868>				<https://panlex.org/snapshot/panlex-20191001-csv/1573#50091004>		"yoo aan ka.á"@tli	
"гьинца"@bph	<https://panlex.org/snapshot/panlex-20191001-csv/1573#50090487>				<https://panlex.org/snapshot/panlex-20191001-csv/1573#50090800>		"éečˀ"@tli	
"гьинца"@bph	<https://panlex.org/snapshot/panlex-20191001-csv/1573#50090487>				<https://panlex.org/snapshot/panlex-20191001-csv/1573#50090797>		"eeč"@tli	
"гьинца"@bph	<https://panlex.org/snapshot/panlex-20191001-csv/1573#50090487>				<https://panlex.org/snapshot/panlex-20191001-csv/1573#50090796>		"dakaadí"@tli	
"гьинца"@bph	<https://panlex.org/snapshot/panlex-20191001-csv/1573#50090487>				<https://panlex.org/snapshot/panlex-20191001-csv/1573#50090798>		"té"@tli	
"гьинца"@bph	<https://panlex.org/snapshot/panlex-20191001-csv/1573#50090487>				<https://panlex.org/snapshot/panlex-20191001-csv/1573#50090801>		"ḳaadí"@tli	
"гьинца"@bph	<https://panlex.org/snapshot/panlex-20191001-csv/1573#50090487>				<https://panlex.org/snapshot/panlex-20191001-csv/1573#50090799>		"té x̣áaxˀ"@tli	
"инсалъи бай"@bph	<https://panlex.org/snapshot/panlex-20191001-csv/1573#50085090>				<https://panlex.org/snapshot/panlex-20191001-csv/1573#50085349>		"éeḳ"@tli	
"инсалъи бай"@bph	<https://panlex.org/snapshot/panlex-20191001-csv/1573#50085090>				<https://panlex.org/snapshot/panlex-20191001-csv/1573#50085346>		"neeč"@tli	
"инсалъи бай"@bph	<https://panlex.org/snapshot/panlex-20191001-csv/1573#50085090>				<https://panlex.org/snapshot/panlex-20191001-csv/1573#50085348>		"yán"@tli	
"инсалъи бай"@bph	<https://panlex.org/snapshot/panlex-20191001-csv/1573#50085090>				<https://panlex.org/snapshot/panlex-20191001-csv/1573#50085347>		"xákʷ"@tli	
"инци"@bph	<https://panlex.org/snapshot/panlex-20191001-csv/1573#50088866>				<https://panlex.org/snapshot/panlex-20191001-csv/1573#50089152>		"goon"@tli	
"сира"@bph	<https://panlex.org/snapshot/panlex-20191001-csv/1573#50083189>				<https://panlex.org/snapshot/panlex-20191001-csv/1573#50083376>		"lˀéiw"@tli	
"сира"@bph	<https://panlex.org/snapshot/panlex-20191001-csv/1573#50083189>				<https://panlex.org/snapshot/panlex-20191001-csv/1573#50083377>		"lˀéiw yátxˀi"@tli	
"рекъа"@bph	<https://panlex.org/snapshot/panlex-20191001-csv/1573#50083468>				<https://panlex.org/snapshot/panlex-20191001-csv/1573#50083769>		"gooč"@tli	
"рекъа"@bph	<https://panlex.org/snapshot/panlex-20191001-csv/1573#50083468>				<https://panlex.org/snapshot/panlex-20191001-csv/1573#50083770>		"šaa"@tli	
"рекъа"@bph	<https://panlex.org/snapshot/panlex-20191001-csv/1573#50083468>				<https://panlex.org/snapshot/panlex-20191001-csv/1573#50083773>		"šaa šaakée"@tli	
"рекъа"@bph	<https://panlex.org/snapshot/panlex-20191001-csv/1573#50083468>				<https://panlex.org/snapshot/panlex-20191001-csv/1573#50083772>		"šaa yadaa"@tli	
"рекъа"@bph	<https://panlex.org/snapshot/panlex-20191001-csv/1573#50083468>				<https://panlex.org/snapshot/panlex-20191001-csv/1573#50083771>		"šaa seiyí"@tli	
"гьала лъенилъи"@bph	<https://panlex.org/snapshot/panlex-20191001-csv/1573#50084710>				<https://panlex.org/snapshot/panlex-20191001-csv/1573#50084871>		"xˀáatˀ"@tli	
"кьудепъи бай"@bph	<https://panlex.org/snapshot/panlex-20191001-csv/1573#50083875>				<https://panlex.org/snapshot/panlex-20191001-csv/1573#50084084>		"g̣ílˀ"@tli	
"цІинтур"@bph	<https://panlex.org/snapshot/panlex-20191001-csv/1573#50089219>				<https://panlex.org/snapshot/panlex-20191001-csv/1573#50089416>		"šáčk"@tli	
"лъени"@bph	<https://panlex.org/snapshot/panlex-20191001-csv/1573#50085658>				<https://panlex.org/snapshot/panlex-20191001-csv/1573#50085856>		"ḳéesˀ"@tli	
"лъени"@bph	<https://panlex.org/snapshot/panlex-20191001-csv/1573#50085658>				<https://panlex.org/snapshot/panlex-20191001-csv/1573#50085855>		"héen"@tli	
"гьикьа маирла"@bph	<https://panlex.org/snapshot/panlex-20191001-csv/1573#50087863>				<https://panlex.org/snapshot/panlex-20191001-csv/1573#50087941>		"haat"@tli	
"гьикьа маирла"@bph	<https://panlex.org/snapshot/panlex-20191001-csv/1573#50087863>				<https://panlex.org/snapshot/panlex-20191001-csv/1573#50087942>		"xˀóolˀ"@tli	
"унщи"@bph	<https://panlex.org/snapshot/panlex-20191001-csv/1573#50082312>				<https://panlex.org/snapshot/panlex-20191001-csv/1573#50082565>		"tlˀéx̣ˀkʷ"@tli	
"унщи"@bph	<https://panlex.org/snapshot/panlex-20191001-csv/1573#50082312>				<https://panlex.org/snapshot/panlex-20191001-csv/1573#50082564>		"tlˀáx̣ˀkʷ"@tli	
"унщи"@bph	<https://panlex.org/snapshot/panlex-20191001-csv/1573#50081985>				<https://panlex.org/snapshot/panlex-20191001-csv/1573#50082245>		"tlˀátk"@tli	
"вегьалъи къватІа"@bph	<https://panlex.org/snapshot/panlex-20191001-csv/1573#50087259>				<https://panlex.org/snapshot/panlex-20191001-csv/1573#50087362>		"áakˀʷ"@tli	
"горгол"@bph	<https://panlex.org/snapshot/panlex-20191001-csv/1573#50089471>				<https://panlex.org/snapshot/panlex-20191001-csv/1573#50089608>		"eey"@tli	
"горгол"@bph	<https://panlex.org/snapshot/panlex-20191001-csv/1573#50089471>				<https://panlex.org/snapshot/panlex-20191001-csv/1573#50089609>		"xˀáas"@tli	
"унши"@bph	<https://panlex.org/snapshot/panlex-20191001-csv/1573#50082313>				<https://panlex.org/snapshot/panlex-20191001-csv/1573#50082565>		"tlˀéx̣ˀkʷ"@tli	
"унши"@bph	<https://panlex.org/snapshot/panlex-20191001-csv/1573#50082313>				<https://panlex.org/snapshot/panlex-20191001-csv/1573#50082564>		"tlˀáx̣ˀkʷ"@tli	
"унши"@bph	<https://panlex.org/snapshot/panlex-20191001-csv/1573#50081987>				<https://panlex.org/snapshot/panlex-20191001-csv/1573#50082245>		"tlˀátk"@tli	
"гьирцІир"@bph	<https://panlex.org/snapshot/panlex-20191001-csv/1573#50089473>				<https://panlex.org/snapshot/panlex-20191001-csv/1573#50089608>		"eey"@tli	
"гьирцІир"@bph	<https://panlex.org/snapshot/panlex-20191001-csv/1573#50089473>				<https://panlex.org/snapshot/panlex-20191001-csv/1573#50089609>		"xˀáas"@tli	
"регьалъи гьирцІирка"@bph	<https://panlex.org/snapshot/panlex-20191001-csv/1573#50087864>				<https://panlex.org/snapshot/panlex-20191001-csv/1573#50087941>		"haat"@tli	
"регьалъи гьирцІирка"@bph	<https://panlex.org/snapshot/panlex-20191001-csv/1573#50087864>				<https://panlex.org/snapshot/panlex-20191001-csv/1573#50087942>		"xˀóolˀ"@tli	
"беле"@bph	<https://panlex.org/snapshot/panlex-20191001-csv/1573#50083465>				<https://panlex.org/snapshot/panlex-20191001-csv/1573#50083769>		"gooč"@tli	
"беле"@bph	<https://panlex.org/snapshot/panlex-20191001-csv/1573#50083465>				<https://panlex.org/snapshot/panlex-20191001-csv/1573#50083770>		"šaa"@tli	
"беле"@bph	<https://panlex.org/snapshot/panlex-20191001-csv/1573#50083465>				<https://panlex.org/snapshot/panlex-20191001-csv/1573#50083773>		"šaa šaakée"@tli	
"беле"@bph	<https://panlex.org/snapshot/panlex-20191001-csv/1573#50083465>				<https://panlex.org/snapshot/panlex-20191001-csv/1573#50083772>		"šaa yadaa"@tli	
"беле"@bph	<https://panlex.org/snapshot/panlex-20191001-csv/1573#50083465>				<https://panlex.org/snapshot/panlex-20191001-csv/1573#50083771>		"šaa seiyí"@tli	
"карачил"@bph	<https://panlex.org/snapshot/panlex-20191001-csv/1573#50087642>				<https://panlex.org/snapshot/panlex-20191001-csv/1573#50087824>		"teet tlénxˀ"@tli	
"карачил"@bph	<https://panlex.org/snapshot/panlex-20191001-csv/1573#50087642>				<https://panlex.org/snapshot/panlex-20191001-csv/1573#50087823>		"teet"@tli	
"кантинент"@bph	<https://panlex.org/snapshot/panlex-20191001-csv/1573#50084920>				<https://panlex.org/snapshot/panlex-20191001-csv/1573#50085033>		"tleiyán"@tli	
"зукку лъени"@bph	<https://panlex.org/snapshot/panlex-20191001-csv/1573#50088223>				<https://panlex.org/snapshot/panlex-20191001-csv/1573#50088579>		"héen šáak"@tli	
"зукку лъени"@bph	<https://panlex.org/snapshot/panlex-20191001-csv/1573#50088223>				<https://panlex.org/snapshot/panlex-20191001-csv/1573#50088576>		"héen tˀiká"@tli	
"зукку лъени"@bph	<https://panlex.org/snapshot/panlex-20191001-csv/1573#50088223>				<https://panlex.org/snapshot/panlex-20191001-csv/1573#50088577>		"héen wantú"@tli	
"зукку лъени"@bph	<https://panlex.org/snapshot/panlex-20191001-csv/1573#50088223>				<https://panlex.org/snapshot/panlex-20191001-csv/1573#50088583>		"taašuká"@tli	
"зукку лъени"@bph	<https://panlex.org/snapshot/panlex-20191001-csv/1573#50088223>				<https://panlex.org/snapshot/panlex-20191001-csv/1573#50088580>		"héen šú"@tli	
"зукку лъени"@bph	<https://panlex.org/snapshot/panlex-20191001-csv/1573#50088223>				<https://panlex.org/snapshot/panlex-20191001-csv/1573#50088574>		"hinšú"@tli	
"зукку лъени"@bph	<https://panlex.org/snapshot/panlex-20191001-csv/1573#50088223>				<https://panlex.org/snapshot/panlex-20191001-csv/1573#50088575>		"héen táak"@tli	
"зукку лъени"@bph	<https://panlex.org/snapshot/panlex-20191001-csv/1573#50088223>				<https://panlex.org/snapshot/panlex-20191001-csv/1573#50088582>		"naadaayi heen"@tli	
"зукку лъени"@bph	<https://panlex.org/snapshot/panlex-20191001-csv/1573#50088223>				<https://panlex.org/snapshot/panlex-20191001-csv/1573#50088581>		"kanaadaayi héen"@tli	
"зукку лъени"@bph	<https://panlex.org/snapshot/panlex-20191001-csv/1573#50088223>				<https://panlex.org/snapshot/panlex-20191001-csv/1573#50088578>		"héen wát"@tli	
"решин"@bph	<https://panlex.org/snapshot/panlex-20191001-csv/1573#50091058>				<https://panlex.org/snapshot/panlex-20191001-csv/1573#50091246>		"góosˀ"@tli	
"решин"@bph	<https://panlex.org/snapshot/panlex-20191001-csv/1573#50091058>				<https://panlex.org/snapshot/panlex-20191001-csv/1573#50091247>		"xáatsˀ"@tli	
"хъупир"@bph	<https://panlex.org/snapshot/panlex-20191001-csv/1573#50082903>				<https://panlex.org/snapshot/panlex-20191001-csv/1573#50083131>		"ḳootlˀ"@tli	
"хъупир"@bph	<https://panlex.org/snapshot/panlex-20191001-csv/1573#50082903>				<https://panlex.org/snapshot/panlex-20191001-csv/1573#50083132>		"ḳútlˀkʷ"@tli	
"байдан"@bph	<https://panlex.org/snapshot/panlex-20191001-csv/1573#50084490>				<https://panlex.org/snapshot/panlex-20191001-csv/1573#50084659>		"šaanáx̣"@tli	
"тІали"@bph	<https://panlex.org/snapshot/panlex-20191001-csv/1573#50086491>				<https://panlex.org/snapshot/panlex-20191001-csv/1573#50086651>		"x̣eil"@tli	
"тІали"@bph	<https://panlex.org/snapshot/panlex-20191001-csv/1573#50086491>				<https://panlex.org/snapshot/panlex-20191001-csv/1573#50086650>		"x̣eeš"@tli	
"тІали"@bph	<https://panlex.org/snapshot/panlex-20191001-csv/1573#50086491>				<https://panlex.org/snapshot/panlex-20191001-csv/1573#50086649>		"x̣eel"@tli	
"регьа"@bph	<https://panlex.org/snapshot/panlex-20191001-csv/1573#50086704>				<https://panlex.org/snapshot/panlex-20191001-csv/1573#50086835>		"éilˀ"@tli	
"инцІун бай"@bph	<https://panlex.org/snapshot/panlex-20191001-csv/1573#50088865>				<https://panlex.org/snapshot/panlex-20191001-csv/1573#50089152>		"goon"@tli	
"рухьу"@bph	<https://panlex.org/snapshot/panlex-20191001-csv/1573#50089663>				<https://panlex.org/snapshot/panlex-20191001-csv/1573#50089883>		"aas gutú"@tli	
"рухьу"@bph	<https://panlex.org/snapshot/panlex-20191001-csv/1573#50089663>				<https://panlex.org/snapshot/panlex-20191001-csv/1573#50089884>		"at gutú"@tli	
"хархун"@bph	<https://panlex.org/snapshot/panlex-20191001-csv/1573#50088650>				<https://panlex.org/snapshot/panlex-20191001-csv/1573#50088788>		"haat kool"@tli	
"дунял гьугьаду"@bph	<https://panlex.org/snapshot/panlex-20191001-csv/1573#50090869>				<https://panlex.org/snapshot/panlex-20191001-csv/1573#50091004>		"yoo aan ka.á"@tli	
"вада"@bph	<https://panlex.org/snapshot/panlex-20191001-csv/1573#50082627>				<https://panlex.org/snapshot/panlex-20191001-csv/1573#50082834>		"kadánǰaa"@tli	
"инсалъи бай"@bph	<https://panlex.org/snapshot/panlex-20191001-csv/1573#50085088>				<https://panlex.org/snapshot/panlex-20191001-csv/1573#50085349>		"éeḳ"@tli	
"инсалъи бай"@bph	<https://panlex.org/snapshot/panlex-20191001-csv/1573#50085088>				<https://panlex.org/snapshot/panlex-20191001-csv/1573#50085346>		"neeč"@tli	
"инсалъи бай"@bph	<https://panlex.org/snapshot/panlex-20191001-csv/1573#50085088>				<https://panlex.org/snapshot/panlex-20191001-csv/1573#50085348>		"yán"@tli	
"инсалъи бай"@bph	<https://panlex.org/snapshot/panlex-20191001-csv/1573#50085088>				<https://panlex.org/snapshot/panlex-20191001-csv/1573#50085347>		"xákʷ"@tli	
"лъени"@bph	<https://panlex.org/snapshot/panlex-20191001-csv/1573#50085659>				<https://panlex.org/snapshot/panlex-20191001-csv/1573#50085856>		"ḳéesˀ"@tli	
"лъени"@bph	<https://panlex.org/snapshot/panlex-20191001-csv/1573#50085659>				<https://panlex.org/snapshot/panlex-20191001-csv/1573#50085855>		"héen"@tli	
"лъени"@bph	<https://panlex.org/snapshot/panlex-20191001-csv/1573#50087964>				<https://panlex.org/snapshot/panlex-20191001-csv/1573#50088046>		"léin"@tli	
"биччи"@bph	<https://panlex.org/snapshot/panlex-20191001-csv/1573#50082902>				<https://panlex.org/snapshot/panlex-20191001-csv/1573#50083131>		"ḳootlˀ"@tli	
"биччи"@bph	<https://panlex.org/snapshot/panlex-20191001-csv/1573#50082902>				<https://panlex.org/snapshot/panlex-20191001-csv/1573#50083132>		"ḳútlˀkʷ"@tli	
"дунял"@bph	<https://panlex.org/snapshot/panlex-20191001-csv/1573#50081725>				<https://panlex.org/snapshot/panlex-20191001-csv/1573#50081906>		"lingitˀaaní"@tli	
"инхи"@bph	<https://panlex.org/snapshot/panlex-20191001-csv/1573#50088225>				<https://panlex.org/snapshot/panlex-20191001-csv/1573#50088579>		"héen šáak"@tli	
"инхи"@bph	<https://panlex.org/snapshot/panlex-20191001-csv/1573#50088225>				<https://panlex.org/snapshot/panlex-20191001-csv/1573#50088576>		"héen tˀiká"@tli	
"инхи"@bph	<https://panlex.org/snapshot/panlex-20191001-csv/1573#50088225>				<https://panlex.org/snapshot/panlex-20191001-csv/1573#50088577>		"héen wantú"@tli	
"инхи"@bph	<https://panlex.org/snapshot/panlex-20191001-csv/1573#50088225>				<https://panlex.org/snapshot/panlex-20191001-csv/1573#50088583>		"taašuká"@tli	
"инхи"@bph	<https://panlex.org/snapshot/panlex-20191001-csv/1573#50088225>				<https://panlex.org/snapshot/panlex-20191001-csv/1573#50088580>		"héen šú"@tli	
"инхи"@bph	<https://panlex.org/snapshot/panlex-20191001-csv/1573#50088225>				<https://panlex.org/snapshot/panlex-20191001-csv/1573#50088574>		"hinšú"@tli	
"инхи"@bph	<https://panlex.org/snapshot/panlex-20191001-csv/1573#50088225>				<https://panlex.org/snapshot/panlex-20191001-csv/1573#50088575>		"héen táak"@tli	
"инхи"@bph	<https://panlex.org/snapshot/panlex-20191001-csv/1573#50088225>				<https://panlex.org/snapshot/panlex-20191001-csv/1573#50088582>		"naadaayi heen"@tli	
"инхи"@bph	<https://panlex.org/snapshot/panlex-20191001-csv/1573#50088225>				<https://panlex.org/snapshot/panlex-20191001-csv/1573#50088581>		"kanaadaayi héen"@tli	
"инхи"@bph	<https://panlex.org/snapshot/panlex-20191001-csv/1573#50088225>				<https://panlex.org/snapshot/panlex-20191001-csv/1573#50088578>		"héen wát"@tli	
"къватІа"@bph	<https://panlex.org/snapshot/panlex-20191001-csv/1573#50085418>				<https://panlex.org/snapshot/panlex-20191001-csv/1573#50085605>		"tatóok"@tli	
"къватІа"@bph	<https://panlex.org/snapshot/panlex-20191001-csv/1573#50085418>				<https://panlex.org/snapshot/panlex-20191001-csv/1573#50085604>		"katóok"@tli	
"кьури"@bph	<https://panlex.org/snapshot/panlex-20191001-csv/1573#50083872>				<https://panlex.org/snapshot/panlex-20191001-csv/1573#50084084>		"g̣ílˀ"@tli	
"гьинцІа"@bph	<https://panlex.org/snapshot/panlex-20191001-csv/1573#50090485>				<https://panlex.org/snapshot/panlex-20191001-csv/1573#50090800>		"éečˀ"@tli	
"гьинцІа"@bph	<https://panlex.org/snapshot/panlex-20191001-csv/1573#50090485>				<https://panlex.org/snapshot/panlex-20191001-csv/1573#50090797>		"eeč"@tli	
"гьинцІа"@bph	<https://panlex.org/snapshot/panlex-20191001-csv/1573#50090485>				<https://panlex.org/snapshot/panlex-20191001-csv/1573#50090796>		"dakaadí"@tli	
"гьинцІа"@bph	<https://panlex.org/snapshot/panlex-20191001-csv/1573#50090485>				<https://panlex.org/snapshot/panlex-20191001-csv/1573#50090798>		"té"@tli	
"гьинцІа"@bph	<https://panlex.org/snapshot/panlex-20191001-csv/1573#50090485>				<https://panlex.org/snapshot/panlex-20191001-csv/1573#50090801>		"ḳaadí"@tli	
"гьинцІа"@bph	<https://panlex.org/snapshot/panlex-20191001-csv/1573#50090485>				<https://panlex.org/snapshot/panlex-20191001-csv/1573#50090799>		"té x̣áaxˀ"@tli	
"кьуди"@bph	<https://panlex.org/snapshot/panlex-20191001-csv/1573#50090488>				<https://panlex.org/snapshot/panlex-20191001-csv/1573#50090800>		"éečˀ"@tli	
"кьуди"@bph	<https://panlex.org/snapshot/panlex-20191001-csv/1573#50090488>				<https://panlex.org/snapshot/panlex-20191001-csv/1573#50090797>		"eeč"@tli	
"кьуди"@bph	<https://panlex.org/snapshot/panlex-20191001-csv/1573#50090488>				<https://panlex.org/snapshot/panlex-20191001-csv/1573#50090796>		"dakaadí"@tli	
"кьуди"@bph	<https://panlex.org/snapshot/panlex-20191001-csv/1573#50090488>				<https://panlex.org/snapshot/panlex-20191001-csv/1573#50090798>		"té"@tli	
"кьуди"@bph	<https://panlex.org/snapshot/panlex-20191001-csv/1573#50090488>				<https://panlex.org/snapshot/panlex-20191001-csv/1573#50090801>		"ḳaadí"@tli	
"кьуди"@bph	<https://panlex.org/snapshot/panlex-20191001-csv/1573#50090488>				<https://panlex.org/snapshot/panlex-20191001-csv/1573#50090799>		"té x̣áaxˀ"@tli	
"игьур"@bph	<https://panlex.org/snapshot/panlex-20191001-csv/1573#50086892>				<https://panlex.org/snapshot/panlex-20191001-csv/1573#50087075>		"áa"@tli	
"къуди"@bph	<https://panlex.org/snapshot/panlex-20191001-csv/1573#50083874>				<https://panlex.org/snapshot/panlex-20191001-csv/1573#50084084>		"g̣ílˀ"@tli	
"байдан"@bph	<https://panlex.org/snapshot/panlex-20191001-csv/1573#50084492>				<https://panlex.org/snapshot/panlex-20191001-csv/1573#50084659>		"šaanáx̣"@tli	
"бели"@bph	<https://panlex.org/snapshot/panlex-20191001-csv/1573#50083467>				<https://panlex.org/snapshot/panlex-20191001-csv/1573#50083769>		"gooč"@tli	
"бели"@bph	<https://panlex.org/snapshot/panlex-20191001-csv/1573#50083467>				<https://panlex.org/snapshot/panlex-20191001-csv/1573#50083770>		"šaa"@tli	
"бели"@bph	<https://panlex.org/snapshot/panlex-20191001-csv/1573#50083467>				<https://panlex.org/snapshot/panlex-20191001-csv/1573#50083773>		"šaa šaakée"@tli	
"бели"@bph	<https://panlex.org/snapshot/panlex-20191001-csv/1573#50083467>				<https://panlex.org/snapshot/panlex-20191001-csv/1573#50083772>		"šaa yadaa"@tli	
"бели"@bph	<https://panlex.org/snapshot/panlex-20191001-csv/1573#50083467>				<https://panlex.org/snapshot/panlex-20191001-csv/1573#50083771>		"šaa seiyí"@tli	
"инса"@bph	<https://panlex.org/snapshot/panlex-20191001-csv/1573#50088221>				<https://panlex.org/snapshot/panlex-20191001-csv/1573#50088579>		"héen šáak"@tli	
"инса"@bph	<https://panlex.org/snapshot/panlex-20191001-csv/1573#50088221>				<https://panlex.org/snapshot/panlex-20191001-csv/1573#50088576>		"héen tˀiká"@tli	
"инса"@bph	<https://panlex.org/snapshot/panlex-20191001-csv/1573#50088221>				<https://panlex.org/snapshot/panlex-20191001-csv/1573#50088577>		"héen wantú"@tli	
"инса"@bph	<https://panlex.org/snapshot/panlex-20191001-csv/1573#50088221>				<https://panlex.org/snapshot/panlex-20191001-csv/1573#50088583>		"taašuká"@tli	
"инса"@bph	<https://panlex.org/snapshot/panlex-20191001-csv/1573#50088221>				<https://panlex.org/snapshot/panlex-20191001-csv/1573#50088580>		"héen šú"@tli	
"инса"@bph	<https://panlex.org/snapshot/panlex-20191001-csv/1573#50088221>				<https://panlex.org/snapshot/panlex-20191001-csv/1573#50088574>		"hinšú"@tli	
"инса"@bph	<https://panlex.org/snapshot/panlex-20191001-csv/1573#50088221>				<https://panlex.org/snapshot/panlex-20191001-csv/1573#50088575>		"héen táak"@tli	
"инса"@bph	<https://panlex.org/snapshot/panlex-20191001-csv/1573#50088221>				<https://panlex.org/snapshot/panlex-20191001-csv/1573#50088582>		"naadaayi heen"@tli	
"инса"@bph	<https://panlex.org/snapshot/panlex-20191001-csv/1573#50088221>				<https://panlex.org/snapshot/panlex-20191001-csv/1573#50088581>		"kanaadaayi héen"@tli	
"инса"@bph	<https://panlex.org/snapshot/panlex-20191001-csv/1573#50088221>				<https://panlex.org/snapshot/panlex-20191001-csv/1573#50088578>		"héen wát"@tli	
"рухьу"@bph	<https://panlex.org/snapshot/panlex-20191001-csv/1573#50089662>				<https://panlex.org/snapshot/panlex-20191001-csv/1573#50089883>		"aas gutú"@tli	
"рухьу"@bph	<https://panlex.org/snapshot/panlex-20191001-csv/1573#50089662>				<https://panlex.org/snapshot/panlex-20191001-csv/1573#50089884>		"at gutú"@tli	
"кІкІʼабадир"@bph	<https://panlex.org/snapshot/panlex-20191001-csv/1573#50083869>				<https://panlex.org/snapshot/panlex-20191001-csv/1573#50084084>		"g̣ílˀ"@tli	
"гьирцІил"@bph	<https://panlex.org/snapshot/panlex-20191001-csv/1573#50089472>				<https://panlex.org/snapshot/panlex-20191001-csv/1573#50089608>		"eey"@tli	
"гьирцІил"@bph	<https://panlex.org/snapshot/panlex-20191001-csv/1573#50089472>				<https://panlex.org/snapshot/panlex-20191001-csv/1573#50089609>		"xˀáas"@tli	
"регьа бай"@bph	<https://panlex.org/snapshot/panlex-20191001-csv/1573#50085089>				<https://panlex.org/snapshot/panlex-20191001-csv/1573#50085349>		"éeḳ"@tli	
"регьа бай"@bph	<https://panlex.org/snapshot/panlex-20191001-csv/1573#50085089>				<https://panlex.org/snapshot/panlex-20191001-csv/1573#50085346>		"neeč"@tli	
"регьа бай"@bph	<https://panlex.org/snapshot/panlex-20191001-csv/1573#50085089>				<https://panlex.org/snapshot/panlex-20191001-csv/1573#50085348>		"yán"@tli	
"регьа бай"@bph	<https://panlex.org/snapshot/panlex-20191001-csv/1573#50085089>				<https://panlex.org/snapshot/panlex-20191001-csv/1573#50085347>		"xákʷ"@tli	
"хархун"@bph	<https://panlex.org/snapshot/panlex-20191001-csv/1573#50088649>				<https://panlex.org/snapshot/panlex-20191001-csv/1573#50088788>		"haat kool"@tli	
"бечІуха регьа"@bph	<https://panlex.org/snapshot/panlex-20191001-csv/1573#50086703>				<https://panlex.org/snapshot/panlex-20191001-csv/1573#50086835>		"éilˀ"@tli	
"дунйал"@bph	<https://panlex.org/snapshot/panlex-20191001-csv/1573#50081724>				<https://panlex.org/snapshot/panlex-20191001-csv/1573#50081906>		"lingitˀaaní"@tli	
"биччи"@bph	<https://panlex.org/snapshot/panlex-20191001-csv/1573#50082900>				<https://panlex.org/snapshot/panlex-20191001-csv/1573#50083131>		"ḳootlˀ"@tli	
"биччи"@bph	<https://panlex.org/snapshot/panlex-20191001-csv/1573#50082900>				<https://panlex.org/snapshot/panlex-20191001-csv/1573#50083132>		"ḳútlˀkʷ"@tli	
"пачалихъ"@bph	<https://panlex.org/snapshot/panlex-20191001-csv/1573#50081986>				<https://panlex.org/snapshot/panlex-20191001-csv/1573#50082245>		"tlˀátk"@tli	
"лъени бигъаб муса"@bph	<https://panlex.org/snapshot/panlex-20191001-csv/1573#50087111>				<https://panlex.org/snapshot/panlex-20191001-csv/1573#50087232>		"g̣eey"@tli	
"лъени бигъаб муса"@bph	<https://panlex.org/snapshot/panlex-20191001-csv/1573#50087111>				<https://panlex.org/snapshot/panlex-20191001-csv/1573#50087233>		"g̣eiy"@tli	
"чІинкІиллъи"@bph	<https://panlex.org/snapshot/panlex-20191001-csv/1573#50084709>				<https://panlex.org/snapshot/panlex-20191001-csv/1573#50084871>		"xˀáatˀ"@tli	
"дада"@bph	<https://panlex.org/snapshot/panlex-20191001-csv/1573#50082626>				<https://panlex.org/snapshot/panlex-20191001-csv/1573#50082834>		"kadánǰaa"@tli	
"пачалихъ"@bph	<https://panlex.org/snapshot/panlex-20191001-csv/1573#50081984>				<https://panlex.org/snapshot/panlex-20191001-csv/1573#50082245>		"tlˀátk"@tli	
"гьуди"@bph	<https://panlex.org/snapshot/panlex-20191001-csv/1573#50090207>				<https://panlex.org/snapshot/panlex-20191001-csv/1573#50090402>		"kaxˀásˀti"@tli	
"гьуди"@bph	<https://panlex.org/snapshot/panlex-20191001-csv/1573#50090207>				<https://panlex.org/snapshot/panlex-20191001-csv/1573#50090404>		"lˀóowú"@tli	
"гьуди"@bph	<https://panlex.org/snapshot/panlex-20191001-csv/1573#50090207>				<https://panlex.org/snapshot/panlex-20191001-csv/1573#50090403>		"lˀeiwú"@tli	
"хьуци"@bph	<https://panlex.org/snapshot/panlex-20191001-csv/1573#50089220>				<https://panlex.org/snapshot/panlex-20191001-csv/1573#50089416>		"šáčk"@tli	
"къватІа"@bph	<https://panlex.org/snapshot/panlex-20191001-csv/1573#50085420>				<https://panlex.org/snapshot/panlex-20191001-csv/1573#50085605>		"tatóok"@tli	
"къватІа"@bph	<https://panlex.org/snapshot/panlex-20191001-csv/1573#50085420>				<https://panlex.org/snapshot/panlex-20191001-csv/1573#50085604>		"katóok"@tli	
"инса"@bph	<https://panlex.org/snapshot/panlex-20191001-csv/1573#50088224>				<https://panlex.org/snapshot/panlex-20191001-csv/1573#50088579>		"héen šáak"@tli	
"инса"@bph	<https://panlex.org/snapshot/panlex-20191001-csv/1573#50088224>				<https://panlex.org/snapshot/panlex-20191001-csv/1573#50088576>		"héen tˀiká"@tli	
"инса"@bph	<https://panlex.org/snapshot/panlex-20191001-csv/1573#50088224>				<https://panlex.org/snapshot/panlex-20191001-csv/1573#50088577>		"héen wantú"@tli	
"инса"@bph	<https://panlex.org/snapshot/panlex-20191001-csv/1573#50088224>				<https://panlex.org/snapshot/panlex-20191001-csv/1573#50088583>		"taašuká"@tli	
"инса"@bph	<https://panlex.org/snapshot/panlex-20191001-csv/1573#50088224>				<https://panlex.org/snapshot/panlex-20191001-csv/1573#50088580>		"héen šú"@tli	
"инса"@bph	<https://panlex.org/snapshot/panlex-20191001-csv/1573#50088224>				<https://panlex.org/snapshot/panlex-20191001-csv/1573#50088574>		"hinšú"@tli	
"инса"@bph	<https://panlex.org/snapshot/panlex-20191001-csv/1573#50088224>				<https://panlex.org/snapshot/panlex-20191001-csv/1573#50088575>		"héen táak"@tli	
"инса"@bph	<https://panlex.org/snapshot/panlex-20191001-csv/1573#50088224>				<https://panlex.org/snapshot/panlex-20191001-csv/1573#50088582>		"naadaayi heen"@tli	
"инса"@bph	<https://panlex.org/snapshot/panlex-20191001-csv/1573#50088224>				<https://panlex.org/snapshot/panlex-20191001-csv/1573#50088581>		"kanaadaayi héen"@tli	
"инса"@bph	<https://panlex.org/snapshot/panlex-20191001-csv/1573#50088224>				<https://panlex.org/snapshot/panlex-20191001-csv/1573#50088578>		"héen wát"@tli	
"мааб муса"@bph	<https://panlex.org/snapshot/panlex-20191001-csv/1573#50087965>				<https://panlex.org/snapshot/panlex-20191001-csv/1573#50088046>		"léin"@tli	
"кьуделъи бай"@bph	<https://panlex.org/snapshot/panlex-20191001-csv/1573#50083870>				<https://panlex.org/snapshot/panlex-20191001-csv/1573#50084084>		"g̣ílˀ"@tli	
"речІчІа"@bph	<https://panlex.org/snapshot/panlex-20191001-csv/1573#50085419>				<https://panlex.org/snapshot/panlex-20191001-csv/1573#50085605>		"tatóok"@tli	
"речІчІа"@bph	<https://panlex.org/snapshot/panlex-20191001-csv/1573#50085419>				<https://panlex.org/snapshot/panlex-20191001-csv/1573#50085604>		"katóok"@tli	
"мигьи"@bph	<https://panlex.org/snapshot/panlex-20191001-csv/1573#50091314>				<https://panlex.org/snapshot/panlex-20191001-csv/1573#50091499>		"g̣agaan"@tli	
"сира"@bph	<https://panlex.org/snapshot/panlex-20191001-csv/1573#50083188>				<https://panlex.org/snapshot/panlex-20191001-csv/1573#50083376>		"lˀéiw"@tli	
"сира"@bph	<https://panlex.org/snapshot/panlex-20191001-csv/1573#50083188>				<https://panlex.org/snapshot/panlex-20191001-csv/1573#50083377>		"lˀéiw yátxˀi"@tli	
"игьур"@bph	<https://panlex.org/snapshot/panlex-20191001-csv/1573#50086890>				<https://panlex.org/snapshot/panlex-20191001-csv/1573#50087075>		"áa"@tli	
"лъени букнирлъи"@bph	<https://panlex.org/snapshot/panlex-20191001-csv/1573#50089474>				<https://panlex.org/snapshot/panlex-20191001-csv/1573#50089608>		"eey"@tli	
"лъени букнирлъи"@bph	<https://panlex.org/snapshot/panlex-20191001-csv/1573#50089474>				<https://panlex.org/snapshot/panlex-20191001-csv/1573#50089609>		"xˀáas"@tli	
"хъупир"@bph	<https://panlex.org/snapshot/panlex-20191001-csv/1573#50082901>				<https://panlex.org/snapshot/panlex-20191001-csv/1573#50083131>		"ḳootlˀ"@tli	
"хъупир"@bph	<https://panlex.org/snapshot/panlex-20191001-csv/1573#50082901>				<https://panlex.org/snapshot/panlex-20191001-csv/1573#50083132>		"ḳútlˀkʷ"@tli	
"кьуди"@bph	<https://panlex.org/snapshot/panlex-20191001-csv/1573#50083871>				<https://panlex.org/snapshot/panlex-20191001-csv/1573#50084084>		"g̣ílˀ"@tli	
"кьуди"@bph	<https://panlex.org/snapshot/panlex-20191001-csv/1573#50090486>				<https://panlex.org/snapshot/panlex-20191001-csv/1573#50090800>		"éečˀ"@tli	
"кьуди"@bph	<https://panlex.org/snapshot/panlex-20191001-csv/1573#50090486>				<https://panlex.org/snapshot/panlex-20191001-csv/1573#50090797>		"eeč"@tli	
"кьуди"@bph	<https://panlex.org/snapshot/panlex-20191001-csv/1573#50090486>				<https://panlex.org/snapshot/panlex-20191001-csv/1573#50090796>		"dakaadí"@tli	
"кьуди"@bph	<https://panlex.org/snapshot/panlex-20191001-csv/1573#50090486>				<https://panlex.org/snapshot/panlex-20191001-csv/1573#50090798>		"té"@tli	
"кьуди"@bph	<https://panlex.org/snapshot/panlex-20191001-csv/1573#50090486>				<https://panlex.org/snapshot/panlex-20191001-csv/1573#50090801>		"ḳaadí"@tli	
"кьуди"@bph	<https://panlex.org/snapshot/panlex-20191001-csv/1573#50090486>				<https://panlex.org/snapshot/panlex-20191001-csv/1573#50090799>		"té x̣áaxˀ"@tli	
"мигьи"@bph	<https://panlex.org/snapshot/panlex-20191001-csv/1573#50091313>				<https://panlex.org/snapshot/panlex-20191001-csv/1573#50091499>		"g̣agaan"@tli	
"регьа"@bph	<https://panlex.org/snapshot/panlex-20191001-csv/1573#50086891>				<https://panlex.org/snapshot/panlex-20191001-csv/1573#50087075>		"áa"@tli	
"кІкІабдир"@bph	<https://panlex.org/snapshot/panlex-20191001-csv/1573#50083873>				<https://panlex.org/snapshot/panlex-20191001-csv/1573#50084084>		"g̣ílˀ"@tli	
"гьуди"@bph	<https://panlex.org/snapshot/panlex-20191001-csv/1573#50090208>				<https://panlex.org/snapshot/panlex-20191001-csv/1573#50090402>		"kaxˀásˀti"@tli	
"гьуди"@bph	<https://panlex.org/snapshot/panlex-20191001-csv/1573#50090208>				<https://panlex.org/snapshot/panlex-20191001-csv/1573#50090404>		"lˀóowú"@tli	
"гьуди"@bph	<https://panlex.org/snapshot/panlex-20191001-csv/1573#50090208>				<https://panlex.org/snapshot/panlex-20191001-csv/1573#50090403>		"lˀeiwú"@tli	
"решин"@bph	<https://panlex.org/snapshot/panlex-20191001-csv/1573#50091059>				<https://panlex.org/snapshot/panlex-20191001-csv/1573#50091246>		"góosˀ"@tli	
"решин"@bph	<https://panlex.org/snapshot/panlex-20191001-csv/1573#50091059>				<https://panlex.org/snapshot/panlex-20191001-csv/1573#50091247>		"xáatsˀ"@tli	
"инци"@bph	<https://panlex.org/snapshot/panlex-20191001-csv/1573#50088864>				<https://panlex.org/snapshot/panlex-20191001-csv/1573#50089152>		"goon"@tli	
"гІалах"@bph	<https://panlex.org/snapshot/panlex-20191001-csv/1573#50084491>				<https://panlex.org/snapshot/panlex-20191001-csv/1573#50084659>		"šaanáx̣"@tli	
"гъваранча"@bph	<https://panlex.org/snapshot/panlex-20191001-csv/1573#50087641>				<https://panlex.org/snapshot/panlex-20191001-csv/1573#50087824>		"teet tlénxˀ"@tli	
"гъваранча"@bph	<https://panlex.org/snapshot/panlex-20191001-csv/1573#50087641>				<https://panlex.org/snapshot/panlex-20191001-csv/1573#50087823>		"teet"@tli	
"цІинтур"@bph	<https://panlex.org/snapshot/panlex-20191001-csv/1573#50089221>				<https://panlex.org/snapshot/panlex-20191001-csv/1573#50089416>		"šáčk"@tli	
"рекъа"@bph	<https://panlex.org/snapshot/panlex-20191001-csv/1573#50083466>				<https://panlex.org/snapshot/panlex-20191001-csv/1573#50083769>		"gooč"@tli	
"рекъа"@bph	<https://panlex.org/snapshot/panlex-20191001-csv/1573#50083466>				<https://panlex.org/snapshot/panlex-20191001-csv/1573#50083770>		"šaa"@tli	
"рекъа"@bph	<https://panlex.org/snapshot/panlex-20191001-csv/1573#50083466>				<https://panlex.org/snapshot/panlex-20191001-csv/1573#50083773>		"šaa šaakée"@tli	
"рекъа"@bph	<https://panlex.org/snapshot/panlex-20191001-csv/1573#50083466>				<https://panlex.org/snapshot/panlex-20191001-csv/1573#50083772>		"šaa yadaa"@tli	
"рекъа"@bph	<https://panlex.org/snapshot/panlex-20191001-csv/1573#50083466>				<https://panlex.org/snapshot/panlex-20191001-csv/1573#50083771>		"šaa seiyí"@tli	
"тІали"@bph	<https://panlex.org/snapshot/panlex-20191001-csv/1573#50086490>				<https://panlex.org/snapshot/panlex-20191001-csv/1573#50086651>		"x̣eil"@tli	
"тІали"@bph	<https://panlex.org/snapshot/panlex-20191001-csv/1573#50086490>				<https://panlex.org/snapshot/panlex-20191001-csv/1573#50086650>		"x̣eeš"@tli	
"тІали"@bph	<https://panlex.org/snapshot/panlex-20191001-csv/1573#50086490>				<https://panlex.org/snapshot/panlex-20191001-csv/1573#50086649>		"x̣eel"@tli	
"инхи"@bph	<https://panlex.org/snapshot/panlex-20191001-csv/1573#50088222>				<https://panlex.org/snapshot/panlex-20191001-csv/1573#50088579>		"héen šáak"@tli	
"инхи"@bph	<https://panlex.org/snapshot/panlex-20191001-csv/1573#50088222>				<https://panlex.org/snapshot/panlex-20191001-csv/1573#50088576>		"héen tˀiká"@tli	
"инхи"@bph	<https://panlex.org/snapshot/panlex-20191001-csv/1573#50088222>				<https://panlex.org/snapshot/panlex-20191001-csv/1573#50088577>		"héen wantú"@tli	
"инхи"@bph	<https://panlex.org/snapshot/panlex-20191001-csv/1573#50088222>				<https://panlex.org/snapshot/panlex-20191001-csv/1573#50088583>		"taašuká"@tli	
"инхи"@bph	<https://panlex.org/snapshot/panlex-20191001-csv/1573#50088222>				<https://panlex.org/snapshot/panlex-20191001-csv/1573#50088580>		"héen šú"@tli	
"инхи"@bph	<https://panlex.org/snapshot/panlex-20191001-csv/1573#50088222>				<https://panlex.org/snapshot/panlex-20191001-csv/1573#50088574>		"hinšú"@tli	
"инхи"@bph	<https://panlex.org/snapshot/panlex-20191001-csv/1573#50088222>				<https://panlex.org/snapshot/panlex-20191001-csv/1573#50088575>		"héen táak"@tli	
"инхи"@bph	<https://panlex.org/snapshot/panlex-20191001-csv/1573#50088222>				<https://panlex.org/snapshot/panlex-20191001-csv/1573#50088582>		"naadaayi heen"@tli	
"инхи"@bph	<https://panlex.org/snapshot/panlex-20191001-csv/1573#50088222>				<https://panlex.org/snapshot/panlex-20191001-csv/1573#50088581>		"kanaadaayi héen"@tli	
"инхи"@bph	<https://panlex.org/snapshot/panlex-20191001-csv/1573#50088222>				<https://panlex.org/snapshot/panlex-20191001-csv/1573#50088578>		"héen wát"@tli	
