"талатзив"@bph	<https://panlex.org/snapshot/panlex-20191001-csv/2892#110824632>				<https://panlex.org/snapshot/panlex-20191001-csv/2892#110824722>		"bïkua-ûse"@sg	
"рузманзив"@bph	<https://panlex.org/snapshot/panlex-20191001-csv/2892#110825895>				<https://panlex.org/snapshot/panlex-20191001-csv/2892#110825829>		"bïkua-okü"@sg	
"арбагӏзив"@bph	<https://panlex.org/snapshot/panlex-20191001-csv/2892#110825100>				<https://panlex.org/snapshot/panlex-20191001-csv/2892#110825092>		"bïkua-otâ"@sg	
"базарзив"@bph	<https://panlex.org/snapshot/panlex-20191001-csv/2892#110826771>				<https://panlex.org/snapshot/panlex-20191001-csv/2892#110827030>		"dimâsi"@sg	
"базарзив"@bph	<https://panlex.org/snapshot/panlex-20191001-csv/2892#110826771>				<https://panlex.org/snapshot/panlex-20191001-csv/2892#110826955>		"dimâse"@sg	
"базарзив"@bph	<https://panlex.org/snapshot/panlex-20191001-csv/2892#110826771>				<https://panlex.org/snapshot/panlex-20191001-csv/2892#110826812>		"lâ-yenga"@sg	
"базарзив"@bph	<https://panlex.org/snapshot/panlex-20191001-csv/2892#110826771>				<https://panlex.org/snapshot/panlex-20191001-csv/2892#110826663>		"dumâsi"@sg	
"базарзив"@bph	<https://panlex.org/snapshot/panlex-20191001-csv/2892#110826771>				<https://panlex.org/snapshot/panlex-20191001-csv/2892#110826683>		"yenga"@sg	
"хамиззив"@bph	<https://panlex.org/snapshot/panlex-20191001-csv/2892#110825406>				<https://panlex.org/snapshot/panlex-20191001-csv/2892#110825490>		"bïkua-usyö"@sg	
"итнизив"@bph	<https://panlex.org/snapshot/panlex-20191001-csv/2892#110824162>				<https://panlex.org/snapshot/panlex-20191001-csv/2892#110824286>		"bïkua-ôko"@sg	
"шаматзив"@bph	<https://panlex.org/snapshot/panlex-20191001-csv/2892#110826519>				<https://panlex.org/snapshot/panlex-20191001-csv/2892#110826382>		"lâ-pôso"@sg	
"шаматзив"@bph	<https://panlex.org/snapshot/panlex-20191001-csv/2892#110826519>				<https://panlex.org/snapshot/panlex-20191001-csv/2892#110826227>		"samedï"@sg	
"шаматзив"@bph	<https://panlex.org/snapshot/panlex-20191001-csv/2892#110826519>				<https://panlex.org/snapshot/panlex-20191001-csv/2892#110826354>		"pôso"@sg	
