"талатзив"@bph	<https://panlex.org/snapshot/panlex-20191001-csv/2892#110824632>				<https://panlex.org/snapshot/panlex-20191001-csv/2892#110824586>		"salı"@crh	
"талатзив"@bph	<https://panlex.org/snapshot/panlex-20191001-csv/2892#110824632>				<https://panlex.org/snapshot/panlex-20191001-csv/2892#110824515>		"салы"@crh	
"рузманзив"@bph	<https://panlex.org/snapshot/panlex-20191001-csv/2892#110825895>				<https://panlex.org/snapshot/panlex-20191001-csv/2892#110826009>		"cuma"@crh	
"рузманзив"@bph	<https://panlex.org/snapshot/panlex-20191001-csv/2892#110825895>				<https://panlex.org/snapshot/panlex-20191001-csv/2892#110825825>		"джума"@crh	
"арбагӏзив"@bph	<https://panlex.org/snapshot/panlex-20191001-csv/2892#110825100>				<https://panlex.org/snapshot/panlex-20191001-csv/2892#110824916>		"чаршамба"@crh	
"арбагӏзив"@bph	<https://panlex.org/snapshot/panlex-20191001-csv/2892#110825100>				<https://panlex.org/snapshot/panlex-20191001-csv/2892#110825079>		"çarşamba"@crh	
"базарзив"@bph	<https://panlex.org/snapshot/panlex-20191001-csv/2892#110826771>				<https://panlex.org/snapshot/panlex-20191001-csv/2892#110826661>		"pazar"@crh	
"базарзив"@bph	<https://panlex.org/snapshot/panlex-20191001-csv/2892#110826771>				<https://panlex.org/snapshot/panlex-20191001-csv/2892#110826755>		"пазар"@crh	
"хамиззив"@bph	<https://panlex.org/snapshot/panlex-20191001-csv/2892#110825406>				<https://panlex.org/snapshot/panlex-20191001-csv/2892#110825565>		"першембе"@crh	
"хамиззив"@bph	<https://panlex.org/snapshot/panlex-20191001-csv/2892#110825406>				<https://panlex.org/snapshot/panlex-20191001-csv/2892#110825382>		"perşembe"@crh	
"итнизив"@bph	<https://panlex.org/snapshot/panlex-20191001-csv/2892#110824162>				<https://panlex.org/snapshot/panlex-20191001-csv/2892#110824221>		"pazartesi"@crh	
"итнизив"@bph	<https://panlex.org/snapshot/panlex-20191001-csv/2892#110824162>				<https://panlex.org/snapshot/panlex-20191001-csv/2892#110824295>		"пазартеси"@crh	
"шаматзив"@bph	<https://panlex.org/snapshot/panlex-20191001-csv/2892#110826519>				<https://panlex.org/snapshot/panlex-20191001-csv/2892#110826451>		"джумартеси"@crh	
"шаматзив"@bph	<https://panlex.org/snapshot/panlex-20191001-csv/2892#110826519>				<https://panlex.org/snapshot/panlex-20191001-csv/2892#110826127>		"cumartesi"@crh	
