"we'aha"@kud	<https://panlex.org/snapshot/panlex-20191001-csv/12#850999>				<https://panlex.org/snapshot/panlex-20191001-csv/12#851059>		"waé"@mqy	
"dagela"@kud	<https://panlex.org/snapshot/panlex-20191001-csv/114#8057949>				<https://panlex.org/snapshot/panlex-20191001-csv/114#8058031>		"wekur"@mqy	
"ulu-"@kud	<https://panlex.org/snapshot/panlex-20191001-csv/114#8063599>				<https://panlex.org/snapshot/panlex-20191001-csv/114#8063688>		"ulu"@mqy	
"yuvi"@kud	<https://panlex.org/snapshot/panlex-20191001-csv/114#8065735>				<https://panlex.org/snapshot/panlex-20191001-csv/114#8065807>		"nai"@mqy	
"ʼawa"@kud	<https://panlex.org/snapshot/panlex-20191001-csv/114#8066705>				<https://panlex.org/snapshot/panlex-20191001-csv/114#8066794>		"muʔu"@mqy	
"godu-"@kud	<https://panlex.org/snapshot/panlex-20191001-csv/114#8064146>				<https://panlex.org/snapshot/panlex-20191001-csv/114#8064230>		"bokak"@mqy	
"alina"@kud	<https://panlex.org/snapshot/panlex-20191001-csv/114#8067792>				<https://panlex.org/snapshot/panlex-20191001-csv/114#8067879>		"l|ema"@mqy	
"ʼae"@kud	<https://panlex.org/snapshot/panlex-20191001-csv/114#8053321>				<https://panlex.org/snapshot/panlex-20191001-csv/114#8053412>		"waʔi"@mqy	
"we'aha"@kud	<https://panlex.org/snapshot/panlex-20191001-csv/11#787616>				<https://panlex.org/snapshot/panlex-20191001-csv/11#787660>		"waé"@mqy	
