"dagela"@kud	<https://panlex.org/snapshot/panlex-20191001-csv/114#8057949>				<https://panlex.org/snapshot/panlex-20191001-csv/114#8058127>		"ʼbokot"@sbl	
"ulu-"@kud	<https://panlex.org/snapshot/panlex-20191001-csv/114#8063599>				<https://panlex.org/snapshot/panlex-20191001-csv/114#8063790>		"ʼqolo"@sbl	
"yuvi"@kud	<https://panlex.org/snapshot/panlex-20191001-csv/114#8065735>				<https://panlex.org/snapshot/panlex-20191001-csv/114#8065896>		"maʼngiʼnanaʼwa"@sbl	
"ʼawa"@kud	<https://panlex.org/snapshot/panlex-20191001-csv/114#8066705>				<https://panlex.org/snapshot/panlex-20191001-csv/114#8066907>		"bɨʼbɨy"@sbl	
"godu-"@kud	<https://panlex.org/snapshot/panlex-20191001-csv/114#8064146>				<https://panlex.org/snapshot/panlex-20191001-csv/114#8064327>		"ʼlɨqɨy"@sbl	
"alina"@kud	<https://panlex.org/snapshot/panlex-20191001-csv/114#8067792>				<https://panlex.org/snapshot/panlex-20191001-csv/114#8067976>		"ʼdilaq"@sbl	
"ʼae"@kud	<https://panlex.org/snapshot/panlex-20191001-csv/114#8053321>				<https://panlex.org/snapshot/panlex-20191001-csv/114#8053522>		"biʼtih"@sbl	
