"dagela"@kud	<https://panlex.org/snapshot/panlex-20191001-csv/114#8057949>				<https://panlex.org/snapshot/panlex-20191001-csv/114#8057961>		"buŋgiuŋo"@kzp	
"ulu-"@kud	<https://panlex.org/snapshot/panlex-20191001-csv/114#8063599>				<https://panlex.org/snapshot/panlex-20191001-csv/114#8063611>		"urʔu"@kzp	
"yuvi"@kud	<https://panlex.org/snapshot/panlex-20191001-csv/114#8065735>				<https://panlex.org/snapshot/panlex-20191001-csv/114#8065745>		"mogi|naa"@kzp	
"ʼawa"@kud	<https://panlex.org/snapshot/panlex-20191001-csv/114#8066705>				<https://panlex.org/snapshot/panlex-20191001-csv/114#8066716>		"ŋaŋa"@kzp	
"godu-"@kud	<https://panlex.org/snapshot/panlex-20191001-csv/114#8064146>				<https://panlex.org/snapshot/panlex-20191001-csv/114#8064156>		"tigugu"@kzp	
"alina"@kud	<https://panlex.org/snapshot/panlex-20191001-csv/114#8067792>				<https://panlex.org/snapshot/panlex-20191001-csv/114#8067802>		"dila"@kzp	
"ʼae"@kud	<https://panlex.org/snapshot/panlex-20191001-csv/114#8053321>				<https://panlex.org/snapshot/panlex-20191001-csv/114#8053332>		"tiorʔo"@kzp	
