"we'aha"@kud	<https://panlex.org/snapshot/panlex-20191001-csv/12#850999>				<https://panlex.org/snapshot/panlex-20191001-csv/12#850873>		"túbig"@ceb	
"dagela"@kud	<https://panlex.org/snapshot/panlex-20191001-csv/114#8057949>				<https://panlex.org/snapshot/panlex-20191001-csv/114#8057834>		"likód"@ceb	
"ulu-"@kud	<https://panlex.org/snapshot/panlex-20191001-csv/114#8063599>				<https://panlex.org/snapshot/panlex-20191001-csv/114#8063474>		"úlo"@ceb	
"yuvi"@kud	<https://panlex.org/snapshot/panlex-20191001-csv/114#8065735>				<https://panlex.org/snapshot/panlex-20191001-csv/114#8065639>		"moginháwa"@ceb	
"ʼawa"@kud	<https://panlex.org/snapshot/panlex-20191001-csv/114#8066705>				<https://panlex.org/snapshot/panlex-20191001-csv/114#8066579>		"ba’ʔba’ʔ"@ceb	
"godu-"@kud	<https://panlex.org/snapshot/panlex-20191001-csv/114#8064146>				<https://panlex.org/snapshot/panlex-20191001-csv/114#8064023>		"líog"@ceb	
"alina"@kud	<https://panlex.org/snapshot/panlex-20191001-csv/114#8067792>				<https://panlex.org/snapshot/panlex-20191001-csv/114#8067677>		"díla"@ceb	
"ʼae"@kud	<https://panlex.org/snapshot/panlex-20191001-csv/114#8053321>				<https://panlex.org/snapshot/panlex-20191001-csv/114#8053189>		"tíil"@ceb	
"we'aha"@kud	<https://panlex.org/snapshot/panlex-20191001-csv/11#787616>				<https://panlex.org/snapshot/panlex-20191001-csv/11#787513>		"túbig"@ceb	
