"Agoste"@ts	<https://panlex.org/snapshot/panlex-20191001-csv/5949#85329525>				<https://panlex.org/snapshot/panlex-20191001-csv/5949#85329395>		"август"@kjh	
"Mhawuri"@ts	<https://panlex.org/snapshot/panlex-20191001-csv/5949#85329526>				<https://panlex.org/snapshot/panlex-20191001-csv/5949#85329395>		"август"@kjh	
"Ravurharhu"@ts	<https://panlex.org/snapshot/panlex-20191001-csv/2892#110825257>				<https://panlex.org/snapshot/panlex-20191001-csv/2892#110825209>		"среда"@kjh	
"Muqivela"@ts	<https://panlex.org/snapshot/panlex-20191001-csv/2892#110826335>				<https://panlex.org/snapshot/panlex-20191001-csv/2892#110826359>		"суббота"@kjh	
"Mugivela"@ts	<https://panlex.org/snapshot/panlex-20191001-csv/2892#110826361>				<https://panlex.org/snapshot/panlex-20191001-csv/2892#110826359>		"суббота"@kjh	
"Musumbunuku"@ts	<https://panlex.org/snapshot/panlex-20191001-csv/2892#110824014>				<https://panlex.org/snapshot/panlex-20191001-csv/2892#110824211>		"понедельник"@kjh	
"Ravumbirhi"@ts	<https://panlex.org/snapshot/panlex-20191001-csv/2892#110824521>				<https://panlex.org/snapshot/panlex-20191001-csv/2892#110824733>		"вторник"@kjh	
"Ravuntlhanu"@ts	<https://panlex.org/snapshot/panlex-20191001-csv/2892#110825751>				<https://panlex.org/snapshot/panlex-20191001-csv/2892#110825750>		"пятница"@kjh	
"Sonto"@ts	<https://panlex.org/snapshot/panlex-20191001-csv/2892#110826668>				<https://panlex.org/snapshot/panlex-20191001-csv/2892#110826836>		"позырах"@kjh	
"Ravumune"@ts	<https://panlex.org/snapshot/panlex-20191001-csv/2892#110825336>				<https://panlex.org/snapshot/panlex-20191001-csv/2892#110825318>		"четверг"@kjh	
"Hukuri"@ts	<https://panlex.org/snapshot/panlex-20191001-csv/2897#110831508>				<https://panlex.org/snapshot/panlex-20191001-csv/2897#110831399>		"ноябрь"@kjh	
"Disemba"@ts	<https://panlex.org/snapshot/panlex-20191001-csv/2897#110831829>				<https://panlex.org/snapshot/panlex-20191001-csv/2897#110831663>		"декабрь"@kjh	
"Ndzhati"@ts	<https://panlex.org/snapshot/panlex-20191001-csv/2897#110830580>				<https://panlex.org/snapshot/panlex-20191001-csv/2897#110830368>		"сентябрь"@kjh	
"Febriwari"@ts	<https://panlex.org/snapshot/panlex-20191001-csv/2897#110827596>				<https://panlex.org/snapshot/panlex-20191001-csv/2897#110827655>		"февраль"@kjh	
"Dzivamusoko"@ts	<https://panlex.org/snapshot/panlex-20191001-csv/2897#110828517>				<https://panlex.org/snapshot/panlex-20191001-csv/2897#110828322>		"апрель"@kjh	
"Machi"@ts	<https://panlex.org/snapshot/panlex-20191001-csv/2897#110828147>				<https://panlex.org/snapshot/panlex-20191001-csv/2897#110827954>		"март"@kjh	
"Agoste"@ts	<https://panlex.org/snapshot/panlex-20191001-csv/2897#110829902>				<https://panlex.org/snapshot/panlex-20191001-csv/2897#110830177>		"август"@kjh	
"Oktoba"@ts	<https://panlex.org/snapshot/panlex-20191001-csv/2897#110830982>				<https://panlex.org/snapshot/panlex-20191001-csv/2897#110830871>		"октябрь"@kjh	
"Mudyaxihi"@ts	<https://panlex.org/snapshot/panlex-20191001-csv/2897#110828903>				<https://panlex.org/snapshot/panlex-20191001-csv/2897#110828793>		"май"@kjh	
"N’wedzamhala"@ts	<https://panlex.org/snapshot/panlex-20191001-csv/2897#110831671>				<https://panlex.org/snapshot/panlex-20191001-csv/2897#110831663>		"декабрь"@kjh	
"Septembere"@ts	<https://panlex.org/snapshot/panlex-20191001-csv/2897#110830479>				<https://panlex.org/snapshot/panlex-20191001-csv/2897#110830368>		"сентябрь"@kjh	
"Khotavuxika"@ts	<https://panlex.org/snapshot/panlex-20191001-csv/2897#110829200>				<https://panlex.org/snapshot/panlex-20191001-csv/2897#110829187>		"июнь"@kjh	
"Mhawuri"@ts	<https://panlex.org/snapshot/panlex-20191001-csv/2897#110829985>				<https://panlex.org/snapshot/panlex-20191001-csv/2897#110830177>		"август"@kjh	
"Apireli"@ts	<https://panlex.org/snapshot/panlex-20191001-csv/2897#110828350>				<https://panlex.org/snapshot/panlex-20191001-csv/2897#110828322>		"апрель"@kjh	
"Julayi"@ts	<https://panlex.org/snapshot/panlex-20191001-csv/2897#110829699>				<https://panlex.org/snapshot/panlex-20191001-csv/2897#110829824>		"июль"@kjh	
"Sunguti"@ts	<https://panlex.org/snapshot/panlex-20191001-csv/2897#110827191>				<https://panlex.org/snapshot/panlex-20191001-csv/2897#110827097>		"январь"@kjh	
"Meyi"@ts	<https://panlex.org/snapshot/panlex-20191001-csv/2897#110828870>				<https://panlex.org/snapshot/panlex-20191001-csv/2897#110828793>		"май"@kjh	
"Juni"@ts	<https://panlex.org/snapshot/panlex-20191001-csv/2897#110829344>				<https://panlex.org/snapshot/panlex-20191001-csv/2897#110829187>		"июнь"@kjh	
"Janiwari"@ts	<https://panlex.org/snapshot/panlex-20191001-csv/2897#110827360>				<https://panlex.org/snapshot/panlex-20191001-csv/2897#110827097>		"январь"@kjh	
"Nhlangula"@ts	<https://panlex.org/snapshot/panlex-20191001-csv/2897#110830868>				<https://panlex.org/snapshot/panlex-20191001-csv/2897#110830871>		"октябрь"@kjh	
"Mawuwani"@ts	<https://panlex.org/snapshot/panlex-20191001-csv/2897#110829797>				<https://panlex.org/snapshot/panlex-20191001-csv/2897#110829824>		"июль"@kjh	
"Novhemba"@ts	<https://panlex.org/snapshot/panlex-20191001-csv/2897#110831500>				<https://panlex.org/snapshot/panlex-20191001-csv/2897#110831399>		"ноябрь"@kjh	
"Nyenyenyani"@ts	<https://panlex.org/snapshot/panlex-20191001-csv/2897#110827716>				<https://panlex.org/snapshot/panlex-20191001-csv/2897#110827655>		"февраль"@kjh	
"Nyenyankulu"@ts	<https://panlex.org/snapshot/panlex-20191001-csv/2897#110828054>				<https://panlex.org/snapshot/panlex-20191001-csv/2897#110827954>		"март"@kjh	
