"Ravurharhu"@ts	<https://panlex.org/snapshot/panlex-20191001-csv/2892#110825257>				<https://panlex.org/snapshot/panlex-20191001-csv/2892#110824850>		"çarşeme"@kiu	
"Muqivela"@ts	<https://panlex.org/snapshot/panlex-20191001-csv/2892#110826335>				<https://panlex.org/snapshot/panlex-20191001-csv/2892#110826245>		"şeme"@kiu	
"Mugivela"@ts	<https://panlex.org/snapshot/panlex-20191001-csv/2892#110826361>				<https://panlex.org/snapshot/panlex-20191001-csv/2892#110826245>		"şeme"@kiu	
"Musumbunuku"@ts	<https://panlex.org/snapshot/panlex-20191001-csv/2892#110824014>				<https://panlex.org/snapshot/panlex-20191001-csv/2892#110824324>		"dışeme"@kiu	
"Ravumbirhi"@ts	<https://panlex.org/snapshot/panlex-20191001-csv/2892#110824521>				<https://panlex.org/snapshot/panlex-20191001-csv/2892#110824611>		"sêşeme"@kiu	
"Ravuntlhanu"@ts	<https://panlex.org/snapshot/panlex-20191001-csv/2892#110825751>				<https://panlex.org/snapshot/panlex-20191001-csv/2892#110825820>		"yene"@kiu	
"Sonto"@ts	<https://panlex.org/snapshot/panlex-20191001-csv/2892#110826668>				<https://panlex.org/snapshot/panlex-20191001-csv/2892#110826678>		"yewşeme"@kiu	
"Ravumune"@ts	<https://panlex.org/snapshot/panlex-20191001-csv/2892#110825336>				<https://panlex.org/snapshot/panlex-20191001-csv/2892#110825416>		"pancşeme"@kiu	
"Hukuri"@ts	<https://panlex.org/snapshot/panlex-20191001-csv/2897#110831508>				<https://panlex.org/snapshot/panlex-20191001-csv/2897#110831197>		"tışrino peyên"@kiu	
"Disemba"@ts	<https://panlex.org/snapshot/panlex-20191001-csv/2897#110831829>				<https://panlex.org/snapshot/panlex-20191001-csv/2897#110831580>		"kanun"@kiu	
"Ndzhati"@ts	<https://panlex.org/snapshot/panlex-20191001-csv/2897#110830580>				<https://panlex.org/snapshot/panlex-20191001-csv/2897#110830556>		"keşkelun"@kiu	
"Febriwari"@ts	<https://panlex.org/snapshot/panlex-20191001-csv/2897#110827596>				<https://panlex.org/snapshot/panlex-20191001-csv/2897#110827835>		"şıbate"@kiu	
"Dzivamusoko"@ts	<https://panlex.org/snapshot/panlex-20191001-csv/2897#110828517>				<https://panlex.org/snapshot/panlex-20191001-csv/2897#110828393>		"nisane"@kiu	
"Machi"@ts	<https://panlex.org/snapshot/panlex-20191001-csv/2897#110828147>				<https://panlex.org/snapshot/panlex-20191001-csv/2897#110827870>		"adar"@kiu	
"Agoste"@ts	<https://panlex.org/snapshot/panlex-20191001-csv/2897#110829902>				<https://panlex.org/snapshot/panlex-20191001-csv/2897#110830186>		"tebaxe"@kiu	
"Oktoba"@ts	<https://panlex.org/snapshot/panlex-20191001-csv/2897#110830982>				<https://panlex.org/snapshot/panlex-20191001-csv/2897#110830853>		"tışrino verên"@kiu	
"Mudyaxihi"@ts	<https://panlex.org/snapshot/panlex-20191001-csv/2897#110828903>				<https://panlex.org/snapshot/panlex-20191001-csv/2897#110829014>		"gulane"@kiu	
"N’wedzamhala"@ts	<https://panlex.org/snapshot/panlex-20191001-csv/2897#110831671>				<https://panlex.org/snapshot/panlex-20191001-csv/2897#110831580>		"kanun"@kiu	
"Septembere"@ts	<https://panlex.org/snapshot/panlex-20191001-csv/2897#110830479>				<https://panlex.org/snapshot/panlex-20191001-csv/2897#110830556>		"keşkelun"@kiu	
"Khotavuxika"@ts	<https://panlex.org/snapshot/panlex-20191001-csv/2897#110829200>				<https://panlex.org/snapshot/panlex-20191001-csv/2897#110829109>		"heziran"@kiu	
"Mhawuri"@ts	<https://panlex.org/snapshot/panlex-20191001-csv/2897#110829985>				<https://panlex.org/snapshot/panlex-20191001-csv/2897#110830186>		"tebaxe"@kiu	
"Apireli"@ts	<https://panlex.org/snapshot/panlex-20191001-csv/2897#110828350>				<https://panlex.org/snapshot/panlex-20191001-csv/2897#110828393>		"nisane"@kiu	
"Julayi"@ts	<https://panlex.org/snapshot/panlex-20191001-csv/2897#110829699>				<https://panlex.org/snapshot/panlex-20191001-csv/2897#110829487>		"temmuz"@kiu	
"Sunguti"@ts	<https://panlex.org/snapshot/panlex-20191001-csv/2897#110827191>				<https://panlex.org/snapshot/panlex-20191001-csv/2897#110827438>		"çele"@kiu	
"Meyi"@ts	<https://panlex.org/snapshot/panlex-20191001-csv/2897#110828870>				<https://panlex.org/snapshot/panlex-20191001-csv/2897#110829014>		"gulane"@kiu	
"Juni"@ts	<https://panlex.org/snapshot/panlex-20191001-csv/2897#110829344>				<https://panlex.org/snapshot/panlex-20191001-csv/2897#110829109>		"heziran"@kiu	
"Janiwari"@ts	<https://panlex.org/snapshot/panlex-20191001-csv/2897#110827360>				<https://panlex.org/snapshot/panlex-20191001-csv/2897#110827438>		"çele"@kiu	
"Nhlangula"@ts	<https://panlex.org/snapshot/panlex-20191001-csv/2897#110830868>				<https://panlex.org/snapshot/panlex-20191001-csv/2897#110830853>		"tışrino verên"@kiu	
"Mawuwani"@ts	<https://panlex.org/snapshot/panlex-20191001-csv/2897#110829797>				<https://panlex.org/snapshot/panlex-20191001-csv/2897#110829487>		"temmuz"@kiu	
"Novhemba"@ts	<https://panlex.org/snapshot/panlex-20191001-csv/2897#110831500>				<https://panlex.org/snapshot/panlex-20191001-csv/2897#110831197>		"tışrino peyên"@kiu	
"Nyenyenyani"@ts	<https://panlex.org/snapshot/panlex-20191001-csv/2897#110827716>				<https://panlex.org/snapshot/panlex-20191001-csv/2897#110827835>		"şıbate"@kiu	
"Nyenyankulu"@ts	<https://panlex.org/snapshot/panlex-20191001-csv/2897#110828054>				<https://panlex.org/snapshot/panlex-20191001-csv/2897#110827870>		"adar"@kiu	
