"China"@ts	<https://panlex.org/snapshot/panlex-20191001-csv/5939#80773609>				<https://panlex.org/snapshot/panlex-20191001-csv/5939#80773588>		"Tscheine"@pdc	
"Jarimani"@ts	<https://panlex.org/snapshot/panlex-20191001-csv/5939#80782811>				<https://panlex.org/snapshot/panlex-20191001-csv/5939#80782764>		"Deitschland"@pdc	
"Gabon"@ts	<https://panlex.org/snapshot/panlex-20191001-csv/5949#85305729>				<https://panlex.org/snapshot/panlex-20191001-csv/5949#85305706>		"Gabun"@pdc	
"Hukuri"@ts	<https://panlex.org/snapshot/panlex-20191001-csv/2897#110831508>				<https://panlex.org/snapshot/panlex-20191001-csv/2897#110831465>		"Nowember"@pdc	
"Disemba"@ts	<https://panlex.org/snapshot/panlex-20191001-csv/2897#110831829>				<https://panlex.org/snapshot/panlex-20191001-csv/2897#110831767>		"Diſember"@pdc	
"Disemba"@ts	<https://panlex.org/snapshot/panlex-20191001-csv/2897#110831829>				<https://panlex.org/snapshot/panlex-20191001-csv/2897#110831746>		"Disember"@pdc	
"Ndzhati"@ts	<https://panlex.org/snapshot/panlex-20191001-csv/2897#110830580>				<https://panlex.org/snapshot/panlex-20191001-csv/2897#110830320>		"September"@pdc	
"Febriwari"@ts	<https://panlex.org/snapshot/panlex-20191001-csv/2897#110827596>				<https://panlex.org/snapshot/panlex-20191001-csv/2897#110827511>		"Hanning"@pdc	
"Dzivamusoko"@ts	<https://panlex.org/snapshot/panlex-20191001-csv/2897#110828517>				<https://panlex.org/snapshot/panlex-20191001-csv/2897#110828278>		"Abril"@pdc	
"Machi"@ts	<https://panlex.org/snapshot/panlex-20191001-csv/2897#110828147>				<https://panlex.org/snapshot/panlex-20191001-csv/2897#110827898>		"Matz"@pdc	
"Agoste"@ts	<https://panlex.org/snapshot/panlex-20191001-csv/2897#110829902>				<https://panlex.org/snapshot/panlex-20191001-csv/2897#110830016>		"Auguscht"@pdc	
"Agoste"@ts	<https://panlex.org/snapshot/panlex-20191001-csv/2897#110829902>				<https://panlex.org/snapshot/panlex-20191001-csv/2897#110830018>		"Aagscht"@pdc	
"Agoste"@ts	<https://panlex.org/snapshot/panlex-20191001-csv/2897#110829902>				<https://panlex.org/snapshot/panlex-20191001-csv/2897#110830158>		"Aagſcht"@pdc	
"Agoste"@ts	<https://panlex.org/snapshot/panlex-20191001-csv/2897#110829902>				<https://panlex.org/snapshot/panlex-20191001-csv/2897#110830052>		"Auguſcht"@pdc	
"Oktoba"@ts	<https://panlex.org/snapshot/panlex-20191001-csv/2897#110830982>				<https://panlex.org/snapshot/panlex-20191001-csv/2897#110830893>		"Oktower"@pdc	
"Mudyaxihi"@ts	<https://panlex.org/snapshot/panlex-20191001-csv/2897#110828903>				<https://panlex.org/snapshot/panlex-20191001-csv/2897#110828904>		"Moi"@pdc	
"N’wedzamhala"@ts	<https://panlex.org/snapshot/panlex-20191001-csv/2897#110831671>				<https://panlex.org/snapshot/panlex-20191001-csv/2897#110831767>		"Diſember"@pdc	
"N’wedzamhala"@ts	<https://panlex.org/snapshot/panlex-20191001-csv/2897#110831671>				<https://panlex.org/snapshot/panlex-20191001-csv/2897#110831746>		"Disember"@pdc	
"Septembere"@ts	<https://panlex.org/snapshot/panlex-20191001-csv/2897#110830479>				<https://panlex.org/snapshot/panlex-20191001-csv/2897#110830320>		"September"@pdc	
"Khotavuxika"@ts	<https://panlex.org/snapshot/panlex-20191001-csv/2897#110829200>				<https://panlex.org/snapshot/panlex-20191001-csv/2897#110829169>		"Tschuun"@pdc	
"Khotavuxika"@ts	<https://panlex.org/snapshot/panlex-20191001-csv/2897#110829200>				<https://panlex.org/snapshot/panlex-20191001-csv/2897#110829309>		"Tſchuun"@pdc	
"Mhawuri"@ts	<https://panlex.org/snapshot/panlex-20191001-csv/2897#110829985>				<https://panlex.org/snapshot/panlex-20191001-csv/2897#110830016>		"Auguscht"@pdc	
"Mhawuri"@ts	<https://panlex.org/snapshot/panlex-20191001-csv/2897#110829985>				<https://panlex.org/snapshot/panlex-20191001-csv/2897#110830018>		"Aagscht"@pdc	
"Mhawuri"@ts	<https://panlex.org/snapshot/panlex-20191001-csv/2897#110829985>				<https://panlex.org/snapshot/panlex-20191001-csv/2897#110830158>		"Aagſcht"@pdc	
"Mhawuri"@ts	<https://panlex.org/snapshot/panlex-20191001-csv/2897#110829985>				<https://panlex.org/snapshot/panlex-20191001-csv/2897#110830052>		"Auguſcht"@pdc	
"Apireli"@ts	<https://panlex.org/snapshot/panlex-20191001-csv/2897#110828350>				<https://panlex.org/snapshot/panlex-20191001-csv/2897#110828278>		"Abril"@pdc	
"Julayi"@ts	<https://panlex.org/snapshot/panlex-20191001-csv/2897#110829699>				<https://panlex.org/snapshot/panlex-20191001-csv/2897#110829868>		"Tſchulei"@pdc	
"Julayi"@ts	<https://panlex.org/snapshot/panlex-20191001-csv/2897#110829699>				<https://panlex.org/snapshot/panlex-20191001-csv/2897#110829805>		"Tschulei"@pdc	
"Sunguti"@ts	<https://panlex.org/snapshot/panlex-20191001-csv/2897#110827191>				<https://panlex.org/snapshot/panlex-20191001-csv/2897#110827182>		"Yenner"@pdc	
"Meyi"@ts	<https://panlex.org/snapshot/panlex-20191001-csv/2897#110828870>				<https://panlex.org/snapshot/panlex-20191001-csv/2897#110828904>		"Moi"@pdc	
"Juni"@ts	<https://panlex.org/snapshot/panlex-20191001-csv/2897#110829344>				<https://panlex.org/snapshot/panlex-20191001-csv/2897#110829169>		"Tschuun"@pdc	
"Juni"@ts	<https://panlex.org/snapshot/panlex-20191001-csv/2897#110829344>				<https://panlex.org/snapshot/panlex-20191001-csv/2897#110829309>		"Tſchuun"@pdc	
"Janiwari"@ts	<https://panlex.org/snapshot/panlex-20191001-csv/2897#110827360>				<https://panlex.org/snapshot/panlex-20191001-csv/2897#110827182>		"Yenner"@pdc	
"Nhlangula"@ts	<https://panlex.org/snapshot/panlex-20191001-csv/2897#110830868>				<https://panlex.org/snapshot/panlex-20191001-csv/2897#110830893>		"Oktower"@pdc	
"Mawuwani"@ts	<https://panlex.org/snapshot/panlex-20191001-csv/2897#110829797>				<https://panlex.org/snapshot/panlex-20191001-csv/2897#110829868>		"Tſchulei"@pdc	
"Mawuwani"@ts	<https://panlex.org/snapshot/panlex-20191001-csv/2897#110829797>				<https://panlex.org/snapshot/panlex-20191001-csv/2897#110829805>		"Tschulei"@pdc	
"Novhemba"@ts	<https://panlex.org/snapshot/panlex-20191001-csv/2897#110831500>				<https://panlex.org/snapshot/panlex-20191001-csv/2897#110831465>		"Nowember"@pdc	
"Nyenyenyani"@ts	<https://panlex.org/snapshot/panlex-20191001-csv/2897#110827716>				<https://panlex.org/snapshot/panlex-20191001-csv/2897#110827511>		"Hanning"@pdc	
"Nyenyankulu"@ts	<https://panlex.org/snapshot/panlex-20191001-csv/2897#110828054>				<https://panlex.org/snapshot/panlex-20191001-csv/2897#110827898>		"Matz"@pdc	
