"Algeria"@kg	<https://panlex.org/snapshot/panlex-20191001-csv/5947#84580141>				<https://panlex.org/snapshot/panlex-20191001-csv/5947#84580134>		"ប្រទេសអាល់ហ្សេរី"@km	
"maza"@kg	<https://panlex.org/snapshot/panlex-20191001-csv/5947#84886494>				<https://panlex.org/snapshot/panlex-20191001-csv/5947#84886491>		"ទឹក"@km	
"Sina"@kg	<https://panlex.org/snapshot/panlex-20191001-csv/5939#80773573>				<https://panlex.org/snapshot/panlex-20191001-csv/5939#80773570>		"chən"@km	
"Rusia"@kg	<https://panlex.org/snapshot/panlex-20191001-csv/5949#85319514>				<https://panlex.org/snapshot/panlex-20191001-csv/5949#85319501>		"រុស្ស៊ី"@km	
"Rusia"@kg	<https://panlex.org/snapshot/panlex-20191001-csv/5949#85319514>				<https://panlex.org/snapshot/panlex-20191001-csv/5949#85319500>		"ប្រទេសរុស្ស៊ី"@km	
"Australia"@kg	<https://panlex.org/snapshot/panlex-20191001-csv/5949#85298164>				<https://panlex.org/snapshot/panlex-20191001-csv/5949#85298161>		"អូស្ត្រាលី"@km	
"Kifalanse"@kg	<https://panlex.org/snapshot/panlex-20191001-csv/405#13624279>				<https://panlex.org/snapshot/panlex-20191001-csv/405#13624277>		"ភាសាបារាំង"@km	
