"فأرانسە"@lrc	<https://panlex.org/snapshot/panlex-20191001-csv/6898#113618076>				<https://panlex.org/snapshot/panlex-20191001-csv/6898#113618023>		"Faransi"@khq	
"آلمان"@lrc	<https://panlex.org/snapshot/panlex-20191001-csv/6898#113639362>				<https://panlex.org/snapshot/panlex-20191001-csv/6898#113639278>		"Almaaɲe"@khq	
"ھئن"@lrc	<https://panlex.org/snapshot/panlex-20191001-csv/6898#113616975>				<https://panlex.org/snapshot/panlex-20191001-csv/6898#113616899>		"Indu laboo"@khq	
"ئیتالیا"@lrc	<https://panlex.org/snapshot/panlex-20191001-csv/6898#113587869>				<https://panlex.org/snapshot/panlex-20191001-csv/6898#113587914>		"Itaali"@khq	
"ڤولاتیا یأکاگئرتە"@lrc	<https://panlex.org/snapshot/panlex-20191001-csv/6898#113597998>				<https://panlex.org/snapshot/panlex-20191001-csv/6898#113597909>		"Ameriki Laabu Margantey"@khq	
