"فأرانسە"@lrc	<https://panlex.org/snapshot/panlex-20191001-csv/6898#113618076>				<https://panlex.org/snapshot/panlex-20191001-csv/6898#113618051>		"França"@ca	
"آلمان"@lrc	<https://panlex.org/snapshot/panlex-20191001-csv/6898#113639362>				<https://panlex.org/snapshot/panlex-20191001-csv/6898#113639192>		"Alemanya"@ca	
"آسیا"@lrc	<https://panlex.org/snapshot/panlex-20191001-csv/6898#113624459>				<https://panlex.org/snapshot/panlex-20191001-csv/6898#113624449>		"Àsia"@ca	
"ھئن"@lrc	<https://panlex.org/snapshot/panlex-20191001-csv/6898#113616975>				<https://panlex.org/snapshot/panlex-20191001-csv/6898#113616856>		"Índia"@ca	
"ئیتالیا"@lrc	<https://panlex.org/snapshot/panlex-20191001-csv/6898#113587869>				<https://panlex.org/snapshot/panlex-20191001-csv/6898#113588028>		"Itàlia"@ca	
"ھوم پئڤأند جأھوٙن آڤ"@lrc	<https://panlex.org/snapshot/panlex-20191001-csv/6898#113588118>				<https://panlex.org/snapshot/panlex-20191001-csv/6898#113588097>		"Oceania"@ca	
"ڤولاتیا یأکاگئرتە"@lrc	<https://panlex.org/snapshot/panlex-20191001-csv/6898#113597998>				<https://panlex.org/snapshot/panlex-20191001-csv/6898#113597870>		"Estats Units"@ca	
"ڤولاتیا یأکاگئرتە"@lrc	<https://panlex.org/snapshot/panlex-20191001-csv/6898#113597998>				<https://panlex.org/snapshot/panlex-20191001-csv/6898#113598097>		"EUA"@ca	
"ئمریکا لاتین"@lrc	<https://panlex.org/snapshot/panlex-20191001-csv/6898#113620049>				<https://panlex.org/snapshot/panlex-20191001-csv/6898#113620020>		"Amèrica Llatina"@ca	
