"-ŋalon-"@tbc	<https://panlex.org/snapshot/panlex-20191001-csv/114#8066419>				<https://panlex.org/snapshot/panlex-20191001-csv/114#8066041>		"uroh"@bdl	
"auwa/n"@tbc	<https://panlex.org/snapshot/panlex-20191001-csv/114#8066958>				<https://panlex.org/snapshot/panlex-20191001-csv/114#8066538>		"boa"@bdl	
"tuwo/k"@tbc	<https://panlex.org/snapshot/panlex-20191001-csv/114#8067511>				<https://panlex.org/snapshot/panlex-20191001-csv/114#8067090>		"gigi"@bdl	
"-tor-"@tbc	<https://panlex.org/snapshot/panlex-20191001-csv/114#8054164>				<https://panlex.org/snapshot/panlex-20191001-csv/114#8053719>		"tumalan"@bdl	
"vont"@tbc	<https://panlex.org/snapshot/panlex-20191001-csv/114#8053027>				<https://panlex.org/snapshot/panlex-20191001-csv/114#8052689>		"kanan"@bdl	
"bale/n"@tbc	<https://panlex.org/snapshot/panlex-20191001-csv/114#8068026>				<https://panlex.org/snapshot/panlex-20191001-csv/114#8067640>		"dela"@bdl	
"ŋaupape/n"@tbc	<https://panlex.org/snapshot/panlex-20191001-csv/114#8063845>				<https://panlex.org/snapshot/panlex-20191001-csv/114#8063432>		"tikolo"@bdl	
"ŋas"@tbc	<https://panlex.org/snapshot/panlex-20191001-csv/114#8052569>				<https://panlex.org/snapshot/panlex-20191001-csv/114#8052217>		"kidal"@bdl	
