"-ŋalon-"@tbc	<https://panlex.org/snapshot/panlex-20191001-csv/114#8066419>				<https://panlex.org/snapshot/panlex-20191001-csv/114#8066402>		"tɒŋi"@ntu	
"auwa/n"@tbc	<https://panlex.org/snapshot/panlex-20191001-csv/114#8066958>				<https://panlex.org/snapshot/panlex-20191001-csv/114#8066938>		"nao"@ntu	
"tuwo/k"@tbc	<https://panlex.org/snapshot/panlex-20191001-csv/114#8067511>				<https://panlex.org/snapshot/panlex-20191001-csv/114#8067493>		"nüŋi"@ntu	
"-tor-"@tbc	<https://panlex.org/snapshot/panlex-20191001-csv/114#8054164>				<https://panlex.org/snapshot/panlex-20191001-csv/114#8054144>		"vʌŋalœ"@ntu	
"-tor-"@tbc	<https://panlex.org/snapshot/panlex-20191001-csv/114#8054164>				<https://panlex.org/snapshot/panlex-20191001-csv/114#8054145>		"ʌ"@ntu	
"-tor-"@tbc	<https://panlex.org/snapshot/panlex-20191001-csv/114#8054164>				<https://panlex.org/snapshot/panlex-20191001-csv/114#8054143>		"vʌŋale"@ntu	
"vont"@tbc	<https://panlex.org/snapshot/panlex-20191001-csv/114#8053027>				<https://panlex.org/snapshot/panlex-20191001-csv/114#8053013>		"kæœtɒ"@ntu	
"bale/n"@tbc	<https://panlex.org/snapshot/panlex-20191001-csv/114#8068026>				<https://panlex.org/snapshot/panlex-20191001-csv/114#8068008>		"nalʌpü"@ntu	
"ŋaupape/n"@tbc	<https://panlex.org/snapshot/panlex-20191001-csv/114#8063845>				<https://panlex.org/snapshot/panlex-20191001-csv/114#8063824>		"naœ"@ntu	
"ŋas"@tbc	<https://panlex.org/snapshot/panlex-20191001-csv/114#8052569>				<https://panlex.org/snapshot/panlex-20191001-csv/114#8052553>		"kæœmolœŋœ"@ntu	
