"jaur"@dlm	<https://panlex.org/snapshot/panlex-20191001-csv/5947#84910095>				<https://panlex.org/snapshot/panlex-20191001-csv/5947#84910102>		"or"@fr	
"sombreja"@dlm	<https://panlex.org/snapshot/panlex-20191001-csv/5946#84447148>				<https://panlex.org/snapshot/panlex-20191001-csv/5946#84447154>		"ombre"@fr	
"muncial"@dlm	<https://panlex.org/snapshot/panlex-20191001-csv/5946#84443033>				<https://panlex.org/snapshot/panlex-20191001-csv/5946#84443045>		"colline"@fr	
"pluaja"@dlm	<https://panlex.org/snapshot/panlex-20191001-csv/5946#84436271>				<https://panlex.org/snapshot/panlex-20191001-csv/5946#84436282>		"pluie"@fr	
"mult"@dlm	<https://panlex.org/snapshot/panlex-20191001-csv/5946#84442413>				<https://panlex.org/snapshot/panlex-20191001-csv/5946#84442428>		"plusieurs"@fr	
"mult"@dlm	<https://panlex.org/snapshot/panlex-20191001-csv/5946#84442413>				<https://panlex.org/snapshot/panlex-20191001-csv/5946#84442429>		"beaucoup"@fr	
"mult"@dlm	<https://panlex.org/snapshot/panlex-20191001-csv/5946#84442413>				<https://panlex.org/snapshot/panlex-20191001-csv/5946#84442430>		"nombreux"@fr	
"ganer"@dlm	<https://panlex.org/snapshot/panlex-20191001-csv/5946#84454868>				<https://panlex.org/snapshot/panlex-20191001-csv/5946#84454872>		"crier"@fr	
"ascondro"@dlm	<https://panlex.org/snapshot/panlex-20191001-csv/5946#84446818>				<https://panlex.org/snapshot/panlex-20191001-csv/5946#84446826>		"masquer"@fr	
"ascondro"@dlm	<https://panlex.org/snapshot/panlex-20191001-csv/5946#84446818>				<https://panlex.org/snapshot/panlex-20191001-csv/5946#84446825>		"cacher"@fr	
"ascondro"@dlm	<https://panlex.org/snapshot/panlex-20191001-csv/5946#84446818>				<https://panlex.org/snapshot/panlex-20191001-csv/5946#84446827>		"dissimuler"@fr	
"muolt"@dlm	<https://panlex.org/snapshot/panlex-20191001-csv/5946#84442414>				<https://panlex.org/snapshot/panlex-20191001-csv/5946#84442428>		"plusieurs"@fr	
"muolt"@dlm	<https://panlex.org/snapshot/panlex-20191001-csv/5946#84442414>				<https://panlex.org/snapshot/panlex-20191001-csv/5946#84442429>		"beaucoup"@fr	
"muolt"@dlm	<https://panlex.org/snapshot/panlex-20191001-csv/5946#84442414>				<https://panlex.org/snapshot/panlex-20191001-csv/5946#84442430>		"nombreux"@fr	
"sudaur"@dlm	<https://panlex.org/snapshot/panlex-20191001-csv/5946#84435243>				<https://panlex.org/snapshot/panlex-20191001-csv/5946#84435251>		"transpiration"@fr	
"sudaur"@dlm	<https://panlex.org/snapshot/panlex-20191001-csv/5946#84435243>				<https://panlex.org/snapshot/panlex-20191001-csv/5946#84435250>		"sueur"@fr	
"cadar"@dlm	<https://panlex.org/snapshot/panlex-20191001-csv/5946#84443649>				<https://panlex.org/snapshot/panlex-20191001-csv/5946#84443659>		"tomber"@fr	
"Di"@dlm	<https://panlex.org/snapshot/panlex-20191001-csv/5949#85302990>				<https://panlex.org/snapshot/panlex-20191001-csv/5949#85303002>		"Dieu"@fr	
"dementicur"@dlm	<https://panlex.org/snapshot/panlex-20191001-csv/3776#91688113>				<https://panlex.org/snapshot/panlex-20191001-csv/3776#91688121>		"oublier"@fr	
"nai"@dlm	<https://panlex.org/snapshot/panlex-20191001-csv/3776#91631936>				<https://panlex.org/snapshot/panlex-20191001-csv/3776#91631946>		"neige"@fr	
"spaina"@dlm	<https://panlex.org/snapshot/panlex-20191001-csv/3776#91832553>				<https://panlex.org/snapshot/panlex-20191001-csv/3776#91832564>		"épine"@fr	
"pial"@dlm	<https://panlex.org/snapshot/panlex-20191001-csv/3776#91603167>				<https://panlex.org/snapshot/panlex-20191001-csv/3776#91603181>		"peau"@fr	
"prendar"@dlm	<https://panlex.org/snapshot/panlex-20191001-csv/3776#91686084>				<https://panlex.org/snapshot/panlex-20191001-csv/3776#91686090>		"prendre"@fr	
"prendar"@dlm	<https://panlex.org/snapshot/panlex-20191001-csv/3776#91686084>				<https://panlex.org/snapshot/panlex-20191001-csv/3776#91686091>		"rapprocher"@fr	
"prin"@dlm	<https://panlex.org/snapshot/panlex-20191001-csv/3776#91792287>				<https://panlex.org/snapshot/panlex-20191001-csv/3776#91792299>		"enceinte"@fr	
"matraja"@dlm	<https://panlex.org/snapshot/panlex-20191001-csv/3776#91783550>				<https://panlex.org/snapshot/panlex-20191001-csv/3776#91783558>		"marâtre"@fr	
"matraja"@dlm	<https://panlex.org/snapshot/panlex-20191001-csv/3776#91783550>				<https://panlex.org/snapshot/panlex-20191001-csv/3776#91783557>		"belle-mère"@fr	
"faraina"@dlm	<https://panlex.org/snapshot/panlex-20191001-csv/3776#91601335>				<https://panlex.org/snapshot/panlex-20191001-csv/3776#91601343>		"farine"@fr	
"čenc"@dlm	<https://panlex.org/snapshot/panlex-20191001-csv/3776#91650975>				<https://panlex.org/snapshot/panlex-20191001-csv/3776#91650984>		"cinq"@fr	
"apiar"@dlm	<https://panlex.org/snapshot/panlex-20191001-csv/3776#91742513>				<https://panlex.org/snapshot/panlex-20191001-csv/3776#91742520>		"ouvrir"@fr	
"busca"@dlm	<https://panlex.org/snapshot/panlex-20191001-csv/3776#91683875>				<https://panlex.org/snapshot/panlex-20191001-csv/3776#91683887>		"vache"@fr	
"fejustro"@dlm	<https://panlex.org/snapshot/panlex-20191001-csv/3776#91784150>				<https://panlex.org/snapshot/panlex-20191001-csv/3776#91784156>		"beau-fils"@fr	
"lac"@dlm	<https://panlex.org/snapshot/panlex-20191001-csv/3776#91611216>				<https://panlex.org/snapshot/panlex-20191001-csv/3776#91611226>		"lac"@fr	
"viant"@dlm	<https://panlex.org/snapshot/panlex-20191001-csv/3776#91640573>				<https://panlex.org/snapshot/panlex-20191001-csv/3776#91640582>		"vent"@fr	
"duas"@dlm	<https://panlex.org/snapshot/panlex-20191001-csv/3776#91659479>				<https://panlex.org/snapshot/panlex-20191001-csv/3776#91659487>		"dos"@fr	
"olea"@dlm	<https://panlex.org/snapshot/panlex-20191001-csv/3776#91798795>				<https://panlex.org/snapshot/panlex-20191001-csv/3776#91798802>		"olive"@fr	
"bualp"@dlm	<https://panlex.org/snapshot/panlex-20191001-csv/3776#91662230>				<https://panlex.org/snapshot/panlex-20191001-csv/3776#91662244>		"renard commun"@fr	
"bualp"@dlm	<https://panlex.org/snapshot/panlex-20191001-csv/3776#91662230>				<https://panlex.org/snapshot/panlex-20191001-csv/3776#91662243>		"renard roux"@fr	
"anjial"@dlm	<https://panlex.org/snapshot/panlex-20191001-csv/3776#91750630>				<https://panlex.org/snapshot/panlex-20191001-csv/3776#91750642>		"agneau"@fr	
"buarba"@dlm	<https://panlex.org/snapshot/panlex-20191001-csv/3776#91739383>				<https://panlex.org/snapshot/panlex-20191001-csv/3776#91739395>		"barbe"@fr	
"monaita"@dlm	<https://panlex.org/snapshot/panlex-20191001-csv/3776#91678947>				<https://panlex.org/snapshot/panlex-20191001-csv/3776#91678954>		"monnaie"@fr	
"monaita"@dlm	<https://panlex.org/snapshot/panlex-20191001-csv/3776#91678947>				<https://panlex.org/snapshot/panlex-20191001-csv/3776#91678956>		"pièce"@fr	
"monaita"@dlm	<https://panlex.org/snapshot/panlex-20191001-csv/3776#91678947>				<https://panlex.org/snapshot/panlex-20191001-csv/3776#91678955>		"pièce de monnaie"@fr	
"brot"@dlm	<https://panlex.org/snapshot/panlex-20191001-csv/3776#91751212>				<https://panlex.org/snapshot/panlex-20191001-csv/3776#91751219>		"laid"@fr	
"brot"@dlm	<https://panlex.org/snapshot/panlex-20191001-csv/3776#91751212>				<https://panlex.org/snapshot/panlex-20191001-csv/3776#91751220>		"moche"@fr	
"viala"@dlm	<https://panlex.org/snapshot/panlex-20191001-csv/3776#91815833>				<https://panlex.org/snapshot/panlex-20191001-csv/3776#91815842>		"hamster"@fr	
"moitur"@dlm	<https://panlex.org/snapshot/panlex-20191001-csv/3776#91745861>				<https://panlex.org/snapshot/panlex-20191001-csv/3776#91745873>		"se déplacer"@fr	
"moitur"@dlm	<https://panlex.org/snapshot/panlex-20191001-csv/3776#91745861>				<https://panlex.org/snapshot/panlex-20191001-csv/3776#91745872>		"bouger"@fr	
"moitur"@dlm	<https://panlex.org/snapshot/panlex-20191001-csv/3776#91745861>				<https://panlex.org/snapshot/panlex-20191001-csv/3776#91745871>		"se mouvoir"@fr	
"puoscro"@dlm	<https://panlex.org/snapshot/panlex-20191001-csv/3776#91621068>				<https://panlex.org/snapshot/panlex-20191001-csv/3776#91621073>		"brouter"@fr	
"puoscro"@dlm	<https://panlex.org/snapshot/panlex-20191001-csv/3776#91621068>				<https://panlex.org/snapshot/panlex-20191001-csv/3776#91621074>		"paître"@fr	
"quaranta"@dlm	<https://panlex.org/snapshot/panlex-20191001-csv/3776#91703666>				<https://panlex.org/snapshot/panlex-20191001-csv/3776#91703676>		"quarante"@fr	
"carnual"@dlm	<https://panlex.org/snapshot/panlex-20191001-csv/3776#91666187>				<https://panlex.org/snapshot/panlex-20191001-csv/3776#91666194>		"mouton"@fr	
"blaire"@dlm	<https://panlex.org/snapshot/panlex-20191001-csv/3776#91707773>				<https://panlex.org/snapshot/panlex-20191001-csv/3776#91707784>		"vouloir"@fr	
"bragaun"@dlm	<https://panlex.org/snapshot/panlex-20191001-csv/3776#91749233>				<https://panlex.org/snapshot/panlex-20191001-csv/3776#91749244>		"pantalon"@fr	
"bragaun"@dlm	<https://panlex.org/snapshot/panlex-20191001-csv/3776#91749233>				<https://panlex.org/snapshot/panlex-20191001-csv/3776#91749245>		"froc"@fr	
"bragaun"@dlm	<https://panlex.org/snapshot/panlex-20191001-csv/3776#91749233>				<https://panlex.org/snapshot/panlex-20191001-csv/3776#91749246>		"bénard"@fr	
"bragaun"@dlm	<https://panlex.org/snapshot/panlex-20191001-csv/3776#91749233>				<https://panlex.org/snapshot/panlex-20191001-csv/3776#91749247>		"futé"@fr	
"bragaun"@dlm	<https://panlex.org/snapshot/panlex-20191001-csv/3776#91749233>				<https://panlex.org/snapshot/panlex-20191001-csv/3776#91749242>		"fendard"@fr	
"bragaun"@dlm	<https://panlex.org/snapshot/panlex-20191001-csv/3776#91749233>				<https://panlex.org/snapshot/panlex-20191001-csv/3776#91749243>		"falzar"@fr	
"mesu"@dlm	<https://panlex.org/snapshot/panlex-20191001-csv/3776#91675289>				<https://panlex.org/snapshot/panlex-20191001-csv/3776#91675296>		"moitié"@fr	
"radaica"@dlm	<https://panlex.org/snapshot/panlex-20191001-csv/3776#91628574>				<https://panlex.org/snapshot/panlex-20191001-csv/3776#91628583>		"racine"@fr	
