"Pape Benedict ⅩⅥ"@sco	<https://panlex.org/snapshot/panlex-20191001-csv/6717#111107432>				<https://panlex.org/snapshot/panlex-20191001-csv/6717#111107422>		"Bênêđictô ⅩⅥ"@vi	
"Pape Benedict ⅩⅥ"@sco	<https://panlex.org/snapshot/panlex-20191001-csv/6717#111107432>				<https://panlex.org/snapshot/panlex-20191001-csv/6717#111107341>		"Biển Đức ⅩⅥ"@vi	
"Pape Benedict ⅩⅥ"@sco	<https://panlex.org/snapshot/panlex-20191001-csv/6717#111107432>				<https://panlex.org/snapshot/panlex-20191001-csv/6717#111107403>		"Giáo hoàng Benedict ⅩⅥ"@vi	
"Roman Catholic kirk"@sco	<https://panlex.org/snapshot/panlex-20191001-csv/6717#111107608>				<https://panlex.org/snapshot/panlex-20191001-csv/6717#111107615>		"Giáo hội Công giáo Rôma"@vi	
"Stane Age"@sco	<https://panlex.org/snapshot/panlex-20191001-csv/6709#111075779>				<https://panlex.org/snapshot/panlex-20191001-csv/6709#111075837>		"Thời đại đồ đá"@vi	
"Airn Age"@sco	<https://panlex.org/snapshot/panlex-20191001-csv/6709#111076217>				<https://panlex.org/snapshot/panlex-20191001-csv/6709#111076176>		"Thời đại đồ sắt"@vi	
"Bronze Age"@sco	<https://panlex.org/snapshot/panlex-20191001-csv/6709#111076058>				<https://panlex.org/snapshot/panlex-20191001-csv/6709#111076064>		"Thời đại đồ đồng"@vi	
"Cauld Weir"@sco	<https://panlex.org/snapshot/panlex-20191001-csv/6709#111077709>				<https://panlex.org/snapshot/panlex-20191001-csv/6709#111077799>		"Chiến tranh Lạnh"@vi	
"Enlichtenment"@sco	<https://panlex.org/snapshot/panlex-20191001-csv/6709#111077026>				<https://panlex.org/snapshot/panlex-20191001-csv/6709#111077023>		"Thời kỳ Khai sáng"@vi	
"Ane Thoosand an Ane Nichts"@sco	<https://panlex.org/snapshot/panlex-20191001-csv/6710#111082891>				<https://panlex.org/snapshot/panlex-20191001-csv/6710#111082813>		"Nghìn lẻ một đêm"@vi	
"Romeo an Juliet"@sco	<https://panlex.org/snapshot/panlex-20191001-csv/6710#111083445>				<https://panlex.org/snapshot/panlex-20191001-csv/6710#111083476>		"Romeo và Juliet"@vi	
"Fitbaa Warld Cup"@sco	<https://panlex.org/snapshot/panlex-20191001-csv/6715#111107283>				<https://panlex.org/snapshot/panlex-20191001-csv/6715#111107299>		"Giải vô địch bóng đá thế giới"@vi	
"leid"@sco	<https://panlex.org/snapshot/panlex-20191001-csv/2129#11694368>				<https://panlex.org/snapshot/panlex-20191001-csv/2129#11694385>		"ngôn"@vi	
"cat"@sco	<https://panlex.org/snapshot/panlex-20191001-csv/2129#11694585>				<https://panlex.org/snapshot/panlex-20191001-csv/2129#11694608>		"mèo"@vi	
"Germany"@sco	<https://panlex.org/snapshot/panlex-20191001-csv/5950#85858406>				<https://panlex.org/snapshot/panlex-20191001-csv/5950#85858436>		"nước Đức"@vi	
"Germany"@sco	<https://panlex.org/snapshot/panlex-20191001-csv/5950#85858406>				<https://panlex.org/snapshot/panlex-20191001-csv/5950#85858437>		"Đức"@vi	
"European Union"@sco	<https://panlex.org/snapshot/panlex-20191001-csv/5950#85858922>				<https://panlex.org/snapshot/panlex-20191001-csv/5950#85858947>		"Liên minh châu Âu"@vi	
"cailciam"@sco	<https://panlex.org/snapshot/panlex-20191001-csv/5945#84360841>				<https://panlex.org/snapshot/panlex-20191001-csv/5945#84360853>		"canxi"@vi	
"Ireland"@sco	<https://panlex.org/snapshot/panlex-20191001-csv/5945#84342270>				<https://panlex.org/snapshot/panlex-20191001-csv/5945#84342282>		"Ireland"@vi	
"whaur"@sco	<https://panlex.org/snapshot/panlex-20191001-csv/5947#84689619>				<https://panlex.org/snapshot/panlex-20191001-csv/5947#84689642>		"đâu"@vi	
"Poland"@sco	<https://panlex.org/snapshot/panlex-20191001-csv/5947#84607826>				<https://panlex.org/snapshot/panlex-20191001-csv/5947#84607859>		"Ba Lan"@vi	
"saip"@sco	<https://panlex.org/snapshot/panlex-20191001-csv/5947#84757479>				<https://panlex.org/snapshot/panlex-20191001-csv/5947#84757495>		"xà bông"@vi	
"scaindiam"@sco	<https://panlex.org/snapshot/panlex-20191001-csv/5947#84840673>				<https://panlex.org/snapshot/panlex-20191001-csv/5947#84840685>		"scandi"@vi	
"European Union"@sco	<https://panlex.org/snapshot/panlex-20191001-csv/5947#84614650>				<https://panlex.org/snapshot/panlex-20191001-csv/5947#84614673>		"Liên minh châu Âu"@vi	
"Lunnon"@sco	<https://panlex.org/snapshot/panlex-20191001-csv/5947#84600136>				<https://panlex.org/snapshot/panlex-20191001-csv/5947#84600153>		"Luân Đôn"@vi	
"Afghanistan"@sco	<https://panlex.org/snapshot/panlex-20191001-csv/5947#84579242>				<https://panlex.org/snapshot/panlex-20191001-csv/5947#84579276>		"A Phú Hãn"@vi	
"Afghanistan"@sco	<https://panlex.org/snapshot/panlex-20191001-csv/5947#84579242>				<https://panlex.org/snapshot/panlex-20191001-csv/5947#84579275>		"Afghanistan"@vi	
"Afghanistan"@sco	<https://panlex.org/snapshot/panlex-20191001-csv/5947#84579242>				<https://panlex.org/snapshot/panlex-20191001-csv/5947#84579274>		"Áp-ga-ni-xtan"@vi	
"São Tomé an Príncipe"@sco	<https://panlex.org/snapshot/panlex-20191001-csv/5947#84617552>				<https://panlex.org/snapshot/panlex-20191001-csv/5947#84617569>		"São Tomé và Príncipe"@vi	
"Februar"@sco	<https://panlex.org/snapshot/panlex-20191001-csv/5947#84743004>				<https://panlex.org/snapshot/panlex-20191001-csv/5947#84743060>		"tháng hai"@vi	
"white"@sco	<https://panlex.org/snapshot/panlex-20191001-csv/5947#84639838>				<https://panlex.org/snapshot/panlex-20191001-csv/5947#84639874>		"trắng"@vi	
"key"@sco	<https://panlex.org/snapshot/panlex-20191001-csv/5947#84719678>				<https://panlex.org/snapshot/panlex-20191001-csv/5947#84719685>		"chính"@vi	
"polòiniam"@sco	<https://panlex.org/snapshot/panlex-20191001-csv/5947#84802318>				<https://panlex.org/snapshot/panlex-20191001-csv/5947#84802330>		"poloni"@vi	
"Monanday"@sco	<https://panlex.org/snapshot/panlex-20191001-csv/5947#84803561>				<https://panlex.org/snapshot/panlex-20191001-csv/5947#84803617>		"thứ hai"@vi	
"Finland"@sco	<https://panlex.org/snapshot/panlex-20191001-csv/5947#84591138>				<https://panlex.org/snapshot/panlex-20191001-csv/5947#84591162>		"Phần Lan"@vi	
"Democratic Republic o São Tomé an Príncipe"@sco	<https://panlex.org/snapshot/panlex-20191001-csv/5947#84588538>				<https://panlex.org/snapshot/panlex-20191001-csv/5947#84588554>		"Cộng hòa Dân chủ São Tomé và Príncipe"@vi	
"tantalam"@sco	<https://panlex.org/snapshot/panlex-20191001-csv/5947#84863190>				<https://panlex.org/snapshot/panlex-20191001-csv/5947#84863202>		"tantali"@vi	
"tantalam"@sco	<https://panlex.org/snapshot/panlex-20191001-csv/5947#84863190>				<https://panlex.org/snapshot/panlex-20191001-csv/5947#84863201>		"tantan"@vi	
"Wadensday"@sco	<https://panlex.org/snapshot/panlex-20191001-csv/5947#84915815>				<https://panlex.org/snapshot/panlex-20191001-csv/5947#84915827>		"thứ tư"@vi	
"watter"@sco	<https://panlex.org/snapshot/panlex-20191001-csv/5947#84886548>				<https://panlex.org/snapshot/panlex-20191001-csv/5947#84886577>		"nước"@vi	
"nor"@sco	<https://panlex.org/snapshot/panlex-20191001-csv/5947#84770093>				<https://panlex.org/snapshot/panlex-20191001-csv/5947#84770101>		"hơn"@vi	
"Mey"@sco	<https://panlex.org/snapshot/panlex-20191001-csv/5947#84744112>				<https://panlex.org/snapshot/panlex-20191001-csv/5947#84744135>		"tháng năm"@vi	
"October"@sco	<https://panlex.org/snapshot/panlex-20191001-csv/5940#81285687>				<https://panlex.org/snapshot/panlex-20191001-csv/5940#81285709>		"Tháng mười"@vi	
"October"@sco	<https://panlex.org/snapshot/panlex-20191001-csv/5940#81285687>				<https://panlex.org/snapshot/panlex-20191001-csv/5940#81285710>		"Ochobre"@vi	
"Unitit States"@sco	<https://panlex.org/snapshot/panlex-20191001-csv/5940#81280153>				<https://panlex.org/snapshot/panlex-20191001-csv/5940#81280176>		"Hoa Kỳ"@vi	
"Europe"@sco	<https://panlex.org/snapshot/panlex-20191001-csv/5940#81279775>				<https://panlex.org/snapshot/panlex-20191001-csv/5940#81279793>		"Châu Âu"@vi	
"Yird"@sco	<https://panlex.org/snapshot/panlex-20191001-csv/5940#81310814>				<https://panlex.org/snapshot/panlex-20191001-csv/5940#81310832>		"Trái Đất"@vi	
"Odin"@sco	<https://panlex.org/snapshot/panlex-20191001-csv/5940#81285861>				<https://panlex.org/snapshot/panlex-20191001-csv/5940#81285872>		"Odin"@vi	
"Spain"@sco	<https://panlex.org/snapshot/panlex-20191001-csv/5940#81281000>				<https://panlex.org/snapshot/panlex-20191001-csv/5940#81281024>		"Tây Ban Nha"@vi	
"Unitit Naitions"@sco	<https://panlex.org/snapshot/panlex-20191001-csv/5940#81285998>				<https://panlex.org/snapshot/panlex-20191001-csv/5940#81286022>		"Liên Hiệp Quốc"@vi	
"hert"@sco	<https://panlex.org/snapshot/panlex-20191001-csv/5940#81328441>				<https://panlex.org/snapshot/panlex-20191001-csv/5940#81328457>		"tim"@vi	
"Lunnon"@sco	<https://panlex.org/snapshot/panlex-20191001-csv/5940#81283590>				<https://panlex.org/snapshot/panlex-20191001-csv/5940#81283607>		"Luân Đôn"@vi	
"sky"@sco	<https://panlex.org/snapshot/panlex-20191001-csv/5940#81347849>				<https://panlex.org/snapshot/panlex-20191001-csv/5940#81347862>		"trời"@vi	
"sky"@sco	<https://panlex.org/snapshot/panlex-20191001-csv/5940#81347849>				<https://panlex.org/snapshot/panlex-20191001-csv/5940#81347861>		"bầu trời"@vi	
"bluid vessel"@sco	<https://panlex.org/snapshot/panlex-20191001-csv/5939#80759671>				<https://panlex.org/snapshot/panlex-20191001-csv/5939#80759681>		"mạch máu"@vi	
"heal"@sco	<https://panlex.org/snapshot/panlex-20191001-csv/5939#80838908>				<https://panlex.org/snapshot/panlex-20191001-csv/5939#80838925>		"sức khỏe"@vi	
"cycloalkane"@sco	<https://panlex.org/snapshot/panlex-20191001-csv/5939#80777167>				<https://panlex.org/snapshot/panlex-20191001-csv/5939#80777173>		"cycloankan"@vi	
"cycloalkane"@sco	<https://panlex.org/snapshot/panlex-20191001-csv/5939#80777167>				<https://panlex.org/snapshot/panlex-20191001-csv/5939#80777174>		"ankan vòng"@vi	
"Germany"@sco	<https://panlex.org/snapshot/panlex-20191001-csv/5939#80782778>				<https://panlex.org/snapshot/panlex-20191001-csv/5939#80782825>		"Đức"@vi	
"Germany"@sco	<https://panlex.org/snapshot/panlex-20191001-csv/5939#80782778>				<https://panlex.org/snapshot/panlex-20191001-csv/5939#80782824>		"nước Đức"@vi	
"Federal Democratic Republic o Ethiopia"@sco	<https://panlex.org/snapshot/panlex-20191001-csv/5939#80781038>				<https://panlex.org/snapshot/panlex-20191001-csv/5939#80781049>		"Cộng hoà dân chủ liên bang Ethiopia"@vi	
"atomic nucleus"@sco	<https://panlex.org/snapshot/panlex-20191001-csv/5939#80731851>				<https://panlex.org/snapshot/panlex-20191001-csv/5939#80731863>		"hạt nhân nguyên tử"@vi	
"European Union"@sco	<https://panlex.org/snapshot/panlex-20191001-csv/5939#80807017>				<https://panlex.org/snapshot/panlex-20191001-csv/5939#80807043>		"Liên minh châu Âu"@vi	
"anion"@sco	<https://panlex.org/snapshot/panlex-20191001-csv/5939#80720223>				<https://panlex.org/snapshot/panlex-20191001-csv/5939#80720232>		"anion"@vi	
"Andorrae"@sco	<https://panlex.org/snapshot/panlex-20191001-csv/5939#80718586>				<https://panlex.org/snapshot/panlex-20191001-csv/5939#80718606>		"Andorra"@vi	
"beuk"@sco	<https://panlex.org/snapshot/panlex-20191001-csv/5939#80766689>				<https://panlex.org/snapshot/panlex-20191001-csv/5939#80766705>		"sách"@vi	
"Eiffel Touer"@sco	<https://panlex.org/snapshot/panlex-20191001-csv/5939#80793615>				<https://panlex.org/snapshot/panlex-20191001-csv/5939#80793625>		"Tháp Eiffel"@vi	
"Eiffel Touer"@sco	<https://panlex.org/snapshot/panlex-20191001-csv/5939#80793522>				<https://panlex.org/snapshot/panlex-20191001-csv/5939#80793532>		"Tháp Eiffel"@vi	
"base"@sco	<https://panlex.org/snapshot/panlex-20191001-csv/5939#80744098>				<https://panlex.org/snapshot/panlex-20191001-csv/5939#80744110>		"bazơ"@vi	
"Azerbaijan"@sco	<https://panlex.org/snapshot/panlex-20191001-csv/5939#80729757>				<https://panlex.org/snapshot/panlex-20191001-csv/5939#80729776>		"A Xec Bay Gian"@vi	
"Armeniae"@sco	<https://panlex.org/snapshot/panlex-20191001-csv/5939#80728003>				<https://panlex.org/snapshot/panlex-20191001-csv/5939#80728020>		"Ac Mê Ni A"@vi	
"alkane"@sco	<https://panlex.org/snapshot/panlex-20191001-csv/5939#80713101>				<https://panlex.org/snapshot/panlex-20191001-csv/5939#80713109>		"ankan"@vi	
"seein-gless"@sco	<https://panlex.org/snapshot/panlex-20191001-csv/5946#84446302>				<https://panlex.org/snapshot/panlex-20191001-csv/5946#84446347>		"gương"@vi	
"hill"@sco	<https://panlex.org/snapshot/panlex-20191001-csv/5946#84443116>				<https://panlex.org/snapshot/panlex-20191001-csv/5946#84443136>		"đồi"@vi	
"whit like"@sco	<https://panlex.org/snapshot/panlex-20191001-csv/5946#84445771>				<https://panlex.org/snapshot/panlex-20191001-csv/5946#84445793>		"bạn khỏe không"@vi	
"each"@sco	<https://panlex.org/snapshot/panlex-20191001-csv/5946#84441061>				<https://panlex.org/snapshot/panlex-20191001-csv/5946#84441080>		"mã"@vi	
"bliadhna mhath ùr"@sco	<https://panlex.org/snapshot/panlex-20191001-csv/5946#84434350>				<https://panlex.org/snapshot/panlex-20191001-csv/5946#84434366>		"Chúc mừng năm mới"@vi	
"hod"@sco	<https://panlex.org/snapshot/panlex-20191001-csv/5946#84446870>				<https://panlex.org/snapshot/panlex-20191001-csv/5946#84446881>		"giấu"@vi	
"cleuch"@sco	<https://panlex.org/snapshot/panlex-20191001-csv/5946#84449498>				<https://panlex.org/snapshot/panlex-20191001-csv/5946#84449509>		"vách đá"@vi	
"sky"@sco	<https://panlex.org/snapshot/panlex-20191001-csv/5946#84436157>				<https://panlex.org/snapshot/panlex-20191001-csv/5946#84436167>		"trời"@vi	
"sky"@sco	<https://panlex.org/snapshot/panlex-20191001-csv/5946#84436157>				<https://panlex.org/snapshot/panlex-20191001-csv/5946#84436166>		"bầu trời"@vi	
"hoo are ye"@sco	<https://panlex.org/snapshot/panlex-20191001-csv/5946#84445770>				<https://panlex.org/snapshot/panlex-20191001-csv/5946#84445793>		"bạn khỏe không"@vi	
"abhainn"@sco	<https://panlex.org/snapshot/panlex-20191001-csv/5946#84449261>				<https://panlex.org/snapshot/panlex-20191001-csv/5946#84449276>		"hà"@vi	
"cauf"@sco	<https://panlex.org/snapshot/panlex-20191001-csv/5946#84453212>				<https://panlex.org/snapshot/panlex-20191001-csv/5946#84453227>		"con bê"@vi	
"stane"@sco	<https://panlex.org/snapshot/panlex-20191001-csv/5946#84437747>				<https://panlex.org/snapshot/panlex-20191001-csv/5946#84437762>		"đá"@vi	
"mirrour"@sco	<https://panlex.org/snapshot/panlex-20191001-csv/5946#84446301>				<https://panlex.org/snapshot/panlex-20191001-csv/5946#84446347>		"gương"@vi	
"mony"@sco	<https://panlex.org/snapshot/panlex-20191001-csv/5946#84442526>				<https://panlex.org/snapshot/panlex-20191001-csv/5946#84442566>		"nhiều"@vi	
"craig"@sco	<https://panlex.org/snapshot/panlex-20191001-csv/5946#84449497>				<https://panlex.org/snapshot/panlex-20191001-csv/5946#84449509>		"vách đá"@vi	
"Crimea"@sco	<https://panlex.org/snapshot/panlex-20191001-csv/5949#85313742>				<https://panlex.org/snapshot/panlex-20191001-csv/5949#85313757>		"Krym"@vi	
"Unitit Kinrick"@sco	<https://panlex.org/snapshot/panlex-20191001-csv/5949#85304391>				<https://panlex.org/snapshot/panlex-20191001-csv/5949#85304405>		"Vương quốc Liên hiệp Anh và Bắc Ireland"@vi	
"Hungary"@sco	<https://panlex.org/snapshot/panlex-20191001-csv/5949#85304511>				<https://panlex.org/snapshot/panlex-20191001-csv/5949#85304527>		"Hungary"@vi	
"Jerusalem"@sco	<https://panlex.org/snapshot/panlex-20191001-csv/5949#85310013>				<https://panlex.org/snapshot/panlex-20191001-csv/5949#85310049>		"Giê-ru-da-lem"@vi	
"Jerusalem"@sco	<https://panlex.org/snapshot/panlex-20191001-csv/5949#85310013>				<https://panlex.org/snapshot/panlex-20191001-csv/5949#85310050>		"Jerusalem"@vi	
"Latvie"@sco	<https://panlex.org/snapshot/panlex-20191001-csv/5949#85314367>				<https://panlex.org/snapshot/panlex-20191001-csv/5949#85314399>		"Latvia"@vi	
"Philippines"@sco	<https://panlex.org/snapshot/panlex-20191001-csv/5949#85323404>				<https://panlex.org/snapshot/panlex-20191001-csv/5949#85323437>		"Philippines"@vi	
"Tbilisi"@sco	<https://panlex.org/snapshot/panlex-20191001-csv/5949#85321863>				<https://panlex.org/snapshot/panlex-20191001-csv/5949#85321884>		"Tbilisi"@vi	
"August"@sco	<https://panlex.org/snapshot/panlex-20191001-csv/5949#85329486>				<https://panlex.org/snapshot/panlex-20191001-csv/5949#85329539>		"tháng tám"@vi	
"Turkey"@sco	<https://panlex.org/snapshot/panlex-20191001-csv/5949#85322582>				<https://panlex.org/snapshot/panlex-20191001-csv/5949#85322611>		"Thổ Nhĩ Kỳ"@vi	
"Berlin"@sco	<https://panlex.org/snapshot/panlex-20191001-csv/5949#85302523>				<https://panlex.org/snapshot/panlex-20191001-csv/5949#85302557>		"Berlin"@vi	
"Berlin"@sco	<https://panlex.org/snapshot/panlex-20191001-csv/5949#85302523>				<https://panlex.org/snapshot/panlex-20191001-csv/5949#85302558>		"Bá-linh"@vi	
"Singapore"@sco	<https://panlex.org/snapshot/panlex-20191001-csv/5949#85320582>				<https://panlex.org/snapshot/panlex-20191001-csv/5949#85320610>		"Singapore"@vi	
"Uruguay"@sco	<https://panlex.org/snapshot/panlex-20191001-csv/5949#85322954>				<https://panlex.org/snapshot/panlex-20191001-csv/5949#85322978>		"Uruguay"@vi	
"Japan"@sco	<https://panlex.org/snapshot/panlex-20191001-csv/5949#85326106>				<https://panlex.org/snapshot/panlex-20191001-csv/5949#85326128>		"Nhật Bản"@vi	
"Riga"@sco	<https://panlex.org/snapshot/panlex-20191001-csv/5949#85319256>				<https://panlex.org/snapshot/panlex-20191001-csv/5949#85319278>		"Riga"@vi	
"Roushie"@sco	<https://panlex.org/snapshot/panlex-20191001-csv/5949#85319585>				<https://panlex.org/snapshot/panlex-20191001-csv/5949#85319632>		"Nga"@vi	
"Roushie"@sco	<https://panlex.org/snapshot/panlex-20191001-csv/5949#85319585>				<https://panlex.org/snapshot/panlex-20191001-csv/5949#85319631>		"nước Nga"@vi	
"Liège"@sco	<https://panlex.org/snapshot/panlex-20191001-csv/5949#85314854>				<https://panlex.org/snapshot/panlex-20191001-csv/5949#85314868>		"Liège"@vi	
"Bavarie"@sco	<https://panlex.org/snapshot/panlex-20191001-csv/5949#85301238>				<https://panlex.org/snapshot/panlex-20191001-csv/5949#85301256>		"Bayern"@vi	
"Scotland"@sco	<https://panlex.org/snapshot/panlex-20191001-csv/5949#85325296>				<https://panlex.org/snapshot/panlex-20191001-csv/5949#85325322>		"Tô Cách Lan"@vi	
"Scotland"@sco	<https://panlex.org/snapshot/panlex-20191001-csv/5949#85325296>				<https://panlex.org/snapshot/panlex-20191001-csv/5949#85325323>		"Scotland"@vi	
"Euphrates"@sco	<https://panlex.org/snapshot/panlex-20191001-csv/5949#85308717>				<https://panlex.org/snapshot/panlex-20191001-csv/5949#85308727>		"Euphrates"@vi	
"Peru"@sco	<https://panlex.org/snapshot/panlex-20191001-csv/5949#85318308>				<https://panlex.org/snapshot/panlex-20191001-csv/5949#85318334>		"Peru"@vi	
"Baku"@sco	<https://panlex.org/snapshot/panlex-20191001-csv/5949#85301522>				<https://panlex.org/snapshot/panlex-20191001-csv/5949#85301544>		"Baku"@vi	
"Fraunce"@sco	<https://panlex.org/snapshot/panlex-20191001-csv/5949#85323662>				<https://panlex.org/snapshot/panlex-20191001-csv/5949#85323693>		"Pháp"@vi	
"Australie"@sco	<https://panlex.org/snapshot/panlex-20191001-csv/5949#85298218>				<https://panlex.org/snapshot/panlex-20191001-csv/5949#85298249>		"Úc"@vi	
"Kaliningrad"@sco	<https://panlex.org/snapshot/panlex-20191001-csv/5949#85312295>				<https://panlex.org/snapshot/panlex-20191001-csv/5949#85312306>		"Kaliningrad"@vi	
"aviation"@sco	<https://panlex.org/snapshot/panlex-20191001-csv/5949#85329862>				<https://panlex.org/snapshot/panlex-20191001-csv/5949#85329887>		"hàng không"@vi	
"Bible"@sco	<https://panlex.org/snapshot/panlex-20191001-csv/5949#85302775>				<https://panlex.org/snapshot/panlex-20191001-csv/5949#85302820>		"Kinh Thánh"@vi	
"Europe"@sco	<https://panlex.org/snapshot/panlex-20191001-csv/5949#85308627>				<https://panlex.org/snapshot/panlex-20191001-csv/5949#85308660>		"Châu Âu"@vi	
"Yird"@sco	<https://panlex.org/snapshot/panlex-20191001-csv/5949#85309598>				<https://panlex.org/snapshot/panlex-20191001-csv/5949#85309618>		"trái đất"@vi	
"Beijing"@sco	<https://panlex.org/snapshot/panlex-20191001-csv/5949#85318044>				<https://panlex.org/snapshot/panlex-20191001-csv/5949#85318074>		"Bắc Kinh"@vi	
"Sun"@sco	<https://panlex.org/snapshot/panlex-20191001-csv/5949#85320978>				<https://panlex.org/snapshot/panlex-20191001-csv/5949#85321011>		"Mặt Trời"@vi	
"pH"@sco	<https://panlex.org/snapshot/panlex-20191001-csv/5942#83284012>				<https://panlex.org/snapshot/panlex-20191001-csv/5942#83284030>		"pH"@vi	
"fuileachdach"@sco	<https://panlex.org/snapshot/panlex-20191001-csv/5942#83280697>				<https://panlex.org/snapshot/panlex-20191001-csv/5942#83280701>		"chảy máu"@vi	
"history"@sco	<https://panlex.org/snapshot/panlex-20191001-csv/5942#83282319>				<https://panlex.org/snapshot/panlex-20191001-csv/5942#83282343>		"lịch sử"@vi	
"hailsome"@sco	<https://panlex.org/snapshot/panlex-20191001-csv/5942#83285462>				<https://panlex.org/snapshot/panlex-20191001-csv/5942#83285468>		"khỏe mạnh"@vi	
"beuk"@sco	<https://panlex.org/snapshot/panlex-20191001-csv/5942#83282774>				<https://panlex.org/snapshot/panlex-20191001-csv/5942#83282795>		"sách"@vi	
"hell"@sco	<https://panlex.org/snapshot/panlex-20191001-csv/5942#83282538>				<https://panlex.org/snapshot/panlex-20191001-csv/5942#83282551>		"âm phủ"@vi	
"hell"@sco	<https://panlex.org/snapshot/panlex-20191001-csv/5942#83282538>				<https://panlex.org/snapshot/panlex-20191001-csv/5942#83282552>		"tuyền đài"@vi	
"reipseach"@sco	<https://panlex.org/snapshot/panlex-20191001-csv/5943#83369672>				<https://panlex.org/snapshot/panlex-20191001-csv/5943#83369704>		"đĩ"@vi	
"crom-odhar"@sco	<https://panlex.org/snapshot/panlex-20191001-csv/5943#83395641>				<https://panlex.org/snapshot/panlex-20191001-csv/5943#83395670>		"dương vật"@vi	
"pit"@sco	<https://panlex.org/snapshot/panlex-20191001-csv/5943#83328430>				<https://panlex.org/snapshot/panlex-20191001-csv/5943#83328445>		"âm hộ"@vi	
"Jesus"@sco	<https://panlex.org/snapshot/panlex-20191001-csv/5943#83289586>				<https://panlex.org/snapshot/panlex-20191001-csv/5943#83289613>		"chúa Giê-xu"@vi	
"slat"@sco	<https://panlex.org/snapshot/panlex-20191001-csv/5943#83355595>				<https://panlex.org/snapshot/panlex-20191001-csv/5943#83355615>		"cặt"@vi	
"slat"@sco	<https://panlex.org/snapshot/panlex-20191001-csv/5943#83379706>				<https://panlex.org/snapshot/panlex-20191001-csv/5943#83379726>		"cặt"@vi	
"slat"@sco	<https://panlex.org/snapshot/panlex-20191001-csv/5943#83359334>				<https://panlex.org/snapshot/panlex-20191001-csv/5943#83359354>		"cặt"@vi	
"brillean"@sco	<https://panlex.org/snapshot/panlex-20191001-csv/5943#83328545>				<https://panlex.org/snapshot/panlex-20191001-csv/5943#83328564>		"âm vật"@vi	
"brillean"@sco	<https://panlex.org/snapshot/panlex-20191001-csv/5943#83350077>				<https://panlex.org/snapshot/panlex-20191001-csv/5943#83350096>		"âm vật"@vi	
"galla"@sco	<https://panlex.org/snapshot/panlex-20191001-csv/5943#83369673>				<https://panlex.org/snapshot/panlex-20191001-csv/5943#83369704>		"đĩ"@vi	
"kiche"@sco	<https://panlex.org/snapshot/panlex-20191001-csv/5943#83394407>				<https://panlex.org/snapshot/panlex-20191001-csv/5943#83394425>		"cứt"@vi	
"bod"@sco	<https://panlex.org/snapshot/panlex-20191001-csv/5943#83395637>				<https://panlex.org/snapshot/panlex-20191001-csv/5943#83395670>		"dương vật"@vi	
"strìopach"@sco	<https://panlex.org/snapshot/panlex-20191001-csv/5943#83369674>				<https://panlex.org/snapshot/panlex-20191001-csv/5943#83369704>		"đĩ"@vi	
"sgliùrach"@sco	<https://panlex.org/snapshot/panlex-20191001-csv/5943#83369675>				<https://panlex.org/snapshot/panlex-20191001-csv/5943#83369704>		"đĩ"@vi	
"gogan"@sco	<https://panlex.org/snapshot/panlex-20191001-csv/5943#83395638>				<https://panlex.org/snapshot/panlex-20191001-csv/5943#83395670>		"dương vật"@vi	
"cofaidh"@sco	<https://panlex.org/snapshot/panlex-20191001-csv/5943#83337731>				<https://panlex.org/snapshot/panlex-20191001-csv/5943#83337744>		"cà phê"@vi	
"Ìosa"@sco	<https://panlex.org/snapshot/panlex-20191001-csv/5943#83289587>				<https://panlex.org/snapshot/panlex-20191001-csv/5943#83289613>		"chúa Giê-xu"@vi	
"cìoch"@sco	<https://panlex.org/snapshot/panlex-20191001-csv/5943#83411807>				<https://panlex.org/snapshot/panlex-20191001-csv/5943#83411821>		"vú"@vi	
"cac"@sco	<https://panlex.org/snapshot/panlex-20191001-csv/5943#83394408>				<https://panlex.org/snapshot/panlex-20191001-csv/5943#83394425>		"cứt"@vi	
"luid"@sco	<https://panlex.org/snapshot/panlex-20191001-csv/5943#83369670>				<https://panlex.org/snapshot/panlex-20191001-csv/5943#83369704>		"đĩ"@vi	
"am màrt"@sco	<https://panlex.org/snapshot/panlex-20191001-csv/5943#83371844>				<https://panlex.org/snapshot/panlex-20191001-csv/5943#83371861>		"tháng ba"@vi	
"leabhar"@sco	<https://panlex.org/snapshot/panlex-20191001-csv/5943#83348653>				<https://panlex.org/snapshot/panlex-20191001-csv/5943#83348668>		"sách"@vi	
"beag"@sco	<https://panlex.org/snapshot/panlex-20191001-csv/5943#83397661>				<https://panlex.org/snapshot/panlex-20191001-csv/5943#83397673>		"tiểu"@vi	
"bigealas"@sco	<https://panlex.org/snapshot/panlex-20191001-csv/5943#83395639>				<https://panlex.org/snapshot/panlex-20191001-csv/5943#83395670>		"dương vật"@vi	
"mairch"@sco	<https://panlex.org/snapshot/panlex-20191001-csv/5943#83371845>				<https://panlex.org/snapshot/panlex-20191001-csv/5943#83371861>		"tháng ba"@vi	
"caineal"@sco	<https://panlex.org/snapshot/panlex-20191001-csv/5943#83339724>				<https://panlex.org/snapshot/panlex-20191001-csv/5943#83339730>		"quế"@vi	
"cliospairneach"@sco	<https://panlex.org/snapshot/panlex-20191001-csv/5943#83395640>				<https://panlex.org/snapshot/panlex-20191001-csv/5943#83395670>		"dương vật"@vi	
"nighean na galla"@sco	<https://panlex.org/snapshot/panlex-20191001-csv/5943#83369671>				<https://panlex.org/snapshot/panlex-20191001-csv/5943#83369704>		"đĩ"@vi	
"deuk"@sco	<https://panlex.org/snapshot/panlex-20191001-csv/5943#83302542>				<https://panlex.org/snapshot/panlex-20191001-csv/5943#83302555>		"vịt"@vi	
"keek"@sco	<https://panlex.org/snapshot/panlex-20191001-csv/5943#83394409>				<https://panlex.org/snapshot/panlex-20191001-csv/5943#83394425>		"cứt"@vi	
"Dia"@sco	<https://panlex.org/snapshot/panlex-20191001-csv/5943#83289856>				<https://panlex.org/snapshot/panlex-20191001-csv/5943#83289874>		"Thiên Chúa"@vi	
"ciaradh"@sco	<https://panlex.org/snapshot/panlex-20191001-csv/5943#83329669>				<https://panlex.org/snapshot/panlex-20191001-csv/5943#83329676>		"chạng vạng"@vi	
"Inglis leid"@sco	<https://panlex.org/snapshot/panlex-20191001-csv/405#13623667>				<https://panlex.org/snapshot/panlex-20191001-csv/405#13623693>		"Tiếng Anh"@vi	
"French leid"@sco	<https://panlex.org/snapshot/panlex-20191001-csv/405#13624316>				<https://panlex.org/snapshot/panlex-20191001-csv/405#13624339>		"Tiếng Pháp"@vi	
"Norrowegian leid"@sco	<https://panlex.org/snapshot/panlex-20191001-csv/405#13629362>				<https://panlex.org/snapshot/panlex-20191001-csv/405#13629374>		"Tiếng Na Uy"@vi	
"Roushie leid"@sco	<https://panlex.org/snapshot/panlex-20191001-csv/405#13630770>				<https://panlex.org/snapshot/panlex-20191001-csv/405#13630789>		"Tiếng Nga"@vi	
"Czech leid"@sco	<https://panlex.org/snapshot/panlex-20191001-csv/405#13623146>				<https://panlex.org/snapshot/panlex-20191001-csv/405#13623160>		"Tiếng Séc"@vi	
"Finnish leid"@sco	<https://panlex.org/snapshot/panlex-20191001-csv/405#13624106>				<https://panlex.org/snapshot/panlex-20191001-csv/405#13624119>		"Tiếng Phần Lan"@vi	
"Portuguese leid"@sco	<https://panlex.org/snapshot/panlex-20191001-csv/405#13630275>				<https://panlex.org/snapshot/panlex-20191001-csv/405#13630290>		"Tiếng Bồ Đào Nha"@vi	
"Dutch leid"@sco	<https://panlex.org/snapshot/panlex-20191001-csv/405#13623443>				<https://panlex.org/snapshot/panlex-20191001-csv/405#13623459>		"Tiếng Hà Lan"@vi	
"Swadish leid"@sco	<https://panlex.org/snapshot/panlex-20191001-csv/405#13632388>				<https://panlex.org/snapshot/panlex-20191001-csv/405#13632403>		"Tiếng Thụy Điển"@vi	
"Dens leid"@sco	<https://panlex.org/snapshot/panlex-20191001-csv/405#13623232>				<https://panlex.org/snapshot/panlex-20191001-csv/405#13623246>		"Tiếng Đan Mạch"@vi	
"Italian leid"@sco	<https://panlex.org/snapshot/panlex-20191001-csv/405#13626327>				<https://panlex.org/snapshot/panlex-20191001-csv/405#13626345>		"Tiếng Ý"@vi	
"Celtic Leids"@sco	<https://panlex.org/snapshot/panlex-20191001-csv/405#13622483>				<https://panlex.org/snapshot/panlex-20191001-csv/405#13622493>		"Nhóm ngôn ngữ gốc Celt"@vi	
"Spainyie leid"@sco	<https://panlex.org/snapshot/panlex-20191001-csv/405#13632119>				<https://panlex.org/snapshot/panlex-20191001-csv/405#13632138>		"Tiếng Tây Ban Nha"@vi	
"Japanese leid"@sco	<https://panlex.org/snapshot/panlex-20191001-csv/405#13626423>				<https://panlex.org/snapshot/panlex-20191001-csv/405#13626440>		"Tiếng Nhật"@vi	
"Esperanto leid"@sco	<https://panlex.org/snapshot/panlex-20191001-csv/405#13623805>				<https://panlex.org/snapshot/panlex-20191001-csv/405#13623820>		"Quốc tế ngữ"@vi	
"German leid"@sco	<https://panlex.org/snapshot/panlex-20191001-csv/405#13624679>				<https://panlex.org/snapshot/panlex-20191001-csv/405#13624703>		"Tiếng Đức"@vi	
"Afrikaans leid"@sco	<https://panlex.org/snapshot/panlex-20191001-csv/405#13620310>				<https://panlex.org/snapshot/panlex-20191001-csv/405#13620324>		"Afrikaans"@vi	
"Germanic leids"@sco	<https://panlex.org/snapshot/panlex-20191001-csv/405#13624770>				<https://panlex.org/snapshot/panlex-20191001-csv/405#13624782>		"Nhóm ngôn ngữ gốc Đức"@vi	
"Leonardo da Vinci"@sco	<https://panlex.org/snapshot/panlex-20191001-csv/19#1041662>				<https://panlex.org/snapshot/panlex-20191001-csv/19#1041672>		"Leonardo da Vinci"@vi	
"uràiniam"@sco	<https://panlex.org/snapshot/panlex-20191001-csv/9#526908>				<https://panlex.org/snapshot/panlex-20191001-csv/9#526918>		"urani"@vi	
"Lithuania"@sco	<https://panlex.org/snapshot/panlex-20191001-csv/9#539832>				<https://panlex.org/snapshot/panlex-20191001-csv/9#539849>		"Litva"@vi	
"he"@sco	<https://panlex.org/snapshot/panlex-20191001-csv/9#473897>				<https://panlex.org/snapshot/panlex-20191001-csv/9#473913>		"ông ấy"@vi	
"Andorrae"@sco	<https://panlex.org/snapshot/panlex-20191001-csv/9#526264>				<https://panlex.org/snapshot/panlex-20191001-csv/9#526282>		"Andorra"@vi	
"nyne"@sco	<https://panlex.org/snapshot/panlex-20191001-csv/9#491032>				<https://panlex.org/snapshot/panlex-20191001-csv/9#491064>		"chín"@vi	
"october"@sco	<https://panlex.org/snapshot/panlex-20191001-csv/9#473628>				<https://panlex.org/snapshot/panlex-20191001-csv/9#473642>		"tháng mười"@vi	
"Canada"@sco	<https://panlex.org/snapshot/panlex-20191001-csv/9#492491>				<https://panlex.org/snapshot/panlex-20191001-csv/9#492499>		"Gia Nã Đại"@vi	
"European Union"@sco	<https://panlex.org/snapshot/panlex-20191001-csv/9#516398>				<https://panlex.org/snapshot/panlex-20191001-csv/9#516419>		"Liên minh châu Âu"@vi	
"juin"@sco	<https://panlex.org/snapshot/panlex-20191001-csv/9#473314>				<https://panlex.org/snapshot/panlex-20191001-csv/9#473328>		"tháng sáu"@vi	
"bliadhna"@sco	<https://panlex.org/snapshot/panlex-20191001-csv/9#476369>				<https://panlex.org/snapshot/panlex-20191001-csv/9#476375>		"năm"@vi	
"Julie"@sco	<https://panlex.org/snapshot/panlex-20191001-csv/9#473388>				<https://panlex.org/snapshot/panlex-20191001-csv/9#473401>		"tháng bảy"@vi	
"Germany"@sco	<https://panlex.org/snapshot/panlex-20191001-csv/9#474844>				<https://panlex.org/snapshot/panlex-20191001-csv/9#474870>		"nước Đức"@vi	
"Germany"@sco	<https://panlex.org/snapshot/panlex-20191001-csv/9#474844>				<https://panlex.org/snapshot/panlex-20191001-csv/9#474869>		"Đức"@vi	
"Austrik"@sco	<https://panlex.org/snapshot/panlex-20191001-csv/12#925512>				<https://panlex.org/snapshot/panlex-20191001-csv/12#925532>		"Áo"@vi	
"Austrik"@sco	<https://panlex.org/snapshot/panlex-20191001-csv/12#925627>				<https://panlex.org/snapshot/panlex-20191001-csv/12#925647>		"Áo"@vi	
"Austrik"@sco	<https://panlex.org/snapshot/panlex-20191001-csv/12#925397>				<https://panlex.org/snapshot/panlex-20191001-csv/12#925417>		"Áo"@vi	
"European Union"@sco	<https://panlex.org/snapshot/panlex-20191001-csv/12#905259>				<https://panlex.org/snapshot/panlex-20191001-csv/12#905272>		"Liên minh châu Âu"@vi	
"Ingland"@sco	<https://panlex.org/snapshot/panlex-20191001-csv/12#908759>				<https://panlex.org/snapshot/panlex-20191001-csv/12#908769>		"Anh"@vi	
"cu"@sco	<https://panlex.org/snapshot/panlex-20191001-csv/12#853751>				<https://panlex.org/snapshot/panlex-20191001-csv/12#853772>		"chó"@vi	
"uisge"@sco	<https://panlex.org/snapshot/panlex-20191001-csv/12#851142>				<https://panlex.org/snapshot/panlex-20191001-csv/12#851234>		"nước"@vi	
"Albaniae"@sco	<https://panlex.org/snapshot/panlex-20191001-csv/12#919930>				<https://panlex.org/snapshot/panlex-20191001-csv/12#919948>		"An Ba Ni"@vi	
"Belgium"@sco	<https://panlex.org/snapshot/panlex-20191001-csv/12#852749>				<https://panlex.org/snapshot/panlex-20191001-csv/12#852772>		"Bỉ"@vi	
"each"@sco	<https://panlex.org/snapshot/panlex-20191001-csv/12#856445>				<https://panlex.org/snapshot/panlex-20191001-csv/12#856461>		"ngựa"@vi	
"Finland"@sco	<https://panlex.org/snapshot/panlex-20191001-csv/12#852842>				<https://panlex.org/snapshot/panlex-20191001-csv/12#852858>		"Phần Lan"@vi	
"Croatia"@sco	<https://panlex.org/snapshot/panlex-20191001-csv/12#908348>				<https://panlex.org/snapshot/panlex-20191001-csv/12#908364>		"Crô A Xi"@vi	
"ailbhean"@sco	<https://panlex.org/snapshot/panlex-20191001-csv/12#899277>				<https://panlex.org/snapshot/panlex-20191001-csv/12#899288>		"voi"@vi	
"Roushie"@sco	<https://panlex.org/snapshot/panlex-20191001-csv/12#871369>				<https://panlex.org/snapshot/panlex-20191001-csv/12#871386>		"Nga"@vi	
"iolair"@sco	<https://panlex.org/snapshot/panlex-20191001-csv/12#913189>				<https://panlex.org/snapshot/panlex-20191001-csv/12#913209>		"chim đại bàng"@vi	
"iolair"@sco	<https://panlex.org/snapshot/panlex-20191001-csv/12#913007>				<https://panlex.org/snapshot/panlex-20191001-csv/12#913027>		"chim đại bàng"@vi	
"iolair"@sco	<https://panlex.org/snapshot/panlex-20191001-csv/12#913098>				<https://panlex.org/snapshot/panlex-20191001-csv/12#913118>		"chim đại bàng"@vi	
"history"@sco	<https://panlex.org/snapshot/panlex-20191001-csv/2904#111022909>				<https://panlex.org/snapshot/panlex-20191001-csv/2904#111023035>		"lịch sử"@vi	
"mathematics"@sco	<https://panlex.org/snapshot/panlex-20191001-csv/2904#111023507>				<https://panlex.org/snapshot/panlex-20191001-csv/2904#111023344>		"toán học"@vi	
"astronomy"@sco	<https://panlex.org/snapshot/panlex-20191001-csv/2904#111021968>				<https://panlex.org/snapshot/panlex-20191001-csv/2904#111021996>		"thiên văn học"@vi	
"geography"@sco	<https://panlex.org/snapshot/panlex-20191001-csv/2904#111022744>				<https://panlex.org/snapshot/panlex-20191001-csv/2904#111022790>		"địa lý học"@vi	
"medicin"@sco	<https://panlex.org/snapshot/panlex-20191001-csv/2904#111023731>				<https://panlex.org/snapshot/panlex-20191001-csv/2904#111023683>		"y học"@vi	
"chemistry"@sco	<https://panlex.org/snapshot/panlex-20191001-csv/2904#111022468>				<https://panlex.org/snapshot/panlex-20191001-csv/2904#111022436>		"ngành hoá học"@vi	
"airchitectur"@sco	<https://panlex.org/snapshot/panlex-20191001-csv/2904#111021799>				<https://panlex.org/snapshot/panlex-20191001-csv/2904#111021825>		"kiến trúc"@vi	
"biologie"@sco	<https://panlex.org/snapshot/panlex-20191001-csv/2904#111022191>				<https://panlex.org/snapshot/panlex-20191001-csv/2904#111022314>		"sinh học"@vi	
"science"@sco	<https://panlex.org/snapshot/panlex-20191001-csv/2904#111024394>				<https://panlex.org/snapshot/panlex-20191001-csv/2904#111024296>		"khoa học"@vi	
"lingueestics"@sco	<https://panlex.org/snapshot/panlex-20191001-csv/2904#111023120>				<https://panlex.org/snapshot/panlex-20191001-csv/2904#111023137>		"ngôn ngữ học"@vi	
"pheesics"@sco	<https://panlex.org/snapshot/panlex-20191001-csv/2904#111024177>				<https://panlex.org/snapshot/panlex-20191001-csv/2904#111024013>		"vật lý học"@vi	
"philosophie"@sco	<https://panlex.org/snapshot/panlex-20191001-csv/2904#111023952>				<https://panlex.org/snapshot/panlex-20191001-csv/2904#111023939>		"triết học"@vi	
"peace"@sco	<https://panlex.org/snapshot/panlex-20191001-csv/2902#111012129>				<https://panlex.org/snapshot/panlex-20191001-csv/2902#111012044>		"hòa bình"@vi	
"North Sea"@sco	<https://panlex.org/snapshot/panlex-20191001-csv/2905#110870527>				<https://panlex.org/snapshot/panlex-20191001-csv/2905#110870715>		"Biển Bắc"@vi	
"Baltic Sea"@sco	<https://panlex.org/snapshot/panlex-20191001-csv/2905#110868774>				<https://panlex.org/snapshot/panlex-20191001-csv/2905#110868710>		"Biển Ban-tích"@vi	
"Inglis Chainel"@sco	<https://panlex.org/snapshot/panlex-20191001-csv/2905#110870141>				<https://panlex.org/snapshot/panlex-20191001-csv/2905#110870137>		"Eo biển Măng-sơ"@vi	
"Easter Seas"@sco	<https://panlex.org/snapshot/panlex-20191001-csv/2905#110868646>				<https://panlex.org/snapshot/panlex-20191001-csv/2905#110868710>		"Biển Ban-tích"@vi	
"Muin"@sco	<https://panlex.org/snapshot/panlex-20191001-csv/2907#110845886>				<https://panlex.org/snapshot/panlex-20191001-csv/2907#110845854>		"Mặt Trăng"@vi	
"theory o relativity"@sco	<https://panlex.org/snapshot/panlex-20191001-csv/2907#110849762>				<https://panlex.org/snapshot/panlex-20191001-csv/2907#110849861>		"thuyết tương đối"@vi	
"Mercur"@sco	<https://panlex.org/snapshot/panlex-20191001-csv/2907#110845219>				<https://panlex.org/snapshot/panlex-20191001-csv/2907#110845131>		"Thủy Tinh"@vi	
"Sun"@sco	<https://panlex.org/snapshot/panlex-20191001-csv/2907#110844970>				<https://panlex.org/snapshot/panlex-20191001-csv/2907#110844963>		"Mặt Trời"@vi	
"Neptune"@sco	<https://panlex.org/snapshot/panlex-20191001-csv/2907#110847020>				<https://panlex.org/snapshot/panlex-20191001-csv/2907#110847144>		"Hải Vương Tinh"@vi	
"Yird"@sco	<https://panlex.org/snapshot/panlex-20191001-csv/2907#110845681>				<https://panlex.org/snapshot/panlex-20191001-csv/2907#110845551>		"Trái Đất"@vi	
"Venus"@sco	<https://panlex.org/snapshot/panlex-20191001-csv/2907#110845306>				<https://panlex.org/snapshot/panlex-20191001-csv/2907#110845455>		"Kim Tinh"@vi	
"Eris"@sco	<https://panlex.org/snapshot/panlex-20191001-csv/2907#110847907>				<https://panlex.org/snapshot/panlex-20191001-csv/2907#110847912>		"Eris"@vi	
"Makemake"@sco	<https://panlex.org/snapshot/panlex-20191001-csv/2907#110847618>				<https://panlex.org/snapshot/panlex-20191001-csv/2907#110847746>		"Makemake"@vi	
"Saturn"@sco	<https://panlex.org/snapshot/panlex-20191001-csv/2907#110846584>				<https://panlex.org/snapshot/panlex-20191001-csv/2907#110846737>		"Thổ Tinh"@vi	
"Ceres"@sco	<https://panlex.org/snapshot/panlex-20191001-csv/2907#110846155>				<https://panlex.org/snapshot/panlex-20191001-csv/2907#110846332>		"Ceres"@vi	
"Solar seestem"@sco	<https://panlex.org/snapshot/panlex-20191001-csv/2907#110848258>				<https://panlex.org/snapshot/panlex-20191001-csv/2907#110848290>		"Hệ Mặt Trời"@vi	
"Uranus"@sco	<https://panlex.org/snapshot/panlex-20191001-csv/2907#110846808>				<https://panlex.org/snapshot/panlex-20191001-csv/2907#110846887>		"Thiên Vương Tinh"@vi	
"Maurs"@sco	<https://panlex.org/snapshot/panlex-20191001-csv/2907#110845993>				<https://panlex.org/snapshot/panlex-20191001-csv/2907#110846131>		"Hỏa Tinh"@vi	
"Jupiter"@sco	<https://panlex.org/snapshot/panlex-20191001-csv/2907#110846490>				<https://panlex.org/snapshot/panlex-20191001-csv/2907#110846540>		"Mộc Tinh"@vi	
"Haumea"@sco	<https://panlex.org/snapshot/panlex-20191001-csv/2907#110847531>				<https://panlex.org/snapshot/panlex-20191001-csv/2907#110847537>		"Haumea"@vi	
"droich-planet"@sco	<https://panlex.org/snapshot/panlex-20191001-csv/2907#110847993>				<https://panlex.org/snapshot/panlex-20191001-csv/2907#110848084>		"hành tinh lùn"@vi	
"Pluto"@sco	<https://panlex.org/snapshot/panlex-20191001-csv/2907#110847305>				<https://panlex.org/snapshot/panlex-20191001-csv/2907#110847220>		"Diêm Vương Tinh"@vi	
"Aristotle"@sco	<https://panlex.org/snapshot/panlex-20191001-csv/2906#111019502>				<https://panlex.org/snapshot/panlex-20191001-csv/2906#111019517>		"Aritstốt"@vi	
"Christopher Columbus"@sco	<https://panlex.org/snapshot/panlex-20191001-csv/2906#111019735>				<https://panlex.org/snapshot/panlex-20191001-csv/2906#111019722>		"Kha Luân Bố"@vi	
"Roushie"@sco	<https://panlex.org/snapshot/panlex-20191001-csv/8#131530>				<https://panlex.org/snapshot/panlex-20191001-csv/8#131548>		"Nga"@vi	
"aprile"@sco	<https://panlex.org/snapshot/panlex-20191001-csv/8#96294>				<https://panlex.org/snapshot/panlex-20191001-csv/8#96312>		"tháng tư"@vi	
"Austrik"@sco	<https://panlex.org/snapshot/panlex-20191001-csv/10#574410>				<https://panlex.org/snapshot/panlex-20191001-csv/10#574430>		"Áo"@vi	
"Croatia"@sco	<https://panlex.org/snapshot/panlex-20191001-csv/10#673801>				<https://panlex.org/snapshot/panlex-20191001-csv/10#673817>		"Crô A Xi"@vi	
"European Union"@sco	<https://panlex.org/snapshot/panlex-20191001-csv/10#650942>				<https://panlex.org/snapshot/panlex-20191001-csv/10#650957>		"Liên minh châu Âu"@vi	
"Europe"@sco	<https://panlex.org/snapshot/panlex-20191001-csv/10#604596>				<https://panlex.org/snapshot/panlex-20191001-csv/10#604613>		"Châu Âu"@vi	
"Unitit States"@sco	<https://panlex.org/snapshot/panlex-20191001-csv/10#581464>				<https://panlex.org/snapshot/panlex-20191001-csv/10#581485>		"Hoa Kỳ"@vi	
"Lunnon"@sco	<https://panlex.org/snapshot/panlex-20191001-csv/10#613035>				<https://panlex.org/snapshot/panlex-20191001-csv/10#613052>		"Luân Đôn"@vi	
"Ingland"@sco	<https://panlex.org/snapshot/panlex-20191001-csv/10#610917>				<https://panlex.org/snapshot/panlex-20191001-csv/10#610926>		"Anh"@vi	
"Germany"@sco	<https://panlex.org/snapshot/panlex-20191001-csv/10#571872>				<https://panlex.org/snapshot/panlex-20191001-csv/10#571897>		"nước Đức"@vi	
"Maurs"@sco	<https://panlex.org/snapshot/panlex-20191001-csv/10#572712>				<https://panlex.org/snapshot/panlex-20191001-csv/10#572721>		"Sao Hỏa"@vi	
"mairch"@sco	<https://panlex.org/snapshot/panlex-20191001-csv/15#953308>				<https://panlex.org/snapshot/panlex-20191001-csv/15#953325>		"tháng ba"@vi	
"Hungary"@sco	<https://panlex.org/snapshot/panlex-20191001-csv/11#802897>				<https://panlex.org/snapshot/panlex-20191001-csv/11#802912>		"Hungary"@vi	
"Unitit Kinrick"@sco	<https://panlex.org/snapshot/panlex-20191001-csv/11#811137>				<https://panlex.org/snapshot/panlex-20191001-csv/11#811150>		"Vương quốc Liên hiệp Anh và Bắc Ireland"@vi	
"uisge"@sco	<https://panlex.org/snapshot/panlex-20191001-csv/11#787722>				<https://panlex.org/snapshot/panlex-20191001-csv/11#787768>		"nước"@vi	
"mòran taing"@sco	<https://panlex.org/snapshot/panlex-20191001-csv/13#949694>				<https://panlex.org/snapshot/panlex-20191001-csv/13#949706>		"cám ơn"@vi	
"mairch"@sco	<https://panlex.org/snapshot/panlex-20191001-csv/13#949936>				<https://panlex.org/snapshot/panlex-20191001-csv/13#949952>		"tháng ba"@vi	
"term"@sco	<https://panlex.org/snapshot/panlex-20191001-csv/13#949695>				<https://panlex.org/snapshot/panlex-20191001-csv/13#949706>		"cám ơn"@vi	
"hydrogen"@sco	<https://panlex.org/snapshot/panlex-20191001-csv/2893#110989432>				<https://panlex.org/snapshot/panlex-20191001-csv/2893#110989315>		"hiđrô"@vi	
"gowd"@sco	<https://panlex.org/snapshot/panlex-20191001-csv/2893#110995193>				<https://panlex.org/snapshot/panlex-20191001-csv/2893#110995227>		"vàng"@vi	
"copper"@sco	<https://panlex.org/snapshot/panlex-20191001-csv/2893#110993202>				<https://panlex.org/snapshot/panlex-20191001-csv/2893#110993334>		"đồng"@vi	
"sodium"@sco	<https://panlex.org/snapshot/panlex-20191001-csv/2893#110990870>				<https://panlex.org/snapshot/panlex-20191001-csv/2893#110990946>		"natri"@vi	
"helium"@sco	<https://panlex.org/snapshot/panlex-20191001-csv/2893#110989608>				<https://panlex.org/snapshot/panlex-20191001-csv/2893#110989496>		"heli"@vi	
"airn"@sco	<https://panlex.org/snapshot/panlex-20191001-csv/2893#110992606>				<https://panlex.org/snapshot/panlex-20191001-csv/2893#110992679>		"sắt"@vi	
"uranium"@sco	<https://panlex.org/snapshot/panlex-20191001-csv/2893#110995926>				<https://panlex.org/snapshot/panlex-20191001-csv/2893#110995925>		"urani"@vi	
"periodic table"@sco	<https://panlex.org/snapshot/panlex-20191001-csv/2893#110989109>				<https://panlex.org/snapshot/panlex-20191001-csv/2893#110989245>		"bảng tuần hoàn"@vi	
"iodine"@sco	<https://panlex.org/snapshot/panlex-20191001-csv/2893#110994676>				<https://panlex.org/snapshot/panlex-20191001-csv/2893#110994580>		"iốt"@vi	
"magnesium"@sco	<https://panlex.org/snapshot/panlex-20191001-csv/2893#110991056>				<https://panlex.org/snapshot/panlex-20191001-csv/2893#110991240>		"magiê"@vi	
"platinum"@sco	<https://panlex.org/snapshot/panlex-20191001-csv/2893#110994999>				<https://panlex.org/snapshot/panlex-20191001-csv/2893#110994990>		"platin"@vi	
"nickel"@sco	<https://panlex.org/snapshot/panlex-20191001-csv/2893#110993060>				<https://panlex.org/snapshot/panlex-20191001-csv/2893#110993074>		"niken"@vi	
"neon"@sco	<https://panlex.org/snapshot/panlex-20191001-csv/2893#110990831>				<https://panlex.org/snapshot/panlex-20191001-csv/2893#110990772>		"neon"@vi	
"leid"@sco	<https://panlex.org/snapshot/panlex-20191001-csv/2893#110995631>				<https://panlex.org/snapshot/panlex-20191001-csv/2893#110995690>		"chì"@vi	
"tin"@sco	<https://panlex.org/snapshot/panlex-20191001-csv/2893#110994186>				<https://panlex.org/snapshot/panlex-20191001-csv/2893#110994257>		"thiếc"@vi	
"arsenic"@sco	<https://panlex.org/snapshot/panlex-20191001-csv/2893#110993777>				<https://panlex.org/snapshot/panlex-20191001-csv/2893#110993581>		"asen"@vi	
"potassium"@sco	<https://panlex.org/snapshot/panlex-20191001-csv/2893#110992326>				<https://panlex.org/snapshot/panlex-20191001-csv/2893#110992321>		"kali"@vi	
"carbon"@sco	<https://panlex.org/snapshot/panlex-20191001-csv/2893#110989926>				<https://panlex.org/snapshot/panlex-20191001-csv/2893#110989925>		"cacbon"@vi	
"seelicon"@sco	<https://panlex.org/snapshot/panlex-20191001-csv/2893#110991462>				<https://panlex.org/snapshot/panlex-20191001-csv/2893#110991605>		"silic"@vi	
"phosphorus"@sco	<https://panlex.org/snapshot/panlex-20191001-csv/2893#110991732>				<https://panlex.org/snapshot/panlex-20191001-csv/2893#110991806>		"phốtpho"@vi	
"mercury"@sco	<https://panlex.org/snapshot/panlex-20191001-csv/2893#110995397>				<https://panlex.org/snapshot/panlex-20191001-csv/2893#110995499>		"thủy ngân"@vi	
"nitrogen"@sco	<https://panlex.org/snapshot/panlex-20191001-csv/2893#110990263>				<https://panlex.org/snapshot/panlex-20191001-csv/2893#110990211>		"nitơ"@vi	
"anteemony"@sco	<https://panlex.org/snapshot/panlex-20191001-csv/2893#110994540>				<https://panlex.org/snapshot/panlex-20191001-csv/2893#110994404>		"antimon"@vi	
"siller"@sco	<https://panlex.org/snapshot/panlex-20191001-csv/2893#110994097>				<https://panlex.org/snapshot/panlex-20191001-csv/2893#110994046>		"bạc"@vi	
"chlorine"@sco	<https://panlex.org/snapshot/panlex-20191001-csv/2893#110992176>				<https://panlex.org/snapshot/panlex-20191001-csv/2893#110992133>		"clo"@vi	
"fluorine"@sco	<https://panlex.org/snapshot/panlex-20191001-csv/2893#110990511>				<https://panlex.org/snapshot/panlex-20191001-csv/2893#110990571>		"flo"@vi	
"tungsten"@sco	<https://panlex.org/snapshot/panlex-20191001-csv/2893#110994853>				<https://panlex.org/snapshot/panlex-20191001-csv/2893#110994809>		"vonfram"@vi	
"sulphur"@sco	<https://panlex.org/snapshot/panlex-20191001-csv/2893#110992017>				<https://panlex.org/snapshot/panlex-20191001-csv/2893#110991841>		"lưu huỳnh"@vi	
"boron"@sco	<https://panlex.org/snapshot/panlex-20191001-csv/2893#110989816>				<https://panlex.org/snapshot/panlex-20191001-csv/2893#110989671>		"bo"@vi	
"alumeenium"@sco	<https://panlex.org/snapshot/panlex-20191001-csv/2893#110991303>				<https://panlex.org/snapshot/panlex-20191001-csv/2893#110991331>		"nhốm"@vi	
"zinc"@sco	<https://panlex.org/snapshot/panlex-20191001-csv/2893#110993389>				<https://panlex.org/snapshot/panlex-20191001-csv/2893#110993446>		"kẽm"@vi	
"bromine"@sco	<https://panlex.org/snapshot/panlex-20191001-csv/2893#110993869>				<https://panlex.org/snapshot/panlex-20191001-csv/2893#110993805>		"brôm"@vi	
"cobaut"@sco	<https://panlex.org/snapshot/panlex-20191001-csv/2893#110992823>				<https://panlex.org/snapshot/panlex-20191001-csv/2893#110992889>		"coban"@vi	
"calcium"@sco	<https://panlex.org/snapshot/panlex-20191001-csv/2893#110992468>				<https://panlex.org/snapshot/panlex-20191001-csv/2893#110992563>		"canxi"@vi	
"oxygen"@sco	<https://panlex.org/snapshot/panlex-20191001-csv/2893#110990312>				<https://panlex.org/snapshot/panlex-20191001-csv/2893#110990449>		"ôxy"@vi	
"Internaitional Coort o Juistice"@sco	<https://panlex.org/snapshot/panlex-20191001-csv/2894#111100530>				<https://panlex.org/snapshot/panlex-20191001-csv/2894#111100478>		"Tòa án Quốc tế vì Công lý"@vi	
"European Union"@sco	<https://panlex.org/snapshot/panlex-20191001-csv/2894#111100175>				<https://panlex.org/snapshot/panlex-20191001-csv/2894#111100143>		"Liên minh châu Âu"@vi	
"EU"@sco	<https://panlex.org/snapshot/panlex-20191001-csv/2894#111100276>				<https://panlex.org/snapshot/panlex-20191001-csv/2894#111100143>		"Liên minh châu Âu"@vi	
"Wadensday"@sco	<https://panlex.org/snapshot/panlex-20191001-csv/2892#110825218>				<https://panlex.org/snapshot/panlex-20191001-csv/2892#110825108>		"thứ tư"@vi	
"Sunday"@sco	<https://panlex.org/snapshot/panlex-20191001-csv/2892#110826614>				<https://panlex.org/snapshot/panlex-20191001-csv/2892#110826847>		"chủ nhật"@vi	
"Fuirsday"@sco	<https://panlex.org/snapshot/panlex-20191001-csv/2892#110825577>				<https://panlex.org/snapshot/panlex-20191001-csv/2892#110825678>		"thứ năm"@vi	
"Tysday"@sco	<https://panlex.org/snapshot/panlex-20191001-csv/2892#110824718>				<https://panlex.org/snapshot/panlex-20191001-csv/2892#110824525>		"thứ ba"@vi	
"Friday"@sco	<https://panlex.org/snapshot/panlex-20191001-csv/2892#110825830>				<https://panlex.org/snapshot/panlex-20191001-csv/2892#110826012>		"thứ sáu"@vi	
"Monanday"@sco	<https://panlex.org/snapshot/panlex-20191001-csv/2892#110824343>				<https://panlex.org/snapshot/panlex-20191001-csv/2892#110824320>		"thứ hai"@vi	
"Seturday"@sco	<https://panlex.org/snapshot/panlex-20191001-csv/2892#110826325>				<https://panlex.org/snapshot/panlex-20191001-csv/2892#110826407>		"thứ bảy"@vi	
"Januar"@sco	<https://panlex.org/snapshot/panlex-20191001-csv/2897#110827090>				<https://panlex.org/snapshot/panlex-20191001-csv/2897#110827432>		"tháng một"@vi	
"Juin"@sco	<https://panlex.org/snapshot/panlex-20191001-csv/2897#110829216>				<https://panlex.org/snapshot/panlex-20191001-csv/2897#110829240>		"tháng sáu"@vi	
"Julie"@sco	<https://panlex.org/snapshot/panlex-20191001-csv/2897#110829696>				<https://panlex.org/snapshot/panlex-20191001-csv/2897#110829654>		"tháng bảy"@vi	
"Mey"@sco	<https://panlex.org/snapshot/panlex-20191001-csv/2897#110829036>				<https://panlex.org/snapshot/panlex-20191001-csv/2897#110829063>		"tháng năm"@vi	
"Aprile"@sco	<https://panlex.org/snapshot/panlex-20191001-csv/2897#110828315>				<https://panlex.org/snapshot/panlex-20191001-csv/2897#110828266>		"tháng tư"@vi	
"Februar"@sco	<https://panlex.org/snapshot/panlex-20191001-csv/2897#110827721>				<https://panlex.org/snapshot/panlex-20191001-csv/2897#110827815>		"tháng hai"@vi	
"August"@sco	<https://panlex.org/snapshot/panlex-20191001-csv/2897#110830228>				<https://panlex.org/snapshot/panlex-20191001-csv/2897#110830044>		"tháng tám"@vi	
"Dizember"@sco	<https://panlex.org/snapshot/panlex-20191001-csv/2897#110831678>				<https://panlex.org/snapshot/panlex-20191001-csv/2897#110831745>		"tháng mười hai"@vi	
"September"@sco	<https://panlex.org/snapshot/panlex-20191001-csv/2897#110830350>				<https://panlex.org/snapshot/panlex-20191001-csv/2897#110830409>		"tháng chín"@vi	
"Mairch"@sco	<https://panlex.org/snapshot/panlex-20191001-csv/2897#110827986>				<https://panlex.org/snapshot/panlex-20191001-csv/2897#110828149>		"tháng ba"@vi	
"November"@sco	<https://panlex.org/snapshot/panlex-20191001-csv/2897#110831421>				<https://panlex.org/snapshot/panlex-20191001-csv/2897#110831454>		"tháng mười một"@vi	
"October"@sco	<https://panlex.org/snapshot/panlex-20191001-csv/2897#110830795>				<https://panlex.org/snapshot/panlex-20191001-csv/2897#110831084>		"tháng mười"@vi	
"Europe"@sco	<https://panlex.org/snapshot/panlex-20191001-csv/2891#110854070>				<https://panlex.org/snapshot/panlex-20191001-csv/2891#110854322>		"Châu Âu"@vi	
"Inglis"@sco	<https://panlex.org/snapshot/panlex-20191001-csv/0#113661702>				<https://panlex.org/snapshot/panlex-20191001-csv/0#113661704>		"Tiếng Anh"@vi	
