"lolan"@bnf	<https://panlex.org/snapshot/panlex-20191001-csv/114#8054318>				<https://panlex.org/snapshot/panlex-20191001-csv/114#8054401>		"jalai"@iba	
"-mesi"@bnf	<https://panlex.org/snapshot/panlex-20191001-csv/114#8065617>				<https://panlex.org/snapshot/panlex-20191001-csv/114#8065693>		"nyintak seput"@iba	
"-mesi"@bnf	<https://panlex.org/snapshot/panlex-20191001-csv/114#8065617>				<https://panlex.org/snapshot/panlex-20191001-csv/114#8065692>		"be-ñawa"@iba	
"ke-nani"@bnf	<https://panlex.org/snapshot/panlex-20191001-csv/114#8055804>				<https://panlex.org/snapshot/panlex-20191001-csv/114#8055885>		"nyemerai"@iba	
"vane|ta"@bnf	<https://panlex.org/snapshot/panlex-20191001-csv/114#8061403>				<https://panlex.org/snapshot/panlex-20191001-csv/114#8061500>		"tauʔ"@iba	
"vane|ta"@bnf	<https://panlex.org/snapshot/panlex-20191001-csv/114#8061403>				<https://panlex.org/snapshot/panlex-20191001-csv/114#8061501>		"temu"@iba	
"-tian"@bnf	<https://panlex.org/snapshot/panlex-20191001-csv/114#8058317>				<https://panlex.org/snapshot/panlex-20191001-csv/114#8058409>		"perut"@iba	
"wai-n"@bnf	<https://panlex.org/snapshot/panlex-20191001-csv/114#8053165>				<https://panlex.org/snapshot/panlex-20191001-csv/114#8053260>		"kaki"@iba	
"wai-n"@bnf	<https://panlex.org/snapshot/panlex-20191001-csv/114#8053165>				<https://panlex.org/snapshot/panlex-20191001-csv/114#8053261>		"pah"@iba	
"-vayayan"@bnf	<https://panlex.org/snapshot/panlex-20191001-csv/114#8060929>				<https://panlex.org/snapshot/panlex-20191001-csv/114#8061005>		"bau"@iba	
"fasa-n"@bnf	<https://panlex.org/snapshot/panlex-20191001-csv/114#8051675>				<https://panlex.org/snapshot/panlex-20191001-csv/114#8051772>		"taŋan"@iba	
"fasa-n"@bnf	<https://panlex.org/snapshot/panlex-20191001-csv/114#8051675>				<https://panlex.org/snapshot/panlex-20191001-csv/114#8051771>		"jari"@iba	
"-luin"@bnf	<https://panlex.org/snapshot/panlex-20191001-csv/114#8058880>				<https://panlex.org/snapshot/panlex-20191001-csv/114#8058959>		"tulaŋ"@iba	
"uli-n"@bnf	<https://panlex.org/snapshot/panlex-20191001-csv/114#8063449>				<https://panlex.org/snapshot/panlex-20191001-csv/114#8063546>		"palaʔ"@iba	
"-yatan"@bnf	<https://panlex.org/snapshot/panlex-20191001-csv/114#8059849>				<https://panlex.org/snapshot/panlex-20191001-csv/114#8059926>		"atau"@iba	
"lasa"@bnf	<https://panlex.org/snapshot/panlex-20191001-csv/114#8062926>				<https://panlex.org/snapshot/panlex-20191001-csv/114#8063007>		"darah"@iba	
"toan"@bnf	<https://panlex.org/snapshot/panlex-20191001-csv/114#8058319>				<https://panlex.org/snapshot/panlex-20191001-csv/114#8058409>		"perut"@iba	
"efieye"@bnf	<https://panlex.org/snapshot/panlex-20191001-csv/114#8056328>				<https://panlex.org/snapshot/panlex-20191001-csv/114#8056406>		"kamah"@iba	
"malat"@bnf	<https://panlex.org/snapshot/panlex-20191001-csv/114#8060930>				<https://panlex.org/snapshot/panlex-20191001-csv/114#8061005>		"bau"@iba	
"-kurit"@bnf	<https://panlex.org/snapshot/panlex-20191001-csv/114#8057295>				<https://panlex.org/snapshot/panlex-20191001-csv/114#8057380>		"kulit"@iba	
"takit"@bnf	<https://panlex.org/snapshot/panlex-20191001-csv/114#8068705>				<https://panlex.org/snapshot/panlex-20191001-csv/114#8068797>		"sabak"@iba	
