"lolan"@bnf	<https://panlex.org/snapshot/panlex-20191001-csv/114#8054318>				<https://panlex.org/snapshot/panlex-20191001-csv/114#8054477>		"nesel"@lzl	
"-mesi"@bnf	<https://panlex.org/snapshot/panlex-20191001-csv/114#8065617>				<https://panlex.org/snapshot/panlex-20191001-csv/114#8065768>		"tiəɣ nsuvən"@lzl	
"ke-nani"@bnf	<https://panlex.org/snapshot/panlex-20191001-csv/114#8055804>				<https://panlex.org/snapshot/panlex-20191001-csv/114#8055977>		"seroɣ"@lzl	
"ke-nani"@bnf	<https://panlex.org/snapshot/panlex-20191001-csv/114#8055804>				<https://panlex.org/snapshot/panlex-20191001-csv/114#8055976>		"garagar"@lzl	
"vane|ta"@bnf	<https://panlex.org/snapshot/panlex-20191001-csv/114#8061403>				<https://panlex.org/snapshot/panlex-20191001-csv/114#8061600>		"rongdur"@lzl	
"-tian"@bnf	<https://panlex.org/snapshot/panlex-20191001-csv/114#8058317>				<https://panlex.org/snapshot/panlex-20191001-csv/114#8058500>		"daba(x)an"@lzl	
"wai-n"@bnf	<https://panlex.org/snapshot/panlex-20191001-csv/114#8053165>				<https://panlex.org/snapshot/panlex-20191001-csv/114#8053360>		"dalen"@lzl	
"-vayayan"@bnf	<https://panlex.org/snapshot/panlex-20191001-csv/114#8060929>				<https://panlex.org/snapshot/panlex-20191001-csv/114#8061081>		"berberən"@lzl	
"fasa-n"@bnf	<https://panlex.org/snapshot/panlex-20191001-csv/114#8051675>				<https://panlex.org/snapshot/panlex-20191001-csv/114#8051873>		"nəverən"@lzl	
"-luin"@bnf	<https://panlex.org/snapshot/panlex-20191001-csv/114#8058880>				<https://panlex.org/snapshot/panlex-20191001-csv/114#8059046>		"bologon"@lzl	
"uli-n"@bnf	<https://panlex.org/snapshot/panlex-20191001-csv/114#8063449>				<https://panlex.org/snapshot/panlex-20191001-csv/114#8063638>		"batən"@lzl	
"-yatan"@bnf	<https://panlex.org/snapshot/panlex-20191001-csv/114#8059849>				<https://panlex.org/snapshot/panlex-20191001-csv/114#8060012>		"mobun"@lzl	
"lasa"@bnf	<https://panlex.org/snapshot/panlex-20191001-csv/114#8062926>				<https://panlex.org/snapshot/panlex-20191001-csv/114#8063091>		"nede"@lzl	
"toan"@bnf	<https://panlex.org/snapshot/panlex-20191001-csv/114#8058319>				<https://panlex.org/snapshot/panlex-20191001-csv/114#8058500>		"daba(x)an"@lzl	
"malat"@bnf	<https://panlex.org/snapshot/panlex-20191001-csv/114#8060930>				<https://panlex.org/snapshot/panlex-20191001-csv/114#8061081>		"berberən"@lzl	
"-kurit"@bnf	<https://panlex.org/snapshot/panlex-20191001-csv/114#8057295>				<https://panlex.org/snapshot/panlex-20191001-csv/114#8057468>		"nevnen"@lzl	
