"drən"@och	<https://panlex.org/snapshot/panlex-20191001-csv/114#8057074>				<https://panlex.org/snapshot/panlex-20191001-csv/114#8057104>		"popoku"@pwg	
"wraŋ-s"@och	<https://panlex.org/snapshot/panlex-20191001-csv/114#8056084>				<https://panlex.org/snapshot/panlex-20191001-csv/114#8056115>		"ke-yeka"@pwg	
"quj-s"@och	<https://panlex.org/snapshot/panlex-20191001-csv/114#8062700>				<https://panlex.org/snapshot/panlex-20191001-csv/114#8062729>		"yabhumana"@pwg	
"ppək-s"@och	<https://panlex.org/snapshot/panlex-20191001-csv/114#8058080>				<https://panlex.org/snapshot/panlex-20191001-csv/114#8058107>		"kuputua-"@pwg	
"ttsajʔ"@och	<https://panlex.org/snapshot/panlex-20191001-csv/114#8052481>				<https://panlex.org/snapshot/panlex-20191001-csv/114#8052508>		"duge"@pwg	
"mmaw"@och	<https://panlex.org/snapshot/panlex-20191001-csv/114#8064817>				<https://panlex.org/snapshot/panlex-20191001-csv/114#8064849>		"uyawi-"@pwg	
"tsok"@och	<https://panlex.org/snapshot/panlex-20191001-csv/114#8053471>				<https://panlex.org/snapshot/panlex-20191001-csv/114#8053499>		"kai-"@pwg	
"m-ʔhra"@och	<https://panlex.org/snapshot/panlex-20191001-csv/114#8067406>				<https://panlex.org/snapshot/panlex-20191001-csv/114#8067441>		"oke-"@pwg	
"tre"@och	<https://panlex.org/snapshot/panlex-20191001-csv/114#8061710>				<https://panlex.org/snapshot/panlex-20191001-csv/114#8061741>		"kovi"@pwg	
