"wraŋ-s"@och	<https://panlex.org/snapshot/panlex-20191001-csv/114#8056084>				<https://panlex.org/snapshot/panlex-20191001-csv/114#8055844>		"nahu"@don	
"quj-s"@och	<https://panlex.org/snapshot/panlex-20191001-csv/114#8062700>				<https://panlex.org/snapshot/panlex-20191001-csv/114#8062461>		"laheto"@don	
"ppək-s"@och	<https://panlex.org/snapshot/panlex-20191001-csv/114#8058080>				<https://panlex.org/snapshot/panlex-20191001-csv/114#8057851>		"tairaʼu"@don	
"ttsajʔ"@och	<https://panlex.org/snapshot/panlex-20191001-csv/114#8052481>				<https://panlex.org/snapshot/panlex-20191001-csv/114#8052269>		"lauriʼu"@don	
"mmaw"@och	<https://panlex.org/snapshot/panlex-20191001-csv/114#8064817>				<https://panlex.org/snapshot/panlex-20191001-csv/114#8064579>		"hui"@don	
"tsok"@och	<https://panlex.org/snapshot/panlex-20191001-csv/114#8053471>				<https://panlex.org/snapshot/panlex-20191001-csv/114#8053208>		"ueʼu"@don	
"m-ʔhra"@och	<https://panlex.org/snapshot/panlex-20191001-csv/114#8067406>				<https://panlex.org/snapshot/panlex-20191001-csv/114#8067156>		"ike"@don	
