"drən"@och	<https://panlex.org/snapshot/panlex-20191001-csv/114#8057074>				<https://panlex.org/snapshot/panlex-20191001-csv/114#8056846>		"uvow"@bvk	
"wraŋ-s"@och	<https://panlex.org/snapshot/panlex-20191001-csv/114#8056084>				<https://panlex.org/snapshot/panlex-20191001-csv/114#8055819>		"navuŋ"@bvk	
"quj-s"@och	<https://panlex.org/snapshot/panlex-20191001-csv/114#8062700>				<https://panlex.org/snapshot/panlex-20191001-csv/114#8062431>		"but"@bvk	
"ppək-s"@och	<https://panlex.org/snapshot/panlex-20191001-csv/114#8058080>				<https://panlex.org/snapshot/panlex-20191001-csv/114#8057825>		"lapət"@bvk	
"ttsajʔ"@och	<https://panlex.org/snapshot/panlex-20191001-csv/114#8052481>				<https://panlex.org/snapshot/panlex-20191001-csv/114#8052247>		"bulɛ"@bvk	
"tsok"@och	<https://panlex.org/snapshot/panlex-20191001-csv/114#8053471>				<https://panlex.org/snapshot/panlex-20191001-csv/114#8053179>		"bati"@bvk	
"m-ʔhra"@och	<https://panlex.org/snapshot/panlex-20191001-csv/114#8067406>				<https://panlex.org/snapshot/panlex-20191001-csv/114#8067120>		"begali"@bvk	
"tre"@och	<https://panlex.org/snapshot/panlex-20191001-csv/114#8061710>				<https://panlex.org/snapshot/panlex-20191001-csv/114#8061415>		"jato"@bvk	
