"新"@och	<https://panlex.org/snapshot/panlex-20191001-csv/3975#51728966>				<https://panlex.org/snapshot/panlex-20191001-csv/3975#51728929>		"ʒana"@hts	
"鹽"@och	<https://panlex.org/snapshot/panlex-20191001-csv/3975#51735635>				<https://panlex.org/snapshot/panlex-20191001-csv/3975#51735592>		"mòɲódà-à"@hts	
"知"@och	<https://panlex.org/snapshot/panlex-20191001-csv/3975#51727002>				<https://panlex.org/snapshot/panlex-20191001-csv/3975#51726958>		"cʼàɦà-ʔè"@hts	
"年"@och	<https://panlex.org/snapshot/panlex-20191001-csv/3975#51736438>				<https://panlex.org/snapshot/panlex-20191001-csv/3975#51736392>		"ŋwaka"@hts	
"雨"@och	<https://panlex.org/snapshot/panlex-20191001-csv/3975#51729902>				<https://panlex.org/snapshot/panlex-20191001-csv/3975#51729858>		"ʔa=ti-ya"@hts	
"道"@och	<https://panlex.org/snapshot/panlex-20191001-csv/3975#51730183>				<https://panlex.org/snapshot/panlex-20191001-csv/3975#51730137>		"yeké-ya-ko"@hts	
"咥"@och	<https://panlex.org/snapshot/panlex-20191001-csv/3975#51721462>				<https://panlex.org/snapshot/panlex-20191001-csv/3975#51721414>		"kàƛʼˈé-ʔ"@hts	
"星"@och	<https://panlex.org/snapshot/panlex-20191001-csv/3975#51732042>				<https://panlex.org/snapshot/panlex-20191001-csv/3975#51731990>		"ncà-à-kʰò"@hts	
"二"@och	<https://panlex.org/snapshot/panlex-20191001-csv/3975#51733676>				<https://panlex.org/snapshot/panlex-20191001-csv/3975#51733617>		"píyè-pʰè"@hts	
"予"@och	<https://panlex.org/snapshot/panlex-20191001-csv/3975#51726554>				<https://panlex.org/snapshot/panlex-20191001-csv/3975#51726482>		"ʔono"@hts	
"赤"@och	<https://panlex.org/snapshot/panlex-20191001-csv/3975#51730043>				<https://panlex.org/snapshot/panlex-20191001-csv/3975#51729998>		"tese-"@hts	
"寐"@och	<https://panlex.org/snapshot/panlex-20191001-csv/3975#51731469>				<https://panlex.org/snapshot/panlex-20191001-csv/3975#51731413>		"ǀǀʼúpì-"@hts	
"火"@och	<https://panlex.org/snapshot/panlex-20191001-csv/3975#51724534>				<https://panlex.org/snapshot/panlex-20191001-csv/3975#51724477>		"cʼòkó-wà"@hts	
"坐"@och	<https://panlex.org/snapshot/panlex-20191001-csv/3975#51731159>				<https://panlex.org/snapshot/panlex-20191001-csv/3975#51731097>		"ɦama"@hts	
"玆"@och	<https://panlex.org/snapshot/panlex-20191001-csv/3975#51732918>				<https://panlex.org/snapshot/panlex-20191001-csv/3975#51732871>		"ha-"@hts	
"何"@och	<https://panlex.org/snapshot/panlex-20191001-csv/3975#51734521>				<https://panlex.org/snapshot/panlex-20191001-csv/3975#51734471>		"akwa-ʒa"@hts	
"人"@och	<https://panlex.org/snapshot/panlex-20191001-csv/3975#51729757>				<https://panlex.org/snapshot/panlex-20191001-csv/3975#51729704>		"ʔúnù-"@hts	
"本"@och	<https://panlex.org/snapshot/panlex-20191001-csv/3975#51730313>				<https://panlex.org/snapshot/panlex-20191001-csv/3975#51730276>		"wili-pi"@hts	
"雲"@och	<https://panlex.org/snapshot/panlex-20191001-csv/3975#51722426>				<https://panlex.org/snapshot/panlex-20191001-csv/3975#51722388>		"màlùndì-"@hts	
"來"@och	<https://panlex.org/snapshot/panlex-20191001-csv/3975#51722726>				<https://panlex.org/snapshot/panlex-20191001-csv/3975#51722655>		"ʒá-ʔà"@hts	
"曰"@och	<https://panlex.org/snapshot/panlex-20191001-csv/3975#51730702>				<https://panlex.org/snapshot/panlex-20191001-csv/3975#51730642>		"ɦè-"@hts	
"犬"@och	<https://panlex.org/snapshot/panlex-20191001-csv/3975#51723051>				<https://panlex.org/snapshot/panlex-20191001-csv/3975#51722993>		"ǀǀáʔànò-wà"@hts	
"一"@och	<https://panlex.org/snapshot/panlex-20191001-csv/3975#51729607>				<https://panlex.org/snapshot/panlex-20191001-csv/3975#51729553>		"ʔì=čámè-yà"@hts	
"見"@och	<https://panlex.org/snapshot/panlex-20191001-csv/3975#51730873>				<https://panlex.org/snapshot/panlex-20191001-csv/3975#51730804>		"ǀˈì-yé-ʔ"@hts	
"黑"@och	<https://panlex.org/snapshot/panlex-20191001-csv/3975#51721598>				<https://panlex.org/snapshot/panlex-20191001-csv/3975#51721552>		"tíčʼì-yé-yà"@hts	
"日"@och	<https://panlex.org/snapshot/panlex-20191001-csv/3975#51732344>				<https://panlex.org/snapshot/panlex-20191001-csv/3975#51732283>		"ʔì=šó-wà-kʰò"@hts	
"葉"@och	<https://panlex.org/snapshot/panlex-20191001-csv/3975#51727141>				<https://panlex.org/snapshot/panlex-20191001-csv/3975#51727095>		"ɦá=cʼàpʰì-pʰì"@hts	
"爪"@och	<https://panlex.org/snapshot/panlex-20191001-csv/3975#51722300>				<https://panlex.org/snapshot/panlex-20191001-csv/3975#51722253>		"baɬu-ko"@hts	
"重"@och	<https://panlex.org/snapshot/panlex-20191001-csv/3975#51735359>				<https://panlex.org/snapshot/panlex-20191001-csv/3975#51735322>		"ɳǀapane-"@hts	
"青"@och	<https://panlex.org/snapshot/panlex-20191001-csv/3975#51725501>				<https://panlex.org/snapshot/panlex-20191001-csv/3975#51725463>		"ɳǀǀáwéčʼˈè-nè"@hts	
"膚"@och	<https://panlex.org/snapshot/panlex-20191001-csv/3975#51731317>				<https://panlex.org/snapshot/panlex-20191001-csv/3975#51731257>		"ʔá=ɦˈú-wà"@hts	
"歲"@och	<https://panlex.org/snapshot/panlex-20191001-csv/3975#51736439>				<https://panlex.org/snapshot/panlex-20191001-csv/3975#51736392>		"ŋwaka"@hts	
"沙"@och	<https://panlex.org/snapshot/panlex-20191001-csv/3975#51730546>				<https://panlex.org/snapshot/panlex-20191001-csv/3975#51730500>		"cʼawa-pe"@hts	
"魚"@och	<https://panlex.org/snapshot/panlex-20191001-csv/3975#51724677>				<https://panlex.org/snapshot/panlex-20191001-csv/3975#51724633>		"ǀʼàmá-à"@hts	
"不"@och	<https://panlex.org/snapshot/panlex-20191001-csv/3975#51729444>				<https://panlex.org/snapshot/panlex-20191001-csv/3975#51729383>		"ʔakw-"@hts	
"尾"@och	<https://panlex.org/snapshot/panlex-20191001-csv/3975#51732613>				<https://panlex.org/snapshot/panlex-20191001-csv/3975#51732563>		"cʼáɦˈó-wà"@hts	
"余"@och	<https://panlex.org/snapshot/panlex-20191001-csv/3975#51726555>				<https://panlex.org/snapshot/panlex-20191001-csv/3975#51726482>		"ʔono"@hts	
"脂"@och	<https://panlex.org/snapshot/panlex-20191001-csv/3975#51724258>				<https://panlex.org/snapshot/panlex-20191001-csv/3975#51724204>		"ɦì=cʼá-pʰè"@hts	
"長"@och	<https://panlex.org/snapshot/panlex-20191001-csv/3975#51727571>				<https://panlex.org/snapshot/panlex-20191001-csv/3975#51727530>		"tʰàsé-yà"@hts	
"齒"@och	<https://panlex.org/snapshot/panlex-20191001-csv/3975#51733371>				<https://panlex.org/snapshot/panlex-20191001-csv/3975#51733316>		"ʔá=ɦá-pʰè"@hts	
"短"@och	<https://panlex.org/snapshot/panlex-20191001-csv/3975#51735771>				<https://panlex.org/snapshot/panlex-20191001-csv/3975#51735727>		"ǀʼìcʼé-yà"@hts	
"立"@och	<https://panlex.org/snapshot/panlex-20191001-csv/3975#51731900>				<https://panlex.org/snapshot/panlex-20191001-csv/3975#51731856>		"ʔìkà-"@hts	
"耳"@och	<https://panlex.org/snapshot/panlex-20191001-csv/3975#51723502>				<https://panlex.org/snapshot/panlex-20191001-csv/3975#51723450>		"ɦà=čʼàpìčʼì-kʰò"@hts	
"角"@och	<https://panlex.org/snapshot/panlex-20191001-csv/3975#51726382>				<https://panlex.org/snapshot/panlex-20191001-csv/3975#51726339>		"lòʔò-pʰè"@hts	
"心"@och	<https://panlex.org/snapshot/panlex-20191001-csv/3975#51726249>				<https://panlex.org/snapshot/panlex-20191001-csv/3975#51726200>		"ŋkólò-wà-kʰò"@hts	
"山"@och	<https://panlex.org/snapshot/panlex-20191001-csv/3975#51728408>				<https://panlex.org/snapshot/panlex-20191001-csv/3975#51728374>		"ǀǀʼùƛʼè-yà"@hts	
"殺"@och	<https://panlex.org/snapshot/panlex-20191001-csv/3975#51726721>				<https://panlex.org/snapshot/panlex-20191001-csv/3975#51726672>		"ǀǀˈó-wè-ʔ"@hts	
"我"@och	<https://panlex.org/snapshot/panlex-20191001-csv/3975#51734346>				<https://panlex.org/snapshot/panlex-20191001-csv/3975#51734267>		"u-"@hts	
"我"@och	<https://panlex.org/snapshot/panlex-20191001-csv/3975#51726553>				<https://panlex.org/snapshot/panlex-20191001-csv/3975#51726482>		"ʔono"@hts	
"趾"@och	<https://panlex.org/snapshot/panlex-20191001-csv/3975#51724956>				<https://panlex.org/snapshot/panlex-20191001-csv/3975#51724904>		"ʔú=pʰúkʰwà-à"@hts	
"寒"@och	<https://panlex.org/snapshot/panlex-20191001-csv/3975#51722556>				<https://panlex.org/snapshot/panlex-20191001-csv/3975#51722511>		"ɳǀǀàƛʼˈá-nè-yà"@hts	
"小"@och	<https://panlex.org/snapshot/panlex-20191001-csv/3975#51731615>				<https://panlex.org/snapshot/panlex-20191001-csv/3975#51731568>		"kʼùmì-"@hts	
"鳥"@och	<https://panlex.org/snapshot/panlex-20191001-csv/3975#51721325>				<https://panlex.org/snapshot/panlex-20191001-csv/3975#51721272>		"tʰítʰí-"@hts	
"黃"@och	<https://panlex.org/snapshot/panlex-20191001-csv/3975#51735101>				<https://panlex.org/snapshot/panlex-20191001-csv/3975#51735061>		"nayo-wa"@hts	
"率"@och	<https://panlex.org/snapshot/panlex-20191001-csv/3975#51720639>				<https://panlex.org/snapshot/panlex-20191001-csv/3975#51720591>		"wáʔìná-mà"@hts	
"畀"@och	<https://panlex.org/snapshot/panlex-20191001-csv/3975#51725227>				<https://panlex.org/snapshot/panlex-20191001-csv/3975#51725168>		"kwà-"@hts	
"首"@och	<https://panlex.org/snapshot/panlex-20191001-csv/3975#51725948>				<https://panlex.org/snapshot/panlex-20191001-csv/3975#51725893>		"ƛómà-à-kʰò"@hts	
"乾"@och	<https://panlex.org/snapshot/panlex-20191001-csv/3975#51723358>				<https://panlex.org/snapshot/panlex-20191001-csv/3975#51723311>		"ǀǀʼape"@hts	
"邇"@och	<https://panlex.org/snapshot/panlex-20191001-csv/3975#51735497>				<https://panlex.org/snapshot/panlex-20191001-csv/3975#51735453>		"kupa-na"@hts	
"領"@och	<https://panlex.org/snapshot/panlex-20191001-csv/3975#51728835>				<https://panlex.org/snapshot/panlex-20191001-csv/3975#51728792>		"ǀútì-yà"@hts	
"血"@och	<https://panlex.org/snapshot/panlex-20191001-csv/3975#51721744>				<https://panlex.org/snapshot/panlex-20191001-csv/3975#51721693>		"ʔá=tʰàmˈá-à"@hts	
"鼻"@och	<https://panlex.org/snapshot/panlex-20191001-csv/3975#51729279>				<https://panlex.org/snapshot/panlex-20191001-csv/3975#51729221>		"ʔì=ntʰàwè-"@hts	
"月"@och	<https://panlex.org/snapshot/panlex-20191001-csv/3975#51728290>				<https://panlex.org/snapshot/panlex-20191001-csv/3975#51728239>		"sˈétʰà-à"@hts	
"蛇"@och	<https://panlex.org/snapshot/panlex-20191001-csv/3975#51735914>				<https://panlex.org/snapshot/panlex-20191001-csv/3975#51735860>		"ʔì=yátù-pʰì"@hts	
"盈"@och	<https://panlex.org/snapshot/panlex-20191001-csv/3975#51725079>				<https://panlex.org/snapshot/panlex-20191001-csv/3975#51725046>		"ǀʼósò-ʔò"@hts	
"往"@och	<https://panlex.org/snapshot/panlex-20191001-csv/3975#51733837>				<https://panlex.org/snapshot/panlex-20191001-csv/3975#51733780>		"hàká-ʔà"@hts	
"目"@och	<https://panlex.org/snapshot/panlex-20191001-csv/3975#51724113>				<https://panlex.org/snapshot/panlex-20191001-csv/3975#51724054>		"ʔà=kʰwá-à-kʰò"@hts	
"土"@och	<https://panlex.org/snapshot/panlex-20191001-csv/3975#51723645>				<https://panlex.org/snapshot/panlex-20191001-csv/3975#51723597>		"yámùʔˈá-à"@hts	
"熏"@och	<https://panlex.org/snapshot/panlex-20191001-csv/3975#51731762>				<https://panlex.org/snapshot/panlex-20191001-csv/3975#51731709>		"cʼìkʼó-wà"@hts	
"飛"@och	<https://panlex.org/snapshot/panlex-20191001-csv/3975#51724813>				<https://panlex.org/snapshot/panlex-20191001-csv/3975#51724766>		"hukwa"@hts	
"飲"@och	<https://panlex.org/snapshot/panlex-20191001-csv/3975#51723213>				<https://panlex.org/snapshot/panlex-20191001-csv/3975#51723150>		"fá-ʔà"@hts	
"夜"@och	<https://panlex.org/snapshot/panlex-20191001-csv/3975#51729122>				<https://panlex.org/snapshot/panlex-20191001-csv/3975#51729063>		"cʼìfì-yà"@hts	
"肉"@och	<https://panlex.org/snapshot/panlex-20191001-csv/3975#51728141>				<https://panlex.org/snapshot/panlex-20191001-csv/3975#51728084>		"màná-à-kʰò"@hts	
"死"@och	<https://panlex.org/snapshot/panlex-20191001-csv/3975#51722896>				<https://panlex.org/snapshot/panlex-20191001-csv/3975#51722839>		"tàǀǀʼì-ʔì̥"@hts	
"膺"@och	<https://panlex.org/snapshot/panlex-20191001-csv/3975#51722020>				<https://panlex.org/snapshot/panlex-20191001-csv/3975#51721975>		"ɦo=čʼo-pe"@hts	
"遠"@och	<https://panlex.org/snapshot/panlex-20191001-csv/3975#51735233>				<https://panlex.org/snapshot/panlex-20191001-csv/3975#51735198>		"ʔiča"@hts	
"夫"@och	<https://panlex.org/snapshot/panlex-20191001-csv/3975#51727845>				<https://panlex.org/snapshot/panlex-20191001-csv/3975#51727790>		"ɬèmé-yà"@hts	
"多"@och	<https://panlex.org/snapshot/panlex-20191001-csv/3975#51727986>				<https://panlex.org/snapshot/panlex-20191001-csv/3975#51727938>		"luƛʼuʔe"@hts	
"木"@och	<https://panlex.org/snapshot/panlex-20191001-csv/3975#51733518>				<https://panlex.org/snapshot/panlex-20191001-csv/3975#51733465>		"cʼìtí-yà"@hts	
"誰"@och	<https://panlex.org/snapshot/panlex-20191001-csv/3975#51734795>				<https://panlex.org/snapshot/panlex-20191001-csv/3975#51734747>		"ta-"@hts	
"薄"@och	<https://panlex.org/snapshot/panlex-20191001-csv/3975#51736045>				<https://panlex.org/snapshot/panlex-20191001-csv/3975#51736003>		"ɳǀolowi"@hts	
"手"@och	<https://panlex.org/snapshot/panlex-20191001-csv/3975#51725791>				<https://panlex.org/snapshot/panlex-20191001-csv/3975#51725742>		"ʔù=kʰwˈà-pʰì"@hts	
"彼"@och	<https://panlex.org/snapshot/panlex-20191001-csv/3975#51732768>				<https://panlex.org/snapshot/panlex-20191001-csv/3975#51732715>		"bV-"@hts	
"彼"@och	<https://panlex.org/snapshot/panlex-20191001-csv/3975#51732768>				<https://panlex.org/snapshot/panlex-20191001-csv/3975#51732716>		"na"@hts	
"女"@och	<https://panlex.org/snapshot/panlex-20191001-csv/3975#51734967>				<https://panlex.org/snapshot/panlex-20191001-csv/3975#51734906>		"ʔá=kʰwìtí-yà-kʰò"@hts	
"舌"@och	<https://panlex.org/snapshot/panlex-20191001-csv/3975#51733215>				<https://panlex.org/snapshot/panlex-20191001-csv/3975#51733163>		"ɳǀˈátà-à"@hts	
"好"@och	<https://panlex.org/snapshot/panlex-20191001-csv/3975#51725378>				<https://panlex.org/snapshot/panlex-20191001-csv/3975#51725330>		"cʼìʔèʔè-nà"@hts	
"白"@och	<https://panlex.org/snapshot/panlex-20191001-csv/3975#51734656>				<https://panlex.org/snapshot/panlex-20191001-csv/3975#51734621>		"pèƛʼáì-yà"@hts	
"大"@och	<https://panlex.org/snapshot/panlex-20191001-csv/3975#51721173>				<https://panlex.org/snapshot/panlex-20191001-csv/3975#51721132>		"pákàpàʔá-à"@hts	
"焚"@och	<https://panlex.org/snapshot/panlex-20191001-csv/3975#51722163>				<https://panlex.org/snapshot/panlex-20191001-csv/3975#51722114>		"mùlì-"@hts	
"羽"@och	<https://panlex.org/snapshot/panlex-20191001-csv/3975#51724385>				<https://panlex.org/snapshot/panlex-20191001-csv/3975#51724342>		"ɦai-ya-ko"@hts	
"聞"@och	<https://panlex.org/snapshot/panlex-20191001-csv/3975#51726109>				<https://panlex.org/snapshot/panlex-20191001-csv/3975#51726046>		"ɳǀǀˈáʔè-ʔ"@hts	
"食"@och	<https://panlex.org/snapshot/panlex-20191001-csv/3975#51723813>				<https://panlex.org/snapshot/panlex-20191001-csv/3975#51723748>		"sémè-ʔè"@hts	
"髮"@och	<https://panlex.org/snapshot/panlex-20191001-csv/3975#51725643>				<https://panlex.org/snapshot/panlex-20191001-csv/3975#51725588>		"ɦˈá=ƛʼé-pʰè"@hts	
"水"@och	<https://panlex.org/snapshot/panlex-20191001-csv/3975#51734143>				<https://panlex.org/snapshot/panlex-20191001-csv/3975#51734091>		"ʔà=tʰí-pʰì"@hts	
"腹"@och	<https://panlex.org/snapshot/panlex-20191001-csv/3975#51721037>				<https://panlex.org/snapshot/panlex-20191001-csv/3975#51720996>		"ɦo=ča-ko"@hts	
"風"@och	<https://panlex.org/snapshot/panlex-20191001-csv/3975#51736196>				<https://panlex.org/snapshot/panlex-20191001-csv/3975#51736140>		"cʼúčì-pʰì"@hts	
"此"@och	<https://panlex.org/snapshot/panlex-20191001-csv/3975#51732917>				<https://panlex.org/snapshot/panlex-20191001-csv/3975#51732871>		"ha-"@hts	
"口"@och	<https://panlex.org/snapshot/panlex-20191001-csv/3975#51728553>				<https://panlex.org/snapshot/panlex-20191001-csv/3975#51728500>		"ʔá=wànìká-à"@hts	
"汝"@och	<https://panlex.org/snapshot/panlex-20191001-csv/3975#51733059>				<https://panlex.org/snapshot/panlex-20191001-csv/3975#51733013>		"te"@hts	
