"Jezu̇s"@wim	<https://panlex.org/snapshot/panlex-20191001-csv/5947#84595670>				<https://panlex.org/snapshot/panlex-20191001-csv/5947#84595629>		"Jesus"@ilo	
"mjēca"@wim	<https://panlex.org/snapshot/panlex-20191001-csv/5947#84746340>				<https://panlex.org/snapshot/panlex-20191001-csv/5947#84746306>		"Marso"@ilo	
"fjȳtuł"@wim	<https://panlex.org/snapshot/panlex-20191001-csv/5947#84910850>				<https://panlex.org/snapshot/panlex-20191001-csv/5947#84910840>		"kakappat"@ilo	
"minüt"@wim	<https://panlex.org/snapshot/panlex-20191001-csv/5947#84752041>				<https://panlex.org/snapshot/panlex-20191001-csv/5947#84752025>		"minuto"@ilo	
"minüt"@wim	<https://panlex.org/snapshot/panlex-20191001-csv/5947#84752041>				<https://panlex.org/snapshot/panlex-20191001-csv/5947#84752026>		"daras"@ilo	
"september"@wim	<https://panlex.org/snapshot/panlex-20191001-csv/5947#84888409>				<https://panlex.org/snapshot/panlex-20191001-csv/5947#84888357>		"Settiembre"@ilo	
