"Mîrzayê Biçûk"@kmr	<https://panlex.org/snapshot/panlex-20191001-csv/6710#111083011>				<https://panlex.org/snapshot/panlex-20191001-csv/6710#111083106>		"Agldun amẓẓan"@jbn	
"Mîrzayê Biçûk"@kmr	<https://panlex.org/snapshot/panlex-20191001-csv/6710#111083011>				<https://panlex.org/snapshot/panlex-20191001-csv/6710#111083015>		"ⴰⴳⵍⴷⵓⵏ ⴰⵎⵥⵥⴰⵏ"@jbn	
"zanist"@kmr	<https://panlex.org/snapshot/panlex-20191001-csv/2904#111024256>				<https://panlex.org/snapshot/panlex-20191001-csv/2904#111024297>		"ⵜⵓⵙⵙⵏⴰ"@jbn	
"zanist"@kmr	<https://panlex.org/snapshot/panlex-20191001-csv/2904#111024256>				<https://panlex.org/snapshot/panlex-20191001-csv/2904#111024248>		"tussna"@jbn	
"tarîx"@kmr	<https://panlex.org/snapshot/panlex-20191001-csv/2904#111022914>				<https://panlex.org/snapshot/panlex-20191001-csv/2904#111023034>		"ⴰⵎⴻⵣⵔⵓⵢ"@jbn	
"tarîx"@kmr	<https://panlex.org/snapshot/panlex-20191001-csv/2904#111022914>				<https://panlex.org/snapshot/panlex-20191001-csv/2904#111022856>		"amezruy"@jbn	
"biyolojî"@kmr	<https://panlex.org/snapshot/panlex-20191001-csv/2904#111022332>				<https://panlex.org/snapshot/panlex-20191001-csv/2904#111022323>		"tasnuddirt"@jbn	
"biyolojî"@kmr	<https://panlex.org/snapshot/panlex-20191001-csv/2904#111022332>				<https://panlex.org/snapshot/panlex-20191001-csv/2904#111022278>		"ⵜⴰⵙⵏⵓⴷⴷⵉⵔⵜ"@jbn	
"fîzîk"@kmr	<https://panlex.org/snapshot/panlex-20191001-csv/2904#111024078>				<https://panlex.org/snapshot/panlex-20191001-csv/2904#111024069>		"aɣaran"@jbn	
"fîzîk"@kmr	<https://panlex.org/snapshot/panlex-20191001-csv/2904#111024078>				<https://panlex.org/snapshot/panlex-20191001-csv/2904#111024141>		"ⴰⵖⴰⵔⴰⵏ"@jbn	
"hîstorî"@kmr	<https://panlex.org/snapshot/panlex-20191001-csv/2904#111022967>				<https://panlex.org/snapshot/panlex-20191001-csv/2904#111023034>		"ⴰⵎⴻⵣⵔⵓⵢ"@jbn	
"hîstorî"@kmr	<https://panlex.org/snapshot/panlex-20191001-csv/2904#111022967>				<https://panlex.org/snapshot/panlex-20191001-csv/2904#111022856>		"amezruy"@jbn	
"ezmannasî"@kmr	<https://panlex.org/snapshot/panlex-20191001-csv/2904#111022016>				<https://panlex.org/snapshot/panlex-20191001-csv/2904#111021964>		"ⵜⴰⵙⵙⵏⴰⴳⴳⵓⵔⵜ"@jbn	
"ezmannasî"@kmr	<https://panlex.org/snapshot/panlex-20191001-csv/2904#111022016>				<https://panlex.org/snapshot/panlex-20191001-csv/2904#111022052>		"tassnaggurt"@jbn	
"bînasazî"@kmr	<https://panlex.org/snapshot/panlex-20191001-csv/2904#111021838>				<https://panlex.org/snapshot/panlex-20191001-csv/2904#111021821>		"ⵜⴰⵙⴻⴷⴳⴰ"@jbn	
"bînasazî"@kmr	<https://panlex.org/snapshot/panlex-20191001-csv/2904#111021838>				<https://panlex.org/snapshot/panlex-20191001-csv/2904#111021861>		"tasedga"@jbn	
"felsefe"@kmr	<https://panlex.org/snapshot/panlex-20191001-csv/2904#111023822>				<https://panlex.org/snapshot/panlex-20191001-csv/2904#111023790>		"tussna n tedmi"@jbn	
"felsefe"@kmr	<https://panlex.org/snapshot/panlex-20191001-csv/2904#111023822>				<https://panlex.org/snapshot/panlex-20191001-csv/2904#111023855>		"ⵜⵓⵙⵙⵏⴰ ⵏ ⵜⴻⴷⵎⵉ"@jbn	
"dîrok"@kmr	<https://panlex.org/snapshot/panlex-20191001-csv/2904#111022893>				<https://panlex.org/snapshot/panlex-20191001-csv/2904#111023034>		"ⴰⵎⴻⵣⵔⵓⵢ"@jbn	
"dîrok"@kmr	<https://panlex.org/snapshot/panlex-20191001-csv/2904#111022893>				<https://panlex.org/snapshot/panlex-20191001-csv/2904#111022856>		"amezruy"@jbn	
"kîmya"@kmr	<https://panlex.org/snapshot/panlex-20191001-csv/2904#111022528>				<https://panlex.org/snapshot/panlex-20191001-csv/2904#111022382>		"takrura"@jbn	
"kîmya"@kmr	<https://panlex.org/snapshot/panlex-20191001-csv/2904#111022528>				<https://panlex.org/snapshot/panlex-20191001-csv/2904#111022570>		"ⵜⴰⴽⵔⵓⵔⴰ"@jbn	
"tib"@kmr	<https://panlex.org/snapshot/panlex-20191001-csv/2904#111023685>				<https://panlex.org/snapshot/panlex-20191001-csv/2904#111023740>		"ⵜⵓⵊⵊⵢⴰ"@jbn	
"tib"@kmr	<https://panlex.org/snapshot/panlex-20191001-csv/2904#111023685>				<https://panlex.org/snapshot/panlex-20191001-csv/2904#111023676>		"tujjya"@jbn	
"mêjû"@kmr	<https://panlex.org/snapshot/panlex-20191001-csv/2904#111022879>				<https://panlex.org/snapshot/panlex-20191001-csv/2904#111023034>		"ⴰⵎⴻⵣⵔⵓⵢ"@jbn	
"mêjû"@kmr	<https://panlex.org/snapshot/panlex-20191001-csv/2904#111022879>				<https://panlex.org/snapshot/panlex-20191001-csv/2904#111022856>		"amezruy"@jbn	
"erdnîgarî"@kmr	<https://panlex.org/snapshot/panlex-20191001-csv/2904#111022730>				<https://panlex.org/snapshot/panlex-20191001-csv/2904#111022628>		"tirakalt"@jbn	
"erdnîgarî"@kmr	<https://panlex.org/snapshot/panlex-20191001-csv/2904#111022730>				<https://panlex.org/snapshot/panlex-20191001-csv/2904#111022584>		"ⵜⵉⵔⴰⴽⴰⵍⵜ"@jbn	
"ilim"@kmr	<https://panlex.org/snapshot/panlex-20191001-csv/2904#111024251>				<https://panlex.org/snapshot/panlex-20191001-csv/2904#111024297>		"ⵜⵓⵙⵙⵏⴰ"@jbn	
"ilim"@kmr	<https://panlex.org/snapshot/panlex-20191001-csv/2904#111024251>				<https://panlex.org/snapshot/panlex-20191001-csv/2904#111024248>		"tussna"@jbn	
"stêrnasî"@kmr	<https://panlex.org/snapshot/panlex-20191001-csv/2904#111021962>				<https://panlex.org/snapshot/panlex-20191001-csv/2904#111021964>		"ⵜⴰⵙⵙⵏⴰⴳⴳⵓⵔⵜ"@jbn	
"stêrnasî"@kmr	<https://panlex.org/snapshot/panlex-20191001-csv/2904#111021962>				<https://panlex.org/snapshot/panlex-20191001-csv/2904#111022052>		"tassnaggurt"@jbn	
"matematîk"@kmr	<https://panlex.org/snapshot/panlex-20191001-csv/2904#111023473>				<https://panlex.org/snapshot/panlex-20191001-csv/2904#111023329>		"ⵜⵓⵙⵏⴰⴽⵜ"@jbn	
"matematîk"@kmr	<https://panlex.org/snapshot/panlex-20191001-csv/2904#111023473>				<https://panlex.org/snapshot/panlex-20191001-csv/2904#111023334>		"tusnakt"@jbn	
"zanîngeh"@kmr	<https://panlex.org/snapshot/panlex-20191001-csv/2904#111024451>				<https://panlex.org/snapshot/panlex-20191001-csv/2904#111024589>		"ⵜⴰⵙⴷⴰⵡⵉⵜ"@jbn	
"zanîngeh"@kmr	<https://panlex.org/snapshot/panlex-20191001-csv/2904#111024451>				<https://panlex.org/snapshot/panlex-20191001-csv/2904#111024635>		"tasdawit"@jbn	
"coẍrafya"@kmr	<https://panlex.org/snapshot/panlex-20191001-csv/2904#111022634>				<https://panlex.org/snapshot/panlex-20191001-csv/2904#111022628>		"tirakalt"@jbn	
"coẍrafya"@kmr	<https://panlex.org/snapshot/panlex-20191001-csv/2904#111022634>				<https://panlex.org/snapshot/panlex-20191001-csv/2904#111022584>		"ⵜⵉⵔⴰⴽⴰⵍⵜ"@jbn	
"zimannasî"@kmr	<https://panlex.org/snapshot/panlex-20191001-csv/2904#111023290>				<https://panlex.org/snapshot/panlex-20191001-csv/2904#111023220>		"ⵜⴰⵙⵏⵉⵍⴻⵙⵜ"@jbn	
"zimannasî"@kmr	<https://panlex.org/snapshot/panlex-20191001-csv/2904#111023290>				<https://panlex.org/snapshot/panlex-20191001-csv/2904#111023253>		"tasnilest"@jbn	
"astronomî"@kmr	<https://panlex.org/snapshot/panlex-20191001-csv/2904#111021913>				<https://panlex.org/snapshot/panlex-20191001-csv/2904#111021964>		"ⵜⴰⵙⵙⵏⴰⴳⴳⵓⵔⵜ"@jbn	
"astronomî"@kmr	<https://panlex.org/snapshot/panlex-20191001-csv/2904#111021913>				<https://panlex.org/snapshot/panlex-20191001-csv/2904#111022052>		"tassnaggurt"@jbn	
"ашти"@kmr	<https://panlex.org/snapshot/panlex-20191001-csv/2902#111012256>				<https://panlex.org/snapshot/panlex-20191001-csv/2902#111012333>		"ⵜⴰⵍⵡⵉⵜ"@jbn	
"ашти"@kmr	<https://panlex.org/snapshot/panlex-20191001-csv/2902#111012256>				<https://panlex.org/snapshot/panlex-20191001-csv/2902#111012261>		"talwit"@jbn	
"aştî"@kmr	<https://panlex.org/snapshot/panlex-20191001-csv/2902#111012042>				<https://panlex.org/snapshot/panlex-20191001-csv/2902#111012333>		"ⵜⴰⵍⵡⵉⵜ"@jbn	
"aştî"@kmr	<https://panlex.org/snapshot/panlex-20191001-csv/2902#111012042>				<https://panlex.org/snapshot/panlex-20191001-csv/2902#111012261>		"talwit"@jbn	
"Бә’ра Навә’рд"@kmr	<https://panlex.org/snapshot/panlex-20191001-csv/2905#110870271>				<https://panlex.org/snapshot/panlex-20191001-csv/2905#110870453>		"Ilel Agrakal"@jbn	
"Бә’ра Навә’рд"@kmr	<https://panlex.org/snapshot/panlex-20191001-csv/2905#110870271>				<https://panlex.org/snapshot/panlex-20191001-csv/2905#110870284>		"ⵉⵍⴻⵍ ⴰⴳⵔⴰⴽⴰⵍ"@jbn	
"Deryaya Spî"@kmr	<https://panlex.org/snapshot/panlex-20191001-csv/2905#110870339>				<https://panlex.org/snapshot/panlex-20191001-csv/2905#110870453>		"Ilel Agrakal"@jbn	
"Deryaya Spî"@kmr	<https://panlex.org/snapshot/panlex-20191001-csv/2905#110870339>				<https://panlex.org/snapshot/panlex-20191001-csv/2905#110870284>		"ⵉⵍⴻⵍ ⴰⴳⵔⴰⴽⴰⵍ"@jbn	
"Бәһра Навә’рд"@kmr	<https://panlex.org/snapshot/panlex-20191001-csv/2905#110870358>				<https://panlex.org/snapshot/panlex-20191001-csv/2905#110870453>		"Ilel Agrakal"@jbn	
"Бәһра Навә’рд"@kmr	<https://panlex.org/snapshot/panlex-20191001-csv/2905#110870358>				<https://panlex.org/snapshot/panlex-20191001-csv/2905#110870284>		"ⵉⵍⴻⵍ ⴰⴳⵔⴰⴽⴰⵍ"@jbn	
"Бә’ра Медитеране"@kmr	<https://panlex.org/snapshot/panlex-20191001-csv/2905#110870375>				<https://panlex.org/snapshot/panlex-20191001-csv/2905#110870453>		"Ilel Agrakal"@jbn	
"Бә’ра Медитеране"@kmr	<https://panlex.org/snapshot/panlex-20191001-csv/2905#110870375>				<https://panlex.org/snapshot/panlex-20191001-csv/2905#110870284>		"ⵉⵍⴻⵍ ⴰⴳⵔⴰⴽⴰⵍ"@jbn	
"Be’ra Nave’rd"@kmr	<https://panlex.org/snapshot/panlex-20191001-csv/2905#110870341>				<https://panlex.org/snapshot/panlex-20191001-csv/2905#110870453>		"Ilel Agrakal"@jbn	
"Be’ra Nave’rd"@kmr	<https://panlex.org/snapshot/panlex-20191001-csv/2905#110870341>				<https://panlex.org/snapshot/panlex-20191001-csv/2905#110870284>		"ⵉⵍⴻⵍ ⴰⴳⵔⴰⴽⴰⵍ"@jbn	
"Behra Mêdîtêranê"@kmr	<https://panlex.org/snapshot/panlex-20191001-csv/2905#110870368>				<https://panlex.org/snapshot/panlex-20191001-csv/2905#110870453>		"Ilel Agrakal"@jbn	
"Behra Mêdîtêranê"@kmr	<https://panlex.org/snapshot/panlex-20191001-csv/2905#110870368>				<https://panlex.org/snapshot/panlex-20191001-csv/2905#110870284>		"ⵉⵍⴻⵍ ⴰⴳⵔⴰⴽⴰⵍ"@jbn	
"Бәһра Медитеране"@kmr	<https://panlex.org/snapshot/panlex-20191001-csv/2905#110870365>				<https://panlex.org/snapshot/panlex-20191001-csv/2905#110870453>		"Ilel Agrakal"@jbn	
"Бәһра Медитеране"@kmr	<https://panlex.org/snapshot/panlex-20191001-csv/2905#110870365>				<https://panlex.org/snapshot/panlex-20191001-csv/2905#110870284>		"ⵉⵍⴻⵍ ⴰⴳⵔⴰⴽⴰⵍ"@jbn	
"Behra Nave’rd"@kmr	<https://panlex.org/snapshot/panlex-20191001-csv/2905#110870457>				<https://panlex.org/snapshot/panlex-20191001-csv/2905#110870453>		"Ilel Agrakal"@jbn	
"Behra Nave’rd"@kmr	<https://panlex.org/snapshot/panlex-20191001-csv/2905#110870457>				<https://panlex.org/snapshot/panlex-20191001-csv/2905#110870284>		"ⵉⵍⴻⵍ ⴰⴳⵔⴰⴽⴰⵍ"@jbn	
"Deryaya Navîn"@kmr	<https://panlex.org/snapshot/panlex-20191001-csv/2905#110870504>				<https://panlex.org/snapshot/panlex-20191001-csv/2905#110870453>		"Ilel Agrakal"@jbn	
"Deryaya Navîn"@kmr	<https://panlex.org/snapshot/panlex-20191001-csv/2905#110870504>				<https://panlex.org/snapshot/panlex-20191001-csv/2905#110870284>		"ⵉⵍⴻⵍ ⴰⴳⵔⴰⴽⴰⵍ"@jbn	
"Be’ra Mêdîtêranê"@kmr	<https://panlex.org/snapshot/panlex-20191001-csv/2905#110870361>				<https://panlex.org/snapshot/panlex-20191001-csv/2905#110870453>		"Ilel Agrakal"@jbn	
"Be’ra Mêdîtêranê"@kmr	<https://panlex.org/snapshot/panlex-20191001-csv/2905#110870361>				<https://panlex.org/snapshot/panlex-20191001-csv/2905#110870284>		"ⵉⵍⴻⵍ ⴰⴳⵔⴰⴽⴰⵍ"@jbn	
"Gerdûn"@kmr	<https://panlex.org/snapshot/panlex-20191001-csv/2907#110849131>				<https://panlex.org/snapshot/panlex-20191001-csv/2907#110849052>		"Ameɣṛad"@jbn	
"Gerdûn"@kmr	<https://panlex.org/snapshot/panlex-20191001-csv/2907#110849131>				<https://panlex.org/snapshot/panlex-20191001-csv/2907#110848976>		"ⴰⵎⴻⵖⵕⴰⴷ"@jbn	
"dûvstêrk"@kmr	<https://panlex.org/snapshot/panlex-20191001-csv/2907#110849227>				<https://panlex.org/snapshot/panlex-20191001-csv/2907#110849238>		"asmil"@jbn	
"dûvstêrk"@kmr	<https://panlex.org/snapshot/panlex-20191001-csv/2907#110849227>				<https://panlex.org/snapshot/panlex-20191001-csv/2907#110849140>		"ⴰⵙⵎⵉⵍ"@jbn	
"Ptolemeus"@kmr	<https://panlex.org/snapshot/panlex-20191001-csv/2906#111020978>				<https://panlex.org/snapshot/panlex-20191001-csv/2906#111020990>		"ⴱⴰⵟⵍⵎⵢⵓⵙ"@jbn	
"Ptolemeus"@kmr	<https://panlex.org/snapshot/panlex-20191001-csv/2906#111020978>				<https://panlex.org/snapshot/panlex-20191001-csv/2906#111020934>		"Baṭlmyus"@jbn	
"Batlamyûs"@kmr	<https://panlex.org/snapshot/panlex-20191001-csv/2906#111021015>				<https://panlex.org/snapshot/panlex-20191001-csv/2906#111020990>		"ⴱⴰⵟⵍⵎⵢⵓⵙ"@jbn	
"Batlamyûs"@kmr	<https://panlex.org/snapshot/panlex-20191001-csv/2906#111021015>				<https://panlex.org/snapshot/panlex-20191001-csv/2906#111020934>		"Baṭlmyus"@jbn	
"Nîkolaws Kopernîkus"@kmr	<https://panlex.org/snapshot/panlex-20191001-csv/2906#111020746>				<https://panlex.org/snapshot/panlex-20191001-csv/2906#111020682>		"Nikula Kubernik"@jbn	
"Nîkolaws Kopernîkus"@kmr	<https://panlex.org/snapshot/panlex-20191001-csv/2906#111020746>				<https://panlex.org/snapshot/panlex-20191001-csv/2906#111020778>		"ⵏⵉⴽⵓⵍⴰ ⴽⵓⴱⴻⵔⵏⵉⴽ"@jbn	
"чаршәм"@kmr	<https://panlex.org/snapshot/panlex-20191001-csv/2892#110825123>				<https://panlex.org/snapshot/panlex-20191001-csv/2892#110825029>		"ⵜⵓⵇⵣⵉⵜ"@jbn	
"чаршәм"@kmr	<https://panlex.org/snapshot/panlex-20191001-csv/2892#110825123>				<https://panlex.org/snapshot/panlex-20191001-csv/2892#110824906>		"tuqzit"@jbn	
"дӧшәм"@kmr	<https://panlex.org/snapshot/panlex-20191001-csv/2892#110824076>				<https://panlex.org/snapshot/panlex-20191001-csv/2892#110824124>		"ⵜⴰⵙⵉⵜ"@jbn	
"дӧшәм"@kmr	<https://panlex.org/snapshot/panlex-20191001-csv/2892#110824076>				<https://panlex.org/snapshot/panlex-20191001-csv/2892#110824285>		"tasit"@jbn	
"cume’"@kmr	<https://panlex.org/snapshot/panlex-20191001-csv/2892#110825951>				<https://panlex.org/snapshot/panlex-20191001-csv/2892#110825970>		"ⴻⵍⵖⵎⴻⵜ"@jbn	
"cume’"@kmr	<https://panlex.org/snapshot/panlex-20191001-csv/2892#110825951>				<https://panlex.org/snapshot/panlex-20191001-csv/2892#110825835>		"elɣmet"@jbn	
"duşem"@kmr	<https://panlex.org/snapshot/panlex-20191001-csv/2892#110824102>				<https://panlex.org/snapshot/panlex-20191001-csv/2892#110824124>		"ⵜⴰⵙⵉⵜ"@jbn	
"duşem"@kmr	<https://panlex.org/snapshot/panlex-20191001-csv/2892#110824102>				<https://panlex.org/snapshot/panlex-20191001-csv/2892#110824285>		"tasit"@jbn	
"сешәм"@kmr	<https://panlex.org/snapshot/panlex-20191001-csv/2892#110824529>				<https://panlex.org/snapshot/panlex-20191001-csv/2892#110824785>		"ⵜⴻⵛⵜⵔⵉⵜ"@jbn	
"сешәм"@kmr	<https://panlex.org/snapshot/panlex-20191001-csv/2892#110824529>				<https://panlex.org/snapshot/panlex-20191001-csv/2892#110824756>		"tectrit"@jbn	
"щӧмә’"@kmr	<https://panlex.org/snapshot/panlex-20191001-csv/2892#110825961>				<https://panlex.org/snapshot/panlex-20191001-csv/2892#110825970>		"ⴻⵍⵖⵎⴻⵜ"@jbn	
"щӧмә’"@kmr	<https://panlex.org/snapshot/panlex-20191001-csv/2892#110825961>				<https://panlex.org/snapshot/panlex-20191001-csv/2892#110825835>		"elɣmet"@jbn	
"шәми"@kmr	<https://panlex.org/snapshot/panlex-20191001-csv/2892#110826376>				<https://panlex.org/snapshot/panlex-20191001-csv/2892#110826210>		"ⴰⵙⵓⵏⵉⵟ"@jbn	
"шәми"@kmr	<https://panlex.org/snapshot/panlex-20191001-csv/2892#110826376>				<https://panlex.org/snapshot/panlex-20191001-csv/2892#110826436>		"asuniṭ"@jbn	
"înê"@kmr	<https://panlex.org/snapshot/panlex-20191001-csv/2892#110825691>				<https://panlex.org/snapshot/panlex-20191001-csv/2892#110825970>		"ⴻⵍⵖⵎⴻⵜ"@jbn	
"înê"@kmr	<https://panlex.org/snapshot/panlex-20191001-csv/2892#110825691>				<https://panlex.org/snapshot/panlex-20191001-csv/2892#110825835>		"elɣmet"@jbn	
"пенщшәм"@kmr	<https://panlex.org/snapshot/panlex-20191001-csv/2892#110825402>				<https://panlex.org/snapshot/panlex-20191001-csv/2892#110825289>		"asmis"@jbn	
"пенщшәм"@kmr	<https://panlex.org/snapshot/panlex-20191001-csv/2892#110825402>				<https://panlex.org/snapshot/panlex-20191001-csv/2892#110825377>		"ⴰⵙⵎⵉⵙ"@jbn	
"sêşem"@kmr	<https://panlex.org/snapshot/panlex-20191001-csv/2892#110824543>				<https://panlex.org/snapshot/panlex-20191001-csv/2892#110824785>		"ⵜⴻⵛⵜⵔⵉⵜ"@jbn	
"sêşem"@kmr	<https://panlex.org/snapshot/panlex-20191001-csv/2892#110824543>				<https://panlex.org/snapshot/panlex-20191001-csv/2892#110824756>		"tectrit"@jbn	
"în"@kmr	<https://panlex.org/snapshot/panlex-20191001-csv/2892#110825894>				<https://panlex.org/snapshot/panlex-20191001-csv/2892#110825970>		"ⴻⵍⵖⵎⴻⵜ"@jbn	
"în"@kmr	<https://panlex.org/snapshot/panlex-20191001-csv/2892#110825894>				<https://panlex.org/snapshot/panlex-20191001-csv/2892#110825835>		"elɣmet"@jbn	
"şemî"@kmr	<https://panlex.org/snapshot/panlex-20191001-csv/2892#110826398>				<https://panlex.org/snapshot/panlex-20191001-csv/2892#110826210>		"ⴰⵙⵓⵏⵉⵟ"@jbn	
"şemî"@kmr	<https://panlex.org/snapshot/panlex-20191001-csv/2892#110826398>				<https://panlex.org/snapshot/panlex-20191001-csv/2892#110826436>		"asuniṭ"@jbn	
"р’ожа базаре"@kmr	<https://panlex.org/snapshot/panlex-20191001-csv/2892#110826656>				<https://panlex.org/snapshot/panlex-20191001-csv/2892#110827036>		"ⵜⵓⴶⵉⵜ"@jbn	
"р’ожа базаре"@kmr	<https://panlex.org/snapshot/panlex-20191001-csv/2892#110826656>				<https://panlex.org/snapshot/panlex-20191001-csv/2892#110826850>		"tujit"@jbn	
"ине"@kmr	<https://panlex.org/snapshot/panlex-20191001-csv/2892#110825768>				<https://panlex.org/snapshot/panlex-20191001-csv/2892#110825970>		"ⴻⵍⵖⵎⴻⵜ"@jbn	
"ине"@kmr	<https://panlex.org/snapshot/panlex-20191001-csv/2892#110825768>				<https://panlex.org/snapshot/panlex-20191001-csv/2892#110825835>		"elɣmet"@jbn	
"pêncşem"@kmr	<https://panlex.org/snapshot/panlex-20191001-csv/2892#110825530>				<https://panlex.org/snapshot/panlex-20191001-csv/2892#110825289>		"asmis"@jbn	
"pêncşem"@kmr	<https://panlex.org/snapshot/panlex-20191001-csv/2892#110825530>				<https://panlex.org/snapshot/panlex-20191001-csv/2892#110825377>		"ⴰⵙⵎⵉⵙ"@jbn	
"ṟoja bazarê"@kmr	<https://panlex.org/snapshot/panlex-20191001-csv/2892#110826620>				<https://panlex.org/snapshot/panlex-20191001-csv/2892#110827036>		"ⵜⵓⴶⵉⵜ"@jbn	
"ṟoja bazarê"@kmr	<https://panlex.org/snapshot/panlex-20191001-csv/2892#110826620>				<https://panlex.org/snapshot/panlex-20191001-csv/2892#110826850>		"tujit"@jbn	
"yekşem"@kmr	<https://panlex.org/snapshot/panlex-20191001-csv/2892#110826815>				<https://panlex.org/snapshot/panlex-20191001-csv/2892#110827036>		"ⵜⵓⴶⵉⵜ"@jbn	
"yekşem"@kmr	<https://panlex.org/snapshot/panlex-20191001-csv/2892#110826815>				<https://panlex.org/snapshot/panlex-20191001-csv/2892#110826850>		"tujit"@jbn	
"çarşem"@kmr	<https://panlex.org/snapshot/panlex-20191001-csv/2892#110825031>				<https://panlex.org/snapshot/panlex-20191001-csv/2892#110825029>		"ⵜⵓⵇⵣⵉⵜ"@jbn	
"çarşem"@kmr	<https://panlex.org/snapshot/panlex-20191001-csv/2892#110825031>				<https://panlex.org/snapshot/panlex-20191001-csv/2892#110824906>		"tuqzit"@jbn	
"şivat"@kmr	<https://panlex.org/snapshot/panlex-20191001-csv/2897#110827522>				<https://panlex.org/snapshot/panlex-20191001-csv/2897#110827763>		"fuṛaṛ"@jbn	
"şivat"@kmr	<https://panlex.org/snapshot/panlex-20191001-csv/2897#110827522>				<https://panlex.org/snapshot/panlex-20191001-csv/2897#110827820>		"ⴼⵓⵕⴰⵕ"@jbn	
"maî"@kmr	<https://panlex.org/snapshot/panlex-20191001-csv/2897#110829016>				<https://panlex.org/snapshot/panlex-20191001-csv/2897#110828934>		"ⵎⴰⵢⵓ"@jbn	
"maî"@kmr	<https://panlex.org/snapshot/panlex-20191001-csv/2897#110829016>				<https://panlex.org/snapshot/panlex-20191001-csv/2897#110828781>		"mayu"@jbn	
"маи"@kmr	<https://panlex.org/snapshot/panlex-20191001-csv/2897#110828785>				<https://panlex.org/snapshot/panlex-20191001-csv/2897#110828934>		"ⵎⴰⵢⵓ"@jbn	
"маи"@kmr	<https://panlex.org/snapshot/panlex-20191001-csv/2897#110828785>				<https://panlex.org/snapshot/panlex-20191001-csv/2897#110828781>		"mayu"@jbn	
"чьрийа пешьн"@kmr	<https://panlex.org/snapshot/panlex-20191001-csv/2897#110830770>				<https://panlex.org/snapshot/panlex-20191001-csv/2897#110830963>		"tubeṛ"@jbn	
"чьрийа пешьн"@kmr	<https://panlex.org/snapshot/panlex-20191001-csv/2897#110830770>				<https://panlex.org/snapshot/panlex-20191001-csv/2897#110831056>		"ⵜⵓⴱⴻⵕ"@jbn	
"апрел"@kmr	<https://panlex.org/snapshot/panlex-20191001-csv/2897#110828343>				<https://panlex.org/snapshot/panlex-20191001-csv/2897#110828521>		"ⵢⴻⴱⵔⵉⵔ"@jbn	
"апрел"@kmr	<https://panlex.org/snapshot/panlex-20191001-csv/2897#110828343>				<https://panlex.org/snapshot/panlex-20191001-csv/2897#110828574>		"yebrir"@jbn	
"t’ebax"@kmr	<https://panlex.org/snapshot/panlex-20191001-csv/2897#110830031>				<https://panlex.org/snapshot/panlex-20191001-csv/2897#110830214>		"ɣucet"@jbn	
"t’ebax"@kmr	<https://panlex.org/snapshot/panlex-20191001-csv/2897#110830031>				<https://panlex.org/snapshot/panlex-20191001-csv/2897#110830048>		"ⵖⵓⵛⴻⵜ"@jbn	
"kanûna paşî"@kmr	<https://panlex.org/snapshot/panlex-20191001-csv/2897#110827445>				<https://panlex.org/snapshot/panlex-20191001-csv/2897#110827361>		"yenaṛ"@jbn	
"kanûna paşî"@kmr	<https://panlex.org/snapshot/panlex-20191001-csv/2897#110827445>				<https://panlex.org/snapshot/panlex-20191001-csv/2897#110827344>		"ⵢⴻⵏⴰⵕ"@jbn	
"т’әмуз"@kmr	<https://panlex.org/snapshot/panlex-20191001-csv/2897#110829754>				<https://panlex.org/snapshot/panlex-20191001-csv/2897#110829789>		"yulyuz"@jbn	
"т’әмуз"@kmr	<https://panlex.org/snapshot/panlex-20191001-csv/2897#110829754>				<https://panlex.org/snapshot/panlex-20191001-csv/2897#110829671>		"ⵢⵓⵍⵢⵓⵣ"@jbn	
"жуийән"@kmr	<https://panlex.org/snapshot/panlex-20191001-csv/2897#110829430>				<https://panlex.org/snapshot/panlex-20191001-csv/2897#110829259>		"yunyu"@jbn	
"жуийән"@kmr	<https://panlex.org/snapshot/panlex-20191001-csv/2897#110829430>				<https://panlex.org/snapshot/panlex-20191001-csv/2897#110829184>		"ⵢⵓⵏⵢⵓ"@jbn	
"eylul"@kmr	<https://panlex.org/snapshot/panlex-20191001-csv/2897#110830384>				<https://panlex.org/snapshot/panlex-20191001-csv/2897#110830708>		"ⵛⵜⴻⵏⴱⴻⵕ"@jbn	
"eylul"@kmr	<https://panlex.org/snapshot/panlex-20191001-csv/2897#110830384>				<https://panlex.org/snapshot/panlex-20191001-csv/2897#110830575>		"ctenbeṛ"@jbn	
"temûz"@kmr	<https://panlex.org/snapshot/panlex-20191001-csv/2897#110829650>				<https://panlex.org/snapshot/panlex-20191001-csv/2897#110829789>		"yulyuz"@jbn	
"temûz"@kmr	<https://panlex.org/snapshot/panlex-20191001-csv/2897#110829650>				<https://panlex.org/snapshot/panlex-20191001-csv/2897#110829671>		"ⵢⵓⵍⵢⵓⵣ"@jbn	
"kanûna yekemê"@kmr	<https://panlex.org/snapshot/panlex-20191001-csv/2897#110831691>				<https://panlex.org/snapshot/panlex-20191001-csv/2897#110831667>		"ⴷⵉⵊⴻⵏⴱⵉⵔ"@jbn	
"kanûna yekemê"@kmr	<https://panlex.org/snapshot/panlex-20191001-csv/2897#110831691>				<https://panlex.org/snapshot/panlex-20191001-csv/2897#110831561>		"dijenbir"@jbn	
"чьрийа әԝьл"@kmr	<https://panlex.org/snapshot/panlex-20191001-csv/2897#110830931>				<https://panlex.org/snapshot/panlex-20191001-csv/2897#110830963>		"tubeṛ"@jbn	
"чьрийа әԝьл"@kmr	<https://panlex.org/snapshot/panlex-20191001-csv/2897#110830931>				<https://panlex.org/snapshot/panlex-20191001-csv/2897#110831056>		"ⵜⵓⴱⴻⵕ"@jbn	
"адар"@kmr	<https://panlex.org/snapshot/panlex-20191001-csv/2897#110827964>				<https://panlex.org/snapshot/panlex-20191001-csv/2897#110827880>		"mares"@jbn	
"адар"@kmr	<https://panlex.org/snapshot/panlex-20191001-csv/2897#110827964>				<https://panlex.org/snapshot/panlex-20191001-csv/2897#110828063>		"ⵎⴰⵔⴻⵙ"@jbn	
"t’eşrînê sanî"@kmr	<https://panlex.org/snapshot/panlex-20191001-csv/2897#110831349>				<https://panlex.org/snapshot/panlex-20191001-csv/2897#110831464>		"ⵓⵡⴻⵏⴱⵉⵔ"@jbn	
"t’eşrînê sanî"@kmr	<https://panlex.org/snapshot/panlex-20191001-csv/2897#110831349>				<https://panlex.org/snapshot/panlex-20191001-csv/2897#110831493>		"uwenbir"@jbn	
"sêptambr"@kmr	<https://panlex.org/snapshot/panlex-20191001-csv/2897#110830552>				<https://panlex.org/snapshot/panlex-20191001-csv/2897#110830708>		"ⵛⵜⴻⵏⴱⴻⵕ"@jbn	
"sêptambr"@kmr	<https://panlex.org/snapshot/panlex-20191001-csv/2897#110830552>				<https://panlex.org/snapshot/panlex-20191001-csv/2897#110830575>		"ctenbeṛ"@jbn	
"kanûna pêşî"@kmr	<https://panlex.org/snapshot/panlex-20191001-csv/2897#110831680>				<https://panlex.org/snapshot/panlex-20191001-csv/2897#110831667>		"ⴷⵉⵊⴻⵏⴱⵉⵔ"@jbn	
"kanûna pêşî"@kmr	<https://panlex.org/snapshot/panlex-20191001-csv/2897#110831680>				<https://panlex.org/snapshot/panlex-20191001-csv/2897#110831561>		"dijenbir"@jbn	
"jûîyê"@kmr	<https://panlex.org/snapshot/panlex-20191001-csv/2897#110829604>				<https://panlex.org/snapshot/panlex-20191001-csv/2897#110829789>		"yulyuz"@jbn	
"jûîyê"@kmr	<https://panlex.org/snapshot/panlex-20191001-csv/2897#110829604>				<https://panlex.org/snapshot/panlex-20191001-csv/2897#110829671>		"ⵢⵓⵍⵢⵓⵣ"@jbn	
"һ’әзиран"@kmr	<https://panlex.org/snapshot/panlex-20191001-csv/2897#110829321>				<https://panlex.org/snapshot/panlex-20191001-csv/2897#110829259>		"yunyu"@jbn	
"һ’әзиран"@kmr	<https://panlex.org/snapshot/panlex-20191001-csv/2897#110829321>				<https://panlex.org/snapshot/panlex-20191001-csv/2897#110829184>		"ⵢⵓⵏⵢⵓ"@jbn	
"kanûn"@kmr	<https://panlex.org/snapshot/panlex-20191001-csv/2897#110831816>				<https://panlex.org/snapshot/panlex-20191001-csv/2897#110831667>		"ⴷⵉⵊⴻⵏⴱⵉⵔ"@jbn	
"kanûn"@kmr	<https://panlex.org/snapshot/panlex-20191001-csv/2897#110831816>				<https://panlex.org/snapshot/panlex-20191001-csv/2897#110831561>		"dijenbir"@jbn	
"чьрийа сани"@kmr	<https://panlex.org/snapshot/panlex-20191001-csv/2897#110831446>				<https://panlex.org/snapshot/panlex-20191001-csv/2897#110831464>		"ⵓⵡⴻⵏⴱⵉⵔ"@jbn	
"чьрийа сани"@kmr	<https://panlex.org/snapshot/panlex-20191001-csv/2897#110831446>				<https://panlex.org/snapshot/panlex-20191001-csv/2897#110831493>		"uwenbir"@jbn	
"tebax"@kmr	<https://panlex.org/snapshot/panlex-20191001-csv/2897#110830100>				<https://panlex.org/snapshot/panlex-20191001-csv/2897#110830214>		"ɣucet"@jbn	
"tebax"@kmr	<https://panlex.org/snapshot/panlex-20191001-csv/2897#110830100>				<https://panlex.org/snapshot/panlex-20191001-csv/2897#110830048>		"ⵖⵓⵛⴻⵜ"@jbn	
"k’anûna pêşin"@kmr	<https://panlex.org/snapshot/panlex-20191001-csv/2897#110831599>				<https://panlex.org/snapshot/panlex-20191001-csv/2897#110831667>		"ⴷⵉⵊⴻⵏⴱⵉⵔ"@jbn	
"k’anûna pêşin"@kmr	<https://panlex.org/snapshot/panlex-20191001-csv/2897#110831599>				<https://panlex.org/snapshot/panlex-20191001-csv/2897#110831561>		"dijenbir"@jbn	
"çile"@kmr	<https://panlex.org/snapshot/panlex-20191001-csv/2897#110827230>				<https://panlex.org/snapshot/panlex-20191001-csv/2897#110827361>		"yenaṛ"@jbn	
"çile"@kmr	<https://panlex.org/snapshot/panlex-20191001-csv/2897#110827230>				<https://panlex.org/snapshot/panlex-20191001-csv/2897#110827344>		"ⵢⴻⵏⴰⵕ"@jbn	
"t’eşrînê ewil"@kmr	<https://panlex.org/snapshot/panlex-20191001-csv/2897#110830745>				<https://panlex.org/snapshot/panlex-20191001-csv/2897#110830963>		"tubeṛ"@jbn	
"t’eşrînê ewil"@kmr	<https://panlex.org/snapshot/panlex-20191001-csv/2897#110830745>				<https://panlex.org/snapshot/panlex-20191001-csv/2897#110831056>		"ⵜⵓⴱⴻⵕ"@jbn	
"tîrmeh"@kmr	<https://panlex.org/snapshot/panlex-20191001-csv/2897#110829539>				<https://panlex.org/snapshot/panlex-20191001-csv/2897#110829789>		"yulyuz"@jbn	
"tîrmeh"@kmr	<https://panlex.org/snapshot/panlex-20191001-csv/2897#110829539>				<https://panlex.org/snapshot/panlex-20191001-csv/2897#110829671>		"ⵢⵓⵍⵢⵓⵣ"@jbn	
"aprêl"@kmr	<https://panlex.org/snapshot/panlex-20191001-csv/2897#110828362>				<https://panlex.org/snapshot/panlex-20191001-csv/2897#110828521>		"ⵢⴻⴱⵔⵉⵔ"@jbn	
"aprêl"@kmr	<https://panlex.org/snapshot/panlex-20191001-csv/2897#110828362>				<https://panlex.org/snapshot/panlex-20191001-csv/2897#110828574>		"yebrir"@jbn	
"шьват"@kmr	<https://panlex.org/snapshot/panlex-20191001-csv/2897#110827621>				<https://panlex.org/snapshot/panlex-20191001-csv/2897#110827763>		"fuṛaṛ"@jbn	
"шьват"@kmr	<https://panlex.org/snapshot/panlex-20191001-csv/2897#110827621>				<https://panlex.org/snapshot/panlex-20191001-csv/2897#110827820>		"ⴼⵓⵕⴰⵕ"@jbn	
"nîsan"@kmr	<https://panlex.org/snapshot/panlex-20191001-csv/2897#110828372>				<https://panlex.org/snapshot/panlex-20191001-csv/2897#110828521>		"ⵢⴻⴱⵔⵉⵔ"@jbn	
"nîsan"@kmr	<https://panlex.org/snapshot/panlex-20191001-csv/2897#110828372>				<https://panlex.org/snapshot/panlex-20191001-csv/2897#110828574>		"yebrir"@jbn	
"çirîya ewil"@kmr	<https://panlex.org/snapshot/panlex-20191001-csv/2897#110830839>				<https://panlex.org/snapshot/panlex-20191001-csv/2897#110830963>		"tubeṛ"@jbn	
"çirîya ewil"@kmr	<https://panlex.org/snapshot/panlex-20191001-csv/2897#110830839>				<https://panlex.org/snapshot/panlex-20191001-csv/2897#110831056>		"ⵜⵓⴱⴻⵕ"@jbn	
"avgûst"@kmr	<https://panlex.org/snapshot/panlex-20191001-csv/2897#110829949>				<https://panlex.org/snapshot/panlex-20191001-csv/2897#110830214>		"ɣucet"@jbn	
"avgûst"@kmr	<https://panlex.org/snapshot/panlex-20191001-csv/2897#110829949>				<https://panlex.org/snapshot/panlex-20191001-csv/2897#110830048>		"ⵖⵓⵛⴻⵜ"@jbn	
"novambr"@kmr	<https://panlex.org/snapshot/panlex-20191001-csv/2897#110831236>				<https://panlex.org/snapshot/panlex-20191001-csv/2897#110831464>		"ⵓⵡⴻⵏⴱⵉⵔ"@jbn	
"novambr"@kmr	<https://panlex.org/snapshot/panlex-20191001-csv/2897#110831236>				<https://panlex.org/snapshot/panlex-20191001-csv/2897#110831493>		"uwenbir"@jbn	
"илун"@kmr	<https://panlex.org/snapshot/panlex-20191001-csv/2897#110830547>				<https://panlex.org/snapshot/panlex-20191001-csv/2897#110830708>		"ⵛⵜⴻⵏⴱⴻⵕ"@jbn	
"илун"@kmr	<https://panlex.org/snapshot/panlex-20191001-csv/2897#110830547>				<https://panlex.org/snapshot/panlex-20191001-csv/2897#110830575>		"ctenbeṛ"@jbn	
"ayar"@kmr	<https://panlex.org/snapshot/panlex-20191001-csv/2897#110828790>				<https://panlex.org/snapshot/panlex-20191001-csv/2897#110828934>		"ⵎⴰⵢⵓ"@jbn	
"ayar"@kmr	<https://panlex.org/snapshot/panlex-20191001-csv/2897#110828790>				<https://panlex.org/snapshot/panlex-20191001-csv/2897#110828781>		"mayu"@jbn	
"март"@kmr	<https://panlex.org/snapshot/panlex-20191001-csv/2897#110828029>				<https://panlex.org/snapshot/panlex-20191001-csv/2897#110827880>		"mares"@jbn	
"март"@kmr	<https://panlex.org/snapshot/panlex-20191001-csv/2897#110828029>				<https://panlex.org/snapshot/panlex-20191001-csv/2897#110828063>		"ⵎⴰⵔⴻⵙ"@jbn	
"adar"@kmr	<https://panlex.org/snapshot/panlex-20191001-csv/2897#110828240>				<https://panlex.org/snapshot/panlex-20191001-csv/2897#110827880>		"mares"@jbn	
"adar"@kmr	<https://panlex.org/snapshot/panlex-20191001-csv/2897#110828240>				<https://panlex.org/snapshot/panlex-20191001-csv/2897#110828063>		"ⵎⴰⵔⴻⵙ"@jbn	
"jûîyen"@kmr	<https://panlex.org/snapshot/panlex-20191001-csv/2897#110829328>				<https://panlex.org/snapshot/panlex-20191001-csv/2897#110829259>		"yunyu"@jbn	
"jûîyen"@kmr	<https://panlex.org/snapshot/panlex-20191001-csv/2897#110829328>				<https://panlex.org/snapshot/panlex-20191001-csv/2897#110829184>		"ⵢⵓⵏⵢⵓ"@jbn	
"cotmeh"@kmr	<https://panlex.org/snapshot/panlex-20191001-csv/2897#110830978>				<https://panlex.org/snapshot/panlex-20191001-csv/2897#110830963>		"tubeṛ"@jbn	
"cotmeh"@kmr	<https://panlex.org/snapshot/panlex-20191001-csv/2897#110830978>				<https://panlex.org/snapshot/panlex-20191001-csv/2897#110831056>		"ⵜⵓⴱⴻⵕ"@jbn	
"teşrîna yekemê"@kmr	<https://panlex.org/snapshot/panlex-20191001-csv/2897#110830802>				<https://panlex.org/snapshot/panlex-20191001-csv/2897#110830963>		"tubeṛ"@jbn	
"teşrîna yekemê"@kmr	<https://panlex.org/snapshot/panlex-20191001-csv/2897#110830802>				<https://panlex.org/snapshot/panlex-20191001-csv/2897#110831056>		"ⵜⵓⴱⴻⵕ"@jbn	
"k’anûna paşin"@kmr	<https://panlex.org/snapshot/panlex-20191001-csv/2897#110827261>				<https://panlex.org/snapshot/panlex-20191001-csv/2897#110827361>		"yenaṛ"@jbn	
"k’anûna paşin"@kmr	<https://panlex.org/snapshot/panlex-20191001-csv/2897#110827261>				<https://panlex.org/snapshot/panlex-20191001-csv/2897#110827344>		"ⵢⴻⵏⴰⵕ"@jbn	
"август"@kmr	<https://panlex.org/snapshot/panlex-20191001-csv/2897#110830303>				<https://panlex.org/snapshot/panlex-20191001-csv/2897#110830214>		"ɣucet"@jbn	
"август"@kmr	<https://panlex.org/snapshot/panlex-20191001-csv/2897#110830303>				<https://panlex.org/snapshot/panlex-20191001-csv/2897#110830048>		"ⵖⵓⵛⴻⵜ"@jbn	
"т’әшрине сани"@kmr	<https://panlex.org/snapshot/panlex-20191001-csv/2897#110831299>				<https://panlex.org/snapshot/panlex-20191001-csv/2897#110831464>		"ⵓⵡⴻⵏⴱⵉⵔ"@jbn	
"т’әшрине сани"@kmr	<https://panlex.org/snapshot/panlex-20191001-csv/2897#110831299>				<https://panlex.org/snapshot/panlex-20191001-csv/2897#110831493>		"uwenbir"@jbn	
"sibat"@kmr	<https://panlex.org/snapshot/panlex-20191001-csv/2897#110827724>				<https://panlex.org/snapshot/panlex-20191001-csv/2897#110827763>		"fuṛaṛ"@jbn	
"sibat"@kmr	<https://panlex.org/snapshot/panlex-20191001-csv/2897#110827724>				<https://panlex.org/snapshot/panlex-20191001-csv/2897#110827820>		"ⴼⵓⵕⴰⵕ"@jbn	
"десамбр"@kmr	<https://panlex.org/snapshot/panlex-20191001-csv/2897#110831616>				<https://panlex.org/snapshot/panlex-20191001-csv/2897#110831667>		"ⴷⵉⵊⴻⵏⴱⵉⵔ"@jbn	
"десамбр"@kmr	<https://panlex.org/snapshot/panlex-20191001-csv/2897#110831616>				<https://panlex.org/snapshot/panlex-20191001-csv/2897#110831561>		"dijenbir"@jbn	
"т’әбах"@kmr	<https://panlex.org/snapshot/panlex-20191001-csv/2897#110830252>				<https://panlex.org/snapshot/panlex-20191001-csv/2897#110830214>		"ɣucet"@jbn	
"т’әбах"@kmr	<https://panlex.org/snapshot/panlex-20191001-csv/2897#110830252>				<https://panlex.org/snapshot/panlex-20191001-csv/2897#110830048>		"ⵖⵓⵛⴻⵜ"@jbn	
"tîrme"@kmr	<https://panlex.org/snapshot/panlex-20191001-csv/2897#110829832>				<https://panlex.org/snapshot/panlex-20191001-csv/2897#110829789>		"yulyuz"@jbn	
"tîrme"@kmr	<https://panlex.org/snapshot/panlex-20191001-csv/2897#110829832>				<https://panlex.org/snapshot/panlex-20191001-csv/2897#110829671>		"ⵢⵓⵍⵢⵓⵣ"@jbn	
"октобр"@kmr	<https://panlex.org/snapshot/panlex-20191001-csv/2897#110831132>				<https://panlex.org/snapshot/panlex-20191001-csv/2897#110830963>		"tubeṛ"@jbn	
"октобр"@kmr	<https://panlex.org/snapshot/panlex-20191001-csv/2897#110831132>				<https://panlex.org/snapshot/panlex-20191001-csv/2897#110831056>		"ⵜⵓⴱⴻⵕ"@jbn	
"илон"@kmr	<https://panlex.org/snapshot/panlex-20191001-csv/2897#110830336>				<https://panlex.org/snapshot/panlex-20191001-csv/2897#110830708>		"ⵛⵜⴻⵏⴱⴻⵕ"@jbn	
"илон"@kmr	<https://panlex.org/snapshot/panlex-20191001-csv/2897#110830336>				<https://panlex.org/snapshot/panlex-20191001-csv/2897#110830575>		"ctenbeṛ"@jbn	
"новамбр"@kmr	<https://panlex.org/snapshot/panlex-20191001-csv/2897#110831433>				<https://panlex.org/snapshot/panlex-20191001-csv/2897#110831464>		"ⵓⵡⴻⵏⴱⵉⵔ"@jbn	
"новамбр"@kmr	<https://panlex.org/snapshot/panlex-20191001-csv/2897#110831433>				<https://panlex.org/snapshot/panlex-20191001-csv/2897#110831493>		"uwenbir"@jbn	
"çirîya paşin"@kmr	<https://panlex.org/snapshot/panlex-20191001-csv/2897#110831527>				<https://panlex.org/snapshot/panlex-20191001-csv/2897#110831464>		"ⵓⵡⴻⵏⴱⵉⵔ"@jbn	
"çirîya paşin"@kmr	<https://panlex.org/snapshot/panlex-20191001-csv/2897#110831527>				<https://panlex.org/snapshot/panlex-20191001-csv/2897#110831493>		"uwenbir"@jbn	
"fêvrîyê"@kmr	<https://panlex.org/snapshot/panlex-20191001-csv/2897#110827844>				<https://panlex.org/snapshot/panlex-20191001-csv/2897#110827763>		"fuṛaṛ"@jbn	
"fêvrîyê"@kmr	<https://panlex.org/snapshot/panlex-20191001-csv/2897#110827844>				<https://panlex.org/snapshot/panlex-20191001-csv/2897#110827820>		"ⴼⵓⵕⴰⵕ"@jbn	
"k’anûna ewil"@kmr	<https://panlex.org/snapshot/panlex-20191001-csv/2897#110831631>				<https://panlex.org/snapshot/panlex-20191001-csv/2897#110831667>		"ⴷⵉⵊⴻⵏⴱⵉⵔ"@jbn	
"k’anûna ewil"@kmr	<https://panlex.org/snapshot/panlex-20191001-csv/2897#110831631>				<https://panlex.org/snapshot/panlex-20191001-csv/2897#110831561>		"dijenbir"@jbn	
"к’ануна пашьн"@kmr	<https://panlex.org/snapshot/panlex-20191001-csv/2897#110827232>				<https://panlex.org/snapshot/panlex-20191001-csv/2897#110827361>		"yenaṛ"@jbn	
"к’ануна пашьн"@kmr	<https://panlex.org/snapshot/panlex-20191001-csv/2897#110827232>				<https://panlex.org/snapshot/panlex-20191001-csv/2897#110827344>		"ⵢⴻⵏⴰⵕ"@jbn	
"ab"@kmr	<https://panlex.org/snapshot/panlex-20191001-csv/2897#110830139>				<https://panlex.org/snapshot/panlex-20191001-csv/2897#110830214>		"ɣucet"@jbn	
"ab"@kmr	<https://panlex.org/snapshot/panlex-20191001-csv/2897#110830139>				<https://panlex.org/snapshot/panlex-20191001-csv/2897#110830048>		"ⵖⵓⵛⴻⵜ"@jbn	
"к’ануна әԝьл"@kmr	<https://panlex.org/snapshot/panlex-20191001-csv/2897#110831622>				<https://panlex.org/snapshot/panlex-20191001-csv/2897#110831667>		"ⴷⵉⵊⴻⵏⴱⵉⵔ"@jbn	
"к’ануна әԝьл"@kmr	<https://panlex.org/snapshot/panlex-20191001-csv/2897#110831622>				<https://panlex.org/snapshot/panlex-20191001-csv/2897#110831561>		"dijenbir"@jbn	
"ḧezîran"@kmr	<https://panlex.org/snapshot/panlex-20191001-csv/2897#110829307>				<https://panlex.org/snapshot/panlex-20191001-csv/2897#110829259>		"yunyu"@jbn	
"ḧezîran"@kmr	<https://panlex.org/snapshot/panlex-20191001-csv/2897#110829307>				<https://panlex.org/snapshot/panlex-20191001-csv/2897#110829184>		"ⵢⵓⵏⵢⵓ"@jbn	
"t’eşrînê paşin"@kmr	<https://panlex.org/snapshot/panlex-20191001-csv/2897#110831363>				<https://panlex.org/snapshot/panlex-20191001-csv/2897#110831464>		"ⵓⵡⴻⵏⴱⵉⵔ"@jbn	
"t’eşrînê paşin"@kmr	<https://panlex.org/snapshot/panlex-20191001-csv/2897#110831363>				<https://panlex.org/snapshot/panlex-20191001-csv/2897#110831493>		"uwenbir"@jbn	
"çirîya sanî"@kmr	<https://panlex.org/snapshot/panlex-20191001-csv/2897#110831200>				<https://panlex.org/snapshot/panlex-20191001-csv/2897#110831464>		"ⵓⵡⴻⵏⴱⵉⵔ"@jbn	
"çirîya sanî"@kmr	<https://panlex.org/snapshot/panlex-20191001-csv/2897#110831200>				<https://panlex.org/snapshot/panlex-20191001-csv/2897#110831493>		"uwenbir"@jbn	
"mart"@kmr	<https://panlex.org/snapshot/panlex-20191001-csv/2897#110828146>				<https://panlex.org/snapshot/panlex-20191001-csv/2897#110827880>		"mares"@jbn	
"mart"@kmr	<https://panlex.org/snapshot/panlex-20191001-csv/2897#110828146>				<https://panlex.org/snapshot/panlex-20191001-csv/2897#110828063>		"ⵎⴰⵔⴻⵙ"@jbn	
"gulan"@kmr	<https://panlex.org/snapshot/panlex-20191001-csv/2897#110828973>				<https://panlex.org/snapshot/panlex-20191001-csv/2897#110828934>		"ⵎⴰⵢⵓ"@jbn	
"gulan"@kmr	<https://panlex.org/snapshot/panlex-20191001-csv/2897#110828973>				<https://panlex.org/snapshot/panlex-20191001-csv/2897#110828781>		"mayu"@jbn	
"сьбат"@kmr	<https://panlex.org/snapshot/panlex-20191001-csv/2897#110827545>				<https://panlex.org/snapshot/panlex-20191001-csv/2897#110827763>		"fuṛaṛ"@jbn	
"сьбат"@kmr	<https://panlex.org/snapshot/panlex-20191001-csv/2897#110827545>				<https://panlex.org/snapshot/panlex-20191001-csv/2897#110827820>		"ⴼⵓⵕⴰⵕ"@jbn	
"т’әшрине әԝьл"@kmr	<https://panlex.org/snapshot/panlex-20191001-csv/2897#110830780>				<https://panlex.org/snapshot/panlex-20191001-csv/2897#110830963>		"tubeṛ"@jbn	
"т’әшрине әԝьл"@kmr	<https://panlex.org/snapshot/panlex-20191001-csv/2897#110830780>				<https://panlex.org/snapshot/panlex-20191001-csv/2897#110831056>		"ⵜⵓⴱⴻⵕ"@jbn	
"çirîya pêşin"@kmr	<https://panlex.org/snapshot/panlex-20191001-csv/2897#110830985>				<https://panlex.org/snapshot/panlex-20191001-csv/2897#110830963>		"tubeṛ"@jbn	
"çirîya pêşin"@kmr	<https://panlex.org/snapshot/panlex-20191001-csv/2897#110830985>				<https://panlex.org/snapshot/panlex-20191001-csv/2897#110831056>		"ⵜⵓⴱⴻⵕ"@jbn	
"janûîyê"@kmr	<https://panlex.org/snapshot/panlex-20191001-csv/2897#110827224>				<https://panlex.org/snapshot/panlex-20191001-csv/2897#110827361>		"yenaṛ"@jbn	
"janûîyê"@kmr	<https://panlex.org/snapshot/panlex-20191001-csv/2897#110827224>				<https://panlex.org/snapshot/panlex-20191001-csv/2897#110827344>		"ⵢⴻⵏⴰⵕ"@jbn	
"k’anûna sanî"@kmr	<https://panlex.org/snapshot/panlex-20191001-csv/2897#110827076>				<https://panlex.org/snapshot/panlex-20191001-csv/2897#110827361>		"yenaṛ"@jbn	
"k’anûna sanî"@kmr	<https://panlex.org/snapshot/panlex-20191001-csv/2897#110827076>				<https://panlex.org/snapshot/panlex-20191001-csv/2897#110827344>		"ⵢⴻⵏⴰⵕ"@jbn	
"hezîran"@kmr	<https://panlex.org/snapshot/panlex-20191001-csv/2897#110829279>				<https://panlex.org/snapshot/panlex-20191001-csv/2897#110829259>		"yunyu"@jbn	
"hezîran"@kmr	<https://panlex.org/snapshot/panlex-20191001-csv/2897#110829279>				<https://panlex.org/snapshot/panlex-20191001-csv/2897#110829184>		"ⵢⵓⵏⵢⵓ"@jbn	
"azar"@kmr	<https://panlex.org/snapshot/panlex-20191001-csv/2897#110828212>				<https://panlex.org/snapshot/panlex-20191001-csv/2897#110827880>		"mares"@jbn	
"azar"@kmr	<https://panlex.org/snapshot/panlex-20191001-csv/2897#110828212>				<https://panlex.org/snapshot/panlex-20191001-csv/2897#110828063>		"ⵎⴰⵔⴻⵙ"@jbn	
"şubat"@kmr	<https://panlex.org/snapshot/panlex-20191001-csv/2897#110827542>				<https://panlex.org/snapshot/panlex-20191001-csv/2897#110827763>		"fuṛaṛ"@jbn	
"şubat"@kmr	<https://panlex.org/snapshot/panlex-20191001-csv/2897#110827542>				<https://panlex.org/snapshot/panlex-20191001-csv/2897#110827820>		"ⴼⵓⵕⴰⵕ"@jbn	
"kanûna duyê"@kmr	<https://panlex.org/snapshot/panlex-20191001-csv/2897#110827371>				<https://panlex.org/snapshot/panlex-20191001-csv/2897#110827361>		"yenaṛ"@jbn	
"kanûna duyê"@kmr	<https://panlex.org/snapshot/panlex-20191001-csv/2897#110827371>				<https://panlex.org/snapshot/panlex-20191001-csv/2897#110827344>		"ⵢⴻⵏⴰⵕ"@jbn	
"жануийе"@kmr	<https://panlex.org/snapshot/panlex-20191001-csv/2897#110827207>				<https://panlex.org/snapshot/panlex-20191001-csv/2897#110827361>		"yenaṛ"@jbn	
"жануийе"@kmr	<https://panlex.org/snapshot/panlex-20191001-csv/2897#110827207>				<https://panlex.org/snapshot/panlex-20191001-csv/2897#110827344>		"ⵢⴻⵏⴰⵕ"@jbn	
"mijdar"@kmr	<https://panlex.org/snapshot/panlex-20191001-csv/2897#110831536>				<https://panlex.org/snapshot/panlex-20191001-csv/2897#110831464>		"ⵓⵡⴻⵏⴱⵉⵔ"@jbn	
"mijdar"@kmr	<https://panlex.org/snapshot/panlex-20191001-csv/2897#110831536>				<https://panlex.org/snapshot/panlex-20191001-csv/2897#110831493>		"uwenbir"@jbn	
"тирмә"@kmr	<https://panlex.org/snapshot/panlex-20191001-csv/2897#110829861>				<https://panlex.org/snapshot/panlex-20191001-csv/2897#110829789>		"yulyuz"@jbn	
"тирмә"@kmr	<https://panlex.org/snapshot/panlex-20191001-csv/2897#110829861>				<https://panlex.org/snapshot/panlex-20191001-csv/2897#110829671>		"ⵢⵓⵍⵢⵓⵣ"@jbn	
"чьрийа пашьн"@kmr	<https://panlex.org/snapshot/panlex-20191001-csv/2897#110831409>				<https://panlex.org/snapshot/panlex-20191001-csv/2897#110831464>		"ⵓⵡⴻⵏⴱⵉⵔ"@jbn	
"чьрийа пашьн"@kmr	<https://panlex.org/snapshot/panlex-20191001-csv/2897#110831409>				<https://panlex.org/snapshot/panlex-20191001-csv/2897#110831493>		"uwenbir"@jbn	
"гӧлан"@kmr	<https://panlex.org/snapshot/panlex-20191001-csv/2897#110828895>				<https://panlex.org/snapshot/panlex-20191001-csv/2897#110828934>		"ⵎⴰⵢⵓ"@jbn	
"гӧлан"@kmr	<https://panlex.org/snapshot/panlex-20191001-csv/2897#110828895>				<https://panlex.org/snapshot/panlex-20191001-csv/2897#110828781>		"mayu"@jbn	
"teşrîna duwemê"@kmr	<https://panlex.org/snapshot/panlex-20191001-csv/2897#110831203>				<https://panlex.org/snapshot/panlex-20191001-csv/2897#110831464>		"ⵓⵡⴻⵏⴱⵉⵔ"@jbn	
"teşrîna duwemê"@kmr	<https://panlex.org/snapshot/panlex-20191001-csv/2897#110831203>				<https://panlex.org/snapshot/panlex-20191001-csv/2897#110831493>		"uwenbir"@jbn	
"жуийе"@kmr	<https://panlex.org/snapshot/panlex-20191001-csv/2897#110829589>				<https://panlex.org/snapshot/panlex-20191001-csv/2897#110829789>		"yulyuz"@jbn	
"жуийе"@kmr	<https://panlex.org/snapshot/panlex-20191001-csv/2897#110829589>				<https://panlex.org/snapshot/panlex-20191001-csv/2897#110829671>		"ⵢⵓⵍⵢⵓⵣ"@jbn	
"к’ануна пешьн"@kmr	<https://panlex.org/snapshot/panlex-20191001-csv/2897#110831867>				<https://panlex.org/snapshot/panlex-20191001-csv/2897#110831667>		"ⴷⵉⵊⴻⵏⴱⵉⵔ"@jbn	
"к’ануна пешьн"@kmr	<https://panlex.org/snapshot/panlex-20191001-csv/2897#110831867>				<https://panlex.org/snapshot/panlex-20191001-csv/2897#110831561>		"dijenbir"@jbn	
"т’әшрине пешьн"@kmr	<https://panlex.org/snapshot/panlex-20191001-csv/2897#110830997>				<https://panlex.org/snapshot/panlex-20191001-csv/2897#110830963>		"tubeṛ"@jbn	
"т’әшрине пешьн"@kmr	<https://panlex.org/snapshot/panlex-20191001-csv/2897#110830997>				<https://panlex.org/snapshot/panlex-20191001-csv/2897#110831056>		"ⵜⵓⴱⴻⵕ"@jbn	
"îlon"@kmr	<https://panlex.org/snapshot/panlex-20191001-csv/2897#110830529>				<https://panlex.org/snapshot/panlex-20191001-csv/2897#110830708>		"ⵛⵜⴻⵏⴱⴻⵕ"@jbn	
"îlon"@kmr	<https://panlex.org/snapshot/panlex-20191001-csv/2897#110830529>				<https://panlex.org/snapshot/panlex-20191001-csv/2897#110830575>		"ctenbeṛ"@jbn	
"нисан"@kmr	<https://panlex.org/snapshot/panlex-20191001-csv/2897#110828570>				<https://panlex.org/snapshot/panlex-20191001-csv/2897#110828521>		"ⵢⴻⴱⵔⵉⵔ"@jbn	
"нисан"@kmr	<https://panlex.org/snapshot/panlex-20191001-csv/2897#110828570>				<https://panlex.org/snapshot/panlex-20191001-csv/2897#110828574>		"yebrir"@jbn	
"к’ануна сани"@kmr	<https://panlex.org/snapshot/panlex-20191001-csv/2897#110827058>				<https://panlex.org/snapshot/panlex-20191001-csv/2897#110827361>		"yenaṛ"@jbn	
"к’ануна сани"@kmr	<https://panlex.org/snapshot/panlex-20191001-csv/2897#110827058>				<https://panlex.org/snapshot/panlex-20191001-csv/2897#110827344>		"ⵢⴻⵏⴰⵕ"@jbn	
"тирмәһ"@kmr	<https://panlex.org/snapshot/panlex-20191001-csv/2897#110829542>				<https://panlex.org/snapshot/panlex-20191001-csv/2897#110829789>		"yulyuz"@jbn	
"тирмәһ"@kmr	<https://panlex.org/snapshot/panlex-20191001-csv/2897#110829542>				<https://panlex.org/snapshot/panlex-20191001-csv/2897#110829671>		"ⵢⵓⵍⵢⵓⵣ"@jbn	
"kanûna ewel"@kmr	<https://panlex.org/snapshot/panlex-20191001-csv/2897#110831556>				<https://panlex.org/snapshot/panlex-20191001-csv/2897#110831667>		"ⴷⵉⵊⴻⵏⴱⵉⵔ"@jbn	
"kanûna ewel"@kmr	<https://panlex.org/snapshot/panlex-20191001-csv/2897#110831556>				<https://panlex.org/snapshot/panlex-20191001-csv/2897#110831561>		"dijenbir"@jbn	
"îlûn"@kmr	<https://panlex.org/snapshot/panlex-20191001-csv/2897#110830360>				<https://panlex.org/snapshot/panlex-20191001-csv/2897#110830708>		"ⵛⵜⴻⵏⴱⴻⵕ"@jbn	
"îlûn"@kmr	<https://panlex.org/snapshot/panlex-20191001-csv/2897#110830360>				<https://panlex.org/snapshot/panlex-20191001-csv/2897#110830575>		"ctenbeṛ"@jbn	
"oktobr"@kmr	<https://panlex.org/snapshot/panlex-20191001-csv/2897#110830955>				<https://panlex.org/snapshot/panlex-20191001-csv/2897#110830963>		"tubeṛ"@jbn	
"oktobr"@kmr	<https://panlex.org/snapshot/panlex-20191001-csv/2897#110830955>				<https://panlex.org/snapshot/panlex-20191001-csv/2897#110831056>		"ⵜⵓⴱⴻⵕ"@jbn	
"септамбр"@kmr	<https://panlex.org/snapshot/panlex-20191001-csv/2897#110830423>				<https://panlex.org/snapshot/panlex-20191001-csv/2897#110830708>		"ⵛⵜⴻⵏⴱⴻⵕ"@jbn	
"септамбр"@kmr	<https://panlex.org/snapshot/panlex-20191001-csv/2897#110830423>				<https://panlex.org/snapshot/panlex-20191001-csv/2897#110830575>		"ctenbeṛ"@jbn	
"феврийе"@kmr	<https://panlex.org/snapshot/panlex-20191001-csv/2897#110827640>				<https://panlex.org/snapshot/panlex-20191001-csv/2897#110827763>		"fuṛaṛ"@jbn	
"феврийе"@kmr	<https://panlex.org/snapshot/panlex-20191001-csv/2897#110827640>				<https://panlex.org/snapshot/panlex-20191001-csv/2897#110827820>		"ⴼⵓⵕⴰⵕ"@jbn	
"t’emûz"@kmr	<https://panlex.org/snapshot/panlex-20191001-csv/2897#110829817>				<https://panlex.org/snapshot/panlex-20191001-csv/2897#110829789>		"yulyuz"@jbn	
"t’emûz"@kmr	<https://panlex.org/snapshot/panlex-20191001-csv/2897#110829817>				<https://panlex.org/snapshot/panlex-20191001-csv/2897#110829671>		"ⵢⵓⵍⵢⵓⵣ"@jbn	
"dêsambr"@kmr	<https://panlex.org/snapshot/panlex-20191001-csv/2897#110831753>				<https://panlex.org/snapshot/panlex-20191001-csv/2897#110831667>		"ⴷⵉⵊⴻⵏⴱⵉⵔ"@jbn	
"dêsambr"@kmr	<https://panlex.org/snapshot/panlex-20191001-csv/2897#110831753>				<https://panlex.org/snapshot/panlex-20191001-csv/2897#110831561>		"dijenbir"@jbn	
"т’әшрине пашьн"@kmr	<https://panlex.org/snapshot/panlex-20191001-csv/2897#110831255>				<https://panlex.org/snapshot/panlex-20191001-csv/2897#110831464>		"ⵓⵡⴻⵏⴱⵉⵔ"@jbn	
"т’әшрине пашьн"@kmr	<https://panlex.org/snapshot/panlex-20191001-csv/2897#110831255>				<https://panlex.org/snapshot/panlex-20191001-csv/2897#110831493>		"uwenbir"@jbn	
"t’eşrînê pêşin"@kmr	<https://panlex.org/snapshot/panlex-20191001-csv/2897#110831069>				<https://panlex.org/snapshot/panlex-20191001-csv/2897#110830963>		"tubeṛ"@jbn	
"t’eşrînê pêşin"@kmr	<https://panlex.org/snapshot/panlex-20191001-csv/2897#110831069>				<https://panlex.org/snapshot/panlex-20191001-csv/2897#110831056>		"ⵜⵓⴱⴻⵕ"@jbn	
"Ferengistan"@kmr	<https://panlex.org/snapshot/panlex-20191001-csv/2891#110854264>				<https://panlex.org/snapshot/panlex-20191001-csv/2891#110854260>		"ⵓⵕⵓⵒ"@jbn	
"Ferengistan"@kmr	<https://panlex.org/snapshot/panlex-20191001-csv/2891#110854264>				<https://panlex.org/snapshot/panlex-20191001-csv/2891#110854156>		"Uṛup"@jbn	
"Emrîka"@kmr	<https://panlex.org/snapshot/panlex-20191001-csv/2891#110853324>				<https://panlex.org/snapshot/panlex-20191001-csv/2891#110853294>		"ⵎⴰⵔⵉⴽⴰⵏ"@jbn	
"Emrîka"@kmr	<https://panlex.org/snapshot/panlex-20191001-csv/2891#110853324>				<https://panlex.org/snapshot/panlex-20191001-csv/2891#110853468>		"Marikan"@jbn	
"Әфриԛа"@kmr	<https://panlex.org/snapshot/panlex-20191001-csv/2891#110853139>				<https://panlex.org/snapshot/panlex-20191001-csv/2891#110853077>		"Tafriqt"@jbn	
"Әфриԛа"@kmr	<https://panlex.org/snapshot/panlex-20191001-csv/2891#110853139>				<https://panlex.org/snapshot/panlex-20191001-csv/2891#110853013>		"ⵜⴰⴼⵔⵉⵇⵜ"@jbn	
"Әфриԛа"@kmr	<https://panlex.org/snapshot/panlex-20191001-csv/2891#110853139>				<https://panlex.org/snapshot/panlex-20191001-csv/2891#110853072>		"Taferka"@jbn	
"Әфриԛа"@kmr	<https://panlex.org/snapshot/panlex-20191001-csv/2891#110853139>				<https://panlex.org/snapshot/panlex-20191001-csv/2891#110853205>		"ⵜⴰⴼⴻⵔⴽⴰ"@jbn	
"Êvropa"@kmr	<https://panlex.org/snapshot/panlex-20191001-csv/2891#110854193>				<https://panlex.org/snapshot/panlex-20191001-csv/2891#110854260>		"ⵓⵕⵓⵒ"@jbn	
"Êvropa"@kmr	<https://panlex.org/snapshot/panlex-20191001-csv/2891#110854193>				<https://panlex.org/snapshot/panlex-20191001-csv/2891#110854156>		"Uṛup"@jbn	
"Америка"@kmr	<https://panlex.org/snapshot/panlex-20191001-csv/2891#110853489>				<https://panlex.org/snapshot/panlex-20191001-csv/2891#110853294>		"ⵎⴰⵔⵉⴽⴰⵏ"@jbn	
"Америка"@kmr	<https://panlex.org/snapshot/panlex-20191001-csv/2891#110853489>				<https://panlex.org/snapshot/panlex-20191001-csv/2891#110853468>		"Marikan"@jbn	
"Европа"@kmr	<https://panlex.org/snapshot/panlex-20191001-csv/2891#110854188>				<https://panlex.org/snapshot/panlex-20191001-csv/2891#110854260>		"ⵓⵕⵓⵒ"@jbn	
"Европа"@kmr	<https://panlex.org/snapshot/panlex-20191001-csv/2891#110854188>				<https://panlex.org/snapshot/panlex-20191001-csv/2891#110854156>		"Uṛup"@jbn	
"Efrîqya"@kmr	<https://panlex.org/snapshot/panlex-20191001-csv/2891#110853165>				<https://panlex.org/snapshot/panlex-20191001-csv/2891#110853077>		"Tafriqt"@jbn	
"Efrîqya"@kmr	<https://panlex.org/snapshot/panlex-20191001-csv/2891#110853165>				<https://panlex.org/snapshot/panlex-20191001-csv/2891#110853013>		"ⵜⴰⴼⵔⵉⵇⵜ"@jbn	
"Efrîqya"@kmr	<https://panlex.org/snapshot/panlex-20191001-csv/2891#110853165>				<https://panlex.org/snapshot/panlex-20191001-csv/2891#110853072>		"Taferka"@jbn	
"Efrîqya"@kmr	<https://panlex.org/snapshot/panlex-20191001-csv/2891#110853165>				<https://panlex.org/snapshot/panlex-20191001-csv/2891#110853205>		"ⵜⴰⴼⴻⵔⴽⴰ"@jbn	
"Orûpa"@kmr	<https://panlex.org/snapshot/panlex-20191001-csv/2891#110854055>				<https://panlex.org/snapshot/panlex-20191001-csv/2891#110854260>		"ⵓⵕⵓⵒ"@jbn	
"Orûpa"@kmr	<https://panlex.org/snapshot/panlex-20191001-csv/2891#110854055>				<https://panlex.org/snapshot/panlex-20191001-csv/2891#110854156>		"Uṛup"@jbn	
"Amêrîka"@kmr	<https://panlex.org/snapshot/panlex-20191001-csv/2891#110853327>				<https://panlex.org/snapshot/panlex-20191001-csv/2891#110853294>		"ⵎⴰⵔⵉⴽⴰⵏ"@jbn	
"Amêrîka"@kmr	<https://panlex.org/snapshot/panlex-20191001-csv/2891#110853327>				<https://panlex.org/snapshot/panlex-20191001-csv/2891#110853468>		"Marikan"@jbn	
"Авропа"@kmr	<https://panlex.org/snapshot/panlex-20191001-csv/2891#110854062>				<https://panlex.org/snapshot/panlex-20191001-csv/2891#110854260>		"ⵓⵕⵓⵒ"@jbn	
"Авропа"@kmr	<https://panlex.org/snapshot/panlex-20191001-csv/2891#110854062>				<https://panlex.org/snapshot/panlex-20191001-csv/2891#110854156>		"Uṛup"@jbn	
"Firengistan"@kmr	<https://panlex.org/snapshot/panlex-20191001-csv/2891#110854167>				<https://panlex.org/snapshot/panlex-20191001-csv/2891#110854260>		"ⵓⵕⵓⵒ"@jbn	
"Firengistan"@kmr	<https://panlex.org/snapshot/panlex-20191001-csv/2891#110854167>				<https://panlex.org/snapshot/panlex-20191001-csv/2891#110854156>		"Uṛup"@jbn	
"Африка"@kmr	<https://panlex.org/snapshot/panlex-20191001-csv/2891#110853106>				<https://panlex.org/snapshot/panlex-20191001-csv/2891#110853077>		"Tafriqt"@jbn	
"Африка"@kmr	<https://panlex.org/snapshot/panlex-20191001-csv/2891#110853106>				<https://panlex.org/snapshot/panlex-20191001-csv/2891#110853013>		"ⵜⴰⴼⵔⵉⵇⵜ"@jbn	
"Африка"@kmr	<https://panlex.org/snapshot/panlex-20191001-csv/2891#110853106>				<https://panlex.org/snapshot/panlex-20191001-csv/2891#110853072>		"Taferka"@jbn	
"Африка"@kmr	<https://panlex.org/snapshot/panlex-20191001-csv/2891#110853106>				<https://panlex.org/snapshot/panlex-20191001-csv/2891#110853205>		"ⵜⴰⴼⴻⵔⴽⴰ"@jbn	
"Evropa"@kmr	<https://panlex.org/snapshot/panlex-20191001-csv/2891#110854266>				<https://panlex.org/snapshot/panlex-20191001-csv/2891#110854260>		"ⵓⵕⵓⵒ"@jbn	
"Evropa"@kmr	<https://panlex.org/snapshot/panlex-20191001-csv/2891#110854266>				<https://panlex.org/snapshot/panlex-20191001-csv/2891#110854156>		"Uṛup"@jbn	
"Efrîqa"@kmr	<https://panlex.org/snapshot/panlex-20191001-csv/2891#110853113>				<https://panlex.org/snapshot/panlex-20191001-csv/2891#110853077>		"Tafriqt"@jbn	
"Efrîqa"@kmr	<https://panlex.org/snapshot/panlex-20191001-csv/2891#110853113>				<https://panlex.org/snapshot/panlex-20191001-csv/2891#110853013>		"ⵜⴰⴼⵔⵉⵇⵜ"@jbn	
"Efrîqa"@kmr	<https://panlex.org/snapshot/panlex-20191001-csv/2891#110853113>				<https://panlex.org/snapshot/panlex-20191001-csv/2891#110853072>		"Taferka"@jbn	
"Efrîqa"@kmr	<https://panlex.org/snapshot/panlex-20191001-csv/2891#110853113>				<https://panlex.org/snapshot/panlex-20191001-csv/2891#110853205>		"ⵜⴰⴼⴻⵔⴽⴰ"@jbn	
"Emêrîka"@kmr	<https://panlex.org/snapshot/panlex-20191001-csv/2891#110853415>				<https://panlex.org/snapshot/panlex-20191001-csv/2891#110853294>		"ⵎⴰⵔⵉⴽⴰⵏ"@jbn	
"Emêrîka"@kmr	<https://panlex.org/snapshot/panlex-20191001-csv/2891#110853415>				<https://panlex.org/snapshot/panlex-20191001-csv/2891#110853468>		"Marikan"@jbn	
"Ewrûpa"@kmr	<https://panlex.org/snapshot/panlex-20191001-csv/2891#110854063>				<https://panlex.org/snapshot/panlex-20191001-csv/2891#110854260>		"ⵓⵕⵓⵒ"@jbn	
"Ewrûpa"@kmr	<https://panlex.org/snapshot/panlex-20191001-csv/2891#110854063>				<https://panlex.org/snapshot/panlex-20191001-csv/2891#110854156>		"Uṛup"@jbn	
"Орупа"@kmr	<https://panlex.org/snapshot/panlex-20191001-csv/2891#110854313>				<https://panlex.org/snapshot/panlex-20191001-csv/2891#110854260>		"ⵓⵕⵓⵒ"@jbn	
"Орупа"@kmr	<https://panlex.org/snapshot/panlex-20191001-csv/2891#110854313>				<https://panlex.org/snapshot/panlex-20191001-csv/2891#110854156>		"Uṛup"@jbn	
"Amerîka"@kmr	<https://panlex.org/snapshot/panlex-20191001-csv/2891#110853388>				<https://panlex.org/snapshot/panlex-20191001-csv/2891#110853294>		"ⵎⴰⵔⵉⴽⴰⵏ"@jbn	
"Amerîka"@kmr	<https://panlex.org/snapshot/panlex-20191001-csv/2891#110853388>				<https://panlex.org/snapshot/panlex-20191001-csv/2891#110853468>		"Marikan"@jbn	
"Efrîqe"@kmr	<https://panlex.org/snapshot/panlex-20191001-csv/2891#110853051>				<https://panlex.org/snapshot/panlex-20191001-csv/2891#110853077>		"Tafriqt"@jbn	
"Efrîqe"@kmr	<https://panlex.org/snapshot/panlex-20191001-csv/2891#110853051>				<https://panlex.org/snapshot/panlex-20191001-csv/2891#110853013>		"ⵜⴰⴼⵔⵉⵇⵜ"@jbn	
"Efrîqe"@kmr	<https://panlex.org/snapshot/panlex-20191001-csv/2891#110853051>				<https://panlex.org/snapshot/panlex-20191001-csv/2891#110853072>		"Taferka"@jbn	
"Efrîqe"@kmr	<https://panlex.org/snapshot/panlex-20191001-csv/2891#110853051>				<https://panlex.org/snapshot/panlex-20191001-csv/2891#110853205>		"ⵜⴰⴼⴻⵔⴽⴰ"@jbn	
"Әмрика"@kmr	<https://panlex.org/snapshot/panlex-20191001-csv/2891#110853396>				<https://panlex.org/snapshot/panlex-20191001-csv/2891#110853294>		"ⵎⴰⵔⵉⴽⴰⵏ"@jbn	
"Әмрика"@kmr	<https://panlex.org/snapshot/panlex-20191001-csv/2891#110853396>				<https://panlex.org/snapshot/panlex-20191001-csv/2891#110853468>		"Marikan"@jbn	
"Emerîka"@kmr	<https://panlex.org/snapshot/panlex-20191001-csv/2891#110853500>				<https://panlex.org/snapshot/panlex-20191001-csv/2891#110853294>		"ⵎⴰⵔⵉⴽⴰⵏ"@jbn	
"Emerîka"@kmr	<https://panlex.org/snapshot/panlex-20191001-csv/2891#110853500>				<https://panlex.org/snapshot/panlex-20191001-csv/2891#110853468>		"Marikan"@jbn	
"Әвропа"@kmr	<https://panlex.org/snapshot/panlex-20191001-csv/2891#110854316>				<https://panlex.org/snapshot/panlex-20191001-csv/2891#110854260>		"ⵓⵕⵓⵒ"@jbn	
"Әвропа"@kmr	<https://panlex.org/snapshot/panlex-20191001-csv/2891#110854316>				<https://panlex.org/snapshot/panlex-20191001-csv/2891#110854156>		"Uṛup"@jbn	
"Ewropa"@kmr	<https://panlex.org/snapshot/panlex-20191001-csv/2891#110854256>				<https://panlex.org/snapshot/panlex-20191001-csv/2891#110854260>		"ⵓⵕⵓⵒ"@jbn	
"Ewropa"@kmr	<https://panlex.org/snapshot/panlex-20191001-csv/2891#110854256>				<https://panlex.org/snapshot/panlex-20191001-csv/2891#110854156>		"Uṛup"@jbn	
"Afrîka"@kmr	<https://panlex.org/snapshot/panlex-20191001-csv/2891#110853019>				<https://panlex.org/snapshot/panlex-20191001-csv/2891#110853077>		"Tafriqt"@jbn	
"Afrîka"@kmr	<https://panlex.org/snapshot/panlex-20191001-csv/2891#110853019>				<https://panlex.org/snapshot/panlex-20191001-csv/2891#110853013>		"ⵜⴰⴼⵔⵉⵇⵜ"@jbn	
"Afrîka"@kmr	<https://panlex.org/snapshot/panlex-20191001-csv/2891#110853019>				<https://panlex.org/snapshot/panlex-20191001-csv/2891#110853072>		"Taferka"@jbn	
"Afrîka"@kmr	<https://panlex.org/snapshot/panlex-20191001-csv/2891#110853019>				<https://panlex.org/snapshot/panlex-20191001-csv/2891#110853205>		"ⵜⴰⴼⴻⵔⴽⴰ"@jbn	
"Әмерика"@kmr	<https://panlex.org/snapshot/panlex-20191001-csv/2891#110853382>				<https://panlex.org/snapshot/panlex-20191001-csv/2891#110853294>		"ⵎⴰⵔⵉⴽⴰⵏ"@jbn	
"Әмерика"@kmr	<https://panlex.org/snapshot/panlex-20191001-csv/2891#110853382>				<https://panlex.org/snapshot/panlex-20191001-csv/2891#110853468>		"Marikan"@jbn	
"Avropa"@kmr	<https://panlex.org/snapshot/panlex-20191001-csv/2891#110854237>				<https://panlex.org/snapshot/panlex-20191001-csv/2891#110854260>		"ⵓⵕⵓⵒ"@jbn	
"Avropa"@kmr	<https://panlex.org/snapshot/panlex-20191001-csv/2891#110854237>				<https://panlex.org/snapshot/panlex-20191001-csv/2891#110854156>		"Uṛup"@jbn	
