"d̃an"@lek	<https://panlex.org/snapshot/panlex-20191001-csv/12#851013>				<https://panlex.org/snapshot/panlex-20191001-csv/12#851181>		"usiak"@tay	
"ka|maw"@lek	<https://panlex.org/snapshot/panlex-20191001-csv/114#8052369>				<https://panlex.org/snapshot/panlex-20191001-csv/114#8052567>		"gzil"@tay	
"ka|maw"@lek	<https://panlex.org/snapshot/panlex-20191001-csv/114#8052369>				<https://panlex.org/snapshot/panlex-20191001-csv/114#8052568>		"il"@tay	
"hecinen"@lek	<https://panlex.org/snapshot/panlex-20191001-csv/114#8061580>				<https://panlex.org/snapshot/panlex-20191001-csv/114#8061808>		"baqun"@tay	
"hecinen"@lek	<https://panlex.org/snapshot/panlex-20191001-csv/114#8061580>				<https://panlex.org/snapshot/panlex-20191001-csv/114#8061809>		"baʔun"@tay	
"hecinen"@lek	<https://panlex.org/snapshot/panlex-20191001-csv/114#8061580>				<https://panlex.org/snapshot/panlex-20191001-csv/114#8061807>		"baq"@tay	
"tucap ŋohosa-n"@lek	<https://panlex.org/snapshot/panlex-20191001-csv/114#8065750>				<https://panlex.org/snapshot/panlex-20191001-csv/114#8065934>		"isunaʔ"@tay	
"tucap ŋohosa-n"@lek	<https://panlex.org/snapshot/panlex-20191001-csv/114#8065750>				<https://panlex.org/snapshot/panlex-20191001-csv/114#8065935>		"pasikiṣiliʔ"@tay	
"kerme-n"@lek	<https://panlex.org/snapshot/panlex-20191001-csv/114#8067807>				<https://panlex.org/snapshot/panlex-20191001-csv/114#8068025>		"hmaliʔ"@tay	
"kerme-n"@lek	<https://panlex.org/snapshot/panlex-20191001-csv/114#8067807>				<https://panlex.org/snapshot/panlex-20191001-csv/114#8068024>		"hamá-ui"@tay	
"kerme-n"@lek	<https://panlex.org/snapshot/panlex-20191001-csv/114#8067807>				<https://panlex.org/snapshot/panlex-20191001-csv/114#8068023>		"hamalit"@tay	
"haŋoŋorow"@lek	<https://panlex.org/snapshot/panlex-20191001-csv/114#8062091>				<https://panlex.org/snapshot/panlex-20191001-csv/114#8062285>		"mnluŋ"@tay	
"haŋoŋorow"@lek	<https://panlex.org/snapshot/panlex-20191001-csv/114#8062091>				<https://panlex.org/snapshot/panlex-20191001-csv/114#8062284>		"luŋluŋ"@tay	
"d̃an"@lek	<https://panlex.org/snapshot/panlex-20191001-csv/11#787623>				<https://panlex.org/snapshot/panlex-20191001-csv/11#787745>		"usiak"@tay	
