"d̃an"@lek	<https://panlex.org/snapshot/panlex-20191001-csv/12#851013>				<https://panlex.org/snapshot/panlex-20191001-csv/12#850995>		"kof"@kos	
"d̃an"@lek	<https://panlex.org/snapshot/panlex-20191001-csv/12#851013>				<https://panlex.org/snapshot/panlex-20191001-csv/12#850996>		"sroano"@kos	
"ka|maw"@lek	<https://panlex.org/snapshot/panlex-20191001-csv/114#8052369>				<https://panlex.org/snapshot/panlex-20191001-csv/114#8052350>		"lacsac"@kos	
"hecinen"@lek	<https://panlex.org/snapshot/panlex-20191001-csv/114#8061580>				<https://panlex.org/snapshot/panlex-20191001-csv/114#8061556>		"etʌ"@kos	
"hecinen"@lek	<https://panlex.org/snapshot/panlex-20191001-csv/114#8061580>				<https://panlex.org/snapshot/panlex-20191001-csv/114#8061555>		"etuh"@kos	
"hecinen"@lek	<https://panlex.org/snapshot/panlex-20191001-csv/114#8061580>				<https://panlex.org/snapshot/panlex-20191001-csv/114#8061554>		"(a)-kɨle-(n)"@kos	
"tucap ŋohosa-n"@lek	<https://panlex.org/snapshot/panlex-20191001-csv/114#8065750>				<https://panlex.org/snapshot/panlex-20191001-csv/114#8065729>		"ŋosr"@kos	
"kerme-n"@lek	<https://panlex.org/snapshot/panlex-20191001-csv/114#8067807>				<https://panlex.org/snapshot/panlex-20191001-csv/114#8067785>		"lɔɔ-(l)"@kos	
"kerme-n"@lek	<https://panlex.org/snapshot/panlex-20191001-csv/114#8067807>				<https://panlex.org/snapshot/panlex-20191001-csv/114#8067783>		"loh[oh]"@kos	
"kerme-n"@lek	<https://panlex.org/snapshot/panlex-20191001-csv/114#8067807>				<https://panlex.org/snapshot/panlex-20191001-csv/114#8067784>		"lɔ"@kos	
"haŋoŋorow"@lek	<https://panlex.org/snapshot/panlex-20191001-csv/114#8062091>				<https://panlex.org/snapshot/panlex-20191001-csv/114#8062071>		"mʌ"@kos	
"haŋoŋorow"@lek	<https://panlex.org/snapshot/panlex-20191001-csv/114#8062091>				<https://panlex.org/snapshot/panlex-20191001-csv/114#8062070>		"muh"@kos	
"haŋoŋorow"@lek	<https://panlex.org/snapshot/panlex-20191001-csv/114#8062091>				<https://panlex.org/snapshot/panlex-20191001-csv/114#8062069>		"motko"@kos	
