"d̃an"@lek	<https://panlex.org/snapshot/panlex-20191001-csv/12#851013>				<https://panlex.org/snapshot/panlex-20191001-csv/12#850962>		"'e"@ilu	
"d̃an"@lek	<https://panlex.org/snapshot/panlex-20191001-csv/12#851013>				<https://panlex.org/snapshot/panlex-20191001-csv/12#850963>		"ēr"@ilu	
"ka|maw"@lek	<https://panlex.org/snapshot/panlex-20191001-csv/114#8052369>				<https://panlex.org/snapshot/panlex-20191001-csv/114#8052318>		"wiri"@ilu	
"hecinen"@lek	<https://panlex.org/snapshot/panlex-20191001-csv/114#8061580>				<https://panlex.org/snapshot/panlex-20191001-csv/114#8061513>		"naʼnau"@ilu	
"hecinen"@lek	<https://panlex.org/snapshot/panlex-20191001-csv/114#8061580>				<https://panlex.org/snapshot/panlex-20191001-csv/114#8061512>		"nau(n)"@ilu	
"tucap ŋohosa-n"@lek	<https://panlex.org/snapshot/panlex-20191001-csv/114#8065750>				<https://panlex.org/snapshot/panlex-20191001-csv/114#8065698>		"hora"@ilu	
"kerme-n"@lek	<https://panlex.org/snapshot/panlex-20191001-csv/114#8067807>				<https://panlex.org/snapshot/panlex-20191001-csv/114#8067749>		"ʼna"@ilu	
"kerme-n"@lek	<https://panlex.org/snapshot/panlex-20191001-csv/114#8067807>				<https://panlex.org/snapshot/panlex-20191001-csv/114#8067748>		"naŋ"@ilu	
"haŋoŋorow"@lek	<https://panlex.org/snapshot/panlex-20191001-csv/114#8062091>				<https://panlex.org/snapshot/panlex-20191001-csv/114#8062037>		"knanan"@ilu	
