"d̃an"@lek	<https://panlex.org/snapshot/panlex-20191001-csv/12#851013>				<https://panlex.org/snapshot/panlex-20191001-csv/12#851133>		"bic"@rri	
"ka|maw"@lek	<https://panlex.org/snapshot/panlex-20191001-csv/114#8052369>				<https://panlex.org/snapshot/panlex-20191001-csv/114#8052519>		"mür"@rri	
"hecinen"@lek	<https://panlex.org/snapshot/panlex-20191001-csv/114#8061580>				<https://panlex.org/snapshot/panlex-20191001-csv/114#8061752>		"vesen"@rri	
"tucap ŋohosa-n"@lek	<https://panlex.org/snapshot/panlex-20191001-csv/114#8065750>				<https://panlex.org/snapshot/panlex-20191001-csv/114#8065890>		"ŋurip"@rri	
"kerme-n"@lek	<https://panlex.org/snapshot/panlex-20191001-csv/114#8067807>				<https://panlex.org/snapshot/panlex-20191001-csv/114#8067968>		"luem"@rri	
"haŋoŋorow"@lek	<https://panlex.org/snapshot/panlex-20191001-csv/114#8062091>				<https://panlex.org/snapshot/panlex-20191001-csv/114#8062239>		"non"@rri	
