"ନଅ"@ory	<https://panlex.org/snapshot/panlex-20191001-csv/9#491018>				<https://panlex.org/snapshot/panlex-20191001-csv/9#490994>		"тогъуз"@kum	
"ଭାରତ"@ory	<https://panlex.org/snapshot/panlex-20191001-csv/10#580169>				<https://panlex.org/snapshot/panlex-20191001-csv/10#580130>		"Гьиндистан"@kum	
"ପୋଟାସିଅମ"@ory	<https://panlex.org/snapshot/panlex-20191001-csv/2893#110992379>				<https://panlex.org/snapshot/panlex-20191001-csv/2893#110992234>		"калий"@kum	
"ନିଅନ"@ory	<https://panlex.org/snapshot/panlex-20191001-csv/2893#110990767>				<https://panlex.org/snapshot/panlex-20191001-csv/2893#110990844>		"неон"@kum	
"ସୋଡ଼ିଅମ"@ory	<https://panlex.org/snapshot/panlex-20191001-csv/2893#110991014>				<https://panlex.org/snapshot/panlex-20191001-csv/2893#110990923>		"натрий"@kum	
"ଟଙ୍ଗ୍‌ଷ୍ଟନ"@ory	<https://panlex.org/snapshot/panlex-20191001-csv/2893#110994837>				<https://panlex.org/snapshot/panlex-20191001-csv/2893#110994895>		"вольфрам"@kum	
"ଗନ୍ଧକ"@ory	<https://panlex.org/snapshot/panlex-20191001-csv/2893#110991986>				<https://panlex.org/snapshot/panlex-20191001-csv/2893#110991996>		"кюкюрт"@kum	
"ରୁପା"@ory	<https://panlex.org/snapshot/panlex-20191001-csv/2893#110994156>				<https://panlex.org/snapshot/panlex-20191001-csv/2893#110994094>		"гюмюш"@kum	
"ଅଙ୍ଗାରକ"@ory	<https://panlex.org/snapshot/panlex-20191001-csv/2893#110989928>				<https://panlex.org/snapshot/panlex-20191001-csv/2893#110989904>		"углерод"@kum	
"ଅମ୍ଳଜାନ"@ory	<https://panlex.org/snapshot/panlex-20191001-csv/2893#110990308>				<https://panlex.org/snapshot/panlex-20191001-csv/2893#110990403>		"кислород"@kum	
"ଦସ୍ତା"@ory	<https://panlex.org/snapshot/panlex-20191001-csv/2893#110993459>				<https://panlex.org/snapshot/panlex-20191001-csv/2893#110993503>		"цинк"@kum	
"ତମ୍ବା"@ory	<https://panlex.org/snapshot/panlex-20191001-csv/2893#110993200>				<https://panlex.org/snapshot/panlex-20191001-csv/2893#110993180>		"багъыр"@kum	
"ଆଣ୍ଟିମୋନି"@ory	<https://panlex.org/snapshot/panlex-20191001-csv/2893#110994407>				<https://panlex.org/snapshot/panlex-20191001-csv/2893#110994489>		"сурьма"@kum	
"ନିକେଲ"@ory	<https://panlex.org/snapshot/panlex-20191001-csv/2893#110993013>				<https://panlex.org/snapshot/panlex-20191001-csv/2893#110993072>		"никель"@kum	
"ୟୁରାନିଅମ"@ory	<https://panlex.org/snapshot/panlex-20191001-csv/2893#110995801>				<https://panlex.org/snapshot/panlex-20191001-csv/2893#110995806>		"уран"@kum	
"ଆଲୁମିନିଅମ"@ory	<https://panlex.org/snapshot/panlex-20191001-csv/2893#110991253>				<https://panlex.org/snapshot/panlex-20191001-csv/2893#110991285>		"алюминий"@kum	
"ପାରଦ"@ory	<https://panlex.org/snapshot/panlex-20191001-csv/2893#110995367>				<https://panlex.org/snapshot/panlex-20191001-csv/2893#110995477>		"гюнесув"@kum	
"ଆୟୋଡ଼ିନ"@ory	<https://panlex.org/snapshot/panlex-20191001-csv/2893#110994754>				<https://panlex.org/snapshot/panlex-20191001-csv/2893#110994617>		"йод"@kum	
"କ୍ଲୋରିନ"@ory	<https://panlex.org/snapshot/panlex-20191001-csv/2893#110992185>				<https://panlex.org/snapshot/panlex-20191001-csv/2893#110992081>		"хлор"@kum	
"ଲୁହା"@ory	<https://panlex.org/snapshot/panlex-20191001-csv/2893#110992693>				<https://panlex.org/snapshot/panlex-20191001-csv/2893#110992744>		"темир"@kum	
"ସୁନା"@ory	<https://panlex.org/snapshot/panlex-20191001-csv/2893#110995260>				<https://panlex.org/snapshot/panlex-20191001-csv/2893#110995289>		"алтын"@kum	
"ସିଲିକନ"@ory	<https://panlex.org/snapshot/panlex-20191001-csv/2893#110991548>				<https://panlex.org/snapshot/panlex-20191001-csv/2893#110991517>		"кремний"@kum	
"ଉଦ୍‌ଜାନ"@ory	<https://panlex.org/snapshot/panlex-20191001-csv/2893#110989464>				<https://panlex.org/snapshot/panlex-20191001-csv/2893#110989436>		"водород"@kum	
"ମାଗ୍ନେସିଅମ"@ory	<https://panlex.org/snapshot/panlex-20191001-csv/2893#110991217>				<https://panlex.org/snapshot/panlex-20191001-csv/2893#110991242>		"магний"@kum	
"ବ୍ରୋମିନ"@ory	<https://panlex.org/snapshot/panlex-20191001-csv/2893#110993792>				<https://panlex.org/snapshot/panlex-20191001-csv/2893#110993903>		"бром"@kum	
"ବୋରନ"@ory	<https://panlex.org/snapshot/panlex-20191001-csv/2893#110989745>				<https://panlex.org/snapshot/panlex-20191001-csv/2893#110989814>		"бор"@kum	
"ସୀସା"@ory	<https://panlex.org/snapshot/panlex-20191001-csv/2893#110995619>				<https://panlex.org/snapshot/panlex-20191001-csv/2893#110995636>		"къоргъашин"@kum	
"ପ୍ଲାଟିନମ"@ory	<https://panlex.org/snapshot/panlex-20191001-csv/2893#110995098>				<https://panlex.org/snapshot/panlex-20191001-csv/2893#110995014>		"акъ алтын"@kum	
"କ୍ୟାଲ୍‌ସିଅମ"@ory	<https://panlex.org/snapshot/panlex-20191001-csv/2893#110992568>				<https://panlex.org/snapshot/panlex-20191001-csv/2893#110992425>		"кальций"@kum	
"ଟିଣ"@ory	<https://panlex.org/snapshot/panlex-20191001-csv/2893#110994341>				<https://panlex.org/snapshot/panlex-20191001-csv/2893#110994330>		"калай"@kum	
"ହିଲିଅମ"@ory	<https://panlex.org/snapshot/panlex-20191001-csv/2893#110989604>				<https://panlex.org/snapshot/panlex-20191001-csv/2893#110989533>		"гелий"@kum	
"ଆର୍ସେନିକ"@ory	<https://panlex.org/snapshot/panlex-20191001-csv/2893#110993773>				<https://panlex.org/snapshot/panlex-20191001-csv/2893#110993715>		"мышьяк"@kum	
"ଫ୍ଲୋରିନ"@ory	<https://panlex.org/snapshot/panlex-20191001-csv/2893#110990523>				<https://panlex.org/snapshot/panlex-20191001-csv/2893#110990619>		"фтор"@kum	
"ଫସ୍‌ଫରସ"@ory	<https://panlex.org/snapshot/panlex-20191001-csv/2893#110991672>				<https://panlex.org/snapshot/panlex-20191001-csv/2893#110991648>		"фосфор"@kum	
"କୋବାଲ୍‌ଟ"@ory	<https://panlex.org/snapshot/panlex-20191001-csv/2893#110992938>				<https://panlex.org/snapshot/panlex-20191001-csv/2893#110992806>		"кобальт"@kum	
"ଯବକ୍ଷାରଜାନ"@ory	<https://panlex.org/snapshot/panlex-20191001-csv/2893#110990264>				<https://panlex.org/snapshot/panlex-20191001-csv/2893#110990266>		"азот"@kum	
"ଶନିବାର"@ory	<https://panlex.org/snapshot/panlex-20191001-csv/2892#110826129>				<https://panlex.org/snapshot/panlex-20191001-csv/2892#110826424>		"сонгугюн"@kum	
"ଗୁରୁବାର"@ory	<https://panlex.org/snapshot/panlex-20191001-csv/2892#110825474>				<https://panlex.org/snapshot/panlex-20191001-csv/2892#110825352>		"хамисгюн"@kum	
"ମଙ୍ଗଳବାର"@ory	<https://panlex.org/snapshot/panlex-20191001-csv/2892#110824623>				<https://panlex.org/snapshot/panlex-20191001-csv/2892#110824845>		"талатгюн"@kum	
"ରବିବାର"@ory	<https://panlex.org/snapshot/panlex-20191001-csv/2892#110826893>				<https://panlex.org/snapshot/panlex-20191001-csv/2892#110826829>		"къаттыгюн"@kum	
"ବୁଧବାର"@ory	<https://panlex.org/snapshot/panlex-20191001-csv/2892#110825200>				<https://panlex.org/snapshot/panlex-20191001-csv/2892#110825122>		"арбагюн"@kum	
"ଶୁକ୍ରବାର"@ory	<https://panlex.org/snapshot/panlex-20191001-csv/2892#110825722>				<https://panlex.org/snapshot/panlex-20191001-csv/2892#110825814>		"жумагюн"@kum	
"ସୋମବାର"@ory	<https://panlex.org/snapshot/panlex-20191001-csv/2892#110824118>				<https://panlex.org/snapshot/panlex-20191001-csv/2892#110824297>		"итнигюн"@kum	
"ମେ"@ory	<https://panlex.org/snapshot/panlex-20191001-csv/2897#110828943>				<https://panlex.org/snapshot/panlex-20191001-csv/2897#110828879>		"май"@kum	
"ଜୁନ"@ory	<https://panlex.org/snapshot/panlex-20191001-csv/2897#110829095>				<https://panlex.org/snapshot/panlex-20191001-csv/2897#110829383>		"июнь"@kum	
"ମାର୍ଚ୍ଚ"@ory	<https://panlex.org/snapshot/panlex-20191001-csv/2897#110828077>				<https://panlex.org/snapshot/panlex-20191001-csv/2897#110827857>		"март"@kum	
"ଫେବ୍ରୁଆରି"@ory	<https://panlex.org/snapshot/panlex-20191001-csv/2897#110827778>				<https://panlex.org/snapshot/panlex-20191001-csv/2897#110827563>		"февраль"@kum	
"ଜୁଲାଇ"@ory	<https://panlex.org/snapshot/panlex-20191001-csv/2897#110829750>				<https://panlex.org/snapshot/panlex-20191001-csv/2897#110829537>		"июль"@kum	
"ନଭେମ୍ବର"@ory	<https://panlex.org/snapshot/panlex-20191001-csv/2897#110831251>				<https://panlex.org/snapshot/panlex-20191001-csv/2897#110831147>		"ноябрь"@kum	
"ଅଗଷ୍ଟ"@ory	<https://panlex.org/snapshot/panlex-20191001-csv/2897#110829936>				<https://panlex.org/snapshot/panlex-20191001-csv/2897#110830149>		"август"@kum	
"ଡିସେମ୍ବର"@ory	<https://panlex.org/snapshot/panlex-20191001-csv/2897#110831630>				<https://panlex.org/snapshot/panlex-20191001-csv/2897#110831729>		"декабрь"@kum	
"ଏପ୍ରିଲ"@ory	<https://panlex.org/snapshot/panlex-20191001-csv/2897#110828429>				<https://panlex.org/snapshot/panlex-20191001-csv/2897#110828303>		"апрель"@kum	
"ଜାନୁଆରି"@ory	<https://panlex.org/snapshot/panlex-20191001-csv/2897#110827208>				<https://panlex.org/snapshot/panlex-20191001-csv/2897#110827386>		"январь"@kum	
"ସେପ୍ଟେମ୍ବର"@ory	<https://panlex.org/snapshot/panlex-20191001-csv/2897#110830340>				<https://panlex.org/snapshot/panlex-20191001-csv/2897#110830352>		"сентябрь"@kum	
"ଅକ୍ଟୋବର"@ory	<https://panlex.org/snapshot/panlex-20191001-csv/2897#110831087>				<https://panlex.org/snapshot/panlex-20191001-csv/2897#110831103>		"октябрь"@kum	
"ଔସିନିୟା"@ory	<https://panlex.org/snapshot/panlex-20191001-csv/2891#110854383>				<https://panlex.org/snapshot/panlex-20191001-csv/2891#110854460>		"Океания"@kum	
"ଆଣ୍ଟାର୍କଟିକା"@ory	<https://panlex.org/snapshot/panlex-20191001-csv/2891#110853633>				<https://panlex.org/snapshot/panlex-20191001-csv/2891#110853648>		"Антарктида"@kum	
"ଆଫ୍ରିକା"@ory	<https://panlex.org/snapshot/panlex-20191001-csv/2891#110853226>				<https://panlex.org/snapshot/panlex-20191001-csv/2891#110853178>		"Африка"@kum	
"ୟୁରୋପ"@ory	<https://panlex.org/snapshot/panlex-20191001-csv/2891#110854134>				<https://panlex.org/snapshot/panlex-20191001-csv/2891#110854045>		"Европа"@kum	
"ଏସିଆ"@ory	<https://panlex.org/snapshot/panlex-20191001-csv/2891#110853960>				<https://panlex.org/snapshot/panlex-20191001-csv/2891#110853832>		"Азия"@kum	
"ଆମେରିକା"@ory	<https://panlex.org/snapshot/panlex-20191001-csv/2891#110853330>				<https://panlex.org/snapshot/panlex-20191001-csv/2891#110853485>		"Америка"@kum	
