"kila"@tvk	<https://panlex.org/snapshot/panlex-20191001-csv/114#8061856>				<https://panlex.org/snapshot/panlex-20191001-csv/114#8061657>		"kúle-e-(y)"@mrl	
"le"@tvk	<https://panlex.org/snapshot/panlex-20191001-csv/114#8053622>				<https://panlex.org/snapshot/panlex-20191001-csv/114#8053415>		"pɛshe"@mrl	
"le"@tvk	<https://panlex.org/snapshot/panlex-20191001-csv/114#8053622>				<https://panlex.org/snapshot/panlex-20191001-csv/114#8053414>		"péshee-(n)"@mrl	
"kaakau"@tvk	<https://panlex.org/snapshot/panlex-20191001-csv/114#8054209>				<https://panlex.org/snapshot/panlex-20191001-csv/114#8053999>		"fétal"@mrl	
"valoŋo"@tvk	<https://panlex.org/snapshot/panlex-20191001-csv/114#8066998>				<https://panlex.org/snapshot/panlex-20191001-csv/114#8066797>		"awa-(n)"@mrl	
"he"@tvk	<https://panlex.org/snapshot/panlex-20191001-csv/114#8052133>				<https://panlex.org/snapshot/panlex-20191001-csv/114#8051929>		"paWú-(n)"@mrl	
"he"@tvk	<https://panlex.org/snapshot/panlex-20191001-csv/114#8052133>				<https://panlex.org/snapshot/panlex-20191001-csv/114#8051928>		"kumwushu-(n)"@mrl	
"he"@tvk	<https://panlex.org/snapshot/panlex-20191001-csv/114#8052133>				<https://panlex.org/snapshot/panlex-20191001-csv/114#8051930>		"paaW"@mrl	
"lietne"@tvk	<https://panlex.org/snapshot/panlex-20191001-csv/114#8060238>				<https://panlex.org/snapshot/panlex-20191001-csv/114#8060064>		"wáá-(n)"@mrl	
"vulkusɪ"@tvk	<https://panlex.org/snapshot/panlex-20191001-csv/114#8065523>				<https://panlex.org/snapshot/panlex-20191001-csv/114#8065329>		"pwootú-"@mrl	
"vulkusɪ"@tvk	<https://panlex.org/snapshot/panlex-20191001-csv/114#8065523>				<https://panlex.org/snapshot/panlex-20191001-csv/114#8065328>		"pwoot"@mrl	
"sus"@tvk	<https://panlex.org/snapshot/panlex-20191001-csv/114#8060820>				<https://panlex.org/snapshot/panlex-20191001-csv/114#8060609>		"ttú-(n)"@mrl	
"sus"@tvk	<https://panlex.org/snapshot/panlex-20191001-csv/114#8060820>				<https://panlex.org/snapshot/panlex-20191001-csv/114#8060610>		"túút"@mrl	
