"གཟའ་མིག་དམར།"@bo	<https://panlex.org/snapshot/panlex-20191001-csv/2892#110824820>				<https://panlex.org/snapshot/panlex-20191001-csv/2892#110824794>		"Nake dziné"@chp	
"གཟའ་ལླག་པ།"@bo	<https://panlex.org/snapshot/panlex-20191001-csv/2892#110825080>				<https://panlex.org/snapshot/panlex-20191001-csv/2892#110825002>		"Tanisi dziné"@chp	
"གཟའ་པ་སངས།"@bo	<https://panlex.org/snapshot/panlex-20191001-csv/2892#110825983>				<https://panlex.org/snapshot/panlex-20191001-csv/2892#110825854>		"Lue tsedili dziné"@chp	
"གཟའ་སྤེན་པ།"@bo	<https://panlex.org/snapshot/panlex-20191001-csv/2892#110826172>				<https://panlex.org/snapshot/panlex-20191001-csv/2892#110826372>		"Dzintasi"@chp	
"གཟའ་ཕུར་བུ།"@bo	<https://panlex.org/snapshot/panlex-20191001-csv/2892#110825340>				<https://panlex.org/snapshot/panlex-20191001-csv/2892#110825496>		"Dighi dziné"@chp	
"གཟའ་ཟླ་བ།"@bo	<https://panlex.org/snapshot/panlex-20191001-csv/2892#110824361>				<https://panlex.org/snapshot/panlex-20191001-csv/2892#110824007>		"Dzinkeré"@chp	
"གཟའ་ཉི་མ།"@bo	<https://panlex.org/snapshot/panlex-20191001-csv/2892#110826856>				<https://panlex.org/snapshot/panlex-20191001-csv/2892#110826921>		"Szinké"@chp	
