"hayoʔ"@tlv	<https://panlex.org/snapshot/panlex-20191001-csv/114#8066441>				<https://panlex.org/snapshot/panlex-20191001-csv/114#8066273>		"toŋut"@mog	
"seŋei"@tlv	<https://panlex.org/snapshot/panlex-20191001-csv/114#8068575>				<https://panlex.org/snapshot/panlex-20191001-csv/114#8068406>		"kosiŋ"@mog	
"kabela"@tlv	<https://panlex.org/snapshot/panlex-20191001-csv/114#8055692>				<https://panlex.org/snapshot/panlex-20191001-csv/114#8055521>		"liu"@mog	
"mfalahoñ"@tlv	<https://panlex.org/snapshot/panlex-20191001-csv/114#8053604>				<https://panlex.org/snapshot/panlex-20191001-csv/114#8053409>		"siol"@mog	
"ntuka"@tlv	<https://panlex.org/snapshot/panlex-20191001-csv/114#8058754>				<https://panlex.org/snapshot/panlex-20191001-csv/114#8058555>		"sian"@mog	
"leliŋ"@tlv	<https://panlex.org/snapshot/panlex-20191001-csv/114#8054691>				<https://panlex.org/snapshot/panlex-20191001-csv/114#8054519>		"dalan"@mog	
"nonu"@tlv	<https://panlex.org/snapshot/panlex-20191001-csv/114#8054692>				<https://panlex.org/snapshot/panlex-20191001-csv/114#8054519>		"dalan"@mog	
"mantaku"@tlv	<https://panlex.org/snapshot/panlex-20191001-csv/114#8062815>				<https://panlex.org/snapshot/panlex-20191001-csv/114#8062649>		"mo-ondok"@mog	
"kananoʔu"@tlv	<https://panlex.org/snapshot/panlex-20191001-csv/114#8061841>				<https://panlex.org/snapshot/panlex-20191001-csv/114#8061652>		"mo-taau"@mog	
