"seŋei"@tlv	<https://panlex.org/snapshot/panlex-20191001-csv/114#8068575>				<https://panlex.org/snapshot/panlex-20191001-csv/114#8068580>		"maʔkeʔkeʔ"@tnt	
"mfalahoñ"@tlv	<https://panlex.org/snapshot/panlex-20191001-csv/114#8053604>				<https://panlex.org/snapshot/panlex-20191001-csv/114#8053609>		"kecey"@tnt	
"ntuka"@tlv	<https://panlex.org/snapshot/panlex-20191001-csv/114#8058754>				<https://panlex.org/snapshot/panlex-20191001-csv/114#8058759>		"poʔot"@tnt	
"leliŋ"@tlv	<https://panlex.org/snapshot/panlex-20191001-csv/114#8054691>				<https://panlex.org/snapshot/panlex-20191001-csv/114#8054697>		"lalan"@tnt	
"nonu"@tlv	<https://panlex.org/snapshot/panlex-20191001-csv/114#8054692>				<https://panlex.org/snapshot/panlex-20191001-csv/114#8054697>		"lalan"@tnt	
"mantaku"@tlv	<https://panlex.org/snapshot/panlex-20191001-csv/114#8062815>				<https://panlex.org/snapshot/panlex-20191001-csv/114#8062820>		"mainde"@tnt	
"kananoʔu"@tlv	<https://panlex.org/snapshot/panlex-20191001-csv/114#8061841>				<https://panlex.org/snapshot/panlex-20191001-csv/114#8061846>		"keləkan"@tnt	
