"hayoʔ"@tlv	<https://panlex.org/snapshot/panlex-20191001-csv/114#8066441>				<https://panlex.org/snapshot/panlex-20191001-csv/114#8066334>		"namu"@piv	
"seŋei"@tlv	<https://panlex.org/snapshot/panlex-20191001-csv/114#8068575>				<https://panlex.org/snapshot/panlex-20191001-csv/114#8068467>		"kata"@piv	
"kabela"@tlv	<https://panlex.org/snapshot/panlex-20191001-csv/114#8055692>				<https://panlex.org/snapshot/panlex-20191001-csv/114#8055575>		"tahuli"@piv	
"mfalahoñ"@tlv	<https://panlex.org/snapshot/panlex-20191001-csv/114#8053604>				<https://panlex.org/snapshot/panlex-20191001-csv/114#8053479>		"vae"@piv	
"ntuka"@tlv	<https://panlex.org/snapshot/panlex-20191001-csv/114#8058754>				<https://panlex.org/snapshot/panlex-20191001-csv/114#8058623>		"manava"@piv	
"ntuka"@tlv	<https://panlex.org/snapshot/panlex-20191001-csv/114#8058754>				<https://panlex.org/snapshot/panlex-20191001-csv/114#8058624>		"ngapula"@piv	
"leliŋ"@tlv	<https://panlex.org/snapshot/panlex-20191001-csv/114#8054691>				<https://panlex.org/snapshot/panlex-20191001-csv/114#8054583>		"ala"@piv	
"nonu"@tlv	<https://panlex.org/snapshot/panlex-20191001-csv/114#8054692>				<https://panlex.org/snapshot/panlex-20191001-csv/114#8054583>		"ala"@piv	
"mantaku"@tlv	<https://panlex.org/snapshot/panlex-20191001-csv/114#8062815>				<https://panlex.org/snapshot/panlex-20191001-csv/114#8062708>		"mathaku"@piv	
"kananoʔu"@tlv	<https://panlex.org/snapshot/panlex-20191001-csv/114#8061841>				<https://panlex.org/snapshot/panlex-20191001-csv/114#8061717>		"iloa"@piv	
"kananoʔu"@tlv	<https://panlex.org/snapshot/panlex-20191001-csv/114#8061841>				<https://panlex.org/snapshot/panlex-20191001-csv/114#8061716>		"ilo"@piv	
