"hayoʔ"@tlv	<https://panlex.org/snapshot/panlex-20191001-csv/114#8066441>				<https://panlex.org/snapshot/panlex-20191001-csv/114#8066348>		"songi"@pnh	
"seŋei"@tlv	<https://panlex.org/snapshot/panlex-20191001-csv/114#8068575>				<https://panlex.org/snapshot/panlex-20191001-csv/114#8068481>		"kata"@pnh	
"kabela"@tlv	<https://panlex.org/snapshot/panlex-20191001-csv/114#8055692>				<https://panlex.org/snapshot/panlex-20191001-csv/114#8055594>		"p/ahe"@pnh	
"kabela"@tlv	<https://panlex.org/snapshot/panlex-20191001-csv/114#8055692>				<https://panlex.org/snapshot/panlex-20191001-csv/114#8055593>		"huri"@pnh	
"mfalahoñ"@tlv	<https://panlex.org/snapshot/panlex-20191001-csv/114#8053604>				<https://panlex.org/snapshot/panlex-20191001-csv/114#8053491>		"vae"@pnh	
"ntuka"@tlv	<https://panlex.org/snapshot/panlex-20191001-csv/114#8058754>				<https://panlex.org/snapshot/panlex-20191001-csv/114#8058640>		"koopuu"@pnh	
"ntuka"@tlv	<https://panlex.org/snapshot/panlex-20191001-csv/114#8058754>				<https://panlex.org/snapshot/panlex-20191001-csv/114#8058639>		"kona"@pnh	
"ntuka"@tlv	<https://panlex.org/snapshot/panlex-20191001-csv/114#8058754>				<https://panlex.org/snapshot/panlex-20191001-csv/114#8058641>		"manava"@pnh	
"leliŋ"@tlv	<https://panlex.org/snapshot/panlex-20191001-csv/114#8054691>				<https://panlex.org/snapshot/panlex-20191001-csv/114#8054594>		"ara"@pnh	
"nonu"@tlv	<https://panlex.org/snapshot/panlex-20191001-csv/114#8054692>				<https://panlex.org/snapshot/panlex-20191001-csv/114#8054594>		"ara"@pnh	
"mantaku"@tlv	<https://panlex.org/snapshot/panlex-20191001-csv/114#8062815>				<https://panlex.org/snapshot/panlex-20191001-csv/114#8062721>		"mataku"@pnh	
"kananoʔu"@tlv	<https://panlex.org/snapshot/panlex-20191001-csv/114#8061841>				<https://panlex.org/snapshot/panlex-20191001-csv/114#8061733>		"kite"@pnh	
