"አይስላንድ"@byn	<https://panlex.org/snapshot/panlex-20191001-csv/6898#113601043>				<https://panlex.org/snapshot/panlex-20191001-csv/6898#113600998>		"𐐌𐑅𐑊𐐲𐑌𐐼"@en	
"አይስላንድ"@byn	<https://panlex.org/snapshot/panlex-20191001-csv/6898#113601043>				<https://panlex.org/snapshot/panlex-20191001-csv/6898#113601070>		"Iceland"@en	
"ኒው ካሌዶኒያ"@byn	<https://panlex.org/snapshot/panlex-20191001-csv/6898#113586601>				<https://panlex.org/snapshot/panlex-20191001-csv/6898#113586619>		"𐐤𐐭 𐐗𐐰𐑊𐐲𐐼𐐬𐑌𐐷𐐲"@en	
"ኒው ካሌዶኒያ"@byn	<https://panlex.org/snapshot/panlex-20191001-csv/6898#113586601>				<https://panlex.org/snapshot/panlex-20191001-csv/6898#113586527>		"New Caledonia"@en	
"ቡህታን"@byn	<https://panlex.org/snapshot/panlex-20191001-csv/6898#113639719>				<https://panlex.org/snapshot/panlex-20191001-csv/6898#113639742>		"𐐒𐐭𐐻𐐪𐑌"@en	
"ቡህታን"@byn	<https://panlex.org/snapshot/panlex-20191001-csv/6898#113639719>				<https://panlex.org/snapshot/panlex-20191001-csv/6898#113639693>		"Bhutan"@en	
"አዘርባጃን"@byn	<https://panlex.org/snapshot/panlex-20191001-csv/6898#113619408>				<https://panlex.org/snapshot/panlex-20191001-csv/6898#113619324>		"𐐈𐑆𐐲𐑉𐐺𐐴𐑈𐐪𐑌"@en	
"አዘርባጃን"@byn	<https://panlex.org/snapshot/panlex-20191001-csv/6898#113619408>				<https://panlex.org/snapshot/panlex-20191001-csv/6898#113619318>		"Azerbaijan"@en	
"ኢንዶኔዢያ"@byn	<https://panlex.org/snapshot/panlex-20191001-csv/6898#113633571>				<https://panlex.org/snapshot/panlex-20191001-csv/6898#113633473>		"𐐆𐑌𐐼𐐲𐑌𐐨𐑈𐐲"@en	
"ኢንዶኔዢያ"@byn	<https://panlex.org/snapshot/panlex-20191001-csv/6898#113633571>				<https://panlex.org/snapshot/panlex-20191001-csv/6898#113633539>		"Indonesia"@en	
"ጀርመን"@byn	<https://panlex.org/snapshot/panlex-20191001-csv/6898#113639292>				<https://panlex.org/snapshot/panlex-20191001-csv/6898#113639204>		"Germany"@en	
"ጀርመን"@byn	<https://panlex.org/snapshot/panlex-20191001-csv/6898#113639292>				<https://panlex.org/snapshot/panlex-20191001-csv/6898#113639176>		"𐐖𐐲𐑉𐑋𐐲𐑌𐐨"@en	
"የፈረንሳይ ፖሊኔዢያ"@byn	<https://panlex.org/snapshot/panlex-20191001-csv/6898#113621129>				<https://panlex.org/snapshot/panlex-20191001-csv/6898#113621040>		"French Polynesia"@en	
"የፈረንሳይ ፖሊኔዢያ"@byn	<https://panlex.org/snapshot/panlex-20191001-csv/6898#113621129>				<https://panlex.org/snapshot/panlex-20191001-csv/6898#113621130>		"𐐙𐑉𐐯𐑌𐐽 𐐑𐐪𐑊𐐲𐑌𐐨𐑈𐐲"@en	
"ሳውድአረቢያ"@byn	<https://panlex.org/snapshot/panlex-20191001-csv/6898#113583513>				<https://panlex.org/snapshot/panlex-20191001-csv/6898#113583544>		"𐐝𐐵𐐼𐐨 𐐊𐑉𐐩𐐺𐐨𐐲"@en	
"ሳውድአረቢያ"@byn	<https://panlex.org/snapshot/panlex-20191001-csv/6898#113583513>				<https://panlex.org/snapshot/panlex-20191001-csv/6898#113583444>		"Saudi Arabia"@en	
"የእንግሊዝ ድንግል ደሴቶች"@byn	<https://panlex.org/snapshot/panlex-20191001-csv/6898#113590552>				<https://panlex.org/snapshot/panlex-20191001-csv/6898#113590542>		"𐐒𐑉𐐮𐐼𐐮𐑇 𐐚𐐲𐑉𐐾𐐲𐑌 𐐌𐑊𐐲𐑌𐐼𐑆"@en	
"የእንግሊዝ ድንግል ደሴቶች"@byn	<https://panlex.org/snapshot/panlex-20191001-csv/6898#113590552>				<https://panlex.org/snapshot/panlex-20191001-csv/6898#113590460>		"British Virgin Islands"@en	
"ሊቱዌኒያ"@byn	<https://panlex.org/snapshot/panlex-20191001-csv/6898#113631919>				<https://panlex.org/snapshot/panlex-20191001-csv/6898#113632097>		"𐐢𐐮𐑃𐐲𐐶𐐩𐑌𐐨𐐲"@en	
"ሊቱዌኒያ"@byn	<https://panlex.org/snapshot/panlex-20191001-csv/6898#113631919>				<https://panlex.org/snapshot/panlex-20191001-csv/6898#113632042>		"Lithuania"@en	
"ህንድ"@byn	<https://panlex.org/snapshot/panlex-20191001-csv/6898#113616983>				<https://panlex.org/snapshot/panlex-20191001-csv/6898#113616974>		"𐐆𐑌𐐼𐐨𐐲"@en	
"ህንድ"@byn	<https://panlex.org/snapshot/panlex-20191001-csv/6898#113616983>				<https://panlex.org/snapshot/panlex-20191001-csv/6898#113616949>		"India"@en	
"ሞንጎሊያ"@byn	<https://panlex.org/snapshot/panlex-20191001-csv/6898#113621516>				<https://panlex.org/snapshot/panlex-20191001-csv/6898#113621574>		"Mongolia"@en	
"ሞንጎሊያ"@byn	<https://panlex.org/snapshot/panlex-20191001-csv/6898#113621516>				<https://panlex.org/snapshot/panlex-20191001-csv/6898#113621618>		"𐐣𐐪𐑍𐑀𐐬𐑊𐐨𐐲"@en	
"ቱርክ"@byn	<https://panlex.org/snapshot/panlex-20191001-csv/6898#113612063>				<https://panlex.org/snapshot/panlex-20191001-csv/6898#113611971>		"Turkey"@en	
"ቱርክ"@byn	<https://panlex.org/snapshot/panlex-20191001-csv/6898#113612063>				<https://panlex.org/snapshot/panlex-20191001-csv/6898#113612018>		"𐐓𐐲𐑉𐐿𐐨"@en	
"ሆንግ ኮንግ"@byn	<https://panlex.org/snapshot/panlex-20191001-csv/6898#113618866>				<https://panlex.org/snapshot/panlex-20191001-csv/6898#113618830>		"Hong Kong"@en	
"ሆንግ ኮንግ"@byn	<https://panlex.org/snapshot/panlex-20191001-csv/6898#113618866>				<https://panlex.org/snapshot/panlex-20191001-csv/6898#113618820>		"𐐐𐐬𐑍 𐐗𐐬𐑍 𐐝𐐈𐐡 𐐕𐐴𐑌𐐲"@en	
"ሆንግ ኮንግ"@byn	<https://panlex.org/snapshot/panlex-20191001-csv/6898#113618866>				<https://panlex.org/snapshot/panlex-20191001-csv/6898#113618913>		"𐐐𐐬𐑍 𐐗𐐬𐑍"@en	
"ሆንግ ኮንግ"@byn	<https://panlex.org/snapshot/panlex-20191001-csv/6898#113618866>				<https://panlex.org/snapshot/panlex-20191001-csv/6898#113618790>		"Hong Kong SAR China"@en	
"ራሺያ"@byn	<https://panlex.org/snapshot/panlex-20191001-csv/6898#113645915>				<https://panlex.org/snapshot/panlex-20191001-csv/6898#113645871>		"𐐡𐐲𐑇𐐲"@en	
"ራሺያ"@byn	<https://panlex.org/snapshot/panlex-20191001-csv/6898#113645915>				<https://panlex.org/snapshot/panlex-20191001-csv/6898#113645948>		"Russia"@en	
"ቻድ"@byn	<https://panlex.org/snapshot/panlex-20191001-csv/6898#113643324>				<https://panlex.org/snapshot/panlex-20191001-csv/6898#113643335>		"𐐕𐐰𐐼"@en	
"ቻድ"@byn	<https://panlex.org/snapshot/panlex-20191001-csv/6898#113643324>				<https://panlex.org/snapshot/panlex-20191001-csv/6898#113643359>		"Chad"@en	
"ላትቪያ"@byn	<https://panlex.org/snapshot/panlex-20191001-csv/6898#113584954>				<https://panlex.org/snapshot/panlex-20191001-csv/6898#113584970>		"𐐢𐐰𐐻𐑂𐐨𐐲"@en	
"ላትቪያ"@byn	<https://panlex.org/snapshot/panlex-20191001-csv/6898#113584954>				<https://panlex.org/snapshot/panlex-20191001-csv/6898#113584942>		"Latvia"@en	
"ትሪኒዳድ እና ቶባጎ"@byn	<https://panlex.org/snapshot/panlex-20191001-csv/6898#113640132>				<https://panlex.org/snapshot/panlex-20191001-csv/6898#113640134>		"𐐓𐑉𐐮𐑌𐐮𐐼𐐰𐐼 𐐰𐑌𐐼 𐐓𐐲𐐺𐐩𐑀𐐬"@en	
"ትሪኒዳድ እና ቶባጎ"@byn	<https://panlex.org/snapshot/panlex-20191001-csv/6898#113640132>				<https://panlex.org/snapshot/panlex-20191001-csv/6898#113640136>		"Trinidad  Tobago"@en	
"ደቡብ አፍሪካ"@byn	<https://panlex.org/snapshot/panlex-20191001-csv/6898#113613573>				<https://panlex.org/snapshot/panlex-20191001-csv/6898#113613572>		"South Africa"@en	
"ደቡብ አፍሪካ"@byn	<https://panlex.org/snapshot/panlex-20191001-csv/6898#113613573>				<https://panlex.org/snapshot/panlex-20191001-csv/6898#113613648>		"𐐝𐐵𐑃 𐐈𐑁𐑉𐐲𐐿𐐲"@en	
"ፊጂ"@byn	<https://panlex.org/snapshot/panlex-20191001-csv/6898#113629866>				<https://panlex.org/snapshot/panlex-20191001-csv/6898#113629896>		"𐐙𐐨𐐾𐐨"@en	
"ፊጂ"@byn	<https://panlex.org/snapshot/panlex-20191001-csv/6898#113629866>				<https://panlex.org/snapshot/panlex-20191001-csv/6898#113630005>		"Fiji"@en	
"ኢኳዶር"@byn	<https://panlex.org/snapshot/panlex-20191001-csv/6898#113610924>				<https://panlex.org/snapshot/panlex-20191001-csv/6898#113610999>		"𐐇𐐿𐐶𐐲𐐼𐐱𐑉"@en	
"ኢኳዶር"@byn	<https://panlex.org/snapshot/panlex-20191001-csv/6898#113610924>				<https://panlex.org/snapshot/panlex-20191001-csv/6898#113611026>		"Ecuador"@en	
"ቱኒዚያ"@byn	<https://panlex.org/snapshot/panlex-20191001-csv/6898#113606418>				<https://panlex.org/snapshot/panlex-20191001-csv/6898#113606424>		"Tunisia"@en	
"ካምቦዲያ"@byn	<https://panlex.org/snapshot/panlex-20191001-csv/6898#113591887>				<https://panlex.org/snapshot/panlex-20191001-csv/6898#113591879>		"𐐗𐐰𐑋𐐺𐐬𐐼𐐨𐐲"@en	
"ካምቦዲያ"@byn	<https://panlex.org/snapshot/panlex-20191001-csv/6898#113591887>				<https://panlex.org/snapshot/panlex-20191001-csv/6898#113591863>		"Cambodia"@en	
"ሊቢያ"@byn	<https://panlex.org/snapshot/panlex-20191001-csv/6898#113597654>				<https://panlex.org/snapshot/panlex-20191001-csv/6898#113597755>		"Libya"@en	
"ሊቢያ"@byn	<https://panlex.org/snapshot/panlex-20191001-csv/6898#113597654>				<https://panlex.org/snapshot/panlex-20191001-csv/6898#113597753>		"𐐢𐐮𐐺𐐨𐐲"@en	
"ፊንላንድ"@byn	<https://panlex.org/snapshot/panlex-20191001-csv/6898#113641538>				<https://panlex.org/snapshot/panlex-20191001-csv/6898#113641594>		"𐐙𐐮𐑌𐑊𐐲𐑌𐐼"@en	
"ፊንላንድ"@byn	<https://panlex.org/snapshot/panlex-20191001-csv/6898#113641538>				<https://panlex.org/snapshot/panlex-20191001-csv/6898#113641509>		"Finland"@en	
"ኔዘርላንድ"@byn	<https://panlex.org/snapshot/panlex-20191001-csv/6898#113635845>				<https://panlex.org/snapshot/panlex-20191001-csv/6898#113635866>		"𐐤𐐯𐑄𐐲𐑉𐑊𐐲𐑌𐐼𐑆"@en	
"ኔዘርላንድ"@byn	<https://panlex.org/snapshot/panlex-20191001-csv/6898#113635845>				<https://panlex.org/snapshot/panlex-20191001-csv/6898#113635751>		"Netherlands"@en	
"ኒው ዚላንድ"@byn	<https://panlex.org/snapshot/panlex-20191001-csv/6898#113587291>				<https://panlex.org/snapshot/panlex-20191001-csv/6898#113587186>		"𐐤𐐭 𐐞𐐨𐑊𐐲𐑌𐐼"@en	
"ኒው ዚላንድ"@byn	<https://panlex.org/snapshot/panlex-20191001-csv/6898#113587291>				<https://panlex.org/snapshot/panlex-20191001-csv/6898#113587106>		"New Zealand"@en	
"laxla"@byn	<https://panlex.org/snapshot/panlex-20191001-csv/5940#81337314>				<https://panlex.org/snapshot/panlex-20191001-csv/5940#81337326>		"bee"@en	
"ላቲንኛ"@byn	<https://panlex.org/snapshot/panlex-20191001-csv/400#13353367>				<https://panlex.org/snapshot/panlex-20191001-csv/400#13353376>		"Latin"@en	
"ላቲንኛ"@byn	<https://panlex.org/snapshot/panlex-20191001-csv/400#13353367>				<https://panlex.org/snapshot/panlex-20191001-csv/400#13353377>		"𐐢𐐰𐐻𐐮𐑌"@en	
"ኦኪታንኛ"@byn	<https://panlex.org/snapshot/panlex-20191001-csv/400#13357549>				<https://panlex.org/snapshot/panlex-20191001-csv/400#13357559>		"Occitan"@en	
"ዴኒሽ"@byn	<https://panlex.org/snapshot/panlex-20191001-csv/400#13345121>				<https://panlex.org/snapshot/panlex-20191001-csv/400#13345133>		"𐐔𐐩𐑌𐐮𐑇"@en	
"ዴኒሽ"@byn	<https://panlex.org/snapshot/panlex-20191001-csv/400#13345121>				<https://panlex.org/snapshot/panlex-20191001-csv/400#13345132>		"Danish"@en	
"ቢስላምኛ"@byn	<https://panlex.org/snapshot/panlex-20191001-csv/400#13342839>				<https://panlex.org/snapshot/panlex-20191001-csv/400#13342847>		"Bislama"@en	
"ጽዋናዊኛ"@byn	<https://panlex.org/snapshot/panlex-20191001-csv/400#13363409>				<https://panlex.org/snapshot/panlex-20191001-csv/400#13363417>		"Tswana"@en	
"ማራዚኛ"@byn	<https://panlex.org/snapshot/panlex-20191001-csv/400#13355580>				<https://panlex.org/snapshot/panlex-20191001-csv/400#13355591>		"Marathi"@en	
"ኤስፐራንቶ"@byn	<https://panlex.org/snapshot/panlex-20191001-csv/400#13346617>				<https://panlex.org/snapshot/panlex-20191001-csv/400#13346628>		"𐐇𐑅𐐹𐐯𐑉𐐪𐑌𐐻𐐬"@en	
"ኤስፐራንቶ"@byn	<https://panlex.org/snapshot/panlex-20191001-csv/400#13346617>				<https://panlex.org/snapshot/panlex-20191001-csv/400#13346627>		"Esperanto"@en	
"ናኡሩ"@byn	<https://panlex.org/snapshot/panlex-20191001-csv/400#13356184>				<https://panlex.org/snapshot/panlex-20191001-csv/400#13356192>		"Nauru"@en	
"ታይኛ"@byn	<https://panlex.org/snapshot/panlex-20191001-csv/400#13362807>				<https://panlex.org/snapshot/panlex-20191001-csv/400#13362817>		"Thai"@en	
"ካላሊሱትኛ"@byn	<https://panlex.org/snapshot/panlex-20191001-csv/400#13352331>				<https://panlex.org/snapshot/panlex-20191001-csv/400#13352339>		"Kalaallisut"@en	
"ይዲሻዊኛ"@byn	<https://panlex.org/snapshot/panlex-20191001-csv/400#13365382>				<https://panlex.org/snapshot/panlex-20191001-csv/400#13365393>		"Yiddish"@en	
"ኪንያርዋንድኛ"@byn	<https://panlex.org/snapshot/panlex-20191001-csv/400#13359616>				<https://panlex.org/snapshot/panlex-20191001-csv/400#13359624>		"Kinyarwanda"@en	
"ዐርቢኛ"@byn	<https://panlex.org/snapshot/panlex-20191001-csv/400#13341367>				<https://panlex.org/snapshot/panlex-20191001-csv/400#13341379>		"𐐇𐑉𐐲𐐺𐐮𐐿"@en	
"ዐርቢኛ"@byn	<https://panlex.org/snapshot/panlex-20191001-csv/400#13341367>				<https://panlex.org/snapshot/panlex-20191001-csv/400#13341378>		"Arabic"@en	
"ቮላፑክኛ"@byn	<https://panlex.org/snapshot/panlex-20191001-csv/400#13364840>				<https://panlex.org/snapshot/panlex-20191001-csv/400#13364847>		"Volapük"@en	
"አይሪሽ"@byn	<https://panlex.org/snapshot/panlex-20191001-csv/400#13348240>				<https://panlex.org/snapshot/panlex-20191001-csv/400#13348252>		"Irish"@en	
"አይሪሽ"@byn	<https://panlex.org/snapshot/panlex-20191001-csv/400#13348240>				<https://panlex.org/snapshot/panlex-20191001-csv/400#13348253>		"𐐌𐑉𐐮𐑇"@en	
"ትግረ"@byn	<https://panlex.org/snapshot/panlex-20191001-csv/400#13362990>				<https://panlex.org/snapshot/panlex-20191001-csv/400#13362997>		"Tigre"@en	
"ደች"@byn	<https://panlex.org/snapshot/panlex-20191001-csv/400#13356749>				<https://panlex.org/snapshot/panlex-20191001-csv/400#13356761>		"Dutch"@en	
"ደች"@byn	<https://panlex.org/snapshot/panlex-20191001-csv/400#13356749>				<https://panlex.org/snapshot/panlex-20191001-csv/400#13356762>		"𐐔𐐲𐐽"@en	
"ፊጂኛ"@byn	<https://panlex.org/snapshot/panlex-20191001-csv/400#13347582>				<https://panlex.org/snapshot/panlex-20191001-csv/400#13347590>		"Fijian"@en	
"ሀንጋሪኛ"@byn	<https://panlex.org/snapshot/panlex-20191001-csv/400#13350043>				<https://panlex.org/snapshot/panlex-20191001-csv/400#13350053>		"Hungarian"@en	
"ኩርድሽኛ"@byn	<https://panlex.org/snapshot/panlex-20191001-csv/400#13353034>				<https://panlex.org/snapshot/panlex-20191001-csv/400#13353044>		"Kurdish"@en	
"ኩርድሽኛ"@byn	<https://panlex.org/snapshot/panlex-20191001-csv/400#13353034>				<https://panlex.org/snapshot/panlex-20191001-csv/400#13353045>		"𐐗𐐲𐑉𐐼𐐮𐑇"@en	
"ዎሎፍኛ"@byn	<https://panlex.org/snapshot/panlex-20191001-csv/400#13365129>				<https://panlex.org/snapshot/panlex-20191001-csv/400#13365138>		"Wolof"@en	
"ወልሽ"@byn	<https://panlex.org/snapshot/panlex-20191001-csv/400#13345026>				<https://panlex.org/snapshot/panlex-20191001-csv/400#13345037>		"Welsh"@en	
"ወልሽ"@byn	<https://panlex.org/snapshot/panlex-20191001-csv/400#13345026>				<https://panlex.org/snapshot/panlex-20191001-csv/400#13345038>		"𐐎𐐯𐑊𐑇"@en	
"ዮሩባዊኛ"@byn	<https://panlex.org/snapshot/panlex-20191001-csv/400#13365470>				<https://panlex.org/snapshot/panlex-20191001-csv/400#13365478>		"Yoruba"@en	
"ቶንጋ"@byn	<https://panlex.org/snapshot/panlex-20191001-csv/400#13363457>				<https://panlex.org/snapshot/panlex-20191001-csv/400#13363465>		"Tonga"@en	
"እኑክቲቱትኛ"@byn	<https://panlex.org/snapshot/panlex-20191001-csv/400#13351259>				<https://panlex.org/snapshot/panlex-20191001-csv/400#13351267>		"Inuktitut"@en	
"ጀርመን"@byn	<https://panlex.org/snapshot/panlex-20191001-csv/400#13345338>				<https://panlex.org/snapshot/panlex-20191001-csv/400#13345349>		"𐐖𐐲𐑉𐑋𐑌𐐲"@en	
"ጀርመን"@byn	<https://panlex.org/snapshot/panlex-20191001-csv/400#13345338>				<https://panlex.org/snapshot/panlex-20191001-csv/400#13345348>		"German"@en	
"ሾናኛ"@byn	<https://panlex.org/snapshot/panlex-20191001-csv/400#13361281>				<https://panlex.org/snapshot/panlex-20191001-csv/400#13361289>		"Shona"@en	
"ላትቪያን"@byn	<https://panlex.org/snapshot/panlex-20191001-csv/400#13354273>				<https://panlex.org/snapshot/panlex-20191001-csv/400#13354283>		"Latvian"@en	
"ላትቪያን"@byn	<https://panlex.org/snapshot/panlex-20191001-csv/400#13354273>				<https://panlex.org/snapshot/panlex-20191001-csv/400#13354284>		"𐐢𐐰𐐻𐑂𐐨𐐲𐑌"@en	
"ስሎቫክኛ"@byn	<https://panlex.org/snapshot/panlex-20191001-csv/400#13360810>				<https://panlex.org/snapshot/panlex-20191001-csv/400#13360819>		"Slovak"@en	
"ሳሞአኛ"@byn	<https://panlex.org/snapshot/panlex-20191001-csv/400#13361049>				<https://panlex.org/snapshot/panlex-20191001-csv/400#13361057>		"Samoan"@en	
"ኡርዱኛ"@byn	<https://panlex.org/snapshot/panlex-20191001-csv/400#13364485>				<https://panlex.org/snapshot/panlex-20191001-csv/400#13364496>		"Urdu"@en	
"ሞንጎላዊኛ"@byn	<https://panlex.org/snapshot/panlex-20191001-csv/400#13355251>				<https://panlex.org/snapshot/panlex-20191001-csv/400#13355262>		"𐐣𐐱𐑍𐐬𐑊𐐨𐐲𐑌"@en	
"ሞንጎላዊኛ"@byn	<https://panlex.org/snapshot/panlex-20191001-csv/400#13355251>				<https://panlex.org/snapshot/panlex-20191001-csv/400#13355261>		"Mongolian"@en	
"ጃፓንኛ"@byn	<https://panlex.org/snapshot/panlex-20191001-csv/400#13351314>				<https://panlex.org/snapshot/panlex-20191001-csv/400#13351325>		"𐐖𐐰𐐹𐐲𐑌𐐨𐑆"@en	
"ጃፓንኛ"@byn	<https://panlex.org/snapshot/panlex-20191001-csv/400#13351314>				<https://panlex.org/snapshot/panlex-20191001-csv/400#13351324>		"Japanese"@en	
"እስኮትስ ጌልክኛ"@byn	<https://panlex.org/snapshot/panlex-20191001-csv/400#13348449>				<https://panlex.org/snapshot/panlex-20191001-csv/400#13348460>		"Scottish Gaelic"@en	
"ካናዳኛ"@byn	<https://panlex.org/snapshot/panlex-20191001-csv/400#13352512>				<https://panlex.org/snapshot/panlex-20191001-csv/400#13352523>		"Kannada"@en	
"አይስላንድኛ"@byn	<https://panlex.org/snapshot/panlex-20191001-csv/400#13351049>				<https://panlex.org/snapshot/panlex-20191001-csv/400#13351060>		"Icelandic"@en	
"አይስላንድኛ"@byn	<https://panlex.org/snapshot/panlex-20191001-csv/400#13351049>				<https://panlex.org/snapshot/panlex-20191001-csv/400#13351061>		"𐐌𐑅𐑊𐐰𐑌𐐼𐐮𐐿"@en	
"ሊንጋላኛ"@byn	<https://panlex.org/snapshot/panlex-20191001-csv/400#13353726>				<https://panlex.org/snapshot/panlex-20191001-csv/400#13353735>		"Lingala"@en	
"ዙሉኛ"@byn	<https://panlex.org/snapshot/panlex-20191001-csv/400#13365950>				<https://panlex.org/snapshot/panlex-20191001-csv/400#13365960>		"Zulu"@en	
"ግሪክኛ"@byn	<https://panlex.org/snapshot/panlex-20191001-csv/400#13346138>				<https://panlex.org/snapshot/panlex-20191001-csv/400#13346151>		"𐐘𐑉𐐨𐐿"@en	
"ግሪክኛ"@byn	<https://panlex.org/snapshot/panlex-20191001-csv/400#13346138>				<https://panlex.org/snapshot/panlex-20191001-csv/400#13346150>		"Greek"@en	
"ባስክኛ"@byn	<https://panlex.org/snapshot/panlex-20191001-csv/400#13347008>				<https://panlex.org/snapshot/panlex-20191001-csv/400#13347017>		"Basque"@en	
"ባስክኛ"@byn	<https://panlex.org/snapshot/panlex-20191001-csv/400#13347008>				<https://panlex.org/snapshot/panlex-20191001-csv/400#13347018>		"𐐒𐐰𐑅𐐿"@en	
"ፑሽቶኛ"@byn	<https://panlex.org/snapshot/panlex-20191001-csv/400#13358657>				<https://panlex.org/snapshot/panlex-20191001-csv/400#13358668>		"Pashto"@en	
"ፑሽቶኛ"@byn	<https://panlex.org/snapshot/panlex-20191001-csv/400#13358657>				<https://panlex.org/snapshot/panlex-20191001-csv/400#13358667>		"Pushto"@en	
"ኤስቶኒአን"@byn	<https://panlex.org/snapshot/panlex-20191001-csv/400#13346906>				<https://panlex.org/snapshot/panlex-20191001-csv/400#13346918>		"𐐀𐑅𐐻𐐬𐑌𐐨𐐲𐑌"@en	
"ኤስቶኒአን"@byn	<https://panlex.org/snapshot/panlex-20191001-csv/400#13346906>				<https://panlex.org/snapshot/panlex-20191001-csv/400#13346917>		"Estonian"@en	
"ፐርሲያኛ"@byn	<https://panlex.org/snapshot/panlex-20191001-csv/400#13347137>				<https://panlex.org/snapshot/panlex-20191001-csv/400#13347147>		"Persian"@en	
"እንዶኒሲኛ"@byn	<https://panlex.org/snapshot/panlex-20191001-csv/400#13350430>				<https://panlex.org/snapshot/panlex-20191001-csv/400#13350441>		"Indonesian"@en	
"እንዶኒሲኛ"@byn	<https://panlex.org/snapshot/panlex-20191001-csv/400#13350430>				<https://panlex.org/snapshot/panlex-20191001-csv/400#13350442>		"𐐆𐑌𐐼𐐬𐑌𐐨𐑈𐐲𐑌"@en	
"ስዊድንኛ"@byn	<https://panlex.org/snapshot/panlex-20191001-csv/400#13362157>				<https://panlex.org/snapshot/panlex-20191001-csv/400#13362166>		"Swedish"@en	
"ግዕዝኛ"@byn	<https://panlex.org/snapshot/panlex-20191001-csv/400#13348588>				<https://panlex.org/snapshot/panlex-20191001-csv/400#13348595>		"Geez"@en	
"ፖሊሽ"@byn	<https://panlex.org/snapshot/panlex-20191001-csv/400#13358444>				<https://panlex.org/snapshot/panlex-20191001-csv/400#13358454>		"Polish"@en	
"ሱማልኛ"@byn	<https://panlex.org/snapshot/panlex-20191001-csv/400#13361364>				<https://panlex.org/snapshot/panlex-20191001-csv/400#13361374>		"Somali"@en	
"ታታርኛ"@byn	<https://panlex.org/snapshot/panlex-20191001-csv/400#13363750>				<https://panlex.org/snapshot/panlex-20191001-csv/400#13363758>		"Tatar"@en	
"ቤላራሻኛ"@byn	<https://panlex.org/snapshot/panlex-20191001-csv/400#13342402>				<https://panlex.org/snapshot/panlex-20191001-csv/400#13342412>		"Belarusian"@en	
"ሳንስክሪትኛ"@byn	<https://panlex.org/snapshot/panlex-20191001-csv/400#13359667>				<https://panlex.org/snapshot/panlex-20191001-csv/400#13359677>		"Sanskrit"@en	
"ሶዞኛ"@byn	<https://panlex.org/snapshot/panlex-20191001-csv/400#13361865>				<https://panlex.org/snapshot/panlex-20191001-csv/400#13361873>		"Southern Sotho"@en	
"እኑፒያቅኛ"@byn	<https://panlex.org/snapshot/panlex-20191001-csv/400#13350714>				<https://panlex.org/snapshot/panlex-20191001-csv/400#13350722>		"Inupiaq"@en	
"ፍሪስኛ"@byn	<https://panlex.org/snapshot/panlex-20191001-csv/400#13348145>				<https://panlex.org/snapshot/panlex-20191001-csv/400#13348155>		"Western Frisian"@en	
"ኦሪያኛ"@byn	<https://panlex.org/snapshot/panlex-20191001-csv/400#13357728>				<https://panlex.org/snapshot/panlex-20191001-csv/400#13357739>		"Oriya"@en	
"ቼክኛ"@byn	<https://panlex.org/snapshot/panlex-20191001-csv/400#13344767>				<https://panlex.org/snapshot/panlex-20191001-csv/400#13344777>		"Czech"@en	
"ቼክኛ"@byn	<https://panlex.org/snapshot/panlex-20191001-csv/400#13344767>				<https://panlex.org/snapshot/panlex-20191001-csv/400#13344778>		"𐐕𐐯𐐿"@en	
"ሰርቢኛ"@byn	<https://panlex.org/snapshot/panlex-20191001-csv/400#13361619>				<https://panlex.org/snapshot/panlex-20191001-csv/400#13361629>		"Serbian"@en	
"ሊቱአኒያን"@byn	<https://panlex.org/snapshot/panlex-20191001-csv/400#13353972>				<https://panlex.org/snapshot/panlex-20191001-csv/400#13353982>		"Lithuanian"@en	
"ብሬቶንኛ"@byn	<https://panlex.org/snapshot/panlex-20191001-csv/400#13343232>				<https://panlex.org/snapshot/panlex-20191001-csv/400#13343241>		"Breton"@en	
"ብሬቶንኛ"@byn	<https://panlex.org/snapshot/panlex-20191001-csv/400#13343232>				<https://panlex.org/snapshot/panlex-20191001-csv/400#13343242>		"𐐒𐑉𐐯𐐻𐐲𐑌"@en	
"ማላይኛ"@byn	<https://panlex.org/snapshot/panlex-20191001-csv/400#13355676>				<https://panlex.org/snapshot/panlex-20191001-csv/400#13355686>		"Malay"@en	
"አዜርባይጃንኛ"@byn	<https://panlex.org/snapshot/panlex-20191001-csv/400#13342025>				<https://panlex.org/snapshot/panlex-20191001-csv/400#13342036>		"Azeri"@en	
"አዜርባይጃንኛ"@byn	<https://panlex.org/snapshot/panlex-20191001-csv/400#13342025>				<https://panlex.org/snapshot/panlex-20191001-csv/400#13342035>		"Azerbaijani"@en	
"ታጂኪኛ"@byn	<https://panlex.org/snapshot/panlex-20191001-csv/400#13362750>				<https://panlex.org/snapshot/panlex-20191001-csv/400#13362757>		"Tajik"@en	
"እንግሊዝኛ"@byn	<https://panlex.org/snapshot/panlex-20191001-csv/400#13346280>				<https://panlex.org/snapshot/panlex-20191001-csv/400#13346291>		"English"@en	
"እንግሊዝኛ"@byn	<https://panlex.org/snapshot/panlex-20191001-csv/400#13346280>				<https://panlex.org/snapshot/panlex-20191001-csv/400#13346292>		"𐐀𐑍𐑊𐐮𐑇"@en	
"ጣሊያንኛ"@byn	<https://panlex.org/snapshot/panlex-20191001-csv/400#13351152>				<https://panlex.org/snapshot/panlex-20191001-csv/400#13351164>		"Italian"@en	
"ጣሊያንኛ"@byn	<https://panlex.org/snapshot/panlex-20191001-csv/400#13351152>				<https://panlex.org/snapshot/panlex-20191001-csv/400#13351165>		"𐐆𐐻𐐰𐑊𐐷𐐲𐑌"@en	
"ፈረንሳይኛ"@byn	<https://panlex.org/snapshot/panlex-20191001-csv/400#13347770>				<https://panlex.org/snapshot/panlex-20191001-csv/400#13347780>		"French"@en	
"ፈረንሳይኛ"@byn	<https://panlex.org/snapshot/panlex-20191001-csv/400#13347770>				<https://panlex.org/snapshot/panlex-20191001-csv/400#13347781>		"𐐙𐑉𐐯𐑌𐐽"@en	
"ጃቫንኛ"@byn	<https://panlex.org/snapshot/panlex-20191001-csv/400#13351540>				<https://panlex.org/snapshot/panlex-20191001-csv/400#13351549>		"Javanese"@en	
"ጃቫንኛ"@byn	<https://panlex.org/snapshot/panlex-20191001-csv/400#13351540>				<https://panlex.org/snapshot/panlex-20191001-csv/400#13351550>		"𐐖𐐪𐑂𐐲𐑌𐐨𐑆"@en	
"ኵቿኛ"@byn	<https://panlex.org/snapshot/panlex-20191001-csv/400#13358999>				<https://panlex.org/snapshot/panlex-20191001-csv/400#13359007>		"Quechua"@en	
"ስዋቲኛ"@byn	<https://panlex.org/snapshot/panlex-20191001-csv/400#13361778>				<https://panlex.org/snapshot/panlex-20191001-csv/400#13361786>		"Swati"@en	
"ሲንድሂኛ"@byn	<https://panlex.org/snapshot/panlex-20191001-csv/400#13360138>				<https://panlex.org/snapshot/panlex-20191001-csv/400#13360148>		"Sindhi"@en	
"ጓራኒኛ"@byn	<https://panlex.org/snapshot/panlex-20191001-csv/400#13348804>				<https://panlex.org/snapshot/panlex-20191001-csv/400#13348813>		"Guarani"@en	
"ስንሃልኛ"@byn	<https://panlex.org/snapshot/panlex-20191001-csv/400#13360598>				<https://panlex.org/snapshot/panlex-20191001-csv/400#13360609>		"Sinhala"@en	
"ካዛክኛ"@byn	<https://panlex.org/snapshot/panlex-20191001-csv/400#13352275>				<https://panlex.org/snapshot/panlex-20191001-csv/400#13352283>		"Kazakh"@en	
"ጋለጋኛ"@byn	<https://panlex.org/snapshot/panlex-20191001-csv/400#13348670>				<https://panlex.org/snapshot/panlex-20191001-csv/400#13348680>		"Galician"@en	
"ፓንጃቢኛ"@byn	<https://panlex.org/snapshot/panlex-20191001-csv/400#13357973>				<https://panlex.org/snapshot/panlex-20191001-csv/400#13357983>		"Punjabi"@en	
"አፋርኛ"@byn	<https://panlex.org/snapshot/panlex-20191001-csv/400#13340384>				<https://panlex.org/snapshot/panlex-20191001-csv/400#13340391>		"Afar"@en	
"ዡዋንግኛ"@byn	<https://panlex.org/snapshot/panlex-20191001-csv/400#13365553>				<https://panlex.org/snapshot/panlex-20191001-csv/400#13365561>		"Zhuang"@en	
"ኖርዌጂያን"@byn	<https://panlex.org/snapshot/panlex-20191001-csv/400#13356978>				<https://panlex.org/snapshot/panlex-20191001-csv/400#13356988>		"Norwegian"@en	
"ቡልጋሪኛ"@byn	<https://panlex.org/snapshot/panlex-20191001-csv/400#13342613>				<https://panlex.org/snapshot/panlex-20191001-csv/400#13342623>		"Bulgarian"@en	
"ስዋሂሊኛ"@byn	<https://panlex.org/snapshot/panlex-20191001-csv/400#13362259>				<https://panlex.org/snapshot/panlex-20191001-csv/400#13362269>		"Swahili"@en	
"ኢንቴርሊንጓ"@byn	<https://panlex.org/snapshot/panlex-20191001-csv/400#13350302>				<https://panlex.org/snapshot/panlex-20191001-csv/400#13350312>		"Interlingua"@en	
"ኢንቴርሊንጓ"@byn	<https://panlex.org/snapshot/panlex-20191001-csv/400#13350302>				<https://panlex.org/snapshot/panlex-20191001-csv/400#13350313>		"𐐆𐑌𐐻𐐲𐑉𐑊𐐮𐑍𐐶𐐲"@en	
"ትግርኛ"@byn	<https://panlex.org/snapshot/panlex-20191001-csv/400#13362904>				<https://panlex.org/snapshot/panlex-20191001-csv/400#13362914>		"Tigrinya"@en	
"ፖርቱጋሊኛ"@byn	<https://panlex.org/snapshot/panlex-20191001-csv/400#13358753>				<https://panlex.org/snapshot/panlex-20191001-csv/400#13358762>		"Portuguese"@en	
"ኮርሲካኛ"@byn	<https://panlex.org/snapshot/panlex-20191001-csv/400#13344432>				<https://panlex.org/snapshot/panlex-20191001-csv/400#13344440>		"Corsican"@en	
"ኮርሲካኛ"@byn	<https://panlex.org/snapshot/panlex-20191001-csv/400#13344432>				<https://panlex.org/snapshot/panlex-20191001-csv/400#13344441>		"𐐗𐐬𐑉𐑅𐐮𐐿𐐲𐑌"@en	
"ቢሃሪ"@byn	<https://panlex.org/snapshot/panlex-20191001-csv/400#13342710>				<https://panlex.org/snapshot/panlex-20191001-csv/400#13342721>		"Bihari"@en	
"ኡዊግሁርኛ"@byn	<https://panlex.org/snapshot/panlex-20191001-csv/400#13364162>				<https://panlex.org/snapshot/panlex-20191001-csv/400#13364173>		"Uyghur"@en	
"ኡዊግሁርኛ"@byn	<https://panlex.org/snapshot/panlex-20191001-csv/400#13364162>				<https://panlex.org/snapshot/panlex-20191001-csv/400#13364172>		"Uighur"@en	
"ፋሮኛ"@byn	<https://panlex.org/snapshot/panlex-20191001-csv/400#13347640>				<https://panlex.org/snapshot/panlex-20191001-csv/400#13347650>		"Faroese"@en	
"ማላያላምኛ"@byn	<https://panlex.org/snapshot/panlex-20191001-csv/400#13355155>				<https://panlex.org/snapshot/panlex-20191001-csv/400#13355166>		"Malayalam"@en	
"ባስኪርኛ"@byn	<https://panlex.org/snapshot/panlex-20191001-csv/400#13342117>				<https://panlex.org/snapshot/panlex-20191001-csv/400#13342125>		"Bashkir"@en	
"ሲዳምኛ"@byn	<https://panlex.org/snapshot/panlex-20191001-csv/400#13360690>				<https://panlex.org/snapshot/panlex-20191001-csv/400#13360696>		"Sidamo"@en	
"ሃውሳኛ"@byn	<https://panlex.org/snapshot/panlex-20191001-csv/400#13349350>				<https://panlex.org/snapshot/panlex-20191001-csv/400#13349357>		"Hausa"@en	
"ሳንጎኛ"@byn	<https://panlex.org/snapshot/panlex-20191001-csv/400#13360338>				<https://panlex.org/snapshot/panlex-20191001-csv/400#13360345>		"Sango"@en	
"ዞሳኛ"@byn	<https://panlex.org/snapshot/panlex-20191001-csv/400#13365222>				<https://panlex.org/snapshot/panlex-20191001-csv/400#13365232>		"Xhosa"@en	
"ቻይንኛ"@byn	<https://panlex.org/snapshot/panlex-20191001-csv/400#13365703>				<https://panlex.org/snapshot/panlex-20191001-csv/400#13365713>		"Chinese"@en	
"ቻይንኛ"@byn	<https://panlex.org/snapshot/panlex-20191001-csv/400#13365703>				<https://panlex.org/snapshot/panlex-20191001-csv/400#13365714>		"𐐕𐐴𐑌𐐨𐑆"@en	
"ጾንጋኛ"@byn	<https://panlex.org/snapshot/panlex-20191001-csv/400#13363669>				<https://panlex.org/snapshot/panlex-20191001-csv/400#13363677>		"Tsonga"@en	
"በንጋሊኛ"@byn	<https://panlex.org/snapshot/panlex-20191001-csv/400#13343028>				<https://panlex.org/snapshot/panlex-20191001-csv/400#13343039>		"Bengali"@en	
"ካሽሚርኛ"@byn	<https://panlex.org/snapshot/panlex-20191001-csv/400#13352977>				<https://panlex.org/snapshot/panlex-20191001-csv/400#13352987>		"Kashmiri"@en	
"ትዊኛ"@byn	<https://panlex.org/snapshot/panlex-20191001-csv/400#13363956>				<https://panlex.org/snapshot/panlex-20191001-csv/400#13363965>		"Twi"@en	
"ማልቲስኛ"@byn	<https://panlex.org/snapshot/panlex-20191001-csv/400#13355772>				<https://panlex.org/snapshot/panlex-20191001-csv/400#13355782>		"Maltese"@en	
"ካታላንኛ"@byn	<https://panlex.org/snapshot/panlex-20191001-csv/400#13343602>				<https://panlex.org/snapshot/panlex-20191001-csv/400#13343612>		"Catalan"@en	
"ካታላንኛ"@byn	<https://panlex.org/snapshot/panlex-20191001-csv/400#13343602>				<https://panlex.org/snapshot/panlex-20191001-csv/400#13343613>		"𐐗𐐪𐐻𐐲𐑊𐐪𐑌"@en	
"ታጋሎገኛ"@byn	<https://panlex.org/snapshot/panlex-20191001-csv/400#13363189>				<https://panlex.org/snapshot/panlex-20191001-csv/400#13363197>		"Tagalog"@en	
"ሮማንስ"@byn	<https://panlex.org/snapshot/panlex-20191001-csv/400#13359155>				<https://panlex.org/snapshot/panlex-20191001-csv/400#13359163>		"Rhaeto-Romance"@en	
"ተሉጉኛ"@byn	<https://panlex.org/snapshot/panlex-20191001-csv/400#13362556>				<https://panlex.org/snapshot/panlex-20191001-csv/400#13362567>		"Telugu"@en	
"ሐንድኛ"@byn	<https://panlex.org/snapshot/panlex-20191001-csv/400#13349585>				<https://panlex.org/snapshot/panlex-20191001-csv/400#13349596>		"Hindi"@en	
"ሐንድኛ"@byn	<https://panlex.org/snapshot/panlex-20191001-csv/400#13349585>				<https://panlex.org/snapshot/panlex-20191001-csv/400#13349597>		"𐐐𐐮𐑌𐐼𐐨"@en	
"ትበትንኛ"@byn	<https://panlex.org/snapshot/panlex-20191001-csv/400#13343169>				<https://panlex.org/snapshot/panlex-20191001-csv/400#13343178>		"Tibetan"@en	
"አፍሪቃንስኛ"@byn	<https://panlex.org/snapshot/panlex-20191001-csv/400#13340683>				<https://panlex.org/snapshot/panlex-20191001-csv/400#13340693>		"Afrikaans"@en	
"አሳሜዛዊ"@byn	<https://panlex.org/snapshot/panlex-20191001-csv/400#13341677>				<https://panlex.org/snapshot/panlex-20191001-csv/400#13341688>		"Assamese"@en	
"ቪትናምኛ"@byn	<https://panlex.org/snapshot/panlex-20191001-csv/400#13364750>				<https://panlex.org/snapshot/panlex-20191001-csv/400#13364760>		"Vietnamese"@en	
"ራሽኛ"@byn	<https://panlex.org/snapshot/panlex-20191001-csv/400#13359477>				<https://panlex.org/snapshot/panlex-20191001-csv/400#13359487>		"Russian"@en	
"ዩክረኒኛ"@byn	<https://panlex.org/snapshot/panlex-20191001-csv/400#13364286>				<https://panlex.org/snapshot/panlex-20191001-csv/400#13364297>		"Ukrainian"@en	
"ማከዶኒኛ"@byn	<https://panlex.org/snapshot/panlex-20191001-csv/400#13355021>				<https://panlex.org/snapshot/panlex-20191001-csv/400#13355032>		"𐐣𐐰𐑅𐐯𐐼𐐬𐑌𐐨𐐲𐑌"@en	
"ማከዶኒኛ"@byn	<https://panlex.org/snapshot/panlex-20191001-csv/400#13355021>				<https://panlex.org/snapshot/panlex-20191001-csv/400#13355031>		"Macedonian"@en	
"ኮሪያኛ"@byn	<https://panlex.org/snapshot/panlex-20191001-csv/400#13352608>				<https://panlex.org/snapshot/panlex-20191001-csv/400#13352619>		"Korean"@en	
"ኮሪያኛ"@byn	<https://panlex.org/snapshot/panlex-20191001-csv/400#13352608>				<https://panlex.org/snapshot/panlex-20191001-csv/400#13352620>		"𐐗𐐬𐑉𐐨𐐲𐑌"@en	
"ሱዳንኛ"@byn	<https://panlex.org/snapshot/panlex-20191001-csv/400#13361953>				<https://panlex.org/snapshot/panlex-20191001-csv/400#13361963>		"Sundanese"@en	
"ክሮሽያንኛ"@byn	<https://panlex.org/snapshot/panlex-20191001-csv/400#13349868>				<https://panlex.org/snapshot/panlex-20191001-csv/400#13349878>		"Croatian"@en	
"ክሮሽያንኛ"@byn	<https://panlex.org/snapshot/panlex-20191001-csv/400#13349868>				<https://panlex.org/snapshot/panlex-20191001-csv/400#13349879>		"𐐗𐑉𐐬𐐩𐑇𐐲𐑌"@en	
"ላውስኛ"@byn	<https://panlex.org/snapshot/panlex-20191001-csv/400#13353813>				<https://panlex.org/snapshot/panlex-20191001-csv/400#13353824>		"Lao"@en	
"ላውስኛ"@byn	<https://panlex.org/snapshot/panlex-20191001-csv/400#13353813>				<https://panlex.org/snapshot/panlex-20191001-csv/400#13353825>		"𐐢𐐵"@en	
"ኡዝበክኛ"@byn	<https://panlex.org/snapshot/panlex-20191001-csv/400#13364582>				<https://panlex.org/snapshot/panlex-20191001-csv/400#13364592>		"Uzbek"@en	
"አማርኛ"@byn	<https://panlex.org/snapshot/panlex-20191001-csv/400#13341099>				<https://panlex.org/snapshot/panlex-20191001-csv/400#13341108>		"Amharic"@en	
"ቱርክኛ"@byn	<https://panlex.org/snapshot/panlex-20191001-csv/400#13363579>				<https://panlex.org/snapshot/panlex-20191001-csv/400#13363588>		"Turkish"@en	
"ስፓኒሽ"@byn	<https://panlex.org/snapshot/panlex-20191001-csv/400#13346716>				<https://panlex.org/snapshot/panlex-20191001-csv/400#13346728>		"𐐝𐐹𐐰𐑌𐐮𐑇"@en	
"ስፓኒሽ"@byn	<https://panlex.org/snapshot/panlex-20191001-csv/400#13346716>				<https://panlex.org/snapshot/panlex-20191001-csv/400#13346727>		"Spanish"@en	
"ኪርጊዝኛ"@byn	<https://panlex.org/snapshot/panlex-20191001-csv/400#13353275>				<https://panlex.org/snapshot/panlex-20191001-csv/400#13353285>		"Kirghiz"@en	
"እንተርሊንግወ"@byn	<https://panlex.org/snapshot/panlex-20191001-csv/400#13350532>				<https://panlex.org/snapshot/panlex-20191001-csv/400#13350542>		"Interlingue"@en	
"ቱርክመንኛ"@byn	<https://panlex.org/snapshot/panlex-20191001-csv/400#13363068>				<https://panlex.org/snapshot/panlex-20191001-csv/400#13363078>		"Turkmen"@en	
"ታሚልኛ"@byn	<https://panlex.org/snapshot/panlex-20191001-csv/400#13362418>				<https://panlex.org/snapshot/panlex-20191001-csv/400#13362429>		"Tamil"@en	
"ክመርኛ"@byn	<https://panlex.org/snapshot/panlex-20191001-csv/400#13352386>				<https://panlex.org/snapshot/panlex-20191001-csv/400#13352398>		"𐐗𐐲𐑋𐐯𐑉"@en	
"ክመርኛ"@byn	<https://panlex.org/snapshot/panlex-20191001-csv/400#13352386>				<https://panlex.org/snapshot/panlex-20191001-csv/400#13352397>		"Khmer"@en	
"አያማርኛ"@byn	<https://panlex.org/snapshot/panlex-20191001-csv/400#13341967>				<https://panlex.org/snapshot/panlex-20191001-csv/400#13341976>		"Aymara"@en	
"ቡርማኛ"@byn	<https://panlex.org/snapshot/panlex-20191001-csv/400#13356049>				<https://panlex.org/snapshot/panlex-20191001-csv/400#13356060>		"𐐒𐐲𐑉𐑋𐐨𐑆"@en	
"ቡርማኛ"@byn	<https://panlex.org/snapshot/panlex-20191001-csv/400#13356049>				<https://panlex.org/snapshot/panlex-20191001-csv/400#13356059>		"Burmese"@en	
"ኦሮምኛ"@byn	<https://panlex.org/snapshot/panlex-20191001-csv/400#13357676>				<https://panlex.org/snapshot/panlex-20191001-csv/400#13357684>		"Oromo"@en	
"ድዞንግኻኛ"@byn	<https://panlex.org/snapshot/panlex-20191001-csv/400#13345927>				<https://panlex.org/snapshot/panlex-20191001-csv/400#13345935>		"Dzongkha"@en	
"ጊዮርጊያን"@byn	<https://panlex.org/snapshot/panlex-20191001-csv/400#13351636>				<https://panlex.org/snapshot/panlex-20191001-csv/400#13351647>		"𐐖𐐬𐑉𐐾𐐲𐑌"@en	
"ጊዮርጊያን"@byn	<https://panlex.org/snapshot/panlex-20191001-csv/400#13351636>				<https://panlex.org/snapshot/panlex-20191001-csv/400#13351646>		"Georgian"@en	
"ፊኒሽ"@byn	<https://panlex.org/snapshot/panlex-20191001-csv/400#13347347>				<https://panlex.org/snapshot/panlex-20191001-csv/400#13347357>		"Finnish"@en	
"ማላጋስኛ"@byn	<https://panlex.org/snapshot/panlex-20191001-csv/400#13354723>				<https://panlex.org/snapshot/panlex-20191001-csv/400#13354731>		"Malagasy"@en	
"አብሐዚኛ"@byn	<https://panlex.org/snapshot/panlex-20191001-csv/400#13340435>				<https://panlex.org/snapshot/panlex-20191001-csv/400#13340443>		"Abkhazian"@en	
"ዕብራስጥ"@byn	<https://panlex.org/snapshot/panlex-20191001-csv/400#13349483>				<https://panlex.org/snapshot/panlex-20191001-csv/400#13349495>		"Hebrew"@en	
"ሮማኒያን"@byn	<https://panlex.org/snapshot/panlex-20191001-csv/400#13359263>				<https://panlex.org/snapshot/panlex-20191001-csv/400#13359273>		"Romanian"@en	
"ሩንዲኛ"@byn	<https://panlex.org/snapshot/panlex-20191001-csv/400#13359212>				<https://panlex.org/snapshot/panlex-20191001-csv/400#13359220>		"Rundi"@en	
"ኔፓሊኛ"@byn	<https://panlex.org/snapshot/panlex-20191001-csv/400#13356480>				<https://panlex.org/snapshot/panlex-20191001-csv/400#13356491>		"Nepali"@en	
"ሞልዳቫዊና"@byn	<https://panlex.org/snapshot/panlex-20191001-csv/400#13355452>				<https://panlex.org/snapshot/panlex-20191001-csv/400#13355461>		"Moldavian"@en	
"ሞልዳቫዊና"@byn	<https://panlex.org/snapshot/panlex-20191001-csv/400#13355452>				<https://panlex.org/snapshot/panlex-20191001-csv/400#13355462>		"𐐣𐐬𐑊𐐼𐐩𐑂𐐨𐐲𐑌"@en	
"ብሊን"@byn	<https://panlex.org/snapshot/panlex-20191001-csv/400#13343557>				<https://panlex.org/snapshot/panlex-20191001-csv/400#13343564>		"𐐒𐑊𐐮𐑌"@en	
"ብሊን"@byn	<https://panlex.org/snapshot/panlex-20191001-csv/400#13343557>				<https://panlex.org/snapshot/panlex-20191001-csv/400#13343563>		"Blin"@en	
"ስሎቪኛ"@byn	<https://panlex.org/snapshot/panlex-20191001-csv/400#13360905>				<https://panlex.org/snapshot/panlex-20191001-csv/400#13360915>		"Slovenian"@en	
"ማዮሪኛ"@byn	<https://panlex.org/snapshot/panlex-20191001-csv/400#13354851>				<https://panlex.org/snapshot/panlex-20191001-csv/400#13354858>		"Maori"@en	
"ማዮሪኛ"@byn	<https://panlex.org/snapshot/panlex-20191001-csv/400#13354851>				<https://panlex.org/snapshot/panlex-20191001-csv/400#13354859>		"𐐣𐐵𐑉𐐨"@en	
"ልቤኒኛ"@byn	<https://panlex.org/snapshot/panlex-20191001-csv/400#13361521>				<https://panlex.org/snapshot/panlex-20191001-csv/400#13361532>		"Albanian"@en	
"አርመናዊ"@byn	<https://panlex.org/snapshot/panlex-20191001-csv/400#13350176>				<https://panlex.org/snapshot/panlex-20191001-csv/400#13350187>		"Armenian"@en	
"አርመናዊ"@byn	<https://panlex.org/snapshot/panlex-20191001-csv/400#13350176>				<https://panlex.org/snapshot/panlex-20191001-csv/400#13350188>		"𐐂𐑉𐑋𐐨𐑌𐐨𐐲𐑌"@en	
"ጉጃርቲኛ"@byn	<https://panlex.org/snapshot/panlex-20191001-csv/400#13349181>				<https://panlex.org/snapshot/panlex-20191001-csv/400#13349191>		"Gujarati"@en	
"ብሊና"@byn	<https://panlex.org/snapshot/panlex-20191001-csv/0#107619228>				<https://panlex.org/snapshot/panlex-20191001-csv/0#113515092>		"Blin"@en	
"ብሊና"@byn	<https://panlex.org/snapshot/panlex-20191001-csv/0#107619228>				<https://panlex.org/snapshot/panlex-20191001-csv/0#113515094>		"Bilen"@en	
"ብሊና"@byn	<https://panlex.org/snapshot/panlex-20191001-csv/0#107619228>				<https://panlex.org/snapshot/panlex-20191001-csv/0#113515093>		"Bilin"@en	
