"गिग्टक"@xsr	<https://panlex.org/snapshot/panlex-20191001-csv/5947#84782401>				<https://panlex.org/snapshot/panlex-20191001-csv/5947#84782191>		"arend"@af	
"दावा ङिपा"@xsr	<https://panlex.org/snapshot/panlex-20191001-csv/5947#84743070>				<https://panlex.org/snapshot/panlex-20191001-csv/5947#84742760>		"februarie"@af	
"दावा ङिपा"@xsr	<https://panlex.org/snapshot/panlex-20191001-csv/5947#84743070>				<https://panlex.org/snapshot/panlex-20191001-csv/5947#84742761>		"Februarie"@af	
"दावा ङवा"@xsr	<https://panlex.org/snapshot/panlex-20191001-csv/5947#84744139>				<https://panlex.org/snapshot/panlex-20191001-csv/5947#84744014>		"Mei"@af	
"गेलुङ"@xsr	<https://panlex.org/snapshot/panlex-20191001-csv/5946#84446356>				<https://panlex.org/snapshot/panlex-20191001-csv/5946#84446106>		"spieël"@af	
"दावा ग्येपा"@xsr	<https://panlex.org/snapshot/panlex-20191001-csv/5949#85329551>				<https://panlex.org/snapshot/panlex-20191001-csv/5949#85329264>		"Augustus"@af	
"जा दावा"@xsr	<https://panlex.org/snapshot/panlex-20191001-csv/2892#110824056>				<https://panlex.org/snapshot/panlex-20191001-csv/2892#110824051>		"Maandag"@af	
"जा मिङमार"@xsr	<https://panlex.org/snapshot/panlex-20191001-csv/2892#110824814>				<https://panlex.org/snapshot/panlex-20191001-csv/2892#110824670>		"Dinsdag"@af	
"जा ङिमा"@xsr	<https://panlex.org/snapshot/panlex-20191001-csv/2892#110826805>				<https://panlex.org/snapshot/panlex-20191001-csv/2892#110826788>		"Sondag"@af	
"जा पेम्बा"@xsr	<https://panlex.org/snapshot/panlex-20191001-csv/2892#110826187>				<https://panlex.org/snapshot/panlex-20191001-csv/2892#110826217>		"Saterdag"@af	
"जा पासाङ"@xsr	<https://panlex.org/snapshot/panlex-20191001-csv/2892#110825739>				<https://panlex.org/snapshot/panlex-20191001-csv/2892#110826086>		"Vrydag"@af	
"जा ल्हक्पा"@xsr	<https://panlex.org/snapshot/panlex-20191001-csv/2892#110825085>				<https://panlex.org/snapshot/panlex-20191001-csv/2892#110825145>		"Woensdag"@af	
"जा फुर्वा"@xsr	<https://panlex.org/snapshot/panlex-20191001-csv/2892#110825613>				<https://panlex.org/snapshot/panlex-20191001-csv/2892#110825292>		"Donderdag"@af	
"दावा सुम्बा"@xsr	<https://panlex.org/snapshot/panlex-20191001-csv/2897#110827905>				<https://panlex.org/snapshot/panlex-20191001-csv/2897#110828189>		"Maart"@af	
"दावा ङिपा"@xsr	<https://panlex.org/snapshot/panlex-20191001-csv/2897#110827500>				<https://panlex.org/snapshot/panlex-20191001-csv/2897#110827780>		"Februarie"@af	
"दावा दिन्बा"@xsr	<https://panlex.org/snapshot/panlex-20191001-csv/2897#110829700>				<https://panlex.org/snapshot/panlex-20191001-csv/2897#110829595>		"Julie"@af	
"दावा तङबु"@xsr	<https://panlex.org/snapshot/panlex-20191001-csv/2897#110827270>				<https://panlex.org/snapshot/panlex-20191001-csv/2897#110827133>		"Januarie"@af	
"दावा टुक्पा"@xsr	<https://panlex.org/snapshot/panlex-20191001-csv/2897#110829473>				<https://panlex.org/snapshot/panlex-20191001-csv/2897#110829176>		"Junie"@af	
"दावा गुवा"@xsr	<https://panlex.org/snapshot/panlex-20191001-csv/2897#110830712>				<https://panlex.org/snapshot/panlex-20191001-csv/2897#110830707>		"September"@af	
"दावा ङवा"@xsr	<https://panlex.org/snapshot/panlex-20191001-csv/2897#110828730>				<https://panlex.org/snapshot/panlex-20191001-csv/2897#110828803>		"Mei"@af	
"दावा ग्येपा"@xsr	<https://panlex.org/snapshot/panlex-20191001-csv/2897#110830145>				<https://panlex.org/snapshot/panlex-20191001-csv/2897#110829905>		"Augustus"@af	
"दावा च्युचीक्पा"@xsr	<https://panlex.org/snapshot/panlex-20191001-csv/2897#110831494>				<https://panlex.org/snapshot/panlex-20191001-csv/2897#110831356>		"November"@af	
"दावा च्युवा"@xsr	<https://panlex.org/snapshot/panlex-20191001-csv/2897#110830961>				<https://panlex.org/snapshot/panlex-20191001-csv/2897#110830866>		"Oktober"@af	
"दावा जिवा"@xsr	<https://panlex.org/snapshot/panlex-20191001-csv/2897#110828259>				<https://panlex.org/snapshot/panlex-20191001-csv/2897#110828298>		"April"@af	
"दावा चिङीवा"@xsr	<https://panlex.org/snapshot/panlex-20191001-csv/2897#110831648>				<https://panlex.org/snapshot/panlex-20191001-csv/2897#110831913>		"Desember"@af	
