"गिग्टक"@xsr	<https://panlex.org/snapshot/panlex-20191001-csv/5947#84782401>				<https://panlex.org/snapshot/panlex-20191001-csv/5947#84782195>		"نسر"@arb	
"गिग्टक"@xsr	<https://panlex.org/snapshot/panlex-20191001-csv/5947#84782401>				<https://panlex.org/snapshot/panlex-20191001-csv/5947#84782196>		"عقاب"@arb	
"दावा ङिपा"@xsr	<https://panlex.org/snapshot/panlex-20191001-csv/5947#84743070>				<https://panlex.org/snapshot/panlex-20191001-csv/5947#84742768>		"شباط"@arb	
"दावा ङिपा"@xsr	<https://panlex.org/snapshot/panlex-20191001-csv/5947#84743070>				<https://panlex.org/snapshot/panlex-20191001-csv/5947#84742767>		"فبراير"@arb	
"दावा ङिपा"@xsr	<https://panlex.org/snapshot/panlex-20191001-csv/5947#84743070>				<https://panlex.org/snapshot/panlex-20191001-csv/5947#84742766>		"فيفري"@arb	
"दावा ङिपा"@xsr	<https://panlex.org/snapshot/panlex-20191001-csv/5947#84743070>				<https://panlex.org/snapshot/panlex-20191001-csv/5947#84742765>		"النوار"@arb	
"दावा ङवा"@xsr	<https://panlex.org/snapshot/panlex-20191001-csv/5947#84744139>				<https://panlex.org/snapshot/panlex-20191001-csv/5947#84744018>		"مايو"@arb	
"दावा ङवा"@xsr	<https://panlex.org/snapshot/panlex-20191001-csv/5947#84744139>				<https://panlex.org/snapshot/panlex-20191001-csv/5947#84744019>		"ايار"@arb	
"गेलुङ"@xsr	<https://panlex.org/snapshot/panlex-20191001-csv/5946#84446356>				<https://panlex.org/snapshot/panlex-20191001-csv/5946#84446112>		"مرآة"@arb	
"दावा ग्येपा"@xsr	<https://panlex.org/snapshot/panlex-20191001-csv/5949#85329551>				<https://panlex.org/snapshot/panlex-20191001-csv/5949#85329273>		"آب"@arb	
"दावा ग्येपा"@xsr	<https://panlex.org/snapshot/panlex-20191001-csv/5949#85329551>				<https://panlex.org/snapshot/panlex-20191001-csv/5949#85329272>		"أوت"@arb	
"दावा ग्येपा"@xsr	<https://panlex.org/snapshot/panlex-20191001-csv/5949#85329551>				<https://panlex.org/snapshot/panlex-20191001-csv/5949#85329270>		"أغسطس"@arb	
"दावा ग्येपा"@xsr	<https://panlex.org/snapshot/panlex-20191001-csv/5949#85329551>				<https://panlex.org/snapshot/panlex-20191001-csv/5949#85329271>		"هانيبال"@arb	
"जा दावा"@xsr	<https://panlex.org/snapshot/panlex-20191001-csv/2892#110824056>				<https://panlex.org/snapshot/panlex-20191001-csv/2892#110824214>		"الإثنين"@arb	
"जा मिङमार"@xsr	<https://panlex.org/snapshot/panlex-20191001-csv/2892#110824814>				<https://panlex.org/snapshot/panlex-20191001-csv/2892#110824613>		"الثلاثاء"@arb	
"जा ङिमा"@xsr	<https://panlex.org/snapshot/panlex-20191001-csv/2892#110826805>				<https://panlex.org/snapshot/panlex-20191001-csv/2892#110826731>		"الأحد"@arb	
"जा पेम्बा"@xsr	<https://panlex.org/snapshot/panlex-20191001-csv/2892#110826187>				<https://panlex.org/snapshot/panlex-20191001-csv/2892#110826164>		"السبت"@arb	
"जा पासाङ"@xsr	<https://panlex.org/snapshot/panlex-20191001-csv/2892#110825739>				<https://panlex.org/snapshot/panlex-20191001-csv/2892#110825777>		"الجمعة"@arb	
"जा ल्हक्पा"@xsr	<https://panlex.org/snapshot/panlex-20191001-csv/2892#110825085>				<https://panlex.org/snapshot/panlex-20191001-csv/2892#110825012>		"الأربعاء"@arb	
"जा फुर्वा"@xsr	<https://panlex.org/snapshot/panlex-20191001-csv/2892#110825613>				<https://panlex.org/snapshot/panlex-20191001-csv/2892#110825275>		"الخميس"@arb	
"दावा सुम्बा"@xsr	<https://panlex.org/snapshot/panlex-20191001-csv/2897#110827905>				<https://panlex.org/snapshot/panlex-20191001-csv/2897#110827888>		"مارس"@arb	
"दावा सुम्बा"@xsr	<https://panlex.org/snapshot/panlex-20191001-csv/2897#110827905>				<https://panlex.org/snapshot/panlex-20191001-csv/2897#110828084>		"آذار"@arb	
"दावा सुम्बा"@xsr	<https://panlex.org/snapshot/panlex-20191001-csv/2897#110827905>				<https://panlex.org/snapshot/panlex-20191001-csv/2897#110828246>		"الربيع"@arb	
"दावा ङिपा"@xsr	<https://panlex.org/snapshot/panlex-20191001-csv/2897#110827500>				<https://panlex.org/snapshot/panlex-20191001-csv/2897#110827496>		"فيفري"@arb	
"दावा ङिपा"@xsr	<https://panlex.org/snapshot/panlex-20191001-csv/2897#110827500>				<https://panlex.org/snapshot/panlex-20191001-csv/2897#110827821>		"فبراير"@arb	
"दावा ङिपा"@xsr	<https://panlex.org/snapshot/panlex-20191001-csv/2897#110827500>				<https://panlex.org/snapshot/panlex-20191001-csv/2897#110827552>		"النوار"@arb	
"दावा ङिपा"@xsr	<https://panlex.org/snapshot/panlex-20191001-csv/2897#110827500>				<https://panlex.org/snapshot/panlex-20191001-csv/2897#110827558>		"شباط"@arb	
"दावा दिन्बा"@xsr	<https://panlex.org/snapshot/panlex-20191001-csv/2897#110829700>				<https://panlex.org/snapshot/panlex-20191001-csv/2897#110829741>		"جويلية"@arb	
"दावा दिन्बा"@xsr	<https://panlex.org/snapshot/panlex-20191001-csv/2897#110829700>				<https://panlex.org/snapshot/panlex-20191001-csv/2897#110829644>		"يوليوز"@arb	
"दावा दिन्बा"@xsr	<https://panlex.org/snapshot/panlex-20191001-csv/2897#110829700>				<https://panlex.org/snapshot/panlex-20191001-csv/2897#110829818>		"ناصر"@arb	
"दावा दिन्बा"@xsr	<https://panlex.org/snapshot/panlex-20191001-csv/2897#110829700>				<https://panlex.org/snapshot/panlex-20191001-csv/2897#110829879>		"يوليو"@arb	
"दावा दिन्बा"@xsr	<https://panlex.org/snapshot/panlex-20191001-csv/2897#110829700>				<https://panlex.org/snapshot/panlex-20191001-csv/2897#110829685>		"تموز"@arb	
"दावा तङबु"@xsr	<https://panlex.org/snapshot/panlex-20191001-csv/2897#110827270>				<https://panlex.org/snapshot/panlex-20191001-csv/2897#110827392>		"أين النار"@arb	
"दावा तङबु"@xsr	<https://panlex.org/snapshot/panlex-20191001-csv/2897#110827270>				<https://panlex.org/snapshot/panlex-20191001-csv/2897#110827412>		"كانون الثاني"@arb	
"दावा तङबु"@xsr	<https://panlex.org/snapshot/panlex-20191001-csv/2897#110827270>				<https://panlex.org/snapshot/panlex-20191001-csv/2897#110827086>		"يناير"@arb	
"दावा तङबु"@xsr	<https://panlex.org/snapshot/panlex-20191001-csv/2897#110827270>				<https://panlex.org/snapshot/panlex-20191001-csv/2897#110827132>		"جانفي"@arb	
"दावा टुक्पा"@xsr	<https://panlex.org/snapshot/panlex-20191001-csv/2897#110829473>				<https://panlex.org/snapshot/panlex-20191001-csv/2897#110829166>		"جوان"@arb	
"दावा टुक्पा"@xsr	<https://panlex.org/snapshot/panlex-20191001-csv/2897#110829473>				<https://panlex.org/snapshot/panlex-20191001-csv/2897#110829418>		"يونيو"@arb	
"दावा टुक्पा"@xsr	<https://panlex.org/snapshot/panlex-20191001-csv/2897#110829473>				<https://panlex.org/snapshot/panlex-20191001-csv/2897#110829256>		"الصيف"@arb	
"दावा टुक्पा"@xsr	<https://panlex.org/snapshot/panlex-20191001-csv/2897#110829473>				<https://panlex.org/snapshot/panlex-20191001-csv/2897#110829112>		"حزيران"@arb	
"दावा गुवा"@xsr	<https://panlex.org/snapshot/panlex-20191001-csv/2897#110830712>				<https://panlex.org/snapshot/panlex-20191001-csv/2897#110830671>		"أيلول"@arb	
"दावा गुवा"@xsr	<https://panlex.org/snapshot/panlex-20191001-csv/2897#110830712>				<https://panlex.org/snapshot/panlex-20191001-csv/2897#110830528>		"شتمبر"@arb	
"दावा गुवा"@xsr	<https://panlex.org/snapshot/panlex-20191001-csv/2897#110830712>				<https://panlex.org/snapshot/panlex-20191001-csv/2897#110830313>		"سبتمبر"@arb	
"दावा गुवा"@xsr	<https://panlex.org/snapshot/panlex-20191001-csv/2897#110830712>				<https://panlex.org/snapshot/panlex-20191001-csv/2897#110830560>		"الفاتح"@arb	
"दावा गुवा"@xsr	<https://panlex.org/snapshot/panlex-20191001-csv/2897#110830712>				<https://panlex.org/snapshot/panlex-20191001-csv/2897#110830410>		"شتنبر"@arb	
"दावा ङवा"@xsr	<https://panlex.org/snapshot/panlex-20191001-csv/2897#110828730>				<https://panlex.org/snapshot/panlex-20191001-csv/2897#110829037>		"أيار"@arb	
"दावा ङवा"@xsr	<https://panlex.org/snapshot/panlex-20191001-csv/2897#110828730>				<https://panlex.org/snapshot/panlex-20191001-csv/2897#110828687>		"مايو"@arb	
"दावा ङवा"@xsr	<https://panlex.org/snapshot/panlex-20191001-csv/2897#110828730>				<https://panlex.org/snapshot/panlex-20191001-csv/2897#110828684>		"الماء"@arb	
"दावा ङवा"@xsr	<https://panlex.org/snapshot/panlex-20191001-csv/2897#110828730>				<https://panlex.org/snapshot/panlex-20191001-csv/2897#110829005>		"ماي"@arb	
"दावा ग्येपा"@xsr	<https://panlex.org/snapshot/panlex-20191001-csv/2897#110830145>				<https://panlex.org/snapshot/panlex-20191001-csv/2897#110830024>		"آب"@arb	
"दावा ग्येपा"@xsr	<https://panlex.org/snapshot/panlex-20191001-csv/2897#110830145>				<https://panlex.org/snapshot/panlex-20191001-csv/2897#110830241>		"أوت"@arb	
"दावा ग्येपा"@xsr	<https://panlex.org/snapshot/panlex-20191001-csv/2897#110830145>				<https://panlex.org/snapshot/panlex-20191001-csv/2897#110830229>		"أغشت"@arb	
"दावा ग्येपा"@xsr	<https://panlex.org/snapshot/panlex-20191001-csv/2897#110830145>				<https://panlex.org/snapshot/panlex-20191001-csv/2897#110829889>		"غشت"@arb	
"दावा ग्येपा"@xsr	<https://panlex.org/snapshot/panlex-20191001-csv/2897#110830145>				<https://panlex.org/snapshot/panlex-20191001-csv/2897#110829979>		"أغسطس"@arb	
"दावा ग्येपा"@xsr	<https://panlex.org/snapshot/panlex-20191001-csv/2897#110830145>				<https://panlex.org/snapshot/panlex-20191001-csv/2897#110829984>		"هانيبال"@arb	
"दावा च्युचीक्पा"@xsr	<https://panlex.org/snapshot/panlex-20191001-csv/2897#110831494>				<https://panlex.org/snapshot/panlex-20191001-csv/2897#110831366>		"تشرين الثاني"@arb	
"दावा च्युचीक्पा"@xsr	<https://panlex.org/snapshot/panlex-20191001-csv/2897#110831494>				<https://panlex.org/snapshot/panlex-20191001-csv/2897#110831286>		"نونبر"@arb	
"दावा च्युचीक्पा"@xsr	<https://panlex.org/snapshot/panlex-20191001-csv/2897#110831494>				<https://panlex.org/snapshot/panlex-20191001-csv/2897#110831243>		"نوفمبر"@arb	
"दावा च्युचीक्पा"@xsr	<https://panlex.org/snapshot/panlex-20191001-csv/2897#110831494>				<https://panlex.org/snapshot/panlex-20191001-csv/2897#110831230>		"الحرث"@arb	
"दावा च्युवा"@xsr	<https://panlex.org/snapshot/panlex-20191001-csv/2897#110830961>				<https://panlex.org/snapshot/panlex-20191001-csv/2897#110831067>		"الثمور"@arb	
"दावा च्युवा"@xsr	<https://panlex.org/snapshot/panlex-20191001-csv/2897#110830961>				<https://panlex.org/snapshot/panlex-20191001-csv/2897#110831010>		"أكتوبر"@arb	
"दावा च्युवा"@xsr	<https://panlex.org/snapshot/panlex-20191001-csv/2897#110830961>				<https://panlex.org/snapshot/panlex-20191001-csv/2897#110830842>		"أوكتوبر"@arb	
"दावा च्युवा"@xsr	<https://panlex.org/snapshot/panlex-20191001-csv/2897#110830961>				<https://panlex.org/snapshot/panlex-20191001-csv/2897#110830884>		"التمور"@arb	
"दावा च्युवा"@xsr	<https://panlex.org/snapshot/panlex-20191001-csv/2897#110830961>				<https://panlex.org/snapshot/panlex-20191001-csv/2897#110830915>		"تشرين الأول"@arb	
"दावा जिवा"@xsr	<https://panlex.org/snapshot/panlex-20191001-csv/2897#110828259>				<https://panlex.org/snapshot/panlex-20191001-csv/2897#110828418>		"إبريل"@arb	
"दावा जिवा"@xsr	<https://panlex.org/snapshot/panlex-20191001-csv/2897#110828259>				<https://panlex.org/snapshot/panlex-20191001-csv/2897#110828456>		"أبريل"@arb	
"दावा जिवा"@xsr	<https://panlex.org/snapshot/panlex-20191001-csv/2897#110828259>				<https://panlex.org/snapshot/panlex-20191001-csv/2897#110828261>		"نيسان"@arb	
"दावा जिवा"@xsr	<https://panlex.org/snapshot/panlex-20191001-csv/2897#110828259>				<https://panlex.org/snapshot/panlex-20191001-csv/2897#110828424>		"الطير"@arb	
"दावा जिवा"@xsr	<https://panlex.org/snapshot/panlex-20191001-csv/2897#110828259>				<https://panlex.org/snapshot/panlex-20191001-csv/2897#110828593>		"أفريل"@arb	
"दावा चिङीवा"@xsr	<https://panlex.org/snapshot/panlex-20191001-csv/2897#110831648>				<https://panlex.org/snapshot/panlex-20191001-csv/2897#110831618>		"الكانون"@arb	
"दावा चिङीवा"@xsr	<https://panlex.org/snapshot/panlex-20191001-csv/2897#110831648>				<https://panlex.org/snapshot/panlex-20191001-csv/2897#110831846>		"ديسمبر"@arb	
"दावा चिङीवा"@xsr	<https://panlex.org/snapshot/panlex-20191001-csv/2897#110831648>				<https://panlex.org/snapshot/panlex-20191001-csv/2897#110831879>		"دجمبر"@arb	
"दावा चिङीवा"@xsr	<https://panlex.org/snapshot/panlex-20191001-csv/2897#110831648>				<https://panlex.org/snapshot/panlex-20191001-csv/2897#110831920>		"كانون الأول"@arb	
"दावा चिङीवा"@xsr	<https://panlex.org/snapshot/panlex-20191001-csv/2897#110831648>				<https://panlex.org/snapshot/panlex-20191001-csv/2897#110831642>		"دجنبر"@arb	
"कङरी"@xsr	<https://panlex.org/snapshot/panlex-20191001-csv/2896#110866603>				<https://panlex.org/snapshot/panlex-20191001-csv/2896#110866513>		"هيمالايا"@arb	
