"pa.1 ʔa.1 ŋua.3"@aou	<https://panlex.org/snapshot/panlex-20191001-csv/3125#51713932>				<https://panlex.org/snapshot/panlex-20191001-csv/3125#51713937>		"naŋ.1"@lbc	
"sɨ.55 na.1"@aou	<https://panlex.org/snapshot/panlex-20191001-csv/3125#51714445>				<https://panlex.org/snapshot/panlex-20191001-csv/3125#51714450>		"li.2"@lbc	
"ʔo.4"@aou	<https://panlex.org/snapshot/panlex-20191001-csv/3125#51713767>				<https://panlex.org/snapshot/panlex-20191001-csv/3125#51713772>		"mom.6"@lbc	
"ŋ.4"@aou	<https://panlex.org/snapshot/panlex-20191001-csv/3125#51714613>				<https://panlex.org/snapshot/panlex-20191001-csv/3125#51714619>		"num.4"@lbc	
"fu.4"@aou	<https://panlex.org/snapshot/panlex-20191001-csv/3125#51712954>				<https://panlex.org/snapshot/panlex-20191001-csv/3125#51712959>		"fa.3"@lbc	
"ʔe.3"@aou	<https://panlex.org/snapshot/panlex-20191001-csv/3125#51713747>				<https://panlex.org/snapshot/panlex-20191001-csv/3125#51713752>		"ɫoŋ.1"@lbc	
"ma.1 ʔa.1 çai.1"@aou	<https://panlex.org/snapshot/panlex-20191001-csv/3125#51713707>				<https://panlex.org/snapshot/panlex-20191001-csv/3125#51713711>		"kjou.1"@lbc	
"ʔa.1 ʔi.4"@aou	<https://panlex.org/snapshot/panlex-20191001-csv/3125#51714635>				<https://panlex.org/snapshot/panlex-20191001-csv/3125#51714640>		"ta.2"@lbc	
"tai.3"@aou	<https://panlex.org/snapshot/panlex-20191001-csv/3125#51713337>				<https://panlex.org/snapshot/panlex-20191001-csv/3125#51713342>		"mot.8"@lbc	
"ŋe.3 hau.3"@aou	<https://panlex.org/snapshot/panlex-20191001-csv/3125#51714241>				<https://panlex.org/snapshot/panlex-20191001-csv/3125#51714246>		"hep.7"@lbc	
"sǝu.1"@aou	<https://panlex.org/snapshot/panlex-20191001-csv/3125#51714550>				<https://panlex.org/snapshot/panlex-20191001-csv/3125#51714555>		"hou.3"@lbc	
"pei.4"@aou	<https://panlex.org/snapshot/panlex-20191001-csv/3125#51712911>				<https://panlex.org/snapshot/panlex-20191001-csv/3125#51712916>		"ti:u.4"@lbc	
"mpo.1 mpo.1"@aou	<https://panlex.org/snapshot/panlex-20191001-csv/3125#51713444>				<https://panlex.org/snapshot/panlex-20191001-csv/3125#51713449>		"mie.2"@lbc	
"çǝu.1"@aou	<https://panlex.org/snapshot/panlex-20191001-csv/3125#51713195>				<https://panlex.org/snapshot/panlex-20191001-csv/3125#51713200>		"pla.1"@lbc	
"ɨan.2"@aou	<https://panlex.org/snapshot/panlex-20191001-csv/3125#51714096>				<https://panlex.org/snapshot/panlex-20191001-csv/3125#51714101>		"kjǝn.1"@lbc	
"sai.1"@aou	<https://panlex.org/snapshot/panlex-20191001-csv/3125#51713401>				<https://panlex.org/snapshot/panlex-20191001-csv/3125#51713406>		"jau.2"@lbc	
"ɣuŋ.1"@aou	<https://panlex.org/snapshot/panlex-20191001-csv/3125#51713066>				<https://panlex.org/snapshot/panlex-20191001-csv/3125#51713071>		"ho:p.7"@lbc	
"ma.1 wa.1"@aou	<https://panlex.org/snapshot/panlex-20191001-csv/3125#51714715>				<https://panlex.org/snapshot/panlex-20191001-csv/3125#51714720>		"lak.8 kjã:u.3"@lbc	
"ma.1 wa.1"@aou	<https://panlex.org/snapshot/panlex-20191001-csv/3125#51714366>				<https://panlex.org/snapshot/panlex-20191001-csv/3125#51714371>		"tau.3 wan.2"@lbc	
"pa.1 qhe.3"@aou	<https://panlex.org/snapshot/panlex-20191001-csv/3125#51713316>				<https://panlex.org/snapshot/panlex-20191001-csv/3125#51713321>		"puk.7"@lbc	
"hɨe.1"@aou	<https://panlex.org/snapshot/panlex-20191001-csv/3125#51713253>				<https://panlex.org/snapshot/panlex-20191001-csv/3125#51713258>		"pu:i.1"@lbc	
"ʔźǝu.4 he.1"@aou	<https://panlex.org/snapshot/panlex-20191001-csv/3125#51714656>				<https://panlex.org/snapshot/panlex-20191001-csv/3125#51714660>		"ka.4 lɛ.6"@lbc	
"źi.2 ha.3"@aou	<https://panlex.org/snapshot/panlex-20191001-csv/3125#51712692>				<https://panlex.org/snapshot/panlex-20191001-csv/3125#51712697>		"i.4 kha:i.3"@lbc	
"źǝu.1"@aou	<https://panlex.org/snapshot/panlex-20191001-csv/3125#51714571>				<https://panlex.org/snapshot/panlex-20191001-csv/3125#51714576>		"pai.1"@lbc	
"ha.1 pa.4 ze.2"@aou	<https://panlex.org/snapshot/panlex-20191001-csv/3125#51713810>				<https://panlex.org/snapshot/panlex-20191001-csv/3125#51713815>		"laŋ.2"@lbc	
"ʔa.1 ćhe.3"@aou	<https://panlex.org/snapshot/panlex-20191001-csv/3125#51714403>				<https://panlex.org/snapshot/panlex-20191001-csv/3125#51714408>		"kan.3 kjieŋ.1"@lbc	
"mpai.3"@aou	<https://panlex.org/snapshot/panlex-20191001-csv/3125#51712848>				<https://panlex.org/snapshot/panlex-20191001-csv/3125#51712853>		"liet.8"@lbc	
"pa.1 ɫjo.4"@aou	<https://panlex.org/snapshot/panlex-20191001-csv/3125#51713665>				<https://panlex.org/snapshot/panlex-20191001-csv/3125#51713670>		"tap.7"@lbc	
"pa.1 ɫjo.4"@aou	<https://panlex.org/snapshot/panlex-20191001-csv/3125#51713506>				<https://panlex.org/snapshot/panlex-20191001-csv/3125#51713511>		"fɛm.1"@lbc	
"pa.1 ɫjo.4"@aou	<https://panlex.org/snapshot/panlex-20191001-csv/3125#51713890>				<https://panlex.org/snapshot/panlex-20191001-csv/3125#51713895>		"wai.6"@lbc	
"ʔuŋ.1"@aou	<https://panlex.org/snapshot/panlex-20191001-csv/3125#51713045>				<https://panlex.org/snapshot/panlex-20191001-csv/3125#51713050>		"khuǝ̃.1"@lbc	
"ma.1 ʔa.1 mji.2"@aou	<https://panlex.org/snapshot/panlex-20191001-csv/3125#51714487>				<https://panlex.org/snapshot/panlex-20191001-csv/3125#51714492>		"wã.2"@lbc	
"çuai.3"@aou	<https://panlex.org/snapshot/panlex-20191001-csv/3125#51714199>				<https://panlex.org/snapshot/panlex-20191001-csv/3125#51714204>		"niŋ.5"@lbc	
"qha.1"@aou	<https://panlex.org/snapshot/panlex-20191001-csv/3125#51714157>				<https://panlex.org/snapshot/panlex-20191001-csv/3125#51714162>		"wei.5 ten.6"@lbc	
"ʔau.3"@aou	<https://panlex.org/snapshot/panlex-20191001-csv/3125#51714676>				<https://panlex.org/snapshot/panlex-20191001-csv/3125#51714681>		"pliek.8"@lbc	
"ʔa.4 ʔa.1 źau"@aou	<https://panlex.org/snapshot/panlex-20191001-csv/3125#51713871>				<https://panlex.org/snapshot/panlex-20191001-csv/3125#51713876>		"kan.3 ɛn.1"@lbc	
"ŋun.2"@aou	<https://panlex.org/snapshot/panlex-20191001-csv/3125#51713024>				<https://panlex.org/snapshot/panlex-20191001-csv/3125#51713029>		"plei.1"@lbc	
"źin.2"@aou	<https://panlex.org/snapshot/panlex-20191001-csv/3125#51713568>				<https://panlex.org/snapshot/panlex-20191001-csv/3125#51713573>		"a.4"@lbc	
"pa.1 so.1"@aou	<https://panlex.org/snapshot/panlex-20191001-csv/3125#51713526>				<https://panlex.org/snapshot/panlex-20191001-csv/3125#51713531>		"kou.2"@lbc	
"ma.2 ʔźǝu.1"@aou	<https://panlex.org/snapshot/panlex-20191001-csv/3125#51713953>				<https://panlex.org/snapshot/panlex-20191001-csv/3125#51713958>		"hwãi.1"@lbc	
"mpa.1 ha.3"@aou	<https://panlex.org/snapshot/panlex-20191001-csv/3125#51713465>				<https://panlex.org/snapshot/panlex-20191001-csv/3125#51713470>		"kjɛu.1"@lbc	
"çaŋ.1 khe.1"@aou	<https://panlex.org/snapshot/panlex-20191001-csv/3125#51713174>				<https://panlex.org/snapshot/panlex-20191001-csv/3125#51713179>		"lo:m.6"@lbc	
"ma.1 ʔa.1 huaŋ."@aou	<https://panlex.org/snapshot/panlex-20191001-csv/3125#51714508>				<https://panlex.org/snapshot/panlex-20191001-csv/3125#51714513>		"wan.2"@lbc	
"ma.1 lo.3"@aou	<https://panlex.org/snapshot/panlex-20191001-csv/3125#51712785>				<https://panlex.org/snapshot/panlex-20191001-csv/3125#51712790>		"mlok.7"@lbc	
"ma.1 ʔa.1 ljau."@aou	<https://panlex.org/snapshot/panlex-20191001-csv/3125#51713273>				<https://panlex.org/snapshot/panlex-20191001-csv/3125#51713278>		"phla.1"@lbc	
"çɨ.3"@aou	<https://panlex.org/snapshot/panlex-20191001-csv/3125#51713295>				<https://panlex.org/snapshot/panlex-20191001-csv/3125#51713300>		"pǝn.5"@lbc	
"ljaŋ.2"@aou	<https://panlex.org/snapshot/panlex-20191001-csv/3125#51712827>				<https://panlex.org/snapshot/panlex-20191001-csv/3125#51712832>		"lam.1"@lbc	
"ʔa.1 jun.3 hǝu."@aou	<https://panlex.org/snapshot/panlex-20191001-csv/3125#51713234>				<https://panlex.org/snapshot/panlex-20191001-csv/3125#51713239>		"kjɛ:ŋ.1"@lbc	
"to.4 hǝn.1"@aou	<https://panlex.org/snapshot/panlex-20191001-csv/3125#51714055>				<https://panlex.org/snapshot/panlex-20191001-csv/3125#51714060>		"ca:ŋ.1"@lbc	
"le.2 ńi.1"@aou	<https://panlex.org/snapshot/panlex-20191001-csv/3125#51713629>				<https://panlex.org/snapshot/panlex-20191001-csv/3125#51713634>		"wa.1"@lbc	
"haŋ.1 hɨe.1"@aou	<https://panlex.org/snapshot/panlex-20191001-csv/3125#51714284>				<https://panlex.org/snapshot/panlex-20191001-csv/3125#51714289>		"pu:i.1 ŋjĩ:n.1"@lbc	
"ljuŋ.1"@aou	<https://panlex.org/snapshot/panlex-20191001-csv/3125#51713133>				<https://panlex.org/snapshot/panlex-20191001-csv/3125#51713138>		"tho.3"@lbc	
"hǝn.2 naŋ.1"@aou	<https://panlex.org/snapshot/panlex-20191001-csv/3125#51714695>				<https://panlex.org/snapshot/panlex-20191001-csv/3125#51714700>		"nɛ.4"@lbc	
"ma.1 ʔle.3"@aou	<https://panlex.org/snapshot/panlex-20191001-csv/3125#51712933>				<https://panlex.org/snapshot/panlex-20191001-csv/3125#51712938>		"pli:p.7 mie.2"@lbc	
"ɣe.1"@aou	<https://panlex.org/snapshot/panlex-20191001-csv/3125#51713686>				<https://panlex.org/snapshot/panlex-20191001-csv/3125#51713691>		"ai.2"@lbc	
"wa.1"@aou	<https://panlex.org/snapshot/panlex-20191001-csv/3125#51714736>				<https://panlex.org/snapshot/panlex-20191001-csv/3125#51714741>		"hjiẽ.5"@lbc	
"lei.4 lau.2"@aou	<https://panlex.org/snapshot/panlex-20191001-csv/3125#51714324>				<https://panlex.org/snapshot/panlex-20191001-csv/3125#51714329>		"tau.3 blet.7"@lbc	
"lei.4 ne.2"@aou	<https://panlex.org/snapshot/panlex-20191001-csv/3125#51713850>				<https://panlex.org/snapshot/panlex-20191001-csv/3125#51713855>		"ja:n.1"@lbc	
"ʔa.1 la.3"@aou	<https://panlex.org/snapshot/panlex-20191001-csv/3125#51712869>				<https://panlex.org/snapshot/panlex-20191001-csv/3125#51712874>		"kuǝt.7"@lbc	
"ni.4"@aou	<https://panlex.org/snapshot/panlex-20191001-csv/3125#51713359>				<https://panlex.org/snapshot/panlex-20191001-csv/3125#51713364>		"pǝn.1"@lbc	
"to.4 te.3"@aou	<https://panlex.org/snapshot/panlex-20191001-csv/3125#51712712>				<https://panlex.org/snapshot/panlex-20191001-csv/3125#51712717>		"plɛu.4"@lbc	
"sɨ.55"@aou	<https://panlex.org/snapshot/panlex-20191001-csv/3125#51713973>				<https://panlex.org/snapshot/panlex-20191001-csv/3125#51713978>		"in.3"@lbc	
"ntja.1"@aou	<https://panlex.org/snapshot/panlex-20191001-csv/3125#51714263>				<https://panlex.org/snapshot/panlex-20191001-csv/3125#51714268>		"kjai.3"@lbc	
"pa.1 mpai.3"@aou	<https://panlex.org/snapshot/panlex-20191001-csv/3125#51713830>				<https://panlex.org/snapshot/panlex-20191001-csv/3125#51713835>		"tei.3"@lbc	
"ʔa.1 saŋ.1"@aou	<https://panlex.org/snapshot/panlex-20191001-csv/3125#51713421>				<https://panlex.org/snapshot/panlex-20191001-csv/3125#51713426>		"kjǝ:m.2"@lbc	
"vei.2 ntjuŋ.2"@aou	<https://panlex.org/snapshot/panlex-20191001-csv/3125#51713911>				<https://panlex.org/snapshot/panlex-20191001-csv/3125#51713916>		"bǝn.1 blau.2"@lbc	
"çɨ.1"@aou	<https://panlex.org/snapshot/panlex-20191001-csv/3125#51714178>				<https://panlex.org/snapshot/panlex-20191001-csv/3125#51714183>		"coŋ.3"@lbc	
"ʔie.4"@aou	<https://panlex.org/snapshot/panlex-20191001-csv/3125#51713380>				<https://panlex.org/snapshot/panlex-20191001-csv/3125#51713385>		"lai.1"@lbc	
"ʔie.4"@aou	<https://panlex.org/snapshot/panlex-20191001-csv/3125#51713547>				<https://panlex.org/snapshot/panlex-20191001-csv/3125#51713552>		"ci.1"@lbc	
"ma.2 lei.2"@aou	<https://panlex.org/snapshot/panlex-20191001-csv/3125#51714592>				<https://panlex.org/snapshot/panlex-20191001-csv/3125#51714597>		"wo:m.5"@lbc	
"zau.2"@aou	<https://panlex.org/snapshot/panlex-20191001-csv/3125#51714305>				<https://panlex.org/snapshot/panlex-20191001-csv/3125#51714310>		"ju:n.1"@lbc	
"ŋe.3"@aou	<https://panlex.org/snapshot/panlex-20191001-csv/3125#51713650>				<https://panlex.org/snapshot/panlex-20191001-csv/3125#51713655>		"hep.7 lei.4"@lbc	
"po.4 ho.4"@aou	<https://panlex.org/snapshot/panlex-20191001-csv/3125#51713726>				<https://panlex.org/snapshot/panlex-20191001-csv/3125#51713729>		"lak.8 kjei.1"@lbc	
"min.2"@aou	<https://panlex.org/snapshot/panlex-20191001-csv/3125#51714015>				<https://panlex.org/snapshot/panlex-20191001-csv/3125#51714020>		"fen.1"@lbc	
"ńhi.1"@aou	<https://panlex.org/snapshot/panlex-20191001-csv/3125#51713485>				<https://panlex.org/snapshot/panlex-20191001-csv/3125#51713490>		"ɛ.5"@lbc	
"ʔa.1 vu.1"@aou	<https://panlex.org/snapshot/panlex-20191001-csv/3125#51714424>				<https://panlex.org/snapshot/panlex-20191001-csv/3125#51714429>		"na.6"@lbc	
"pa.1 ʔa.1 źǝu."@aou	<https://panlex.org/snapshot/panlex-20191001-csv/3125#51713111>				<https://panlex.org/snapshot/panlex-20191001-csv/3125#51713116>		"kan.3 ja.2"@lbc	
"ɫjuŋ.1"@aou	<https://panlex.org/snapshot/panlex-20191001-csv/3125#51712764>				<https://panlex.org/snapshot/panlex-20191001-csv/3125#51712769>		"bok.7"@lbc	
"khi.4"@aou	<https://panlex.org/snapshot/panlex-20191001-csv/3125#51713152>				<https://panlex.org/snapshot/panlex-20191001-csv/3125#51713157>		"cen.1"@lbc	
"ʔa.1 cha.1 çi.1"@aou	<https://panlex.org/snapshot/panlex-20191001-csv/3125#51714075>				<https://panlex.org/snapshot/panlex-20191001-csv/3125#51714080>		"kan.1"@lbc	
"ma.1 çi.1"@aou	<https://panlex.org/snapshot/panlex-20191001-csv/3125#51714529>				<https://panlex.org/snapshot/panlex-20191001-csv/3125#51714534>		"cei.5"@lbc	
"ça.3"@aou	<https://panlex.org/snapshot/panlex-20191001-csv/3125#51712806>				<https://panlex.org/snapshot/panlex-20191001-csv/3125#51712811>		"kat.7"@lbc	
"mu.2"@aou	<https://panlex.org/snapshot/panlex-20191001-csv/3125#51714466>				<https://panlex.org/snapshot/panlex-20191001-csv/3125#51714471>		"ma.2"@lbc	
"luŋ.2"@aou	<https://panlex.org/snapshot/panlex-20191001-csv/3125#51713001>				<https://panlex.org/snapshot/panlex-20191001-csv/3125#51713006>		"taŋ.2"@lbc	
"le.3"@aou	<https://panlex.org/snapshot/panlex-20191001-csv/3125#51714035>				<https://panlex.org/snapshot/panlex-20191001-csv/3125#51714040>		"ko:ŋ.5"@lbc	
"ʔlǝu.4 ɣo.3"@aou	<https://panlex.org/snapshot/panlex-20191001-csv/3125#51714345>				<https://panlex.org/snapshot/panlex-20191001-csv/3125#51714350>		"fa:ŋ.1"@lbc	
"ɣǝu.1"@aou	<https://panlex.org/snapshot/panlex-20191001-csv/3125#51713995>				<https://panlex.org/snapshot/panlex-20191001-csv/3125#51714000>		"ŋjũ:n.2"@lbc	
"se.3"@aou	<https://panlex.org/snapshot/panlex-20191001-csv/3125#51712975>				<https://panlex.org/snapshot/panlex-20191001-csv/3125#51712980>		"kjĩ:u.3"@lbc	
"lei.2"@aou	<https://panlex.org/snapshot/panlex-20191001-csv/3125#51713216>				<https://panlex.org/snapshot/panlex-20191001-csv/3125#51713221>		"ka:u.1"@lbc	
"hǝu.3"@aou	<https://panlex.org/snapshot/panlex-20191001-csv/3125#51713090>				<https://panlex.org/snapshot/panlex-20191001-csv/3125#51713095>		"khjo.3"@lbc	
"pa.1 ho.3"@aou	<https://panlex.org/snapshot/panlex-20191001-csv/3125#51712732>				<https://panlex.org/snapshot/panlex-20191001-csv/3125#51712737>		"cei.5 pei.2"@lbc	
"pa.1 ho.3"@aou	<https://panlex.org/snapshot/panlex-20191001-csv/3125#51714220>				<https://panlex.org/snapshot/panlex-20191001-csv/3125#51714225>		"pei.2"@lbc	
"ʔa.1 ntaŋ.2 khu"@aou	<https://panlex.org/snapshot/panlex-20191001-csv/3125#51713589>				<https://panlex.org/snapshot/panlex-20191001-csv/3125#51713594>		"puk.7 kou.6"@lbc	
"źuai.3"@aou	<https://panlex.org/snapshot/panlex-20191001-csv/3125#51714135>				<https://panlex.org/snapshot/panlex-20191001-csv/3125#51714141>		"ca:ŋ.3"@lbc	
"ʔla.4"@aou	<https://panlex.org/snapshot/panlex-20191001-csv/3125#51713610>				<https://panlex.org/snapshot/panlex-20191001-csv/3125#51713615>		"hji:u.3"@lbc	
