"betteŋ"@yka	<https://panlex.org/snapshot/panlex-20191001-csv/114#8058822>				<https://panlex.org/snapshot/panlex-20191001-csv/114#8058710>		"aopwa-"@stn	
"leŋŋan"@yka	<https://panlex.org/snapshot/panlex-20191001-csv/114#8054263>				<https://panlex.org/snapshot/panlex-20191001-csv/114#8054146>		"tawa|raɤo|fa"@stn	
"tolaŋ"@yka	<https://panlex.org/snapshot/panlex-20191001-csv/114#8059328>				<https://panlex.org/snapshot/panlex-20191001-csv/114#8059225>		"suri-"@stn	
"lalan"@yka	<https://panlex.org/snapshot/panlex-20191001-csv/114#8054753>				<https://panlex.org/snapshot/panlex-20191001-csv/114#8054654>		"tara"@stn	
"behe"@yka	<https://panlex.org/snapshot/panlex-20191001-csv/114#8067049>				<https://panlex.org/snapshot/panlex-20191001-csv/114#8066939>		"fara-"@stn	
