"betteŋ"@yka	<https://panlex.org/snapshot/panlex-20191001-csv/114#8058822>				<https://panlex.org/snapshot/panlex-20191001-csv/114#8058462>		"boti-n"@ksx	
"leŋŋan"@yka	<https://panlex.org/snapshot/panlex-20191001-csv/114#8054263>				<https://panlex.org/snapshot/panlex-20191001-csv/114#8053904>		"paŋ"@ksx	
"tolaŋ"@yka	<https://panlex.org/snapshot/panlex-20191001-csv/114#8059328>				<https://panlex.org/snapshot/panlex-20191001-csv/114#8059012>		"luri-n"@ksx	
"lalan"@yka	<https://panlex.org/snapshot/panlex-20191001-csv/114#8054753>				<https://panlex.org/snapshot/panlex-20191001-csv/114#8054440>		"lala"@ksx	
"behe"@yka	<https://panlex.org/snapshot/panlex-20191001-csv/114#8067049>				<https://panlex.org/snapshot/panlex-20191001-csv/114#8066704>		"nunu"@ksx	
