"පුංචි කුමාරයා"@si	<https://panlex.org/snapshot/panlex-20191001-csv/6710#111083025>				<https://panlex.org/snapshot/panlex-20191001-csv/6710#111083125>		"Ël Cit Prinsi"@pms	
"චූටි කුමාරයා"@si	<https://panlex.org/snapshot/panlex-20191001-csv/6710#111083082>				<https://panlex.org/snapshot/panlex-20191001-csv/6710#111083125>		"Ël Cit Prinsi"@pms	
"බෙල්ජියම"@si	<https://panlex.org/snapshot/panlex-20191001-csv/5947#84584501>				<https://panlex.org/snapshot/panlex-20191001-csv/5947#84584487>		"Belgi"@pms	
"පෙබරවාරි"@si	<https://panlex.org/snapshot/panlex-20191001-csv/5947#84743007>				<https://panlex.org/snapshot/panlex-20191001-csv/5947#84742987>		"fëvré"@pms	
"ඇෆ්ගනිස්ථානය"@si	<https://panlex.org/snapshot/panlex-20191001-csv/5947#84579243>				<https://panlex.org/snapshot/panlex-20191001-csv/5947#84579232>		"Afgànistan"@pms	
"එක්සත් ජාතීන්ගේ සංවිධානය"@si	<https://panlex.org/snapshot/panlex-20191001-csv/5940#81285999>				<https://panlex.org/snapshot/panlex-20191001-csv/5940#81285987>		"Organisassion dle Nassion Unìe"@pms	
"ආදාසය"@si	<https://panlex.org/snapshot/panlex-20191001-csv/5946#84446303>				<https://panlex.org/snapshot/panlex-20191001-csv/5946#84446286>		"specc"@pms	
"ආදාසය"@si	<https://panlex.org/snapshot/panlex-20191001-csv/5946#84446303>				<https://panlex.org/snapshot/panlex-20191001-csv/5946#84446285>		"miraj"@pms	
"බර්ලිනය"@si	<https://panlex.org/snapshot/panlex-20191001-csv/5949#85302525>				<https://panlex.org/snapshot/panlex-20191001-csv/5949#85302510>		"Berlin"@pms	
"ජාවා"@si	<https://panlex.org/snapshot/panlex-20191001-csv/5949#85325952>				<https://panlex.org/snapshot/panlex-20191001-csv/5949#85325945>		"Giava"@pms	
"ශුද්ධවූ බයිබලය"@si	<https://panlex.org/snapshot/panlex-20191001-csv/5949#85302777>				<https://panlex.org/snapshot/panlex-20191001-csv/5949#85302765>		"Bibia"@pms	
"යුරෝපය"@si	<https://panlex.org/snapshot/panlex-20191001-csv/5949#85308629>				<https://panlex.org/snapshot/panlex-20191001-csv/5949#85308614>		"Euròpa"@pms	
"අගෝස්තු"@si	<https://panlex.org/snapshot/panlex-20191001-csv/5949#85329488>				<https://panlex.org/snapshot/panlex-20191001-csv/5949#85329466>		"agost"@pms	
"පිලිපීනය"@si	<https://panlex.org/snapshot/panlex-20191001-csv/5949#85323405>				<https://panlex.org/snapshot/panlex-20191001-csv/5949#85323395>		"Filipin-e"@pms	
"ප්රංශය"@si	<https://panlex.org/snapshot/panlex-20191001-csv/5949#85323664>				<https://panlex.org/snapshot/panlex-20191001-csv/5949#85323648>		"Fransa"@pms	
"බෙයිජිං"@si	<https://panlex.org/snapshot/panlex-20191001-csv/5949#85318046>				<https://panlex.org/snapshot/panlex-20191001-csv/5949#85318036>		"Pechin"@pms	
"රුසියාව"@si	<https://panlex.org/snapshot/panlex-20191001-csv/5949#85319587>				<https://panlex.org/snapshot/panlex-20191001-csv/5949#85319571>		"Russia"@pms	
"භෞතික විද්‍යාව"@si	<https://panlex.org/snapshot/panlex-20191001-csv/2904#111024034>				<https://panlex.org/snapshot/panlex-20191001-csv/2904#111024047>		"fìsica"@pms	
"ගණිතය"@si	<https://panlex.org/snapshot/panlex-20191001-csv/2904#111023430>				<https://panlex.org/snapshot/panlex-20191001-csv/2904#111023424>		"matemàtica"@pms	
"සාමය"@si	<https://panlex.org/snapshot/panlex-20191001-csv/2902#111012095>				<https://panlex.org/snapshot/panlex-20191001-csv/2902#111012279>		"pás"@pms	
"ඉන්දියාව"@si	<https://panlex.org/snapshot/panlex-20191001-csv/10#580198>				<https://panlex.org/snapshot/panlex-20191001-csv/10#580180>		"India"@pms	
"එක්‍සත් ජාතීන්‍ගේ සංවිධානය"@si	<https://panlex.org/snapshot/panlex-20191001-csv/2894#111101876>				<https://panlex.org/snapshot/panlex-20191001-csv/2894#111101847>		"Organisassion dlë Nassion Unìe"@pms	
"ඉරිදා"@si	<https://panlex.org/snapshot/panlex-20191001-csv/2892#110826896>				<https://panlex.org/snapshot/panlex-20191001-csv/2892#110827032>		"dumìnica"@pms	
"සඳුදා"@si	<https://panlex.org/snapshot/panlex-20191001-csv/2892#110824331>				<https://panlex.org/snapshot/panlex-20191001-csv/2892#110824304>		"lùn-es"@pms	
"සිකුරාදා"@si	<https://panlex.org/snapshot/panlex-20191001-csv/2892#110825908>				<https://panlex.org/snapshot/panlex-20191001-csv/2892#110825955>		"vënner"@pms	
"බදාදා"@si	<https://panlex.org/snapshot/panlex-20191001-csv/2892#110825142>				<https://panlex.org/snapshot/panlex-20191001-csv/2892#110825017>		"mèrcol"@pms	
"සෙනසුරාදා"@si	<https://panlex.org/snapshot/panlex-20191001-csv/2892#110826353>				<https://panlex.org/snapshot/panlex-20191001-csv/2892#110826218>		"saba"@pms	
"අඟහරුවාදා"@si	<https://panlex.org/snapshot/panlex-20191001-csv/2892#110824741>				<https://panlex.org/snapshot/panlex-20191001-csv/2892#110824685>		"martes"@pms	
"බ්‍රහස්‍පතින්‍දා"@si	<https://panlex.org/snapshot/panlex-20191001-csv/2892#110825375>				<https://panlex.org/snapshot/panlex-20191001-csv/2892#110825514>		"giòbia"@pms	
"දෙසැම්‍බර්"@si	<https://panlex.org/snapshot/panlex-20191001-csv/2897#110831904>				<https://panlex.org/snapshot/panlex-20191001-csv/2897#110831619>		"dzèmber"@pms	
"සැප්‍තැම්‍බර්"@si	<https://panlex.org/snapshot/panlex-20191001-csv/2897#110830664>				<https://panlex.org/snapshot/panlex-20191001-csv/2897#110830546>		"stèmber"@pms	
"මාර්‍තු"@si	<https://panlex.org/snapshot/panlex-20191001-csv/2897#110827951>				<https://panlex.org/snapshot/panlex-20191001-csv/2897#110827894>		"mars"@pms	
"නොවැම්‍බර්"@si	<https://panlex.org/snapshot/panlex-20191001-csv/2897#110831158>				<https://panlex.org/snapshot/panlex-20191001-csv/2897#110831529>		"novèmber"@pms	
"ජනවාරි"@si	<https://panlex.org/snapshot/panlex-20191001-csv/2897#110827357>				<https://panlex.org/snapshot/panlex-20191001-csv/2897#110827275>		"gené"@pms	
"ජූලි"@si	<https://panlex.org/snapshot/panlex-20191001-csv/2897#110829869>				<https://panlex.org/snapshot/panlex-20191001-csv/2897#110829854>		"lugn"@pms	
"අගෝස්‍තු"@si	<https://panlex.org/snapshot/panlex-20191001-csv/2897#110829968>				<https://panlex.org/snapshot/panlex-20191001-csv/2897#110829887>		"agost"@pms	
"මැයි"@si	<https://panlex.org/snapshot/panlex-20191001-csv/2897#110828842>				<https://panlex.org/snapshot/panlex-20191001-csv/2897#110829044>		"magg"@pms	
"ඔක්‍තෝබර්"@si	<https://panlex.org/snapshot/panlex-20191001-csv/2897#110831088>				<https://panlex.org/snapshot/panlex-20191001-csv/2897#110830991>		"otober"@pms	
"අප්‍රේල්"@si	<https://panlex.org/snapshot/panlex-20191001-csv/2897#110828550>				<https://panlex.org/snapshot/panlex-20191001-csv/2897#110828369>		"avril"@pms	
"ජූනි"@si	<https://panlex.org/snapshot/panlex-20191001-csv/2897#110829139>				<https://panlex.org/snapshot/panlex-20191001-csv/2897#110829363>		"giugn"@pms	
"පෙබරවාරි"@si	<https://panlex.org/snapshot/panlex-20191001-csv/2897#110827475>				<https://panlex.org/snapshot/panlex-20191001-csv/2897#110827643>		"fëvré"@pms	
