"wae"@mhs	<https://panlex.org/snapshot/panlex-20191001-csv/12#851043>				<https://panlex.org/snapshot/panlex-20191001-csv/12#850879>		"kkónik"@chk	
"wae"@mhs	<https://panlex.org/snapshot/panlex-20191001-csv/12#851043>				<https://panlex.org/snapshot/panlex-20191001-csv/12#850878>		"chaan"@chk	
"ena"@mhs	<https://panlex.org/snapshot/panlex-20191001-csv/15#967033>				<https://panlex.org/snapshot/panlex-20191001-csv/15#966993>		"ppi"@chk	
"mahek"@mhs	<https://panlex.org/snapshot/panlex-20191001-csv/114#8065788>				<https://panlex.org/snapshot/panlex-20191001-csv/114#8065641>		"ngas"@chk	
"mahek"@mhs	<https://panlex.org/snapshot/panlex-20191001-csv/114#8065788>				<https://panlex.org/snapshot/panlex-20191001-csv/114#8065644>		"*ŋaTa"@chk	
"mahek"@mhs	<https://panlex.org/snapshot/panlex-20191001-csv/114#8065788>				<https://panlex.org/snapshot/panlex-20191001-csv/114#8065645>		"ŋaTaŋaTa"@chk	
"mahek"@mhs	<https://panlex.org/snapshot/panlex-20191001-csv/114#8065788>				<https://panlex.org/snapshot/panlex-20191001-csv/114#8065643>		"ŋasaŋas"@chk	
"mahek"@mhs	<https://panlex.org/snapshot/panlex-20191001-csv/114#8065788>				<https://panlex.org/snapshot/panlex-20191001-csv/114#8065642>		"ŋas"@chk	
"eʔhanuk"@mhs	<https://panlex.org/snapshot/panlex-20191001-csv/114#8062137>				<https://panlex.org/snapshot/panlex-20191001-csv/114#8061976>		"eki-(n)"@chk	
"eʔhanuk"@mhs	<https://panlex.org/snapshot/panlex-20191001-csv/114#8062137>				<https://panlex.org/snapshot/panlex-20191001-csv/114#8061980>		"*aki-"@chk	
"eʔhanuk"@mhs	<https://panlex.org/snapshot/panlex-20191001-csv/114#8062137>				<https://panlex.org/snapshot/panlex-20191001-csv/114#8061982>		"*akiaki"@chk	
"eʔhanuk"@mhs	<https://panlex.org/snapshot/panlex-20191001-csv/114#8062137>				<https://panlex.org/snapshot/panlex-20191001-csv/114#8061984>		"maŋimaŋi"@chk	
"eʔhanuk"@mhs	<https://panlex.org/snapshot/panlex-20191001-csv/114#8062137>				<https://panlex.org/snapshot/panlex-20191001-csv/114#8061978>		"neme-ni"@chk	
"eʔhanuk"@mhs	<https://panlex.org/snapshot/panlex-20191001-csv/114#8062137>				<https://panlex.org/snapshot/panlex-20191001-csv/114#8061981>		"*aki-i-"@chk	
"eʔhanuk"@mhs	<https://panlex.org/snapshot/panlex-20191001-csv/114#8062137>				<https://panlex.org/snapshot/panlex-20191001-csv/114#8061977>		"eki-yek"@chk	
"eʔhanuk"@mhs	<https://panlex.org/snapshot/panlex-20191001-csv/114#8062137>				<https://panlex.org/snapshot/panlex-20191001-csv/114#8061979>		"áák"@chk	
"eʔhanuk"@mhs	<https://panlex.org/snapshot/panlex-20191001-csv/114#8062137>				<https://panlex.org/snapshot/panlex-20191001-csv/114#8061983>		"*maŋi"@chk	
"m|aek"@mhs	<https://panlex.org/snapshot/panlex-20191001-csv/114#8066258>				<https://panlex.org/snapshot/panlex-20191001-csv/114#8066083>		"ttin"@chk	
"m|aek"@mhs	<https://panlex.org/snapshot/panlex-20191001-csv/114#8066258>				<https://panlex.org/snapshot/panlex-20191001-csv/114#8066084>		"*daŋú"@chk	
"m|aek"@mhs	<https://panlex.org/snapshot/panlex-20191001-csv/114#8066258>				<https://panlex.org/snapshot/panlex-20191001-csv/114#8066082>		"tini"@chk	
"hesa ahen"@mhs	<https://panlex.org/snapshot/panlex-20191001-csv/114#8065787>				<https://panlex.org/snapshot/panlex-20191001-csv/114#8065641>		"ngas"@chk	
"hesa ahen"@mhs	<https://panlex.org/snapshot/panlex-20191001-csv/114#8065787>				<https://panlex.org/snapshot/panlex-20191001-csv/114#8065644>		"*ŋaTa"@chk	
"hesa ahen"@mhs	<https://panlex.org/snapshot/panlex-20191001-csv/114#8065787>				<https://panlex.org/snapshot/panlex-20191001-csv/114#8065645>		"ŋaTaŋaTa"@chk	
"hesa ahen"@mhs	<https://panlex.org/snapshot/panlex-20191001-csv/114#8065787>				<https://panlex.org/snapshot/panlex-20191001-csv/114#8065643>		"ŋasaŋas"@chk	
"hesa ahen"@mhs	<https://panlex.org/snapshot/panlex-20191001-csv/114#8065787>				<https://panlex.org/snapshot/panlex-20191001-csv/114#8065642>		"ŋas"@chk	
"olon folon"@mhs	<https://panlex.org/snapshot/panlex-20191001-csv/114#8064747>				<https://panlex.org/snapshot/panlex-20191001-csv/114#8064562>		"*úna-fi"@chk	
"olon folon"@mhs	<https://panlex.org/snapshot/panlex-20191001-csv/114#8064747>				<https://panlex.org/snapshot/panlex-20191001-csv/114#8064563>		"*únaúna"@chk	
"olon folon"@mhs	<https://panlex.org/snapshot/panlex-20191001-csv/114#8064747>				<https://panlex.org/snapshot/panlex-20191001-csv/114#8064560>		"wúún"@chk	
"olon folon"@mhs	<https://panlex.org/snapshot/panlex-20191001-csv/114#8064747>				<https://panlex.org/snapshot/panlex-20191001-csv/114#8064559>		"wúne-(n)"@chk	
"olon folon"@mhs	<https://panlex.org/snapshot/panlex-20191001-csv/114#8064747>				<https://panlex.org/snapshot/panlex-20191001-csv/114#8064561>		"*úna"@chk	
"kadak"@mhs	<https://panlex.org/snapshot/panlex-20191001-csv/114#8055009>				<https://panlex.org/snapshot/panlex-20191001-csv/114#8054826>		"pwer"@chk	
"kadak"@mhs	<https://panlex.org/snapshot/panlex-20191001-csv/114#8055009>				<https://panlex.org/snapshot/panlex-20191001-csv/114#8054829>		"*luu"@chk	
"kadak"@mhs	<https://panlex.org/snapshot/panlex-20191001-csv/114#8055009>				<https://panlex.org/snapshot/panlex-20191001-csv/114#8054830>		"*pwer[ae]"@chk	
"kadak"@mhs	<https://panlex.org/snapshot/panlex-20191001-csv/114#8055009>				<https://panlex.org/snapshot/panlex-20191001-csv/114#8054827>		"pwere-"@chk	
"kadak"@mhs	<https://panlex.org/snapshot/panlex-20191001-csv/114#8055009>				<https://panlex.org/snapshot/panlex-20191001-csv/114#8054828>		"too-"@chk	
"eʔwana"@mhs	<https://panlex.org/snapshot/panlex-20191001-csv/114#8052881>				<https://panlex.org/snapshot/panlex-20191001-csv/114#8052726>		"-mwáán"@chk	
"uka"@mhs	<https://panlex.org/snapshot/panlex-20191001-csv/114#8056012>				<https://panlex.org/snapshot/panlex-20191001-csv/114#8055830>		"á"@chk	
"uka"@mhs	<https://panlex.org/snapshot/panlex-20191001-csv/114#8056012>				<https://panlex.org/snapshot/panlex-20191001-csv/114#8055831>		"*yafe"@chk	
"pulik"@mhs	<https://panlex.org/snapshot/panlex-20191001-csv/114#8055506>				<https://panlex.org/snapshot/panlex-20191001-csv/114#8055336>		"rik"@chk	
"pulik"@mhs	<https://panlex.org/snapshot/panlex-20191001-csv/114#8055506>				<https://panlex.org/snapshot/panlex-20191001-csv/114#8055340>		"*tape"@chk	
"pulik"@mhs	<https://panlex.org/snapshot/panlex-20191001-csv/114#8055506>				<https://panlex.org/snapshot/panlex-20191001-csv/114#8055339>		"sáp"@chk	
"pulik"@mhs	<https://panlex.org/snapshot/panlex-20191001-csv/114#8055506>				<https://panlex.org/snapshot/panlex-20191001-csv/114#8055338>		"sor"@chk	
"pulik"@mhs	<https://panlex.org/snapshot/panlex-20191001-csv/114#8055506>				<https://panlex.org/snapshot/panlex-20191001-csv/114#8055337>		"sap"@chk	
"eʔbali"@mhs	<https://panlex.org/snapshot/panlex-20191001-csv/114#8052416>				<https://panlex.org/snapshot/panlex-20191001-csv/114#8052256>		"-feefin"@chk	
"eʔbali"@mhs	<https://panlex.org/snapshot/panlex-20191001-csv/114#8052416>				<https://panlex.org/snapshot/panlex-20191001-csv/114#8052259>		"*maúŋú"@chk	
"eʔbali"@mhs	<https://panlex.org/snapshot/panlex-20191001-csv/114#8052416>				<https://panlex.org/snapshot/panlex-20191001-csv/114#8052258>		"-mééŋ"@chk	
"eʔbali"@mhs	<https://panlex.org/snapshot/panlex-20191001-csv/114#8052416>				<https://panlex.org/snapshot/panlex-20191001-csv/114#8052257>		"-mmééŋ"@chk	
"kakon"@mhs	<https://panlex.org/snapshot/panlex-20191001-csv/114#8058015>				<https://panlex.org/snapshot/panlex-20191001-csv/114#8057838>		"*takúrú"@chk	
"kakon"@mhs	<https://panlex.org/snapshot/panlex-20191001-csv/114#8058015>				<https://panlex.org/snapshot/panlex-20191001-csv/114#8057836>		"sékúr"@chk	
"kakon"@mhs	<https://panlex.org/snapshot/panlex-20191001-csv/114#8058015>				<https://panlex.org/snapshot/panlex-20191001-csv/114#8057837>		"sékúrú-"@chk	
"olon"@mhs	<https://panlex.org/snapshot/panlex-20191001-csv/114#8063670>				<https://panlex.org/snapshot/panlex-20191001-csv/114#8063483>		"*úlú"@chk	
"olon"@mhs	<https://panlex.org/snapshot/panlex-20191001-csv/114#8063670>				<https://panlex.org/snapshot/panlex-20191001-csv/114#8063482>		"wúún"@chk	
"olon"@mhs	<https://panlex.org/snapshot/panlex-20191001-csv/114#8063670>				<https://panlex.org/snapshot/panlex-20191001-csv/114#8063479>		"wúnúún"@chk	
"olon"@mhs	<https://panlex.org/snapshot/panlex-20191001-csv/114#8063670>				<https://panlex.org/snapshot/panlex-20191001-csv/114#8063478>		"wúnú-(n)"@chk	
"olon"@mhs	<https://panlex.org/snapshot/panlex-20191001-csv/114#8063670>				<https://panlex.org/snapshot/panlex-20191001-csv/114#8063481>		"wúnúúnú-(n)"@chk	
"olon"@mhs	<https://panlex.org/snapshot/panlex-20191001-csv/114#8063670>				<https://panlex.org/snapshot/panlex-20191001-csv/114#8063480>		"wúnúúne-(n)"@chk	
"olon"@mhs	<https://panlex.org/snapshot/panlex-20191001-csv/114#8063670>				<https://panlex.org/snapshot/panlex-20191001-csv/114#8063477>		"mékúr"@chk	
"kolin"@mhs	<https://panlex.org/snapshot/panlex-20191001-csv/114#8057502>				<https://panlex.org/snapshot/panlex-20191001-csv/114#8057322>		"*kili"@chk	
"kolin"@mhs	<https://panlex.org/snapshot/panlex-20191001-csv/114#8057502>				<https://panlex.org/snapshot/panlex-20191001-csv/114#8057321>		"sini"@chk	
"kolin"@mhs	<https://panlex.org/snapshot/panlex-20191001-csv/114#8057502>				<https://panlex.org/snapshot/panlex-20191001-csv/114#8057320>		"siin"@chk	
"mumuk"@mhs	<https://panlex.org/snapshot/panlex-20191001-csv/114#8066257>				<https://panlex.org/snapshot/panlex-20191001-csv/114#8066083>		"ttin"@chk	
"mumuk"@mhs	<https://panlex.org/snapshot/panlex-20191001-csv/114#8066257>				<https://panlex.org/snapshot/panlex-20191001-csv/114#8066084>		"*daŋú"@chk	
"mumuk"@mhs	<https://panlex.org/snapshot/panlex-20191001-csv/114#8066257>				<https://panlex.org/snapshot/panlex-20191001-csv/114#8066082>		"tini"@chk	
"wae"@mhs	<https://panlex.org/snapshot/panlex-20191001-csv/11#787646>				<https://panlex.org/snapshot/panlex-20191001-csv/11#787517>		"chaan"@chk	
"wae"@mhs	<https://panlex.org/snapshot/panlex-20191001-csv/11#787646>				<https://panlex.org/snapshot/panlex-20191001-csv/11#787518>		"kkónik"@chk	
