"wae"@mhs	<https://panlex.org/snapshot/panlex-20191001-csv/12#851043>				<https://panlex.org/snapshot/panlex-20191001-csv/12#850923>		"wih"@gay	
"mahek"@mhs	<https://panlex.org/snapshot/panlex-20191001-csv/114#8065788>				<https://panlex.org/snapshot/panlex-20191001-csv/114#8065670>		"bəkəsah"@gay	
"eʔhanuk"@mhs	<https://panlex.org/snapshot/panlex-20191001-csv/114#8062137>				<https://panlex.org/snapshot/panlex-20191001-csv/114#8062009>		"bəpikir"@gay	
"m|aek"@mhs	<https://panlex.org/snapshot/panlex-20191001-csv/114#8066258>				<https://panlex.org/snapshot/panlex-20191001-csv/114#8066113>		"munyum"@gay	
"hesa ahen"@mhs	<https://panlex.org/snapshot/panlex-20191001-csv/114#8065787>				<https://panlex.org/snapshot/panlex-20191001-csv/114#8065670>		"bəkəsah"@gay	
"olon folon"@mhs	<https://panlex.org/snapshot/panlex-20191001-csv/114#8064747>				<https://panlex.org/snapshot/panlex-20191001-csv/114#8064604>		"uk"@gay	
"olon folon"@mhs	<https://panlex.org/snapshot/panlex-20191001-csv/114#8064747>				<https://panlex.org/snapshot/panlex-20191001-csv/114#8064605>		"wuk"@gay	
"kadak"@mhs	<https://panlex.org/snapshot/panlex-20191001-csv/114#8055009>				<https://panlex.org/snapshot/panlex-20191001-csv/114#8054866>		"déh"@gay	
"eʔwana"@mhs	<https://panlex.org/snapshot/panlex-20191001-csv/114#8052881>				<https://panlex.org/snapshot/panlex-20191001-csv/114#8052754>		"kuwən"@gay	
"uka"@mhs	<https://panlex.org/snapshot/panlex-20191001-csv/114#8056012>				<https://panlex.org/snapshot/panlex-20191001-csv/114#8055863>		"munawé"@gay	
"pulik"@mhs	<https://panlex.org/snapshot/panlex-20191001-csv/114#8055506>				<https://panlex.org/snapshot/panlex-20191001-csv/114#8055367>		"kisər"@gay	
"eʔbali"@mhs	<https://panlex.org/snapshot/panlex-20191001-csv/114#8052416>				<https://panlex.org/snapshot/panlex-20191001-csv/114#8052286>		"kiri"@gay	
"kakon"@mhs	<https://panlex.org/snapshot/panlex-20191001-csv/114#8058015>				<https://panlex.org/snapshot/panlex-20191001-csv/114#8057871>		"kuduk"@gay	
"kakon"@mhs	<https://panlex.org/snapshot/panlex-20191001-csv/114#8058015>				<https://panlex.org/snapshot/panlex-20191001-csv/114#8057872>		"paŋkiŋ"@gay	
"olon"@mhs	<https://panlex.org/snapshot/panlex-20191001-csv/114#8063670>				<https://panlex.org/snapshot/panlex-20191001-csv/114#8063525>		"ulu"@gay	
"kolin"@mhs	<https://panlex.org/snapshot/panlex-20191001-csv/114#8057502>				<https://panlex.org/snapshot/panlex-20191001-csv/114#8057358>		"kulit"@gay	
"mumuk"@mhs	<https://panlex.org/snapshot/panlex-20191001-csv/114#8066257>				<https://panlex.org/snapshot/panlex-20191001-csv/114#8066113>		"munyum"@gay	
"wae"@mhs	<https://panlex.org/snapshot/panlex-20191001-csv/11#787646>				<https://panlex.org/snapshot/panlex-20191001-csv/11#787561>		"wih"@gay	
