"mahek"@mhs	<https://panlex.org/snapshot/panlex-20191001-csv/114#8065788>				<https://panlex.org/snapshot/panlex-20191001-csv/114#8065680>		"lisi"@gvs	
"eʔhanuk"@mhs	<https://panlex.org/snapshot/panlex-20191001-csv/114#8062137>				<https://panlex.org/snapshot/panlex-20191001-csv/114#8062018>		"nuwonuwana"@gvs	
"m|aek"@mhs	<https://panlex.org/snapshot/panlex-20191001-csv/114#8066258>				<https://panlex.org/snapshot/panlex-20191001-csv/114#8066122>		"samkone"@gvs	
"hesa ahen"@mhs	<https://panlex.org/snapshot/panlex-20191001-csv/114#8065787>				<https://panlex.org/snapshot/panlex-20191001-csv/114#8065680>		"lisi"@gvs	
"olon folon"@mhs	<https://panlex.org/snapshot/panlex-20191001-csv/114#8064747>				<https://panlex.org/snapshot/panlex-20191001-csv/114#8064613>		"kununa"@gvs	
"kadak"@mhs	<https://panlex.org/snapshot/panlex-20191001-csv/114#8055009>				<https://panlex.org/snapshot/panlex-20191001-csv/114#8054878>		"ma"@gvs	
"eʔwana"@mhs	<https://panlex.org/snapshot/panlex-20191001-csv/114#8052881>				<https://panlex.org/snapshot/panlex-20191001-csv/114#8052763>		"kakatai"@gvs	
"uka"@mhs	<https://panlex.org/snapshot/panlex-20191001-csv/114#8056012>				<https://panlex.org/snapshot/panlex-20191001-csv/114#8055872>		"kaya"@gvs	
"eʔbali"@mhs	<https://panlex.org/snapshot/panlex-20191001-csv/114#8052416>				<https://panlex.org/snapshot/panlex-20191001-csv/114#8052295>		"kekeli"@gvs	
"kakon"@mhs	<https://panlex.org/snapshot/panlex-20191001-csv/114#8058015>				<https://panlex.org/snapshot/panlex-20191001-csv/114#8057881>		"toluna"@gvs	
"olon"@mhs	<https://panlex.org/snapshot/panlex-20191001-csv/114#8063670>				<https://panlex.org/snapshot/panlex-20191001-csv/114#8063534>		"bulubulu"@gvs	
"kolin"@mhs	<https://panlex.org/snapshot/panlex-20191001-csv/114#8057502>				<https://panlex.org/snapshot/panlex-20191001-csv/114#8057367>		"sakava"@gvs	
"mumuk"@mhs	<https://panlex.org/snapshot/panlex-20191001-csv/114#8066257>				<https://panlex.org/snapshot/panlex-20191001-csv/114#8066122>		"samkone"@gvs	
