"wae"@mhs	<https://panlex.org/snapshot/panlex-20191001-csv/12#851043>				<https://panlex.org/snapshot/panlex-20191001-csv/12#851077>		"ebok"@na	
"angin"@mhs	<https://panlex.org/snapshot/panlex-20191001-csv/15#956024>				<https://panlex.org/snapshot/panlex-20191001-csv/15#956027>		"eŋin"@na	
"angin"@mhs	<https://panlex.org/snapshot/panlex-20191001-csv/15#956024>				<https://panlex.org/snapshot/panlex-20191001-csv/15#956028>		"eñin"@na	
"noi"@mhs	<https://panlex.org/snapshot/panlex-20191001-csv/15#955512>				<https://panlex.org/snapshot/panlex-20191001-csv/15#955514>		"kadudu"@na	
"mahek"@mhs	<https://panlex.org/snapshot/panlex-20191001-csv/114#8065788>				<https://panlex.org/snapshot/panlex-20191001-csv/114#8065830>		"ȯnano"@na	
"eʔhanuk"@mhs	<https://panlex.org/snapshot/panlex-20191001-csv/114#8062137>				<https://panlex.org/snapshot/panlex-20191001-csv/114#8062172>		"jamarar"@na	
"eʔhanuk"@mhs	<https://panlex.org/snapshot/panlex-20191001-csv/114#8062137>				<https://panlex.org/snapshot/panlex-20191001-csv/114#8062173>		"ȯmaran"@na	
"m|aek"@mhs	<https://panlex.org/snapshot/panlex-20191001-csv/114#8066258>				<https://panlex.org/snapshot/panlex-20191001-csv/114#8066305>		"waij bon"@na	
"hesa ahen"@mhs	<https://panlex.org/snapshot/panlex-20191001-csv/114#8065787>				<https://panlex.org/snapshot/panlex-20191001-csv/114#8065830>		"ȯnano"@na	
"olon folon"@mhs	<https://panlex.org/snapshot/panlex-20191001-csv/114#8064747>				<https://panlex.org/snapshot/panlex-20191001-csv/114#8064792>		"iret-itůb"@na	
"kadak"@mhs	<https://panlex.org/snapshot/panlex-20191001-csv/114#8055009>				<https://panlex.org/snapshot/panlex-20191001-csv/114#8055051>		"tůkȯ"@na	
"kadak"@mhs	<https://panlex.org/snapshot/panlex-20191001-csv/114#8055009>				<https://panlex.org/snapshot/panlex-20191001-csv/114#8055052>		"ȯrre"@na	
"eʔwana"@mhs	<https://panlex.org/snapshot/panlex-20191001-csv/114#8052881>				<https://panlex.org/snapshot/panlex-20191001-csv/114#8052924>		"eimwi"@na	
"uka"@mhs	<https://panlex.org/snapshot/panlex-20191001-csv/114#8056012>				<https://panlex.org/snapshot/panlex-20191001-csv/114#8056059>		"åw"@na	
"eʔbali"@mhs	<https://panlex.org/snapshot/panlex-20191001-csv/114#8052416>				<https://panlex.org/snapshot/panlex-20191001-csv/114#8052460>		"eda|mauw"@na	
"kakon"@mhs	<https://panlex.org/snapshot/panlex-20191001-csv/114#8058015>				<https://panlex.org/snapshot/panlex-20191001-csv/114#8058059>		"erowin"@na	
"kolin"@mhs	<https://panlex.org/snapshot/panlex-20191001-csv/114#8057502>				<https://panlex.org/snapshot/panlex-20191001-csv/114#8057551>		"witsin"@na	
"mumuk"@mhs	<https://panlex.org/snapshot/panlex-20191001-csv/114#8066257>				<https://panlex.org/snapshot/panlex-20191001-csv/114#8066305>		"waij bon"@na	
"wae"@mhs	<https://panlex.org/snapshot/panlex-20191001-csv/11#787646>				<https://panlex.org/snapshot/panlex-20191001-csv/11#787678>		"ebòk"@na	
