"wae"@mhs	<https://panlex.org/snapshot/panlex-20191001-csv/12#851043>				<https://panlex.org/snapshot/panlex-20191001-csv/12#850986>		"sopi-momon"@kij	
"ena"@mhs	<https://panlex.org/snapshot/panlex-20191001-csv/15#967033>				<https://panlex.org/snapshot/panlex-20191001-csv/15#967014>		"qenakenuva"@kij	
"mahek"@mhs	<https://panlex.org/snapshot/panlex-20191001-csv/114#8065788>				<https://panlex.org/snapshot/panlex-20191001-csv/114#8065723>		"yagisa"@kij	
"eʔhanuk"@mhs	<https://panlex.org/snapshot/panlex-20191001-csv/114#8062137>				<https://panlex.org/snapshot/panlex-20191001-csv/114#8062064>		"nanamsa"@kij	
"m|aek"@mhs	<https://panlex.org/snapshot/panlex-20191001-csv/114#8066258>				<https://panlex.org/snapshot/panlex-20191001-csv/114#8066174>		"sukwani"@kij	
"hesa ahen"@mhs	<https://panlex.org/snapshot/panlex-20191001-csv/114#8065787>				<https://panlex.org/snapshot/panlex-20191001-csv/114#8065723>		"yagisa"@kij	
"olon folon"@mhs	<https://panlex.org/snapshot/panlex-20191001-csv/114#8064747>				<https://panlex.org/snapshot/panlex-20191001-csv/114#8064665>		"kulu"@kij	
"kadak"@mhs	<https://panlex.org/snapshot/panlex-20191001-csv/114#8055009>				<https://panlex.org/snapshot/panlex-20191001-csv/114#8054928>		"ma"@kij	
"kadak"@mhs	<https://panlex.org/snapshot/panlex-20191001-csv/114#8055009>				<https://panlex.org/snapshot/panlex-20191001-csv/114#8054929>		"wa"@kij	
"eʔwana"@mhs	<https://panlex.org/snapshot/panlex-20191001-csv/114#8052881>				<https://panlex.org/snapshot/panlex-20191001-csv/114#8052806>		"kakata"@kij	
"uka"@mhs	<https://panlex.org/snapshot/panlex-20191001-csv/114#8056012>				<https://panlex.org/snapshot/panlex-20191001-csv/114#8055923>		"kakaya"@kij	
"pulik"@mhs	<https://panlex.org/snapshot/panlex-20191001-csv/114#8055506>				<https://panlex.org/snapshot/panlex-20191001-csv/114#8055430>		"tovila"@kij	
"eʔbali"@mhs	<https://panlex.org/snapshot/panlex-20191001-csv/114#8052416>				<https://panlex.org/snapshot/panlex-20191001-csv/114#8052342>		"kikiwama"@kij	
"kakon"@mhs	<https://panlex.org/snapshot/panlex-20191001-csv/114#8058015>				<https://panlex.org/snapshot/panlex-20191001-csv/114#8057928>		"tapu|la"@kij	
"olon"@mhs	<https://panlex.org/snapshot/panlex-20191001-csv/114#8063670>				<https://panlex.org/snapshot/panlex-20191001-csv/114#8063581>		"pwaneta"@kij	
"kolin"@mhs	<https://panlex.org/snapshot/panlex-20191001-csv/114#8057502>				<https://panlex.org/snapshot/panlex-20191001-csv/114#8057412>		"kanaina"@kij	
"mumuk"@mhs	<https://panlex.org/snapshot/panlex-20191001-csv/114#8066257>				<https://panlex.org/snapshot/panlex-20191001-csv/114#8066174>		"sukwani"@kij	
