"Lituanan"@nhn	<https://panlex.org/snapshot/panlex-20191001-csv/9#539817>				<https://panlex.org/snapshot/panlex-20191001-csv/9#539800>		"Литва"@khk	
"inglesthahtolli"@nhn	<https://panlex.org/snapshot/panlex-20191001-csv/9#479785>				<https://panlex.org/snapshot/panlex-20191001-csv/9#479766>		"англи"@khk	
"chicnahui"@nhn	<https://panlex.org/snapshot/panlex-20191001-csv/9#491013>				<https://panlex.org/snapshot/panlex-20191001-csv/9#490986>		"ес"@khk	
"pîschajca"@nhn	<https://panlex.org/snapshot/panlex-20191001-csv/9#480482>				<https://panlex.org/snapshot/panlex-20191001-csv/9#480465>		"тос"@khk	
"Alemantlan"@nhn	<https://panlex.org/snapshot/panlex-20191001-csv/9#474826>				<https://panlex.org/snapshot/panlex-20191001-csv/9#474803>		"Ӂермания"@khk	
"cozamalotl"@nhn	<https://panlex.org/snapshot/panlex-20191001-csv/9#485547>				<https://panlex.org/snapshot/panlex-20191001-csv/9#485539>		"солонго"@khk	
"chichi"@nhn	<https://panlex.org/snapshot/panlex-20191001-csv/8#94174>				<https://panlex.org/snapshot/panlex-20191001-csv/8#94130>		"нохой"@khk	
