"俄羅斯"@nan	<https://panlex.org/snapshot/panlex-20191001-csv/5949#85319548>				<https://panlex.org/snapshot/panlex-20191001-csv/5949#85319513>		"Рочму"@koi	
"露西亚"@nan	<https://panlex.org/snapshot/panlex-20191001-csv/5949#85319551>				<https://panlex.org/snapshot/panlex-20191001-csv/5949#85319513>		"Рочму"@koi	
"俄罗斯"@nan	<https://panlex.org/snapshot/panlex-20191001-csv/5949#85319549>				<https://panlex.org/snapshot/panlex-20191001-csv/5949#85319513>		"Рочму"@koi	
"Tē-kiû"@nan	<https://panlex.org/snapshot/panlex-20191001-csv/5949#85309581>				<https://panlex.org/snapshot/panlex-20191001-csv/5949#85309566>		"Му"@koi	
"Tē-kiû"@nan	<https://panlex.org/snapshot/panlex-20191001-csv/5949#85309581>				<https://panlex.org/snapshot/panlex-20191001-csv/5949#85309565>		"Мушар"@koi	
"露西亞"@nan	<https://panlex.org/snapshot/panlex-20191001-csv/5949#85319550>				<https://panlex.org/snapshot/panlex-20191001-csv/5949#85319513>		"Рочму"@koi	
"Bo̍k-su-kho"@nan	<https://panlex.org/snapshot/panlex-20191001-csv/5949#85316039>				<https://panlex.org/snapshot/panlex-20191001-csv/5949#85316030>		"Мöсква"@koi	
"Latvia"@nan	<https://panlex.org/snapshot/panlex-20191001-csv/5949#85314336>				<https://panlex.org/snapshot/panlex-20191001-csv/5949#85314313>		"Латвия"@koi	
"禮拜"@nan	<https://panlex.org/snapshot/panlex-20191001-csv/2892#110826814>				<https://panlex.org/snapshot/panlex-20191001-csv/2892#110826698>		"кресення"@koi	
"拜六"@nan	<https://panlex.org/snapshot/panlex-20191001-csv/2892#110826478>				<https://panlex.org/snapshot/panlex-20191001-csv/2892#110826337>		"субӧта"@koi	
"拜二"@nan	<https://panlex.org/snapshot/panlex-20191001-csv/2892#110824535>				<https://panlex.org/snapshot/panlex-20191001-csv/2892#110824825>		"торник"@koi	
"拜四"@nan	<https://panlex.org/snapshot/panlex-20191001-csv/2892#110825504>				<https://panlex.org/snapshot/panlex-20191001-csv/2892#110825630>		"четверг"@koi	
"拜五"@nan	<https://panlex.org/snapshot/panlex-20191001-csv/2892#110826117>				<https://panlex.org/snapshot/panlex-20191001-csv/2892#110825911>		"пекнича"@koi	
"拜一"@nan	<https://panlex.org/snapshot/panlex-20191001-csv/2892#110824005>				<https://panlex.org/snapshot/panlex-20191001-csv/2892#110824336>		"вильлун"@koi	
"拜三"@nan	<https://panlex.org/snapshot/panlex-20191001-csv/2892#110825076>				<https://panlex.org/snapshot/panlex-20191001-csv/2892#110824876>		"середа"@koi	
"九月"@nan	<https://panlex.org/snapshot/panlex-20191001-csv/2897#110830640>				<https://panlex.org/snapshot/panlex-20191001-csv/2897#110830515>		"сентяб"@koi	
"十月"@nan	<https://panlex.org/snapshot/panlex-20191001-csv/2897#110831045>				<https://panlex.org/snapshot/panlex-20191001-csv/2897#110831007>		"октяб"@koi	
"三月"@nan	<https://panlex.org/snapshot/panlex-20191001-csv/2897#110828076>				<https://panlex.org/snapshot/panlex-20191001-csv/2897#110828048>		"март"@koi	
"十一月"@nan	<https://panlex.org/snapshot/panlex-20191001-csv/2897#110831478>				<https://panlex.org/snapshot/panlex-20191001-csv/2897#110831430>		"нояб"@koi	
"八月"@nan	<https://panlex.org/snapshot/panlex-20191001-csv/2897#110829955>				<https://panlex.org/snapshot/panlex-20191001-csv/2897#110830123>		"август"@koi	
"四月"@nan	<https://panlex.org/snapshot/panlex-20191001-csv/2897#110828267>				<https://panlex.org/snapshot/panlex-20191001-csv/2897#110828375>		"апрель"@koi	
"十二月"@nan	<https://panlex.org/snapshot/panlex-20191001-csv/2897#110831626>				<https://panlex.org/snapshot/panlex-20191001-csv/2897#110831738>		"декаб"@koi	
"六月"@nan	<https://panlex.org/snapshot/panlex-20191001-csv/2897#110829267>				<https://panlex.org/snapshot/panlex-20191001-csv/2897#110829426>		"юнь"@koi	
"一月"@nan	<https://panlex.org/snapshot/panlex-20191001-csv/2897#110827158>				<https://panlex.org/snapshot/panlex-20191001-csv/2897#110827156>		"январ"@koi	
"二月"@nan	<https://panlex.org/snapshot/panlex-20191001-csv/2897#110827481>				<https://panlex.org/snapshot/panlex-20191001-csv/2897#110827717>		"февраль"@koi	
"七月"@nan	<https://panlex.org/snapshot/panlex-20191001-csv/2897#110829728>				<https://panlex.org/snapshot/panlex-20191001-csv/2897#110829725>		"юль"@koi	
"五月"@nan	<https://panlex.org/snapshot/panlex-20191001-csv/2897#110828950>				<https://panlex.org/snapshot/panlex-20191001-csv/2897#110829051>		"май"@koi	
