"Europa Liân-bêng"@nan	<https://panlex.org/snapshot/panlex-20191001-csv/5950#85858908>				<https://panlex.org/snapshot/panlex-20191001-csv/5950#85858940>		"Европаның Эвилели"@tyv	
"Europa Liân-bêng"@nan	<https://panlex.org/snapshot/panlex-20191001-csv/5939#80807003>				<https://panlex.org/snapshot/panlex-20191001-csv/5939#80807036>		"Jewropanyng Ewileli"@tyv	
"tek-gí"@nan	<https://panlex.org/snapshot/panlex-20191001-csv/5939#80782431>				<https://panlex.org/snapshot/panlex-20191001-csv/5939#80782480>		"nemets dyl"@tyv	
"俄羅斯"@nan	<https://panlex.org/snapshot/panlex-20191001-csv/5949#85319548>				<https://panlex.org/snapshot/panlex-20191001-csv/5949#85319620>		"Россия"@tyv	
"露西亚"@nan	<https://panlex.org/snapshot/panlex-20191001-csv/5949#85319551>				<https://panlex.org/snapshot/panlex-20191001-csv/5949#85319620>		"Россия"@tyv	
"俄罗斯"@nan	<https://panlex.org/snapshot/panlex-20191001-csv/5949#85319549>				<https://panlex.org/snapshot/panlex-20191001-csv/5949#85319620>		"Россия"@tyv	
"露西亞"@nan	<https://panlex.org/snapshot/panlex-20191001-csv/5949#85319550>				<https://panlex.org/snapshot/panlex-20191001-csv/5949#85319620>		"Россия"@tyv	
"Europa Liân-bêng"@nan	<https://panlex.org/snapshot/panlex-20191001-csv/9#516385>				<https://panlex.org/snapshot/panlex-20191001-csv/9#516413>		"Европаның Эвилели"@tyv	
"黑喉潛鳥"@nan	<https://panlex.org/snapshot/panlex-20191001-csv/9#528581>				<https://panlex.org/snapshot/panlex-20191001-csv/9#528594>		"кара боостаалыг онгук"@tyv	
"歐洲联盟"@nan	<https://panlex.org/snapshot/panlex-20191001-csv/9#516384>				<https://panlex.org/snapshot/panlex-20191001-csv/9#516413>		"Европаның Эвилели"@tyv	
"禮拜"@nan	<https://panlex.org/snapshot/panlex-20191001-csv/2892#110826814>				<https://panlex.org/snapshot/panlex-20191001-csv/2892#110826792>		"воскресенье"@tyv	
"禮拜"@nan	<https://panlex.org/snapshot/panlex-20191001-csv/2892#110826814>				<https://panlex.org/snapshot/panlex-20191001-csv/2892#110826854>		"улуг хүн"@tyv	
"拜六"@nan	<https://panlex.org/snapshot/panlex-20191001-csv/2892#110826478>				<https://panlex.org/snapshot/panlex-20191001-csv/2892#110826295>		"суббота"@tyv	
"拜六"@nan	<https://panlex.org/snapshot/panlex-20191001-csv/2892#110826478>				<https://panlex.org/snapshot/panlex-20191001-csv/2892#110826131>		"чартык улуг-хүн"@tyv	
"拜二"@nan	<https://panlex.org/snapshot/panlex-20191001-csv/2892#110824535>				<https://panlex.org/snapshot/panlex-20191001-csv/2892#110824561>		"ийи дугаар хүн"@tyv	
"拜二"@nan	<https://panlex.org/snapshot/panlex-20191001-csv/2892#110824535>				<https://panlex.org/snapshot/panlex-20191001-csv/2892#110824505>		"вторник"@tyv	
"拜四"@nan	<https://panlex.org/snapshot/panlex-20191001-csv/2892#110825504>				<https://panlex.org/snapshot/panlex-20191001-csv/2892#110825571>		"дөрт дугаар хүн"@tyv	
"拜四"@nan	<https://panlex.org/snapshot/panlex-20191001-csv/2892#110825504>				<https://panlex.org/snapshot/panlex-20191001-csv/2892#110825348>		"четверг"@tyv	
"拜五"@nan	<https://panlex.org/snapshot/panlex-20191001-csv/2892#110826117>				<https://panlex.org/snapshot/panlex-20191001-csv/2892#110826034>		"беш дугаар хүн"@tyv	
"拜五"@nan	<https://panlex.org/snapshot/panlex-20191001-csv/2892#110826117>				<https://panlex.org/snapshot/panlex-20191001-csv/2892#110825694>		"пятница"@tyv	
"拜一"@nan	<https://panlex.org/snapshot/panlex-20191001-csv/2892#110824005>				<https://panlex.org/snapshot/panlex-20191001-csv/2892#110824350>		"бир дугаар хүн"@tyv	
"拜一"@nan	<https://panlex.org/snapshot/panlex-20191001-csv/2892#110824005>				<https://panlex.org/snapshot/panlex-20191001-csv/2892#110824257>		"понедельник"@tyv	
"拜三"@nan	<https://panlex.org/snapshot/panlex-20191001-csv/2892#110825076>				<https://panlex.org/snapshot/panlex-20191001-csv/2892#110824863>		"среда"@tyv	
"拜三"@nan	<https://panlex.org/snapshot/panlex-20191001-csv/2892#110825076>				<https://panlex.org/snapshot/panlex-20191001-csv/2892#110825193>		"үш дугаар хүн"@tyv	
"九月"@nan	<https://panlex.org/snapshot/panlex-20191001-csv/2897#110830640>				<https://panlex.org/snapshot/panlex-20191001-csv/2897#110830634>		"сентябрь"@tyv	
"九月"@nan	<https://panlex.org/snapshot/panlex-20191001-csv/2897#110830640>				<https://panlex.org/snapshot/panlex-20191001-csv/2897#110830688>		"тос ай"@tyv	
"十月"@nan	<https://panlex.org/snapshot/panlex-20191001-csv/2897#110831045>				<https://panlex.org/snapshot/panlex-20191001-csv/2897#110831071>		"октябрь"@tyv	
"十月"@nan	<https://panlex.org/snapshot/panlex-20191001-csv/2897#110831045>				<https://panlex.org/snapshot/panlex-20191001-csv/2897#110830977>		"он ай"@tyv	
"三月"@nan	<https://panlex.org/snapshot/panlex-20191001-csv/2897#110828076>				<https://panlex.org/snapshot/panlex-20191001-csv/2897#110828001>		"үш ай"@tyv	
"三月"@nan	<https://panlex.org/snapshot/panlex-20191001-csv/2897#110828076>				<https://panlex.org/snapshot/panlex-20191001-csv/2897#110827875>		"март"@tyv	
"十一月"@nan	<https://panlex.org/snapshot/panlex-20191001-csv/2897#110831478>				<https://panlex.org/snapshot/panlex-20191001-csv/2897#110831490>		"он бир ай"@tyv	
"十一月"@nan	<https://panlex.org/snapshot/panlex-20191001-csv/2897#110831478>				<https://panlex.org/snapshot/panlex-20191001-csv/2897#110831320>		"ноябрь"@tyv	
"八月"@nan	<https://panlex.org/snapshot/panlex-20191001-csv/2897#110829955>				<https://panlex.org/snapshot/panlex-20191001-csv/2897#110830132>		"август"@tyv	
"八月"@nan	<https://panlex.org/snapshot/panlex-20191001-csv/2897#110829955>				<https://panlex.org/snapshot/panlex-20191001-csv/2897#110829918>		"сес ай"@tyv	
"四月"@nan	<https://panlex.org/snapshot/panlex-20191001-csv/2897#110828267>				<https://panlex.org/snapshot/panlex-20191001-csv/2897#110828471>		"дөрт ай"@tyv	
"四月"@nan	<https://panlex.org/snapshot/panlex-20191001-csv/2897#110828267>				<https://panlex.org/snapshot/panlex-20191001-csv/2897#110828463>		"апрель"@tyv	
"十二月"@nan	<https://panlex.org/snapshot/panlex-20191001-csv/2897#110831626>				<https://panlex.org/snapshot/panlex-20191001-csv/2897#110831717>		"декабрь"@tyv	
"十二月"@nan	<https://panlex.org/snapshot/panlex-20191001-csv/2897#110831626>				<https://panlex.org/snapshot/panlex-20191001-csv/2897#110831627>		"он ийи ай"@tyv	
"六月"@nan	<https://panlex.org/snapshot/panlex-20191001-csv/2897#110829267>				<https://panlex.org/snapshot/panlex-20191001-csv/2897#110829116>		"алды ай"@tyv	
"六月"@nan	<https://panlex.org/snapshot/panlex-20191001-csv/2897#110829267>				<https://panlex.org/snapshot/panlex-20191001-csv/2897#110829190>		"июнь"@tyv	
"一月"@nan	<https://panlex.org/snapshot/panlex-20191001-csv/2897#110827158>				<https://panlex.org/snapshot/panlex-20191001-csv/2897#110827108>		"январь"@tyv	
"一月"@nan	<https://panlex.org/snapshot/panlex-20191001-csv/2897#110827158>				<https://panlex.org/snapshot/panlex-20191001-csv/2897#110827381>		"бир ай"@tyv	
"二月"@nan	<https://panlex.org/snapshot/panlex-20191001-csv/2897#110827481>				<https://panlex.org/snapshot/panlex-20191001-csv/2897#110827852>		"ийи ай"@tyv	
"二月"@nan	<https://panlex.org/snapshot/panlex-20191001-csv/2897#110827481>				<https://panlex.org/snapshot/panlex-20191001-csv/2897#110827537>		"февраль"@tyv	
"七月"@nan	<https://panlex.org/snapshot/panlex-20191001-csv/2897#110829728>				<https://panlex.org/snapshot/panlex-20191001-csv/2897#110829686>		"чеди ай"@tyv	
"七月"@nan	<https://panlex.org/snapshot/panlex-20191001-csv/2897#110829728>				<https://panlex.org/snapshot/panlex-20191001-csv/2897#110829815>		"июль"@tyv	
"五月"@nan	<https://panlex.org/snapshot/panlex-20191001-csv/2897#110828950>				<https://panlex.org/snapshot/panlex-20191001-csv/2897#110828679>		"беш ай"@tyv	
"五月"@nan	<https://panlex.org/snapshot/panlex-20191001-csv/2897#110828950>				<https://panlex.org/snapshot/panlex-20191001-csv/2897#110828802>		"май"@tyv	
