"-ômac"@jae	<https://panlex.org/snapshot/panlex-20191001-csv/114#8068297>				<https://panlex.org/snapshot/panlex-20191001-csv/114#8068387>		"ŋiŋ"@mgl	
"gasêŋa"@jae	<https://panlex.org/snapshot/panlex-20191001-csv/114#8052330>				<https://panlex.org/snapshot/panlex-20191001-csv/114#8052413>		"ŋas"@mgl	
"dêmôê"@jae	<https://panlex.org/snapshot/panlex-20191001-csv/114#8057915>				<https://panlex.org/snapshot/panlex-20191001-csv/114#8058012>		"ǥunǥuni"@mgl	
"môkê"@jae	<https://panlex.org/snapshot/panlex-20191001-csv/114#8063569>				<https://panlex.org/snapshot/panlex-20191001-csv/114#8063666>		"kuri"@mgl	
"lồ"@jae	<https://panlex.org/snapshot/panlex-20191001-csv/114#8067234>				<https://panlex.org/snapshot/panlex-20191001-csv/114#8067330>		"roŋa"@mgl	
"gêsu"@jae	<https://panlex.org/snapshot/panlex-20191001-csv/114#8064114>				<https://panlex.org/snapshot/panlex-20191001-csv/114#8064209>		"ǥoli"@mgl	
"intêna"@jae	<https://panlex.org/snapshot/panlex-20191001-csv/114#8054417>				<https://panlex.org/snapshot/panlex-20191001-csv/114#8054502>		"roro"@mgl	
