"iʁuŋ"@kge	<https://panlex.org/snapshot/panlex-20191001-csv/114#8065215>				<https://panlex.org/snapshot/panlex-20191001-csv/114#8065393>		"quruŋ"@plw	
"iʁuŋ"@kge	<https://panlex.org/snapshot/panlex-20191001-csv/114#8065215>				<https://panlex.org/snapshot/panlex-20191001-csv/114#8065392>		"qoróŋ"@plw	
"titɪʔ"@kge	<https://panlex.org/snapshot/panlex-20191001-csv/114#8060489>				<https://panlex.org/snapshot/panlex-20191001-csv/114#8060677>		"dudu"@plw	
"titɪʔ"@kge	<https://panlex.org/snapshot/panlex-20191001-csv/114#8060489>				<https://panlex.org/snapshot/panlex-20191001-csv/114#8060678>		"dudúq"@plw	
"kuktʼ"@kge	<https://panlex.org/snapshot/panlex-20191001-csv/114#8053298>				<https://panlex.org/snapshot/panlex-20191001-csv/114#8053487>		"qaqáqi"@plw	
"kuktʼ"@kge	<https://panlex.org/snapshot/panlex-20191001-csv/114#8053298>				<https://panlex.org/snapshot/panlex-20191001-csv/114#8053486>		"qaqay"@plw	
"baŋuʔ"@kge	<https://panlex.org/snapshot/panlex-20191001-csv/114#8066684>				<https://panlex.org/snapshot/panlex-20191001-csv/114#8066867>		"baqbáq"@plw	
"baŋuʔ"@kge	<https://panlex.org/snapshot/panlex-20191001-csv/114#8066684>				<https://panlex.org/snapshot/panlex-20191001-csv/114#8066866>		"baqbaq"@plw	
"ʁaŋgaya"@kge	<https://panlex.org/snapshot/panlex-20191001-csv/114#8054427>				<https://panlex.org/snapshot/panlex-20191001-csv/114#8054590>		"dalán"@plw	
"isaw"@kge	<https://panlex.org/snapshot/panlex-20191001-csv/114#8059485>				<https://panlex.org/snapshot/panlex-20191001-csv/114#8059645>		"tináqi"@plw	
"maha"@kge	<https://panlex.org/snapshot/panlex-20191001-csv/114#8068310>				<https://panlex.org/snapshot/panlex-20191001-csv/114#8068477>		"saya"@plw	
"maha"@kge	<https://panlex.org/snapshot/panlex-20191001-csv/114#8068310>				<https://panlex.org/snapshot/panlex-20191001-csv/114#8068476>		"daŋákŋak"@plw	
"baŋʉ̱ʔ"@kge	<https://panlex.org/snapshot/panlex-20191001-csv/114#8066685>				<https://panlex.org/snapshot/panlex-20191001-csv/114#8066867>		"baqbáq"@plw	
"baŋʉ̱ʔ"@kge	<https://panlex.org/snapshot/panlex-20191001-csv/114#8066685>				<https://panlex.org/snapshot/panlex-20191001-csv/114#8066866>		"baqbaq"@plw	
"ʁatoŋ"@kge	<https://panlex.org/snapshot/panlex-20191001-csv/114#8054927>				<https://panlex.org/snapshot/panlex-20191001-csv/114#8055094>		"muqatkakaqíni"@plw	
"panday"@kge	<https://panlex.org/snapshot/panlex-20191001-csv/114#8061546>				<https://panlex.org/snapshot/panlex-20191001-csv/114#8061728>		"maka-táwan"@plw	
"baŋuk"@kge	<https://panlex.org/snapshot/panlex-20191001-csv/114#8066683>				<https://panlex.org/snapshot/panlex-20191001-csv/114#8066867>		"baqbáq"@plw	
"baŋuk"@kge	<https://panlex.org/snapshot/panlex-20191001-csv/114#8066683>				<https://panlex.org/snapshot/panlex-20191001-csv/114#8066866>		"baqbaq"@plw	
"galah"@kge	<https://panlex.org/snapshot/panlex-20191001-csv/114#8064128>				<https://panlex.org/snapshot/panlex-20191001-csv/114#8064294>		"líqəg"@plw	
"galah"@kge	<https://panlex.org/snapshot/panlex-20191001-csv/114#8064128>				<https://panlex.org/snapshot/panlex-20191001-csv/114#8064293>		"liqɨg"@plw	
"ʁabay"@kge	<https://panlex.org/snapshot/panlex-20191001-csv/114#8062550>				<https://panlex.org/snapshot/panlex-20191001-csv/114#8062717>		"takut"@plw	
"ʁabay"@kge	<https://panlex.org/snapshot/panlex-20191001-csv/114#8062550>				<https://panlex.org/snapshot/panlex-20191001-csv/114#8062716>		"mag-tákot"@plw	
"buọʔ"@kge	<https://panlex.org/snapshot/panlex-20191001-csv/114#8064664>				<https://panlex.org/snapshot/panlex-20191001-csv/114#8064833>		"buaq"@plw	
"buọʔ"@kge	<https://panlex.org/snapshot/panlex-20191001-csv/114#8064664>				<https://panlex.org/snapshot/panlex-20191001-csv/114#8064834>		"buwáq"@plw	
