"tinaine"@mg	<https://panlex.org/snapshot/panlex-20191001-csv/5947#84803508>				<https://panlex.org/snapshot/panlex-20191001-csv/5947#84803335>		"issikotoyiiksistsiko"@bla	
"mey"@mg	<https://panlex.org/snapshot/panlex-20191001-csv/5947#84744093>				<https://panlex.org/snapshot/panlex-20191001-csv/5947#84744023>		"aapistsísskitsaato’s"@bla	
"talata"@mg	<https://panlex.org/snapshot/panlex-20191001-csv/5939#80784048>				<https://panlex.org/snapshot/panlex-20191001-csv/5939#80783996>		"Isttsinaiksistsiko"@bla	
"fiadanana"@mg	<https://panlex.org/snapshot/panlex-20191001-csv/2902#111012213>				<https://panlex.org/snapshot/panlex-20191001-csv/2902#111011959>		"innaihtsi’iyi"@bla	
"zoma"@mg	<https://panlex.org/snapshot/panlex-20191001-csv/2892#110825936>				<https://panlex.org/snapshot/panlex-20191001-csv/2892#110825833>		"mamiiksistsiko"@bla	
"zoma"@mg	<https://panlex.org/snapshot/panlex-20191001-csv/2892#110825936>				<https://panlex.org/snapshot/panlex-20191001-csv/2892#110825960>		"i’nakohpommaik sistsiko"@bla	
"alatsinainy"@mg	<https://panlex.org/snapshot/panlex-20191001-csv/2892#110824047>				<https://panlex.org/snapshot/panlex-20191001-csv/2892#110824275>		"issikotoyiiksistsiko"@bla	
"alarobia"@mg	<https://panlex.org/snapshot/panlex-20191001-csv/2892#110825130>				<https://panlex.org/snapshot/panlex-20191001-csv/2892#110825154>		"iitawáánao’kso’kii’p"@bla	
"asabotsy"@mg	<https://panlex.org/snapshot/panlex-20191001-csv/2892#110826211>				<https://panlex.org/snapshot/panlex-20191001-csv/2892#110826442>		"tótohtáátoyiiksistsiko"@bla	
"talata"@mg	<https://panlex.org/snapshot/panlex-20191001-csv/2892#110824664>				<https://panlex.org/snapshot/panlex-20191001-csv/2892#110824442>		"otómohtsisto’kissikatoyiiksistsik oohy"@bla	
"talata"@mg	<https://panlex.org/snapshot/panlex-20191001-csv/2892#110824664>				<https://panlex.org/snapshot/panlex-20191001-csv/2892#110824662>		"isttsinaikisistsiko"@bla	
"alahady"@mg	<https://panlex.org/snapshot/panlex-20191001-csv/2892#110826861>				<https://panlex.org/snapshot/panlex-20191001-csv/2892#110826701>		"naatoyíkistsiko"@bla	
"alakamisy"@mg	<https://panlex.org/snapshot/panlex-20191001-csv/2892#110825361>				<https://panlex.org/snapshot/panlex-20191001-csv/2892#110825485>		"náámiksistsiko"@bla	
"septambra"@mg	<https://panlex.org/snapshot/panlex-20191001-csv/2897#110830674>				<https://panlex.org/snapshot/panlex-20191001-csv/2897#110830446>		"iitáómatapapittssko"@bla	
"septambra"@mg	<https://panlex.org/snapshot/panlex-20191001-csv/2897#110830674>				<https://panlex.org/snapshot/panlex-20191001-csv/2897#110830377>		"áwákaasiiki’somm"@bla	
"septambra"@mg	<https://panlex.org/snapshot/panlex-20191001-csv/2897#110830674>				<https://panlex.org/snapshot/panlex-20191001-csv/2897#110830361>		"iitáípa’ksiksini’kayi pa’kki’pistsi"@bla	
"martsa"@mg	<https://panlex.org/snapshot/panlex-20191001-csv/2897#110827957>				<https://panlex.org/snapshot/panlex-20191001-csv/2897#110828040>		"sa’aiki’somm"@bla	
"jiona"@mg	<https://panlex.org/snapshot/panlex-20191001-csv/2897#110829114>				<https://panlex.org/snapshot/panlex-20191001-csv/2897#110829459>		"niipiaato’s"@bla	
"jiona"@mg	<https://panlex.org/snapshot/panlex-20191001-csv/2897#110829114>				<https://panlex.org/snapshot/panlex-20191001-csv/2897#110829445>		"ito’tsisamssootaa"@bla	
"jiona"@mg	<https://panlex.org/snapshot/panlex-20191001-csv/2897#110829114>				<https://panlex.org/snapshot/panlex-20191001-csv/2897#110829280>		"otsítsipottaatpi pi’kssi̱i̱ksi"@bla	
"jiona"@mg	<https://panlex.org/snapshot/panlex-20191001-csv/2897#110829114>				<https://panlex.org/snapshot/panlex-20191001-csv/2897#110829385>		"pi’kssííksi otsi̱taowayiihpiaawa"@bla	
"janoary"@mg	<https://panlex.org/snapshot/panlex-20191001-csv/2897#110827295>				<https://panlex.org/snapshot/panlex-20191001-csv/2897#110827244>		"isspssáísskitsimao’p"@bla	
"janoary"@mg	<https://panlex.org/snapshot/panlex-20191001-csv/2897#110827295>				<https://panlex.org/snapshot/panlex-20191001-csv/2897#110827273>		"áísstoyiimsstaa"@bla	
"janoary"@mg	<https://panlex.org/snapshot/panlex-20191001-csv/2897#110827295>				<https://panlex.org/snapshot/panlex-20191001-csv/2897#110827390>		"ómahksíki’somm"@bla	
"aogositra"@mg	<https://panlex.org/snapshot/panlex-20191001-csv/2897#110830194>				<https://panlex.org/snapshot/panlex-20191001-csv/2897#110830222>		"iitáyiitsimaahkao’p"@bla	
"aogositra"@mg	<https://panlex.org/snapshot/panlex-20191001-csv/2897#110830194>				<https://panlex.org/snapshot/panlex-20191001-csv/2897#110829965>		"pákkii’pistsi otsíai’tssp"@bla	
"ôktôbra"@mg	<https://panlex.org/snapshot/panlex-20191001-csv/2897#110830877>				<https://panlex.org/snapshot/panlex-20191001-csv/2897#110830928>		"mo’kááto’s"@bla	
"ôktôbra"@mg	<https://panlex.org/snapshot/panlex-20191001-csv/2897#110830877>				<https://panlex.org/snapshot/panlex-20191001-csv/2897#110831082>		"sa’áiksi itáómatooyi"@bla	
"aprily"@mg	<https://panlex.org/snapshot/panlex-20191001-csv/2897#110828503>				<https://panlex.org/snapshot/panlex-20191001-csv/2897#110828388>		"matsiyíkkapisaii’somm"@bla	
"febroary"@mg	<https://panlex.org/snapshot/panlex-20191001-csv/2897#110827561>				<https://panlex.org/snapshot/panlex-20191001-csv/2897#110827616>		"píítaiáí"@bla	
"febroary"@mg	<https://panlex.org/snapshot/panlex-20191001-csv/2897#110827561>				<https://panlex.org/snapshot/panlex-20191001-csv/2897#110827566>		"saómmitsiki’somm"@bla	
"jolay"@mg	<https://panlex.org/snapshot/panlex-20191001-csv/2897#110829593>				<https://panlex.org/snapshot/panlex-20191001-csv/2897#110829495>		"niipóómahkátoyiiksistsikaa to’s"@bla	
"mey"@mg	<https://panlex.org/snapshot/panlex-20191001-csv/2897#110828686>				<https://panlex.org/snapshot/panlex-20191001-csv/2897#110828705>		"aapistsísskitsaato’s"@bla	
"desambra"@mg	<https://panlex.org/snapshot/panlex-20191001-csv/2897#110831558>				<https://panlex.org/snapshot/panlex-20191001-csv/2897#110831554>		"omahkátoyiiksistsiko"@bla	
"desambra"@mg	<https://panlex.org/snapshot/panlex-20191001-csv/2897#110831558>				<https://panlex.org/snapshot/panlex-20191001-csv/2897#110831822>		"misámiko’komiaato’s"@bla	
"desambra"@mg	<https://panlex.org/snapshot/panlex-20191001-csv/2897#110831558>				<https://panlex.org/snapshot/panlex-20191001-csv/2897#110831735>		"omahkátoyiiki’sommiatto’s"@bla	
"desambra"@mg	<https://panlex.org/snapshot/panlex-20191001-csv/2897#110831558>				<https://panlex.org/snapshot/panlex-20191001-csv/2897#110831772>		"isstááato’s"@bla	
"nôvambra"@mg	<https://panlex.org/snapshot/panlex-20191001-csv/2897#110831472>				<https://panlex.org/snapshot/panlex-20191001-csv/2897#110831476>		"iitáó’tsstoyi"@bla	
"nôvambra"@mg	<https://panlex.org/snapshot/panlex-20191001-csv/2897#110831472>				<https://panlex.org/snapshot/panlex-20191001-csv/2897#110831313>		"iitáóhkohtao’p"@bla	
"nôvambra"@mg	<https://panlex.org/snapshot/panlex-20191001-csv/2897#110831472>				<https://panlex.org/snapshot/panlex-20191001-csv/2897#110831307>		"iitáóhkanaikokotoyi niítahtaistsi"@bla	
