"tarun"@sjr	<https://panlex.org/snapshot/panlex-20191001-csv/114#8058132>				<https://panlex.org/snapshot/panlex-20191001-csv/114#8057895>		"belakaŋ"@iba	
"silik"@sjr	<https://panlex.org/snapshot/panlex-20191001-csv/114#8063255>				<https://panlex.org/snapshot/panlex-20191001-csv/114#8063007>		"darah"@iba	
"tasimon"@sjr	<https://panlex.org/snapshot/panlex-20191001-csv/114#8061768>				<https://panlex.org/snapshot/panlex-20191001-csv/114#8061500>		"tauʔ"@iba	
"tasimon"@sjr	<https://panlex.org/snapshot/panlex-20191001-csv/114#8061768>				<https://panlex.org/snapshot/panlex-20191001-csv/114#8061501>		"temu"@iba	
"ngisen"@sjr	<https://panlex.org/snapshot/panlex-20191001-csv/114#8067467>				<https://panlex.org/snapshot/panlex-20191001-csv/114#8067202>		"ŋeliʔ"@iba	
"papalin"@sjr	<https://panlex.org/snapshot/panlex-20191001-csv/114#8057626>				<https://panlex.org/snapshot/panlex-20191001-csv/114#8057380>		"kulit"@iba	
"pispis"@sjr	<https://panlex.org/snapshot/panlex-20191001-csv/114#8057130>				<https://panlex.org/snapshot/panlex-20191001-csv/114#8056905>		"apok"@iba	
"pispis"@sjr	<https://panlex.org/snapshot/panlex-20191001-csv/114#8057130>				<https://panlex.org/snapshot/panlex-20191001-csv/114#8056904>		"abu"@iba	
"langar"@sjr	<https://panlex.org/snapshot/panlex-20191001-csv/114#8068515>				<https://panlex.org/snapshot/panlex-20191001-csv/114#8068265>		"ketawaʔ"@iba	
"kot"@sjr	<https://panlex.org/snapshot/panlex-20191001-csv/114#8056652>				<https://panlex.org/snapshot/panlex-20191001-csv/114#8056406>		"kamah"@iba	
"inan"@sjr	<https://panlex.org/snapshot/panlex-20191001-csv/114#8054115>				<https://panlex.org/snapshot/panlex-20191001-csv/114#8053840>		"jalai"@iba	
"ager"@sjr	<https://panlex.org/snapshot/panlex-20191001-csv/114#8055634>				<https://panlex.org/snapshot/panlex-20191001-csv/114#8055389>		"bilok"@iba	
"iuvún"@sjr	<https://panlex.org/snapshot/panlex-20191001-csv/114#8064878>				<https://panlex.org/snapshot/panlex-20191001-csv/114#8064627>		"bok"@iba	
