"tarun"@sjr	<https://panlex.org/snapshot/panlex-20191001-csv/114#8058132>				<https://panlex.org/snapshot/panlex-20191001-csv/114#8058018>		"haré"@mhz	
"silik"@sjr	<https://panlex.org/snapshot/panlex-20191001-csv/114#8063255>				<https://panlex.org/snapshot/panlex-20191001-csv/114#8063133>		"rara"@mhz	
"tasimon"@sjr	<https://panlex.org/snapshot/panlex-20191001-csv/114#8061768>				<https://panlex.org/snapshot/panlex-20191001-csv/114#8061638>		"anini"@mhz	
"ngisen"@sjr	<https://panlex.org/snapshot/panlex-20191001-csv/114#8067467>				<https://panlex.org/snapshot/panlex-20191001-csv/114#8067336>		"wóto"@mhz	
"papalin"@sjr	<https://panlex.org/snapshot/panlex-20191001-csv/114#8057626>				<https://panlex.org/snapshot/panlex-20191001-csv/114#8057505>		"hiʔi"@mhz	
"pispis"@sjr	<https://panlex.org/snapshot/panlex-20191001-csv/114#8057130>				<https://panlex.org/snapshot/panlex-20191001-csv/114#8057011>		"ʔahá"@mhz	
"langar"@sjr	<https://panlex.org/snapshot/panlex-20191001-csv/114#8068515>				<https://panlex.org/snapshot/panlex-20191001-csv/114#8068392>		"mariʔa"@mhz	
"kot"@sjr	<https://panlex.org/snapshot/panlex-20191001-csv/114#8056652>				<https://panlex.org/snapshot/panlex-20191001-csv/114#8056529>		"weriraʔa"@mhz	
"inan"@sjr	<https://panlex.org/snapshot/panlex-20191001-csv/114#8054115>				<https://panlex.org/snapshot/panlex-20191001-csv/114#8053980>		"vera"@mhz	
"ager"@sjr	<https://panlex.org/snapshot/panlex-20191001-csv/114#8055634>				<https://panlex.org/snapshot/panlex-20191001-csv/114#8055508>		"wariawá"@mhz	
"iuvún"@sjr	<https://panlex.org/snapshot/panlex-20191001-csv/114#8064878>				<https://panlex.org/snapshot/panlex-20191001-csv/114#8064749>		"[u] ranu"@mhz	
