"биология"@tyv	<https://panlex.org/snapshot/panlex-20191001-csv/2904#111022272>				<https://panlex.org/snapshot/panlex-20191001-csv/2904#111022323>		"tasnuddirt"@jbn	
"биология"@tyv	<https://panlex.org/snapshot/panlex-20191001-csv/2904#111022272>				<https://panlex.org/snapshot/panlex-20191001-csv/2904#111022278>		"ⵜⴰⵙⵏⵓⴷⴷⵉⵔⵜ"@jbn	
"сан эртеми"@tyv	<https://panlex.org/snapshot/panlex-20191001-csv/2904#111023374>				<https://panlex.org/snapshot/panlex-20191001-csv/2904#111023329>		"ⵜⵓⵙⵏⴰⴽⵜ"@jbn	
"сан эртеми"@tyv	<https://panlex.org/snapshot/panlex-20191001-csv/2904#111023374>				<https://panlex.org/snapshot/panlex-20191001-csv/2904#111023334>		"tusnakt"@jbn	
"дыл эртеми"@tyv	<https://panlex.org/snapshot/panlex-20191001-csv/2904#111023104>				<https://panlex.org/snapshot/panlex-20191001-csv/2904#111023220>		"ⵜⴰⵙⵏⵉⵍⴻⵙⵜ"@jbn	
"дыл эртеми"@tyv	<https://panlex.org/snapshot/panlex-20191001-csv/2904#111023104>				<https://panlex.org/snapshot/panlex-20191001-csv/2904#111023253>		"tasnilest"@jbn	
"эртем"@tyv	<https://panlex.org/snapshot/panlex-20191001-csv/2904#111024339>				<https://panlex.org/snapshot/panlex-20191001-csv/2904#111024297>		"ⵜⵓⵙⵙⵏⴰ"@jbn	
"эртем"@tyv	<https://panlex.org/snapshot/panlex-20191001-csv/2904#111024339>				<https://panlex.org/snapshot/panlex-20191001-csv/2904#111024248>		"tussna"@jbn	
"медицина"@tyv	<https://panlex.org/snapshot/panlex-20191001-csv/2904#111023669>				<https://panlex.org/snapshot/panlex-20191001-csv/2904#111023740>		"ⵜⵓⵊⵊⵢⴰ"@jbn	
"медицина"@tyv	<https://panlex.org/snapshot/panlex-20191001-csv/2904#111023669>				<https://panlex.org/snapshot/panlex-20191001-csv/2904#111023676>		"tujjya"@jbn	
"эмнелге"@tyv	<https://panlex.org/snapshot/panlex-20191001-csv/2904#111023639>				<https://panlex.org/snapshot/panlex-20191001-csv/2904#111023740>		"ⵜⵓⵊⵊⵢⴰ"@jbn	
"эмнелге"@tyv	<https://panlex.org/snapshot/panlex-20191001-csv/2904#111023639>				<https://panlex.org/snapshot/panlex-20191001-csv/2904#111023676>		"tujjya"@jbn	
"математика"@tyv	<https://panlex.org/snapshot/panlex-20191001-csv/2904#111023510>				<https://panlex.org/snapshot/panlex-20191001-csv/2904#111023329>		"ⵜⵓⵙⵏⴰⴽⵜ"@jbn	
"математика"@tyv	<https://panlex.org/snapshot/panlex-20191001-csv/2904#111023510>				<https://panlex.org/snapshot/panlex-20191001-csv/2904#111023334>		"tusnakt"@jbn	
"философия"@tyv	<https://panlex.org/snapshot/panlex-20191001-csv/2904#111023860>				<https://panlex.org/snapshot/panlex-20191001-csv/2904#111023790>		"tussna n tedmi"@jbn	
"философия"@tyv	<https://panlex.org/snapshot/panlex-20191001-csv/2904#111023860>				<https://panlex.org/snapshot/panlex-20191001-csv/2904#111023855>		"ⵜⵓⵙⵙⵏⴰ ⵏ ⵜⴻⴷⵎⵉ"@jbn	
"университет"@tyv	<https://panlex.org/snapshot/panlex-20191001-csv/2904#111024559>				<https://panlex.org/snapshot/panlex-20191001-csv/2904#111024589>		"ⵜⴰⵙⴷⴰⵡⵉⵜ"@jbn	
"университет"@tyv	<https://panlex.org/snapshot/panlex-20191001-csv/2904#111024559>				<https://panlex.org/snapshot/panlex-20191001-csv/2904#111024635>		"tasdawit"@jbn	
"төөгү"@tyv	<https://panlex.org/snapshot/panlex-20191001-csv/2904#111023003>				<https://panlex.org/snapshot/panlex-20191001-csv/2904#111023034>		"ⴰⵎⴻⵣⵔⵓⵢ"@jbn	
"төөгү"@tyv	<https://panlex.org/snapshot/panlex-20191001-csv/2904#111023003>				<https://panlex.org/snapshot/panlex-20191001-csv/2904#111022856>		"amezruy"@jbn	
"география"@tyv	<https://panlex.org/snapshot/panlex-20191001-csv/2904#111022690>				<https://panlex.org/snapshot/panlex-20191001-csv/2904#111022628>		"tirakalt"@jbn	
"география"@tyv	<https://panlex.org/snapshot/panlex-20191001-csv/2904#111022690>				<https://panlex.org/snapshot/panlex-20191001-csv/2904#111022584>		"ⵜⵉⵔⴰⴽⴰⵍⵜ"@jbn	
"астрономия"@tyv	<https://panlex.org/snapshot/panlex-20191001-csv/2904#111021966>				<https://panlex.org/snapshot/panlex-20191001-csv/2904#111021964>		"ⵜⴰⵙⵙⵏⴰⴳⴳⵓⵔⵜ"@jbn	
"астрономия"@tyv	<https://panlex.org/snapshot/panlex-20191001-csv/2904#111021966>				<https://panlex.org/snapshot/panlex-20191001-csv/2904#111022052>		"tassnaggurt"@jbn	
"физика"@tyv	<https://panlex.org/snapshot/panlex-20191001-csv/2904#111024019>				<https://panlex.org/snapshot/panlex-20191001-csv/2904#111024069>		"aɣaran"@jbn	
"физика"@tyv	<https://panlex.org/snapshot/panlex-20191001-csv/2904#111024019>				<https://panlex.org/snapshot/panlex-20191001-csv/2904#111024141>		"ⴰⵖⴰⵔⴰⵏ"@jbn	
"химия"@tyv	<https://panlex.org/snapshot/panlex-20191001-csv/2904#111022403>				<https://panlex.org/snapshot/panlex-20191001-csv/2904#111022382>		"takrura"@jbn	
"химия"@tyv	<https://panlex.org/snapshot/panlex-20191001-csv/2904#111022403>				<https://panlex.org/snapshot/panlex-20191001-csv/2904#111022570>		"ⵜⴰⴽⵔⵓⵔⴰ"@jbn	
"архитектура"@tyv	<https://panlex.org/snapshot/panlex-20191001-csv/2904#111021871>				<https://panlex.org/snapshot/panlex-20191001-csv/2904#111021821>		"ⵜⴰⵙⴻⴷⴳⴰ"@jbn	
"архитектура"@tyv	<https://panlex.org/snapshot/panlex-20191001-csv/2904#111021871>				<https://panlex.org/snapshot/panlex-20191001-csv/2904#111021861>		"tasedga"@jbn	
"тайбың"@tyv	<https://panlex.org/snapshot/panlex-20191001-csv/2902#111012169>				<https://panlex.org/snapshot/panlex-20191001-csv/2902#111012333>		"ⵜⴰⵍⵡⵉⵜ"@jbn	
"тайбың"@tyv	<https://panlex.org/snapshot/panlex-20191001-csv/2902#111012169>				<https://panlex.org/snapshot/panlex-20191001-csv/2902#111012261>		"talwit"@jbn	
"Чер-ортузу далай"@tyv	<https://panlex.org/snapshot/panlex-20191001-csv/2905#110870420>				<https://panlex.org/snapshot/panlex-20191001-csv/2905#110870453>		"Ilel Agrakal"@jbn	
"Чер-ортузу далай"@tyv	<https://panlex.org/snapshot/panlex-20191001-csv/2905#110870420>				<https://panlex.org/snapshot/panlex-20191001-csv/2905#110870284>		"ⵉⵍⴻⵍ ⴰⴳⵔⴰⴽⴰⵍ"@jbn	
"Бүдүмел"@tyv	<https://panlex.org/snapshot/panlex-20191001-csv/2907#110848971>				<https://panlex.org/snapshot/panlex-20191001-csv/2907#110849052>		"Ameɣṛad"@jbn	
"Бүдүмел"@tyv	<https://panlex.org/snapshot/panlex-20191001-csv/2907#110848971>				<https://panlex.org/snapshot/panlex-20191001-csv/2907#110848976>		"ⴰⵎⴻⵖⵕⴰⴷ"@jbn	
"Октаргай"@tyv	<https://panlex.org/snapshot/panlex-20191001-csv/2907#110849104>				<https://panlex.org/snapshot/panlex-20191001-csv/2907#110849052>		"Ameɣṛad"@jbn	
"Октаргай"@tyv	<https://panlex.org/snapshot/panlex-20191001-csv/2907#110849104>				<https://panlex.org/snapshot/panlex-20191001-csv/2907#110848976>		"ⴰⵎⴻⵖⵕⴰⴷ"@jbn	
"понедельник"@tyv	<https://panlex.org/snapshot/panlex-20191001-csv/2892#110824257>				<https://panlex.org/snapshot/panlex-20191001-csv/2892#110824124>		"ⵜⴰⵙⵉⵜ"@jbn	
"понедельник"@tyv	<https://panlex.org/snapshot/panlex-20191001-csv/2892#110824257>				<https://panlex.org/snapshot/panlex-20191001-csv/2892#110824285>		"tasit"@jbn	
"улуг хүн"@tyv	<https://panlex.org/snapshot/panlex-20191001-csv/2892#110826854>				<https://panlex.org/snapshot/panlex-20191001-csv/2892#110827036>		"ⵜⵓⴶⵉⵜ"@jbn	
"улуг хүн"@tyv	<https://panlex.org/snapshot/panlex-20191001-csv/2892#110826854>				<https://panlex.org/snapshot/panlex-20191001-csv/2892#110826850>		"tujit"@jbn	
"үш дугаар хүн"@tyv	<https://panlex.org/snapshot/panlex-20191001-csv/2892#110825193>				<https://panlex.org/snapshot/panlex-20191001-csv/2892#110825029>		"ⵜⵓⵇⵣⵉⵜ"@jbn	
"үш дугаар хүн"@tyv	<https://panlex.org/snapshot/panlex-20191001-csv/2892#110825193>				<https://panlex.org/snapshot/panlex-20191001-csv/2892#110824906>		"tuqzit"@jbn	
"беш дугаар хүн"@tyv	<https://panlex.org/snapshot/panlex-20191001-csv/2892#110826034>				<https://panlex.org/snapshot/panlex-20191001-csv/2892#110825970>		"ⴻⵍⵖⵎⴻⵜ"@jbn	
"беш дугаар хүн"@tyv	<https://panlex.org/snapshot/panlex-20191001-csv/2892#110826034>				<https://panlex.org/snapshot/panlex-20191001-csv/2892#110825835>		"elɣmet"@jbn	
"среда"@tyv	<https://panlex.org/snapshot/panlex-20191001-csv/2892#110824863>				<https://panlex.org/snapshot/panlex-20191001-csv/2892#110825029>		"ⵜⵓⵇⵣⵉⵜ"@jbn	
"среда"@tyv	<https://panlex.org/snapshot/panlex-20191001-csv/2892#110824863>				<https://panlex.org/snapshot/panlex-20191001-csv/2892#110824906>		"tuqzit"@jbn	
"воскресенье"@tyv	<https://panlex.org/snapshot/panlex-20191001-csv/2892#110826792>				<https://panlex.org/snapshot/panlex-20191001-csv/2892#110827036>		"ⵜⵓⴶⵉⵜ"@jbn	
"воскресенье"@tyv	<https://panlex.org/snapshot/panlex-20191001-csv/2892#110826792>				<https://panlex.org/snapshot/panlex-20191001-csv/2892#110826850>		"tujit"@jbn	
"бир дугаар хүн"@tyv	<https://panlex.org/snapshot/panlex-20191001-csv/2892#110824350>				<https://panlex.org/snapshot/panlex-20191001-csv/2892#110824124>		"ⵜⴰⵙⵉⵜ"@jbn	
"бир дугаар хүн"@tyv	<https://panlex.org/snapshot/panlex-20191001-csv/2892#110824350>				<https://panlex.org/snapshot/panlex-20191001-csv/2892#110824285>		"tasit"@jbn	
"вторник"@tyv	<https://panlex.org/snapshot/panlex-20191001-csv/2892#110824505>				<https://panlex.org/snapshot/panlex-20191001-csv/2892#110824785>		"ⵜⴻⵛⵜⵔⵉⵜ"@jbn	
"вторник"@tyv	<https://panlex.org/snapshot/panlex-20191001-csv/2892#110824505>				<https://panlex.org/snapshot/panlex-20191001-csv/2892#110824756>		"tectrit"@jbn	
"дөрт дугаар хүн"@tyv	<https://panlex.org/snapshot/panlex-20191001-csv/2892#110825571>				<https://panlex.org/snapshot/panlex-20191001-csv/2892#110825289>		"asmis"@jbn	
"дөрт дугаар хүн"@tyv	<https://panlex.org/snapshot/panlex-20191001-csv/2892#110825571>				<https://panlex.org/snapshot/panlex-20191001-csv/2892#110825377>		"ⴰⵙⵎⵉⵙ"@jbn	
"суббота"@tyv	<https://panlex.org/snapshot/panlex-20191001-csv/2892#110826295>				<https://panlex.org/snapshot/panlex-20191001-csv/2892#110826210>		"ⴰⵙⵓⵏⵉⵟ"@jbn	
"суббота"@tyv	<https://panlex.org/snapshot/panlex-20191001-csv/2892#110826295>				<https://panlex.org/snapshot/panlex-20191001-csv/2892#110826436>		"asuniṭ"@jbn	
"ийи дугаар хүн"@tyv	<https://panlex.org/snapshot/panlex-20191001-csv/2892#110824561>				<https://panlex.org/snapshot/panlex-20191001-csv/2892#110824785>		"ⵜⴻⵛⵜⵔⵉⵜ"@jbn	
"ийи дугаар хүн"@tyv	<https://panlex.org/snapshot/panlex-20191001-csv/2892#110824561>				<https://panlex.org/snapshot/panlex-20191001-csv/2892#110824756>		"tectrit"@jbn	
"пятница"@tyv	<https://panlex.org/snapshot/panlex-20191001-csv/2892#110825694>				<https://panlex.org/snapshot/panlex-20191001-csv/2892#110825970>		"ⴻⵍⵖⵎⴻⵜ"@jbn	
"пятница"@tyv	<https://panlex.org/snapshot/panlex-20191001-csv/2892#110825694>				<https://panlex.org/snapshot/panlex-20191001-csv/2892#110825835>		"elɣmet"@jbn	
"четверг"@tyv	<https://panlex.org/snapshot/panlex-20191001-csv/2892#110825348>				<https://panlex.org/snapshot/panlex-20191001-csv/2892#110825289>		"asmis"@jbn	
"четверг"@tyv	<https://panlex.org/snapshot/panlex-20191001-csv/2892#110825348>				<https://panlex.org/snapshot/panlex-20191001-csv/2892#110825377>		"ⴰⵙⵎⵉⵙ"@jbn	
"чартык улуг-хүн"@tyv	<https://panlex.org/snapshot/panlex-20191001-csv/2892#110826131>				<https://panlex.org/snapshot/panlex-20191001-csv/2892#110826210>		"ⴰⵙⵓⵏⵉⵟ"@jbn	
"чартык улуг-хүн"@tyv	<https://panlex.org/snapshot/panlex-20191001-csv/2892#110826131>				<https://panlex.org/snapshot/panlex-20191001-csv/2892#110826436>		"asuniṭ"@jbn	
"чеди ай"@tyv	<https://panlex.org/snapshot/panlex-20191001-csv/2897#110829686>				<https://panlex.org/snapshot/panlex-20191001-csv/2897#110829789>		"yulyuz"@jbn	
"чеди ай"@tyv	<https://panlex.org/snapshot/panlex-20191001-csv/2897#110829686>				<https://panlex.org/snapshot/panlex-20191001-csv/2897#110829671>		"ⵢⵓⵍⵢⵓⵣ"@jbn	
"июль"@tyv	<https://panlex.org/snapshot/panlex-20191001-csv/2897#110829815>				<https://panlex.org/snapshot/panlex-20191001-csv/2897#110829789>		"yulyuz"@jbn	
"июль"@tyv	<https://panlex.org/snapshot/panlex-20191001-csv/2897#110829815>				<https://panlex.org/snapshot/panlex-20191001-csv/2897#110829671>		"ⵢⵓⵍⵢⵓⵣ"@jbn	
"беш ай"@tyv	<https://panlex.org/snapshot/panlex-20191001-csv/2897#110828679>				<https://panlex.org/snapshot/panlex-20191001-csv/2897#110828934>		"ⵎⴰⵢⵓ"@jbn	
"беш ай"@tyv	<https://panlex.org/snapshot/panlex-20191001-csv/2897#110828679>				<https://panlex.org/snapshot/panlex-20191001-csv/2897#110828781>		"mayu"@jbn	
"май"@tyv	<https://panlex.org/snapshot/panlex-20191001-csv/2897#110828802>				<https://panlex.org/snapshot/panlex-20191001-csv/2897#110828934>		"ⵎⴰⵢⵓ"@jbn	
"май"@tyv	<https://panlex.org/snapshot/panlex-20191001-csv/2897#110828802>				<https://panlex.org/snapshot/panlex-20191001-csv/2897#110828781>		"mayu"@jbn	
"апрель"@tyv	<https://panlex.org/snapshot/panlex-20191001-csv/2897#110828463>				<https://panlex.org/snapshot/panlex-20191001-csv/2897#110828521>		"ⵢⴻⴱⵔⵉⵔ"@jbn	
"апрель"@tyv	<https://panlex.org/snapshot/panlex-20191001-csv/2897#110828463>				<https://panlex.org/snapshot/panlex-20191001-csv/2897#110828574>		"yebrir"@jbn	
"бир ай"@tyv	<https://panlex.org/snapshot/panlex-20191001-csv/2897#110827381>				<https://panlex.org/snapshot/panlex-20191001-csv/2897#110827361>		"yenaṛ"@jbn	
"бир ай"@tyv	<https://panlex.org/snapshot/panlex-20191001-csv/2897#110827381>				<https://panlex.org/snapshot/panlex-20191001-csv/2897#110827344>		"ⵢⴻⵏⴰⵕ"@jbn	
"октябрь"@tyv	<https://panlex.org/snapshot/panlex-20191001-csv/2897#110831071>				<https://panlex.org/snapshot/panlex-20191001-csv/2897#110830963>		"tubeṛ"@jbn	
"октябрь"@tyv	<https://panlex.org/snapshot/panlex-20191001-csv/2897#110831071>				<https://panlex.org/snapshot/panlex-20191001-csv/2897#110831056>		"ⵜⵓⴱⴻⵕ"@jbn	
"ноябрь"@tyv	<https://panlex.org/snapshot/panlex-20191001-csv/2897#110831320>				<https://panlex.org/snapshot/panlex-20191001-csv/2897#110831464>		"ⵓⵡⴻⵏⴱⵉⵔ"@jbn	
"ноябрь"@tyv	<https://panlex.org/snapshot/panlex-20191001-csv/2897#110831320>				<https://panlex.org/snapshot/panlex-20191001-csv/2897#110831493>		"uwenbir"@jbn	
"июнь"@tyv	<https://panlex.org/snapshot/panlex-20191001-csv/2897#110829190>				<https://panlex.org/snapshot/panlex-20191001-csv/2897#110829259>		"yunyu"@jbn	
"июнь"@tyv	<https://panlex.org/snapshot/panlex-20191001-csv/2897#110829190>				<https://panlex.org/snapshot/panlex-20191001-csv/2897#110829184>		"ⵢⵓⵏⵢⵓ"@jbn	
"дөрт ай"@tyv	<https://panlex.org/snapshot/panlex-20191001-csv/2897#110828471>				<https://panlex.org/snapshot/panlex-20191001-csv/2897#110828521>		"ⵢⴻⴱⵔⵉⵔ"@jbn	
"дөрт ай"@tyv	<https://panlex.org/snapshot/panlex-20191001-csv/2897#110828471>				<https://panlex.org/snapshot/panlex-20191001-csv/2897#110828574>		"yebrir"@jbn	
"он ай"@tyv	<https://panlex.org/snapshot/panlex-20191001-csv/2897#110830977>				<https://panlex.org/snapshot/panlex-20191001-csv/2897#110830963>		"tubeṛ"@jbn	
"он ай"@tyv	<https://panlex.org/snapshot/panlex-20191001-csv/2897#110830977>				<https://panlex.org/snapshot/panlex-20191001-csv/2897#110831056>		"ⵜⵓⴱⴻⵕ"@jbn	
"он бир ай"@tyv	<https://panlex.org/snapshot/panlex-20191001-csv/2897#110831490>				<https://panlex.org/snapshot/panlex-20191001-csv/2897#110831464>		"ⵓⵡⴻⵏⴱⵉⵔ"@jbn	
"он бир ай"@tyv	<https://panlex.org/snapshot/panlex-20191001-csv/2897#110831490>				<https://panlex.org/snapshot/panlex-20191001-csv/2897#110831493>		"uwenbir"@jbn	
"сентябрь"@tyv	<https://panlex.org/snapshot/panlex-20191001-csv/2897#110830634>				<https://panlex.org/snapshot/panlex-20191001-csv/2897#110830708>		"ⵛⵜⴻⵏⴱⴻⵕ"@jbn	
"сентябрь"@tyv	<https://panlex.org/snapshot/panlex-20191001-csv/2897#110830634>				<https://panlex.org/snapshot/panlex-20191001-csv/2897#110830575>		"ctenbeṛ"@jbn	
"январь"@tyv	<https://panlex.org/snapshot/panlex-20191001-csv/2897#110827108>				<https://panlex.org/snapshot/panlex-20191001-csv/2897#110827361>		"yenaṛ"@jbn	
"январь"@tyv	<https://panlex.org/snapshot/panlex-20191001-csv/2897#110827108>				<https://panlex.org/snapshot/panlex-20191001-csv/2897#110827344>		"ⵢⴻⵏⴰⵕ"@jbn	
"март"@tyv	<https://panlex.org/snapshot/panlex-20191001-csv/2897#110827875>				<https://panlex.org/snapshot/panlex-20191001-csv/2897#110827880>		"mares"@jbn	
"март"@tyv	<https://panlex.org/snapshot/panlex-20191001-csv/2897#110827875>				<https://panlex.org/snapshot/panlex-20191001-csv/2897#110828063>		"ⵎⴰⵔⴻⵙ"@jbn	
"август"@tyv	<https://panlex.org/snapshot/panlex-20191001-csv/2897#110830132>				<https://panlex.org/snapshot/panlex-20191001-csv/2897#110830214>		"ɣucet"@jbn	
"август"@tyv	<https://panlex.org/snapshot/panlex-20191001-csv/2897#110830132>				<https://panlex.org/snapshot/panlex-20191001-csv/2897#110830048>		"ⵖⵓⵛⴻⵜ"@jbn	
"тос ай"@tyv	<https://panlex.org/snapshot/panlex-20191001-csv/2897#110830688>				<https://panlex.org/snapshot/panlex-20191001-csv/2897#110830708>		"ⵛⵜⴻⵏⴱⴻⵕ"@jbn	
"тос ай"@tyv	<https://panlex.org/snapshot/panlex-20191001-csv/2897#110830688>				<https://panlex.org/snapshot/panlex-20191001-csv/2897#110830575>		"ctenbeṛ"@jbn	
"декабрь"@tyv	<https://panlex.org/snapshot/panlex-20191001-csv/2897#110831717>				<https://panlex.org/snapshot/panlex-20191001-csv/2897#110831667>		"ⴷⵉⵊⴻⵏⴱⵉⵔ"@jbn	
"декабрь"@tyv	<https://panlex.org/snapshot/panlex-20191001-csv/2897#110831717>				<https://panlex.org/snapshot/panlex-20191001-csv/2897#110831561>		"dijenbir"@jbn	
"алды ай"@tyv	<https://panlex.org/snapshot/panlex-20191001-csv/2897#110829116>				<https://panlex.org/snapshot/panlex-20191001-csv/2897#110829259>		"yunyu"@jbn	
"алды ай"@tyv	<https://panlex.org/snapshot/panlex-20191001-csv/2897#110829116>				<https://panlex.org/snapshot/panlex-20191001-csv/2897#110829184>		"ⵢⵓⵏⵢⵓ"@jbn	
"үш ай"@tyv	<https://panlex.org/snapshot/panlex-20191001-csv/2897#110828001>				<https://panlex.org/snapshot/panlex-20191001-csv/2897#110827880>		"mares"@jbn	
"үш ай"@tyv	<https://panlex.org/snapshot/panlex-20191001-csv/2897#110828001>				<https://panlex.org/snapshot/panlex-20191001-csv/2897#110828063>		"ⵎⴰⵔⴻⵙ"@jbn	
"сес ай"@tyv	<https://panlex.org/snapshot/panlex-20191001-csv/2897#110829918>				<https://panlex.org/snapshot/panlex-20191001-csv/2897#110830214>		"ɣucet"@jbn	
"сес ай"@tyv	<https://panlex.org/snapshot/panlex-20191001-csv/2897#110829918>				<https://panlex.org/snapshot/panlex-20191001-csv/2897#110830048>		"ⵖⵓⵛⴻⵜ"@jbn	
"ийи ай"@tyv	<https://panlex.org/snapshot/panlex-20191001-csv/2897#110827852>				<https://panlex.org/snapshot/panlex-20191001-csv/2897#110827763>		"fuṛaṛ"@jbn	
"ийи ай"@tyv	<https://panlex.org/snapshot/panlex-20191001-csv/2897#110827852>				<https://panlex.org/snapshot/panlex-20191001-csv/2897#110827820>		"ⴼⵓⵕⴰⵕ"@jbn	
"февраль"@tyv	<https://panlex.org/snapshot/panlex-20191001-csv/2897#110827537>				<https://panlex.org/snapshot/panlex-20191001-csv/2897#110827763>		"fuṛaṛ"@jbn	
"февраль"@tyv	<https://panlex.org/snapshot/panlex-20191001-csv/2897#110827537>				<https://panlex.org/snapshot/panlex-20191001-csv/2897#110827820>		"ⴼⵓⵕⴰⵕ"@jbn	
"он ийи ай"@tyv	<https://panlex.org/snapshot/panlex-20191001-csv/2897#110831627>				<https://panlex.org/snapshot/panlex-20191001-csv/2897#110831667>		"ⴷⵉⵊⴻⵏⴱⵉⵔ"@jbn	
"он ийи ай"@tyv	<https://panlex.org/snapshot/panlex-20191001-csv/2897#110831627>				<https://panlex.org/snapshot/panlex-20191001-csv/2897#110831561>		"dijenbir"@jbn	
"Африка"@tyv	<https://panlex.org/snapshot/panlex-20191001-csv/2891#110853040>				<https://panlex.org/snapshot/panlex-20191001-csv/2891#110853077>		"Tafriqt"@jbn	
"Африка"@tyv	<https://panlex.org/snapshot/panlex-20191001-csv/2891#110853040>				<https://panlex.org/snapshot/panlex-20191001-csv/2891#110853013>		"ⵜⴰⴼⵔⵉⵇⵜ"@jbn	
"Африка"@tyv	<https://panlex.org/snapshot/panlex-20191001-csv/2891#110853040>				<https://panlex.org/snapshot/panlex-20191001-csv/2891#110853072>		"Taferka"@jbn	
"Африка"@tyv	<https://panlex.org/snapshot/panlex-20191001-csv/2891#110853040>				<https://panlex.org/snapshot/panlex-20191001-csv/2891#110853205>		"ⵜⴰⴼⴻⵔⴽⴰ"@jbn	
"Европа"@tyv	<https://panlex.org/snapshot/panlex-20191001-csv/2891#110854303>				<https://panlex.org/snapshot/panlex-20191001-csv/2891#110854260>		"ⵓⵕⵓⵒ"@jbn	
"Европа"@tyv	<https://panlex.org/snapshot/panlex-20191001-csv/2891#110854303>				<https://panlex.org/snapshot/panlex-20191001-csv/2891#110854156>		"Uṛup"@jbn	
"Америка"@tyv	<https://panlex.org/snapshot/panlex-20191001-csv/2891#110853492>				<https://panlex.org/snapshot/panlex-20191001-csv/2891#110853294>		"ⵎⴰⵔⵉⴽⴰⵏ"@jbn	
"Америка"@tyv	<https://panlex.org/snapshot/panlex-20191001-csv/2891#110853492>				<https://panlex.org/snapshot/panlex-20191001-csv/2891#110853468>		"Marikan"@jbn	
