"Европаның Эвилели"@tyv	<https://panlex.org/snapshot/panlex-20191001-csv/5950#85858940>				<https://panlex.org/snapshot/panlex-20191001-csv/5950#85858922>		"European Union"@sco	
"ак"@tyv	<https://panlex.org/snapshot/panlex-20191001-csv/5947#84639867>				<https://panlex.org/snapshot/panlex-20191001-csv/5947#84639838>		"white"@sco	
"Jewropanyng Ewileli"@tyv	<https://panlex.org/snapshot/panlex-20191001-csv/5939#80807036>				<https://panlex.org/snapshot/panlex-20191001-csv/5939#80807017>		"European Union"@sco	
"көрүнчүк"@tyv	<https://panlex.org/snapshot/panlex-20191001-csv/5946#84446334>				<https://panlex.org/snapshot/panlex-20191001-csv/5946#84446302>		"seein-gless"@sco	
"көрүнчүк"@tyv	<https://panlex.org/snapshot/panlex-20191001-csv/5946#84446334>				<https://panlex.org/snapshot/panlex-20191001-csv/5946#84446301>		"mirrour"@sco	
"Россия"@tyv	<https://panlex.org/snapshot/panlex-20191001-csv/5949#85319620>				<https://panlex.org/snapshot/panlex-20191001-csv/5949#85319585>		"Roushie"@sco	
"сес ай"@tyv	<https://panlex.org/snapshot/panlex-20191001-csv/5949#85329531>				<https://panlex.org/snapshot/panlex-20191001-csv/5949#85329486>		"August"@sco	
"август"@tyv	<https://panlex.org/snapshot/panlex-20191001-csv/5949#85329530>				<https://panlex.org/snapshot/panlex-20191001-csv/5949#85329486>		"August"@sco	
"Хүн"@tyv	<https://panlex.org/snapshot/panlex-20191001-csv/5949#85321005>				<https://panlex.org/snapshot/panlex-20191001-csv/5949#85320978>		"Sun"@sco	
"тос"@tyv	<https://panlex.org/snapshot/panlex-20191001-csv/9#491057>				<https://panlex.org/snapshot/panlex-20191001-csv/9#491032>		"nyne"@sco	
"Европаның Эвилели"@tyv	<https://panlex.org/snapshot/panlex-20191001-csv/9#516413>				<https://panlex.org/snapshot/panlex-20191001-csv/9#516398>		"European Union"@sco	
"биология"@tyv	<https://panlex.org/snapshot/panlex-20191001-csv/2904#111022272>				<https://panlex.org/snapshot/panlex-20191001-csv/2904#111022191>		"biologie"@sco	
"сан эртеми"@tyv	<https://panlex.org/snapshot/panlex-20191001-csv/2904#111023374>				<https://panlex.org/snapshot/panlex-20191001-csv/2904#111023507>		"mathematics"@sco	
"дыл эртеми"@tyv	<https://panlex.org/snapshot/panlex-20191001-csv/2904#111023104>				<https://panlex.org/snapshot/panlex-20191001-csv/2904#111023120>		"lingueestics"@sco	
"эртем"@tyv	<https://panlex.org/snapshot/panlex-20191001-csv/2904#111024339>				<https://panlex.org/snapshot/panlex-20191001-csv/2904#111024394>		"science"@sco	
"медицина"@tyv	<https://panlex.org/snapshot/panlex-20191001-csv/2904#111023669>				<https://panlex.org/snapshot/panlex-20191001-csv/2904#111023731>		"medicin"@sco	
"эмнелге"@tyv	<https://panlex.org/snapshot/panlex-20191001-csv/2904#111023639>				<https://panlex.org/snapshot/panlex-20191001-csv/2904#111023731>		"medicin"@sco	
"математика"@tyv	<https://panlex.org/snapshot/panlex-20191001-csv/2904#111023510>				<https://panlex.org/snapshot/panlex-20191001-csv/2904#111023507>		"mathematics"@sco	
"философия"@tyv	<https://panlex.org/snapshot/panlex-20191001-csv/2904#111023860>				<https://panlex.org/snapshot/panlex-20191001-csv/2904#111023952>		"philosophie"@sco	
"төөгү"@tyv	<https://panlex.org/snapshot/panlex-20191001-csv/2904#111023003>				<https://panlex.org/snapshot/panlex-20191001-csv/2904#111022909>		"history"@sco	
"география"@tyv	<https://panlex.org/snapshot/panlex-20191001-csv/2904#111022690>				<https://panlex.org/snapshot/panlex-20191001-csv/2904#111022744>		"geography"@sco	
"астрономия"@tyv	<https://panlex.org/snapshot/panlex-20191001-csv/2904#111021966>				<https://panlex.org/snapshot/panlex-20191001-csv/2904#111021968>		"astronomy"@sco	
"физика"@tyv	<https://panlex.org/snapshot/panlex-20191001-csv/2904#111024019>				<https://panlex.org/snapshot/panlex-20191001-csv/2904#111024177>		"pheesics"@sco	
"химия"@tyv	<https://panlex.org/snapshot/panlex-20191001-csv/2904#111022403>				<https://panlex.org/snapshot/panlex-20191001-csv/2904#111022468>		"chemistry"@sco	
"архитектура"@tyv	<https://panlex.org/snapshot/panlex-20191001-csv/2904#111021871>				<https://panlex.org/snapshot/panlex-20191001-csv/2904#111021799>		"airchitectur"@sco	
"тайбың"@tyv	<https://panlex.org/snapshot/panlex-20191001-csv/2902#111012169>				<https://panlex.org/snapshot/panlex-20191001-csv/2902#111012129>		"peace"@sco	
"Соңгу далай"@tyv	<https://panlex.org/snapshot/panlex-20191001-csv/2905#110870711>				<https://panlex.org/snapshot/panlex-20191001-csv/2905#110870527>		"North Sea"@sco	
"Балтий далай"@tyv	<https://panlex.org/snapshot/panlex-20191001-csv/2905#110868804>				<https://panlex.org/snapshot/panlex-20191001-csv/2905#110868646>		"Easter Seas"@sco	
"Балтий далай"@tyv	<https://panlex.org/snapshot/panlex-20191001-csv/2905#110868804>				<https://panlex.org/snapshot/panlex-20191001-csv/2905#110868774>		"Baltic Sea"@sco	
"Чер"@tyv	<https://panlex.org/snapshot/panlex-20191001-csv/2907#110845704>				<https://panlex.org/snapshot/panlex-20191001-csv/2907#110845681>		"Yird"@sco	
"Эрида"@tyv	<https://panlex.org/snapshot/panlex-20191001-csv/2907#110847788>				<https://panlex.org/snapshot/panlex-20191001-csv/2907#110847907>		"Eris"@sco	
"Плутон"@tyv	<https://panlex.org/snapshot/panlex-20191001-csv/2907#110847356>				<https://panlex.org/snapshot/panlex-20191001-csv/2907#110847305>		"Pluto"@sco	
"Марс"@tyv	<https://panlex.org/snapshot/panlex-20191001-csv/2907#110846100>				<https://panlex.org/snapshot/panlex-20191001-csv/2907#110845993>		"Maurs"@sco	
"Венера"@tyv	<https://panlex.org/snapshot/panlex-20191001-csv/2907#110845485>				<https://panlex.org/snapshot/panlex-20191001-csv/2907#110845306>		"Venus"@sco	
"Хаумеа"@tyv	<https://panlex.org/snapshot/panlex-20191001-csv/2907#110847474>				<https://panlex.org/snapshot/panlex-20191001-csv/2907#110847531>		"Haumea"@sco	
"Уран"@tyv	<https://panlex.org/snapshot/panlex-20191001-csv/2907#110846873>				<https://panlex.org/snapshot/panlex-20191001-csv/2907#110846808>		"Uranus"@sco	
"Макемаке"@tyv	<https://panlex.org/snapshot/panlex-20191001-csv/2907#110847743>				<https://panlex.org/snapshot/panlex-20191001-csv/2907#110847618>		"Makemake"@sco	
"Нептун"@tyv	<https://panlex.org/snapshot/panlex-20191001-csv/2907#110846986>				<https://panlex.org/snapshot/panlex-20191001-csv/2907#110847020>		"Neptune"@sco	
"Меркурий"@tyv	<https://panlex.org/snapshot/panlex-20191001-csv/2907#110845110>				<https://panlex.org/snapshot/panlex-20191001-csv/2907#110845219>		"Mercur"@sco	
"Сатурн"@tyv	<https://panlex.org/snapshot/panlex-20191001-csv/2907#110846692>				<https://panlex.org/snapshot/panlex-20191001-csv/2907#110846584>		"Saturn"@sco	
"Церера"@tyv	<https://panlex.org/snapshot/panlex-20191001-csv/2907#110846299>				<https://panlex.org/snapshot/panlex-20191001-csv/2907#110846155>		"Ceres"@sco	
"Хүн"@tyv	<https://panlex.org/snapshot/panlex-20191001-csv/2907#110845000>				<https://panlex.org/snapshot/panlex-20191001-csv/2907#110844970>		"Sun"@sco	
"Юпитер"@tyv	<https://panlex.org/snapshot/panlex-20191001-csv/2907#110846351>				<https://panlex.org/snapshot/panlex-20191001-csv/2907#110846490>		"Jupiter"@sco	
"Ай"@tyv	<https://panlex.org/snapshot/panlex-20191001-csv/2907#110845848>				<https://panlex.org/snapshot/panlex-20191001-csv/2907#110845886>		"Muin"@sco	
"кремний"@tyv	<https://panlex.org/snapshot/panlex-20191001-csv/2893#110991567>				<https://panlex.org/snapshot/panlex-20191001-csv/2893#110991462>		"seelicon"@sco	
"мөңгүн"@tyv	<https://panlex.org/snapshot/panlex-20191001-csv/2893#110994088>				<https://panlex.org/snapshot/panlex-20191001-csv/2893#110994097>		"siller"@sco	
"фосфор"@tyv	<https://panlex.org/snapshot/panlex-20191001-csv/2893#110991778>				<https://panlex.org/snapshot/panlex-20191001-csv/2893#110991732>		"phosphorus"@sco	
"йод"@tyv	<https://panlex.org/snapshot/panlex-20191001-csv/2893#110994688>				<https://panlex.org/snapshot/panlex-20191001-csv/2893#110994676>		"iodine"@sco	
"натрий"@tyv	<https://panlex.org/snapshot/panlex-20191001-csv/2893#110991027>				<https://panlex.org/snapshot/panlex-20191001-csv/2893#110990870>		"sodium"@sco	
"күкүрт"@tyv	<https://panlex.org/snapshot/panlex-20191001-csv/2893#110991985>				<https://panlex.org/snapshot/panlex-20191001-csv/2893#110992017>		"sulphur"@sco	
"чес"@tyv	<https://panlex.org/snapshot/panlex-20191001-csv/2893#110993261>				<https://panlex.org/snapshot/panlex-20191001-csv/2893#110993202>		"copper"@sco	
"гелий"@tyv	<https://panlex.org/snapshot/panlex-20191001-csv/2893#110989622>				<https://panlex.org/snapshot/panlex-20191001-csv/2893#110989608>		"helium"@sco	
"водород"@tyv	<https://panlex.org/snapshot/panlex-20191001-csv/2893#110989400>				<https://panlex.org/snapshot/panlex-20191001-csv/2893#110989432>		"hydrogen"@sco	
"хлор"@tyv	<https://panlex.org/snapshot/panlex-20191001-csv/2893#110992152>				<https://panlex.org/snapshot/panlex-20191001-csv/2893#110992176>		"chlorine"@sco	
"бор"@tyv	<https://panlex.org/snapshot/panlex-20191001-csv/2893#110989795>				<https://panlex.org/snapshot/panlex-20191001-csv/2893#110989816>		"boron"@sco	
"уран"@tyv	<https://panlex.org/snapshot/panlex-20191001-csv/2893#110995913>				<https://panlex.org/snapshot/panlex-20191001-csv/2893#110995926>		"uranium"@sco	
"неон"@tyv	<https://panlex.org/snapshot/panlex-20191001-csv/2893#110990853>				<https://panlex.org/snapshot/panlex-20191001-csv/2893#110990831>		"neon"@sco	
"азот"@tyv	<https://panlex.org/snapshot/panlex-20191001-csv/2893#110990084>				<https://panlex.org/snapshot/panlex-20191001-csv/2893#110990263>		"nitrogen"@sco	
"гайна"@tyv	<https://panlex.org/snapshot/panlex-20191001-csv/2893#110993108>				<https://panlex.org/snapshot/panlex-20191001-csv/2893#110993060>		"nickel"@sco	
"вольфрам"@tyv	<https://panlex.org/snapshot/panlex-20191001-csv/2893#110994839>				<https://panlex.org/snapshot/panlex-20191001-csv/2893#110994853>		"tungsten"@sco	
"углерод"@tyv	<https://panlex.org/snapshot/panlex-20191001-csv/2893#110990041>				<https://panlex.org/snapshot/panlex-20191001-csv/2893#110989926>		"carbon"@sco	
"бром"@tyv	<https://panlex.org/snapshot/panlex-20191001-csv/2893#110993868>				<https://panlex.org/snapshot/panlex-20191001-csv/2893#110993869>		"bromine"@sco	
"ак коргулчун"@tyv	<https://panlex.org/snapshot/panlex-20191001-csv/2893#110994355>				<https://panlex.org/snapshot/panlex-20191001-csv/2893#110994186>		"tin"@sco	
"магний"@tyv	<https://panlex.org/snapshot/panlex-20191001-csv/2893#110991195>				<https://panlex.org/snapshot/panlex-20191001-csv/2893#110991056>		"magnesium"@sco	
"кислород"@tyv	<https://panlex.org/snapshot/panlex-20191001-csv/2893#110990410>				<https://panlex.org/snapshot/panlex-20191001-csv/2893#110990312>		"oxygen"@sco	
"цинк"@tyv	<https://panlex.org/snapshot/panlex-20191001-csv/2893#110993458>				<https://panlex.org/snapshot/panlex-20191001-csv/2893#110993389>		"zinc"@sco	
"кобальт"@tyv	<https://panlex.org/snapshot/panlex-20191001-csv/2893#110992821>				<https://panlex.org/snapshot/panlex-20191001-csv/2893#110992823>		"cobaut"@sco	
"хола"@tyv	<https://panlex.org/snapshot/panlex-20191001-csv/2893#110993311>				<https://panlex.org/snapshot/panlex-20191001-csv/2893#110993202>		"copper"@sco	
"коргулчун"@tyv	<https://panlex.org/snapshot/panlex-20191001-csv/2893#110995739>				<https://panlex.org/snapshot/panlex-20191001-csv/2893#110995631>		"leid"@sco	
"ак алдын"@tyv	<https://panlex.org/snapshot/panlex-20191001-csv/2893#110995127>				<https://panlex.org/snapshot/panlex-20191001-csv/2893#110994999>		"platinum"@sco	
"алюминий"@tyv	<https://panlex.org/snapshot/panlex-20191001-csv/2893#110991402>				<https://panlex.org/snapshot/panlex-20191001-csv/2893#110991303>		"alumeenium"@sco	
"демир"@tyv	<https://panlex.org/snapshot/panlex-20191001-csv/2893#110992692>				<https://panlex.org/snapshot/panlex-20191001-csv/2893#110992606>		"airn"@sco	
"калий"@tyv	<https://panlex.org/snapshot/panlex-20191001-csv/2893#110992249>				<https://panlex.org/snapshot/panlex-20191001-csv/2893#110992326>		"potassium"@sco	
"кальций"@tyv	<https://panlex.org/snapshot/panlex-20191001-csv/2893#110992413>				<https://panlex.org/snapshot/panlex-20191001-csv/2893#110992468>		"calcium"@sco	
"мөңгүн суу"@tyv	<https://panlex.org/snapshot/panlex-20191001-csv/2893#110995405>				<https://panlex.org/snapshot/panlex-20191001-csv/2893#110995397>		"mercury"@sco	
"мышьяк"@tyv	<https://panlex.org/snapshot/panlex-20191001-csv/2893#110993603>				<https://panlex.org/snapshot/panlex-20191001-csv/2893#110993777>		"arsenic"@sco	
"сурьма"@tyv	<https://panlex.org/snapshot/panlex-20191001-csv/2893#110994387>				<https://panlex.org/snapshot/panlex-20191001-csv/2893#110994540>		"anteemony"@sco	
"фтор"@tyv	<https://panlex.org/snapshot/panlex-20191001-csv/2893#110990584>				<https://panlex.org/snapshot/panlex-20191001-csv/2893#110990511>		"fluorine"@sco	
"алдын"@tyv	<https://panlex.org/snapshot/panlex-20191001-csv/2893#110995188>				<https://panlex.org/snapshot/panlex-20191001-csv/2893#110995193>		"gowd"@sco	
"ЕЭ"@tyv	<https://panlex.org/snapshot/panlex-20191001-csv/2894#111100379>				<https://panlex.org/snapshot/panlex-20191001-csv/2894#111100175>		"European Union"@sco	
"ЕЭ"@tyv	<https://panlex.org/snapshot/panlex-20191001-csv/2894#111100379>				<https://panlex.org/snapshot/panlex-20191001-csv/2894#111100276>		"EU"@sco	
"Европаның Эвилели"@tyv	<https://panlex.org/snapshot/panlex-20191001-csv/2894#111100393>				<https://panlex.org/snapshot/panlex-20191001-csv/2894#111100175>		"European Union"@sco	
"Европаның Эвилели"@tyv	<https://panlex.org/snapshot/panlex-20191001-csv/2894#111100393>				<https://panlex.org/snapshot/panlex-20191001-csv/2894#111100276>		"EU"@sco	
"понедельник"@tyv	<https://panlex.org/snapshot/panlex-20191001-csv/2892#110824257>				<https://panlex.org/snapshot/panlex-20191001-csv/2892#110824343>		"Monanday"@sco	
"улуг хүн"@tyv	<https://panlex.org/snapshot/panlex-20191001-csv/2892#110826854>				<https://panlex.org/snapshot/panlex-20191001-csv/2892#110826614>		"Sunday"@sco	
"үш дугаар хүн"@tyv	<https://panlex.org/snapshot/panlex-20191001-csv/2892#110825193>				<https://panlex.org/snapshot/panlex-20191001-csv/2892#110825218>		"Wadensday"@sco	
"беш дугаар хүн"@tyv	<https://panlex.org/snapshot/panlex-20191001-csv/2892#110826034>				<https://panlex.org/snapshot/panlex-20191001-csv/2892#110825830>		"Friday"@sco	
"среда"@tyv	<https://panlex.org/snapshot/panlex-20191001-csv/2892#110824863>				<https://panlex.org/snapshot/panlex-20191001-csv/2892#110825218>		"Wadensday"@sco	
"воскресенье"@tyv	<https://panlex.org/snapshot/panlex-20191001-csv/2892#110826792>				<https://panlex.org/snapshot/panlex-20191001-csv/2892#110826614>		"Sunday"@sco	
"бир дугаар хүн"@tyv	<https://panlex.org/snapshot/panlex-20191001-csv/2892#110824350>				<https://panlex.org/snapshot/panlex-20191001-csv/2892#110824343>		"Monanday"@sco	
"вторник"@tyv	<https://panlex.org/snapshot/panlex-20191001-csv/2892#110824505>				<https://panlex.org/snapshot/panlex-20191001-csv/2892#110824718>		"Tysday"@sco	
"дөрт дугаар хүн"@tyv	<https://panlex.org/snapshot/panlex-20191001-csv/2892#110825571>				<https://panlex.org/snapshot/panlex-20191001-csv/2892#110825577>		"Fuirsday"@sco	
"суббота"@tyv	<https://panlex.org/snapshot/panlex-20191001-csv/2892#110826295>				<https://panlex.org/snapshot/panlex-20191001-csv/2892#110826325>		"Seturday"@sco	
"ийи дугаар хүн"@tyv	<https://panlex.org/snapshot/panlex-20191001-csv/2892#110824561>				<https://panlex.org/snapshot/panlex-20191001-csv/2892#110824718>		"Tysday"@sco	
"пятница"@tyv	<https://panlex.org/snapshot/panlex-20191001-csv/2892#110825694>				<https://panlex.org/snapshot/panlex-20191001-csv/2892#110825830>		"Friday"@sco	
"четверг"@tyv	<https://panlex.org/snapshot/panlex-20191001-csv/2892#110825348>				<https://panlex.org/snapshot/panlex-20191001-csv/2892#110825577>		"Fuirsday"@sco	
"чартык улуг-хүн"@tyv	<https://panlex.org/snapshot/panlex-20191001-csv/2892#110826131>				<https://panlex.org/snapshot/panlex-20191001-csv/2892#110826325>		"Seturday"@sco	
"чеди ай"@tyv	<https://panlex.org/snapshot/panlex-20191001-csv/2897#110829686>				<https://panlex.org/snapshot/panlex-20191001-csv/2897#110829696>		"Julie"@sco	
"июль"@tyv	<https://panlex.org/snapshot/panlex-20191001-csv/2897#110829815>				<https://panlex.org/snapshot/panlex-20191001-csv/2897#110829696>		"Julie"@sco	
"беш ай"@tyv	<https://panlex.org/snapshot/panlex-20191001-csv/2897#110828679>				<https://panlex.org/snapshot/panlex-20191001-csv/2897#110829036>		"Mey"@sco	
"май"@tyv	<https://panlex.org/snapshot/panlex-20191001-csv/2897#110828802>				<https://panlex.org/snapshot/panlex-20191001-csv/2897#110829036>		"Mey"@sco	
"апрель"@tyv	<https://panlex.org/snapshot/panlex-20191001-csv/2897#110828463>				<https://panlex.org/snapshot/panlex-20191001-csv/2897#110828315>		"Aprile"@sco	
"бир ай"@tyv	<https://panlex.org/snapshot/panlex-20191001-csv/2897#110827381>				<https://panlex.org/snapshot/panlex-20191001-csv/2897#110827090>		"Januar"@sco	
"октябрь"@tyv	<https://panlex.org/snapshot/panlex-20191001-csv/2897#110831071>				<https://panlex.org/snapshot/panlex-20191001-csv/2897#110830795>		"October"@sco	
"ноябрь"@tyv	<https://panlex.org/snapshot/panlex-20191001-csv/2897#110831320>				<https://panlex.org/snapshot/panlex-20191001-csv/2897#110831421>		"November"@sco	
"июнь"@tyv	<https://panlex.org/snapshot/panlex-20191001-csv/2897#110829190>				<https://panlex.org/snapshot/panlex-20191001-csv/2897#110829216>		"Juin"@sco	
"дөрт ай"@tyv	<https://panlex.org/snapshot/panlex-20191001-csv/2897#110828471>				<https://panlex.org/snapshot/panlex-20191001-csv/2897#110828315>		"Aprile"@sco	
"он ай"@tyv	<https://panlex.org/snapshot/panlex-20191001-csv/2897#110830977>				<https://panlex.org/snapshot/panlex-20191001-csv/2897#110830795>		"October"@sco	
"он бир ай"@tyv	<https://panlex.org/snapshot/panlex-20191001-csv/2897#110831490>				<https://panlex.org/snapshot/panlex-20191001-csv/2897#110831421>		"November"@sco	
"сентябрь"@tyv	<https://panlex.org/snapshot/panlex-20191001-csv/2897#110830634>				<https://panlex.org/snapshot/panlex-20191001-csv/2897#110830350>		"September"@sco	
"январь"@tyv	<https://panlex.org/snapshot/panlex-20191001-csv/2897#110827108>				<https://panlex.org/snapshot/panlex-20191001-csv/2897#110827090>		"Januar"@sco	
"март"@tyv	<https://panlex.org/snapshot/panlex-20191001-csv/2897#110827875>				<https://panlex.org/snapshot/panlex-20191001-csv/2897#110827986>		"Mairch"@sco	
"август"@tyv	<https://panlex.org/snapshot/panlex-20191001-csv/2897#110830132>				<https://panlex.org/snapshot/panlex-20191001-csv/2897#110830228>		"August"@sco	
"тос ай"@tyv	<https://panlex.org/snapshot/panlex-20191001-csv/2897#110830688>				<https://panlex.org/snapshot/panlex-20191001-csv/2897#110830350>		"September"@sco	
"декабрь"@tyv	<https://panlex.org/snapshot/panlex-20191001-csv/2897#110831717>				<https://panlex.org/snapshot/panlex-20191001-csv/2897#110831678>		"Dizember"@sco	
"алды ай"@tyv	<https://panlex.org/snapshot/panlex-20191001-csv/2897#110829116>				<https://panlex.org/snapshot/panlex-20191001-csv/2897#110829216>		"Juin"@sco	
"үш ай"@tyv	<https://panlex.org/snapshot/panlex-20191001-csv/2897#110828001>				<https://panlex.org/snapshot/panlex-20191001-csv/2897#110827986>		"Mairch"@sco	
"сес ай"@tyv	<https://panlex.org/snapshot/panlex-20191001-csv/2897#110829918>				<https://panlex.org/snapshot/panlex-20191001-csv/2897#110830228>		"August"@sco	
"ийи ай"@tyv	<https://panlex.org/snapshot/panlex-20191001-csv/2897#110827852>				<https://panlex.org/snapshot/panlex-20191001-csv/2897#110827721>		"Februar"@sco	
"февраль"@tyv	<https://panlex.org/snapshot/panlex-20191001-csv/2897#110827537>				<https://panlex.org/snapshot/panlex-20191001-csv/2897#110827721>		"Februar"@sco	
"он ийи ай"@tyv	<https://panlex.org/snapshot/panlex-20191001-csv/2897#110831627>				<https://panlex.org/snapshot/panlex-20191001-csv/2897#110831678>		"Dizember"@sco	
"Европа"@tyv	<https://panlex.org/snapshot/panlex-20191001-csv/2891#110854303>				<https://panlex.org/snapshot/panlex-20191001-csv/2891#110854070>		"Europe"@sco	
