"ак"@tyv	<https://panlex.org/snapshot/panlex-20191001-csv/5947#84639867>				<https://panlex.org/snapshot/panlex-20191001-csv/5947#84639863>		"ጻዕዳ"@ti	
"болгаш"@tyv	<https://panlex.org/snapshot/panlex-20191001-csv/5947#84702342>				<https://panlex.org/snapshot/panlex-20191001-csv/5947#84702339>		"ከኣ"@ti	
"көрүнчүк"@tyv	<https://panlex.org/snapshot/panlex-20191001-csv/5946#84446334>				<https://panlex.org/snapshot/panlex-20191001-csv/5946#84446329>		"መስትያት"@ti	
"Россия"@tyv	<https://panlex.org/snapshot/panlex-20191001-csv/5949#85319620>				<https://panlex.org/snapshot/panlex-20191001-csv/5949#85319614>		"ራሻ"@ti	
"тос"@tyv	<https://panlex.org/snapshot/panlex-20191001-csv/9#491057>				<https://panlex.org/snapshot/panlex-20191001-csv/9#491051>		"ትሽዓተ"@ti	
"биология"@tyv	<https://panlex.org/snapshot/panlex-20191001-csv/2904#111022272>				<https://panlex.org/snapshot/panlex-20191001-csv/2904#111022324>		"ባዮሎጂ"@ti	
"сан эртеми"@tyv	<https://panlex.org/snapshot/panlex-20191001-csv/2904#111023374>				<https://panlex.org/snapshot/panlex-20191001-csv/2904#111023321>		"ትምህርቲ ሕሳብ"@ti	
"эртем"@tyv	<https://panlex.org/snapshot/panlex-20191001-csv/2904#111024339>				<https://panlex.org/snapshot/panlex-20191001-csv/2904#111024283>		"ሳየንስ"@ti	
"медицина"@tyv	<https://panlex.org/snapshot/panlex-20191001-csv/2904#111023669>				<https://panlex.org/snapshot/panlex-20191001-csv/2904#111023621>		"ሕክምና"@ti	
"эмнелге"@tyv	<https://panlex.org/snapshot/panlex-20191001-csv/2904#111023639>				<https://panlex.org/snapshot/panlex-20191001-csv/2904#111023621>		"ሕክምና"@ti	
"математика"@tyv	<https://panlex.org/snapshot/panlex-20191001-csv/2904#111023510>				<https://panlex.org/snapshot/panlex-20191001-csv/2904#111023321>		"ትምህርቲ ሕሳብ"@ti	
"философия"@tyv	<https://panlex.org/snapshot/panlex-20191001-csv/2904#111023860>				<https://panlex.org/snapshot/panlex-20191001-csv/2904#111023844>		"ፍልስፍና"@ti	
"университет"@tyv	<https://panlex.org/snapshot/panlex-20191001-csv/2904#111024559>				<https://panlex.org/snapshot/panlex-20191001-csv/2904#111024545>		"ዩኒቨርስቲ"@ti	
"университет"@tyv	<https://panlex.org/snapshot/panlex-20191001-csv/2904#111024559>				<https://panlex.org/snapshot/panlex-20191001-csv/2904#111024535>		"ላዕላይ ደረጃ"@ti	
"төөгү"@tyv	<https://panlex.org/snapshot/panlex-20191001-csv/2904#111023003>				<https://panlex.org/snapshot/panlex-20191001-csv/2904#111022938>		"ታሪኽ"@ti	
"география"@tyv	<https://panlex.org/snapshot/panlex-20191001-csv/2904#111022690>				<https://panlex.org/snapshot/panlex-20191001-csv/2904#111022775>		"ጆግራፊ"@ti	
"астрономия"@tyv	<https://panlex.org/snapshot/panlex-20191001-csv/2904#111021966>				<https://panlex.org/snapshot/panlex-20191001-csv/2904#111021922>		"አስትሮኖሚ"@ti	
"физика"@tyv	<https://panlex.org/snapshot/panlex-20191001-csv/2904#111024019>				<https://panlex.org/snapshot/panlex-20191001-csv/2904#111024111>		"ፈልደት"@ti	
"химия"@tyv	<https://panlex.org/snapshot/panlex-20191001-csv/2904#111022403>				<https://panlex.org/snapshot/panlex-20191001-csv/2904#111022554>		"ኬሚስትሪ"@ti	
"тайбың"@tyv	<https://panlex.org/snapshot/panlex-20191001-csv/2902#111012169>				<https://panlex.org/snapshot/panlex-20191001-csv/2902#111012067>		"ሰላም"@ti	
"Кызыл далай"@tyv	<https://panlex.org/snapshot/panlex-20191001-csv/2905#110870917>				<https://panlex.org/snapshot/panlex-20191001-csv/2905#110870960>		"ቀይሕ ባሕሪ"@ti	
"кара дежик"@tyv	<https://panlex.org/snapshot/panlex-20191001-csv/2907#110849566>				<https://panlex.org/snapshot/panlex-20191001-csv/2907#110849640>		"ጸሊም ጉድጓድ"@ti	
"понедельник"@tyv	<https://panlex.org/snapshot/panlex-20191001-csv/2892#110824257>				<https://panlex.org/snapshot/panlex-20191001-csv/2892#110824139>		"ሰኑይ"@ti	
"улуг хүн"@tyv	<https://panlex.org/snapshot/panlex-20191001-csv/2892#110826854>				<https://panlex.org/snapshot/panlex-20191001-csv/2892#110826617>		"ሰንበት"@ti	
"үш дугаар хүн"@tyv	<https://panlex.org/snapshot/panlex-20191001-csv/2892#110825193>				<https://panlex.org/snapshot/panlex-20191001-csv/2892#110825062>		"ረቡዕ"@ti	
"беш дугаар хүн"@tyv	<https://panlex.org/snapshot/panlex-20191001-csv/2892#110826034>				<https://panlex.org/snapshot/panlex-20191001-csv/2892#110826014>		"ዓርቢ"@ti	
"среда"@tyv	<https://panlex.org/snapshot/panlex-20191001-csv/2892#110824863>				<https://panlex.org/snapshot/panlex-20191001-csv/2892#110825062>		"ረቡዕ"@ti	
"воскресенье"@tyv	<https://panlex.org/snapshot/panlex-20191001-csv/2892#110826792>				<https://panlex.org/snapshot/panlex-20191001-csv/2892#110826617>		"ሰንበት"@ti	
"бир дугаар хүн"@tyv	<https://panlex.org/snapshot/panlex-20191001-csv/2892#110824350>				<https://panlex.org/snapshot/panlex-20191001-csv/2892#110824139>		"ሰኑይ"@ti	
"вторник"@tyv	<https://panlex.org/snapshot/panlex-20191001-csv/2892#110824505>				<https://panlex.org/snapshot/panlex-20191001-csv/2892#110824438>		"ሰሉስ"@ti	
"дөрт дугаар хүн"@tyv	<https://panlex.org/snapshot/panlex-20191001-csv/2892#110825571>				<https://panlex.org/snapshot/panlex-20191001-csv/2892#110825645>		"ሓሙስ"@ti	
"суббота"@tyv	<https://panlex.org/snapshot/panlex-20191001-csv/2892#110826295>				<https://panlex.org/snapshot/panlex-20191001-csv/2892#110826404>		"ቀዳም"@ti	
"ийи дугаар хүн"@tyv	<https://panlex.org/snapshot/panlex-20191001-csv/2892#110824561>				<https://panlex.org/snapshot/panlex-20191001-csv/2892#110824438>		"ሰሉስ"@ti	
"пятница"@tyv	<https://panlex.org/snapshot/panlex-20191001-csv/2892#110825694>				<https://panlex.org/snapshot/panlex-20191001-csv/2892#110826014>		"ዓርቢ"@ti	
"четверг"@tyv	<https://panlex.org/snapshot/panlex-20191001-csv/2892#110825348>				<https://panlex.org/snapshot/panlex-20191001-csv/2892#110825645>		"ሓሙስ"@ti	
"чартык улуг-хүн"@tyv	<https://panlex.org/snapshot/panlex-20191001-csv/2892#110826131>				<https://panlex.org/snapshot/panlex-20191001-csv/2892#110826404>		"ቀዳም"@ti	
"чеди ай"@tyv	<https://panlex.org/snapshot/panlex-20191001-csv/2897#110829686>				<https://panlex.org/snapshot/panlex-20191001-csv/2897#110829779>		"ጁላይ"@ti	
"июль"@tyv	<https://panlex.org/snapshot/panlex-20191001-csv/2897#110829815>				<https://panlex.org/snapshot/panlex-20191001-csv/2897#110829779>		"ጁላይ"@ti	
"беш ай"@tyv	<https://panlex.org/snapshot/panlex-20191001-csv/2897#110828679>				<https://panlex.org/snapshot/panlex-20191001-csv/2897#110828968>		"ሜይ"@ti	
"май"@tyv	<https://panlex.org/snapshot/panlex-20191001-csv/2897#110828802>				<https://panlex.org/snapshot/panlex-20191001-csv/2897#110828968>		"ሜይ"@ti	
"апрель"@tyv	<https://panlex.org/snapshot/panlex-20191001-csv/2897#110828463>				<https://panlex.org/snapshot/panlex-20191001-csv/2897#110828497>		"ኤፕረል"@ti	
"бир ай"@tyv	<https://panlex.org/snapshot/panlex-20191001-csv/2897#110827381>				<https://panlex.org/snapshot/panlex-20191001-csv/2897#110827281>		"ጃንዩወሪ"@ti	
"октябрь"@tyv	<https://panlex.org/snapshot/panlex-20191001-csv/2897#110831071>				<https://panlex.org/snapshot/panlex-20191001-csv/2897#110830838>		"ኦክተውበር"@ti	
"ноябрь"@tyv	<https://panlex.org/snapshot/panlex-20191001-csv/2897#110831320>				<https://panlex.org/snapshot/panlex-20191001-csv/2897#110831391>		"ኖቬምበር"@ti	
"июнь"@tyv	<https://panlex.org/snapshot/panlex-20191001-csv/2897#110829190>				<https://panlex.org/snapshot/panlex-20191001-csv/2897#110829270>		"ጁን"@ti	
"дөрт ай"@tyv	<https://panlex.org/snapshot/panlex-20191001-csv/2897#110828471>				<https://panlex.org/snapshot/panlex-20191001-csv/2897#110828497>		"ኤፕረል"@ti	
"он ай"@tyv	<https://panlex.org/snapshot/panlex-20191001-csv/2897#110830977>				<https://panlex.org/snapshot/panlex-20191001-csv/2897#110830838>		"ኦክተውበር"@ti	
"он бир ай"@tyv	<https://panlex.org/snapshot/panlex-20191001-csv/2897#110831490>				<https://panlex.org/snapshot/panlex-20191001-csv/2897#110831391>		"ኖቬምበር"@ti	
"сентябрь"@tyv	<https://panlex.org/snapshot/panlex-20191001-csv/2897#110830634>				<https://panlex.org/snapshot/panlex-20191001-csv/2897#110830667>		"ሴፕቴምበር"@ti	
"январь"@tyv	<https://panlex.org/snapshot/panlex-20191001-csv/2897#110827108>				<https://panlex.org/snapshot/panlex-20191001-csv/2897#110827281>		"ጃንዩወሪ"@ti	
"март"@tyv	<https://panlex.org/snapshot/panlex-20191001-csv/2897#110827875>				<https://panlex.org/snapshot/panlex-20191001-csv/2897#110827949>		"ማርች"@ti	
"август"@tyv	<https://panlex.org/snapshot/panlex-20191001-csv/2897#110830132>				<https://panlex.org/snapshot/panlex-20191001-csv/2897#110830082>		"ኦገስት"@ti	
"тос ай"@tyv	<https://panlex.org/snapshot/panlex-20191001-csv/2897#110830688>				<https://panlex.org/snapshot/panlex-20191001-csv/2897#110830667>		"ሴፕቴምበር"@ti	
"декабрь"@tyv	<https://panlex.org/snapshot/panlex-20191001-csv/2897#110831717>				<https://panlex.org/snapshot/panlex-20191001-csv/2897#110831605>		"ዲሴምበር"@ti	
"алды ай"@tyv	<https://panlex.org/snapshot/panlex-20191001-csv/2897#110829116>				<https://panlex.org/snapshot/panlex-20191001-csv/2897#110829270>		"ጁን"@ti	
"үш ай"@tyv	<https://panlex.org/snapshot/panlex-20191001-csv/2897#110828001>				<https://panlex.org/snapshot/panlex-20191001-csv/2897#110827949>		"ማርች"@ti	
"сес ай"@tyv	<https://panlex.org/snapshot/panlex-20191001-csv/2897#110829918>				<https://panlex.org/snapshot/panlex-20191001-csv/2897#110830082>		"ኦገስት"@ti	
"ийи ай"@tyv	<https://panlex.org/snapshot/panlex-20191001-csv/2897#110827852>				<https://panlex.org/snapshot/panlex-20191001-csv/2897#110827847>		"ፌብሩወሪ"@ti	
"февраль"@tyv	<https://panlex.org/snapshot/panlex-20191001-csv/2897#110827537>				<https://panlex.org/snapshot/panlex-20191001-csv/2897#110827847>		"ፌብሩወሪ"@ti	
"он ийи ай"@tyv	<https://panlex.org/snapshot/panlex-20191001-csv/2897#110831627>				<https://panlex.org/snapshot/panlex-20191001-csv/2897#110831605>		"ዲሴምበር"@ti	
"Африка"@tyv	<https://panlex.org/snapshot/panlex-20191001-csv/2891#110853040>				<https://panlex.org/snapshot/panlex-20191001-csv/2891#110852992>		"ኣፍሪቃ"@ti	
"Европа"@tyv	<https://panlex.org/snapshot/panlex-20191001-csv/2891#110854303>				<https://panlex.org/snapshot/panlex-20191001-csv/2891#110854051>		"ኤውሮጳ"@ti	
"Америка"@tyv	<https://panlex.org/snapshot/panlex-20191001-csv/2891#110853492>				<https://panlex.org/snapshot/panlex-20191001-csv/2891#110853444>		"ኣመሪካ"@ti	
