"nemets dyl"@tyv	<https://panlex.org/snapshot/panlex-20191001-csv/5939#80782480>				<https://panlex.org/snapshot/panlex-20191001-csv/5939#80782467>		"basa Jérman"@su	
"Россия"@tyv	<https://panlex.org/snapshot/panlex-20191001-csv/5949#85319620>				<https://panlex.org/snapshot/panlex-20191001-csv/5949#85319600>		"Rusia"@su	
"сес ай"@tyv	<https://panlex.org/snapshot/panlex-20191001-csv/5949#85329531>				<https://panlex.org/snapshot/panlex-20191001-csv/5949#85329508>		"Agustus"@su	
"август"@tyv	<https://panlex.org/snapshot/panlex-20191001-csv/5949#85329530>				<https://panlex.org/snapshot/panlex-20191001-csv/5949#85329508>		"Agustus"@su	
"Хүн"@tyv	<https://panlex.org/snapshot/panlex-20191001-csv/5949#85321005>				<https://panlex.org/snapshot/panlex-20191001-csv/5949#85320989>		"Panonpoé"@su	
"челээш"@tyv	<https://panlex.org/snapshot/panlex-20191001-csv/9#485566>				<https://panlex.org/snapshot/panlex-20191001-csv/9#485562>		"katumbiri"@su	
"биология"@tyv	<https://panlex.org/snapshot/panlex-20191001-csv/2904#111022272>				<https://panlex.org/snapshot/panlex-20191001-csv/2904#111022284>		"biologi"@su	
"сан эртеми"@tyv	<https://panlex.org/snapshot/panlex-20191001-csv/2904#111023374>				<https://panlex.org/snapshot/panlex-20191001-csv/2904#111023405>		"matématika"@su	
"эртем"@tyv	<https://panlex.org/snapshot/panlex-20191001-csv/2904#111024339>				<https://panlex.org/snapshot/panlex-20191001-csv/2904#111024188>		"élmu"@su	
"медицина"@tyv	<https://panlex.org/snapshot/panlex-20191001-csv/2904#111023669>				<https://panlex.org/snapshot/panlex-20191001-csv/2904#111023666>		"tatamba"@su	
"эмнелге"@tyv	<https://panlex.org/snapshot/panlex-20191001-csv/2904#111023639>				<https://panlex.org/snapshot/panlex-20191001-csv/2904#111023666>		"tatamba"@su	
"математика"@tyv	<https://panlex.org/snapshot/panlex-20191001-csv/2904#111023510>				<https://panlex.org/snapshot/panlex-20191001-csv/2904#111023405>		"matématika"@su	
"философия"@tyv	<https://panlex.org/snapshot/panlex-20191001-csv/2904#111023860>				<https://panlex.org/snapshot/panlex-20191001-csv/2904#111023922>		"filsafat"@su	
"төөгү"@tyv	<https://panlex.org/snapshot/panlex-20191001-csv/2904#111023003>				<https://panlex.org/snapshot/panlex-20191001-csv/2904#111022884>		"sajarah"@su	
"география"@tyv	<https://panlex.org/snapshot/panlex-20191001-csv/2904#111022690>				<https://panlex.org/snapshot/panlex-20191001-csv/2904#111022618>		"géografi"@su	
"астрономия"@tyv	<https://panlex.org/snapshot/panlex-20191001-csv/2904#111021966>				<https://panlex.org/snapshot/panlex-20191001-csv/2904#111021946>		"astronomi"@su	
"Чер"@tyv	<https://panlex.org/snapshot/panlex-20191001-csv/2907#110845704>				<https://panlex.org/snapshot/panlex-20191001-csv/2907#110845710>		"Marcapada"@su	
"Бүдүмел"@tyv	<https://panlex.org/snapshot/panlex-20191001-csv/2907#110848971>				<https://panlex.org/snapshot/panlex-20191001-csv/2907#110849056>		"Jagat"@su	
"Эрида"@tyv	<https://panlex.org/snapshot/panlex-20191001-csv/2907#110847788>				<https://panlex.org/snapshot/panlex-20191001-csv/2907#110847865>		"Eris"@su	
"Октаргай"@tyv	<https://panlex.org/snapshot/panlex-20191001-csv/2907#110849104>				<https://panlex.org/snapshot/panlex-20191001-csv/2907#110849056>		"Jagat"@su	
"Плутон"@tyv	<https://panlex.org/snapshot/panlex-20191001-csv/2907#110847356>				<https://panlex.org/snapshot/panlex-20191001-csv/2907#110847238>		"Pluto"@su	
"Марс"@tyv	<https://panlex.org/snapshot/panlex-20191001-csv/2907#110846100>				<https://panlex.org/snapshot/panlex-20191001-csv/2907#110846074>		"Mars"@su	
"кара дежик"@tyv	<https://panlex.org/snapshot/panlex-20191001-csv/2907#110849566>				<https://panlex.org/snapshot/panlex-20191001-csv/2907#110849537>		"liang hideung"@su	
"Венера"@tyv	<https://panlex.org/snapshot/panlex-20191001-csv/2907#110845485>				<https://panlex.org/snapshot/panlex-20191001-csv/2907#110845506>		"Vénus"@su	
"Хаумеа"@tyv	<https://panlex.org/snapshot/panlex-20191001-csv/2907#110847474>				<https://panlex.org/snapshot/panlex-20191001-csv/2907#110847586>		"Haumea"@su	
"Уран"@tyv	<https://panlex.org/snapshot/panlex-20191001-csv/2907#110846873>				<https://panlex.org/snapshot/panlex-20191001-csv/2907#110846859>		"Uranus"@su	
"Макемаке"@tyv	<https://panlex.org/snapshot/panlex-20191001-csv/2907#110847743>				<https://panlex.org/snapshot/panlex-20191001-csv/2907#110847697>		"Makemake"@su	
"Нептун"@tyv	<https://panlex.org/snapshot/panlex-20191001-csv/2907#110846986>				<https://panlex.org/snapshot/panlex-20191001-csv/2907#110847182>		"Néptunus"@su	
"Меркурий"@tyv	<https://panlex.org/snapshot/panlex-20191001-csv/2907#110845110>				<https://panlex.org/snapshot/panlex-20191001-csv/2907#110845203>		"Mérkurius"@su	
"Сатурн"@tyv	<https://panlex.org/snapshot/panlex-20191001-csv/2907#110846692>				<https://panlex.org/snapshot/panlex-20191001-csv/2907#110846626>		"Saturnus"@su	
"Церера"@tyv	<https://panlex.org/snapshot/panlex-20191001-csv/2907#110846299>				<https://panlex.org/snapshot/panlex-20191001-csv/2907#110846281>		"Ceres"@su	
"Хүн"@tyv	<https://panlex.org/snapshot/panlex-20191001-csv/2907#110845000>				<https://panlex.org/snapshot/panlex-20191001-csv/2907#110844917>		"Panonpoé"@su	
"Юпитер"@tyv	<https://panlex.org/snapshot/panlex-20191001-csv/2907#110846351>				<https://panlex.org/snapshot/panlex-20191001-csv/2907#110846535>		"Yupiter"@su	
"Ай"@tyv	<https://panlex.org/snapshot/panlex-20191001-csv/2907#110845848>				<https://panlex.org/snapshot/panlex-20191001-csv/2907#110845833>		"Bulan"@su	
"Индий океан"@tyv	<https://panlex.org/snapshot/panlex-20191001-csv/2901#110867859>				<https://panlex.org/snapshot/panlex-20191001-csv/2901#110867674>		"Samudra Hindia"@su	
"Мурнуу океан"@tyv	<https://panlex.org/snapshot/panlex-20191001-csv/2901#110868150>				<https://panlex.org/snapshot/panlex-20191001-csv/2901#110868313>		"Samudra Kidul"@su	
"Оожум океан"@tyv	<https://panlex.org/snapshot/panlex-20191001-csv/2901#110868014>				<https://panlex.org/snapshot/panlex-20191001-csv/2901#110868046>		"Samudra Pasifik"@su	
"Атлантик океан"@tyv	<https://panlex.org/snapshot/panlex-20191001-csv/2901#110867481>				<https://panlex.org/snapshot/panlex-20191001-csv/2901#110867577>		"Samudra Atlantik"@su	
"Соңгу Доштуг океан"@tyv	<https://panlex.org/snapshot/panlex-20191001-csv/2901#110867195>				<https://panlex.org/snapshot/panlex-20191001-csv/2901#110867254>		"Samudra Arktik"@su	
"понедельник"@tyv	<https://panlex.org/snapshot/panlex-20191001-csv/2892#110824257>				<https://panlex.org/snapshot/panlex-20191001-csv/2892#110824003>		"senén"@su	
"улуг хүн"@tyv	<https://panlex.org/snapshot/panlex-20191001-csv/2892#110826854>				<https://panlex.org/snapshot/panlex-20191001-csv/2892#110826831>		"minggu"@su	
"үш дугаар хүн"@tyv	<https://panlex.org/snapshot/panlex-20191001-csv/2892#110825193>				<https://panlex.org/snapshot/panlex-20191001-csv/2892#110825091>		"rebo"@su	
"беш дугаар хүн"@tyv	<https://panlex.org/snapshot/panlex-20191001-csv/2892#110826034>				<https://panlex.org/snapshot/panlex-20191001-csv/2892#110825787>		"jumaah"@su	
"среда"@tyv	<https://panlex.org/snapshot/panlex-20191001-csv/2892#110824863>				<https://panlex.org/snapshot/panlex-20191001-csv/2892#110825091>		"rebo"@su	
"воскресенье"@tyv	<https://panlex.org/snapshot/panlex-20191001-csv/2892#110826792>				<https://panlex.org/snapshot/panlex-20191001-csv/2892#110826831>		"minggu"@su	
"бир дугаар хүн"@tyv	<https://panlex.org/snapshot/panlex-20191001-csv/2892#110824350>				<https://panlex.org/snapshot/panlex-20191001-csv/2892#110824003>		"senén"@su	
"вторник"@tyv	<https://panlex.org/snapshot/panlex-20191001-csv/2892#110824505>				<https://panlex.org/snapshot/panlex-20191001-csv/2892#110824743>		"salasa"@su	
"дөрт дугаар хүн"@tyv	<https://panlex.org/snapshot/panlex-20191001-csv/2892#110825571>				<https://panlex.org/snapshot/panlex-20191001-csv/2892#110825287>		"kemis"@su	
"суббота"@tyv	<https://panlex.org/snapshot/panlex-20191001-csv/2892#110826295>				<https://panlex.org/snapshot/panlex-20191001-csv/2892#110826185>		"saptu"@su	
"ийи дугаар хүн"@tyv	<https://panlex.org/snapshot/panlex-20191001-csv/2892#110824561>				<https://panlex.org/snapshot/panlex-20191001-csv/2892#110824743>		"salasa"@su	
"пятница"@tyv	<https://panlex.org/snapshot/panlex-20191001-csv/2892#110825694>				<https://panlex.org/snapshot/panlex-20191001-csv/2892#110825787>		"jumaah"@su	
"четверг"@tyv	<https://panlex.org/snapshot/panlex-20191001-csv/2892#110825348>				<https://panlex.org/snapshot/panlex-20191001-csv/2892#110825287>		"kemis"@su	
"чартык улуг-хүн"@tyv	<https://panlex.org/snapshot/panlex-20191001-csv/2892#110826131>				<https://panlex.org/snapshot/panlex-20191001-csv/2892#110826185>		"saptu"@su	
"чеди ай"@tyv	<https://panlex.org/snapshot/panlex-20191001-csv/2897#110829686>				<https://panlex.org/snapshot/panlex-20191001-csv/2897#110829711>		"Juli"@su	
"июль"@tyv	<https://panlex.org/snapshot/panlex-20191001-csv/2897#110829815>				<https://panlex.org/snapshot/panlex-20191001-csv/2897#110829711>		"Juli"@su	
"беш ай"@tyv	<https://panlex.org/snapshot/panlex-20191001-csv/2897#110828679>				<https://panlex.org/snapshot/panlex-20191001-csv/2897#110828980>		"Méi"@su	
"май"@tyv	<https://panlex.org/snapshot/panlex-20191001-csv/2897#110828802>				<https://panlex.org/snapshot/panlex-20191001-csv/2897#110828980>		"Méi"@su	
"апрель"@tyv	<https://panlex.org/snapshot/panlex-20191001-csv/2897#110828463>				<https://panlex.org/snapshot/panlex-20191001-csv/2897#110828442>		"April"@su	
"бир ай"@tyv	<https://panlex.org/snapshot/panlex-20191001-csv/2897#110827381>				<https://panlex.org/snapshot/panlex-20191001-csv/2897#110827383>		"Januari"@su	
"октябрь"@tyv	<https://panlex.org/snapshot/panlex-20191001-csv/2897#110831071>				<https://panlex.org/snapshot/panlex-20191001-csv/2897#110831025>		"Oktober"@su	
"ноябрь"@tyv	<https://panlex.org/snapshot/panlex-20191001-csv/2897#110831320>				<https://panlex.org/snapshot/panlex-20191001-csv/2897#110831441>		"Nopémber"@su	
"июнь"@tyv	<https://panlex.org/snapshot/panlex-20191001-csv/2897#110829190>				<https://panlex.org/snapshot/panlex-20191001-csv/2897#110829120>		"Juni"@su	
"дөрт ай"@tyv	<https://panlex.org/snapshot/panlex-20191001-csv/2897#110828471>				<https://panlex.org/snapshot/panlex-20191001-csv/2897#110828442>		"April"@su	
"он ай"@tyv	<https://panlex.org/snapshot/panlex-20191001-csv/2897#110830977>				<https://panlex.org/snapshot/panlex-20191001-csv/2897#110831025>		"Oktober"@su	
"он бир ай"@tyv	<https://panlex.org/snapshot/panlex-20191001-csv/2897#110831490>				<https://panlex.org/snapshot/panlex-20191001-csv/2897#110831441>		"Nopémber"@su	
"сентябрь"@tyv	<https://panlex.org/snapshot/panlex-20191001-csv/2897#110830634>				<https://panlex.org/snapshot/panlex-20191001-csv/2897#110830490>		"Séptémber"@su	
"январь"@tyv	<https://panlex.org/snapshot/panlex-20191001-csv/2897#110827108>				<https://panlex.org/snapshot/panlex-20191001-csv/2897#110827383>		"Januari"@su	
"март"@tyv	<https://panlex.org/snapshot/panlex-20191001-csv/2897#110827875>				<https://panlex.org/snapshot/panlex-20191001-csv/2897#110828129>		"Maret"@su	
"август"@tyv	<https://panlex.org/snapshot/panlex-20191001-csv/2897#110830132>				<https://panlex.org/snapshot/panlex-20191001-csv/2897#110829913>		"Agustus"@su	
"тос ай"@tyv	<https://panlex.org/snapshot/panlex-20191001-csv/2897#110830688>				<https://panlex.org/snapshot/panlex-20191001-csv/2897#110830490>		"Séptémber"@su	
"декабрь"@tyv	<https://panlex.org/snapshot/panlex-20191001-csv/2897#110831717>				<https://panlex.org/snapshot/panlex-20191001-csv/2897#110831641>		"Désémber"@su	
"алды ай"@tyv	<https://panlex.org/snapshot/panlex-20191001-csv/2897#110829116>				<https://panlex.org/snapshot/panlex-20191001-csv/2897#110829120>		"Juni"@su	
"үш ай"@tyv	<https://panlex.org/snapshot/panlex-20191001-csv/2897#110828001>				<https://panlex.org/snapshot/panlex-20191001-csv/2897#110828129>		"Maret"@su	
"сес ай"@tyv	<https://panlex.org/snapshot/panlex-20191001-csv/2897#110829918>				<https://panlex.org/snapshot/panlex-20191001-csv/2897#110829913>		"Agustus"@su	
"ийи ай"@tyv	<https://panlex.org/snapshot/panlex-20191001-csv/2897#110827852>				<https://panlex.org/snapshot/panlex-20191001-csv/2897#110827781>		"Pébruari"@su	
"февраль"@tyv	<https://panlex.org/snapshot/panlex-20191001-csv/2897#110827537>				<https://panlex.org/snapshot/panlex-20191001-csv/2897#110827781>		"Pébruari"@su	
"он ийи ай"@tyv	<https://panlex.org/snapshot/panlex-20191001-csv/2897#110831627>				<https://panlex.org/snapshot/panlex-20191001-csv/2897#110831641>		"Désémber"@su	
