"терге"@tyv	<https://panlex.org/snapshot/panlex-20191001-csv/6712#111098771>				<https://panlex.org/snapshot/panlex-20191001-csv/6712#111098713>		"torre"@gl	
"аът"@tyv	<https://panlex.org/snapshot/panlex-20191001-csv/6712#111099023>				<https://panlex.org/snapshot/panlex-20191001-csv/6712#111099103>		"cabalo"@gl	
"оол"@tyv	<https://panlex.org/snapshot/panlex-20191001-csv/6712#111099178>				<https://panlex.org/snapshot/panlex-20191001-csv/6712#111099295>		"peón"@gl	
"ноян"@tyv	<https://panlex.org/snapshot/panlex-20191001-csv/6712#111098487>				<https://panlex.org/snapshot/panlex-20191001-csv/6712#111098516>		"rei"@gl	
"шыдыраа"@tyv	<https://panlex.org/snapshot/panlex-20191001-csv/6712#111099345>				<https://panlex.org/snapshot/panlex-20191001-csv/6712#111099319>		"xadrez"@gl	
"теве"@tyv	<https://panlex.org/snapshot/panlex-20191001-csv/6712#111098855>				<https://panlex.org/snapshot/panlex-20191001-csv/6712#111098853>		"bispo"@gl	
"мерзе"@tyv	<https://panlex.org/snapshot/panlex-20191001-csv/6712#111098650>				<https://panlex.org/snapshot/panlex-20191001-csv/6712#111098538>		"dama"@gl	
"мерзе"@tyv	<https://panlex.org/snapshot/panlex-20191001-csv/6712#111098650>				<https://panlex.org/snapshot/panlex-20191001-csv/6712#111098540>		"raíña"@gl	
"Ийиги Делегей дайыны"@tyv	<https://panlex.org/snapshot/panlex-20191001-csv/6709#111077509>				<https://panlex.org/snapshot/panlex-20191001-csv/6709#111077666>		"Segunda Guerra Mundial"@gl	
"Бирги Делегей дайыны"@tyv	<https://panlex.org/snapshot/panlex-20191001-csv/6709#111077464>				<https://panlex.org/snapshot/panlex-20191001-csv/6709#111077328>		"Primeira Guerra Mundial"@gl	
"Марктың бижээни буянныг медээ"@tyv	<https://panlex.org/snapshot/panlex-20191001-csv/6726#111130719>				<https://panlex.org/snapshot/panlex-20191001-csv/6726#111130741>		"Evanxeo segundo Marcos"@gl	
"Тимофейге ийиги чагаа"@tyv	<https://panlex.org/snapshot/panlex-20191001-csv/6726#111133068>				<https://panlex.org/snapshot/panlex-20191001-csv/6726#111132951>		"2ª Carta a Timóteo"@gl	
"Матфейниң бижээни буянныг медээ"@tyv	<https://panlex.org/snapshot/panlex-20191001-csv/6726#111130523>				<https://panlex.org/snapshot/panlex-20191001-csv/6726#111130591>		"Evanxeo segundo Mateo"@gl	
"Коринфичилерге ийиги чагаа"@tyv	<https://panlex.org/snapshot/panlex-20191001-csv/6726#111131692>				<https://panlex.org/snapshot/panlex-20191001-csv/6726#111131669>		"2ª Carta aos Corintios"@gl	
"Луканың бижээни буянныг медээ"@tyv	<https://panlex.org/snapshot/panlex-20191001-csv/6726#111130828>				<https://panlex.org/snapshot/panlex-20191001-csv/6726#111130870>		"Evanxeo segundo Lucas"@gl	
"Фессалоникажыларга бирги чагаа"@tyv	<https://panlex.org/snapshot/panlex-20191001-csv/6726#111132495>				<https://panlex.org/snapshot/panlex-20191001-csv/6726#111132505>		"1ª Carta aos Tesalonicenses"@gl	
"Иоанның бирги чагаазы"@tyv	<https://panlex.org/snapshot/panlex-20191001-csv/6726#111134182>				<https://panlex.org/snapshot/panlex-20191001-csv/6726#111134137>		"1ª Carta de Xoán"@gl	
"Тимофейге бирги чагаа"@tyv	<https://panlex.org/snapshot/panlex-20191001-csv/6726#111132874>				<https://panlex.org/snapshot/panlex-20191001-csv/6726#111132867>		"1ª Carta a Timóteo"@gl	
"Иаковтуң чагаазы"@tyv	<https://panlex.org/snapshot/panlex-20191001-csv/6726#111133679>				<https://panlex.org/snapshot/panlex-20191001-csv/6726#111133633>		"Carta de Santiago"@gl	
"Пётрнуң бирги чагаазы"@tyv	<https://panlex.org/snapshot/panlex-20191001-csv/6726#111133775>				<https://panlex.org/snapshot/panlex-20191001-csv/6726#111133865>		"1ª Carta de Pedro"@gl	
"Элчиннерниң ажыл-чорудулгазы"@tyv	<https://panlex.org/snapshot/panlex-20191001-csv/6726#111131203>				<https://panlex.org/snapshot/panlex-20191001-csv/6726#111131233>		"Feitos dos Apóstolos"@gl	
"Иоанның үшкү чагаазы"@tyv	<https://panlex.org/snapshot/panlex-20191001-csv/6726#111134431>				<https://panlex.org/snapshot/panlex-20191001-csv/6726#111134477>		"3ª Carta de Xoán"@gl	
"Титке чагаа"@tyv	<https://panlex.org/snapshot/panlex-20191001-csv/6726#111133199>				<https://panlex.org/snapshot/panlex-20191001-csv/6726#111133082>		"Carta a Tito"@gl	
"Колоссчуларга чагаа"@tyv	<https://panlex.org/snapshot/panlex-20191001-csv/6726#111132373>				<https://panlex.org/snapshot/panlex-20191001-csv/6726#111132282>		"Carta aos Colosenses"@gl	
"Филиппийжилерге чагаа"@tyv	<https://panlex.org/snapshot/panlex-20191001-csv/6726#111132177>				<https://panlex.org/snapshot/panlex-20191001-csv/6726#111132161>		"Carta aos Filipenses"@gl	
"Иоанның ийиги чагаазы"@tyv	<https://panlex.org/snapshot/panlex-20191001-csv/6726#111134297>				<https://panlex.org/snapshot/panlex-20191001-csv/6726#111134359>		"2ª Carta de Xoán"@gl	
"Филимонга чагаа"@tyv	<https://panlex.org/snapshot/panlex-20191001-csv/6726#111133283>				<https://panlex.org/snapshot/panlex-20191001-csv/6726#111133260>		"Carta a Filemon"@gl	
"Иоаннга бургандан ажыдыышкын"@tyv	<https://panlex.org/snapshot/panlex-20191001-csv/6726#111134765>				<https://panlex.org/snapshot/panlex-20191001-csv/6726#111134778>		"Apocalipse"@gl	
"Пётрнуң ийиги чагаазы"@tyv	<https://panlex.org/snapshot/panlex-20191001-csv/6726#111133902>				<https://panlex.org/snapshot/panlex-20191001-csv/6726#111133997>		"2ª Carta de Pedro"@gl	
"Иоанның бижээни буянныг медээ"@tyv	<https://panlex.org/snapshot/panlex-20191001-csv/6726#111131006>				<https://panlex.org/snapshot/panlex-20191001-csv/6726#111130983>		"Evanxeo segundo Xoán"@gl	
"Коринфичилерге бирги чагаа"@tyv	<https://panlex.org/snapshot/panlex-20191001-csv/6726#111131557>				<https://panlex.org/snapshot/panlex-20191001-csv/6726#111131564>		"1ª Carta aos Corintios"@gl	
"Римчилерге чагаа"@tyv	<https://panlex.org/snapshot/panlex-20191001-csv/6726#111131336>				<https://panlex.org/snapshot/panlex-20191001-csv/6726#111131432>		"Carta aos Romanos"@gl	
"Галатчыларга чагаа"@tyv	<https://panlex.org/snapshot/panlex-20191001-csv/6726#111131811>				<https://panlex.org/snapshot/panlex-20191001-csv/6726#111131769>		"Carta aos Gálatas"@gl	
"Чаа Дугуржулга-чагыг"@tyv	<https://panlex.org/snapshot/panlex-20191001-csv/6726#111134974>				<https://panlex.org/snapshot/panlex-20191001-csv/6726#111134917>		"Novo Testamento"@gl	
"Еврейлерге чагаа"@tyv	<https://panlex.org/snapshot/panlex-20191001-csv/6726#111133556>				<https://panlex.org/snapshot/panlex-20191001-csv/6726#111133495>		"Carta aos Hebreos"@gl	
"Фессалоникажыларга ийиги чагаа"@tyv	<https://panlex.org/snapshot/panlex-20191001-csv/6726#111132673>				<https://panlex.org/snapshot/panlex-20191001-csv/6726#111132660>		"2ª Carta aos Tesalonicenses"@gl	
"Ефесчилерге чагаа"@tyv	<https://panlex.org/snapshot/panlex-20191001-csv/6726#111132075>				<https://panlex.org/snapshot/panlex-20191001-csv/6726#111132011>		"Carta aos Efesios"@gl	
"Иуданың чагаазы"@tyv	<https://panlex.org/snapshot/panlex-20191001-csv/6726#111134563>				<https://panlex.org/snapshot/panlex-20191001-csv/6726#111134554>		"Carta de Xudas"@gl	
"Европаның Эвилели"@tyv	<https://panlex.org/snapshot/panlex-20191001-csv/5950#85858940>				<https://panlex.org/snapshot/panlex-20191001-csv/5950#85858879>		"Unión Europea"@gl	
"теве"@tyv	<https://panlex.org/snapshot/panlex-20191001-csv/5947#84882835>				<https://panlex.org/snapshot/panlex-20191001-csv/5947#84882796>		"camelo"@gl	
"ак"@tyv	<https://panlex.org/snapshot/panlex-20191001-csv/5947#84639867>				<https://panlex.org/snapshot/panlex-20191001-csv/5947#84639743>		"branco"@gl	
"Jewropanyng Ewileli"@tyv	<https://panlex.org/snapshot/panlex-20191001-csv/5939#80807036>				<https://panlex.org/snapshot/panlex-20191001-csv/5939#80806976>		"Unión Europea"@gl	
"дер"@tyv	<https://panlex.org/snapshot/panlex-20191001-csv/5946#84435325>				<https://panlex.org/snapshot/panlex-20191001-csv/5946#84435254>		"suor"@gl	
"мөөгү"@tyv	<https://panlex.org/snapshot/panlex-20191001-csv/5946#84450337>				<https://panlex.org/snapshot/panlex-20191001-csv/5946#84450256>		"cogomelo"@gl	
"көрүнчүк"@tyv	<https://panlex.org/snapshot/panlex-20191001-csv/5946#84446334>				<https://panlex.org/snapshot/panlex-20191001-csv/5946#84446183>		"espello"@gl	
"чаъс"@tyv	<https://panlex.org/snapshot/panlex-20191001-csv/5946#84436398>				<https://panlex.org/snapshot/panlex-20191001-csv/5946#84436291>		"chuvia"@gl	
"чаъс"@tyv	<https://panlex.org/snapshot/panlex-20191001-csv/5946#84436398>				<https://panlex.org/snapshot/panlex-20191001-csv/5946#84436292>		"choiva"@gl	
"Россия"@tyv	<https://panlex.org/snapshot/panlex-20191001-csv/5949#85319620>				<https://panlex.org/snapshot/panlex-20191001-csv/5949#85319455>		"Rusia"@gl	
"сес ай"@tyv	<https://panlex.org/snapshot/panlex-20191001-csv/5949#85329531>				<https://panlex.org/snapshot/panlex-20191001-csv/5949#85329346>		"agosto"@gl	
"август"@tyv	<https://panlex.org/snapshot/panlex-20191001-csv/5949#85329530>				<https://panlex.org/snapshot/panlex-20191001-csv/5949#85329346>		"agosto"@gl	
"Хүн"@tyv	<https://panlex.org/snapshot/panlex-20191001-csv/5949#85321005>				<https://panlex.org/snapshot/panlex-20191001-csv/5949#85320903>		"Sol"@gl	
"тос"@tyv	<https://panlex.org/snapshot/panlex-20191001-csv/9#491057>				<https://panlex.org/snapshot/panlex-20191001-csv/9#490956>		"nove"@gl	
"челээш"@tyv	<https://panlex.org/snapshot/panlex-20191001-csv/9#485566>				<https://panlex.org/snapshot/panlex-20191001-csv/9#485522>		"arco da vella"@gl	
"ийи"@tyv	<https://panlex.org/snapshot/panlex-20191001-csv/9#490410>				<https://panlex.org/snapshot/panlex-20191001-csv/9#490380>		"dous"@gl	
"Европаның Эвилели"@tyv	<https://panlex.org/snapshot/panlex-20191001-csv/9#516413>				<https://panlex.org/snapshot/panlex-20191001-csv/9#516357>		"Unión Europea"@gl	
"биология"@tyv	<https://panlex.org/snapshot/panlex-20191001-csv/2904#111022272>				<https://panlex.org/snapshot/panlex-20191001-csv/2904#111022192>		"bioloxía"@gl	
"сан эртеми"@tyv	<https://panlex.org/snapshot/panlex-20191001-csv/2904#111023374>				<https://panlex.org/snapshot/panlex-20191001-csv/2904#111023446>		"matemáticas"@gl	
"дыл эртеми"@tyv	<https://panlex.org/snapshot/panlex-20191001-csv/2904#111023104>				<https://panlex.org/snapshot/panlex-20191001-csv/2904#111023170>		"lingüística"@gl	
"эртем"@tyv	<https://panlex.org/snapshot/panlex-20191001-csv/2904#111024339>				<https://panlex.org/snapshot/panlex-20191001-csv/2904#111024287>		"ciencia"@gl	
"медицина"@tyv	<https://panlex.org/snapshot/panlex-20191001-csv/2904#111023669>				<https://panlex.org/snapshot/panlex-20191001-csv/2904#111023712>		"medicina"@gl	
"эмнелге"@tyv	<https://panlex.org/snapshot/panlex-20191001-csv/2904#111023639>				<https://panlex.org/snapshot/panlex-20191001-csv/2904#111023712>		"medicina"@gl	
"математика"@tyv	<https://panlex.org/snapshot/panlex-20191001-csv/2904#111023510>				<https://panlex.org/snapshot/panlex-20191001-csv/2904#111023446>		"matemáticas"@gl	
"философия"@tyv	<https://panlex.org/snapshot/panlex-20191001-csv/2904#111023860>				<https://panlex.org/snapshot/panlex-20191001-csv/2904#111023799>		"filosofía"@gl	
"университет"@tyv	<https://panlex.org/snapshot/panlex-20191001-csv/2904#111024559>				<https://panlex.org/snapshot/panlex-20191001-csv/2904#111024601>		"universidade"@gl	
"төөгү"@tyv	<https://panlex.org/snapshot/panlex-20191001-csv/2904#111023003>				<https://panlex.org/snapshot/panlex-20191001-csv/2904#111022919>		"historia"@gl	
"география"@tyv	<https://panlex.org/snapshot/panlex-20191001-csv/2904#111022690>				<https://panlex.org/snapshot/panlex-20191001-csv/2904#111022688>		"xeografía"@gl	
"астрономия"@tyv	<https://panlex.org/snapshot/panlex-20191001-csv/2904#111021966>				<https://panlex.org/snapshot/panlex-20191001-csv/2904#111021985>		"astronomía"@gl	
"физика"@tyv	<https://panlex.org/snapshot/panlex-20191001-csv/2904#111024019>				<https://panlex.org/snapshot/panlex-20191001-csv/2904#111024077>		"física"@gl	
"химия"@tyv	<https://panlex.org/snapshot/panlex-20191001-csv/2904#111022403>				<https://panlex.org/snapshot/panlex-20191001-csv/2904#111022430>		"química"@gl	
"архитектура"@tyv	<https://panlex.org/snapshot/panlex-20191001-csv/2904#111021871>				<https://panlex.org/snapshot/panlex-20191001-csv/2904#111021794>		"arquitectura"@gl	
"Экватор"@tyv	<https://panlex.org/snapshot/panlex-20191001-csv/2910#110855052>				<https://panlex.org/snapshot/panlex-20191001-csv/2910#110855083>		"Ecuador"@gl	
"Мурнуу полюс"@tyv	<https://panlex.org/snapshot/panlex-20191001-csv/2910#110855528>				<https://panlex.org/snapshot/panlex-20191001-csv/2910#110855653>		"Polo Sur"@gl	
"Соңгу полюс"@tyv	<https://panlex.org/snapshot/panlex-20191001-csv/2910#110854561>				<https://panlex.org/snapshot/panlex-20191001-csv/2910#110854639>		"Polo Norte"@gl	
"тайбың"@tyv	<https://panlex.org/snapshot/panlex-20191001-csv/2902#111012169>				<https://panlex.org/snapshot/panlex-20191001-csv/2902#111011969>		"paz"@gl	
"Чер-ортузу далай"@tyv	<https://panlex.org/snapshot/panlex-20191001-csv/2905#110870420>				<https://panlex.org/snapshot/panlex-20191001-csv/2905#110870415>		"Mar Mediterráneo"@gl	
"Соңгу далай"@tyv	<https://panlex.org/snapshot/panlex-20191001-csv/2905#110870711>				<https://panlex.org/snapshot/panlex-20191001-csv/2905#110870515>		"Mar do Norte"@gl	
"Сарыг далай"@tyv	<https://panlex.org/snapshot/panlex-20191001-csv/2905#110871623>				<https://panlex.org/snapshot/panlex-20191001-csv/2905#110871549>		"Mar Amarelo"@gl	
"Карибий далай"@tyv	<https://panlex.org/snapshot/panlex-20191001-csv/2905#110869468>				<https://panlex.org/snapshot/panlex-20191001-csv/2905#110869482>		"Mar Caribe"@gl	
"Ак далай"@tyv	<https://panlex.org/snapshot/panlex-20191001-csv/2905#110871400>				<https://panlex.org/snapshot/panlex-20191001-csv/2905#110871283>		"Mar Branco"@gl	
"Кара далай"@tyv	<https://panlex.org/snapshot/panlex-20191001-csv/2905#110869133>				<https://panlex.org/snapshot/panlex-20191001-csv/2905#110869027>		"Mar Negro"@gl	
"Кызыл далай"@tyv	<https://panlex.org/snapshot/panlex-20191001-csv/2905#110870917>				<https://panlex.org/snapshot/panlex-20191001-csv/2905#110870977>		"Mar Vermello"@gl	
"Балтий далай"@tyv	<https://panlex.org/snapshot/panlex-20191001-csv/2905#110868804>				<https://panlex.org/snapshot/panlex-20191001-csv/2905#110868789>		"Mar Báltico"@gl	
"Чер"@tyv	<https://panlex.org/snapshot/panlex-20191001-csv/2907#110845704>				<https://panlex.org/snapshot/panlex-20191001-csv/2907#110845581>		"Terra"@gl	
"Бүдүмел"@tyv	<https://panlex.org/snapshot/panlex-20191001-csv/2907#110848971>				<https://panlex.org/snapshot/panlex-20191001-csv/2907#110849032>		"Universo"@gl	
"Эрида"@tyv	<https://panlex.org/snapshot/panlex-20191001-csv/2907#110847788>				<https://panlex.org/snapshot/panlex-20191001-csv/2907#110847934>		"Eris"@gl	
"Октаргай"@tyv	<https://panlex.org/snapshot/panlex-20191001-csv/2907#110849104>				<https://panlex.org/snapshot/panlex-20191001-csv/2907#110849032>		"Universo"@gl	
"Плутон"@tyv	<https://panlex.org/snapshot/panlex-20191001-csv/2907#110847356>				<https://panlex.org/snapshot/panlex-20191001-csv/2907#110847382>		"Plutón"@gl	
"Марс"@tyv	<https://panlex.org/snapshot/panlex-20191001-csv/2907#110846100>				<https://panlex.org/snapshot/panlex-20191001-csv/2907#110845955>		"Marte"@gl	
"кара дежик"@tyv	<https://panlex.org/snapshot/panlex-20191001-csv/2907#110849566>				<https://panlex.org/snapshot/panlex-20191001-csv/2907#110849596>		"buraco negro"@gl	
"кара дежик"@tyv	<https://panlex.org/snapshot/panlex-20191001-csv/2907#110849566>				<https://panlex.org/snapshot/panlex-20191001-csv/2907#110849569>		"burato negro"@gl	
"кара дежик"@tyv	<https://panlex.org/snapshot/panlex-20191001-csv/2907#110849566>				<https://panlex.org/snapshot/panlex-20191001-csv/2907#110849487>		"furado negro"@gl	
"Венера"@tyv	<https://panlex.org/snapshot/panlex-20191001-csv/2907#110845485>				<https://panlex.org/snapshot/panlex-20191001-csv/2907#110845423>		"Venus"@gl	
"Хаумеа"@tyv	<https://panlex.org/snapshot/panlex-20191001-csv/2907#110847474>				<https://panlex.org/snapshot/panlex-20191001-csv/2907#110847572>		"Haumea"@gl	
"Уран"@tyv	<https://panlex.org/snapshot/panlex-20191001-csv/2907#110846873>				<https://panlex.org/snapshot/panlex-20191001-csv/2907#110846932>		"Urano"@gl	
"Макемаке"@tyv	<https://panlex.org/snapshot/panlex-20191001-csv/2907#110847743>				<https://panlex.org/snapshot/panlex-20191001-csv/2907#110847687>		"Makemake"@gl	
"Нептун"@tyv	<https://panlex.org/snapshot/panlex-20191001-csv/2907#110846986>				<https://panlex.org/snapshot/panlex-20191001-csv/2907#110847166>		"Neptuno"@gl	
"Меркурий"@tyv	<https://panlex.org/snapshot/panlex-20191001-csv/2907#110845110>				<https://panlex.org/snapshot/panlex-20191001-csv/2907#110845212>		"Mercurio"@gl	
"Сатурн"@tyv	<https://panlex.org/snapshot/panlex-20191001-csv/2907#110846692>				<https://panlex.org/snapshot/panlex-20191001-csv/2907#110846589>		"Saturno"@gl	
"Церера"@tyv	<https://panlex.org/snapshot/panlex-20191001-csv/2907#110846299>				<https://panlex.org/snapshot/panlex-20191001-csv/2907#110846296>		"Ceres"@gl	
"Хүн"@tyv	<https://panlex.org/snapshot/panlex-20191001-csv/2907#110845000>				<https://panlex.org/snapshot/panlex-20191001-csv/2907#110845065>		"Sol"@gl	
"Юпитер"@tyv	<https://panlex.org/snapshot/panlex-20191001-csv/2907#110846351>				<https://panlex.org/snapshot/panlex-20191001-csv/2907#110846473>		"Xúpiter"@gl	
"Ай"@tyv	<https://panlex.org/snapshot/panlex-20191001-csv/2907#110845848>				<https://panlex.org/snapshot/panlex-20191001-csv/2907#110845895>		"Lúa"@gl	
"Индий океан"@tyv	<https://panlex.org/snapshot/panlex-20191001-csv/2901#110867859>				<https://panlex.org/snapshot/panlex-20191001-csv/2901#110867780>		"Océano Índico"@gl	
"Мурнуу океан"@tyv	<https://panlex.org/snapshot/panlex-20191001-csv/2901#110868150>				<https://panlex.org/snapshot/panlex-20191001-csv/2901#110868151>		"Océano Glacial Antártico"@gl	
"Мурнуу океан"@tyv	<https://panlex.org/snapshot/panlex-20191001-csv/2901#110868150>				<https://panlex.org/snapshot/panlex-20191001-csv/2901#110868426>		"Océano Antártico"@gl	
"Оожум океан"@tyv	<https://panlex.org/snapshot/panlex-20191001-csv/2901#110868014>				<https://panlex.org/snapshot/panlex-20191001-csv/2901#110867939>		"Océano Pacífico"@gl	
"Атлантик океан"@tyv	<https://panlex.org/snapshot/panlex-20191001-csv/2901#110867481>				<https://panlex.org/snapshot/panlex-20191001-csv/2901#110867453>		"Océano Atlántico"@gl	
"Соңгу Доштуг океан"@tyv	<https://panlex.org/snapshot/panlex-20191001-csv/2901#110867195>				<https://panlex.org/snapshot/panlex-20191001-csv/2901#110867283>		"Océano Glacial Ártico"@gl	
"Соңгу Доштуг океан"@tyv	<https://panlex.org/snapshot/panlex-20191001-csv/2901#110867195>				<https://panlex.org/snapshot/panlex-20191001-csv/2901#110867355>		"Océano Ártico"@gl	
"Иоанн Медеглекчи"@tyv	<https://panlex.org/snapshot/panlex-20191001-csv/2906#111020466>				<https://panlex.org/snapshot/panlex-20191001-csv/2906#111020512>		"Xoán o Bautista"@gl	
"Адам биле Ева"@tyv	<https://panlex.org/snapshot/panlex-20191001-csv/2906#111019109>				<https://panlex.org/snapshot/panlex-20191001-csv/2906#111019178>		"Adán e Eva"@gl	
"кремний"@tyv	<https://panlex.org/snapshot/panlex-20191001-csv/2893#110991567>				<https://panlex.org/snapshot/panlex-20191001-csv/2893#110991530>		"silicio"@gl	
"мөңгүн"@tyv	<https://panlex.org/snapshot/panlex-20191001-csv/2893#110994088>				<https://panlex.org/snapshot/panlex-20191001-csv/2893#110994077>		"prata"@gl	
"фосфор"@tyv	<https://panlex.org/snapshot/panlex-20191001-csv/2893#110991778>				<https://panlex.org/snapshot/panlex-20191001-csv/2893#110991669>		"fósforo"@gl	
"йод"@tyv	<https://panlex.org/snapshot/panlex-20191001-csv/2893#110994688>				<https://panlex.org/snapshot/panlex-20191001-csv/2893#110994591>		"iodo"@gl	
"натрий"@tyv	<https://panlex.org/snapshot/panlex-20191001-csv/2893#110991027>				<https://panlex.org/snapshot/panlex-20191001-csv/2893#110990944>		"sodio"@gl	
"күкүрт"@tyv	<https://panlex.org/snapshot/panlex-20191001-csv/2893#110991985>				<https://panlex.org/snapshot/panlex-20191001-csv/2893#110991839>		"xofre"@gl	
"чес"@tyv	<https://panlex.org/snapshot/panlex-20191001-csv/2893#110993261>				<https://panlex.org/snapshot/panlex-20191001-csv/2893#110993382>		"cobre"@gl	
"гелий"@tyv	<https://panlex.org/snapshot/panlex-20191001-csv/2893#110989622>				<https://panlex.org/snapshot/panlex-20191001-csv/2893#110989564>		"helio"@gl	
"водород"@tyv	<https://panlex.org/snapshot/panlex-20191001-csv/2893#110989400>				<https://panlex.org/snapshot/panlex-20191001-csv/2893#110989447>		"hidróxeno"@gl	
"хлор"@tyv	<https://panlex.org/snapshot/panlex-20191001-csv/2893#110992152>				<https://panlex.org/snapshot/panlex-20191001-csv/2893#110992147>		"cloro"@gl	
"бор"@tyv	<https://panlex.org/snapshot/panlex-20191001-csv/2893#110989795>				<https://panlex.org/snapshot/panlex-20191001-csv/2893#110989855>		"boro"@gl	
"уран"@tyv	<https://panlex.org/snapshot/panlex-20191001-csv/2893#110995913>				<https://panlex.org/snapshot/panlex-20191001-csv/2893#110995859>		"uranio"@gl	
"неон"@tyv	<https://panlex.org/snapshot/panlex-20191001-csv/2893#110990853>				<https://panlex.org/snapshot/panlex-20191001-csv/2893#110990737>		"neon"@gl	
"азот"@tyv	<https://panlex.org/snapshot/panlex-20191001-csv/2893#110990084>				<https://panlex.org/snapshot/panlex-20191001-csv/2893#110990081>		"nitróxeno"@gl	
"гайна"@tyv	<https://panlex.org/snapshot/panlex-20191001-csv/2893#110993108>				<https://panlex.org/snapshot/panlex-20191001-csv/2893#110993042>		"níquel"@gl	
"вольфрам"@tyv	<https://panlex.org/snapshot/panlex-20191001-csv/2893#110994839>				<https://panlex.org/snapshot/panlex-20191001-csv/2893#110994873>		"volframio"@gl	
"углерод"@tyv	<https://panlex.org/snapshot/panlex-20191001-csv/2893#110990041>				<https://panlex.org/snapshot/panlex-20191001-csv/2893#110990049>		"carbono"@gl	
"бром"@tyv	<https://panlex.org/snapshot/panlex-20191001-csv/2893#110993868>				<https://panlex.org/snapshot/panlex-20191001-csv/2893#110993788>		"bromo"@gl	
"ак коргулчун"@tyv	<https://panlex.org/snapshot/panlex-20191001-csv/2893#110994355>				<https://panlex.org/snapshot/panlex-20191001-csv/2893#110994372>		"estaño"@gl	
"магний"@tyv	<https://panlex.org/snapshot/panlex-20191001-csv/2893#110991195>				<https://panlex.org/snapshot/panlex-20191001-csv/2893#110991205>		"magnesio"@gl	
"кислород"@tyv	<https://panlex.org/snapshot/panlex-20191001-csv/2893#110990410>				<https://panlex.org/snapshot/panlex-20191001-csv/2893#110990357>		"osíxeno"@gl	
"цинк"@tyv	<https://panlex.org/snapshot/panlex-20191001-csv/2893#110993458>				<https://panlex.org/snapshot/panlex-20191001-csv/2893#110993441>		"cinc"@gl	
"кобальт"@tyv	<https://panlex.org/snapshot/panlex-20191001-csv/2893#110992821>				<https://panlex.org/snapshot/panlex-20191001-csv/2893#110992917>		"cobalto"@gl	
"хола"@tyv	<https://panlex.org/snapshot/panlex-20191001-csv/2893#110993311>				<https://panlex.org/snapshot/panlex-20191001-csv/2893#110993382>		"cobre"@gl	
"коргулчун"@tyv	<https://panlex.org/snapshot/panlex-20191001-csv/2893#110995739>				<https://panlex.org/snapshot/panlex-20191001-csv/2893#110995700>		"chumbo"@gl	
"ак алдын"@tyv	<https://panlex.org/snapshot/panlex-20191001-csv/2893#110995127>				<https://panlex.org/snapshot/panlex-20191001-csv/2893#110994953>		"platino"@gl	
"алюминий"@tyv	<https://panlex.org/snapshot/panlex-20191001-csv/2893#110991402>				<https://panlex.org/snapshot/panlex-20191001-csv/2893#110991267>		"aluminio"@gl	
"демир"@tyv	<https://panlex.org/snapshot/panlex-20191001-csv/2893#110992692>				<https://panlex.org/snapshot/panlex-20191001-csv/2893#110992673>		"ferro"@gl	
"калий"@tyv	<https://panlex.org/snapshot/panlex-20191001-csv/2893#110992249>				<https://panlex.org/snapshot/panlex-20191001-csv/2893#110992284>		"potasio"@gl	
"кальций"@tyv	<https://panlex.org/snapshot/panlex-20191001-csv/2893#110992413>				<https://panlex.org/snapshot/panlex-20191001-csv/2893#110992495>		"calcio"@gl	
"мөңгүн суу"@tyv	<https://panlex.org/snapshot/panlex-20191001-csv/2893#110995405>				<https://panlex.org/snapshot/panlex-20191001-csv/2893#110995472>		"mercurio"@gl	
"мышьяк"@tyv	<https://panlex.org/snapshot/panlex-20191001-csv/2893#110993603>				<https://panlex.org/snapshot/panlex-20191001-csv/2893#110993698>		"arsénico"@gl	
"сурьма"@tyv	<https://panlex.org/snapshot/panlex-20191001-csv/2893#110994387>				<https://panlex.org/snapshot/panlex-20191001-csv/2893#110994411>		"antimonio"@gl	
"фтор"@tyv	<https://panlex.org/snapshot/panlex-20191001-csv/2893#110990584>				<https://panlex.org/snapshot/panlex-20191001-csv/2893#110990526>		"flúor"@gl	
"алдын"@tyv	<https://panlex.org/snapshot/panlex-20191001-csv/2893#110995188>				<https://panlex.org/snapshot/panlex-20191001-csv/2893#110995340>		"ouro"@gl	
"ЕЭ"@tyv	<https://panlex.org/snapshot/panlex-20191001-csv/2894#111100379>				<https://panlex.org/snapshot/panlex-20191001-csv/2894#111100286>		"Unión Europea"@gl	
"ЕЭ"@tyv	<https://panlex.org/snapshot/panlex-20191001-csv/2894#111100379>				<https://panlex.org/snapshot/panlex-20191001-csv/2894#111100161>		"UE"@gl	
"Европаның Эвилели"@tyv	<https://panlex.org/snapshot/panlex-20191001-csv/2894#111100393>				<https://panlex.org/snapshot/panlex-20191001-csv/2894#111100286>		"Unión Europea"@gl	
"Европаның Эвилели"@tyv	<https://panlex.org/snapshot/panlex-20191001-csv/2894#111100393>				<https://panlex.org/snapshot/panlex-20191001-csv/2894#111100161>		"UE"@gl	
"Кызыл Крест"@tyv	<https://panlex.org/snapshot/panlex-20191001-csv/2894#111101594>				<https://panlex.org/snapshot/panlex-20191001-csv/2894#111101653>		"Cruz Vermella"@gl	
"понедельник"@tyv	<https://panlex.org/snapshot/panlex-20191001-csv/2892#110824257>				<https://panlex.org/snapshot/panlex-20191001-csv/2892#110824140>		"segunda feira"@gl	
"понедельник"@tyv	<https://panlex.org/snapshot/panlex-20191001-csv/2892#110824257>				<https://panlex.org/snapshot/panlex-20191001-csv/2892#110824308>		"luns"@gl	
"улуг хүн"@tyv	<https://panlex.org/snapshot/panlex-20191001-csv/2892#110826854>				<https://panlex.org/snapshot/panlex-20191001-csv/2892#110826616>		"domingo"@gl	
"үш дугаар хүн"@tyv	<https://panlex.org/snapshot/panlex-20191001-csv/2892#110825193>				<https://panlex.org/snapshot/panlex-20191001-csv/2892#110824937>		"corta feira"@gl	
"үш дугаар хүн"@tyv	<https://panlex.org/snapshot/panlex-20191001-csv/2892#110825193>				<https://panlex.org/snapshot/panlex-20191001-csv/2892#110825019>		"mércores"@gl	
"үш дугаар хүн"@tyv	<https://panlex.org/snapshot/panlex-20191001-csv/2892#110825193>				<https://panlex.org/snapshot/panlex-20191001-csv/2892#110825194>		"cuarta feira"@gl	
"беш дугаар хүн"@tyv	<https://panlex.org/snapshot/panlex-20191001-csv/2892#110826034>				<https://panlex.org/snapshot/panlex-20191001-csv/2892#110826072>		"venres"@gl	
"беш дугаар хүн"@tyv	<https://panlex.org/snapshot/panlex-20191001-csv/2892#110826034>				<https://panlex.org/snapshot/panlex-20191001-csv/2892#110825919>		"sexta feira"@gl	
"среда"@tyv	<https://panlex.org/snapshot/panlex-20191001-csv/2892#110824863>				<https://panlex.org/snapshot/panlex-20191001-csv/2892#110824937>		"corta feira"@gl	
"среда"@tyv	<https://panlex.org/snapshot/panlex-20191001-csv/2892#110824863>				<https://panlex.org/snapshot/panlex-20191001-csv/2892#110825019>		"mércores"@gl	
"среда"@tyv	<https://panlex.org/snapshot/panlex-20191001-csv/2892#110824863>				<https://panlex.org/snapshot/panlex-20191001-csv/2892#110825194>		"cuarta feira"@gl	
"воскресенье"@tyv	<https://panlex.org/snapshot/panlex-20191001-csv/2892#110826792>				<https://panlex.org/snapshot/panlex-20191001-csv/2892#110826616>		"domingo"@gl	
"бир дугаар хүн"@tyv	<https://panlex.org/snapshot/panlex-20191001-csv/2892#110824350>				<https://panlex.org/snapshot/panlex-20191001-csv/2892#110824140>		"segunda feira"@gl	
"бир дугаар хүн"@tyv	<https://panlex.org/snapshot/panlex-20191001-csv/2892#110824350>				<https://panlex.org/snapshot/panlex-20191001-csv/2892#110824308>		"luns"@gl	
"вторник"@tyv	<https://panlex.org/snapshot/panlex-20191001-csv/2892#110824505>				<https://panlex.org/snapshot/panlex-20191001-csv/2892#110824806>		"terceira feira"@gl	
"вторник"@tyv	<https://panlex.org/snapshot/panlex-20191001-csv/2892#110824505>				<https://panlex.org/snapshot/panlex-20191001-csv/2892#110824638>		"martes"@gl	
"вторник"@tyv	<https://panlex.org/snapshot/panlex-20191001-csv/2892#110824505>				<https://panlex.org/snapshot/panlex-20191001-csv/2892#110824542>		"terza feira"@gl	
"дөрт дугаар хүн"@tyv	<https://panlex.org/snapshot/panlex-20191001-csv/2892#110825571>				<https://panlex.org/snapshot/panlex-20191001-csv/2892#110825563>		"xoves"@gl	
"дөрт дугаар хүн"@tyv	<https://panlex.org/snapshot/panlex-20191001-csv/2892#110825571>				<https://panlex.org/snapshot/panlex-20191001-csv/2892#110825277>		"quinta feira"@gl	
"суббота"@tyv	<https://panlex.org/snapshot/panlex-20191001-csv/2892#110826295>				<https://panlex.org/snapshot/panlex-20191001-csv/2892#110826192>		"sábado"@gl	
"ийи дугаар хүн"@tyv	<https://panlex.org/snapshot/panlex-20191001-csv/2892#110824561>				<https://panlex.org/snapshot/panlex-20191001-csv/2892#110824806>		"terceira feira"@gl	
"ийи дугаар хүн"@tyv	<https://panlex.org/snapshot/panlex-20191001-csv/2892#110824561>				<https://panlex.org/snapshot/panlex-20191001-csv/2892#110824638>		"martes"@gl	
"ийи дугаар хүн"@tyv	<https://panlex.org/snapshot/panlex-20191001-csv/2892#110824561>				<https://panlex.org/snapshot/panlex-20191001-csv/2892#110824542>		"terza feira"@gl	
"пятница"@tyv	<https://panlex.org/snapshot/panlex-20191001-csv/2892#110825694>				<https://panlex.org/snapshot/panlex-20191001-csv/2892#110826072>		"venres"@gl	
"пятница"@tyv	<https://panlex.org/snapshot/panlex-20191001-csv/2892#110825694>				<https://panlex.org/snapshot/panlex-20191001-csv/2892#110825919>		"sexta feira"@gl	
"четверг"@tyv	<https://panlex.org/snapshot/panlex-20191001-csv/2892#110825348>				<https://panlex.org/snapshot/panlex-20191001-csv/2892#110825563>		"xoves"@gl	
"четверг"@tyv	<https://panlex.org/snapshot/panlex-20191001-csv/2892#110825348>				<https://panlex.org/snapshot/panlex-20191001-csv/2892#110825277>		"quinta feira"@gl	
"чартык улуг-хүн"@tyv	<https://panlex.org/snapshot/panlex-20191001-csv/2892#110826131>				<https://panlex.org/snapshot/panlex-20191001-csv/2892#110826192>		"sábado"@gl	
"чеди ай"@tyv	<https://panlex.org/snapshot/panlex-20191001-csv/2897#110829686>				<https://panlex.org/snapshot/panlex-20191001-csv/2897#110829730>		"Xullo"@gl	
"июль"@tyv	<https://panlex.org/snapshot/panlex-20191001-csv/2897#110829815>				<https://panlex.org/snapshot/panlex-20191001-csv/2897#110829730>		"Xullo"@gl	
"беш ай"@tyv	<https://panlex.org/snapshot/panlex-20191001-csv/2897#110828679>				<https://panlex.org/snapshot/panlex-20191001-csv/2897#110828698>		"Maio"@gl	
"май"@tyv	<https://panlex.org/snapshot/panlex-20191001-csv/2897#110828802>				<https://panlex.org/snapshot/panlex-20191001-csv/2897#110828698>		"Maio"@gl	
"апрель"@tyv	<https://panlex.org/snapshot/panlex-20191001-csv/2897#110828463>				<https://panlex.org/snapshot/panlex-20191001-csv/2897#110828392>		"Abril"@gl	
"бир ай"@tyv	<https://panlex.org/snapshot/panlex-20191001-csv/2897#110827381>				<https://panlex.org/snapshot/panlex-20191001-csv/2897#110827299>		"Xaneiro"@gl	
"октябрь"@tyv	<https://panlex.org/snapshot/panlex-20191001-csv/2897#110831071>				<https://panlex.org/snapshot/panlex-20191001-csv/2897#110831018>		"Outubro"@gl	
"ноябрь"@tyv	<https://panlex.org/snapshot/panlex-20191001-csv/2897#110831320>				<https://panlex.org/snapshot/panlex-20191001-csv/2897#110831344>		"Novembro"@gl	
"июнь"@tyv	<https://panlex.org/snapshot/panlex-20191001-csv/2897#110829190>				<https://panlex.org/snapshot/panlex-20191001-csv/2897#110829133>		"Xuño"@gl	
"дөрт ай"@tyv	<https://panlex.org/snapshot/panlex-20191001-csv/2897#110828471>				<https://panlex.org/snapshot/panlex-20191001-csv/2897#110828392>		"Abril"@gl	
"он ай"@tyv	<https://panlex.org/snapshot/panlex-20191001-csv/2897#110830977>				<https://panlex.org/snapshot/panlex-20191001-csv/2897#110831018>		"Outubro"@gl	
"он бир ай"@tyv	<https://panlex.org/snapshot/panlex-20191001-csv/2897#110831490>				<https://panlex.org/snapshot/panlex-20191001-csv/2897#110831344>		"Novembro"@gl	
"сентябрь"@tyv	<https://panlex.org/snapshot/panlex-20191001-csv/2897#110830634>				<https://panlex.org/snapshot/panlex-20191001-csv/2897#110830559>		"Setembro"@gl	
"январь"@tyv	<https://panlex.org/snapshot/panlex-20191001-csv/2897#110827108>				<https://panlex.org/snapshot/panlex-20191001-csv/2897#110827299>		"Xaneiro"@gl	
"март"@tyv	<https://panlex.org/snapshot/panlex-20191001-csv/2897#110827875>				<https://panlex.org/snapshot/panlex-20191001-csv/2897#110828236>		"Marzo"@gl	
"август"@tyv	<https://panlex.org/snapshot/panlex-20191001-csv/2897#110830132>				<https://panlex.org/snapshot/panlex-20191001-csv/2897#110830022>		"Agosto"@gl	
"тос ай"@tyv	<https://panlex.org/snapshot/panlex-20191001-csv/2897#110830688>				<https://panlex.org/snapshot/panlex-20191001-csv/2897#110830559>		"Setembro"@gl	
"декабрь"@tyv	<https://panlex.org/snapshot/panlex-20191001-csv/2897#110831717>				<https://panlex.org/snapshot/panlex-20191001-csv/2897#110831790>		"Decembro"@gl	
"алды ай"@tyv	<https://panlex.org/snapshot/panlex-20191001-csv/2897#110829116>				<https://panlex.org/snapshot/panlex-20191001-csv/2897#110829133>		"Xuño"@gl	
"үш ай"@tyv	<https://panlex.org/snapshot/panlex-20191001-csv/2897#110828001>				<https://panlex.org/snapshot/panlex-20191001-csv/2897#110828236>		"Marzo"@gl	
"сес ай"@tyv	<https://panlex.org/snapshot/panlex-20191001-csv/2897#110829918>				<https://panlex.org/snapshot/panlex-20191001-csv/2897#110830022>		"Agosto"@gl	
"ийи ай"@tyv	<https://panlex.org/snapshot/panlex-20191001-csv/2897#110827852>				<https://panlex.org/snapshot/panlex-20191001-csv/2897#110827710>		"Febreiro"@gl	
"февраль"@tyv	<https://panlex.org/snapshot/panlex-20191001-csv/2897#110827537>				<https://panlex.org/snapshot/panlex-20191001-csv/2897#110827710>		"Febreiro"@gl	
"он ийи ай"@tyv	<https://panlex.org/snapshot/panlex-20191001-csv/2897#110831627>				<https://panlex.org/snapshot/panlex-20191001-csv/2897#110831790>		"Decembro"@gl	
"Азия"@tyv	<https://panlex.org/snapshot/panlex-20191001-csv/2891#110853900>				<https://panlex.org/snapshot/panlex-20191001-csv/2891#110853917>		"Asia"@gl	
"Антарктида"@tyv	<https://panlex.org/snapshot/panlex-20191001-csv/2891#110853751>				<https://panlex.org/snapshot/panlex-20191001-csv/2891#110853679>		"Antártida"@gl	
"Африка"@tyv	<https://panlex.org/snapshot/panlex-20191001-csv/2891#110853040>				<https://panlex.org/snapshot/panlex-20191001-csv/2891#110853053>		"África"@gl	
"Европа"@tyv	<https://panlex.org/snapshot/panlex-20191001-csv/2891#110854303>				<https://panlex.org/snapshot/panlex-20191001-csv/2891#110854104>		"Europa"@gl	
"Океания"@tyv	<https://panlex.org/snapshot/panlex-20191001-csv/2891#110854442>				<https://panlex.org/snapshot/panlex-20191001-csv/2891#110854458>		"Oceanía"@gl	
"Америка"@tyv	<https://panlex.org/snapshot/panlex-20191001-csv/2891#110853492>				<https://panlex.org/snapshot/panlex-20191001-csv/2891#110853320>		"América"@gl	
