"Leefer"@lb	<https://panlex.org/snapshot/panlex-20191001-csv/6712#111098871>				<https://panlex.org/snapshot/panlex-20191001-csv/6712#111098917>		"وزير"@sd	
"Sprénger"@lb	<https://panlex.org/snapshot/panlex-20191001-csv/6712#111099081>				<https://panlex.org/snapshot/panlex-20191001-csv/6712#111099133>		"گھوڙو"@sd	
"Kinnek"@lb	<https://panlex.org/snapshot/panlex-20191001-csv/6712#111098441>				<https://panlex.org/snapshot/panlex-20191001-csv/6712#111098470>		"بادشاهه"@sd	
"Bauer"@lb	<https://panlex.org/snapshot/panlex-20191001-csv/6712#111099279>				<https://panlex.org/snapshot/panlex-20191001-csv/6712#111099263>		"پيادو"@sd	
"Tuerm"@lb	<https://panlex.org/snapshot/panlex-20191001-csv/6712#111098816>				<https://panlex.org/snapshot/panlex-20191001-csv/6712#111098786>		"توب"@sd	
"Päerd"@lb	<https://panlex.org/snapshot/panlex-20191001-csv/6712#111099122>				<https://panlex.org/snapshot/panlex-20191001-csv/6712#111099133>		"گھوڙو"@sd	
"Damm"@lb	<https://panlex.org/snapshot/panlex-20191001-csv/6712#111098532>				<https://panlex.org/snapshot/panlex-20191001-csv/6712#111098649>		"راڻي"@sd	
"Schach"@lb	<https://panlex.org/snapshot/panlex-20191001-csv/6712#111099430>				<https://panlex.org/snapshot/panlex-20191001-csv/6712#111099437>		"شطرنج"@sd	
"hauskaz"@lb	<https://panlex.org/snapshot/panlex-20191001-csv/2129#11694556>				<https://panlex.org/snapshot/panlex-20191001-csv/2129#11694586>		"ٻلي"@sd	
"Wiktionnaire"@lb	<https://panlex.org/snapshot/panlex-20191001-csv/5945#84345094>				<https://panlex.org/snapshot/panlex-20191001-csv/5945#84345122>		"وڪيغت"@sd	
"wäiss"@lb	<https://panlex.org/snapshot/panlex-20191001-csv/5947#84639799>				<https://panlex.org/snapshot/panlex-20191001-csv/5947#84639843>		"اڇو"@sd	
"Spierkel"@lb	<https://panlex.org/snapshot/panlex-20191001-csv/5947#84742943>				<https://panlex.org/snapshot/panlex-20191001-csv/5947#84743017>		"فيبروري"@sd	
"Algerien"@lb	<https://panlex.org/snapshot/panlex-20191001-csv/5947#84580151>				<https://panlex.org/snapshot/panlex-20191001-csv/5947#84580199>		"الجزائر"@sd	
"Spidol"@lb	<https://panlex.org/snapshot/panlex-20191001-csv/5947#84858274>				<https://panlex.org/snapshot/panlex-20191001-csv/5947#84858284>		"اسپتال"@sd	
"Apel"@lb	<https://panlex.org/snapshot/panlex-20191001-csv/5947#84706747>				<https://panlex.org/snapshot/panlex-20191001-csv/5947#84706778>		"صوف"@sd	
"Russland"@lb	<https://panlex.org/snapshot/panlex-20191001-csv/5949#85319531>				<https://panlex.org/snapshot/panlex-20191001-csv/5949#85319592>		"روس"@sd	
"Koran"@lb	<https://panlex.org/snapshot/panlex-20191001-csv/5949#85313444>				<https://panlex.org/snapshot/panlex-20191001-csv/5949#85313473>		"قرآن"@sd	
"August"@lb	<https://panlex.org/snapshot/panlex-20191001-csv/5949#85329428>				<https://panlex.org/snapshot/panlex-20191001-csv/5949#85329498>		"آگسٽ"@sd	
"Karschnatz"@lb	<https://panlex.org/snapshot/panlex-20191001-csv/5949#85329427>				<https://panlex.org/snapshot/panlex-20191001-csv/5949#85329498>		"آگسٽ"@sd	
"Europa"@lb	<https://panlex.org/snapshot/panlex-20191001-csv/5949#85308586>				<https://panlex.org/snapshot/panlex-20191001-csv/5949#85308634>		"يُورَپ"@sd	
"Südpol"@lb	<https://panlex.org/snapshot/panlex-20191001-csv/2910#110855663>				<https://panlex.org/snapshot/panlex-20191001-csv/2910#110855655>		"ڏکڻ قطب"@sd	
"Nordpol"@lb	<https://panlex.org/snapshot/panlex-20191001-csv/2910#110854556>				<https://panlex.org/snapshot/panlex-20191001-csv/2910#110854710>		"اتر قطب"@sd	
"Fridden"@lb	<https://panlex.org/snapshot/panlex-20191001-csv/2902#111012342>				<https://panlex.org/snapshot/panlex-20191001-csv/2902#111012052>		"سناٽو"@sd	
"Koméit"@lb	<https://panlex.org/snapshot/panlex-20191001-csv/2907#110849246>				<https://panlex.org/snapshot/panlex-20191001-csv/2907#110849318>		"پڇڙ تارو"@sd	
"Mëllechstrooss"@lb	<https://panlex.org/snapshot/panlex-20191001-csv/2907#110848744>				<https://panlex.org/snapshot/panlex-20191001-csv/2907#110848788>		"ڪهڪشان"@sd	
"Mëllechstrooss"@lb	<https://panlex.org/snapshot/panlex-20191001-csv/2907#110848744>				<https://panlex.org/snapshot/panlex-20191001-csv/2907#110848873>		"کيرائين واٽ"@sd	
"Mëllechſtrooſs"@lb	<https://panlex.org/snapshot/panlex-20191001-csv/2907#110848695>				<https://panlex.org/snapshot/panlex-20191001-csv/2907#110848788>		"ڪهڪشان"@sd	
"Mëllechſtrooſs"@lb	<https://panlex.org/snapshot/panlex-20191001-csv/2907#110848695>				<https://panlex.org/snapshot/panlex-20191001-csv/2907#110848873>		"کيرائين واٽ"@sd	
"Sokrates"@lb	<https://panlex.org/snapshot/panlex-20191001-csv/2906#111021221>				<https://panlex.org/snapshot/panlex-20191001-csv/2906#111021310>		"سقراط"@sd	
"Griichesch"@lb	<https://panlex.org/snapshot/panlex-20191001-csv/5#26419>				<https://panlex.org/snapshot/panlex-20191001-csv/5#26440>		"يوناني"@sd	
"Hauskaz"@lb	<https://panlex.org/snapshot/panlex-20191001-csv/11#795642>				<https://panlex.org/snapshot/panlex-20191001-csv/11#795672>		"ٻلي"@sd	
"Freideg"@lb	<https://panlex.org/snapshot/panlex-20191001-csv/2892#110826075>				<https://panlex.org/snapshot/panlex-20191001-csv/2892#110825980>		"جمعو"@sd	
"Freideg"@lb	<https://panlex.org/snapshot/panlex-20191001-csv/2892#110826075>				<https://panlex.org/snapshot/panlex-20191001-csv/2892#110826061>		"شڪر"@sd	
"Mëttwoch"@lb	<https://panlex.org/snapshot/panlex-20191001-csv/2892#110825199>				<https://panlex.org/snapshot/panlex-20191001-csv/2892#110824904>		"ٻڌر"@sd	
"Sonndeg"@lb	<https://panlex.org/snapshot/panlex-20191001-csv/2892#110826735>				<https://panlex.org/snapshot/panlex-20191001-csv/2892#110826665>		"آچر"@sd	
"Donneschdeg"@lb	<https://panlex.org/snapshot/panlex-20191001-csv/2892#110825342>				<https://panlex.org/snapshot/panlex-20191001-csv/2892#110825569>		"خميس"@sd	
"Dënſchdeg"@lb	<https://panlex.org/snapshot/panlex-20191001-csv/2892#110824645>				<https://panlex.org/snapshot/panlex-20191001-csv/2892#110824821>		"منگل"@sd	
"Samschdeg"@lb	<https://panlex.org/snapshot/panlex-20191001-csv/2892#110826250>				<https://panlex.org/snapshot/panlex-20191001-csv/2892#110826151>		"ڇنڇر"@sd	
"Dënschdeg"@lb	<https://panlex.org/snapshot/panlex-20191001-csv/2892#110824831>				<https://panlex.org/snapshot/panlex-20191001-csv/2892#110824821>		"منگل"@sd	
"Samſchdeg"@lb	<https://panlex.org/snapshot/panlex-20191001-csv/2892#110826313>				<https://panlex.org/snapshot/panlex-20191001-csv/2892#110826151>		"ڇنڇر"@sd	
"Méindeg"@lb	<https://panlex.org/snapshot/panlex-20191001-csv/2892#110824079>				<https://panlex.org/snapshot/panlex-20191001-csv/2892#110824231>		"سومر"@sd	
"Donneſchdeg"@lb	<https://panlex.org/snapshot/panlex-20191001-csv/2892#110825359>				<https://panlex.org/snapshot/panlex-20191001-csv/2892#110825569>		"خميس"@sd	
"September"@lb	<https://panlex.org/snapshot/panlex-20191001-csv/2897#110830648>				<https://panlex.org/snapshot/panlex-20191001-csv/2897#110830452>		"سيپٽمبر"@sd	
"Februar"@lb	<https://panlex.org/snapshot/panlex-20191001-csv/2897#110827462>				<https://panlex.org/snapshot/panlex-20191001-csv/2897#110827652>		"فيبروري"@sd	
"Broochmount"@lb	<https://panlex.org/snapshot/panlex-20191001-csv/2897#110829367>				<https://panlex.org/snapshot/panlex-20191001-csv/2897#110829336>		"جون"@sd	
"November"@lb	<https://panlex.org/snapshot/panlex-20191001-csv/2897#110831232>				<https://panlex.org/snapshot/panlex-20191001-csv/2897#110831424>		"نومبر"@sd	
"Mäerz"@lb	<https://panlex.org/snapshot/panlex-20191001-csv/2897#110827923>				<https://panlex.org/snapshot/panlex-20191001-csv/2897#110828186>		"مارچ"@sd	
"Wäimount"@lb	<https://panlex.org/snapshot/panlex-20191001-csv/2897#110831063>				<https://panlex.org/snapshot/panlex-20191001-csv/2897#110830813>		"آڪٽوبر"@sd	
"Hierſchtmount"@lb	<https://panlex.org/snapshot/panlex-20191001-csv/2897#110830323>				<https://panlex.org/snapshot/panlex-20191001-csv/2897#110830452>		"سيپٽمبر"@sd	
"Heemount"@lb	<https://panlex.org/snapshot/panlex-20191001-csv/2897#110829765>				<https://panlex.org/snapshot/panlex-20191001-csv/2897#110829637>		"جولاء"@sd	
"Ouſchtermount"@lb	<https://panlex.org/snapshot/panlex-20191001-csv/2897#110828483>				<https://panlex.org/snapshot/panlex-20191001-csv/2897#110828326>		"اپريل"@sd	
"Aprëll"@lb	<https://panlex.org/snapshot/panlex-20191001-csv/2897#110828654>				<https://panlex.org/snapshot/panlex-20191001-csv/2897#110828326>		"اپريل"@sd	
"Karschnatz"@lb	<https://panlex.org/snapshot/panlex-20191001-csv/2897#110830138>				<https://panlex.org/snapshot/panlex-20191001-csv/2897#110830192>		"آگسٽ"@sd	
"Auſſenzäit"@lb	<https://panlex.org/snapshot/panlex-20191001-csv/2897#110827886>				<https://panlex.org/snapshot/panlex-20191001-csv/2897#110828186>		"مارچ"@sd	
"Juli"@lb	<https://panlex.org/snapshot/panlex-20191001-csv/2897#110829659>				<https://panlex.org/snapshot/panlex-20191001-csv/2897#110829637>		"جولاء"@sd	
"Dezember"@lb	<https://panlex.org/snapshot/panlex-20191001-csv/2897#110831606>				<https://panlex.org/snapshot/panlex-20191001-csv/2897#110831595>		"ڊسمبر"@sd	
"Mee"@lb	<https://panlex.org/snapshot/panlex-20191001-csv/2897#110828972>				<https://panlex.org/snapshot/panlex-20191001-csv/2897#110828855>		"مئي"@sd	
"Wantermount"@lb	<https://panlex.org/snapshot/panlex-20191001-csv/2897#110831305>				<https://panlex.org/snapshot/panlex-20191001-csv/2897#110831424>		"نومبر"@sd	
"Allerhellgemount"@lb	<https://panlex.org/snapshot/panlex-20191001-csv/2897#110831259>				<https://panlex.org/snapshot/panlex-20191001-csv/2897#110831424>		"نومبر"@sd	
"Ouschtermount"@lb	<https://panlex.org/snapshot/panlex-20191001-csv/2897#110828474>				<https://panlex.org/snapshot/panlex-20191001-csv/2897#110828326>		"اپريل"@sd	
"Aussenzäit"@lb	<https://panlex.org/snapshot/panlex-20191001-csv/2897#110828245>				<https://panlex.org/snapshot/panlex-20191001-csv/2897#110828186>		"مارچ"@sd	
"Haartmount"@lb	<https://panlex.org/snapshot/panlex-20191001-csv/2897#110827233>				<https://panlex.org/snapshot/panlex-20191001-csv/2897#110827080>		"جنوري"@sd	
"Päiſchtmount"@lb	<https://panlex.org/snapshot/panlex-20191001-csv/2897#110828775>				<https://panlex.org/snapshot/panlex-20191001-csv/2897#110828855>		"مئي"@sd	
"Hierschtmount"@lb	<https://panlex.org/snapshot/panlex-20191001-csv/2897#110830375>				<https://panlex.org/snapshot/panlex-20191001-csv/2897#110830452>		"سيپٽمبر"@sd	
"Fréileng"@lb	<https://panlex.org/snapshot/panlex-20191001-csv/2897#110828562>				<https://panlex.org/snapshot/panlex-20191001-csv/2897#110828326>		"اپريل"@sd	
"Päischtmount"@lb	<https://panlex.org/snapshot/panlex-20191001-csv/2897#110828786>				<https://panlex.org/snapshot/panlex-20191001-csv/2897#110828855>		"مئي"@sd	
"August"@lb	<https://panlex.org/snapshot/panlex-20191001-csv/2897#110830301>				<https://panlex.org/snapshot/panlex-20191001-csv/2897#110830192>		"آگسٽ"@sd	
"Lenzmount"@lb	<https://panlex.org/snapshot/panlex-20191001-csv/2897#110827932>				<https://panlex.org/snapshot/panlex-20191001-csv/2897#110828186>		"مارچ"@sd	
"Spierkel"@lb	<https://panlex.org/snapshot/panlex-20191001-csv/2897#110827738>				<https://panlex.org/snapshot/panlex-20191001-csv/2897#110827652>		"فيبروري"@sd	
"Oktober"@lb	<https://panlex.org/snapshot/panlex-20191001-csv/2897#110830927>				<https://panlex.org/snapshot/panlex-20191001-csv/2897#110830813>		"آڪٽوبر"@sd	
"Karſchnatz"@lb	<https://panlex.org/snapshot/panlex-20191001-csv/2897#110830179>				<https://panlex.org/snapshot/panlex-20191001-csv/2897#110830192>		"آگسٽ"@sd	
"Chrëſchtmount"@lb	<https://panlex.org/snapshot/panlex-20191001-csv/2897#110831951>				<https://panlex.org/snapshot/panlex-20191001-csv/2897#110831595>		"ڊسمبر"@sd	
"Januar"@lb	<https://panlex.org/snapshot/panlex-20191001-csv/2897#110827168>				<https://panlex.org/snapshot/panlex-20191001-csv/2897#110827080>		"جنوري"@sd	
"Auguſt"@lb	<https://panlex.org/snapshot/panlex-20191001-csv/2897#110829958>				<https://panlex.org/snapshot/panlex-20191001-csv/2897#110830192>		"آگسٽ"@sd	
"Juni"@lb	<https://panlex.org/snapshot/panlex-20191001-csv/2897#110829325>				<https://panlex.org/snapshot/panlex-20191001-csv/2897#110829336>		"جون"@sd	
"Chrëschtmount"@lb	<https://panlex.org/snapshot/panlex-20191001-csv/2897#110831584>				<https://panlex.org/snapshot/panlex-20191001-csv/2897#110831595>		"ڊسمبر"@sd	
"Afrika"@lb	<https://panlex.org/snapshot/panlex-20191001-csv/2891#110853153>				<https://panlex.org/snapshot/panlex-20191001-csv/2891#110853140>		"آفريڪا"@sd	
"Amerika"@lb	<https://panlex.org/snapshot/panlex-20191001-csv/2891#110853325>				<https://panlex.org/snapshot/panlex-20191001-csv/2891#110853336>		"آمريڪا"@sd	
"Aſien"@lb	<https://panlex.org/snapshot/panlex-20191001-csv/2891#110853966>				<https://panlex.org/snapshot/panlex-20191001-csv/2891#110853808>		"ايشيا"@sd	
"Asien"@lb	<https://panlex.org/snapshot/panlex-20191001-csv/2891#110853823>				<https://panlex.org/snapshot/panlex-20191001-csv/2891#110853808>		"ايشيا"@sd	
