"bai"@mnv	<https://panlex.org/snapshot/panlex-20191001-csv/12#851054>				<https://panlex.org/snapshot/panlex-20191001-csv/12#851067>		"pei"@mtt	
"aga"@mnv	<https://panlex.org/snapshot/panlex-20191001-csv/114#8054518>				<https://panlex.org/snapshot/panlex-20191001-csv/114#8054532>		"mate-sala"@mtt	
"toto"@mnv	<https://panlex.org/snapshot/panlex-20191001-csv/114#8063145>				<https://panlex.org/snapshot/panlex-20191001-csv/114#8063159>		"nara"@mtt	
"uu"@mnv	<https://panlex.org/snapshot/panlex-20191001-csv/114#8060603>				<https://panlex.org/snapshot/panlex-20191001-csv/114#8060619>		"sus[iu]"@mtt	
"niho"@mnv	<https://panlex.org/snapshot/panlex-20191001-csv/114#8067350>				<https://panlex.org/snapshot/panlex-20191001-csv/114#8067366>		"liwoi"@mtt	
"haha/nga"@mnv	<https://panlex.org/snapshot/panlex-20191001-csv/114#8066789>				<https://panlex.org/snapshot/panlex-20191001-csv/114#8066807>		"valai"@mtt	
"gima"@mnv	<https://panlex.org/snapshot/panlex-20191001-csv/114#8051922>				<https://panlex.org/snapshot/panlex-20191001-csv/114#8051939>		"panei"@mtt	
"manaba"@mnv	<https://panlex.org/snapshot/panlex-20191001-csv/114#8065801>				<https://panlex.org/snapshot/panlex-20191001-csv/114#8065816>		"mapsag"@mtt	
"manaba"@mnv	<https://panlex.org/snapshot/panlex-20191001-csv/114#8058554>				<https://panlex.org/snapshot/panlex-20191001-csv/114#8058573>		"toqai"@mtt	
"a`u"@mnv	<https://panlex.org/snapshot/panlex-20191001-csv/114#8055021>				<https://panlex.org/snapshot/panlex-20191001-csv/114#8055035>		"vano ma"@mtt	
