"pĩ"@ram	<https://panlex.org/snapshot/panlex-20191001-csv/1573#50090368>				<https://panlex.org/snapshot/panlex-20191001-csv/1573#50090281>		"ɨwɨra"@gui	
"pɨtɨ"@ram	<https://panlex.org/snapshot/panlex-20191001-csv/1573#50091465>				<https://panlex.org/snapshot/panlex-20191001-csv/1573#50091383>		"kʷarasɨ"@gui	
"pɨtɨ"@ram	<https://panlex.org/snapshot/panlex-20191001-csv/1573#50091465>				<https://panlex.org/snapshot/panlex-20191001-csv/1573#50091384>		"kʷaraɨ"@gui	
"koykʰwa"@ram	<https://panlex.org/snapshot/panlex-20191001-csv/1573#50091208>				<https://panlex.org/snapshot/panlex-20191001-csv/1573#50091133>		"ara"@gui	
"ko"@ram	<https://panlex.org/snapshot/panlex-20191001-csv/1573#50085817>				<https://panlex.org/snapshot/panlex-20191001-csv/1573#50085727>		"ɨ"@gui	
"lam-"@ram	<https://panlex.org/snapshot/panlex-20191001-csv/1573#50089846>				<https://panlex.org/snapshot/panlex-20191001-csv/1573#50089738>		"kaa-gwasu"@gui	
"lam-"@ram	<https://panlex.org/snapshot/panlex-20191001-csv/1573#50089846>				<https://panlex.org/snapshot/panlex-20191001-csv/1573#50089739>		"ɲãna"@gui	
"pĩĩ"@ram	<https://panlex.org/snapshot/panlex-20191001-csv/1573#50090114>				<https://panlex.org/snapshot/panlex-20191001-csv/1573#50090030>		"ɨwɨra"@gui	
"kʰwa"@ram	<https://panlex.org/snapshot/panlex-20191001-csv/1573#50089101>				<https://panlex.org/snapshot/panlex-20191001-csv/1573#50088972>		"ɨ-kʷa"@gui	
"kʰɛn"@ram	<https://panlex.org/snapshot/panlex-20191001-csv/1573#50090729>				<https://panlex.org/snapshot/panlex-20191001-csv/1573#50090594>		"ita"@gui	
"pye"@ram	<https://panlex.org/snapshot/panlex-20191001-csv/1573#50083344>				<https://panlex.org/snapshot/panlex-20191001-csv/1573#50083254>		"ɨwɨ-kʷĩti"@gui	
"pye yakro"@ram	<https://panlex.org/snapshot/panlex-20191001-csv/1573#50082794>				<https://panlex.org/snapshot/panlex-20191001-csv/1573#50082701>		"ɨwɨ-kʷĩti"@gui	
"pye yakro"@ram	<https://panlex.org/snapshot/panlex-20191001-csv/1573#50082794>				<https://panlex.org/snapshot/panlex-20191001-csv/1573#50082700>		"ɨwɨ-kui"@gui	
"pɨt"@ram	<https://panlex.org/snapshot/panlex-20191001-csv/1573#50091464>				<https://panlex.org/snapshot/panlex-20191001-csv/1573#50091383>		"kʷarasɨ"@gui	
"pɨt"@ram	<https://panlex.org/snapshot/panlex-20191001-csv/1573#50091464>				<https://panlex.org/snapshot/panlex-20191001-csv/1573#50091384>		"kʷaraɨ"@gui	
