"kɨkimɨdangan"@mta	<https://panlex.org/snapshot/panlex-20191001-csv/114#8062661>				<https://panlex.org/snapshot/panlex-20191001-csv/114#8062471>		"mattacot"@fos	
"bigkat"@mta	<https://panlex.org/snapshot/panlex-20191001-csv/114#8054004>				<https://panlex.org/snapshot/panlex-20191001-csv/114#8053804>		"mounounang"@fos	
"bigkat"@mta	<https://panlex.org/snapshot/panlex-20191001-csv/114#8054004>				<https://panlex.org/snapshot/panlex-20191001-csv/114#8053803>		"marisip"@fos	
"ukitan"@mta	<https://panlex.org/snapshot/panlex-20191001-csv/114#8054530>				<https://panlex.org/snapshot/panlex-20191001-csv/114#8054375>		"darang"@fos	
"tuqɨlan"@mta	<https://panlex.org/snapshot/panlex-20191001-csv/114#8059106>				<https://panlex.org/snapshot/panlex-20191001-csv/114#8058933>		"toural"@fos	
"bɨlad"@mta	<https://panlex.org/snapshot/panlex-20191001-csv/114#8051937>				<https://panlex.org/snapshot/panlex-20191001-csv/114#8051740>		"dadukam"@fos	
"bɨlad"@mta	<https://panlex.org/snapshot/panlex-20191001-csv/114#8051937>				<https://panlex.org/snapshot/panlex-20191001-csv/114#8051741>		"rima"@fos	
"qidung"@mta	<https://panlex.org/snapshot/panlex-20191001-csv/114#8065335>				<https://panlex.org/snapshot/panlex-20191001-csv/114#8065149>		"gungus"@fos	
"qidung"@mta	<https://panlex.org/snapshot/panlex-20191001-csv/114#8065335>				<https://panlex.org/snapshot/panlex-20191001-csv/114#8065148>		"gongos"@fos	
"qidung"@mta	<https://panlex.org/snapshot/panlex-20191001-csv/114#8065335>				<https://panlex.org/snapshot/panlex-20191001-csv/114#8065150>		"togunut"@fos	
"qidung"@mta	<https://panlex.org/snapshot/panlex-20191001-csv/114#8065335>				<https://panlex.org/snapshot/panlex-20191001-csv/114#8065147>		"gogos"@fos	
"qiyug"@mta	<https://panlex.org/snapshot/panlex-20191001-csv/114#8058038>				<https://panlex.org/snapshot/panlex-20191001-csv/114#8057865>		"kator"@fos	
"qiyug"@mta	<https://panlex.org/snapshot/panlex-20191001-csv/114#8058038>				<https://panlex.org/snapshot/panlex-20191001-csv/114#8057866>		"ricos"@fos	
"balut qulu"@mta	<https://panlex.org/snapshot/panlex-20191001-csv/114#8064774>				<https://panlex.org/snapshot/panlex-20191001-csv/114#8064596>		"vaukugh"@fos	
"balut qulu"@mta	<https://panlex.org/snapshot/panlex-20191001-csv/114#8064774>				<https://panlex.org/snapshot/panlex-20191001-csv/114#8064597>		"voukig"@fos	
"balut qulu"@mta	<https://panlex.org/snapshot/panlex-20191001-csv/114#8064774>				<https://panlex.org/snapshot/panlex-20191001-csv/114#8064595>		"bukaun"@fos	
"qatay"@mta	<https://panlex.org/snapshot/panlex-20191001-csv/114#8060070>				<https://panlex.org/snapshot/panlex-20191001-csv/114#8059900>		"dapling"@fos	
"qatay"@mta	<https://panlex.org/snapshot/panlex-20191001-csv/114#8060070>				<https://panlex.org/snapshot/panlex-20191001-csv/114#8059901>		"mauwach"@fos	
