"kɨkimɨdangan"@mta	<https://panlex.org/snapshot/panlex-20191001-csv/114#8062661>				<https://panlex.org/snapshot/panlex-20191001-csv/114#8062411>		"takutan"@bjn	
"bigkat"@mta	<https://panlex.org/snapshot/panlex-20191001-csv/114#8054004>				<https://panlex.org/snapshot/panlex-20191001-csv/114#8053730>		"bajalan"@bjn	
"ukitan"@mta	<https://panlex.org/snapshot/panlex-20191001-csv/114#8054530>				<https://panlex.org/snapshot/panlex-20191001-csv/114#8054313>		"jalan"@bjn	
"tuqɨlan"@mta	<https://panlex.org/snapshot/panlex-20191001-csv/114#8059106>				<https://panlex.org/snapshot/panlex-20191001-csv/114#8058873>		"tulang"@bjn	
"bɨlad"@mta	<https://panlex.org/snapshot/panlex-20191001-csv/114#8051937>				<https://panlex.org/snapshot/panlex-20191001-csv/114#8051667>		"tangan"@bjn	
"qidung"@mta	<https://panlex.org/snapshot/panlex-20191001-csv/114#8065335>				<https://panlex.org/snapshot/panlex-20191001-csv/114#8065078>		"hidung"@bjn	
"qiyug"@mta	<https://panlex.org/snapshot/panlex-20191001-csv/114#8058038>				<https://panlex.org/snapshot/panlex-20191001-csv/114#8057805>		"balakang"@bjn	
"balut qulu"@mta	<https://panlex.org/snapshot/panlex-20191001-csv/114#8064774>				<https://panlex.org/snapshot/panlex-20191001-csv/114#8064525>		"rambut"@bjn	
"qatay"@mta	<https://panlex.org/snapshot/panlex-20191001-csv/114#8060070>				<https://panlex.org/snapshot/panlex-20191001-csv/114#8059842>		"hati"@bjn	
