"кӱскӱ"@alt	<https://panlex.org/snapshot/panlex-20191001-csv/5946#84446109>				<https://panlex.org/snapshot/panlex-20191001-csv/5946#84446170>		"кёйэлчидивун"@eve	
"кӧрнӧш"@alt	<https://panlex.org/snapshot/panlex-20191001-csv/5946#84446110>				<https://panlex.org/snapshot/panlex-20191001-csv/5946#84446170>		"кёйэлчидивун"@eve	
"август"@alt	<https://panlex.org/snapshot/panlex-20191001-csv/5949#85329267>				<https://panlex.org/snapshot/panlex-20191001-csv/5949#85329327>		"ойчири чордакич"@eve	
"август"@alt	<https://panlex.org/snapshot/panlex-20191001-csv/5949#85329267>				<https://panlex.org/snapshot/panlex-20191001-csv/5949#85329328>		"август"@eve	
"Кӱн"@alt	<https://panlex.org/snapshot/panlex-20191001-csv/5949#85320856>				<https://panlex.org/snapshot/panlex-20191001-csv/5949#85320892>		"Нюлтэн"@eve	
"Сатурн"@alt	<https://panlex.org/snapshot/panlex-20191001-csv/2907#110846580>				<https://panlex.org/snapshot/panlex-20191001-csv/2907#110846772>		"Сатурн"@eve	
"Меркурий"@alt	<https://panlex.org/snapshot/panlex-20191001-csv/2907#110845175>				<https://panlex.org/snapshot/panlex-20191001-csv/2907#110845097>		"Меркурий"@eve	
"Нептун"@alt	<https://panlex.org/snapshot/panlex-20191001-csv/2907#110846994>				<https://panlex.org/snapshot/panlex-20191001-csv/2907#110847068>		"Нептун"@eve	
"Венера"@alt	<https://panlex.org/snapshot/panlex-20191001-csv/2907#110845348>				<https://panlex.org/snapshot/panlex-20191001-csv/2907#110845382>		"Венера"@eve	
"Хаумеа"@alt	<https://panlex.org/snapshot/panlex-20191001-csv/2907#110847405>				<https://panlex.org/snapshot/panlex-20191001-csv/2907#110847573>		"Хаумеа"@eve	
"Эрида"@alt	<https://panlex.org/snapshot/panlex-20191001-csv/2907#110847821>				<https://panlex.org/snapshot/panlex-20191001-csv/2907#110847899>		"Эрида"@eve	
"Юпитер"@alt	<https://panlex.org/snapshot/panlex-20191001-csv/2907#110846445>				<https://panlex.org/snapshot/panlex-20191001-csv/2907#110846469>		"Юпитер"@eve	
"Макемаке"@alt	<https://panlex.org/snapshot/panlex-20191001-csv/2907#110847741>				<https://panlex.org/snapshot/panlex-20191001-csv/2907#110847668>		"Макемаке"@eve	
"Јер"@alt	<https://panlex.org/snapshot/panlex-20191001-csv/2907#110845715>				<https://panlex.org/snapshot/panlex-20191001-csv/2907#110845549>		"Тур"@eve	
"Марс"@alt	<https://panlex.org/snapshot/panlex-20191001-csv/2907#110846004>				<https://panlex.org/snapshot/panlex-20191001-csv/2907#110846033>		"Марс"@eve	
"Ай"@alt	<https://panlex.org/snapshot/panlex-20191001-csv/2907#110845751>				<https://panlex.org/snapshot/panlex-20191001-csv/2907#110845749>		"Бег"@eve	
"Кӱн"@alt	<https://panlex.org/snapshot/panlex-20191001-csv/2907#110844985>				<https://panlex.org/snapshot/panlex-20191001-csv/2907#110845045>		"Нюлтэн"@eve	
"Церера"@alt	<https://panlex.org/snapshot/panlex-20191001-csv/2907#110846260>				<https://panlex.org/snapshot/panlex-20191001-csv/2907#110846283>		"Церера"@eve	
"Уран"@alt	<https://panlex.org/snapshot/panlex-20191001-csv/2907#110846973>				<https://panlex.org/snapshot/panlex-20191001-csv/2907#110846889>		"Уран"@eve	
"Плутон"@alt	<https://panlex.org/snapshot/panlex-20191001-csv/2907#110847209>				<https://panlex.org/snapshot/panlex-20191001-csv/2907#110847349>		"Плутон"@eve	
"воскресенье"@alt	<https://panlex.org/snapshot/panlex-20191001-csv/2892#110826818>				<https://panlex.org/snapshot/panlex-20191001-csv/2892#110826826>		"воскресенье"@eve	
"пятница"@alt	<https://panlex.org/snapshot/panlex-20191001-csv/2892#110826008>				<https://panlex.org/snapshot/panlex-20191001-csv/2892#110825843>		"пятница"@eve	
"суббот кӱн"@alt	<https://panlex.org/snapshot/panlex-20191001-csv/2892#110826540>				<https://panlex.org/snapshot/panlex-20191001-csv/2892#110826568>		"суббота"@eve	
"вторник"@alt	<https://panlex.org/snapshot/panlex-20191001-csv/2892#110824728>				<https://panlex.org/snapshot/panlex-20191001-csv/2892#110824509>		"вторник"@eve	
"понедельник"@alt	<https://panlex.org/snapshot/panlex-20191001-csv/2892#110824158>				<https://panlex.org/snapshot/panlex-20191001-csv/2892#110824365>		"понедельник"@eve	
"среда"@alt	<https://panlex.org/snapshot/panlex-20191001-csv/2892#110825088>				<https://panlex.org/snapshot/panlex-20191001-csv/2892#110824891>		"среда"@eve	
"четверг"@alt	<https://panlex.org/snapshot/panlex-20191001-csv/2892#110825528>				<https://panlex.org/snapshot/panlex-20191001-csv/2892#110825349>		"четверг"@eve	
"поскресен"@alt	<https://panlex.org/snapshot/panlex-20191001-csv/2892#110826716>				<https://panlex.org/snapshot/panlex-20191001-csv/2892#110826826>		"воскресенье"@eve	
"октябрь"@alt	<https://panlex.org/snapshot/panlex-20191001-csv/2897#110830806>				<https://panlex.org/snapshot/panlex-20191001-csv/2897#110830751>		"октябрь"@eve	
"октябрь"@alt	<https://panlex.org/snapshot/panlex-20191001-csv/2897#110830806>				<https://panlex.org/snapshot/panlex-20191001-csv/2897#110830821>		"ойчири билэн"@eve	
"май"@alt	<https://panlex.org/snapshot/panlex-20191001-csv/2897#110828768>				<https://panlex.org/snapshot/panlex-20191001-csv/2897#110828751>		"май"@eve	
"май"@alt	<https://panlex.org/snapshot/panlex-20191001-csv/2897#110828768>				<https://panlex.org/snapshot/panlex-20191001-csv/2897#110828939>		"эври унма"@eve	
"март"@alt	<https://panlex.org/snapshot/panlex-20191001-csv/2897#110828206>				<https://panlex.org/snapshot/panlex-20191001-csv/2897#110828116>		"март"@eve	
"март"@alt	<https://panlex.org/snapshot/panlex-20191001-csv/2897#110828206>				<https://panlex.org/snapshot/panlex-20191001-csv/2897#110828092>		"эври ечэн"@eve	
"ноябрь"@alt	<https://panlex.org/snapshot/panlex-20191001-csv/2897#110831510>				<https://panlex.org/snapshot/panlex-20191001-csv/2897#110831155>		"ноябрь"@eve	
"ноябрь"@alt	<https://panlex.org/snapshot/panlex-20191001-csv/2897#110831510>				<https://panlex.org/snapshot/panlex-20191001-csv/2897#110831275>		"ойчири ечэн"@eve	
"июль"@alt	<https://panlex.org/snapshot/panlex-20191001-csv/2897#110829633>				<https://panlex.org/snapshot/panlex-20191001-csv/2897#110829538>		"дюгани хэе"@eve	
"июль"@alt	<https://panlex.org/snapshot/panlex-20191001-csv/2897#110829633>				<https://panlex.org/snapshot/panlex-20191001-csv/2897#110829864>		"июль"@eve	
"январь"@alt	<https://panlex.org/snapshot/panlex-20191001-csv/2897#110827055>				<https://panlex.org/snapshot/panlex-20191001-csv/2897#110827387>		"тугэни хэе"@eve	
"январь"@alt	<https://panlex.org/snapshot/panlex-20191001-csv/2897#110827055>				<https://panlex.org/snapshot/panlex-20191001-csv/2897#110827297>		"январь"@eve	
"сентябрь"@alt	<https://panlex.org/snapshot/panlex-20191001-csv/2897#110830467>				<https://panlex.org/snapshot/panlex-20191001-csv/2897#110830581>		"сентябрь"@eve	
"сентябрь"@alt	<https://panlex.org/snapshot/panlex-20191001-csv/2897#110830467>				<https://panlex.org/snapshot/panlex-20191001-csv/2897#110830475>		"ойчири унма"@eve	
"июнь"@alt	<https://panlex.org/snapshot/panlex-20191001-csv/2897#110829237>				<https://panlex.org/snapshot/panlex-20191001-csv/2897#110829269>		"июнь"@eve	
"июнь"@alt	<https://panlex.org/snapshot/panlex-20191001-csv/2897#110829237>				<https://panlex.org/snapshot/panlex-20191001-csv/2897#110829271>		"эври чордакич"@eve	
"декабрь"@alt	<https://panlex.org/snapshot/panlex-20191001-csv/2897#110831664>				<https://panlex.org/snapshot/panlex-20191001-csv/2897#110831710>		"ойчири мир"@eve	
"декабрь"@alt	<https://panlex.org/snapshot/panlex-20191001-csv/2897#110831664>				<https://panlex.org/snapshot/panlex-20191001-csv/2897#110831598>		"декабрь"@eve	
"апрель"@alt	<https://panlex.org/snapshot/panlex-20191001-csv/2897#110828277>				<https://panlex.org/snapshot/panlex-20191001-csv/2897#110828509>		"эври билэн"@eve	
"апрель"@alt	<https://panlex.org/snapshot/panlex-20191001-csv/2897#110828277>				<https://panlex.org/snapshot/panlex-20191001-csv/2897#110828535>		"апрель"@eve	
"август"@alt	<https://panlex.org/snapshot/panlex-20191001-csv/2897#110830271>				<https://panlex.org/snapshot/panlex-20191001-csv/2897#110830308>		"август"@eve	
"август"@alt	<https://panlex.org/snapshot/panlex-20191001-csv/2897#110830271>				<https://panlex.org/snapshot/panlex-20191001-csv/2897#110830000>		"ойчири чордакич"@eve	
"февраль"@alt	<https://panlex.org/snapshot/panlex-20191001-csv/2897#110827718>				<https://panlex.org/snapshot/panlex-20191001-csv/2897#110827623>		"эври мир"@eve	
"февраль"@alt	<https://panlex.org/snapshot/panlex-20191001-csv/2897#110827718>				<https://panlex.org/snapshot/panlex-20191001-csv/2897#110827837>		"февраль"@eve	
