"јааш"@alt	<https://panlex.org/snapshot/panlex-20191001-csv/5946#84436223>				<https://panlex.org/snapshot/panlex-20191001-csv/5946#84436379>		"â´brr"@sms	
"јаҥмыр"@alt	<https://panlex.org/snapshot/panlex-20191001-csv/5946#84436224>				<https://panlex.org/snapshot/panlex-20191001-csv/5946#84436379>		"â´brr"@sms	
"август"@alt	<https://panlex.org/snapshot/panlex-20191001-csv/5949#85329267>				<https://panlex.org/snapshot/panlex-20191001-csv/5949#85329496>		"på´rǧǧmään"@sms	
"воскресенье"@alt	<https://panlex.org/snapshot/panlex-20191001-csv/2892#110826818>				<https://panlex.org/snapshot/panlex-20191001-csv/2892#110826650>		"pâ´sspei´vv"@sms	
"пятница"@alt	<https://panlex.org/snapshot/panlex-20191001-csv/2892#110826008>				<https://panlex.org/snapshot/panlex-20191001-csv/2892#110825988>		"piâtnâc"@sms	
"суббот кӱн"@alt	<https://panlex.org/snapshot/panlex-20191001-csv/2892#110826540>				<https://panlex.org/snapshot/panlex-20191001-csv/2892#110826308>		"sue´vet"@sms	
"вторник"@alt	<https://panlex.org/snapshot/panlex-20191001-csv/2892#110824728>				<https://panlex.org/snapshot/panlex-20191001-csv/2892#110824456>		"mââi´bargg"@sms	
"понедельник"@alt	<https://panlex.org/snapshot/panlex-20191001-csv/2892#110824158>				<https://panlex.org/snapshot/panlex-20191001-csv/2892#110824183>		"vuõssargg"@sms	
"среда"@alt	<https://panlex.org/snapshot/panlex-20191001-csv/2892#110825088>				<https://panlex.org/snapshot/panlex-20191001-csv/2892#110824878>		"seärad"@sms	
"четверг"@alt	<https://panlex.org/snapshot/panlex-20191001-csv/2892#110825528>				<https://panlex.org/snapshot/panlex-20191001-csv/2892#110825570>		"nelljdpei´vv"@sms	
"поскресен"@alt	<https://panlex.org/snapshot/panlex-20191001-csv/2892#110826716>				<https://panlex.org/snapshot/panlex-20191001-csv/2892#110826650>		"pâ´sspei´vv"@sms	
"октябрь"@alt	<https://panlex.org/snapshot/panlex-20191001-csv/2897#110830806>				<https://panlex.org/snapshot/panlex-20191001-csv/2897#110830889>		"kålggmään"@sms	
"май"@alt	<https://panlex.org/snapshot/panlex-20191001-csv/2897#110828768>				<https://panlex.org/snapshot/panlex-20191001-csv/2897#110828836>		"vue´ssmään"@sms	
"март"@alt	<https://panlex.org/snapshot/panlex-20191001-csv/2897#110828206>				<https://panlex.org/snapshot/panlex-20191001-csv/2897#110828065>		"pâ´zzlâšttammään"@sms	
"ноябрь"@alt	<https://panlex.org/snapshot/panlex-20191001-csv/2897#110831510>				<https://panlex.org/snapshot/panlex-20191001-csv/2897#110831467>		"skamm´mään"@sms	
"июль"@alt	<https://panlex.org/snapshot/panlex-20191001-csv/2897#110829633>				<https://panlex.org/snapshot/panlex-20191001-csv/2897#110829592>		"suei´nnmään"@sms	
"январь"@alt	<https://panlex.org/snapshot/panlex-20191001-csv/2897#110827055>				<https://panlex.org/snapshot/panlex-20191001-csv/2897#110827430>		"ođđee´jjmään"@sms	
"сентябрь"@alt	<https://panlex.org/snapshot/panlex-20191001-csv/2897#110830467>				<https://panlex.org/snapshot/panlex-20191001-csv/2897#110830371>		"čõhččmään"@sms	
"июнь"@alt	<https://panlex.org/snapshot/panlex-20191001-csv/2897#110829237>				<https://panlex.org/snapshot/panlex-20191001-csv/2897#110829157>		"ǩie´ssmään"@sms	
"декабрь"@alt	<https://panlex.org/snapshot/panlex-20191001-csv/2897#110831664>				<https://panlex.org/snapshot/panlex-20191001-csv/2897#110831686>		"rosttovmään"@sms	
"апрель"@alt	<https://panlex.org/snapshot/panlex-20191001-csv/2897#110828277>				<https://panlex.org/snapshot/panlex-20191001-csv/2897#110828467>		"njuhččmään"@sms	
"август"@alt	<https://panlex.org/snapshot/panlex-20191001-csv/2897#110830271>				<https://panlex.org/snapshot/panlex-20191001-csv/2897#110830081>		"på´rǧǧmään"@sms	
"февраль"@alt	<https://panlex.org/snapshot/panlex-20191001-csv/2897#110827718>				<https://panlex.org/snapshot/panlex-20191001-csv/2897#110827790>		"tä´lvvmään"@sms	
