"Франциск"@bg	<https://panlex.org/snapshot/panlex-20191001-csv/6717#111107552>				<https://panlex.org/snapshot/panlex-20191001-csv/6717#111107531>		"Francëszk"@csb	
"Бронзова епоха"@bg	<https://panlex.org/snapshot/panlex-20191001-csv/6709#111076027>				<https://panlex.org/snapshot/panlex-20191001-csv/6709#111076035>		"Epòka bronzë"@csb	
"Желязна епоха"@bg	<https://panlex.org/snapshot/panlex-20191001-csv/6709#111076124>				<https://panlex.org/snapshot/panlex-20191001-csv/6709#111076192>		"Epòka żelazła"@csb	
"Малкият принц"@bg	<https://panlex.org/snapshot/panlex-20191001-csv/6710#111083079>				<https://panlex.org/snapshot/panlex-20191001-csv/6710#111083162>		"Môłi Ksyżëc"@csb	
"кашубски"@bg	<https://panlex.org/snapshot/panlex-20191001-csv/5950#85861265>				<https://panlex.org/snapshot/panlex-20191001-csv/5950#85861266>		"kaszëbsczi"@csb	
"Европейски съюз"@bg	<https://panlex.org/snapshot/panlex-20191001-csv/5950#85858858>				<https://panlex.org/snapshot/panlex-20191001-csv/5950#85858863>		"Eùropejskô Ùnijô"@csb	
"пингвин"@bg	<https://panlex.org/snapshot/panlex-20191001-csv/5945#84408855>				<https://panlex.org/snapshot/panlex-20191001-csv/5945#84408857>		"tučňák"@csb	
"Прага"@bg	<https://panlex.org/snapshot/panlex-20191001-csv/5945#84343571>				<https://panlex.org/snapshot/panlex-20191001-csv/5945#84343576>		"Praga"@csb	
"психология"@bg	<https://panlex.org/snapshot/panlex-20191001-csv/5945#84412280>				<https://panlex.org/snapshot/panlex-20191001-csv/5945#84412285>		"psychòlogijô"@csb	
"Уикиречник"@bg	<https://panlex.org/snapshot/panlex-20191001-csv/5945#84345048>				<https://panlex.org/snapshot/panlex-20191001-csv/5945#84345052>		"Wikisłowôrz"@csb	
"Европейски съюз"@bg	<https://panlex.org/snapshot/panlex-20191001-csv/5945#84344658>				<https://panlex.org/snapshot/panlex-20191001-csv/5945#84344663>		"Eùropejskô Ùnijô"@csb	
"свиня"@bg	<https://panlex.org/snapshot/panlex-20191001-csv/5947#84916821>				<https://panlex.org/snapshot/panlex-20191001-csv/5947#84916824>		"swinia"@csb	
"гълъб"@bg	<https://panlex.org/snapshot/panlex-20191001-csv/5947#84692654>				<https://panlex.org/snapshot/panlex-20191001-csv/5947#84692656>		"gòłąb"@csb	
"ти"@bg	<https://panlex.org/snapshot/panlex-20191001-csv/5947#84871861>				<https://panlex.org/snapshot/panlex-20191001-csv/5947#84871868>		"wë"@csb	
"ти"@bg	<https://panlex.org/snapshot/panlex-20191001-csv/5947#84871861>				<https://panlex.org/snapshot/panlex-20191001-csv/5947#84871867>		"të"@csb	
"глава"@bg	<https://panlex.org/snapshot/panlex-20191001-csv/5947#84829379>				<https://panlex.org/snapshot/panlex-20191001-csv/5947#84829381>		"rozdzél"@csb	
"глава"@bg	<https://panlex.org/snapshot/panlex-20191001-csv/5947#84697243>				<https://panlex.org/snapshot/panlex-20191001-csv/5947#84697246>		"głowa"@csb	
"Дагестан"@bg	<https://panlex.org/snapshot/panlex-20191001-csv/5947#84588170>				<https://panlex.org/snapshot/panlex-20191001-csv/5947#84588172>		"Dagestan"@csb	
"пролет"@bg	<https://panlex.org/snapshot/panlex-20191001-csv/5947#84884974>				<https://panlex.org/snapshot/panlex-20191001-csv/5947#84884987>		"zymk"@csb	
"правя"@bg	<https://panlex.org/snapshot/panlex-20191001-csv/5947#84827363>				<https://panlex.org/snapshot/panlex-20191001-csv/5947#84827365>		"robic"@csb	
"Средновековие"@bg	<https://panlex.org/snapshot/panlex-20191001-csv/5947#84915720>				<https://panlex.org/snapshot/panlex-20191001-csv/5947#84915725>		"strzédnowiek"@csb	
"таблетка"@bg	<https://panlex.org/snapshot/panlex-20191001-csv/5947#84861593>				<https://panlex.org/snapshot/panlex-20191001-csv/5947#84861597>		"tabletka"@csb	
"таблетка"@bg	<https://panlex.org/snapshot/panlex-20191001-csv/5947#84861593>				<https://panlex.org/snapshot/panlex-20191001-csv/5947#84861596>		"pëla"@csb	
"Висла"@bg	<https://panlex.org/snapshot/panlex-20191001-csv/5947#84616821>				<https://panlex.org/snapshot/panlex-20191001-csv/5947#84616824>		"Wisła"@csb	
"клиничен"@bg	<https://panlex.org/snapshot/panlex-20191001-csv/5947#84719433>				<https://panlex.org/snapshot/panlex-20191001-csv/5947#84719438>		"kliniczny"@csb	
"Нидерландия"@bg	<https://panlex.org/snapshot/panlex-20191001-csv/5947#84593664>				<https://panlex.org/snapshot/panlex-20191001-csv/5947#84593671>		"Néderlandzkô"@csb	
"отивам"@bg	<https://panlex.org/snapshot/panlex-20191001-csv/5947#84706584>				<https://panlex.org/snapshot/panlex-20191001-csv/5947#84706587>		"jic"@csb	
"майка"@bg	<https://panlex.org/snapshot/panlex-20191001-csv/5947#84747297>				<https://panlex.org/snapshot/panlex-20191001-csv/5947#84747306>		"mëma"@csb	
"ние"@bg	<https://panlex.org/snapshot/panlex-20191001-csv/5947#84757280>				<https://panlex.org/snapshot/panlex-20191001-csv/5947#84757285>		"më ma"@csb	
"Азия"@bg	<https://panlex.org/snapshot/panlex-20191001-csv/5947#84583262>				<https://panlex.org/snapshot/panlex-20191001-csv/5947#84583267>		"Azëjô"@csb	
"Пасха"@bg	<https://panlex.org/snapshot/panlex-20191001-csv/5947#84615859>				<https://panlex.org/snapshot/panlex-20191001-csv/5947#84615870>		"Jastrë"@csb	
"Пасха"@bg	<https://panlex.org/snapshot/panlex-20191001-csv/5947#84615859>				<https://panlex.org/snapshot/panlex-20191001-csv/5947#84615869>		"Jastra"@csb	
"Пасха"@bg	<https://panlex.org/snapshot/panlex-20191001-csv/5947#84615859>				<https://panlex.org/snapshot/panlex-20191001-csv/5947#84615868>		"Wiôlgônoc"@csb	
"жена"@bg	<https://panlex.org/snapshot/panlex-20191001-csv/5947#84720161>				<https://panlex.org/snapshot/panlex-20191001-csv/5947#84720168>		"białka"@csb	
"жена"@bg	<https://panlex.org/snapshot/panlex-20191001-csv/5947#84919038>				<https://panlex.org/snapshot/panlex-20191001-csv/5947#84919043>		"białka"@csb	
"място"@bg	<https://panlex.org/snapshot/panlex-20191001-csv/5947#84807980>				<https://panlex.org/snapshot/panlex-20191001-csv/5947#84807982>		"pòłożenié"@csb	
"портокал"@bg	<https://panlex.org/snapshot/panlex-20191001-csv/5947#84802599>				<https://panlex.org/snapshot/panlex-20191001-csv/5947#84802602>		"apfelzyna"@csb	
"ябълка"@bg	<https://panlex.org/snapshot/panlex-20191001-csv/5947#84706695>				<https://panlex.org/snapshot/panlex-20191001-csv/5947#84706703>		"jabko"@csb	
"елмаз"@bg	<https://panlex.org/snapshot/panlex-20191001-csv/5947#84666568>				<https://panlex.org/snapshot/panlex-20191001-csv/5947#84666570>		"diamańt"@csb	
"облак"@bg	<https://panlex.org/snapshot/panlex-20191001-csv/5947#84774070>				<https://panlex.org/snapshot/panlex-20191001-csv/5947#84774073>		"blóna"@csb	
"август"@bg	<https://panlex.org/snapshot/panlex-20191001-csv/5947#84839509>				<https://panlex.org/snapshot/panlex-20191001-csv/5947#84839515>		"zélnik"@csb	
"седемте смъртни гряха"@bg	<https://panlex.org/snapshot/panlex-20191001-csv/5947#84839070>				<https://panlex.org/snapshot/panlex-20191001-csv/5947#84839075>		"sétmë nôpierszëch grzéchów"@csb	
"въздух"@bg	<https://panlex.org/snapshot/panlex-20191001-csv/5947#84806815>				<https://panlex.org/snapshot/panlex-20191001-csv/5947#84806820>		"lëft"@csb	
"Европейски съюз"@bg	<https://panlex.org/snapshot/panlex-20191001-csv/5947#84614572>				<https://panlex.org/snapshot/panlex-20191001-csv/5947#84614580>		"Eùropejskô Ùnijô"@csb	
"хан"@bg	<https://panlex.org/snapshot/panlex-20191001-csv/5947#84651131>				<https://panlex.org/snapshot/panlex-20191001-csv/5947#84651135>		"chan"@csb	
"септември"@bg	<https://panlex.org/snapshot/panlex-20191001-csv/5947#84888320>				<https://panlex.org/snapshot/panlex-20191001-csv/5947#84888330>		"séwnik"@csb	
"роден език"@bg	<https://panlex.org/snapshot/panlex-20191001-csv/5947#84711372>				<https://panlex.org/snapshot/panlex-20191001-csv/5947#84711375>		"rodnô mòwa"@csb	
"път"@bg	<https://panlex.org/snapshot/panlex-20191001-csv/5947#84671067>				<https://panlex.org/snapshot/panlex-20191001-csv/5947#84671070>		"darga"@csb	
"път"@bg	<https://panlex.org/snapshot/panlex-20191001-csv/5947#84671067>				<https://panlex.org/snapshot/panlex-20191001-csv/5947#84671072>		"drodzëszcze"@csb	
"път"@bg	<https://panlex.org/snapshot/panlex-20191001-csv/5947#84671067>				<https://panlex.org/snapshot/panlex-20191001-csv/5947#84671071>		"darżëszcze"@csb	
"Вие"@bg	<https://panlex.org/snapshot/panlex-20191001-csv/5947#84871860>				<https://panlex.org/snapshot/panlex-20191001-csv/5947#84871868>		"wë"@csb	
"Вие"@bg	<https://panlex.org/snapshot/panlex-20191001-csv/5947#84871860>				<https://panlex.org/snapshot/panlex-20191001-csv/5947#84871867>		"të"@csb	
"човек"@bg	<https://panlex.org/snapshot/panlex-20191001-csv/5947#84663102>				<https://panlex.org/snapshot/panlex-20191001-csv/5947#84663106>		"człowiek"@csb	
"гребен"@bg	<https://panlex.org/snapshot/panlex-20191001-csv/5947#84695157>				<https://panlex.org/snapshot/panlex-20191001-csv/5947#84695159>		"czosnik"@csb	
"той"@bg	<https://panlex.org/snapshot/panlex-20191001-csv/5947#84779855>				<https://panlex.org/snapshot/panlex-20191001-csv/5947#84779859>		"òn"@csb	
"Еверест"@bg	<https://panlex.org/snapshot/panlex-20191001-csv/5947#84603217>				<https://panlex.org/snapshot/panlex-20191001-csv/5947#84603223>		"Mount Everest"@csb	
"есен"@bg	<https://panlex.org/snapshot/panlex-20191001-csv/5947#84709884>				<https://panlex.org/snapshot/panlex-20191001-csv/5947#84709891>		"jeséń"@csb	
"къща"@bg	<https://panlex.org/snapshot/panlex-20191001-csv/5947#84668969>				<https://panlex.org/snapshot/panlex-20191001-csv/5947#84668974>		"chëcz"@csb	
"къща"@bg	<https://panlex.org/snapshot/panlex-20191001-csv/5947#84668969>				<https://panlex.org/snapshot/panlex-20191001-csv/5947#84668973>		"dóm"@csb	
"Украйна"@bg	<https://panlex.org/snapshot/panlex-20191001-csv/5947#84614492>				<https://panlex.org/snapshot/panlex-20191001-csv/5947#84614495>		"Ùkrajina"@csb	
"също"@bg	<https://panlex.org/snapshot/panlex-20191001-csv/5947#84833687>				<https://panlex.org/snapshot/panlex-20191001-csv/5947#84833694>		"téż"@csb	
"случай"@bg	<https://panlex.org/snapshot/panlex-20191001-csv/5947#84818300>				<https://panlex.org/snapshot/panlex-20191001-csv/5947#84818302>		"przëpôdk"@csb	
"случай"@bg	<https://panlex.org/snapshot/panlex-20191001-csv/5947#84818348>				<https://panlex.org/snapshot/panlex-20191001-csv/5947#84818350>		"przëpôdk"@csb	
"славянознание"@bg	<https://panlex.org/snapshot/panlex-20191001-csv/5947#84842553>				<https://panlex.org/snapshot/panlex-20191001-csv/5947#84842556>		"slawistika"@csb	
"да"@bg	<https://panlex.org/snapshot/panlex-20191001-csv/5947#84862203>				<https://panlex.org/snapshot/panlex-20191001-csv/5947#84862211>		"jo"@csb	
"тъмносин"@bg	<https://panlex.org/snapshot/panlex-20191001-csv/5947#84693462>				<https://panlex.org/snapshot/panlex-20191001-csv/5947#84693465>		"granatny"@csb	
"червен"@bg	<https://panlex.org/snapshot/panlex-20191001-csv/5947#84660990>				<https://panlex.org/snapshot/panlex-20191001-csv/5947#84660993>		"czerwiony"@csb	
"нищо"@bg	<https://panlex.org/snapshot/panlex-20191001-csv/5947#84764150>				<https://panlex.org/snapshot/panlex-20191001-csv/5947#84764154>		"nic"@csb	
"нищо"@bg	<https://panlex.org/snapshot/panlex-20191001-csv/5947#84764150>				<https://panlex.org/snapshot/panlex-20191001-csv/5947#84764155>		"nickò"@csb	
"нищо"@bg	<https://panlex.org/snapshot/panlex-20191001-csv/5947#84764150>				<https://panlex.org/snapshot/panlex-20191001-csv/5947#84764156>		"nick"@csb	
"Възкресение Христово"@bg	<https://panlex.org/snapshot/panlex-20191001-csv/5947#84615858>				<https://panlex.org/snapshot/panlex-20191001-csv/5947#84615870>		"Jastrë"@csb	
"Възкресение Христово"@bg	<https://panlex.org/snapshot/panlex-20191001-csv/5947#84615858>				<https://panlex.org/snapshot/panlex-20191001-csv/5947#84615869>		"Jastra"@csb	
"Възкресение Христово"@bg	<https://panlex.org/snapshot/panlex-20191001-csv/5947#84615858>				<https://panlex.org/snapshot/panlex-20191001-csv/5947#84615868>		"Wiôlgônoc"@csb	
"месец"@bg	<https://panlex.org/snapshot/panlex-20191001-csv/5947#84750566>				<https://panlex.org/snapshot/panlex-20191001-csv/5947#84750571>		"miesąc"@csb	
"значително"@bg	<https://panlex.org/snapshot/panlex-20191001-csv/5947#84882967>				<https://panlex.org/snapshot/panlex-20191001-csv/5947#84882969>		"baro"@csb	
"отстъпление"@bg	<https://panlex.org/snapshot/panlex-20191001-csv/5947#84776789>				<https://panlex.org/snapshot/panlex-20191001-csv/5947#84776791>		"òdwrót"@csb	
"Афганистан"@bg	<https://panlex.org/snapshot/panlex-20191001-csv/5947#84579107>				<https://panlex.org/snapshot/panlex-20191001-csv/5947#84579122>		"Afganistón"@csb	
"магазин"@bg	<https://panlex.org/snapshot/panlex-20191001-csv/5947#84840996>				<https://panlex.org/snapshot/panlex-20191001-csv/5947#84840999>		"przedôwniô"@csb	
"магазин"@bg	<https://panlex.org/snapshot/panlex-20191001-csv/5947#84840996>				<https://panlex.org/snapshot/panlex-20191001-csv/5947#84841000>		"króm"@csb	
"джунгла"@bg	<https://panlex.org/snapshot/panlex-20191001-csv/5947#84678020>				<https://panlex.org/snapshot/panlex-20191001-csv/5947#84678024>		"dżungla"@csb	
"бърз"@bg	<https://panlex.org/snapshot/panlex-20191001-csv/5947#84859097>				<https://panlex.org/snapshot/panlex-20191001-csv/5947#84859098>		"chùtczi"@csb	
"Полша"@bg	<https://panlex.org/snapshot/panlex-20191001-csv/5947#84607692>				<https://panlex.org/snapshot/panlex-20191001-csv/5947#84607709>		"Pòlskô"@csb	
"брадва"@bg	<https://panlex.org/snapshot/panlex-20191001-csv/5947#84867034>				<https://panlex.org/snapshot/panlex-20191001-csv/5947#84867037>		"topór"@csb	
"ден"@bg	<https://panlex.org/snapshot/panlex-20191001-csv/5947#84676216>				<https://panlex.org/snapshot/panlex-20191001-csv/5947#84676220>		"dzéń"@csb	
"очертание"@bg	<https://panlex.org/snapshot/panlex-20191001-csv/5947#84724989>				<https://panlex.org/snapshot/panlex-20191001-csv/5947#84724994>		"òbrët"@csb	
"очертание"@bg	<https://panlex.org/snapshot/panlex-20191001-csv/5947#84724989>				<https://panlex.org/snapshot/panlex-20191001-csv/5947#84724995>		"kòntur"@csb	
"очертание"@bg	<https://panlex.org/snapshot/panlex-20191001-csv/5947#84724989>				<https://panlex.org/snapshot/panlex-20191001-csv/5947#84724993>		"òbcéch"@csb	
"плаж"@bg	<https://panlex.org/snapshot/panlex-20191001-csv/5947#84796721>				<https://panlex.org/snapshot/panlex-20191001-csv/5947#84796724>		"słuńcowiszcze"@csb	
"плаж"@bg	<https://panlex.org/snapshot/panlex-20191001-csv/5947#84796721>				<https://panlex.org/snapshot/panlex-20191001-csv/5947#84796728>		"nadmòrzé"@csb	
"плаж"@bg	<https://panlex.org/snapshot/panlex-20191001-csv/5947#84796721>				<https://panlex.org/snapshot/panlex-20191001-csv/5947#84796729>		"gòłobrzég"@csb	
"плаж"@bg	<https://panlex.org/snapshot/panlex-20191001-csv/5947#84796721>				<https://panlex.org/snapshot/panlex-20191001-csv/5947#84796727>		"słónowiszcze"@csb	
"плаж"@bg	<https://panlex.org/snapshot/panlex-20191001-csv/5947#84796721>				<https://panlex.org/snapshot/panlex-20191001-csv/5947#84796725>		"zôlój"@csb	
"плаж"@bg	<https://panlex.org/snapshot/panlex-20191001-csv/5947#84796721>				<https://panlex.org/snapshot/panlex-20191001-csv/5947#84796726>		"pieglëszcze"@csb	
"Турция"@bg	<https://panlex.org/snapshot/panlex-20191001-csv/5947#84614085>				<https://panlex.org/snapshot/panlex-20191001-csv/5947#84614089>		"Tërcëjô"@csb	
"Турция"@bg	<https://panlex.org/snapshot/panlex-20191001-csv/5947#84614085>				<https://panlex.org/snapshot/panlex-20191001-csv/5947#84614090>		"Tëreckô"@csb	
"Монако"@bg	<https://panlex.org/snapshot/panlex-20191001-csv/5947#84602682>				<https://panlex.org/snapshot/panlex-20191001-csv/5947#84602684>		"Mònakò"@csb	
"съветник"@bg	<https://panlex.org/snapshot/panlex-20191001-csv/5947#84669607>				<https://panlex.org/snapshot/panlex-20191001-csv/5947#84669614>		"dorôdca"@csb	
"април"@bg	<https://panlex.org/snapshot/panlex-20191001-csv/5947#84735166>				<https://panlex.org/snapshot/panlex-20191001-csv/5947#84735171>		"łżëkwiôt"@csb	
"нос"@bg	<https://panlex.org/snapshot/panlex-20191001-csv/5947#84770587>				<https://panlex.org/snapshot/panlex-20191001-csv/5947#84770591>		"nos"@csb	
"нос"@bg	<https://panlex.org/snapshot/panlex-20191001-csv/5947#84770587>				<https://panlex.org/snapshot/panlex-20191001-csv/5947#84770590>		"kòzer"@csb	
"нос"@bg	<https://panlex.org/snapshot/panlex-20191001-csv/5947#84770587>				<https://panlex.org/snapshot/panlex-20191001-csv/5947#84770592>		"cnik"@csb	
"фантом"@bg	<https://panlex.org/snapshot/panlex-20191001-csv/5947#84672082>				<https://panlex.org/snapshot/panlex-20191001-csv/5947#84672086>		"dëch"@csb	
"читател"@bg	<https://panlex.org/snapshot/panlex-20191001-csv/5947#84662560>				<https://panlex.org/snapshot/panlex-20191001-csv/5947#84662562>		"czëtińc"@csb	
"падеж"@bg	<https://panlex.org/snapshot/panlex-20191001-csv/5947#84818323>				<https://panlex.org/snapshot/panlex-20191001-csv/5947#84818325>		"przëpôdk"@csb	
"писател"@bg	<https://panlex.org/snapshot/panlex-20191001-csv/5947#84794482>				<https://panlex.org/snapshot/panlex-20191001-csv/5947#84794486>		"pisôrz"@csb	
"абсурден"@bg	<https://panlex.org/snapshot/panlex-20191001-csv/5947#84619977>				<https://panlex.org/snapshot/panlex-20191001-csv/5947#84619980>		"bezmëslny"@csb	
"абсурден"@bg	<https://panlex.org/snapshot/panlex-20191001-csv/5947#84619977>				<https://panlex.org/snapshot/panlex-20191001-csv/5947#84619979>		"nieòbmëslny"@csb	
"абсурден"@bg	<https://panlex.org/snapshot/panlex-20191001-csv/5947#84619977>				<https://panlex.org/snapshot/panlex-20191001-csv/5947#84619982>		"absurdny"@csb	
"абсурден"@bg	<https://panlex.org/snapshot/panlex-20191001-csv/5947#84619977>				<https://panlex.org/snapshot/panlex-20191001-csv/5947#84619981>		"bezòbmëslny"@csb	
"данък"@bg	<https://panlex.org/snapshot/panlex-20191001-csv/5947#84798489>				<https://panlex.org/snapshot/panlex-20191001-csv/5947#84798491>		"pòdatk"@csb	
"комунизъм"@bg	<https://panlex.org/snapshot/panlex-20191001-csv/5947#84723128>				<https://panlex.org/snapshot/panlex-20191001-csv/5947#84723129>		"kòmùnizm"@csb	
"мир"@bg	<https://panlex.org/snapshot/panlex-20191001-csv/5947#84801264>				<https://panlex.org/snapshot/panlex-20191001-csv/5947#84801282>		"mir"@csb	
"пея"@bg	<https://panlex.org/snapshot/panlex-20191001-csv/5947#84915489>				<https://panlex.org/snapshot/panlex-20191001-csv/5947#84915495>		"spiéwac"@csb	
"чучулига"@bg	<https://panlex.org/snapshot/panlex-20191001-csv/5947#84841351>				<https://panlex.org/snapshot/panlex-20191001-csv/5947#84841353>		"skòwrónk"@csb	
"Финландия"@bg	<https://panlex.org/snapshot/panlex-20191001-csv/5947#84591052>				<https://panlex.org/snapshot/panlex-20191001-csv/5947#84591062>		"Fińskô"@csb	
"предпазливост"@bg	<https://panlex.org/snapshot/panlex-20191001-csv/5947#84783371>				<https://panlex.org/snapshot/panlex-20191001-csv/5947#84783375>		"ostróżnosc"@csb	
"предпазливост"@bg	<https://panlex.org/snapshot/panlex-20191001-csv/5947#84783371>				<https://panlex.org/snapshot/panlex-20191001-csv/5947#84783374>		"obzérnosc"@csb	
"предпазливост"@bg	<https://panlex.org/snapshot/panlex-20191001-csv/5947#84783371>				<https://panlex.org/snapshot/panlex-20191001-csv/5947#84783373>		"ostróżnota"@csb	
"бобър"@bg	<https://panlex.org/snapshot/panlex-20191001-csv/5947#84648293>				<https://panlex.org/snapshot/panlex-20191001-csv/5947#84648295>		"bòber"@csb	
"Адам"@bg	<https://panlex.org/snapshot/panlex-20191001-csv/5947#84578760>				<https://panlex.org/snapshot/panlex-20191001-csv/5947#84578766>		"Jadóm"@csb	
"Адам"@bg	<https://panlex.org/snapshot/panlex-20191001-csv/5947#84578760>				<https://panlex.org/snapshot/panlex-20191001-csv/5947#84578767>		"Adóm"@csb	
"Белгия"@bg	<https://panlex.org/snapshot/panlex-20191001-csv/5947#84584355>				<https://panlex.org/snapshot/panlex-20191001-csv/5947#84584372>		"Belgijskô"@csb	
"славистика"@bg	<https://panlex.org/snapshot/panlex-20191001-csv/5947#84842554>				<https://panlex.org/snapshot/panlex-20191001-csv/5947#84842556>		"slawistika"@csb	
"Балтийско море"@bg	<https://panlex.org/snapshot/panlex-20191001-csv/5947#84602943>				<https://panlex.org/snapshot/panlex-20191001-csv/5947#84602948>		"Bôłt"@csb	
"рицар"@bg	<https://panlex.org/snapshot/panlex-20191001-csv/5947#84831716>				<https://panlex.org/snapshot/panlex-20191001-csv/5947#84831720>		"ricérz"@csb	
"сребро"@bg	<https://panlex.org/snapshot/panlex-20191001-csv/5947#84847002>				<https://panlex.org/snapshot/panlex-20191001-csv/5947#84847011>		"strzébro"@csb	
"алея"@bg	<https://panlex.org/snapshot/panlex-20191001-csv/5947#84623876>				<https://panlex.org/snapshot/panlex-20191001-csv/5947#84623879>		"aléj"@csb	
"Люксембург"@bg	<https://panlex.org/snapshot/panlex-20191001-csv/5947#84600330>				<https://panlex.org/snapshot/panlex-20191001-csv/5947#84600333>		"Luksembùrskô"@csb	
"скот"@bg	<https://panlex.org/snapshot/panlex-20191001-csv/5947#84729976>				<https://panlex.org/snapshot/panlex-20191001-csv/5947#84729982>		"karwa"@csb	
"филм"@bg	<https://panlex.org/snapshot/panlex-20191001-csv/5947#84684764>				<https://panlex.org/snapshot/panlex-20191001-csv/5947#84684768>		"film"@csb	
"неделя"@bg	<https://panlex.org/snapshot/panlex-20191001-csv/5947#84765333>				<https://panlex.org/snapshot/panlex-20191001-csv/5947#84765340>		"niedzela"@csb	
"именителен падеж"@bg	<https://panlex.org/snapshot/panlex-20191001-csv/5947#84749800>				<https://panlex.org/snapshot/panlex-20191001-csv/5947#84749804>		"nominatiw"@csb	
"именителен падеж"@bg	<https://panlex.org/snapshot/panlex-20191001-csv/5947#84749800>				<https://panlex.org/snapshot/panlex-20191001-csv/5947#84749803>		"nazéwôcz"@csb	
"именителен падеж"@bg	<https://panlex.org/snapshot/panlex-20191001-csv/5947#84749800>				<https://panlex.org/snapshot/panlex-20191001-csv/5947#84749805>		"Nz"@csb	
"водна пара"@bg	<https://panlex.org/snapshot/panlex-20191001-csv/5947#84787739>				<https://panlex.org/snapshot/panlex-20191001-csv/5947#84787741>		"ropa"@csb	
"идиш"@bg	<https://panlex.org/snapshot/panlex-20191001-csv/5947#84710444>				<https://panlex.org/snapshot/panlex-20191001-csv/5947#84710448>		"jidisz"@csb	
"зима"@bg	<https://panlex.org/snapshot/panlex-20191001-csv/5947#84905677>				<https://panlex.org/snapshot/panlex-20191001-csv/5947#84905686>		"zëmka"@csb	
"зима"@bg	<https://panlex.org/snapshot/panlex-20191001-csv/5947#84905677>				<https://panlex.org/snapshot/panlex-20191001-csv/5947#84905688>		"zëmiszcze"@csb	
"зима"@bg	<https://panlex.org/snapshot/panlex-20191001-csv/5947#84905677>				<https://panlex.org/snapshot/panlex-20191001-csv/5947#84905687>		"zëma"@csb	
"не"@bg	<https://panlex.org/snapshot/panlex-20191001-csv/5947#84764267>				<https://panlex.org/snapshot/panlex-20191001-csv/5947#84764270>		"nié"@csb	
"мъж"@bg	<https://panlex.org/snapshot/panlex-20191001-csv/5947#84758694>				<https://panlex.org/snapshot/panlex-20191001-csv/5947#84758699>		"chłop"@csb	
"Естония"@bg	<https://panlex.org/snapshot/panlex-20191001-csv/5947#84590067>				<https://panlex.org/snapshot/panlex-20191001-csv/5947#84590071>		"Estóńskô"@csb	
"летище"@bg	<https://panlex.org/snapshot/panlex-20191001-csv/5947#84741919>				<https://panlex.org/snapshot/panlex-20191001-csv/5947#84741924>		"latawiszcze"@csb	
"летище"@bg	<https://panlex.org/snapshot/panlex-20191001-csv/5947#84741919>				<https://panlex.org/snapshot/panlex-20191001-csv/5947#84741923>		"latawiskò"@csb	
"от"@bg	<https://panlex.org/snapshot/panlex-20191001-csv/5947#84774675>				<https://panlex.org/snapshot/panlex-20191001-csv/5947#84774679>		"òd"@csb	
"Румъния"@bg	<https://panlex.org/snapshot/panlex-20191001-csv/5947#84609351>				<https://panlex.org/snapshot/panlex-20191001-csv/5947#84609353>		"Rumùńskô"@csb	
"август"@bg	<https://panlex.org/snapshot/panlex-20191001-csv/5940#81277162>				<https://panlex.org/snapshot/panlex-20191001-csv/5940#81277172>		"zélnik"@csb	
"Гърция"@bg	<https://panlex.org/snapshot/panlex-20191001-csv/5940#81279245>				<https://panlex.org/snapshot/panlex-20191001-csv/5940#81279251>		"Greckô"@csb	
"Испания"@bg	<https://panlex.org/snapshot/panlex-20191001-csv/5940#81280927>				<https://panlex.org/snapshot/panlex-20191001-csv/5940#81280935>		"Szpańskô"@csb	
"Земя"@bg	<https://panlex.org/snapshot/panlex-20191001-csv/5940#81310744>				<https://panlex.org/snapshot/panlex-20191001-csv/5940#81310751>		"Zemia"@csb	
"Европа"@bg	<https://panlex.org/snapshot/panlex-20191001-csv/5940#81279711>				<https://panlex.org/snapshot/panlex-20191001-csv/5940#81279719>		"Eùropa"@csb	
"кислород"@bg	<https://panlex.org/snapshot/panlex-20191001-csv/5940#81346910>				<https://panlex.org/snapshot/panlex-20191001-csv/5940#81346915>		"krziseń"@csb	
"ноември"@bg	<https://panlex.org/snapshot/panlex-20191001-csv/5940#81285325>				<https://panlex.org/snapshot/panlex-20191001-csv/5940#81285332>		"lëstopadnik"@csb	
"Великото Херцогство Люксембург"@bg	<https://panlex.org/snapshot/panlex-20191001-csv/5939#80845979>				<https://panlex.org/snapshot/panlex-20191001-csv/5939#80845982>		"Wiôldżé Ksyżestwò Luksembùrga"@csb	
"Evropa"@bg	<https://panlex.org/snapshot/panlex-20191001-csv/5939#80806594>				<https://panlex.org/snapshot/panlex-20191001-csv/5939#80806603>		"Eùropa"@csb	
"februari"@bg	<https://panlex.org/snapshot/panlex-20191001-csv/5939#80811203>				<https://panlex.org/snapshot/panlex-20191001-csv/5939#80811212>		"gromicznik"@csb	
"Azija"@bg	<https://panlex.org/snapshot/panlex-20191001-csv/5939#80729921>				<https://panlex.org/snapshot/panlex-20191001-csv/5939#80729928>		"Azëjô"@csb	
"Danija"@bg	<https://panlex.org/snapshot/panlex-20191001-csv/5939#80790908>				<https://panlex.org/snapshot/panlex-20191001-csv/5939#80790914>		"Dëńskô"@csb	
"dekemwri"@bg	<https://panlex.org/snapshot/panlex-20191001-csv/5939#80782931>				<https://panlex.org/snapshot/panlex-20191001-csv/5939#80782937>		"gòdnik"@csb	
"Berlin"@bg	<https://panlex.org/snapshot/panlex-20191001-csv/5939#80750933>				<https://panlex.org/snapshot/panlex-20191001-csv/5939#80750937>		"Berlëno"@csb	
"Gdinja"@bg	<https://panlex.org/snapshot/panlex-20191001-csv/5939#80830171>				<https://panlex.org/snapshot/panlex-20191001-csv/5939#80830175>		"Gdiniô"@csb	
"Ankara"@bg	<https://panlex.org/snapshot/panlex-20191001-csv/5939#80720275>				<https://panlex.org/snapshot/panlex-20191001-csv/5939#80720280>		"Ankara"@csb	
"avgust"@bg	<https://panlex.org/snapshot/panlex-20191001-csv/5939#80734577>				<https://panlex.org/snapshot/panlex-20191001-csv/5939#80734584>		"zélnik"@csb	
"Amsterdám"@bg	<https://panlex.org/snapshot/panlex-20191001-csv/5939#80717055>				<https://panlex.org/snapshot/panlex-20191001-csv/5939#80717061>		"Amsterdam"@csb	
"Gdansk"@bg	<https://panlex.org/snapshot/panlex-20191001-csv/5939#80778813>				<https://panlex.org/snapshot/panlex-20191001-csv/5939#80778820>		"Gduńsk"@csb	
"Germanija"@bg	<https://panlex.org/snapshot/panlex-20191001-csv/5939#80782656>				<https://panlex.org/snapshot/panlex-20191001-csv/5939#80782667>		"Miemieckô"@csb	
"nemski ezik"@bg	<https://panlex.org/snapshot/panlex-20191001-csv/5939#80782346>				<https://panlex.org/snapshot/panlex-20191001-csv/5939#80782354>		"miemiecczi jãzëk"@csb	
"april"@bg	<https://panlex.org/snapshot/panlex-20191001-csv/5939#80725314>				<https://panlex.org/snapshot/panlex-20191001-csv/5939#80725320>		"łżëkwiôt"@csb	
"Finlandija"@bg	<https://panlex.org/snapshot/panlex-20191001-csv/5939#80815483>				<https://panlex.org/snapshot/panlex-20191001-csv/5939#80815488>		"Fińskô"@csb	
"Ewropejski Săjus"@bg	<https://panlex.org/snapshot/panlex-20191001-csv/5939#80806956>				<https://panlex.org/snapshot/panlex-20191001-csv/5939#80806961>		"Eùropejskô Ùnijô"@csb	
"zmiòrka"@bg	<https://panlex.org/snapshot/panlex-20191001-csv/5939#80698904>				<https://panlex.org/snapshot/panlex-20191001-csv/5939#80698908>		"wãgòrz"@csb	
"калифорний"@bg	<https://panlex.org/snapshot/panlex-20191001-csv/5939#80771455>				<https://panlex.org/snapshot/panlex-20191001-csv/5939#80771460>		"kalifòrn"@csb	
"Azerbajdžan"@bg	<https://panlex.org/snapshot/panlex-20191001-csv/5939#80729689>				<https://panlex.org/snapshot/panlex-20191001-csv/5939#80729696>		"Azerbejdżan"@csb	
"Armenija"@bg	<https://panlex.org/snapshot/panlex-20191001-csv/5939#80727935>				<https://panlex.org/snapshot/panlex-20191001-csv/5939#80727942>		"Armenijö"@csb	
"огледа́ло"@bg	<https://panlex.org/snapshot/panlex-20191001-csv/5946#84446134>				<https://panlex.org/snapshot/panlex-20191001-csv/5946#84446156>		"szpédżel"@csb	
"огледа́ло"@bg	<https://panlex.org/snapshot/panlex-20191001-csv/5946#84446134>				<https://panlex.org/snapshot/panlex-20191001-csv/5946#84446157>		"zdrzadło"@csb	
"огледа́ло"@bg	<https://panlex.org/snapshot/panlex-20191001-csv/5946#84446134>				<https://panlex.org/snapshot/panlex-20191001-csv/5946#84446155>		"zwiercadło"@csb	
"дърво"@bg	<https://panlex.org/snapshot/panlex-20191001-csv/5946#84449553>				<https://panlex.org/snapshot/panlex-20191001-csv/5946#84449567>		"drzéwò"@csb	
"къща"@bg	<https://panlex.org/snapshot/panlex-20191001-csv/5946#84437220>				<https://panlex.org/snapshot/panlex-20191001-csv/5946#84437229>		"dóm"@csb	
"абажур"@bg	<https://panlex.org/snapshot/panlex-20191001-csv/5949#85326180>				<https://panlex.org/snapshot/panlex-20191001-csv/5949#85326189>		"cenidło"@csb	
"абажур"@bg	<https://panlex.org/snapshot/panlex-20191001-csv/5949#85326180>				<https://panlex.org/snapshot/panlex-20191001-csv/5949#85326190>		"cenica"@csb	
"абажур"@bg	<https://panlex.org/snapshot/panlex-20191001-csv/5949#85326180>				<https://panlex.org/snapshot/panlex-20191001-csv/5949#85326188>		"przëcemk"@csb	
"Кишинеу"@bg	<https://panlex.org/snapshot/panlex-20191001-csv/5949#85313131>				<https://panlex.org/snapshot/panlex-20191001-csv/5949#85313134>		"Kiszëniôw"@csb	
"Естония"@bg	<https://panlex.org/snapshot/panlex-20191001-csv/5949#85325741>				<https://panlex.org/snapshot/panlex-20191001-csv/5949#85325745>		"Estóńskô"@csb	
"Йерусалим"@bg	<https://panlex.org/snapshot/panlex-20191001-csv/5949#85309891>				<https://panlex.org/snapshot/panlex-20191001-csv/5949#85309904>		"Jerozolëma"@csb	
"автобус"@bg	<https://panlex.org/snapshot/panlex-20191001-csv/5949#85330475>				<https://panlex.org/snapshot/panlex-20191001-csv/5949#85330480>		"aùtobùs"@csb	
"Библия"@bg	<https://panlex.org/snapshot/panlex-20191001-csv/5949#85302648>				<https://panlex.org/snapshot/panlex-20191001-csv/5949#85302658>		"Biblëjô"@csb	
"Дагестан"@bg	<https://panlex.org/snapshot/panlex-20191001-csv/5949#85307259>				<https://panlex.org/snapshot/panlex-20191001-csv/5949#85307263>		"Dagestan"@csb	
"Кишинев"@bg	<https://panlex.org/snapshot/panlex-20191001-csv/5949#85313130>				<https://panlex.org/snapshot/panlex-20191001-csv/5949#85313134>		"Kiszëniôw"@csb	
"Финландия"@bg	<https://panlex.org/snapshot/panlex-20191001-csv/5949#85323151>				<https://panlex.org/snapshot/panlex-20191001-csv/5949#85323158>		"Fińskô"@csb	
"Португалия"@bg	<https://panlex.org/snapshot/panlex-20191001-csv/5949#85318777>				<https://panlex.org/snapshot/panlex-20191001-csv/5949#85318782>		"Pòrtugalskô"@csb	
"Берлин"@bg	<https://panlex.org/snapshot/panlex-20191001-csv/5949#85302396>				<https://panlex.org/snapshot/panlex-20191001-csv/5949#85302406>		"Berlëno"@csb	
"Гданск"@bg	<https://panlex.org/snapshot/panlex-20191001-csv/5949#85306084>				<https://panlex.org/snapshot/panlex-20191001-csv/5949#85306086>		"Gduńsk"@csb	
"Казахстан"@bg	<https://panlex.org/snapshot/panlex-20191001-csv/5949#85312055>				<https://panlex.org/snapshot/panlex-20191001-csv/5949#85312062>		"Kazachstan"@csb	
"Земя"@bg	<https://panlex.org/snapshot/panlex-20191001-csv/5949#85309512>				<https://panlex.org/snapshot/panlex-20191001-csv/5949#85309521>		"Zemia"@csb	
"Слънце"@bg	<https://panlex.org/snapshot/panlex-20191001-csv/5949#85320870>				<https://panlex.org/snapshot/panlex-20191001-csv/5949#85320879>		"Słuńce"@csb	
"Дания"@bg	<https://panlex.org/snapshot/panlex-20191001-csv/5949#85307513>				<https://panlex.org/snapshot/panlex-20191001-csv/5949#85307515>		"Dëńskô"@csb	
"Турция"@bg	<https://panlex.org/snapshot/panlex-20191001-csv/5949#85322472>				<https://panlex.org/snapshot/panlex-20191001-csv/5949#85322483>		"Tëreckô"@csb	
"август"@bg	<https://panlex.org/snapshot/panlex-20191001-csv/5949#85329290>				<https://panlex.org/snapshot/panlex-20191001-csv/5949#85329310>		"zélnik"@csb	
"Европа"@bg	<https://panlex.org/snapshot/panlex-20191001-csv/5949#85308508>				<https://panlex.org/snapshot/panlex-20191001-csv/5949#85308518>		"Eùropa"@csb	
"Рига"@bg	<https://panlex.org/snapshot/panlex-20191001-csv/5949#85319184>				<https://panlex.org/snapshot/panlex-20191001-csv/5949#85319190>		"Riga"@csb	
"Шотландия"@bg	<https://panlex.org/snapshot/panlex-20191001-csv/5949#85325199>				<https://panlex.org/snapshot/panlex-20191001-csv/5949#85325206>		"Szkòckô"@csb	
"Великден"@bg	<https://panlex.org/snapshot/panlex-20191001-csv/5949#85317845>				<https://panlex.org/snapshot/panlex-20191001-csv/5949#85317850>		"Jastrë"@csb	
"България"@bg	<https://panlex.org/snapshot/panlex-20191001-csv/5949#85303312>				<https://panlex.org/snapshot/panlex-20191001-csv/5949#85303318>		"Bùlgarskô"@csb	
"абонирам"@bg	<https://panlex.org/snapshot/panlex-20191001-csv/5949#85327476>				<https://panlex.org/snapshot/panlex-20191001-csv/5949#85327479>		"abònowac"@csb	
"Виетнам"@bg	<https://panlex.org/snapshot/panlex-20191001-csv/5949#85305529>				<https://panlex.org/snapshot/panlex-20191001-csv/5949#85305533>		"Wietnam"@csb	
"Сингапур"@bg	<https://panlex.org/snapshot/panlex-20191001-csv/5949#85320477>				<https://panlex.org/snapshot/panlex-20191001-csv/5949#85320485>		"Singapùr"@csb	
"Русия"@bg	<https://panlex.org/snapshot/panlex-20191001-csv/5949#85319414>				<https://panlex.org/snapshot/panlex-20191001-csv/5949#85319429>		"Ruskô"@csb	
"Амстердам"@bg	<https://panlex.org/snapshot/panlex-20191001-csv/5949#85299364>				<https://panlex.org/snapshot/panlex-20191001-csv/5949#85299369>		"Amsterdam"@csb	
"Кипър"@bg	<https://panlex.org/snapshot/panlex-20191001-csv/5949#85312935>				<https://panlex.org/snapshot/panlex-20191001-csv/5949#85312941>		"Cyper"@csb	
"интернет"@bg	<https://panlex.org/snapshot/panlex-20191001-csv/5949#85310277>				<https://panlex.org/snapshot/panlex-20191001-csv/5949#85310280>		"internet"@csb	
"адвокат"@bg	<https://panlex.org/snapshot/panlex-20191001-csv/5949#85333134>				<https://panlex.org/snapshot/panlex-20191001-csv/5949#85333141>		"adwokata"@csb	
"Йемен"@bg	<https://panlex.org/snapshot/panlex-20191001-csv/5949#85310966>				<https://panlex.org/snapshot/panlex-20191001-csv/5949#85310972>		"Jemen"@csb	
"Латвия"@bg	<https://panlex.org/snapshot/panlex-20191001-csv/5949#85314243>				<https://panlex.org/snapshot/panlex-20191001-csv/5949#85314255>		"Łotewskô"@csb	
"Финландия"@bg	<https://panlex.org/snapshot/panlex-20191001-csv/5943#83294079>				<https://panlex.org/snapshot/panlex-20191001-csv/5943#83294086>		"Fińskô"@csb	
"кашубски"@bg	<https://panlex.org/snapshot/panlex-20191001-csv/5943#83343707>				<https://panlex.org/snapshot/panlex-20191001-csv/5943#83343708>		"kaszëbsczi"@csb	
"март"@bg	<https://panlex.org/snapshot/panlex-20191001-csv/5943#83371793>				<https://panlex.org/snapshot/panlex-20191001-csv/5943#83371798>		"strumiannik"@csb	
"горнолужишки език"@bg	<https://panlex.org/snapshot/panlex-20191001-csv/405#13633356>				<https://panlex.org/snapshot/panlex-20191001-csv/405#13633361>		"górnołużëcczi jãzëk"@csb	
"полски език"@bg	<https://panlex.org/snapshot/panlex-20191001-csv/405#13630120>				<https://panlex.org/snapshot/panlex-20191001-csv/405#13630128>		"pòlsczi jãzëk"@csb	
"чешки език"@bg	<https://panlex.org/snapshot/panlex-20191001-csv/405#13623095>				<https://panlex.org/snapshot/panlex-20191001-csv/405#13623101>		"czesczi jãzëk"@csb	
"сръбски език"@bg	<https://panlex.org/snapshot/panlex-20191001-csv/405#13631294>				<https://panlex.org/snapshot/panlex-20191001-csv/405#13631300>		"serbsczi jãzëk"@csb	
"хърватски език"@bg	<https://panlex.org/snapshot/panlex-20191001-csv/405#13623002>				<https://panlex.org/snapshot/panlex-20191001-csv/405#13623008>		"chòrwacczi jãzëk"@csb	
"долнолужишки език"@bg	<https://panlex.org/snapshot/panlex-20191001-csv/405#13627828>				<https://panlex.org/snapshot/panlex-20191001-csv/405#13627832>		"dólnołużëcczi jãzëk"@csb	
"кашубски език"@bg	<https://panlex.org/snapshot/panlex-20191001-csv/405#13626748>				<https://panlex.org/snapshot/panlex-20191001-csv/405#13626754>		"kaszëbsczi jãzëk"@csb	
"корейски език"@bg	<https://panlex.org/snapshot/panlex-20191001-csv/405#13627131>				<https://panlex.org/snapshot/panlex-20191001-csv/405#13627137>		"kòrejańsczi jãzëk"@csb	
"Есперанто"@bg	<https://panlex.org/snapshot/panlex-20191001-csv/405#13623737>				<https://panlex.org/snapshot/panlex-20191001-csv/405#13623742>		"Esperanto"@csb	
"сърбохърватски език"@bg	<https://panlex.org/snapshot/panlex-20191001-csv/405#13631356>				<https://panlex.org/snapshot/panlex-20191001-csv/405#13631360>		"serbòchòrwacczi jãzëk"@csb	
"словашки език"@bg	<https://panlex.org/snapshot/panlex-20191001-csv/405#13631764>				<https://panlex.org/snapshot/panlex-20191001-csv/405#13631771>		"słowacczi jãzëk"@csb	
"славянски езици"@bg	<https://panlex.org/snapshot/panlex-20191001-csv/405#13631693>				<https://panlex.org/snapshot/panlex-20191001-csv/405#13631700>		"słowiańsczé jãzëczi"@csb	
"май"@bg	<https://panlex.org/snapshot/panlex-20191001-csv/9#473186>				<https://panlex.org/snapshot/panlex-20191001-csv/9#473191>		"môj"@csb	
"Азия"@bg	<https://panlex.org/snapshot/panlex-20191001-csv/9#502651>				<https://panlex.org/snapshot/panlex-20191001-csv/9#502657>		"Azëjô"@csb	
"януари"@bg	<https://panlex.org/snapshot/panlex-20191001-csv/9#477145>				<https://panlex.org/snapshot/panlex-20191001-csv/9#477149>		"stëcznik"@csb	
"януари"@bg	<https://panlex.org/snapshot/panlex-20191001-csv/9#472934>				<https://panlex.org/snapshot/panlex-20191001-csv/9#472940>		"stëcznik"@csb	
"август"@bg	<https://panlex.org/snapshot/panlex-20191001-csv/9#473414>				<https://panlex.org/snapshot/panlex-20191001-csv/9#473422>		"zélnik"@csb	
"интернет"@bg	<https://panlex.org/snapshot/panlex-20191001-csv/9#487618>				<https://panlex.org/snapshot/panlex-20191001-csv/9#487621>		"internet"@csb	
"речник"@bg	<https://panlex.org/snapshot/panlex-20191001-csv/9#474022>				<https://panlex.org/snapshot/panlex-20191001-csv/9#474028>		"słowôrz"@csb	
"Литва"@bg	<https://panlex.org/snapshot/panlex-20191001-csv/9#539759>				<https://panlex.org/snapshot/panlex-20191001-csv/9#539767>		"Lëtewskô"@csb	
"Германия"@bg	<https://panlex.org/snapshot/panlex-20191001-csv/9#474751>				<https://panlex.org/snapshot/panlex-20191001-csv/9#474760>		"Miemieckô"@csb	
"декември"@bg	<https://panlex.org/snapshot/panlex-20191001-csv/9#472854>				<https://panlex.org/snapshot/panlex-20191001-csv/9#472860>		"gòdnik"@csb	
"април"@bg	<https://panlex.org/snapshot/panlex-20191001-csv/9#473098>				<https://panlex.org/snapshot/panlex-20191001-csv/9#473105>		"łżëkwiôt"@csb	
"октомври"@bg	<https://panlex.org/snapshot/panlex-20191001-csv/9#473577>				<https://panlex.org/snapshot/panlex-20191001-csv/9#473582>		"rujan"@csb	
"Европа"@bg	<https://panlex.org/snapshot/panlex-20191001-csv/9#501087>				<https://panlex.org/snapshot/panlex-20191001-csv/9#501091>		"Eùropa"@csb	
"Дания"@bg	<https://panlex.org/snapshot/panlex-20191001-csv/9#490154>				<https://panlex.org/snapshot/panlex-20191001-csv/9#490159>		"Dëńskô"@csb	
"март"@bg	<https://panlex.org/snapshot/panlex-20191001-csv/9#473019>				<https://panlex.org/snapshot/panlex-20191001-csv/9#473026>		"strumiannik"@csb	
"Берлин"@bg	<https://panlex.org/snapshot/panlex-20191001-csv/9#496655>				<https://panlex.org/snapshot/panlex-20191001-csv/9#496660>		"Berlëno"@csb	
"Берлин"@bg	<https://panlex.org/snapshot/panlex-20191001-csv/9#496721>				<https://panlex.org/snapshot/panlex-20191001-csv/9#496726>		"Berlëno"@csb	
"Финландия"@bg	<https://panlex.org/snapshot/panlex-20191001-csv/9#484341>				<https://panlex.org/snapshot/panlex-20191001-csv/9#484345>		"Fińskô"@csb	
"девет"@bg	<https://panlex.org/snapshot/panlex-20191001-csv/9#490927>				<https://panlex.org/snapshot/panlex-20191001-csv/9#490938>		"dzewiãc"@csb	
"Европейски съюз"@bg	<https://panlex.org/snapshot/panlex-20191001-csv/9#516337>				<https://panlex.org/snapshot/panlex-20191001-csv/9#516341>		"Eùropejskô Ùnijô"@csb	
"юни"@bg	<https://panlex.org/snapshot/panlex-20191001-csv/9#473260>				<https://panlex.org/snapshot/panlex-20191001-csv/9#473267>		"czerwińc"@csb	
"словио"@bg	<https://panlex.org/snapshot/panlex-20191001-csv/9#551442>				<https://panlex.org/snapshot/panlex-20191001-csv/9#551445>		"slovio"@csb	
"юли"@bg	<https://panlex.org/snapshot/panlex-20191001-csv/9#473338>				<https://panlex.org/snapshot/panlex-20191001-csv/9#473344>		"lëpinc"@csb	
"септември"@bg	<https://panlex.org/snapshot/panlex-20191001-csv/9#473510>				<https://panlex.org/snapshot/panlex-20191001-csv/9#473515>		"séwnik"@csb	
"Албания"@bg	<https://panlex.org/snapshot/panlex-20191001-csv/12#919856>				<https://panlex.org/snapshot/panlex-20191001-csv/12#919864>		"Albańskô"@csb	
"Люксембург"@bg	<https://panlex.org/snapshot/panlex-20191001-csv/12#917911>				<https://panlex.org/snapshot/panlex-20191001-csv/12#917916>		"Luksembùrskô"@csb	
"Белгия"@bg	<https://panlex.org/snapshot/panlex-20191001-csv/12#852673>				<https://panlex.org/snapshot/panlex-20191001-csv/12#852680>		"Belgijskô"@csb	
"Русия"@bg	<https://panlex.org/snapshot/panlex-20191001-csv/12#871311>				<https://panlex.org/snapshot/panlex-20191001-csv/12#871317>		"Ruskô"@csb	
"Азия"@bg	<https://panlex.org/snapshot/panlex-20191001-csv/12#866959>				<https://panlex.org/snapshot/panlex-20191001-csv/12#866966>		"Azëjô"@csb	
"злато"@bg	<https://panlex.org/snapshot/panlex-20191001-csv/12#914888>				<https://panlex.org/snapshot/panlex-20191001-csv/12#914894>		"złoto"@csb	
"злато"@bg	<https://panlex.org/snapshot/panlex-20191001-csv/12#844070>				<https://panlex.org/snapshot/panlex-20191001-csv/12#844076>		"złoto"@csb	
"Чехия"@bg	<https://panlex.org/snapshot/panlex-20191001-csv/12#855042>				<https://panlex.org/snapshot/panlex-20191001-csv/12#855047>		"Czeskô Repùblika"@csb	
"Хърватска"@bg	<https://panlex.org/snapshot/panlex-20191001-csv/12#908273>				<https://panlex.org/snapshot/panlex-20191001-csv/12#908280>		"Chòrwackô"@csb	
"Австрия"@bg	<https://panlex.org/snapshot/panlex-20191001-csv/12#925321>				<https://panlex.org/snapshot/panlex-20191001-csv/12#925328>		"Aùstrëjackô"@csb	
"Австрия"@bg	<https://panlex.org/snapshot/panlex-20191001-csv/12#925551>				<https://panlex.org/snapshot/panlex-20191001-csv/12#925558>		"Aùstrëjackô"@csb	
"Австрия"@bg	<https://panlex.org/snapshot/panlex-20191001-csv/12#925436>				<https://panlex.org/snapshot/panlex-20191001-csv/12#925443>		"Aùstrëjackô"@csb	
"Европейски съюз"@bg	<https://panlex.org/snapshot/panlex-20191001-csv/12#905205>				<https://panlex.org/snapshot/panlex-20191001-csv/12#905210>		"Eùropejskô Ùnijô"@csb	
"Финландия"@bg	<https://panlex.org/snapshot/panlex-20191001-csv/12#852784>				<https://panlex.org/snapshot/panlex-20191001-csv/12#852790>		"Fińskô"@csb	
"математика"@bg	<https://panlex.org/snapshot/panlex-20191001-csv/2904#111023338>				<https://panlex.org/snapshot/panlex-20191001-csv/2904#111023418>		"matematika"@csb	
"лингвистика"@bg	<https://panlex.org/snapshot/panlex-20191001-csv/2904#111023135>				<https://panlex.org/snapshot/panlex-20191001-csv/2904#111023065>		"lingwistika"@csb	
"лингвистика"@bg	<https://panlex.org/snapshot/panlex-20191001-csv/2904#111023135>				<https://panlex.org/snapshot/panlex-20191001-csv/2904#111023089>		"mòwòwieda"@csb	
"биология"@bg	<https://panlex.org/snapshot/panlex-20191001-csv/2904#111022285>				<https://panlex.org/snapshot/panlex-20191001-csv/2904#111022316>		"biologijô"@csb	
"астрономия"@bg	<https://panlex.org/snapshot/panlex-20191001-csv/2904#111021979>				<https://panlex.org/snapshot/panlex-20191001-csv/2904#111022008>		"astronomijô"@csb	
"университет"@bg	<https://panlex.org/snapshot/panlex-20191001-csv/2904#111024574>				<https://panlex.org/snapshot/panlex-20191001-csv/2904#111024477>		"ùniwersytet"@csb	
"медицина"@bg	<https://panlex.org/snapshot/panlex-20191001-csv/2904#111023655>				<https://panlex.org/snapshot/panlex-20191001-csv/2904#111023596>		"medicëna"@csb	
"философия"@bg	<https://panlex.org/snapshot/panlex-20191001-csv/2904#111023813>				<https://panlex.org/snapshot/panlex-20191001-csv/2904#111023767>		"filozofijô"@csb	
"езикознание"@bg	<https://panlex.org/snapshot/panlex-20191001-csv/2904#111023082>				<https://panlex.org/snapshot/panlex-20191001-csv/2904#111023065>		"lingwistika"@csb	
"езикознание"@bg	<https://panlex.org/snapshot/panlex-20191001-csv/2904#111023082>				<https://panlex.org/snapshot/panlex-20191001-csv/2904#111023089>		"mòwòwieda"@csb	
"химия"@bg	<https://panlex.org/snapshot/panlex-20191001-csv/2904#111022381>				<https://panlex.org/snapshot/panlex-20191001-csv/2904#111022519>		"chemijô"@csb	
"архитектура"@bg	<https://panlex.org/snapshot/panlex-20191001-csv/2904#111021859>				<https://panlex.org/snapshot/panlex-20191001-csv/2904#111021709>		"architektura"@csb	
"физика"@bg	<https://panlex.org/snapshot/panlex-20191001-csv/2904#111024074>				<https://panlex.org/snapshot/panlex-20191001-csv/2904#111024101>		"fizyka"@csb	
"география"@bg	<https://panlex.org/snapshot/panlex-20191001-csv/2904#111022754>				<https://panlex.org/snapshot/panlex-20191001-csv/2904#111022649>		"geògrafijô"@csb	
"наука"@bg	<https://panlex.org/snapshot/panlex-20191001-csv/2904#111024387>				<https://panlex.org/snapshot/panlex-20191001-csv/2904#111024385>		"ùczba"@csb	
"мир"@bg	<https://panlex.org/snapshot/panlex-20191001-csv/2902#111012155>				<https://panlex.org/snapshot/panlex-20191001-csv/2902#111012019>		"mir"@csb	
"Висла"@bg	<https://panlex.org/snapshot/panlex-20191001-csv/2903#110873474>				<https://panlex.org/snapshot/panlex-20191001-csv/2903#110873521>		"Wisła"@csb	
"Жълто море"@bg	<https://panlex.org/snapshot/panlex-20191001-csv/2905#110871508>				<https://panlex.org/snapshot/panlex-20191001-csv/2905#110871591>		"Żôłti Mòrze"@csb	
"Арабско море"@bg	<https://panlex.org/snapshot/panlex-20191001-csv/2905#110868472>				<https://panlex.org/snapshot/panlex-20191001-csv/2905#110868521>		"Arabsczie Mòrze"@csb	
"Персийски залив"@bg	<https://panlex.org/snapshot/panlex-20191001-csv/2905#110870815>				<https://panlex.org/snapshot/panlex-20191001-csv/2905#110870738>		"Perskô Hôwinga"@csb	
"Червено море"@bg	<https://panlex.org/snapshot/panlex-20191001-csv/2905#110870973>				<https://panlex.org/snapshot/panlex-20191001-csv/2905#110870916>		"Czerwióne Mòrze"@csb	
"Бенгалски залив"@bg	<https://panlex.org/snapshot/panlex-20191001-csv/2905#110868885>				<https://panlex.org/snapshot/panlex-20191001-csv/2905#110868971>		"Bengalskô Hôwinga"@csb	
"Балтийско море"@bg	<https://panlex.org/snapshot/panlex-20191001-csv/2905#110868830>				<https://panlex.org/snapshot/panlex-20191001-csv/2905#110868621>		"Bôłtëcké Mòrze"@csb	
"Балтийско море"@bg	<https://panlex.org/snapshot/panlex-20191001-csv/2905#110868830>				<https://panlex.org/snapshot/panlex-20191001-csv/2905#110868773>		"Bôłtëk"@csb	
"Балтийско море"@bg	<https://panlex.org/snapshot/panlex-20191001-csv/2905#110868830>				<https://panlex.org/snapshot/panlex-20191001-csv/2905#110868669>		"Bôłt"@csb	
"Черно море"@bg	<https://panlex.org/snapshot/panlex-20191001-csv/2905#110869175>				<https://panlex.org/snapshot/panlex-20191001-csv/2905#110869120>		"Czôrne Mòrze"@csb	
"Юпитер"@bg	<https://panlex.org/snapshot/panlex-20191001-csv/2907#110846552>				<https://panlex.org/snapshot/panlex-20191001-csv/2907#110846551>		"Jupiter"@csb	
"Макемаке"@bg	<https://panlex.org/snapshot/panlex-20191001-csv/2907#110847696>				<https://panlex.org/snapshot/panlex-20191001-csv/2907#110847772>		"Makemake"@csb	
"Церера"@bg	<https://panlex.org/snapshot/panlex-20191001-csv/2907#110846204>				<https://panlex.org/snapshot/panlex-20191001-csv/2907#110846144>		"Ceres"@csb	
"Уран"@bg	<https://panlex.org/snapshot/panlex-20191001-csv/2907#110846827>				<https://panlex.org/snapshot/panlex-20191001-csv/2907#110846820>		"Ùran"@csb	
"Земя"@bg	<https://panlex.org/snapshot/panlex-20191001-csv/2907#110845623>				<https://panlex.org/snapshot/panlex-20191001-csv/2907#110845654>		"Zemia"@csb	
"Луна"@bg	<https://panlex.org/snapshot/panlex-20191001-csv/2907#110845914>				<https://panlex.org/snapshot/panlex-20191001-csv/2907#110845726>		"Miesądz"@csb	
"Слънчева система"@bg	<https://panlex.org/snapshot/panlex-20191001-csv/2907#110848256>				<https://panlex.org/snapshot/panlex-20191001-csv/2907#110848255>		"Słuńcowi ùstôw"@csb	
"Венера"@bg	<https://panlex.org/snapshot/panlex-20191001-csv/2907#110845470>				<https://panlex.org/snapshot/panlex-20191001-csv/2907#110845483>		"Wenus"@csb	
"Плутон"@bg	<https://panlex.org/snapshot/panlex-20191001-csv/2907#110847324>				<https://panlex.org/snapshot/panlex-20191001-csv/2907#110847378>		"Pluton"@csb	
"Хаумея"@bg	<https://panlex.org/snapshot/panlex-20191001-csv/2907#110847514>				<https://panlex.org/snapshot/panlex-20191001-csv/2907#110847494>		"Haumea"@csb	
"Меркурий"@bg	<https://panlex.org/snapshot/panlex-20191001-csv/2907#110845171>				<https://panlex.org/snapshot/panlex-20191001-csv/2907#110845085>		"Merkùri"@csb	
"Вселена"@bg	<https://panlex.org/snapshot/panlex-20191001-csv/2907#110849102>				<https://panlex.org/snapshot/panlex-20191001-csv/2907#110849060>		"Swiatnica"@csb	
"Нептун"@bg	<https://panlex.org/snapshot/panlex-20191001-csv/2907#110847164>				<https://panlex.org/snapshot/panlex-20191001-csv/2907#110846988>		"Neptun"@csb	
"Ерида"@bg	<https://panlex.org/snapshot/panlex-20191001-csv/2907#110847837>				<https://panlex.org/snapshot/panlex-20191001-csv/2907#110847786>		"Eris"@csb	
"Сатурн"@bg	<https://panlex.org/snapshot/panlex-20191001-csv/2907#110846698>				<https://panlex.org/snapshot/panlex-20191001-csv/2907#110846765>		"Saturna"@csb	
"Слънце"@bg	<https://panlex.org/snapshot/panlex-20191001-csv/2907#110844928>				<https://panlex.org/snapshot/panlex-20191001-csv/2907#110845039>		"Słuńce"@csb	
"Марс"@bg	<https://panlex.org/snapshot/panlex-20191001-csv/2907#110846069>				<https://panlex.org/snapshot/panlex-20191001-csv/2907#110845938>		"Mars"@csb	
"Тихи океан"@bg	<https://panlex.org/snapshot/panlex-20191001-csv/2901#110868001>				<https://panlex.org/snapshot/panlex-20191001-csv/2901#110867992>		"Pacyfik"@csb	
"Тихи океан"@bg	<https://panlex.org/snapshot/panlex-20191001-csv/2901#110868001>				<https://panlex.org/snapshot/panlex-20191001-csv/2901#110867926>		"Wiôldżi Òcean"@csb	
"Тихи океан"@bg	<https://panlex.org/snapshot/panlex-20191001-csv/2901#110868001>				<https://panlex.org/snapshot/panlex-20191001-csv/2901#110867882>		"Spòkójny Òcean"@csb	
"Арктически океан"@bg	<https://panlex.org/snapshot/panlex-20191001-csv/2901#110867351>				<https://panlex.org/snapshot/panlex-20191001-csv/2901#110867085>		"Arktikòwi Òcean"@csb	
"Арктически океан"@bg	<https://panlex.org/snapshot/panlex-20191001-csv/2901#110867351>				<https://panlex.org/snapshot/panlex-20191001-csv/2901#110867295>		"Nordowi Òcean"@csb	
"Южен полярен океан"@bg	<https://panlex.org/snapshot/panlex-20191001-csv/2901#110868379>				<https://panlex.org/snapshot/panlex-20191001-csv/2901#110868273>		"Pôłniowi Òcean"@csb	
"Индийски океан"@bg	<https://panlex.org/snapshot/panlex-20191001-csv/2901#110867835>				<https://panlex.org/snapshot/panlex-20191001-csv/2901#110867860>		"Jindijsczi Òcean"@csb	
"Атлантически океан"@bg	<https://panlex.org/snapshot/panlex-20191001-csv/2901#110867515>				<https://panlex.org/snapshot/panlex-20191001-csv/2901#110867509>		"Atlantyk"@csb	
"Атлантически океан"@bg	<https://panlex.org/snapshot/panlex-20191001-csv/2901#110867515>				<https://panlex.org/snapshot/panlex-20191001-csv/2901#110867498>		"Atlantëcczi Òcean"@csb	
"Антарктически океан"@bg	<https://panlex.org/snapshot/panlex-20191001-csv/2901#110868408>				<https://panlex.org/snapshot/panlex-20191001-csv/2901#110868273>		"Pôłniowi Òcean"@csb	
"Северен ледовит океан"@bg	<https://panlex.org/snapshot/panlex-20191001-csv/2901#110867197>				<https://panlex.org/snapshot/panlex-20191001-csv/2901#110867085>		"Arktikòwi Òcean"@csb	
"Северен ледовит океан"@bg	<https://panlex.org/snapshot/panlex-20191001-csv/2901#110867197>				<https://panlex.org/snapshot/panlex-20191001-csv/2901#110867295>		"Nordowi Òcean"@csb	
"Южен океан"@bg	<https://panlex.org/snapshot/panlex-20191001-csv/2901#110868378>				<https://panlex.org/snapshot/panlex-20191001-csv/2901#110868273>		"Pôłniowi Òcean"@csb	
"Европа"@bg	<https://panlex.org/snapshot/panlex-20191001-csv/10#604530>				<https://panlex.org/snapshot/panlex-20191001-csv/10#604538>		"Eùropa"@csb	
"Москва"@bg	<https://panlex.org/snapshot/panlex-20191001-csv/10#753774>				<https://panlex.org/snapshot/panlex-20191001-csv/10#753780>		"Mòskwa"@csb	
"Босна и Херцеговина"@bg	<https://panlex.org/snapshot/panlex-20191001-csv/10#759986>				<https://panlex.org/snapshot/panlex-20191001-csv/10#759994>		"Bòsnijô ë Hercegòwina"@csb	
"Армения"@bg	<https://panlex.org/snapshot/panlex-20191001-csv/10#759065>				<https://panlex.org/snapshot/panlex-20191001-csv/10#759072>		"Armenijö"@csb	
"България"@bg	<https://panlex.org/snapshot/panlex-20191001-csv/10#671296>				<https://panlex.org/snapshot/panlex-20191001-csv/10#671303>		"Bùlgarskô"@csb	
"Кипър"@bg	<https://panlex.org/snapshot/panlex-20191001-csv/10#760244>				<https://panlex.org/snapshot/panlex-20191001-csv/10#760251>		"Cyper"@csb	
"Австрия"@bg	<https://panlex.org/snapshot/panlex-20191001-csv/10#574336>				<https://panlex.org/snapshot/panlex-20191001-csv/10#574343>		"Aùstrëjackô"@csb	
"Литва"@bg	<https://panlex.org/snapshot/panlex-20191001-csv/10#675251>				<https://panlex.org/snapshot/panlex-20191001-csv/10#675260>		"Lëtewskô"@csb	
"Балтийско море"@bg	<https://panlex.org/snapshot/panlex-20191001-csv/10#761977>				<https://panlex.org/snapshot/panlex-20191001-csv/10#761981>		"Bôłt"@csb	
"Финландия"@bg	<https://panlex.org/snapshot/panlex-20191001-csv/10#760636>				<https://panlex.org/snapshot/panlex-20191001-csv/10#760642>		"Fińskô"@csb	
"Уикиречник"@bg	<https://panlex.org/snapshot/panlex-20191001-csv/10#571540>				<https://panlex.org/snapshot/panlex-20191001-csv/10#571544>		"Wikisłowôrz"@csb	
"Германия"@bg	<https://panlex.org/snapshot/panlex-20191001-csv/10#571786>				<https://panlex.org/snapshot/panlex-20191001-csv/10#571795>		"Miemieckô"@csb	
"mарт"@bg	<https://panlex.org/snapshot/panlex-20191001-csv/15#953253>				<https://panlex.org/snapshot/panlex-20191001-csv/15#953258>		"strumiannik"@csb	
"пея"@bg	<https://panlex.org/snapshot/panlex-20191001-csv/3776#91655722>				<https://panlex.org/snapshot/panlex-20191001-csv/3776#91655729>		"spiéwac"@csb	
"идиш"@bg	<https://panlex.org/snapshot/panlex-20191001-csv/3776#91686987>				<https://panlex.org/snapshot/panlex-20191001-csv/3776#91686991>		"jidisz"@csb	
"Европейски съюз"@bg	<https://panlex.org/snapshot/panlex-20191001-csv/3776#91598148>				<https://panlex.org/snapshot/panlex-20191001-csv/3776#91598154>		"Eùropejskô Ùnijô"@csb	
"Дания"@bg	<https://panlex.org/snapshot/panlex-20191001-csv/3776#91718664>				<https://panlex.org/snapshot/panlex-20191001-csv/3776#91718676>		"Dëńskô"@csb	
"математика"@bg	<https://panlex.org/snapshot/panlex-20191001-csv/3776#91749905>				<https://panlex.org/snapshot/panlex-20191001-csv/3776#91749917>		"matematika"@csb	
"Елба"@bg	<https://panlex.org/snapshot/panlex-20191001-csv/3776#91848338>				<https://panlex.org/snapshot/panlex-20191001-csv/3776#91848343>		"Laba"@csb	
"крава"@bg	<https://panlex.org/snapshot/panlex-20191001-csv/3776#91683850>				<https://panlex.org/snapshot/panlex-20191001-csv/3776#91683870>		"karwa"@csb	
"Рождество Христово"@bg	<https://panlex.org/snapshot/panlex-20191001-csv/3776#91754821>				<https://panlex.org/snapshot/panlex-20191001-csv/3776#91754827>		"Gòdé"@csb	
"събота"@bg	<https://panlex.org/snapshot/panlex-20191001-csv/3776#91702397>				<https://panlex.org/snapshot/panlex-20191001-csv/3776#91702407>		"sobòta"@csb	
"сестра"@bg	<https://panlex.org/snapshot/panlex-20191001-csv/3776#91655881>				<https://panlex.org/snapshot/panlex-20191001-csv/3776#91655883>		"sostra"@csb	
"кола"@bg	<https://panlex.org/snapshot/panlex-20191001-csv/3776#91583167>				<https://panlex.org/snapshot/panlex-20191001-csv/3776#91583174>		"aùto"@csb	
"лед"@bg	<https://panlex.org/snapshot/panlex-20191001-csv/3776#91607850>				<https://panlex.org/snapshot/panlex-20191001-csv/3776#91607864>		"lód"@csb	
"глава"@bg	<https://panlex.org/snapshot/panlex-20191001-csv/3776#91655188>				<https://panlex.org/snapshot/panlex-20191001-csv/3776#91655208>		"głowa"@csb	
"вечер"@bg	<https://panlex.org/snapshot/panlex-20191001-csv/3776#91696129>				<https://panlex.org/snapshot/panlex-20191001-csv/3776#91696138>		"wieczer"@csb	
"четвъртък"@bg	<https://panlex.org/snapshot/panlex-20191001-csv/3776#91702130>				<https://panlex.org/snapshot/panlex-20191001-csv/3776#91702141>		"czwôrtk"@csb	
"cняг"@bg	<https://panlex.org/snapshot/panlex-20191001-csv/3776#91631918>				<https://panlex.org/snapshot/panlex-20191001-csv/3776#91631930>		"snieg"@csb	
"смърт"@bg	<https://panlex.org/snapshot/panlex-20191001-csv/3776#91695676>				<https://panlex.org/snapshot/panlex-20191001-csv/3776#91695690>		"smierc"@csb	
"прилагателно име"@bg	<https://panlex.org/snapshot/panlex-20191001-csv/3776#91679666>				<https://panlex.org/snapshot/panlex-20191001-csv/3776#91679674>		"przëdownik"@csb	
"февруари"@bg	<https://panlex.org/snapshot/panlex-20191001-csv/3776#91701434>				<https://panlex.org/snapshot/panlex-20191001-csv/3776#91701443>		"gromicznik"@csb	
"кехлибар"@bg	<https://panlex.org/snapshot/panlex-20191001-csv/3776#91831273>				<https://panlex.org/snapshot/panlex-20191001-csv/3776#91831277>		"bùrsztin"@csb	
"кехлибар"@bg	<https://panlex.org/snapshot/panlex-20191001-csv/3776#91831273>				<https://panlex.org/snapshot/panlex-20191001-csv/3776#91831276>		"jantôr"@csb	
"Уикиречник"@bg	<https://panlex.org/snapshot/panlex-20191001-csv/3776#91767291>				<https://panlex.org/snapshot/panlex-20191001-csv/3776#91767294>		"Wikisłowôrz"@csb	
"лято"@bg	<https://panlex.org/snapshot/panlex-20191001-csv/3776#91667670>				<https://panlex.org/snapshot/panlex-20191001-csv/3776#91667676>		"lato"@csb	
"актриса"@bg	<https://panlex.org/snapshot/panlex-20191001-csv/3776#91737722>				<https://panlex.org/snapshot/panlex-20191001-csv/3776#91737726>		"teatrownica"@csb	
"Гданск"@bg	<https://panlex.org/snapshot/panlex-20191001-csv/11#803940>				<https://panlex.org/snapshot/panlex-20191001-csv/11#803943>		"Gduńsk"@csb	
"април"@bg	<https://panlex.org/snapshot/panlex-20191001-csv/11#792889>				<https://panlex.org/snapshot/panlex-20191001-csv/11#792893>		"łżëkwiôt"@csb	
"май"@bg	<https://panlex.org/snapshot/panlex-20191001-csv/11#795956>				<https://panlex.org/snapshot/panlex-20191001-csv/11#795961>		"môj"@csb	
"февруари"@bg	<https://panlex.org/snapshot/panlex-20191001-csv/11#797987>				<https://panlex.org/snapshot/panlex-20191001-csv/11#797992>		"gromicznik"@csb	
"януари"@bg	<https://panlex.org/snapshot/panlex-20191001-csv/11#788946>				<https://panlex.org/snapshot/panlex-20191001-csv/11#788952>		"stëcznik"@csb	
"Великден"@bg	<https://panlex.org/snapshot/panlex-20191001-csv/11#799245>				<https://panlex.org/snapshot/panlex-20191001-csv/11#799250>		"Jastrë"@csb	
"март"@bg	<https://panlex.org/snapshot/panlex-20191001-csv/11#788992>				<https://panlex.org/snapshot/panlex-20191001-csv/11#788999>		"strumiannik"@csb	
"захар"@bg	<https://panlex.org/snapshot/panlex-20191001-csv/11#797344>				<https://panlex.org/snapshot/panlex-20191001-csv/11#797350>		"cëczér"@csb	
"август"@bg	<https://panlex.org/snapshot/panlex-20191001-csv/11#792496>				<https://panlex.org/snapshot/panlex-20191001-csv/11#792500>		"zélnik"@csb	
"алкохол"@bg	<https://panlex.org/snapshot/panlex-20191001-csv/11#801265>				<https://panlex.org/snapshot/panlex-20191001-csv/11#801268>		"alkòhòl"@csb	
"автобус"@bg	<https://panlex.org/snapshot/panlex-20191001-csv/11#790916>				<https://panlex.org/snapshot/panlex-20191001-csv/11#790918>		"aùtobùs"@csb	
"къща"@bg	<https://panlex.org/snapshot/panlex-20191001-csv/11#788322>				<https://panlex.org/snapshot/panlex-20191001-csv/11#788327>		"dóm"@csb	
"вторник"@bg	<https://panlex.org/snapshot/panlex-20191001-csv/11#794201>				<https://panlex.org/snapshot/panlex-20191001-csv/11#794207>		"wtórk"@csb	
"злато"@bg	<https://panlex.org/snapshot/panlex-20191001-csv/13#945775>				<https://panlex.org/snapshot/panlex-20191001-csv/13#945781>		"złoto"@csb	
"йод"@bg	<https://panlex.org/snapshot/panlex-20191001-csv/2893#110994724>				<https://panlex.org/snapshot/panlex-20191001-csv/2893#110994743>		"jód"@csb	
"кислород"@bg	<https://panlex.org/snapshot/panlex-20191001-csv/2893#110990389>				<https://panlex.org/snapshot/panlex-20191001-csv/2893#110990390>		"krziseń"@csb	
"платина"@bg	<https://panlex.org/snapshot/panlex-20191001-csv/2893#110995123>				<https://panlex.org/snapshot/panlex-20191001-csv/2893#110995012>		"platina"@csb	
"фосфор"@bg	<https://panlex.org/snapshot/panlex-20191001-csv/2893#110991755>				<https://panlex.org/snapshot/panlex-20191001-csv/2893#110991765>		"fòsfòr"@csb	
"хелий"@bg	<https://panlex.org/snapshot/panlex-20191001-csv/2893#110989617>				<https://panlex.org/snapshot/panlex-20191001-csv/2893#110989513>		"él"@csb	
"бор"@bg	<https://panlex.org/snapshot/panlex-20191001-csv/2893#110989728>				<https://panlex.org/snapshot/panlex-20191001-csv/2893#110989753>		"bòr"@csb	
"злато"@bg	<https://panlex.org/snapshot/panlex-20191001-csv/2893#110995276>				<https://panlex.org/snapshot/panlex-20191001-csv/2893#110995215>		"złoto"@csb	
"уран"@bg	<https://panlex.org/snapshot/panlex-20191001-csv/2893#110995893>				<https://panlex.org/snapshot/panlex-20191001-csv/2893#110995911>		"ùran"@csb	
"азот"@bg	<https://panlex.org/snapshot/panlex-20191001-csv/2893#110990065>				<https://panlex.org/snapshot/panlex-20191001-csv/2893#110990100>		"tãcheń"@csb	
"неон"@bg	<https://panlex.org/snapshot/panlex-20191001-csv/2893#110990832>				<https://panlex.org/snapshot/panlex-20191001-csv/2893#110990860>		"néón"@csb	
"олово"@bg	<https://panlex.org/snapshot/panlex-20191001-csv/2893#110995722>				<https://panlex.org/snapshot/panlex-20191001-csv/2893#110995666>		"òłów"@csb	
"волфрам"@bg	<https://panlex.org/snapshot/panlex-20191001-csv/2893#110994863>				<https://panlex.org/snapshot/panlex-20191001-csv/2893#110994778>		"wòlfram"@csb	
"въглерод"@bg	<https://panlex.org/snapshot/panlex-20191001-csv/2893#110989955>				<https://panlex.org/snapshot/panlex-20191001-csv/2893#110989985>		"wãdźel"@csb	
"бром"@bg	<https://panlex.org/snapshot/panlex-20191001-csv/2893#110993889>				<https://panlex.org/snapshot/panlex-20191001-csv/2893#110993870>		"bróm"@csb	
"калай"@bg	<https://panlex.org/snapshot/panlex-20191001-csv/2893#110994201>				<https://panlex.org/snapshot/panlex-20191001-csv/2893#110994171>		"cëna"@csb	
"никел"@bg	<https://panlex.org/snapshot/panlex-20191001-csv/2893#110993122>				<https://panlex.org/snapshot/panlex-20191001-csv/2893#110993036>		"nikel"@csb	
"хлор"@bg	<https://panlex.org/snapshot/panlex-20191001-csv/2893#110992187>				<https://panlex.org/snapshot/panlex-20191001-csv/2893#110992180>		"chlor"@csb	
"флуор"@bg	<https://panlex.org/snapshot/panlex-20191001-csv/2893#110990664>				<https://panlex.org/snapshot/panlex-20191001-csv/2893#110990558>		"fluòr"@csb	
"периодична система"@bg	<https://panlex.org/snapshot/panlex-20191001-csv/2893#110989183>				<https://panlex.org/snapshot/panlex-20191001-csv/2893#110989133>		"cządowi ùstôw"@csb	
"арсен"@bg	<https://panlex.org/snapshot/panlex-20191001-csv/2893#110993633>				<https://panlex.org/snapshot/panlex-20191001-csv/2893#110993687>		"arsén"@csb	
"калий"@bg	<https://panlex.org/snapshot/panlex-20191001-csv/2893#110992398>				<https://panlex.org/snapshot/panlex-20191001-csv/2893#110992366>		"kali"@csb	
"желязо"@bg	<https://panlex.org/snapshot/panlex-20191001-csv/2893#110992680>				<https://panlex.org/snapshot/panlex-20191001-csv/2893#110992694>		"żelazło"@csb	
"кобалт"@bg	<https://panlex.org/snapshot/panlex-20191001-csv/2893#110992864>				<https://panlex.org/snapshot/panlex-20191001-csv/2893#110992832>		"kabalt"@csb	
"бакър"@bg	<https://panlex.org/snapshot/panlex-20191001-csv/2893#110993179>				<https://panlex.org/snapshot/panlex-20191001-csv/2893#110993287>		"kòper"@csb	
"мед"@bg	<https://panlex.org/snapshot/panlex-20191001-csv/2893#110993364>				<https://panlex.org/snapshot/panlex-20191001-csv/2893#110993287>		"kòper"@csb	
"антимон"@bg	<https://panlex.org/snapshot/panlex-20191001-csv/2893#110994467>				<https://panlex.org/snapshot/panlex-20191001-csv/2893#110994488>		"antimón"@csb	
"силиций"@bg	<https://panlex.org/snapshot/panlex-20191001-csv/2893#110991574>				<https://panlex.org/snapshot/panlex-20191001-csv/2893#110991608>		"krzém"@csb	
"сяра"@bg	<https://panlex.org/snapshot/panlex-20191001-csv/2893#110991962>				<https://panlex.org/snapshot/panlex-20191001-csv/2893#110991874>		"sarka"@csb	
"алуминий"@bg	<https://panlex.org/snapshot/panlex-20191001-csv/2893#110991274>				<https://panlex.org/snapshot/panlex-20191001-csv/2893#110991268>		"aluminijô"@csb	
"живак"@bg	<https://panlex.org/snapshot/panlex-20191001-csv/2893#110995491>				<https://panlex.org/snapshot/panlex-20191001-csv/2893#110995403>		"tãź"@csb	
"магнезий"@bg	<https://panlex.org/snapshot/panlex-20191001-csv/2893#110991168>				<https://panlex.org/snapshot/panlex-20191001-csv/2893#110991064>		"magnéz"@csb	
"калций"@bg	<https://panlex.org/snapshot/panlex-20191001-csv/2893#110992470>				<https://panlex.org/snapshot/panlex-20191001-csv/2893#110992407>		"kalcéń"@csb	
"водород"@bg	<https://panlex.org/snapshot/panlex-20191001-csv/2893#110989322>				<https://panlex.org/snapshot/panlex-20191001-csv/2893#110989389>		"wòdzyk"@csb	
"цинк"@bg	<https://panlex.org/snapshot/panlex-20191001-csv/2893#110993491>				<https://panlex.org/snapshot/panlex-20191001-csv/2893#110993476>		"cynk"@csb	
"сребро"@bg	<https://panlex.org/snapshot/panlex-20191001-csv/2893#110994105>				<https://panlex.org/snapshot/panlex-20191001-csv/2893#110994000>		"strzébro"@csb	
"натрий"@bg	<https://panlex.org/snapshot/panlex-20191001-csv/2893#110990905>				<https://panlex.org/snapshot/panlex-20191001-csv/2893#110991011>		"natrijô"@csb	
"ЕС"@bg	<https://panlex.org/snapshot/panlex-20191001-csv/2894#111100144>				<https://panlex.org/snapshot/panlex-20191001-csv/2894#111100384>		"Eùropejskô Ùnijô"@csb	
"Европейски съюз"@bg	<https://panlex.org/snapshot/panlex-20191001-csv/2894#111100380>				<https://panlex.org/snapshot/panlex-20191001-csv/2894#111100384>		"Eùropejskô Ùnijô"@csb	
"Общност на независимите държави"@bg	<https://panlex.org/snapshot/panlex-20191001-csv/2894#111099841>				<https://panlex.org/snapshot/panlex-20191001-csv/2894#111099961>		"ZSP"@csb	
"Общност на независимите държави"@bg	<https://panlex.org/snapshot/panlex-20191001-csv/2894#111099841>				<https://panlex.org/snapshot/panlex-20191001-csv/2894#111099848>		"Zrzesznica Samòstójnëch Państw"@csb	
"понеделник"@bg	<https://panlex.org/snapshot/panlex-20191001-csv/2892#110824133>				<https://panlex.org/snapshot/panlex-20191001-csv/2892#110824036>		"pòniedzôłk"@csb	
"петък"@bg	<https://panlex.org/snapshot/panlex-20191001-csv/2892#110825849>				<https://panlex.org/snapshot/panlex-20191001-csv/2892#110825710>		"piątk"@csb	
"неделя"@bg	<https://panlex.org/snapshot/panlex-20191001-csv/2892#110826626>				<https://panlex.org/snapshot/panlex-20191001-csv/2892#110826989>		"niedzela"@csb	
"събота"@bg	<https://panlex.org/snapshot/panlex-20191001-csv/2892#110826396>				<https://panlex.org/snapshot/panlex-20191001-csv/2892#110826379>		"sobòta"@csb	
"сряда"@bg	<https://panlex.org/snapshot/panlex-20191001-csv/2892#110824926>				<https://panlex.org/snapshot/panlex-20191001-csv/2892#110825214>		"strzoda"@csb	
"вторник"@bg	<https://panlex.org/snapshot/panlex-20191001-csv/2892#110824520>				<https://panlex.org/snapshot/panlex-20191001-csv/2892#110824435>		"wtórk"@csb	
"четвъртък"@bg	<https://panlex.org/snapshot/panlex-20191001-csv/2892#110825520>				<https://panlex.org/snapshot/panlex-20191001-csv/2892#110825662>		"czwiôrtk"@csb	
"март"@bg	<https://panlex.org/snapshot/panlex-20191001-csv/2897#110827973>				<https://panlex.org/snapshot/panlex-20191001-csv/2897#110828123>		"strëmiannik"@csb	
"април"@bg	<https://panlex.org/snapshot/panlex-20191001-csv/2897#110828643>				<https://panlex.org/snapshot/panlex-20191001-csv/2897#110828573>		"łżëkwiôt"@csb	
"октомври"@bg	<https://panlex.org/snapshot/panlex-20191001-csv/2897#110830824>				<https://panlex.org/snapshot/panlex-20191001-csv/2897#110830883>		"rujan"@csb	
"януари"@bg	<https://panlex.org/snapshot/panlex-20191001-csv/2897#110827427>				<https://panlex.org/snapshot/panlex-20191001-csv/2897#110827259>		"stëcznik"@csb	
"септември"@bg	<https://panlex.org/snapshot/panlex-20191001-csv/2897#110830679>				<https://panlex.org/snapshot/panlex-20191001-csv/2897#110830455>		"séwnik"@csb	
"август"@bg	<https://panlex.org/snapshot/panlex-20191001-csv/2897#110830169>				<https://panlex.org/snapshot/panlex-20191001-csv/2897#110830164>		"zélnik"@csb	
"декември"@bg	<https://panlex.org/snapshot/panlex-20191001-csv/2897#110831813>				<https://panlex.org/snapshot/panlex-20191001-csv/2897#110831610>		"gòdnik"@csb	
"ноември"@bg	<https://panlex.org/snapshot/panlex-20191001-csv/2897#110831517>				<https://panlex.org/snapshot/panlex-20191001-csv/2897#110831411>		"lëstopadnik"@csb	
"февруари"@bg	<https://panlex.org/snapshot/panlex-20191001-csv/2897#110827493>				<https://panlex.org/snapshot/panlex-20191001-csv/2897#110827474>		"gromicznik"@csb	
"юли"@bg	<https://panlex.org/snapshot/panlex-20191001-csv/2897#110829612>				<https://panlex.org/snapshot/panlex-20191001-csv/2897#110829669>		"lëpińc"@csb	
"юни"@bg	<https://panlex.org/snapshot/panlex-20191001-csv/2897#110829126>				<https://panlex.org/snapshot/panlex-20191001-csv/2897#110829212>		"czerwińc"@csb	
"май"@bg	<https://panlex.org/snapshot/panlex-20191001-csv/2897#110828812>				<https://panlex.org/snapshot/panlex-20191001-csv/2897#110828761>		"môj"@csb	
"Антарктида"@bg	<https://panlex.org/snapshot/panlex-20191001-csv/2891#110853607>				<https://panlex.org/snapshot/panlex-20191001-csv/2891#110853655>		"Antarktida"@csb	
"Азия"@bg	<https://panlex.org/snapshot/panlex-20191001-csv/2891#110853857>				<https://panlex.org/snapshot/panlex-20191001-csv/2891#110853982>		"Azëjô"@csb	
"Америка"@bg	<https://panlex.org/snapshot/panlex-20191001-csv/2891#110853507>				<https://panlex.org/snapshot/panlex-20191001-csv/2891#110853456>		"Amerika"@csb	
"Африка"@bg	<https://panlex.org/snapshot/panlex-20191001-csv/2891#110853229>				<https://panlex.org/snapshot/panlex-20191001-csv/2891#110853191>		"Afrika"@csb	
"Европа"@bg	<https://panlex.org/snapshot/panlex-20191001-csv/2891#110854169>				<https://panlex.org/snapshot/panlex-20191001-csv/2891#110854066>		"Eùropa"@csb	
"Океания"@bg	<https://panlex.org/snapshot/panlex-20191001-csv/2891#110854371>				<https://panlex.org/snapshot/panlex-20191001-csv/2891#110854546>		"Òceaniô"@csb	
"Анди"@bg	<https://panlex.org/snapshot/panlex-20191001-csv/2896#110866007>				<https://panlex.org/snapshot/panlex-20191001-csv/2896#110866036>		"Andë"@csb	
"Хималаи"@bg	<https://panlex.org/snapshot/panlex-20191001-csv/2896#110866602>				<https://panlex.org/snapshot/panlex-20191001-csv/2896#110866537>		"Himalaje"@csb	
"Алпи"@bg	<https://panlex.org/snapshot/panlex-20191001-csv/2896#110865849>				<https://panlex.org/snapshot/panlex-20191001-csv/2896#110865896>		"Alpë"@csb	
"Кавказ"@bg	<https://panlex.org/snapshot/panlex-20191001-csv/2896#110866241>				<https://panlex.org/snapshot/panlex-20191001-csv/2896#110866240>		"Kaùkaz"@csb	
