"Испания"@bg	<https://panlex.org/snapshot/panlex-20191001-csv/6898#113594505>				<https://panlex.org/snapshot/panlex-20191001-csv/6898#113594456>		"Sipeyini"@lg	
"Гватемала"@bg	<https://panlex.org/snapshot/panlex-20191001-csv/6898#113600494>				<https://panlex.org/snapshot/panlex-20191001-csv/6898#113600407>		"Gwatemala"@lg	
"Боливия"@bg	<https://panlex.org/snapshot/panlex-20191001-csv/6898#113609719>				<https://panlex.org/snapshot/panlex-20191001-csv/6898#113609709>		"Boliviya"@lg	
"Папуа-Нова Гвинея"@bg	<https://panlex.org/snapshot/panlex-20191001-csv/6898#113614909>				<https://panlex.org/snapshot/panlex-20191001-csv/6898#113614906>		"Papwa Nyugini"@lg	
"Соломонови острови"@bg	<https://panlex.org/snapshot/panlex-20191001-csv/6898#113602431>				<https://panlex.org/snapshot/panlex-20191001-csv/6898#113602440>		"Bizanga by’eSolomooni"@lg	
"Китай"@bg	<https://panlex.org/snapshot/panlex-20191001-csv/6898#113613937>				<https://panlex.org/snapshot/panlex-20191001-csv/6898#113614096>		"Cayina"@lg	
"Централноафриканска република"@bg	<https://panlex.org/snapshot/panlex-20191001-csv/6898#113591464>				<https://panlex.org/snapshot/panlex-20191001-csv/6898#113591335>		"Lipubulika eya Senturafiriki"@lg	
"Бруней Даруссалам"@bg	<https://panlex.org/snapshot/panlex-20191001-csv/6898#113615981>				<https://panlex.org/snapshot/panlex-20191001-csv/6898#113616066>		"Burunayi"@lg	
"Португалия"@bg	<https://panlex.org/snapshot/panlex-20191001-csv/6898#113628679>				<https://panlex.org/snapshot/panlex-20191001-csv/6898#113628713>		"Potugaali"@lg	
"Обединеното кралство"@bg	<https://panlex.org/snapshot/panlex-20191001-csv/6898#113592486>				<https://panlex.org/snapshot/panlex-20191001-csv/6898#113592400>		"Bungereza"@lg	
"Гаяна"@bg	<https://panlex.org/snapshot/panlex-20191001-csv/6898#113628058>				<https://panlex.org/snapshot/panlex-20191001-csv/6898#113628068>		"Gayana"@lg	
"Босна и Херцеговина"@bg	<https://panlex.org/snapshot/panlex-20191001-csv/6898#113596732>				<https://panlex.org/snapshot/panlex-20191001-csv/6898#113596759>		"Boziniya Hezegovina"@lg	
"Латвия"@bg	<https://panlex.org/snapshot/panlex-20191001-csv/6898#113584927>				<https://panlex.org/snapshot/panlex-20191001-csv/6898#113584973>		"Lativya"@lg	
"Коста Рика"@bg	<https://panlex.org/snapshot/panlex-20191001-csv/6898#113598497>				<https://panlex.org/snapshot/panlex-20191001-csv/6898#113598450>		"Kosita Rika"@lg	
"Бермуда"@bg	<https://panlex.org/snapshot/panlex-20191001-csv/6898#113607383>				<https://panlex.org/snapshot/panlex-20191001-csv/6898#113607300>		"Beremuda"@lg	
"Екваториална Гвинея"@bg	<https://panlex.org/snapshot/panlex-20191001-csv/6898#113633894>				<https://panlex.org/snapshot/panlex-20191001-csv/6898#113633951>		"Gayana ey’oku ekweta"@lg	
"Малдиви"@bg	<https://panlex.org/snapshot/panlex-20191001-csv/6898#113641750>				<https://panlex.org/snapshot/panlex-20191001-csv/6898#113641776>		"Bizinga by’eMalidive"@lg	
"Сейнт Китс и Невис"@bg	<https://panlex.org/snapshot/panlex-20191001-csv/6898#113634369>				<https://panlex.org/snapshot/panlex-20191001-csv/6898#113634367>		"Senti Kitisi ne Nevisi"@lg	
"Танзания"@bg	<https://panlex.org/snapshot/panlex-20191001-csv/6898#113627802>				<https://panlex.org/snapshot/panlex-20191001-csv/6898#113627710>		"Tanzaniya"@lg	
"Конго (Република)"@bg	<https://panlex.org/snapshot/panlex-20191001-csv/6898#113599075>				<https://panlex.org/snapshot/panlex-20191001-csv/6898#113599038>		"Kongo"@lg	
"Северни Мариански острови"@bg	<https://panlex.org/snapshot/panlex-20191001-csv/6898#113635583>				<https://panlex.org/snapshot/panlex-20191001-csv/6898#113635421>		"Bizinga bya Mariyana eby’omumambuka"@lg	
"Монако"@bg	<https://panlex.org/snapshot/panlex-20191001-csv/6898#113600300>				<https://panlex.org/snapshot/panlex-20191001-csv/6898#113600205>		"Monako"@lg	
"Гана"@bg	<https://panlex.org/snapshot/panlex-20191001-csv/6898#113645460>				<https://panlex.org/snapshot/panlex-20191001-csv/6898#113645433>		"Gana"@lg	
"Чешка република"@bg	<https://panlex.org/snapshot/panlex-20191001-csv/6898#113619632>				<https://panlex.org/snapshot/panlex-20191001-csv/6898#113619616>		"Lipubulika ya Ceeka"@lg	
"Хърватия"@bg	<https://panlex.org/snapshot/panlex-20191001-csv/6898#113623247>				<https://panlex.org/snapshot/panlex-20191001-csv/6898#113623287>		"Kurowesya"@lg	
"Фиджи"@bg	<https://panlex.org/snapshot/panlex-20191001-csv/6898#113630009>				<https://panlex.org/snapshot/panlex-20191001-csv/6898#113629917>		"Fiji"@lg	
"Шри Ланка"@bg	<https://panlex.org/snapshot/panlex-20191001-csv/6898#113609294>				<https://panlex.org/snapshot/panlex-20191001-csv/6898#113609311>		"Sirilanka"@lg	
"Русия"@bg	<https://panlex.org/snapshot/panlex-20191001-csv/6898#113645930>				<https://panlex.org/snapshot/panlex-20191001-csv/6898#113645963>		"Lasa"@lg	
"Индия"@bg	<https://panlex.org/snapshot/panlex-20191001-csv/6898#113616920>				<https://panlex.org/snapshot/panlex-20191001-csv/6898#113616858>		"Buyindi"@lg	
"Американски Вирджински острови"@bg	<https://panlex.org/snapshot/panlex-20191001-csv/6898#113587786>				<https://panlex.org/snapshot/panlex-20191001-csv/6898#113587793>		"Bizinga bya Virigini eby’Amerika"@lg	
"Ангола"@bg	<https://panlex.org/snapshot/panlex-20191001-csv/6898#113600005>				<https://panlex.org/snapshot/panlex-20191001-csv/6898#113600044>		"Angola"@lg	
"Сао Томе и Принсипи"@bg	<https://panlex.org/snapshot/panlex-20191001-csv/6898#113622953>				<https://panlex.org/snapshot/panlex-20191001-csv/6898#113622889>		"Sanitome ne Purincipe"@lg	
"Япония"@bg	<https://panlex.org/snapshot/panlex-20191001-csv/6898#113634862>				<https://panlex.org/snapshot/panlex-20191001-csv/6898#113634894>		"Japani"@lg	
"Вануату"@bg	<https://panlex.org/snapshot/panlex-20191001-csv/6898#113628907>				<https://panlex.org/snapshot/panlex-20191001-csv/6898#113629064>		"Vanawuwatu"@lg	
"Конго (ДРК)"@bg	<https://panlex.org/snapshot/panlex-20191001-csv/6898#113589662>				<https://panlex.org/snapshot/panlex-20191001-csv/6898#113589500>		"Kongo - Zayire"@lg	
"острови Кук"@bg	<https://panlex.org/snapshot/panlex-20191001-csv/6898#113638475>				<https://panlex.org/snapshot/panlex-20191001-csv/6898#113638490>		"Bizinga bya Kkuki"@lg	
"Суринам"@bg	<https://panlex.org/snapshot/panlex-20191001-csv/6898#113640669>				<https://panlex.org/snapshot/panlex-20191001-csv/6898#113640681>		"Surinaamu"@lg	
"Нова Зеландия"@bg	<https://panlex.org/snapshot/panlex-20191001-csv/6898#113587247>				<https://panlex.org/snapshot/panlex-20191001-csv/6898#113587211>		"Niyuziirandi"@lg	
"Словакия"@bg	<https://panlex.org/snapshot/panlex-20191001-csv/6898#113614389>				<https://panlex.org/snapshot/panlex-20191001-csv/6898#113614426>		"Sirovakya"@lg	
"Перу"@bg	<https://panlex.org/snapshot/panlex-20191001-csv/6898#113593807>				<https://panlex.org/snapshot/panlex-20191001-csv/6898#113593791>		"Peru"@lg	
"Джибути"@bg	<https://panlex.org/snapshot/panlex-20191001-csv/6898#113585670>				<https://panlex.org/snapshot/panlex-20191001-csv/6898#113585741>		"Jjibuti"@lg	
"Панама"@bg	<https://panlex.org/snapshot/panlex-20191001-csv/6898#113606073>				<https://panlex.org/snapshot/panlex-20191001-csv/6898#113606002>		"Panama"@lg	
"Палау"@bg	<https://panlex.org/snapshot/panlex-20191001-csv/6898#113630998>				<https://panlex.org/snapshot/panlex-20191001-csv/6898#113630985>		"Palawu"@lg	
"Етиопия"@bg	<https://panlex.org/snapshot/panlex-20191001-csv/6898#113615654>				<https://panlex.org/snapshot/panlex-20191001-csv/6898#113615635>		"Esyopya"@lg	
"Кабо Верде"@bg	<https://panlex.org/snapshot/panlex-20191001-csv/6898#113629345>				<https://panlex.org/snapshot/panlex-20191001-csv/6898#113629232>		"Bizinga by’e Kepu Veredi"@lg	
"Кирибати"@bg	<https://panlex.org/snapshot/panlex-20191001-csv/6898#113603028>				<https://panlex.org/snapshot/panlex-20191001-csv/6898#113603170>		"Kiribati"@lg	
"Конго (Киншаса)"@bg	<https://panlex.org/snapshot/panlex-20191001-csv/6898#113589740>				<https://panlex.org/snapshot/panlex-20191001-csv/6898#113589500>		"Kongo - Zayire"@lg	
"Лихтенщайн"@bg	<https://panlex.org/snapshot/panlex-20191001-csv/6898#113613104>				<https://panlex.org/snapshot/panlex-20191001-csv/6898#113613068>		"Licitensitayini"@lg	
"Уругвай"@bg	<https://panlex.org/snapshot/panlex-20191001-csv/6898#113623411>				<https://panlex.org/snapshot/panlex-20191001-csv/6898#113623439>		"Wurugwayi"@lg	
"Антигуа и Барбуда"@bg	<https://panlex.org/snapshot/panlex-20191001-csv/6898#113643754>				<https://panlex.org/snapshot/panlex-20191001-csv/6898#113643800>		"Antigwa ne Barabuda"@lg	
"Реюнион"@bg	<https://panlex.org/snapshot/panlex-20191001-csv/6898#113591532>				<https://panlex.org/snapshot/panlex-20191001-csv/6898#113591521>		"Leyunyoni"@lg	
"Катар"@bg	<https://panlex.org/snapshot/panlex-20191001-csv/6898#113636906>				<https://panlex.org/snapshot/panlex-20191001-csv/6898#113636895>		"Kataa"@lg	
"Френска Полинезия"@bg	<https://panlex.org/snapshot/panlex-20191001-csv/6898#113621226>				<https://panlex.org/snapshot/panlex-20191001-csv/6898#113621144>		"Polinesiya enfalansa"@lg	
"Гренада"@bg	<https://panlex.org/snapshot/panlex-20191001-csv/6898#113604075>				<https://panlex.org/snapshot/panlex-20191001-csv/6898#113604146>		"Gurenada"@lg	
"Микронезия"@bg	<https://panlex.org/snapshot/panlex-20191001-csv/6898#113597220>				<https://panlex.org/snapshot/panlex-20191001-csv/6898#113597195>		"Mikuronezya"@lg	
"Южна Корея"@bg	<https://panlex.org/snapshot/panlex-20191001-csv/6898#113638798>				<https://panlex.org/snapshot/panlex-20191001-csv/6898#113638828>		"Koreya ey’omumaserengeta"@lg	
"Бивша югославска република Македония"@bg	<https://panlex.org/snapshot/panlex-20191001-csv/6898#113613434>				<https://panlex.org/snapshot/panlex-20191001-csv/6898#113613440>		"Masedoniya"@lg	
"Лаос"@bg	<https://panlex.org/snapshot/panlex-20191001-csv/6898#113619042>				<https://panlex.org/snapshot/panlex-20191001-csv/6898#113619089>		"Lawosi"@lg	
"Грузия"@bg	<https://panlex.org/snapshot/panlex-20191001-csv/6898#113635060>				<https://panlex.org/snapshot/panlex-20191001-csv/6898#113635190>		"Gyogya"@lg	
"Ватикан"@bg	<https://panlex.org/snapshot/panlex-20191001-csv/6898#113629772>				<https://panlex.org/snapshot/panlex-20191001-csv/6898#113629633>		"Vatikaani"@lg	
"Финландия"@bg	<https://panlex.org/snapshot/panlex-20191001-csv/6898#113641608>				<https://panlex.org/snapshot/panlex-20191001-csv/6898#113641553>		"Finilandi"@lg	
"Азия"@bg	<https://panlex.org/snapshot/panlex-20191001-csv/5947#84583262>				<https://panlex.org/snapshot/panlex-20191001-csv/5947#84583308>		"Eezia"@lg	
"Полша"@bg	<https://panlex.org/snapshot/panlex-20191001-csv/5947#84607692>				<https://panlex.org/snapshot/panlex-20191001-csv/5947#84607784>		"Bupoolo"@lg	
"Белгия"@bg	<https://panlex.org/snapshot/panlex-20191001-csv/5947#84584355>				<https://panlex.org/snapshot/panlex-20191001-csv/5947#84584460>		"Bubirigi"@lg	
"Germanija"@bg	<https://panlex.org/snapshot/panlex-20191001-csv/5939#80782656>				<https://panlex.org/snapshot/panlex-20191001-csv/5939#80782743>		"Budaaki"@lg	
"огледа́ло"@bg	<https://panlex.org/snapshot/panlex-20191001-csv/5946#84446134>				<https://panlex.org/snapshot/panlex-20191001-csv/5946#84446250>		"talatala"@lg	
"Библия"@bg	<https://panlex.org/snapshot/panlex-20191001-csv/5949#85302648>				<https://panlex.org/snapshot/panlex-20191001-csv/5949#85302733>		"Baibuli"@lg	
"Финландия"@bg	<https://panlex.org/snapshot/panlex-20191001-csv/5949#85323151>				<https://panlex.org/snapshot/panlex-20191001-csv/5949#85323213>		"Finilandi"@lg	
"Берлин"@bg	<https://panlex.org/snapshot/panlex-20191001-csv/5949#85302396>				<https://panlex.org/snapshot/panlex-20191001-csv/5949#85302480>		"Berlin"@lg	
"Европа"@bg	<https://panlex.org/snapshot/panlex-20191001-csv/5949#85308508>				<https://panlex.org/snapshot/panlex-20191001-csv/5949#85308587>		"Bulaaya"@lg	
"Германия"@bg	<https://panlex.org/snapshot/panlex-20191001-csv/9#474751>				<https://panlex.org/snapshot/panlex-20191001-csv/9#474816>		"Budaaki"@lg	
"мир"@bg	<https://panlex.org/snapshot/panlex-20191001-csv/2902#111012155>				<https://panlex.org/snapshot/panlex-20191001-csv/2902#111012106>		"emirembe"@lg	
"Нил"@bg	<https://panlex.org/snapshot/panlex-20191001-csv/2903#110872914>				<https://panlex.org/snapshot/panlex-20191001-csv/2903#110872899>		"Kiyira"@lg	
"Арабско море"@bg	<https://panlex.org/snapshot/panlex-20191001-csv/2905#110868472>				<https://panlex.org/snapshot/panlex-20191001-csv/2905#110868450>		"Ennyanja ya Buwarabu"@lg	
"Червено море"@bg	<https://panlex.org/snapshot/panlex-20191001-csv/2905#110870973>				<https://panlex.org/snapshot/panlex-20191001-csv/2905#110871087>		"Ennyanja ya Emyufu"@lg	
"Средиземно море"@bg	<https://panlex.org/snapshot/panlex-20191001-csv/2905#110870274>				<https://panlex.org/snapshot/panlex-20191001-csv/2905#110870487>		"Ennyanja eya Wakati"@lg	
"малък"@bg	<https://panlex.org/snapshot/panlex-20191001-csv/15#955470>				<https://panlex.org/snapshot/panlex-20191001-csv/15#955509>		"lutono"@lg	
"далекоглед"@bg	<https://panlex.org/snapshot/panlex-20191001-csv/3776#91784686>				<https://panlex.org/snapshot/panlex-20191001-csv/3776#91784714>		"telesikopu"@lg	
"черно"@bg	<https://panlex.org/snapshot/panlex-20191001-csv/3776#91675898>				<https://panlex.org/snapshot/panlex-20191001-csv/3776#91675947>		"nzirugavu"@lg	
"комин"@bg	<https://panlex.org/snapshot/panlex-20191001-csv/3776#91584874>				<https://panlex.org/snapshot/panlex-20191001-csv/3776#91584893>		"omudumu"@lg	
"аероплан"@bg	<https://panlex.org/snapshot/panlex-20191001-csv/3776#91574292>				<https://panlex.org/snapshot/panlex-20191001-csv/3776#91574347>		"ennyonyi"@lg	
"юг"@bg	<https://panlex.org/snapshot/panlex-20191001-csv/3776#91692916>				<https://panlex.org/snapshot/panlex-20191001-csv/3776#91692964>		"Bukiikaddyo"@lg	
"юг"@bg	<https://panlex.org/snapshot/panlex-20191001-csv/3776#91692916>				<https://panlex.org/snapshot/panlex-20191001-csv/3776#91692965>		"amaserengeta"@lg	
"пуловер"@bg	<https://panlex.org/snapshot/panlex-20191001-csv/3776#91604683>				<https://panlex.org/snapshot/panlex-20191001-csv/3776#91604711>		"esweeta"@lg	
"благодаря ви"@bg	<https://panlex.org/snapshot/panlex-20191001-csv/3776#91657019>				<https://panlex.org/snapshot/panlex-20191001-csv/3776#91657062>		"webale"@lg	
"театър"@bg	<https://panlex.org/snapshot/panlex-20191001-csv/3776#91753186>				<https://panlex.org/snapshot/panlex-20191001-csv/3776#91753210>		"seeta"@lg	
"милиард"@bg	<https://panlex.org/snapshot/panlex-20191001-csv/3776#91724970>				<https://panlex.org/snapshot/panlex-20191001-csv/3776#91724995>		"kawumbi"@lg	
"звук"@bg	<https://panlex.org/snapshot/panlex-20191001-csv/3776#91618252>				<https://panlex.org/snapshot/panlex-20191001-csv/3776#91618268>		"edoboozi"@lg	
"мобѝлен телефо̀н"@bg	<https://panlex.org/snapshot/panlex-20191001-csv/3776#91671653>				<https://panlex.org/snapshot/panlex-20191001-csv/3776#91671732>		"akasimu"@lg	
"мобѝлен телефо̀н"@bg	<https://panlex.org/snapshot/panlex-20191001-csv/3776#91671653>				<https://panlex.org/snapshot/panlex-20191001-csv/3776#91671733>		"buli wooli nkufuna"@lg	
"ръководител"@bg	<https://panlex.org/snapshot/panlex-20191001-csv/3776#91578633>				<https://panlex.org/snapshot/panlex-20191001-csv/3776#91578657>		"mukama wo"@lg	
"ръководител"@bg	<https://panlex.org/snapshot/panlex-20191001-csv/3776#91578633>				<https://panlex.org/snapshot/panlex-20191001-csv/3776#91578656>		"ssebo"@lg	
"свят"@bg	<https://panlex.org/snapshot/panlex-20191001-csv/3776#91641116>				<https://panlex.org/snapshot/panlex-20191001-csv/3776#91641134>		"ensi"@lg	
"кавга"@bg	<https://panlex.org/snapshot/panlex-20191001-csv/3776#91715416>				<https://panlex.org/snapshot/panlex-20191001-csv/3776#91715470>		"enkaayana"@lg	
"аквариум"@bg	<https://panlex.org/snapshot/panlex-20191001-csv/3776#91832691>				<https://panlex.org/snapshot/panlex-20191001-csv/3776#91832723>		"enkanga"@lg	
"влагалище"@bg	<https://panlex.org/snapshot/panlex-20191001-csv/3776#91605433>				<https://panlex.org/snapshot/panlex-20191001-csv/3776#91605463>		"obukazi"@lg	
"видео"@bg	<https://panlex.org/snapshot/panlex-20191001-csv/3776#91638880>				<https://panlex.org/snapshot/panlex-20191001-csv/3776#91638897>		"vidiyo"@lg	
"видео"@bg	<https://panlex.org/snapshot/panlex-20191001-csv/3776#91638880>				<https://panlex.org/snapshot/panlex-20191001-csv/3776#91638898>		"olutambi"@lg	
"рушветчийство"@bg	<https://panlex.org/snapshot/panlex-20191001-csv/3776#91698696>				<https://panlex.org/snapshot/panlex-20191001-csv/3776#91698709>		"obuli bw’enguzi"@lg	
"зоологическа градина"@bg	<https://panlex.org/snapshot/panlex-20191001-csv/3776#91641409>				<https://panlex.org/snapshot/panlex-20191001-csv/3776#91641449>		"ekifo awaterekebwa ebisolo"@lg	
"зоологическа градина"@bg	<https://panlex.org/snapshot/panlex-20191001-csv/3776#91641409>				<https://panlex.org/snapshot/panlex-20191001-csv/3776#91641448>		"ebinnyonyi"@lg	
"варицела"@bg	<https://panlex.org/snapshot/panlex-20191001-csv/3776#91805949>				<https://panlex.org/snapshot/panlex-20191001-csv/3776#91805966>		"nnamusuna"@lg	
"цивилизация"@bg	<https://panlex.org/snapshot/panlex-20191001-csv/3776#91589828>				<https://panlex.org/snapshot/panlex-20191001-csv/3776#91589849>		"obugunjufu"@lg	
"кисело мляко"@bg	<https://panlex.org/snapshot/panlex-20191001-csv/3776#91842885>				<https://panlex.org/snapshot/panlex-20191001-csv/3776#91842919>		"gaba mata oba bbongo"@lg	
"балет"@bg	<https://panlex.org/snapshot/panlex-20191001-csv/3776#91835009>				<https://panlex.org/snapshot/panlex-20191001-csv/3776#91835029>		"amazina"@lg	
"сляп"@bg	<https://panlex.org/snapshot/panlex-20191001-csv/3776#91698500>				<https://panlex.org/snapshot/panlex-20191001-csv/3776#91698529>		"omuzibe"@lg	
"копие"@bg	<https://panlex.org/snapshot/panlex-20191001-csv/3776#91682335>				<https://panlex.org/snapshot/panlex-20191001-csv/3776#91682355>		"effumu"@lg	
"свещ"@bg	<https://panlex.org/snapshot/panlex-20191001-csv/3776#91613012>				<https://panlex.org/snapshot/panlex-20191001-csv/3776#91613057>		"omusubaawa"@lg	
"гръбначни стълбове"@bg	<https://panlex.org/snapshot/panlex-20191001-csv/3776#91737575>				<https://panlex.org/snapshot/panlex-20191001-csv/3776#91737610>		"enkizi"@lg	
"бивол"@bg	<https://panlex.org/snapshot/panlex-20191001-csv/3776#91766964>				<https://panlex.org/snapshot/panlex-20191001-csv/3776#91766996>		"embogo"@lg	
"метро"@bg	<https://panlex.org/snapshot/panlex-20191001-csv/3776#91638199>				<https://panlex.org/snapshot/panlex-20191001-csv/3776#91638244>		"ekubo eriyita wansi"@lg	
"шкаф"@bg	<https://panlex.org/snapshot/panlex-20191001-csv/3776#91696091>				<https://panlex.org/snapshot/panlex-20191001-csv/3776#91696111>		"sanduke"@lg	
"шампион"@bg	<https://panlex.org/snapshot/panlex-20191001-csv/3776#91778416>				<https://panlex.org/snapshot/panlex-20191001-csv/3776#91778444>		"nantawunyikamu"@lg	
"пека"@bg	<https://panlex.org/snapshot/panlex-20191001-csv/3776#91634662>				<https://panlex.org/snapshot/panlex-20191001-csv/3776#91634680>		"okufumba"@lg	
"меч"@bg	<https://panlex.org/snapshot/panlex-20191001-csv/3776#91688810>				<https://panlex.org/snapshot/panlex-20191001-csv/3776#91688833>		"ekiso"@lg	
"случвам се"@bg	<https://panlex.org/snapshot/panlex-20191001-csv/3776#91677473>				<https://panlex.org/snapshot/panlex-20191001-csv/3776#91677503>		"okufuuka"@lg	
"Рождество Христово"@bg	<https://panlex.org/snapshot/panlex-20191001-csv/3776#91754821>				<https://panlex.org/snapshot/panlex-20191001-csv/3776#91754862>		"sekukkulu"@lg	
"чичо"@bg	<https://panlex.org/snapshot/panlex-20191001-csv/3776#91665568>				<https://panlex.org/snapshot/panlex-20191001-csv/3776#91665594>		"taata omuto"@lg	
"чичо"@bg	<https://panlex.org/snapshot/panlex-20191001-csv/3776#91665568>				<https://panlex.org/snapshot/panlex-20191001-csv/3776#91665595>		"kojja"@lg	
"какво"@bg	<https://panlex.org/snapshot/panlex-20191001-csv/3776#91653544>				<https://panlex.org/snapshot/panlex-20191001-csv/3776#91653568>		"ki"@lg	
"вълк"@bg	<https://panlex.org/snapshot/panlex-20191001-csv/3776#91733980>				<https://panlex.org/snapshot/panlex-20191001-csv/3776#91734052>		"omusenge"@lg	
"триъгълник"@bg	<https://panlex.org/snapshot/panlex-20191001-csv/3776#91735010>				<https://panlex.org/snapshot/panlex-20191001-csv/3776#91735028>		"ekintu eky’ensonda essatu"@lg	
"топка"@bg	<https://panlex.org/snapshot/panlex-20191001-csv/3776#91688496>				<https://panlex.org/snapshot/panlex-20191001-csv/3776#91688546>		"omupiira"@lg	
"супермаркет"@bg	<https://panlex.org/snapshot/panlex-20191001-csv/3776#91795179>				<https://panlex.org/snapshot/panlex-20191001-csv/3776#91795209>		"ekifo awatundibwa ebintu eby’enjawulo"@lg	
"кърпа"@bg	<https://panlex.org/snapshot/panlex-20191001-csv/3776#91778129>				<https://panlex.org/snapshot/panlex-20191001-csv/3776#91778156>		"etawulo"@lg	
"събота"@bg	<https://panlex.org/snapshot/panlex-20191001-csv/3776#91702397>				<https://panlex.org/snapshot/panlex-20191001-csv/3776#91702456>		"Lwamukaaga"@lg	
"съхраняване"@bg	<https://panlex.org/snapshot/panlex-20191001-csv/3776#91610812>				<https://panlex.org/snapshot/panlex-20191001-csv/3776#91610827>		"ettelekero"@lg	
"тяло"@bg	<https://panlex.org/snapshot/panlex-20191001-csv/3776#91620012>				<https://panlex.org/snapshot/panlex-20191001-csv/3776#91620058>		"omubiri"@lg	
"кафяв"@bg	<https://panlex.org/snapshot/panlex-20191001-csv/3776#91642653>				<https://panlex.org/snapshot/panlex-20191001-csv/3776#91642687>		"kitaka"@lg	
"кафяв"@bg	<https://panlex.org/snapshot/panlex-20191001-csv/3776#91642653>				<https://panlex.org/snapshot/panlex-20191001-csv/3776#91642688>		"katakketakke"@lg	
"плача"@bg	<https://panlex.org/snapshot/panlex-20191001-csv/3776#91706815>				<https://panlex.org/snapshot/panlex-20191001-csv/3776#91706862>		"okukaaba"@lg	
"дървен материал"@bg	<https://panlex.org/snapshot/panlex-20191001-csv/3776#91602299>				<https://panlex.org/snapshot/panlex-20191001-csv/3776#91602316>		"olubaawo"@lg	
"стомах"@bg	<https://panlex.org/snapshot/panlex-20191001-csv/3776#91654967>				<https://panlex.org/snapshot/panlex-20191001-csv/3776#91655014>		"lubuto"@lg	
"стомах"@bg	<https://panlex.org/snapshot/panlex-20191001-csv/3776#91654967>				<https://panlex.org/snapshot/panlex-20191001-csv/3776#91655013>		"olubuto"@lg	
"пътувам"@bg	<https://panlex.org/snapshot/panlex-20191001-csv/3776#91637512>				<https://panlex.org/snapshot/panlex-20191001-csv/3776#91637544>		"okutindigga"@lg	
"пътувам"@bg	<https://panlex.org/snapshot/panlex-20191001-csv/3776#91637512>				<https://panlex.org/snapshot/panlex-20191001-csv/3776#91637545>		"okutambula"@lg	
"пътувам"@bg	<https://panlex.org/snapshot/panlex-20191001-csv/3776#91637512>				<https://panlex.org/snapshot/panlex-20191001-csv/3776#91637543>		"okusiyagguka"@lg	
"сбъркан"@bg	<https://panlex.org/snapshot/panlex-20191001-csv/3776#91659738>				<https://panlex.org/snapshot/panlex-20191001-csv/3776#91659762>		"ekkifu"@lg	
"задница"@bg	<https://panlex.org/snapshot/panlex-20191001-csv/3776#91578732>				<https://panlex.org/snapshot/panlex-20191001-csv/3776#91578812>		"endogoyi"@lg	
"задница"@bg	<https://panlex.org/snapshot/panlex-20191001-csv/3776#91578732>				<https://panlex.org/snapshot/panlex-20191001-csv/3776#91578811>		"akabina"@lg	
"задница"@bg	<https://panlex.org/snapshot/panlex-20191001-csv/3776#91578732>				<https://panlex.org/snapshot/panlex-20191001-csv/3776#91578810>		"atategeera omusiru"@lg	
"чай"@bg	<https://panlex.org/snapshot/panlex-20191001-csv/3776#91670388>				<https://panlex.org/snapshot/panlex-20191001-csv/3776#91670413>		"cai"@lg	
"кола"@bg	<https://panlex.org/snapshot/panlex-20191001-csv/3776#91583167>				<https://panlex.org/snapshot/panlex-20191001-csv/3776#91583231>		"emmotoka"@lg	
"изкуствен"@bg	<https://panlex.org/snapshot/panlex-20191001-csv/3776#91789792>				<https://panlex.org/snapshot/panlex-20191001-csv/3776#91789800>		"ekikole"@lg	
"акумулатор"@bg	<https://panlex.org/snapshot/panlex-20191001-csv/3776#91571863>				<https://panlex.org/snapshot/panlex-20191001-csv/3776#91571901>		"eryanda"@lg	
"диня"@bg	<https://panlex.org/snapshot/panlex-20191001-csv/3776#91785568>				<https://panlex.org/snapshot/panlex-20191001-csv/3776#91785610>		"kibara kyakula nga ensujju"@lg	
"ксилофон"@bg	<https://panlex.org/snapshot/panlex-20191001-csv/3776#91706974>				<https://panlex.org/snapshot/panlex-20191001-csv/3776#91706994>		"amadinda"@lg	
"утре"@bg	<https://panlex.org/snapshot/panlex-20191001-csv/3776#91665673>				<https://panlex.org/snapshot/panlex-20191001-csv/3776#91665695>		"enkya"@lg	
"архиепископ"@bg	<https://panlex.org/snapshot/panlex-20191001-csv/3776#91832775>				<https://panlex.org/snapshot/panlex-20191001-csv/3776#91832792>		"ssabalabirizi"@lg	
"граница"@bg	<https://panlex.org/snapshot/panlex-20191001-csv/3776#91580969>				<https://panlex.org/snapshot/panlex-20191001-csv/3776#91580989>		"ensalo"@lg	
"календар"@bg	<https://panlex.org/snapshot/panlex-20191001-csv/3776#91778810>				<https://panlex.org/snapshot/panlex-20191001-csv/3776#91778843>		"omulenga nnaku"@lg	
"календар"@bg	<https://panlex.org/snapshot/panlex-20191001-csv/3776#91778810>				<https://panlex.org/snapshot/panlex-20191001-csv/3776#91778844>		"kalenda"@lg	
"книга"@bg	<https://panlex.org/snapshot/panlex-20191001-csv/3776#91580750>				<https://panlex.org/snapshot/panlex-20191001-csv/3776#91580778>		"okwesooka"@lg	
"книга"@bg	<https://panlex.org/snapshot/panlex-20191001-csv/3776#91580750>				<https://panlex.org/snapshot/panlex-20191001-csv/3776#91580779>		"ekitabo"@lg	
"пчела"@bg	<https://panlex.org/snapshot/panlex-20191001-csv/3776#91579112>				<https://panlex.org/snapshot/panlex-20191001-csv/3776#91579192>		"enjuki"@lg	
"птица"@bg	<https://panlex.org/snapshot/panlex-20191001-csv/3776#91580297>				<https://panlex.org/snapshot/panlex-20191001-csv/3776#91580361>		"ekinyonyi"@lg	
"тухла"@bg	<https://panlex.org/snapshot/panlex-20191001-csv/3776#91581418>				<https://panlex.org/snapshot/panlex-20191001-csv/3776#91581453>		"ettofali"@lg	
"такса"@bg	<https://panlex.org/snapshot/panlex-20191001-csv/3776#91612634>				<https://panlex.org/snapshot/panlex-20191001-csv/3776#91612655>		"omusolo"@lg	
"благодаря ти"@bg	<https://panlex.org/snapshot/panlex-20191001-csv/3776#91657021>				<https://panlex.org/snapshot/panlex-20191001-csv/3776#91657062>		"webale"@lg	
"тигър"@bg	<https://panlex.org/snapshot/panlex-20191001-csv/3776#91726331>				<https://panlex.org/snapshot/panlex-20191001-csv/3776#91726368>		"engo"@lg	
"облак"@bg	<https://panlex.org/snapshot/panlex-20191001-csv/3776#91586261>				<https://panlex.org/snapshot/panlex-20191001-csv/3776#91586330>		"ekire"@lg	
"раждане"@bg	<https://panlex.org/snapshot/panlex-20191001-csv/3776#91669075>				<https://panlex.org/snapshot/panlex-20191001-csv/3776#91669110>		"okuzaala"@lg	
"дебел"@bg	<https://panlex.org/snapshot/panlex-20191001-csv/3776#91654275>				<https://panlex.org/snapshot/panlex-20191001-csv/3776#91654287>		"kikwafu"@lg	
"стенен гардероб"@bg	<https://panlex.org/snapshot/panlex-20191001-csv/3776#91696089>				<https://panlex.org/snapshot/panlex-20191001-csv/3776#91696111>		"sanduke"@lg	
"зъб"@bg	<https://panlex.org/snapshot/panlex-20191001-csv/3776#91671372>				<https://panlex.org/snapshot/panlex-20191001-csv/3776#91671391>		"erinnyo"@lg	
"сутиен"@bg	<https://panlex.org/snapshot/panlex-20191001-csv/3776#91789000>				<https://panlex.org/snapshot/panlex-20191001-csv/3776#91789033>		"akawanika"@lg	
"сутиен"@bg	<https://panlex.org/snapshot/panlex-20191001-csv/3776#91789000>				<https://panlex.org/snapshot/panlex-20191001-csv/3776#91789034>		"akaleega"@lg	
"птичка"@bg	<https://panlex.org/snapshot/panlex-20191001-csv/3776#91580296>				<https://panlex.org/snapshot/panlex-20191001-csv/3776#91580361>		"ekinyonyi"@lg	
"инорог"@bg	<https://panlex.org/snapshot/panlex-20191001-csv/3776#91782867>				<https://panlex.org/snapshot/panlex-20191001-csv/3776#91782894>		"kisolo kyakula nga mbalasi"@lg	
"болница"@bg	<https://panlex.org/snapshot/panlex-20191001-csv/3776#91606993>				<https://panlex.org/snapshot/panlex-20191001-csv/3776#91607054>		"kilinika"@lg	
"кажа"@bg	<https://panlex.org/snapshot/panlex-20191001-csv/3776#91678674>				<https://panlex.org/snapshot/panlex-20191001-csv/3776#91678720>		"okubuulira"@lg	
"кажа"@bg	<https://panlex.org/snapshot/panlex-20191001-csv/3776#91678674>				<https://panlex.org/snapshot/panlex-20191001-csv/3776#91678719>		"okutegeeza"@lg	
"самолет"@bg	<https://panlex.org/snapshot/panlex-20191001-csv/3776#91574291>				<https://panlex.org/snapshot/panlex-20191001-csv/3776#91574347>		"ennyonyi"@lg	
"паяк"@bg	<https://panlex.org/snapshot/panlex-20191001-csv/3776#91633561>				<https://panlex.org/snapshot/panlex-20191001-csv/3776#91633625>		"nabbubi"@lg	
"едър"@bg	<https://panlex.org/snapshot/panlex-20191001-csv/3776#91650333>				<https://panlex.org/snapshot/panlex-20191001-csv/3776#91650361>		"ekinene"@lg	
"зеле"@bg	<https://panlex.org/snapshot/panlex-20191001-csv/3776#91746737>				<https://panlex.org/snapshot/panlex-20191001-csv/3776#91746781>		"emboga"@lg	
"пръст на крак"@bg	<https://panlex.org/snapshot/panlex-20191001-csv/3776#91672288>				<https://panlex.org/snapshot/panlex-20191001-csv/3776#91672332>		"akagere"@lg	
"трафик"@bg	<https://panlex.org/snapshot/panlex-20191001-csv/3776#91628428>				<https://panlex.org/snapshot/panlex-20191001-csv/3776#91628441>		"akubagano"@lg	
"климат"@bg	<https://panlex.org/snapshot/panlex-20191001-csv/3776#91585909>				<https://panlex.org/snapshot/panlex-20191001-csv/3776#91585924>		"embeera y’obudde"@lg	
"трети"@bg	<https://panlex.org/snapshot/panlex-20191001-csv/3776#91718093>				<https://panlex.org/snapshot/panlex-20191001-csv/3776#91718105>		"ekyʼokusatu"@lg	
"голям"@bg	<https://panlex.org/snapshot/panlex-20191001-csv/3776#91650332>				<https://panlex.org/snapshot/panlex-20191001-csv/3776#91650361>		"ekinene"@lg	
"единорог"@bg	<https://panlex.org/snapshot/panlex-20191001-csv/3776#91782866>				<https://panlex.org/snapshot/panlex-20191001-csv/3776#91782894>		"kisolo kyakula nga mbalasi"@lg	
"морков"@bg	<https://panlex.org/snapshot/panlex-20191001-csv/3776#91628668>				<https://panlex.org/snapshot/panlex-20191001-csv/3776#91628720>		"kaloti"@lg	
"морков"@bg	<https://panlex.org/snapshot/panlex-20191001-csv/3776#91628668>				<https://panlex.org/snapshot/panlex-20191001-csv/3776#91628721>		"kalati"@lg	
"дума"@bg	<https://panlex.org/snapshot/panlex-20191001-csv/3776#91693227>				<https://panlex.org/snapshot/panlex-20191001-csv/3776#91693295>		"ekigambo"@lg	
"категория"@bg	<https://panlex.org/snapshot/panlex-20191001-csv/3776#91694973>				<https://panlex.org/snapshot/panlex-20191001-csv/3776#91694990>		"ekiti"@lg	
"технология"@bg	<https://panlex.org/snapshot/panlex-20191001-csv/3776#91635874>				<https://panlex.org/snapshot/panlex-20191001-csv/3776#91635894>		"tekinologia"@lg	
"слаб"@bg	<https://panlex.org/snapshot/panlex-20191001-csv/3776#91693466>				<https://panlex.org/snapshot/panlex-20191001-csv/3776#91693501>		"bunafu"@lg	
"край"@bg	<https://panlex.org/snapshot/panlex-20191001-csv/3776#91659237>				<https://panlex.org/snapshot/panlex-20191001-csv/3776#91659253>		"okubawo"@lg	
"искам"@bg	<https://panlex.org/snapshot/panlex-20191001-csv/3776#91707759>				<https://panlex.org/snapshot/panlex-20191001-csv/3776#91707821>		"okwagala"@lg	
"пръст"@bg	<https://panlex.org/snapshot/panlex-20191001-csv/3776#91672289>				<https://panlex.org/snapshot/panlex-20191001-csv/3776#91672332>		"akagere"@lg	
"пръст"@bg	<https://panlex.org/snapshot/panlex-20191001-csv/3776#91660817>				<https://panlex.org/snapshot/panlex-20191001-csv/3776#91660882>		"olugalo"@lg	
"автобусна спирка"@bg	<https://panlex.org/snapshot/panlex-20191001-csv/3776#91644009>				<https://panlex.org/snapshot/panlex-20191001-csv/3776#91644022>		"baasi paaka"@lg	
"ходя"@bg	<https://panlex.org/snapshot/panlex-20191001-csv/3776#91605929>				<https://panlex.org/snapshot/panlex-20191001-csv/3776#91606009>		"okutambula"@lg	
"плат"@bg	<https://panlex.org/snapshot/panlex-20191001-csv/3776#91598951>				<https://panlex.org/snapshot/panlex-20191001-csv/3776#91598981>		"ekitambaala"@lg	
"кокал"@bg	<https://panlex.org/snapshot/panlex-20191001-csv/3776#91672729>				<https://panlex.org/snapshot/panlex-20191001-csv/3776#91672747>		"eggumba"@lg	
"дупе"@bg	<https://panlex.org/snapshot/panlex-20191001-csv/3776#91578734>				<https://panlex.org/snapshot/panlex-20191001-csv/3776#91578812>		"endogoyi"@lg	
"дупе"@bg	<https://panlex.org/snapshot/panlex-20191001-csv/3776#91578734>				<https://panlex.org/snapshot/panlex-20191001-csv/3776#91578811>		"akabina"@lg	
"дупе"@bg	<https://panlex.org/snapshot/panlex-20191001-csv/3776#91578734>				<https://panlex.org/snapshot/panlex-20191001-csv/3776#91578810>		"atategeera omusiru"@lg	
"часовник"@bg	<https://panlex.org/snapshot/panlex-20191001-csv/3776#91665091>				<https://panlex.org/snapshot/panlex-20191001-csv/3776#91665139>		"omulenganjuba"@lg	
"часовник"@bg	<https://panlex.org/snapshot/panlex-20191001-csv/3776#91665091>				<https://panlex.org/snapshot/panlex-20191001-csv/3776#91665140>		"esaawa"@lg	
"отлагамIотсрочвам"@bg	<https://panlex.org/snapshot/panlex-20191001-csv/3776#91800697>				<https://panlex.org/snapshot/panlex-20191001-csv/3776#91800713>		"okwabuka"@lg	
"гривна"@bg	<https://panlex.org/snapshot/panlex-20191001-csv/3776#91822747>				<https://panlex.org/snapshot/panlex-20191001-csv/3776#91822793>		"ekikomo"@lg	
"сервитьорка"@bg	<https://panlex.org/snapshot/panlex-20191001-csv/3776#91743187>				<https://panlex.org/snapshot/panlex-20191001-csv/3776#91743211>		"omukazi awereza mu woteri"@lg	
"близнак"@bg	<https://panlex.org/snapshot/panlex-20191001-csv/3776#91726389>				<https://panlex.org/snapshot/panlex-20191001-csv/3776#91726415>		"omulongo"@lg	
"близнак"@bg	<https://panlex.org/snapshot/panlex-20191001-csv/3776#91726389>				<https://panlex.org/snapshot/panlex-20191001-csv/3776#91726416>		"omulongo wa nabansasaana"@lg	
"задръстване"@bg	<https://panlex.org/snapshot/panlex-20191001-csv/3776#91588862>				<https://panlex.org/snapshot/panlex-20191001-csv/3776#91588897>		"akalipagano kʼebidduka"@lg	
"лято"@bg	<https://panlex.org/snapshot/panlex-20191001-csv/3776#91667670>				<https://panlex.org/snapshot/panlex-20191001-csv/3776#91667719>		"ebiseera by’ebugumu"@lg	
"клитор"@bg	<https://panlex.org/snapshot/panlex-20191001-csv/3776#91713778>				<https://panlex.org/snapshot/panlex-20191001-csv/3776#91713809>		"omusino"@lg	
"мравка"@bg	<https://panlex.org/snapshot/panlex-20191001-csv/3776#91736417>				<https://panlex.org/snapshot/panlex-20191001-csv/3776#91736456>		"enswa"@lg	
"стол"@bg	<https://panlex.org/snapshot/panlex-20191001-csv/3776#91681432>				<https://panlex.org/snapshot/panlex-20191001-csv/3776#91681472>		"entebe"@lg	
"зоопарк"@bg	<https://panlex.org/snapshot/panlex-20191001-csv/3776#91641408>				<https://panlex.org/snapshot/panlex-20191001-csv/3776#91641449>		"ekifo awaterekebwa ebisolo"@lg	
"зоопарк"@bg	<https://panlex.org/snapshot/panlex-20191001-csv/3776#91641408>				<https://panlex.org/snapshot/panlex-20191001-csv/3776#91641448>		"ebinnyonyi"@lg	
"отивам"@bg	<https://panlex.org/snapshot/panlex-20191001-csv/3776#91605928>				<https://panlex.org/snapshot/panlex-20191001-csv/3776#91606009>		"okutambula"@lg	
"такси"@bg	<https://panlex.org/snapshot/panlex-20191001-csv/3776#91682583>				<https://panlex.org/snapshot/panlex-20191001-csv/3776#91682624>		"takisi"@lg	
"бедро"@bg	<https://panlex.org/snapshot/panlex-20191001-csv/3776#91748648>				<https://panlex.org/snapshot/panlex-20191001-csv/3776#91748684>		"ekisambi"@lg	
"велосипед"@bg	<https://panlex.org/snapshot/panlex-20191001-csv/3776#91579628>				<https://panlex.org/snapshot/panlex-20191001-csv/3776#91579684>		"eggaali"@lg	
"прекрасен"@bg	<https://panlex.org/snapshot/panlex-20191001-csv/3776#91657111>				<https://panlex.org/snapshot/panlex-20191001-csv/3776#91657148>		"kilungi nnyo"@lg	
"палец"@bg	<https://panlex.org/snapshot/panlex-20191001-csv/3776#91707620>				<https://panlex.org/snapshot/panlex-20191001-csv/3776#91707661>		"engalo ensajja"@lg	
"кит"@bg	<https://panlex.org/snapshot/panlex-20191001-csv/3776#91640425>				<https://panlex.org/snapshot/panlex-20191001-csv/3776#91640473>		"ekyenyanja ekisinga obunene"@lg	
"яздя"@bg	<https://panlex.org/snapshot/panlex-20191001-csv/3776#91605931>				<https://panlex.org/snapshot/panlex-20191001-csv/3776#91606009>		"okutambula"@lg	
"актриса"@bg	<https://panlex.org/snapshot/panlex-20191001-csv/3776#91737722>				<https://panlex.org/snapshot/panlex-20191001-csv/3776#91737751>		"munnakatemba omukazi"@lg	
"цимент"@bg	<https://panlex.org/snapshot/panlex-20191001-csv/3776#91584015>				<https://panlex.org/snapshot/panlex-20191001-csv/3776#91584030>		"seminti"@lg	
"разгневен"@bg	<https://panlex.org/snapshot/panlex-20191001-csv/3776#91712717>				<https://panlex.org/snapshot/panlex-20191001-csv/3776#91712783>		"obusungu"@lg	
"Европа"@bg	<https://panlex.org/snapshot/panlex-20191001-csv/2891#110854169>				<https://panlex.org/snapshot/panlex-20191001-csv/2891#110854215>		"Bulaya"@lg	
