"Пасха"@bg	<https://panlex.org/snapshot/panlex-20191001-csv/5947#84615859>				<https://panlex.org/snapshot/panlex-20191001-csv/5947#84615955>		"Isitala"@ny	
"довиждане"@bg	<https://panlex.org/snapshot/panlex-20191001-csv/5947#84667284>				<https://panlex.org/snapshot/panlex-20191001-csv/5947#84667371>		"ndapita"@ny	
"Възкресение Христово"@bg	<https://panlex.org/snapshot/panlex-20191001-csv/5947#84615858>				<https://panlex.org/snapshot/panlex-20191001-csv/5947#84615955>		"Isitala"@ny	
"съветник"@bg	<https://panlex.org/snapshot/panlex-20191001-csv/5947#84669607>				<https://panlex.org/snapshot/panlex-20191001-csv/5947#84669653>		"mlangizi"@ny	
"Белгия"@bg	<https://panlex.org/snapshot/panlex-20191001-csv/5947#84584355>				<https://panlex.org/snapshot/panlex-20191001-csv/5947#84584477>		"Belgium"@ny	
"Библия"@bg	<https://panlex.org/snapshot/panlex-20191001-csv/5949#85302648>				<https://panlex.org/snapshot/panlex-20191001-csv/5949#85302755>		"Baibulo"@ny	
"звезда"@bg	<https://panlex.org/snapshot/panlex-20191001-csv/5942#83281551>				<https://panlex.org/snapshot/panlex-20191001-csv/5942#83281587>		"nyenyezi"@ny	
"Исус"@bg	<https://panlex.org/snapshot/panlex-20191001-csv/5943#83289501>				<https://panlex.org/snapshot/panlex-20191001-csv/5943#83289573>		"Yesu"@ny	
"баща"@bg	<https://panlex.org/snapshot/panlex-20191001-csv/9#475563>				<https://panlex.org/snapshot/panlex-20191001-csv/9#475586>		"bambo"@ny	
"дъга"@bg	<https://panlex.org/snapshot/panlex-20191001-csv/9#485502>				<https://panlex.org/snapshot/panlex-20191001-csv/9#485550>		"utawaleza"@ny	
"вода"@bg	<https://panlex.org/snapshot/panlex-20191001-csv/12#850866>				<https://panlex.org/snapshot/panlex-20191001-csv/12#851093>		"madzi"@ny	
"мир"@bg	<https://panlex.org/snapshot/panlex-20191001-csv/2902#111012155>				<https://panlex.org/snapshot/panlex-20191001-csv/2902#111012114>		"m’tendere"@ny	
"продукт"@bg	<https://panlex.org/snapshot/panlex-20191001-csv/5146#110889029>				<https://panlex.org/snapshot/panlex-20191001-csv/5146#110889007>		"katundu"@ny	
"бизнес етика"@bg	<https://panlex.org/snapshot/panlex-20191001-csv/5146#110890252>				<https://panlex.org/snapshot/panlex-20191001-csv/5146#110890238>		"lamulo la malonda"@ny	
"тонтина"@bg	<https://panlex.org/snapshot/panlex-20191001-csv/5146#110889786>				<https://panlex.org/snapshot/panlex-20191001-csv/5146#110889779>		"kusonka"@ny	
"мозъчна атака"@bg	<https://panlex.org/snapshot/panlex-20191001-csv/5146#110889224>				<https://panlex.org/snapshot/panlex-20191001-csv/5146#110889205>		"kusinkhasikha"@ny	
"верига на доставките"@bg	<https://panlex.org/snapshot/panlex-20191001-csv/5146#110886460>				<https://panlex.org/snapshot/panlex-20191001-csv/5146#110886445>		"njira yopanga dongosolo"@ny	
"изложба-базар"@bg	<https://panlex.org/snapshot/panlex-20191001-csv/5146#110888183>				<https://panlex.org/snapshot/panlex-20191001-csv/5146#110888176>		"chipinda cha chiwonetsero"@ny	
"кооперация"@bg	<https://panlex.org/snapshot/panlex-20191001-csv/5146#110886935>				<https://panlex.org/snapshot/panlex-20191001-csv/5146#110886917>		"chigwirizano"@ny	
"оферта"@bg	<https://panlex.org/snapshot/panlex-20191001-csv/5146#110888702>				<https://panlex.org/snapshot/panlex-20191001-csv/5146#110888682>		"msika"@ny	
"текучество"@bg	<https://panlex.org/snapshot/panlex-20191001-csv/5146#110889328>				<https://panlex.org/snapshot/panlex-20191001-csv/5146#110889304>		"kuzungulira"@ny	
"черен рицар"@bg	<https://panlex.org/snapshot/panlex-20191001-csv/5146#110886505>				<https://panlex.org/snapshot/panlex-20191001-csv/5146#110886498>		"usiku oipa"@ny	
"продавач"@bg	<https://panlex.org/snapshot/panlex-20191001-csv/5146#110889960>				<https://panlex.org/snapshot/panlex-20191001-csv/5146#110889941>		"munthu ogulitsa"@ny	
"широко разпространие"@bg	<https://panlex.org/snapshot/panlex-20191001-csv/5146#110886082>				<https://panlex.org/snapshot/panlex-20191001-csv/5146#110886074>		"kuthilira"@ny	
"управление"@bg	<https://panlex.org/snapshot/panlex-20191001-csv/5146#110887778>				<https://panlex.org/snapshot/panlex-20191001-csv/5146#110887763>		"kayendetsedwe"@ny	
"произведено в"@bg	<https://panlex.org/snapshot/panlex-20191001-csv/5146#110887655>				<https://panlex.org/snapshot/panlex-20191001-csv/5146#110887632>		"kupangidwa mu"@ny	
"прихождащ на работа"@bg	<https://panlex.org/snapshot/panlex-20191001-csv/5146#110888630>				<https://panlex.org/snapshot/panlex-20191001-csv/5146#110888620>		"okwera magalimoto"@ny	
"прихождащ на работа"@bg	<https://panlex.org/snapshot/panlex-20191001-csv/5146#110888630>				<https://panlex.org/snapshot/panlex-20191001-csv/5146#110888621>		"masitima"@ny	
"електронна поща"@bg	<https://panlex.org/snapshot/panlex-20191001-csv/5146#110887003>				<https://panlex.org/snapshot/panlex-20191001-csv/5146#110886989>		"kalata ya email"@ny	
"взаимноизгоден"@bg	<https://panlex.org/snapshot/panlex-20191001-csv/5146#110887744>				<https://panlex.org/snapshot/panlex-20191001-csv/5146#110887733>		"kupambana-kupambana"@ny	
"нужди"@bg	<https://panlex.org/snapshot/panlex-20191001-csv/5146#110886247>				<https://panlex.org/snapshot/panlex-20191001-csv/5146#110886228>		"zofunika"@ny	
"голям супермаркет"@bg	<https://panlex.org/snapshot/panlex-20191001-csv/5146#110887926>				<https://panlex.org/snapshot/panlex-20191001-csv/5146#110887919>		"sitolo la hypermarket"@ny	
"потребности"@bg	<https://panlex.org/snapshot/panlex-20191001-csv/5146#110886248>				<https://panlex.org/snapshot/panlex-20191001-csv/5146#110886228>		"zofunika"@ny	
"затворена икономика"@bg	<https://panlex.org/snapshot/panlex-20191001-csv/5146#110886956>				<https://panlex.org/snapshot/panlex-20191001-csv/5146#110886950>		"kuteteza"@ny	
"договор"@bg	<https://panlex.org/snapshot/panlex-20191001-csv/5146#110886882>				<https://panlex.org/snapshot/panlex-20191001-csv/5146#110886861>		"pangano"@ny	
"търсене"@bg	<https://panlex.org/snapshot/panlex-20191001-csv/5146#110887294>				<https://panlex.org/snapshot/panlex-20191001-csv/5146#110887274>		"zolemba zofuna"@ny	
"база данни"@bg	<https://panlex.org/snapshot/panlex-20191001-csv/5146#110886188>				<https://panlex.org/snapshot/panlex-20191001-csv/5146#110886177>		"mbili ya bank"@ny	
"структурна тенденция"@bg	<https://panlex.org/snapshot/panlex-20191001-csv/5146#110889760>				<https://panlex.org/snapshot/panlex-20191001-csv/5146#110889746>		"njira yoendetsera zinthu"@ny	
"спонсорство"@bg	<https://panlex.org/snapshot/panlex-20191001-csv/5146#110888752>				<https://panlex.org/snapshot/panlex-20191001-csv/5146#110888734>		"kukhalira kumbuyo"@ny	
"управител"@bg	<https://panlex.org/snapshot/panlex-20191001-csv/5146#110888243>				<https://panlex.org/snapshot/panlex-20191001-csv/5146#110888229>		"mkulu wa nchito"@ny	
"туроператор"@bg	<https://panlex.org/snapshot/panlex-20191001-csv/5146#110890007>				<https://panlex.org/snapshot/panlex-20191001-csv/5146#110889988>		"wa nchito yoendera"@ny	
"франкировка"@bg	<https://panlex.org/snapshot/panlex-20191001-csv/5146#110887706>				<https://panlex.org/snapshot/panlex-20191001-csv/5146#110887692>		"chilolezo"@ny	
"проучване на пазара"@bg	<https://panlex.org/snapshot/panlex-20191001-csv/5146#110890273>				<https://panlex.org/snapshot/panlex-20191001-csv/5146#110890266>		"kufufudza za msika"@ny	
"представителство на интереси"@bg	<https://panlex.org/snapshot/panlex-20191001-csv/5146#110887888>				<https://panlex.org/snapshot/panlex-20191001-csv/5146#110887869>		"gulu"@ny	
"целеви кредит"@bg	<https://panlex.org/snapshot/panlex-20191001-csv/5146#110887051>				<https://panlex.org/snapshot/panlex-20191001-csv/5146#110887046>		"nkhongole zosatengedwa bwino"@ny	
"паричен поток"@bg	<https://panlex.org/snapshot/panlex-20191001-csv/5146#110887673>				<https://panlex.org/snapshot/panlex-20191001-csv/5146#110887667>		"ndalama zolowa"@ny	
"обединение на вложители"@bg	<https://panlex.org/snapshot/panlex-20191001-csv/5146#110889787>				<https://panlex.org/snapshot/panlex-20191001-csv/5146#110889779>		"kusonka"@ny	
"намалена цена"@bg	<https://panlex.org/snapshot/panlex-20191001-csv/5146#110888967>				<https://panlex.org/snapshot/panlex-20191001-csv/5146#110888960>		"kubwezako mtengo"@ny	
"бял рицар"@bg	<https://panlex.org/snapshot/panlex-20191001-csv/5146#110886485>				<https://panlex.org/snapshot/panlex-20191001-csv/5146#110886473>		"usiku wabwino"@ny	
"предприятие"@bg	<https://panlex.org/snapshot/panlex-20191001-csv/5146#110887506>				<https://panlex.org/snapshot/panlex-20191001-csv/5146#110887489>		"malonda"@ny	
"заведение на самообслужване"@bg	<https://panlex.org/snapshot/panlex-20191001-csv/5146#110888076>				<https://panlex.org/snapshot/panlex-20191001-csv/5146#110888058>		"kuzichitira pa yekha"@ny	
"разпространение"@bg	<https://panlex.org/snapshot/panlex-20191001-csv/5146#110887370>				<https://panlex.org/snapshot/panlex-20191001-csv/5146#110887354>		"gawanitsa"@ny	
"производствени тайни"@bg	<https://panlex.org/snapshot/panlex-20191001-csv/5146#110889453>				<https://panlex.org/snapshot/panlex-20191001-csv/5146#110889441>		"kudziwa"@ny	
"супермаркет"@bg	<https://panlex.org/snapshot/panlex-20191001-csv/5146#110889595>				<https://panlex.org/snapshot/panlex-20191001-csv/5146#110889589>		"sitolo la supermarket"@ny	
"потребителско обслужване"@bg	<https://panlex.org/snapshot/panlex-20191001-csv/5146#110889555>				<https://panlex.org/snapshot/panlex-20191001-csv/5146#110889543>		"nchito yothandizira makastomala"@ny	
"основна дейност"@bg	<https://panlex.org/snapshot/panlex-20191001-csv/5146#110887238>				<https://panlex.org/snapshot/panlex-20191001-csv/5146#110887224>		"kuchita zinthu mofunika"@ny	
"дългосрочна аренда"@bg	<https://panlex.org/snapshot/panlex-20191001-csv/5146#110888093>				<https://panlex.org/snapshot/panlex-20191001-csv/5146#110888088>		"kubwereketsa"@ny	
"фирма-акула"@bg	<https://panlex.org/snapshot/panlex-20191001-csv/5146#110886099>				<https://panlex.org/snapshot/panlex-20191001-csv/5146#110886093>		"wakuba"@ny	
"магазин към завод"@bg	<https://panlex.org/snapshot/panlex-20191001-csv/5146#110888197>				<https://panlex.org/snapshot/panlex-20191001-csv/5146#110888194>		"ntambi ya fakitare"@ny	
"делови етикет"@bg	<https://panlex.org/snapshot/panlex-20191001-csv/5146#110890253>				<https://panlex.org/snapshot/panlex-20191001-csv/5146#110890238>		"lamulo la malonda"@ny	
"разпределение"@bg	<https://panlex.org/snapshot/panlex-20191001-csv/5146#110887369>				<https://panlex.org/snapshot/panlex-20191001-csv/5146#110887354>		"gawanitsa"@ny	
"размножаване на филиалите"@bg	<https://panlex.org/snapshot/panlex-20191001-csv/5146#110887551>				<https://panlex.org/snapshot/panlex-20191001-csv/5146#110887541>		"kuzungulutsa"@ny	
"способност за самофинансиране"@bg	<https://panlex.org/snapshot/panlex-20191001-csv/5146#110886326>				<https://panlex.org/snapshot/panlex-20191001-csv/5146#110886320>		"ndalama zolowa"@ny	
"еврозоната"@bg	<https://panlex.org/snapshot/panlex-20191001-csv/5146#110890041>				<https://panlex.org/snapshot/panlex-20191001-csv/5146#110890029>		"dera la euro"@ny	
"предложение"@bg	<https://panlex.org/snapshot/panlex-20191001-csv/5146#110888701>				<https://panlex.org/snapshot/panlex-20191001-csv/5146#110888682>		"msika"@ny	
"изработване по поръчка"@bg	<https://panlex.org/snapshot/panlex-20191001-csv/5146#110888813>				<https://panlex.org/snapshot/panlex-20191001-csv/5146#110888795>		"chifanizo"@ny	
"лицензионна такса"@bg	<https://panlex.org/snapshot/panlex-20191001-csv/5146#110889175>				<https://panlex.org/snapshot/panlex-20191001-csv/5146#110889151>		"ndalama zolipira"@ny	
"самозадоволяване"@bg	<https://panlex.org/snapshot/panlex-20191001-csv/5146#110886957>				<https://panlex.org/snapshot/panlex-20191001-csv/5146#110886950>		"kuteteza"@ny	
"група за натиск"@bg	<https://panlex.org/snapshot/panlex-20191001-csv/5146#110887886>				<https://panlex.org/snapshot/panlex-20191001-csv/5146#110887869>		"gulu"@ny	
"ценово ориентиран потребител"@bg	<https://panlex.org/snapshot/panlex-20191001-csv/5146#110888831>				<https://panlex.org/snapshot/panlex-20191001-csv/5146#110888826>		"opeza phindu mwachinyengo"@ny	
"купувач"@bg	<https://panlex.org/snapshot/panlex-20191001-csv/5146#110885860>				<https://panlex.org/snapshot/panlex-20191001-csv/5146#110885839>		"ogura"@ny	
"договор за аренда"@bg	<https://panlex.org/snapshot/panlex-20191001-csv/5146#110887076>				<https://panlex.org/snapshot/panlex-20191001-csv/5146#110887064>		"kubwereketsa"@ny	
"сделки"@bg	<https://panlex.org/snapshot/panlex-20191001-csv/5146#110885960>				<https://panlex.org/snapshot/panlex-20191001-csv/5146#110885934>		"malonda"@ny	
"холдингово дружество"@bg	<https://panlex.org/snapshot/panlex-20191001-csv/5146#110889715>				<https://panlex.org/snapshot/panlex-20191001-csv/5146#110889699>		"mwini wa"@ny	
"дела"@bg	<https://panlex.org/snapshot/panlex-20191001-csv/5146#110885959>				<https://panlex.org/snapshot/panlex-20191001-csv/5146#110885934>		"malonda"@ny	
"търговия"@bg	<https://panlex.org/snapshot/panlex-20191001-csv/5146#110886643>				<https://panlex.org/snapshot/panlex-20191001-csv/5146#110886629>		"malonda"@ny	
"справедлива търговия"@bg	<https://panlex.org/snapshot/panlex-20191001-csv/5146#110886735>				<https://panlex.org/snapshot/panlex-20191001-csv/5146#110886719>		"malonda ochitiwa bwino"@ny	
"съвместно предприятие"@bg	<https://panlex.org/snapshot/panlex-20191001-csv/5146#110886610>				<https://panlex.org/snapshot/panlex-20191001-csv/5146#110886595>		"malonda ochitira pamodzi"@ny	
"говоря вашия език"@bg	<https://panlex.org/snapshot/panlex-20191001-csv/5146#110887971>				<https://panlex.org/snapshot/panlex-20191001-csv/5146#110887964>		"ndilankhula chilankhulo chanu"@ny	
"в брой"@bg	<https://panlex.org/snapshot/panlex-20191001-csv/5146#110886793>				<https://panlex.org/snapshot/panlex-20191001-csv/5146#110886771>		"ndalama"@ny	
"фирмена култура"@bg	<https://panlex.org/snapshot/panlex-20191001-csv/5146#110887126>				<https://panlex.org/snapshot/panlex-20191001-csv/5146#110887108>		"chikhalidwe cha chigwilizano"@ny	
"самообслужване"@bg	<https://panlex.org/snapshot/panlex-20191001-csv/5146#110888075>				<https://panlex.org/snapshot/panlex-20191001-csv/5146#110888058>		"kuzichitira pa yekha"@ny	
"клиент"@bg	<https://panlex.org/snapshot/panlex-20191001-csv/5146#110886561>				<https://panlex.org/snapshot/panlex-20191001-csv/5146#110886539>		"kastomala"@ny	
"фирма"@bg	<https://panlex.org/snapshot/panlex-20191001-csv/5146#110887507>				<https://panlex.org/snapshot/panlex-20191001-csv/5146#110887489>		"malonda"@ny	
"продажба по пощата"@bg	<https://panlex.org/snapshot/panlex-20191001-csv/5146#110889079>				<https://panlex.org/snapshot/panlex-20191001-csv/5146#110889063>		"kulengeza makalata"@ny	
"застъпническа група"@bg	<https://panlex.org/snapshot/panlex-20191001-csv/5146#110887887>				<https://panlex.org/snapshot/panlex-20191001-csv/5146#110887869>		"gulu"@ny	
"спомоществователство"@bg	<https://panlex.org/snapshot/panlex-20191001-csv/5146#110888751>				<https://panlex.org/snapshot/panlex-20191001-csv/5146#110888734>		"kukhalira kumbuyo"@ny	
"подпомагащ отдел"@bg	<https://panlex.org/snapshot/panlex-20191001-csv/5146#110889517>				<https://panlex.org/snapshot/panlex-20191001-csv/5146#110889506>		"nchito yothandizira"@ny	
"бизнес план"@bg	<https://panlex.org/snapshot/panlex-20191001-csv/5146#110888873>				<https://panlex.org/snapshot/panlex-20191001-csv/5146#110888859>		"pulano la malonda"@ny	
"хипермаркет"@bg	<https://panlex.org/snapshot/panlex-20191001-csv/5146#110887927>				<https://panlex.org/snapshot/panlex-20191001-csv/5146#110887919>		"sitolo la hypermarket"@ny	
"пазар"@bg	<https://panlex.org/snapshot/panlex-20191001-csv/5146#110888329>				<https://panlex.org/snapshot/panlex-20191001-csv/5146#110888316>		"msika"@ny	
"пътническа агенция"@bg	<https://panlex.org/snapshot/panlex-20191001-csv/5146#110890008>				<https://panlex.org/snapshot/panlex-20191001-csv/5146#110889988>		"wa nchito yoendera"@ny	
"компания-похитител"@bg	<https://panlex.org/snapshot/panlex-20191001-csv/5146#110886506>				<https://panlex.org/snapshot/panlex-20191001-csv/5146#110886498>		"usiku oipa"@ny	
"устойчиво развитие"@bg	<https://panlex.org/snapshot/panlex-20191001-csv/5146#110887448>				<https://panlex.org/snapshot/panlex-20191001-csv/5146#110887433>		"chitukuko chokhazikika"@ny	
"допълнително средносрочно кредитиране"@bg	<https://panlex.org/snapshot/panlex-20191001-csv/5146#110887037>				<https://panlex.org/snapshot/panlex-20191001-csv/5146#110887032>		"ndalama yatsopano"@ny	
"благодаря"@bg	<https://panlex.org/snapshot/panlex-20191001-csv/5146#110888551>				<https://panlex.org/snapshot/panlex-20191001-csv/5146#110888535>		"zikomo"@ny	
"ново проспериращо предпиятие"@bg	<https://panlex.org/snapshot/panlex-20191001-csv/5146#110888008>				<https://panlex.org/snapshot/panlex-20191001-csv/5146#110887993>		"zomera zing`no zing`ono"@ny	
"наставник"@bg	<https://panlex.org/snapshot/panlex-20191001-csv/5146#110888415>				<https://panlex.org/snapshot/panlex-20191001-csv/5146#110888397>		"ounikira"@ny	
"ръководител"@bg	<https://panlex.org/snapshot/panlex-20191001-csv/5146#110888244>				<https://panlex.org/snapshot/panlex-20191001-csv/5146#110888229>		"mkulu wa nchito"@ny	
"довиждане"@bg	<https://panlex.org/snapshot/panlex-20191001-csv/5146#110886156>				<https://panlex.org/snapshot/panlex-20191001-csv/5146#110886138>		"tsalani bwino"@ny	
"обслужване на волана"@bg	<https://panlex.org/snapshot/panlex-20191001-csv/5146#110889484>				<https://panlex.org/snapshot/panlex-20191001-csv/5146#110889476>		"nchito yozungulira"@ny	
"дружество"@bg	<https://panlex.org/snapshot/panlex-20191001-csv/5146#110889577>				<https://panlex.org/snapshot/panlex-20191001-csv/5146#110889569>		"kampani"@ny	
"добър ден"@bg	<https://panlex.org/snapshot/panlex-20191001-csv/5146#110886295>				<https://panlex.org/snapshot/panlex-20191001-csv/5146#110886279>		"mwauka bwanji"@ny	
"стокооборот"@bg	<https://panlex.org/snapshot/panlex-20191001-csv/5146#110889327>				<https://panlex.org/snapshot/panlex-20191001-csv/5146#110889304>		"kuzungulira"@ny	
"маркетинг"@bg	<https://panlex.org/snapshot/panlex-20191001-csv/5146#110888495>				<https://panlex.org/snapshot/panlex-20191001-csv/5146#110888478>		"kutsatsa malonda"@ny	
"ефикасен потребителски оттовор"@bg	<https://panlex.org/snapshot/panlex-20191001-csv/5146#110889348>				<https://panlex.org/snapshot/panlex-20191001-csv/5146#110889342>		"kuyankha kastomala mofunikira"@ny	
"логистична верига"@bg	<https://panlex.org/snapshot/panlex-20191001-csv/5146#110886459>				<https://panlex.org/snapshot/panlex-20191001-csv/5146#110886445>		"njira yopanga dongosolo"@ny	
"вода"@bg	<https://panlex.org/snapshot/panlex-20191001-csv/11#787506>				<https://panlex.org/snapshot/panlex-20191001-csv/11#787691>		"madzi"@ny	
