"елул"@bg	<https://panlex.org/snapshot/panlex-20191001-csv/2898#110834050>				<https://panlex.org/snapshot/panlex-20191001-csv/2898#110834018>		"u-Eluli"@nr	
"ияр"@bg	<https://panlex.org/snapshot/panlex-20191001-csv/2898#110833774>				<https://panlex.org/snapshot/panlex-20191001-csv/2898#110833740>		"u-Ijari"@nr	
"адар"@bg	<https://panlex.org/snapshot/panlex-20191001-csv/2898#110834437>				<https://panlex.org/snapshot/panlex-20191001-csv/2898#110834460>		"u-Adari"@nr	
"тисри"@bg	<https://panlex.org/snapshot/panlex-20191001-csv/2898#110834104>				<https://panlex.org/snapshot/panlex-20191001-csv/2898#110834073>		"uThishiri"@nr	
"тевет"@bg	<https://panlex.org/snapshot/panlex-20191001-csv/2898#110834336>				<https://panlex.org/snapshot/panlex-20191001-csv/2898#110834346>		"uThebhethi"@nr	
"сават"@bg	<https://panlex.org/snapshot/panlex-20191001-csv/2898#110834376>				<https://panlex.org/snapshot/panlex-20191001-csv/2898#110834424>		"uShebhathi"@nr	
"тамуз"@bg	<https://panlex.org/snapshot/panlex-20191001-csv/2898#110833883>				<https://panlex.org/snapshot/panlex-20191001-csv/2898#110833917>		"uThamuzi"@nr	
"маресван"@bg	<https://panlex.org/snapshot/panlex-20191001-csv/2898#110834185>				<https://panlex.org/snapshot/panlex-20191001-csv/2898#110834191>		"uHeshivani"@nr	
"маресван"@bg	<https://panlex.org/snapshot/panlex-20191001-csv/2898#110834185>				<https://panlex.org/snapshot/panlex-20191001-csv/2898#110834126>		"uMariheshivani"@nr	
"ав"@bg	<https://panlex.org/snapshot/panlex-20191001-csv/2898#110833960>				<https://panlex.org/snapshot/panlex-20191001-csv/2898#110833986>		"u-Abhi"@nr	
"хаслев"@bg	<https://panlex.org/snapshot/panlex-20191001-csv/2898#110834247>				<https://panlex.org/snapshot/panlex-20191001-csv/2898#110834305>		"uKhisilevi"@nr	
"нисан"@bg	<https://panlex.org/snapshot/panlex-20191001-csv/2898#110833706>				<https://panlex.org/snapshot/panlex-20191001-csv/2898#110833723>		"uNisani"@nr	
"сиван"@bg	<https://panlex.org/snapshot/panlex-20191001-csv/2898#110833824>				<https://panlex.org/snapshot/panlex-20191001-csv/2898#110833809>		"uSivana"@nr	
"есван"@bg	<https://panlex.org/snapshot/panlex-20191001-csv/2898#110834225>				<https://panlex.org/snapshot/panlex-20191001-csv/2898#110834191>		"uHeshivani"@nr	
"есван"@bg	<https://panlex.org/snapshot/panlex-20191001-csv/2898#110834225>				<https://panlex.org/snapshot/panlex-20191001-csv/2898#110834126>		"uMariheshivani"@nr	
"Африка"@bg	<https://panlex.org/snapshot/panlex-20191001-csv/2891#110853229>				<https://panlex.org/snapshot/panlex-20191001-csv/2891#110853075>		"Afrika"@nr	
