"вода"@bg	<https://panlex.org/snapshot/panlex-20191001-csv/12#850866>				<https://panlex.org/snapshot/panlex-20191001-csv/12#851134>		"tạnu"@rtm	
"мир"@bg	<https://panlex.org/snapshot/panlex-20191001-csv/2902#111012155>				<https://panlex.org/snapshot/panlex-20191001-csv/2902#111011989>		"huag totoka"@rtm	
"strə́mna skalá"@bg	<https://panlex.org/snapshot/panlex-20191001-csv/1573#50083881>				<https://panlex.org/snapshot/panlex-20191001-csv/1573#50084053>		"hɔf ar sisi"@rtm	
"svját"@bg	<https://panlex.org/snapshot/panlex-20191001-csv/1573#50081727>				<https://panlex.org/snapshot/panlex-20191001-csv/1573#50081877>		"rani"@rtm	
"ravniná"@bg	<https://panlex.org/snapshot/panlex-20191001-csv/1573#50084167>				<https://panlex.org/snapshot/panlex-20191001-csv/1573#50084391>		"ut araŋʔesea"@rtm	
"vərtóp"@bg	<https://panlex.org/snapshot/panlex-20191001-csv/1573#50088653>				<https://panlex.org/snapshot/panlex-20191001-csv/1573#50088764>		"ahio-hio"@rtm	
"óstrov"@bg	<https://panlex.org/snapshot/panlex-20191001-csv/1573#50084712>				<https://panlex.org/snapshot/panlex-20191001-csv/1573#50084851>		"ʔɔtmotu"@rtm	
"prax"@bg	<https://panlex.org/snapshot/panlex-20191001-csv/1573#50082632>				<https://panlex.org/snapshot/panlex-20191001-csv/1573#50082803>		"kef-kefu"@rtm	
"nebé"@bg	<https://panlex.org/snapshot/panlex-20191001-csv/1573#50091063>				<https://panlex.org/snapshot/panlex-20191001-csv/1573#50091217>		"lɔŋi"@rtm	
"ízvor"@bg	<https://panlex.org/snapshot/panlex-20191001-csv/1573#50088871>				<https://panlex.org/snapshot/panlex-20191001-csv/1573#50089111>		"vɔi"@rtm	
"póčva"@bg	<https://panlex.org/snapshot/panlex-20191001-csv/1573#50082315>				<https://panlex.org/snapshot/panlex-20191001-csv/1573#50082520>		"pera"@rtm	
"nos"@bg	<https://panlex.org/snapshot/panlex-20191001-csv/1573#50087494>				<https://panlex.org/snapshot/panlex-20191001-csv/1573#50087580>		"is-ne-hanua"@rtm	
"nos"@bg	<https://panlex.org/snapshot/panlex-20191001-csv/1573#50087494>				<https://panlex.org/snapshot/panlex-20191001-csv/1573#50087581>		"isu"@rtm	
"pjásək"@bg	<https://panlex.org/snapshot/panlex-20191001-csv/1573#50083192>				<https://panlex.org/snapshot/panlex-20191001-csv/1573#50083350>		"fan-fana"@rtm	
"kal"@bg	<https://panlex.org/snapshot/panlex-20191001-csv/1573#50082905>				<https://panlex.org/snapshot/panlex-20191001-csv/1573#50083101>		"mamaʔono"@rtm	
"úrva"@bg	<https://panlex.org/snapshot/panlex-20191001-csv/1573#50083882>				<https://panlex.org/snapshot/panlex-20191001-csv/1573#50084053>		"hɔf ar sisi"@rtm	
"zemjá"@bg	<https://panlex.org/snapshot/panlex-20191001-csv/1573#50081990>				<https://panlex.org/snapshot/panlex-20191001-csv/1573#50082192>		"hanua"@rtm	
"zemjá"@bg	<https://panlex.org/snapshot/panlex-20191001-csv/1573#50082316>				<https://panlex.org/snapshot/panlex-20191001-csv/1573#50082520>		"pera"@rtm	
"zemjá"@bg	<https://panlex.org/snapshot/panlex-20191001-csv/1573#50084924>				<https://panlex.org/snapshot/panlex-20191001-csv/1573#50085019>		"ufa"@rtm	
"razvəlnúvan"@bg	<https://panlex.org/snapshot/panlex-20191001-csv/1573#50086323>				<https://panlex.org/snapshot/panlex-20191001-csv/1573#50086426>		"vɔlu"@rtm	
"xəlm"@bg	<https://panlex.org/snapshot/panlex-20191001-csv/1573#50083472>				<https://panlex.org/snapshot/panlex-20191001-csv/1573#50083722>		"solo"@rtm	
"pjána"@bg	<https://panlex.org/snapshot/panlex-20191001-csv/1573#50086493>				<https://panlex.org/snapshot/panlex-20191001-csv/1573#50086624>		"fifi"@rtm	
"vodo-vərtéž"@bg	<https://panlex.org/snapshot/panlex-20191001-csv/1573#50088652>				<https://panlex.org/snapshot/panlex-20191001-csv/1573#50088764>		"ahio-hio"@rtm	
"reká"@bg	<https://panlex.org/snapshot/panlex-20191001-csv/1573#50088231>				<https://panlex.org/snapshot/panlex-20191001-csv/1573#50088519>		"sɔfu"@rtm	
"kámək"@bg	<https://panlex.org/snapshot/panlex-20191001-csv/1573#50090493>				<https://panlex.org/snapshot/panlex-20191001-csv/1573#50090751>		"hɔfu"@rtm	
"kontinént"@bg	<https://panlex.org/snapshot/panlex-20191001-csv/1573#50084922>				<https://panlex.org/snapshot/panlex-20191001-csv/1573#50085019>		"ufa"@rtm	
"slə́nc̷e"@bg	<https://panlex.org/snapshot/panlex-20191001-csv/1573#50091317>				<https://panlex.org/snapshot/panlex-20191001-csv/1573#50091473>		"asa"@rtm	
"moré"@bg	<https://panlex.org/snapshot/panlex-20191001-csv/1573#50085922>				<https://panlex.org/snapshot/panlex-20191001-csv/1573#50086060>		"sɔsi"@rtm	
"vodá"@bg	<https://panlex.org/snapshot/panlex-20191001-csv/1573#50085662>				<https://panlex.org/snapshot/panlex-20191001-csv/1573#50085822>		"tɔnu"@rtm	
"própast"@bg	<https://panlex.org/snapshot/panlex-20191001-csv/1573#50083880>				<https://panlex.org/snapshot/panlex-20191001-csv/1573#50084053>		"hɔf ar sisi"@rtm	
"bláto"@bg	<https://panlex.org/snapshot/panlex-20191001-csv/1573#50089224>				<https://panlex.org/snapshot/panlex-20191001-csv/1573#50089385>		"rano"@rtm	
"dərvó"@bg	<https://panlex.org/snapshot/panlex-20191001-csv/1573#50090211>				<https://panlex.org/snapshot/panlex-20191001-csv/1573#50090373>		"ʔɔi"@rtm	
"dərvó"@bg	<https://panlex.org/snapshot/panlex-20191001-csv/1573#50089960>				<https://panlex.org/snapshot/panlex-20191001-csv/1573#50090121>		"ʔɔi"@rtm	
"súša"@bg	<https://panlex.org/snapshot/panlex-20191001-csv/1573#50084923>				<https://panlex.org/snapshot/panlex-20191001-csv/1573#50085019>		"ufa"@rtm	
"zatíšie"@bg	<https://panlex.org/snapshot/panlex-20191001-csv/1573#50086141>				<https://panlex.org/snapshot/panlex-20191001-csv/1573#50086253>		"toka"@rtm	
"rúčej"@bg	<https://panlex.org/snapshot/panlex-20191001-csv/1573#50088232>				<https://panlex.org/snapshot/panlex-20191001-csv/1573#50088519>		"sɔfu"@rtm	
"kládenec̷"@bg	<https://panlex.org/snapshot/panlex-20191001-csv/1573#50088870>				<https://panlex.org/snapshot/panlex-20191001-csv/1573#50089111>		"vɔi"@rtm	
"rif"@bg	<https://panlex.org/snapshot/panlex-20191001-csv/1573#50087393>				<https://panlex.org/snapshot/panlex-20191001-csv/1573#50087466>		"haho"@rtm	
"planiná"@bg	<https://panlex.org/snapshot/panlex-20191001-csv/1573#50083471>				<https://panlex.org/snapshot/panlex-20191001-csv/1573#50083722>		"solo"@rtm	
"skalá"@bg	<https://panlex.org/snapshot/panlex-20191001-csv/1573#50090494>				<https://panlex.org/snapshot/panlex-20191001-csv/1573#50090751>		"hɔfu"@rtm	
"tresávište"@bg	<https://panlex.org/snapshot/panlex-20191001-csv/1573#50089225>				<https://panlex.org/snapshot/panlex-20191001-csv/1573#50089385>		"rano"@rtm	
"polé"@bg	<https://panlex.org/snapshot/panlex-20191001-csv/1573#50084166>				<https://panlex.org/snapshot/panlex-20191001-csv/1573#50084391>		"ut araŋʔesea"@rtm	
"kanará"@bg	<https://panlex.org/snapshot/panlex-20191001-csv/1573#50090492>				<https://panlex.org/snapshot/panlex-20191001-csv/1573#50090751>		"hɔfu"@rtm	
"kanará"@bg	<https://panlex.org/snapshot/panlex-20191001-csv/1573#50083879>				<https://panlex.org/snapshot/panlex-20191001-csv/1573#50084053>		"hɔf ar sisi"@rtm	
"príliv"@bg	<https://panlex.org/snapshot/panlex-20191001-csv/1573#50087866>				<https://panlex.org/snapshot/panlex-20191001-csv/1573#50087932>		"mɔfi"@rtm	
"pešterá"@bg	<https://panlex.org/snapshot/panlex-20191001-csv/1573#50085422>				<https://panlex.org/snapshot/panlex-20191001-csv/1573#50085576>		"ʔana"@rtm	
"ézero"@bg	<https://panlex.org/snapshot/panlex-20191001-csv/1573#50086897>				<https://panlex.org/snapshot/panlex-20191001-csv/1573#50087042>		"vɔi-loŋa"@rtm	
"brjag"@bg	<https://panlex.org/snapshot/panlex-20191001-csv/1573#50085092>				<https://panlex.org/snapshot/panlex-20191001-csv/1573#50085303>		"ufaŋa"@rtm	
"doliná"@bg	<https://panlex.org/snapshot/panlex-20191001-csv/1573#50084495>				<https://panlex.org/snapshot/panlex-20191001-csv/1573#50084640>		"maʔea"@rtm	
"potók"@bg	<https://panlex.org/snapshot/panlex-20191001-csv/1573#50088230>				<https://panlex.org/snapshot/panlex-20191001-csv/1573#50088519>		"sɔfu"@rtm	
"okeán"@bg	<https://panlex.org/snapshot/panlex-20191001-csv/1573#50086707>				<https://panlex.org/snapshot/panlex-20191001-csv/1573#50086812>		"liʔu"@rtm	
"zeme-tresénie"@bg	<https://panlex.org/snapshot/panlex-20191001-csv/1573#50090871>				<https://panlex.org/snapshot/panlex-20191001-csv/1573#50090986>		"rue"@rtm	
"gorá"@bg	<https://panlex.org/snapshot/panlex-20191001-csv/1573#50089666>				<https://panlex.org/snapshot/panlex-20191001-csv/1573#50089852>		"vao"@rtm	
"vəlná"@bg	<https://panlex.org/snapshot/panlex-20191001-csv/1573#50087647>				<https://panlex.org/snapshot/panlex-20191001-csv/1573#50087799>		"vɔlu"@rtm	
"vəlná"@bg	<https://panlex.org/snapshot/panlex-20191001-csv/1573#50087647>				<https://panlex.org/snapshot/panlex-20191001-csv/1573#50087798>		"peau"@rtm	
"spokójstvie"@bg	<https://panlex.org/snapshot/panlex-20191001-csv/1573#50086140>				<https://panlex.org/snapshot/panlex-20191001-csv/1573#50086253>		"toka"@rtm	
"ótliv"@bg	<https://panlex.org/snapshot/panlex-20191001-csv/1573#50087867>				<https://panlex.org/snapshot/panlex-20191001-csv/1573#50087932>		"mɔfi"@rtm	
"кръв"@bg	<https://panlex.org/snapshot/panlex-20191001-csv/15#965034>				<https://panlex.org/snapshot/panlex-20191001-csv/15#965067>		"toto"@rtm	
