"wálar"@kwh	<https://panlex.org/snapshot/panlex-20191001-csv/12#851003>				<https://panlex.org/snapshot/panlex-20191001-csv/12#851240>		"naru"@wiv	
"raran"@kwh	<https://panlex.org/snapshot/panlex-20191001-csv/114#8054447>				<https://panlex.org/snapshot/panlex-20191001-csv/114#8054731>		"dala"@wiv	
"tuʼurom"@kwh	<https://panlex.org/snapshot/panlex-20191001-csv/114#8052826>				<https://panlex.org/snapshot/panlex-20191001-csv/114#8053085>		"maroro"@wiv	
"garan"@kwh	<https://panlex.org/snapshot/panlex-20191001-csv/114#8064152>				<https://panlex.org/snapshot/panlex-20191001-csv/114#8064450>		"loǥo"@wiv	
"baʼ"@kwh	<https://panlex.org/snapshot/panlex-20191001-csv/114#8054951>				<https://panlex.org/snapshot/panlex-20191001-csv/114#8055235>		"mai"@wiv	
"rifut"@kwh	<https://panlex.org/snapshot/panlex-20191001-csv/114#8067271>				<https://panlex.org/snapshot/panlex-20191001-csv/114#8067578>		"ǥaḏe"@wiv	
"abu|ba"@kwh	<https://panlex.org/snapshot/panlex-20191001-csv/114#8056953>				<https://panlex.org/snapshot/panlex-20191001-csv/114#8057217>		"ǥabulo"@wiv	
"umum fur"@kwh	<https://panlex.org/snapshot/panlex-20191001-csv/114#8064689>				<https://panlex.org/snapshot/panlex-20191001-csv/114#8064999>		"vulu"@wiv	
