"wálar"@kwh	<https://panlex.org/snapshot/panlex-20191001-csv/12#851003>				<https://panlex.org/snapshot/panlex-20191001-csv/12#851066>		"atele"@mte	
"raran"@kwh	<https://panlex.org/snapshot/panlex-20191001-csv/114#8054447>				<https://panlex.org/snapshot/panlex-20191001-csv/114#8054531>		"poʔa"@mte	
"tuʼurom"@kwh	<https://panlex.org/snapshot/panlex-20191001-csv/114#8052826>				<https://panlex.org/snapshot/panlex-20191001-csv/114#8052906>		"matau"@mte	
"garan"@kwh	<https://panlex.org/snapshot/panlex-20191001-csv/114#8064152>				<https://panlex.org/snapshot/panlex-20191001-csv/114#8064238>		"lua-"@mte	
"baʼ"@kwh	<https://panlex.org/snapshot/panlex-20191001-csv/114#8054951>				<https://panlex.org/snapshot/panlex-20191001-csv/114#8055034>		"laoma"@mte	
"rifut"@kwh	<https://panlex.org/snapshot/panlex-20191001-csv/114#8067271>				<https://panlex.org/snapshot/panlex-20191001-csv/114#8067365>		"nihɔ-"@mte	
"abu|ba"@kwh	<https://panlex.org/snapshot/panlex-20191001-csv/114#8056953>				<https://panlex.org/snapshot/panlex-20191001-csv/114#8057035>		"kotehu"@mte	
