"sie"@chb	<https://panlex.org/snapshot/panlex-20191001-csv/1573#50088248>				<https://panlex.org/snapshot/panlex-20191001-csv/1573#50088220>		"ʔanuχʷum"@blc	
"sie"@chb	<https://panlex.org/snapshot/panlex-20191001-csv/1573#50085673>				<https://panlex.org/snapshot/panlex-20191001-csv/1573#50085656>		"xʷnał"@blc	
"sie"@chb	<https://panlex.org/snapshot/panlex-20191001-csv/1573#50085673>				<https://panlex.org/snapshot/panlex-20191001-csv/1573#50085657>		"ḳla"@blc	
"guanza"@chb	<https://panlex.org/snapshot/panlex-20191001-csv/1573#50083204>				<https://panlex.org/snapshot/panlex-20191001-csv/1573#50083186>		"c̷ˀix"@blc	
"guanza"@chb	<https://panlex.org/snapshot/panlex-20191001-csv/1573#50083204>				<https://panlex.org/snapshot/panlex-20191001-csv/1573#50083187>		"sḳc̷ˀ"@blc	
"βuske"@chb	<https://panlex.org/snapshot/panlex-20191001-csv/1573#50082645>				<https://panlex.org/snapshot/panlex-20191001-csv/1573#50082625>		"ḳˀʷp"@blc	
"kɨka"@chb	<https://panlex.org/snapshot/panlex-20191001-csv/1573#50082001>				<https://panlex.org/snapshot/panlex-20191001-csv/1573#50081982>		"-ulmx"@blc	
"kɨka"@chb	<https://panlex.org/snapshot/panlex-20191001-csv/1573#50082001>				<https://panlex.org/snapshot/panlex-20191001-csv/1573#50081983>		"kuł-ulmx"@blc	
"sietoque"@chb	<https://panlex.org/snapshot/panlex-20191001-csv/1573#50088250>				<https://panlex.org/snapshot/panlex-20191001-csv/1573#50088220>		"ʔanuχʷum"@blc	
"si-ua"@chb	<https://panlex.org/snapshot/panlex-20191001-csv/1573#50087269>				<https://panlex.org/snapshot/panlex-20191001-csv/1573#50087258>		"nu-c̷ał"@blc	
"si-ua"@chb	<https://panlex.org/snapshot/panlex-20191001-csv/1573#50086908>				<https://panlex.org/snapshot/panlex-20191001-csv/1573#50086888>		"c̷ał"@blc	
"si-ua"@chb	<https://panlex.org/snapshot/panlex-20191001-csv/1573#50086908>				<https://panlex.org/snapshot/panlex-20191001-csv/1573#50086889>		"nuc̷ał"@blc	
"isua"@chb	<https://panlex.org/snapshot/panlex-20191001-csv/1573#50082916>				<https://panlex.org/snapshot/panlex-20191001-csv/1573#50082899>		"stḳʷ"@blc	
"quyca"@chb	<https://panlex.org/snapshot/panlex-20191001-csv/1573#50082002>				<https://panlex.org/snapshot/panlex-20191001-csv/1573#50081982>		"-ulmx"@blc	
"quyca"@chb	<https://panlex.org/snapshot/panlex-20191001-csv/1573#50082002>				<https://panlex.org/snapshot/panlex-20191001-csv/1573#50081983>		"kuł-ulmx"@blc	
"xie"@chb	<https://panlex.org/snapshot/panlex-20191001-csv/1573#50088251>				<https://panlex.org/snapshot/panlex-20191001-csv/1573#50088220>		"ʔanuχʷum"@blc	
"ɣua"@chb	<https://panlex.org/snapshot/panlex-20191001-csv/1573#50083492>				<https://panlex.org/snapshot/panlex-20191001-csv/1573#50083463>		"smt"@blc	
"ɣua"@chb	<https://panlex.org/snapshot/panlex-20191001-csv/1573#50083492>				<https://panlex.org/snapshot/panlex-20191001-csv/1573#50083464>		"λˀkuł"@blc	
"gua"@chb	<https://panlex.org/snapshot/panlex-20191001-csv/1573#50083491>				<https://panlex.org/snapshot/panlex-20191001-csv/1573#50083463>		"smt"@blc	
"gua"@chb	<https://panlex.org/snapshot/panlex-20191001-csv/1573#50083491>				<https://panlex.org/snapshot/panlex-20191001-csv/1573#50083464>		"λˀkuł"@blc	
"kɨe"@chb	<https://panlex.org/snapshot/panlex-20191001-csv/1573#50089971>				<https://panlex.org/snapshot/panlex-20191001-csv/1573#50089954>		"-łp"@blc	
"kɨe"@chb	<https://panlex.org/snapshot/panlex-20191001-csv/1573#50089971>				<https://panlex.org/snapshot/panlex-20191001-csv/1573#50089953>		"-āχ-"@blc	
"kɨe"@chb	<https://panlex.org/snapshot/panlex-20191001-csv/1573#50089971>				<https://panlex.org/snapshot/panlex-20191001-csv/1573#50089955>		"stn"@blc	
"kɨe"@chb	<https://panlex.org/snapshot/panlex-20191001-csv/1573#50089679>				<https://panlex.org/snapshot/panlex-20191001-csv/1573#50089661>		"ʔasikāχ"@blc	
"ɣua-nc̷̣a"@chb	<https://panlex.org/snapshot/panlex-20191001-csv/1573#50083205>				<https://panlex.org/snapshot/panlex-20191001-csv/1573#50083186>		"c̷ˀix"@blc	
"ɣua-nc̷̣a"@chb	<https://panlex.org/snapshot/panlex-20191001-csv/1573#50083205>				<https://panlex.org/snapshot/panlex-20191001-csv/1573#50083187>		"sḳc̷ˀ"@blc	
"quye"@chb	<https://panlex.org/snapshot/panlex-20191001-csv/1573#50089972>				<https://panlex.org/snapshot/panlex-20191001-csv/1573#50089954>		"-łp"@blc	
"quye"@chb	<https://panlex.org/snapshot/panlex-20191001-csv/1573#50089972>				<https://panlex.org/snapshot/panlex-20191001-csv/1573#50089953>		"-āχ-"@blc	
"quye"@chb	<https://panlex.org/snapshot/panlex-20191001-csv/1573#50089972>				<https://panlex.org/snapshot/panlex-20191001-csv/1573#50089955>		"stn"@blc	
"quye"@chb	<https://panlex.org/snapshot/panlex-20191001-csv/1573#50089680>				<https://panlex.org/snapshot/panlex-20191001-csv/1573#50089661>		"ʔasikāχ"@blc	
"fusque"@chb	<https://panlex.org/snapshot/panlex-20191001-csv/1573#50082644>				<https://panlex.org/snapshot/panlex-20191001-csv/1573#50082625>		"ḳˀʷp"@blc	
"sua"@chb	<https://panlex.org/snapshot/panlex-20191001-csv/1573#50091328>				<https://panlex.org/snapshot/panlex-20191001-csv/1573#50091312>		"snχ"@blc	
"sie-toke"@chb	<https://panlex.org/snapshot/panlex-20191001-csv/1573#50088249>				<https://panlex.org/snapshot/panlex-20191001-csv/1573#50088220>		"ʔanuχʷum"@blc	
"xiua"@chb	<https://panlex.org/snapshot/panlex-20191001-csv/1573#50086909>				<https://panlex.org/snapshot/panlex-20191001-csv/1573#50086888>		"c̷ał"@blc	
"xiua"@chb	<https://panlex.org/snapshot/panlex-20191001-csv/1573#50086909>				<https://panlex.org/snapshot/panlex-20191001-csv/1573#50086889>		"nuc̷ał"@blc	
"xiua"@chb	<https://panlex.org/snapshot/panlex-20191001-csv/1573#50087270>				<https://panlex.org/snapshot/panlex-20191001-csv/1573#50087258>		"nu-c̷ał"@blc	
