"aru"@ayr	<https://panlex.org/snapshot/panlex-20191001-csv/2129#11694270>				<https://panlex.org/snapshot/panlex-20191001-csv/2129#11694393>		"gí-giân"@nan	
"phisi"@ayr	<https://panlex.org/snapshot/panlex-20191001-csv/2129#11694494>				<https://panlex.org/snapshot/panlex-20191001-csv/2129#11694614>		"niau"@nan	
"Wuliwya"@ayr	<https://panlex.org/snapshot/panlex-20191001-csv/9#500385>				<https://panlex.org/snapshot/panlex-20191001-csv/9#500408>		"玻利維亞"@nan	
"kusisiña"@ayr	<https://panlex.org/snapshot/panlex-20191001-csv/9#476863>				<https://panlex.org/snapshot/panlex-20191001-csv/9#476899>		"歡喜"@nan	
"kusisiña"@ayr	<https://panlex.org/snapshot/panlex-20191001-csv/9#476863>				<https://panlex.org/snapshot/panlex-20191001-csv/9#476900>		"高興"@nan	
"jachʼa marka"@ayr	<https://panlex.org/snapshot/panlex-20191001-csv/9#478162>				<https://panlex.org/snapshot/panlex-20191001-csv/9#478204>		"鎮"@nan	
"pupa"@ayr	<https://panlex.org/snapshot/panlex-20191001-csv/9#479906>				<https://panlex.org/snapshot/panlex-20191001-csv/9#479943>		"蜜蜂"@nan	
"waruru"@ayr	<https://panlex.org/snapshot/panlex-20191001-csv/9#476788>				<https://panlex.org/snapshot/panlex-20191001-csv/9#476828>		"音樂"@nan	
"Piruw"@ayr	<https://panlex.org/snapshot/panlex-20191001-csv/9#500585>				<https://panlex.org/snapshot/panlex-20191001-csv/9#500603>		"秘魯"@nan	
"samaña uru"@ayr	<https://panlex.org/snapshot/panlex-20191001-csv/2892#110826173>				<https://panlex.org/snapshot/panlex-20191001-csv/2892#110826478>		"拜六"@nan	
"sawaru"@ayr	<https://panlex.org/snapshot/panlex-20191001-csv/2892#110826535>				<https://panlex.org/snapshot/panlex-20191001-csv/2892#110826478>		"拜六"@nan	
"tuminku"@ayr	<https://panlex.org/snapshot/panlex-20191001-csv/2892#110827018>				<https://panlex.org/snapshot/panlex-20191001-csv/2892#110826814>		"禮拜"@nan	
"phaxsi uru"@ayr	<https://panlex.org/snapshot/panlex-20191001-csv/2892#110824178>				<https://panlex.org/snapshot/panlex-20191001-csv/2892#110824005>		"拜一"@nan	
"mirkurisa"@ayr	<https://panlex.org/snapshot/panlex-20191001-csv/2892#110824905>				<https://panlex.org/snapshot/panlex-20191001-csv/2892#110825076>		"拜三"@nan	
"ñanqha uru"@ayr	<https://panlex.org/snapshot/panlex-20191001-csv/2892#110825717>				<https://panlex.org/snapshot/panlex-20191001-csv/2892#110826117>		"拜五"@nan	
"saxra uru"@ayr	<https://panlex.org/snapshot/panlex-20191001-csv/2892#110824759>				<https://panlex.org/snapshot/panlex-20191001-csv/2892#110824535>		"拜二"@nan	
"martisa"@ayr	<https://panlex.org/snapshot/panlex-20191001-csv/2892#110824433>				<https://panlex.org/snapshot/panlex-20191001-csv/2892#110824535>		"拜二"@nan	
"juywisa"@ayr	<https://panlex.org/snapshot/panlex-20191001-csv/2892#110825313>				<https://panlex.org/snapshot/panlex-20191001-csv/2892#110825504>		"拜四"@nan	
"lunisa"@ayr	<https://panlex.org/snapshot/panlex-20191001-csv/2892#110824352>				<https://panlex.org/snapshot/panlex-20191001-csv/2892#110824005>		"拜一"@nan	
"willka uru"@ayr	<https://panlex.org/snapshot/panlex-20191001-csv/2892#110826858>				<https://panlex.org/snapshot/panlex-20191001-csv/2892#110826814>		"禮拜"@nan	
"wirnisa"@ayr	<https://panlex.org/snapshot/panlex-20191001-csv/2892#110825755>				<https://panlex.org/snapshot/panlex-20191001-csv/2892#110826117>		"拜五"@nan	
"illapa uru"@ayr	<https://panlex.org/snapshot/panlex-20191001-csv/2892#110825408>				<https://panlex.org/snapshot/panlex-20191001-csv/2892#110825504>		"拜四"@nan	
"pacha uru"@ayr	<https://panlex.org/snapshot/panlex-20191001-csv/2892#110825104>				<https://panlex.org/snapshot/panlex-20191001-csv/2892#110825076>		"拜三"@nan	
"huillka kuti"@ayr	<https://panlex.org/snapshot/panlex-20191001-csv/2897#110829575>				<https://panlex.org/snapshot/panlex-20191001-csv/2897#110829728>		"七月"@nan	
"mara t’aqa"@ayr	<https://panlex.org/snapshot/panlex-20191001-csv/2897#110829241>				<https://panlex.org/snapshot/panlex-20191001-csv/2897#110829267>		"六月"@nan	
"lapaka"@ayr	<https://panlex.org/snapshot/panlex-20191001-csv/2897#110831274>				<https://panlex.org/snapshot/panlex-20191001-csv/2897#110831478>		"十一月"@nan	
"qasïwi"@ayr	<https://panlex.org/snapshot/panlex-20191001-csv/2897#110829031>				<https://panlex.org/snapshot/panlex-20191001-csv/2897#110828950>		"五月"@nan	
"anata"@ayr	<https://panlex.org/snapshot/panlex-20191001-csv/2897#110827497>				<https://panlex.org/snapshot/panlex-20191001-csv/2897#110827481>		"二月"@nan	
"sata"@ayr	<https://panlex.org/snapshot/panlex-20191001-csv/2897#110830392>				<https://panlex.org/snapshot/panlex-20191001-csv/2897#110830640>		"九月"@nan	
"chika sata"@ayr	<https://panlex.org/snapshot/panlex-20191001-csv/2897#110831124>				<https://panlex.org/snapshot/panlex-20191001-csv/2897#110831045>		"十月"@nan	
"jallu qallta"@ayr	<https://panlex.org/snapshot/panlex-20191001-csv/2897#110831800>				<https://panlex.org/snapshot/panlex-20191001-csv/2897#110831626>		"十二月"@nan	
"llamayu"@ayr	<https://panlex.org/snapshot/panlex-20191001-csv/2897#110828473>				<https://panlex.org/snapshot/panlex-20191001-csv/2897#110828267>		"四月"@nan	
"llumpaqa"@ayr	<https://panlex.org/snapshot/panlex-20191001-csv/2897#110830128>				<https://panlex.org/snapshot/panlex-20191001-csv/2897#110829955>		"八月"@nan	
"chichu"@ayr	<https://panlex.org/snapshot/panlex-20191001-csv/2897#110827435>				<https://panlex.org/snapshot/panlex-20191001-csv/2897#110827158>		"一月"@nan	
"chuqa"@ayr	<https://panlex.org/snapshot/panlex-20191001-csv/2897#110828168>				<https://panlex.org/snapshot/panlex-20191001-csv/2897#110828076>		"三月"@nan	
