"samaña uru"@ayr	<https://panlex.org/snapshot/panlex-20191001-csv/2892#110826173>				<https://panlex.org/snapshot/panlex-20191001-csv/2892#110826181>		"laavvardahke"@sma	
"sawaru"@ayr	<https://panlex.org/snapshot/panlex-20191001-csv/2892#110826535>				<https://panlex.org/snapshot/panlex-20191001-csv/2892#110826181>		"laavvardahke"@sma	
"tuminku"@ayr	<https://panlex.org/snapshot/panlex-20191001-csv/2892#110827018>				<https://panlex.org/snapshot/panlex-20191001-csv/2892#110826967>		"aejlege"@sma	
"phaxsi uru"@ayr	<https://panlex.org/snapshot/panlex-20191001-csv/2892#110824178>				<https://panlex.org/snapshot/panlex-20191001-csv/2892#110824225>		"måanta"@sma	
"mirkurisa"@ayr	<https://panlex.org/snapshot/panlex-20191001-csv/2892#110824905>				<https://panlex.org/snapshot/panlex-20191001-csv/2892#110824854>		"gaskevåhkoe"@sma	
"ñanqha uru"@ayr	<https://panlex.org/snapshot/panlex-20191001-csv/2892#110825717>				<https://panlex.org/snapshot/panlex-20191001-csv/2892#110826003>		"bearjadahke"@sma	
"saxra uru"@ayr	<https://panlex.org/snapshot/panlex-20191001-csv/2892#110824759>				<https://panlex.org/snapshot/panlex-20191001-csv/2892#110824545>		"dæjsta"@sma	
"martisa"@ayr	<https://panlex.org/snapshot/panlex-20191001-csv/2892#110824433>				<https://panlex.org/snapshot/panlex-20191001-csv/2892#110824545>		"dæjsta"@sma	
"juywisa"@ayr	<https://panlex.org/snapshot/panlex-20191001-csv/2892#110825313>				<https://panlex.org/snapshot/panlex-20191001-csv/2892#110825420>		"duarsta"@sma	
"lunisa"@ayr	<https://panlex.org/snapshot/panlex-20191001-csv/2892#110824352>				<https://panlex.org/snapshot/panlex-20191001-csv/2892#110824225>		"måanta"@sma	
"willka uru"@ayr	<https://panlex.org/snapshot/panlex-20191001-csv/2892#110826858>				<https://panlex.org/snapshot/panlex-20191001-csv/2892#110826967>		"aejlege"@sma	
"wirnisa"@ayr	<https://panlex.org/snapshot/panlex-20191001-csv/2892#110825755>				<https://panlex.org/snapshot/panlex-20191001-csv/2892#110826003>		"bearjadahke"@sma	
"illapa uru"@ayr	<https://panlex.org/snapshot/panlex-20191001-csv/2892#110825408>				<https://panlex.org/snapshot/panlex-20191001-csv/2892#110825420>		"duarsta"@sma	
"pacha uru"@ayr	<https://panlex.org/snapshot/panlex-20191001-csv/2892#110825104>				<https://panlex.org/snapshot/panlex-20191001-csv/2892#110824854>		"gaskevåhkoe"@sma	
"huillka kuti"@ayr	<https://panlex.org/snapshot/panlex-20191001-csv/2897#110829575>				<https://panlex.org/snapshot/panlex-20191001-csv/2897#110829496>		"snjaltje"@sma	
"mara t’aqa"@ayr	<https://panlex.org/snapshot/panlex-20191001-csv/2897#110829241>				<https://panlex.org/snapshot/panlex-20191001-csv/2897#110829411>		"ruffie"@sma	
"lapaka"@ayr	<https://panlex.org/snapshot/panlex-20191001-csv/2897#110831274>				<https://panlex.org/snapshot/panlex-20191001-csv/2897#110831473>		"rahka"@sma	
"qasïwi"@ayr	<https://panlex.org/snapshot/panlex-20191001-csv/2897#110829031>				<https://panlex.org/snapshot/panlex-20191001-csv/2897#110829040>		"suehpede"@sma	
"anata"@ayr	<https://panlex.org/snapshot/panlex-20191001-csv/2897#110827497>				<https://panlex.org/snapshot/panlex-20191001-csv/2897#110827744>		"goevte"@sma	
"sata"@ayr	<https://panlex.org/snapshot/panlex-20191001-csv/2897#110830392>				<https://panlex.org/snapshot/panlex-20191001-csv/2897#110830387>		"skïerede"@sma	
"chika sata"@ayr	<https://panlex.org/snapshot/panlex-20191001-csv/2897#110831124>				<https://panlex.org/snapshot/panlex-20191001-csv/2897#110830916>		"golke"@sma	
"jallu qallta"@ayr	<https://panlex.org/snapshot/panlex-20191001-csv/2897#110831800>				<https://panlex.org/snapshot/panlex-20191001-csv/2897#110831649>		"goeve"@sma	
"llamayu"@ayr	<https://panlex.org/snapshot/panlex-20191001-csv/2897#110828473>				<https://panlex.org/snapshot/panlex-20191001-csv/2897#110828452>		"voerhtje"@sma	
"llumpaqa"@ayr	<https://panlex.org/snapshot/panlex-20191001-csv/2897#110830128>				<https://panlex.org/snapshot/panlex-20191001-csv/2897#110830279>		"mïetske"@sma	
"chichu"@ayr	<https://panlex.org/snapshot/panlex-20191001-csv/2897#110827435>				<https://panlex.org/snapshot/panlex-20191001-csv/2897#110827197>		"tsïengele"@sma	
"chuqa"@ayr	<https://panlex.org/snapshot/panlex-20191001-csv/2897#110828168>				<https://panlex.org/snapshot/panlex-20191001-csv/2897#110828193>		"njoktje"@sma	
