"nawiiti-"@aty	<https://panlex.org/snapshot/panlex-20191001-csv/114#8059355>				<https://panlex.org/snapshot/panlex-20191001-csv/114#8059509>		"usus"@kxd	
"nawiiti-"@aty	<https://panlex.org/snapshot/panlex-20191001-csv/114#8059355>				<https://panlex.org/snapshot/panlex-20191001-csv/114#8059508>		"taliparut"@kxd	
"inŋotje-"@aty	<https://panlex.org/snapshot/panlex-20191001-csv/114#8065057>				<https://panlex.org/snapshot/panlex-20191001-csv/114#8065244>		"idung"@kxd	
"nijma-"@aty	<https://panlex.org/snapshot/panlex-20191001-csv/114#8051644>				<https://panlex.org/snapshot/panlex-20191001-csv/114#8051839>		"tangan"@kxd	
"narase-"@aty	<https://panlex.org/snapshot/panlex-20191001-csv/114#8057266>				<https://panlex.org/snapshot/panlex-20191001-csv/114#8057440>		"kulit"@kxd	
"apam"@aty	<https://panlex.org/snapshot/panlex-20191001-csv/114#8054779>				<https://panlex.org/snapshot/panlex-20191001-csv/114#8054953>		"datang"@kxd	
"numri-nitjini-"@aty	<https://panlex.org/snapshot/panlex-20191001-csv/114#8064505>				<https://panlex.org/snapshot/panlex-20191001-csv/114#8064691>		"rambut"@kxd	
"ataktai"@aty	<https://panlex.org/snapshot/panlex-20191001-csv/114#8061932>				<https://panlex.org/snapshot/panlex-20191001-csv/114#8062082>		"bapikir"@kxd	
"aθejhañ"@aty	<https://panlex.org/snapshot/panlex-20191001-csv/114#8065595>				<https://panlex.org/snapshot/panlex-20191001-csv/114#8065743>		"banapas"@kxd	
"atŋa"@aty	<https://panlex.org/snapshot/panlex-20191001-csv/114#8053703>				<https://panlex.org/snapshot/panlex-20191001-csv/114#8053913>		"bajalan"@kxd	
"inm̃a"@aty	<https://panlex.org/snapshot/panlex-20191001-csv/114#8056806>				<https://panlex.org/snapshot/panlex-20191001-csv/114#8056954>		"abuk"@kxd	
