"nawiiti-"@aty	<https://panlex.org/snapshot/panlex-20191001-csv/114#8059355>				<https://panlex.org/snapshot/panlex-20191001-csv/114#8059413>		"dia-na"@dob	
"inŋotje-"@aty	<https://panlex.org/snapshot/panlex-20191001-csv/114#8065057>				<https://panlex.org/snapshot/panlex-20191001-csv/114#8065128>		"ʼubusu-na"@dob	
"nijma-"@aty	<https://panlex.org/snapshot/panlex-20191001-csv/114#8051644>				<https://panlex.org/snapshot/panlex-20191001-csv/114#8051723>		"nima-na"@dob	
"narase-"@aty	<https://panlex.org/snapshot/panlex-20191001-csv/114#8057266>				<https://panlex.org/snapshot/panlex-20191001-csv/114#8057337>		"bwara-na"@dob	
"apam"@aty	<https://panlex.org/snapshot/panlex-20191001-csv/114#8054779>				<https://panlex.org/snapshot/panlex-20191001-csv/114#8054845>		"ʼu da ma"@dob	
"numri-nitjini-"@aty	<https://panlex.org/snapshot/panlex-20191001-csv/114#8064505>				<https://panlex.org/snapshot/panlex-20191001-csv/114#8064578>		"ʼuiaʼuia-na"@dob	
"ataktai"@aty	<https://panlex.org/snapshot/panlex-20191001-csv/114#8061932>				<https://panlex.org/snapshot/panlex-20191001-csv/114#8061992>		"nuena"@dob	
"aθejhañ"@aty	<https://panlex.org/snapshot/panlex-20191001-csv/114#8065595>				<https://panlex.org/snapshot/panlex-20191001-csv/114#8065653>		"iawasi-na"@dob	
"atŋa"@aty	<https://panlex.org/snapshot/panlex-20191001-csv/114#8053703>				<https://panlex.org/snapshot/panlex-20191001-csv/114#8053788>		"lopilidadana"@dob	
"inm̃a"@aty	<https://panlex.org/snapshot/panlex-20191001-csv/114#8056806>				<https://panlex.org/snapshot/panlex-20191001-csv/114#8056864>		"kau"@dob	
