"хамис"@huz	<https://panlex.org/snapshot/panlex-20191001-csv/2892#110825618>				<https://panlex.org/snapshot/panlex-20191001-csv/2892#110825411>		"kuwakane"@rn	
"гьатӏан-вәдә"@huz	<https://panlex.org/snapshot/panlex-20191001-csv/2892#110826649>				<https://panlex.org/snapshot/panlex-20191001-csv/2892#110826903>		"kuwamungu"@rn	
"итни"@huz	<https://panlex.org/snapshot/panlex-20191001-csv/2892#110824038>				<https://panlex.org/snapshot/panlex-20191001-csv/2892#110824302>		"kuwambwere"@rn	
"арби"@huz	<https://panlex.org/snapshot/panlex-20191001-csv/2892#110824923>				<https://panlex.org/snapshot/panlex-20191001-csv/2892#110824983>		"kuwagatatu"@rn	
"талат"@huz	<https://panlex.org/snapshot/panlex-20191001-csv/2892#110824826>				<https://panlex.org/snapshot/panlex-20191001-csv/2892#110824472>		"kuwakabiri"@rn	
"рузман"@huz	<https://panlex.org/snapshot/panlex-20191001-csv/2892#110825746>				<https://panlex.org/snapshot/panlex-20191001-csv/2892#110825874>		"kuwagatanu"@rn	
"шамат"@huz	<https://panlex.org/snapshot/panlex-20191001-csv/2892#110826220>				<https://panlex.org/snapshot/panlex-20191001-csv/2892#110826254>		"kuwagatandatu"@rn	
