"tɯ nɯ"@jya	<https://panlex.org/snapshot/panlex-20191001-csv/114#8060482>				<https://panlex.org/snapshot/panlex-20191001-csv/114#8060744>		"susu-n"@ssg	
"tɯ pu"@jya	<https://panlex.org/snapshot/panlex-20191001-csv/114#8059480>				<https://panlex.org/snapshot/panlex-20191001-csv/114#8059698>		"puhũa-n"@ssg	
"tɯ rme"@jya	<https://panlex.org/snapshot/panlex-20191001-csv/114#8064659>				<https://panlex.org/snapshot/panlex-20191001-csv/114#8064902>		"uku-n"@ssg	
"ŋke"@jya	<https://panlex.org/snapshot/panlex-20191001-csv/114#8053878>				<https://panlex.org/snapshot/panlex-20191001-csv/114#8054139>		"nahĩ"@ssg	
"ɕɤ rɯ"@jya	<https://panlex.org/snapshot/panlex-20191001-csv/114#8058991>				<https://panlex.org/snapshot/panlex-20191001-csv/114#8059221>		"kui-n"@ssg	
"nɤ re"@jya	<https://panlex.org/snapshot/panlex-20191001-csv/114#8068305>				<https://panlex.org/snapshot/panlex-20191001-csv/114#8068534>		"mal"@ssg	
"ɴqhi"@jya	<https://panlex.org/snapshot/panlex-20191001-csv/114#8056444>				<https://panlex.org/snapshot/panlex-20191001-csv/114#8056673>		"lolo"@ssg	
"tɯ sŋɯro"@jya	<https://panlex.org/snapshot/panlex-20191001-csv/114#8065718>				<https://panlex.org/snapshot/panlex-20191001-csv/114#8065920>		"ha|naw"@ssg	
"tɯ jaʁ"@jya	<https://panlex.org/snapshot/panlex-20191001-csv/114#8051805>				<https://panlex.org/snapshot/panlex-20191001-csv/114#8052066>		"mina-n"@ssg	
"sɯs"@jya	<https://panlex.org/snapshot/panlex-20191001-csv/114#8061541>				<https://panlex.org/snapshot/panlex-20191001-csv/114#8061787>		"tioi"@ssg	
"tɯ mke"@jya	<https://panlex.org/snapshot/panlex-20191001-csv/114#8064123>				<https://panlex.org/snapshot/panlex-20191001-csv/114#8064355>		"kinawe-n"@ssg	
"tɯ xtu"@jya	<https://panlex.org/snapshot/panlex-20191001-csv/114#8058441>				<https://panlex.org/snapshot/panlex-20191001-csv/114#8058706>		"tia-n"@ssg	
"rdɯl"@jya	<https://panlex.org/snapshot/panlex-20191001-csv/114#8056932>				<https://panlex.org/snapshot/panlex-20191001-csv/114#8057146>		"axuan"@ssg	
