"tɯ nɯ"@jya	<https://panlex.org/snapshot/panlex-20191001-csv/114#8060482>				<https://panlex.org/snapshot/panlex-20191001-csv/114#8060437>		"súsu"@hnn	
"tɯ pu"@jya	<https://panlex.org/snapshot/panlex-20191001-csv/114#8059480>				<https://panlex.org/snapshot/panlex-20191001-csv/114#8059445>		"bitúkaʔ"@hnn	
"tɯ pu"@jya	<https://panlex.org/snapshot/panlex-20191001-csv/114#8059480>				<https://panlex.org/snapshot/panlex-20191001-csv/114#8059446>		"púnaʔ"@hnn	
"tɯ rme"@jya	<https://panlex.org/snapshot/panlex-20191001-csv/114#8064659>				<https://panlex.org/snapshot/panlex-20191001-csv/114#8064620>		"buhúk"@hnn	
"ŋke"@jya	<https://panlex.org/snapshot/panlex-20191001-csv/114#8053878>				<https://panlex.org/snapshot/panlex-20191001-csv/114#8053829>		"l-um-ákaw"@hnn	
"ɕɤ rɯ"@jya	<https://panlex.org/snapshot/panlex-20191001-csv/114#8058991>				<https://panlex.org/snapshot/panlex-20191001-csv/114#8058953>		"butʔúl"@hnn	
"nɤ re"@jya	<https://panlex.org/snapshot/panlex-20191001-csv/114#8068305>				<https://panlex.org/snapshot/panlex-20191001-csv/114#8068258>		"s-um-arí"@hnn	
"nɤ re"@jya	<https://panlex.org/snapshot/panlex-20191001-csv/114#8068305>				<https://panlex.org/snapshot/panlex-20191001-csv/114#8068257>		"akʔák"@hnn	
"ɴqhi"@jya	<https://panlex.org/snapshot/panlex-20191001-csv/114#8056444>				<https://panlex.org/snapshot/panlex-20191001-csv/114#8056399>		"ma-yagtíŋ"@hnn	
"ɴqhi"@jya	<https://panlex.org/snapshot/panlex-20191001-csv/114#8056444>				<https://panlex.org/snapshot/panlex-20191001-csv/114#8056400>		"ma-ʔúriŋ"@hnn	
"tɯ sŋɯro"@jya	<https://panlex.org/snapshot/panlex-20191001-csv/114#8065718>				<https://panlex.org/snapshot/panlex-20191001-csv/114#8065686>		"arúp"@hnn	
"tɯ jaʁ"@jya	<https://panlex.org/snapshot/panlex-20191001-csv/114#8051805>				<https://panlex.org/snapshot/panlex-20191001-csv/114#8051762>		"kámang"@hnn	
"sɯs"@jya	<https://panlex.org/snapshot/panlex-20191001-csv/114#8061541>				<https://panlex.org/snapshot/panlex-20191001-csv/114#8061492>		"magka-ʔalam-an"@hnn	
"sɯs"@jya	<https://panlex.org/snapshot/panlex-20191001-csv/114#8061541>				<https://panlex.org/snapshot/panlex-20191001-csv/114#8061491>		"[ka]-táʔu"@hnn	
"tɯ mke"@jya	<https://panlex.org/snapshot/panlex-20191001-csv/114#8064123>				<https://panlex.org/snapshot/panlex-20191001-csv/114#8064083>		"líʔug"@hnn	
"tɯ xtu"@jya	<https://panlex.org/snapshot/panlex-20191001-csv/114#8058441>				<https://panlex.org/snapshot/panlex-20191001-csv/114#8058401>		"tiyán"@hnn	
"rdɯl"@jya	<https://panlex.org/snapshot/panlex-20191001-csv/114#8056932>				<https://panlex.org/snapshot/panlex-20191001-csv/114#8056897>		"gabúk"@hnn	
"rdɯl"@jya	<https://panlex.org/snapshot/panlex-20191001-csv/114#8056932>				<https://panlex.org/snapshot/panlex-20191001-csv/114#8056898>		"pukapúk"@hnn	
