"tɯ nɯ"@jya	<https://panlex.org/snapshot/panlex-20191001-csv/114#8060482>				<https://panlex.org/snapshot/panlex-20191001-csv/114#8060392>		"giʼsat"@dgc	
"tɯ nɯ"@jya	<https://panlex.org/snapshot/panlex-20191001-csv/114#8060482>				<https://panlex.org/snapshot/panlex-20191001-csv/114#8060393>		"haʼkcq"@dgc	
"tɯ pu"@jya	<https://panlex.org/snapshot/panlex-20191001-csv/114#8059480>				<https://panlex.org/snapshot/panlex-20191001-csv/114#8059411>		"bituʼkaq"@dgc	
"tɯ rme"@jya	<https://panlex.org/snapshot/panlex-20191001-csv/114#8064659>				<https://panlex.org/snapshot/panlex-20191001-csv/114#8064573>		"ʼbuk"@dgc	
"ŋke"@jya	<https://panlex.org/snapshot/panlex-20191001-csv/114#8053878>				<https://panlex.org/snapshot/panlex-20191001-csv/114#8053784>		"ʼlakad"@dgc	
"ɕɤ rɯ"@jya	<https://panlex.org/snapshot/panlex-20191001-csv/114#8058991>				<https://panlex.org/snapshot/panlex-20191001-csv/114#8058914>		"ʼtulang"@dgc	
"nɤ re"@jya	<https://panlex.org/snapshot/panlex-20191001-csv/114#8068305>				<https://panlex.org/snapshot/panlex-20191001-csv/114#8068216>		"ʼngihit"@dgc	
"ɴqhi"@jya	<https://panlex.org/snapshot/panlex-20191001-csv/114#8056444>				<https://panlex.org/snapshot/panlex-20191001-csv/114#8056358>		"mɛlɨʼgeq"@dgc	
"tɯ jaʁ"@jya	<https://panlex.org/snapshot/panlex-20191001-csv/114#8051805>				<https://panlex.org/snapshot/panlex-20191001-csv/114#8051719>		"kaʼmɨt"@dgc	
"sɯs"@jya	<https://panlex.org/snapshot/panlex-20191001-csv/114#8061541>				<https://panlex.org/snapshot/panlex-20191001-csv/114#8061445>		"maʼtenggiq"@dgc	
"tɯ mke"@jya	<https://panlex.org/snapshot/panlex-20191001-csv/114#8064123>				<https://panlex.org/snapshot/panlex-20191001-csv/114#8064038>		"ʼleg"@dgc	
"tɯ xtu"@jya	<https://panlex.org/snapshot/panlex-20191001-csv/114#8058441>				<https://panlex.org/snapshot/panlex-20191001-csv/114#8058355>		"tiʼyan"@dgc	
"rdɯl"@jya	<https://panlex.org/snapshot/panlex-20191001-csv/114#8056932>				<https://panlex.org/snapshot/panlex-20191001-csv/114#8056861>		"qalikaʼbuk"@dgc	
