"ayax"@pse	<https://panlex.org/snapshot/panlex-20191001-csv/12#851116>				<https://panlex.org/snapshot/panlex-20191001-csv/12#851202>		"tati"@tox	
"ayax"@pse	<https://panlex.org/snapshot/panlex-20191001-csv/12#851116>				<https://panlex.org/snapshot/panlex-20191001-csv/12#851198>		"char"@tox	
"ayax"@pse	<https://panlex.org/snapshot/panlex-20191001-csv/12#851116>				<https://panlex.org/snapshot/panlex-20191001-csv/12#851200>		"taht"@tox	
"ayax"@pse	<https://panlex.org/snapshot/panlex-20191001-csv/12#851116>				<https://panlex.org/snapshot/panlex-20191001-csv/12#851201>		"tat"@tox	
"ayax"@pse	<https://panlex.org/snapshot/panlex-20191001-csv/12#851116>				<https://panlex.org/snapshot/panlex-20191001-csv/12#851199>		"tah'roo"@tox	
