"ayax"@pse	<https://panlex.org/snapshot/panlex-20191001-csv/12#851116>				<https://panlex.org/snapshot/panlex-20191001-csv/12#850898>		"achilai"@dru	
"abu"@pse	<https://panlex.org/snapshot/panlex-20191001-csv/114#8057102>				<https://panlex.org/snapshot/panlex-20191001-csv/114#8056865>		"səvə́gʼ"@dru	
"tau"@pse	<https://panlex.org/snapshot/panlex-20191001-csv/114#8061738>				<https://panlex.org/snapshot/panlex-20191001-csv/114#8061453>		"watiŋálʼ"@dru	
"kulit"@pse	<https://panlex.org/snapshot/panlex-20191001-csv/114#8057595>				<https://panlex.org/snapshot/panlex-20191001-csv/114#8057341>		"ikidʼ"@dru	
"mulut"@pse	<https://panlex.org/snapshot/panlex-20191001-csv/114#8066878>				<https://panlex.org/snapshot/panlex-20191001-csv/114#8066606>		"ŋodə́i"@dru	
"mulut"@pse	<https://panlex.org/snapshot/panlex-20191001-csv/114#8066878>				<https://panlex.org/snapshot/panlex-20191001-csv/114#8066604>		"muto-mytou"@dru	
"mulut"@pse	<https://panlex.org/snapshot/panlex-20191001-csv/114#8066878>				<https://panlex.org/snapshot/panlex-20191001-csv/114#8066605>		"ŋodui"@dru	
"daxah"@pse	<https://panlex.org/snapshot/panlex-20191001-csv/114#8063225>				<https://panlex.org/snapshot/panlex-20191001-csv/114#8062969>		"ərái"@dru	
"jalan"@pse	<https://panlex.org/snapshot/panlex-20191001-csv/114#8054599>				<https://panlex.org/snapshot/panlex-20191001-csv/114#8054360>		"kaurʼá"@dru	
"jalan"@pse	<https://panlex.org/snapshot/panlex-20191001-csv/114#8054599>				<https://panlex.org/snapshot/panlex-20191001-csv/114#8054361>		"kaələa"@dru	
"jalan"@pse	<https://panlex.org/snapshot/panlex-20191001-csv/114#8054599>				<https://panlex.org/snapshot/panlex-20191001-csv/114#8054359>		"kadarananə"@dru	
