"Yemeni"@rwk	<https://panlex.org/snapshot/panlex-20191001-csv/6898#113593510>				<https://panlex.org/snapshot/panlex-20191001-csv/6898#113593544>		"Yaman"@khq	
"China"@rwk	<https://panlex.org/snapshot/panlex-20191001-csv/6898#113614126>				<https://panlex.org/snapshot/panlex-20191001-csv/6898#113614138>		"Šiin"@khq	
"Ukingo wa Magharibi na Ukanda wa Gaza wa Palestina"@rwk	<https://panlex.org/snapshot/panlex-20191001-csv/6898#113586430>				<https://panlex.org/snapshot/panlex-20191001-csv/6898#113586463>		"Palestine Dangay nda Gaaza"@khq	
"Masedonia"@rwk	<https://panlex.org/snapshot/panlex-20191001-csv/6898#113613221>				<https://panlex.org/snapshot/panlex-20191001-csv/6898#113613311>		"Maacedooni"@khq	
"Kazakistani"@rwk	<https://panlex.org/snapshot/panlex-20191001-csv/6898#113591083>				<https://panlex.org/snapshot/panlex-20191001-csv/6898#113590956>		"Kaazakstan"@khq	
"Uswisi"@rwk	<https://panlex.org/snapshot/panlex-20191001-csv/6898#113612940>				<https://panlex.org/snapshot/panlex-20191001-csv/6898#113612907>		"Swisu"@khq	
"Tonga"@rwk	<https://panlex.org/snapshot/panlex-20191001-csv/6898#113610677>				<https://panlex.org/snapshot/panlex-20191001-csv/6898#113610799>		"Tonga"@khq	
"Pwetoriko"@rwk	<https://panlex.org/snapshot/panlex-20191001-csv/6898#113612428>				<https://panlex.org/snapshot/panlex-20191001-csv/6898#113612374>		"Porto Riko"@khq	
"Nyuzilandi"@rwk	<https://panlex.org/snapshot/panlex-20191001-csv/6898#113587158>				<https://panlex.org/snapshot/panlex-20191001-csv/6898#113587187>		"Zeelandu Taaga"@khq	
"Bosnia na Hezegovina"@rwk	<https://panlex.org/snapshot/panlex-20191001-csv/6898#113596821>				<https://panlex.org/snapshot/panlex-20191001-csv/6898#113596769>		"Bosni nda Herzegovine"@khq	
"Kuwaiti"@rwk	<https://panlex.org/snapshot/panlex-20191001-csv/6898#113605945>				<https://panlex.org/snapshot/panlex-20191001-csv/6898#113605898>		"Kuweet"@khq	
"Romania"@rwk	<https://panlex.org/snapshot/panlex-20191001-csv/6898#113618227>				<https://panlex.org/snapshot/panlex-20191001-csv/6898#113618161>		"Rumaani"@khq	
"Austria"@rwk	<https://panlex.org/snapshot/panlex-20191001-csv/6898#113616221>				<https://panlex.org/snapshot/panlex-20191001-csv/6898#113616261>		"Otriši"@khq	
"Sao Tome na Principe"@rwk	<https://panlex.org/snapshot/panlex-20191001-csv/6898#113622877>				<https://panlex.org/snapshot/panlex-20191001-csv/6898#113622925>		"Sao Tome nda Prinsipe"@khq	
"Fiji"@rwk	<https://panlex.org/snapshot/panlex-20191001-csv/6898#113629955>				<https://panlex.org/snapshot/panlex-20191001-csv/6898#113629964>		"Fiji"@khq	
"Senegali"@rwk	<https://panlex.org/snapshot/panlex-20191001-csv/6898#113591269>				<https://panlex.org/snapshot/panlex-20191001-csv/6898#113591123>		"Senegal"@khq	
"Brazili"@rwk	<https://panlex.org/snapshot/panlex-20191001-csv/6898#113645277>				<https://panlex.org/snapshot/panlex-20191001-csv/6898#113645329>		"Breezil"@khq	
"Malesia"@rwk	<https://panlex.org/snapshot/panlex-20191001-csv/6898#113584730>				<https://panlex.org/snapshot/panlex-20191001-csv/6898#113584790>		"Maleezi"@khq	
"Lesoto"@rwk	<https://panlex.org/snapshot/panlex-20191001-csv/6898#113594848>				<https://panlex.org/snapshot/panlex-20191001-csv/6898#113594846>		"Leesoto"@khq	
"Benini"@rwk	<https://panlex.org/snapshot/panlex-20191001-csv/6898#113607535>				<https://panlex.org/snapshot/panlex-20191001-csv/6898#113607504>		"Beniŋ"@khq	
"Ukraini"@rwk	<https://panlex.org/snapshot/panlex-20191001-csv/6898#113600866>				<https://panlex.org/snapshot/panlex-20191001-csv/6898#113600842>		"Ukreen"@khq	
"Falme za Kiarabu"@rwk	<https://panlex.org/snapshot/panlex-20191001-csv/6898#113608759>				<https://panlex.org/snapshot/panlex-20191001-csv/6898#113608653>		"Laaraw Imaarawey Margantey"@khq	
"Montserrati"@rwk	<https://panlex.org/snapshot/panlex-20191001-csv/6898#113618334>				<https://panlex.org/snapshot/panlex-20191001-csv/6898#113618314>		"Montserrat"@khq	
"Slovenia"@rwk	<https://panlex.org/snapshot/panlex-20191001-csv/6898#113636713>				<https://panlex.org/snapshot/panlex-20191001-csv/6898#113636648>		"Sloveeni"@khq	
"Jamhuri ya Cheki"@rwk	<https://panlex.org/snapshot/panlex-20191001-csv/6898#113619663>				<https://panlex.org/snapshot/panlex-20191001-csv/6898#113619685>		"Cek labo"@khq	
"Korea Kaskazini"@rwk	<https://panlex.org/snapshot/panlex-20191001-csv/6898#113598895>				<https://panlex.org/snapshot/panlex-20191001-csv/6898#113598854>		"Kooree, Gurma"@khq	
"Gwadelupe"@rwk	<https://panlex.org/snapshot/panlex-20191001-csv/6898#113614685>				<https://panlex.org/snapshot/panlex-20191001-csv/6898#113614662>		"Gwadeluup"@khq	
"Polandi"@rwk	<https://panlex.org/snapshot/panlex-20191001-csv/6898#113642630>				<https://panlex.org/snapshot/panlex-20191001-csv/6898#113642776>		"Poloɲe"@khq	
"Kenya"@rwk	<https://panlex.org/snapshot/panlex-20191001-csv/6898#113593910>				<https://panlex.org/snapshot/panlex-20191001-csv/6898#113593951>		"Keeniya"@khq	
"Ginebisau"@rwk	<https://panlex.org/snapshot/panlex-20191001-csv/6898#113616572>				<https://panlex.org/snapshot/panlex-20191001-csv/6898#113616557>		"Gine-Bisso"@khq	
"Santavisenti na Grenadini"@rwk	<https://panlex.org/snapshot/panlex-20191001-csv/6898#113611833>				<https://panlex.org/snapshot/panlex-20191001-csv/6898#113611959>		"Seŋvinsaŋ nda Grenadine"@khq	
"Visiwa vya Mariana vya Kaskazini"@rwk	<https://panlex.org/snapshot/panlex-20191001-csv/6898#113635522>				<https://panlex.org/snapshot/panlex-20191001-csv/6898#113635547>		"Mariana Gurma Gungey"@khq	
"Bulgaria"@rwk	<https://panlex.org/snapshot/panlex-20191001-csv/6898#113631116>				<https://panlex.org/snapshot/panlex-20191001-csv/6898#113631209>		"Bulgaari"@khq	
"Yordani"@rwk	<https://panlex.org/snapshot/panlex-20191001-csv/6898#113611662>				<https://panlex.org/snapshot/panlex-20191001-csv/6898#113611608>		"Urdun"@khq	
"Ujerumani"@rwk	<https://panlex.org/snapshot/panlex-20191001-csv/6898#113639290>				<https://panlex.org/snapshot/panlex-20191001-csv/6898#113639278>		"Almaaɲe"@khq	
"Tajikistani"@rwk	<https://panlex.org/snapshot/panlex-20191001-csv/6898#113590187>				<https://panlex.org/snapshot/panlex-20191001-csv/6898#113590166>		"Taažikistan"@khq	
"Siera Leoni"@rwk	<https://panlex.org/snapshot/panlex-20191001-csv/6898#113637015>				<https://panlex.org/snapshot/panlex-20191001-csv/6898#113636964>		"Seera Leon"@khq	
"Bermuda"@rwk	<https://panlex.org/snapshot/panlex-20191001-csv/6898#113607306>				<https://panlex.org/snapshot/panlex-20191001-csv/6898#113607289>		"Bermuda"@khq	
"Peru"@rwk	<https://panlex.org/snapshot/panlex-20191001-csv/6898#113593734>				<https://panlex.org/snapshot/panlex-20191001-csv/6898#113593677>		"Peeru"@khq	
"Uzibekistani"@rwk	<https://panlex.org/snapshot/panlex-20191001-csv/6898#113637305>				<https://panlex.org/snapshot/panlex-20191001-csv/6898#113637264>		"Uzbeekistan"@khq	
"Italia"@rwk	<https://panlex.org/snapshot/panlex-20191001-csv/6898#113588009>				<https://panlex.org/snapshot/panlex-20191001-csv/6898#113587914>		"Itaali"@khq	
"Ajentina"@rwk	<https://panlex.org/snapshot/panlex-20191001-csv/6898#113642069>				<https://panlex.org/snapshot/panlex-20191001-csv/6898#113642216>		"Argentine"@khq	
"Ghana"@rwk	<https://panlex.org/snapshot/panlex-20191001-csv/6898#113645603>				<https://panlex.org/snapshot/panlex-20191001-csv/6898#113645491>		"Gaana"@khq	
"Samoa ya Marekani"@rwk	<https://panlex.org/snapshot/panlex-20191001-csv/6898#113606299>				<https://panlex.org/snapshot/panlex-20191001-csv/6898#113606265>		"Ameriki Samoa"@khq	
"Timori ya Mashariki"@rwk	<https://panlex.org/snapshot/panlex-20191001-csv/6898#113632681>				<https://panlex.org/snapshot/panlex-20191001-csv/6898#113632575>		"Timoor hawsa"@khq	
"Papua"@rwk	<https://panlex.org/snapshot/panlex-20191001-csv/6898#113614915>				<https://panlex.org/snapshot/panlex-20191001-csv/6898#113614804>		"Papua Ginee Taaga"@khq	
"Katari"@rwk	<https://panlex.org/snapshot/panlex-20191001-csv/6898#113636744>				<https://panlex.org/snapshot/panlex-20191001-csv/6898#113636796>		"Kataar"@khq	
"Mayotte"@rwk	<https://panlex.org/snapshot/panlex-20191001-csv/6898#113603966>				<https://panlex.org/snapshot/panlex-20191001-csv/6898#113603918>		"Mayooti"@khq	
"Chadi"@rwk	<https://panlex.org/snapshot/panlex-20191001-csv/6898#113643291>				<https://panlex.org/snapshot/panlex-20191001-csv/6898#113643282>		"Caadu"@khq	
"Afuganistani"@rwk	<https://panlex.org/snapshot/panlex-20191001-csv/6898#113604805>				<https://panlex.org/snapshot/panlex-20191001-csv/6898#113604732>		"Afgaanistan"@khq	
"Bukinafaso"@rwk	<https://panlex.org/snapshot/panlex-20191001-csv/6898#113632421>				<https://panlex.org/snapshot/panlex-20191001-csv/6898#113632331>		"Burkina faso"@khq	
"Morisi"@rwk	<https://panlex.org/snapshot/panlex-20191001-csv/6898#113611532>				<https://panlex.org/snapshot/panlex-20191001-csv/6898#113611529>		"Mooris gungey"@khq	
"Saudi"@rwk	<https://panlex.org/snapshot/panlex-20191001-csv/6898#113583522>				<https://panlex.org/snapshot/panlex-20191001-csv/6898#113583464>		"Saudiya"@khq	
"Litwania"@rwk	<https://panlex.org/snapshot/panlex-20191001-csv/6898#113632024>				<https://panlex.org/snapshot/panlex-20191001-csv/6898#113631985>		"Lituaani"@khq	
"Azabajani"@rwk	<https://panlex.org/snapshot/panlex-20191001-csv/6898#113619395>				<https://panlex.org/snapshot/panlex-20191001-csv/6898#113619231>		"Azerbaayijaŋ"@khq	
"Myama"@rwk	<https://panlex.org/snapshot/panlex-20191001-csv/6898#113594402>				<https://panlex.org/snapshot/panlex-20191001-csv/6898#113594423>		"Maynamar"@khq	
"Belarusi"@rwk	<https://panlex.org/snapshot/panlex-20191001-csv/6898#113592218>				<https://panlex.org/snapshot/panlex-20191001-csv/6898#113592171>		"Biloriši"@khq	
"Sudani"@rwk	<https://panlex.org/snapshot/panlex-20191001-csv/6898#113632923>				<https://panlex.org/snapshot/panlex-20191001-csv/6898#113633052>		"Suudaŋ"@khq	
"Denmaki"@rwk	<https://panlex.org/snapshot/panlex-20191001-csv/6898#113629596>				<https://panlex.org/snapshot/panlex-20191001-csv/6898#113629463>		"Danemark"@khq	
"Bahareni"@rwk	<https://panlex.org/snapshot/panlex-20191001-csv/6898#113596154>				<https://panlex.org/snapshot/panlex-20191001-csv/6898#113596124>		"Bahareen"@khq	
"Albania"@rwk	<https://panlex.org/snapshot/panlex-20191001-csv/6898#113637665>				<https://panlex.org/snapshot/panlex-20191001-csv/6898#113637715>		"Albaani"@khq	
"Modivu"@rwk	<https://panlex.org/snapshot/panlex-20191001-csv/6898#113641850>				<https://panlex.org/snapshot/panlex-20191001-csv/6898#113641858>		"Maldiivu"@khq	
"Ayalandi"@rwk	<https://panlex.org/snapshot/panlex-20191001-csv/6898#113625868>				<https://panlex.org/snapshot/panlex-20191001-csv/6898#113625902>		"Irlandu"@khq	
"Kambodia"@rwk	<https://panlex.org/snapshot/panlex-20191001-csv/6898#113591866>				<https://panlex.org/snapshot/panlex-20191001-csv/6898#113591870>		"Kamboogi"@khq	
"Hondurasi"@rwk	<https://panlex.org/snapshot/panlex-20191001-csv/6898#113597099>				<https://panlex.org/snapshot/panlex-20191001-csv/6898#113596998>		"Honduras"@khq	
"Grinlandi"@rwk	<https://panlex.org/snapshot/panlex-20191001-csv/6898#113590700>				<https://panlex.org/snapshot/panlex-20191001-csv/6898#113590719>		"Grinland"@khq	
"Kuba"@rwk	<https://panlex.org/snapshot/panlex-20191001-csv/6898#113618574>				<https://panlex.org/snapshot/panlex-20191001-csv/6898#113618511>		"Kuuba"@khq	
"Uingereza"@rwk	<https://panlex.org/snapshot/panlex-20191001-csv/6898#113592435>				<https://panlex.org/snapshot/panlex-20191001-csv/6898#113592418>		"Albaasalaama Marganta"@khq	
"Kisiwa cha Norfok"@rwk	<https://panlex.org/snapshot/panlex-20191001-csv/6898#113642420>				<https://panlex.org/snapshot/panlex-20191001-csv/6898#113642366>		"Norfolk Gungoo"@khq	
"Aislandi"@rwk	<https://panlex.org/snapshot/panlex-20191001-csv/6898#113601047>				<https://panlex.org/snapshot/panlex-20191001-csv/6898#113601141>		"Ayceland"@khq	
"Moritania"@rwk	<https://panlex.org/snapshot/panlex-20191001-csv/6898#113636483>				<https://panlex.org/snapshot/panlex-20191001-csv/6898#113636428>		"Mooritaani"@khq	
