"方濟各"@zh	<https://panlex.org/snapshot/panlex-20191001-csv/6717#111107562>				<https://panlex.org/snapshot/panlex-20191001-csv/6717#111107498>		"Fransîs"@kmr	
"教宗本篤十六世"@zh	<https://panlex.org/snapshot/panlex-20191001-csv/6717#111107429>				<https://panlex.org/snapshot/panlex-20191001-csv/6717#111107371>		"Papa Benedîktûs 16"@kmr	
"教宗本笃十六世"@zh	<https://panlex.org/snapshot/panlex-20191001-csv/6717#111107355>				<https://panlex.org/snapshot/panlex-20191001-csv/6717#111107371>		"Papa Benedîktûs 16"@kmr	
"罗马天主教会"@zh	<https://panlex.org/snapshot/panlex-20191001-csv/6717#111107687>				<https://panlex.org/snapshot/panlex-20191001-csv/6717#111107674>		"Dêra Roma-Katolîk"@kmr	
"方濟各"@zh	<https://panlex.org/snapshot/panlex-20191001-csv/6717#111107478>				<https://panlex.org/snapshot/panlex-20191001-csv/6717#111107498>		"Fransîs"@kmr	
"羅馬天主教會"@zh	<https://panlex.org/snapshot/panlex-20191001-csv/6717#111107593>				<https://panlex.org/snapshot/panlex-20191001-csv/6717#111107674>		"Dêra Roma-Katolîk"@kmr	
"世界杯足球賽"@zh	<https://panlex.org/snapshot/panlex-20191001-csv/6715#111107297>				<https://panlex.org/snapshot/panlex-20191001-csv/6715#111107326>		"Pêşbirka fûtbolê ya Cihanî"@kmr	
"世界杯足球赛"@zh	<https://panlex.org/snapshot/panlex-20191001-csv/6715#111107336>				<https://panlex.org/snapshot/panlex-20191001-csv/6715#111107326>		"Pêşbirka fûtbolê ya Cihanî"@kmr	
