"yinaknan"@war	<https://panlex.org/snapshot/panlex-20191001-csv/2129#11694388>				<https://panlex.org/snapshot/panlex-20191001-csv/2129#11694334>		"тил"@ky	
"psikolohiya"@war	<https://panlex.org/snapshot/panlex-20191001-csv/5945#84412365>				<https://panlex.org/snapshot/panlex-20191001-csv/5945#84412317>		"психология"@ky	
"Albania"@war	<https://panlex.org/snapshot/panlex-20191001-csv/5947#84579815>				<https://panlex.org/snapshot/panlex-20191001-csv/5947#84579714>		"Албания"@ky	
"Albanya"@war	<https://panlex.org/snapshot/panlex-20191001-csv/5947#84579816>				<https://panlex.org/snapshot/panlex-20191001-csv/5947#84579714>		"Албания"@ky	
"Algiers"@war	<https://panlex.org/snapshot/panlex-20191001-csv/5939#80712892>				<https://panlex.org/snapshot/panlex-20191001-csv/5939#80712861>		"Alžir šaary"@ky	
"espiho"@war	<https://panlex.org/snapshot/panlex-20191001-csv/5946#84446350>				<https://panlex.org/snapshot/panlex-20191001-csv/5946#84446226>		"күзгү"@ky	
"Riga"@war	<https://panlex.org/snapshot/panlex-20191001-csv/5949#85319279>				<https://panlex.org/snapshot/panlex-20191001-csv/5949#85319222>		"Рига"@ky	
"Peru"@war	<https://panlex.org/snapshot/panlex-20191001-csv/5949#85318337>				<https://panlex.org/snapshot/panlex-20191001-csv/5949#85318263>		"Перу"@ky	
"Coran"@war	<https://panlex.org/snapshot/panlex-20191001-csv/5949#85313496>				<https://panlex.org/snapshot/panlex-20191001-csv/5949#85313434>		"Куран"@ky	
"Turkeya"@war	<https://panlex.org/snapshot/panlex-20191001-csv/5949#85322614>				<https://panlex.org/snapshot/panlex-20191001-csv/5949#85322537>		"Түркия"@ky	
"Australya"@war	<https://panlex.org/snapshot/panlex-20191001-csv/5949#85298252>				<https://panlex.org/snapshot/panlex-20191001-csv/5949#85298162>		"Австралия"@ky	
"Bibliyá"@war	<https://panlex.org/snapshot/panlex-20191001-csv/5949#85302823>				<https://panlex.org/snapshot/panlex-20191001-csv/5949#85302718>		"Библия"@ky	
"Letonia"@war	<https://panlex.org/snapshot/panlex-20191001-csv/5949#85314402>				<https://panlex.org/snapshot/panlex-20191001-csv/5949#85314311>		"Латвия"@ky	
"Zurich"@war	<https://panlex.org/snapshot/panlex-20191001-csv/5949#85324525>				<https://panlex.org/snapshot/panlex-20191001-csv/5949#85324477>		"Цюрих"@ky	
"Perú"@war	<https://panlex.org/snapshot/panlex-20191001-csv/5949#85318336>				<https://panlex.org/snapshot/panlex-20191001-csv/5949#85318263>		"Перу"@ky	
"Portugal"@war	<https://panlex.org/snapshot/panlex-20191001-csv/5949#85318864>				<https://panlex.org/snapshot/panlex-20191001-csv/5949#85318818>		"Португалия"@ky	
"kasaysayan"@war	<https://panlex.org/snapshot/panlex-20191001-csv/5942#83282345>				<https://panlex.org/snapshot/panlex-20191001-csv/5942#83282273>		"тарых"@ky	
"Croacia"@war	<https://panlex.org/snapshot/panlex-20191001-csv/12#908365>				<https://panlex.org/snapshot/panlex-20191001-csv/12#908314>		"Хорватия"@ky	
