"yinaknan"@war	<https://panlex.org/snapshot/panlex-20191001-csv/2129#11694388>				<https://panlex.org/snapshot/panlex-20191001-csv/2129#11694386>		"pük"@vo	
"Albania"@war	<https://panlex.org/snapshot/panlex-20191001-csv/5947#84579815>				<https://panlex.org/snapshot/panlex-20191001-csv/5947#84579814>		"Lalbanän"@vo	
"Finlandya"@war	<https://panlex.org/snapshot/panlex-20191001-csv/5947#84591164>				<https://panlex.org/snapshot/panlex-20191001-csv/5947#84591163>		"Suomiyän"@vo	
"Albanya"@war	<https://panlex.org/snapshot/panlex-20191001-csv/5947#84579816>				<https://panlex.org/snapshot/panlex-20191001-csv/5947#84579814>		"Lalbanän"@vo	
"Algiers"@war	<https://panlex.org/snapshot/panlex-20191001-csv/5939#80712892>				<https://panlex.org/snapshot/panlex-20191001-csv/5939#80712891>		"Cäsair"@vo	
"Andorra"@war	<https://panlex.org/snapshot/panlex-20191001-csv/5939#80718608>				<https://panlex.org/snapshot/panlex-20191001-csv/5939#80718607>		"Landorän"@vo	
"Ghent"@war	<https://panlex.org/snapshot/panlex-20191001-csv/5939#80835049>				<https://panlex.org/snapshot/panlex-20191001-csv/5939#80835048>		"Ghent"@vo	
"espiho"@war	<https://panlex.org/snapshot/panlex-20191001-csv/5946#84446350>				<https://panlex.org/snapshot/panlex-20191001-csv/5946#84446349>		"lok"@vo	
"espiho"@war	<https://panlex.org/snapshot/panlex-20191001-csv/5946#84446350>				<https://panlex.org/snapshot/panlex-20191001-csv/5946#84446348>		"lokil"@vo	
"Uruguay"@war	<https://panlex.org/snapshot/panlex-20191001-csv/5949#85322980>				<https://panlex.org/snapshot/panlex-20191001-csv/5949#85322979>		"Luruguyän"@vo	
"Pilipinas"@war	<https://panlex.org/snapshot/panlex-20191001-csv/5949#85323440>				<https://panlex.org/snapshot/panlex-20191001-csv/5949#85323438>		"Filipuäns"@vo	
"Peru"@war	<https://panlex.org/snapshot/panlex-20191001-csv/5949#85318337>				<https://panlex.org/snapshot/panlex-20191001-csv/5949#85318335>		"Peruvän"@vo	
"Turkeya"@war	<https://panlex.org/snapshot/panlex-20191001-csv/5949#85322614>				<https://panlex.org/snapshot/panlex-20191001-csv/5949#85322613>		"Türkän"@vo	
"Australya"@war	<https://panlex.org/snapshot/panlex-20191001-csv/5949#85298252>				<https://panlex.org/snapshot/panlex-20191001-csv/5949#85298251>		"Laustralän"@vo	
"Singapura"@war	<https://panlex.org/snapshot/panlex-20191001-csv/5949#85320612>				<https://panlex.org/snapshot/panlex-20191001-csv/5949#85320611>		"Singapurän"@vo	
"Letonia"@war	<https://panlex.org/snapshot/panlex-20191001-csv/5949#85314402>				<https://panlex.org/snapshot/panlex-20191001-csv/5949#85314401>		"Latviyän"@vo	
"Yemen"@war	<https://panlex.org/snapshot/panlex-20191001-csv/5949#85311067>				<https://panlex.org/snapshot/panlex-20191001-csv/5949#85311066>		"Yämän"@vo	
"Naypyidaw"@war	<https://panlex.org/snapshot/panlex-20191001-csv/5949#85316838>				<https://panlex.org/snapshot/panlex-20191001-csv/5949#85316837>		"Nepyido"@vo	
"Bavaria"@war	<https://panlex.org/snapshot/panlex-20191001-csv/5949#85301258>				<https://panlex.org/snapshot/panlex-20191001-csv/5949#85301257>		"Bayän"@vo	
"Zurich"@war	<https://panlex.org/snapshot/panlex-20191001-csv/5949#85324525>				<https://panlex.org/snapshot/panlex-20191001-csv/5949#85324524>		"Zürich"@vo	
"Liège"@war	<https://panlex.org/snapshot/panlex-20191001-csv/5949#85314871>				<https://panlex.org/snapshot/panlex-20191001-csv/5949#85314870>		"Liège"@vo	
"Perú"@war	<https://panlex.org/snapshot/panlex-20191001-csv/5949#85318336>				<https://panlex.org/snapshot/panlex-20191001-csv/5949#85318335>		"Peruvän"@vo	
"Portugal"@war	<https://panlex.org/snapshot/panlex-20191001-csv/5949#85318864>				<https://panlex.org/snapshot/panlex-20191001-csv/5949#85318863>		"Portugän"@vo	
"basahon"@war	<https://panlex.org/snapshot/panlex-20191001-csv/5942#83282797>				<https://panlex.org/snapshot/panlex-20191001-csv/5942#83282796>		"buk"@vo	
"kasaysayan"@war	<https://panlex.org/snapshot/panlex-20191001-csv/5942#83282345>				<https://panlex.org/snapshot/panlex-20191001-csv/5942#83282344>		"jenav"@vo	
"dughán"@war	<https://panlex.org/snapshot/panlex-20191001-csv/5943#83411744>				<https://panlex.org/snapshot/panlex-20191001-csv/5943#83411743>		"blöt"@vo	
