"pla.1 rin.1"@zyb	<https://panlex.org/snapshot/panlex-20191001-csv/3116#51717155>				<https://panlex.org/snapshot/panlex-20191001-csv/3116#51717156>		"çak.8 ça:n.1"@zyn	
"kjau.3 ho.3"@zyb	<https://panlex.org/snapshot/panlex-20191001-csv/3116#51716681>				<https://panlex.org/snapshot/panlex-20191001-csv/3116#51716682>		"lau.3 ho.5"@zyn	
"na:m.6"@zyb	<https://panlex.org/snapshot/panlex-20191001-csv/3116#51715741>				<https://panlex.org/snapshot/panlex-20191001-csv/3116#51715742>		"tum.1"@zyn	
"bin.1"@zyb	<https://panlex.org/snapshot/panlex-20191001-csv/3116#51716095>				<https://panlex.org/snapshot/panlex-20191001-csv/3116#51716096>		"min.1"@zyn	
"ron.1"@zyb	<https://panlex.org/snapshot/panlex-20191001-csv/3116#51717689>				<https://panlex.org/snapshot/panlex-20191001-csv/3116#51717690>		"lün.1"@zyn	
"mo.5"@zyb	<https://panlex.org/snapshot/panlex-20191001-csv/3116#51717323>				<https://panlex.org/snapshot/panlex-20191001-csv/3116#51717324>		"mo.5"@zyn	
"baɨ.1"@zyb	<https://panlex.org/snapshot/panlex-20191001-csv/3116#51716772>				<https://panlex.org/snapshot/panlex-20191001-csv/3116#51716773>		"mai.1"@zyn	
"dǝi.1"@zyb	<https://panlex.org/snapshot/panlex-20191001-csv/3116#51716276>				<https://panlex.org/snapshot/panlex-20191001-csv/3116#51716277>		"nui.1"@zyn	
"ta.1"@zyb	<https://panlex.org/snapshot/panlex-20191001-csv/3116#51715877>				<https://panlex.org/snapshot/panlex-20191001-csv/3116#51715878>		"tha.1"@zyn	
"kjot.7"@zyb	<https://panlex.org/snapshot/panlex-20191001-csv/3116#51715427>				<https://panlex.org/snapshot/panlex-20191001-csv/3116#51715428>		"ćip.7"@zyn	
"mai.4"@zyb	<https://panlex.org/snapshot/panlex-20191001-csv/3116#51718723>				<https://panlex.org/snapshot/panlex-20191001-csv/3116#51718724>		"mui.4"@zyn	
"rit.8"@zyb	<https://panlex.org/snapshot/panlex-20191001-csv/3116#51715337>				<https://panlex.org/snapshot/panlex-20191001-csv/3116#51715338>		"lip.7"@zyn	
"tap.7"@zyb	<https://panlex.org/snapshot/panlex-20191001-csv/3116#51716841>				<https://panlex.org/snapshot/panlex-20191001-csv/3116#51716842>		"tap.7"@zyn	
"hoŋ.2"@zyb	<https://panlex.org/snapshot/panlex-20191001-csv/3116#51717644>				<https://panlex.org/snapshot/panlex-20191001-csv/3116#51717645>		"la:ŋ.4"@zyn	
"ʔon.5"@zyb	<https://panlex.org/snapshot/panlex-20191001-csv/3116#51718184>				<https://panlex.org/snapshot/panlex-20191001-csv/3116#51718185>		"wan.2"@zyn	
"wɨn.2"@zyb	<https://panlex.org/snapshot/panlex-20191001-csv/3116#51717552>				<https://panlex.org/snapshot/panlex-20191001-csv/3116#51717553>		"hun.2"@zyn	
"haɨ.3"@zyb	<https://panlex.org/snapshot/panlex-20191001-csv/3116#51716230>				<https://panlex.org/snapshot/panlex-20191001-csv/3116#51716231>		"hai.3"@zyn	
"de:u.1"@zyb	<https://panlex.org/snapshot/panlex-20191001-csv/3116#51717507>				<https://panlex.org/snapshot/panlex-20191001-csv/3116#51717508>		"jat.9"@zyn	
"ram.4"@zyb	<https://panlex.org/snapshot/panlex-20191001-csv/3116#51718908>				<https://panlex.org/snapshot/panlex-20191001-csv/3116#51718909>		"num.4"@zyn	
"pai.1"@zyb	<https://panlex.org/snapshot/panlex-20191001-csv/3116#51718818>				<https://panlex.org/snapshot/panlex-20191001-csv/3116#51718819>		"pui.1"@zyn	
"kou.1"@zyb	<https://panlex.org/snapshot/panlex-20191001-csv/3116#51714783>				<https://panlex.org/snapshot/panlex-20191001-csv/3116#51714784>		"kou.1"@zyn	
"naŋ.6"@zyb	<https://panlex.org/snapshot/panlex-20191001-csv/3116#51718003>				<https://panlex.org/snapshot/panlex-20191001-csv/3116#51718004>		"naŋ.6"@zyn	
"lin.4"@zyb	<https://panlex.org/snapshot/panlex-20191001-csv/3116#51718633>				<https://panlex.org/snapshot/panlex-20191001-csv/3116#51718634>		"lün.4"@zyn	
"ra:k.10"@zyb	<https://panlex.org/snapshot/panlex-20191001-csv/3116#51717734>				<https://panlex.org/snapshot/panlex-20191001-csv/3116#51717735>		"la:k.10"@zyn	
"ka:ŋ.3"@zyb	<https://panlex.org/snapshot/panlex-20191001-csv/3116#51717869>				<https://panlex.org/snapshot/panlex-20191001-csv/3116#51717870>		"ka:ŋ.3"@zyn	
"daŋ.1"@zyb	<https://panlex.org/snapshot/panlex-20191001-csv/3116#51717414>				<https://panlex.org/snapshot/panlex-20191001-csv/3116#51717415>		"naŋ.1"@zyn	
"ro.4"@zyb	<https://panlex.org/snapshot/panlex-20191001-csv/3116#51716726>				<https://panlex.org/snapshot/panlex-20191001-csv/3116#51716727>		"la.4 na.3"@zyn	
"wɨn.2 đa:i.1"@zyb	<https://panlex.org/snapshot/panlex-20191001-csv/3116#51716974>				<https://panlex.org/snapshot/panlex-20191001-csv/3116#51716975>		"ça:u.2 ʔuŋ.1"@zyn	
"rau.2"@zyb	<https://panlex.org/snapshot/panlex-20191001-csv/3116#51718952>				<https://panlex.org/snapshot/panlex-20191001-csv/3116#51718953>		"lou.2"@zyn	
"mɨn.2"@zyb	<https://panlex.org/snapshot/panlex-20191001-csv/3116#51717779>				<https://panlex.org/snapshot/panlex-20191001-csv/3116#51717780>		"mun.2"@zyn	
"huŋ.1"@zyb	<https://panlex.org/snapshot/panlex-20191001-csv/3116#51714983>				<https://panlex.org/snapshot/panlex-20191001-csv/3116#51714985>		"mu:k.7"@zyn	
"huŋ.1"@zyb	<https://panlex.org/snapshot/panlex-20191001-csv/3116#51714983>				<https://panlex.org/snapshot/panlex-20191001-csv/3116#51714984>		"mü:k.7"@zyn	
"dam.1"@zyb	<https://panlex.org/snapshot/panlex-20191001-csv/3116#51715119>				<https://panlex.org/snapshot/panlex-20191001-csv/3116#51715120>		"nam.1"@zyn	
"tuŋ.4"@zyb	<https://panlex.org/snapshot/panlex-20191001-csv/3116#51714937>				<https://panlex.org/snapshot/panlex-20191001-csv/3116#51714938>		"tuŋ.4"@zyn	
"rau.3"@zyb	<https://panlex.org/snapshot/panlex-20191001-csv/3116#51718863>				<https://panlex.org/snapshot/panlex-20191001-csv/3116#51718864>		"thau.3"@zyn	
"da:u.1 dǝi.5"@zyb	<https://panlex.org/snapshot/panlex-20191001-csv/3116#51718275>				<https://panlex.org/snapshot/panlex-20191001-csv/3116#51718276>		"na:u.1 nui.5"@zyn	
"he:u.1"@zyb	<https://panlex.org/snapshot/panlex-20191001-csv/3116#51716321>				<https://panlex.org/snapshot/panlex-20191001-csv/3116#51716322>		"he:u.1"@zyn	
"kai.5 ma.2"@zyb	<https://panlex.org/snapshot/panlex-20191001-csv/3116#51718997>				<https://panlex.org/snapshot/panlex-20191001-csv/3116#51718998>		"ɫaŋ.1 te:u.6"@zyn	
"tiŋ.5"@zyb	<https://panlex.org/snapshot/panlex-20191001-csv/3116#51716501>				<https://panlex.org/snapshot/panlex-20191001-csv/3116#51716502>		"theŋ.5"@zyn	
"ʔa:p.9 ram.4"@zyb	<https://panlex.org/snapshot/panlex-20191001-csv/3116#51718410>				<https://panlex.org/snapshot/panlex-20191001-csv/3116#51718411>		"jau.2 num.4"@zyn	
"kai.5 te.1"@zyb	<https://panlex.org/snapshot/panlex-20191001-csv/3116#51718499>				<https://panlex.org/snapshot/panlex-20191001-csv/3116#51718500>		"han.3"@zyn	
"ma.1"@zyb	<https://panlex.org/snapshot/panlex-20191001-csv/3116#51715562>				<https://panlex.org/snapshot/panlex-20191001-csv/3116#51715563>		"ma.1"@zyn	
"kɨn.1"@zyb	<https://panlex.org/snapshot/panlex-20191001-csv/3116#51715787>				<https://panlex.org/snapshot/panlex-20191001-csv/3116#51715788>		"kin.1"@zyn	
"kɨn.1"@zyb	<https://panlex.org/snapshot/panlex-20191001-csv/3116#51715607>				<https://panlex.org/snapshot/panlex-20191001-csv/3116#51715608>		"kin.1"@zyn	
"tin.1"@zyb	<https://panlex.org/snapshot/panlex-20191001-csv/3116#51716140>				<https://panlex.org/snapshot/panlex-20191001-csv/3116#51716141>		"tin.1"@zyn	
"la:i.1"@zyb	<https://panlex.org/snapshot/panlex-20191001-csv/3116#51717019>				<https://panlex.org/snapshot/panlex-20191001-csv/3116#51717020>		"la:i.1"@zyn	
"fan.2"@zyb	<https://panlex.org/snapshot/panlex-20191001-csv/3116#51717958>				<https://panlex.org/snapshot/panlex-20191001-csv/3116#51717959>		"phan.1"@zyn	
"rin.1"@zyb	<https://panlex.org/snapshot/panlex-20191001-csv/3116#51718320>				<https://panlex.org/snapshot/panlex-20191001-csv/3116#51718321>		"thin.1"@zyn	
"tau.6"@zyb	<https://panlex.org/snapshot/panlex-20191001-csv/3116#51714869>				<https://panlex.org/snapshot/panlex-20191001-csv/3116#51714870>		"tau.6"@zyn	
"nǝi.4"@zyb	<https://panlex.org/snapshot/panlex-20191001-csv/3116#51718542>				<https://panlex.org/snapshot/panlex-20191001-csv/3116#51718543>		"nui.3"@zyn	
"nǝi.4"@zyb	<https://panlex.org/snapshot/panlex-20191001-csv/3116#51718542>				<https://panlex.org/snapshot/panlex-20191001-csv/3116#51718544>		"no:i.3"@zyn	
"dɨn.1"@zyb	<https://panlex.org/snapshot/panlex-20191001-csv/3116#51718229>				<https://panlex.org/snapshot/panlex-20191001-csv/3116#51718230>		"jün.1"@zyn	
"do:k.9"@zyb	<https://panlex.org/snapshot/panlex-20191001-csv/3116#51715210>				<https://panlex.org/snapshot/panlex-20191001-csv/3116#51715211>		"no:k.7"@zyn	
"plom.1"@zyb	<https://panlex.org/snapshot/panlex-20191001-csv/3116#51716366>				<https://panlex.org/snapshot/panlex-20191001-csv/3116#51716367>		"phun.1 lau.3"@zyn	
"ha.3"@zyb	<https://panlex.org/snapshot/panlex-20191001-csv/3116#51715925>				<https://panlex.org/snapshot/panlex-20191001-csv/3116#51715926>		"la:u.2"@zyn	
"rɨ.2"@zyb	<https://panlex.org/snapshot/panlex-20191001-csv/3116#51715695>				<https://panlex.org/snapshot/panlex-20191001-csv/3116#51715696>		"lü.2"@zyn	
"han.1"@zyb	<https://panlex.org/snapshot/panlex-20191001-csv/3116#51717914>				<https://panlex.org/snapshot/panlex-20191001-csv/3116#51717915>		"thin.1"@zyn	
"çɨt.7"@zyb	<https://panlex.org/snapshot/panlex-20191001-csv/3116#51715295>				<https://panlex.org/snapshot/panlex-20191001-csv/3116#51715296>		"ćuŋ.5"@zyn	
"rai.2"@zyb	<https://panlex.org/snapshot/panlex-20191001-csv/3116#51716885>				<https://panlex.org/snapshot/panlex-20191001-csv/3116#51716886>		"lai.2"@zyn	
"fa.3 fɨ:ŋ.2"@zyb	<https://panlex.org/snapshot/panlex-20191001-csv/3116#51716411>				<https://panlex.org/snapshot/panlex-20191001-csv/3116#51716412>		"mui.2"@zyn	
"pla.1"@zyb	<https://panlex.org/snapshot/panlex-20191001-csv/3116#51716049>				<https://panlex.org/snapshot/panlex-20191001-csv/3116#51716050>		"pa.1"@zyn	
"ʔi.5"@zyb	<https://panlex.org/snapshot/panlex-20191001-csv/3116#51718139>				<https://panlex.org/snapshot/panlex-20191001-csv/3116#51718140>		"nit.9"@zyn	
"kja:ŋ.6 ŋon.2"@zyb	<https://panlex.org/snapshot/panlex-20191001-csv/3116#51718365>				<https://panlex.org/snapshot/panlex-20191001-csv/3116#51718366>		"tha:k.7 ŋin.2"@zyn	
"hǝɨ.5"@zyb	<https://panlex.org/snapshot/panlex-20191001-csv/3116#51715651>				<https://panlex.org/snapshot/panlex-20191001-csv/3116#51715652>		"ho.4"@zyn	
"ta:i.1"@zyb	<https://panlex.org/snapshot/panlex-20191001-csv/3116#51715517>				<https://panlex.org/snapshot/panlex-20191001-csv/3116#51715518>		"tha:i.1"@zyn	
"tau.3"@zyb	<https://panlex.org/snapshot/panlex-20191001-csv/3116#51715472>				<https://panlex.org/snapshot/panlex-20191001-csv/3116#51715473>		"tou.3"@zyn	
"fɨ.3"@zyb	<https://panlex.org/snapshot/panlex-20191001-csv/3116#51715382>				<https://panlex.org/snapshot/panlex-20191001-csv/3116#51715383>		"phü.3"@zyn	
"wɨn.1"@zyb	<https://panlex.org/snapshot/panlex-20191001-csv/3116#51717598>				<https://panlex.org/snapshot/panlex-20191001-csv/3116#51717599>		"phan.1"@zyn	
"pɨn.1"@zyb	<https://panlex.org/snapshot/panlex-20191001-csv/3116#51715963>				<https://panlex.org/snapshot/panlex-20191001-csv/3116#51715964>		"phun.1"@zyn	
"rok.8"@zyb	<https://panlex.org/snapshot/panlex-20191001-csv/3116#51715029>				<https://panlex.org/snapshot/panlex-20191001-csv/3116#51715030>		"nuk.10"@zyn	
"kjau.3"@zyb	<https://panlex.org/snapshot/panlex-20191001-csv/3116#51716456>				<https://panlex.org/snapshot/panlex-20191001-csv/3116#51716457>		"lau.3"@zyn	
"çi.3"@zyb	<https://panlex.org/snapshot/panlex-20191001-csv/3116#51715255>				<https://panlex.org/snapshot/panlex-20191001-csv/3116#51715256>		"ni.3"@zyn	
"pa:n.1 hɨn.2"@zyb	<https://panlex.org/snapshot/panlex-20191001-csv/3116#51717368>				<https://panlex.org/snapshot/panlex-20191001-csv/3116#51717369>		"ʔan.1 ham.6"@zyn	
"đim.1"@zyb	<https://panlex.org/snapshot/panlex-20191001-csv/3116#51716546>				<https://panlex.org/snapshot/panlex-20191001-csv/3116#51716547>		"ɫam.1 tau.2"@zyn	
"fǝi.2"@zyb	<https://panlex.org/snapshot/panlex-20191001-csv/3116#51716004>				<https://panlex.org/snapshot/panlex-20191001-csv/3116#51716005>		"fui.2"@zyn	
"pa:k.9"@zyb	<https://panlex.org/snapshot/panlex-20191001-csv/3116#51717200>				<https://panlex.org/snapshot/panlex-20191001-csv/3116#51717201>		"pa:k.7"@zyn	
"ha:u.1"@zyb	<https://panlex.org/snapshot/panlex-20191001-csv/3116#51719042>				<https://panlex.org/snapshot/panlex-20191001-csv/3116#51719043>		"pü:k.10"@zyn	
"rɨǝŋ.1"@zyb	<https://panlex.org/snapshot/panlex-20191001-csv/3116#51718454>				<https://panlex.org/snapshot/panlex-20191001-csv/3116#51718455>		"thü:ŋ.1"@zyn	
"he:u.3"@zyb	<https://panlex.org/snapshot/panlex-20191001-csv/3116#51718678>				<https://panlex.org/snapshot/panlex-20191001-csv/3116#51718679>		"he:u.3"@zyn	
"naŋ.1"@zyb	<https://panlex.org/snapshot/panlex-20191001-csv/3116#51718048>				<https://panlex.org/snapshot/panlex-20191001-csv/3116#51718049>		"naŋ.1"@zyn	
"ho.2"@zyb	<https://panlex.org/snapshot/panlex-20191001-csv/3116#51717278>				<https://panlex.org/snapshot/panlex-20191001-csv/3116#51717279>		"ho.2"@zyn	
"nin.2"@zyb	<https://panlex.org/snapshot/panlex-20191001-csv/3116#51718093>				<https://panlex.org/snapshot/panlex-20191001-csv/3116#51718094>		"nün.2"@zyn	
"kau.1"@zyb	<https://panlex.org/snapshot/panlex-20191001-csv/3116#51716592>				<https://panlex.org/snapshot/panlex-20191001-csv/3116#51716593>		"ko:k.7"@zyn	
"đo:ŋ.1"@zyb	<https://panlex.org/snapshot/panlex-20191001-csv/3116#51718768>				<https://panlex.org/snapshot/panlex-20191001-csv/3116#51718769>		"ɫo:ŋ.1"@zyn	
"bu.6"@zyb	<https://panlex.org/snapshot/panlex-20191001-csv/3116#51717459>				<https://panlex.org/snapshot/panlex-20191001-csv/3116#51717460>		"mai.3"@zyn	
"mɨŋ.2"@zyb	<https://panlex.org/snapshot/panlex-20191001-csv/3116#51718588>				<https://panlex.org/snapshot/panlex-20191001-csv/3116#51718589>		"muŋ.1"@zyn	
"me.6 bɨk.7"@zyb	<https://panlex.org/snapshot/panlex-20191001-csv/3116#51719130>				<https://panlex.org/snapshot/panlex-20191001-csv/3116#51719131>		"ça:u.2 ja.6"@zyn	
"mo:i.4"@zyb	<https://panlex.org/snapshot/panlex-20191001-csv/3116#51714825>				<https://panlex.org/snapshot/panlex-20191001-csv/3116#51714826>		"ma:i.4"@zyn	
"lɨǝt.8"@zyb	<https://panlex.org/snapshot/panlex-20191001-csv/3116#51715164>				<https://panlex.org/snapshot/panlex-20191001-csv/3116#51715165>		"lü:t.10"@zyn	
"rau.1"@zyb	<https://panlex.org/snapshot/panlex-20191001-csv/3116#51716929>				<https://panlex.org/snapshot/panlex-20191001-csv/3116#51716930>		"thau.1"@zyn	
"no.6"@zyb	<https://panlex.org/snapshot/panlex-20191001-csv/3116#51717064>				<https://panlex.org/snapshot/panlex-20191001-csv/3116#51717065>		"na.6"@zyn	
"kjai.5"@zyb	<https://panlex.org/snapshot/panlex-20191001-csv/3116#51715832>				<https://panlex.org/snapshot/panlex-20191001-csv/3116#51715833>		"lai.5"@zyn	
"ka.3"@zyb	<https://panlex.org/snapshot/panlex-20191001-csv/3116#51716637>				<https://panlex.org/snapshot/panlex-20191001-csv/3116#51716638>		"ka.3"@zyn	
"rim.1"@zyb	<https://panlex.org/snapshot/panlex-20191001-csv/3116#51716185>				<https://panlex.org/snapshot/panlex-20191001-csv/3116#51716186>		"thim.1"@zyn	
"đa.1"@zyb	<https://panlex.org/snapshot/panlex-20191001-csv/3116#51717824>				<https://panlex.org/snapshot/panlex-20191001-csv/3116#51717825>		"ça.1"@zyn	
"hap.8"@zyb	<https://panlex.org/snapshot/panlex-20191001-csv/3116#51715074>				<https://panlex.org/snapshot/panlex-20191001-csv/3116#51715075>		"hap.8"@zyn	
"he:n.3"@zyb	<https://panlex.org/snapshot/panlex-20191001-csv/3116#51719175>				<https://panlex.org/snapshot/panlex-20191001-csv/3116#51719176>		"lü:n.3"@zyn	
"ro:ŋ.6 dɨǝn.1"@zyb	<https://panlex.org/snapshot/panlex-20191001-csv/3116#51717110>				<https://panlex.org/snapshot/panlex-20191001-csv/3116#51717111>		"ha:i.1 la:ŋ.6"@zyn	
