"mašitʰa"@wca	<https://panlex.org/snapshot/panlex-20191001-csv/1573#50082265>				<https://panlex.org/snapshot/panlex-20191001-csv/1573#50081989>		"poʼewok"@brg	
"para u"@wca	<https://panlex.org/snapshot/panlex-20191001-csv/1573#50088602>				<https://panlex.org/snapshot/panlex-20191001-csv/1573#50088229>		"wapoʼeṛ̌"@brg	
"wawə-wawə"@wca	<https://panlex.org/snapshot/panlex-20191001-csv/1573#50087087>				<https://panlex.org/snapshot/panlex-20191001-csv/1573#50086896>		"ʼč-aki"@brg	
"wawə-wawə"@wca	<https://panlex.org/snapshot/panlex-20191001-csv/1573#50087372>				<https://panlex.org/snapshot/panlex-20191001-csv/1573#50087260>		"ʼaki"@brg	
"motʰoka"@wca	<https://panlex.org/snapshot/panlex-20191001-csv/1573#50091514>				<https://panlex.org/snapshot/panlex-20191001-csv/1573#50091316>		"se-s"@brg	
"urihi"@wca	<https://panlex.org/snapshot/panlex-20191001-csv/1573#50089904>				<https://panlex.org/snapshot/panlex-20191001-csv/1573#50089665>		"kakiʼwoko-ye"@brg	
"maũ ũ"@wca	<https://panlex.org/snapshot/panlex-20191001-csv/1573#50085873>				<https://panlex.org/snapshot/panlex-20191001-csv/1573#50085661>		"in"@brg	
"hetu mɨsi"@wca	<https://panlex.org/snapshot/panlex-20191001-csv/1573#50091265>				<https://panlex.org/snapshot/panlex-20191001-csv/1573#50091062>		"aʼni-ye"@brg	
"hekrã-hekrã"@wca	<https://panlex.org/snapshot/panlex-20191001-csv/1573#50082848>				<https://panlex.org/snapshot/panlex-20191001-csv/1573#50082631>		"poi-p"@brg	
"hekrã-hekrã"@wca	<https://panlex.org/snapshot/panlex-20191001-csv/1573#50082848>				<https://panlex.org/snapshot/panlex-20191001-csv/1573#50082630>		"kopoʼeṛ̌"@brg	
"poko u"@wca	<https://panlex.org/snapshot/panlex-20191001-csv/1573#50088603>				<https://panlex.org/snapshot/panlex-20191001-csv/1573#50088229>		"wapoʼeṛ̌"@brg	
"hii hi"@wca	<https://panlex.org/snapshot/panlex-20191001-csv/1573#50090162>				<https://panlex.org/snapshot/panlex-20191001-csv/1573#50089959>		"ʼewokoe"@brg	
