"pitʰa"@wca	<https://panlex.org/snapshot/panlex-20191001-csv/1573#50082581>				<https://panlex.org/snapshot/panlex-20191001-csv/1573#50082432>		"muw"@kca	
"moši-moši"@wca	<https://panlex.org/snapshot/panlex-20191001-csv/1573#50086667>				<https://panlex.org/snapshot/panlex-20191001-csv/1573#50086563>		"nʸer̃"@kca	
"mašitʰa"@wca	<https://panlex.org/snapshot/panlex-20191001-csv/1573#50082265>				<https://panlex.org/snapshot/panlex-20191001-csv/1573#50082100>		"muw"@kca	
"para u"@wca	<https://panlex.org/snapshot/panlex-20191001-csv/1573#50088602>				<https://panlex.org/snapshot/panlex-20191001-csv/1573#50088397>		"as"@kca	
"para u"@wca	<https://panlex.org/snapshot/panlex-20191001-csv/1573#50088602>				<https://panlex.org/snapshot/panlex-20191001-csv/1573#50088399>		"yuxan"@kca	
"para u"@wca	<https://panlex.org/snapshot/panlex-20191001-csv/1573#50088602>				<https://panlex.org/snapshot/panlex-20191001-csv/1573#50088398>		"soyum"@kca	
"para u"@wca	<https://panlex.org/snapshot/panlex-20191001-csv/1573#50088602>				<https://panlex.org/snapshot/panlex-20191001-csv/1573#50088400>		"yər̃am"@kca	
"wawə-wawə"@wca	<https://panlex.org/snapshot/panlex-20191001-csv/1573#50087087>				<https://panlex.org/snapshot/panlex-20191001-csv/1573#50086979>		"malaŋ"@kca	
"wawə-wawə"@wca	<https://panlex.org/snapshot/panlex-20191001-csv/1573#50089431>				<https://panlex.org/snapshot/panlex-20191001-csv/1573#50089320>		"nʸur̃m"@kca	
"u kita-kita-mou"@wca	<https://panlex.org/snapshot/panlex-20191001-csv/1573#50087837>				<https://panlex.org/snapshot/panlex-20191001-csv/1573#50087728>		"xump"@kca	
"motʰoka"@wca	<https://panlex.org/snapshot/panlex-20191001-csv/1573#50091514>				<https://panlex.org/snapshot/panlex-20191001-csv/1573#50091402>		"xatl"@kca	
"hehu"@wca	<https://panlex.org/snapshot/panlex-20191001-csv/1573#50083797>				<https://panlex.org/snapshot/panlex-20191001-csv/1573#50083616>		"r̃en"@kca	
"hehu"@wca	<https://panlex.org/snapshot/panlex-20191001-csv/1573#50083797>				<https://panlex.org/snapshot/panlex-20191001-csv/1573#50083617>		"saŋxum"@kca	
"urihi"@wca	<https://panlex.org/snapshot/panlex-20191001-csv/1573#50089904>				<https://panlex.org/snapshot/panlex-20191001-csv/1573#50089768>		"wənt"@kca	
"mrakatahu"@wca	<https://panlex.org/snapshot/panlex-20191001-csv/1573#50083391>				<https://panlex.org/snapshot/panlex-20191001-csv/1573#50083273>		"səy"@kca	
"u rə porakaa"@wca	<https://panlex.org/snapshot/panlex-20191001-csv/1573#50084883>				<https://panlex.org/snapshot/panlex-20191001-csv/1573#50084788>		"muw"@kca	
"maũ ũ"@wca	<https://panlex.org/snapshot/panlex-20191001-csv/1573#50085873>				<https://panlex.org/snapshot/panlex-20191001-csv/1573#50085747>		"yiŋk"@kca	
"hetu mɨsi"@wca	<https://panlex.org/snapshot/panlex-20191001-csv/1573#50091265>				<https://panlex.org/snapshot/panlex-20191001-csv/1573#50091150>		"tər̃umxar̃"@kca	
"heyari"@wca	<https://panlex.org/snapshot/panlex-20191001-csv/1573#50084446>				<https://panlex.org/snapshot/panlex-20191001-csv/1573#50084293>		"xar̃"@kca	
"ãhi-ãhi"@wca	<https://panlex.org/snapshot/panlex-20191001-csv/1573#50083145>				<https://panlex.org/snapshot/panlex-20191001-csv/1573#50083013>		"xəlɨ"@kca	
"hekrã-hekrã"@wca	<https://panlex.org/snapshot/panlex-20191001-csv/1573#50082848>				<https://panlex.org/snapshot/panlex-20191001-csv/1573#50082726>		"xiš"@kca	
"hekrã-hekrã"@wca	<https://panlex.org/snapshot/panlex-20191001-csv/1573#50082848>				<https://panlex.org/snapshot/panlex-20191001-csv/1573#50082725>		"r̃aw"@kca	
"poko u"@wca	<https://panlex.org/snapshot/panlex-20191001-csv/1573#50088603>				<https://panlex.org/snapshot/panlex-20191001-csv/1573#50088397>		"as"@kca	
"poko u"@wca	<https://panlex.org/snapshot/panlex-20191001-csv/1573#50088603>				<https://panlex.org/snapshot/panlex-20191001-csv/1573#50088399>		"yuxan"@kca	
"poko u"@wca	<https://panlex.org/snapshot/panlex-20191001-csv/1573#50088603>				<https://panlex.org/snapshot/panlex-20191001-csv/1573#50088398>		"soyum"@kca	
"poko u"@wca	<https://panlex.org/snapshot/panlex-20191001-csv/1573#50088603>				<https://panlex.org/snapshot/panlex-20191001-csv/1573#50088400>		"yər̃am"@kca	
"hii"@wca	<https://panlex.org/snapshot/panlex-20191001-csv/1573#50090419>				<https://panlex.org/snapshot/panlex-20191001-csv/1573#50090303>		"yux"@kca	
"hii hi"@wca	<https://panlex.org/snapshot/panlex-20191001-csv/1573#50090162>				<https://panlex.org/snapshot/panlex-20191001-csv/1573#50090049>		"yux"@kca	
"maa ma"@wca	<https://panlex.org/snapshot/panlex-20191001-csv/1573#50090823>				<https://panlex.org/snapshot/panlex-20191001-csv/1573#50090629>		"kʸew"@kca	
