"qatay"@kqe	<https://panlex.org/snapshot/panlex-20191001-csv/114#8059972>				<https://panlex.org/snapshot/panlex-20191001-csv/114#8059795>		"hati"@abs	
"pa:naw"@kqe	<https://panlex.org/snapshot/panlex-20191001-csv/114#8053898>				<https://panlex.org/snapshot/panlex-20191001-csv/114#8053681>		"bajalaŋ"@abs	
"qaba"@kqe	<https://panlex.org/snapshot/panlex-20191001-csv/114#8060505>				<https://panlex.org/snapshot/panlex-20191001-csv/114#8060290>		"susu"@abs	
"qɨbɨlɨbɨl na lupa"@kqe	<https://panlex.org/snapshot/panlex-20191001-csv/114#8056944>				<https://panlex.org/snapshot/panlex-20191001-csv/114#8056787>		"abu"@abs	
"kawala"@kqe	<https://panlex.org/snapshot/panlex-20191001-csv/114#8052351>				<https://panlex.org/snapshot/panlex-20191001-csv/114#8052187>		"kiri"@abs	
"kapay"@kqe	<https://panlex.org/snapshot/panlex-20191001-csv/114#8055933>				<https://panlex.org/snapshot/panlex-20191001-csv/114#8055751>		"barnaŋ"@abs	
"qilung"@kqe	<https://panlex.org/snapshot/panlex-20191001-csv/114#8065229>				<https://panlex.org/snapshot/panlex-20191001-csv/114#8065035>		"idoŋ"@abs	
"tinay"@kqe	<https://panlex.org/snapshot/panlex-20191001-csv/114#8059496>				<https://panlex.org/snapshot/panlex-20191001-csv/114#8059335>		"usus"@abs	
