"qatay"@kqe	<https://panlex.org/snapshot/panlex-20191001-csv/114#8059972>				<https://panlex.org/snapshot/panlex-20191001-csv/114#8060005>		"womsó"@lmg	
"pa:naw"@kqe	<https://panlex.org/snapshot/panlex-20191001-csv/114#8053898>				<https://panlex.org/snapshot/panlex-20191001-csv/114#8053934>		"nes"@lmg	
"qaba"@kqe	<https://panlex.org/snapshot/panlex-20191001-csv/114#8060505>				<https://panlex.org/snapshot/panlex-20191001-csv/114#8060541>		"usú"@lmg	
"qɨbɨlɨbɨl na lupa"@kqe	<https://panlex.org/snapshot/panlex-20191001-csv/114#8056944>				<https://panlex.org/snapshot/panlex-20191001-csv/114#8056972>		"obr̃úp"@lmg	
"kawala"@kqe	<https://panlex.org/snapshot/panlex-20191001-csv/114#8052351>				<https://panlex.org/snapshot/panlex-20191001-csv/114#8052380>		"galá"@lmg	
"kapay"@kqe	<https://panlex.org/snapshot/panlex-20191001-csv/114#8055933>				<https://panlex.org/snapshot/panlex-20191001-csv/114#8055967>		"βur̃iá"@lmg	
"qilung"@kqe	<https://panlex.org/snapshot/panlex-20191001-csv/114#8065229>				<https://panlex.org/snapshot/panlex-20191001-csv/114#8065265>		"nondró"@lmg	
"qilung"@kqe	<https://panlex.org/snapshot/panlex-20191001-csv/114#8065229>				<https://panlex.org/snapshot/panlex-20191001-csv/114#8065264>		"dorokóŋ"@lmg	
"tinay"@kqe	<https://panlex.org/snapshot/panlex-20191001-csv/114#8059496>				<https://panlex.org/snapshot/panlex-20191001-csv/114#8059528>		"mugulú"@lmg	
