"qatay"@kqe	<https://panlex.org/snapshot/panlex-20191001-csv/114#8059972>				<https://panlex.org/snapshot/panlex-20191001-csv/114#8060167>		"kati-"@slu	
"pa:naw"@kqe	<https://panlex.org/snapshot/panlex-20191001-csv/114#8053898>				<https://panlex.org/snapshot/panlex-20191001-csv/114#8054122>		"ba"@slu	
"pa:naw"@kqe	<https://panlex.org/snapshot/panlex-20191001-csv/114#8053898>				<https://panlex.org/snapshot/panlex-20191001-csv/114#8054123>		"lakut"@slu	
"qaba"@kqe	<https://panlex.org/snapshot/panlex-20191001-csv/114#8060505>				<https://panlex.org/snapshot/panlex-20191001-csv/114#8060724>		"huruk"@slu	
"qaba"@kqe	<https://panlex.org/snapshot/panlex-20191001-csv/114#8060505>				<https://panlex.org/snapshot/panlex-20191001-csv/114#8060725>		"susu-re"@slu	
"kawala"@kqe	<https://panlex.org/snapshot/panlex-20191001-csv/114#8052351>				<https://panlex.org/snapshot/panlex-20191001-csv/114#8052538>		"wisal"@slu	
"kapay"@kqe	<https://panlex.org/snapshot/panlex-20191001-csv/114#8055933>				<https://panlex.org/snapshot/panlex-20191001-csv/114#8056148>		"nau"@slu	
"qilung"@kqe	<https://panlex.org/snapshot/panlex-20191001-csv/114#8065229>				<https://panlex.org/snapshot/panlex-20191001-csv/114#8065439>		"nura-"@slu	
"tinay"@kqe	<https://panlex.org/snapshot/panlex-20191001-csv/114#8059496>				<https://panlex.org/snapshot/panlex-20191001-csv/114#8059688>		"katin"@slu	
