"qatay"@kqe	<https://panlex.org/snapshot/panlex-20191001-csv/114#8059972>				<https://panlex.org/snapshot/panlex-20191001-csv/114#8059975>		"akena"@kse	
"pa:naw"@kqe	<https://panlex.org/snapshot/panlex-20191001-csv/114#8053898>				<https://panlex.org/snapshot/panlex-20191001-csv/114#8053902>		"eda"@kse	
"pa:naw"@kqe	<https://panlex.org/snapshot/panlex-20191001-csv/114#8053898>				<https://panlex.org/snapshot/panlex-20191001-csv/114#8053903>		"edakaju"@kse	
"qaba"@kqe	<https://panlex.org/snapshot/panlex-20191001-csv/114#8060505>				<https://panlex.org/snapshot/panlex-20191001-csv/114#8060510>		"faena"@kse	
"qaba"@kqe	<https://panlex.org/snapshot/panlex-20191001-csv/114#8060505>				<https://panlex.org/snapshot/panlex-20191001-csv/114#8060511>		"ofifona"@kse	
"qɨbɨlɨbɨl na lupa"@kqe	<https://panlex.org/snapshot/panlex-20191001-csv/114#8056944>				<https://panlex.org/snapshot/panlex-20191001-csv/114#8056947>		"waufoa"@kse	
"kawala"@kqe	<https://panlex.org/snapshot/panlex-20191001-csv/114#8052351>				<https://panlex.org/snapshot/panlex-20191001-csv/114#8052354>		"imana evalina"@kse	
"kapay"@kqe	<https://panlex.org/snapshot/panlex-20191001-csv/114#8055933>				<https://panlex.org/snapshot/panlex-20191001-csv/114#8055936>		"euve"@kse	
"qilung"@kqe	<https://panlex.org/snapshot/panlex-20191001-csv/114#8065229>				<https://panlex.org/snapshot/panlex-20191001-csv/114#8065232>		"iduna"@kse	
"tinay"@kqe	<https://panlex.org/snapshot/panlex-20191001-csv/114#8059496>				<https://panlex.org/snapshot/panlex-20191001-csv/114#8059499>		"foana"@kse	
