"Pop Benedik namba 16"@tpi	<https://panlex.org/snapshot/panlex-20191001-csv/6717#111107433>				<https://panlex.org/snapshot/panlex-20191001-csv/6717#111107363>		"போப் 16-ம் பெனடிக்ட்"@ta	
"wara"@tpi	<https://panlex.org/snapshot/panlex-20191001-csv/2131#11695263>				<https://panlex.org/snapshot/panlex-20191001-csv/2131#11695259>		"தண்ணீர்"@ta	
"Siamani"@tpi	<https://panlex.org/snapshot/panlex-20191001-csv/5950#85858428>				<https://panlex.org/snapshot/panlex-20191001-csv/5950#85858422>		"ஜெர்மனி"@ta	
"Siaman"@tpi	<https://panlex.org/snapshot/panlex-20191001-csv/5950#85858429>				<https://panlex.org/snapshot/panlex-20191001-csv/5950#85858422>		"ஜெர்மனி"@ta	
"Frans"@tpi	<https://panlex.org/snapshot/panlex-20191001-csv/5950#85860399>				<https://panlex.org/snapshot/panlex-20191001-csv/5950#85860394>		"பிரான்ஸ்"@ta	
"Jeman"@tpi	<https://panlex.org/snapshot/panlex-20191001-csv/5950#85858431>				<https://panlex.org/snapshot/panlex-20191001-csv/5950#85858422>		"ஜெர்மனி"@ta	
"Pranis"@tpi	<https://panlex.org/snapshot/panlex-20191001-csv/5950#85860400>				<https://panlex.org/snapshot/panlex-20191001-csv/5950#85860394>		"பிரான்ஸ்"@ta	
"Prans"@tpi	<https://panlex.org/snapshot/panlex-20191001-csv/5950#85860398>				<https://panlex.org/snapshot/panlex-20191001-csv/5950#85860394>		"பிரான்ஸ்"@ta	
"Franis"@tpi	<https://panlex.org/snapshot/panlex-20191001-csv/5950#85860401>				<https://panlex.org/snapshot/panlex-20191001-csv/5950#85860394>		"பிரான்ஸ்"@ta	
"Jerman"@tpi	<https://panlex.org/snapshot/panlex-20191001-csv/5950#85858430>				<https://panlex.org/snapshot/panlex-20191001-csv/5950#85858422>		"ஜெர்மனி"@ta	
"ren"@tpi	<https://panlex.org/snapshot/panlex-20191001-csv/5947#84665980>				<https://panlex.org/snapshot/panlex-20191001-csv/5947#84665978>		"மழை"@ta	
"kiau"@tpi	<https://panlex.org/snapshot/panlex-20191001-csv/5947#84707584>				<https://panlex.org/snapshot/panlex-20191001-csv/5947#84707577>		"முட்டை"@ta	
"meri"@tpi	<https://panlex.org/snapshot/panlex-20191001-csv/5947#84720228>				<https://panlex.org/snapshot/panlex-20191001-csv/5947#84720226>		"பெண்"@ta	
"Belsum"@tpi	<https://panlex.org/snapshot/panlex-20191001-csv/5947#84584530>				<https://panlex.org/snapshot/panlex-20191001-csv/5947#84584519>		"பெல்ஜியம்"@ta	
"haus sik"@tpi	<https://panlex.org/snapshot/panlex-20191001-csv/5947#84858296>				<https://panlex.org/snapshot/panlex-20191001-csv/5947#84858289>		"ஆஸ்பத்திரி"@ta	
"Oktoba"@tpi	<https://panlex.org/snapshot/panlex-20191001-csv/5940#81285705>				<https://panlex.org/snapshot/panlex-20191001-csv/5940#81285699>		"அக்டோபர்"@ta	
"urita"@tpi	<https://panlex.org/snapshot/panlex-20191001-csv/5940#81375154>				<https://panlex.org/snapshot/panlex-20191001-csv/5940#81375151>		"ஒக்டோபஸ்"@ta	
"Yurop"@tpi	<https://panlex.org/snapshot/panlex-20191001-csv/5940#81279788>				<https://panlex.org/snapshot/panlex-20191001-csv/5940#81279786>		"ஐரோப்பா"@ta	
"ogas"@tpi	<https://panlex.org/snapshot/panlex-20191001-csv/5940#81277234>				<https://panlex.org/snapshot/panlex-20191001-csv/5940#81277229>		"ஆகஸ்டு"@ta	
"Graun"@tpi	<https://panlex.org/snapshot/panlex-20191001-csv/5940#81310826>				<https://panlex.org/snapshot/panlex-20191001-csv/5940#81310823>		"பூமி"@ta	
"Spen"@tpi	<https://panlex.org/snapshot/panlex-20191001-csv/5940#81281015>				<https://panlex.org/snapshot/panlex-20191001-csv/5940#81281010>		"ஸ்பெயின்"@ta	
"epril"@tpi	<https://panlex.org/snapshot/panlex-20191001-csv/5940#81276632>				<https://panlex.org/snapshot/panlex-20191001-csv/5940#81276627>		"ஏப்ரல்"@ta	
"kurita"@tpi	<https://panlex.org/snapshot/panlex-20191001-csv/5940#81375155>				<https://panlex.org/snapshot/panlex-20191001-csv/5940#81375151>		"ஒக்டோபஸ்"@ta	
"Yunaitet Stets"@tpi	<https://panlex.org/snapshot/panlex-20191001-csv/5940#81280169>				<https://panlex.org/snapshot/panlex-20191001-csv/5940#81280165>		"ஐக்கிய அமெரிக்க நாடுகள்"@ta	
"Inglis"@tpi	<https://panlex.org/snapshot/panlex-20191001-csv/5939#80799777>				<https://panlex.org/snapshot/panlex-20191001-csv/5939#80799769>		"āṅkila"@ta	
"Inglis"@tpi	<https://panlex.org/snapshot/panlex-20191001-csv/5939#80799777>				<https://panlex.org/snapshot/panlex-20191001-csv/5939#80799770>		"āṅkilam"@ta	
"Siamani"@tpi	<https://panlex.org/snapshot/panlex-20191001-csv/5939#80782806>				<https://panlex.org/snapshot/panlex-20191001-csv/5939#80782796>		"Jermaṉi"@ta	
"Pranis"@tpi	<https://panlex.org/snapshot/panlex-20191001-csv/5939#80821074>				<https://panlex.org/snapshot/panlex-20191001-csv/5939#80821069>		"Pirāṉs"@ta	
"Asia"@tpi	<https://panlex.org/snapshot/panlex-20191001-csv/5939#80730009>				<https://panlex.org/snapshot/panlex-20191001-csv/5939#80730005>		"Āciyā"@ta	
"Franis"@tpi	<https://panlex.org/snapshot/panlex-20191001-csv/5939#80821075>				<https://panlex.org/snapshot/panlex-20191001-csv/5939#80821069>		"Pirāṉs"@ta	
"Siaman"@tpi	<https://panlex.org/snapshot/panlex-20191001-csv/5939#80782807>				<https://panlex.org/snapshot/panlex-20191001-csv/5939#80782796>		"Jermaṉi"@ta	
"Frans"@tpi	<https://panlex.org/snapshot/panlex-20191001-csv/5939#80821073>				<https://panlex.org/snapshot/panlex-20191001-csv/5939#80821069>		"Pirāṉs"@ta	
"Prans"@tpi	<https://panlex.org/snapshot/panlex-20191001-csv/5939#80821072>				<https://panlex.org/snapshot/panlex-20191001-csv/5939#80821069>		"Pirāṉs"@ta	
"Jeman"@tpi	<https://panlex.org/snapshot/panlex-20191001-csv/5939#80782809>				<https://panlex.org/snapshot/panlex-20191001-csv/5939#80782796>		"Jermaṉi"@ta	
"Jerman"@tpi	<https://panlex.org/snapshot/panlex-20191001-csv/5939#80782808>				<https://panlex.org/snapshot/panlex-20191001-csv/5939#80782796>		"Jermaṉi"@ta	
"Kambra"@tpi	<https://panlex.org/snapshot/panlex-20191001-csv/5939#80771734>				<https://panlex.org/snapshot/panlex-20191001-csv/5939#80771732>		"Kāṉparā"@ta	
"Yurop"@tpi	<https://panlex.org/snapshot/panlex-20191001-csv/5939#80806672>				<https://panlex.org/snapshot/panlex-20191001-csv/5939#80806670>		"Airōppā"@ta	
"Dublin"@tpi	<https://panlex.org/snapshot/panlex-20191001-csv/5939#80789665>				<https://panlex.org/snapshot/panlex-20191001-csv/5939#80789662>		"Ṭapliṉ"@ta	
"planim"@tpi	<https://panlex.org/snapshot/panlex-20191001-csv/5946#84439594>				<https://panlex.org/snapshot/panlex-20191001-csv/5946#84439590>		"நடு"@ta	
"bulmakau"@tpi	<https://panlex.org/snapshot/panlex-20191001-csv/5946#84440017>				<https://panlex.org/snapshot/panlex-20191001-csv/5946#84440014>		"பசு"@ta	
"bulmakau meri"@tpi	<https://panlex.org/snapshot/panlex-20191001-csv/5946#84440018>				<https://panlex.org/snapshot/panlex-20191001-csv/5946#84440014>		"பசு"@ta	
"talinga"@tpi	<https://panlex.org/snapshot/panlex-20191001-csv/5946#84450333>				<https://panlex.org/snapshot/panlex-20191001-csv/5946#84450327>		"காளான்"@ta	
"diwai"@tpi	<https://panlex.org/snapshot/panlex-20191001-csv/5946#84449659>				<https://panlex.org/snapshot/panlex-20191001-csv/5946#84449655>		"மரம்"@ta	
"papai"@tpi	<https://panlex.org/snapshot/panlex-20191001-csv/5946#84450334>				<https://panlex.org/snapshot/panlex-20191001-csv/5946#84450327>		"காளான்"@ta	
"pis"@tpi	<https://panlex.org/snapshot/panlex-20191001-csv/5946#84454816>				<https://panlex.org/snapshot/panlex-20191001-csv/5946#84454812>		"மீன்"@ta	
"Rasia"@tpi	<https://panlex.org/snapshot/panlex-20191001-csv/5949#85319615>				<https://panlex.org/snapshot/panlex-20191001-csv/5949#85319607>		"உருசியா"@ta	
"Rasia"@tpi	<https://panlex.org/snapshot/panlex-20191001-csv/5949#85319615>				<https://panlex.org/snapshot/panlex-20191001-csv/5949#85319606>		"ரஷ்யா"@ta	
"intanet"@tpi	<https://panlex.org/snapshot/panlex-20191001-csv/5949#85310334>				<https://panlex.org/snapshot/panlex-20191001-csv/5949#85310331>		"இணையம்"@ta	
"Skotlan"@tpi	<https://panlex.org/snapshot/panlex-20191001-csv/5949#85325314>				<https://panlex.org/snapshot/panlex-20191001-csv/5949#85325308>		"இசுக்கொட்லாந்து"@ta	
"Ostrelia"@tpi	<https://panlex.org/snapshot/panlex-20191001-csv/5949#85298242>				<https://panlex.org/snapshot/panlex-20191001-csv/5949#85298233>		"ஆஸ்திரேலியா"@ta	
"Ostrelia"@tpi	<https://panlex.org/snapshot/panlex-20191001-csv/5949#85298242>				<https://panlex.org/snapshot/panlex-20191001-csv/5949#85298234>		"அவுஸ்திரேலியா"@ta	
"Pinlan"@tpi	<https://panlex.org/snapshot/panlex-20191001-csv/5949#85323261>				<https://panlex.org/snapshot/panlex-20191001-csv/5949#85323255>		"பின்லாந்து"@ta	
"Berlin"@tpi	<https://panlex.org/snapshot/panlex-20191001-csv/5949#85302546>				<https://panlex.org/snapshot/panlex-20191001-csv/5949#85302539>		"பெர்லின்"@ta	
"Latvia"@tpi	<https://panlex.org/snapshot/panlex-20191001-csv/5949#85314390>				<https://panlex.org/snapshot/panlex-20191001-csv/5949#85314383>		"லாத்வியா"@ta	
"Gabon"@tpi	<https://panlex.org/snapshot/panlex-20191001-csv/5949#85305728>				<https://panlex.org/snapshot/panlex-20191001-csv/5949#85305725>		"காபோன்"@ta	
"Ol Pilipin"@tpi	<https://panlex.org/snapshot/panlex-20191001-csv/5949#85323427>				<https://panlex.org/snapshot/panlex-20191001-csv/5949#85323420>		"பிலிப்பீன்சு"@ta	
"Buda"@tpi	<https://panlex.org/snapshot/panlex-20191001-csv/5949#85303934>				<https://panlex.org/snapshot/panlex-20191001-csv/5949#85303930>		"புத்தன்"@ta	
"Buda"@tpi	<https://panlex.org/snapshot/panlex-20191001-csv/5949#85303934>				<https://panlex.org/snapshot/panlex-20191001-csv/5949#85303929>		"புத்தர்"@ta	
"San"@tpi	<https://panlex.org/snapshot/panlex-20191001-csv/5949#85321000>				<https://panlex.org/snapshot/panlex-20191001-csv/5949#85320994>		"சூரியன்"@ta	
"Beijing"@tpi	<https://panlex.org/snapshot/panlex-20191001-csv/5949#85318067>				<https://panlex.org/snapshot/panlex-20191001-csv/5949#85318062>		"பெய்ஜிங்"@ta	
"Belsum"@tpi	<https://panlex.org/snapshot/panlex-20191001-csv/5949#85302252>				<https://panlex.org/snapshot/panlex-20191001-csv/5949#85302248>		"பெல்ஜியம்"@ta	
"Yerusalem"@tpi	<https://panlex.org/snapshot/panlex-20191001-csv/5949#85310036>				<https://panlex.org/snapshot/panlex-20191001-csv/5949#85310026>		"யெரூசலம்"@ta	
"Siapan"@tpi	<https://panlex.org/snapshot/panlex-20191001-csv/5949#85326120>				<https://panlex.org/snapshot/panlex-20191001-csv/5949#85326116>		"ஜப்பான்"@ta	
"Ogas"@tpi	<https://panlex.org/snapshot/panlex-20191001-csv/5949#85329523>				<https://panlex.org/snapshot/panlex-20191001-csv/5949#85329515>		"ஆகஸ்டு"@ta	
"Teki"@tpi	<https://panlex.org/snapshot/panlex-20191001-csv/5949#85322602>				<https://panlex.org/snapshot/panlex-20191001-csv/5949#85322595>		"துருக்கி"@ta	
"Baibel"@tpi	<https://panlex.org/snapshot/panlex-20191001-csv/5949#85302805>				<https://panlex.org/snapshot/panlex-20191001-csv/5949#85302796>		"விவிலியம்"@ta	
"Yurop"@tpi	<https://panlex.org/snapshot/panlex-20191001-csv/5949#85308650>				<https://panlex.org/snapshot/panlex-20191001-csv/5949#85308644>		"ஐரோப்பா"@ta	
"Pranis"@tpi	<https://panlex.org/snapshot/panlex-20191001-csv/5949#85323684>				<https://panlex.org/snapshot/panlex-20191001-csv/5949#85323676>		"பிரான்சு"@ta	
"histori"@tpi	<https://panlex.org/snapshot/panlex-20191001-csv/5942#83282336>				<https://panlex.org/snapshot/panlex-20191001-csv/5942#83282330>		"வரலாறு"@ta	
"buk"@tpi	<https://panlex.org/snapshot/panlex-20191001-csv/5942#83282789>				<https://panlex.org/snapshot/panlex-20191001-csv/5942#83282782>		"நூல்"@ta	
"Tok Pranis"@tpi	<https://panlex.org/snapshot/panlex-20191001-csv/405#13624332>				<https://panlex.org/snapshot/panlex-20191001-csv/405#13624328>		"பிரெஞ்சு மொழி"@ta	
"Tok Balgeria"@tpi	<https://panlex.org/snapshot/panlex-20191001-csv/405#13622191>				<https://panlex.org/snapshot/panlex-20191001-csv/405#13622187>		"பல்கேரிய மொழி"@ta	
"Tok Balgeria"@tpi	<https://panlex.org/snapshot/panlex-20191001-csv/405#13622191>				<https://panlex.org/snapshot/panlex-20191001-csv/405#13622135>		"ஜப்பானிய மொழி"@ta	
"Tok Grik"@tpi	<https://panlex.org/snapshot/panlex-20191001-csv/405#13624956>				<https://panlex.org/snapshot/panlex-20191001-csv/405#13624952>		"கிரேக்க மொழி"@ta	
"Tok Latin"@tpi	<https://panlex.org/snapshot/panlex-20191001-csv/405#13627537>				<https://panlex.org/snapshot/panlex-20191001-csv/405#13627533>		"இலத்தீன்"@ta	
"Tok Denmak"@tpi	<https://panlex.org/snapshot/panlex-20191001-csv/405#13623242>				<https://panlex.org/snapshot/panlex-20191001-csv/405#13623239>		"டேனிய மொழி"@ta	
"Tok Rasia"@tpi	<https://panlex.org/snapshot/panlex-20191001-csv/405#13630784>				<https://panlex.org/snapshot/panlex-20191001-csv/405#13630779>		"ரஷ்ய மொழி"@ta	
"Tok Itali"@tpi	<https://panlex.org/snapshot/panlex-20191001-csv/405#13626341>				<https://panlex.org/snapshot/panlex-20191001-csv/405#13626337>		"இத்தாலிய மொழி"@ta	
"Indo-Yuropien famili bilong tokples"@tpi	<https://panlex.org/snapshot/panlex-20191001-csv/405#13625922>				<https://panlex.org/snapshot/panlex-20191001-csv/405#13625919>		"இந்திய-ஐரோப்பிய மொழிகள்"@ta	
"Tok Siamani"@tpi	<https://panlex.org/snapshot/panlex-20191001-csv/405#13624697>				<https://panlex.org/snapshot/panlex-20191001-csv/405#13624691>		"ஜெர்மன் மொழி"@ta	
"Gris"@tpi	<https://panlex.org/snapshot/panlex-20191001-csv/9#519251>				<https://panlex.org/snapshot/panlex-20191001-csv/9#519249>		"Gresya"@ta	
"Pranis"@tpi	<https://panlex.org/snapshot/panlex-20191001-csv/9#474995>				<https://panlex.org/snapshot/panlex-20191001-csv/9#474992>		"பிரான்ஸ்"@ta	
"Inglis"@tpi	<https://panlex.org/snapshot/panlex-20191001-csv/9#479814>				<https://panlex.org/snapshot/panlex-20191001-csv/9#479808>		"ஆங்கிலம்"@ta	
"nainpela"@tpi	<https://panlex.org/snapshot/panlex-20191001-csv/9#491054>				<https://panlex.org/snapshot/panlex-20191001-csv/9#491044>		"ஒன்பது"@ta	
"Asia"@tpi	<https://panlex.org/snapshot/panlex-20191001-csv/9#502736>				<https://panlex.org/snapshot/panlex-20191001-csv/9#502732>		"ஆசியா"@ta	
"Yurop"@tpi	<https://panlex.org/snapshot/panlex-20191001-csv/9#501129>				<https://panlex.org/snapshot/panlex-20191001-csv/9#501127>		"ஐரோப்பா"@ta	
"Jerman"@tpi	<https://panlex.org/snapshot/panlex-20191001-csv/9#474861>				<https://panlex.org/snapshot/panlex-20191001-csv/9#474856>		"ஜெர்மனி"@ta	
"Saut Korea"@tpi	<https://panlex.org/snapshot/panlex-20191001-csv/9#544438>				<https://panlex.org/snapshot/panlex-20191001-csv/9#544435>		"தென்கொரியா"@ta	
"intanet"@tpi	<https://panlex.org/snapshot/panlex-20191001-csv/9#487671>				<https://panlex.org/snapshot/panlex-20191001-csv/9#487667>		"இணையம்"@ta	
"Pasifik"@tpi	<https://panlex.org/snapshot/panlex-20191001-csv/12#913943>				<https://panlex.org/snapshot/panlex-20191001-csv/12#913940>		"பசிபிக் பெருங்கடல்"@ta	
"kurita"@tpi	<https://panlex.org/snapshot/panlex-20191001-csv/12#906233>				<https://panlex.org/snapshot/panlex-20191001-csv/12#906230>		"ஒக்டோபஸ்"@ta	
"Ostria"@tpi	<https://panlex.org/snapshot/panlex-20191001-csv/12#925525>				<https://panlex.org/snapshot/panlex-20191001-csv/12#925520>		"ஆஸ்திரியா"@ta	
"Ostria"@tpi	<https://panlex.org/snapshot/panlex-20191001-csv/12#925410>				<https://panlex.org/snapshot/panlex-20191001-csv/12#925405>		"ஆஸ்திரியா"@ta	
"Ostria"@tpi	<https://panlex.org/snapshot/panlex-20191001-csv/12#925640>				<https://panlex.org/snapshot/panlex-20191001-csv/12#925635>		"ஆஸ்திரியா"@ta	
"wara"@tpi	<https://panlex.org/snapshot/panlex-20191001-csv/12#851204>				<https://panlex.org/snapshot/panlex-20191001-csv/12#851178>		"தண்ணீர்"@ta	
"Finland"@tpi	<https://panlex.org/snapshot/panlex-20191001-csv/12#852854>				<https://panlex.org/snapshot/panlex-20191001-csv/12#852850>		"பின்லாந்து"@ta	
"Belsum"@tpi	<https://panlex.org/snapshot/panlex-20191001-csv/12#852763>				<https://panlex.org/snapshot/panlex-20191001-csv/12#852758>		"பெல்ஜியம்"@ta	
"estronomi"@tpi	<https://panlex.org/snapshot/panlex-20191001-csv/2904#111022024>				<https://panlex.org/snapshot/panlex-20191001-csv/2904#111022139>		"வானியல்"@ta	
"pilosopi"@tpi	<https://panlex.org/snapshot/panlex-20191001-csv/2904#111023933>				<https://panlex.org/snapshot/panlex-20191001-csv/2904#111023854>		"தத்துவம்"@ta	
"histori"@tpi	<https://panlex.org/snapshot/panlex-20191001-csv/2904#111022827>				<https://panlex.org/snapshot/panlex-20191001-csv/2904#111022823>		"வரலாறு"@ta	
"jiograpi"@tpi	<https://panlex.org/snapshot/panlex-20191001-csv/2904#111022599>				<https://panlex.org/snapshot/panlex-20191001-csv/2904#111022609>		"புவியியல்"@ta	
"gutpela taim"@tpi	<https://panlex.org/snapshot/panlex-20191001-csv/2902#111012315>				<https://panlex.org/snapshot/panlex-20191001-csv/2902#111012123>		"சமாதானம்"@ta	
"Yurenas"@tpi	<https://panlex.org/snapshot/panlex-20191001-csv/2907#110846897>				<https://panlex.org/snapshot/panlex-20191001-csv/2907#110846876>		"யுரேனஸ்"@ta	
"Graun"@tpi	<https://panlex.org/snapshot/panlex-20191001-csv/2907#110845672>				<https://panlex.org/snapshot/panlex-20191001-csv/2907#110845578>		"பூமி"@ta	
"Makuri"@tpi	<https://panlex.org/snapshot/panlex-20191001-csv/2907#110845116>				<https://panlex.org/snapshot/panlex-20191001-csv/2907#110845108>		"புதன்"@ta	
"Sola Sistem"@tpi	<https://panlex.org/snapshot/panlex-20191001-csv/2907#110848252>				<https://panlex.org/snapshot/panlex-20191001-csv/2907#110848247>		"சூரியக் குடும்பம்"@ta	
"Saten"@tpi	<https://panlex.org/snapshot/panlex-20191001-csv/2907#110846604>				<https://panlex.org/snapshot/panlex-20191001-csv/2907#110846628>		"சனி"@ta	
"San"@tpi	<https://panlex.org/snapshot/panlex-20191001-csv/2907#110845041>				<https://panlex.org/snapshot/panlex-20191001-csv/2907#110844937>		"சூரியன்"@ta	
"Jupita"@tpi	<https://panlex.org/snapshot/panlex-20191001-csv/2907#110846506>				<https://panlex.org/snapshot/panlex-20191001-csv/2907#110846414>		"வியாழன்"@ta	
"liklik planet"@tpi	<https://panlex.org/snapshot/panlex-20191001-csv/2907#110848036>				<https://panlex.org/snapshot/panlex-20191001-csv/2907#110848054>		"குள்ளக் கிரகம்"@ta	
"Eris"@tpi	<https://panlex.org/snapshot/panlex-20191001-csv/2907#110847957>				<https://panlex.org/snapshot/panlex-20191001-csv/2907#110847830>		"எரிஸ்"@ta	
"Ceres"@tpi	<https://panlex.org/snapshot/panlex-20191001-csv/2907#110846176>				<https://panlex.org/snapshot/panlex-20191001-csv/2907#110846190>		"சிரீஸ்"@ta	
"Pluto"@tpi	<https://panlex.org/snapshot/panlex-20191001-csv/2907#110847395>				<https://panlex.org/snapshot/panlex-20191001-csv/2907#110847223>		"புளூட்டோ"@ta	
"Mun"@tpi	<https://panlex.org/snapshot/panlex-20191001-csv/2907#110845836>				<https://panlex.org/snapshot/panlex-20191001-csv/2907#110845768>		"சந்திரன்"@ta	
"Vinas"@tpi	<https://panlex.org/snapshot/panlex-20191001-csv/2907#110845375>				<https://panlex.org/snapshot/panlex-20191001-csv/2907#110845441>		"வெள்ளி"@ta	
"Mas"@tpi	<https://panlex.org/snapshot/panlex-20191001-csv/2907#110846114>				<https://panlex.org/snapshot/panlex-20191001-csv/2907#110845947>		"செவ்வாய்"@ta	
"Neptun"@tpi	<https://panlex.org/snapshot/panlex-20191001-csv/2907#110847026>				<https://panlex.org/snapshot/panlex-20191001-csv/2907#110847032>		"நெப்டியூன்"@ta	
"Pasifik"@tpi	<https://panlex.org/snapshot/panlex-20191001-csv/2901#110867900>				<https://panlex.org/snapshot/panlex-20191001-csv/2901#110868099>		"பசிபிக் பெருங்கடல்"@ta	
"Adam na Iv"@tpi	<https://panlex.org/snapshot/panlex-20191001-csv/2906#111019195>				<https://panlex.org/snapshot/panlex-20191001-csv/2906#111019217>		"ஆதாம் மற்றும் ஏவாள்"@ta	
"Platon"@tpi	<https://panlex.org/snapshot/panlex-20191001-csv/2906#111020856>				<https://panlex.org/snapshot/panlex-20191001-csv/2906#111020900>		"பிளேட்டோ"@ta	
"mi"@tpi	<https://panlex.org/snapshot/panlex-20191001-csv/8#430313>				<https://panlex.org/snapshot/panlex-20191001-csv/8#430303>		"நான்"@ta	
"Saiprus"@tpi	<https://panlex.org/snapshot/panlex-20191001-csv/10#760331>				<https://panlex.org/snapshot/panlex-20191001-csv/10#760326>		"சைப்பிரஸ்"@ta	
"Siaman"@tpi	<https://panlex.org/snapshot/panlex-20191001-csv/10#571888>				<https://panlex.org/snapshot/panlex-20191001-csv/10#571882>		"ஜெர்மனி"@ta	
"Not Korea"@tpi	<https://panlex.org/snapshot/panlex-20191001-csv/10#767899>				<https://panlex.org/snapshot/panlex-20191001-csv/10#767896>		"வட கொரியா"@ta	
"Finland"@tpi	<https://panlex.org/snapshot/panlex-20191001-csv/10#760705>				<https://panlex.org/snapshot/panlex-20191001-csv/10#760701>		"பின்லாந்து"@ta	
"mas"@tpi	<https://panlex.org/snapshot/panlex-20191001-csv/15#953321>				<https://panlex.org/snapshot/panlex-20191001-csv/15#953317>		"மார்ச்"@ta	
"Belsum"@tpi	<https://panlex.org/snapshot/panlex-20191001-csv/11#787462>				<https://panlex.org/snapshot/panlex-20191001-csv/11#787458>		"பெல்ஜியம்"@ta	
"wara"@tpi	<https://panlex.org/snapshot/panlex-20191001-csv/11#787755>				<https://panlex.org/snapshot/panlex-20191001-csv/11#787743>		"தண்ணீர்"@ta	
"mac"@tpi	<https://panlex.org/snapshot/panlex-20191001-csv/13#949949>				<https://panlex.org/snapshot/panlex-20191001-csv/13#949944>		"மார்ச்"@ta	
"Fraide"@tpi	<https://panlex.org/snapshot/panlex-20191001-csv/2892#110825778>				<https://panlex.org/snapshot/panlex-20191001-csv/2892#110825704>		"வெள்ளி"@ta	
"Mande"@tpi	<https://panlex.org/snapshot/panlex-20191001-csv/2892#110824309>				<https://panlex.org/snapshot/panlex-20191001-csv/2892#110824317>		"திங்கள்"@ta	
"Sarere"@tpi	<https://panlex.org/snapshot/panlex-20191001-csv/2892#110826356>				<https://panlex.org/snapshot/panlex-20191001-csv/2892#110826374>		"சனி"@ta	
"Tunde"@tpi	<https://panlex.org/snapshot/panlex-20191001-csv/2892#110824617>				<https://panlex.org/snapshot/panlex-20191001-csv/2892#110824736>		"செவ்வாய்"@ta	
"Fonde"@tpi	<https://panlex.org/snapshot/panlex-20191001-csv/2892#110825433>				<https://panlex.org/snapshot/panlex-20191001-csv/2892#110825688>		"வியாழன்"@ta	
"Trinde"@tpi	<https://panlex.org/snapshot/panlex-20191001-csv/2892#110824866>				<https://panlex.org/snapshot/panlex-20191001-csv/2892#110825259>		"புதன்"@ta	
"Sande"@tpi	<https://panlex.org/snapshot/panlex-20191001-csv/2892#110826747>				<https://panlex.org/snapshot/panlex-20191001-csv/2892#110826686>		"ஞாயிறு"@ta	
"Mas"@tpi	<https://panlex.org/snapshot/panlex-20191001-csv/2897#110827970>				<https://panlex.org/snapshot/panlex-20191001-csv/2897#110828135>		"மார்ச்"@ta	
"Novemba"@tpi	<https://panlex.org/snapshot/panlex-20191001-csv/2897#110831176>				<https://panlex.org/snapshot/panlex-20191001-csv/2897#110831481>		"நவம்பர்"@ta	
"Ogas"@tpi	<https://panlex.org/snapshot/panlex-20191001-csv/2897#110830198>				<https://panlex.org/snapshot/panlex-20191001-csv/2897#110830180>		"ஆகஸ்டு"@ta	
"Janueri"@tpi	<https://panlex.org/snapshot/panlex-20191001-csv/2897#110827165>				<https://panlex.org/snapshot/panlex-20191001-csv/2897#110827326>		"ஜனவரி"@ta	
"Februeri"@tpi	<https://panlex.org/snapshot/panlex-20191001-csv/2897#110827525>				<https://panlex.org/snapshot/panlex-20191001-csv/2897#110827607>		"பெப்ரவரி"@ta	
"Epril"@tpi	<https://panlex.org/snapshot/panlex-20191001-csv/2897#110828585>				<https://panlex.org/snapshot/panlex-20191001-csv/2897#110828307>		"ஏப்ரல்"@ta	
"Septemba"@tpi	<https://panlex.org/snapshot/panlex-20191001-csv/2897#110830499>				<https://panlex.org/snapshot/panlex-20191001-csv/2897#110830651>		"செப்டம்பர்"@ta	
"Me"@tpi	<https://panlex.org/snapshot/panlex-20191001-csv/2897#110828800>				<https://panlex.org/snapshot/panlex-20191001-csv/2897#110828994>		"மே"@ta	
"Julai"@tpi	<https://panlex.org/snapshot/panlex-20191001-csv/2897#110829681>				<https://panlex.org/snapshot/panlex-20191001-csv/2897#110829764>		"ஜூலை"@ta	
"Oktoba"@tpi	<https://panlex.org/snapshot/panlex-20191001-csv/2897#110830944>				<https://panlex.org/snapshot/panlex-20191001-csv/2897#110830995>		"அக்டோபர்"@ta	
"Jun"@tpi	<https://panlex.org/snapshot/panlex-20191001-csv/2897#110829223>				<https://panlex.org/snapshot/panlex-20191001-csv/2897#110829122>		"ஜூன்"@ta	
"Disemba"@tpi	<https://panlex.org/snapshot/panlex-20191001-csv/2897#110831815>				<https://panlex.org/snapshot/panlex-20191001-csv/2897#110831835>		"டிசம்பர்"@ta	
"Antatika"@tpi	<https://panlex.org/snapshot/panlex-20191001-csv/2891#110853672>				<https://panlex.org/snapshot/panlex-20191001-csv/2891#110853594>		"அண்டார்டிக்கா"@ta	
"Asia"@tpi	<https://panlex.org/snapshot/panlex-20191001-csv/2891#110854024>				<https://panlex.org/snapshot/panlex-20191001-csv/2891#110853849>		"ஆசியா"@ta	
"Afrika"@tpi	<https://panlex.org/snapshot/panlex-20191001-csv/2891#110853057>				<https://panlex.org/snapshot/panlex-20191001-csv/2891#110853044>		"ஆப்பிரிக்கா"@ta	
"Amerika"@tpi	<https://panlex.org/snapshot/panlex-20191001-csv/2891#110853427>				<https://panlex.org/snapshot/panlex-20191001-csv/2891#110853275>		"அமெரிக்கா"@ta	
"Aprika"@tpi	<https://panlex.org/snapshot/panlex-20191001-csv/2891#110853151>				<https://panlex.org/snapshot/panlex-20191001-csv/2891#110853044>		"ஆப்பிரிக்கா"@ta	
"Yurop"@tpi	<https://panlex.org/snapshot/panlex-20191001-csv/2891#110854086>				<https://panlex.org/snapshot/panlex-20191001-csv/2891#110854263>		"ஐரோப்பா"@ta	
"Osenia"@tpi	<https://panlex.org/snapshot/panlex-20191001-csv/2891#110854340>				<https://panlex.org/snapshot/panlex-20191001-csv/2891#110854373>		"ஓசியானியா"@ta	
