"Yr Efengyl yn ôl Mathew"@cy	<https://panlex.org/snapshot/panlex-20191001-csv/6726#111130504>				<https://panlex.org/snapshot/panlex-20191001-csv/6726#111130571>		"Mateo"@ee	
"Llythyr Cyntaf Paul at y Thesaloniaid"@cy	<https://panlex.org/snapshot/panlex-20191001-csv/6726#111132565>				<https://panlex.org/snapshot/panlex-20191001-csv/6726#111132431>		"Tesalonikatɔwo Ⅰ"@ee	
"Trydydd Llythyr Ioan"@cy	<https://panlex.org/snapshot/panlex-20191001-csv/6726#111134538>				<https://panlex.org/snapshot/panlex-20191001-csv/6726#111134402>		"Yohannes Ⅲ"@ee	
"Llythyr Paul at Philemon"@cy	<https://panlex.org/snapshot/panlex-20191001-csv/6726#111133306>				<https://panlex.org/snapshot/panlex-20191001-csv/6726#111133294>		"Filemon"@ee	
"Llythyr Cyntaf Paul at y Corinthiaid"@cy	<https://panlex.org/snapshot/panlex-20191001-csv/6726#111131506>				<https://panlex.org/snapshot/panlex-20191001-csv/6726#111131538>		"Korintotɔwo Ⅰ"@ee	
"Llythyr Jwdas"@cy	<https://panlex.org/snapshot/panlex-20191001-csv/6726#111134567>				<https://panlex.org/snapshot/panlex-20191001-csv/6726#111134588>		"Yuda"@ee	
"Llythyr Paul at y Philipiaid"@cy	<https://panlex.org/snapshot/panlex-20191001-csv/6726#111132117>				<https://panlex.org/snapshot/panlex-20191001-csv/6726#111132204>		"Filipetɔwo"@ee	
"Yr Efengyl yn ôl Luc"@cy	<https://panlex.org/snapshot/panlex-20191001-csv/6726#111130878>				<https://panlex.org/snapshot/panlex-20191001-csv/6726#111130934>		"Luka"@ee	
"Ail Lythyr Ioan"@cy	<https://panlex.org/snapshot/panlex-20191001-csv/6726#111134295>				<https://panlex.org/snapshot/panlex-20191001-csv/6726#111134264>		"Yohannes Ⅱ"@ee	
"Llythyr Paul at y Colosiaid"@cy	<https://panlex.org/snapshot/panlex-20191001-csv/6726#111132330>				<https://panlex.org/snapshot/panlex-20191001-csv/6726#111132411>		"Kolosetɔwo"@ee	
"Y Llythyr at yr Hebreaid"@cy	<https://panlex.org/snapshot/panlex-20191001-csv/6726#111133527>				<https://panlex.org/snapshot/panlex-20191001-csv/6726#111133530>		"Hebritɔwo"@ee	
"Llythyr Cyntaf Paul at Timotheus"@cy	<https://panlex.org/snapshot/panlex-20191001-csv/6726#111132866>				<https://panlex.org/snapshot/panlex-20191001-csv/6726#111132814>		"Timoteo Ⅰ"@ee	
"Actau’r Apostolion"@cy	<https://panlex.org/snapshot/panlex-20191001-csv/6726#111131267>				<https://panlex.org/snapshot/panlex-20191001-csv/6726#111131153>		"Apostolowo ƒe dɔwɔwɔwo"@ee	
"Llythyr Cyntaf Pedr"@cy	<https://panlex.org/snapshot/panlex-20191001-csv/6726#111133781>				<https://panlex.org/snapshot/panlex-20191001-csv/6726#111133820>		"Petro Ⅰ"@ee	
"Ail Lythyr Paul at Timotheus"@cy	<https://panlex.org/snapshot/panlex-20191001-csv/6726#111133004>				<https://panlex.org/snapshot/panlex-20191001-csv/6726#111132974>		"Timoteo Ⅱ"@ee	
"Yr Efengyl yn ôl Ioan"@cy	<https://panlex.org/snapshot/panlex-20191001-csv/6726#111131003>				<https://panlex.org/snapshot/panlex-20191001-csv/6726#111131024>		"Yohanes"@ee	
"Llythyr Paul at yr Effesiaid"@cy	<https://panlex.org/snapshot/panlex-20191001-csv/6726#111132085>				<https://panlex.org/snapshot/panlex-20191001-csv/6726#111132058>		"Efesetɔwo"@ee	
"Ail Lythyr Paul at y Corinthiaid"@cy	<https://panlex.org/snapshot/panlex-20191001-csv/6726#111131741>				<https://panlex.org/snapshot/panlex-20191001-csv/6726#111131654>		"Korintotɔwo Ⅱ"@ee	
"Llythyr Cyntaf Ioan"@cy	<https://panlex.org/snapshot/panlex-20191001-csv/6726#111134180>				<https://panlex.org/snapshot/panlex-20191001-csv/6726#111134165>		"Yohannes Ⅰ"@ee	
"Datguddiad Ioan"@cy	<https://panlex.org/snapshot/panlex-20191001-csv/6726#111134851>				<https://panlex.org/snapshot/panlex-20191001-csv/6726#111134749>		"Nyaɖeɖefia"@ee	
"Llythyr Iago"@cy	<https://panlex.org/snapshot/panlex-20191001-csv/6726#111133726>				<https://panlex.org/snapshot/panlex-20191001-csv/6726#111133579>		"Yakobo"@ee	
"Llythyr Paul at y Rhufeiniaid"@cy	<https://panlex.org/snapshot/panlex-20191001-csv/6726#111131387>				<https://panlex.org/snapshot/panlex-20191001-csv/6726#111131433>		"Romatɔwo"@ee	
"Llythyr Paul at y Galatiaid"@cy	<https://panlex.org/snapshot/panlex-20191001-csv/6726#111131835>				<https://panlex.org/snapshot/panlex-20191001-csv/6726#111131783>		"Galatiatɔwo"@ee	
"Ail Lythyr Pedr"@cy	<https://panlex.org/snapshot/panlex-20191001-csv/6726#111134041>				<https://panlex.org/snapshot/panlex-20191001-csv/6726#111134016>		"Petro Ⅱ"@ee	
"Yr Efengyl yn ôl Marc"@cy	<https://panlex.org/snapshot/panlex-20191001-csv/6726#111130744>				<https://panlex.org/snapshot/panlex-20191001-csv/6726#111130754>		"Marko"@ee	
"Ail Lythyr Paul at y Thesaloniaid"@cy	<https://panlex.org/snapshot/panlex-20191001-csv/6726#111132630>				<https://panlex.org/snapshot/panlex-20191001-csv/6726#111132607>		"Tesalonikatɔwo Ⅱ"@ee	
"Testament Newydd"@cy	<https://panlex.org/snapshot/panlex-20191001-csv/6726#111134936>				<https://panlex.org/snapshot/panlex-20191001-csv/6726#111134902>		"Nubabla yeye"@ee	
"Llythyr Paul at Titus"@cy	<https://panlex.org/snapshot/panlex-20191001-csv/6726#111133096>				<https://panlex.org/snapshot/panlex-20191001-csv/6726#111133137>		"Tito"@ee	
"afon"@cy	<https://panlex.org/snapshot/panlex-20191001-csv/2131#11694904>				<https://panlex.org/snapshot/panlex-20191001-csv/2131#11694843>		"tɔsisi"@ee	
"Slofenia"@cy	<https://panlex.org/snapshot/panlex-20191001-csv/6898#113636658>				<https://panlex.org/snapshot/panlex-20191001-csv/6898#113636708>		"Slovenia nutome"@ee	
"Anguilla"@cy	<https://panlex.org/snapshot/panlex-20191001-csv/6898#113587571>				<https://panlex.org/snapshot/panlex-20191001-csv/6898#113587552>		"Anguilla nutome"@ee	
"Asia"@cy	<https://panlex.org/snapshot/panlex-20191001-csv/6898#113624403>				<https://panlex.org/snapshot/panlex-20191001-csv/6898#113624382>		"Asia nutome"@ee	
"Rhanbarth Anhysbys"@cy	<https://panlex.org/snapshot/panlex-20191001-csv/6898#113628871>				<https://panlex.org/snapshot/panlex-20191001-csv/6898#113628799>		"nutome manya"@ee	
"Tristan da Cunha"@cy	<https://panlex.org/snapshot/panlex-20191001-csv/6898#113601181>				<https://panlex.org/snapshot/panlex-20191001-csv/6898#113601224>		"Tristan da Kunha nutome"@ee	
"Belize"@cy	<https://panlex.org/snapshot/panlex-20191001-csv/6898#113608884>				<https://panlex.org/snapshot/panlex-20191001-csv/6898#113608953>		"Belize nutome"@ee	
"Barbados"@cy	<https://panlex.org/snapshot/panlex-20191001-csv/6898#113620306>				<https://panlex.org/snapshot/panlex-20191001-csv/6898#113620339>		"Barbados nutome"@ee	
"Lithuania"@cy	<https://panlex.org/snapshot/panlex-20191001-csv/6898#113632034>				<https://panlex.org/snapshot/panlex-20191001-csv/6898#113631961>		"Lituania nutome"@ee	
"Y Caribî"@cy	<https://panlex.org/snapshot/panlex-20191001-csv/6898#113605316>				<https://panlex.org/snapshot/panlex-20191001-csv/6898#113605314>		"Karibbea nutome"@ee	
"Botswana"@cy	<https://panlex.org/snapshot/panlex-20191001-csv/6898#113595439>				<https://panlex.org/snapshot/panlex-20191001-csv/6898#113595382>		"Botswana nutome"@ee	
"Tiroedd Deheuol ac Antarctig Ffrainc"@cy	<https://panlex.org/snapshot/panlex-20191001-csv/6898#113643905>				<https://panlex.org/snapshot/panlex-20191001-csv/6898#113643913>		"Anyiehe Franseme nutome"@ee	
"Estonia"@cy	<https://panlex.org/snapshot/panlex-20191001-csv/6898#113601421>				<https://panlex.org/snapshot/panlex-20191001-csv/6898#113601393>		"Estonia nutome"@ee	
"Saudi Arabia"@cy	<https://panlex.org/snapshot/panlex-20191001-csv/6898#113583421>				<https://panlex.org/snapshot/panlex-20191001-csv/6898#113583511>		"Saudi Arabia nutome"@ee	
"Gogledd Korea"@cy	<https://panlex.org/snapshot/panlex-20191001-csv/6898#113598838>				<https://panlex.org/snapshot/panlex-20191001-csv/6898#113598806>		"Dziehe Korea nutome"@ee	
"Hong Kong RhGA Tsieina"@cy	<https://panlex.org/snapshot/panlex-20191001-csv/6898#113618887>				<https://panlex.org/snapshot/panlex-20191001-csv/6898#113618807>		"Hɔng Kɔng nutome"@ee	
"Hong Kong RhGA Tsieina"@cy	<https://panlex.org/snapshot/panlex-20191001-csv/6898#113618887>				<https://panlex.org/snapshot/panlex-20191001-csv/6898#113618931>		"Hɔng Kɔng SAR Tsaina nutome"@ee	
"Latfia"@cy	<https://panlex.org/snapshot/panlex-20191001-csv/6898#113585024>				<https://panlex.org/snapshot/panlex-20191001-csv/6898#113584921>		"Latvia nutome"@ee	
"Canol Affrica"@cy	<https://panlex.org/snapshot/panlex-20191001-csv/6898#113639423>				<https://panlex.org/snapshot/panlex-20191001-csv/6898#113639471>		"Titina Afrika nutome"@ee	
"Sierra Leone"@cy	<https://panlex.org/snapshot/panlex-20191001-csv/6898#113637003>				<https://panlex.org/snapshot/panlex-20191001-csv/6898#113637030>		"Sierra Leone nutome"@ee	
"Libanus"@cy	<https://panlex.org/snapshot/panlex-20191001-csv/6898#113585525>				<https://panlex.org/snapshot/panlex-20191001-csv/6898#113585520>		"Lebanɔn nutome"@ee	
"Saint Vincent a’r Grenadines"@cy	<https://panlex.org/snapshot/panlex-20191001-csv/6898#113611831>				<https://panlex.org/snapshot/panlex-20191001-csv/6898#113611890>		"Saint Vincent kple Grenadine nutome"@ee	
"Bahrain"@cy	<https://panlex.org/snapshot/panlex-20191001-csv/6898#113596110>				<https://panlex.org/snapshot/panlex-20191001-csv/6898#113596077>		"Bahrain nutome"@ee	
"Yemen"@cy	<https://panlex.org/snapshot/panlex-20191001-csv/6898#113593455>				<https://panlex.org/snapshot/panlex-20191001-csv/6898#113593449>		"Yemen nutome"@ee	
"Gwlad Swazi"@cy	<https://panlex.org/snapshot/panlex-20191001-csv/6898#113625198>				<https://panlex.org/snapshot/panlex-20191001-csv/6898#113625218>		"Swaziland nutome"@ee	
"Palau"@cy	<https://panlex.org/snapshot/panlex-20191001-csv/6898#113630995>				<https://panlex.org/snapshot/panlex-20191001-csv/6898#113630848>		"Palau nutome"@ee	
"Ynys Clipperton"@cy	<https://panlex.org/snapshot/panlex-20191001-csv/6898#113601848>				<https://panlex.org/snapshot/panlex-20191001-csv/6898#113601822>		"Klipaton ƒudomekpo nutome"@ee	
"Jersey"@cy	<https://panlex.org/snapshot/panlex-20191001-csv/6898#113594152>				<https://panlex.org/snapshot/panlex-20191001-csv/6898#113594081>		"Dzɛse nutome"@ee	
"Eritrea"@cy	<https://panlex.org/snapshot/panlex-20191001-csv/6898#113586945>				<https://panlex.org/snapshot/panlex-20191001-csv/6898#113586947>		"Eritrea nutome"@ee	
"Ewrop"@cy	<https://panlex.org/snapshot/panlex-20191001-csv/6898#113630510>				<https://panlex.org/snapshot/panlex-20191001-csv/6898#113630553>		"Europa nutome"@ee	
"Malta"@cy	<https://panlex.org/snapshot/panlex-20191001-csv/6898#113645036>				<https://panlex.org/snapshot/panlex-20191001-csv/6898#113645123>		"Malta nutome"@ee	
"Saint Martin"@cy	<https://panlex.org/snapshot/panlex-20191001-csv/6898#113596284>				<https://panlex.org/snapshot/panlex-20191001-csv/6898#113596321>		"Saint Martin nutome"@ee	
"Moldofa"@cy	<https://panlex.org/snapshot/panlex-20191001-csv/6898#113633242>				<https://panlex.org/snapshot/panlex-20191001-csv/6898#113633347>		"Moldova nutome"@ee	
"Albania"@cy	<https://panlex.org/snapshot/panlex-20191001-csv/6898#113637682>				<https://panlex.org/snapshot/panlex-20191001-csv/6898#113637621>		"Albania nutome"@ee	
"Yr Unol Daleithiau"@cy	<https://panlex.org/snapshot/panlex-20191001-csv/6898#113597902>				<https://panlex.org/snapshot/panlex-20191001-csv/6898#113597984>		"USA nutome"@ee	
"Guam"@cy	<https://panlex.org/snapshot/panlex-20191001-csv/6898#113630763>				<https://panlex.org/snapshot/panlex-20191001-csv/6898#113630637>		"Guam nutome"@ee	
"Gorllewin Sahara"@cy	<https://panlex.org/snapshot/panlex-20191001-csv/6898#113646240>				<https://panlex.org/snapshot/panlex-20191001-csv/6898#113646150>		"Ɣetoɖoƒe Sahara nutome"@ee	
"Dwyrain Ewrop"@cy	<https://panlex.org/snapshot/panlex-20191001-csv/6898#113609139>				<https://panlex.org/snapshot/panlex-20191001-csv/6898#113609148>		"Ɣedzeƒe Europa nutome"@ee	
"Mozambique"@cy	<https://panlex.org/snapshot/panlex-20191001-csv/6898#113603281>				<https://panlex.org/snapshot/panlex-20191001-csv/6898#113603219>		"Mozambiki nutome"@ee	
"Guiné-Bissau"@cy	<https://panlex.org/snapshot/panlex-20191001-csv/6898#113616683>				<https://panlex.org/snapshot/panlex-20191001-csv/6898#113616527>		"Gini-Bisao nutome"@ee	
"Moroco"@cy	<https://panlex.org/snapshot/panlex-20191001-csv/6898#113635994>				<https://panlex.org/snapshot/panlex-20191001-csv/6898#113636031>		"Moroko nutome"@ee	
"Canolbarth America"@cy	<https://panlex.org/snapshot/panlex-20191001-csv/6898#113607679>				<https://panlex.org/snapshot/panlex-20191001-csv/6898#113607661>		"Titina Amerika nutome"@ee	
"Swdan"@cy	<https://panlex.org/snapshot/panlex-20191001-csv/6898#113632928>				<https://panlex.org/snapshot/panlex-20191001-csv/6898#113632955>		"Sudan nutome"@ee	
"Y Congo - Kinshasa"@cy	<https://panlex.org/snapshot/panlex-20191001-csv/6898#113589519>				<https://panlex.org/snapshot/panlex-20191001-csv/6898#113589717>		"Kongo Kinshasa nutome"@ee	
"Y Congo - Kinshasa"@cy	<https://panlex.org/snapshot/panlex-20191001-csv/6898#113589519>				<https://panlex.org/snapshot/panlex-20191001-csv/6898#113589448>		"Kongo demokratik repɔblik nutome"@ee	
"El Salvador"@cy	<https://panlex.org/snapshot/panlex-20191001-csv/6898#113600574>				<https://panlex.org/snapshot/panlex-20191001-csv/6898#113600585>		"El Salvadɔ nutome"@ee	
"Pakistan"@cy	<https://panlex.org/snapshot/panlex-20191001-csv/6898#113606891>				<https://panlex.org/snapshot/panlex-20191001-csv/6898#113606883>		"Pakistan nutome"@ee	
"Réunion"@cy	<https://panlex.org/snapshot/panlex-20191001-csv/6898#113591619>				<https://panlex.org/snapshot/panlex-20191001-csv/6898#113591581>		"Réunion nutome"@ee	
"Uganda"@cy	<https://panlex.org/snapshot/panlex-20191001-csv/6898#113638032>				<https://panlex.org/snapshot/panlex-20191001-csv/6898#113638068>		"Uganda nutome"@ee	
"Syria"@cy	<https://panlex.org/snapshot/panlex-20191001-csv/6898#113598531>				<https://panlex.org/snapshot/panlex-20191001-csv/6898#113598571>		"Siria nutome"@ee	
"Saint Barthélemy"@cy	<https://panlex.org/snapshot/panlex-20191001-csv/6898#113621778>				<https://panlex.org/snapshot/panlex-20191001-csv/6898#113621757>		"Saint Barthélemy nutome"@ee	
"Zimbabwe"@cy	<https://panlex.org/snapshot/panlex-20191001-csv/6898#113583783>				<https://panlex.org/snapshot/panlex-20191001-csv/6898#113583717>		"Zimbabwe nutome"@ee	
"Saint-Pierre-et-Miquelon"@cy	<https://panlex.org/snapshot/panlex-20191001-csv/6898#113588872>				<https://panlex.org/snapshot/panlex-20191001-csv/6898#113588925>		"Saint Pierre kple Mikelɔn nutome"@ee	
"Liechtenstein"@cy	<https://panlex.org/snapshot/panlex-20191001-csv/6898#113613161>				<https://panlex.org/snapshot/panlex-20191001-csv/6898#113613191>		"Litsenstein nutome"@ee	
"Suriname"@cy	<https://panlex.org/snapshot/panlex-20191001-csv/6898#113640775>				<https://panlex.org/snapshot/panlex-20191001-csv/6898#113640713>		"Suriname nutome"@ee	
"Dwyrain Timor"@cy	<https://panlex.org/snapshot/panlex-20191001-csv/6898#113632788>				<https://panlex.org/snapshot/panlex-20191001-csv/6898#113632555>		"Timor-Leste nutome"@ee	
"Dwyrain Timor"@cy	<https://panlex.org/snapshot/panlex-20191001-csv/6898#113632788>				<https://panlex.org/snapshot/panlex-20191001-csv/6898#113632667>		"Ɣedzeƒe Timɔ nutome"@ee	
"Serbia"@cy	<https://panlex.org/snapshot/panlex-20191001-csv/6898#113635274>				<https://panlex.org/snapshot/panlex-20191001-csv/6898#113635343>		"Serbia nutome"@ee	
"Comoros"@cy	<https://panlex.org/snapshot/panlex-20191001-csv/6898#113627086>				<https://panlex.org/snapshot/panlex-20191001-csv/6898#113627021>		"Komoros nutome"@ee	
"Ynys Ascension"@cy	<https://panlex.org/snapshot/panlex-20191001-csv/6898#113604351>				<https://panlex.org/snapshot/panlex-20191001-csv/6898#113604385>		"Ascension ƒudomekpo nutome"@ee	
"Yr Undeb Ewropeaidd"@cy	<https://panlex.org/snapshot/panlex-20191001-csv/6898#113617578>				<https://panlex.org/snapshot/panlex-20191001-csv/6898#113617615>		"Europa Wɔɖeka nutome"@ee	
"Yr Ynysoedd Dedwydd"@cy	<https://panlex.org/snapshot/panlex-20191001-csv/6898#113602557>				<https://panlex.org/snapshot/panlex-20191001-csv/6898#113602516>		"Kanari ƒudomekpowo nutome"@ee	
"Guinée"@cy	<https://panlex.org/snapshot/panlex-20191001-csv/6898#113617807>				<https://panlex.org/snapshot/panlex-20191001-csv/6898#113617856>		"Guini nutome"@ee	
"Madagascar"@cy	<https://panlex.org/snapshot/panlex-20191001-csv/6898#113590066>				<https://panlex.org/snapshot/panlex-20191001-csv/6898#113589909>		"Madagaska nutome"@ee	
"Fietnam"@cy	<https://panlex.org/snapshot/panlex-20191001-csv/6898#113623612>				<https://panlex.org/snapshot/panlex-20191001-csv/6898#113623691>		"Vietnam nutome"@ee	
"Tiriogaethau Palesteinaidd"@cy	<https://panlex.org/snapshot/panlex-20191001-csv/6898#113586333>				<https://panlex.org/snapshot/panlex-20191001-csv/6898#113586362>		"Palestinia nutome"@ee	
"Saint Lucia"@cy	<https://panlex.org/snapshot/panlex-20191001-csv/6898#113621968>				<https://panlex.org/snapshot/panlex-20191001-csv/6898#113621963>		"Saint Lusia nutome"@ee	
"Kuwait"@cy	<https://panlex.org/snapshot/panlex-20191001-csv/6898#113605822>				<https://panlex.org/snapshot/panlex-20191001-csv/6898#113605840>		"Kuwait nutome"@ee	
"Ynys Norfolk"@cy	<https://panlex.org/snapshot/panlex-20191001-csv/6898#113642386>				<https://panlex.org/snapshot/panlex-20191001-csv/6898#113642383>		"Norfolk ƒudomekpo nutome"@ee	
"Mongolia"@cy	<https://panlex.org/snapshot/panlex-20191001-csv/6898#113621621>				<https://panlex.org/snapshot/panlex-20191001-csv/6898#113621595>		"Mongolia nutome"@ee	
"Svalbard a Jan Mayen"@cy	<https://panlex.org/snapshot/panlex-20191001-csv/6898#113624233>				<https://panlex.org/snapshot/panlex-20191001-csv/6898#113624260>		"Svalbard kple Yan Mayen nutome"@ee	
"Ynysoedd Turks a Caicos"@cy	<https://panlex.org/snapshot/panlex-20191001-csv/6898#113588809>				<https://panlex.org/snapshot/panlex-20191001-csv/6898#113588684>		"Tɛks kple Kaikos ƒudomekpowo nutome"@ee	
"Sbaen"@cy	<https://panlex.org/snapshot/panlex-20191001-csv/6898#113594590>				<https://panlex.org/snapshot/panlex-20191001-csv/6898#113594579>		"Spain nutome"@ee	
"berf"@cy	<https://panlex.org/snapshot/panlex-20191001-csv/5947#84660090>				<https://panlex.org/snapshot/panlex-20191001-csv/5947#84660101>		"dɔwɔnya"@ee	
"chiwcymbr"@cy	<https://panlex.org/snapshot/panlex-20191001-csv/5947#84777692>				<https://panlex.org/snapshot/panlex-20191001-csv/5947#84777701>		"adzamtre"@ee	
"Gwlad Pŵyl"@cy	<https://panlex.org/snapshot/panlex-20191001-csv/5947#84607710>				<https://panlex.org/snapshot/panlex-20191001-csv/5947#84607724>		"Poland"@ee	
"Dydd Llun"@cy	<https://panlex.org/snapshot/panlex-20191001-csv/5947#84803373>				<https://panlex.org/snapshot/panlex-20191001-csv/5947#84803392>		"Dzoɖagbe"@ee	
"Hydref"@cy	<https://panlex.org/snapshot/panlex-20191001-csv/5940#81285622>				<https://panlex.org/snapshot/panlex-20191001-csv/5940#81285629>		"Kele"@ee	
"glaw"@cy	<https://panlex.org/snapshot/panlex-20191001-csv/5946#84436267>				<https://panlex.org/snapshot/panlex-20191001-csv/5946#84436278>		"tsidzadza"@ee	
"cwrdd cwrdd â"@cy	<https://panlex.org/snapshot/panlex-20191001-csv/5946#84433749>				<https://panlex.org/snapshot/panlex-20191001-csv/5946#84433757>		"tu"@ee	
"esgidiau"@cy	<https://panlex.org/snapshot/panlex-20191001-csv/5946#84451387>				<https://panlex.org/snapshot/panlex-20191001-csv/5946#84451397>		"afɔkpa"@ee	
"gwartheg"@cy	<https://panlex.org/snapshot/panlex-20191001-csv/5946#84439811>				<https://panlex.org/snapshot/panlex-20191001-csv/5946#84439844>		"nyitsu"@ee	
"gwartheg"@cy	<https://panlex.org/snapshot/panlex-20191001-csv/5946#84439811>				<https://panlex.org/snapshot/panlex-20191001-csv/5946#84439845>		"nyi"@ee	
"buwch"@cy	<https://panlex.org/snapshot/panlex-20191001-csv/5946#84439812>				<https://panlex.org/snapshot/panlex-20191001-csv/5946#84439844>		"nyitsu"@ee	
"buwch"@cy	<https://panlex.org/snapshot/panlex-20191001-csv/5946#84439812>				<https://panlex.org/snapshot/panlex-20191001-csv/5946#84439845>		"nyi"@ee	
"ych"@cy	<https://panlex.org/snapshot/panlex-20191001-csv/5946#84439810>				<https://panlex.org/snapshot/panlex-20191001-csv/5946#84439844>		"nyitsu"@ee	
"ych"@cy	<https://panlex.org/snapshot/panlex-20191001-csv/5946#84439810>				<https://panlex.org/snapshot/panlex-20191001-csv/5946#84439845>		"nyi"@ee	
"cyfarfod cyfarfod â"@cy	<https://panlex.org/snapshot/panlex-20191001-csv/5946#84433748>				<https://panlex.org/snapshot/panlex-20191001-csv/5946#84433757>		"tu"@ee	
"esgid"@cy	<https://panlex.org/snapshot/panlex-20191001-csv/5946#84451386>				<https://panlex.org/snapshot/panlex-20191001-csv/5946#84451397>		"afɔkpa"@ee	
"Awstralia"@cy	<https://panlex.org/snapshot/panlex-20191001-csv/5949#85298096>				<https://panlex.org/snapshot/panlex-20191001-csv/5949#85298109>		"Australia"@ee	
"Rwsia"@cy	<https://panlex.org/snapshot/panlex-20191001-csv/5949#85319430>				<https://panlex.org/snapshot/panlex-20191001-csv/5949#85319445>		"Russia"@ee	
"Twrci"@cy	<https://panlex.org/snapshot/panlex-20191001-csv/5949#85322484>				<https://panlex.org/snapshot/panlex-20191001-csv/5949#85322497>		"Turkey"@ee	
"Wrwgwai"@cy	<https://panlex.org/snapshot/panlex-20191001-csv/5949#85322862>				<https://panlex.org/snapshot/panlex-20191001-csv/5949#85322874>		"Uruguay"@ee	
"Cabo Verde"@cy	<https://panlex.org/snapshot/panlex-20191001-csv/5949#85311901>				<https://panlex.org/snapshot/panlex-20191001-csv/5949#85311909>		"Cape Verde"@ee	
"bws"@cy	<https://panlex.org/snapshot/panlex-20191001-csv/5949#85330481>				<https://panlex.org/snapshot/panlex-20191001-csv/5949#85330494>		"bɔs"@ee	
"Wien"@cy	<https://panlex.org/snapshot/panlex-20191001-csv/5949#85304547>				<https://panlex.org/snapshot/panlex-20191001-csv/5949#85304556>		"Vienna"@ee	
"Latfia"@cy	<https://panlex.org/snapshot/panlex-20191001-csv/5949#85314256>				<https://panlex.org/snapshot/panlex-20191001-csv/5949#85314268>		"Latvia"@ee	
"Periw"@cy	<https://panlex.org/snapshot/panlex-20191001-csv/5949#85318207>				<https://panlex.org/snapshot/panlex-20191001-csv/5949#85318218>		"Peru"@ee	
"Uruguay"@cy	<https://panlex.org/snapshot/panlex-20191001-csv/5949#85322861>				<https://panlex.org/snapshot/panlex-20191001-csv/5949#85322874>		"Uruguay"@ee	
"Riga"@cy	<https://panlex.org/snapshot/panlex-20191001-csv/5949#85319191>				<https://panlex.org/snapshot/panlex-20191001-csv/5949#85319195>		"Riga"@ee	
"Wrwgwái"@cy	<https://panlex.org/snapshot/panlex-20191001-csv/5949#85322863>				<https://panlex.org/snapshot/panlex-20191001-csv/5949#85322874>		"Uruguay"@ee	
"Y Ffindir"@cy	<https://panlex.org/snapshot/panlex-20191001-csv/5949#85323159>				<https://panlex.org/snapshot/panlex-20191001-csv/5949#85323169>		"Finland"@ee	
"Beibl"@cy	<https://panlex.org/snapshot/panlex-20191001-csv/5949#85302659>				<https://panlex.org/snapshot/panlex-20191001-csv/5949#85302671>		"Biblia"@ee	
"Awst"@cy	<https://panlex.org/snapshot/panlex-20191001-csv/5949#85329311>				<https://panlex.org/snapshot/panlex-20191001-csv/5949#85329331>		"Dasiamime"@ee	
"Awst"@cy	<https://panlex.org/snapshot/panlex-20191001-csv/5949#85329311>				<https://panlex.org/snapshot/panlex-20191001-csv/5949#85329332>		"August"@ee	
"Berlin"@cy	<https://panlex.org/snapshot/panlex-20191001-csv/5949#85302407>				<https://panlex.org/snapshot/panlex-20191001-csv/5949#85302417>		"Berlin"@ee	
"Ffrainc"@cy	<https://panlex.org/snapshot/panlex-20191001-csv/5949#85323554>				<https://panlex.org/snapshot/panlex-20191001-csv/5949#85323566>		"France"@ee	
"y Ddaear"@cy	<https://panlex.org/snapshot/panlex-20191001-csv/5949#85309522>				<https://panlex.org/snapshot/panlex-20191001-csv/5949#85309531>		"Anyigba"@ee	
"Saeson"@cy	<https://panlex.org/snapshot/panlex-20191001-csv/5943#83313356>				<https://panlex.org/snapshot/panlex-20191001-csv/5943#83313362>		"Eŋlisigbe"@ee	
"llwydnos"@cy	<https://panlex.org/snapshot/panlex-20191001-csv/5943#83329642>				<https://panlex.org/snapshot/panlex-20191001-csv/5943#83329646>		"wɔle"@ee	
"Duw"@cy	<https://panlex.org/snapshot/panlex-20191001-csv/5943#83289809>				<https://panlex.org/snapshot/panlex-20191001-csv/5943#83289817>		"Mawu"@ee	
"Iesu"@cy	<https://panlex.org/snapshot/panlex-20191001-csv/5943#83289512>				<https://panlex.org/snapshot/panlex-20191001-csv/5943#83289523>		"Yesu"@ee	
"Saesneg"@cy	<https://panlex.org/snapshot/panlex-20191001-csv/405#13623576>				<https://panlex.org/snapshot/panlex-20191001-csv/405#13623587>		"Eŋlisigbe"@ee	
"Ffinneg"@cy	<https://panlex.org/snapshot/panlex-20191001-csv/405#13624059>				<https://panlex.org/snapshot/panlex-20191001-csv/405#13624067>		"Finngbe"@ee	
"Swedeg"@cy	<https://panlex.org/snapshot/panlex-20191001-csv/405#13632337>				<https://panlex.org/snapshot/panlex-20191001-csv/405#13632346>		"Swedgbe"@ee	
"heddwch"@cy	<https://panlex.org/snapshot/panlex-20191001-csv/2902#111012268>				<https://panlex.org/snapshot/panlex-20191001-csv/2902#111012228>		"ŋutifafa"@ee	
"Ioan Fedyddiwr"@cy	<https://panlex.org/snapshot/panlex-20191001-csv/2906#111020543>				<https://panlex.org/snapshot/panlex-20191001-csv/2906#111020448>		"Yohanes Mawutsidetanamela"@ee	
"Adda ac Efa"@cy	<https://panlex.org/snapshot/panlex-20191001-csv/2906#111019157>				<https://panlex.org/snapshot/panlex-20191001-csv/2906#111019199>		"Adam kple Xawa"@ee	
"ceffyl"@cy	<https://panlex.org/snapshot/panlex-20191001-csv/3776#91597574>				<https://panlex.org/snapshot/panlex-20191001-csv/3776#91597588>		"sɔ"@ee	
"rhudd"@cy	<https://panlex.org/snapshot/panlex-20191001-csv/3776#91666960>				<https://panlex.org/snapshot/panlex-20191001-csv/3776#91666972>		"dzĩ"@ee	
"ffarm"@cy	<https://panlex.org/snapshot/panlex-20191001-csv/3776#91573650>				<https://panlex.org/snapshot/panlex-20191001-csv/3776#91573658>		"agble"@ee	
"un"@cy	<https://panlex.org/snapshot/panlex-20191001-csv/3776#91649422>				<https://panlex.org/snapshot/panlex-20191001-csv/3776#91649430>		"ɗeka"@ee	
"un"@cy	<https://panlex.org/snapshot/panlex-20191001-csv/3776#91649577>				<https://panlex.org/snapshot/panlex-20191001-csv/3776#91649582>		"ɗeka"@ee	
"un"@cy	<https://panlex.org/snapshot/panlex-20191001-csv/3776#91649497>				<https://panlex.org/snapshot/panlex-20191001-csv/3776#91649507>		"ɗeka"@ee	
"croeso cynnes iawn"@cy	<https://panlex.org/snapshot/panlex-20191001-csv/3776#91681768>				<https://panlex.org/snapshot/panlex-20191001-csv/3776#91681776>		"wòe zɔ"@ee	
"ISO 639"@cy	<https://panlex.org/snapshot/panlex-20191001-csv/3776#91881323>				<https://panlex.org/snapshot/panlex-20191001-csv/3776#91881333>		"ISO 639"@ee	
"pen"@cy	<https://panlex.org/snapshot/panlex-20191001-csv/3776#91655209>				<https://panlex.org/snapshot/panlex-20191001-csv/3776#91655221>		"ta"@ee	
"nos"@cy	<https://panlex.org/snapshot/panlex-20191001-csv/3776#91653372>				<https://panlex.org/snapshot/panlex-20191001-csv/3776#91653386>		"zã"@ee	
"awr"@cy	<https://panlex.org/snapshot/panlex-20191001-csv/3776#91668199>				<https://panlex.org/snapshot/panlex-20191001-csv/3776#91668210>		"gaƒoƒo"@ee	
"ciwcymbr"@cy	<https://panlex.org/snapshot/panlex-20191001-csv/3776#91732401>				<https://panlex.org/snapshot/panlex-20191001-csv/3776#91732407>		"adzamtre"@ee	
"gwallt"@cy	<https://panlex.org/snapshot/panlex-20191001-csv/3776#91655126>				<https://panlex.org/snapshot/panlex-20191001-csv/3776#91655135>		"ɖa"@ee	
"llofft"@cy	<https://panlex.org/snapshot/panlex-20191001-csv/3776#91665032>				<https://panlex.org/snapshot/panlex-20191001-csv/3776#91665047>		"anyimlɔxɔ"@ee	
"ugain"@cy	<https://panlex.org/snapshot/panlex-20191001-csv/3776#91703383>				<https://panlex.org/snapshot/panlex-20191001-csv/3776#91703393>		"blaeve"@ee	
"hwyl"@cy	<https://panlex.org/snapshot/panlex-20191001-csv/3776#91656894>				<https://panlex.org/snapshot/panlex-20191001-csv/3776#91656904>		"hedenyuie"@ee	
"gwin"@cy	<https://panlex.org/snapshot/panlex-20191001-csv/3776#91612357>				<https://panlex.org/snapshot/panlex-20191001-csv/3776#91612365>		"wein"@ee	
"hanner dydd"@cy	<https://panlex.org/snapshot/panlex-20191001-csv/3776#91710159>				<https://panlex.org/snapshot/panlex-20191001-csv/3776#91710166>		"ŋdɔ"@ee	
"pump"@cy	<https://panlex.org/snapshot/panlex-20191001-csv/3776#91650971>				<https://panlex.org/snapshot/panlex-20191001-csv/3776#91650981>		"aton"@ee	
"pump"@cy	<https://panlex.org/snapshot/panlex-20191001-csv/3776#91651052>				<https://panlex.org/snapshot/panlex-20191001-csv/3776#91651060>		"aton"@ee	
"pump"@cy	<https://panlex.org/snapshot/panlex-20191001-csv/3776#91651086>				<https://panlex.org/snapshot/panlex-20191001-csv/3776#91651092>		"aton"@ee	
"du"@cy	<https://panlex.org/snapshot/panlex-20191001-csv/3776#91676015>				<https://panlex.org/snapshot/panlex-20191001-csv/3776#91676026>		"yibɔ"@ee	
"gafr"@cy	<https://panlex.org/snapshot/panlex-20191001-csv/3776#91686193>				<https://panlex.org/snapshot/panlex-20191001-csv/3776#91686204>		"gbɔ̃"@ee	
"dydd Sadwrn"@cy	<https://panlex.org/snapshot/panlex-20191001-csv/3776#91702408>				<https://panlex.org/snapshot/panlex-20191001-csv/3776#91702418>		"Memleɖagbe"@ee	
"gobaith"@cy	<https://panlex.org/snapshot/panlex-20191001-csv/3776#91738283>				<https://panlex.org/snapshot/panlex-20191001-csv/3776#91738290>		"mɔkpɔkpɔ"@ee	
"dydd"@cy	<https://panlex.org/snapshot/panlex-20191001-csv/3776#91652754>				<https://panlex.org/snapshot/panlex-20191001-csv/3776#91652764>		"ŋkeke"@ee	
"flanced"@cy	<https://panlex.org/snapshot/panlex-20191001-csv/3776#91589297>				<https://panlex.org/snapshot/panlex-20191001-csv/3776#91589304>		"kundru"@ee	
"cariad"@cy	<https://panlex.org/snapshot/panlex-20191001-csv/3776#91654303>				<https://panlex.org/snapshot/panlex-20191001-csv/3776#91654311>		"lɔlɔ̃"@ee	
"coch"@cy	<https://panlex.org/snapshot/panlex-20191001-csv/3776#91666961>				<https://panlex.org/snapshot/panlex-20191001-csv/3776#91666972>		"dzĩ"@ee	
"coch"@cy	<https://panlex.org/snapshot/panlex-20191001-csv/3776#91667033>				<https://panlex.org/snapshot/panlex-20191001-csv/3776#91667042>		"dzĩ"@ee	
"Beibl"@cy	<https://panlex.org/snapshot/panlex-20191001-csv/3776#91835173>				<https://panlex.org/snapshot/panlex-20191001-csv/3776#91835181>		"Biblia"@ee	
"chwech"@cy	<https://panlex.org/snapshot/panlex-20191001-csv/3776#91702753>				<https://panlex.org/snapshot/panlex-20191001-csv/3776#91702759>		"ade"@ee	
"chwech"@cy	<https://panlex.org/snapshot/panlex-20191001-csv/3776#91702735>				<https://panlex.org/snapshot/panlex-20191001-csv/3776#91702741>		"ade"@ee	
"chwech"@cy	<https://panlex.org/snapshot/panlex-20191001-csv/3776#91702691>				<https://panlex.org/snapshot/panlex-20191001-csv/3776#91702698>		"ade"@ee	
"wyth"@cy	<https://panlex.org/snapshot/panlex-20191001-csv/3776#91702901>				<https://panlex.org/snapshot/panlex-20191001-csv/3776#91702906>		"enyi"@ee	
"wyth"@cy	<https://panlex.org/snapshot/panlex-20191001-csv/3776#91702877>				<https://panlex.org/snapshot/panlex-20191001-csv/3776#91702884>		"enyi"@ee	
"wyth"@cy	<https://panlex.org/snapshot/panlex-20191001-csv/3776#91702803>				<https://panlex.org/snapshot/panlex-20191001-csv/3776#91702813>		"enyi"@ee	
"Awst"@cy	<https://panlex.org/snapshot/panlex-20191001-csv/3776#91701761>				<https://panlex.org/snapshot/panlex-20191001-csv/3776#91701770>		"Dasiamime"@ee	
"rhedeg"@cy	<https://panlex.org/snapshot/panlex-20191001-csv/3776#91677380>				<https://panlex.org/snapshot/panlex-20191001-csv/3776#91677390>		"ƒu du"@ee	
"dwthwn"@cy	<https://panlex.org/snapshot/panlex-20191001-csv/3776#91652755>				<https://panlex.org/snapshot/panlex-20191001-csv/3776#91652764>		"ŋkeke"@ee	
"migwrn"@cy	<https://panlex.org/snapshot/panlex-20191001-csv/3776#91734845>				<https://panlex.org/snapshot/panlex-20191001-csv/3776#91734856>		"afɔkɔe"@ee	
"tad"@cy	<https://panlex.org/snapshot/panlex-20191001-csv/3776#91651968>				<https://panlex.org/snapshot/panlex-20191001-csv/3776#91651979>		"fofo"@ee	
"tad"@cy	<https://panlex.org/snapshot/panlex-20191001-csv/3776#91651968>				<https://panlex.org/snapshot/panlex-20191001-csv/3776#91651980>		"tɔ"@ee	
"gweithio"@cy	<https://panlex.org/snapshot/panlex-20191001-csv/3776#91610976>				<https://panlex.org/snapshot/panlex-20191001-csv/3776#91610983>		"wɔ dɔ"@ee	
"cwmwl"@cy	<https://panlex.org/snapshot/panlex-20191001-csv/3776#91586272>				<https://panlex.org/snapshot/panlex-20191001-csv/3776#91586283>		"alĩlikpo"@ee	
"os gwelwch yn dda"@cy	<https://panlex.org/snapshot/panlex-20191001-csv/3776#91656951>				<https://panlex.org/snapshot/panlex-20191001-csv/3776#91656958>		"medekuku"@ee	
"dynes"@cy	<https://panlex.org/snapshot/panlex-20191001-csv/3776#91640770>				<https://panlex.org/snapshot/panlex-20191001-csv/3776#91640784>		"nyɔnu"@ee	
"Y Cenhedloedd Unedig"@cy	<https://panlex.org/snapshot/panlex-20191001-csv/2894#111102099>				<https://panlex.org/snapshot/panlex-20191001-csv/2894#111101843>		"Xexeme Dukɔ Ƒoƒuawo"@ee	
"CU"@cy	<https://panlex.org/snapshot/panlex-20191001-csv/2894#111102115>				<https://panlex.org/snapshot/panlex-20191001-csv/2894#111101843>		"Xexeme Dukɔ Ƒoƒuawo"@ee	
"Dydd Sadwrn"@cy	<https://panlex.org/snapshot/panlex-20191001-csv/2892#110826255>				<https://panlex.org/snapshot/panlex-20191001-csv/2892#110826196>		"Memleɖagbe"@ee	
"Dydd Mercher"@cy	<https://panlex.org/snapshot/panlex-20191001-csv/2892#110825003>				<https://panlex.org/snapshot/panlex-20191001-csv/2892#110824994>		"Kuɖagbe"@ee	
"Dydd Iau"@cy	<https://panlex.org/snapshot/panlex-20191001-csv/2892#110825284>				<https://panlex.org/snapshot/panlex-20191001-csv/2892#110825509>		"Yawɔɖagbe"@ee	
"Dydd Mawrth"@cy	<https://panlex.org/snapshot/panlex-20191001-csv/2892#110824468>				<https://panlex.org/snapshot/panlex-20191001-csv/2892#110824500>		"Brãɖagbe"@ee	
"Dydd Gwener"@cy	<https://panlex.org/snapshot/panlex-20191001-csv/2892#110825989>				<https://panlex.org/snapshot/panlex-20191001-csv/2892#110826073>		"Fiɖagbe"@ee	
"Dydd Llun"@cy	<https://panlex.org/snapshot/panlex-20191001-csv/2892#110824421>				<https://panlex.org/snapshot/panlex-20191001-csv/2892#110824083>		"Dzoɖagbe"@ee	
"Dydd Sul"@cy	<https://panlex.org/snapshot/panlex-20191001-csv/2892#110826987>				<https://panlex.org/snapshot/panlex-20191001-csv/2892#110826611>		"Kɔsiɖagbe"@ee	
"Rhagfyr"@cy	<https://panlex.org/snapshot/panlex-20191001-csv/2897#110831647>				<https://panlex.org/snapshot/panlex-20191001-csv/2897#110831581>		"Dzome"@ee	
"Rhagfyr"@cy	<https://panlex.org/snapshot/panlex-20191001-csv/2897#110831647>				<https://panlex.org/snapshot/panlex-20191001-csv/2897#110831778>		"Dezember"@ee	
"Gorffennaf"@cy	<https://panlex.org/snapshot/panlex-20191001-csv/2897#110829559>				<https://panlex.org/snapshot/panlex-20191001-csv/2897#110829597>		"Siamlɔm"@ee	
"Gorffennaf"@cy	<https://panlex.org/snapshot/panlex-20191001-csv/2897#110829559>				<https://panlex.org/snapshot/panlex-20191001-csv/2897#110829655>		"Yuli"@ee	
"Mai"@cy	<https://panlex.org/snapshot/panlex-20191001-csv/2897#110828828>				<https://panlex.org/snapshot/panlex-20191001-csv/2897#110828804>		"Damɛ"@ee	
"Mai"@cy	<https://panlex.org/snapshot/panlex-20191001-csv/2897#110828828>				<https://panlex.org/snapshot/panlex-20191001-csv/2897#110829013>		"Mai"@ee	
"Ebrill"@cy	<https://panlex.org/snapshot/panlex-20191001-csv/2897#110828435>				<https://panlex.org/snapshot/panlex-20191001-csv/2897#110828358>		"April"@ee	
"Ebrill"@cy	<https://panlex.org/snapshot/panlex-20191001-csv/2897#110828435>				<https://panlex.org/snapshot/panlex-20191001-csv/2897#110828263>		"Afɔfiɛ"@ee	
"Ionawr"@cy	<https://panlex.org/snapshot/panlex-20191001-csv/2897#110827366>				<https://panlex.org/snapshot/panlex-20191001-csv/2897#110827304>		"Dzove"@ee	
"Ionawr"@cy	<https://panlex.org/snapshot/panlex-20191001-csv/2897#110827366>				<https://panlex.org/snapshot/panlex-20191001-csv/2897#110827308>		"Yanuar"@ee	
"Chwefror"@cy	<https://panlex.org/snapshot/panlex-20191001-csv/2897#110827764>				<https://panlex.org/snapshot/panlex-20191001-csv/2897#110827848>		"Dzodze"@ee	
"Chwefror"@cy	<https://panlex.org/snapshot/panlex-20191001-csv/2897#110827764>				<https://panlex.org/snapshot/panlex-20191001-csv/2897#110827516>		"Februar"@ee	
"Awst"@cy	<https://panlex.org/snapshot/panlex-20191001-csv/2897#110829938>				<https://panlex.org/snapshot/panlex-20191001-csv/2897#110829972>		"August"@ee	
"Awst"@cy	<https://panlex.org/snapshot/panlex-20191001-csv/2897#110829938>				<https://panlex.org/snapshot/panlex-20191001-csv/2897#110830103>		"Dasiamime"@ee	
"Mawrth"@cy	<https://panlex.org/snapshot/panlex-20191001-csv/2897#110828080>				<https://panlex.org/snapshot/panlex-20191001-csv/2897#110827974>		"Tedoxe"@ee	
"Mawrth"@cy	<https://panlex.org/snapshot/panlex-20191001-csv/2897#110828080>				<https://panlex.org/snapshot/panlex-20191001-csv/2897#110828132>		"Mars"@ee	
"Mehefin"@cy	<https://panlex.org/snapshot/panlex-20191001-csv/2897#110829094>				<https://panlex.org/snapshot/panlex-20191001-csv/2897#110829458>		"Masa"@ee	
"Mehefin"@cy	<https://panlex.org/snapshot/panlex-20191001-csv/2897#110829094>				<https://panlex.org/snapshot/panlex-20191001-csv/2897#110829087>		"Yuni"@ee	
"Hydref"@cy	<https://panlex.org/snapshot/panlex-20191001-csv/2897#110830973>				<https://panlex.org/snapshot/panlex-20191001-csv/2897#110831070>		"Ɔktober"@ee	
"Hydref"@cy	<https://panlex.org/snapshot/panlex-20191001-csv/2897#110830973>				<https://panlex.org/snapshot/panlex-20191001-csv/2897#110831006>		"Kele"@ee	
"Tachwedd"@cy	<https://panlex.org/snapshot/panlex-20191001-csv/2897#110831482>				<https://panlex.org/snapshot/panlex-20191001-csv/2897#110831538>		"Adeɛmekpɔxe"@ee	
"Tachwedd"@cy	<https://panlex.org/snapshot/panlex-20191001-csv/2897#110831482>				<https://panlex.org/snapshot/panlex-20191001-csv/2897#110831523>		"Nɔvember"@ee	
"Medi"@cy	<https://panlex.org/snapshot/panlex-20191001-csv/2897#110830572>				<https://panlex.org/snapshot/panlex-20191001-csv/2897#110830592>		"September"@ee	
"Medi"@cy	<https://panlex.org/snapshot/panlex-20191001-csv/2897#110830572>				<https://panlex.org/snapshot/panlex-20191001-csv/2897#110830315>		"Anyɔnyɔ"@ee	
