"Tirki"@mfe	<https://panlex.org/snapshot/panlex-20191001-csv/6898#113612077>				<https://panlex.org/snapshot/panlex-20191001-csv/6898#113612076>		"Turquie"@fr	
"Ghana"@mfe	<https://panlex.org/snapshot/panlex-20191001-csv/6898#113645468>				<https://panlex.org/snapshot/panlex-20191001-csv/6898#113645538>		"Ghana"@fr	
"Sid-Afrik"@mfe	<https://panlex.org/snapshot/panlex-20191001-csv/6898#113613688>				<https://panlex.org/snapshot/panlex-20191001-csv/6898#113613698>		"Afrique du Sud"@fr	
"Katar"@mfe	<https://panlex.org/snapshot/panlex-20191001-csv/6898#113636913>				<https://panlex.org/snapshot/panlex-20191001-csv/6898#113636838>		"Qatar"@fr	
"Nouvel-Kaledoni"@mfe	<https://panlex.org/snapshot/panlex-20191001-csv/6898#113586674>				<https://panlex.org/snapshot/panlex-20191001-csv/6898#113586593>		"Nouvelle-Calédonie"@fr	
"Gambi"@mfe	<https://panlex.org/snapshot/panlex-20191001-csv/6898#113631367>				<https://panlex.org/snapshot/panlex-20191001-csv/6898#113631319>		"Gambie"@fr	
"Guyana"@mfe	<https://panlex.org/snapshot/panlex-20191001-csv/6898#113628064>				<https://panlex.org/snapshot/panlex-20191001-csv/6898#113628146>		"Guyana"@fr	
"Guadloup"@mfe	<https://panlex.org/snapshot/panlex-20191001-csv/6898#113614740>				<https://panlex.org/snapshot/panlex-20191001-csv/6898#113614757>		"Guadeloupe"@fr	
"Teritwar Palestinn"@mfe	<https://panlex.org/snapshot/panlex-20191001-csv/6898#113586339>				<https://panlex.org/snapshot/panlex-20191001-csv/6898#113586404>		"Palestine"@fr	
"Teritwar Palestinn"@mfe	<https://panlex.org/snapshot/panlex-20191001-csv/6898#113586339>				<https://panlex.org/snapshot/panlex-20191001-csv/6898#113586347>		"Territoires palestiniens"@fr	
"Ikrenn"@mfe	<https://panlex.org/snapshot/panlex-20191001-csv/6898#113600889>				<https://panlex.org/snapshot/panlex-20191001-csv/6898#113600787>		"Ukraine"@fr	
"Larzantinn"@mfe	<https://panlex.org/snapshot/panlex-20191001-csv/6898#113642130>				<https://panlex.org/snapshot/panlex-20191001-csv/6898#113642099>		"Argentine"@fr	
"Brunei"@mfe	<https://panlex.org/snapshot/panlex-20191001-csv/6898#113616141>				<https://panlex.org/snapshot/panlex-20191001-csv/6898#113615972>		"Brunei"@fr	
"Brunei"@mfe	<https://panlex.org/snapshot/panlex-20191001-csv/6898#113616141>				<https://panlex.org/snapshot/panlex-20191001-csv/6898#113616142>		"Brunéi Darussalam"@fr	
"Brunei"@mfe	<https://panlex.org/snapshot/panlex-20191001-csv/6898#113616141>				<https://panlex.org/snapshot/panlex-20191001-csv/6898#113615969>		"Brunei"@fr	
"Venezuela"@mfe	<https://panlex.org/snapshot/panlex-20191001-csv/6898#113597432>				<https://panlex.org/snapshot/panlex-20191001-csv/6898#113597459>		"Venezuela"@fr	
"Slovaki"@mfe	<https://panlex.org/snapshot/panlex-20191001-csv/6898#113614500>				<https://panlex.org/snapshot/panlex-20191001-csv/6898#113614383>		"Slovaquie"@fr	
"Malawi"@mfe	<https://panlex.org/snapshot/panlex-20191001-csv/6898#113583893>				<https://panlex.org/snapshot/panlex-20191001-csv/6898#113583958>		"Malawi"@fr	
"Saint-Christophe-ek-Niévès"@mfe	<https://panlex.org/snapshot/panlex-20191001-csv/6898#113634299>				<https://panlex.org/snapshot/panlex-20191001-csv/6898#113634292>		"Saint-Christophe-et-Niévès"@fr	
"Montsera"@mfe	<https://panlex.org/snapshot/panlex-20191001-csv/6898#113618379>				<https://panlex.org/snapshot/panlex-20191001-csv/6898#113618465>		"Montserrat"@fr	
"Zil Kayman"@mfe	<https://panlex.org/snapshot/panlex-20191001-csv/6898#113630174>				<https://panlex.org/snapshot/panlex-20191001-csv/6898#113630133>		"Îles Caïmans"@fr	
"Zil Vierz Lamerik"@mfe	<https://panlex.org/snapshot/panlex-20191001-csv/6898#113587732>				<https://panlex.org/snapshot/panlex-20191001-csv/6898#113587722>		"îles Vierges américaines"@fr	
"Zil Vierz Lamerik"@mfe	<https://panlex.org/snapshot/panlex-20191001-csv/6898#113587732>				<https://panlex.org/snapshot/panlex-20191001-csv/6898#113587699>		"Îles Vierges des États-Unis"@fr	
"Monako"@mfe	<https://panlex.org/snapshot/panlex-20191001-csv/6898#113600320>				<https://panlex.org/snapshot/panlex-20191001-csv/6898#113600248>		"Monaco"@fr	
"Timor oriantal"@mfe	<https://panlex.org/snapshot/panlex-20191001-csv/6898#113632629>				<https://panlex.org/snapshot/panlex-20191001-csv/6898#113632752>		"Timor oriental"@fr	
"Timor oriantal"@mfe	<https://panlex.org/snapshot/panlex-20191001-csv/6898#113632629>				<https://panlex.org/snapshot/panlex-20191001-csv/6898#113632727>		"Timor-Oriental"@fr	
"Timor oriantal"@mfe	<https://panlex.org/snapshot/panlex-20191001-csv/6898#113632629>				<https://panlex.org/snapshot/panlex-20191001-csv/6898#113632651>		"Timor oriental"@fr	
"Timor oriantal"@mfe	<https://panlex.org/snapshot/panlex-20191001-csv/6898#113632629>				<https://panlex.org/snapshot/panlex-20191001-csv/6898#113632641>		"Timor-Leste"@fr	
"Sesel"@mfe	<https://panlex.org/snapshot/panlex-20191001-csv/6898#113602032>				<https://panlex.org/snapshot/panlex-20191001-csv/6898#113601932>		"Seychelles"@fr	
"Lil Norfolk"@mfe	<https://panlex.org/snapshot/panlex-20191001-csv/6898#113642284>				<https://panlex.org/snapshot/panlex-20191001-csv/6898#113642275>		"île Norfolk"@fr	
"Lil Norfolk"@mfe	<https://panlex.org/snapshot/panlex-20191001-csv/6898#113642284>				<https://panlex.org/snapshot/panlex-20191001-csv/6898#113642455>		"Île Norfolk"@fr	
"Bilgari"@mfe	<https://panlex.org/snapshot/panlex-20191001-csv/6898#113631192>				<https://panlex.org/snapshot/panlex-20191001-csv/6898#113631046>		"Bulgarie"@fr	
"Kolonbi"@mfe	<https://panlex.org/snapshot/panlex-20191001-csv/6898#113620661>				<https://panlex.org/snapshot/panlex-20191001-csv/6898#113620754>		"Colombie"@fr	
"Gabon"@mfe	<https://panlex.org/snapshot/panlex-20191001-csv/6898#113585271>				<https://panlex.org/snapshot/panlex-20191001-csv/6898#113585224>		"Gabon"@fr	
"Zordani"@mfe	<https://panlex.org/snapshot/panlex-20191001-csv/6898#113611571>				<https://panlex.org/snapshot/panlex-20191001-csv/6898#113611606>		"Jordanie"@fr	
"Antigua-ek-Barbuda"@mfe	<https://panlex.org/snapshot/panlex-20191001-csv/6898#113643652>				<https://panlex.org/snapshot/panlex-20191001-csv/6898#113643789>		"Antigua-et-Barbuda"@fr	
"Mayot"@mfe	<https://panlex.org/snapshot/panlex-20191001-csv/6898#113604025>				<https://panlex.org/snapshot/panlex-20191001-csv/6898#113604000>		"Mayotte"@fr	
"Samoa amerikin"@mfe	<https://panlex.org/snapshot/panlex-20191001-csv/6898#113606184>				<https://panlex.org/snapshot/panlex-20191001-csv/6898#113606323>		"Samoa américaines"@fr	
"Saint-Vincent-ek-Grenadines"@mfe	<https://panlex.org/snapshot/panlex-20191001-csv/6898#113611821>				<https://panlex.org/snapshot/panlex-20191001-csv/6898#113611792>		"Saint-Vincent-et-les Grenadines"@fr	
"Saint-Vincent-ek-Grenadines"@mfe	<https://panlex.org/snapshot/panlex-20191001-csv/6898#113611821>				<https://panlex.org/snapshot/panlex-20191001-csv/6898#113611820>		"Saint-Vincent-et-les-Grenadines"@fr	
"Liban"@mfe	<https://panlex.org/snapshot/panlex-20191001-csv/6898#113585409>				<https://panlex.org/snapshot/panlex-20191001-csv/6898#113585458>		"Liban"@fr	
"Ayti"@mfe	<https://panlex.org/snapshot/panlex-20191001-csv/6898#113634622>				<https://panlex.org/snapshot/panlex-20191001-csv/6898#113634663>		"Haïti"@fr	
"Nizer"@mfe	<https://panlex.org/snapshot/panlex-20191001-csv/6898#113644885>				<https://panlex.org/snapshot/panlex-20191001-csv/6898#113644862>		"Niger"@fr	
"Alzeri"@mfe	<https://panlex.org/snapshot/panlex-20191001-csv/6898#113608189>				<https://panlex.org/snapshot/panlex-20191001-csv/6898#113608212>		"Algérie"@fr	
"Repiblik Lafrik Santral"@mfe	<https://panlex.org/snapshot/panlex-20191001-csv/6898#113591341>				<https://panlex.org/snapshot/panlex-20191001-csv/6898#113591320>		"République centrafricaine"@fr	
"Maldiv"@mfe	<https://panlex.org/snapshot/panlex-20191001-csv/6898#113641842>				<https://panlex.org/snapshot/panlex-20191001-csv/6898#113641809>		"Maldives"@fr	
"Lostris"@mfe	<https://panlex.org/snapshot/panlex-20191001-csv/6898#113616293>				<https://panlex.org/snapshot/panlex-20191001-csv/6898#113616266>		"Autriche"@fr	
"Salvador"@mfe	<https://panlex.org/snapshot/panlex-20191001-csv/6898#113600699>				<https://panlex.org/snapshot/panlex-20191001-csv/6898#113600663>		"El Salvador"@fr	
"Irak"@mfe	<https://panlex.org/snapshot/panlex-20191001-csv/6898#113633829>				<https://panlex.org/snapshot/panlex-20191001-csv/6898#113633823>		"Irak"@fr	
"Bahreïn"@mfe	<https://panlex.org/snapshot/panlex-20191001-csv/6898#113596007>				<https://panlex.org/snapshot/panlex-20191001-csv/6898#113596004>		"Bahreïn"@fr	
"Repiblik demokratik Kongo"@mfe	<https://panlex.org/snapshot/panlex-20191001-csv/6898#113589583>				<https://panlex.org/snapshot/panlex-20191001-csv/6898#113589511>		"Congo (RDC)"@fr	
"Repiblik demokratik Kongo"@mfe	<https://panlex.org/snapshot/panlex-20191001-csv/6898#113589583>				<https://panlex.org/snapshot/panlex-20191001-csv/6898#113589561>		"Congo-Kinshasa"@fr	
"Almagn"@mfe	<https://panlex.org/snapshot/panlex-20191001-csv/6898#113639196>				<https://panlex.org/snapshot/panlex-20191001-csv/6898#113639237>		"Allemagne"@fr	
"Honduras"@mfe	<https://panlex.org/snapshot/panlex-20191001-csv/6898#113597104>				<https://panlex.org/snapshot/panlex-20191001-csv/6898#113596946>		"Honduras"@fr	
"Lakore-dinor"@mfe	<https://panlex.org/snapshot/panlex-20191001-csv/6898#113598817>				<https://panlex.org/snapshot/panlex-20191001-csv/6898#113598909>		"Corée du Nord"@fr	
"Ongri"@mfe	<https://panlex.org/snapshot/panlex-20191001-csv/6898#113625083>				<https://panlex.org/snapshot/panlex-20191001-csv/6898#113625114>		"Hongrie"@fr	
"Irland"@mfe	<https://panlex.org/snapshot/panlex-20191001-csv/6898#113625878>				<https://panlex.org/snapshot/panlex-20191001-csv/6898#113625954>		"Irlande"@fr	
"Wallis-ek-Futuna"@mfe	<https://panlex.org/snapshot/panlex-20191001-csv/6898#113638661>				<https://panlex.org/snapshot/panlex-20191001-csv/6898#113638623>		"Wallis-et-Futuna"@fr	
"Tuvalu"@mfe	<https://panlex.org/snapshot/panlex-20191001-csv/6898#113610261>				<https://panlex.org/snapshot/panlex-20191001-csv/6898#113610249>		"Tuvalu"@fr	
"Sierra Leone"@mfe	<https://panlex.org/snapshot/panlex-20191001-csv/6898#113637024>				<https://panlex.org/snapshot/panlex-20191001-csv/6898#113637089>		"Sierra Leone"@fr	
"Nouvel Zeland"@mfe	<https://panlex.org/snapshot/panlex-20191001-csv/6898#113587189>				<https://panlex.org/snapshot/panlex-20191001-csv/6898#113587286>		"Nouvelle-Zélande"@fr	
"Palau"@mfe	<https://panlex.org/snapshot/panlex-20191001-csv/6898#113630855>				<https://panlex.org/snapshot/panlex-20191001-csv/6898#113630982>		"Palaos"@fr	
"Pitcairn"@mfe	<https://panlex.org/snapshot/panlex-20191001-csv/6898#113602827>				<https://panlex.org/snapshot/panlex-20191001-csv/6898#113602968>		"îles Pitcairn"@fr	
"Pitcairn"@mfe	<https://panlex.org/snapshot/panlex-20191001-csv/6898#113602827>				<https://panlex.org/snapshot/panlex-20191001-csv/6898#113602853>		"Îles Pitcairn"@fr	
"Tinizi"@mfe	<https://panlex.org/snapshot/panlex-20191001-csv/6898#113606524>				<https://panlex.org/snapshot/panlex-20191001-csv/6898#113606482>		"Tunisie"@fr	
"zanvye"@mfe	<https://panlex.org/snapshot/panlex-20191001-csv/5947#84851490>				<https://panlex.org/snapshot/panlex-20191001-csv/5947#84851444>		"janvier"@fr	
"lindi"@mfe	<https://panlex.org/snapshot/panlex-20191001-csv/5947#84803503>				<https://panlex.org/snapshot/panlex-20191001-csv/5947#84803399>		"lundi"@fr	
"Losean Indyin"@mfe	<https://panlex.org/snapshot/panlex-20191001-csv/2901#110867631>				<https://panlex.org/snapshot/panlex-20191001-csv/2901#110867672>		"Océan Indien"@fr	
"pwason ti a kwi"@mfe	<https://panlex.org/snapshot/panlex-20191001-csv/10#782959>				<https://panlex.org/snapshot/panlex-20191001-csv/10#782956>		"si la mer bouillait, il y aurait bien des poissons de cuits"@fr	
"Nasyon Zini"@mfe	<https://panlex.org/snapshot/panlex-20191001-csv/2894#111102024>				<https://panlex.org/snapshot/panlex-20191001-csv/2894#111101880>		"Organisation des Nations unies"@fr	
"Nasyon Zini"@mfe	<https://panlex.org/snapshot/panlex-20191001-csv/2894#111102024>				<https://panlex.org/snapshot/panlex-20191001-csv/2894#111102030>		"ONU"@fr	
"samdi"@mfe	<https://panlex.org/snapshot/panlex-20191001-csv/2892#110826351>				<https://panlex.org/snapshot/panlex-20191001-csv/2892#110826149>		"samedi"@fr	
"samdi"@mfe	<https://panlex.org/snapshot/panlex-20191001-csv/2892#110826351>				<https://panlex.org/snapshot/panlex-20191001-csv/2892#110826561>		"sémedi"@fr	
"lindi"@mfe	<https://panlex.org/snapshot/panlex-20191001-csv/2892#110824064>				<https://panlex.org/snapshot/panlex-20191001-csv/2892#110824264>		"lundi"@fr	
"lindi"@mfe	<https://panlex.org/snapshot/panlex-20191001-csv/2892#110824064>				<https://panlex.org/snapshot/panlex-20191001-csv/2892#110824247>		"léndi"@fr	
"dimans"@mfe	<https://panlex.org/snapshot/panlex-20191001-csv/2892#110826934>				<https://panlex.org/snapshot/panlex-20191001-csv/2892#110826709>		"dimenche"@fr	
"dimans"@mfe	<https://panlex.org/snapshot/panlex-20191001-csv/2892#110826934>				<https://panlex.org/snapshot/panlex-20191001-csv/2892#110827010>		"dimanche"@fr	
"merkredi"@mfe	<https://panlex.org/snapshot/panlex-20191001-csv/2892#110824985>				<https://panlex.org/snapshot/panlex-20191001-csv/2892#110825008>		"mercredi"@fr	
"merkredi"@mfe	<https://panlex.org/snapshot/panlex-20191001-csv/2892#110824985>				<https://panlex.org/snapshot/panlex-20191001-csv/2892#110824911>		"mécrdi"@fr	
"vandredi"@mfe	<https://panlex.org/snapshot/panlex-20191001-csv/2892#110825897>				<https://panlex.org/snapshot/panlex-20191001-csv/2892#110826109>		"vendredi"@fr	
"vandredi"@mfe	<https://panlex.org/snapshot/panlex-20191001-csv/2892#110825897>				<https://panlex.org/snapshot/panlex-20191001-csv/2892#110825844>		"vendrdi"@fr	
"mardi"@mfe	<https://panlex.org/snapshot/panlex-20191001-csv/2892#110824487>				<https://panlex.org/snapshot/panlex-20191001-csv/2892#110824496>		"mardi"@fr	
"mardi"@mfe	<https://panlex.org/snapshot/panlex-20191001-csv/2892#110824487>				<https://panlex.org/snapshot/panlex-20191001-csv/2892#110824652>		"mardi"@fr	
"zedi"@mfe	<https://panlex.org/snapshot/panlex-20191001-csv/2892#110825478>				<https://panlex.org/snapshot/panlex-20191001-csv/2892#110825444>		"jheùdi"@fr	
"zedi"@mfe	<https://panlex.org/snapshot/panlex-20191001-csv/2892#110825478>				<https://panlex.org/snapshot/panlex-20191001-csv/2892#110825622>		"jeudi"@fr	
"novam"@mfe	<https://panlex.org/snapshot/panlex-20191001-csv/2897#110831260>				<https://panlex.org/snapshot/panlex-20191001-csv/2897#110831250>		"nouvenbre"@fr	
"novam"@mfe	<https://panlex.org/snapshot/panlex-20191001-csv/2897#110831260>				<https://panlex.org/snapshot/panlex-20191001-csv/2897#110831177>		"novembre"@fr	
"avril"@mfe	<https://panlex.org/snapshot/panlex-20191001-csv/2897#110828648>				<https://panlex.org/snapshot/panlex-20191001-csv/2897#110828344>		"avril"@fr	
"avril"@mfe	<https://panlex.org/snapshot/panlex-20191001-csv/2897#110828648>				<https://panlex.org/snapshot/panlex-20191001-csv/2897#110828620>		"avrell"@fr	
"zanvye"@mfe	<https://panlex.org/snapshot/panlex-20191001-csv/2897#110827353>				<https://panlex.org/snapshot/panlex-20191001-csv/2897#110827358>		"janvier"@fr	
"zanvye"@mfe	<https://panlex.org/snapshot/panlex-20191001-csv/2897#110827353>				<https://panlex.org/snapshot/panlex-20191001-csv/2897#110827268>		"jhanvràe"@fr	
"oktob"@mfe	<https://panlex.org/snapshot/panlex-20191001-csv/2897#110830781>				<https://panlex.org/snapshot/panlex-20191001-csv/2897#110831020>		"octoubre"@fr	
"oktob"@mfe	<https://panlex.org/snapshot/panlex-20191001-csv/2897#110830781>				<https://panlex.org/snapshot/panlex-20191001-csv/2897#110830753>		"octobre"@fr	
"mars"@mfe	<https://panlex.org/snapshot/panlex-20191001-csv/2897#110827953>				<https://panlex.org/snapshot/panlex-20191001-csv/2897#110828096>		"mar"@fr	
"mars"@mfe	<https://panlex.org/snapshot/panlex-20191001-csv/2897#110827953>				<https://panlex.org/snapshot/panlex-20191001-csv/2897#110828242>		"mars"@fr	
"desam"@mfe	<https://panlex.org/snapshot/panlex-20191001-csv/2897#110831774>				<https://panlex.org/snapshot/panlex-20191001-csv/2897#110831942>		"décembre"@fr	
"desam"@mfe	<https://panlex.org/snapshot/panlex-20191001-csv/2897#110831774>				<https://panlex.org/snapshot/panlex-20191001-csv/2897#110831719>		"décenbre"@fr	
"zin"@mfe	<https://panlex.org/snapshot/panlex-20191001-csv/2897#110829255>				<https://panlex.org/snapshot/panlex-20191001-csv/2897#110829464>		"juin"@fr	
"zin"@mfe	<https://panlex.org/snapshot/panlex-20191001-csv/2897#110829255>				<https://panlex.org/snapshot/panlex-20191001-csv/2897#110829371>		"jhén"@fr	
"ziyet"@mfe	<https://panlex.org/snapshot/panlex-20191001-csv/2897#110829692>				<https://panlex.org/snapshot/panlex-20191001-csv/2897#110829758>		"jhullét"@fr	
"ziyet"@mfe	<https://panlex.org/snapshot/panlex-20191001-csv/2897#110829692>				<https://panlex.org/snapshot/panlex-20191001-csv/2897#110829734>		"juillet"@fr	
"septam"@mfe	<https://panlex.org/snapshot/panlex-20191001-csv/2897#110830468>				<https://panlex.org/snapshot/panlex-20191001-csv/2897#110830383>		"sébtenbre"@fr	
"septam"@mfe	<https://panlex.org/snapshot/panlex-20191001-csv/2897#110830468>				<https://panlex.org/snapshot/panlex-20191001-csv/2897#110830700>		"septembre"@fr	
"fevriye"@mfe	<https://panlex.org/snapshot/panlex-20191001-csv/2897#110827707>				<https://panlex.org/snapshot/panlex-20191001-csv/2897#110827595>		"février"@fr	
"fevriye"@mfe	<https://panlex.org/snapshot/panlex-20191001-csv/2897#110827707>				<https://panlex.org/snapshot/panlex-20191001-csv/2897#110827760>		"fouvràe"@fr	
"ut"@mfe	<https://panlex.org/snapshot/panlex-20191001-csv/2897#110830212>				<https://panlex.org/snapshot/panlex-20191001-csv/2897#110830012>		"àut"@fr	
"ut"@mfe	<https://panlex.org/snapshot/panlex-20191001-csv/2897#110830212>				<https://panlex.org/snapshot/panlex-20191001-csv/2897#110830113>		"août"@fr	
"me"@mfe	<https://panlex.org/snapshot/panlex-20191001-csv/2897#110828726>				<https://panlex.org/snapshot/panlex-20191001-csv/2897#110828767>		"mae"@fr	
"me"@mfe	<https://panlex.org/snapshot/panlex-20191001-csv/2897#110828726>				<https://panlex.org/snapshot/panlex-20191001-csv/2897#110828953>		"mai"@fr	
"Lafrik"@mfe	<https://panlex.org/snapshot/panlex-20191001-csv/2891#110853050>				<https://panlex.org/snapshot/panlex-20191001-csv/2891#110853083>		"Afrique"@fr	
"Lamerik"@mfe	<https://panlex.org/snapshot/panlex-20191001-csv/2891#110853383>				<https://panlex.org/snapshot/panlex-20191001-csv/2891#110853497>		"Amérique"@fr	
"Lerop"@mfe	<https://panlex.org/snapshot/panlex-20191001-csv/2891#110854082>				<https://panlex.org/snapshot/panlex-20191001-csv/2891#110854230>		"Europe"@fr	
"Lazi"@mfe	<https://panlex.org/snapshot/panlex-20191001-csv/2891#110854021>				<https://panlex.org/snapshot/panlex-20191001-csv/2891#110854017>		"Asie"@fr	
"morisyin"@mfe	<https://panlex.org/snapshot/panlex-20191001-csv/0#107619114>				<https://panlex.org/snapshot/panlex-20191001-csv/0#113406384>		"créole mauricien"@fr	
"kreol morisien"@mfe	<https://panlex.org/snapshot/panlex-20191001-csv/0#113406383>				<https://panlex.org/snapshot/panlex-20191001-csv/0#113406384>		"créole mauricien"@fr	
