"danum"@plw	<https://panlex.org/snapshot/panlex-20191001-csv/12#851108>				<https://panlex.org/snapshot/panlex-20191001-csv/12#851233>		"lensa"@vec	
"danum"@plw	<https://panlex.org/snapshot/panlex-20191001-csv/12#851108>				<https://panlex.org/snapshot/panlex-20191001-csv/12#851231>		"aqua"@vec	
"danum"@plw	<https://panlex.org/snapshot/panlex-20191001-csv/12#851108>				<https://panlex.org/snapshot/panlex-20191001-csv/12#851232>		"ensa"@vec	
"danúm"@plw	<https://panlex.org/snapshot/panlex-20191001-csv/12#851109>				<https://panlex.org/snapshot/panlex-20191001-csv/12#851233>		"lensa"@vec	
"danúm"@plw	<https://panlex.org/snapshot/panlex-20191001-csv/12#851109>				<https://panlex.org/snapshot/panlex-20191001-csv/12#851231>		"aqua"@vec	
"danúm"@plw	<https://panlex.org/snapshot/panlex-20191001-csv/12#851109>				<https://panlex.org/snapshot/panlex-20191001-csv/12#851232>		"ensa"@vec	
