"ꏝꀪ"@ii	<https://panlex.org/snapshot/panlex-20191001-csv/6898#113634823>				<https://panlex.org/snapshot/panlex-20191001-csv/6898#113634876>		"יפן"@he	
"ꊉꇆꌦ"@ii	<https://panlex.org/snapshot/panlex-20191001-csv/6898#113645977>				<https://panlex.org/snapshot/panlex-20191001-csv/6898#113645880>		"רוסיה"@he	
"ꄓꇩꉙ"@ii	<https://panlex.org/snapshot/panlex-20191001-csv/400#13345367>				<https://panlex.org/snapshot/panlex-20191001-csv/400#13345362>		"גרמנית"@he	
"ꑴꄊꆺꉙ"@ii	<https://panlex.org/snapshot/panlex-20191001-csv/400#13351183>				<https://panlex.org/snapshot/panlex-20191001-csv/400#13351178>		"איטלקית"@he	
"ꀎꋏꍏꇩꉙ"@ii	<https://panlex.org/snapshot/panlex-20191001-csv/400#13365871>				<https://panlex.org/snapshot/panlex-20191001-csv/400#13365867>		"סינית מסורתית"@he	
"ꈝꐯꍏꇩꉙ"@ii	<https://panlex.org/snapshot/panlex-20191001-csv/400#13365808>				<https://panlex.org/snapshot/panlex-20191001-csv/400#13365804>		"סינית (מפושטת)"@he	
"ꅉꀋꌠꅇꂷ"@ii	<https://panlex.org/snapshot/panlex-20191001-csv/400#13364438>				<https://panlex.org/snapshot/panlex-20191001-csv/400#13364434>		"שפה לא ידועה או לא תקפה"@he	
"ꍏꇩꉙ"@ii	<https://panlex.org/snapshot/panlex-20191001-csv/400#13365728>				<https://panlex.org/snapshot/panlex-20191001-csv/400#13365723>		"סינית"@he	
"ꁍꄨꑸꉙ"@ii	<https://panlex.org/snapshot/panlex-20191001-csv/400#13358780>				<https://panlex.org/snapshot/panlex-20191001-csv/400#13358775>		"פורטוגזית"@he	
"ꀠꑟꁍꄨꑸꉙ"@ii	<https://panlex.org/snapshot/panlex-20191001-csv/400#13358879>				<https://panlex.org/snapshot/panlex-20191001-csv/400#13358876>		"פורטוגזית ברזילאית"@he	
"ꏝꀪꉙ"@ii	<https://panlex.org/snapshot/panlex-20191001-csv/400#13351343>				<https://panlex.org/snapshot/panlex-20191001-csv/400#13351338>		"יפנית"@he	
"ꊉꇩꉙ"@ii	<https://panlex.org/snapshot/panlex-20191001-csv/400#13359505>				<https://panlex.org/snapshot/panlex-20191001-csv/400#13359500>		"רוסית"@he	
"ꑱꇩꉙ"@ii	<https://panlex.org/snapshot/panlex-20191001-csv/400#13346310>				<https://panlex.org/snapshot/panlex-20191001-csv/400#13346305>		"אנגלית"@he	
"ꑭꀠꑸꉙ"@ii	<https://panlex.org/snapshot/panlex-20191001-csv/400#13346746>				<https://panlex.org/snapshot/panlex-20191001-csv/400#13346741>		"ספרדית"@he	
"ꃔꇩꉙ"@ii	<https://panlex.org/snapshot/panlex-20191001-csv/400#13347799>				<https://panlex.org/snapshot/panlex-20191001-csv/400#13347794>		"צרפתית"@he	
"ꁧ"@ii	<https://panlex.org/snapshot/panlex-20191001-csv/19#1044607>				<https://panlex.org/snapshot/panlex-20191001-csv/19#1044603>		"הר"@he	
"ꄮꐽ"@ii	<https://panlex.org/snapshot/panlex-20191001-csv/2902#111012193>				<https://panlex.org/snapshot/panlex-20191001-csv/2902#111012073>		"שלום"@he	
