"ꏝꀪ"@ii	<https://panlex.org/snapshot/panlex-20191001-csv/6898#113634823>				<https://panlex.org/snapshot/panlex-20191001-csv/6898#113634949>		"ஜப்பான்"@ta	
"ꊉꇆꌦ"@ii	<https://panlex.org/snapshot/panlex-20191001-csv/6898#113645977>				<https://panlex.org/snapshot/panlex-20191001-csv/6898#113645945>		"ரஷ்யா"@ta	
"ꄓꇩꉙ"@ii	<https://panlex.org/snapshot/panlex-20191001-csv/400#13345367>				<https://panlex.org/snapshot/panlex-20191001-csv/400#13345415>		"ஜெர்மன்"@ta	
"ꑴꄊꆺꉙ"@ii	<https://panlex.org/snapshot/panlex-20191001-csv/400#13351183>				<https://panlex.org/snapshot/panlex-20191001-csv/400#13351232>		"இத்தாலியன்"@ta	
"ꀎꋏꍏꇩꉙ"@ii	<https://panlex.org/snapshot/panlex-20191001-csv/400#13365871>				<https://panlex.org/snapshot/panlex-20191001-csv/400#13365899>		"மரபு சீனம்"@ta	
"ꈝꐯꍏꇩꉙ"@ii	<https://panlex.org/snapshot/panlex-20191001-csv/400#13365808>				<https://panlex.org/snapshot/panlex-20191001-csv/400#13365836>		"எளிய சீனம்"@ta	
"ꍏꇩꉙ"@ii	<https://panlex.org/snapshot/panlex-20191001-csv/400#13365728>				<https://panlex.org/snapshot/panlex-20191001-csv/400#13365768>		"சீனம்"@ta	
"ꁍꄨꑸꉙ"@ii	<https://panlex.org/snapshot/panlex-20191001-csv/400#13358780>				<https://panlex.org/snapshot/panlex-20191001-csv/400#13358829>		"போர்த்துகீஸ்"@ta	
"ꀠꑟꁍꄨꑸꉙ"@ii	<https://panlex.org/snapshot/panlex-20191001-csv/400#13358879>				<https://panlex.org/snapshot/panlex-20191001-csv/400#13358911>		"போர்த்துக்கீசியம்(பிரேசில்)"@ta	
"ꏝꀪꉙ"@ii	<https://panlex.org/snapshot/panlex-20191001-csv/400#13351343>				<https://panlex.org/snapshot/panlex-20191001-csv/400#13351392>		"ஜப்பானீஸ்"@ta	
"ꊉꇩꉙ"@ii	<https://panlex.org/snapshot/panlex-20191001-csv/400#13359505>				<https://panlex.org/snapshot/panlex-20191001-csv/400#13359552>		"ரஷியன்"@ta	
"ꑱꇩꉙ"@ii	<https://panlex.org/snapshot/panlex-20191001-csv/400#13346310>				<https://panlex.org/snapshot/panlex-20191001-csv/400#13346360>		"ஆங்கிலம்"@ta	
"ꑭꀠꑸꉙ"@ii	<https://panlex.org/snapshot/panlex-20191001-csv/400#13346746>				<https://panlex.org/snapshot/panlex-20191001-csv/400#13346795>		"ஸ்பேனிஷ்"@ta	
"ꃔꇩꉙ"@ii	<https://panlex.org/snapshot/panlex-20191001-csv/400#13347799>				<https://panlex.org/snapshot/panlex-20191001-csv/400#13347847>		"பிரெஞ்சு"@ta	
"ꄮꐽ"@ii	<https://panlex.org/snapshot/panlex-20191001-csv/2902#111012193>				<https://panlex.org/snapshot/panlex-20191001-csv/2902#111012123>		"சமாதானம்"@ta	
