"اَشَلْ وَنْ اَلْخِمِيسْ"@taq	<https://panlex.org/snapshot/panlex-20191001-csv/2892#110825499>				<https://panlex.org/snapshot/panlex-20191001-csv/2892#110825648>		"پنج‌شنبه"@prs	
"اَشَلْ وَنْ اَلْخَدْ"@taq	<https://panlex.org/snapshot/panlex-20191001-csv/2892#110827011>				<https://panlex.org/snapshot/panlex-20191001-csv/2892#110826651>		"یک‌شنبه"@prs	
"اَشَلْ وَنْ اَلَرْبَ"@taq	<https://panlex.org/snapshot/panlex-20191001-csv/2892#110825136>				<https://panlex.org/snapshot/panlex-20191001-csv/2892#110825113>		"چهارشنبه"@prs	
"ašăl wa-n təlata"@taq	<https://panlex.org/snapshot/panlex-20191001-csv/2892#110824639>				<https://panlex.org/snapshot/panlex-20191001-csv/2892#110824426>		"سه‌شنبه"@prs	
"اَشَلْ وَنْ اَلْجُمَاغَتْ"@taq	<https://panlex.org/snapshot/panlex-20191001-csv/2892#110825947>				<https://panlex.org/snapshot/panlex-20191001-csv/2892#110825986>		"جمعه"@prs	
"ašăl wa-n litni"@taq	<https://panlex.org/snapshot/panlex-20191001-csv/2892#110824017>				<https://panlex.org/snapshot/panlex-20191001-csv/2892#110824372>		"دوشنبه"@prs	
"اَشَلْ وَنْ لِيتْنىِ"@taq	<https://panlex.org/snapshot/panlex-20191001-csv/2892#110824357>				<https://panlex.org/snapshot/panlex-20191001-csv/2892#110824372>		"دوشنبه"@prs	
"ašăl wa-n ălxăd"@taq	<https://panlex.org/snapshot/panlex-20191001-csv/2892#110826869>				<https://panlex.org/snapshot/panlex-20191001-csv/2892#110826651>		"یک‌شنبه"@prs	
"اَشَلْ وَنْ اِسِبِتْ"@taq	<https://panlex.org/snapshot/panlex-20191001-csv/2892#110826204>				<https://panlex.org/snapshot/panlex-20191001-csv/2892#110826445>		"هفته"@prs	
"ašăl wa-n əssəbbət"@taq	<https://panlex.org/snapshot/panlex-20191001-csv/2892#110826393>				<https://panlex.org/snapshot/panlex-20191001-csv/2892#110826445>		"هفته"@prs	
"ašăl wa-n ălžumaɣăt"@taq	<https://panlex.org/snapshot/panlex-20191001-csv/2892#110825703>				<https://panlex.org/snapshot/panlex-20191001-csv/2892#110825986>		"جمعه"@prs	
"ašăl wa-n ălarba"@taq	<https://panlex.org/snapshot/panlex-20191001-csv/2892#110825155>				<https://panlex.org/snapshot/panlex-20191001-csv/2892#110825113>		"چهارشنبه"@prs	
"اَشَلْ وَنْ تِلَاتَ"@taq	<https://panlex.org/snapshot/panlex-20191001-csv/2892#110824432>				<https://panlex.org/snapshot/panlex-20191001-csv/2892#110824426>		"سه‌شنبه"@prs	
"ašăl wa-n ălxəmis"@taq	<https://panlex.org/snapshot/panlex-20191001-csv/2892#110825446>				<https://panlex.org/snapshot/panlex-20191001-csv/2892#110825648>		"پنج‌شنبه"@prs	
