"a kuna"@bxf	<https://panlex.org/snapshot/panlex-20191001-csv/114#8051690>				<https://panlex.org/snapshot/panlex-20191001-csv/114#8051645>		"nima"@aud	
"a kuna"@bxf	<https://panlex.org/snapshot/panlex-20191001-csv/114#8051690>				<https://panlex.org/snapshot/panlex-20191001-csv/114#8051646>		"rima"@aud	
"a nun gir na box"@bxf	<https://panlex.org/snapshot/panlex-20191001-csv/114#8060366>				<https://panlex.org/snapshot/panlex-20191001-csv/114#8060318>		"uu"@aud	
"o una"@bxf	<https://panlex.org/snapshot/panlex-20191001-csv/114#8060367>				<https://panlex.org/snapshot/panlex-20191001-csv/114#8060318>		"uu"@aud	
"o buaina"@bxf	<https://panlex.org/snapshot/panlex-20191001-csv/114#8059862>				<https://panlex.org/snapshot/panlex-20191001-csv/114#8059820>		"ate"@aud	
"akuna"@bxf	<https://panlex.org/snapshot/panlex-20191001-csv/114#8051691>				<https://panlex.org/snapshot/panlex-20191001-csv/114#8051645>		"nima"@aud	
"akuna"@bxf	<https://panlex.org/snapshot/panlex-20191001-csv/114#8051691>				<https://panlex.org/snapshot/panlex-20191001-csv/114#8051646>		"rima"@aud	
