"a kuna"@bxf	<https://panlex.org/snapshot/panlex-20191001-csv/114#8051690>				<https://panlex.org/snapshot/panlex-20191001-csv/114#8052176>		"imaʔ"@xsy	
"a nun gir na box"@bxf	<https://panlex.org/snapshot/panlex-20191001-csv/114#8060366>				<https://panlex.org/snapshot/panlex-20191001-csv/114#8060870>		"höhöʔ"@xsy	
"a palaono"@bxf	<https://panlex.org/snapshot/panlex-20191001-csv/114#8057310>				<https://panlex.org/snapshot/panlex-20191001-csv/114#8057755>		"baŋəŝ"@xsy	
"o una"@bxf	<https://panlex.org/snapshot/panlex-20191001-csv/114#8060367>				<https://panlex.org/snapshot/panlex-20191001-csv/114#8060870>		"höhöʔ"@xsy	
"o buaina"@bxf	<https://panlex.org/snapshot/panlex-20191001-csv/114#8059862>				<https://panlex.org/snapshot/panlex-20191001-csv/114#8060280>		"räʔäl"@xsy	
"akuna"@bxf	<https://panlex.org/snapshot/panlex-20191001-csv/114#8051691>				<https://panlex.org/snapshot/panlex-20191001-csv/114#8052176>		"imaʔ"@xsy	
"o unau no balana"@bxf	<https://panlex.org/snapshot/panlex-20191001-csv/114#8059392>				<https://panlex.org/snapshot/panlex-20191001-csv/114#8059785>		"maʔasay"@xsy	
