"a kuna"@bxf	<https://panlex.org/snapshot/panlex-20191001-csv/114#8051690>				<https://panlex.org/snapshot/panlex-20191001-csv/114#8052130>		"lima"@ttv	
"a nun gir na box"@bxf	<https://panlex.org/snapshot/panlex-20191001-csv/114#8060366>				<https://panlex.org/snapshot/panlex-20191001-csv/114#8060817>		"sus"@ttv	
"a palaono"@bxf	<https://panlex.org/snapshot/panlex-20191001-csv/114#8057310>				<https://panlex.org/snapshot/panlex-20191001-csv/114#8057707>		"kulico"@ttv	
"o una"@bxf	<https://panlex.org/snapshot/panlex-20191001-csv/114#8060367>				<https://panlex.org/snapshot/panlex-20191001-csv/114#8060817>		"sus"@ttv	
"o buaina"@bxf	<https://panlex.org/snapshot/panlex-20191001-csv/114#8059862>				<https://panlex.org/snapshot/panlex-20191001-csv/114#8060235>		"ate"@ttv	
"akuna"@bxf	<https://panlex.org/snapshot/panlex-20191001-csv/114#8051691>				<https://panlex.org/snapshot/panlex-20191001-csv/114#8052130>		"lima"@ttv	
"o unau no balana"@bxf	<https://panlex.org/snapshot/panlex-20191001-csv/114#8059392>				<https://panlex.org/snapshot/panlex-20191001-csv/114#8059748>		"diliwe"@ttv	
