"uhuwo"@amq	<https://panlex.org/snapshot/panlex-20191001-csv/114#8064497>				<https://panlex.org/snapshot/panlex-20191001-csv/114#8064607>		"kaliñun"@gei	
"susuro"@amq	<https://panlex.org/snapshot/panlex-20191001-csv/114#8060306>				<https://panlex.org/snapshot/panlex-20191001-csv/114#8060421>		"sus"@gei	
"ehu"@amq	<https://panlex.org/snapshot/panlex-20191001-csv/114#8058279>				<https://panlex.org/snapshot/panlex-20191001-csv/114#8058388>		"hñao"@gei	
"tatai"@amq	<https://panlex.org/snapshot/panlex-20191001-csv/114#8056290>				<https://panlex.org/snapshot/panlex-20191001-csv/114#8056383>		"masəlɛmɛt"@gei	
"au minalo"@amq	<https://panlex.org/snapshot/panlex-20191001-csv/114#8052669>				<https://panlex.org/snapshot/panlex-20191001-csv/114#8052756>		"palpal|cu"@gei	
"riaʼe"@amq	<https://panlex.org/snapshot/panlex-20191001-csv/114#8057780>				<https://panlex.org/snapshot/panlex-20191001-csv/114#8057874>		"mulɔ"@gei	
"oʼolo"@amq	<https://panlex.org/snapshot/panlex-20191001-csv/114#8063961>				<https://panlex.org/snapshot/panlex-20191001-csv/114#8064071>		"kɔkɔ"@gei	
"moo"@amq	<https://panlex.org/snapshot/panlex-20191001-csv/114#8068137>				<https://panlex.org/snapshot/panlex-20191001-csv/114#8068244>		"-mnif"@gei	
"ele"@amq	<https://panlex.org/snapshot/panlex-20191001-csv/114#8068664>				<https://panlex.org/snapshot/panlex-20191001-csv/114#8068775>		"-tenis"@gei	
