"Lumina"@lfn	<https://panlex.org/snapshot/panlex-20191001-csv/6709#111076989>				<https://panlex.org/snapshot/panlex-20191001-csv/6709#111077112>		"Iluminizmu"@tet	
"Ренасе"@lfn	<https://panlex.org/snapshot/panlex-20191001-csv/6709#111076924>				<https://panlex.org/snapshot/panlex-20191001-csv/6709#111076871>		"Renasimentu"@tet	
"Renase"@lfn	<https://panlex.org/snapshot/panlex-20191001-csv/6709#111076791>				<https://panlex.org/snapshot/panlex-20191001-csv/6709#111076871>		"Renasimentu"@tet	
"Гера фриа"@lfn	<https://panlex.org/snapshot/panlex-20191001-csv/6709#111077769>				<https://panlex.org/snapshot/panlex-20191001-csv/6709#111077747>		"Funu Malirin"@tet	
"Лумина"@lfn	<https://panlex.org/snapshot/panlex-20191001-csv/6709#111076979>				<https://panlex.org/snapshot/panlex-20191001-csv/6709#111077112>		"Iluminizmu"@tet	
"Gera fria"@lfn	<https://panlex.org/snapshot/panlex-20191001-csv/6709#111077728>				<https://panlex.org/snapshot/panlex-20191001-csv/6709#111077747>		"Funu Malirin"@tet	
"Crusadas"@lfn	<https://panlex.org/snapshot/panlex-20191001-csv/6709#111076631>				<https://panlex.org/snapshot/panlex-20191001-csv/6709#111076605>		"Kruzada"@tet	
"Крусадас"@lfn	<https://panlex.org/snapshot/panlex-20191001-csv/6709#111076604>				<https://panlex.org/snapshot/panlex-20191001-csv/6709#111076605>		"Kruzada"@tet	
"универсиа"@lfn	<https://panlex.org/snapshot/panlex-20191001-csv/2904#111024567>				<https://panlex.org/snapshot/panlex-20191001-csv/2904#111024628>		"universidade"@tet	
"universia"@lfn	<https://panlex.org/snapshot/panlex-20191001-csv/2904#111024570>				<https://panlex.org/snapshot/panlex-20191001-csv/2904#111024628>		"universidade"@tet	
"меркурди"@lfn	<https://panlex.org/snapshot/panlex-20191001-csv/2892#110824974>				<https://panlex.org/snapshot/panlex-20191001-csv/2892#110824907>		"kuarta"@tet	
"martedi"@lfn	<https://panlex.org/snapshot/panlex-20191001-csv/2892#110824678>				<https://panlex.org/snapshot/panlex-20191001-csv/2892#110824530>		"tersa"@tet	
"saturdi"@lfn	<https://panlex.org/snapshot/panlex-20191001-csv/2892#110826473>				<https://panlex.org/snapshot/panlex-20191001-csv/2892#110826401>		"sábadu"@tet	
"венерди"@lfn	<https://panlex.org/snapshot/panlex-20191001-csv/2892#110825914>				<https://panlex.org/snapshot/panlex-20191001-csv/2892#110826010>		"sesta"@tet	
"lundi"@lfn	<https://panlex.org/snapshot/panlex-20191001-csv/2892#110824276>				<https://panlex.org/snapshot/panlex-20191001-csv/2892#110824410>		"segunda"@tet	
"venerdi"@lfn	<https://panlex.org/snapshot/panlex-20191001-csv/2892#110825728>				<https://panlex.org/snapshot/panlex-20191001-csv/2892#110826010>		"sesta"@tet	
"жоведи"@lfn	<https://panlex.org/snapshot/panlex-20191001-csv/2892#110825589>				<https://panlex.org/snapshot/panlex-20191001-csv/2892#110825636>		"kinta"@tet	
"сатурди"@lfn	<https://panlex.org/snapshot/panlex-20191001-csv/2892#110826560>				<https://panlex.org/snapshot/panlex-20191001-csv/2892#110826401>		"sábadu"@tet	
"солди"@lfn	<https://panlex.org/snapshot/panlex-20191001-csv/2892#110827026>				<https://panlex.org/snapshot/panlex-20191001-csv/2892#110826630>		"domingu"@tet	
"мартеди"@lfn	<https://panlex.org/snapshot/panlex-20191001-csv/2892#110824577>				<https://panlex.org/snapshot/panlex-20191001-csv/2892#110824530>		"tersa"@tet	
"jovedi"@lfn	<https://panlex.org/snapshot/panlex-20191001-csv/2892#110825385>				<https://panlex.org/snapshot/panlex-20191001-csv/2892#110825636>		"kinta"@tet	
"лунди"@lfn	<https://panlex.org/snapshot/panlex-20191001-csv/2892#110824364>				<https://panlex.org/snapshot/panlex-20191001-csv/2892#110824410>		"segunda"@tet	
"mercurdi"@lfn	<https://panlex.org/snapshot/panlex-20191001-csv/2892#110825222>				<https://panlex.org/snapshot/panlex-20191001-csv/2892#110824907>		"kuarta"@tet	
"soldi"@lfn	<https://panlex.org/snapshot/panlex-20191001-csv/2892#110826714>				<https://panlex.org/snapshot/panlex-20191001-csv/2892#110826630>		"domingu"@tet	
"janero"@lfn	<https://panlex.org/snapshot/panlex-20191001-csv/2897#110827394>				<https://panlex.org/snapshot/panlex-20191001-csv/2897#110827356>		"Janeiru"@tet	
"април"@lfn	<https://panlex.org/snapshot/panlex-20191001-csv/2897#110828404>				<https://panlex.org/snapshot/panlex-20191001-csv/2897#110828462>		"Abríl"@tet	
"сетембре"@lfn	<https://panlex.org/snapshot/panlex-20191001-csv/2897#110830503>				<https://panlex.org/snapshot/panlex-20191001-csv/2897#110830614>		"Setembru"@tet	
"марто"@lfn	<https://panlex.org/snapshot/panlex-20191001-csv/2897#110828137>				<https://panlex.org/snapshot/panlex-20191001-csv/2897#110828179>		"Marsu"@tet	
"otobre"@lfn	<https://panlex.org/snapshot/panlex-20191001-csv/2897#110830803>				<https://panlex.org/snapshot/panlex-20191001-csv/2897#110831023>		"Outubru"@tet	
"жанеро"@lfn	<https://panlex.org/snapshot/panlex-20191001-csv/2897#110827145>				<https://panlex.org/snapshot/panlex-20191001-csv/2897#110827356>		"Janeiru"@tet	
"agosto"@lfn	<https://panlex.org/snapshot/panlex-20191001-csv/2897#110830281>				<https://panlex.org/snapshot/panlex-20191001-csv/2897#110829966>		"Agostu"@tet	
"marto"@lfn	<https://panlex.org/snapshot/panlex-20191001-csv/2897#110828213>				<https://panlex.org/snapshot/panlex-20191001-csv/2897#110828179>		"Marsu"@tet	
"десембре"@lfn	<https://panlex.org/snapshot/panlex-20191001-csv/2897#110831953>				<https://panlex.org/snapshot/panlex-20191001-csv/2897#110831856>		"Dezembru"@tet	
"maio"@lfn	<https://panlex.org/snapshot/panlex-20191001-csv/2897#110829025>				<https://panlex.org/snapshot/panlex-20191001-csv/2897#110828799>		"Maiu"@tet	
"junio"@lfn	<https://panlex.org/snapshot/panlex-20191001-csv/2897#110829388>				<https://panlex.org/snapshot/panlex-20191001-csv/2897#110829290>		"Juñu"@tet	
"жунио"@lfn	<https://panlex.org/snapshot/panlex-20191001-csv/2897#110829276>				<https://panlex.org/snapshot/panlex-20191001-csv/2897#110829290>		"Juñu"@tet	
"отобре"@lfn	<https://panlex.org/snapshot/panlex-20191001-csv/2897#110830879>				<https://panlex.org/snapshot/panlex-20191001-csv/2897#110831023>		"Outubru"@tet	
"april"@lfn	<https://panlex.org/snapshot/panlex-20191001-csv/2897#110828540>				<https://panlex.org/snapshot/panlex-20191001-csv/2897#110828462>		"Abríl"@tet	
"setembre"@lfn	<https://panlex.org/snapshot/panlex-20191001-csv/2897#110830553>				<https://panlex.org/snapshot/panlex-20191001-csv/2897#110830614>		"Setembru"@tet	
"julio"@lfn	<https://panlex.org/snapshot/panlex-20191001-csv/2897#110829862>				<https://panlex.org/snapshot/panlex-20191001-csv/2897#110829668>		"Jullu"@tet	
"новембре"@lfn	<https://panlex.org/snapshot/panlex-20191001-csv/2897#110831202>				<https://panlex.org/snapshot/panlex-20191001-csv/2897#110831196>		"Novembru"@tet	
"febrero"@lfn	<https://panlex.org/snapshot/panlex-20191001-csv/2897#110827627>				<https://panlex.org/snapshot/panlex-20191001-csv/2897#110827513>		"Fevereiru"@tet	
"агосто"@lfn	<https://panlex.org/snapshot/panlex-20191001-csv/2897#110830004>				<https://panlex.org/snapshot/panlex-20191001-csv/2897#110829966>		"Agostu"@tet	
"novembre"@lfn	<https://panlex.org/snapshot/panlex-20191001-csv/2897#110831487>				<https://panlex.org/snapshot/panlex-20191001-csv/2897#110831196>		"Novembru"@tet	
"desembre"@lfn	<https://panlex.org/snapshot/panlex-20191001-csv/2897#110831644>				<https://panlex.org/snapshot/panlex-20191001-csv/2897#110831856>		"Dezembru"@tet	
"маио"@lfn	<https://panlex.org/snapshot/panlex-20191001-csv/2897#110828798>				<https://panlex.org/snapshot/panlex-20191001-csv/2897#110828799>		"Maiu"@tet	
"фебреро"@lfn	<https://panlex.org/snapshot/panlex-20191001-csv/2897#110827723>				<https://panlex.org/snapshot/panlex-20191001-csv/2897#110827513>		"Fevereiru"@tet	
"жулио"@lfn	<https://panlex.org/snapshot/panlex-20191001-csv/2897#110829714>				<https://panlex.org/snapshot/panlex-20191001-csv/2897#110829668>		"Jullu"@tet	
