"меркурди"@lfn	<https://panlex.org/snapshot/panlex-20191001-csv/2892#110824974>				<https://panlex.org/snapshot/panlex-20191001-csv/2892#110824976>		"keskiviikko"@fkv	
"martedi"@lfn	<https://panlex.org/snapshot/panlex-20191001-csv/2892#110824678>				<https://panlex.org/snapshot/panlex-20191001-csv/2892#110824473>		"tiistai"@fkv	
"saturdi"@lfn	<https://panlex.org/snapshot/panlex-20191001-csv/2892#110826473>				<https://panlex.org/snapshot/panlex-20191001-csv/2892#110826269>		"lauvantai"@fkv	
"венерди"@lfn	<https://panlex.org/snapshot/panlex-20191001-csv/2892#110825914>				<https://panlex.org/snapshot/panlex-20191001-csv/2892#110825772>		"perjantai"@fkv	
"lundi"@lfn	<https://panlex.org/snapshot/panlex-20191001-csv/2892#110824276>				<https://panlex.org/snapshot/panlex-20191001-csv/2892#110824389>		"maanantai"@fkv	
"venerdi"@lfn	<https://panlex.org/snapshot/panlex-20191001-csv/2892#110825728>				<https://panlex.org/snapshot/panlex-20191001-csv/2892#110825772>		"perjantai"@fkv	
"жоведи"@lfn	<https://panlex.org/snapshot/panlex-20191001-csv/2892#110825589>				<https://panlex.org/snapshot/panlex-20191001-csv/2892#110825686>		"tuorestai"@fkv	
"сатурди"@lfn	<https://panlex.org/snapshot/panlex-20191001-csv/2892#110826560>				<https://panlex.org/snapshot/panlex-20191001-csv/2892#110826269>		"lauvantai"@fkv	
"солди"@lfn	<https://panlex.org/snapshot/panlex-20191001-csv/2892#110827026>				<https://panlex.org/snapshot/panlex-20191001-csv/2892#110826912>		"sunnuntai"@fkv	
"мартеди"@lfn	<https://panlex.org/snapshot/panlex-20191001-csv/2892#110824577>				<https://panlex.org/snapshot/panlex-20191001-csv/2892#110824473>		"tiistai"@fkv	
"jovedi"@lfn	<https://panlex.org/snapshot/panlex-20191001-csv/2892#110825385>				<https://panlex.org/snapshot/panlex-20191001-csv/2892#110825686>		"tuorestai"@fkv	
"лунди"@lfn	<https://panlex.org/snapshot/panlex-20191001-csv/2892#110824364>				<https://panlex.org/snapshot/panlex-20191001-csv/2892#110824389>		"maanantai"@fkv	
"mercurdi"@lfn	<https://panlex.org/snapshot/panlex-20191001-csv/2892#110825222>				<https://panlex.org/snapshot/panlex-20191001-csv/2892#110824976>		"keskiviikko"@fkv	
"soldi"@lfn	<https://panlex.org/snapshot/panlex-20191001-csv/2892#110826714>				<https://panlex.org/snapshot/panlex-20191001-csv/2892#110826912>		"sunnuntai"@fkv	
"janero"@lfn	<https://panlex.org/snapshot/panlex-20191001-csv/2897#110827394>				<https://panlex.org/snapshot/panlex-20191001-csv/2897#110827183>		"januaarikuu"@fkv	
"април"@lfn	<https://panlex.org/snapshot/panlex-20191001-csv/2897#110828404>				<https://panlex.org/snapshot/panlex-20191001-csv/2897#110828530>		"aprillikuu"@fkv	
"сетембре"@lfn	<https://panlex.org/snapshot/panlex-20191001-csv/2897#110830503>				<https://panlex.org/snapshot/panlex-20191001-csv/2897#110830393>		"septemperikuu"@fkv	
"марто"@lfn	<https://panlex.org/snapshot/panlex-20191001-csv/2897#110828137>				<https://panlex.org/snapshot/panlex-20191001-csv/2897#110828031>		"marsikuu"@fkv	
"otobre"@lfn	<https://panlex.org/snapshot/panlex-20191001-csv/2897#110830803>				<https://panlex.org/snapshot/panlex-20191001-csv/2897#110830920>		"oktooperikuu"@fkv	
"жанеро"@lfn	<https://panlex.org/snapshot/panlex-20191001-csv/2897#110827145>				<https://panlex.org/snapshot/panlex-20191001-csv/2897#110827183>		"januaarikuu"@fkv	
"agosto"@lfn	<https://panlex.org/snapshot/panlex-20191001-csv/2897#110830281>				<https://panlex.org/snapshot/panlex-20191001-csv/2897#110830009>		"aukustikuu"@fkv	
"marto"@lfn	<https://panlex.org/snapshot/panlex-20191001-csv/2897#110828213>				<https://panlex.org/snapshot/panlex-20191001-csv/2897#110828031>		"marsikuu"@fkv	
"десембре"@lfn	<https://panlex.org/snapshot/panlex-20191001-csv/2897#110831953>				<https://panlex.org/snapshot/panlex-20191001-csv/2897#110831640>		"desemperikuu"@fkv	
"maio"@lfn	<https://panlex.org/snapshot/panlex-20191001-csv/2897#110829025>				<https://panlex.org/snapshot/panlex-20191001-csv/2897#110828889>		"maikuu"@fkv	
"junio"@lfn	<https://panlex.org/snapshot/panlex-20191001-csv/2897#110829388>				<https://panlex.org/snapshot/panlex-20191001-csv/2897#110829077>		"juunikuu"@fkv	
"жунио"@lfn	<https://panlex.org/snapshot/panlex-20191001-csv/2897#110829276>				<https://panlex.org/snapshot/panlex-20191001-csv/2897#110829077>		"juunikuu"@fkv	
"отобре"@lfn	<https://panlex.org/snapshot/panlex-20191001-csv/2897#110830879>				<https://panlex.org/snapshot/panlex-20191001-csv/2897#110830920>		"oktooperikuu"@fkv	
"april"@lfn	<https://panlex.org/snapshot/panlex-20191001-csv/2897#110828540>				<https://panlex.org/snapshot/panlex-20191001-csv/2897#110828530>		"aprillikuu"@fkv	
"setembre"@lfn	<https://panlex.org/snapshot/panlex-20191001-csv/2897#110830553>				<https://panlex.org/snapshot/panlex-20191001-csv/2897#110830393>		"septemperikuu"@fkv	
"julio"@lfn	<https://panlex.org/snapshot/panlex-20191001-csv/2897#110829862>				<https://panlex.org/snapshot/panlex-20191001-csv/2897#110829540>		"juulikuu"@fkv	
"новембре"@lfn	<https://panlex.org/snapshot/panlex-20191001-csv/2897#110831202>				<https://panlex.org/snapshot/panlex-20191001-csv/2897#110831198>		"novemperikuu"@fkv	
"febrero"@lfn	<https://panlex.org/snapshot/panlex-20191001-csv/2897#110827627>				<https://panlex.org/snapshot/panlex-20191001-csv/2897#110827736>		"fepruaarikuu"@fkv	
"агосто"@lfn	<https://panlex.org/snapshot/panlex-20191001-csv/2897#110830004>				<https://panlex.org/snapshot/panlex-20191001-csv/2897#110830009>		"aukustikuu"@fkv	
"novembre"@lfn	<https://panlex.org/snapshot/panlex-20191001-csv/2897#110831487>				<https://panlex.org/snapshot/panlex-20191001-csv/2897#110831198>		"novemperikuu"@fkv	
"desembre"@lfn	<https://panlex.org/snapshot/panlex-20191001-csv/2897#110831644>				<https://panlex.org/snapshot/panlex-20191001-csv/2897#110831640>		"desemperikuu"@fkv	
"маио"@lfn	<https://panlex.org/snapshot/panlex-20191001-csv/2897#110828798>				<https://panlex.org/snapshot/panlex-20191001-csv/2897#110828889>		"maikuu"@fkv	
"фебреро"@lfn	<https://panlex.org/snapshot/panlex-20191001-csv/2897#110827723>				<https://panlex.org/snapshot/panlex-20191001-csv/2897#110827736>		"fepruaarikuu"@fkv	
"жулио"@lfn	<https://panlex.org/snapshot/panlex-20191001-csv/2897#110829714>				<https://panlex.org/snapshot/panlex-20191001-csv/2897#110829540>		"juulikuu"@fkv	
