"Gidja"@gia	<https://panlex.org/snapshot/panlex-20191001-csv/6172#116287774>				<https://panlex.org/snapshot/panlex-20191001-csv/6172#116287782>		"Mireo"@mep	
"Gidja"@gia	<https://panlex.org/snapshot/panlex-20191001-csv/6172#116287774>				<https://panlex.org/snapshot/panlex-20191001-csv/6172#116287781>		"Mireau"@mep	
"barimbaru"@gia	<https://panlex.org/snapshot/panlex-20191001-csv/6172#116283216>				<https://panlex.org/snapshot/panlex-20191001-csv/6172#116283219>		"djiriŋ"@mep	
"djaŏrur"@gia	<https://panlex.org/snapshot/panlex-20191001-csv/6172#116279786>				<https://panlex.org/snapshot/panlex-20191001-csv/6172#116279788>		"djawalen"@mep	
"guŋa"@gia	<https://panlex.org/snapshot/panlex-20191001-csv/6172#116288231>				<https://panlex.org/snapshot/panlex-20191001-csv/6172#116288235>		"galun"@mep	
"guŋa"@gia	<https://panlex.org/snapshot/panlex-20191001-csv/6172#116288231>				<https://panlex.org/snapshot/panlex-20191001-csv/6172#116288234>		"glun"@mep	
"wada"@gia	<https://panlex.org/snapshot/panlex-20191001-csv/6172#116286758>				<https://panlex.org/snapshot/panlex-20191001-csv/6172#116286761>		"damberal"@mep	
"ŋali"@gia	<https://panlex.org/snapshot/panlex-20191001-csv/6172#116288608>				<https://panlex.org/snapshot/panlex-20191001-csv/6172#116288610>		"njaman"@mep	
"mulu"@gia	<https://panlex.org/snapshot/panlex-20191001-csv/6172#116281492>				<https://panlex.org/snapshot/panlex-20191001-csv/6172#116281494>		"mō̱l"@mep	
"yila"@gia	<https://panlex.org/snapshot/panlex-20191001-csv/6172#116281249>				<https://panlex.org/snapshot/panlex-20191001-csv/6172#116281251>		"galmaŋ"@mep	
"baŋariŋ"@gia	<https://panlex.org/snapshot/panlex-20191001-csv/6172#116287925>				<https://panlex.org/snapshot/panlex-20191001-csv/6172#116287928>		"ganmel"@mep	
"gangi"@gia	<https://panlex.org/snapshot/panlex-20191001-csv/6172#116284067>				<https://panlex.org/snapshot/panlex-20191001-csv/6172#116284069>		"gangin"@mep	
"maranj"@gia	<https://panlex.org/snapshot/panlex-20191001-csv/6172#116280923>				<https://panlex.org/snapshot/panlex-20191001-csv/6172#116280925>		"djolan"@mep	
"miolu"@gia	<https://panlex.org/snapshot/panlex-20191001-csv/6172#116283936>				<https://panlex.org/snapshot/panlex-20191001-csv/6172#116283938>		"ŋaren"@mep	
"glir"@gia	<https://panlex.org/snapshot/panlex-20191001-csv/6172#116288337>				<https://panlex.org/snapshot/panlex-20191001-csv/6172#116288339>		"gelerago"@mep	
"ganjura"@gia	<https://panlex.org/snapshot/panlex-20191001-csv/6172#116283017>				<https://panlex.org/snapshot/panlex-20191001-csv/6172#116283019>		"godin"@mep	
"wanjagiŋ"@gia	<https://panlex.org/snapshot/panlex-20191001-csv/6172#116279590>				<https://panlex.org/snapshot/panlex-20191001-csv/6172#116279592>		"wilalin"@mep	
"mala"@gia	<https://panlex.org/snapshot/panlex-20191001-csv/6172#116282504>				<https://panlex.org/snapshot/panlex-20191001-csv/6172#116282506>		"maiingol"@mep	
"ŋawala"@gia	<https://panlex.org/snapshot/panlex-20191001-csv/6172#116286576>				<https://panlex.org/snapshot/panlex-20191001-csv/6172#116286579>		"ganbel"@mep	
"djiragur"@gia	<https://panlex.org/snapshot/panlex-20191001-csv/6172#116284616>				<https://panlex.org/snapshot/panlex-20191001-csv/6172#116284619>		"djerau"@mep	
"ŋarabura"@gia	<https://panlex.org/snapshot/panlex-20191001-csv/6172#116281356>				<https://panlex.org/snapshot/panlex-20191001-csv/6172#116281358>		"madjogo"@mep	
"ŋaren"@gia	<https://panlex.org/snapshot/panlex-20191001-csv/6172#116286854>				<https://panlex.org/snapshot/panlex-20191001-csv/6172#116286856>		"onaia"@mep	
"gurai"@gia	<https://panlex.org/snapshot/panlex-20191001-csv/6172#116284128>				<https://panlex.org/snapshot/panlex-20191001-csv/6172#116284130>		"ŋaraŋ"@mep	
"dambalan"@gia	<https://panlex.org/snapshot/panlex-20191001-csv/6172#116282073>				<https://panlex.org/snapshot/panlex-20191001-csv/6172#116282076>		"dambalan"@mep	
"djila"@gia	<https://panlex.org/snapshot/panlex-20191001-csv/6172#116285687>				<https://panlex.org/snapshot/panlex-20191001-csv/6172#116285689>		"njanan"@mep	
"yeda"@gia	<https://panlex.org/snapshot/panlex-20191001-csv/6172#116281225>				<https://panlex.org/snapshot/panlex-20191001-csv/6172#116281228>		"garara"@mep	
"nalidja"@gia	<https://panlex.org/snapshot/panlex-20191001-csv/6172#116283413>				<https://panlex.org/snapshot/panlex-20191001-csv/6172#116283415>		"ganaraŋ"@mep	
"wari"@gia	<https://panlex.org/snapshot/panlex-20191001-csv/6172#116281681>				<https://panlex.org/snapshot/panlex-20191001-csv/6172#116281682>		"delargab"@mep	
"garabidi"@gia	<https://panlex.org/snapshot/panlex-20191001-csv/6172#116279512>				<https://panlex.org/snapshot/panlex-20191001-csv/6172#116279515>		"gorbado"@mep	
"manil"@gia	<https://panlex.org/snapshot/panlex-20191001-csv/6172#116284523>				<https://panlex.org/snapshot/panlex-20191001-csv/6172#116284525>		"njumbur"@mep	
