"hneta"@mrn	<https://panlex.org/snapshot/panlex-20191001-csv/114#8052900>				<https://panlex.org/snapshot/panlex-20191001-csv/114#8052834>		"ceŋin"@lek	
"bahbao"@mrn	<https://panlex.org/snapshot/panlex-20191001-csv/114#8064232>				<https://panlex.org/snapshot/panlex-20191001-csv/114#8064161>		"keñwe-n"@lek	
"guli"@mrn	<https://panlex.org/snapshot/panlex-20191001-csv/114#8057527>				<https://panlex.org/snapshot/panlex-20191001-csv/114#8057449>		"kulhɪ-n"@lek	
"gnahngo"@mrn	<https://panlex.org/snapshot/panlex-20191001-csv/114#8066280>				<https://panlex.org/snapshot/panlex-20191001-csv/114#8066207>		"tuhuŋ"@lek	
"khame"@mrn	<https://panlex.org/snapshot/panlex-20191001-csv/114#8051931>				<https://panlex.org/snapshot/panlex-20191001-csv/114#8051846>		"nime-n"@lek	
"kheʼi"@mrn	<https://panlex.org/snapshot/panlex-20191001-csv/114#8067359>				<https://panlex.org/snapshot/panlex-20191001-csv/114#8067280>		"lihe-n"@lek	
"nuafi"@mrn	<https://panlex.org/snapshot/panlex-20191001-csv/114#8057028>				<https://panlex.org/snapshot/panlex-20191001-csv/114#8056961>		"maŋah"@lek	
"[mae]maʼe"@mrn	<https://panlex.org/snapshot/panlex-20191001-csv/114#8068412>				<https://panlex.org/snapshot/panlex-20191001-csv/114#8068339>		"hɪl"@lek	
"kale"@mrn	<https://panlex.org/snapshot/panlex-20191001-csv/114#8055524>				<https://panlex.org/snapshot/panlex-20191001-csv/114#8055458>		"kwacanɪm"@lek	
"lase"@mrn	<https://panlex.org/snapshot/panlex-20191001-csv/114#8061658>				<https://panlex.org/snapshot/panlex-20191001-csv/114#8061580>		"hecinen"@lek	
"mairi"@mrn	<https://panlex.org/snapshot/panlex-20191001-csv/114#8052435>				<https://panlex.org/snapshot/panlex-20191001-csv/114#8052369>		"ka|maw"@lek	
"jaojaʼo"@mrn	<https://panlex.org/snapshot/panlex-20191001-csv/114#8054000>				<https://panlex.org/snapshot/panlex-20191001-csv/114#8053920>		"kwause"@lek	
"butu"@mrn	<https://panlex.org/snapshot/panlex-20191001-csv/114#8059584>				<https://panlex.org/snapshot/panlex-20191001-csv/114#8059516>		"plepurua-n"@lek	
