"hneta"@mrn	<https://panlex.org/snapshot/panlex-20191001-csv/114#8052900>				<https://panlex.org/snapshot/panlex-20191001-csv/114#8052884>		"suoʔ"@min	
"bahbao"@mrn	<https://panlex.org/snapshot/panlex-20191001-csv/114#8064232>				<https://panlex.org/snapshot/panlex-20191001-csv/114#8064215>		"lihie"@min	
"guli"@mrn	<https://panlex.org/snapshot/panlex-20191001-csv/114#8057527>				<https://panlex.org/snapshot/panlex-20191001-csv/114#8057506>		"kulik"@min	
"gnahngo"@mrn	<https://panlex.org/snapshot/panlex-20191001-csv/114#8066280>				<https://panlex.org/snapshot/panlex-20191001-csv/114#8066261>		"maidu"@min	
"khame"@mrn	<https://panlex.org/snapshot/panlex-20191001-csv/114#8051931>				<https://panlex.org/snapshot/panlex-20191001-csv/114#8051909>		"taŋan"@min	
"kheʼi"@mrn	<https://panlex.org/snapshot/panlex-20191001-csv/114#8067359>				<https://panlex.org/snapshot/panlex-20191001-csv/114#8067337>		"gigi"@min	
"nuafi"@mrn	<https://panlex.org/snapshot/panlex-20191001-csv/114#8057028>				<https://panlex.org/snapshot/panlex-20191001-csv/114#8057012>		"abu"@min	
"[mae]maʼe"@mrn	<https://panlex.org/snapshot/panlex-20191001-csv/114#8068412>				<https://panlex.org/snapshot/panlex-20191001-csv/114#8068393>		"galaʔ"@min	
"kale"@mrn	<https://panlex.org/snapshot/panlex-20191001-csv/114#8055524>				<https://panlex.org/snapshot/panlex-20191001-csv/114#8055509>		"keloʔ"@min	
"lase"@mrn	<https://panlex.org/snapshot/panlex-20191001-csv/114#8061658>				<https://panlex.org/snapshot/panlex-20191001-csv/114#8061639>		"tau"@min	
"mairi"@mrn	<https://panlex.org/snapshot/panlex-20191001-csv/114#8052435>				<https://panlex.org/snapshot/panlex-20191001-csv/114#8052419>		"kida"@min	
"jaojaʼo"@mrn	<https://panlex.org/snapshot/panlex-20191001-csv/114#8054000>				<https://panlex.org/snapshot/panlex-20191001-csv/114#8053981>		"bajalan"@min	
"butu"@mrn	<https://panlex.org/snapshot/panlex-20191001-csv/114#8059584>				<https://panlex.org/snapshot/panlex-20191001-csv/114#8059566>		"tambonsu"@min	
