"'vejei"@tvm	<https://panlex.org/snapshot/panlex-20191001-csv/12#851219>				<https://panlex.org/snapshot/panlex-20191001-csv/12#851026>		"w̃era"@lti	
"ʼanne"@tvm	<https://panlex.org/snapshot/panlex-20191001-csv/114#8054710>				<https://panlex.org/snapshot/panlex-20191001-csv/114#8054476>		"talla"@lti	
"ʼnɔre"@tvm	<https://panlex.org/snapshot/panlex-20191001-csv/114#8066999>				<https://panlex.org/snapshot/panlex-20191001-csv/114#8066741>		"nūru"@lti	
"ʼnɔre"@tvm	<https://panlex.org/snapshot/panlex-20191001-csv/114#8066999>				<https://panlex.org/snapshot/panlex-20191001-csv/114#8066742>		"wawa"@lti	
"ʼitmi"@tvm	<https://panlex.org/snapshot/panlex-20191001-csv/114#8052135>				<https://panlex.org/snapshot/panlex-20191001-csv/114#8051872>		"lima"@lti	
"neʼmuni"@tvm	<https://panlex.org/snapshot/panlex-20191001-csv/114#8068593>				<https://panlex.org/snapshot/panlex-20191001-csv/114#8068358>		"mali"@lti	
"ʼkene"@tvm	<https://panlex.org/snapshot/panlex-20191001-csv/114#8064425>				<https://panlex.org/snapshot/panlex-20191001-csv/114#8064180>		"tieru"@lti	
"ʼone"@tvm	<https://panlex.org/snapshot/panlex-20191001-csv/114#8053625>				<https://panlex.org/snapshot/panlex-20191001-csv/114#8053359>		"loki"@lti	
"ʼtutni"@tvm	<https://panlex.org/snapshot/panlex-20191001-csv/114#8060822>				<https://panlex.org/snapshot/panlex-20191001-csv/114#8060548>		"susu"@lti	
"ʼtutni"@tvm	<https://panlex.org/snapshot/panlex-20191001-csv/114#8060822>				<https://panlex.org/snapshot/panlex-20191001-csv/114#8060547>		"irsu"@lti	
"ʼoke"@tvm	<https://panlex.org/snapshot/panlex-20191001-csv/114#8063891>				<https://panlex.org/snapshot/panlex-20191001-csv/114#8063637>		"w̃ata"@lti	
"'vejei"@tvm	<https://panlex.org/snapshot/panlex-20191001-csv/11#787760>				<https://panlex.org/snapshot/panlex-20191001-csv/11#787631>		"w̃era"@lti	
