"ʼanne"@tvm	<https://panlex.org/snapshot/panlex-20191001-csv/114#8054710>				<https://panlex.org/snapshot/panlex-20191001-csv/114#8054292>		"ara"@aut	
"ʼanne"@tvm	<https://panlex.org/snapshot/panlex-20191001-csv/114#8054710>				<https://panlex.org/snapshot/panlex-20191001-csv/114#8054294>		"poroomu"@aut	
"ʼanne"@tvm	<https://panlex.org/snapshot/panlex-20191001-csv/114#8054710>				<https://panlex.org/snapshot/panlex-20191001-csv/114#8054295>		"puruumu"@aut	
"ʼanne"@tvm	<https://panlex.org/snapshot/panlex-20191001-csv/114#8054710>				<https://panlex.org/snapshot/panlex-20191001-csv/114#8054293>		"araʔaraʔa"@aut	
"ʼnɔre"@tvm	<https://panlex.org/snapshot/panlex-20191001-csv/114#8066999>				<https://panlex.org/snapshot/panlex-20191001-csv/114#8066527>		"vaʔa"@aut	
"ʼitmi"@tvm	<https://panlex.org/snapshot/panlex-20191001-csv/114#8052135>				<https://panlex.org/snapshot/panlex-20191001-csv/114#8051647>		"rima"@aut	
"neʼmuni"@tvm	<https://panlex.org/snapshot/panlex-20191001-csv/114#8068593>				<https://panlex.org/snapshot/panlex-20191001-csv/114#8068147>		"ata"@aut	
"ʼkene"@tvm	<https://panlex.org/snapshot/panlex-20191001-csv/114#8064425>				<https://panlex.org/snapshot/panlex-20191001-csv/114#8063972>		"ʔaʔii"@aut	
"ʼone"@tvm	<https://panlex.org/snapshot/panlex-20191001-csv/114#8053625>				<https://panlex.org/snapshot/panlex-20191001-csv/114#8053136>		"ʔaavae"@aut	
"ʼtutni"@tvm	<https://panlex.org/snapshot/panlex-20191001-csv/114#8060822>				<https://panlex.org/snapshot/panlex-20191001-csv/114#8060319>		"tiitii"@aut	
"ʼtutni"@tvm	<https://panlex.org/snapshot/panlex-20191001-csv/114#8060822>				<https://panlex.org/snapshot/panlex-20191001-csv/114#8060320>		"ʔoouma"@aut	
"ʼoke"@tvm	<https://panlex.org/snapshot/panlex-20191001-csv/114#8063891>				<https://panlex.org/snapshot/panlex-20191001-csv/114#8063421>		"upoʔo"@aut	
"ʼoke"@tvm	<https://panlex.org/snapshot/panlex-20191001-csv/114#8063891>				<https://panlex.org/snapshot/panlex-20191001-csv/114#8063420>		"pao"@aut	
