"moali"@byq	<https://panlex.org/snapshot/panlex-20191001-csv/114#8054819>				<https://panlex.org/snapshot/panlex-20191001-csv/114#8055051>		"tůkȯ"@na	
"moali"@byq	<https://panlex.org/snapshot/panlex-20191001-csv/114#8054819>				<https://panlex.org/snapshot/panlex-20191001-csv/114#8055052>		"ȯrre"@na	
"suŋasuŋalʼ"@byq	<https://panlex.org/snapshot/panlex-20191001-csv/114#8065630>				<https://panlex.org/snapshot/panlex-20191001-csv/114#8065830>		"ȯnano"@na	
"tsjitsu"@byq	<https://panlex.org/snapshot/panlex-20191001-csv/114#8060370>				<https://panlex.org/snapshot/panlex-20191001-csv/114#8060636>		"barran"@na	
"siŋute"@byq	<https://panlex.org/snapshot/panlex-20191001-csv/114#8066076>				<https://panlex.org/snapshot/panlex-20191001-csv/114#8066305>		"waij bon"@na	
"ŋutsutsje"@byq	<https://panlex.org/snapshot/panlex-20191001-csv/114#8065104>				<https://panlex.org/snapshot/panlex-20191001-csv/114#8065356>		"bodin"@na	
"matsatsau"@byq	<https://panlex.org/snapshot/panlex-20191001-csv/114#8062435>				<https://panlex.org/snapshot/panlex-20191001-csv/114#8062680>		"miow"@na	
"ts/um/akatsakai"@byq	<https://panlex.org/snapshot/panlex-20191001-csv/114#8053760>				<https://panlex.org/snapshot/panlex-20191001-csv/114#8054024>		"důgidugo"@na	
