"suŋasuŋalʼ"@byq	<https://panlex.org/snapshot/panlex-20191001-csv/114#8065630>				<https://panlex.org/snapshot/panlex-20191001-csv/114#8065603>		"vasa"@bcm	
"tsjitsu"@byq	<https://panlex.org/snapshot/panlex-20191001-csv/114#8060370>				<https://panlex.org/snapshot/panlex-20191001-csv/114#8060328>		"su-"@bcm	
"siŋute"@byq	<https://panlex.org/snapshot/panlex-20191001-csv/114#8066076>				<https://panlex.org/snapshot/panlex-20191001-csv/114#8066039>		"ghau"@bcm	
"ŋutsutsje"@byq	<https://panlex.org/snapshot/panlex-20191001-csv/114#8065104>				<https://panlex.org/snapshot/panlex-20191001-csv/114#8065067>		"visu-"@bcm	
"ŋutsutsje"@byq	<https://panlex.org/snapshot/panlex-20191001-csv/114#8065104>				<https://panlex.org/snapshot/panlex-20191001-csv/114#8065068>		"vivitsi-"@bcm	
"matsatsau"@byq	<https://panlex.org/snapshot/panlex-20191001-csv/114#8062435>				<https://panlex.org/snapshot/panlex-20191001-csv/114#8062400>		"vere"@bcm	
"ts/um/akatsakai"@byq	<https://panlex.org/snapshot/panlex-20191001-csv/114#8053760>				<https://panlex.org/snapshot/panlex-20191001-csv/114#8053717>		"vanavido"@bcm	
