"կին"@hy	<https://panlex.org/snapshot/panlex-20191001-csv/5940#81312495>				<https://panlex.org/snapshot/panlex-20191001-csv/5940#81312468>		"Wei"@bar	
"Շվեյցարիա"@hy	<https://panlex.org/snapshot/panlex-20191001-csv/5940#81279169>				<https://panlex.org/snapshot/panlex-20191001-csv/5940#81279135>		"Schweiz"@bar	
"Լատվիա"@hy	<https://panlex.org/snapshot/panlex-20191001-csv/5949#85314294>				<https://panlex.org/snapshot/panlex-20191001-csv/5949#85314235>		"Lettland"@bar	
"Ավստրալիա"@hy	<https://panlex.org/snapshot/panlex-20191001-csv/5949#85298139>				<https://panlex.org/snapshot/panlex-20191001-csv/5949#85298076>		"Australien"@bar	
"Բեռլին"@hy	<https://panlex.org/snapshot/panlex-20191001-csv/5949#85302441>				<https://panlex.org/snapshot/panlex-20191001-csv/5949#85302387>		"Berlin"@bar	
"Աստվածաշունչ"@hy	<https://panlex.org/snapshot/panlex-20191001-csv/5949#85302694>				<https://panlex.org/snapshot/panlex-20191001-csv/5949#85302640>		"Bibel"@bar	
"Շոտլանդիա"@hy	<https://panlex.org/snapshot/panlex-20191001-csv/5949#85325237>				<https://panlex.org/snapshot/panlex-20191001-csv/5949#85325193>		"Schottland"@bar	
"Զագրեբ"@hy	<https://panlex.org/snapshot/panlex-20191001-csv/5949#85309192>				<https://panlex.org/snapshot/panlex-20191001-csv/5949#85309175>		"Zagreb"@bar	
"Ճապոնիա"@hy	<https://panlex.org/snapshot/panlex-20191001-csv/5949#85326073>				<https://panlex.org/snapshot/panlex-20191001-csv/5949#85326040>		"Japan"@bar	
"Ֆիլիպիններ"@hy	<https://panlex.org/snapshot/panlex-20191001-csv/5949#85323343>				<https://panlex.org/snapshot/panlex-20191001-csv/5949#85323290>		"Philippinen"@bar	
"Ղրիմ"@hy	<https://panlex.org/snapshot/panlex-20191001-csv/5949#85313716>				<https://panlex.org/snapshot/panlex-20191001-csv/5949#85313691>		"Krim"@bar	
"փաստաբան"@hy	<https://panlex.org/snapshot/panlex-20191001-csv/5949#85333169>				<https://panlex.org/snapshot/panlex-20191001-csv/5949#85333130>		"Rechtsanwoit"@bar	
"Բավարիա"@hy	<https://panlex.org/snapshot/panlex-20191001-csv/5949#85301194>				<https://panlex.org/snapshot/panlex-20191001-csv/5949#85301161>		"Bayern"@bar	
"Աւստրալիա"@hy	<https://panlex.org/snapshot/panlex-20191001-csv/5949#85298138>				<https://panlex.org/snapshot/panlex-20191001-csv/5949#85298076>		"Australien"@bar	
"դատապաշտպան"@hy	<https://panlex.org/snapshot/panlex-20191001-csv/5949#85333168>				<https://panlex.org/snapshot/panlex-20191001-csv/5949#85333130>		"Rechtsanwoit"@bar	
"Ռուսաստան"@hy	<https://panlex.org/snapshot/panlex-20191001-csv/5949#85319470>				<https://panlex.org/snapshot/panlex-20191001-csv/5949#85319400>		"Russland"@bar	
"Ցյուրիխ"@hy	<https://panlex.org/snapshot/panlex-20191001-csv/5949#85324466>				<https://panlex.org/snapshot/panlex-20191001-csv/5949#85324434>		"Zirich"@bar	
"Երուսաղեմ"@hy	<https://panlex.org/snapshot/panlex-20191001-csv/5949#85309942>				<https://panlex.org/snapshot/panlex-20191001-csv/5949#85309883>		"Jerusalem"@bar	
"Սաղմոս"@hy	<https://panlex.org/snapshot/panlex-20191001-csv/5949#85318938>				<https://panlex.org/snapshot/panlex-20191001-csv/5949#85318914>		"Buach der Psalmen"@bar	
"Թուրքիա"@hy	<https://panlex.org/snapshot/panlex-20191001-csv/5949#85322518>				<https://panlex.org/snapshot/panlex-20191001-csv/5949#85322464>		"Tiakei"@bar	
"Պերու"@hy	<https://panlex.org/snapshot/panlex-20191001-csv/5949#85318242>				<https://panlex.org/snapshot/panlex-20191001-csv/5949#85318190>		"Peru"@bar	
"Եվրոպա"@hy	<https://panlex.org/snapshot/panlex-20191001-csv/5949#85308552>				<https://panlex.org/snapshot/panlex-20191001-csv/5949#85308496>		"Eiropa"@bar	
"պատմություն"@hy	<https://panlex.org/snapshot/panlex-20191001-csv/5942#83282258>				<https://panlex.org/snapshot/panlex-20191001-csv/5942#83282219>		"g'schichte"@bar	
"ծով"@hy	<https://panlex.org/snapshot/panlex-20191001-csv/5942#83283212>				<https://panlex.org/snapshot/panlex-20191001-csv/5942#83283183>		"meer"@bar	
"Ճապոներեն"@hy	<https://panlex.org/snapshot/panlex-20191001-csv/405#13626391>				<https://panlex.org/snapshot/panlex-20191001-csv/405#13626358>		"Japanische Språch"@bar	
"Լյուքսեմբուրգերեն"@hy	<https://panlex.org/snapshot/panlex-20191001-csv/405#13627945>				<https://panlex.org/snapshot/panlex-20191001-csv/405#13627924>		"Luxnbuagisch"@bar	
"Իսպաներեն"@hy	<https://panlex.org/snapshot/panlex-20191001-csv/405#13632073>				<https://panlex.org/snapshot/panlex-20191001-csv/405#13632033>		"Schbanisch"@bar	
"Սլովեներեն"@hy	<https://panlex.org/snapshot/panlex-20191001-csv/405#13631862>				<https://panlex.org/snapshot/panlex-20191001-csv/405#13631832>		"Slowénische Språch"@bar	
"Լատիներեն"@hy	<https://panlex.org/snapshot/panlex-20191001-csv/405#13627484>				<https://panlex.org/snapshot/panlex-20191001-csv/405#13627446>		"Latein"@bar	
"Չեխերեն"@hy	<https://panlex.org/snapshot/panlex-20191001-csv/405#13623121>				<https://panlex.org/snapshot/panlex-20191001-csv/405#13623090>		"Tschechische Språch"@bar	
"ջոլը"@hy	<https://panlex.org/snapshot/panlex-20191001-csv/12#850957>				<https://panlex.org/snapshot/panlex-20191001-csv/12#850842>		"wassa"@bar	
"Բավարիա"@hy	<https://panlex.org/snapshot/panlex-20191001-csv/10#671561>				<https://panlex.org/snapshot/panlex-20191001-csv/10#671540>		"Baian"@bar	
"կլիր"@hy	<https://panlex.org/snapshot/panlex-20191001-csv/3776#91652276>				<https://panlex.org/snapshot/panlex-20191001-csv/3776#91652208>		"Zipfe"@bar	
"օր"@hy	<https://panlex.org/snapshot/panlex-20191001-csv/3776#91652779>				<https://panlex.org/snapshot/panlex-20191001-csv/3776#91652735>		"Dog"@bar	
"օր"@hy	<https://panlex.org/snapshot/panlex-20191001-csv/3776#91652779>				<https://panlex.org/snapshot/panlex-20191001-csv/3776#91652736>		"Dåg"@bar	
"օր"@hy	<https://panlex.org/snapshot/panlex-20191001-csv/3776#91652714>				<https://panlex.org/snapshot/panlex-20191001-csv/3776#91652691>		"Dåg"@bar	
"օր"@hy	<https://panlex.org/snapshot/panlex-20191001-csv/3776#91652714>				<https://panlex.org/snapshot/panlex-20191001-csv/3776#91652692>		"Dog"@bar	
"ընտանիք"@hy	<https://panlex.org/snapshot/panlex-20191001-csv/3776#91599173>				<https://panlex.org/snapshot/panlex-20191001-csv/3776#91599145>		"Famülie"@bar	
"երբեմն"@hy	<https://panlex.org/snapshot/panlex-20191001-csv/3776#91689578>				<https://panlex.org/snapshot/panlex-20191001-csv/3776#91689541>		"manchmal"@bar	
"գնալ"@hy	<https://panlex.org/snapshot/panlex-20191001-csv/3776#91605982>				<https://panlex.org/snapshot/panlex-20191001-csv/3776#91605916>		"gê"@bar	
"անել"@hy	<https://panlex.org/snapshot/panlex-20191001-csv/3776#91723025>				<https://panlex.org/snapshot/panlex-20191001-csv/3776#91723006>		"dea"@bar	
"անել"@hy	<https://panlex.org/snapshot/panlex-20191001-csv/3776#91723025>				<https://panlex.org/snapshot/panlex-20191001-csv/3776#91723009>		"duan"@bar	
"անել"@hy	<https://panlex.org/snapshot/panlex-20191001-csv/3776#91723025>				<https://panlex.org/snapshot/panlex-20191001-csv/3776#91723007>		"måcha"@bar	
"անել"@hy	<https://panlex.org/snapshot/panlex-20191001-csv/3776#91723025>				<https://panlex.org/snapshot/panlex-20191001-csv/3776#91723008>		"doa"@bar	
"դու"@hy	<https://panlex.org/snapshot/panlex-20191001-csv/3776#91651413>				<https://panlex.org/snapshot/panlex-20191001-csv/3776#91651391>		"du"@bar	
"Եվրոպա"@hy	<https://panlex.org/snapshot/panlex-20191001-csv/3776#91598037>				<https://panlex.org/snapshot/panlex-20191001-csv/3776#91598004>		"Eiropa"@bar	
"յեն"@hy	<https://panlex.org/snapshot/panlex-20191001-csv/3776#91680641>				<https://panlex.org/snapshot/panlex-20191001-csv/3776#91680624>		"Yen"@bar	
"աշուն"@hy	<https://panlex.org/snapshot/panlex-20191001-csv/3776#91658205>				<https://panlex.org/snapshot/panlex-20191001-csv/3776#91658175>		"Hiachst"@bar	
"երկյակ"@hy	<https://panlex.org/snapshot/panlex-20191001-csv/3776#91649648>				<https://panlex.org/snapshot/panlex-20191001-csv/3776#91649617>		"zwoa"@bar	
"երկյակ"@hy	<https://panlex.org/snapshot/panlex-20191001-csv/3776#91649648>				<https://panlex.org/snapshot/panlex-20191001-csv/3776#91649618>		"zwà"@bar	
"Խորվաթիա"@hy	<https://panlex.org/snapshot/panlex-20191001-csv/3776#91720857>				<https://panlex.org/snapshot/panlex-20191001-csv/3776#91720825>		"Kroàzien"@bar	
"հիսուն"@hy	<https://panlex.org/snapshot/panlex-20191001-csv/3776#91703767>				<https://panlex.org/snapshot/panlex-20191001-csv/3776#91703731>		"fuchzg"@bar	
"սով"@hy	<https://panlex.org/snapshot/panlex-20191001-csv/3776#91599312>				<https://panlex.org/snapshot/panlex-20191001-csv/3776#91599298>		"Hunga"@bar	
"ժողովուրդ"@hy	<https://panlex.org/snapshot/panlex-20191001-csv/3776#91685946>				<https://panlex.org/snapshot/panlex-20191001-csv/3776#91685942>		"Voik"@bar	
"տասնչորս"@hy	<https://panlex.org/snapshot/panlex-20191001-csv/3776#91703166>				<https://panlex.org/snapshot/panlex-20191001-csv/3776#91703129>		"fiazea"@bar	
"տասնչորս"@hy	<https://panlex.org/snapshot/panlex-20191001-csv/3776#91703166>				<https://panlex.org/snapshot/panlex-20191001-csv/3776#91703130>		"fiazen"@bar	
"դուք"@hy	<https://panlex.org/snapshot/panlex-20191001-csv/3776#91651580>				<https://panlex.org/snapshot/panlex-20191001-csv/3776#91651557>		"és"@bar	
"խաղալ"@hy	<https://panlex.org/snapshot/panlex-20191001-csv/3776#91674514>				<https://panlex.org/snapshot/panlex-20191001-csv/3776#91674492>		"spuin"@bar	
"խաղալ"@hy	<https://panlex.org/snapshot/panlex-20191001-csv/3776#91674514>				<https://panlex.org/snapshot/panlex-20191001-csv/3776#91674493>		"spöin"@bar	
"Բալթիկ ծով"@hy	<https://panlex.org/snapshot/panlex-20191001-csv/3776#91732696>				<https://panlex.org/snapshot/panlex-20191001-csv/3776#91732675>		"Ostsee"@bar	
"ֆուտբոլ"@hy	<https://panlex.org/snapshot/panlex-20191001-csv/3776#91582805>				<https://panlex.org/snapshot/panlex-20191001-csv/3776#91582774>		"Fuaßboi"@bar	
"բերել"@hy	<https://panlex.org/snapshot/panlex-20191001-csv/3776#91681065>				<https://panlex.org/snapshot/panlex-20191001-csv/3776#91681054>		"bringa"@bar	
"հինգշաբթի"@hy	<https://panlex.org/snapshot/panlex-20191001-csv/3776#91702170>				<https://panlex.org/snapshot/panlex-20191001-csv/3776#91702124>		"Dunnasdåg"@bar	
"հինգշաբթի"@hy	<https://panlex.org/snapshot/panlex-20191001-csv/3776#91702170>				<https://panlex.org/snapshot/panlex-20191001-csv/3776#91702122>		"Pfinzda"@bar	
"հինգշաբթի"@hy	<https://panlex.org/snapshot/panlex-20191001-csv/3776#91702170>				<https://panlex.org/snapshot/panlex-20191001-csv/3776#91702123>		"Pfinsdåg"@bar	
"բազմոց"@hy	<https://panlex.org/snapshot/panlex-20191001-csv/3776#91647415>				<https://panlex.org/snapshot/panlex-20191001-csv/3776#91647389>		"Ottoman"@bar	
"մեկ"@hy	<https://panlex.org/snapshot/panlex-20191001-csv/3776#91649522>				<https://panlex.org/snapshot/panlex-20191001-csv/3776#91649475>		"Oasa"@bar	
"մեկ"@hy	<https://panlex.org/snapshot/panlex-20191001-csv/3776#91649522>				<https://panlex.org/snapshot/panlex-20191001-csv/3776#91649477>		"Ànsa"@bar	
"մեկ"@hy	<https://panlex.org/snapshot/panlex-20191001-csv/3776#91649522>				<https://panlex.org/snapshot/panlex-20191001-csv/3776#91649476>		"Oansa"@bar	
"օձ"@hy	<https://panlex.org/snapshot/panlex-20191001-csv/3776#91630297>				<https://panlex.org/snapshot/panlex-20191001-csv/3776#91630251>		"Schlång"@bar	
"աթոռ"@hy	<https://panlex.org/snapshot/panlex-20191001-csv/3776#91681457>				<https://panlex.org/snapshot/panlex-20191001-csv/3776#91681427>		"Sässl"@bar	
"աթոռ"@hy	<https://panlex.org/snapshot/panlex-20191001-csv/3776#91681457>				<https://panlex.org/snapshot/panlex-20191001-csv/3776#91681426>		"Stui"@bar	
"տասնյոթ"@hy	<https://panlex.org/snapshot/panlex-20191001-csv/3776#91703339>				<https://panlex.org/snapshot/panlex-20191001-csv/3776#91703305>		"sibzea"@bar	
"տասնյոթ"@hy	<https://panlex.org/snapshot/panlex-20191001-csv/3776#91703339>				<https://panlex.org/snapshot/panlex-20191001-csv/3776#91703306>		"sibzen"@bar	
"սովորել"@hy	<https://panlex.org/snapshot/panlex-20191001-csv/3776#91727156>				<https://panlex.org/snapshot/panlex-20191001-csv/3776#91727124>		"leana"@bar	
"Անգոլա"@hy	<https://panlex.org/snapshot/panlex-20191001-csv/3776#91664226>				<https://panlex.org/snapshot/panlex-20191001-csv/3776#91664199>		"Angola"@bar	
"Հարավային Կորեա"@hy	<https://panlex.org/snapshot/panlex-20191001-csv/3776#91728932>				<https://panlex.org/snapshot/panlex-20191001-csv/3776#91728896>		"Südkorea"@bar	
"վեց"@hy	<https://panlex.org/snapshot/panlex-20191001-csv/3776#91702711>				<https://panlex.org/snapshot/panlex-20191001-csv/3776#91702676>		"seggs"@bar	
"երթալ"@hy	<https://panlex.org/snapshot/panlex-20191001-csv/3776#91605984>				<https://panlex.org/snapshot/panlex-20191001-csv/3776#91605916>		"gê"@bar	
"բարև ձեզ"@hy	<https://panlex.org/snapshot/panlex-20191001-csv/3776#91652861>				<https://panlex.org/snapshot/panlex-20191001-csv/3776#91652828>		"servus"@bar	
"Ուզբեկստան"@hy	<https://panlex.org/snapshot/panlex-20191001-csv/3776#91715216>				<https://panlex.org/snapshot/panlex-20191001-csv/3776#91715188>		"Usbekistan"@bar	
"ուզել"@hy	<https://panlex.org/snapshot/panlex-20191001-csv/3776#91707796>				<https://panlex.org/snapshot/panlex-20191001-csv/3776#91707753>		"woin"@bar	
"ուզել"@hy	<https://panlex.org/snapshot/panlex-20191001-csv/3776#91707796>				<https://panlex.org/snapshot/panlex-20191001-csv/3776#91707754>		"wöön"@bar	
"ութ"@hy	<https://panlex.org/snapshot/panlex-20191001-csv/3776#91702833>				<https://panlex.org/snapshot/panlex-20191001-csv/3776#91702781>		"åcht"@bar	
"երեք"@hy	<https://panlex.org/snapshot/panlex-20191001-csv/3776#91650009>				<https://panlex.org/snapshot/panlex-20191001-csv/3776#91649968>		"drei"@bar	
"էթալ"@hy	<https://panlex.org/snapshot/panlex-20191001-csv/3776#91605983>				<https://panlex.org/snapshot/panlex-20191001-csv/3776#91605916>		"gê"@bar	
"երկիր"@hy	<https://panlex.org/snapshot/panlex-20191001-csv/3776#91611487>				<https://panlex.org/snapshot/panlex-20191001-csv/3776#91611472>		"Lånd"@bar	
"ինչ"@hy	<https://panlex.org/snapshot/panlex-20191001-csv/3776#91653555>				<https://panlex.org/snapshot/panlex-20191001-csv/3776#91653542>		"wås"@bar	
"ինչ"@hy	<https://panlex.org/snapshot/panlex-20191001-csv/3776#91653555>				<https://panlex.org/snapshot/panlex-20191001-csv/3776#91653541>		"woas"@bar	
"մայր"@hy	<https://panlex.org/snapshot/panlex-20191001-csv/3776#91651913>				<https://panlex.org/snapshot/panlex-20191001-csv/3776#91651891>		"Muadda"@bar	
"այլևս"@hy	<https://panlex.org/snapshot/panlex-20191001-csv/3776#91654007>				<https://panlex.org/snapshot/panlex-20191001-csv/3776#91653983>		"scho"@bar	
"ձի"@hy	<https://panlex.org/snapshot/panlex-20191001-csv/3776#91597610>				<https://panlex.org/snapshot/panlex-20191001-csv/3776#91597556>		"Pferdl"@bar	
"Շվեյցարիա"@hy	<https://panlex.org/snapshot/panlex-20191001-csv/3776#91698130>				<https://panlex.org/snapshot/panlex-20191001-csv/3776#91698104>		"Schweiz"@bar	
"խոր"@hy	<https://panlex.org/snapshot/panlex-20191001-csv/3776#91692639>				<https://panlex.org/snapshot/panlex-20191001-csv/3776#91692625>		"diaf"@bar	
"երկար"@hy	<https://panlex.org/snapshot/panlex-20191001-csv/3776#91650501>				<https://panlex.org/snapshot/panlex-20191001-csv/3776#91650494>		"lång"@bar	
"բանջարեղեն"@hy	<https://panlex.org/snapshot/panlex-20191001-csv/3776#91605295>				<https://panlex.org/snapshot/panlex-20191001-csv/3776#91605255>		"Gmias"@bar	
"տանձ"@hy	<https://panlex.org/snapshot/panlex-20191001-csv/3776#91765257>				<https://panlex.org/snapshot/panlex-20191001-csv/3776#91765234>		"Bian"@bar	
"լույս"@hy	<https://panlex.org/snapshot/panlex-20191001-csv/3776#91612882>				<https://panlex.org/snapshot/panlex-20191001-csv/3776#91612869>		"Liacht"@bar	
"երազ տեսնել"@hy	<https://panlex.org/snapshot/panlex-20191001-csv/3776#91689320>				<https://panlex.org/snapshot/panlex-20191001-csv/3776#91689293>		"dràmma"@bar	
"Լուքսեմբուրգ"@hy	<https://panlex.org/snapshot/panlex-20191001-csv/3776#91728993>				<https://panlex.org/snapshot/panlex-20191001-csv/3776#91728961>		"Luxmburg"@bar	
"հեռուստատեսային"@hy	<https://panlex.org/snapshot/panlex-20191001-csv/3776#91636029>				<https://panlex.org/snapshot/panlex-20191001-csv/3776#91635983>		"Fernsehr"@bar	
"Ամերիկայի Միացյալ Նահանգներ"@hy	<https://panlex.org/snapshot/panlex-20191001-csv/3776#91575428>				<https://panlex.org/snapshot/panlex-20191001-csv/3776#91575361>		"Vaeinigtn Stååtn"@bar	
"Ամերիկայի Միացյալ Նահանգներ"@hy	<https://panlex.org/snapshot/panlex-20191001-csv/3776#91575428>				<https://panlex.org/snapshot/panlex-20191001-csv/3776#91575362>		"Vaeinigte Stååtn vô Amerika"@bar	
"արքա"@hy	<https://panlex.org/snapshot/panlex-20191001-csv/3776#91683061>				<https://panlex.org/snapshot/panlex-20191001-csv/3776#91683027>		"Kini"@bar	
"ուսանել"@hy	<https://panlex.org/snapshot/panlex-20191001-csv/3776#91727157>				<https://panlex.org/snapshot/panlex-20191001-csv/3776#91727124>		"leana"@bar	
"տասներեք"@hy	<https://panlex.org/snapshot/panlex-20191001-csv/3776#91703098>				<https://panlex.org/snapshot/panlex-20191001-csv/3776#91703058>		"dreizea"@bar	
"տասներեք"@hy	<https://panlex.org/snapshot/panlex-20191001-csv/3776#91703098>				<https://panlex.org/snapshot/panlex-20191001-csv/3776#91703059>		"dreizen"@bar	
"մենք"@hy	<https://panlex.org/snapshot/panlex-20191001-csv/3776#91651519>				<https://panlex.org/snapshot/panlex-20191001-csv/3776#91651500>		"mia"@bar	
"տասնմեկ"@hy	<https://panlex.org/snapshot/panlex-20191001-csv/3776#91702957>				<https://panlex.org/snapshot/panlex-20191001-csv/3776#91702919>		"ööf"@bar	
"տասնմեկ"@hy	<https://panlex.org/snapshot/panlex-20191001-csv/3776#91702957>				<https://panlex.org/snapshot/panlex-20191001-csv/3776#91702918>		"öif"@bar	
"կամ"@hy	<https://panlex.org/snapshot/panlex-20191001-csv/3776#91777405>				<https://panlex.org/snapshot/panlex-20191001-csv/3776#91777389>		"oda"@bar	
"թիվ"@hy	<https://panlex.org/snapshot/panlex-20191001-csv/3776#91668379>				<https://panlex.org/snapshot/panlex-20191001-csv/3776#91668364>		"Zoi"@bar	
"Ղրղզստան"@hy	<https://panlex.org/snapshot/panlex-20191001-csv/3776#91729568>				<https://panlex.org/snapshot/panlex-20191001-csv/3776#91729543>		"Kiagisien"@bar	
"Արեգակ"@hy	<https://panlex.org/snapshot/panlex-20191001-csv/3776#91667763>				<https://panlex.org/snapshot/panlex-20191001-csv/3776#91667740>		"Sunn"@bar	
"-ի"@hy	<https://panlex.org/snapshot/panlex-20191001-csv/3776#91880275>				<https://panlex.org/snapshot/panlex-20191001-csv/3776#91880263>		"-boa"@bar	
"Արուբա"@hy	<https://panlex.org/snapshot/panlex-20191001-csv/3776#91783495>				<https://panlex.org/snapshot/panlex-20191001-csv/3776#91783473>		"Aruba"@bar	
"գնել"@hy	<https://panlex.org/snapshot/panlex-20191001-csv/3776#91625577>				<https://panlex.org/snapshot/panlex-20191001-csv/3776#91625543>		"kòffa"@bar	
"գնել"@hy	<https://panlex.org/snapshot/panlex-20191001-csv/3776#91625577>				<https://panlex.org/snapshot/panlex-20191001-csv/3776#91625542>		"kàffan"@bar	
"գնել"@hy	<https://panlex.org/snapshot/panlex-20191001-csv/3776#91625577>				<https://panlex.org/snapshot/panlex-20191001-csv/3776#91625541>		"kàffa"@bar	
"գնել"@hy	<https://panlex.org/snapshot/panlex-20191001-csv/3776#91625577>				<https://panlex.org/snapshot/panlex-20191001-csv/3776#91625544>		"kòffan"@bar	
"երեխա"@hy	<https://panlex.org/snapshot/panlex-20191001-csv/3776#91584715>				<https://panlex.org/snapshot/panlex-20191001-csv/3776#91584687>		"Kind"@bar	
"ոսկի"@hy	<https://panlex.org/snapshot/panlex-20191001-csv/3776#91669827>				<https://panlex.org/snapshot/panlex-20191001-csv/3776#91669798>		"Goid"@bar	
"Առյուծ"@hy	<https://panlex.org/snapshot/panlex-20191001-csv/3776#91672019>				<https://panlex.org/snapshot/panlex-20191001-csv/3776#91672001>		"Lef"@bar	
"ատամնաբուժ"@hy	<https://panlex.org/snapshot/panlex-20191001-csv/3776#91759599>				<https://panlex.org/snapshot/panlex-20191001-csv/3776#91759576>		"Foznschbangla"@bar	
"փոքր"@hy	<https://panlex.org/snapshot/panlex-20191001-csv/3776#91651332>				<https://panlex.org/snapshot/panlex-20191001-csv/3776#91651316>		"gloa"@bar	
"փոքր"@hy	<https://panlex.org/snapshot/panlex-20191001-csv/3776#91651332>				<https://panlex.org/snapshot/panlex-20191001-csv/3776#91651317>		"kloa"@bar	
"ազգաբնակչություն"@hy	<https://panlex.org/snapshot/panlex-20191001-csv/3776#91607259>				<https://panlex.org/snapshot/panlex-20191001-csv/3776#91607240>		"Bevökarung"@bar	
"քան"@hy	<https://panlex.org/snapshot/panlex-20191001-csv/3776#91654187>				<https://panlex.org/snapshot/panlex-20191001-csv/3776#91654181>		"oiß"@bar	
"տակ"@hy	<https://panlex.org/snapshot/panlex-20191001-csv/3776#91682519>				<https://panlex.org/snapshot/panlex-20191001-csv/3776#91682508>		"unta"@bar	
"ոտք"@hy	<https://panlex.org/snapshot/panlex-20191001-csv/3776#91658872>				<https://panlex.org/snapshot/panlex-20191001-csv/3776#91658836>		"Haxn"@bar	
"ճահճուտ"@hy	<https://panlex.org/snapshot/panlex-20191001-csv/3776#91599579>				<https://panlex.org/snapshot/panlex-20191001-csv/3776#91599549>		"Sumpfn"@bar	
"քառասուն"@hy	<https://panlex.org/snapshot/panlex-20191001-csv/3776#91703693>				<https://panlex.org/snapshot/panlex-20191001-csv/3776#91703646>		"fiazg"@bar	
"լավ"@hy	<https://panlex.org/snapshot/panlex-20191001-csv/3776#91669991>				<https://panlex.org/snapshot/panlex-20191001-csv/3776#91669981>		"guad"@bar	
"լավ"@hy	<https://panlex.org/snapshot/panlex-20191001-csv/3776#91669991>				<https://panlex.org/snapshot/panlex-20191001-csv/3776#91669980>		"guat"@bar	
"լավ"@hy	<https://panlex.org/snapshot/panlex-20191001-csv/3776#91669971>				<https://panlex.org/snapshot/panlex-20191001-csv/3776#91669963>		"guad"@bar	
"լավ"@hy	<https://panlex.org/snapshot/panlex-20191001-csv/3776#91669971>				<https://panlex.org/snapshot/panlex-20191001-csv/3776#91669964>		"guat"@bar	
"բու"@hy	<https://panlex.org/snapshot/panlex-20191001-csv/3776#91684064>				<https://panlex.org/snapshot/panlex-20191001-csv/3776#91684018>		"Ein"@bar	
"տաք"@hy	<https://panlex.org/snapshot/panlex-20191001-csv/3776#91606283>				<https://panlex.org/snapshot/panlex-20191001-csv/3776#91606278>		"wårm"@bar	
"յոթ"@hy	<https://panlex.org/snapshot/panlex-20191001-csv/3776#91630947>				<https://panlex.org/snapshot/panlex-20191001-csv/3776#91630912>		"siem"@bar	
"նաև"@hy	<https://panlex.org/snapshot/panlex-20191001-csv/3776#91662176>				<https://panlex.org/snapshot/panlex-20191001-csv/3776#91662165>		"aa"@bar	
"նաև"@hy	<https://panlex.org/snapshot/panlex-20191001-csv/3776#91662176>				<https://panlex.org/snapshot/panlex-20191001-csv/3776#91662164>		"â"@bar	
"միավոր"@hy	<https://panlex.org/snapshot/panlex-20191001-csv/3776#91649439>				<https://panlex.org/snapshot/panlex-20191001-csv/3776#91649410>		"oans"@bar	
"միավոր"@hy	<https://panlex.org/snapshot/panlex-20191001-csv/3776#91649439>				<https://panlex.org/snapshot/panlex-20191001-csv/3776#91649411>		"oas"@bar	
"միավոր"@hy	<https://panlex.org/snapshot/panlex-20191001-csv/3776#91649439>				<https://panlex.org/snapshot/panlex-20191001-csv/3776#91649412>		"àns"@bar	
"նվեր"@hy	<https://panlex.org/snapshot/panlex-20191001-csv/3776#91657859>				<https://panlex.org/snapshot/panlex-20191001-csv/3776#91657836>		"Gscheng"@bar	
"երեքշաբթի"@hy	<https://panlex.org/snapshot/panlex-20191001-csv/3776#91702251>				<https://panlex.org/snapshot/panlex-20191001-csv/3776#91702230>		"Diensdåg"@bar	
"երեքշաբթի"@hy	<https://panlex.org/snapshot/panlex-20191001-csv/3776#91702251>				<https://panlex.org/snapshot/panlex-20191001-csv/3776#91702228>		"Iadda"@bar	
"երեքշաբթի"@hy	<https://panlex.org/snapshot/panlex-20191001-csv/3776#91702251>				<https://panlex.org/snapshot/panlex-20191001-csv/3776#91702229>		"Ergedåg"@bar	
"զրո"@hy	<https://panlex.org/snapshot/panlex-20191001-csv/3776#91659901>				<https://panlex.org/snapshot/panlex-20191001-csv/3776#91659855>		"Nulla"@bar	
"զրո"@hy	<https://panlex.org/snapshot/panlex-20191001-csv/3776#91659941>				<https://panlex.org/snapshot/panlex-20191001-csv/3776#91659933>		"Nulla"@bar	
"Մեքսիկա"@hy	<https://panlex.org/snapshot/panlex-20191001-csv/3776#91711689>				<https://panlex.org/snapshot/panlex-20191001-csv/3776#91711641>		"Mexiko"@bar	
"ծնունդդ շնորհավոր"@hy	<https://panlex.org/snapshot/panlex-20191001-csv/3776#91669231>				<https://panlex.org/snapshot/panlex-20191001-csv/3776#91669172>		"ois Guade zu Deim Geburdstog"@bar	
"մորթ"@hy	<https://panlex.org/snapshot/panlex-20191001-csv/3776#91603194>				<https://panlex.org/snapshot/panlex-20191001-csv/3776#91603146>		"Haud"@bar	
"լալ"@hy	<https://panlex.org/snapshot/panlex-20191001-csv/3776#91706845>				<https://panlex.org/snapshot/panlex-20191001-csv/3776#91706813>		"woana"@bar	
"լալ"@hy	<https://panlex.org/snapshot/panlex-20191001-csv/3776#91706845>				<https://panlex.org/snapshot/panlex-20191001-csv/3776#91706814>		"rean"@bar	
"պատառաքաղ"@hy	<https://panlex.org/snapshot/panlex-20191001-csv/3776#91660761>				<https://panlex.org/snapshot/panlex-20191001-csv/3776#91660725>		"Gåfi"@bar	
"պատառաքաղ"@hy	<https://panlex.org/snapshot/panlex-20191001-csv/3776#91660761>				<https://panlex.org/snapshot/panlex-20191001-csv/3776#91660726>		"Gåbe"@bar	
"թուղթ"@hy	<https://panlex.org/snapshot/panlex-20191001-csv/3776#91620746>				<https://panlex.org/snapshot/panlex-20191001-csv/3776#91620706>		"Papier"@bar	
"միզել"@hy	<https://panlex.org/snapshot/panlex-20191001-csv/3776#91640002>				<https://panlex.org/snapshot/panlex-20191001-csv/3776#91639963>		"biesln"@bar	
"միզել"@hy	<https://panlex.org/snapshot/panlex-20191001-csv/3776#91640002>				<https://panlex.org/snapshot/panlex-20191001-csv/3776#91639962>		"soacha"@bar	
"նոր"@hy	<https://panlex.org/snapshot/panlex-20191001-csv/3776#91653239>				<https://panlex.org/snapshot/panlex-20191001-csv/3776#91653221>		"nei"@bar	
"Չինաստան"@hy	<https://panlex.org/snapshot/panlex-20191001-csv/3776#91729322>				<https://panlex.org/snapshot/panlex-20191001-csv/3776#91729282>		"Kina"@bar	
"բառ"@hy	<https://panlex.org/snapshot/panlex-20191001-csv/3776#91693263>				<https://panlex.org/snapshot/panlex-20191001-csv/3776#91693222>		"Wort"@bar	
"Սան Մարինո"@hy	<https://panlex.org/snapshot/panlex-20191001-csv/3776#91728716>				<https://panlex.org/snapshot/panlex-20191001-csv/3776#91728683>		"San Marino"@bar	
"շնորհակալություն"@hy	<https://panlex.org/snapshot/panlex-20191001-csv/3776#91657047>				<https://panlex.org/snapshot/panlex-20191001-csv/3776#91657015>		"märci"@bar	
"երկուշաբթի"@hy	<https://panlex.org/snapshot/panlex-20191001-csv/3776#91702314>				<https://panlex.org/snapshot/panlex-20191001-csv/3776#91702269>		"Månda"@bar	
"երկուշաբթի"@hy	<https://panlex.org/snapshot/panlex-20191001-csv/3776#91702314>				<https://panlex.org/snapshot/panlex-20191001-csv/3776#91702270>		"Mondåg"@bar	
"ուզենալ"@hy	<https://panlex.org/snapshot/panlex-20191001-csv/3776#91707795>				<https://panlex.org/snapshot/panlex-20191001-csv/3776#91707753>		"woin"@bar	
"ուզենալ"@hy	<https://panlex.org/snapshot/panlex-20191001-csv/3776#91707795>				<https://panlex.org/snapshot/panlex-20191001-csv/3776#91707754>		"wöön"@bar	
"Ղազախստան"@hy	<https://panlex.org/snapshot/panlex-20191001-csv/3776#91724822>				<https://panlex.org/snapshot/panlex-20191001-csv/3776#91724802>		"Kasachstan"@bar	
"թվալ"@hy	<https://panlex.org/snapshot/panlex-20191001-csv/3776#91688043>				<https://panlex.org/snapshot/panlex-20191001-csv/3776#91688033>		"scheina"@bar	
"Բելգիա"@hy	<https://panlex.org/snapshot/panlex-20191001-csv/3776#91661478>				<https://panlex.org/snapshot/panlex-20191001-csv/3776#91661452>		"Belgien"@bar	
"օդերեւութաբանություն"@hy	<https://panlex.org/snapshot/panlex-20191001-csv/3776#91615643>				<https://panlex.org/snapshot/panlex-20191001-csv/3776#91615626>		"Meteorologie"@bar	
"հեռախոս"@hy	<https://panlex.org/snapshot/panlex-20191001-csv/3776#91671339>				<https://panlex.org/snapshot/panlex-20191001-csv/3776#91671310>		"Telefon"@bar	
"աղջիկ"@hy	<https://panlex.org/snapshot/panlex-20191001-csv/3776#91643150>				<https://panlex.org/snapshot/panlex-20191001-csv/3776#91643112>		"Deandl"@bar	
"աղջիկ"@hy	<https://panlex.org/snapshot/panlex-20191001-csv/3776#91668650>				<https://panlex.org/snapshot/panlex-20191001-csv/3776#91668610>		"Dochta"@bar	
"ամպ"@hy	<https://panlex.org/snapshot/panlex-20191001-csv/3776#91586301>				<https://panlex.org/snapshot/panlex-20191001-csv/3776#91586254>		"Woikn"@bar	
"վարունգ"@hy	<https://panlex.org/snapshot/panlex-20191001-csv/3776#91732422>				<https://panlex.org/snapshot/panlex-20191001-csv/3776#91732392>		"Gurgumma"@bar	
"պնակ"@hy	<https://panlex.org/snapshot/panlex-20191001-csv/3776#91692713>				<https://panlex.org/snapshot/panlex-20191001-csv/3776#91692684>		"Della"@bar	
"պնակ"@hy	<https://panlex.org/snapshot/panlex-20191001-csv/3776#91692713>				<https://panlex.org/snapshot/panlex-20191001-csv/3776#91692685>		"Dölla"@bar	
"պնակ"@hy	<https://panlex.org/snapshot/panlex-20191001-csv/3776#91692713>				<https://panlex.org/snapshot/panlex-20191001-csv/3776#91692686>		"Dala"@bar	
"տոնածառ"@hy	<https://panlex.org/snapshot/panlex-20191001-csv/3776#91766109>				<https://panlex.org/snapshot/panlex-20191001-csv/3776#91766085>		"Christbaam"@bar	
"Ճապոնիա"@hy	<https://panlex.org/snapshot/panlex-20191001-csv/3776#91700673>				<https://panlex.org/snapshot/panlex-20191001-csv/3776#91700646>		"Japan"@bar	
"արդեն"@hy	<https://panlex.org/snapshot/panlex-20191001-csv/3776#91654006>				<https://panlex.org/snapshot/panlex-20191001-csv/3776#91653983>		"scho"@bar	
"եռյակ"@hy	<https://panlex.org/snapshot/panlex-20191001-csv/3776#91650062>				<https://panlex.org/snapshot/panlex-20191001-csv/3776#91650038>		"Dreia"@bar	
"մաշկ"@hy	<https://panlex.org/snapshot/panlex-20191001-csv/3776#91603193>				<https://panlex.org/snapshot/panlex-20191001-csv/3776#91603146>		"Haud"@bar	
"ոչինչ"@hy	<https://panlex.org/snapshot/panlex-20191001-csv/3776#91737383>				<https://panlex.org/snapshot/panlex-20191001-csv/3776#91737370>		"nix"@bar	
"Ես քեզ սիրում եմ։"@hy	<https://panlex.org/snapshot/panlex-20191001-csv/3776#91733586>				<https://panlex.org/snapshot/panlex-20191001-csv/3776#91733578>		"i mog di"@bar	
"ոսկե"@hy	<https://panlex.org/snapshot/panlex-20191001-csv/3776#91669828>				<https://panlex.org/snapshot/panlex-20191001-csv/3776#91669798>		"Goid"@bar	
"շոկոլադ"@hy	<https://panlex.org/snapshot/panlex-20191001-csv/3776#91681923>				<https://panlex.org/snapshot/panlex-20191001-csv/3776#91681905>		"Tschoglàd"@bar	
"Վիքիփեդիա"@hy	<https://panlex.org/snapshot/panlex-20191001-csv/3776#91746312>				<https://panlex.org/snapshot/panlex-20191001-csv/3776#91746281>		"Wikipedia"@bar	
"տղամարդ"@hy	<https://panlex.org/snapshot/panlex-20191001-csv/3776#91614273>				<https://panlex.org/snapshot/panlex-20191001-csv/3776#91614242>		"Mo"@bar	
"տղամարդ"@hy	<https://panlex.org/snapshot/panlex-20191001-csv/3776#91614273>				<https://panlex.org/snapshot/panlex-20191001-csv/3776#91614240>		"Môô"@bar	
"տղամարդ"@hy	<https://panlex.org/snapshot/panlex-20191001-csv/3776#91614273>				<https://panlex.org/snapshot/panlex-20191001-csv/3776#91614241>		"Må"@bar	
"Բուրկինա Ֆասո"@hy	<https://panlex.org/snapshot/panlex-20191001-csv/3776#91729193>				<https://panlex.org/snapshot/panlex-20191001-csv/3776#91729166>		"Burkina Faso"@bar	
"ջուր"@hy	<https://panlex.org/snapshot/panlex-20191001-csv/11#787591>				<https://panlex.org/snapshot/panlex-20191001-csv/11#787485>		"wassa"@bar	
