"քրտինք"@hy	<https://panlex.org/snapshot/panlex-20191001-csv/5946#84435262>				<https://panlex.org/snapshot/panlex-20191001-csv/5946#84435233>		"тер"@cjs	
"սունկ"@hy	<https://panlex.org/snapshot/panlex-20191001-csv/5946#84450268>				<https://panlex.org/snapshot/panlex-20191001-csv/5946#84450235>		"мешке"@cjs	
"կնգում"@hy	<https://panlex.org/snapshot/panlex-20191001-csv/5946#84443253>				<https://panlex.org/snapshot/panlex-20191001-csv/5946#84443225>		"ас"@cjs	
"հայելի"@hy	<https://panlex.org/snapshot/panlex-20191001-csv/5946#84446201>				<https://panlex.org/snapshot/panlex-20191001-csv/5946#84446147>		"кÿзеген"@cjs	
"սպիտակ աքիս"@hy	<https://panlex.org/snapshot/panlex-20191001-csv/5946#84443254>				<https://panlex.org/snapshot/panlex-20191001-csv/5946#84443225>		"ас"@cjs	
"անձրև"@hy	<https://panlex.org/snapshot/panlex-20191001-csv/5946#84436303>				<https://panlex.org/snapshot/panlex-20191001-csv/5946#84436259>		"нағбыр"@cjs	
"անձրև"@hy	<https://panlex.org/snapshot/panlex-20191001-csv/5946#84436303>				<https://panlex.org/snapshot/panlex-20191001-csv/5946#84436260>		"нағбур"@cjs	
"օգոստոս"@hy	<https://panlex.org/snapshot/panlex-20191001-csv/5949#85329367>				<https://panlex.org/snapshot/panlex-20191001-csv/5949#85329303>		"август"@cjs	
"հարց"@hy	<https://panlex.org/snapshot/panlex-20191001-csv/3776#91591593>				<https://panlex.org/snapshot/panlex-20191001-csv/3776#91591568>		"сурағ"@cjs	
"բաժակ"@hy	<https://panlex.org/snapshot/panlex-20191001-csv/3776#91656548>				<https://panlex.org/snapshot/panlex-20191001-csv/3776#91656527>		"айақ"@cjs	
"օձ"@hy	<https://panlex.org/snapshot/panlex-20191001-csv/3776#91630297>				<https://panlex.org/snapshot/panlex-20191001-csv/3776#91630266>		"чылан"@cjs	
"վեց"@hy	<https://panlex.org/snapshot/panlex-20191001-csv/3776#91702711>				<https://panlex.org/snapshot/panlex-20191001-csv/3776#91702688>		"алты"@cjs	
"քնել"@hy	<https://panlex.org/snapshot/panlex-20191001-csv/3776#91631463>				<https://panlex.org/snapshot/panlex-20191001-csv/3776#91631422>		"қон"@cjs	
"արևմուտք"@hy	<https://panlex.org/snapshot/panlex-20191001-csv/3776#91711760>				<https://panlex.org/snapshot/panlex-20191001-csv/3776#91711739>		"кÿн-қонужу"@cjs	
"ձյուն"@hy	<https://panlex.org/snapshot/panlex-20191001-csv/3776#91631966>				<https://panlex.org/snapshot/panlex-20191001-csv/3776#91631925>		"қар"@cjs	
"կրակ"@hy	<https://panlex.org/snapshot/panlex-20191001-csv/3776#91600266>				<https://panlex.org/snapshot/panlex-20191001-csv/3776#91600226>		"от"@cjs	
"մորթ"@hy	<https://panlex.org/snapshot/panlex-20191001-csv/3776#91603194>				<https://panlex.org/snapshot/panlex-20191001-csv/3776#91603159>		"тере"@cjs	
"քամի"@hy	<https://panlex.org/snapshot/panlex-20191001-csv/3776#91640598>				<https://panlex.org/snapshot/panlex-20191001-csv/3776#91640562>		"салғын"@cjs	
"հուր"@hy	<https://panlex.org/snapshot/panlex-20191001-csv/3776#91600265>				<https://panlex.org/snapshot/panlex-20191001-csv/3776#91600226>		"от"@cjs	
"ամպ"@hy	<https://panlex.org/snapshot/panlex-20191001-csv/3776#91586301>				<https://panlex.org/snapshot/panlex-20191001-csv/3776#91586268>		"пулут"@cjs	
"մաշկ"@hy	<https://panlex.org/snapshot/panlex-20191001-csv/3776#91603193>				<https://panlex.org/snapshot/panlex-20191001-csv/3776#91603159>		"тере"@cjs	
