"կերբիում"@hy	<https://panlex.org/snapshot/panlex-20191001-csv/187#51067036>				<https://panlex.org/snapshot/panlex-20191001-csv/187#51067059>		"терби"@mok	
"ամերիցիում"@hy	<https://panlex.org/snapshot/panlex-20191001-csv/187#51058610>				<https://panlex.org/snapshot/panlex-20191001-csv/187#51058633>		"америки"@mok	
"սամարիում"@hy	<https://panlex.org/snapshot/panlex-20191001-csv/187#51066631>				<https://panlex.org/snapshot/panlex-20191001-csv/187#51066654>		"самари"@mok	
"ալյումինում"@hy	<https://panlex.org/snapshot/panlex-20191001-csv/187#51058507>				<https://panlex.org/snapshot/panlex-20191001-csv/187#51058530>		"алюмини"@mok	
".ադոլինիում"@hy	<https://panlex.org/snapshot/panlex-20191001-csv/187#51061807>				<https://panlex.org/snapshot/panlex-20191001-csv/187#51061830>		"гадолини"@mok	
".ալիում"@hy	<https://panlex.org/snapshot/panlex-20191001-csv/187#51061706>				<https://panlex.org/snapshot/panlex-20191001-csv/187#51061729>		"гали"@mok	
"արսեն"@hy	<https://panlex.org/snapshot/panlex-20191001-csv/187#51058811>				<https://panlex.org/snapshot/panlex-20191001-csv/187#51058834>		"суляма"@mok	
"տիտան"@hy	<https://panlex.org/snapshot/panlex-20191001-csv/187#51067439>				<https://panlex.org/snapshot/panlex-20191001-csv/187#51067464>		"титан"@mok	
"պլուտոնիում"@hy	<https://panlex.org/snapshot/panlex-20191001-csv/187#51065242>				<https://panlex.org/snapshot/panlex-20191001-csv/187#51065265>		"плутони"@mok	
"նատրիում"@hy	<https://panlex.org/snapshot/panlex-20191001-csv/187#51063718>				<https://panlex.org/snapshot/panlex-20191001-csv/187#51063742>		"натри"@mok	
"լոուրենսիում"@hy	<https://panlex.org/snapshot/panlex-20191001-csv/187#51063019>				<https://panlex.org/snapshot/panlex-20191001-csv/187#51063042>		"ловренси"@mok	
"ցիրկոնիում"@hy	<https://panlex.org/snapshot/panlex-20191001-csv/187#51068048>				<https://panlex.org/snapshot/panlex-20191001-csv/187#51068071>		"циркони"@mok	
"քսենոն"@hy	<https://panlex.org/snapshot/panlex-20191001-csv/187#51067744>				<https://panlex.org/snapshot/panlex-20191001-csv/187#51067767>		"зенон"@mok	
"սկանդիում"@hy	<https://panlex.org/snapshot/panlex-20191001-csv/187#51066234>				<https://panlex.org/snapshot/panlex-20191001-csv/187#51066257>		"сканди"@mok	
"մանգան"@hy	<https://panlex.org/snapshot/panlex-20191001-csv/187#51063424>				<https://panlex.org/snapshot/panlex-20191001-csv/187#51063446>		"марганцае"@mok	
"ռադոն"@hy	<https://panlex.org/snapshot/panlex-20191001-csv/187#51065931>				<https://panlex.org/snapshot/panlex-20191001-csv/187#51065953>		"радон"@mok	
"ռոդիում"@hy	<https://panlex.org/snapshot/panlex-20191001-csv/187#51065831>				<https://panlex.org/snapshot/panlex-20191001-csv/187#51065854>		"роди"@mok	
"պրոտակտինիում"@hy	<https://panlex.org/snapshot/panlex-20191001-csv/187#51064532>				<https://panlex.org/snapshot/panlex-20191001-csv/187#51064555>		"протактини"@mok	
"ոսկի"@hy	<https://panlex.org/snapshot/panlex-20191001-csv/187#51059013>				<https://panlex.org/snapshot/panlex-20191001-csv/187#51059035>		"сирнае"@mok	
"ոսկի"@hy	<https://panlex.org/snapshot/panlex-20191001-csv/187#51059013>				<https://panlex.org/snapshot/panlex-20191001-csv/187#51059036>		"зрня"@mok	
"մոլիբդեն"@hy	<https://panlex.org/snapshot/panlex-20191001-csv/187#51063523>				<https://panlex.org/snapshot/panlex-20191001-csv/187#51063546>		"молибден"@mok	
"լիթիում"@hy	<https://panlex.org/snapshot/panlex-20191001-csv/187#51062915>				<https://panlex.org/snapshot/panlex-20191001-csv/187#51062939>		"лити"@mok	
"իրիդիում"@hy	<https://panlex.org/snapshot/panlex-20191001-csv/187#51062613>				<https://panlex.org/snapshot/panlex-20191001-csv/187#51062636>		"ириди"@mok	
"բիսմութ"@hy	<https://panlex.org/snapshot/panlex-20191001-csv/187#51059408>				<https://panlex.org/snapshot/panlex-20191001-csv/187#51059431>		"висмут"@mok	
"ինդիում"@hy	<https://panlex.org/snapshot/panlex-20191001-csv/187#51062512>				<https://panlex.org/snapshot/panlex-20191001-csv/187#51062535>		"инди"@mok	
"արծաթ"@hy	<https://panlex.org/snapshot/panlex-20191001-csv/187#51058406>				<https://panlex.org/snapshot/panlex-20191001-csv/187#51058428>		"сия"@mok	
"նիկել"@hy	<https://panlex.org/snapshot/panlex-20191001-csv/187#51064128>				<https://panlex.org/snapshot/panlex-20191001-csv/187#51064150>		"никиль"@mok	
"հոլմիում"@hy	<https://panlex.org/snapshot/panlex-20191001-csv/187#51062319>				<https://panlex.org/snapshot/panlex-20191001-csv/187#51062342>		"холми"@mok	
"բարիում"@hy	<https://panlex.org/snapshot/panlex-20191001-csv/187#51059115>				<https://panlex.org/snapshot/panlex-20191001-csv/187#51059138>		"бари"@mok	
"երկաթ"@hy	<https://panlex.org/snapshot/panlex-20191001-csv/187#51061402>				<https://panlex.org/snapshot/panlex-20191001-csv/187#51061425>		"кшни"@mok	
"երկաթ"@hy	<https://panlex.org/snapshot/panlex-20191001-csv/187#51061402>				<https://panlex.org/snapshot/panlex-20191001-csv/187#51061424>		"кишни"@mok	
"ցերիում"@hy	<https://panlex.org/snapshot/panlex-20191001-csv/187#51059918>				<https://panlex.org/snapshot/panlex-20191001-csv/187#51059941>		"цери"@mok	
"կյուրիում"@hy	<https://panlex.org/snapshot/panlex-20191001-csv/187#51060220>				<https://panlex.org/snapshot/panlex-20191001-csv/187#51060243>		"кури"@mok	
"արգոն"@hy	<https://panlex.org/snapshot/panlex-20191001-csv/187#51058710>				<https://panlex.org/snapshot/panlex-20191001-csv/187#51058732>		"аргон"@mok	
"ֆերմիում"@hy	<https://panlex.org/snapshot/panlex-20191001-csv/187#51061504>				<https://panlex.org/snapshot/panlex-20191001-csv/187#51061527>		"ферми"@mok	
"թալիում"@hy	<https://panlex.org/snapshot/panlex-20191001-csv/187#51067542>				<https://panlex.org/snapshot/panlex-20191001-csv/187#51067565>		"тали"@mok	
"տանտալ"@hy	<https://panlex.org/snapshot/panlex-20191001-csv/187#51066934>				<https://panlex.org/snapshot/panlex-20191001-csv/187#51066957>		"тантал"@mok	
"ցինկ"@hy	<https://panlex.org/snapshot/panlex-20191001-csv/187#51067946>				<https://panlex.org/snapshot/panlex-20191001-csv/187#51067967>		"цинка"@mok	
"ֆրասիում"@hy	<https://panlex.org/snapshot/panlex-20191001-csv/187#51061605>				<https://panlex.org/snapshot/panlex-20191001-csv/187#51061628>		"франци"@mok	
"ծարիր"@hy	<https://panlex.org/snapshot/panlex-20191001-csv/187#51066131>				<https://panlex.org/snapshot/panlex-20191001-csv/187#51066154>		"сурьма"@mok	
"ռուբիդիում"@hy	<https://panlex.org/snapshot/panlex-20191001-csv/187#51065444>				<https://panlex.org/snapshot/panlex-20191001-csv/187#51065467>		"рубиди"@mok	
"մագնեզիում"@hy	<https://panlex.org/snapshot/panlex-20191001-csv/187#51063322>				<https://panlex.org/snapshot/panlex-20191001-csv/187#51063346>		"магни"@mok	
"եվրոպիում"@hy	<https://panlex.org/snapshot/panlex-20191001-csv/187#51061301>				<https://panlex.org/snapshot/panlex-20191001-csv/187#51061324>		"ьевропи"@mok	
"հելիում"@hy	<https://panlex.org/snapshot/panlex-20191001-csv/187#51062009>				<https://panlex.org/snapshot/panlex-20191001-csv/187#51062032>		"гели"@mok	
"ռեզերֆորդիում"@hy	<https://panlex.org/snapshot/panlex-20191001-csv/187#51065646>				<https://panlex.org/snapshot/panlex-20191001-csv/187#51065668>		"курчатови"@mok	
"դուբնիում"@hy	<https://panlex.org/snapshot/panlex-20191001-csv/187#51060811>				<https://panlex.org/snapshot/panlex-20191001-csv/187#51060833>		"нилсбори"@mok	
"պրազեդիում"@hy	<https://panlex.org/snapshot/panlex-20191001-csv/187#51065039>				<https://panlex.org/snapshot/panlex-20191001-csv/187#51065062>		"праседими"@mok	
"քրոմ"@hy	<https://panlex.org/snapshot/panlex-20191001-csv/187#51060504>				<https://panlex.org/snapshot/panlex-20191001-csv/187#51060527>		"крома"@mok	
"իտերբիում"@hy	<https://panlex.org/snapshot/panlex-20191001-csv/187#51067846>				<https://panlex.org/snapshot/panlex-20191001-csv/187#51067870>		"итерби"@mok	
"սիլիցիում"@hy	<https://panlex.org/snapshot/panlex-20191001-csv/187#51066528>				<https://panlex.org/snapshot/panlex-20191001-csv/187#51066551>		"ктаем"@mok	
"տելուր"@hy	<https://panlex.org/snapshot/panlex-20191001-csv/187#51067236>				<https://panlex.org/snapshot/panlex-20191001-csv/187#51067259>		"телури"@mok	
"պղինձ"@hy	<https://panlex.org/snapshot/panlex-20191001-csv/187#51060707>				<https://panlex.org/snapshot/panlex-20191001-csv/187#51060731>		"серае"@mok	
"պղինձ"@hy	<https://panlex.org/snapshot/panlex-20191001-csv/187#51060707>				<https://panlex.org/snapshot/panlex-20191001-csv/187#51060732>		"сере"@mok	
"պլատին"@hy	<https://panlex.org/snapshot/panlex-20191001-csv/187#51065140>				<https://panlex.org/snapshot/panlex-20191001-csv/187#51065163>		"сияжа"@mok	
"լանթան"@hy	<https://panlex.org/snapshot/panlex-20191001-csv/187#51062813>				<https://panlex.org/snapshot/panlex-20191001-csv/187#51062837>		"лантан"@mok	
"լուտեցիում"@hy	<https://panlex.org/snapshot/panlex-20191001-csv/187#51063122>				<https://panlex.org/snapshot/panlex-20191001-csv/187#51063145>		"лтети"@mok	
"օսմիում"@hy	<https://panlex.org/snapshot/panlex-20191001-csv/187#51064430>				<https://panlex.org/snapshot/panlex-20191001-csv/187#51064453>		"осми"@mok	
"դիսպրոզիում"@hy	<https://panlex.org/snapshot/panlex-20191001-csv/187#51060997>				<https://panlex.org/snapshot/panlex-20191001-csv/187#51061020>		"диспрози"@mok	
"կալցիում"@hy	<https://panlex.org/snapshot/panlex-20191001-csv/187#51059713>				<https://panlex.org/snapshot/panlex-20191001-csv/187#51059736>		"пургев"@mok	
"անագ"@hy	<https://panlex.org/snapshot/panlex-20191001-csv/187#51066730>				<https://panlex.org/snapshot/panlex-20191001-csv/187#51066753>		"равжа киви"@mok	
"անագ"@hy	<https://panlex.org/snapshot/panlex-20191001-csv/187#51066730>				<https://panlex.org/snapshot/panlex-20191001-csv/187#51066752>		"валдакиви"@mok	
"տեխնեցիում"@hy	<https://panlex.org/snapshot/panlex-20191001-csv/187#51067137>				<https://panlex.org/snapshot/panlex-20191001-csv/187#51067160>		"текнеци"@mok	
"սնդիկ"@hy	<https://panlex.org/snapshot/panlex-20191001-csv/187#51062213>				<https://panlex.org/snapshot/panlex-20191001-csv/187#51062236>		"аериксия"@mok	
"ստրոնցիում"@hy	<https://panlex.org/snapshot/panlex-20191001-csv/187#51066834>				<https://panlex.org/snapshot/panlex-20191001-csv/187#51066857>		"стронти"@mok	
"ակտինիում"@hy	<https://panlex.org/snapshot/panlex-20191001-csv/187#51058308>				<https://panlex.org/snapshot/panlex-20191001-csv/187#51058331>		"актини"@mok	
"կրիպտոն"@hy	<https://panlex.org/snapshot/panlex-20191001-csv/187#51062713>				<https://panlex.org/snapshot/panlex-20191001-csv/187#51062735>		"криптон"@mok	
"թուլիում"@hy	<https://panlex.org/snapshot/panlex-20191001-csv/187#51067643>				<https://panlex.org/snapshot/panlex-20191001-csv/187#51067666>		"тули"@mok	
"հաֆնիում"@hy	<https://panlex.org/snapshot/panlex-20191001-csv/187#51062110>				<https://panlex.org/snapshot/panlex-20191001-csv/187#51062133>		"гафни"@mok	
"նեոն"@hy	<https://panlex.org/snapshot/panlex-20191001-csv/187#51064025>				<https://panlex.org/snapshot/panlex-20191001-csv/187#51064048>		"неон"@mok	
"էրբիում"@hy	<https://panlex.org/snapshot/panlex-20191001-csv/187#51061099>				<https://panlex.org/snapshot/panlex-20191001-csv/187#51061122>		"ерби"@mok	
"պրոմեթիում"@hy	<https://panlex.org/snapshot/panlex-20191001-csv/187#51064837>				<https://panlex.org/snapshot/panlex-20191001-csv/187#51064861>		"промети"@mok	
"ռադիում"@hy	<https://panlex.org/snapshot/panlex-20191001-csv/187#51065343>				<https://panlex.org/snapshot/panlex-20191001-csv/187#51065366>		"ради"@mok	
"մենդելեվիում"@hy	<https://panlex.org/snapshot/panlex-20191001-csv/187#51063221>				<https://panlex.org/snapshot/panlex-20191001-csv/187#51063244>		"менделеви"@mok	
"նիոբիում"@hy	<https://panlex.org/snapshot/panlex-20191001-csv/187#51063821>				<https://panlex.org/snapshot/panlex-20191001-csv/187#51063846>		"ниоби"@mok	
"կադմիում"@hy	<https://panlex.org/snapshot/panlex-20191001-csv/187#51059816>				<https://panlex.org/snapshot/panlex-20191001-csv/187#51059839>		"кадми"@mok	
"պոլոնիում"@hy	<https://panlex.org/snapshot/panlex-20191001-csv/187#51064938>				<https://panlex.org/snapshot/panlex-20191001-csv/187#51064961>		"полони"@mok	
"բերիլիում"@hy	<https://panlex.org/snapshot/panlex-20191001-csv/187#51059216>				<https://panlex.org/snapshot/panlex-20191001-csv/187#51059239>		"берили"@mok	
"կալիֆոռնիում"@hy	<https://panlex.org/snapshot/panlex-20191001-csv/187#51060017>				<https://panlex.org/snapshot/panlex-20191001-csv/187#51060040>		"калифорни"@mok	
"սելեն"@hy	<https://panlex.org/snapshot/panlex-20191001-csv/187#51066334>				<https://panlex.org/snapshot/panlex-20191001-csv/187#51066357>		"селени"@mok	
"կապար"@hy	<https://panlex.org/snapshot/panlex-20191001-csv/187#51064632>				<https://panlex.org/snapshot/panlex-20191001-csv/187#51064654>		"киви"@mok	
"թորիում"@hy	<https://panlex.org/snapshot/panlex-20191001-csv/187#51067338>				<https://panlex.org/snapshot/panlex-20191001-csv/187#51067361>		"тори"@mok	
".երմանիում"@hy	<https://panlex.org/snapshot/panlex-20191001-csv/187#51061908>				<https://panlex.org/snapshot/panlex-20191001-csv/187#51061931>		"германи"@mok	
"էյնչտեյնիում"@hy	<https://panlex.org/snapshot/panlex-20191001-csv/187#51061200>				<https://panlex.org/snapshot/panlex-20191001-csv/187#51061223>		"еинстеини"@mok	
"ռոթենիում"@hy	<https://panlex.org/snapshot/panlex-20191001-csv/187#51066031>				<https://panlex.org/snapshot/panlex-20191001-csv/187#51066054>		"рутени"@mok	
"պալադիում"@hy	<https://panlex.org/snapshot/panlex-20191001-csv/187#51064736>				<https://panlex.org/snapshot/panlex-20191001-csv/187#51064759>		"палади"@mok	
"նեպտունիում"@hy	<https://panlex.org/snapshot/panlex-20191001-csv/187#51064329>				<https://panlex.org/snapshot/panlex-20191001-csv/187#51064352>		"нептуни"@mok	
"կոբալտ"@hy	<https://panlex.org/snapshot/panlex-20191001-csv/187#51060402>				<https://panlex.org/snapshot/panlex-20191001-csv/187#51060425>		"кобгль"@mok	
"քլոր"@hy	<https://panlex.org/snapshot/panlex-20191001-csv/187#51060118>				<https://panlex.org/snapshot/panlex-20191001-csv/187#51060141>		"клора"@mok	
"նրբելինիում"@hy	<https://panlex.org/snapshot/panlex-20191001-csv/187#51064228>				<https://panlex.org/snapshot/panlex-20191001-csv/187#51064251>		"нобели"@mok	
"բերկլիում"@hy	<https://panlex.org/snapshot/panlex-20191001-csv/187#51059510>				<https://panlex.org/snapshot/panlex-20191001-csv/187#51059533>		"беркли"@mok	
"բրոմ"@hy	<https://panlex.org/snapshot/panlex-20191001-csv/187#51059610>				<https://panlex.org/snapshot/panlex-20191001-csv/187#51059633>		"брома"@mok	
"ցեզիում"@hy	<https://panlex.org/snapshot/panlex-20191001-csv/187#51060607>				<https://panlex.org/snapshot/panlex-20191001-csv/187#51060630>		"цези"@mok	
"աստատ"@hy	<https://panlex.org/snapshot/panlex-20191001-csv/187#51058912>				<https://panlex.org/snapshot/panlex-20191001-csv/187#51058935>		"астата"@mok	
"նեոդիում"@hy	<https://panlex.org/snapshot/panlex-20191001-csv/187#51063924>				<https://panlex.org/snapshot/panlex-20191001-csv/187#51063947>		"нодими"@mok	
"ռենիում"@hy	<https://panlex.org/snapshot/panlex-20191001-csv/187#51065545>				<https://panlex.org/snapshot/panlex-20191001-csv/187#51065568>		"рени"@mok	
