"akṛas"@tzm	<https://panlex.org/snapshot/panlex-20191001-csv/2892#110825022>				<https://panlex.org/snapshot/panlex-20191001-csv/2892#110825174>		"арбагӏ"@av	
"asiḍyas"@tzm	<https://panlex.org/snapshot/panlex-20191001-csv/2892#110826184>				<https://panlex.org/snapshot/panlex-20191001-csv/2892#110826274>		"шамат"@av	
"asimwas"@tzm	<https://panlex.org/snapshot/panlex-20191001-csv/2892#110825823>				<https://panlex.org/snapshot/panlex-20191001-csv/2892#110825747>		"рузман"@av	
"ⴰⵢⵏⴰⵙ"@tzm	<https://panlex.org/snapshot/panlex-20191001-csv/2892#110824348>				<https://panlex.org/snapshot/panlex-20191001-csv/2892#110824151>		"итни"@av	
"akwas"@tzm	<https://panlex.org/snapshot/panlex-20191001-csv/2892#110825299>				<https://panlex.org/snapshot/panlex-20191001-csv/2892#110825327>		"хамиз"@av	
"ⴰⴽⵕⴰⵙ"@tzm	<https://panlex.org/snapshot/panlex-20191001-csv/2892#110825107>				<https://panlex.org/snapshot/panlex-20191001-csv/2892#110825174>		"арбагӏ"@av	
"asinas"@tzm	<https://panlex.org/snapshot/panlex-20191001-csv/2892#110824614>				<https://panlex.org/snapshot/panlex-20191001-csv/2892#110824539>		"талат"@av	
"ⴰⴽⵡⴰⵙ"@tzm	<https://panlex.org/snapshot/panlex-20191001-csv/2892#110825637>				<https://panlex.org/snapshot/panlex-20191001-csv/2892#110825327>		"хамиз"@av	
"ⴰⵙⴰⵎⴰⵙ"@tzm	<https://panlex.org/snapshot/panlex-20191001-csv/2892#110826905>				<https://panlex.org/snapshot/panlex-20191001-csv/2892#110826757>		"гьатӏан"@av	
"asamas"@tzm	<https://panlex.org/snapshot/panlex-20191001-csv/2892#110826842>				<https://panlex.org/snapshot/panlex-20191001-csv/2892#110826757>		"гьатӏан"@av	
"ⴰⵙⵉⴹⵢⴰⵙ"@tzm	<https://panlex.org/snapshot/panlex-20191001-csv/2892#110826481>				<https://panlex.org/snapshot/panlex-20191001-csv/2892#110826274>		"шамат"@av	
"aynas"@tzm	<https://panlex.org/snapshot/panlex-20191001-csv/2892#110824358>				<https://panlex.org/snapshot/panlex-20191001-csv/2892#110824151>		"итни"@av	
"ⴰⵙⵉⵎⵡⴰⵙ"@tzm	<https://panlex.org/snapshot/panlex-20191001-csv/2892#110825714>				<https://panlex.org/snapshot/panlex-20191001-csv/2892#110825747>		"рузман"@av	
"ⴰⵙⵉⵏⴰⵙ"@tzm	<https://panlex.org/snapshot/panlex-20191001-csv/2892#110824819>				<https://panlex.org/snapshot/panlex-20191001-csv/2892#110824539>		"талат"@av	
"ⵢⴻⴱⵔⵉⵔ"@tzm	<https://panlex.org/snapshot/panlex-20191001-csv/2897#110828561>				<https://panlex.org/snapshot/panlex-20191001-csv/2897#110828308>		"апрель"@av	
"ɣuct"@tzm	<https://panlex.org/snapshot/panlex-20191001-csv/2897#110830152>				<https://panlex.org/snapshot/panlex-20191001-csv/2897#110830020>		"август"@av	
"yennayer"@tzm	<https://panlex.org/snapshot/panlex-20191001-csv/2897#110827048>				<https://panlex.org/snapshot/panlex-20191001-csv/2897#110827053>		"январь"@av	
"ⵢⵓⵏⵢⵓ"@tzm	<https://panlex.org/snapshot/panlex-20191001-csv/2897#110829208>				<https://panlex.org/snapshot/panlex-20191001-csv/2897#110829387>		"июнь"@av	
"fuṛar"@tzm	<https://panlex.org/snapshot/panlex-20191001-csv/2897#110827702>				<https://panlex.org/snapshot/panlex-20191001-csv/2897#110827633>		"февраль"@av	
"ⵛⵟⴰⵎⴱⴻⵕ"@tzm	<https://panlex.org/snapshot/panlex-20191001-csv/2897#110830420>				<https://panlex.org/snapshot/panlex-20191001-csv/2897#110830569>		"сентябрь"@av	
"dujambeṛ"@tzm	<https://panlex.org/snapshot/panlex-20191001-csv/2897#110831656>				<https://panlex.org/snapshot/panlex-20191001-csv/2897#110831708>		"декабрь"@av	
"wambeṛ"@tzm	<https://panlex.org/snapshot/panlex-20191001-csv/2897#110831452>				<https://panlex.org/snapshot/panlex-20191001-csv/2897#110831423>		"ноябрь"@av	
"yulyu"@tzm	<https://panlex.org/snapshot/panlex-20191001-csv/2897#110829642>				<https://panlex.org/snapshot/panlex-20191001-csv/2897#110829560>		"июль"@av	
"ⵢⴻⵏⵏⴰⵢⴻⵔ"@tzm	<https://panlex.org/snapshot/panlex-20191001-csv/2897#110827243>				<https://panlex.org/snapshot/panlex-20191001-csv/2897#110827053>		"январь"@av	
"tubeṛ"@tzm	<https://panlex.org/snapshot/panlex-20191001-csv/2897#110830840>				<https://panlex.org/snapshot/panlex-20191001-csv/2897#110830890>		"октябрь"@av	
"ⴼⵓⵕⴰⵔ"@tzm	<https://panlex.org/snapshot/panlex-20191001-csv/2897#110827476>				<https://panlex.org/snapshot/panlex-20191001-csv/2897#110827633>		"февраль"@av	
"ⵢⴻⴱⵔⵉⵍ"@tzm	<https://panlex.org/snapshot/panlex-20191001-csv/2897#110828633>				<https://panlex.org/snapshot/panlex-20191001-csv/2897#110828308>		"апрель"@av	
"mayu"@tzm	<https://panlex.org/snapshot/panlex-20191001-csv/2897#110829042>				<https://panlex.org/snapshot/panlex-20191001-csv/2897#110828861>		"май"@av	
"ⵜⵓⴱⴻⵕ"@tzm	<https://panlex.org/snapshot/panlex-20191001-csv/2897#110830843>				<https://panlex.org/snapshot/panlex-20191001-csv/2897#110830890>		"октябрь"@av	
"ⵡⴰⵎⴱⴻⵕ"@tzm	<https://panlex.org/snapshot/panlex-20191001-csv/2897#110831505>				<https://panlex.org/snapshot/panlex-20191001-csv/2897#110831423>		"ноябрь"@av	
"yebrir"@tzm	<https://panlex.org/snapshot/panlex-20191001-csv/2897#110828498>				<https://panlex.org/snapshot/panlex-20191001-csv/2897#110828308>		"апрель"@av	
"ⵢⵓⵍⵢⵓ"@tzm	<https://panlex.org/snapshot/panlex-20191001-csv/2897#110829850>				<https://panlex.org/snapshot/panlex-20191001-csv/2897#110829560>		"июль"@av	
"cṭambeṛ"@tzm	<https://panlex.org/snapshot/panlex-20191001-csv/2897#110830686>				<https://panlex.org/snapshot/panlex-20191001-csv/2897#110830569>		"сентябрь"@av	
"meɣres"@tzm	<https://panlex.org/snapshot/panlex-20191001-csv/2897#110828167>				<https://panlex.org/snapshot/panlex-20191001-csv/2897#110827935>		"март"@av	
"yunyu"@tzm	<https://panlex.org/snapshot/panlex-20191001-csv/2897#110829189>				<https://panlex.org/snapshot/panlex-20191001-csv/2897#110829387>		"июнь"@av	
"yebril"@tzm	<https://panlex.org/snapshot/panlex-20191001-csv/2897#110828433>				<https://panlex.org/snapshot/panlex-20191001-csv/2897#110828308>		"апрель"@av	
"ⵖⵓⵛⵜ"@tzm	<https://panlex.org/snapshot/panlex-20191001-csv/2897#110829899>				<https://panlex.org/snapshot/panlex-20191001-csv/2897#110830020>		"август"@av	
"ⴷⵓⵊⴰⵎⴱⴻⵕ"@tzm	<https://panlex.org/snapshot/panlex-20191001-csv/2897#110831676>				<https://panlex.org/snapshot/panlex-20191001-csv/2897#110831708>		"декабрь"@av	
"ⵎⴰⵢⵓ"@tzm	<https://panlex.org/snapshot/panlex-20191001-csv/2897#110828936>				<https://panlex.org/snapshot/panlex-20191001-csv/2897#110828861>		"май"@av	
"ⵎⴻⵖⵔⴻⵙ"@tzm	<https://panlex.org/snapshot/panlex-20191001-csv/2897#110828243>				<https://panlex.org/snapshot/panlex-20191001-csv/2897#110827935>		"март"@av	
