"akṛas"@tzm	<https://panlex.org/snapshot/panlex-20191001-csv/2892#110825022>				<https://panlex.org/snapshot/panlex-20191001-csv/2892#110824860>		"mittewoche"@gmh	
"asiḍyas"@tzm	<https://panlex.org/snapshot/panlex-20191001-csv/2892#110826184>				<https://panlex.org/snapshot/panlex-20191001-csv/2892#110826191>		"sambaztac"@gmh	
"asiḍyas"@tzm	<https://panlex.org/snapshot/panlex-20191001-csv/2892#110826184>				<https://panlex.org/snapshot/panlex-20191001-csv/2892#110826157>		"ſambaztac"@gmh	
"asimwas"@tzm	<https://panlex.org/snapshot/panlex-20191001-csv/2892#110825823>				<https://panlex.org/snapshot/panlex-20191001-csv/2892#110826113>		"vritac"@gmh	
"ⴰⵢⵏⴰⵙ"@tzm	<https://panlex.org/snapshot/panlex-20191001-csv/2892#110824348>				<https://panlex.org/snapshot/panlex-20191001-csv/2892#110824195>		"manetac"@gmh	
"akwas"@tzm	<https://panlex.org/snapshot/panlex-20191001-csv/2892#110825299>				<https://panlex.org/snapshot/panlex-20191001-csv/2892#110825494>		"donarstac"@gmh	
"ⴰⴽⵕⴰⵙ"@tzm	<https://panlex.org/snapshot/panlex-20191001-csv/2892#110825107>				<https://panlex.org/snapshot/panlex-20191001-csv/2892#110824860>		"mittewoche"@gmh	
"asinas"@tzm	<https://panlex.org/snapshot/panlex-20191001-csv/2892#110824614>				<https://panlex.org/snapshot/panlex-20191001-csv/2892#110824563>		"ziestac"@gmh	
"ⴰⴽⵡⴰⵙ"@tzm	<https://panlex.org/snapshot/panlex-20191001-csv/2892#110825637>				<https://panlex.org/snapshot/panlex-20191001-csv/2892#110825494>		"donarstac"@gmh	
"ⴰⵙⴰⵎⴰⵙ"@tzm	<https://panlex.org/snapshot/panlex-20191001-csv/2892#110826905>				<https://panlex.org/snapshot/panlex-20191001-csv/2892#110826734>		"ſunnuntac"@gmh	
"ⴰⵙⴰⵎⴰⵙ"@tzm	<https://panlex.org/snapshot/panlex-20191001-csv/2892#110826905>				<https://panlex.org/snapshot/panlex-20191001-csv/2892#110826843>		"sunnuntac"@gmh	
"asamas"@tzm	<https://panlex.org/snapshot/panlex-20191001-csv/2892#110826842>				<https://panlex.org/snapshot/panlex-20191001-csv/2892#110826734>		"ſunnuntac"@gmh	
"asamas"@tzm	<https://panlex.org/snapshot/panlex-20191001-csv/2892#110826842>				<https://panlex.org/snapshot/panlex-20191001-csv/2892#110826843>		"sunnuntac"@gmh	
"ⴰⵙⵉⴹⵢⴰⵙ"@tzm	<https://panlex.org/snapshot/panlex-20191001-csv/2892#110826481>				<https://panlex.org/snapshot/panlex-20191001-csv/2892#110826191>		"sambaztac"@gmh	
"ⴰⵙⵉⴹⵢⴰⵙ"@tzm	<https://panlex.org/snapshot/panlex-20191001-csv/2892#110826481>				<https://panlex.org/snapshot/panlex-20191001-csv/2892#110826157>		"ſambaztac"@gmh	
"aynas"@tzm	<https://panlex.org/snapshot/panlex-20191001-csv/2892#110824358>				<https://panlex.org/snapshot/panlex-20191001-csv/2892#110824195>		"manetac"@gmh	
"ⴰⵙⵉⵎⵡⴰⵙ"@tzm	<https://panlex.org/snapshot/panlex-20191001-csv/2892#110825714>				<https://panlex.org/snapshot/panlex-20191001-csv/2892#110826113>		"vritac"@gmh	
"ⴰⵙⵉⵏⴰⵙ"@tzm	<https://panlex.org/snapshot/panlex-20191001-csv/2892#110824819>				<https://panlex.org/snapshot/panlex-20191001-csv/2892#110824563>		"ziestac"@gmh	
