"akṛas"@tzm	<https://panlex.org/snapshot/panlex-20191001-csv/2892#110825022>				<https://panlex.org/snapshot/panlex-20191001-csv/2892#110824976>		"keskiviikko"@fkv	
"asiḍyas"@tzm	<https://panlex.org/snapshot/panlex-20191001-csv/2892#110826184>				<https://panlex.org/snapshot/panlex-20191001-csv/2892#110826269>		"lauvantai"@fkv	
"asimwas"@tzm	<https://panlex.org/snapshot/panlex-20191001-csv/2892#110825823>				<https://panlex.org/snapshot/panlex-20191001-csv/2892#110825772>		"perjantai"@fkv	
"ⴰⵢⵏⴰⵙ"@tzm	<https://panlex.org/snapshot/panlex-20191001-csv/2892#110824348>				<https://panlex.org/snapshot/panlex-20191001-csv/2892#110824389>		"maanantai"@fkv	
"akwas"@tzm	<https://panlex.org/snapshot/panlex-20191001-csv/2892#110825299>				<https://panlex.org/snapshot/panlex-20191001-csv/2892#110825686>		"tuorestai"@fkv	
"ⴰⴽⵕⴰⵙ"@tzm	<https://panlex.org/snapshot/panlex-20191001-csv/2892#110825107>				<https://panlex.org/snapshot/panlex-20191001-csv/2892#110824976>		"keskiviikko"@fkv	
"asinas"@tzm	<https://panlex.org/snapshot/panlex-20191001-csv/2892#110824614>				<https://panlex.org/snapshot/panlex-20191001-csv/2892#110824473>		"tiistai"@fkv	
"ⴰⴽⵡⴰⵙ"@tzm	<https://panlex.org/snapshot/panlex-20191001-csv/2892#110825637>				<https://panlex.org/snapshot/panlex-20191001-csv/2892#110825686>		"tuorestai"@fkv	
"ⴰⵙⴰⵎⴰⵙ"@tzm	<https://panlex.org/snapshot/panlex-20191001-csv/2892#110826905>				<https://panlex.org/snapshot/panlex-20191001-csv/2892#110826912>		"sunnuntai"@fkv	
"asamas"@tzm	<https://panlex.org/snapshot/panlex-20191001-csv/2892#110826842>				<https://panlex.org/snapshot/panlex-20191001-csv/2892#110826912>		"sunnuntai"@fkv	
"ⴰⵙⵉⴹⵢⴰⵙ"@tzm	<https://panlex.org/snapshot/panlex-20191001-csv/2892#110826481>				<https://panlex.org/snapshot/panlex-20191001-csv/2892#110826269>		"lauvantai"@fkv	
"aynas"@tzm	<https://panlex.org/snapshot/panlex-20191001-csv/2892#110824358>				<https://panlex.org/snapshot/panlex-20191001-csv/2892#110824389>		"maanantai"@fkv	
"ⴰⵙⵉⵎⵡⴰⵙ"@tzm	<https://panlex.org/snapshot/panlex-20191001-csv/2892#110825714>				<https://panlex.org/snapshot/panlex-20191001-csv/2892#110825772>		"perjantai"@fkv	
"ⴰⵙⵉⵏⴰⵙ"@tzm	<https://panlex.org/snapshot/panlex-20191001-csv/2892#110824819>				<https://panlex.org/snapshot/panlex-20191001-csv/2892#110824473>		"tiistai"@fkv	
"ⵢⴻⴱⵔⵉⵔ"@tzm	<https://panlex.org/snapshot/panlex-20191001-csv/2897#110828561>				<https://panlex.org/snapshot/panlex-20191001-csv/2897#110828530>		"aprillikuu"@fkv	
"ɣuct"@tzm	<https://panlex.org/snapshot/panlex-20191001-csv/2897#110830152>				<https://panlex.org/snapshot/panlex-20191001-csv/2897#110830009>		"aukustikuu"@fkv	
"yennayer"@tzm	<https://panlex.org/snapshot/panlex-20191001-csv/2897#110827048>				<https://panlex.org/snapshot/panlex-20191001-csv/2897#110827183>		"januaarikuu"@fkv	
"ⵢⵓⵏⵢⵓ"@tzm	<https://panlex.org/snapshot/panlex-20191001-csv/2897#110829208>				<https://panlex.org/snapshot/panlex-20191001-csv/2897#110829077>		"juunikuu"@fkv	
"fuṛar"@tzm	<https://panlex.org/snapshot/panlex-20191001-csv/2897#110827702>				<https://panlex.org/snapshot/panlex-20191001-csv/2897#110827736>		"fepruaarikuu"@fkv	
"ⵛⵟⴰⵎⴱⴻⵕ"@tzm	<https://panlex.org/snapshot/panlex-20191001-csv/2897#110830420>				<https://panlex.org/snapshot/panlex-20191001-csv/2897#110830393>		"septemperikuu"@fkv	
"dujambeṛ"@tzm	<https://panlex.org/snapshot/panlex-20191001-csv/2897#110831656>				<https://panlex.org/snapshot/panlex-20191001-csv/2897#110831640>		"desemperikuu"@fkv	
"wambeṛ"@tzm	<https://panlex.org/snapshot/panlex-20191001-csv/2897#110831452>				<https://panlex.org/snapshot/panlex-20191001-csv/2897#110831198>		"novemperikuu"@fkv	
"yulyu"@tzm	<https://panlex.org/snapshot/panlex-20191001-csv/2897#110829642>				<https://panlex.org/snapshot/panlex-20191001-csv/2897#110829540>		"juulikuu"@fkv	
"ⵢⴻⵏⵏⴰⵢⴻⵔ"@tzm	<https://panlex.org/snapshot/panlex-20191001-csv/2897#110827243>				<https://panlex.org/snapshot/panlex-20191001-csv/2897#110827183>		"januaarikuu"@fkv	
"tubeṛ"@tzm	<https://panlex.org/snapshot/panlex-20191001-csv/2897#110830840>				<https://panlex.org/snapshot/panlex-20191001-csv/2897#110830920>		"oktooperikuu"@fkv	
"ⴼⵓⵕⴰⵔ"@tzm	<https://panlex.org/snapshot/panlex-20191001-csv/2897#110827476>				<https://panlex.org/snapshot/panlex-20191001-csv/2897#110827736>		"fepruaarikuu"@fkv	
"ⵢⴻⴱⵔⵉⵍ"@tzm	<https://panlex.org/snapshot/panlex-20191001-csv/2897#110828633>				<https://panlex.org/snapshot/panlex-20191001-csv/2897#110828530>		"aprillikuu"@fkv	
"mayu"@tzm	<https://panlex.org/snapshot/panlex-20191001-csv/2897#110829042>				<https://panlex.org/snapshot/panlex-20191001-csv/2897#110828889>		"maikuu"@fkv	
"ⵜⵓⴱⴻⵕ"@tzm	<https://panlex.org/snapshot/panlex-20191001-csv/2897#110830843>				<https://panlex.org/snapshot/panlex-20191001-csv/2897#110830920>		"oktooperikuu"@fkv	
"ⵡⴰⵎⴱⴻⵕ"@tzm	<https://panlex.org/snapshot/panlex-20191001-csv/2897#110831505>				<https://panlex.org/snapshot/panlex-20191001-csv/2897#110831198>		"novemperikuu"@fkv	
"yebrir"@tzm	<https://panlex.org/snapshot/panlex-20191001-csv/2897#110828498>				<https://panlex.org/snapshot/panlex-20191001-csv/2897#110828530>		"aprillikuu"@fkv	
"ⵢⵓⵍⵢⵓ"@tzm	<https://panlex.org/snapshot/panlex-20191001-csv/2897#110829850>				<https://panlex.org/snapshot/panlex-20191001-csv/2897#110829540>		"juulikuu"@fkv	
"cṭambeṛ"@tzm	<https://panlex.org/snapshot/panlex-20191001-csv/2897#110830686>				<https://panlex.org/snapshot/panlex-20191001-csv/2897#110830393>		"septemperikuu"@fkv	
"meɣres"@tzm	<https://panlex.org/snapshot/panlex-20191001-csv/2897#110828167>				<https://panlex.org/snapshot/panlex-20191001-csv/2897#110828031>		"marsikuu"@fkv	
"yunyu"@tzm	<https://panlex.org/snapshot/panlex-20191001-csv/2897#110829189>				<https://panlex.org/snapshot/panlex-20191001-csv/2897#110829077>		"juunikuu"@fkv	
"yebril"@tzm	<https://panlex.org/snapshot/panlex-20191001-csv/2897#110828433>				<https://panlex.org/snapshot/panlex-20191001-csv/2897#110828530>		"aprillikuu"@fkv	
"ⵖⵓⵛⵜ"@tzm	<https://panlex.org/snapshot/panlex-20191001-csv/2897#110829899>				<https://panlex.org/snapshot/panlex-20191001-csv/2897#110830009>		"aukustikuu"@fkv	
"ⴷⵓⵊⴰⵎⴱⴻⵕ"@tzm	<https://panlex.org/snapshot/panlex-20191001-csv/2897#110831676>				<https://panlex.org/snapshot/panlex-20191001-csv/2897#110831640>		"desemperikuu"@fkv	
"ⵎⴰⵢⵓ"@tzm	<https://panlex.org/snapshot/panlex-20191001-csv/2897#110828936>				<https://panlex.org/snapshot/panlex-20191001-csv/2897#110828889>		"maikuu"@fkv	
"ⵎⴻⵖⵔⴻⵙ"@tzm	<https://panlex.org/snapshot/panlex-20191001-csv/2897#110828243>				<https://panlex.org/snapshot/panlex-20191001-csv/2897#110828031>		"marsikuu"@fkv	
