"or̃g"@ekk	<https://panlex.org/snapshot/panlex-20191001-csv/1573#50084532>				<https://panlex.org/snapshot/panlex-20191001-csv/1573#50084508>		"ʼsac̷ayəḳ"@cjh	
"or̃g"@ekk	<https://panlex.org/snapshot/panlex-20191001-csv/1573#50084532>				<https://panlex.org/snapshot/panlex-20191001-csv/1573#50084507>		"ʼmaḳʷam-"@cjh	
"yær̃w"@ekk	<https://panlex.org/snapshot/panlex-20191001-csv/1573#50086938>				<https://panlex.org/snapshot/panlex-20191001-csv/1573#50086914>		"ʼc̷alaʔɬ-"@cjh	
"yəgi"@ekk	<https://panlex.org/snapshot/panlex-20191001-csv/1573#50088305>				<https://panlex.org/snapshot/panlex-20191001-csv/1573#50088263>		"ʼnəxʷ-"@cjh	
"yəgi"@ekk	<https://panlex.org/snapshot/panlex-20191001-csv/1573#50088305>				<https://panlex.org/snapshot/panlex-20191001-csv/1573#50088264>		"ʼḳāʔ"@cjh	
"yəgi"@ekk	<https://panlex.org/snapshot/panlex-20191001-csv/1573#50088305>				<https://panlex.org/snapshot/panlex-20191001-csv/1573#50088262>		"ʼc̷apaš-"@cjh	
"kaew"@ekk	<https://panlex.org/snapshot/panlex-20191001-csv/1573#50088927>				<https://panlex.org/snapshot/panlex-20191001-csv/1573#50088897>		"ʼḳāʔ"@cjh	
"kaew"@ekk	<https://panlex.org/snapshot/panlex-20191001-csv/1573#50088927>				<https://panlex.org/snapshot/panlex-20191001-csv/1573#50088896>		"ʼc̷iḳʷi-"@cjh	
"oya"@ekk	<https://panlex.org/snapshot/panlex-20191001-csv/1573#50088304>				<https://panlex.org/snapshot/panlex-20191001-csv/1573#50088263>		"ʼnəxʷ-"@cjh	
"oya"@ekk	<https://panlex.org/snapshot/panlex-20191001-csv/1573#50088304>				<https://panlex.org/snapshot/panlex-20191001-csv/1573#50088264>		"ʼḳāʔ"@cjh	
"oya"@ekk	<https://panlex.org/snapshot/panlex-20191001-csv/1573#50088304>				<https://panlex.org/snapshot/panlex-20191001-csv/1573#50088262>		"ʼc̷apaš-"@cjh	
"kosk"@ekk	<https://panlex.org/snapshot/panlex-20191001-csv/1573#50089505>				<https://panlex.org/snapshot/panlex-20191001-csv/1573#50089488>		"ʼpup-"@cjh	
"puu"@ekk	<https://panlex.org/snapshot/panlex-20191001-csv/1573#50090002>				<https://panlex.org/snapshot/panlex-20191001-csv/1573#50089978>		"ʼtɬˀəš-tɬˀaš-"@cjh	
"yuga"@ekk	<https://panlex.org/snapshot/panlex-20191001-csv/1573#50089506>				<https://panlex.org/snapshot/panlex-20191001-csv/1573#50089488>		"ʼpup-"@cjh	
"pæike"@ekk	<https://panlex.org/snapshot/panlex-20191001-csv/1573#50091355>				<https://panlex.org/snapshot/panlex-20191001-csv/1573#50091333>		"ɬuʼkʷaɬ"@cjh	
"weekeer̃is"@ekk	<https://panlex.org/snapshot/panlex-20191001-csv/1573#50088683>				<https://panlex.org/snapshot/panlex-20191001-csv/1573#50088662>		"ʼpˀalkʷˀ"@cjh	
"tolm"@ekk	<https://panlex.org/snapshot/panlex-20191001-csv/1573#50082670>				<https://panlex.org/snapshot/panlex-20191001-csv/1573#50082650>		"tɬˀəʼsəḳʷ-"@cjh	
"mægi"@ekk	<https://panlex.org/snapshot/panlex-20191001-csv/1573#50083537>				<https://panlex.org/snapshot/panlex-20191001-csv/1573#50083501>		"ʼmaniči-"@cjh	
"mægi"@ekk	<https://panlex.org/snapshot/panlex-20191001-csv/1573#50083537>				<https://panlex.org/snapshot/panlex-20191001-csv/1573#50083502>		"ʼməkʷˀ-"@cjh	
"məən"@ekk	<https://panlex.org/snapshot/panlex-20191001-csv/1573#50087977>				<https://panlex.org/snapshot/panlex-20191001-csv/1573#50087973>		"ʼnamiyḳ"@cjh	
"puit"@ekk	<https://panlex.org/snapshot/panlex-20191001-csv/1573#50090254>				<https://panlex.org/snapshot/panlex-20191001-csv/1573#50090226>		"ʼtɬˀəš-tɬˀaš-"@cjh	
"maa"@ekk	<https://panlex.org/snapshot/panlex-20191001-csv/1573#50082040>				<https://panlex.org/snapshot/panlex-20191001-csv/1573#50082011>		"təʼmiš-"@cjh	
"mer̃i"@ekk	<https://panlex.org/snapshot/panlex-20191001-csv/1573#50085955>				<https://panlex.org/snapshot/panlex-20191001-csv/1573#50085934>		"ʼḳiwal-"@cjh	
"maailm"@ekk	<https://panlex.org/snapshot/panlex-20191001-csv/1573#50081768>				<https://panlex.org/snapshot/panlex-20191001-csv/1573#50081745>		"təʼmiš-"@cjh	
"mets"@ekk	<https://panlex.org/snapshot/panlex-20191001-csv/1573#50089710>				<https://panlex.org/snapshot/panlex-20191001-csv/1573#50089685>		"ʼyamac̷-"@cjh	
"mets"@ekk	<https://panlex.org/snapshot/panlex-20191001-csv/1573#50089710>				<https://panlex.org/snapshot/panlex-20191001-csv/1573#50089686>		"ʼχatɬˀ"@cjh	
"mets"@ekk	<https://panlex.org/snapshot/panlex-20191001-csv/1573#50089710>				<https://panlex.org/snapshot/panlex-20191001-csv/1573#50089687>		"χaʼsiɬšin-"@cjh	
"læte"@ekk	<https://panlex.org/snapshot/panlex-20191001-csv/1573#50088928>				<https://panlex.org/snapshot/panlex-20191001-csv/1573#50088897>		"ʼḳāʔ"@cjh	
"læte"@ekk	<https://panlex.org/snapshot/panlex-20191001-csv/1573#50088928>				<https://panlex.org/snapshot/panlex-20191001-csv/1573#50088896>		"ʼc̷iḳʷi-"@cjh	
"laine"@ekk	<https://panlex.org/snapshot/panlex-20191001-csv/1573#50087686>				<https://panlex.org/snapshot/panlex-20191001-csv/1573#50087664>		"ʼʔamaniʔ"@cjh	
"maapind"@ekk	<https://panlex.org/snapshot/panlex-20191001-csv/1573#50082357>				<https://panlex.org/snapshot/panlex-20191001-csv/1573#50082334>		"təʼmiš-"@cjh	
"kallas"@ekk	<https://panlex.org/snapshot/panlex-20191001-csv/1573#50085141>				<https://panlex.org/snapshot/panlex-20191001-csv/1573#50085110>		"ʼyəl-"@cjh	
"kallas"@ekk	<https://panlex.org/snapshot/panlex-20191001-csv/1573#50085141>				<https://panlex.org/snapshot/panlex-20191001-csv/1573#50085111>		"ʼšəm-"@cjh	
"kallas"@ekk	<https://panlex.org/snapshot/panlex-20191001-csv/1573#50085141>				<https://panlex.org/snapshot/panlex-20191001-csv/1573#50085109>		"tˀəmš-"@cjh	
"wesi"@ekk	<https://panlex.org/snapshot/panlex-20191001-csv/1573#50085702>				<https://panlex.org/snapshot/panlex-20191001-csv/1573#50085678>		"ʼḳāʔ"@cjh	
"koobas"@ekk	<https://panlex.org/snapshot/panlex-20191001-csv/1573#50085454>				<https://panlex.org/snapshot/panlex-20191001-csv/1573#50085435>		"ʔac̷ʼkʷˀalaxʷɬ"@cjh	
"muda"@ekk	<https://panlex.org/snapshot/panlex-20191001-csv/1573#50082956>				<https://panlex.org/snapshot/panlex-20191001-csv/1573#50082923>		"ḳˀaʼχayˀ-"@cjh	
"kiwi"@ekk	<https://panlex.org/snapshot/panlex-20191001-csv/1573#50090553>				<https://panlex.org/snapshot/panlex-20191001-csv/1573#50090518>		"paʼtalan-"@cjh	
"kiwi"@ekk	<https://panlex.org/snapshot/panlex-20191001-csv/1573#50090553>				<https://panlex.org/snapshot/panlex-20191001-csv/1573#50090520>		"ʼtawˀ"@cjh	
"kiwi"@ekk	<https://panlex.org/snapshot/panlex-20191001-csv/1573#50090553>				<https://panlex.org/snapshot/panlex-20191001-csv/1573#50090519>		"ʼsəwin-"@cjh	
"tasandik"@ekk	<https://panlex.org/snapshot/panlex-20191001-csv/1573#50084227>				<https://panlex.org/snapshot/panlex-20191001-csv/1573#50084191>		"ʼmaḳʷam-"@cjh	
"waht"@ekk	<https://panlex.org/snapshot/panlex-20191001-csv/1573#50086524>				<https://panlex.org/snapshot/panlex-20191001-csv/1573#50086506>		"ʼpayin-"@cjh	
"təus ja məən"@ekk	<https://panlex.org/snapshot/panlex-20191001-csv/1573#50087883>				<https://panlex.org/snapshot/panlex-20191001-csv/1573#50087876>		"ʼšāptc̷in"@cjh	
"təus ja məən"@ekk	<https://panlex.org/snapshot/panlex-20191001-csv/1573#50087883>				<https://panlex.org/snapshot/panlex-20191001-csv/1573#50087877>		"χəʼpi-"@cjh	
"liiw"@ekk	<https://panlex.org/snapshot/panlex-20191001-csv/1573#50083231>				<https://panlex.org/snapshot/panlex-20191001-csv/1573#50083210>		"c̷ˀaʼχæʔs"@cjh	
"allikas"@ekk	<https://panlex.org/snapshot/panlex-20191001-csv/1573#50088926>				<https://panlex.org/snapshot/panlex-20191001-csv/1573#50088897>		"ʼḳāʔ"@cjh	
"allikas"@ekk	<https://panlex.org/snapshot/panlex-20191001-csv/1573#50088926>				<https://panlex.org/snapshot/panlex-20191001-csv/1573#50088896>		"ʼc̷iḳʷi-"@cjh	
"kalyu"@ekk	<https://panlex.org/snapshot/panlex-20191001-csv/1573#50090552>				<https://panlex.org/snapshot/panlex-20191001-csv/1573#50090518>		"paʼtalan-"@cjh	
"kalyu"@ekk	<https://panlex.org/snapshot/panlex-20191001-csv/1573#50090552>				<https://panlex.org/snapshot/panlex-20191001-csv/1573#50090520>		"ʼtawˀ"@cjh	
"kalyu"@ekk	<https://panlex.org/snapshot/panlex-20191001-csv/1573#50090552>				<https://panlex.org/snapshot/panlex-20191001-csv/1573#50090519>		"ʼsəwin-"@cjh	
"kalyu"@ekk	<https://panlex.org/snapshot/panlex-20191001-csv/1573#50083929>				<https://panlex.org/snapshot/panlex-20191001-csv/1573#50083899>		"saʼḳˀilalḳʷˀt"@cjh	
"pəld"@ekk	<https://panlex.org/snapshot/panlex-20191001-csv/1573#50084226>				<https://panlex.org/snapshot/panlex-20191001-csv/1573#50084191>		"ʼmaḳʷam-"@cjh	
"laht"@ekk	<https://panlex.org/snapshot/panlex-20191001-csv/1573#50087137>				<https://panlex.org/snapshot/panlex-20191001-csv/1573#50087124>		"ʼḳiwal-"@cjh	
"saar̃"@ekk	<https://panlex.org/snapshot/panlex-20191001-csv/1573#50084744>				<https://panlex.org/snapshot/panlex-20191001-csv/1573#50084726>		"tˀaʼčǣʔ"@cjh	
"maawær̃in"@ekk	<https://panlex.org/snapshot/panlex-20191001-csv/1573#50090903>				<https://panlex.org/snapshot/panlex-20191001-csv/1573#50090883>		"yaʼḳʷa-"@cjh	
"r̃and"@ekk	<https://panlex.org/snapshot/panlex-20191001-csv/1573#50085142>				<https://panlex.org/snapshot/panlex-20191001-csv/1573#50085110>		"ʼyəl-"@cjh	
"r̃and"@ekk	<https://panlex.org/snapshot/panlex-20191001-csv/1573#50085142>				<https://panlex.org/snapshot/panlex-20191001-csv/1573#50085111>		"ʼšəm-"@cjh	
"r̃and"@ekk	<https://panlex.org/snapshot/panlex-20191001-csv/1573#50085142>				<https://panlex.org/snapshot/panlex-20191001-csv/1573#50085109>		"tˀəmš-"@cjh	
"taewas"@ekk	<https://panlex.org/snapshot/panlex-20191001-csv/1573#50091110>				<https://panlex.org/snapshot/panlex-20191001-csv/1573#50091082>		"ɬt-"@cjh	
"təus"@ekk	<https://panlex.org/snapshot/panlex-20191001-csv/1573#50088085>				<https://panlex.org/snapshot/panlex-20191001-csv/1573#50088080>		"taʼwǣlˀs"@cjh	
"soo"@ekk	<https://panlex.org/snapshot/panlex-20191001-csv/1573#50089263>				<https://panlex.org/snapshot/panlex-20191001-csv/1573#50089237>		"ʼpaɬχn-"@cjh	
"ookean"@ekk	<https://panlex.org/snapshot/panlex-20191001-csv/1573#50086736>				<https://panlex.org/snapshot/panlex-20191001-csv/1573#50086715>		"ʼḳiwal-"@cjh	
