"or̃g"@ekk	<https://panlex.org/snapshot/panlex-20191001-csv/1573#50084532>				<https://panlex.org/snapshot/panlex-20191001-csv/1573#50084511>		"sĩhɨ̃kʰɨ"@con	
"yær̃w"@ekk	<https://panlex.org/snapshot/panlex-20191001-csv/1573#50086938>				<https://panlex.org/snapshot/panlex-20191001-csv/1573#50086918>		"ʼsĩgɨʔkʰɨ"@con	
"yəgi"@ekk	<https://panlex.org/snapshot/panlex-20191001-csv/1573#50088305>				<https://panlex.org/snapshot/panlex-20191001-csv/1573#50088272>		"naʔe"@con	
"yəgi"@ekk	<https://panlex.org/snapshot/panlex-20191001-csv/1573#50088305>				<https://panlex.org/snapshot/panlex-20191001-csv/1573#50088271>		"naiʔki"@con	
"yəgi"@ekk	<https://panlex.org/snapshot/panlex-20191001-csv/1573#50088305>				<https://panlex.org/snapshot/panlex-20191001-csv/1573#50088270>		"aiʔhe"@con	
"kaew"@ekk	<https://panlex.org/snapshot/panlex-20191001-csv/1573#50088927>				<https://panlex.org/snapshot/panlex-20191001-csv/1573#50088901>		"c̷aʔkʰɨ sõboʔtʰi"@con	
"oya"@ekk	<https://panlex.org/snapshot/panlex-20191001-csv/1573#50088304>				<https://panlex.org/snapshot/panlex-20191001-csv/1573#50088272>		"naʔe"@con	
"oya"@ekk	<https://panlex.org/snapshot/panlex-20191001-csv/1573#50088304>				<https://panlex.org/snapshot/panlex-20191001-csv/1573#50088271>		"naiʔki"@con	
"oya"@ekk	<https://panlex.org/snapshot/panlex-20191001-csv/1573#50088304>				<https://panlex.org/snapshot/panlex-20191001-csv/1573#50088270>		"aiʔhe"@con	
"manner̃"@ekk	<https://panlex.org/snapshot/panlex-20191001-csv/1573#50084946>				<https://panlex.org/snapshot/panlex-20191001-csv/1573#50084932>		"ãde"@con	
"kosk"@ekk	<https://panlex.org/snapshot/panlex-20191001-csv/1573#50089505>				<https://panlex.org/snapshot/panlex-20191001-csv/1573#50089492>		"õtɨhɨ̃kʰɨ"@con	
"puu"@ekk	<https://panlex.org/snapshot/panlex-20191001-csv/1573#50090002>				<https://panlex.org/snapshot/panlex-20191001-csv/1573#50089982>		"ʼkiniʔ-kʰo"@con	
"yuga"@ekk	<https://panlex.org/snapshot/panlex-20191001-csv/1573#50089506>				<https://panlex.org/snapshot/panlex-20191001-csv/1573#50089492>		"õtɨhɨ̃kʰɨ"@con	
"pæike"@ekk	<https://panlex.org/snapshot/panlex-20191001-csv/1573#50091355>				<https://panlex.org/snapshot/panlex-20191001-csv/1573#50091338>		"čiɣa"@con	
"pæike"@ekk	<https://panlex.org/snapshot/panlex-20191001-csv/1573#50091355>				<https://panlex.org/snapshot/panlex-20191001-csv/1573#50091337>		"koehe čiɣa"@con	
"weekeer̃is"@ekk	<https://panlex.org/snapshot/panlex-20191001-csv/1573#50088683>				<https://panlex.org/snapshot/panlex-20191001-csv/1573#50088666>		"Φẽc̷ĩdakʰɨ"@con	
"tolm"@ekk	<https://panlex.org/snapshot/panlex-20191001-csv/1573#50082670>				<https://panlex.org/snapshot/panlex-20191001-csv/1573#50082654>		"ʼãdeʔsɨ kʰɨʼtʰopaʔsɨ"@con	
"mægi"@ekk	<https://panlex.org/snapshot/panlex-20191001-csv/1573#50083537>				<https://panlex.org/snapshot/panlex-20191001-csv/1573#50083507>		"ʼkʰotʰaʔkʰo"@con	
"puit"@ekk	<https://panlex.org/snapshot/panlex-20191001-csv/1573#50090254>				<https://panlex.org/snapshot/panlex-20191001-csv/1573#50090230>		"ʼkiniʔ-kʰo"@con	
"maa"@ekk	<https://panlex.org/snapshot/panlex-20191001-csv/1573#50082040>				<https://panlex.org/snapshot/panlex-20191001-csv/1573#50082016>		"ãde"@con	
"mer̃i"@ekk	<https://panlex.org/snapshot/panlex-20191001-csv/1573#50085955>				<https://panlex.org/snapshot/panlex-20191001-csv/1573#50085939>		"rãde naʔe"@con	
"mer̃i"@ekk	<https://panlex.org/snapshot/panlex-20191001-csv/1573#50085955>				<https://panlex.org/snapshot/panlex-20191001-csv/1573#50085938>		"mar"@con	
"tor̃mine"@ekk	<https://panlex.org/snapshot/panlex-20191001-csv/1573#50086349>				<https://panlex.org/snapshot/panlex-20191001-csv/1573#50086335>		"šaβepac̷ʰia naʔe"@con	
"maailm"@ekk	<https://panlex.org/snapshot/panlex-20191001-csv/1573#50081768>				<https://panlex.org/snapshot/panlex-20191001-csv/1573#50081749>		"ãde"@con	
"mets"@ekk	<https://panlex.org/snapshot/panlex-20191001-csv/1573#50089710>				<https://panlex.org/snapshot/panlex-20191001-csv/1573#50089691>		"c̷ãpi"@con	
"læte"@ekk	<https://panlex.org/snapshot/panlex-20191001-csv/1573#50088928>				<https://panlex.org/snapshot/panlex-20191001-csv/1573#50088901>		"c̷aʔkʰɨ sõboʔtʰi"@con	
"laine"@ekk	<https://panlex.org/snapshot/panlex-20191001-csv/1573#50087686>				<https://panlex.org/snapshot/panlex-20191001-csv/1573#50087667>		"šaβeʔpa"@con	
"maapind"@ekk	<https://panlex.org/snapshot/panlex-20191001-csv/1573#50082357>				<https://panlex.org/snapshot/panlex-20191001-csv/1573#50082338>		"ãde"@con	
"laguun"@ekk	<https://panlex.org/snapshot/panlex-20191001-csv/1573#50087286>				<https://panlex.org/snapshot/panlex-20191001-csv/1573#50087275>		"ʼsĩgɨʔkʰɨ"@con	
"kallas"@ekk	<https://panlex.org/snapshot/panlex-20191001-csv/1573#50085141>				<https://panlex.org/snapshot/panlex-20191001-csv/1573#50085115>		"otaΦa"@con	
"wesi"@ekk	<https://panlex.org/snapshot/panlex-20191001-csv/1573#50085702>				<https://panlex.org/snapshot/panlex-20191001-csv/1573#50085682>		"c̷aʔkʰɨ"@con	
"koobas"@ekk	<https://panlex.org/snapshot/panlex-20191001-csv/1573#50085454>				<https://panlex.org/snapshot/panlex-20191001-csv/1573#50085439>		"Φatʰokʰo čãgo"@con	
"muda"@ekk	<https://panlex.org/snapshot/panlex-20191001-csv/1573#50082956>				<https://panlex.org/snapshot/panlex-20191001-csv/1573#50082930>		"c̷ʰipakʰɨ"@con	
"kiwi"@ekk	<https://panlex.org/snapshot/panlex-20191001-csv/1573#50090553>				<https://panlex.org/snapshot/panlex-20191001-csv/1573#50090525>		"patɨ"@con	
"tasandik"@ekk	<https://panlex.org/snapshot/panlex-20191001-csv/1573#50084227>				<https://panlex.org/snapshot/panlex-20191001-csv/1573#50084198>		"šošoβi ãde"@con	
"waht"@ekk	<https://panlex.org/snapshot/panlex-20191001-csv/1573#50086524>				<https://panlex.org/snapshot/panlex-20191001-csv/1573#50086509>		"tʰõtʰõʔba"@con	
"liiw"@ekk	<https://panlex.org/snapshot/panlex-20191001-csv/1573#50083231>				<https://panlex.org/snapshot/panlex-20191001-csv/1573#50083215>		"sisipa"@con	
"neem"@ekk	<https://panlex.org/snapshot/panlex-20191001-csv/1573#50087512>				<https://panlex.org/snapshot/panlex-20191001-csv/1573#50087503>		"c̷ɨtʰoni"@con	
"allikas"@ekk	<https://panlex.org/snapshot/panlex-20191001-csv/1573#50088926>				<https://panlex.org/snapshot/panlex-20191001-csv/1573#50088901>		"c̷aʔkʰɨ sõboʔtʰi"@con	
"kalyu"@ekk	<https://panlex.org/snapshot/panlex-20191001-csv/1573#50090552>				<https://panlex.org/snapshot/panlex-20191001-csv/1573#50090525>		"patɨ"@con	
"kalyu"@ekk	<https://panlex.org/snapshot/panlex-20191001-csv/1573#50083929>				<https://panlex.org/snapshot/panlex-20191001-csv/1573#50083904>		"Φatʰokʰo"@con	
"pəld"@ekk	<https://panlex.org/snapshot/panlex-20191001-csv/1573#50084226>				<https://panlex.org/snapshot/panlex-20191001-csv/1573#50084198>		"šošoβi ãde"@con	
"r̃ahulik"@ekk	<https://panlex.org/snapshot/panlex-20191001-csv/1573#50086166>				<https://panlex.org/snapshot/panlex-20191001-csv/1573#50086154>		"pʰĩpʰĩc̷ʰia naʔe"@con	
"laht"@ekk	<https://panlex.org/snapshot/panlex-20191001-csv/1573#50087137>				<https://panlex.org/snapshot/panlex-20191001-csv/1573#50087126>		"kataikʰɨ"@con	
"saar̃"@ekk	<https://panlex.org/snapshot/panlex-20191001-csv/1573#50084744>				<https://panlex.org/snapshot/panlex-20191001-csv/1573#50084731>		"ãʼtʰepoʔčo"@con	
"maawær̃in"@ekk	<https://panlex.org/snapshot/panlex-20191001-csv/1573#50090903>				<https://panlex.org/snapshot/panlex-20191001-csv/1573#50090887>		"ãde oya"@con	
"r̃and"@ekk	<https://panlex.org/snapshot/panlex-20191001-csv/1573#50085142>				<https://panlex.org/snapshot/panlex-20191001-csv/1573#50085115>		"otaΦa"@con	
"taewas"@ekk	<https://panlex.org/snapshot/panlex-20191001-csv/1573#50091110>				<https://panlex.org/snapshot/panlex-20191001-csv/1573#50091087>		"seΦani"@con	
"taewas"@ekk	<https://panlex.org/snapshot/panlex-20191001-csv/1573#50091110>				<https://panlex.org/snapshot/panlex-20191001-csv/1573#50091086>		"seΦakʰo"@con	
"soo"@ekk	<https://panlex.org/snapshot/panlex-20191001-csv/1573#50089263>				<https://panlex.org/snapshot/panlex-20191001-csv/1573#50089241>		"c̷ɨtokʰɨ"@con	
"soo"@ekk	<https://panlex.org/snapshot/panlex-20191001-csv/1573#50089263>				<https://panlex.org/snapshot/panlex-20191001-csv/1573#50089242>		"sihɨ̃kʰɨ"@con	
"mander̃"@ekk	<https://panlex.org/snapshot/panlex-20191001-csv/1573#50084945>				<https://panlex.org/snapshot/panlex-20191001-csv/1573#50084932>		"ãde"@con	
"ookean"@ekk	<https://panlex.org/snapshot/panlex-20191001-csv/1573#50086736>				<https://panlex.org/snapshot/panlex-20191001-csv/1573#50086718>		"mar"@con	
"ookean"@ekk	<https://panlex.org/snapshot/panlex-20191001-csv/1573#50086736>				<https://panlex.org/snapshot/panlex-20191001-csv/1573#50086719>		"rãde naʔe"@con	
"waikne"@ekk	<https://panlex.org/snapshot/panlex-20191001-csv/1573#50086167>				<https://panlex.org/snapshot/panlex-20191001-csv/1573#50086154>		"pʰĩpʰĩc̷ʰia naʔe"@con	
