"dominko"@neu	<https://panlex.org/snapshot/panlex-20191001-csv/2892#110826966>				<https://panlex.org/snapshot/panlex-20191001-csv/2892#110826793>		"базар-зебу"@khv	
"dominko"@neu	<https://panlex.org/snapshot/panlex-20191001-csv/2892#110826966>				<https://panlex.org/snapshot/panlex-20191001-csv/2892#110826751>		"къунеилъу"@khv	
"sab"@neu	<https://panlex.org/snapshot/panlex-20191001-csv/2892#110826233>				<https://panlex.org/snapshot/panlex-20191001-csv/2892#110826553>		"гьосилӏо"@khv	
"jov"@neu	<https://panlex.org/snapshot/panlex-20191001-csv/2892#110825281>				<https://panlex.org/snapshot/panlex-20191001-csv/2892#110825588>		"элъолъу"@khv	
"lundo"@neu	<https://panlex.org/snapshot/panlex-20191001-csv/2892#110824071>				<https://panlex.org/snapshot/panlex-20191001-csv/2892#110824375>		"хӏоноилъу"@khv	
"tud"@neu	<https://panlex.org/snapshot/panlex-20191001-csv/2892#110824578>				<https://panlex.org/snapshot/panlex-20191001-csv/2892#110824636>		"ункъаилъу"@khv	
"domin"@neu	<https://panlex.org/snapshot/panlex-20191001-csv/2892#110826644>				<https://panlex.org/snapshot/panlex-20191001-csv/2892#110826793>		"базар-зебу"@khv	
"domin"@neu	<https://panlex.org/snapshot/panlex-20191001-csv/2892#110826644>				<https://panlex.org/snapshot/panlex-20191001-csv/2892#110826751>		"къунеилъу"@khv	
"venso"@neu	<https://panlex.org/snapshot/panlex-20191001-csv/2892#110825846>				<https://panlex.org/snapshot/panlex-20191001-csv/2892#110825931>		"рузма-зеду"@khv	
"mirko"@neu	<https://panlex.org/snapshot/panlex-20191001-csv/2892#110824883>				<https://panlex.org/snapshot/panlex-20191001-csv/2892#110824963>		"лъоноилъу"@khv	
