"tali"@lmb	<https://panlex.org/snapshot/panlex-20191001-csv/114#8059527>				<https://panlex.org/snapshot/panlex-20191001-csv/114#8059350>		"tai ʔnanaŋ"@aoz	
"marau"@lmb	<https://panlex.org/snapshot/panlex-20191001-csv/114#8052379>				<https://panlex.org/snapshot/panlex-20191001-csv/114#8052201>		"ʔliʔ"@aoz	
"ŋasu"@lmb	<https://panlex.org/snapshot/panlex-20191001-csv/114#8065263>				<https://panlex.org/snapshot/panlex-20191001-csv/114#8065051>		"pana-"@aoz	
"maŋamaŋa"@lmb	<https://panlex.org/snapshot/panlex-20191001-csv/114#8065760>				<https://panlex.org/snapshot/panlex-20191001-csv/114#8065593>		"at hɛlak snasak"@aoz	
"bonai"@lmb	<https://panlex.org/snapshot/panlex-20191001-csv/114#8066218>				<https://panlex.org/snapshot/panlex-20191001-csv/114#8066026>		"ta|skɔk"@aoz	
"domdom"@lmb	<https://panlex.org/snapshot/panlex-20191001-csv/114#8062100>				<https://panlex.org/snapshot/panlex-20191001-csv/114#8061929>		"ta|tɛnab"@aoz	
"uru"@lmb	<https://panlex.org/snapshot/panlex-20191001-csv/114#8068350>				<https://panlex.org/snapshot/panlex-20191001-csv/114#8068139>		"ʔat mani"@aoz	
"uru"@lmb	<https://panlex.org/snapshot/panlex-20191001-csv/114#8057460>				<https://panlex.org/snapshot/panlex-20191001-csv/114#8057260>		"poʔak"@aoz	
"uru"@lmb	<https://panlex.org/snapshot/panlex-20191001-csv/114#8057460>				<https://panlex.org/snapshot/panlex-20191001-csv/114#8057259>		"pasu"@aoz	
"vese"@lmb	<https://panlex.org/snapshot/panlex-20191001-csv/114#8053351>				<https://panlex.org/snapshot/panlex-20191001-csv/114#8053127>		"h|aɛ-"@aoz	
"vusivusi"@lmb	<https://panlex.org/snapshot/panlex-20191001-csv/114#8056971>				<https://panlex.org/snapshot/panlex-20191001-csv/114#8056801>		"afu"@aoz	
