"دک"@bal	<https://panlex.org/snapshot/panlex-20191001-csv/5946#84443014>				<https://panlex.org/snapshot/panlex-20191001-csv/5946#84443088>		"paugurs"@lvs	
"ہید"@bal	<https://panlex.org/snapshot/panlex-20191001-csv/5946#84435226>				<https://panlex.org/snapshot/panlex-20191001-csv/5946#84435283>		"sviedri"@lvs	
"ہور"@bal	<https://panlex.org/snapshot/panlex-20191001-csv/5946#84436243>				<https://panlex.org/snapshot/panlex-20191001-csv/5946#84436337>		"lietus"@lvs	
"آدینک"@bal	<https://panlex.org/snapshot/panlex-20191001-csv/5946#84446121>				<https://panlex.org/snapshot/panlex-20191001-csv/5946#84446251>		"spogulis"@lvs	
"ہاور"@bal	<https://panlex.org/snapshot/panlex-20191001-csv/5946#84436244>				<https://panlex.org/snapshot/panlex-20191001-csv/5946#84436337>		"lietus"@lvs	
"ساہگ"@bal	<https://panlex.org/snapshot/panlex-20191001-csv/5946#84447006>				<https://panlex.org/snapshot/panlex-20191001-csv/5946#84447067>		"ēna"@lvs	
"زمین (zamín"@bal	<https://panlex.org/snapshot/panlex-20191001-csv/5949#85309505>				<https://panlex.org/snapshot/panlex-20191001-csv/5949#85309575>		"Zeme"@lvs	
"خدا"@bal	<https://panlex.org/snapshot/panlex-20191001-csv/5949#85302963>				<https://panlex.org/snapshot/panlex-20191001-csv/5949#85303067>		"Dievs"@lvs	
"دوزه"@bal	<https://panlex.org/snapshot/panlex-20191001-csv/5949#85332898>				<https://panlex.org/snapshot/panlex-20191001-csv/5949#85332954>		"pekle"@lvs	
"دوزه"@bal	<https://panlex.org/snapshot/panlex-20191001-csv/5949#85332898>				<https://panlex.org/snapshot/panlex-20191001-csv/5949#85332953>		"elle"@lvs	
"ہدا"@bal	<https://panlex.org/snapshot/panlex-20191001-csv/5949#85302964>				<https://panlex.org/snapshot/panlex-20191001-csv/5949#85303067>		"Dievs"@lvs	
