"were"@irh	<https://panlex.org/snapshot/panlex-20191001-csv/12#850968>				<https://panlex.org/snapshot/panlex-20191001-csv/12#850825>		"wei"@akg	
"-mamaye-"@irh	<https://panlex.org/snapshot/panlex-20191001-csv/114#8067753>				<https://panlex.org/snapshot/panlex-20191001-csv/114#8067612>		"làma"@akg	
"-susu"@irh	<https://panlex.org/snapshot/panlex-20191001-csv/114#8060467>				<https://panlex.org/snapshot/panlex-20191001-csv/114#8060298>		"susu"@akg	
"tariro-"@irh	<https://panlex.org/snapshot/panlex-20191001-csv/114#8057908>				<https://panlex.org/snapshot/panlex-20191001-csv/114#8057772>		"kadhenga"@akg	
"-kaka"@irh	<https://panlex.org/snapshot/panlex-20191001-csv/114#8055902>				<https://panlex.org/snapshot/panlex-20191001-csv/114#8055757>		"ngani"@akg	
"-berrife"@irh	<https://panlex.org/snapshot/panlex-20191001-csv/114#8068282>				<https://panlex.org/snapshot/panlex-20191001-csv/114#8068129>		"riki"@akg	
"ɔbə"@irh	<https://panlex.org/snapshot/panlex-20191001-csv/114#8056917>				<https://panlex.org/snapshot/panlex-20191001-csv/114#8056793>		"kubur"@akg	
"-wegurə"@irh	<https://panlex.org/snapshot/panlex-20191001-csv/114#8065194>				<https://panlex.org/snapshot/panlex-20191001-csv/114#8065041>		"kiru"@akg	
"-ma"@irh	<https://panlex.org/snapshot/panlex-20191001-csv/114#8054908>				<https://panlex.org/snapshot/panlex-20191001-csv/114#8054766>		"àminya"@akg	
"fise"@irh	<https://panlex.org/snapshot/panlex-20191001-csv/114#8056419>				<https://panlex.org/snapshot/panlex-20191001-csv/114#8056282>		"maríhak"@akg	
"fa"@irh	<https://panlex.org/snapshot/panlex-20191001-csv/114#8053277>				<https://panlex.org/snapshot/panlex-20191001-csv/114#8053117>		"wihi"@akg	
"wa-mese"@irh	<https://panlex.org/snapshot/panlex-20191001-csv/114#8063022>				<https://panlex.org/snapshot/panlex-20191001-csv/114#8062881>		"ra"@akg	
"-refo-"@irh	<https://panlex.org/snapshot/panlex-20191001-csv/114#8067218>				<https://panlex.org/snapshot/panlex-20191001-csv/114#8067062>		"ngidu"@akg	
