"-mamaye-"@irh	<https://panlex.org/snapshot/panlex-20191001-csv/114#8067753>				<https://panlex.org/snapshot/panlex-20191001-csv/114#8067619>		"mei"@amq	
"-susu"@irh	<https://panlex.org/snapshot/panlex-20191001-csv/114#8060467>				<https://panlex.org/snapshot/panlex-20191001-csv/114#8060306>		"susuro"@amq	
"tariro-"@irh	<https://panlex.org/snapshot/panlex-20191001-csv/114#8057908>				<https://panlex.org/snapshot/panlex-20191001-csv/114#8057780>		"riaʼe"@amq	
"-kaka"@irh	<https://panlex.org/snapshot/panlex-20191001-csv/114#8055902>				<https://panlex.org/snapshot/panlex-20191001-csv/114#8055764>		"annanu"@amq	
"-berrife"@irh	<https://panlex.org/snapshot/panlex-20191001-csv/114#8068282>				<https://panlex.org/snapshot/panlex-20191001-csv/114#8068137>		"moo"@amq	
"ɔbə"@irh	<https://panlex.org/snapshot/panlex-20191001-csv/114#8056917>				<https://panlex.org/snapshot/panlex-20191001-csv/114#8056799>		"hau maʼano"@amq	
"-wegurə"@irh	<https://panlex.org/snapshot/panlex-20191001-csv/114#8065194>				<https://panlex.org/snapshot/panlex-20191001-csv/114#8065049>		"iri"@amq	
"-ma"@irh	<https://panlex.org/snapshot/panlex-20191001-csv/114#8054908>				<https://panlex.org/snapshot/panlex-20191001-csv/114#8054773>		"hoka"@amq	
"fise"@irh	<https://panlex.org/snapshot/panlex-20191001-csv/114#8056419>				<https://panlex.org/snapshot/panlex-20191001-csv/114#8056290>		"tatai"@amq	
"fa"@irh	<https://panlex.org/snapshot/panlex-20191001-csv/114#8053277>				<https://panlex.org/snapshot/panlex-20191001-csv/114#8053125>		"ai"@amq	
"wa-mese"@irh	<https://panlex.org/snapshot/panlex-20191001-csv/114#8063022>				<https://panlex.org/snapshot/panlex-20191001-csv/114#8062888>		"lalalo"@amq	
"-refo-"@irh	<https://panlex.org/snapshot/panlex-20191001-csv/114#8067218>				<https://panlex.org/snapshot/panlex-20191001-csv/114#8067069>		"nihaʼu"@amq	
