"ау"@ab	<https://panlex.org/snapshot/panlex-20191001-csv/3975#51727486>				<https://panlex.org/snapshot/panlex-20191001-csv/3975#51727578>		"mágánǯá-sê"@sad	
"ах ̀ы"@ab	<https://panlex.org/snapshot/panlex-20191001-csv/3975#51725844>				<https://panlex.org/snapshot/panlex-20191001-csv/3975#51725956>		"čěː"@sad	
"анапхыс ̀"@ab	<https://panlex.org/snapshot/panlex-20191001-csv/3975#51722215>				<https://panlex.org/snapshot/panlex-20191001-csv/3975#51722308>		"cʼʷáʔá"@sad	
"ашьапа"@ab	<https://panlex.org/snapshot/panlex-20191001-csv/3975#51724857>				<https://panlex.org/snapshot/panlex-20191001-csv/3975#51724966>		"ǀǀʰàtá"@sad	
"ах ̀ара"@ab	<https://panlex.org/snapshot/panlex-20191001-csv/3975#51735149>				<https://panlex.org/snapshot/panlex-20191001-csv/3975#51735241>		"ʔítʰâ"@sad	
"аайгǝа"@ab	<https://panlex.org/snapshot/panlex-20191001-csv/3975#51735406>				<https://panlex.org/snapshot/panlex-20191001-csv/3975#51735510>		"béːbâ"@sad	
"ах ̀аҳǝ"@ab	<https://panlex.org/snapshot/panlex-20191001-csv/3975#51732102>				<https://panlex.org/snapshot/panlex-20191001-csv/3975#51732193>		"dĩ̌ː"@sad	
"ашқǝыс"@ab	<https://panlex.org/snapshot/panlex-20191001-csv/3975#51736345>				<https://panlex.org/snapshot/panlex-20191001-csv/3975#51736448>		"maːka"@sad	
"ашқǝыс"@ab	<https://panlex.org/snapshot/panlex-20191001-csv/3975#51736345>				<https://panlex.org/snapshot/panlex-20191001-csv/3975#51736449>		"maːkʰa"@sad	
"ахаҳǝ"@ab	<https://panlex.org/snapshot/panlex-20191001-csv/3975#51732101>				<https://panlex.org/snapshot/panlex-20191001-csv/3975#51732193>		"dĩ̌ː"@sad	
"аҧс ̀аатǝ"@ab	<https://panlex.org/snapshot/panlex-20191001-csv/3975#51721229>				<https://panlex.org/snapshot/panlex-20191001-csv/3975#51721334>		"tʰwǐː"@sad	
"алымҳа"@ab	<https://panlex.org/snapshot/panlex-20191001-csv/3975#51723407>				<https://panlex.org/snapshot/panlex-20191001-csv/3975#51723511>		"kéké"@sad	
"аҿыц"@ab	<https://panlex.org/snapshot/panlex-20191001-csv/3975#51728885>				<https://panlex.org/snapshot/panlex-20191001-csv/3975#51728976>		"ǀǀàěː"@sad	
"ахьамҭа"@ab	<https://panlex.org/snapshot/panlex-20191001-csv/3975#51735278>				<https://panlex.org/snapshot/panlex-20191001-csv/3975#51735365>		"ǀěːká-sê"@sad	
"абыл"@ab	<https://panlex.org/snapshot/panlex-20191001-csv/3975#51724004>				<https://panlex.org/snapshot/panlex-20191001-csv/3975#51724121>		"ǀʷěː"@sad	
"аҧсҭҳǝа"@ab	<https://panlex.org/snapshot/panlex-20191001-csv/3975#51722349>				<https://panlex.org/snapshot/panlex-20191001-csv/3975#51722432>		"ƛʼùŋgȕ"@sad	
"азǝра"@ab	<https://panlex.org/snapshot/panlex-20191001-csv/3975#51723104>				<https://panlex.org/snapshot/panlex-20191001-csv/3975#51723224>		"cʼéː"@sad	
"аҟаҧшь"@ab	<https://panlex.org/snapshot/panlex-20191001-csv/3975#51729954>				<https://panlex.org/snapshot/panlex-20191001-csv/3975#51730050>		"búƛʼi̥"@sad	
"аҵыхǝа"@ab	<https://panlex.org/snapshot/panlex-20191001-csv/3975#51732518>				<https://panlex.org/snapshot/panlex-20191001-csv/3975#51732621>		"cʼʷǎː"@sad	
"зегьы"@ab	<https://panlex.org/snapshot/panlex-20191001-csv/3975#51720548>				<https://panlex.org/snapshot/panlex-20191001-csv/3975#51720648>		"čʰíâ"@sad	
"анапхыц"@ab	<https://panlex.org/snapshot/panlex-20191001-csv/3975#51722214>				<https://panlex.org/snapshot/panlex-20191001-csv/3975#51722308>		"cʼʷáʔá"@sad	
"абзиа"@ab	<https://panlex.org/snapshot/panlex-20191001-csv/3975#51725284>				<https://panlex.org/snapshot/panlex-20191001-csv/3975#51725384>		"ɬáû"@sad	
"да"@ab	<https://panlex.org/snapshot/panlex-20191001-csv/3975#51734701>				<https://panlex.org/snapshot/panlex-20191001-csv/3975#51734805>		"hô"@sad	
"ахахǝы"@ab	<https://panlex.org/snapshot/panlex-20191001-csv/3975#51725547>				<https://panlex.org/snapshot/panlex-20191001-csv/3975#51725651>		"cʼê"@sad	
"ашьх ̀а"@ab	<https://panlex.org/snapshot/panlex-20191001-csv/3975#51728337>				<https://panlex.org/snapshot/panlex-20191001-csv/3975#51728418>		"gáwâ"@sad	
"абни"@ab	<https://panlex.org/snapshot/panlex-20191001-csv/3975#51732662>				<https://panlex.org/snapshot/panlex-20191001-csv/3975#51732776>		"hĩ̌-"@sad	
"абни"@ab	<https://panlex.org/snapshot/panlex-20191001-csv/3975#51732662>				<https://panlex.org/snapshot/panlex-20191001-csv/3975#51732775>		"hǎː-"@sad	
"аҧшы"@ab	<https://panlex.org/snapshot/panlex-20191001-csv/3975#51736094>				<https://panlex.org/snapshot/panlex-20191001-csv/3975#51736204>		"wékʰẽ́ː"@sad	
"акьаҿ"@ab	<https://panlex.org/snapshot/panlex-20191001-csv/3975#51735682>				<https://panlex.org/snapshot/panlex-20191001-csv/3975#51735777>		"tʰúŋkâ"@sad	
"аҵ ̀а"@ab	<https://panlex.org/snapshot/panlex-20191001-csv/3975#51727617>				<https://panlex.org/snapshot/panlex-20191001-csv/3975#51727705>		"máːǀʼâ"@sad	
"ахǝа"@ab	<https://panlex.org/snapshot/panlex-20191001-csv/3975#51736245>				<https://panlex.org/snapshot/panlex-20191001-csv/3975#51736318>		"noŋgolo"@sad	
"ауаҩы"@ab	<https://panlex.org/snapshot/panlex-20191001-csv/3975#51729661>				<https://panlex.org/snapshot/panlex-20191001-csv/3975#51729768>		"ɳǀèméséː"@sad	
"ахара"@ab	<https://panlex.org/snapshot/panlex-20191001-csv/3975#51735148>				<https://panlex.org/snapshot/panlex-20191001-csv/3975#51735241>		"ʔítʰâ"@sad	
"аҧша"@ab	<https://panlex.org/snapshot/panlex-20191001-csv/3975#51736093>				<https://panlex.org/snapshot/panlex-20191001-csv/3975#51736204>		"wékʰẽ́ː"@sad	
"ах ̀ǝда"@ab	<https://panlex.org/snapshot/panlex-20191001-csv/3975#51728751>				<https://panlex.org/snapshot/panlex-20191001-csv/3975#51728842>		"kʼʷẽ̂ː"@sad	
"ахьшǝашǝа"@ab	<https://panlex.org/snapshot/panlex-20191001-csv/3975#51722466>				<https://panlex.org/snapshot/panlex-20191001-csv/3975#51722563>		"tiŋka"@sad	
"аҵх"@ab	<https://panlex.org/snapshot/panlex-20191001-csv/3975#51729015>				<https://panlex.org/snapshot/panlex-20191001-csv/3975#51729132>		"tʷěː"@sad	
"аба"@ab	<https://panlex.org/snapshot/panlex-20191001-csv/3975#51723269>				<https://panlex.org/snapshot/panlex-20191001-csv/3975#51723364>		"sìmé"@sad	
"агылара"@ab	<https://panlex.org/snapshot/panlex-20191001-csv/3975#51731813>				<https://panlex.org/snapshot/panlex-20191001-csv/3975#51731908>		"ɳǀǀume"@sad	
"ақǝа"@ab	<https://panlex.org/snapshot/panlex-20191001-csv/3975#51729814>				<https://panlex.org/snapshot/panlex-20191001-csv/3975#51729912>		"ƛʼʷã̂ː"@sad	
"аҳǝара"@ab	<https://panlex.org/snapshot/panlex-20191001-csv/3975#51730588>				<https://panlex.org/snapshot/panlex-20191001-csv/3975#51730711>		"bô"@sad	
"аҳǝара"@ab	<https://panlex.org/snapshot/panlex-20191001-csv/3975#51730588>				<https://panlex.org/snapshot/panlex-20191001-csv/3975#51730712>		"ʔímbô"@sad	
"ашьра"@ab	<https://panlex.org/snapshot/panlex-20191001-csv/3975#51726627>				<https://panlex.org/snapshot/panlex-20191001-csv/3975#51726727>		"wákʼāː"@sad	
"атǝыҩа"@ab	<https://panlex.org/snapshot/panlex-20191001-csv/3975#51726300>				<https://panlex.org/snapshot/panlex-20191001-csv/3975#51726388>		"ƛáná"@sad	
"агǝы"@ab	<https://panlex.org/snapshot/panlex-20191001-csv/3975#51726156>				<https://panlex.org/snapshot/panlex-20191001-csv/3975#51726257>		"ǯìgídâ"@sad	
"ˈa=fa-ra"@ab	<https://panlex.org/snapshot/panlex-20191001-csv/3975#51723699>				<https://panlex.org/snapshot/panlex-20191001-csv/3975#51723825>		"mánčʰâ"@sad	
"ас ̀қǝыс ̀"@ab	<https://panlex.org/snapshot/panlex-20191001-csv/3975#51736346>				<https://panlex.org/snapshot/panlex-20191001-csv/3975#51736448>		"maːka"@sad	
"ас ̀қǝыс ̀"@ab	<https://panlex.org/snapshot/panlex-20191001-csv/3975#51736346>				<https://panlex.org/snapshot/panlex-20191001-csv/3975#51736449>		"maːkʰa"@sad	
"ацара"@ab	<https://panlex.org/snapshot/panlex-20191001-csv/3975#51733730>				<https://panlex.org/snapshot/panlex-20191001-csv/3975#51733852>		"híkʼi̥"@sad	
"аҩежь"@ab	<https://panlex.org/snapshot/panlex-20191001-csv/3975#51735022>				<https://panlex.org/snapshot/panlex-20191001-csv/3975#51735109>		"manʓano"@sad	
"ац ̀ара"@ab	<https://panlex.org/snapshot/panlex-20191001-csv/3975#51733731>				<https://panlex.org/snapshot/panlex-20191001-csv/3975#51733852>		"híkʼi̥"@sad	
"м"@ab	<https://panlex.org/snapshot/panlex-20191001-csv/3975#51729330>				<https://panlex.org/snapshot/panlex-20191001-csv/3975#51729457>		"=čʰì"@sad	
"аʒ ̀ц ̀ара"@ab	<https://panlex.org/snapshot/panlex-20191001-csv/3975#51732398>				<https://panlex.org/snapshot/panlex-20191001-csv/3975#51732482>		"pʰudu-se"@sad	
"ашьамхы"@ab	<https://panlex.org/snapshot/panlex-20191001-csv/3975#51726770>				<https://panlex.org/snapshot/panlex-20191001-csv/3975#51726867>		"kẽ̂ː"@sad	
"аҵа"@ab	<https://panlex.org/snapshot/panlex-20191001-csv/3975#51727616>				<https://panlex.org/snapshot/panlex-20191001-csv/3975#51727705>		"máːǀʼâ"@sad	
"алҩа"@ab	<https://panlex.org/snapshot/panlex-20191001-csv/3975#51731667>				<https://panlex.org/snapshot/panlex-20191001-csv/3975#51731770>		"cʼúkʼâ"@sad	
"ашьтара"@ab	<https://panlex.org/snapshot/panlex-20191001-csv/3975#51727192>				<https://panlex.org/snapshot/panlex-20191001-csv/3975#51727305>		"ɳǀǀíné"@sad	
"аʒс ̀ара"@ab	<https://panlex.org/snapshot/panlex-20191001-csv/3975#51732397>				<https://panlex.org/snapshot/panlex-20191001-csv/3975#51732482>		"pʰudu-se"@sad	
"ахьымҭа"@ab	<https://panlex.org/snapshot/panlex-20191001-csv/3975#51735279>				<https://panlex.org/snapshot/panlex-20191001-csv/3975#51735365>		"ǀěːká-sê"@sad	
"ашкǝакǝа"@ab	<https://panlex.org/snapshot/panlex-20191001-csv/3975#51734580>				<https://panlex.org/snapshot/panlex-20191001-csv/3975#51734665>		"pʰóː"@sad	
"ах ̀ах ̀ǝы"@ab	<https://panlex.org/snapshot/panlex-20191001-csv/3975#51725548>				<https://panlex.org/snapshot/panlex-20191001-csv/3975#51725651>		"cʼê"@sad	
"ацǝа"@ab	<https://panlex.org/snapshot/panlex-20191001-csv/3975#51720826>				<https://panlex.org/snapshot/panlex-20191001-csv/3975#51720918>		"ƛâ"@sad	
"абара"@ab	<https://panlex.org/snapshot/panlex-20191001-csv/3975#51730758>				<https://panlex.org/snapshot/panlex-20191001-csv/3975#51730886>		"ǀʼěː"@sad	
"и"@ab	<https://panlex.org/snapshot/panlex-20191001-csv/3975#51734423>				<https://panlex.org/snapshot/panlex-20191001-csv/3975#51734532>		"hó-čōː"@sad	
"и"@ab	<https://panlex.org/snapshot/panlex-20191001-csv/3975#51734423>				<https://panlex.org/snapshot/panlex-20191001-csv/3975#51734533>		"hó-bê"@sad	
"уи"@ab	<https://panlex.org/snapshot/panlex-20191001-csv/3975#51732663>				<https://panlex.org/snapshot/panlex-20191001-csv/3975#51732776>		"hĩ̌-"@sad	
"уи"@ab	<https://panlex.org/snapshot/panlex-20191001-csv/3975#51732663>				<https://panlex.org/snapshot/panlex-20191001-csv/3975#51732775>		"hǎː-"@sad	
"аҧсаатǝ"@ab	<https://panlex.org/snapshot/panlex-20191001-csv/3975#51721228>				<https://panlex.org/snapshot/panlex-20191001-csv/3975#51721334>		"tʰwǐː"@sad	
"амҩа"@ab	<https://panlex.org/snapshot/panlex-20191001-csv/3975#51730092>				<https://panlex.org/snapshot/panlex-20191001-csv/3975#51730192>		"ǀǀǒː"@sad	
"акǝац"@ab	<https://panlex.org/snapshot/panlex-20191001-csv/3975#51728037>				<https://panlex.org/snapshot/panlex-20191001-csv/3975#51728150>		"ɳǀĩ̌ː"@sad	
"акǝтаӷь"@ab	<https://panlex.org/snapshot/panlex-20191001-csv/3975#51723873>				<https://panlex.org/snapshot/panlex-20191001-csv/3975#51723963>		"dìʔá"@sad	
"анапы"@ab	<https://panlex.org/snapshot/panlex-20191001-csv/3975#51725696>				<https://panlex.org/snapshot/panlex-20191001-csv/3975#51725800>		"ƛʼũ̂ː"@sad	
"ацх"@ab	<https://panlex.org/snapshot/panlex-20191001-csv/3975#51729016>				<https://panlex.org/snapshot/panlex-20191001-csv/3975#51729132>		"tʷěː"@sad	
"амра"@ab	<https://panlex.org/snapshot/panlex-20191001-csv/3975#51732235>				<https://panlex.org/snapshot/panlex-20191001-csv/3975#51732353>		"ǀǀʼàkásu̥"@sad	
"аҩажь"@ab	<https://panlex.org/snapshot/panlex-20191001-csv/3975#51735023>				<https://panlex.org/snapshot/panlex-20191001-csv/3975#51735109>		"manʓano"@sad	
"абӷьы"@ab	<https://panlex.org/snapshot/panlex-20191001-csv/3975#51727051>				<https://panlex.org/snapshot/panlex-20191001-csv/3975#51727152>		"ǀǎː"@sad	
"аҭара"@ab	<https://panlex.org/snapshot/panlex-20191001-csv/3975#51725118>				<https://panlex.org/snapshot/panlex-20191001-csv/3975#51725240>		"í-"@sad	
"ах ̀аҵ ̀а"@ab	<https://panlex.org/snapshot/panlex-20191001-csv/3975#51727745>				<https://panlex.org/snapshot/panlex-20191001-csv/3975#51727853>		"ɳǀèméséː"@sad	
"ажǝра"@ab	<https://panlex.org/snapshot/panlex-20191001-csv/3975#51723103>				<https://panlex.org/snapshot/panlex-20191001-csv/3975#51723224>		"cʼéː"@sad	
"адырра"@ab	<https://panlex.org/snapshot/panlex-20191001-csv/3975#51726914>				<https://panlex.org/snapshot/panlex-20191001-csv/3975#51727012>		"mànǎː"@sad	
"аҧс ̀ыʒ"@ab	<https://panlex.org/snapshot/panlex-20191001-csv/3975#51724588>				<https://panlex.org/snapshot/panlex-20191001-csv/3975#51724686>		"sómbá"@sad	
"ашша"@ab	<https://panlex.org/snapshot/panlex-20191001-csv/3975#51724163>				<https://panlex.org/snapshot/panlex-20191001-csv/3975#51724263>		"čʰã̂ː"@sad	
"атǝара"@ab	<https://panlex.org/snapshot/panlex-20191001-csv/3975#51731046>				<https://panlex.org/snapshot/panlex-20191001-csv/3975#51731172>		"hǎːkícʼi̥"@sad	
"аҵ ̀аӷа"@ab	<https://panlex.org/snapshot/panlex-20191001-csv/3975#51735957>				<https://panlex.org/snapshot/panlex-20191001-csv/3975#51736052>		"gàndȁ"@sad	
"атǝыйа"@ab	<https://panlex.org/snapshot/panlex-20191001-csv/3975#51726301>				<https://panlex.org/snapshot/panlex-20191001-csv/3975#51726388>		"ƛáná"@sad	
"ашьа"@ab	<https://panlex.org/snapshot/panlex-20191001-csv/3975#51721648>				<https://panlex.org/snapshot/panlex-20191001-csv/3975#51721754>		"ǀǀʼékʼâ"@sad	
"ацҳара"@ab	<https://panlex.org/snapshot/panlex-20191001-csv/3975#51721371>				<https://panlex.org/snapshot/panlex-20191001-csv/3975#51721470>		"ǀʼìŋké"@sad	
"ˈa=pǝr-ra"@ab	<https://panlex.org/snapshot/panlex-20191001-csv/3975#51724730>				<https://panlex.org/snapshot/panlex-20191001-csv/3975#51724821>		"cʼóki̥"@sad	
"аҧынҵ ̀"@ab	<https://panlex.org/snapshot/panlex-20191001-csv/3975#51729174>				<https://panlex.org/snapshot/panlex-20191001-csv/3975#51729288>		"ɳǀáti̥"@sad	
"ахы"@ab	<https://panlex.org/snapshot/panlex-20191001-csv/3975#51725843>				<https://panlex.org/snapshot/panlex-20191001-csv/3975#51725956>		"čěː"@sad	
"ахьыʒ"@ab	<https://panlex.org/snapshot/panlex-20191001-csv/3975#51728609>				<https://panlex.org/snapshot/panlex-20191001-csv/3975#51728707>		"ǀǀʷâ"@sad	
"айқǝаҵǝа"@ab	<https://panlex.org/snapshot/panlex-20191001-csv/3975#51721508>				<https://panlex.org/snapshot/panlex-20191001-csv/3975#51721606>		"kʼáŋkʼárâ"@sad	
"ахǝҷы"@ab	<https://panlex.org/snapshot/panlex-20191001-csv/3975#51731521>				<https://panlex.org/snapshot/panlex-20191001-csv/3975#51731622>		"cʼǒːʔ-tō"@sad	
"арацǝа"@ab	<https://panlex.org/snapshot/panlex-20191001-csv/3975#51727893>				<https://panlex.org/snapshot/panlex-20191001-csv/3975#51727997>		"děː-tʰēː"@sad	
"ахаҵа"@ab	<https://panlex.org/snapshot/panlex-20191001-csv/3975#51727744>				<https://panlex.org/snapshot/panlex-20191001-csv/3975#51727853>		"ɳǀèméséː"@sad	
"абри"@ab	<https://panlex.org/snapshot/panlex-20191001-csv/3975#51732825>				<https://panlex.org/snapshot/panlex-20191001-csv/3975#51732927>		"hěː-"@sad	
"ахьанҭа"@ab	<https://panlex.org/snapshot/panlex-20191001-csv/3975#51735277>				<https://panlex.org/snapshot/panlex-20191001-csv/3975#51735365>		"ǀěːká-sê"@sad	
"аҵых ̀ǝ"@ab	<https://panlex.org/snapshot/panlex-20191001-csv/3975#51732519>				<https://panlex.org/snapshot/panlex-20191001-csv/3975#51732621>		"cʼʷǎː"@sad	
"акǝац ̀"@ab	<https://panlex.org/snapshot/panlex-20191001-csv/3975#51728038>				<https://panlex.org/snapshot/panlex-20191001-csv/3975#51728150>		"ɳǀĩ̌ː"@sad	
"йарбан"@ab	<https://panlex.org/snapshot/panlex-20191001-csv/3975#51734424>				<https://panlex.org/snapshot/panlex-20191001-csv/3975#51734532>		"hó-čōː"@sad	
"йарбан"@ab	<https://panlex.org/snapshot/panlex-20191001-csv/3975#51734424>				<https://panlex.org/snapshot/panlex-20191001-csv/3975#51734533>		"hó-bê"@sad	
"ацǝара"@ab	<https://panlex.org/snapshot/panlex-20191001-csv/3975#51731366>				<https://panlex.org/snapshot/panlex-20191001-csv/3975#51731478>		"ǀǀʼo"@sad	
"аҧслымʒ"@ab	<https://panlex.org/snapshot/panlex-20191001-csv/3975#51730457>				<https://panlex.org/snapshot/panlex-20191001-csv/3975#51730554>		"ǀʼíná"@sad	
"ҩба"@ab	<https://panlex.org/snapshot/panlex-20191001-csv/3975#51733571>				<https://panlex.org/snapshot/panlex-20191001-csv/3975#51733688>		"kísô-xi̥"@sad	
"амыр"@ab	<https://panlex.org/snapshot/panlex-20191001-csv/3975#51732236>				<https://panlex.org/snapshot/panlex-20191001-csv/3975#51732353>		"ǀǀʼàkásu̥"@sad	
"убри"@ab	<https://panlex.org/snapshot/panlex-20191001-csv/3975#51732665>				<https://panlex.org/snapshot/panlex-20191001-csv/3975#51732776>		"hĩ̌-"@sad	
"убри"@ab	<https://panlex.org/snapshot/panlex-20191001-csv/3975#51732665>				<https://panlex.org/snapshot/panlex-20191001-csv/3975#51732775>		"hǎː-"@sad	
"аҧсра"@ab	<https://panlex.org/snapshot/panlex-20191001-csv/3975#51722789>				<https://panlex.org/snapshot/panlex-20191001-csv/3975#51722907>		"ƛǎːsi̥"@sad	
"ахǝда"@ab	<https://panlex.org/snapshot/panlex-20191001-csv/3975#51728750>				<https://panlex.org/snapshot/panlex-20191001-csv/3975#51728842>		"kʼʷẽ̂ː"@sad	
"ажǝла"@ab	<https://panlex.org/snapshot/panlex-20191001-csv/3975#51730930>				<https://panlex.org/snapshot/panlex-20191001-csv/3975#51731013>		"bóyó"@sad	
"айара"@ab	<https://panlex.org/snapshot/panlex-20191001-csv/3975#51727193>				<https://panlex.org/snapshot/panlex-20191001-csv/3975#51727305>		"ɳǀǀíné"@sad	
"агǝаҵǝа"@ab	<https://panlex.org/snapshot/panlex-20191001-csv/3975#51727349>				<https://panlex.org/snapshot/panlex-20191001-csv/3975#51727446>		"tʰási̥nóː"@sad	
"аду"@ab	<https://panlex.org/snapshot/panlex-20191001-csv/3975#51721086>				<https://panlex.org/snapshot/panlex-20191001-csv/3975#51721185>		"bàʔé"@sad	
"аҧҳǝыс ̀"@ab	<https://panlex.org/snapshot/panlex-20191001-csv/3975#51734854>				<https://panlex.org/snapshot/panlex-20191001-csv/3975#51734978>		"tʰáméčʰū"@sad	
"аеҵǝа"@ab	<https://panlex.org/snapshot/panlex-20191001-csv/3975#51731945>				<https://panlex.org/snapshot/panlex-20191001-csv/3975#51732051>		"hí=ɳǀáwã́ː"@sad	
"аеҵǝа"@ab	<https://panlex.org/snapshot/panlex-20191001-csv/3975#51725429>				<https://panlex.org/snapshot/panlex-20191001-csv/3975#51725508>		"ʓaːŋga"@sad	
"аҧҳǝыс"@ab	<https://panlex.org/snapshot/panlex-20191001-csv/3975#51734853>				<https://panlex.org/snapshot/panlex-20191001-csv/3975#51734978>		"tʰáméčʰū"@sad	
"аҵ ̀ыц ̀"@ab	<https://panlex.org/snapshot/panlex-20191001-csv/3975#51728886>				<https://panlex.org/snapshot/panlex-20191001-csv/3975#51728976>		"ǀǀàěː"@sad	
"аҳара"@ab	<https://panlex.org/snapshot/panlex-20191001-csv/3975#51726001>				<https://panlex.org/snapshot/panlex-20191001-csv/3975#51726118>		"kʰéʔé"@sad	
"акы"@ab	<https://panlex.org/snapshot/panlex-20191001-csv/3975#51729501>				<https://panlex.org/snapshot/panlex-20191001-csv/3975#51729617>		"cʼéxê"@sad	
"анейра"@ab	<https://panlex.org/snapshot/panlex-20191001-csv/3975#51722601>				<https://panlex.org/snapshot/panlex-20191001-csv/3975#51722740>		"ǀí"@sad	
"ашқǝс"@ab	<https://panlex.org/snapshot/panlex-20191001-csv/3975#51736344>				<https://panlex.org/snapshot/panlex-20191001-csv/3975#51736448>		"maːka"@sad	
"ашқǝс"@ab	<https://panlex.org/snapshot/panlex-20191001-csv/3975#51736344>				<https://panlex.org/snapshot/panlex-20191001-csv/3975#51736449>		"maːkʰa"@sad	
"аҧсыʒ"@ab	<https://panlex.org/snapshot/panlex-20191001-csv/3975#51724587>				<https://panlex.org/snapshot/panlex-20191001-csv/3975#51724686>		"sómbá"@sad	
"аҵла"@ab	<https://panlex.org/snapshot/panlex-20191001-csv/3975#51733419>				<https://panlex.org/snapshot/panlex-20191001-csv/3975#51733526>		"tʰěː"@sad	
"адгьыл"@ab	<https://panlex.org/snapshot/panlex-20191001-csv/3975#51723553>				<https://panlex.org/snapshot/panlex-20191001-csv/3975#51723655>		"ǀʼíná"@sad	
"аҧҭа"@ab	<https://panlex.org/snapshot/panlex-20191001-csv/3975#51722350>				<https://panlex.org/snapshot/panlex-20191001-csv/3975#51722432>		"ƛʼùŋgȕ"@sad	
"амгǝа"@ab	<https://panlex.org/snapshot/panlex-20191001-csv/3975#51720950>				<https://panlex.org/snapshot/panlex-20191001-csv/3975#51721044>		"ƛʼàbísó"@sad	
"аʒы"@ab	<https://panlex.org/snapshot/panlex-20191001-csv/3975#51734043>				<https://panlex.org/snapshot/panlex-20191001-csv/3975#51734152>		"cʼâ"@sad	
"аҵаӷа"@ab	<https://panlex.org/snapshot/panlex-20191001-csv/3975#51735956>				<https://panlex.org/snapshot/panlex-20191001-csv/3975#51736052>		"gàndȁ"@sad	
"амаҭ"@ab	<https://panlex.org/snapshot/panlex-20191001-csv/3975#51735818>				<https://panlex.org/snapshot/panlex-20191001-csv/3975#51735924>		"ǀʼĩ̌ː"@sad	
"ашьамх ̀ы"@ab	<https://panlex.org/snapshot/panlex-20191001-csv/3975#51726771>				<https://panlex.org/snapshot/panlex-20191001-csv/3975#51726867>		"kẽ̂ː"@sad	
"аҧха"@ab	<https://panlex.org/snapshot/panlex-20191001-csv/3975#51733916>				<https://panlex.org/snapshot/panlex-20191001-csv/3975#51734011>		"híǀǀʼĩ́ː"@sad	
"аҧс ̀лымʒ"@ab	<https://panlex.org/snapshot/panlex-20191001-csv/3975#51730458>				<https://panlex.org/snapshot/panlex-20191001-csv/3975#51730554>		"ǀʼíná"@sad	
"амца"@ab	<https://panlex.org/snapshot/panlex-20191001-csv/3975#51724427>				<https://panlex.org/snapshot/panlex-20191001-csv/3975#51724545>		"ǀǀʼĩ̂ː"@sad	
"ани"@ab	<https://panlex.org/snapshot/panlex-20191001-csv/3975#51732661>				<https://panlex.org/snapshot/panlex-20191001-csv/3975#51732776>		"hĩ̌-"@sad	
"ани"@ab	<https://panlex.org/snapshot/panlex-20191001-csv/3975#51732661>				<https://panlex.org/snapshot/panlex-20191001-csv/3975#51732775>		"hǎː-"@sad	
"ашьапы"@ab	<https://panlex.org/snapshot/panlex-20191001-csv/3975#51724856>				<https://panlex.org/snapshot/panlex-20191001-csv/3975#51724966>		"ǀǀʰàtá"@sad	
"аʒсара"@ab	<https://panlex.org/snapshot/panlex-20191001-csv/3975#51732396>				<https://panlex.org/snapshot/panlex-20191001-csv/3975#51732482>		"pʰudu-se"@sad	
"аайра"@ab	<https://panlex.org/snapshot/panlex-20191001-csv/3975#51722602>				<https://panlex.org/snapshot/panlex-20191001-csv/3975#51722740>		"ǀí"@sad	
"d=a-rban"@ab	<https://panlex.org/snapshot/panlex-20191001-csv/3975#51734702>				<https://panlex.org/snapshot/panlex-20191001-csv/3975#51734805>		"hô"@sad	
"ахьсǝасǝа"@ab	<https://panlex.org/snapshot/panlex-20191001-csv/3975#51722467>				<https://panlex.org/snapshot/panlex-20191001-csv/3975#51722563>		"tiŋka"@sad	
"адоу"@ab	<https://panlex.org/snapshot/panlex-20191001-csv/3975#51721087>				<https://panlex.org/snapshot/panlex-20191001-csv/3975#51721185>		"bàʔé"@sad	
"аџьыка"@ab	<https://panlex.org/snapshot/panlex-20191001-csv/3975#51735550>				<https://panlex.org/snapshot/panlex-20191001-csv/3975#51735645>		"ʔǔːɬíː"@sad	
"абла"@ab	<https://panlex.org/snapshot/panlex-20191001-csv/3975#51724002>				<https://panlex.org/snapshot/panlex-20191001-csv/3975#51724121>		"ǀʷěː"@sad	
"аҧынҵа"@ab	<https://panlex.org/snapshot/panlex-20191001-csv/3975#51729173>				<https://panlex.org/snapshot/panlex-20191001-csv/3975#51729288>		"ɳǀáti̥"@sad	
"ахьʒ"@ab	<https://panlex.org/snapshot/panlex-20191001-csv/3975#51728608>				<https://panlex.org/snapshot/panlex-20191001-csv/3975#51728707>		"ǀǀʷâ"@sad	
"амни"@ab	<https://panlex.org/snapshot/panlex-20191001-csv/3975#51732664>				<https://panlex.org/snapshot/panlex-20191001-csv/3975#51732776>		"hĩ̌-"@sad	
"амни"@ab	<https://panlex.org/snapshot/panlex-20191001-csv/3975#51732664>				<https://panlex.org/snapshot/panlex-20191001-csv/3975#51732775>		"hǎː-"@sad	
"ала"@ab	<https://panlex.org/snapshot/panlex-20191001-csv/3975#51724003>				<https://panlex.org/snapshot/panlex-20191001-csv/3975#51724121>		"ǀʷěː"@sad	
"ала"@ab	<https://panlex.org/snapshot/panlex-20191001-csv/3975#51722950>				<https://panlex.org/snapshot/panlex-20191001-csv/3975#51723060>		"káːkâ"@sad	
"аҧс ̀ра"@ab	<https://panlex.org/snapshot/panlex-20191001-csv/3975#51722790>				<https://panlex.org/snapshot/panlex-20191001-csv/3975#51722907>		"ƛǎːsi̥"@sad	
"ашьха"@ab	<https://panlex.org/snapshot/panlex-20191001-csv/3975#51728336>				<https://panlex.org/snapshot/panlex-20191001-csv/3975#51728418>		"gáwâ"@sad	
"ари"@ab	<https://panlex.org/snapshot/panlex-20191001-csv/3975#51732824>				<https://panlex.org/snapshot/panlex-20191001-csv/3975#51732927>		"hěː-"@sad	
"агǝышҧы"@ab	<https://panlex.org/snapshot/panlex-20191001-csv/3975#51721934>				<https://panlex.org/snapshot/panlex-20191001-csv/3975#51722028>		"sákâ"@sad	
"абылра"@ab	<https://panlex.org/snapshot/panlex-20191001-csv/3975#51722070>				<https://panlex.org/snapshot/panlex-20191001-csv/3975#51722170>		"kámâ"@sad	
