"sıpi"@diq	<https://panlex.org/snapshot/panlex-20191001-csv/5947#84639715>				<https://panlex.org/snapshot/panlex-20191001-csv/5947#84639674>		"ነጭ"@am	
"Finlanda"@diq	<https://panlex.org/snapshot/panlex-20191001-csv/5947#84591066>				<https://panlex.org/snapshot/panlex-20191001-csv/5947#84591039>		"ፊንላንድ"@am	
"Estonya"@diq	<https://panlex.org/snapshot/panlex-20191001-csv/5947#84590075>				<https://panlex.org/snapshot/panlex-20191001-csv/5947#84590060>		"ኤስቶኒያ"@am	
"Belçıka"@diq	<https://panlex.org/snapshot/panlex-20191001-csv/5947#84584376>				<https://panlex.org/snapshot/panlex-20191001-csv/5947#84584330>		"ቤልጂክ"@am	
"Belçıka"@diq	<https://panlex.org/snapshot/panlex-20191001-csv/5947#84584376>				<https://panlex.org/snapshot/panlex-20191001-csv/5947#84584329>		"ቤልጅግ"@am	
"Belçıka"@diq	<https://panlex.org/snapshot/panlex-20191001-csv/5947#84584376>				<https://panlex.org/snapshot/panlex-20191001-csv/5947#84584328>		"ቤልጅክ"@am	
"Yerêvan"@diq	<https://panlex.org/snapshot/panlex-20191001-csv/5949#85308797>				<https://panlex.org/snapshot/panlex-20191001-csv/5949#85308781>		"ዬሬቫን"@am	
"Letonya"@diq	<https://panlex.org/snapshot/panlex-20191001-csv/5949#85314259>				<https://panlex.org/snapshot/panlex-20191001-csv/5949#85314227>		"ላትቪያ"@am	
"Bakı"@diq	<https://panlex.org/snapshot/panlex-20191001-csv/5949#85301451>				<https://panlex.org/snapshot/panlex-20191001-csv/5949#85301428>		"ባኩ"@am	
"Tırkiya"@diq	<https://panlex.org/snapshot/panlex-20191001-csv/5949#85322487>				<https://panlex.org/snapshot/panlex-20191001-csv/5949#85322457>		"ቱርክ"@am	
"Ewropa"@diq	<https://panlex.org/snapshot/panlex-20191001-csv/5949#85308522>				<https://panlex.org/snapshot/panlex-20191001-csv/5949#85308484>		"አውሮፓ"@am	
"Berlin"@diq	<https://panlex.org/snapshot/panlex-20191001-csv/5949#85302410>				<https://panlex.org/snapshot/panlex-20191001-csv/5949#85302378>		"በርሊን"@am	
"Rusya"@diq	<https://panlex.org/snapshot/panlex-20191001-csv/5949#85319434>				<https://panlex.org/snapshot/panlex-20191001-csv/5949#85319386>		"ሩሲያ"@am	
"Rusya"@diq	<https://panlex.org/snapshot/panlex-20191001-csv/5949#85319434>				<https://panlex.org/snapshot/panlex-20191001-csv/5949#85319387>		"ሩስያ"@am	
"Singapur"@diq	<https://panlex.org/snapshot/panlex-20191001-csv/5949#85320489>				<https://panlex.org/snapshot/panlex-20191001-csv/5949#85320463>		"ሲንጋፖር"@am	
"Hong Kong"@diq	<https://panlex.org/snapshot/panlex-20191001-csv/5949#85306645>				<https://panlex.org/snapshot/panlex-20191001-csv/5949#85306614>		"ሆንግ ኮንግ"@am	
"Qurane"@diq	<https://panlex.org/snapshot/panlex-20191001-csv/5949#85313395>				<https://panlex.org/snapshot/panlex-20191001-csv/5949#85313368>		"ቁርአን"@am	
"Gabon"@diq	<https://panlex.org/snapshot/panlex-20191001-csv/5949#85305653>				<https://panlex.org/snapshot/panlex-20191001-csv/5949#85305628>		"ጋቦን"@am	
"İncil"@diq	<https://panlex.org/snapshot/panlex-20191001-csv/5949#85302662>				<https://panlex.org/snapshot/panlex-20191001-csv/5949#85302627>		"መጽሐፍ ቅዱስ"@am	
"Urşelim"@diq	<https://panlex.org/snapshot/panlex-20191001-csv/5949#85309908>				<https://panlex.org/snapshot/panlex-20191001-csv/5949#85309874>		"እየሩሳሌም"@am	
"Uruguay"@diq	<https://panlex.org/snapshot/panlex-20191001-csv/5949#85322866>				<https://panlex.org/snapshot/panlex-20191001-csv/5949#85322838>		"ኡራጓይ"@am	
"tebaxe"@diq	<https://panlex.org/snapshot/panlex-20191001-csv/5949#85329318>				<https://panlex.org/snapshot/panlex-20191001-csv/5949#85329268>		"ኦገስት"@am	
"Peru"@diq	<https://panlex.org/snapshot/panlex-20191001-csv/5949#85318210>				<https://panlex.org/snapshot/panlex-20191001-csv/5949#85318181>		"ፔሩ"@am	
"Fılipin"@diq	<https://panlex.org/snapshot/panlex-20191001-csv/5949#85323312>				<https://panlex.org/snapshot/panlex-20191001-csv/5949#85323281>		"ፊሊፒንስ"@am	
"Tıflis"@diq	<https://panlex.org/snapshot/panlex-20191001-csv/5949#85321794>				<https://panlex.org/snapshot/panlex-20191001-csv/5949#85321774>		"ትብሊሲ"@am	
"Latinki"@diq	<https://panlex.org/snapshot/panlex-20191001-csv/405#13627464>				<https://panlex.org/snapshot/panlex-20191001-csv/405#13627438>		"ሮማይስጥ"@am	
"Peştuki"@diq	<https://panlex.org/snapshot/panlex-20191001-csv/405#13629896>				<https://panlex.org/snapshot/panlex-20191001-csv/405#13629884>		"ፐሽቶ"@am	
"Almanki"@diq	<https://panlex.org/snapshot/panlex-20191001-csv/405#13624607>				<https://panlex.org/snapshot/panlex-20191001-csv/405#13624699>		"ዓረብኛ"@am	
"Almanki"@diq	<https://panlex.org/snapshot/panlex-20191001-csv/405#13624607>				<https://panlex.org/snapshot/panlex-20191001-csv/405#13624576>		"ጀርመንኛ"@am	
"Yunanki"@diq	<https://panlex.org/snapshot/panlex-20191001-csv/405#13624897>				<https://panlex.org/snapshot/panlex-20191001-csv/405#13624880>		"ግሪክ"@am	
"Zazaki"@diq	<https://panlex.org/snapshot/panlex-20191001-csv/405#13634107>				<https://panlex.org/snapshot/panlex-20191001-csv/405#13634096>		"ዛዛኪኛ"@am	
"Zazaki"@diq	<https://panlex.org/snapshot/panlex-20191001-csv/405#13634137>				<https://panlex.org/snapshot/panlex-20191001-csv/405#13634126>		"ዛዛኪኛ"@am	
"Osetki"@diq	<https://panlex.org/snapshot/panlex-20191001-csv/405#13629711>				<https://panlex.org/snapshot/panlex-20191001-csv/405#13629704>		"ኢሮንኛ"@am	
"İngılızki"@diq	<https://panlex.org/snapshot/panlex-20191001-csv/405#13623579>				<https://panlex.org/snapshot/panlex-20191001-csv/405#13623546>		"እንግሊዝኛ"@am	
"Ermeniki"@diq	<https://panlex.org/snapshot/panlex-20191001-csv/405#13620972>				<https://panlex.org/snapshot/panlex-20191001-csv/405#13620958>		"አርሜንኛ"@am	
"Erebki"@diq	<https://panlex.org/snapshot/panlex-20191001-csv/405#13620801>				<https://panlex.org/snapshot/panlex-20191001-csv/405#13620777>		"ዓረብኛ"@am	
"Hindistan"@diq	<https://panlex.org/snapshot/panlex-20191001-csv/10#580043>				<https://panlex.org/snapshot/panlex-20191001-csv/10#580000>		"ህንድ"@am	
