"Letonya"@diq	<https://panlex.org/snapshot/panlex-20191001-csv/5949#85314259>				<https://panlex.org/snapshot/panlex-20191001-csv/5949#85314337>		"Latwia"@na	
"Bakı"@diq	<https://panlex.org/snapshot/panlex-20191001-csv/5949#85301451>				<https://panlex.org/snapshot/panlex-20191001-csv/5949#85301505>		"Baku"@na	
"Tırkiya"@diq	<https://panlex.org/snapshot/panlex-20191001-csv/5949#85322487>				<https://panlex.org/snapshot/panlex-20191001-csv/5949#85322559>		"Turkey"@na	
"Ewropa"@diq	<https://panlex.org/snapshot/panlex-20191001-csv/5949#85308522>				<https://panlex.org/snapshot/panlex-20191001-csv/5949#85308597>		"Uirope"@na	
"Ewropa"@diq	<https://panlex.org/snapshot/panlex-20191001-csv/5949#85308522>				<https://panlex.org/snapshot/panlex-20191001-csv/5949#85308598>		"Iurop"@na	
"Berlin"@diq	<https://panlex.org/snapshot/panlex-20191001-csv/5949#85302410>				<https://panlex.org/snapshot/panlex-20191001-csv/5949#85302493>		"Berlin"@na	
"Rusya"@diq	<https://panlex.org/snapshot/panlex-20191001-csv/5949#85319434>				<https://panlex.org/snapshot/panlex-20191001-csv/5949#85319552>		"Russia"@na	
"Singapur"@diq	<https://panlex.org/snapshot/panlex-20191001-csv/5949#85320489>				<https://panlex.org/snapshot/panlex-20191001-csv/5949#85320556>		"Singapore"@na	
"Krasnodar"@diq	<https://panlex.org/snapshot/panlex-20191001-csv/5949#85313552>				<https://panlex.org/snapshot/panlex-20191001-csv/5949#85313577>		"Krasnodar"@na	
"İncil"@diq	<https://panlex.org/snapshot/panlex-20191001-csv/5949#85302662>				<https://panlex.org/snapshot/panlex-20191001-csv/5949#85302743>		"Bibel"@na	
"Peru"@diq	<https://panlex.org/snapshot/panlex-20191001-csv/5949#85318210>				<https://panlex.org/snapshot/panlex-20191001-csv/5949#85318284>		"Peru"@na	
"Fılipin"@diq	<https://panlex.org/snapshot/panlex-20191001-csv/5949#85323312>				<https://panlex.org/snapshot/panlex-20191001-csv/5949#85323376>		"Eben Piripin"@na	
"Anapa"@diq	<https://panlex.org/snapshot/panlex-20191001-csv/5949#85299429>				<https://panlex.org/snapshot/panlex-20191001-csv/5949#85299445>		"Anapa"@na	
"Awıstralya"@diq	<https://panlex.org/snapshot/panlex-20191001-csv/5949#85298100>				<https://panlex.org/snapshot/panlex-20191001-csv/5949#85298188>		"Otereiriya"@na	
"ab"@diq	<https://panlex.org/snapshot/panlex-20191001-csv/12#850894>				<https://panlex.org/snapshot/panlex-20191001-csv/12#851077>		"ebok"@na	
"Hindistan"@diq	<https://panlex.org/snapshot/panlex-20191001-csv/10#580043>				<https://panlex.org/snapshot/panlex-20191001-csv/10#580155>		"India"@na	
"ab"@diq	<https://panlex.org/snapshot/panlex-20191001-csv/11#787536>				<https://panlex.org/snapshot/panlex-20191001-csv/11#787678>		"ebòk"@na	
