"vandwèdi"@acf	<https://panlex.org/snapshot/panlex-20191001-csv/2892#110825730>				<https://panlex.org/snapshot/panlex-20191001-csv/2892#110825886>		"рузарнэ"@ttt	
"vandwèdi"@acf	<https://panlex.org/snapshot/panlex-20191001-csv/2892#110825730>				<https://panlex.org/snapshot/panlex-20191001-csv/2892#110826099>		"ruzarnə"@ttt	
"mandi"@acf	<https://panlex.org/snapshot/panlex-20191001-csv/2892#110824788>				<https://panlex.org/snapshot/panlex-20191001-csv/2892#110824582>		"səşobot"@ttt	
"mandi"@acf	<https://panlex.org/snapshot/panlex-20191001-csv/2892#110824788>				<https://panlex.org/snapshot/panlex-20191001-csv/2892#110824621>		"сэшобот"@ttt	
"jendi"@acf	<https://panlex.org/snapshot/panlex-20191001-csv/2892#110825614>				<https://panlex.org/snapshot/panlex-20191001-csv/2892#110825663>		"pənçşobot"@ttt	
"jendi"@acf	<https://panlex.org/snapshot/panlex-20191001-csv/2892#110825614>				<https://panlex.org/snapshot/panlex-20191001-csv/2892#110825307>		"пэнжшобот"@ttt	
"dimanch"@acf	<https://panlex.org/snapshot/panlex-20191001-csv/2892#110826645>				<https://panlex.org/snapshot/panlex-20191001-csv/2892#110826930>		"jekşobot"@ttt	
"dimanch"@acf	<https://panlex.org/snapshot/panlex-20191001-csv/2892#110826645>				<https://panlex.org/snapshot/panlex-20191001-csv/2892#110826639>		"екшобот"@ttt	
"samdi"@acf	<https://panlex.org/snapshot/panlex-20191001-csv/2892#110826513>				<https://panlex.org/snapshot/panlex-20191001-csv/2892#110826364>		"şobot"@ttt	
"samdi"@acf	<https://panlex.org/snapshot/panlex-20191001-csv/2892#110826513>				<https://panlex.org/snapshot/panlex-20191001-csv/2892#110826168>		"шобот"@ttt	
"lendi"@acf	<https://panlex.org/snapshot/panlex-20191001-csv/2892#110824206>				<https://panlex.org/snapshot/panlex-20191001-csv/2892#110824349>		"дуьшобот"@ttt	
"lendi"@acf	<https://panlex.org/snapshot/panlex-20191001-csv/2892#110824206>				<https://panlex.org/snapshot/panlex-20191001-csv/2892#110824291>		"dyşobot"@ttt	
"mèkwèdi"@acf	<https://panlex.org/snapshot/panlex-20191001-csv/2892#110825233>				<https://panlex.org/snapshot/panlex-20191001-csv/2892#110824966>		"corşobot"@ttt	
"mèkwèdi"@acf	<https://panlex.org/snapshot/panlex-20191001-csv/2892#110825233>				<https://panlex.org/snapshot/panlex-20191001-csv/2892#110825228>		"чоршобот"@ttt	
"jen"@acf	<https://panlex.org/snapshot/panlex-20191001-csv/2897#110829153>				<https://panlex.org/snapshot/panlex-20191001-csv/2897#110829206>		"июнь"@ttt	
"jen"@acf	<https://panlex.org/snapshot/panlex-20191001-csv/2897#110829153>				<https://panlex.org/snapshot/panlex-20191001-csv/2897#110829277>		"ijun"@ttt	
"òktòb"@acf	<https://panlex.org/snapshot/panlex-20191001-csv/2897#110831129>				<https://panlex.org/snapshot/panlex-20191001-csv/2897#110830807>		"oktjabr"@ttt	
"òktòb"@acf	<https://panlex.org/snapshot/panlex-20191001-csv/2897#110831129>				<https://panlex.org/snapshot/panlex-20191001-csv/2897#110830937>		"октябрь"@ttt	
"jwiyèt"@acf	<https://panlex.org/snapshot/panlex-20191001-csv/2897#110829556>				<https://panlex.org/snapshot/panlex-20191001-csv/2897#110829807>		"июль"@ttt	
"jwiyèt"@acf	<https://panlex.org/snapshot/panlex-20191001-csv/2897#110829556>				<https://panlex.org/snapshot/panlex-20191001-csv/2897#110829771>		"ijul"@ttt	
"mas"@acf	<https://panlex.org/snapshot/panlex-20191001-csv/2897#110828198>				<https://panlex.org/snapshot/panlex-20191001-csv/2897#110827921>		"март"@ttt	
"mas"@acf	<https://panlex.org/snapshot/panlex-20191001-csv/2897#110828198>				<https://panlex.org/snapshot/panlex-20191001-csv/2897#110828100>		"mart"@ttt	
"désanm"@acf	<https://panlex.org/snapshot/panlex-20191001-csv/2897#110831866>				<https://panlex.org/snapshot/panlex-20191001-csv/2897#110831704>		"dekabr"@ttt	
"désanm"@acf	<https://panlex.org/snapshot/panlex-20191001-csv/2897#110831866>				<https://panlex.org/snapshot/panlex-20191001-csv/2897#110831694>		"декабрь"@ttt	
"avwi"@acf	<https://panlex.org/snapshot/panlex-20191001-csv/2897#110828465>				<https://panlex.org/snapshot/panlex-20191001-csv/2897#110828457>		"апрель"@ttt	
"avwi"@acf	<https://panlex.org/snapshot/panlex-20191001-csv/2897#110828465>				<https://panlex.org/snapshot/panlex-20191001-csv/2897#110828575>		"aprel"@ttt	
"sèptanm"@acf	<https://panlex.org/snapshot/panlex-20191001-csv/2897#110830450>				<https://panlex.org/snapshot/panlex-20191001-csv/2897#110830498>		"sentjabr"@ttt	
"sèptanm"@acf	<https://panlex.org/snapshot/panlex-20191001-csv/2897#110830450>				<https://panlex.org/snapshot/panlex-20191001-csv/2897#110830525>		"сентябрь"@ttt	
"janvyé"@acf	<https://panlex.org/snapshot/panlex-20191001-csv/2897#110827367>				<https://panlex.org/snapshot/panlex-20191001-csv/2897#110827442>		"январь"@ttt	
"janvyé"@acf	<https://panlex.org/snapshot/panlex-20191001-csv/2897#110827367>				<https://panlex.org/snapshot/panlex-20191001-csv/2897#110827054>		"janvar"@ttt	
"novanm"@acf	<https://panlex.org/snapshot/panlex-20191001-csv/2897#110831470>				<https://panlex.org/snapshot/panlex-20191001-csv/2897#110831525>		"nojabr"@ttt	
"novanm"@acf	<https://panlex.org/snapshot/panlex-20191001-csv/2897#110831470>				<https://panlex.org/snapshot/panlex-20191001-csv/2897#110831483>		"ноябрь"@ttt	
"au"@acf	<https://panlex.org/snapshot/panlex-20191001-csv/2897#110830114>				<https://panlex.org/snapshot/panlex-20191001-csv/2897#110830209>		"август"@ttt	
"au"@acf	<https://panlex.org/snapshot/panlex-20191001-csv/2897#110830114>				<https://panlex.org/snapshot/panlex-20191001-csv/2897#110829977>		"avgust"@ttt	
"mé"@acf	<https://panlex.org/snapshot/panlex-20191001-csv/2897#110828929>				<https://panlex.org/snapshot/panlex-20191001-csv/2897#110828671>		"maj"@ttt	
"mé"@acf	<https://panlex.org/snapshot/panlex-20191001-csv/2897#110828929>				<https://panlex.org/snapshot/panlex-20191001-csv/2897#110828805>		"май"@ttt	
"févwiyé"@acf	<https://panlex.org/snapshot/panlex-20191001-csv/2897#110827777>				<https://panlex.org/snapshot/panlex-20191001-csv/2897#110827618>		"февраль"@ttt	
"févwiyé"@acf	<https://panlex.org/snapshot/panlex-20191001-csv/2897#110827777>				<https://panlex.org/snapshot/panlex-20191001-csv/2897#110827488>		"fevral"@ttt	
