"vandwèdi"@acf	<https://panlex.org/snapshot/panlex-20191001-csv/2892#110825730>				<https://panlex.org/snapshot/panlex-20191001-csv/2892#110825763>		"Freed"@fy	
"mandi"@acf	<https://panlex.org/snapshot/panlex-20191001-csv/2892#110824788>				<https://panlex.org/snapshot/panlex-20191001-csv/2892#110824551>		"Tiisdei"@fy	
"jendi"@acf	<https://panlex.org/snapshot/panlex-20191001-csv/2892#110825614>				<https://panlex.org/snapshot/panlex-20191001-csv/2892#110825314>		"Tongersdei"@fy	
"dimanch"@acf	<https://panlex.org/snapshot/panlex-20191001-csv/2892#110826645>				<https://panlex.org/snapshot/panlex-20191001-csv/2892#110826738>		"Snein"@fy	
"samdi"@acf	<https://panlex.org/snapshot/panlex-20191001-csv/2892#110826513>				<https://panlex.org/snapshot/panlex-20191001-csv/2892#110826566>		"Sneon"@fy	
"lendi"@acf	<https://panlex.org/snapshot/panlex-20191001-csv/2892#110824206>				<https://panlex.org/snapshot/panlex-20191001-csv/2892#110824293>		"Moandei"@fy	
"mèkwèdi"@acf	<https://panlex.org/snapshot/panlex-20191001-csv/2892#110825233>				<https://panlex.org/snapshot/panlex-20191001-csv/2892#110825215>		"Woansdei"@fy	
"jen"@acf	<https://panlex.org/snapshot/panlex-20191001-csv/2897#110829153>				<https://panlex.org/snapshot/panlex-20191001-csv/2897#110829186>		"juny"@fy	
"jen"@acf	<https://panlex.org/snapshot/panlex-20191001-csv/2897#110829153>				<https://panlex.org/snapshot/panlex-20191001-csv/2897#110829304>		"simmermoanne"@fy	
"òktòb"@acf	<https://panlex.org/snapshot/panlex-20191001-csv/2897#110831129>				<https://panlex.org/snapshot/panlex-20191001-csv/2897#110831110>		"wynmoanne"@fy	
"òktòb"@acf	<https://panlex.org/snapshot/panlex-20191001-csv/2897#110831129>				<https://panlex.org/snapshot/panlex-20191001-csv/2897#110831094>		"oktober"@fy	
"jwiyèt"@acf	<https://panlex.org/snapshot/panlex-20191001-csv/2897#110829556>				<https://panlex.org/snapshot/panlex-20191001-csv/2897#110829878>		"july"@fy	
"jwiyèt"@acf	<https://panlex.org/snapshot/panlex-20191001-csv/2897#110829556>				<https://panlex.org/snapshot/panlex-20191001-csv/2897#110829873>		"heamoanne"@fy	
"mas"@acf	<https://panlex.org/snapshot/panlex-20191001-csv/2897#110828198>				<https://panlex.org/snapshot/panlex-20191001-csv/2897#110827912>		"maart"@fy	
"mas"@acf	<https://panlex.org/snapshot/panlex-20191001-csv/2897#110828198>				<https://panlex.org/snapshot/panlex-20191001-csv/2897#110827882>		"foarjiersmoanne"@fy	
"désanm"@acf	<https://panlex.org/snapshot/panlex-20191001-csv/2897#110831866>				<https://panlex.org/snapshot/panlex-20191001-csv/2897#110831655>		"wintermoanne"@fy	
"désanm"@acf	<https://panlex.org/snapshot/panlex-20191001-csv/2897#110831866>				<https://panlex.org/snapshot/panlex-20191001-csv/2897#110831711>		"desimber"@fy	
"avwi"@acf	<https://panlex.org/snapshot/panlex-20191001-csv/2897#110828465>				<https://panlex.org/snapshot/panlex-20191001-csv/2897#110828289>		"april"@fy	
"avwi"@acf	<https://panlex.org/snapshot/panlex-20191001-csv/2897#110828465>				<https://panlex.org/snapshot/panlex-20191001-csv/2897#110828453>		"gersmoanne"@fy	
"sèptanm"@acf	<https://panlex.org/snapshot/panlex-20191001-csv/2897#110830450>				<https://panlex.org/snapshot/panlex-20191001-csv/2897#110830573>		"hjerstmoanne"@fy	
"sèptanm"@acf	<https://panlex.org/snapshot/panlex-20191001-csv/2897#110830450>				<https://panlex.org/snapshot/panlex-20191001-csv/2897#110830506>		"septimber"@fy	
"janvyé"@acf	<https://panlex.org/snapshot/panlex-20191001-csv/2897#110827367>				<https://panlex.org/snapshot/panlex-20191001-csv/2897#110827174>		"foarmoanne"@fy	
"janvyé"@acf	<https://panlex.org/snapshot/panlex-20191001-csv/2897#110827367>				<https://panlex.org/snapshot/panlex-20191001-csv/2897#110827271>		"jannewaris"@fy	
"novanm"@acf	<https://panlex.org/snapshot/panlex-20191001-csv/2897#110831470>				<https://panlex.org/snapshot/panlex-20191001-csv/2897#110831287>		"slachtmoanne"@fy	
"novanm"@acf	<https://panlex.org/snapshot/panlex-20191001-csv/2897#110831470>				<https://panlex.org/snapshot/panlex-20191001-csv/2897#110831407>		"novimber"@fy	
"au"@acf	<https://panlex.org/snapshot/panlex-20191001-csv/2897#110830114>				<https://panlex.org/snapshot/panlex-20191001-csv/2897#110830086>		"augustus"@fy	
"au"@acf	<https://panlex.org/snapshot/panlex-20191001-csv/2897#110830114>				<https://panlex.org/snapshot/panlex-20191001-csv/2897#110830282>		"rispmoanne"@fy	
"mé"@acf	<https://panlex.org/snapshot/panlex-20191001-csv/2897#110828929>				<https://panlex.org/snapshot/panlex-20191001-csv/2897#110828993>		"maaie"@fy	
"mé"@acf	<https://panlex.org/snapshot/panlex-20191001-csv/2897#110828929>				<https://panlex.org/snapshot/panlex-20191001-csv/2897#110828728>		"blommemoanne"@fy	
"févwiyé"@acf	<https://panlex.org/snapshot/panlex-20191001-csv/2897#110827777>				<https://panlex.org/snapshot/panlex-20191001-csv/2897#110827446>		"sellemoanne"@fy	
"févwiyé"@acf	<https://panlex.org/snapshot/panlex-20191001-csv/2897#110827777>				<https://panlex.org/snapshot/panlex-20191001-csv/2897#110827842>		"selle"@fy	
"févwiyé"@acf	<https://panlex.org/snapshot/panlex-20191001-csv/2897#110827777>				<https://panlex.org/snapshot/panlex-20191001-csv/2897#110827814>		"febrewaris"@fy	
"Léwòp"@acf	<https://panlex.org/snapshot/panlex-20191001-csv/2891#110854184>				<https://panlex.org/snapshot/panlex-20191001-csv/2891#110854295>		"Jeropa"@fy	
