"ehd"@pbb	<https://panlex.org/snapshot/panlex-20191001-csv/1573#50090977>				<https://panlex.org/snapshot/panlex-20191001-csv/1573#50090878>		"ie c̷̣ami-skua"@chb	
"ehd"@pbb	<https://panlex.org/snapshot/panlex-20191001-csv/1573#50090977>				<https://panlex.org/snapshot/panlex-20191001-csv/1573#50090879>		"ie zamisqua"@chb	
"kaΦ"@pbb	<https://panlex.org/snapshot/panlex-20191001-csv/1573#50085554>				<https://panlex.org/snapshot/panlex-20191001-csv/1573#50085431>		"ta"@chb	
"yuʔkh wala"@pbb	<https://panlex.org/snapshot/panlex-20191001-csv/1573#50089826>				<https://panlex.org/snapshot/panlex-20191001-csv/1573#50089679>		"kɨe"@chb	
"yuʔkh wala"@pbb	<https://panlex.org/snapshot/panlex-20191001-csv/1573#50089826>				<https://panlex.org/snapshot/panlex-20191001-csv/1573#50089680>		"quye"@chb	
"yuʔ-wala"@pbb	<https://panlex.org/snapshot/panlex-20191001-csv/1573#50088488>				<https://panlex.org/snapshot/panlex-20191001-csv/1573#50088248>		"sie"@chb	
"yuʔ-wala"@pbb	<https://panlex.org/snapshot/panlex-20191001-csv/1573#50088488>				<https://panlex.org/snapshot/panlex-20191001-csv/1573#50088251>		"xie"@chb	
"yuʔ-wala"@pbb	<https://panlex.org/snapshot/panlex-20191001-csv/1573#50088488>				<https://panlex.org/snapshot/panlex-20191001-csv/1573#50088250>		"sietoque"@chb	
"yuʔ-wala"@pbb	<https://panlex.org/snapshot/panlex-20191001-csv/1573#50088488>				<https://panlex.org/snapshot/panlex-20191001-csv/1573#50088249>		"sie-toke"@chb	
"yuʔ"@pbb	<https://panlex.org/snapshot/panlex-20191001-csv/1573#50085800>				<https://panlex.org/snapshot/panlex-20191001-csv/1573#50085673>		"sie"@chb	
"kiwe"@pbb	<https://panlex.org/snapshot/panlex-20191001-csv/1573#50082498>				<https://panlex.org/snapshot/panlex-20191001-csv/1573#50082329>		"iegui"@chb	
"kiwe"@pbb	<https://panlex.org/snapshot/panlex-20191001-csv/1573#50082498>				<https://panlex.org/snapshot/panlex-20191001-csv/1573#50082330>		"ieɣi"@chb	
"kiwe"@pbb	<https://panlex.org/snapshot/panlex-20191001-csv/1573#50082167>				<https://panlex.org/snapshot/panlex-20191001-csv/1573#50082002>		"quyca"@chb	
"kiwe"@pbb	<https://panlex.org/snapshot/panlex-20191001-csv/1573#50082167>				<https://panlex.org/snapshot/panlex-20191001-csv/1573#50082001>		"kɨka"@chb	
"kiwe"@pbb	<https://panlex.org/snapshot/panlex-20191001-csv/1573#50081858>				<https://panlex.org/snapshot/panlex-20191001-csv/1573#50081736>		"kɨka-ɣua ac̷̣onuka"@chb	
"kiwe"@pbb	<https://panlex.org/snapshot/panlex-20191001-csv/1573#50081858>				<https://panlex.org/snapshot/panlex-20191001-csv/1573#50081737>		"quycagua azonuca"@chb	
"muse"@pbb	<https://panlex.org/snapshot/panlex-20191001-csv/1573#50083332>				<https://panlex.org/snapshot/panlex-20191001-csv/1573#50083205>		"ɣua-nc̷̣a"@chb	
"muse"@pbb	<https://panlex.org/snapshot/panlex-20191001-csv/1573#50083332>				<https://panlex.org/snapshot/panlex-20191001-csv/1573#50083204>		"guanza"@chb	
"tʸitʸ"@pbb	<https://panlex.org/snapshot/panlex-20191001-csv/1573#50083082>				<https://panlex.org/snapshot/panlex-20191001-csv/1573#50082916>		"isua"@chb	
"tʸak"@pbb	<https://panlex.org/snapshot/panlex-20191001-csv/1573#50084367>				<https://panlex.org/snapshot/panlex-20191001-csv/1573#50084183>		"muycuc pquao"@chb	
"tʸak"@pbb	<https://panlex.org/snapshot/panlex-20191001-csv/1573#50084367>				<https://panlex.org/snapshot/panlex-20191001-csv/1573#50084184>		"mɨkɨk pkuao"@chb	
"yuʔ tũčha-ʼsa"@pbb	<https://panlex.org/snapshot/panlex-20191001-csv/1573#50087777>				<https://panlex.org/snapshot/panlex-20191001-csv/1573#50087658>		"simque"@chb	
"yuʔ tũčha-ʼsa"@pbb	<https://panlex.org/snapshot/panlex-20191001-csv/1573#50087777>				<https://panlex.org/snapshot/panlex-20191001-csv/1573#50087657>		"simke"@chb	
"tuhd"@pbb	<https://panlex.org/snapshot/panlex-20191001-csv/1573#50082780>				<https://panlex.org/snapshot/panlex-20191001-csv/1573#50082644>		"fusque"@chb	
"tuhd"@pbb	<https://panlex.org/snapshot/panlex-20191001-csv/1573#50082780>				<https://panlex.org/snapshot/panlex-20191001-csv/1573#50082645>		"βuske"@chb	
"thãʔh"@pbb	<https://panlex.org/snapshot/panlex-20191001-csv/1573#50083692>				<https://panlex.org/snapshot/panlex-20191001-csv/1573#50083491>		"gua"@chb	
"thãʔh"@pbb	<https://panlex.org/snapshot/panlex-20191001-csv/1573#50083692>				<https://panlex.org/snapshot/panlex-20191001-csv/1573#50083492>		"ɣua"@chb	
"ẽẽ c̷ẽy"@pbb	<https://panlex.org/snapshot/panlex-20191001-csv/1573#50091194>				<https://panlex.org/snapshot/panlex-20191001-csv/1573#50091077>		"ɣuat-kɨka"@chb	
"ẽẽ c̷ẽy"@pbb	<https://panlex.org/snapshot/panlex-20191001-csv/1573#50091194>				<https://panlex.org/snapshot/panlex-20191001-csv/1573#50091076>		"guatquyca"@chb	
"ĩkh wala"@pbb	<https://panlex.org/snapshot/panlex-20191001-csv/1573#50087025>				<https://panlex.org/snapshot/panlex-20191001-csv/1573#50086909>		"xiua"@chb	
"ĩkh wala"@pbb	<https://panlex.org/snapshot/panlex-20191001-csv/1573#50087025>				<https://panlex.org/snapshot/panlex-20191001-csv/1573#50086908>		"si-ua"@chb	
"sek"@pbb	<https://panlex.org/snapshot/panlex-20191001-csv/1573#50091452>				<https://panlex.org/snapshot/panlex-20191001-csv/1573#50091328>		"sua"@chb	
"yuʔ-"@pbb	<https://panlex.org/snapshot/panlex-20191001-csv/1573#50089081>				<https://panlex.org/snapshot/panlex-20191001-csv/1573#50088884>		"hichyquy"@chb	
"yuʔ-"@pbb	<https://panlex.org/snapshot/panlex-20191001-csv/1573#50089081>				<https://panlex.org/snapshot/panlex-20191001-csv/1573#50088885>		"hiṣɨkɨ"@chb	
"Φtũũ taš"@pbb	<https://panlex.org/snapshot/panlex-20191001-csv/1573#50090102>				<https://panlex.org/snapshot/panlex-20191001-csv/1573#50089971>		"kɨe"@chb	
"Φtũũ taš"@pbb	<https://panlex.org/snapshot/panlex-20191001-csv/1573#50090102>				<https://panlex.org/snapshot/panlex-20191001-csv/1573#50089972>		"quye"@chb	
"βic̷ wala"@pbb	<https://panlex.org/snapshot/panlex-20191001-csv/1573#50083693>				<https://panlex.org/snapshot/panlex-20191001-csv/1573#50083491>		"gua"@chb	
"βic̷ wala"@pbb	<https://panlex.org/snapshot/panlex-20191001-csv/1573#50083693>				<https://panlex.org/snapshot/panlex-20191001-csv/1573#50083492>		"ɣua"@chb	
"kwet"@pbb	<https://panlex.org/snapshot/panlex-20191001-csv/1573#50090711>				<https://panlex.org/snapshot/panlex-20191001-csv/1573#50090509>		"hyca"@chb	
"kwet"@pbb	<https://panlex.org/snapshot/panlex-20191001-csv/1573#50090711>				<https://panlex.org/snapshot/panlex-20191001-csv/1573#50090510>		"hɨka"@chb	
