"Amazinga ya Seyisheli"@rn	<https://panlex.org/snapshot/panlex-20191001-csv/6898#113602021>				<https://panlex.org/snapshot/panlex-20191001-csv/6898#113601856>		"सेचेलेस"@npi	
"Alubaniya"@rn	<https://panlex.org/snapshot/panlex-20191001-csv/6898#113637742>				<https://panlex.org/snapshot/panlex-20191001-csv/6898#113637724>		"अल्बानिया"@npi	
"Madagasikari"@rn	<https://panlex.org/snapshot/panlex-20191001-csv/6898#113590062>				<https://panlex.org/snapshot/panlex-20191001-csv/6898#113590053>		"मडागास्कर"@npi	
"Amazinga ya Salumoni"@rn	<https://panlex.org/snapshot/panlex-20191001-csv/6898#113602283>				<https://panlex.org/snapshot/panlex-20191001-csv/6898#113602428>		"सोलोमोन टापुहरु"@npi	
"Togo"@rn	<https://panlex.org/snapshot/panlex-20191001-csv/6898#113613860>				<https://panlex.org/snapshot/panlex-20191001-csv/6898#113613826>		"टोगो"@npi	
"Intara y’Ubwongereza yo mu birwa by’Abahindi"@rn	<https://panlex.org/snapshot/panlex-20191001-csv/6898#113584266>				<https://panlex.org/snapshot/panlex-20191001-csv/6898#113584421>		"बेलायती हिन्द महासागर क्षेत्र"@npi	
"Gabo"@rn	<https://panlex.org/snapshot/panlex-20191001-csv/6898#113585196>				<https://panlex.org/snapshot/panlex-20191001-csv/6898#113585197>		"गावोन"@npi	
"Malita"@rn	<https://panlex.org/snapshot/panlex-20191001-csv/6898#113645052>				<https://panlex.org/snapshot/panlex-20191001-csv/6898#113645103>		"माल्टा"@npi	
"Moritaniya"@rn	<https://panlex.org/snapshot/panlex-20191001-csv/6898#113636403>				<https://panlex.org/snapshot/panlex-20191001-csv/6898#113636494>		"माउरिटानिया"@npi	
"Gineya Ekwatoriyali"@rn	<https://panlex.org/snapshot/panlex-20191001-csv/6898#113634017>				<https://panlex.org/snapshot/panlex-20191001-csv/6898#113633941>		"भू-मध्यीय गिनी"@npi	
"Senegali"@rn	<https://panlex.org/snapshot/panlex-20191001-csv/6898#113591288>				<https://panlex.org/snapshot/panlex-20191001-csv/6898#113591220>		"सेनेगाल"@npi	
"Lituwaniya"@rn	<https://panlex.org/snapshot/panlex-20191001-csv/6898#113631911>				<https://panlex.org/snapshot/panlex-20191001-csv/6898#113631912>		"लिथुअनिया"@npi	
"Finilandi"@rn	<https://panlex.org/snapshot/panlex-20191001-csv/6898#113641511>				<https://panlex.org/snapshot/panlex-20191001-csv/6898#113641583>		"फिन्ल्याण्ड"@npi	
"Libani"@rn	<https://panlex.org/snapshot/panlex-20191001-csv/6898#113585390>				<https://panlex.org/snapshot/panlex-20191001-csv/6898#113585421>		"लेबनन"@npi	
"Angwila"@rn	<https://panlex.org/snapshot/panlex-20191001-csv/6898#113587611>				<https://panlex.org/snapshot/panlex-20191001-csv/6898#113587540>		"आङ्गुइला"@npi	
"Gwayana y’Abafaransa"@rn	<https://panlex.org/snapshot/panlex-20191001-csv/6898#113644584>				<https://panlex.org/snapshot/panlex-20191001-csv/6898#113644493>		"फ्रान्सेली गायना"@npi	
"Samowa nyamerika"@rn	<https://panlex.org/snapshot/panlex-20191001-csv/6898#113606247>				<https://panlex.org/snapshot/panlex-20191001-csv/6898#113606264>		"अमेरिकी समोआ"@npi	
"Botswana"@rn	<https://panlex.org/snapshot/panlex-20191001-csv/6898#113595424>				<https://panlex.org/snapshot/panlex-20191001-csv/6898#113595415>		"बोट्स्वाना"@npi	
"Repubulika Iharanira Demokarasi ya Kongo"@rn	<https://panlex.org/snapshot/panlex-20191001-csv/6898#113589791>				<https://panlex.org/snapshot/panlex-20191001-csv/6898#113589433>		"कोङ्गो-किन्शासा"@npi	
"Repubulika Iharanira Demokarasi ya Kongo"@rn	<https://panlex.org/snapshot/panlex-20191001-csv/6898#113589791>				<https://panlex.org/snapshot/panlex-20191001-csv/6898#113589663>		"कङ्गो (डीआर्‌सी)"@npi	
"Danimariki"@rn	<https://panlex.org/snapshot/panlex-20191001-csv/6898#113629456>				<https://panlex.org/snapshot/panlex-20191001-csv/6898#113629461>		"डेनमार्क"@npi	
"Azerubayijani"@rn	<https://panlex.org/snapshot/panlex-20191001-csv/6898#113619269>				<https://panlex.org/snapshot/panlex-20191001-csv/6898#113619381>		"अजरबैजान"@npi	
"Kirigisitani"@rn	<https://panlex.org/snapshot/panlex-20191001-csv/6898#113627366>				<https://panlex.org/snapshot/panlex-20191001-csv/6898#113627387>		"किर्गिस्थान"@npi	
"Bangaladeshi"@rn	<https://panlex.org/snapshot/panlex-20191001-csv/6898#113632163>				<https://panlex.org/snapshot/panlex-20191001-csv/6898#113632166>		"बङ्गलादेश"@npi	
"Eli Saluvatori"@rn	<https://panlex.org/snapshot/panlex-20191001-csv/6898#113600626>				<https://panlex.org/snapshot/panlex-20191001-csv/6898#113600621>		"एल् साल्भाडोर"@npi	
"Lishyitenshitayini"@rn	<https://panlex.org/snapshot/panlex-20191001-csv/6898#113613138>				<https://panlex.org/snapshot/panlex-20191001-csv/6898#113613112>		"लिएखटेन्स्टाइन"@npi	
"Leta Zunze Ubumwe z’Abarabu"@rn	<https://panlex.org/snapshot/panlex-20191001-csv/6898#113608754>				<https://panlex.org/snapshot/panlex-20191001-csv/6898#113608689>		"संयुक्त अरब इमिराट्स"@npi	
"Amazinga ya Turkisi na Cayikosi"@rn	<https://panlex.org/snapshot/panlex-20191001-csv/6898#113588654>				<https://panlex.org/snapshot/panlex-20191001-csv/6898#113588754>		"तुर्क र काइकोस टापु"@npi	
"Izinga rya Shipure"@rn	<https://panlex.org/snapshot/panlex-20191001-csv/6898#113631879>				<https://panlex.org/snapshot/panlex-20191001-csv/6898#113631790>		"साइप्रस"@npi	
"Suriname"@rn	<https://panlex.org/snapshot/panlex-20191001-csv/6898#113640697>				<https://panlex.org/snapshot/panlex-20191001-csv/6898#113640703>		"सुरिनेम"@npi	
"Sehelene"@rn	<https://panlex.org/snapshot/panlex-20191001-csv/6898#113622775>				<https://panlex.org/snapshot/panlex-20191001-csv/6898#113622726>		"सेन्ट हेलेना"@npi	
"Etiyopiya"@rn	<https://panlex.org/snapshot/panlex-20191001-csv/6898#113615587>				<https://panlex.org/snapshot/panlex-20191001-csv/6898#113615582>		"इथियोपिया"@npi	
"Gwamu"@rn	<https://panlex.org/snapshot/panlex-20191001-csv/6898#113630638>				<https://panlex.org/snapshot/panlex-20191001-csv/6898#113630643>		"गुवाम"@npi	
"Noruveji"@rn	<https://panlex.org/snapshot/panlex-20191001-csv/6898#113609794>				<https://panlex.org/snapshot/panlex-20191001-csv/6898#113609852>		"नर्वे"@npi	
"Ubugande"@rn	<https://panlex.org/snapshot/panlex-20191001-csv/6898#113638076>				<https://panlex.org/snapshot/panlex-20191001-csv/6898#113637983>		"युगाण्डा"@npi	
"Libiya"@rn	<https://panlex.org/snapshot/panlex-20191001-csv/6898#113597717>				<https://panlex.org/snapshot/panlex-20191001-csv/6898#113597806>		"लिबिया"@npi	
"Izinga rya Morise"@rn	<https://panlex.org/snapshot/panlex-20191001-csv/6898#113611373>				<https://panlex.org/snapshot/panlex-20191001-csv/6898#113611456>		"माउरिटस"@npi	
"Koreya y’amajepfo"@rn	<https://panlex.org/snapshot/panlex-20191001-csv/6898#113638903>				<https://panlex.org/snapshot/panlex-20191001-csv/6898#113638789>		"दक्षिण कोरिया"@npi	
"Buligariya"@rn	<https://panlex.org/snapshot/panlex-20191001-csv/6898#113631083>				<https://panlex.org/snapshot/panlex-20191001-csv/6898#113631084>		"बुल्गेरिया"@npi	
"Bahamasi"@rn	<https://panlex.org/snapshot/panlex-20191001-csv/6898#113592729>				<https://panlex.org/snapshot/panlex-20191001-csv/6898#113592700>		"बहामास"@npi	
"Gurunilandi"@rn	<https://panlex.org/snapshot/panlex-20191001-csv/6898#113590698>				<https://panlex.org/snapshot/panlex-20191001-csv/6898#113590665>		"ग्रिनल्याण्ड"@npi	
"Elitereya"@rn	<https://panlex.org/snapshot/panlex-20191001-csv/6898#113586961>				<https://panlex.org/snapshot/panlex-20191001-csv/6898#113587059>		"एरित्रिया"@npi	
"Jeworujiya"@rn	<https://panlex.org/snapshot/panlex-20191001-csv/6898#113635080>				<https://panlex.org/snapshot/panlex-20191001-csv/6898#113635107>		"जर्जिया"@npi	
"Silovakiya"@rn	<https://panlex.org/snapshot/panlex-20191001-csv/6898#113614503>				<https://panlex.org/snapshot/panlex-20191001-csv/6898#113614438>		"स्लोभाकिया"@npi	
"Hayiti"@rn	<https://panlex.org/snapshot/panlex-20191001-csv/6898#113634630>				<https://panlex.org/snapshot/panlex-20191001-csv/6898#113634649>		"हैटी"@npi	
"Moludavi"@rn	<https://panlex.org/snapshot/panlex-20191001-csv/6898#113633221>				<https://panlex.org/snapshot/panlex-20191001-csv/6898#113633309>		"माल्डोभा"@npi	
"Mayote"@rn	<https://panlex.org/snapshot/panlex-20191001-csv/6898#113603930>				<https://panlex.org/snapshot/panlex-20191001-csv/6898#113604002>		"मायोट्ट"@npi	
"u Rwanda"@rn	<https://panlex.org/snapshot/panlex-20191001-csv/6898#113625560>				<https://panlex.org/snapshot/panlex-20191001-csv/6898#113625402>		"रवाण्डा"@npi	
"Uburusiya"@rn	<https://panlex.org/snapshot/panlex-20191001-csv/6898#113645837>				<https://panlex.org/snapshot/panlex-20191001-csv/6898#113645869>		"रूस"@npi	
"Sirilanka"@rn	<https://panlex.org/snapshot/panlex-20191001-csv/6898#113609345>				<https://panlex.org/snapshot/panlex-20191001-csv/6898#113609287>		"श्रीलङ्का"@npi	
"Misiri"@rn	<https://panlex.org/snapshot/panlex-20191001-csv/6898#113604560>				<https://panlex.org/snapshot/panlex-20191001-csv/6898#113604610>		"इजिप्ट"@npi	
"Walisi na Futuna"@rn	<https://panlex.org/snapshot/panlex-20191001-csv/6898#113638692>				<https://panlex.org/snapshot/panlex-20191001-csv/6898#113638574>		"वालिस र फुटुना"@npi	
"Amazinga ya Reyiniyo"@rn	<https://panlex.org/snapshot/panlex-20191001-csv/6898#113591673>				<https://panlex.org/snapshot/panlex-20191001-csv/6898#113591605>		"रियुनियन"@npi	
"Koreya y’amajaruguru"@rn	<https://panlex.org/snapshot/panlex-20191001-csv/6898#113598808>				<https://panlex.org/snapshot/panlex-20191001-csv/6898#113598894>		"उत्तर कोरिया"@npi	
"Nepali"@rn	<https://panlex.org/snapshot/panlex-20191001-csv/6898#113584118>				<https://panlex.org/snapshot/panlex-20191001-csv/6898#113584234>		"नेपाल"@npi	
"Hisipaniya"@rn	<https://panlex.org/snapshot/panlex-20191001-csv/6898#113594569>				<https://panlex.org/snapshot/panlex-20191001-csv/6898#113594617>		"स्पेन"@npi	
"Nuvelizelandi"@rn	<https://panlex.org/snapshot/panlex-20191001-csv/6898#113587229>				<https://panlex.org/snapshot/panlex-20191001-csv/6898#113587151>		"न्युजिल्याण्ड"@npi	
"Izinga rya Komore"@rn	<https://panlex.org/snapshot/panlex-20191001-csv/6898#113626984>				<https://panlex.org/snapshot/panlex-20191001-csv/6898#113627008>		"कोमोरोस"@npi	
"Mali"@rn	<https://panlex.org/snapshot/panlex-20191001-csv/6898#113615156>				<https://panlex.org/snapshot/panlex-20191001-csv/6898#113615148>		"माली"@npi	
"kuwambwere"@rn	<https://panlex.org/snapshot/panlex-20191001-csv/5947#84803552>				<https://panlex.org/snapshot/panlex-20191001-csv/5947#84803522>		"सोम्बार"@npi	
"kuwambwere"@rn	<https://panlex.org/snapshot/panlex-20191001-csv/5947#84803552>				<https://panlex.org/snapshot/panlex-20191001-csv/5947#84803523>		"सौँबार"@npi	
"Republika y'Ubudagi Bwunze Ubumwe"@rn	<https://panlex.org/snapshot/panlex-20191001-csv/5939#80768240>				<https://panlex.org/snapshot/panlex-20191001-csv/5939#80768233>		"saṅghīya gaṇarājya Jarmanī"@npi	
"Ubudagi"@rn	<https://panlex.org/snapshot/panlex-20191001-csv/5939#80782772>				<https://panlex.org/snapshot/panlex-20191001-csv/5939#80782758>		"jarmanī"@npi	
"Myandagaro"@rn	<https://panlex.org/snapshot/panlex-20191001-csv/5949#85329478>				<https://panlex.org/snapshot/panlex-20191001-csv/5949#85329450>		"अगस्त"@npi	
"Francia"@rn	<https://panlex.org/snapshot/panlex-20191001-csv/5949#85323656>				<https://panlex.org/snapshot/panlex-20191001-csv/5949#85323639>		"फ्रान्स"@npi	
"Bibiliya"@rn	<https://panlex.org/snapshot/panlex-20191001-csv/5949#85302771>				<https://panlex.org/snapshot/panlex-20191001-csv/5949#85302752>		"बाइबल"@npi	
"amahoro"@rn	<https://panlex.org/snapshot/panlex-20191001-csv/2902#111012305>				<https://panlex.org/snapshot/panlex-20191001-csv/2902#111012152>		"शान्ति"@npi	
"kuwamungu"@rn	<https://panlex.org/snapshot/panlex-20191001-csv/2892#110826903>				<https://panlex.org/snapshot/panlex-20191001-csv/2892#110826920>		"आइत्बार"@npi	
"kuwamungu"@rn	<https://panlex.org/snapshot/panlex-20191001-csv/2892#110826903>				<https://panlex.org/snapshot/panlex-20191001-csv/2892#110826965>		"रबिबार"@npi	
"kuwambwere"@rn	<https://panlex.org/snapshot/panlex-20191001-csv/2892#110824302>				<https://panlex.org/snapshot/panlex-20191001-csv/2892#110824241>		"सोम्बार"@npi	
"kuwambwere"@rn	<https://panlex.org/snapshot/panlex-20191001-csv/2892#110824302>				<https://panlex.org/snapshot/panlex-20191001-csv/2892#110824415>		"सौँबार"@npi	
"kuwagatandatu"@rn	<https://panlex.org/snapshot/panlex-20191001-csv/2892#110826254>				<https://panlex.org/snapshot/panlex-20191001-csv/2892#110826573>		"सन्सर्बार"@npi	
"kuwagatandatu"@rn	<https://panlex.org/snapshot/panlex-20191001-csv/2892#110826254>				<https://panlex.org/snapshot/panlex-20191001-csv/2892#110826426>		"सन्चर्बार"@npi	
"kuwagatandatu"@rn	<https://panlex.org/snapshot/panlex-20191001-csv/2892#110826254>				<https://panlex.org/snapshot/panlex-20191001-csv/2892#110826293>		"सञ्चर्बार"@npi	
"kuwagatandatu"@rn	<https://panlex.org/snapshot/panlex-20191001-csv/2892#110826254>				<https://panlex.org/snapshot/panlex-20191001-csv/2892#110826323>		"सनिचर्बार"@npi	
"kuwakane"@rn	<https://panlex.org/snapshot/panlex-20191001-csv/2892#110825411>				<https://panlex.org/snapshot/panlex-20191001-csv/2892#110825669>		"गुरुबार"@npi	
"kuwakane"@rn	<https://panlex.org/snapshot/panlex-20191001-csv/2892#110825411>				<https://panlex.org/snapshot/panlex-20191001-csv/2892#110825621>		"बिहिबार"@npi	
"kuwakabiri"@rn	<https://panlex.org/snapshot/panlex-20191001-csv/2892#110824472>				<https://panlex.org/snapshot/panlex-20191001-csv/2892#110824608>		"मङ्गल्बार"@npi	
"kuwagatatu"@rn	<https://panlex.org/snapshot/panlex-20191001-csv/2892#110824983>				<https://panlex.org/snapshot/panlex-20191001-csv/2892#110824972>		"बुध्बार"@npi	
"kuwagatanu"@rn	<https://panlex.org/snapshot/panlex-20191001-csv/2892#110825874>				<https://panlex.org/snapshot/panlex-20191001-csv/2892#110826054>		"सुकबार"@npi	
"kuwagatanu"@rn	<https://panlex.org/snapshot/panlex-20191001-csv/2892#110825874>				<https://panlex.org/snapshot/panlex-20191001-csv/2892#110825850>		"शुक्रबार"@npi	
"Nyakanga"@rn	<https://panlex.org/snapshot/panlex-20191001-csv/2897#110830389>				<https://panlex.org/snapshot/panlex-20191001-csv/2897#110830427>		"सेप्टेम्बर"@npi	
"Kigarama"@rn	<https://panlex.org/snapshot/panlex-20191001-csv/2897#110831795>				<https://panlex.org/snapshot/panlex-20191001-csv/2897#110831899>		"डिसेम्बर"@npi	
"Ndamukiza"@rn	<https://panlex.org/snapshot/panlex-20191001-csv/2897#110828527>				<https://panlex.org/snapshot/panlex-20191001-csv/2897#110828295>		"एप्रील"@npi	
"Mukakaro"@rn	<https://panlex.org/snapshot/panlex-20191001-csv/2897#110829837>				<https://panlex.org/snapshot/panlex-20191001-csv/2897#110829502>		"जूलाई"@npi	
"Ntwarante"@rn	<https://panlex.org/snapshot/panlex-20191001-csv/2897#110828237>				<https://panlex.org/snapshot/panlex-20191001-csv/2897#110828016>		"मार्च"@npi	
"Ruhuhuma"@rn	<https://panlex.org/snapshot/panlex-20191001-csv/2897#110827679>				<https://panlex.org/snapshot/panlex-20191001-csv/2897#110827768>		"फेब्रुअरी"@npi	
"Rusama"@rn	<https://panlex.org/snapshot/panlex-20191001-csv/2897#110828891>				<https://panlex.org/snapshot/panlex-20191001-csv/2897#110829056>		"मे"@npi	
"Gitugutu"@rn	<https://panlex.org/snapshot/panlex-20191001-csv/2897#110830725>				<https://panlex.org/snapshot/panlex-20191001-csv/2897#110831059>		"अक्टोबर"@npi	
"Myunyonyo"@rn	<https://panlex.org/snapshot/panlex-20191001-csv/2897#110831278>				<https://panlex.org/snapshot/panlex-20191001-csv/2897#110831455>		"नोभेम्बर"@npi	
"Myandagaro"@rn	<https://panlex.org/snapshot/panlex-20191001-csv/2897#110829998>				<https://panlex.org/snapshot/panlex-20191001-csv/2897#110830213>		"अगस्त"@npi	
"Ruheshi"@rn	<https://panlex.org/snapshot/panlex-20191001-csv/2897#110829248>				<https://panlex.org/snapshot/panlex-20191001-csv/2897#110829123>		"जून"@npi	
"Nzero"@rn	<https://panlex.org/snapshot/panlex-20191001-csv/2897#110827338>				<https://panlex.org/snapshot/panlex-20191001-csv/2897#110827218>		"जेनवरी"@npi	
"Afurika"@rn	<https://panlex.org/snapshot/panlex-20191001-csv/2891#110853196>				<https://panlex.org/snapshot/panlex-20191001-csv/2891#110853239>		"अफ्रिका"@npi	
