"rimorimo"@aut	<https://panlex.org/snapshot/panlex-20191001-csv/114#8053705>				<https://panlex.org/snapshot/panlex-20191001-csv/114#8053839>		"hele"@iai	
"rimorimo"@aut	<https://panlex.org/snapshot/panlex-20191001-csv/114#8053705>				<https://panlex.org/snapshot/panlex-20191001-csv/114#8053838>		"he"@iai	
"upoʔo"@aut	<https://panlex.org/snapshot/panlex-20191001-csv/114#8063421>				<https://panlex.org/snapshot/panlex-20191001-csv/114#8063545>		"ba-"@iai	
"ʔoopuu"@aut	<https://panlex.org/snapshot/panlex-20191001-csv/114#8058292>				<https://panlex.org/snapshot/panlex-20191001-csv/114#8058408>		"ylaiiñ"@iai	
"pao"@aut	<https://panlex.org/snapshot/panlex-20191001-csv/114#8063420>				<https://panlex.org/snapshot/panlex-20191001-csv/114#8063545>		"ba-"@iai	
"meʔameʔa"@aut	<https://panlex.org/snapshot/panlex-20191001-csv/114#8062393>				<https://panlex.org/snapshot/panlex-20191001-csv/114#8062502>		"outen"@iai	
"ʔano"@aut	<https://panlex.org/snapshot/panlex-20191001-csv/114#8053707>				<https://panlex.org/snapshot/panlex-20191001-csv/114#8053839>		"hele"@iai	
"ʔano"@aut	<https://panlex.org/snapshot/panlex-20191001-csv/114#8053707>				<https://panlex.org/snapshot/panlex-20191001-csv/114#8053838>		"he"@iai	
"ʔiri"@aut	<https://panlex.org/snapshot/panlex-20191001-csv/114#8057268>				<https://panlex.org/snapshot/panlex-20191001-csv/114#8057379>		"une-"@iai	
"ʔaavae"@aut	<https://panlex.org/snapshot/panlex-20191001-csv/114#8053136>				<https://panlex.org/snapshot/panlex-20191001-csv/114#8053259>		"ca"@iai	
"ʔaere"@aut	<https://panlex.org/snapshot/panlex-20191001-csv/114#8053706>				<https://panlex.org/snapshot/panlex-20191001-csv/114#8053839>		"hele"@iai	
"ʔaere"@aut	<https://panlex.org/snapshot/panlex-20191001-csv/114#8053706>				<https://panlex.org/snapshot/panlex-20191001-csv/114#8053838>		"he"@iai	
"rima"@aut	<https://panlex.org/snapshot/panlex-20191001-csv/114#8051647>				<https://panlex.org/snapshot/panlex-20191001-csv/114#8051770>		"beñi-"@iai	
"ʔaaʔau"@aut	<https://panlex.org/snapshot/panlex-20191001-csv/114#8059357>				<https://panlex.org/snapshot/panlex-20191001-csv/114#8059451>		"taŋ tiiñ"@iai	
"ʔaʔii"@aut	<https://panlex.org/snapshot/panlex-20191001-csv/114#8063972>				<https://panlex.org/snapshot/panlex-20191001-csv/114#8064090>		"ñii-"@iai	
"puta eʔu"@aut	<https://panlex.org/snapshot/panlex-20191001-csv/114#8065060>				<https://panlex.org/snapshot/panlex-20191001-csv/114#8065176>		"hñiŋəiñ"@iai	
