"vesi"@fi	<https://panlex.org/snapshot/panlex-20191001-csv/6798#113166974>				<https://panlex.org/snapshot/panlex-20191001-csv/6798#113166976>		"ruwa"@ha	
"lammas"@fi	<https://panlex.org/snapshot/panlex-20191001-csv/6798#113166815>				<https://panlex.org/snapshot/panlex-20191001-csv/6798#113166817>		"tunkiya"@ha	
"antilooppi"@fi	<https://panlex.org/snapshot/panlex-20191001-csv/6798#113166683>				<https://panlex.org/snapshot/panlex-20191001-csv/6798#113166685>		"gwanki"@ha	
"antilooppi"@fi	<https://panlex.org/snapshot/panlex-20191001-csv/6798#113166683>				<https://panlex.org/snapshot/panlex-20191001-csv/6798#113166684>		"roan"@ha	
"kissa"@fi	<https://panlex.org/snapshot/panlex-20191001-csv/6798#113166777>				<https://panlex.org/snapshot/panlex-20191001-csv/6798#113166780>		"kyanwa"@ha	
"leipä"@fi	<https://panlex.org/snapshot/panlex-20191001-csv/6798#113166922>				<https://panlex.org/snapshot/panlex-20191001-csv/6798#113166924>		"fadʼi"@ha	
"leipä"@fi	<https://panlex.org/snapshot/panlex-20191001-csv/6798#113166922>				<https://panlex.org/snapshot/panlex-20191001-csv/6798#113166925>		"daraʼa"@ha	
"nauta"@fi	<https://panlex.org/snapshot/panlex-20191001-csv/6798#113166847>				<https://panlex.org/snapshot/panlex-20191001-csv/6798#113166849>		"saniya"@ha	
"liha"@fi	<https://panlex.org/snapshot/panlex-20191001-csv/6798#113166929>				<https://panlex.org/snapshot/panlex-20191001-csv/6798#113166931>		"namà"@ha	
"koira"@fi	<https://panlex.org/snapshot/panlex-20191001-csv/6798#113166787>				<https://panlex.org/snapshot/panlex-20191001-csv/6798#113166789>		"kare"@ha	
"pippuri"@fi	<https://panlex.org/snapshot/panlex-20191001-csv/6798#113166943>				<https://panlex.org/snapshot/panlex-20191001-csv/6798#113166945>		"masoro"@ha	
"norsu"@fi	<https://panlex.org/snapshot/panlex-20191001-csv/6798#113166854>				<https://panlex.org/snapshot/panlex-20191001-csv/6798#113166856>		"giwa"@ha	
"tsetse-kärpänen"@fi	<https://panlex.org/snapshot/panlex-20191001-csv/6798#113166894>				<https://panlex.org/snapshot/panlex-20191001-csv/6798#113166895>		"auro"@ha	
"krokotiili"@fi	<https://panlex.org/snapshot/panlex-20191001-csv/6798#113166794>				<https://panlex.org/snapshot/panlex-20191001-csv/6798#113166795>		"kada"@ha	
"kala"@fi	<https://panlex.org/snapshot/panlex-20191001-csv/6798#113166752>				<https://panlex.org/snapshot/panlex-20191001-csv/6798#113166754>		"kifi"@ha	
"öljy"@fi	<https://panlex.org/snapshot/panlex-20191001-csv/6798#113166962>				<https://panlex.org/snapshot/panlex-20191001-csv/6798#113166964>		"mai"@ha	
"skorpioni"@fi	<https://panlex.org/snapshot/panlex-20191001-csv/6798#113166882>				<https://panlex.org/snapshot/panlex-20191001-csv/6798#113166884>		"kunama"@ha	
"enkeli"@fi	<https://panlex.org/snapshot/panlex-20191001-csv/6798#113166704>				<https://panlex.org/snapshot/panlex-20191001-csv/6798#113166706>		"malaʼika"@ha	
"suola"@fi	<https://panlex.org/snapshot/panlex-20191001-csv/6798#113166954>				<https://panlex.org/snapshot/panlex-20191001-csv/6798#113166956>		"gishiri"@ha	
"sarvikuono"@fi	<https://panlex.org/snapshot/panlex-20191001-csv/6798#113166868>				<https://panlex.org/snapshot/panlex-20191001-csv/6798#113166869>		"karkanda"@ha	
"tee"@fi	<https://panlex.org/snapshot/panlex-20191001-csv/6798#113166968>				<https://panlex.org/snapshot/panlex-20191001-csv/6798#113166970>		"shayi"@ha	
"maito"@fi	<https://panlex.org/snapshot/panlex-20191001-csv/6798#113166936>				<https://panlex.org/snapshot/panlex-20191001-csv/6798#113166938>		"madara"@ha	
"apina"@fi	<https://panlex.org/snapshot/panlex-20191001-csv/6798#113166689>				<https://panlex.org/snapshot/panlex-20191001-csv/6798#113166691>		"biri"@ha	
"eläin"@fi	<https://panlex.org/snapshot/panlex-20191001-csv/6798#113166696>				<https://panlex.org/snapshot/panlex-20191001-csv/6798#113166699>		"nama"@ha	
"eläin"@fi	<https://panlex.org/snapshot/panlex-20191001-csv/6798#113166696>				<https://panlex.org/snapshot/panlex-20191001-csv/6798#113166698>		"dabba"@ha	
"perhonen"@fi	<https://panlex.org/snapshot/panlex-20191001-csv/6798#113166861>				<https://panlex.org/snapshot/panlex-20191001-csv/6798#113166863>		"malam vudʼe littafi"@ha	
"viini"@fi	<https://panlex.org/snapshot/panlex-20191001-csv/6798#113166981>				<https://panlex.org/snapshot/panlex-20191001-csv/6798#113166983>		"bammi"@ha	
"lintu"@fi	<https://panlex.org/snapshot/panlex-20191001-csv/6798#113166829>				<https://panlex.org/snapshot/panlex-20191001-csv/6798#113166831>		"tsuntsu"@ha	
"kahvi"@fi	<https://panlex.org/snapshot/panlex-20191001-csv/6798#113166915>				<https://panlex.org/snapshot/panlex-20191001-csv/6798#113166917>		"gahawa"@ha	
"hevonen"@fi	<https://panlex.org/snapshot/panlex-20191001-csv/6798#113166720>				<https://panlex.org/snapshot/panlex-20191001-csv/6798#113166722>		"dookìì"@ha	
"käärme"@fi	<https://panlex.org/snapshot/panlex-20191001-csv/6798#113166808>				<https://panlex.org/snapshot/panlex-20191001-csv/6798#113166810>		"maciji"@ha	
"mehiläinen"@fi	<https://panlex.org/snapshot/panlex-20191001-csv/6798#113166840>				<https://panlex.org/snapshot/panlex-20191001-csv/6798#113166842>		"zuma"@ha	
"sokeri"@fi	<https://panlex.org/snapshot/panlex-20191001-csv/6798#113166948>				<https://panlex.org/snapshot/panlex-20191001-csv/6798#113166950>		"sukar"@ha	
"strutsi"@fi	<https://panlex.org/snapshot/panlex-20191001-csv/6798#113166888>				<https://panlex.org/snapshot/panlex-20191001-csv/6798#113166890>		"jimina"@ha	
"aasi"@fi	<https://panlex.org/snapshot/panlex-20191001-csv/6798#113166676>				<https://panlex.org/snapshot/panlex-20191001-csv/6798#113166678>		"jaki"@ha	
"rasva"@fi	<https://panlex.org/snapshot/panlex-20191001-csv/6798#113166961>				<https://panlex.org/snapshot/panlex-20191001-csv/6798#113166964>		"mai"@ha	
"kirahvi"@fi	<https://panlex.org/snapshot/panlex-20191001-csv/6798#113166771>				<https://panlex.org/snapshot/panlex-20191001-csv/6798#113166773>		"rakʼumin dawa"@ha	
"hiiri"@fi	<https://panlex.org/snapshot/panlex-20191001-csv/6798#113166727>				<https://panlex.org/snapshot/panlex-20191001-csv/6798#113166730>		"kusu"@ha	
"hiiri"@fi	<https://panlex.org/snapshot/panlex-20191001-csv/6798#113166727>				<https://panlex.org/snapshot/panlex-20191001-csv/6798#113166729>		"bera"@ha	
"lisko"@fi	<https://panlex.org/snapshot/panlex-20191001-csv/6798#113166836>				<https://panlex.org/snapshot/panlex-20191001-csv/6798#113166837>		"kʼadangare"@ha	
"gaselli"@fi	<https://panlex.org/snapshot/panlex-20191001-csv/6798#113166710>				<https://panlex.org/snapshot/panlex-20191001-csv/6798#113166712>		"barewa"@ha	
"leijona"@fi	<https://panlex.org/snapshot/panlex-20191001-csv/6798#113166822>				<https://panlex.org/snapshot/panlex-20191001-csv/6798#113166824>		"zaki"@ha	
"kameli"@fi	<https://panlex.org/snapshot/panlex-20191001-csv/6798#113166759>				<https://panlex.org/snapshot/panlex-20191001-csv/6798#113166761>		"rakʼumi"@ha	
"ihminen"@fi	<https://panlex.org/snapshot/panlex-20191001-csv/6798#113166745>				<https://panlex.org/snapshot/panlex-20191001-csv/6798#113166747>		"mutum"@ha	
"vuohi"@fi	<https://panlex.org/snapshot/panlex-20191001-csv/6798#113166907>				<https://panlex.org/snapshot/panlex-20191001-csv/6798#113166909>		"he"@ha	
"vuohi"@fi	<https://panlex.org/snapshot/panlex-20191001-csv/6798#113166907>				<https://panlex.org/snapshot/panlex-20191001-csv/6798#113166910>		"bunsuru"@ha	
"hyönteinen"@fi	<https://panlex.org/snapshot/panlex-20191001-csv/6798#113166738>				<https://panlex.org/snapshot/panlex-20191001-csv/6798#113166740>		"kʼwaro"@ha	
"kana"@fi	<https://panlex.org/snapshot/panlex-20191001-csv/6798#113166764>				<https://panlex.org/snapshot/panlex-20191001-csv/6798#113166766>		"kaza"@ha	
"kärpänen"@fi	<https://panlex.org/snapshot/panlex-20191001-csv/6798#113166801>				<https://panlex.org/snapshot/panlex-20191001-csv/6798#113166803>		"kʼuda"@ha	
"hyeena"@fi	<https://panlex.org/snapshot/panlex-20191001-csv/6798#113166734>				<https://panlex.org/snapshot/panlex-20191001-csv/6798#113166735>		"kura"@ha	
"sika"@fi	<https://panlex.org/snapshot/panlex-20191001-csv/6798#113166875>				<https://panlex.org/snapshot/panlex-20191001-csv/6798#113166877>		"alade"@ha	
"virtahepo"@fi	<https://panlex.org/snapshot/panlex-20191001-csv/6798#113166902>				<https://panlex.org/snapshot/panlex-20191001-csv/6798#113166903>		"dorina"@ha	
"Kirje heprealaisille"@fi	<https://panlex.org/snapshot/panlex-20191001-csv/6726#111133548>				<https://panlex.org/snapshot/panlex-20191001-csv/6726#111133429>		"Ibraniyawa"@ha	
"Toinen kirje Timoteukselle"@fi	<https://panlex.org/snapshot/panlex-20191001-csv/6726#111133028>				<https://panlex.org/snapshot/panlex-20191001-csv/6726#111133048>		"2 Timoti"@ha	
"Ensimmäinen kirje tessalonikalaisille"@fi	<https://panlex.org/snapshot/panlex-20191001-csv/6726#111132497>				<https://panlex.org/snapshot/panlex-20191001-csv/6726#111132484>		"1 Tasalonikawa"@ha	
"Kirje roomalaisille"@fi	<https://panlex.org/snapshot/panlex-20191001-csv/6726#111131292>				<https://panlex.org/snapshot/panlex-20191001-csv/6726#111131294>		"Romawa"@ha	
"Kirje efesolaisille"@fi	<https://panlex.org/snapshot/panlex-20191001-csv/6726#111131973>				<https://panlex.org/snapshot/panlex-20191001-csv/6726#111131969>		"Afisawa"@ha	
"Apostolien teot"@fi	<https://panlex.org/snapshot/panlex-20191001-csv/6726#111131114>				<https://panlex.org/snapshot/panlex-20191001-csv/6726#111131237>		"Ayyukan Manzanni"@ha	
"Toinen Johanneksen kirje"@fi	<https://panlex.org/snapshot/panlex-20191001-csv/6726#111134309>				<https://panlex.org/snapshot/panlex-20191001-csv/6726#111134329>		"2 Yahaya"@ha	
"Kirje filippiläisille"@fi	<https://panlex.org/snapshot/panlex-20191001-csv/6726#111132186>				<https://panlex.org/snapshot/panlex-20191001-csv/6726#111132116>		"Filibiyawa"@ha	
"Johanneksen ilmestys"@fi	<https://panlex.org/snapshot/panlex-20191001-csv/6726#111134833>				<https://panlex.org/snapshot/panlex-20191001-csv/6726#111134803>		"Ru’ya ta Yahaya"@ha	
"Uusi testamentti"@fi	<https://panlex.org/snapshot/panlex-20191001-csv/6726#111134989>				<https://panlex.org/snapshot/panlex-20191001-csv/6726#111134894>		"Sabon Alkawari"@ha	
"Ensimmäinen kirje korinttilaisille"@fi	<https://panlex.org/snapshot/panlex-20191001-csv/6726#111131476>				<https://panlex.org/snapshot/panlex-20191001-csv/6726#111131450>		"1 Korintiyawa"@ha	
"Kirje kolossalaisille"@fi	<https://panlex.org/snapshot/panlex-20191001-csv/6726#111132323>				<https://panlex.org/snapshot/panlex-20191001-csv/6726#111132420>		"Kolosiyawa"@ha	
"Evankeliumi Luukkaan mukaan"@fi	<https://panlex.org/snapshot/panlex-20191001-csv/6726#111130788>				<https://panlex.org/snapshot/panlex-20191001-csv/6726#111130863>		"Luka"@ha	
"Evankeliumi Johanneksen mukaan"@fi	<https://panlex.org/snapshot/panlex-20191001-csv/6726#111131091>				<https://panlex.org/snapshot/panlex-20191001-csv/6726#111130993>		"Yahaya"@ha	
"Toinen kirje tessalonikalaisille"@fi	<https://panlex.org/snapshot/panlex-20191001-csv/6726#111132606>				<https://panlex.org/snapshot/panlex-20191001-csv/6726#111132666>		"2 Tasalonikawa"@ha	
"Jaakobin kirje"@fi	<https://panlex.org/snapshot/panlex-20191001-csv/6726#111133602>				<https://panlex.org/snapshot/panlex-20191001-csv/6726#111133590>		"Yakubu"@ha	
"Kirje Filemonille"@fi	<https://panlex.org/snapshot/panlex-20191001-csv/6726#111133254>				<https://panlex.org/snapshot/panlex-20191001-csv/6726#111133368>		"Filiman"@ha	
"Toinen Pietarin kirje"@fi	<https://panlex.org/snapshot/panlex-20191001-csv/6726#111134022>				<https://panlex.org/snapshot/panlex-20191001-csv/6726#111133941>		"2 Bitrus"@ha	
"Ensimmäinen Johanneksen kirje"@fi	<https://panlex.org/snapshot/panlex-20191001-csv/6726#111134155>				<https://panlex.org/snapshot/panlex-20191001-csv/6726#111134096>		"1 Yahaya"@ha	
"Evankeliumi Markuksen mukaan"@fi	<https://panlex.org/snapshot/panlex-20191001-csv/6726#111130647>				<https://panlex.org/snapshot/panlex-20191001-csv/6726#111130674>		"Markus"@ha	
"Kirje Titukselle"@fi	<https://panlex.org/snapshot/panlex-20191001-csv/6726#111133228>				<https://panlex.org/snapshot/panlex-20191001-csv/6726#111133158>		"Titus"@ha	
"Ensimmäinen kirje Timoteukselle"@fi	<https://panlex.org/snapshot/panlex-20191001-csv/6726#111132793>				<https://panlex.org/snapshot/panlex-20191001-csv/6726#111132862>		"1 Timoti"@ha	
"Toinen kirje korinttilaisille"@fi	<https://panlex.org/snapshot/panlex-20191001-csv/6726#111131623>				<https://panlex.org/snapshot/panlex-20191001-csv/6726#111131648>		"2 Korintiyawa"@ha	
"Juudaksen kirje"@fi	<https://panlex.org/snapshot/panlex-20191001-csv/6726#111134668>				<https://panlex.org/snapshot/panlex-20191001-csv/6726#111134594>		"Yahuza"@ha	
"Evankeliumi Matteuksen mukaan"@fi	<https://panlex.org/snapshot/panlex-20191001-csv/6726#111130589>				<https://panlex.org/snapshot/panlex-20191001-csv/6726#111130598>		"Matiyu"@ha	
"Ensimmäinen Pietarin kirje"@fi	<https://panlex.org/snapshot/panlex-20191001-csv/6726#111133769>				<https://panlex.org/snapshot/panlex-20191001-csv/6726#111133766>		"1 Bitrus"@ha	
"Kirje galatalaisille"@fi	<https://panlex.org/snapshot/panlex-20191001-csv/6726#111131818>				<https://panlex.org/snapshot/panlex-20191001-csv/6726#111131772>		"Galatiyawa"@ha	
"Kolmas Johanneksen kirje"@fi	<https://panlex.org/snapshot/panlex-20191001-csv/6726#111134452>				<https://panlex.org/snapshot/panlex-20191001-csv/6726#111134382>		"3 Yahaya"@ha	
"kissa"@fi	<https://panlex.org/snapshot/panlex-20191001-csv/2129#11694525>				<https://panlex.org/snapshot/panlex-20191001-csv/2129#11694534>		"kyanwa"@ha	
"Anguilla"@fi	<https://panlex.org/snapshot/panlex-20191001-csv/6898#113587588>				<https://panlex.org/snapshot/panlex-20191001-csv/6898#113587497>		"Angila"@ha	
"Monaco"@fi	<https://panlex.org/snapshot/panlex-20191001-csv/6898#113600174>				<https://panlex.org/snapshot/panlex-20191001-csv/6898#113600271>		"Monako"@ha	
"Mongolia"@fi	<https://panlex.org/snapshot/panlex-20191001-csv/6898#113621583>				<https://panlex.org/snapshot/panlex-20191001-csv/6898#113621521>		"Mangoliya"@ha	
"Armenia"@fi	<https://panlex.org/snapshot/panlex-20191001-csv/6898#113596601>				<https://panlex.org/snapshot/panlex-20191001-csv/6898#113596637>		"Armeniya"@ha	
"Azerbaidžan"@fi	<https://panlex.org/snapshot/panlex-20191001-csv/6898#113619353>				<https://panlex.org/snapshot/panlex-20191001-csv/6898#113619254>		"Azarbaijan"@ha	
"Vatikaani"@fi	<https://panlex.org/snapshot/panlex-20191001-csv/6898#113629630>				<https://panlex.org/snapshot/panlex-20191001-csv/6898#113629631>		"Batikan"@ha	
"Angola"@fi	<https://panlex.org/snapshot/panlex-20191001-csv/6898#113599900>				<https://panlex.org/snapshot/panlex-20191001-csv/6898#113600004>		"Angola"@ha	
"Espanja"@fi	<https://panlex.org/snapshot/panlex-20191001-csv/6898#113594517>				<https://panlex.org/snapshot/panlex-20191001-csv/6898#113594632>		"Sipen"@ha	
"Marshallinsaaret"@fi	<https://panlex.org/snapshot/panlex-20191001-csv/6898#113595065>				<https://panlex.org/snapshot/panlex-20191001-csv/6898#113595051>		"Tsibiran Marshal"@ha	
"Zimbabwe"@fi	<https://panlex.org/snapshot/panlex-20191001-csv/6898#113583677>				<https://panlex.org/snapshot/panlex-20191001-csv/6898#113583781>		"Zimbabuwe"@ha	
"Jordania"@fi	<https://panlex.org/snapshot/panlex-20191001-csv/6898#113611632>				<https://panlex.org/snapshot/panlex-20191001-csv/6898#113611700>		"Jordan"@ha	
"Israel"@fi	<https://panlex.org/snapshot/panlex-20191001-csv/6898#113615378>				<https://panlex.org/snapshot/panlex-20191001-csv/6898#113615297>		"Iziraʼila"@ha	
"Turkki"@fi	<https://panlex.org/snapshot/panlex-20191001-csv/6898#113612011>				<https://panlex.org/snapshot/panlex-20191001-csv/6898#113611982>		"Turkiyya"@ha	
"Argentiina"@fi	<https://panlex.org/snapshot/panlex-20191001-csv/6898#113642079>				<https://panlex.org/snapshot/panlex-20191001-csv/6898#113642166>		"Arjantiniya"@ha	
"Thaimaa"@fi	<https://panlex.org/snapshot/panlex-20191001-csv/6898#113603642>				<https://panlex.org/snapshot/panlex-20191001-csv/6898#113603651>		"Tailan"@ha	
"Pitcairn"@fi	<https://panlex.org/snapshot/panlex-20191001-csv/6898#113602951>				<https://panlex.org/snapshot/panlex-20191001-csv/6898#113602790>		"Pitakarin"@ha	
"Norja"@fi	<https://panlex.org/snapshot/panlex-20191001-csv/6898#113609945>				<https://panlex.org/snapshot/panlex-20191001-csv/6898#113609873>		"Norwe"@ha	
"Libya"@fi	<https://panlex.org/snapshot/panlex-20191001-csv/6898#113597657>				<https://panlex.org/snapshot/panlex-20191001-csv/6898#113597770>		"Libiya"@ha	
"Madagaskar"@fi	<https://panlex.org/snapshot/panlex-20191001-csv/6898#113589994>				<https://panlex.org/snapshot/panlex-20191001-csv/6898#113589962>		"Madagaskar"@ha	
"Kamerun"@fi	<https://panlex.org/snapshot/panlex-20191001-csv/6898#113639044>				<https://panlex.org/snapshot/panlex-20191001-csv/6898#113639130>		"Kamaru"@ha	
"Venezuela"@fi	<https://panlex.org/snapshot/panlex-20191001-csv/6898#113597558>				<https://panlex.org/snapshot/panlex-20191001-csv/6898#113597580>		"Benezuwela"@ha	
"Martinique"@fi	<https://panlex.org/snapshot/panlex-20191001-csv/6898#113586121>				<https://panlex.org/snapshot/panlex-20191001-csv/6898#113586146>		"Martinik"@ha	
"Cookinsaaret"@fi	<https://panlex.org/snapshot/panlex-20191001-csv/6898#113638437>				<https://panlex.org/snapshot/panlex-20191001-csv/6898#113638467>		"Tsibiran Kuku"@ha	
"Uzbekistan"@fi	<https://panlex.org/snapshot/panlex-20191001-csv/6898#113637236>				<https://panlex.org/snapshot/panlex-20191001-csv/6898#113637321>		"Uzubekistan"@ha	
"Kiribati"@fi	<https://panlex.org/snapshot/panlex-20191001-csv/6898#113603043>				<https://panlex.org/snapshot/panlex-20191001-csv/6898#113603083>		"Kiribati"@ha	
"Norsunluurannikko"@fi	<https://panlex.org/snapshot/panlex-20191001-csv/6898#113640491>				<https://panlex.org/snapshot/panlex-20191001-csv/6898#113640544>		"Aibari Kwas"@ha	
"Iso-Britannia"@fi	<https://panlex.org/snapshot/panlex-20191001-csv/6898#113592490>				<https://panlex.org/snapshot/panlex-20191001-csv/6898#113592429>		"Birtaniya"@ha	
"Malediivit"@fi	<https://panlex.org/snapshot/panlex-20191001-csv/6898#113641831>				<https://panlex.org/snapshot/panlex-20191001-csv/6898#113641705>		"Maldibi"@ha	
"Haiti"@fi	<https://panlex.org/snapshot/panlex-20191001-csv/6898#113634501>				<https://panlex.org/snapshot/panlex-20191001-csv/6898#113634516>		"Haiti"@ha	
"Ruotsi"@fi	<https://panlex.org/snapshot/panlex-20191001-csv/6898#113639770>				<https://panlex.org/snapshot/panlex-20191001-csv/6898#113639923>		"Suwedan"@ha	
"Antigua ja Barbuda"@fi	<https://panlex.org/snapshot/panlex-20191001-csv/6898#113643645>				<https://panlex.org/snapshot/panlex-20191001-csv/6898#113643805>		"Antigwa da Barbuba"@ha	
"Etiopia"@fi	<https://panlex.org/snapshot/panlex-20191001-csv/6898#113615597>				<https://panlex.org/snapshot/panlex-20191001-csv/6898#113615655>		"Habasha"@ha	
"Sambia"@fi	<https://panlex.org/snapshot/panlex-20191001-csv/6898#113617469>				<https://panlex.org/snapshot/panlex-20191001-csv/6898#113617297>		"Zambiya"@ha	
"Mayotte"@fi	<https://panlex.org/snapshot/panlex-20191001-csv/6898#113603975>				<https://panlex.org/snapshot/panlex-20191001-csv/6898#113603998>		"Mayoti"@ha	
"Uusi-Seelanti"@fi	<https://panlex.org/snapshot/panlex-20191001-csv/6898#113587288>				<https://panlex.org/snapshot/panlex-20191001-csv/6898#113587161>		"Nuzilan"@ha	
"Kazakstan"@fi	<https://panlex.org/snapshot/panlex-20191001-csv/6898#113591094>				<https://panlex.org/snapshot/panlex-20191001-csv/6898#113591069>		"Kazakistan"@ha	
"Mosambik"@fi	<https://panlex.org/snapshot/panlex-20191001-csv/6898#113603307>				<https://panlex.org/snapshot/panlex-20191001-csv/6898#113603280>		"Mozambik"@ha	
"Panama"@fi	<https://panlex.org/snapshot/panlex-20191001-csv/6898#113606113>				<https://panlex.org/snapshot/panlex-20191001-csv/6898#113606125>		"Panama"@ha	
"Mauritania"@fi	<https://panlex.org/snapshot/panlex-20191001-csv/6898#113636452>				<https://panlex.org/snapshot/panlex-20191001-csv/6898#113636417>		"Moritaniya"@ha	
"Filippiinit"@fi	<https://panlex.org/snapshot/panlex-20191001-csv/6898#113602750>				<https://panlex.org/snapshot/panlex-20191001-csv/6898#113602669>		"Filipin"@ha	
"Palestiinalaisalueet"@fi	<https://panlex.org/snapshot/panlex-20191001-csv/6898#113586434>				<https://panlex.org/snapshot/panlex-20191001-csv/6898#113586363>		"Palasɗinu"@ha	
"Etelä-Korea"@fi	<https://panlex.org/snapshot/panlex-20191001-csv/6898#113638807>				<https://panlex.org/snapshot/panlex-20191001-csv/6898#113638919>		"Koreya Ta Kudu"@ha	
"öljy"@fi	<https://panlex.org/snapshot/panlex-20191001-csv/5950#85876042>				<https://panlex.org/snapshot/panlex-20191001-csv/5950#85876044>		"mai"@ha	
"sota"@fi	<https://panlex.org/snapshot/panlex-20191001-csv/5950#85874052>				<https://panlex.org/snapshot/panlex-20191001-csv/5950#85874062>		"yaƙi"@ha	
"rotta"@fi	<https://panlex.org/snapshot/panlex-20191001-csv/5950#85874754>				<https://panlex.org/snapshot/panlex-20191001-csv/5950#85874756>		"ɓera"@ha	
"muuri"@fi	<https://panlex.org/snapshot/panlex-20191001-csv/5950#85868209>				<https://panlex.org/snapshot/panlex-20191001-csv/5950#85868211>		"bango"@ha	
"Saksa"@fi	<https://panlex.org/snapshot/panlex-20191001-csv/5950#85858351>				<https://panlex.org/snapshot/panlex-20191001-csv/5950#85858359>		"Jamus"@ha	
"sokeri"@fi	<https://panlex.org/snapshot/panlex-20191001-csv/5950#85878541>				<https://panlex.org/snapshot/panlex-20191001-csv/5950#85878543>		"sukar"@ha	
"metsä"@fi	<https://panlex.org/snapshot/panlex-20191001-csv/5950#85873105>				<https://panlex.org/snapshot/panlex-20191001-csv/5950#85873109>		"kurmi"@ha	
"seinä"@fi	<https://panlex.org/snapshot/panlex-20191001-csv/5950#85868208>				<https://panlex.org/snapshot/panlex-20191001-csv/5950#85868211>		"bango"@ha	
"siipi"@fi	<https://panlex.org/snapshot/panlex-20191001-csv/5950#85870261>				<https://panlex.org/snapshot/panlex-20191001-csv/5950#85870263>		"fikafiki"@ha	
"tomaatti"@fi	<https://panlex.org/snapshot/panlex-20191001-csv/5950#85867917>				<https://panlex.org/snapshot/panlex-20191001-csv/5950#85867925>		"tumatar"@ha	
"hiekka"@fi	<https://panlex.org/snapshot/panlex-20191001-csv/5950#85871271>				<https://panlex.org/snapshot/panlex-20191001-csv/5950#85871276>		"rairayi"@ha	
"kynttilä"@fi	<https://panlex.org/snapshot/panlex-20191001-csv/5950#85872871>				<https://panlex.org/snapshot/panlex-20191001-csv/5950#85872875>		"ashama'a"@ha	
"kandela"@fi	<https://panlex.org/snapshot/panlex-20191001-csv/5945#84361553>				<https://panlex.org/snapshot/panlex-20191001-csv/5945#84361557>		"kyándìr̃"@ha	
"sytytystulppa"@fi	<https://panlex.org/snapshot/panlex-20191001-csv/5945#84361555>				<https://panlex.org/snapshot/panlex-20191001-csv/5945#84361557>		"kyándìr̃"@ha	
"kynttilä"@fi	<https://panlex.org/snapshot/panlex-20191001-csv/5945#84361554>				<https://panlex.org/snapshot/panlex-20191001-csv/5945#84361557>		"kyándìr̃"@ha	
"viidakko"@fi	<https://panlex.org/snapshot/panlex-20191001-csv/5947#84678033>				<https://panlex.org/snapshot/panlex-20191001-csv/5947#84678041>		"kurmi ruƙuƙi"@ha	
"Puola"@fi	<https://panlex.org/snapshot/panlex-20191001-csv/5947#84607727>				<https://panlex.org/snapshot/panlex-20191001-csv/5947#84607741>		"Poland"@ha	
"valkoinen"@fi	<https://panlex.org/snapshot/panlex-20191001-csv/5947#84639732>				<https://panlex.org/snapshot/panlex-20191001-csv/5947#84639751>		"fari"@ha	
"itsenäisyys"@fi	<https://panlex.org/snapshot/panlex-20191001-csv/5947#84766718>				<https://panlex.org/snapshot/panlex-20191001-csv/5947#84766728>		"yancin kai"@ha	
"kotka"@fi	<https://panlex.org/snapshot/panlex-20191001-csv/5947#84782246>				<https://panlex.org/snapshot/panlex-20191001-csv/5947#84782264>		"gággáfáa"@ha	
"kotka"@fi	<https://panlex.org/snapshot/panlex-20191001-csv/5947#84782246>				<https://panlex.org/snapshot/panlex-20191001-csv/5947#84782262>		"bareleur"@ha	
"kotka"@fi	<https://panlex.org/snapshot/panlex-20191001-csv/5947#84782246>				<https://panlex.org/snapshot/panlex-20191001-csv/5947#84782263>		"juhurma"@ha	
"Jeesus Kristus"@fi	<https://panlex.org/snapshot/panlex-20191001-csv/5947#84595514>				<https://panlex.org/snapshot/panlex-20191001-csv/5947#84595523>		"Isa Almasihu"@ha	
"Yhdistyneet kansakunnat"@fi	<https://panlex.org/snapshot/panlex-20191001-csv/5940#81285918>				<https://panlex.org/snapshot/panlex-20191001-csv/5940#81285929>		"Majalisar Ɗinkin Duniya"@ha	
"Saksa"@fi	<https://panlex.org/snapshot/panlex-20191001-csv/5939#80782681>				<https://panlex.org/snapshot/panlex-20191001-csv/5939#80782695>		"Jamus"@ha	
"Algeria"@fi	<https://panlex.org/snapshot/panlex-20191001-csv/5939#80712771>				<https://panlex.org/snapshot/panlex-20191001-csv/5939#80712774>		"Aljeriya"@ha	
"peili"@fi	<https://panlex.org/snapshot/panlex-20191001-csv/5946#84446174>				<https://panlex.org/snapshot/panlex-20191001-csv/5946#84446193>		"matsokaci"@ha	
"peili"@fi	<https://panlex.org/snapshot/panlex-20191001-csv/5946#84446174>				<https://panlex.org/snapshot/panlex-20191001-csv/5946#84446191>		"madubi"@ha	
"peili"@fi	<https://panlex.org/snapshot/panlex-20191001-csv/5946#84446174>				<https://panlex.org/snapshot/panlex-20191001-csv/5946#84446192>		"boka"@ha	
"lapsi"@fi	<https://panlex.org/snapshot/panlex-20191001-csv/5946#84453898>				<https://panlex.org/snapshot/panlex-20191001-csv/5946#84453904>		"ya'ya"@ha	
"kala"@fi	<https://panlex.org/snapshot/panlex-20191001-csv/5946#84454748>				<https://panlex.org/snapshot/panlex-20191001-csv/5946#84454758>		"kifi"@ha	
"vehnä"@fi	<https://panlex.org/snapshot/panlex-20191001-csv/5946#84453972>				<https://panlex.org/snapshot/panlex-20191001-csv/5946#84453977>		"álkámà"@ha	
"kuvastin"@fi	<https://panlex.org/snapshot/panlex-20191001-csv/5946#84446175>				<https://panlex.org/snapshot/panlex-20191001-csv/5946#84446193>		"matsokaci"@ha	
"kuvastin"@fi	<https://panlex.org/snapshot/panlex-20191001-csv/5946#84446175>				<https://panlex.org/snapshot/panlex-20191001-csv/5946#84446191>		"madubi"@ha	
"kuvastin"@fi	<https://panlex.org/snapshot/panlex-20191001-csv/5946#84446175>				<https://panlex.org/snapshot/panlex-20191001-csv/5946#84446192>		"boka"@ha	
"ostaa"@fi	<https://panlex.org/snapshot/panlex-20191001-csv/5946#84445646>				<https://panlex.org/snapshot/panlex-20191001-csv/5946#84445650>		"sáyṓ"@ha	
"hämähäkki"@fi	<https://panlex.org/snapshot/panlex-20191001-csv/5946#84452118>				<https://panlex.org/snapshot/panlex-20191001-csv/5946#84452126>		"tautaù"@ha	
"hämähäkki"@fi	<https://panlex.org/snapshot/panlex-20191001-csv/5946#84452118>				<https://panlex.org/snapshot/panlex-20191001-csv/5946#84452125>		"gizò-gizò"@ha	
"jumala"@fi	<https://panlex.org/snapshot/panlex-20191001-csv/5949#85303000>				<https://panlex.org/snapshot/panlex-20191001-csv/5949#85303018>		"Állȁh"@ha	
"Australia"@fi	<https://panlex.org/snapshot/panlex-20191001-csv/5949#85298112>				<https://panlex.org/snapshot/panlex-20191001-csv/5949#85298126>		"Asturaliya"@ha	
"elokuu"@fi	<https://panlex.org/snapshot/panlex-20191001-csv/5949#85329336>				<https://panlex.org/snapshot/panlex-20191001-csv/5949#85329355>		"Angushat"@ha	
"elokuu"@fi	<https://panlex.org/snapshot/panlex-20191001-csv/5949#85329336>				<https://panlex.org/snapshot/panlex-20191001-csv/5949#85329356>		"Agusta"@ha	
"elokuu"@fi	<https://panlex.org/snapshot/panlex-20191001-csv/5949#85329336>				<https://panlex.org/snapshot/panlex-20191001-csv/5949#85329357>		"Angusta"@ha	
"Ranska"@fi	<https://panlex.org/snapshot/panlex-20191001-csv/5949#85323567>				<https://panlex.org/snapshot/panlex-20191001-csv/5949#85323576>		"Faransa"@ha	
"Venäjä"@fi	<https://panlex.org/snapshot/panlex-20191001-csv/5949#85319448>				<https://panlex.org/snapshot/panlex-20191001-csv/5949#85319462>		"Rāshà"@ha	
"Eurooppa"@fi	<https://panlex.org/snapshot/panlex-20191001-csv/5949#85308530>				<https://panlex.org/snapshot/panlex-20191001-csv/5949#85308544>		"Turai"@ha	
"Jumala"@fi	<https://panlex.org/snapshot/panlex-20191001-csv/5949#85303001>				<https://panlex.org/snapshot/panlex-20191001-csv/5949#85303018>		"Állȁh"@ha	
"Raamattu"@fi	<https://panlex.org/snapshot/panlex-20191001-csv/5949#85302675>				<https://panlex.org/snapshot/panlex-20191001-csv/5949#85302686>		"Baibûl"@ha	
"Berliini"@fi	<https://panlex.org/snapshot/panlex-20191001-csv/5949#85302420>				<https://panlex.org/snapshot/panlex-20191001-csv/5949#85302434>		"Berlin"@ha	
"hammas"@fi	<https://panlex.org/snapshot/panlex-20191001-csv/5942#83281042>				<https://panlex.org/snapshot/panlex-20191001-csv/5942#83281051>		"haƙori"@ha	
"silkki"@fi	<https://panlex.org/snapshot/panlex-20191001-csv/5942#83285272>				<https://panlex.org/snapshot/panlex-20191001-csv/5942#83285275>		"tsamiya"@ha	
"ihminen"@fi	<https://panlex.org/snapshot/panlex-20191001-csv/5943#83329115>				<https://panlex.org/snapshot/panlex-20191001-csv/5943#83329131>		"mutun"@ha	<https://panlex.org/Noun>
"krokotiili"@fi	<https://panlex.org/snapshot/panlex-20191001-csv/5943#83354496>				<https://panlex.org/snapshot/panlex-20191001-csv/5943#83354504>		"kada"@ha	<https://panlex.org/Noun>
"kitkerä"@fi	<https://panlex.org/snapshot/panlex-20191001-csv/5943#83349572>				<https://panlex.org/snapshot/panlex-20191001-csv/5943#83349578>		"daachii"@ha	<https://panlex.org/Adjectival>
"kirja"@fi	<https://panlex.org/snapshot/panlex-20191001-csv/5943#83348609>				<https://panlex.org/snapshot/panlex-20191001-csv/5943#83348625>		"littafi"@ha	<https://panlex.org/Noun>
"hausa"@fi	<https://panlex.org/snapshot/panlex-20191001-csv/5943#83321686>				<https://panlex.org/snapshot/panlex-20191001-csv/5943#83321689>		"yaren Hausa"@ha	<https://panlex.org/Noun>
"isä"@fi	<https://panlex.org/snapshot/panlex-20191001-csv/5943#83332665>				<https://panlex.org/snapshot/panlex-20191001-csv/5943#83332676>		"uba"@ha	<https://panlex.org/Noun>
"isä"@fi	<https://panlex.org/snapshot/panlex-20191001-csv/5943#83332665>				<https://panlex.org/snapshot/panlex-20191001-csv/5943#83332675>		"baba"@ha	<https://panlex.org/Noun>
"apina"@fi	<https://panlex.org/snapshot/panlex-20191001-csv/5943#83303253>				<https://panlex.org/snapshot/panlex-20191001-csv/5943#83303267>		"biri"@ha	<https://panlex.org/Noun>
"ranska"@fi	<https://panlex.org/snapshot/panlex-20191001-csv/400#13347786>				<https://panlex.org/snapshot/panlex-20191001-csv/400#13347793>		"Faranshi"@ha	
"swahili"@fi	<https://panlex.org/snapshot/panlex-20191001-csv/400#13362274>				<https://panlex.org/snapshot/panlex-20191001-csv/400#13362281>		"Harshen Suwahili"@ha	
"lao"@fi	<https://panlex.org/snapshot/panlex-20191001-csv/400#13353830>				<https://panlex.org/snapshot/panlex-20191001-csv/400#13353836>		"Laothian"@ha	
"katalaani"@fi	<https://panlex.org/snapshot/panlex-20191001-csv/400#13343618>				<https://panlex.org/snapshot/panlex-20191001-csv/400#13343625>		"Kataloniyanci"@ha	
"indonesia"@fi	<https://panlex.org/snapshot/panlex-20191001-csv/400#13350447>				<https://panlex.org/snapshot/panlex-20191001-csv/400#13350454>		"Indonesiyan"@ha	
"sunda"@fi	<https://panlex.org/snapshot/panlex-20191001-csv/400#13361968>				<https://panlex.org/snapshot/panlex-20191001-csv/400#13361974>		"Sundanese"@ha	
"latina"@fi	<https://panlex.org/snapshot/panlex-20191001-csv/400#13353382>				<https://panlex.org/snapshot/panlex-20191001-csv/400#13353389>		"Dan Kabilar Latin"@ha	
"portugali"@fi	<https://panlex.org/snapshot/panlex-20191001-csv/400#13358767>				<https://panlex.org/snapshot/panlex-20191001-csv/400#13358774>		"Yaren mutanen Portugal"@ha	
"tanska"@fi	<https://panlex.org/snapshot/panlex-20191001-csv/400#13345138>				<https://panlex.org/snapshot/panlex-20191001-csv/400#13345145>		"Danish"@ha	
"heprea"@fi	<https://panlex.org/snapshot/panlex-20191001-csv/400#13349500>				<https://panlex.org/snapshot/panlex-20191001-csv/400#13349507>		"Yahudanci"@ha	
"kirgiisi"@fi	<https://panlex.org/snapshot/panlex-20191001-csv/400#13353290>				<https://panlex.org/snapshot/panlex-20191001-csv/400#13353296>		"Kirgizanci"@ha	
"eteläsotho"@fi	<https://panlex.org/snapshot/panlex-20191001-csv/400#13361878>				<https://panlex.org/snapshot/panlex-20191001-csv/400#13361884>		"Sesotanci"@ha	
"malta"@fi	<https://panlex.org/snapshot/panlex-20191001-csv/400#13355787>				<https://panlex.org/snapshot/panlex-20191001-csv/400#13355794>		"Harshen Maltis"@ha	
"kroatia"@fi	<https://panlex.org/snapshot/panlex-20191001-csv/400#13349884>				<https://panlex.org/snapshot/panlex-20191001-csv/400#13349891>		"Kuroshiyan"@ha	
"valkovenäjä"@fi	<https://panlex.org/snapshot/panlex-20191001-csv/400#13342417>				<https://panlex.org/snapshot/panlex-20191001-csv/400#13342424>		"Belarushiyanci"@ha	
"puola"@fi	<https://panlex.org/snapshot/panlex-20191001-csv/400#13358459>				<https://panlex.org/snapshot/panlex-20191001-csv/400#13358466>		"Yaren mutanen Poland"@ha	
"twi"@fi	<https://panlex.org/snapshot/panlex-20191001-csv/400#13363970>				<https://panlex.org/snapshot/panlex-20191001-csv/400#13363976>		"Tiwiniyanci"@ha	
"fääri"@fi	<https://panlex.org/snapshot/panlex-20191001-csv/400#13347655>				<https://panlex.org/snapshot/panlex-20191001-csv/400#13347662>		"Faroese"@ha	
"mongoli"@fi	<https://panlex.org/snapshot/panlex-20191001-csv/400#13355267>				<https://panlex.org/snapshot/panlex-20191001-csv/400#13355274>		"Mongolian"@ha	
"uiguuri"@fi	<https://panlex.org/snapshot/panlex-20191001-csv/400#13364178>				<https://panlex.org/snapshot/panlex-20191001-csv/400#13364184>		"Ugiranci"@ha	
"farsi"@fi	<https://panlex.org/snapshot/panlex-20191001-csv/400#13347153>				<https://panlex.org/snapshot/panlex-20191001-csv/400#13347160>		"Persian"@ha	
"serbokroaatti"@fi	<https://panlex.org/snapshot/panlex-20191001-csv/400#13360491>				<https://panlex.org/snapshot/panlex-20191001-csv/400#13360496>		"Kuroweshiyancin-Sabiya"@ha	
"paštu"@fi	<https://panlex.org/snapshot/panlex-20191001-csv/400#13358673>				<https://panlex.org/snapshot/panlex-20191001-csv/400#13358680>		"Pashtanci"@ha	
"thai"@fi	<https://panlex.org/snapshot/panlex-20191001-csv/400#13362822>				<https://panlex.org/snapshot/panlex-20191001-csv/400#13362829>		"Tayanci"@ha	
"bretoni"@fi	<https://panlex.org/snapshot/panlex-20191001-csv/400#13343247>				<https://panlex.org/snapshot/panlex-20191001-csv/400#13343254>		"Buretananci"@ha	
"xhosa"@fi	<https://panlex.org/snapshot/panlex-20191001-csv/400#13365237>				<https://panlex.org/snapshot/panlex-20191001-csv/400#13365243>		"Bazosa"@ha	
"interlingua"@fi	<https://panlex.org/snapshot/panlex-20191001-csv/400#13350318>				<https://panlex.org/snapshot/panlex-20191001-csv/400#13350324>		"Yare Tsakanin Kasashe"@ha	
"kreikka"@fi	<https://panlex.org/snapshot/panlex-20191001-csv/400#13346156>				<https://panlex.org/snapshot/panlex-20191001-csv/400#13346163>		"Girkanci"@ha	
"sinhali"@fi	<https://panlex.org/snapshot/panlex-20191001-csv/400#13360614>				<https://panlex.org/snapshot/panlex-20191001-csv/400#13360621>		"Sinhalanci"@ha	
"urdu"@fi	<https://panlex.org/snapshot/panlex-20191001-csv/400#13364501>				<https://panlex.org/snapshot/panlex-20191001-csv/400#13364507>		"Urdu"@ha	
"telugu"@fi	<https://panlex.org/snapshot/panlex-20191001-csv/400#13362572>				<https://panlex.org/snapshot/panlex-20191001-csv/400#13362579>		"Dʼan/ʼYar Kabilar Telug"@ha	
"baski"@fi	<https://panlex.org/snapshot/panlex-20191001-csv/400#13347023>				<https://panlex.org/snapshot/panlex-20191001-csv/400#13347030>		"Dan/ʼYar Kabilar Bas"@ha	
"orija"@fi	<https://panlex.org/snapshot/panlex-20191001-csv/400#13357744>				<https://panlex.org/snapshot/panlex-20191001-csv/400#13357750>		"Oriyanci"@ha	
"tamil"@fi	<https://panlex.org/snapshot/panlex-20191001-csv/400#13362434>				<https://panlex.org/snapshot/panlex-20191001-csv/400#13362441>		"Dʼan/ʼYar Kabilar Tamil"@ha	
"italia"@fi	<https://panlex.org/snapshot/panlex-20191001-csv/400#13351170>				<https://panlex.org/snapshot/panlex-20191001-csv/400#13351177>		"Italiyanci"@ha	
"malaiji"@fi	<https://panlex.org/snapshot/panlex-20191001-csv/400#13355691>				<https://panlex.org/snapshot/panlex-20191001-csv/400#13355698>		"Dan Kabilar Male"@ha	
"liettua"@fi	<https://panlex.org/snapshot/panlex-20191001-csv/400#13353987>				<https://panlex.org/snapshot/panlex-20191001-csv/400#13353994>		"Lituweniyanci"@ha	
"romania"@fi	<https://panlex.org/snapshot/panlex-20191001-csv/400#13359278>				<https://panlex.org/snapshot/panlex-20191001-csv/400#13359285>		"Romaniyanci"@ha	
"latvia"@fi	<https://panlex.org/snapshot/panlex-20191001-csv/400#13354289>				<https://panlex.org/snapshot/panlex-20191001-csv/400#13354296>		"Latbiyanci"@ha	
"assami"@fi	<https://panlex.org/snapshot/panlex-20191001-csv/400#13341693>				<https://panlex.org/snapshot/panlex-20191001-csv/400#13341700>		"Asamisanci"@ha	
"filipino"@fi	<https://panlex.org/snapshot/panlex-20191001-csv/400#13347464>				<https://panlex.org/snapshot/panlex-20191001-csv/400#13347469>		"Dan Filifin"@ha	
"englanti"@fi	<https://panlex.org/snapshot/panlex-20191001-csv/400#13346297>				<https://panlex.org/snapshot/panlex-20191001-csv/400#13346304>		"Turanci"@ha	
"islanti"@fi	<https://panlex.org/snapshot/panlex-20191001-csv/400#13351066>				<https://panlex.org/snapshot/panlex-20191001-csv/400#13351073>		"Yaren mutanen Iceland"@ha	
"interlingue"@fi	<https://panlex.org/snapshot/panlex-20191001-csv/400#13350547>				<https://panlex.org/snapshot/panlex-20191001-csv/400#13350551>		"Intagulanci"@ha	
"kymri"@fi	<https://panlex.org/snapshot/panlex-20191001-csv/400#13345042>				<https://panlex.org/snapshot/panlex-20191001-csv/400#13345049>		"Kabilar Welsh"@ha	
"bosnia"@fi	<https://panlex.org/snapshot/panlex-20191001-csv/400#13343373>				<https://panlex.org/snapshot/panlex-20191001-csv/400#13343379>		"Bosniyanci"@ha	
"portugalinportugali"@fi	<https://panlex.org/snapshot/panlex-20191001-csv/400#13358939>				<https://panlex.org/snapshot/panlex-20191001-csv/400#13358944>		"Yaren Kasar Portugal"@ha	
"sindhi"@fi	<https://panlex.org/snapshot/panlex-20191001-csv/400#13360153>				<https://panlex.org/snapshot/panlex-20191001-csv/400#13360160>		"Sindiyanci"@ha	
"turkki"@fi	<https://panlex.org/snapshot/panlex-20191001-csv/400#13363593>				<https://panlex.org/snapshot/panlex-20191001-csv/400#13363600>		"Baturke"@ha	
"arabia"@fi	<https://panlex.org/snapshot/panlex-20191001-csv/400#13341384>				<https://panlex.org/snapshot/panlex-20191001-csv/400#13341391>		"Harshen Larabci"@ha	
"kurdi"@fi	<https://panlex.org/snapshot/panlex-20191001-csv/400#13353050>				<https://panlex.org/snapshot/panlex-20191001-csv/400#13353057>		"Kurdanci"@ha	
"hindi"@fi	<https://panlex.org/snapshot/panlex-20191001-csv/400#13349602>				<https://panlex.org/snapshot/panlex-20191001-csv/400#13349609>		"Bahinde"@ha	
"bengali"@fi	<https://panlex.org/snapshot/panlex-20191001-csv/400#13343045>				<https://panlex.org/snapshot/panlex-20191001-csv/400#13343052>		"Dan Bengal"@ha	
"slovakki"@fi	<https://panlex.org/snapshot/panlex-20191001-csv/400#13360824>				<https://panlex.org/snapshot/panlex-20191001-csv/400#13360831>		"Basulake"@ha	
"saksa"@fi	<https://panlex.org/snapshot/panlex-20191001-csv/400#13345354>				<https://panlex.org/snapshot/panlex-20191001-csv/400#13345361>		"Jamusanchi"@ha	
"nepali"@fi	<https://panlex.org/snapshot/panlex-20191001-csv/400#13356496>				<https://panlex.org/snapshot/panlex-20191001-csv/400#13356503>		"Dʼan/ʼYar Kabilar Nepal"@ha	
"kannada"@fi	<https://panlex.org/snapshot/panlex-20191001-csv/400#13352528>				<https://panlex.org/snapshot/panlex-20191001-csv/400#13352535>		"Dan/ʼYar Kabilar Kannada"@ha	
"tigrinja"@fi	<https://panlex.org/snapshot/panlex-20191001-csv/400#13362919>				<https://panlex.org/snapshot/panlex-20191001-csv/400#13362925>		"Tigriyanci"@ha	
"pandžabi"@fi	<https://panlex.org/snapshot/panlex-20191001-csv/400#13357988>				<https://panlex.org/snapshot/panlex-20191001-csv/400#13357995>		"Dan/ʼYar Garin Punjab"@ha	
"jaava"@fi	<https://panlex.org/snapshot/panlex-20191001-csv/400#13351555>				<https://panlex.org/snapshot/panlex-20191001-csv/400#13351561>		"Javanisanci"@ha	
"georgia"@fi	<https://panlex.org/snapshot/panlex-20191001-csv/400#13351652>				<https://panlex.org/snapshot/panlex-20191001-csv/400#13351659>		"Jojiyanci"@ha	
"norjan nynorsk"@fi	<https://panlex.org/snapshot/panlex-20191001-csv/400#13356910>				<https://panlex.org/snapshot/panlex-20191001-csv/400#13356916>		"Yaren Kasar Norway"@ha	
"norja"@fi	<https://panlex.org/snapshot/panlex-20191001-csv/400#13356993>				<https://panlex.org/snapshot/panlex-20191001-csv/400#13357000>		"Yaren mutanen Norway"@ha	
"oksitaani"@fi	<https://panlex.org/snapshot/panlex-20191001-csv/400#13357564>				<https://panlex.org/snapshot/panlex-20191001-csv/400#13357571>		"Ositanci"@ha	
"sanskrit"@fi	<https://panlex.org/snapshot/panlex-20191001-csv/400#13359682>				<https://panlex.org/snapshot/panlex-20191001-csv/400#13359689>		"sanskrit"@ha	
"klingon"@fi	<https://panlex.org/snapshot/panlex-20191001-csv/400#13363270>				<https://panlex.org/snapshot/panlex-20191001-csv/400#13363274>		"Klingon"@ha	
"länsifriisi"@fi	<https://panlex.org/snapshot/panlex-20191001-csv/400#13348160>				<https://panlex.org/snapshot/panlex-20191001-csv/400#13348167>		"Kʼabilan Firsi"@ha	
"khmer"@fi	<https://panlex.org/snapshot/panlex-20191001-csv/400#13352403>				<https://panlex.org/snapshot/panlex-20191001-csv/400#13352410>		"Kambodiyanci"@ha	
"viro"@fi	<https://panlex.org/snapshot/panlex-20191001-csv/400#13346923>				<https://panlex.org/snapshot/panlex-20191001-csv/400#13346930>		"Istoniyanci"@ha	
"lingala"@fi	<https://panlex.org/snapshot/panlex-20191001-csv/400#13353740>				<https://panlex.org/snapshot/panlex-20191001-csv/400#13353747>		"Lingala"@ha	
"makedonia"@fi	<https://panlex.org/snapshot/panlex-20191001-csv/400#13355037>				<https://panlex.org/snapshot/panlex-20191001-csv/400#13355044>		"Dan Masedoniya"@ha	
"vietnam"@fi	<https://panlex.org/snapshot/panlex-20191001-csv/400#13364765>				<https://panlex.org/snapshot/panlex-20191001-csv/400#13364772>		"Kʼabilan Biyetnam"@ha	
"guarani"@fi	<https://panlex.org/snapshot/panlex-20191001-csv/400#13348818>				<https://panlex.org/snapshot/panlex-20191001-csv/400#13348824>		"Guwaraniyanci"@ha	
"japani"@fi	<https://panlex.org/snapshot/panlex-20191001-csv/400#13351330>				<https://panlex.org/snapshot/panlex-20191001-csv/400#13351337>		"Jafananci"@ha	
"armenia"@fi	<https://panlex.org/snapshot/panlex-20191001-csv/400#13350193>				<https://panlex.org/snapshot/panlex-20191001-csv/400#13350200>		"Armeniyanci"@ha	
"tšekki"@fi	<https://panlex.org/snapshot/panlex-20191001-csv/400#13344783>				<https://panlex.org/snapshot/panlex-20191001-csv/400#13344790>		"Yaren Jamhuriyar Cek"@ha	
"bulgaria"@fi	<https://panlex.org/snapshot/panlex-20191001-csv/400#13342628>				<https://panlex.org/snapshot/panlex-20191001-csv/400#13342635>		"Bulgeriyan"@ha	
"gaeli"@fi	<https://panlex.org/snapshot/panlex-20191001-csv/400#13348465>				<https://panlex.org/snapshot/panlex-20191001-csv/400#13348472>		"Kʼabilan Scots Gaelic"@ha	
"ruotsi"@fi	<https://panlex.org/snapshot/panlex-20191001-csv/400#13362171>				<https://panlex.org/snapshot/panlex-20191001-csv/400#13362178>		"Yaren mutanen Sweden"@ha	
"ukraina"@fi	<https://panlex.org/snapshot/panlex-20191001-csv/400#13364302>				<https://panlex.org/snapshot/panlex-20191001-csv/400#13364309>		"Dan Ukirain"@ha	
"albania"@fi	<https://panlex.org/snapshot/panlex-20191001-csv/400#13361537>				<https://panlex.org/snapshot/panlex-20191001-csv/400#13361544>		"Dʼan/ʼYar Kabilar Albaniya"@ha	
"venäjä"@fi	<https://panlex.org/snapshot/panlex-20191001-csv/400#13359492>				<https://panlex.org/snapshot/panlex-20191001-csv/400#13359499>		"Rashanci"@ha	
"azeri"@fi	<https://panlex.org/snapshot/panlex-20191001-csv/400#13342041>				<https://panlex.org/snapshot/panlex-20191001-csv/400#13342048>		"Azerbaijanci"@ha	
"sloveeni"@fi	<https://panlex.org/snapshot/panlex-20191001-csv/400#13360920>				<https://panlex.org/snapshot/panlex-20191001-csv/400#13360927>		"Basulabe"@ha	
"unkari"@fi	<https://panlex.org/snapshot/panlex-20191001-csv/400#13350058>				<https://panlex.org/snapshot/panlex-20191001-csv/400#13350065>		"Hongeriyanci"@ha	
"amhara"@fi	<https://panlex.org/snapshot/panlex-20191001-csv/400#13341113>				<https://panlex.org/snapshot/panlex-20191001-csv/400#13341120>		"Amharic"@ha	
"korea"@fi	<https://panlex.org/snapshot/panlex-20191001-csv/400#13352625>				<https://panlex.org/snapshot/panlex-20191001-csv/400#13352632>		"Yaren mutanen Koriya"@ha	
"espanja"@fi	<https://panlex.org/snapshot/panlex-20191001-csv/400#13346733>				<https://panlex.org/snapshot/panlex-20191001-csv/400#13346740>		"Mutanen Espanya"@ha	
"turkmeeni"@fi	<https://panlex.org/snapshot/panlex-20191001-csv/400#13363083>				<https://panlex.org/snapshot/panlex-20191001-csv/400#13363088>		"Tukmenistanci"@ha	
"hausa"@fi	<https://panlex.org/snapshot/panlex-20191001-csv/400#13349359>				<https://panlex.org/snapshot/panlex-20191001-csv/400#13349362>		"Haoussa"@ha	
"hollanti"@fi	<https://panlex.org/snapshot/panlex-20191001-csv/400#13356767>				<https://panlex.org/snapshot/panlex-20191001-csv/400#13356774>		"Yaren mutanen Holland"@ha	
"iiri"@fi	<https://panlex.org/snapshot/panlex-20191001-csv/400#13348258>				<https://panlex.org/snapshot/panlex-20191001-csv/400#13348265>		"Dan Ailan"@ha	
"uzbekki"@fi	<https://panlex.org/snapshot/panlex-20191001-csv/400#13364597>				<https://panlex.org/snapshot/panlex-20191001-csv/400#13364604>		"Uzbek"@ha	
"galicia"@fi	<https://panlex.org/snapshot/panlex-20191001-csv/400#13348685>				<https://panlex.org/snapshot/panlex-20191001-csv/400#13348692>		"Bagalike"@ha	
"suomi"@fi	<https://panlex.org/snapshot/panlex-20191001-csv/400#13347362>				<https://panlex.org/snapshot/panlex-20191001-csv/400#13347369>		"Yaren mutanen Finland"@ha	
"zulu"@fi	<https://panlex.org/snapshot/panlex-20191001-csv/400#13365965>				<https://panlex.org/snapshot/panlex-20191001-csv/400#13365972>		"Bazule"@ha	
"malajalam"@fi	<https://panlex.org/snapshot/panlex-20191001-csv/400#13355171>				<https://panlex.org/snapshot/panlex-20191001-csv/400#13355178>		"Kabilar Maleyalam"@ha	
"esperanto"@fi	<https://panlex.org/snapshot/panlex-20191001-csv/400#13346633>				<https://panlex.org/snapshot/panlex-20191001-csv/400#13346640>		"Dʼan/ʼYar Kabilar Andalus"@ha	
"brasilianportugali"@fi	<https://panlex.org/snapshot/panlex-20191001-csv/400#13358869>				<https://panlex.org/snapshot/panlex-20191001-csv/400#13358875>		"Fotigis (Burazil)"@ha	
"afrikaans"@fi	<https://panlex.org/snapshot/panlex-20191001-csv/400#13340698>				<https://panlex.org/snapshot/panlex-20191001-csv/400#13340705>		"Afirkanci"@ha	
"marathi"@fi	<https://panlex.org/snapshot/panlex-20191001-csv/400#13355596>				<https://panlex.org/snapshot/panlex-20191001-csv/400#13355603>		"Kʼabilan Marathi"@ha	
"persia"@fi	<https://panlex.org/snapshot/panlex-20191001-csv/400#13347152>				<https://panlex.org/snapshot/panlex-20191001-csv/400#13347160>		"Persian"@ha	
"serbia"@fi	<https://panlex.org/snapshot/panlex-20191001-csv/400#13361634>				<https://panlex.org/snapshot/panlex-20191001-csv/400#13361641>		"Sabiyan"@ha	
"bihari"@fi	<https://panlex.org/snapshot/panlex-20191001-csv/400#13342726>				<https://panlex.org/snapshot/panlex-20191001-csv/400#13342732>		"Bihari"@ha	
"gudžarati"@fi	<https://panlex.org/snapshot/panlex-20191001-csv/400#13349196>				<https://panlex.org/snapshot/panlex-20191001-csv/400#13349202>		"Gujarati"@ha	
"somali"@fi	<https://panlex.org/snapshot/panlex-20191001-csv/400#13361379>				<https://panlex.org/snapshot/panlex-20191001-csv/400#13361386>		"Somaali"@ha	
"Unkari"@fi	<https://panlex.org/snapshot/panlex-20191001-csv/19#1032536>				<https://panlex.org/snapshot/panlex-20191001-csv/19#1032540>		"ハンガリー"@ha	
"kynttilä"@fi	<https://panlex.org/snapshot/panlex-20191001-csv/19#1045472>				<https://panlex.org/snapshot/panlex-20191001-csv/19#1045474>		"kyándìr̃"@ha	
"yhdeksän"@fi	<https://panlex.org/snapshot/panlex-20191001-csv/9#490949>				<https://panlex.org/snapshot/panlex-20191001-csv/9#490961>		"tara"@ha	
"hän"@fi	<https://panlex.org/snapshot/panlex-20191001-csv/9#473834>				<https://panlex.org/snapshot/panlex-20191001-csv/9#473848>		"shíi"@ha	
"Saksa"@fi	<https://panlex.org/snapshot/panlex-20191001-csv/9#474772>				<https://panlex.org/snapshot/panlex-20191001-csv/9#474783>		"Jamus"@ha	
"ystävä"@fi	<https://panlex.org/snapshot/panlex-20191001-csv/12#855567>				<https://panlex.org/snapshot/panlex-20191001-csv/12#855572>		"aboki"@ha	
"ystävä"@fi	<https://panlex.org/snapshot/panlex-20191001-csv/12#855493>				<https://panlex.org/snapshot/panlex-20191001-csv/12#855498>		"aboki"@ha	
"ystävä"@fi	<https://panlex.org/snapshot/panlex-20191001-csv/12#855419>				<https://panlex.org/snapshot/panlex-20191001-csv/12#855424>		"aboki"@ha	
"ystävä"@fi	<https://panlex.org/snapshot/panlex-20191001-csv/12#855348>				<https://panlex.org/snapshot/panlex-20191001-csv/12#855353>		"aboki"@ha	
"kumppani"@fi	<https://panlex.org/snapshot/panlex-20191001-csv/12#855346>				<https://panlex.org/snapshot/panlex-20191001-csv/12#855353>		"aboki"@ha	
"kumppani"@fi	<https://panlex.org/snapshot/panlex-20191001-csv/12#855417>				<https://panlex.org/snapshot/panlex-20191001-csv/12#855424>		"aboki"@ha	
"kumppani"@fi	<https://panlex.org/snapshot/panlex-20191001-csv/12#855565>				<https://panlex.org/snapshot/panlex-20191001-csv/12#855572>		"aboki"@ha	
"kumppani"@fi	<https://panlex.org/snapshot/panlex-20191001-csv/12#855491>				<https://panlex.org/snapshot/panlex-20191001-csv/12#855498>		"aboki"@ha	
"kaveri"@fi	<https://panlex.org/snapshot/panlex-20191001-csv/12#855490>				<https://panlex.org/snapshot/panlex-20191001-csv/12#855498>		"aboki"@ha	
"kaveri"@fi	<https://panlex.org/snapshot/panlex-20191001-csv/12#855416>				<https://panlex.org/snapshot/panlex-20191001-csv/12#855424>		"aboki"@ha	
"kaveri"@fi	<https://panlex.org/snapshot/panlex-20191001-csv/12#855345>				<https://panlex.org/snapshot/panlex-20191001-csv/12#855353>		"aboki"@ha	
"kaveri"@fi	<https://panlex.org/snapshot/panlex-20191001-csv/12#855564>				<https://panlex.org/snapshot/panlex-20191001-csv/12#855572>		"aboki"@ha	
"toveri"@fi	<https://panlex.org/snapshot/panlex-20191001-csv/12#855566>				<https://panlex.org/snapshot/panlex-20191001-csv/12#855572>		"aboki"@ha	
"toveri"@fi	<https://panlex.org/snapshot/panlex-20191001-csv/12#855492>				<https://panlex.org/snapshot/panlex-20191001-csv/12#855498>		"aboki"@ha	
"toveri"@fi	<https://panlex.org/snapshot/panlex-20191001-csv/12#855418>				<https://panlex.org/snapshot/panlex-20191001-csv/12#855424>		"aboki"@ha	
"toveri"@fi	<https://panlex.org/snapshot/panlex-20191001-csv/12#855347>				<https://panlex.org/snapshot/panlex-20191001-csv/12#855353>		"aboki"@ha	
"sanakirja"@fi	<https://panlex.org/snapshot/panlex-20191001-csv/12#843998>				<https://panlex.org/snapshot/panlex-20191001-csv/12#844004>		"kamus"@ha	
"rauha"@fi	<https://panlex.org/snapshot/panlex-20191001-csv/2902#111012281>				<https://panlex.org/snapshot/panlex-20191001-csv/2902#111012059>		"lafiya"@ha	
"Välimeri"@fi	<https://panlex.org/snapshot/panlex-20191001-csv/2905#110870418>				<https://panlex.org/snapshot/panlex-20191001-csv/2905#110870310>		"Tekun Mediterranea"@ha	
"Välimeri"@fi	<https://panlex.org/snapshot/panlex-20191001-csv/2905#110870418>				<https://panlex.org/snapshot/panlex-20191001-csv/2905#110870319>		"Bahar Rum"@ha	
"Valkeanmeri"@fi	<https://panlex.org/snapshot/panlex-20191001-csv/2905#110871319>				<https://panlex.org/snapshot/panlex-20191001-csv/2905#110871417>		"Farin Tekun"@ha	
"Mustameri"@fi	<https://panlex.org/snapshot/panlex-20191001-csv/2905#110869094>				<https://panlex.org/snapshot/panlex-20191001-csv/2905#110869119>		"Bakin Tekun"@ha	
"Pohjanmeri"@fi	<https://panlex.org/snapshot/panlex-20191001-csv/2905#110870584>				<https://panlex.org/snapshot/panlex-20191001-csv/2905#110870704>		"Tekun Arewa"@ha	
"Vienanmeri"@fi	<https://panlex.org/snapshot/panlex-20191001-csv/2905#110871356>				<https://panlex.org/snapshot/panlex-20191001-csv/2905#110871417>		"Farin Tekun"@ha	
"Tyyni valtameri"@fi	<https://panlex.org/snapshot/panlex-20191001-csv/2901#110868000>				<https://panlex.org/snapshot/panlex-20191001-csv/2901#110868021>		"Tekun Pacific"@ha	
"Atlantin valtameri"@fi	<https://panlex.org/snapshot/panlex-20191001-csv/2901#110867557>				<https://panlex.org/snapshot/panlex-20191001-csv/2901#110867442>		"Tekun Atlantic"@ha	
"Jäämeri"@fi	<https://panlex.org/snapshot/panlex-20191001-csv/2901#110867239>				<https://panlex.org/snapshot/panlex-20191001-csv/2901#110867094>		"Tekun Arctic"@ha	
"Tyynimeri"@fi	<https://panlex.org/snapshot/panlex-20191001-csv/2901#110867932>				<https://panlex.org/snapshot/panlex-20191001-csv/2901#110868021>		"Tekun Pacific"@ha	
"Eteläinen jäämeri"@fi	<https://panlex.org/snapshot/panlex-20191001-csv/2901#110868177>				<https://panlex.org/snapshot/panlex-20191001-csv/2901#110868343>		"Tekun Antarctic"@ha	
"Atlantti"@fi	<https://panlex.org/snapshot/panlex-20191001-csv/2901#110867594>				<https://panlex.org/snapshot/panlex-20191001-csv/2901#110867442>		"Tekun Atlantic"@ha	
"Pohjoinen jäämeri"@fi	<https://panlex.org/snapshot/panlex-20191001-csv/2901#110867175>				<https://panlex.org/snapshot/panlex-20191001-csv/2901#110867094>		"Tekun Arctic"@ha	
"Intian valtameri"@fi	<https://panlex.org/snapshot/panlex-20191001-csv/2901#110867765>				<https://panlex.org/snapshot/panlex-20191001-csv/2901#110867633>		"Tekun Indiya"@ha	
"Intian valtameri"@fi	<https://panlex.org/snapshot/panlex-20191001-csv/2901#110867765>				<https://panlex.org/snapshot/panlex-20191001-csv/2901#110867648>		"Tekun Hindu"@ha	
"Aatami ja Eeva"@fi	<https://panlex.org/snapshot/panlex-20191001-csv/2906#111019181>				<https://panlex.org/snapshot/panlex-20191001-csv/2906#111019177>		"Adamu da Hawa’u"@ha	
"sateenkaari"@fi	<https://panlex.org/snapshot/panlex-20191001-csv/8#165145>				<https://panlex.org/snapshot/panlex-20191001-csv/8#165151>		"bàkan gizò"@ha	
"moikka"@fi	<https://panlex.org/snapshot/panlex-20191001-csv/8#171893>				<https://panlex.org/snapshot/panlex-20191001-csv/8#171909>		"sannu"@ha	
"kala"@fi	<https://panlex.org/snapshot/panlex-20191001-csv/8#157200>				<https://panlex.org/snapshot/panlex-20191001-csv/8#157217>		"kifi"@ha	
"Tanska"@fi	<https://panlex.org/snapshot/panlex-20191001-csv/10#573880>				<https://panlex.org/snapshot/panlex-20191001-csv/10#573892>		"Denmark"@ha	
"luola"@fi	<https://panlex.org/snapshot/panlex-20191001-csv/1573#50085463>				<https://panlex.org/snapshot/panlex-20191001-csv/1573#50085488>		"kwarga"@ha	
"luola"@fi	<https://panlex.org/snapshot/panlex-20191001-csv/1573#50085463>				<https://panlex.org/snapshot/panlex-20191001-csv/1573#50085487>		"kogo"@ha	
"maailma"@fi	<https://panlex.org/snapshot/panlex-20191001-csv/1573#50081775>				<https://panlex.org/snapshot/panlex-20191001-csv/1573#50081801>		"duniya"@ha	
"pelto"@fi	<https://panlex.org/snapshot/panlex-20191001-csv/1573#50084239>				<https://panlex.org/snapshot/panlex-20191001-csv/1573#50084265>		"sarari"@ha	
"maa"@fi	<https://panlex.org/snapshot/panlex-20191001-csv/1573#50082050>				<https://panlex.org/snapshot/panlex-20191001-csv/1573#50082075>		"doron kˀasa"@ha	
"maa"@fi	<https://panlex.org/snapshot/panlex-20191001-csv/1573#50082371>				<https://panlex.org/snapshot/panlex-20191001-csv/1573#50082404>		"kˀasa"@ha	
"hiekka"@fi	<https://panlex.org/snapshot/panlex-20191001-csv/1573#50083239>				<https://panlex.org/snapshot/panlex-20191001-csv/1573#50083256>		"yashi"@ha	
"kallio"@fi	<https://panlex.org/snapshot/panlex-20191001-csv/1573#50090569>				<https://panlex.org/snapshot/panlex-20191001-csv/1573#50090596>		"dutse"@ha	
"saar̃i"@fi	<https://panlex.org/snapshot/panlex-20191001-csv/1573#50084756>				<https://panlex.org/snapshot/panlex-20191001-csv/1573#50084770>		"tsibiri"@ha	
"mer̃i"@fi	<https://panlex.org/snapshot/panlex-20191001-csv/1573#50085962>				<https://panlex.org/snapshot/panlex-20191001-csv/1573#50085981>		"teku"@ha	
"yær̃wi"@fi	<https://panlex.org/snapshot/panlex-20191001-csv/1573#50086945>				<https://panlex.org/snapshot/panlex-20191001-csv/1573#50086962>		"tafki"@ha	
"tasanko"@fi	<https://panlex.org/snapshot/panlex-20191001-csv/1573#50084240>				<https://panlex.org/snapshot/panlex-20191001-csv/1573#50084265>		"sarari"@ha	
"putous"@fi	<https://panlex.org/snapshot/panlex-20191001-csv/1573#50089514>				<https://panlex.org/snapshot/panlex-20191001-csv/1573#50089531>		"zubowan ruwa"@ha	
"aalto"@fi	<https://panlex.org/snapshot/panlex-20191001-csv/1573#50087693>				<https://panlex.org/snapshot/panlex-20191001-csv/1573#50087712>		"igiyar ruwa"@ha	
"metsæ"@fi	<https://panlex.org/snapshot/panlex-20191001-csv/1573#50089720>				<https://panlex.org/snapshot/panlex-20191001-csv/1573#50089741>		"daji"@ha	
"metsæ"@fi	<https://panlex.org/snapshot/panlex-20191001-csv/1573#50089720>				<https://panlex.org/snapshot/panlex-20191001-csv/1573#50089742>		"jeji"@ha	
"manner̃maa"@fi	<https://panlex.org/snapshot/panlex-20191001-csv/1573#50084953>				<https://panlex.org/snapshot/panlex-20191001-csv/1573#50084968>		"nahiya"@ha	
"suo"@fi	<https://panlex.org/snapshot/panlex-20191001-csv/1573#50089274>				<https://panlex.org/snapshot/panlex-20191001-csv/1573#50089297>		"fadama"@ha	
"wir̃ta"@fi	<https://panlex.org/snapshot/panlex-20191001-csv/1573#50088323>				<https://panlex.org/snapshot/panlex-20191001-csv/1573#50088359>		"kogi"@ha	
"aur̃inko"@fi	<https://panlex.org/snapshot/panlex-20191001-csv/1573#50091367>				<https://panlex.org/snapshot/panlex-20191001-csv/1573#50091386>		"rana"@ha	
"puutawar̃a"@fi	<https://panlex.org/snapshot/panlex-20191001-csv/1573#50090265>				<https://panlex.org/snapshot/panlex-20191001-csv/1573#50090283>		"itace"@ha	
"koski"@fi	<https://panlex.org/snapshot/panlex-20191001-csv/1573#50089513>				<https://panlex.org/snapshot/panlex-20191001-csv/1573#50089531>		"zubowan ruwa"@ha	
"wesi"@fi	<https://panlex.org/snapshot/panlex-20191001-csv/1573#50085712>				<https://panlex.org/snapshot/panlex-20191001-csv/1573#50085729>		"ruwa"@ha	
"kaiwo"@fi	<https://panlex.org/snapshot/panlex-20191001-csv/1573#50088945>				<https://panlex.org/snapshot/panlex-20191001-csv/1573#50088974>		"idon ruwa"@ha	
"mæki"@fi	<https://panlex.org/snapshot/panlex-20191001-csv/1573#50083552>				<https://panlex.org/snapshot/panlex-20191001-csv/1573#50083585>		"dutse"@ha	
"mæki"@fi	<https://panlex.org/snapshot/panlex-20191001-csv/1573#50083552>				<https://panlex.org/snapshot/panlex-20191001-csv/1573#50083587>		"tsauni"@ha	
"mæki"@fi	<https://panlex.org/snapshot/panlex-20191001-csv/1573#50083552>				<https://panlex.org/snapshot/panlex-20191001-csv/1573#50083586>		"jigawa"@ha	
"mæki"@fi	<https://panlex.org/snapshot/panlex-20191001-csv/1573#50083552>				<https://panlex.org/snapshot/panlex-20191001-csv/1573#50083584>		"duc̣i"@ha	
"tomu"@fi	<https://panlex.org/snapshot/panlex-20191001-csv/1573#50082680>				<https://panlex.org/snapshot/panlex-20191001-csv/1573#50082704>		"ura"@ha	
"tomu"@fi	<https://panlex.org/snapshot/panlex-20191001-csv/1573#50082680>				<https://panlex.org/snapshot/panlex-20191001-csv/1573#50082703>		"kˀura"@ha	
"r̃anta"@fi	<https://panlex.org/snapshot/panlex-20191001-csv/1573#50085156>				<https://panlex.org/snapshot/panlex-20191001-csv/1573#50085183>		"gaɓa"@ha	
"pur̃o"@fi	<https://panlex.org/snapshot/panlex-20191001-csv/1573#50088322>				<https://panlex.org/snapshot/panlex-20191001-csv/1573#50088359>		"kogi"@ha	
"pæiwæ"@fi	<https://panlex.org/snapshot/panlex-20191001-csv/1573#50091368>				<https://panlex.org/snapshot/panlex-20191001-csv/1573#50091386>		"rana"@ha	
"æür̃æs"@fi	<https://panlex.org/snapshot/panlex-20191001-csv/1573#50085157>				<https://panlex.org/snapshot/panlex-20191001-csv/1573#50085183>		"gaɓa"@ha	
"manner̃"@fi	<https://panlex.org/snapshot/panlex-20191001-csv/1573#50084952>				<https://panlex.org/snapshot/panlex-20191001-csv/1573#50084968>		"nahiya"@ha	
"laakso"@fi	<https://panlex.org/snapshot/panlex-20191001-csv/1573#50084542>				<https://panlex.org/snapshot/panlex-20191001-csv/1573#50084558>		"kwari"@ha	
"laakso"@fi	<https://panlex.org/snapshot/panlex-20191001-csv/1573#50084542>				<https://panlex.org/snapshot/panlex-20191001-csv/1573#50084557>		"kware"@ha	
"muta"@fi	<https://panlex.org/snapshot/panlex-20191001-csv/1573#50082966>				<https://panlex.org/snapshot/panlex-20191001-csv/1573#50082994>		"taɓo"@ha	
"muta"@fi	<https://panlex.org/snapshot/panlex-20191001-csv/1573#50082966>				<https://panlex.org/snapshot/panlex-20191001-csv/1573#50082993>		"laka"@ha	
"wuor̃i"@fi	<https://panlex.org/snapshot/panlex-20191001-csv/1573#50083553>				<https://panlex.org/snapshot/panlex-20191001-csv/1573#50083585>		"dutse"@ha	
"wuor̃i"@fi	<https://panlex.org/snapshot/panlex-20191001-csv/1573#50083553>				<https://panlex.org/snapshot/panlex-20191001-csv/1573#50083587>		"tsauni"@ha	
"wuor̃i"@fi	<https://panlex.org/snapshot/panlex-20191001-csv/1573#50083553>				<https://panlex.org/snapshot/panlex-20191001-csv/1573#50083586>		"jigawa"@ha	
"wuor̃i"@fi	<https://panlex.org/snapshot/panlex-20191001-csv/1573#50083553>				<https://panlex.org/snapshot/panlex-20191001-csv/1573#50083584>		"duc̣i"@ha	
"taiwas"@fi	<https://panlex.org/snapshot/panlex-20191001-csv/1573#50091119>				<https://panlex.org/snapshot/panlex-20191001-csv/1573#50091135>		"sama"@ha	
"waltamer̃i"@fi	<https://panlex.org/snapshot/panlex-20191001-csv/1573#50086741>				<https://panlex.org/snapshot/panlex-20191001-csv/1573#50086753>		"teku"@ha	
"maaper̃æ"@fi	<https://panlex.org/snapshot/panlex-20191001-csv/1573#50082372>				<https://panlex.org/snapshot/panlex-20191001-csv/1573#50082404>		"kˀasa"@ha	
"puu"@fi	<https://panlex.org/snapshot/panlex-20191001-csv/1573#50090015>				<https://panlex.org/snapshot/panlex-20191001-csv/1573#50090032>		"bishiya"@ha	
"puu"@fi	<https://panlex.org/snapshot/panlex-20191001-csv/1573#50090264>				<https://panlex.org/snapshot/panlex-20191001-csv/1573#50090283>		"itace"@ha	
"læhde"@fi	<https://panlex.org/snapshot/panlex-20191001-csv/1573#50088946>				<https://panlex.org/snapshot/panlex-20191001-csv/1573#50088974>		"idon ruwa"@ha	
"waahto"@fi	<https://panlex.org/snapshot/panlex-20191001-csv/1573#50086533>				<https://panlex.org/snapshot/panlex-20191001-csv/1573#50086549>		"kumfa"@ha	
"pölü"@fi	<https://panlex.org/snapshot/panlex-20191001-csv/1573#50082679>				<https://panlex.org/snapshot/panlex-20191001-csv/1573#50082704>		"ura"@ha	
"pölü"@fi	<https://panlex.org/snapshot/panlex-20191001-csv/1573#50082679>				<https://panlex.org/snapshot/panlex-20191001-csv/1573#50082703>		"kˀura"@ha	
"kiwi"@fi	<https://panlex.org/snapshot/panlex-20191001-csv/1573#50090570>				<https://panlex.org/snapshot/panlex-20191001-csv/1573#50090596>		"dutse"@ha	
"yoki"@fi	<https://panlex.org/snapshot/panlex-20191001-csv/1573#50088324>				<https://panlex.org/snapshot/panlex-20191001-csv/1573#50088359>		"kogi"@ha	
"maanyær̃istüs"@fi	<https://panlex.org/snapshot/panlex-20191001-csv/1573#50090910>				<https://panlex.org/snapshot/panlex-20191001-csv/1573#50090926>		"girgizar kˀasa"@ha	
"krokotiili"@fi	<https://panlex.org/snapshot/panlex-20191001-csv/15#982771>				<https://panlex.org/snapshot/panlex-20191001-csv/15#982773>		"kada"@ha	
"sipuli"@fi	<https://panlex.org/snapshot/panlex-20191001-csv/15#985348>				<https://panlex.org/snapshot/panlex-20191001-csv/15#985350>		"albasa"@ha	
"maissi"@fi	<https://panlex.org/snapshot/panlex-20191001-csv/3776#91731743>				<https://panlex.org/snapshot/panlex-20191001-csv/3776#91731745>		"agwado"@ha	
"totuus"@fi	<https://panlex.org/snapshot/panlex-20191001-csv/3776#91696957>				<https://panlex.org/snapshot/panlex-20191001-csv/3776#91696964>		"hàƙı̋ƙȁ"@ha	
"ISO 639"@fi	<https://panlex.org/snapshot/panlex-20191001-csv/3776#91881338>				<https://panlex.org/snapshot/panlex-20191001-csv/3776#91881355>		"ISO 639"@ha	
"kalja"@fi	<https://panlex.org/snapshot/panlex-20191001-csv/3776#91697188>				<https://panlex.org/snapshot/panlex-20191001-csv/3776#91697194>		"bíyá"@ha	
"sänky"@fi	<https://panlex.org/snapshot/panlex-20191001-csv/3776#91699278>				<https://panlex.org/snapshot/panlex-20191001-csv/3776#91699286>		"gádő"@ha	
"omena"@fi	<https://panlex.org/snapshot/panlex-20191001-csv/3776#91664825>				<https://panlex.org/snapshot/panlex-20191001-csv/3776#91664834>		"áfùl"@ha	
"heinäsirkka"@fi	<https://panlex.org/snapshot/panlex-20191001-csv/3776#91749349>				<https://panlex.org/snapshot/panlex-20191001-csv/3776#91749351>		"fàra"@ha	
"lehmä"@fi	<https://panlex.org/snapshot/panlex-20191001-csv/3776#91683886>				<https://panlex.org/snapshot/panlex-20191001-csv/3776#91683896>		"sa̋nìya̋"@ha	
"peti"@fi	<https://panlex.org/snapshot/panlex-20191001-csv/3776#91699280>				<https://panlex.org/snapshot/panlex-20191001-csv/3776#91699286>		"gádő"@ha	
"parta"@fi	<https://panlex.org/snapshot/panlex-20191001-csv/3776#91739394>				<https://panlex.org/snapshot/panlex-20191001-csv/3776#91739401>		"ge̋mȕ"@ha	
"vehnä"@fi	<https://panlex.org/snapshot/panlex-20191001-csv/3776#91786902>				<https://panlex.org/snapshot/panlex-20191001-csv/3776#91786907>		"álkámà"@ha	
"hämähäkit"@fi	<https://panlex.org/snapshot/panlex-20191001-csv/3776#91633583>				<https://panlex.org/snapshot/panlex-20191001-csv/3776#91633592>		"gizò-gizò"@ha	
"hämähäkit"@fi	<https://panlex.org/snapshot/panlex-20191001-csv/3776#91633583>				<https://panlex.org/snapshot/panlex-20191001-csv/3776#91633593>		"tautaù"@ha	
"käännös"@fi	<https://panlex.org/snapshot/panlex-20191001-csv/3776#91706458>				<https://panlex.org/snapshot/panlex-20191001-csv/3776#91706465>		"fássárȁ"@ha	
"kotka"@fi	<https://panlex.org/snapshot/panlex-20191001-csv/3776#91829488>				<https://panlex.org/snapshot/panlex-20191001-csv/3776#91829495>		"gágga̋fa̋"@ha	
"sipuli"@fi	<https://panlex.org/snapshot/panlex-20191001-csv/3776#91683976>				<https://panlex.org/snapshot/panlex-20191001-csv/3776#91683980>		"àlbásȁ"@ha	
"sipuli"@fi	<https://panlex.org/snapshot/panlex-20191001-csv/3776#91683976>				<https://panlex.org/snapshot/panlex-20191001-csv/3776#91683981>		"àlbásà"@ha	
"olut"@fi	<https://panlex.org/snapshot/panlex-20191001-csv/3776#91697187>				<https://panlex.org/snapshot/panlex-20191001-csv/3776#91697194>		"bíyá"@ha	
"kahdeksan"@fi	<https://panlex.org/snapshot/panlex-20191001-csv/3776#91702815>				<https://panlex.org/snapshot/panlex-20191001-csv/3776#91702824>		"tákwàs"@ha	
"oranssi"@fi	<https://panlex.org/snapshot/panlex-20191001-csv/3776#91666315>				<https://panlex.org/snapshot/panlex-20191001-csv/3776#91666321>		"mai ruwan lemo"@ha	
"oranssi"@fi	<https://panlex.org/snapshot/panlex-20191001-csv/3776#91666315>				<https://panlex.org/snapshot/panlex-20191001-csv/3776#91666320>		"lemo"@ha	
"valkoinen"@fi	<https://panlex.org/snapshot/panlex-20191001-csv/3776#91666719>				<https://panlex.org/snapshot/panlex-20191001-csv/3776#91666727>		"feri"@ha	
"Myanmar"@fi	<https://panlex.org/snapshot/panlex-20191001-csv/3776#91725293>				<https://panlex.org/snapshot/panlex-20191001-csv/3776#91725298>		"Bama"@ha	
"sanakirja"@fi	<https://panlex.org/snapshot/panlex-20191001-csv/13#945204>				<https://panlex.org/snapshot/panlex-20191001-csv/13#945210>		"kamus"@ha	
"YK"@fi	<https://panlex.org/snapshot/panlex-20191001-csv/2894#111101995>				<https://panlex.org/snapshot/panlex-20191001-csv/2894#111101845>		"Majalisar ɗinkin duniya"@ha	
"Yhdistyneet kansakunnat"@fi	<https://panlex.org/snapshot/panlex-20191001-csv/2894#111101905>				<https://panlex.org/snapshot/panlex-20191001-csv/2894#111101845>		"Majalisar ɗinkin duniya"@ha	
"lauantai"@fi	<https://panlex.org/snapshot/panlex-20191001-csv/2892#110826570>				<https://panlex.org/snapshot/panlex-20191001-csv/2892#110826212>		"سُبْدُ"@ha	
"lauantai"@fi	<https://panlex.org/snapshot/panlex-20191001-csv/2892#110826570>				<https://panlex.org/snapshot/panlex-20191001-csv/2892#110826485>		"Asibit"@ha	
"lauantai"@fi	<https://panlex.org/snapshot/panlex-20191001-csv/2892#110826570>				<https://panlex.org/snapshot/panlex-20191001-csv/2892#110826392>		"ٲسِبِتْ"@ha	
"lauantai"@fi	<https://panlex.org/snapshot/panlex-20191001-csv/2892#110826570>				<https://panlex.org/snapshot/panlex-20191001-csv/2892#110826248>		"Assabat"@ha	
"lauantai"@fi	<https://panlex.org/snapshot/panlex-20191001-csv/2892#110826570>				<https://panlex.org/snapshot/panlex-20191001-csv/2892#110826447>		"Sati"@ha	
"lauantai"@fi	<https://panlex.org/snapshot/panlex-20191001-csv/2892#110826570>				<https://panlex.org/snapshot/panlex-20191001-csv/2892#110826232>		"Assabit"@ha	
"lauantai"@fi	<https://panlex.org/snapshot/panlex-20191001-csv/2892#110826570>				<https://panlex.org/snapshot/panlex-20191001-csv/2892#110826305>		"سَاتِى"@ha	
"lauantai"@fi	<https://panlex.org/snapshot/panlex-20191001-csv/2892#110826570>				<https://panlex.org/snapshot/panlex-20191001-csv/2892#110826137>		"ٲسَبَرْ"@ha	
"lauantai"@fi	<https://panlex.org/snapshot/panlex-20191001-csv/2892#110826570>				<https://panlex.org/snapshot/panlex-20191001-csv/2892#110826202>		"Asabar"@ha	
"lauantai"@fi	<https://panlex.org/snapshot/panlex-20191001-csv/2892#110826570>				<https://panlex.org/snapshot/panlex-20191001-csv/2892#110826366>		"ٲسَبِتْ"@ha	
"lauantai"@fi	<https://panlex.org/snapshot/panlex-20191001-csv/2892#110826570>				<https://panlex.org/snapshot/panlex-20191001-csv/2892#110826459>		"ٲسَبَتْ"@ha	
"lauantai"@fi	<https://panlex.org/snapshot/panlex-20191001-csv/2892#110826570>				<https://panlex.org/snapshot/panlex-20191001-csv/2892#110826138>		"Assabar"@ha	
"lauantai"@fi	<https://panlex.org/snapshot/panlex-20191001-csv/2892#110826570>				<https://panlex.org/snapshot/panlex-20191001-csv/2892#110826161>		"Subdu"@ha	
"sunnuntai"@fi	<https://panlex.org/snapshot/panlex-20191001-csv/2892#110826576>				<https://panlex.org/snapshot/panlex-20191001-csv/2892#110826655>		"Ladi"@ha	
"sunnuntai"@fi	<https://panlex.org/snapshot/panlex-20191001-csv/2892#110826576>				<https://panlex.org/snapshot/panlex-20191001-csv/2892#110826743>		"لاَدِ"@ha	
"sunnuntai"@fi	<https://panlex.org/snapshot/panlex-20191001-csv/2892#110826576>				<https://panlex.org/snapshot/panlex-20191001-csv/2892#110827020>		"لَحَدِ"@ha	
"sunnuntai"@fi	<https://panlex.org/snapshot/panlex-20191001-csv/2892#110826576>				<https://panlex.org/snapshot/panlex-20191001-csv/2892#110826979>		"Lahadi"@ha	
"keskiviikko"@fi	<https://panlex.org/snapshot/panlex-20191001-csv/2892#110825084>				<https://panlex.org/snapshot/panlex-20191001-csv/2892#110825247>		"لاَرَبَا"@ha	
"keskiviikko"@fi	<https://panlex.org/snapshot/panlex-20191001-csv/2892#110825084>				<https://panlex.org/snapshot/panlex-20191001-csv/2892#110824864>		"Laraba"@ha	
"perjantai"@fi	<https://panlex.org/snapshot/panlex-20191001-csv/2892#110826095>				<https://panlex.org/snapshot/panlex-20191001-csv/2892#110825877>		"Aljimma’a"@ha	
"perjantai"@fi	<https://panlex.org/snapshot/panlex-20191001-csv/2892#110826095>				<https://panlex.org/snapshot/panlex-20191001-csv/2892#110826027>		"ٲلْجِمَعَ"@ha	
"perjantai"@fi	<https://panlex.org/snapshot/panlex-20191001-csv/2892#110826095>				<https://panlex.org/snapshot/panlex-20191001-csv/2892#110825795>		"Aljumma’a"@ha	
"perjantai"@fi	<https://panlex.org/snapshot/panlex-20191001-csv/2892#110826095>				<https://panlex.org/snapshot/panlex-20191001-csv/2892#110825759>		"Jumma’a"@ha	
"perjantai"@fi	<https://panlex.org/snapshot/panlex-20191001-csv/2892#110826095>				<https://panlex.org/snapshot/panlex-20191001-csv/2892#110825978>		"ٲلْجُمَعَ"@ha	
"perjantai"@fi	<https://panlex.org/snapshot/panlex-20191001-csv/2892#110826095>				<https://panlex.org/snapshot/panlex-20191001-csv/2892#110825757>		"جُمَعَ"@ha	
"torstai"@fi	<https://panlex.org/snapshot/panlex-20191001-csv/2892#110825551>				<https://panlex.org/snapshot/panlex-20191001-csv/2892#110825470>		"Alhamis"@ha	
"torstai"@fi	<https://panlex.org/snapshot/panlex-20191001-csv/2892#110825551>				<https://panlex.org/snapshot/panlex-20191001-csv/2892#110825372>		"ٲلْحَمِسْ"@ha	
"maanantai"@fi	<https://panlex.org/snapshot/panlex-20191001-csv/2892#110824387>				<https://panlex.org/snapshot/panlex-20191001-csv/2892#110824267>		"لِتِنِنْ"@ha	
"maanantai"@fi	<https://panlex.org/snapshot/panlex-20191001-csv/2892#110824387>				<https://panlex.org/snapshot/panlex-20191001-csv/2892#110824075>		"Litinin"@ha	
"maanantai"@fi	<https://panlex.org/snapshot/panlex-20191001-csv/2892#110824387>				<https://panlex.org/snapshot/panlex-20191001-csv/2892#110824423>		"لِيتِنِنْ"@ha	
"maanantai"@fi	<https://panlex.org/snapshot/panlex-20191001-csv/2892#110824387>				<https://panlex.org/snapshot/panlex-20191001-csv/2892#110824403>		"Littinin"@ha	
"tiistai"@fi	<https://panlex.org/snapshot/panlex-20191001-csv/2892#110824801>				<https://panlex.org/snapshot/panlex-20191001-csv/2892#110824703>		"Talata"@ha	
"tiistai"@fi	<https://panlex.org/snapshot/panlex-20191001-csv/2892#110824801>				<https://panlex.org/snapshot/panlex-20191001-csv/2892#110824549>		"تَلاَتَ"@ha	
"huhtikuu"@fi	<https://panlex.org/snapshot/panlex-20191001-csv/2897#110828621>				<https://panlex.org/snapshot/panlex-20191001-csv/2897#110828668>		"ٲڢْرِيلُ"@ha	
"huhtikuu"@fi	<https://panlex.org/snapshot/panlex-20191001-csv/2897#110828621>				<https://panlex.org/snapshot/panlex-20191001-csv/2897#110828504>		"Afril"@ha	
"huhtikuu"@fi	<https://panlex.org/snapshot/panlex-20191001-csv/2897#110828621>				<https://panlex.org/snapshot/panlex-20191001-csv/2897#110828577>		"ٲڢْرِلْ"@ha	
"huhtikuu"@fi	<https://panlex.org/snapshot/panlex-20191001-csv/2897#110828621>				<https://panlex.org/snapshot/panlex-20191001-csv/2897#110828402>		"Afrilu"@ha	
"elokuu"@fi	<https://panlex.org/snapshot/panlex-20191001-csv/2897#110830001>				<https://panlex.org/snapshot/panlex-20191001-csv/2897#110829906>		"Agusta"@ha	
"elokuu"@fi	<https://panlex.org/snapshot/panlex-20191001-csv/2897#110830001>				<https://panlex.org/snapshot/panlex-20191001-csv/2897#110829953>		"Angusta"@ha	
"elokuu"@fi	<https://panlex.org/snapshot/panlex-20191001-csv/2897#110830001>				<https://panlex.org/snapshot/panlex-20191001-csv/2897#110829897>		"ٲغُسْتَ"@ha	
"elokuu"@fi	<https://panlex.org/snapshot/panlex-20191001-csv/2897#110830001>				<https://panlex.org/snapshot/panlex-20191001-csv/2897#110830039>		"ٲنْغُشَتْ"@ha	
"elokuu"@fi	<https://panlex.org/snapshot/panlex-20191001-csv/2897#110830001>				<https://panlex.org/snapshot/panlex-20191001-csv/2897#110829941>		"Angushat"@ha	
"elokuu"@fi	<https://panlex.org/snapshot/panlex-20191001-csv/2897#110830001>				<https://panlex.org/snapshot/panlex-20191001-csv/2897#110830116>		"ٲنْغُسْتَ"@ha	
"tammikuu"@fi	<https://panlex.org/snapshot/panlex-20191001-csv/2897#110827333>				<https://panlex.org/snapshot/panlex-20191001-csv/2897#110827201>		"جَنَيْرُ"@ha	
"tammikuu"@fi	<https://panlex.org/snapshot/panlex-20191001-csv/2897#110827333>				<https://panlex.org/snapshot/panlex-20191001-csv/2897#110827267>		"Janairu"@ha	
"lokakuu"@fi	<https://panlex.org/snapshot/panlex-20191001-csv/2897#110831093>				<https://panlex.org/snapshot/panlex-20191001-csv/2897#110830993>		"أُكْتوُبَ"@ha	
"lokakuu"@fi	<https://panlex.org/snapshot/panlex-20191001-csv/2897#110831093>				<https://panlex.org/snapshot/panlex-20191001-csv/2897#110830744>		"ٲكَتُوبَر"@ha	
"lokakuu"@fi	<https://panlex.org/snapshot/panlex-20191001-csv/2897#110831093>				<https://panlex.org/snapshot/panlex-20191001-csv/2897#110830735>		"Oktoba"@ha	
"lokakuu"@fi	<https://panlex.org/snapshot/panlex-20191001-csv/2897#110831093>				<https://panlex.org/snapshot/panlex-20191001-csv/2897#110831089>		"Akatubar"@ha	
"marraskuu"@fi	<https://panlex.org/snapshot/panlex-20191001-csv/2897#110831352>				<https://panlex.org/snapshot/panlex-20191001-csv/2897#110831368>		"نُوَمْبَرْ"@ha	
"marraskuu"@fi	<https://panlex.org/snapshot/panlex-20191001-csv/2897#110831352>				<https://panlex.org/snapshot/panlex-20191001-csv/2897#110831222>		"Nuwamba"@ha	
"marraskuu"@fi	<https://panlex.org/snapshot/panlex-20191001-csv/2897#110831352>				<https://panlex.org/snapshot/panlex-20191001-csv/2897#110831199>		"Nuwambar"@ha	
"marraskuu"@fi	<https://panlex.org/snapshot/panlex-20191001-csv/2897#110831352>				<https://panlex.org/snapshot/panlex-20191001-csv/2897#110831153>		"نُوَمْبَ"@ha	
"kesäkuu"@fi	<https://panlex.org/snapshot/panlex-20191001-csv/2897#110829188>				<https://panlex.org/snapshot/panlex-20191001-csv/2897#110829335>		"جُنْ"@ha	
"kesäkuu"@fi	<https://panlex.org/snapshot/panlex-20191001-csv/2897#110829188>				<https://panlex.org/snapshot/panlex-20191001-csv/2897#110829101>		"Yuni"@ha	
"kesäkuu"@fi	<https://panlex.org/snapshot/panlex-20191001-csv/2897#110829188>				<https://panlex.org/snapshot/panlex-20191001-csv/2897#110829316>		"Yunihi"@ha	
"kesäkuu"@fi	<https://panlex.org/snapshot/panlex-20191001-csv/2897#110829188>				<https://panlex.org/snapshot/panlex-20191001-csv/2897#110829472>		"يُونِ"@ha	
"kesäkuu"@fi	<https://panlex.org/snapshot/panlex-20191001-csv/2897#110829188>				<https://panlex.org/snapshot/panlex-20191001-csv/2897#110829460>		"يُونِحِ"@ha	
"kesäkuu"@fi	<https://panlex.org/snapshot/panlex-20191001-csv/2897#110829188>				<https://panlex.org/snapshot/panlex-20191001-csv/2897#110829292>		"Jun"@ha	
"heinäkuu"@fi	<https://panlex.org/snapshot/panlex-20191001-csv/2897#110829848>				<https://panlex.org/snapshot/panlex-20191001-csv/2897#110829680>		"يُولِ"@ha	
"heinäkuu"@fi	<https://panlex.org/snapshot/panlex-20191001-csv/2897#110829848>				<https://panlex.org/snapshot/panlex-20191001-csv/2897#110829759>		"Yulizi"@ha	
"heinäkuu"@fi	<https://panlex.org/snapshot/panlex-20191001-csv/2897#110829848>				<https://panlex.org/snapshot/panlex-20191001-csv/2897#110829621>		"Yuli"@ha	
"heinäkuu"@fi	<https://panlex.org/snapshot/panlex-20191001-csv/2897#110829848>				<https://panlex.org/snapshot/panlex-20191001-csv/2897#110829740>		"يُولِزِ"@ha	
"maaliskuu"@fi	<https://panlex.org/snapshot/panlex-20191001-csv/2897#110828104>				<https://panlex.org/snapshot/panlex-20191001-csv/2897#110828052>		"Maris"@ha	
"maaliskuu"@fi	<https://panlex.org/snapshot/panlex-20191001-csv/2897#110828104>				<https://panlex.org/snapshot/panlex-20191001-csv/2897#110828204>		"مَارِسْ"@ha	
"toukokuu"@fi	<https://panlex.org/snapshot/panlex-20191001-csv/2897#110829060>				<https://panlex.org/snapshot/panlex-20191001-csv/2897#110828965>		"مَايِبِ"@ha	
"toukokuu"@fi	<https://panlex.org/snapshot/panlex-20191001-csv/2897#110829060>				<https://panlex.org/snapshot/panlex-20191001-csv/2897#110828937>		"Mayibi"@ha	
"toukokuu"@fi	<https://panlex.org/snapshot/panlex-20191001-csv/2897#110829060>				<https://panlex.org/snapshot/panlex-20191001-csv/2897#110828901>		"مَايُ"@ha	
"toukokuu"@fi	<https://panlex.org/snapshot/panlex-20191001-csv/2897#110829060>				<https://panlex.org/snapshot/panlex-20191001-csv/2897#110828905>		"Mayu"@ha	
"syyskuu"@fi	<https://panlex.org/snapshot/panlex-20191001-csv/2897#110830397>				<https://panlex.org/snapshot/panlex-20191001-csv/2897#110830438>		"Shatumbar"@ha	
"syyskuu"@fi	<https://panlex.org/snapshot/panlex-20191001-csv/2897#110830397>				<https://panlex.org/snapshot/panlex-20191001-csv/2897#110830564>		"Sitamba"@ha	
"syyskuu"@fi	<https://panlex.org/snapshot/panlex-20191001-csv/2897#110830397>				<https://panlex.org/snapshot/panlex-20191001-csv/2897#110830310>		"شَاتُمْبَرْ"@ha	
"syyskuu"@fi	<https://panlex.org/snapshot/panlex-20191001-csv/2897#110830397>				<https://panlex.org/snapshot/panlex-20191001-csv/2897#110830464>		"سِتَمْبَ"@ha	
"syyskuu"@fi	<https://panlex.org/snapshot/panlex-20191001-csv/2897#110830397>				<https://panlex.org/snapshot/panlex-20191001-csv/2897#110830638>		"Satumba"@ha	
"syyskuu"@fi	<https://panlex.org/snapshot/panlex-20191001-csv/2897#110830397>				<https://panlex.org/snapshot/panlex-20191001-csv/2897#110830501>		"سَتُمْبَ"@ha	
"helmikuu"@fi	<https://panlex.org/snapshot/panlex-20191001-csv/2897#110827663>				<https://panlex.org/snapshot/panlex-20191001-csv/2897#110827851>		"ڢَبَرَاءِر"@ha	
"helmikuu"@fi	<https://panlex.org/snapshot/panlex-20191001-csv/2897#110827663>				<https://panlex.org/snapshot/panlex-20191001-csv/2897#110827855>		"Fabara’ir"@ha	
"helmikuu"@fi	<https://panlex.org/snapshot/panlex-20191001-csv/2897#110827663>				<https://panlex.org/snapshot/panlex-20191001-csv/2897#110827543>		"ڢَبْرَيْرُ"@ha	
"helmikuu"@fi	<https://panlex.org/snapshot/panlex-20191001-csv/2897#110827663>				<https://panlex.org/snapshot/panlex-20191001-csv/2897#110827682>		"Fabrairu"@ha	
"joulukuu"@fi	<https://panlex.org/snapshot/panlex-20191001-csv/2897#110831563>				<https://panlex.org/snapshot/panlex-20191001-csv/2897#110831809>		"Disamba"@ha	
"joulukuu"@fi	<https://panlex.org/snapshot/panlex-20191001-csv/2897#110831563>				<https://panlex.org/snapshot/panlex-20191001-csv/2897#110831804>		"دِيزَمْبَ"@ha	
"joulukuu"@fi	<https://panlex.org/snapshot/panlex-20191001-csv/2897#110831563>				<https://panlex.org/snapshot/panlex-20191001-csv/2897#110831930>		"Dujambar"@ha	
"joulukuu"@fi	<https://panlex.org/snapshot/panlex-20191001-csv/2897#110831563>				<https://panlex.org/snapshot/panlex-20191001-csv/2897#110831720>		"Dizamba"@ha	
"joulukuu"@fi	<https://panlex.org/snapshot/panlex-20191001-csv/2897#110831563>				<https://panlex.org/snapshot/panlex-20191001-csv/2897#110831934>		"Dijambar"@ha	
"joulukuu"@fi	<https://panlex.org/snapshot/panlex-20191001-csv/2897#110831563>				<https://panlex.org/snapshot/panlex-20191001-csv/2897#110831842>		"دِجَمْبَرْ"@ha	
"joulukuu"@fi	<https://panlex.org/snapshot/panlex-20191001-csv/2897#110831563>				<https://panlex.org/snapshot/panlex-20191001-csv/2897#110831785>		"دِيسَمْبَ"@ha	
"joulukuu"@fi	<https://panlex.org/snapshot/panlex-20191001-csv/2897#110831563>				<https://panlex.org/snapshot/panlex-20191001-csv/2897#110831869>		"دُجَمْبَرْ"@ha	
"Aasia"@fi	<https://panlex.org/snapshot/panlex-20191001-csv/2891#110853820>				<https://panlex.org/snapshot/panlex-20191001-csv/2891#110853815>		"Asiya"@ha	
"Aasia"@fi	<https://panlex.org/snapshot/panlex-20191001-csv/2891#110853820>				<https://panlex.org/snapshot/panlex-20191001-csv/2891#110853941>		"Asia"@ha	
"Amerikka"@fi	<https://panlex.org/snapshot/panlex-20191001-csv/2891#110853268>				<https://panlex.org/snapshot/panlex-20191001-csv/2891#110853527>		"Amirka"@ha	
"Amerikka"@fi	<https://panlex.org/snapshot/panlex-20191001-csv/2891#110853268>				<https://panlex.org/snapshot/panlex-20191001-csv/2891#110853369>		"Amerika"@ha	
"Antarktis"@fi	<https://panlex.org/snapshot/panlex-20191001-csv/2891#110853656>				<https://panlex.org/snapshot/panlex-20191001-csv/2891#110853767>		"Antarktic"@ha	
"Eurooppa"@fi	<https://panlex.org/snapshot/panlex-20191001-csv/2891#110854056>				<https://panlex.org/snapshot/panlex-20191001-csv/2891#110854275>		"Uzungu"@ha	
"Eurooppa"@fi	<https://panlex.org/snapshot/panlex-20191001-csv/2891#110854056>				<https://panlex.org/snapshot/panlex-20191001-csv/2891#110854092>		"Turai"@ha	
"Eurooppa"@fi	<https://panlex.org/snapshot/panlex-20191001-csv/2891#110854056>				<https://panlex.org/snapshot/panlex-20191001-csv/2891#110854057>		"Ulaya"@ha	
"Afrikka"@fi	<https://panlex.org/snapshot/panlex-20191001-csv/2891#110853187>				<https://panlex.org/snapshot/panlex-20191001-csv/2891#110853114>		"Afrika"@ha	
"Afrikka"@fi	<https://panlex.org/snapshot/panlex-20191001-csv/2891#110853187>				<https://panlex.org/snapshot/panlex-20191001-csv/2891#110853138>		"Afirka"@ha	
"Afrikka"@fi	<https://panlex.org/snapshot/panlex-20191001-csv/2891#110853187>				<https://panlex.org/snapshot/panlex-20191001-csv/2891#110853162>		"Tudu"@ha	
"Etelämanner"@fi	<https://panlex.org/snapshot/panlex-20191001-csv/2891#110853724>				<https://panlex.org/snapshot/panlex-20191001-csv/2891#110853767>		"Antarktic"@ha	
"kirkko"@fi	<https://panlex.org/snapshot/panlex-20191001-csv/2899#111112753>				<https://panlex.org/snapshot/panlex-20191001-csv/2899#111112782>		"coci"@ha	
"Jeesus Kristus"@fi	<https://panlex.org/snapshot/panlex-20191001-csv/2899#111112696>				<https://panlex.org/snapshot/panlex-20191001-csv/2899#111112747>		"Isa Almasihu"@ha	
"Islam"@fi	<https://panlex.org/snapshot/panlex-20191001-csv/2899#111113035>				<https://panlex.org/snapshot/panlex-20191001-csv/2899#111113005>		"Islama"@ha	
"Islam"@fi	<https://panlex.org/snapshot/panlex-20191001-csv/2899#111113035>				<https://panlex.org/snapshot/panlex-20191001-csv/2899#111112961>		"Musulunci"@ha	
"moskeija"@fi	<https://panlex.org/snapshot/panlex-20191001-csv/2899#111113520>				<https://panlex.org/snapshot/panlex-20191001-csv/2899#111113581>		"masallaci"@ha	
"Torah"@fi	<https://panlex.org/snapshot/panlex-20191001-csv/2899#111111756>				<https://panlex.org/snapshot/panlex-20191001-csv/2899#111111751>		"Attaura"@ha	
"Kristitty"@fi	<https://panlex.org/snapshot/panlex-20191001-csv/2899#111112332>				<https://panlex.org/snapshot/panlex-20191001-csv/2899#111112334>		"Banasare"@ha	
"Muhammed"@fi	<https://panlex.org/snapshot/panlex-20191001-csv/2899#111113335>				<https://panlex.org/snapshot/panlex-20191001-csv/2899#111113446>		"Annabi Muhammad"@ha	
"Raamattu"@fi	<https://panlex.org/snapshot/panlex-20191001-csv/2899#111112601>				<https://panlex.org/snapshot/panlex-20191001-csv/2899#111112470>		"Baibul"@ha	
"Juutalaisuus"@fi	<https://panlex.org/snapshot/panlex-20191001-csv/2899#111111583>				<https://panlex.org/snapshot/panlex-20191001-csv/2899#111111507>		"Yahudanci"@ha	
"Toora"@fi	<https://panlex.org/snapshot/panlex-20191001-csv/2899#111111811>				<https://panlex.org/snapshot/panlex-20191001-csv/2899#111111751>		"Attaura"@ha	
"Kristinusko"@fi	<https://panlex.org/snapshot/panlex-20191001-csv/2899#111112250>				<https://panlex.org/snapshot/panlex-20191001-csv/2899#111112195>		"Kiristanci"@ha	
"Mooses"@fi	<https://panlex.org/snapshot/panlex-20191001-csv/2899#111111989>				<https://panlex.org/snapshot/panlex-20191001-csv/2899#111111939>		"Annabi Musa"@ha	
"Islamilainen"@fi	<https://panlex.org/snapshot/panlex-20191001-csv/2899#111113129>				<https://panlex.org/snapshot/panlex-20191001-csv/2899#111113137>		"Musulmi"@ha	
"Koraani"@fi	<https://panlex.org/snapshot/panlex-20191001-csv/2899#111113317>				<https://panlex.org/snapshot/panlex-20191001-csv/2899#111113273>		"Alƙurani"@ha	
"Juutalainen"@fi	<https://panlex.org/snapshot/panlex-20191001-csv/2899#111111605>				<https://panlex.org/snapshot/panlex-20191001-csv/2899#111111659>		"Bayahude"@ha	
"Abrahamilaiset uskonnot"@fi	<https://panlex.org/snapshot/panlex-20191001-csv/2899#111113720>				<https://panlex.org/snapshot/panlex-20191001-csv/2899#111113645>		"Addini na Ibrahim"@ha	
