"etelä-ndebele"@fi	<https://panlex.org/snapshot/panlex-20191001-csv/400#13357186>				<https://panlex.org/snapshot/panlex-20191001-csv/400#13357197>		"isiNdebele"@nr	
"kislev"@fi	<https://panlex.org/snapshot/panlex-20191001-csv/2898#110834278>				<https://panlex.org/snapshot/panlex-20191001-csv/2898#110834305>		"uKhisilevi"@nr	
"teebet"@fi	<https://panlex.org/snapshot/panlex-20191001-csv/2898#110834319>				<https://panlex.org/snapshot/panlex-20191001-csv/2898#110834346>		"uThebhethi"@nr	
"aab"@fi	<https://panlex.org/snapshot/panlex-20191001-csv/2898#110833942>				<https://panlex.org/snapshot/panlex-20191001-csv/2898#110833986>		"u-Abhi"@nr	
"sebat"@fi	<https://panlex.org/snapshot/panlex-20191001-csv/2898#110834411>				<https://panlex.org/snapshot/panlex-20191001-csv/2898#110834424>		"uShebhathi"@nr	
"hesvan"@fi	<https://panlex.org/snapshot/panlex-20191001-csv/2898#110834170>				<https://panlex.org/snapshot/panlex-20191001-csv/2898#110834191>		"uHeshivani"@nr	
"hesvan"@fi	<https://panlex.org/snapshot/panlex-20191001-csv/2898#110834170>				<https://panlex.org/snapshot/panlex-20191001-csv/2898#110834126>		"uMariheshivani"@nr	
"niisan"@fi	<https://panlex.org/snapshot/panlex-20191001-csv/2898#110833701>				<https://panlex.org/snapshot/panlex-20191001-csv/2898#110833723>		"uNisani"@nr	
"elul"@fi	<https://panlex.org/snapshot/panlex-20191001-csv/2898#110834001>				<https://panlex.org/snapshot/panlex-20191001-csv/2898#110834018>		"u-Eluli"@nr	
"tisri"@fi	<https://panlex.org/snapshot/panlex-20191001-csv/2898#110834062>				<https://panlex.org/snapshot/panlex-20191001-csv/2898#110834073>		"uThishiri"@nr	
"marhesvan"@fi	<https://panlex.org/snapshot/panlex-20191001-csv/2898#110834157>				<https://panlex.org/snapshot/panlex-20191001-csv/2898#110834191>		"uHeshivani"@nr	
"marhesvan"@fi	<https://panlex.org/snapshot/panlex-20191001-csv/2898#110834157>				<https://panlex.org/snapshot/panlex-20191001-csv/2898#110834126>		"uMariheshivani"@nr	
"adar"@fi	<https://panlex.org/snapshot/panlex-20191001-csv/2898#110834457>				<https://panlex.org/snapshot/panlex-20191001-csv/2898#110834460>		"u-Adari"@nr	
"siivan"@fi	<https://panlex.org/snapshot/panlex-20191001-csv/2898#110833820>				<https://panlex.org/snapshot/panlex-20191001-csv/2898#110833809>		"uSivana"@nr	
"iijar"@fi	<https://panlex.org/snapshot/panlex-20191001-csv/2898#110833775>				<https://panlex.org/snapshot/panlex-20191001-csv/2898#110833740>		"u-Ijari"@nr	
"tammus"@fi	<https://panlex.org/snapshot/panlex-20191001-csv/2898#110833889>				<https://panlex.org/snapshot/panlex-20191001-csv/2898#110833917>		"uThamuzi"@nr	
"Afrikka"@fi	<https://panlex.org/snapshot/panlex-20191001-csv/2891#110853187>				<https://panlex.org/snapshot/panlex-20191001-csv/2891#110853075>		"Afrika"@nr	
