"miaka+uma"@ilp	<https://panlex.org/snapshot/panlex-20191001-csv/114#8054895>				<https://panlex.org/snapshot/panlex-20191001-csv/114#8055060>		"au"@nho	
"ŋipen"@ilp	<https://panlex.org/snapshot/panlex-20191001-csv/114#8067210>				<https://panlex.org/snapshot/panlex-20191001-csv/114#8067390>		"nifo"@nho	
"laŋuy"@ilp	<https://panlex.org/snapshot/panlex-20191001-csv/114#8055894>				<https://panlex.org/snapshot/panlex-20191001-csv/114#8056067>		"kau"@nho	
"lima"@ilp	<https://panlex.org/snapshot/panlex-20191001-csv/114#8051781>				<https://panlex.org/snapshot/panlex-20191001-csv/114#8051965>		"rima"@nho	
"tulan"@ilp	<https://panlex.org/snapshot/panlex-20191001-csv/114#8058968>				<https://panlex.org/snapshot/panlex-20191001-csv/114#8059132>		"ivi"@nho	
"atai"@ilp	<https://panlex.org/snapshot/panlex-20191001-csv/114#8059934>				<https://panlex.org/snapshot/panlex-20191001-csv/114#8060094>		"ate"@nho	
