"pō.fatu"@pmt	<https://panlex.org/snapshot/panlex-20191001-csv/1573#50090718>				<https://panlex.org/snapshot/panlex-20191001-csv/1573#50090800>		"éečˀ"@tli	
"pō.fatu"@pmt	<https://panlex.org/snapshot/panlex-20191001-csv/1573#50090718>				<https://panlex.org/snapshot/panlex-20191001-csv/1573#50090797>		"eeč"@tli	
"pō.fatu"@pmt	<https://panlex.org/snapshot/panlex-20191001-csv/1573#50090718>				<https://panlex.org/snapshot/panlex-20191001-csv/1573#50090796>		"dakaadí"@tli	
"pō.fatu"@pmt	<https://panlex.org/snapshot/panlex-20191001-csv/1573#50090718>				<https://panlex.org/snapshot/panlex-20191001-csv/1573#50090798>		"té"@tli	
"pō.fatu"@pmt	<https://panlex.org/snapshot/panlex-20191001-csv/1573#50090718>				<https://panlex.org/snapshot/panlex-20191001-csv/1573#50090801>		"ḳaadí"@tli	
"pō.fatu"@pmt	<https://panlex.org/snapshot/panlex-20191001-csv/1573#50090718>				<https://panlex.org/snapshot/panlex-20191001-csv/1573#50090799>		"té x̣áaxˀ"@tli	
"ahāria"@pmt	<https://panlex.org/snapshot/panlex-20191001-csv/1573#50085278>				<https://panlex.org/snapshot/panlex-20191001-csv/1573#50085349>		"éeḳ"@tli	
"ahāria"@pmt	<https://panlex.org/snapshot/panlex-20191001-csv/1573#50085278>				<https://panlex.org/snapshot/panlex-20191001-csv/1573#50085346>		"neeč"@tli	
"ahāria"@pmt	<https://panlex.org/snapshot/panlex-20191001-csv/1573#50085278>				<https://panlex.org/snapshot/panlex-20191001-csv/1573#50085348>		"yán"@tli	
"ahāria"@pmt	<https://panlex.org/snapshot/panlex-20191001-csv/1573#50085278>				<https://panlex.org/snapshot/panlex-20191001-csv/1573#50085347>		"xákʷ"@tli	
"ao"@pmt	<https://panlex.org/snapshot/panlex-20191001-csv/1573#50081864>				<https://panlex.org/snapshot/panlex-20191001-csv/1573#50081906>		"lingitˀaaní"@tli	
"rā"@pmt	<https://panlex.org/snapshot/panlex-20191001-csv/1573#50091458>				<https://panlex.org/snapshot/panlex-20191001-csv/1573#50091499>		"g̣agaan"@tli	
"ŋā.ere.henūa"@pmt	<https://panlex.org/snapshot/panlex-20191001-csv/1573#50082505>				<https://panlex.org/snapshot/panlex-20191001-csv/1573#50082565>		"tlˀéx̣ˀkʷ"@tli	
"ŋā.ere.henūa"@pmt	<https://panlex.org/snapshot/panlex-20191001-csv/1573#50082505>				<https://panlex.org/snapshot/panlex-20191001-csv/1573#50082564>		"tlˀáx̣ˀkʷ"@tli	
"kare"@pmt	<https://panlex.org/snapshot/panlex-20191001-csv/1573#50087781>				<https://panlex.org/snapshot/panlex-20191001-csv/1573#50087824>		"teet tlénxˀ"@tli	
"kare"@pmt	<https://panlex.org/snapshot/panlex-20191001-csv/1573#50087781>				<https://panlex.org/snapshot/panlex-20191001-csv/1573#50087823>		"teet"@tli	
"taru"@pmt	<https://panlex.org/snapshot/panlex-20191001-csv/1573#50089834>				<https://panlex.org/snapshot/panlex-20191001-csv/1573#50089883>		"aas gutú"@tli	
"taru"@pmt	<https://panlex.org/snapshot/panlex-20191001-csv/1573#50089834>				<https://panlex.org/snapshot/panlex-20191001-csv/1573#50089884>		"at gutú"@tli	
"henūa"@pmt	<https://panlex.org/snapshot/panlex-20191001-csv/1573#50082174>				<https://panlex.org/snapshot/panlex-20191001-csv/1573#50082245>		"tlˀátk"@tli	
"ahātea"@pmt	<https://panlex.org/snapshot/panlex-20191001-csv/1573#50091199>				<https://panlex.org/snapshot/panlex-20191001-csv/1573#50091246>		"góosˀ"@tli	
"ahātea"@pmt	<https://panlex.org/snapshot/panlex-20191001-csv/1573#50091199>				<https://panlex.org/snapshot/panlex-20191001-csv/1573#50091247>		"xáatsˀ"@tli	
"hei.ao"@pmt	<https://panlex.org/snapshot/panlex-20191001-csv/1573#50081866>				<https://panlex.org/snapshot/panlex-20191001-csv/1573#50081906>		"lingitˀaaní"@tli	
"vavau"@pmt	<https://panlex.org/snapshot/panlex-20191001-csv/1573#50082175>				<https://panlex.org/snapshot/panlex-20191001-csv/1573#50082245>		"tlˀátk"@tli	
"tahuna"@pmt	<https://panlex.org/snapshot/panlex-20191001-csv/1573#50084838>				<https://panlex.org/snapshot/panlex-20191001-csv/1573#50084871>		"xˀáatˀ"@tli	
"hopū.a"@pmt	<https://panlex.org/snapshot/panlex-20191001-csv/1573#50087332>				<https://panlex.org/snapshot/panlex-20191001-csv/1573#50087362>		"áakˀʷ"@tli	
"kami"@pmt	<https://panlex.org/snapshot/panlex-20191001-csv/1573#50085805>				<https://panlex.org/snapshot/panlex-20191001-csv/1573#50085856>		"ḳéesˀ"@tli	
"kami"@pmt	<https://panlex.org/snapshot/panlex-20191001-csv/1573#50085805>				<https://panlex.org/snapshot/panlex-20191001-csv/1573#50085855>		"héen"@tli	
"mi"@pmt	<https://panlex.org/snapshot/panlex-20191001-csv/1573#50085810>				<https://panlex.org/snapshot/panlex-20191001-csv/1573#50085856>		"ḳéesˀ"@tli	
"mi"@pmt	<https://panlex.org/snapshot/panlex-20191001-csv/1573#50085810>				<https://panlex.org/snapshot/panlex-20191001-csv/1573#50085855>		"héen"@tli	
"ŋaru"@pmt	<https://panlex.org/snapshot/panlex-20191001-csv/1573#50087782>				<https://panlex.org/snapshot/panlex-20191001-csv/1573#50087824>		"teet tlénxˀ"@tli	
"ŋaru"@pmt	<https://panlex.org/snapshot/panlex-20191001-csv/1573#50087782>				<https://panlex.org/snapshot/panlex-20191001-csv/1573#50087823>		"teet"@tli	
"’anavai"@pmt	<https://panlex.org/snapshot/panlex-20191001-csv/1573#50088497>				<https://panlex.org/snapshot/panlex-20191001-csv/1573#50088579>		"héen šáak"@tli	
"’anavai"@pmt	<https://panlex.org/snapshot/panlex-20191001-csv/1573#50088497>				<https://panlex.org/snapshot/panlex-20191001-csv/1573#50088576>		"héen tˀiká"@tli	
"’anavai"@pmt	<https://panlex.org/snapshot/panlex-20191001-csv/1573#50088497>				<https://panlex.org/snapshot/panlex-20191001-csv/1573#50088577>		"héen wantú"@tli	
"’anavai"@pmt	<https://panlex.org/snapshot/panlex-20191001-csv/1573#50088497>				<https://panlex.org/snapshot/panlex-20191001-csv/1573#50088583>		"taašuká"@tli	
"’anavai"@pmt	<https://panlex.org/snapshot/panlex-20191001-csv/1573#50088497>				<https://panlex.org/snapshot/panlex-20191001-csv/1573#50088580>		"héen šú"@tli	
"’anavai"@pmt	<https://panlex.org/snapshot/panlex-20191001-csv/1573#50088497>				<https://panlex.org/snapshot/panlex-20191001-csv/1573#50088574>		"hinšú"@tli	
"’anavai"@pmt	<https://panlex.org/snapshot/panlex-20191001-csv/1573#50088497>				<https://panlex.org/snapshot/panlex-20191001-csv/1573#50088575>		"héen táak"@tli	
"’anavai"@pmt	<https://panlex.org/snapshot/panlex-20191001-csv/1573#50088497>				<https://panlex.org/snapshot/panlex-20191001-csv/1573#50088582>		"naadaayi heen"@tli	
"’anavai"@pmt	<https://panlex.org/snapshot/panlex-20191001-csv/1573#50088497>				<https://panlex.org/snapshot/panlex-20191001-csv/1573#50088581>		"kanaadaayi héen"@tli	
"’anavai"@pmt	<https://panlex.org/snapshot/panlex-20191001-csv/1573#50088497>				<https://panlex.org/snapshot/panlex-20191001-csv/1573#50088578>		"héen wát"@tli	
"huka.huka.ŋaru"@pmt	<https://panlex.org/snapshot/panlex-20191001-csv/1573#50086610>				<https://panlex.org/snapshot/panlex-20191001-csv/1573#50086651>		"x̣eil"@tli	
"huka.huka.ŋaru"@pmt	<https://panlex.org/snapshot/panlex-20191001-csv/1573#50086610>				<https://panlex.org/snapshot/panlex-20191001-csv/1573#50086650>		"x̣eeš"@tli	
"huka.huka.ŋaru"@pmt	<https://panlex.org/snapshot/panlex-20191001-csv/1573#50086610>				<https://panlex.org/snapshot/panlex-20191001-csv/1573#50086649>		"x̣eel"@tli	
"ŋā.ere"@pmt	<https://panlex.org/snapshot/panlex-20191001-csv/1573#50082504>				<https://panlex.org/snapshot/panlex-20191001-csv/1573#50082565>		"tlˀéx̣ˀkʷ"@tli	
"ŋā.ere"@pmt	<https://panlex.org/snapshot/panlex-20191001-csv/1573#50082504>				<https://panlex.org/snapshot/panlex-20191001-csv/1573#50082564>		"tlˀáx̣ˀkʷ"@tli	
"ŋā.ere"@pmt	<https://panlex.org/snapshot/panlex-20191001-csv/1573#50083338>				<https://panlex.org/snapshot/panlex-20191001-csv/1573#50083376>		"lˀéiw"@tli	
"ŋā.ere"@pmt	<https://panlex.org/snapshot/panlex-20191001-csv/1573#50083338>				<https://panlex.org/snapshot/panlex-20191001-csv/1573#50083377>		"lˀéiw yátxˀi"@tli	
"mahūi"@pmt	<https://panlex.org/snapshot/panlex-20191001-csv/1573#50085809>				<https://panlex.org/snapshot/panlex-20191001-csv/1573#50085856>		"ḳéesˀ"@tli	
"mahūi"@pmt	<https://panlex.org/snapshot/panlex-20191001-csv/1573#50085809>				<https://panlex.org/snapshot/panlex-20191001-csv/1573#50085855>		"héen"@tli	
"ana"@pmt	<https://panlex.org/snapshot/panlex-20191001-csv/1573#50085562>				<https://panlex.org/snapshot/panlex-20191001-csv/1573#50085605>		"tatóok"@tli	
"ana"@pmt	<https://panlex.org/snapshot/panlex-20191001-csv/1573#50085562>				<https://panlex.org/snapshot/panlex-20191001-csv/1573#50085604>		"katóok"@tli	
"ŋōne"@pmt	<https://panlex.org/snapshot/panlex-20191001-csv/1573#50088024>				<https://panlex.org/snapshot/panlex-20191001-csv/1573#50088046>		"léin"@tli	
"aru"@pmt	<https://panlex.org/snapshot/panlex-20191001-csv/1573#50089833>				<https://panlex.org/snapshot/panlex-20191001-csv/1573#50089883>		"aas gutú"@tli	
"aru"@pmt	<https://panlex.org/snapshot/panlex-20191001-csv/1573#50089833>				<https://panlex.org/snapshot/panlex-20191001-csv/1573#50089884>		"at gutú"@tli	
"pōhatu"@pmt	<https://panlex.org/snapshot/panlex-20191001-csv/1573#50090719>				<https://panlex.org/snapshot/panlex-20191001-csv/1573#50090800>		"éečˀ"@tli	
"pōhatu"@pmt	<https://panlex.org/snapshot/panlex-20191001-csv/1573#50090719>				<https://panlex.org/snapshot/panlex-20191001-csv/1573#50090797>		"eeč"@tli	
"pōhatu"@pmt	<https://panlex.org/snapshot/panlex-20191001-csv/1573#50090719>				<https://panlex.org/snapshot/panlex-20191001-csv/1573#50090796>		"dakaadí"@tli	
"pōhatu"@pmt	<https://panlex.org/snapshot/panlex-20191001-csv/1573#50090719>				<https://panlex.org/snapshot/panlex-20191001-csv/1573#50090798>		"té"@tli	
"pōhatu"@pmt	<https://panlex.org/snapshot/panlex-20191001-csv/1573#50090719>				<https://panlex.org/snapshot/panlex-20191001-csv/1573#50090801>		"ḳaadí"@tli	
"pōhatu"@pmt	<https://panlex.org/snapshot/panlex-20191001-csv/1573#50090719>				<https://panlex.org/snapshot/panlex-20191001-csv/1573#50090799>		"té x̣áaxˀ"@tli	
"kū.keri.komo"@pmt	<https://panlex.org/snapshot/panlex-20191001-csv/1573#50089090>				<https://panlex.org/snapshot/panlex-20191001-csv/1573#50089152>		"goon"@tli	
"tari-henua"@pmt	<https://panlex.org/snapshot/panlex-20191001-csv/1573#50085281>				<https://panlex.org/snapshot/panlex-20191001-csv/1573#50085349>		"éeḳ"@tli	
"tari-henua"@pmt	<https://panlex.org/snapshot/panlex-20191001-csv/1573#50085281>				<https://panlex.org/snapshot/panlex-20191001-csv/1573#50085346>		"neeč"@tli	
"tari-henua"@pmt	<https://panlex.org/snapshot/panlex-20191001-csv/1573#50085281>				<https://panlex.org/snapshot/panlex-20191001-csv/1573#50085348>		"yán"@tli	
"tari-henua"@pmt	<https://panlex.org/snapshot/panlex-20191001-csv/1573#50085281>				<https://panlex.org/snapshot/panlex-20191001-csv/1573#50085347>		"xákʷ"@tli	
"kiri.kiri"@pmt	<https://panlex.org/snapshot/panlex-20191001-csv/1573#50090717>				<https://panlex.org/snapshot/panlex-20191001-csv/1573#50090800>		"éečˀ"@tli	
"kiri.kiri"@pmt	<https://panlex.org/snapshot/panlex-20191001-csv/1573#50090717>				<https://panlex.org/snapshot/panlex-20191001-csv/1573#50090797>		"eeč"@tli	
"kiri.kiri"@pmt	<https://panlex.org/snapshot/panlex-20191001-csv/1573#50090717>				<https://panlex.org/snapshot/panlex-20191001-csv/1573#50090796>		"dakaadí"@tli	
"kiri.kiri"@pmt	<https://panlex.org/snapshot/panlex-20191001-csv/1573#50090717>				<https://panlex.org/snapshot/panlex-20191001-csv/1573#50090798>		"té"@tli	
"kiri.kiri"@pmt	<https://panlex.org/snapshot/panlex-20191001-csv/1573#50090717>				<https://panlex.org/snapshot/panlex-20191001-csv/1573#50090801>		"ḳaadí"@tli	
"kiri.kiri"@pmt	<https://panlex.org/snapshot/panlex-20191001-csv/1573#50090717>				<https://panlex.org/snapshot/panlex-20191001-csv/1573#50090799>		"té x̣áaxˀ"@tli	
"ta.hora"@pmt	<https://panlex.org/snapshot/panlex-20191001-csv/1573#50085280>				<https://panlex.org/snapshot/panlex-20191001-csv/1573#50085349>		"éeḳ"@tli	
"ta.hora"@pmt	<https://panlex.org/snapshot/panlex-20191001-csv/1573#50085280>				<https://panlex.org/snapshot/panlex-20191001-csv/1573#50085346>		"neeč"@tli	
"ta.hora"@pmt	<https://panlex.org/snapshot/panlex-20191001-csv/1573#50085280>				<https://panlex.org/snapshot/panlex-20191001-csv/1573#50085348>		"yán"@tli	
"ta.hora"@pmt	<https://panlex.org/snapshot/panlex-20191001-csv/1573#50085280>				<https://panlex.org/snapshot/panlex-20191001-csv/1573#50085347>		"xákʷ"@tli	
"ka.hora.kōpara"@pmt	<https://panlex.org/snapshot/panlex-20191001-csv/1573#50089372>				<https://panlex.org/snapshot/panlex-20191001-csv/1573#50089416>		"šáčk"@tli	
"papāŋahu"@pmt	<https://panlex.org/snapshot/panlex-20191001-csv/1573#50084837>				<https://panlex.org/snapshot/panlex-20191001-csv/1573#50084871>		"xˀáatˀ"@tli	
"hua.kiri"@pmt	<https://panlex.org/snapshot/panlex-20191001-csv/1573#50090716>				<https://panlex.org/snapshot/panlex-20191001-csv/1573#50090800>		"éečˀ"@tli	
"hua.kiri"@pmt	<https://panlex.org/snapshot/panlex-20191001-csv/1573#50090716>				<https://panlex.org/snapshot/panlex-20191001-csv/1573#50090797>		"eeč"@tli	
"hua.kiri"@pmt	<https://panlex.org/snapshot/panlex-20191001-csv/1573#50090716>				<https://panlex.org/snapshot/panlex-20191001-csv/1573#50090796>		"dakaadí"@tli	
"hua.kiri"@pmt	<https://panlex.org/snapshot/panlex-20191001-csv/1573#50090716>				<https://panlex.org/snapshot/panlex-20191001-csv/1573#50090798>		"té"@tli	
"hua.kiri"@pmt	<https://panlex.org/snapshot/panlex-20191001-csv/1573#50090716>				<https://panlex.org/snapshot/panlex-20191001-csv/1573#50090801>		"ḳaadí"@tli	
"hua.kiri"@pmt	<https://panlex.org/snapshot/panlex-20191001-csv/1573#50090716>				<https://panlex.org/snapshot/panlex-20191001-csv/1573#50090799>		"té x̣áaxˀ"@tli	
"kōmeri"@pmt	<https://panlex.org/snapshot/panlex-20191001-csv/1573#50089373>				<https://panlex.org/snapshot/panlex-20191001-csv/1573#50089416>		"šáčk"@tli	
"kōnui"@pmt	<https://panlex.org/snapshot/panlex-20191001-csv/1573#50082786>				<https://panlex.org/snapshot/panlex-20191001-csv/1573#50082834>		"kadánǰaa"@tli	
"ma.hina"@pmt	<https://panlex.org/snapshot/panlex-20191001-csv/1573#50086611>				<https://panlex.org/snapshot/panlex-20191001-csv/1573#50086651>		"x̣eil"@tli	
"ma.hina"@pmt	<https://panlex.org/snapshot/panlex-20191001-csv/1573#50086611>				<https://panlex.org/snapshot/panlex-20191001-csv/1573#50086650>		"x̣eeš"@tli	
"ma.hina"@pmt	<https://panlex.org/snapshot/panlex-20191001-csv/1573#50086611>				<https://panlex.org/snapshot/panlex-20191001-csv/1573#50086649>		"x̣eel"@tli	
"ŋōe"@pmt	<https://panlex.org/snapshot/panlex-20191001-csv/1573#50088023>				<https://panlex.org/snapshot/panlex-20191001-csv/1573#50088046>		"léin"@tli	
"hui.rere"@pmt	<https://panlex.org/snapshot/panlex-20191001-csv/1573#50085279>				<https://panlex.org/snapshot/panlex-20191001-csv/1573#50085349>		"éeḳ"@tli	
"hui.rere"@pmt	<https://panlex.org/snapshot/panlex-20191001-csv/1573#50085279>				<https://panlex.org/snapshot/panlex-20191001-csv/1573#50085346>		"neeč"@tli	
"hui.rere"@pmt	<https://panlex.org/snapshot/panlex-20191001-csv/1573#50085279>				<https://panlex.org/snapshot/panlex-20191001-csv/1573#50085348>		"yán"@tli	
"hui.rere"@pmt	<https://panlex.org/snapshot/panlex-20191001-csv/1573#50085279>				<https://panlex.org/snapshot/panlex-20191001-csv/1573#50085347>		"xákʷ"@tli	
"ŋōē.ŋa"@pmt	<https://panlex.org/snapshot/panlex-20191001-csv/1573#50088025>				<https://panlex.org/snapshot/panlex-20191001-csv/1573#50088046>		"léin"@tli	
"kūvai"@pmt	<https://panlex.org/snapshot/panlex-20191001-csv/1573#50085808>				<https://panlex.org/snapshot/panlex-20191001-csv/1573#50085856>		"ḳéesˀ"@tli	
"kūvai"@pmt	<https://panlex.org/snapshot/panlex-20191001-csv/1573#50085808>				<https://panlex.org/snapshot/panlex-20191001-csv/1573#50085855>		"héen"@tli	
"kāpoho"@pmt	<https://panlex.org/snapshot/panlex-20191001-csv/1573#50087204>				<https://panlex.org/snapshot/panlex-20191001-csv/1573#50087232>		"g̣eey"@tli	
"kāpoho"@pmt	<https://panlex.org/snapshot/panlex-20191001-csv/1573#50087204>				<https://panlex.org/snapshot/panlex-20191001-csv/1573#50087233>		"g̣eiy"@tli	
"komo.hī"@pmt	<https://panlex.org/snapshot/panlex-20191001-csv/1573#50089089>				<https://panlex.org/snapshot/panlex-20191001-csv/1573#50089152>		"goon"@tli	
"motu"@pmt	<https://panlex.org/snapshot/panlex-20191001-csv/1573#50084836>				<https://panlex.org/snapshot/panlex-20191001-csv/1573#50084871>		"xˀáatˀ"@tli	
"henua nei"@pmt	<https://panlex.org/snapshot/panlex-20191001-csv/1573#50082173>				<https://panlex.org/snapshot/panlex-20191001-csv/1573#50082245>		"tlˀátk"@tli	
"hu.hu"@pmt	<https://panlex.org/snapshot/panlex-20191001-csv/1573#50088022>				<https://panlex.org/snapshot/panlex-20191001-csv/1573#50088046>		"léin"@tli	
"ka heru-vai"@pmt	<https://panlex.org/snapshot/panlex-20191001-csv/1573#50089087>				<https://panlex.org/snapshot/panlex-20191001-csv/1573#50089152>		"goon"@tli	
"ŋahu"@pmt	<https://panlex.org/snapshot/panlex-20191001-csv/1573#50084839>				<https://panlex.org/snapshot/panlex-20191001-csv/1573#50084871>		"xˀáatˀ"@tli	
"komo.vai"@pmt	<https://panlex.org/snapshot/panlex-20191001-csv/1573#50085807>				<https://panlex.org/snapshot/panlex-20191001-csv/1573#50085856>		"ḳéesˀ"@tli	
"komo.vai"@pmt	<https://panlex.org/snapshot/panlex-20191001-csv/1573#50085807>				<https://panlex.org/snapshot/panlex-20191001-csv/1573#50085855>		"héen"@tli	
"vai"@pmt	<https://panlex.org/snapshot/panlex-20191001-csv/1573#50085811>				<https://panlex.org/snapshot/panlex-20191001-csv/1573#50085856>		"ḳéesˀ"@tli	
"vai"@pmt	<https://panlex.org/snapshot/panlex-20191001-csv/1573#50085811>				<https://panlex.org/snapshot/panlex-20191001-csv/1573#50085855>		"héen"@tli	
"uru-rākau"@pmt	<https://panlex.org/snapshot/panlex-20191001-csv/1573#50089835>				<https://panlex.org/snapshot/panlex-20191001-csv/1573#50089883>		"aas gutú"@tli	
"uru-rākau"@pmt	<https://panlex.org/snapshot/panlex-20191001-csv/1573#50089835>				<https://panlex.org/snapshot/panlex-20191001-csv/1573#50089884>		"at gutú"@tli	
"kō̈kōŋa"@pmt	<https://panlex.org/snapshot/panlex-20191001-csv/1573#50087205>				<https://panlex.org/snapshot/panlex-20191001-csv/1573#50087232>		"g̣eey"@tli	
"kō̈kōŋa"@pmt	<https://panlex.org/snapshot/panlex-20191001-csv/1573#50087205>				<https://panlex.org/snapshot/panlex-20191001-csv/1573#50087233>		"g̣eiy"@tli	
"komo-tumu"@pmt	<https://panlex.org/snapshot/panlex-20191001-csv/1573#50089088>				<https://panlex.org/snapshot/panlex-20191001-csv/1573#50089152>		"goon"@tli	
"ārakau"@pmt	<https://panlex.org/snapshot/panlex-20191001-csv/1573#50089836>				<https://panlex.org/snapshot/panlex-20191001-csv/1573#50089883>		"aas gutú"@tli	
"ārakau"@pmt	<https://panlex.org/snapshot/panlex-20191001-csv/1573#50089836>				<https://panlex.org/snapshot/panlex-20191001-csv/1573#50089884>		"at gutú"@tli	
"komo.tahe"@pmt	<https://panlex.org/snapshot/panlex-20191001-csv/1573#50088496>				<https://panlex.org/snapshot/panlex-20191001-csv/1573#50088579>		"héen šáak"@tli	
"komo.tahe"@pmt	<https://panlex.org/snapshot/panlex-20191001-csv/1573#50088496>				<https://panlex.org/snapshot/panlex-20191001-csv/1573#50088576>		"héen tˀiká"@tli	
"komo.tahe"@pmt	<https://panlex.org/snapshot/panlex-20191001-csv/1573#50088496>				<https://panlex.org/snapshot/panlex-20191001-csv/1573#50088577>		"héen wantú"@tli	
"komo.tahe"@pmt	<https://panlex.org/snapshot/panlex-20191001-csv/1573#50088496>				<https://panlex.org/snapshot/panlex-20191001-csv/1573#50088583>		"taašuká"@tli	
"komo.tahe"@pmt	<https://panlex.org/snapshot/panlex-20191001-csv/1573#50088496>				<https://panlex.org/snapshot/panlex-20191001-csv/1573#50088580>		"héen šú"@tli	
"komo.tahe"@pmt	<https://panlex.org/snapshot/panlex-20191001-csv/1573#50088496>				<https://panlex.org/snapshot/panlex-20191001-csv/1573#50088574>		"hinšú"@tli	
"komo.tahe"@pmt	<https://panlex.org/snapshot/panlex-20191001-csv/1573#50088496>				<https://panlex.org/snapshot/panlex-20191001-csv/1573#50088575>		"héen táak"@tli	
"komo.tahe"@pmt	<https://panlex.org/snapshot/panlex-20191001-csv/1573#50088496>				<https://panlex.org/snapshot/panlex-20191001-csv/1573#50088582>		"naadaayi heen"@tli	
"komo.tahe"@pmt	<https://panlex.org/snapshot/panlex-20191001-csv/1573#50088496>				<https://panlex.org/snapshot/panlex-20191001-csv/1573#50088581>		"kanaadaayi héen"@tli	
"komo.tahe"@pmt	<https://panlex.org/snapshot/panlex-20191001-csv/1573#50088496>				<https://panlex.org/snapshot/panlex-20191001-csv/1573#50088578>		"héen wát"@tli	
"ŋaru.ae"@pmt	<https://panlex.org/snapshot/panlex-20191001-csv/1573#50087783>				<https://panlex.org/snapshot/panlex-20191001-csv/1573#50087824>		"teet tlénxˀ"@tli	
"ŋaru.ae"@pmt	<https://panlex.org/snapshot/panlex-20191001-csv/1573#50087783>				<https://panlex.org/snapshot/panlex-20191001-csv/1573#50087823>		"teet"@tli	
"tō.aha.ŋa"@pmt	<https://panlex.org/snapshot/panlex-20191001-csv/1573#50086803>				<https://panlex.org/snapshot/panlex-20191001-csv/1573#50086835>		"éilˀ"@tli	
"aopoto"@pmt	<https://panlex.org/snapshot/panlex-20191001-csv/1573#50081865>				<https://panlex.org/snapshot/panlex-20191001-csv/1573#50081906>		"lingitˀaaní"@tli	
"raŋi"@pmt	<https://panlex.org/snapshot/panlex-20191001-csv/1573#50091200>				<https://panlex.org/snapshot/panlex-20191001-csv/1573#50091246>		"góosˀ"@tli	
"raŋi"@pmt	<https://panlex.org/snapshot/panlex-20191001-csv/1573#50091200>				<https://panlex.org/snapshot/panlex-20191001-csv/1573#50091247>		"xáatsˀ"@tli	
"ao.nei"@pmt	<https://panlex.org/snapshot/panlex-20191001-csv/1573#50082172>				<https://panlex.org/snapshot/panlex-20191001-csv/1573#50082245>		"tlˀátk"@tli	
"hā.korō.ŋa"@pmt	<https://panlex.org/snapshot/panlex-20191001-csv/1573#50087203>				<https://panlex.org/snapshot/panlex-20191001-csv/1573#50087232>		"g̣eey"@tli	
"hā.korō.ŋa"@pmt	<https://panlex.org/snapshot/panlex-20191001-csv/1573#50087203>				<https://panlex.org/snapshot/panlex-20191001-csv/1573#50087233>		"g̣eiy"@tli	
"rehu"@pmt	<https://panlex.org/snapshot/panlex-20191001-csv/1573#50082787>				<https://panlex.org/snapshot/panlex-20191001-csv/1573#50082834>		"kadánǰaa"@tli	
"komo"@pmt	<https://panlex.org/snapshot/panlex-20191001-csv/1573#50085806>				<https://panlex.org/snapshot/panlex-20191001-csv/1573#50085856>		"ḳéesˀ"@tli	
"komo"@pmt	<https://panlex.org/snapshot/panlex-20191001-csv/1573#50085806>				<https://panlex.org/snapshot/panlex-20191001-csv/1573#50085855>		"héen"@tli	
"hōpaki"@pmt	<https://panlex.org/snapshot/panlex-20191001-csv/1573#50087333>				<https://panlex.org/snapshot/panlex-20191001-csv/1573#50087362>		"áakˀʷ"@tli	
