"kapu"@pmt	<https://panlex.org/snapshot/panlex-20191001-csv/114#8052000>				<https://panlex.org/snapshot/panlex-20191001-csv/114#8051985>		"lima"@ojv	
"kaakii"@pmt	<https://panlex.org/snapshot/panlex-20191001-csv/114#8064297>				<https://panlex.org/snapshot/panlex-20191001-csv/114#8064281>		"`ua"@ojv	
"manava"@pmt	<https://panlex.org/snapshot/panlex-20191001-csv/114#8065870>				<https://panlex.org/snapshot/panlex-20191001-csv/114#8065854>		"maanava"@ojv	
"manava"@pmt	<https://panlex.org/snapshot/panlex-20191001-csv/114#8058637>				<https://panlex.org/snapshot/panlex-20191001-csv/114#8058618>		"maŋava"@ojv	
"toto"@pmt	<https://panlex.org/snapshot/panlex-20191001-csv/114#8063219>				<https://panlex.org/snapshot/panlex-20191001-csv/114#8063203>		"koko"@ojv	
"puuehu"@pmt	<https://panlex.org/snapshot/panlex-20191001-csv/114#8057095>				<https://panlex.org/snapshot/panlex-20191001-csv/114#8057077>		"puŋaehu"@ojv	
"haa/haa"@pmt	<https://panlex.org/snapshot/panlex-20191001-csv/114#8065869>				<https://panlex.org/snapshot/panlex-20191001-csv/114#8065854>		"maanava"@ojv	
"ŋaakau"@pmt	<https://panlex.org/snapshot/panlex-20191001-csv/114#8059648>				<https://panlex.org/snapshot/panlex-20191001-csv/114#8059632>		"vaavaa"@ojv	
"kona"@pmt	<https://panlex.org/snapshot/panlex-20191001-csv/114#8058635>				<https://panlex.org/snapshot/panlex-20191001-csv/114#8058618>		"maŋava"@ojv	
"uru"@pmt	<https://panlex.org/snapshot/panlex-20191001-csv/114#8063760>				<https://panlex.org/snapshot/panlex-20191001-csv/114#8063744>		"poho/`ulu/"@ojv	
"huru"@pmt	<https://panlex.org/snapshot/panlex-20191001-csv/114#8064837>				<https://panlex.org/snapshot/panlex-20191001-csv/114#8064820>		"laulu"@ojv	
"huru"@pmt	<https://panlex.org/snapshot/panlex-20191001-csv/114#8064837>				<https://panlex.org/snapshot/panlex-20191001-csv/114#8064819>		"hulu/hulu"@ojv	
"mataku"@pmt	<https://panlex.org/snapshot/panlex-20191001-csv/114#8062720>				<https://panlex.org/snapshot/panlex-20191001-csv/114#8062702>		"maka`u"@ojv	
"ŋaa"@pmt	<https://panlex.org/snapshot/panlex-20191001-csv/114#8065871>				<https://panlex.org/snapshot/panlex-20191001-csv/114#8065854>		"maanava"@ojv	
"koouma"@pmt	<https://panlex.org/snapshot/panlex-20191001-csv/114#8060681>				<https://panlex.org/snapshot/panlex-20191001-csv/114#8060662>		"uu"@ojv	
"ua"@pmt	<https://panlex.org/snapshot/panlex-20191001-csv/114#8064298>				<https://panlex.org/snapshot/panlex-20191001-csv/114#8064281>		"`ua"@ojv	
