"kapu"@pmt	<https://panlex.org/snapshot/panlex-20191001-csv/114#8052000>				<https://panlex.org/snapshot/panlex-20191001-csv/114#8051673>		"liman"@bnd	
"kaakii"@pmt	<https://panlex.org/snapshot/panlex-20191001-csv/114#8064297>				<https://panlex.org/snapshot/panlex-20191001-csv/114#8063996>		"enun"@bnd	
"manava"@pmt	<https://panlex.org/snapshot/panlex-20191001-csv/114#8065870>				<https://panlex.org/snapshot/panlex-20191001-csv/114#8065616>		"-ilik muwa-"@bnd	
"manava"@pmt	<https://panlex.org/snapshot/panlex-20191001-csv/114#8058637>				<https://panlex.org/snapshot/panlex-20191001-csv/114#8058316>		"tian"@bnd	
"toto"@pmt	<https://panlex.org/snapshot/panlex-20191001-csv/114#8063219>				<https://panlex.org/snapshot/panlex-20191001-csv/114#8062924>		"nanan"@bnd	
"puuehu"@pmt	<https://panlex.org/snapshot/panlex-20191001-csv/114#8057095>				<https://panlex.org/snapshot/panlex-20191001-csv/114#8056831>		"ofin"@bnd	
"haa/haa"@pmt	<https://panlex.org/snapshot/panlex-20191001-csv/114#8065869>				<https://panlex.org/snapshot/panlex-20191001-csv/114#8065616>		"-ilik muwa-"@bnd	
"ŋaakau"@pmt	<https://panlex.org/snapshot/panlex-20191001-csv/114#8059648>				<https://panlex.org/snapshot/panlex-20191001-csv/114#8059376>		"tain kambun"@bnd	
"kona"@pmt	<https://panlex.org/snapshot/panlex-20191001-csv/114#8058635>				<https://panlex.org/snapshot/panlex-20191001-csv/114#8058316>		"tian"@bnd	
"uru"@pmt	<https://panlex.org/snapshot/panlex-20191001-csv/114#8063760>				<https://panlex.org/snapshot/panlex-20191001-csv/114#8063447>		"ulun"@bnd	
"huru"@pmt	<https://panlex.org/snapshot/panlex-20191001-csv/114#8064837>				<https://panlex.org/snapshot/panlex-20191001-csv/114#8064531>		"fuk"@bnd	
"mataku"@pmt	<https://panlex.org/snapshot/panlex-20191001-csv/114#8062720>				<https://panlex.org/snapshot/panlex-20191001-csv/114#8062417>		"mbotaku"@bnd	
"ŋaa"@pmt	<https://panlex.org/snapshot/panlex-20191001-csv/114#8065871>				<https://panlex.org/snapshot/panlex-20191001-csv/114#8065616>		"-ilik muwa-"@bnd	
"koouma"@pmt	<https://panlex.org/snapshot/panlex-20191001-csv/114#8060681>				<https://panlex.org/snapshot/panlex-20191001-csv/114#8060350>		"susum"@bnd	
"kiri"@pmt	<https://panlex.org/snapshot/panlex-20191001-csv/114#8057589>				<https://panlex.org/snapshot/panlex-20191001-csv/114#8057294>		"kilit"@bnd	
"maatau"@pmt	<https://panlex.org/snapshot/panlex-20191001-csv/114#8061732>				<https://panlex.org/snapshot/panlex-20191001-csv/114#8061401>		"mbo kaiko"@bnd	
"ua"@pmt	<https://panlex.org/snapshot/panlex-20191001-csv/114#8064298>				<https://panlex.org/snapshot/panlex-20191001-csv/114#8063996>		"enun"@bnd	
