"abeja"@es	<https://panlex.org/snapshot/panlex-20191001-csv/5940#81337373>				<https://panlex.org/snapshot/panlex-20191001-csv/5940#81337380>		"eíra"@tpw	
"agua"@es	<https://panlex.org/snapshot/panlex-20191001-csv/12#851159>				<https://panlex.org/snapshot/panlex-20191001-csv/12#851208>		"ygua"@tpw	
"agua"@es	<https://panlex.org/snapshot/panlex-20191001-csv/12#851159>				<https://panlex.org/snapshot/panlex-20191001-csv/12#851206>		"y"@tpw	
"agua"@es	<https://panlex.org/snapshot/panlex-20191001-csv/12#851159>				<https://panlex.org/snapshot/panlex-20191001-csv/12#851207>		"yg"@tpw	
"abeja"@es	<https://panlex.org/snapshot/panlex-20191001-csv/10#573279>				<https://panlex.org/snapshot/panlex-20191001-csv/10#573284>		"eíra"@tpw	
"abeja"@es	<https://panlex.org/snapshot/panlex-20191001-csv/10#623608>				<https://panlex.org/snapshot/panlex-20191001-csv/10#623610>		"eíra"@tpw	
