"kamah"@iba	<https://panlex.org/snapshot/panlex-20191001-csv/114#8056406>				<https://panlex.org/snapshot/panlex-20191001-csv/114#8056280>		"mʌduping"@agt	
"ketawaʔ"@iba	<https://panlex.org/snapshot/panlex-20191001-csv/114#8068265>				<https://panlex.org/snapshot/panlex-20191001-csv/114#8068127>		"mʌgkʌtʌwʌ"@agt	
"kulit"@iba	<https://panlex.org/snapshot/panlex-20191001-csv/114#8057380>				<https://panlex.org/snapshot/panlex-20191001-csv/114#8057247>		"tʌbbit"@agt	
"kanan"@iba	<https://panlex.org/snapshot/panlex-20191001-csv/114#8052776>				<https://panlex.org/snapshot/panlex-20191001-csv/114#8052660>		"ziwanans"@agt	
"abu"@iba	<https://panlex.org/snapshot/panlex-20191001-csv/114#8056904>				<https://panlex.org/snapshot/panlex-20191001-csv/114#8056790>		"lʌppu"@agt	
"bilok"@iba	<https://panlex.org/snapshot/panlex-20191001-csv/114#8055389>				<https://panlex.org/snapshot/panlex-20191001-csv/114#8055267>		"mʌgbʌlittʌg"@agt	
"jari"@iba	<https://panlex.org/snapshot/panlex-20191001-csv/114#8051771>				<https://panlex.org/snapshot/panlex-20191001-csv/114#8051626>		"kʌmʌt"@agt	
"bok"@iba	<https://panlex.org/snapshot/panlex-20191001-csv/114#8064627>				<https://panlex.org/snapshot/panlex-20191001-csv/114#8064488>		"huk"@agt	
"takut"@iba	<https://panlex.org/snapshot/panlex-20191001-csv/114#8062503>				<https://panlex.org/snapshot/panlex-20191001-csv/114#8062374>		"mʌgtʌlaw"@agt	
"apok"@iba	<https://panlex.org/snapshot/panlex-20191001-csv/114#8056905>				<https://panlex.org/snapshot/panlex-20191001-csv/114#8056790>		"lʌppu"@agt	
"atau"@iba	<https://panlex.org/snapshot/panlex-20191001-csv/114#8059926>				<https://panlex.org/snapshot/panlex-20191001-csv/114#8059798>		"qʌgʌl"@agt	
