"imana evalina"@kse	<https://panlex.org/snapshot/panlex-20191001-csv/114#8052354>				<https://panlex.org/snapshot/panlex-20191001-csv/114#8052318>		"wiri"@ilu	
"ajona"@kse	<https://panlex.org/snapshot/panlex-20191001-csv/114#8064143>				<https://panlex.org/snapshot/panlex-20191001-csv/114#8064101>		"poin"@ilu	
"ajona"@kse	<https://panlex.org/snapshot/panlex-20191001-csv/114#8064143>				<https://panlex.org/snapshot/panlex-20191001-csv/114#8064103>		"ʼgɛnuŋ"@ilu	
"ajona"@kse	<https://panlex.org/snapshot/panlex-20191001-csv/114#8064143>				<https://panlex.org/snapshot/panlex-20191001-csv/114#8064102>		"poka"@ilu	
"alana"@kse	<https://panlex.org/snapshot/panlex-20191001-csv/114#8066703>				<https://panlex.org/snapshot/panlex-20191001-csv/114#8066658>		"kahan"@ilu	
"alana"@kse	<https://panlex.org/snapshot/panlex-20191001-csv/114#8066703>				<https://panlex.org/snapshot/panlex-20191001-csv/114#8066659>		"ʼkaha"@ilu	
"ebabili"@kse	<https://panlex.org/snapshot/panlex-20191001-csv/114#8055443>				<https://panlex.org/snapshot/panlex-20191001-csv/114#8055399>		"pokek"@ilu	
"imidi"@kse	<https://panlex.org/snapshot/panlex-20191001-csv/114#8066187>				<https://panlex.org/snapshot/panlex-20191001-csv/114#8066147>		"me"@ilu	
"majana"@kse	<https://panlex.org/snapshot/panlex-20191001-csv/114#8067790>				<https://panlex.org/snapshot/panlex-20191001-csv/114#8067749>		"ʼna"@ilu	
"majana"@kse	<https://panlex.org/snapshot/panlex-20191001-csv/114#8067790>				<https://panlex.org/snapshot/panlex-20191001-csv/114#8067748>		"naŋ"@ilu	
"ikena"@kse	<https://panlex.org/snapshot/panlex-20191001-csv/114#8067264>				<https://panlex.org/snapshot/panlex-20191001-csv/114#8067214>		"ʼni"@ilu	
"ikena"@kse	<https://panlex.org/snapshot/panlex-20191001-csv/114#8067264>				<https://panlex.org/snapshot/panlex-20191001-csv/114#8067212>		"agi"@ilu	
"ikena"@kse	<https://panlex.org/snapshot/panlex-20191001-csv/114#8067264>				<https://panlex.org/snapshot/panlex-20191001-csv/114#8067213>		"nesu"@ilu	
"abana"@kse	<https://panlex.org/snapshot/panlex-20191001-csv/114#8057429>				<https://panlex.org/snapshot/panlex-20191001-csv/114#8057391>		"ʼuli"@ilu	
"abana"@kse	<https://panlex.org/snapshot/panlex-20191001-csv/114#8057429>				<https://panlex.org/snapshot/panlex-20191001-csv/114#8057390>		"ulik"@ilu	
"eda"@kse	<https://panlex.org/snapshot/panlex-20191001-csv/114#8053902>				<https://panlex.org/snapshot/panlex-20191001-csv/114#8053851>		"ʼraloa"@ilu	
"eda"@kse	<https://panlex.org/snapshot/panlex-20191001-csv/114#8053902>				<https://panlex.org/snapshot/panlex-20191001-csv/114#8053850>		"la"@ilu	
"euve"@kse	<https://panlex.org/snapshot/panlex-20191001-csv/114#8055936>				<https://panlex.org/snapshot/panlex-20191001-csv/114#8055897>		"ʼnani"@ilu	
"euve"@kse	<https://panlex.org/snapshot/panlex-20191001-csv/114#8055936>				<https://panlex.org/snapshot/panlex-20191001-csv/114#8055896>		"nani"@ilu	
"eave"@kse	<https://panlex.org/snapshot/panlex-20191001-csv/114#8068324>				<https://panlex.org/snapshot/panlex-20191001-csv/114#8068277>		"ʼmali"@ilu	
"eave"@kse	<https://panlex.org/snapshot/panlex-20191001-csv/114#8068324>				<https://panlex.org/snapshot/panlex-20191001-csv/114#8068276>		"li"@ilu	
"kafena"@kse	<https://panlex.org/snapshot/panlex-20191001-csv/114#8057947>				<https://panlex.org/snapshot/panlex-20191001-csv/114#8057905>		"liu"@ilu	
"bauna"@kse	<https://panlex.org/snapshot/panlex-20191001-csv/114#8061047>				<https://panlex.org/snapshot/panlex-20191001-csv/114#8061016>		"pas"@ilu	
