"yımırta"@gag	<https://panlex.org/snapshot/panlex-20191001-csv/5947#84707473>				<https://panlex.org/snapshot/panlex-20191001-csv/5947#84707436>		"eg"@bi	
"Belgiya Бельгия"@gag	<https://panlex.org/snapshot/panlex-20191001-csv/5947#84584397>				<https://panlex.org/snapshot/panlex-20191001-csv/5947#84584346>		"Beljem"@bi	
"Belgiya Бельгия"@gag	<https://panlex.org/snapshot/panlex-20191001-csv/5947#84584397>				<https://panlex.org/snapshot/panlex-20191001-csv/5947#84584345>		"Beljiom"@bi	
"ayna"@gag	<https://panlex.org/snapshot/panlex-20191001-csv/5946#84446180>				<https://panlex.org/snapshot/panlex-20191001-csv/5946#84446127>		"mira"@bi	
"Urugvay"@gag	<https://panlex.org/snapshot/panlex-20191001-csv/5949#85322881>				<https://panlex.org/snapshot/panlex-20191001-csv/5949#85322848>		"Uruguay"@bi	
"Franțiya"@gag	<https://panlex.org/snapshot/panlex-20191001-csv/5949#85323571>				<https://panlex.org/snapshot/panlex-20191001-csv/5949#85323539>		"Franis"@bi	
"Latviya"@gag	<https://panlex.org/snapshot/panlex-20191001-csv/5949#85314277>				<https://panlex.org/snapshot/panlex-20191001-csv/5949#85314238>		"Latvia"@bi	
"Evropa"@gag	<https://panlex.org/snapshot/panlex-20191001-csv/5949#85308534>				<https://panlex.org/snapshot/panlex-20191001-csv/5949#85308501>		"Yurop"@bi	
"Rusiya"@gag	<https://panlex.org/snapshot/panlex-20191001-csv/5949#85319451>				<https://panlex.org/snapshot/panlex-20191001-csv/5949#85319405>		"Rusia"@bi	
"avgust"@gag	<https://panlex.org/snapshot/panlex-20191001-csv/5949#85329341>				<https://panlex.org/snapshot/panlex-20191001-csv/5949#85329284>		"Ogis"@bi	
"Peru"@gag	<https://panlex.org/snapshot/panlex-20191001-csv/5949#85318226>				<https://panlex.org/snapshot/panlex-20191001-csv/5949#85318194>		"Peru"@bi	
"Berlin"@gag	<https://panlex.org/snapshot/panlex-20191001-csv/5949#85302426>				<https://panlex.org/snapshot/panlex-20191001-csv/5949#85302391>		"Berlin"@bi	
"çarşamba"@gag	<https://panlex.org/snapshot/panlex-20191001-csv/2892#110824924>				<https://panlex.org/snapshot/panlex-20191001-csv/2892#110824980>		"Wenesde"@bi	
"perşembä"@gag	<https://panlex.org/snapshot/panlex-20191001-csv/2892#110825285>				<https://panlex.org/snapshot/panlex-20191001-csv/2892#110825605>		"Tosde"@bi	
"pazar"@gag	<https://panlex.org/snapshot/panlex-20191001-csv/2892#110826936>				<https://panlex.org/snapshot/panlex-20191001-csv/2892#110826942>		"Sande"@bi	
"першембӓ"@gag	<https://panlex.org/snapshot/panlex-20191001-csv/2892#110825295>				<https://panlex.org/snapshot/panlex-20191001-csv/2892#110825605>		"Tosde"@bi	
"чаршамба"@gag	<https://panlex.org/snapshot/panlex-20191001-csv/2892#110825195>				<https://panlex.org/snapshot/panlex-20191001-csv/2892#110824980>		"Wenesde"@bi	
"пазертеси"@gag	<https://panlex.org/snapshot/panlex-20191001-csv/2892#110824226>				<https://panlex.org/snapshot/panlex-20191001-csv/2892#110824136>		"Mande"@bi	
"salı"@gag	<https://panlex.org/snapshot/panlex-20191001-csv/2892#110824752>				<https://panlex.org/snapshot/panlex-20191001-csv/2892#110824575>		"Tusde"@bi	
"салы"@gag	<https://panlex.org/snapshot/panlex-20191001-csv/2892#110824598>				<https://panlex.org/snapshot/panlex-20191001-csv/2892#110824575>		"Tusde"@bi	
"cumaa"@gag	<https://panlex.org/snapshot/panlex-20191001-csv/2892#110825930>				<https://panlex.org/snapshot/panlex-20191001-csv/2892#110825789>		"Fraede"@bi	
"пазар"@gag	<https://panlex.org/snapshot/panlex-20191001-csv/2892#110826898>				<https://panlex.org/snapshot/panlex-20191001-csv/2892#110826942>		"Sande"@bi	
"cumartesi"@gag	<https://panlex.org/snapshot/panlex-20191001-csv/2892#110826476>				<https://panlex.org/snapshot/panlex-20191001-csv/2892#110826512>		"Sarede"@bi	
"pazertesi"@gag	<https://panlex.org/snapshot/panlex-20191001-csv/2892#110824212>				<https://panlex.org/snapshot/panlex-20191001-csv/2892#110824136>		"Mande"@bi	
"ӂумаа"@gag	<https://panlex.org/snapshot/panlex-20191001-csv/2892#110826049>				<https://panlex.org/snapshot/panlex-20191001-csv/2892#110825789>		"Fraede"@bi	
"ӂумартеси"@gag	<https://panlex.org/snapshot/panlex-20191001-csv/2892#110826148>				<https://panlex.org/snapshot/panlex-20191001-csv/2892#110826512>		"Sarede"@bi	
"ийӱн"@gag	<https://panlex.org/snapshot/panlex-20191001-csv/2897#110829225>				<https://panlex.org/snapshot/panlex-20191001-csv/2897#110829396>		"Jun"@bi	
"yanvar"@gag	<https://panlex.org/snapshot/panlex-20191001-csv/2897#110827103>				<https://panlex.org/snapshot/panlex-20191001-csv/2897#110827051>		"Januware"@bi	
"april"@gag	<https://panlex.org/snapshot/panlex-20191001-csv/2897#110828373>				<https://panlex.org/snapshot/panlex-20191001-csv/2897#110828667>		"Epril"@bi	
"dekabri"@gag	<https://panlex.org/snapshot/panlex-20191001-csv/2897#110831657>				<https://panlex.org/snapshot/panlex-20191001-csv/2897#110831788>		"Desemba"@bi	
"декабри"@gag	<https://panlex.org/snapshot/panlex-20191001-csv/2897#110831862>				<https://panlex.org/snapshot/panlex-20191001-csv/2897#110831788>		"Desemba"@bi	
"iyül"@gag	<https://panlex.org/snapshot/panlex-20191001-csv/2897#110829561>				<https://panlex.org/snapshot/panlex-20191001-csv/2897#110829865>		"Julae"@bi	
"noyabri"@gag	<https://panlex.org/snapshot/panlex-20191001-csv/2897#110831231>				<https://panlex.org/snapshot/panlex-20191001-csv/2897#110831225>		"Novemba"@bi	
"sentäbri"@gag	<https://panlex.org/snapshot/panlex-20191001-csv/2897#110830646>				<https://panlex.org/snapshot/panlex-20191001-csv/2897#110830681>		"Septemba"@bi	
"январ"@gag	<https://panlex.org/snapshot/panlex-20191001-csv/2897#110827252>				<https://panlex.org/snapshot/panlex-20191001-csv/2897#110827051>		"Januware"@bi	
"феврал"@gag	<https://panlex.org/snapshot/panlex-20191001-csv/2897#110827603>				<https://panlex.org/snapshot/panlex-20191001-csv/2897#110827620>		"Februari"@bi	
"may"@gag	<https://panlex.org/snapshot/panlex-20191001-csv/2897#110828742>				<https://panlex.org/snapshot/panlex-20191001-csv/2897#110828897>		"Mei"@bi	
"март"@gag	<https://panlex.org/snapshot/panlex-20191001-csv/2897#110828119>				<https://panlex.org/snapshot/panlex-20191001-csv/2897#110827988>		"Maj"@bi	
"май"@gag	<https://panlex.org/snapshot/panlex-20191001-csv/2897#110828964>				<https://panlex.org/snapshot/panlex-20191001-csv/2897#110828897>		"Mei"@bi	
"fevral"@gag	<https://panlex.org/snapshot/panlex-20191001-csv/2897#110827658>				<https://panlex.org/snapshot/panlex-20191001-csv/2897#110827620>		"Februari"@bi	
"август"@gag	<https://panlex.org/snapshot/panlex-20191001-csv/2897#110830245>				<https://panlex.org/snapshot/panlex-20191001-csv/2897#110830272>		"Ogis"@bi	
"ийӱл"@gag	<https://panlex.org/snapshot/panlex-20191001-csv/2897#110829742>				<https://panlex.org/snapshot/panlex-20191001-csv/2897#110829865>		"Julae"@bi	
"avgust"@gag	<https://panlex.org/snapshot/panlex-20191001-csv/2897#110830110>				<https://panlex.org/snapshot/panlex-20191001-csv/2897#110830272>		"Ogis"@bi	
"април"@gag	<https://panlex.org/snapshot/panlex-20191001-csv/2897#110828588>				<https://panlex.org/snapshot/panlex-20191001-csv/2897#110828667>		"Epril"@bi	
"iyün"@gag	<https://panlex.org/snapshot/panlex-20191001-csv/2897#110829341>				<https://panlex.org/snapshot/panlex-20191001-csv/2897#110829396>		"Jun"@bi	
"сентӓбри"@gag	<https://panlex.org/snapshot/panlex-20191001-csv/2897#110830639>				<https://panlex.org/snapshot/panlex-20191001-csv/2897#110830681>		"Septemba"@bi	
"mart"@gag	<https://panlex.org/snapshot/panlex-20191001-csv/2897#110827995>				<https://panlex.org/snapshot/panlex-20191001-csv/2897#110827988>		"Maj"@bi	
"ноябри"@gag	<https://panlex.org/snapshot/panlex-20191001-csv/2897#110831335>				<https://panlex.org/snapshot/panlex-20191001-csv/2897#110831225>		"Novemba"@bi	
"oktäbri"@gag	<https://panlex.org/snapshot/panlex-20191001-csv/2897#110830787>				<https://panlex.org/snapshot/panlex-20191001-csv/2897#110830970>		"Oktoba"@bi	
"октӓбри"@gag	<https://panlex.org/snapshot/panlex-20191001-csv/2897#110831048>				<https://panlex.org/snapshot/panlex-20191001-csv/2897#110830970>		"Oktoba"@bi	
