"yımırta"@gag	<https://panlex.org/snapshot/panlex-20191001-csv/5947#84707473>				<https://panlex.org/snapshot/panlex-20191001-csv/5947#84707431>		"k'awna"@ay	
"Belgiya Бельгия"@gag	<https://panlex.org/snapshot/panlex-20191001-csv/5947#84584397>				<https://panlex.org/snapshot/panlex-20191001-csv/5947#84584337>		"Bilkiya"@ay	
"biyaz"@gag	<https://panlex.org/snapshot/panlex-20191001-csv/5947#84639737>				<https://panlex.org/snapshot/panlex-20191001-csv/5947#84639681>		"janq’u"@ay	
"aaç"@gag	<https://panlex.org/snapshot/panlex-20191001-csv/5946#84449584>				<https://panlex.org/snapshot/panlex-20191001-csv/5946#84449546>		"khoka"@ay	
"fidan"@gag	<https://panlex.org/snapshot/panlex-20191001-csv/5946#84449585>				<https://panlex.org/snapshot/panlex-20191001-csv/5946#84449546>		"khoka"@ay	
"ayna"@gag	<https://panlex.org/snapshot/panlex-20191001-csv/5946#84446180>				<https://panlex.org/snapshot/panlex-20191001-csv/5946#84446118>		"lirpu"@ay	
"yaamur"@gag	<https://panlex.org/snapshot/panlex-20191001-csv/5946#84436287>				<https://panlex.org/snapshot/panlex-20191001-csv/5946#84436239>		"jallu"@ay	
"Urugvay"@gag	<https://panlex.org/snapshot/panlex-20191001-csv/5949#85322881>				<https://panlex.org/snapshot/panlex-20191001-csv/5949#85322843>		"Uruwayi"@ay	
"Franțiya"@gag	<https://panlex.org/snapshot/panlex-20191001-csv/5949#85323571>				<https://panlex.org/snapshot/panlex-20191001-csv/5949#85323534>		"Phransiya"@ay	
"Evropa"@gag	<https://panlex.org/snapshot/panlex-20191001-csv/5949#85308534>				<https://panlex.org/snapshot/panlex-20191001-csv/5949#85308492>		"Iwrupa"@ay	
"Rusiya"@gag	<https://panlex.org/snapshot/panlex-20191001-csv/5949#85319451>				<https://panlex.org/snapshot/panlex-20191001-csv/5949#85319395>		"Rusiya"@ay	
"avgust"@gag	<https://panlex.org/snapshot/panlex-20191001-csv/5949#85329341>				<https://panlex.org/snapshot/panlex-20191001-csv/5949#85329278>		"llumpaqa"@ay	
"Peru"@gag	<https://panlex.org/snapshot/panlex-20191001-csv/5949#85318226>				<https://panlex.org/snapshot/panlex-20191001-csv/5949#85318187>		"Piruw"@ay	
"Berlin"@gag	<https://panlex.org/snapshot/panlex-20191001-csv/5949#85302426>				<https://panlex.org/snapshot/panlex-20191001-csv/5949#85302384>		"Berlin"@ay	
