"mantar"@gag	<https://panlex.org/snapshot/panlex-20191001-csv/5946#84450253>				<https://panlex.org/snapshot/panlex-20191001-csv/5946#84450225>		"hархяаг"@bxr	
"yaamur"@gag	<https://panlex.org/snapshot/panlex-20191001-csv/5946#84436287>				<https://panlex.org/snapshot/panlex-20191001-csv/5946#84436251>		"бороо"@bxr	
"İnguşetiya"@gag	<https://panlex.org/snapshot/panlex-20191001-csv/5949#85310185>				<https://panlex.org/snapshot/panlex-20191001-csv/5949#85310170>		"Ингүүш Республика"@bxr	
"universitet"@gag	<https://panlex.org/snapshot/panlex-20191001-csv/2904#111024528>				<https://panlex.org/snapshot/panlex-20191001-csv/2904#111024549>		"университет"@bxr	
"университет"@gag	<https://panlex.org/snapshot/panlex-20191001-csv/2904#111024575>				<https://panlex.org/snapshot/panlex-20191001-csv/2904#111024549>		"университет"@bxr	
"Bosfor"@gag	<https://panlex.org/snapshot/panlex-20191001-csv/2905#110869230>				<https://panlex.org/snapshot/panlex-20191001-csv/2905#110869310>		"Босфор"@bxr	
"Кара дениз"@gag	<https://panlex.org/snapshot/panlex-20191001-csv/2905#110868996>				<https://panlex.org/snapshot/panlex-20191001-csv/2905#110868999>		"Хара тэнгис"@bxr	
"Kara deniz"@gag	<https://panlex.org/snapshot/panlex-20191001-csv/2905#110869156>				<https://panlex.org/snapshot/panlex-20191001-csv/2905#110868999>		"Хара тэнгис"@bxr	
"Босфор"@gag	<https://panlex.org/snapshot/panlex-20191001-csv/2905#110869270>				<https://panlex.org/snapshot/panlex-20191001-csv/2905#110869310>		"Босфор"@bxr	
"kara delik"@gag	<https://panlex.org/snapshot/panlex-20191001-csv/2907#110849551>				<https://panlex.org/snapshot/panlex-20191001-csv/2907#110849588>		"хара нүхэн"@bxr	
"кара делик"@gag	<https://panlex.org/snapshot/panlex-20191001-csv/2907#110849579>				<https://panlex.org/snapshot/panlex-20191001-csv/2907#110849588>		"хара нүхэн"@bxr	
"Иоан Ваатизедиӂи"@gag	<https://panlex.org/snapshot/panlex-20191001-csv/2906#111020439>				<https://panlex.org/snapshot/panlex-20191001-csv/2906#111020529>		"Уһаар Арюудхагша Иоанн"@bxr	
"İoan Vaatizedici"@gag	<https://panlex.org/snapshot/panlex-20191001-csv/2906#111020528>				<https://panlex.org/snapshot/panlex-20191001-csv/2906#111020529>		"Уһаар Арюудхагша Иоанн"@bxr	
"ölüm"@gag	<https://panlex.org/snapshot/panlex-20191001-csv/3776#91695711>				<https://panlex.org/snapshot/panlex-20191001-csv/3776#91695677>		"үхэл"@bxr	
"азот"@gag	<https://panlex.org/snapshot/panlex-20191001-csv/2893#110990111>				<https://panlex.org/snapshot/panlex-20191001-csv/2893#110990183>		"азот"@bxr	
"kurşun"@gag	<https://panlex.org/snapshot/panlex-20191001-csv/2893#110995615>				<https://panlex.org/snapshot/panlex-20191001-csv/2893#110995677>		"хартугалга"@bxr	
"неон"@gag	<https://panlex.org/snapshot/panlex-20191001-csv/2893#110990732>				<https://panlex.org/snapshot/panlex-20191001-csv/2893#110990830>		"неон"@bxr	
"кобальт"@gag	<https://panlex.org/snapshot/panlex-20191001-csv/2893#110992807>				<https://panlex.org/snapshot/panlex-20191001-csv/2893#110992932>		"кобальт"@bxr	
"демир"@gag	<https://panlex.org/snapshot/panlex-20191001-csv/2893#110992747>				<https://panlex.org/snapshot/panlex-20191001-csv/2893#110992649>		"түмэр"@bxr	
"fosfor"@gag	<https://panlex.org/snapshot/panlex-20191001-csv/2893#110991782>				<https://panlex.org/snapshot/panlex-20191001-csv/2893#110991756>		"фосфор"@bxr	
"azot"@gag	<https://panlex.org/snapshot/panlex-20191001-csv/2893#110990181>				<https://panlex.org/snapshot/panlex-20191001-csv/2893#110990183>		"азот"@bxr	
"йод"@gag	<https://panlex.org/snapshot/panlex-20191001-csv/2893#110994706>				<https://panlex.org/snapshot/panlex-20191001-csv/2893#110994671>		"йод"@bxr	
"натрий"@gag	<https://panlex.org/snapshot/panlex-20191001-csv/2893#110991028>				<https://panlex.org/snapshot/panlex-20191001-csv/2893#110990993>		"натри"@bxr	
"гелий"@gag	<https://panlex.org/snapshot/panlex-20191001-csv/2893#110989651>				<https://panlex.org/snapshot/panlex-20191001-csv/2893#110989480>		"гели"@bxr	
"uran"@gag	<https://panlex.org/snapshot/panlex-20191001-csv/2893#110995823>				<https://panlex.org/snapshot/panlex-20191001-csv/2893#110995933>		"уран"@bxr	
"куршун"@gag	<https://panlex.org/snapshot/panlex-20191001-csv/2893#110995657>				<https://panlex.org/snapshot/panlex-20191001-csv/2893#110995677>		"хартугалга"@bxr	
"bakır"@gag	<https://panlex.org/snapshot/panlex-20191001-csv/2893#110993191>				<https://panlex.org/snapshot/panlex-20191001-csv/2893#110993238>		"зэд"@bxr	
"фтор"@gag	<https://panlex.org/snapshot/panlex-20191001-csv/2893#110990561>				<https://panlex.org/snapshot/panlex-20191001-csv/2893#110990607>		"фтор"@bxr	
"алӱминиум"@gag	<https://panlex.org/snapshot/panlex-20191001-csv/2893#110991438>				<https://panlex.org/snapshot/panlex-20191001-csv/2893#110991360>		"хүнгэн сагаан"@bxr	
"kremniy"@gag	<https://panlex.org/snapshot/panlex-20191001-csv/2893#110991598>				<https://panlex.org/snapshot/panlex-20191001-csv/2893#110991621>		"сахюур"@bxr	
"yod"@gag	<https://panlex.org/snapshot/panlex-20191001-csv/2893#110994666>				<https://panlex.org/snapshot/panlex-20191001-csv/2893#110994671>		"йод"@bxr	
"surma"@gag	<https://panlex.org/snapshot/panlex-20191001-csv/2893#110994400>				<https://panlex.org/snapshot/panlex-20191001-csv/2893#110994373>		"сурьма"@bxr	
"surma"@gag	<https://panlex.org/snapshot/panlex-20191001-csv/2893#110994400>				<https://panlex.org/snapshot/panlex-20191001-csv/2893#110994559>		"антимон"@bxr	
"магний"@gag	<https://panlex.org/snapshot/panlex-20191001-csv/2893#110991143>				<https://panlex.org/snapshot/panlex-20191001-csv/2893#110991191>		"магни"@bxr	
"бор"@gag	<https://panlex.org/snapshot/panlex-20191001-csv/2893#110989748>				<https://panlex.org/snapshot/panlex-20191001-csv/2893#110989727>		"бор"@bxr	
"neon"@gag	<https://panlex.org/snapshot/panlex-20191001-csv/2893#110990782>				<https://panlex.org/snapshot/panlex-20191001-csv/2893#110990830>		"неон"@bxr	
"кальций"@gag	<https://panlex.org/snapshot/panlex-20191001-csv/2893#110992569>				<https://panlex.org/snapshot/panlex-20191001-csv/2893#110992428>		"кальци"@bxr	
"фосфор"@gag	<https://panlex.org/snapshot/panlex-20191001-csv/2893#110991728>				<https://panlex.org/snapshot/panlex-20191001-csv/2893#110991756>		"фосфор"@bxr	
"natriy"@gag	<https://panlex.org/snapshot/panlex-20191001-csv/2893#110991003>				<https://panlex.org/snapshot/panlex-20191001-csv/2893#110990993>		"натри"@bxr	
"кремний"@gag	<https://panlex.org/snapshot/panlex-20191001-csv/2893#110991494>				<https://panlex.org/snapshot/panlex-20191001-csv/2893#110991621>		"сахюур"@bxr	
"kobalt"@gag	<https://panlex.org/snapshot/panlex-20191001-csv/2893#110992812>				<https://panlex.org/snapshot/panlex-20191001-csv/2893#110992932>		"кобальт"@bxr	
"altın"@gag	<https://panlex.org/snapshot/panlex-20191001-csv/2893#110995335>				<https://panlex.org/snapshot/panlex-20191001-csv/2893#110995338>		"алтан"@bxr	
"уран"@gag	<https://panlex.org/snapshot/panlex-20191001-csv/2893#110995761>				<https://panlex.org/snapshot/panlex-20191001-csv/2893#110995933>		"уран"@bxr	
"geliy"@gag	<https://panlex.org/snapshot/panlex-20191001-csv/2893#110989502>				<https://panlex.org/snapshot/panlex-20191001-csv/2893#110989480>		"гели"@bxr	
"demir"@gag	<https://panlex.org/snapshot/panlex-20191001-csv/2893#110992638>				<https://panlex.org/snapshot/panlex-20191001-csv/2893#110992649>		"түмэр"@bxr	
"ак шува"@gag	<https://panlex.org/snapshot/panlex-20191001-csv/2893#110995436>				<https://panlex.org/snapshot/panlex-20191001-csv/2893#110995393>		"мүнгэнэй уһан"@bxr	
"mışyak"@gag	<https://panlex.org/snapshot/panlex-20191001-csv/2893#110993644>				<https://panlex.org/snapshot/panlex-20191001-csv/2893#110993636>		"арсеник"@bxr	
"brom"@gag	<https://panlex.org/snapshot/panlex-20191001-csv/2893#110993958>				<https://panlex.org/snapshot/panlex-20191001-csv/2893#110993786>		"бром"@bxr	
"volfram"@gag	<https://panlex.org/snapshot/panlex-20191001-csv/2893#110994791>				<https://panlex.org/snapshot/panlex-20191001-csv/2893#110994770>		"вольфрам"@bxr	
"platin"@gag	<https://panlex.org/snapshot/panlex-20191001-csv/2893#110995030>				<https://panlex.org/snapshot/panlex-20191001-csv/2893#110994968>		"сагааналтан"@bxr	
"платин"@gag	<https://panlex.org/snapshot/panlex-20191001-csv/2893#110995050>				<https://panlex.org/snapshot/panlex-20191001-csv/2893#110994968>		"сагааналтан"@bxr	
"kalţiy"@gag	<https://panlex.org/snapshot/panlex-20191001-csv/2893#110992411>				<https://panlex.org/snapshot/panlex-20191001-csv/2893#110992428>		"кальци"@bxr	
"гӱмӱш"@gag	<https://panlex.org/snapshot/panlex-20191001-csv/2893#110994064>				<https://panlex.org/snapshot/panlex-20191001-csv/2893#110994078>		"мүнгэн"@bxr	
"калай"@gag	<https://panlex.org/snapshot/panlex-20191001-csv/2893#110994174>				<https://panlex.org/snapshot/panlex-20191001-csv/2893#110994182>		"сагаан туулган"@bxr	
"nikel"@gag	<https://panlex.org/snapshot/panlex-20191001-csv/2893#110993054>				<https://panlex.org/snapshot/panlex-20191001-csv/2893#110993123>		"никель"@bxr	
"сурьма"@gag	<https://panlex.org/snapshot/panlex-20191001-csv/2893#110994473>				<https://panlex.org/snapshot/panlex-20191001-csv/2893#110994373>		"сурьма"@bxr	
"сурьма"@gag	<https://panlex.org/snapshot/panlex-20191001-csv/2893#110994473>				<https://panlex.org/snapshot/panlex-20191001-csv/2893#110994559>		"антимон"@bxr	
"hlor"@gag	<https://panlex.org/snapshot/panlex-20191001-csv/2893#110992193>				<https://panlex.org/snapshot/panlex-20191001-csv/2893#110992088>		"хлор"@bxr	
"мышьяк"@gag	<https://panlex.org/snapshot/panlex-20191001-csv/2893#110993766>				<https://panlex.org/snapshot/panlex-20191001-csv/2893#110993636>		"арсеник"@bxr	
"kükürt"@gag	<https://panlex.org/snapshot/panlex-20191001-csv/2893#110991952>				<https://panlex.org/snapshot/panlex-20191001-csv/2893#110991963>		"хүхэр"@bxr	
"кӱкӱрт"@gag	<https://panlex.org/snapshot/panlex-20191001-csv/2893#110991870>				<https://panlex.org/snapshot/panlex-20191001-csv/2893#110991963>		"хүхэр"@bxr	
"vodorod"@gag	<https://panlex.org/snapshot/panlex-20191001-csv/2893#110989459>				<https://panlex.org/snapshot/panlex-20191001-csv/2893#110989361>		"уһантүрэгшэ"@bxr	
"алтын"@gag	<https://panlex.org/snapshot/panlex-20191001-csv/2893#110995261>				<https://panlex.org/snapshot/panlex-20191001-csv/2893#110995338>		"алтан"@bxr	
"kislorod"@gag	<https://panlex.org/snapshot/panlex-20191001-csv/2893#110990450>				<https://panlex.org/snapshot/panlex-20191001-csv/2893#110990383>		"хүшэлтүрэгшэ"@bxr	
"karbon"@gag	<https://panlex.org/snapshot/panlex-20191001-csv/2893#110990026>				<https://panlex.org/snapshot/panlex-20191001-csv/2893#110989910>		"нүүрһэнтүрэгшэ"@bxr	
"alüminium"@gag	<https://panlex.org/snapshot/panlex-20191001-csv/2893#110991390>				<https://panlex.org/snapshot/panlex-20191001-csv/2893#110991360>		"хүнгэн сагаан"@bxr	
"бром"@gag	<https://panlex.org/snapshot/panlex-20191001-csv/2893#110993895>				<https://panlex.org/snapshot/panlex-20191001-csv/2893#110993786>		"бром"@bxr	
"ftor"@gag	<https://panlex.org/snapshot/panlex-20191001-csv/2893#110990485>				<https://panlex.org/snapshot/panlex-20191001-csv/2893#110990607>		"фтор"@bxr	
"bor"@gag	<https://panlex.org/snapshot/panlex-20191001-csv/2893#110989699>				<https://panlex.org/snapshot/panlex-20191001-csv/2893#110989727>		"бор"@bxr	
"kalay"@gag	<https://panlex.org/snapshot/panlex-20191001-csv/2893#110994264>				<https://panlex.org/snapshot/panlex-20191001-csv/2893#110994182>		"сагаан туулган"@bxr	
"бакыр"@gag	<https://panlex.org/snapshot/panlex-20191001-csv/2893#110993357>				<https://panlex.org/snapshot/panlex-20191001-csv/2893#110993238>		"зэд"@bxr	
"калий"@gag	<https://panlex.org/snapshot/panlex-20191001-csv/2893#110992233>				<https://panlex.org/snapshot/panlex-20191001-csv/2893#110992356>		"кали"@bxr	
"хлор"@gag	<https://panlex.org/snapshot/panlex-20191001-csv/2893#110992151>				<https://panlex.org/snapshot/panlex-20191001-csv/2893#110992088>		"хлор"@bxr	
"цинк"@gag	<https://panlex.org/snapshot/panlex-20191001-csv/2893#110993508>				<https://panlex.org/snapshot/panlex-20191001-csv/2893#110993449>		"сайр"@bxr	
"ak şuva"@gag	<https://panlex.org/snapshot/panlex-20191001-csv/2893#110995525>				<https://panlex.org/snapshot/panlex-20191001-csv/2893#110995393>		"мүнгэнэй уһан"@bxr	
"никель"@gag	<https://panlex.org/snapshot/panlex-20191001-csv/2893#110993017>				<https://panlex.org/snapshot/panlex-20191001-csv/2893#110993123>		"никель"@bxr	
"magniy"@gag	<https://panlex.org/snapshot/panlex-20191001-csv/2893#110991142>				<https://panlex.org/snapshot/panlex-20191001-csv/2893#110991191>		"магни"@bxr	
"gümüş"@gag	<https://panlex.org/snapshot/panlex-20191001-csv/2893#110994149>				<https://panlex.org/snapshot/panlex-20191001-csv/2893#110994078>		"мүнгэн"@bxr	
"карбон"@gag	<https://panlex.org/snapshot/panlex-20191001-csv/2893#110989969>				<https://panlex.org/snapshot/panlex-20191001-csv/2893#110989910>		"нүүрһэнтүрэгшэ"@bxr	
"kaliy"@gag	<https://panlex.org/snapshot/panlex-20191001-csv/2893#110992340>				<https://panlex.org/snapshot/panlex-20191001-csv/2893#110992356>		"кали"@bxr	
"водород"@gag	<https://panlex.org/snapshot/panlex-20191001-csv/2893#110989402>				<https://panlex.org/snapshot/panlex-20191001-csv/2893#110989361>		"уһантүрэгшэ"@bxr	
"ţink"@gag	<https://panlex.org/snapshot/panlex-20191001-csv/2893#110993480>				<https://panlex.org/snapshot/panlex-20191001-csv/2893#110993449>		"сайр"@bxr	
"вольфрам"@gag	<https://panlex.org/snapshot/panlex-20191001-csv/2893#110994898>				<https://panlex.org/snapshot/panlex-20191001-csv/2893#110994770>		"вольфрам"@bxr	
"кислород"@gag	<https://panlex.org/snapshot/panlex-20191001-csv/2893#110990411>				<https://panlex.org/snapshot/panlex-20191001-csv/2893#110990383>		"хүшэлтүрэгшэ"@bxr	
"çarşamba"@gag	<https://panlex.org/snapshot/panlex-20191001-csv/2892#110824924>				<https://panlex.org/snapshot/panlex-20191001-csv/2892#110824957>		"гарагай дүрбэн"@bxr	
"çarşamba"@gag	<https://panlex.org/snapshot/panlex-20191001-csv/2892#110824924>				<https://panlex.org/snapshot/panlex-20191001-csv/2892#110824868>		"һагба"@bxr	
"çarşamba"@gag	<https://panlex.org/snapshot/panlex-20191001-csv/2892#110824924>				<https://panlex.org/snapshot/panlex-20191001-csv/2892#110825111>		"среда"@bxr	
"perşembä"@gag	<https://panlex.org/snapshot/panlex-20191001-csv/2892#110825285>				<https://panlex.org/snapshot/panlex-20191001-csv/2892#110825334>		"пүрбэ"@bxr	
"perşembä"@gag	<https://panlex.org/snapshot/panlex-20191001-csv/2892#110825285>				<https://panlex.org/snapshot/panlex-20191001-csv/2892#110825548>		"четверг"@bxr	
"perşembä"@gag	<https://panlex.org/snapshot/panlex-20191001-csv/2892#110825285>				<https://panlex.org/snapshot/panlex-20191001-csv/2892#110825315>		"гарагай табан"@bxr	
"pazar"@gag	<https://panlex.org/snapshot/panlex-20191001-csv/2892#110826936>				<https://panlex.org/snapshot/panlex-20191001-csv/2892#110826992>		"гарагай нэгэн"@bxr	
"pazar"@gag	<https://panlex.org/snapshot/panlex-20191001-csv/2892#110826936>				<https://panlex.org/snapshot/panlex-20191001-csv/2892#110827025>		"воскресени"@bxr	
"pazar"@gag	<https://panlex.org/snapshot/panlex-20191001-csv/2892#110826936>				<https://panlex.org/snapshot/panlex-20191001-csv/2892#110826918>		"няма"@bxr	
"першембӓ"@gag	<https://panlex.org/snapshot/panlex-20191001-csv/2892#110825295>				<https://panlex.org/snapshot/panlex-20191001-csv/2892#110825334>		"пүрбэ"@bxr	
"першембӓ"@gag	<https://panlex.org/snapshot/panlex-20191001-csv/2892#110825295>				<https://panlex.org/snapshot/panlex-20191001-csv/2892#110825548>		"четверг"@bxr	
"першембӓ"@gag	<https://panlex.org/snapshot/panlex-20191001-csv/2892#110825295>				<https://panlex.org/snapshot/panlex-20191001-csv/2892#110825315>		"гарагай табан"@bxr	
"чаршамба"@gag	<https://panlex.org/snapshot/panlex-20191001-csv/2892#110825195>				<https://panlex.org/snapshot/panlex-20191001-csv/2892#110824957>		"гарагай дүрбэн"@bxr	
"чаршамба"@gag	<https://panlex.org/snapshot/panlex-20191001-csv/2892#110825195>				<https://panlex.org/snapshot/panlex-20191001-csv/2892#110824868>		"һагба"@bxr	
"чаршамба"@gag	<https://panlex.org/snapshot/panlex-20191001-csv/2892#110825195>				<https://panlex.org/snapshot/panlex-20191001-csv/2892#110825111>		"среда"@bxr	
"пазертеси"@gag	<https://panlex.org/snapshot/panlex-20191001-csv/2892#110824226>				<https://panlex.org/snapshot/panlex-20191001-csv/2892#110824319>		"дабаа"@bxr	
"пазертеси"@gag	<https://panlex.org/snapshot/panlex-20191001-csv/2892#110824226>				<https://panlex.org/snapshot/panlex-20191001-csv/2892#110824113>		"гарагай хоёр"@bxr	
"пазертеси"@gag	<https://panlex.org/snapshot/panlex-20191001-csv/2892#110824226>				<https://panlex.org/snapshot/panlex-20191001-csv/2892#110824252>		"понедельник"@bxr	
"salı"@gag	<https://panlex.org/snapshot/panlex-20191001-csv/2892#110824752>				<https://panlex.org/snapshot/panlex-20191001-csv/2892#110824709>		"мягмар"@bxr	
"salı"@gag	<https://panlex.org/snapshot/panlex-20191001-csv/2892#110824752>				<https://panlex.org/snapshot/panlex-20191001-csv/2892#110824791>		"вторник"@bxr	
"salı"@gag	<https://panlex.org/snapshot/panlex-20191001-csv/2892#110824752>				<https://panlex.org/snapshot/panlex-20191001-csv/2892#110824506>		"гарагай гурбан"@bxr	
"салы"@gag	<https://panlex.org/snapshot/panlex-20191001-csv/2892#110824598>				<https://panlex.org/snapshot/panlex-20191001-csv/2892#110824709>		"мягмар"@bxr	
"салы"@gag	<https://panlex.org/snapshot/panlex-20191001-csv/2892#110824598>				<https://panlex.org/snapshot/panlex-20191001-csv/2892#110824791>		"вторник"@bxr	
"салы"@gag	<https://panlex.org/snapshot/panlex-20191001-csv/2892#110824598>				<https://panlex.org/snapshot/panlex-20191001-csv/2892#110824506>		"гарагай гурбан"@bxr	
"cumaa"@gag	<https://panlex.org/snapshot/panlex-20191001-csv/2892#110825930>				<https://panlex.org/snapshot/panlex-20191001-csv/2892#110825964>		"гарагай зургаан"@bxr	
"cumaa"@gag	<https://panlex.org/snapshot/panlex-20191001-csv/2892#110825930>				<https://panlex.org/snapshot/panlex-20191001-csv/2892#110825923>		"баасан"@bxr	
"cumaa"@gag	<https://panlex.org/snapshot/panlex-20191001-csv/2892#110825930>				<https://panlex.org/snapshot/panlex-20191001-csv/2892#110825888>		"пятница"@bxr	
"пазар"@gag	<https://panlex.org/snapshot/panlex-20191001-csv/2892#110826898>				<https://panlex.org/snapshot/panlex-20191001-csv/2892#110826992>		"гарагай нэгэн"@bxr	
"пазар"@gag	<https://panlex.org/snapshot/panlex-20191001-csv/2892#110826898>				<https://panlex.org/snapshot/panlex-20191001-csv/2892#110827025>		"воскресени"@bxr	
"пазар"@gag	<https://panlex.org/snapshot/panlex-20191001-csv/2892#110826898>				<https://panlex.org/snapshot/panlex-20191001-csv/2892#110826918>		"няма"@bxr	
"cumartesi"@gag	<https://panlex.org/snapshot/panlex-20191001-csv/2892#110826476>				<https://panlex.org/snapshot/panlex-20191001-csv/2892#110826273>		"гарагай долоон"@bxr	
"cumartesi"@gag	<https://panlex.org/snapshot/panlex-20191001-csv/2892#110826476>				<https://panlex.org/snapshot/panlex-20191001-csv/2892#110826471>		"суббото"@bxr	
"cumartesi"@gag	<https://panlex.org/snapshot/panlex-20191001-csv/2892#110826476>				<https://panlex.org/snapshot/panlex-20191001-csv/2892#110826543>		"бямба"@bxr	
"pazertesi"@gag	<https://panlex.org/snapshot/panlex-20191001-csv/2892#110824212>				<https://panlex.org/snapshot/panlex-20191001-csv/2892#110824319>		"дабаа"@bxr	
"pazertesi"@gag	<https://panlex.org/snapshot/panlex-20191001-csv/2892#110824212>				<https://panlex.org/snapshot/panlex-20191001-csv/2892#110824113>		"гарагай хоёр"@bxr	
"pazertesi"@gag	<https://panlex.org/snapshot/panlex-20191001-csv/2892#110824212>				<https://panlex.org/snapshot/panlex-20191001-csv/2892#110824252>		"понедельник"@bxr	
"ӂумаа"@gag	<https://panlex.org/snapshot/panlex-20191001-csv/2892#110826049>				<https://panlex.org/snapshot/panlex-20191001-csv/2892#110825964>		"гарагай зургаан"@bxr	
"ӂумаа"@gag	<https://panlex.org/snapshot/panlex-20191001-csv/2892#110826049>				<https://panlex.org/snapshot/panlex-20191001-csv/2892#110825923>		"баасан"@bxr	
"ӂумаа"@gag	<https://panlex.org/snapshot/panlex-20191001-csv/2892#110826049>				<https://panlex.org/snapshot/panlex-20191001-csv/2892#110825888>		"пятница"@bxr	
"ӂумартеси"@gag	<https://panlex.org/snapshot/panlex-20191001-csv/2892#110826148>				<https://panlex.org/snapshot/panlex-20191001-csv/2892#110826273>		"гарагай долоон"@bxr	
"ӂумартеси"@gag	<https://panlex.org/snapshot/panlex-20191001-csv/2892#110826148>				<https://panlex.org/snapshot/panlex-20191001-csv/2892#110826471>		"суббото"@bxr	
"ӂумартеси"@gag	<https://panlex.org/snapshot/panlex-20191001-csv/2892#110826148>				<https://panlex.org/snapshot/panlex-20191001-csv/2892#110826543>		"бямба"@bxr	
"ийӱн"@gag	<https://panlex.org/snapshot/panlex-20191001-csv/2897#110829225>				<https://panlex.org/snapshot/panlex-20191001-csv/2897#110829278>		"июнь"@bxr	
"yanvar"@gag	<https://panlex.org/snapshot/panlex-20191001-csv/2897#110827103>				<https://panlex.org/snapshot/panlex-20191001-csv/2897#110827164>		"январь"@bxr	
"april"@gag	<https://panlex.org/snapshot/panlex-20191001-csv/2897#110828373>				<https://panlex.org/snapshot/panlex-20191001-csv/2897#110828300>		"апрель"@bxr	
"dekabri"@gag	<https://panlex.org/snapshot/panlex-20191001-csv/2897#110831657>				<https://panlex.org/snapshot/panlex-20191001-csv/2897#110831952>		"декабрь"@bxr	
"декабри"@gag	<https://panlex.org/snapshot/panlex-20191001-csv/2897#110831862>				<https://panlex.org/snapshot/panlex-20191001-csv/2897#110831952>		"декабрь"@bxr	
"iyül"@gag	<https://panlex.org/snapshot/panlex-20191001-csv/2897#110829561>				<https://panlex.org/snapshot/panlex-20191001-csv/2897#110829551>		"июль"@bxr	
"noyabri"@gag	<https://panlex.org/snapshot/panlex-20191001-csv/2897#110831231>				<https://panlex.org/snapshot/panlex-20191001-csv/2897#110831511>		"ноябрь"@bxr	
"sentäbri"@gag	<https://panlex.org/snapshot/panlex-20191001-csv/2897#110830646>				<https://panlex.org/snapshot/panlex-20191001-csv/2897#110830522>		"сентябрь"@bxr	
"январ"@gag	<https://panlex.org/snapshot/panlex-20191001-csv/2897#110827252>				<https://panlex.org/snapshot/panlex-20191001-csv/2897#110827164>		"январь"@bxr	
"феврал"@gag	<https://panlex.org/snapshot/panlex-20191001-csv/2897#110827603>				<https://panlex.org/snapshot/panlex-20191001-csv/2897#110827494>		"февраль"@bxr	
"may"@gag	<https://panlex.org/snapshot/panlex-20191001-csv/2897#110828742>				<https://panlex.org/snapshot/panlex-20191001-csv/2897#110829062>		"май"@bxr	
"март"@gag	<https://panlex.org/snapshot/panlex-20191001-csv/2897#110828119>				<https://panlex.org/snapshot/panlex-20191001-csv/2897#110828219>		"март"@bxr	
"май"@gag	<https://panlex.org/snapshot/panlex-20191001-csv/2897#110828964>				<https://panlex.org/snapshot/panlex-20191001-csv/2897#110829062>		"май"@bxr	
"fevral"@gag	<https://panlex.org/snapshot/panlex-20191001-csv/2897#110827658>				<https://panlex.org/snapshot/panlex-20191001-csv/2897#110827494>		"февраль"@bxr	
"август"@gag	<https://panlex.org/snapshot/panlex-20191001-csv/2897#110830245>				<https://panlex.org/snapshot/panlex-20191001-csv/2897#110830242>		"август"@bxr	
"ийӱл"@gag	<https://panlex.org/snapshot/panlex-20191001-csv/2897#110829742>				<https://panlex.org/snapshot/panlex-20191001-csv/2897#110829551>		"июль"@bxr	
"avgust"@gag	<https://panlex.org/snapshot/panlex-20191001-csv/2897#110830110>				<https://panlex.org/snapshot/panlex-20191001-csv/2897#110830242>		"август"@bxr	
"април"@gag	<https://panlex.org/snapshot/panlex-20191001-csv/2897#110828588>				<https://panlex.org/snapshot/panlex-20191001-csv/2897#110828300>		"апрель"@bxr	
"iyün"@gag	<https://panlex.org/snapshot/panlex-20191001-csv/2897#110829341>				<https://panlex.org/snapshot/panlex-20191001-csv/2897#110829278>		"июнь"@bxr	
"сентӓбри"@gag	<https://panlex.org/snapshot/panlex-20191001-csv/2897#110830639>				<https://panlex.org/snapshot/panlex-20191001-csv/2897#110830522>		"сентябрь"@bxr	
"mart"@gag	<https://panlex.org/snapshot/panlex-20191001-csv/2897#110827995>				<https://panlex.org/snapshot/panlex-20191001-csv/2897#110828219>		"март"@bxr	
"ноябри"@gag	<https://panlex.org/snapshot/panlex-20191001-csv/2897#110831335>				<https://panlex.org/snapshot/panlex-20191001-csv/2897#110831511>		"ноябрь"@bxr	
"oktäbri"@gag	<https://panlex.org/snapshot/panlex-20191001-csv/2897#110830787>				<https://panlex.org/snapshot/panlex-20191001-csv/2897#110831133>		"октябрь"@bxr	
"октӓбри"@gag	<https://panlex.org/snapshot/panlex-20191001-csv/2897#110831048>				<https://panlex.org/snapshot/panlex-20191001-csv/2897#110831133>		"октябрь"@bxr	
"Okeaniya"@gag	<https://panlex.org/snapshot/panlex-20191001-csv/2891#110854394>				<https://panlex.org/snapshot/panlex-20191001-csv/2891#110854357>		"Океани"@bxr	
"Antarktida"@gag	<https://panlex.org/snapshot/panlex-20191001-csv/2891#110853596>				<https://panlex.org/snapshot/panlex-20191001-csv/2891#110853766>		"Антарктида"@bxr	
"Африка"@gag	<https://panlex.org/snapshot/panlex-20191001-csv/2891#110853130>				<https://panlex.org/snapshot/panlex-20191001-csv/2891#110853193>		"Африка"@bxr	
"Amerika"@gag	<https://panlex.org/snapshot/panlex-20191001-csv/2891#110853272>				<https://panlex.org/snapshot/panlex-20191001-csv/2891#110853412>		"Америка"@bxr	
"Эвропа"@gag	<https://panlex.org/snapshot/panlex-20191001-csv/2891#110854200>				<https://panlex.org/snapshot/panlex-20191001-csv/2891#110854102>		"Европо"@bxr	
"Америка"@gag	<https://panlex.org/snapshot/panlex-20191001-csv/2891#110853437>				<https://panlex.org/snapshot/panlex-20191001-csv/2891#110853412>		"Америка"@bxr	
"Азия"@gag	<https://panlex.org/snapshot/panlex-20191001-csv/2891#110853778>				<https://panlex.org/snapshot/panlex-20191001-csv/2891#110853975>		"Ази"@bxr	
"Evropa"@gag	<https://panlex.org/snapshot/panlex-20191001-csv/2891#110854217>				<https://panlex.org/snapshot/panlex-20191001-csv/2891#110854102>		"Европо"@bxr	
"Afrika"@gag	<https://panlex.org/snapshot/panlex-20191001-csv/2891#110853012>				<https://panlex.org/snapshot/panlex-20191001-csv/2891#110853193>		"Африка"@bxr	
"Aziya"@gag	<https://panlex.org/snapshot/panlex-20191001-csv/2891#110854007>				<https://panlex.org/snapshot/panlex-20191001-csv/2891#110853975>		"Ази"@bxr	
"Антарктида"@gag	<https://panlex.org/snapshot/panlex-20191001-csv/2891#110853567>				<https://panlex.org/snapshot/panlex-20191001-csv/2891#110853766>		"Антарктида"@bxr	
"Океания"@gag	<https://panlex.org/snapshot/panlex-20191001-csv/2891#110854432>				<https://panlex.org/snapshot/panlex-20191001-csv/2891#110854357>		"Океани"@bxr	
