"Беренсе донъя һуғышы"@ba	<https://panlex.org/snapshot/panlex-20191001-csv/6709#111077354>				<https://panlex.org/snapshot/panlex-20191001-csv/6709#111077436>		"Herbê Dınyayê Yewıne"@kiu	
"Һыуыҡ һуғыш"@ba	<https://panlex.org/snapshot/panlex-20191001-csv/6709#111077825>				<https://panlex.org/snapshot/panlex-20191001-csv/6709#111077812>		"Herbo Serdın"@kiu	
"Berense donya huğışı"@ba	<https://panlex.org/snapshot/panlex-20191001-csv/6709#111077427>				<https://panlex.org/snapshot/panlex-20191001-csv/6709#111077436>		"Herbê Dınyayê Yewıne"@kiu	
"Икенсе донъя һуғышы"@ba	<https://panlex.org/snapshot/panlex-20191001-csv/6709#111077553>				<https://panlex.org/snapshot/panlex-20191001-csv/6709#111077634>		"Herbê Dınyayê Dıyıne"@kiu	
"Тимер быуат"@ba	<https://panlex.org/snapshot/panlex-20191001-csv/6709#111076204>				<https://panlex.org/snapshot/panlex-20191001-csv/6709#111076249>		"Wextê Asıni"@kiu	
"Hıuıķ huğış"@ba	<https://panlex.org/snapshot/panlex-20191001-csv/6709#111077761>				<https://panlex.org/snapshot/panlex-20191001-csv/6709#111077812>		"Herbo Serdın"@kiu	
"Timer bıuat"@ba	<https://panlex.org/snapshot/panlex-20191001-csv/6709#111076197>				<https://panlex.org/snapshot/panlex-20191001-csv/6709#111076249>		"Wextê Asıni"@kiu	
"Таш быуат"@ba	<https://panlex.org/snapshot/panlex-20191001-csv/6709#111075803>				<https://panlex.org/snapshot/panlex-20191001-csv/6709#111075895>		"Dewrê Kemere"@kiu	
"İkense donya huğışı"@ba	<https://panlex.org/snapshot/panlex-20191001-csv/6709#111077552>				<https://panlex.org/snapshot/panlex-20191001-csv/6709#111077634>		"Herbê Dınyayê Dıyıne"@kiu	
"Taş bıuat"@ba	<https://panlex.org/snapshot/panlex-20191001-csv/6709#111075929>				<https://panlex.org/snapshot/panlex-20191001-csv/6709#111075895>		"Dewrê Kemere"@kiu	
"Bäläkäy princ"@ba	<https://panlex.org/snapshot/panlex-20191001-csv/6710#111083044>				<https://panlex.org/snapshot/panlex-20191001-csv/6710#111083163>		"Şazadeo Qıckek"@kiu	
"Huğış häm tınıslıķ"@ba	<https://panlex.org/snapshot/panlex-20191001-csv/6710#111083757>				<https://panlex.org/snapshot/panlex-20191001-csv/6710#111083684>		"Şer û Aşitî"@kiu	
"Һуғыш һәм тыныслыҡ"@ba	<https://panlex.org/snapshot/panlex-20191001-csv/6710#111083756>				<https://panlex.org/snapshot/panlex-20191001-csv/6710#111083684>		"Şer û Aşitî"@kiu	
"Бәләкәй принц"@ba	<https://panlex.org/snapshot/panlex-20191001-csv/6710#111083170>				<https://panlex.org/snapshot/panlex-20191001-csv/6710#111083163>		"Şazadeo Qıckek"@kiu	
"Baldaķtar xujahı"@ba	<https://panlex.org/snapshot/panlex-20191001-csv/6710#111083256>				<https://panlex.org/snapshot/panlex-20191001-csv/6710#111083281>		"Efendiyo Istaneyan"@kiu	
"Балдаҡтар хужаһы"@ba	<https://panlex.org/snapshot/panlex-20191001-csv/6710#111083242>				<https://panlex.org/snapshot/panlex-20191001-csv/6710#111083281>		"Efendiyo Istaneyan"@kiu	
"философия"@ba	<https://panlex.org/snapshot/panlex-20191001-csv/2904#111023836>				<https://panlex.org/snapshot/panlex-20191001-csv/2904#111023944>		"felsefe"@kiu	
"химия"@ba	<https://panlex.org/snapshot/panlex-20191001-csv/2904#111022543>				<https://panlex.org/snapshot/panlex-20191001-csv/2904#111022486>		"kimya"@kiu	
"биология"@ba	<https://panlex.org/snapshot/panlex-20191001-csv/2904#111022245>				<https://panlex.org/snapshot/panlex-20191001-csv/2904#111022246>		"biyolociye"@kiu	
"ğilem"@ba	<https://panlex.org/snapshot/panlex-20191001-csv/2904#111024259>				<https://panlex.org/snapshot/panlex-20191001-csv/2904#111024239>		"ilm"@kiu	
"ğilem"@ba	<https://panlex.org/snapshot/panlex-20191001-csv/2904#111024259>				<https://panlex.org/snapshot/panlex-20191001-csv/2904#111024201>		"zanışi"@kiu	
"география"@ba	<https://panlex.org/snapshot/panlex-20191001-csv/2904#111022673>				<https://panlex.org/snapshot/panlex-20191001-csv/2904#111022671>		"coğrafya"@kiu	
"fizika"@ba	<https://panlex.org/snapshot/panlex-20191001-csv/2904#111024064>				<https://panlex.org/snapshot/panlex-20191001-csv/2904#111024038>		"fizik"@kiu	
"biologiya"@ba	<https://panlex.org/snapshot/panlex-20191001-csv/2904#111022163>				<https://panlex.org/snapshot/panlex-20191001-csv/2904#111022246>		"biyolociye"@kiu	
"астрономия"@ba	<https://panlex.org/snapshot/panlex-20191001-csv/2904#111022004>				<https://panlex.org/snapshot/panlex-20191001-csv/2904#111022120>		"asmênşınasiye"@kiu	
"geografiya"@ba	<https://panlex.org/snapshot/panlex-20191001-csv/2904#111022644>				<https://panlex.org/snapshot/panlex-20191001-csv/2904#111022671>		"coğrafya"@kiu	
"fälsäfä"@ba	<https://panlex.org/snapshot/panlex-20191001-csv/2904#111023842>				<https://panlex.org/snapshot/panlex-20191001-csv/2904#111023944>		"felsefe"@kiu	
"фәлсәфә"@ba	<https://panlex.org/snapshot/panlex-20191001-csv/2904#111023821>				<https://panlex.org/snapshot/panlex-20191001-csv/2904#111023944>		"felsefe"@kiu	
"университет"@ba	<https://panlex.org/snapshot/panlex-20191001-csv/2904#111024596>				<https://panlex.org/snapshot/panlex-20191001-csv/2904#111024541>		"universıte"@kiu	
"universitet"@ba	<https://panlex.org/snapshot/panlex-20191001-csv/2904#111024484>				<https://panlex.org/snapshot/panlex-20191001-csv/2904#111024541>		"universıte"@kiu	
"fän"@ba	<https://panlex.org/snapshot/panlex-20191001-csv/2904#111024342>				<https://panlex.org/snapshot/panlex-20191001-csv/2904#111024239>		"ilm"@kiu	
"fän"@ba	<https://panlex.org/snapshot/panlex-20191001-csv/2904#111024342>				<https://panlex.org/snapshot/panlex-20191001-csv/2904#111024201>		"zanışi"@kiu	
"tarix"@ba	<https://panlex.org/snapshot/panlex-20191001-csv/2904#111022911>				<https://panlex.org/snapshot/panlex-20191001-csv/2904#111022887>		"tarix"@kiu	
"физика"@ba	<https://panlex.org/snapshot/panlex-20191001-csv/2904#111024090>				<https://panlex.org/snapshot/panlex-20191001-csv/2904#111024038>		"fizik"@kiu	
"медицина"@ba	<https://panlex.org/snapshot/panlex-20191001-csv/2904#111023635>				<https://panlex.org/snapshot/panlex-20191001-csv/2904#111023654>		"tıb"@kiu	
"medicina"@ba	<https://panlex.org/snapshot/panlex-20191001-csv/2904#111023609>				<https://panlex.org/snapshot/panlex-20191001-csv/2904#111023654>		"tıb"@kiu	
"тарих"@ba	<https://panlex.org/snapshot/panlex-20191001-csv/2904#111022833>				<https://panlex.org/snapshot/panlex-20191001-csv/2904#111022887>		"tarix"@kiu	
"ғилем"@ba	<https://panlex.org/snapshot/panlex-20191001-csv/2904#111024363>				<https://panlex.org/snapshot/panlex-20191001-csv/2904#111024239>		"ilm"@kiu	
"ғилем"@ba	<https://panlex.org/snapshot/panlex-20191001-csv/2904#111024363>				<https://panlex.org/snapshot/panlex-20191001-csv/2904#111024201>		"zanışi"@kiu	
"математика"@ba	<https://panlex.org/snapshot/panlex-20191001-csv/2904#111023371>				<https://panlex.org/snapshot/panlex-20191001-csv/2904#111023497>		"matematik"@kiu	
"filosofiya"@ba	<https://panlex.org/snapshot/panlex-20191001-csv/2904#111023808>				<https://panlex.org/snapshot/panlex-20191001-csv/2904#111023944>		"felsefe"@kiu	
"matematika"@ba	<https://panlex.org/snapshot/panlex-20191001-csv/2904#111023411>				<https://panlex.org/snapshot/panlex-20191001-csv/2904#111023497>		"matematik"@kiu	
"ximiya"@ba	<https://panlex.org/snapshot/panlex-20191001-csv/2904#111022568>				<https://panlex.org/snapshot/panlex-20191001-csv/2904#111022486>		"kimya"@kiu	
"фән"@ba	<https://panlex.org/snapshot/panlex-20191001-csv/2904#111024209>				<https://panlex.org/snapshot/panlex-20191001-csv/2904#111024239>		"ilm"@kiu	
"фән"@ba	<https://panlex.org/snapshot/panlex-20191001-csv/2904#111024209>				<https://panlex.org/snapshot/panlex-20191001-csv/2904#111024201>		"zanışi"@kiu	
"Tönyaķ ķotop"@ba	<https://panlex.org/snapshot/panlex-20191001-csv/2910#110854682>				<https://panlex.org/snapshot/panlex-20191001-csv/2910#110854692>		"Qutbê Zımey"@kiu	
"Ekvator"@ba	<https://panlex.org/snapshot/panlex-20191001-csv/2910#110855060>				<https://panlex.org/snapshot/panlex-20191001-csv/2910#110855174>		"Ekwator"@kiu	
"Көньяҡ ҡотоп"@ba	<https://panlex.org/snapshot/panlex-20191001-csv/2910#110855610>				<https://panlex.org/snapshot/panlex-20191001-csv/2910#110855600>		"Qutbê Veroci"@kiu	
"Könyaķ ķotop"@ba	<https://panlex.org/snapshot/panlex-20191001-csv/2910#110855632>				<https://panlex.org/snapshot/panlex-20191001-csv/2910#110855600>		"Qutbê Veroci"@kiu	
"Төньяҡ ҡотоп"@ba	<https://panlex.org/snapshot/panlex-20191001-csv/2910#110854673>				<https://panlex.org/snapshot/panlex-20191001-csv/2910#110854692>		"Qutbê Zımey"@kiu	
"Экватор"@ba	<https://panlex.org/snapshot/panlex-20191001-csv/2910#110855151>				<https://panlex.org/snapshot/panlex-20191001-csv/2910#110855174>		"Ekwator"@kiu	
"тыныслыҡ"@ba	<https://panlex.org/snapshot/panlex-20191001-csv/2902#111012015>				<https://panlex.org/snapshot/panlex-20191001-csv/2902#111012023>		"aşti"@kiu	
"tınıslıķ"@ba	<https://panlex.org/snapshot/panlex-20191001-csv/2902#111011965>				<https://panlex.org/snapshot/panlex-20191001-csv/2902#111012023>		"aşti"@kiu	
"Үлек диңгеҙ"@ba	<https://panlex.org/snapshot/panlex-20191001-csv/2905#110869992>				<https://panlex.org/snapshot/panlex-20191001-csv/2905#110869913>		"Deryaê Luti"@kiu	
"Каспий диңгеҙе"@ba	<https://panlex.org/snapshot/panlex-20191001-csv/2905#110869589>				<https://panlex.org/snapshot/panlex-20191001-csv/2905#110869612>		"Deryaê Xezeri"@kiu	
"La-Manş boğaźı"@ba	<https://panlex.org/snapshot/panlex-20191001-csv/2905#110870167>				<https://panlex.org/snapshot/panlex-20191001-csv/2905#110870213>		"Deryaê Manşi"@kiu	
"Парсы ҡултығы"@ba	<https://panlex.org/snapshot/panlex-20191001-csv/2905#110870868>				<https://panlex.org/snapshot/panlex-20191001-csv/2905#110870775>		"Xelicê Farsi"@kiu	
"Бенгал ҡултығы"@ba	<https://panlex.org/snapshot/panlex-20191001-csv/2905#110868951>				<https://panlex.org/snapshot/panlex-20191001-csv/2905#110868883>		"Xelicê Bengali"@kiu	
"Urta diņgeź"@ba	<https://panlex.org/snapshot/panlex-20191001-csv/2905#110870435>				<https://panlex.org/snapshot/panlex-20191001-csv/2905#110870270>		"Deryaê Miyanên"@kiu	
"Urta diņgeź"@ba	<https://panlex.org/snapshot/panlex-20191001-csv/2905#110870435>				<https://panlex.org/snapshot/panlex-20191001-csv/2905#110870343>		"Deryao Sıpê"@kiu	
"Bengal ķultığı"@ba	<https://panlex.org/snapshot/panlex-20191001-csv/2905#110868905>				<https://panlex.org/snapshot/panlex-20191001-csv/2905#110868883>		"Xelicê Bengali"@kiu	
"Һары диңгеҙ"@ba	<https://panlex.org/snapshot/panlex-20191001-csv/2905#110871523>				<https://panlex.org/snapshot/panlex-20191001-csv/2905#110871500>		"Deryao Zerd"@kiu	
"Harı diņgeź"@ba	<https://panlex.org/snapshot/panlex-20191001-csv/2905#110871624>				<https://panlex.org/snapshot/panlex-20191001-csv/2905#110871500>		"Deryao Zerd"@kiu	
"Tönyaķ diņgeź"@ba	<https://panlex.org/snapshot/panlex-20191001-csv/2905#110870683>				<https://panlex.org/snapshot/panlex-20191001-csv/2905#110870688>		"Deryaê Zımey"@kiu	
"Ҡыҙыл диңгеҙ"@ba	<https://panlex.org/snapshot/panlex-20191001-csv/2905#110871058>				<https://panlex.org/snapshot/panlex-20191001-csv/2905#110870946>		"Deryao Sur"@kiu	
"Ҡара диңгеҙ"@ba	<https://panlex.org/snapshot/panlex-20191001-csv/2905#110869041>				<https://panlex.org/snapshot/panlex-20191001-csv/2905#110869125>		"Deryao Sıya"@kiu	
"Kaspiy diņgeźe"@ba	<https://panlex.org/snapshot/panlex-20191001-csv/2905#110869623>				<https://panlex.org/snapshot/panlex-20191001-csv/2905#110869612>		"Deryaê Xezeri"@kiu	
"Ла-Манш боғаҙы"@ba	<https://panlex.org/snapshot/panlex-20191001-csv/2905#110870138>				<https://panlex.org/snapshot/panlex-20191001-csv/2905#110870213>		"Deryaê Manşi"@kiu	
"Karib diņgeźe"@ba	<https://panlex.org/snapshot/panlex-20191001-csv/2905#110869460>				<https://panlex.org/snapshot/panlex-20191001-csv/2905#110869505>		"Deryao Karibya"@kiu	
"Baltik diņgeźe"@ba	<https://panlex.org/snapshot/panlex-20191001-csv/2905#110868759>				<https://panlex.org/snapshot/panlex-20191001-csv/2905#110868764>		"Deryao Baltik"@kiu	
"Ķara diņgeź"@ba	<https://panlex.org/snapshot/panlex-20191001-csv/2905#110869128>				<https://panlex.org/snapshot/panlex-20191001-csv/2905#110869125>		"Deryao Sıya"@kiu	
"Аҡ диңгеҙ"@ba	<https://panlex.org/snapshot/panlex-20191001-csv/2905#110871352>				<https://panlex.org/snapshot/panlex-20191001-csv/2905#110871348>		"Deryao Sıpê"@kiu	
"Ғәрәп диңгеҙе"@ba	<https://panlex.org/snapshot/panlex-20191001-csv/2905#110868500>				<https://panlex.org/snapshot/panlex-20191001-csv/2905#110868614>		"Deryao Ereb"@kiu	
"Parsı ķultığı"@ba	<https://panlex.org/snapshot/panlex-20191001-csv/2905#110870768>				<https://panlex.org/snapshot/panlex-20191001-csv/2905#110870775>		"Xelicê Farsi"@kiu	
"Ülek diņgeź"@ba	<https://panlex.org/snapshot/panlex-20191001-csv/2905#110869962>				<https://panlex.org/snapshot/panlex-20191001-csv/2905#110869913>		"Deryaê Luti"@kiu	
"Ğäräp diņgeźe"@ba	<https://panlex.org/snapshot/panlex-20191001-csv/2905#110868571>				<https://panlex.org/snapshot/panlex-20191001-csv/2905#110868614>		"Deryao Ereb"@kiu	
"Урта диңгеҙ"@ba	<https://panlex.org/snapshot/panlex-20191001-csv/2905#110870409>				<https://panlex.org/snapshot/panlex-20191001-csv/2905#110870270>		"Deryaê Miyanên"@kiu	
"Урта диңгеҙ"@ba	<https://panlex.org/snapshot/panlex-20191001-csv/2905#110870409>				<https://panlex.org/snapshot/panlex-20191001-csv/2905#110870343>		"Deryao Sıpê"@kiu	
"Кариб диңгеҙе"@ba	<https://panlex.org/snapshot/panlex-20191001-csv/2905#110869370>				<https://panlex.org/snapshot/panlex-20191001-csv/2905#110869505>		"Deryao Karibya"@kiu	
"Ķıźıl diņgeź"@ba	<https://panlex.org/snapshot/panlex-20191001-csv/2905#110870985>				<https://panlex.org/snapshot/panlex-20191001-csv/2905#110870946>		"Deryao Sur"@kiu	
"Төньяҡ диңгеҙ"@ba	<https://panlex.org/snapshot/panlex-20191001-csv/2905#110870533>				<https://panlex.org/snapshot/panlex-20191001-csv/2905#110870688>		"Deryaê Zımey"@kiu	
"Балтик диңгеҙе"@ba	<https://panlex.org/snapshot/panlex-20191001-csv/2905#110868689>				<https://panlex.org/snapshot/panlex-20191001-csv/2905#110868764>		"Deryao Baltik"@kiu	
"Aķ diņgeź"@ba	<https://panlex.org/snapshot/panlex-20191001-csv/2905#110871454>				<https://panlex.org/snapshot/panlex-20191001-csv/2905#110871348>		"Deryao Sıpê"@kiu	
"Xaumea"@ba	<https://panlex.org/snapshot/panlex-20191001-csv/2907#110847541>				<https://panlex.org/snapshot/panlex-20191001-csv/2907#110847418>		"Haumea"@kiu	
"Сатурн"@ba	<https://panlex.org/snapshot/panlex-20191001-csv/2907#110846574>				<https://panlex.org/snapshot/panlex-20191001-csv/2907#110846767>		"Saturn"@kiu	
"Меркурий"@ba	<https://panlex.org/snapshot/panlex-20191001-csv/2907#110845109>				<https://panlex.org/snapshot/panlex-20191001-csv/2907#110845075>		"Merkur"@kiu	
"Saturn"@ba	<https://panlex.org/snapshot/panlex-20191001-csv/2907#110846687>				<https://panlex.org/snapshot/panlex-20191001-csv/2907#110846767>		"Saturn"@kiu	
"Юпитер"@ba	<https://panlex.org/snapshot/panlex-20191001-csv/2907#110846449>				<https://panlex.org/snapshot/panlex-20191001-csv/2907#110846486>		"Jupiter"@kiu	
"Ер"@ba	<https://panlex.org/snapshot/panlex-20191001-csv/2907#110845543>				<https://panlex.org/snapshot/panlex-20191001-csv/2907#110845628>		"Dınya"@kiu	
"Pluton"@ba	<https://panlex.org/snapshot/panlex-20191001-csv/2907#110847350>				<https://panlex.org/snapshot/panlex-20191001-csv/2907#110847312>		"Pluton"@kiu	
"Cerera"@ba	<https://panlex.org/snapshot/panlex-20191001-csv/2907#110846253>				<https://panlex.org/snapshot/panlex-20191001-csv/2907#110846274>		"Keres"@kiu	
"sağıştırmalıķ teoriyahı"@ba	<https://panlex.org/snapshot/panlex-20191001-csv/2907#110849820>				<https://panlex.org/snapshot/panlex-20191001-csv/2907#110849822>		"teoriya relativita"@kiu	
"Эрида"@ba	<https://panlex.org/snapshot/panlex-20191001-csv/2907#110847951>				<https://panlex.org/snapshot/panlex-20191001-csv/2907#110847882>		"Eris"@kiu	
"Ҡояш системаһы"@ba	<https://panlex.org/snapshot/panlex-20191001-csv/2907#110848183>				<https://panlex.org/snapshot/panlex-20191001-csv/2907#110848305>		"Sistemê Roci"@kiu	
"Марс"@ba	<https://panlex.org/snapshot/panlex-20191001-csv/2907#110846107>				<https://panlex.org/snapshot/panlex-20191001-csv/2907#110845936>		"Mars"@kiu	
"Erida"@ba	<https://panlex.org/snapshot/panlex-20191001-csv/2907#110847883>				<https://panlex.org/snapshot/panlex-20191001-csv/2907#110847882>		"Eris"@kiu	
"Mars"@ba	<https://panlex.org/snapshot/panlex-20191001-csv/2907#110846126>				<https://panlex.org/snapshot/panlex-20191001-csv/2907#110845936>		"Mars"@kiu	
"Уран"@ba	<https://panlex.org/snapshot/panlex-20191001-csv/2907#110846970>				<https://panlex.org/snapshot/panlex-20191001-csv/2907#110846915>		"Uranus"@kiu	
"Ҡояш"@ba	<https://panlex.org/snapshot/panlex-20191001-csv/2907#110844986>				<https://panlex.org/snapshot/panlex-20191001-csv/2907#110844924>		"Roc"@kiu	
"Хаумеа"@ba	<https://panlex.org/snapshot/panlex-20191001-csv/2907#110847557>				<https://panlex.org/snapshot/panlex-20191001-csv/2907#110847418>		"Haumea"@kiu	
"сағыштырмалыҡ теорияһы"@ba	<https://panlex.org/snapshot/panlex-20191001-csv/2907#110849825>				<https://panlex.org/snapshot/panlex-20191001-csv/2907#110849822>		"teoriya relativita"@kiu	
"Нептун"@ba	<https://panlex.org/snapshot/panlex-20191001-csv/2907#110847149>				<https://panlex.org/snapshot/panlex-20191001-csv/2907#110847154>		"Neptun"@kiu	
"Макемаке"@ba	<https://panlex.org/snapshot/panlex-20191001-csv/2907#110847739>				<https://panlex.org/snapshot/panlex-20191001-csv/2907#110847677>		"Makemake"@kiu	
"Yer"@ba	<https://panlex.org/snapshot/panlex-20191001-csv/2907#110845666>				<https://panlex.org/snapshot/panlex-20191001-csv/2907#110845628>		"Dınya"@kiu	
"Neptun"@ba	<https://panlex.org/snapshot/panlex-20191001-csv/2907#110846998>				<https://panlex.org/snapshot/panlex-20191001-csv/2907#110847154>		"Neptun"@kiu	
"Makemake"@ba	<https://panlex.org/snapshot/panlex-20191001-csv/2907#110847647>				<https://panlex.org/snapshot/panlex-20191001-csv/2907#110847677>		"Makemake"@kiu	
"Merkuriy"@ba	<https://panlex.org/snapshot/panlex-20191001-csv/2907#110845067>				<https://panlex.org/snapshot/panlex-20191001-csv/2907#110845075>		"Merkur"@kiu	
"Плутон"@ba	<https://panlex.org/snapshot/panlex-20191001-csv/2907#110847249>				<https://panlex.org/snapshot/panlex-20191001-csv/2907#110847312>		"Pluton"@kiu	
"Yupiter"@ba	<https://panlex.org/snapshot/panlex-20191001-csv/2907#110846498>				<https://panlex.org/snapshot/panlex-20191001-csv/2907#110846486>		"Jupiter"@kiu	
"Ķoyaş"@ba	<https://panlex.org/snapshot/panlex-20191001-csv/2907#110845035>				<https://panlex.org/snapshot/panlex-20191001-csv/2907#110844924>		"Roc"@kiu	
"Церера"@ba	<https://panlex.org/snapshot/panlex-20191001-csv/2907#110846236>				<https://panlex.org/snapshot/panlex-20191001-csv/2907#110846274>		"Keres"@kiu	
"Uran"@ba	<https://panlex.org/snapshot/panlex-20191001-csv/2907#110846971>				<https://panlex.org/snapshot/panlex-20191001-csv/2907#110846915>		"Uranus"@kiu	
"Venera"@ba	<https://panlex.org/snapshot/panlex-20191001-csv/2907#110845500>				<https://panlex.org/snapshot/panlex-20191001-csv/2907#110845353>		"Venus"@kiu	
"Ай"@ba	<https://panlex.org/snapshot/panlex-20191001-csv/2907#110845802>				<https://panlex.org/snapshot/panlex-20191001-csv/2907#110845788>		"Aşme"@kiu	
"Ķoyaş sistemahı"@ba	<https://panlex.org/snapshot/panlex-20191001-csv/2907#110848196>				<https://panlex.org/snapshot/panlex-20191001-csv/2907#110848305>		"Sistemê Roci"@kiu	
"кәрлә планета"@ba	<https://panlex.org/snapshot/panlex-20191001-csv/2907#110848026>				<https://panlex.org/snapshot/panlex-20191001-csv/2907#110848106>		"sêyare qıce"@kiu	
"kärlä planeta"@ba	<https://panlex.org/snapshot/panlex-20191001-csv/2907#110848066>				<https://panlex.org/snapshot/panlex-20191001-csv/2907#110848106>		"sêyare qıce"@kiu	
"Венера"@ba	<https://panlex.org/snapshot/panlex-20191001-csv/2907#110845351>				<https://panlex.org/snapshot/panlex-20191001-csv/2907#110845353>		"Venus"@kiu	
"Ay"@ba	<https://panlex.org/snapshot/panlex-20191001-csv/2907#110845759>				<https://panlex.org/snapshot/panlex-20191001-csv/2907#110845788>		"Aşme"@kiu	
"Төньяҡ Боҙло океан"@ba	<https://panlex.org/snapshot/panlex-20191001-csv/2901#110867157>				<https://panlex.org/snapshot/panlex-20191001-csv/2901#110867227>		"Okyanuso Arktik"@kiu	
"Könyaķ okean"@ba	<https://panlex.org/snapshot/panlex-20191001-csv/2901#110868409>				<https://panlex.org/snapshot/panlex-20191001-csv/2901#110868176>		"Okyanuso Antarktik"@kiu	
"Könyaķ okean"@ba	<https://panlex.org/snapshot/panlex-20191001-csv/2901#110868409>				<https://panlex.org/snapshot/panlex-20191001-csv/2901#110868226>		"Okyanuso Veroci"@kiu	
"Atlantika okeanı"@ba	<https://panlex.org/snapshot/panlex-20191001-csv/2901#110867394>				<https://panlex.org/snapshot/panlex-20191001-csv/2901#110867560>		"Okyanuso Atlantik"@kiu	
"Тымыҡ океаны"@ba	<https://panlex.org/snapshot/panlex-20191001-csv/2901#110868068>				<https://panlex.org/snapshot/panlex-20191001-csv/2901#110867967>		"Okyanuso Gırd"@kiu	
"Һинд океаны"@ba	<https://panlex.org/snapshot/panlex-20191001-csv/2901#110867802>				<https://panlex.org/snapshot/panlex-20191001-csv/2901#110867645>		"Okyanuso Hind"@kiu	
"Көньяҡ океан"@ba	<https://panlex.org/snapshot/panlex-20191001-csv/2901#110868271>				<https://panlex.org/snapshot/panlex-20191001-csv/2901#110868176>		"Okyanuso Antarktik"@kiu	
"Көньяҡ океан"@ba	<https://panlex.org/snapshot/panlex-20191001-csv/2901#110868271>				<https://panlex.org/snapshot/panlex-20191001-csv/2901#110868226>		"Okyanuso Veroci"@kiu	
"Hind okeanı"@ba	<https://panlex.org/snapshot/panlex-20191001-csv/2901#110867740>				<https://panlex.org/snapshot/panlex-20191001-csv/2901#110867645>		"Okyanuso Hind"@kiu	
"Tımıķ okeanı"@ba	<https://panlex.org/snapshot/panlex-20191001-csv/2901#110867971>				<https://panlex.org/snapshot/panlex-20191001-csv/2901#110867967>		"Okyanuso Gırd"@kiu	
"Атлантика океаны"@ba	<https://panlex.org/snapshot/panlex-20191001-csv/2901#110867406>				<https://panlex.org/snapshot/panlex-20191001-csv/2901#110867560>		"Okyanuso Atlantik"@kiu	
"Tönyaķ Boźlo okean"@ba	<https://panlex.org/snapshot/panlex-20191001-csv/2901#110867275>				<https://panlex.org/snapshot/panlex-20191001-csv/2901#110867227>		"Okyanuso Arktik"@kiu	
"Platon"@ba	<https://panlex.org/snapshot/panlex-20191001-csv/2906#111020844>				<https://panlex.org/snapshot/panlex-20191001-csv/2906#111020826>		"Eflatun"@kiu	
"Platon"@ba	<https://panlex.org/snapshot/panlex-20191001-csv/2906#111020844>				<https://panlex.org/snapshot/panlex-20191001-csv/2906#111020804>		"Platon"@kiu	
"Платон"@ba	<https://panlex.org/snapshot/panlex-20191001-csv/2906#111020795>				<https://panlex.org/snapshot/panlex-20191001-csv/2906#111020826>		"Eflatun"@kiu	
"Платон"@ba	<https://panlex.org/snapshot/panlex-20191001-csv/2906#111020795>				<https://panlex.org/snapshot/panlex-20191001-csv/2906#111020804>		"Platon"@kiu	
"Sokrat"@ba	<https://panlex.org/snapshot/panlex-20191001-csv/2906#111021258>				<https://panlex.org/snapshot/panlex-20191001-csv/2906#111021286>		"Sokrates"@kiu	
"Сократ"@ba	<https://panlex.org/snapshot/panlex-20191001-csv/2906#111021298>				<https://panlex.org/snapshot/panlex-20191001-csv/2906#111021286>		"Sokrates"@kiu	
"geliy"@ba	<https://panlex.org/snapshot/panlex-20191001-csv/2893#110989662>				<https://panlex.org/snapshot/panlex-20191001-csv/2893#110989543>		"helyum"@kiu	
"сурьма"@ba	<https://panlex.org/snapshot/panlex-20191001-csv/2893#110994427>				<https://panlex.org/snapshot/panlex-20191001-csv/2893#110994533>		"antimon"@kiu	
"кислород"@ba	<https://panlex.org/snapshot/panlex-20191001-csv/2893#110990413>				<https://panlex.org/snapshot/panlex-20191001-csv/2893#110990423>		"oxsıcen"@kiu	
"magniy"@ba	<https://panlex.org/snapshot/panlex-20191001-csv/2893#110991218>				<https://panlex.org/snapshot/panlex-20191001-csv/2893#110991109>		"magnezyum"@kiu	
"мышьяҡ"@ba	<https://panlex.org/snapshot/panlex-20191001-csv/2893#110993753>				<https://panlex.org/snapshot/panlex-20191001-csv/2893#110993700>		"arsenik"@kiu	
"neon"@ba	<https://panlex.org/snapshot/panlex-20191001-csv/2893#110990807>				<https://panlex.org/snapshot/panlex-20191001-csv/2893#110990841>		"neon"@kiu	
"кобальт"@ba	<https://panlex.org/snapshot/panlex-20191001-csv/2893#110992977>				<https://panlex.org/snapshot/panlex-20191001-csv/2893#110992982>		"kobalt"@kiu	
"калий"@ba	<https://panlex.org/snapshot/panlex-20191001-csv/2893#110992399>				<https://panlex.org/snapshot/panlex-20191001-csv/2893#110992363>		"potasyum"@kiu	
"баҡыр"@ba	<https://panlex.org/snapshot/panlex-20191001-csv/2893#110993222>				<https://panlex.org/snapshot/panlex-20191001-csv/2893#110993269>		"paxır"@kiu	
"volfram"@ba	<https://panlex.org/snapshot/panlex-20191001-csv/2893#110994796>				<https://panlex.org/snapshot/panlex-20191001-csv/2893#110994865>		"tungsten"@kiu	
"ftor"@ba	<https://panlex.org/snapshot/panlex-20191001-csv/2893#110990487>				<https://panlex.org/snapshot/panlex-20191001-csv/2893#110990598>		"flor"@kiu	
"alyumin"@ba	<https://panlex.org/snapshot/panlex-20191001-csv/2893#110991378>				<https://panlex.org/snapshot/panlex-20191001-csv/2893#110991286>		"aluminyum"@kiu	
"timer"@ba	<https://panlex.org/snapshot/panlex-20191001-csv/2893#110992774>				<https://panlex.org/snapshot/panlex-20191001-csv/2893#110992733>		"asın"@kiu	
"гелий"@ba	<https://panlex.org/snapshot/panlex-20191001-csv/2893#110989521>				<https://panlex.org/snapshot/panlex-20191001-csv/2893#110989543>		"helyum"@kiu	
"ķurğaş"@ba	<https://panlex.org/snapshot/panlex-20191001-csv/2893#110995583>				<https://panlex.org/snapshot/panlex-20191001-csv/2893#110995749>		"qerşun"@kiu	
"азот"@ba	<https://panlex.org/snapshot/panlex-20191001-csv/2893#110990222>				<https://panlex.org/snapshot/panlex-20191001-csv/2893#110990128>		"azot"@kiu	
"алюмин"@ba	<https://panlex.org/snapshot/panlex-20191001-csv/2893#110991250>				<https://panlex.org/snapshot/panlex-20191001-csv/2893#110991286>		"aluminyum"@kiu	
"xlor"@ba	<https://panlex.org/snapshot/panlex-20191001-csv/2893#110992122>				<https://panlex.org/snapshot/panlex-20191001-csv/2893#110992150>		"klor"@kiu	
"bor"@ba	<https://panlex.org/snapshot/panlex-20191001-csv/2893#110989714>				<https://panlex.org/snapshot/panlex-20191001-csv/2893#110989705>		"bor"@kiu	
"алтын"@ba	<https://panlex.org/snapshot/panlex-20191001-csv/2893#110995240>				<https://panlex.org/snapshot/panlex-20191001-csv/2893#110995264>		"zern"@kiu	
"kremniy"@ba	<https://panlex.org/snapshot/panlex-20191001-csv/2893#110991629>				<https://panlex.org/snapshot/panlex-20191001-csv/2893#110991445>		"silisyum"@kiu	
"периодик системаһы"@ba	<https://panlex.org/snapshot/panlex-20191001-csv/2893#110989237>				<https://panlex.org/snapshot/panlex-20191001-csv/2893#110989246>		"tabloyo periyodik"@kiu	
"kökört"@ba	<https://panlex.org/snapshot/panlex-20191001-csv/2893#110991956>				<https://panlex.org/snapshot/panlex-20191001-csv/2893#110991972>		"sülfür"@kiu	
"yod"@ba	<https://panlex.org/snapshot/panlex-20191001-csv/2893#110994725>				<https://panlex.org/snapshot/panlex-20191001-csv/2893#110994624>		"iyod"@kiu	
"бор"@ba	<https://panlex.org/snapshot/panlex-20191001-csv/2893#110989818>				<https://panlex.org/snapshot/panlex-20191001-csv/2893#110989705>		"bor"@kiu	
"тимер"@ba	<https://panlex.org/snapshot/panlex-20191001-csv/2893#110992701>				<https://panlex.org/snapshot/panlex-20191001-csv/2893#110992733>		"asın"@kiu	
"бром"@ba	<https://panlex.org/snapshot/panlex-20191001-csv/2893#110993860>				<https://panlex.org/snapshot/panlex-20191001-csv/2893#110993847>		"brom"@kiu	
"kislorod"@ba	<https://panlex.org/snapshot/panlex-20191001-csv/2893#110990321>				<https://panlex.org/snapshot/panlex-20191001-csv/2893#110990423>		"oxsıcen"@kiu	
"фосфор"@ba	<https://panlex.org/snapshot/panlex-20191001-csv/2893#110991657>				<https://panlex.org/snapshot/panlex-20191001-csv/2893#110991716>		"fosfor"@kiu	
"кальций"@ba	<https://panlex.org/snapshot/panlex-20191001-csv/2893#110992503>				<https://panlex.org/snapshot/panlex-20191001-csv/2893#110992493>		"kalsiyum"@kiu	
"ķara ķurğaş"@ba	<https://panlex.org/snapshot/panlex-20191001-csv/2893#110995609>				<https://panlex.org/snapshot/panlex-20191001-csv/2893#110995749>		"qerşun"@kiu	
"йод"@ba	<https://panlex.org/snapshot/panlex-20191001-csv/2893#110994656>				<https://panlex.org/snapshot/panlex-20191001-csv/2893#110994624>		"iyod"@kiu	
"никель"@ba	<https://panlex.org/snapshot/panlex-20191001-csv/2893#110993027>				<https://panlex.org/snapshot/panlex-20191001-csv/2893#110993143>		"nikel"@kiu	
"brom"@ba	<https://panlex.org/snapshot/panlex-20191001-csv/2893#110993861>				<https://panlex.org/snapshot/panlex-20191001-csv/2893#110993847>		"brom"@kiu	
"azot"@ba	<https://panlex.org/snapshot/panlex-20191001-csv/2893#110990168>				<https://panlex.org/snapshot/panlex-20191001-csv/2893#110990128>		"azot"@kiu	
"неон"@ba	<https://panlex.org/snapshot/panlex-20191001-csv/2893#110990856>				<https://panlex.org/snapshot/panlex-20191001-csv/2893#110990841>		"neon"@kiu	
"фтор"@ba	<https://panlex.org/snapshot/panlex-20191001-csv/2893#110990659>				<https://panlex.org/snapshot/panlex-20191001-csv/2893#110990598>		"flor"@kiu	
"aķ ķurğaş"@ba	<https://panlex.org/snapshot/panlex-20191001-csv/2893#110994230>				<https://panlex.org/snapshot/panlex-20191001-csv/2893#110994237>		"qelay"@kiu	
"mışyaķ"@ba	<https://panlex.org/snapshot/panlex-20191001-csv/2893#110993616>				<https://panlex.org/snapshot/panlex-20191001-csv/2893#110993700>		"arsenik"@kiu	
"fosfor"@ba	<https://panlex.org/snapshot/panlex-20191001-csv/2893#110991652>				<https://panlex.org/snapshot/panlex-20191001-csv/2893#110991716>		"fosfor"@kiu	
"nikel"@ba	<https://panlex.org/snapshot/panlex-20191001-csv/2893#110993087>				<https://panlex.org/snapshot/panlex-20191001-csv/2893#110993143>		"nikel"@kiu	
"cink"@ba	<https://panlex.org/snapshot/panlex-20191001-csv/2893#110993473>				<https://panlex.org/snapshot/panlex-20191001-csv/2893#110993536>		"çinko"@kiu	
"көмөш"@ba	<https://panlex.org/snapshot/panlex-20191001-csv/2893#110994018>				<https://panlex.org/snapshot/panlex-20191001-csv/2893#110994128>		"sêm"@kiu	
"periodik sistemahı"@ba	<https://panlex.org/snapshot/panlex-20191001-csv/2893#110989114>				<https://panlex.org/snapshot/panlex-20191001-csv/2893#110989246>		"tabloyo periyodik"@kiu	
"kaliy"@ba	<https://panlex.org/snapshot/panlex-20191001-csv/2893#110992347>				<https://panlex.org/snapshot/panlex-20191001-csv/2893#110992363>		"potasyum"@kiu	
"teregömöş"@ba	<https://panlex.org/snapshot/panlex-20191001-csv/2893#110995442>				<https://panlex.org/snapshot/panlex-20191001-csv/2893#110995463>		"civa"@kiu	
"цинк"@ba	<https://panlex.org/snapshot/panlex-20191001-csv/2893#110993460>				<https://panlex.org/snapshot/panlex-20191001-csv/2893#110993536>		"çinko"@kiu	
"baķır"@ba	<https://panlex.org/snapshot/panlex-20191001-csv/2893#110993367>				<https://panlex.org/snapshot/panlex-20191001-csv/2893#110993269>		"paxır"@kiu	
"уран"@ba	<https://panlex.org/snapshot/panlex-20191001-csv/2893#110995819>				<https://panlex.org/snapshot/panlex-20191001-csv/2893#110995929>		"uranyum"@kiu	
"ҡара ҡурғаш"@ba	<https://panlex.org/snapshot/panlex-20191001-csv/2893#110995587>				<https://panlex.org/snapshot/panlex-20191001-csv/2893#110995749>		"qerşun"@kiu	
"көкөрт"@ba	<https://panlex.org/snapshot/panlex-20191001-csv/2893#110991829>				<https://panlex.org/snapshot/panlex-20191001-csv/2893#110991972>		"sülfür"@kiu	
"магний"@ba	<https://panlex.org/snapshot/panlex-20191001-csv/2893#110991093>				<https://panlex.org/snapshot/panlex-20191001-csv/2893#110991109>		"magnezyum"@kiu	
"аҡ ҡурғаш"@ba	<https://panlex.org/snapshot/panlex-20191001-csv/2893#110994323>				<https://panlex.org/snapshot/panlex-20191001-csv/2893#110994237>		"qelay"@kiu	
"surma"@ba	<https://panlex.org/snapshot/panlex-20191001-csv/2893#110994553>				<https://panlex.org/snapshot/panlex-20191001-csv/2893#110994533>		"antimon"@kiu	
"kobalt"@ba	<https://panlex.org/snapshot/panlex-20191001-csv/2893#110992946>				<https://panlex.org/snapshot/panlex-20191001-csv/2893#110992982>		"kobalt"@kiu	
"углерод"@ba	<https://panlex.org/snapshot/panlex-20191001-csv/2893#110990059>				<https://panlex.org/snapshot/panlex-20191001-csv/2893#110989936>		"karbon"@kiu	
"хлор"@ba	<https://panlex.org/snapshot/panlex-20191001-csv/2893#110992074>				<https://panlex.org/snapshot/panlex-20191001-csv/2893#110992150>		"klor"@kiu	
"platina"@ba	<https://panlex.org/snapshot/panlex-20191001-csv/2893#110995137>				<https://panlex.org/snapshot/panlex-20191001-csv/2893#110995029>		"platin"@kiu	
"natriy"@ba	<https://panlex.org/snapshot/panlex-20191001-csv/2893#110990939>				<https://panlex.org/snapshot/panlex-20191001-csv/2893#110990960>		"sodyum"@kiu	
"терегөмөш"@ba	<https://panlex.org/snapshot/panlex-20191001-csv/2893#110995443>				<https://panlex.org/snapshot/panlex-20191001-csv/2893#110995463>		"civa"@kiu	
"kömöş"@ba	<https://panlex.org/snapshot/panlex-20191001-csv/2893#110994048>				<https://panlex.org/snapshot/panlex-20191001-csv/2893#110994128>		"sêm"@kiu	
"вольфрам"@ba	<https://panlex.org/snapshot/panlex-20191001-csv/2893#110994843>				<https://panlex.org/snapshot/panlex-20191001-csv/2893#110994865>		"tungsten"@kiu	
"ҡурғаш"@ba	<https://panlex.org/snapshot/panlex-20191001-csv/2893#110995647>				<https://panlex.org/snapshot/panlex-20191001-csv/2893#110995749>		"qerşun"@kiu	
"altın"@ba	<https://panlex.org/snapshot/panlex-20191001-csv/2893#110995316>				<https://panlex.org/snapshot/panlex-20191001-csv/2893#110995264>		"zern"@kiu	
"vodorod"@ba	<https://panlex.org/snapshot/panlex-20191001-csv/2893#110989275>				<https://panlex.org/snapshot/panlex-20191001-csv/2893#110989378>		"hidrocen"@kiu	
"водород"@ba	<https://panlex.org/snapshot/panlex-20191001-csv/2893#110989445>				<https://panlex.org/snapshot/panlex-20191001-csv/2893#110989378>		"hidrocen"@kiu	
"кремний"@ba	<https://panlex.org/snapshot/panlex-20191001-csv/2893#110991525>				<https://panlex.org/snapshot/panlex-20191001-csv/2893#110991445>		"silisyum"@kiu	
"uglerod"@ba	<https://panlex.org/snapshot/panlex-20191001-csv/2893#110989937>				<https://panlex.org/snapshot/panlex-20191001-csv/2893#110989936>		"karbon"@kiu	
"натрий"@ba	<https://panlex.org/snapshot/panlex-20191001-csv/2893#110990958>				<https://panlex.org/snapshot/panlex-20191001-csv/2893#110990960>		"sodyum"@kiu	
"kalciy"@ba	<https://panlex.org/snapshot/panlex-20191001-csv/2893#110992515>				<https://panlex.org/snapshot/panlex-20191001-csv/2893#110992493>		"kalsiyum"@kiu	
"платина"@ba	<https://panlex.org/snapshot/panlex-20191001-csv/2893#110995139>				<https://panlex.org/snapshot/panlex-20191001-csv/2893#110995029>		"platin"@kiu	
"uran"@ba	<https://panlex.org/snapshot/panlex-20191001-csv/2893#110995780>				<https://panlex.org/snapshot/panlex-20191001-csv/2893#110995929>		"uranyum"@kiu	
"Ğäräp däülätlär ligahı"@ba	<https://panlex.org/snapshot/panlex-20191001-csv/2894#111100874>				<https://panlex.org/snapshot/panlex-20191001-csv/2894#111100815>		"Liga Ereban"@kiu	
"Yevropa Berlege"@ba	<https://panlex.org/snapshot/panlex-20191001-csv/2894#111100260>				<https://panlex.org/snapshot/panlex-20191001-csv/2894#111100426>		"Yewina Ewropa"@kiu	
"Ҡыҙыл Тәре"@ba	<https://panlex.org/snapshot/panlex-20191001-csv/2894#111101669>				<https://panlex.org/snapshot/panlex-20191001-csv/2894#111101634>		"Xaço Sur"@kiu	
"Европа Кәңәше"@ba	<https://panlex.org/snapshot/panlex-20191001-csv/2894#111100131>				<https://panlex.org/snapshot/panlex-20191001-csv/2894#111100034>		"Konsilê Ewrope"@kiu	
"Berläşkän Millättär Oyoşmahı"@ba	<https://panlex.org/snapshot/panlex-20191001-csv/2894#111101882>				<https://panlex.org/snapshot/panlex-20191001-csv/2894#111102077>		"Mılliyetê Yewbiyaey"@kiu	
"Ķıźıl Täre"@ba	<https://panlex.org/snapshot/panlex-20191001-csv/2894#111101578>				<https://panlex.org/snapshot/panlex-20191001-csv/2894#111101634>		"Xaço Sur"@kiu	
"Afrika Berlege"@ba	<https://panlex.org/snapshot/panlex-20191001-csv/2894#111099672>				<https://panlex.org/snapshot/panlex-20191001-csv/2894#111099474>		"Yewina Afrika"@kiu	
"Iķtisadi xeźmättäşlek häm üśeş oyoşmahı"@ba	<https://panlex.org/snapshot/panlex-20191001-csv/2894#111101315>				<https://panlex.org/snapshot/panlex-20191001-csv/2894#111101382>		"Komela Hetê Ekonomiye u Raverşiyaene de Pia Xebetiyaene"@kiu	
"Ҡыҙыл Ярты Ай"@ba	<https://panlex.org/snapshot/panlex-20191001-csv/2894#111101767>				<https://panlex.org/snapshot/panlex-20191001-csv/2894#111101782>		"Aşma Sure"@kiu	
"Европа Берлеге"@ba	<https://panlex.org/snapshot/panlex-20191001-csv/2894#111100391>				<https://panlex.org/snapshot/panlex-20191001-csv/2894#111100426>		"Yewina Ewropa"@kiu	
"Иҡтисади хеҙмәттәшлек һәм үҫеш ойошмаһы"@ba	<https://panlex.org/snapshot/panlex-20191001-csv/2894#111101375>				<https://panlex.org/snapshot/panlex-20191001-csv/2894#111101382>		"Komela Hetê Ekonomiye u Raverşiyaene de Pia Xebetiyaene"@kiu	
"Ķıźıl Yartı Ay"@ba	<https://panlex.org/snapshot/panlex-20191001-csv/2894#111101762>				<https://panlex.org/snapshot/panlex-20191001-csv/2894#111101782>		"Aşma Sure"@kiu	
"Ғәрәп дәүләтләр лигаһы"@ba	<https://panlex.org/snapshot/panlex-20191001-csv/2894#111100918>				<https://panlex.org/snapshot/panlex-20191001-csv/2894#111100815>		"Liga Ereban"@kiu	
"Төньяҡ Атлантика килешеү ойошмаһы"@ba	<https://panlex.org/snapshot/panlex-20191001-csv/2894#111101011>				<https://panlex.org/snapshot/panlex-20191001-csv/2894#111101064>		"Komela Werêamayışê Atlantikê Zımey"@kiu	
"Африка Берлеге"@ba	<https://panlex.org/snapshot/panlex-20191001-csv/2894#111099562>				<https://panlex.org/snapshot/panlex-20191001-csv/2894#111099474>		"Yewina Afrika"@kiu	
"Yevropa Käņäşe"@ba	<https://panlex.org/snapshot/panlex-20191001-csv/2894#111100103>				<https://panlex.org/snapshot/panlex-20191001-csv/2894#111100034>		"Konsilê Ewrope"@kiu	
"Tönyaķ Atlantika kileşeü oyoşmahı"@ba	<https://panlex.org/snapshot/panlex-20191001-csv/2894#111101102>				<https://panlex.org/snapshot/panlex-20191001-csv/2894#111101064>		"Komela Werêamayışê Atlantikê Zımey"@kiu	
"Берләшкән Милләттәр Ойошмаһы"@ba	<https://panlex.org/snapshot/panlex-20191001-csv/2894#111101943>				<https://panlex.org/snapshot/panlex-20191001-csv/2894#111102077>		"Mılliyetê Yewbiyaey"@kiu	
"kesaźna"@ba	<https://panlex.org/snapshot/panlex-20191001-csv/2892#110825627>				<https://panlex.org/snapshot/panlex-20191001-csv/2892#110825416>		"pancşeme"@kiu	
"şarşambı"@ba	<https://panlex.org/snapshot/panlex-20191001-csv/2892#110824880>				<https://panlex.org/snapshot/panlex-20191001-csv/2892#110824850>		"çarşeme"@kiu	
"дүшәмбе"@ba	<https://panlex.org/snapshot/panlex-20191001-csv/2892#110824406>				<https://panlex.org/snapshot/panlex-20191001-csv/2892#110824324>		"dışeme"@kiu	
"yoma"@ba	<https://panlex.org/snapshot/panlex-20191001-csv/2892#110825760>				<https://panlex.org/snapshot/panlex-20191001-csv/2892#110825820>		"yene"@kiu	
"шәмбе"@ba	<https://panlex.org/snapshot/panlex-20191001-csv/2892#110826271>				<https://panlex.org/snapshot/panlex-20191001-csv/2892#110826245>		"şeme"@kiu	
"yäkşämbe"@ba	<https://panlex.org/snapshot/panlex-20191001-csv/2892#110826929>				<https://panlex.org/snapshot/panlex-20191001-csv/2892#110826678>		"yewşeme"@kiu	
"йома"@ba	<https://panlex.org/snapshot/panlex-20191001-csv/2892#110825953>				<https://panlex.org/snapshot/panlex-20191001-csv/2892#110825820>		"yene"@kiu	
"шаршамбы"@ba	<https://panlex.org/snapshot/panlex-20191001-csv/2892#110824996>				<https://panlex.org/snapshot/panlex-20191001-csv/2892#110824850>		"çarşeme"@kiu	
"düşämbe"@ba	<https://panlex.org/snapshot/panlex-20191001-csv/2892#110824245>				<https://panlex.org/snapshot/panlex-20191001-csv/2892#110824324>		"dışeme"@kiu	
"йәкшәмбе"@ba	<https://panlex.org/snapshot/panlex-20191001-csv/2892#110826925>				<https://panlex.org/snapshot/panlex-20191001-csv/2892#110826678>		"yewşeme"@kiu	
"şişämbe"@ba	<https://panlex.org/snapshot/panlex-20191001-csv/2892#110824538>				<https://panlex.org/snapshot/panlex-20191001-csv/2892#110824611>		"sêşeme"@kiu	
"кесаҙна"@ba	<https://panlex.org/snapshot/panlex-20191001-csv/2892#110825344>				<https://panlex.org/snapshot/panlex-20191001-csv/2892#110825416>		"pancşeme"@kiu	
"şämbe"@ba	<https://panlex.org/snapshot/panlex-20191001-csv/2892#110826225>				<https://panlex.org/snapshot/panlex-20191001-csv/2892#110826245>		"şeme"@kiu	
"шишәмбе"@ba	<https://panlex.org/snapshot/panlex-20191001-csv/2892#110824672>				<https://panlex.org/snapshot/panlex-20191001-csv/2892#110824611>		"sêşeme"@kiu	
"Şäğban"@ba	<https://panlex.org/snapshot/panlex-20191001-csv/2898#110832759>				<https://panlex.org/snapshot/panlex-20191001-csv/2898#110832737>		"şeban"@kiu	
"Zö-äl-xizä"@ba	<https://panlex.org/snapshot/panlex-20191001-csv/2898#110833161>				<https://panlex.org/snapshot/panlex-20191001-csv/2898#110833120>		"zılhıce"@kiu	
"Möxärräm"@ba	<https://panlex.org/snapshot/panlex-20191001-csv/2898#110832020>				<https://panlex.org/snapshot/panlex-20191001-csv/2898#110832007>		"mıherrem"@kiu	
"Yomadä äl-äüüäl"@ba	<https://panlex.org/snapshot/panlex-20191001-csv/2898#110832430>				<https://panlex.org/snapshot/panlex-20191001-csv/2898#110832364>		"cımadiyel-ewel"@kiu	
"Мөхәррәм"@ba	<https://panlex.org/snapshot/panlex-20191001-csv/2898#110832024>				<https://panlex.org/snapshot/panlex-20191001-csv/2898#110832007>		"mıherrem"@kiu	
"Rabi äs-sani"@ba	<https://panlex.org/snapshot/panlex-20191001-csv/2898#110832266>				<https://panlex.org/snapshot/panlex-20191001-csv/2898#110832315>		"rebiyel-axır"@kiu	
"Шәүүәл"@ba	<https://panlex.org/snapshot/panlex-20191001-csv/2898#110832893>				<https://panlex.org/snapshot/panlex-20191001-csv/2898#110832903>		"şewal"@kiu	
"Йомадә әл-әүүәл"@ba	<https://panlex.org/snapshot/panlex-20191001-csv/2898#110832424>				<https://panlex.org/snapshot/panlex-20191001-csv/2898#110832364>		"cımadiyel-ewel"@kiu	
"Zö-äl-ķäğiźä"@ba	<https://panlex.org/snapshot/panlex-20191001-csv/2898#110832979>				<https://panlex.org/snapshot/panlex-20191001-csv/2898#110833051>		"zılqede"@kiu	
"Раби әл-әүүәл"@ba	<https://panlex.org/snapshot/panlex-20191001-csv/2898#110832161>				<https://panlex.org/snapshot/panlex-20191001-csv/2898#110832206>		"rebiyel-ewel"@kiu	
"Рәжәб"@ba	<https://panlex.org/snapshot/panlex-20191001-csv/2898#110832657>				<https://panlex.org/snapshot/panlex-20191001-csv/2898#110832591>		"receb"@kiu	
"Räjäb"@ba	<https://panlex.org/snapshot/panlex-20191001-csv/2898#110832619>				<https://panlex.org/snapshot/panlex-20191001-csv/2898#110832591>		"receb"@kiu	
"Сәфәр"@ba	<https://panlex.org/snapshot/panlex-20191001-csv/2898#110832079>				<https://panlex.org/snapshot/panlex-20191001-csv/2898#110832067>		"sefer"@kiu	
"Шәғбан"@ba	<https://panlex.org/snapshot/panlex-20191001-csv/2898#110832742>				<https://panlex.org/snapshot/panlex-20191001-csv/2898#110832737>		"şeban"@kiu	
"Säfär"@ba	<https://panlex.org/snapshot/panlex-20191001-csv/2898#110832149>				<https://panlex.org/snapshot/panlex-20191001-csv/2898#110832067>		"sefer"@kiu	
"Ramaźan"@ba	<https://panlex.org/snapshot/panlex-20191001-csv/2898#110832823>				<https://panlex.org/snapshot/panlex-20191001-csv/2898#110832776>		"remezan"@kiu	
"Йомадә әл-ахир"@ba	<https://panlex.org/snapshot/panlex-20191001-csv/2898#110832542>				<https://panlex.org/snapshot/panlex-20191001-csv/2898#110832486>		"cımadiyel-axır"@kiu	
"Yomadä äl-axir"@ba	<https://panlex.org/snapshot/panlex-20191001-csv/2898#110832519>				<https://panlex.org/snapshot/panlex-20191001-csv/2898#110832486>		"cımadiyel-axır"@kiu	
"Рамаҙан"@ba	<https://panlex.org/snapshot/panlex-20191001-csv/2898#110832775>				<https://panlex.org/snapshot/panlex-20191001-csv/2898#110832776>		"remezan"@kiu	
"Зө-әл-ҡәғиҙә"@ba	<https://panlex.org/snapshot/panlex-20191001-csv/2898#110832988>				<https://panlex.org/snapshot/panlex-20191001-csv/2898#110833051>		"zılqede"@kiu	
"Зө-әл-хизә"@ba	<https://panlex.org/snapshot/panlex-20191001-csv/2898#110833078>				<https://panlex.org/snapshot/panlex-20191001-csv/2898#110833120>		"zılhıce"@kiu	
"Rabi äl-äüüäl"@ba	<https://panlex.org/snapshot/panlex-20191001-csv/2898#110832248>				<https://panlex.org/snapshot/panlex-20191001-csv/2898#110832206>		"rebiyel-ewel"@kiu	
"Şäüüäl"@ba	<https://panlex.org/snapshot/panlex-20191001-csv/2898#110832932>				<https://panlex.org/snapshot/panlex-20191001-csv/2898#110832903>		"şewal"@kiu	
"Раби әс-сани"@ba	<https://panlex.org/snapshot/panlex-20191001-csv/2898#110832257>				<https://panlex.org/snapshot/panlex-20191001-csv/2898#110832315>		"rebiyel-axır"@kiu	
"апрель"@ba	<https://panlex.org/snapshot/panlex-20191001-csv/2897#110828520>				<https://panlex.org/snapshot/panlex-20191001-csv/2897#110828393>		"nisane"@kiu	
"март"@ba	<https://panlex.org/snapshot/panlex-20191001-csv/2897#110828118>				<https://panlex.org/snapshot/panlex-20191001-csv/2897#110827870>		"adar"@kiu	
"iyun"@ba	<https://panlex.org/snapshot/panlex-20191001-csv/2897#110829346>				<https://panlex.org/snapshot/panlex-20191001-csv/2897#110829109>		"heziran"@kiu	
"sentyabr"@ba	<https://panlex.org/snapshot/panlex-20191001-csv/2897#110830701>				<https://panlex.org/snapshot/panlex-20191001-csv/2897#110830556>		"keşkelun"@kiu	
"noyabr"@ba	<https://panlex.org/snapshot/panlex-20191001-csv/2897#110831485>				<https://panlex.org/snapshot/panlex-20191001-csv/2897#110831197>		"tışrino peyên"@kiu	
"май"@ba	<https://panlex.org/snapshot/panlex-20191001-csv/2897#110828941>				<https://panlex.org/snapshot/panlex-20191001-csv/2897#110829014>		"gulane"@kiu	
"oktyabr"@ba	<https://panlex.org/snapshot/panlex-20191001-csv/2897#110830773>				<https://panlex.org/snapshot/panlex-20191001-csv/2897#110830853>		"tışrino verên"@kiu	
"сентябрь"@ba	<https://panlex.org/snapshot/panlex-20191001-csv/2897#110830557>				<https://panlex.org/snapshot/panlex-20191001-csv/2897#110830556>		"keşkelun"@kiu	
"mart"@ba	<https://panlex.org/snapshot/panlex-20191001-csv/2897#110828042>				<https://panlex.org/snapshot/panlex-20191001-csv/2897#110827870>		"adar"@kiu	
"февраль"@ba	<https://panlex.org/snapshot/panlex-20191001-csv/2897#110827839>				<https://panlex.org/snapshot/panlex-20191001-csv/2897#110827835>		"şıbate"@kiu	
"ноябрь"@ba	<https://panlex.org/snapshot/panlex-20191001-csv/2897#110831209>				<https://panlex.org/snapshot/panlex-20191001-csv/2897#110831197>		"tışrino peyên"@kiu	
"ğinuar"@ba	<https://panlex.org/snapshot/panlex-20191001-csv/2897#110827437>				<https://panlex.org/snapshot/panlex-20191001-csv/2897#110827438>		"çele"@kiu	
"fevral"@ba	<https://panlex.org/snapshot/panlex-20191001-csv/2897#110827692>				<https://panlex.org/snapshot/panlex-20191001-csv/2897#110827835>		"şıbate"@kiu	
"июль"@ba	<https://panlex.org/snapshot/panlex-20191001-csv/2897#110829673>				<https://panlex.org/snapshot/panlex-20191001-csv/2897#110829487>		"temmuz"@kiu	
"dekabr"@ba	<https://panlex.org/snapshot/panlex-20191001-csv/2897#110831718>				<https://panlex.org/snapshot/panlex-20191001-csv/2897#110831580>		"kanun"@kiu	
"ғинуар"@ba	<https://panlex.org/snapshot/panlex-20191001-csv/2897#110827039>				<https://panlex.org/snapshot/panlex-20191001-csv/2897#110827438>		"çele"@kiu	
"iyul"@ba	<https://panlex.org/snapshot/panlex-20191001-csv/2897#110829572>				<https://panlex.org/snapshot/panlex-20191001-csv/2897#110829487>		"temmuz"@kiu	
"июнь"@ba	<https://panlex.org/snapshot/panlex-20191001-csv/2897#110829070>				<https://panlex.org/snapshot/panlex-20191001-csv/2897#110829109>		"heziran"@kiu	
"октябрь"@ba	<https://panlex.org/snapshot/panlex-20191001-csv/2897#110830767>				<https://panlex.org/snapshot/panlex-20191001-csv/2897#110830853>		"tışrino verên"@kiu	
"avgust"@ba	<https://panlex.org/snapshot/panlex-20191001-csv/2897#110830185>				<https://panlex.org/snapshot/panlex-20191001-csv/2897#110830186>		"tebaxe"@kiu	
"август"@ba	<https://panlex.org/snapshot/panlex-20191001-csv/2897#110830235>				<https://panlex.org/snapshot/panlex-20191001-csv/2897#110830186>		"tebaxe"@kiu	
"aprel"@ba	<https://panlex.org/snapshot/panlex-20191001-csv/2897#110828572>				<https://panlex.org/snapshot/panlex-20191001-csv/2897#110828393>		"nisane"@kiu	
"may"@ba	<https://panlex.org/snapshot/panlex-20191001-csv/2897#110828838>				<https://panlex.org/snapshot/panlex-20191001-csv/2897#110829014>		"gulane"@kiu	
"декабрь"@ba	<https://panlex.org/snapshot/panlex-20191001-csv/2897#110831628>				<https://panlex.org/snapshot/panlex-20191001-csv/2897#110831580>		"kanun"@kiu	
"Amerika"@ba	<https://panlex.org/snapshot/panlex-20191001-csv/2891#110853475>				<https://panlex.org/snapshot/panlex-20191001-csv/2891#110853428>		"Amerika"@kiu	
"Европа"@ba	<https://panlex.org/snapshot/panlex-20191001-csv/2891#110854208>				<https://panlex.org/snapshot/panlex-20191001-csv/2891#110854087>		"Ewropa"@kiu	
"Океания"@ba	<https://panlex.org/snapshot/panlex-20191001-csv/2891#110854411>				<https://panlex.org/snapshot/panlex-20191001-csv/2891#110854366>		"Okyanusya"@kiu	
"Азия"@ba	<https://panlex.org/snapshot/panlex-20191001-csv/2891#110853894>				<https://panlex.org/snapshot/panlex-20191001-csv/2891#110853903>		"Asya"@kiu	
"Okeaniya"@ba	<https://panlex.org/snapshot/panlex-20191001-csv/2891#110854334>				<https://panlex.org/snapshot/panlex-20191001-csv/2891#110854366>		"Okyanusya"@kiu	
"Antarktida"@ba	<https://panlex.org/snapshot/panlex-20191001-csv/2891#110853665>				<https://panlex.org/snapshot/panlex-20191001-csv/2891#110853560>		"Antarktika"@kiu	
"Африка"@ba	<https://panlex.org/snapshot/panlex-20191001-csv/2891#110853243>				<https://panlex.org/snapshot/panlex-20191001-csv/2891#110853056>		"Afrika"@kiu	
"Aziya"@ba	<https://panlex.org/snapshot/panlex-20191001-csv/2891#110853922>				<https://panlex.org/snapshot/panlex-20191001-csv/2891#110853903>		"Asya"@kiu	
"Yevropa"@ba	<https://panlex.org/snapshot/panlex-20191001-csv/2891#110854059>				<https://panlex.org/snapshot/panlex-20191001-csv/2891#110854087>		"Ewropa"@kiu	
"Антарктида"@ba	<https://panlex.org/snapshot/panlex-20191001-csv/2891#110853644>				<https://panlex.org/snapshot/panlex-20191001-csv/2891#110853560>		"Antarktika"@kiu	
"Afrika"@ba	<https://panlex.org/snapshot/panlex-20191001-csv/2891#110853198>				<https://panlex.org/snapshot/panlex-20191001-csv/2891#110853056>		"Afrika"@kiu	
"Америка"@ba	<https://panlex.org/snapshot/panlex-20191001-csv/2891#110853346>				<https://panlex.org/snapshot/panlex-20191001-csv/2891#110853428>		"Amerika"@kiu	
"Тәүрәт"@ba	<https://panlex.org/snapshot/panlex-20191001-csv/2899#111111848>				<https://panlex.org/snapshot/panlex-20191001-csv/2899#111111810>		"Tewrate"@kiu	
"сиркәү"@ba	<https://panlex.org/snapshot/panlex-20191001-csv/2899#111112815>				<https://panlex.org/snapshot/panlex-20191001-csv/2899#111112769>		"kilıse"@kiu	
"Ибраһими диндәр"@ba	<https://panlex.org/snapshot/panlex-20191001-csv/2899#111113639>				<https://panlex.org/snapshot/panlex-20191001-csv/2899#111113642>		"Dinê İbrahimi"@kiu	
"Йәһүд"@ba	<https://panlex.org/snapshot/panlex-20191001-csv/2899#111111689>				<https://panlex.org/snapshot/panlex-20191001-csv/2899#111111714>		"Yahudi"@kiu	
"Йәһүд"@ba	<https://panlex.org/snapshot/panlex-20191001-csv/2899#111111689>				<https://panlex.org/snapshot/panlex-20191001-csv/2899#111111669>		"Musewi"@kiu	
"Йәһүд дине"@ba	<https://panlex.org/snapshot/panlex-20191001-csv/2899#111111518>				<https://panlex.org/snapshot/panlex-20191001-csv/2899#111111516>		"Cıhudine"@kiu	
"Iudaizm"@ba	<https://panlex.org/snapshot/panlex-20191001-csv/2899#111111597>				<https://panlex.org/snapshot/panlex-20191001-csv/2899#111111516>		"Cıhudine"@kiu	
"Täürät"@ba	<https://panlex.org/snapshot/panlex-20191001-csv/2899#111111760>				<https://panlex.org/snapshot/panlex-20191001-csv/2899#111111810>		"Tewrate"@kiu	
"Мосолман"@ba	<https://panlex.org/snapshot/panlex-20191001-csv/2899#111113136>				<https://panlex.org/snapshot/panlex-20191001-csv/2899#111113066>		"Mıslum"@kiu	
"İbrahimi dindär"@ba	<https://panlex.org/snapshot/panlex-20191001-csv/2899#111113719>				<https://panlex.org/snapshot/panlex-20191001-csv/2899#111113642>		"Dinê İbrahimi"@kiu	
"Христиан"@ba	<https://panlex.org/snapshot/panlex-20191001-csv/2899#111112335>				<https://panlex.org/snapshot/panlex-20191001-csv/2899#111112416>		"Xıristiyan"@kiu	
"Ислам"@ba	<https://panlex.org/snapshot/panlex-20191001-csv/2899#111112937>				<https://panlex.org/snapshot/panlex-20191001-csv/2899#111113000>		"İslam"@kiu	
"sirkäü"@ba	<https://panlex.org/snapshot/panlex-20191001-csv/2899#111112783>				<https://panlex.org/snapshot/panlex-20191001-csv/2899#111112769>		"kilıse"@kiu	
"Bibliya"@ba	<https://panlex.org/snapshot/panlex-20191001-csv/2899#111112523>				<https://panlex.org/snapshot/panlex-20191001-csv/2899#111112504>		"İncile"@kiu	
"Ҡөръән"@ba	<https://panlex.org/snapshot/panlex-20191001-csv/2899#111113238>				<https://panlex.org/snapshot/panlex-20191001-csv/2899#111113206>		"Qurane"@kiu	
"Ğaysa"@ba	<https://panlex.org/snapshot/panlex-20191001-csv/2899#111112715>				<https://panlex.org/snapshot/panlex-20191001-csv/2899#111112699>		"İsa"@kiu	
"Xristianlıķ"@ba	<https://panlex.org/snapshot/panlex-20191001-csv/2899#111112191>				<https://panlex.org/snapshot/panlex-20191001-csv/2899#111112238>		"Xıristiyanine"@kiu	
"мәсет"@ba	<https://panlex.org/snapshot/panlex-20191001-csv/2899#111113541>				<https://panlex.org/snapshot/panlex-20191001-csv/2899#111113550>		"camiye"@kiu	
"Möxämmät"@ba	<https://panlex.org/snapshot/panlex-20191001-csv/2899#111113465>				<https://panlex.org/snapshot/panlex-20191001-csv/2899#111113443>		"Mıhemmed"@kiu	
"Библия"@ba	<https://panlex.org/snapshot/panlex-20191001-csv/2899#111112538>				<https://panlex.org/snapshot/panlex-20191001-csv/2899#111112504>		"İncile"@kiu	
"Мөхәммәт"@ba	<https://panlex.org/snapshot/panlex-20191001-csv/2899#111113357>				<https://panlex.org/snapshot/panlex-20191001-csv/2899#111113443>		"Mıhemmed"@kiu	
"Иудаизм"@ba	<https://panlex.org/snapshot/panlex-20191001-csv/2899#111111476>				<https://panlex.org/snapshot/panlex-20191001-csv/2899#111111516>		"Cıhudine"@kiu	
"Ķör’än"@ba	<https://panlex.org/snapshot/panlex-20191001-csv/2899#111113274>				<https://panlex.org/snapshot/panlex-20191001-csv/2899#111113206>		"Qurane"@kiu	
"Yähüd"@ba	<https://panlex.org/snapshot/panlex-20191001-csv/2899#111111653>				<https://panlex.org/snapshot/panlex-20191001-csv/2899#111111714>		"Yahudi"@kiu	
"Yähüd"@ba	<https://panlex.org/snapshot/panlex-20191001-csv/2899#111111653>				<https://panlex.org/snapshot/panlex-20191001-csv/2899#111111669>		"Musewi"@kiu	
"синагога"@ba	<https://panlex.org/snapshot/panlex-20191001-csv/2899#111112121>				<https://panlex.org/snapshot/panlex-20191001-csv/2899#111112143>		"sinagog"@kiu	
"sinagoga"@ba	<https://panlex.org/snapshot/panlex-20191001-csv/2899#111112118>				<https://panlex.org/snapshot/panlex-20191001-csv/2899#111112143>		"sinagog"@kiu	
"Musa"@ba	<https://panlex.org/snapshot/panlex-20191001-csv/2899#111111922>				<https://panlex.org/snapshot/panlex-20191001-csv/2899#111111986>		"Musa"@kiu	
"İsa"@ba	<https://panlex.org/snapshot/panlex-20191001-csv/2899#111112664>				<https://panlex.org/snapshot/panlex-20191001-csv/2899#111112699>		"İsa"@kiu	
"Xristian"@ba	<https://panlex.org/snapshot/panlex-20191001-csv/2899#111112393>				<https://panlex.org/snapshot/panlex-20191001-csv/2899#111112416>		"Xıristiyan"@kiu	
"Иса"@ba	<https://panlex.org/snapshot/panlex-20191001-csv/2899#111112734>				<https://panlex.org/snapshot/panlex-20191001-csv/2899#111112699>		"İsa"@kiu	
"Yähüd dine"@ba	<https://panlex.org/snapshot/panlex-20191001-csv/2899#111111592>				<https://panlex.org/snapshot/panlex-20191001-csv/2899#111111516>		"Cıhudine"@kiu	
"mäset"@ba	<https://panlex.org/snapshot/panlex-20191001-csv/2899#111113591>				<https://panlex.org/snapshot/panlex-20191001-csv/2899#111113550>		"camiye"@kiu	
"Муса"@ba	<https://panlex.org/snapshot/panlex-20191001-csv/2899#111111935>				<https://panlex.org/snapshot/panlex-20191001-csv/2899#111111986>		"Musa"@kiu	
"Христианлыҡ"@ba	<https://panlex.org/snapshot/panlex-20191001-csv/2899#111112172>				<https://panlex.org/snapshot/panlex-20191001-csv/2899#111112238>		"Xıristiyanine"@kiu	
"Mosolman"@ba	<https://panlex.org/snapshot/panlex-20191001-csv/2899#111113087>				<https://panlex.org/snapshot/panlex-20191001-csv/2899#111113066>		"Mıslum"@kiu	
"Ғайса"@ba	<https://panlex.org/snapshot/panlex-20191001-csv/2899#111112712>				<https://panlex.org/snapshot/panlex-20191001-csv/2899#111112699>		"İsa"@kiu	
"İslam"@ba	<https://panlex.org/snapshot/panlex-20191001-csv/2899#111113022>				<https://panlex.org/snapshot/panlex-20191001-csv/2899#111113000>		"İslam"@kiu	
