"Barbad"@dyo	<https://panlex.org/snapshot/panlex-20191001-csv/6898#113620460>				<https://panlex.org/snapshot/panlex-20191001-csv/6898#113620445>		"baabaadǝ"@ksf	
"Slovaki"@dyo	<https://panlex.org/snapshot/panlex-20191001-csv/6898#113614386>				<https://panlex.org/snapshot/panlex-20191001-csv/6898#113614548>		"slovakí"@ksf	
"Jibuti"@dyo	<https://panlex.org/snapshot/panlex-20191001-csv/6898#113585689>				<https://panlex.org/snapshot/panlex-20191001-csv/6898#113585801>		"dyibutí"@ksf	
"Endonesi"@dyo	<https://panlex.org/snapshot/panlex-20191001-csv/6898#113633519>				<https://panlex.org/snapshot/panlex-20191001-csv/6898#113633465>		"indonɛsí"@ksf	
"Armeni"@dyo	<https://panlex.org/snapshot/panlex-20191001-csv/6898#113596621>				<https://panlex.org/snapshot/panlex-20191001-csv/6898#113596652>		"armɛní"@ksf	
"Salvadoor"@dyo	<https://panlex.org/snapshot/panlex-20191001-csv/6898#113600650>				<https://panlex.org/snapshot/panlex-20191001-csv/6898#113600711>		"salvadɔr"@ksf	
"Madagaskaar"@dyo	<https://panlex.org/snapshot/panlex-20191001-csv/6898#113589957>				<https://panlex.org/snapshot/panlex-20191001-csv/6898#113589920>		"madagaska"@ksf	
"Estoni"@dyo	<https://panlex.org/snapshot/panlex-20191001-csv/6898#113601424>				<https://panlex.org/snapshot/panlex-20191001-csv/6898#113601373>		"ɛstoní"@ksf	
"End"@dyo	<https://panlex.org/snapshot/panlex-20191001-csv/6898#113616993>				<https://panlex.org/snapshot/panlex-20191001-csv/6898#113616943>		"indí"@ksf	
"Abari Saudi"@dyo	<https://panlex.org/snapshot/panlex-20191001-csv/6898#113583439>				<https://panlex.org/snapshot/panlex-20191001-csv/6898#113583479>		"arabí saodí"@ksf	
"Cili"@dyo	<https://panlex.org/snapshot/panlex-20191001-csv/6898#113624907>				<https://panlex.org/snapshot/panlex-20191001-csv/6898#113624892>		"cíli"@ksf	
"Keniya"@dyo	<https://panlex.org/snapshot/panlex-20191001-csv/6898#113594061>				<https://panlex.org/snapshot/panlex-20191001-csv/6898#113594060>		"kɛnya"@ksf	
"Finland"@dyo	<https://panlex.org/snapshot/panlex-20191001-csv/6898#113641504>				<https://panlex.org/snapshot/panlex-20191001-csv/6898#113641619>		"fínlan"@ksf	
"Belarus"@dyo	<https://panlex.org/snapshot/panlex-20191001-csv/6898#113592210>				<https://panlex.org/snapshot/panlex-20191001-csv/6898#113592196>		"bɛlaris"@ksf	
"Espaañ"@dyo	<https://panlex.org/snapshot/panlex-20191001-csv/6898#113594610>				<https://panlex.org/snapshot/panlex-20191001-csv/6898#113594537>		"kpanyá"@ksf	
"Seorsi"@dyo	<https://panlex.org/snapshot/panlex-20191001-csv/6898#113635229>				<https://panlex.org/snapshot/panlex-20191001-csv/6898#113635183>		"jɔrjí"@ksf	
"Iran"@dyo	<https://panlex.org/snapshot/panlex-20191001-csv/6898#113626087>				<https://panlex.org/snapshot/panlex-20191001-csv/6898#113626084>		"iráŋ"@ksf	
"Giné"@dyo	<https://panlex.org/snapshot/panlex-20191001-csv/6898#113617847>				<https://panlex.org/snapshot/panlex-20191001-csv/6898#113617814>		"ginɛ́"@ksf	
"Aserbaysan"@dyo	<https://panlex.org/snapshot/panlex-20191001-csv/6898#113619319>				<https://panlex.org/snapshot/panlex-20191001-csv/6898#113619413>		"azabecán"@ksf	
"Afganistan"@dyo	<https://panlex.org/snapshot/panlex-20191001-csv/6898#113604798>				<https://panlex.org/snapshot/panlex-20191001-csv/6898#113604803>		"afganistáŋ"@ksf	
"Saŋ Lusia"@dyo	<https://panlex.org/snapshot/panlex-20191001-csv/6898#113621898>				<https://panlex.org/snapshot/panlex-20191001-csv/6898#113621911>		"sɛntlísí"@ksf	
"Kamerun"@dyo	<https://panlex.org/snapshot/panlex-20191001-csv/6898#113638974>				<https://panlex.org/snapshot/panlex-20191001-csv/6898#113638975>		"kamɛrún"@ksf	
"Tailand"@dyo	<https://panlex.org/snapshot/panlex-20191001-csv/6898#113603721>				<https://panlex.org/snapshot/panlex-20191001-csv/6898#113603705>		"tɛlan"@ksf	
"Boliivi"@dyo	<https://panlex.org/snapshot/panlex-20191001-csv/6898#113609711>				<https://panlex.org/snapshot/panlex-20191001-csv/6898#113609597>		"bɔɔlíví"@ksf	
"Boswana"@dyo	<https://panlex.org/snapshot/panlex-20191001-csv/6898#113595390>				<https://panlex.org/snapshot/panlex-20191001-csv/6898#113595464>		"botswana"@ksf	
"Singapur"@dyo	<https://panlex.org/snapshot/panlex-20191001-csv/6898#113604972>				<https://panlex.org/snapshot/panlex-20191001-csv/6898#113605028>		"siŋapó"@ksf	
"Ecinkey yati Noorfok"@dyo	<https://panlex.org/snapshot/panlex-20191001-csv/6898#113642426>				<https://panlex.org/snapshot/panlex-20191001-csv/6898#113642408>		"zɛ nɔ́fɔlk"@ksf	
"Guam"@dyo	<https://panlex.org/snapshot/panlex-20191001-csv/6898#113630767>				<https://panlex.org/snapshot/panlex-20191001-csv/6898#113630775>		"gwám"@ksf	
"Koddiwar"@dyo	<https://panlex.org/snapshot/panlex-20191001-csv/6898#113640524>				<https://panlex.org/snapshot/panlex-20191001-csv/6898#113640401>		"kɔtiwuár"@ksf	
"Oŋri"@dyo	<https://panlex.org/snapshot/panlex-20191001-csv/6898#113625031>				<https://panlex.org/snapshot/panlex-20191001-csv/6898#113624971>		"ɔngrí"@ksf	
"Siipr"@dyo	<https://panlex.org/snapshot/panlex-20191001-csv/6898#113631702>				<https://panlex.org/snapshot/panlex-20191001-csv/6898#113631878>		"cíprɛ"@ksf	
"Bresil"@dyo	<https://panlex.org/snapshot/panlex-20191001-csv/6898#113645397>				<https://panlex.org/snapshot/panlex-20191001-csv/6898#113645269>		"brɛsíl"@ksf	
"Kosta Rika"@dyo	<https://panlex.org/snapshot/panlex-20191001-csv/6898#113598498>				<https://panlex.org/snapshot/panlex-20191001-csv/6898#113598435>		"kɔstaríka"@ksf	
