"кӧрі́ндес"@kjh	<https://panlex.org/snapshot/panlex-20191001-csv/5946#84446227>				<https://panlex.org/snapshot/panlex-20191001-csv/5946#84446163>		"glědałcycko"@dsb	
"кӧрі́ндес"@kjh	<https://panlex.org/snapshot/panlex-20191001-csv/5946#84446227>				<https://panlex.org/snapshot/panlex-20191001-csv/5946#84446162>		"glědałko"@dsb	
"Россия"@kjh	<https://panlex.org/snapshot/panlex-20191001-csv/5949#85319506>				<https://panlex.org/snapshot/panlex-20191001-csv/5949#85319437>		"Rusojska"@dsb	
"Кӱн"@kjh	<https://panlex.org/snapshot/panlex-20191001-csv/5949#85320933>				<https://panlex.org/snapshot/panlex-20191001-csv/5949#85320886>		"Słyńco"@dsb	
"Казахстан"@kjh	<https://panlex.org/snapshot/panlex-20191001-csv/5949#85312109>				<https://panlex.org/snapshot/panlex-20191001-csv/5949#85312067>		"Kazachstan"@dsb	
"август"@kjh	<https://panlex.org/snapshot/panlex-20191001-csv/5949#85329395>				<https://panlex.org/snapshot/panlex-20191001-csv/5949#85329320>		"awgust"@dsb	
"август"@kjh	<https://panlex.org/snapshot/panlex-20191001-csv/5949#85329395>				<https://panlex.org/snapshot/panlex-20191001-csv/5949#85329321>		"jacmjeński"@dsb	
"Севернай полюс"@kjh	<https://panlex.org/snapshot/panlex-20191001-csv/2910#110854666>				<https://panlex.org/snapshot/panlex-20191001-csv/2910#110854616>		"Pódpołnocny pol"@dsb	
"Экватор"@kjh	<https://panlex.org/snapshot/panlex-20191001-csv/2910#110855034>				<https://panlex.org/snapshot/panlex-20191001-csv/2910#110855120>		"Ekwator"@dsb	
"Южнай полюс"@kjh	<https://panlex.org/snapshot/panlex-20191001-csv/2910#110855609>				<https://panlex.org/snapshot/panlex-20191001-csv/2910#110855570>		"Pódpołdnjowy pol"@dsb	
"Сарығ талай"@kjh	<https://panlex.org/snapshot/panlex-20191001-csv/2905#110871468>				<https://panlex.org/snapshot/panlex-20191001-csv/2905#110871596>		"Žołte mórjo"@dsb	
"Каспийскай талай"@kjh	<https://panlex.org/snapshot/panlex-20191001-csv/2905#110869732>				<https://panlex.org/snapshot/panlex-20191001-csv/2905#110869575>		"Kaspiske mórjo"@dsb	
"Хара талай"@kjh	<https://panlex.org/snapshot/panlex-20191001-csv/2905#110869116>				<https://panlex.org/snapshot/panlex-20191001-csv/2905#110869003>		"Carne mórjo"@dsb	
"Карибскай талай"@kjh	<https://panlex.org/snapshot/panlex-20191001-csv/2905#110869441>				<https://panlex.org/snapshot/panlex-20191001-csv/2905#110869501>		"Karibiske mórjo"@dsb	
"Хызыл талай"@kjh	<https://panlex.org/snapshot/panlex-20191001-csv/2905#110871076>				<https://panlex.org/snapshot/panlex-20191001-csv/2905#110871103>		"Cerwjene mórjo"@dsb	
"Ӧліг талай"@kjh	<https://panlex.org/snapshot/panlex-20191001-csv/2905#110870024>				<https://panlex.org/snapshot/panlex-20191001-csv/2905#110870039>		"Njaboge mórjo"@dsb	
"Балтийскай талай"@kjh	<https://panlex.org/snapshot/panlex-20191001-csv/2905#110868839>				<https://panlex.org/snapshot/panlex-20191001-csv/2905#110868834>		"Pódzajtšne mórjo"@dsb	
"Балтийскай талай"@kjh	<https://panlex.org/snapshot/panlex-20191001-csv/2905#110868839>				<https://panlex.org/snapshot/panlex-20191001-csv/2905#110868736>		"Baltiske mórjo"@dsb	
"Средиземнай талай"@kjh	<https://panlex.org/snapshot/panlex-20191001-csv/2905#110870304>				<https://panlex.org/snapshot/panlex-20191001-csv/2905#110870488>		"Srjejźne mórjo"@dsb	
"Ах талай"@kjh	<https://panlex.org/snapshot/panlex-20191001-csv/2905#110871407>				<https://panlex.org/snapshot/panlex-20191001-csv/2905#110871282>		"Běłe mórjo"@dsb	
"Севернай талай"@kjh	<https://panlex.org/snapshot/panlex-20191001-csv/2905#110870697>				<https://panlex.org/snapshot/panlex-20191001-csv/2905#110870519>		"Pódpołnocne mórjo"@dsb	
"Марс"@kjh	<https://panlex.org/snapshot/panlex-20191001-csv/2907#110846101>				<https://panlex.org/snapshot/panlex-20191001-csv/2907#110845963>		"Mars"@dsb	
"Кӱн"@kjh	<https://panlex.org/snapshot/panlex-20191001-csv/2907#110844919>				<https://panlex.org/snapshot/panlex-20191001-csv/2907#110845038>		"Słyńco"@dsb	
"Церера"@kjh	<https://panlex.org/snapshot/panlex-20191001-csv/2907#110846239>				<https://panlex.org/snapshot/panlex-20191001-csv/2907#110846247>		"Ceres"@dsb	
"Венера"@kjh	<https://panlex.org/snapshot/panlex-20191001-csv/2907#110845354>				<https://panlex.org/snapshot/panlex-20191001-csv/2907#110845458>		"Wenus"@dsb	
"Венера"@kjh	<https://panlex.org/snapshot/panlex-20191001-csv/2907#110845354>				<https://panlex.org/snapshot/panlex-20191001-csv/2907#110845371>		"Zernicka"@dsb	
"Уран"@kjh	<https://panlex.org/snapshot/panlex-20191001-csv/2907#110846823>				<https://panlex.org/snapshot/panlex-20191001-csv/2907#110846833>		"Uranus"@dsb	
"Макемаке"@kjh	<https://panlex.org/snapshot/panlex-20191001-csv/2907#110847602>				<https://panlex.org/snapshot/panlex-20191001-csv/2907#110847598>		"Makemake"@dsb	
"Чир"@kjh	<https://panlex.org/snapshot/panlex-20191001-csv/2907#110845558>				<https://panlex.org/snapshot/panlex-20191001-csv/2907#110845711>		"Zemja"@dsb	
"Меркурий"@kjh	<https://panlex.org/snapshot/panlex-20191001-csv/2907#110845111>				<https://panlex.org/snapshot/panlex-20191001-csv/2907#110845173>		"Merkur"@dsb	
"Меркурий"@kjh	<https://panlex.org/snapshot/panlex-20191001-csv/2907#110845111>				<https://panlex.org/snapshot/panlex-20191001-csv/2907#110845218>		"Slobranicka"@dsb	
"Ай"@kjh	<https://panlex.org/snapshot/panlex-20191001-csv/2907#110845800>				<https://panlex.org/snapshot/panlex-20191001-csv/2907#110845831>		"Mjasec"@dsb	
"Хаумеа"@kjh	<https://panlex.org/snapshot/panlex-20191001-csv/2907#110847565>				<https://panlex.org/snapshot/panlex-20191001-csv/2907#110847513>		"Haumea"@dsb	
"Эрида"@kjh	<https://panlex.org/snapshot/panlex-20191001-csv/2907#110847948>				<https://panlex.org/snapshot/panlex-20191001-csv/2907#110847970>		"Eris"@dsb	
"Юпитер"@kjh	<https://panlex.org/snapshot/panlex-20191001-csv/2907#110846509>				<https://panlex.org/snapshot/panlex-20191001-csv/2907#110846354>		"Jupiter"@dsb	
"Нептун"@kjh	<https://panlex.org/snapshot/panlex-20191001-csv/2907#110847095>				<https://panlex.org/snapshot/panlex-20191001-csv/2907#110847073>		"Neptun"@dsb	
"Плутон"@kjh	<https://panlex.org/snapshot/panlex-20191001-csv/2907#110847243>				<https://panlex.org/snapshot/panlex-20191001-csv/2907#110847286>		"Pluto"@dsb	
"Сатурн"@kjh	<https://panlex.org/snapshot/panlex-20191001-csv/2907#110846746>				<https://panlex.org/snapshot/panlex-20191001-csv/2907#110846705>		"Pódwobrycka"@dsb	
"Сатурн"@kjh	<https://panlex.org/snapshot/panlex-20191001-csv/2907#110846746>				<https://panlex.org/snapshot/panlex-20191001-csv/2907#110846572>		"Saturn"@dsb	
"Южнай океан"@kjh	<https://panlex.org/snapshot/panlex-20191001-csv/2901#110868221>				<https://panlex.org/snapshot/panlex-20191001-csv/2901#110868416>		"Pódpołdnjowy ocean"@dsb	
"Севернай Ледовитай океан"@kjh	<https://panlex.org/snapshot/panlex-20191001-csv/2901#110867311>				<https://panlex.org/snapshot/panlex-20191001-csv/2901#110867340>		"Pódpołnocne polarne mórjo"@dsb	
"Тихай океан"@kjh	<https://panlex.org/snapshot/panlex-20191001-csv/2901#110867958>				<https://panlex.org/snapshot/panlex-20191001-csv/2901#110867996>		"Pacifiski ocean"@dsb	
"Тихай океан"@kjh	<https://panlex.org/snapshot/panlex-20191001-csv/2901#110867958>				<https://panlex.org/snapshot/panlex-20191001-csv/2901#110868091>		"Pacifik"@dsb	
"Атлантическай океан"@kjh	<https://panlex.org/snapshot/panlex-20191001-csv/2901#110867585>				<https://panlex.org/snapshot/panlex-20191001-csv/2901#110867526>		"Atlantiski ocean"@dsb	
"Атлантическай океан"@kjh	<https://panlex.org/snapshot/panlex-20191001-csv/2901#110867585>				<https://panlex.org/snapshot/panlex-20191001-csv/2901#110867606>		"Atlantik"@dsb	
"Индийскай океан"@kjh	<https://panlex.org/snapshot/panlex-20191001-csv/2901#110867641>				<https://panlex.org/snapshot/panlex-20191001-csv/2901#110867837>		"Indiski ocean"@dsb	
"Кіреске тӱзірӌең Иоанн"@kjh	<https://panlex.org/snapshot/panlex-20191001-csv/2906#111020431>				<https://panlex.org/snapshot/panlex-20191001-csv/2906#111020507>		"Jan dupjaŕ"@dsb	
"нымырха"@kjh	<https://panlex.org/snapshot/panlex-20191001-csv/3776#91595514>				<https://panlex.org/snapshot/panlex-20191001-csv/3776#91595479>		"jajo"@dsb	
"пус"@kjh	<https://panlex.org/snapshot/panlex-20191001-csv/3776#91607910>				<https://panlex.org/snapshot/panlex-20191001-csv/3776#91607869>		"lod"@dsb	
"теер"@kjh	<https://panlex.org/snapshot/panlex-20191001-csv/3776#91603212>				<https://panlex.org/snapshot/panlex-20191001-csv/3776#91603168>		"kóža"@dsb	
"город"@kjh	<https://panlex.org/snapshot/panlex-20191001-csv/3776#91585517>				<https://panlex.org/snapshot/panlex-20191001-csv/3776#91585473>		"město"@dsb	
"ағас"@kjh	<https://panlex.org/snapshot/panlex-20191001-csv/3776#91637707>				<https://panlex.org/snapshot/panlex-20191001-csv/3776#91637654>		"bom"@dsb	
"тӱн"@kjh	<https://panlex.org/snapshot/panlex-20191001-csv/3776#91653421>				<https://panlex.org/snapshot/panlex-20191001-csv/3776#91653376>		"noc"@dsb	
"от"@kjh	<https://panlex.org/snapshot/panlex-20191001-csv/3776#91600283>				<https://panlex.org/snapshot/panlex-20191001-csv/3776#91600237>		"wogeń"@dsb	
"цинк"@kjh	<https://panlex.org/snapshot/panlex-20191001-csv/2893#110993464>				<https://panlex.org/snapshot/panlex-20191001-csv/2893#110993526>		"cynk"@dsb	
"сера"@kjh	<https://panlex.org/snapshot/panlex-20191001-csv/2893#110991974>				<https://panlex.org/snapshot/panlex-20191001-csv/2893#110991999>		"šwabel"@dsb	
"сера"@kjh	<https://panlex.org/snapshot/panlex-20191001-csv/2893#110991974>				<https://panlex.org/snapshot/panlex-20191001-csv/2893#110991876>		"syrik"@dsb	
"кальций"@kjh	<https://panlex.org/snapshot/panlex-20191001-csv/2893#110992408>				<https://panlex.org/snapshot/panlex-20191001-csv/2893#110992463>		"kalcium"@dsb	
"хлор"@kjh	<https://panlex.org/snapshot/panlex-20191001-csv/2893#110992157>				<https://panlex.org/snapshot/panlex-20191001-csv/2893#110992063>		"chlor"@dsb	
"хара хорғамӌыл"@kjh	<https://panlex.org/snapshot/panlex-20191001-csv/2893#110995586>				<https://panlex.org/snapshot/panlex-20191001-csv/2893#110995642>		"wołoj"@dsb	
"фтор"@kjh	<https://panlex.org/snapshot/panlex-20191001-csv/2893#110990543>				<https://panlex.org/snapshot/panlex-20191001-csv/2893#110990501>		"fluor"@dsb	
"алюминий"@kjh	<https://panlex.org/snapshot/panlex-20191001-csv/2893#110991406>				<https://panlex.org/snapshot/panlex-20191001-csv/2893#110991318>		"aluminium"@dsb	
"калий"@kjh	<https://panlex.org/snapshot/panlex-20191001-csv/2893#110992246>				<https://panlex.org/snapshot/panlex-20191001-csv/2893#110992370>		"kalium"@dsb	
"бор"@kjh	<https://panlex.org/snapshot/panlex-20191001-csv/2893#110989752>				<https://panlex.org/snapshot/panlex-20191001-csv/2893#110989677>		"bor"@dsb	
"азот"@kjh	<https://panlex.org/snapshot/panlex-20191001-csv/2893#110990199>				<https://panlex.org/snapshot/panlex-20191001-csv/2893#110990250>		"dušyk"@dsb	
"гелий"@kjh	<https://panlex.org/snapshot/panlex-20191001-csv/2893#110989627>				<https://panlex.org/snapshot/panlex-20191001-csv/2893#110989579>		"helium"@dsb	
"ртуть"@kjh	<https://panlex.org/snapshot/panlex-20191001-csv/2893#110995552>				<https://panlex.org/snapshot/panlex-20191001-csv/2893#110995392>		"žywe slobro"@dsb	
"ах хорғамӌыл"@kjh	<https://panlex.org/snapshot/panlex-20191001-csv/2893#110994223>				<https://panlex.org/snapshot/panlex-20191001-csv/2893#110994325>		"cen"@dsb	
"алтын"@kjh	<https://panlex.org/snapshot/panlex-20191001-csv/2893#110995244>				<https://panlex.org/snapshot/panlex-20191001-csv/2893#110995296>		"złoto"@dsb	
"водород"@kjh	<https://panlex.org/snapshot/panlex-20191001-csv/2893#110989350>				<https://panlex.org/snapshot/panlex-20191001-csv/2893#110989339>		"wóźik"@dsb	
"магний"@kjh	<https://panlex.org/snapshot/panlex-20191001-csv/2893#110991187>				<https://panlex.org/snapshot/panlex-20191001-csv/2893#110991172>		"magnezium"@dsb	
"вольфрам"@kjh	<https://panlex.org/snapshot/panlex-20191001-csv/2893#110994846>				<https://panlex.org/snapshot/panlex-20191001-csv/2893#110994859>		"wolfram"@dsb	
"кобальт"@kjh	<https://panlex.org/snapshot/panlex-20191001-csv/2893#110992813>				<https://panlex.org/snapshot/panlex-20191001-csv/2893#110992816>		"kobalt"@dsb	
"сурьма"@kjh	<https://panlex.org/snapshot/panlex-20191001-csv/2893#110994455>				<https://panlex.org/snapshot/panlex-20191001-csv/2893#110994564>		"antimon"@dsb	
"мышьяк"@kjh	<https://panlex.org/snapshot/panlex-20191001-csv/2893#110993598>				<https://panlex.org/snapshot/panlex-20191001-csv/2893#110993657>		"arsen"@dsb	
"неон"@kjh	<https://panlex.org/snapshot/panlex-20191001-csv/2893#110990715>				<https://panlex.org/snapshot/panlex-20191001-csv/2893#110990672>		"neon"@dsb	
"бром"@kjh	<https://panlex.org/snapshot/panlex-20191001-csv/2893#110993816>				<https://panlex.org/snapshot/panlex-20191001-csv/2893#110993823>		"brom"@dsb	
"платина"@kjh	<https://panlex.org/snapshot/panlex-20191001-csv/2893#110995001>				<https://panlex.org/snapshot/panlex-20191001-csv/2893#110995106>		"platin"@dsb	
"тимір"@kjh	<https://panlex.org/snapshot/panlex-20191001-csv/2893#110992709>				<https://panlex.org/snapshot/panlex-20191001-csv/2893#110992762>		"zelezo"@dsb	
"углерод"@kjh	<https://panlex.org/snapshot/panlex-20191001-csv/2893#110989885>				<https://panlex.org/snapshot/panlex-20191001-csv/2893#110989900>		"wuglik"@dsb	
"кислород"@kjh	<https://panlex.org/snapshot/panlex-20191001-csv/2893#110990475>				<https://panlex.org/snapshot/panlex-20191001-csv/2893#110990398>		"kislik"@dsb	
"кремний"@kjh	<https://panlex.org/snapshot/panlex-20191001-csv/2893#110991508>				<https://panlex.org/snapshot/panlex-20191001-csv/2893#110991513>		"silicium"@dsb	
"фосфор"@kjh	<https://panlex.org/snapshot/panlex-20191001-csv/2893#110991642>				<https://panlex.org/snapshot/panlex-20191001-csv/2893#110991688>		"fosfor"@dsb	
"йод"@kjh	<https://panlex.org/snapshot/panlex-20191001-csv/2893#110994692>				<https://panlex.org/snapshot/panlex-20191001-csv/2893#110994632>		"jod"@dsb	
"натрий"@kjh	<https://panlex.org/snapshot/panlex-20191001-csv/2893#110990982>				<https://panlex.org/snapshot/panlex-20191001-csv/2893#110990979>		"natrium"@dsb	
"никель"@kjh	<https://panlex.org/snapshot/panlex-20191001-csv/2893#110993059>				<https://panlex.org/snapshot/panlex-20191001-csv/2893#110993111>		"nikel"@dsb	
"кӱмӱс"@kjh	<https://panlex.org/snapshot/panlex-20191001-csv/2893#110994037>				<https://panlex.org/snapshot/panlex-20191001-csv/2893#110994059>		"slobro"@dsb	
"чис"@kjh	<https://panlex.org/snapshot/panlex-20191001-csv/2893#110993196>				<https://panlex.org/snapshot/panlex-20191001-csv/2893#110993251>		"kupor"@dsb	
"уран"@kjh	<https://panlex.org/snapshot/panlex-20191001-csv/2893#110995916>				<https://panlex.org/snapshot/panlex-20191001-csv/2893#110995788>		"uran"@dsb	
"Хызыл Хрест"@kjh	<https://panlex.org/snapshot/panlex-20191001-csv/2894#111101604>				<https://panlex.org/snapshot/panlex-20191001-csv/2894#111101527>		"Cerwjena kśica"@dsb	
"Хызыл Чамдых ай"@kjh	<https://panlex.org/snapshot/panlex-20191001-csv/2894#111101773>				<https://panlex.org/snapshot/panlex-20191001-csv/2894#111101798>		"Cerwjeny połmjasec"@dsb	
"пятница"@kjh	<https://panlex.org/snapshot/panlex-20191001-csv/2892#110825750>				<https://panlex.org/snapshot/panlex-20191001-csv/2892#110825782>		"pětk"@dsb	
"среда"@kjh	<https://panlex.org/snapshot/panlex-20191001-csv/2892#110825209>				<https://panlex.org/snapshot/panlex-20191001-csv/2892#110825187>		"srjoda"@dsb	
"понедельник"@kjh	<https://panlex.org/snapshot/panlex-20191001-csv/2892#110824211>				<https://panlex.org/snapshot/panlex-20191001-csv/2892#110824088>		"pónjeźele"@dsb	
"четверг"@kjh	<https://panlex.org/snapshot/panlex-20191001-csv/2892#110825318>				<https://panlex.org/snapshot/panlex-20191001-csv/2892#110825473>		"stwórtk"@dsb	
"суббота"@kjh	<https://panlex.org/snapshot/panlex-20191001-csv/2892#110826359>				<https://panlex.org/snapshot/panlex-20191001-csv/2892#110826134>		"sobota"@dsb	
"позырах"@kjh	<https://panlex.org/snapshot/panlex-20191001-csv/2892#110826836>				<https://panlex.org/snapshot/panlex-20191001-csv/2892#110826977>		"njeźela"@dsb	
"вторник"@kjh	<https://panlex.org/snapshot/panlex-20191001-csv/2892#110824733>				<https://panlex.org/snapshot/panlex-20191001-csv/2892#110824437>		"wałtora"@dsb	
"апрель"@kjh	<https://panlex.org/snapshot/panlex-20191001-csv/2897#110828322>				<https://panlex.org/snapshot/panlex-20191001-csv/2897#110828486>		"apryl"@dsb	
"апрель"@kjh	<https://panlex.org/snapshot/panlex-20191001-csv/2897#110828322>				<https://panlex.org/snapshot/panlex-20191001-csv/2897#110828477>		"jatšownik"@dsb	
"апрель"@kjh	<https://panlex.org/snapshot/panlex-20191001-csv/2897#110828322>				<https://panlex.org/snapshot/panlex-20191001-csv/2897#110828444>		"nalětny"@dsb	
"ноябрь"@kjh	<https://panlex.org/snapshot/panlex-20191001-csv/2897#110831399>				<https://panlex.org/snapshot/panlex-20191001-csv/2897#110831301>		"nowember"@dsb	
"ноябрь"@kjh	<https://panlex.org/snapshot/panlex-20191001-csv/2897#110831399>				<https://panlex.org/snapshot/panlex-20191001-csv/2897#110831324>		"młośny"@dsb	
"сентябрь"@kjh	<https://panlex.org/snapshot/panlex-20191001-csv/2897#110830368>				<https://panlex.org/snapshot/panlex-20191001-csv/2897#110830326>		"požnjenc"@dsb	
"сентябрь"@kjh	<https://panlex.org/snapshot/panlex-20191001-csv/2897#110830368>				<https://panlex.org/snapshot/panlex-20191001-csv/2897#110830612>		"september"@dsb	
"май"@kjh	<https://panlex.org/snapshot/panlex-20191001-csv/2897#110828793>				<https://panlex.org/snapshot/panlex-20191001-csv/2897#110828966>		"rozhelony"@dsb	
"май"@kjh	<https://panlex.org/snapshot/panlex-20191001-csv/2897#110828793>				<https://panlex.org/snapshot/panlex-20191001-csv/2897#110828920>		"maj"@dsb	
"июнь"@kjh	<https://panlex.org/snapshot/panlex-20191001-csv/2897#110829187>				<https://panlex.org/snapshot/panlex-20191001-csv/2897#110829414>		"junij"@dsb	
"июнь"@kjh	<https://panlex.org/snapshot/panlex-20191001-csv/2897#110829187>				<https://panlex.org/snapshot/panlex-20191001-csv/2897#110829407>		"smažki"@dsb	
"декабрь"@kjh	<https://panlex.org/snapshot/panlex-20191001-csv/2897#110831663>				<https://panlex.org/snapshot/panlex-20191001-csv/2897#110831758>		"december"@dsb	
"декабрь"@kjh	<https://panlex.org/snapshot/panlex-20191001-csv/2897#110831663>				<https://panlex.org/snapshot/panlex-20191001-csv/2897#110831850>		"zymski"@dsb	
"август"@kjh	<https://panlex.org/snapshot/panlex-20191001-csv/2897#110830177>				<https://panlex.org/snapshot/panlex-20191001-csv/2897#110830141>		"awgust"@dsb	
"август"@kjh	<https://panlex.org/snapshot/panlex-20191001-csv/2897#110830177>				<https://panlex.org/snapshot/panlex-20191001-csv/2897#110829975>		"jacmjeński"@dsb	
"июль"@kjh	<https://panlex.org/snapshot/panlex-20191001-csv/2897#110829824>				<https://panlex.org/snapshot/panlex-20191001-csv/2897#110829503>		"julij"@dsb	
"июль"@kjh	<https://panlex.org/snapshot/panlex-20191001-csv/2897#110829824>				<https://panlex.org/snapshot/panlex-20191001-csv/2897#110829525>		"žnjojski"@dsb	
"февраль"@kjh	<https://panlex.org/snapshot/panlex-20191001-csv/2897#110827655>				<https://panlex.org/snapshot/panlex-20191001-csv/2897#110827782>		"februar"@dsb	
"февраль"@kjh	<https://panlex.org/snapshot/panlex-20191001-csv/2897#110827655>				<https://panlex.org/snapshot/panlex-20191001-csv/2897#110827550>		"swěckowny"@dsb	
"март"@kjh	<https://panlex.org/snapshot/panlex-20191001-csv/2897#110827954>				<https://panlex.org/snapshot/panlex-20191001-csv/2897#110828220>		"měrc"@dsb	
"март"@kjh	<https://panlex.org/snapshot/panlex-20191001-csv/2897#110827954>				<https://panlex.org/snapshot/panlex-20191001-csv/2897#110827998>		"pózymski"@dsb	
"октябрь"@kjh	<https://panlex.org/snapshot/panlex-20191001-csv/2897#110830871>				<https://panlex.org/snapshot/panlex-20191001-csv/2897#110830895>		"oktober"@dsb	
"октябрь"@kjh	<https://panlex.org/snapshot/panlex-20191001-csv/2897#110830871>				<https://panlex.org/snapshot/panlex-20191001-csv/2897#110830900>		"winowc"@dsb	
"октябрь"@kjh	<https://panlex.org/snapshot/panlex-20191001-csv/2897#110830871>				<https://panlex.org/snapshot/panlex-20191001-csv/2897#110830785>		"winski"@dsb	
"январь"@kjh	<https://panlex.org/snapshot/panlex-20191001-csv/2897#110827097>				<https://panlex.org/snapshot/panlex-20191001-csv/2897#110827180>		"januar"@dsb	
"январь"@kjh	<https://panlex.org/snapshot/panlex-20191001-csv/2897#110827097>				<https://panlex.org/snapshot/panlex-20191001-csv/2897#110827091>		"wezymski"@dsb	
"Азия"@kjh	<https://panlex.org/snapshot/panlex-20191001-csv/2891#110854009>				<https://panlex.org/snapshot/panlex-20191001-csv/2891#110853929>		"Azija"@dsb	
"Африка"@kjh	<https://panlex.org/snapshot/panlex-20191001-csv/2891#110853131>				<https://panlex.org/snapshot/panlex-20191001-csv/2891#110853217>		"Afrika"@dsb	
"Океания"@kjh	<https://panlex.org/snapshot/panlex-20191001-csv/2891#110854430>				<https://panlex.org/snapshot/panlex-20191001-csv/2891#110854500>		"Oceaniska"@dsb	
"Антарктида"@kjh	<https://panlex.org/snapshot/panlex-20191001-csv/2891#110853717>				<https://panlex.org/snapshot/panlex-20191001-csv/2891#110853613>		"Antarktis"@dsb	
"Америка"@kjh	<https://panlex.org/snapshot/panlex-20191001-csv/2891#110853260>				<https://panlex.org/snapshot/panlex-20191001-csv/2891#110853358>		"Amerika"@dsb	
"Европа"@kjh	<https://panlex.org/snapshot/panlex-20191001-csv/2891#110854095>				<https://panlex.org/snapshot/panlex-20191001-csv/2891#110854068>		"Europa"@dsb	
