"vie mbasa"@vnk	<https://panlex.org/snapshot/panlex-20191001-csv/114#8064992>				<https://panlex.org/snapshot/panlex-20191001-csv/114#8064964>		"louʔulu"@to	
"amwale"@vnk	<https://panlex.org/snapshot/panlex-20191001-csv/114#8063357>				<https://panlex.org/snapshot/panlex-20191001-csv/114#8063330>		"toto"@to	
"walua"@vnk	<https://panlex.org/snapshot/panlex-20191001-csv/114#8064442>				<https://panlex.org/snapshot/panlex-20191001-csv/114#8064412>		"kia"@to	
"lale"@vnk	<https://panlex.org/snapshot/panlex-20191001-csv/114#8059763>				<https://panlex.org/snapshot/panlex-20191001-csv/114#8059742>		"ŋākau"@to	
"opiene"@vnk	<https://panlex.org/snapshot/panlex-20191001-csv/114#8060254>				<https://panlex.org/snapshot/panlex-20191001-csv/114#8060230>		"ʔate"@to	
"ue"@vnk	<https://panlex.org/snapshot/panlex-20191001-csv/114#8067018>				<https://panlex.org/snapshot/panlex-20191001-csv/114#8066988>		"ŋutu"@to	
"wire"@vnk	<https://panlex.org/snapshot/panlex-20191001-csv/114#8060841>				<https://panlex.org/snapshot/panlex-20191001-csv/114#8060809>		"huhu"@to	
"unie"@vnk	<https://panlex.org/snapshot/panlex-20191001-csv/114#8067570>				<https://panlex.org/snapshot/panlex-20191001-csv/114#8067543>		"nifo"@to	
"sa"@vnk	<https://panlex.org/snapshot/panlex-20191001-csv/114#8058792>				<https://panlex.org/snapshot/panlex-20191001-csv/114#8058761>		"kete"@to	
