"vie mbasa"@vnk	<https://panlex.org/snapshot/panlex-20191001-csv/114#8064992>				<https://panlex.org/snapshot/panlex-20191001-csv/114#8064696>		"kamanin"@lbv	
"amwale"@vnk	<https://panlex.org/snapshot/panlex-20191001-csv/114#8063357>				<https://panlex.org/snapshot/panlex-20191001-csv/114#8063070>		"ndaa"@lbv	
"lale"@vnk	<https://panlex.org/snapshot/panlex-20191001-csv/114#8059763>				<https://panlex.org/snapshot/panlex-20191001-csv/114#8059514>		"mbantine"@lbv	
"opiene"@vnk	<https://panlex.org/snapshot/panlex-20191001-csv/114#8060254>				<https://panlex.org/snapshot/panlex-20191001-csv/114#8059991>		"gat"@lbv	
"ue"@vnk	<https://panlex.org/snapshot/panlex-20191001-csv/114#8067018>				<https://panlex.org/snapshot/panlex-20191001-csv/114#8066719>		"ŋusa-"@lbv	
"wire"@vnk	<https://panlex.org/snapshot/panlex-20191001-csv/114#8060841>				<https://panlex.org/snapshot/panlex-20191001-csv/114#8060526>		"susu"@lbv	
"unie"@vnk	<https://panlex.org/snapshot/panlex-20191001-csv/114#8067570>				<https://panlex.org/snapshot/panlex-20191001-csv/114#8067278>		"ŋisa"@lbv	
"sa"@vnk	<https://panlex.org/snapshot/panlex-20191001-csv/114#8058792>				<https://panlex.org/snapshot/panlex-20191001-csv/114#8058477>		"baya"@lbv	
