"Pulunya"@kab	<https://panlex.org/snapshot/panlex-20191001-csv/5947#84607762>				<https://panlex.org/snapshot/panlex-20191001-csv/5947#84607733>		"波蘭"@gan	
"Singapur"@kab	<https://panlex.org/snapshot/panlex-20191001-csv/5949#85320529>				<https://panlex.org/snapshot/panlex-20191001-csv/5949#85320503>		"新加坡"@gan	
"Orcalim"@kab	<https://panlex.org/snapshot/panlex-20191001-csv/5949#85309956>				<https://panlex.org/snapshot/panlex-20191001-csv/5949#85309924>		"耶路撒冷"@gan	
"Jerusalem"@kab	<https://panlex.org/snapshot/panlex-20191001-csv/5949#85309955>				<https://panlex.org/snapshot/panlex-20191001-csv/5949#85309924>		"耶路撒冷"@gan	
"Rrus"@kab	<https://panlex.org/snapshot/panlex-20191001-csv/5949#85319490>				<https://panlex.org/snapshot/panlex-20191001-csv/5949#85319452>		"俄羅斯"@gan	
"Pekin"@kab	<https://panlex.org/snapshot/panlex-20191001-csv/5949#85317998>				<https://panlex.org/snapshot/panlex-20191001-csv/5949#85317975>		"北京"@gan	
"Tturk"@kab	<https://panlex.org/snapshot/panlex-20191001-csv/5949#85322531>				<https://panlex.org/snapshot/panlex-20191001-csv/5949#85322503>		"土耳其"@gan	
"Berlin"@kab	<https://panlex.org/snapshot/panlex-20191001-csv/5949#85302455>				<https://panlex.org/snapshot/panlex-20191001-csv/5949#85302427>		"柏林"@gan	
"adlis"@kab	<https://panlex.org/snapshot/panlex-20191001-csv/5942#83282740>				<https://panlex.org/snapshot/panlex-20191001-csv/5942#83282723>		"書"@gan	
"amezruy"@kab	<https://panlex.org/snapshot/panlex-20191001-csv/5942#83282269>				<https://panlex.org/snapshot/panlex-20191001-csv/5942#83282247>		"歷史"@gan	
"tisṭunit"@kab	<https://panlex.org/snapshot/panlex-20191001-csv/405#13626436>				<https://panlex.org/snapshot/panlex-20191001-csv/405#13626381>		"日语"@gan	
"taglizit"@kab	<https://panlex.org/snapshot/panlex-20191001-csv/405#13623622>				<https://panlex.org/snapshot/panlex-20191001-csv/405#13623594>		"英語"@gan	
