"sigal"@bpr	<https://panlex.org/snapshot/panlex-20191001-csv/114#8051681>				<https://panlex.org/snapshot/panlex-20191001-csv/114#8052076>		"kakau"@svs	
"kmahoŋ"@bpr	<https://panlex.org/snapshot/panlex-20191001-csv/114#8055811>				<https://panlex.org/snapshot/panlex-20191001-csv/114#8056173>		"olo"@svs	
"litɨq"@bpr	<https://panlex.org/snapshot/panlex-20191001-csv/114#8062931>				<https://panlex.org/snapshot/panlex-20191001-csv/114#8063286>		"ɰabu"@svs	
"quŋaf"@bpr	<https://panlex.org/snapshot/panlex-20191001-csv/114#8066065>				<https://panlex.org/snapshot/panlex-20191001-csv/114#8066408>		"vunu-li"@svs	
"kifan"@bpr	<https://panlex.org/snapshot/panlex-20191001-csv/114#8067112>				<https://panlex.org/snapshot/panlex-20191001-csv/114#8067499>		"nale"@svs	
"wak"@bpr	<https://panlex.org/snapshot/panlex-20191001-csv/114#8064538>				<https://panlex.org/snapshot/panlex-20191001-csv/114#8064916>		"sivuɰa"@svs	
"wak"@bpr	<https://panlex.org/snapshot/panlex-20191001-csv/114#8064538>				<https://panlex.org/snapshot/panlex-20191001-csv/114#8064915>		"luta"@svs	
"gadiq"@bpr	<https://panlex.org/snapshot/panlex-20191001-csv/114#8061407>				<https://panlex.org/snapshot/panlex-20191001-csv/114#8061798>		"madoke-li"@svs	
"gadiq"@bpr	<https://panlex.org/snapshot/panlex-20191001-csv/114#8061407>				<https://panlex.org/snapshot/panlex-20191001-csv/114#8061797>		"l-olomi"@svs	
"likoq"@bpr	<https://panlex.org/snapshot/panlex-20191001-csv/114#8062424>				<https://panlex.org/snapshot/panlex-20191001-csv/114#8062783>		"tamalu-li"@svs	
"tbiling"@bpr	<https://panlex.org/snapshot/panlex-20191001-csv/114#8055315>				<https://panlex.org/snapshot/panlex-20191001-csv/114#8055660>		"pili-li"@svs	
"tbiling"@bpr	<https://panlex.org/snapshot/panlex-20191001-csv/114#8055315>				<https://panlex.org/snapshot/panlex-20191001-csv/114#8055658>		"kokobilo-li"@svs	
"tbiling"@bpr	<https://panlex.org/snapshot/panlex-20191001-csv/114#8055315>				<https://panlex.org/snapshot/panlex-20191001-csv/114#8055659>		"liliɰo-li"@svs	
"magsik"@bpr	<https://panlex.org/snapshot/panlex-20191001-csv/114#8056333>				<https://panlex.org/snapshot/panlex-20191001-csv/114#8056682>		"lumu"@svs	
"magsik"@bpr	<https://panlex.org/snapshot/panlex-20191001-csv/114#8056333>				<https://panlex.org/snapshot/panlex-20191001-csv/114#8056683>		"ɲeɲeɰa"@svs	
"qule"@bpr	<https://panlex.org/snapshot/panlex-20191001-csv/114#8068178>				<https://panlex.org/snapshot/panlex-20191001-csv/114#8068544>		"leka"@svs	
