"ʼqatɨy"@mbd	<https://panlex.org/snapshot/panlex-20191001-csv/114#8060031>				<https://panlex.org/snapshot/panlex-20191001-csv/114#8059827>		"ate-ate"@bbc	
"tiqɨ"@mbd	<https://panlex.org/snapshot/panlex-20191001-csv/114#8059551>				<https://panlex.org/snapshot/panlex-20191001-csv/114#8059361>		"usus"@bbc	
"ʼngipin"@mbd	<https://panlex.org/snapshot/panlex-20191001-csv/114#8067321>				<https://panlex.org/snapshot/panlex-20191001-csv/114#8067085>		"ŋiŋi"@bbc	
"ʼbɨkɨg"@mbd	<https://panlex.org/snapshot/panlex-20191001-csv/114#8059068>				<https://panlex.org/snapshot/panlex-20191001-csv/114#8058859>		"holi-holi"@bbc	
"daʼgaha"@mbd	<https://panlex.org/snapshot/panlex-20191001-csv/114#8060572>				<https://panlex.org/snapshot/panlex-20191001-csv/114#8060325>		"susu"@bbc	
"ʼbaqbaq"@mbd	<https://panlex.org/snapshot/panlex-20191001-csv/114#8066761>				<https://panlex.org/snapshot/panlex-20191001-csv/114#8066532>		"hehe"@bbc	
"ʼsimud"@mbd	<https://panlex.org/snapshot/panlex-20191001-csv/114#8065292>				<https://panlex.org/snapshot/panlex-20191001-csv/114#8065064>		"iguŋ"@bbc	
"taliʼkudan"@mbd	<https://panlex.org/snapshot/panlex-20191001-csv/114#8058004>				<https://panlex.org/snapshot/panlex-20191001-csv/114#8057795>		"taŋguruŋ"@bbc	
