"ʼqatɨy"@mbd	<https://panlex.org/snapshot/panlex-20191001-csv/114#8060031>				<https://panlex.org/snapshot/panlex-20191001-csv/114#8060014>		"aj"@mh	
"ʼqatɨy"@mbd	<https://panlex.org/snapshot/panlex-20191001-csv/114#8060031>				<https://panlex.org/snapshot/panlex-20191001-csv/114#8060015>		"yaj"@mh	
"tiqɨ"@mbd	<https://panlex.org/snapshot/panlex-20191001-csv/114#8059551>				<https://panlex.org/snapshot/panlex-20191001-csv/114#8059539>		"ṃajŋal"@mh	
"tiqɨ"@mbd	<https://panlex.org/snapshot/panlex-20191001-csv/114#8059551>				<https://panlex.org/snapshot/panlex-20191001-csv/114#8059538>		"mwajŋal"@mh	
"ʼngipin"@mbd	<https://panlex.org/snapshot/panlex-20191001-csv/114#8067321>				<https://panlex.org/snapshot/panlex-20191001-csv/114#8067302>		"ŋi"@mh	
"ʼngipin"@mbd	<https://panlex.org/snapshot/panlex-20191001-csv/114#8067321>				<https://panlex.org/snapshot/panlex-20191001-csv/114#8067303>		"ŋiy"@mh	
"ʼbɨkɨg"@mbd	<https://panlex.org/snapshot/panlex-20191001-csv/114#8059068>				<https://panlex.org/snapshot/panlex-20191001-csv/114#8059048>		"di"@mh	
"ʼbɨkɨg"@mbd	<https://panlex.org/snapshot/panlex-20191001-csv/114#8059068>				<https://panlex.org/snapshot/panlex-20191001-csv/114#8059049>		"diy"@mh	
"ʼbɨkɨg"@mbd	<https://panlex.org/snapshot/panlex-20191001-csv/114#8059068>				<https://panlex.org/snapshot/panlex-20191001-csv/114#8059050>		"diyi-"@mh	
"daʼgaha"@mbd	<https://panlex.org/snapshot/panlex-20191001-csv/114#8060572>				<https://panlex.org/snapshot/panlex-20191001-csv/114#8060554>		"yittit"@mh	
"daʼgaha"@mbd	<https://panlex.org/snapshot/panlex-20191001-csv/114#8060572>				<https://panlex.org/snapshot/panlex-20191001-csv/114#8060551>		"ittūt"@mh	
"daʼgaha"@mbd	<https://panlex.org/snapshot/panlex-20191001-csv/114#8060572>				<https://panlex.org/snapshot/panlex-20191001-csv/114#8060553>		"yitti-"@mh	
"daʼgaha"@mbd	<https://panlex.org/snapshot/panlex-20191001-csv/114#8060572>				<https://panlex.org/snapshot/panlex-20191001-csv/114#8060552>		"tittit"@mh	
"ʼbaqbaq"@mbd	<https://panlex.org/snapshot/panlex-20191001-csv/114#8066761>				<https://panlex.org/snapshot/panlex-20191001-csv/114#8066745>		"loŋi"@mh	
"ʼsimud"@mbd	<https://panlex.org/snapshot/panlex-20191001-csv/114#8065292>				<https://panlex.org/snapshot/panlex-20191001-csv/114#8065275>		"boti"@mh	
"ʼsimud"@mbd	<https://panlex.org/snapshot/panlex-20191001-csv/114#8065292>				<https://panlex.org/snapshot/panlex-20191001-csv/114#8065276>		"bwawat(iy)"@mh	
"taliʼkudan"@mbd	<https://panlex.org/snapshot/panlex-20191001-csv/114#8058004>				<https://panlex.org/snapshot/panlex-20191001-csv/114#8057987>		"jakwir"@mh	
"taliʼkudan"@mbd	<https://panlex.org/snapshot/panlex-20191001-csv/114#8058004>				<https://panlex.org/snapshot/panlex-20191001-csv/114#8057988>		"āliki-"@mh	
