"sapa"@mkz	<https://panlex.org/snapshot/panlex-20191001-csv/114#8059087>				<https://panlex.org/snapshot/panlex-20191001-csv/114#8059037>		"suli-"@llu	
"anamata"@mkz	<https://panlex.org/snapshot/panlex-20191001-csv/114#8067867>				<https://panlex.org/snapshot/panlex-20191001-csv/114#8067817>		"mea-"@llu	
"mau"@mkz	<https://panlex.org/snapshot/panlex-20191001-csv/114#8055015>				<https://panlex.org/snapshot/panlex-20191001-csv/114#8054973>		"lae mai"@llu	
"ari"@mkz	<https://panlex.org/snapshot/panlex-20191001-csv/114#8060050>				<https://panlex.org/snapshot/panlex-20191001-csv/114#8060003>		"sae|fou-"@llu	
"iabere"@mkz	<https://panlex.org/snapshot/panlex-20191001-csv/114#8054511>				<https://panlex.org/snapshot/panlex-20191001-csv/114#8054468>		"tala"@llu	
"wai"@mkz	<https://panlex.org/snapshot/panlex-20191001-csv/114#8063138>				<https://panlex.org/snapshot/panlex-20191001-csv/114#8063082>		"ʔabu"@llu	
"kaa"@mkz	<https://panlex.org/snapshot/panlex-20191001-csv/114#8053984>				<https://panlex.org/snapshot/panlex-20191001-csv/114#8053931>		"fali"@llu	
"daenasa"@mkz	<https://panlex.org/snapshot/panlex-20191001-csv/114#8064752>				<https://panlex.org/snapshot/panlex-20191001-csv/114#8064708>		"ifu"@llu	
"tanelai"@mkz	<https://panlex.org/snapshot/panlex-20191001-csv/114#8052886>				<https://panlex.org/snapshot/panlex-20191001-csv/114#8052843>		"aolo"@llu	
"dudu"@mkz	<https://panlex.org/snapshot/panlex-20191001-csv/114#8060595>				<https://panlex.org/snapshot/panlex-20191001-csv/114#8060539>		"susu-"@llu	
"naruta"@mkz	<https://panlex.org/snapshot/panlex-20191001-csv/114#8058021>				<https://panlex.org/snapshot/panlex-20191001-csv/114#8057976>		"suli-"@llu	
"galiria"@mkz	<https://panlex.org/snapshot/panlex-20191001-csv/114#8055511>				<https://panlex.org/snapshot/panlex-20191001-csv/114#8055467>		"abulo"@llu	
"murikai"@mkz	<https://panlex.org/snapshot/panlex-20191001-csv/114#8065312>				<https://panlex.org/snapshot/panlex-20191001-csv/114#8065262>		"gwalusu"@llu	
