"Snäiwende"@stq	<https://panlex.org/snapshot/panlex-20191001-csv/2892#110826234>				<https://panlex.org/snapshot/panlex-20191001-csv/2892#110826216>		"суббота"@aqc	
"Snäiwende"@stq	<https://panlex.org/snapshot/panlex-20191001-csv/2892#110826234>				<https://panlex.org/snapshot/panlex-20191001-csv/2892#110826128>		"деӏкълин-ихъ"@aqc	
"Tuunsdai"@stq	<https://panlex.org/snapshot/panlex-20191001-csv/2892#110825601>				<https://panlex.org/snapshot/panlex-20191001-csv/2892#110825445>		"хамиз"@aqc	
"Moundai"@stq	<https://panlex.org/snapshot/panlex-20191001-csv/2892#110824135>				<https://panlex.org/snapshot/panlex-20191001-csv/2892#110824412>		"итни"@aqc	
"Moundai"@stq	<https://panlex.org/snapshot/panlex-20191001-csv/2892#110824135>				<https://panlex.org/snapshot/panlex-20191001-csv/2892#110824288>		"пониделник"@aqc	
"Täisdai"@stq	<https://panlex.org/snapshot/panlex-20191001-csv/2892#110824568>				<https://panlex.org/snapshot/panlex-20191001-csv/2892#110824827>		"далат"@aqc	
"Täisdai"@stq	<https://panlex.org/snapshot/panlex-20191001-csv/2892#110824568>				<https://panlex.org/snapshot/panlex-20191001-csv/2892#110824587>		"вторник"@aqc	
"Midwiek"@stq	<https://panlex.org/snapshot/panlex-20191001-csv/2892#110825064>				<https://panlex.org/snapshot/panlex-20191001-csv/2892#110825042>		"середа"@aqc	
"Midwiek"@stq	<https://panlex.org/snapshot/panlex-20191001-csv/2892#110825064>				<https://panlex.org/snapshot/panlex-20191001-csv/2892#110825235>		"аӏрба"@aqc	
"Fräindai"@stq	<https://panlex.org/snapshot/panlex-20191001-csv/2892#110826106>				<https://panlex.org/snapshot/panlex-20191001-csv/2892#110826051>		"пятница"@aqc	
"Fräindai"@stq	<https://panlex.org/snapshot/panlex-20191001-csv/2892#110826106>				<https://panlex.org/snapshot/panlex-20191001-csv/2892#110826074>		"рузман"@aqc	
"Sundai"@stq	<https://panlex.org/snapshot/panlex-20191001-csv/2892#110826908>				<https://panlex.org/snapshot/panlex-20191001-csv/2892#110826591>		"аӏхӏат"@aqc	
"Sundai"@stq	<https://panlex.org/snapshot/panlex-20191001-csv/2892#110826908>				<https://panlex.org/snapshot/panlex-20191001-csv/2892#110826646>		"выхадной"@aqc	
