"Koolde Kriech"@stq	<https://panlex.org/snapshot/panlex-20191001-csv/6709#111077857>				<https://panlex.org/snapshot/panlex-20191001-csv/6709#111077728>		"Gera fria"@lfn	
"Koolde Kriech"@stq	<https://panlex.org/snapshot/panlex-20191001-csv/6709#111077857>				<https://panlex.org/snapshot/panlex-20191001-csv/6709#111077769>		"Гера фриа"@lfn	
"Renaissance"@stq	<https://panlex.org/snapshot/panlex-20191001-csv/6709#111076878>				<https://panlex.org/snapshot/panlex-20191001-csv/6709#111076791>		"Renase"@lfn	
"Renaissance"@stq	<https://panlex.org/snapshot/panlex-20191001-csv/6709#111076878>				<https://panlex.org/snapshot/panlex-20191001-csv/6709#111076924>		"Ренасе"@lfn	
"Universität"@stq	<https://panlex.org/snapshot/panlex-20191001-csv/2904#111024465>				<https://panlex.org/snapshot/panlex-20191001-csv/2904#111024567>		"универсиа"@lfn	
"Universität"@stq	<https://panlex.org/snapshot/panlex-20191001-csv/2904#111024465>				<https://panlex.org/snapshot/panlex-20191001-csv/2904#111024570>		"universia"@lfn	
"Venus"@stq	<https://panlex.org/snapshot/panlex-20191001-csv/2907#110845496>				<https://panlex.org/snapshot/panlex-20191001-csv/2907#110845376>		"Venere"@lfn	
"Venus"@stq	<https://panlex.org/snapshot/panlex-20191001-csv/2907#110845496>				<https://panlex.org/snapshot/panlex-20191001-csv/2907#110845438>		"Венере"@lfn	
"Eris"@stq	<https://panlex.org/snapshot/panlex-20191001-csv/2907#110847977>				<https://panlex.org/snapshot/panlex-20191001-csv/2907#110847782>		"Eris"@lfn	
"Eris"@stq	<https://panlex.org/snapshot/panlex-20191001-csv/2907#110847977>				<https://panlex.org/snapshot/panlex-20191001-csv/2907#110847792>		"Ерис"@lfn	
"Makemake"@stq	<https://panlex.org/snapshot/panlex-20191001-csv/2907#110847738>				<https://panlex.org/snapshot/panlex-20191001-csv/2907#110847744>		"Макемаке"@lfn	
"Makemake"@stq	<https://panlex.org/snapshot/panlex-20191001-csv/2907#110847738>				<https://panlex.org/snapshot/panlex-20191001-csv/2907#110847649>		"Makemake"@lfn	
"Saturn"@stq	<https://panlex.org/snapshot/panlex-20191001-csv/2907#110846609>				<https://panlex.org/snapshot/panlex-20191001-csv/2907#110846775>		"Сатурно"@lfn	
"Saturn"@stq	<https://panlex.org/snapshot/panlex-20191001-csv/2907#110846609>				<https://panlex.org/snapshot/panlex-20191001-csv/2907#110846707>		"Saturno"@lfn	
"Sunne"@stq	<https://panlex.org/snapshot/panlex-20191001-csv/2907#110844897>				<https://panlex.org/snapshot/panlex-20191001-csv/2907#110844879>		"Сол"@lfn	
"Sunne"@stq	<https://panlex.org/snapshot/panlex-20191001-csv/2907#110844897>				<https://panlex.org/snapshot/panlex-20191001-csv/2907#110844914>		"Sol"@lfn	
"Uranus"@stq	<https://panlex.org/snapshot/panlex-20191001-csv/2907#110846918>				<https://panlex.org/snapshot/panlex-20191001-csv/2907#110846921>		"Урано"@lfn	
"Uranus"@stq	<https://panlex.org/snapshot/panlex-20191001-csv/2907#110846918>				<https://panlex.org/snapshot/panlex-20191001-csv/2907#110846955>		"Urano"@lfn	
"Moune"@stq	<https://panlex.org/snapshot/panlex-20191001-csv/2907#110845807>				<https://panlex.org/snapshot/panlex-20191001-csv/2907#110845727>		"Luna"@lfn	
"Moune"@stq	<https://panlex.org/snapshot/panlex-20191001-csv/2907#110845807>				<https://panlex.org/snapshot/panlex-20191001-csv/2907#110845864>		"Луна"@lfn	
"Pluto"@stq	<https://panlex.org/snapshot/panlex-20191001-csv/2907#110847285>				<https://panlex.org/snapshot/panlex-20191001-csv/2907#110847213>		"Плуто"@lfn	
"Pluto"@stq	<https://panlex.org/snapshot/panlex-20191001-csv/2907#110847285>				<https://panlex.org/snapshot/panlex-20191001-csv/2907#110847341>		"Pluto"@lfn	
"Merkur"@stq	<https://panlex.org/snapshot/panlex-20191001-csv/2907#110845123>				<https://panlex.org/snapshot/panlex-20191001-csv/2907#110845140>		"Меркурио"@lfn	
"Merkur"@stq	<https://panlex.org/snapshot/panlex-20191001-csv/2907#110845123>				<https://panlex.org/snapshot/panlex-20191001-csv/2907#110845195>		"Mercurio"@lfn	
"Neptun"@stq	<https://panlex.org/snapshot/panlex-20191001-csv/2907#110847114>				<https://panlex.org/snapshot/panlex-20191001-csv/2907#110847088>		"Netuno"@lfn	
"Neptun"@stq	<https://panlex.org/snapshot/panlex-20191001-csv/2907#110847114>				<https://panlex.org/snapshot/panlex-20191001-csv/2907#110847010>		"Нетуно"@lfn	
"Sunnensystem"@stq	<https://panlex.org/snapshot/panlex-20191001-csv/2907#110848317>				<https://panlex.org/snapshot/panlex-20191001-csv/2907#110848140>		"Систем солал"@lfn	
"Sunnensystem"@stq	<https://panlex.org/snapshot/panlex-20191001-csv/2907#110848317>				<https://panlex.org/snapshot/panlex-20191001-csv/2907#110848265>		"Sistem solal"@lfn	
"Komet"@stq	<https://panlex.org/snapshot/panlex-20191001-csv/2907#110849207>				<https://panlex.org/snapshot/panlex-20191001-csv/2907#110849190>		"cometa"@lfn	
"Komet"@stq	<https://panlex.org/snapshot/panlex-20191001-csv/2907#110849207>				<https://panlex.org/snapshot/panlex-20191001-csv/2907#110849200>		"комета"@lfn	
"Mars"@stq	<https://panlex.org/snapshot/panlex-20191001-csv/2907#110845988>				<https://panlex.org/snapshot/panlex-20191001-csv/2907#110846009>		"Marte"@lfn	
"Mars"@stq	<https://panlex.org/snapshot/panlex-20191001-csv/2907#110845988>				<https://panlex.org/snapshot/panlex-20191001-csv/2907#110846129>		"Марте"@lfn	
"Ceres"@stq	<https://panlex.org/snapshot/panlex-20191001-csv/2907#110846273>				<https://panlex.org/snapshot/panlex-20191001-csv/2907#110846195>		"Серес"@lfn	
"Ceres"@stq	<https://panlex.org/snapshot/panlex-20191001-csv/2907#110846273>				<https://panlex.org/snapshot/panlex-20191001-csv/2907#110846231>		"Seres"@lfn	
"Haumea"@stq	<https://panlex.org/snapshot/panlex-20191001-csv/2907#110847511>				<https://panlex.org/snapshot/panlex-20191001-csv/2907#110847507>		"Haumea"@lfn	
"Haumea"@stq	<https://panlex.org/snapshot/panlex-20191001-csv/2907#110847511>				<https://panlex.org/snapshot/panlex-20191001-csv/2907#110847463>		"Хаумеа"@lfn	
"Jupiter"@stq	<https://panlex.org/snapshot/panlex-20191001-csv/2907#110846372>				<https://panlex.org/snapshot/panlex-20191001-csv/2907#110846345>		"Жове"@lfn	
"Jupiter"@stq	<https://panlex.org/snapshot/panlex-20191001-csv/2907#110846372>				<https://panlex.org/snapshot/panlex-20191001-csv/2907#110846359>		"Jove"@lfn	
"Äide"@stq	<https://panlex.org/snapshot/panlex-20191001-csv/2907#110845594>				<https://panlex.org/snapshot/panlex-20191001-csv/2907#110845610>		"Tera"@lfn	
"Äide"@stq	<https://panlex.org/snapshot/panlex-20191001-csv/2907#110845594>				<https://panlex.org/snapshot/panlex-20191001-csv/2907#110845552>		"Тера"@lfn	
"Snäiwende"@stq	<https://panlex.org/snapshot/panlex-20191001-csv/2892#110826234>				<https://panlex.org/snapshot/panlex-20191001-csv/2892#110826560>		"сатурди"@lfn	
"Snäiwende"@stq	<https://panlex.org/snapshot/panlex-20191001-csv/2892#110826234>				<https://panlex.org/snapshot/panlex-20191001-csv/2892#110826473>		"saturdi"@lfn	
"Tuunsdai"@stq	<https://panlex.org/snapshot/panlex-20191001-csv/2892#110825601>				<https://panlex.org/snapshot/panlex-20191001-csv/2892#110825589>		"жоведи"@lfn	
"Tuunsdai"@stq	<https://panlex.org/snapshot/panlex-20191001-csv/2892#110825601>				<https://panlex.org/snapshot/panlex-20191001-csv/2892#110825385>		"jovedi"@lfn	
"Moundai"@stq	<https://panlex.org/snapshot/panlex-20191001-csv/2892#110824135>				<https://panlex.org/snapshot/panlex-20191001-csv/2892#110824276>		"lundi"@lfn	
"Moundai"@stq	<https://panlex.org/snapshot/panlex-20191001-csv/2892#110824135>				<https://panlex.org/snapshot/panlex-20191001-csv/2892#110824364>		"лунди"@lfn	
"Täisdai"@stq	<https://panlex.org/snapshot/panlex-20191001-csv/2892#110824568>				<https://panlex.org/snapshot/panlex-20191001-csv/2892#110824678>		"martedi"@lfn	
"Täisdai"@stq	<https://panlex.org/snapshot/panlex-20191001-csv/2892#110824568>				<https://panlex.org/snapshot/panlex-20191001-csv/2892#110824577>		"мартеди"@lfn	
"Midwiek"@stq	<https://panlex.org/snapshot/panlex-20191001-csv/2892#110825064>				<https://panlex.org/snapshot/panlex-20191001-csv/2892#110825222>		"mercurdi"@lfn	
"Midwiek"@stq	<https://panlex.org/snapshot/panlex-20191001-csv/2892#110825064>				<https://panlex.org/snapshot/panlex-20191001-csv/2892#110824974>		"меркурди"@lfn	
"Fräindai"@stq	<https://panlex.org/snapshot/panlex-20191001-csv/2892#110826106>				<https://panlex.org/snapshot/panlex-20191001-csv/2892#110825914>		"венерди"@lfn	
"Fräindai"@stq	<https://panlex.org/snapshot/panlex-20191001-csv/2892#110826106>				<https://panlex.org/snapshot/panlex-20191001-csv/2892#110825728>		"venerdi"@lfn	
"Sundai"@stq	<https://panlex.org/snapshot/panlex-20191001-csv/2892#110826908>				<https://panlex.org/snapshot/panlex-20191001-csv/2892#110826714>		"soldi"@lfn	
"Sundai"@stq	<https://panlex.org/snapshot/panlex-20191001-csv/2892#110826908>				<https://panlex.org/snapshot/panlex-20191001-csv/2892#110827026>		"солди"@lfn	
"September"@stq	<https://panlex.org/snapshot/panlex-20191001-csv/2897#110830416>				<https://panlex.org/snapshot/panlex-20191001-csv/2897#110830503>		"сетембре"@lfn	
"September"@stq	<https://panlex.org/snapshot/panlex-20191001-csv/2897#110830416>				<https://panlex.org/snapshot/panlex-20191001-csv/2897#110830553>		"setembre"@lfn	
"Moai"@stq	<https://panlex.org/snapshot/panlex-20191001-csv/2897#110828772>				<https://panlex.org/snapshot/panlex-20191001-csv/2897#110828798>		"маио"@lfn	
"Moai"@stq	<https://panlex.org/snapshot/panlex-20191001-csv/2897#110828772>				<https://panlex.org/snapshot/panlex-20191001-csv/2897#110829025>		"maio"@lfn	
"Juli"@stq	<https://panlex.org/snapshot/panlex-20191001-csv/2897#110829880>				<https://panlex.org/snapshot/panlex-20191001-csv/2897#110829714>		"жулио"@lfn	
"Juli"@stq	<https://panlex.org/snapshot/panlex-20191001-csv/2897#110829880>				<https://panlex.org/snapshot/panlex-20191001-csv/2897#110829862>		"julio"@lfn	
"Januoar"@stq	<https://panlex.org/snapshot/panlex-20191001-csv/2897#110827062>				<https://panlex.org/snapshot/panlex-20191001-csv/2897#110827145>		"жанеро"@lfn	
"Januoar"@stq	<https://panlex.org/snapshot/panlex-20191001-csv/2897#110827062>				<https://panlex.org/snapshot/panlex-20191001-csv/2897#110827394>		"janero"@lfn	
"November"@stq	<https://panlex.org/snapshot/panlex-20191001-csv/2897#110831312>				<https://panlex.org/snapshot/panlex-20191001-csv/2897#110831487>		"novembre"@lfn	
"November"@stq	<https://panlex.org/snapshot/panlex-20191001-csv/2897#110831312>				<https://panlex.org/snapshot/panlex-20191001-csv/2897#110831202>		"новембре"@lfn	
"April"@stq	<https://panlex.org/snapshot/panlex-20191001-csv/2897#110828634>				<https://panlex.org/snapshot/panlex-20191001-csv/2897#110828540>		"april"@lfn	
"April"@stq	<https://panlex.org/snapshot/panlex-20191001-csv/2897#110828634>				<https://panlex.org/snapshot/panlex-20191001-csv/2897#110828404>		"април"@lfn	
"August"@stq	<https://panlex.org/snapshot/panlex-20191001-csv/2897#110830134>				<https://panlex.org/snapshot/panlex-20191001-csv/2897#110830004>		"агосто"@lfn	
"August"@stq	<https://panlex.org/snapshot/panlex-20191001-csv/2897#110830134>				<https://panlex.org/snapshot/panlex-20191001-csv/2897#110830281>		"agosto"@lfn	
"Dezember"@stq	<https://panlex.org/snapshot/panlex-20191001-csv/2897#110831917>				<https://panlex.org/snapshot/panlex-20191001-csv/2897#110831953>		"десембре"@lfn	
"Dezember"@stq	<https://panlex.org/snapshot/panlex-20191001-csv/2897#110831917>				<https://panlex.org/snapshot/panlex-20191001-csv/2897#110831644>		"desembre"@lfn	
"Oktober"@stq	<https://panlex.org/snapshot/panlex-20191001-csv/2897#110830954>				<https://panlex.org/snapshot/panlex-20191001-csv/2897#110830803>		"otobre"@lfn	
"Oktober"@stq	<https://panlex.org/snapshot/panlex-20191001-csv/2897#110830954>				<https://panlex.org/snapshot/panlex-20191001-csv/2897#110830879>		"отобре"@lfn	
"Februoar"@stq	<https://panlex.org/snapshot/panlex-20191001-csv/2897#110827770>				<https://panlex.org/snapshot/panlex-20191001-csv/2897#110827627>		"febrero"@lfn	
"Februoar"@stq	<https://panlex.org/snapshot/panlex-20191001-csv/2897#110827770>				<https://panlex.org/snapshot/panlex-20191001-csv/2897#110827723>		"фебреро"@lfn	
"Juni"@stq	<https://panlex.org/snapshot/panlex-20191001-csv/2897#110829092>				<https://panlex.org/snapshot/panlex-20191001-csv/2897#110829388>		"junio"@lfn	
"Juni"@stq	<https://panlex.org/snapshot/panlex-20191001-csv/2897#110829092>				<https://panlex.org/snapshot/panlex-20191001-csv/2897#110829276>		"жунио"@lfn	
"Meerte"@stq	<https://panlex.org/snapshot/panlex-20191001-csv/2897#110828024>				<https://panlex.org/snapshot/panlex-20191001-csv/2897#110828213>		"marto"@lfn	
"Meerte"@stq	<https://panlex.org/snapshot/panlex-20191001-csv/2897#110828024>				<https://panlex.org/snapshot/panlex-20191001-csv/2897#110828137>		"марто"@lfn	
