"Franciskus"@hsb	<https://panlex.org/snapshot/panlex-20191001-csv/6717#111107566>				<https://panlex.org/snapshot/panlex-20191001-csv/6717#111107527>		"Falaswa"@ln	
"Romsko-katolski cyrkej"@hsb	<https://panlex.org/snapshot/panlex-20191001-csv/6717#111107612>				<https://panlex.org/snapshot/panlex-20191001-csv/6717#111107694>		"Eklezya ya bakatolike ya Roma"@ln	
"Bamž Benedikt ⅩⅥ."@hsb	<https://panlex.org/snapshot/panlex-20191001-csv/6717#111107427>				<https://panlex.org/snapshot/panlex-20191001-csv/6717#111107466>		"Pápa Benwa ⅩⅥ"@ln	
"Japoštołske skutki"@hsb	<https://panlex.org/snapshot/panlex-20191001-csv/6726#111131129>				<https://panlex.org/snapshot/panlex-20191001-csv/6726#111131212>		"Misála ya Bantoma"@ln	
"List Judy"@hsb	<https://panlex.org/snapshot/panlex-20191001-csv/6726#111134547>				<https://panlex.org/snapshot/panlex-20191001-csv/6726#111134663>		"Mokanda na Yuda"@ln	
"List Filipjanam"@hsb	<https://panlex.org/snapshot/panlex-20191001-csv/6726#111132223>				<https://panlex.org/snapshot/panlex-20191001-csv/6726#111132099>		"Mokanda na Bafilipien"@ln	
"Druhi list Korinćanam"@hsb	<https://panlex.org/snapshot/panlex-20191001-csv/6726#111131701>				<https://panlex.org/snapshot/panlex-20191001-csv/6726#111131689>		"Mokanda ya mibale na Bakorentien"@ln	
"Prěni list Timotejej"@hsb	<https://panlex.org/snapshot/panlex-20191001-csv/6726#111132795>				<https://panlex.org/snapshot/panlex-20191001-csv/6726#111132891>		"Mokanda ya libosa na Timoté"@ln	
"Druhi list Jana"@hsb	<https://panlex.org/snapshot/panlex-20191001-csv/6726#111134366>				<https://panlex.org/snapshot/panlex-20191001-csv/6726#111134352>		"Mokanda ya mibale na Yoane"@ln	
"Třeći list Jana"@hsb	<https://panlex.org/snapshot/panlex-20191001-csv/6726#111134539>				<https://panlex.org/snapshot/panlex-20191001-csv/6726#111134512>		"Mokanda ya misato na Yoane"@ln	
"List Galatam"@hsb	<https://panlex.org/snapshot/panlex-20191001-csv/6726#111131853>				<https://panlex.org/snapshot/panlex-20191001-csv/6726#111131828>		"Mokanda na Bagalate"@ln	
"Ewangelij po Lukašu"@hsb	<https://panlex.org/snapshot/panlex-20191001-csv/6726#111130817>				<https://panlex.org/snapshot/panlex-20191001-csv/6726#111130927>		"Nsango Malamu ya Luka"@ln	
"Druhi list Timotejej"@hsb	<https://panlex.org/snapshot/panlex-20191001-csv/6726#111133066>				<https://panlex.org/snapshot/panlex-20191001-csv/6726#111132999>		"Mokanda ya mibale na Timoté"@ln	
"List Filomenej"@hsb	<https://panlex.org/snapshot/panlex-20191001-csv/6726#111133385>				<https://panlex.org/snapshot/panlex-20191001-csv/6726#111133328>		"Mokanda na Filemon"@ln	
"List Romjanam"@hsb	<https://panlex.org/snapshot/panlex-20191001-csv/6726#111131293>				<https://panlex.org/snapshot/panlex-20191001-csv/6726#111131379>		"Mokanda na Baromén"@ln	
"Přeni list Pětra"@hsb	<https://panlex.org/snapshot/panlex-20191001-csv/6726#111133886>				<https://panlex.org/snapshot/panlex-20191001-csv/6726#111133892>		"Mokanda ya libosa na Petelo"@ln	
"Druhi list Pětra"@hsb	<https://panlex.org/snapshot/panlex-20191001-csv/6726#111133984>				<https://panlex.org/snapshot/panlex-20191001-csv/6726#111133921>		"Mokanda ya mibale na Petelo"@ln	
"Přeni list Jana"@hsb	<https://panlex.org/snapshot/panlex-20191001-csv/6726#111134068>				<https://panlex.org/snapshot/panlex-20191001-csv/6726#111134095>		"Mokanda ya libosa na Yoane"@ln	
"List Titusej"@hsb	<https://panlex.org/snapshot/panlex-20191001-csv/6726#111133176>				<https://panlex.org/snapshot/panlex-20191001-csv/6726#111133081>		"Mokanda na Tite"@ln	
"Druhi list Tesaloničanam"@hsb	<https://panlex.org/snapshot/panlex-20191001-csv/6726#111132593>				<https://panlex.org/snapshot/panlex-20191001-csv/6726#111132652>		"Mokanda ya mibale na Batesaolonisien"@ln	
"Ewangelij po Janu"@hsb	<https://panlex.org/snapshot/panlex-20191001-csv/6726#111131075>				<https://panlex.org/snapshot/panlex-20191001-csv/6726#111131044>		"Nsango Malamu ya Yoane"@ln	
"Zjewjenje swjatemu Janej"@hsb	<https://panlex.org/snapshot/panlex-20191001-csv/6726#111134784>				<https://panlex.org/snapshot/panlex-20191001-csv/6726#111134867>		"Koyébisa Basékélé"@ln	
"List Efezanam"@hsb	<https://panlex.org/snapshot/panlex-20191001-csv/6726#111132040>				<https://panlex.org/snapshot/panlex-20191001-csv/6726#111132002>		"Mokanda na Baefezien"@ln	
"List Jakuba"@hsb	<https://panlex.org/snapshot/panlex-20191001-csv/6726#111133673>				<https://panlex.org/snapshot/panlex-20191001-csv/6726#111133705>		"Mokanda na Yakobo"@ln	
"Prěni list Korinćanam"@hsb	<https://panlex.org/snapshot/panlex-20191001-csv/6726#111131449>				<https://panlex.org/snapshot/panlex-20191001-csv/6726#111131546>		"Mokanda ya libosa na Bakorentien"@ln	
"Nowy zakoń"@hsb	<https://panlex.org/snapshot/panlex-20191001-csv/6726#111134926>				<https://panlex.org/snapshot/panlex-20191001-csv/6726#111135027>		"Boyokani ya Sika"@ln	
"Ewangelij po Marku"@hsb	<https://panlex.org/snapshot/panlex-20191001-csv/6726#111130679>				<https://panlex.org/snapshot/panlex-20191001-csv/6726#111130666>		"Nsango Malamu ya Marko"@ln	
"Ewangelij po Mateju"@hsb	<https://panlex.org/snapshot/panlex-20191001-csv/6726#111130623>				<https://panlex.org/snapshot/panlex-20191001-csv/6726#111130577>		"Nsango Malamu ya Matai"@ln	
"List Hebrejam"@hsb	<https://panlex.org/snapshot/panlex-20191001-csv/6726#111133460>				<https://panlex.org/snapshot/panlex-20191001-csv/6726#111133551>		"Mokanda na Baebré"@ln	
"List Kolosanam"@hsb	<https://panlex.org/snapshot/panlex-20191001-csv/6726#111132311>				<https://panlex.org/snapshot/panlex-20191001-csv/6726#111132268>		"Mokanda na Bakolosien"@ln	
"Prěni list Tesaloničanam"@hsb	<https://panlex.org/snapshot/panlex-20191001-csv/6726#111132532>				<https://panlex.org/snapshot/panlex-20191001-csv/6726#111132493>		"Mokanda ya libosa na Batesaolonisien"@ln	
"Pólska"@hsb	<https://panlex.org/snapshot/panlex-20191001-csv/6898#113642754>				<https://panlex.org/snapshot/panlex-20191001-csv/6898#113642697>		"Poloni"@ln	
"zapadna Europa"@hsb	<https://panlex.org/snapshot/panlex-20191001-csv/6898#113622046>				<https://panlex.org/snapshot/panlex-20191001-csv/6898#113622052>		"Erópa ya Wɛ́sita"@ln	
"Palestinski awtonomny teritorij"@hsb	<https://panlex.org/snapshot/panlex-20191001-csv/6898#113586425>				<https://panlex.org/snapshot/panlex-20191001-csv/6898#113586299>		"Palɛsine"@ln	
"Britiske knježniske kupy"@hsb	<https://panlex.org/snapshot/panlex-20191001-csv/6898#113590470>				<https://panlex.org/snapshot/panlex-20191001-csv/6898#113590422>		"Bisanga bya Vierzi ya Angɛlɛtɛ́lɛ"@ln	
"Sewjerna Koreja"@hsb	<https://panlex.org/snapshot/panlex-20191001-csv/6898#113598886>				<https://panlex.org/snapshot/panlex-20191001-csv/6898#113598850>		"Korɛ ya nɔ́rdi"@ln	
"Antigua a Barbuda"@hsb	<https://panlex.org/snapshot/panlex-20191001-csv/6898#113643647>				<https://panlex.org/snapshot/panlex-20191001-csv/6898#113643713>		"Antiga mpé Barbuda"@ln	
"Tokelau"@hsb	<https://panlex.org/snapshot/panlex-20191001-csv/6898#113615927>				<https://panlex.org/snapshot/panlex-20191001-csv/6898#113615836>		"Tokelau"@ln	
"Botswana"@hsb	<https://panlex.org/snapshot/panlex-20191001-csv/6898#113595368>				<https://panlex.org/snapshot/panlex-20191001-csv/6898#113595330>		"Botswana"@ln	
"Cookowe kupy"@hsb	<https://panlex.org/snapshot/panlex-20191001-csv/6898#113638370>				<https://panlex.org/snapshot/panlex-20191001-csv/6898#113638461>		"Bisanga bya Kookɛ"@ln	
"Bosniska a Hercegowina"@hsb	<https://panlex.org/snapshot/panlex-20191001-csv/6898#113596781>				<https://panlex.org/snapshot/panlex-20191001-csv/6898#113596785>		"Bosini mpé Hezegovine"@ln	
"Senegal"@hsb	<https://panlex.org/snapshot/panlex-20191001-csv/6898#113591209>				<https://panlex.org/snapshot/panlex-20191001-csv/6898#113591265>		"Senegalɛ"@ln	
"Mexiko"@hsb	<https://panlex.org/snapshot/panlex-20191001-csv/6898#113628289>				<https://panlex.org/snapshot/panlex-20191001-csv/6898#113628358>		"Meksike"@ln	
"Jordaniska"@hsb	<https://panlex.org/snapshot/panlex-20191001-csv/6898#113611713>				<https://panlex.org/snapshot/panlex-20191001-csv/6898#113611644>		"Zɔdani"@ln	
"Zjednoćene staty Ameriki"@hsb	<https://panlex.org/snapshot/panlex-20191001-csv/6898#113597876>				<https://panlex.org/snapshot/panlex-20191001-csv/6898#113597922>		"Ameriki"@ln	
"Brunei"@hsb	<https://panlex.org/snapshot/panlex-20191001-csv/6898#113616134>				<https://panlex.org/snapshot/panlex-20191001-csv/6898#113616100>		"Brineyi"@ln	
"Panama"@hsb	<https://panlex.org/snapshot/panlex-20191001-csv/6898#113605973>				<https://panlex.org/snapshot/panlex-20191001-csv/6898#113606029>		"Panama"@ln	
"Laos"@hsb	<https://panlex.org/snapshot/panlex-20191001-csv/6898#113619152>				<https://panlex.org/snapshot/panlex-20191001-csv/6898#113619015>		"Lawosi"@ln	
"Peru"@hsb	<https://panlex.org/snapshot/panlex-20191001-csv/6898#113593705>				<https://panlex.org/snapshot/panlex-20191001-csv/6898#113593783>		"Péru"@ln	
"Timor-Leste"@hsb	<https://panlex.org/snapshot/panlex-20191001-csv/6898#113632746>				<https://panlex.org/snapshot/panlex-20191001-csv/6898#113632719>		"Timorɛ ya Moniɛlɛ"@ln	
"Timor-Leste"@hsb	<https://panlex.org/snapshot/panlex-20191001-csv/6898#113632746>				<https://panlex.org/snapshot/panlex-20191001-csv/6898#113632722>		"Timor ya Monyɛlɛ"@ln	
"Simbabwe"@hsb	<https://panlex.org/snapshot/panlex-20191001-csv/6898#113583770>				<https://panlex.org/snapshot/panlex-20191001-csv/6898#113583715>		"Zimbabwe"@ln	
"Španiska"@hsb	<https://panlex.org/snapshot/panlex-20191001-csv/6898#113594568>				<https://panlex.org/snapshot/panlex-20191001-csv/6898#113594540>		"Esipanye"@ln	
"Pakistan"@hsb	<https://panlex.org/snapshot/panlex-20191001-csv/6898#113607017>				<https://panlex.org/snapshot/panlex-20191001-csv/6898#113606955>		"Pakisitá"@ln	
"Nauru"@hsb	<https://panlex.org/snapshot/panlex-20191001-csv/6898#113601566>				<https://panlex.org/snapshot/panlex-20191001-csv/6898#113601600>		"Nauru"@ln	
"Vanuatu"@hsb	<https://panlex.org/snapshot/panlex-20191001-csv/6898#113628996>				<https://panlex.org/snapshot/panlex-20191001-csv/6898#113629035>		"Vanuatu"@ln	
"Azija"@hsb	<https://panlex.org/snapshot/panlex-20191001-csv/6898#113624441>				<https://panlex.org/snapshot/panlex-20191001-csv/6898#113624359>		"Azía"@ln	
"Salomony"@hsb	<https://panlex.org/snapshot/panlex-20191001-csv/6898#113602423>				<https://panlex.org/snapshot/panlex-20191001-csv/6898#113602395>		"Bisanga Solomɔ"@ln	
"Ameriska Oceaniska"@hsb	<https://panlex.org/snapshot/panlex-20191001-csv/6898#113607171>				<https://panlex.org/snapshot/panlex-20191001-csv/6898#113607104>		"Bisanga Mokɛ́na Mosíká bya Lisangá lya Ameríka"@ln	
"juhowuchodna Azija"@hsb	<https://panlex.org/snapshot/panlex-20191001-csv/6898#113634181>				<https://panlex.org/snapshot/panlex-20191001-csv/6898#113634174>		"Azía ya Sidi-Ɛ́sita"@ln	
"Grönlandska"@hsb	<https://panlex.org/snapshot/panlex-20191001-csv/6898#113590705>				<https://panlex.org/snapshot/panlex-20191001-csv/6898#113590748>		"Gowelande"@ln	
"Nižozemska"@hsb	<https://panlex.org/snapshot/panlex-20191001-csv/6898#113635775>				<https://panlex.org/snapshot/panlex-20191001-csv/6898#113635877>		"Olandɛ"@ln	
"Sambija"@hsb	<https://panlex.org/snapshot/panlex-20191001-csv/6898#113617308>				<https://panlex.org/snapshot/panlex-20191001-csv/6898#113617402>		"Zambi"@ln	
"Uganda"@hsb	<https://panlex.org/snapshot/panlex-20191001-csv/6898#113638073>				<https://panlex.org/snapshot/panlex-20191001-csv/6898#113638030>		"Uganda"@ln	
"Europa"@hsb	<https://panlex.org/snapshot/panlex-20191001-csv/6898#113630607>				<https://panlex.org/snapshot/panlex-20191001-csv/6898#113630546>		"Erópa"@ln	
"Färöske kupy"@hsb	<https://panlex.org/snapshot/panlex-20191001-csv/6898#113608091>				<https://panlex.org/snapshot/panlex-20191001-csv/6898#113608002>		"Bisanga bya Faloé"@ln	
"Jersey"@hsb	<https://panlex.org/snapshot/panlex-20191001-csv/6898#113594132>				<https://panlex.org/snapshot/panlex-20191001-csv/6898#113594193>		"Jelezy"@ln	
"Francoski južny a antarktiski teritorij"@hsb	<https://panlex.org/snapshot/panlex-20191001-csv/6898#113644011>				<https://panlex.org/snapshot/panlex-20191001-csv/6898#113643997>		"Terres australes et antarctiques françaises"@ln	
"Libyska"@hsb	<https://panlex.org/snapshot/panlex-20191001-csv/6898#113597792>				<https://panlex.org/snapshot/panlex-20191001-csv/6898#113597765>		"Libí"@ln	
"Svalbard a Jan Mayen"@hsb	<https://panlex.org/snapshot/panlex-20191001-csv/6898#113624213>				<https://panlex.org/snapshot/panlex-20191001-csv/6898#113624305>		"Svalbard mpé Jan Mayen"@ln	
"Chilska"@hsb	<https://panlex.org/snapshot/panlex-20191001-csv/6898#113624772>				<https://panlex.org/snapshot/panlex-20191001-csv/6898#113624888>		"Síli"@ln	
"Gabun"@hsb	<https://panlex.org/snapshot/panlex-20191001-csv/6898#113585240>				<https://panlex.org/snapshot/panlex-20191001-csv/6898#113585285>		"Gabɔ"@ln	
"Tuneziska"@hsb	<https://panlex.org/snapshot/panlex-20191001-csv/6898#113606485>				<https://panlex.org/snapshot/panlex-20191001-csv/6898#113606383>		"Tinizi"@ln	
"Nepal"@hsb	<https://panlex.org/snapshot/panlex-20191001-csv/6898#113584064>				<https://panlex.org/snapshot/panlex-20191001-csv/6898#113584206>		"Nepálɛ"@ln	
"wuchodna Afrika"@hsb	<https://panlex.org/snapshot/panlex-20191001-csv/6898#113585900>				<https://panlex.org/snapshot/panlex-20191001-csv/6898#113585921>		"Afríka ya Ɛ́sita"@ln	
"Nikaragua"@hsb	<https://panlex.org/snapshot/panlex-20191001-csv/6898#113611149>				<https://panlex.org/snapshot/panlex-20191001-csv/6898#113611161>		"Nikaragwa"@ln	
"kupy Turks a Caicos"@hsb	<https://panlex.org/snapshot/panlex-20191001-csv/6898#113588801>				<https://panlex.org/snapshot/panlex-20191001-csv/6898#113588557>		"Bisanga bya Turki mpé Kaiko"@ln	
"južna Europa"@hsb	<https://panlex.org/snapshot/panlex-20191001-csv/6898#113617205>				<https://panlex.org/snapshot/panlex-20191001-csv/6898#113617269>		"Erópa ya Sidi"@ln	
"Francoska Polyneziska"@hsb	<https://panlex.org/snapshot/panlex-20191001-csv/6898#113621056>				<https://panlex.org/snapshot/panlex-20191001-csv/6898#113621173>		"Polinezi ya Falánsɛ"@ln	
"Monaco"@hsb	<https://panlex.org/snapshot/panlex-20191001-csv/6898#113600261>				<https://panlex.org/snapshot/panlex-20191001-csv/6898#113600235>		"Monako"@ln	
"Boliwiska"@hsb	<https://panlex.org/snapshot/panlex-20191001-csv/6898#113609643>				<https://panlex.org/snapshot/panlex-20191001-csv/6898#113609545>		"Bolivi"@ln	
"Guyana"@hsb	<https://panlex.org/snapshot/panlex-20191001-csv/6898#113628129>				<https://panlex.org/snapshot/panlex-20191001-csv/6898#113628141>		"Giyane"@ln	
"južna Azija"@hsb	<https://panlex.org/snapshot/panlex-20191001-csv/6898#113636186>				<https://panlex.org/snapshot/panlex-20191001-csv/6898#113636124>		"Azía ya Sidi"@ln	
"Anguilla"@hsb	<https://panlex.org/snapshot/panlex-20191001-csv/6898#113587602>				<https://panlex.org/snapshot/panlex-20191001-csv/6898#113587557>		"Angiyɛ"@ln	
"Komory"@hsb	<https://panlex.org/snapshot/panlex-20191001-csv/6898#113626975>				<https://panlex.org/snapshot/panlex-20191001-csv/6898#113627004>		"Komorɛ"@ln	
"Liberija"@hsb	<https://panlex.org/snapshot/panlex-20191001-csv/6898#113605607>				<https://panlex.org/snapshot/panlex-20191001-csv/6898#113605611>		"Libériya"@ln	
"Palestina"@hsb	<https://panlex.org/snapshot/panlex-20191001-csv/6898#113586337>				<https://panlex.org/snapshot/panlex-20191001-csv/6898#113586299>		"Palɛsine"@ln	
"centralna Azija"@hsb	<https://panlex.org/snapshot/panlex-20191001-csv/6898#113602202>				<https://panlex.org/snapshot/panlex-20191001-csv/6898#113602201>		"Azía ya Katikáti"@ln	
"Běłoruska"@hsb	<https://panlex.org/snapshot/panlex-20191001-csv/6898#113592155>				<https://panlex.org/snapshot/panlex-20191001-csv/6898#113592228>		"Byelorisi"@ln	
"Wallis a Futuna"@hsb	<https://panlex.org/snapshot/panlex-20191001-csv/6898#113638549>				<https://panlex.org/snapshot/panlex-20191001-csv/6898#113638607>		"Walisɛ mpé Futuna"@ln	
"Norfolkowa kupa"@hsb	<https://panlex.org/snapshot/panlex-20191001-csv/6898#113642395>				<https://panlex.org/snapshot/panlex-20191001-csv/6898#113642310>		"Esanga Norfokɛ"@ln	
"Serbiska"@hsb	<https://panlex.org/snapshot/panlex-20191001-csv/6898#113635354>				<https://panlex.org/snapshot/panlex-20191001-csv/6898#113635353>		"Serbie"@ln	
"Kiribati"@hsb	<https://panlex.org/snapshot/panlex-20191001-csv/6898#113603166>				<https://panlex.org/snapshot/panlex-20191001-csv/6898#113603156>		"Kiribati"@ln	
"Wosebita zarjadniska cona Macao"@hsb	<https://panlex.org/snapshot/panlex-20191001-csv/6898#113599405>				<https://panlex.org/snapshot/panlex-20191001-csv/6898#113599539>		"Makau"@ln	
"Wosebita zarjadniska cona Macao"@hsb	<https://panlex.org/snapshot/panlex-20191001-csv/6898#113599405>				<https://panlex.org/snapshot/panlex-20191001-csv/6898#113599475>		"Makau (Shina)"@ln	
"Mauritius"@hsb	<https://panlex.org/snapshot/panlex-20191001-csv/6898#113611527>				<https://panlex.org/snapshot/panlex-20191001-csv/6898#113611438>		"Morisɛ"@ln	
"Sudan"@hsb	<https://panlex.org/snapshot/panlex-20191001-csv/6898#113633071>				<https://panlex.org/snapshot/panlex-20191001-csv/6898#113633066>		"Sudá"@ln	
"Uruguay"@hsb	<https://panlex.org/snapshot/panlex-20191001-csv/6898#113623339>				<https://panlex.org/snapshot/panlex-20191001-csv/6898#113623347>		"Irigwei"@ln	
"Puerto Rico"@hsb	<https://panlex.org/snapshot/panlex-20191001-csv/6898#113612433>				<https://panlex.org/snapshot/panlex-20191001-csv/6898#113612424>		"Pɔtoriko"@ln	
"Kongo-Brazzaville"@hsb	<https://panlex.org/snapshot/panlex-20191001-csv/6898#113599018>				<https://panlex.org/snapshot/panlex-20191001-csv/6898#113599163>		"Kongo"@ln	
"Kongo-Brazzaville"@hsb	<https://panlex.org/snapshot/panlex-20191001-csv/6898#113599018>				<https://panlex.org/snapshot/panlex-20191001-csv/6898#113599177>		"Kongó-Brazzaville"@ln	
"Němska"@hsb	<https://panlex.org/snapshot/panlex-20191001-csv/5950#85858362>				<https://panlex.org/snapshot/panlex-20191001-csv/5950#85858376>		"Alémani"@ln	
"Afghanistan"@hsb	<https://panlex.org/snapshot/panlex-20191001-csv/5947#84579162>				<https://panlex.org/snapshot/panlex-20191001-csv/5947#84579201>		"Afganistáni"@ln	
"póndźela"@hsb	<https://panlex.org/snapshot/panlex-20191001-csv/5947#84803432>				<https://panlex.org/snapshot/panlex-20191001-csv/5947#84803490>		"mokolo ya mosálá"@ln	
"póndźela"@hsb	<https://panlex.org/snapshot/panlex-20191001-csv/5947#84803432>				<https://panlex.org/snapshot/panlex-20191001-csv/5947#84803489>		"mókó"@ln	
"póndźela"@hsb	<https://panlex.org/snapshot/panlex-20191001-csv/5947#84803432>				<https://panlex.org/snapshot/panlex-20191001-csv/5947#84803491>		"mokolo ya mosala moko"@ln	
"póndźela"@hsb	<https://panlex.org/snapshot/panlex-20191001-csv/5947#84803432>				<https://panlex.org/snapshot/panlex-20191001-csv/5947#84803492>		"mokɔlɔ ya libosó"@ln	
"Šwedska"@hsb	<https://panlex.org/snapshot/panlex-20191001-csv/5947#84612228>				<https://panlex.org/snapshot/panlex-20191001-csv/5947#84612250>		"Swési"@ln	
"mały róžk"@hsb	<https://panlex.org/snapshot/panlex-20191001-csv/5947#84742878>				<https://panlex.org/snapshot/panlex-20191001-csv/5947#84742935>		"febwáli"@ln	
"mały róžk"@hsb	<https://panlex.org/snapshot/panlex-20191001-csv/5947#84742878>				<https://panlex.org/snapshot/panlex-20191001-csv/5947#84742936>		"sánzá ya míbalé"@ln	
"Pólska"@hsb	<https://panlex.org/snapshot/panlex-20191001-csv/5947#84607748>				<https://panlex.org/snapshot/panlex-20191001-csv/5947#84607779>		"Poloni"@ln	
"Saudi-Arabska"@hsb	<https://panlex.org/snapshot/panlex-20191001-csv/5947#84582079>				<https://panlex.org/snapshot/panlex-20191001-csv/5947#84582096>		"Saudi Arabia"@ln	
"Afghanistan"@hsb	<https://panlex.org/snapshot/panlex-20191001-csv/5939#80708828>				<https://panlex.org/snapshot/panlex-20191001-csv/5939#80708847>		"Afganistani"@ln	
"haperleja"@hsb	<https://panlex.org/snapshot/panlex-20191001-csv/5939#80725343>				<https://panlex.org/snapshot/panlex-20191001-csv/5939#80725358>		"avril"@ln	
"hodownik"@hsb	<https://panlex.org/snapshot/panlex-20191001-csv/5939#80782960>				<https://panlex.org/snapshot/panlex-20191001-csv/5939#80782974>		"desembere"@ln	
"apryl"@hsb	<https://panlex.org/snapshot/panlex-20191001-csv/5939#80725342>				<https://panlex.org/snapshot/panlex-20191001-csv/5939#80725358>		"avril"@ln	
"nĕmčina"@hsb	<https://panlex.org/snapshot/panlex-20191001-csv/5939#80782386>				<https://panlex.org/snapshot/panlex-20191001-csv/5939#80782419>		"lialémani"@ln	
"paduch"@hsb	<https://panlex.org/snapshot/panlex-20191001-csv/5939#80783876>				<https://panlex.org/snapshot/panlex-20191001-csv/5939#80783884>		"moyíbi"@ln	
"wutora"@hsb	<https://panlex.org/snapshot/panlex-20191001-csv/5939#80784025>				<https://panlex.org/snapshot/panlex-20191001-csv/5939#80784040>		"mokolo ya mibale"@ln	
"februar"@hsb	<https://panlex.org/snapshot/panlex-20191001-csv/5939#80811242>				<https://panlex.org/snapshot/panlex-20191001-csv/5939#80811268>		"sánzá ya míbalé"@ln	
"Němska"@hsb	<https://panlex.org/snapshot/panlex-20191001-csv/5939#80782703>				<https://panlex.org/snapshot/panlex-20191001-csv/5939#80782738>		"Alémani"@ln	
"nalěćo"@hsb	<https://panlex.org/snapshot/panlex-20191001-csv/5939#80824547>				<https://panlex.org/snapshot/panlex-20191001-csv/5939#80824565>		"eleco ya mbula"@ln	
"december"@hsb	<https://panlex.org/snapshot/panlex-20191001-csv/5939#80782959>				<https://panlex.org/snapshot/panlex-20191001-csv/5939#80782974>		"desembere"@ln	
"rĕka"@hsb	<https://panlex.org/snapshot/panlex-20191001-csv/5939#80818590>				<https://panlex.org/snapshot/panlex-20191001-csv/5939#80818614>		"ebale"@ln	
"awgust"@hsb	<https://panlex.org/snapshot/panlex-20191001-csv/5939#80734606>				<https://panlex.org/snapshot/panlex-20191001-csv/5939#80734622>		"ogusiti"@ln	
"Berlin"@hsb	<https://panlex.org/snapshot/panlex-20191001-csv/5949#85302439>				<https://panlex.org/snapshot/panlex-20191001-csv/5949#85302475>		"Berlin"@ln	
"Tansania"@hsb	<https://panlex.org/snapshot/panlex-20191001-csv/5949#85321606>				<https://panlex.org/snapshot/panlex-20191001-csv/5949#85321627>		"Tanzania"@ln	
"Biblija"@hsb	<https://panlex.org/snapshot/panlex-20191001-csv/5949#85302692>				<https://panlex.org/snapshot/panlex-20191001-csv/5949#85302729>		"Biblíya"@ln	
"Jeruzalem"@hsb	<https://panlex.org/snapshot/panlex-20191001-csv/5949#85309940>				<https://panlex.org/snapshot/panlex-20191001-csv/5949#85309974>		"Yerusalémi"@ln	
"awgust"@hsb	<https://panlex.org/snapshot/panlex-20191001-csv/5949#85329364>				<https://panlex.org/snapshot/panlex-20191001-csv/5949#85329419>		"sánzá ya mwambe"@ln	
"awgust"@hsb	<https://panlex.org/snapshot/panlex-20191001-csv/5949#85329364>				<https://panlex.org/snapshot/panlex-20191001-csv/5949#85329418>		"augústo"@ln	
"awgust"@hsb	<https://panlex.org/snapshot/panlex-20191001-csv/5949#85329364>				<https://panlex.org/snapshot/panlex-20191001-csv/5949#85329420>		"ogusiti"@ln	
"Ruska"@hsb	<https://panlex.org/snapshot/panlex-20191001-csv/5949#85319468>				<https://panlex.org/snapshot/panlex-20191001-csv/5949#85319526>		"Rusí"@ln	
"Turkowska"@hsb	<https://panlex.org/snapshot/panlex-20191001-csv/5949#85322516>				<https://panlex.org/snapshot/panlex-20191001-csv/5949#85322547>		"Turkí"@ln	
"Riga"@hsb	<https://panlex.org/snapshot/panlex-20191001-csv/5949#85319209>				<https://panlex.org/snapshot/panlex-20191001-csv/5949#85319228>		"Riga"@ln	
"Peru"@hsb	<https://panlex.org/snapshot/panlex-20191001-csv/5949#85318240>				<https://panlex.org/snapshot/panlex-20191001-csv/5949#85318271>		"Peru"@ln	
"Letiska"@hsb	<https://panlex.org/snapshot/panlex-20191001-csv/5949#85314292>				<https://panlex.org/snapshot/panlex-20191001-csv/5949#85314322>		"Letoni"@ln	
"Jemen"@hsb	<https://panlex.org/snapshot/panlex-20191001-csv/5949#85310995>				<https://panlex.org/snapshot/panlex-20191001-csv/5949#85311015>		"Yeméni"@ln	
"Europa"@hsb	<https://panlex.org/snapshot/panlex-20191001-csv/5949#85308550>				<https://panlex.org/snapshot/panlex-20191001-csv/5949#85308583>		"Erópa"@ln	
"Šotiska"@hsb	<https://panlex.org/snapshot/panlex-20191001-csv/5949#85325235>				<https://panlex.org/snapshot/panlex-20191001-csv/5949#85325268>		"Ekósi"@ln	
"Finska"@hsb	<https://panlex.org/snapshot/panlex-20191001-csv/5949#85323185>				<https://panlex.org/snapshot/panlex-20191001-csv/5949#85323209>		"Finilanda"@ln	
"Słónco"@hsb	<https://panlex.org/snapshot/panlex-20191001-csv/5949#85320913>				<https://panlex.org/snapshot/panlex-20191001-csv/5949#85320945>		"Mói"@ln	
"žnjenc"@hsb	<https://panlex.org/snapshot/panlex-20191001-csv/5949#85329363>				<https://panlex.org/snapshot/panlex-20191001-csv/5949#85329419>		"sánzá ya mwambe"@ln	
"žnjenc"@hsb	<https://panlex.org/snapshot/panlex-20191001-csv/5949#85329363>				<https://panlex.org/snapshot/panlex-20191001-csv/5949#85329418>		"augústo"@ln	
"žnjenc"@hsb	<https://panlex.org/snapshot/panlex-20191001-csv/5949#85329363>				<https://panlex.org/snapshot/panlex-20191001-csv/5949#85329420>		"ogusiti"@ln	
"swahilšćina"@hsb	<https://panlex.org/snapshot/panlex-20191001-csv/405#13632254>				<https://panlex.org/snapshot/panlex-20191001-csv/405#13632267>		"kiswahíli"@ln	
"němska rěč"@hsb	<https://panlex.org/snapshot/panlex-20191001-csv/405#13624630>				<https://panlex.org/snapshot/panlex-20191001-csv/405#13624651>		"lialémani"@ln	
"Španišćina"@hsb	<https://panlex.org/snapshot/panlex-20191001-csv/405#13632071>				<https://panlex.org/snapshot/panlex-20191001-csv/405#13632093>		"lispanyoli"@ln	
"jendźelšćina"@hsb	<https://panlex.org/snapshot/panlex-20191001-csv/405#13623607>				<https://panlex.org/snapshot/panlex-20191001-csv/405#13623634>		"lingɛlɛ́sa"@ln	
"francošćina"@hsb	<https://panlex.org/snapshot/panlex-20191001-csv/405#13624261>				<https://panlex.org/snapshot/panlex-20191001-csv/405#13624287>		"falansé"@ln	
"hebrejšćina"@hsb	<https://panlex.org/snapshot/panlex-20191001-csv/405#13625248>				<https://panlex.org/snapshot/panlex-20191001-csv/405#13625265>		"liébeleo"@ln	
"grjekšćina"@hsb	<https://panlex.org/snapshot/panlex-20191001-csv/405#13624912>				<https://panlex.org/snapshot/panlex-20191001-csv/405#13624927>		"ligreki"@ln	
"nižozemšćina"@hsb	<https://panlex.org/snapshot/panlex-20191001-csv/405#13623407>				<https://panlex.org/snapshot/panlex-20191001-csv/405#13623423>		"lifalamá"@ln	
"arabšćina"@hsb	<https://panlex.org/snapshot/panlex-20191001-csv/405#13620820>				<https://panlex.org/snapshot/panlex-20191001-csv/405#13620844>		"liarabi"@ln	
"lěćo"@hsb	<https://panlex.org/snapshot/panlex-20191001-csv/9#478425>				<https://panlex.org/snapshot/panlex-20191001-csv/9#478436>		"eleko ya moi makasi"@ln	
"nalěćo"@hsb	<https://panlex.org/snapshot/panlex-20191001-csv/9#478294>				<https://panlex.org/snapshot/panlex-20191001-csv/9#478307>		"eleco ya mbula"@ln	
"apryl"@hsb	<https://panlex.org/snapshot/panlex-20191001-csv/9#473126>				<https://panlex.org/snapshot/panlex-20191001-csv/9#473140>		"avril"@ln	
"Němska"@hsb	<https://panlex.org/snapshot/panlex-20191001-csv/9#474788>				<https://panlex.org/snapshot/panlex-20191001-csv/9#474812>		"Alémani"@ln	
"dźewjeć"@hsb	<https://panlex.org/snapshot/panlex-20191001-csv/9#490966>				<https://panlex.org/snapshot/panlex-20191001-csv/9#490997>		"libwa"@ln	
"njedźela"@hsb	<https://panlex.org/snapshot/panlex-20191001-csv/9#475183>				<https://panlex.org/snapshot/panlex-20191001-csv/9#475195>		"lomingo"@ln	
"awgust"@hsb	<https://panlex.org/snapshot/panlex-20191001-csv/9#473445>				<https://panlex.org/snapshot/panlex-20191001-csv/9#473460>		"ogusiti"@ln	
"kofej"@hsb	<https://panlex.org/snapshot/panlex-20191001-csv/9#476709>				<https://panlex.org/snapshot/panlex-20191001-csv/9#476723>		"kafe"@ln	
"woda"@hsb	<https://panlex.org/snapshot/panlex-20191001-csv/12#850952>				<https://panlex.org/snapshot/panlex-20191001-csv/12#851016>		"mai"@ln	
"fyzika"@hsb	<https://panlex.org/snapshot/panlex-20191001-csv/2904#111024033>				<https://panlex.org/snapshot/panlex-20191001-csv/2904#111024068>		"fízíkí"@ln	
"chemija"@hsb	<https://panlex.org/snapshot/panlex-20191001-csv/2904#111022416>				<https://panlex.org/snapshot/panlex-20191001-csv/2904#111022527>		"kémi"@ln	
"geografija"@hsb	<https://panlex.org/snapshot/panlex-20191001-csv/2904#111022809>				<https://panlex.org/snapshot/panlex-20191001-csv/2904#111022807>		"mambí ma mabelé"@ln	
"zemjepis"@hsb	<https://panlex.org/snapshot/panlex-20191001-csv/2904#111022717>				<https://panlex.org/snapshot/panlex-20191001-csv/2904#111022807>		"mambí ma mabelé"@ln	
"hwězdarstwo"@hsb	<https://panlex.org/snapshot/panlex-20191001-csv/2904#111021988>				<https://panlex.org/snapshot/panlex-20191001-csv/2904#111022126>		"mambí ma nzɔ́tɔ"@ln	
"astronomija"@hsb	<https://panlex.org/snapshot/panlex-20191001-csv/2904#111022049>				<https://panlex.org/snapshot/panlex-20191001-csv/2904#111022126>		"mambí ma nzɔ́tɔ"@ln	
"Ekwator"@hsb	<https://panlex.org/snapshot/panlex-20191001-csv/2910#110855171>				<https://panlex.org/snapshot/panlex-20191001-csv/2910#110855132>		"Mambénga"@ln	
"měr"@hsb	<https://panlex.org/snapshot/panlex-20191001-csv/2902#111012157>				<https://panlex.org/snapshot/panlex-20191001-csv/2902#111012278>		"kímía"@ln	
"Čerwjene morjo"@hsb	<https://panlex.org/snapshot/panlex-20191001-csv/2905#110871043>				<https://panlex.org/snapshot/panlex-20191001-csv/2905#110870936>		"Mai Matelo"@ln	
"Srjedźne morjo"@hsb	<https://panlex.org/snapshot/panlex-20191001-csv/2905#110870302>				<https://panlex.org/snapshot/panlex-20191001-csv/2905#110870440>		"Mbu ya Kati"@ln	
"Srjedźne morjo"@hsb	<https://panlex.org/snapshot/panlex-20191001-csv/2905#110870302>				<https://panlex.org/snapshot/panlex-20191001-csv/2905#110870475>		"Mediterané"@ln	
"Čorne morjo"@hsb	<https://panlex.org/snapshot/panlex-20191001-csv/2905#110869091>				<https://panlex.org/snapshot/panlex-20191001-csv/2905#110869220>		"Mbu Moindo"@ln	
"Atlantiski ocean"@hsb	<https://panlex.org/snapshot/panlex-20191001-csv/2901#110867602>				<https://panlex.org/snapshot/panlex-20191001-csv/2901#110867508>		"Lombú Atlantíki"@ln	
"Pacifik"@hsb	<https://panlex.org/snapshot/panlex-20191001-csv/2901#110868138>				<https://panlex.org/snapshot/panlex-20191001-csv/2901#110867933>		"Lombú Pasifíki"@ln	
"Indiski ocean"@hsb	<https://panlex.org/snapshot/panlex-20191001-csv/2901#110867733>				<https://panlex.org/snapshot/panlex-20191001-csv/2901#110867627>		"Lombú India"@ln	
"Atlantik"@hsb	<https://panlex.org/snapshot/panlex-20191001-csv/2901#110867529>				<https://panlex.org/snapshot/panlex-20191001-csv/2901#110867508>		"Lombú Atlantíki"@ln	
"Ćichi ocean"@hsb	<https://panlex.org/snapshot/panlex-20191001-csv/2901#110867930>				<https://panlex.org/snapshot/panlex-20191001-csv/2901#110867933>		"Lombú Pasifíki"@ln	
"Jan Křćenik"@hsb	<https://panlex.org/snapshot/panlex-20191001-csv/2906#111020445>				<https://panlex.org/snapshot/panlex-20191001-csv/2906#111020425>		"Yoane Mobatisi"@ln	
"borda"@hsb	<https://panlex.org/snapshot/panlex-20191001-csv/3776#91739406>				<https://panlex.org/snapshot/panlex-20191001-csv/3776#91739427>		"ndefu"@ln	
"wječor"@hsb	<https://panlex.org/snapshot/panlex-20191001-csv/3776#91696161>				<https://panlex.org/snapshot/panlex-20191001-csv/3776#91696184>		"mpokwa"@ln	
"Somalija"@hsb	<https://panlex.org/snapshot/panlex-20191001-csv/3776#91728157>				<https://panlex.org/snapshot/panlex-20191001-csv/3776#91728175>		"Somalia"@ln	
"kokosowa palma"@hsb	<https://panlex.org/snapshot/panlex-20191001-csv/3776#91772769>				<https://panlex.org/snapshot/panlex-20191001-csv/3776#91772780>		"kokotí"@ln	
"Wuchodny Timor"@hsb	<https://panlex.org/snapshot/panlex-20191001-csv/3776#91727745>				<https://panlex.org/snapshot/panlex-20191001-csv/3776#91727759>		"Timor ya monyɛlɛ"@ln	
"law"@hsb	<https://panlex.org/snapshot/panlex-20191001-csv/3776#91671963>				<https://panlex.org/snapshot/panlex-20191001-csv/3776#91671984>		"nkɔ́si"@ln	
"law"@hsb	<https://panlex.org/snapshot/panlex-20191001-csv/3776#91671963>				<https://panlex.org/snapshot/panlex-20191001-csv/3776#91671985>		"ntámbo"@ln	
"law"@hsb	<https://panlex.org/snapshot/panlex-20191001-csv/3776#91671963>				<https://panlex.org/snapshot/panlex-20191001-csv/3776#91671986>		"simba"@ln	
"ISO 639"@hsb	<https://panlex.org/snapshot/panlex-20191001-csv/3776#91881359>				<https://panlex.org/snapshot/panlex-20191001-csv/3776#91881381>		"ISO 639"@ln	
"woda"@hsb	<https://panlex.org/snapshot/panlex-20191001-csv/11#787587>				<https://panlex.org/snapshot/panlex-20191001-csv/11#787625>		"mai"@ln	
"wołoj"@hsb	<https://panlex.org/snapshot/panlex-20191001-csv/2893#110995692>				<https://panlex.org/snapshot/panlex-20191001-csv/2893#110995639>		"kubéle"@ln	
"hlinik"@hsb	<https://panlex.org/snapshot/panlex-20191001-csv/2893#110991339>				<https://panlex.org/snapshot/panlex-20191001-csv/2893#110991262>		"aluminyu"@ln	
"natrij"@hsb	<https://panlex.org/snapshot/panlex-20191001-csv/2893#110990977>				<https://panlex.org/snapshot/panlex-20191001-csv/2893#110990864>		"sodu"@ln	
"helium"@hsb	<https://panlex.org/snapshot/panlex-20191001-csv/2893#110989560>				<https://panlex.org/snapshot/panlex-20191001-csv/2893#110989540>		"eliyúmu"@ln	
"kalium"@hsb	<https://panlex.org/snapshot/panlex-20191001-csv/2893#110992287>				<https://panlex.org/snapshot/panlex-20191001-csv/2893#110992301>		"potasu"@ln	
"fluor"@hsb	<https://panlex.org/snapshot/panlex-20191001-csv/2893#110990552>				<https://panlex.org/snapshot/panlex-20191001-csv/2893#110990497>		"folina"@ln	
"aluminij"@hsb	<https://panlex.org/snapshot/panlex-20191001-csv/2893#110991346>				<https://panlex.org/snapshot/panlex-20191001-csv/2893#110991262>		"aluminyu"@ln	
"wolfram"@hsb	<https://panlex.org/snapshot/panlex-20191001-csv/2893#110994894>				<https://panlex.org/snapshot/panlex-20191001-csv/2893#110994783>		"tungu"@ln	
"brom"@hsb	<https://panlex.org/snapshot/panlex-20191001-csv/2893#110993902>				<https://panlex.org/snapshot/panlex-20191001-csv/2893#110993859>		"bomo"@ln	
"kalcij"@hsb	<https://panlex.org/snapshot/panlex-20191001-csv/2893#110992456>				<https://panlex.org/snapshot/panlex-20191001-csv/2893#110992481>		"kalisu"@ln	
"uran"@hsb	<https://panlex.org/snapshot/panlex-20191001-csv/2893#110995934>				<https://panlex.org/snapshot/panlex-20191001-csv/2893#110995940>		"ulanu"@ln	
"slěbro"@hsb	<https://panlex.org/snapshot/panlex-20191001-csv/2893#110994056>				<https://panlex.org/snapshot/panlex-20191001-csv/2893#110994142>		"sɛ́ngi"@ln	
"cynk"@hsb	<https://panlex.org/snapshot/panlex-20191001-csv/2893#110993404>				<https://panlex.org/snapshot/panlex-20191001-csv/2893#110993489>		"zɛ́nki"@ln	
"kopor"@hsb	<https://panlex.org/snapshot/panlex-20191001-csv/2893#110993335>				<https://panlex.org/snapshot/panlex-20191001-csv/2893#110993358>		"mbengi"@ln	
"wodźik"@hsb	<https://panlex.org/snapshot/panlex-20191001-csv/2893#110989318>				<https://panlex.org/snapshot/panlex-20191001-csv/2893#110989479>		"idrojɛ́ní"@ln	
"selik"@hsb	<https://panlex.org/snapshot/panlex-20191001-csv/2893#110992109>				<https://panlex.org/snapshot/panlex-20191001-csv/2893#110992196>		"koloki"@ln	
"wuhlik"@hsb	<https://panlex.org/snapshot/panlex-20191001-csv/2893#110990001>				<https://panlex.org/snapshot/panlex-20191001-csv/2893#110990055>		"kaboni"@ln	
"silicij"@hsb	<https://panlex.org/snapshot/panlex-20191001-csv/2893#110991575>				<https://panlex.org/snapshot/panlex-20191001-csv/2893#110991452>		"siliki"@ln	
"bronik"@hsb	<https://panlex.org/snapshot/panlex-20191001-csv/2893#110993063>				<https://panlex.org/snapshot/panlex-20191001-csv/2893#110993020>		"nikɛ́li"@ln	
"nikl"@hsb	<https://panlex.org/snapshot/panlex-20191001-csv/2893#110993081>				<https://panlex.org/snapshot/panlex-20191001-csv/2893#110993020>		"nikɛ́li"@ln	
"žiwe slěbro"@hsb	<https://panlex.org/snapshot/panlex-20191001-csv/2893#110995439>				<https://panlex.org/snapshot/panlex-20191001-csv/2893#110995474>		"mekuli"@ln	
"kobalt"@hsb	<https://panlex.org/snapshot/panlex-20191001-csv/2893#110992939>				<https://panlex.org/snapshot/panlex-20191001-csv/2893#110992884>		"kobalti"@ln	
"železo"@hsb	<https://panlex.org/snapshot/panlex-20191001-csv/2893#110992777>				<https://panlex.org/snapshot/panlex-20191001-csv/2893#110992780>		"ebendé"@ln	
"fosfor"@hsb	<https://panlex.org/snapshot/panlex-20191001-csv/2893#110991790>				<https://panlex.org/snapshot/panlex-20191001-csv/2893#110991725>		"fosofo"@ln	
"jod"@hsb	<https://panlex.org/snapshot/panlex-20191001-csv/2893#110994577>				<https://panlex.org/snapshot/panlex-20191001-csv/2893#110994662>		"ide"@ln	
"chlor"@hsb	<https://panlex.org/snapshot/panlex-20191001-csv/2893#110992161>				<https://panlex.org/snapshot/panlex-20191001-csv/2893#110992196>		"koloki"@ln	
"syrik"@hsb	<https://panlex.org/snapshot/panlex-20191001-csv/2893#110992008>				<https://panlex.org/snapshot/panlex-20191001-csv/2893#110991893>		"sufa"@ln	
"dusyk"@hsb	<https://panlex.org/snapshot/panlex-20191001-csv/2893#110990261>				<https://panlex.org/snapshot/panlex-20191001-csv/2893#110990095>		"azoti"@ln	
"cyn"@hsb	<https://panlex.org/snapshot/panlex-20191001-csv/2893#110994335>				<https://panlex.org/snapshot/panlex-20191001-csv/2893#110994309>		"etani"@ln	
"złoto"@hsb	<https://panlex.org/snapshot/panlex-20191001-csv/2893#110995237>				<https://panlex.org/snapshot/panlex-20191001-csv/2893#110995226>		"wólo"@ln	
"platin"@hsb	<https://panlex.org/snapshot/panlex-20191001-csv/2893#110995042>				<https://panlex.org/snapshot/panlex-20191001-csv/2893#110995089>		"palata"@ln	
"bor"@hsb	<https://panlex.org/snapshot/panlex-20191001-csv/2893#110989793>				<https://panlex.org/snapshot/panlex-20191001-csv/2893#110989839>		"bolo"@ln	
"antimon"@hsb	<https://panlex.org/snapshot/panlex-20191001-csv/2893#110994457>				<https://panlex.org/snapshot/panlex-20191001-csv/2893#110994458>		"antimoni"@ln	
"magnezij"@hsb	<https://panlex.org/snapshot/panlex-20191001-csv/2893#110991241>				<https://panlex.org/snapshot/panlex-20191001-csv/2893#110991214>		"manezu"@ln	
"neon"@hsb	<https://panlex.org/snapshot/panlex-20191001-csv/2893#110990701>				<https://panlex.org/snapshot/panlex-20191001-csv/2893#110990827>		"neoni"@ln	
"periodowy system"@hsb	<https://panlex.org/snapshot/panlex-20191001-csv/2893#110989257>				<https://panlex.org/snapshot/panlex-20191001-csv/2893#110989177>		"etánda ya bileko"@ln	
"kislik"@hsb	<https://panlex.org/snapshot/panlex-20191001-csv/2893#110990433>				<https://panlex.org/snapshot/panlex-20191001-csv/2893#110990481>		"oksijɛ́ní"@ln	
"arsen"@hsb	<https://panlex.org/snapshot/panlex-20191001-csv/2893#110993658>				<https://panlex.org/snapshot/panlex-20191001-csv/2893#110993650>		"aseni"@ln	
"njedźela"@hsb	<https://panlex.org/snapshot/panlex-20191001-csv/2892#110826993>				<https://panlex.org/snapshot/panlex-20191001-csv/2892#110826597>		"eyenga"@ln	
"njedźela"@hsb	<https://panlex.org/snapshot/panlex-20191001-csv/2892#110826993>				<https://panlex.org/snapshot/panlex-20191001-csv/2892#110826697>		"lomíngo"@ln	
"srjeda"@hsb	<https://panlex.org/snapshot/panlex-20191001-csv/2892#110824969>				<https://panlex.org/snapshot/panlex-20191001-csv/2892#110824988>		"mokɔlɔ ya mísáto"@ln	
"wutora"@hsb	<https://panlex.org/snapshot/panlex-20191001-csv/2892#110824727>				<https://panlex.org/snapshot/panlex-20191001-csv/2892#110824588>		"mokɔlɔ ya míbalé"@ln	
"póndźela"@hsb	<https://panlex.org/snapshot/panlex-20191001-csv/2892#110824184>				<https://panlex.org/snapshot/panlex-20191001-csv/2892#110824287>		"mokɔlɔ ya libosó"@ln	
"sobota"@hsb	<https://panlex.org/snapshot/panlex-20191001-csv/2892#110826539>				<https://panlex.org/snapshot/panlex-20191001-csv/2892#110826272>		"mpɔ́sɔ"@ln	
"pjatk"@hsb	<https://panlex.org/snapshot/panlex-20191001-csv/2892#110825798>				<https://panlex.org/snapshot/panlex-20191001-csv/2892#110826115>		"mokɔlɔ ya mítáno"@ln	
"štwórtk"@hsb	<https://panlex.org/snapshot/panlex-20191001-csv/2892#110825457>				<https://panlex.org/snapshot/panlex-20191001-csv/2892#110825591>		"mokɔlɔ ya mínéi"@ln	
"nowember"@hsb	<https://panlex.org/snapshot/panlex-20191001-csv/2897#110831138>				<https://panlex.org/snapshot/panlex-20191001-csv/2897#110831187>		"novɛ́mbɛ"@ln	
"nowember"@hsb	<https://panlex.org/snapshot/panlex-20191001-csv/2897#110831138>				<https://panlex.org/snapshot/panlex-20191001-csv/2897#110831162>		"sánzá ya zómí na mɔ̌kɔ́"@ln	
"mały róžk"@hsb	<https://panlex.org/snapshot/panlex-20191001-csv/2897#110827617>				<https://panlex.org/snapshot/panlex-20191001-csv/2897#110827797>		"sánzá ya míbalé"@ln	
"mały róžk"@hsb	<https://panlex.org/snapshot/panlex-20191001-csv/2897#110827617>				<https://panlex.org/snapshot/panlex-20191001-csv/2897#110827674>		"febwáli"@ln	
"wulki róžk"@hsb	<https://panlex.org/snapshot/panlex-20191001-csv/2897#110827388>				<https://panlex.org/snapshot/panlex-20191001-csv/2897#110827146>		"yanwáli"@ln	
"wulki róžk"@hsb	<https://panlex.org/snapshot/panlex-20191001-csv/2897#110827388>				<https://panlex.org/snapshot/panlex-20191001-csv/2897#110827289>		"sánzá ya yambo"@ln	
"žnjenc"@hsb	<https://panlex.org/snapshot/panlex-20191001-csv/2897#110829967>				<https://panlex.org/snapshot/panlex-20191001-csv/2897#110829895>		"sánzá ya mwambe"@ln	
"žnjenc"@hsb	<https://panlex.org/snapshot/panlex-20191001-csv/2897#110829967>				<https://panlex.org/snapshot/panlex-20191001-csv/2897#110830043>		"augústo"@ln	
"december"@hsb	<https://panlex.org/snapshot/panlex-20191001-csv/2897#110831579>				<https://panlex.org/snapshot/panlex-20191001-csv/2897#110831830>		"dɛsɛ́mbɛ"@ln	
"december"@hsb	<https://panlex.org/snapshot/panlex-20191001-csv/2897#110831579>				<https://panlex.org/snapshot/panlex-20191001-csv/2897#110831682>		"sánzá ya zómí na míbalé"@ln	
"apryl"@hsb	<https://panlex.org/snapshot/panlex-20191001-csv/2897#110828580>				<https://panlex.org/snapshot/panlex-20191001-csv/2897#110828271>		"apríli"@ln	
"apryl"@hsb	<https://panlex.org/snapshot/panlex-20191001-csv/2897#110828580>				<https://panlex.org/snapshot/panlex-20191001-csv/2897#110828555>		"sánzá ya mínéi"@ln	
"oktober"@hsb	<https://panlex.org/snapshot/panlex-20191001-csv/2897#110830981>				<https://panlex.org/snapshot/panlex-20191001-csv/2897#110830854>		"sánzá ya zómí"@ln	
"oktober"@hsb	<https://panlex.org/snapshot/panlex-20191001-csv/2897#110830981>				<https://panlex.org/snapshot/panlex-20191001-csv/2897#110830998>		"ɔkɔtɔ́bɛ"@ln	
"februar"@hsb	<https://panlex.org/snapshot/panlex-20191001-csv/2897#110827564>				<https://panlex.org/snapshot/panlex-20191001-csv/2897#110827797>		"sánzá ya míbalé"@ln	
"februar"@hsb	<https://panlex.org/snapshot/panlex-20191001-csv/2897#110827564>				<https://panlex.org/snapshot/panlex-20191001-csv/2897#110827674>		"febwáli"@ln	
"měrc"@hsb	<https://panlex.org/snapshot/panlex-20191001-csv/2897#110828241>				<https://panlex.org/snapshot/panlex-20191001-csv/2897#110828207>		"mársi"@ln	
"měrc"@hsb	<https://panlex.org/snapshot/panlex-20191001-csv/2897#110828241>				<https://panlex.org/snapshot/panlex-20191001-csv/2897#110828141>		"sánzá ya mísáto"@ln	
"winowc"@hsb	<https://panlex.org/snapshot/panlex-20191001-csv/2897#110830796>				<https://panlex.org/snapshot/panlex-20191001-csv/2897#110830854>		"sánzá ya zómí"@ln	
"winowc"@hsb	<https://panlex.org/snapshot/panlex-20191001-csv/2897#110830796>				<https://panlex.org/snapshot/panlex-20191001-csv/2897#110830998>		"ɔkɔtɔ́bɛ"@ln	
"hodownik"@hsb	<https://panlex.org/snapshot/panlex-20191001-csv/2897#110831552>				<https://panlex.org/snapshot/panlex-20191001-csv/2897#110831830>		"dɛsɛ́mbɛ"@ln	
"hodownik"@hsb	<https://panlex.org/snapshot/panlex-20191001-csv/2897#110831552>				<https://panlex.org/snapshot/panlex-20191001-csv/2897#110831682>		"sánzá ya zómí na míbalé"@ln	
"julij"@hsb	<https://panlex.org/snapshot/panlex-20191001-csv/2897#110829622>				<https://panlex.org/snapshot/panlex-20191001-csv/2897#110829855>		"sánzá ya nsambo"@ln	
"julij"@hsb	<https://panlex.org/snapshot/panlex-20191001-csv/2897#110829622>				<https://panlex.org/snapshot/panlex-20191001-csv/2897#110829638>		"yúli"@ln	
"jutrownik"@hsb	<https://panlex.org/snapshot/panlex-20191001-csv/2897#110828552>				<https://panlex.org/snapshot/panlex-20191001-csv/2897#110828271>		"apríli"@ln	
"jutrownik"@hsb	<https://panlex.org/snapshot/panlex-20191001-csv/2897#110828552>				<https://panlex.org/snapshot/panlex-20191001-csv/2897#110828555>		"sánzá ya mínéi"@ln	
"nazymnik"@hsb	<https://panlex.org/snapshot/panlex-20191001-csv/2897#110831408>				<https://panlex.org/snapshot/panlex-20191001-csv/2897#110831187>		"novɛ́mbɛ"@ln	
"nazymnik"@hsb	<https://panlex.org/snapshot/panlex-20191001-csv/2897#110831408>				<https://panlex.org/snapshot/panlex-20191001-csv/2897#110831162>		"sánzá ya zómí na mɔ̌kɔ́"@ln	
"smažnik"@hsb	<https://panlex.org/snapshot/panlex-20191001-csv/2897#110829377>				<https://panlex.org/snapshot/panlex-20191001-csv/2897#110829467>		"sánzá ya motóbá"@ln	
"smažnik"@hsb	<https://panlex.org/snapshot/panlex-20191001-csv/2897#110829377>				<https://panlex.org/snapshot/panlex-20191001-csv/2897#110829415>		"yúni"@ln	
"september"@hsb	<https://panlex.org/snapshot/panlex-20191001-csv/2897#110830348>				<https://panlex.org/snapshot/panlex-20191001-csv/2897#110830333>		"sánzá ya libwa"@ln	
"september"@hsb	<https://panlex.org/snapshot/panlex-20191001-csv/2897#110830348>				<https://panlex.org/snapshot/panlex-20191001-csv/2897#110830404>		"sɛtɛ́mbɛ"@ln	
"junij"@hsb	<https://panlex.org/snapshot/panlex-20191001-csv/2897#110829156>				<https://panlex.org/snapshot/panlex-20191001-csv/2897#110829467>		"sánzá ya motóbá"@ln	
"junij"@hsb	<https://panlex.org/snapshot/panlex-20191001-csv/2897#110829156>				<https://panlex.org/snapshot/panlex-20191001-csv/2897#110829415>		"yúni"@ln	
"pražnik"@hsb	<https://panlex.org/snapshot/panlex-20191001-csv/2897#110829526>				<https://panlex.org/snapshot/panlex-20191001-csv/2897#110829855>		"sánzá ya nsambo"@ln	
"pražnik"@hsb	<https://panlex.org/snapshot/panlex-20191001-csv/2897#110829526>				<https://panlex.org/snapshot/panlex-20191001-csv/2897#110829638>		"yúli"@ln	
"požnjenc"@hsb	<https://panlex.org/snapshot/panlex-20191001-csv/2897#110830424>				<https://panlex.org/snapshot/panlex-20191001-csv/2897#110830333>		"sánzá ya libwa"@ln	
"požnjenc"@hsb	<https://panlex.org/snapshot/panlex-20191001-csv/2897#110830424>				<https://panlex.org/snapshot/panlex-20191001-csv/2897#110830404>		"sɛtɛ́mbɛ"@ln	
"januar"@hsb	<https://panlex.org/snapshot/panlex-20191001-csv/2897#110827143>				<https://panlex.org/snapshot/panlex-20191001-csv/2897#110827146>		"yanwáli"@ln	
"januar"@hsb	<https://panlex.org/snapshot/panlex-20191001-csv/2897#110827143>				<https://panlex.org/snapshot/panlex-20191001-csv/2897#110827289>		"sánzá ya yambo"@ln	
"róžownik"@hsb	<https://panlex.org/snapshot/panlex-20191001-csv/2897#110829011>				<https://panlex.org/snapshot/panlex-20191001-csv/2897#110828844>		"sánzá ya mítáno"@ln	
"róžownik"@hsb	<https://panlex.org/snapshot/panlex-20191001-csv/2897#110829011>				<https://panlex.org/snapshot/panlex-20191001-csv/2897#110828811>		"máyí"@ln	
"nalětnik"@hsb	<https://panlex.org/snapshot/panlex-20191001-csv/2897#110827899>				<https://panlex.org/snapshot/panlex-20191001-csv/2897#110828207>		"mársi"@ln	
"nalětnik"@hsb	<https://panlex.org/snapshot/panlex-20191001-csv/2897#110827899>				<https://panlex.org/snapshot/panlex-20191001-csv/2897#110828141>		"sánzá ya mísáto"@ln	
"meja"@hsb	<https://panlex.org/snapshot/panlex-20191001-csv/2897#110828835>				<https://panlex.org/snapshot/panlex-20191001-csv/2897#110828844>		"sánzá ya mítáno"@ln	
"meja"@hsb	<https://panlex.org/snapshot/panlex-20191001-csv/2897#110828835>				<https://panlex.org/snapshot/panlex-20191001-csv/2897#110828811>		"máyí"@ln	
"awgust"@hsb	<https://panlex.org/snapshot/panlex-20191001-csv/2897#110830206>				<https://panlex.org/snapshot/panlex-20191001-csv/2897#110829895>		"sánzá ya mwambe"@ln	
"awgust"@hsb	<https://panlex.org/snapshot/panlex-20191001-csv/2897#110830206>				<https://panlex.org/snapshot/panlex-20191001-csv/2897#110830043>		"augústo"@ln	
"Europa"@hsb	<https://panlex.org/snapshot/panlex-20191001-csv/2891#110854281>				<https://panlex.org/snapshot/panlex-20191001-csv/2891#110854221>		"Erópa"@ln	
"Azija"@hsb	<https://panlex.org/snapshot/panlex-20191001-csv/2891#110853855>				<https://panlex.org/snapshot/panlex-20191001-csv/2891#110853781>		"Azía"@ln	
"Amerika"@hsb	<https://panlex.org/snapshot/panlex-20191001-csv/2891#110853377>				<https://panlex.org/snapshot/panlex-20191001-csv/2891#110853295>		"Ameríka"@ln	
"Afrika"@hsb	<https://panlex.org/snapshot/panlex-20191001-csv/2891#110853176>				<https://panlex.org/snapshot/panlex-20191001-csv/2891#110853216>		"Afilíka"@ln	
"Afrika"@hsb	<https://panlex.org/snapshot/panlex-20191001-csv/2891#110853176>				<https://panlex.org/snapshot/panlex-20191001-csv/2891#110853141>		"Afríka"@ln	
