"Kamjentna doba"@hsb	<https://panlex.org/snapshot/panlex-20191001-csv/6709#111075789>				<https://panlex.org/snapshot/panlex-20191001-csv/6709#111075911>		"Ngexesha lamatye"@xh	
"Němska"@hsb	<https://panlex.org/snapshot/panlex-20191001-csv/5950#85858362>				<https://panlex.org/snapshot/panlex-20191001-csv/5950#85858440>		"iJamani"@xh	
"póndźela"@hsb	<https://panlex.org/snapshot/panlex-20191001-csv/5947#84803432>				<https://panlex.org/snapshot/panlex-20191001-csv/5947#84803624>		"uMvulo"@xh	
"wjelk"@hsb	<https://panlex.org/snapshot/panlex-20191001-csv/5947#84884493>				<https://panlex.org/snapshot/panlex-20191001-csv/5947#84884552>		"ingcuka"@xh	
"mały róžk"@hsb	<https://panlex.org/snapshot/panlex-20191001-csv/5947#84742878>				<https://panlex.org/snapshot/panlex-20191001-csv/5947#84743067>		"uFebruwari"@xh	
"mały róžk"@hsb	<https://panlex.org/snapshot/panlex-20191001-csv/5947#84742878>				<https://panlex.org/snapshot/panlex-20191001-csv/5947#84743066>		"eyoMdumba"@xh	
"mały róžk"@hsb	<https://panlex.org/snapshot/panlex-20191001-csv/5947#84742878>				<https://panlex.org/snapshot/panlex-20191001-csv/5947#84743065>		"uFebhruwari"@xh	
"dźěd"@hsb	<https://panlex.org/snapshot/panlex-20191001-csv/5939#80846260>				<https://panlex.org/snapshot/panlex-20191001-csv/5939#80846325>		"ubawomkhulu"@xh	
"Zwjazkowa republika Němska"@hsb	<https://panlex.org/snapshot/panlex-20191001-csv/5939#80768202>				<https://panlex.org/snapshot/panlex-20191001-csv/5939#80768273>		"IRiphabliki yoManyano yaseJalimani"@xh	
"nĕmčina"@hsb	<https://panlex.org/snapshot/panlex-20191001-csv/5939#80782386>				<https://panlex.org/snapshot/panlex-20191001-csv/5939#80782487>		"isiJamani"@xh	
"februar"@hsb	<https://panlex.org/snapshot/panlex-20191001-csv/5939#80811242>				<https://panlex.org/snapshot/panlex-20191001-csv/5939#80811346>		"uFebruwari"@xh	
"Němska"@hsb	<https://panlex.org/snapshot/panlex-20191001-csv/5939#80782703>				<https://panlex.org/snapshot/panlex-20191001-csv/5939#80782829>		"iJamani"@xh	
"jendźelšćina"@hsb	<https://panlex.org/snapshot/panlex-20191001-csv/5939#80799705>				<https://panlex.org/snapshot/panlex-20191001-csv/5939#80799784>		"isiNgesi"@xh	
"špihel"@hsb	<https://panlex.org/snapshot/panlex-20191001-csv/5946#84446199>				<https://panlex.org/snapshot/panlex-20191001-csv/5946#84446355>		"isipili"@xh	
"Biblija"@hsb	<https://panlex.org/snapshot/panlex-20191001-csv/5949#85302692>				<https://panlex.org/snapshot/panlex-20191001-csv/5949#85302826>		"IBhayibhile"@xh	
"awgust"@hsb	<https://panlex.org/snapshot/panlex-20191001-csv/5949#85329364>				<https://panlex.org/snapshot/panlex-20191001-csv/5949#85329549>		"eyeThupha"@xh	
"awgust"@hsb	<https://panlex.org/snapshot/panlex-20191001-csv/5949#85329364>				<https://panlex.org/snapshot/panlex-20191001-csv/5949#85329548>		"uAgasti"@xh	
"Ruska"@hsb	<https://panlex.org/snapshot/panlex-20191001-csv/5949#85319468>				<https://panlex.org/snapshot/panlex-20191001-csv/5949#85319641>		"IRashiya"@xh	
"Słónco"@hsb	<https://panlex.org/snapshot/panlex-20191001-csv/5949#85320913>				<https://panlex.org/snapshot/panlex-20191001-csv/5949#85321017>		"iLanga"@xh	
"žnjenc"@hsb	<https://panlex.org/snapshot/panlex-20191001-csv/5949#85329363>				<https://panlex.org/snapshot/panlex-20191001-csv/5949#85329549>		"eyeThupha"@xh	
"žnjenc"@hsb	<https://panlex.org/snapshot/panlex-20191001-csv/5949#85329363>				<https://panlex.org/snapshot/panlex-20191001-csv/5949#85329548>		"uAgasti"@xh	
"němska rěč"@hsb	<https://panlex.org/snapshot/panlex-20191001-csv/405#13624630>				<https://panlex.org/snapshot/panlex-20191001-csv/405#13624705>		"IsiJamani"@xh	
"jendźelšćina"@hsb	<https://panlex.org/snapshot/panlex-20191001-csv/405#13623607>				<https://panlex.org/snapshot/panlex-20191001-csv/405#13623696>		"IsiNgesi"@xh	
"Němska"@hsb	<https://panlex.org/snapshot/panlex-20191001-csv/9#474788>				<https://panlex.org/snapshot/panlex-20191001-csv/9#474874>		"iJamani"@xh	
"jendźelšćina"@hsb	<https://panlex.org/snapshot/panlex-20191001-csv/9#479757>				<https://panlex.org/snapshot/panlex-20191001-csv/9#479821>		"isiNgesi"@xh	
"dźewjeć"@hsb	<https://panlex.org/snapshot/panlex-20191001-csv/9#490966>				<https://panlex.org/snapshot/panlex-20191001-csv/9#491070>		"ithoba"@xh	
"woda"@hsb	<https://panlex.org/snapshot/panlex-20191001-csv/12#850952>				<https://panlex.org/snapshot/panlex-20191001-csv/12#851251>		"nzi"@xh	
"kóń"@hsb	<https://panlex.org/snapshot/panlex-20191001-csv/12#856416>				<https://panlex.org/snapshot/panlex-20191001-csv/12#856462>		"hashe"@xh	
"złoto"@hsb	<https://panlex.org/snapshot/panlex-20191001-csv/12#914916>				<https://panlex.org/snapshot/panlex-20191001-csv/12#914958>		"rhawuti"@xh	
"złoto"@hsb	<https://panlex.org/snapshot/panlex-20191001-csv/12#844098>				<https://panlex.org/snapshot/panlex-20191001-csv/12#844140>		"rhawuti"@xh	
"fyzika"@hsb	<https://panlex.org/snapshot/panlex-20191001-csv/2904#111024033>				<https://panlex.org/snapshot/panlex-20191001-csv/2904#111024155>		"ifiziki"@xh	
"chemija"@hsb	<https://panlex.org/snapshot/panlex-20191001-csv/2904#111022416>				<https://panlex.org/snapshot/panlex-20191001-csv/2904#111022402>		"ikhemistiri"@xh	
"biologija"@hsb	<https://panlex.org/snapshot/panlex-20191001-csv/2904#111022251>				<https://panlex.org/snapshot/panlex-20191001-csv/2904#111022351>		"ibhayoloji"@xh	
"Ekwator"@hsb	<https://panlex.org/snapshot/panlex-20191001-csv/2910#110855171>				<https://panlex.org/snapshot/panlex-20191001-csv/2910#110855197>		"ikweyitha umda-mbindini"@xh	
"Sewjerny pol"@hsb	<https://panlex.org/snapshot/panlex-20191001-csv/2910#110854617>				<https://panlex.org/snapshot/panlex-20191001-csv/2910#110854655>		"incam yomNtla"@xh	
"Wobrotnik Raka"@hsb	<https://panlex.org/snapshot/panlex-20191001-csv/2910#110854968>				<https://panlex.org/snapshot/panlex-20191001-csv/2910#110854911>		"injiko kanonkala"@xh	
"Wobrotnik Kozoróžka"@hsb	<https://panlex.org/snapshot/panlex-20191001-csv/2910#110855303>				<https://panlex.org/snapshot/panlex-20191001-csv/2910#110855271>		"injiko yempunzi"@xh	
"Sewjerny čop"@hsb	<https://panlex.org/snapshot/panlex-20191001-csv/2910#110854646>				<https://panlex.org/snapshot/panlex-20191001-csv/2910#110854655>		"incam yomNtla"@xh	
"Južny čop"@hsb	<https://panlex.org/snapshot/panlex-20191001-csv/2910#110855533>				<https://panlex.org/snapshot/panlex-20191001-csv/2910#110855558>		"incam yomZantsi"@xh	
"Južny pol"@hsb	<https://panlex.org/snapshot/panlex-20191001-csv/2910#110855639>				<https://panlex.org/snapshot/panlex-20191001-csv/2910#110855558>		"incam yomZantsi"@xh	
"měr"@hsb	<https://panlex.org/snapshot/panlex-20191001-csv/2902#111012157>				<https://panlex.org/snapshot/panlex-20191001-csv/2902#111012318>		"uxolo"@xh	
"Čerwjene morjo"@hsb	<https://panlex.org/snapshot/panlex-20191001-csv/2905#110871043>				<https://panlex.org/snapshot/panlex-20191001-csv/2905#110871118>		"uLwandle oluBomvu"@xh	
"Běłe morjo"@hsb	<https://panlex.org/snapshot/panlex-20191001-csv/2905#110871382>				<https://panlex.org/snapshot/panlex-20191001-csv/2905#110871398>		"uLwandle oluMhlophe"@xh	
"Žołte morjo"@hsb	<https://panlex.org/snapshot/panlex-20191001-csv/2905#110871469>				<https://panlex.org/snapshot/panlex-20191001-csv/2905#110871597>		"uLwandle oluLubhelu"@xh	
"Srjedźne morjo"@hsb	<https://panlex.org/snapshot/panlex-20191001-csv/2905#110870302>				<https://panlex.org/snapshot/panlex-20191001-csv/2905#110870352>		"uLwandle lweMeditera"@xh	
"Čorne morjo"@hsb	<https://panlex.org/snapshot/panlex-20191001-csv/2905#110869091>				<https://panlex.org/snapshot/panlex-20191001-csv/2905#110869065>		"uLwandle oluMyama"@xh	
"Mortwe morjo"@hsb	<https://panlex.org/snapshot/panlex-20191001-csv/2905#110870010>				<https://panlex.org/snapshot/panlex-20191001-csv/2905#110869899>		"uLwandle oluFileyo"@xh	
"Wenus"@hsb	<https://panlex.org/snapshot/panlex-20191001-csv/2907#110845378>				<https://panlex.org/snapshot/panlex-20191001-csv/2907#110845406>		"uVenasi"@xh	
"Pluto"@hsb	<https://panlex.org/snapshot/panlex-20191001-csv/2907#110847357>				<https://panlex.org/snapshot/panlex-20191001-csv/2907#110847317>		"uPluto"@xh	
"Neptun"@hsb	<https://panlex.org/snapshot/panlex-20191001-csv/2907#110846984>				<https://panlex.org/snapshot/panlex-20191001-csv/2907#110847173>		"iNephthuni"@xh	
"komet"@hsb	<https://panlex.org/snapshot/panlex-20191001-csv/2907#110849260>				<https://panlex.org/snapshot/panlex-20191001-csv/2907#110849158>		"unomgca"@xh	
"Mlóčna dróha"@hsb	<https://panlex.org/snapshot/panlex-20191001-csv/2907#110848911>				<https://panlex.org/snapshot/panlex-20191001-csv/2907#110848706>		"uMnyele Wezulu"@xh	
"Jupiter"@hsb	<https://panlex.org/snapshot/panlex-20191001-csv/2907#110846436>				<https://panlex.org/snapshot/panlex-20191001-csv/2907#110846466>		"uJupita"@xh	
"Uranus"@hsb	<https://panlex.org/snapshot/panlex-20191001-csv/2907#110846942>				<https://panlex.org/snapshot/panlex-20191001-csv/2907#110846818>		"uYurenasi"@xh	
"Měsačk"@hsb	<https://panlex.org/snapshot/panlex-20191001-csv/2907#110845875>				<https://panlex.org/snapshot/panlex-20191001-csv/2907#110845859>		"iNyanga"@xh	
"Njebjeska dróha"@hsb	<https://panlex.org/snapshot/panlex-20191001-csv/2907#110848767>				<https://panlex.org/snapshot/panlex-20191001-csv/2907#110848706>		"uMnyele Wezulu"@xh	
"Zemja"@hsb	<https://panlex.org/snapshot/panlex-20191001-csv/2907#110845570>				<https://panlex.org/snapshot/panlex-20191001-csv/2907#110845521>		"uMhlaba"@xh	
"Saturn"@hsb	<https://panlex.org/snapshot/panlex-20191001-csv/2907#110846761>				<https://panlex.org/snapshot/panlex-20191001-csv/2907#110846688>		"iSateni"@xh	
"Merkur"@hsb	<https://panlex.org/snapshot/panlex-20191001-csv/2907#110845130>				<https://panlex.org/snapshot/panlex-20191001-csv/2907#110845074>		"uMetyhuri"@xh	
"Mars"@hsb	<https://panlex.org/snapshot/panlex-20191001-csv/2907#110845996>				<https://panlex.org/snapshot/panlex-20191001-csv/2907#110846133>		"uMarsi"@xh	
"Słónco"@hsb	<https://panlex.org/snapshot/panlex-20191001-csv/2907#110845034>				<https://panlex.org/snapshot/panlex-20191001-csv/2907#110844868>		"iLanga"@xh	
"woda"@hsb	<https://panlex.org/snapshot/panlex-20191001-csv/11#787587>				<https://panlex.org/snapshot/panlex-20191001-csv/11#787773>		"nzi"@xh	
"złoto"@hsb	<https://panlex.org/snapshot/panlex-20191001-csv/11#795080>				<https://panlex.org/snapshot/panlex-20191001-csv/11#795086>		"rhawuti"@xh	
"njedźela"@hsb	<https://panlex.org/snapshot/panlex-20191001-csv/2892#110826993>				<https://panlex.org/snapshot/panlex-20191001-csv/2892#110826827>		"iCawe"@xh	
"srjeda"@hsb	<https://panlex.org/snapshot/panlex-20191001-csv/2892#110824969>				<https://panlex.org/snapshot/panlex-20191001-csv/2892#110825185>		"uLwesithathu"@xh	
"wutora"@hsb	<https://panlex.org/snapshot/panlex-20191001-csv/2892#110824727>				<https://panlex.org/snapshot/panlex-20191001-csv/2892#110824517>		"uLwesibini"@xh	
"póndźela"@hsb	<https://panlex.org/snapshot/panlex-20191001-csv/2892#110824184>				<https://panlex.org/snapshot/panlex-20191001-csv/2892#110824069>		"uMvulo"@xh	
"sobota"@hsb	<https://panlex.org/snapshot/panlex-20191001-csv/2892#110826539>				<https://panlex.org/snapshot/panlex-20191001-csv/2892#110826133>		"uMgqibelo"@xh	
"pjatk"@hsb	<https://panlex.org/snapshot/panlex-20191001-csv/2892#110825798>				<https://panlex.org/snapshot/panlex-20191001-csv/2892#110825796>		"uLwesihlanu"@xh	
"štwórtk"@hsb	<https://panlex.org/snapshot/panlex-20191001-csv/2892#110825457>				<https://panlex.org/snapshot/panlex-20191001-csv/2892#110825654>		"uLwesine"@xh	
"nowember"@hsb	<https://panlex.org/snapshot/panlex-20191001-csv/2897#110831138>				<https://panlex.org/snapshot/panlex-20191001-csv/2897#110831145>		"eyeNkanga"@xh	
"nowember"@hsb	<https://panlex.org/snapshot/panlex-20191001-csv/2897#110831138>				<https://panlex.org/snapshot/panlex-20191001-csv/2897#110831435>		"uNovemba"@xh	
"mały róžk"@hsb	<https://panlex.org/snapshot/panlex-20191001-csv/2897#110827617>				<https://panlex.org/snapshot/panlex-20191001-csv/2897#110827825>		"uFebhruwari"@xh	
"mały róžk"@hsb	<https://panlex.org/snapshot/panlex-20191001-csv/2897#110827617>				<https://panlex.org/snapshot/panlex-20191001-csv/2897#110827681>		"eyoMdumba"@xh	
"mały róžk"@hsb	<https://panlex.org/snapshot/panlex-20191001-csv/2897#110827617>				<https://panlex.org/snapshot/panlex-20191001-csv/2897#110827712>		"uFebruwari"@xh	
"wulki róžk"@hsb	<https://panlex.org/snapshot/panlex-20191001-csv/2897#110827388>				<https://panlex.org/snapshot/panlex-20191001-csv/2897#110827335>		"uJanuwari"@xh	
"wulki róžk"@hsb	<https://panlex.org/snapshot/panlex-20191001-csv/2897#110827388>				<https://panlex.org/snapshot/panlex-20191001-csv/2897#110827060>		"eyoMqungu"@xh	
"žnjenc"@hsb	<https://panlex.org/snapshot/panlex-20191001-csv/2897#110829967>				<https://panlex.org/snapshot/panlex-20191001-csv/2897#110830108>		"uAgasti"@xh	
"žnjenc"@hsb	<https://panlex.org/snapshot/panlex-20191001-csv/2897#110829967>				<https://panlex.org/snapshot/panlex-20191001-csv/2897#110830034>		"eyeThupha"@xh	
"december"@hsb	<https://panlex.org/snapshot/panlex-20191001-csv/2897#110831579>				<https://panlex.org/snapshot/panlex-20191001-csv/2897#110831573>		"eyomNga"@xh	
"december"@hsb	<https://panlex.org/snapshot/panlex-20191001-csv/2897#110831579>				<https://panlex.org/snapshot/panlex-20191001-csv/2897#110831905>		"uDisemba"@xh	
"apryl"@hsb	<https://panlex.org/snapshot/panlex-20191001-csv/2897#110828580>				<https://panlex.org/snapshot/panlex-20191001-csv/2897#110828563>		"uEpreli"@xh	
"apryl"@hsb	<https://panlex.org/snapshot/panlex-20191001-csv/2897#110828580>				<https://panlex.org/snapshot/panlex-20191001-csv/2897#110828401>		"uAprili"@xh	
"apryl"@hsb	<https://panlex.org/snapshot/panlex-20191001-csv/2897#110828580>				<https://panlex.org/snapshot/panlex-20191001-csv/2897#110828558>		"uTshazimpunzi"@xh	
"oktober"@hsb	<https://panlex.org/snapshot/panlex-20191001-csv/2897#110830981>				<https://panlex.org/snapshot/panlex-20191001-csv/2897#110830792>		"eyeDwarha"@xh	
"oktober"@hsb	<https://panlex.org/snapshot/panlex-20191001-csv/2897#110830981>				<https://panlex.org/snapshot/panlex-20191001-csv/2897#110830876>		"uOktobha"@xh	
"februar"@hsb	<https://panlex.org/snapshot/panlex-20191001-csv/2897#110827564>				<https://panlex.org/snapshot/panlex-20191001-csv/2897#110827825>		"uFebhruwari"@xh	
"februar"@hsb	<https://panlex.org/snapshot/panlex-20191001-csv/2897#110827564>				<https://panlex.org/snapshot/panlex-20191001-csv/2897#110827681>		"eyoMdumba"@xh	
"februar"@hsb	<https://panlex.org/snapshot/panlex-20191001-csv/2897#110827564>				<https://panlex.org/snapshot/panlex-20191001-csv/2897#110827712>		"uFebruwari"@xh	
"měrc"@hsb	<https://panlex.org/snapshot/panlex-20191001-csv/2897#110828241>				<https://panlex.org/snapshot/panlex-20191001-csv/2897#110827876>		"uMatshi"@xh	
"měrc"@hsb	<https://panlex.org/snapshot/panlex-20191001-csv/2897#110828241>				<https://panlex.org/snapshot/panlex-20191001-csv/2897#110827941>		"eyoKwindla"@xh	
"winowc"@hsb	<https://panlex.org/snapshot/panlex-20191001-csv/2897#110830796>				<https://panlex.org/snapshot/panlex-20191001-csv/2897#110830792>		"eyeDwarha"@xh	
"winowc"@hsb	<https://panlex.org/snapshot/panlex-20191001-csv/2897#110830796>				<https://panlex.org/snapshot/panlex-20191001-csv/2897#110830876>		"uOktobha"@xh	
"hodownik"@hsb	<https://panlex.org/snapshot/panlex-20191001-csv/2897#110831552>				<https://panlex.org/snapshot/panlex-20191001-csv/2897#110831573>		"eyomNga"@xh	
"hodownik"@hsb	<https://panlex.org/snapshot/panlex-20191001-csv/2897#110831552>				<https://panlex.org/snapshot/panlex-20191001-csv/2897#110831905>		"uDisemba"@xh	
"julij"@hsb	<https://panlex.org/snapshot/panlex-20191001-csv/2897#110829622>				<https://panlex.org/snapshot/panlex-20191001-csv/2897#110829851>		"eyeKhala"@xh	
"julij"@hsb	<https://panlex.org/snapshot/panlex-20191001-csv/2897#110829622>				<https://panlex.org/snapshot/panlex-20191001-csv/2897#110829617>		"uJulayi"@xh	
"jutrownik"@hsb	<https://panlex.org/snapshot/panlex-20191001-csv/2897#110828552>				<https://panlex.org/snapshot/panlex-20191001-csv/2897#110828563>		"uEpreli"@xh	
"jutrownik"@hsb	<https://panlex.org/snapshot/panlex-20191001-csv/2897#110828552>				<https://panlex.org/snapshot/panlex-20191001-csv/2897#110828401>		"uAprili"@xh	
"jutrownik"@hsb	<https://panlex.org/snapshot/panlex-20191001-csv/2897#110828552>				<https://panlex.org/snapshot/panlex-20191001-csv/2897#110828558>		"uTshazimpunzi"@xh	
"nazymnik"@hsb	<https://panlex.org/snapshot/panlex-20191001-csv/2897#110831408>				<https://panlex.org/snapshot/panlex-20191001-csv/2897#110831145>		"eyeNkanga"@xh	
"nazymnik"@hsb	<https://panlex.org/snapshot/panlex-20191001-csv/2897#110831408>				<https://panlex.org/snapshot/panlex-20191001-csv/2897#110831435>		"uNovemba"@xh	
"smažnik"@hsb	<https://panlex.org/snapshot/panlex-20191001-csv/2897#110829377>				<https://panlex.org/snapshot/panlex-20191001-csv/2897#110829083>		"uJuni"@xh	
"smažnik"@hsb	<https://panlex.org/snapshot/panlex-20191001-csv/2897#110829377>				<https://panlex.org/snapshot/panlex-20191001-csv/2897#110829403>		"eyeSilimela"@xh	
"september"@hsb	<https://panlex.org/snapshot/panlex-20191001-csv/2897#110830348>				<https://panlex.org/snapshot/panlex-20191001-csv/2897#110830587>		"eyoMsintsi"@xh	
"september"@hsb	<https://panlex.org/snapshot/panlex-20191001-csv/2897#110830348>				<https://panlex.org/snapshot/panlex-20191001-csv/2897#110830382>		"uSeptemba"@xh	
"junij"@hsb	<https://panlex.org/snapshot/panlex-20191001-csv/2897#110829156>				<https://panlex.org/snapshot/panlex-20191001-csv/2897#110829083>		"uJuni"@xh	
"junij"@hsb	<https://panlex.org/snapshot/panlex-20191001-csv/2897#110829156>				<https://panlex.org/snapshot/panlex-20191001-csv/2897#110829403>		"eyeSilimela"@xh	
"pražnik"@hsb	<https://panlex.org/snapshot/panlex-20191001-csv/2897#110829526>				<https://panlex.org/snapshot/panlex-20191001-csv/2897#110829851>		"eyeKhala"@xh	
"pražnik"@hsb	<https://panlex.org/snapshot/panlex-20191001-csv/2897#110829526>				<https://panlex.org/snapshot/panlex-20191001-csv/2897#110829617>		"uJulayi"@xh	
"požnjenc"@hsb	<https://panlex.org/snapshot/panlex-20191001-csv/2897#110830424>				<https://panlex.org/snapshot/panlex-20191001-csv/2897#110830587>		"eyoMsintsi"@xh	
"požnjenc"@hsb	<https://panlex.org/snapshot/panlex-20191001-csv/2897#110830424>				<https://panlex.org/snapshot/panlex-20191001-csv/2897#110830382>		"uSeptemba"@xh	
"januar"@hsb	<https://panlex.org/snapshot/panlex-20191001-csv/2897#110827143>				<https://panlex.org/snapshot/panlex-20191001-csv/2897#110827335>		"uJanuwari"@xh	
"januar"@hsb	<https://panlex.org/snapshot/panlex-20191001-csv/2897#110827143>				<https://panlex.org/snapshot/panlex-20191001-csv/2897#110827060>		"eyoMqungu"@xh	
"róžownik"@hsb	<https://panlex.org/snapshot/panlex-20191001-csv/2897#110829011>				<https://panlex.org/snapshot/panlex-20191001-csv/2897#110828750>		"uCanzibe"@xh	
"róžownik"@hsb	<https://panlex.org/snapshot/panlex-20191001-csv/2897#110829011>				<https://panlex.org/snapshot/panlex-20191001-csv/2897#110828744>		"uMeyi"@xh	
"nalětnik"@hsb	<https://panlex.org/snapshot/panlex-20191001-csv/2897#110827899>				<https://panlex.org/snapshot/panlex-20191001-csv/2897#110827876>		"uMatshi"@xh	
"nalětnik"@hsb	<https://panlex.org/snapshot/panlex-20191001-csv/2897#110827899>				<https://panlex.org/snapshot/panlex-20191001-csv/2897#110827941>		"eyoKwindla"@xh	
"meja"@hsb	<https://panlex.org/snapshot/panlex-20191001-csv/2897#110828835>				<https://panlex.org/snapshot/panlex-20191001-csv/2897#110828750>		"uCanzibe"@xh	
"meja"@hsb	<https://panlex.org/snapshot/panlex-20191001-csv/2897#110828835>				<https://panlex.org/snapshot/panlex-20191001-csv/2897#110828744>		"uMeyi"@xh	
"awgust"@hsb	<https://panlex.org/snapshot/panlex-20191001-csv/2897#110830206>				<https://panlex.org/snapshot/panlex-20191001-csv/2897#110830108>		"uAgasti"@xh	
"awgust"@hsb	<https://panlex.org/snapshot/panlex-20191001-csv/2897#110830206>				<https://panlex.org/snapshot/panlex-20191001-csv/2897#110830034>		"eyeThupha"@xh	
"Antarktis"@hsb	<https://panlex.org/snapshot/panlex-20191001-csv/2891#110853647>				<https://panlex.org/snapshot/panlex-20191001-csv/2891#110853637>		"iAntarktika"@xh	
"Azija"@hsb	<https://panlex.org/snapshot/panlex-20191001-csv/2891#110853855>				<https://panlex.org/snapshot/panlex-20191001-csv/2891#110853979>		"iAsiya"@xh	
"Amerika"@hsb	<https://panlex.org/snapshot/panlex-20191001-csv/2891#110853377>				<https://panlex.org/snapshot/panlex-20191001-csv/2891#110853310>		"iMerika"@xh	
"Afrika"@hsb	<https://panlex.org/snapshot/panlex-20191001-csv/2891#110853176>				<https://panlex.org/snapshot/panlex-20191001-csv/2891#110853259>		"iAfrika"@xh	
