"Pólska"@hsb	<https://panlex.org/snapshot/panlex-20191001-csv/6898#113642754>				<https://panlex.org/snapshot/panlex-20191001-csv/6898#113642739>		"Poloɲe"@twq	
"Palestinski awtonomny teritorij"@hsb	<https://panlex.org/snapshot/panlex-20191001-csv/6898#113586425>				<https://panlex.org/snapshot/panlex-20191001-csv/6898#113586300>		"Palestine Dangay nda Gaaza"@twq	
"Britiske knježniske kupy"@hsb	<https://panlex.org/snapshot/panlex-20191001-csv/6898#113590470>				<https://panlex.org/snapshot/panlex-20191001-csv/6898#113590421>		"Britiši Virgin gungey"@twq	
"Sewjerna Koreja"@hsb	<https://panlex.org/snapshot/panlex-20191001-csv/6898#113598886>				<https://panlex.org/snapshot/panlex-20191001-csv/6898#113598786>		"Kooree, Gurma"@twq	
"Antigua a Barbuda"@hsb	<https://panlex.org/snapshot/panlex-20191001-csv/6898#113643647>				<https://panlex.org/snapshot/panlex-20191001-csv/6898#113643748>		"Antigua nda Barbuuda"@twq	
"Tokelau"@hsb	<https://panlex.org/snapshot/panlex-20191001-csv/6898#113615927>				<https://panlex.org/snapshot/panlex-20191001-csv/6898#113615796>		"Tokelau"@twq	
"Botswana"@hsb	<https://panlex.org/snapshot/panlex-20191001-csv/6898#113595368>				<https://panlex.org/snapshot/panlex-20191001-csv/6898#113595457>		"Botswaana"@twq	
"Cookowe kupy"@hsb	<https://panlex.org/snapshot/panlex-20191001-csv/6898#113638370>				<https://panlex.org/snapshot/panlex-20191001-csv/6898#113638407>		"Kuuk gungey"@twq	
"Bosniska a Hercegowina"@hsb	<https://panlex.org/snapshot/panlex-20191001-csv/6898#113596781>				<https://panlex.org/snapshot/panlex-20191001-csv/6898#113596855>		"Bosni nda Herzegovine"@twq	
"Senegal"@hsb	<https://panlex.org/snapshot/panlex-20191001-csv/6898#113591209>				<https://panlex.org/snapshot/panlex-20191001-csv/6898#113591198>		"Senegal"@twq	
"Mexiko"@hsb	<https://panlex.org/snapshot/panlex-20191001-csv/6898#113628289>				<https://panlex.org/snapshot/panlex-20191001-csv/6898#113628280>		"Mexiki"@twq	
"Jordaniska"@hsb	<https://panlex.org/snapshot/panlex-20191001-csv/6898#113611713>				<https://panlex.org/snapshot/panlex-20191001-csv/6898#113611620>		"Urdun"@twq	
"Zjednoćene staty Ameriki"@hsb	<https://panlex.org/snapshot/panlex-20191001-csv/6898#113597876>				<https://panlex.org/snapshot/panlex-20191001-csv/6898#113597867>		"Ameriki Laabu Margantey"@twq	
"Brunei"@hsb	<https://panlex.org/snapshot/panlex-20191001-csv/6898#113616134>				<https://panlex.org/snapshot/panlex-20191001-csv/6898#113616078>		"Bruunee"@twq	
"Panama"@hsb	<https://panlex.org/snapshot/panlex-20191001-csv/6898#113605973>				<https://panlex.org/snapshot/panlex-20191001-csv/6898#113605976>		"Panama"@twq	
"Laos"@hsb	<https://panlex.org/snapshot/panlex-20191001-csv/6898#113619152>				<https://panlex.org/snapshot/panlex-20191001-csv/6898#113619112>		"Laawos"@twq	
"Peru"@hsb	<https://panlex.org/snapshot/panlex-20191001-csv/6898#113593705>				<https://panlex.org/snapshot/panlex-20191001-csv/6898#113593760>		"Peeru"@twq	
"Timor-Leste"@hsb	<https://panlex.org/snapshot/panlex-20191001-csv/6898#113632746>				<https://panlex.org/snapshot/panlex-20191001-csv/6898#113632672>		"Timoor hawsa"@twq	
"Simbabwe"@hsb	<https://panlex.org/snapshot/panlex-20191001-csv/6898#113583770>				<https://panlex.org/snapshot/panlex-20191001-csv/6898#113583651>		"Zimbabwe"@twq	
"Španiska"@hsb	<https://panlex.org/snapshot/panlex-20191001-csv/6898#113594568>				<https://panlex.org/snapshot/panlex-20191001-csv/6898#113594640>		"Espaaɲe"@twq	
"Pakistan"@hsb	<https://panlex.org/snapshot/panlex-20191001-csv/6898#113607017>				<https://panlex.org/snapshot/panlex-20191001-csv/6898#113606892>		"Paakistan"@twq	
"Nauru"@hsb	<https://panlex.org/snapshot/panlex-20191001-csv/6898#113601566>				<https://panlex.org/snapshot/panlex-20191001-csv/6898#113601557>		"Nauru"@twq	
"Vanuatu"@hsb	<https://panlex.org/snapshot/panlex-20191001-csv/6898#113628996>				<https://panlex.org/snapshot/panlex-20191001-csv/6898#113628910>		"Vanautu"@twq	
"Salomony"@hsb	<https://panlex.org/snapshot/panlex-20191001-csv/6898#113602423>				<https://panlex.org/snapshot/panlex-20191001-csv/6898#113602353>		"Solomon Gungey"@twq	
"Grönlandska"@hsb	<https://panlex.org/snapshot/panlex-20191001-csv/6898#113590705>				<https://panlex.org/snapshot/panlex-20191001-csv/6898#113590752>		"Grinland"@twq	
"Nižozemska"@hsb	<https://panlex.org/snapshot/panlex-20191001-csv/6898#113635775>				<https://panlex.org/snapshot/panlex-20191001-csv/6898#113635769>		"Hollandu"@twq	
"Sambija"@hsb	<https://panlex.org/snapshot/panlex-20191001-csv/6898#113617308>				<https://panlex.org/snapshot/panlex-20191001-csv/6898#113617364>		"Zambi"@twq	
"Uganda"@hsb	<https://panlex.org/snapshot/panlex-20191001-csv/6898#113638073>				<https://panlex.org/snapshot/panlex-20191001-csv/6898#113637976>		"Uganda"@twq	
"Libyska"@hsb	<https://panlex.org/snapshot/panlex-20191001-csv/6898#113597792>				<https://panlex.org/snapshot/panlex-20191001-csv/6898#113597734>		"Liibi"@twq	
"Chilska"@hsb	<https://panlex.org/snapshot/panlex-20191001-csv/6898#113624772>				<https://panlex.org/snapshot/panlex-20191001-csv/6898#113624865>		"Šiili"@twq	
"Gabun"@hsb	<https://panlex.org/snapshot/panlex-20191001-csv/6898#113585240>				<https://panlex.org/snapshot/panlex-20191001-csv/6898#113585211>		"Gaabon"@twq	
"Tuneziska"@hsb	<https://panlex.org/snapshot/panlex-20191001-csv/6898#113606485>				<https://panlex.org/snapshot/panlex-20191001-csv/6898#113606555>		"Tunizi"@twq	
"Nepal"@hsb	<https://panlex.org/snapshot/panlex-20191001-csv/6898#113584064>				<https://panlex.org/snapshot/panlex-20191001-csv/6898#113584079>		"Neepal"@twq	
"Nikaragua"@hsb	<https://panlex.org/snapshot/panlex-20191001-csv/6898#113611149>				<https://panlex.org/snapshot/panlex-20191001-csv/6898#113611146>		"Nikaragwa"@twq	
"kupy Turks a Caicos"@hsb	<https://panlex.org/snapshot/panlex-20191001-csv/6898#113588801>				<https://panlex.org/snapshot/panlex-20191001-csv/6898#113588591>		"Turk nda Kayikos Gungey"@twq	
"Francoska Polyneziska"@hsb	<https://panlex.org/snapshot/panlex-20191001-csv/6898#113621056>				<https://panlex.org/snapshot/panlex-20191001-csv/6898#113621091>		"Faransi Polineezi"@twq	
"Monaco"@hsb	<https://panlex.org/snapshot/panlex-20191001-csv/6898#113600261>				<https://panlex.org/snapshot/panlex-20191001-csv/6898#113600182>		"Monako"@twq	
"Boliwiska"@hsb	<https://panlex.org/snapshot/panlex-20191001-csv/6898#113609643>				<https://panlex.org/snapshot/panlex-20191001-csv/6898#113609696>		"Boolivi"@twq	
"Guyana"@hsb	<https://panlex.org/snapshot/panlex-20191001-csv/6898#113628129>				<https://panlex.org/snapshot/panlex-20191001-csv/6898#113628082>		"Guyaane"@twq	
"Anguilla"@hsb	<https://panlex.org/snapshot/panlex-20191001-csv/6898#113587602>				<https://panlex.org/snapshot/panlex-20191001-csv/6898#113587549>		"Angiiya"@twq	
"Komory"@hsb	<https://panlex.org/snapshot/panlex-20191001-csv/6898#113626975>				<https://panlex.org/snapshot/panlex-20191001-csv/6898#113627002>		"Komoor"@twq	
"Liberija"@hsb	<https://panlex.org/snapshot/panlex-20191001-csv/6898#113605607>				<https://panlex.org/snapshot/panlex-20191001-csv/6898#113605466>		"Liberia"@twq	
"Palestina"@hsb	<https://panlex.org/snapshot/panlex-20191001-csv/6898#113586337>				<https://panlex.org/snapshot/panlex-20191001-csv/6898#113586300>		"Palestine Dangay nda Gaaza"@twq	
"Běłoruska"@hsb	<https://panlex.org/snapshot/panlex-20191001-csv/6898#113592155>				<https://panlex.org/snapshot/panlex-20191001-csv/6898#113592192>		"Biloriši"@twq	
"Wallis a Futuna"@hsb	<https://panlex.org/snapshot/panlex-20191001-csv/6898#113638549>				<https://panlex.org/snapshot/panlex-20191001-csv/6898#113638676>		"Wallis nda Futuna"@twq	
"Norfolkowa kupa"@hsb	<https://panlex.org/snapshot/panlex-20191001-csv/6898#113642395>				<https://panlex.org/snapshot/panlex-20191001-csv/6898#113642452>		"Norfolk Gungoo"@twq	
"Kiribati"@hsb	<https://panlex.org/snapshot/panlex-20191001-csv/6898#113603166>				<https://panlex.org/snapshot/panlex-20191001-csv/6898#113603011>		"Kiribaati"@twq	
"Mauritius"@hsb	<https://panlex.org/snapshot/panlex-20191001-csv/6898#113611527>				<https://panlex.org/snapshot/panlex-20191001-csv/6898#113611398>		"Mooris gungey"@twq	
"Sudan"@hsb	<https://panlex.org/snapshot/panlex-20191001-csv/6898#113633071>				<https://panlex.org/snapshot/panlex-20191001-csv/6898#113632937>		"Suudaŋ"@twq	
"Uruguay"@hsb	<https://panlex.org/snapshot/panlex-20191001-csv/6898#113623339>				<https://panlex.org/snapshot/panlex-20191001-csv/6898#113623419>		"Uruguwey"@twq	
"Puerto Rico"@hsb	<https://panlex.org/snapshot/panlex-20191001-csv/6898#113612433>				<https://panlex.org/snapshot/panlex-20191001-csv/6898#113612498>		"Porto Riko"@twq	
"Kongo-Brazzaville"@hsb	<https://panlex.org/snapshot/panlex-20191001-csv/6898#113599018>				<https://panlex.org/snapshot/panlex-20191001-csv/6898#113599166>		"Kongoo"@twq	
