"mu 4"@mww	<https://panlex.org/snapshot/panlex-20191001-csv/114#8054015>				<https://panlex.org/snapshot/panlex-20191001-csv/114#8053791>		"ʼlakto"@drn	
"ntʃha 3"@mww	<https://panlex.org/snapshot/panlex-20191001-csv/114#8063168>				<https://panlex.org/snapshot/panlex-20191001-csv/114#8062968>		"ʼrowo"@drn	
"taw 5"@mww	<https://panlex.org/snapshot/panlex-20191001-csv/114#8053433>				<https://panlex.org/snapshot/panlex-20191001-csv/114#8053209>		"ʼeja"@drn	
"lɔ 4"@mww	<https://panlex.org/snapshot/panlex-20191001-csv/114#8055045>				<https://panlex.org/snapshot/panlex-20191001-csv/114#8054847>		"ʼmoi"@drn	
"ʃia 1"@mww	<https://panlex.org/snapshot/panlex-20191001-csv/114#8060081>				<https://panlex.org/snapshot/panlex-20191001-csv/114#8059886>		"ʼrolmo"@drn	
