"mu 4"@mww	<https://panlex.org/snapshot/panlex-20191001-csv/114#8054015>				<https://panlex.org/snapshot/panlex-20191001-csv/114#8054139>		"nahĩ"@ssg	
"ntʃha 3"@mww	<https://panlex.org/snapshot/panlex-20191001-csv/114#8063168>				<https://panlex.org/snapshot/panlex-20191001-csv/114#8063276>		"kaka"@ssg	
"taw 5"@mww	<https://panlex.org/snapshot/panlex-20191001-csv/114#8053433>				<https://panlex.org/snapshot/panlex-20191001-csv/114#8053553>		"ae-n"@ssg	
"lɔ 4"@mww	<https://panlex.org/snapshot/panlex-20191001-csv/114#8055045>				<https://panlex.org/snapshot/panlex-20191001-csv/114#8055152>		"nahĩ ma"@ssg	
"ʃia 1"@mww	<https://panlex.org/snapshot/panlex-20191001-csv/114#8060081>				<https://panlex.org/snapshot/panlex-20191001-csv/114#8060181>		"ate-n"@ssg	
"hnju 3"@mww	<https://panlex.org/snapshot/panlex-20191001-csv/114#8059599>				<https://panlex.org/snapshot/panlex-20191001-csv/114#8059698>		"puhũa-n"@ssg	
"ua 5-pa 5"@mww	<https://panlex.org/snapshot/panlex-20191001-csv/114#8065824>				<https://panlex.org/snapshot/panlex-20191001-csv/114#8065920>		"ha|naw"@ssg	
"le 8"@mww	<https://panlex.org/snapshot/panlex-20191001-csv/114#8055543>				<https://panlex.org/snapshot/panlex-20191001-csv/114#8055650>		"toheni"@ssg	
