"iškyšulỹs"@lt	<https://panlex.org/snapshot/panlex-20191001-csv/1573#50087551>				<https://panlex.org/snapshot/panlex-20191001-csv/1573#50087557>		"ɬa-pas"@mca	
"audrìnga jú̄ra"@lt	<https://panlex.org/snapshot/panlex-20191001-csv/1573#50086401>				<https://panlex.org/snapshot/panlex-20191001-csv/1573#50086407>		"mulpham naʔ haḳḳiʔ"@mca	
"dum̃blas"@lt	<https://panlex.org/snapshot/panlex-20191001-csv/1573#50083046>				<https://panlex.org/snapshot/panlex-20191001-csv/1573#50083060>		"oɬoḳˀoy"@mca	
"ramì jú̄ra"@lt	<https://panlex.org/snapshot/panlex-20191001-csv/1573#50086224>				<https://panlex.org/snapshot/panlex-20191001-csv/1573#50086227>		"yim kaʔ haḳḳiʔ"@mca	
"mìškas"@lt	<https://panlex.org/snapshot/panlex-20191001-csv/1573#50089793>				<https://panlex.org/snapshot/panlex-20191001-csv/1573#50089800>		"ɬeneʔ"@mca	
"mìškas"@lt	<https://panlex.org/snapshot/panlex-20191001-csv/1573#50090325>				<https://panlex.org/snapshot/panlex-20191001-csv/1573#50090335>		"naxak"@mca	
"jú̄ra"@lt	<https://panlex.org/snapshot/panlex-20191001-csv/1573#50086010>				<https://panlex.org/snapshot/panlex-20191001-csv/1573#50086020>		"ḳi iweli"@mca	
"ùrvas"@lt	<https://panlex.org/snapshot/panlex-20191001-csv/1573#50085532>				<https://panlex.org/snapshot/panlex-20191001-csv/1573#50085537>		"kumuʔ"@mca	
"pur̃vas"@lt	<https://panlex.org/snapshot/panlex-20191001-csv/1573#50083047>				<https://panlex.org/snapshot/panlex-20191001-csv/1573#50083060>		"oɬoḳˀoy"@mca	
"ùpė"@lt	<https://panlex.org/snapshot/panlex-20191001-csv/1573#50088445>				<https://panlex.org/snapshot/panlex-20191001-csv/1573#50088454>		"haḳḳiʔ"@mca	
"olà"@lt	<https://panlex.org/snapshot/panlex-20191001-csv/1573#50085531>				<https://panlex.org/snapshot/panlex-20191001-csv/1573#50085537>		"kumuʔ"@mca	
"sūkurỹs"@lt	<https://panlex.org/snapshot/panlex-20191001-csv/1573#50088737>				<https://panlex.org/snapshot/panlex-20191001-csv/1573#50088742>		"feyeykinheʔ"@mca	
"kalnẽlis"@lt	<https://panlex.org/snapshot/panlex-20191001-csv/1573#50083654>				<https://panlex.org/snapshot/panlex-20191001-csv/1573#50083664>		"utek"@mca	
"žẽmės drebé̇jimas"@lt	<https://panlex.org/snapshot/panlex-20191001-csv/1573#50090960>				<https://panlex.org/snapshot/panlex-20191001-csv/1573#50090962>		"seheʔ wapxaʔ"@mca	
"mãrios"@lt	<https://panlex.org/snapshot/panlex-20191001-csv/1573#50086011>				<https://panlex.org/snapshot/panlex-20191001-csv/1573#50086020>		"ḳi iweli"@mca	
"krãštas"@lt	<https://panlex.org/snapshot/panlex-20191001-csv/1573#50085240>				<https://panlex.org/snapshot/panlex-20191001-csv/1573#50085245>		"ɬotkoyek"@mca	
"girià"@lt	<https://panlex.org/snapshot/panlex-20191001-csv/1573#50089792>				<https://panlex.org/snapshot/panlex-20191001-csv/1573#50089800>		"ɬeneʔ"@mca	
"pasáulis"@lt	<https://panlex.org/snapshot/panlex-20191001-csv/1573#50081837>				<https://panlex.org/snapshot/panlex-20191001-csv/1573#50081839>		"seheʔ"@mca	
"žẽmė"@lt	<https://panlex.org/snapshot/panlex-20191001-csv/1573#50082467>				<https://panlex.org/snapshot/panlex-20191001-csv/1573#50082476>		"seheʔ"@mca	
"žẽmė"@lt	<https://panlex.org/snapshot/panlex-20191001-csv/1573#50082135>				<https://panlex.org/snapshot/panlex-20191001-csv/1573#50082142>		"seheʔ"@mca	
"klampỹnė"@lt	<https://panlex.org/snapshot/panlex-20191001-csv/1573#50089340>				<https://panlex.org/snapshot/panlex-20191001-csv/1573#50089348>		"eɬipiʔi"@mca	
"lygumà"@lt	<https://panlex.org/snapshot/panlex-20191001-csv/1573#50084332>				<https://panlex.org/snapshot/panlex-20191001-csv/1573#50084338>		"ɬʔexinḳa-wet"@mca	
"lagūnà"@lt	<https://panlex.org/snapshot/panlex-20191001-csv/1573#50087319>				<https://panlex.org/snapshot/panlex-20191001-csv/1573#50087323>		"imileʔ"@mca	
"mẽdis"@lt	<https://panlex.org/snapshot/panlex-20191001-csv/1573#50090326>				<https://panlex.org/snapshot/panlex-20191001-csv/1573#50090335>		"naxak"@mca	
"mẽdis"@lt	<https://panlex.org/snapshot/panlex-20191001-csv/1573#50090069>				<https://panlex.org/snapshot/panlex-20191001-csv/1573#50090079>		"naxkak"@mca	
"dùlkės"@lt	<https://panlex.org/snapshot/panlex-20191001-csv/1573#50082747>				<https://panlex.org/snapshot/panlex-20191001-csv/1573#50082757>		"ɬʔeḳhip"@mca	
"akmuõ"@lt	<https://panlex.org/snapshot/panlex-20191001-csv/1573#50090666>				<https://panlex.org/snapshot/panlex-20191001-csv/1573#50090679>		"ute"@mca	
"pamarỹs"@lt	<https://panlex.org/snapshot/panlex-20191001-csv/1573#50085241>				<https://panlex.org/snapshot/panlex-20191001-csv/1573#50085245>		"ɬotkoyek"@mca	
"versmẽ̇"@lt	<https://panlex.org/snapshot/panlex-20191001-csv/1573#50089045>				<https://panlex.org/snapshot/panlex-20191001-csv/1573#50089055>		"tixkiʔ"@mca	
"versmẽ̇"@lt	<https://panlex.org/snapshot/panlex-20191001-csv/1573#50089045>				<https://panlex.org/snapshot/panlex-20191001-csv/1573#50089056>		"wesitaχ"@mca	
"versmẽ̇"@lt	<https://panlex.org/snapshot/panlex-20191001-csv/1573#50089045>				<https://panlex.org/snapshot/panlex-20191001-csv/1573#50089057>		"ɬʔiwet"@mca	
"smẽ̇lis"@lt	<https://panlex.org/snapshot/panlex-20191001-csv/1573#50083301>				<https://panlex.org/snapshot/panlex-20191001-csv/1573#50083310>		"isaχ"@mca	
"sausumà"@lt	<https://panlex.org/snapshot/panlex-20191001-csv/1573#50082466>				<https://panlex.org/snapshot/panlex-20191001-csv/1573#50082476>		"seheʔ"@mca	
"dangùs"@lt	<https://panlex.org/snapshot/panlex-20191001-csv/1573#50091169>				<https://panlex.org/snapshot/panlex-20191001-csv/1573#50091175>		"was"@mca	
"uolà"@lt	<https://panlex.org/snapshot/panlex-20191001-csv/1573#50084010>				<https://panlex.org/snapshot/panlex-20191001-csv/1573#50084018>		"kiimixuʔ"@mca	
"uolà"@lt	<https://panlex.org/snapshot/panlex-20191001-csv/1573#50090667>				<https://panlex.org/snapshot/panlex-20191001-csv/1573#50090679>		"ute"@mca	
"laũkas"@lt	<https://panlex.org/snapshot/panlex-20191001-csv/1573#50084331>				<https://panlex.org/snapshot/panlex-20191001-csv/1573#50084338>		"ɬʔexinḳa-wet"@mca	
"upẽlis"@lt	<https://panlex.org/snapshot/panlex-20191001-csv/1573#50088444>				<https://panlex.org/snapshot/panlex-20191001-csv/1573#50088454>		"haḳḳiʔ"@mca	
"šulinỹs"@lt	<https://panlex.org/snapshot/panlex-20191001-csv/1573#50089047>				<https://panlex.org/snapshot/panlex-20191001-csv/1573#50089055>		"tixkiʔ"@mca	
"šulinỹs"@lt	<https://panlex.org/snapshot/panlex-20191001-csv/1573#50089047>				<https://panlex.org/snapshot/panlex-20191001-csv/1573#50089056>		"wesitaχ"@mca	
"šulinỹs"@lt	<https://panlex.org/snapshot/panlex-20191001-csv/1573#50089047>				<https://panlex.org/snapshot/panlex-20191001-csv/1573#50089057>		"ɬʔiwet"@mca	
"šaltìnis"@lt	<https://panlex.org/snapshot/panlex-20191001-csv/1573#50089046>				<https://panlex.org/snapshot/panlex-20191001-csv/1573#50089055>		"tixkiʔ"@mca	
"šaltìnis"@lt	<https://panlex.org/snapshot/panlex-20191001-csv/1573#50089046>				<https://panlex.org/snapshot/panlex-20191001-csv/1573#50089056>		"wesitaχ"@mca	
"šaltìnis"@lt	<https://panlex.org/snapshot/panlex-20191001-csv/1573#50089046>				<https://panlex.org/snapshot/panlex-20191001-csv/1573#50089057>		"ɬʔiwet"@mca	
"skar̃dis"@lt	<https://panlex.org/snapshot/panlex-20191001-csv/1573#50084009>				<https://panlex.org/snapshot/panlex-20191001-csv/1573#50084018>		"kiimixuʔ"@mca	
"pélkė"@lt	<https://panlex.org/snapshot/panlex-20191001-csv/1573#50089341>				<https://panlex.org/snapshot/panlex-20191001-csv/1573#50089348>		"eɬipiʔi"@mca	
"málkos"@lt	<https://panlex.org/snapshot/panlex-20191001-csv/1573#50090324>				<https://panlex.org/snapshot/panlex-20191001-csv/1573#50090335>		"naxak"@mca	
"pùtos"@lt	<https://panlex.org/snapshot/panlex-20191001-csv/1573#50086580>				<https://panlex.org/snapshot/panlex-20191001-csv/1573#50086587>		"ɬʔihufaχ"@mca	
"rãgas"@lt	<https://panlex.org/snapshot/panlex-20191001-csv/1573#50087552>				<https://panlex.org/snapshot/panlex-20191001-csv/1573#50087557>		"ɬa-pas"@mca	
"kálnas"@lt	<https://panlex.org/snapshot/panlex-20191001-csv/1573#50083655>				<https://panlex.org/snapshot/panlex-20191001-csv/1573#50083664>		"utek"@mca	
"neramì jú̄ra"@lt	<https://panlex.org/snapshot/panlex-20191001-csv/1573#50086402>				<https://panlex.org/snapshot/panlex-20191001-csv/1573#50086407>		"mulpham naʔ haḳḳiʔ"@mca	
"srovẽ̇"@lt	<https://panlex.org/snapshot/panlex-20191001-csv/1573#50088443>				<https://panlex.org/snapshot/panlex-20191001-csv/1573#50088454>		"haḳḳiʔ"@mca	
"balà"@lt	<https://panlex.org/snapshot/panlex-20191001-csv/1573#50089339>				<https://panlex.org/snapshot/panlex-20191001-csv/1573#50089348>		"eɬipiʔi"@mca	
"vanduõ"@lt	<https://panlex.org/snapshot/panlex-20191001-csv/1573#50085770>				<https://panlex.org/snapshot/panlex-20191001-csv/1573#50085781>		"iweli"@mca	
"dirvà"@lt	<https://panlex.org/snapshot/panlex-20191001-csv/1573#50082464>				<https://panlex.org/snapshot/panlex-20191001-csv/1573#50082476>		"seheʔ"@mca	
"smiltìs"@lt	<https://panlex.org/snapshot/panlex-20191001-csv/1573#50083300>				<https://panlex.org/snapshot/panlex-20191001-csv/1573#50083310>		"isaχ"@mca	
"dirvóžemis"@lt	<https://panlex.org/snapshot/panlex-20191001-csv/1573#50082465>				<https://panlex.org/snapshot/panlex-20191001-csv/1573#50082476>		"seheʔ"@mca	
"kraɲtas"@lt	<https://panlex.org/snapshot/panlex-20191001-csv/1573#50085239>				<https://panlex.org/snapshot/panlex-20191001-csv/1573#50085245>		"ɬotkoyek"@mca	
