"Omanas"@lt	<https://panlex.org/snapshot/panlex-20191001-csv/6898#113622516>				<https://panlex.org/snapshot/panlex-20191001-csv/6898#113622610>		"Omani"@swc	
"Vietnamas"@lt	<https://panlex.org/snapshot/panlex-20191001-csv/6898#113623571>				<https://panlex.org/snapshot/panlex-20191001-csv/6898#113623572>		"Vietnamu"@swc	
"Nigerija"@lt	<https://panlex.org/snapshot/panlex-20191001-csv/6898#113624050>				<https://panlex.org/snapshot/panlex-20191001-csv/6898#113624084>		"Nijeria"@swc	
"Liuksemburgas"@lt	<https://panlex.org/snapshot/panlex-20191001-csv/6898#113640906>				<https://panlex.org/snapshot/panlex-20191001-csv/6898#113641032>		"Lasembagi"@swc	
"Beninas"@lt	<https://panlex.org/snapshot/panlex-20191001-csv/6898#113607484>				<https://panlex.org/snapshot/panlex-20191001-csv/6898#113607608>		"Benini"@swc	
"Azerbaidžanas"@lt	<https://panlex.org/snapshot/panlex-20191001-csv/6898#113619313>				<https://panlex.org/snapshot/panlex-20191001-csv/6898#113619327>		"Azabajani"@swc	
"Marokas"@lt	<https://panlex.org/snapshot/panlex-20191001-csv/6898#113635984>				<https://panlex.org/snapshot/panlex-20191001-csv/6898#113635896>		"Moroko"@swc	
"Sudanas"@lt	<https://panlex.org/snapshot/panlex-20191001-csv/6898#113632994>				<https://panlex.org/snapshot/panlex-20191001-csv/6898#113632989>		"Sudani"@swc	
"Jordanija"@lt	<https://panlex.org/snapshot/panlex-20191001-csv/6898#113611581>				<https://panlex.org/snapshot/panlex-20191001-csv/6898#113611725>		"Yordani"@swc	
"Maldyvai"@lt	<https://panlex.org/snapshot/panlex-20191001-csv/6898#113641701>				<https://panlex.org/snapshot/panlex-20191001-csv/6898#113641769>		"Maldivi"@swc	
