"mai"@ki	<https://panlex.org/snapshot/panlex-20191001-csv/5947#84886492>				<https://panlex.org/snapshot/panlex-20191001-csv/5947#84886439>		"wòda"@csb	
"ikiyo"@ki	<https://panlex.org/snapshot/panlex-20191001-csv/5946#84446223>				<https://panlex.org/snapshot/panlex-20191001-csv/5946#84446156>		"szpédżel"@csb	
"ikiyo"@ki	<https://panlex.org/snapshot/panlex-20191001-csv/5946#84446223>				<https://panlex.org/snapshot/panlex-20191001-csv/5946#84446157>		"zdrzadło"@csb	
"ikiyo"@ki	<https://panlex.org/snapshot/panlex-20191001-csv/5946#84446223>				<https://panlex.org/snapshot/panlex-20191001-csv/5946#84446155>		"zwiercadło"@csb	
"icirori"@ki	<https://panlex.org/snapshot/panlex-20191001-csv/5946#84446224>				<https://panlex.org/snapshot/panlex-20191001-csv/5946#84446156>		"szpédżel"@csb	
"icirori"@ki	<https://panlex.org/snapshot/panlex-20191001-csv/5946#84446224>				<https://panlex.org/snapshot/panlex-20191001-csv/5946#84446157>		"zdrzadło"@csb	
"icirori"@ki	<https://panlex.org/snapshot/panlex-20191001-csv/5946#84446224>				<https://panlex.org/snapshot/panlex-20191001-csv/5946#84446155>		"zwiercadło"@csb	
"Kazakstan"@ki	<https://panlex.org/snapshot/panlex-20191001-csv/5949#85312107>				<https://panlex.org/snapshot/panlex-20191001-csv/5949#85312062>		"Kazachstan"@csb	
"Russia"@ki	<https://panlex.org/snapshot/panlex-20191001-csv/5949#85319502>				<https://panlex.org/snapshot/panlex-20191001-csv/5949#85319429>		"Ruskô"@csb	
"Biblia"@ki	<https://panlex.org/snapshot/panlex-20191001-csv/5949#85302716>				<https://panlex.org/snapshot/panlex-20191001-csv/5949#85302658>		"Biblëjô"@csb	
"thayu"@ki	<https://panlex.org/snapshot/panlex-20191001-csv/2902#111012110>				<https://panlex.org/snapshot/panlex-20191001-csv/2902#111012019>		"mir"@csb	
