"jum’a"@bhh	<https://panlex.org/snapshot/panlex-20191001-csv/2892#110825904>				<https://panlex.org/snapshot/panlex-20191001-csv/2892#110826052>		"рожома"@akv	
"jum’a"@bhh	<https://panlex.org/snapshot/panlex-20191001-csv/2892#110825904>				<https://panlex.org/snapshot/panlex-20191001-csv/2892#110826018>		"инкӏаче жо"@akv	
"dushanbe"@bhh	<https://panlex.org/snapshot/panlex-20191001-csv/2892#110824116>				<https://panlex.org/snapshot/panlex-20191001-csv/2892#110824086>		"лъӏабиликьажо"@akv	
"dushanbe"@bhh	<https://panlex.org/snapshot/panlex-20191001-csv/2892#110824116>				<https://panlex.org/snapshot/panlex-20191001-csv/2892#110824371>		"итини"@akv	
"סיֵשׁאַנבּיֵ"@bhh	<https://panlex.org/snapshot/panlex-20191001-csv/2892#110824565>				<https://panlex.org/snapshot/panlex-20191001-csv/2892#110824774>		"талати"@akv	
"סיֵשׁאַנבּיֵ"@bhh	<https://panlex.org/snapshot/panlex-20191001-csv/2892#110824565>				<https://panlex.org/snapshot/panlex-20191001-csv/2892#110824546>		"бокъӏиликьажо"@akv	
"ג׳וּמעאַ"@bhh	<https://panlex.org/snapshot/panlex-20191001-csv/2892#110826035>				<https://panlex.org/snapshot/panlex-20191001-csv/2892#110826052>		"рожома"@akv	
"ג׳וּמעאַ"@bhh	<https://panlex.org/snapshot/panlex-20191001-csv/2892#110826035>				<https://panlex.org/snapshot/panlex-20191001-csv/2892#110826018>		"инкӏаче жо"@akv	
"יאַכּשׁאַנבּיֵ"@bhh	<https://panlex.org/snapshot/panlex-20191001-csv/2892#110826596>				<https://panlex.org/snapshot/panlex-20191001-csv/2892#110827035>		"кӏебиликьажо"@akv	
"יאַכּשׁאַנבּיֵ"@bhh	<https://panlex.org/snapshot/panlex-20191001-csv/2892#110826596>				<https://panlex.org/snapshot/panlex-20191001-csv/2892#110826619>		"гьатӏа"@akv	
"צ׳אָרשׁאַנבּיֵ"@bhh	<https://panlex.org/snapshot/panlex-20191001-csv/2892#110825177>				<https://panlex.org/snapshot/panlex-20191001-csv/2892#110824936>		"иштуликьажо"@akv	
"צ׳אָרשׁאַנבּיֵ"@bhh	<https://panlex.org/snapshot/panlex-20191001-csv/2892#110825177>				<https://panlex.org/snapshot/panlex-20191001-csv/2892#110824948>		"арибагӏи"@akv	
"פּאַנג׳שׁאַנבּיֵ"@bhh	<https://panlex.org/snapshot/panlex-20191001-csv/2892#110825484>				<https://panlex.org/snapshot/panlex-20191001-csv/2892#110825383>		"хамизи"@akv	
"פּאַנג׳שׁאַנבּיֵ"@bhh	<https://panlex.org/snapshot/panlex-20191001-csv/2892#110825484>				<https://panlex.org/snapshot/panlex-20191001-csv/2892#110825448>		"инлӏиликьажо"@akv	
"שׁאַבּאָט"@bhh	<https://panlex.org/snapshot/panlex-20191001-csv/2892#110826247>				<https://panlex.org/snapshot/panlex-20191001-csv/2892#110826341>		"шамати"@akv	
"shabot"@bhh	<https://panlex.org/snapshot/panlex-20191001-csv/2892#110826304>				<https://panlex.org/snapshot/panlex-20191001-csv/2892#110826341>		"шамати"@akv	
"yakshanbe"@bhh	<https://panlex.org/snapshot/panlex-20191001-csv/2892#110826830>				<https://panlex.org/snapshot/panlex-20191001-csv/2892#110827035>		"кӏебиликьажо"@akv	
"yakshanbe"@bhh	<https://panlex.org/snapshot/panlex-20191001-csv/2892#110826830>				<https://panlex.org/snapshot/panlex-20191001-csv/2892#110826619>		"гьатӏа"@akv	
"seshanbe"@bhh	<https://panlex.org/snapshot/panlex-20191001-csv/2892#110824663>				<https://panlex.org/snapshot/panlex-20191001-csv/2892#110824774>		"талати"@akv	
"seshanbe"@bhh	<https://panlex.org/snapshot/panlex-20191001-csv/2892#110824663>				<https://panlex.org/snapshot/panlex-20191001-csv/2892#110824546>		"бокъӏиликьажо"@akv	
"chorshanbe"@bhh	<https://panlex.org/snapshot/panlex-20191001-csv/2892#110825072>				<https://panlex.org/snapshot/panlex-20191001-csv/2892#110824936>		"иштуликьажо"@akv	
"chorshanbe"@bhh	<https://panlex.org/snapshot/panlex-20191001-csv/2892#110825072>				<https://panlex.org/snapshot/panlex-20191001-csv/2892#110824948>		"арибагӏи"@akv	
"דוּשׁאַנבּיֵ"@bhh	<https://panlex.org/snapshot/panlex-20191001-csv/2892#110824087>				<https://panlex.org/snapshot/panlex-20191001-csv/2892#110824086>		"лъӏабиликьажо"@akv	
"דוּשׁאַנבּיֵ"@bhh	<https://panlex.org/snapshot/panlex-20191001-csv/2892#110824087>				<https://panlex.org/snapshot/panlex-20191001-csv/2892#110824371>		"итини"@akv	
"panjshanbe"@bhh	<https://panlex.org/snapshot/panlex-20191001-csv/2892#110825599>				<https://panlex.org/snapshot/panlex-20191001-csv/2892#110825383>		"хамизи"@akv	
"panjshanbe"@bhh	<https://panlex.org/snapshot/panlex-20191001-csv/2892#110825599>				<https://panlex.org/snapshot/panlex-20191001-csv/2892#110825448>		"инлӏиликьажо"@akv	
