"nu"@nwi	<https://panlex.org/snapshot/panlex-20191001-csv/12#851091>				<https://panlex.org/snapshot/panlex-20191001-csv/12#851029>		"aeŋ"@mad	
"nukwanee-"@nwi	<https://panlex.org/snapshot/panlex-20191001-csv/114#8064814>				<https://panlex.org/snapshot/panlex-20191001-csv/114#8064718>		"obuʔ"@mad	
"kwa|lm-"@nwi	<https://panlex.org/snapshot/panlex-20191001-csv/114#8051980>				<https://panlex.org/snapshot/panlex-20191001-csv/114#8051874>		"tanaŋ"@mad	
"nakanmop-"@nwi	<https://panlex.org/snapshot/panlex-20191001-csv/114#8060107>				<https://panlex.org/snapshot/panlex-20191001-csv/114#8060013>		"ate"@mad	
"nətau-"@nwi	<https://panlex.org/snapshot/panlex-20191001-csv/114#8063197>				<https://panlex.org/snapshot/panlex-20191001-csv/114#8063092>		"dhara"@mad	
"nua-"@nwi	<https://panlex.org/snapshot/panlex-20191001-csv/114#8061174>				<https://panlex.org/snapshot/panlex-20191001-csv/114#8061082>		"bau"@mad	
"ŋən"@nwi	<https://panlex.org/snapshot/panlex-20191001-csv/114#8062697>				<https://panlex.org/snapshot/panlex-20191001-csv/114#8062602>		"takoʔ"@mad	
"ləki-n l-uh"@nwi	<https://panlex.org/snapshot/panlex-20191001-csv/114#8062193>				<https://panlex.org/snapshot/panlex-20191001-csv/114#8062111>		"mekker"@mad	
"-lakw"@nwi	<https://panlex.org/snapshot/panlex-20191001-csv/114#8064276>				<https://panlex.org/snapshot/panlex-20191001-csv/114#8064182>		"leʔer"@mad	
"suatukw"@nwi	<https://panlex.org/snapshot/panlex-20191001-csv/114#8054569>				<https://panlex.org/snapshot/panlex-20191001-csv/114#8054478>		"loroŋ"@mad	
"təpu-"@nwi	<https://panlex.org/snapshot/panlex-20191001-csv/114#8058613>				<https://panlex.org/snapshot/panlex-20191001-csv/114#8058501>		"tabuʔ"@mad	
"nelam-"@nwi	<https://panlex.org/snapshot/panlex-20191001-csv/114#8067925>				<https://panlex.org/snapshot/panlex-20191001-csv/114#8067827>		"jila"@mad	
"aalh"@nwi	<https://panlex.org/snapshot/panlex-20191001-csv/114#8068456>				<https://panlex.org/snapshot/panlex-20191001-csv/114#8068360>		"a-gellaʔ"@mad	
"nəmokwlúl"@nwi	<https://panlex.org/snapshot/panlex-20191001-csv/114#8057071>				<https://panlex.org/snapshot/panlex-20191001-csv/114#8056980>		"abu"@mad	
