"nu"@nwi	<https://panlex.org/snapshot/panlex-20191001-csv/12#851091>				<https://panlex.org/snapshot/panlex-20191001-csv/12#851252>		"uwoi"@xmz	
"nukwanee-"@nwi	<https://panlex.org/snapshot/panlex-20191001-csv/114#8064814>				<https://panlex.org/snapshot/panlex-20191001-csv/114#8065019>		"wuu"@xmz	
"kwa|lm-"@nwi	<https://panlex.org/snapshot/panlex-20191001-csv/114#8051980>				<https://panlex.org/snapshot/panlex-20191001-csv/114#8052173>		"kae"@xmz	
"nakanmop-"@nwi	<https://panlex.org/snapshot/panlex-20191001-csv/114#8060107>				<https://panlex.org/snapshot/panlex-20191001-csv/114#8060277>		"ate"@xmz	
"nətau-"@nwi	<https://panlex.org/snapshot/panlex-20191001-csv/114#8063197>				<https://panlex.org/snapshot/panlex-20191001-csv/114#8063380>		"rea"@xmz	
"nua-"@nwi	<https://panlex.org/snapshot/panlex-20191001-csv/114#8061174>				<https://panlex.org/snapshot/panlex-20191001-csv/114#8061331>		"owea"@xmz	
"ŋən"@nwi	<https://panlex.org/snapshot/panlex-20191001-csv/114#8062697>				<https://panlex.org/snapshot/panlex-20191001-csv/114#8062864>		"doito"@xmz	
"ləki-n l-uh"@nwi	<https://panlex.org/snapshot/panlex-20191001-csv/114#8062193>				<https://panlex.org/snapshot/panlex-20191001-csv/114#8062358>		"mompewowolo"@xmz	
"ləki-n l-uh"@nwi	<https://panlex.org/snapshot/panlex-20191001-csv/114#8062193>				<https://panlex.org/snapshot/panlex-20191001-csv/114#8062357>		"mewowoloo"@xmz	
"-lakw"@nwi	<https://panlex.org/snapshot/panlex-20191001-csv/114#8064276>				<https://panlex.org/snapshot/panlex-20191001-csv/114#8064468>		"weʔu"@xmz	
"suatukw"@nwi	<https://panlex.org/snapshot/panlex-20191001-csv/114#8054569>				<https://panlex.org/snapshot/panlex-20191001-csv/114#8054748>		"sala"@xmz	
"təpu-"@nwi	<https://panlex.org/snapshot/panlex-20191001-csv/114#8058613>				<https://panlex.org/snapshot/panlex-20191001-csv/114#8058815>		"kompo"@xmz	
"nelam-"@nwi	<https://panlex.org/snapshot/panlex-20191001-csv/114#8067925>				<https://panlex.org/snapshot/panlex-20191001-csv/114#8068109>		"elo"@xmz	
"aalh"@nwi	<https://panlex.org/snapshot/panlex-20191001-csv/114#8068456>				<https://panlex.org/snapshot/panlex-20191001-csv/114#8068632>		"metotaa"@xmz	
"nəmokwlúl"@nwi	<https://panlex.org/snapshot/panlex-20191001-csv/114#8057071>				<https://panlex.org/snapshot/panlex-20191001-csv/114#8057232>		"awu"@xmz	
