"wār"@bhw	<https://panlex.org/snapshot/panlex-20191001-csv/12#850852>				<https://panlex.org/snapshot/panlex-20191001-csv/12#851138>		"aiq"@sas	
"rik"@bhw	<https://panlex.org/snapshot/panlex-20191001-csv/114#8062916>				<https://panlex.org/snapshot/panlex-20191001-csv/114#8063247>		"daraq"@sas	
"rā"@bhw	<https://panlex.org/snapshot/panlex-20191001-csv/114#8053728>				<https://panlex.org/snapshot/panlex-20191001-csv/114#8054102>		"lampaq"@sas	
"kabĕr"@bhw	<https://panlex.org/snapshot/panlex-20191001-csv/114#8055299>				<https://panlex.org/snapshot/panlex-20191001-csv/114#8055621>		"biluk"@sas	
"sasu[ri]"@bhw	<https://panlex.org/snapshot/panlex-20191001-csv/114#8063988>				<https://panlex.org/snapshot/panlex-20191001-csv/114#8064324>		"bəloŋ"@sas	
"akĕm"@bhw	<https://panlex.org/snapshot/panlex-20191001-csv/114#8056318>				<https://panlex.org/snapshot/panlex-20191001-csv/114#8056643>		"kotor"@sas	
"sne[ri]"@bhw	<https://panlex.org/snapshot/panlex-20191001-csv/114#8058308>				<https://panlex.org/snapshot/panlex-20191001-csv/114#8058672>		"tian"@sas	
"kaprendi"@bhw	<https://panlex.org/snapshot/panlex-20191001-csv/114#8067647>				<https://panlex.org/snapshot/panlex-20191001-csv/114#8067973>		"elaq"@sas	
"radar[si]"@bhw	<https://panlex.org/snapshot/panlex-20191001-csv/114#8060921>				<https://panlex.org/snapshot/panlex-20191001-csv/114#8061221>		"toak"@sas	
"nasĕm"@bhw	<https://panlex.org/snapshot/panlex-20191001-csv/114#8066050>				<https://panlex.org/snapshot/panlex-20191001-csv/114#8066369>		"siduk"@sas	
"yorĕf"@bhw	<https://panlex.org/snapshot/panlex-20191001-csv/114#8056823>				<https://panlex.org/snapshot/panlex-20191001-csv/114#8057123>		"kələpuq"@sas	
