"numa/n"@mjk	<https://panlex.org/snapshot/panlex-20191001-csv/114#8051910>				<https://panlex.org/snapshot/panlex-20191001-csv/114#8051759>		"lima"@haw	
"nidu/n"@mjk	<https://panlex.org/snapshot/panlex-20191001-csv/114#8065309>				<https://panlex.org/snapshot/panlex-20191001-csv/114#8065166>		"ihu"@haw	
"bale/n"@mjk	<https://panlex.org/snapshot/panlex-20191001-csv/114#8067863>				<https://panlex.org/snapshot/panlex-20191001-csv/114#8067728>		"alelo"@haw	
"-tor"@mjk	<https://panlex.org/snapshot/panlex-20191001-csv/114#8053982>				<https://panlex.org/snapshot/panlex-20191001-csv/114#8053826>		"hele"@haw	
"-y/a-"@mjk	<https://panlex.org/snapshot/panlex-20191001-csv/114#8053983>				<https://panlex.org/snapshot/panlex-20191001-csv/114#8053826>		"hele"@haw	
"kuroi"@mjk	<https://panlex.org/snapshot/panlex-20191001-csv/114#8059567>				<https://panlex.org/snapshot/panlex-20191001-csv/114#8059442>		"naʻau"@haw	
"ate/u"@mjk	<https://panlex.org/snapshot/panlex-20191001-csv/114#8060047>				<https://panlex.org/snapshot/panlex-20191001-csv/114#8059918>		"ake"@haw	
"dara/u"@mjk	<https://panlex.org/snapshot/panlex-20191001-csv/114#8063135>				<https://panlex.org/snapshot/panlex-20191001-csv/114#8062999>		"koko"@haw	
"gorma/n"@mjk	<https://panlex.org/snapshot/panlex-20191001-csv/114#8063675>				<https://panlex.org/snapshot/panlex-20191001-csv/114#8063537>		"poʻo"@haw	
"tutu"@mjk	<https://panlex.org/snapshot/panlex-20191001-csv/114#8059084>				<https://panlex.org/snapshot/panlex-20191001-csv/114#8058951>		"iwi"@haw	
"wei"@mjk	<https://panlex.org/snapshot/panlex-20191001-csv/114#8052885>				<https://panlex.org/snapshot/panlex-20191001-csv/114#8052766>		"ʻākau"@haw	
"patare-n"@mjk	<https://panlex.org/snapshot/panlex-20191001-csv/114#8060592>				<https://panlex.org/snapshot/panlex-20191001-csv/114#8060434>		"ū"@haw	
