"numa/n"@mjk	<https://panlex.org/snapshot/panlex-20191001-csv/114#8051910>				<https://panlex.org/snapshot/panlex-20191001-csv/114#8052020>		"usu"@ree	
"nidu/n"@mjk	<https://panlex.org/snapshot/panlex-20191001-csv/114#8065309>				<https://panlex.org/snapshot/panlex-20191001-csv/114#8065414>		"uruŋ"@ree	
"bale/n"@mjk	<https://panlex.org/snapshot/panlex-20191001-csv/114#8067863>				<https://panlex.org/snapshot/panlex-20191001-csv/114#8067963>		"jela"@ree	
"-tor"@mjk	<https://panlex.org/snapshot/panlex-20191001-csv/114#8053982>				<https://panlex.org/snapshot/panlex-20191001-csv/114#8054091>		"pano"@ree	
"-y/a-"@mjk	<https://panlex.org/snapshot/panlex-20191001-csv/114#8053983>				<https://panlex.org/snapshot/panlex-20191001-csv/114#8054091>		"pano"@ree	
"kuroi"@mjk	<https://panlex.org/snapshot/panlex-20191001-csv/114#8059567>				<https://panlex.org/snapshot/panlex-20191001-csv/114#8059663>		"tenaʔiʔ"@ree	
"ate/u"@mjk	<https://panlex.org/snapshot/panlex-20191001-csv/114#8060047>				<https://panlex.org/snapshot/panlex-20191001-csv/114#8060141>		"até"@ree	
"dara/u"@mjk	<https://panlex.org/snapshot/panlex-20191001-csv/114#8063135>				<https://panlex.org/snapshot/panlex-20191001-csv/114#8063236>		"daha"@ree	
"gorma/n"@mjk	<https://panlex.org/snapshot/panlex-20191001-csv/114#8063675>				<https://panlex.org/snapshot/panlex-20191001-csv/114#8063777>		"kuhuŋ"@ree	
"tutu"@mjk	<https://panlex.org/snapshot/panlex-20191001-csv/114#8059084>				<https://panlex.org/snapshot/panlex-20191001-csv/114#8059181>		"tulaŋ"@ree	
"wei"@mjk	<https://panlex.org/snapshot/panlex-20191001-csv/114#8052885>				<https://panlex.org/snapshot/panlex-20191001-csv/114#8052976>		"taʔaw"@ree	
"patare-n"@mjk	<https://panlex.org/snapshot/panlex-20191001-csv/114#8060592>				<https://panlex.org/snapshot/panlex-20191001-csv/114#8060696>		"muʔ"@ree	
