"numa/n"@mjk	<https://panlex.org/snapshot/panlex-20191001-csv/114#8051910>				<https://panlex.org/snapshot/panlex-20191001-csv/114#8051628>		"lima"@akg	
"nidu/n"@mjk	<https://panlex.org/snapshot/panlex-20191001-csv/114#8065309>				<https://panlex.org/snapshot/panlex-20191001-csv/114#8065041>		"kiru"@akg	
"bale/n"@mjk	<https://panlex.org/snapshot/panlex-20191001-csv/114#8067863>				<https://panlex.org/snapshot/panlex-20191001-csv/114#8067612>		"làma"@akg	
"-tor"@mjk	<https://panlex.org/snapshot/panlex-20191001-csv/114#8053982>				<https://panlex.org/snapshot/panlex-20191001-csv/114#8053686>		"halako"@akg	
"-y/a-"@mjk	<https://panlex.org/snapshot/panlex-20191001-csv/114#8053983>				<https://panlex.org/snapshot/panlex-20191001-csv/114#8053686>		"halako"@akg	
"kuroi"@mjk	<https://panlex.org/snapshot/panlex-20191001-csv/114#8059567>				<https://panlex.org/snapshot/panlex-20191001-csv/114#8059339>		"tanai"@akg	
"ate/u"@mjk	<https://panlex.org/snapshot/panlex-20191001-csv/114#8060047>				<https://panlex.org/snapshot/panlex-20191001-csv/114#8059801>		"ati"@akg	
"dara/u"@mjk	<https://panlex.org/snapshot/panlex-20191001-csv/114#8063135>				<https://panlex.org/snapshot/panlex-20191001-csv/114#8062881>		"ra"@akg	
"gorma/n"@mjk	<https://panlex.org/snapshot/panlex-20191001-csv/114#8063675>				<https://panlex.org/snapshot/panlex-20191001-csv/114#8063399>		"katiku"@akg	
"tutu"@mjk	<https://panlex.org/snapshot/panlex-20191001-csv/114#8059084>				<https://panlex.org/snapshot/panlex-20191001-csv/114#8058836>		"rí"@akg	
"wei"@mjk	<https://panlex.org/snapshot/panlex-20191001-csv/114#8052885>				<https://panlex.org/snapshot/panlex-20191001-csv/114#8052662>		"lawana"@akg	
"patare-n"@mjk	<https://panlex.org/snapshot/panlex-20191001-csv/114#8060592>				<https://panlex.org/snapshot/panlex-20191001-csv/114#8060298>		"susu"@akg	
