"ranúm"@ckv	<https://panlex.org/snapshot/panlex-20191001-csv/12#850883>				<https://panlex.org/snapshot/panlex-20191001-csv/12#851065>		"air"@zsm	
"rinang"@ckv	<https://panlex.org/snapshot/panlex-20191001-csv/15#965038>				<https://panlex.org/snapshot/panlex-20191001-csv/15#965082>		"darah"@zsm	
"buqán"@ckv	<https://panlex.org/snapshot/panlex-20191001-csv/15#966994>				<https://panlex.org/snapshot/panlex-20191001-csv/15#967086>		"pasir"@zsm	
"kia"@ckv	<https://panlex.org/snapshot/panlex-20191001-csv/15#955474>				<https://panlex.org/snapshot/panlex-20191001-csv/15#955540>		"kecil"@zsm	
"moqtə́t"@ckv	<https://panlex.org/snapshot/panlex-20191001-csv/114#8062452>				<https://panlex.org/snapshot/panlex-20191001-csv/114#8062874>		"takut"@zsm	
"ngivir"@ckv	<https://panlex.org/snapshot/panlex-20191001-csv/114#8066588>				<https://panlex.org/snapshot/panlex-20191001-csv/114#8067055>		"mulut"@zsm	
"kokoẓán"@ckv	<https://panlex.org/snapshot/panlex-20191001-csv/114#8068210>				<https://panlex.org/snapshot/panlex-20191001-csv/114#8068645>		"ketawa"@zsm	
"la:ẓán"@ckv	<https://panlex.org/snapshot/panlex-20191001-csv/114#8054344>				<https://panlex.org/snapshot/panlex-20191001-csv/114#8054759>		"jalan"@zsm	
"ɤa:pán"@ckv	<https://panlex.org/snapshot/panlex-20191001-csv/114#8053198>				<https://panlex.org/snapshot/panlex-20191001-csv/114#8053679>		"kaki"@zsm	
"kawa:nán"@ckv	<https://panlex.org/snapshot/panlex-20191001-csv/114#8052729>				<https://panlex.org/snapshot/panlex-20191001-csv/114#8053110>		"kanan"@zsm	
"tqa:yáɤ"@ckv	<https://panlex.org/snapshot/panlex-20191001-csv/114#8060961>				<https://panlex.org/snapshot/panlex-20191001-csv/114#8061343>		"bahu"@zsm	
"nalnáq"@ckv	<https://panlex.org/snapshot/panlex-20191001-csv/114#8059405>				<https://panlex.org/snapshot/panlex-20191001-csv/114#8059793>		"usus"@zsm	
"vaŋsís"@ckv	<https://panlex.org/snapshot/panlex-20191001-csv/114#8066090>				<https://panlex.org/snapshot/panlex-20191001-csv/114#8066500>		"hidu"@zsm	
"kautúʔ"@ckv	<https://panlex.org/snapshot/panlex-20191001-csv/114#8054835>				<https://panlex.org/snapshot/panlex-20191001-csv/114#8055262>		"mari"@zsm	
"bəɬɬə́s"@ckv	<https://panlex.org/snapshot/panlex-20191001-csv/114#8058347>				<https://panlex.org/snapshot/panlex-20191001-csv/114#8058829>		"perut"@zsm	
"neɤa:sóɤ"@ckv	<https://panlex.org/snapshot/panlex-20191001-csv/114#8059406>				<https://panlex.org/snapshot/panlex-20191001-csv/114#8059793>		"usus"@zsm	
"smingut"@ckv	<https://panlex.org/snapshot/panlex-20191001-csv/114#8066089>				<https://panlex.org/snapshot/panlex-20191001-csv/114#8066500>		"hidu"@zsm	
"sma:qáy"@ckv	<https://panlex.org/snapshot/panlex-20191001-csv/114#8053778>				<https://panlex.org/snapshot/panlex-20191001-csv/114#8054269>		"jalan kaki"@zsm	
"lilám"@ckv	<https://panlex.org/snapshot/panlex-20191001-csv/114#8067686>				<https://panlex.org/snapshot/panlex-20191001-csv/114#8068121>		"lidah"@zsm	
"renan"@ckv	<https://panlex.org/snapshot/panlex-20191001-csv/114#8062955>				<https://panlex.org/snapshot/panlex-20191001-csv/114#8063391>		"darah"@zsm	
"su:pəɤán"@ckv	<https://panlex.org/snapshot/panlex-20191001-csv/114#8061440>				<https://panlex.org/snapshot/panlex-20191001-csv/114#8061909>		"berpengetahuan"@zsm	
"su:pəɤán"@ckv	<https://panlex.org/snapshot/panlex-20191001-csv/114#8061440>				<https://panlex.org/snapshot/panlex-20191001-csv/114#8061911>		"tahu"@zsm	
"su:pəɤán"@ckv	<https://panlex.org/snapshot/panlex-20191001-csv/114#8061440>				<https://panlex.org/snapshot/panlex-20191001-csv/114#8061910>		"mengetahui"@zsm	
"ʔo:ɤóʔ"@ckv	<https://panlex.org/snapshot/panlex-20191001-csv/114#8063490>				<https://panlex.org/snapshot/panlex-20191001-csv/114#8063945>		"kepala"@zsm	
"tiaɤmóq"@ckv	<https://panlex.org/snapshot/panlex-20191001-csv/114#8056858>				<https://panlex.org/snapshot/panlex-20191001-csv/114#8057241>		"habuk"@zsm	
"tiaɤmóq"@ckv	<https://panlex.org/snapshot/panlex-20191001-csv/114#8056858>				<https://panlex.org/snapshot/panlex-20191001-csv/114#8057240>		"debu"@zsm	
"lu:nóq"@ckv	<https://panlex.org/snapshot/panlex-20191001-csv/114#8064031>				<https://panlex.org/snapshot/panlex-20191001-csv/114#8064483>		"leher"@zsm	
"smi:ŋút"@ckv	<https://panlex.org/snapshot/panlex-20191001-csv/114#8066088>				<https://panlex.org/snapshot/panlex-20191001-csv/114#8066500>		"hidu"@zsm	
"ʔu:núŋ"@ckv	<https://panlex.org/snapshot/panlex-20191001-csv/114#8065118>				<https://panlex.org/snapshot/panlex-20191001-csv/114#8065577>		"hidung"@zsm	
"lu:lə́n"@ckv	<https://panlex.org/snapshot/panlex-20191001-csv/114#8064030>				<https://panlex.org/snapshot/panlex-20191001-csv/114#8064483>		"leher"@zsm	
"zaran"@ckv	<https://panlex.org/snapshot/panlex-20191001-csv/114#8054346>				<https://panlex.org/snapshot/panlex-20191001-csv/114#8054759>		"jalan"@zsm	
"rathan"@ckv	<https://panlex.org/snapshot/panlex-20191001-csv/114#8054345>				<https://panlex.org/snapshot/panlex-20191001-csv/114#8054759>		"jalan"@zsm	
"ɤukáp"@ckv	<https://panlex.org/snapshot/panlex-20191001-csv/114#8051714>				<https://panlex.org/snapshot/panlex-20191001-csv/114#8052185>		"tangan"@zsm	
"rinang"@ckv	<https://panlex.org/snapshot/panlex-20191001-csv/114#8062954>				<https://panlex.org/snapshot/panlex-20191001-csv/114#8063391>		"darah"@zsm	
"ruvung"@ckv	<https://panlex.org/snapshot/panlex-20191001-csv/114#8057328>				<https://panlex.org/snapshot/panlex-20191001-csv/114#8057765>		"kulit"@zsm	
"qawtóʔ"@ckv	<https://panlex.org/snapshot/panlex-20191001-csv/114#8054837>				<https://panlex.org/snapshot/panlex-20191001-csv/114#8055262>		"mari"@zsm	
"ngoyok"@ckv	<https://panlex.org/snapshot/panlex-20191001-csv/114#8066589>				<https://panlex.org/snapshot/panlex-20191001-csv/114#8067055>		"mulut"@zsm	
"kəsianə́m"@ckv	<https://panlex.org/snapshot/panlex-20191001-csv/114#8061988>				<https://panlex.org/snapshot/panlex-20191001-csv/114#8062368>		"fikir"@zsm	
