"ranúm"@ckv	<https://panlex.org/snapshot/panlex-20191001-csv/12#850883>				<https://panlex.org/snapshot/panlex-20191001-csv/12#850897>		"'vio"@drn	
"ngivir"@ckv	<https://panlex.org/snapshot/panlex-20191001-csv/114#8066588>				<https://panlex.org/snapshot/panlex-20191001-csv/114#8066603>		"ʼnunho"@drn	
"kokoẓán"@ckv	<https://panlex.org/snapshot/panlex-20191001-csv/114#8068210>				<https://panlex.org/snapshot/panlex-20191001-csv/114#8068223>		"waʼmoli"@drn	
"la:ẓán"@ckv	<https://panlex.org/snapshot/panlex-20191001-csv/114#8054344>				<https://panlex.org/snapshot/panlex-20191001-csv/114#8054358>		"ʼhollo"@drn	
"ɤa:pán"@ckv	<https://panlex.org/snapshot/panlex-20191001-csv/114#8053198>				<https://panlex.org/snapshot/panlex-20191001-csv/114#8053209>		"ʼeja"@drn	
"kautúʔ"@ckv	<https://panlex.org/snapshot/panlex-20191001-csv/114#8054835>				<https://panlex.org/snapshot/panlex-20191001-csv/114#8054847>		"ʼmoi"@drn	
"bəɬɬə́s"@ckv	<https://panlex.org/snapshot/panlex-20191001-csv/114#8058347>				<https://panlex.org/snapshot/panlex-20191001-csv/114#8058362>		"ʼopɲo"@drn	
"sma:qáy"@ckv	<https://panlex.org/snapshot/panlex-20191001-csv/114#8053778>				<https://panlex.org/snapshot/panlex-20191001-csv/114#8053791>		"ʼlakto"@drn	
"lilám"@ckv	<https://panlex.org/snapshot/panlex-20191001-csv/114#8067686>				<https://panlex.org/snapshot/panlex-20191001-csv/114#8067697>		"leʼlɛmma"@drn	
"renan"@ckv	<https://panlex.org/snapshot/panlex-20191001-csv/114#8062955>				<https://panlex.org/snapshot/panlex-20191001-csv/114#8062968>		"ʼrowo"@drn	
"su:pəɤán"@ckv	<https://panlex.org/snapshot/panlex-20191001-csv/114#8061440>				<https://panlex.org/snapshot/panlex-20191001-csv/114#8061452>		"wutʼhono"@drn	
"ʔo:ɤóʔ"@ckv	<https://panlex.org/snapshot/panlex-20191001-csv/114#8063490>				<https://panlex.org/snapshot/panlex-20191001-csv/114#8063501>		"ulʼkonna"@drn	
"lu:nóq"@ckv	<https://panlex.org/snapshot/panlex-20191001-csv/114#8064031>				<https://panlex.org/snapshot/panlex-20191001-csv/114#8064044>		"ʼtallo"@drn	
"ʔu:núŋ"@ckv	<https://panlex.org/snapshot/panlex-20191001-csv/114#8065118>				<https://panlex.org/snapshot/panlex-20191001-csv/114#8065130>		"ʼsuno"@drn	
"lu:lə́n"@ckv	<https://panlex.org/snapshot/panlex-20191001-csv/114#8064030>				<https://panlex.org/snapshot/panlex-20191001-csv/114#8064044>		"ʼtallo"@drn	
"zaran"@ckv	<https://panlex.org/snapshot/panlex-20191001-csv/114#8054346>				<https://panlex.org/snapshot/panlex-20191001-csv/114#8054358>		"ʼhollo"@drn	
"rathan"@ckv	<https://panlex.org/snapshot/panlex-20191001-csv/114#8054345>				<https://panlex.org/snapshot/panlex-20191001-csv/114#8054358>		"ʼhollo"@drn	
"ɤukáp"@ckv	<https://panlex.org/snapshot/panlex-20191001-csv/114#8051714>				<https://panlex.org/snapshot/panlex-20191001-csv/114#8051725>		"ʼlima"@drn	
"rinang"@ckv	<https://panlex.org/snapshot/panlex-20191001-csv/114#8062954>				<https://panlex.org/snapshot/panlex-20191001-csv/114#8062968>		"ʼrowo"@drn	
"ruvung"@ckv	<https://panlex.org/snapshot/panlex-20191001-csv/114#8057328>				<https://panlex.org/snapshot/panlex-20191001-csv/114#8057340>		"ʼultʃo"@drn	
"qawtóʔ"@ckv	<https://panlex.org/snapshot/panlex-20191001-csv/114#8054837>				<https://panlex.org/snapshot/panlex-20191001-csv/114#8054847>		"ʼmoi"@drn	
"ngoyok"@ckv	<https://panlex.org/snapshot/panlex-20191001-csv/114#8066589>				<https://panlex.org/snapshot/panlex-20191001-csv/114#8066603>		"ʼnunho"@drn	
