"ranúm"@ckv	<https://panlex.org/snapshot/panlex-20191001-csv/12#850883>				<https://panlex.org/snapshot/panlex-20191001-csv/12#850924>		"naz"@gdd	
"buqán"@ckv	<https://panlex.org/snapshot/panlex-20191001-csv/15#966994>				<https://panlex.org/snapshot/panlex-20191001-csv/15#967008>		"lul"@gdd	
"buqán"@ckv	<https://panlex.org/snapshot/panlex-20191001-csv/15#966994>				<https://panlex.org/snapshot/panlex-20191001-csv/15#967007>		"abúz"@gdd	
"moqtə́t"@ckv	<https://panlex.org/snapshot/panlex-20191001-csv/114#8062452>				<https://panlex.org/snapshot/panlex-20191001-csv/114#8062479>		"zut"@gdd	
"moqtə́t"@ckv	<https://panlex.org/snapshot/panlex-20191001-csv/114#8062452>				<https://panlex.org/snapshot/panlex-20191001-csv/114#8062477>		"fúfu"@gdd	
"moqtə́t"@ckv	<https://panlex.org/snapshot/panlex-20191001-csv/114#8062452>				<https://panlex.org/snapshot/panlex-20191001-csv/114#8062478>		"zez"@gdd	
"ngivir"@ckv	<https://panlex.org/snapshot/panlex-20191001-csv/114#8066588>				<https://panlex.org/snapshot/panlex-20191001-csv/114#8066625>		"áwan"@gdd	
"kokoẓán"@ckv	<https://panlex.org/snapshot/panlex-20191001-csv/114#8068210>				<https://panlex.org/snapshot/panlex-20191001-csv/114#8068243>		"di"@gdd	
"la:ẓán"@ckv	<https://panlex.org/snapshot/panlex-20191001-csv/114#8054344>				<https://panlex.org/snapshot/panlex-20191001-csv/114#8054381>		"dal"@gdd	
"ɤa:pán"@ckv	<https://panlex.org/snapshot/panlex-20191001-csv/114#8053198>				<https://panlex.org/snapshot/panlex-20191001-csv/114#8053233>		"nien"@gdd	
"kawa:nán"@ckv	<https://panlex.org/snapshot/panlex-20191001-csv/114#8052729>				<https://panlex.org/snapshot/panlex-20191001-csv/114#8052755>		"waŋ"@gdd	
"tqa:yáɤ"@ckv	<https://panlex.org/snapshot/panlex-20191001-csv/114#8060961>				<https://panlex.org/snapshot/panlex-20191001-csv/114#8060987>		"yazón"@gdd	
"nalnáq"@ckv	<https://panlex.org/snapshot/panlex-20191001-csv/114#8059405>				<https://panlex.org/snapshot/panlex-20191001-csv/114#8059431>		"taen"@gdd	
"nalnáq"@ckv	<https://panlex.org/snapshot/panlex-20191001-csv/114#8059405>				<https://panlex.org/snapshot/panlex-20191001-csv/114#8059432>		"teŋáen"@gdd	
"kautúʔ"@ckv	<https://panlex.org/snapshot/panlex-20191001-csv/114#8054835>				<https://panlex.org/snapshot/panlex-20191001-csv/114#8054867>		"so"@gdd	
"bəɬɬə́s"@ckv	<https://panlex.org/snapshot/panlex-20191001-csv/114#8058347>				<https://panlex.org/snapshot/panlex-20191001-csv/114#8058387>		"zazén"@gdd	
"bəɬɬə́s"@ckv	<https://panlex.org/snapshot/panlex-20191001-csv/114#8058347>				<https://panlex.org/snapshot/panlex-20191001-csv/114#8058386>		"kazói"@gdd	
"neɤa:sóɤ"@ckv	<https://panlex.org/snapshot/panlex-20191001-csv/114#8059406>				<https://panlex.org/snapshot/panlex-20191001-csv/114#8059431>		"taen"@gdd	
"neɤa:sóɤ"@ckv	<https://panlex.org/snapshot/panlex-20191001-csv/114#8059406>				<https://panlex.org/snapshot/panlex-20191001-csv/114#8059432>		"teŋáen"@gdd	
"sma:qáy"@ckv	<https://panlex.org/snapshot/panlex-20191001-csv/114#8053778>				<https://panlex.org/snapshot/panlex-20191001-csv/114#8053810>		"toz"@gdd	
"sma:qáy"@ckv	<https://panlex.org/snapshot/panlex-20191001-csv/114#8053778>				<https://panlex.org/snapshot/panlex-20191001-csv/114#8053809>		"la"@gdd	
"lilám"@ckv	<https://panlex.org/snapshot/panlex-20191001-csv/114#8067686>				<https://panlex.org/snapshot/panlex-20191001-csv/114#8067717>		"balén"@gdd	
"renan"@ckv	<https://panlex.org/snapshot/panlex-20191001-csv/114#8062955>				<https://panlex.org/snapshot/panlex-20191001-csv/114#8062988>		"dazán"@gdd	
"su:pəɤán"@ckv	<https://panlex.org/snapshot/panlex-20191001-csv/114#8061440>				<https://panlex.org/snapshot/panlex-20191001-csv/114#8061476>		"loŋ"@gdd	
"ʔo:ɤóʔ"@ckv	<https://panlex.org/snapshot/panlex-20191001-csv/114#8063490>				<https://panlex.org/snapshot/panlex-20191001-csv/114#8063526>		"gatén"@gdd	
"tiaɤmóq"@ckv	<https://panlex.org/snapshot/panlex-20191001-csv/114#8056858>				<https://panlex.org/snapshot/panlex-20191001-csv/114#8056881>		"sag|áf"@gdd	
"tiaɤmóq"@ckv	<https://panlex.org/snapshot/panlex-20191001-csv/114#8056858>				<https://panlex.org/snapshot/panlex-20191001-csv/114#8056880>		"gufugáf"@gdd	
"lu:nóq"@ckv	<https://panlex.org/snapshot/panlex-20191001-csv/114#8064031>				<https://panlex.org/snapshot/panlex-20191001-csv/114#8064068>		"biziwón"@gdd	
"lu:nóq"@ckv	<https://panlex.org/snapshot/panlex-20191001-csv/114#8064031>				<https://panlex.org/snapshot/panlex-20191001-csv/114#8064070>		"kelagún"@gdd	
"lu:nóq"@ckv	<https://panlex.org/snapshot/panlex-20191001-csv/114#8064031>				<https://panlex.org/snapshot/panlex-20191001-csv/114#8064069>		"gudún"@gdd	
"ʔu:núŋ"@ckv	<https://panlex.org/snapshot/panlex-20191001-csv/114#8065118>				<https://panlex.org/snapshot/panlex-20191001-csv/114#8065155>		"win"@gdd	
"lu:lə́n"@ckv	<https://panlex.org/snapshot/panlex-20191001-csv/114#8064030>				<https://panlex.org/snapshot/panlex-20191001-csv/114#8064068>		"biziwón"@gdd	
"lu:lə́n"@ckv	<https://panlex.org/snapshot/panlex-20191001-csv/114#8064030>				<https://panlex.org/snapshot/panlex-20191001-csv/114#8064070>		"kelagún"@gdd	
"lu:lə́n"@ckv	<https://panlex.org/snapshot/panlex-20191001-csv/114#8064030>				<https://panlex.org/snapshot/panlex-20191001-csv/114#8064069>		"gudún"@gdd	
"zaran"@ckv	<https://panlex.org/snapshot/panlex-20191001-csv/114#8054346>				<https://panlex.org/snapshot/panlex-20191001-csv/114#8054381>		"dal"@gdd	
"rathan"@ckv	<https://panlex.org/snapshot/panlex-20191001-csv/114#8054345>				<https://panlex.org/snapshot/panlex-20191001-csv/114#8054381>		"dal"@gdd	
"ɤukáp"@ckv	<https://panlex.org/snapshot/panlex-20191001-csv/114#8051714>				<https://panlex.org/snapshot/panlex-20191001-csv/114#8051747>		"nimán"@gdd	
"rinang"@ckv	<https://panlex.org/snapshot/panlex-20191001-csv/114#8062954>				<https://panlex.org/snapshot/panlex-20191001-csv/114#8062988>		"dazán"@gdd	
"ruvung"@ckv	<https://panlex.org/snapshot/panlex-20191001-csv/114#8057328>				<https://panlex.org/snapshot/panlex-20191001-csv/114#8057359>		"siliŋoń"@gdd	
"qawtóʔ"@ckv	<https://panlex.org/snapshot/panlex-20191001-csv/114#8054837>				<https://panlex.org/snapshot/panlex-20191001-csv/114#8054867>		"so"@gdd	
"ngoyok"@ckv	<https://panlex.org/snapshot/panlex-20191001-csv/114#8066589>				<https://panlex.org/snapshot/panlex-20191001-csv/114#8066625>		"áwan"@gdd	
"kəsianə́m"@ckv	<https://panlex.org/snapshot/panlex-20191001-csv/114#8061988>				<https://panlex.org/snapshot/panlex-20191001-csv/114#8062010>		"kánkan"@gdd	
