"moqtə́t"@ckv	<https://panlex.org/snapshot/panlex-20191001-csv/114#8062452>				<https://panlex.org/snapshot/panlex-20191001-csv/114#8062620>		"kaʼhadɨk"@mbd	
"ngivir"@ckv	<https://panlex.org/snapshot/panlex-20191001-csv/114#8066588>				<https://panlex.org/snapshot/panlex-20191001-csv/114#8066761>		"ʼbaqbaq"@mbd	
"kokoẓán"@ckv	<https://panlex.org/snapshot/panlex-20191001-csv/114#8068210>				<https://panlex.org/snapshot/panlex-20191001-csv/114#8068378>		"ʼngisi"@mbd	
"ɤa:pán"@ckv	<https://panlex.org/snapshot/panlex-20191001-csv/114#8053198>				<https://panlex.org/snapshot/panlex-20191001-csv/114#8053380>		"ʼkɨbɨng"@mbd	
"kawa:nán"@ckv	<https://panlex.org/snapshot/panlex-20191001-csv/114#8052729>				<https://panlex.org/snapshot/panlex-20191001-csv/114#8052868>		"kalinʼtuqu"@mbd	
"tqa:yáɤ"@ckv	<https://panlex.org/snapshot/panlex-20191001-csv/114#8060961>				<https://panlex.org/snapshot/panlex-20191001-csv/114#8061100>		"qaʼbaga"@mbd	
"nalnáq"@ckv	<https://panlex.org/snapshot/panlex-20191001-csv/114#8059405>				<https://panlex.org/snapshot/panlex-20191001-csv/114#8059551>		"tiqɨ"@mbd	
"vaŋsís"@ckv	<https://panlex.org/snapshot/panlex-20191001-csv/114#8066090>				<https://panlex.org/snapshot/panlex-20191001-csv/114#8066245>		"ʼngadɨg"@mbd	
"bəɬɬə́s"@ckv	<https://panlex.org/snapshot/panlex-20191001-csv/114#8058347>				<https://panlex.org/snapshot/panlex-20191001-csv/114#8058527>		"ʼgɨtɨk"@mbd	
"neɤa:sóɤ"@ckv	<https://panlex.org/snapshot/panlex-20191001-csv/114#8059406>				<https://panlex.org/snapshot/panlex-20191001-csv/114#8059551>		"tiqɨ"@mbd	
"smingut"@ckv	<https://panlex.org/snapshot/panlex-20191001-csv/114#8066089>				<https://panlex.org/snapshot/panlex-20191001-csv/114#8066245>		"ʼngadɨg"@mbd	
"sma:qáy"@ckv	<https://panlex.org/snapshot/panlex-20191001-csv/114#8053778>				<https://panlex.org/snapshot/panlex-20191001-csv/114#8053966>		"hiʼpanɨw"@mbd	
"lilám"@ckv	<https://panlex.org/snapshot/panlex-20191001-csv/114#8067686>				<https://panlex.org/snapshot/panlex-20191001-csv/114#8067847>		"ʼdilaq"@mbd	
"renan"@ckv	<https://panlex.org/snapshot/panlex-20191001-csv/114#8062955>				<https://panlex.org/snapshot/panlex-20191001-csv/114#8063118>		"laʼngɨsa"@mbd	
"su:pəɤán"@ckv	<https://panlex.org/snapshot/panlex-20191001-csv/114#8061440>				<https://panlex.org/snapshot/panlex-20191001-csv/114#8061622>		"kiʼlaa"@mbd	
"ʔo:ɤóʔ"@ckv	<https://panlex.org/snapshot/panlex-20191001-csv/114#8063490>				<https://panlex.org/snapshot/panlex-20191001-csv/114#8063657>		"ʼquu"@mbd	
"tiaɤmóq"@ckv	<https://panlex.org/snapshot/panlex-20191001-csv/114#8056858>				<https://panlex.org/snapshot/panlex-20191001-csv/114#8056996>		"ʼbukbuk"@mbd	
"lu:nóq"@ckv	<https://panlex.org/snapshot/panlex-20191001-csv/114#8064031>				<https://panlex.org/snapshot/panlex-20191001-csv/114#8064200>		"ʼliqɨg"@mbd	
"smi:ŋút"@ckv	<https://panlex.org/snapshot/panlex-20191001-csv/114#8066088>				<https://panlex.org/snapshot/panlex-20191001-csv/114#8066245>		"ʼngadɨg"@mbd	
"ʔu:núŋ"@ckv	<https://panlex.org/snapshot/panlex-20191001-csv/114#8065118>				<https://panlex.org/snapshot/panlex-20191001-csv/114#8065292>		"ʼsimud"@mbd	
"lu:lə́n"@ckv	<https://panlex.org/snapshot/panlex-20191001-csv/114#8064030>				<https://panlex.org/snapshot/panlex-20191001-csv/114#8064200>		"ʼliqɨg"@mbd	
"ɤukáp"@ckv	<https://panlex.org/snapshot/panlex-20191001-csv/114#8051714>				<https://panlex.org/snapshot/panlex-20191001-csv/114#8051893>		"ʼbɨad"@mbd	
"rinang"@ckv	<https://panlex.org/snapshot/panlex-20191001-csv/114#8062954>				<https://panlex.org/snapshot/panlex-20191001-csv/114#8063118>		"laʼngɨsa"@mbd	
"ruvung"@ckv	<https://panlex.org/snapshot/panlex-20191001-csv/114#8057328>				<https://panlex.org/snapshot/panlex-20191001-csv/114#8057489>		"kinʼdaa"@mbd	
"ngoyok"@ckv	<https://panlex.org/snapshot/panlex-20191001-csv/114#8066589>				<https://panlex.org/snapshot/panlex-20191001-csv/114#8066761>		"ʼbaqbaq"@mbd	
