"hmityõ"@yad	<https://panlex.org/snapshot/panlex-20191001-csv/1573#50087090>				<https://panlex.org/snapshot/panlex-20191001-csv/1573#50087011>		"roto"@mi	
"hmityõ"@yad	<https://panlex.org/snapshot/panlex-20191001-csv/1573#50087090>				<https://panlex.org/snapshot/panlex-20191001-csv/1573#50087010>		"moana"@mi	
"-mũ"@yad	<https://panlex.org/snapshot/panlex-20191001-csv/1573#50088607>				<https://panlex.org/snapshot/panlex-20191001-csv/1573#50088462>		"maŋa"@mi	
"-mũ"@yad	<https://panlex.org/snapshot/panlex-20191001-csv/1573#50088607>				<https://panlex.org/snapshot/panlex-20191001-csv/1573#50088461>		"awa"@mi	
"-mũ"@yad	<https://panlex.org/snapshot/panlex-20191001-csv/1573#50088607>				<https://panlex.org/snapshot/panlex-20191001-csv/1573#50088463>		"wai"@mi	
"-nu"@yad	<https://panlex.org/snapshot/panlex-20191001-csv/1573#50090827>				<https://panlex.org/snapshot/panlex-20191001-csv/1573#50090685>		"kaamaka"@mi	
"-nu"@yad	<https://panlex.org/snapshot/panlex-20191001-csv/1573#50090827>				<https://panlex.org/snapshot/panlex-20191001-csv/1573#50090690>		"toka"@mi	
"-nu"@yad	<https://panlex.org/snapshot/panlex-20191001-csv/1573#50090827>				<https://panlex.org/snapshot/panlex-20191001-csv/1573#50090688>		"poohatu"@mi	
"-nu"@yad	<https://panlex.org/snapshot/panlex-20191001-csv/1573#50090827>				<https://panlex.org/snapshot/panlex-20191001-csv/1573#50090686>		"koohatu"@mi	
"-nu"@yad	<https://panlex.org/snapshot/panlex-20191001-csv/1573#50090827>				<https://panlex.org/snapshot/panlex-20191001-csv/1573#50090687>		"koowhatu"@mi	
"-nu"@yad	<https://panlex.org/snapshot/panlex-20191001-csv/1573#50090827>				<https://panlex.org/snapshot/panlex-20191001-csv/1573#50090689>		"poowhatu"@mi	
"tĩčã"@yad	<https://panlex.org/snapshot/panlex-20191001-csv/1573#50083395>				<https://panlex.org/snapshot/panlex-20191001-csv/1573#50083314>		"one"@mi	
"tĩčã"@yad	<https://panlex.org/snapshot/panlex-20191001-csv/1573#50083395>				<https://panlex.org/snapshot/panlex-20191001-csv/1573#50083315>		"one-puu"@mi	
"tĩčã"@yad	<https://panlex.org/snapshot/panlex-20191001-csv/1573#50085374>				<https://panlex.org/snapshot/panlex-20191001-csv/1573#50085251>		"taha-taha"@mi	
"tĩčã"@yad	<https://panlex.org/snapshot/panlex-20191001-csv/1573#50085374>				<https://panlex.org/snapshot/panlex-20191001-csv/1573#50085250>		"taha"@mi	
"tĩčã"@yad	<https://panlex.org/snapshot/panlex-20191001-csv/1573#50085374>				<https://panlex.org/snapshot/panlex-20191001-csv/1573#50085248>		"one"@mi	
"tĩčã"@yad	<https://panlex.org/snapshot/panlex-20191001-csv/1573#50085374>				<https://panlex.org/snapshot/panlex-20191001-csv/1573#50085249>		"pare-ŋa"@mi	
"wudi"@yad	<https://panlex.org/snapshot/panlex-20191001-csv/1573#50085619>				<https://panlex.org/snapshot/panlex-20191001-csv/1573#50085540>		"ana"@mi	
"wudi"@yad	<https://panlex.org/snapshot/panlex-20191001-csv/1573#50085619>				<https://panlex.org/snapshot/panlex-20191001-csv/1573#50085541>		"rua"@mi	
"to"@yad	<https://panlex.org/snapshot/panlex-20191001-csv/1573#50089907>				<https://panlex.org/snapshot/panlex-20191001-csv/1573#50089806>		"ŋahere"@mi	
"to"@yad	<https://panlex.org/snapshot/panlex-20191001-csv/1573#50089907>				<https://panlex.org/snapshot/panlex-20191001-csv/1573#50089805>		"ŋahe-ŋahe"@mi	
"to"@yad	<https://panlex.org/snapshot/panlex-20191001-csv/1573#50089907>				<https://panlex.org/snapshot/panlex-20191001-csv/1573#50089804>		"ŋaahere-here"@mi	
"ra- puriči"@yad	<https://panlex.org/snapshot/panlex-20191001-csv/1573#50087603>				<https://panlex.org/snapshot/panlex-20191001-csv/1573#50087562>		"rae"@mi	
"ra- puriči"@yad	<https://panlex.org/snapshot/panlex-20191001-csv/1573#50087603>				<https://panlex.org/snapshot/panlex-20191001-csv/1573#50087559>		"kuu-more"@mi	
"ra- puriči"@yad	<https://panlex.org/snapshot/panlex-20191001-csv/1573#50087603>				<https://panlex.org/snapshot/panlex-20191001-csv/1573#50087561>		"more"@mi	
"ra- puriči"@yad	<https://panlex.org/snapshot/panlex-20191001-csv/1573#50087603>				<https://panlex.org/snapshot/panlex-20191001-csv/1573#50087560>		"kuu-rae"@mi	
"muko"@yad	<https://panlex.org/snapshot/panlex-20191001-csv/1573#50082270>				<https://panlex.org/snapshot/panlex-20191001-csv/1573#50082146>		"ao"@mi	
"muko"@yad	<https://panlex.org/snapshot/panlex-20191001-csv/1573#50082270>				<https://panlex.org/snapshot/panlex-20191001-csv/1573#50082147>		"whenua"@mi	
"mukadi"@yad	<https://panlex.org/snapshot/panlex-20191001-csv/1573#50082584>				<https://panlex.org/snapshot/panlex-20191001-csv/1573#50082482>		"paru"@mi	
"mukadi"@yad	<https://panlex.org/snapshot/panlex-20191001-csv/1573#50082584>				<https://panlex.org/snapshot/panlex-20191001-csv/1573#50082481>		"papa"@mi	
"mukadi"@yad	<https://panlex.org/snapshot/panlex-20191001-csv/1573#50082584>				<https://panlex.org/snapshot/panlex-20191001-csv/1573#50082480>		"one-one"@mi	
"mukadi"@yad	<https://panlex.org/snapshot/panlex-20191001-csv/1573#50082584>				<https://panlex.org/snapshot/panlex-20191001-csv/1573#50082483>		"whenua"@mi	
"mukadi"@yad	<https://panlex.org/snapshot/panlex-20191001-csv/1573#50083148>				<https://panlex.org/snapshot/panlex-20191001-csv/1573#50083066>		"paru-paru"@mi	
"mukadi"@yad	<https://panlex.org/snapshot/panlex-20191001-csv/1573#50083148>				<https://panlex.org/snapshot/panlex-20191001-csv/1573#50083064>		"one"@mi	
"mukadi"@yad	<https://panlex.org/snapshot/panlex-20191001-csv/1573#50083148>				<https://panlex.org/snapshot/panlex-20191001-csv/1573#50083065>		"paru"@mi	
"mukadi"@yad	<https://panlex.org/snapshot/panlex-20191001-csv/1573#50081925>				<https://panlex.org/snapshot/panlex-20191001-csv/1573#50081843>		"ao"@mi	
"widawi"@yad	<https://panlex.org/snapshot/panlex-20191001-csv/1573#50091270>				<https://panlex.org/snapshot/panlex-20191001-csv/1573#50091179>		"raŋi"@mi	
"hã"@yad	<https://panlex.org/snapshot/panlex-20191001-csv/1573#50085877>				<https://panlex.org/snapshot/panlex-20191001-csv/1573#50085785>		"wai"@mi	
"hipu"@yad	<https://panlex.org/snapshot/panlex-20191001-csv/1573#50090422>				<https://panlex.org/snapshot/panlex-20191001-csv/1573#50090339>		"raakau"@mi	
"wimuhũ"@yad	<https://panlex.org/snapshot/panlex-20191001-csv/1573#50084099>				<https://panlex.org/snapshot/panlex-20191001-csv/1573#50084022>		"pari"@mi	
"padye"@yad	<https://panlex.org/snapshot/panlex-20191001-csv/1573#50089433>				<https://panlex.org/snapshot/panlex-20191001-csv/1573#50089353>		"repo"@mi	
"hadayamũ"@yad	<https://panlex.org/snapshot/panlex-20191001-csv/1573#50088608>				<https://panlex.org/snapshot/panlex-20191001-csv/1573#50088462>		"maŋa"@mi	
"hadayamũ"@yad	<https://panlex.org/snapshot/panlex-20191001-csv/1573#50088608>				<https://panlex.org/snapshot/panlex-20191001-csv/1573#50088461>		"awa"@mi	
"hadayamũ"@yad	<https://panlex.org/snapshot/panlex-20191001-csv/1573#50088608>				<https://panlex.org/snapshot/panlex-20191001-csv/1573#50088463>		"wai"@mi	
"hã-hũrya"@yad	<https://panlex.org/snapshot/panlex-20191001-csv/1573#50089622>				<https://panlex.org/snapshot/panlex-20191001-csv/1573#50089570>		"wai-rere"@mi	
"hã-hũrya"@yad	<https://panlex.org/snapshot/panlex-20191001-csv/1573#50089622>				<https://panlex.org/snapshot/panlex-20191001-csv/1573#50089568>		"rere"@mi	
"hã-hũrya"@yad	<https://panlex.org/snapshot/panlex-20191001-csv/1573#50089622>				<https://panlex.org/snapshot/panlex-20191001-csv/1573#50089569>		"taaheke"@mi	
"rupi-hyo"@yad	<https://panlex.org/snapshot/panlex-20191001-csv/1573#50082585>				<https://panlex.org/snapshot/panlex-20191001-csv/1573#50082482>		"paru"@mi	
"rupi-hyo"@yad	<https://panlex.org/snapshot/panlex-20191001-csv/1573#50082585>				<https://panlex.org/snapshot/panlex-20191001-csv/1573#50082481>		"papa"@mi	
"rupi-hyo"@yad	<https://panlex.org/snapshot/panlex-20191001-csv/1573#50082585>				<https://panlex.org/snapshot/panlex-20191001-csv/1573#50082480>		"one-one"@mi	
"rupi-hyo"@yad	<https://panlex.org/snapshot/panlex-20191001-csv/1573#50082585>				<https://panlex.org/snapshot/panlex-20191001-csv/1573#50082483>		"whenua"@mi	
"nãway"@yad	<https://panlex.org/snapshot/panlex-20191001-csv/1573#50091269>				<https://panlex.org/snapshot/panlex-20191001-csv/1573#50091179>		"raŋi"@mi	
"hmutyõ"@yad	<https://panlex.org/snapshot/panlex-20191001-csv/1573#50087091>				<https://panlex.org/snapshot/panlex-20191001-csv/1573#50087011>		"roto"@mi	
"hmutyõ"@yad	<https://panlex.org/snapshot/panlex-20191001-csv/1573#50087091>				<https://panlex.org/snapshot/panlex-20191001-csv/1573#50087010>		"moana"@mi	
"watapada"@yad	<https://panlex.org/snapshot/panlex-20191001-csv/1573#50084448>				<https://panlex.org/snapshot/panlex-20191001-csv/1573#50084343>		"maania"@mi	
"watapada"@yad	<https://panlex.org/snapshot/panlex-20191001-csv/1573#50084448>				<https://panlex.org/snapshot/panlex-20191001-csv/1573#50084346>		"rao-rao"@mi	
"watapada"@yad	<https://panlex.org/snapshot/panlex-20191001-csv/1573#50084448>				<https://panlex.org/snapshot/panlex-20191001-csv/1573#50084347>		"taiapa"@mi	
"watapada"@yad	<https://panlex.org/snapshot/panlex-20191001-csv/1573#50084448>				<https://panlex.org/snapshot/panlex-20191001-csv/1573#50084345>		"parae"@mi	
"watapada"@yad	<https://panlex.org/snapshot/panlex-20191001-csv/1573#50084448>				<https://panlex.org/snapshot/panlex-20191001-csv/1573#50084344>		"paa-tiki"@mi	
"ra- daputusãhã"@yad	<https://panlex.org/snapshot/panlex-20191001-csv/1573#50088799>				<https://panlex.org/snapshot/panlex-20191001-csv/1573#50088744>		"aawhio-whio"@mi	
"ra- daputusãhã"@yad	<https://panlex.org/snapshot/panlex-20191001-csv/1573#50088799>				<https://panlex.org/snapshot/panlex-20191001-csv/1573#50088745>		"ripo-ripo"@mi	
"hariču"@yad	<https://panlex.org/snapshot/panlex-20191001-csv/1573#50091268>				<https://panlex.org/snapshot/panlex-20191001-csv/1573#50091179>		"raŋi"@mi	
"sawãy"@yad	<https://panlex.org/snapshot/panlex-20191001-csv/1573#50089434>				<https://panlex.org/snapshot/panlex-20191001-csv/1573#50089353>		"repo"@mi	
"sinu"@yad	<https://panlex.org/snapshot/panlex-20191001-csv/1573#50085043>				<https://panlex.org/snapshot/panlex-20191001-csv/1573#50085000>		"tua-whenua"@mi	
"nĩnu"@yad	<https://panlex.org/snapshot/panlex-20191001-csv/1573#50090165>				<https://panlex.org/snapshot/panlex-20191001-csv/1573#50090083>		"raakau"@mi	
"-tõ"@yad	<https://panlex.org/snapshot/panlex-20191001-csv/1573#50087089>				<https://panlex.org/snapshot/panlex-20191001-csv/1573#50087011>		"roto"@mi	
"-tõ"@yad	<https://panlex.org/snapshot/panlex-20191001-csv/1573#50087089>				<https://panlex.org/snapshot/panlex-20191001-csv/1573#50087010>		"moana"@mi	
"hiryũdi"@yad	<https://panlex.org/snapshot/panlex-20191001-csv/1573#50086670>				<https://panlex.org/snapshot/panlex-20191001-csv/1573#50086590>		"huka"@mi	
"muki"@yad	<https://panlex.org/snapshot/panlex-20191001-csv/1573#50082269>				<https://panlex.org/snapshot/panlex-20191001-csv/1573#50082146>		"ao"@mi	
"muki"@yad	<https://panlex.org/snapshot/panlex-20191001-csv/1573#50082269>				<https://panlex.org/snapshot/panlex-20191001-csv/1573#50082147>		"whenua"@mi	
"nãwa"@yad	<https://panlex.org/snapshot/panlex-20191001-csv/1573#50086849>				<https://panlex.org/snapshot/panlex-20191001-csv/1573#50086790>		"moana"@mi	
"nãwa"@yad	<https://panlex.org/snapshot/panlex-20191001-csv/1573#50086102>				<https://panlex.org/snapshot/panlex-20191001-csv/1573#50086024>		"tai"@mi	
"nãwa"@yad	<https://panlex.org/snapshot/panlex-20191001-csv/1573#50086102>				<https://panlex.org/snapshot/panlex-20191001-csv/1573#50086023>		"moana"@mi	
"watupada"@yad	<https://panlex.org/snapshot/panlex-20191001-csv/1573#50084449>				<https://panlex.org/snapshot/panlex-20191001-csv/1573#50084343>		"maania"@mi	
"watupada"@yad	<https://panlex.org/snapshot/panlex-20191001-csv/1573#50084449>				<https://panlex.org/snapshot/panlex-20191001-csv/1573#50084346>		"rao-rao"@mi	
"watupada"@yad	<https://panlex.org/snapshot/panlex-20191001-csv/1573#50084449>				<https://panlex.org/snapshot/panlex-20191001-csv/1573#50084347>		"taiapa"@mi	
"watupada"@yad	<https://panlex.org/snapshot/panlex-20191001-csv/1573#50084449>				<https://panlex.org/snapshot/panlex-20191001-csv/1573#50084345>		"parae"@mi	
"watupada"@yad	<https://panlex.org/snapshot/panlex-20191001-csv/1573#50084449>				<https://panlex.org/snapshot/panlex-20191001-csv/1573#50084344>		"paa-tiki"@mi	
"wumuhũ"@yad	<https://panlex.org/snapshot/panlex-20191001-csv/1573#50084100>				<https://panlex.org/snapshot/panlex-20191001-csv/1573#50084022>		"pari"@mi	
"hiɲĩ"@yad	<https://panlex.org/snapshot/panlex-20191001-csv/1573#50091517>				<https://panlex.org/snapshot/panlex-20191001-csv/1573#50091438>		"raa"@mi	
"hikadi"@yad	<https://panlex.org/snapshot/panlex-20191001-csv/1573#50086669>				<https://panlex.org/snapshot/panlex-20191001-csv/1573#50086590>		"huka"@mi	
"huru"@yad	<https://panlex.org/snapshot/panlex-20191001-csv/1573#50082852>				<https://panlex.org/snapshot/panlex-20191001-csv/1573#50082762>		"puehu"@mi	
"huru"@yad	<https://panlex.org/snapshot/panlex-20191001-csv/1573#50082852>				<https://panlex.org/snapshot/panlex-20191001-csv/1573#50082761>		"nehu"@mi	
"hini"@yad	<https://panlex.org/snapshot/panlex-20191001-csv/1573#50085373>				<https://panlex.org/snapshot/panlex-20191001-csv/1573#50085251>		"taha-taha"@mi	
"hini"@yad	<https://panlex.org/snapshot/panlex-20191001-csv/1573#50085373>				<https://panlex.org/snapshot/panlex-20191001-csv/1573#50085250>		"taha"@mi	
"hini"@yad	<https://panlex.org/snapshot/panlex-20191001-csv/1573#50085373>				<https://panlex.org/snapshot/panlex-20191001-csv/1573#50085248>		"one"@mi	
"hini"@yad	<https://panlex.org/snapshot/panlex-20191001-csv/1573#50085373>				<https://panlex.org/snapshot/panlex-20191001-csv/1573#50085249>		"pare-ŋa"@mi	
"rarãtyu"@yad	<https://panlex.org/snapshot/panlex-20191001-csv/1573#50084887>				<https://panlex.org/snapshot/panlex-20191001-csv/1573#50084815>		"motu"@mi	
"rarãtyu"@yad	<https://panlex.org/snapshot/panlex-20191001-csv/1573#50084887>				<https://panlex.org/snapshot/panlex-20191001-csv/1573#50084816>		"moutere"@mi	
"hido"@yad	<https://panlex.org/snapshot/panlex-20191001-csv/1573#50085372>				<https://panlex.org/snapshot/panlex-20191001-csv/1573#50085251>		"taha-taha"@mi	
"hido"@yad	<https://panlex.org/snapshot/panlex-20191001-csv/1573#50085372>				<https://panlex.org/snapshot/panlex-20191001-csv/1573#50085250>		"taha"@mi	
"hido"@yad	<https://panlex.org/snapshot/panlex-20191001-csv/1573#50085372>				<https://panlex.org/snapshot/panlex-20191001-csv/1573#50085248>		"one"@mi	
"hido"@yad	<https://panlex.org/snapshot/panlex-20191001-csv/1573#50085372>				<https://panlex.org/snapshot/panlex-20191001-csv/1573#50085249>		"pare-ŋa"@mi	
"rĩyẽrya"@yad	<https://panlex.org/snapshot/panlex-20191001-csv/1573#50086455>				<https://panlex.org/snapshot/panlex-20191001-csv/1573#50086409>		"kare-kare"@mi	
"rĩyẽrya"@yad	<https://panlex.org/snapshot/panlex-20191001-csv/1573#50086455>				<https://panlex.org/snapshot/panlex-20191001-csv/1573#50086410>		"ŋaru-ŋaru"@mi	
"rĩyẽrya"@yad	<https://panlex.org/snapshot/panlex-20191001-csv/1573#50087839>				<https://panlex.org/snapshot/panlex-20191001-csv/1573#50087758>		"ŋaru"@mi	
"hãmu-nãwa"@yad	<https://panlex.org/snapshot/panlex-20191001-csv/1573#50086101>				<https://panlex.org/snapshot/panlex-20191001-csv/1573#50086024>		"tai"@mi	
"hãmu-nãwa"@yad	<https://panlex.org/snapshot/panlex-20191001-csv/1573#50086101>				<https://panlex.org/snapshot/panlex-20191001-csv/1573#50086023>		"moana"@mi	
"hãmu-nãwa"@yad	<https://panlex.org/snapshot/panlex-20191001-csv/1573#50086848>				<https://panlex.org/snapshot/panlex-20191001-csv/1573#50086790>		"moana"@mi	
"siɲu"@yad	<https://panlex.org/snapshot/panlex-20191001-csv/1573#50088609>				<https://panlex.org/snapshot/panlex-20191001-csv/1573#50088462>		"maŋa"@mi	
"siɲu"@yad	<https://panlex.org/snapshot/panlex-20191001-csv/1573#50088609>				<https://panlex.org/snapshot/panlex-20191001-csv/1573#50088461>		"awa"@mi	
"siɲu"@yad	<https://panlex.org/snapshot/panlex-20191001-csv/1573#50088609>				<https://panlex.org/snapshot/panlex-20191001-csv/1573#50088463>		"wai"@mi	
"hnda"@yad	<https://panlex.org/snapshot/panlex-20191001-csv/1573#50081924>				<https://panlex.org/snapshot/panlex-20191001-csv/1573#50081843>		"ao"@mi	
"-ko"@yad	<https://panlex.org/snapshot/panlex-20191001-csv/1573#50082268>				<https://panlex.org/snapshot/panlex-20191001-csv/1573#50082146>		"ao"@mi	
"-ko"@yad	<https://panlex.org/snapshot/panlex-20191001-csv/1573#50082268>				<https://panlex.org/snapshot/panlex-20191001-csv/1573#50082147>		"whenua"@mi	
"-tĩ"@yad	<https://panlex.org/snapshot/panlex-20191001-csv/1573#50085371>				<https://panlex.org/snapshot/panlex-20191001-csv/1573#50085251>		"taha-taha"@mi	
"-tĩ"@yad	<https://panlex.org/snapshot/panlex-20191001-csv/1573#50085371>				<https://panlex.org/snapshot/panlex-20191001-csv/1573#50085250>		"taha"@mi	
"-tĩ"@yad	<https://panlex.org/snapshot/panlex-20191001-csv/1573#50085371>				<https://panlex.org/snapshot/panlex-20191001-csv/1573#50085248>		"one"@mi	
"-tĩ"@yad	<https://panlex.org/snapshot/panlex-20191001-csv/1573#50085371>				<https://panlex.org/snapshot/panlex-20191001-csv/1573#50085249>		"pare-ŋa"@mi	
"-tĩ"@yad	<https://panlex.org/snapshot/panlex-20191001-csv/1573#50083394>				<https://panlex.org/snapshot/panlex-20191001-csv/1573#50083314>		"one"@mi	
"-tĩ"@yad	<https://panlex.org/snapshot/panlex-20191001-csv/1573#50083394>				<https://panlex.org/snapshot/panlex-20191001-csv/1573#50083315>		"one-puu"@mi	
"musi"@yad	<https://panlex.org/snapshot/panlex-20191001-csv/1573#50083800>				<https://panlex.org/snapshot/panlex-20191001-csv/1573#50083670>		"puke"@mi	
"musi"@yad	<https://panlex.org/snapshot/panlex-20191001-csv/1573#50083800>				<https://panlex.org/snapshot/panlex-20191001-csv/1573#50083669>		"mauŋa"@mi	
"punudeho"@yad	<https://panlex.org/snapshot/panlex-20191001-csv/1573#50089173>				<https://panlex.org/snapshot/panlex-20191001-csv/1573#50089062>		"puna"@mi	
"punudeho"@yad	<https://panlex.org/snapshot/panlex-20191001-csv/1573#50089173>				<https://panlex.org/snapshot/panlex-20191001-csv/1573#50089061>		"poka wai"@mi	
"musiki"@yad	<https://panlex.org/snapshot/panlex-20191001-csv/1573#50083801>				<https://panlex.org/snapshot/panlex-20191001-csv/1573#50083670>		"puke"@mi	
"musiki"@yad	<https://panlex.org/snapshot/panlex-20191001-csv/1573#50083801>				<https://panlex.org/snapshot/panlex-20191001-csv/1573#50083669>		"mauŋa"@mi	
"mukadi mučutye"@yad	<https://panlex.org/snapshot/panlex-20191001-csv/1573#50091017>				<https://panlex.org/snapshot/panlex-20191001-csv/1573#50090965>		"wiri"@mi	
"mukadi mučutye"@yad	<https://panlex.org/snapshot/panlex-20191001-csv/1573#50091017>				<https://panlex.org/snapshot/panlex-20191001-csv/1573#50090964>		"ruu"@mi	
"mukadi mučutye"@yad	<https://panlex.org/snapshot/panlex-20191001-csv/1573#50091017>				<https://panlex.org/snapshot/panlex-20191001-csv/1573#50090966>		"ŋapu"@mi	
"hɲi"@yad	<https://panlex.org/snapshot/panlex-20191001-csv/1573#50091518>				<https://panlex.org/snapshot/panlex-20191001-csv/1573#50091438>		"raa"@mi	
"hã-rihyo"@yad	<https://panlex.org/snapshot/panlex-20191001-csv/1573#50089172>				<https://panlex.org/snapshot/panlex-20191001-csv/1573#50089062>		"puna"@mi	
"hã-rihyo"@yad	<https://panlex.org/snapshot/panlex-20191001-csv/1573#50089172>				<https://panlex.org/snapshot/panlex-20191001-csv/1573#50089061>		"poka wai"@mi	
"rãtyu"@yad	<https://panlex.org/snapshot/panlex-20191001-csv/1573#50084888>				<https://panlex.org/snapshot/panlex-20191001-csv/1573#50084815>		"motu"@mi	
"rãtyu"@yad	<https://panlex.org/snapshot/panlex-20191001-csv/1573#50084888>				<https://panlex.org/snapshot/panlex-20191001-csv/1573#50084816>		"moutere"@mi	
"rawičũ"@yad	<https://panlex.org/snapshot/panlex-20191001-csv/1573#50090828>				<https://panlex.org/snapshot/panlex-20191001-csv/1573#50090685>		"kaamaka"@mi	
"rawičũ"@yad	<https://panlex.org/snapshot/panlex-20191001-csv/1573#50090828>				<https://panlex.org/snapshot/panlex-20191001-csv/1573#50090690>		"toka"@mi	
"rawičũ"@yad	<https://panlex.org/snapshot/panlex-20191001-csv/1573#50090828>				<https://panlex.org/snapshot/panlex-20191001-csv/1573#50090688>		"poohatu"@mi	
"rawičũ"@yad	<https://panlex.org/snapshot/panlex-20191001-csv/1573#50090828>				<https://panlex.org/snapshot/panlex-20191001-csv/1573#50090686>		"koohatu"@mi	
"rawičũ"@yad	<https://panlex.org/snapshot/panlex-20191001-csv/1573#50090828>				<https://panlex.org/snapshot/panlex-20191001-csv/1573#50090687>		"koowhatu"@mi	
"rawičũ"@yad	<https://panlex.org/snapshot/panlex-20191001-csv/1573#50090828>				<https://panlex.org/snapshot/panlex-20191001-csv/1573#50090689>		"poowhatu"@mi	
