"pˈunsar"@cid	<https://panlex.org/snapshot/panlex-20191001-csv/3975#51734885>				<https://panlex.org/snapshot/panlex-20191001-csv/3975#51734935>		"θiɲa=ʔaːk"@mov	
"mˈunːe"@cid	<https://panlex.org/snapshot/panlex-20191001-csv/3975#51731973>				<https://panlex.org/snapshot/panlex-20191001-csv/3975#51732016>		"hamuse"@mov	
"hˈimːe"@cid	<https://panlex.org/snapshot/panlex-20191001-csv/3975#51729048>				<https://panlex.org/snapshot/panlex-20191001-csv/3975#51729093>		"tiː=ɲam-"@mov	
"pˈacʰʸi"@cid	<https://panlex.org/snapshot/panlex-20191001-csv/3975#51734453>				<https://panlex.org/snapshot/panlex-20191001-csv/3975#51734496>		"kuːč"@mov	
"kˈiw-ot"@cid	<https://panlex.org/snapshot/panlex-20191001-csv/3975#51732853>				<https://panlex.org/snapshot/panlex-20191001-csv/3975#51732897>		"viða-č"@mov	
"ˈačxunmi"@cid	<https://panlex.org/snapshot/panlex-20191001-csv/3975#51723295>				<https://panlex.org/snapshot/panlex-20191001-csv/3975#51723335>		"i=roː-v-k"@mov	
"ˈapu"@cid	<https://panlex.org/snapshot/panlex-20191001-csv/3975#51724459>				<https://panlex.org/snapshot/panlex-20191001-csv/3975#51724506>		"ʔa=ʔaw"@mov	
"husaʔančeːi"@cid	<https://panlex.org/snapshot/panlex-20191001-csv/3975#51726181>				<https://panlex.org/snapshot/panlex-20191001-csv/3975#51726222>		"iː=wa"@mov	
"h=itxan-imaxa"@cid	<https://panlex.org/snapshot/panlex-20191001-csv/3975#51726799>				<https://panlex.org/snapshot/panlex-20191001-csv/3975#51726837>		"iːmem=i=puk"@mov	
"hˈimamsuʔ"@cid	<https://panlex.org/snapshot/panlex-20191001-csv/3975#51725452>				<https://panlex.org/snapshot/panlex-20191001-csv/3975#51725486>		"ha=va=suː-k"@mov	
"ˈasːa"@cid	<https://panlex.org/snapshot/panlex-20191001-csv/3975#51732262>				<https://panlex.org/snapshot/panlex-20191001-csv/3975#51732313>		"ʔa=ɲa"@mov	
"h=ˈicʸa"@cid	<https://panlex.org/snapshot/panlex-20191001-csv/3975#51725722>				<https://panlex.org/snapshot/panlex-20191001-csv/3975#51725766>		"iː=saʎ"@mov	
"ˈawu"@cid	<https://panlex.org/snapshot/panlex-20191001-csv/3975#51728362>				<https://panlex.org/snapshot/panlex-20191001-csv/3975#51728391>		"ʔa=viː"@mov	
"ˈakʼi"@cid	<https://panlex.org/snapshot/panlex-20191001-csv/3975#51735576>				<https://panlex.org/snapshot/panlex-20191001-csv/3975#51735616>		"ʔaθ=ʔiː"@mov	
"ʔama-yˈaqʰa"@cid	<https://panlex.org/snapshot/panlex-20191001-csv/3975#51730485>				<https://panlex.org/snapshot/panlex-20191001-csv/3975#51730525>		"ʔamat=saʎʔay"@mov	
"ʔama-yˈaqʰa"@cid	<https://panlex.org/snapshot/panlex-20191001-csv/3975#51730485>				<https://panlex.org/snapshot/panlex-20191001-csv/3975#51730526>		"saʎʔay"@mov	
"=ˈuwa-kʰ-"@cid	<https://panlex.org/snapshot/panlex-20191001-csv/3975#51722637>				<https://panlex.org/snapshot/panlex-20191001-csv/3975#51722687>		"i=ðiː-k"@mov	
"pʰˈiʔa"@cid	<https://panlex.org/snapshot/panlex-20191001-csv/3975#51724189>				<https://panlex.org/snapshot/panlex-20191001-csv/3975#51724232>		"ʔamu=say"@mov	
"χˈelmu"@cid	<https://panlex.org/snapshot/panlex-20191001-csv/3975#51735990>				<https://panlex.org/snapshot/panlex-20191001-csv/3975#51736028>		"ʔuːhʔaːr-k"@mov	
"ˈala"@cid	<https://panlex.org/snapshot/panlex-20191001-csv/3975#51728221>				<https://panlex.org/snapshot/panlex-20191001-csv/3975#51728269>		"haʎ=ʔa"@mov	
"h=ˈusu"@cid	<https://panlex.org/snapshot/panlex-20191001-csv/3975#51724033>				<https://panlex.org/snapshot/panlex-20191001-csv/3975#51724085>		"iː=ðo"@mov	
"=tu-"@cid	<https://panlex.org/snapshot/panlex-20191001-csv/3975#51724755>				<https://panlex.org/snapshot/panlex-20191001-csv/3975#51724789>		"i=yer-k"@mov	
"hitaxai"@cid	<https://panlex.org/snapshot/panlex-20191001-csv/3975#51727078>				<https://panlex.org/snapshot/panlex-20191001-csv/3975#51727117>		"hamaʎ"@mov	
"hˈitat"@cid	<https://panlex.org/snapshot/panlex-20191001-csv/3975#51727924>				<https://panlex.org/snapshot/panlex-20191001-csv/3975#51727963>		"ʔa=paʎ-m"@mov	
"h=ˈekʼo"@cid	<https://panlex.org/snapshot/panlex-20191001-csv/3975#51730621>				<https://panlex.org/snapshot/panlex-20191001-csv/3975#51730673>		"i-m"@mov	
"h=ˈimaʔ"@cid	<https://panlex.org/snapshot/panlex-20191001-csv/3975#51725874>				<https://panlex.org/snapshot/panlex-20191001-csv/3975#51725920>		"čuska"@mov	
"h=ˈimaʔ"@cid	<https://panlex.org/snapshot/panlex-20191001-csv/3975#51725874>				<https://panlex.org/snapshot/panlex-20191001-csv/3975#51725919>		"čuksa"@mov	
"qʰˈo-masʸ"@cid	<https://panlex.org/snapshot/panlex-20191001-csv/3975#51734732>				<https://panlex.org/snapshot/panlex-20191001-csv/3975#51734774>		"maka-č"@mov	
"h=ˈuto"@cid	<https://panlex.org/snapshot/panlex-20191001-csv/3975#51724329>				<https://panlex.org/snapshot/panlex-20191001-csv/3975#51724363>		"si=viːʎ"@mov	
"h=ˈuwesʸ"@cid	<https://panlex.org/snapshot/panlex-20191001-csv/3975#51726322>				<https://panlex.org/snapshot/panlex-20191001-csv/3975#51726357>		"iː=kʷe"@mov	
"čʰˈele-ʔi"@cid	<https://panlex.org/snapshot/panlex-20191001-csv/3975#51721534>				<https://panlex.org/snapshot/panlex-20191001-csv/3975#51721576>		"ɲaː=ʔiːʎ-"@mov	
"ˈanuqʰa"@cid	<https://panlex.org/snapshot/panlex-20191001-csv/3975#51723899>				<https://panlex.org/snapshot/panlex-20191001-csv/3975#51723935>		"i=θ=ʔaw"@mov	
"alla"@cid	<https://panlex.org/snapshot/panlex-20191001-csv/3975#51728222>				<https://panlex.org/snapshot/panlex-20191001-csv/3975#51728269>		"haʎ=ʔa"@mov	
"h=ˈipχačʼi"@cid	<https://panlex.org/snapshot/panlex-20191001-csv/3975#51720849>				<https://panlex.org/snapshot/panlex-20191001-csv/3975#51720891>		"čaθ=kʷil"@mov	
"nˈolːe"@cid	<https://panlex.org/snapshot/panlex-20191001-csv/3975#51730379>				<https://panlex.org/snapshot/panlex-20191001-csv/3975#51730407>		"yena=yen-"@mov	
"=utpa-"@cid	<https://panlex.org/snapshot/panlex-20191001-csv/3975#51721395>				<https://panlex.org/snapshot/panlex-20191001-csv/3975#51721435>		"ča=kʸoː-k"@mov	
"h=ˈipːχači"@cid	<https://panlex.org/snapshot/panlex-20191001-csv/3975#51720850>				<https://panlex.org/snapshot/panlex-20191001-csv/3975#51720891>		"čaθ=kʷil"@mov	
"hisˈiʔ-tʼa"@cid	<https://panlex.org/snapshot/panlex-20191001-csv/3975#51725311>				<https://panlex.org/snapshot/panlex-20191001-csv/3975#51725355>		"ʔa=hot-k"@mov	
"hisˈiʔ-tʼa"@cid	<https://panlex.org/snapshot/panlex-20191001-csv/3975#51725311>				<https://panlex.org/snapshot/panlex-20191001-csv/3975#51725356>		"ʔa=hoːt-k"@mov	
"h=ˈusot"@cid	<https://panlex.org/snapshot/panlex-20191001-csv/3975#51724032>				<https://panlex.org/snapshot/panlex-20191001-csv/3975#51724085>		"iː=ðo"@mov	
"yˈacχol"@cid	<https://panlex.org/snapshot/panlex-20191001-csv/3975#51729979>				<https://panlex.org/snapshot/panlex-20191001-csv/3975#51730016>		"ʔa=hʷat-m"@mov	
"yˈacχol"@cid	<https://panlex.org/snapshot/panlex-20191001-csv/3975#51729979>				<https://panlex.org/snapshot/panlex-20191001-csv/3975#51730017>		"ʔa=hʷaːt-m"@mov	
"čˈew:u"@cid	<https://panlex.org/snapshot/panlex-20191001-csv/3975#51721113>				<https://panlex.org/snapshot/panlex-20191001-csv/3975#51721155>		"va=ʎ=tay-m"@mov	
"čˈew:u"@cid	<https://panlex.org/snapshot/panlex-20191001-csv/3975#51721113>				<https://panlex.org/snapshot/panlex-20191001-csv/3975#51721156>		"va=tay-m"@mov	
"x=…na"@cid	<https://panlex.org/snapshot/panlex-20191001-csv/3975#51729361>				<https://panlex.org/snapshot/panlex-20191001-csv/3975#51729407>		"=mot-"@mov	
"ˈamani"@cid	<https://panlex.org/snapshot/panlex-20191001-csv/3975#51728914>				<https://panlex.org/snapshot/panlex-20191001-csv/3975#51728951>		"ma=piːθ-"@mov	
"hˈisːa"@cid	<https://panlex.org/snapshot/panlex-20191001-csv/3975#51730119>				<https://panlex.org/snapshot/panlex-20191001-csv/3975#51730163>		"ʔav=ʔuɲe"@mov	
"h=ˈitakʰ-ta"@cid	<https://panlex.org/snapshot/panlex-20191001-csv/3975#51729841>				<https://panlex.org/snapshot/panlex-20191001-csv/3975#51729884>		"ku=vʔaw"@mov	
"nˈoʔ-ot"@cid	<https://panlex.org/snapshot/panlex-20191001-csv/3975#51726459>				<https://panlex.org/snapshot/panlex-20191001-csv/3975#51726513>		"ʔiɲe-č"@mov	
"kʰˈiw-at"@cid	<https://panlex.org/snapshot/panlex-20191001-csv/3975#51732852>				<https://panlex.org/snapshot/panlex-20191001-csv/3975#51732897>		"viða-č"@mov	
"ˈaqʰuye"@cid	<https://panlex.org/snapshot/panlex-20191001-csv/3975#51732545>				<https://panlex.org/snapshot/panlex-20191001-csv/3975#51732589>		"iː=ʔar"@mov	
"hemuta"@cid	<https://panlex.org/snapshot/panlex-20191001-csv/3975#51736264>				<https://panlex.org/snapshot/panlex-20191001-csv/3975#51736294>		"i=ʔˈiːʎ-va"@mov	
"χ=ˈucʰʸu-lːa"@cid	<https://panlex.org/snapshot/panlex-20191001-csv/3975#51735709>				<https://panlex.org/snapshot/panlex-20191001-csv/3975#51735746>		"wena=wen-"@mov	
"h=ˈutːu"@cid	<https://panlex.org/snapshot/panlex-20191001-csv/3975#51724330>				<https://panlex.org/snapshot/panlex-20191001-csv/3975#51724363>		"si=viːʎ"@mov	
"ˈaʔa"@cid	<https://panlex.org/snapshot/panlex-20191001-csv/3975#51728066>				<https://panlex.org/snapshot/panlex-20191001-csv/3975#51728112>		"kiːkʷay"@mov	
"ˈaʔa"@cid	<https://panlex.org/snapshot/panlex-20191001-csv/3975#51728066>				<https://panlex.org/snapshot/panlex-20191001-csv/3975#51728111>		"kʷiːkʷay"@mov	
"pˈunsaːr"@cid	<https://panlex.org/snapshot/panlex-20191001-csv/3975#51734886>				<https://panlex.org/snapshot/panlex-20191001-csv/3975#51734935>		"θiɲa=ʔaːk"@mov	
"h=ˈusi"@cid	<https://panlex.org/snapshot/panlex-20191001-csv/3975#51727373>				<https://panlex.org/snapshot/panlex-20191001-csv/3975#51727416>		"ča=vuθiː"@mov	
"h=ˈamːa"@cid	<https://panlex.org/snapshot/panlex-20191001-csv/3975#51723729>				<https://panlex.org/snapshot/panlex-20191001-csv/3975#51723778>		"ʔič=a=maː-m"@mov	
"h=ˈamːa"@cid	<https://panlex.org/snapshot/panlex-20191001-csv/3975#51723729>				<https://panlex.org/snapshot/panlex-20191001-csv/3975#51723777>		"ʔič=a=ma-m"@mov	
"h=ˈupʰːo"@cid	<https://panlex.org/snapshot/panlex-20191001-csv/3975#51724886>				<https://panlex.org/snapshot/panlex-20191001-csv/3975#51724934>		"iː=me"@mov	
"cʰʸˈa=tʰχun"@cid	<https://panlex.org/snapshot/panlex-20191001-csv/3975#51721825>				<https://panlex.org/snapshot/panlex-20191001-csv/3975#51721866>		"ɲ=a=s=ak"@mov	
"tˈiʔira"@cid	<https://panlex.org/snapshot/panlex-20191001-csv/3975#51721253>				<https://panlex.org/snapshot/panlex-20191001-csv/3975#51721298>		"ʔič=i=yer"@mov	
"tˈiʔira"@cid	<https://panlex.org/snapshot/panlex-20191001-csv/3975#51721253>				<https://panlex.org/snapshot/panlex-20191001-csv/3975#51721297>		"ʔič=a=yer"@mov	
"h=ˈutʸun-ew"@cid	<https://panlex.org/snapshot/panlex-20191001-csv/3975#51720978>				<https://panlex.org/snapshot/panlex-20191001-csv/3975#51721016>		"iː=to"@mov	
"qʰˈaʔa"@cid	<https://panlex.org/snapshot/panlex-20191001-csv/3975#51732127>				<https://panlex.org/snapshot/panlex-20191001-csv/3975#51732164>		"ʔa=viː"@mov	
"=xuː-"@cid	<https://panlex.org/snapshot/panlex-20191001-csv/3975#51732425>				<https://panlex.org/snapshot/panlex-20191001-csv/3975#51732459>		"ʔahaʎ=a=ʔoːp-k"@mov	
"h=ˈimːi"@cid	<https://panlex.org/snapshot/panlex-20191001-csv/3975#51725570>				<https://panlex.org/snapshot/panlex-20191001-csv/3975#51725612>		"i=ʔe"@mov	
"h=ˈimːi"@cid	<https://panlex.org/snapshot/panlex-20191001-csv/3975#51725570>				<https://panlex.org/snapshot/panlex-20191001-csv/3975#51725613>		"ɲ=i=ʔe"@mov	
"hˈ=awa"@cid	<https://panlex.org/snapshot/panlex-20191001-csv/3975#51728481>				<https://panlex.org/snapshot/panlex-20191001-csv/3975#51728528>		"iː=ya"@mov	
"mˈene-ʔi"@cid	<https://panlex.org/snapshot/panlex-20191001-csv/3975#51734606>				<https://panlex.org/snapshot/panlex-20191001-csv/3975#51734640>		"ɲa=ma=sav-"@mov	
"nˈaː-čʰitas"@cid	<https://panlex.org/snapshot/panlex-20191001-csv/3975#51734233>				<https://panlex.org/snapshot/panlex-20191001-csv/3975#51734298>		"ʔiɲeː-čv-č"@mov	
"qʰe"@cid	<https://panlex.org/snapshot/panlex-20191001-csv/3975#51731693>				<https://panlex.org/snapshot/panlex-20191001-csv/3975#51731737>		"ʔa=hʷaː"@mov	
"luʔ-i"@cid	<https://panlex.org/snapshot/panlex-20191001-csv/3975#51723132>				<https://panlex.org/snapshot/panlex-20191001-csv/3975#51723178>		"i=θiː-m"@mov	
"himita-"@cid	<https://panlex.org/snapshot/panlex-20191001-csv/3975#51735309>				<https://panlex.org/snapshot/panlex-20191001-csv/3975#51735344>		"i=neːθ-"@mov	
"himita-"@cid	<https://panlex.org/snapshot/panlex-20191001-csv/3975#51735309>				<https://panlex.org/snapshot/panlex-20191001-csv/3975#51735343>		"i=neːh-"@mov	
"ˈuleːta"@cid	<https://panlex.org/snapshot/panlex-20191001-csv/3975#51731550>				<https://panlex.org/snapshot/panlex-20191001-csv/3975#51731594>		"i=čʔaw-k"@mov	
"qʼˈe-"@cid	<https://panlex.org/snapshot/panlex-20191001-csv/3975#51722820>				<https://panlex.org/snapshot/panlex-20191001-csv/3975#51722870>		"i=puy-k"@mov	
"h=ˈikːi"@cid	<https://panlex.org/snapshot/panlex-20191001-csv/3975#51728776>				<https://panlex.org/snapshot/panlex-20191001-csv/3975#51728815>		"maʎaqe"@mov	
"h=ˈawu-t"@cid	<https://panlex.org/snapshot/panlex-20191001-csv/3975#51725152>				<https://panlex.org/snapshot/panlex-20191001-csv/3975#51725203>		"aay-m"@mov	
"h=ˈawu-t"@cid	<https://panlex.org/snapshot/panlex-20191001-csv/3975#51725152>				<https://panlex.org/snapshot/panlex-20191001-csv/3975#51725202>		"ay-m"@mov	
"χ=ˈukey-at"@cid	<https://panlex.org/snapshot/panlex-20191001-csv/3975#51726027>				<https://panlex.org/snapshot/panlex-20191001-csv/3975#51726078>		"a=ʔav-k"@mov	
"h=ˈipʰen"@cid	<https://panlex.org/snapshot/panlex-20191001-csv/3975#51733144>				<https://panlex.org/snapshot/panlex-20191001-csv/3975#51733189>		"iː=paʎ"@mov	
"h=icʼʸˈo-lam"@cid	<https://panlex.org/snapshot/panlex-20191001-csv/3975#51725031>				<https://panlex.org/snapshot/panlex-20191001-csv/3975#51725064>		"ta=peːs-m"@mov	
"h=ˈicʼahu"@cid	<https://panlex.org/snapshot/panlex-20191001-csv/3975#51726941>				<https://panlex.org/snapshot/panlex-20191001-csv/3975#51726978>		"suːpaw-m"@mov	
"pˈuncaːr-"@cid	<https://panlex.org/snapshot/panlex-20191001-csv/3975#51734887>				<https://panlex.org/snapshot/panlex-20191001-csv/3975#51734935>		"θiɲa=ʔaːk"@mov	
"pʼun"@cid	<https://panlex.org/snapshot/panlex-20191001-csv/3975#51729528>				<https://panlex.org/snapshot/panlex-20191001-csv/3975#51729580>		"ʔa=sent-k"@mov	
"h=ˈutu"@cid	<https://panlex.org/snapshot/panlex-20191001-csv/3975#51724331>				<https://panlex.org/snapshot/panlex-20191001-csv/3975#51724363>		"si=viːʎ"@mov	
"h=ˈoχu"@cid	<https://panlex.org/snapshot/panlex-20191001-csv/3975#51729201>				<https://panlex.org/snapshot/panlex-20191001-csv/3975#51729251>		"iː=hu"@mov	
"h=ˈakʰo"@cid	<https://panlex.org/snapshot/panlex-20191001-csv/3975#51726654>				<https://panlex.org/snapshot/panlex-20191001-csv/3975#51726693>		"ta=puy-m"@mov	
"ʔˈači"@cid	<https://panlex.org/snapshot/panlex-20191001-csv/3975#51730262>				<https://panlex.org/snapshot/panlex-20191001-csv/3975#51730296>		"ʔič=sama"@mov	
"ʔˈači"@cid	<https://panlex.org/snapshot/panlex-20191001-csv/3975#51730262>				<https://panlex.org/snapshot/panlex-20191001-csv/3975#51730295>		"sama"@mov	
"ˈitʼʸi"@cid	<https://panlex.org/snapshot/panlex-20191001-csv/3975#51727771>				<https://panlex.org/snapshot/panlex-20191001-csv/3975#51727817>		"ʔiː=pa"@mov	
"ʔˈeloh-tʼa"@cid	<https://panlex.org/snapshot/panlex-20191001-csv/3975#51733944>				<https://panlex.org/snapshot/panlex-20191001-csv/3975#51733982>		"i=piːʎ-k"@mov	
"ʔˈeloh-tʼa"@cid	<https://panlex.org/snapshot/panlex-20191001-csv/3975#51733944>				<https://panlex.org/snapshot/panlex-20191001-csv/3975#51733981>		"i=piʎ-k"@mov	
"h=ˈiwo-hintʼa"@cid	<https://panlex.org/snapshot/panlex-20191001-csv/3975#51731075>				<https://panlex.org/snapshot/panlex-20191001-csv/3975#51731125>		"i=va-k"@mov	
"mˈam-ot"@cid	<https://panlex.org/snapshot/panlex-20191001-csv/3975#51732999>				<https://panlex.org/snapshot/panlex-20191001-csv/3975#51733037>		"maɲ-č"@mov	
"h=ˈicʰʸu-t"@cid	<https://panlex.org/snapshot/panlex-20191001-csv/3975#51727518>				<https://panlex.org/snapshot/panlex-20191001-csv/3975#51727554>		"ʔa=kʸuːʎ-m"@mov	
"sˈičʼ-ela"@cid	<https://panlex.org/snapshot/panlex-20191001-csv/3975#51722975>				<https://panlex.org/snapshot/panlex-20191001-csv/3975#51723023>		"hat-čoq"@mov	
"h=ˈitʸa"@cid	<https://panlex.org/snapshot/panlex-20191001-csv/3975#51725721>				<https://panlex.org/snapshot/panlex-20191001-csv/3975#51725766>		"iː=saʎ"@mov	
"h=uʔsˈiʔ"@cid	<https://panlex.org/snapshot/panlex-20191001-csv/3975#51721959>				<https://panlex.org/snapshot/panlex-20191001-csv/3975#51721997>		"iː=wa"@mov	
"aqʰˈa"@cid	<https://panlex.org/snapshot/panlex-20191001-csv/3975#51734072>				<https://panlex.org/snapshot/panlex-20191001-csv/3975#51734118>		"ʔa=ha"@mov	
"pʰˈacʰʸi"@cid	<https://panlex.org/snapshot/panlex-20191001-csv/3975#51734454>				<https://panlex.org/snapshot/panlex-20191001-csv/3975#51734496>		"kuːč"@mov	
"hˈ=uwa-m"@cid	<https://panlex.org/snapshot/panlex-20191001-csv/3975#51733763>				<https://panlex.org/snapshot/panlex-20191001-csv/3975#51733808>		"i=ye-m-k"@mov	
"h=ˈisama"@cid	<https://panlex.org/snapshot/panlex-20191001-csv/3975#51723432>				<https://panlex.org/snapshot/panlex-20191001-csv/3975#51723478>		"i=smaʎk"@mov	
"hohˈa-tːa"@cid	<https://panlex.org/snapshot/panlex-20191001-csv/3975#51731838>				<https://panlex.org/snapshot/panlex-20191001-csv/3975#51731874>		"i=vʔaw-m"@mov	
"cʼʸˈimar"@cid	<https://panlex.org/snapshot/panlex-20191001-csv/3975#51729686>				<https://panlex.org/snapshot/panlex-20191001-csv/3975#51729733>		"p=iː=pa"@mov	
"cʼʸˈimar"@cid	<https://panlex.org/snapshot/panlex-20191001-csv/3975#51729686>				<https://panlex.org/snapshot/panlex-20191001-csv/3975#51729731>		"pi=ʔ=pa"@mov	
"cʼʸˈimar"@cid	<https://panlex.org/snapshot/panlex-20191001-csv/3975#51729686>				<https://panlex.org/snapshot/panlex-20191001-csv/3975#51729732>		"pi=ʔi=pa"@mov	
"h=ˈikʼos-eʔ"@cid	<https://panlex.org/snapshot/panlex-20191001-csv/3975#51736122>				<https://panlex.org/snapshot/panlex-20191001-csv/3975#51736168>		"mata=ha"@mov	
"h=ˈikʼos-eʔ"@cid	<https://panlex.org/snapshot/panlex-20191001-csv/3975#51736122>				<https://panlex.org/snapshot/panlex-20191001-csv/3975#51736169>		"mat=ha"@mov	
"pˈolaχot"@cid	<https://panlex.org/snapshot/panlex-20191001-csv/3975#51722238>				<https://panlex.org/snapshot/panlex-20191001-csv/3975#51722273>		"iː=saʎ=kuʎo=ho"@mov	
"hˈimːi"@cid	<https://panlex.org/snapshot/panlex-20191001-csv/3975#51729047>				<https://panlex.org/snapshot/panlex-20191001-csv/3975#51729093>		"tiː=ɲam-"@mov	
"mˈacʼχipa"@cid	<https://panlex.org/snapshot/panlex-20191001-csv/3975#51720716>				<https://panlex.org/snapshot/panlex-20191001-csv/3975#51720761>		"hamʔuːʎ"@mov	
"sˈicqʼi"@cid	<https://panlex.org/snapshot/panlex-20191001-csv/3975#51721674>				<https://panlex.org/snapshot/panlex-20191001-csv/3975#51721721>		"ɲ=a=hʷat"@mov	
"χˈoqχu"@cid	<https://panlex.org/snapshot/panlex-20191001-csv/3975#51733598>				<https://panlex.org/snapshot/panlex-20191001-csv/3975#51733653>		"havik-k"@mov	
"pʰˈo-h-mu"@cid	<https://panlex.org/snapshot/panlex-20191001-csv/3975#51731395>				<https://panlex.org/snapshot/panlex-20191001-csv/3975#51731437>		"i=sma-m"@mov	
"tʼʸimar"@cid	<https://panlex.org/snapshot/panlex-20191001-csv/3975#51729687>				<https://panlex.org/snapshot/panlex-20191001-csv/3975#51729733>		"p=iː=pa"@mov	
"tʼʸimar"@cid	<https://panlex.org/snapshot/panlex-20191001-csv/3975#51729687>				<https://panlex.org/snapshot/panlex-20191001-csv/3975#51729731>		"pi=ʔ=pa"@mov	
"tʼʸimar"@cid	<https://panlex.org/snapshot/panlex-20191001-csv/3975#51729687>				<https://panlex.org/snapshot/panlex-20191001-csv/3975#51729732>		"pi=ʔi=pa"@mov	
"ˈamːa"@cid	<https://panlex.org/snapshot/panlex-20191001-csv/3975#51723580>				<https://panlex.org/snapshot/panlex-20191001-csv/3975#51723625>		"ʔa=mat"@mov	
"ˈamani-t"@cid	<https://panlex.org/snapshot/panlex-20191001-csv/3975#51728915>				<https://panlex.org/snapshot/panlex-20191001-csv/3975#51728951>		"ma=piːθ-"@mov	
"ˈicʼʸi"@cid	<https://panlex.org/snapshot/panlex-20191001-csv/3975#51727772>				<https://panlex.org/snapshot/panlex-20191001-csv/3975#51727817>		"ʔiː=pa"@mov	
"h=ačˈuː-ta-t"@cid	<https://panlex.org/snapshot/panlex-20191001-csv/3975#51727225>				<https://panlex.org/snapshot/panlex-20191001-csv/3975#51727267>		"i=ðik-k"@mov	
"pʰˈaʔ-ut"@cid	<https://panlex.org/snapshot/panlex-20191001-csv/3975#51732695>				<https://panlex.org/snapshot/panlex-20191001-csv/3975#51732746>		"hova-č"@mov	
"h=ˈimam-ta"@cid	<https://panlex.org/snapshot/panlex-20191001-csv/3975#51730785>				<https://panlex.org/snapshot/panlex-20191001-csv/3975#51730835>		"i=yuː-k"@mov	
"kʰˈumitʼʸin"@cid	<https://panlex.org/snapshot/panlex-20191001-csv/3975#51720574>				<https://panlex.org/snapshot/panlex-20191001-csv/3975#51720615>		"pay"@mov	
"h=ˈucʼʸu"@cid	<https://panlex.org/snapshot/panlex-20191001-csv/3975#51733298>				<https://panlex.org/snapshot/panlex-20191001-csv/3975#51733343>		"iː=ðoː"@mov	
"ˈeso"@cid	<https://panlex.org/snapshot/panlex-20191001-csv/3975#51722494>				<https://panlex.org/snapshot/panlex-20191001-csv/3975#51722534>		"ha=čuːr-k"@mov	
"hawˈetaʔm"@cid	<https://panlex.org/snapshot/panlex-20191001-csv/3975#51722375>				<https://panlex.org/snapshot/panlex-20191001-csv/3975#51722411>		"ʔiː=kʷe"@mov	
"yˈecχol"@cid	<https://panlex.org/snapshot/panlex-20191001-csv/3975#51729978>				<https://panlex.org/snapshot/panlex-20191001-csv/3975#51730016>		"ʔa=hʷat-m"@mov	
"yˈecχol"@cid	<https://panlex.org/snapshot/panlex-20191001-csv/3975#51729978>				<https://panlex.org/snapshot/panlex-20191001-csv/3975#51730017>		"ʔa=hʷaːt-m"@mov	
"hˈitʼam"@cid	<https://panlex.org/snapshot/panlex-20191001-csv/3975#51727925>				<https://panlex.org/snapshot/panlex-20191001-csv/3975#51727963>		"ʔa=paʎ-m"@mov	
