"अल्बानिया"@bho	<https://panlex.org/snapshot/panlex-20191001-csv/5947#84579635>				<https://panlex.org/snapshot/panlex-20191001-csv/5947#84579746>		"Albania"@nov	
"मंगर"@bho	<https://panlex.org/snapshot/panlex-20191001-csv/2892#110824475>				<https://panlex.org/snapshot/panlex-20191001-csv/2892#110824618>		"mardie"@nov	
"सनिचर"@bho	<https://panlex.org/snapshot/panlex-20191001-csv/2892#110826464>				<https://panlex.org/snapshot/panlex-20191001-csv/2892#110826397>		"saturdie"@nov	
"शुक"@bho	<https://panlex.org/snapshot/panlex-20191001-csv/2892#110825766>				<https://panlex.org/snapshot/panlex-20191001-csv/2892#110826060>		"venerdie"@nov	
"सोमार"@bho	<https://panlex.org/snapshot/panlex-20191001-csv/2892#110824405>				<https://panlex.org/snapshot/panlex-20191001-csv/2892#110824110>		"lundie"@nov	
"अतवार"@bho	<https://panlex.org/snapshot/panlex-20191001-csv/2892#110826915>				<https://panlex.org/snapshot/panlex-20191001-csv/2892#110826724>		"sundie"@nov	
"बियफे"@bho	<https://panlex.org/snapshot/panlex-20191001-csv/2892#110825482>				<https://panlex.org/snapshot/panlex-20191001-csv/2892#110825634>		"jodie"@nov	
"बुध"@bho	<https://panlex.org/snapshot/panlex-20191001-csv/2892#110824913>				<https://panlex.org/snapshot/panlex-20191001-csv/2892#110825089>		"merkurdie"@nov	
