"मंगर"@bho	<https://panlex.org/snapshot/panlex-20191001-csv/2892#110824475>				<https://panlex.org/snapshot/panlex-20191001-csv/2892#110824457>		"талат"@dar	
"सनिचर"@bho	<https://panlex.org/snapshot/panlex-20191001-csv/2892#110826464>				<https://panlex.org/snapshot/panlex-20191001-csv/2892#110826386>		"сут"@dar	
"शुक"@bho	<https://panlex.org/snapshot/panlex-20191001-csv/2892#110825766>				<https://panlex.org/snapshot/panlex-20191001-csv/2892#110826059>		"жумягӏ"@dar	
"सोमार"@bho	<https://panlex.org/snapshot/panlex-20191001-csv/2892#110824405>				<https://panlex.org/snapshot/panlex-20191001-csv/2892#110824171>		"итни"@dar	
"अतवार"@bho	<https://panlex.org/snapshot/panlex-20191001-csv/2892#110826915>				<https://panlex.org/snapshot/panlex-20191001-csv/2892#110826794>		"алхӏят"@dar	
"बियफे"@bho	<https://panlex.org/snapshot/panlex-20191001-csv/2892#110825482>				<https://panlex.org/snapshot/panlex-20191001-csv/2892#110825345>		"хамис"@dar	
"बुध"@bho	<https://panlex.org/snapshot/panlex-20191001-csv/2892#110824913>				<https://panlex.org/snapshot/panlex-20191001-csv/2892#110824986>		"арбягӏ"@dar	
