"ʔˈo"@peb	<https://panlex.org/snapshot/panlex-20191001-csv/3975#51732772>				<https://panlex.org/snapshot/panlex-20191001-csv/3975#51732795>		"шен"@tkr	
"ʔˈo"@peb	<https://panlex.org/snapshot/panlex-20191001-csv/3975#51732772>				<https://panlex.org/snapshot/panlex-20191001-csv/3975#51732794>		"še-n"@tkr	
"ʔˈo"@peb	<https://panlex.org/snapshot/panlex-20191001-csv/3975#51732772>				<https://panlex.org/snapshot/panlex-20191001-csv/3975#51732796>		"гьо̄шен"@tkr	
"xˈa"@peb	<https://panlex.org/snapshot/panlex-20191001-csv/3975#51734148>				<https://panlex.org/snapshot/panlex-20191001-csv/3975#51734171>		"хьян"@tkr	
"xˈa"@peb	<https://panlex.org/snapshot/panlex-20191001-csv/3975#51734148>				<https://panlex.org/snapshot/panlex-20191001-csv/3975#51734169>		"xʸan"@tkr	
"xˈa"@peb	<https://panlex.org/snapshot/panlex-20191001-csv/3975#51734148>				<https://panlex.org/snapshot/panlex-20191001-csv/3975#51734170>		"xʸan"@tkr	
"xaːmˈaː"@peb	<https://panlex.org/snapshot/panlex-20191001-csv/3975#51724962>				<https://panlex.org/snapshot/panlex-20191001-csv/3975#51724983>		"къелʹ"@tkr	
"xaːmˈaː"@peb	<https://panlex.org/snapshot/panlex-20191001-csv/3975#51724962>				<https://panlex.org/snapshot/panlex-20191001-csv/3975#51724981>		"ʁelʸ"@tkr	
"xaːmˈaː"@peb	<https://panlex.org/snapshot/panlex-20191001-csv/3975#51724962>				<https://panlex.org/snapshot/panlex-20191001-csv/3975#51724982>		"ʁelʸ"@tkr	
"duːwˈe"@peb	<https://panlex.org/snapshot/panlex-20191001-csv/3975#51729126>				<https://panlex.org/snapshot/panlex-20191001-csv/3975#51729147>		"хаIм"@tkr	
"duːwˈe"@peb	<https://panlex.org/snapshot/panlex-20191001-csv/3975#51729126>				<https://panlex.org/snapshot/panlex-20191001-csv/3975#51729145>		"χˤam"@tkr	
"duːwˈe"@peb	<https://panlex.org/snapshot/panlex-20191001-csv/3975#51729126>				<https://panlex.org/snapshot/panlex-20191001-csv/3975#51729146>		"χˤam"@tkr	
"daːnˈo"@peb	<https://panlex.org/snapshot/panlex-20191001-csv/3975#51728413>				<https://panlex.org/snapshot/panlex-20191001-csv/3975#51728431>		"сыва"@tkr	
"daːnˈo"@peb	<https://panlex.org/snapshot/panlex-20191001-csv/3975#51728413>				<https://panlex.org/snapshot/panlex-20191001-csv/3975#51728429>		"sɨwa"@tkr	
"daːnˈo"@peb	<https://panlex.org/snapshot/panlex-20191001-csv/3975#51728413>				<https://panlex.org/snapshot/panlex-20191001-csv/3975#51728430>		"suwa"@tkr	
"daːnˈo"@peb	<https://panlex.org/snapshot/panlex-20191001-csv/3975#51728413>				<https://panlex.org/snapshot/panlex-20191001-csv/3975#51728428>		"sɨwa"@tkr	
"tʰaːʔˈaː"@peb	<https://panlex.org/snapshot/panlex-20191001-csv/3975#51730549>				<https://panlex.org/snapshot/panlex-20191001-csv/3975#51730564>		"qːum"@tkr	
"tʰaːʔˈaː"@peb	<https://panlex.org/snapshot/panlex-20191001-csv/3975#51730549>				<https://panlex.org/snapshot/panlex-20191001-csv/3975#51730565>		"qːum"@tkr	
"tʰaːʔˈaː"@peb	<https://panlex.org/snapshot/panlex-20191001-csv/3975#51730549>				<https://panlex.org/snapshot/panlex-20191001-csv/3975#51730566>		"къум"@tkr	
"meː=ʔˈe-l"@peb	<https://panlex.org/snapshot/panlex-20191001-csv/3975#51727007>				<https://panlex.org/snapshot/panlex-20191001-csv/3975#51727027>		"ацIа"@tkr	
"meː=ʔˈe-l"@peb	<https://panlex.org/snapshot/panlex-20191001-csv/3975#51727007>				<https://panlex.org/snapshot/panlex-20191001-csv/3975#51727025>		"=acʼa-x-"@tkr	
"meː=ʔˈe-l"@peb	<https://panlex.org/snapshot/panlex-20191001-csv/3975#51727007>				<https://panlex.org/snapshot/panlex-20191001-csv/3975#51727026>		"=acʼa-x-"@tkr	
"pʼˈit̪ʼ"@peb	<https://panlex.org/snapshot/panlex-20191001-csv/3975#51725082>				<https://panlex.org/snapshot/panlex-20191001-csv/3975#51725097>		"gʸ=acʼʸiː-n"@tkr	
"pʼˈit̪ʼ"@peb	<https://panlex.org/snapshot/panlex-20191001-csv/3975#51725082>				<https://panlex.org/snapshot/panlex-20191001-csv/3975#51725098>		"гяцIийн"@tkr	
"pʼˈit̪ʼ"@peb	<https://panlex.org/snapshot/panlex-20191001-csv/3975#51725082>				<https://panlex.org/snapshot/panlex-20191001-csv/3975#51725096>		"gʸ=äcʼʸiyi-nʸ"@tkr	
"kʰaːyˈa"@peb	<https://panlex.org/snapshot/panlex-20191001-csv/3975#51725952>				<https://panlex.org/snapshot/panlex-20191001-csv/3975#51725973>		"wukʼulʸ"@tkr	
"kʰaːyˈa"@peb	<https://panlex.org/snapshot/panlex-20191001-csv/3975#51725952>				<https://panlex.org/snapshot/panlex-20191001-csv/3975#51725972>		"wuqʼulʸ"@tkr	
"kʰaːyˈa"@peb	<https://panlex.org/snapshot/panlex-20191001-csv/3975#51725952>				<https://panlex.org/snapshot/panlex-20191001-csv/3975#51725974>		"калле"@tkr	
"duːwˈe=lˌaː"@peb	<https://panlex.org/snapshot/panlex-20191001-csv/3975#51728295>				<https://panlex.org/snapshot/panlex-20191001-csv/3975#51728313>		"waz"@tkr	
"duːwˈe=lˌaː"@peb	<https://panlex.org/snapshot/panlex-20191001-csv/3975#51728295>				<https://panlex.org/snapshot/panlex-20191001-csv/3975#51728315>		"ваз"@tkr	
"duːwˈe=lˌaː"@peb	<https://panlex.org/snapshot/panlex-20191001-csv/3975#51728295>				<https://panlex.org/snapshot/panlex-20191001-csv/3975#51728314>		"waz"@tkr	
"šiːwˈey"@peb	<https://panlex.org/snapshot/panlex-20191001-csv/3975#51728972>				<https://panlex.org/snapshot/panlex-20191001-csv/3975#51728993>		"cʼʸe--nʸ"@tkr	
"šiːwˈey"@peb	<https://panlex.org/snapshot/panlex-20191001-csv/3975#51728972>				<https://panlex.org/snapshot/panlex-20191001-csv/3975#51728995>		"цIедын"@tkr	
"šiːwˈey"@peb	<https://panlex.org/snapshot/panlex-20191001-csv/3975#51728972>				<https://panlex.org/snapshot/panlex-20191001-csv/3975#51728994>		"cʼʸe--n"@tkr	
"xuːcʼˈay"@peb	<https://panlex.org/snapshot/panlex-20191001-csv/3975#51736444>				<https://panlex.org/snapshot/panlex-20191001-csv/3975#51736464>		"sʸenʸ"@tkr	
"xuːcʼˈay"@peb	<https://panlex.org/snapshot/panlex-20191001-csv/3975#51736444>				<https://panlex.org/snapshot/panlex-20191001-csv/3975#51736465>		"sʸen"@tkr	
"xuːcʼˈay"@peb	<https://panlex.org/snapshot/panlex-20191001-csv/3975#51736444>				<https://panlex.org/snapshot/panlex-20191001-csv/3975#51736466>		"сен"@tkr	
"yiːʔˈi"@peb	<https://panlex.org/snapshot/panlex-20191001-csv/3975#51724388>				<https://panlex.org/snapshot/panlex-20191001-csv/3975#51724401>		"wɨsɨn"@tkr	
"yiːʔˈi"@peb	<https://panlex.org/snapshot/panlex-20191001-csv/3975#51724388>				<https://panlex.org/snapshot/panlex-20191001-csv/3975#51724402>		"kuk-ra"@tkr	
"yiːʔˈi"@peb	<https://panlex.org/snapshot/panlex-20191001-csv/3975#51724388>				<https://panlex.org/snapshot/panlex-20191001-csv/3975#51724403>		"вусун"@tkr	
"biːy̥ˈa"@peb	<https://panlex.org/snapshot/panlex-20191001-csv/3975#51725796>				<https://panlex.org/snapshot/panlex-20191001-csv/3975#51725815>		"χɨlʸ"@tkr	
"biːy̥ˈa"@peb	<https://panlex.org/snapshot/panlex-20191001-csv/3975#51725796>				<https://panlex.org/snapshot/panlex-20191001-csv/3975#51725816>		"χɨlʸ"@tkr	
"biːy̥ˈa"@peb	<https://panlex.org/snapshot/panlex-20191001-csv/3975#51725796>				<https://panlex.org/snapshot/panlex-20191001-csv/3975#51725817>		"хылʹ"@tkr	
"hˈaː"@peb	<https://panlex.org/snapshot/panlex-20191001-csv/3975#51726562>				<https://panlex.org/snapshot/panlex-20191001-csv/3975#51726590>		"yiz-ɨn"@tkr	
"hˈaː"@peb	<https://panlex.org/snapshot/panlex-20191001-csv/3975#51726562>				<https://panlex.org/snapshot/panlex-20191001-csv/3975#51726589>		"zɨ"@tkr	
"hˈaː"@peb	<https://panlex.org/snapshot/panlex-20191001-csv/3975#51726562>				<https://panlex.org/snapshot/panlex-20191001-csv/3975#51726588>		"zɨ"@tkr	
"hˈaː"@peb	<https://panlex.org/snapshot/panlex-20191001-csv/3975#51726562>				<https://panlex.org/snapshot/panlex-20191001-csv/3975#51726592>		"йизын"@tkr	
"hˈaː"@peb	<https://panlex.org/snapshot/panlex-20191001-csv/3975#51726562>				<https://panlex.org/snapshot/panlex-20191001-csv/3975#51726591>		"зы"@tkr	
"pʰˈuy"@peb	<https://panlex.org/snapshot/panlex-20191001-csv/3975#51724261>				<https://panlex.org/snapshot/panlex-20191001-csv/3975#51724280>		"маъ"@tkr	
"pʰˈuy"@peb	<https://panlex.org/snapshot/panlex-20191001-csv/3975#51724261>				<https://panlex.org/snapshot/panlex-20191001-csv/3975#51724278>		"maʔ"@tkr	
"pʰˈuy"@peb	<https://panlex.org/snapshot/panlex-20191001-csv/3975#51724261>				<https://panlex.org/snapshot/panlex-20191001-csv/3975#51724279>		"maʔa"@tkr	
"mˈe"@peb	<https://panlex.org/snapshot/panlex-20191001-csv/3975#51732924>				<https://panlex.org/snapshot/panlex-20191001-csv/3975#51732948>		"ин"@tkr	
"mˈe"@peb	<https://panlex.org/snapshot/panlex-20191001-csv/3975#51732924>				<https://panlex.org/snapshot/panlex-20191001-csv/3975#51732947>		"ha=y-n"@tkr	
"mˈe"@peb	<https://panlex.org/snapshot/panlex-20191001-csv/3975#51732924>				<https://panlex.org/snapshot/panlex-20191001-csv/3975#51732946>		"i-n"@tkr	
"mˈe"@peb	<https://panlex.org/snapshot/panlex-20191001-csv/3975#51732924>				<https://panlex.org/snapshot/panlex-20191001-csv/3975#51732949>		"гьайн"@tkr	
"šiːmˈaː"@peb	<https://panlex.org/snapshot/panlex-20191001-csv/3975#51723507>				<https://panlex.org/snapshot/panlex-20191001-csv/3975#51723527>		"kʼɨrɨ"@tkr	
"šiːmˈaː"@peb	<https://panlex.org/snapshot/panlex-20191001-csv/3975#51723507>				<https://panlex.org/snapshot/panlex-20191001-csv/3975#51723528>		"кIыры"@tkr	
"šiːmˈaː"@peb	<https://panlex.org/snapshot/panlex-20191001-csv/3975#51723507>				<https://panlex.org/snapshot/panlex-20191001-csv/3975#51723526>		"kʼɨrɨ"@tkr	
"šˈi"@peb	<https://panlex.org/snapshot/panlex-20191001-csv/3975#51728703>				<https://panlex.org/snapshot/panlex-20191001-csv/3975#51728723>		"do"@tkr	
"šˈi"@peb	<https://panlex.org/snapshot/panlex-20191001-csv/3975#51728703>				<https://panlex.org/snapshot/panlex-20191001-csv/3975#51728724>		"do"@tkr	
"šˈi"@peb	<https://panlex.org/snapshot/panlex-20191001-csv/3975#51728703>				<https://panlex.org/snapshot/panlex-20191001-csv/3975#51728725>		"до"@tkr	
"qʼuːt̪ˈul"@peb	<https://panlex.org/snapshot/panlex-20191001-csv/3975#51726863>				<https://panlex.org/snapshot/panlex-20191001-csv/3975#51726884>		"qʼaraca"@tkr	
"qʼuːt̪ˈul"@peb	<https://panlex.org/snapshot/panlex-20191001-csv/3975#51726863>				<https://panlex.org/snapshot/panlex-20191001-csv/3975#51726886>		"кьараца"@tkr	
"qʼuːt̪ˈul"@peb	<https://panlex.org/snapshot/panlex-20191001-csv/3975#51726863>				<https://panlex.org/snapshot/panlex-20191001-csv/3975#51726885>		"qʼaraca"@tkr	
"muː=dˈa-l"@peb	<https://panlex.org/snapshot/panlex-20191001-csv/3975#51722903>				<https://panlex.org/snapshot/panlex-20191001-csv/3975#51722922>		"хъикIуй"@tkr	
"muː=dˈa-l"@peb	<https://panlex.org/snapshot/panlex-20191001-csv/3975#51722903>				<https://panlex.org/snapshot/panlex-20191001-csv/3975#51722921>		"q=ikʼ-"@tkr	
"muː=dˈa-l"@peb	<https://panlex.org/snapshot/panlex-20191001-csv/3975#51722903>				<https://panlex.org/snapshot/panlex-20191001-csv/3975#51722920>		"q=ikʼ-"@tkr	
"xaːbˈo"@peb	<https://panlex.org/snapshot/panlex-20191001-csv/3975#51722428>				<https://panlex.org/snapshot/panlex-20191001-csv/3975#51722443>		"gumulʸ"@tkr	
"xaːbˈo"@peb	<https://panlex.org/snapshot/panlex-20191001-csv/3975#51722428>				<https://panlex.org/snapshot/panlex-20191001-csv/3975#51722445>		"гымылʹ"@tkr	
"xaːbˈo"@peb	<https://panlex.org/snapshot/panlex-20191001-csv/3975#51722428>				<https://panlex.org/snapshot/panlex-20191001-csv/3975#51722444>		"gɨmɨlʸ"@tkr	
"xaːbˈo"@peb	<https://panlex.org/snapshot/panlex-20191001-csv/3975#51722428>				<https://panlex.org/snapshot/panlex-20191001-csv/3975#51722442>		"gɨmɨlʸ"@tkr	
"wˈi"@peb	<https://panlex.org/snapshot/panlex-20191001-csv/3975#51726563>				<https://panlex.org/snapshot/panlex-20191001-csv/3975#51726590>		"yiz-ɨn"@tkr	
"wˈi"@peb	<https://panlex.org/snapshot/panlex-20191001-csv/3975#51726563>				<https://panlex.org/snapshot/panlex-20191001-csv/3975#51726589>		"zɨ"@tkr	
"wˈi"@peb	<https://panlex.org/snapshot/panlex-20191001-csv/3975#51726563>				<https://panlex.org/snapshot/panlex-20191001-csv/3975#51726588>		"zɨ"@tkr	
"wˈi"@peb	<https://panlex.org/snapshot/panlex-20191001-csv/3975#51726563>				<https://panlex.org/snapshot/panlex-20191001-csv/3975#51726592>		"йизын"@tkr	
"wˈi"@peb	<https://panlex.org/snapshot/panlex-20191001-csv/3975#51726563>				<https://panlex.org/snapshot/panlex-20191001-csv/3975#51726591>		"зы"@tkr	
"kʰˈol"@peb	<https://panlex.org/snapshot/panlex-20191001-csv/3975#51736312>				<https://panlex.org/snapshot/panlex-20191001-csv/3975#51736325>		"abrawučʼe"@tkr	
"kʰˈol"@peb	<https://panlex.org/snapshot/panlex-20191001-csv/3975#51736312>				<https://panlex.org/snapshot/panlex-20191001-csv/3975#51736326>		"аIбравучI"@tkr	
"kʰˈol"@peb	<https://panlex.org/snapshot/panlex-20191001-csv/3975#51736312>				<https://panlex.org/snapshot/panlex-20191001-csv/3975#51736324>		"bɨrqʼˤɨnʸäš"@tkr	
"kˈiː"@peb	<https://panlex.org/snapshot/panlex-20191001-csv/3975#51727701>				<https://panlex.org/snapshot/panlex-20191001-csv/3975#51727722>		"вихьʹ"@tkr	
"kˈiː"@peb	<https://panlex.org/snapshot/panlex-20191001-csv/3975#51727701>				<https://panlex.org/snapshot/panlex-20191001-csv/3975#51727720>		"wixʸ"@tkr	
"kˈiː"@peb	<https://panlex.org/snapshot/panlex-20191001-csv/3975#51727701>				<https://panlex.org/snapshot/panlex-20191001-csv/3975#51727721>		"wixʸ"@tkr	
"qʼedˈa=qʼedˌakʰ"@peb	<https://panlex.org/snapshot/panlex-20191001-csv/3975#51730046>				<https://panlex.org/snapshot/panlex-20191001-csv/3975#51730069>		"чIаIран"@tkr	
"qʼedˈa=qʼedˌakʰ"@peb	<https://panlex.org/snapshot/panlex-20191001-csv/3975#51730046>				<https://panlex.org/snapshot/panlex-20191001-csv/3975#51730067>		"čʼera-n"@tkr	
"qʼedˈa=qʼedˌakʰ"@peb	<https://panlex.org/snapshot/panlex-20191001-csv/3975#51730046>				<https://panlex.org/snapshot/panlex-20191001-csv/3975#51730066>		"čʼara-nʸ"@tkr	
"qʼedˈa=qʼedˌakʰ"@peb	<https://panlex.org/snapshot/panlex-20191001-csv/3975#51730046>				<https://panlex.org/snapshot/panlex-20191001-csv/3975#51730068>		"чIаран"@tkr	
"qˈoːy=uhu-"@peb	<https://panlex.org/snapshot/panlex-20191001-csv/3975#51722732>				<https://panlex.org/snapshot/panlex-20191001-csv/3975#51722757>		"q=iʔ-"@tkr	
"qˈoːy=uhu-"@peb	<https://panlex.org/snapshot/panlex-20191001-csv/3975#51722732>				<https://panlex.org/snapshot/panlex-20191001-csv/3975#51722758>		"q=aʔ-"@tkr	
"qˈoːy=uhu-"@peb	<https://panlex.org/snapshot/panlex-20191001-csv/3975#51722732>				<https://panlex.org/snapshot/panlex-20191001-csv/3975#51722759>		"хъарий"@tkr	
"šˈa"@peb	<https://panlex.org/snapshot/panlex-20191001-csv/3975#51724681>				<https://panlex.org/snapshot/panlex-20191001-csv/3975#51724707>		"балугъ"@tkr	
"šˈa"@peb	<https://panlex.org/snapshot/panlex-20191001-csv/3975#51724681>				<https://panlex.org/snapshot/panlex-20191001-csv/3975#51724706>		"baluʁ"@tkr	
"šˈa"@peb	<https://panlex.org/snapshot/panlex-20191001-csv/3975#51724681>				<https://panlex.org/snapshot/panlex-20191001-csv/3975#51724705>		"baluʁ"@tkr	
"cʰˈicʰ"@peb	<https://panlex.org/snapshot/panlex-20191001-csv/3975#51730318>				<https://panlex.org/snapshot/panlex-20191001-csv/3975#51730332>		"kokː-"@tkr	
"cʰˈicʰ"@peb	<https://panlex.org/snapshot/panlex-20191001-csv/3975#51730318>				<https://panlex.org/snapshot/panlex-20191001-csv/3975#51730333>		"кок"@tkr	
"cʰˈicʰ"@peb	<https://panlex.org/snapshot/panlex-20191001-csv/3975#51730318>				<https://panlex.org/snapshot/panlex-20191001-csv/3975#51730331>		"kok"@tkr	
"kˈaːy"@peb	<https://panlex.org/snapshot/panlex-20191001-csv/3975#51723651>				<https://panlex.org/snapshot/panlex-20191001-csv/3975#51723670>		"nʸaqʼʷ"@tkr	
"kˈaːy"@peb	<https://panlex.org/snapshot/panlex-20191001-csv/3975#51723651>				<https://panlex.org/snapshot/panlex-20191001-csv/3975#51723672>		"чIийе"@tkr	
"kˈaːy"@peb	<https://panlex.org/snapshot/panlex-20191001-csv/3975#51723651>				<https://panlex.org/snapshot/panlex-20191001-csv/3975#51723671>		"nʸaqʼʷ"@tkr	
"kʼˈali"@peb	<https://panlex.org/snapshot/panlex-20191001-csv/3975#51729613>				<https://panlex.org/snapshot/panlex-20191001-csv/3975#51729635>		"sa"@tkr	
"kʼˈali"@peb	<https://panlex.org/snapshot/panlex-20191001-csv/3975#51729613>				<https://panlex.org/snapshot/panlex-20191001-csv/3975#51729636>		"sa--lʸe"@tkr	
"kʼˈali"@peb	<https://panlex.org/snapshot/panlex-20191001-csv/3975#51729613>				<https://panlex.org/snapshot/panlex-20191001-csv/3975#51729633>		"sa"@tkr	
"kʼˈali"@peb	<https://panlex.org/snapshot/panlex-20191001-csv/3975#51729613>				<https://panlex.org/snapshot/panlex-20191001-csv/3975#51729638>		"салле"@tkr	
"kʼˈali"@peb	<https://panlex.org/snapshot/panlex-20191001-csv/3975#51729613>				<https://panlex.org/snapshot/panlex-20191001-csv/3975#51729637>		"са"@tkr	
"kʼˈali"@peb	<https://panlex.org/snapshot/panlex-20191001-csv/3975#51729613>				<https://panlex.org/snapshot/panlex-20191001-csv/3975#51729634>		"sa--lʸä"@tkr	
"xaːwˈal"@peb	<https://panlex.org/snapshot/panlex-20191001-csv/3975#51720914>				<https://panlex.org/snapshot/panlex-20191001-csv/3975#51720931>		"кьабых"@tkr	
"xaːwˈal"@peb	<https://panlex.org/snapshot/panlex-20191001-csv/3975#51720914>				<https://panlex.org/snapshot/panlex-20191001-csv/3975#51720929>		"qʼabɨχ"@tkr	
"xaːwˈal"@peb	<https://panlex.org/snapshot/panlex-20191001-csv/3975#51720914>				<https://panlex.org/snapshot/panlex-20191001-csv/3975#51720930>		"qʼabɨχ"@tkr	
"kˈaːkʰ"@peb	<https://panlex.org/snapshot/panlex-20191001-csv/3975#51727849>				<https://panlex.org/snapshot/panlex-20191001-csv/3975#51727871>		"адамий"@tkr	
"kˈaːkʰ"@peb	<https://panlex.org/snapshot/panlex-20191001-csv/3975#51727849>				<https://panlex.org/snapshot/panlex-20191001-csv/3975#51727869>		"adami"@tkr	
"kˈaːkʰ"@peb	<https://panlex.org/snapshot/panlex-20191001-csv/3975#51727849>				<https://panlex.org/snapshot/panlex-20191001-csv/3975#51727870>		"adami"@tkr	
"buʔˈučʼ"@peb	<https://panlex.org/snapshot/panlex-20191001-csv/3975#51735773>				<https://panlex.org/snapshot/panlex-20191001-csv/3975#51735793>		"ǯitʼa-n"@tkr	
"buʔˈučʼ"@peb	<https://panlex.org/snapshot/panlex-20191001-csv/3975#51735773>				<https://panlex.org/snapshot/panlex-20191001-csv/3975#51735792>		"ǯitʼa-nʸ"@tkr	
"buʔˈučʼ"@peb	<https://panlex.org/snapshot/panlex-20191001-csv/3975#51735773>				<https://panlex.org/snapshot/panlex-20191001-csv/3975#51735794>		"джитIан"@tkr	
"lˈaboːbo"@peb	<https://panlex.org/snapshot/panlex-20191001-csv/3975#51729284>				<https://panlex.org/snapshot/panlex-20191001-csv/3975#51729303>		"qow"@tkr	
"lˈaboːbo"@peb	<https://panlex.org/snapshot/panlex-20191001-csv/3975#51729284>				<https://panlex.org/snapshot/panlex-20191001-csv/3975#51729304>		"quš"@tkr	
"lˈaboːbo"@peb	<https://panlex.org/snapshot/panlex-20191001-csv/3975#51729284>				<https://panlex.org/snapshot/panlex-20191001-csv/3975#51729305>		"qow"@tkr	
"lˈaboːbo"@peb	<https://panlex.org/snapshot/panlex-20191001-csv/3975#51729284>				<https://panlex.org/snapshot/panlex-20191001-csv/3975#51729306>		"хъов"@tkr	
"šˈoːkʰ"@peb	<https://panlex.org/snapshot/panlex-20191001-csv/3975#51726114>				<https://panlex.org/snapshot/panlex-20191001-csv/3975#51726130>		"ʁ=iyx-"@tkr	
"šˈoːkʰ"@peb	<https://panlex.org/snapshot/panlex-20191001-csv/3975#51726114>				<https://panlex.org/snapshot/panlex-20191001-csv/3975#51726131>		"ʁ=iyx-"@tkr	
"šˈoːkʰ"@peb	<https://panlex.org/snapshot/panlex-20191001-csv/3975#51726114>				<https://panlex.org/snapshot/panlex-20191001-csv/3975#51726132>		"къайхьый"@tkr	
"n̥ˈiː"@peb	<https://panlex.org/snapshot/panlex-20191001-csv/3975#51730707>				<https://panlex.org/snapshot/panlex-20191001-csv/3975#51730725>		"ih-"@tkr	
"n̥ˈiː"@peb	<https://panlex.org/snapshot/panlex-20191001-csv/3975#51730707>				<https://panlex.org/snapshot/panlex-20191001-csv/3975#51730727>		"эгьес"@tkr	
"n̥ˈiː"@peb	<https://panlex.org/snapshot/panlex-20191001-csv/3975#51730707>				<https://panlex.org/snapshot/panlex-20191001-csv/3975#51730724>		"игьез"@tkr	
"n̥ˈiː"@peb	<https://panlex.org/snapshot/panlex-20191001-csv/3975#51730707>				<https://panlex.org/snapshot/panlex-20191001-csv/3975#51730726>		"uwh-"@tkr	
"n̥ˈiː"@peb	<https://panlex.org/snapshot/panlex-20191001-csv/3975#51730707>				<https://panlex.org/snapshot/panlex-20191001-csv/3975#51730728>		"ивгьес"@tkr	
"n̥ˈiː"@peb	<https://panlex.org/snapshot/panlex-20191001-csv/3975#51730707>				<https://panlex.org/snapshot/panlex-20191001-csv/3975#51730729>		"iwh-"@tkr	
"dˈaday"@peb	<https://panlex.org/snapshot/panlex-20191001-csv/3975#51730188>				<https://panlex.org/snapshot/panlex-20191001-csv/3975#51730209>		"йаIхъ"@tkr	
"dˈaday"@peb	<https://panlex.org/snapshot/panlex-20191001-csv/3975#51730188>				<https://panlex.org/snapshot/panlex-20191001-csv/3975#51730207>		"yɨqːˤ-"@tkr	
"dˈaday"@peb	<https://panlex.org/snapshot/panlex-20191001-csv/3975#51730188>				<https://panlex.org/snapshot/panlex-20191001-csv/3975#51730208>		"yaqːˤ-"@tkr	
"dˈaday"@peb	<https://panlex.org/snapshot/panlex-20191001-csv/3975#51730188>				<https://panlex.org/snapshot/panlex-20191001-csv/3975#51730210>		"йаIххъ-"@tkr	
"nˈo"@peb	<https://panlex.org/snapshot/panlex-20191001-csv/3975#51720783>				<https://panlex.org/snapshot/panlex-20191001-csv/3975#51720802>		"yɨqːˤ-"@tkr	
"nˈo"@peb	<https://panlex.org/snapshot/panlex-20191001-csv/3975#51720783>				<https://panlex.org/snapshot/panlex-20191001-csv/3975#51720801>		"yɨqːˤ-"@tkr	
"nˈo"@peb	<https://panlex.org/snapshot/panlex-20191001-csv/3975#51720783>				<https://panlex.org/snapshot/panlex-20191001-csv/3975#51720804>		"йыIхъ"@tkr	
"nˈo"@peb	<https://panlex.org/snapshot/panlex-20191001-csv/3975#51720783>				<https://panlex.org/snapshot/panlex-20191001-csv/3975#51720803>		"йиIхъ"@tkr	
"kˈaːwkʰ"@peb	<https://panlex.org/snapshot/panlex-20191001-csv/3975#51729763>				<https://panlex.org/snapshot/panlex-20191001-csv/3975#51729785>		"insan"@tkr	
"kˈaːwkʰ"@peb	<https://panlex.org/snapshot/panlex-20191001-csv/3975#51729763>				<https://panlex.org/snapshot/panlex-20191001-csv/3975#51729784>		"insan"@tkr	
"kˈaːwkʰ"@peb	<https://panlex.org/snapshot/panlex-20191001-csv/3975#51729763>				<https://panlex.org/snapshot/panlex-20191001-csv/3975#51729786>		"инсан"@tkr	
"y̥ˈa"@peb	<https://panlex.org/snapshot/panlex-20191001-csv/3975#51736200>				<https://panlex.org/snapshot/panlex-20191001-csv/3975#51736219>		"mɨc"@tkr	
"y̥ˈa"@peb	<https://panlex.org/snapshot/panlex-20191001-csv/3975#51736200>				<https://panlex.org/snapshot/panlex-20191001-csv/3975#51736220>		"mɨc"@tkr	
"y̥ˈa"@peb	<https://panlex.org/snapshot/panlex-20191001-csv/3975#51736200>				<https://panlex.org/snapshot/panlex-20191001-csv/3975#51736221>		"мыц"@tkr	
"y̥ˈa"@peb	<https://panlex.org/snapshot/panlex-20191001-csv/3975#51721891>				<https://panlex.org/snapshot/panlex-20191001-csv/3975#51721910>		"barkʼʷ"@tkr	
"y̥ˈa"@peb	<https://panlex.org/snapshot/panlex-20191001-csv/3975#51721891>				<https://panlex.org/snapshot/panlex-20191001-csv/3975#51721912>		"баркIв"@tkr	
"y̥ˈa"@peb	<https://panlex.org/snapshot/panlex-20191001-csv/3975#51721891>				<https://panlex.org/snapshot/panlex-20191001-csv/3975#51721911>		"barkʼʷ"@tkr	
"lˈila"@peb	<https://panlex.org/snapshot/panlex-20191001-csv/3975#51735237>				<https://panlex.org/snapshot/panlex-20191001-csv/3975#51735252>		"aqʼˤa-na"@tkr	
"lˈila"@peb	<https://panlex.org/snapshot/panlex-20191001-csv/3975#51735237>				<https://panlex.org/snapshot/panlex-20191001-csv/3975#51735254>		"акьаIна"@tkr	
"lˈila"@peb	<https://panlex.org/snapshot/panlex-20191001-csv/3975#51735237>				<https://panlex.org/snapshot/panlex-20191001-csv/3975#51735253>		"aqʼˤa-na"@tkr	
"kʼaːlˈol"@peb	<https://panlex.org/snapshot/panlex-20191001-csv/3975#51723360>				<https://panlex.org/snapshot/panlex-20191001-csv/3975#51723379>		"qːuru-n"@tkr	
"kʼaːlˈol"@peb	<https://panlex.org/snapshot/panlex-20191001-csv/3975#51723360>				<https://panlex.org/snapshot/panlex-20191001-csv/3975#51723378>		"qːuru-nʸ"@tkr	
"kʼaːlˈol"@peb	<https://panlex.org/snapshot/panlex-20191001-csv/3975#51723360>				<https://panlex.org/snapshot/panlex-20191001-csv/3975#51723380>		"къурун"@tkr	
"quːšˈili-šiːbˌa"@peb	<https://panlex.org/snapshot/panlex-20191001-csv/3975#51735104>				<https://panlex.org/snapshot/panlex-20191001-csv/3975#51735126>		"зыргын"@tkr	
"quːšˈili-šiːbˌa"@peb	<https://panlex.org/snapshot/panlex-20191001-csv/3975#51735104>				<https://panlex.org/snapshot/panlex-20191001-csv/3975#51735122>		"dɨraqʼɨ-nʸ"@tkr	
"quːšˈili-šiːbˌa"@peb	<https://panlex.org/snapshot/panlex-20191001-csv/3975#51735104>				<https://panlex.org/snapshot/panlex-20191001-csv/3975#51735124>		"ʁˤɨbɨ-n"@tkr	
"quːšˈili-šiːbˌa"@peb	<https://panlex.org/snapshot/panlex-20191001-csv/3975#51735104>				<https://panlex.org/snapshot/panlex-20191001-csv/3975#51735127>		"qːˤɨbɨ-n"@tkr	
"quːšˈili-šiːbˌa"@peb	<https://panlex.org/snapshot/panlex-20191001-csv/3975#51735104>				<https://panlex.org/snapshot/panlex-20191001-csv/3975#51735123>		"ʁˤubɨ-n"@tkr	
"quːšˈili-šiːbˌa"@peb	<https://panlex.org/snapshot/panlex-20191001-csv/3975#51735104>				<https://panlex.org/snapshot/panlex-20191001-csv/3975#51735125>		"zɨrɣɨ-n"@tkr	
"muːsˈu"@peb	<https://panlex.org/snapshot/panlex-20191001-csv/3975#51725646>				<https://panlex.org/snapshot/panlex-20191001-csv/3975#51725668>		"чIаIр"@tkr	
"muːsˈu"@peb	<https://panlex.org/snapshot/panlex-20191001-csv/3975#51725646>				<https://panlex.org/snapshot/panlex-20191001-csv/3975#51725667>		"čʼer"@tkr	
"muːsˈu"@peb	<https://panlex.org/snapshot/panlex-20191001-csv/3975#51725646>				<https://panlex.org/snapshot/panlex-20191001-csv/3975#51725666>		"čʼar"@tkr	
"dˈa"@peb	<https://panlex.org/snapshot/panlex-20191001-csv/3975#51734974>				<https://panlex.org/snapshot/panlex-20191001-csv/3975#51734996>		"хьунаще"@tkr	
"dˈa"@peb	<https://panlex.org/snapshot/panlex-20191001-csv/3975#51734974>				<https://panlex.org/snapshot/panlex-20191001-csv/3975#51734994>		"xunašːe"@tkr	
"dˈa"@peb	<https://panlex.org/snapshot/panlex-20191001-csv/3975#51734974>				<https://panlex.org/snapshot/panlex-20191001-csv/3975#51734995>		"xunašːe"@tkr	
"qaː=nˈeː"@peb	<https://panlex.org/snapshot/panlex-20191001-csv/3975#51721466>				<https://panlex.org/snapshot/panlex-20191001-csv/3975#51721484>		"acʼ=akʼʷan-"@tkr	
"qaː=nˈeː"@peb	<https://panlex.org/snapshot/panlex-20191001-csv/3975#51721466>				<https://panlex.org/snapshot/panlex-20191001-csv/3975#51721485>		"ацIакIван-"@tkr	
"qaː=nˈeː"@peb	<https://panlex.org/snapshot/panlex-20191001-csv/3975#51721466>				<https://panlex.org/snapshot/panlex-20191001-csv/3975#51721483>		"acʼ=okʼon-"@tkr	
"cʼiːdˈa"@peb	<https://panlex.org/snapshot/panlex-20191001-csv/3975#51731321>				<https://panlex.org/snapshot/panlex-20191001-csv/3975#51731340>		"ʁekʷa"@tkr	
"cʼiːdˈa"@peb	<https://panlex.org/snapshot/panlex-20191001-csv/3975#51731321>				<https://panlex.org/snapshot/panlex-20191001-csv/3975#51731341>		"къеква"@tkr	
"cʼiːdˈa"@peb	<https://panlex.org/snapshot/panlex-20191001-csv/3975#51731321>				<https://panlex.org/snapshot/panlex-20191001-csv/3975#51731339>		"кьабых"@tkr	
"qʼˈoy"@peb	<https://panlex.org/snapshot/panlex-20191001-csv/3975#51728838>				<https://panlex.org/snapshot/panlex-20191001-csv/3975#51728859>		"гардан"@tkr	
"qʼˈoy"@peb	<https://panlex.org/snapshot/panlex-20191001-csv/3975#51728838>				<https://panlex.org/snapshot/panlex-20191001-csv/3975#51728858>		"gardan"@tkr	
"qʼˈoy"@peb	<https://panlex.org/snapshot/panlex-20191001-csv/3975#51728838>				<https://panlex.org/snapshot/panlex-20191001-csv/3975#51728857>		"gardan"@tkr	
"kˈaːr"@peb	<https://panlex.org/snapshot/panlex-20191001-csv/3975#51730882>				<https://panlex.org/snapshot/panlex-20191001-csv/3975#51730900>		"къаджес"@tkr	
"kˈaːr"@peb	<https://panlex.org/snapshot/panlex-20191001-csv/3975#51730882>				<https://panlex.org/snapshot/panlex-20191001-csv/3975#51730899>		"ʁ=ež-"@tkr	
"kˈaːr"@peb	<https://panlex.org/snapshot/panlex-20191001-csv/3975#51730882>				<https://panlex.org/snapshot/panlex-20191001-csv/3975#51730898>		"ʁ=až-"@tkr	
"xˈočʰ"@peb	<https://panlex.org/snapshot/panlex-20191001-csv/3975#51733684>				<https://panlex.org/snapshot/panlex-20191001-csv/3975#51733706>		"qʼˤo--lʸe"@tkr	
"xˈočʰ"@peb	<https://panlex.org/snapshot/panlex-20191001-csv/3975#51733684>				<https://panlex.org/snapshot/panlex-20191001-csv/3975#51733707>		"кьоI-"@tkr	
"xˈočʰ"@peb	<https://panlex.org/snapshot/panlex-20191001-csv/3975#51733684>				<https://panlex.org/snapshot/panlex-20191001-csv/3975#51733705>		"qʼˤo--lʸä"@tkr	
"lˈaː"@peb	<https://panlex.org/snapshot/panlex-20191001-csv/3975#51732349>				<https://panlex.org/snapshot/panlex-20191001-csv/3975#51732371>		"wirɨʁ"@tkr	
"lˈaː"@peb	<https://panlex.org/snapshot/panlex-20191001-csv/3975#51732349>				<https://panlex.org/snapshot/panlex-20191001-csv/3975#51732372>		"верыгъ"@tkr	
"lˈaː"@peb	<https://panlex.org/snapshot/panlex-20191001-csv/3975#51732349>				<https://panlex.org/snapshot/panlex-20191001-csv/3975#51732370>		"wiriʁ"@tkr	
"baːtʰˈin"@peb	<https://panlex.org/snapshot/panlex-20191001-csv/3975#51721181>				<https://panlex.org/snapshot/panlex-20191001-csv/3975#51721203>		"хедын"@tkr	
"baːtʰˈin"@peb	<https://panlex.org/snapshot/panlex-20191001-csv/3975#51721181>				<https://panlex.org/snapshot/panlex-20191001-csv/3975#51721202>		"херна"@tkr	
"baːtʰˈin"@peb	<https://panlex.org/snapshot/panlex-20191001-csv/3975#51721181>				<https://panlex.org/snapshot/panlex-20191001-csv/3975#51721201>		"χe--n"@tkr	
"baːtʰˈin"@peb	<https://panlex.org/snapshot/panlex-20191001-csv/3975#51721181>				<https://panlex.org/snapshot/panlex-20191001-csv/3975#51721200>		"χˤa--nʸ"@tkr	
"baːlˈay"@peb	<https://panlex.org/snapshot/panlex-20191001-csv/3975#51721749>				<https://panlex.org/snapshot/panlex-20191001-csv/3975#51721769>		"e-bi"@tkr	
"baːlˈay"@peb	<https://panlex.org/snapshot/panlex-20191001-csv/3975#51721749>				<https://panlex.org/snapshot/panlex-20191001-csv/3975#51721771>		"эб"@tkr	
"baːlˈay"@peb	<https://panlex.org/snapshot/panlex-20191001-csv/3975#51721749>				<https://panlex.org/snapshot/panlex-20191001-csv/3975#51721770>		"e-b"@tkr	
"kʰˈuy"@peb	<https://panlex.org/snapshot/panlex-20191001-csv/3975#51729454>				<https://panlex.org/snapshot/panlex-20191001-csv/3975#51729475>		"деш"@tkr	
"kʰˈuy"@peb	<https://panlex.org/snapshot/panlex-20191001-csv/3975#51729454>				<https://panlex.org/snapshot/panlex-20191001-csv/3975#51729474>		"диъ"@tkr	
"kuː=hˈuː"@peb	<https://panlex.org/snapshot/panlex-20191001-csv/3975#51723818>				<https://panlex.org/snapshot/panlex-20191001-csv/3975#51723842>		"oxan-"@tkr	
"kuː=hˈuː"@peb	<https://panlex.org/snapshot/panlex-20191001-csv/3975#51723818>				<https://panlex.org/snapshot/panlex-20191001-csv/3975#51723843>		"охьан-"@tkr	
"kuː=hˈuː"@peb	<https://panlex.org/snapshot/panlex-20191001-csv/3975#51723818>				<https://panlex.org/snapshot/panlex-20191001-csv/3975#51723844>		"эйхьван-"@tkr	
"kuː=hˈuː"@peb	<https://panlex.org/snapshot/panlex-20191001-csv/3975#51723818>				<https://panlex.org/snapshot/panlex-20191001-csv/3975#51723841>		"охьан-аз"@tkr	
"baːkˈil"@peb	<https://panlex.org/snapshot/panlex-20191001-csv/3975#51727574>				<https://panlex.org/snapshot/panlex-20191001-csv/3975#51727593>		"χɨlːʸiː-n"@tkr	
"baːkˈil"@peb	<https://panlex.org/snapshot/panlex-20191001-csv/3975#51727574>				<https://panlex.org/snapshot/panlex-20191001-csv/3975#51727594>		"хылийн"@tkr	
"baːkˈil"@peb	<https://panlex.org/snapshot/panlex-20191001-csv/3975#51727574>				<https://panlex.org/snapshot/panlex-20191001-csv/3975#51727592>		"χɨlʸiyi-nʸ"@tkr	
"mˈa"@peb	<https://panlex.org/snapshot/panlex-20191001-csv/3975#51733067>				<https://panlex.org/snapshot/panlex-20191001-csv/3975#51733086>		"yɨʁˤ-ɨn"@tkr	
"mˈa"@peb	<https://panlex.org/snapshot/panlex-20191001-csv/3975#51733067>				<https://panlex.org/snapshot/panlex-20191001-csv/3975#51733085>		"ʁu"@tkr	
"mˈa"@peb	<https://panlex.org/snapshot/panlex-20191001-csv/3975#51733067>				<https://panlex.org/snapshot/panlex-20191001-csv/3975#51733088>		"wa-s-ɨn"@tkr	
"mˈa"@peb	<https://panlex.org/snapshot/panlex-20191001-csv/3975#51733067>				<https://panlex.org/snapshot/panlex-20191001-csv/3975#51733089>		"гъу"@tkr	
"mˈa"@peb	<https://panlex.org/snapshot/panlex-20191001-csv/3975#51733067>				<https://panlex.org/snapshot/panlex-20191001-csv/3975#51733090>		"йигъын"@tkr	
"mˈa"@peb	<https://panlex.org/snapshot/panlex-20191001-csv/3975#51733067>				<https://panlex.org/snapshot/panlex-20191001-csv/3975#51733087>		"ʁu"@tkr	
"cʼaːbˈa=cʼaːbˌakʰ"@peb	<https://panlex.org/snapshot/panlex-20191001-csv/3975#51725504>				<https://panlex.org/snapshot/panlex-20191001-csv/3975#51725523>		"čiˤwa-nʸ"@tkr	
"cʼaːbˈa=cʼaːbˌakʰ"@peb	<https://panlex.org/snapshot/panlex-20191001-csv/3975#51725504>				<https://panlex.org/snapshot/panlex-20191001-csv/3975#51725524>		"čiˤwa-n"@tkr	
"cʼaːbˈa=cʼaːbˌakʰ"@peb	<https://panlex.org/snapshot/panlex-20191001-csv/3975#51725504>				<https://panlex.org/snapshot/panlex-20191001-csv/3975#51725525>		"čuˤwa-n"@tkr	
"cʼaːbˈa=cʼaːbˌakʰ"@peb	<https://panlex.org/snapshot/panlex-20191001-csv/3975#51725504>				<https://panlex.org/snapshot/panlex-20191001-csv/3975#51725526>		"чыIван"@tkr	
"pʰiːt̪ʼˈaw"@peb	<https://panlex.org/snapshot/panlex-20191001-csv/3975#51734660>				<https://panlex.org/snapshot/panlex-20191001-csv/3975#51734680>		"джагваран"@tkr	
"pʰiːt̪ʼˈaw"@peb	<https://panlex.org/snapshot/panlex-20191001-csv/3975#51734660>				<https://panlex.org/snapshot/panlex-20191001-csv/3975#51734678>		"ǯagʷara-nʸ"@tkr	
"pʰiːt̪ʼˈaw"@peb	<https://panlex.org/snapshot/panlex-20191001-csv/3975#51734660>				<https://panlex.org/snapshot/panlex-20191001-csv/3975#51734679>		"ǯagʷara-n"@tkr	
"saːxˈa"@peb	<https://panlex.org/snapshot/panlex-20191001-csv/3975#51731766>				<https://panlex.org/snapshot/panlex-20191001-csv/3975#51731787>		"кума"@tkr	
"saːxˈa"@peb	<https://panlex.org/snapshot/panlex-20191001-csv/3975#51731766>				<https://panlex.org/snapshot/panlex-20191001-csv/3975#51731785>		"kuma"@tkr	
"saːxˈa"@peb	<https://panlex.org/snapshot/panlex-20191001-csv/3975#51731766>				<https://panlex.org/snapshot/panlex-20191001-csv/3975#51731786>		"kuma"@tkr	
"kʼˈo"@peb	<https://panlex.org/snapshot/panlex-20191001-csv/3975#51721040>				<https://panlex.org/snapshot/panlex-20191001-csv/3975#51721059>		"uxunʸ"@tkr	
"kʼˈo"@peb	<https://panlex.org/snapshot/panlex-20191001-csv/3975#51721040>				<https://panlex.org/snapshot/panlex-20191001-csv/3975#51721062>		"вухьун"@tkr	
"kʼˈo"@peb	<https://panlex.org/snapshot/panlex-20191001-csv/3975#51721040>				<https://panlex.org/snapshot/panlex-20191001-csv/3975#51721060>		"wuxun"@tkr	
"kʼˈo"@peb	<https://panlex.org/snapshot/panlex-20191001-csv/3975#51721040>				<https://panlex.org/snapshot/panlex-20191001-csv/3975#51721061>		"wuxɨn"@tkr	
"kʼˈo"@peb	<https://panlex.org/snapshot/panlex-20191001-csv/3975#51723959>				<https://panlex.org/snapshot/panlex-20191001-csv/3975#51723976>		"qʼuqʼ"@tkr	
"kʼˈo"@peb	<https://panlex.org/snapshot/panlex-20191001-csv/3975#51723959>				<https://panlex.org/snapshot/panlex-20191001-csv/3975#51723977>		"qʼuqʼ"@tkr	
"kʼˈo"@peb	<https://panlex.org/snapshot/panlex-20191001-csv/3975#51723959>				<https://panlex.org/snapshot/panlex-20191001-csv/3975#51723978>		"кьукь"@tkr	
"xaːbˈe"@peb	<https://panlex.org/snapshot/panlex-20191001-csv/3975#51732189>				<https://panlex.org/snapshot/panlex-20191001-csv/3975#51732209>		"qːayä"@tkr	
"xaːbˈe"@peb	<https://panlex.org/snapshot/panlex-20191001-csv/3975#51732189>				<https://panlex.org/snapshot/panlex-20191001-csv/3975#51732211>		"къае"@tkr	
"xaːbˈe"@peb	<https://panlex.org/snapshot/panlex-20191001-csv/3975#51732189>				<https://panlex.org/snapshot/panlex-20191001-csv/3975#51732210>		"qːaye"@tkr	
"xˈa-cʼiːda"@peb	<https://panlex.org/snapshot/panlex-20191001-csv/3975#51728559>				<https://panlex.org/snapshot/panlex-20191001-csv/3975#51728581>		"ɣalʸ"@tkr	
"xˈa-cʼiːda"@peb	<https://panlex.org/snapshot/panlex-20191001-csv/3975#51728559>				<https://panlex.org/snapshot/panlex-20191001-csv/3975#51728583>		"гIалʹ"@tkr	
"xˈa-cʼiːda"@peb	<https://panlex.org/snapshot/panlex-20191001-csv/3975#51728559>				<https://panlex.org/snapshot/panlex-20191001-csv/3975#51728582>		"ɣalʸ"@tkr	
"yiːbˈaː"@peb	<https://panlex.org/snapshot/panlex-20191001-csv/3975#51732616>				<https://panlex.org/snapshot/panlex-20191001-csv/3975#51732638>		"быIтʹ"@tkr	
"yiːbˈaː"@peb	<https://panlex.org/snapshot/panlex-20191001-csv/3975#51732616>				<https://panlex.org/snapshot/panlex-20191001-csv/3975#51732636>		"bɨˤt"@tkr	
"yiːbˈaː"@peb	<https://panlex.org/snapshot/panlex-20191001-csv/3975#51732616>				<https://panlex.org/snapshot/panlex-20191001-csv/3975#51732637>		"bɨˤtːʸ-"@tkr	
"siːmˈaː mˈer"@peb	<https://panlex.org/snapshot/panlex-20191001-csv/3975#51731474>				<https://panlex.org/snapshot/panlex-20191001-csv/3975#51731493>		"гъалихьаз"@tkr	
"siːmˈaː mˈer"@peb	<https://panlex.org/snapshot/panlex-20191001-csv/3975#51731474>				<https://panlex.org/snapshot/panlex-20191001-csv/3975#51731494>		"ʁilʸ=ex-"@tkr	
"siːmˈaː mˈer"@peb	<https://panlex.org/snapshot/panlex-20191001-csv/3975#51731474>				<https://panlex.org/snapshot/panlex-20191001-csv/3975#51731495>		"къийсан-"@tkr	
"wˈa-duːkˌiː"@peb	<https://panlex.org/snapshot/panlex-20191001-csv/3975#51733844>				<https://panlex.org/snapshot/panlex-20191001-csv/3975#51733871>		"h=akʼɨn"@tkr	
"wˈa-duːkˌiː"@peb	<https://panlex.org/snapshot/panlex-20191001-csv/3975#51733844>				<https://panlex.org/snapshot/panlex-20191001-csv/3975#51733870>		"aˤl=h-"@tkr	
"wˈa-duːkˌiː"@peb	<https://panlex.org/snapshot/panlex-20191001-csv/3975#51733844>				<https://panlex.org/snapshot/panlex-20191001-csv/3975#51733874>		"акIын"@tkr	
"wˈa-duːkˌiː"@peb	<https://panlex.org/snapshot/panlex-20191001-csv/3975#51733844>				<https://panlex.org/snapshot/panlex-20191001-csv/3975#51733877>		"уIххъас"@tkr	
"wˈa-duːkˌiː"@peb	<https://panlex.org/snapshot/panlex-20191001-csv/3975#51733844>				<https://panlex.org/snapshot/panlex-20191001-csv/3975#51733876>		"ыIххъас"@tkr	
"wˈa-duːkˌiː"@peb	<https://panlex.org/snapshot/panlex-20191001-csv/3975#51733844>				<https://panlex.org/snapshot/panlex-20191001-csv/3975#51733872>		"ɨqːˤ-"@tkr	
"wˈa-duːkˌiː"@peb	<https://panlex.org/snapshot/panlex-20191001-csv/3975#51733844>				<https://panlex.org/snapshot/panlex-20191001-csv/3975#51733873>		"алʹгьааIс"@tkr	
"wˈa-duːkˌiː"@peb	<https://panlex.org/snapshot/panlex-20191001-csv/3975#51733844>				<https://panlex.org/snapshot/panlex-20191001-csv/3975#51733869>		"алʹгьаз"@tkr	
"wˈa-duːkˌiː"@peb	<https://panlex.org/snapshot/panlex-20191001-csv/3975#51733844>				<https://panlex.org/snapshot/panlex-20191001-csv/3975#51733875>		"гьакIын"@tkr	
"pʰuː=dˈiː-l"@peb	<https://panlex.org/snapshot/panlex-20191001-csv/3975#51724817>				<https://panlex.org/snapshot/panlex-20191001-csv/3975#51724828>		"алехва"@tkr	
"pʰuː=dˈiː-l"@peb	<https://panlex.org/snapshot/panlex-20191001-csv/3975#51724817>				<https://panlex.org/snapshot/panlex-20191001-csv/3975#51724829>		"alʸ=iχ-"@tkr	
"pʰuː=dˈiː-l"@peb	<https://panlex.org/snapshot/panlex-20191001-csv/3975#51724817>				<https://panlex.org/snapshot/panlex-20191001-csv/3975#51724830>		"алихас"@tkr	
"siː=xˈaː"@peb	<https://panlex.org/snapshot/panlex-20191001-csv/3975#51725233>				<https://panlex.org/snapshot/panlex-20191001-csv/3975#51725251>		"h=uw-"@tkr	
"siː=xˈaː"@peb	<https://panlex.org/snapshot/panlex-20191001-csv/3975#51725233>				<https://panlex.org/snapshot/panlex-20191001-csv/3975#51725250>		"h=el-"@tkr	
"siː=xˈaː"@peb	<https://panlex.org/snapshot/panlex-20191001-csv/3975#51725233>				<https://panlex.org/snapshot/panlex-20191001-csv/3975#51725252>		"гьилес"@tkr	
"siː=xˈaː"@peb	<https://panlex.org/snapshot/panlex-20191001-csv/3975#51725233>				<https://panlex.org/snapshot/panlex-20191001-csv/3975#51725253>		"гьеле"@tkr	
"siː=xˈaː"@peb	<https://panlex.org/snapshot/panlex-20191001-csv/3975#51725233>				<https://panlex.org/snapshot/panlex-20191001-csv/3975#51725249>		"гьилез"@tkr	
"siː=xˈaː"@peb	<https://panlex.org/snapshot/panlex-20191001-csv/3975#51725233>				<https://panlex.org/snapshot/panlex-20191001-csv/3975#51725254>		"h=iw-"@tkr	
"mˈer"@peb	<https://panlex.org/snapshot/panlex-20191001-csv/3975#51727299>				<https://panlex.org/snapshot/panlex-20191001-csv/3975#51727320>		"къалихьас"@tkr	
"mˈer"@peb	<https://panlex.org/snapshot/panlex-20191001-csv/3975#51727299>				<https://panlex.org/snapshot/panlex-20191001-csv/3975#51727319>		"ʁilʸ=ex-"@tkr	
"xˈaː qˈaː"@peb	<https://panlex.org/snapshot/panlex-20191001-csv/3975#51732479>				<https://panlex.org/snapshot/panlex-20191001-csv/3975#51732497>		"юзги гьаий"@tkr	
"xˈaː qˈaː"@peb	<https://panlex.org/snapshot/panlex-20191001-csv/3975#51732479>				<https://panlex.org/snapshot/panlex-20191001-csv/3975#51732495>		"uzmiš-x-"@tkr	
"xˈaː qˈaː"@peb	<https://panlex.org/snapshot/panlex-20191001-csv/3975#51732479>				<https://panlex.org/snapshot/panlex-20191001-csv/3975#51732496>		"yüzmiš-x-"@tkr	
"ʔˈuy"@peb	<https://panlex.org/snapshot/panlex-20191001-csv/3975#51724117>				<https://panlex.org/snapshot/panlex-20191001-csv/3975#51724137>		"ulʸ"@tkr	
"ʔˈuy"@peb	<https://panlex.org/snapshot/panlex-20191001-csv/3975#51724117>				<https://panlex.org/snapshot/panlex-20191001-csv/3975#51724138>		"улʹ"@tkr	
"ʔˈuy"@peb	<https://panlex.org/snapshot/panlex-20191001-csv/3975#51724117>				<https://panlex.org/snapshot/panlex-20191001-csv/3975#51724136>		"ulʸ"@tkr	
"ʔˈa"@peb	<https://panlex.org/snapshot/panlex-20191001-csv/3975#51726384>				<https://panlex.org/snapshot/panlex-20191001-csv/3975#51726405>		"gač"@tkr	
"ʔˈa"@peb	<https://panlex.org/snapshot/panlex-20191001-csv/3975#51726384>				<https://panlex.org/snapshot/panlex-20191001-csv/3975#51726404>		"gač"@tkr	
"ʔˈa"@peb	<https://panlex.org/snapshot/panlex-20191001-csv/3975#51726384>				<https://panlex.org/snapshot/panlex-20191001-csv/3975#51726406>		"гач"@tkr	
"hˈayu"@peb	<https://panlex.org/snapshot/panlex-20191001-csv/3975#51723055>				<https://panlex.org/snapshot/panlex-20191001-csv/3975#51723076>		"χʷaː"@tkr	
"hˈayu"@peb	<https://panlex.org/snapshot/panlex-20191001-csv/3975#51723055>				<https://panlex.org/snapshot/panlex-20191001-csv/3975#51723077>		"хваа"@tkr	
"hˈayu"@peb	<https://panlex.org/snapshot/panlex-20191001-csv/3975#51723055>				<https://panlex.org/snapshot/panlex-20191001-csv/3975#51723075>		"χʷayä"@tkr	
"buːhˈuš"@peb	<https://panlex.org/snapshot/panlex-20191001-csv/3975#51731618>				<https://panlex.org/snapshot/panlex-20191001-csv/3975#51731637>		"kʼɨlʸi-nʸ"@tkr	
"buːhˈuš"@peb	<https://panlex.org/snapshot/panlex-20191001-csv/3975#51731618>				<https://panlex.org/snapshot/panlex-20191001-csv/3975#51731639>		"кIылин"@tkr	
"buːhˈuš"@peb	<https://panlex.org/snapshot/panlex-20191001-csv/3975#51731618>				<https://panlex.org/snapshot/panlex-20191001-csv/3975#51731638>		"kʼɨlʸɨ-n"@tkr	
"muːšˈaqʼ"@peb	<https://panlex.org/snapshot/panlex-20191001-csv/3975#51721602>				<https://panlex.org/snapshot/panlex-20191001-csv/3975#51721622>		"kʼaːrɨ-n"@tkr	
"muːšˈaqʼ"@peb	<https://panlex.org/snapshot/panlex-20191001-csv/3975#51721602>				<https://panlex.org/snapshot/panlex-20191001-csv/3975#51721623>		"кIарын"@tkr	
"muːšˈaqʼ"@peb	<https://panlex.org/snapshot/panlex-20191001-csv/3975#51721602>				<https://panlex.org/snapshot/panlex-20191001-csv/3975#51721621>		"kʼarɨ-nʸ"@tkr	
"kuːmˈu"@peb	<https://panlex.org/snapshot/panlex-20191001-csv/3975#51720645>				<https://panlex.org/snapshot/panlex-20191001-csv/3975#51720662>		"гыргын"@tkr	
"kuːmˈu"@peb	<https://panlex.org/snapshot/panlex-20191001-csv/3975#51720645>				<https://panlex.org/snapshot/panlex-20191001-csv/3975#51720661>		"gɨrgɨ-n"@tkr	
"kʰiːkˈeː"@peb	<https://panlex.org/snapshot/panlex-20191001-csv/3975#51729908>				<https://panlex.org/snapshot/panlex-20191001-csv/3975#51729927>		"gʸ=eʁu-y"@tkr	
"kʰiːkˈeː"@peb	<https://panlex.org/snapshot/panlex-20191001-csv/3975#51729908>				<https://panlex.org/snapshot/panlex-20191001-csv/3975#51729928>		"gʸ=oːʁiː"@tkr	
"kʰiːkˈeː"@peb	<https://panlex.org/snapshot/panlex-20191001-csv/3975#51729908>				<https://panlex.org/snapshot/panlex-20191001-csv/3975#51729929>		"гёгий"@tkr	
"bˈal"@peb	<https://panlex.org/snapshot/panlex-20191001-csv/3975#51733219>				<https://panlex.org/snapshot/panlex-20191001-csv/3975#51733238>		"miz"@tkr	
"bˈal"@peb	<https://panlex.org/snapshot/panlex-20191001-csv/3975#51733219>				<https://panlex.org/snapshot/panlex-20191001-csv/3975#51733240>		"миз"@tkr	
"bˈal"@peb	<https://panlex.org/snapshot/panlex-20191001-csv/3975#51733219>				<https://panlex.org/snapshot/panlex-20191001-csv/3975#51733239>		"miz"@tkr	
"wˈaː"@peb	<https://panlex.org/snapshot/panlex-20191001-csv/3975#51734352>				<https://panlex.org/snapshot/panlex-20191001-csv/3975#51734384>		"šɨ"@tkr	
"wˈaː"@peb	<https://panlex.org/snapshot/panlex-20191001-csv/3975#51734352>				<https://panlex.org/snapshot/panlex-20191001-csv/3975#51734388>		"йишин"@tkr	
"wˈaː"@peb	<https://panlex.org/snapshot/panlex-20191001-csv/3975#51734352>				<https://panlex.org/snapshot/panlex-20191001-csv/3975#51734387>		"йишын"@tkr	
"wˈaː"@peb	<https://panlex.org/snapshot/panlex-20191001-csv/3975#51734352>				<https://panlex.org/snapshot/panlex-20191001-csv/3975#51734383>		"ši-bi"@tkr	
"wˈaː"@peb	<https://panlex.org/snapshot/panlex-20191001-csv/3975#51734352>				<https://panlex.org/snapshot/panlex-20191001-csv/3975#51734382>		"ši"@tkr	
"wˈaː"@peb	<https://panlex.org/snapshot/panlex-20191001-csv/3975#51734352>				<https://panlex.org/snapshot/panlex-20191001-csv/3975#51734386>		"ши"@tkr	
"wˈaː"@peb	<https://panlex.org/snapshot/panlex-20191001-csv/3975#51734352>				<https://panlex.org/snapshot/panlex-20191001-csv/3975#51734385>		"yiš-ɨn"@tkr	
"biːšˈe"@peb	<https://panlex.org/snapshot/panlex-20191001-csv/3975#51728145>				<https://panlex.org/snapshot/panlex-20191001-csv/3975#51728165>		"čuroy"@tkr	
"biːšˈe"@peb	<https://panlex.org/snapshot/panlex-20191001-csv/3975#51728145>				<https://panlex.org/snapshot/panlex-20191001-csv/3975#51728167>		"чура"@tkr	
"biːšˈe"@peb	<https://panlex.org/snapshot/panlex-20191001-csv/3975#51728145>				<https://panlex.org/snapshot/panlex-20191001-csv/3975#51728166>		"čuru"@tkr	
"qˈaːsoy"@peb	<https://panlex.org/snapshot/panlex-20191001-csv/3975#51731009>				<https://panlex.org/snapshot/panlex-20191001-csv/3975#51731027>		"dʸenʸe"@tkr	
"qˈaːsoy"@peb	<https://panlex.org/snapshot/panlex-20191001-csv/3975#51731009>				<https://panlex.org/snapshot/panlex-20191001-csv/3975#51731028>		"dʸenʸe"@tkr	
"qˈaːsoy"@peb	<https://panlex.org/snapshot/panlex-20191001-csv/3975#51731009>				<https://panlex.org/snapshot/panlex-20191001-csv/3975#51731029>		"тохум"@tkr	
"čʰi"@peb	<https://panlex.org/snapshot/panlex-20191001-csv/3975#51734528>				<https://panlex.org/snapshot/panlex-20191001-csv/3975#51734554>		"žoː"@tkr	
"čʰi"@peb	<https://panlex.org/snapshot/panlex-20191001-csv/3975#51734528>				<https://panlex.org/snapshot/panlex-20191001-csv/3975#51734553>		"hu=žoː"@tkr	
"čʰi"@peb	<https://panlex.org/snapshot/panlex-20191001-csv/3975#51734528>				<https://panlex.org/snapshot/panlex-20191001-csv/3975#51734555>		"гьиджо̄"@tkr	
"čʰi"@peb	<https://panlex.org/snapshot/panlex-20191001-csv/3975#51734528>				<https://panlex.org/snapshot/panlex-20191001-csv/3975#51734551>		"ha=ži-way"@tkr	
"čʰi"@peb	<https://panlex.org/snapshot/panlex-20191001-csv/3975#51734528>				<https://panlex.org/snapshot/panlex-20191001-csv/3975#51734552>		"hi=žoː"@tkr	
"xaːlˈeː"@peb	<https://panlex.org/snapshot/panlex-20191001-csv/3975#51733522>				<https://panlex.org/snapshot/panlex-20191001-csv/3975#51733541>		"yiw"@tkr	
"xaːlˈeː"@peb	<https://panlex.org/snapshot/panlex-20191001-csv/3975#51733522>				<https://panlex.org/snapshot/panlex-20191001-csv/3975#51733543>		"yuw"@tkr	
"xaːlˈeː"@peb	<https://panlex.org/snapshot/panlex-20191001-csv/3975#51733522>				<https://panlex.org/snapshot/panlex-20191001-csv/3975#51733544>		"йив"@tkr	
"xaːlˈeː"@peb	<https://panlex.org/snapshot/panlex-20191001-csv/3975#51733522>				<https://panlex.org/snapshot/panlex-20191001-csv/3975#51733542>		"yɨw"@tkr	
"qaːcʰˈil"@peb	<https://panlex.org/snapshot/panlex-20191001-csv/3975#51722559>				<https://panlex.org/snapshot/panlex-20191001-csv/3975#51722576>		"mɨkʼa-n"@tkr	
"qaːcʰˈil"@peb	<https://panlex.org/snapshot/panlex-20191001-csv/3975#51722559>				<https://panlex.org/snapshot/panlex-20191001-csv/3975#51722575>		"mɨkʼa-nʸ"@tkr	
"qaːcʰˈil"@peb	<https://panlex.org/snapshot/panlex-20191001-csv/3975#51722559>				<https://panlex.org/snapshot/panlex-20191001-csv/3975#51722577>		"мыкIан"@tkr	
"ʔˈuyaxo"@peb	<https://panlex.org/snapshot/panlex-20191001-csv/3975#51732047>				<https://panlex.org/snapshot/panlex-20191001-csv/3975#51732073>		"χˤanʸe"@tkr	
"ʔˈuyaxo"@peb	<https://panlex.org/snapshot/panlex-20191001-csv/3975#51732047>				<https://panlex.org/snapshot/panlex-20191001-csv/3975#51732074>		"хаIне"@tkr	
"ʔˈuyaxo"@peb	<https://panlex.org/snapshot/panlex-20191001-csv/3975#51732047>				<https://panlex.org/snapshot/panlex-20191001-csv/3975#51732072>		"χˤanʸe"@tkr	
"kˈo-kʰ"@peb	<https://panlex.org/snapshot/panlex-20191001-csv/3975#51731904>				<https://panlex.org/snapshot/panlex-20191001-csv/3975#51731920>		"ulʸ=ozar-az"@tkr	
"kˈo-kʰ"@peb	<https://panlex.org/snapshot/panlex-20191001-csv/3975#51731904>				<https://panlex.org/snapshot/panlex-20191001-csv/3975#51731921>		"ulʸ=ozar"@tkr	
"kˈo-kʰ"@peb	<https://panlex.org/snapshot/panlex-20191001-csv/3975#51731904>				<https://panlex.org/snapshot/panlex-20191001-csv/3975#51731922>		"илёйзар-"@tkr	
"qʼˈoː"@peb	<https://panlex.org/snapshot/panlex-20191001-csv/3975#51723219>				<https://panlex.org/snapshot/panlex-20191001-csv/3975#51723242>		"илёдгъий"@tkr	
"qʼˈoː"@peb	<https://panlex.org/snapshot/panlex-20191001-csv/3975#51723219>				<https://panlex.org/snapshot/panlex-20191001-csv/3975#51723240>		"ulʸ=oʁ-"@tkr	
"qʼˈoː"@peb	<https://panlex.org/snapshot/panlex-20191001-csv/3975#51723219>				<https://panlex.org/snapshot/panlex-20191001-csv/3975#51723239>		"ulʸ=oʁ-"@tkr	
"qʼˈoː"@peb	<https://panlex.org/snapshot/panlex-20191001-csv/3975#51723219>				<https://panlex.org/snapshot/panlex-20191001-csv/3975#51723241>		"илёбгъий"@tkr	
"xˈo"@peb	<https://panlex.org/snapshot/panlex-20191001-csv/3975#51734007>				<https://panlex.org/snapshot/panlex-20191001-csv/3975#51734018>		"ʁˤuma-nʸ"@tkr	
"xˈo"@peb	<https://panlex.org/snapshot/panlex-20191001-csv/3975#51734007>				<https://panlex.org/snapshot/panlex-20191001-csv/3975#51734020>		"къуIман"@tkr	
"xˈo"@peb	<https://panlex.org/snapshot/panlex-20191001-csv/3975#51734007>				<https://panlex.org/snapshot/panlex-20191001-csv/3975#51734019>		"ʁˤuma-n"@tkr	
"xˈo"@peb	<https://panlex.org/snapshot/panlex-20191001-csv/3975#51724541>				<https://panlex.org/snapshot/panlex-20191001-csv/3975#51724562>		"цIа"@tkr	
"xˈo"@peb	<https://panlex.org/snapshot/panlex-20191001-csv/3975#51724541>				<https://panlex.org/snapshot/panlex-20191001-csv/3975#51724560>		"cʼa"@tkr	
"xˈo"@peb	<https://panlex.org/snapshot/panlex-20191001-csv/3975#51724541>				<https://panlex.org/snapshot/panlex-20191001-csv/3975#51724561>		"cʼa"@tkr	
"qʼoːdˈiy"@peb	<https://panlex.org/snapshot/panlex-20191001-csv/3975#51725381>				<https://panlex.org/snapshot/panlex-20191001-csv/3975#51725399>		"югунʹ"@tkr	
"qʼoːdˈiy"@peb	<https://panlex.org/snapshot/panlex-20191001-csv/3975#51725381>				<https://panlex.org/snapshot/panlex-20191001-csv/3975#51725401>		"югун"@tkr	
"qʼoːdˈiy"@peb	<https://panlex.org/snapshot/panlex-20191001-csv/3975#51725381>				<https://panlex.org/snapshot/panlex-20191001-csv/3975#51725400>		"yugu-n"@tkr	
"saːmˈaːy"@peb	<https://panlex.org/snapshot/panlex-20191001-csv/3975#51726253>				<https://panlex.org/snapshot/panlex-20191001-csv/3975#51726275>		"йикI"@tkr	
"saːmˈaːy"@peb	<https://panlex.org/snapshot/panlex-20191001-csv/3975#51726253>				<https://panlex.org/snapshot/panlex-20191001-csv/3975#51726273>		"yikʼʸ"@tkr	
"saːmˈaːy"@peb	<https://panlex.org/snapshot/panlex-20191001-csv/3975#51726253>				<https://panlex.org/snapshot/panlex-20191001-csv/3975#51726274>		"yikʼʸ"@tkr	
"kˈaː"@peb	<https://panlex.org/snapshot/panlex-20191001-csv/3975#51731167>				<https://panlex.org/snapshot/panlex-20191001-csv/3975#51731186>		"gʸ=iʔor-"@tkr	
"kˈaː"@peb	<https://panlex.org/snapshot/panlex-20191001-csv/3975#51731167>				<https://panlex.org/snapshot/panlex-20191001-csv/3975#51731188>		"gʸ=uʔor"@tkr	
"kˈaː"@peb	<https://panlex.org/snapshot/panlex-20191001-csv/3975#51731167>				<https://panlex.org/snapshot/panlex-20191001-csv/3975#51731189>		"гюъарас"@tkr	
"kˈaː"@peb	<https://panlex.org/snapshot/panlex-20191001-csv/3975#51731167>				<https://panlex.org/snapshot/panlex-20191001-csv/3975#51731187>		"gʸ=iyar"@tkr	
"siːtʼˈal"@peb	<https://panlex.org/snapshot/panlex-20191001-csv/3975#51727148>				<https://panlex.org/snapshot/panlex-20191001-csv/3975#51727169>		"tʼʸelʸe"@tkr	
"siːtʼˈal"@peb	<https://panlex.org/snapshot/panlex-20191001-csv/3975#51727148>				<https://panlex.org/snapshot/panlex-20191001-csv/3975#51727170>		"тIеле"@tkr	
"siːtʼˈal"@peb	<https://panlex.org/snapshot/panlex-20191001-csv/3975#51727148>				<https://panlex.org/snapshot/panlex-20191001-csv/3975#51727168>		"tʼʸelʸe"@tkr	
"t̪ʰiːbˈal"@peb	<https://panlex.org/snapshot/panlex-20191001-csv/3975#51735504>				<https://panlex.org/snapshot/panlex-20191001-csv/3975#51735524>		"dʸolʸe-s-"@tkr	
"t̪ʰiːbˈal"@peb	<https://panlex.org/snapshot/panlex-20191001-csv/3975#51735504>				<https://panlex.org/snapshot/panlex-20191001-csv/3975#51735525>		"dʸelʸe-s"@tkr	
"t̪ʰiːbˈal"@peb	<https://panlex.org/snapshot/panlex-20191001-csv/3975#51735504>				<https://panlex.org/snapshot/panlex-20191001-csv/3975#51735526>		"дёлес-на"@tkr	
"pˈeːt̪ʰ"@peb	<https://panlex.org/snapshot/panlex-20191001-csv/3975#51736046>				<https://panlex.org/snapshot/panlex-20191001-csv/3975#51736065>		"kʼɨˤwa-n"@tkr	
"pˈeːt̪ʰ"@peb	<https://panlex.org/snapshot/panlex-20191001-csv/3975#51736046>				<https://panlex.org/snapshot/panlex-20191001-csv/3975#51736064>		"hɨkːa-nʸ"@tkr	
"pˈeːt̪ʰ"@peb	<https://panlex.org/snapshot/panlex-20191001-csv/3975#51736046>				<https://panlex.org/snapshot/panlex-20191001-csv/3975#51736069>		"гьыIккен"@tkr	
"pˈeːt̪ʰ"@peb	<https://panlex.org/snapshot/panlex-20191001-csv/3975#51736046>				<https://panlex.org/snapshot/panlex-20191001-csv/3975#51736067>		"кIыIван"@tkr	
"pˈeːt̪ʰ"@peb	<https://panlex.org/snapshot/panlex-20191001-csv/3975#51736046>				<https://panlex.org/snapshot/panlex-20191001-csv/3975#51736068>		"кIиIван"@tkr	
"pˈeːt̪ʰ"@peb	<https://panlex.org/snapshot/panlex-20191001-csv/3975#51736046>				<https://panlex.org/snapshot/panlex-20191001-csv/3975#51736063>		"qʼˤɨwa-nʸ"@tkr	
"pˈeːt̪ʰ"@peb	<https://panlex.org/snapshot/panlex-20191001-csv/3975#51736046>				<https://panlex.org/snapshot/panlex-20191001-csv/3975#51736066>		"hɨˤkːʸe-n"@tkr	
"rˈikʰ"@peb	<https://panlex.org/snapshot/panlex-20191001-csv/3975#51722304>				<https://panlex.org/snapshot/panlex-20191001-csv/3975#51722325>		"xɨbɨna"@tkr	
"rˈikʰ"@peb	<https://panlex.org/snapshot/panlex-20191001-csv/3975#51722304>				<https://panlex.org/snapshot/panlex-20191001-csv/3975#51722327>		"хьубана"@tkr	
"rˈikʰ"@peb	<https://panlex.org/snapshot/panlex-20191001-csv/3975#51722304>				<https://panlex.org/snapshot/panlex-20191001-csv/3975#51722326>		"xɨwna"@tkr	
"yaːʔˈo"@peb	<https://panlex.org/snapshot/panlex-20191001-csv/3975#51733374>				<https://panlex.org/snapshot/panlex-20191001-csv/3975#51733392>		"sʸilʸi"@tkr	
"yaːʔˈo"@peb	<https://panlex.org/snapshot/panlex-20191001-csv/3975#51733374>				<https://panlex.org/snapshot/panlex-20191001-csv/3975#51733393>		"sʸilʸi"@tkr	
"yaːʔˈo"@peb	<https://panlex.org/snapshot/panlex-20191001-csv/3975#51733374>				<https://panlex.org/snapshot/panlex-20191001-csv/3975#51733394>		"сили"@tkr	
"kʰaːl̥ˈal"@peb	<https://panlex.org/snapshot/panlex-20191001-csv/3975#51727442>				<https://panlex.org/snapshot/panlex-20191001-csv/3975#51727463>		"кIылʹкIам"@tkr	
"kʰaːl̥ˈal"@peb	<https://panlex.org/snapshot/panlex-20191001-csv/3975#51727442>				<https://panlex.org/snapshot/panlex-20191001-csv/3975#51727461>		"qʼalqʼam"@tkr	
"kʰaːl̥ˈal"@peb	<https://panlex.org/snapshot/panlex-20191001-csv/3975#51727442>				<https://panlex.org/snapshot/panlex-20191001-csv/3975#51727462>		"kʼɨlʸkʼam"@tkr	
"kʰeːʔˈeː"@peb	<https://panlex.org/snapshot/panlex-20191001-csv/3975#51735639>				<https://panlex.org/snapshot/panlex-20191001-csv/3975#51735660>		"qʼew"@tkr	
"kʰeːʔˈeː"@peb	<https://panlex.org/snapshot/panlex-20191001-csv/3975#51735639>				<https://panlex.org/snapshot/panlex-20191001-csv/3975#51735659>		"qʼew"@tkr	
"kʰeːʔˈeː"@peb	<https://panlex.org/snapshot/panlex-20191001-csv/3975#51735639>				<https://panlex.org/snapshot/panlex-20191001-csv/3975#51735661>		"кьев"@tkr	
"šˈaːkʼ"@peb	<https://panlex.org/snapshot/panlex-20191001-csv/3975#51726723>				<https://panlex.org/snapshot/panlex-20191001-csv/3975#51726743>		"гʹикIас"@tkr	
"šˈaːkʼ"@peb	<https://panlex.org/snapshot/panlex-20191001-csv/3975#51726723>				<https://panlex.org/snapshot/panlex-20191001-csv/3975#51726740>		"гʹикIаз"@tkr	
"šˈaːkʼ"@peb	<https://panlex.org/snapshot/panlex-20191001-csv/3975#51726723>				<https://panlex.org/snapshot/panlex-20191001-csv/3975#51726742>		"gʸ=ikʼ-"@tkr	
"šˈaːkʼ"@peb	<https://panlex.org/snapshot/panlex-20191001-csv/3975#51726723>				<https://panlex.org/snapshot/panlex-20191001-csv/3975#51726741>		"гикIаз"@tkr	
"yeːʔˈel"@peb	<https://panlex.org/snapshot/panlex-20191001-csv/3975#51722024>				<https://panlex.org/snapshot/panlex-20191001-csv/3975#51722044>		"koksɨ"@tkr	
"yeːʔˈel"@peb	<https://panlex.org/snapshot/panlex-20191001-csv/3975#51722024>				<https://panlex.org/snapshot/panlex-20191001-csv/3975#51722045>		"кокси"@tkr	
"yeːʔˈel"@peb	<https://panlex.org/snapshot/panlex-20191001-csv/3975#51722024>				<https://panlex.org/snapshot/panlex-20191001-csv/3975#51722043>		"koksɨ"@tkr	
"cʼiːyˈa"@peb	<https://panlex.org/snapshot/panlex-20191001-csv/3975#51721330>				<https://panlex.org/snapshot/panlex-20191001-csv/3975#51721350>		"шитIʹ"@tkr	
"cʼiːyˈa"@peb	<https://panlex.org/snapshot/panlex-20191001-csv/3975#51721330>				<https://panlex.org/snapshot/panlex-20191001-csv/3975#51721348>		"qːuš"@tkr	
"cʼiːyˈa"@peb	<https://panlex.org/snapshot/panlex-20191001-csv/3975#51721330>				<https://panlex.org/snapshot/panlex-20191001-csv/3975#51721349>		"qːuš"@tkr	
"šaː=tʼˈoː"@peb	<https://panlex.org/snapshot/panlex-20191001-csv/3975#51722166>				<https://panlex.org/snapshot/panlex-20191001-csv/3975#51722185>		"gʸ=oxːan-aʔ-"@tkr	
"šaː=tʼˈoː"@peb	<https://panlex.org/snapshot/panlex-20191001-csv/3975#51722166>				<https://panlex.org/snapshot/panlex-20191001-csv/3975#51722184>		"гёххьан-аъ-"@tkr	
"šaː=tʼˈoː"@peb	<https://panlex.org/snapshot/panlex-20191001-csv/3975#51722166>				<https://panlex.org/snapshot/panlex-20191001-csv/3975#51722186>		"гёххьан-аъ-ас"@tkr	
"šaː=tʼˈoː"@peb	<https://panlex.org/snapshot/panlex-20191001-csv/3975#51722166>				<https://panlex.org/snapshot/panlex-20191001-csv/3975#51722187>		"гёйхьван-ейъ-ас"@tkr	
"xaːlˈikʰ"@peb	<https://panlex.org/snapshot/panlex-20191001-csv/3975#51735361>				<https://panlex.org/snapshot/panlex-20191001-csv/3975#51735380>		"йиIкьын"@tkr	
"xaːlˈikʰ"@peb	<https://panlex.org/snapshot/panlex-20191001-csv/3975#51735361>				<https://panlex.org/snapshot/panlex-20191001-csv/3975#51735379>		"yɨqʼˤɨ-n"@tkr	
"xaːlˈikʰ"@peb	<https://panlex.org/snapshot/panlex-20191001-csv/3975#51735361>				<https://panlex.org/snapshot/panlex-20191001-csv/3975#51735378>		"yɨqʼˤɨ-nʸ"@tkr	
"xaːlˈikʰ"@peb	<https://panlex.org/snapshot/panlex-20191001-csv/3975#51735361>				<https://panlex.org/snapshot/panlex-20191001-csv/3975#51735381>		"йыIкьын"@tkr	
"kiːyˈaː"@peb	<https://panlex.org/snapshot/panlex-20191001-csv/3975#51734800>				<https://panlex.org/snapshot/panlex-20191001-csv/3975#51734829>		"гьащу"@tkr	
"kiːyˈaː"@peb	<https://panlex.org/snapshot/panlex-20191001-csv/3975#51734800>				<https://panlex.org/snapshot/panlex-20191001-csv/3975#51734827>		"hu=šːiː"@tkr	
"kiːyˈaː"@peb	<https://panlex.org/snapshot/panlex-20191001-csv/3975#51734800>				<https://panlex.org/snapshot/panlex-20191001-csv/3975#51734828>		"ha=šːu"@tkr	
"kiːyˈaː"@peb	<https://panlex.org/snapshot/panlex-20191001-csv/3975#51734800>				<https://panlex.org/snapshot/panlex-20191001-csv/3975#51734826>		"ha=šːu"@tkr	
"qaːlˈutʼuːdˌukʰ"@peb	<https://panlex.org/snapshot/panlex-20191001-csv/3975#51735920>				<https://panlex.org/snapshot/panlex-20191001-csv/3975#51735935>		"χočä"@tkr	
"qaːlˈutʼuːdˌukʰ"@peb	<https://panlex.org/snapshot/panlex-20191001-csv/3975#51735920>				<https://panlex.org/snapshot/panlex-20191001-csv/3975#51735936>		"χoče"@tkr	
"qaːlˈutʼuːdˌukʰ"@peb	<https://panlex.org/snapshot/panlex-20191001-csv/3975#51735920>				<https://panlex.org/snapshot/panlex-20191001-csv/3975#51735937>		"хоче"@tkr	
