"yg"@tpw	<https://panlex.org/snapshot/panlex-20191001-csv/12#851207>				<https://panlex.org/snapshot/panlex-20191001-csv/12#851121>		"unu"@qu	
"yg"@tpw	<https://panlex.org/snapshot/panlex-20191001-csv/12#851207>				<https://panlex.org/snapshot/panlex-20191001-csv/12#851122>		"yaku"@qu	
"y"@tpw	<https://panlex.org/snapshot/panlex-20191001-csv/12#851206>				<https://panlex.org/snapshot/panlex-20191001-csv/12#851121>		"unu"@qu	
"y"@tpw	<https://panlex.org/snapshot/panlex-20191001-csv/12#851206>				<https://panlex.org/snapshot/panlex-20191001-csv/12#851122>		"yaku"@qu	
"ygua"@tpw	<https://panlex.org/snapshot/panlex-20191001-csv/12#851208>				<https://panlex.org/snapshot/panlex-20191001-csv/12#851121>		"unu"@qu	
"ygua"@tpw	<https://panlex.org/snapshot/panlex-20191001-csv/12#851208>				<https://panlex.org/snapshot/panlex-20191001-csv/12#851122>		"yaku"@qu	
