"beka-"@pwg	<https://panlex.org/snapshot/panlex-20191001-csv/114#8057599>				<https://panlex.org/snapshot/panlex-20191001-csv/114#8057348>		"yukh"@eno	
"katekate-"@pwg	<https://panlex.org/snapshot/panlex-20191001-csv/114#8060135>				<https://panlex.org/snapshot/panlex-20191001-csv/114#8059894>		"baham"@eno	
"katekate-"@pwg	<https://panlex.org/snapshot/panlex-20191001-csv/114#8060135>				<https://panlex.org/snapshot/panlex-20191001-csv/114#8059895>		"kita"@eno	
"ia-m ke-tawetawe"@pwg	<https://panlex.org/snapshot/panlex-20191001-csv/114#8065879>				<https://panlex.org/snapshot/panlex-20191001-csv/114#8065660>		"hapʼaʔ"@eno	
"kevinama"@pwg	<https://panlex.org/snapshot/panlex-20191001-csv/114#8068492>				<https://panlex.org/snapshot/panlex-20191001-csv/114#8068231>		"kekah"@eno	
"tuiri-"@pwg	<https://panlex.org/snapshot/panlex-20191001-csv/114#8059175>				<https://panlex.org/snapshot/panlex-20191001-csv/114#8058928>		"ɛa"@eno	
"kamokamo-"@pwg	<https://panlex.org/snapshot/panlex-20191001-csv/114#8058650>				<https://panlex.org/snapshot/panlex-20191001-csv/114#8058370>		"kita"@eno	
