"takuq"@sxn	<https://panlex.org/snapshot/panlex-20191001-csv/114#8062784>				<https://panlex.org/snapshot/panlex-20191001-csv/114#8062829>		"ulikkanen"@tvk	
"tiang"@sxn	<https://panlex.org/snapshot/panlex-20191001-csv/114#8058715>				<https://panlex.org/snapshot/panlex-20191001-csv/114#8058770>		"vaŋɛ"@tvk	
"kotorɨq"@sxn	<https://panlex.org/snapshot/panlex-20191001-csv/114#8056684>				<https://panlex.org/snapshot/panlex-20191001-csv/114#8056739>		"mʊmuu"@tvk	
"kotorɨq"@sxn	<https://panlex.org/snapshot/panlex-20191001-csv/114#8056684>				<https://panlex.org/snapshot/panlex-20191001-csv/114#8056740>		"purunɪ"@tvk	
"koaneng"@sxn	<https://panlex.org/snapshot/panlex-20191001-csv/114#8053018>				<https://panlex.org/snapshot/panlex-20191001-csv/114#8053066>		"mætu"@tvk	
"dila"@sxn	<https://panlex.org/snapshot/panlex-20191001-csv/114#8068015>				<https://panlex.org/snapshot/panlex-20191001-csv/114#8068066>		"me"@tvk	
"bɨmbang"@sxn	<https://panlex.org/snapshot/panlex-20191001-csv/114#8061256>				<https://panlex.org/snapshot/panlex-20191001-csv/114#8061300>		"vatuvu"@tvk	
"tinɤna"@sxn	<https://panlex.org/snapshot/panlex-20191001-csv/114#8062280>				<https://panlex.org/snapshot/panlex-20191001-csv/114#8062319>		"nɛnemi"@tvk	
"siŋkaʔ"@sxn	<https://panlex.org/snapshot/panlex-20191001-csv/114#8061800>				<https://panlex.org/snapshot/panlex-20191001-csv/114#8061856>		"kila"@tvk	
"lima"@sxn	<https://panlex.org/snapshot/panlex-20191001-csv/114#8052077>				<https://panlex.org/snapshot/panlex-20191001-csv/114#8052133>		"he"@tvk	
