"lilik"@gfk	<https://panlex.org/snapshot/panlex-20191001-csv/114#8062013>				<https://panlex.org/snapshot/panlex-20191001-csv/114#8061986>		"sanɨŋ"@cjm	
"singnane"@gfk	<https://panlex.org/snapshot/panlex-20191001-csv/114#8066116>				<https://panlex.org/snapshot/panlex-20191001-csv/114#8066086>		"hañah"@cjm	
"minonas"@gfk	<https://panlex.org/snapshot/panlex-20191001-csv/114#8061479>				<https://panlex.org/snapshot/panlex-20191001-csv/114#8061438>		"tathuw"@cjm	
"ngarngar"@gfk	<https://panlex.org/snapshot/panlex-20191001-csv/114#8065158>				<https://panlex.org/snapshot/panlex-20191001-csv/114#8065115>		"ʔbauk"@cjm	
"karane"@gfk	<https://panlex.org/snapshot/panlex-20191001-csv/114#8067720>				<https://panlex.org/snapshot/panlex-20191001-csv/114#8067683>		"dalah"@cjm	
"kabus"@gfk	<https://panlex.org/snapshot/panlex-20191001-csv/114#8056884>				<https://panlex.org/snapshot/panlex-20191001-csv/114#8056856>		"dhur"@cjm	
"gap"@gfk	<https://panlex.org/snapshot/panlex-20191001-csv/114#8062991>				<https://panlex.org/snapshot/panlex-20191001-csv/114#8062953>		"darah"@cjm	
"palina"@gfk	<https://panlex.org/snapshot/panlex-20191001-csv/114#8057362>				<https://panlex.org/snapshot/panlex-20191001-csv/114#8057324>		"kalik"@cjm	
