"tah"@gfk	<https://panlex.org/snapshot/panlex-20191001-csv/12#850927>				<https://panlex.org/snapshot/panlex-20191001-csv/12#850835>		"ñio"@aua	
"ngarngar"@gfk	<https://panlex.org/snapshot/panlex-20191001-csv/114#8065158>				<https://panlex.org/snapshot/panlex-20191001-csv/114#8065058>		"nombouño eŋge"@aua	
"karane"@gfk	<https://panlex.org/snapshot/panlex-20191001-csv/114#8067720>				<https://panlex.org/snapshot/panlex-20191001-csv/114#8067629>		"mame-ŋge"@aua	
"kabus"@gfk	<https://panlex.org/snapshot/panlex-20191001-csv/114#8056884>				<https://panlex.org/snapshot/panlex-20191001-csv/114#8056807>		"talumuso"@aua	
"gap"@gfk	<https://panlex.org/snapshot/panlex-20191001-csv/114#8062991>				<https://panlex.org/snapshot/panlex-20191001-csv/114#8062897>		"nambio"@aua	
"palina"@gfk	<https://panlex.org/snapshot/panlex-20191001-csv/114#8057362>				<https://panlex.org/snapshot/panlex-20191001-csv/114#8057267>		"noko-ŋge"@aua	
