"qiyong"@gad	<https://panlex.org/snapshot/panlex-20191001-csv/114#8065153>				<https://panlex.org/snapshot/panlex-20191001-csv/114#8065215>		"iʁuŋ"@kge	
"mɨllakad"@gad	<https://panlex.org/snapshot/panlex-20191001-csv/114#8053807>				<https://panlex.org/snapshot/panlex-20191001-csv/114#8053884>		"lapah"@kge	
"daqlun"@gad	<https://panlex.org/snapshot/panlex-20191001-csv/114#8066112>				<https://panlex.org/snapshot/panlex-20191001-csv/114#8066173>		"sium"@kge	
"dapping"@gad	<https://panlex.org/snapshot/panlex-20191001-csv/114#8056378>				<https://panlex.org/snapshot/panlex-20191001-csv/114#8056449>		"kutuʁ"@kge	
"qabok"@gad	<https://panlex.org/snapshot/panlex-20191001-csv/114#8064603>				<https://panlex.org/snapshot/panlex-20191001-csv/114#8064664>		"buọʔ"@kge	
"mɨttangit"@gad	<https://panlex.org/snapshot/panlex-20191001-csv/114#8068771>				<https://panlex.org/snapshot/panlex-20191001-csv/114#8068836>		"miwaŋ"@kge	
"buqlaw"@gad	<https://panlex.org/snapshot/panlex-20191001-csv/114#8064066>				<https://panlex.org/snapshot/panlex-20191001-csv/114#8064128>		"galah"@kge	
"tulang"@gad	<https://panlex.org/snapshot/panlex-20191001-csv/114#8058937>				<https://panlex.org/snapshot/panlex-20191001-csv/114#8058996>		"tuhlạn"@kge	
"langalay"@gad	<https://panlex.org/snapshot/panlex-20191001-csv/114#8051745>				<https://panlex.org/snapshot/panlex-20191001-csv/114#8051810>		"puŋu"@kge	
"qammo"@gad	<https://panlex.org/snapshot/panlex-20191001-csv/114#8061474>				<https://panlex.org/snapshot/panlex-20191001-csv/114#8061546>		"panday"@kge	
"qulu"@gad	<https://panlex.org/snapshot/panlex-20191001-csv/114#8063524>				<https://panlex.org/snapshot/panlex-20191001-csv/114#8063580>		"hulu"@kge	
