"qiyong"@gad	<https://panlex.org/snapshot/panlex-20191001-csv/114#8065153>				<https://panlex.org/snapshot/panlex-20191001-csv/114#8065289>		"boΩiye"@map	
"qiyong"@gad	<https://panlex.org/snapshot/panlex-20191001-csv/114#8065153>				<https://panlex.org/snapshot/panlex-20191001-csv/114#8065281>		"keru"@map	
"qiyong"@gad	<https://panlex.org/snapshot/panlex-20191001-csv/114#8065153>				<https://panlex.org/snapshot/panlex-20191001-csv/114#8065287>		"ŋudu"@map	
"qiyong"@gad	<https://panlex.org/snapshot/panlex-20191001-csv/114#8065153>				<https://panlex.org/snapshot/panlex-20191001-csv/114#8065279>		"*pwauSu"@map	
"qiyong"@gad	<https://panlex.org/snapshot/panlex-20191001-csv/114#8065153>				<https://panlex.org/snapshot/panlex-20191001-csv/114#8065280>		"*qiluŋ"@map	
"qiyong"@gad	<https://panlex.org/snapshot/panlex-20191001-csv/114#8065153>				<https://panlex.org/snapshot/panlex-20191001-csv/114#8065282>		"kòru"@map	
"qiyong"@gad	<https://panlex.org/snapshot/panlex-20191001-csv/114#8065153>				<https://panlex.org/snapshot/panlex-20191001-csv/114#8065286>		"neaŋkunhu-"@map	
"qiyong"@gad	<https://panlex.org/snapshot/panlex-20191001-csv/114#8065153>				<https://panlex.org/snapshot/panlex-20191001-csv/114#8065284>		"kəsən"@map	
"qiyong"@gad	<https://panlex.org/snapshot/panlex-20191001-csv/114#8065153>				<https://panlex.org/snapshot/panlex-20191001-csv/114#8065285>		"koso-"@map	
"qiyong"@gad	<https://panlex.org/snapshot/panlex-20191001-csv/114#8065153>				<https://panlex.org/snapshot/panlex-20191001-csv/114#8065283>		"nukuns-"@map	
"qiyong"@gad	<https://panlex.org/snapshot/panlex-20191001-csv/114#8065153>				<https://panlex.org/snapshot/panlex-20191001-csv/114#8065278>		"*mujiŋ"@map	
"qiyong"@gad	<https://panlex.org/snapshot/panlex-20191001-csv/114#8065153>				<https://panlex.org/snapshot/panlex-20191001-csv/114#8065288>		"boΩi"@map	
"mɨllakad"@gad	<https://panlex.org/snapshot/panlex-20191001-csv/114#8053807>				<https://panlex.org/snapshot/panlex-20191001-csv/114#8053952>		"salako"@map	
"mɨllakad"@gad	<https://panlex.org/snapshot/panlex-20191001-csv/114#8053807>				<https://panlex.org/snapshot/panlex-20191001-csv/114#8053956>		"yas"@map	
"mɨllakad"@gad	<https://panlex.org/snapshot/panlex-20191001-csv/114#8053807>				<https://panlex.org/snapshot/panlex-20191001-csv/114#8053948>		"Nakaw"@map	
"mɨllakad"@gad	<https://panlex.org/snapshot/panlex-20191001-csv/114#8053807>				<https://panlex.org/snapshot/panlex-20191001-csv/114#8053962>		"ŋator"@map	
"mɨllakad"@gad	<https://panlex.org/snapshot/panlex-20191001-csv/114#8053807>				<https://panlex.org/snapshot/panlex-20191001-csv/114#8053955>		"-tor"@map	
"mɨllakad"@gad	<https://panlex.org/snapshot/panlex-20191001-csv/114#8053807>				<https://panlex.org/snapshot/panlex-20191001-csv/114#8053953>		"kako-da"@map	
"mɨllakad"@gad	<https://panlex.org/snapshot/panlex-20191001-csv/114#8053807>				<https://panlex.org/snapshot/panlex-20191001-csv/114#8053961>		"-tor"@map	
"mɨllakad"@gad	<https://panlex.org/snapshot/panlex-20191001-csv/114#8053807>				<https://panlex.org/snapshot/panlex-20191001-csv/114#8053959>		"loŋ"@map	
"mɨllakad"@gad	<https://panlex.org/snapshot/panlex-20191001-csv/114#8053807>				<https://panlex.org/snapshot/panlex-20191001-csv/114#8053954>		"-la"@map	
"mɨllakad"@gad	<https://panlex.org/snapshot/panlex-20191001-csv/114#8053807>				<https://panlex.org/snapshot/panlex-20191001-csv/114#8053958>		"tele"@map	
"mɨllakad"@gad	<https://panlex.org/snapshot/panlex-20191001-csv/114#8053807>				<https://panlex.org/snapshot/panlex-20191001-csv/114#8053960>		"-tol"@map	
"mɨllakad"@gad	<https://panlex.org/snapshot/panlex-20191001-csv/114#8053807>				<https://panlex.org/snapshot/panlex-20191001-csv/114#8053951>		"*t[m]anaʼ"@map	
"mɨllakad"@gad	<https://panlex.org/snapshot/panlex-20191001-csv/114#8053807>				<https://panlex.org/snapshot/panlex-20191001-csv/114#8053950>		"*[m]qaguw"@map	
"mɨllakad"@gad	<https://panlex.org/snapshot/panlex-20191001-csv/114#8053807>				<https://panlex.org/snapshot/panlex-20191001-csv/114#8053963>		"loŋga"@map	
"mɨllakad"@gad	<https://panlex.org/snapshot/panlex-20191001-csv/114#8053807>				<https://panlex.org/snapshot/panlex-20191001-csv/114#8053949>		"*faSale"@map	
"mɨllakad"@gad	<https://panlex.org/snapshot/panlex-20191001-csv/114#8053807>				<https://panlex.org/snapshot/panlex-20191001-csv/114#8053957>		"ling"@map	
"daqlun"@gad	<https://panlex.org/snapshot/panlex-20191001-csv/114#8066112>				<https://panlex.org/snapshot/panlex-20191001-csv/114#8066238>		"ŋaraŋarmpon"@map	
"daqlun"@gad	<https://panlex.org/snapshot/panlex-20191001-csv/114#8066112>				<https://panlex.org/snapshot/panlex-20191001-csv/114#8066235>		"na-bau"@map	
"daqlun"@gad	<https://panlex.org/snapshot/panlex-20191001-csv/114#8066112>				<https://panlex.org/snapshot/panlex-20191001-csv/114#8066233>		"*[m]quŋɨp"@map	
"daqlun"@gad	<https://panlex.org/snapshot/panlex-20191001-csv/114#8066112>				<https://panlex.org/snapshot/panlex-20191001-csv/114#8066234>		"hangudu"@map	
"daqlun"@gad	<https://panlex.org/snapshot/panlex-20191001-csv/114#8066112>				<https://panlex.org/snapshot/panlex-20191001-csv/114#8066241>		"nae"@map	
"daqlun"@gad	<https://panlex.org/snapshot/panlex-20191001-csv/114#8066112>				<https://panlex.org/snapshot/panlex-20191001-csv/114#8066237>		"pon|əse"@map	
"daqlun"@gad	<https://panlex.org/snapshot/panlex-20191001-csv/114#8066112>				<https://panlex.org/snapshot/panlex-20191001-csv/114#8066231>		"*Sajek"@map	
"daqlun"@gad	<https://panlex.org/snapshot/panlex-20191001-csv/114#8066112>				<https://panlex.org/snapshot/panlex-20191001-csv/114#8066232>		"*saŋu"@map	
"daqlun"@gad	<https://panlex.org/snapshot/panlex-20191001-csv/114#8066112>				<https://panlex.org/snapshot/panlex-20191001-csv/114#8066239>		"-wen"@map	
"daqlun"@gad	<https://panlex.org/snapshot/panlex-20191001-csv/114#8066112>				<https://panlex.org/snapshot/panlex-20191001-csv/114#8066242>		"nai"@map	
"daqlun"@gad	<https://panlex.org/snapshot/panlex-20191001-csv/114#8066112>				<https://panlex.org/snapshot/panlex-20191001-csv/114#8066236>		"səsərip"@map	
"daqlun"@gad	<https://panlex.org/snapshot/panlex-20191001-csv/114#8066112>				<https://panlex.org/snapshot/panlex-20191001-csv/114#8066240>		"-wen -loŋ"@map	
"dapping"@gad	<https://panlex.org/snapshot/panlex-20191001-csv/114#8056378>				<https://panlex.org/snapshot/panlex-20191001-csv/114#8056509>		"mytmyt"@map	
"dapping"@gad	<https://panlex.org/snapshot/panlex-20191001-csv/114#8056378>				<https://panlex.org/snapshot/panlex-20191001-csv/114#8056508>		"soksok"@map	
"dapping"@gad	<https://panlex.org/snapshot/panlex-20191001-csv/114#8056378>				<https://panlex.org/snapshot/panlex-20191001-csv/114#8056505>		"iraka"@map	
"dapping"@gad	<https://panlex.org/snapshot/panlex-20191001-csv/114#8056378>				<https://panlex.org/snapshot/panlex-20191001-csv/114#8056510>		"nun"@map	
"dapping"@gad	<https://panlex.org/snapshot/panlex-20191001-csv/114#8056378>				<https://panlex.org/snapshot/panlex-20191001-csv/114#8056506>		"marisaka"@map	
"dapping"@gad	<https://panlex.org/snapshot/panlex-20191001-csv/114#8056378>				<https://panlex.org/snapshot/panlex-20191001-csv/114#8056511>		"sinog a-"@map	
"dapping"@gad	<https://panlex.org/snapshot/panlex-20191001-csv/114#8056378>				<https://panlex.org/snapshot/panlex-20191001-csv/114#8056504>		"*mgagsik"@map	
"dapping"@gad	<https://panlex.org/snapshot/panlex-20191001-csv/114#8056378>				<https://panlex.org/snapshot/panlex-20191001-csv/114#8056512>		"mbiɣə"@map	
"dapping"@gad	<https://panlex.org/snapshot/panlex-20191001-csv/114#8056378>				<https://panlex.org/snapshot/panlex-20191001-csv/114#8056507>		"ninit"@map	
"qabok"@gad	<https://panlex.org/snapshot/panlex-20191001-csv/114#8064603>				<https://panlex.org/snapshot/panlex-20191001-csv/114#8064723>		"*una-fi"@map	
"qabok"@gad	<https://panlex.org/snapshot/panlex-20191001-csv/114#8064603>				<https://panlex.org/snapshot/panlex-20191001-csv/114#8064722>		"*una"@map	
"qabok"@gad	<https://panlex.org/snapshot/panlex-20191001-csv/114#8064603>				<https://panlex.org/snapshot/panlex-20191001-csv/114#8064727>		"logi"@map	
"qabok"@gad	<https://panlex.org/snapshot/panlex-20191001-csv/114#8064603>				<https://panlex.org/snapshot/panlex-20191001-csv/114#8064721>		"*bukeS"@map	
"qabok"@gad	<https://panlex.org/snapshot/panlex-20191001-csv/114#8064603>				<https://panlex.org/snapshot/panlex-20191001-csv/114#8064724>		"*unauna"@map	
"qabok"@gad	<https://panlex.org/snapshot/panlex-20191001-csv/114#8064603>				<https://panlex.org/snapshot/panlex-20191001-csv/114#8064730>		"nesivule-"@map	
"qabok"@gad	<https://panlex.org/snapshot/panlex-20191001-csv/114#8064603>				<https://panlex.org/snapshot/panlex-20191001-csv/114#8064733>		"umbalə"@map	
"qabok"@gad	<https://panlex.org/snapshot/panlex-20191001-csv/114#8064603>				<https://panlex.org/snapshot/panlex-20191001-csv/114#8064729>		"vɨlo-"@map	
"qabok"@gad	<https://panlex.org/snapshot/panlex-20191001-csv/114#8064603>				<https://panlex.org/snapshot/panlex-20191001-csv/114#8064728>		"nil pətin"@map	
"qabok"@gad	<https://panlex.org/snapshot/panlex-20191001-csv/114#8064603>				<https://panlex.org/snapshot/panlex-20191001-csv/114#8064725>		"*wɨk"@map	
"qabok"@gad	<https://panlex.org/snapshot/panlex-20191001-csv/114#8064603>				<https://panlex.org/snapshot/panlex-20191001-csv/114#8064732>		"umbaliye"@map	
"qabok"@gad	<https://panlex.org/snapshot/panlex-20191001-csv/114#8064603>				<https://panlex.org/snapshot/panlex-20191001-csv/114#8064726>		"lúgi-da"@map	
"qabok"@gad	<https://panlex.org/snapshot/panlex-20191001-csv/114#8064603>				<https://panlex.org/snapshot/panlex-20191001-csv/114#8064731>		"gurma-rou-k"@map	
"buqlaw"@gad	<https://panlex.org/snapshot/panlex-20191001-csv/114#8064066>				<https://panlex.org/snapshot/panlex-20191001-csv/114#8064195>		"buro-"@map	
"buqlaw"@gad	<https://panlex.org/snapshot/panlex-20191001-csv/114#8064066>				<https://panlex.org/snapshot/panlex-20191001-csv/114#8064191>		"potaɣ|dəlin"@map	
"buqlaw"@gad	<https://panlex.org/snapshot/panlex-20191001-csv/114#8064066>				<https://panlex.org/snapshot/panlex-20191001-csv/114#8064194>		"bulo-"@map	
"buqlaw"@gad	<https://panlex.org/snapshot/panlex-20191001-csv/114#8064066>				<https://panlex.org/snapshot/panlex-20191001-csv/114#8064193>		"nintolo-"@map	
"buqlaw"@gad	<https://panlex.org/snapshot/panlex-20191001-csv/114#8064066>				<https://panlex.org/snapshot/panlex-20191001-csv/114#8064190>		"buzu/n"@map	
"buqlaw"@gad	<https://panlex.org/snapshot/panlex-20191001-csv/114#8064066>				<https://panlex.org/snapshot/panlex-20191001-csv/114#8064196>		"nəmo"@map	
"buqlaw"@gad	<https://panlex.org/snapshot/panlex-20191001-csv/114#8064066>				<https://panlex.org/snapshot/panlex-20191001-csv/114#8064192>		"ewundo-"@map	
"buqlaw"@gad	<https://panlex.org/snapshot/panlex-20191001-csv/114#8064066>				<https://panlex.org/snapshot/panlex-20191001-csv/114#8064187>		"*liʼal"@map	
"buqlaw"@gad	<https://panlex.org/snapshot/panlex-20191001-csv/114#8064066>				<https://panlex.org/snapshot/panlex-20191001-csv/114#8064189>		"koku"@map	
"buqlaw"@gad	<https://panlex.org/snapshot/panlex-20191001-csv/114#8064066>				<https://panlex.org/snapshot/panlex-20191001-csv/114#8064197>		"nəmoe"@map	
"buqlaw"@gad	<https://panlex.org/snapshot/panlex-20191001-csv/114#8064066>				<https://panlex.org/snapshot/panlex-20191001-csv/114#8064186>		"*ua"@map	
"buqlaw"@gad	<https://panlex.org/snapshot/panlex-20191001-csv/114#8064066>				<https://panlex.org/snapshot/panlex-20191001-csv/114#8064185>		"*liqeʀ"@map	
"buqlaw"@gad	<https://panlex.org/snapshot/panlex-20191001-csv/114#8064066>				<https://panlex.org/snapshot/panlex-20191001-csv/114#8064188>		"koku"@map	
"tulang"@gad	<https://panlex.org/snapshot/panlex-20191001-csv/114#8058937>				<https://panlex.org/snapshot/panlex-20191001-csv/114#8059063>		"waki"@map	
"tulang"@gad	<https://panlex.org/snapshot/panlex-20191001-csv/114#8058937>				<https://panlex.org/snapshot/panlex-20191001-csv/114#8059055>		"rí-da"@map	
"tulang"@gad	<https://panlex.org/snapshot/panlex-20191001-csv/114#8058937>				<https://panlex.org/snapshot/panlex-20191001-csv/114#8059064>		"wakini"@map	
"tulang"@gad	<https://panlex.org/snapshot/panlex-20191001-csv/114#8058937>				<https://panlex.org/snapshot/panlex-20191001-csv/114#8059054>		"*tulan"@map	
"tulang"@gad	<https://panlex.org/snapshot/panlex-20191001-csv/114#8058937>				<https://panlex.org/snapshot/panlex-20191001-csv/114#8059053>		"*cuyi"@map	
"tulang"@gad	<https://panlex.org/snapshot/panlex-20191001-csv/114#8058937>				<https://panlex.org/snapshot/panlex-20191001-csv/114#8059062>		"tatu"@map	
"tulang"@gad	<https://panlex.org/snapshot/panlex-20191001-csv/114#8058937>				<https://panlex.org/snapshot/panlex-20191001-csv/114#8059061>		"mpoloŋo-"@map	
"tulang"@gad	<https://panlex.org/snapshot/panlex-20191001-csv/114#8058937>				<https://panlex.org/snapshot/panlex-20191001-csv/114#8059058>		"nejin-"@map	
"tulang"@gad	<https://panlex.org/snapshot/panlex-20191001-csv/114#8058937>				<https://panlex.org/snapshot/panlex-20191001-csv/114#8059057>		"dog"@map	
"tulang"@gad	<https://panlex.org/snapshot/panlex-20191001-csv/114#8058937>				<https://panlex.org/snapshot/panlex-20191001-csv/114#8059066>		"wakiye"@map	
"tulang"@gad	<https://panlex.org/snapshot/panlex-20191001-csv/114#8058937>				<https://panlex.org/snapshot/panlex-20191001-csv/114#8059052>		"*CuqelaN"@map	
"tulang"@gad	<https://panlex.org/snapshot/panlex-20191001-csv/114#8058937>				<https://panlex.org/snapshot/panlex-20191001-csv/114#8059060>		"pal|si"@map	
"tulang"@gad	<https://panlex.org/snapshot/panlex-20191001-csv/114#8058937>				<https://panlex.org/snapshot/panlex-20191001-csv/114#8059065>		"wakiniye"@map	
"tulang"@gad	<https://panlex.org/snapshot/panlex-20191001-csv/114#8058937>				<https://panlex.org/snapshot/panlex-20191001-csv/114#8059059>		"jun"@map	
"tulang"@gad	<https://panlex.org/snapshot/panlex-20191001-csv/114#8058937>				<https://panlex.org/snapshot/panlex-20191001-csv/114#8059056>		"rí-gu"@map	
"langalay"@gad	<https://panlex.org/snapshot/panlex-20191001-csv/114#8051745>				<https://panlex.org/snapshot/panlex-20191001-csv/114#8051886>		"ləmen"@map	
"langalay"@gad	<https://panlex.org/snapshot/panlex-20191001-csv/114#8051745>				<https://panlex.org/snapshot/panlex-20191001-csv/114#8051890>		"nəma"@map	
"langalay"@gad	<https://panlex.org/snapshot/panlex-20191001-csv/114#8051745>				<https://panlex.org/snapshot/panlex-20191001-csv/114#8051883>		"lima"@map	
"langalay"@gad	<https://panlex.org/snapshot/panlex-20191001-csv/114#8051745>				<https://panlex.org/snapshot/panlex-20191001-csv/114#8051887>		"vela-"@map	
"langalay"@gad	<https://panlex.org/snapshot/panlex-20191001-csv/114#8051745>				<https://panlex.org/snapshot/panlex-20191001-csv/114#8051879>		"*(qa)lima"@map	
"langalay"@gad	<https://panlex.org/snapshot/panlex-20191001-csv/114#8051745>				<https://panlex.org/snapshot/panlex-20191001-csv/114#8051884>		"ni man"@map	
"langalay"@gad	<https://panlex.org/snapshot/panlex-20191001-csv/114#8051745>				<https://panlex.org/snapshot/panlex-20191001-csv/114#8051880>		"*pau"@map	
"langalay"@gad	<https://panlex.org/snapshot/panlex-20191001-csv/114#8051745>				<https://panlex.org/snapshot/panlex-20191001-csv/114#8051888>		"nivara-"@map	
"langalay"@gad	<https://panlex.org/snapshot/panlex-20191001-csv/114#8051745>				<https://panlex.org/snapshot/panlex-20191001-csv/114#8051885>		"navarra-"@map	
"langalay"@gad	<https://panlex.org/snapshot/panlex-20191001-csv/114#8051745>				<https://panlex.org/snapshot/panlex-20191001-csv/114#8051891>		"nəmae"@map	
"langalay"@gad	<https://panlex.org/snapshot/panlex-20191001-csv/114#8051745>				<https://panlex.org/snapshot/panlex-20191001-csv/114#8051881>		"*sigɨl"@map	
"langalay"@gad	<https://panlex.org/snapshot/panlex-20191001-csv/114#8051745>				<https://panlex.org/snapshot/panlex-20191001-csv/114#8051889>		"bani-"@map	
"langalay"@gad	<https://panlex.org/snapshot/panlex-20191001-csv/114#8051745>				<https://panlex.org/snapshot/panlex-20191001-csv/114#8051882>		"lima"@map	
"qammo"@gad	<https://panlex.org/snapshot/panlex-20191001-csv/114#8061474>				<https://panlex.org/snapshot/panlex-20191001-csv/114#8061613>		"ku-tada-ya"@map	
"qammo"@gad	<https://panlex.org/snapshot/panlex-20191001-csv/114#8061474>				<https://panlex.org/snapshot/panlex-20191001-csv/114#8061615>		"rəngdo"@map	
"qammo"@gad	<https://panlex.org/snapshot/panlex-20191001-csv/114#8061474>				<https://panlex.org/snapshot/panlex-20191001-csv/114#8061606>		"*bajaq"@map	
"qammo"@gad	<https://panlex.org/snapshot/panlex-20191001-csv/114#8061474>				<https://panlex.org/snapshot/panlex-20191001-csv/114#8061609>		"*kila-a"@map	
"qammo"@gad	<https://panlex.org/snapshot/panlex-20191001-csv/114#8061474>				<https://panlex.org/snapshot/panlex-20191001-csv/114#8061618>		"ŋaloŋ-"@map	
"qammo"@gad	<https://panlex.org/snapshot/panlex-20191001-csv/114#8061474>				<https://panlex.org/snapshot/panlex-20191001-csv/114#8061612>		"patada"@map	
"qammo"@gad	<https://panlex.org/snapshot/panlex-20191001-csv/114#8061474>				<https://panlex.org/snapshot/panlex-20191001-csv/114#8061619>		"ravu"@map	
"qammo"@gad	<https://panlex.org/snapshot/panlex-20191001-csv/114#8061474>				<https://panlex.org/snapshot/panlex-20191001-csv/114#8061608>		"*kila"@map	
"qammo"@gad	<https://panlex.org/snapshot/panlex-20191001-csv/114#8061474>				<https://panlex.org/snapshot/panlex-20191001-csv/114#8061617>		"roŋhur"@map	
"qammo"@gad	<https://panlex.org/snapshot/panlex-20191001-csv/114#8061474>				<https://panlex.org/snapshot/panlex-20191001-csv/114#8061611>		"*gadaq"@map	
"qammo"@gad	<https://panlex.org/snapshot/panlex-20191001-csv/114#8061474>				<https://panlex.org/snapshot/panlex-20191001-csv/114#8061607>		"*ata-i-"@map	
"qammo"@gad	<https://panlex.org/snapshot/panlex-20191001-csv/114#8061474>				<https://panlex.org/snapshot/panlex-20191001-csv/114#8061610>		"*kila-i"@map	
"qammo"@gad	<https://panlex.org/snapshot/panlex-20191001-csv/114#8061474>				<https://panlex.org/snapshot/panlex-20191001-csv/114#8061614>		"rrong usong"@map	
"qammo"@gad	<https://panlex.org/snapshot/panlex-20191001-csv/114#8061474>				<https://panlex.org/snapshot/panlex-20191001-csv/114#8061616>		"kil|pwele"@map	
"qulu"@gad	<https://panlex.org/snapshot/panlex-20191001-csv/114#8063524>				<https://panlex.org/snapshot/panlex-20191001-csv/114#8063643>		"*ʼulu"@map	
"qulu"@gad	<https://panlex.org/snapshot/panlex-20191001-csv/114#8063524>				<https://panlex.org/snapshot/panlex-20191001-csv/114#8063649>		"pare-"@map	
"qulu"@gad	<https://panlex.org/snapshot/panlex-20191001-csv/114#8063524>				<https://panlex.org/snapshot/panlex-20191001-csv/114#8063641>		"*qulu"@map	
"qulu"@gad	<https://panlex.org/snapshot/panlex-20191001-csv/114#8063524>				<https://panlex.org/snapshot/panlex-20191001-csv/114#8063644>		"katowa"@map	
"qulu"@gad	<https://panlex.org/snapshot/panlex-20191001-csv/114#8063524>				<https://panlex.org/snapshot/panlex-20191001-csv/114#8063645>		"kalogara"@map	
"qulu"@gad	<https://panlex.org/snapshot/panlex-20191001-csv/114#8063524>				<https://panlex.org/snapshot/panlex-20191001-csv/114#8063650>		"mpati-"@map	
"qulu"@gad	<https://panlex.org/snapshot/panlex-20191001-csv/114#8063524>				<https://panlex.org/snapshot/panlex-20191001-csv/114#8063648>		"pətin"@map	
"qulu"@gad	<https://panlex.org/snapshot/panlex-20191001-csv/114#8063524>				<https://panlex.org/snapshot/panlex-20191001-csv/114#8063653>		"umbaliye"@map	
"qulu"@gad	<https://panlex.org/snapshot/panlex-20191001-csv/114#8063524>				<https://panlex.org/snapshot/panlex-20191001-csv/114#8063652>		"guruma-"@map	
"qulu"@gad	<https://panlex.org/snapshot/panlex-20191001-csv/114#8063524>				<https://panlex.org/snapshot/panlex-20191001-csv/114#8063654>		"umbalə"@map	
"qulu"@gad	<https://panlex.org/snapshot/panlex-20191001-csv/114#8063524>				<https://panlex.org/snapshot/panlex-20191001-csv/114#8063647>		"nabat-"@map	
"qulu"@gad	<https://panlex.org/snapshot/panlex-20191001-csv/114#8063524>				<https://panlex.org/snapshot/panlex-20191001-csv/114#8063642>		"*ulu"@map	
"qulu"@gad	<https://panlex.org/snapshot/panlex-20191001-csv/114#8063524>				<https://panlex.org/snapshot/panlex-20191001-csv/114#8063646>		"patu/n"@map	
"qulu"@gad	<https://panlex.org/snapshot/panlex-20191001-csv/114#8063524>				<https://panlex.org/snapshot/panlex-20191001-csv/114#8063651>		"gurma-"@map	
