"qiyong"@gad	<https://panlex.org/snapshot/panlex-20191001-csv/114#8065153>				<https://panlex.org/snapshot/panlex-20191001-csv/114#8065562>		"íru"@xbr	
"qiyong"@gad	<https://panlex.org/snapshot/panlex-20191001-csv/114#8065153>				<https://panlex.org/snapshot/panlex-20191001-csv/114#8065560>		"uru"@xbr	
"qiyong"@gad	<https://panlex.org/snapshot/panlex-20191001-csv/114#8065153>				<https://panlex.org/snapshot/panlex-20191001-csv/114#8065561>		"ír"@xbr	
"mɨllakad"@gad	<https://panlex.org/snapshot/panlex-20191001-csv/114#8053807>				<https://panlex.org/snapshot/panlex-20191001-csv/114#8054249>		"halaku"@xbr	
"mɨllakad"@gad	<https://panlex.org/snapshot/panlex-20191001-csv/114#8053807>				<https://panlex.org/snapshot/panlex-20191001-csv/114#8054252>		"laku"@xbr	
"mɨllakad"@gad	<https://panlex.org/snapshot/panlex-20191001-csv/114#8053807>				<https://panlex.org/snapshot/panlex-20191001-csv/114#8054250>		"kaku"@xbr	
"mɨllakad"@gad	<https://panlex.org/snapshot/panlex-20191001-csv/114#8053807>				<https://panlex.org/snapshot/panlex-20191001-csv/114#8054251>		"kandàku"@xbr	
"mɨllakad"@gad	<https://panlex.org/snapshot/panlex-20191001-csv/114#8053807>				<https://panlex.org/snapshot/panlex-20191001-csv/114#8054248>		"halako"@xbr	
"daqlun"@gad	<https://panlex.org/snapshot/panlex-20191001-csv/114#8066112>				<https://panlex.org/snapshot/panlex-20191001-csv/114#8066487>		"haŋudu"@xbr	
"daqlun"@gad	<https://panlex.org/snapshot/panlex-20191001-csv/114#8066112>				<https://panlex.org/snapshot/panlex-20191001-csv/114#8066485>		"hangud"@xbr	
"daqlun"@gad	<https://panlex.org/snapshot/panlex-20191001-csv/114#8066112>				<https://panlex.org/snapshot/panlex-20191001-csv/114#8066486>		"hangudu"@xbr	
"dapping"@gad	<https://panlex.org/snapshot/panlex-20191001-csv/114#8056378>				<https://panlex.org/snapshot/panlex-20191001-csv/114#8056772>		"maríhak"@xbr	
"dapping"@gad	<https://panlex.org/snapshot/panlex-20191001-csv/114#8056378>				<https://panlex.org/snapshot/panlex-20191001-csv/114#8056770>		"irak"@xbr	
"dapping"@gad	<https://panlex.org/snapshot/panlex-20191001-csv/114#8056378>				<https://panlex.org/snapshot/panlex-20191001-csv/114#8056771>		"marihaku"@xbr	
"qabok"@gad	<https://panlex.org/snapshot/panlex-20191001-csv/114#8064603>				<https://panlex.org/snapshot/panlex-20191001-csv/114#8065015>		"lúnggu"@xbr	
"qabok"@gad	<https://panlex.org/snapshot/panlex-20191001-csv/114#8064603>				<https://panlex.org/snapshot/panlex-20191001-csv/114#8065012>		"longgu"@xbr	
"qabok"@gad	<https://panlex.org/snapshot/panlex-20191001-csv/114#8064603>				<https://panlex.org/snapshot/panlex-20191001-csv/114#8065016>		"rau longgi"@xbr	
"qabok"@gad	<https://panlex.org/snapshot/panlex-20191001-csv/114#8064603>				<https://panlex.org/snapshot/panlex-20191001-csv/114#8065013>		"luŋgi"@xbr	
"qabok"@gad	<https://panlex.org/snapshot/panlex-20191001-csv/114#8064603>				<https://panlex.org/snapshot/panlex-20191001-csv/114#8065014>		"lúnggi"@xbr	
"buqlaw"@gad	<https://panlex.org/snapshot/panlex-20191001-csv/114#8064066>				<https://panlex.org/snapshot/panlex-20191001-csv/114#8064463>		"nggor"@xbr	
"buqlaw"@gad	<https://panlex.org/snapshot/panlex-20191001-csv/114#8064066>				<https://panlex.org/snapshot/panlex-20191001-csv/114#8064462>		"koku"@xbr	
"buqlaw"@gad	<https://panlex.org/snapshot/panlex-20191001-csv/114#8064066>				<https://panlex.org/snapshot/panlex-20191001-csv/114#8064464>		"nggoru"@xbr	
"buqlaw"@gad	<https://panlex.org/snapshot/panlex-20191001-csv/114#8064066>				<https://panlex.org/snapshot/panlex-20191001-csv/114#8064465>		"ŋgoru"@xbr	
"buqlaw"@gad	<https://panlex.org/snapshot/panlex-20191001-csv/114#8064066>				<https://panlex.org/snapshot/panlex-20191001-csv/114#8064461>		"goru"@xbr	
"tulang"@gad	<https://panlex.org/snapshot/panlex-20191001-csv/114#8058937>				<https://panlex.org/snapshot/panlex-20191001-csv/114#8059317>		"rí"@xbr	
"tulang"@gad	<https://panlex.org/snapshot/panlex-20191001-csv/114#8058937>				<https://panlex.org/snapshot/panlex-20191001-csv/114#8059316>		"rii"@xbr	
"tulang"@gad	<https://panlex.org/snapshot/panlex-20191001-csv/114#8058937>				<https://panlex.org/snapshot/panlex-20191001-csv/114#8059319>		"rí kawudu"@xbr	
"tulang"@gad	<https://panlex.org/snapshot/panlex-20191001-csv/114#8058937>				<https://panlex.org/snapshot/panlex-20191001-csv/114#8059318>		"rí kawodu"@xbr	
"langalay"@gad	<https://panlex.org/snapshot/panlex-20191001-csv/114#8051745>				<https://panlex.org/snapshot/panlex-20191001-csv/114#8052170>		"lima"@xbr	
"qammo"@gad	<https://panlex.org/snapshot/panlex-20191001-csv/114#8061474>				<https://panlex.org/snapshot/panlex-20191001-csv/114#8061893>		"pengu"@xbr	
"qammo"@gad	<https://panlex.org/snapshot/panlex-20191001-csv/114#8061474>				<https://panlex.org/snapshot/panlex-20191001-csv/114#8061892>		"peinya"@xbr	
"qammo"@gad	<https://panlex.org/snapshot/panlex-20191001-csv/114#8061474>				<https://panlex.org/snapshot/panlex-20191001-csv/114#8061895>		"pínya"@xbr	
"qammo"@gad	<https://panlex.org/snapshot/panlex-20191001-csv/114#8061474>				<https://panlex.org/snapshot/panlex-20191001-csv/114#8061894>		"piiŋu"@xbr	
"qulu"@gad	<https://panlex.org/snapshot/panlex-20191001-csv/114#8063524>				<https://panlex.org/snapshot/panlex-20191001-csv/114#8063925>		"katiiku"@xbr	
"qulu"@gad	<https://panlex.org/snapshot/panlex-20191001-csv/114#8063524>				<https://panlex.org/snapshot/panlex-20191001-csv/114#8063926>		"katiku"@xbr	
"qulu"@gad	<https://panlex.org/snapshot/panlex-20191001-csv/114#8063524>				<https://panlex.org/snapshot/panlex-20191001-csv/114#8063927>		"katuk"@xbr	
"qulu"@gad	<https://panlex.org/snapshot/panlex-20191001-csv/114#8063524>				<https://panlex.org/snapshot/panlex-20191001-csv/114#8063928>		"katuku"@xbr	
"qulu"@gad	<https://panlex.org/snapshot/panlex-20191001-csv/114#8063524>				<https://panlex.org/snapshot/panlex-20191001-csv/114#8063929>		"katàku"@xbr	
