"qiyong"@gad	<https://panlex.org/snapshot/panlex-20191001-csv/114#8065153>				<https://panlex.org/snapshot/panlex-20191001-csv/114#8065359>		"gupied"@nen	
"mɨllakad"@gad	<https://panlex.org/snapshot/panlex-20191001-csv/114#8053807>				<https://panlex.org/snapshot/panlex-20191001-csv/114#8054027>		"huè"@nen	
"daqlun"@gad	<https://panlex.org/snapshot/panlex-20191001-csv/114#8066112>				<https://panlex.org/snapshot/panlex-20191001-csv/114#8066308>		"siŋod"@nen	
"dapping"@gad	<https://panlex.org/snapshot/panlex-20191001-csv/114#8056378>				<https://panlex.org/snapshot/panlex-20191001-csv/114#8056569>		"eon"@nen	
"dapping"@gad	<https://panlex.org/snapshot/panlex-20191001-csv/114#8056378>				<https://panlex.org/snapshot/panlex-20191001-csv/114#8056570>		"rawa"@nen	
"qabok"@gad	<https://panlex.org/snapshot/panlex-20191001-csv/114#8064603>				<https://panlex.org/snapshot/panlex-20191001-csv/114#8064795>		"din"@nen	
"buqlaw"@gad	<https://panlex.org/snapshot/panlex-20191001-csv/114#8064066>				<https://panlex.org/snapshot/panlex-20191001-csv/114#8064258>		"guretho"@nen	
"tulang"@gad	<https://panlex.org/snapshot/panlex-20191001-csv/114#8058937>				<https://panlex.org/snapshot/panlex-20191001-csv/114#8059129>		"dun"@nen	
"langalay"@gad	<https://panlex.org/snapshot/panlex-20191001-csv/114#8051745>				<https://panlex.org/snapshot/panlex-20191001-csv/114#8051960>		"aranin"@nen	
"langalay"@gad	<https://panlex.org/snapshot/panlex-20191001-csv/114#8051745>				<https://panlex.org/snapshot/panlex-20191001-csv/114#8051961>		"nin"@nen	
"langalay"@gad	<https://panlex.org/snapshot/panlex-20191001-csv/114#8051745>				<https://panlex.org/snapshot/panlex-20191001-csv/114#8051962>		"wanin"@nen	
"qammo"@gad	<https://panlex.org/snapshot/panlex-20191001-csv/114#8061474>				<https://panlex.org/snapshot/panlex-20191001-csv/114#8061686>		"thuni"@nen	
"qammo"@gad	<https://panlex.org/snapshot/panlex-20191001-csv/114#8061474>				<https://panlex.org/snapshot/panlex-20191001-csv/114#8061685>		"carajewe"@nen	
"qammo"@gad	<https://panlex.org/snapshot/panlex-20191001-csv/114#8061474>				<https://panlex.org/snapshot/panlex-20191001-csv/114#8061687>		"ule"@nen	
"qulu"@gad	<https://panlex.org/snapshot/panlex-20191001-csv/114#8063524>				<https://panlex.org/snapshot/panlex-20191001-csv/114#8063723>		"hawo"@nen	
