"qiyong"@gad	<https://panlex.org/snapshot/panlex-20191001-csv/114#8065153>				<https://panlex.org/snapshot/panlex-20191001-csv/114#8065247>		"sugu"@kzu	
"mɨllakad"@gad	<https://panlex.org/snapshot/panlex-20191001-csv/114#8053807>				<https://panlex.org/snapshot/panlex-20191001-csv/114#8053916>		"-ɤaɤa"@kzu	
"daqlun"@gad	<https://panlex.org/snapshot/panlex-20191001-csv/114#8066112>				<https://panlex.org/snapshot/panlex-20191001-csv/114#8066204>		"sento"@kzu	
"dapping"@gad	<https://panlex.org/snapshot/panlex-20191001-csv/114#8056378>				<https://panlex.org/snapshot/panlex-20191001-csv/114#8056475>		"priña"@kzu	
"qabok"@gad	<https://panlex.org/snapshot/panlex-20191001-csv/114#8064603>				<https://panlex.org/snapshot/panlex-20191001-csv/114#8064694>		"-ragu"@kzu	
"buqlaw"@gad	<https://panlex.org/snapshot/panlex-20191001-csv/114#8064066>				<https://panlex.org/snapshot/panlex-20191001-csv/114#8064157>		"soho"@kzu	
"tulang"@gad	<https://panlex.org/snapshot/panlex-20191001-csv/114#8058937>				<https://panlex.org/snapshot/panlex-20191001-csv/114#8059023>		"tukwe"@kzu	
"langalay"@gad	<https://panlex.org/snapshot/panlex-20191001-csv/114#8051745>				<https://panlex.org/snapshot/panlex-20191001-csv/114#8051842>		"ia-"@kzu	
"qammo"@gad	<https://panlex.org/snapshot/panlex-20191001-csv/114#8061474>				<https://panlex.org/snapshot/panlex-20191001-csv/114#8061576>		"kericawe"@kzu	
"qulu"@gad	<https://panlex.org/snapshot/panlex-20191001-csv/114#8063524>				<https://panlex.org/snapshot/panlex-20191001-csv/114#8063612>		"poɤoro"@kzu	
