"sala"@gvs	<https://panlex.org/snapshot/panlex-20191001-csv/114#8067187>				<https://panlex.org/snapshot/panlex-20191001-csv/114#8067297>		"lia-"@loj	
"lisi"@gvs	<https://panlex.org/snapshot/panlex-20191001-csv/114#8065680>				<https://panlex.org/snapshot/panlex-20191001-csv/114#8065765>		"wilip ŋo-m"@loj	
"kekeli"@gvs	<https://panlex.org/snapshot/panlex-20191001-csv/114#8052295>				<https://panlex.org/snapshot/panlex-20191001-csv/114#8052384>		"kosur"@loj	
"matoita"@gvs	<https://panlex.org/snapshot/panlex-20191001-csv/114#8062488>				<https://panlex.org/snapshot/panlex-20191001-csv/114#8062598>		"karirit"@loj	
"nukotona"@gvs	<https://panlex.org/snapshot/panlex-20191001-csv/114#8064077>				<https://panlex.org/snapshot/panlex-20191001-csv/114#8064178>		"porŋa-"@loj	
"kubuna"@gvs	<https://panlex.org/snapshot/panlex-20191001-csv/114#8065163>				<https://panlex.org/snapshot/panlex-20191001-csv/114#8065270>		"pur|su-"@loj	
"nunu"@gvs	<https://panlex.org/snapshot/panlex-20191001-csv/114#8060429>				<https://panlex.org/snapshot/panlex-20191001-csv/114#8060545>		"susu-"@loj	
"lulu"@gvs	<https://panlex.org/snapshot/panlex-20191001-csv/114#8058947>				<https://panlex.org/snapshot/panlex-20191001-csv/114#8059043>		"peteri-"@loj	
"bulubulu"@gvs	<https://panlex.org/snapshot/panlex-20191001-csv/114#8063534>				<https://panlex.org/snapshot/panlex-20191001-csv/114#8063635>		"ara-"@loj	
"beva"@gvs	<https://panlex.org/snapshot/panlex-20191001-csv/114#8059439>				<https://panlex.org/snapshot/panlex-20191001-csv/114#8059533>		"tolui-"@loj	
"ma"@gvs	<https://panlex.org/snapshot/panlex-20191001-csv/114#8054878>				<https://panlex.org/snapshot/panlex-20191001-csv/114#8054980>		"me"@loj	
"yagoi"@gvs	<https://panlex.org/snapshot/panlex-20191001-csv/114#8061485>				<https://panlex.org/snapshot/panlex-20191001-csv/114#8061597>		"pasek"@loj	
