"čo"@hio	<https://panlex.org/snapshot/panlex-20191001-csv/3975#51729699>				<https://panlex.org/snapshot/panlex-20191001-csv/3975#51729769>		"ʔ=ɔ̃ːkwe-h"@see	
"čo"@hio	<https://panlex.org/snapshot/panlex-20191001-csv/3975#51731253>				<https://panlex.org/snapshot/panlex-20191001-csv/3975#51731325>		"k=iːnˈɔ̃ː-neh"@see	
"čo"@hio	<https://panlex.org/snapshot/panlex-20191001-csv/3975#51725326>				<https://panlex.org/snapshot/panlex-20191001-csv/3975#51725385>		"w=iːyoː-h"@see	
"tʼṹĩ̀"@hio	<https://panlex.org/snapshot/panlex-20191001-csv/3975#51725327>				<https://panlex.org/snapshot/panlex-20191001-csv/3975#51725385>		"w=iːyoː-h"@see	
"čwi"@hio	<https://panlex.org/snapshot/panlex-20191001-csv/3975#51729217>				<https://panlex.org/snapshot/panlex-20191001-csv/3975#51729289>		"ke=kˈɔ̃ta-ʔkeh"@see	
"kwiye"@hio	<https://panlex.org/snapshot/panlex-20191001-csv/3975#51729549>				<https://panlex.org/snapshot/panlex-20191001-csv/3975#51729619>		"skaː"@see	
"kwiye"@hio	<https://panlex.org/snapshot/panlex-20191001-csv/3975#51729549>				<https://panlex.org/snapshot/panlex-20191001-csv/3975#51729618>		"skaːt"@see	
"dèbé"@hio	<https://panlex.org/snapshot/panlex-20191001-csv/3975#51735590>				<https://panlex.org/snapshot/panlex-20191001-csv/3975#51735646>		"ʔo=ʒˈikheʔta-ʔ"@see	
"ɲaː"@hio	<https://panlex.org/snapshot/panlex-20191001-csv/3975#51736136>				<https://panlex.org/snapshot/panlex-20191001-csv/3975#51736205>		"ʔoː=ä-te-ʔ"@see	
"=íè"@hio	<https://panlex.org/snapshot/panlex-20191001-csv/3975#51734262>				<https://panlex.org/snapshot/panlex-20191001-csv/3975#51734360>		"ʔˈiːʔ"@see	
"=íè"@hio	<https://panlex.org/snapshot/panlex-20191001-csv/3975#51734262>				<https://panlex.org/snapshot/panlex-20191001-csv/3975#51734361>		"nˈiːʔ"@see	
"cao"@hio	<https://panlex.org/snapshot/panlex-20191001-csv/3975#51727937>				<https://panlex.org/snapshot/panlex-20191001-csv/3975#51727998>		"w=eːso-ʔ"@see	
"ʒérà"@hio	<https://panlex.org/snapshot/panlex-20191001-csv/3975#51721269>				<https://panlex.org/snapshot/panlex-20191001-csv/3975#51721336>		"ʒˈiʔt-ɛ̃ʔɔ̃ː-h"@see	
"ʒérà"@hio	<https://panlex.org/snapshot/panlex-20191001-csv/3975#51721269>				<https://panlex.org/snapshot/panlex-20191001-csv/3975#51721335>		"ʒiʔt-ˈɛ̃ʔɔ̃ː-h"@see	
"ǀáḿ"@hio	<https://panlex.org/snapshot/panlex-20191001-csv/3975#51732280>				<https://panlex.org/snapshot/panlex-20191001-csv/3975#51732354>		"k=ˈäːhkwaː-ʔ"@see	
"fofa"@hio	<https://panlex.org/snapshot/panlex-20191001-csv/3975#51724765>				<https://panlex.org/snapshot/panlex-20191001-csv/3975#51724822>		"te=yoː=tɛ̃ː-h"@see	
"ǂxau"@hio	<https://panlex.org/snapshot/panlex-20191001-csv/3975#51727529>				<https://panlex.org/snapshot/panlex-20191001-csv/3975#51727579>		"ʔiːy=ɔ̃ːs"@see	
"ʓùá"@hio	<https://panlex.org/snapshot/panlex-20191001-csv/3975#51720731>				<https://panlex.org/snapshot/panlex-20191001-csv/3975#51720787>		"ʔo=ʔkˈɛ̃ː-ʔ"@see	
"ǀxáinì"@hio	<https://panlex.org/snapshot/panlex-20191001-csv/3975#51731987>				<https://panlex.org/snapshot/panlex-20191001-csv/3975#51732052>		"ʔo=ʒˈihsɔ̃ʔta-ʔ"@see	
"haie"@hio	<https://panlex.org/snapshot/panlex-20191001-csv/3975#51729060>				<https://panlex.org/snapshot/panlex-20191001-csv/3975#51729133>		"w=ahsɔ̃ta-te-ʔ"@see	
"kʼúnì"@hio	<https://panlex.org/snapshot/panlex-20191001-csv/3975#51727655>				<https://panlex.org/snapshot/panlex-20191001-csv/3975#51727706>		"ʒiʔnɔ̃ː-h"@see	
"kʼó-xù"@hio	<https://panlex.org/snapshot/panlex-20191001-csv/3975#51728081>				<https://panlex.org/snapshot/panlex-20191001-csv/3975#51728151>		"ʔo=ʔwˈaː-ʔ"@see	
"ǂano"@hio	<https://panlex.org/snapshot/panlex-20191001-csv/3975#51728789>				<https://panlex.org/snapshot/panlex-20191001-csv/3975#51728843>		"ʔoː=nyˈaʔsa-ʔ"@see	
"=beː"@hio	<https://panlex.org/snapshot/panlex-20191001-csv/3975#51729379>				<https://panlex.org/snapshot/panlex-20191001-csv/3975#51729458>		"teʔ-"@see	
"čwa"@hio	<https://panlex.org/snapshot/panlex-20191001-csv/3975#51729700>				<https://panlex.org/snapshot/panlex-20191001-csv/3975#51729769>		"ʔ=ɔ̃ːkwe-h"@see	
"tʰe"@hio	<https://panlex.org/snapshot/panlex-20191001-csv/3975#51731852>				<https://panlex.org/snapshot/panlex-20191001-csv/3975#51731909>		"ʔiːkeː=t"@see	
"haiː"@hio	<https://panlex.org/snapshot/panlex-20191001-csv/3975#51722507>				<https://panlex.org/snapshot/panlex-20191001-csv/3975#51722564>		"ʔo=nˈɔ̃ʔnoː-h"@see	
"kwie"@hio	<https://panlex.org/snapshot/panlex-20191001-csv/3975#51729548>				<https://panlex.org/snapshot/panlex-20191001-csv/3975#51729619>		"skaː"@see	
"kwie"@hio	<https://panlex.org/snapshot/panlex-20191001-csv/3975#51729548>				<https://panlex.org/snapshot/panlex-20191001-csv/3975#51729618>		"skaːt"@see	
"kʼâ"@hio	<https://panlex.org/snapshot/panlex-20191001-csv/3975#51723147>				<https://panlex.org/snapshot/panlex-20191001-csv/3975#51723225>		"hoː=nˈeke-ɛ̃h"@see	
"ɡǀǀaie-čwe"@hio	<https://panlex.org/snapshot/panlex-20191001-csv/3975#51734903>				<https://panlex.org/snapshot/panlex-20191001-csv/3975#51734979>		"ye=ɔ̃-h"@see	
"tâkà"@hio	<https://panlex.org/snapshot/panlex-20191001-csv/3975#51721690>				<https://panlex.org/snapshot/panlex-20191001-csv/3975#51721755>		"ʔo=tkwˈɛ̃hsa-ʔ"@see	
"čom"@hio	<https://panlex.org/snapshot/panlex-20191001-csv/3975#51726042>				<https://panlex.org/snapshot/panlex-20191001-csv/3975#51726119>		"ʔak=ˈaːɔ̃k-ɛ̃h"@see	
"baratʰi"@hio	<https://panlex.org/snapshot/panlex-20191001-csv/3975#51725462>				<https://panlex.org/snapshot/panlex-20191001-csv/3975#51725510>		"ka=nˈähta-ik-hɔ̃-ʔ"@see	
"baratʰi"@hio	<https://panlex.org/snapshot/panlex-20191001-csv/3975#51725462>				<https://panlex.org/snapshot/panlex-20191001-csv/3975#51725509>		"ka=nˈɛ̃hta-ik-hɔ̃-ʔ"@see	
"ǐ"@hio	<https://panlex.org/snapshot/panlex-20191001-csv/3975#51732869>				<https://panlex.org/snapshot/panlex-20191001-csv/3975#51732928>		"nɛ̃:kɛ̃:h"@see	
"cene"@hio	<https://panlex.org/snapshot/panlex-20191001-csv/3975#51731705>				<https://panlex.org/snapshot/panlex-20191001-csv/3975#51731771>		"ʔo=yˈɛ̃ʔkwäː-ʔ"@see	
"ǀû"@hio	<https://panlex.org/snapshot/panlex-20191001-csv/3975#51735450>				<https://panlex.org/snapshot/panlex-20191001-csv/3975#51735511>		"toskɛ̃h"@see	
"kínù"@hio	<https://panlex.org/snapshot/panlex-20191001-csv/3975#51728790>				<https://panlex.org/snapshot/panlex-20191001-csv/3975#51728843>		"ʔoː=nyˈaʔsa-ʔ"@see	
"ǀám̀"@hio	<https://panlex.org/snapshot/panlex-20191001-csv/3975#51733614>				<https://panlex.org/snapshot/panlex-20191001-csv/3975#51733689>		"tekhniːh"@see	
"ǀʼũ̂"@hio	<https://panlex.org/snapshot/panlex-20191001-csv/3975#51725585>				<https://panlex.org/snapshot/panlex-20191001-csv/3975#51725652>		"ʔo=kˈeʔä-ʔ"@see	
"ǂeː"@hio	<https://panlex.org/snapshot/panlex-20191001-csv/3975#51733958>				<https://panlex.org/snapshot/panlex-20191001-csv/3975#51734012>		"ʔo=ʔtˈaiɛ̃ː-h"@see	
"ʔǒ"@hio	<https://panlex.org/snapshot/panlex-20191001-csv/3975#51722836>				<https://panlex.org/snapshot/panlex-20191001-csv/3975#51722908>		"haw=ˈeːey-ɔ̃ːh"@see	
"ǀʰuː"@hio	<https://panlex.org/snapshot/panlex-20191001-csv/3975#51721972>				<https://panlex.org/snapshot/panlex-20191001-csv/3975#51722029>		"ke=ʔtˈɔ̃hsä-ʔkeh"@see	
"ɡǀǀai-ču"@hio	<https://panlex.org/snapshot/panlex-20191001-csv/3975#51736002>				<https://panlex.org/snapshot/panlex-20191001-csv/3975#51736053>		"ni=ka=takˈäː-ɔ̃h"@see	
"ɳǀǀúé"@hio	<https://panlex.org/snapshot/panlex-20191001-csv/3975#51728236>				<https://panlex.org/snapshot/panlex-20191001-csv/3975#51728299>		"k=ˈäːhkwaː-ʔ"@see	
"gú"@hio	<https://panlex.org/snapshot/panlex-20191001-csv/3975#51735196>				<https://panlex.org/snapshot/panlex-20191001-csv/3975#51735242>		"weːɛ̃h"@see	
"dáḿ"@hio	<https://panlex.org/snapshot/panlex-20191001-csv/3975#51733160>				<https://panlex.org/snapshot/panlex-20191001-csv/3975#51733223>		"ʔˈo=äʔnɔ̃hsa-ʔ"@see	
"dáò"@hio	<https://panlex.org/snapshot/panlex-20191001-csv/3975#51722111>				<https://panlex.org/snapshot/panlex-20191001-csv/3975#51722171>		"ʔak=hˈɛ̃ʔtaː-h"@see	
"ǯu-ɲe"@hio	<https://panlex.org/snapshot/panlex-20191001-csv/3975#51721548>				<https://panlex.org/snapshot/panlex-20191001-csv/3975#51721607>		"ʒɛ̃ːstˈa-ʔɛ̃ː-ʔ"@see	
"cúrí"@hio	<https://panlex.org/snapshot/panlex-20191001-csv/3975#51736389>				<https://panlex.org/snapshot/panlex-20191001-csv/3975#51736450>		"y=oshäː-te-ʔ"@see	
"ɡǀǀae-"@hio	<https://panlex.org/snapshot/panlex-20191001-csv/3975#51734904>				<https://panlex.org/snapshot/panlex-20191001-csv/3975#51734979>		"ye=ɔ̃-h"@see	
"nare"@hio	<https://panlex.org/snapshot/panlex-20191001-csv/3975#51734745>				<https://panlex.org/snapshot/panlex-20191001-csv/3975#51734806>		"sɔ̃ːh"@see	
"ɡǀǀoː"@hio	<https://panlex.org/snapshot/panlex-20191001-csv/3975#51733312>				<https://panlex.org/snapshot/panlex-20191001-csv/3975#51733378>		"ʔo=nˈoʔʒa-ʔ"@see	
"pá"@hio	<https://panlex.org/snapshot/panlex-20191001-csv/3975#51721411>				<https://panlex.org/snapshot/panlex-20191001-csv/3975#51721471>		"ʔoʔ=k=iːk"@see	
"pʰa"@hio	<https://panlex.org/snapshot/panlex-20191001-csv/3975#51721410>				<https://panlex.org/snapshot/panlex-20191001-csv/3975#51721471>		"ʔoʔ=k=iːk"@see	
"xóḿ"@hio	<https://panlex.org/snapshot/panlex-20191001-csv/3975#51723594>				<https://panlex.org/snapshot/panlex-20191001-csv/3975#51723656>		"y=ɔ̃ɛ̃ʒa-te-ʔ"@see	
"kʼàm̀"@hio	<https://panlex.org/snapshot/panlex-20191001-csv/3975#51728497>				<https://panlex.org/snapshot/panlex-20191001-csv/3975#51728563>		"ha=hsˈa-kaːɛ̃t"@see	
"ya"@hio	<https://panlex.org/snapshot/panlex-20191001-csv/3975#51722651>				<https://panlex.org/snapshot/panlex-20191001-csv/3975#51722741>		"h=aktɔ̃-s"@see	
"caː"@hio	<https://panlex.org/snapshot/panlex-20191001-csv/3975#51734087>				<https://panlex.org/snapshot/panlex-20191001-csv/3975#51734153>		"ʔoː=neka-no-s"@see	
"ǀǀóé"@hio	<https://panlex.org/snapshot/panlex-20191001-csv/3975#51726816>				<https://panlex.org/snapshot/panlex-20191001-csv/3975#51726868>		"ʔˈa=ɔ̃sha-ʔ"@see	
"tu"@hio	<https://panlex.org/snapshot/panlex-20191001-csv/3975#51729854>				<https://panlex.org/snapshot/panlex-20191001-csv/3975#51729913>		"ʔo=staːa-ʔ"@see	
"ǀǀṹ"@hio	<https://panlex.org/snapshot/panlex-20191001-csv/3975#51733313>				<https://panlex.org/snapshot/panlex-20191001-csv/3975#51733378>		"ʔo=nˈoʔʒa-ʔ"@see	
"tè"@hio	<https://panlex.org/snapshot/panlex-20191001-csv/3975#51731853>				<https://panlex.org/snapshot/panlex-20191001-csv/3975#51731909>		"ʔiːkeː=t"@see	
"xo"@hio	<https://panlex.org/snapshot/panlex-20191001-csv/3975#51733776>				<https://panlex.org/snapshot/panlex-20191001-csv/3975#51733853>		"ʔak=ˈahtɛ̃ty-ɔ̃ːh"@see	
"čeː"@hio	<https://panlex.org/snapshot/panlex-20191001-csv/3975#51723446>				<https://panlex.org/snapshot/panlex-20191001-csv/3975#51723512>		"ʔˈo=ɔ̃hta-ʔ"@see	
"kũ̂"@hio	<https://panlex.org/snapshot/panlex-20191001-csv/3975#51733777>				<https://panlex.org/snapshot/panlex-20191001-csv/3975#51733853>		"ʔak=ˈahtɛ̃ty-ɔ̃ːh"@see	
"ǀúí"@hio	<https://panlex.org/snapshot/panlex-20191001-csv/3975#51729550>				<https://panlex.org/snapshot/panlex-20191001-csv/3975#51729619>		"skaː"@see	
"ǀúí"@hio	<https://panlex.org/snapshot/panlex-20191001-csv/3975#51729550>				<https://panlex.org/snapshot/panlex-20191001-csv/3975#51729618>		"skaːt"@see	
"dʰam"@hio	<https://panlex.org/snapshot/panlex-20191001-csv/3975#51733159>				<https://panlex.org/snapshot/panlex-20191001-csv/3975#51733223>		"ʔˈo=äʔnɔ̃hsa-ʔ"@see	
"ǀʼṍã̀"@hio	<https://panlex.org/snapshot/panlex-20191001-csv/3975#51721840>				<https://panlex.org/snapshot/panlex-20191001-csv/3975#51721895>		"ʔo=ʔnɛ̃ːya-ʔ"@see	
"cʰòé"@hio	<https://panlex.org/snapshot/panlex-20191001-csv/3975#51729701>				<https://panlex.org/snapshot/panlex-20191001-csv/3975#51729769>		"ʔ=ɔ̃ːkwe-h"@see	
"setʰaː"@hio	<https://panlex.org/snapshot/panlex-20191001-csv/3975#51735060>				<https://panlex.org/snapshot/panlex-20191001-csv/3975#51735110>		"ʒˈitkwäː-ʔɛ̃ː-ʔ"@see	
"ɳǀǀáò"@hio	<https://panlex.org/snapshot/panlex-20191001-csv/3975#51728927>				<https://panlex.org/snapshot/panlex-20191001-csv/3975#51728977>		"w=aːseː-ʔ"@see	
"hwe-he"@hio	<https://panlex.org/snapshot/panlex-20191001-csv/3975#51734619>				<https://panlex.org/snapshot/panlex-20191001-csv/3975#51734666>		"ka=kɛ̃ːɛ̃t"@see	
"ǀxúrí"@hio	<https://panlex.org/snapshot/panlex-20191001-csv/3975#51730967>				<https://panlex.org/snapshot/panlex-20191001-csv/3975#51731014>		"ʔo=nˈɔ̃hkwɛ̃ɔ̃-ʔ"@see	
"ɡǀara"@hio	<https://panlex.org/snapshot/panlex-20191001-csv/3975#51722251>				<https://panlex.org/snapshot/panlex-20191001-csv/3975#51722309>		"ʔo=ʔˈehta-ʔ"@see	
"ǀʰoː"@hio	<https://panlex.org/snapshot/panlex-20191001-csv/3975#51725584>				<https://panlex.org/snapshot/panlex-20191001-csv/3975#51725652>		"ʔo=kˈeʔä-ʔ"@see	
"ǀʼô"@hio	<https://panlex.org/snapshot/panlex-20191001-csv/3975#51723309>				<https://panlex.org/snapshot/panlex-20191001-csv/3975#51723365>		"ʔo=hɛ̃ː-h"@see	
"či"@hio	<https://panlex.org/snapshot/panlex-20191001-csv/3975#51726478>				<https://panlex.org/snapshot/panlex-20191001-csv/3975#51726571>		"ʔˈiːʔ"@see	
"či"@hio	<https://panlex.org/snapshot/panlex-20191001-csv/3975#51726478>				<https://panlex.org/snapshot/panlex-20191001-csv/3975#51726572>		"nˈiːʔ"@see	
"=e"@hio	<https://panlex.org/snapshot/panlex-20191001-csv/3975#51734259>				<https://panlex.org/snapshot/panlex-20191001-csv/3975#51734360>		"ʔˈiːʔ"@see	
"=e"@hio	<https://panlex.org/snapshot/panlex-20191001-csv/3975#51734259>				<https://panlex.org/snapshot/panlex-20191001-csv/3975#51734361>		"nˈiːʔ"@see	
"mũ̂"@hio	<https://panlex.org/snapshot/panlex-20191001-csv/3975#51730801>				<https://panlex.org/snapshot/panlex-20191001-csv/3975#51730887>		"ʔakeː=kɛ̃ː-h"@see	
"ǀǀũ̂"@hio	<https://panlex.org/snapshot/panlex-20191001-csv/3975#51721129>				<https://panlex.org/snapshot/panlex-20191001-csv/3975#51721186>		"k=owaːnɛ̃-h"@see	
"hiː"@hio	<https://panlex.org/snapshot/panlex-20191001-csv/3975#51733461>				<https://panlex.org/snapshot/panlex-20191001-csv/3975#51733527>		"k=äːit"@see	
"a"@hio	<https://panlex.org/snapshot/panlex-20191001-csv/3975#51732711>				<https://panlex.org/snapshot/panlex-20191001-csv/3975#51732777>		"neʔhoh"@see	
"cáó"@hio	<https://panlex.org/snapshot/panlex-20191001-csv/3975#51732560>				<https://panlex.org/snapshot/panlex-20191001-csv/3975#51732622>		"kɛ̃=hkaːa-ʔ"@see	
"kau-čo"@hio	<https://panlex.org/snapshot/panlex-20191001-csv/3975#51727787>				<https://panlex.org/snapshot/panlex-20191001-csv/3975#51727854>		"ha=ʒiːnɔ̃-h"@see	
"hom"@hio	<https://panlex.org/snapshot/panlex-20191001-csv/3975#51730499>				<https://panlex.org/snapshot/panlex-20191001-csv/3975#51730555>		"ʔo=ʔnˈehsa-ʔ"@see	
"aba"@hio	<https://panlex.org/snapshot/panlex-20191001-csv/3975#51722989>				<https://panlex.org/snapshot/panlex-20191001-csv/3975#51723061>		"ʒiːyä-h"@see	
"cʼínì"@hio	<https://panlex.org/snapshot/panlex-20191001-csv/3975#51731706>				<https://panlex.org/snapshot/panlex-20191001-csv/3975#51731771>		"ʔo=yˈɛ̃ʔkwäː-ʔ"@see	
"ǀu"@hio	<https://panlex.org/snapshot/panlex-20191001-csv/3975#51735449>				<https://panlex.org/snapshot/panlex-20191001-csv/3975#51735511>		"toskɛ̃h"@see	
"čoː"@hio	<https://panlex.org/snapshot/panlex-20191001-csv/3975#51726196>				<https://panlex.org/snapshot/panlex-20191001-csv/3975#51726258>		"ʔaw=ˈɛ̃nyahsa-ʔ"@see	
"ko-ho"@hio	<https://panlex.org/snapshot/panlex-20191001-csv/3975#51728080>				<https://panlex.org/snapshot/panlex-20191001-csv/3975#51728151>		"ʔo=ʔwˈaː-ʔ"@see	
"ǀʼé"@hio	<https://panlex.org/snapshot/panlex-20191001-csv/3975#51724474>				<https://panlex.org/snapshot/panlex-20191001-csv/3975#51724546>		"ka=ʒiːsta-ʔ"@see	
"qárò"@hio	<https://panlex.org/snapshot/panlex-20191001-csv/3975#51732142>				<https://panlex.org/snapshot/panlex-20191001-csv/3975#51732194>		"ka=ʔskwaːa-ʔ"@see	
"ǀeː"@hio	<https://panlex.org/snapshot/panlex-20191001-csv/3975#51724473>				<https://panlex.org/snapshot/panlex-20191001-csv/3975#51724546>		"ka=ʒiːsta-ʔ"@see	
"ɡǀǀai-čo"@hio	<https://panlex.org/snapshot/panlex-20191001-csv/3975#51734902>				<https://panlex.org/snapshot/panlex-20191001-csv/3975#51734979>		"ye=ɔ̃-h"@see	
"ǀâ"@hio	<https://panlex.org/snapshot/panlex-20191001-csv/3975#51720993>				<https://panlex.org/snapshot/panlex-20191001-csv/3975#51721045>		"ʔo=shˈeːwa-ʔ"@see	
"ʔíbí"@hio	<https://panlex.org/snapshot/panlex-20191001-csv/3975#51723914>				<https://panlex.org/snapshot/panlex-20191001-csv/3975#51723964>		"ʔo=ʔhˈɔ̃hsa-ʔ"@see	
"ḿ-ʔà"@hio	<https://panlex.org/snapshot/panlex-20191001-csv/3975#51725890>				<https://panlex.org/snapshot/panlex-20191001-csv/3975#51725957>		"ʔo=nˈɔ̃ʔɛ̃ː-ʔ"@see	
"ɡǀweː"@hio	<https://panlex.org/snapshot/panlex-20191001-csv/3975#51728235>				<https://panlex.org/snapshot/panlex-20191001-csv/3975#51728299>		"k=ˈäːhkwaː-ʔ"@see	
"ǀo"@hio	<https://panlex.org/snapshot/panlex-20191001-csv/3975#51723308>				<https://panlex.org/snapshot/panlex-20191001-csv/3975#51723365>		"ʔo=hɛ̃ː-h"@see	
"papasi"@hio	<https://panlex.org/snapshot/panlex-20191001-csv/3975#51730275>				<https://panlex.org/snapshot/panlex-20191001-csv/3975#51730322>		"ʔo=ktˈeä-ʔ"@see	
"=bè"@hio	<https://panlex.org/snapshot/panlex-20191001-csv/3975#51734260>				<https://panlex.org/snapshot/panlex-20191001-csv/3975#51734360>		"ʔˈiːʔ"@see	
"=bè"@hio	<https://panlex.org/snapshot/panlex-20191001-csv/3975#51734260>				<https://panlex.org/snapshot/panlex-20191001-csv/3975#51734361>		"nˈiːʔ"@see	
"na-o"@hio	<https://panlex.org/snapshot/panlex-20191001-csv/3975#51734469>				<https://panlex.org/snapshot/panlex-20191001-csv/3975#51734534>		"tɛ̃ʔɛ̃h"@see	
"kareː"@hio	<https://panlex.org/snapshot/panlex-20191001-csv/3975#51724901>				<https://panlex.org/snapshot/panlex-20191001-csv/3975#51724967>		"ʔo=hsˈiʔta-ʔ"@see	
"ǀʼṹ"@hio	<https://panlex.org/snapshot/panlex-20191001-csv/3975#51726669>				<https://panlex.org/snapshot/panlex-20191001-csv/3975#51726728>		"ʔak=iːyoː-h"@see	
"ǯoreː"@hio	<https://panlex.org/snapshot/panlex-20191001-csv/3975#51720862>				<https://panlex.org/snapshot/panlex-20191001-csv/3975#51720919>		"ʔo=ʔwˈaʒista-ʔ"@see	
"guno"@hio	<https://panlex.org/snapshot/panlex-20191001-csv/3975#51735195>				<https://panlex.org/snapshot/panlex-20191001-csv/3975#51735242>		"weːɛ̃h"@see	
"ɕʼĩ̌"@hio	<https://panlex.org/snapshot/panlex-20191001-csv/3975#51727388>				<https://panlex.org/snapshot/panlex-20191001-csv/3975#51727447>		"ʔo=thwˈɛ̃hsa-ʔ"@see	
"ǔ"@hio	<https://panlex.org/snapshot/panlex-20191001-csv/3975#51732713>				<https://panlex.org/snapshot/panlex-20191001-csv/3975#51732777>		"neʔhoh"@see	
"ǀun"@hio	<https://panlex.org/snapshot/panlex-20191001-csv/3975#51728648>				<https://panlex.org/snapshot/panlex-20191001-csv/3975#51728708>		"ka=hsɛ̃ːnɔ̃-ʔ"@see	
"čuri"@hio	<https://panlex.org/snapshot/panlex-20191001-csv/3975#51736388>				<https://panlex.org/snapshot/panlex-20191001-csv/3975#51736450>		"y=oshäː-te-ʔ"@see	
"ibi"@hio	<https://panlex.org/snapshot/panlex-20191001-csv/3975#51723913>				<https://panlex.org/snapshot/panlex-20191001-csv/3975#51723964>		"ʔo=ʔhˈɔ̃hsa-ʔ"@see	
"ɡǀo"@hio	<https://panlex.org/snapshot/panlex-20191001-csv/3975#51724341>				<https://panlex.org/snapshot/panlex-20191001-csv/3975#51724392>		"ʔˈo=äʔta-ʔ"@see	
"ɡǀana"@hio	<https://panlex.org/snapshot/panlex-20191001-csv/3975#51727091>				<https://panlex.org/snapshot/panlex-20191001-csv/3975#51727153>		"ʔo=nˈɛ̃hta-ʔ"@see	
"ɡǀana"@hio	<https://panlex.org/snapshot/panlex-20191001-csv/3975#51727091>				<https://panlex.org/snapshot/panlex-20191001-csv/3975#51727154>		"ʔo=nˈähta-ʔ"@see	
"yiː"@hio	<https://panlex.org/snapshot/panlex-20191001-csv/3975#51733460>				<https://panlex.org/snapshot/panlex-20191001-csv/3975#51733527>		"k=äːit"@see	
"ǀam-e"@hio	<https://panlex.org/snapshot/panlex-20191001-csv/3975#51733612>				<https://panlex.org/snapshot/panlex-20191001-csv/3975#51733689>		"tekhniːh"@see	
"tʰeː"@hio	<https://panlex.org/snapshot/panlex-20191001-csv/3975#51725165>				<https://panlex.org/snapshot/panlex-20191001-csv/3975#51725241>		"hak=aːwiː-h"@see	
"ɳǀǀnâ"@hio	<https://panlex.org/snapshot/panlex-20191001-csv/3975#51726336>				<https://panlex.org/snapshot/panlex-20191001-csv/3975#51726389>		"ʔo=nˈɔ̃ʔkäː-ʔ"@see	
"káré"@hio	<https://panlex.org/snapshot/panlex-20191001-csv/3975#51724902>				<https://panlex.org/snapshot/panlex-20191001-csv/3975#51724967>		"ʔo=hsˈiʔta-ʔ"@see	
"càú"@hio	<https://panlex.org/snapshot/panlex-20191001-csv/3975#51725739>				<https://panlex.org/snapshot/panlex-20191001-csv/3975#51725801>		"ʔo=sʔˈohta-ʔ"@see	
"kʸé"@hio	<https://panlex.org/snapshot/panlex-20191001-csv/3975#51726479>				<https://panlex.org/snapshot/panlex-20191001-csv/3975#51726571>		"ʔˈiːʔ"@see	
"kʸé"@hio	<https://panlex.org/snapshot/panlex-20191001-csv/3975#51726479>				<https://panlex.org/snapshot/panlex-20191001-csv/3975#51726572>		"nˈiːʔ"@see	
"ǂam"@hio	<https://panlex.org/snapshot/panlex-20191001-csv/3975#51728496>				<https://panlex.org/snapshot/panlex-20191001-csv/3975#51728563>		"ha=hsˈa-kaːɛ̃t"@see	
"ɡǀeye"@hio	<https://panlex.org/snapshot/panlex-20191001-csv/3975#51729994>				<https://panlex.org/snapshot/panlex-20191001-csv/3975#51730051>		"tkwˈɛ̃htäː-ʔɛ̃ː-ʔ"@see	
"kʼáò"@hio	<https://panlex.org/snapshot/panlex-20191001-csv/3975#51727788>				<https://panlex.org/snapshot/panlex-20191001-csv/3975#51727854>		"ha=ʒiːnɔ̃-h"@see	
"ǀʼúǹ"@hio	<https://panlex.org/snapshot/panlex-20191001-csv/3975#51728649>				<https://panlex.org/snapshot/panlex-20191001-csv/3975#51728708>		"ka=hsɛ̃ːnɔ̃-ʔ"@see	
"oː"@hio	<https://panlex.org/snapshot/panlex-20191001-csv/3975#51722835>				<https://panlex.org/snapshot/panlex-20191001-csv/3975#51722908>		"haw=ˈeːey-ɔ̃ːh"@see	
"me"@hio	<https://panlex.org/snapshot/panlex-20191001-csv/3975#51730640>				<https://panlex.org/snapshot/panlex-20191001-csv/3975#51730713>		"ʔaːk=ɛ̃ː-h"@see	
"an"@hio	<https://panlex.org/snapshot/panlex-20191001-csv/3975#51726954>				<https://panlex.org/snapshot/panlex-20191001-csv/3975#51727013>		"ʔak=ˈɛ̃nɔ̃htɔ̃-ʔ"@see	
"čui"@hio	<https://panlex.org/snapshot/panlex-20191001-csv/3975#51729216>				<https://panlex.org/snapshot/panlex-20191001-csv/3975#51729289>		"ke=kˈɔ̃ta-ʔkeh"@see	
"ho"@hio	<https://panlex.org/snapshot/panlex-20191001-csv/3975#51732712>				<https://panlex.org/snapshot/panlex-20191001-csv/3975#51732777>		"neʔhoh"@see	
"e"@hio	<https://panlex.org/snapshot/panlex-20191001-csv/3975#51732868>				<https://panlex.org/snapshot/panlex-20191001-csv/3975#51732928>		"nɛ̃:kɛ̃:h"@see	
"ǀǀxoː"@hio	<https://panlex.org/snapshot/panlex-20191001-csv/3975#51721128>				<https://panlex.org/snapshot/panlex-20191001-csv/3975#51721186>		"k=owaːnɛ̃-h"@see	
"cʰǎ"@hio	<https://panlex.org/snapshot/panlex-20191001-csv/3975#51734088>				<https://panlex.org/snapshot/panlex-20191001-csv/3975#51734153>		"ʔoː=neka-no-s"@see	
"tʰàná"@hio	<https://panlex.org/snapshot/panlex-20191001-csv/3975#51727092>				<https://panlex.org/snapshot/panlex-20191001-csv/3975#51727153>		"ʔo=nˈɛ̃hta-ʔ"@see	
"tʰàná"@hio	<https://panlex.org/snapshot/panlex-20191001-csv/3975#51727092>				<https://panlex.org/snapshot/panlex-20191001-csv/3975#51727154>		"ʔo=nˈähta-ʔ"@see	
"tʰapi"@hio	<https://panlex.org/snapshot/panlex-20191001-csv/3975#51724630>				<https://panlex.org/snapshot/panlex-20191001-csv/3975#51724687>		"kɛ̃=ʒɔ̃-h"@see	
"hâ"@hio	<https://panlex.org/snapshot/panlex-20191001-csv/3975#51722652>				<https://panlex.org/snapshot/panlex-20191001-csv/3975#51722741>		"h=aktɔ̃-s"@see	
"dʰau"@hio	<https://panlex.org/snapshot/panlex-20191001-csv/3975#51722110>				<https://panlex.org/snapshot/panlex-20191001-csv/3975#51722171>		"ʔak=hˈɛ̃ʔtaː-h"@see	
"dʰau"@hio	<https://panlex.org/snapshot/panlex-20191001-csv/3975#51730133>				<https://panlex.org/snapshot/panlex-20191001-csv/3975#51730193>		"ʔoː=a-te-ʔ"@see	
"i-he"@hio	<https://panlex.org/snapshot/panlex-20191001-csv/3975#51720590>				<https://panlex.org/snapshot/panlex-20191001-csv/3975#51720649>		"ka=kweːk-ɔ̃h"@see	
"ɡǀǀom"@hio	<https://panlex.org/snapshot/panlex-20191001-csv/3975#51731409>				<https://panlex.org/snapshot/panlex-20191001-csv/3975#51731479>		"ho=tˈaʔ-ɔ̃h"@see	
"kʸê"@hio	<https://panlex.org/snapshot/panlex-20191001-csv/3975#51723447>				<https://panlex.org/snapshot/panlex-20191001-csv/3975#51723512>		"ʔˈo=ɔ̃hta-ʔ"@see	
"debe"@hio	<https://panlex.org/snapshot/panlex-20191001-csv/3975#51735589>				<https://panlex.org/snapshot/panlex-20191001-csv/3975#51735646>		"ʔo=ʒˈikheʔta-ʔ"@see	
"čaiː"@hio	<https://panlex.org/snapshot/panlex-20191001-csv/3975#51724050>				<https://panlex.org/snapshot/panlex-20191001-csv/3975#51724122>		"ka=kˈaː-ʔ"@see	
"ɳǀǀùí"@hio	<https://panlex.org/snapshot/panlex-20191001-csv/3975#51724201>				<https://panlex.org/snapshot/panlex-20191001-csv/3975#51724264>		"ʔoː=nɔ̃-ʔ"@see	
"ǀam"@hio	<https://panlex.org/snapshot/panlex-20191001-csv/3975#51732279>				<https://panlex.org/snapshot/panlex-20191001-csv/3975#51732354>		"k=ˈäːhkwaː-ʔ"@see	
"dú"@hio	<https://panlex.org/snapshot/panlex-20191001-csv/3975#51721549>				<https://panlex.org/snapshot/panlex-20191001-csv/3975#51721607>		"ʒɛ̃ːstˈa-ʔɛ̃ː-ʔ"@see	
"ǀʼóé"@hio	<https://panlex.org/snapshot/panlex-20191001-csv/3975#51725043>				<https://panlex.org/snapshot/panlex-20191001-csv/3975#51725086>		"ka=nɔ̃ːh-ɔ̃h"@see	
"ʔã́"@hio	<https://panlex.org/snapshot/panlex-20191001-csv/3975#51726955>				<https://panlex.org/snapshot/panlex-20191001-csv/3975#51727013>		"ʔak=ˈɛ̃nɔ̃htɔ̃-ʔ"@see	
"ǂxaː"@hio	<https://panlex.org/snapshot/panlex-20191001-csv/3975#51723146>				<https://panlex.org/snapshot/panlex-20191001-csv/3975#51723225>		"hoː=nˈeke-ɛ̃h"@see	
"ɡǀǀwa"@hio	<https://panlex.org/snapshot/panlex-20191001-csv/3975#51732141>				<https://panlex.org/snapshot/panlex-20191001-csv/3975#51732194>		"ka=ʔskwaːa-ʔ"@see	
"ɡǀǀxaie"@hio	<https://panlex.org/snapshot/panlex-20191001-csv/3975#51736276>				<https://panlex.org/snapshot/panlex-20191001-csv/3975#51736319>		"ʔo=ʔnɔ̃wˈɔ̃ehta-ʔ"@see	
"ɡǀǀxaie"@hio	<https://panlex.org/snapshot/panlex-20191001-csv/3975#51736276>				<https://panlex.org/snapshot/panlex-20191001-csv/3975#51736320>		"ʔo=ʔnɔ̃wˈeːhta-ʔ"@see	
"cóḿ"@hio	<https://panlex.org/snapshot/panlex-20191001-csv/3975#51726043>				<https://panlex.org/snapshot/panlex-20191001-csv/3975#51726119>		"ʔak=ˈaːɔ̃k-ɛ̃h"@see	
"kʸô"@hio	<https://panlex.org/snapshot/panlex-20191001-csv/3975#51726197>				<https://panlex.org/snapshot/panlex-20191001-csv/3975#51726258>		"ʔaw=ˈɛ̃nyahsa-ʔ"@see	
"ʔábà"@hio	<https://panlex.org/snapshot/panlex-20191001-csv/3975#51722990>				<https://panlex.org/snapshot/panlex-20191001-csv/3975#51723061>		"ʒiːyä-h"@see	
"zera"@hio	<https://panlex.org/snapshot/panlex-20191001-csv/3975#51721268>				<https://panlex.org/snapshot/panlex-20191001-csv/3975#51721336>		"ʒˈiʔt-ɛ̃ʔɔ̃ː-h"@see	
"zera"@hio	<https://panlex.org/snapshot/panlex-20191001-csv/3975#51721268>				<https://panlex.org/snapshot/panlex-20191001-csv/3975#51721335>		"ʒiʔt-ˈɛ̃ʔɔ̃ː-h"@see	
"ɳǀǀgaː"@hio	<https://panlex.org/snapshot/panlex-20191001-csv/3975#51726335>				<https://panlex.org/snapshot/panlex-20191001-csv/3975#51726389>		"ʔo=nˈɔ̃ʔkäː-ʔ"@see	
"ɲo"@hio	<https://panlex.org/snapshot/panlex-20191001-csv/3975#51731093>				<https://panlex.org/snapshot/panlex-20191001-csv/3975#51731173>		"ke=nyˈosyoːt"@see	
"ǀǀǔ"@hio	<https://panlex.org/snapshot/panlex-20191001-csv/3975#51721973>				<https://panlex.org/snapshot/panlex-20191001-csv/3975#51722029>		"ke=ʔtˈɔ̃hsä-ʔkeh"@see	
"ǀǀoː"@hio	<https://panlex.org/snapshot/panlex-20191001-csv/3975#51721127>				<https://panlex.org/snapshot/panlex-20191001-csv/3975#51721186>		"k=owaːnɛ̃-h"@see	
"cau"@hio	<https://panlex.org/snapshot/panlex-20191001-csv/3975#51725738>				<https://panlex.org/snapshot/panlex-20191001-csv/3975#51725801>		"ʔo=sʔˈohta-ʔ"@see	
"cau"@hio	<https://panlex.org/snapshot/panlex-20191001-csv/3975#51732559>				<https://panlex.org/snapshot/panlex-20191001-csv/3975#51732622>		"kɛ̃=hkaːa-ʔ"@see	
"tʰaka"@hio	<https://panlex.org/snapshot/panlex-20191001-csv/3975#51721689>				<https://panlex.org/snapshot/panlex-20191001-csv/3975#51721755>		"ʔo=tkwˈɛ̃hsa-ʔ"@see	
"ʔyũ̌"@hio	<https://panlex.org/snapshot/panlex-20191001-csv/3975#51723745>				<https://panlex.org/snapshot/panlex-20191001-csv/3975#51723826>		"ʔakeː=k-ɔ̃h"@see	
"ɳǀgwa"@hio	<https://panlex.org/snapshot/panlex-20191001-csv/3975#51721839>				<https://panlex.org/snapshot/panlex-20191001-csv/3975#51721895>		"ʔo=ʔnɛ̃ːya-ʔ"@see	
"ɡǀǀao"@hio	<https://panlex.org/snapshot/panlex-20191001-csv/3975#51735858>				<https://panlex.org/snapshot/panlex-20191001-csv/3975#51735925>		"ʔo=shˈaista-ʔ"@see	
"=tà"@hio	<https://panlex.org/snapshot/panlex-20191001-csv/3975#51729380>				<https://panlex.org/snapshot/panlex-20191001-csv/3975#51729458>		"teʔ-"@see	
"ǀǀúm̀"@hio	<https://panlex.org/snapshot/panlex-20191001-csv/3975#51735724>				<https://panlex.org/snapshot/panlex-20191001-csv/3975#51735778>		"ni=w=ˈakʔaː-h"@see	
"hùrú"@hio	<https://panlex.org/snapshot/panlex-20191001-csv/3975#51722508>				<https://panlex.org/snapshot/panlex-20191001-csv/3975#51722564>		"ʔo=nˈɔ̃ʔnoː-h"@see	
"hai-ni"@hio	<https://panlex.org/snapshot/panlex-20191001-csv/3975#51731564>				<https://panlex.org/snapshot/panlex-20191001-csv/3975#51731623>		"ni=w=ˈaʔaː-h"@see	
"ǀǀúé"@hio	<https://panlex.org/snapshot/panlex-20191001-csv/3975#51727241>				<https://panlex.org/snapshot/panlex-20191001-csv/3975#51727306>		"ha=yˈashɛ̃-ʔ"@see	
"ǀǀúé"@hio	<https://panlex.org/snapshot/panlex-20191001-csv/3975#51731410>				<https://panlex.org/snapshot/panlex-20191001-csv/3975#51731479>		"ho=tˈaʔ-ɔ̃h"@see	
"ɡǀauo"@hio	<https://panlex.org/snapshot/panlex-20191001-csv/3975#51735857>				<https://panlex.org/snapshot/panlex-20191001-csv/3975#51735925>		"ʔo=shˈaista-ʔ"@see	
"kúḿ"@hio	<https://panlex.org/snapshot/panlex-20191001-csv/3975#51735320>				<https://panlex.org/snapshot/panlex-20191001-csv/3975#51735366>		"ʔo=ste-ʔ"@see	
"ɲũ̀"@hio	<https://panlex.org/snapshot/panlex-20191001-csv/3975#51731094>				<https://panlex.org/snapshot/panlex-20191001-csv/3975#51731173>		"ke=nyˈosyoːt"@see	
"ǀam-ɲe"@hio	<https://panlex.org/snapshot/panlex-20191001-csv/3975#51733613>				<https://panlex.org/snapshot/panlex-20191001-csv/3975#51733689>		"tekhniːh"@see	
"ʔyã̂"@hio	<https://panlex.org/snapshot/panlex-20191001-csv/3975#51736137>				<https://panlex.org/snapshot/panlex-20191001-csv/3975#51736205>		"ʔoː=ä-te-ʔ"@see	
"dáó"@hio	<https://panlex.org/snapshot/panlex-20191001-csv/3975#51730134>				<https://panlex.org/snapshot/panlex-20191001-csv/3975#51730193>		"ʔoː=a-te-ʔ"@see	
"=á"@hio	<https://panlex.org/snapshot/panlex-20191001-csv/3975#51734261>				<https://panlex.org/snapshot/panlex-20191001-csv/3975#51734360>		"ʔˈiːʔ"@see	
"=á"@hio	<https://panlex.org/snapshot/panlex-20191001-csv/3975#51734261>				<https://panlex.org/snapshot/panlex-20191001-csv/3975#51734361>		"nˈiːʔ"@see	
"ǂxaine"@hio	<https://panlex.org/snapshot/panlex-20191001-csv/3975#51731986>				<https://panlex.org/snapshot/panlex-20191001-csv/3975#51732052>		"ʔo=ʒˈihsɔ̃ʔta-ʔ"@see	
"ǀʼàré"@hio	<https://panlex.org/snapshot/panlex-20191001-csv/3975#51731565>				<https://panlex.org/snapshot/panlex-20191001-csv/3975#51731623>		"ni=w=ˈaʔaː-h"@see	
"ča"@hio	<https://panlex.org/snapshot/panlex-20191001-csv/3975#51733011>				<https://panlex.org/snapshot/panlex-20191001-csv/3975#51733074>		"nˈiːs"@see	
"ča"@hio	<https://panlex.org/snapshot/panlex-20191001-csv/3975#51733011>				<https://panlex.org/snapshot/panlex-20191001-csv/3975#51733073>		"ʔˈiːs"@see	
"ɡǀoː"@hio	<https://panlex.org/snapshot/panlex-20191001-csv/3975#51726668>				<https://panlex.org/snapshot/panlex-20191001-csv/3975#51726728>		"ʔak=iːyoː-h"@see	
"yǐ"@hio	<https://panlex.org/snapshot/panlex-20191001-csv/3975#51733462>				<https://panlex.org/snapshot/panlex-20191001-csv/3975#51733527>		"k=äːit"@see	
"hma"@hio	<https://panlex.org/snapshot/panlex-20191001-csv/3975#51725889>				<https://panlex.org/snapshot/panlex-20191001-csv/3975#51725957>		"ʔo=nˈɔ̃ʔɛ̃ː-ʔ"@see	
"ɡǀǀam"@hio	<https://panlex.org/snapshot/panlex-20191001-csv/3975#51727654>				<https://panlex.org/snapshot/panlex-20191001-csv/3975#51727706>		"ʒiʔnɔ̃ː-h"@see	
"ɕxàí"@hio	<https://panlex.org/snapshot/panlex-20191001-csv/3975#51724051>				<https://panlex.org/snapshot/panlex-20191001-csv/3975#51724122>		"ka=kˈaː-ʔ"@see	
"ǀʼáó"@hio	<https://panlex.org/snapshot/panlex-20191001-csv/3975#51735859>				<https://panlex.org/snapshot/panlex-20191001-csv/3975#51735925>		"ʔo=shˈaista-ʔ"@see	
"kukuru"@hio	<https://panlex.org/snapshot/panlex-20191001-csv/3975#51726815>				<https://panlex.org/snapshot/panlex-20191001-csv/3975#51726868>		"ʔˈa=ɔ̃sha-ʔ"@see	
"če"@hio	<https://panlex.org/snapshot/panlex-20191001-csv/3975#51727387>				<https://panlex.org/snapshot/panlex-20191001-csv/3975#51727447>		"ʔo=thwˈɛ̃hsa-ʔ"@see	
"ɕúì"@hio	<https://panlex.org/snapshot/panlex-20191001-csv/3975#51729218>				<https://panlex.org/snapshot/panlex-20191001-csv/3975#51729289>		"ke=kˈɔ̃ta-ʔkeh"@see	
"ǯoaː"@hio	<https://panlex.org/snapshot/panlex-20191001-csv/3975#51720730>				<https://panlex.org/snapshot/panlex-20191001-csv/3975#51720787>		"ʔo=ʔkˈɛ̃ː-ʔ"@see	
"moː"@hio	<https://panlex.org/snapshot/panlex-20191001-csv/3975#51730800>				<https://panlex.org/snapshot/panlex-20191001-csv/3975#51730887>		"ʔakeː=kɛ̃ː-h"@see	
"wúdú"@hio	<https://panlex.org/snapshot/panlex-20191001-csv/3975#51729995>				<https://panlex.org/snapshot/panlex-20191001-csv/3975#51730051>		"tkwˈɛ̃htäː-ʔɛ̃ː-ʔ"@see	
"ǀǀom-ɲe"@hio	<https://panlex.org/snapshot/panlex-20191001-csv/3975#51735723>				<https://panlex.org/snapshot/panlex-20191001-csv/3975#51735778>		"ni=w=ˈakʔaː-h"@see	
"ǂom"@hio	<https://panlex.org/snapshot/panlex-20191001-csv/3975#51722386>				<https://panlex.org/snapshot/panlex-20191001-csv/3975#51722433>		"ʔo=hʒˈiʔkä-ʔ"@see	
"tú"@hio	<https://panlex.org/snapshot/panlex-20191001-csv/3975#51729855>				<https://panlex.org/snapshot/panlex-20191001-csv/3975#51729913>		"ʔo=staːa-ʔ"@see	
"kʰǒ"@hio	<https://panlex.org/snapshot/panlex-20191001-csv/3975#51731254>				<https://panlex.org/snapshot/panlex-20191001-csv/3975#51731325>		"k=iːnˈɔ̃ː-neh"@see	
"ka"@hio	<https://panlex.org/snapshot/panlex-20191001-csv/3975#51723744>				<https://panlex.org/snapshot/panlex-20191001-csv/3975#51723826>		"ʔakeː=k-ɔ̃h"@see	
