"alo-n"@lib	<https://panlex.org/snapshot/panlex-20191001-csv/114#8058484>				<https://panlex.org/snapshot/panlex-20191001-csv/114#8058765>		"bʉeo"@tsu	
"d̃akaʔan"@lib	<https://panlex.org/snapshot/panlex-20191001-csv/114#8056486>				<https://panlex.org/snapshot/panlex-20191001-csv/114#8056735>		"cáʔi"@tsu	
"d̃akaʔan"@lib	<https://panlex.org/snapshot/panlex-20191001-csv/114#8056486>				<https://panlex.org/snapshot/panlex-20191001-csv/114#8056734>		"cái"@tsu	
"ate-n"@lib	<https://panlex.org/snapshot/panlex-20191001-csv/114#8059998>				<https://panlex.org/snapshot/panlex-20191001-csv/114#8060234>		"hʔónu"@tsu	
"kelite-n"@lib	<https://panlex.org/snapshot/panlex-20191001-csv/114#8053344>				<https://panlex.org/snapshot/panlex-20191001-csv/114#8053616>		"rúru"@tsu	
"lihe-n"@lib	<https://panlex.org/snapshot/panlex-20191001-csv/114#8067285>				<https://panlex.org/snapshot/panlex-20191001-csv/114#8067547>		"hísi"@tsu	
"e-puton"@lib	<https://panlex.org/snapshot/panlex-20191001-csv/114#8062094>				<https://panlex.org/snapshot/panlex-20191001-csv/114#8062314>		"máʔmi"@tsu	
"karameʔe-n"@lib	<https://panlex.org/snapshot/panlex-20191001-csv/114#8067812>				<https://panlex.org/snapshot/panlex-20191001-csv/114#8068061>		"úmo"@tsu	
"eso koha-n"@lib	<https://panlex.org/snapshot/panlex-20191001-csv/114#8065754>				<https://panlex.org/snapshot/panlex-20191001-csv/114#8065964>		"eunsóu"@tsu	
"lime-n"@lib	<https://panlex.org/snapshot/panlex-20191001-csv/114#8051852>				<https://panlex.org/snapshot/panlex-20191001-csv/114#8052127>		"múcu"@tsu	
"pwaha-n"@lib	<https://panlex.org/snapshot/panlex-20191001-csv/114#8066726>				<https://panlex.org/snapshot/panlex-20191001-csv/114#8066993>		"ŋáeo"@tsu	
"cay"@lib	<https://panlex.org/snapshot/panlex-20191001-csv/114#8063077>				<https://panlex.org/snapshot/panlex-20191001-csv/114#8063334>		"hmúeu"@tsu	
"cui-n"@lib	<https://panlex.org/snapshot/panlex-20191001-csv/114#8059032>				<https://panlex.org/snapshot/panlex-20191001-csv/114#8059276>		"cʉ́ehʉ"@tsu	
"noʔo-n"@lib	<https://panlex.org/snapshot/panlex-20191001-csv/114#8065257>				<https://panlex.org/snapshot/panlex-20191001-csv/114#8065518>		"ŋʉcʉ"@tsu	
