"Burutic ɣe̱ndian oce̱n"@nus	<https://panlex.org/snapshot/panlex-20191001-csv/6898#113584410>				<https://panlex.org/snapshot/panlex-20191001-csv/6898#113584385>		"Britiši Indu teekoo laama"@dje	
"Kolombia"@nus	<https://panlex.org/snapshot/panlex-20191001-csv/6898#113620683>				<https://panlex.org/snapshot/panlex-20191001-csv/6898#113620803>		"Kolombi"@dje	
"Kɔŋgɔ"@nus	<https://panlex.org/snapshot/panlex-20191001-csv/6898#113599289>				<https://panlex.org/snapshot/panlex-20191001-csv/6898#113599242>		"Kongoo"@dje	
"Bengeladiec"@nus	<https://panlex.org/snapshot/panlex-20191001-csv/6898#113632193>				<https://panlex.org/snapshot/panlex-20191001-csv/6898#113632131>		"Bangladeši"@dje	
"Amerika thamow"@nus	<https://panlex.org/snapshot/panlex-20191001-csv/6898#113606309>				<https://panlex.org/snapshot/panlex-20191001-csv/6898#113606298>		"Ameriki Samoa"@dje	
"Kothtirika"@nus	<https://panlex.org/snapshot/panlex-20191001-csv/6898#113598464>				<https://panlex.org/snapshot/panlex-20191001-csv/6898#113598481>		"Kosta rika"@dje	
"Bilidha"@nus	<https://panlex.org/snapshot/panlex-20191001-csv/6898#113609038>				<https://panlex.org/snapshot/panlex-20191001-csv/6898#113608895>		"Beliizi"@dje	
"Aŋguɛla"@nus	<https://panlex.org/snapshot/panlex-20191001-csv/6898#113587613>				<https://panlex.org/snapshot/panlex-20191001-csv/6898#113587545>		"Angiiya"@dje	
"Bothnia kɛnɛ ɣärgobinia"@nus	<https://panlex.org/snapshot/panlex-20191001-csv/6898#113596763>				<https://panlex.org/snapshot/panlex-20191001-csv/6898#113596802>		"Bosni nda Herzegovine"@dje	
"Kodibo̱o̱"@nus	<https://panlex.org/snapshot/panlex-20191001-csv/6898#113640474>				<https://panlex.org/snapshot/panlex-20191001-csv/6898#113640416>		"Kudwar"@dje	
"Korwaatia"@nus	<https://panlex.org/snapshot/panlex-20191001-csv/6898#113623187>				<https://panlex.org/snapshot/panlex-20191001-csv/6898#113623281>		"Krwaasi"@dje	
"Be̱rmudaa"@nus	<https://panlex.org/snapshot/panlex-20191001-csv/6898#113607256>				<https://panlex.org/snapshot/panlex-20191001-csv/6898#113607368>		"Bermuda"@dje	
