"Burutic ɣe̱ndian oce̱n"@nus	<https://panlex.org/snapshot/panlex-20191001-csv/6898#113584410>				<https://panlex.org/snapshot/panlex-20191001-csv/6898#113584332>		"Britisch Rebeed in’n Indischen Ozean"@nds	
"Kolombia"@nus	<https://panlex.org/snapshot/panlex-20191001-csv/6898#113620683>				<https://panlex.org/snapshot/panlex-20191001-csv/6898#113620762>		"Kolumbien"@nds	
"Kɔŋgɔ"@nus	<https://panlex.org/snapshot/panlex-20191001-csv/6898#113599289>				<https://panlex.org/snapshot/panlex-20191001-csv/6898#113599176>		"Republik Kongo"@nds	
"Bengeladiec"@nus	<https://panlex.org/snapshot/panlex-20191001-csv/6898#113632193>				<https://panlex.org/snapshot/panlex-20191001-csv/6898#113632164>		"Bangladesch"@nds	
"Amerika thamow"@nus	<https://panlex.org/snapshot/panlex-20191001-csv/6898#113606309>				<https://panlex.org/snapshot/panlex-20191001-csv/6898#113606328>		"Amerikaansch-Samoa"@nds	
"Kothtirika"@nus	<https://panlex.org/snapshot/panlex-20191001-csv/6898#113598464>				<https://panlex.org/snapshot/panlex-20191001-csv/6898#113598346>		"Costa Rica"@nds	
"Bilidha"@nus	<https://panlex.org/snapshot/panlex-20191001-csv/6898#113609038>				<https://panlex.org/snapshot/panlex-20191001-csv/6898#113608922>		"Belize"@nds	
"Aŋguɛla"@nus	<https://panlex.org/snapshot/panlex-20191001-csv/6898#113587613>				<https://panlex.org/snapshot/panlex-20191001-csv/6898#113587501>		"Anguilla"@nds	
"Bothnia kɛnɛ ɣärgobinia"@nus	<https://panlex.org/snapshot/panlex-20191001-csv/6898#113596763>				<https://panlex.org/snapshot/panlex-20191001-csv/6898#113596695>		"Bosnien un Herzegowina"@nds	
"Kodibo̱o̱"@nus	<https://panlex.org/snapshot/panlex-20191001-csv/6898#113640474>				<https://panlex.org/snapshot/panlex-20191001-csv/6898#113640587>		"Elfenbeenküst"@nds	
"Korwaatia"@nus	<https://panlex.org/snapshot/panlex-20191001-csv/6898#113623187>				<https://panlex.org/snapshot/panlex-20191001-csv/6898#113623150>		"Kroatien"@nds	
"Be̱rmudaa"@nus	<https://panlex.org/snapshot/panlex-20191001-csv/6898#113607256>				<https://panlex.org/snapshot/panlex-20191001-csv/6898#113607307>		"Bermuda"@nds	
