"satloum"@sxr	<https://panlex.org/snapshot/panlex-20191001-csv/12#851175>				<https://panlex.org/snapshot/panlex-20191001-csv/12#851183>		"we"@tdt	
"muacəkəɬə"@sxr	<https://panlex.org/snapshot/panlex-20191001-csv/114#8055165>				<https://panlex.org/snapshot/panlex-20191001-csv/114#8055179>		"mai"@tdt	
"ʔaciʔi"@sxr	<https://panlex.org/snapshot/panlex-20191001-csv/114#8060194>				<https://panlex.org/snapshot/panlex-20191001-csv/114#8060206>		"aten"@tdt	
"muruaɬə"@sxr	<https://panlex.org/snapshot/panlex-20191001-csv/114#8062786>				<https://panlex.org/snapshot/panlex-20191001-csv/114#8062800>		"tauk"@tdt	
"muruaɬə"@sxr	<https://panlex.org/snapshot/panlex-20191001-csv/114#8062786>				<https://panlex.org/snapshot/panlex-20191001-csv/114#8062799>		"hatauk"@tdt	
"likoso"@sxr	<https://panlex.org/snapshot/panlex-20191001-csv/114#8058164>				<https://panlex.org/snapshot/panlex-20191001-csv/114#8058184>		"kottuk"@tdt	
"baliɬacə"@sxr	<https://panlex.org/snapshot/panlex-20191001-csv/114#8057662>				<https://panlex.org/snapshot/panlex-20191001-csv/114#8057678>		"kulit"@tdt	
"mussou"@sxr	<https://panlex.org/snapshot/panlex-20191001-csv/114#8066948>				<https://panlex.org/snapshot/panlex-20191001-csv/114#8066966>		"ibun"@tdt	
"mussou"@sxr	<https://panlex.org/snapshot/panlex-20191001-csv/114#8066948>				<https://panlex.org/snapshot/panlex-20191001-csv/114#8066967>		"nunun"@tdt	
"cúlaɬə"@sxr	<https://panlex.org/snapshot/panlex-20191001-csv/114#8059232>				<https://panlex.org/snapshot/panlex-20191001-csv/114#8059249>		"ruʔin"@tdt	
"cúlaɬə"@sxr	<https://panlex.org/snapshot/panlex-20191001-csv/114#8059232>				<https://panlex.org/snapshot/panlex-20191001-csv/114#8059248>		"ruin"@tdt	
"kuaŋələɬa"@sxr	<https://panlex.org/snapshot/panlex-20191001-csv/114#8064370>				<https://panlex.org/snapshot/panlex-20191001-csv/114#8064388>		"kakorok"@tdt	
"aləməsa"@sxr	<https://panlex.org/snapshot/panlex-20191001-csv/114#8064368>				<https://panlex.org/snapshot/panlex-20191001-csv/114#8064388>		"kakorok"@tdt	
"sapaɬə"@sxr	<https://panlex.org/snapshot/panlex-20191001-csv/114#8053566>				<https://panlex.org/snapshot/panlex-20191001-csv/114#8053583>		"ain"@tdt	
"sakuapikolo"@sxr	<https://panlex.org/snapshot/panlex-20191001-csv/114#8055663>				<https://panlex.org/snapshot/panlex-20191001-csv/114#8055677>		"faur"@tdt	
"sakuapikolo"@sxr	<https://panlex.org/snapshot/panlex-20191001-csv/114#8055663>				<https://panlex.org/snapshot/panlex-20191001-csv/114#8055678>		"fila"@tdt	
"sakuapikolo"@sxr	<https://panlex.org/snapshot/panlex-20191001-csv/114#8055663>				<https://panlex.org/snapshot/panlex-20191001-csv/114#8055679>		"filas"@tdt	
"iri"@sxr	<https://panlex.org/snapshot/panlex-20191001-csv/114#8052560>				<https://panlex.org/snapshot/panlex-20191001-csv/114#8052579>		"karuk (liman karuk)"@tdt	
"iri"@sxr	<https://panlex.org/snapshot/panlex-20191001-csv/114#8052560>				<https://panlex.org/snapshot/panlex-20191001-csv/114#8052578>		"karuk"@tdt	
"ʔabasə"@sxr	<https://panlex.org/snapshot/panlex-20191001-csv/114#8068017>				<https://panlex.org/snapshot/panlex-20191001-csv/114#8068034>		"nanal"@tdt	
"ʔabasə"@sxr	<https://panlex.org/snapshot/panlex-20191001-csv/114#8068017>				<https://panlex.org/snapshot/panlex-20191001-csv/114#8068033>		"nanaan"@tdt	
"muruaniania:"@sxr	<https://panlex.org/snapshot/panlex-20191001-csv/114#8065930>				<https://panlex.org/snapshot/panlex-20191001-csv/114#8065941>		"hasaè nawan"@tdt	
"muruaniania:"@sxr	<https://panlex.org/snapshot/panlex-20191001-csv/114#8065930>				<https://panlex.org/snapshot/panlex-20191001-csv/114#8065940>		"dada iis"@tdt	
"takəəsə́ələ"@sxr	<https://panlex.org/snapshot/panlex-20191001-csv/114#8055664>				<https://panlex.org/snapshot/panlex-20191001-csv/114#8055677>		"faur"@tdt	
"takəəsə́ələ"@sxr	<https://panlex.org/snapshot/panlex-20191001-csv/114#8055664>				<https://panlex.org/snapshot/panlex-20191001-csv/114#8055678>		"fila"@tdt	
"takəəsə́ələ"@sxr	<https://panlex.org/snapshot/panlex-20191001-csv/114#8055664>				<https://panlex.org/snapshot/panlex-20191001-csv/114#8055679>		"filas"@tdt	
"bangou"@sxr	<https://panlex.org/snapshot/panlex-20191001-csv/114#8063832>				<https://panlex.org/snapshot/panlex-20191001-csv/114#8063852>		"ulun"@tdt	
"a:ɬaŋəaŋa"@sxr	<https://panlex.org/snapshot/panlex-20191001-csv/114#8056686>				<https://panlex.org/snapshot/panlex-20191001-csv/114#8056704>		"kfur"@tdt	
"a:ɬaŋəaŋa"@sxr	<https://panlex.org/snapshot/panlex-20191001-csv/114#8056686>				<https://panlex.org/snapshot/panlex-20191001-csv/114#8056703>		"karebo"@tdt	
"a:ɬaŋəaŋa"@sxr	<https://panlex.org/snapshot/panlex-20191001-csv/114#8056686>				<https://panlex.org/snapshot/panlex-20191001-csv/114#8056702>		"foer"@tdt	
"makaɬaŋolo"@sxr	<https://panlex.org/snapshot/panlex-20191001-csv/114#8056176>				<https://panlex.org/snapshot/panlex-20191001-csv/114#8056192>		"nani"@tdt	
"aɬanə"@sxr	<https://panlex.org/snapshot/panlex-20191001-csv/114#8053020>				<https://panlex.org/snapshot/panlex-20191001-csv/114#8053036>		"los (liman los)"@tdt	
"aɬanə"@sxr	<https://panlex.org/snapshot/panlex-20191001-csv/114#8053020>				<https://panlex.org/snapshot/panlex-20191001-csv/114#8053035>		"kwana"@tdt	
"ʔususu"@sxr	<https://panlex.org/snapshot/panlex-20191001-csv/114#8060758>				<https://panlex.org/snapshot/panlex-20191001-csv/114#8060782>		"susun"@tdt	
