"muacəkəɬə"@sxr	<https://panlex.org/snapshot/panlex-20191001-csv/114#8055165>				<https://panlex.org/snapshot/panlex-20191001-csv/114#8055228>		"vwelem"@vnm	
"ʔaciʔi"@sxr	<https://panlex.org/snapshot/panlex-20191001-csv/114#8060194>				<https://panlex.org/snapshot/panlex-20191001-csv/114#8060255>		"nemabu-"@vnm	
"muruaɬə"@sxr	<https://panlex.org/snapshot/panlex-20191001-csv/114#8062786>				<https://panlex.org/snapshot/panlex-20191001-csv/114#8062842>		"metaʼ"@vnm	
"likoso"@sxr	<https://panlex.org/snapshot/panlex-20191001-csv/114#8058164>				<https://panlex.org/snapshot/panlex-20191001-csv/114#8058231>		"netaʼa"@vnm	
"baliɬacə"@sxr	<https://panlex.org/snapshot/panlex-20191001-csv/114#8057662>				<https://panlex.org/snapshot/panlex-20191001-csv/114#8057727>		"nivini-"@vnm	
"mussou"@sxr	<https://panlex.org/snapshot/panlex-20191001-csv/114#8066948>				<https://panlex.org/snapshot/panlex-20191001-csv/114#8067019>		"noboŋo-"@vnm	
"cúlaɬə"@sxr	<https://panlex.org/snapshot/panlex-20191001-csv/114#8059232>				<https://panlex.org/snapshot/panlex-20191001-csv/114#8059299>		"nobologo-"@vnm	
"kuaŋələɬa"@sxr	<https://panlex.org/snapshot/panlex-20191001-csv/114#8064370>				<https://panlex.org/snapshot/panlex-20191001-csv/114#8064443>		"nebeloa-"@vnm	
"aləməsa"@sxr	<https://panlex.org/snapshot/panlex-20191001-csv/114#8064368>				<https://panlex.org/snapshot/panlex-20191001-csv/114#8064443>		"nebeloa-"@vnm	
"sapaɬə"@sxr	<https://panlex.org/snapshot/panlex-20191001-csv/114#8053566>				<https://panlex.org/snapshot/panlex-20191001-csv/114#8053643>		"netal-"@vnm	
"sakuapikolo"@sxr	<https://panlex.org/snapshot/panlex-20191001-csv/114#8055663>				<https://panlex.org/snapshot/panlex-20191001-csv/114#8055717>		"vilih"@vnm	
"iri"@sxr	<https://panlex.org/snapshot/panlex-20191001-csv/114#8052560>				<https://panlex.org/snapshot/panlex-20191001-csv/114#8052624>		"mwiyir"@vnm	
"ʔabasə"@sxr	<https://panlex.org/snapshot/panlex-20191001-csv/114#8068017>				<https://panlex.org/snapshot/panlex-20191001-csv/114#8068085>		"neleme-"@vnm	
"muruaniania:"@sxr	<https://panlex.org/snapshot/panlex-20191001-csv/114#8065930>				<https://panlex.org/snapshot/panlex-20191001-csv/114#8065978>		"ŋusŋus"@vnm	
"takəəsə́ələ"@sxr	<https://panlex.org/snapshot/panlex-20191001-csv/114#8055664>				<https://panlex.org/snapshot/panlex-20191001-csv/114#8055717>		"vilih"@vnm	
"bangou"@sxr	<https://panlex.org/snapshot/panlex-20191001-csv/114#8063832>				<https://panlex.org/snapshot/panlex-20191001-csv/114#8063909>		"nebat-"@vnm	
"a:ɬaŋəaŋa"@sxr	<https://panlex.org/snapshot/panlex-20191001-csv/114#8056686>				<https://panlex.org/snapshot/panlex-20191001-csv/114#8056753>		"metemet"@vnm	
"makaɬaŋolo"@sxr	<https://panlex.org/snapshot/panlex-20191001-csv/114#8056176>				<https://panlex.org/snapshot/panlex-20191001-csv/114#8056242>		"gar"@vnm	
"aɬanə"@sxr	<https://panlex.org/snapshot/panlex-20191001-csv/114#8053020>				<https://panlex.org/snapshot/panlex-20191001-csv/114#8053079>		"bweradaŋ"@vnm	
"ʔususu"@sxr	<https://panlex.org/snapshot/panlex-20191001-csv/114#8060758>				<https://panlex.org/snapshot/panlex-20191001-csv/114#8060842>		"numumum"@vnm	
"ʔususu"@sxr	<https://panlex.org/snapshot/panlex-20191001-csv/114#8060758>				<https://panlex.org/snapshot/panlex-20191001-csv/114#8060843>		"nusus-"@vnm	
