"माणकुलो राजकुंवर"@gom	<https://panlex.org/snapshot/panlex-20191001-csv/6710#111083123>				<https://panlex.org/snapshot/panlex-20191001-csv/6710#111083096>		"De lüche Prinz"@frr	
"बुधवार"@gom	<https://panlex.org/snapshot/panlex-20191001-csv/2892#110825073>				<https://panlex.org/snapshot/panlex-20191001-csv/2892#110825230>		"Winsdei"@frr	
"मंगळार"@gom	<https://panlex.org/snapshot/panlex-20191001-csv/2892#110824798>				<https://panlex.org/snapshot/panlex-20191001-csv/2892#110824478>		"Tirsdei"@frr	
"शनिवार"@gom	<https://panlex.org/snapshot/panlex-20191001-csv/2892#110826183>				<https://panlex.org/snapshot/panlex-20191001-csv/2892#110826285>		"Sennin"@frr	
"गुरुवार"@gom	<https://panlex.org/snapshot/panlex-20191001-csv/2892#110825449>				<https://panlex.org/snapshot/panlex-20191001-csv/2892#110825583>		"Türsdei"@frr	
"शुक्रवार"@gom	<https://panlex.org/snapshot/panlex-20191001-csv/2892#110825816>				<https://panlex.org/snapshot/panlex-20191001-csv/2892#110825999>		"Frideisennin"@frr	
"सोमवार"@gom	<https://panlex.org/snapshot/panlex-20191001-csv/2892#110824236>				<https://panlex.org/snapshot/panlex-20191001-csv/2892#110824061>		"Monnendei"@frr	
"आदित्यवार"@gom	<https://panlex.org/snapshot/panlex-20191001-csv/2892#110826877>				<https://panlex.org/snapshot/panlex-20191001-csv/2892#110826978>		"Sennedei"@frr	
"फ़ेब्रुवारी"@gom	<https://panlex.org/snapshot/panlex-20191001-csv/2897#110827741>				<https://panlex.org/snapshot/panlex-20191001-csv/2897#110827484>		"Febrewoore"@frr	
"जानेवारी"@gom	<https://panlex.org/snapshot/panlex-20191001-csv/2897#110827337>				<https://panlex.org/snapshot/panlex-20191001-csv/2897#110827124>		"Janewoore"@frr	
"जून"@gom	<https://panlex.org/snapshot/panlex-20191001-csv/2897#110829147>				<https://panlex.org/snapshot/panlex-20191001-csv/2897#110829390>		"Jüüne"@frr	
"ओक्टोबर"@gom	<https://panlex.org/snapshot/panlex-20191001-csv/2897#110830874>				<https://panlex.org/snapshot/panlex-20191001-csv/2897#110831038>		"Oktuuber"@frr	
"एप्रिल"@gom	<https://panlex.org/snapshot/panlex-20191001-csv/2897#110828488>				<https://panlex.org/snapshot/panlex-20191001-csv/2897#110828355>		"April"@frr	
"मे"@gom	<https://panlex.org/snapshot/panlex-20191001-csv/2897#110828688>				<https://panlex.org/snapshot/panlex-20191001-csv/2897#110828806>		"Mei"@frr	
"ओगस्ट"@gom	<https://panlex.org/snapshot/panlex-20191001-csv/2897#110829944>				<https://panlex.org/snapshot/panlex-20191001-csv/2897#110829974>		"August"@frr	
"डिसेंबर"@gom	<https://panlex.org/snapshot/panlex-20191001-csv/2897#110831568>				<https://panlex.org/snapshot/panlex-20191001-csv/2897#110831674>		"Detsember"@frr	
"जुलै"@gom	<https://panlex.org/snapshot/panlex-20191001-csv/2897#110829619>				<https://panlex.org/snapshot/panlex-20191001-csv/2897#110829808>		"Jüüle"@frr	
"मार्च"@gom	<https://panlex.org/snapshot/panlex-20191001-csv/2897#110827922>				<https://panlex.org/snapshot/panlex-20191001-csv/2897#110828014>		"Maarts"@frr	
"सेप्टेंबर"@gom	<https://panlex.org/snapshot/panlex-20191001-csv/2897#110830714>				<https://panlex.org/snapshot/panlex-20191001-csv/2897#110830324>		"September"@frr	
"नोव्हेंबर"@gom	<https://panlex.org/snapshot/panlex-20191001-csv/2897#110831282>				<https://panlex.org/snapshot/panlex-20191001-csv/2897#110831471>		"Nofember"@frr	
