"eŋit"@mbb	<https://panlex.org/snapshot/panlex-20191001-csv/114#8068376>				<https://panlex.org/snapshot/panlex-20191001-csv/114#8068271>		"ngiqngiq"@ify	
"eŋit"@mbb	<https://panlex.org/snapshot/panlex-20191001-csv/114#8068376>				<https://panlex.org/snapshot/panlex-20191001-csv/114#8068270>		"kumiki"@ify	
"liqɨg"@mbb	<https://panlex.org/snapshot/panlex-20191001-csv/114#8064199>				<https://panlex.org/snapshot/panlex-20191001-csv/114#8064096>		"bagang"@ify	
"liqɨg"@mbb	<https://panlex.org/snapshot/panlex-20191001-csv/114#8064199>				<https://panlex.org/snapshot/panlex-20191001-csv/114#8064097>		"buklew"@ify	
"susu"@mbb	<https://panlex.org/snapshot/panlex-20191001-csv/114#8060571>				<https://panlex.org/snapshot/panlex-20191001-csv/114#8060455>		"pagew"@ify	
"susu"@mbb	<https://panlex.org/snapshot/panlex-20191001-csv/114#8060571>				<https://panlex.org/snapshot/panlex-20191001-csv/114#8060454>		"huhuq"@ify	
"susu"@mbb	<https://panlex.org/snapshot/panlex-20191001-csv/114#8060571>				<https://panlex.org/snapshot/panlex-20191001-csv/114#8060456>		"palagpag"@ify	
"kewanen"@mbb	<https://panlex.org/snapshot/panlex-20191001-csv/114#8052866>				<https://panlex.org/snapshot/panlex-20191001-csv/114#8052781>		"qawwan"@ify	
"kewanen"@mbb	<https://panlex.org/snapshot/panlex-20191001-csv/114#8052866>				<https://panlex.org/snapshot/panlex-20191001-csv/114#8052782>		"wannan"@ify	
"leŋesa"@mbb	<https://panlex.org/snapshot/panlex-20191001-csv/114#8063116>				<https://panlex.org/snapshot/panlex-20191001-csv/114#8063012>		"da:la"@ify	
"leŋesa"@mbb	<https://panlex.org/snapshot/panlex-20191001-csv/114#8063116>				<https://panlex.org/snapshot/panlex-20191001-csv/114#8063013>		"kuheyaw"@ify	
"pemenayen"@mbb	<https://panlex.org/snapshot/panlex-20191001-csv/114#8061098>				<https://panlex.org/snapshot/panlex-20191001-csv/114#8061010>		"pahhanan"@ify	
"pemenayen"@mbb	<https://panlex.org/snapshot/panlex-20191001-csv/114#8061098>				<https://panlex.org/snapshot/panlex-20191001-csv/114#8061011>		"pu:qol"@ify	
"lundis"@mbb	<https://panlex.org/snapshot/panlex-20191001-csv/114#8057488>				<https://panlex.org/snapshot/panlex-20191001-csv/114#8057386>		"qupqup"@ify	
"lundis"@mbb	<https://panlex.org/snapshot/panlex-20191001-csv/114#8057488>				<https://panlex.org/snapshot/panlex-20191001-csv/114#8057385>		"belat"@ify	
"pɨka"@mbb	<https://panlex.org/snapshot/panlex-20191001-csv/114#8058003>				<https://panlex.org/snapshot/panlex-20191001-csv/114#8057901>		"bonog"@ify	
"pɨka"@mbb	<https://panlex.org/snapshot/panlex-20191001-csv/114#8058003>				<https://panlex.org/snapshot/panlex-20191001-csv/114#8057900>		"beneg"@ify	
"ulu"@mbb	<https://panlex.org/snapshot/panlex-20191001-csv/114#8063656>				<https://panlex.org/snapshot/panlex-20191001-csv/114#8063552>		"quluq"@ify	
"ulu"@mbb	<https://panlex.org/snapshot/panlex-20191001-csv/114#8063656>				<https://panlex.org/snapshot/panlex-20191001-csv/114#8063551>		"qu:lu"@ify	
"handɨk"@mbb	<https://panlex.org/snapshot/panlex-20191001-csv/114#8062619>				<https://panlex.org/snapshot/panlex-20191001-csv/114#8062509>		"tuma:qot"@ify	
"handɨk"@mbb	<https://panlex.org/snapshot/panlex-20191001-csv/114#8062619>				<https://panlex.org/snapshot/panlex-20191001-csv/114#8062508>		"takut"@ify	
"bulvul"@mbb	<https://panlex.org/snapshot/panlex-20191001-csv/114#8064734>				<https://panlex.org/snapshot/panlex-20191001-csv/114#8064632>		"bewek"@ify	
"bulvul"@mbb	<https://panlex.org/snapshot/panlex-20191001-csv/114#8064734>				<https://panlex.org/snapshot/panlex-20191001-csv/114#8064633>		"bu:uq"@ify	
"qɨngit"@mbb	<https://panlex.org/snapshot/panlex-20191001-csv/114#8068377>				<https://panlex.org/snapshot/panlex-20191001-csv/114#8068271>		"ngiqngiq"@ify	
"qɨngit"@mbb	<https://panlex.org/snapshot/panlex-20191001-csv/114#8068377>				<https://panlex.org/snapshot/panlex-20191001-csv/114#8068270>		"kumiki"@ify	
"izuŋ"@mbb	<https://panlex.org/snapshot/panlex-20191001-csv/114#8065290>				<https://panlex.org/snapshot/panlex-20191001-csv/114#8065183>		"qolong"@ify	
"izuŋ"@mbb	<https://panlex.org/snapshot/panlex-20191001-csv/114#8065290>				<https://panlex.org/snapshot/panlex-20191001-csv/114#8065182>		"qeleng"@ify	
