"война"@evn	<https://panlex.org/snapshot/panlex-20191001-csv/5950#85874051>				<https://panlex.org/snapshot/panlex-20191001-csv/5950#85874065>		"ófriður"@is	
"моса"@evn	<https://panlex.org/snapshot/panlex-20191001-csv/5950#85873104>				<https://panlex.org/snapshot/panlex-20191001-csv/5950#85873114>		"skógur"@is	
"аги"@evn	<https://panlex.org/snapshot/panlex-20191001-csv/5950#85873103>				<https://panlex.org/snapshot/panlex-20191001-csv/5950#85873114>		"skógur"@is	
"nginakin"@evn	<https://panlex.org/snapshot/panlex-20191001-csv/5945#84361616>				<https://panlex.org/snapshot/panlex-20191001-csv/5945#84361627>		"hundur"@is	
"murin"@evn	<https://panlex.org/snapshot/panlex-20191001-csv/5945#84363457>				<https://panlex.org/snapshot/panlex-20191001-csv/5945#84363470>		"hestur"@is	
"ханячӯвка̄"@evn	<https://panlex.org/snapshot/panlex-20191001-csv/5946#84446171>				<https://panlex.org/snapshot/panlex-20191001-csv/5946#84446212>		"spegill"@is	
"август"@evn	<https://panlex.org/snapshot/panlex-20191001-csv/5949#85329329>				<https://panlex.org/snapshot/panlex-20191001-csv/5949#85329374>		"ágúst"@is	
"иркин"@evn	<https://panlex.org/snapshot/panlex-20191001-csv/5949#85329330>				<https://panlex.org/snapshot/panlex-20191001-csv/5949#85329374>		"ágúst"@is	
"Дылача"@evn	<https://panlex.org/snapshot/panlex-20191001-csv/5949#85320893>				<https://panlex.org/snapshot/panlex-20191001-csv/5949#85320922>		"Sólin"@is	
"са̄вун"@evn	<https://panlex.org/snapshot/panlex-20191001-csv/2904#111024350>				<https://panlex.org/snapshot/panlex-20191001-csv/2904#111024318>		"vísindi"@is	
"лингвистика"@evn	<https://panlex.org/snapshot/panlex-20191001-csv/2904#111023210>				<https://panlex.org/snapshot/panlex-20191001-csv/2904#111023164>		"málvísindi"@is	
"турэ̄нмэ̄ са̄вун"@evn	<https://panlex.org/snapshot/panlex-20191001-csv/2904#111023214>				<https://panlex.org/snapshot/panlex-20191001-csv/2904#111023164>		"málvísindi"@is	
"аяма̄н"@evn	<https://panlex.org/snapshot/panlex-20191001-csv/2902#111012045>				<https://panlex.org/snapshot/panlex-20191001-csv/2902#111012260>		"friður"@is	
"Чолбон"@evn	<https://panlex.org/snapshot/panlex-20191001-csv/2907#110845411>				<https://panlex.org/snapshot/panlex-20191001-csv/2907#110845467>		"Venus"@is	
"Сатурн"@evn	<https://panlex.org/snapshot/panlex-20191001-csv/2907#110846756>				<https://panlex.org/snapshot/panlex-20191001-csv/2907#110846710>		"Satúrnus"@is	
"Меркурий"@evn	<https://panlex.org/snapshot/panlex-20191001-csv/2907#110845283>				<https://panlex.org/snapshot/panlex-20191001-csv/2907#110845095>		"Merkúríus"@is	
"Юпитер"@evn	<https://panlex.org/snapshot/panlex-20191001-csv/2907#110846387>				<https://panlex.org/snapshot/panlex-20191001-csv/2907#110846541>		"Júpíter"@is	
"Бе̄га"@evn	<https://panlex.org/snapshot/panlex-20191001-csv/2907#110845855>				<https://panlex.org/snapshot/panlex-20191001-csv/2907#110845866>		"Tunglið"@is	
"Дылача̄"@evn	<https://panlex.org/snapshot/panlex-20191001-csv/2907#110844915>				<https://panlex.org/snapshot/panlex-20191001-csv/2907#110845049>		"Sólin"@is	
"Уран"@evn	<https://panlex.org/snapshot/panlex-20191001-csv/2907#110846779>				<https://panlex.org/snapshot/panlex-20191001-csv/2907#110846865>		"Úranus"@is	
"Хаумеа"@evn	<https://panlex.org/snapshot/panlex-20191001-csv/2907#110847413>				<https://panlex.org/snapshot/panlex-20191001-csv/2907#110847415>		"Hámea"@is	
"Хула̄ндэ"@evn	<https://panlex.org/snapshot/panlex-20191001-csv/2907#110846028>				<https://panlex.org/snapshot/panlex-20191001-csv/2907#110845962>		"Mars"@is	
"Дуннэ"@evn	<https://panlex.org/snapshot/panlex-20191001-csv/2907#110845693>				<https://panlex.org/snapshot/panlex-20191001-csv/2907#110845642>		"Jörðin"@is	
"Макемаке"@evn	<https://panlex.org/snapshot/panlex-20191001-csv/2907#110847750>				<https://panlex.org/snapshot/panlex-20191001-csv/2907#110847763>		"Makemake"@is	
"Тулӈудек"@evn	<https://panlex.org/snapshot/panlex-20191001-csv/2907#110848903>				<https://panlex.org/snapshot/panlex-20191001-csv/2907#110848861>		"Vetrarbrautin"@is	
"Плутон"@evn	<https://panlex.org/snapshot/panlex-20191001-csv/2907#110847200>				<https://panlex.org/snapshot/panlex-20191001-csv/2907#110847372>		"Plútó"@is	
"Нептун"@evn	<https://panlex.org/snapshot/panlex-20191001-csv/2907#110847041>				<https://panlex.org/snapshot/panlex-20191001-csv/2907#110847093>		"Neptúnus"@is	
"Эрида"@evn	<https://panlex.org/snapshot/panlex-20191001-csv/2907#110847824>				<https://panlex.org/snapshot/panlex-20191001-csv/2907#110847801>		"Eris"@is	
"Церера"@evn	<https://panlex.org/snapshot/panlex-20191001-csv/2907#110846252>				<https://panlex.org/snapshot/panlex-20191001-csv/2907#110846213>		"Seres"@is	
"сурьма"@evn	<https://panlex.org/snapshot/panlex-20191001-csv/2893#110994546>				<https://panlex.org/snapshot/panlex-20191001-csv/2893#110994555>		"antímon"@is	
"хлор"@evn	<https://panlex.org/snapshot/panlex-20191001-csv/2893#110992112>				<https://panlex.org/snapshot/panlex-20191001-csv/2893#110992198>		"klór"@is	
"кислород"@evn	<https://panlex.org/snapshot/panlex-20191001-csv/2893#110990367>				<https://panlex.org/snapshot/panlex-20191001-csv/2893#110990466>		"súrefni"@is	
"кислород"@evn	<https://panlex.org/snapshot/panlex-20191001-csv/2893#110990367>				<https://panlex.org/snapshot/panlex-20191001-csv/2893#110990314>		"ildi"@is	
"никель"@evn	<https://panlex.org/snapshot/panlex-20191001-csv/2893#110993099>				<https://panlex.org/snapshot/panlex-20191001-csv/2893#110993136>		"nikull"@is	
"водород"@evn	<https://panlex.org/snapshot/panlex-20191001-csv/2893#110989406>				<https://panlex.org/snapshot/panlex-20191001-csv/2893#110989296>		"vetni"@is	
"водород"@evn	<https://panlex.org/snapshot/panlex-20191001-csv/2893#110989406>				<https://panlex.org/snapshot/panlex-20191001-csv/2893#110989468>		"vatnsefni"@is	
"натрий"@evn	<https://panlex.org/snapshot/panlex-20191001-csv/2893#110990983>				<https://panlex.org/snapshot/panlex-20191001-csv/2893#110991033>		"natrín"@is	
"вольфрам"@evn	<https://panlex.org/snapshot/panlex-20191001-csv/2893#110994906>				<https://panlex.org/snapshot/panlex-20191001-csv/2893#110994840>		"þungsteinn"@is	
"вольфрам"@evn	<https://panlex.org/snapshot/panlex-20191001-csv/2893#110994906>				<https://panlex.org/snapshot/panlex-20191001-csv/2893#110994932>		"volfram"@is	
"йод"@evn	<https://panlex.org/snapshot/panlex-20191001-csv/2893#110994696>				<https://panlex.org/snapshot/panlex-20191001-csv/2893#110994709>		"joð"@is	
"алюминий"@evn	<https://panlex.org/snapshot/panlex-20191001-csv/2893#110991407>				<https://panlex.org/snapshot/panlex-20191001-csv/2893#110991252>		"ál"@is	
"фтор"@evn	<https://panlex.org/snapshot/panlex-20191001-csv/2893#110990591>				<https://panlex.org/snapshot/panlex-20191001-csv/2893#110990670>		"flúor"@is	
"углерод"@evn	<https://panlex.org/snapshot/panlex-20191001-csv/2893#110990034>				<https://panlex.org/snapshot/panlex-20191001-csv/2893#110989982>		"kolefni"@is	
"неон"@evn	<https://panlex.org/snapshot/panlex-20191001-csv/2893#110990713>				<https://panlex.org/snapshot/panlex-20191001-csv/2893#110990721>		"neon"@is	
"чучин"@evn	<https://panlex.org/snapshot/panlex-20191001-csv/2893#110993199>				<https://panlex.org/snapshot/panlex-20191001-csv/2893#110993292>		"kopar"@is	
"кремний"@evn	<https://panlex.org/snapshot/panlex-20191001-csv/2893#110991612>				<https://panlex.org/snapshot/panlex-20191001-csv/2893#110991488>		"kísill"@is	
"уран"@evn	<https://panlex.org/snapshot/panlex-20191001-csv/2893#110995778>				<https://panlex.org/snapshot/panlex-20191001-csv/2893#110995812>		"úran"@is	
"фосфор"@evn	<https://panlex.org/snapshot/panlex-20191001-csv/2893#110991640>				<https://panlex.org/snapshot/panlex-20191001-csv/2893#110991801>		"fosfór"@is	
"мышьяк"@evn	<https://panlex.org/snapshot/panlex-20191001-csv/2893#110993648>				<https://panlex.org/snapshot/panlex-20191001-csv/2893#110993610>		"arsen"@is	
"цинк"@evn	<https://panlex.org/snapshot/panlex-20191001-csv/2893#110993516>				<https://panlex.org/snapshot/panlex-20191001-csv/2893#110993478>		"sink"@is	
"магний"@evn	<https://panlex.org/snapshot/panlex-20191001-csv/2893#110991236>				<https://panlex.org/snapshot/panlex-20191001-csv/2893#110991135>		"magnín"@is	
"магний"@evn	<https://panlex.org/snapshot/panlex-20191001-csv/2893#110991236>				<https://panlex.org/snapshot/panlex-20191001-csv/2893#110991176>		"magnesín"@is	
"азот"@evn	<https://panlex.org/snapshot/panlex-20191001-csv/2893#110990204>				<https://panlex.org/snapshot/panlex-20191001-csv/2893#110990215>		"nitur"@is	
"азот"@evn	<https://panlex.org/snapshot/panlex-20191001-csv/2893#110990204>				<https://panlex.org/snapshot/panlex-20191001-csv/2893#110990098>		"köfnunarefni"@is	
"алтан"@evn	<https://panlex.org/snapshot/panlex-20191001-csv/2893#110995323>				<https://panlex.org/snapshot/panlex-20191001-csv/2893#110995320>		"gull"@is	
"бор"@evn	<https://panlex.org/snapshot/panlex-20191001-csv/2893#110989803>				<https://panlex.org/snapshot/panlex-20191001-csv/2893#110989712>		"bór"@is	
"кальций"@evn	<https://panlex.org/snapshot/panlex-20191001-csv/2893#110992461>				<https://panlex.org/snapshot/panlex-20191001-csv/2893#110992439>		"kalsín"@is	
"гелий"@evn	<https://panlex.org/snapshot/panlex-20191001-csv/2893#110989630>				<https://panlex.org/snapshot/panlex-20191001-csv/2893#110989484>		"helín"@is	
"ртуть"@evn	<https://panlex.org/snapshot/panlex-20191001-csv/2893#110995390>				<https://panlex.org/snapshot/panlex-20191001-csv/2893#110995386>		"kvikasilfur"@is	
"платина"@evn	<https://panlex.org/snapshot/panlex-20191001-csv/2893#110994997>				<https://panlex.org/snapshot/panlex-20191001-csv/2893#110994959>		"platína"@is	
"калий"@evn	<https://panlex.org/snapshot/panlex-20191001-csv/2893#110992335>				<https://panlex.org/snapshot/panlex-20191001-csv/2893#110992303>		"kalín"@is	
"кобальт"@evn	<https://panlex.org/snapshot/panlex-20191001-csv/2893#110992903>				<https://panlex.org/snapshot/panlex-20191001-csv/2893#110992826>		"kóbolt"@is	
"мэӈун"@evn	<https://panlex.org/snapshot/panlex-20191001-csv/2893#110993973>				<https://panlex.org/snapshot/panlex-20191001-csv/2893#110994116>		"silfur"@is	
"сэлэ"@evn	<https://panlex.org/snapshot/panlex-20191001-csv/2893#110992715>				<https://panlex.org/snapshot/panlex-20191001-csv/2893#110992738>		"járn"@is	
"бром"@evn	<https://panlex.org/snapshot/panlex-20191001-csv/2893#110993909>				<https://panlex.org/snapshot/panlex-20191001-csv/2893#110993962>		"bróm"@is	
"сера"@evn	<https://panlex.org/snapshot/panlex-20191001-csv/2893#110991906>				<https://panlex.org/snapshot/panlex-20191001-csv/2893#110991960>		"brennisteinn"@is	
"среда"@evn	<https://panlex.org/snapshot/panlex-20191001-csv/2892#110825204>				<https://panlex.org/snapshot/panlex-20191001-csv/2892#110825026>		"miðvikudagur"@is	
"суббота"@evn	<https://panlex.org/snapshot/panlex-20191001-csv/2892#110826405>				<https://panlex.org/snapshot/panlex-20191001-csv/2892#110826153>		"laugardagur"@is	
"четверг"@evn	<https://panlex.org/snapshot/panlex-20191001-csv/2892#110825674>				<https://panlex.org/snapshot/panlex-20191001-csv/2892#110825554>		"fimmtudagur"@is	
"понедельник"@evn	<https://panlex.org/snapshot/panlex-20191001-csv/2892#110824263>				<https://panlex.org/snapshot/panlex-20191001-csv/2892#110824419>		"mánudagur"@is	
"воскресенье"@evn	<https://panlex.org/snapshot/panlex-20191001-csv/2892#110826628>				<https://panlex.org/snapshot/panlex-20191001-csv/2892#110826984>		"sunnudagur"@is	
"вторник"@evn	<https://panlex.org/snapshot/panlex-20191001-csv/2892#110824839>				<https://panlex.org/snapshot/panlex-20191001-csv/2892#110824769>		"þriðjudagur"@is	
"пятница"@evn	<https://panlex.org/snapshot/panlex-20191001-csv/2892#110826104>				<https://panlex.org/snapshot/panlex-20191001-csv/2892#110825812>		"föstudagur"@is	
"август"@evn	<https://panlex.org/snapshot/panlex-20191001-csv/2897#110829894>				<https://panlex.org/snapshot/panlex-20191001-csv/2897#110830208>		"ágúst"@is	
"март"@evn	<https://panlex.org/snapshot/panlex-20191001-csv/2897#110828127>				<https://panlex.org/snapshot/panlex-20191001-csv/2897#110828011>		"mars"@is	
"апрель"@evn	<https://panlex.org/snapshot/panlex-20191001-csv/2897#110828548>				<https://panlex.org/snapshot/panlex-20191001-csv/2897#110828541>		"apríl"@is	
"угун"@evn	<https://panlex.org/snapshot/panlex-20191001-csv/2897#110830779>				<https://panlex.org/snapshot/panlex-20191001-csv/2897#110830794>		"október"@is	
"сирӯдян"@evn	<https://panlex.org/snapshot/panlex-20191001-csv/2897#110830493>				<https://panlex.org/snapshot/panlex-20191001-csv/2897#110830398>		"september"@is	
"май"@evn	<https://panlex.org/snapshot/panlex-20191001-csv/2897#110828974>				<https://panlex.org/snapshot/panlex-20191001-csv/2897#110828743>		"maí"@is	
"декабрь"@evn	<https://panlex.org/snapshot/panlex-20191001-csv/2897#110831609>				<https://panlex.org/snapshot/panlex-20191001-csv/2897#110831589>		"desember"@is	
"откӣ"@evn	<https://panlex.org/snapshot/panlex-20191001-csv/2897#110831836>				<https://panlex.org/snapshot/panlex-20191001-csv/2897#110831589>		"desember"@is	
"июнь"@evn	<https://panlex.org/snapshot/panlex-20191001-csv/2897#110829439>				<https://panlex.org/snapshot/panlex-20191001-csv/2897#110829193>		"júní"@is	
"мучун"@evn	<https://panlex.org/snapshot/panlex-20191001-csv/2897#110829410>				<https://panlex.org/snapshot/panlex-20191001-csv/2897#110829193>		"júní"@is	
"ноябрь"@evn	<https://panlex.org/snapshot/panlex-20191001-csv/2897#110831188>				<https://panlex.org/snapshot/panlex-20191001-csv/2897#110831219>		"nóvember"@is	
"февраль"@evn	<https://panlex.org/snapshot/panlex-20191001-csv/2897#110827849>				<https://panlex.org/snapshot/panlex-20191001-csv/2897#110827469>		"febrúar"@is	
"сентябрь"@evn	<https://panlex.org/snapshot/panlex-20191001-csv/2897#110830413>				<https://panlex.org/snapshot/panlex-20191001-csv/2897#110830398>		"september"@is	
"январь"@evn	<https://panlex.org/snapshot/panlex-20191001-csv/2897#110827249>				<https://panlex.org/snapshot/panlex-20191001-csv/2897#110827234>		"janúar"@is	
"со̄нка̄н"@evn	<https://panlex.org/snapshot/panlex-20191001-csv/2897#110828822>				<https://panlex.org/snapshot/panlex-20191001-csv/2897#110828743>		"maí"@is	
"мӣрэ"@evn	<https://panlex.org/snapshot/panlex-20191001-csv/2897#110827453>				<https://panlex.org/snapshot/panlex-20191001-csv/2897#110827469>		"febrúar"@is	
"иркин"@evn	<https://panlex.org/snapshot/panlex-20191001-csv/2897#110829909>				<https://panlex.org/snapshot/panlex-20191001-csv/2897#110830208>		"ágúst"@is	
"иркин"@evn	<https://panlex.org/snapshot/panlex-20191001-csv/2897#110829501>				<https://panlex.org/snapshot/panlex-20191001-csv/2897#110829601>		"júlí"@is	
"гиравӯн"@evn	<https://panlex.org/snapshot/panlex-20191001-csv/2897#110827041>				<https://panlex.org/snapshot/panlex-20191001-csv/2897#110827234>		"janúar"@is	
"э̄ктэнирэ̄"@evn	<https://panlex.org/snapshot/panlex-20191001-csv/2897#110828145>				<https://panlex.org/snapshot/panlex-20191001-csv/2897#110828011>		"mars"@is	
"октябрь"@evn	<https://panlex.org/snapshot/panlex-20191001-csv/2897#110831058>				<https://panlex.org/snapshot/panlex-20191001-csv/2897#110830794>		"október"@is	
"хугдарпӣ"@evn	<https://panlex.org/snapshot/panlex-20191001-csv/2897#110831447>				<https://panlex.org/snapshot/panlex-20191001-csv/2897#110831219>		"nóvember"@is	
"июль"@evn	<https://panlex.org/snapshot/panlex-20191001-csv/2897#110829794>				<https://panlex.org/snapshot/panlex-20191001-csv/2897#110829601>		"júlí"@is	
