"среда"@evn	<https://panlex.org/snapshot/panlex-20191001-csv/2892#110825204>				<https://panlex.org/snapshot/panlex-20191001-csv/2892#110825133>		"siskundé"@rmf	
"суббота"@evn	<https://panlex.org/snapshot/panlex-20191001-csv/2892#110826405>				<https://panlex.org/snapshot/panlex-20191001-csv/2892#110826384>		"končé"@rmf	
"четверг"@evn	<https://panlex.org/snapshot/panlex-20191001-csv/2892#110825674>				<https://panlex.org/snapshot/panlex-20191001-csv/2892#110825425>		"kaskaňé"@rmf	
"понедельник"@evn	<https://panlex.org/snapshot/panlex-20191001-csv/2892#110824263>				<https://panlex.org/snapshot/panlex-20191001-csv/2892#110824067>		"lemitré"@rmf	
"воскресенье"@evn	<https://panlex.org/snapshot/panlex-20191001-csv/2892#110826628>				<https://panlex.org/snapshot/panlex-20191001-csv/2892#110826962>		"kurkó"@rmf	
"вторник"@evn	<https://panlex.org/snapshot/panlex-20191001-csv/2892#110824839>				<https://panlex.org/snapshot/panlex-20191001-csv/2892#110824818>		"gergeré"@rmf	
"пятница"@evn	<https://panlex.org/snapshot/panlex-20191001-csv/2892#110826104>				<https://panlex.org/snapshot/panlex-20191001-csv/2892#110826055>		"axoró"@rmf	
"август"@evn	<https://panlex.org/snapshot/panlex-20191001-csv/2897#110829894>				<https://panlex.org/snapshot/panlex-20191001-csv/2897#110830140>		"kerosto"@rmf	
"март"@evn	<https://panlex.org/snapshot/panlex-20191001-csv/2897#110828127>				<https://panlex.org/snapshot/panlex-20191001-csv/2897#110828017>		"kirdaré"@rmf	
"апрель"@evn	<https://panlex.org/snapshot/panlex-20191001-csv/2897#110828548>				<https://panlex.org/snapshot/panlex-20191001-csv/2897#110828589>		"alpandy"@rmf	
"угун"@evn	<https://panlex.org/snapshot/panlex-20191001-csv/2897#110830779>				<https://panlex.org/snapshot/panlex-20191001-csv/2897#110830933>		"oktorbar"@rmf	
"сирӯдян"@evn	<https://panlex.org/snapshot/panlex-20191001-csv/2897#110830493>				<https://panlex.org/snapshot/panlex-20191001-csv/2897#110830680>		"xetava"@rmf	
"май"@evn	<https://panlex.org/snapshot/panlex-20191001-csv/2897#110828974>				<https://panlex.org/snapshot/panlex-20191001-csv/2897#110828868>		"kindalé"@rmf	
"декабрь"@evn	<https://panlex.org/snapshot/panlex-20191001-csv/2897#110831609>				<https://panlex.org/snapshot/panlex-20191001-csv/2897#110831892>		"kendebré"@rmf	
"откӣ"@evn	<https://panlex.org/snapshot/panlex-20191001-csv/2897#110831836>				<https://panlex.org/snapshot/panlex-20191001-csv/2897#110831892>		"kendebré"@rmf	
"июнь"@evn	<https://panlex.org/snapshot/panlex-20191001-csv/2897#110829439>				<https://panlex.org/snapshot/panlex-20191001-csv/2897#110829448>		"ňutivé"@rmf	
"мучун"@evn	<https://panlex.org/snapshot/panlex-20191001-csv/2897#110829410>				<https://panlex.org/snapshot/panlex-20191001-csv/2897#110829448>		"ňutivé"@rmf	
"ноябрь"@evn	<https://panlex.org/snapshot/panlex-20191001-csv/2897#110831188>				<https://panlex.org/snapshot/panlex-20191001-csv/2897#110831504>		"ňudikoy"@rmf	
"февраль"@evn	<https://panlex.org/snapshot/panlex-20191001-csv/2897#110827849>				<https://panlex.org/snapshot/panlex-20191001-csv/2897#110827731>		"ibraín"@rmf	
"сентябрь"@evn	<https://panlex.org/snapshot/panlex-20191001-csv/2897#110830413>				<https://panlex.org/snapshot/panlex-20191001-csv/2897#110830680>		"xetava"@rmf	
"январь"@evn	<https://panlex.org/snapshot/panlex-20191001-csv/2897#110827249>				<https://panlex.org/snapshot/panlex-20191001-csv/2897#110827037>		"enerín"@rmf	
"со̄нка̄н"@evn	<https://panlex.org/snapshot/panlex-20191001-csv/2897#110828822>				<https://panlex.org/snapshot/panlex-20191001-csv/2897#110828868>		"kindalé"@rmf	
"мӣрэ"@evn	<https://panlex.org/snapshot/panlex-20191001-csv/2897#110827453>				<https://panlex.org/snapshot/panlex-20191001-csv/2897#110827731>		"ibraín"@rmf	
"иркин"@evn	<https://panlex.org/snapshot/panlex-20191001-csv/2897#110829909>				<https://panlex.org/snapshot/panlex-20191001-csv/2897#110830140>		"kerosto"@rmf	
"иркин"@evn	<https://panlex.org/snapshot/panlex-20191001-csv/2897#110829501>				<https://panlex.org/snapshot/panlex-20191001-csv/2897#110829564>		"ňuntivé"@rmf	
"гиравӯн"@evn	<https://panlex.org/snapshot/panlex-20191001-csv/2897#110827041>				<https://panlex.org/snapshot/panlex-20191001-csv/2897#110827037>		"enerín"@rmf	
"э̄ктэнирэ̄"@evn	<https://panlex.org/snapshot/panlex-20191001-csv/2897#110828145>				<https://panlex.org/snapshot/panlex-20191001-csv/2897#110828017>		"kirdaré"@rmf	
"октябрь"@evn	<https://panlex.org/snapshot/panlex-20191001-csv/2897#110831058>				<https://panlex.org/snapshot/panlex-20191001-csv/2897#110830933>		"oktorbar"@rmf	
"хугдарпӣ"@evn	<https://panlex.org/snapshot/panlex-20191001-csv/2897#110831447>				<https://panlex.org/snapshot/panlex-20191001-csv/2897#110831504>		"ňudikoy"@rmf	
"июль"@evn	<https://panlex.org/snapshot/panlex-20191001-csv/2897#110829794>				<https://panlex.org/snapshot/panlex-20191001-csv/2897#110829564>		"ňuntivé"@rmf	
