"среда"@evn	<https://panlex.org/snapshot/panlex-20191001-csv/2892#110825204>				<https://panlex.org/snapshot/panlex-20191001-csv/2892#110825229>		"Hnub peb"@cqd	
"среда"@evn	<https://panlex.org/snapshot/panlex-20191001-csv/2892#110825204>				<https://panlex.org/snapshot/panlex-20191001-csv/2892#110824944>		"𖬆𖬩 𖬈𖬪𖬵"@cqd	
"суббота"@evn	<https://panlex.org/snapshot/panlex-20191001-csv/2892#110826405>				<https://panlex.org/snapshot/panlex-20191001-csv/2892#110826369>		"Hnub rau"@cqd	
"суббота"@evn	<https://panlex.org/snapshot/panlex-20191001-csv/2892#110826405>				<https://panlex.org/snapshot/panlex-20191001-csv/2892#110826417>		"𖬆𖬩 𖬅𖬰𖬡"@cqd	
"четверг"@evn	<https://panlex.org/snapshot/panlex-20191001-csv/2892#110825674>				<https://panlex.org/snapshot/panlex-20191001-csv/2892#110825580>		"Hnub plaub"@cqd	
"четверг"@evn	<https://panlex.org/snapshot/panlex-20191001-csv/2892#110825674>				<https://panlex.org/snapshot/panlex-20191001-csv/2892#110825646>		"𖬆𖬩 𖬄𖬦𖬵"@cqd	
"понедельник"@evn	<https://panlex.org/snapshot/panlex-20191001-csv/2892#110824263>				<https://panlex.org/snapshot/panlex-20191001-csv/2892#110824063>		"Hnub ib"@cqd	
"понедельник"@evn	<https://panlex.org/snapshot/panlex-20191001-csv/2892#110824263>				<https://panlex.org/snapshot/panlex-20191001-csv/2892#110824303>		"𖬆𖬩 𖬂𖬮𖬰"@cqd	
"воскресенье"@evn	<https://panlex.org/snapshot/panlex-20191001-csv/2892#110826628>				<https://panlex.org/snapshot/panlex-20191001-csv/2892#110826922>		"Hnub xya"@cqd	
"воскресенье"@evn	<https://panlex.org/snapshot/panlex-20191001-csv/2892#110826628>				<https://panlex.org/snapshot/panlex-20191001-csv/2892#110826588>		"𖬆𖬩 𖬗𖬲𖬧𖬰"@cqd	
"вторник"@evn	<https://panlex.org/snapshot/panlex-20191001-csv/2892#110824839>				<https://panlex.org/snapshot/panlex-20191001-csv/2892#110824714>		"Hnub ob"@cqd	
"вторник"@evn	<https://panlex.org/snapshot/panlex-20191001-csv/2892#110824839>				<https://panlex.org/snapshot/panlex-20191001-csv/2892#110824749>		"𖬆𖬩 𖬒𖬮𖬰"@cqd	
"пятница"@evn	<https://panlex.org/snapshot/panlex-20191001-csv/2892#110826104>				<https://panlex.org/snapshot/panlex-20191001-csv/2892#110825862>		"𖬆𖬩 𖬂𖬝𖬰"@cqd	
"пятница"@evn	<https://panlex.org/snapshot/panlex-20191001-csv/2892#110826104>				<https://panlex.org/snapshot/panlex-20191001-csv/2892#110825784>		"Hnub tsib"@cqd	
