"gigi"@kxd	<https://panlex.org/snapshot/panlex-20191001-csv/114#8067273>				<https://panlex.org/snapshot/panlex-20191001-csv/114#8067516>		"qisiq"@tbk	
"rambut"@kxd	<https://panlex.org/snapshot/panlex-20191001-csv/114#8064691>				<https://panlex.org/snapshot/panlex-20191001-csv/114#8064935>		"buaq"@tbk	
"kanan"@kxd	<https://panlex.org/snapshot/panlex-20191001-csv/114#8052828>				<https://panlex.org/snapshot/panlex-20191001-csv/114#8053033>		"tuu"@tbk	
"parut"@kxd	<https://panlex.org/snapshot/panlex-20191001-csv/114#8058472>				<https://panlex.org/snapshot/panlex-20191001-csv/114#8058731>		"tian"@tbk	
"tatawa"@kxd	<https://panlex.org/snapshot/panlex-20191001-csv/114#8068333>				<https://panlex.org/snapshot/panlex-20191001-csv/114#8068558>		"qimud"@tbk	
"taliparut"@kxd	<https://panlex.org/snapshot/panlex-20191001-csv/114#8059508>				<https://panlex.org/snapshot/panlex-20191001-csv/114#8059719>		"bituaq"@tbk	
"ati"@kxd	<https://panlex.org/snapshot/panlex-20191001-csv/114#8059985>				<https://panlex.org/snapshot/panlex-20191001-csv/114#8060204>		"kandas"@tbk	
