"ʼqagteq"@dgc	<https://panlex.org/snapshot/panlex-20191001-csv/114#8059880>				<https://panlex.org/snapshot/panlex-20191001-csv/114#8060084>		"ʼɛnjei"@mxz	
"duʼngos"@dgc	<https://panlex.org/snapshot/panlex-20191001-csv/114#8065124>				<https://panlex.org/snapshot/panlex-20191001-csv/114#8065350>		"ʼirnei"@mxz	
"maʼtenggiq"@dgc	<https://panlex.org/snapshot/panlex-20191001-csv/114#8061445>				<https://panlex.org/snapshot/panlex-20191001-csv/114#8061675>		"ʼnevrei"@mxz	
"diʼgeq"@dgc	<https://panlex.org/snapshot/panlex-20191001-csv/114#8062962>				<https://panlex.org/snapshot/panlex-20191001-csv/114#8063171>		"ʼrɛe"@mxz	
"ʼbuk"@dgc	<https://panlex.org/snapshot/panlex-20191001-csv/114#8064573>				<https://panlex.org/snapshot/panlex-20191001-csv/114#8064787>		"ʼmork"@mxz	
