"ʼqagteq"@dgc	<https://panlex.org/snapshot/panlex-20191001-csv/114#8059880>				<https://panlex.org/snapshot/panlex-20191001-csv/114#8060130>		"*qatay"@pqe	
"ʼqagteq"@dgc	<https://panlex.org/snapshot/panlex-20191001-csv/114#8059880>				<https://panlex.org/snapshot/panlex-20191001-csv/114#8060131>		"*qate"@pqe	
"kawaʼnan"@dgc	<https://panlex.org/snapshot/panlex-20191001-csv/114#8052733>				<https://panlex.org/snapshot/panlex-20191001-csv/114#8052965>		"*ka-wanan"@pqe	
"kawaʼnan"@dgc	<https://panlex.org/snapshot/panlex-20191001-csv/114#8052733>				<https://panlex.org/snapshot/panlex-20191001-csv/114#8052967>		"*mataqu"@pqe	
"kawaʼnan"@dgc	<https://panlex.org/snapshot/panlex-20191001-csv/114#8052733>				<https://panlex.org/snapshot/panlex-20191001-csv/114#8052966>		"*mataqu"@pqe	
"kawaʼnan"@dgc	<https://panlex.org/snapshot/panlex-20191001-csv/114#8052733>				<https://panlex.org/snapshot/panlex-20191001-csv/114#8052968>		"*wanan"@pqe	
"duʼngos"@dgc	<https://panlex.org/snapshot/panlex-20191001-csv/114#8065124>				<https://panlex.org/snapshot/panlex-20191001-csv/114#8065402>		"*isuŋ"@pqe	
"duʼngos"@dgc	<https://panlex.org/snapshot/panlex-20191001-csv/114#8065124>				<https://panlex.org/snapshot/panlex-20191001-csv/114#8065401>		"*ijuŋ"@pqe	
"maʼtenggiq"@dgc	<https://panlex.org/snapshot/panlex-20191001-csv/114#8061445>				<https://panlex.org/snapshot/panlex-20191001-csv/114#8061736>		"*taqu"@pqe	
"maʼtenggiq"@dgc	<https://panlex.org/snapshot/panlex-20191001-csv/114#8061445>				<https://panlex.org/snapshot/panlex-20191001-csv/114#8061737>		"*taqu"@pqe	
"qalikaʼbuk"@dgc	<https://panlex.org/snapshot/panlex-20191001-csv/114#8056861>				<https://panlex.org/snapshot/panlex-20191001-csv/114#8057101>		"*qapuk"@pqe	
"qalikaʼbuk"@dgc	<https://panlex.org/snapshot/panlex-20191001-csv/114#8056861>				<https://panlex.org/snapshot/panlex-20191001-csv/114#8057100>		"*qapuk"@pqe	
"diʼgeq"@dgc	<https://panlex.org/snapshot/panlex-20191001-csv/114#8062962>				<https://panlex.org/snapshot/panlex-20191001-csv/114#8063224>		"*draʀaq"@pqe	
"diʼgeq"@dgc	<https://panlex.org/snapshot/panlex-20191001-csv/114#8062962>				<https://panlex.org/snapshot/panlex-20191001-csv/114#8063223>		"*daʀaq"@pqe	
"ʼbuk"@dgc	<https://panlex.org/snapshot/panlex-20191001-csv/114#8064573>				<https://panlex.org/snapshot/panlex-20191001-csv/114#8064842>		"*buk"@pqe	
"ʼbuk"@dgc	<https://panlex.org/snapshot/panlex-20191001-csv/114#8064573>				<https://panlex.org/snapshot/panlex-20191001-csv/114#8064844>		"*raun ni qulu"@pqe	
"ʼbuk"@dgc	<https://panlex.org/snapshot/panlex-20191001-csv/114#8064573>				<https://panlex.org/snapshot/panlex-20191001-csv/114#8064843>		"*daun ni qulu"@pqe	
