"saʼnget"@dgc	<https://panlex.org/snapshot/panlex-20191001-csv/114#8068745>				<https://panlex.org/snapshot/panlex-20191001-csv/114#8068835>		"ron"@kei	
"ʼqagteq"@dgc	<https://panlex.org/snapshot/panlex-20191001-csv/114#8059880>				<https://panlex.org/snapshot/panlex-20191001-csv/114#8059956>		"yataŋ"@kei	
"kawaʼnan"@dgc	<https://panlex.org/snapshot/panlex-20191001-csv/114#8052733>				<https://panlex.org/snapshot/panlex-20191001-csv/114#8052803>		"mel"@kei	
"duʼngos"@dgc	<https://panlex.org/snapshot/panlex-20191001-csv/114#8065124>				<https://panlex.org/snapshot/panlex-20191001-csv/114#8065213>		"nuruŋ"@kei	
"maʼtenggiq"@dgc	<https://panlex.org/snapshot/panlex-20191001-csv/114#8061445>				<https://panlex.org/snapshot/panlex-20191001-csv/114#8061544>		"[u]ká"@kei	
"qalikaʼbuk"@dgc	<https://panlex.org/snapshot/panlex-20191001-csv/114#8056861>				<https://panlex.org/snapshot/panlex-20191001-csv/114#8056935>		"haruβṿ"@kei	
"diʼgeq"@dgc	<https://panlex.org/snapshot/panlex-20191001-csv/114#8062962>				<https://panlex.org/snapshot/panlex-20191001-csv/114#8063038>		"laraŋ"@kei	
"ʼbuk"@dgc	<https://panlex.org/snapshot/panlex-20191001-csv/114#8064573>				<https://panlex.org/snapshot/panlex-20191001-csv/114#8064662>		"muru"@kei	
