"sɨraru"@kpj	<https://panlex.org/snapshot/panlex-20191001-csv/1573#50086985>				<https://panlex.org/snapshot/panlex-20191001-csv/1573#50086952>		"giozo"@goh	
"sɨraru"@kpj	<https://panlex.org/snapshot/panlex-20191001-csv/1573#50086985>				<https://panlex.org/snapshot/panlex-20191001-csv/1573#50086953>		"sē"@goh	
"sɨraru"@kpj	<https://panlex.org/snapshot/panlex-20191001-csv/1573#50086985>				<https://panlex.org/snapshot/panlex-20191001-csv/1573#50086954>		"wāg"@goh	
"bədero"@kpj	<https://panlex.org/snapshot/panlex-20191001-csv/1573#50084303>				<https://panlex.org/snapshot/panlex-20191001-csv/1573#50084251>		"ebanōti"@goh	
"bədero"@kpj	<https://panlex.org/snapshot/panlex-20191001-csv/1573#50084303>				<https://panlex.org/snapshot/panlex-20191001-csv/1573#50084257>		"wang"@goh	
"bədero"@kpj	<https://panlex.org/snapshot/panlex-20191001-csv/1573#50084303>				<https://panlex.org/snapshot/panlex-20191001-csv/1573#50084255>		"grunt"@goh	
"bədero"@kpj	<https://panlex.org/snapshot/panlex-20191001-csv/1573#50084303>				<https://panlex.org/snapshot/panlex-20191001-csv/1573#50084254>		"gi-lente"@goh	
"bədero"@kpj	<https://panlex.org/snapshot/panlex-20191001-csv/1573#50084303>				<https://panlex.org/snapshot/panlex-20191001-csv/1573#50084256>		"lant"@goh	
"bədero"@kpj	<https://panlex.org/snapshot/panlex-20191001-csv/1573#50084303>				<https://panlex.org/snapshot/panlex-20191001-csv/1573#50084253>		"gi-filde"@goh	
"bədero"@kpj	<https://panlex.org/snapshot/panlex-20191001-csv/1573#50084303>				<https://panlex.org/snapshot/panlex-20191001-csv/1573#50084252>		"feld"@goh	
"be-ro"@kpj	<https://panlex.org/snapshot/panlex-20191001-csv/1573#50088408>				<https://panlex.org/snapshot/panlex-20191001-csv/1573#50088347>		"stroum"@goh	
"be-ro"@kpj	<https://panlex.org/snapshot/panlex-20191001-csv/1573#50088408>				<https://panlex.org/snapshot/panlex-20191001-csv/1573#50088348>		"strōm"@goh	
"be-ro"@kpj	<https://panlex.org/snapshot/panlex-20191001-csv/1573#50088408>				<https://panlex.org/snapshot/panlex-20191001-csv/1573#50088344>		"klinga"@goh	
"be-ro"@kpj	<https://panlex.org/snapshot/panlex-20191001-csv/1573#50088408>				<https://panlex.org/snapshot/panlex-20191001-csv/1573#50088341>		"fluz"@goh	
"be-ro"@kpj	<https://panlex.org/snapshot/panlex-20191001-csv/1573#50088408>				<https://panlex.org/snapshot/panlex-20191001-csv/1573#50088346>		"runsa"@goh	
"be-ro"@kpj	<https://panlex.org/snapshot/panlex-20191001-csv/1573#50088408>				<https://panlex.org/snapshot/panlex-20191001-csv/1573#50088340>		"bah"@goh	
"be-ro"@kpj	<https://panlex.org/snapshot/panlex-20191001-csv/1573#50088408>				<https://panlex.org/snapshot/panlex-20191001-csv/1573#50088339>		"aha"@goh	
"be-ro"@kpj	<https://panlex.org/snapshot/panlex-20191001-csv/1573#50088408>				<https://panlex.org/snapshot/panlex-20191001-csv/1573#50088343>		"giozo"@goh	
"be-ro"@kpj	<https://panlex.org/snapshot/panlex-20191001-csv/1573#50088408>				<https://panlex.org/snapshot/panlex-20191001-csv/1573#50088349>		"wazar"@goh	
"be-ro"@kpj	<https://panlex.org/snapshot/panlex-20191001-csv/1573#50088408>				<https://panlex.org/snapshot/panlex-20191001-csv/1573#50088342>		"flōz"@goh	
"be-ro"@kpj	<https://panlex.org/snapshot/panlex-20191001-csv/1573#50088408>				<https://panlex.org/snapshot/panlex-20191001-csv/1573#50088345>		"klingo"@goh	
"be"@kpj	<https://panlex.org/snapshot/panlex-20191001-csv/1573#50085752>				<https://panlex.org/snapshot/panlex-20191001-csv/1573#50085722>		"wazzar"@goh	
"be"@kpj	<https://panlex.org/snapshot/panlex-20191001-csv/1573#50085752>				<https://panlex.org/snapshot/panlex-20191001-csv/1573#50085720>		"nazi"@goh	
"be"@kpj	<https://panlex.org/snapshot/panlex-20191001-csv/1573#50085752>				<https://panlex.org/snapshot/panlex-20191001-csv/1573#50085719>		"giozo"@goh	
"be"@kpj	<https://panlex.org/snapshot/panlex-20191001-csv/1573#50085752>				<https://panlex.org/snapshot/panlex-20191001-csv/1573#50085721>		"runs"@goh	
"iǰoti"@kpj	<https://panlex.org/snapshot/panlex-20191001-csv/1573#50083987>				<https://panlex.org/snapshot/panlex-20191001-csv/1573#50083950>		"fluoh"@goh	
"iǰoti"@kpj	<https://panlex.org/snapshot/panlex-20191001-csv/1573#50083987>				<https://panlex.org/snapshot/panlex-20191001-csv/1573#50083949>		"felis"@goh	
"iǰoti"@kpj	<https://panlex.org/snapshot/panlex-20191001-csv/1573#50083987>				<https://panlex.org/snapshot/panlex-20191001-csv/1573#50083951>		"klep"@goh	
"iǰoti"@kpj	<https://panlex.org/snapshot/panlex-20191001-csv/1573#50083987>				<https://panlex.org/snapshot/panlex-20191001-csv/1573#50083948>		"abgrunt"@goh	
"ɔwɔru"@kpj	<https://panlex.org/snapshot/panlex-20191001-csv/1573#50090054>				<https://panlex.org/snapshot/panlex-20191001-csv/1573#50090023>		"boum"@goh	
"ɔwɔru"@kpj	<https://panlex.org/snapshot/panlex-20191001-csv/1573#50090054>				<https://panlex.org/snapshot/panlex-20191001-csv/1573#50090024>		"holz"@goh	
"tɨti"@kpj	<https://panlex.org/snapshot/panlex-20191001-csv/1573#50082441>				<https://panlex.org/snapshot/panlex-20191001-csv/1573#50082389>		"fundament"@goh	
"tɨti"@kpj	<https://panlex.org/snapshot/panlex-20191001-csv/1573#50082441>				<https://panlex.org/snapshot/panlex-20191001-csv/1573#50082392>		"hor"@goh	
"tɨti"@kpj	<https://panlex.org/snapshot/panlex-20191001-csv/1573#50082441>				<https://panlex.org/snapshot/panlex-20191001-csv/1573#50082390>		"grunt"@goh	
"tɨti"@kpj	<https://panlex.org/snapshot/panlex-20191001-csv/1573#50082441>				<https://panlex.org/snapshot/panlex-20191001-csv/1573#50082386>		"bodam"@goh	
"tɨti"@kpj	<https://panlex.org/snapshot/panlex-20191001-csv/1573#50082441>				<https://panlex.org/snapshot/panlex-20191001-csv/1573#50082391>		"herd"@goh	
"tɨti"@kpj	<https://panlex.org/snapshot/panlex-20191001-csv/1573#50082441>				<https://panlex.org/snapshot/panlex-20191001-csv/1573#50082388>		"erda"@goh	
"tɨti"@kpj	<https://panlex.org/snapshot/panlex-20191001-csv/1573#50082441>				<https://panlex.org/snapshot/panlex-20191001-csv/1573#50082387>		"bodem"@goh	
"tɨti"@kpj	<https://panlex.org/snapshot/panlex-20191001-csv/1573#50082441>				<https://panlex.org/snapshot/panlex-20191001-csv/1573#50082393>		"wasal"@goh	
"su-bərɔrɔ"@kpj	<https://panlex.org/snapshot/panlex-20191001-csv/1573#50083023>				<https://panlex.org/snapshot/panlex-20191001-csv/1573#50082985>		"quāt"@goh	
"su-bərɔrɔ"@kpj	<https://panlex.org/snapshot/panlex-20191001-csv/1573#50083023>				<https://panlex.org/snapshot/panlex-20191001-csv/1573#50082982>		"erd-mist"@goh	
"su-bərɔrɔ"@kpj	<https://panlex.org/snapshot/panlex-20191001-csv/1573#50083023>				<https://panlex.org/snapshot/panlex-20191001-csv/1573#50082983>		"hor"@goh	
"su-bərɔrɔ"@kpj	<https://panlex.org/snapshot/panlex-20191001-csv/1573#50083023>				<https://panlex.org/snapshot/panlex-20191001-csv/1573#50082984>		"leim"@goh	
"iǰəti"@kpj	<https://panlex.org/snapshot/panlex-20191001-csv/1573#50085218>				<https://panlex.org/snapshot/panlex-20191001-csv/1573#50085173>		"stedi"@goh	
"iǰəti"@kpj	<https://panlex.org/snapshot/panlex-20191001-csv/1573#50085218>				<https://panlex.org/snapshot/panlex-20191001-csv/1573#50085171>		"lenti"@goh	
"iǰəti"@kpj	<https://panlex.org/snapshot/panlex-20191001-csv/1573#50085218>				<https://panlex.org/snapshot/panlex-20191001-csv/1573#50085172>		"stad"@goh	
"iǰəti"@kpj	<https://panlex.org/snapshot/panlex-20191001-csv/1573#50085218>				<https://panlex.org/snapshot/panlex-20191001-csv/1573#50085170>		"lant"@goh	
"bədiu"@kpj	<https://panlex.org/snapshot/panlex-20191001-csv/1573#50089776>				<https://panlex.org/snapshot/panlex-20191001-csv/1573#50089733>		"holz"@goh	
"bədiu"@kpj	<https://panlex.org/snapshot/panlex-20191001-csv/1573#50089776>				<https://panlex.org/snapshot/panlex-20191001-csv/1573#50089731>		"*tan"@goh	
"bədiu"@kpj	<https://panlex.org/snapshot/panlex-20191001-csv/1573#50089776>				<https://panlex.org/snapshot/panlex-20191001-csv/1573#50089734>		"wald"@goh	
"bədiu"@kpj	<https://panlex.org/snapshot/panlex-20191001-csv/1573#50089776>				<https://panlex.org/snapshot/panlex-20191001-csv/1573#50089732>		"forst"@goh	
"bəde"@kpj	<https://panlex.org/snapshot/panlex-20191001-csv/1573#50081823>				<https://panlex.org/snapshot/panlex-20191001-csv/1573#50081791>		"wer-alt"@goh	
"bəde"@kpj	<https://panlex.org/snapshot/panlex-20191001-csv/1573#50081823>				<https://panlex.org/snapshot/panlex-20191001-csv/1573#50081785>		"erd-rīhi"@goh	
"bəde"@kpj	<https://panlex.org/snapshot/panlex-20191001-csv/1573#50081823>				<https://panlex.org/snapshot/panlex-20191001-csv/1573#50081786>		"erda"@goh	
"bəde"@kpj	<https://panlex.org/snapshot/panlex-20191001-csv/1573#50081823>				<https://panlex.org/snapshot/panlex-20191001-csv/1573#50081784>		"erd-ring"@goh	
"bəde"@kpj	<https://panlex.org/snapshot/panlex-20191001-csv/1573#50081823>				<https://panlex.org/snapshot/panlex-20191001-csv/1573#50081788>		"mittilgart"@goh	
"bəde"@kpj	<https://panlex.org/snapshot/panlex-20191001-csv/1573#50081823>				<https://panlex.org/snapshot/panlex-20191001-csv/1573#50081787>		"mitti-gart"@goh	
"bəde"@kpj	<https://panlex.org/snapshot/panlex-20191001-csv/1573#50081823>				<https://panlex.org/snapshot/panlex-20191001-csv/1573#50081792>		"wer-alt-lant"@goh	
"bəde"@kpj	<https://panlex.org/snapshot/panlex-20191001-csv/1573#50081823>				<https://panlex.org/snapshot/panlex-20191001-csv/1573#50081789>		"mittili-garto"@goh	
"bəde"@kpj	<https://panlex.org/snapshot/panlex-20191001-csv/1573#50081823>				<https://panlex.org/snapshot/panlex-20191001-csv/1573#50081790>		"rīhi"@goh	
"brɨbɨ-si"@kpj	<https://panlex.org/snapshot/panlex-20191001-csv/1573#50082733>				<https://panlex.org/snapshot/panlex-20191001-csv/1573#50082691>		"melm"@goh	
"brɨbɨ-si"@kpj	<https://panlex.org/snapshot/panlex-20191001-csv/1573#50082733>				<https://panlex.org/snapshot/panlex-20191001-csv/1573#50082696>		"stuppi"@goh	
"brɨbɨ-si"@kpj	<https://panlex.org/snapshot/panlex-20191001-csv/1573#50082733>				<https://panlex.org/snapshot/panlex-20191001-csv/1573#50082692>		"molta"@goh	
"brɨbɨ-si"@kpj	<https://panlex.org/snapshot/panlex-20191001-csv/1573#50082733>				<https://panlex.org/snapshot/panlex-20191001-csv/1573#50082689>		"asca"@goh	
"brɨbɨ-si"@kpj	<https://panlex.org/snapshot/panlex-20191001-csv/1573#50082733>				<https://panlex.org/snapshot/panlex-20191001-csv/1573#50082695>		"stubbi"@goh	
"brɨbɨ-si"@kpj	<https://panlex.org/snapshot/panlex-20191001-csv/1573#50082733>				<https://panlex.org/snapshot/panlex-20191001-csv/1573#50082694>		"stoub"@goh	
"brɨbɨ-si"@kpj	<https://panlex.org/snapshot/panlex-20191001-csv/1573#50082733>				<https://panlex.org/snapshot/panlex-20191001-csv/1573#50082693>		"pulver"@goh	
"brɨbɨ-si"@kpj	<https://panlex.org/snapshot/panlex-20191001-csv/1573#50082733>				<https://panlex.org/snapshot/panlex-20191001-csv/1573#50082690>		"herd"@goh	
"mɨna"@kpj	<https://panlex.org/snapshot/panlex-20191001-csv/1573#50090639>				<https://panlex.org/snapshot/panlex-20191001-csv/1573#50090587>		"stein"@goh	
"mɨna"@kpj	<https://panlex.org/snapshot/panlex-20191001-csv/1573#50090639>				<https://panlex.org/snapshot/panlex-20191001-csv/1573#50090586>		"fluoh"@goh	
"mɨna"@kpj	<https://panlex.org/snapshot/panlex-20191001-csv/1573#50090639>				<https://panlex.org/snapshot/panlex-20191001-csv/1573#50090585>		"felis"@goh	
"teɨ"@kpj	<https://panlex.org/snapshot/panlex-20191001-csv/1573#50088409>				<https://panlex.org/snapshot/panlex-20191001-csv/1573#50088347>		"stroum"@goh	
"teɨ"@kpj	<https://panlex.org/snapshot/panlex-20191001-csv/1573#50088409>				<https://panlex.org/snapshot/panlex-20191001-csv/1573#50088348>		"strōm"@goh	
"teɨ"@kpj	<https://panlex.org/snapshot/panlex-20191001-csv/1573#50088409>				<https://panlex.org/snapshot/panlex-20191001-csv/1573#50088344>		"klinga"@goh	
"teɨ"@kpj	<https://panlex.org/snapshot/panlex-20191001-csv/1573#50088409>				<https://panlex.org/snapshot/panlex-20191001-csv/1573#50088341>		"fluz"@goh	
"teɨ"@kpj	<https://panlex.org/snapshot/panlex-20191001-csv/1573#50088409>				<https://panlex.org/snapshot/panlex-20191001-csv/1573#50088346>		"runsa"@goh	
"teɨ"@kpj	<https://panlex.org/snapshot/panlex-20191001-csv/1573#50088409>				<https://panlex.org/snapshot/panlex-20191001-csv/1573#50088340>		"bah"@goh	
"teɨ"@kpj	<https://panlex.org/snapshot/panlex-20191001-csv/1573#50088409>				<https://panlex.org/snapshot/panlex-20191001-csv/1573#50088339>		"aha"@goh	
"teɨ"@kpj	<https://panlex.org/snapshot/panlex-20191001-csv/1573#50088409>				<https://panlex.org/snapshot/panlex-20191001-csv/1573#50088343>		"giozo"@goh	
"teɨ"@kpj	<https://panlex.org/snapshot/panlex-20191001-csv/1573#50088409>				<https://panlex.org/snapshot/panlex-20191001-csv/1573#50088349>		"wazar"@goh	
"teɨ"@kpj	<https://panlex.org/snapshot/panlex-20191001-csv/1573#50088409>				<https://panlex.org/snapshot/panlex-20191001-csv/1573#50088342>		"flōz"@goh	
"teɨ"@kpj	<https://panlex.org/snapshot/panlex-20191001-csv/1573#50088409>				<https://panlex.org/snapshot/panlex-20191001-csv/1573#50088345>		"klingo"@goh	
"čuu"@kpj	<https://panlex.org/snapshot/panlex-20191001-csv/1573#50091411>				<https://panlex.org/snapshot/panlex-20191001-csv/1573#50091376>		"sunna"@goh	
"čuu"@kpj	<https://panlex.org/snapshot/panlex-20191001-csv/1573#50091411>				<https://panlex.org/snapshot/panlex-20191001-csv/1573#50091377>		"sunno"@goh	
"əbɔ"@kpj	<https://panlex.org/snapshot/panlex-20191001-csv/1573#50087733>				<https://panlex.org/snapshot/panlex-20191001-csv/1573#50087704>		"wella"@goh	
"əbɔ"@kpj	<https://panlex.org/snapshot/panlex-20191001-csv/1573#50087733>				<https://panlex.org/snapshot/panlex-20191001-csv/1573#50087703>		"unda"@goh	
"əbɔ"@kpj	<https://panlex.org/snapshot/panlex-20191001-csv/1573#50087733>				<https://panlex.org/snapshot/panlex-20191001-csv/1573#50087705>		"zessa"@goh	
"əsetere"@kpj	<https://panlex.org/snapshot/panlex-20191001-csv/1573#50088410>				<https://panlex.org/snapshot/panlex-20191001-csv/1573#50088347>		"stroum"@goh	
"əsetere"@kpj	<https://panlex.org/snapshot/panlex-20191001-csv/1573#50088410>				<https://panlex.org/snapshot/panlex-20191001-csv/1573#50088348>		"strōm"@goh	
"əsetere"@kpj	<https://panlex.org/snapshot/panlex-20191001-csv/1573#50088410>				<https://panlex.org/snapshot/panlex-20191001-csv/1573#50088344>		"klinga"@goh	
"əsetere"@kpj	<https://panlex.org/snapshot/panlex-20191001-csv/1573#50088410>				<https://panlex.org/snapshot/panlex-20191001-csv/1573#50088341>		"fluz"@goh	
"əsetere"@kpj	<https://panlex.org/snapshot/panlex-20191001-csv/1573#50088410>				<https://panlex.org/snapshot/panlex-20191001-csv/1573#50088346>		"runsa"@goh	
"əsetere"@kpj	<https://panlex.org/snapshot/panlex-20191001-csv/1573#50088410>				<https://panlex.org/snapshot/panlex-20191001-csv/1573#50088340>		"bah"@goh	
"əsetere"@kpj	<https://panlex.org/snapshot/panlex-20191001-csv/1573#50088410>				<https://panlex.org/snapshot/panlex-20191001-csv/1573#50088339>		"aha"@goh	
"əsetere"@kpj	<https://panlex.org/snapshot/panlex-20191001-csv/1573#50088410>				<https://panlex.org/snapshot/panlex-20191001-csv/1573#50088343>		"giozo"@goh	
"əsetere"@kpj	<https://panlex.org/snapshot/panlex-20191001-csv/1573#50088410>				<https://panlex.org/snapshot/panlex-20191001-csv/1573#50088349>		"wazar"@goh	
"əsetere"@kpj	<https://panlex.org/snapshot/panlex-20191001-csv/1573#50088410>				<https://panlex.org/snapshot/panlex-20191001-csv/1573#50088342>		"flōz"@goh	
"əsetere"@kpj	<https://panlex.org/snapshot/panlex-20191001-csv/1573#50088410>				<https://panlex.org/snapshot/panlex-20191001-csv/1573#50088345>		"klingo"@goh	
"biu-wetɔkɨ"@kpj	<https://panlex.org/snapshot/panlex-20191001-csv/1573#50091156>				<https://panlex.org/snapshot/panlex-20191001-csv/1573#50091128>		"luft"@goh	
"biu-wetɔkɨ"@kpj	<https://panlex.org/snapshot/panlex-20191001-csv/1573#50091156>				<https://panlex.org/snapshot/panlex-20191001-csv/1573#50091127>		"himil"@goh	
"bera"@kpj	<https://panlex.org/snapshot/panlex-20191001-csv/1573#50085753>				<https://panlex.org/snapshot/panlex-20191001-csv/1573#50085722>		"wazzar"@goh	
"bera"@kpj	<https://panlex.org/snapshot/panlex-20191001-csv/1573#50085753>				<https://panlex.org/snapshot/panlex-20191001-csv/1573#50085720>		"nazi"@goh	
"bera"@kpj	<https://panlex.org/snapshot/panlex-20191001-csv/1573#50085753>				<https://panlex.org/snapshot/panlex-20191001-csv/1573#50085719>		"giozo"@goh	
"bera"@kpj	<https://panlex.org/snapshot/panlex-20191001-csv/1573#50085753>				<https://panlex.org/snapshot/panlex-20191001-csv/1573#50085721>		"runs"@goh	
"aho"@kpj	<https://panlex.org/snapshot/panlex-20191001-csv/1573#50086984>				<https://panlex.org/snapshot/panlex-20191001-csv/1573#50086952>		"giozo"@goh	
"aho"@kpj	<https://panlex.org/snapshot/panlex-20191001-csv/1573#50086984>				<https://panlex.org/snapshot/panlex-20191001-csv/1573#50086953>		"sē"@goh	
"aho"@kpj	<https://panlex.org/snapshot/panlex-20191001-csv/1573#50086984>				<https://panlex.org/snapshot/panlex-20191001-csv/1573#50086954>		"wāg"@goh	
"su"@kpj	<https://panlex.org/snapshot/panlex-20191001-csv/1573#50082111>				<https://panlex.org/snapshot/panlex-20191001-csv/1573#50082062>		"lan"@goh	
"su"@kpj	<https://panlex.org/snapshot/panlex-20191001-csv/1573#50082111>				<https://panlex.org/snapshot/panlex-20191001-csv/1573#50082065>		"rīhi"@goh	
"su"@kpj	<https://panlex.org/snapshot/panlex-20191001-csv/1573#50082111>				<https://panlex.org/snapshot/panlex-20191001-csv/1573#50082066>		"wer-alt-lant"@goh	
"su"@kpj	<https://panlex.org/snapshot/panlex-20191001-csv/1573#50082111>				<https://panlex.org/snapshot/panlex-20191001-csv/1573#50082064>		"mittilgart"@goh	
"su"@kpj	<https://panlex.org/snapshot/panlex-20191001-csv/1573#50082111>				<https://panlex.org/snapshot/panlex-20191001-csv/1573#50082060>		"erda"@goh	
"su"@kpj	<https://panlex.org/snapshot/panlex-20191001-csv/1573#50082111>				<https://panlex.org/snapshot/panlex-20191001-csv/1573#50082063>		"lenti"@goh	
"su"@kpj	<https://panlex.org/snapshot/panlex-20191001-csv/1573#50082111>				<https://panlex.org/snapshot/panlex-20191001-csv/1573#50082061>		"ero"@goh	
"ɨ̃nɨra"@kpj	<https://panlex.org/snapshot/panlex-20191001-csv/1573#50083282>				<https://panlex.org/snapshot/panlex-20191001-csv/1573#50083246>		"grioz"@goh	
"ɨ̃nɨra"@kpj	<https://panlex.org/snapshot/panlex-20191001-csv/1573#50083282>				<https://panlex.org/snapshot/panlex-20191001-csv/1573#50083247>		"sant"@goh	
"hãwãlɔ"@kpj	<https://panlex.org/snapshot/panlex-20191001-csv/1573#50083628>				<https://panlex.org/snapshot/panlex-20191001-csv/1573#50083573>		"nol"@goh	
"hãwãlɔ"@kpj	<https://panlex.org/snapshot/panlex-20191001-csv/1573#50083628>				<https://panlex.org/snapshot/panlex-20191001-csv/1573#50083572>		"houg"@goh	
"hãwãlɔ"@kpj	<https://panlex.org/snapshot/panlex-20191001-csv/1573#50083628>				<https://panlex.org/snapshot/panlex-20191001-csv/1573#50083570>		"berg"@goh	
"hãwãlɔ"@kpj	<https://panlex.org/snapshot/panlex-20191001-csv/1573#50083628>				<https://panlex.org/snapshot/panlex-20191001-csv/1573#50083571>		"buhil"@goh	
