"Mexiki"@ses	<https://panlex.org/snapshot/panlex-20191001-csv/6898#113628446>				<https://panlex.org/snapshot/panlex-20191001-csv/6898#113628407>		"Mexico"@cgg	
"Cek labo"@ses	<https://panlex.org/snapshot/panlex-20191001-csv/6898#113619647>				<https://panlex.org/snapshot/panlex-20191001-csv/6898#113619537>		"Ripaaburika ya Zeeki"@cgg	
"Norfolk Gungoo"@ses	<https://panlex.org/snapshot/panlex-20191001-csv/6898#113642432>				<https://panlex.org/snapshot/panlex-20191001-csv/6898#113642287>		"Ekizinga Norifoko"@cgg	
"Doominiki"@ses	<https://panlex.org/snapshot/panlex-20191001-csv/6898#113599757>				<https://panlex.org/snapshot/panlex-20191001-csv/6898#113599758>		"Dominika"@cgg	
"Bruunee"@ses	<https://panlex.org/snapshot/panlex-20191001-csv/6898#113615988>				<https://panlex.org/snapshot/panlex-20191001-csv/6898#113616093>		"Burunei"@cgg	
"Faransi Guyaan"@ses	<https://panlex.org/snapshot/panlex-20191001-csv/6898#113644459>				<https://panlex.org/snapshot/panlex-20191001-csv/6898#113644506>		"Guyana ya Bufaransa"@cgg	
"Beliizi"@ses	<https://panlex.org/snapshot/panlex-20191001-csv/6898#113608943>				<https://panlex.org/snapshot/panlex-20191001-csv/6898#113608878>		"Berize"@cgg	
"Malaawi"@ses	<https://panlex.org/snapshot/panlex-20191001-csv/6898#113584026>				<https://panlex.org/snapshot/panlex-20191001-csv/6898#113583857>		"Marawi"@cgg	
"Šiipur"@ses	<https://panlex.org/snapshot/panlex-20191001-csv/6898#113631771>				<https://panlex.org/snapshot/panlex-20191001-csv/6898#113631708>		"Saipurasi"@cgg	
"San Marino"@ses	<https://panlex.org/snapshot/panlex-20191001-csv/6898#113625643>				<https://panlex.org/snapshot/panlex-20191001-csv/6898#113625626>		"Samarino"@cgg	
"Maršal gungey"@ses	<https://panlex.org/snapshot/panlex-20191001-csv/6898#113595028>				<https://panlex.org/snapshot/panlex-20191001-csv/6898#113594941>		"Ebizinga bya Marshaa"@cgg	
"Indoneezi"@ses	<https://panlex.org/snapshot/panlex-20191001-csv/6898#113633424>				<https://panlex.org/snapshot/panlex-20191001-csv/6898#113633442>		"Indoneeziya"@cgg	
"Paraguwey"@ses	<https://panlex.org/snapshot/panlex-20191001-csv/6898#113623793>				<https://panlex.org/snapshot/panlex-20191001-csv/6898#113623853>		"Paragwai"@cgg	
"Bulgaari"@ses	<https://panlex.org/snapshot/panlex-20191001-csv/6898#113631191>				<https://panlex.org/snapshot/panlex-20191001-csv/6898#113631148>		"Burugariya"@cgg	
"Kanaada"@ses	<https://panlex.org/snapshot/panlex-20191001-csv/6898#113595796>				<https://panlex.org/snapshot/panlex-20191001-csv/6898#113595792>		"Kanada"@cgg	
"Seešel"@ses	<https://panlex.org/snapshot/panlex-20191001-csv/6898#113601948>				<https://panlex.org/snapshot/panlex-20191001-csv/6898#113601991>		"Shesheresi"@cgg	
"Ostraali"@ses	<https://panlex.org/snapshot/panlex-20191001-csv/6898#113631469>				<https://panlex.org/snapshot/panlex-20191001-csv/6898#113631574>		"Ositureeriya"@cgg	
"Ekwateer"@ses	<https://panlex.org/snapshot/panlex-20191001-csv/6898#113610995>				<https://panlex.org/snapshot/panlex-20191001-csv/6898#113610966>		"Ikweda"@cgg	
"Komoor"@ses	<https://panlex.org/snapshot/panlex-20191001-csv/6898#113627007>				<https://panlex.org/snapshot/panlex-20191001-csv/6898#113627036>		"Koromo"@cgg	
"Gaana"@ses	<https://panlex.org/snapshot/panlex-20191001-csv/6898#113645534>				<https://panlex.org/snapshot/panlex-20191001-csv/6898#113645437>		"Gana"@cgg	
"Naajiriia"@ses	<https://panlex.org/snapshot/panlex-20191001-csv/6898#113624076>				<https://panlex.org/snapshot/panlex-20191001-csv/6898#113624060>		"Naigyeriya"@cgg	
"Zambi"@ses	<https://panlex.org/snapshot/panlex-20191001-csv/6898#113617380>				<https://panlex.org/snapshot/panlex-20191001-csv/6898#113617419>		"Zambia"@cgg	
"Nižer"@ses	<https://panlex.org/snapshot/panlex-20191001-csv/6898#113644921>				<https://panlex.org/snapshot/panlex-20191001-csv/6898#113644797>		"Naigya"@cgg	
"Kooree, Gurma"@ses	<https://panlex.org/snapshot/panlex-20191001-csv/6898#113598837>				<https://panlex.org/snapshot/panlex-20191001-csv/6898#113598922>		"Koreya Amatemba"@cgg	
"Taayiwan"@ses	<https://panlex.org/snapshot/panlex-20191001-csv/6898#113605075>				<https://panlex.org/snapshot/panlex-20191001-csv/6898#113605201>		"Tayiwaani"@cgg	
"Israyel"@ses	<https://panlex.org/snapshot/panlex-20191001-csv/6898#113615449>				<https://panlex.org/snapshot/panlex-20191001-csv/6898#113615365>		"Isirairi"@cgg	
"Honduras"@ses	<https://panlex.org/snapshot/panlex-20191001-csv/6898#113597037>				<https://panlex.org/snapshot/panlex-20191001-csv/6898#113597091>		"Hondurasi"@cgg	
"Kongoo demookaratiki laboo"@ses	<https://panlex.org/snapshot/panlex-20191001-csv/6898#113589748>				<https://panlex.org/snapshot/panlex-20191001-csv/6898#113589807>		"Demokoratika Ripaaburika ya Kongo"@cgg	
"Armeeni"@ses	<https://panlex.org/snapshot/panlex-20191001-csv/6898#113596498>				<https://panlex.org/snapshot/panlex-20191001-csv/6898#113596559>		"Arimeniya"@cgg	
"Caadu"@ses	<https://panlex.org/snapshot/panlex-20191001-csv/6898#113643304>				<https://panlex.org/snapshot/panlex-20191001-csv/6898#113643270>		"Chadi"@cgg	
"Trinidad nda Tobaago"@ses	<https://panlex.org/snapshot/panlex-20191001-csv/6898#113640153>				<https://panlex.org/snapshot/panlex-20191001-csv/6898#113640166>		"Turinidad na Tobago"@cgg	
"Portugaal"@ses	<https://panlex.org/snapshot/panlex-20191001-csv/6898#113628684>				<https://panlex.org/snapshot/panlex-20191001-csv/6898#113628551>		"Pocugo"@cgg	
"Turki"@ses	<https://panlex.org/snapshot/panlex-20191001-csv/6898#113612114>				<https://panlex.org/snapshot/panlex-20191001-csv/6898#113612135>		"Buturuki /Take"@cgg	
"Kaaledooni Taagaa"@ses	<https://panlex.org/snapshot/panlex-20191001-csv/6898#113586677>				<https://panlex.org/snapshot/panlex-20191001-csv/6898#113586688>		"Niukaredonia"@cgg	
"Iraak"@ses	<https://panlex.org/snapshot/panlex-20191001-csv/6898#113633739>				<https://panlex.org/snapshot/panlex-20191001-csv/6898#113633686>		"Iraaka"@cgg	
"Mongooli"@ses	<https://panlex.org/snapshot/panlex-20191001-csv/6898#113621493>				<https://panlex.org/snapshot/panlex-20191001-csv/6898#113621636>		"Mongoria"@cgg	
"Ameerik Virgin Gungey"@ses	<https://panlex.org/snapshot/panlex-20191001-csv/6898#113587774>				<https://panlex.org/snapshot/panlex-20191001-csv/6898#113587797>		"Ebizinga bya Virigini ebya Amerika"@cgg	
"Kameruun"@ses	<https://panlex.org/snapshot/panlex-20191001-csv/6898#113639138>				<https://panlex.org/snapshot/panlex-20191001-csv/6898#113639111>		"Kameruuni"@cgg	
"Keeniya"@ses	<https://panlex.org/snapshot/panlex-20191001-csv/6898#113593999>				<https://panlex.org/snapshot/panlex-20191001-csv/6898#113594050>		"Kenya"@cgg	
"Burundi"@ses	<https://panlex.org/snapshot/panlex-20191001-csv/6898#113626840>				<https://panlex.org/snapshot/panlex-20191001-csv/6898#113626816>		"Burundi"@cgg	
"Gaabon"@ses	<https://panlex.org/snapshot/panlex-20191001-csv/6898#113585147>				<https://panlex.org/snapshot/panlex-20191001-csv/6898#113585213>		"Gabooni"@cgg	
"Šiin"@ses	<https://panlex.org/snapshot/panlex-20191001-csv/6898#113614010>				<https://panlex.org/snapshot/panlex-20191001-csv/6898#113614103>		"China"@cgg	
"Jibuuti"@ses	<https://panlex.org/snapshot/panlex-20191001-csv/6898#113585794>				<https://panlex.org/snapshot/panlex-20191001-csv/6898#113585724>		"Gyibuti"@cgg	
"Letooni"@ses	<https://panlex.org/snapshot/panlex-20191001-csv/6898#113585020>				<https://panlex.org/snapshot/panlex-20191001-csv/6898#113584910>		"Latviya"@cgg	
"Sweede"@ses	<https://panlex.org/snapshot/panlex-20191001-csv/6898#113639798>				<https://panlex.org/snapshot/panlex-20191001-csv/6898#113639890>		"Swideni"@cgg	
"Seera Leon"@ses	<https://panlex.org/snapshot/panlex-20191001-csv/6898#113637121>				<https://panlex.org/snapshot/panlex-20191001-csv/6898#113637036>		"Sirra Riyooni"@cgg	
"Sao Tome nda Prinsipe"@ses	<https://panlex.org/snapshot/panlex-20191001-csv/6898#113622876>				<https://panlex.org/snapshot/panlex-20191001-csv/6898#113623037>		"Sawo Tome na Purinsipo"@cgg	
"Irlandu"@ses	<https://panlex.org/snapshot/panlex-20191001-csv/6898#113625999>				<https://panlex.org/snapshot/panlex-20191001-csv/6898#113625898>		"Irerandi"@cgg	
"Kuweet"@ses	<https://panlex.org/snapshot/panlex-20191001-csv/6898#113605816>				<https://panlex.org/snapshot/panlex-20191001-csv/6898#113605880>		"Kuweiti"@cgg	
"Maynamar"@ses	<https://panlex.org/snapshot/panlex-20191001-csv/6898#113594440>				<https://panlex.org/snapshot/panlex-20191001-csv/6898#113594369>		"Myanamar"@cgg	
"Jaapoŋ"@ses	<https://panlex.org/snapshot/panlex-20191001-csv/6898#113634827>				<https://panlex.org/snapshot/panlex-20191001-csv/6898#113634857>		"Gyapaani"@cgg	
"Martiniiki"@ses	<https://panlex.org/snapshot/panlex-20191001-csv/6898#113586145>				<https://panlex.org/snapshot/panlex-20191001-csv/6898#113586090>		"Martinique"@cgg	
