"Mexiki"@ses	<https://panlex.org/snapshot/panlex-20191001-csv/6898#113628446>				<https://panlex.org/snapshot/panlex-20191001-csv/6898#113628400>		"Mexico nutome"@ee	
"Cek labo"@ses	<https://panlex.org/snapshot/panlex-20191001-csv/6898#113619647>				<https://panlex.org/snapshot/panlex-20191001-csv/6898#113619435>		"Tsɛk repɔblik nutome"@ee	
"Norfolk Gungoo"@ses	<https://panlex.org/snapshot/panlex-20191001-csv/6898#113642432>				<https://panlex.org/snapshot/panlex-20191001-csv/6898#113642383>		"Norfolk ƒudomekpo nutome"@ee	
"Doominiki"@ses	<https://panlex.org/snapshot/panlex-20191001-csv/6898#113599757>				<https://panlex.org/snapshot/panlex-20191001-csv/6898#113599762>		"Dominika nutome"@ee	
"Bruunee"@ses	<https://panlex.org/snapshot/panlex-20191001-csv/6898#113615988>				<https://panlex.org/snapshot/panlex-20191001-csv/6898#113616088>		"Brunei nutome"@ee	
"Faransi Guyaan"@ses	<https://panlex.org/snapshot/panlex-20191001-csv/6898#113644459>				<https://panlex.org/snapshot/panlex-20191001-csv/6898#113644421>		"Frentsi Gayana nutome"@ee	
"Beliizi"@ses	<https://panlex.org/snapshot/panlex-20191001-csv/6898#113608943>				<https://panlex.org/snapshot/panlex-20191001-csv/6898#113608953>		"Belize nutome"@ee	
"Malaawi"@ses	<https://panlex.org/snapshot/panlex-20191001-csv/6898#113584026>				<https://panlex.org/snapshot/panlex-20191001-csv/6898#113584031>		"Malawi nutome"@ee	
"Šiipur"@ses	<https://panlex.org/snapshot/panlex-20191001-csv/6898#113631771>				<https://panlex.org/snapshot/panlex-20191001-csv/6898#113631728>		"Saiprus nutome"@ee	
"San Marino"@ses	<https://panlex.org/snapshot/panlex-20191001-csv/6898#113625643>				<https://panlex.org/snapshot/panlex-20191001-csv/6898#113625733>		"San Marino nutome"@ee	
"Maršal gungey"@ses	<https://panlex.org/snapshot/panlex-20191001-csv/6898#113595028>				<https://panlex.org/snapshot/panlex-20191001-csv/6898#113594942>		"Marshal ƒudomekpowo nutome"@ee	
"Indoneezi"@ses	<https://panlex.org/snapshot/panlex-20191001-csv/6898#113633424>				<https://panlex.org/snapshot/panlex-20191001-csv/6898#113633493>		"Indonesia nutome"@ee	
"Paraguwey"@ses	<https://panlex.org/snapshot/panlex-20191001-csv/6898#113623793>				<https://panlex.org/snapshot/panlex-20191001-csv/6898#113623834>		"Paragua nutome"@ee	
"Bulgaari"@ses	<https://panlex.org/snapshot/panlex-20191001-csv/6898#113631191>				<https://panlex.org/snapshot/panlex-20191001-csv/6898#113631094>		"Bulgaria nutome"@ee	
"Kanaada"@ses	<https://panlex.org/snapshot/panlex-20191001-csv/6898#113595796>				<https://panlex.org/snapshot/panlex-20191001-csv/6898#113595786>		"Canada nutome"@ee	
"Seešel"@ses	<https://panlex.org/snapshot/panlex-20191001-csv/6898#113601948>				<https://panlex.org/snapshot/panlex-20191001-csv/6898#113601985>		"Seshɛls nutome"@ee	
"Ostraali"@ses	<https://panlex.org/snapshot/panlex-20191001-csv/6898#113631469>				<https://panlex.org/snapshot/panlex-20191001-csv/6898#113631647>		"Australia nutome"@ee	
"Ekwateer"@ses	<https://panlex.org/snapshot/panlex-20191001-csv/6898#113610995>				<https://panlex.org/snapshot/panlex-20191001-csv/6898#113611087>		"Ekuadɔ nutome"@ee	
"Komoor"@ses	<https://panlex.org/snapshot/panlex-20191001-csv/6898#113627007>				<https://panlex.org/snapshot/panlex-20191001-csv/6898#113627021>		"Komoros nutome"@ee	
"Gaana"@ses	<https://panlex.org/snapshot/panlex-20191001-csv/6898#113645534>				<https://panlex.org/snapshot/panlex-20191001-csv/6898#113645599>		"Ghana nutome"@ee	
"Naajiriia"@ses	<https://panlex.org/snapshot/panlex-20191001-csv/6898#113624076>				<https://panlex.org/snapshot/panlex-20191001-csv/6898#113624043>		"Nigeria nutome"@ee	
"Zambi"@ses	<https://panlex.org/snapshot/panlex-20191001-csv/6898#113617380>				<https://panlex.org/snapshot/panlex-20191001-csv/6898#113617478>		"Zambia nutome"@ee	
"Nižer"@ses	<https://panlex.org/snapshot/panlex-20191001-csv/6898#113644921>				<https://panlex.org/snapshot/panlex-20191001-csv/6898#113644927>		"Niger nutome"@ee	
"Kooree, Gurma"@ses	<https://panlex.org/snapshot/panlex-20191001-csv/6898#113598837>				<https://panlex.org/snapshot/panlex-20191001-csv/6898#113598806>		"Dziehe Korea nutome"@ee	
"Taayiwan"@ses	<https://panlex.org/snapshot/panlex-20191001-csv/6898#113605075>				<https://panlex.org/snapshot/panlex-20191001-csv/6898#113605162>		"Taiwan nutome"@ee	
"Israyel"@ses	<https://panlex.org/snapshot/panlex-20191001-csv/6898#113615449>				<https://panlex.org/snapshot/panlex-20191001-csv/6898#113615385>		"Israel nutome"@ee	
"Honduras"@ses	<https://panlex.org/snapshot/panlex-20191001-csv/6898#113597037>				<https://panlex.org/snapshot/panlex-20191001-csv/6898#113597047>		"Hondurasdu"@ee	
"Kongoo demookaratiki laboo"@ses	<https://panlex.org/snapshot/panlex-20191001-csv/6898#113589748>				<https://panlex.org/snapshot/panlex-20191001-csv/6898#113589717>		"Kongo Kinshasa nutome"@ee	
"Kongoo demookaratiki laboo"@ses	<https://panlex.org/snapshot/panlex-20191001-csv/6898#113589748>				<https://panlex.org/snapshot/panlex-20191001-csv/6898#113589448>		"Kongo demokratik repɔblik nutome"@ee	
"Armeeni"@ses	<https://panlex.org/snapshot/panlex-20191001-csv/6898#113596498>				<https://panlex.org/snapshot/panlex-20191001-csv/6898#113596597>		"Armenia nutome"@ee	
"Caadu"@ses	<https://panlex.org/snapshot/panlex-20191001-csv/6898#113643304>				<https://panlex.org/snapshot/panlex-20191001-csv/6898#113643351>		"Tsad nutome"@ee	
"Trinidad nda Tobaago"@ses	<https://panlex.org/snapshot/panlex-20191001-csv/6898#113640153>				<https://panlex.org/snapshot/panlex-20191001-csv/6898#113640027>		"Trinidad kple Tobago nutome"@ee	
"Portugaal"@ses	<https://panlex.org/snapshot/panlex-20191001-csv/6898#113628684>				<https://panlex.org/snapshot/panlex-20191001-csv/6898#113628663>		"Portugal nutome"@ee	
"Turki"@ses	<https://panlex.org/snapshot/panlex-20191001-csv/6898#113612114>				<https://panlex.org/snapshot/panlex-20191001-csv/6898#113612110>		"Tɛki nutome"@ee	
"Kaaledooni Taagaa"@ses	<https://panlex.org/snapshot/panlex-20191001-csv/6898#113586677>				<https://panlex.org/snapshot/panlex-20191001-csv/6898#113586576>		"New Kaledonia nutome"@ee	
"Iraak"@ses	<https://panlex.org/snapshot/panlex-20191001-csv/6898#113633739>				<https://panlex.org/snapshot/panlex-20191001-csv/6898#113633827>		"iraqdukɔ"@ee	
"Mongooli"@ses	<https://panlex.org/snapshot/panlex-20191001-csv/6898#113621493>				<https://panlex.org/snapshot/panlex-20191001-csv/6898#113621595>		"Mongolia nutome"@ee	
"Ameerik Virgin Gungey"@ses	<https://panlex.org/snapshot/panlex-20191001-csv/6898#113587774>				<https://panlex.org/snapshot/panlex-20191001-csv/6898#113587689>		"U.S. Vɛrgin ƒudomekpowo nutome"@ee	
"Kameruun"@ses	<https://panlex.org/snapshot/panlex-20191001-csv/6898#113639138>				<https://panlex.org/snapshot/panlex-20191001-csv/6898#113638990>		"Kamerun nutome"@ee	
"Keeniya"@ses	<https://panlex.org/snapshot/panlex-20191001-csv/6898#113593999>				<https://panlex.org/snapshot/panlex-20191001-csv/6898#113594023>		"Kenya nutome"@ee	
"Burundi"@ses	<https://panlex.org/snapshot/panlex-20191001-csv/6898#113626840>				<https://panlex.org/snapshot/panlex-20191001-csv/6898#113626898>		"Burundi nutome"@ee	
"Gaabon"@ses	<https://panlex.org/snapshot/panlex-20191001-csv/6898#113585147>				<https://panlex.org/snapshot/panlex-20191001-csv/6898#113585255>		"Gabɔn nutome"@ee	
"Šiin"@ses	<https://panlex.org/snapshot/panlex-20191001-csv/6898#113614010>				<https://panlex.org/snapshot/panlex-20191001-csv/6898#113614025>		"Tsaina nutome"@ee	
"Jibuuti"@ses	<https://panlex.org/snapshot/panlex-20191001-csv/6898#113585794>				<https://panlex.org/snapshot/panlex-20191001-csv/6898#113585690>		"Dzibuti nutome"@ee	
"Letooni"@ses	<https://panlex.org/snapshot/panlex-20191001-csv/6898#113585020>				<https://panlex.org/snapshot/panlex-20191001-csv/6898#113584921>		"Latvia nutome"@ee	
"Sweede"@ses	<https://panlex.org/snapshot/panlex-20191001-csv/6898#113639798>				<https://panlex.org/snapshot/panlex-20191001-csv/6898#113639891>		"Sweden nutome"@ee	
"Seera Leon"@ses	<https://panlex.org/snapshot/panlex-20191001-csv/6898#113637121>				<https://panlex.org/snapshot/panlex-20191001-csv/6898#113637030>		"Sierra Leone nutome"@ee	
"Sao Tome nda Prinsipe"@ses	<https://panlex.org/snapshot/panlex-20191001-csv/6898#113622876>				<https://panlex.org/snapshot/panlex-20191001-csv/6898#113622918>		"São Tomé kple Príncipe nutome"@ee	
"Irlandu"@ses	<https://panlex.org/snapshot/panlex-20191001-csv/6898#113625999>				<https://panlex.org/snapshot/panlex-20191001-csv/6898#113625883>		"Ireland nutome"@ee	
"Kuweet"@ses	<https://panlex.org/snapshot/panlex-20191001-csv/6898#113605816>				<https://panlex.org/snapshot/panlex-20191001-csv/6898#113605840>		"Kuwait nutome"@ee	
"Maynamar"@ses	<https://panlex.org/snapshot/panlex-20191001-csv/6898#113594440>				<https://panlex.org/snapshot/panlex-20191001-csv/6898#113594417>		"Myanmar (Burma) nutome"@ee	
"Jaapoŋ"@ses	<https://panlex.org/snapshot/panlex-20191001-csv/6898#113634827>				<https://panlex.org/snapshot/panlex-20191001-csv/6898#113634936>		"Dzapan nutome"@ee	
"Martiniiki"@ses	<https://panlex.org/snapshot/panlex-20191001-csv/6898#113586145>				<https://panlex.org/snapshot/panlex-20191001-csv/6898#113586094>		"Martiniki nutome"@ee	
