"ngutu"@kpg	<https://panlex.org/snapshot/panlex-20191001-csv/114#8066699>				<https://panlex.org/snapshot/panlex-20191001-csv/114#8066740>		"pwaha-n"@los	
"kiri"@kpg	<https://panlex.org/snapshot/panlex-20191001-csv/114#8057425>				<https://panlex.org/snapshot/panlex-20191001-csv/114#8057466>		"maʔa-n"@los	
"ua"@kpg	<https://panlex.org/snapshot/panlex-20191001-csv/114#8064139>				<https://panlex.org/snapshot/panlex-20191001-csv/114#8064179>		"keñewe-n"@los	
"uuhiu"@kpg	<https://panlex.org/snapshot/panlex-20191001-csv/114#8065228>				<https://panlex.org/snapshot/panlex-20191001-csv/114#8065271>		"poʔoŋo-n"@los	
"ala"@kpg	<https://panlex.org/snapshot/panlex-20191001-csv/114#8054436>				<https://panlex.org/snapshot/panlex-20191001-csv/114#8054475>		"[pwaha]can"@los	
"hongi"@kpg	<https://panlex.org/snapshot/panlex-20191001-csv/114#8066183>				<https://panlex.org/snapshot/panlex-20191001-csv/114#8066225>		"hoŋey"@los	
"hani"@kpg	<https://panlex.org/snapshot/panlex-20191001-csv/114#8054939>				<https://panlex.org/snapshot/panlex-20191001-csv/114#8054981>		"me"@los	
"magau"@kpg	<https://panlex.org/snapshot/panlex-20191001-csv/114#8055439>				<https://panlex.org/snapshot/panlex-20191001-csv/114#8055475>		"telpelewani"@los	
"kau"@kpg	<https://panlex.org/snapshot/panlex-20191001-csv/114#8055932>				<https://panlex.org/snapshot/panlex-20191001-csv/114#8055973>		"yaŋaŋay"@los	
"kau"@kpg	<https://panlex.org/snapshot/panlex-20191001-csv/114#8055932>				<https://panlex.org/snapshot/panlex-20191001-csv/114#8055974>		"ñuhay"@los	
"libogo"@kpg	<https://panlex.org/snapshot/panlex-20191001-csv/114#8063593>				<https://panlex.org/snapshot/panlex-20191001-csv/114#8063636>		"pala-n"@los	
"tinae"@kpg	<https://panlex.org/snapshot/panlex-20191001-csv/114#8059495>				<https://panlex.org/snapshot/panlex-20191001-csv/114#8059534>		"ŋoʔoputua-n"@los	
