"gudjera"@ddj	<https://panlex.org/snapshot/panlex-20191001-csv/6172#116287920>				<https://panlex.org/snapshot/panlex-20191001-csv/6172#116287926>		"gurin"@kux	
"goio"@ddj	<https://panlex.org/snapshot/panlex-20191001-csv/6172#116278762>				<https://panlex.org/snapshot/panlex-20191001-csv/6172#116278769>		"goyo"@kux	
"goio"@ddj	<https://panlex.org/snapshot/panlex-20191001-csv/6172#116278762>				<https://panlex.org/snapshot/panlex-20191001-csv/6172#116278770>		"goio"@kux	
"gonurg"@ddj	<https://panlex.org/snapshot/panlex-20191001-csv/6172#116280441>				<https://panlex.org/snapshot/panlex-20191001-csv/6172#116280445>		"gundjilbor"@kux	
"lira"@ddj	<https://panlex.org/snapshot/panlex-20191001-csv/6172#116284194>				<https://panlex.org/snapshot/panlex-20191001-csv/6172#116284199>		"djā"@kux	
"ŋadjir mana"@ddj	<https://panlex.org/snapshot/panlex-20191001-csv/6172#116286365>				<https://panlex.org/snapshot/panlex-20191001-csv/6172#116286369>		"djilgonda"@kux	
"minburu"@ddj	<https://panlex.org/snapshot/panlex-20191001-csv/6172#116279735>				<https://panlex.org/snapshot/panlex-20191001-csv/6172#116279739>		"diŋari"@kux	
"garail"@ddj	<https://panlex.org/snapshot/panlex-20191001-csv/6172#116278841>				<https://panlex.org/snapshot/panlex-20191001-csv/6172#116278845>		"mina"@kux	
"mangirgir"@ddj	<https://panlex.org/snapshot/panlex-20191001-csv/6172#116281220>				<https://panlex.org/snapshot/panlex-20191001-csv/6172#116281226>		"laŋga"@kux	
"milŋali"@ddj	<https://panlex.org/snapshot/panlex-20191001-csv/6172#116287210>				<https://panlex.org/snapshot/panlex-20191001-csv/6172#116287214>		"djinmil"@kux	
"njamara"@ddj	<https://panlex.org/snapshot/panlex-20191001-csv/6172#116283211>				<https://panlex.org/snapshot/panlex-20191001-csv/6172#116283217>		"djilga-badji"@kux	
"Warmala"@ddj	<https://panlex.org/snapshot/panlex-20191001-csv/6172#116287765>				<https://panlex.org/snapshot/panlex-20191001-csv/6172#116287778>		"Gogadja"@kux	
"goyo"@ddj	<https://panlex.org/snapshot/panlex-20191001-csv/6172#116278761>				<https://panlex.org/snapshot/panlex-20191001-csv/6172#116278769>		"goyo"@kux	
"goyo"@ddj	<https://panlex.org/snapshot/panlex-20191001-csv/6172#116278761>				<https://panlex.org/snapshot/panlex-20191001-csv/6172#116278770>		"goio"@kux	
"Walmadjeri"@ddj	<https://panlex.org/snapshot/panlex-20191001-csv/6172#116287763>				<https://panlex.org/snapshot/panlex-20191001-csv/6172#116287778>		"Gogadja"@kux	
"nawan"@ddj	<https://panlex.org/snapshot/panlex-20191001-csv/6172#116282812>				<https://panlex.org/snapshot/panlex-20191001-csv/6172#116282817>		"biŋgi"@kux	
"murgun"@ddj	<https://panlex.org/snapshot/panlex-20191001-csv/6172#116287376>				<https://panlex.org/snapshot/panlex-20191001-csv/6172#116287380>		"mangur"@kux	
"guni mana"@ddj	<https://panlex.org/snapshot/panlex-20191001-csv/6172#116281094>				<https://panlex.org/snapshot/panlex-20191001-csv/6172#116281098>		"gabuguri"@kux	
"yana"@ddj	<https://panlex.org/snapshot/panlex-20191001-csv/6172#116282296>				<https://panlex.org/snapshot/panlex-20191001-csv/6172#116282300>		"yena"@kux	
"djagoli"@ddj	<https://panlex.org/snapshot/panlex-20191001-csv/6172#116285949>				<https://panlex.org/snapshot/panlex-20191001-csv/6172#116285953>		"wildjaŋana"@kux	
"djalanj"@ddj	<https://panlex.org/snapshot/panlex-20191001-csv/6172#116287607>				<https://panlex.org/snapshot/panlex-20191001-csv/6172#116287612>		"njaliŋ"@kux	
"ŋurun"@ddj	<https://panlex.org/snapshot/panlex-20191001-csv/6172#116282451>				<https://panlex.org/snapshot/panlex-20191001-csv/6172#116282456>		"gada"@kux	
"ŋurun"@ddj	<https://panlex.org/snapshot/panlex-20191001-csv/6172#116282813>				<https://panlex.org/snapshot/panlex-20191001-csv/6172#116282817>		"biŋgi"@kux	
"lawardi"@ddj	<https://panlex.org/snapshot/panlex-20191001-csv/6172#116286017>				<https://panlex.org/snapshot/panlex-20191001-csv/6172#116286021>		"birai"@kux	
"djiŋga"@ddj	<https://panlex.org/snapshot/panlex-20191001-csv/6172#116287533>				<https://panlex.org/snapshot/panlex-20191001-csv/6172#116287537>		"dadagur"@kux	
"Walmari"@ddj	<https://panlex.org/snapshot/panlex-20191001-csv/6172#116287764>				<https://panlex.org/snapshot/panlex-20191001-csv/6172#116287778>		"Gogadja"@kux	
"djalidji"@ddj	<https://panlex.org/snapshot/panlex-20191001-csv/6172#116282130>				<https://panlex.org/snapshot/panlex-20191001-csv/6172#116282134>		"gudjuŋa"@kux	
"yaŋi"@ddj	<https://panlex.org/snapshot/panlex-20191001-csv/6172#116284612>				<https://panlex.org/snapshot/panlex-20191001-csv/6172#116284617>		"gudu"@kux	
"miŋu"@ddj	<https://panlex.org/snapshot/panlex-20191001-csv/6172#116287631>				<https://panlex.org/snapshot/panlex-20191001-csv/6172#116287635>		"wadra"@kux	
"milidi"@ddj	<https://panlex.org/snapshot/panlex-20191001-csv/6172#116286572>				<https://panlex.org/snapshot/panlex-20191001-csv/6172#116286577>		"naŋo"@kux	
"wandjen"@ddj	<https://panlex.org/snapshot/panlex-20191001-csv/6172#116288291>				<https://panlex.org/snapshot/panlex-20191001-csv/6172#116288294>		"djaboro"@kux	
"gūdu"@ddj	<https://panlex.org/snapshot/panlex-20191001-csv/6172#116281716>				<https://panlex.org/snapshot/panlex-20191001-csv/6172#116281719>		"marumba"@kux	
"bayana"@ddj	<https://panlex.org/snapshot/panlex-20191001-csv/6172#116282771>				<https://panlex.org/snapshot/panlex-20191001-csv/6172#116282775>		"bua"@kux	
"djiwiljugo"@ddj	<https://panlex.org/snapshot/panlex-20191001-csv/6172#116281169>				<https://panlex.org/snapshot/panlex-20191001-csv/6172#116281172>		"galadjaŋga"@kux	
"djunda"@ddj	<https://panlex.org/snapshot/panlex-20191001-csv/6172#116279820>				<https://panlex.org/snapshot/panlex-20191001-csv/6172#116279824>		"nalogodo"@kux	
"wēngi"@ddj	<https://panlex.org/snapshot/panlex-20191001-csv/6172#116286291>				<https://panlex.org/snapshot/panlex-20191001-csv/6172#116286296>		"gundjeru"@kux	
"golin"@ddj	<https://panlex.org/snapshot/panlex-20191001-csv/6172#116279003>				<https://panlex.org/snapshot/panlex-20191001-csv/6172#116279007>		"djulbo"@kux	
"gora"@ddj	<https://panlex.org/snapshot/panlex-20191001-csv/6172#116281447>				<https://panlex.org/snapshot/panlex-20191001-csv/6172#116281451>		"guna"@kux	
"lambu"@ddj	<https://panlex.org/snapshot/panlex-20191001-csv/6172#116284790>				<https://panlex.org/snapshot/panlex-20191001-csv/6172#116284795>		"mindi"@kux	
"gui"@ddj	<https://panlex.org/snapshot/panlex-20191001-csv/6172#116283932>				<https://panlex.org/snapshot/panlex-20191001-csv/6172#116283937>		"guga"@kux	
"ginba yana"@ddj	<https://panlex.org/snapshot/panlex-20191001-csv/6172#116279313>				<https://panlex.org/snapshot/panlex-20191001-csv/6172#116279317>		"badjana"@kux	
"ŋaba"@ddj	<https://panlex.org/snapshot/panlex-20191001-csv/6172#116288224>				<https://panlex.org/snapshot/panlex-20191001-csv/6172#116288232>		"galju"@kux	
"limini"@ddj	<https://panlex.org/snapshot/panlex-20191001-csv/6172#116280039>				<https://panlex.org/snapshot/panlex-20191001-csv/6172#116280043>		"gulgal"@kux	
"gaŋguli njuŋa"@ddj	<https://panlex.org/snapshot/panlex-20191001-csv/6172#116281208>				<https://panlex.org/snapshot/panlex-20191001-csv/6172#116281212>		"duru"@kux	
"wadjen"@ddj	<https://panlex.org/snapshot/panlex-20191001-csv/6172#116285275>				<https://panlex.org/snapshot/panlex-20191001-csv/6172#116285279>		"djabora"@kux	
"niedi"@ddj	<https://panlex.org/snapshot/panlex-20191001-csv/6172#116278980>				<https://panlex.org/snapshot/panlex-20191001-csv/6172#116278984>		"galga"@kux	
"wanda"@ddj	<https://panlex.org/snapshot/panlex-20191001-csv/6172#116278587>				<https://panlex.org/snapshot/panlex-20191001-csv/6172#116278591>		"ganagara"@kux	
"gali"@ddj	<https://panlex.org/snapshot/panlex-20191001-csv/6172#116283150>				<https://panlex.org/snapshot/panlex-20191001-csv/6172#116283155>		"bandala"@kux	
"wada"@ddj	<https://panlex.org/snapshot/panlex-20191001-csv/6172#116286754>				<https://panlex.org/snapshot/panlex-20191001-csv/6172#116286759>		"muŋa"@kux	
"munda"@ddj	<https://panlex.org/snapshot/panlex-20191001-csv/6172#116279208>				<https://panlex.org/snapshot/panlex-20191001-csv/6172#116279212>		"munda"@kux	
"wandjogo nina"@ddj	<https://panlex.org/snapshot/panlex-20191001-csv/6172#116288377>				<https://panlex.org/snapshot/panlex-20191001-csv/6172#116288382>		"djidu"@kux	
"wilgi"@ddj	<https://panlex.org/snapshot/panlex-20191001-csv/6172#116279508>				<https://panlex.org/snapshot/panlex-20191001-csv/6172#116279513>		"djinba"@kux	
"yuban"@ddj	<https://panlex.org/snapshot/panlex-20191001-csv/6172#116282068>				<https://panlex.org/snapshot/panlex-20191001-csv/6172#116282074>		"djaman"@kux	
