"ʼwawa"@tve	<https://panlex.org/snapshot/panlex-20191001-csv/114#8060237>				<https://panlex.org/snapshot/panlex-20191001-csv/114#8060129>		"*qatay"@poz	
"ʼro"@tve	<https://panlex.org/snapshot/panlex-20191001-csv/114#8059281>				<https://panlex.org/snapshot/panlex-20191001-csv/114#8059168>		"*tuqelan"@poz	
"ʼro"@tve	<https://panlex.org/snapshot/panlex-20191001-csv/114#8059281>				<https://panlex.org/snapshot/panlex-20191001-csv/114#8059169>		"*tuqelaŋ"@poz	
"niʼmau"@tve	<https://panlex.org/snapshot/panlex-20191001-csv/114#8068065>				<https://panlex.org/snapshot/panlex-20191001-csv/114#8067951>		"*dilaq"@poz	
"niʼmau"@tve	<https://panlex.org/snapshot/panlex-20191001-csv/114#8068065>				<https://panlex.org/snapshot/panlex-20191001-csv/114#8067952>		"*hema"@poz	
"ʼluli"@tve	<https://panlex.org/snapshot/panlex-20191001-csv/114#8057709>				<https://panlex.org/snapshot/panlex-20191001-csv/114#8057592>		"*kulit"@poz	
