"pasik"@ljp	<https://panlex.org/snapshot/panlex-20191001-csv/5943#83323763>				<https://panlex.org/snapshot/panlex-20191001-csv/5943#83323790>		"karkuin"@rri	
"way"@ljp	<https://panlex.org/snapshot/panlex-20191001-csv/12#851019>				<https://panlex.org/snapshot/panlex-20191001-csv/12#851133>		"bic"@rri	
"pasik"@ljp	<https://panlex.org/snapshot/panlex-20191001-csv/15#967026>				<https://panlex.org/snapshot/panlex-20191001-csv/15#967058>		"karkuin"@rri	
"uləw"@ljp	<https://panlex.org/snapshot/panlex-20191001-csv/114#8063625>				<https://panlex.org/snapshot/panlex-20191001-csv/114#8063782>		"kujuk"@rri	
"ʀah"@ljp	<https://panlex.org/snapshot/panlex-20191001-csv/114#8063080>				<https://panlex.org/snapshot/panlex-20191001-csv/114#8063241>		"madak"@rri	
"tənahəy"@ljp	<https://panlex.org/snapshot/panlex-20191001-csv/114#8059523>				<https://panlex.org/snapshot/panlex-20191001-csv/114#8059667>		"sal"@rri	
"iʀuŋ"@ljp	<https://panlex.org/snapshot/panlex-20191001-csv/114#8065260>				<https://panlex.org/snapshot/panlex-20191001-csv/114#8065419>		"ŋiŋir"@rri	
"kamah"@ljp	<https://panlex.org/snapshot/panlex-20191001-csv/114#8056489>				<https://panlex.org/snapshot/panlex-20191001-csv/114#8056638>		"pitó"@rri	
"ʀaŋɔ"@ljp	<https://panlex.org/snapshot/panlex-20191001-csv/114#8066729>				<https://panlex.org/snapshot/panlex-20191001-csv/114#8066897>		"juap"@rri	
"kədis"@ljp	<https://panlex.org/snapshot/panlex-20191001-csv/114#8067289>				<https://panlex.org/snapshot/panlex-20191001-csv/114#8067452>		"kekér"@rri	
"abəw"@ljp	<https://panlex.org/snapshot/panlex-20191001-csv/114#8056967>				<https://panlex.org/snapshot/panlex-20191001-csv/114#8057118>		"rór"@rri	
"pup:iŋ"@ljp	<https://panlex.org/snapshot/panlex-20191001-csv/114#8061070>				<https://panlex.org/snapshot/panlex-20191001-csv/114#8061217>		"gavar"@rri	
"kirəy"@ljp	<https://panlex.org/snapshot/panlex-20191001-csv/114#8052376>				<https://panlex.org/snapshot/panlex-20191001-csv/114#8052519>		"mür"@rri	
"behaŋŋas"@ljp	<https://panlex.org/snapshot/panlex-20191001-csv/114#8065757>				<https://panlex.org/snapshot/panlex-20191001-csv/114#8065890>		"ŋurip"@rri	
"buwəʔ"@ljp	<https://panlex.org/snapshot/panlex-20191001-csv/114#8064706>				<https://panlex.org/snapshot/panlex-20191001-csv/114#8064863>		"vuruŋ"@rri	
"ʀabay"@ljp	<https://panlex.org/snapshot/panlex-20191001-csv/114#8062590>				<https://panlex.org/snapshot/panlex-20191001-csv/114#8062740>		"zes"@rri	
