"uləw"@ljp	<https://panlex.org/snapshot/panlex-20191001-csv/114#8063625>				<https://panlex.org/snapshot/panlex-20191001-csv/114#8063434>		"abak"@bei	
"ʀah"@ljp	<https://panlex.org/snapshot/panlex-20191001-csv/114#8063080>				<https://panlex.org/snapshot/panlex-20191001-csv/114#8062911>		"dayaʔ"@bei	
"iʀuŋ"@ljp	<https://panlex.org/snapshot/panlex-20191001-csv/114#8065260>				<https://panlex.org/snapshot/panlex-20191001-csv/114#8065072>		"dudukng"@bei	
"kamah"@ljp	<https://panlex.org/snapshot/panlex-20191001-csv/114#8056489>				<https://panlex.org/snapshot/panlex-20191001-csv/114#8056312>		"saih"@bei	
"ʀaŋɔ"@ljp	<https://panlex.org/snapshot/panlex-20191001-csv/114#8066729>				<https://panlex.org/snapshot/panlex-20191001-csv/114#8066540>		"babaʔ"@bei	
"kədis"@ljp	<https://panlex.org/snapshot/panlex-20191001-csv/114#8067289>				<https://panlex.org/snapshot/panlex-20191001-csv/114#8067092>		"japuʔ"@bei	
"abəw"@ljp	<https://panlex.org/snapshot/panlex-20191001-csv/114#8056967>				<https://panlex.org/snapshot/panlex-20191001-csv/114#8056818>		"unuk taneʔ"@bei	
"pup:iŋ"@ljp	<https://panlex.org/snapshot/panlex-20191001-csv/114#8061070>				<https://panlex.org/snapshot/panlex-20191001-csv/114#8060915>		"kawe"@bei	
"kirəy"@ljp	<https://panlex.org/snapshot/panlex-20191001-csv/114#8052376>				<https://panlex.org/snapshot/panlex-20191001-csv/114#8052219>		"kiriʔ"@bei	
"behaŋŋas"@ljp	<https://panlex.org/snapshot/panlex-20191001-csv/114#8065757>				<https://panlex.org/snapshot/panlex-20191001-csv/114#8065606>		"masukng"@bei	
"buwəʔ"@ljp	<https://panlex.org/snapshot/panlex-20191001-csv/114#8064706>				<https://panlex.org/snapshot/panlex-20191001-csv/114#8064518>		"abok"@bei	
"ʀabay"@ljp	<https://panlex.org/snapshot/panlex-20191001-csv/114#8062590>				<https://panlex.org/snapshot/panlex-20191001-csv/114#8062404>		"buut"@bei	
