"uləw"@ljp	<https://panlex.org/snapshot/panlex-20191001-csv/114#8063625>				<https://panlex.org/snapshot/panlex-20191001-csv/114#8063657>		"ʼquu"@mbd	
"ʀah"@ljp	<https://panlex.org/snapshot/panlex-20191001-csv/114#8063080>				<https://panlex.org/snapshot/panlex-20191001-csv/114#8063118>		"laʼngɨsa"@mbd	
"tənahəy"@ljp	<https://panlex.org/snapshot/panlex-20191001-csv/114#8059523>				<https://panlex.org/snapshot/panlex-20191001-csv/114#8059551>		"tiqɨ"@mbd	
"iʀuŋ"@ljp	<https://panlex.org/snapshot/panlex-20191001-csv/114#8065260>				<https://panlex.org/snapshot/panlex-20191001-csv/114#8065292>		"ʼsimud"@mbd	
"kamah"@ljp	<https://panlex.org/snapshot/panlex-20191001-csv/114#8056489>				<https://panlex.org/snapshot/panlex-20191001-csv/114#8056514>		"taʼlibɨn"@mbd	
"ʀaŋɔ"@ljp	<https://panlex.org/snapshot/panlex-20191001-csv/114#8066729>				<https://panlex.org/snapshot/panlex-20191001-csv/114#8066761>		"ʼbaqbaq"@mbd	
"kədis"@ljp	<https://panlex.org/snapshot/panlex-20191001-csv/114#8067289>				<https://panlex.org/snapshot/panlex-20191001-csv/114#8067321>		"ʼngipin"@mbd	
"abəw"@ljp	<https://panlex.org/snapshot/panlex-20191001-csv/114#8056967>				<https://panlex.org/snapshot/panlex-20191001-csv/114#8056996>		"ʼbukbuk"@mbd	
"pup:iŋ"@ljp	<https://panlex.org/snapshot/panlex-20191001-csv/114#8061070>				<https://panlex.org/snapshot/panlex-20191001-csv/114#8061100>		"qaʼbaga"@mbd	
"kirəy"@ljp	<https://panlex.org/snapshot/panlex-20191001-csv/114#8052376>				<https://panlex.org/snapshot/panlex-20191001-csv/114#8052404>		"kaʼwaa"@mbd	
"buwəʔ"@ljp	<https://panlex.org/snapshot/panlex-20191001-csv/114#8064706>				<https://panlex.org/snapshot/panlex-20191001-csv/114#8064735>		"ʼbubu"@mbd	
"ʀabay"@ljp	<https://panlex.org/snapshot/panlex-20191001-csv/114#8062590>				<https://panlex.org/snapshot/panlex-20191001-csv/114#8062620>		"kaʼhadɨk"@mbd	
