"-balɛk"@asz	<https://panlex.org/snapshot/panlex-20191001-csv/114#8055281>				<https://panlex.org/snapshot/panlex-20191001-csv/114#8055739>		"mekoana"@xmz	
"-balɛk"@asz	<https://panlex.org/snapshot/panlex-20191001-csv/114#8055281>				<https://panlex.org/snapshot/panlex-20191001-csv/114#8055740>		"memaŋgoli"@xmz	
"lamɔs"@asz	<https://panlex.org/snapshot/panlex-20191001-csv/114#8062893>				<https://panlex.org/snapshot/panlex-20191001-csv/114#8063380>		"rea"@xmz	
"-fɛtɛn"@asz	<https://panlex.org/snapshot/panlex-20191001-csv/114#8066028>				<https://panlex.org/snapshot/panlex-20191001-csv/114#8066490>		"mowowoo"@xmz	
"gu kapyas"@asz	<https://panlex.org/snapshot/panlex-20191001-csv/114#8056803>				<https://panlex.org/snapshot/panlex-20191001-csv/114#8057232>		"awu"@xmz	
"lali"@asz	<https://panlex.org/snapshot/panlex-20191001-csv/114#8056296>				<https://panlex.org/snapshot/panlex-20191001-csv/114#8056775>		"merege"@xmz	
"-walu"@asz	<https://panlex.org/snapshot/panlex-20191001-csv/114#8066521>				<https://panlex.org/snapshot/panlex-20191001-csv/114#8067041>		"ŋaŋa"@xmz	
"-tan"@asz	<https://panlex.org/snapshot/panlex-20191001-csv/114#8053700>				<https://panlex.org/snapshot/panlex-20191001-csv/114#8054255>		"melenipa"@xmz	
