"ʼsusu"@srw	<https://panlex.org/snapshot/panlex-20191001-csv/114#8060742>				<https://panlex.org/snapshot/panlex-20191001-csv/114#8060587>		"hama"@mgu	
"ʼnina"@srw	<https://panlex.org/snapshot/panlex-20191001-csv/114#8067488>				<https://panlex.org/snapshot/panlex-20191001-csv/114#8067333>		"maa"@mgu	
"ʼnina"@srw	<https://panlex.org/snapshot/panlex-20191001-csv/114#8067488>				<https://panlex.org/snapshot/panlex-20191001-csv/114#8067332>		"gagina"@mgu	
"ʼlima"@srw	<https://panlex.org/snapshot/panlex-20191001-csv/114#8052064>				<https://panlex.org/snapshot/panlex-20191001-csv/114#8051905>		"ima"@mgu	
"ʼsalna"@srw	<https://panlex.org/snapshot/panlex-20191001-csv/114#8054646>				<https://panlex.org/snapshot/panlex-20191001-csv/114#8054504>		"laea"@mgu	
"ṇʼmai"@srw	<https://panlex.org/snapshot/panlex-20191001-csv/114#8055150>				<https://panlex.org/snapshot/panlex-20191001-csv/114#8055008>		"ai-"@mgu	
"niʼlɔki"@srw	<https://panlex.org/snapshot/panlex-20191001-csv/114#8054137>				<https://panlex.org/snapshot/panlex-20191001-csv/114#8053977>		"baebae"@mgu	
"ʼnɛti"@srw	<https://panlex.org/snapshot/panlex-20191001-csv/114#8060179>				<https://panlex.org/snapshot/panlex-20191001-csv/114#8060042>		"arame"@mgu	
"leʼlɛna"@srw	<https://panlex.org/snapshot/panlex-20191001-csv/114#8064353>				<https://panlex.org/snapshot/panlex-20191001-csv/114#8064211>		"kusani"@mgu	
