"qiʼgid"@knb	<https://panlex.org/snapshot/panlex-20191001-csv/114#8052347>				<https://panlex.org/snapshot/panlex-20191001-csv/114#8052479>		"ghao"@nxe	
"qaqiʼsaw (qiʼsaw)"@knb	<https://panlex.org/snapshot/panlex-20191001-csv/114#8056455>				<https://panlex.org/snapshot/panlex-20191001-csv/114#8056591>		"zaki"@nxe	
"buʼwang"@knb	<https://panlex.org/snapshot/panlex-20191001-csv/114#8058453>				<https://panlex.org/snapshot/panlex-20191001-csv/114#8058614>		"tuka"@nxe	
"qumogʼyat"@knb	<https://panlex.org/snapshot/panlex-20191001-csv/114#8062555>				<https://panlex.org/snapshot/panlex-20191001-csv/114#8062698>		"taku"@nxe	
"qoʼngol"@knb	<https://panlex.org/snapshot/panlex-20191001-csv/114#8065222>				<https://panlex.org/snapshot/panlex-20191001-csv/114#8065376>		"izu"@nxe	
"ʼqulu"@knb	<https://panlex.org/snapshot/panlex-20191001-csv/114#8063587>				<https://panlex.org/snapshot/panlex-20191001-csv/114#8063740>		"ulu"@nxe	
"manqiʼyat"@knb	<https://panlex.org/snapshot/panlex-20191001-csv/114#8055928>				<https://panlex.org/snapshot/panlex-20191001-csv/114#8056082>		"nangu"@nxe	
