"chuwa"@knb	<https://panlex.org/snapshot/panlex-20191001-csv/3921#51402963>				<https://panlex.org/snapshot/panlex-20191001-csv/3921#51402953>		"duha"@ceb	
"opat"@knb	<https://panlex.org/snapshot/panlex-20191001-csv/3921#51403020>				<https://panlex.org/snapshot/panlex-20191001-csv/3921#51403009>		"upat"@ceb	
"lima"@knb	<https://panlex.org/snapshot/panlex-20191001-csv/3921#51403048>				<https://panlex.org/snapshot/panlex-20191001-csv/3921#51403038>		"lima"@ceb	
"teyu"@knb	<https://panlex.org/snapshot/panlex-20191001-csv/3921#51402991>				<https://panlex.org/snapshot/panlex-20191001-csv/3921#51402981>		"tulo"@ceb	
"simpuyo"@knb	<https://panlex.org/snapshot/panlex-20191001-csv/3921#51403188>				<https://panlex.org/snapshot/panlex-20191001-csv/3921#51403178>		"napulo"@ceb	
"pitu"@knb	<https://panlex.org/snapshot/panlex-20191001-csv/3921#51403104>				<https://panlex.org/snapshot/panlex-20191001-csv/3921#51403094>		"pito"@ceb	
"siyam"@knb	<https://panlex.org/snapshot/panlex-20191001-csv/3921#51403160>				<https://panlex.org/snapshot/panlex-20191001-csv/3921#51403150>		"siyam"@ceb	
"isa"@knb	<https://panlex.org/snapshot/panlex-20191001-csv/3921#51402935>				<https://panlex.org/snapshot/panlex-20191001-csv/3921#51402926>		"usa"@ceb	
"wayu"@knb	<https://panlex.org/snapshot/panlex-20191001-csv/3921#51403132>				<https://panlex.org/snapshot/panlex-20191001-csv/3921#51403122>		"walo"@ceb	
"olom"@knb	<https://panlex.org/snapshot/panlex-20191001-csv/3921#51403076>				<https://panlex.org/snapshot/panlex-20191001-csv/3921#51403066>		"unom"@ceb	
"qiʼgid"@knb	<https://panlex.org/snapshot/panlex-20191001-csv/114#8052347>				<https://panlex.org/snapshot/panlex-20191001-csv/114#8052254>		"walá"@ceb	
"qaqiʼsaw (qiʼsaw)"@knb	<https://panlex.org/snapshot/panlex-20191001-csv/114#8056455>				<https://panlex.org/snapshot/panlex-20191001-csv/114#8056347>		"húgaw"@ceb	
"buʼwang"@knb	<https://panlex.org/snapshot/panlex-20191001-csv/114#8058453>				<https://panlex.org/snapshot/panlex-20191001-csv/114#8058339>		"tiyán"@ceb	
"qumogʼyat"@knb	<https://panlex.org/snapshot/panlex-20191001-csv/114#8062555>				<https://panlex.org/snapshot/panlex-20191001-csv/114#8062445>		"mahádlok"@ceb	
"qoʼngol"@knb	<https://panlex.org/snapshot/panlex-20191001-csv/114#8065222>				<https://panlex.org/snapshot/panlex-20191001-csv/114#8065109>		"ilóng"@ceb	
"ʼqulu"@knb	<https://panlex.org/snapshot/panlex-20191001-csv/114#8063587>				<https://panlex.org/snapshot/panlex-20191001-csv/114#8063474>		"úlo"@ceb	
"manqiʼyat"@knb	<https://panlex.org/snapshot/panlex-20191001-csv/114#8055928>				<https://panlex.org/snapshot/panlex-20191001-csv/114#8055828>		"molangóy"@ceb	
