"नदी"@hi	<https://panlex.org/snapshot/panlex-20191001-csv/5939#80825380>				<https://panlex.org/snapshot/panlex-20191001-csv/5939#80825405>		"vord"@osx	
"नदी"@hi	<https://panlex.org/snapshot/panlex-20191001-csv/5939#80825380>				<https://panlex.org/snapshot/panlex-20191001-csv/5939#80825404>		"ford"@osx	
"उथली जगह"@hi	<https://panlex.org/snapshot/panlex-20191001-csv/5939#80825379>				<https://panlex.org/snapshot/panlex-20191001-csv/5939#80825405>		"vord"@osx	
"उथली जगह"@hi	<https://panlex.org/snapshot/panlex-20191001-csv/5939#80825379>				<https://panlex.org/snapshot/panlex-20191001-csv/5939#80825404>		"ford"@osx	
"जहन्नम"@hi	<https://panlex.org/snapshot/panlex-20191001-csv/5949#85332925>				<https://panlex.org/snapshot/panlex-20191001-csv/5949#85332970>		"hellia"@osx	
"जहन्नम"@hi	<https://panlex.org/snapshot/panlex-20191001-csv/5949#85332925>				<https://panlex.org/snapshot/panlex-20191001-csv/5949#85332969>		"hel"@osx	
"नरक"@hi	<https://panlex.org/snapshot/panlex-20191001-csv/5949#85332926>				<https://panlex.org/snapshot/panlex-20191001-csv/5949#85332970>		"hellia"@osx	
"नरक"@hi	<https://panlex.org/snapshot/panlex-20191001-csv/5949#85332926>				<https://panlex.org/snapshot/panlex-20191001-csv/5949#85332969>		"hel"@osx	
"यमलोक"@hi	<https://panlex.org/snapshot/panlex-20191001-csv/5949#85332924>				<https://panlex.org/snapshot/panlex-20191001-csv/5949#85332970>		"hellia"@osx	
"यमलोक"@hi	<https://panlex.org/snapshot/panlex-20191001-csv/5949#85332924>				<https://panlex.org/snapshot/panlex-20191001-csv/5949#85332969>		"hel"@osx	
