"Vogel"@nds	<https://panlex.org/snapshot/panlex-20191001-csv/5943#83366993>				<https://panlex.org/snapshot/panlex-20191001-csv/5943#83366986>		"won"@kos	
"Vogel"@nds	<https://panlex.org/snapshot/panlex-20191001-csv/5943#83366993>				<https://panlex.org/snapshot/panlex-20191001-csv/5943#83366987>		"tuhram"@kos	
"water"@nds	<https://panlex.org/snapshot/panlex-20191001-csv/12#851078>				<https://panlex.org/snapshot/panlex-20191001-csv/12#850995>		"kof"@kos	
"water"@nds	<https://panlex.org/snapshot/panlex-20191001-csv/12#851078>				<https://panlex.org/snapshot/panlex-20191001-csv/12#850996>		"sroano"@kos	
"Freeden"@nds	<https://panlex.org/snapshot/panlex-20191001-csv/2902#111012089>				<https://panlex.org/snapshot/panlex-20191001-csv/2902#111012288>		"mihs"@kos	
