"Maandag"@nds	<https://panlex.org/snapshot/panlex-20191001-csv/5947#84803515>				<https://panlex.org/snapshot/panlex-20191001-csv/5947#84803500>		"Manre"@mh	
"lütt"@nds	<https://panlex.org/snapshot/panlex-20191001-csv/5943#83397651>				<https://panlex.org/snapshot/panlex-20191001-csv/5943#83397646>		"dik"@mh	
"kleen"@nds	<https://panlex.org/snapshot/panlex-20191001-csv/5943#83397650>				<https://panlex.org/snapshot/panlex-20191001-csv/5943#83397646>		"dik"@mh	
"ne"@nds	<https://panlex.org/snapshot/panlex-20191001-csv/19#1025946>				<https://panlex.org/snapshot/panlex-20191001-csv/19#1025943>		"jaab"@mh	
"Vagel"@nds	<https://panlex.org/snapshot/panlex-20191001-csv/9#481991>				<https://panlex.org/snapshot/panlex-20191001-csv/9#481987>		"pɣao"@mh	
"water"@nds	<https://panlex.org/snapshot/panlex-20191001-csv/12#851078>				<https://panlex.org/snapshot/panlex-20191001-csv/12#851030>		"aiboj"@mh	
"water"@nds	<https://panlex.org/snapshot/panlex-20191001-csv/12#851078>				<https://panlex.org/snapshot/panlex-20191001-csv/12#851031>		"ren"@mh	
"Freeden"@nds	<https://panlex.org/snapshot/panlex-20191001-csv/2902#111012089>				<https://panlex.org/snapshot/panlex-20191001-csv/2902#111012191>		"ainemon"@mh	
"water"@nds	<https://panlex.org/snapshot/panlex-20191001-csv/11#787679>				<https://panlex.org/snapshot/panlex-20191001-csv/11#787635>		"ren"@mh	
"water"@nds	<https://panlex.org/snapshot/panlex-20191001-csv/11#787679>				<https://panlex.org/snapshot/panlex-20191001-csv/11#787634>		"aiboj"@mh	
"Middeweken"@nds	<https://panlex.org/snapshot/panlex-20191001-csv/2892#110825034>				<https://panlex.org/snapshot/panlex-20191001-csv/2892#110825180>		"Wonje"@mh	
"Sünndag"@nds	<https://panlex.org/snapshot/panlex-20191001-csv/2892#110826995>				<https://panlex.org/snapshot/panlex-20191001-csv/2892#110827016>		"Jabot"@mh	
"Maandag"@nds	<https://panlex.org/snapshot/panlex-20191001-csv/2892#110824065>				<https://panlex.org/snapshot/panlex-20191001-csv/2892#110824021>		"Manre"@mh	
"Sünnavend"@nds	<https://panlex.org/snapshot/panlex-20191001-csv/2892#110826529>				<https://panlex.org/snapshot/panlex-20191001-csv/2892#110826177>		"Jarere"@mh	
"Dunnersdag"@nds	<https://panlex.org/snapshot/panlex-20191001-csv/2892#110825301>				<https://panlex.org/snapshot/panlex-20191001-csv/2892#110825265>		"Taije"@mh	
"Freedag"@nds	<https://panlex.org/snapshot/panlex-20191001-csv/2892#110825761>				<https://panlex.org/snapshot/panlex-20191001-csv/2892#110826098>		"Balaire"@mh	
"Dingsdag"@nds	<https://panlex.org/snapshot/panlex-20191001-csv/2892#110824755>				<https://panlex.org/snapshot/panlex-20191001-csv/2892#110824630>		"Juje"@mh	
"Saterdag"@nds	<https://panlex.org/snapshot/panlex-20191001-csv/2892#110826554>				<https://panlex.org/snapshot/panlex-20191001-csv/2892#110826177>		"Jarere"@mh	
