"Kepuvede"@guz	<https://panlex.org/snapshot/panlex-20191001-csv/6898#113629268>				<https://panlex.org/snapshot/panlex-20191001-csv/6898#113629244>		"כף ורדה"@he	
"Msumbiji"@guz	<https://panlex.org/snapshot/panlex-20191001-csv/6898#113603274>				<https://panlex.org/snapshot/panlex-20191001-csv/6898#113603220>		"מוזמביק"@he	
"Mikronesia"@guz	<https://panlex.org/snapshot/panlex-20191001-csv/6898#113597250>				<https://panlex.org/snapshot/panlex-20191001-csv/6898#113597231>		"מיקרונזיה"@he	
"Gine"@guz	<https://panlex.org/snapshot/panlex-20191001-csv/6898#113617864>				<https://panlex.org/snapshot/panlex-20191001-csv/6898#113617829>		"גינאה"@he	
"Benini"@guz	<https://panlex.org/snapshot/panlex-20191001-csv/6898#113607600>				<https://panlex.org/snapshot/panlex-20191001-csv/6898#113607469>		"בנין"@he	
"Iraki"@guz	<https://panlex.org/snapshot/panlex-20191001-csv/6898#113633830>				<https://panlex.org/snapshot/panlex-20191001-csv/6898#113633661>		"עיראק"@he	
"Siera Leoni"@guz	<https://panlex.org/snapshot/panlex-20191001-csv/6898#113637028>				<https://panlex.org/snapshot/panlex-20191001-csv/6898#113637130>		"סיירה לאונה"@he	
"Kisiwa cha Norfok"@guz	<https://panlex.org/snapshot/panlex-20191001-csv/6898#113642376>				<https://panlex.org/snapshot/panlex-20191001-csv/6898#113642381>		"איי נורפוק"@he	
"Panama"@guz	<https://panlex.org/snapshot/panlex-20191001-csv/6898#113606114>				<https://panlex.org/snapshot/panlex-20191001-csv/6898#113606118>		"פנמה"@he	
"Angola"@guz	<https://panlex.org/snapshot/panlex-20191001-csv/6898#113600062>				<https://panlex.org/snapshot/panlex-20191001-csv/6898#113600016>		"אנגולה"@he	
"Santalusia"@guz	<https://panlex.org/snapshot/panlex-20191001-csv/6898#113621960>				<https://panlex.org/snapshot/panlex-20191001-csv/6898#113621933>		"סנט לוסיה"@he	
"Walis na Futuna"@guz	<https://panlex.org/snapshot/panlex-20191001-csv/6898#113638550>				<https://panlex.org/snapshot/panlex-20191001-csv/6898#113638659>		"איי ווליס ופוטונה"@he	
"Nyuzilandi"@guz	<https://panlex.org/snapshot/panlex-20191001-csv/6898#113587119>				<https://panlex.org/snapshot/panlex-20191001-csv/6898#113587169>		"ניו זילנד"@he	
"Butani"@guz	<https://panlex.org/snapshot/panlex-20191001-csv/6898#113639661>				<https://panlex.org/snapshot/panlex-20191001-csv/6898#113639748>		"בהוטן"@he	
"Slovenia"@guz	<https://panlex.org/snapshot/panlex-20191001-csv/6898#113636585>				<https://panlex.org/snapshot/panlex-20191001-csv/6898#113636538>		"סלובניה"@he	
"Kongo"@guz	<https://panlex.org/snapshot/panlex-20191001-csv/6898#113599035>				<https://panlex.org/snapshot/panlex-20191001-csv/6898#113599274>		"קונגו (רפובליקה)"@he	
"Kongo"@guz	<https://panlex.org/snapshot/panlex-20191001-csv/6898#113599035>				<https://panlex.org/snapshot/panlex-20191001-csv/6898#113599126>		"קונגו - ברזאויל"@he	
"Nauru"@guz	<https://panlex.org/snapshot/panlex-20191001-csv/6898#113601579>				<https://panlex.org/snapshot/panlex-20191001-csv/6898#113601687>		"נאורו"@he	
"Gwiyana ya Ufaransa"@guz	<https://panlex.org/snapshot/panlex-20191001-csv/6898#113644419>				<https://panlex.org/snapshot/panlex-20191001-csv/6898#113644530>		"גיאנה הצרפתית"@he	
"Moldova"@guz	<https://panlex.org/snapshot/panlex-20191001-csv/6898#113633388>				<https://panlex.org/snapshot/panlex-20191001-csv/6898#113633246>		"מולדובה"@he	
"Gwam"@guz	<https://panlex.org/snapshot/panlex-20191001-csv/6898#113630777>				<https://panlex.org/snapshot/panlex-20191001-csv/6898#113630682>		"גואם"@he	
"Mongolia"@guz	<https://panlex.org/snapshot/panlex-20191001-csv/6898#113621543>				<https://panlex.org/snapshot/panlex-20191001-csv/6898#113621556>		"מונגוליה"@he	
"Rwanda"@guz	<https://panlex.org/snapshot/panlex-20191001-csv/6898#113625460>				<https://panlex.org/snapshot/panlex-20191001-csv/6898#113625496>		"רואנדה"@he	
"Ukingo wa Magharibi na Ukanda wa Gaza wa Palestina"@guz	<https://panlex.org/snapshot/panlex-20191001-csv/6898#113586246>				<https://panlex.org/snapshot/panlex-20191001-csv/6898#113586332>		"פלסטין"@he	
"Ukingo wa Magharibi na Ukanda wa Gaza wa Palestina"@guz	<https://panlex.org/snapshot/panlex-20191001-csv/6898#113586246>				<https://panlex.org/snapshot/panlex-20191001-csv/6898#113586326>		"השטחים הפלסטיניים"@he	
"Uswisi"@guz	<https://panlex.org/snapshot/panlex-20191001-csv/6898#113612906>				<https://panlex.org/snapshot/panlex-20191001-csv/6898#113612941>		"שווייץ"@he	
"Yemeni"@guz	<https://panlex.org/snapshot/panlex-20191001-csv/6898#113593546>				<https://panlex.org/snapshot/panlex-20191001-csv/6898#113593539>		"תימן"@he	
"Gwatemala"@guz	<https://panlex.org/snapshot/panlex-20191001-csv/6898#113600448>				<https://panlex.org/snapshot/panlex-20191001-csv/6898#113600458>		"גואטמלה"@he	
"Burundi"@guz	<https://panlex.org/snapshot/panlex-20191001-csv/6898#113626899>				<https://panlex.org/snapshot/panlex-20191001-csv/6898#113626884>		"בורונדי"@he	
"Kuprosi"@guz	<https://panlex.org/snapshot/panlex-20191001-csv/6898#113631715>				<https://panlex.org/snapshot/panlex-20191001-csv/6898#113631835>		"קפריסין"@he	
"Denmaki"@guz	<https://panlex.org/snapshot/panlex-20191001-csv/6898#113629610>				<https://panlex.org/snapshot/panlex-20191001-csv/6898#113629622>		"דנמרק"@he	
"Falme za Kiarabu"@guz	<https://panlex.org/snapshot/panlex-20191001-csv/6898#113608621>				<https://panlex.org/snapshot/panlex-20191001-csv/6898#113608657>		"איחוד האמירויות הערביות"@he	
"Ajentina"@guz	<https://panlex.org/snapshot/panlex-20191001-csv/6898#113642167>				<https://panlex.org/snapshot/panlex-20191001-csv/6898#113642184>		"ארגנטינה"@he	
"Jamaika"@guz	<https://panlex.org/snapshot/panlex-20191001-csv/6898#113593289>				<https://panlex.org/snapshot/panlex-20191001-csv/6898#113593335>		"ג׳מייקה"@he	
"Aljeria"@guz	<https://panlex.org/snapshot/panlex-20191001-csv/6898#113608299>				<https://panlex.org/snapshot/panlex-20191001-csv/6898#113608203>		"אלג׳יריה"@he	
"Ukraini"@guz	<https://panlex.org/snapshot/panlex-20191001-csv/6898#113600805>				<https://panlex.org/snapshot/panlex-20191001-csv/6898#113600751>		"אוקראינה"@he	
"Ginekweta"@guz	<https://panlex.org/snapshot/panlex-20191001-csv/6898#113633974>				<https://panlex.org/snapshot/panlex-20191001-csv/6898#113634005>		"גינאה המשוונית"@he	
"Uturuki"@guz	<https://panlex.org/snapshot/panlex-20191001-csv/6898#113612107>				<https://panlex.org/snapshot/panlex-20191001-csv/6898#113612058>		"טורקיה"@he	
"Jamhuri ya Kidemokrasia ya Kongo"@guz	<https://panlex.org/snapshot/panlex-20191001-csv/6898#113589805>				<https://panlex.org/snapshot/panlex-20191001-csv/6898#113589648>		"קונגו (הרפובליקה הדמוקרטית של קונגו)"@he	
"Jamhuri ya Kidemokrasia ya Kongo"@guz	<https://panlex.org/snapshot/panlex-20191001-csv/6898#113589805>				<https://panlex.org/snapshot/panlex-20191001-csv/6898#113589671>		"קונגו - קינשאסה"@he	
"Singapoo"@guz	<https://panlex.org/snapshot/panlex-20191001-csv/6898#113604904>				<https://panlex.org/snapshot/panlex-20191001-csv/6898#113605039>		"סינגפור"@he	
"Aislandi"@guz	<https://panlex.org/snapshot/panlex-20191001-csv/6898#113601089>				<https://panlex.org/snapshot/panlex-20191001-csv/6898#113601069>		"איסלנד"@he	
"Vatikani"@guz	<https://panlex.org/snapshot/panlex-20191001-csv/6898#113629784>				<https://panlex.org/snapshot/panlex-20191001-csv/6898#113629761>		"הוותיקן"@he	
"Visiwa vya Virgin vya Marekani"@guz	<https://panlex.org/snapshot/panlex-20191001-csv/6898#113587671>				<https://panlex.org/snapshot/panlex-20191001-csv/6898#113587718>		"איי הבתולה של ארצות הברית"@he	
"Modivu"@guz	<https://panlex.org/snapshot/panlex-20191001-csv/6898#113641745>				<https://panlex.org/snapshot/panlex-20191001-csv/6898#113641757>		"האיים המלדיביים"@he	
"Aruba"@guz	<https://panlex.org/snapshot/panlex-20191001-csv/6898#113644111>				<https://panlex.org/snapshot/panlex-20191001-csv/6898#113644161>		"ארובה"@he	
"Italia"@guz	<https://panlex.org/snapshot/panlex-20191001-csv/6898#113588041>				<https://panlex.org/snapshot/panlex-20191001-csv/6898#113587848>		"איטליה"@he	
"Santahelena"@guz	<https://panlex.org/snapshot/panlex-20191001-csv/6898#113622855>				<https://panlex.org/snapshot/panlex-20191001-csv/6898#113622758>		"סנט הלנה"@he	
"Australia"@guz	<https://panlex.org/snapshot/panlex-20191001-csv/6898#113631532>				<https://panlex.org/snapshot/panlex-20191001-csv/6898#113631642>		"אוסטרליה"@he	
