"paa-tiki"@mi	<https://panlex.org/snapshot/panlex-20191001-csv/1573#50084344>				<https://panlex.org/snapshot/panlex-20191001-csv/1573#50084191>		"ʼmaḳʷam-"@cjh	
"whaarua"@mi	<https://panlex.org/snapshot/panlex-20191001-csv/1573#50084607>				<https://panlex.org/snapshot/panlex-20191001-csv/1573#50084508>		"ʼsac̷ayəḳ"@cjh	
"whaarua"@mi	<https://panlex.org/snapshot/panlex-20191001-csv/1573#50084607>				<https://panlex.org/snapshot/panlex-20191001-csv/1573#50084507>		"ʼmaḳʷam-"@cjh	
"awa"@mi	<https://panlex.org/snapshot/panlex-20191001-csv/1573#50088461>				<https://panlex.org/snapshot/panlex-20191001-csv/1573#50088263>		"ʼnəxʷ-"@cjh	
"awa"@mi	<https://panlex.org/snapshot/panlex-20191001-csv/1573#50088461>				<https://panlex.org/snapshot/panlex-20191001-csv/1573#50088264>		"ʼḳāʔ"@cjh	
"awa"@mi	<https://panlex.org/snapshot/panlex-20191001-csv/1573#50088461>				<https://panlex.org/snapshot/panlex-20191001-csv/1573#50088262>		"ʼc̷apaš-"@cjh	
"mauŋa"@mi	<https://panlex.org/snapshot/panlex-20191001-csv/1573#50083669>				<https://panlex.org/snapshot/panlex-20191001-csv/1573#50083501>		"ʼmaniči-"@cjh	
"mauŋa"@mi	<https://panlex.org/snapshot/panlex-20191001-csv/1573#50083669>				<https://panlex.org/snapshot/panlex-20191001-csv/1573#50083502>		"ʼməkʷˀ-"@cjh	
"ŋapu"@mi	<https://panlex.org/snapshot/panlex-20191001-csv/1573#50090966>				<https://panlex.org/snapshot/panlex-20191001-csv/1573#50090883>		"yaʼḳʷa-"@cjh	
"rere"@mi	<https://panlex.org/snapshot/panlex-20191001-csv/1573#50089568>				<https://panlex.org/snapshot/panlex-20191001-csv/1573#50089488>		"ʼpup-"@cjh	
"puehu"@mi	<https://panlex.org/snapshot/panlex-20191001-csv/1573#50082762>				<https://panlex.org/snapshot/panlex-20191001-csv/1573#50082650>		"tɬˀəʼsəḳʷ-"@cjh	
"whenua"@mi	<https://panlex.org/snapshot/panlex-20191001-csv/1573#50082147>				<https://panlex.org/snapshot/panlex-20191001-csv/1573#50082011>		"təʼmiš-"@cjh	
"whenua"@mi	<https://panlex.org/snapshot/panlex-20191001-csv/1573#50082483>				<https://panlex.org/snapshot/panlex-20191001-csv/1573#50082334>		"təʼmiš-"@cjh	
"wiri"@mi	<https://panlex.org/snapshot/panlex-20191001-csv/1573#50090965>				<https://panlex.org/snapshot/panlex-20191001-csv/1573#50090883>		"yaʼḳʷa-"@cjh	
"ana"@mi	<https://panlex.org/snapshot/panlex-20191001-csv/1573#50085540>				<https://panlex.org/snapshot/panlex-20191001-csv/1573#50085435>		"ʔac̷ʼkʷˀalaxʷɬ"@cjh	
"wai-rere"@mi	<https://panlex.org/snapshot/panlex-20191001-csv/1573#50089570>				<https://panlex.org/snapshot/panlex-20191001-csv/1573#50089488>		"ʼpup-"@cjh	
"moutere"@mi	<https://panlex.org/snapshot/panlex-20191001-csv/1573#50084816>				<https://panlex.org/snapshot/panlex-20191001-csv/1573#50084726>		"tˀaʼčǣʔ"@cjh	
"raa"@mi	<https://panlex.org/snapshot/panlex-20191001-csv/1573#50091438>				<https://panlex.org/snapshot/panlex-20191001-csv/1573#50091333>		"ɬuʼkʷaɬ"@cjh	
"poowhatu"@mi	<https://panlex.org/snapshot/panlex-20191001-csv/1573#50090689>				<https://panlex.org/snapshot/panlex-20191001-csv/1573#50090518>		"paʼtalan-"@cjh	
"poowhatu"@mi	<https://panlex.org/snapshot/panlex-20191001-csv/1573#50090689>				<https://panlex.org/snapshot/panlex-20191001-csv/1573#50090520>		"ʼtawˀ"@cjh	
"poowhatu"@mi	<https://panlex.org/snapshot/panlex-20191001-csv/1573#50090689>				<https://panlex.org/snapshot/panlex-20191001-csv/1573#50090519>		"ʼsəwin-"@cjh	
"puna"@mi	<https://panlex.org/snapshot/panlex-20191001-csv/1573#50089062>				<https://panlex.org/snapshot/panlex-20191001-csv/1573#50088897>		"ʼḳāʔ"@cjh	
"puna"@mi	<https://panlex.org/snapshot/panlex-20191001-csv/1573#50089062>				<https://panlex.org/snapshot/panlex-20191001-csv/1573#50088896>		"ʼc̷iḳʷi-"@cjh	
"ŋahere"@mi	<https://panlex.org/snapshot/panlex-20191001-csv/1573#50089806>				<https://panlex.org/snapshot/panlex-20191001-csv/1573#50089685>		"ʼyamac̷-"@cjh	
"ŋahere"@mi	<https://panlex.org/snapshot/panlex-20191001-csv/1573#50089806>				<https://panlex.org/snapshot/panlex-20191001-csv/1573#50089686>		"ʼχatɬˀ"@cjh	
"ŋahere"@mi	<https://panlex.org/snapshot/panlex-20191001-csv/1573#50089806>				<https://panlex.org/snapshot/panlex-20191001-csv/1573#50089687>		"χaʼsiɬšin-"@cjh	
"ŋaru"@mi	<https://panlex.org/snapshot/panlex-20191001-csv/1573#50087758>				<https://panlex.org/snapshot/panlex-20191001-csv/1573#50087664>		"ʼʔamaniʔ"@cjh	
"rua"@mi	<https://panlex.org/snapshot/panlex-20191001-csv/1573#50085541>				<https://panlex.org/snapshot/panlex-20191001-csv/1573#50085435>		"ʔac̷ʼkʷˀalaxʷɬ"@cjh	
"maania"@mi	<https://panlex.org/snapshot/panlex-20191001-csv/1573#50084343>				<https://panlex.org/snapshot/panlex-20191001-csv/1573#50084191>		"ʼmaḳʷam-"@cjh	
"one"@mi	<https://panlex.org/snapshot/panlex-20191001-csv/1573#50083314>				<https://panlex.org/snapshot/panlex-20191001-csv/1573#50083210>		"c̷ˀaʼχæʔs"@cjh	
"one"@mi	<https://panlex.org/snapshot/panlex-20191001-csv/1573#50083064>				<https://panlex.org/snapshot/panlex-20191001-csv/1573#50082923>		"ḳˀaʼχayˀ-"@cjh	
"one"@mi	<https://panlex.org/snapshot/panlex-20191001-csv/1573#50085248>				<https://panlex.org/snapshot/panlex-20191001-csv/1573#50085110>		"ʼyəl-"@cjh	
"one"@mi	<https://panlex.org/snapshot/panlex-20191001-csv/1573#50085248>				<https://panlex.org/snapshot/panlex-20191001-csv/1573#50085111>		"ʼšəm-"@cjh	
"one"@mi	<https://panlex.org/snapshot/panlex-20191001-csv/1573#50085248>				<https://panlex.org/snapshot/panlex-20191001-csv/1573#50085109>		"tˀəmš-"@cjh	
"taha-taha"@mi	<https://panlex.org/snapshot/panlex-20191001-csv/1573#50085251>				<https://panlex.org/snapshot/panlex-20191001-csv/1573#50085110>		"ʼyəl-"@cjh	
"taha-taha"@mi	<https://panlex.org/snapshot/panlex-20191001-csv/1573#50085251>				<https://panlex.org/snapshot/panlex-20191001-csv/1573#50085111>		"ʼšəm-"@cjh	
"taha-taha"@mi	<https://panlex.org/snapshot/panlex-20191001-csv/1573#50085251>				<https://panlex.org/snapshot/panlex-20191001-csv/1573#50085109>		"tˀəmš-"@cjh	
"tai pari"@mi	<https://panlex.org/snapshot/panlex-20191001-csv/1573#50088122>				<https://panlex.org/snapshot/panlex-20191001-csv/1573#50088080>		"taʼwǣlˀs"@cjh	
"motu"@mi	<https://panlex.org/snapshot/panlex-20191001-csv/1573#50084815>				<https://panlex.org/snapshot/panlex-20191001-csv/1573#50084726>		"tˀaʼčǣʔ"@cjh	
"puke"@mi	<https://panlex.org/snapshot/panlex-20191001-csv/1573#50083670>				<https://panlex.org/snapshot/panlex-20191001-csv/1573#50083501>		"ʼmaniči-"@cjh	
"puke"@mi	<https://panlex.org/snapshot/panlex-20191001-csv/1573#50083670>				<https://panlex.org/snapshot/panlex-20191001-csv/1573#50083502>		"ʼməkʷˀ-"@cjh	
"poka wai"@mi	<https://panlex.org/snapshot/panlex-20191001-csv/1573#50089061>				<https://panlex.org/snapshot/panlex-20191001-csv/1573#50088897>		"ʼḳāʔ"@cjh	
"poka wai"@mi	<https://panlex.org/snapshot/panlex-20191001-csv/1573#50089061>				<https://panlex.org/snapshot/panlex-20191001-csv/1573#50088896>		"ʼc̷iḳʷi-"@cjh	
"koowhatu"@mi	<https://panlex.org/snapshot/panlex-20191001-csv/1573#50090687>				<https://panlex.org/snapshot/panlex-20191001-csv/1573#50090518>		"paʼtalan-"@cjh	
"koowhatu"@mi	<https://panlex.org/snapshot/panlex-20191001-csv/1573#50090687>				<https://panlex.org/snapshot/panlex-20191001-csv/1573#50090520>		"ʼtawˀ"@cjh	
"koowhatu"@mi	<https://panlex.org/snapshot/panlex-20191001-csv/1573#50090687>				<https://panlex.org/snapshot/panlex-20191001-csv/1573#50090519>		"ʼsəwin-"@cjh	
"taaheke"@mi	<https://panlex.org/snapshot/panlex-20191001-csv/1573#50089569>				<https://panlex.org/snapshot/panlex-20191001-csv/1573#50089488>		"ʼpup-"@cjh	
"huka"@mi	<https://panlex.org/snapshot/panlex-20191001-csv/1573#50086590>				<https://panlex.org/snapshot/panlex-20191001-csv/1573#50086506>		"ʼpayin-"@cjh	
"taha"@mi	<https://panlex.org/snapshot/panlex-20191001-csv/1573#50085250>				<https://panlex.org/snapshot/panlex-20191001-csv/1573#50085110>		"ʼyəl-"@cjh	
"taha"@mi	<https://panlex.org/snapshot/panlex-20191001-csv/1573#50085250>				<https://panlex.org/snapshot/panlex-20191001-csv/1573#50085111>		"ʼšəm-"@cjh	
"taha"@mi	<https://panlex.org/snapshot/panlex-20191001-csv/1573#50085250>				<https://panlex.org/snapshot/panlex-20191001-csv/1573#50085109>		"tˀəmš-"@cjh	
"tai"@mi	<https://panlex.org/snapshot/panlex-20191001-csv/1573#50087918>				<https://panlex.org/snapshot/panlex-20191001-csv/1573#50087876>		"ʼšāptc̷in"@cjh	
"tai"@mi	<https://panlex.org/snapshot/panlex-20191001-csv/1573#50087918>				<https://panlex.org/snapshot/panlex-20191001-csv/1573#50087877>		"χəʼpi-"@cjh	
"tai"@mi	<https://panlex.org/snapshot/panlex-20191001-csv/1573#50086024>				<https://panlex.org/snapshot/panlex-20191001-csv/1573#50085934>		"ʼḳiwal-"@cjh	
"rao-rao"@mi	<https://panlex.org/snapshot/panlex-20191001-csv/1573#50084346>				<https://panlex.org/snapshot/panlex-20191001-csv/1573#50084191>		"ʼmaḳʷam-"@cjh	
"raakau"@mi	<https://panlex.org/snapshot/panlex-20191001-csv/1573#50090339>				<https://panlex.org/snapshot/panlex-20191001-csv/1573#50090226>		"ʼtɬˀəš-tɬˀaš-"@cjh	
"raakau"@mi	<https://panlex.org/snapshot/panlex-20191001-csv/1573#50090083>				<https://panlex.org/snapshot/panlex-20191001-csv/1573#50089978>		"ʼtɬˀəš-tɬˀaš-"@cjh	
"aawhio-whio"@mi	<https://panlex.org/snapshot/panlex-20191001-csv/1573#50088744>				<https://panlex.org/snapshot/panlex-20191001-csv/1573#50088662>		"ʼpˀalkʷˀ"@cjh	
"poohatu"@mi	<https://panlex.org/snapshot/panlex-20191001-csv/1573#50090688>				<https://panlex.org/snapshot/panlex-20191001-csv/1573#50090518>		"paʼtalan-"@cjh	
"poohatu"@mi	<https://panlex.org/snapshot/panlex-20191001-csv/1573#50090688>				<https://panlex.org/snapshot/panlex-20191001-csv/1573#50090520>		"ʼtawˀ"@cjh	
"poohatu"@mi	<https://panlex.org/snapshot/panlex-20191001-csv/1573#50090688>				<https://panlex.org/snapshot/panlex-20191001-csv/1573#50090519>		"ʼsəwin-"@cjh	
"paru-paru"@mi	<https://panlex.org/snapshot/panlex-20191001-csv/1573#50083066>				<https://panlex.org/snapshot/panlex-20191001-csv/1573#50082923>		"ḳˀaʼχayˀ-"@cjh	
"papa"@mi	<https://panlex.org/snapshot/panlex-20191001-csv/1573#50082481>				<https://panlex.org/snapshot/panlex-20191001-csv/1573#50082334>		"təʼmiš-"@cjh	
"one-one"@mi	<https://panlex.org/snapshot/panlex-20191001-csv/1573#50082480>				<https://panlex.org/snapshot/panlex-20191001-csv/1573#50082334>		"təʼmiš-"@cjh	
"one-puu"@mi	<https://panlex.org/snapshot/panlex-20191001-csv/1573#50083315>				<https://panlex.org/snapshot/panlex-20191001-csv/1573#50083210>		"c̷ˀaʼχæʔs"@cjh	
"kaamaka"@mi	<https://panlex.org/snapshot/panlex-20191001-csv/1573#50090685>				<https://panlex.org/snapshot/panlex-20191001-csv/1573#50090518>		"paʼtalan-"@cjh	
"kaamaka"@mi	<https://panlex.org/snapshot/panlex-20191001-csv/1573#50090685>				<https://panlex.org/snapshot/panlex-20191001-csv/1573#50090520>		"ʼtawˀ"@cjh	
"kaamaka"@mi	<https://panlex.org/snapshot/panlex-20191001-csv/1573#50090685>				<https://panlex.org/snapshot/panlex-20191001-csv/1573#50090519>		"ʼsəwin-"@cjh	
"raŋi"@mi	<https://panlex.org/snapshot/panlex-20191001-csv/1573#50091179>				<https://panlex.org/snapshot/panlex-20191001-csv/1573#50091082>		"ɬt-"@cjh	
"pare-ŋa"@mi	<https://panlex.org/snapshot/panlex-20191001-csv/1573#50085249>				<https://panlex.org/snapshot/panlex-20191001-csv/1573#50085110>		"ʼyəl-"@cjh	
"pare-ŋa"@mi	<https://panlex.org/snapshot/panlex-20191001-csv/1573#50085249>				<https://panlex.org/snapshot/panlex-20191001-csv/1573#50085111>		"ʼšəm-"@cjh	
"pare-ŋa"@mi	<https://panlex.org/snapshot/panlex-20191001-csv/1573#50085249>				<https://panlex.org/snapshot/panlex-20191001-csv/1573#50085109>		"tˀəmš-"@cjh	
"paru"@mi	<https://panlex.org/snapshot/panlex-20191001-csv/1573#50082482>				<https://panlex.org/snapshot/panlex-20191001-csv/1573#50082334>		"təʼmiš-"@cjh	
"paru"@mi	<https://panlex.org/snapshot/panlex-20191001-csv/1573#50083065>				<https://panlex.org/snapshot/panlex-20191001-csv/1573#50082923>		"ḳˀaʼχayˀ-"@cjh	
"awa-awa"@mi	<https://panlex.org/snapshot/panlex-20191001-csv/1573#50084605>				<https://panlex.org/snapshot/panlex-20191001-csv/1573#50084508>		"ʼsac̷ayəḳ"@cjh	
"awa-awa"@mi	<https://panlex.org/snapshot/panlex-20191001-csv/1573#50084605>				<https://panlex.org/snapshot/panlex-20191001-csv/1573#50084507>		"ʼmaḳʷam-"@cjh	
"wai"@mi	<https://panlex.org/snapshot/panlex-20191001-csv/1573#50085785>				<https://panlex.org/snapshot/panlex-20191001-csv/1573#50085678>		"ʼḳāʔ"@cjh	
"wai"@mi	<https://panlex.org/snapshot/panlex-20191001-csv/1573#50088463>				<https://panlex.org/snapshot/panlex-20191001-csv/1573#50088263>		"ʼnəxʷ-"@cjh	
"wai"@mi	<https://panlex.org/snapshot/panlex-20191001-csv/1573#50088463>				<https://panlex.org/snapshot/panlex-20191001-csv/1573#50088264>		"ʼḳāʔ"@cjh	
"wai"@mi	<https://panlex.org/snapshot/panlex-20191001-csv/1573#50088463>				<https://panlex.org/snapshot/panlex-20191001-csv/1573#50088262>		"ʼc̷apaš-"@cjh	
"ruu"@mi	<https://panlex.org/snapshot/panlex-20191001-csv/1573#50090964>				<https://panlex.org/snapshot/panlex-20191001-csv/1573#50090883>		"yaʼḳʷa-"@cjh	
"ripo-ripo"@mi	<https://panlex.org/snapshot/panlex-20191001-csv/1573#50088745>				<https://panlex.org/snapshot/panlex-20191001-csv/1573#50088662>		"ʼpˀalkʷˀ"@cjh	
"ŋahe-ŋahe"@mi	<https://panlex.org/snapshot/panlex-20191001-csv/1573#50089805>				<https://panlex.org/snapshot/panlex-20191001-csv/1573#50089685>		"ʼyamac̷-"@cjh	
"ŋahe-ŋahe"@mi	<https://panlex.org/snapshot/panlex-20191001-csv/1573#50089805>				<https://panlex.org/snapshot/panlex-20191001-csv/1573#50089686>		"ʼχatɬˀ"@cjh	
"ŋahe-ŋahe"@mi	<https://panlex.org/snapshot/panlex-20191001-csv/1573#50089805>				<https://panlex.org/snapshot/panlex-20191001-csv/1573#50089687>		"χaʼsiɬšin-"@cjh	
"timu"@mi	<https://panlex.org/snapshot/panlex-20191001-csv/1573#50088013>				<https://panlex.org/snapshot/panlex-20191001-csv/1573#50087973>		"ʼnamiyḳ"@cjh	
"toka"@mi	<https://panlex.org/snapshot/panlex-20191001-csv/1573#50090690>				<https://panlex.org/snapshot/panlex-20191001-csv/1573#50090518>		"paʼtalan-"@cjh	
"toka"@mi	<https://panlex.org/snapshot/panlex-20191001-csv/1573#50090690>				<https://panlex.org/snapshot/panlex-20191001-csv/1573#50090520>		"ʼtawˀ"@cjh	
"toka"@mi	<https://panlex.org/snapshot/panlex-20191001-csv/1573#50090690>				<https://panlex.org/snapshot/panlex-20191001-csv/1573#50090519>		"ʼsəwin-"@cjh	
"pari"@mi	<https://panlex.org/snapshot/panlex-20191001-csv/1573#50084022>				<https://panlex.org/snapshot/panlex-20191001-csv/1573#50083899>		"saʼḳˀilalḳʷˀt"@cjh	
"repo"@mi	<https://panlex.org/snapshot/panlex-20191001-csv/1573#50089353>				<https://panlex.org/snapshot/panlex-20191001-csv/1573#50089237>		"ʼpaɬχn-"@cjh	
"nehu"@mi	<https://panlex.org/snapshot/panlex-20191001-csv/1573#50082761>				<https://panlex.org/snapshot/panlex-20191001-csv/1573#50082650>		"tɬˀəʼsəḳʷ-"@cjh	
"taiapa"@mi	<https://panlex.org/snapshot/panlex-20191001-csv/1573#50084347>				<https://panlex.org/snapshot/panlex-20191001-csv/1573#50084191>		"ʼmaḳʷam-"@cjh	
"kokoru"@mi	<https://panlex.org/snapshot/panlex-20191001-csv/1573#50087184>				<https://panlex.org/snapshot/panlex-20191001-csv/1573#50087124>		"ʼḳiwal-"@cjh	
"mimiti"@mi	<https://panlex.org/snapshot/panlex-20191001-csv/1573#50088011>				<https://panlex.org/snapshot/panlex-20191001-csv/1573#50087973>		"ʼnamiyḳ"@cjh	
"parae"@mi	<https://panlex.org/snapshot/panlex-20191001-csv/1573#50084345>				<https://panlex.org/snapshot/panlex-20191001-csv/1573#50084191>		"ʼmaḳʷam-"@cjh	
"maŋa"@mi	<https://panlex.org/snapshot/panlex-20191001-csv/1573#50088462>				<https://panlex.org/snapshot/panlex-20191001-csv/1573#50088263>		"ʼnəxʷ-"@cjh	
"maŋa"@mi	<https://panlex.org/snapshot/panlex-20191001-csv/1573#50088462>				<https://panlex.org/snapshot/panlex-20191001-csv/1573#50088264>		"ʼḳāʔ"@cjh	
"maŋa"@mi	<https://panlex.org/snapshot/panlex-20191001-csv/1573#50088462>				<https://panlex.org/snapshot/panlex-20191001-csv/1573#50088262>		"ʼc̷apaš-"@cjh	
"ao"@mi	<https://panlex.org/snapshot/panlex-20191001-csv/1573#50082146>				<https://panlex.org/snapshot/panlex-20191001-csv/1573#50082011>		"təʼmiš-"@cjh	
"ao"@mi	<https://panlex.org/snapshot/panlex-20191001-csv/1573#50081843>				<https://panlex.org/snapshot/panlex-20191001-csv/1573#50081745>		"təʼmiš-"@cjh	
"moana"@mi	<https://panlex.org/snapshot/panlex-20191001-csv/1573#50086023>				<https://panlex.org/snapshot/panlex-20191001-csv/1573#50085934>		"ʼḳiwal-"@cjh	
"moana"@mi	<https://panlex.org/snapshot/panlex-20191001-csv/1573#50087010>				<https://panlex.org/snapshot/panlex-20191001-csv/1573#50086914>		"ʼc̷alaʔɬ-"@cjh	
"moana"@mi	<https://panlex.org/snapshot/panlex-20191001-csv/1573#50086790>				<https://panlex.org/snapshot/panlex-20191001-csv/1573#50086715>		"ʼḳiwal-"@cjh	
"ŋaahere-here"@mi	<https://panlex.org/snapshot/panlex-20191001-csv/1573#50089804>				<https://panlex.org/snapshot/panlex-20191001-csv/1573#50089685>		"ʼyamac̷-"@cjh	
"ŋaahere-here"@mi	<https://panlex.org/snapshot/panlex-20191001-csv/1573#50089804>				<https://panlex.org/snapshot/panlex-20191001-csv/1573#50089686>		"ʼχatɬˀ"@cjh	
"ŋaahere-here"@mi	<https://panlex.org/snapshot/panlex-20191001-csv/1573#50089804>				<https://panlex.org/snapshot/panlex-20191001-csv/1573#50089687>		"χaʼsiɬšin-"@cjh	
"tai timu"@mi	<https://panlex.org/snapshot/panlex-20191001-csv/1573#50088012>				<https://panlex.org/snapshot/panlex-20191001-csv/1573#50087973>		"ʼnamiyḳ"@cjh	
"roto"@mi	<https://panlex.org/snapshot/panlex-20191001-csv/1573#50087011>				<https://panlex.org/snapshot/panlex-20191001-csv/1573#50086914>		"ʼc̷alaʔɬ-"@cjh	
"koohatu"@mi	<https://panlex.org/snapshot/panlex-20191001-csv/1573#50090686>				<https://panlex.org/snapshot/panlex-20191001-csv/1573#50090518>		"paʼtalan-"@cjh	
"koohatu"@mi	<https://panlex.org/snapshot/panlex-20191001-csv/1573#50090686>				<https://panlex.org/snapshot/panlex-20191001-csv/1573#50090520>		"ʼtawˀ"@cjh	
"koohatu"@mi	<https://panlex.org/snapshot/panlex-20191001-csv/1573#50090686>				<https://panlex.org/snapshot/panlex-20191001-csv/1573#50090519>		"ʼsəwin-"@cjh	
"riu"@mi	<https://panlex.org/snapshot/panlex-20191001-csv/1573#50084606>				<https://panlex.org/snapshot/panlex-20191001-csv/1573#50084508>		"ʼsac̷ayəḳ"@cjh	
"riu"@mi	<https://panlex.org/snapshot/panlex-20191001-csv/1573#50084606>				<https://panlex.org/snapshot/panlex-20191001-csv/1573#50084507>		"ʼmaḳʷam-"@cjh	
