"katau"@mi	<https://panlex.org/snapshot/panlex-20191001-csv/114#8052899>				<https://panlex.org/snapshot/panlex-20191001-csv/114#8052836>		"matua"@lga	
"kata"@mi	<https://panlex.org/snapshot/panlex-20191001-csv/114#8068410>				<https://panlex.org/snapshot/panlex-20191001-csv/114#8068342>		"avu"@lga	
"he aowpohó"@mi	<https://panlex.org/snapshot/panlex-20191001-csv/114#8063690>				<https://panlex.org/snapshot/panlex-20191001-csv/114#8063620>		"batu"@lga	
"kiri"@mi	<https://panlex.org/snapshot/panlex-20191001-csv/114#8057524>				<https://panlex.org/snapshot/panlex-20191001-csv/114#8057452>		"vuliti"@lga	
"waha"@mi	<https://panlex.org/snapshot/panlex-20191001-csv/114#8066795>				<https://panlex.org/snapshot/panlex-20191001-csv/114#8066724>		"manga"@lga	
"makawe"@mi	<https://panlex.org/snapshot/panlex-20191001-csv/114#8064765>				<https://panlex.org/snapshot/panlex-20191001-csv/114#8064701>		"vurungu"@lga	
"ua"@mi	<https://panlex.org/snapshot/panlex-20191001-csv/114#8064231>				<https://panlex.org/snapshot/panlex-20191001-csv/114#8064164>		"rua"@lga	
"toto"@mi	<https://panlex.org/snapshot/panlex-20191001-csv/114#8063150>				<https://panlex.org/snapshot/panlex-20191001-csv/114#8063075>		"orungu"@lga	
"waewae"@mi	<https://panlex.org/snapshot/panlex-20191001-csv/114#8053413>				<https://panlex.org/snapshot/panlex-20191001-csv/114#8053342>		"nene"@lga	
"haiàeeò"@mi	<https://panlex.org/snapshot/panlex-20191001-csv/114#8067881>				<https://panlex.org/snapshot/panlex-20191001-csv/114#8067810>		"mea"@lga	
"arero"@mi	<https://panlex.org/snapshot/panlex-20191001-csv/114#8067880>				<https://panlex.org/snapshot/panlex-20191001-csv/114#8067810>		"mea"@lga	
"ihu"@mi	<https://panlex.org/snapshot/panlex-20191001-csv/114#8065326>				<https://panlex.org/snapshot/panlex-20191001-csv/114#8065255>		"isu"@lga	
"kauhoe"@mi	<https://panlex.org/snapshot/panlex-20191001-csv/114#8056031>				<https://panlex.org/snapshot/panlex-20191001-csv/114#8055958>		"ponyu"@lga	
"kauhoe"@mi	<https://panlex.org/snapshot/panlex-20191001-csv/114#8056031>				<https://panlex.org/snapshot/panlex-20191001-csv/114#8055957>		"ogono"@lga	
"he gaõwai"@mi	<https://panlex.org/snapshot/panlex-20191001-csv/114#8066796>				<https://panlex.org/snapshot/panlex-20191001-csv/114#8066724>		"manga"@lga	
"ringa(ringa)"@mi	<https://panlex.org/snapshot/panlex-20191001-csv/114#8051927>				<https://panlex.org/snapshot/panlex-20191001-csv/114#8051850>		"lima"@lga	
"mataku"@mi	<https://panlex.org/snapshot/panlex-20191001-csv/114#8062653>				<https://panlex.org/snapshot/panlex-20191001-csv/114#8062585>		"matagutu"@lga	
