"Girmania"@scn	<https://panlex.org/snapshot/panlex-20191001-csv/5950#85858405>				<https://panlex.org/snapshot/panlex-20191001-csv/5950#85858433>		"Jarimani"@ts	
"ovu"@scn	<https://panlex.org/snapshot/panlex-20191001-csv/5947#84707558>				<https://panlex.org/snapshot/panlex-20191001-csv/5947#84707586>		"tandza"@ts	
"Girmania"@scn	<https://panlex.org/snapshot/panlex-20191001-csv/5939#80782777>				<https://panlex.org/snapshot/panlex-20191001-csv/5939#80782811>		"Jarimani"@ts	
"austu"@scn	<https://panlex.org/snapshot/panlex-20191001-csv/5949#85329485>				<https://panlex.org/snapshot/panlex-20191001-csv/5949#85329525>		"Agoste"@ts	
"austu"@scn	<https://panlex.org/snapshot/panlex-20191001-csv/5949#85329485>				<https://panlex.org/snapshot/panlex-20191001-csv/5949#85329526>		"Mhawuri"@ts	
"Gabon"@scn	<https://panlex.org/snapshot/panlex-20191001-csv/5949#85305714>				<https://panlex.org/snapshot/panlex-20191001-csv/5949#85305729>		"Gabon"@ts	
"Girmania"@scn	<https://panlex.org/snapshot/panlex-20191001-csv/9#474843>				<https://panlex.org/snapshot/panlex-20191001-csv/9#474863>		"Jarimani"@ts	
"vuvù"@scn	<https://panlex.org/snapshot/panlex-20191001-csv/12#851141>				<https://panlex.org/snapshot/panlex-20191001-csv/12#851211>		"Metsi"@ts	
"acqua"@scn	<https://panlex.org/snapshot/panlex-20191001-csv/12#851139>				<https://panlex.org/snapshot/panlex-20191001-csv/12#851211>		"Metsi"@ts	
"occa"@scn	<https://panlex.org/snapshot/panlex-20191001-csv/12#851140>				<https://panlex.org/snapshot/panlex-20191001-csv/12#851211>		"Metsi"@ts	
"marti"@scn	<https://panlex.org/snapshot/panlex-20191001-csv/2892#110824566>				<https://panlex.org/snapshot/panlex-20191001-csv/2892#110824521>		"Ravumbirhi"@ts	
"venniridìa"@scn	<https://panlex.org/snapshot/panlex-20191001-csv/2892#110825891>				<https://panlex.org/snapshot/panlex-20191001-csv/2892#110825751>		"Ravuntlhanu"@ts	
"sabbatudìa"@scn	<https://panlex.org/snapshot/panlex-20191001-csv/2892#110826569>				<https://panlex.org/snapshot/panlex-20191001-csv/2892#110826335>		"Muqivela"@ts	
"sabbatudìa"@scn	<https://panlex.org/snapshot/panlex-20191001-csv/2892#110826569>				<https://panlex.org/snapshot/panlex-20191001-csv/2892#110826361>		"Mugivela"@ts	
"martidìa"@scn	<https://panlex.org/snapshot/panlex-20191001-csv/2892#110824732>				<https://panlex.org/snapshot/panlex-20191001-csv/2892#110824521>		"Ravumbirhi"@ts	
"mercuridìa"@scn	<https://panlex.org/snapshot/panlex-20191001-csv/2892#110824960>				<https://panlex.org/snapshot/panlex-20191001-csv/2892#110825257>		"Ravurharhu"@ts	
"vènniri"@scn	<https://panlex.org/snapshot/panlex-20191001-csv/2892#110825799>				<https://panlex.org/snapshot/panlex-20191001-csv/2892#110825751>		"Ravuntlhanu"@ts	
"dumìnica"@scn	<https://panlex.org/snapshot/panlex-20191001-csv/2892#110826863>				<https://panlex.org/snapshot/panlex-20191001-csv/2892#110826668>		"Sonto"@ts	
"duminicadìa"@scn	<https://panlex.org/snapshot/panlex-20191001-csv/2892#110826848>				<https://panlex.org/snapshot/panlex-20191001-csv/2892#110826668>		"Sonto"@ts	
"lunidìa"@scn	<https://panlex.org/snapshot/panlex-20191001-csv/2892#110824260>				<https://panlex.org/snapshot/panlex-20191001-csv/2892#110824014>		"Musumbunuku"@ts	
"mèrcuri"@scn	<https://panlex.org/snapshot/panlex-20191001-csv/2892#110825248>				<https://panlex.org/snapshot/panlex-20191001-csv/2892#110825257>		"Ravurharhu"@ts	
"jovi"@scn	<https://panlex.org/snapshot/panlex-20191001-csv/2892#110825562>				<https://panlex.org/snapshot/panlex-20191001-csv/2892#110825336>		"Ravumune"@ts	
"jovidìa"@scn	<https://panlex.org/snapshot/panlex-20191001-csv/2892#110825304>				<https://panlex.org/snapshot/panlex-20191001-csv/2892#110825336>		"Ravumune"@ts	
"sàbbatu"@scn	<https://panlex.org/snapshot/panlex-20191001-csv/2892#110826483>				<https://panlex.org/snapshot/panlex-20191001-csv/2892#110826335>		"Muqivela"@ts	
"sàbbatu"@scn	<https://panlex.org/snapshot/panlex-20191001-csv/2892#110826483>				<https://panlex.org/snapshot/panlex-20191001-csv/2892#110826361>		"Mugivela"@ts	
"luni"@scn	<https://panlex.org/snapshot/panlex-20191001-csv/2892#110824289>				<https://panlex.org/snapshot/panlex-20191001-csv/2892#110824014>		"Musumbunuku"@ts	
"uttùviru"@scn	<https://panlex.org/snapshot/panlex-20191001-csv/2897#110831086>				<https://panlex.org/snapshot/panlex-20191001-csv/2897#110830868>		"Nhlangula"@ts	
"uttùviru"@scn	<https://panlex.org/snapshot/panlex-20191001-csv/2897#110831086>				<https://panlex.org/snapshot/panlex-20191001-csv/2897#110830982>		"Oktoba"@ts	
"sittèmmiru"@scn	<https://panlex.org/snapshot/panlex-20191001-csv/2897#110830453>				<https://panlex.org/snapshot/panlex-20191001-csv/2897#110830580>		"Ndzhati"@ts	
"sittèmmiru"@scn	<https://panlex.org/snapshot/panlex-20191001-csv/2897#110830453>				<https://panlex.org/snapshot/panlex-20191001-csv/2897#110830479>		"Septembere"@ts	
"giugnettu"@scn	<https://panlex.org/snapshot/panlex-20191001-csv/2897#110829509>				<https://panlex.org/snapshot/panlex-20191001-csv/2897#110829699>		"Julayi"@ts	
"giugnettu"@scn	<https://panlex.org/snapshot/panlex-20191001-csv/2897#110829509>				<https://panlex.org/snapshot/panlex-20191001-csv/2897#110829797>		"Mawuwani"@ts	
"marzu"@scn	<https://panlex.org/snapshot/panlex-20191001-csv/2897#110828199>				<https://panlex.org/snapshot/panlex-20191001-csv/2897#110828147>		"Machi"@ts	
"marzu"@scn	<https://panlex.org/snapshot/panlex-20191001-csv/2897#110828199>				<https://panlex.org/snapshot/panlex-20191001-csv/2897#110828054>		"Nyenyankulu"@ts	
"giugnu"@scn	<https://panlex.org/snapshot/panlex-20191001-csv/2897#110829409>				<https://panlex.org/snapshot/panlex-20191001-csv/2897#110829344>		"Juni"@ts	
"giugnu"@scn	<https://panlex.org/snapshot/panlex-20191001-csv/2897#110829409>				<https://panlex.org/snapshot/panlex-20191001-csv/2897#110829200>		"Khotavuxika"@ts	
"dicèmmiru"@scn	<https://panlex.org/snapshot/panlex-20191001-csv/2897#110831954>				<https://panlex.org/snapshot/panlex-20191001-csv/2897#110831671>		"N’wedzamhala"@ts	
"dicèmmiru"@scn	<https://panlex.org/snapshot/panlex-20191001-csv/2897#110831954>				<https://panlex.org/snapshot/panlex-20191001-csv/2897#110831829>		"Disemba"@ts	
"aprili"@scn	<https://panlex.org/snapshot/panlex-20191001-csv/2897#110828479>				<https://panlex.org/snapshot/panlex-20191001-csv/2897#110828517>		"Dzivamusoko"@ts	
"aprili"@scn	<https://panlex.org/snapshot/panlex-20191001-csv/2897#110828479>				<https://panlex.org/snapshot/panlex-20191001-csv/2897#110828350>		"Apireli"@ts	
"nuvèmmiru"@scn	<https://panlex.org/snapshot/panlex-20191001-csv/2897#110831332>				<https://panlex.org/snapshot/panlex-20191001-csv/2897#110831500>		"Novhemba"@ts	
"nuvèmmiru"@scn	<https://panlex.org/snapshot/panlex-20191001-csv/2897#110831332>				<https://panlex.org/snapshot/panlex-20191001-csv/2897#110831508>		"Hukuri"@ts	
"austu"@scn	<https://panlex.org/snapshot/panlex-20191001-csv/2897#110829940>				<https://panlex.org/snapshot/panlex-20191001-csv/2897#110829985>		"Mhawuri"@ts	
"austu"@scn	<https://panlex.org/snapshot/panlex-20191001-csv/2897#110829940>				<https://panlex.org/snapshot/panlex-20191001-csv/2897#110829902>		"Agoste"@ts	
"maiu"@scn	<https://panlex.org/snapshot/panlex-20191001-csv/2897#110829066>				<https://panlex.org/snapshot/panlex-20191001-csv/2897#110828870>		"Meyi"@ts	
"maiu"@scn	<https://panlex.org/snapshot/panlex-20191001-csv/2897#110829066>				<https://panlex.org/snapshot/panlex-20191001-csv/2897#110828903>		"Mudyaxihi"@ts	
"jinnaru"@scn	<https://panlex.org/snapshot/panlex-20191001-csv/2897#110827070>				<https://panlex.org/snapshot/panlex-20191001-csv/2897#110827360>		"Janiwari"@ts	
"jinnaru"@scn	<https://panlex.org/snapshot/panlex-20191001-csv/2897#110827070>				<https://panlex.org/snapshot/panlex-20191001-csv/2897#110827191>		"Sunguti"@ts	
"frivaru"@scn	<https://panlex.org/snapshot/panlex-20191001-csv/2897#110827535>				<https://panlex.org/snapshot/panlex-20191001-csv/2897#110827596>		"Febriwari"@ts	
"frivaru"@scn	<https://panlex.org/snapshot/panlex-20191001-csv/2897#110827535>				<https://panlex.org/snapshot/panlex-20191001-csv/2897#110827716>		"Nyenyenyani"@ts	
