"austu"@scn	<https://panlex.org/snapshot/panlex-20191001-csv/5949#85329485>				<https://panlex.org/snapshot/panlex-20191001-csv/5949#85329522>		"ኦገስት"@tig	
"marti"@scn	<https://panlex.org/snapshot/panlex-20191001-csv/2892#110824566>				<https://panlex.org/snapshot/panlex-20191001-csv/2892#110824824>		"ታላሸኖ"@tig	
"venniridìa"@scn	<https://panlex.org/snapshot/panlex-20191001-csv/2892#110825891>				<https://panlex.org/snapshot/panlex-20191001-csv/2892#110825719>		"ጅምዓት"@tig	
"sabbatudìa"@scn	<https://panlex.org/snapshot/panlex-20191001-csv/2892#110826569>				<https://panlex.org/snapshot/panlex-20191001-csv/2892#110826484>		"ሰንበት ንኢሽ"@tig	
"martidìa"@scn	<https://panlex.org/snapshot/panlex-20191001-csv/2892#110824732>				<https://panlex.org/snapshot/panlex-20191001-csv/2892#110824824>		"ታላሸኖ"@tig	
"mercuridìa"@scn	<https://panlex.org/snapshot/panlex-20191001-csv/2892#110824960>				<https://panlex.org/snapshot/panlex-20191001-csv/2892#110824856>		"ኣረርባዓ"@tig	
"vènniri"@scn	<https://panlex.org/snapshot/panlex-20191001-csv/2892#110825799>				<https://panlex.org/snapshot/panlex-20191001-csv/2892#110825719>		"ጅምዓት"@tig	
"dumìnica"@scn	<https://panlex.org/snapshot/panlex-20191001-csv/2892#110826863>				<https://panlex.org/snapshot/panlex-20191001-csv/2892#110826664>		"ሰንበት ዓባይ"@tig	
"duminicadìa"@scn	<https://panlex.org/snapshot/panlex-20191001-csv/2892#110826848>				<https://panlex.org/snapshot/panlex-20191001-csv/2892#110826664>		"ሰንበት ዓባይ"@tig	
"lunidìa"@scn	<https://panlex.org/snapshot/panlex-20191001-csv/2892#110824260>				<https://panlex.org/snapshot/panlex-20191001-csv/2892#110824341>		"ሰኖ"@tig	
"mèrcuri"@scn	<https://panlex.org/snapshot/panlex-20191001-csv/2892#110825248>				<https://panlex.org/snapshot/panlex-20191001-csv/2892#110824856>		"ኣረርባዓ"@tig	
"jovi"@scn	<https://panlex.org/snapshot/panlex-20191001-csv/2892#110825562>				<https://panlex.org/snapshot/panlex-20191001-csv/2892#110825511>		"ከሚሽ"@tig	
"jovidìa"@scn	<https://panlex.org/snapshot/panlex-20191001-csv/2892#110825304>				<https://panlex.org/snapshot/panlex-20191001-csv/2892#110825511>		"ከሚሽ"@tig	
"sàbbatu"@scn	<https://panlex.org/snapshot/panlex-20191001-csv/2892#110826483>				<https://panlex.org/snapshot/panlex-20191001-csv/2892#110826484>		"ሰንበት ንኢሽ"@tig	
"luni"@scn	<https://panlex.org/snapshot/panlex-20191001-csv/2892#110824289>				<https://panlex.org/snapshot/panlex-20191001-csv/2892#110824341>		"ሰኖ"@tig	
"uttùviru"@scn	<https://panlex.org/snapshot/panlex-20191001-csv/2897#110831086>				<https://panlex.org/snapshot/panlex-20191001-csv/2897#110830987>		"ኦክተውበር"@tig	
"sittèmmiru"@scn	<https://panlex.org/snapshot/panlex-20191001-csv/2897#110830453>				<https://panlex.org/snapshot/panlex-20191001-csv/2897#110830507>		"ሴፕቴምበር"@tig	
"giugnettu"@scn	<https://panlex.org/snapshot/panlex-20191001-csv/2897#110829509>				<https://panlex.org/snapshot/panlex-20191001-csv/2897#110829775>		"ጁላይ"@tig	
"marzu"@scn	<https://panlex.org/snapshot/panlex-20191001-csv/2897#110828199>				<https://panlex.org/snapshot/panlex-20191001-csv/2897#110828136>		"ማርች"@tig	
"giugnu"@scn	<https://panlex.org/snapshot/panlex-20191001-csv/2897#110829409>				<https://panlex.org/snapshot/panlex-20191001-csv/2897#110829380>		"ጁን"@tig	
"dicèmmiru"@scn	<https://panlex.org/snapshot/panlex-20191001-csv/2897#110831954>				<https://panlex.org/snapshot/panlex-20191001-csv/2897#110831607>		"ዲሴምበር"@tig	
"aprili"@scn	<https://panlex.org/snapshot/panlex-20191001-csv/2897#110828479>				<https://panlex.org/snapshot/panlex-20191001-csv/2897#110828385>		"ኤፕረል"@tig	
"nuvèmmiru"@scn	<https://panlex.org/snapshot/panlex-20191001-csv/2897#110831332>				<https://panlex.org/snapshot/panlex-20191001-csv/2897#110831207>		"ኖቬምበር"@tig	
"austu"@scn	<https://panlex.org/snapshot/panlex-20191001-csv/2897#110829940>				<https://panlex.org/snapshot/panlex-20191001-csv/2897#110830215>		"ኦገስት"@tig	
"maiu"@scn	<https://panlex.org/snapshot/panlex-20191001-csv/2897#110829066>				<https://panlex.org/snapshot/panlex-20191001-csv/2897#110828755>		"ሜይ"@tig	
"jinnaru"@scn	<https://panlex.org/snapshot/panlex-20191001-csv/2897#110827070>				<https://panlex.org/snapshot/panlex-20191001-csv/2897#110827362>		"ጃንዩወሪ"@tig	
"frivaru"@scn	<https://panlex.org/snapshot/panlex-20191001-csv/2897#110827535>				<https://panlex.org/snapshot/panlex-20191001-csv/2897#110827657>		"ፌብሩወሪ"@tig	
