"ciumi"@scn	<https://panlex.org/snapshot/panlex-20191001-csv/2131#11694885>				<https://panlex.org/snapshot/panlex-20191001-csv/2131#11694865>		"wakpa"@lkt	
"acqua"@scn	<https://panlex.org/snapshot/panlex-20191001-csv/5947#84886547>				<https://panlex.org/snapshot/panlex-20191001-csv/5947#84886505>		"mní"@lkt	
"austu"@scn	<https://panlex.org/snapshot/panlex-20191001-csv/5949#85329485>				<https://panlex.org/snapshot/panlex-20191001-csv/5949#85329425>		"Wasúthuŋ wí"@lkt	
"austu"@scn	<https://panlex.org/snapshot/panlex-20191001-csv/5949#85329485>				<https://panlex.org/snapshot/panlex-20191001-csv/5949#85329424>		"Kȟáŋtašá wí"@lkt	
"filusufìa"@scn	<https://panlex.org/snapshot/panlex-20191001-csv/2904#111023769>				<https://panlex.org/snapshot/panlex-20191001-csv/2904#111023848>		"wóksape wóuŋspe"@lkt	
"univirsitati"@scn	<https://panlex.org/snapshot/panlex-20191001-csv/2904#111024625>				<https://panlex.org/snapshot/panlex-20191001-csv/2904#111024536>		"owáyawa waŋkátuya"@lkt	
"matimàtica"@scn	<https://panlex.org/snapshot/panlex-20191001-csv/2904#111023481>				<https://panlex.org/snapshot/panlex-20191001-csv/2904#111023513>		"wíyawa wóuŋspe"@lkt	
"storia"@scn	<https://panlex.org/snapshot/panlex-20191001-csv/2904#111022841>				<https://panlex.org/snapshot/panlex-20191001-csv/2904#111022988>		"eháŋni wóyakapi wóuŋspe"@lkt	
"midicina"@scn	<https://panlex.org/snapshot/panlex-20191001-csv/2904#111023730>				<https://panlex.org/snapshot/panlex-20191001-csv/2904#111023710>		"wópȟežuta"@lkt	
"giografìa"@scn	<https://panlex.org/snapshot/panlex-20191001-csv/2904#111022760>				<https://panlex.org/snapshot/panlex-20191001-csv/2904#111022798>		"makȟówapi"@lkt	
"linguìstica"@scn	<https://panlex.org/snapshot/panlex-20191001-csv/2904#111023147>				<https://panlex.org/snapshot/panlex-20191001-csv/2904#111023177>		"iyápi wóuŋspe"@lkt	
"paci"@scn	<https://panlex.org/snapshot/panlex-20191001-csv/2902#111012053>				<https://panlex.org/snapshot/panlex-20191001-csv/2902#111012229>		"wólakȟota"@lkt	
"Via Làttea"@scn	<https://panlex.org/snapshot/panlex-20191001-csv/2907#110848753>				<https://panlex.org/snapshot/panlex-20191001-csv/2907#110848830>		"Wanáǧi Tȟačháŋku"@lkt	
"Jolu di San Jàbbucu"@scn	<https://panlex.org/snapshot/panlex-20191001-csv/2907#110848709>				<https://panlex.org/snapshot/panlex-20191001-csv/2907#110848830>		"Wanáǧi Tȟačháŋku"@lkt	
"cumeta"@scn	<https://panlex.org/snapshot/panlex-20191001-csv/2907#110849224>				<https://panlex.org/snapshot/panlex-20191001-csv/2907#110849252>		"wičháȟpi siŋtétȟuŋ"@lkt	
"Universu"@scn	<https://panlex.org/snapshot/panlex-20191001-csv/2907#110849132>				<https://panlex.org/snapshot/panlex-20191001-csv/2907#110849017>		"Wamákȟognaka"@lkt	
"ONU"@scn	<https://panlex.org/snapshot/panlex-20191001-csv/2894#111102025>				<https://panlex.org/snapshot/panlex-20191001-csv/2894#111101850>		"Makȟówaŋčaya Khiwítayapi"@lkt	
"Urganizzazzioni dî Nazzioni Uniti"@scn	<https://panlex.org/snapshot/panlex-20191001-csv/2894#111101887>				<https://panlex.org/snapshot/panlex-20191001-csv/2894#111101850>		"Makȟówaŋčaya Khiwítayapi"@lkt	
"marti"@scn	<https://panlex.org/snapshot/panlex-20191001-csv/2892#110824566>				<https://panlex.org/snapshot/panlex-20191001-csv/2892#110824627>		"Aŋpétu Núŋpa"@lkt	
"venniridìa"@scn	<https://panlex.org/snapshot/panlex-20191001-csv/2892#110825891>				<https://panlex.org/snapshot/panlex-20191001-csv/2892#110825732>		"Aŋpétu Záptaŋ"@lkt	
"sabbatudìa"@scn	<https://panlex.org/snapshot/panlex-20191001-csv/2892#110826569>				<https://panlex.org/snapshot/panlex-20191001-csv/2892#110826541>		"Owáŋkayužažapi"@lkt	
"martidìa"@scn	<https://panlex.org/snapshot/panlex-20191001-csv/2892#110824732>				<https://panlex.org/snapshot/panlex-20191001-csv/2892#110824627>		"Aŋpétu Núŋpa"@lkt	
"mercuridìa"@scn	<https://panlex.org/snapshot/panlex-20191001-csv/2892#110824960>				<https://panlex.org/snapshot/panlex-20191001-csv/2892#110824964>		"Aŋpétu Yámni"@lkt	
"vènniri"@scn	<https://panlex.org/snapshot/panlex-20191001-csv/2892#110825799>				<https://panlex.org/snapshot/panlex-20191001-csv/2892#110825732>		"Aŋpétu Záptaŋ"@lkt	
"dumìnica"@scn	<https://panlex.org/snapshot/panlex-20191001-csv/2892#110826863>				<https://panlex.org/snapshot/panlex-20191001-csv/2892#110826754>		"Aŋpétuwakȟáŋ"@lkt	
"duminicadìa"@scn	<https://panlex.org/snapshot/panlex-20191001-csv/2892#110826848>				<https://panlex.org/snapshot/panlex-20191001-csv/2892#110826754>		"Aŋpétuwakȟáŋ"@lkt	
"lunidìa"@scn	<https://panlex.org/snapshot/panlex-20191001-csv/2892#110824260>				<https://panlex.org/snapshot/panlex-20191001-csv/2892#110824398>		"Aŋpétu Tȟokáheya"@lkt	
"lunidìa"@scn	<https://panlex.org/snapshot/panlex-20191001-csv/2892#110824260>				<https://panlex.org/snapshot/panlex-20191001-csv/2892#110824026>		"Aŋpétu Tȟokáhe"@lkt	
"mèrcuri"@scn	<https://panlex.org/snapshot/panlex-20191001-csv/2892#110825248>				<https://panlex.org/snapshot/panlex-20191001-csv/2892#110824964>		"Aŋpétu Yámni"@lkt	
"jovi"@scn	<https://panlex.org/snapshot/panlex-20191001-csv/2892#110825562>				<https://panlex.org/snapshot/panlex-20191001-csv/2892#110825305>		"Aŋpétu Tópa"@lkt	
"jovidìa"@scn	<https://panlex.org/snapshot/panlex-20191001-csv/2892#110825304>				<https://panlex.org/snapshot/panlex-20191001-csv/2892#110825305>		"Aŋpétu Tópa"@lkt	
"sàbbatu"@scn	<https://panlex.org/snapshot/panlex-20191001-csv/2892#110826483>				<https://panlex.org/snapshot/panlex-20191001-csv/2892#110826541>		"Owáŋkayužažapi"@lkt	
"luni"@scn	<https://panlex.org/snapshot/panlex-20191001-csv/2892#110824289>				<https://panlex.org/snapshot/panlex-20191001-csv/2892#110824398>		"Aŋpétu Tȟokáheya"@lkt	
"luni"@scn	<https://panlex.org/snapshot/panlex-20191001-csv/2892#110824289>				<https://panlex.org/snapshot/panlex-20191001-csv/2892#110824026>		"Aŋpétu Tȟokáhe"@lkt	
"uttùviru"@scn	<https://panlex.org/snapshot/panlex-20191001-csv/2897#110831086>				<https://panlex.org/snapshot/panlex-20191001-csv/2897#110831134>		"Čhaŋwápe kasná wí"@lkt	
"sittèmmiru"@scn	<https://panlex.org/snapshot/panlex-20191001-csv/2897#110830453>				<https://panlex.org/snapshot/panlex-20191001-csv/2897#110830669>		"Čhaŋwápe ǧí wí"@lkt	
"giugnettu"@scn	<https://panlex.org/snapshot/panlex-20191001-csv/2897#110829509>				<https://panlex.org/snapshot/panlex-20191001-csv/2897#110829839>		"Čhaŋpȟásapa wí"@lkt	
"giugnettu"@scn	<https://panlex.org/snapshot/panlex-20191001-csv/2897#110829509>				<https://panlex.org/snapshot/panlex-20191001-csv/2897#110829507>		"Wazíškeča wí"@lkt	
"marzu"@scn	<https://panlex.org/snapshot/panlex-20191001-csv/2897#110828199>				<https://panlex.org/snapshot/panlex-20191001-csv/2897#110827987>		"Ištáwičhayazaŋ wí"@lkt	
"giugnu"@scn	<https://panlex.org/snapshot/panlex-20191001-csv/2897#110829409>				<https://panlex.org/snapshot/panlex-20191001-csv/2897#110829102>		"Wipázukȟa wašté wí"@lkt	
"giugnu"@scn	<https://panlex.org/snapshot/panlex-20191001-csv/2897#110829409>				<https://panlex.org/snapshot/panlex-20191001-csv/2897#110829181>		"Tȟíŋpsiŋla itkáȟča wí"@lkt	
"giugnu"@scn	<https://panlex.org/snapshot/panlex-20191001-csv/2897#110829409>				<https://panlex.org/snapshot/panlex-20191001-csv/2897#110829343>		"Wakíčhepa wí"@lkt	
"dicèmmiru"@scn	<https://panlex.org/snapshot/panlex-20191001-csv/2897#110831954>				<https://panlex.org/snapshot/panlex-20191001-csv/2897#110831587>		"Tȟahékapšuŋ wí"@lkt	
"aprili"@scn	<https://panlex.org/snapshot/panlex-20191001-csv/2897#110828479>				<https://panlex.org/snapshot/panlex-20191001-csv/2897#110828581>		"Pȟežítȟo wí"@lkt	
"aprili"@scn	<https://panlex.org/snapshot/panlex-20191001-csv/2897#110828479>				<https://panlex.org/snapshot/panlex-20191001-csv/2897#110828592>		"Wihákakta čhépapi wí"@lkt	
"aprili"@scn	<https://panlex.org/snapshot/panlex-20191001-csv/2897#110828479>				<https://panlex.org/snapshot/panlex-20191001-csv/2897#110828351>		"Maǧáksiča aglí wí"@lkt	
"nuvèmmiru"@scn	<https://panlex.org/snapshot/panlex-20191001-csv/2897#110831332>				<https://panlex.org/snapshot/panlex-20191001-csv/2897#110831309>		"Waníyetu wí"@lkt	
"nuvèmmiru"@scn	<https://panlex.org/snapshot/panlex-20191001-csv/2897#110831332>				<https://panlex.org/snapshot/panlex-20191001-csv/2897#110831513>		"Tȟakhíyuȟa wí"@lkt	
"austu"@scn	<https://panlex.org/snapshot/panlex-20191001-csv/2897#110829940>				<https://panlex.org/snapshot/panlex-20191001-csv/2897#110830171>		"Wasúthuŋ wí"@lkt	
"austu"@scn	<https://panlex.org/snapshot/panlex-20191001-csv/2897#110829940>				<https://panlex.org/snapshot/panlex-20191001-csv/2897#110830218>		"Kȟáŋtašá wí"@lkt	
"maiu"@scn	<https://panlex.org/snapshot/panlex-20191001-csv/2897#110829066>				<https://panlex.org/snapshot/panlex-20191001-csv/2897#110828827>		"Čhaŋwápetȟó wí"@lkt	
"maiu"@scn	<https://panlex.org/snapshot/panlex-20191001-csv/2897#110829066>				<https://panlex.org/snapshot/panlex-20191001-csv/2897#110828944>		"Čhaŋwápe Nabléča wí"@lkt	
"jinnaru"@scn	<https://panlex.org/snapshot/panlex-20191001-csv/2897#110827070>				<https://panlex.org/snapshot/panlex-20191001-csv/2897#110827260>		"Wiótheȟika wí"@lkt	
"frivaru"@scn	<https://panlex.org/snapshot/panlex-20191001-csv/2897#110827535>				<https://panlex.org/snapshot/panlex-20191001-csv/2897#110827670>		"Thiyóȟeyuŋka wí"@lkt	
"frivaru"@scn	<https://panlex.org/snapshot/panlex-20191001-csv/2897#110827535>				<https://panlex.org/snapshot/panlex-20191001-csv/2897#110827828>		"Čhaŋnápȟopa wí"@lkt	
"Asia"@scn	<https://panlex.org/snapshot/panlex-20191001-csv/2891#110854005>				<https://panlex.org/snapshot/panlex-20191001-csv/2891#110853906>		"Hazíla Makȟóčhe"@lkt	
"Àfrica"@scn	<https://panlex.org/snapshot/panlex-20191001-csv/2891#110853096>				<https://panlex.org/snapshot/panlex-20191001-csv/2891#110853006>		"Hásapa Makȟóčhe"@lkt	
"Amèrica"@scn	<https://panlex.org/snapshot/panlex-20191001-csv/2891#110853328>				<https://panlex.org/snapshot/panlex-20191001-csv/2891#110853303>		"Khéya Wíta"@lkt	
