"cii"@ryn	<https://panlex.org/snapshot/panlex-20191001-csv/114#8063246>				<https://panlex.org/snapshot/panlex-20191001-csv/114#8063298>		"nambio"@tbe	
"kuci"@ryn	<https://panlex.org/snapshot/panlex-20191001-csv/114#8066901>				<https://panlex.org/snapshot/panlex-20191001-csv/114#8066959>		"ŋgombe-ŋgu"@tbe	
"munï"@ryn	<https://panlex.org/snapshot/panlex-20191001-csv/114#8060705>				<https://panlex.org/snapshot/panlex-20191001-csv/114#8060773>		"noñia-ŋgu"@tbe	
"hagi"@ryn	<https://panlex.org/snapshot/panlex-20191001-csv/114#8053518>				<https://panlex.org/snapshot/panlex-20191001-csv/114#8053576>		"kamba-ŋgu"@tbe	
"nigiri"@ryn	<https://panlex.org/snapshot/panlex-20191001-csv/114#8052983>				<https://panlex.org/snapshot/panlex-20191001-csv/114#8053028>		"kenakaio"@tbe	
