"ʔomoʻ"@ryn	<https://panlex.org/snapshot/panlex-20191001-csv/114#8062243>				<https://panlex.org/snapshot/panlex-20191001-csv/114#8062356>		"-fikir"@xmt	
"tïï"@ryn	<https://panlex.org/snapshot/panlex-20191001-csv/114#8052030>				<https://panlex.org/snapshot/panlex-20191001-csv/114#8052172>		"kanano"@xmt	
"ʼwaraʻ"@ryn	<https://panlex.org/snapshot/panlex-20191001-csv/114#8068506>				<https://panlex.org/snapshot/panlex-20191001-csv/114#8068631>		"-mlef"@xmt	
"ʔuθu"@ryn	<https://panlex.org/snapshot/panlex-20191001-csv/114#8062744>				<https://panlex.org/snapshot/panlex-20191001-csv/114#8062863>		"-mtat"@xmt	
"cii"@ryn	<https://panlex.org/snapshot/panlex-20191001-csv/114#8063246>				<https://panlex.org/snapshot/panlex-20191001-csv/114#8063379>		"lomos"@xmt	
"magu"@ryn	<https://panlex.org/snapshot/panlex-20191001-csv/114#8055620>				<https://panlex.org/snapshot/panlex-20191001-csv/114#8055738>		"mafu-"@xmt	
"kuci"@ryn	<https://panlex.org/snapshot/panlex-20191001-csv/114#8066901>				<https://panlex.org/snapshot/panlex-20191001-csv/114#8067040>		"samo-"@xmt	
"munï"@ryn	<https://panlex.org/snapshot/panlex-20191001-csv/114#8060705>				<https://panlex.org/snapshot/panlex-20191001-csv/114#8060865>		"sus"@xmt	
"hagi"@ryn	<https://panlex.org/snapshot/panlex-20191001-csv/114#8053518>				<https://panlex.org/snapshot/panlex-20191001-csv/114#8053664>		"k|ae-"@xmt	
"nigiri"@ryn	<https://panlex.org/snapshot/panlex-20191001-csv/114#8052983>				<https://panlex.org/snapshot/panlex-20191001-csv/114#8053097>		"palafi"@xmt	
"xaθa"@ryn	<https://panlex.org/snapshot/panlex-20191001-csv/114#8061220>				<https://panlex.org/snapshot/panlex-20191001-csv/114#8061330>		"paŋkadiɔ"@xmt	
