"ḱəkì"@lmx	<https://panlex.org/snapshot/panlex-20191001-csv/3323#48965996>				<https://panlex.org/snapshot/panlex-20191001-csv/3323#48966001>		"k̀əkéké"@kfn	
"t́əkâŋ"@lmx	<https://panlex.org/snapshot/panlex-20191001-csv/3323#48965721>				<https://panlex.org/snapshot/panlex-20191001-csv/3323#48965727>		"səka̰"@kfn	
"kìé"@lmx	<https://panlex.org/snapshot/panlex-20191001-csv/3323#48966582>				<https://panlex.org/snapshot/panlex-20191001-csv/3323#48966587>		"bô"@kfn	
"éŋgɔ̀m"@lmx	<https://panlex.org/snapshot/panlex-20191001-csv/3323#48967856>				<https://panlex.org/snapshot/panlex-20191001-csv/3323#48967861>		"kəfʊo"@kfn	
"ə́mî"@lmx	<https://panlex.org/snapshot/panlex-20191001-csv/3323#48967632>				<https://panlex.org/snapshot/panlex-20191001-csv/3323#48967639>		"uməŋ"@kfn	
"t́əndzə́"@lmx	<https://panlex.org/snapshot/panlex-20191001-csv/3323#48966099>				<https://panlex.org/snapshot/panlex-20191001-csv/3323#48966105>		"asənʒə"@kfn	
"ḱəkɔ̂ʔ"@lmx	<https://panlex.org/snapshot/panlex-20191001-csv/3323#48968184>				<https://panlex.org/snapshot/panlex-20191001-csv/3323#48968190>		"kəkɔt"@kfn	
"mbaì"@lmx	<https://panlex.org/snapshot/panlex-20191001-csv/3323#48966597>				<https://panlex.org/snapshot/panlex-20191001-csv/3323#48966602>		"mbài"@kfn	
"œ̀zə́lə̀"@lmx	<https://panlex.org/snapshot/panlex-20191001-csv/3323#48968880>				<https://panlex.org/snapshot/panlex-20191001-csv/3323#48968886>		"wuzən"@kfn	
"ə̀ndə̀ŋ"@lmx	<https://panlex.org/snapshot/panlex-20191001-csv/3323#48965527>				<https://panlex.org/snapshot/panlex-20191001-csv/3323#48965532>		"ōlə̄ŋ̀"@kfn	
"índó"@lmx	<https://panlex.org/snapshot/panlex-20191001-csv/3323#48966549>				<https://panlex.org/snapshot/panlex-20191001-csv/3323#48966556>		"ulo"@kfn	
"ésɔ́ŋ"@lmx	<https://panlex.org/snapshot/panlex-20191001-csv/3323#48968616>				<https://panlex.org/snapshot/panlex-20191001-csv/3323#48968621>		"isɔŋ"@kfn	
"éɣaí"@lmx	<https://panlex.org/snapshot/panlex-20191001-csv/3323#48965800>				<https://panlex.org/snapshot/panlex-20191001-csv/3323#48965805>		"íɣɛ́i"@kfn	
"œ́sə́"@lmx	<https://panlex.org/snapshot/panlex-20191001-csv/3323#48966514>				<https://panlex.org/snapshot/panlex-20191001-csv/3323#48966520>		"kaʔasə"@kfn	
"mú:"@lmx	<https://panlex.org/snapshot/panlex-20191001-csv/3323#48968768>				<https://panlex.org/snapshot/panlex-20191001-csv/3323#48968773>		"muo̰"@kfn	
"v́ətsɔ́ŋɣə̀"@lmx	<https://panlex.org/snapshot/panlex-20191001-csv/3323#48968497>				<https://panlex.org/snapshot/panlex-20191001-csv/3323#48968502>		"itʃɔŋ"@kfn	
"nzɔ̀ŋ"@lmx	<https://panlex.org/snapshot/panlex-20191001-csv/3323#48967521>				<https://panlex.org/snapshot/panlex-20191001-csv/3323#48967526>		"nʒɔŋ"@kfn	
"fə̀ŋ"@lmx	<https://panlex.org/snapshot/panlex-20191001-csv/3323#48966947>				<https://panlex.org/snapshot/panlex-20191001-csv/3323#48966953>		"etʌm"@kfn	
"œ́tɔ́ŋ"@lmx	<https://panlex.org/snapshot/panlex-20191001-csv/3323#48967631>				<https://panlex.org/snapshot/panlex-20191001-csv/3323#48967639>		"uməŋ"@kfn	
"évə́"@lmx	<https://panlex.org/snapshot/panlex-20191001-csv/3323#48966333>				<https://panlex.org/snapshot/panlex-20191001-csv/3323#48966338>		"ivʉ"@kfn	
"f́əɲʉ́í"@lmx	<https://panlex.org/snapshot/panlex-20191001-csv/3323#48965693>				<https://panlex.org/snapshot/panlex-20191001-csv/3323#48965699>		"f̄əɲʊ̂n"@kfn	
"éɣʉə̂"@lmx	<https://panlex.org/snapshot/panlex-20191001-csv/3323#48968828>				<https://panlex.org/snapshot/panlex-20191001-csv/3323#48968834>		"iiɥa"@kfn	
"éɣʉə̂"@lmx	<https://panlex.org/snapshot/panlex-20191001-csv/3323#48968828>				<https://panlex.org/snapshot/panlex-20191001-csv/3323#48968835>		"asəɥa"@kfn	
"ékə́m"@lmx	<https://panlex.org/snapshot/panlex-20191001-csv/3323#48966222>				<https://panlex.org/snapshot/panlex-20191001-csv/3323#48966229>		"k̄əkə́m"@kfn	
"sùmbô"@lmx	<https://panlex.org/snapshot/panlex-20191001-csv/3323#48972127>				<https://panlex.org/snapshot/panlex-20191001-csv/3323#48972132>		"soombo"@kfn	
"və̀"@lmx	<https://panlex.org/snapshot/panlex-20191001-csv/3323#48967395>				<https://panlex.org/snapshot/panlex-20191001-csv/3323#48967401>		"wù"@kfn	
"ḱənâŋ"@lmx	<https://panlex.org/snapshot/panlex-20191001-csv/3323#48966147>				<https://panlex.org/snapshot/panlex-20191001-csv/3323#48966152>		"kənaŋ"@kfn	
"énáʔ"@lmx	<https://panlex.org/snapshot/panlex-20191001-csv/3323#48966193>				<https://panlex.org/snapshot/panlex-20191001-csv/3323#48966198>		"ínáʔ"@kfn	
"œ́waí"@lmx	<https://panlex.org/snapshot/panlex-20191001-csv/3323#48967416>				<https://panlex.org/snapshot/panlex-20191001-csv/3323#48967422>		"owe"@kfn	
"tâi"@lmx	<https://panlex.org/snapshot/panlex-20191001-csv/3323#48972095>				<https://panlex.org/snapshot/panlex-20191001-csv/3323#48972100>		"tai"@kfn	
"ḱəwá"@lmx	<https://panlex.org/snapshot/panlex-20191001-csv/3323#48966883>				<https://panlex.org/snapshot/panlex-20191001-csv/3323#48966889>		"kəwʌ"@kfn	
"ébəí"@lmx	<https://panlex.org/snapshot/panlex-20191001-csv/3323#48966287>				<https://panlex.org/snapshot/panlex-20191001-csv/3323#48966292>		"ibɨn"@kfn	
"ébəí"@lmx	<https://panlex.org/snapshot/panlex-20191001-csv/3323#48967216>				<https://panlex.org/snapshot/panlex-20191001-csv/3323#48967221>		"ibei"@kfn	
"tɔ̀hɔ́"@lmx	<https://panlex.org/snapshot/panlex-20191001-csv/3323#48972111>				<https://panlex.org/snapshot/panlex-20191001-csv/3323#48972116>		"toofə"@kfn	
"èfàmǎ"@lmx	<https://panlex.org/snapshot/panlex-20191001-csv/3323#48972144>				<https://panlex.org/snapshot/panlex-20191001-csv/3323#48972149>		"ifa"@kfn	
"éɣó:"@lmx	<https://panlex.org/snapshot/panlex-20191001-csv/3323#48967955>				<https://panlex.org/snapshot/panlex-20191001-csv/3323#48967960>		"iwu"@kfn	
"ḱətsə̂ʔ"@lmx	<https://panlex.org/snapshot/panlex-20191001-csv/3323#48965981>				<https://panlex.org/snapshot/panlex-20191001-csv/3323#48965986>		"kəbɔŋ"@kfn	
"fə̀"@lmx	<https://panlex.org/snapshot/panlex-20191001-csv/3323#48966741>				<https://panlex.org/snapshot/panlex-20191001-csv/3323#48966746>		"sʌi"@kfn	
"fə̀"@lmx	<https://panlex.org/snapshot/panlex-20191001-csv/3323#48967020>				<https://panlex.org/snapshot/panlex-20191001-csv/3323#48967026>		"afʉ"@kfn	
"zù"@lmx	<https://panlex.org/snapshot/panlex-20191001-csv/3323#48965616>				<https://panlex.org/snapshot/panlex-20191001-csv/3323#48965622>		"zū"@kfn	
"nduá"@lmx	<https://panlex.org/snapshot/panlex-20191001-csv/3323#48967051>				<https://panlex.org/snapshot/panlex-20191001-csv/3323#48967057>		"ndia"@kfn	
"ḱətú"@lmx	<https://panlex.org/snapshot/panlex-20191001-csv/3323#48966913>				<https://panlex.org/snapshot/panlex-20191001-csv/3323#48966919>		"kətu"@kfn	
"bò"@lmx	<https://panlex.org/snapshot/panlex-20191001-csv/3323#48972047>				<https://panlex.org/snapshot/panlex-20191001-csv/3323#48972052>		"bo"@kfn	
"œ́kɔí"@lmx	<https://panlex.org/snapshot/panlex-20191001-csv/3323#48968455>				<https://panlex.org/snapshot/panlex-20191001-csv/3323#48968460>		"ukɔi"@kfn	
"ḱətə́m"@lmx	<https://panlex.org/snapshot/panlex-20191001-csv/3323#48965881>				<https://panlex.org/snapshot/panlex-20191001-csv/3323#48965887>		"fənia"@kfn	
"ɲʌ̀m"@lmx	<https://panlex.org/snapshot/panlex-20191001-csv/3323#48965411>				<https://panlex.org/snapshot/panlex-20191001-csv/3323#48965416>		"ɲàm"@kfn	
"œ́kuá"@lmx	<https://panlex.org/snapshot/panlex-20191001-csv/3323#48967491>				<https://panlex.org/snapshot/panlex-20191001-csv/3323#48967496>		"ukia"@kfn	
"ègə́m"@lmx	<https://panlex.org/snapshot/panlex-20191001-csv/3323#48972178>				<https://panlex.org/snapshot/panlex-20191001-csv/3323#48972183>		"iɣəm"@kfn	
"ḱəkpaí"@lmx	<https://panlex.org/snapshot/panlex-20191001-csv/3323#48965443>				<https://panlex.org/snapshot/panlex-20191001-csv/3323#48965449>		"k̄əkpɛ́i"@kfn	
"étɔ́ŋ"@lmx	<https://panlex.org/snapshot/panlex-20191001-csv/3323#48967610>				<https://panlex.org/snapshot/panlex-20191001-csv/3323#48967615>		"ītɔ̄ŋ"@kfn	
"ḱəɣó:"@lmx	<https://panlex.org/snapshot/panlex-20191001-csv/3323#48965752>				<https://panlex.org/snapshot/panlex-20191001-csv/3323#48965757>		"kəɣɨp"@kfn	
"faì"@lmx	<https://panlex.org/snapshot/panlex-20191001-csv/3323#48966013>				<https://panlex.org/snapshot/panlex-20191001-csv/3323#48966019>		"bàʔtòm"@kfn	
"faì"@lmx	<https://panlex.org/snapshot/panlex-20191001-csv/3323#48966013>				<https://panlex.org/snapshot/panlex-20191001-csv/3323#48966020>		"fɛ̀"@kfn	
"tóm"@lmx	<https://panlex.org/snapshot/panlex-20191001-csv/3323#48967506>				<https://panlex.org/snapshot/panlex-20191001-csv/3323#48967511>		"kai"@kfn	
"éɣáŋ"@lmx	<https://panlex.org/snapshot/panlex-20191001-csv/3323#48968021>				<https://panlex.org/snapshot/panlex-20191001-csv/3323#48968027>		"iɣaŋ"@kfn	
"ógbə̀i"@lmx	<https://panlex.org/snapshot/panlex-20191001-csv/3323#48965600>				<https://panlex.org/snapshot/panlex-20191001-csv/3323#48965605>		"úkí"@kfn	
"éwí"@lmx	<https://panlex.org/snapshot/panlex-20191001-csv/3323#48967680>				<https://panlex.org/snapshot/panlex-20191001-csv/3323#48967686>		"iwi"@kfn	
"ézú"@lmx	<https://panlex.org/snapshot/panlex-20191001-csv/3323#48968437>				<https://panlex.org/snapshot/panlex-20191001-csv/3323#48968444>		"izi"@kfn	
"ékɔ́i"@lmx	<https://panlex.org/snapshot/panlex-20191001-csv/3323#48965582>				<https://panlex.org/snapshot/panlex-20191001-csv/3323#48965589>		"ékói"@kfn	
"ékɔ́i"@lmx	<https://panlex.org/snapshot/panlex-20191001-csv/3323#48965564>				<https://panlex.org/snapshot/panlex-20191001-csv/3323#48965571>		"ékói"@kfn	
"tsáʔ"@lmx	<https://panlex.org/snapshot/panlex-20191001-csv/3323#48967165>				<https://panlex.org/snapshot/panlex-20191001-csv/3323#48967171>		"kəkat"@kfn	
"bié"@lmx	<https://panlex.org/snapshot/panlex-20191001-csv/3323#48966790>				<https://panlex.org/snapshot/panlex-20191001-csv/3323#48966796>		"bì"@kfn	
"f́əmgbàŋ"@lmx	<https://panlex.org/snapshot/panlex-20191001-csv/3323#48968070>				<https://panlex.org/snapshot/panlex-20191001-csv/3323#48968076>		"fəmbaŋ"@kfn	
"ḱəfəí"@lmx	<https://panlex.org/snapshot/panlex-20191001-csv/3323#48967275>				<https://panlex.org/snapshot/panlex-20191001-csv/3323#48967280>		"ufai"@kfn	
"ésî"@lmx	<https://panlex.org/snapshot/panlex-20191001-csv/3323#48966822>				<https://panlex.org/snapshot/panlex-20191001-csv/3323#48966827>		"isî"@kfn	
"ntǎ"@lmx	<https://panlex.org/snapshot/panlex-20191001-csv/3323#48968929>				<https://panlex.org/snapshot/panlex-20191001-csv/3323#48968934>		"ílə́m"@kfn	
"éɣɔ́ŋ"@lmx	<https://panlex.org/snapshot/panlex-20191001-csv/3323#48968264>				<https://panlex.org/snapshot/panlex-20191001-csv/3323#48968269>		"iɣɔŋ"@kfn	
"éɣɔ́ŋ"@lmx	<https://panlex.org/snapshot/panlex-20191001-csv/3323#48968281>				<https://panlex.org/snapshot/panlex-20191001-csv/3323#48968286>		"iɣɔŋ"@kfn	
"ɲò̰ŋ"@lmx	<https://panlex.org/snapshot/panlex-20191001-csv/3323#48966866>				<https://panlex.org/snapshot/panlex-20191001-csv/3323#48966872>		"aɲuŋ"@kfn	
"émə́"@lmx	<https://panlex.org/snapshot/panlex-20191001-csv/3323#48967195>				<https://panlex.org/snapshot/panlex-20191001-csv/3323#48967200>		"éɲý"@kfn	
"mvə́"@lmx	<https://panlex.org/snapshot/panlex-20191001-csv/3323#48966980>				<https://panlex.org/snapshot/panlex-20191001-csv/3323#48966986>		"mvə"@kfn	
"ḱəbáʔ"@lmx	<https://panlex.org/snapshot/panlex-20191001-csv/3323#48968054>				<https://panlex.org/snapshot/panlex-20191001-csv/3323#48968059>		"kəbaʔ"@kfn	
"f́əkâʔ"@lmx	<https://panlex.org/snapshot/panlex-20191001-csv/3323#48968646>				<https://panlex.org/snapshot/panlex-20191001-csv/3323#48968652>		"fəkaʔ"@kfn	
"ndɔ́ŋ"@lmx	<https://panlex.org/snapshot/panlex-20191001-csv/3323#48967068>				<https://panlex.org/snapshot/panlex-20191001-csv/3323#48967075>		"ndɔŋ"@kfn	
"ḱəfàʔ"@lmx	<https://panlex.org/snapshot/panlex-20191001-csv/3323#48968845>				<https://panlex.org/snapshot/panlex-20191001-csv/3323#48968851>		"kəfaʔ"@kfn	
"waì"@lmx	<https://panlex.org/snapshot/panlex-20191001-csv/3323#48966047>				<https://panlex.org/snapshot/panlex-20191001-csv/3323#48966052>		"wa"@kfn	
"éɣóm"@lmx	<https://panlex.org/snapshot/panlex-20191001-csv/3323#48966456>				<https://panlex.org/snapshot/panlex-20191001-csv/3323#48966462>		"iɣʊm"@kfn	
"ésə̀"@lmx	<https://panlex.org/snapshot/panlex-20191001-csv/3323#48966495>				<https://panlex.org/snapshot/panlex-20191001-csv/3323#48966501>		"isʉ"@kfn	
"ésə̀"@lmx	<https://panlex.org/snapshot/panlex-20191001-csv/3323#48967376>				<https://panlex.org/snapshot/panlex-20191001-csv/3323#48967382>		"isœp"@kfn	
"f́əzuâ"@lmx	<https://panlex.org/snapshot/panlex-20191001-csv/3323#48968230>				<https://panlex.org/snapshot/panlex-20191001-csv/3323#48968236>		"zuɣo"@kfn	
"ḱəɲʉ́ʔ"@lmx	<https://panlex.org/snapshot/panlex-20191001-csv/3323#48968201>				<https://panlex.org/snapshot/panlex-20191001-csv/3323#48968206>		"kəɲɨʔ"@kfn	
"nóm"@lmx	<https://panlex.org/snapshot/panlex-20191001-csv/3323#48967105>				<https://panlex.org/snapshot/panlex-20191001-csv/3323#48967110>		"nʊm"@kfn	
"t́əmbàʔ"@lmx	<https://panlex.org/snapshot/panlex-20191001-csv/3323#48966115>				<https://panlex.org/snapshot/panlex-20191001-csv/3323#48966120>		"mbaʔ"@kfn	
"mbò"@lmx	<https://panlex.org/snapshot/panlex-20191001-csv/3323#48965509>				<https://panlex.org/snapshot/panlex-20191001-csv/3323#48965515>		"k̀əmbòo"@kfn	
"sóʔ"@lmx	<https://panlex.org/snapshot/panlex-20191001-csv/3323#48965882>				<https://panlex.org/snapshot/panlex-20191001-csv/3323#48965887>		"fənia"@kfn	
"mɔ̀ʔ"@lmx	<https://panlex.org/snapshot/panlex-20191001-csv/3323#48972031>				<https://panlex.org/snapshot/panlex-20191001-csv/3323#48972036>		"mɔ̀ʔ"@kfn	
"éfú"@lmx	<https://panlex.org/snapshot/panlex-20191001-csv/3323#48967259>				<https://panlex.org/snapshot/panlex-20191001-csv/3323#48967264>		"ifu"@kfn	
"ḱətóŋgə̀"@lmx	<https://panlex.org/snapshot/panlex-20191001-csv/3323#48966436>				<https://panlex.org/snapshot/panlex-20191001-csv/3323#48966441>		"kətuŋə"@kfn	
"ḱəɣó"@lmx	<https://panlex.org/snapshot/panlex-20191001-csv/3323#48966710>				<https://panlex.org/snapshot/panlex-20191001-csv/3323#48966716>		"akəwu"@kfn	
"tsə̀m"@lmx	<https://panlex.org/snapshot/panlex-20191001-csv/3323#48965491>				<https://panlex.org/snapshot/panlex-20191001-csv/3323#48965497>		"tʃə̀m"@kfn	
"œ́tsô"@lmx	<https://panlex.org/snapshot/panlex-20191001-csv/3323#48967565>				<https://panlex.org/snapshot/panlex-20191001-csv/3323#48967571>		"ítʃúo"@kfn	
"kʸə́"@lmx	<https://panlex.org/snapshot/panlex-20191001-csv/3323#48972079>				<https://panlex.org/snapshot/panlex-20191001-csv/3323#48972084>		"kikə"@kfn	
"ḱəzóʔ"@lmx	<https://panlex.org/snapshot/panlex-20191001-csv/3323#48968913>				<https://panlex.org/snapshot/panlex-20191001-csv/3323#48968919>		"ílə́m"@kfn	
"və́"@lmx	<https://panlex.org/snapshot/panlex-20191001-csv/3323#48966363>				<https://panlex.org/snapshot/panlex-20191001-csv/3323#48966369>		"…bə"@kfn	
"œ́wé"@lmx	<https://panlex.org/snapshot/panlex-20191001-csv/3323#48966631>				<https://panlex.org/snapshot/panlex-20191001-csv/3323#48966637>		"owul"@kfn	
"œ́tsə̂m"@lmx	<https://panlex.org/snapshot/panlex-20191001-csv/3323#48965461>				<https://panlex.org/snapshot/panlex-20191001-csv/3323#48965466>		"ūtʃə̄m̀"@kfn	
"ṭô"@lmx	<https://panlex.org/snapshot/panlex-20191001-csv/3323#48972063>				<https://panlex.org/snapshot/panlex-20191001-csv/3323#48972068>		"to"@kfn	
"évə̂"@lmx	<https://panlex.org/snapshot/panlex-20191001-csv/3323#48966568>				<https://panlex.org/snapshot/panlex-20191001-csv/3323#48966572>		"vœ̂"@kfn	
"bólœ́mò"@lmx	<https://panlex.org/snapshot/panlex-20191001-csv/3323#48972160>				<https://panlex.org/snapshot/panlex-20191001-csv/3323#48972165>		"bomaʔ"@kfn	
"ə́ɲiâ"@lmx	<https://panlex.org/snapshot/panlex-20191001-csv/3323#48965661>				<https://panlex.org/snapshot/panlex-20191001-csv/3323#48965667>		"ūnīà"@kfn	
"œ́kɔ́ʔ"@lmx	<https://panlex.org/snapshot/panlex-20191001-csv/3323#48967231>				<https://panlex.org/snapshot/panlex-20191001-csv/3323#48967236>		"ukɔʔ"@kfn	
"ḱənə́m"@lmx	<https://panlex.org/snapshot/panlex-20191001-csv/3323#48968598>				<https://panlex.org/snapshot/panlex-20191001-csv/3323#48968604>		"kənʌm"@kfn	
"zə̂"@lmx	<https://panlex.org/snapshot/panlex-20191001-csv/3323#48967551>				<https://panlex.org/snapshot/panlex-20191001-csv/3323#48967555>		"nnò"@kfn	
