"美洲獅"@zzj	<https://panlex.org/snapshot/panlex-20191001-csv/5945#84365897>				<https://panlex.org/snapshot/panlex-20191001-csv/5945#84365856>		"פומה"@he	
"青蛙"@zzj	<https://panlex.org/snapshot/panlex-20191001-csv/5946#84446463>				<https://panlex.org/snapshot/panlex-20191001-csv/5946#84446423>		"צְפַרְדֵעַ"@he	
"鏡子"@zzj	<https://panlex.org/snapshot/panlex-20191001-csv/5946#84446367>				<https://panlex.org/snapshot/panlex-20191001-csv/5946#84446195>		"מַרְאָה"@he	
"忿怒"@zzj	<https://panlex.org/snapshot/panlex-20191001-csv/5946#84437568>				<https://panlex.org/snapshot/panlex-20191001-csv/5946#84437513>		"כעס"@he	
"發怒"@zzj	<https://panlex.org/snapshot/panlex-20191001-csv/5946#84437564>				<https://panlex.org/snapshot/panlex-20191001-csv/5946#84437513>		"כעס"@he	
"怒氣"@zzj	<https://panlex.org/snapshot/panlex-20191001-csv/5946#84437567>				<https://panlex.org/snapshot/panlex-20191001-csv/5946#84437513>		"כעס"@he	
"目鏡"@zzj	<https://panlex.org/snapshot/panlex-20191001-csv/5946#84446368>				<https://panlex.org/snapshot/panlex-20191001-csv/5946#84446195>		"מַרְאָה"@he	
"火气"@zzj	<https://panlex.org/snapshot/panlex-20191001-csv/5946#84437562>				<https://panlex.org/snapshot/panlex-20191001-csv/5946#84437513>		"כעס"@he	
"鏡"@zzj	<https://panlex.org/snapshot/panlex-20191001-csv/5946#84446369>				<https://panlex.org/snapshot/panlex-20191001-csv/5946#84446195>		"מַרְאָה"@he	
"发怒"@zzj	<https://panlex.org/snapshot/panlex-20191001-csv/5946#84437565>				<https://panlex.org/snapshot/panlex-20191001-csv/5946#84437513>		"כעס"@he	
"怒气"@zzj	<https://panlex.org/snapshot/panlex-20191001-csv/5946#84437566>				<https://panlex.org/snapshot/panlex-20191001-csv/5946#84437513>		"כעס"@he	
"镜子"@zzj	<https://panlex.org/snapshot/panlex-20191001-csv/5946#84446366>				<https://panlex.org/snapshot/panlex-20191001-csv/5946#84446195>		"מַרְאָה"@he	
"狗屋"@zzj	<https://panlex.org/snapshot/panlex-20191001-csv/5946#84438304>				<https://panlex.org/snapshot/panlex-20191001-csv/5946#84438288>		"מלונה"@he	
"火氣"@zzj	<https://panlex.org/snapshot/panlex-20191001-csv/5946#84437563>				<https://panlex.org/snapshot/panlex-20191001-csv/5946#84437513>		"כעס"@he	
"和"@zzj	<https://panlex.org/snapshot/panlex-20191001-csv/5943#83333218>				<https://panlex.org/snapshot/panlex-20191001-csv/5943#83333197>		"ו"@he	
