"yewá-(y)"@puw	<https://panlex.org/snapshot/panlex-20191001-csv/114#8066881>				<https://panlex.org/snapshot/panlex-20191001-csv/114#8066803>		"ŋariq"@mrw	
"kumwúʀ"@puw	<https://panlex.org/snapshot/panlex-20191001-csv/114#8052009>				<https://panlex.org/snapshot/panlex-20191001-csv/114#8051935>		"lima"@mrw	
"peʀe"@puw	<https://panlex.org/snapshot/panlex-20191001-csv/114#8053498>				<https://panlex.org/snapshot/panlex-20191001-csv/114#8053419>		"aqi"@mrw	
"yaawo"@puw	<https://panlex.org/snapshot/panlex-20191001-csv/114#8066880>				<https://panlex.org/snapshot/panlex-20191001-csv/114#8066803>		"ŋariq"@mrw	
"túút"@puw	<https://panlex.org/snapshot/panlex-20191001-csv/114#8060689>				<https://panlex.org/snapshot/panlex-20191001-csv/114#8060614>		"soso"@mrw	
"ŋii-(n)"@puw	<https://panlex.org/snapshot/panlex-20191001-csv/114#8067440>				<https://panlex.org/snapshot/panlex-20191001-csv/114#8067362>		"ŋipen"@mrw	
"wúúw"@puw	<https://panlex.org/snapshot/panlex-20191001-csv/114#8064308>				<https://panlex.org/snapshot/panlex-20191001-csv/114#8064235>		"lig"@mrw	
"kkay"@puw	<https://panlex.org/snapshot/panlex-20191001-csv/114#8068491>				<https://panlex.org/snapshot/panlex-20191001-csv/114#8068416>		"kalaq"@mrw	
"yekiyeki-(y)"@puw	<https://panlex.org/snapshot/panlex-20191001-csv/114#8062227>				<https://panlex.org/snapshot/panlex-20191001-csv/114#8062156>		"iram"@mrw	
"pwootú-"@puw	<https://panlex.org/snapshot/panlex-20191001-csv/114#8065406>				<https://panlex.org/snapshot/panlex-20191001-csv/114#8065333>		"ŋ|iroŋ"@mrw	
"kúll"@puw	<https://panlex.org/snapshot/panlex-20191001-csv/114#8055602>				<https://panlex.org/snapshot/panlex-20191001-csv/114#8055526>		"tiŋer"@mrw	
"ŋii"@puw	<https://panlex.org/snapshot/panlex-20191001-csv/114#8067439>				<https://panlex.org/snapshot/panlex-20191001-csv/114#8067362>		"ŋipen"@mrw	
"yefar"@puw	<https://panlex.org/snapshot/panlex-20191001-csv/114#8061204>				<https://panlex.org/snapshot/panlex-20191001-csv/114#8061136>		"waga"@mrw	
"téŋú-ú-(w)"@puw	<https://panlex.org/snapshot/panlex-20191001-csv/114#8066355>				<https://panlex.org/snapshot/panlex-20191001-csv/114#8066284>		"baŋo"@mrw	
"hakúr"@puw	<https://panlex.org/snapshot/panlex-20191001-csv/114#8058106>				<https://panlex.org/snapshot/panlex-20191001-csv/114#8058036>		"likod"@mrw	
"yááyá"@puw	<https://panlex.org/snapshot/panlex-20191001-csv/114#8060134>				<https://panlex.org/snapshot/panlex-20191001-csv/114#8060068>		"atay"@mrw	
