"yewá-(y)"@puw	<https://panlex.org/snapshot/panlex-20191001-csv/114#8066881>				<https://panlex.org/snapshot/panlex-20191001-csv/114#8066791>		"bibig"@mog	
"kumwúʀ"@puw	<https://panlex.org/snapshot/panlex-20191001-csv/114#8052009>				<https://panlex.org/snapshot/panlex-20191001-csv/114#8051923>		"lima"@mog	
"peʀe"@puw	<https://panlex.org/snapshot/panlex-20191001-csv/114#8053498>				<https://panlex.org/snapshot/panlex-20191001-csv/114#8053409>		"siol"@mog	
"yaawo"@puw	<https://panlex.org/snapshot/panlex-20191001-csv/114#8066880>				<https://panlex.org/snapshot/panlex-20191001-csv/114#8066791>		"bibig"@mog	
"túút"@puw	<https://panlex.org/snapshot/panlex-20191001-csv/114#8060689>				<https://panlex.org/snapshot/panlex-20191001-csv/114#8060604>		"[t]eteʔ"@mog	
"ŋii-(n)"@puw	<https://panlex.org/snapshot/panlex-20191001-csv/114#8067440>				<https://panlex.org/snapshot/panlex-20191001-csv/114#8067351>		"bagaŋ"@mog	
"ŋii-(n)"@puw	<https://panlex.org/snapshot/panlex-20191001-csv/114#8067440>				<https://panlex.org/snapshot/panlex-20191001-csv/114#8067352>		"ŋipon"@mog	
"wúúw"@puw	<https://panlex.org/snapshot/panlex-20191001-csv/114#8064308>				<https://panlex.org/snapshot/panlex-20191001-csv/114#8064227>		"sindun"@mog	
"kkay"@puw	<https://panlex.org/snapshot/panlex-20191001-csv/114#8068491>				<https://panlex.org/snapshot/panlex-20191001-csv/114#8068406>		"kosiŋ"@mog	
"yekiyeki-(y)"@puw	<https://panlex.org/snapshot/panlex-20191001-csv/114#8062227>				<https://panlex.org/snapshot/panlex-20191001-csv/114#8062149>		"mog-ontob"@mog	
"pwootú-"@puw	<https://panlex.org/snapshot/panlex-20191001-csv/114#8065406>				<https://panlex.org/snapshot/panlex-20191001-csv/114#8065322>		"ŋiuŋ"@mog	
"pwootú-"@puw	<https://panlex.org/snapshot/panlex-20191001-csv/114#8065406>				<https://panlex.org/snapshot/panlex-20191001-csv/114#8065321>		"ŋiruŋ"@mog	
"kúll"@puw	<https://panlex.org/snapshot/panlex-20191001-csv/114#8055602>				<https://panlex.org/snapshot/panlex-20191001-csv/114#8055521>		"liu"@mog	
"ŋii"@puw	<https://panlex.org/snapshot/panlex-20191001-csv/114#8067439>				<https://panlex.org/snapshot/panlex-20191001-csv/114#8067351>		"bagaŋ"@mog	
"ŋii"@puw	<https://panlex.org/snapshot/panlex-20191001-csv/114#8067439>				<https://panlex.org/snapshot/panlex-20191001-csv/114#8067352>		"ŋipon"@mog	
"yefar"@puw	<https://panlex.org/snapshot/panlex-20191001-csv/114#8061204>				<https://panlex.org/snapshot/panlex-20191001-csv/114#8061125>		"obaga"@mog	
"téŋú-ú-(w)"@puw	<https://panlex.org/snapshot/panlex-20191001-csv/114#8066355>				<https://panlex.org/snapshot/panlex-20191001-csv/114#8066273>		"toŋut"@mog	
"hakúr"@puw	<https://panlex.org/snapshot/panlex-20191001-csv/114#8058106>				<https://panlex.org/snapshot/panlex-20191001-csv/114#8058028>		"likud"@mog	
"yááyá"@puw	<https://panlex.org/snapshot/panlex-20191001-csv/114#8060134>				<https://panlex.org/snapshot/panlex-20191001-csv/114#8060059>		"sidalom"@mog	
