"гузги"@ttt	<https://panlex.org/snapshot/panlex-20191001-csv/5946#84446330>				<https://panlex.org/snapshot/panlex-20191001-csv/5946#84446222>		"កញ្ចក់"@km	
"август"@ttt	<https://panlex.org/snapshot/panlex-20191001-csv/5949#85329527>				<https://panlex.org/snapshot/panlex-20191001-csv/5949#85329391>		"អ៊ូត"@km	
"şolumi"@ttt	<https://panlex.org/snapshot/panlex-20191001-csv/2902#111012262>				<https://panlex.org/snapshot/panlex-20191001-csv/2902#111011963>		"សន្តិភាព"@km	
"шолуми"@ttt	<https://panlex.org/snapshot/panlex-20191001-csv/2902#111012236>				<https://panlex.org/snapshot/panlex-20191001-csv/2902#111011963>		"សន្តិភាព"@km	
"Sie dərjoh"@ttt	<https://panlex.org/snapshot/panlex-20191001-csv/2905#110869202>				<https://panlex.org/snapshot/panlex-20191001-csv/2905#110869061>		"សមុទ្រខ្មៅ"@km	
"Зэрд дэрйогъ"@ttt	<https://panlex.org/snapshot/panlex-20191001-csv/2905#110871537>				<https://panlex.org/snapshot/panlex-20191001-csv/2905#110871630>		"សមុទ្រលឿង"@km	
"Zərd dərjoh"@ttt	<https://panlex.org/snapshot/panlex-20191001-csv/2905#110871517>				<https://panlex.org/snapshot/panlex-20191001-csv/2905#110871630>		"សមុទ្រលឿង"@km	
"Сие дэрйогъ"@ttt	<https://panlex.org/snapshot/panlex-20191001-csv/2905#110869070>				<https://panlex.org/snapshot/panlex-20191001-csv/2905#110869061>		"សមុទ្រខ្មៅ"@km	
"Mars"@ttt	<https://panlex.org/snapshot/panlex-20191001-csv/2907#110846071>				<https://panlex.org/snapshot/panlex-20191001-csv/2907#110846108>		"ភពអង្គារ"@km	
"Pluton"@ttt	<https://panlex.org/snapshot/panlex-20191001-csv/2907#110847222>				<https://panlex.org/snapshot/panlex-20191001-csv/2907#110847396>		"ភ្លុយតុង"@km	
"Тсерера"@ttt	<https://panlex.org/snapshot/panlex-20191001-csv/2907#110846161>				<https://panlex.org/snapshot/panlex-20191001-csv/2907#110846258>		"សឺរេស"@km	
"Венера"@ttt	<https://panlex.org/snapshot/panlex-20191001-csv/2907#110845404>				<https://panlex.org/snapshot/panlex-20191001-csv/2907#110845312>		"ភពសុក្រ"@km	
"Сатурн"@ttt	<https://panlex.org/snapshot/panlex-20191001-csv/2907#110846730>				<https://panlex.org/snapshot/panlex-20191001-csv/2907#110846706>		"ភពសៅរ៍"@km	
"Плутон"@ttt	<https://panlex.org/snapshot/panlex-20191001-csv/2907#110847257>				<https://panlex.org/snapshot/panlex-20191001-csv/2907#110847396>		"ភ្លុយតុង"@km	
"Məng"@ttt	<https://panlex.org/snapshot/panlex-20191001-csv/2907#110845804>				<https://panlex.org/snapshot/panlex-20191001-csv/2907#110845790>		"ព្រះចន្ទ"@km	
"Uran"@ttt	<https://panlex.org/snapshot/panlex-20191001-csv/2907#110846810>				<https://panlex.org/snapshot/panlex-20191001-csv/2907#110846830>		"ភពអ៊ុយរ៉ានុស"@km	
"Merkurij"@ttt	<https://panlex.org/snapshot/panlex-20191001-csv/2907#110845285>				<https://panlex.org/snapshot/panlex-20191001-csv/2907#110845184>		"ភពពុធ"@km	
"Jupiter"@ttt	<https://panlex.org/snapshot/panlex-20191001-csv/2907#110846353>				<https://panlex.org/snapshot/panlex-20191001-csv/2907#110846399>		"ភពព្រហស្បតិ៍"@km	
"Venera"@ttt	<https://panlex.org/snapshot/panlex-20191001-csv/2907#110845338>				<https://panlex.org/snapshot/panlex-20191001-csv/2907#110845312>		"ភពសុក្រ"@km	
"Oftoi"@ttt	<https://panlex.org/snapshot/panlex-20191001-csv/2907#110844933>				<https://panlex.org/snapshot/panlex-20191001-csv/2907#110844987>		"ព្រះអាទិត្យ"@km	
"Эрида"@ttt	<https://panlex.org/snapshot/panlex-20191001-csv/2907#110847902>				<https://panlex.org/snapshot/panlex-20191001-csv/2907#110847962>		"អៀរីស"@km	
"Ərida"@ttt	<https://panlex.org/snapshot/panlex-20191001-csv/2907#110847818>				<https://panlex.org/snapshot/panlex-20191001-csv/2907#110847962>		"អៀរីស"@km	
"Saturn"@ttt	<https://panlex.org/snapshot/panlex-20191001-csv/2907#110846627>				<https://panlex.org/snapshot/panlex-20191001-csv/2907#110846706>		"ភពសៅរ៍"@km	
"Юпитер"@ttt	<https://panlex.org/snapshot/panlex-20191001-csv/2907#110846416>				<https://panlex.org/snapshot/panlex-20191001-csv/2907#110846399>		"ភពព្រហស្បតិ៍"@km	
"Tserera"@ttt	<https://panlex.org/snapshot/panlex-20191001-csv/2907#110846248>				<https://panlex.org/snapshot/panlex-20191001-csv/2907#110846258>		"សឺរេស"@km	
"Марс"@ttt	<https://panlex.org/snapshot/panlex-20191001-csv/2907#110846038>				<https://panlex.org/snapshot/panlex-20191001-csv/2907#110846108>		"ភពអង្គារ"@km	
"Zimi"@ttt	<https://panlex.org/snapshot/panlex-20191001-csv/2907#110845571>				<https://panlex.org/snapshot/panlex-20191001-csv/2907#110845592>		"ភពផែនដី"@km	
"Neptun"@ttt	<https://panlex.org/snapshot/panlex-20191001-csv/2907#110847130>				<https://panlex.org/snapshot/panlex-20191001-csv/2907#110847121>		"ភពណិបទូន"@km	
"Офтои"@ttt	<https://panlex.org/snapshot/panlex-20191001-csv/2907#110845009>				<https://panlex.org/snapshot/panlex-20191001-csv/2907#110844987>		"ព្រះអាទិត្យ"@km	
"Мэнг"@ttt	<https://panlex.org/snapshot/panlex-20191001-csv/2907#110845924>				<https://panlex.org/snapshot/panlex-20191001-csv/2907#110845790>		"ព្រះចន្ទ"@km	
"Уран"@ttt	<https://panlex.org/snapshot/panlex-20191001-csv/2907#110846958>				<https://panlex.org/snapshot/panlex-20191001-csv/2907#110846830>		"ភពអ៊ុយរ៉ានុស"@km	
"Нептун"@ttt	<https://panlex.org/snapshot/panlex-20191001-csv/2907#110847161>				<https://panlex.org/snapshot/panlex-20191001-csv/2907#110847121>		"ភពណិបទូន"@km	
"Зими"@ttt	<https://panlex.org/snapshot/panlex-20191001-csv/2907#110845547>				<https://panlex.org/snapshot/panlex-20191001-csv/2907#110845592>		"ភពផែនដី"@km	
"Меркурий"@ttt	<https://panlex.org/snapshot/panlex-20191001-csv/2907#110845264>				<https://panlex.org/snapshot/panlex-20191001-csv/2907#110845184>		"ភពពុធ"@km	
"jekşobot"@ttt	<https://panlex.org/snapshot/panlex-20191001-csv/2892#110826930>				<https://panlex.org/snapshot/panlex-20191001-csv/2892#110826913>		"ថ្ងៃអាទិត្យ"@km	
"рузарнэ"@ttt	<https://panlex.org/snapshot/panlex-20191001-csv/2892#110825886>				<https://panlex.org/snapshot/panlex-20191001-csv/2892#110825709>		"ថ្ងៃសុក្រ"@km	
"səşobot"@ttt	<https://panlex.org/snapshot/panlex-20191001-csv/2892#110824582>				<https://panlex.org/snapshot/panlex-20191001-csv/2892#110824486>		"ថ្ងៃ អង្គារ"@km	
"пэнжшобот"@ttt	<https://panlex.org/snapshot/panlex-20191001-csv/2892#110825307>				<https://panlex.org/snapshot/panlex-20191001-csv/2892#110825533>		"ថ្ងៃ ព្រហស្បតិ៍"@km	
"pənçşobot"@ttt	<https://panlex.org/snapshot/panlex-20191001-csv/2892#110825663>				<https://panlex.org/snapshot/panlex-20191001-csv/2892#110825533>		"ថ្ងៃ ព្រហស្បតិ៍"@km	
"сэшобот"@ttt	<https://panlex.org/snapshot/panlex-20191001-csv/2892#110824621>				<https://panlex.org/snapshot/panlex-20191001-csv/2892#110824486>		"ថ្ងៃ អង្គារ"@km	
"dyşobot"@ttt	<https://panlex.org/snapshot/panlex-20191001-csv/2892#110824291>				<https://panlex.org/snapshot/panlex-20191001-csv/2892#110824418>		"ថ្ងៃច័ន្ទ"@km	
"чоршобот"@ttt	<https://panlex.org/snapshot/panlex-20191001-csv/2892#110825228>				<https://panlex.org/snapshot/panlex-20191001-csv/2892#110825212>		"ថ្ងៃពុធ"@km	
"corşobot"@ttt	<https://panlex.org/snapshot/panlex-20191001-csv/2892#110824966>				<https://panlex.org/snapshot/panlex-20191001-csv/2892#110825212>		"ថ្ងៃពុធ"@km	
"şobot"@ttt	<https://panlex.org/snapshot/panlex-20191001-csv/2892#110826364>				<https://panlex.org/snapshot/panlex-20191001-csv/2892#110826208>		"ថ្ងៃ សៅរ៍"@km	
"ruzarnə"@ttt	<https://panlex.org/snapshot/panlex-20191001-csv/2892#110826099>				<https://panlex.org/snapshot/panlex-20191001-csv/2892#110825709>		"ថ្ងៃសុក្រ"@km	
"шобот"@ttt	<https://panlex.org/snapshot/panlex-20191001-csv/2892#110826168>				<https://panlex.org/snapshot/panlex-20191001-csv/2892#110826208>		"ថ្ងៃ សៅរ៍"@km	
"дуьшобот"@ttt	<https://panlex.org/snapshot/panlex-20191001-csv/2892#110824349>				<https://panlex.org/snapshot/panlex-20191001-csv/2892#110824418>		"ថ្ងៃច័ន្ទ"@km	
"екшобот"@ttt	<https://panlex.org/snapshot/panlex-20191001-csv/2892#110826639>				<https://panlex.org/snapshot/panlex-20191001-csv/2892#110826913>		"ថ្ងៃអាទិត្យ"@km	
"oktjabr"@ttt	<https://panlex.org/snapshot/panlex-20191001-csv/2897#110830807>				<https://panlex.org/snapshot/panlex-20191001-csv/2897#110830848>		"អុកតូប្រ"@km	
"nojabr"@ttt	<https://panlex.org/snapshot/panlex-20191001-csv/2897#110831525>				<https://panlex.org/snapshot/panlex-20191001-csv/2897#110831340>		"ណូវ៉មប្រ"@km	
"mart"@ttt	<https://panlex.org/snapshot/panlex-20191001-csv/2897#110828100>				<https://panlex.org/snapshot/panlex-20191001-csv/2897#110828232>		"ម៉ាស"@km	
"janvar"@ttt	<https://panlex.org/snapshot/panlex-20191001-csv/2897#110827054>				<https://panlex.org/snapshot/panlex-20191001-csv/2897#110827188>		"យ៉ាំងវីយ៉េ"@km	
"август"@ttt	<https://panlex.org/snapshot/panlex-20191001-csv/2897#110830209>				<https://panlex.org/snapshot/panlex-20191001-csv/2897#110830011>		"អ៊ូត"@km	
"ijun"@ttt	<https://panlex.org/snapshot/panlex-20191001-csv/2897#110829277>				<https://panlex.org/snapshot/panlex-20191001-csv/2897#110829232>		"យូវ៉ាំង"@km	
"maj"@ttt	<https://panlex.org/snapshot/panlex-20191001-csv/2897#110828671>				<https://panlex.org/snapshot/panlex-20191001-csv/2897#110828984>		"ម៉េ"@km	
"март"@ttt	<https://panlex.org/snapshot/panlex-20191001-csv/2897#110827921>				<https://panlex.org/snapshot/panlex-20191001-csv/2897#110828232>		"ម៉ាស"@km	
"fevral"@ttt	<https://panlex.org/snapshot/panlex-20191001-csv/2897#110827488>				<https://panlex.org/snapshot/panlex-20191001-csv/2897#110827567>		"ហ្វេវ្រីយេ"@km	
"aprel"@ttt	<https://panlex.org/snapshot/panlex-20191001-csv/2897#110828575>				<https://panlex.org/snapshot/panlex-20191001-csv/2897#110828491>		"អាវ្រិល់"@km	
"апрель"@ttt	<https://panlex.org/snapshot/panlex-20191001-csv/2897#110828457>				<https://panlex.org/snapshot/panlex-20191001-csv/2897#110828491>		"អាវ្រិល់"@km	
"ijul"@ttt	<https://panlex.org/snapshot/panlex-20191001-csv/2897#110829771>				<https://panlex.org/snapshot/panlex-20191001-csv/2897#110829499>		"ស៊ូយេត"@km	
"февраль"@ttt	<https://panlex.org/snapshot/panlex-20191001-csv/2897#110827618>				<https://panlex.org/snapshot/panlex-20191001-csv/2897#110827567>		"ហ្វេវ្រីយេ"@km	
"sentjabr"@ttt	<https://panlex.org/snapshot/panlex-20191001-csv/2897#110830498>				<https://panlex.org/snapshot/panlex-20191001-csv/2897#110830346>		"សេតមប្រ"@km	
"dekabr"@ttt	<https://panlex.org/snapshot/panlex-20191001-csv/2897#110831704>				<https://panlex.org/snapshot/panlex-20191001-csv/2897#110831707>		"ដេសមប្រ"@km	
"октябрь"@ttt	<https://panlex.org/snapshot/panlex-20191001-csv/2897#110830937>				<https://panlex.org/snapshot/panlex-20191001-csv/2897#110830848>		"អុកតូប្រ"@km	
"avgust"@ttt	<https://panlex.org/snapshot/panlex-20191001-csv/2897#110829977>				<https://panlex.org/snapshot/panlex-20191001-csv/2897#110830011>		"អ៊ូត"@km	
"декабрь"@ttt	<https://panlex.org/snapshot/panlex-20191001-csv/2897#110831694>				<https://panlex.org/snapshot/panlex-20191001-csv/2897#110831707>		"ដេសមប្រ"@km	
"сентябрь"@ttt	<https://panlex.org/snapshot/panlex-20191001-csv/2897#110830525>				<https://panlex.org/snapshot/panlex-20191001-csv/2897#110830346>		"សេតមប្រ"@km	
"январь"@ttt	<https://panlex.org/snapshot/panlex-20191001-csv/2897#110827442>				<https://panlex.org/snapshot/panlex-20191001-csv/2897#110827188>		"យ៉ាំងវីយ៉េ"@km	
"июнь"@ttt	<https://panlex.org/snapshot/panlex-20191001-csv/2897#110829206>				<https://panlex.org/snapshot/panlex-20191001-csv/2897#110829232>		"យូវ៉ាំង"@km	
"ноябрь"@ttt	<https://panlex.org/snapshot/panlex-20191001-csv/2897#110831483>				<https://panlex.org/snapshot/panlex-20191001-csv/2897#110831340>		"ណូវ៉មប្រ"@km	
"май"@ttt	<https://panlex.org/snapshot/panlex-20191001-csv/2897#110828805>				<https://panlex.org/snapshot/panlex-20191001-csv/2897#110828984>		"ម៉េ"@km	
"июль"@ttt	<https://panlex.org/snapshot/panlex-20191001-csv/2897#110829807>				<https://panlex.org/snapshot/panlex-20191001-csv/2897#110829499>		"ស៊ូយេត"@km	
