"jekşobot"@ttt	<https://panlex.org/snapshot/panlex-20191001-csv/2892#110826930>				<https://panlex.org/snapshot/panlex-20191001-csv/2892#110826902>		"اَزِلْ وَنْ اَلْخَدْ"@ttq	
"jekşobot"@ttt	<https://panlex.org/snapshot/panlex-20191001-csv/2892#110826930>				<https://panlex.org/snapshot/panlex-20191001-csv/2892#110826633>		"azəl wa-n ălxăd"@ttq	
"рузарнэ"@ttt	<https://panlex.org/snapshot/panlex-20191001-csv/2892#110825886>				<https://panlex.org/snapshot/panlex-20191001-csv/2892#110826071>		"اَزِلْ وَنْ اِلْجَمَاغَتْ"@ttq	
"рузарнэ"@ttt	<https://panlex.org/snapshot/panlex-20191001-csv/2892#110825886>				<https://panlex.org/snapshot/panlex-20191001-csv/2892#110826111>		"azəl wa-n əlžămaɣăt"@ttq	
"səşobot"@ttt	<https://panlex.org/snapshot/panlex-20191001-csv/2892#110824582>				<https://panlex.org/snapshot/panlex-20191001-csv/2892#110824724>		"اَزِلْ وَنْ تِلَاتَ"@ttq	
"səşobot"@ttt	<https://panlex.org/snapshot/panlex-20191001-csv/2892#110824582>				<https://panlex.org/snapshot/panlex-20191001-csv/2892#110824745>		"azəl wa-n təlata"@ttq	
"пэнжшобот"@ttt	<https://panlex.org/snapshot/panlex-20191001-csv/2892#110825307>				<https://panlex.org/snapshot/panlex-20191001-csv/2892#110825544>		"azəl wa-n əlxəmis"@ttq	
"пэнжшобот"@ttt	<https://panlex.org/snapshot/panlex-20191001-csv/2892#110825307>				<https://panlex.org/snapshot/panlex-20191001-csv/2892#110825332>		"اَزِلْ وَنْ اِلْخِمِيسْ"@ttq	
"pənçşobot"@ttt	<https://panlex.org/snapshot/panlex-20191001-csv/2892#110825663>				<https://panlex.org/snapshot/panlex-20191001-csv/2892#110825544>		"azəl wa-n əlxəmis"@ttq	
"pənçşobot"@ttt	<https://panlex.org/snapshot/panlex-20191001-csv/2892#110825663>				<https://panlex.org/snapshot/panlex-20191001-csv/2892#110825332>		"اَزِلْ وَنْ اِلْخِمِيسْ"@ttq	
"сэшобот"@ttt	<https://panlex.org/snapshot/panlex-20191001-csv/2892#110824621>				<https://panlex.org/snapshot/panlex-20191001-csv/2892#110824724>		"اَزِلْ وَنْ تِلَاتَ"@ttq	
"сэшобот"@ttt	<https://panlex.org/snapshot/panlex-20191001-csv/2892#110824621>				<https://panlex.org/snapshot/panlex-20191001-csv/2892#110824745>		"azəl wa-n təlata"@ttq	
"dyşobot"@ttt	<https://panlex.org/snapshot/panlex-20191001-csv/2892#110824291>				<https://panlex.org/snapshot/panlex-20191001-csv/2892#110824039>		"اَزِلْ وَنْ لِيتْنىِ"@ttq	
"dyşobot"@ttt	<https://panlex.org/snapshot/panlex-20191001-csv/2892#110824291>				<https://panlex.org/snapshot/panlex-20191001-csv/2892#110824166>		"azəl wa-n litni"@ttq	
"чоршобот"@ttt	<https://panlex.org/snapshot/panlex-20191001-csv/2892#110825228>				<https://panlex.org/snapshot/panlex-20191001-csv/2892#110825038>		"azəl wa-n əlarba"@ttq	
"чоршобот"@ttt	<https://panlex.org/snapshot/panlex-20191001-csv/2892#110825228>				<https://panlex.org/snapshot/panlex-20191001-csv/2892#110825161>		"اَزِلْ وَنْ اِلَرْبَ"@ttq	
"corşobot"@ttt	<https://panlex.org/snapshot/panlex-20191001-csv/2892#110824966>				<https://panlex.org/snapshot/panlex-20191001-csv/2892#110825038>		"azəl wa-n əlarba"@ttq	
"corşobot"@ttt	<https://panlex.org/snapshot/panlex-20191001-csv/2892#110824966>				<https://panlex.org/snapshot/panlex-20191001-csv/2892#110825161>		"اَزِلْ وَنْ اِلَرْبَ"@ttq	
"şobot"@ttt	<https://panlex.org/snapshot/panlex-20191001-csv/2892#110826364>				<https://panlex.org/snapshot/panlex-20191001-csv/2892#110826199>		"اَزِلْ وَنْ اِسِبِتْ"@ttq	
"şobot"@ttt	<https://panlex.org/snapshot/panlex-20191001-csv/2892#110826364>				<https://panlex.org/snapshot/panlex-20191001-csv/2892#110826370>		"azəl wa-n əssəbbət"@ttq	
"ruzarnə"@ttt	<https://panlex.org/snapshot/panlex-20191001-csv/2892#110826099>				<https://panlex.org/snapshot/panlex-20191001-csv/2892#110826071>		"اَزِلْ وَنْ اِلْجَمَاغَتْ"@ttq	
"ruzarnə"@ttt	<https://panlex.org/snapshot/panlex-20191001-csv/2892#110826099>				<https://panlex.org/snapshot/panlex-20191001-csv/2892#110826111>		"azəl wa-n əlžămaɣăt"@ttq	
"шобот"@ttt	<https://panlex.org/snapshot/panlex-20191001-csv/2892#110826168>				<https://panlex.org/snapshot/panlex-20191001-csv/2892#110826199>		"اَزِلْ وَنْ اِسِبِتْ"@ttq	
"шобот"@ttt	<https://panlex.org/snapshot/panlex-20191001-csv/2892#110826168>				<https://panlex.org/snapshot/panlex-20191001-csv/2892#110826370>		"azəl wa-n əssəbbət"@ttq	
"дуьшобот"@ttt	<https://panlex.org/snapshot/panlex-20191001-csv/2892#110824349>				<https://panlex.org/snapshot/panlex-20191001-csv/2892#110824039>		"اَزِلْ وَنْ لِيتْنىِ"@ttq	
"дуьшобот"@ttt	<https://panlex.org/snapshot/panlex-20191001-csv/2892#110824349>				<https://panlex.org/snapshot/panlex-20191001-csv/2892#110824166>		"azəl wa-n litni"@ttq	
"екшобот"@ttt	<https://panlex.org/snapshot/panlex-20191001-csv/2892#110826639>				<https://panlex.org/snapshot/panlex-20191001-csv/2892#110826902>		"اَزِلْ وَنْ اَلْخَدْ"@ttq	
"екшобот"@ttt	<https://panlex.org/snapshot/panlex-20191001-csv/2892#110826639>				<https://panlex.org/snapshot/panlex-20191001-csv/2892#110826633>		"azəl wa-n ălxăd"@ttq	
