"гузги"@ttt	<https://panlex.org/snapshot/panlex-20191001-csv/5946#84446330>				<https://panlex.org/snapshot/panlex-20191001-csv/5946#84446253>		"കണ്ണാടി"@ml	
"август"@ttt	<https://panlex.org/snapshot/panlex-20191001-csv/5949#85329527>				<https://panlex.org/snapshot/panlex-20191001-csv/5949#85329430>		"ആഗസ്റ്റ്"@ml	
"Офтои"@ttt	<https://panlex.org/snapshot/panlex-20191001-csv/5949#85321002>				<https://panlex.org/snapshot/panlex-20191001-csv/5949#85320949>		"സൂര്യന്"@ml	
"şolumi"@ttt	<https://panlex.org/snapshot/panlex-20191001-csv/2902#111012262>				<https://panlex.org/snapshot/panlex-20191001-csv/2902#111012162>		"സമാധാനം"@ml	
"шолуми"@ttt	<https://panlex.org/snapshot/panlex-20191001-csv/2902#111012236>				<https://panlex.org/snapshot/panlex-20191001-csv/2902#111012162>		"സമാധാനം"@ml	
"Sie dərjoh"@ttt	<https://panlex.org/snapshot/panlex-20191001-csv/2905#110869202>				<https://panlex.org/snapshot/panlex-20191001-csv/2905#110869207>		"കരിങ്കടൽ"@ml	
"Sipi dərjoh"@ttt	<https://panlex.org/snapshot/panlex-20191001-csv/2905#110871297>				<https://panlex.org/snapshot/panlex-20191001-csv/2905#110871371>		"വെങ്കടൽ"@ml	
"Сипи дэрйогъ"@ttt	<https://panlex.org/snapshot/panlex-20191001-csv/2905#110871284>				<https://panlex.org/snapshot/panlex-20191001-csv/2905#110871371>		"വെങ്കടൽ"@ml	
"Зэрд дэрйогъ"@ttt	<https://panlex.org/snapshot/panlex-20191001-csv/2905#110871537>				<https://panlex.org/snapshot/panlex-20191001-csv/2905#110871490>		"മഞ്ഞക്കടൽ"@ml	
"Qirmizi dərjoh"@ttt	<https://panlex.org/snapshot/panlex-20191001-csv/2905#110870963>				<https://panlex.org/snapshot/panlex-20191001-csv/2905#110870972>		"ചെങ്കടൽ"@ml	
"Zərd dərjoh"@ttt	<https://panlex.org/snapshot/panlex-20191001-csv/2905#110871517>				<https://panlex.org/snapshot/panlex-20191001-csv/2905#110871490>		"മഞ്ഞക്കടൽ"@ml	
"Сие дэрйогъ"@ttt	<https://panlex.org/snapshot/panlex-20191001-csv/2905#110869070>				<https://panlex.org/snapshot/panlex-20191001-csv/2905#110869207>		"കരിങ്കടൽ"@ml	
"Гъирмизи дэрйогъ"@ttt	<https://panlex.org/snapshot/panlex-20191001-csv/2905#110870899>				<https://panlex.org/snapshot/panlex-20191001-csv/2905#110870972>		"ചെങ്കടൽ"@ml	
"Mars"@ttt	<https://panlex.org/snapshot/panlex-20191001-csv/2907#110846071>				<https://panlex.org/snapshot/panlex-20191001-csv/2907#110846137>		"ചൊവ്വ"@ml	
"Pluton"@ttt	<https://panlex.org/snapshot/panlex-20191001-csv/2907#110847222>				<https://panlex.org/snapshot/panlex-20191001-csv/2907#110847337>		"പ്ലൂട്ടോ"@ml	
"Тсерера"@ttt	<https://panlex.org/snapshot/panlex-20191001-csv/2907#110846161>				<https://panlex.org/snapshot/panlex-20191001-csv/2907#110846271>		"സീറീസ്"@ml	
"Венера"@ttt	<https://panlex.org/snapshot/panlex-20191001-csv/2907#110845404>				<https://panlex.org/snapshot/panlex-20191001-csv/2907#110845425>		"ശുക്രൻ"@ml	
"Сатурн"@ttt	<https://panlex.org/snapshot/panlex-20191001-csv/2907#110846730>				<https://panlex.org/snapshot/panlex-20191001-csv/2907#110846625>		"ശനി"@ml	
"Плутон"@ttt	<https://panlex.org/snapshot/panlex-20191001-csv/2907#110847257>				<https://panlex.org/snapshot/panlex-20191001-csv/2907#110847337>		"പ്ലൂട്ടോ"@ml	
"Məng"@ttt	<https://panlex.org/snapshot/panlex-20191001-csv/2907#110845804>				<https://panlex.org/snapshot/panlex-20191001-csv/2907#110845879>		"ചന്ദ്രൻ"@ml	
"Uran"@ttt	<https://panlex.org/snapshot/panlex-20191001-csv/2907#110846810>				<https://panlex.org/snapshot/panlex-20191001-csv/2907#110846857>		"യുറാനസ്"@ml	
"Merkurij"@ttt	<https://panlex.org/snapshot/panlex-20191001-csv/2907#110845285>				<https://panlex.org/snapshot/panlex-20191001-csv/2907#110845079>		"ബുധൻ"@ml	
"Jupiter"@ttt	<https://panlex.org/snapshot/panlex-20191001-csv/2907#110846353>				<https://panlex.org/snapshot/panlex-20191001-csv/2907#110846542>		"വ്യാഴം"@ml	
"Venera"@ttt	<https://panlex.org/snapshot/panlex-20191001-csv/2907#110845338>				<https://panlex.org/snapshot/panlex-20191001-csv/2907#110845425>		"ശുക്രൻ"@ml	
"Oftoi"@ttt	<https://panlex.org/snapshot/panlex-20191001-csv/2907#110844933>				<https://panlex.org/snapshot/panlex-20191001-csv/2907#110845027>		"സൂര്യൻ"@ml	
"Эрида"@ttt	<https://panlex.org/snapshot/panlex-20191001-csv/2907#110847902>				<https://panlex.org/snapshot/panlex-20191001-csv/2907#110847945>		"ഈറിസ്"@ml	
"Ərida"@ttt	<https://panlex.org/snapshot/panlex-20191001-csv/2907#110847818>				<https://panlex.org/snapshot/panlex-20191001-csv/2907#110847945>		"ഈറിസ്"@ml	
"Xaumea"@ttt	<https://panlex.org/snapshot/panlex-20191001-csv/2907#110847585>				<https://panlex.org/snapshot/panlex-20191001-csv/2907#110847496>		"ഹൗമിയ"@ml	
"Saturn"@ttt	<https://panlex.org/snapshot/panlex-20191001-csv/2907#110846627>				<https://panlex.org/snapshot/panlex-20191001-csv/2907#110846625>		"ശനി"@ml	
"Юпитер"@ttt	<https://panlex.org/snapshot/panlex-20191001-csv/2907#110846416>				<https://panlex.org/snapshot/panlex-20191001-csv/2907#110846542>		"വ്യാഴം"@ml	
"Tserera"@ttt	<https://panlex.org/snapshot/panlex-20191001-csv/2907#110846248>				<https://panlex.org/snapshot/panlex-20191001-csv/2907#110846271>		"സീറീസ്"@ml	
"Марс"@ttt	<https://panlex.org/snapshot/panlex-20191001-csv/2907#110846038>				<https://panlex.org/snapshot/panlex-20191001-csv/2907#110846137>		"ചൊവ്വ"@ml	
"Zimi"@ttt	<https://panlex.org/snapshot/panlex-20191001-csv/2907#110845571>				<https://panlex.org/snapshot/panlex-20191001-csv/2907#110845542>		"ഭൂമി"@ml	
"Neptun"@ttt	<https://panlex.org/snapshot/panlex-20191001-csv/2907#110847130>				<https://panlex.org/snapshot/panlex-20191001-csv/2907#110847119>		"നെപ്റ്റ്യൂൺ"@ml	
"Офтои"@ttt	<https://panlex.org/snapshot/panlex-20191001-csv/2907#110845009>				<https://panlex.org/snapshot/panlex-20191001-csv/2907#110845027>		"സൂര്യൻ"@ml	
"Хаумеа"@ttt	<https://panlex.org/snapshot/panlex-20191001-csv/2907#110847462>				<https://panlex.org/snapshot/panlex-20191001-csv/2907#110847496>		"ഹൗമിയ"@ml	
"Мэнг"@ttt	<https://panlex.org/snapshot/panlex-20191001-csv/2907#110845924>				<https://panlex.org/snapshot/panlex-20191001-csv/2907#110845879>		"ചന്ദ്രൻ"@ml	
"Уран"@ttt	<https://panlex.org/snapshot/panlex-20191001-csv/2907#110846958>				<https://panlex.org/snapshot/panlex-20191001-csv/2907#110846857>		"യുറാനസ്"@ml	
"Нептун"@ttt	<https://panlex.org/snapshot/panlex-20191001-csv/2907#110847161>				<https://panlex.org/snapshot/panlex-20191001-csv/2907#110847119>		"നെപ്റ്റ്യൂൺ"@ml	
"Зими"@ttt	<https://panlex.org/snapshot/panlex-20191001-csv/2907#110845547>				<https://panlex.org/snapshot/panlex-20191001-csv/2907#110845542>		"ഭൂമി"@ml	
"Меркурий"@ttt	<https://panlex.org/snapshot/panlex-20191001-csv/2907#110845264>				<https://panlex.org/snapshot/panlex-20191001-csv/2907#110845079>		"ബുധൻ"@ml	
"jekşobot"@ttt	<https://panlex.org/snapshot/panlex-20191001-csv/2892#110826930>				<https://panlex.org/snapshot/panlex-20191001-csv/2892#110826801>		"ഞായർ"@ml	
"рузарнэ"@ttt	<https://panlex.org/snapshot/panlex-20191001-csv/2892#110825886>				<https://panlex.org/snapshot/panlex-20191001-csv/2892#110825729>		"വെള്ളി"@ml	
"səşobot"@ttt	<https://panlex.org/snapshot/panlex-20191001-csv/2892#110824582>				<https://panlex.org/snapshot/panlex-20191001-csv/2892#110824707>		"ചൊവ്വ"@ml	
"пэнжшобот"@ttt	<https://panlex.org/snapshot/panlex-20191001-csv/2892#110825307>				<https://panlex.org/snapshot/panlex-20191001-csv/2892#110825364>		"വ്യാഴം"@ml	
"pənçşobot"@ttt	<https://panlex.org/snapshot/panlex-20191001-csv/2892#110825663>				<https://panlex.org/snapshot/panlex-20191001-csv/2892#110825364>		"വ്യാഴം"@ml	
"сэшобот"@ttt	<https://panlex.org/snapshot/panlex-20191001-csv/2892#110824621>				<https://panlex.org/snapshot/panlex-20191001-csv/2892#110824707>		"ചൊവ്വ"@ml	
"dyşobot"@ttt	<https://panlex.org/snapshot/panlex-20191001-csv/2892#110824291>				<https://panlex.org/snapshot/panlex-20191001-csv/2892#110824399>		"തിങ്കൾ"@ml	
"чоршобот"@ttt	<https://panlex.org/snapshot/panlex-20191001-csv/2892#110825228>				<https://panlex.org/snapshot/panlex-20191001-csv/2892#110825066>		"ബുധൻ"@ml	
"corşobot"@ttt	<https://panlex.org/snapshot/panlex-20191001-csv/2892#110824966>				<https://panlex.org/snapshot/panlex-20191001-csv/2892#110825066>		"ബുധൻ"@ml	
"şobot"@ttt	<https://panlex.org/snapshot/panlex-20191001-csv/2892#110826364>				<https://panlex.org/snapshot/panlex-20191001-csv/2892#110826515>		"ശനി"@ml	
"ruzarnə"@ttt	<https://panlex.org/snapshot/panlex-20191001-csv/2892#110826099>				<https://panlex.org/snapshot/panlex-20191001-csv/2892#110825729>		"വെള്ളി"@ml	
"шобот"@ttt	<https://panlex.org/snapshot/panlex-20191001-csv/2892#110826168>				<https://panlex.org/snapshot/panlex-20191001-csv/2892#110826515>		"ശനി"@ml	
"дуьшобот"@ttt	<https://panlex.org/snapshot/panlex-20191001-csv/2892#110824349>				<https://panlex.org/snapshot/panlex-20191001-csv/2892#110824399>		"തിങ്കൾ"@ml	
"екшобот"@ttt	<https://panlex.org/snapshot/panlex-20191001-csv/2892#110826639>				<https://panlex.org/snapshot/panlex-20191001-csv/2892#110826801>		"ഞായർ"@ml	
"oktjabr"@ttt	<https://panlex.org/snapshot/panlex-20191001-csv/2897#110830807>				<https://panlex.org/snapshot/panlex-20191001-csv/2897#110830778>		"ഒക്ടോബർ"@ml	
"nojabr"@ttt	<https://panlex.org/snapshot/panlex-20191001-csv/2897#110831525>				<https://panlex.org/snapshot/panlex-20191001-csv/2897#110831223>		"നവംബർ"@ml	
"mart"@ttt	<https://panlex.org/snapshot/panlex-20191001-csv/2897#110828100>				<https://panlex.org/snapshot/panlex-20191001-csv/2897#110827999>		"മാര്‍ച്ച്"@ml	
"janvar"@ttt	<https://panlex.org/snapshot/panlex-20191001-csv/2897#110827054>				<https://panlex.org/snapshot/panlex-20191001-csv/2897#110827223>		"ജനുവരി"@ml	
"август"@ttt	<https://panlex.org/snapshot/panlex-20191001-csv/2897#110830209>				<https://panlex.org/snapshot/panlex-20191001-csv/2897#110830150>		"ആഗസ്റ്റ്"@ml	
"ijun"@ttt	<https://panlex.org/snapshot/panlex-20191001-csv/2897#110829277>				<https://panlex.org/snapshot/panlex-20191001-csv/2897#110829431>		"ജൂൺ"@ml	
"maj"@ttt	<https://panlex.org/snapshot/panlex-20191001-csv/2897#110828671>				<https://panlex.org/snapshot/panlex-20191001-csv/2897#110828681>		"മേയ്"@ml	
"март"@ttt	<https://panlex.org/snapshot/panlex-20191001-csv/2897#110827921>				<https://panlex.org/snapshot/panlex-20191001-csv/2897#110827999>		"മാര്‍ച്ച്"@ml	
"fevral"@ttt	<https://panlex.org/snapshot/panlex-20191001-csv/2897#110827488>				<https://panlex.org/snapshot/panlex-20191001-csv/2897#110827749>		"ഫെബ്രുവരി"@ml	
"aprel"@ttt	<https://panlex.org/snapshot/panlex-20191001-csv/2897#110828575>				<https://panlex.org/snapshot/panlex-20191001-csv/2897#110828587>		"ഏപ്രിൽ"@ml	
"апрель"@ttt	<https://panlex.org/snapshot/panlex-20191001-csv/2897#110828457>				<https://panlex.org/snapshot/panlex-20191001-csv/2897#110828587>		"ഏപ്രിൽ"@ml	
"ijul"@ttt	<https://panlex.org/snapshot/panlex-20191001-csv/2897#110829771>				<https://panlex.org/snapshot/panlex-20191001-csv/2897#110829590>		"ജൂലൈ"@ml	
"февраль"@ttt	<https://panlex.org/snapshot/panlex-20191001-csv/2897#110827618>				<https://panlex.org/snapshot/panlex-20191001-csv/2897#110827749>		"ഫെബ്രുവരി"@ml	
"sentjabr"@ttt	<https://panlex.org/snapshot/panlex-20191001-csv/2897#110830498>				<https://panlex.org/snapshot/panlex-20191001-csv/2897#110830434>		"സെപ്റ്റംബർ"@ml	
"dekabr"@ttt	<https://panlex.org/snapshot/panlex-20191001-csv/2897#110831704>				<https://panlex.org/snapshot/panlex-20191001-csv/2897#110831921>		"ഡിസംബർ"@ml	
"октябрь"@ttt	<https://panlex.org/snapshot/panlex-20191001-csv/2897#110830937>				<https://panlex.org/snapshot/panlex-20191001-csv/2897#110830778>		"ഒക്ടോബർ"@ml	
"avgust"@ttt	<https://panlex.org/snapshot/panlex-20191001-csv/2897#110829977>				<https://panlex.org/snapshot/panlex-20191001-csv/2897#110830150>		"ആഗസ്റ്റ്"@ml	
"декабрь"@ttt	<https://panlex.org/snapshot/panlex-20191001-csv/2897#110831694>				<https://panlex.org/snapshot/panlex-20191001-csv/2897#110831921>		"ഡിസംബർ"@ml	
"сентябрь"@ttt	<https://panlex.org/snapshot/panlex-20191001-csv/2897#110830525>				<https://panlex.org/snapshot/panlex-20191001-csv/2897#110830434>		"സെപ്റ്റംബർ"@ml	
"январь"@ttt	<https://panlex.org/snapshot/panlex-20191001-csv/2897#110827442>				<https://panlex.org/snapshot/panlex-20191001-csv/2897#110827223>		"ജനുവരി"@ml	
"июнь"@ttt	<https://panlex.org/snapshot/panlex-20191001-csv/2897#110829206>				<https://panlex.org/snapshot/panlex-20191001-csv/2897#110829431>		"ജൂൺ"@ml	
"ноябрь"@ttt	<https://panlex.org/snapshot/panlex-20191001-csv/2897#110831483>				<https://panlex.org/snapshot/panlex-20191001-csv/2897#110831223>		"നവംബർ"@ml	
"май"@ttt	<https://panlex.org/snapshot/panlex-20191001-csv/2897#110828805>				<https://panlex.org/snapshot/panlex-20191001-csv/2897#110828681>		"മേയ്"@ml	
"июль"@ttt	<https://panlex.org/snapshot/panlex-20191001-csv/2897#110829807>				<https://panlex.org/snapshot/panlex-20191001-csv/2897#110829590>		"ജൂലൈ"@ml	
