"талат зибу"@gdo	<https://panlex.org/snapshot/panlex-20191001-csv/2892#110824526>				<https://panlex.org/snapshot/panlex-20191001-csv/2892#110824659>		"e marta"@sq	
"базар зибу"@gdo	<https://panlex.org/snapshot/panlex-20191001-csv/2892#110826726>				<https://panlex.org/snapshot/panlex-20191001-csv/2892#110826998>		"e diela"@sq	
"гӏарбагӏ зибу"@gdo	<https://panlex.org/snapshot/panlex-20191001-csv/2892#110825203>				<https://panlex.org/snapshot/panlex-20191001-csv/2892#110824908>		"e mërkura"@sq	
"хамиз зибу"@gdo	<https://panlex.org/snapshot/panlex-20191001-csv/2892#110825298>				<https://panlex.org/snapshot/panlex-20191001-csv/2892#110825497>		"e enjtja"@sq	
"рузман зибу"@gdo	<https://panlex.org/snapshot/panlex-20191001-csv/2892#110825738>				<https://panlex.org/snapshot/panlex-20191001-csv/2892#110825813>		"e premtja"@sq	
"шамат зибу"@gdo	<https://panlex.org/snapshot/panlex-20191001-csv/2892#110826363>				<https://panlex.org/snapshot/panlex-20191001-csv/2892#110826559>		"e shtuna"@sq	
"итни зибу"@gdo	<https://panlex.org/snapshot/panlex-20191001-csv/2892#110824362>				<https://panlex.org/snapshot/panlex-20191001-csv/2892#110824096>		"e hëna"@sq	
