"darei"@mbq	<https://panlex.org/snapshot/panlex-20191001-csv/114#8054496>				<https://panlex.org/snapshot/panlex-20191001-csv/114#8054705>		"cal"@ttv	
"ku|mon"@mbq	<https://panlex.org/snapshot/panlex-20191001-csv/114#8062128>				<https://panlex.org/snapshot/panlex-20191001-csv/114#8062316>		"titile"@ttv	
"kava"@mbq	<https://panlex.org/snapshot/panlex-20191001-csv/114#8066763>				<https://panlex.org/snapshot/panlex-20191001-csv/114#8066995>		"poa"@ttv	
"andor"@mbq	<https://panlex.org/snapshot/panlex-20191001-csv/114#8057491>				<https://panlex.org/snapshot/panlex-20191001-csv/114#8057707>		"kulico"@ttv	
"gugu tii"@mbq	<https://panlex.org/snapshot/panlex-20191001-csv/114#8065294>				<https://panlex.org/snapshot/panlex-20191001-csv/114#8065520>		"mataŋusun"@ttv	
"kw|ayawa"@mbq	<https://panlex.org/snapshot/panlex-20191001-csv/114#8062622>				<https://panlex.org/snapshot/panlex-20191001-csv/114#8062827>		"no"@ttv	
"wosoi"@mbq	<https://panlex.org/snapshot/panlex-20191001-csv/114#8051896>				<https://panlex.org/snapshot/panlex-20191001-csv/114#8052130>		"lima"@ttv	
"ku|watavisi"@mbq	<https://panlex.org/snapshot/panlex-20191001-csv/114#8055498>				<https://panlex.org/snapshot/panlex-20191001-csv/114#8055705>		"mulie"@ttv	
"yain"@mbq	<https://panlex.org/snapshot/panlex-20191001-csv/114#8059553>				<https://panlex.org/snapshot/panlex-20191001-csv/114#8059748>		"diliwe"@ttv	
