"me"@mee	<https://panlex.org/snapshot/panlex-20191001-csv/12#851039>				<https://panlex.org/snapshot/panlex-20191001-csv/12#850934>		"taluhu"@gor	
"ruʼmena"@mee	<https://panlex.org/snapshot/panlex-20191001-csv/114#8058008>				<https://panlex.org/snapshot/panlex-20191001-csv/114#8057879>		"wuleya"@gor	
"paʼmau"@mee	<https://panlex.org/snapshot/panlex-20191001-csv/114#8054498>				<https://panlex.org/snapshot/panlex-20191001-csv/114#8054387>		"dalalo"@gor	
"kamanaeʼsoali"@mee	<https://panlex.org/snapshot/panlex-20191001-csv/114#8052409>				<https://panlex.org/snapshot/panlex-20191001-csv/114#8052293>		"ʔoloyihi"@gor	
"ʼgoeŋa"@mee	<https://panlex.org/snapshot/panlex-20191001-csv/114#8056002>				<https://panlex.org/snapshot/panlex-20191001-csv/114#8055870>		"mo-lolaŋi"@gor	
"kaʼmana"@mee	<https://panlex.org/snapshot/panlex-20191001-csv/114#8051899>				<https://panlex.org/snapshot/panlex-20191001-csv/114#8051753>		"ʔuluʔu"@gor	
"ʼsiuŋe"@mee	<https://panlex.org/snapshot/panlex-20191001-csv/114#8066250>				<https://panlex.org/snapshot/panlex-20191001-csv/114#8066120>		"mo-diilo"@gor	
"ʼmuku"@mee	<https://panlex.org/snapshot/panlex-20191001-csv/114#8056519>				<https://panlex.org/snapshot/panlex-20191001-csv/114#8056391>		"kootoro"@gor	
"maʼtau"@mee	<https://panlex.org/snapshot/panlex-20191001-csv/114#8062625>				<https://panlex.org/snapshot/panlex-20191001-csv/114#8062486>		"mo-ohe"@gor	
"paʼtuna"@mee	<https://panlex.org/snapshot/panlex-20191001-csv/114#8057495>				<https://panlex.org/snapshot/panlex-20191001-csv/114#8057365>		"ʔalipo"@gor	
"kamanepe"@mee	<https://panlex.org/snapshot/panlex-20191001-csv/114#8052874>				<https://panlex.org/snapshot/panlex-20191001-csv/114#8052761>		"ʔolowala"@gor	
"siŋina"@mee	<https://panlex.org/snapshot/panlex-20191001-csv/114#8061104>				<https://panlex.org/snapshot/panlex-20191001-csv/114#8060993>		"biŋguŋo"@gor	
"me"@mee	<https://panlex.org/snapshot/panlex-20191001-csv/11#787642>				<https://panlex.org/snapshot/panlex-20191001-csv/11#787571>		"taluhu"@gor	
