"me"@mee	<https://panlex.org/snapshot/panlex-20191001-csv/12#851039>				<https://panlex.org/snapshot/panlex-20191001-csv/12#851077>		"ebok"@na	
"ruʼmena"@mee	<https://panlex.org/snapshot/panlex-20191001-csv/114#8058008>				<https://panlex.org/snapshot/panlex-20191001-csv/114#8058059>		"erowin"@na	
"paʼmau"@mee	<https://panlex.org/snapshot/panlex-20191001-csv/114#8054498>				<https://panlex.org/snapshot/panlex-20191001-csv/114#8054549>		"eme|dena"@na	
"kamanaeʼsoali"@mee	<https://panlex.org/snapshot/panlex-20191001-csv/114#8052409>				<https://panlex.org/snapshot/panlex-20191001-csv/114#8052460>		"eda|mauw"@na	
"ʼgoeŋa"@mee	<https://panlex.org/snapshot/panlex-20191001-csv/114#8056002>				<https://panlex.org/snapshot/panlex-20191001-csv/114#8056059>		"åw"@na	
"kaʼmana"@mee	<https://panlex.org/snapshot/panlex-20191001-csv/114#8051899>				<https://panlex.org/snapshot/panlex-20191001-csv/114#8051957>		"reret ebe"@na	
"ʼsiuŋe"@mee	<https://panlex.org/snapshot/panlex-20191001-csv/114#8066250>				<https://panlex.org/snapshot/panlex-20191001-csv/114#8066305>		"waij bon"@na	
"ʼmuku"@mee	<https://panlex.org/snapshot/panlex-20191001-csv/114#8056519>				<https://panlex.org/snapshot/panlex-20191001-csv/114#8056566>		"ȯmwarere"@na	
"maʼtau"@mee	<https://panlex.org/snapshot/panlex-20191001-csv/114#8062625>				<https://panlex.org/snapshot/panlex-20191001-csv/114#8062680>		"miow"@na	
"paʼtuna"@mee	<https://panlex.org/snapshot/panlex-20191001-csv/114#8057495>				<https://panlex.org/snapshot/panlex-20191001-csv/114#8057551>		"witsin"@na	
"kamanepe"@mee	<https://panlex.org/snapshot/panlex-20191001-csv/114#8052874>				<https://panlex.org/snapshot/panlex-20191001-csv/114#8052924>		"eimwi"@na	
"siŋina"@mee	<https://panlex.org/snapshot/panlex-20191001-csv/114#8061104>				<https://panlex.org/snapshot/panlex-20191001-csv/114#8061155>		"onuquen"@na	
"me"@mee	<https://panlex.org/snapshot/panlex-20191001-csv/11#787642>				<https://panlex.org/snapshot/panlex-20191001-csv/11#787678>		"ebòk"@na	
