"ruʼmena"@mee	<https://panlex.org/snapshot/panlex-20191001-csv/114#8058008>				<https://panlex.org/snapshot/panlex-20191001-csv/114#8058208>		"vasendele"@tnx	
"paʼmau"@mee	<https://panlex.org/snapshot/panlex-20191001-csv/114#8054498>				<https://panlex.org/snapshot/panlex-20191001-csv/114#8054698>		"nene"@tnx	
"kamanaeʼsoali"@mee	<https://panlex.org/snapshot/panlex-20191001-csv/114#8052409>				<https://panlex.org/snapshot/panlex-20191001-csv/114#8052600>		"luola"@tnx	
"ʼmuku"@mee	<https://panlex.org/snapshot/panlex-20191001-csv/114#8056519>				<https://panlex.org/snapshot/panlex-20191001-csv/114#8056729>		"vatukura"@tnx	
"paʼtuna"@mee	<https://panlex.org/snapshot/panlex-20191001-csv/114#8057495>				<https://panlex.org/snapshot/panlex-20191001-csv/114#8057700>		"wele"@tnx	
"kamanepe"@mee	<https://panlex.org/snapshot/panlex-20191001-csv/114#8052874>				<https://panlex.org/snapshot/panlex-20191001-csv/114#8053057>		"lavela"@tnx	
