"ruʼmena"@mee	<https://panlex.org/snapshot/panlex-20191001-csv/114#8058008>				<https://panlex.org/snapshot/panlex-20191001-csv/114#8057790>		"m-uri"@aud	
"paʼmau"@mee	<https://panlex.org/snapshot/panlex-20191001-csv/114#8054498>				<https://panlex.org/snapshot/panlex-20191001-csv/114#8054291>		"ara"@aud	
"kamanaeʼsoali"@mee	<https://panlex.org/snapshot/panlex-20191001-csv/114#8052409>				<https://panlex.org/snapshot/panlex-20191001-csv/114#8052208>		"tema"@aud	
"ʼgoeŋa"@mee	<https://panlex.org/snapshot/panlex-20191001-csv/114#8056002>				<https://panlex.org/snapshot/panlex-20191001-csv/114#8055774>		"kakau"@aud	
"ʼgoeŋa"@mee	<https://panlex.org/snapshot/panlex-20191001-csv/114#8056002>				<https://panlex.org/snapshot/panlex-20191001-csv/114#8055773>		"ka/kau"@aud	
"kaʼmana"@mee	<https://panlex.org/snapshot/panlex-20191001-csv/114#8051899>				<https://panlex.org/snapshot/panlex-20191001-csv/114#8051645>		"nima"@aud	
"kaʼmana"@mee	<https://panlex.org/snapshot/panlex-20191001-csv/114#8051899>				<https://panlex.org/snapshot/panlex-20191001-csv/114#8051646>		"rima"@aud	
"ʼmuku"@mee	<https://panlex.org/snapshot/panlex-20191001-csv/114#8056519>				<https://panlex.org/snapshot/panlex-20191001-csv/114#8056300>		"parapara"@aud	
"maʼtau"@mee	<https://panlex.org/snapshot/panlex-20191001-csv/114#8062625>				<https://panlex.org/snapshot/panlex-20191001-csv/114#8062391>		"mataku"@aud	
"kamanepe"@mee	<https://panlex.org/snapshot/panlex-20191001-csv/114#8052874>				<https://panlex.org/snapshot/panlex-20191001-csv/114#8052678>		"tonu"@aud	
