"ngae"@nkr	<https://panlex.org/snapshot/panlex-20191001-csv/114#8064806>				<https://panlex.org/snapshot/panlex-20191001-csv/114#8064526>		"ʼbuhuk"@bkd	
"gelegele"@nkr	<https://panlex.org/snapshot/panlex-20191001-csv/114#8056581>				<https://panlex.org/snapshot/panlex-20191001-csv/114#8056322>		"daʼqɨt"@bkd	
"uhu"@nkr	<https://panlex.org/snapshot/panlex-20191001-csv/114#8065367>				<https://panlex.org/snapshot/panlex-20191001-csv/114#8065079>		"ʼqidung"@bkd	
"huli"@nkr	<https://panlex.org/snapshot/panlex-20191001-csv/114#8055559>				<https://panlex.org/snapshot/panlex-20191001-csv/114#8055302>		"ʼbiyu"@bkd	
"gada"@nkr	<https://panlex.org/snapshot/panlex-20191001-csv/114#8068450>				<https://panlex.org/snapshot/panlex-20191001-csv/114#8068167>		"paʼtawa"@bkd	
"biho"@nkr	<https://panlex.org/snapshot/panlex-20191001-csv/114#8063731>				<https://panlex.org/snapshot/panlex-20191001-csv/114#8063442>		"ʼqulu"@bkd	
"dua"@nkr	<https://panlex.org/snapshot/panlex-20191001-csv/114#8058071>				<https://panlex.org/snapshot/panlex-20191001-csv/114#8057806>		"taʼlikuʼdan"@bkd	
"bakau"@nkr	<https://panlex.org/snapshot/panlex-20191001-csv/114#8061167>				<https://panlex.org/snapshot/panlex-20191001-csv/114#8060923>		"ʼbɨlad"@bkd	
"masui"@nkr	<https://panlex.org/snapshot/panlex-20191001-csv/114#8052471>				<https://panlex.org/snapshot/panlex-20191001-csv/114#8052226>		"ʼgibang"@bkd	
"hage"@nkr	<https://panlex.org/snapshot/panlex-20191001-csv/114#8055558>				<https://panlex.org/snapshot/panlex-20191001-csv/114#8055302>		"ʼbiyu"@bkd	
"gili"@nkr	<https://panlex.org/snapshot/panlex-20191001-csv/114#8057561>				<https://panlex.org/snapshot/panlex-20191001-csv/114#8057287>		"ʼlanggit"@bkd	
