"vai"@nkr	<https://panlex.org/snapshot/panlex-20191001-csv/12#851083>				<https://panlex.org/snapshot/panlex-20191001-csv/12#851051>		"vai"@mmw	
"ngae"@nkr	<https://panlex.org/snapshot/panlex-20191001-csv/114#8064806>				<https://panlex.org/snapshot/panlex-20191001-csv/114#8064756>		"furu"@mmw	
"uhu"@nkr	<https://panlex.org/snapshot/panlex-20191001-csv/114#8065367>				<https://panlex.org/snapshot/panlex-20191001-csv/114#8065316>		"isu"@mmw	
"huli"@nkr	<https://panlex.org/snapshot/panlex-20191001-csv/114#8055559>				<https://panlex.org/snapshot/panlex-20191001-csv/114#8055516>		"fariu"@mmw	
"gada"@nkr	<https://panlex.org/snapshot/panlex-20191001-csv/114#8068450>				<https://panlex.org/snapshot/panlex-20191001-csv/114#8068401>		"kata"@mmw	
"biho"@nkr	<https://panlex.org/snapshot/panlex-20191001-csv/114#8063731>				<https://panlex.org/snapshot/panlex-20191001-csv/114#8063680>		"uru"@mmw	
"masui"@nkr	<https://panlex.org/snapshot/panlex-20191001-csv/114#8052471>				<https://panlex.org/snapshot/panlex-20191001-csv/114#8052426>		"sema"@mmw	
"hage"@nkr	<https://panlex.org/snapshot/panlex-20191001-csv/114#8055558>				<https://panlex.org/snapshot/panlex-20191001-csv/114#8055516>		"fariu"@mmw	
"gili"@nkr	<https://panlex.org/snapshot/panlex-20191001-csv/114#8057561>				<https://panlex.org/snapshot/panlex-20191001-csv/114#8057514>		"kiri"@mmw	
"vai"@nkr	<https://panlex.org/snapshot/panlex-20191001-csv/11#787683>				<https://panlex.org/snapshot/panlex-20191001-csv/11#787654>		"vai"@mmw	
