"Oktober"@vls	<https://panlex.org/snapshot/panlex-20191001-csv/5940#81285711>				<https://panlex.org/snapshot/panlex-20191001-csv/5940#81285665>		"Oktober"@lb	
"erte"@vls	<https://panlex.org/snapshot/panlex-20191001-csv/5940#81328458>				<https://panlex.org/snapshot/panlex-20191001-csv/5940#81328422>		"Häerz"@lb	
"Odin"@vls	<https://panlex.org/snapshot/panlex-20191001-csv/5940#81285873>				<https://panlex.org/snapshot/panlex-20191001-csv/5940#81285851>		"Odin"@lb	
"ogustus"@vls	<https://panlex.org/snapshot/panlex-20191001-csv/5939#80734678>				<https://panlex.org/snapshot/panlex-20191001-csv/5939#80734625>		"August"@lb	
"Duutsland"@vls	<https://panlex.org/snapshot/panlex-20191001-csv/5939#80782826>				<https://panlex.org/snapshot/panlex-20191001-csv/5939#80782742>		"Däitschland"@lb	
"Antwerpn"@vls	<https://panlex.org/snapshot/panlex-20191001-csv/5939#80723383>				<https://panlex.org/snapshot/panlex-20191001-csv/5939#80723346>		"Antwerpen"@lb	
"Rusland"@vls	<https://panlex.org/snapshot/panlex-20191001-csv/5949#85319633>				<https://panlex.org/snapshot/panlex-20191001-csv/5949#85319531>		"Russland"@lb	
"Finland"@vls	<https://panlex.org/snapshot/panlex-20191001-csv/5949#85323270>				<https://panlex.org/snapshot/panlex-20191001-csv/5949#85323212>		"Finnland"@lb	
"Berlyn"@vls	<https://panlex.org/snapshot/panlex-20191001-csv/5949#85302559>				<https://panlex.org/snapshot/panlex-20191001-csv/5949#85302479>		"Berlin"@lb	
"Luuk"@vls	<https://panlex.org/snapshot/panlex-20191001-csv/5949#85314869>				<https://panlex.org/snapshot/panlex-20191001-csv/5949#85314839>		"Léck"@lb	
"Turkeye"@vls	<https://panlex.org/snapshot/panlex-20191001-csv/5949#85322612>				<https://panlex.org/snapshot/panlex-20191001-csv/5949#85322550>		"Tierkei"@lb	
"Bybel"@vls	<https://panlex.org/snapshot/panlex-20191001-csv/5949#85302821>				<https://panlex.org/snapshot/panlex-20191001-csv/5949#85302732>		"Bibel"@lb	
"Australië"@vls	<https://panlex.org/snapshot/panlex-20191001-csv/5949#85298250>				<https://panlex.org/snapshot/panlex-20191001-csv/5949#85298176>		"Australien"@lb	
"Letland"@vls	<https://panlex.org/snapshot/panlex-20191001-csv/5949#85314400>				<https://panlex.org/snapshot/panlex-20191001-csv/5949#85314326>		"Lettland"@lb	
"zêe"@vls	<https://panlex.org/snapshot/panlex-20191001-csv/5942#83283288>				<https://panlex.org/snapshot/panlex-20191001-csv/5942#83283239>		"mier"@lb	
"Spoans"@vls	<https://panlex.org/snapshot/panlex-20191001-csv/405#13632139>				<https://panlex.org/snapshot/panlex-20191001-csv/405#13632095>		"Spuenesch"@lb	
"Algemêen Nederlands"@vls	<https://panlex.org/snapshot/panlex-20191001-csv/405#13623460>				<https://panlex.org/snapshot/panlex-20191001-csv/405#13623404>		"Esperanto"@lb	
"Marseille"@vls	<https://panlex.org/snapshot/panlex-20191001-csv/10#764865>				<https://panlex.org/snapshot/panlex-20191001-csv/10#764845>		"Marseille"@lb	
"Bulgarije"@vls	<https://panlex.org/snapshot/panlex-20191001-csv/10#671398>				<https://panlex.org/snapshot/panlex-20191001-csv/10#671348>		"Bulgarien"@lb	
"kyken-en-nyken"@vls	<https://panlex.org/snapshot/panlex-20191001-csv/5146#110888143>				<https://panlex.org/snapshot/panlex-20191001-csv/5146#110888153>		"Schaufenschterbummel"@lb	
"kuulteure van d’enterpryze"@vls	<https://panlex.org/snapshot/panlex-20191001-csv/5146#110887100>				<https://panlex.org/snapshot/panlex-20191001-csv/5146#110887110>		"Betriebskultur"@lb	
"pryssnoesteraere"@vls	<https://panlex.org/snapshot/panlex-20191001-csv/5146#110887388>				<https://panlex.org/snapshot/panlex-20191001-csv/5146#110887399>		"Entdecker"@lb	
"vrage"@vls	<https://panlex.org/snapshot/panlex-20191001-csv/5146#110887264>				<https://panlex.org/snapshot/panlex-20191001-csv/5146#110887278>		"Verlange"@lb	
"wel bedankt"@vls	<https://panlex.org/snapshot/panlex-20191001-csv/5146#110888526>				<https://panlex.org/snapshot/panlex-20191001-csv/5146#110888538>		"measi"@lb	
"stylkunste"@vls	<https://panlex.org/snapshot/panlex-20191001-csv/5146#110889433>				<https://panlex.org/snapshot/panlex-20191001-csv/5146#110889443>		"das Kinne"@lb	
"noodige dingen"@vls	<https://panlex.org/snapshot/panlex-20191001-csv/5146#110886218>				<https://panlex.org/snapshot/panlex-20191001-csv/5146#110886231>		"Bedürfnisse"@lb	
"verkoper"@vls	<https://panlex.org/snapshot/panlex-20191001-csv/5146#110889932>				<https://panlex.org/snapshot/panlex-20191001-csv/5146#110889943>		"Verkâfer"@lb	
"winkelwandelinge"@vls	<https://panlex.org/snapshot/panlex-20191001-csv/5146#110888144>				<https://panlex.org/snapshot/panlex-20191001-csv/5146#110888153>		"Schaufenschterbummel"@lb	
"fynenscheverwisselinge"@vls	<https://panlex.org/snapshot/panlex-20191001-csv/5146#110890065>				<https://panlex.org/snapshot/panlex-20191001-csv/5146#110890077>		"Minzetausch"@lb	
"kalantedienst"@vls	<https://panlex.org/snapshot/panlex-20191001-csv/5146#110889536>				<https://panlex.org/snapshot/panlex-20191001-csv/5146#110889545>		"Kunnebeziehung"@lb	
"Spin"@vls	<https://panlex.org/snapshot/panlex-20191001-csv/5146#110885779>				<https://panlex.org/snapshot/panlex-20191001-csv/5146#110885785>		"Netz"@lb	
"enterpryze"@vls	<https://panlex.org/snapshot/panlex-20191001-csv/5146#110887478>				<https://panlex.org/snapshot/panlex-20191001-csv/5146#110887491>		"Unnernehme"@lb	
"overeenkomste"@vls	<https://panlex.org/snapshot/panlex-20191001-csv/5146#110886849>				<https://panlex.org/snapshot/panlex-20191001-csv/5146#110886864>		"Vertrach"@lb	
"goendag"@vls	<https://panlex.org/snapshot/panlex-20191001-csv/5146#110886272>				<https://panlex.org/snapshot/panlex-20191001-csv/5146#110886282>		"Baachoua"@lb	
"lopen-en-eten"@vls	<https://panlex.org/snapshot/panlex-20191001-csv/5146#110889247>				<https://panlex.org/snapshot/panlex-20191001-csv/5146#110889260>		"Wuaststond"@lb	
"lopen-en-eten"@vls	<https://panlex.org/snapshot/panlex-20191001-csv/5146#110889247>				<https://panlex.org/snapshot/panlex-20191001-csv/5146#110889259>		"Schnellimbiss"@lb	
"toet laeter"@vls	<https://panlex.org/snapshot/panlex-20191001-csv/5146#110886129>				<https://panlex.org/snapshot/panlex-20191001-csv/5146#110886142>		"Adie"@lb	
"kopen-en-verkopen"@vls	<https://panlex.org/snapshot/panlex-20191001-csv/5146#110885924>				<https://panlex.org/snapshot/panlex-20191001-csv/5146#110885936>		"Geschäfte"@lb	
"roundzendinge"@vls	<https://panlex.org/snapshot/panlex-20191001-csv/5146#110889054>				<https://panlex.org/snapshot/panlex-20191001-csv/5146#110889064>		"Massesendung"@lb	
"kalant"@vls	<https://panlex.org/snapshot/panlex-20191001-csv/5146#110886529>				<https://panlex.org/snapshot/panlex-20191001-csv/5146#110886542>		"Kunne"@lb	
"gazetteboek"@vls	<https://panlex.org/snapshot/panlex-20191001-csv/5146#110886022>				<https://panlex.org/snapshot/panlex-20191001-csv/5146#110886027>		"Pressealbum"@lb	
"Net"@vls	<https://panlex.org/snapshot/panlex-20191001-csv/5146#110885778>				<https://panlex.org/snapshot/panlex-20191001-csv/5146#110885785>		"Netz"@lb	
"zelvedienst"@vls	<https://panlex.org/snapshot/panlex-20191001-csv/5146#110888053>				<https://panlex.org/snapshot/panlex-20191001-csv/5146#110888061>		"Selbschtbedienung"@lb	
"gereed geld"@vls	<https://panlex.org/snapshot/panlex-20191001-csv/5146#110886761>				<https://panlex.org/snapshot/panlex-20191001-csv/5146#110886775>		"bar"@lb	
"ding te kopen"@vls	<https://panlex.org/snapshot/panlex-20191001-csv/5146#110888996>				<https://panlex.org/snapshot/panlex-20191001-csv/5146#110889011>		"Produkt"@lb	
"ding te kopen"@vls	<https://panlex.org/snapshot/panlex-20191001-csv/5146#110888996>				<https://panlex.org/snapshot/panlex-20191001-csv/5146#110889010>		"War"@lb	
"ryen-en-kopen"@vls	<https://panlex.org/snapshot/panlex-20191001-csv/5146#110889471>				<https://panlex.org/snapshot/panlex-20191001-csv/5146#110889477>		"Autobedienung"@lb	
"verklappende bende"@vls	<https://panlex.org/snapshot/panlex-20191001-csv/5146#110887859>				<https://panlex.org/snapshot/panlex-20191001-csv/5146#110887870>		"Drukgruppe"@lb	
"overrezervaesje"@vls	<https://panlex.org/snapshot/panlex-20191001-csv/5146#110889612>				<https://panlex.org/snapshot/panlex-20191001-csv/5146#110889619>		"Iwerbuchung"@lb	
"topteknyke"@vls	<https://panlex.org/snapshot/panlex-20191001-csv/5146#110889649>				<https://panlex.org/snapshot/panlex-20191001-csv/5146#110889657>		"Spitzetechnik"@lb	
"winkelnest"@vls	<https://panlex.org/snapshot/panlex-20191001-csv/5146#110886392>				<https://panlex.org/snapshot/panlex-20191001-csv/5146#110886401>		"Supermarkt"@lb	
"zitten-en-gulpen"@vls	<https://panlex.org/snapshot/panlex-20191001-csv/5146#110889248>				<https://panlex.org/snapshot/panlex-20191001-csv/5146#110889260>		"Wuaststond"@lb	
"zitten-en-gulpen"@vls	<https://panlex.org/snapshot/panlex-20191001-csv/5146#110889248>				<https://panlex.org/snapshot/panlex-20191001-csv/5146#110889259>		"Schnellimbiss"@lb	
"koopman"@vls	<https://panlex.org/snapshot/panlex-20191001-csv/5146#110889931>				<https://panlex.org/snapshot/panlex-20191001-csv/5146#110889943>		"Verkâfer"@lb	
"pryssnuusteraere"@vls	<https://panlex.org/snapshot/panlex-20191001-csv/5146#110887389>				<https://panlex.org/snapshot/panlex-20191001-csv/5146#110887399>		"Entdecker"@lb	
"smerkot"@vls	<https://panlex.org/snapshot/panlex-20191001-csv/5146#110889249>				<https://panlex.org/snapshot/panlex-20191001-csv/5146#110889260>		"Wuaststond"@lb	
"smerkot"@vls	<https://panlex.org/snapshot/panlex-20191001-csv/5146#110889249>				<https://panlex.org/snapshot/panlex-20191001-csv/5146#110889259>		"Schnellimbiss"@lb	
"kopdienster"@vls	<https://panlex.org/snapshot/panlex-20191001-csv/5146#110885828>				<https://panlex.org/snapshot/panlex-20191001-csv/5146#110885842>		"Kâfer"@lb	
