"Oktober"@vls	<https://panlex.org/snapshot/panlex-20191001-csv/5940#81285711>				<https://panlex.org/snapshot/panlex-20191001-csv/5940#81285715>		"Oktober"@zsm	
"erte"@vls	<https://panlex.org/snapshot/panlex-20191001-csv/5940#81328458>				<https://panlex.org/snapshot/panlex-20191001-csv/5940#81328460>		"jantung"@zsm	
"keeper"@vls	<https://panlex.org/snapshot/panlex-20191001-csv/5940#81365466>				<https://panlex.org/snapshot/panlex-20191001-csv/5940#81365467>		"penjaga gol"@zsm	
"Thor"@vls	<https://panlex.org/snapshot/panlex-20191001-csv/5940#81280514>				<https://panlex.org/snapshot/panlex-20191001-csv/5940#81280515>		"Thor"@zsm	
"petat"@vls	<https://panlex.org/snapshot/panlex-20191001-csv/5940#81350783>				<https://panlex.org/snapshot/panlex-20191001-csv/5940#81350787>		"pokok kentang"@zsm	
"arbeider"@vls	<https://panlex.org/snapshot/panlex-20191001-csv/5939#80726172>				<https://panlex.org/snapshot/panlex-20191001-csv/5939#80726173>		"pekerja"@zsm	
"ogustus"@vls	<https://panlex.org/snapshot/panlex-20191001-csv/5939#80734678>				<https://panlex.org/snapshot/panlex-20191001-csv/5939#80734682>		"bulan Ogos"@zsm	
"werkman"@vls	<https://panlex.org/snapshot/panlex-20191001-csv/5939#80726171>				<https://panlex.org/snapshot/panlex-20191001-csv/5939#80726173>		"pekerja"@zsm	
"Duutsland"@vls	<https://panlex.org/snapshot/panlex-20191001-csv/5939#80782826>				<https://panlex.org/snapshot/panlex-20191001-csv/5939#80782831>		"Jerman"@zsm	
"Rusland"@vls	<https://panlex.org/snapshot/panlex-20191001-csv/5949#85319633>				<https://panlex.org/snapshot/panlex-20191001-csv/5949#85319646>		"Rusia"@zsm	
"Finland"@vls	<https://panlex.org/snapshot/panlex-20191001-csv/5949#85323270>				<https://panlex.org/snapshot/panlex-20191001-csv/5949#85323276>		"Finland"@zsm	
"Berlyn"@vls	<https://panlex.org/snapshot/panlex-20191001-csv/5949#85302559>				<https://panlex.org/snapshot/panlex-20191001-csv/5949#85302567>		"Berlin"@zsm	
"Luuk"@vls	<https://panlex.org/snapshot/panlex-20191001-csv/5949#85314869>				<https://panlex.org/snapshot/panlex-20191001-csv/5949#85314874>		"Liège"@zsm	
"Turkeye"@vls	<https://panlex.org/snapshot/panlex-20191001-csv/5949#85322612>				<https://panlex.org/snapshot/panlex-20191001-csv/5949#85322619>		"Turki"@zsm	
"Bybel"@vls	<https://panlex.org/snapshot/panlex-20191001-csv/5949#85302821>				<https://panlex.org/snapshot/panlex-20191001-csv/5949#85302831>		"Alkitab"@zsm	
"Australië"@vls	<https://panlex.org/snapshot/panlex-20191001-csv/5949#85298250>				<https://panlex.org/snapshot/panlex-20191001-csv/5949#85298257>		"Australia"@zsm	
"Letland"@vls	<https://panlex.org/snapshot/panlex-20191001-csv/5949#85314400>				<https://panlex.org/snapshot/panlex-20191001-csv/5949#85314409>		"Latvia"@zsm	
"zêe"@vls	<https://panlex.org/snapshot/panlex-20191001-csv/5942#83283288>				<https://panlex.org/snapshot/panlex-20191001-csv/5942#83283295>		"laut"@zsm	
"pH"@vls	<https://panlex.org/snapshot/panlex-20191001-csv/5942#83284031>				<https://panlex.org/snapshot/panlex-20191001-csv/5942#83284033>		"pH"@zsm	
"Spoans"@vls	<https://panlex.org/snapshot/panlex-20191001-csv/405#13632139>				<https://panlex.org/snapshot/panlex-20191001-csv/405#13632143>		"bahasa sepanyol"@zsm	
"Algemêen Nederlands"@vls	<https://panlex.org/snapshot/panlex-20191001-csv/405#13623460>				<https://panlex.org/snapshot/panlex-20191001-csv/405#13623462>		"bahasa belanda"@zsm	
"Germaansche toaln"@vls	<https://panlex.org/snapshot/panlex-20191001-csv/405#13624783>				<https://panlex.org/snapshot/panlex-20191001-csv/405#13624784>		"bahasa-bahasa jermanik"@zsm	
"Bulgarije"@vls	<https://panlex.org/snapshot/panlex-20191001-csv/10#671398>				<https://panlex.org/snapshot/panlex-20191001-csv/10#671403>		"Bulgaria"@zsm	
