"račani"@utp	<https://panlex.org/snapshot/panlex-20191001-csv/114#8059760>				<https://panlex.org/snapshot/panlex-20191001-csv/114#8059724>		"vulau"@tgc	
"mu"@utp	<https://panlex.org/snapshot/panlex-20191001-csv/114#8060831>				<https://panlex.org/snapshot/panlex-20191001-csv/114#8060784>		"sut"@tgc	
"nāŋgu"@utp	<https://panlex.org/snapshot/panlex-20191001-csv/114#8067561>				<https://panlex.org/snapshot/panlex-20191001-csv/114#8067522>		"ŋisa"@tgc	
"muyœ"@utp	<https://panlex.org/snapshot/panlex-20191001-csv/114#8052618>				<https://panlex.org/snapshot/panlex-20191001-csv/114#8052581>		"pal-kais"@tgc	
"nεmbenei"@utp	<https://panlex.org/snapshot/panlex-20191001-csv/114#8054717>				<https://panlex.org/snapshot/panlex-20191001-csv/114#8054678>		"salan"@tgc	
"mbaro"@utp	<https://panlex.org/snapshot/panlex-20191001-csv/114#8063899>				<https://panlex.org/snapshot/panlex-20191001-csv/114#8063854>		"patu"@tgc	
"mmenai"@utp	<https://panlex.org/snapshot/panlex-20191001-csv/114#8060248>				<https://panlex.org/snapshot/panlex-20191001-csv/114#8060208>		"i|at"@tgc	
