"račani"@utp	<https://panlex.org/snapshot/panlex-20191001-csv/114#8059760>				<https://panlex.org/snapshot/panlex-20191001-csv/114#8059647>		"wayaa ntaʔi"@pmf	
"mu"@utp	<https://panlex.org/snapshot/panlex-20191001-csv/114#8060831>				<https://panlex.org/snapshot/panlex-20191001-csv/114#8060680>		"susu"@pmf	
"nāŋgu"@utp	<https://panlex.org/snapshot/panlex-20191001-csv/114#8067561>				<https://panlex.org/snapshot/panlex-20191001-csv/114#8067426>		"ŋisi"@pmf	
"muyœ"@utp	<https://panlex.org/snapshot/panlex-20191001-csv/114#8052618>				<https://panlex.org/snapshot/panlex-20191001-csv/114#8052497>		"kaii"@pmf	
"nεmbenei"@utp	<https://panlex.org/snapshot/panlex-20191001-csv/114#8054717>				<https://panlex.org/snapshot/panlex-20191001-csv/114#8054592>		"jaya"@pmf	
"mbaro"@utp	<https://panlex.org/snapshot/panlex-20191001-csv/114#8063899>				<https://panlex.org/snapshot/panlex-20191001-csv/114#8063758>		"woʔo"@pmf	
"mmenai"@utp	<https://panlex.org/snapshot/panlex-20191001-csv/114#8060248>				<https://panlex.org/snapshot/panlex-20191001-csv/114#8060125>		"ate"@pmf	
