"Ureno"@kam	<https://panlex.org/snapshot/panlex-20191001-csv/6898#113628698>				<https://panlex.org/snapshot/panlex-20191001-csv/6898#113628595>		"Portugal"@nl	
"Yordani"@kam	<https://panlex.org/snapshot/panlex-20191001-csv/6898#113611732>				<https://panlex.org/snapshot/panlex-20191001-csv/6898#113611624>		"Jordanië"@nl	
"Ginebisau"@kam	<https://panlex.org/snapshot/panlex-20191001-csv/6898#113616687>				<https://panlex.org/snapshot/panlex-20191001-csv/6898#113616553>		"Guinee-Bissau"@nl	
"Visiwa vya Virgin vya Uingereza"@kam	<https://panlex.org/snapshot/panlex-20191001-csv/6898#113590499>				<https://panlex.org/snapshot/panlex-20191001-csv/6898#113590439>		"Britse Maagdeneilanden"@nl	
"Timori ya Mashariki"@kam	<https://panlex.org/snapshot/panlex-20191001-csv/6898#113632562>				<https://panlex.org/snapshot/panlex-20191001-csv/6898#113632669>		"Oost-Timor"@nl	
"Isiwa sya Kayman"@kam	<https://panlex.org/snapshot/panlex-20191001-csv/6898#113630041>				<https://panlex.org/snapshot/panlex-20191001-csv/6898#113630068>		"Kaaimaneilanden"@nl	
"Yemeni"@kam	<https://panlex.org/snapshot/panlex-20191001-csv/6898#113593590>				<https://panlex.org/snapshot/panlex-20191001-csv/6898#113593535>		"Jemen"@nl	
"Jojia"@kam	<https://panlex.org/snapshot/panlex-20191001-csv/6898#113635210>				<https://panlex.org/snapshot/panlex-20191001-csv/6898#113635201>		"Georgië"@nl	
"Santalusia"@kam	<https://panlex.org/snapshot/panlex-20191001-csv/6898#113621860>				<https://panlex.org/snapshot/panlex-20191001-csv/6898#113621971>		"Saint Lucia"@nl	
"Nepali"@kam	<https://panlex.org/snapshot/panlex-20191001-csv/6898#113584128>				<https://panlex.org/snapshot/panlex-20191001-csv/6898#113584177>		"Nepal"@nl	
"Moritania"@kam	<https://panlex.org/snapshot/panlex-20191001-csv/6898#113636362>				<https://panlex.org/snapshot/panlex-20191001-csv/6898#113636453>		"Mauritanië"@nl	
"Isiwa sya Cook"@kam	<https://panlex.org/snapshot/panlex-20191001-csv/6898#113638441>				<https://panlex.org/snapshot/panlex-20191001-csv/6898#113638418>		"Cookeilanden"@nl	
"Lebanoni"@kam	<https://panlex.org/snapshot/panlex-20191001-csv/6898#113585436>				<https://panlex.org/snapshot/panlex-20191001-csv/6898#113585513>		"Libanon"@nl	
"Brazili"@kam	<https://panlex.org/snapshot/panlex-20191001-csv/6898#113645305>				<https://panlex.org/snapshot/panlex-20191001-csv/6898#113645209>		"Brazilië"@nl	
"Tunisia"@kam	<https://panlex.org/snapshot/panlex-20191001-csv/6898#113606547>				<https://panlex.org/snapshot/panlex-20191001-csv/6898#113606545>		"Tunesië"@nl	
"Korea Kusini"@kam	<https://panlex.org/snapshot/panlex-20191001-csv/6898#113638746>				<https://panlex.org/snapshot/panlex-20191001-csv/6898#113638754>		"Zuid-Korea"@nl	
"Nzambia"@kam	<https://panlex.org/snapshot/panlex-20191001-csv/6898#113617488>				<https://panlex.org/snapshot/panlex-20191001-csv/6898#113617448>		"Zambia"@nl	
"Moldova"@kam	<https://panlex.org/snapshot/panlex-20191001-csv/6898#113633230>				<https://panlex.org/snapshot/panlex-20191001-csv/6898#113633355>		"Moldavië"@nl	
"Tajikistani"@kam	<https://panlex.org/snapshot/panlex-20191001-csv/6898#113590128>				<https://panlex.org/snapshot/panlex-20191001-csv/6898#113590215>		"Tadzjikistan"@nl	
"Montserrati"@kam	<https://panlex.org/snapshot/panlex-20191001-csv/6898#113618406>				<https://panlex.org/snapshot/panlex-20191001-csv/6898#113618410>		"Montserrat"@nl	
"Visiwa vya Turki na Kaiko"@kam	<https://panlex.org/snapshot/panlex-20191001-csv/6898#113588563>				<https://panlex.org/snapshot/panlex-20191001-csv/6898#113588670>		"Turks- en Caicoseilanden"@nl	
"Bangladeshi"@kam	<https://panlex.org/snapshot/panlex-20191001-csv/6898#113632276>				<https://panlex.org/snapshot/panlex-20191001-csv/6898#113632251>		"Bangladesh"@nl	
"Korea Kaskazini"@kam	<https://panlex.org/snapshot/panlex-20191001-csv/6898#113598783>				<https://panlex.org/snapshot/panlex-20191001-csv/6898#113598954>		"Noord-Korea"@nl	
"Tailandi"@kam	<https://panlex.org/snapshot/panlex-20191001-csv/6898#113603650>				<https://panlex.org/snapshot/panlex-20191001-csv/6898#113603708>		"Thailand"@nl	
"Belarusi"@kam	<https://panlex.org/snapshot/panlex-20191001-csv/6898#113592152>				<https://panlex.org/snapshot/panlex-20191001-csv/6898#113592239>		"Belarus"@nl	
"Dominika"@kam	<https://panlex.org/snapshot/panlex-20191001-csv/6898#113599759>				<https://panlex.org/snapshot/panlex-20191001-csv/6898#113599714>		"Dominica"@nl	
"Gwatemala"@kam	<https://panlex.org/snapshot/panlex-20191001-csv/6898#113600397>				<https://panlex.org/snapshot/panlex-20191001-csv/6898#113600376>		"Guatemala"@nl	
"Kuwaiti"@kam	<https://panlex.org/snapshot/panlex-20191001-csv/6898#113605830>				<https://panlex.org/snapshot/panlex-20191001-csv/6898#113605888>		"Koeweit"@nl	
"Uswisi"@kam	<https://panlex.org/snapshot/panlex-20191001-csv/6898#113612910>				<https://panlex.org/snapshot/panlex-20191001-csv/6898#113612947>		"Zwitserland"@nl	
"Denmaki"@kam	<https://panlex.org/snapshot/panlex-20191001-csv/6898#113629473>				<https://panlex.org/snapshot/panlex-20191001-csv/6898#113629513>		"Denemarken"@nl	
"Martiniki"@kam	<https://panlex.org/snapshot/panlex-20191001-csv/6898#113586060>				<https://panlex.org/snapshot/panlex-20191001-csv/6898#113586012>		"Martinique"@nl	
"Bolivia"@kam	<https://panlex.org/snapshot/panlex-20191001-csv/6898#113609611>				<https://panlex.org/snapshot/panlex-20191001-csv/6898#113609666>		"Bolivia"@nl	
"Mikronesia"@kam	<https://panlex.org/snapshot/panlex-20191001-csv/6898#113597257>				<https://panlex.org/snapshot/panlex-20191001-csv/6898#113597309>		"Micronesia"@nl	
"Uingereza"@kam	<https://panlex.org/snapshot/panlex-20191001-csv/6898#113592389>				<https://panlex.org/snapshot/panlex-20191001-csv/6898#113592577>		"VK"@nl	
"Uingereza"@kam	<https://panlex.org/snapshot/panlex-20191001-csv/6898#113592389>				<https://panlex.org/snapshot/panlex-20191001-csv/6898#113592586>		"Verenigd Koninkrijk"@nl	
"Morisi"@kam	<https://panlex.org/snapshot/panlex-20191001-csv/6898#113611405>				<https://panlex.org/snapshot/panlex-20191001-csv/6898#113611451>		"Mauritius"@nl	
"Gambia"@kam	<https://panlex.org/snapshot/panlex-20191001-csv/6898#113631258>				<https://panlex.org/snapshot/panlex-20191001-csv/6898#113631296>		"Gambia"@nl	
"Mali"@kam	<https://panlex.org/snapshot/panlex-20191001-csv/6898#113615105>				<https://panlex.org/snapshot/panlex-20191001-csv/6898#113615030>		"Mali"@nl	
"Trinidad na Tobago"@kam	<https://panlex.org/snapshot/panlex-20191001-csv/6898#113640148>				<https://panlex.org/snapshot/panlex-20191001-csv/6898#113640137>		"Trinidad en Tobago"@nl	
"Uswidi"@kam	<https://panlex.org/snapshot/panlex-20191001-csv/6898#113639807>				<https://panlex.org/snapshot/panlex-20191001-csv/6898#113639862>		"Zweden"@nl	
"Malawi"@kam	<https://panlex.org/snapshot/panlex-20191001-csv/6898#113583858>				<https://panlex.org/snapshot/panlex-20191001-csv/6898#113583910>		"Malawi"@nl	
"Kongo"@kam	<https://panlex.org/snapshot/panlex-20191001-csv/6898#113599173>				<https://panlex.org/snapshot/panlex-20191001-csv/6898#113599170>		"Congo-Brazzaville"@nl	
"Kongo"@kam	<https://panlex.org/snapshot/panlex-20191001-csv/6898#113599173>				<https://panlex.org/snapshot/panlex-20191001-csv/6898#113599135>		"Congo (Republiek)"@nl	
"Uvalanza"@kam	<https://panlex.org/snapshot/panlex-20191001-csv/6898#113617962>				<https://panlex.org/snapshot/panlex-20191001-csv/6898#113617992>		"Frankrijk"@nl	
"Urugwai"@kam	<https://panlex.org/snapshot/panlex-20191001-csv/6898#113623464>				<https://panlex.org/snapshot/panlex-20191001-csv/6898#113623427>		"Uruguay"@nl	
"Tanzania"@kam	<https://panlex.org/snapshot/panlex-20191001-csv/6898#113627844>				<https://panlex.org/snapshot/panlex-20191001-csv/6898#113627813>		"Tanzania"@nl	
"Ukanda"@kam	<https://panlex.org/snapshot/panlex-20191001-csv/6898#113638016>				<https://panlex.org/snapshot/panlex-20191001-csv/6898#113637941>		"Oeganda"@nl	
"Fiji"@kam	<https://panlex.org/snapshot/panlex-20191001-csv/6898#113629985>				<https://panlex.org/snapshot/panlex-20191001-csv/6898#113629992>		"Fiji"@nl	
"Polandi"@kam	<https://panlex.org/snapshot/panlex-20191001-csv/6898#113642746>				<https://panlex.org/snapshot/panlex-20191001-csv/6898#113642696>		"Polen"@nl	
"Afrika Kusini"@kam	<https://panlex.org/snapshot/panlex-20191001-csv/6898#113613519>				<https://panlex.org/snapshot/panlex-20191001-csv/6898#113613692>		"Zuid-Afrika"@nl	
"Bahareni"@kam	<https://panlex.org/snapshot/panlex-20191001-csv/6898#113596031>				<https://panlex.org/snapshot/panlex-20191001-csv/6898#113596070>		"Bahrein"@nl	
"Santakitzi na Nevis"@kam	<https://panlex.org/snapshot/panlex-20191001-csv/6898#113634325>				<https://panlex.org/snapshot/panlex-20191001-csv/6898#113634321>		"Saint Kitts en Nevis"@nl	
"Komoro"@kam	<https://panlex.org/snapshot/panlex-20191001-csv/6898#113627046>				<https://panlex.org/snapshot/panlex-20191001-csv/6898#113626922>		"Comoren"@nl	
"Hungaria"@kam	<https://panlex.org/snapshot/panlex-20191001-csv/6898#113625130>				<https://panlex.org/snapshot/panlex-20191001-csv/6898#113625003>		"Hongarije"@nl	
"Vanuatu"@kam	<https://panlex.org/snapshot/panlex-20191001-csv/6898#113629076>				<https://panlex.org/snapshot/panlex-20191001-csv/6898#113628916>		"Vanuatu"@nl	
"Chile"@kam	<https://panlex.org/snapshot/panlex-20191001-csv/6898#113624780>				<https://panlex.org/snapshot/panlex-20191001-csv/6898#113624730>		"Chili"@nl	
"Somalia"@kam	<https://panlex.org/snapshot/panlex-20191001-csv/6898#113608386>				<https://panlex.org/snapshot/panlex-20191001-csv/6898#113608481>		"Somalië"@nl	
"Urusi"@kam	<https://panlex.org/snapshot/panlex-20191001-csv/6898#113645901>				<https://panlex.org/snapshot/panlex-20191001-csv/6898#113645868>		"Rusland"@nl	
"Nijeria"@kam	<https://panlex.org/snapshot/panlex-20191001-csv/6898#113624031>				<https://panlex.org/snapshot/panlex-20191001-csv/6898#113624054>		"Nigeria"@nl	
"Austria"@kam	<https://panlex.org/snapshot/panlex-20191001-csv/6898#113616304>				<https://panlex.org/snapshot/panlex-20191001-csv/6898#113616213>		"Oostenrijk"@nl	
"Omani"@kam	<https://panlex.org/snapshot/panlex-20191001-csv/6898#113622647>				<https://panlex.org/snapshot/panlex-20191001-csv/6898#113622582>		"Oman"@nl	
"Azabajani"@kam	<https://panlex.org/snapshot/panlex-20191001-csv/5949#85298470>				<https://panlex.org/snapshot/panlex-20191001-csv/5949#85298506>		"Azerbeidzjan"@nl	
"Ngai"@kam	<https://panlex.org/snapshot/panlex-20191001-csv/5949#85303043>				<https://panlex.org/snapshot/panlex-20191001-csv/5949#85303080>		"God"@nl	
