"Ureno"@kam	<https://panlex.org/snapshot/panlex-20191001-csv/6898#113628698>				<https://panlex.org/snapshot/panlex-20191001-csv/6898#113628666>		"Portugála"@se	
"Yordani"@kam	<https://panlex.org/snapshot/panlex-20191001-csv/6898#113611732>				<https://panlex.org/snapshot/panlex-20191001-csv/6898#113611673>		"Jordánia"@se	
"Ginebisau"@kam	<https://panlex.org/snapshot/panlex-20191001-csv/6898#113616687>				<https://panlex.org/snapshot/panlex-20191001-csv/6898#113616701>		"Guinea-Bissau"@se	
"Visiwa vya Virgin vya Uingereza"@kam	<https://panlex.org/snapshot/panlex-20191001-csv/6898#113590499>				<https://panlex.org/snapshot/panlex-20191001-csv/6898#113590553>		"Brittania Virgin-sullot"@se	
"Timori ya Mashariki"@kam	<https://panlex.org/snapshot/panlex-20191001-csv/6898#113632562>				<https://panlex.org/snapshot/panlex-20191001-csv/6898#113632579>		"Nuorta-Timor"@se	
"Isiwa sya Kayman"@kam	<https://panlex.org/snapshot/panlex-20191001-csv/6898#113630041>				<https://panlex.org/snapshot/panlex-20191001-csv/6898#113630106>		"Cayman-sullot"@se	
"Yemeni"@kam	<https://panlex.org/snapshot/panlex-20191001-csv/6898#113593590>				<https://panlex.org/snapshot/panlex-20191001-csv/6898#113593488>		"Jemen"@se	
"Jojia"@kam	<https://panlex.org/snapshot/panlex-20191001-csv/6898#113635210>				<https://panlex.org/snapshot/panlex-20191001-csv/6898#113635086>		"Georgia"@se	
"Santalusia"@kam	<https://panlex.org/snapshot/panlex-20191001-csv/6898#113621860>				<https://panlex.org/snapshot/panlex-20191001-csv/6898#113621865>		"Saint Lucia"@se	
"Nepali"@kam	<https://panlex.org/snapshot/panlex-20191001-csv/6898#113584128>				<https://panlex.org/snapshot/panlex-20191001-csv/6898#113584218>		"Nepal"@se	
"Moritania"@kam	<https://panlex.org/snapshot/panlex-20191001-csv/6898#113636362>				<https://panlex.org/snapshot/panlex-20191001-csv/6898#113636351>		"Mauretánia"@se	
"Isiwa sya Cook"@kam	<https://panlex.org/snapshot/panlex-20191001-csv/6898#113638441>				<https://panlex.org/snapshot/panlex-20191001-csv/6898#113638379>		"Cook-sullot"@se	
"Lebanoni"@kam	<https://panlex.org/snapshot/panlex-20191001-csv/6898#113585436>				<https://panlex.org/snapshot/panlex-20191001-csv/6898#113585505>		"Libanon"@se	
"Brazili"@kam	<https://panlex.org/snapshot/panlex-20191001-csv/6898#113645305>				<https://panlex.org/snapshot/panlex-20191001-csv/6898#113645338>		"Brasil"@se	
"Tunisia"@kam	<https://panlex.org/snapshot/panlex-20191001-csv/6898#113606547>				<https://panlex.org/snapshot/panlex-20191001-csv/6898#113606531>		"Tunisia"@se	
"Korea Kusini"@kam	<https://panlex.org/snapshot/panlex-20191001-csv/6898#113638746>				<https://panlex.org/snapshot/panlex-20191001-csv/6898#113638909>		"Mátta-Korea"@se	
"Nzambia"@kam	<https://panlex.org/snapshot/panlex-20191001-csv/6898#113617488>				<https://panlex.org/snapshot/panlex-20191001-csv/6898#113617423>		"Zambia"@se	
"Moldova"@kam	<https://panlex.org/snapshot/panlex-20191001-csv/6898#113633230>				<https://panlex.org/snapshot/panlex-20191001-csv/6898#113633397>		"Moldávia"@se	
"Tajikistani"@kam	<https://panlex.org/snapshot/panlex-20191001-csv/6898#113590128>				<https://panlex.org/snapshot/panlex-20191001-csv/6898#113590250>		"Tažikistan"@se	
"Montserrati"@kam	<https://panlex.org/snapshot/panlex-20191001-csv/6898#113618406>				<https://panlex.org/snapshot/panlex-20191001-csv/6898#113618321>		"Montserrat"@se	
"Visiwa vya Turki na Kaiko"@kam	<https://panlex.org/snapshot/panlex-20191001-csv/6898#113588563>				<https://panlex.org/snapshot/panlex-20191001-csv/6898#113588752>		"Turks ja Caicos-sullot"@se	
"Bangladeshi"@kam	<https://panlex.org/snapshot/panlex-20191001-csv/6898#113632276>				<https://panlex.org/snapshot/panlex-20191001-csv/6898#113632187>		"Bangladesh"@se	
"Korea Kaskazini"@kam	<https://panlex.org/snapshot/panlex-20191001-csv/6898#113598783>				<https://panlex.org/snapshot/panlex-20191001-csv/6898#113598946>		"Davvi-Korea"@se	
"Tailandi"@kam	<https://panlex.org/snapshot/panlex-20191001-csv/6898#113603650>				<https://panlex.org/snapshot/panlex-20191001-csv/6898#113603724>		"Thaieana"@se	
"Belarusi"@kam	<https://panlex.org/snapshot/panlex-20191001-csv/6898#113592152>				<https://panlex.org/snapshot/panlex-20191001-csv/6898#113592170>		"Vilges-Ruošša"@se	
"Dominika"@kam	<https://panlex.org/snapshot/panlex-20191001-csv/6898#113599759>				<https://panlex.org/snapshot/panlex-20191001-csv/6898#113599741>		"Dominica"@se	
"Gwatemala"@kam	<https://panlex.org/snapshot/panlex-20191001-csv/6898#113600397>				<https://panlex.org/snapshot/panlex-20191001-csv/6898#113600371>		"Guatemala"@se	
"Kuwaiti"@kam	<https://panlex.org/snapshot/panlex-20191001-csv/6898#113605830>				<https://panlex.org/snapshot/panlex-20191001-csv/6898#113605899>		"Kuwait"@se	
"Uswisi"@kam	<https://panlex.org/snapshot/panlex-20191001-csv/6898#113612910>				<https://panlex.org/snapshot/panlex-20191001-csv/6898#113612866>		"Šveica"@se	
"Denmaki"@kam	<https://panlex.org/snapshot/panlex-20191001-csv/6898#113629473>				<https://panlex.org/snapshot/panlex-20191001-csv/6898#113629605>		"Dánmárku"@se	
"Martiniki"@kam	<https://panlex.org/snapshot/panlex-20191001-csv/6898#113586060>				<https://panlex.org/snapshot/panlex-20191001-csv/6898#113586038>		"Martinique"@se	
"Bolivia"@kam	<https://panlex.org/snapshot/panlex-20191001-csv/6898#113609611>				<https://panlex.org/snapshot/panlex-20191001-csv/6898#113609686>		"Bolivia"@se	
"Mikronesia"@kam	<https://panlex.org/snapshot/panlex-20191001-csv/6898#113597257>				<https://panlex.org/snapshot/panlex-20191001-csv/6898#113597179>		"Mikronesia"@se	
"Uingereza"@kam	<https://panlex.org/snapshot/panlex-20191001-csv/6898#113592389>				<https://panlex.org/snapshot/panlex-20191001-csv/6898#113592561>		"Stuorra-Británnia"@se	
"Morisi"@kam	<https://panlex.org/snapshot/panlex-20191001-csv/6898#113611405>				<https://panlex.org/snapshot/panlex-20191001-csv/6898#113611454>		"Mauritius"@se	
"Gambia"@kam	<https://panlex.org/snapshot/panlex-20191001-csv/6898#113631258>				<https://panlex.org/snapshot/panlex-20191001-csv/6898#113631376>		"Gámbia"@se	
"Mali"@kam	<https://panlex.org/snapshot/panlex-20191001-csv/6898#113615105>				<https://panlex.org/snapshot/panlex-20191001-csv/6898#113615062>		"Mali"@se	
"Trinidad na Tobago"@kam	<https://panlex.org/snapshot/panlex-20191001-csv/6898#113640148>				<https://panlex.org/snapshot/panlex-20191001-csv/6898#113640170>		"Trinidad ja Tobago"@se	
"Uswidi"@kam	<https://panlex.org/snapshot/panlex-20191001-csv/6898#113639807>				<https://panlex.org/snapshot/panlex-20191001-csv/6898#113639883>		"Ruoŧŧa"@se	
"Malawi"@kam	<https://panlex.org/snapshot/panlex-20191001-csv/6898#113583858>				<https://panlex.org/snapshot/panlex-20191001-csv/6898#113583960>		"Malawi"@se	
"Kongo"@kam	<https://panlex.org/snapshot/panlex-20191001-csv/6898#113599173>				<https://panlex.org/snapshot/panlex-20191001-csv/6898#113599265>		"Kongo-Brazzaville"@se	
"Uvalanza"@kam	<https://panlex.org/snapshot/panlex-20191001-csv/6898#113617962>				<https://panlex.org/snapshot/panlex-20191001-csv/6898#113617926>		"Frankriika"@se	
"Urugwai"@kam	<https://panlex.org/snapshot/panlex-20191001-csv/6898#113623464>				<https://panlex.org/snapshot/panlex-20191001-csv/6898#113623496>		"Uruguay"@se	
"Tanzania"@kam	<https://panlex.org/snapshot/panlex-20191001-csv/6898#113627844>				<https://panlex.org/snapshot/panlex-20191001-csv/6898#113627712>		"Tanzánia"@se	
"Ukanda"@kam	<https://panlex.org/snapshot/panlex-20191001-csv/6898#113638016>				<https://panlex.org/snapshot/panlex-20191001-csv/6898#113638009>		"Uganda"@se	
"Fiji"@kam	<https://panlex.org/snapshot/panlex-20191001-csv/6898#113629985>				<https://panlex.org/snapshot/panlex-20191001-csv/6898#113629978>		"Fijisullot"@se	
"Polandi"@kam	<https://panlex.org/snapshot/panlex-20191001-csv/6898#113642746>				<https://panlex.org/snapshot/panlex-20191001-csv/6898#113642655>		"Polen"@se	
"Afrika Kusini"@kam	<https://panlex.org/snapshot/panlex-20191001-csv/6898#113613519>				<https://panlex.org/snapshot/panlex-20191001-csv/6898#113613613>		"Mátta-Afrihká"@se	
"Bahareni"@kam	<https://panlex.org/snapshot/panlex-20191001-csv/6898#113596031>				<https://panlex.org/snapshot/panlex-20191001-csv/6898#113596158>		"Bahrain"@se	
"Santakitzi na Nevis"@kam	<https://panlex.org/snapshot/panlex-20191001-csv/6898#113634325>				<https://panlex.org/snapshot/panlex-20191001-csv/6898#113634276>		"Saint Kitts ja Nevis"@se	
"Komoro"@kam	<https://panlex.org/snapshot/panlex-20191001-csv/6898#113627046>				<https://panlex.org/snapshot/panlex-20191001-csv/6898#113626999>		"Komoros"@se	
"Hungaria"@kam	<https://panlex.org/snapshot/panlex-20191001-csv/6898#113625130>				<https://panlex.org/snapshot/panlex-20191001-csv/6898#113625125>		"Ungár"@se	
"Vanuatu"@kam	<https://panlex.org/snapshot/panlex-20191001-csv/6898#113629076>				<https://panlex.org/snapshot/panlex-20191001-csv/6898#113628965>		"Vanuatu"@se	
"Chile"@kam	<https://panlex.org/snapshot/panlex-20191001-csv/6898#113624780>				<https://panlex.org/snapshot/panlex-20191001-csv/6898#113624719>		"Čiile"@se	
"Somalia"@kam	<https://panlex.org/snapshot/panlex-20191001-csv/6898#113608386>				<https://panlex.org/snapshot/panlex-20191001-csv/6898#113608514>		"Somália"@se	
"Urusi"@kam	<https://panlex.org/snapshot/panlex-20191001-csv/6898#113645901>				<https://panlex.org/snapshot/panlex-20191001-csv/6898#113645985>		"Ruošša"@se	
"Nijeria"@kam	<https://panlex.org/snapshot/panlex-20191001-csv/6898#113624031>				<https://panlex.org/snapshot/panlex-20191001-csv/6898#113624063>		"Nigeria"@se	
"Austria"@kam	<https://panlex.org/snapshot/panlex-20191001-csv/6898#113616304>				<https://panlex.org/snapshot/panlex-20191001-csv/6898#113616269>		"Nuortariika"@se	
"Omani"@kam	<https://panlex.org/snapshot/panlex-20191001-csv/6898#113622647>				<https://panlex.org/snapshot/panlex-20191001-csv/6898#113622629>		"Oman"@se	
"Azabajani"@kam	<https://panlex.org/snapshot/panlex-20191001-csv/5949#85298470>				<https://panlex.org/snapshot/panlex-20191001-csv/5949#85298523>		"Aserbaižan"@se	
"Ngai"@kam	<https://panlex.org/snapshot/panlex-20191001-csv/5949#85303043>				<https://panlex.org/snapshot/panlex-20191001-csv/5949#85303124>		"Ipmil"@se	
