"nalagʼtan (laʼgʌt)"@blw	<https://panlex.org/snapshot/panlex-20191001-csv/114#8056323>				<https://panlex.org/snapshot/panlex-20191001-csv/114#8056480>		"muŋ"@lcm	
"nalagʼtan (laʼgʌt)"@blw	<https://panlex.org/snapshot/panlex-20191001-csv/114#8056323>				<https://panlex.org/snapshot/panlex-20191001-csv/114#8056481>		"muŋan"@lcm	
"qagʼtʌy"@blw	<https://panlex.org/snapshot/panlex-20191001-csv/114#8059844>				<https://panlex.org/snapshot/panlex-20191001-csv/114#8059992>		"pakaŋa"@lcm	
"ʼqulu"@blw	<https://panlex.org/snapshot/panlex-20191001-csv/114#8063443>				<https://panlex.org/snapshot/panlex-20191001-csv/114#8063614>		"pat"@lcm	
"ʼqulu"@blw	<https://panlex.org/snapshot/panlex-20191001-csv/114#8063443>				<https://panlex.org/snapshot/panlex-20191001-csv/114#8063616>		"vaŋaŋ"@lcm	
"ʼqulu"@blw	<https://panlex.org/snapshot/panlex-20191001-csv/114#8063443>				<https://panlex.org/snapshot/panlex-20191001-csv/114#8063615>		"patu-"@lcm	
"toʼngal"@blw	<https://panlex.org/snapshot/panlex-20191001-csv/114#8058875>				<https://panlex.org/snapshot/panlex-20191001-csv/114#8059026>		"tuan"@lcm	
"bubʼqʌ"@blw	<https://panlex.org/snapshot/panlex-20191001-csv/114#8067101>				<https://panlex.org/snapshot/panlex-20191001-csv/114#8067279>		"ŋisa-"@lcm	
"paʼlagpag"@blw	<https://panlex.org/snapshot/panlex-20191001-csv/114#8060344>				<https://panlex.org/snapshot/panlex-20191001-csv/114#8060527>		"tus"@lcm	
