"e-ki"@ssz	<https://panlex.org/snapshot/panlex-20191001-csv/12#851168>				<https://panlex.org/snapshot/panlex-20191001-csv/12#851190>		"anum"@tjg	
"mɪhɪ-"@ssz	<https://panlex.org/snapshot/panlex-20191001-csv/114#8063822>				<https://panlex.org/snapshot/panlex-20191001-csv/114#8063862>		"kuhuŋ"@tjg	
"hitaso"@ssz	<https://panlex.org/snapshot/panlex-20191001-csv/114#8054651>				<https://panlex.org/snapshot/panlex-20191001-csv/114#8054684>		"loroŋ"@tjg	
"kumak"@ssz	<https://panlex.org/snapshot/panlex-20191001-csv/114#8062272>				<https://panlex.org/snapshot/panlex-20191001-csv/114#8062299>		"pikir"@tjg	
"e-ŋhik"@ssz	<https://panlex.org/snapshot/panlex-20191001-csv/114#8063278>				<https://panlex.org/snapshot/panlex-20191001-csv/114#8063313>		"rahaʔ"@tjg	
"hmoŋ"@ssz	<https://panlex.org/snapshot/panlex-20191001-csv/114#8064357>				<https://panlex.org/snapshot/panlex-20191001-csv/114#8064398>		"lohoŋ"@tjg	
"pakeh"@ssz	<https://panlex.org/snapshot/panlex-20191001-csv/114#8055652>				<https://panlex.org/snapshot/panlex-20191001-csv/114#8055687>		"nencaŋ"@tjg	
"muhulu-"@ssz	<https://panlex.org/snapshot/panlex-20191001-csv/114#8059700>				<https://panlex.org/snapshot/panlex-20191001-csv/114#8059731>		"usiʔ ŋaiʔ"@tjg	
"posihila-"@ssz	<https://panlex.org/snapshot/panlex-20191001-csv/114#8058155>				<https://panlex.org/snapshot/panlex-20191001-csv/114#8058194>		"puŋuŋ"@tjg	
"suh [su]"@ssz	<https://panlex.org/snapshot/panlex-20191001-csv/114#8056163>				<https://panlex.org/snapshot/panlex-20191001-csv/114#8056201>		"karaŋoy"@tjg	
"pokoɪn"@ssz	<https://panlex.org/snapshot/panlex-20191001-csv/114#8059223>				<https://panlex.org/snapshot/panlex-20191001-csv/114#8059258>		"lah"@tjg	
"minhu"@ssz	<https://panlex.org/snapshot/panlex-20191001-csv/114#8062273>				<https://panlex.org/snapshot/panlex-20191001-csv/114#8062299>		"pikir"@tjg	
"moi"@ssz	<https://panlex.org/snapshot/panlex-20191001-csv/114#8055155>				<https://panlex.org/snapshot/panlex-20191001-csv/114#8055188>		"moot"@tjg	
"noknok"@ssz	<https://panlex.org/snapshot/panlex-20191001-csv/114#8062777>				<https://panlex.org/snapshot/panlex-20191001-csv/114#8062810>		"bihin"@tjg	
"hiso"@ssz	<https://panlex.org/snapshot/panlex-20191001-csv/114#8054650>				<https://panlex.org/snapshot/panlex-20191001-csv/114#8054684>		"loroŋ"@tjg	
"puk"@ssz	<https://panlex.org/snapshot/panlex-20191001-csv/114#8055653>				<https://panlex.org/snapshot/panlex-20191001-csv/114#8055687>		"nencaŋ"@tjg	
