"mɪhɪ-"@ssz	<https://panlex.org/snapshot/panlex-20191001-csv/114#8063822>				<https://panlex.org/snapshot/panlex-20191001-csv/114#8063450>		"b̂úŋuʔ"@bnn	
"mɪhɪ-"@ssz	<https://panlex.org/snapshot/panlex-20191001-csv/114#8063822>				<https://panlex.org/snapshot/panlex-20191001-csv/114#8063451>		"vongō"@bnn	
"hitaso"@ssz	<https://panlex.org/snapshot/panlex-20191001-csv/114#8054651>				<https://panlex.org/snapshot/panlex-20191001-csv/114#8054319>		"d̂aʼan"@bnn	
"kumak"@ssz	<https://panlex.org/snapshot/panlex-20191001-csv/114#8062272>				<https://panlex.org/snapshot/panlex-20191001-csv/114#8061960>		"milískin"@bnn	
"e-ŋhik"@ssz	<https://panlex.org/snapshot/panlex-20191001-csv/114#8063278>				<https://panlex.org/snapshot/panlex-20191001-csv/114#8062928>		"kaidan"@bnn	
"e-ŋhik"@ssz	<https://panlex.org/snapshot/panlex-20191001-csv/114#8063278>				<https://panlex.org/snapshot/panlex-20191001-csv/114#8062927>		"háiraŋ"@bnn	
"hmoŋ"@ssz	<https://panlex.org/snapshot/panlex-20191001-csv/114#8064357>				<https://panlex.org/snapshot/panlex-20191001-csv/114#8064000>		"múdan"@bnn	
"hmoŋ"@ssz	<https://panlex.org/snapshot/panlex-20191001-csv/114#8064357>				<https://panlex.org/snapshot/panlex-20191001-csv/114#8063999>		"hodhod"@bnn	
"hmoŋ"@ssz	<https://panlex.org/snapshot/panlex-20191001-csv/114#8064357>				<https://panlex.org/snapshot/panlex-20191001-csv/114#8064001>		"suksuk"@bnn	
"pakeh"@ssz	<https://panlex.org/snapshot/panlex-20191001-csv/114#8055652>				<https://panlex.org/snapshot/panlex-20191001-csv/114#8055311>		"minb̂ohb̂óh"@bnn	
"muhulu-"@ssz	<https://panlex.org/snapshot/panlex-20191001-csv/114#8059700>				<https://panlex.org/snapshot/panlex-20191001-csv/114#8059379>		"sílup"@bnn	
"posihila-"@ssz	<https://panlex.org/snapshot/panlex-20191001-csv/114#8058155>				<https://panlex.org/snapshot/panlex-20191001-csv/114#8057814>		"íkuʼ"@bnn	
"suh [su]"@ssz	<https://panlex.org/snapshot/panlex-20191001-csv/114#8056163>				<https://panlex.org/snapshot/panlex-20191001-csv/114#8055806>		"tunʔapʔap"@bnn	
"pokoɪn"@ssz	<https://panlex.org/snapshot/panlex-20191001-csv/114#8059223>				<https://panlex.org/snapshot/panlex-20191001-csv/114#8058882>		"tóhnað"@bnn	
"minhu"@ssz	<https://panlex.org/snapshot/panlex-20191001-csv/114#8062273>				<https://panlex.org/snapshot/panlex-20191001-csv/114#8061960>		"milískin"@bnn	
"moi"@ssz	<https://panlex.org/snapshot/panlex-20191001-csv/114#8055155>				<https://panlex.org/snapshot/panlex-20191001-csv/114#8054806>		"mi:ṣúmaʔ"@bnn	
"moi"@ssz	<https://panlex.org/snapshot/panlex-20191001-csv/114#8055155>				<https://panlex.org/snapshot/panlex-20191001-csv/114#8054805>		"haiðin"@bnn	
"noknok"@ssz	<https://panlex.org/snapshot/panlex-20191001-csv/114#8062777>				<https://panlex.org/snapshot/panlex-20191001-csv/114#8062420>		"papísiŋ"@bnn	
"hiso"@ssz	<https://panlex.org/snapshot/panlex-20191001-csv/114#8054650>				<https://panlex.org/snapshot/panlex-20191001-csv/114#8054319>		"d̂aʼan"@bnn	
"puk"@ssz	<https://panlex.org/snapshot/panlex-20191001-csv/114#8055653>				<https://panlex.org/snapshot/panlex-20191001-csv/114#8055311>		"minb̂ohb̂óh"@bnn	
