"ᕕᐳᐊᕆ"@iu	<https://panlex.org/snapshot/panlex-20191001-csv/5947#84742884>				<https://panlex.org/snapshot/panlex-20191001-csv/5947#84743069>		"ფურთუთა"@xmf	
"februaari"@iu	<https://panlex.org/snapshot/panlex-20191001-csv/5947#84742885>				<https://panlex.org/snapshot/panlex-20191001-csv/5947#84743069>		"ფურთუთა"@xmf	
"imeq"@iu	<https://panlex.org/snapshot/panlex-20191001-csv/5947#84886475>				<https://panlex.org/snapshot/panlex-20191001-csv/5947#84886584>		"წყარი"@xmf	
"ᐱᕐᓖᓐ"@iu	<https://panlex.org/snapshot/panlex-20191001-csv/5949#85302443>				<https://panlex.org/snapshot/panlex-20191001-csv/5949#85302563>		"ბერლინი"@xmf	
"ᐅᓛᓴ"@iu	<https://panlex.org/snapshot/panlex-20191001-csv/5949#85319473>				<https://panlex.org/snapshot/panlex-20191001-csv/5949#85319642>		"რუსეთი"@xmf	
"ᐃᐆᕌᑉ"@iu	<https://panlex.org/snapshot/panlex-20191001-csv/5949#85308554>				<https://panlex.org/snapshot/panlex-20191001-csv/5949#85308669>		"ევროპა"@xmf	
"Ruslandi"@iu	<https://panlex.org/snapshot/panlex-20191001-csv/5949#85319474>				<https://panlex.org/snapshot/panlex-20191001-csv/5949#85319642>		"რუსეთი"@xmf	
"ᐊᐅᒍᔅ"@iu	<https://panlex.org/snapshot/panlex-20191001-csv/5949#85329369>				<https://panlex.org/snapshot/panlex-20191001-csv/5949#85329550>		"მარაშინათუთა"@xmf	
"Europa"@iu	<https://panlex.org/snapshot/panlex-20191001-csv/5949#85308555>				<https://panlex.org/snapshot/panlex-20191001-csv/5949#85308669>		"ევროპა"@xmf	
"Biibili"@iu	<https://panlex.org/snapshot/panlex-20191001-csv/5949#85302697>				<https://panlex.org/snapshot/panlex-20191001-csv/5949#85302827>		"ბიბლია"@xmf	
"Berlin"@iu	<https://panlex.org/snapshot/panlex-20191001-csv/5949#85302444>				<https://panlex.org/snapshot/panlex-20191001-csv/5949#85302563>		"ბერლინი"@xmf	
"aggusti"@iu	<https://panlex.org/snapshot/panlex-20191001-csv/5949#85329370>				<https://panlex.org/snapshot/panlex-20191001-csv/5949#85329550>		"მარაშინათუთა"@xmf	
"ᓯᕙᑕᖅ"@iu	<https://panlex.org/snapshot/panlex-20191001-csv/2892#110826399>				<https://panlex.org/snapshot/panlex-20191001-csv/2892#110826215>		"შურიშხა"@xmf	
"ᓇᒡᒐᔭᖅ"@iu	<https://panlex.org/snapshot/panlex-20191001-csv/2892#110824150>				<https://panlex.org/snapshot/panlex-20191001-csv/2892#110824328>		"თუთაშხა"@xmf	
"sivataq"@iu	<https://panlex.org/snapshot/panlex-20191001-csv/2892#110826259>				<https://panlex.org/snapshot/panlex-20191001-csv/2892#110826215>		"შურიშხა"@xmf	
"ᓴᓇᑦᑕᐃᓕ"@iu	<https://panlex.org/snapshot/panlex-20191001-csv/2892#110826748>				<https://panlex.org/snapshot/panlex-20191001-csv/2892#110826740>		"ჟაშხა"@xmf	
"piqataa"@iu	<https://panlex.org/snapshot/panlex-20191001-csv/2892#110824697>				<https://panlex.org/snapshot/panlex-20191001-csv/2892#110824742>		"თახაშხა"@xmf	
"sanattaili"@iu	<https://panlex.org/snapshot/panlex-20191001-csv/2892#110826838>				<https://panlex.org/snapshot/panlex-20191001-csv/2892#110826740>		"ჟაშხა"@xmf	
"pingajua"@iu	<https://panlex.org/snapshot/panlex-20191001-csv/2892#110825021>				<https://panlex.org/snapshot/panlex-20191001-csv/2892#110825231>		"ჯუმაშხა"@xmf	
"ᕿᑎᖅᑯᐃᑦ"@iu	<https://panlex.org/snapshot/panlex-20191001-csv/2892#110825421>				<https://panlex.org/snapshot/panlex-20191001-csv/2892#110825362>		"ცაშხა"@xmf	
"qitiqquit"@iu	<https://panlex.org/snapshot/panlex-20191001-csv/2892#110825521>				<https://panlex.org/snapshot/panlex-20191001-csv/2892#110825362>		"ცაშხა"@xmf	
"ullutuinnaq"@iu	<https://panlex.org/snapshot/panlex-20191001-csv/2892#110825783>				<https://panlex.org/snapshot/panlex-20191001-csv/2892#110825972>		"ობიშხა"@xmf	
"ᐱᖓᔪᐊ"@iu	<https://panlex.org/snapshot/panlex-20191001-csv/2892#110825011>				<https://panlex.org/snapshot/panlex-20191001-csv/2892#110825231>		"ჯუმაშხა"@xmf	
"ᐱᖃᑖ"@iu	<https://panlex.org/snapshot/panlex-20191001-csv/2892#110824641>				<https://panlex.org/snapshot/panlex-20191001-csv/2892#110824742>		"თახაშხა"@xmf	
"ᐅᓪᓗᑐᐃᓐᓇᖅ"@iu	<https://panlex.org/snapshot/panlex-20191001-csv/2892#110826020>				<https://panlex.org/snapshot/panlex-20191001-csv/2892#110825972>		"ობიშხა"@xmf	
"naggajaq"@iu	<https://panlex.org/snapshot/panlex-20191001-csv/2892#110824123>				<https://panlex.org/snapshot/panlex-20191001-csv/2892#110824328>		"თუთაშხა"@xmf	
"ᓯᑎᒻᐳᕆ"@iu	<https://panlex.org/snapshot/panlex-20191001-csv/2897#110830418>				<https://panlex.org/snapshot/panlex-20191001-csv/2897#110830622>		"ეკენია"@xmf	
"tisimpuri"@iu	<https://panlex.org/snapshot/panlex-20191001-csv/2897#110831797>				<https://panlex.org/snapshot/panlex-20191001-csv/2897#110831615>		"ქირსეთუთა"@xmf	
"ᓄᕕᒻᐳᕆ"@iu	<https://panlex.org/snapshot/panlex-20191001-csv/2897#110831526>				<https://panlex.org/snapshot/panlex-20191001-csv/2897#110831204>		"გერგობათუთა"@xmf	
"ᔪᓚᐃ"@iu	<https://panlex.org/snapshot/panlex-20191001-csv/2897#110829708>				<https://panlex.org/snapshot/panlex-20191001-csv/2897#110829534>		"კვირკვე"@xmf	
"ᑎᓯᒻᐳᕆ"@iu	<https://panlex.org/snapshot/panlex-20191001-csv/2897#110831848>				<https://panlex.org/snapshot/panlex-20191001-csv/2897#110831615>		"ქირსეთუთა"@xmf	
"ᐊᐃᐳᕆᓪ"@iu	<https://panlex.org/snapshot/panlex-20191001-csv/2897#110828549>				<https://panlex.org/snapshot/panlex-20191001-csv/2897#110828363>		"პირელი"@xmf	
"augus"@iu	<https://panlex.org/snapshot/panlex-20191001-csv/2897#110830270>				<https://panlex.org/snapshot/panlex-20191001-csv/2897#110830156>		"მარაშინათუთა"@xmf	
"mai"@iu	<https://panlex.org/snapshot/panlex-20191001-csv/2897#110828940>				<https://panlex.org/snapshot/panlex-20191001-csv/2897#110828710>		"მესი"@xmf	
"ᒫᕐᓯ"@iu	<https://panlex.org/snapshot/panlex-20191001-csv/2897#110828173>				<https://panlex.org/snapshot/panlex-20191001-csv/2897#110828050>		"მელახი"@xmf	
"maarsi"@iu	<https://panlex.org/snapshot/panlex-20191001-csv/2897#110828171>				<https://panlex.org/snapshot/panlex-20191001-csv/2897#110828050>		"მელახი"@xmf	
"ᔭᓄᐊᕆ"@iu	<https://panlex.org/snapshot/panlex-20191001-csv/2897#110827331>				<https://panlex.org/snapshot/panlex-20191001-csv/2897#110827378>		"ღურთუთა"@xmf	
"sitimpuri"@iu	<https://panlex.org/snapshot/panlex-20191001-csv/2897#110830351>				<https://panlex.org/snapshot/panlex-20191001-csv/2897#110830622>		"ეკენია"@xmf	
"ᕕᐳᐊᕆ"@iu	<https://panlex.org/snapshot/panlex-20191001-csv/2897#110827642>				<https://panlex.org/snapshot/panlex-20191001-csv/2897#110827834>		"ფურთუთა"@xmf	
"ᐊᐅᒍᔅ"@iu	<https://panlex.org/snapshot/panlex-20191001-csv/2897#110830157>				<https://panlex.org/snapshot/panlex-20191001-csv/2897#110830156>		"მარაშინათუთა"@xmf	
"julai"@iu	<https://panlex.org/snapshot/panlex-20191001-csv/2897#110829866>				<https://panlex.org/snapshot/panlex-20191001-csv/2897#110829534>		"კვირკვე"@xmf	
"nuvimpuri"@iu	<https://panlex.org/snapshot/panlex-20191001-csv/2897#110831339>				<https://panlex.org/snapshot/panlex-20191001-csv/2897#110831204>		"გერგობათუთა"@xmf	
"januari"@iu	<https://panlex.org/snapshot/panlex-20191001-csv/2897#110827350>				<https://panlex.org/snapshot/panlex-20191001-csv/2897#110827378>		"ღურთუთა"@xmf	
"ᔪᓂ"@iu	<https://panlex.org/snapshot/panlex-20191001-csv/2897#110829146>				<https://panlex.org/snapshot/panlex-20191001-csv/2897#110829220>		"მანგი"@xmf	
"uktupuri"@iu	<https://panlex.org/snapshot/panlex-20191001-csv/2897#110830906>				<https://panlex.org/snapshot/panlex-20191001-csv/2897#110830750>		"გჷმათუთა"@xmf	
"ᒪᐃ"@iu	<https://panlex.org/snapshot/panlex-20191001-csv/2897#110828960>				<https://panlex.org/snapshot/panlex-20191001-csv/2897#110828710>		"მესი"@xmf	
"ᐅᒃᑐᐳᕆ"@iu	<https://panlex.org/snapshot/panlex-20191001-csv/2897#110830817>				<https://panlex.org/snapshot/panlex-20191001-csv/2897#110830750>		"გჷმათუთა"@xmf	
"aipuril"@iu	<https://panlex.org/snapshot/panlex-20191001-csv/2897#110828320>				<https://panlex.org/snapshot/panlex-20191001-csv/2897#110828363>		"პირელი"@xmf	
"vipuari"@iu	<https://panlex.org/snapshot/panlex-20191001-csv/2897#110827549>				<https://panlex.org/snapshot/panlex-20191001-csv/2897#110827834>		"ფურთუთა"@xmf	
"juni"@iu	<https://panlex.org/snapshot/panlex-20191001-csv/2897#110829075>				<https://panlex.org/snapshot/panlex-20191001-csv/2897#110829220>		"მანგი"@xmf	
