"lifo-"@xmt	<https://panlex.org/snapshot/panlex-20191001-csv/114#8067593>				<https://panlex.org/snapshot/panlex-20191001-csv/114#8067498>		"ʼlil"@sve	
"wu-"@xmt	<https://panlex.org/snapshot/panlex-20191001-csv/114#8063931>				<https://panlex.org/snapshot/panlex-20191001-csv/114#8063828>		"oʼo"@sve	
"nia-"@xmt	<https://panlex.org/snapshot/panlex-20191001-csv/114#8058814>				<https://panlex.org/snapshot/panlex-20191001-csv/114#8058713>		"ʼapɛl"@sve	
"-tag"@xmt	<https://panlex.org/snapshot/panlex-20191001-csv/114#8054254>				<https://panlex.org/snapshot/panlex-20191001-csv/114#8054151>		"ljɛʼla"@sve	
"-uno"@xmt	<https://panlex.org/snapshot/panlex-20191001-csv/114#8061897>				<https://panlex.org/snapshot/panlex-20191001-csv/114#8061796>		"ljɛʼbrɛ"@sve	
