"lulu"@mva	<https://panlex.org/snapshot/panlex-20191001-csv/5943#83323775>				<https://panlex.org/snapshot/panlex-20191001-csv/5943#83323745>		"pasir"@id	
"daŋ"@mva	<https://panlex.org/snapshot/panlex-20191001-csv/12#851068>				<https://panlex.org/snapshot/panlex-20191001-csv/12#850967>		"air"@id	
"lulu"@mva	<https://panlex.org/snapshot/panlex-20191001-csv/15#967039>				<https://panlex.org/snapshot/panlex-20191001-csv/15#967012>		"pasir"@id	
"semam"@mva	<https://panlex.org/snapshot/panlex-20191001-csv/114#8063701>				<https://panlex.org/snapshot/panlex-20191001-csv/114#8063560>		"kepala"@id	
"doŋa"@mva	<https://panlex.org/snapshot/panlex-20191001-csv/114#8064776>				<https://panlex.org/snapshot/panlex-20191001-csv/114#8064641>		"rambut"@id	
"gapu"@mva	<https://panlex.org/snapshot/panlex-20191001-csv/114#8057037>				<https://panlex.org/snapshot/panlex-20191001-csv/114#8056916>		"debu"@id	
"ilo pile"@mva	<https://panlex.org/snapshot/panlex-20191001-csv/114#8062160>				<https://panlex.org/snapshot/panlex-20191001-csv/114#8062038>		"memikir"@id	
"ilo pile"@mva	<https://panlex.org/snapshot/panlex-20191001-csv/114#8062160>				<https://panlex.org/snapshot/panlex-20191001-csv/114#8062039>		"berfikir"@id	
"ile"@mva	<https://panlex.org/snapshot/panlex-20191001-csv/114#8067367>				<https://panlex.org/snapshot/panlex-20191001-csv/114#8067217>		"gigi"@id	
"awa"@mva	<https://panlex.org/snapshot/panlex-20191001-csv/114#8066808>				<https://panlex.org/snapshot/panlex-20191001-csv/114#8066662>		"mulut"@id	
"wasa doʔɪ"@mva	<https://panlex.org/snapshot/panlex-20191001-csv/114#8065817>				<https://panlex.org/snapshot/panlex-20191001-csv/114#8065699>		"bernafas"@id	
"wasa doʔɪ"@mva	<https://panlex.org/snapshot/panlex-20191001-csv/114#8065817>				<https://panlex.org/snapshot/panlex-20191001-csv/114#8065700>		"bernapas"@id	
"sema"@mva	<https://panlex.org/snapshot/panlex-20191001-csv/114#8063700>				<https://panlex.org/snapshot/panlex-20191001-csv/114#8063560>		"kepala"@id	
"au"@mva	<https://panlex.org/snapshot/panlex-20191001-csv/114#8068421>				<https://panlex.org/snapshot/panlex-20191001-csv/114#8068280>		"tertawa"@id	
"au"@mva	<https://panlex.org/snapshot/panlex-20191001-csv/114#8068421>				<https://panlex.org/snapshot/panlex-20191001-csv/114#8068281>		"ketawa"@id	
"daŋ"@mva	<https://panlex.org/snapshot/panlex-20191001-csv/11#787669>				<https://panlex.org/snapshot/panlex-20191001-csv/11#787596>		"air"@id	
