"kuma heleana"@hoa	<https://panlex.org/snapshot/panlex-20191001-csv/12#850949>				<https://panlex.org/snapshot/panlex-20191001-csv/12#851253>		"canúmu"@xnb	
"reŋgu-"@hoa	<https://panlex.org/snapshot/panlex-20191001-csv/114#8051763>				<https://panlex.org/snapshot/panlex-20191001-csv/114#8052174>		"ramúcu"@xnb	
"ɣɛndɛ"@hoa	<https://panlex.org/snapshot/panlex-20191001-csv/114#8052302>				<https://panlex.org/snapshot/panlex-20191001-csv/114#8052645>		"iíri"@xnb	
"isara"@hoa	<https://panlex.org/snapshot/panlex-20191001-csv/114#8068259>				<https://panlex.org/snapshot/panlex-20191001-csv/114#8068634>		"pacacáən"@xnb	
"isara"@hoa	<https://panlex.org/snapshot/panlex-20191001-csv/114#8068259>				<https://panlex.org/snapshot/panlex-20191001-csv/114#8068633>		"maacáca"@xnb	
"rua"@hoa	<https://panlex.org/snapshot/panlex-20191001-csv/114#8064084>				<https://panlex.org/snapshot/panlex-20191001-csv/114#8064470>		"əə́rə"@xnb	
"rua"@hoa	<https://panlex.org/snapshot/panlex-20191001-csv/114#8064084>				<https://panlex.org/snapshot/panlex-20191001-csv/114#8064469>		"uʔərə"@xnb	
"mbaroso"@hoa	<https://panlex.org/snapshot/panlex-20191001-csv/114#8052770>				<https://panlex.org/snapshot/panlex-20191001-csv/114#8053100>		"anán"@xnb	
"mbaroso"@hoa	<https://panlex.org/snapshot/panlex-20191001-csv/114#8052770>				<https://panlex.org/snapshot/panlex-20191001-csv/114#8053099>		"anaanan"@xnb	
"kola"@hoa	<https://panlex.org/snapshot/panlex-20191001-csv/114#8059921>				<https://panlex.org/snapshot/panlex-20191001-csv/114#8060278>		"civúini"@xnb	
"nunu-"@hoa	<https://panlex.org/snapshot/panlex-20191001-csv/114#8060438>				<https://panlex.org/snapshot/panlex-20191001-csv/114#8060867>		"mumu"@xnb	
"mbatu"@hoa	<https://panlex.org/snapshot/panlex-20191001-csv/114#8063540>				<https://panlex.org/snapshot/panlex-20191001-csv/114#8063933>		"nabúŋu"@xnb	
