"qa0 mi11"@yha	<https://panlex.org/snapshot/panlex-20191001-csv/114#8053104>				<https://panlex.org/snapshot/panlex-20191001-csv/114#8053038>		"palmit muan"@tgc	
"qa0 ɕi24"@yha	<https://panlex.org/snapshot/panlex-20191001-csv/114#8059787>				<https://panlex.org/snapshot/panlex-20191001-csv/114#8059724>		"vulau"@tgc	
"qa0 ʔdiŋ24"@yha	<https://panlex.org/snapshot/panlex-20191001-csv/114#8058258>				<https://panlex.org/snapshot/panlex-20191001-csv/114#8058186>		"mugi-"@tgc	
"qa0 leu11"@yha	<https://panlex.org/snapshot/panlex-20191001-csv/114#8052649>				<https://panlex.org/snapshot/panlex-20191001-csv/114#8052581>		"pal-kais"@tgc	
"vɛ31"@yha	<https://panlex.org/snapshot/panlex-20191001-csv/114#8055744>				<https://panlex.org/snapshot/panlex-20191001-csv/114#8055681>		"ulpuki"@tgc	
"qa0 ʑɔ312"@yha	<https://panlex.org/snapshot/panlex-20191001-csv/114#8064476>				<https://panlex.org/snapshot/panlex-20191001-csv/114#8064390>		"goko"@tgc	
"la0 muk11"@yha	<https://panlex.org/snapshot/panlex-20191001-csv/114#8057236>				<https://panlex.org/snapshot/panlex-20191001-csv/114#8057177>		"kaup"@tgc	
"a:p11"@yha	<https://panlex.org/snapshot/panlex-20191001-csv/114#8056270>				<https://panlex.org/snapshot/panlex-20191001-csv/114#8056194>		"kakas"@tgc	
"ma0 ɕa:m54"@yha	<https://panlex.org/snapshot/panlex-20191001-csv/114#8065024>				<https://panlex.org/snapshot/panlex-20191001-csv/114#8064940>		"ugui"@tgc	
"qa0 luŋ54"@yha	<https://panlex.org/snapshot/panlex-20191001-csv/114#8058821>				<https://panlex.org/snapshot/panlex-20191001-csv/114#8058735>		"ne-"@tgc	
"pjɔŋ11 qhun54"@yha	<https://panlex.org/snapshot/panlex-20191001-csv/114#8054752>				<https://panlex.org/snapshot/panlex-20191001-csv/114#8054678>		"salan"@tgc	
"ɛm11"@yha	<https://panlex.org/snapshot/panlex-20191001-csv/114#8060872>				<https://panlex.org/snapshot/panlex-20191001-csv/114#8060784>		"sut"@tgc	
"hom24"@yha	<https://panlex.org/snapshot/panlex-20191001-csv/114#8066494>				<https://panlex.org/snapshot/panlex-20191001-csv/114#8066428>		"musaŋ-i"@tgc	
"ʑuŋ31"@yha	<https://panlex.org/snapshot/panlex-20191001-csv/114#8053671>				<https://panlex.org/snapshot/panlex-20191001-csv/114#8053585>		"kak"@tgc	
"ʑuŋ31"@yha	<https://panlex.org/snapshot/panlex-20191001-csv/114#8053671>				<https://panlex.org/snapshot/panlex-20191001-csv/114#8053586>		"keke-"@tgc	
