"ulpuki"@tgc	<https://panlex.org/snapshot/panlex-20191001-csv/114#8055681>				<https://panlex.org/snapshot/panlex-20191001-csv/114#8055440>		"giling"@kqe	
"kakas"@tgc	<https://panlex.org/snapshot/panlex-20191001-csv/114#8056194>				<https://panlex.org/snapshot/panlex-20191001-csv/114#8055933>		"kapay"@kqe	
"ugui"@tgc	<https://panlex.org/snapshot/panlex-20191001-csv/114#8064940>				<https://panlex.org/snapshot/panlex-20191001-csv/114#8064678>		"lugay"@kqe	
"pinpin"@tgc	<https://panlex.org/snapshot/panlex-20191001-csv/114#8057680>				<https://panlex.org/snapshot/panlex-20191001-csv/114#8057426>		"kindal"@kqe	
"ŋisa"@tgc	<https://panlex.org/snapshot/panlex-20191001-csv/114#8067522>				<https://panlex.org/snapshot/panlex-20191001-csv/114#8067260>		"quntu"@kqe	
"vusit"@tgc	<https://panlex.org/snapshot/panlex-20191001-csv/114#8056707>				<https://panlex.org/snapshot/panlex-20191001-csv/114#8056459>		"taping"@kqe	
"goko"@tgc	<https://panlex.org/snapshot/panlex-20191001-csv/114#8064390>				<https://panlex.org/snapshot/panlex-20191001-csv/114#8064140>		"liyɨg"@kqe	
"mugi-"@tgc	<https://panlex.org/snapshot/panlex-20191001-csv/114#8058186>				<https://panlex.org/snapshot/panlex-20191001-csv/114#8057944>		"bagakwang"@kqe	
"kakapaŋ"@tgc	<https://panlex.org/snapshot/panlex-20191001-csv/114#8061819>				<https://panlex.org/snapshot/panlex-20191001-csv/114#8061559>		"kaqadiqan"@kqe	
"galit"@tgc	<https://panlex.org/snapshot/panlex-20191001-csv/114#8056706>				<https://panlex.org/snapshot/panlex-20191001-csv/114#8056459>		"taping"@kqe	
"musaŋ-i"@tgc	<https://panlex.org/snapshot/panlex-20191001-csv/114#8066428>				<https://panlex.org/snapshot/panlex-20191001-csv/114#8066184>		"boq"@kqe	
