"ulpuki"@tgc	<https://panlex.org/snapshot/panlex-20191001-csv/114#8055681>				<https://panlex.org/snapshot/panlex-20191001-csv/114#8055463>		"wir"@lih	
"kakas"@tgc	<https://panlex.org/snapshot/panlex-20191001-csv/114#8056194>				<https://panlex.org/snapshot/panlex-20191001-csv/114#8055961>		"susul"@lih	
"ugui"@tgc	<https://panlex.org/snapshot/panlex-20191001-csv/114#8064940>				<https://panlex.org/snapshot/panlex-20191001-csv/114#8064704>		"alolokon"@lih	
"pinpin"@tgc	<https://panlex.org/snapshot/panlex-20191001-csv/114#8057680>				<https://panlex.org/snapshot/panlex-20191001-csv/114#8057455>		"a kulien"@lih	
"ŋisa"@tgc	<https://panlex.org/snapshot/panlex-20191001-csv/114#8067522>				<https://panlex.org/snapshot/panlex-20191001-csv/114#8067286>		"tur"@lih	
"ŋisa"@tgc	<https://panlex.org/snapshot/panlex-20191001-csv/114#8067522>				<https://panlex.org/snapshot/panlex-20191001-csv/114#8067287>		"weniez"@lih	
"vusit"@tgc	<https://panlex.org/snapshot/panlex-20191001-csv/114#8056707>				<https://panlex.org/snapshot/panlex-20191001-csv/114#8056487>		"biet"@lih	
"goko"@tgc	<https://panlex.org/snapshot/panlex-20191001-csv/114#8064390>				<https://panlex.org/snapshot/panlex-20191001-csv/114#8064167>		"a luan"@lih	
"mugi-"@tgc	<https://panlex.org/snapshot/panlex-20191001-csv/114#8058186>				<https://panlex.org/snapshot/panlex-20191001-csv/114#8057972>		"tuan"@lih	
"kakapaŋ"@tgc	<https://panlex.org/snapshot/panlex-20191001-csv/114#8061819>				<https://panlex.org/snapshot/panlex-20191001-csv/114#8061586>		"parketan"@lih	
"galit"@tgc	<https://panlex.org/snapshot/panlex-20191001-csv/114#8056706>				<https://panlex.org/snapshot/panlex-20191001-csv/114#8056487>		"biet"@lih	
"musaŋ-i"@tgc	<https://panlex.org/snapshot/panlex-20191001-csv/114#8066428>				<https://panlex.org/snapshot/panlex-20191001-csv/114#8066212>		"suknan"@lih	
