"one"@tgc	<https://panlex.org/snapshot/panlex-20191001-csv/5943#83323809>				<https://panlex.org/snapshot/panlex-20191001-csv/5943#83323781>		"ena"@nxg	
"rurum"@tgc	<https://panlex.org/snapshot/panlex-20191001-csv/12#851184>				<https://panlex.org/snapshot/panlex-20191001-csv/12#851092>		"vacé"@nxg	
"one"@tgc	<https://panlex.org/snapshot/panlex-20191001-csv/15#967073>				<https://panlex.org/snapshot/panlex-20191001-csv/15#967046>		"ena"@nxg	
"ulpuki"@tgc	<https://panlex.org/snapshot/panlex-20191001-csv/114#8055681>				<https://panlex.org/snapshot/panlex-20191001-csv/114#8055568>		"kili"@nxg	
"kakas"@tgc	<https://panlex.org/snapshot/panlex-20191001-csv/114#8056194>				<https://panlex.org/snapshot/panlex-20191001-csv/114#8056083>		"naŋu"@nxg	
"ugui"@tgc	<https://panlex.org/snapshot/panlex-20191001-csv/114#8064940>				<https://panlex.org/snapshot/panlex-20191001-csv/114#8064816>		"fu"@nxg	
"pinpin"@tgc	<https://panlex.org/snapshot/panlex-20191001-csv/114#8057680>				<https://panlex.org/snapshot/panlex-20191001-csv/114#8057570>		"suki"@nxg	
"ŋisa"@tgc	<https://panlex.org/snapshot/panlex-20191001-csv/114#8067522>				<https://panlex.org/snapshot/panlex-20191001-csv/114#8067405>		"ŋii"@nxg	
"vusit"@tgc	<https://panlex.org/snapshot/panlex-20191001-csv/114#8056707>				<https://panlex.org/snapshot/panlex-20191001-csv/114#8056592>		"zaki"@nxg	
"goko"@tgc	<https://panlex.org/snapshot/panlex-20191001-csv/114#8064390>				<https://panlex.org/snapshot/panlex-20191001-csv/114#8064278>		"teŋu"@nxg	
"mugi-"@tgc	<https://panlex.org/snapshot/panlex-20191001-csv/114#8058186>				<https://panlex.org/snapshot/panlex-20191001-csv/114#8058079>		"logo"@nxg	
"kakapaŋ"@tgc	<https://panlex.org/snapshot/panlex-20191001-csv/114#8061819>				<https://panlex.org/snapshot/panlex-20191001-csv/114#8061708>		"béo"@nxg	
"kakapaŋ"@tgc	<https://panlex.org/snapshot/panlex-20191001-csv/114#8061819>				<https://panlex.org/snapshot/panlex-20191001-csv/114#8061709>		"toa"@nxg	
"galit"@tgc	<https://panlex.org/snapshot/panlex-20191001-csv/114#8056706>				<https://panlex.org/snapshot/panlex-20191001-csv/114#8056592>		"zaki"@nxg	
"musaŋ-i"@tgc	<https://panlex.org/snapshot/panlex-20191001-csv/114#8066428>				<https://panlex.org/snapshot/panlex-20191001-csv/114#8066325>		"vacu"@nxg	
