"ǂʼeńna"@xam	<https://panlex.org/snapshot/panlex-20191001-csv/3975#51727035>				<https://panlex.org/snapshot/panlex-20191001-csv/3975#51726911>		"nonkway"@aau	
"ǀǀʰóu"@xam	<https://panlex.org/snapshot/panlex-20191001-csv/3975#51724839>				<https://panlex.org/snapshot/panlex-20191001-csv/3975#51724727>		"sian"@aau	
"ǂʼènniŋ"@xam	<https://panlex.org/snapshot/panlex-20191001-csv/3975#51731646>				<https://panlex.org/snapshot/panlex-20191001-csv/3975#51731518>		"sowpwaren-ey"@aau	
"ɳǀãː"@xam	<https://panlex.org/snapshot/panlex-20191001-csv/3975#51730907>				<https://panlex.org/snapshot/panlex-20191001-csv/3975#51730755>		"lira"@aau	
"ɳǀãː"@xam	<https://panlex.org/snapshot/panlex-20191001-csv/3975#51725982>				<https://panlex.org/snapshot/panlex-20191001-csv/3975#51725840>		"makw-ey"@aau	
"ǀǀkxõĩŋ"@xam	<https://panlex.org/snapshot/panlex-20191001-csv/3975#51732378>				<https://panlex.org/snapshot/panlex-20191001-csv/3975#51732232>		"ey"@aau	
"ǀiː"@xam	<https://panlex.org/snapshot/panlex-20191001-csv/3975#51726753>				<https://panlex.org/snapshot/panlex-20191001-csv/3975#51726624>		"lo"@aau	
"teːŋ"@xam	<https://panlex.org/snapshot/panlex-20191001-csv/3975#51727330>				<https://panlex.org/snapshot/panlex-20191001-csv/3975#51727189>		"won"@aau	
"ɳǀĩː"@xam	<https://panlex.org/snapshot/panlex-20191001-csv/3975#51730908>				<https://panlex.org/snapshot/panlex-20191001-csv/3975#51730755>		"lira"@aau	
"aː-kǝn"@xam	<https://panlex.org/snapshot/panlex-20191001-csv/3975#51725410>				<https://panlex.org/snapshot/panlex-20191001-csv/3975#51725281>		"yaprue"@aau	
"ǂá-ggǝn"@xam	<https://panlex.org/snapshot/panlex-20191001-csv/3975#51730740>				<https://panlex.org/snapshot/panlex-20191001-csv/3975#51730585>		"me"@aau	
"sːe"@xam	<https://panlex.org/snapshot/panlex-20191001-csv/3975#51722769>				<https://panlex.org/snapshot/panlex-20191001-csv/3975#51722598>		"re"@aau	
"ǀǀà"@xam	<https://panlex.org/snapshot/panlex-20191001-csv/3975#51722196>				<https://panlex.org/snapshot/panlex-20191001-csv/3975#51722067>		"loum"@aau	
"tːẽ"@xam	<https://panlex.org/snapshot/panlex-20191001-csv/3975#51727328>				<https://panlex.org/snapshot/panlex-20191001-csv/3975#51727189>		"won"@aau	
"ǂá-kkǝn"@xam	<https://panlex.org/snapshot/panlex-20191001-csv/3975#51730736>				<https://panlex.org/snapshot/panlex-20191001-csv/3975#51730585>		"me"@aau	
"ǀʰú"@xam	<https://panlex.org/snapshot/panlex-20191001-csv/3975#51725676>				<https://panlex.org/snapshot/panlex-20191001-csv/3975#51725545>		"ɒ́hnɛ̀"@aau	
"i"@xam	<https://panlex.org/snapshot/panlex-20191001-csv/3975#51734404>				<https://panlex.org/snapshot/panlex-20191001-csv/3975#51734191>		"hro-m"@aau	
"sːwéŋ"@xam	<https://panlex.org/snapshot/panlex-20191001-csv/3975#51724286>				<https://panlex.org/snapshot/panlex-20191001-csv/3975#51724160>		"won"@aau	
"ǀǀʰau"@xam	<https://panlex.org/snapshot/panlex-20191001-csv/3975#51724838>				<https://panlex.org/snapshot/panlex-20191001-csv/3975#51724727>		"sian"@aau	
"ŋ"@xam	<https://panlex.org/snapshot/panlex-20191001-csv/3975#51726601>				<https://panlex.org/snapshot/panlex-20191001-csv/3975#51726427>		"ha"@aau	
"ǀǀʼaŋ"@xam	<https://panlex.org/snapshot/panlex-20191001-csv/3975#51733889>				<https://panlex.org/snapshot/panlex-20191001-csv/3975#51733727>		"ley"@aau	
"ɳʘu̯iŋ"@xam	<https://panlex.org/snapshot/panlex-20191001-csv/3975#51727728>				<https://panlex.org/snapshot/panlex-20191001-csv/3975#51727613>		"máplú"@aau	
"ǀẽ"@xam	<https://panlex.org/snapshot/panlex-20191001-csv/3975#51728731>				<https://panlex.org/snapshot/panlex-20191001-csv/3975#51728605>		"uru"@aau	
"ʘxuː"@xam	<https://panlex.org/snapshot/panlex-20191001-csv/3975#51732502>				<https://panlex.org/snapshot/panlex-20191001-csv/3975#51732393>		"heyh"@aau	
"ǂʼeńn-ǂʼeńn"@xam	<https://panlex.org/snapshot/panlex-20191001-csv/3975#51727034>				<https://panlex.org/snapshot/panlex-20191001-csv/3975#51726911>		"nonkway"@aau	
"ʘʼʰo"@xam	<https://panlex.org/snapshot/panlex-20191001-csv/3975#51733550>				<https://panlex.org/snapshot/panlex-20191001-csv/3975#51733416>		"now"@aau	
"kxwũː"@xam	<https://panlex.org/snapshot/panlex-20191001-csv/3975#51723250>				<https://panlex.org/snapshot/panlex-20191001-csv/3975#51723100>		"lowswa"@aau	
"ǀe"@xam	<https://panlex.org/snapshot/panlex-20191001-csv/3975#51732805>				<https://panlex.org/snapshot/panlex-20191001-csv/3975#51732658>		"so-"@aau	
"eń"@xam	<https://panlex.org/snapshot/panlex-20191001-csv/3975#51728175>				<https://panlex.org/snapshot/panlex-20191001-csv/3975#51728034>		"pion"@aau	
"tːúi"@xam	<https://panlex.org/snapshot/panlex-20191001-csv/3975#51726139>				<https://panlex.org/snapshot/panlex-20191001-csv/3975#51725998>		"lonuayk"@aau	
"ãː"@xam	<https://panlex.org/snapshot/panlex-20191001-csv/3975#51725263>				<https://panlex.org/snapshot/panlex-20191001-csv/3975#51725115>		"kow"@aau	
"ǀkxwáíː"@xam	<https://panlex.org/snapshot/panlex-20191001-csv/3975#51728017>				<https://panlex.org/snapshot/panlex-20191001-csv/3975#51727890>		"krai-ar"@aau	
"ǀǀʼa"@xam	<https://panlex.org/snapshot/panlex-20191001-csv/3975#51733887>				<https://panlex.org/snapshot/panlex-20191001-csv/3975#51733727>		"ley"@aau	
"tːũŋ"@xam	<https://panlex.org/snapshot/panlex-20191001-csv/3975#51731347>				<https://panlex.org/snapshot/panlex-20191001-csv/3975#51731214>		"ohi"@aau	
"ɡǀǀerre"@xam	<https://panlex.org/snapshot/panlex-20191001-csv/3975#51724409>				<https://panlex.org/snapshot/panlex-20191001-csv/3975#51724301>		"owhma"@aau	
"ɡǀǀerre"@xam	<https://panlex.org/snapshot/panlex-20191001-csv/3975#51724409>				<https://panlex.org/snapshot/panlex-20191001-csv/3975#51724300>		"ohma"@aau	
"ɳǀĩ"@xam	<https://panlex.org/snapshot/panlex-20191001-csv/3975#51730909>				<https://panlex.org/snapshot/panlex-20191001-csv/3975#51730755>		"lira"@aau	
"ǀǀɔː"@xam	<https://panlex.org/snapshot/panlex-20191001-csv/3975#51723387>				<https://panlex.org/snapshot/panlex-20191001-csv/3975#51723266>		"som"@aau	
"ǀʼér̃r̃i"@xam	<https://panlex.org/snapshot/panlex-20191001-csv/3975#51733247>				<https://panlex.org/snapshot/panlex-20191001-csv/3975#51733114>		"sane"@aau	
"cːíː"@xam	<https://panlex.org/snapshot/panlex-20191001-csv/3975#51721492>				<https://panlex.org/snapshot/panlex-20191001-csv/3975#51721368>		"peyk"@aau	
"ǀʼa"@xam	<https://panlex.org/snapshot/panlex-20191001-csv/3975#51722930>				<https://panlex.org/snapshot/panlex-20191001-csv/3975#51722786>		"lokrue"@aau	
"éŋ-éŋ"@xam	<https://panlex.org/snapshot/panlex-20191001-csv/3975#51728176>				<https://panlex.org/snapshot/panlex-20191001-csv/3975#51728034>		"pion"@aau	
"kxwĩː"@xam	<https://panlex.org/snapshot/panlex-20191001-csv/3975#51723249>				<https://panlex.org/snapshot/panlex-20191001-csv/3975#51723100>		"lowswa"@aau	
"ǀʼaːi-ti"@xam	<https://panlex.org/snapshot/panlex-20191001-csv/3975#51735005>				<https://panlex.org/snapshot/panlex-20191001-csv/3975#51734850>		"sa"@aau	
"ǀǀérri-tǝn tí"@xam	<https://panlex.org/snapshot/panlex-20191001-csv/3975#51735943>				<https://panlex.org/snapshot/panlex-20191001-csv/3975#51735815>		"sok"@aau	
"tːeːn-tːeːn"@xam	<https://panlex.org/snapshot/panlex-20191001-csv/3975#51727331>				<https://panlex.org/snapshot/panlex-20191001-csv/3975#51727189>		"won"@aau	
"ǀǀʼé"@xam	<https://panlex.org/snapshot/panlex-20191001-csv/3975#51733890>				<https://panlex.org/snapshot/panlex-20191001-csv/3975#51733727>		"ley"@aau	
"tːeːn"@xam	<https://panlex.org/snapshot/panlex-20191001-csv/3975#51727329>				<https://panlex.org/snapshot/panlex-20191001-csv/3975#51727189>		"won"@aau	
"ǂá-kka"@xam	<https://panlex.org/snapshot/panlex-20191001-csv/3975#51730737>				<https://panlex.org/snapshot/panlex-20191001-csv/3975#51730585>		"me"@aau	
"ǀʼénni"@xam	<https://panlex.org/snapshot/panlex-20191001-csv/3975#51733246>				<https://panlex.org/snapshot/panlex-20191001-csv/3975#51733114>		"sane"@aau	
"àː"@xam	<https://panlex.org/snapshot/panlex-20191001-csv/3975#51725262>				<https://panlex.org/snapshot/panlex-20191001-csv/3975#51725115>		"kow"@aau	
"ǀǀxau-ki"@xam	<https://panlex.org/snapshot/panlex-20191001-csv/3975#51721779>				<https://panlex.org/snapshot/panlex-20191001-csv/3975#51721645>		"nioh"@aau	
"ɳǀũnu"@xam	<https://panlex.org/snapshot/panlex-20191001-csv/3975#51729312>				<https://panlex.org/snapshot/panlex-20191001-csv/3975#51729170>		"kasaw"@aau	
"ǀú-ken"@xam	<https://panlex.org/snapshot/panlex-20191001-csv/3975#51725675>				<https://panlex.org/snapshot/panlex-20191001-csv/3975#51725545>		"ɒ́hnɛ̀"@aau	
"ǀkxwaiː-ya"@xam	<https://panlex.org/snapshot/panlex-20191001-csv/3975#51728018>				<https://panlex.org/snapshot/panlex-20191001-csv/3975#51727890>		"krai-ar"@aau	
"ǀwa̰ː-gǝn"@xam	<https://panlex.org/snapshot/panlex-20191001-csv/3975#51722451>				<https://panlex.org/snapshot/panlex-20191001-csv/3975#51722346>		"waw"@aau	
"caxáu"@xam	<https://panlex.org/snapshot/panlex-20191001-csv/3975#51724144>				<https://panlex.org/snapshot/panlex-20191001-csv/3975#51723998>		"nene"@aau	
"kxãnni"@xam	<https://panlex.org/snapshot/panlex-20191001-csv/3975#51721356>				<https://panlex.org/snapshot/panlex-20191001-csv/3975#51721226>		"ahney"@aau	
"ǂʼenː-na"@xam	<https://panlex.org/snapshot/panlex-20191001-csv/3975#51727036>				<https://panlex.org/snapshot/panlex-20191001-csv/3975#51726911>		"nonkway"@aau	
"ǀǀaù"@xam	<https://panlex.org/snapshot/panlex-20191001-csv/3975#51724835>				<https://panlex.org/snapshot/panlex-20191001-csv/3975#51724727>		"sian"@aau	
"áː"@xam	<https://panlex.org/snapshot/panlex-20191001-csv/3975#51725261>				<https://panlex.org/snapshot/panlex-20191001-csv/3975#51725115>		"kow"@aau	
"ǀʼi"@xam	<https://panlex.org/snapshot/panlex-20191001-csv/3975#51724568>				<https://panlex.org/snapshot/panlex-20191001-csv/3975#51724424>		"yia"@aau	
"ɳǀi"@xam	<https://panlex.org/snapshot/panlex-20191001-csv/3975#51730911>				<https://panlex.org/snapshot/panlex-20191001-csv/3975#51730755>		"lira"@aau	
"ǂʼeńńː"@xam	<https://panlex.org/snapshot/panlex-20191001-csv/3975#51727033>				<https://panlex.org/snapshot/panlex-20191001-csv/3975#51726911>		"nonkway"@aau	
"ǀʼĩː"@xam	<https://panlex.org/snapshot/panlex-20191001-csv/3975#51726282>				<https://panlex.org/snapshot/panlex-20191001-csv/3975#51726154>		"uron"@aau	
"cʼːiː"@xam	<https://panlex.org/snapshot/panlex-20191001-csv/3975#51721491>				<https://panlex.org/snapshot/panlex-20191001-csv/3975#51721368>		"peyk"@aau	
"ǀǀxáu-kǝn"@xam	<https://panlex.org/snapshot/panlex-20191001-csv/3975#51721778>				<https://panlex.org/snapshot/panlex-20191001-csv/3975#51721645>		"nioh"@aau	
"ǀáː"@xam	<https://panlex.org/snapshot/panlex-20191001-csv/3975#51726750>				<https://panlex.org/snapshot/panlex-20191001-csv/3975#51726624>		"lo"@aau	
"ǀú"@xam	<https://panlex.org/snapshot/panlex-20191001-csv/3975#51725674>				<https://panlex.org/snapshot/panlex-20191001-csv/3975#51725545>		"ɒ́hnɛ̀"@aau	
"ǂkʼòː"@xam	<https://panlex.org/snapshot/panlex-20191001-csv/3975#51735667>				<https://panlex.org/snapshot/panlex-20191001-csv/3975#51735547>		"sowr"@aau	
"ʘu̯oin"@xam	<https://panlex.org/snapshot/panlex-20191001-csv/3975#51731501>				<https://panlex.org/snapshot/panlex-20191001-csv/3975#51731363>		"lwon"@aau	
"ʘu̯oin"@xam	<https://panlex.org/snapshot/panlex-20191001-csv/3975#51731501>				<https://panlex.org/snapshot/panlex-20191001-csv/3975#51731362>		"lian"@aau	
"ʘu̯oin"@xam	<https://panlex.org/snapshot/panlex-20191001-csv/3975#51731501>				<https://panlex.org/snapshot/panlex-20191001-csv/3975#51731361>		"lia=won"@aau	
"sːi"@xam	<https://panlex.org/snapshot/panlex-20191001-csv/3975#51734402>				<https://panlex.org/snapshot/panlex-20191001-csv/3975#51734191>		"hro-m"@aau	
"ɡǀǀárre"@xam	<https://panlex.org/snapshot/panlex-20191001-csv/3975#51724410>				<https://panlex.org/snapshot/panlex-20191001-csv/3975#51724301>		"owhma"@aau	
"ɡǀǀárre"@xam	<https://panlex.org/snapshot/panlex-20191001-csv/3975#51724410>				<https://panlex.org/snapshot/panlex-20191001-csv/3975#51724300>		"ohma"@aau	
"aː"@xam	<https://panlex.org/snapshot/panlex-20191001-csv/3975#51732958>				<https://panlex.org/snapshot/panlex-20191001-csv/3975#51732821>		"o-"@aau	
"eŋ-eŋ-ya"@xam	<https://panlex.org/snapshot/panlex-20191001-csv/3975#51728177>				<https://panlex.org/snapshot/panlex-20191001-csv/3975#51728034>		"pion"@aau	
"cʼa=de"@xam	<https://panlex.org/snapshot/panlex-20191001-csv/3975#51734562>				<https://panlex.org/snapshot/panlex-20191001-csv/3975#51734420>		"pay"@aau	
"ǀǀa̰ːŋ"@xam	<https://panlex.org/snapshot/panlex-20191001-csv/3975#51729000>				<https://panlex.org/snapshot/panlex-20191001-csv/3975#51728882>		"iwon"@aau	
"ǂá-kǝn"@xam	<https://panlex.org/snapshot/panlex-20191001-csv/3975#51730738>				<https://panlex.org/snapshot/panlex-20191001-csv/3975#51730585>		"me"@aau	
"ǀʼu̯erriː"@xam	<https://panlex.org/snapshot/panlex-20191001-csv/3975#51735800>				<https://panlex.org/snapshot/panlex-20191001-csv/3975#51735681>		"haraw"@aau	
"ǀʼà"@xam	<https://panlex.org/snapshot/panlex-20191001-csv/3975#51722931>				<https://panlex.org/snapshot/panlex-20191001-csv/3975#51722786>		"lokrue"@aau	
"haː"@xam	<https://panlex.org/snapshot/panlex-20191001-csv/3975#51723854>				<https://panlex.org/snapshot/panlex-20191001-csv/3975#51723696>		"ra"@aau	
"tːeːŋ-ya"@xam	<https://panlex.org/snapshot/panlex-20191001-csv/3975#51727332>				<https://panlex.org/snapshot/panlex-20191001-csv/3975#51727189>		"won"@aau	
"sːʼo"@xam	<https://panlex.org/snapshot/panlex-20191001-csv/3975#51731195>				<https://panlex.org/snapshot/panlex-20191001-csv/3975#51731043>		"liwak"@aau	
"ǀǀaː"@xam	<https://panlex.org/snapshot/panlex-20191001-csv/3975#51722195>				<https://panlex.org/snapshot/panlex-20191001-csv/3975#51722067>		"loum"@aau	
"kxáo"@xam	<https://panlex.org/snapshot/panlex-20191001-csv/3975#51722584>				<https://panlex.org/snapshot/panlex-20191001-csv/3975#51722463>		"snɒ́l"@aau	
"a-á"@xam	<https://panlex.org/snapshot/panlex-20191001-csv/3975#51733098>				<https://panlex.org/snapshot/panlex-20191001-csv/3975#51732970>		"hwon"@aau	
"ǀǀurru"@xam	<https://panlex.org/snapshot/panlex-20191001-csv/3975#51722334>				<https://panlex.org/snapshot/panlex-20191001-csv/3975#51722211>		"nám"@aau	
"ǀǀʰwé-tǝn"@xam	<https://panlex.org/snapshot/panlex-20191001-csv/3975#51735260>				<https://panlex.org/snapshot/panlex-20191001-csv/3975#51735145>		"mei-aw"@aau	
"šːo"@xam	<https://panlex.org/snapshot/panlex-20191001-csv/3975#51731196>				<https://panlex.org/snapshot/panlex-20191001-csv/3975#51731043>		"liwak"@aau	
"ǀkxa"@xam	<https://panlex.org/snapshot/panlex-20191001-csv/3975#51725823>				<https://panlex.org/snapshot/panlex-20191001-csv/3975#51725693>		"iha"@aau	
"ã̀ː"@xam	<https://panlex.org/snapshot/panlex-20191001-csv/3975#51728173>				<https://panlex.org/snapshot/panlex-20191001-csv/3975#51728034>		"pion"@aau	
"ǀǀau"@xam	<https://panlex.org/snapshot/panlex-20191001-csv/3975#51724836>				<https://panlex.org/snapshot/panlex-20191001-csv/3975#51724727>		"sian"@aau	
"ǀǀxáu-ka"@xam	<https://panlex.org/snapshot/panlex-20191001-csv/3975#51721777>				<https://panlex.org/snapshot/panlex-20191001-csv/3975#51721645>		"nioh"@aau	
"ǀǀoː"@xam	<https://panlex.org/snapshot/panlex-20191001-csv/3975#51723386>				<https://panlex.org/snapshot/panlex-20191001-csv/3975#51723266>		"som"@aau	
"ǀǀxáu"@xam	<https://panlex.org/snapshot/panlex-20191001-csv/3975#51724840>				<https://panlex.org/snapshot/panlex-20191001-csv/3975#51724727>		"sian"@aau	
"ǀʰá"@xam	<https://panlex.org/snapshot/panlex-20191001-csv/3975#51726751>				<https://panlex.org/snapshot/panlex-20191001-csv/3975#51726624>		"lo"@aau	
"ǂá-ka"@xam	<https://panlex.org/snapshot/panlex-20191001-csv/3975#51730739>				<https://panlex.org/snapshot/panlex-20191001-csv/3975#51730585>		"me"@aau	
"ǀǀeː"@xam	<https://panlex.org/snapshot/panlex-20191001-csv/3975#51722197>				<https://panlex.org/snapshot/panlex-20191001-csv/3975#51722067>		"loum"@aau	
"ǀǀò"@xam	<https://panlex.org/snapshot/panlex-20191001-csv/3975#51723388>				<https://panlex.org/snapshot/panlex-20191001-csv/3975#51723266>		"som"@aau	
"á-kkǝn"@xam	<https://panlex.org/snapshot/panlex-20191001-csv/3975#51725411>				<https://panlex.org/snapshot/panlex-20191001-csv/3975#51725281>		"yaprue"@aau	
"ɳǀa"@xam	<https://panlex.org/snapshot/panlex-20191001-csv/3975#51725980>				<https://panlex.org/snapshot/panlex-20191001-csv/3975#51725840>		"makw-ey"@aau	
"ɳǀaː"@xam	<https://panlex.org/snapshot/panlex-20191001-csv/3975#51725981>				<https://panlex.org/snapshot/panlex-20191001-csv/3975#51725840>		"makw-ey"@aau	
"ɳǀaː"@xam	<https://panlex.org/snapshot/panlex-20191001-csv/3975#51730906>				<https://panlex.org/snapshot/panlex-20191001-csv/3975#51730755>		"lira"@aau	
"ǂʼɛɲɲi"@xam	<https://panlex.org/snapshot/panlex-20191001-csv/3975#51731645>				<https://panlex.org/snapshot/panlex-20191001-csv/3975#51731518>		"sowpwaren-ey"@aau	
"a"@xam	<https://panlex.org/snapshot/panlex-20191001-csv/3975#51732957>				<https://panlex.org/snapshot/panlex-20191001-csv/3975#51732821>		"o-"@aau	
"a"@xam	<https://panlex.org/snapshot/panlex-20191001-csv/3975#51733097>				<https://panlex.org/snapshot/panlex-20191001-csv/3975#51732970>		"hwon"@aau	
"ɡǀǀaː"@xam	<https://panlex.org/snapshot/panlex-20191001-csv/3975#51729153>				<https://panlex.org/snapshot/panlex-20191001-csv/3975#51729011>		"nayr"@aau	
"ɡǀǀaː"@xam	<https://panlex.org/snapshot/panlex-20191001-csv/3975#51729153>				<https://panlex.org/snapshot/panlex-20191001-csv/3975#51729012>		"arawh"@aau	
"ǀʰáː"@xam	<https://panlex.org/snapshot/panlex-20191001-csv/3975#51726752>				<https://panlex.org/snapshot/panlex-20191001-csv/3975#51726624>		"lo"@aau	
"ǀǀʼaː"@xam	<https://panlex.org/snapshot/panlex-20191001-csv/3975#51733888>				<https://panlex.org/snapshot/panlex-20191001-csv/3975#51733727>		"ley"@aau	
"kxa̰o"@xam	<https://panlex.org/snapshot/panlex-20191001-csv/3975#51722583>				<https://panlex.org/snapshot/panlex-20191001-csv/3975#51722463>		"snɒ́l"@aau	
"tːaː"@xam	<https://panlex.org/snapshot/panlex-20191001-csv/3975#51727326>				<https://panlex.org/snapshot/panlex-20191001-csv/3975#51727189>		"won"@aau	
"ǀeː"@xam	<https://panlex.org/snapshot/panlex-20191001-csv/3975#51732804>				<https://panlex.org/snapshot/panlex-20191001-csv/3975#51732658>		"so-"@aau	
"ǀá"@xam	<https://panlex.org/snapshot/panlex-20191001-csv/3975#51726749>				<https://panlex.org/snapshot/panlex-20191001-csv/3975#51726624>		"lo"@aau	
"kxwã"@xam	<https://panlex.org/snapshot/panlex-20191001-csv/3975#51723248>				<https://panlex.org/snapshot/panlex-20191001-csv/3975#51723100>		"lowswa"@aau	
"taː"@xam	<https://panlex.org/snapshot/panlex-20191001-csv/3975#51727327>				<https://panlex.org/snapshot/panlex-20191001-csv/3975#51727189>		"won"@aau	
"ǀǀa"@xam	<https://panlex.org/snapshot/panlex-20191001-csv/3975#51722194>				<https://panlex.org/snapshot/panlex-20191001-csv/3975#51722067>		"loum"@aau	
"a-a"@xam	<https://panlex.org/snapshot/panlex-20191001-csv/3975#51725264>				<https://panlex.org/snapshot/panlex-20191001-csv/3975#51725115>		"kow"@aau	
"ɡǀǀɔ́ː"@xam	<https://panlex.org/snapshot/panlex-20191001-csv/3975#51731795>				<https://panlex.org/snapshot/panlex-20191001-csv/3975#51731665>		"kuw"@aau	
"ǀǀʰẽːi"@xam	<https://panlex.org/snapshot/panlex-20191001-csv/3975#51733400>				<https://panlex.org/snapshot/panlex-20191001-csv/3975#51733264>		"nays"@aau	
"kuː"@xam	<https://panlex.org/snapshot/panlex-20191001-csv/3975#51720669>				<https://panlex.org/snapshot/panlex-20191001-csv/3975#50811727>		"lowp-a-lowp"@aau	
"tːwáːi-ĩ"@xam	<https://panlex.org/snapshot/panlex-20191001-csv/3975#51725412>				<https://panlex.org/snapshot/panlex-20191001-csv/3975#51725281>		"yaprue"@aau	
"ɳǀiː"@xam	<https://panlex.org/snapshot/panlex-20191001-csv/3975#51730910>				<https://panlex.org/snapshot/panlex-20191001-csv/3975#51730755>		"lira"@aau	
"ǀʼu̯írri"@xam	<https://panlex.org/snapshot/panlex-20191001-csv/3975#51735801>				<https://panlex.org/snapshot/panlex-20191001-csv/3975#51735681>		"haraw"@aau	
"ǀǀúru"@xam	<https://panlex.org/snapshot/panlex-20191001-csv/3975#51722333>				<https://panlex.org/snapshot/panlex-20191001-csv/3975#51722211>		"nám"@aau	
"hãː"@xam	<https://panlex.org/snapshot/panlex-20191001-csv/3975#51723853>				<https://panlex.org/snapshot/panlex-20191001-csv/3975#51723696>		"ra"@aau	
"ã́ː"@xam	<https://panlex.org/snapshot/panlex-20191001-csv/3975#51728174>				<https://panlex.org/snapshot/panlex-20191001-csv/3975#51728034>		"pion"@aau	
"tːu"@xam	<https://panlex.org/snapshot/panlex-20191001-csv/3975#51726138>				<https://panlex.org/snapshot/panlex-20191001-csv/3975#51725998>		"lonuayk"@aau	
"tːú"@xam	<https://panlex.org/snapshot/panlex-20191001-csv/3975#51728589>				<https://panlex.org/snapshot/panlex-20191001-csv/3975#51728451>		"woki"@aau	
"a-ã"@xam	<https://panlex.org/snapshot/panlex-20191001-csv/3975#51725265>				<https://panlex.org/snapshot/panlex-20191001-csv/3975#51725115>		"kow"@aau	
"sːi-sːi"@xam	<https://panlex.org/snapshot/panlex-20191001-csv/3975#51734403>				<https://panlex.org/snapshot/panlex-20191001-csv/3975#51734191>		"hro-m"@aau	
"ǀǀaːuː"@xam	<https://panlex.org/snapshot/panlex-20191001-csv/3975#51724837>				<https://panlex.org/snapshot/panlex-20191001-csv/3975#51724727>		"sian"@aau	
"ɡǀǀa"@xam	<https://panlex.org/snapshot/panlex-20191001-csv/3975#51729152>				<https://panlex.org/snapshot/panlex-20191001-csv/3975#51729011>		"nayr"@aau	
"ɡǀǀa"@xam	<https://panlex.org/snapshot/panlex-20191001-csv/3975#51729152>				<https://panlex.org/snapshot/panlex-20191001-csv/3975#51729012>		"arawh"@aau	
"ǀʰú-kǝn"@xam	<https://panlex.org/snapshot/panlex-20191001-csv/3975#51725677>				<https://panlex.org/snapshot/panlex-20191001-csv/3975#51725545>		"ɒ́hnɛ̀"@aau	
