"ghowea"@mnb	<https://panlex.org/snapshot/panlex-20191001-csv/114#8061123>				<https://panlex.org/snapshot/panlex-20191001-csv/114#8061143>		"kivekive"@mvo	
"kangkaha"@mnb	<https://panlex.org/snapshot/panlex-20191001-csv/114#8054516>				<https://panlex.org/snapshot/panlex-20191001-csv/114#8054536>		"huana"@mvo	
"aefekiri"@mnb	<https://panlex.org/snapshot/panlex-20191001-csv/114#8062146>				<https://panlex.org/snapshot/panlex-20191001-csv/114#8062163>		"mbalambala"@mvo	
"rea"@mnb	<https://panlex.org/snapshot/panlex-20191001-csv/114#8063144>				<https://panlex.org/snapshot/panlex-20191001-csv/114#8063163>		"njuka-"@mvo	
"amai"@mnb	<https://panlex.org/snapshot/panlex-20191001-csv/114#8055019>				<https://panlex.org/snapshot/panlex-20191001-csv/114#8055039>		"mae"@mvo	
"wangka"@mnb	<https://panlex.org/snapshot/panlex-20191001-csv/114#8067348>				<https://panlex.org/snapshot/panlex-20191001-csv/114#8067370>		"livɔ-"@mvo	
"harabu"@mnb	<https://panlex.org/snapshot/panlex-20191001-csv/114#8057020>				<https://panlex.org/snapshot/panlex-20191001-csv/114#8057040>		"kavuru"@mvo	
"woba"@mnb	<https://panlex.org/snapshot/panlex-20191001-csv/114#8066787>				<https://panlex.org/snapshot/panlex-20191001-csv/114#8066811>		"hunju-"@mvo	
"ihi no taghi"@mnb	<https://panlex.org/snapshot/panlex-20191001-csv/114#8059578>				<https://panlex.org/snapshot/panlex-20191001-csv/114#8059594>		"kuru-"@mvo	
"aleni"@mnb	<https://panlex.org/snapshot/panlex-20191001-csv/114#8056024>				<https://panlex.org/snapshot/panlex-20191001-csv/114#8056044>		"cucuve"@mvo	
"nee"@mnb	<https://panlex.org/snapshot/panlex-20191001-csv/114#8065318>				<https://panlex.org/snapshot/panlex-20191001-csv/114#8065341>		"isu-"@mvo	
"pandehao"@mnb	<https://panlex.org/snapshot/panlex-20191001-csv/114#8061649>				<https://panlex.org/snapshot/panlex-20191001-csv/114#8061668>		"atɛn|ia"@mvo	
"akala"@mnb	<https://panlex.org/snapshot/panlex-20191001-csv/114#8053991>				<https://panlex.org/snapshot/panlex-20191001-csv/114#8054010>		"ɛne"@mvo	
"wubha"@mnb	<https://panlex.org/snapshot/panlex-20191001-csv/114#8066788>				<https://panlex.org/snapshot/panlex-20191001-csv/114#8066811>		"hunju-"@mvo	
"titi"@mnb	<https://panlex.org/snapshot/panlex-20191001-csv/114#8060602>				<https://panlex.org/snapshot/panlex-20191001-csv/114#8060623>		"cucu-"@mvo	
"aotehi"@mnb	<https://panlex.org/snapshot/panlex-20191001-csv/114#8062646>				<https://panlex.org/snapshot/panlex-20191001-csv/114#8062666>		"talokɛte"@mvo	
"towu"@mnb	<https://panlex.org/snapshot/panlex-20191001-csv/114#8058027>				<https://panlex.org/snapshot/panlex-20191001-csv/114#8058045>		"kakandɔ-"@mvo	
"nē"@mnb	<https://panlex.org/snapshot/panlex-20191001-csv/114#8065319>				<https://panlex.org/snapshot/panlex-20191001-csv/114#8065341>		"isu-"@mvo	
"fo|ta"@mnb	<https://panlex.org/snapshot/panlex-20191001-csv/114#8068404>				<https://panlex.org/snapshot/panlex-20191001-csv/114#8068424>		"iraŋa"@mvo	
"afu|taa"@mnb	<https://panlex.org/snapshot/panlex-20191001-csv/114#8068403>				<https://panlex.org/snapshot/panlex-20191001-csv/114#8068424>		"iraŋa"@mvo	
"vulu no fotu"@mnb	<https://panlex.org/snapshot/panlex-20191001-csv/114#8064758>				<https://panlex.org/snapshot/panlex-20191001-csv/114#8064779>		"kalu"@mvo	
