"ig"@mrw	<https://panlex.org/snapshot/panlex-20191001-csv/12#851064>				<https://panlex.org/snapshot/panlex-20191001-csv/12#851062>		"vai"@mrq	
"baŋo"@mrw	<https://panlex.org/snapshot/panlex-20191001-csv/114#8066284>				<https://panlex.org/snapshot/panlex-20191001-csv/114#8066282>		"hone"@mrq	
"baŋo"@mrw	<https://panlex.org/snapshot/panlex-20191001-csv/114#8066284>				<https://panlex.org/snapshot/panlex-20191001-csv/114#8066281>		"hoki"@mrq	
"peŋ-gi|nawa"@mrw	<https://panlex.org/snapshot/panlex-20191001-csv/114#8065813>				<https://panlex.org/snapshot/panlex-20191001-csv/114#8065811>		"ha"@mrq	
"peŋ-gi|nawa"@mrw	<https://panlex.org/snapshot/panlex-20191001-csv/114#8065813>				<https://panlex.org/snapshot/panlex-20191001-csv/114#8065812>		"menava"@mrq	
"tiŋer"@mrw	<https://panlex.org/snapshot/panlex-20191001-csv/114#8055526>				<https://panlex.org/snapshot/panlex-20191001-csv/114#8055525>		"kavií"@mrq	
"babat"@mrw	<https://panlex.org/snapshot/panlex-20191001-csv/114#8058568>				<https://panlex.org/snapshot/panlex-20191001-csv/114#8058564>		"ʻopu"@mrq	
"babat"@mrw	<https://panlex.org/snapshot/panlex-20191001-csv/114#8058568>				<https://panlex.org/snapshot/panlex-20191001-csv/114#8058563>		"kopu"@mrq	
"olo"@mrw	<https://panlex.org/snapshot/panlex-20191001-csv/114#8063695>				<https://panlex.org/snapshot/panlex-20191001-csv/114#8063692>		"upoko"@mrq	
"olo"@mrw	<https://panlex.org/snapshot/panlex-20191001-csv/114#8063695>				<https://panlex.org/snapshot/panlex-20191001-csv/114#8063693>		"uʻu"@mrq	
"aqi"@mrw	<https://panlex.org/snapshot/panlex-20191001-csv/114#8053419>				<https://panlex.org/snapshot/panlex-20191001-csv/114#8053417>		"vae"@mrq	
"tian"@mrw	<https://panlex.org/snapshot/panlex-20191001-csv/114#8058569>				<https://panlex.org/snapshot/panlex-20191001-csv/114#8058564>		"ʻopu"@mrq	
"tian"@mrw	<https://panlex.org/snapshot/panlex-20191001-csv/114#8058569>				<https://panlex.org/snapshot/panlex-20191001-csv/114#8058563>		"kopu"@mrq	
"rogoq"@mrw	<https://panlex.org/snapshot/panlex-20191001-csv/114#8063155>				<https://panlex.org/snapshot/panlex-20191001-csv/114#8063153>		"toto"@mrq	
"lima"@mrw	<https://panlex.org/snapshot/panlex-20191001-csv/114#8051935>				<https://panlex.org/snapshot/panlex-20191001-csv/114#8051932>		"ìma"@mrq	
"ŋariq"@mrw	<https://panlex.org/snapshot/panlex-20191001-csv/114#8066803>				<https://panlex.org/snapshot/panlex-20191001-csv/114#8066799>		"fafa"@mrq	
"ŋariq"@mrw	<https://panlex.org/snapshot/panlex-20191001-csv/114#8066803>				<https://panlex.org/snapshot/panlex-20191001-csv/114#8066800>		"haha"@mrq	
"ŋariq"@mrw	<https://panlex.org/snapshot/panlex-20191001-csv/114#8066803>				<https://panlex.org/snapshot/panlex-20191001-csv/114#8066801>		"nutu"@mrq	
"kawan"@mrw	<https://panlex.org/snapshot/panlex-20191001-csv/114#8062659>				<https://panlex.org/snapshot/panlex-20191001-csv/114#8062657>		"metaʻu"@mrq	
"kawan"@mrw	<https://panlex.org/snapshot/panlex-20191001-csv/114#8062659>				<https://panlex.org/snapshot/panlex-20191001-csv/114#8062656>		"haʻametaʻu"@mrq	
"dilaq"@mrw	<https://panlex.org/snapshot/panlex-20191001-csv/114#8067885>				<https://panlex.org/snapshot/panlex-20191001-csv/114#8067883>		"aʻèo"@mrq	
"ig"@mrw	<https://panlex.org/snapshot/panlex-20191001-csv/11#787665>				<https://panlex.org/snapshot/panlex-20191001-csv/11#787663>		"vai"@mrq	
