"kwémléxw"@hur	<https://panlex.org/snapshot/panlex-20191001-csv/3975#51730280>				<https://panlex.org/snapshot/panlex-20191001-csv/3975#51730315>		"douls̄t-"@onw	
"skwí:x – skwíx"@hur	<https://panlex.org/snapshot/panlex-20191001-csv/3975#51728654>				<https://panlex.org/snapshot/panlex-20191001-csv/3975#51728702>		"tans-"@onw	
"skwí:x – skwíx"@hur	<https://panlex.org/snapshot/panlex-20191001-csv/3975#51728654>				<https://panlex.org/snapshot/panlex-20191001-csv/3975#51728701>		"taŋs̄-"@onw	
"s=wǝyq-eʔ"@hur	<https://panlex.org/snapshot/panlex-20191001-csv/3975#51727795>				<https://panlex.org/snapshot/panlex-20191001-csv/3975#51727847>		"ōḡǯ-"@onw	
"s=wǝyq-eʔ"@hur	<https://panlex.org/snapshot/panlex-20191001-csv/3975#51727795>				<https://panlex.org/snapshot/panlex-20191001-csv/3975#51727848>		"ōgoǯ-"@onw	
"scǝɬtǝn"@hur	<https://panlex.org/snapshot/panlex-20191001-csv/3975#51724635>				<https://panlex.org/snapshot/panlex-20191001-csv/3975#51724679>		"ouatto-"@onw	
"létsʼe"@hur	<https://panlex.org/snapshot/panlex-20191001-csv/3975#51729558>				<https://panlex.org/snapshot/panlex-20191001-csv/3975#51729611>		"wer-"@onw	
"létsʼe"@hur	<https://panlex.org/snapshot/panlex-20191001-csv/3975#51729558>				<https://panlex.org/snapshot/panlex-20191001-csv/3975#51729610>		"ouer-"@onw	
"létsʼe"@hur	<https://panlex.org/snapshot/panlex-20191001-csv/3975#51729558>				<https://panlex.org/snapshot/panlex-20191001-csv/3975#51729609>		"ouel-"@onw	
"θi"@hur	<https://panlex.org/snapshot/panlex-20191001-csv/3975#51721135>				<https://panlex.org/snapshot/panlex-20191001-csv/3975#51721175>		"dauei-"@onw	
"θi"@hur	<https://panlex.org/snapshot/panlex-20191001-csv/3975#51721135>				<https://panlex.org/snapshot/panlex-20191001-csv/3975#51721174>		"dau-"@onw	
"θi"@hur	<https://panlex.org/snapshot/panlex-20191001-csv/3975#51721135>				<https://panlex.org/snapshot/panlex-20191001-csv/3975#51721177>		"dauē-"@onw	
"θi"@hur	<https://panlex.org/snapshot/panlex-20191001-csv/3975#51721135>				<https://panlex.org/snapshot/panlex-20191001-csv/3975#51721176>		"dauou-"@onw	
"s=θʼamʼ"@hur	<https://panlex.org/snapshot/panlex-20191001-csv/3975#51721848>				<https://panlex.org/snapshot/panlex-20191001-csv/3975#51721889>		"gisri-"@onw	
"s=θʼamʼ"@hur	<https://panlex.org/snapshot/panlex-20191001-csv/3975#51721848>				<https://panlex.org/snapshot/panlex-20191001-csv/3975#51721890>		"ŋisri-"@onw	
"ôwe"@hur	<https://panlex.org/snapshot/panlex-20191001-csv/3975#51729388>				<https://panlex.org/snapshot/panlex-20191001-csv/3975#51729445>		"men-"@onw	
"ôwe"@hur	<https://panlex.org/snapshot/panlex-20191001-csv/3975#51729388>				<https://panlex.org/snapshot/panlex-20191001-csv/3975#51729448>		"min-"@onw	
"ôwe"@hur	<https://panlex.org/snapshot/panlex-20191001-csv/3975#51729388>				<https://panlex.org/snapshot/panlex-20191001-csv/3975#51729447>		"mein-"@onw	
"ôwe"@hur	<https://panlex.org/snapshot/panlex-20191001-csv/3975#51729388>				<https://panlex.org/snapshot/panlex-20191001-csv/3975#51729446>		"mηn-"@onw	
"isá:la"@hur	<https://panlex.org/snapshot/panlex-20191001-csv/3975#51733623>				<https://panlex.org/snapshot/panlex-20191001-csv/3975#51733679>		"ouou-"@onw	
"isá:la"@hur	<https://panlex.org/snapshot/panlex-20191001-csv/3975#51733623>				<https://panlex.org/snapshot/panlex-20191001-csv/3975#51733680>		"ouwwo-"@onw	
"isá:la"@hur	<https://panlex.org/snapshot/panlex-20191001-csv/3975#51733623>				<https://panlex.org/snapshot/panlex-20191001-csv/3975#51733678>		"ouo-"@onw	
"sǝmʼšáθǝt"@hur	<https://panlex.org/snapshot/panlex-20191001-csv/3975#51732288>				<https://panlex.org/snapshot/panlex-20191001-csv/3975#51732347>		"maša-l-"@onw	
"s=meːnt"@hur	<https://panlex.org/snapshot/panlex-20191001-csv/3975#51732147>				<https://panlex.org/snapshot/panlex-20191001-csv/3975#51732188>		"kt̄-"@onw	
"s=meːnt"@hur	<https://panlex.org/snapshot/panlex-20191001-csv/3975#51728376>				<https://panlex.org/snapshot/panlex-20191001-csv/3975#51728410>		"ŋaǯ-"@onw	
"s=meːnt"@hur	<https://panlex.org/snapshot/panlex-20191001-csv/3975#51728376>				<https://panlex.org/snapshot/panlex-20191001-csv/3975#51728412>		"ouer-"@onw	
"s=meːnt"@hur	<https://panlex.org/snapshot/panlex-20191001-csv/3975#51728376>				<https://panlex.org/snapshot/panlex-20191001-csv/3975#51728411>		"ŋaǯǯ-"@onw	
"môkwʼ"@hur	<https://panlex.org/snapshot/panlex-20191001-csv/3975#51720596>				<https://panlex.org/snapshot/panlex-20191001-csv/3975#51720642>		"kellω"@onw	
"môkwʼ"@hur	<https://panlex.org/snapshot/panlex-20191001-csv/3975#51720596>				<https://panlex.org/snapshot/panlex-20191001-csv/3975#51720641>		"kello"@onw	
"môkwʼ"@hur	<https://panlex.org/snapshot/panlex-20191001-csv/3975#51720596>				<https://panlex.org/snapshot/panlex-20191001-csv/3975#51720643>		"mš̄šan-"@onw	
"ɬákʼʷ"@hur	<https://panlex.org/snapshot/panlex-20191001-csv/3975#51724769>				<https://panlex.org/snapshot/panlex-20191001-csv/3975#51724815>		"parr-"@onw	
"tlʼo)"@hur	<https://panlex.org/snapshot/panlex-20191001-csv/3975#51732723>				<https://panlex.org/snapshot/panlex-20191001-csv/3975#51732769>		"man-"@onw	
"tlʼo)"@hur	<https://panlex.org/snapshot/panlex-20191001-csv/3975#51732723>				<https://panlex.org/snapshot/panlex-20191001-csv/3975#51732770>		"maan-"@onw	
"talèwe"@hur	<https://panlex.org/snapshot/panlex-20191001-csv/3975#51733017>				<https://panlex.org/snapshot/panlex-20191001-csv/3975#51733063>		"ei-d"@onw	
"talèwe"@hur	<https://panlex.org/snapshot/panlex-20191001-csv/3975#51733017>				<https://panlex.org/snapshot/panlex-20191001-csv/3975#51733062>		"r̄-"@onw	
"talèwe"@hur	<https://panlex.org/snapshot/panlex-20191001-csv/3975#51733017>				<https://panlex.org/snapshot/panlex-20191001-csv/3975#51733064>		"ηd-"@onw	
"talèwe"@hur	<https://panlex.org/snapshot/panlex-20191001-csv/3975#51733017>				<https://panlex.org/snapshot/panlex-20191001-csv/3975#51733061>		"eir-"@onw	
"imex"@hur	<https://panlex.org/snapshot/panlex-20191001-csv/3975#51733784>				<https://panlex.org/snapshot/panlex-20191001-csv/3975#51733839>		"ǯor-"@onw	
"imex"@hur	<https://panlex.org/snapshot/panlex-20191001-csv/3975#51733784>				<https://panlex.org/snapshot/panlex-20191001-csv/3975#51733840>		"ǯωr-"@onw	
"imex"@hur	<https://panlex.org/snapshot/panlex-20191001-csv/3975#51733784>				<https://panlex.org/snapshot/panlex-20191001-csv/3975#51733842>		"ǯouour-"@onw	
"imex"@hur	<https://panlex.org/snapshot/panlex-20191001-csv/3975#51733784>				<https://panlex.org/snapshot/panlex-20191001-csv/3975#51733841>		"ǯour-"@onw	
"s=net"@hur	<https://panlex.org/snapshot/panlex-20191001-csv/3975#51729068>				<https://panlex.org/snapshot/panlex-20191001-csv/3975#51729124>		"ōar-"@onw	
"sqwemá:y"@hur	<https://panlex.org/snapshot/panlex-20191001-csv/3975#51722998>				<https://panlex.org/snapshot/panlex-20191001-csv/3975#51723053>		"moug-"@onw	
"qélém"@hur	<https://panlex.org/snapshot/panlex-20191001-csv/3975#51724058>				<https://panlex.org/snapshot/panlex-20191001-csv/3975#51724115>		"maɲ-"@onw	
"spí:ls"@hur	<https://panlex.org/snapshot/panlex-20191001-csv/3975#51730972>				<https://panlex.org/snapshot/panlex-20191001-csv/3975#51731008>		"koǯid-"@onw	
"spí:ls"@hur	<https://panlex.org/snapshot/panlex-20191001-csv/3975#51730972>				<https://panlex.org/snapshot/panlex-20191001-csv/3975#51731007>		"koǯr̄-"@onw	
"chókw"@hur	<https://panlex.org/snapshot/panlex-20191001-csv/3975#51735202>				<https://panlex.org/snapshot/panlex-20191001-csv/3975#51735234>		"oueid-"@onw	
"téxwthelh"@hur	<https://panlex.org/snapshot/panlex-20191001-csv/3975#51733167>				<https://panlex.org/snapshot/panlex-20191001-csv/3975#51733217>		"tame-"@onw	
"xá:lh"@hur	<https://panlex.org/snapshot/panlex-20191001-csv/3975#51730142>				<https://panlex.org/snapshot/panlex-20191001-csv/3975#51730185>		"dauei-"@onw	
"xá:lh"@hur	<https://panlex.org/snapshot/panlex-20191001-csv/3975#51730142>				<https://panlex.org/snapshot/panlex-20191001-csv/3975#51730186>		"dauou-"@onw	
"tsʼlhà:m"@hur	<https://panlex.org/snapshot/panlex-20191001-csv/3975#51726050>				<https://panlex.org/snapshot/panlex-20191001-csv/3975#51726111>		"oulg-ir-"@onw	
"tiʔí"@hur	<https://panlex.org/snapshot/panlex-20191001-csv/3975#51732875>				<https://panlex.org/snapshot/panlex-20191001-csv/3975#51732920>		"ein-"@onw	
"tiʔí"@hur	<https://panlex.org/snapshot/panlex-20191001-csv/3975#51732875>				<https://panlex.org/snapshot/panlex-20191001-csv/3975#51732919>		"en̄-"@onw	
"tiʔí"@hur	<https://panlex.org/snapshot/panlex-20191001-csv/3975#51732875>				<https://panlex.org/snapshot/panlex-20191001-csv/3975#51732922>		"en-"@onw	
"tiʔí"@hur	<https://panlex.org/snapshot/panlex-20191001-csv/3975#51732875>				<https://panlex.org/snapshot/panlex-20191001-csv/3975#51732921>		"ηn-"@onw	
"mǝstímǝxʷ"@hur	<https://panlex.org/snapshot/panlex-20191001-csv/3975#51729707>				<https://panlex.org/snapshot/panlex-20191001-csv/3975#51729760>		"et̄-"@onw	
"mǝstímǝxʷ"@hur	<https://panlex.org/snapshot/panlex-20191001-csv/3975#51729707>				<https://panlex.org/snapshot/panlex-20191001-csv/3975#51729759>		"eit-"@onw	
"stsʼo:lha"@hur	<https://panlex.org/snapshot/panlex-20191001-csv/3975#51727099>				<https://panlex.org/snapshot/panlex-20191001-csv/3975#51727143>		"oulg-"@onw	
"stsʼo:lha"@hur	<https://panlex.org/snapshot/panlex-20191001-csv/3975#51727099>				<https://panlex.org/snapshot/panlex-20191001-csv/3975#51727144>		"ouloug-"@onw	
"-tsel"@hur	<https://panlex.org/snapshot/panlex-20191001-csv/3975#51726487>				<https://panlex.org/snapshot/panlex-20191001-csv/3975#51726558>		"aiei-"@onw	
"-tsel"@hur	<https://panlex.org/snapshot/panlex-20191001-csv/3975#51726487>				<https://panlex.org/snapshot/panlex-20191001-csv/3975#51726557>		"ai-"@onw	
"wát"@hur	<https://panlex.org/snapshot/panlex-20191001-csv/3975#51734750>				<https://panlex.org/snapshot/panlex-20191001-csv/3975#51734798>		"ŋaiei-"@onw	
"wát"@hur	<https://panlex.org/snapshot/panlex-20191001-csv/3975#51734750>				<https://panlex.org/snapshot/panlex-20191001-csv/3975#51734797>		"ŋai-"@onw	
"ɬχ-íl-ǝš"@hur	<https://panlex.org/snapshot/panlex-20191001-csv/3975#51731858>				<https://panlex.org/snapshot/panlex-20191001-csv/3975#51731903>		"ŋoǯǯ-"@onw	
"ɬχ-íl-ǝš"@hur	<https://panlex.org/snapshot/panlex-20191001-csv/3975#51731858>				<https://panlex.org/snapshot/panlex-20191001-csv/3975#51731902>		"ŋoǯ-"@onw	
"sxéy:es"@hur	<https://panlex.org/snapshot/panlex-20191001-csv/3975#51725898>				<https://panlex.org/snapshot/panlex-20191001-csv/3975#51725950>		"our-"@onw	
"kwʼáts"@hur	<https://panlex.org/snapshot/panlex-20191001-csv/3975#51730809>				<https://panlex.org/snapshot/panlex-20191001-csv/3975#51730875>		"ŋal-"@onw	
"kwʼáts"@hur	<https://panlex.org/snapshot/panlex-20191001-csv/3975#51730809>				<https://panlex.org/snapshot/panlex-20191001-csv/3975#51730877>		"ŋηl-"@onw	
"kwʼáts"@hur	<https://panlex.org/snapshot/panlex-20191001-csv/3975#51730809>				<https://panlex.org/snapshot/panlex-20191001-csv/3975#51730876>		"ŋl̄-"@onw	
"s=tem"@hur	<https://panlex.org/snapshot/panlex-20191001-csv/3975#51734475>				<https://panlex.org/snapshot/panlex-20191001-csv/3975#51734524>		"mn̄-"@onw	
"s=tem"@hur	<https://panlex.org/snapshot/panlex-20191001-csv/3975#51734475>				<https://panlex.org/snapshot/panlex-20191001-csv/3975#51734525>		"men-"@onw	
"s=tem"@hur	<https://panlex.org/snapshot/panlex-20191001-csv/3975#51734475>				<https://panlex.org/snapshot/panlex-20191001-csv/3975#51734526>		"mɲ̄-"@onw	
"sʼí:lés"@hur	<https://panlex.org/snapshot/panlex-20191001-csv/3975#51721979>				<https://panlex.org/snapshot/panlex-20191001-csv/3975#51722022>		"og-"@onw	
"ʔǝxʷínʼ"@hur	<https://panlex.org/snapshot/panlex-20191001-csv/3975#51731572>				<https://panlex.org/snapshot/panlex-20191001-csv/3975#51731616>		"mekk-"@onw	
"ƛʼá"@hur	<https://panlex.org/snapshot/panlex-20191001-csv/3975#51732721>				<https://panlex.org/snapshot/panlex-20191001-csv/3975#51732769>		"man-"@onw	
"ƛʼá"@hur	<https://panlex.org/snapshot/panlex-20191001-csv/3975#51732721>				<https://panlex.org/snapshot/panlex-20191001-csv/3975#51732770>		"maan-"@onw	
"θǝyʼθiʔǝnʼ"@hur	<https://panlex.org/snapshot/panlex-20191001-csv/3975#51721697>				<https://panlex.org/snapshot/panlex-20191001-csv/3975#51721746>		"dis-"@onw	
"sméyeth"@hur	<https://panlex.org/snapshot/panlex-20191001-csv/3975#51728088>				<https://panlex.org/snapshot/panlex-20191001-csv/3975#51728143>		"gad-"@onw	
"kwʼél:a"@hur	<https://panlex.org/snapshot/panlex-20191001-csv/3975#51720999>				<https://panlex.org/snapshot/panlex-20191001-csv/3975#51721039>		"tou-"@onw	
"ʔim-ǝš"@hur	<https://panlex.org/snapshot/panlex-20191001-csv/3975#51733783>				<https://panlex.org/snapshot/panlex-20191001-csv/3975#51733839>		"ǯor-"@onw	
"ʔim-ǝš"@hur	<https://panlex.org/snapshot/panlex-20191001-csv/3975#51733783>				<https://panlex.org/snapshot/panlex-20191001-csv/3975#51733840>		"ǯωr-"@onw	
"ʔim-ǝš"@hur	<https://panlex.org/snapshot/panlex-20191001-csv/3975#51733783>				<https://panlex.org/snapshot/panlex-20191001-csv/3975#51733842>		"ǯouour-"@onw	
"ʔim-ǝš"@hur	<https://panlex.org/snapshot/panlex-20191001-csv/3975#51733783>				<https://panlex.org/snapshot/panlex-20191001-csv/3975#51733841>		"ǯour-"@onw	
"sthʼó:qwi"@hur	<https://panlex.org/snapshot/panlex-20191001-csv/3975#51724636>				<https://panlex.org/snapshot/panlex-20191001-csv/3975#51724679>		"ouatto-"@onw	
"skwʼxó:s"@hur	<https://panlex.org/snapshot/panlex-20191001-csv/3975#51728245>				<https://panlex.org/snapshot/panlex-20191001-csv/3975#51728292>		"oun-"@onw	
"tǝxʷθǝɬ"@hur	<https://panlex.org/snapshot/panlex-20191001-csv/3975#51733166>				<https://panlex.org/snapshot/panlex-20191001-csv/3975#51733217>		"tame-"@onw	
"thʼále"@hur	<https://panlex.org/snapshot/panlex-20191001-csv/3975#51726205>				<https://panlex.org/snapshot/panlex-20191001-csv/3975#51726251>		"āeil-"@onw	
"slhá:lí"@hur	<https://panlex.org/snapshot/panlex-20191001-csv/3975#51734910>				<https://panlex.org/snapshot/panlex-20191001-csv/3975#51734969>		"eil-"@onw	
"slhá:lí"@hur	<https://panlex.org/snapshot/panlex-20191001-csv/3975#51734910>				<https://panlex.org/snapshot/panlex-20191001-csv/3975#51734971>		"itt-"@onw	
"slhá:lí"@hur	<https://panlex.org/snapshot/panlex-20191001-csv/3975#51734910>				<https://panlex.org/snapshot/panlex-20191001-csv/3975#51734970>		"et̄t-"@onw	
"s=ɬeniʔ"@hur	<https://panlex.org/snapshot/panlex-20191001-csv/3975#51734909>				<https://panlex.org/snapshot/panlex-20191001-csv/3975#51734969>		"eil-"@onw	
"s=ɬeniʔ"@hur	<https://panlex.org/snapshot/panlex-20191001-csv/3975#51734909>				<https://panlex.org/snapshot/panlex-20191001-csv/3975#51734971>		"itt-"@onw	
"s=ɬeniʔ"@hur	<https://panlex.org/snapshot/panlex-20191001-csv/3975#51734909>				<https://panlex.org/snapshot/panlex-20191001-csv/3975#51734970>		"et̄t-"@onw	
"χewʼs"@hur	<https://panlex.org/snapshot/panlex-20191001-csv/3975#51728932>				<https://panlex.org/snapshot/panlex-20191001-csv/3975#51728970>		"muri-"@onw	
"χewʼs"@hur	<https://panlex.org/snapshot/panlex-20191001-csv/3975#51728932>				<https://panlex.org/snapshot/panlex-20191001-csv/3975#51728969>		"miriei-"@onw	
"χewʼs"@hur	<https://panlex.org/snapshot/panlex-20191001-csv/3975#51728932>				<https://panlex.org/snapshot/panlex-20191001-csv/3975#51728968>		"miri-"@onw	
"kʼʷǝle"@hur	<https://panlex.org/snapshot/panlex-20191001-csv/3975#51720998>				<https://panlex.org/snapshot/panlex-20191001-csv/3975#51721039>		"tou-"@onw	
"lhó:kwʼ"@hur	<https://panlex.org/snapshot/panlex-20191001-csv/3975#51724770>				<https://panlex.org/snapshot/panlex-20191001-csv/3975#51724815>		"parr-"@onw	
"xá:ws"@hur	<https://panlex.org/snapshot/panlex-20191001-csv/3975#51728933>				<https://panlex.org/snapshot/panlex-20191001-csv/3975#51728970>		"muri-"@onw	
"xá:ws"@hur	<https://panlex.org/snapshot/panlex-20191001-csv/3975#51728933>				<https://panlex.org/snapshot/panlex-20191001-csv/3975#51728969>		"miriei-"@onw	
"xá:ws"@hur	<https://panlex.org/snapshot/panlex-20191001-csv/3975#51728933>				<https://panlex.org/snapshot/panlex-20191001-csv/3975#51728968>		"miri-"@onw	
"thóthel"@hur	<https://panlex.org/snapshot/panlex-20191001-csv/3975#51728506>				<https://panlex.org/snapshot/panlex-20191001-csv/3975#51728556>		"ākl̄-"@onw	
"thóthel"@hur	<https://panlex.org/snapshot/panlex-20191001-csv/3975#51728506>				<https://panlex.org/snapshot/panlex-20191001-csv/3975#51728555>		"āgl̄-"@onw	
"kʷǝmlǝxʷ"@hur	<https://panlex.org/snapshot/panlex-20191001-csv/3975#51730279>				<https://panlex.org/snapshot/panlex-20191001-csv/3975#51730315>		"douls̄t-"@onw	
"isá:le"@hur	<https://panlex.org/snapshot/panlex-20191001-csv/3975#51733621>				<https://panlex.org/snapshot/panlex-20191001-csv/3975#51733679>		"ouou-"@onw	
"isá:le"@hur	<https://panlex.org/snapshot/panlex-20191001-csv/3975#51733621>				<https://panlex.org/snapshot/panlex-20191001-csv/3975#51733680>		"ouwwo-"@onw	
"isá:le"@hur	<https://panlex.org/snapshot/panlex-20191001-csv/3975#51733621>				<https://panlex.org/snapshot/panlex-20191001-csv/3975#51733678>		"ouo-"@onw	
"nǝwǝ"@hur	<https://panlex.org/snapshot/panlex-20191001-csv/3975#51733016>				<https://panlex.org/snapshot/panlex-20191001-csv/3975#51733063>		"ei-d"@onw	
"nǝwǝ"@hur	<https://panlex.org/snapshot/panlex-20191001-csv/3975#51733016>				<https://panlex.org/snapshot/panlex-20191001-csv/3975#51733062>		"r̄-"@onw	
"nǝwǝ"@hur	<https://panlex.org/snapshot/panlex-20191001-csv/3975#51733016>				<https://panlex.org/snapshot/panlex-20191001-csv/3975#51733064>		"ηd-"@onw	
"nǝwǝ"@hur	<https://panlex.org/snapshot/panlex-20191001-csv/3975#51733016>				<https://panlex.org/snapshot/panlex-20191001-csv/3975#51733061>		"eir-"@onw	
"qwʼô:l"@hur	<https://panlex.org/snapshot/panlex-20191001-csv/3975#51723455>				<https://panlex.org/snapshot/panlex-20191001-csv/3975#51723505>		"ouloug-"@onw	
"qwʼô:l"@hur	<https://panlex.org/snapshot/panlex-20191001-csv/3975#51723455>				<https://panlex.org/snapshot/panlex-20191001-csv/3975#51723504>		"oulg-"@onw	
"á:m"@hur	<https://panlex.org/snapshot/panlex-20191001-csv/3975#51725172>				<https://panlex.org/snapshot/panlex-20191001-csv/3975#51725229>		"tr̄-"@onw	
"á:m"@hur	<https://panlex.org/snapshot/panlex-20191001-csv/3975#51725172>				<https://panlex.org/snapshot/panlex-20191001-csv/3975#51725230>		"ter-"@onw	
"thʼá:lá"@hur	<https://panlex.org/snapshot/panlex-20191001-csv/3975#51726202>				<https://panlex.org/snapshot/panlex-20191001-csv/3975#51726251>		"āeil-"@onw	
"skwʼexó:s"@hur	<https://panlex.org/snapshot/panlex-20191001-csv/3975#51728244>				<https://panlex.org/snapshot/panlex-20191001-csv/3975#51728292>		"oun-"@onw	
"qʼó:y"@hur	<https://panlex.org/snapshot/panlex-20191001-csv/3975#51722844>				<https://panlex.org/snapshot/panlex-20191001-csv/3975#51722899>		"dei-"@onw	
"qʼó:y"@hur	<https://panlex.org/snapshot/panlex-20191001-csv/3975#51722844>				<https://panlex.org/snapshot/panlex-20191001-csv/3975#51722900>		"diei-"@onw	
"qʼó:y"@hur	<https://panlex.org/snapshot/panlex-20191001-csv/3975#51722844>				<https://panlex.org/snapshot/panlex-20191001-csv/3975#51722898>		"di-"@onw	
"thʼála"@hur	<https://panlex.org/snapshot/panlex-20191001-csv/3975#51726203>				<https://panlex.org/snapshot/panlex-20191001-csv/3975#51726251>		"āeil-"@onw	
"swí:qe"@hur	<https://panlex.org/snapshot/panlex-20191001-csv/3975#51727796>				<https://panlex.org/snapshot/panlex-20191001-csv/3975#51727847>		"ōḡǯ-"@onw	
"swí:qe"@hur	<https://panlex.org/snapshot/panlex-20191001-csv/3975#51727796>				<https://panlex.org/snapshot/panlex-20191001-csv/3975#51727848>		"ōgoǯ-"@onw	
"me"@hur	<https://panlex.org/snapshot/panlex-20191001-csv/3975#51722661>				<https://panlex.org/snapshot/panlex-20191001-csv/3975#51722729>		"ta-"@onw	
"me"@hur	<https://panlex.org/snapshot/panlex-20191001-csv/3975#51722661>				<https://panlex.org/snapshot/panlex-20191001-csv/3975#51722728>		"ki-"@onw	
"tlʼálhem"@hur	<https://panlex.org/snapshot/panlex-20191001-csv/3975#51735597>				<https://panlex.org/snapshot/panlex-20191001-csv/3975#51735637>		"ēmet-"@onw	
"s=pǝh-els"@hur	<https://panlex.org/snapshot/panlex-20191001-csv/3975#51736143>				<https://panlex.org/snapshot/panlex-20191001-csv/3975#51736198>		"touk-"@onw	
"syó:qwem"@hur	<https://panlex.org/snapshot/panlex-20191001-csv/3975#51732289>				<https://panlex.org/snapshot/panlex-20191001-csv/3975#51732347>		"maša-l-"@onw	
"kwʼaq"@hur	<https://panlex.org/snapshot/panlex-20191001-csv/3975#51727247>				<https://panlex.org/snapshot/panlex-20191001-csv/3975#51727296>		"pi-"@onw	
"s=pǝnʼǝm"@hur	<https://panlex.org/snapshot/panlex-20191001-csv/3975#51730971>				<https://panlex.org/snapshot/panlex-20191001-csv/3975#51731008>		"koǯid-"@onw	
"s=pǝnʼǝm"@hur	<https://panlex.org/snapshot/panlex-20191001-csv/3975#51730971>				<https://panlex.org/snapshot/panlex-20191001-csv/3975#51731007>		"koǯr̄-"@onw	
"kwósel"@hur	<https://panlex.org/snapshot/panlex-20191001-csv/3975#51731994>				<https://panlex.org/snapshot/panlex-20191001-csv/3975#51732044>		"oueiɲǯ-"@onw	
"spʼótlʼem"@hur	<https://panlex.org/snapshot/panlex-20191001-csv/3975#51731714>				<https://panlex.org/snapshot/panlex-20191001-csv/3975#51731764>		"arpaē-"@onw	
"sxéyes"@hur	<https://panlex.org/snapshot/panlex-20191001-csv/3975#51725897>				<https://panlex.org/snapshot/panlex-20191001-csv/3975#51725950>		"our-"@onw	
"ɬqelʼcʼ"@hur	<https://panlex.org/snapshot/panlex-20191001-csv/3975#51728243>				<https://panlex.org/snapshot/panlex-20191001-csv/3975#51728292>		"oun-"@onw	
"tól"@hur	<https://panlex.org/snapshot/panlex-20191001-csv/3975#51726961>				<https://panlex.org/snapshot/panlex-20191001-csv/3975#51727005>		"ei-}"@onw	
"tól"@hur	<https://panlex.org/snapshot/panlex-20191001-csv/3975#51726961>				<https://panlex.org/snapshot/panlex-20191001-csv/3975#51727004>		"i- (i-"@onw	
"mǝ́kʼʷ"@hur	<https://panlex.org/snapshot/panlex-20191001-csv/3975#51720594>				<https://panlex.org/snapshot/panlex-20191001-csv/3975#51720642>		"kellω"@onw	
"mǝ́kʼʷ"@hur	<https://panlex.org/snapshot/panlex-20191001-csv/3975#51720594>				<https://panlex.org/snapshot/panlex-20191001-csv/3975#51720641>		"kello"@onw	
"mǝ́kʼʷ"@hur	<https://panlex.org/snapshot/panlex-20191001-csv/3975#51720594>				<https://panlex.org/snapshot/panlex-20191001-csv/3975#51720643>		"mš̄šan-"@onw	
"slítsʼ"@hur	<https://panlex.org/snapshot/panlex-20191001-csv/3975#51725050>				<https://panlex.org/snapshot/panlex-20191001-csv/3975#51725080>		"medd-"@onw	
"slítsʼ"@hur	<https://panlex.org/snapshot/panlex-20191001-csv/3975#51725050>				<https://panlex.org/snapshot/panlex-20191001-csv/3975#51725081>		"midd-"@onw	
"mí"@hur	<https://panlex.org/snapshot/panlex-20191001-csv/3975#51722658>				<https://panlex.org/snapshot/panlex-20191001-csv/3975#51722729>		"ta-"@onw	
"mí"@hur	<https://panlex.org/snapshot/panlex-20191001-csv/3975#51722658>				<https://panlex.org/snapshot/panlex-20191001-csv/3975#51722728>		"ki-"@onw	
"lhéméxw"@hur	<https://panlex.org/snapshot/panlex-20191001-csv/3975#51729863>				<https://panlex.org/snapshot/panlex-20191001-csv/3975#51729904>		"ārou-"@onw	
"sʼí:les"@hur	<https://panlex.org/snapshot/panlex-20191001-csv/3975#51721978>				<https://panlex.org/snapshot/panlex-20191001-csv/3975#51722022>		"og-"@onw	
"alhqey"@hur	<https://panlex.org/snapshot/panlex-20191001-csv/3975#51735865>				<https://panlex.org/snapshot/panlex-20191001-csv/3975#51735917>		"mit-"@onw	
"alhqey"@hur	<https://panlex.org/snapshot/panlex-20191001-csv/3975#51735865>				<https://panlex.org/snapshot/panlex-20191001-csv/3975#51735916>		"miet̄-"@onw	
"θǝt"@hur	<https://panlex.org/snapshot/panlex-20191001-csv/3975#51730645>				<https://panlex.org/snapshot/panlex-20191001-csv/3975#51730704>		"pes-"@onw	
"mestíyexw"@hur	<https://panlex.org/snapshot/panlex-20191001-csv/3975#51729708>				<https://panlex.org/snapshot/panlex-20191001-csv/3975#51729760>		"et̄-"@onw	
"mestíyexw"@hur	<https://panlex.org/snapshot/panlex-20191001-csv/3975#51729708>				<https://panlex.org/snapshot/panlex-20191001-csv/3975#51729759>		"eit-"@onw	
"qʼóy"@hur	<https://panlex.org/snapshot/panlex-20191001-csv/3975#51722845>				<https://panlex.org/snapshot/panlex-20191001-csv/3975#51722899>		"dei-"@onw	
"qʼóy"@hur	<https://panlex.org/snapshot/panlex-20191001-csv/3975#51722845>				<https://panlex.org/snapshot/panlex-20191001-csv/3975#51722900>		"diei-"@onw	
"qʼóy"@hur	<https://panlex.org/snapshot/panlex-20191001-csv/3975#51722845>				<https://panlex.org/snapshot/panlex-20191001-csv/3975#51722898>		"di-"@onw	
"lǝmnǝxʷ"@hur	<https://panlex.org/snapshot/panlex-20191001-csv/3975#51730808>				<https://panlex.org/snapshot/panlex-20191001-csv/3975#51730875>		"ŋal-"@onw	
"lǝmnǝxʷ"@hur	<https://panlex.org/snapshot/panlex-20191001-csv/3975#51730808>				<https://panlex.org/snapshot/panlex-20191001-csv/3975#51730877>		"ŋηl-"@onw	
"lǝmnǝxʷ"@hur	<https://panlex.org/snapshot/panlex-20191001-csv/3975#51730808>				<https://panlex.org/snapshot/panlex-20191001-csv/3975#51730876>		"ŋl̄-"@onw	
"isále"@hur	<https://panlex.org/snapshot/panlex-20191001-csv/3975#51733622>				<https://panlex.org/snapshot/panlex-20191001-csv/3975#51733679>		"ouou-"@onw	
"isále"@hur	<https://panlex.org/snapshot/panlex-20191001-csv/3975#51733622>				<https://panlex.org/snapshot/panlex-20191001-csv/3975#51733680>		"ouwwo-"@onw	
"isále"@hur	<https://panlex.org/snapshot/panlex-20191001-csv/3975#51733622>				<https://panlex.org/snapshot/panlex-20191001-csv/3975#51733678>		"ouo-"@onw	
"spehá:ls"@hur	<https://panlex.org/snapshot/panlex-20191001-csv/3975#51736144>				<https://panlex.org/snapshot/panlex-20191001-csv/3975#51736198>		"touk-"@onw	
"tethá"@hur	<https://panlex.org/snapshot/panlex-20191001-csv/3975#51732720>				<https://panlex.org/snapshot/panlex-20191001-csv/3975#51732769>		"man-"@onw	
"tethá"@hur	<https://panlex.org/snapshot/panlex-20191001-csv/3975#51732720>				<https://panlex.org/snapshot/panlex-20191001-csv/3975#51732770>		"maan-"@onw	
"s=ilʼánǝm"@hur	<https://panlex.org/snapshot/panlex-20191001-csv/3975#51736396>				<https://panlex.org/snapshot/panlex-20191001-csv/3975#51736442>		"gem-"@onw	
"s=ilʼánǝm"@hur	<https://panlex.org/snapshot/panlex-20191001-csv/3975#51736396>				<https://panlex.org/snapshot/panlex-20191001-csv/3975#51736441>		"ǯem-"@onw	
"kʷasǝn"@hur	<https://panlex.org/snapshot/panlex-20191001-csv/3975#51731993>				<https://panlex.org/snapshot/panlex-20191001-csv/3975#51732044>		"oueiɲǯ-"@onw	
"ewe"@hur	<https://panlex.org/snapshot/panlex-20191001-csv/3975#51729387>				<https://panlex.org/snapshot/panlex-20191001-csv/3975#51729445>		"men-"@onw	
"ewe"@hur	<https://panlex.org/snapshot/panlex-20191001-csv/3975#51729387>				<https://panlex.org/snapshot/panlex-20191001-csv/3975#51729448>		"min-"@onw	
"ewe"@hur	<https://panlex.org/snapshot/panlex-20191001-csv/3975#51729387>				<https://panlex.org/snapshot/panlex-20191001-csv/3975#51729447>		"mein-"@onw	
"ewe"@hur	<https://panlex.org/snapshot/panlex-20191001-csv/3975#51729387>				<https://panlex.org/snapshot/panlex-20191001-csv/3975#51729446>		"mηn-"@onw	
"slá:t"@hur	<https://panlex.org/snapshot/panlex-20191001-csv/3975#51729069>				<https://panlex.org/snapshot/panlex-20191001-csv/3975#51729124>		"ōar-"@onw	
"tɛ=ʔɛlθɛ"@hur	<https://panlex.org/snapshot/panlex-20191001-csv/3975#51726488>				<https://panlex.org/snapshot/panlex-20191001-csv/3975#51726558>		"aiei-"@onw	
"tɛ=ʔɛlθɛ"@hur	<https://panlex.org/snapshot/panlex-20191001-csv/3975#51726488>				<https://panlex.org/snapshot/panlex-20191001-csv/3975#51726557>		"ai-"@onw	
"mámelehò:llh"@hur	<https://panlex.org/snapshot/panlex-20191001-csv/3975#51723919>				<https://panlex.org/snapshot/panlex-20191001-csv/3975#51723958>		"koumpou-"@onw	
"stetis"@hur	<https://panlex.org/snapshot/panlex-20191001-csv/3975#51735458>				<https://panlex.org/snapshot/panlex-20191001-csv/3975#51735502>		"ek-"@onw	
"stetis"@hur	<https://panlex.org/snapshot/panlex-20191001-csv/3975#51735458>				<https://panlex.org/snapshot/panlex-20191001-csv/3975#51735500>		"eg-"@onw	
"stetis"@hur	<https://panlex.org/snapshot/panlex-20191001-csv/3975#51735458>				<https://panlex.org/snapshot/panlex-20191001-csv/3975#51735501>		"ek̄-"@onw	
"stetis"@hur	<https://panlex.org/snapshot/panlex-20191001-csv/3975#51735458>				<https://panlex.org/snapshot/panlex-20191001-csv/3975#51735499>		"eig-"@onw	
"s=mǝyǝθ"@hur	<https://panlex.org/snapshot/panlex-20191001-csv/3975#51728087>				<https://panlex.org/snapshot/panlex-20191001-csv/3975#51728143>		"gad-"@onw	
"xétʼe"@hur	<https://panlex.org/snapshot/panlex-20191001-csv/3975#51730646>				<https://panlex.org/snapshot/panlex-20191001-csv/3975#51730704>		"pes-"@onw	
"sqwemáy"@hur	<https://panlex.org/snapshot/panlex-20191001-csv/3975#51723000>				<https://panlex.org/snapshot/panlex-20191001-csv/3975#51723053>		"moug-"@onw	
"nǝcʼaʔ"@hur	<https://panlex.org/snapshot/panlex-20191001-csv/3975#51729556>				<https://panlex.org/snapshot/panlex-20191001-csv/3975#51729611>		"wer-"@onw	
"nǝcʼaʔ"@hur	<https://panlex.org/snapshot/panlex-20191001-csv/3975#51729556>				<https://panlex.org/snapshot/panlex-20191001-csv/3975#51729610>		"ouer-"@onw	
"nǝcʼaʔ"@hur	<https://panlex.org/snapshot/panlex-20191001-csv/3975#51729556>				<https://panlex.org/snapshot/panlex-20191001-csv/3975#51729609>		"ouel-"@onw	
"siló:lém"@hur	<https://panlex.org/snapshot/panlex-20191001-csv/3975#51736398>				<https://panlex.org/snapshot/panlex-20191001-csv/3975#51736442>		"gem-"@onw	
"siló:lém"@hur	<https://panlex.org/snapshot/panlex-20191001-csv/3975#51736398>				<https://panlex.org/snapshot/panlex-20191001-csv/3975#51736441>		"ǯem-"@onw	
"lepʼex"@hur	<https://panlex.org/snapshot/panlex-20191001-csv/3975#51723752>				<https://panlex.org/snapshot/panlex-20191001-csv/3975#51723815>		"kap-"@onw	
"thó:thel"@hur	<https://panlex.org/snapshot/panlex-20191001-csv/3975#51728505>				<https://panlex.org/snapshot/panlex-20191001-csv/3975#51728556>		"ākl̄-"@onw	
"thó:thel"@hur	<https://panlex.org/snapshot/panlex-20191001-csv/3975#51728505>				<https://panlex.org/snapshot/panlex-20191001-csv/3975#51728555>		"āgl̄-"@onw	
"ʔǝyʼ"@hur	<https://panlex.org/snapshot/panlex-20191001-csv/3975#51725333>				<https://panlex.org/snapshot/panlex-20191001-csv/3975#51725380>		"gen-"@onw	
"θaθǝn"@hur	<https://panlex.org/snapshot/panlex-20191001-csv/3975#51728504>				<https://panlex.org/snapshot/panlex-20191001-csv/3975#51728556>		"ākl̄-"@onw	
"θaθǝn"@hur	<https://panlex.org/snapshot/panlex-20191001-csv/3975#51728504>				<https://panlex.org/snapshot/panlex-20191001-csv/3975#51728555>		"āgl̄-"@onw	
"mékwʼ"@hur	<https://panlex.org/snapshot/panlex-20191001-csv/3975#51720595>				<https://panlex.org/snapshot/panlex-20191001-csv/3975#51720642>		"kellω"@onw	
"mékwʼ"@hur	<https://panlex.org/snapshot/panlex-20191001-csv/3975#51720595>				<https://panlex.org/snapshot/panlex-20191001-csv/3975#51720641>		"kello"@onw	
"mékwʼ"@hur	<https://panlex.org/snapshot/panlex-20191001-csv/3975#51720595>				<https://panlex.org/snapshot/panlex-20191001-csv/3975#51720643>		"mš̄šan-"@onw	
"teʼi"@hur	<https://panlex.org/snapshot/panlex-20191001-csv/3975#51732877>				<https://panlex.org/snapshot/panlex-20191001-csv/3975#51732920>		"ein-"@onw	
"teʼi"@hur	<https://panlex.org/snapshot/panlex-20191001-csv/3975#51732877>				<https://panlex.org/snapshot/panlex-20191001-csv/3975#51732919>		"en̄-"@onw	
"teʼi"@hur	<https://panlex.org/snapshot/panlex-20191001-csv/3975#51732877>				<https://panlex.org/snapshot/panlex-20191001-csv/3975#51732922>		"en-"@onw	
"teʼi"@hur	<https://panlex.org/snapshot/panlex-20191001-csv/3975#51732877>				<https://panlex.org/snapshot/panlex-20191001-csv/3975#51732921>		"ηn-"@onw	
"yǝselʼǝ"@hur	<https://panlex.org/snapshot/panlex-20191001-csv/3975#51733620>				<https://panlex.org/snapshot/panlex-20191001-csv/3975#51733679>		"ouou-"@onw	
"yǝselʼǝ"@hur	<https://panlex.org/snapshot/panlex-20191001-csv/3975#51733620>				<https://panlex.org/snapshot/panlex-20191001-csv/3975#51733680>		"ouwwo-"@onw	
"yǝselʼǝ"@hur	<https://panlex.org/snapshot/panlex-20191001-csv/3975#51733620>				<https://panlex.org/snapshot/panlex-20191001-csv/3975#51733678>		"ouo-"@onw	
"ɬaqʼǝθǝt"@hur	<https://panlex.org/snapshot/panlex-20191001-csv/3975#51727246>				<https://panlex.org/snapshot/panlex-20191001-csv/3975#51727296>		"pi-"@onw	
"qʼʷuːnʼ"@hur	<https://panlex.org/snapshot/panlex-20191001-csv/3975#51723454>				<https://panlex.org/snapshot/panlex-20191001-csv/3975#51723505>		"ouloug-"@onw	
"qʼʷuːnʼ"@hur	<https://panlex.org/snapshot/panlex-20191001-csv/3975#51723454>				<https://panlex.org/snapshot/panlex-20191001-csv/3975#51723504>		"oulg-"@onw	
"yéqwt"@hur	<https://panlex.org/snapshot/panlex-20191001-csv/3975#51722117>				<https://panlex.org/snapshot/panlex-20191001-csv/3975#51722165>		"ǯouk-"@onw	
"pʼǝqʼ"@hur	<https://panlex.org/snapshot/panlex-20191001-csv/3975#51734624>				<https://panlex.org/snapshot/panlex-20191001-csv/3975#51734658>		"ŋoul-"@onw	
"pʼǝqʼ"@hur	<https://panlex.org/snapshot/panlex-20191001-csv/3975#51734624>				<https://panlex.org/snapshot/panlex-20191001-csv/3975#51734659>		"ŋoulou-"@onw	
"ƛʼa {tlʼò"@hur	<https://panlex.org/snapshot/panlex-20191001-csv/3975#51732722>				<https://panlex.org/snapshot/panlex-20191001-csv/3975#51732769>		"man-"@onw	
"ƛʼa {tlʼò"@hur	<https://panlex.org/snapshot/panlex-20191001-csv/3975#51732722>				<https://panlex.org/snapshot/panlex-20191001-csv/3975#51732770>		"maan-"@onw	
"χɬast"@hur	<https://panlex.org/snapshot/panlex-20191001-csv/3975#51723751>				<https://panlex.org/snapshot/panlex-20191001-csv/3975#51723815>		"kap-"@onw	
"šeɬ"@hur	<https://panlex.org/snapshot/panlex-20191001-csv/3975#51730140>				<https://panlex.org/snapshot/panlex-20191001-csv/3975#51730185>		"dauei-"@onw	
"šeɬ"@hur	<https://panlex.org/snapshot/panlex-20191001-csv/3975#51730140>				<https://panlex.org/snapshot/panlex-20191001-csv/3975#51730186>		"dauou-"@onw	
"spʼó:tlʼem"@hur	<https://panlex.org/snapshot/panlex-20191001-csv/3975#51731713>				<https://panlex.org/snapshot/panlex-20191001-csv/3975#51731764>		"arpaē-"@onw	
"theqát"@hur	<https://panlex.org/snapshot/panlex-20191001-csv/3975#51733469>				<https://panlex.org/snapshot/panlex-20191001-csv/3975#51733520>		"koer̄-"@onw	
"stsʼolha"@hur	<https://panlex.org/snapshot/panlex-20191001-csv/3975#51727100>				<https://panlex.org/snapshot/panlex-20191001-csv/3975#51727143>		"oulg-"@onw	
"stsʼolha"@hur	<https://panlex.org/snapshot/panlex-20191001-csv/3975#51727100>				<https://panlex.org/snapshot/panlex-20191001-csv/3975#51727144>		"ouloug-"@onw	
"lhókwʼ"@hur	<https://panlex.org/snapshot/panlex-20191001-csv/3975#51724771>				<https://panlex.org/snapshot/panlex-20191001-csv/3975#51724815>		"parr-"@onw	
"ʔǝwǝ"@hur	<https://panlex.org/snapshot/panlex-20191001-csv/3975#51729386>				<https://panlex.org/snapshot/panlex-20191001-csv/3975#51729445>		"men-"@onw	
"ʔǝwǝ"@hur	<https://panlex.org/snapshot/panlex-20191001-csv/3975#51729386>				<https://panlex.org/snapshot/panlex-20191001-csv/3975#51729448>		"min-"@onw	
"ʔǝwǝ"@hur	<https://panlex.org/snapshot/panlex-20191001-csv/3975#51729386>				<https://panlex.org/snapshot/panlex-20191001-csv/3975#51729447>		"mein-"@onw	
"ʔǝwǝ"@hur	<https://panlex.org/snapshot/panlex-20191001-csv/3975#51729386>				<https://panlex.org/snapshot/panlex-20191001-csv/3975#51729446>		"mηn-"@onw	
"mí"@hur	<https://panlex.org/snapshot/panlex-20191001-csv/3975#51722659>				<https://panlex.org/snapshot/panlex-20191001-csv/3975#51722729>		"ta-"@onw	
"mí"@hur	<https://panlex.org/snapshot/panlex-20191001-csv/3975#51722659>				<https://panlex.org/snapshot/panlex-20191001-csv/3975#51722728>		"ki-"@onw	
"ɬnimǝɬ"@hur	<https://panlex.org/snapshot/panlex-20191001-csv/3975#51734269>				<https://panlex.org/snapshot/panlex-20191001-csv/3975#51734349>		"e-r-"@onw	
"ɬnimǝɬ"@hur	<https://panlex.org/snapshot/panlex-20191001-csv/3975#51734269>				<https://panlex.org/snapshot/panlex-20191001-csv/3975#51734348>		"ou-"@onw	
"qʼéykwʼ"@hur	<https://panlex.org/snapshot/panlex-20191001-csv/3975#51721417>				<https://panlex.org/snapshot/panlex-20191001-csv/3975#51721464>		"aǯǯ-"@onw	
"thʼá:le"@hur	<https://panlex.org/snapshot/panlex-20191001-csv/3975#51726204>				<https://panlex.org/snapshot/panlex-20191001-csv/3975#51726251>		"āeil-"@onw	
"sxél:e"@hur	<https://panlex.org/snapshot/panlex-20191001-csv/3975#51724907>				<https://panlex.org/snapshot/panlex-20191001-csv/3975#51724958>		"ōē-"@onw	
"sxél:e"@hur	<https://panlex.org/snapshot/panlex-20191001-csv/3975#51724907>				<https://panlex.org/snapshot/panlex-20191001-csv/3975#51724959>		"ōei-"@onw	
"cǝn"@hur	<https://panlex.org/snapshot/panlex-20191001-csv/3975#51726485>				<https://panlex.org/snapshot/panlex-20191001-csv/3975#51726558>		"aiei-"@onw	
"cǝn"@hur	<https://panlex.org/snapshot/panlex-20191001-csv/3975#51726485>				<https://panlex.org/snapshot/panlex-20191001-csv/3975#51726557>		"ai-"@onw	
"cháléx"@hur	<https://panlex.org/snapshot/panlex-20191001-csv/3975#51725746>				<https://panlex.org/snapshot/panlex-20191001-csv/3975#51725794>		"ē-"@onw	
"cháléx"@hur	<https://panlex.org/snapshot/panlex-20191001-csv/3975#51725746>				<https://panlex.org/snapshot/panlex-20191001-csv/3975#51725793>		"ei-"@onw	
"s=qʷǝm-ey"@hur	<https://panlex.org/snapshot/panlex-20191001-csv/3975#51722997>				<https://panlex.org/snapshot/panlex-20191001-csv/3975#51723053>		"moug-"@onw	
"shxwʼáthtel"@hur	<https://panlex.org/snapshot/panlex-20191001-csv/3975#51722391>				<https://panlex.org/snapshot/panlex-20191001-csv/3975#51722427>		"ŋiǯǯ-"@onw	
"hǝyqʷ"@hur	<https://panlex.org/snapshot/panlex-20191001-csv/3975#51724480>				<https://panlex.org/snapshot/panlex-20191001-csv/3975#51724536>		"eig-"@onw	
"hǝyqʷ"@hur	<https://panlex.org/snapshot/panlex-20191001-csv/3975#51724480>				<https://panlex.org/snapshot/panlex-20191001-csv/3975#51724537>		"ēg-"@onw	
"hǝyqʷ"@hur	<https://panlex.org/snapshot/panlex-20191001-csv/3975#51724480>				<https://panlex.org/snapshot/panlex-20191001-csv/3975#51724538>		"eik-"@onw	
"ƛʼeɬǝm"@hur	<https://panlex.org/snapshot/panlex-20191001-csv/3975#51735596>				<https://panlex.org/snapshot/panlex-20191001-csv/3975#51735637>		"ēmet-"@onw	
"pʼéqʼ"@hur	<https://panlex.org/snapshot/panlex-20191001-csv/3975#51734625>				<https://panlex.org/snapshot/panlex-20191001-csv/3975#51734658>		"ŋoul-"@onw	
"pʼéqʼ"@hur	<https://panlex.org/snapshot/panlex-20191001-csv/3975#51734625>				<https://panlex.org/snapshot/panlex-20191001-csv/3975#51734659>		"ŋoulou-"@onw	
"ʔǝɬqiʔ"@hur	<https://panlex.org/snapshot/panlex-20191001-csv/3975#51735864>				<https://panlex.org/snapshot/panlex-20191001-csv/3975#51735917>		"mit-"@onw	
"ʔǝɬqiʔ"@hur	<https://panlex.org/snapshot/panlex-20191001-csv/3975#51735864>				<https://panlex.org/snapshot/panlex-20191001-csv/3975#51735916>		"miet̄-"@onw	
"tem:éxw"@hur	<https://panlex.org/snapshot/panlex-20191001-csv/3975#51723603>				<https://panlex.org/snapshot/panlex-20191001-csv/3975#51723649>		"skt̄-"@onw	
"tem:éxw"@hur	<https://panlex.org/snapshot/panlex-20191001-csv/3975#51723603>				<https://panlex.org/snapshot/panlex-20191001-csv/3975#51723648>		"s̄kt̄-"@onw	
"tskwí:m"@hur	<https://panlex.org/snapshot/panlex-20191001-csv/3975#51730001>				<https://panlex.org/snapshot/panlex-20191001-csv/3975#51730045>		"gel-"@onw	
"s=tǝ=tes"@hur	<https://panlex.org/snapshot/panlex-20191001-csv/3975#51735457>				<https://panlex.org/snapshot/panlex-20191001-csv/3975#51735502>		"ek-"@onw	
"s=tǝ=tes"@hur	<https://panlex.org/snapshot/panlex-20191001-csv/3975#51735457>				<https://panlex.org/snapshot/panlex-20191001-csv/3975#51735500>		"eg-"@onw	
"s=tǝ=tes"@hur	<https://panlex.org/snapshot/panlex-20191001-csv/3975#51735457>				<https://panlex.org/snapshot/panlex-20191001-csv/3975#51735501>		"ek̄-"@onw	
"s=tǝ=tes"@hur	<https://panlex.org/snapshot/panlex-20191001-csv/3975#51735457>				<https://panlex.org/snapshot/panlex-20191001-csv/3975#51735499>		"eig-"@onw	
"qǝχ"@hur	<https://panlex.org/snapshot/panlex-20191001-csv/3975#51727943>				<https://panlex.org/snapshot/panlex-20191001-csv/3975#51727988>		"diei-"@onw	
"qǝχ"@hur	<https://panlex.org/snapshot/panlex-20191001-csv/3975#51727943>				<https://panlex.org/snapshot/panlex-20191001-csv/3975#51727990>		"deiē-"@onw	
"qǝχ"@hur	<https://panlex.org/snapshot/panlex-20191001-csv/3975#51727943>				<https://panlex.org/snapshot/panlex-20191001-csv/3975#51727989>		"diē-"@onw	
"ʔítǝt"@hur	<https://panlex.org/snapshot/panlex-20191001-csv/3975#51731416>				<https://panlex.org/snapshot/panlex-20191001-csv/3975#51731471>		"ŋer-"@onw	
"sqwmá:y"@hur	<https://panlex.org/snapshot/panlex-20191001-csv/3975#51722999>				<https://panlex.org/snapshot/panlex-20191001-csv/3975#51723053>		"moug-"@onw	
"qʼi:kwʼ"@hur	<https://panlex.org/snapshot/panlex-20191001-csv/3975#51721416>				<https://panlex.org/snapshot/panlex-20191001-csv/3975#51721464>		"aǯǯ-"@onw	
"éy"@hur	<https://panlex.org/snapshot/panlex-20191001-csv/3975#51725334>				<https://panlex.org/snapshot/panlex-20191001-csv/3975#51725380>		"gen-"@onw	
"lǝcʼ"@hur	<https://panlex.org/snapshot/panlex-20191001-csv/3975#51725048>				<https://panlex.org/snapshot/panlex-20191001-csv/3975#51725080>		"medd-"@onw	
"lǝcʼ"@hur	<https://panlex.org/snapshot/panlex-20191001-csv/3975#51725048>				<https://panlex.org/snapshot/panlex-20191001-csv/3975#51725081>		"midd-"@onw	
"emét"@hur	<https://panlex.org/snapshot/panlex-20191001-csv/3975#51731101>				<https://panlex.org/snapshot/panlex-20191001-csv/3975#51731163>		"tik-"@onw	
"emét"@hur	<https://panlex.org/snapshot/panlex-20191001-csv/3975#51731101>				<https://panlex.org/snapshot/panlex-20191001-csv/3975#51731164>		"tiŋ-"@onw	
"emét"@hur	<https://panlex.org/snapshot/panlex-20191001-csv/3975#51731101>				<https://panlex.org/snapshot/panlex-20191001-csv/3975#51731162>		"ag-"@onw	
"emét"@hur	<https://panlex.org/snapshot/panlex-20191001-csv/3975#51731101>				<https://panlex.org/snapshot/panlex-20191001-csv/3975#51731161>		"ak-"@onw	
"smá:lt"@hur	<https://panlex.org/snapshot/panlex-20191001-csv/3975#51728377>				<https://panlex.org/snapshot/panlex-20191001-csv/3975#51728410>		"ŋaǯ-"@onw	
"smá:lt"@hur	<https://panlex.org/snapshot/panlex-20191001-csv/3975#51728377>				<https://panlex.org/snapshot/panlex-20191001-csv/3975#51728412>		"ouer-"@onw	
"smá:lt"@hur	<https://panlex.org/snapshot/panlex-20191001-csv/3975#51728377>				<https://panlex.org/snapshot/panlex-20191001-csv/3975#51728411>		"ŋaǯǯ-"@onw	
"smá:lt"@hur	<https://panlex.org/snapshot/panlex-20191001-csv/3975#51732148>				<https://panlex.org/snapshot/panlex-20191001-csv/3975#51732188>		"kt̄-"@onw	
"cʼeɬǝmʼ"@hur	<https://panlex.org/snapshot/panlex-20191001-csv/3975#51726049>				<https://panlex.org/snapshot/panlex-20191001-csv/3975#51726111>		"oulg-ir-"@onw	
"yǝqʷ-t"@hur	<https://panlex.org/snapshot/panlex-20191001-csv/3975#51722116>				<https://panlex.org/snapshot/panlex-20191001-csv/3975#51722165>		"ǯouk-"@onw	
"qaʔ"@hur	<https://panlex.org/snapshot/panlex-20191001-csv/3975#51734094>				<https://panlex.org/snapshot/panlex-20191001-csv/3975#51734145>		"aman-"@onw	
"s=ʔ=inǝs"@hur	<https://panlex.org/snapshot/panlex-20191001-csv/3975#51721977>				<https://panlex.org/snapshot/panlex-20191001-csv/3975#51722022>		"og-"@onw	
"sílòlèm"@hur	<https://panlex.org/snapshot/panlex-20191001-csv/3975#51736399>				<https://panlex.org/snapshot/panlex-20191001-csv/3975#51736442>		"gem-"@onw	
"sílòlèm"@hur	<https://panlex.org/snapshot/panlex-20191001-csv/3975#51736399>				<https://panlex.org/snapshot/panlex-20191001-csv/3975#51736441>		"ǯem-"@onw	
"s=ɬǝm-ǝxʷ"@hur	<https://panlex.org/snapshot/panlex-20191001-csv/3975#51729862>				<https://panlex.org/snapshot/panlex-20191001-csv/3975#51729904>		"ārou-"@onw	
"s=qʼʷǝleš"@hur	<https://panlex.org/snapshot/panlex-20191001-csv/3975#51721275>				<https://panlex.org/snapshot/panlex-20191001-csv/3975#51721328>		"kawart-"@onw	
"s=qʼʷǝleš"@hur	<https://panlex.org/snapshot/panlex-20191001-csv/3975#51721275>				<https://panlex.org/snapshot/panlex-20191001-csv/3975#51721327>		"kaurte-"@onw	
"lhex_íléx"@hur	<https://panlex.org/snapshot/panlex-20191001-csv/3975#51731859>				<https://panlex.org/snapshot/panlex-20191001-csv/3975#51731903>		"ŋoǯǯ-"@onw	
"lhex_íléx"@hur	<https://panlex.org/snapshot/panlex-20191001-csv/3975#51731859>				<https://panlex.org/snapshot/panlex-20191001-csv/3975#51731902>		"ŋoǯ-"@onw	
"sthʼó:m"@hur	<https://panlex.org/snapshot/panlex-20191001-csv/3975#51721849>				<https://panlex.org/snapshot/panlex-20191001-csv/3975#51721889>		"gisri-"@onw	
"sthʼó:m"@hur	<https://panlex.org/snapshot/panlex-20191001-csv/3975#51721849>				<https://panlex.org/snapshot/panlex-20191001-csv/3975#51721890>		"ŋisri-"@onw	
"θqet"@hur	<https://panlex.org/snapshot/panlex-20191001-csv/3975#51733468>				<https://panlex.org/snapshot/panlex-20191001-csv/3975#51733520>		"koer̄-"@onw	
"s=pʼáƛǝm"@hur	<https://panlex.org/snapshot/panlex-20191001-csv/3975#51731712>				<https://panlex.org/snapshot/panlex-20191001-csv/3975#51731764>		"arpaē-"@onw	
"híkw"@hur	<https://panlex.org/snapshot/panlex-20191001-csv/3975#51721136>				<https://panlex.org/snapshot/panlex-20191001-csv/3975#51721175>		"dauei-"@onw	
"híkw"@hur	<https://panlex.org/snapshot/panlex-20191001-csv/3975#51721136>				<https://panlex.org/snapshot/panlex-20191001-csv/3975#51721174>		"dau-"@onw	
"híkw"@hur	<https://panlex.org/snapshot/panlex-20191001-csv/3975#51721136>				<https://panlex.org/snapshot/panlex-20191001-csv/3975#51721177>		"dauē-"@onw	
"híkw"@hur	<https://panlex.org/snapshot/panlex-20191001-csv/3975#51721136>				<https://panlex.org/snapshot/panlex-20191001-csv/3975#51721176>		"dauou-"@onw	
"qǝlǝmʼ"@hur	<https://panlex.org/snapshot/panlex-20191001-csv/3975#51724057>				<https://panlex.org/snapshot/panlex-20191001-csv/3975#51724115>		"maɲ-"@onw	
"qo:"@hur	<https://panlex.org/snapshot/panlex-20191001-csv/3975#51734095>				<https://panlex.org/snapshot/panlex-20191001-csv/3975#51734145>		"aman-"@onw	
"ɬwet"@hur	<https://panlex.org/snapshot/panlex-20191001-csv/3975#51734749>				<https://panlex.org/snapshot/panlex-20191001-csv/3975#51734798>		"ŋaiei-"@onw	
"ɬwet"@hur	<https://panlex.org/snapshot/panlex-20191001-csv/3975#51734749>				<https://panlex.org/snapshot/panlex-20191001-csv/3975#51734797>		"ŋai-"@onw	
"qwá:y"@hur	<https://panlex.org/snapshot/panlex-20191001-csv/3975#51725467>				<https://panlex.org/snapshot/panlex-20191001-csv/3975#51725502>		"dess-"@onw	
"ʔam-ǝst"@hur	<https://panlex.org/snapshot/panlex-20191001-csv/3975#51725171>				<https://panlex.org/snapshot/panlex-20191001-csv/3975#51725229>		"tr̄-"@onw	
"ʔam-ǝst"@hur	<https://panlex.org/snapshot/panlex-20191001-csv/3975#51725171>				<https://panlex.org/snapshot/panlex-20191001-csv/3975#51725230>		"ter-"@onw	
"qó:qe"@hur	<https://panlex.org/snapshot/panlex-20191001-csv/3975#51723154>				<https://panlex.org/snapshot/panlex-20191001-csv/3975#51723217>		"ŋi-"@onw	
"qó:qe"@hur	<https://panlex.org/snapshot/panlex-20191001-csv/3975#51723154>				<https://panlex.org/snapshot/panlex-20191001-csv/3975#51723216>		"ŋei-"@onw	
"qó:qe"@hur	<https://panlex.org/snapshot/panlex-20191001-csv/3975#51723154>				<https://panlex.org/snapshot/panlex-20191001-csv/3975#51723215>		"ŋe-"@onw	
"šxʷʔeθǝt-ǝn"@hur	<https://panlex.org/snapshot/panlex-20191001-csv/3975#51722390>				<https://panlex.org/snapshot/panlex-20191001-csv/3975#51722427>		"ŋiǯǯ-"@onw	
"tǝ́mǝ́xʷ"@hur	<https://panlex.org/snapshot/panlex-20191001-csv/3975#51723601>				<https://panlex.org/snapshot/panlex-20191001-csv/3975#51723649>		"skt̄-"@onw	
"tǝ́mǝ́xʷ"@hur	<https://panlex.org/snapshot/panlex-20191001-csv/3975#51723601>				<https://panlex.org/snapshot/panlex-20191001-csv/3975#51723648>		"s̄kt̄-"@onw	
"ítet"@hur	<https://panlex.org/snapshot/panlex-20191001-csv/3975#51731417>				<https://panlex.org/snapshot/panlex-20191001-csv/3975#51731471>		"ŋer-"@onw	
"qéx"@hur	<https://panlex.org/snapshot/panlex-20191001-csv/3975#51727944>				<https://panlex.org/snapshot/panlex-20191001-csv/3975#51727988>		"diei-"@onw	
"qéx"@hur	<https://panlex.org/snapshot/panlex-20191001-csv/3975#51727944>				<https://panlex.org/snapshot/panlex-20191001-csv/3975#51727990>		"deiē-"@onw	
"qéx"@hur	<https://panlex.org/snapshot/panlex-20191001-csv/3975#51727944>				<https://panlex.org/snapshot/panlex-20191001-csv/3975#51727989>		"diē-"@onw	
"xálh"@hur	<https://panlex.org/snapshot/panlex-20191001-csv/3975#51730141>				<https://panlex.org/snapshot/panlex-20191001-csv/3975#51730185>		"dauei-"@onw	
"xálh"@hur	<https://panlex.org/snapshot/panlex-20191001-csv/3975#51730141>				<https://panlex.org/snapshot/panlex-20191001-csv/3975#51730186>		"dauou-"@onw	
"kwʼéla"@hur	<https://panlex.org/snapshot/panlex-20191001-csv/3975#51721000>				<https://panlex.org/snapshot/panlex-20191001-csv/3975#51721039>		"tou-"@onw	
"tém:éxw"@hur	<https://panlex.org/snapshot/panlex-20191001-csv/3975#51723602>				<https://panlex.org/snapshot/panlex-20191001-csv/3975#51723649>		"skt̄-"@onw	
"tém:éxw"@hur	<https://panlex.org/snapshot/panlex-20191001-csv/3975#51723602>				<https://panlex.org/snapshot/panlex-20191001-csv/3975#51723648>		"s̄kt̄-"@onw	
"s=kʷíš"@hur	<https://panlex.org/snapshot/panlex-20191001-csv/3975#51728653>				<https://panlex.org/snapshot/panlex-20191001-csv/3975#51728702>		"tans-"@onw	
"s=kʷíš"@hur	<https://panlex.org/snapshot/panlex-20191001-csv/3975#51728653>				<https://panlex.org/snapshot/panlex-20191001-csv/3975#51728701>		"taŋs̄-"@onw	
"s=cʼaɬaʔ"@hur	<https://panlex.org/snapshot/panlex-20191001-csv/3975#51727098>				<https://panlex.org/snapshot/panlex-20191001-csv/3975#51727143>		"oulg-"@onw	
"s=cʼaɬaʔ"@hur	<https://panlex.org/snapshot/panlex-20191001-csv/3975#51727098>				<https://panlex.org/snapshot/panlex-20191001-csv/3975#51727144>		"ouloug-"@onw	
"s=χǝnʼǝ"@hur	<https://panlex.org/snapshot/panlex-20191001-csv/3975#51724906>				<https://panlex.org/snapshot/panlex-20191001-csv/3975#51724958>		"ōē-"@onw	
"s=χǝnʼǝ"@hur	<https://panlex.org/snapshot/panlex-20191001-csv/3975#51724906>				<https://panlex.org/snapshot/panlex-20191001-csv/3975#51724959>		"ōei-"@onw	
"slát"@hur	<https://panlex.org/snapshot/panlex-20191001-csv/3975#51729070>				<https://panlex.org/snapshot/panlex-20191001-csv/3975#51729124>		"ōar-"@onw	
"talhlímelh"@hur	<https://panlex.org/snapshot/panlex-20191001-csv/3975#51734270>				<https://panlex.org/snapshot/panlex-20191001-csv/3975#51734349>		"e-r-"@onw	
"talhlímelh"@hur	<https://panlex.org/snapshot/panlex-20191001-csv/3975#51734270>				<https://panlex.org/snapshot/panlex-20191001-csv/3975#51734348>		"ou-"@onw	
"selítsʼ"@hur	<https://panlex.org/snapshot/panlex-20191001-csv/3975#51725049>				<https://panlex.org/snapshot/panlex-20191001-csv/3975#51725080>		"medd-"@onw	
"selítsʼ"@hur	<https://panlex.org/snapshot/panlex-20191001-csv/3975#51725049>				<https://panlex.org/snapshot/panlex-20191001-csv/3975#51725081>		"midd-"@onw	
"ʔǝmǝt"@hur	<https://panlex.org/snapshot/panlex-20191001-csv/3975#51731100>				<https://panlex.org/snapshot/panlex-20191001-csv/3975#51731163>		"tik-"@onw	
"ʔǝmǝt"@hur	<https://panlex.org/snapshot/panlex-20191001-csv/3975#51731100>				<https://panlex.org/snapshot/panlex-20191001-csv/3975#51731164>		"tiŋ-"@onw	
"ʔǝmǝt"@hur	<https://panlex.org/snapshot/panlex-20191001-csv/3975#51731100>				<https://panlex.org/snapshot/panlex-20191001-csv/3975#51731162>		"ag-"@onw	
"ʔǝmǝt"@hur	<https://panlex.org/snapshot/panlex-20191001-csv/3975#51731100>				<https://panlex.org/snapshot/panlex-20191001-csv/3975#51731161>		"ak-"@onw	
"stháthiyel"@hur	<https://panlex.org/snapshot/panlex-20191001-csv/3975#51721698>				<https://panlex.org/snapshot/panlex-20191001-csv/3975#51721746>		"dis-"@onw	
"syílòlèm"@hur	<https://panlex.org/snapshot/panlex-20191001-csv/3975#51736397>				<https://panlex.org/snapshot/panlex-20191001-csv/3975#51736442>		"gem-"@onw	
"syílòlèm"@hur	<https://panlex.org/snapshot/panlex-20191001-csv/3975#51736397>				<https://panlex.org/snapshot/panlex-20191001-csv/3975#51736441>		"ǯem-"@onw	
"téméxw"@hur	<https://panlex.org/snapshot/panlex-20191001-csv/3975#51723604>				<https://panlex.org/snapshot/panlex-20191001-csv/3975#51723649>		"skt̄-"@onw	
"téméxw"@hur	<https://panlex.org/snapshot/panlex-20191001-csv/3975#51723604>				<https://panlex.org/snapshot/panlex-20191001-csv/3975#51723648>		"s̄kt̄-"@onw	
"kwʼéts"@hur	<https://panlex.org/snapshot/panlex-20191001-csv/3975#51730810>				<https://panlex.org/snapshot/panlex-20191001-csv/3975#51730875>		"ŋal-"@onw	
"kwʼéts"@hur	<https://panlex.org/snapshot/panlex-20191001-csv/3975#51730810>				<https://panlex.org/snapshot/panlex-20191001-csv/3975#51730877>		"ŋηl-"@onw	
"kwʼéts"@hur	<https://panlex.org/snapshot/panlex-20191001-csv/3975#51730810>				<https://panlex.org/snapshot/panlex-20191001-csv/3975#51730876>		"ŋl̄-"@onw	
"chó:kw"@hur	<https://panlex.org/snapshot/panlex-20191001-csv/3975#51735201>				<https://panlex.org/snapshot/panlex-20191001-csv/3975#51735234>		"oueid-"@onw	
"axwíl"@hur	<https://panlex.org/snapshot/panlex-20191001-csv/3975#51731573>				<https://panlex.org/snapshot/panlex-20191001-csv/3975#51731616>		"mekk-"@onw	
"stám"@hur	<https://panlex.org/snapshot/panlex-20191001-csv/3975#51734476>				<https://panlex.org/snapshot/panlex-20191001-csv/3975#51734524>		"mn̄-"@onw	
"stám"@hur	<https://panlex.org/snapshot/panlex-20191001-csv/3975#51734476>				<https://panlex.org/snapshot/panlex-20191001-csv/3975#51734525>		"men-"@onw	
"stám"@hur	<https://panlex.org/snapshot/panlex-20191001-csv/3975#51734476>				<https://panlex.org/snapshot/panlex-20191001-csv/3975#51734526>		"mɲ̄-"@onw	
"qʼay"@hur	<https://panlex.org/snapshot/panlex-20191001-csv/3975#51722843>				<https://panlex.org/snapshot/panlex-20191001-csv/3975#51722899>		"dei-"@onw	
"qʼay"@hur	<https://panlex.org/snapshot/panlex-20191001-csv/3975#51722843>				<https://panlex.org/snapshot/panlex-20191001-csv/3975#51722900>		"diei-"@onw	
"qʼay"@hur	<https://panlex.org/snapshot/panlex-20191001-csv/3975#51722843>				<https://panlex.org/snapshot/panlex-20191001-csv/3975#51722898>		"di-"@onw	
"s=χǝyʼ-ǝs"@hur	<https://panlex.org/snapshot/panlex-20191001-csv/3975#51725896>				<https://panlex.org/snapshot/panlex-20191001-csv/3975#51725950>		"our-"@onw	
"c=kʷím"@hur	<https://panlex.org/snapshot/panlex-20191001-csv/3975#51730000>				<https://panlex.org/snapshot/panlex-20191001-csv/3975#51730045>		"gel-"@onw	
"mó:qw"@hur	<https://panlex.org/snapshot/panlex-20191001-csv/3975#51721276>				<https://panlex.org/snapshot/panlex-20191001-csv/3975#51721328>		"kawart-"@onw	
"mó:qw"@hur	<https://panlex.org/snapshot/panlex-20191001-csv/3975#51721276>				<https://panlex.org/snapshot/panlex-20191001-csv/3975#51721327>		"kaurte-"@onw	
"thqá:t"@hur	<https://panlex.org/snapshot/panlex-20191001-csv/3975#51733470>				<https://panlex.org/snapshot/panlex-20191001-csv/3975#51733520>		"koer̄-"@onw	
"qél:ém"@hur	<https://panlex.org/snapshot/panlex-20191001-csv/3975#51724059>				<https://panlex.org/snapshot/panlex-20191001-csv/3975#51724115>		"maɲ-"@onw	
"sthʼóqwi"@hur	<https://panlex.org/snapshot/panlex-20191001-csv/3975#51724637>				<https://panlex.org/snapshot/panlex-20191001-csv/3975#51724679>		"ouatto-"@onw	
"létsʼa"@hur	<https://panlex.org/snapshot/panlex-20191001-csv/3975#51729557>				<https://panlex.org/snapshot/panlex-20191001-csv/3975#51729611>		"wer-"@onw	
"létsʼa"@hur	<https://panlex.org/snapshot/panlex-20191001-csv/3975#51729557>				<https://panlex.org/snapshot/panlex-20191001-csv/3975#51729610>		"ouer-"@onw	
"létsʼa"@hur	<https://panlex.org/snapshot/panlex-20191001-csv/3975#51729557>				<https://panlex.org/snapshot/panlex-20191001-csv/3975#51729609>		"ouel-"@onw	
"qaʔ-qaʔ"@hur	<https://panlex.org/snapshot/panlex-20191001-csv/3975#51723153>				<https://panlex.org/snapshot/panlex-20191001-csv/3975#51723217>		"ŋi-"@onw	
"qaʔ-qaʔ"@hur	<https://panlex.org/snapshot/panlex-20191001-csv/3975#51723153>				<https://panlex.org/snapshot/panlex-20191001-csv/3975#51723216>		"ŋei-"@onw	
"qaʔ-qaʔ"@hur	<https://panlex.org/snapshot/panlex-20191001-csv/3975#51723153>				<https://panlex.org/snapshot/panlex-20191001-csv/3975#51723215>		"ŋe-"@onw	
"héyeqw"@hur	<https://panlex.org/snapshot/panlex-20191001-csv/3975#51724481>				<https://panlex.org/snapshot/panlex-20191001-csv/3975#51724536>		"eig-"@onw	
"héyeqw"@hur	<https://panlex.org/snapshot/panlex-20191001-csv/3975#51724481>				<https://panlex.org/snapshot/panlex-20191001-csv/3975#51724537>		"ēg-"@onw	
"héyeqw"@hur	<https://panlex.org/snapshot/panlex-20191001-csv/3975#51724481>				<https://panlex.org/snapshot/panlex-20191001-csv/3975#51724538>		"eik-"@onw	
"tei"@hur	<https://panlex.org/snapshot/panlex-20191001-csv/3975#51732876>				<https://panlex.org/snapshot/panlex-20191001-csv/3975#51732920>		"ein-"@onw	
"tei"@hur	<https://panlex.org/snapshot/panlex-20191001-csv/3975#51732876>				<https://panlex.org/snapshot/panlex-20191001-csv/3975#51732919>		"en̄-"@onw	
"tei"@hur	<https://panlex.org/snapshot/panlex-20191001-csv/3975#51732876>				<https://panlex.org/snapshot/panlex-20191001-csv/3975#51732922>		"en-"@onw	
"tei"@hur	<https://panlex.org/snapshot/panlex-20191001-csv/3975#51732876>				<https://panlex.org/snapshot/panlex-20191001-csv/3975#51732921>		"ηn-"@onw	
"celǝs"@hur	<https://panlex.org/snapshot/panlex-20191001-csv/3975#51725745>				<https://panlex.org/snapshot/panlex-20191001-csv/3975#51725794>		"ē-"@onw	
"celǝs"@hur	<https://panlex.org/snapshot/panlex-20191001-csv/3975#51725745>				<https://panlex.org/snapshot/panlex-20191001-csv/3975#51725793>		"ei-"@onw	
"c=qʷay"@hur	<https://panlex.org/snapshot/panlex-20191001-csv/3975#51725466>				<https://panlex.org/snapshot/panlex-20191001-csv/3975#51725502>		"dess-"@onw	
"ʔɛnθɛ"@hur	<https://panlex.org/snapshot/panlex-20191001-csv/3975#51726486>				<https://panlex.org/snapshot/panlex-20191001-csv/3975#51726558>		"aiei-"@onw	
"ʔɛnθɛ"@hur	<https://panlex.org/snapshot/panlex-20191001-csv/3975#51726486>				<https://panlex.org/snapshot/panlex-20191001-csv/3975#51726557>		"ai-"@onw	
"álhqay"@hur	<https://panlex.org/snapshot/panlex-20191001-csv/3975#51735866>				<https://panlex.org/snapshot/panlex-20191001-csv/3975#51735917>		"mit-"@onw	
"álhqay"@hur	<https://panlex.org/snapshot/panlex-20191001-csv/3975#51735866>				<https://panlex.org/snapshot/panlex-20191001-csv/3975#51735916>		"miet̄-"@onw	
"mé"@hur	<https://panlex.org/snapshot/panlex-20191001-csv/3975#51722660>				<https://panlex.org/snapshot/panlex-20191001-csv/3975#51722729>		"ta-"@onw	
"mé"@hur	<https://panlex.org/snapshot/panlex-20191001-csv/3975#51722660>				<https://panlex.org/snapshot/panlex-20191001-csv/3975#51722728>		"ki-"@onw	
