"mánnodahka"@smj	<https://panlex.org/snapshot/panlex-20191001-csv/2892#110824057>				<https://panlex.org/snapshot/panlex-20191001-csv/2892#110824239>		"uMsombuluko"@zu	
"dijstahka"@smj	<https://panlex.org/snapshot/panlex-20191001-csv/2892#110824811>				<https://panlex.org/snapshot/panlex-20191001-csv/2892#110824673>		"uLwesibili"@zu	
"ájllek"@smj	<https://panlex.org/snapshot/panlex-20191001-csv/2892#110826991>				<https://panlex.org/snapshot/panlex-20191001-csv/2892#110826790>		"iSonto"@zu	
"sådnåbiejvve"@smj	<https://panlex.org/snapshot/panlex-20191001-csv/2892#110826906>				<https://panlex.org/snapshot/panlex-20191001-csv/2892#110826790>		"iSonto"@zu	
"lávvodahka"@smj	<https://panlex.org/snapshot/panlex-20191001-csv/2892#110826344>				<https://panlex.org/snapshot/panlex-20191001-csv/2892#110826209>		"uMgqibelo"@zu	
"duorastahka"@smj	<https://panlex.org/snapshot/panlex-20191001-csv/2892#110825270>				<https://panlex.org/snapshot/panlex-20191001-csv/2892#110825578>		"uLwesine"@zu	
"bierjjedahka"@smj	<https://panlex.org/snapshot/panlex-20191001-csv/2892#110826026>				<https://panlex.org/snapshot/panlex-20191001-csv/2892#110825720>		"uLwesihlanu"@zu	
"gasskavahkko"@smj	<https://panlex.org/snapshot/panlex-20191001-csv/2892#110825160>				<https://panlex.org/snapshot/panlex-20191001-csv/2892#110825143>		"uLwesithathu"@zu	
"sjnjilltjamánno"@smj	<https://panlex.org/snapshot/panlex-20191001-csv/2897#110829871>				<https://panlex.org/snapshot/panlex-20191001-csv/2897#110829486>		"uNtulikazi"@zu	
"sjnjilltjamánno"@smj	<https://panlex.org/snapshot/panlex-20191001-csv/2897#110829871>				<https://panlex.org/snapshot/panlex-20191001-csv/2897#110829596>		"uJulayi"@zu	
"moarmesmánno"@smj	<https://panlex.org/snapshot/panlex-20191001-csv/2897#110828839>				<https://panlex.org/snapshot/panlex-20191001-csv/2897#110829058>		"uNhlaba"@zu	
"moarmesmánno"@smj	<https://panlex.org/snapshot/panlex-20191001-csv/2897#110828839>				<https://panlex.org/snapshot/panlex-20191001-csv/2897#110828865>		"uMeyi"@zu	
"ådåjakmánno"@smj	<https://panlex.org/snapshot/panlex-20191001-csv/2897#110827064>				<https://panlex.org/snapshot/panlex-20191001-csv/2897#110827276>		"uNgcela"@zu	
"ådåjakmánno"@smj	<https://panlex.org/snapshot/panlex-20191001-csv/2897#110827064>				<https://panlex.org/snapshot/panlex-20191001-csv/2897#110827301>		"uMasingana"@zu	
"ådåjakmánno"@smj	<https://panlex.org/snapshot/panlex-20191001-csv/2897#110827064>				<https://panlex.org/snapshot/panlex-20191001-csv/2897#110827147>		"uJanuwari"@zu	
"vuoratjismánno"@smj	<https://panlex.org/snapshot/panlex-20191001-csv/2897#110828513>				<https://panlex.org/snapshot/panlex-20191001-csv/2897#110828637>		"uAphrili"@zu	
"vuoratjismánno"@smj	<https://panlex.org/snapshot/panlex-20191001-csv/2897#110828513>				<https://panlex.org/snapshot/panlex-20191001-csv/2897#110828281>		"uMbasa"@zu	
"vuoratjismánno"@smj	<https://panlex.org/snapshot/panlex-20191001-csv/2897#110828513>				<https://panlex.org/snapshot/panlex-20191001-csv/2897#110828458>		"uApreli"@zu	
"vuoratjismánno"@smj	<https://panlex.org/snapshot/panlex-20191001-csv/2897#110828513>				<https://panlex.org/snapshot/panlex-20191001-csv/2897#110828455>		"uEphuleli"@zu	
"sjnjuktjamánno"@smj	<https://panlex.org/snapshot/panlex-20191001-csv/2897#110828176>				<https://panlex.org/snapshot/panlex-20191001-csv/2897#110827927>		"uNdasa"@zu	
"sjnjuktjamánno"@smj	<https://panlex.org/snapshot/panlex-20191001-csv/2897#110828176>				<https://panlex.org/snapshot/panlex-20191001-csv/2897#110828097>		"uMashi"@zu	
"biehtsemánno"@smj	<https://panlex.org/snapshot/panlex-20191001-csv/2897#110829235>				<https://panlex.org/snapshot/panlex-20191001-csv/2897#110829100>		"uJuni"@zu	
"biehtsemánno"@smj	<https://panlex.org/snapshot/panlex-20191001-csv/2897#110829235>				<https://panlex.org/snapshot/panlex-20191001-csv/2897#110829334>		"uNhlangulana"@zu	
"gålgådismánno"@smj	<https://panlex.org/snapshot/panlex-20191001-csv/2897#110831001>				<https://panlex.org/snapshot/panlex-20191001-csv/2897#110830857>		"uOkthoba"@zu	
"gålgådismánno"@smj	<https://panlex.org/snapshot/panlex-20191001-csv/2897#110831001>				<https://panlex.org/snapshot/panlex-20191001-csv/2897#110830902>		"uMfumfu"@zu	
"gålgådismánno"@smj	<https://panlex.org/snapshot/panlex-20191001-csv/2897#110831001>				<https://panlex.org/snapshot/panlex-20191001-csv/2897#110830723>		"uOktoba"@zu	
"guovvamánno"@smj	<https://panlex.org/snapshot/panlex-20191001-csv/2897#110827795>				<https://panlex.org/snapshot/panlex-20191001-csv/2897#110827605>		"uNhlolanja"@zu	
"guovvamánno"@smj	<https://panlex.org/snapshot/panlex-20191001-csv/2897#110827795>				<https://panlex.org/snapshot/panlex-20191001-csv/2897#110827639>		"uFebruwari"@zu	
"javllamánno"@smj	<https://panlex.org/snapshot/panlex-20191001-csv/2897#110831944>				<https://panlex.org/snapshot/panlex-20191001-csv/2897#110831600>		"uDisemba"@zu	
"javllamánno"@smj	<https://panlex.org/snapshot/panlex-20191001-csv/2897#110831944>				<https://panlex.org/snapshot/panlex-20191001-csv/2897#110831803>		"uZibandlela"@zu	
"bårggemánno"@smj	<https://panlex.org/snapshot/panlex-20191001-csv/2897#110830037>				<https://panlex.org/snapshot/panlex-20191001-csv/2897#110829893>		"uNcwaba"@zu	
"bårggemánno"@smj	<https://panlex.org/snapshot/panlex-20191001-csv/2897#110830037>				<https://panlex.org/snapshot/panlex-20191001-csv/2897#110829992>		"uAgasti"@zu	
"basádismánno"@smj	<https://panlex.org/snapshot/panlex-20191001-csv/2897#110831431>				<https://panlex.org/snapshot/panlex-20191001-csv/2897#110831543>		"uLwezi"@zu	
"basádismánno"@smj	<https://panlex.org/snapshot/panlex-20191001-csv/2897#110831431>				<https://panlex.org/snapshot/panlex-20191001-csv/2897#110831269>		"uNovemba"@zu	
"ragátmánno"@smj	<https://panlex.org/snapshot/panlex-20191001-csv/2897#110830521>				<https://panlex.org/snapshot/panlex-20191001-csv/2897#110830448>		"uSebutemba"@zu	
"ragátmánno"@smj	<https://panlex.org/snapshot/panlex-20191001-csv/2897#110830521>				<https://panlex.org/snapshot/panlex-20191001-csv/2897#110830437>		"uMandulo"@zu	
