"мөрн"@xal	<https://panlex.org/snapshot/panlex-20191001-csv/6712#111098987>				<https://panlex.org/snapshot/panlex-20191001-csv/6712#111098990>		"riddari"@fo	
"берсн"@xal	<https://panlex.org/snapshot/panlex-20191001-csv/6712#111098657>				<https://panlex.org/snapshot/panlex-20191001-csv/6712#111098664>		"frúgv"@fo	
"берсн"@xal	<https://panlex.org/snapshot/panlex-20191001-csv/6712#111098657>				<https://panlex.org/snapshot/panlex-20191001-csv/6712#111098548>		"drotning"@fo	
"шатр"@xal	<https://panlex.org/snapshot/panlex-20191001-csv/6712#111099343>				<https://panlex.org/snapshot/panlex-20191001-csv/6712#111099376>		"talv"@fo	
"хан"@xal	<https://panlex.org/snapshot/panlex-20191001-csv/6712#111098428>				<https://panlex.org/snapshot/panlex-20191001-csv/6712#111098494>		"kongur"@fo	
"зан"@xal	<https://panlex.org/snapshot/panlex-20191001-csv/6712#111098894>				<https://panlex.org/snapshot/panlex-20191001-csv/6712#111098916>		"bispur"@fo	
"тергн"@xal	<https://panlex.org/snapshot/panlex-20191001-csv/6712#111098710>				<https://panlex.org/snapshot/panlex-20191001-csv/6712#111098779>		"rókur"@fo	
"көвүн"@xal	<https://panlex.org/snapshot/panlex-20191001-csv/6712#111099170>				<https://panlex.org/snapshot/panlex-20191001-csv/6712#111099212>		"finna"@fo	
"Дунд зун җилмуд"@xal	<https://panlex.org/snapshot/panlex-20191001-csv/6709#111076308>				<https://panlex.org/snapshot/panlex-20191001-csv/6709#111076298>		"Miðøldin"@fo	
"Промышленн революц"@xal	<https://panlex.org/snapshot/panlex-20191001-csv/6709#111077272>				<https://panlex.org/snapshot/panlex-20191001-csv/6709#111077123>		"Ídnaðarkollveltingin"@fo	
"Киитн дән"@xal	<https://panlex.org/snapshot/panlex-20191001-csv/6709#111077732>				<https://panlex.org/snapshot/panlex-20191001-csv/6709#111077787>		"Kalda kríggið"@fo	
"Гегәрлт"@xal	<https://panlex.org/snapshot/panlex-20191001-csv/6709#111077003>				<https://panlex.org/snapshot/panlex-20191001-csv/6709#111077015>		"Upplýsingartíðin"@fo	
"Хрисост иткдг Тесалоникин улст илгәсн негдгч бичг"@xal	<https://panlex.org/snapshot/panlex-20191001-csv/6726#111132436>				<https://panlex.org/snapshot/panlex-20191001-csv/6726#111132481>		"Fyrra bræv Paulusar til samkomuna í Tessalonika"@fo	
"Пётрин бичсн негдгч бичг"@xal	<https://panlex.org/snapshot/panlex-20191001-csv/6726#111133780>				<https://panlex.org/snapshot/panlex-20191001-csv/6726#111133836>		"Fyrra bræv Pæturs"@fo	
"Хрисост иткдг Калосин улст илгәсн бичг"@xal	<https://panlex.org/snapshot/panlex-20191001-csv/6726#111132318>				<https://panlex.org/snapshot/panlex-20191001-csv/6726#111132322>		"Bræv Paulusar til samkomuna í Kolosse"@fo	
"Евреймүдт илгәсн бичг"@xal	<https://panlex.org/snapshot/panlex-20191001-csv/6726#111133457>				<https://panlex.org/snapshot/panlex-20191001-csv/6726#111133490>		"Bræviðtil Hebrearar"@fo	
"Тимофейд илгәсн хойрдгч бичг"@xal	<https://panlex.org/snapshot/panlex-20191001-csv/6726#111132984>				<https://panlex.org/snapshot/panlex-20191001-csv/6726#111133065>		"Seinna bræv Paulusar til Timoteus"@fo	
"Хрисост иткдг Римин улст илгәсн бичг"@xal	<https://panlex.org/snapshot/panlex-20191001-csv/6726#111131309>				<https://panlex.org/snapshot/panlex-20191001-csv/6726#111131310>		"Bræv Paulusar til samkomuna í Róm"@fo	
"Титд илгәсн бичг"@xal	<https://panlex.org/snapshot/panlex-20191001-csv/6726#111133177>				<https://panlex.org/snapshot/panlex-20191001-csv/6726#111133212>		"Bræv Paulusar til Titus"@fo	
"Хрисост иткдг Тесалоникин улст илгәсн хойрдгч бичг"@xal	<https://panlex.org/snapshot/panlex-20191001-csv/6726#111132714>				<https://panlex.org/snapshot/panlex-20191001-csv/6726#111132635>		"Seinna bræv Paulusar til samkomuna í Tessalonika"@fo	
"Хрисост иткдг Епесин улст илгәсн бичг"@xal	<https://panlex.org/snapshot/panlex-20191001-csv/6726#111132069>				<https://panlex.org/snapshot/panlex-20191001-csv/6726#111131977>		"Bræv Paulusar til samkomuna í Efesus"@fo	
"Маркин бичсн Сән Зәңг"@xal	<https://panlex.org/snapshot/panlex-20191001-csv/6726#111130784>				<https://panlex.org/snapshot/panlex-20191001-csv/6726#111130692>		"Evangeliiðeftir Markus"@fo	
"Апостолмудын йовдлмуд"@xal	<https://panlex.org/snapshot/panlex-20191001-csv/6726#111131141>				<https://panlex.org/snapshot/panlex-20191001-csv/6726#111131182>		"Ápostlasøgan"@fo	
"Йохана бичсн хойрдгч бичг"@xal	<https://panlex.org/snapshot/panlex-20191001-csv/6726#111134315>				<https://panlex.org/snapshot/panlex-20191001-csv/6726#111134251>		"Annað bræv Jóhannesar"@fo	
"Йудан бичсн бичг"@xal	<https://panlex.org/snapshot/panlex-20191001-csv/6726#111134624>				<https://panlex.org/snapshot/panlex-20191001-csv/6726#111134552>		"Bræv Judasar"@fo	
"Йохана бичсн Сән Зәңг"@xal	<https://panlex.org/snapshot/panlex-20191001-csv/6726#111131042>				<https://panlex.org/snapshot/panlex-20191001-csv/6726#111130975>		"Evangeliiðeftir Jóhannes"@fo	
"Яковин бичсн бичг"@xal	<https://panlex.org/snapshot/panlex-20191001-csv/6726#111133671>				<https://panlex.org/snapshot/panlex-20191001-csv/6726#111133708>		"Bræv Jákups"@fo	
"Хрисост иткдг Көринтин улст илгәсн хойрдгч бичг"@xal	<https://panlex.org/snapshot/panlex-20191001-csv/6726#111131660>				<https://panlex.org/snapshot/panlex-20191001-csv/6726#111131650>		"Seinna bræv Paulusar til samkomuna í Korint"@fo	
"Матьяясин бичсн Сән Зәңг"@xal	<https://panlex.org/snapshot/panlex-20191001-csv/6726#111130484>				<https://panlex.org/snapshot/panlex-20191001-csv/6726#111130552>		"Evangeliiðeftir Matteus"@fo	
"Йохана бичсн һурвдгч бичг"@xal	<https://panlex.org/snapshot/panlex-20191001-csv/6726#111134475>				<https://panlex.org/snapshot/panlex-20191001-csv/6726#111134520>		"Triðja bræv Jóhannesar"@fo	
"Апокалипсис"@xal	<https://panlex.org/snapshot/panlex-20191001-csv/6726#111134773>				<https://panlex.org/snapshot/panlex-20191001-csv/6726#111134839>		"Opinbering Jóhannesar"@fo	
"Хрисост иткдг Пилипин улст илгәсн бичг"@xal	<https://panlex.org/snapshot/panlex-20191001-csv/6726#111132251>				<https://panlex.org/snapshot/panlex-20191001-csv/6726#111132165>		"Bræv Paulusar til samkomuna í Filippi"@fo	
"Хрисост иткдг Һалатьян улст илгәсн бичг"@xal	<https://panlex.org/snapshot/panlex-20191001-csv/6726#111131775>				<https://panlex.org/snapshot/panlex-20191001-csv/6726#111131810>		"Bræv Paulusar til samkomurnar í Galatia"@fo	
"Лукан бичсн Сән Зәңг"@xal	<https://panlex.org/snapshot/panlex-20191001-csv/6726#111130829>				<https://panlex.org/snapshot/panlex-20191001-csv/6726#111130855>		"Evangeliiðeftir Lukas"@fo	
"Тимофейд илгәсн негдгч бичг"@xal	<https://panlex.org/snapshot/panlex-20191001-csv/6726#111132852>				<https://panlex.org/snapshot/panlex-20191001-csv/6726#111132851>		"Fyrra bræv Paulusar til Timoteus"@fo	
"Йохана бичсн негдгч бичг"@xal	<https://panlex.org/snapshot/panlex-20191001-csv/6726#111134173>				<https://panlex.org/snapshot/panlex-20191001-csv/6726#111134087>		"Fyrsta bræv Jóhannesar"@fo	
"Хрисост иткдг Көринтин улст илгәсн негдгч бичг"@xal	<https://panlex.org/snapshot/panlex-20191001-csv/6726#111131518>				<https://panlex.org/snapshot/panlex-20191001-csv/6726#111131593>		"Fyrra bræv Paulusar til samkomuna í Korint"@fo	
"Пётрин бичсн хойрдгч бичг"@xal	<https://panlex.org/snapshot/panlex-20191001-csv/6726#111133932>				<https://panlex.org/snapshot/panlex-20191001-csv/6726#111133955>		"Seinna bræv Pæturs"@fo	
"Пилемонд илгәсн бичг"@xal	<https://panlex.org/snapshot/panlex-20191001-csv/6726#111133259>				<https://panlex.org/snapshot/panlex-20191001-csv/6726#111133371>		"Bræv Paulusar til Filemon"@fo	
"Шин Бооцан"@xal	<https://panlex.org/snapshot/panlex-20191001-csv/6726#111134999>				<https://panlex.org/snapshot/panlex-20191001-csv/6726#111134982>		"Nýggja Testamenti"@fo	
"Бельгия"@xal	<https://panlex.org/snapshot/panlex-20191001-csv/5947#84584549>				<https://panlex.org/snapshot/panlex-20191001-csv/5947#84584390>		"Belgia"@fo	
"сарң"@xal	<https://panlex.org/snapshot/panlex-20191001-csv/5947#84803623>				<https://panlex.org/snapshot/panlex-20191001-csv/5947#84803393>		"mánadagur"@fo	
"толь"@xal	<https://panlex.org/snapshot/panlex-20191001-csv/5946#84446354>				<https://panlex.org/snapshot/panlex-20191001-csv/5946#84446173>		"spegil"@fo	
"хур"@xal	<https://panlex.org/snapshot/panlex-20191001-csv/5946#84436407>				<https://panlex.org/snapshot/panlex-20191001-csv/5946#84436279>		"regn"@fo	
"мөг"@xal	<https://panlex.org/snapshot/panlex-20191001-csv/5946#84450346>				<https://panlex.org/snapshot/panlex-20191001-csv/5946#84450249>		"soppur"@fo	
"теңгрин ки"@xal	<https://panlex.org/snapshot/panlex-20191001-csv/5946#84450345>				<https://panlex.org/snapshot/panlex-20191001-csv/5946#84450249>		"soppur"@fo	
"Сингапурмудин Орн"@xal	<https://panlex.org/snapshot/panlex-20191001-csv/5949#85320614>				<https://panlex.org/snapshot/panlex-20191001-csv/5949#85320498>		"Singapor"@fo	
"Скотишин Таңһч"@xal	<https://panlex.org/snapshot/panlex-20191001-csv/5949#85325329>				<https://panlex.org/snapshot/panlex-20191001-csv/5949#85325219>		"Skotland"@fo	
"ноха"@xal	<https://panlex.org/snapshot/panlex-20191001-csv/5949#85329547>				<https://panlex.org/snapshot/panlex-20191001-csv/5949#85329334>		"august"@fo	
"Латдин Орн"@xal	<https://panlex.org/snapshot/panlex-20191001-csv/5949#85314405>				<https://panlex.org/snapshot/panlex-20191001-csv/5949#85314270>		"Lettland"@fo	
"Хасгудин Орн"@xal	<https://panlex.org/snapshot/panlex-20191001-csv/5949#85312171>				<https://panlex.org/snapshot/panlex-20191001-csv/5949#85312075>		"Kasakstan"@fo	
"Әрәсә"@xal	<https://panlex.org/snapshot/panlex-20191001-csv/5949#85319640>				<https://panlex.org/snapshot/panlex-20191001-csv/5949#85319447>		"Russland"@fo	
"Пилипмудин Орн"@xal	<https://panlex.org/snapshot/panlex-20191001-csv/5949#85323444>				<https://panlex.org/snapshot/panlex-20191001-csv/5949#85323320>		"Filipsoyggjar"@fo	
"Суһомудин Орн"@xal	<https://panlex.org/snapshot/panlex-20191001-csv/5949#85323273>				<https://panlex.org/snapshot/panlex-20191001-csv/5949#85323170>		"Finnland"@fo	
"Перумудин Орн"@xal	<https://panlex.org/snapshot/panlex-20191001-csv/5949#85318340>				<https://panlex.org/snapshot/panlex-20191001-csv/5949#85318220>		"Peru"@fo	
"Перумудин Орн"@xal	<https://panlex.org/snapshot/panlex-20191001-csv/5949#85318340>				<https://panlex.org/snapshot/panlex-20191001-csv/5949#85318221>		"Perú"@fo	
"Түргүдин Орн"@xal	<https://panlex.org/snapshot/panlex-20191001-csv/5949#85322616>				<https://panlex.org/snapshot/panlex-20191001-csv/5949#85322499>		"Turkaland"@fo	
"Португишин Орн"@xal	<https://panlex.org/snapshot/panlex-20191001-csv/5949#85318868>				<https://panlex.org/snapshot/panlex-20191001-csv/5949#85318792>		"Portugal"@fo	
"Нарн"@xal	<https://panlex.org/snapshot/panlex-20191001-csv/5949#85321016>				<https://panlex.org/snapshot/panlex-20191001-csv/5949#85320894>		"Sól"@fo	
"Нарн"@xal	<https://panlex.org/snapshot/panlex-20191001-csv/5949#85321016>				<https://panlex.org/snapshot/panlex-20191001-csv/5949#85320895>		"Sólin"@fo	
"Европ"@xal	<https://panlex.org/snapshot/panlex-20191001-csv/5949#85308668>				<https://panlex.org/snapshot/panlex-20191001-csv/5949#85308529>		"Evropa"@fo	
"голан хонг"@xal	<https://panlex.org/snapshot/panlex-20191001-csv/611#25807142>				<https://panlex.org/snapshot/panlex-20191001-csv/611#25807066>		"vika"@fo	
"йисн"@xal	<https://panlex.org/snapshot/panlex-20191001-csv/9#491069>				<https://panlex.org/snapshot/panlex-20191001-csv/9#490947>		"níggju"@fo	
"медицин"@xal	<https://panlex.org/snapshot/panlex-20191001-csv/2904#111023634>				<https://panlex.org/snapshot/panlex-20191001-csv/2904#111023724>		"læknafrøði"@fo	
"физик"@xal	<https://panlex.org/snapshot/panlex-20191001-csv/2904#111023980>				<https://panlex.org/snapshot/panlex-20191001-csv/2904#111023989>		"alisfrøði"@fo	
"тууҗ"@xal	<https://panlex.org/snapshot/panlex-20191001-csv/2904#111022868>				<https://panlex.org/snapshot/panlex-20191001-csv/2904#111022926>		"søga"@fo	
"философ"@xal	<https://panlex.org/snapshot/panlex-20191001-csv/2904#111023894>				<https://panlex.org/snapshot/panlex-20191001-csv/2904#111023891>		"heimspeki"@fo	
"математик"@xal	<https://panlex.org/snapshot/panlex-20191001-csv/2904#111023436>				<https://panlex.org/snapshot/panlex-20191001-csv/2904#111023421>		"støddfrøði"@fo	
"химий"@xal	<https://panlex.org/snapshot/panlex-20191001-csv/2904#111022449>				<https://panlex.org/snapshot/panlex-20191001-csv/2904#111022411>		"evnafrøði"@fo	
"астроном"@xal	<https://panlex.org/snapshot/panlex-20191001-csv/2904#111022130>				<https://panlex.org/snapshot/panlex-20191001-csv/2904#111021960>		"stjørnufrøði"@fo	
"географ"@xal	<https://panlex.org/snapshot/panlex-20191001-csv/2904#111022665>				<https://panlex.org/snapshot/panlex-20191001-csv/2904#111022631>		"landafrøði"@fo	
"университет"@xal	<https://panlex.org/snapshot/panlex-20191001-csv/2904#111024534>				<https://panlex.org/snapshot/panlex-20191001-csv/2904#111024488>		"háskúli"@fo	
"эмчллһнә ном"@xal	<https://panlex.org/snapshot/panlex-20191001-csv/2904#111023614>				<https://panlex.org/snapshot/panlex-20191001-csv/2904#111023724>		"læknafrøði"@fo	
"биолог"@xal	<https://panlex.org/snapshot/panlex-20191001-csv/2904#111022193>				<https://panlex.org/snapshot/panlex-20191001-csv/2904#111022212>		"lívfrøði"@fo	
"Ар үзгин полярн төгрг"@xal	<https://panlex.org/snapshot/panlex-20191001-csv/2910#110854837>				<https://panlex.org/snapshot/panlex-20191001-csv/2910#110854804>		"Norðurpólkringur"@fo	
"Экватор"@xal	<https://panlex.org/snapshot/panlex-20191001-csv/2910#110855217>				<https://panlex.org/snapshot/panlex-20191001-csv/2910#110855104>		"Miðkringur"@fo	
"Экватор"@xal	<https://panlex.org/snapshot/panlex-20191001-csv/2910#110855217>				<https://panlex.org/snapshot/panlex-20191001-csv/2910#110855205>		"Ekvator"@fo	
"Өмн үзгин полюс"@xal	<https://panlex.org/snapshot/panlex-20191001-csv/2910#110855574>				<https://panlex.org/snapshot/panlex-20191001-csv/2910#110855634>		"Suðurpólin"@fo	
"Һазрин бүс"@xal	<https://panlex.org/snapshot/panlex-20191001-csv/2910#110855216>				<https://panlex.org/snapshot/panlex-20191001-csv/2910#110855104>		"Miðkringur"@fo	
"Һазрин бүс"@xal	<https://panlex.org/snapshot/panlex-20191001-csv/2910#110855216>				<https://panlex.org/snapshot/panlex-20191001-csv/2910#110855205>		"Ekvator"@fo	
"Ар үзгин полюс"@xal	<https://panlex.org/snapshot/panlex-20191001-csv/2910#110854590>				<https://panlex.org/snapshot/panlex-20191001-csv/2910#110854629>		"Norðurpólin"@fo	
"Өмн үзгин полярн төгрг"@xal	<https://panlex.org/snapshot/panlex-20191001-csv/2910#110855485>				<https://panlex.org/snapshot/panlex-20191001-csv/2910#110855519>		"Suðurpólkringur"@fo	
"эв"@xal	<https://panlex.org/snapshot/panlex-20191001-csv/2902#111012055>				<https://panlex.org/snapshot/panlex-20191001-csv/2902#111012258>		"friður"@fo	
"төвкнүн"@xal	<https://panlex.org/snapshot/panlex-20191001-csv/2902#111012321>				<https://panlex.org/snapshot/panlex-20191001-csv/2902#111012258>		"friður"@fo	
"Иҗл"@xal	<https://panlex.org/snapshot/panlex-20191001-csv/2903#110873662>				<https://panlex.org/snapshot/panlex-20191001-csv/2903#110873547>		"Volga"@fo	
"Үксн теңгс"@xal	<https://panlex.org/snapshot/panlex-20191001-csv/2905#110869985>				<https://panlex.org/snapshot/panlex-20191001-csv/2905#110869952>		"Deyðahav"@fo	
"Улан теңгс"@xal	<https://panlex.org/snapshot/panlex-20191001-csv/2905#110871055>				<https://panlex.org/snapshot/panlex-20191001-csv/2905#110871109>		"Reyða havið"@fo	
"Ла-Манш хол усн"@xal	<https://panlex.org/snapshot/panlex-20191001-csv/2905#110870148>				<https://panlex.org/snapshot/panlex-20191001-csv/2905#110870165>		"Ermasund"@fo	
"Һазр дундын теңгс"@xal	<https://panlex.org/snapshot/panlex-20191001-csv/2905#110870349>				<https://panlex.org/snapshot/panlex-20191001-csv/2905#110870348>		"Miðjarðarhav"@fo	
"Персин көл уcн"@xal	<https://panlex.org/snapshot/panlex-20191001-csv/2905#110870732>				<https://panlex.org/snapshot/panlex-20191001-csv/2905#110870790>		"Persaraflógvin"@fo	
"Хар теңгс"@xal	<https://panlex.org/snapshot/panlex-20191001-csv/2905#110869221>				<https://panlex.org/snapshot/panlex-20191001-csv/2905#110869150>		"Svartahavið"@fo	
"Балтын теңгс"@xal	<https://panlex.org/snapshot/panlex-20191001-csv/2905#110868685>				<https://panlex.org/snapshot/panlex-20191001-csv/2905#110868816>		"Eystrasalt"@fo	
"Араб теңгс"@xal	<https://panlex.org/snapshot/panlex-20191001-csv/2905#110868532>				<https://panlex.org/snapshot/panlex-20191001-csv/2905#110868551>		"Arabiska havið"@fo	
"Гибралтарын хол усн"@xal	<https://panlex.org/snapshot/panlex-20191001-csv/2905#110871233>				<https://panlex.org/snapshot/panlex-20191001-csv/2905#110871256>		"Gibraltarsundið"@fo	
"Көк теңгс"@xal	<https://panlex.org/snapshot/panlex-20191001-csv/2905#110869740>				<https://panlex.org/snapshot/panlex-20191001-csv/2905#110869738>		"Kaspiska havið"@fo	
"Цаһан теңгс"@xal	<https://panlex.org/snapshot/panlex-20191001-csv/2905#110871443>				<https://panlex.org/snapshot/panlex-20191001-csv/2905#110871361>		"Hvítahavið"@fo	
"Бенгалын көл уcн"@xal	<https://panlex.org/snapshot/panlex-20191001-csv/2905#110868924>				<https://panlex.org/snapshot/panlex-20191001-csv/2905#110868917>		"Bengalvíkin"@fo	
"Ар үзгин теңгс"@xal	<https://panlex.org/snapshot/panlex-20191001-csv/2905#110870608>				<https://panlex.org/snapshot/panlex-20191001-csv/2905#110870513>		"Norðsjógvurin"@fo	
"Карибын теңгс"@xal	<https://panlex.org/snapshot/panlex-20191001-csv/2905#110869411>				<https://panlex.org/snapshot/panlex-20191001-csv/2905#110869495>		"Karibiahav"@fo	
"Карибын теңгс"@xal	<https://panlex.org/snapshot/panlex-20191001-csv/2905#110869411>				<https://panlex.org/snapshot/panlex-20191001-csv/2905#110869516>		"Karibiska havið"@fo	
"Шар теңгс"@xal	<https://panlex.org/snapshot/panlex-20191001-csv/2905#110871600>				<https://panlex.org/snapshot/panlex-20191001-csv/2905#110871608>		"Gulahavið"@fo	
"Уран"@xal	<https://panlex.org/snapshot/panlex-20191001-csv/2907#110846813>				<https://panlex.org/snapshot/panlex-20191001-csv/2907#110846967>		"Uranus"@fo	
"Һазр"@xal	<https://panlex.org/snapshot/panlex-20191001-csv/2907#110845595>				<https://panlex.org/snapshot/panlex-20191001-csv/2907#110845674>		"Jørðin"@fo	
"Бемб"@xal	<https://panlex.org/snapshot/panlex-20191001-csv/2907#110846715>				<https://panlex.org/snapshot/panlex-20191001-csv/2907#110846755>		"Saturn"@fo	
"Нимгр"@xal	<https://panlex.org/snapshot/panlex-20191001-csv/2907#110845971>				<https://panlex.org/snapshot/panlex-20191001-csv/2907#110845948>		"Mars"@fo	
"Пүрвә"@xal	<https://panlex.org/snapshot/panlex-20191001-csv/2907#110846438>				<https://panlex.org/snapshot/panlex-20191001-csv/2907#110846344>		"Jupiter"@fo	
"Макемаке"@xal	<https://panlex.org/snapshot/panlex-20191001-csv/2907#110847594>				<https://panlex.org/snapshot/panlex-20191001-csv/2907#110847612>		"Makemake"@fo	
"Сар"@xal	<https://panlex.org/snapshot/panlex-20191001-csv/2907#110845746>				<https://panlex.org/snapshot/panlex-20191001-csv/2907#110845869>		"Mánin"@fo	
"Церер"@xal	<https://panlex.org/snapshot/panlex-20191001-csv/2907#110846264>				<https://panlex.org/snapshot/panlex-20191001-csv/2907#110846259>		"Seres"@fo	
"Нептун"@xal	<https://panlex.org/snapshot/panlex-20191001-csv/2907#110847134>				<https://panlex.org/snapshot/panlex-20191001-csv/2907#110847143>		"Neptun"@fo	
"хар нүкн"@xal	<https://panlex.org/snapshot/panlex-20191001-csv/2907#110849608>				<https://panlex.org/snapshot/panlex-20191001-csv/2907#110849584>		"svørt hol"@fo	
"Хаумеа"@xal	<https://panlex.org/snapshot/panlex-20191001-csv/2907#110847517>				<https://panlex.org/snapshot/panlex-20191001-csv/2907#110847575>		"Haumea"@fo	
"маштг һариг"@xal	<https://panlex.org/snapshot/panlex-20191001-csv/2907#110848082>				<https://panlex.org/snapshot/panlex-20191001-csv/2907#110848131>		"dvørgastjørna"@fo	
"Теңгрин Уйдл"@xal	<https://panlex.org/snapshot/panlex-20191001-csv/2907#110848738>				<https://panlex.org/snapshot/panlex-20191001-csv/2907#110848714>		"Vetrarbreytin"@fo	
"Үлмҗ"@xal	<https://panlex.org/snapshot/panlex-20191001-csv/2907#110845249>				<https://panlex.org/snapshot/panlex-20191001-csv/2907#110845104>		"Merkur"@fo	
"Нарна систем"@xal	<https://panlex.org/snapshot/panlex-20191001-csv/2907#110848318>				<https://panlex.org/snapshot/panlex-20191001-csv/2907#110848239>		"Sólskipanin"@fo	
"Эрид"@xal	<https://panlex.org/snapshot/panlex-20191001-csv/2907#110847914>				<https://panlex.org/snapshot/panlex-20191001-csv/2907#110847901>		"Eris"@fo	
"Плутон"@xal	<https://panlex.org/snapshot/panlex-20191001-csv/2907#110847196>				<https://panlex.org/snapshot/panlex-20191001-csv/2907#110847351>		"Pluto"@fo	
"Нарн"@xal	<https://panlex.org/snapshot/panlex-20191001-csv/2907#110845033>				<https://panlex.org/snapshot/panlex-20191001-csv/2907#110844874>		"Sólin"@fo	
"Басң"@xal	<https://panlex.org/snapshot/panlex-20191001-csv/2907#110845290>				<https://panlex.org/snapshot/panlex-20191001-csv/2907#110845407>		"Venus"@fo	
"Атлантын дала"@xal	<https://panlex.org/snapshot/panlex-20191001-csv/2901#110867536>				<https://panlex.org/snapshot/panlex-20191001-csv/2901#110867399>		"Atlantshavið"@fo	
"Өмн үзгин дала"@xal	<https://panlex.org/snapshot/panlex-20191001-csv/2901#110868236>				<https://panlex.org/snapshot/panlex-20191001-csv/2901#110868286>		"Suðuríshavið"@fo	
"Номһн дала"@xal	<https://panlex.org/snapshot/panlex-20191001-csv/2901#110867973>				<https://panlex.org/snapshot/panlex-20191001-csv/2901#110867865>		"Kyrrahavið"@fo	
"Индин дала"@xal	<https://panlex.org/snapshot/panlex-20191001-csv/2901#110867643>				<https://panlex.org/snapshot/panlex-20191001-csv/2901#110867741>		"Indiska havið"@fo	
"Ар үзгин Мест дала"@xal	<https://panlex.org/snapshot/panlex-20191001-csv/2901#110867313>				<https://panlex.org/snapshot/panlex-20191001-csv/2901#110867166>		"Íshavið"@fo	
"Уснд кирслдг Йохан"@xal	<https://panlex.org/snapshot/panlex-20191001-csv/2906#111020468>				<https://panlex.org/snapshot/panlex-20191001-csv/2906#111020486>		"Jóhannes Doyparin"@fo	
"үстөр"@xal	<https://panlex.org/snapshot/panlex-20191001-csv/2893#110989439>				<https://panlex.org/snapshot/panlex-20191001-csv/2893#110989451>		"vatnevni"@fo	
"үстөр"@xal	<https://panlex.org/snapshot/panlex-20191001-csv/2893#110989439>				<https://panlex.org/snapshot/panlex-20191001-csv/2893#110989375>		"vetni"@fo	
"шү төргч"@xal	<https://panlex.org/snapshot/panlex-20191001-csv/2893#110990099>				<https://panlex.org/snapshot/panlex-20191001-csv/2893#110990061>		"køvievni"@fo	
"кобальт"@xal	<https://panlex.org/snapshot/panlex-20191001-csv/2893#110992855>				<https://panlex.org/snapshot/panlex-20191001-csv/2893#110992976>		"kobolt"@fo	
"неон"@xal	<https://panlex.org/snapshot/panlex-20191001-csv/2893#110990704>				<https://panlex.org/snapshot/panlex-20191001-csv/2893#110990680>		"neon"@fo	
"цаһан хала"@xal	<https://panlex.org/snapshot/panlex-20191001-csv/2893#110993486>				<https://panlex.org/snapshot/panlex-20191001-csv/2893#110993511>		"sink"@fo	
"уран"@xal	<https://panlex.org/snapshot/panlex-20191001-csv/2893#110995901>				<https://panlex.org/snapshot/panlex-20191001-csv/2893#110995758>		"uran"@fo	
"вольфрам"@xal	<https://panlex.org/snapshot/panlex-20191001-csv/2893#110994781>				<https://panlex.org/snapshot/panlex-20191001-csv/2893#110994881>		"wolfram"@fo	
"цәкүр"@xal	<https://panlex.org/snapshot/panlex-20191001-csv/2893#110991446>				<https://panlex.org/snapshot/panlex-20191001-csv/2893#110991557>		"silisium"@fo	
"натрий"@xal	<https://panlex.org/snapshot/panlex-20191001-csv/2893#110990965>				<https://panlex.org/snapshot/panlex-20191001-csv/2893#110990937>		"natrium"@fo	
"цанхорн"@xal	<https://panlex.org/snapshot/panlex-20191001-csv/2893#110993683>				<https://panlex.org/snapshot/panlex-20191001-csv/2893#110993638>		"arsen"@fo	
"фтор"@xal	<https://panlex.org/snapshot/panlex-20191001-csv/2893#110990535>				<https://panlex.org/snapshot/panlex-20191001-csv/2893#110990661>		"fluor"@fo	
"бром"@xal	<https://panlex.org/snapshot/panlex-20191001-csv/2893#110993945>				<https://panlex.org/snapshot/panlex-20191001-csv/2893#110993910>		"brom"@fo	
"гиигн цаһан"@xal	<https://panlex.org/snapshot/panlex-20191001-csv/2893#110991388>				<https://panlex.org/snapshot/panlex-20191001-csv/2893#110991323>		"aluminium"@fo	
"бор"@xal	<https://panlex.org/snapshot/panlex-20191001-csv/2893#110989713>				<https://panlex.org/snapshot/panlex-20191001-csv/2893#110989670>		"bor"@fo	
"гелий"@xal	<https://panlex.org/snapshot/panlex-20191001-csv/2893#110989663>				<https://panlex.org/snapshot/panlex-20191001-csv/2893#110989574>		"helium"@fo	
"зес"@xal	<https://panlex.org/snapshot/panlex-20191001-csv/2893#110993354>				<https://panlex.org/snapshot/panlex-20191001-csv/2893#110993380>		"kopar"@fo	
"төмр"@xal	<https://panlex.org/snapshot/panlex-20191001-csv/2893#110992723>				<https://panlex.org/snapshot/panlex-20191001-csv/2893#110992711>		"jarn"@fo	
"сүүмг"@xal	<https://panlex.org/snapshot/panlex-20191001-csv/2893#110991707>				<https://panlex.org/snapshot/panlex-20191001-csv/2893#110991805>		"fosfor"@fo	
"калий"@xal	<https://panlex.org/snapshot/panlex-20191001-csv/2893#110992277>				<https://panlex.org/snapshot/panlex-20191001-csv/2893#110992365>		"kalium"@fo	
"платин"@xal	<https://panlex.org/snapshot/panlex-20191001-csv/2893#110994955>				<https://panlex.org/snapshot/panlex-20191001-csv/2893#110995056>		"platin"@fo	
"цанхорһлҗн"@xal	<https://panlex.org/snapshot/panlex-20191001-csv/2893#110994249>				<https://panlex.org/snapshot/panlex-20191001-csv/2893#110994329>		"tin"@fo	
"цанмөңгн"@xal	<https://panlex.org/snapshot/panlex-20191001-csv/2893#110994083>				<https://panlex.org/snapshot/panlex-20191001-csv/2893#110994113>		"silvur"@fo	
"сурьма"@xal	<https://panlex.org/snapshot/panlex-20191001-csv/2893#110994436>				<https://panlex.org/snapshot/panlex-20191001-csv/2893#110994477>		"antimon"@fo	
"күчлтөр"@xal	<https://panlex.org/snapshot/panlex-20191001-csv/2893#110990399>				<https://panlex.org/snapshot/panlex-20191001-csv/2893#110990445>		"súrevni"@fo	
"күчлтөр"@xal	<https://panlex.org/snapshot/panlex-20191001-csv/2893#110990399>				<https://panlex.org/snapshot/panlex-20191001-csv/2893#110990429>		"ilt"@fo	
"йод"@xal	<https://panlex.org/snapshot/panlex-20191001-csv/2893#110994660>				<https://panlex.org/snapshot/panlex-20191001-csv/2893#110994756>		"jod"@fo	
"гицан"@xal	<https://panlex.org/snapshot/panlex-20191001-csv/2893#110991370>				<https://panlex.org/snapshot/panlex-20191001-csv/2893#110991323>		"aluminium"@fo	
"алтн"@xal	<https://panlex.org/snapshot/panlex-20191001-csv/2893#110995304>				<https://panlex.org/snapshot/panlex-20191001-csv/2893#110995147>		"gull"@fo	
"күкр"@xal	<https://panlex.org/snapshot/panlex-20191001-csv/2893#110991911>				<https://panlex.org/snapshot/panlex-20191001-csv/2893#110992011>		"svávul"@fo	
"ус төргч"@xal	<https://panlex.org/snapshot/panlex-20191001-csv/2893#110989304>				<https://panlex.org/snapshot/panlex-20191001-csv/2893#110989451>		"vatnevni"@fo	
"ус төргч"@xal	<https://panlex.org/snapshot/panlex-20191001-csv/2893#110989304>				<https://panlex.org/snapshot/panlex-20191001-csv/2893#110989375>		"vetni"@fo	
"магний"@xal	<https://panlex.org/snapshot/panlex-20191001-csv/2893#110991153>				<https://panlex.org/snapshot/panlex-20191001-csv/2893#110991227>		"magnesium"@fo	
"шүтөр"@xal	<https://panlex.org/snapshot/panlex-20191001-csv/2893#110990231>				<https://panlex.org/snapshot/panlex-20191001-csv/2893#110990061>		"køvievni"@fo	
"хорлҗн"@xal	<https://panlex.org/snapshot/panlex-20191001-csv/2893#110995603>				<https://panlex.org/snapshot/panlex-20191001-csv/2893#110995741>		"blýggj"@fo	
"нүртөр"@xal	<https://panlex.org/snapshot/panlex-20191001-csv/2893#110989924>				<https://panlex.org/snapshot/panlex-20191001-csv/2893#110989961>		"kolevni"@fo	
"мөңгүсн"@xal	<https://panlex.org/snapshot/panlex-20191001-csv/2893#110995475>				<https://panlex.org/snapshot/panlex-20191001-csv/2893#110995454>		"kyksilvur"@fo	
"хлор"@xal	<https://panlex.org/snapshot/panlex-20191001-csv/2893#110992171>				<https://panlex.org/snapshot/panlex-20191001-csv/2893#110992219>		"klor"@fo	
"никель"@xal	<https://panlex.org/snapshot/panlex-20191001-csv/2893#110993075>				<https://panlex.org/snapshot/panlex-20191001-csv/2893#110993094>		"nikkul"@fo	
"хем махбудин болзгар эв"@xal	<https://panlex.org/snapshot/panlex-20191001-csv/2893#110989161>				<https://panlex.org/snapshot/panlex-20191001-csv/2893#110989200>		"skeiðbundna skipanin"@fo	
"кальций"@xal	<https://panlex.org/snapshot/panlex-20191001-csv/2893#110992427>				<https://panlex.org/snapshot/panlex-20191001-csv/2893#110992584>		"kalsium"@fo	
"цаһан алтн"@xal	<https://panlex.org/snapshot/panlex-20191001-csv/2893#110995082>				<https://panlex.org/snapshot/panlex-20191001-csv/2893#110995056>		"platin"@fo	
"Улан Кирсән Ниит"@xal	<https://panlex.org/snapshot/panlex-20191001-csv/2894#111101606>				<https://panlex.org/snapshot/panlex-20191001-csv/2894#111101621>		"Reyði Krossur"@fo	
"Делкән Эрүл-Мендин Бүрдәц"@xal	<https://panlex.org/snapshot/panlex-20191001-csv/2894#111102546>				<https://panlex.org/snapshot/panlex-20191001-csv/2894#111102481>		"Heimsheilsufelagsskapurin"@fo	
"Ортглдсн Орн Нутгудин Баһчудын Көрң"@xal	<https://panlex.org/snapshot/panlex-20191001-csv/2894#111102313>				<https://panlex.org/snapshot/panlex-20191001-csv/2894#111102428>		"Barnagrunni Sameindu Tjóðum"@fo	
"Ортглдсн Орн Нутгуд"@xal	<https://panlex.org/snapshot/panlex-20191001-csv/2894#111101851>				<https://panlex.org/snapshot/panlex-20191001-csv/2894#111101935>		"Sameindu Tjóðirnar"@fo	
"Ортглдсн Орн Нутгуд"@xal	<https://panlex.org/snapshot/panlex-20191001-csv/2894#111101851>				<https://panlex.org/snapshot/panlex-20191001-csv/2894#111101944>		"ST"@fo	
"Ортглдсн Орн Нутгудин Медрлн Бүрдәц"@xal	<https://panlex.org/snapshot/panlex-20191001-csv/2894#111102204>				<https://panlex.org/snapshot/panlex-20191001-csv/2894#111102217>		"Ráðnum fyri útbúgvingar-, vísinda- og mentanarmálum hjá Sameindu Tjóðum"@fo	
"Европин Ниицән"@xal	<https://panlex.org/snapshot/panlex-20191001-csv/2894#111100334>				<https://panlex.org/snapshot/panlex-20191001-csv/2894#111100243>		"ES"@fo	
"Европин Ниицән"@xal	<https://panlex.org/snapshot/panlex-20191001-csv/2894#111100334>				<https://panlex.org/snapshot/panlex-20191001-csv/2894#111100371>		"Evropeiska samveldið"@fo	
"пүрвә"@xal	<https://panlex.org/snapshot/panlex-20191001-csv/2892#110825272>				<https://panlex.org/snapshot/panlex-20191001-csv/2892#110825615>		"hósdagur"@fo	
"пүрвә"@xal	<https://panlex.org/snapshot/panlex-20191001-csv/2892#110825272>				<https://panlex.org/snapshot/panlex-20191001-csv/2892#110825479>		"tórsdagur"@fo	
"мигмр"@xal	<https://panlex.org/snapshot/panlex-20191001-csv/2892#110824796>				<https://panlex.org/snapshot/panlex-20191001-csv/2892#110824508>		"týsdagur"@fo	
"мигмр"@xal	<https://panlex.org/snapshot/panlex-20191001-csv/2892#110824796>				<https://panlex.org/snapshot/panlex-20191001-csv/2892#110824450>		"týsdagur"@fo	
"сарң"@xal	<https://panlex.org/snapshot/panlex-20191001-csv/2892#110824114>				<https://panlex.org/snapshot/panlex-20191001-csv/2892#110824335>		"mánadagur"@fo	
"сарң"@xal	<https://panlex.org/snapshot/panlex-20191001-csv/2892#110824114>				<https://panlex.org/snapshot/panlex-20191001-csv/2892#110824266>		"mánadagur"@fo	
"бембә"@xal	<https://panlex.org/snapshot/panlex-20191001-csv/2892#110826551>				<https://panlex.org/snapshot/panlex-20191001-csv/2892#110826567>		"leygardagur"@fo	
"бембә"@xal	<https://panlex.org/snapshot/panlex-20191001-csv/2892#110826551>				<https://panlex.org/snapshot/panlex-20191001-csv/2892#110826496>		"leygardagur"@fo	
"үлмҗ"@xal	<https://panlex.org/snapshot/panlex-20191001-csv/2892#110824991>				<https://panlex.org/snapshot/panlex-20191001-csv/2892#110824893>		"ónsdagur"@fo	
"үлмҗ"@xal	<https://panlex.org/snapshot/panlex-20191001-csv/2892#110824991>				<https://panlex.org/snapshot/panlex-20191001-csv/2892#110825018>		"mikudagur"@fo	
"басң"@xal	<https://panlex.org/snapshot/panlex-20191001-csv/2892#110825773>				<https://panlex.org/snapshot/panlex-20191001-csv/2892#110826108>		"fríggjadagur"@fo	
"басң"@xal	<https://panlex.org/snapshot/panlex-20191001-csv/2892#110825773>				<https://panlex.org/snapshot/panlex-20191001-csv/2892#110825819>		"fríggjadagur"@fo	
"нарн"@xal	<https://panlex.org/snapshot/panlex-20191001-csv/2892#110826742>				<https://panlex.org/snapshot/panlex-20191001-csv/2892#110826693>		"sunnudagur"@fo	
"нарн"@xal	<https://panlex.org/snapshot/panlex-20191001-csv/2892#110826742>				<https://panlex.org/snapshot/panlex-20191001-csv/2892#110826765>		"sunnudagur"@fo	
"ноха"@xal	<https://panlex.org/snapshot/panlex-20191001-csv/2897#110830295>				<https://panlex.org/snapshot/panlex-20191001-csv/2897#110830246>		"august"@fo	
"така"@xal	<https://panlex.org/snapshot/panlex-20191001-csv/2897#110829834>				<https://panlex.org/snapshot/panlex-20191001-csv/2897#110829737>		"juli"@fo	
"моһа"@xal	<https://panlex.org/snapshot/panlex-20191001-csv/2897#110828192>				<https://panlex.org/snapshot/panlex-20191001-csv/2897#110827863>		"mars"@fo	
"хулһн"@xal	<https://panlex.org/snapshot/panlex-20191001-csv/2897#110830953>				<https://panlex.org/snapshot/panlex-20191001-csv/2897#110830775>		"oktober"@fo	
"һаха"@xal	<https://panlex.org/snapshot/panlex-20191001-csv/2897#110830341>				<https://panlex.org/snapshot/panlex-20191001-csv/2897#110830463>		"september"@fo	
"мөрн"@xal	<https://panlex.org/snapshot/panlex-20191001-csv/2897#110828630>				<https://panlex.org/snapshot/panlex-20191001-csv/2897#110828286>		"apríl"@fo	
"мөчн"@xal	<https://panlex.org/snapshot/panlex-20191001-csv/2897#110829422>				<https://panlex.org/snapshot/panlex-20191001-csv/2897#110829314>		"juni"@fo	
"туула"@xal	<https://panlex.org/snapshot/panlex-20191001-csv/2897#110827069>				<https://panlex.org/snapshot/panlex-20191001-csv/2897#110827141>		"januar"@fo	
"үкр"@xal	<https://panlex.org/snapshot/panlex-20191001-csv/2897#110831229>				<https://panlex.org/snapshot/panlex-20191001-csv/2897#110831477>		"november"@fo	
"бар"@xal	<https://panlex.org/snapshot/panlex-20191001-csv/2897#110831777>				<https://panlex.org/snapshot/panlex-20191001-csv/2897#110831906>		"desember"@fo	
"лу"@xal	<https://panlex.org/snapshot/panlex-20191001-csv/2897#110827591>				<https://panlex.org/snapshot/panlex-20191001-csv/2897#110827517>		"februar"@fo	
"хөн"@xal	<https://panlex.org/snapshot/panlex-20191001-csv/2897#110828833>				<https://panlex.org/snapshot/panlex-20191001-csv/2897#110829022>		"mai"@fo	
"Априк"@xal	<https://panlex.org/snapshot/panlex-20191001-csv/2891#110853221>				<https://panlex.org/snapshot/panlex-20191001-csv/2891#110853029>		"Afrika"@fo	
"Европ"@xal	<https://panlex.org/snapshot/panlex-20191001-csv/2891#110854120>				<https://panlex.org/snapshot/panlex-20191001-csv/2891#110854147>		"Evropa"@fo	
"Антарктик"@xal	<https://panlex.org/snapshot/panlex-20191001-csv/2891#110853667>				<https://panlex.org/snapshot/panlex-20191001-csv/2891#110853768>		"Antarktis"@fo	
"Азия"@xal	<https://panlex.org/snapshot/panlex-20191001-csv/2891#110853921>				<https://panlex.org/snapshot/panlex-20191001-csv/2891#110853992>		"Asia"@fo	
"Арлин Теңгс"@xal	<https://panlex.org/snapshot/panlex-20191001-csv/2891#110854514>				<https://panlex.org/snapshot/panlex-20191001-csv/2891#110854472>		"Kyrrahavsoyggjarnar"@fo	
"Арлин Теңгс"@xal	<https://panlex.org/snapshot/panlex-20191001-csv/2891#110854514>				<https://panlex.org/snapshot/panlex-20191001-csv/2891#110854484>		"Oyggjalond"@fo	
"Америк"@xal	<https://panlex.org/snapshot/panlex-20191001-csv/2891#110853479>				<https://panlex.org/snapshot/panlex-20191001-csv/2891#110853458>		"Amerika"@fo	
"Зааһин Уулс"@xal	<https://panlex.org/snapshot/panlex-20191001-csv/2896#110866871>				<https://panlex.org/snapshot/panlex-20191001-csv/2896#110866971>		"Uralfjøll"@fo	
