"i-ʔɨk"@myu	<http://ids.clld.org/values/4-460-287-1>		<http://ids.clld.org/parameters/4-460>		<http://ids.clld.org/values/4-460-209-1>		"kāts"@xto	
"i-rɨt"@myu	<http://ids.clld.org/values/15-640-287-1>		<http://ids.clld.org/parameters/15-640>		<http://ids.clld.org/values/15-640-209-1>		"ārki"@xto	
"t-akat-kan"@myu	<http://ids.clld.org/values/9-220-287-1>		<http://ids.clld.org/parameters/9-220>		<http://ids.clld.org/values/9-220-209-1>		"karṣt-"@xto	
"t-akat-kan"@myu	<http://ids.clld.org/values/9-220-287-1>		<http://ids.clld.org/parameters/9-220>		<http://ids.clld.org/values/9-220-209-3>		"lātk-"@xto	
"t-akat-kan"@myu	<http://ids.clld.org/values/9-220-287-1>		<http://ids.clld.org/parameters/9-220>		<http://ids.clld.org/values/9-220-209-5>		"prutk-"@xto	
"ǰat"@myu	<http://ids.clld.org/values/11-140-287-1>		<http://ids.clld.org/parameters/11-140>		<http://ids.clld.org/values/11-140-209-1>		"eṃts-"@xto	
"napapaʔɨkat"@myu	<http://ids.clld.org/values/16-670-287-1>		<http://ids.clld.org/parameters/16-670>		<http://ids.clld.org/values/16-670-209-1>		"smale"@xto	
"yaokakam"@myu	<http://ids.clld.org/values/4-760-287-3>		<http://ids.clld.org/parameters/4-760>		<http://ids.clld.org/values/4-760-209-1>		"ko-"@xto	
"i-kɨ̃y-kotkon"@myu	<http://ids.clld.org/values/8-220-287-1>		<http://ids.clld.org/parameters/8-220>		<http://ids.clld.org/values/8-220-209-1>		"räp-"@xto	
"i-tĩŋ-ʔa"@myu	<http://ids.clld.org/values/5-260-287-1>		<http://ids.clld.org/parameters/5-260>		<http://ids.clld.org/values/5-260-209-1>		"[kunti]"@xto	
"a-yat-at-ʔit-ʔit"@myu	<http://ids.clld.org/values/2-260-287-1>		<http://ids.clld.org/parameters/2-260>		<http://ids.clld.org/values/2-260-209-1>		"śomiṃ"@xto	
"itaʔit"@myu	<http://ids.clld.org/values/4-740-287-1>		<http://ids.clld.org/parameters/4-740>		<http://ids.clld.org/values/4-740-209-3>		"śol"@xto	
"itaʔit"@myu	<http://ids.clld.org/values/4-740-287-1>		<http://ids.clld.org/parameters/4-740>		<http://ids.clld.org/values/4-740-209-1>		"śo-"@xto	
"ka"@myu	<http://ids.clld.org/values/9-260-287-1>		<http://ids.clld.org/parameters/9-260>		<http://ids.clld.org/values/9-260-209-1>		"kot-"@xto	
"ade"@myu	<http://ids.clld.org/values/13-150-287-1>		<http://ids.clld.org/parameters/13-150>		<http://ids.clld.org/values/13-150-209-1>		"māk"@xto	
"kaerep"@myu	<http://ids.clld.org/values/1-214-287-1>		<http://ids.clld.org/parameters/1-214>		<http://ids.clld.org/values/1-214-209-1>		"lyom (?)"@xto	
"-beren"@myu	<http://ids.clld.org/values/12-570-287-1>		<http://ids.clld.org/parameters/12-570>		<http://ids.clld.org/values/12-570-209-3>		"aryu"@xto	
"-beren"@myu	<http://ids.clld.org/values/12-570-287-1>		<http://ids.clld.org/parameters/12-570>		<http://ids.clld.org/values/12-570-209-1>		"pärkär"@xto	
"kɨ̃yǰobit yaʔõ-kay"@myu	<http://ids.clld.org/values/19-460-287-1>		<http://ids.clld.org/parameters/19-460>		<http://ids.clld.org/values/19-460-209-1>		"nam"@xto	
"daʔiʔim"@myu	<http://ids.clld.org/values/10-440-287-1>		<http://ids.clld.org/parameters/10-440>		<http://ids.clld.org/values/10-440-209-1>		"tsip-"@xto	
"-a-ʔõ-ša-bi-da"@myu	<http://ids.clld.org/values/4-440-287-1>		<http://ids.clld.org/parameters/4-440>		<http://ids.clld.org/values/4-440-209-1>		"āriɲc"@xto	
"dao ma"@myu	<http://ids.clld.org/values/14-210-287-3>		<http://ids.clld.org/parameters/14-210>		<http://ids.clld.org/values/14-210-209-1>		"ymāräk"@xto	
"ǰeakaɲ"@myu	<http://ids.clld.org/values/11-310-287-1>		<http://ids.clld.org/parameters/11-310>		<http://ids.clld.org/values/11-310-209-1>		"rit-"@xto	
"-še-ʔe"@myu	<http://ids.clld.org/values/4-120-287-1>		<http://ids.clld.org/parameters/4-120>		<http://ids.clld.org/values/4-120-209-1>		"yats"@xto	
"iʔom"@myu	<http://ids.clld.org/values/5-110-287-3>		<http://ids.clld.org/parameters/5-110>		<http://ids.clld.org/values/5-110-209-1>		"śu- ~ śuwā-"@xto	
"tomɨdipʔɨkʔɨk"@myu	<http://ids.clld.org/values/12-240-287-1>		<http://ids.clld.org/parameters/12-240>		<http://ids.clld.org/values/12-240-209-1>		"ru-"@xto	
"pɨǰe"@myu	<http://ids.clld.org/values/17-650-287-1>		<http://ids.clld.org/parameters/17-650>		<http://ids.clld.org/values/17-650-209-1>		"äntāne"@xto	
"-d-oy"@myu	<http://ids.clld.org/values/4-150-287-1>		<http://ids.clld.org/parameters/4-150>		<http://ids.clld.org/values/4-150-209-1>		"ysār"@xto	
"i-o-di"@myu	<http://ids.clld.org/values/1-380-287-1>		<http://ids.clld.org/parameters/1-380>		<http://ids.clld.org/values/1-380-209-1>		"kärtkāl"@xto	
"šĩŋ-šĩŋ ǰepin"@myu	<http://ids.clld.org/values/10-120-287-1>		<http://ids.clld.org/parameters/10-120>		<http://ids.clld.org/values/10-120-209-1>		"lotk-"@xto	
"ibipɨrɨk"@myu	<http://ids.clld.org/values/5-150-287-1>		<http://ids.clld.org/parameters/5-150>		<http://ids.clld.org/values/5-150-209-1>		"yoke"@xto	
"šipat ɲɨ"@myu	<http://ids.clld.org/values/16-720-287-1>		<http://ids.clld.org/parameters/16-720>		<http://ids.clld.org/values/16-720-209-3>		"omäskeṃ"@xto	
"šipat ɲɨ"@myu	<http://ids.clld.org/values/16-720-287-1>		<http://ids.clld.org/parameters/16-720>		<http://ids.clld.org/values/16-720-209-1>		"umpar"@xto	
"kašiepi"@myu	<http://ids.clld.org/values/15-851-287-5>		<http://ids.clld.org/parameters/15-851>		<http://ids.clld.org/values/15-851-209-1>		"omäl"@xto	
"iɲɨ̃yčɨ̃ɲ"@myu	<http://ids.clld.org/values/16-320-287-1>		<http://ids.clld.org/parameters/16-320>		<http://ids.clld.org/values/16-320-209-1>		"śurām"@xto	
"-ʔa"@myu	<http://ids.clld.org/values/5-710-287-1>		<http://ids.clld.org/parameters/5-710>		<http://ids.clld.org/values/5-710-209-1>		"oko"@xto	
"mɨ-"@myu	<http://ids.clld.org/values/17-420-287-1>		<http://ids.clld.org/parameters/17-420>		<http://ids.clld.org/values/17-420-209-1>		"ṣurm"@xto	
"yaʔõ"@myu	<http://ids.clld.org/values/18-240-287-1>		<http://ids.clld.org/parameters/18-240>		<http://ids.clld.org/values/18-240-209-1>		"käntu"@xto	
"soat em"@myu	<http://ids.clld.org/values/14-310-287-1>		<http://ids.clld.org/parameters/14-310>		<http://ids.clld.org/values/14-310-209-1>		"skam"@xto	
"šeše-n"@myu	<http://ids.clld.org/values/4-610-287-1>		<http://ids.clld.org/parameters/4-610>		<http://ids.clld.org/values/4-610-209-1>		"klis-"@xto	
"šeše-n"@myu	<http://ids.clld.org/values/4-610-287-1>		<http://ids.clld.org/parameters/4-610>		<http://ids.clld.org/values/4-610-209-3>		"ṣpäṇ"@xto	
"nomɨǰɨ"@myu	<http://ids.clld.org/values/10-520-287-1>		<http://ids.clld.org/parameters/10-520>		<http://ids.clld.org/values/10-520-209-1>		"säk- (?)"@xto	
"a-yat-at"@myu	<http://ids.clld.org/values/2-220-287-1>		<http://ids.clld.org/parameters/2-220>		<http://ids.clld.org/values/2-220-209-3>		"kùli"@xto	
"a-yat-at"@myu	<http://ids.clld.org/values/2-220-287-1>		<http://ids.clld.org/parameters/2-220>		<http://ids.clld.org/values/2-220-209-1>		"śäṃ"@xto	
"i-šet"@myu	<http://ids.clld.org/values/4-610-287-3>		<http://ids.clld.org/parameters/4-610>		<http://ids.clld.org/values/4-610-209-1>		"klis-"@xto	
"i-šet"@myu	<http://ids.clld.org/values/4-610-287-3>		<http://ids.clld.org/parameters/4-610>		<http://ids.clld.org/values/4-610-209-3>		"ṣpäṇ"@xto	
"šipat"@myu	<http://ids.clld.org/values/16-710-287-1>		<http://ids.clld.org/parameters/16-710>		<http://ids.clld.org/values/16-710-209-1>		"kāsu"@xto	
"-ʔip"@myu	<http://ids.clld.org/values/1-430-287-1>		<http://ids.clld.org/parameters/1-430>		<http://ids.clld.org/values/1-430-209-1>		"or"@xto	
"e-"@myu	<http://ids.clld.org/values/2-920-287-3>		<http://ids.clld.org/parameters/2-920>		<http://ids.clld.org/values/2-920-209-1>		"tu"@xto	
"t-i-boɲ-ati"@myu	<http://ids.clld.org/values/1-320-287-1>		<http://ids.clld.org/parameters/1-320>		<http://ids.clld.org/values/1-320-209-1>		"lyäm"@xto	
"na-bɨ̃"@myu	<http://ids.clld.org/values/4-230-287-1>		<http://ids.clld.org/parameters/4-230>		<http://ids.clld.org/values/4-230-209-1>		"mal"@xto	
"[sorara]"@myu	<http://ids.clld.org/values/20-170-287-1>		<http://ids.clld.org/parameters/20-170>		<http://ids.clld.org/values/20-170-209-1>		"waco"@xto	
"tikõn"@myu	<http://ids.clld.org/values/5-130-287-3>		<http://ids.clld.org/parameters/5-130>		<http://ids.clld.org/values/5-130-209-1>		"yok-"@xto	
"i-bɨ-nɨ̃ʔa"@myu	<http://ids.clld.org/values/4-330-287-1>		<http://ids.clld.org/parameters/4-330>		<http://ids.clld.org/values/4-330-209-1>		"tsar"@xto	
"i-rem-rɨm"@myu	<http://ids.clld.org/values/15-670-287-1>		<http://ids.clld.org/parameters/15-670>		<http://ids.clld.org/values/15-670-209-1>		"tseṃ"@xto	
"iyõyõn"@myu	<http://ids.clld.org/values/15-210-287-1>		<http://ids.clld.org/parameters/15-210>		<http://ids.clld.org/values/15-210-209-1>		"wär-"@xto	
"tidašip"@myu	<http://ids.clld.org/values/15-851-287-3>		<http://ids.clld.org/parameters/15-851>		<http://ids.clld.org/values/15-851-209-1>		"omäl"@xto	
"šešečap"@myu	<http://ids.clld.org/values/7-420-287-1>		<http://ids.clld.org/parameters/7-420>		<http://ids.clld.org/values/7-420-209-1>		"lake"@xto	
"tao-beren"@myu	<http://ids.clld.org/values/12-310-287-1>		<http://ids.clld.org/parameters/12-310>		<http://ids.clld.org/values/12-310-209-1>		"tpär"@xto	
"ipiat"@myu	<http://ids.clld.org/values/4-890-287-1>		<http://ids.clld.org/parameters/4-890>		<http://ids.clld.org/values/4-890-209-1>		"wäs"@xto	
"ǰewɨrɨ̃ɲ"@myu	<http://ids.clld.org/values/4-630-287-1>		<http://ids.clld.org/parameters/4-630>		<http://ids.clld.org/values/4-630-209-1>		"wār-"@xto	
"ka-ba-ʔo-rit"@myu	<http://ids.clld.org/values/1-840-287-1>		<http://ids.clld.org/parameters/1-840>		<http://ids.clld.org/values/1-840-209-1>		"twe"@xto	
"ka-ba-ʔo-rit"@myu	<http://ids.clld.org/values/1-840-287-1>		<http://ids.clld.org/parameters/1-840>		<http://ids.clld.org/values/1-840-209-3>		"tor"@xto	
"ǰewaɨ̃yɲɨy"@myu	<http://ids.clld.org/values/17-130-287-1>		<http://ids.clld.org/parameters/17-130>		<http://ids.clld.org/values/17-130-209-1>		"päl(t)sk-"@xto	
"ka-bi-kere-reat"@myu	<http://ids.clld.org/values/1-730-287-1>		<http://ids.clld.org/parameters/1-730>		<http://ids.clld.org/values/1-730-209-1>		"tärkär"@xto	
"kawta"@myu	<http://ids.clld.org/values/5-810-287-1>		<http://ids.clld.org/parameters/5-810>		<http://ids.clld.org/values/5-810-209-1>		"sāle"@xto	
"ǰẽm"@myu	<http://ids.clld.org/values/10-474-287-1>		<http://ids.clld.org/parameters/10-474>		<http://ids.clld.org/values/10-474-209-1>		"länt-"@xto	
"ey-ǰɨ"@myu	<http://ids.clld.org/values/2-950-287-1>		<http://ids.clld.org/parameters/2-950>		<http://ids.clld.org/values/2-950-209-1>		"yas"@xto	
"yɨkpibɨk"@myu	<http://ids.clld.org/values/13-220-287-3>		<http://ids.clld.org/parameters/13-220>		<http://ids.clld.org/values/13-220-209-1>		"ekär"@xto	
"ǰeway-way-way"@myu	<http://ids.clld.org/values/16-250-287-1>		<http://ids.clld.org/parameters/16-250>		<http://ids.clld.org/values/16-250-209-1>		"kary-"@xto	
"aǰɨy"@myu	<http://ids.clld.org/values/12-260-287-3>		<http://ids.clld.org/parameters/12-260>		<http://ids.clld.org/values/12-260-209-5>		"wāl-"@xto	
"aǰɨy"@myu	<http://ids.clld.org/values/12-260-287-3>		<http://ids.clld.org/parameters/12-260>		<http://ids.clld.org/values/12-260-209-3>		"räk-"@xto	
"aǰɨy"@myu	<http://ids.clld.org/values/12-260-287-3>		<http://ids.clld.org/parameters/12-260>		<http://ids.clld.org/values/12-260-209-1>		"ep-"@xto	
"iši"@myu	<http://ids.clld.org/values/15-830-287-1>		<http://ids.clld.org/parameters/15-830>		<http://ids.clld.org/values/15-830-209-1>		"wip-"@xto	
"i-čok-čok"@myu	<http://ids.clld.org/values/16-230-287-1>		<http://ids.clld.org/parameters/16-230>		<http://ids.clld.org/values/16-230-209-1>		"tsārwo"@xto	
"e-ba-pɨ̃ŋ"@myu	<http://ids.clld.org/values/13-30-287-1>		<http://ids.clld.org/parameters/13-30>		<http://ids.clld.org/values/13-30-209-1>		"tre"@xto	
"e-ba-pɨ̃ŋ"@myu	<http://ids.clld.org/values/13-30-287-1>		<http://ids.clld.org/parameters/13-30>		<http://ids.clld.org/values/13-30-209-3>		"tri"@xto	
"i-okok"@myu	<http://ids.clld.org/values/14-150-287-1>		<http://ids.clld.org/parameters/14-150>		<http://ids.clld.org/values/14-150-209-1>		"mokone"@xto	
"ka-ši"@myu	<http://ids.clld.org/values/1-530-287-1>		<http://ids.clld.org/parameters/1-530>		<http://ids.clld.org/values/1-530-209-1>		"maɲ"@xto	
"ʔa"@myu	<http://ids.clld.org/values/4-200-287-3>		<http://ids.clld.org/parameters/4-200>		<http://ids.clld.org/values/4-200-209-1>		"mrāc"@xto	
"ʔa"@myu	<http://ids.clld.org/values/4-200-287-3>		<http://ids.clld.org/parameters/4-200>		<http://ids.clld.org/values/4-200-209-3>		"lap"@xto	
"-ǰe-bok-bok"@myu	<http://ids.clld.org/values/10-340-287-1>		<http://ids.clld.org/parameters/10-340>		<http://ids.clld.org/values/10-340-209-1>		"plu-"@xto	
"akɨriče"@myu	<http://ids.clld.org/values/3-610-287-1>		<http://ids.clld.org/parameters/3-610>		<http://ids.clld.org/values/3-610-209-1>		"ku"@xto	
"mɨ-ba-ʔat"@myu	<http://ids.clld.org/values/1-750-287-1>		<http://ids.clld.org/parameters/1-750>		<http://ids.clld.org/values/1-750-209-1>		"swase"@xto	
"ɨk"@myu	<http://ids.clld.org/values/11-130-287-1>		<http://ids.clld.org/parameters/11-130>		<http://ids.clld.org/values/11-130-209-1>		"eṃts-"@xto	
"ǰebodoy-doy"@myu	<http://ids.clld.org/values/4-912-287-1>		<http://ids.clld.org/parameters/4-912>		<http://ids.clld.org/values/4-912-209-1>		"āɲu"@xto	
"ihi"@myu	<http://ids.clld.org/values/14-740-287-1>		<http://ids.clld.org/parameters/14-740>		<http://ids.clld.org/values/14-740-209-1>		"śärme"@xto	
"ibɨt"@myu	<http://ids.clld.org/values/4-374-287-1>		<http://ids.clld.org/parameters/4-374>		<http://ids.clld.org/values/4-374-209-1>		"ṣik"@xto	
"soat"@myu	<http://ids.clld.org/values/13-140-287-1>		<http://ids.clld.org/parameters/13-140>		<http://ids.clld.org/values/13-140-209-1>		"pont-"@xto	
"-ko-ren-ren"@myu	<http://ids.clld.org/values/12-820-287-1>		<http://ids.clld.org/parameters/12-820>		<http://ids.clld.org/values/12-820-209-1>		"sark"@xto	
"pɨ̃ɲ"@myu	<http://ids.clld.org/values/13-10-287-3>		<http://ids.clld.org/parameters/13-10>		<http://ids.clld.org/values/13-10-209-1>		"sas"@xto	
"pɨ̃ɲ"@myu	<http://ids.clld.org/values/13-10-287-3>		<http://ids.clld.org/parameters/13-10>		<http://ids.clld.org/values/13-10-209-3>		"säṃ"@xto	
"yabitoro"@myu	<http://ids.clld.org/values/10-130-287-1>		<http://ids.clld.org/parameters/10-130>		<http://ids.clld.org/values/10-130-209-1>		"spārtw-"@xto	
"pɨ̃ŋ põŋ-bi"@myu	<http://ids.clld.org/values/13-50-287-1>		<http://ids.clld.org/parameters/13-50>		<http://ids.clld.org/values/13-50-209-1>		"paɲ"@xto	
"doti"@myu	<http://ids.clld.org/values/6-120-287-1>		<http://ids.clld.org/parameters/6-120>		<http://ids.clld.org/values/6-120-209-1>		"wsal"@xto	
"kawi-diŋ"@myu	<http://ids.clld.org/values/1-213-287-3>		<http://ids.clld.org/parameters/1-213>		<http://ids.clld.org/values/1-213-209-3>		"tor"@xto	
"kawi-diŋ"@myu	<http://ids.clld.org/values/1-213-287-3>		<http://ids.clld.org/parameters/1-213>		<http://ids.clld.org/values/1-213-209-1>		"twe"@xto	
"-čɨk"@myu	<http://ids.clld.org/values/15-860-287-1>		<http://ids.clld.org/parameters/15-860>		<http://ids.clld.org/values/15-860-209-1>		"kùraś"@xto	
"ipekpɨk"@myu	<http://ids.clld.org/values/15-660-287-3>		<http://ids.clld.org/parameters/15-660>		<http://ids.clld.org/values/15-660-209-3>		"rätri"@xto	
"ipekpɨk"@myu	<http://ids.clld.org/values/15-660-287-3>		<http://ids.clld.org/parameters/15-660>		<http://ids.clld.org/values/15-660-209-1>		"rtär"@xto	
"imɨpãm"@myu	<http://ids.clld.org/values/9-210-287-1>		<http://ids.clld.org/parameters/9-210>		<http://ids.clld.org/values/9-210-209-1>		"on-"@xto	
"imɨpãm"@myu	<http://ids.clld.org/values/9-210-287-1>		<http://ids.clld.org/parameters/9-210>		<http://ids.clld.org/values/9-210-209-3>		"ko-"@xto	
"imɨpãm"@myu	<http://ids.clld.org/values/9-210-287-1>		<http://ids.clld.org/parameters/9-210>		<http://ids.clld.org/values/9-210-209-5>		"tsop-"@xto	
"ka-sop-ta (-da)"@myu	<http://ids.clld.org/values/1-540-287-1>		<http://ids.clld.org/parameters/1-540>		<http://ids.clld.org/values/1-540-209-1>		"śre-"@xto	
"-i"@myu	<http://ids.clld.org/values/4-370-287-3>		<http://ids.clld.org/parameters/4-370>		<http://ids.clld.org/values/4-370-209-1>		"pe"@xto	
"imɨkɨŋ-ɨkɨŋ"@myu	<http://ids.clld.org/values/9-160-287-1>		<http://ids.clld.org/parameters/9-160>		<http://ids.clld.org/values/9-160-209-1>		"kärk-"@xto	
"taypa"@myu	<http://ids.clld.org/values/8-550-287-3>		<http://ids.clld.org/parameters/8-550>		<http://ids.clld.org/values/8-550-209-1>		"karke"@xto	
"-ʔip"@myu	<http://ids.clld.org/values/1-420-287-1>		<http://ids.clld.org/parameters/1-420>		<http://ids.clld.org/values/1-420-209-1>		"ṣtām"@xto	
"imɨ̃n-mɨ̃n"@myu	<http://ids.clld.org/values/10-250-287-1>		<http://ids.clld.org/parameters/10-250>		<http://ids.clld.org/values/10-250-209-1>		"säl-"@xto	
"-a-ɲɨy-bɨ"@myu	<http://ids.clld.org/values/4-220-287-1>		<http://ids.clld.org/parameters/4-220>		<http://ids.clld.org/values/4-220-209-1>		"klots"@xto	
"ǰekodododon"@myu	<http://ids.clld.org/values/10-350-287-3>		<http://ids.clld.org/parameters/10-350>		<http://ids.clld.org/values/10-350-209-1>		"yär-"@xto	
"wɨ̃y-ǰɨ-yɨ̃"@myu	<http://ids.clld.org/values/2-100-287-1>		<http://ids.clld.org/parameters/2-100>		<http://ids.clld.org/values/2-100-209-1>		"napeṃ"@xto	
"dapši"@myu	<http://ids.clld.org/values/16-670-287-3>		<http://ids.clld.org/parameters/16-670>		<http://ids.clld.org/values/16-670-209-1>		"smale"@xto	
"četẽɲ ma"@myu	<http://ids.clld.org/values/12-430-287-1>		<http://ids.clld.org/parameters/12-430>		<http://ids.clld.org/values/12-430-209-1>		"kātse"@xto	
"-direm"@myu	<http://ids.clld.org/values/15-830-287-3>		<http://ids.clld.org/parameters/15-830>		<http://ids.clld.org/values/15-830-209-1>		"wip-"@xto	
"-d-ɨp"@myu	<http://ids.clld.org/values/8-560-287-1>		<http://ids.clld.org/parameters/8-560>		<http://ids.clld.org/values/8-560-209-1>		"pält"@xto	
"kabia"@myu	<http://ids.clld.org/values/1-610-287-3>		<http://ids.clld.org/parameters/1-610>		<http://ids.clld.org/values/1-610-209-1>		"lkäś"@xto	
"yaypanʔisɨat"@myu	<http://ids.clld.org/values/2-251-287-1>		<http://ids.clld.org/parameters/2-251>		<http://ids.clld.org/values/2-251-209-1>		"wir"@xto	
"ǰeʔɨ̃ʔɨ̃m"@myu	<http://ids.clld.org/values/4-750-287-1>		<http://ids.clld.org/parameters/4-750>		<http://ids.clld.org/values/4-750-209-3>		"walu"@xto	
"ǰeʔɨ̃ʔɨ̃m"@myu	<http://ids.clld.org/values/4-750-287-1>		<http://ids.clld.org/parameters/4-750>		<http://ids.clld.org/values/4-750-209-1>		"wäl-"@xto	
"i-pi"@myu	<http://ids.clld.org/values/1-100-287-3>		<http://ids.clld.org/parameters/1-100>		<http://ids.clld.org/values/1-100-209-1>		"ārkiśoṣi"@xto	
"ka-bi-a"@myu	<http://ids.clld.org/values/14-410-287-1>		<http://ids.clld.org/parameters/14-410>		<http://ids.clld.org/values/14-410-209-1>		"koṃ"@xto	
"ǰeakaɲ"@myu	<http://ids.clld.org/values/15-520-287-1>		<http://ids.clld.org/parameters/15-520>		<http://ids.clld.org/values/15-520-209-1>		"läk-"@xto	
"ipi"@myu	<http://ids.clld.org/values/19-110-287-1>		<http://ids.clld.org/parameters/19-110>		<http://ids.clld.org/values/19-110-209-1>		"ype"@xto	
"ǰekpiwan ma"@myu	<http://ids.clld.org/values/12-230-287-1>		<http://ids.clld.org/parameters/12-230>		<http://ids.clld.org/values/12-230-209-1>		"wätk-"@xto	
"ǰekpiwan ma"@myu	<http://ids.clld.org/values/12-230-287-1>		<http://ids.clld.org/parameters/12-230>		<http://ids.clld.org/values/12-230-209-3>		"putk-"@xto	
"da-at"@myu	<http://ids.clld.org/values/7-130-287-1>		<http://ids.clld.org/parameters/7-130>		<http://ids.clld.org/values/7-130-209-1>		"yṣitstse (?)"@xto	
"imɨwekakam"@myu	<http://ids.clld.org/values/9-222-287-1>		<http://ids.clld.org/parameters/9-222>		<http://ids.clld.org/values/9-222-209-1>		"kot-"@xto	
"i-ok"@myu	<http://ids.clld.org/values/1-620-287-1>		<http://ids.clld.org/parameters/1-620>		<http://ids.clld.org/values/1-620-209-1>		"orkäm"@xto	
"yakɨrɨ-kɨrɨ"@myu	<http://ids.clld.org/values/15-350-287-3>		<http://ids.clld.org/parameters/15-350>		<http://ids.clld.org/values/15-350-209-1>		"swār"@xto	
"ka-ši-a-ʔat"@myu	<http://ids.clld.org/values/1-530-287-3>		<http://ids.clld.org/parameters/1-530>		<http://ids.clld.org/values/1-530-209-1>		"maɲ"@xto	
"don"@myu	<http://ids.clld.org/values/10-480-287-1>		<http://ids.clld.org/parameters/10-480>		<http://ids.clld.org/values/10-480-209-1>		"kum-"@xto	
"yanopapɨ̃n"@myu	<http://ids.clld.org/values/13-210-287-3>		<http://ids.clld.org/parameters/13-210>		<http://ids.clld.org/values/13-210-209-1>		"ypic"@xto	
"-kɨ̃m"@myu	<http://ids.clld.org/values/4-410-287-1>		<http://ids.clld.org/parameters/4-410>		<http://ids.clld.org/values/4-410-209-1>		"päśśäṃ"@xto	
"iɨ̃mɨ̃m"@myu	<http://ids.clld.org/values/11-210-287-1>		<http://ids.clld.org/parameters/11-210>		<http://ids.clld.org/values/11-210-209-1>		"e-"@xto	
"ibɨ-nɨ̃"@myu	<http://ids.clld.org/values/4-344-287-1>		<http://ids.clld.org/parameters/4-344>		<http://ids.clld.org/values/4-344-209-1>		"maku"@xto	
"-dɨkʔa"@myu	<http://ids.clld.org/values/7-120-287-3>		<http://ids.clld.org/parameters/7-120>		<http://ids.clld.org/values/7-120-209-1>		"waṣt"@xto	
"ibɨkɨrɨkat"@myu	<http://ids.clld.org/values/21-520-287-1>		<http://ids.clld.org/parameters/21-520>		<http://ids.clld.org/values/21-520-209-1>		"lyäk"@xto	
"-t-ay-ši"@myu	<http://ids.clld.org/values/2-320-287-1>		<http://ids.clld.org/parameters/2-320>		<http://ids.clld.org/values/2-320-209-1>		"śäṃ"@xto	
"itaybit"@myu	<http://ids.clld.org/values/17-170-287-1>		<http://ids.clld.org/parameters/17-170>		<http://ids.clld.org/values/17-170-209-1>		"kärs-"@xto	
"abɨ"@myu	<http://ids.clld.org/values/17-680-287-1>		<http://ids.clld.org/parameters/17-680>		<http://ids.clld.org/values/17-680-209-1>		"kus"@xto	
"ʔat-ʔan"@myu	<http://ids.clld.org/values/10-230-287-1>		<http://ids.clld.org/parameters/10-230>		<http://ids.clld.org/values/10-230-209-1>		"klā(w)-"@xto	
"i-ba"@myu	<http://ids.clld.org/values/4-310-287-1>		<http://ids.clld.org/parameters/4-310>		<http://ids.clld.org/values/4-310-209-1>		"poke"@xto	
"nasɨ̃ŋ-pɨ"@myu	<http://ids.clld.org/values/3-840-287-1>		<http://ids.clld.org/parameters/3-840>		<http://ids.clld.org/values/3-840-209-1>		"walyī"@xto	
"šĩŋ-šĩŋ"@myu	<http://ids.clld.org/values/10-450-287-1>		<http://ids.clld.org/parameters/10-450>		<http://ids.clld.org/values/10-450-209-1>		"i-"@xto	
"ka-ši"@myu	<http://ids.clld.org/values/1-520-287-1>		<http://ids.clld.org/parameters/1-520>		<http://ids.clld.org/values/1-520-209-1>		"koṃ"@xto	
"ǰɨ"@myu	<http://ids.clld.org/values/10-470-287-3>		<http://ids.clld.org/parameters/10-470>		<http://ids.clld.org/values/10-470-209-5>		"kälk-"@xto	
"ǰɨ"@myu	<http://ids.clld.org/values/10-470-287-3>		<http://ids.clld.org/parameters/10-470>		<http://ids.clld.org/values/10-470-209-1>		"i-"@xto	
"ǰɨ"@myu	<http://ids.clld.org/values/10-470-287-3>		<http://ids.clld.org/parameters/10-470>		<http://ids.clld.org/values/10-470-209-3>		"yeṣ"@xto	
"čɨm"@myu	<http://ids.clld.org/values/10-470-287-1>		<http://ids.clld.org/parameters/10-470>		<http://ids.clld.org/values/10-470-209-5>		"kälk-"@xto	
"čɨm"@myu	<http://ids.clld.org/values/10-470-287-1>		<http://ids.clld.org/parameters/10-470>		<http://ids.clld.org/values/10-470-209-1>		"i-"@xto	
"čɨm"@myu	<http://ids.clld.org/values/10-470-287-1>		<http://ids.clld.org/parameters/10-470>		<http://ids.clld.org/values/10-470-209-3>		"yeṣ"@xto	
"op"@myu	<http://ids.clld.org/values/20-250-287-1>		<http://ids.clld.org/parameters/20-250>		<http://ids.clld.org/values/20-250-209-1>		"pär"@xto	
"ǰɨy"@myu	<http://ids.clld.org/values/16-270-287-1>		<http://ids.clld.org/parameters/16-270>		<http://ids.clld.org/values/16-270-209-1>		"tunk-iɲɲ-"@xto	
"tao-apĩn"@myu	<http://ids.clld.org/values/12-590-287-1>		<http://ids.clld.org/parameters/12-590>		<http://ids.clld.org/values/12-590-209-1>		"tsru"@xto	
"i-poši"@myu	<http://ids.clld.org/values/15-810-287-1>		<http://ids.clld.org/parameters/15-810>		<http://ids.clld.org/values/15-810-209-1>		"krāmärts"@xto	
"sui"@myu	<http://ids.clld.org/values/4-370-287-1>		<http://ids.clld.org/parameters/4-370>		<http://ids.clld.org/values/4-370-209-1>		"pe"@xto	
"-dit ~ tit"@myu	<http://ids.clld.org/values/8-570-287-1>		<http://ids.clld.org/parameters/8-570>		<http://ids.clld.org/values/8-570-209-1>		"pyāpi"@xto	
"n-ɨ̃y"@myu	<http://ids.clld.org/values/4-270-287-1>		<http://ids.clld.org/parameters/4-270>		<http://ids.clld.org/values/4-270-209-1>		"kam"@xto	
"i-bɨ-tet"@myu	<http://ids.clld.org/values/18-280-287-1>		<http://ids.clld.org/parameters/18-280>		<http://ids.clld.org/values/18-280-209-1>		"ɲom"@xto	
"-baʔĩŋ"@myu	<http://ids.clld.org/values/12-420-287-1>		<http://ids.clld.org/parameters/12-420>		<http://ids.clld.org/values/12-420-209-1>		"pācyās"@xto	
"ʔɨ̃m"@myu	<http://ids.clld.org/values/17-560-287-3>		<http://ids.clld.org/parameters/17-560>		<http://ids.clld.org/values/17-560-209-1>		"mā"@xto	
"ibača-ʔɨ̃m"@myu	<http://ids.clld.org/values/4-820-287-1>		<http://ids.clld.org/parameters/4-820>		<http://ids.clld.org/values/4-820-209-1>		"ylār"@xto	
"ǰededem"@myu	<http://ids.clld.org/values/18-210-287-1>		<http://ids.clld.org/parameters/18-210>		<http://ids.clld.org/values/18-210-209-1>		"träṅk-"@xto	
"-istma"@myu	<http://ids.clld.org/values/12-560-287-3>		<http://ids.clld.org/parameters/12-560>		<http://ids.clld.org/values/12-560-209-1>		"lykäly"@xto	
"imɨwɨn-ɨwɨn"@myu	<http://ids.clld.org/values/10-670-287-1>		<http://ids.clld.org/parameters/10-670>		<http://ids.clld.org/values/10-670-209-1>		"nätk-"@xto	
"-dao"@myu	<http://ids.clld.org/values/4-160-287-1>		<http://ids.clld.org/parameters/4-160>		<http://ids.clld.org/values/4-160-209-1>		"āy"@xto	
"-dao"@myu	<http://ids.clld.org/values/4-160-287-1>		<http://ids.clld.org/parameters/4-160>		<http://ids.clld.org/values/4-160-209-3>		"āyäntu"@xto	
"iya-i-him"@myu	<http://ids.clld.org/values/9-343-287-1>		<http://ids.clld.org/parameters/9-343>		<http://ids.clld.org/values/9-343-209-1>		"malyw-"@xto	
"iya-i-him"@myu	<http://ids.clld.org/values/9-343-287-1>		<http://ids.clld.org/parameters/9-343>		<http://ids.clld.org/values/9-343-209-3>		"wnisk-"@xto	
"wɨy dao"@myu	<http://ids.clld.org/values/4-191-287-3>		<http://ids.clld.org/parameters/4-191>		<http://ids.clld.org/values/4-191-209-1>		"särśi"@xto	
"yaʔa"@myu	<http://ids.clld.org/values/4-200-287-1>		<http://ids.clld.org/parameters/4-200>		<http://ids.clld.org/values/4-200-209-1>		"mrāc"@xto	
"yaʔa"@myu	<http://ids.clld.org/values/4-200-287-1>		<http://ids.clld.org/parameters/4-200>		<http://ids.clld.org/values/4-200-209-3>		"lap"@xto	
"e-ǰot"@myu	<http://ids.clld.org/values/10-480-287-5>		<http://ids.clld.org/parameters/10-480>		<http://ids.clld.org/values/10-480-209-1>		"kum-"@xto	
"ka-na-bɨ"@myu	<http://ids.clld.org/values/8-540-287-3>		<http://ids.clld.org/parameters/8-540>		<http://ids.clld.org/values/8-540-209-1>		"tsmār"@xto	
"yɨkpičeɲe"@myu	<http://ids.clld.org/values/16-420-287-1>		<http://ids.clld.org/parameters/16-420>		<http://ids.clld.org/values/16-420-209-1>		"tärm-"@xto	
"bõrõ-bɨ"@myu	<http://ids.clld.org/values/6-380-287-1>		<http://ids.clld.org/parameters/6-380>		<http://ids.clld.org/values/6-380-209-1>		"kluṃts (?)"@xto	
"ʔe"@myu	<http://ids.clld.org/values/18-220-287-1>		<http://ids.clld.org/parameters/18-220>		<http://ids.clld.org/values/18-220-209-1>		"träṅk-"@xto	
"isop"@myu	<http://ids.clld.org/values/1-860-287-1>		<http://ids.clld.org/parameters/1-860>		<http://ids.clld.org/values/1-860-209-1>		"tu-"@xto	
"-oboŋ"@myu	<http://ids.clld.org/values/12-550-287-1>		<http://ids.clld.org/parameters/12-550>		<http://ids.clld.org/values/12-550-209-3>		"śāwe"@xto	
"-oboŋ"@myu	<http://ids.clld.org/values/12-550-287-1>		<http://ids.clld.org/parameters/12-550>		<http://ids.clld.org/values/12-550-209-1>		"tsopats"@xto	
"e"@myu	<http://ids.clld.org/values/10-720-287-1>		<http://ids.clld.org/parameters/10-720>		<http://ids.clld.org/values/10-720-209-1>		"yme"@xto	
"say"@myu	<http://ids.clld.org/values/6-120-287-3>		<http://ids.clld.org/parameters/6-120>		<http://ids.clld.org/values/6-120-209-1>		"wsal"@xto	
"posɨ̃ŋ-ti (~ -di)"@myu	<http://ids.clld.org/values/4-880-287-1>		<http://ids.clld.org/parameters/4-880>		<http://ids.clld.org/values/4-880-209-1>		"[sāṃtäk]"@xto	
"t-iap"@myu	<http://ids.clld.org/values/15-840-287-1>		<http://ids.clld.org/parameters/15-840>		<http://ids.clld.org/values/15-840-209-1>		"āsar"@xto	
"-ĩtma"@myu	<http://ids.clld.org/values/12-560-287-1>		<http://ids.clld.org/parameters/12-560>		<http://ids.clld.org/values/12-560-209-1>		"lykäly"@xto	
"ǰepɨpɨpɨm"@myu	<http://ids.clld.org/values/10-370-287-1>		<http://ids.clld.org/parameters/10-370>		<http://ids.clld.org/values/10-370-209-3>		"säl-"@xto	
"ǰepɨpɨpɨm"@myu	<http://ids.clld.org/values/10-370-287-1>		<http://ids.clld.org/parameters/10-370>		<http://ids.clld.org/values/10-370-209-1>		"plu-"@xto	
"ibača"@myu	<http://ids.clld.org/values/4-810-287-1>		<http://ids.clld.org/parameters/4-810>		<http://ids.clld.org/values/4-810-209-1>		"tampe"@xto	
"mẽmẽiat"@myu	<http://ids.clld.org/values/3-250-287-1>		<http://ids.clld.org/parameters/3-250>		<http://ids.clld.org/values/3-250-209-1>		"śoś"@xto	
"ka-bi"@myu	<http://ids.clld.org/values/1-510-287-3>		<http://ids.clld.org/parameters/1-510>		<http://ids.clld.org/values/1-510-209-1>		"eprer-"@xto	
"-d-ašip"@myu	<http://ids.clld.org/values/15-850-287-1>		<http://ids.clld.org/parameters/15-850>		<http://ids.clld.org/values/15-850-209-1>		"omäl"@xto	
"i-baʔat"@myu	<http://ids.clld.org/values/12-410-287-1>		<http://ids.clld.org/parameters/12-410>		<http://ids.clld.org/values/12-410-209-1>		"śālyi"@xto	
"ǰeperem"@myu	<http://ids.clld.org/values/9-161-287-1>		<http://ids.clld.org/parameters/9-161>		<http://ids.clld.org/values/9-161-209-1>		"tärk-"@xto	
"ẽn"@myu	<http://ids.clld.org/values/2-920-287-1>		<http://ids.clld.org/parameters/2-920>		<http://ids.clld.org/values/2-920-209-1>		"tu"@xto	
"imɨpɨšik-pɨšiŋ"@myu	<http://ids.clld.org/values/9-330-287-1>		<http://ids.clld.org/parameters/9-330>		<http://ids.clld.org/values/9-330-209-5>		"ru-"@xto	
"imɨpɨšik-pɨšiŋ"@myu	<http://ids.clld.org/values/9-330-287-1>		<http://ids.clld.org/parameters/9-330>		<http://ids.clld.org/values/9-330-209-3>		"ep-"@xto	
"imɨpɨšik-pɨšiŋ"@myu	<http://ids.clld.org/values/9-330-287-1>		<http://ids.clld.org/parameters/9-330>		<http://ids.clld.org/values/9-330-209-1>		"yärt-"@xto	
"teʔo"@myu	<http://ids.clld.org/values/15-210-287-3>		<http://ids.clld.org/parameters/15-210>		<http://ids.clld.org/values/15-210-209-1>		"wär-"@xto	
"šĩntabi ikoče"@myu	<http://ids.clld.org/values/7-220-287-1>		<http://ids.clld.org/parameters/7-220>		<http://ids.clld.org/values/7-220-209-1>		"yokäm"@xto	
"õn"@myu	<http://ids.clld.org/values/2-910-287-1>		<http://ids.clld.org/parameters/2-910>		<http://ids.clld.org/values/2-910-209-1>		"näṣ"@xto	
"õn"@myu	<http://ids.clld.org/values/2-910-287-1>		<http://ids.clld.org/parameters/2-910>		<http://ids.clld.org/values/2-910-209-3>		"ɲuk"@xto	
"apẽn"@myu	<http://ids.clld.org/values/17-610-287-1>		<http://ids.clld.org/parameters/17-610>		<http://ids.clld.org/values/17-610-209-1>		"mänt"@xto	
"kopi"@myu	<http://ids.clld.org/values/4-191-287-1>		<http://ids.clld.org/parameters/4-191>		<http://ids.clld.org/values/4-191-209-1>		"särśi"@xto	
"kaʔ-bi"@myu	<http://ids.clld.org/values/1-510-287-1>		<http://ids.clld.org/parameters/1-510>		<http://ids.clld.org/values/1-510-209-1>		"eprer-"@xto	
"ǰedoɲ"@myu	<http://ids.clld.org/values/10-350-287-1>		<http://ids.clld.org/parameters/10-350>		<http://ids.clld.org/values/10-350-209-1>		"yär-"@xto	
"šep-šep"@myu	<http://ids.clld.org/values/13-20-287-1>		<http://ids.clld.org/parameters/13-20>		<http://ids.clld.org/values/13-20-209-1>		"wu"@xto	
"šep-šep"@myu	<http://ids.clld.org/values/13-20-287-1>		<http://ids.clld.org/parameters/13-20>		<http://ids.clld.org/values/13-20-209-3>		"we"@xto	
"šik-ʔi"@myu	<http://ids.clld.org/values/12-130-287-1>		<http://ids.clld.org/parameters/12-130>		<http://ids.clld.org/values/12-130-209-1>		"ṣäm-/ laṃ-"@xto	
"wita-ʔa"@myu	<http://ids.clld.org/values/1-440-287-1>		<http://ids.clld.org/parameters/1-440>		<http://ids.clld.org/values/1-440-209-1>		"pāreṃ"@xto	
"iwak"@myu	<http://ids.clld.org/values/3-820-287-1>		<http://ids.clld.org/parameters/3-820>		<http://ids.clld.org/values/3-820-209-1>		"kroṅśe"@xto	
"yaʔõ"@myu	<http://ids.clld.org/values/18-110-287-1>		<http://ids.clld.org/parameters/18-110>		<http://ids.clld.org/values/18-110-209-3>		"wak"@xto	
"yaʔõ"@myu	<http://ids.clld.org/values/18-110-287-1>		<http://ids.clld.org/parameters/18-110>		<http://ids.clld.org/values/18-110-209-1>		"waśeṃ"@xto	
"-ši"@myu	<http://ids.clld.org/values/2-360-287-1>		<http://ids.clld.org/parameters/2-360>		<http://ids.clld.org/values/2-360-209-1>		"mācar"@xto	
"iečɨɲap"@myu	<http://ids.clld.org/values/19-320-287-1>		<http://ids.clld.org/parameters/19-320>		<http://ids.clld.org/values/19-320-209-3>		"lāṃś"@xto	
"iečɨɲap"@myu	<http://ids.clld.org/values/19-320-287-1>		<http://ids.clld.org/parameters/19-320>		<http://ids.clld.org/values/19-320-209-1>		"wäl"@xto	
"-da ~ ta"@myu	<http://ids.clld.org/values/8-311-287-1>		<http://ids.clld.org/parameters/8-311>		<http://ids.clld.org/values/8-311-209-1>		"sārm"@xto	
"iwek-wek"@myu	<http://ids.clld.org/values/9-280-287-1>		<http://ids.clld.org/parameters/9-280>		<http://ids.clld.org/values/9-280-209-1>		"kärṣt-"@xto	
"i-isɨ"@myu	<http://ids.clld.org/values/14-130-287-1>		<http://ids.clld.org/parameters/14-130>		<http://ids.clld.org/values/14-130-209-1>		"ɲu"@xto	
"kam"@myu	<http://ids.clld.org/values/4-720-287-1>		<http://ids.clld.org/parameters/4-720>		<http://ids.clld.org/values/4-720-209-1>		"täm-"@xto	
"iča"@myu	<http://ids.clld.org/values/15-740-287-1>		<http://ids.clld.org/parameters/15-740>		<http://ids.clld.org/values/15-740-209-1>		"tsär"@xto	
"-a-ɲo-bɨ"@myu	<http://ids.clld.org/values/4-280-287-1>		<http://ids.clld.org/parameters/4-280>		<http://ids.clld.org/values/4-280-209-1>		"kɲuk"@xto	
"ǰaɲepɨ̃ɲ ma"@myu	<http://ids.clld.org/values/13-330-287-1>		<http://ids.clld.org/parameters/13-330>		<http://ids.clld.org/values/13-330-209-3>		"snāki"@xto	
"ǰaɲepɨ̃ɲ ma"@myu	<http://ids.clld.org/values/13-330-287-1>		<http://ids.clld.org/parameters/13-330>		<http://ids.clld.org/values/13-330-209-1>		"sasak"@xto	
"ǰop"@myu	<http://ids.clld.org/values/15-510-287-3>		<http://ids.clld.org/parameters/15-510>		<http://ids.clld.org/values/15-510-209-1>		"läk-"@xto	
"i-ǰo-ǰom"@myu	<http://ids.clld.org/values/15-510-287-1>		<http://ids.clld.org/parameters/15-510>		<http://ids.clld.org/values/15-510-209-1>		"läk-"@xto	
"i-erɨnboɲat"@myu	<http://ids.clld.org/values/12-610-287-1>		<http://ids.clld.org/parameters/12-610>		<http://ids.clld.org/values/12-610-209-1>		"wärts"@xto	
"t-i-boŋ-at-ti"@myu	<http://ids.clld.org/values/1-320-287-3>		<http://ids.clld.org/parameters/1-320>		<http://ids.clld.org/values/1-320-209-1>		"lyäm"@xto	
"ǰewemɨwẽnɨwẽn"@myu	<http://ids.clld.org/values/10-490-287-1>		<http://ids.clld.org/parameters/10-490>		<http://ids.clld.org/values/10-490-209-1>		"lit-"@xto	
"išat"@myu	<http://ids.clld.org/values/5-120-287-1>		<http://ids.clld.org/parameters/5-120>		<http://ids.clld.org/values/5-120-209-1>		"śwātsi"@xto	
"-kɨ̃m-pi"@myu	<http://ids.clld.org/values/4-400-287-1>		<http://ids.clld.org/parameters/4-400>		<http://ids.clld.org/values/4-400-209-1>		"pratsak"@xto	
"i-bɨ"@myu	<http://ids.clld.org/values/4-340-287-1>		<http://ids.clld.org/parameters/4-340>		<http://ids.clld.org/values/4-340-209-1>		"prār"@xto	
"ita-ʔɨ̃m"@myu	<http://ids.clld.org/values/4-970-287-1>		<http://ids.clld.org/parameters/4-970>		<http://ids.clld.org/values/4-970-209-1>		"trak"@xto	
"daǰe"@myu	<http://ids.clld.org/values/4-207-287-1>		<http://ids.clld.org/parameters/4-207>		<http://ids.clld.org/values/4-207-209-1>		"śanweṃ"@xto	
"daosɨw-sɨw"@myu	<http://ids.clld.org/values/14-210-287-1>		<http://ids.clld.org/parameters/14-210>		<http://ids.clld.org/values/14-210-209-1>		"ymāräk"@xto	
"yaokam"@myu	<http://ids.clld.org/values/4-760-287-1>		<http://ids.clld.org/parameters/4-760>		<http://ids.clld.org/values/4-760-209-1>		"ko-"@xto	
"ikoro"@myu	<http://ids.clld.org/values/14-252-287-1>		<http://ids.clld.org/parameters/14-252>		<http://ids.clld.org/values/14-252-209-1>		"käly-"@xto	
"ibɨn"@myu	<http://ids.clld.org/values/14-240-287-1>		<http://ids.clld.org/parameters/14-240>		<http://ids.clld.org/values/14-240-209-1>		"tänk-"@xto	
"tipʔaweroro"@myu	<http://ids.clld.org/values/1-250-287-1>		<http://ids.clld.org/parameters/1-250>		<http://ids.clld.org/values/1-250-209-3>		"[dvip]"@xto	
"tipʔaweroro"@myu	<http://ids.clld.org/values/1-250-287-1>		<http://ids.clld.org/parameters/1-250>		<http://ids.clld.org/values/1-250-209-1>		"prank"@xto	
"wɨ̃y"@myu	<http://ids.clld.org/values/12-440-287-1>		<http://ids.clld.org/parameters/12-440>		<http://ids.clld.org/values/12-440-209-1>		"lok"@xto	
"iʔ-pi"@myu	<http://ids.clld.org/values/1-210-287-1>		<http://ids.clld.org/parameters/1-210>		<http://ids.clld.org/values/1-210-209-1>		"tkaṃ"@xto	
"i-ta"@myu	<http://ids.clld.org/values/4-210-287-1>		<http://ids.clld.org/parameters/4-210>		<http://ids.clld.org/values/4-210-209-1>		"ak"@xto	
"yabibɨk"@myu	<http://ids.clld.org/values/13-220-287-1>		<http://ids.clld.org/parameters/13-220>		<http://ids.clld.org/values/13-220-209-1>		"ekär"@xto	
"čɨ̃ŋ-ʔi"@myu	<http://ids.clld.org/values/12-150-287-1>		<http://ids.clld.org/parameters/12-150>		<http://ids.clld.org/values/12-150-209-1>		"käly-/ stäm-"@xto	
"kɨyat"@myu	<http://ids.clld.org/values/14-150-287-3>		<http://ids.clld.org/parameters/14-150>		<http://ids.clld.org/values/14-150-209-1>		"mokone"@xto	
"yaǰɨyǰɨy"@myu	<http://ids.clld.org/values/12-260-287-1>		<http://ids.clld.org/parameters/12-260>		<http://ids.clld.org/values/12-260-209-5>		"wāl-"@xto	
"yaǰɨyǰɨy"@myu	<http://ids.clld.org/values/12-260-287-1>		<http://ids.clld.org/parameters/12-260>		<http://ids.clld.org/values/12-260-209-3>		"räk-"@xto	
"yaǰɨyǰɨy"@myu	<http://ids.clld.org/values/12-260-287-1>		<http://ids.clld.org/parameters/12-260>		<http://ids.clld.org/values/12-260-209-1>		"ep-"@xto	
"tɨǰowatwan"@myu	<http://ids.clld.org/values/10-610-287-1>		<http://ids.clld.org/parameters/10-610>		<http://ids.clld.org/values/10-610-209-1>		"pär-"@xto	
"i-ši-ma"@myu	<http://ids.clld.org/values/14-420-287-1>		<http://ids.clld.org/parameters/14-420>		<http://ids.clld.org/values/14-420-209-1>		"wṣe"@xto	
"i-ši-ma"@myu	<http://ids.clld.org/values/14-420-287-1>		<http://ids.clld.org/parameters/14-420>		<http://ids.clld.org/values/14-420-209-3>		"oṣeɲi"@xto	
"be-kit-at"@myu	<http://ids.clld.org/values/2-270-287-1>		<http://ids.clld.org/parameters/2-270>		<http://ids.clld.org/values/2-270-209-1>		"śom"@xto	
"pɨ̃ɲ põɲbi"@myu	<http://ids.clld.org/values/13-50-287-3>		<http://ids.clld.org/parameters/13-50>		<http://ids.clld.org/values/13-50-209-1>		"paɲ"@xto	
"wɨyetadi"@myu	<http://ids.clld.org/values/16-380-287-1>		<http://ids.clld.org/parameters/16-380>		<http://ids.clld.org/values/16-380-209-1>		"ākär"@xto	
"takɨ̃"@myu	<http://ids.clld.org/values/8-550-287-1>		<http://ids.clld.org/parameters/8-550>		<http://ids.clld.org/values/8-550-209-1>		"karke"@xto	
"kipit"@myu	<http://ids.clld.org/values/2-440-287-1>		<http://ids.clld.org/parameters/2-440>		<http://ids.clld.org/values/2-440-209-1>		"pracar"@xto	
"ɲɨyǰom"@myu	<http://ids.clld.org/values/12-10-287-1>		<http://ids.clld.org/parameters/12-10>		<http://ids.clld.org/values/12-10-209-1>		"särki"@xto	
"ǰe-širirik-šiririŋ"@myu	<http://ids.clld.org/values/1-550-287-1>		<http://ids.clld.org/parameters/1-550>		<http://ids.clld.org/values/1-550-209-1>		"polkāṃts"@xto	
"wɨybaat"@myu	<http://ids.clld.org/values/12-410-287-3>		<http://ids.clld.org/parameters/12-410>		<http://ids.clld.org/values/12-410-209-1>		"śālyi"@xto	
"ibi"@myu	<http://ids.clld.org/values/1-100-287-1>		<http://ids.clld.org/parameters/1-100>		<http://ids.clld.org/values/1-100-209-1>		"ārkiśoṣi"@xto	
"t-ašip"@myu	<http://ids.clld.org/values/15-851-287-1>		<http://ids.clld.org/parameters/15-851>		<http://ids.clld.org/values/15-851-209-1>		"omäl"@xto	
"-ẽn"@myu	<http://ids.clld.org/values/5-610-287-1>		<http://ids.clld.org/parameters/5-610>		<http://ids.clld.org/values/5-610-209-1>		"śwal"@xto	
"-ɨ̃ŋ-ʔa"@myu	<http://ids.clld.org/values/4-360-287-3>		<http://ids.clld.org/parameters/4-360>		<http://ids.clld.org/values/4-360-209-1>		"kanweṃ"@xto	
"-na-bɨ"@myu	<http://ids.clld.org/values/8-540-287-1>		<http://ids.clld.org/parameters/8-540>		<http://ids.clld.org/values/8-540-209-1>		"tsmār"@xto	
"o-ʔa"@myu	<http://ids.clld.org/values/9-250-287-1>		<http://ids.clld.org/parameters/9-250>		<http://ids.clld.org/values/9-250-209-1>		"[porat]"@xto	
"i-ok"@myu	<http://ids.clld.org/values/15-650-287-1>		<http://ids.clld.org/parameters/15-650>		<http://ids.clld.org/values/15-650-209-1>		"arkant-"@xto	
"i-šep"@myu	<http://ids.clld.org/values/5-791-287-1>		<http://ids.clld.org/parameters/5-791>		<http://ids.clld.org/values/5-791-209-1>		"ṣälyp"@xto	
"tã-bɨ"@myu	<http://ids.clld.org/values/4-230-287-3>		<http://ids.clld.org/parameters/4-230>		<http://ids.clld.org/values/4-230-209-1>		"mal"@xto	
"e-ba-dip-dip"@myu	<http://ids.clld.org/values/13-40-287-1>		<http://ids.clld.org/parameters/13-40>		<http://ids.clld.org/values/13-40-209-1>		"śtwar"@xto	
"ka-diŋ"@myu	<http://ids.clld.org/values/1-213-287-1>		<http://ids.clld.org/parameters/1-213>		<http://ids.clld.org/values/1-213-209-3>		"tor"@xto	
"ka-diŋ"@myu	<http://ids.clld.org/values/1-213-287-1>		<http://ids.clld.org/parameters/1-213>		<http://ids.clld.org/values/1-213-209-1>		"twe"@xto	
"ka-ʔɨ̃m-ma"@myu	<http://ids.clld.org/values/17-560-287-1>		<http://ids.clld.org/parameters/17-560>		<http://ids.clld.org/values/17-560-209-1>		"mā"@xto	
"õmõm"@myu	<http://ids.clld.org/values/10-570-287-1>		<http://ids.clld.org/parameters/10-570>		<http://ids.clld.org/values/10-570-209-1>		"yow-"@xto	
"ǰe-kõn"@myu	<http://ids.clld.org/values/5-110-287-1>		<http://ids.clld.org/parameters/5-110>		<http://ids.clld.org/values/5-110-209-1>		"śu- ~ śuwā-"@xto	
"kaši čẽm-čẽmatkadi"@myu	<http://ids.clld.org/values/12-450-287-1>		<http://ids.clld.org/parameters/12-450>		<http://ids.clld.org/values/12-450-209-1>		"koṃ-pärkānt"@xto	
"tɨ̃ypiat"@myu	<http://ids.clld.org/values/4-890-287-3>		<http://ids.clld.org/parameters/4-890>		<http://ids.clld.org/values/4-890-209-1>		"wäs"@xto	
"topapɨ̃n"@myu	<http://ids.clld.org/values/13-210-287-1>		<http://ids.clld.org/parameters/13-210>		<http://ids.clld.org/values/13-210-209-1>		"ypic"@xto	
"akiriče"@myu	<http://ids.clld.org/values/3-610-287-3>		<http://ids.clld.org/parameters/3-610>		<http://ids.clld.org/values/3-610-209-1>		"ku"@xto	
"i-pi"@myu	<http://ids.clld.org/values/1-210-287-3>		<http://ids.clld.org/parameters/1-210>		<http://ids.clld.org/values/1-210-209-1>		"tkaṃ"@xto	
"koato"@myu	<http://ids.clld.org/values/14-760-287-1>		<http://ids.clld.org/parameters/14-760>		<http://ids.clld.org/values/14-760-209-1>		"ṣme"@xto	
"-pi"@myu	<http://ids.clld.org/values/12-50-287-1>		<http://ids.clld.org/parameters/12-50>		<http://ids.clld.org/values/12-50-209-1>		"an(n)e"@xto	
"ibɨbɨt adeat"@myu	<http://ids.clld.org/values/11-510-287-1>		<http://ids.clld.org/parameters/11-510>		<http://ids.clld.org/values/11-510-209-1>		"śāt"@xto	
"ibɨbɨt adeat"@myu	<http://ids.clld.org/values/11-510-287-1>		<http://ids.clld.org/parameters/11-510>		<http://ids.clld.org/values/11-510-209-3>		"niṣpalntu"@xto	
"ǰe-pido-wat-wan"@myu	<http://ids.clld.org/values/4-510-287-1>		<http://ids.clld.org/parameters/4-510>		<http://ids.clld.org/values/4-510-209-1>		"wraseṃ"@xto	
"wɨybaʔɨ̃ɲat"@myu	<http://ids.clld.org/values/12-420-287-3>		<http://ids.clld.org/parameters/12-420>		<http://ids.clld.org/values/12-420-209-1>		"pācyās"@xto	
"ka-ʔo-ri-rit"@myu	<http://ids.clld.org/values/1-215-287-1>		<http://ids.clld.org/parameters/1-215>		<http://ids.clld.org/values/1-215-209-1>		"wāryāɲc"@xto	
"a-ɲo-kat-kat"@myu	<http://ids.clld.org/values/2-210-287-1>		<http://ids.clld.org/parameters/2-210>		<http://ids.clld.org/values/2-210-209-1>		"onk"@xto	
"e"@myu	<http://ids.clld.org/values/10-710-287-1>		<http://ids.clld.org/parameters/10-710>		<http://ids.clld.org/values/10-710-209-1>		"ṣont"@xto	
"iparara"@myu	<http://ids.clld.org/values/16-530-287-1>		<http://ids.clld.org/parameters/16-530>		<http://ids.clld.org/values/16-530-209-1>		"praski"@xto	
"darɨk"@myu	<http://ids.clld.org/values/20-240-287-1>		<http://ids.clld.org/parameters/20-240>		<http://ids.clld.org/values/20-240-209-1>		"aɲcäl"@xto	
"isopsep"@myu	<http://ids.clld.org/values/15-560-287-1>		<http://ids.clld.org/parameters/15-560>		<http://ids.clld.org/values/15-560-209-1>		"pälk-"@xto	
"-boŋ"@myu	<http://ids.clld.org/values/12-550-287-3>		<http://ids.clld.org/parameters/12-550>		<http://ids.clld.org/values/12-550-209-3>		"śāwe"@xto	
"-boŋ"@myu	<http://ids.clld.org/values/12-550-287-3>		<http://ids.clld.org/parameters/12-550>		<http://ids.clld.org/values/12-550-209-1>		"tsopats"@xto	
"itaybitʔɨ̃m"@myu	<http://ids.clld.org/values/17-220-287-1>		<http://ids.clld.org/parameters/17-220>		<http://ids.clld.org/values/17-220-209-1>		"āknats"@xto	
"imɨpow-ɨpow"@myu	<http://ids.clld.org/values/10-380-287-1>		<http://ids.clld.org/parameters/10-380>		<http://ids.clld.org/values/10-380-209-1>		"pis-"@xto	
"i-di-bi"@myu	<http://ids.clld.org/values/1-310-287-1>		<http://ids.clld.org/parameters/1-310>		<http://ids.clld.org/values/1-310-209-3>		"wräntu"@xto	
"i-di-bi"@myu	<http://ids.clld.org/values/1-310-287-1>		<http://ids.clld.org/parameters/1-310>		<http://ids.clld.org/values/1-310-209-1>		"wär"@xto	
"češe"@myu	<http://ids.clld.org/values/12-430-287-3>		<http://ids.clld.org/parameters/12-430>		<http://ids.clld.org/values/12-430-209-1>		"kātse"@xto	
"pɨ̃ŋ"@myu	<http://ids.clld.org/values/13-10-287-1>		<http://ids.clld.org/parameters/13-10>		<http://ids.clld.org/values/13-10-209-1>		"sas"@xto	
"pɨ̃ŋ"@myu	<http://ids.clld.org/values/13-10-287-1>		<http://ids.clld.org/parameters/13-10>		<http://ids.clld.org/values/13-10-209-3>		"säṃ"@xto	
"kadai daidadaap"@myu	<http://ids.clld.org/values/8-130-287-1>		<http://ids.clld.org/parameters/8-130>		<http://ids.clld.org/values/8-130-209-3>		"warpi"@xto	
"kadai daidadaap"@myu	<http://ids.clld.org/values/8-130-287-1>		<http://ids.clld.org/parameters/8-130>		<http://ids.clld.org/values/8-130-209-1>		"warpiśke"@xto	
"yaɲɨybaʔɨ̃m"@myu	<http://ids.clld.org/values/17-320-287-1>		<http://ids.clld.org/parameters/17-320>		<http://ids.clld.org/values/17-320-209-1>		"märs-"@xto	
"yɨ̃ɲ-ʔa"@myu	<http://ids.clld.org/values/4-360-287-1>		<http://ids.clld.org/parameters/4-360>		<http://ids.clld.org/values/4-360-209-1>		"kanweṃ"@xto	
"[lamparina]"@myu	<http://ids.clld.org/values/7-450-287-1>		<http://ids.clld.org/parameters/7-450>		<http://ids.clld.org/values/7-450-209-1>		"cok"@xto	
"isopsep"@myu	<http://ids.clld.org/values/15-570-287-1>		<http://ids.clld.org/parameters/15-570>		<http://ids.clld.org/values/15-570-209-1>		"lukśanu"@xto	
"d-aša"@myu	<http://ids.clld.org/values/1-810-287-1>		<http://ids.clld.org/parameters/1-810>		<http://ids.clld.org/values/1-810-209-1>		"por"@xto	
"bay"@myu	<http://ids.clld.org/values/2-350-287-1>		<http://ids.clld.org/parameters/2-350>		<http://ids.clld.org/values/2-350-209-1>		"pācar"@xto	
"kay"@myu	<http://ids.clld.org/values/16-620-287-1>		<http://ids.clld.org/parameters/16-620>		<http://ids.clld.org/values/16-620-209-1>		"yoke"@xto	
"ɨk-ʔa"@myu	<http://ids.clld.org/values/7-120-287-1>		<http://ids.clld.org/parameters/7-120>		<http://ids.clld.org/values/7-120-209-1>		"waṣt"@xto	
"kapĩ-i-dip"@myu	<http://ids.clld.org/values/8-510-287-1>		<http://ids.clld.org/parameters/8-510>		<http://ids.clld.org/values/8-510-209-1>		"āti"@xto	
"biopak ayačat"@myu	<http://ids.clld.org/values/3-230-287-1>		<http://ids.clld.org/parameters/3-230>		<http://ids.clld.org/values/3-230-209-1>		"ko"@xto	
"yaʔĩǰom"@myu	<http://ids.clld.org/values/15-420-287-1>		<http://ids.clld.org/parameters/15-420>		<http://ids.clld.org/values/15-420-209-1>		"klyos-"@xto	
"ǰekawẽn-wẽn"@myu	<http://ids.clld.org/values/18-210-287-3>		<http://ids.clld.org/parameters/18-210>		<http://ids.clld.org/values/18-210-209-1>		"träṅk-"@xto	
"tep-tep"@myu	<http://ids.clld.org/values/16-410-287-1>		<http://ids.clld.org/parameters/16-410>		<http://ids.clld.org/values/16-410-209-1>		"roɲcäm"@xto	
"tep-tep"@myu	<http://ids.clld.org/values/16-410-287-1>		<http://ids.clld.org/parameters/16-410>		<http://ids.clld.org/values/16-410-209-3>		"rse"@xto	
"yaʔĩǰoǰom"@myu	<http://ids.clld.org/values/15-410-287-1>		<http://ids.clld.org/parameters/15-410>		<http://ids.clld.org/values/15-410-209-1>		"klyos-"@xto	
"i-wɨy-wɨy"@myu	<http://ids.clld.org/values/9-360-287-1>		<http://ids.clld.org/parameters/9-360>		<http://ids.clld.org/values/9-360-209-1>		"lik-"@xto	
"i-inɨ̃m-nɨ̃m"@myu	<http://ids.clld.org/values/6-350-287-1>		<http://ids.clld.org/parameters/6-350>		<http://ids.clld.org/values/6-350-209-1>		"su-"@xto	
"-a-kara��-sɨ̃"@myu	<http://ids.clld.org/values/4-170-287-1>		<http://ids.clld.org/parameters/4-170>		<http://ids.clld.org/values/4-170-209-1>		"kror"@xto	
"-d-opa"@myu	<http://ids.clld.org/values/4-204-287-1>		<http://ids.clld.org/parameters/4-204>		<http://ids.clld.org/values/4-204-209-1>		"ak-mal"@xto	
"ikɨrɨ-kɨrɨ"@myu	<http://ids.clld.org/values/15-350-287-1>		<http://ids.clld.org/parameters/15-350>		<http://ids.clld.org/values/15-350-209-1>		"swār"@xto	
"dodon"@myu	<http://ids.clld.org/values/10-480-287-3>		<http://ids.clld.org/parameters/10-480>		<http://ids.clld.org/values/10-480-209-1>		"kum-"@xto	
"ʔit"@myu	<http://ids.clld.org/values/2-410-287-1>		<http://ids.clld.org/parameters/2-410>		<http://ids.clld.org/values/2-410-209-1>		"se"@xto	
"ʔit"@myu	<http://ids.clld.org/values/2-410-287-1>		<http://ids.clld.org/parameters/2-410>		<http://ids.clld.org/values/2-410-209-3>		"sewās"@xto	
"kadaidaidaʔibit"@myu	<http://ids.clld.org/values/1-410-287-1>		<http://ids.clld.org/parameters/1-410>		<http://ids.clld.org/values/1-410-209-1>		"kārāś"@xto	
"koato"@myu	<http://ids.clld.org/values/14-730-287-1>		<http://ids.clld.org/parameters/14-730>		<http://ids.clld.org/values/14-730-209-1>		"pùkäl"@xto	
"wetaybit"@myu	<http://ids.clld.org/values/17-170-287-3>		<http://ids.clld.org/parameters/17-170>		<http://ids.clld.org/values/17-170-209-1>		"kärs-"@xto	
"tɨmɨ̃n"@myu	<http://ids.clld.org/values/11-180-287-1>		<http://ids.clld.org/parameters/11-180>		<http://ids.clld.org/values/11-180-209-1>		"wram"@xto	
"ire"@myu	<http://ids.clld.org/values/5-140-287-1>		<http://ids.clld.org/parameters/5-140>		<http://ids.clld.org/values/5-140-209-1>		"kaṣt"@xto	
"-adišiŋ"@myu	<http://ids.clld.org/values/12-630-287-1>		<http://ids.clld.org/parameters/12-630>		<http://ids.clld.org/values/12-630-209-1>		"ātsäts"@xto	
"aǰẽm"@myu	<http://ids.clld.org/values/10-550-287-1>		<http://ids.clld.org/parameters/10-550>		<http://ids.clld.org/values/10-550-209-1>		"yom-"@xto	
"iča ɲɨ (?)"@myu	<http://ids.clld.org/values/4-820-287-3>		<http://ids.clld.org/parameters/4-820>		<http://ids.clld.org/values/4-820-209-1>		"ylār"@xto	
"tɨ-mɨ̃n-ʔa-ʔa"@myu	<http://ids.clld.org/values/5-710-287-3>		<http://ids.clld.org/parameters/5-710>		<http://ids.clld.org/values/5-710-209-1>		"oko"@xto	
"i-pak-pɨk"@myu	<http://ids.clld.org/values/15-660-287-1>		<http://ids.clld.org/parameters/15-660>		<http://ids.clld.org/values/15-660-209-3>		"rätri"@xto	
"i-pak-pɨk"@myu	<http://ids.clld.org/values/15-660-287-1>		<http://ids.clld.org/parameters/15-660>		<http://ids.clld.org/values/15-660-209-1>		"rtär"@xto	
"imɨbapɨɲ"@myu	<http://ids.clld.org/values/15-550-287-1>		<http://ids.clld.org/parameters/15-550>		<http://ids.clld.org/values/15-550-209-1>		"läks-"@xto	
"ičemãn"@myu	<http://ids.clld.org/values/16-660-287-1>		<http://ids.clld.org/parameters/16-660>		<http://ids.clld.org/values/16-660-209-1>		"kārme"@xto	
"iʔom"@myu	<http://ids.clld.org/values/5-130-287-1>		<http://ids.clld.org/parameters/5-130>		<http://ids.clld.org/values/5-130-209-1>		"yok-"@xto	
"bɨm"@myu	<http://ids.clld.org/values/11-160-287-1>		<http://ids.clld.org/parameters/11-160>		<http://ids.clld.org/values/11-160-209-1>		"kälp-"@xto	
"yaʔõ-pi-ʔa"@myu	<http://ids.clld.org/values/4-300-287-1>		<http://ids.clld.org/parameters/4-300>		<http://ids.clld.org/values/4-300-209-1>		"es"@xto	
"tɨ-mɨ̃n"@myu	<http://ids.clld.org/values/3-110-287-1>		<http://ids.clld.org/parameters/3-110>		<http://ids.clld.org/values/3-110-209-1>		"lu"@xto	
"pɨ̃ŋ-pɨ̃ŋ"@myu	<http://ids.clld.org/values/13-181-287-1>		<http://ids.clld.org/parameters/13-181>		<http://ids.clld.org/values/13-181-209-1>		"some"@xto	
"i-sɨp-sɨm -"@myu	<http://ids.clld.org/values/15-870-287-1>		<http://ids.clld.org/parameters/15-870>		<http://ids.clld.org/values/15-870-209-1>		"āṣtär"@xto	
"toǰon"@myu	<http://ids.clld.org/values/10-620-287-1>		<http://ids.clld.org/parameters/10-620>		<http://ids.clld.org/values/10-620-209-1>		"käl-"@xto	
"ta-poši"@myu	<http://ids.clld.org/values/15-810-287-3>		<http://ids.clld.org/parameters/15-810>		<http://ids.clld.org/values/15-810-209-1>		"krāmärts"@xto	
"ya-d-ap"@myu	<http://ids.clld.org/values/4-140-287-1>		<http://ids.clld.org/parameters/4-140>		<http://ids.clld.org/values/4-140-209-1>		"śāku"@xto	
"pɨ̃ɲ ma"@myu	<http://ids.clld.org/values/13-10-287-5>		<http://ids.clld.org/parameters/13-10>		<http://ids.clld.org/values/13-10-209-1>		"sas"@xto	
"pɨ̃ɲ ma"@myu	<http://ids.clld.org/values/13-10-287-5>		<http://ids.clld.org/parameters/13-10>		<http://ids.clld.org/values/13-10-209-3>		"säṃ"@xto	
"i-pik"@myu	<http://ids.clld.org/values/1-852-287-1>		<http://ids.clld.org/parameters/1-852>		<http://ids.clld.org/values/1-852-209-1>		"sälp-"@xto	
"ǰepit"@myu	<http://ids.clld.org/values/10-481-287-1>		<http://ids.clld.org/parameters/10-481>		<http://ids.clld.org/values/10-481-209-1>		"lotk-"@xto	
"ade ɲɨ"@myu	<http://ids.clld.org/values/13-170-287-1>		<http://ids.clld.org/parameters/13-170>		<http://ids.clld.org/values/13-170-209-1>		"tsru"@xto	
"čo-ʔa"@myu	<http://ids.clld.org/values/1-220-287-1>		<http://ids.clld.org/parameters/1-220>		<http://ids.clld.org/values/1-220-209-1>		"ṣul"@xto	
"imɨ-kabia-ham"@myu	<http://ids.clld.org/values/1-610-287-1>		<http://ids.clld.org/parameters/1-610>		<http://ids.clld.org/values/1-610-209-1>		"lkäś"@xto	
"ka-bi-do"@myu	<http://ids.clld.org/values/1-720-287-1>		<http://ids.clld.org/parameters/1-720>		<http://ids.clld.org/values/1-720-209-1>		"want"@xto	
"i-bi"@myu	<http://ids.clld.org/values/4-240-287-1>		<http://ids.clld.org/parameters/4-240>		<http://ids.clld.org/values/4-240-209-1>		"ko"@xto	
"wɨy-ǰebit"@myu	<http://ids.clld.org/values/4-110-287-1>		<http://ids.clld.org/parameters/4-110>		<http://ids.clld.org/values/4-110-209-1>		"kapśaɲi"@xto	
"pɨy-bɨ"@myu	<http://ids.clld.org/values/3-850-287-1>		<http://ids.clld.org/parameters/3-850>		<http://ids.clld.org/values/3-850-209-1>		"ārṣal"@xto	
"iʔ-pi"@myu	<http://ids.clld.org/values/1-212-287-1>		<http://ids.clld.org/parameters/1-212>		<http://ids.clld.org/values/1-212-209-1>		"tkaṃ"@xto	
"kawẽn"@myu	<http://ids.clld.org/values/18-221-287-1>		<http://ids.clld.org/parameters/18-221>		<http://ids.clld.org/values/18-221-209-1>		"tränk-"@xto	
"ʔɨ̃"@myu	<http://ids.clld.org/values/4-750-287-3>		<http://ids.clld.org/parameters/4-750>		<http://ids.clld.org/values/4-750-209-3>		"walu"@xto	
"ʔɨ̃"@myu	<http://ids.clld.org/values/4-750-287-3>		<http://ids.clld.org/parameters/4-750>		<http://ids.clld.org/values/4-750-209-1>		"wäl-"@xto	
"-bɨ̃-rɨ̃-ʔa"@myu	<http://ids.clld.org/values/4-330-287-3>		<http://ids.clld.org/parameters/4-330>		<http://ids.clld.org/values/4-330-209-1>		"tsar"@xto	
"i-še"@myu	<http://ids.clld.org/values/4-610-287-5>		<http://ids.clld.org/parameters/4-610>		<http://ids.clld.org/values/4-610-209-1>		"klis-"@xto	
"i-še"@myu	<http://ids.clld.org/values/4-610-287-5>		<http://ids.clld.org/parameters/4-610>		<http://ids.clld.org/values/4-610-209-3>		"ṣpäṇ"@xto	
"yača"@myu	<http://ids.clld.org/values/15-740-287-3>		<http://ids.clld.org/parameters/15-740>		<http://ids.clld.org/values/15-740-209-1>		"tsär"@xto	
"...ʔɨk"@myu	<http://ids.clld.org/values/14-310-287-3>		<http://ids.clld.org/parameters/14-310>		<http://ids.clld.org/values/14-310-209-1>		"skam"@xto	
"a-ɲo-kat-kat-ʔit-ʔit"@myu	<http://ids.clld.org/values/2-250-287-1>		<http://ids.clld.org/parameters/2-250>		<http://ids.clld.org/values/2-250-209-1>		"śom"@xto	
"-kõ"@myu	<http://ids.clld.org/values/4-260-287-1>		<http://ids.clld.org/parameters/4-260>		<http://ids.clld.org/values/4-260-209-1>		"käntu"@xto	
