"ñihpo"@otd	<https://panlex.org/snapshot/panlex-20191001-csv/114#8067410>				<https://panlex.org/snapshot/panlex-20191001-csv/114#8067161>		"ŋaluŋalu"@emi	
"usuk"@otd	<https://panlex.org/snapshot/panlex-20191001-csv/114#8060664>				<https://panlex.org/snapshot/panlex-20191001-csv/114#8060404>		"susu"@emi	
"ǰaɾan"@otd	<https://panlex.org/snapshot/panlex-20191001-csv/114#8054576>				<https://panlex.org/snapshot/panlex-20191001-csv/114#8054364>		"salana"@emi	
"bau"@otd	<https://panlex.org/snapshot/panlex-20191001-csv/114#8066853>				<https://panlex.org/snapshot/panlex-20191001-csv/114#8066609>		"pa"@emi	
"tuɾaŋ"@otd	<https://panlex.org/snapshot/panlex-20191001-csv/114#8059152>				<https://panlex.org/snapshot/panlex-20191001-csv/114#8058924>		"riu"@emi	
"tanoii"@otd	<https://panlex.org/snapshot/panlex-20191001-csv/114#8059633>				<https://panlex.org/snapshot/panlex-20191001-csv/114#8059417>		"tine"@emi	
"kotouu"@otd	<https://panlex.org/snapshot/panlex-20191001-csv/114#8052947>				<https://panlex.org/snapshot/panlex-20191001-csv/114#8052740>		"muenna"@emi	
"ɾoŋo"@otd	<https://panlex.org/snapshot/panlex-20191001-csv/114#8051986>				<https://panlex.org/snapshot/panlex-20191001-csv/114#8051731>		"nima-"@emi	
"tanduhan"@otd	<https://panlex.org/snapshot/panlex-20191001-csv/114#8054575>				<https://panlex.org/snapshot/panlex-20191001-csv/114#8054364>		"salana"@emi	
"učat"@otd	<https://panlex.org/snapshot/panlex-20191001-csv/114#8064282>				<https://panlex.org/snapshot/panlex-20191001-csv/114#8064050>		"alo"@emi	
"bahai"@otd	<https://panlex.org/snapshot/panlex-20191001-csv/114#8061180>				<https://panlex.org/snapshot/panlex-20191001-csv/114#8060974>		"pappa"@emi	
"ɾihkut"@otd	<https://panlex.org/snapshot/panlex-20191001-csv/114#8058083>				<https://panlex.org/snapshot/panlex-20191001-csv/114#8057855>		"bili"@emi	
