"mokɔlɔ ya mínéi"@ln	<https://panlex.org/snapshot/panlex-20191001-csv/2892#110825591>				<https://panlex.org/snapshot/panlex-20191001-csv/2892#110825484>		"פּאַנג׳שׁאַנבּיֵ"@bhh	
"mokɔlɔ ya mínéi"@ln	<https://panlex.org/snapshot/panlex-20191001-csv/2892#110825591>				<https://panlex.org/snapshot/panlex-20191001-csv/2892#110825599>		"panjshanbe"@bhh	
"mpɔ́sɔ"@ln	<https://panlex.org/snapshot/panlex-20191001-csv/2892#110826272>				<https://panlex.org/snapshot/panlex-20191001-csv/2892#110826247>		"שׁאַבּאָט"@bhh	
"mpɔ́sɔ"@ln	<https://panlex.org/snapshot/panlex-20191001-csv/2892#110826272>				<https://panlex.org/snapshot/panlex-20191001-csv/2892#110826304>		"shabot"@bhh	
"eyenga"@ln	<https://panlex.org/snapshot/panlex-20191001-csv/2892#110826597>				<https://panlex.org/snapshot/panlex-20191001-csv/2892#110826830>		"yakshanbe"@bhh	
"eyenga"@ln	<https://panlex.org/snapshot/panlex-20191001-csv/2892#110826597>				<https://panlex.org/snapshot/panlex-20191001-csv/2892#110826596>		"יאַכּשׁאַנבּיֵ"@bhh	
"mokɔlɔ ya libosó"@ln	<https://panlex.org/snapshot/panlex-20191001-csv/2892#110824287>				<https://panlex.org/snapshot/panlex-20191001-csv/2892#110824116>		"dushanbe"@bhh	
"mokɔlɔ ya libosó"@ln	<https://panlex.org/snapshot/panlex-20191001-csv/2892#110824287>				<https://panlex.org/snapshot/panlex-20191001-csv/2892#110824087>		"דוּשׁאַנבּיֵ"@bhh	
"mokɔlɔ ya mítáno"@ln	<https://panlex.org/snapshot/panlex-20191001-csv/2892#110826115>				<https://panlex.org/snapshot/panlex-20191001-csv/2892#110825904>		"jum’a"@bhh	
"mokɔlɔ ya mítáno"@ln	<https://panlex.org/snapshot/panlex-20191001-csv/2892#110826115>				<https://panlex.org/snapshot/panlex-20191001-csv/2892#110826035>		"ג׳וּמעאַ"@bhh	
"mokɔlɔ ya mísáto"@ln	<https://panlex.org/snapshot/panlex-20191001-csv/2892#110824988>				<https://panlex.org/snapshot/panlex-20191001-csv/2892#110825072>		"chorshanbe"@bhh	
"mokɔlɔ ya mísáto"@ln	<https://panlex.org/snapshot/panlex-20191001-csv/2892#110824988>				<https://panlex.org/snapshot/panlex-20191001-csv/2892#110825177>		"צ׳אָרשׁאַנבּיֵ"@bhh	
"mokɔlɔ ya míbalé"@ln	<https://panlex.org/snapshot/panlex-20191001-csv/2892#110824588>				<https://panlex.org/snapshot/panlex-20191001-csv/2892#110824565>		"סיֵשׁאַנבּיֵ"@bhh	
"mokɔlɔ ya míbalé"@ln	<https://panlex.org/snapshot/panlex-20191001-csv/2892#110824588>				<https://panlex.org/snapshot/panlex-20191001-csv/2892#110824663>		"seshanbe"@bhh	
"lomíngo"@ln	<https://panlex.org/snapshot/panlex-20191001-csv/2892#110826697>				<https://panlex.org/snapshot/panlex-20191001-csv/2892#110826830>		"yakshanbe"@bhh	
"lomíngo"@ln	<https://panlex.org/snapshot/panlex-20191001-csv/2892#110826697>				<https://panlex.org/snapshot/panlex-20191001-csv/2892#110826596>		"יאַכּשׁאַנבּיֵ"@bhh	
"sánzá ya zómí"@ln	<https://panlex.org/snapshot/panlex-20191001-csv/2897#110830854>				<https://panlex.org/snapshot/panlex-20191001-csv/2897#110831135>		"אָכּטיאַבּר"@bhh	
"sánzá ya zómí"@ln	<https://panlex.org/snapshot/panlex-20191001-csv/2897#110830854>				<https://panlex.org/snapshot/panlex-20191001-csv/2897#110830903>		"oktyabr"@bhh	
"sánzá ya yambo"@ln	<https://panlex.org/snapshot/panlex-20191001-csv/2897#110827289>				<https://panlex.org/snapshot/panlex-20191001-csv/2897#110827192>		"יאַנבאַר"@bhh	
"sánzá ya yambo"@ln	<https://panlex.org/snapshot/panlex-20191001-csv/2897#110827289>				<https://panlex.org/snapshot/panlex-20191001-csv/2897#110827364>		"yanvar"@bhh	
"sánzá ya zómí na míbalé"@ln	<https://panlex.org/snapshot/panlex-20191001-csv/2897#110831682>				<https://panlex.org/snapshot/panlex-20191001-csv/2897#110831721>		"דיֵכּאַבּר"@bhh	
"sánzá ya zómí na míbalé"@ln	<https://panlex.org/snapshot/panlex-20191001-csv/2897#110831682>				<https://panlex.org/snapshot/panlex-20191001-csv/2897#110831748>		"dekabr"@bhh	
"sɛtɛ́mbɛ"@ln	<https://panlex.org/snapshot/panlex-20191001-csv/2897#110830404>				<https://panlex.org/snapshot/panlex-20191001-csv/2897#110830345>		"סיֵנטיאַבּר"@bhh	
"sɛtɛ́mbɛ"@ln	<https://panlex.org/snapshot/panlex-20191001-csv/2897#110830404>				<https://panlex.org/snapshot/panlex-20191001-csv/2897#110830684>		"sentyabr"@bhh	
"sánzá ya zómí na mɔ̌kɔ́"@ln	<https://panlex.org/snapshot/panlex-20191001-csv/2897#110831162>				<https://panlex.org/snapshot/panlex-20191001-csv/2897#110831480>		"נאָיאַבּר"@bhh	
"sánzá ya zómí na mɔ̌kɔ́"@ln	<https://panlex.org/snapshot/panlex-20191001-csv/2897#110831162>				<https://panlex.org/snapshot/panlex-20191001-csv/2897#110831380>		"noyabr"@bhh	
"sánzá ya nsambo"@ln	<https://panlex.org/snapshot/panlex-20191001-csv/2897#110829855>				<https://panlex.org/snapshot/panlex-20191001-csv/2897#110829557>		"iyul"@bhh	
"sánzá ya nsambo"@ln	<https://panlex.org/snapshot/panlex-20191001-csv/2897#110829855>				<https://panlex.org/snapshot/panlex-20191001-csv/2897#110829877>		"איִיוּל"@bhh	
"sánzá ya motóbá"@ln	<https://panlex.org/snapshot/panlex-20191001-csv/2897#110829467>				<https://panlex.org/snapshot/panlex-20191001-csv/2897#110829239>		"איִיוּן"@bhh	
"sánzá ya motóbá"@ln	<https://panlex.org/snapshot/panlex-20191001-csv/2897#110829467>				<https://panlex.org/snapshot/panlex-20191001-csv/2897#110829168>		"iyun"@bhh	
"dɛsɛ́mbɛ"@ln	<https://panlex.org/snapshot/panlex-20191001-csv/2897#110831830>				<https://panlex.org/snapshot/panlex-20191001-csv/2897#110831721>		"דיֵכּאַבּר"@bhh	
"dɛsɛ́mbɛ"@ln	<https://panlex.org/snapshot/panlex-20191001-csv/2897#110831830>				<https://panlex.org/snapshot/panlex-20191001-csv/2897#110831748>		"dekabr"@bhh	
"sánzá ya mínéi"@ln	<https://panlex.org/snapshot/panlex-20191001-csv/2897#110828555>				<https://panlex.org/snapshot/panlex-20191001-csv/2897#110828399>		"אַפּריֵל"@bhh	
"sánzá ya mínéi"@ln	<https://panlex.org/snapshot/panlex-20191001-csv/2897#110828555>				<https://panlex.org/snapshot/panlex-20191001-csv/2897#110828347>		"aprel"@bhh	
"febwáli"@ln	<https://panlex.org/snapshot/panlex-20191001-csv/2897#110827674>				<https://panlex.org/snapshot/panlex-20191001-csv/2897#110827793>		"fevral"@bhh	
"febwáli"@ln	<https://panlex.org/snapshot/panlex-20191001-csv/2897#110827674>				<https://panlex.org/snapshot/panlex-20191001-csv/2897#110827590>		"פיֵבראַל"@bhh	
"apríli"@ln	<https://panlex.org/snapshot/panlex-20191001-csv/2897#110828271>				<https://panlex.org/snapshot/panlex-20191001-csv/2897#110828399>		"אַפּריֵל"@bhh	
"apríli"@ln	<https://panlex.org/snapshot/panlex-20191001-csv/2897#110828271>				<https://panlex.org/snapshot/panlex-20191001-csv/2897#110828347>		"aprel"@bhh	
"sánzá ya míbalé"@ln	<https://panlex.org/snapshot/panlex-20191001-csv/2897#110827797>				<https://panlex.org/snapshot/panlex-20191001-csv/2897#110827793>		"fevral"@bhh	
"sánzá ya míbalé"@ln	<https://panlex.org/snapshot/panlex-20191001-csv/2897#110827797>				<https://panlex.org/snapshot/panlex-20191001-csv/2897#110827590>		"פיֵבראַל"@bhh	
"yúni"@ln	<https://panlex.org/snapshot/panlex-20191001-csv/2897#110829415>				<https://panlex.org/snapshot/panlex-20191001-csv/2897#110829239>		"איִיוּן"@bhh	
"yúni"@ln	<https://panlex.org/snapshot/panlex-20191001-csv/2897#110829415>				<https://panlex.org/snapshot/panlex-20191001-csv/2897#110829168>		"iyun"@bhh	
"novɛ́mbɛ"@ln	<https://panlex.org/snapshot/panlex-20191001-csv/2897#110831187>				<https://panlex.org/snapshot/panlex-20191001-csv/2897#110831480>		"נאָיאַבּר"@bhh	
"novɛ́mbɛ"@ln	<https://panlex.org/snapshot/panlex-20191001-csv/2897#110831187>				<https://panlex.org/snapshot/panlex-20191001-csv/2897#110831380>		"noyabr"@bhh	
"yanwáli"@ln	<https://panlex.org/snapshot/panlex-20191001-csv/2897#110827146>				<https://panlex.org/snapshot/panlex-20191001-csv/2897#110827192>		"יאַנבאַר"@bhh	
"yanwáli"@ln	<https://panlex.org/snapshot/panlex-20191001-csv/2897#110827146>				<https://panlex.org/snapshot/panlex-20191001-csv/2897#110827364>		"yanvar"@bhh	
"sánzá ya mísáto"@ln	<https://panlex.org/snapshot/panlex-20191001-csv/2897#110828141>				<https://panlex.org/snapshot/panlex-20191001-csv/2897#110828110>		"mart"@bhh	
"sánzá ya mísáto"@ln	<https://panlex.org/snapshot/panlex-20191001-csv/2897#110828141>				<https://panlex.org/snapshot/panlex-20191001-csv/2897#110828012>		"מאַרט"@bhh	
"sánzá ya mwambe"@ln	<https://panlex.org/snapshot/panlex-20191001-csv/2897#110829895>				<https://panlex.org/snapshot/panlex-20191001-csv/2897#110830227>		"avgust"@bhh	
"sánzá ya mwambe"@ln	<https://panlex.org/snapshot/panlex-20191001-csv/2897#110829895>				<https://panlex.org/snapshot/panlex-20191001-csv/2897#110829924>		"אַבגוּסט"@bhh	
"sánzá ya mítáno"@ln	<https://panlex.org/snapshot/panlex-20191001-csv/2897#110828844>				<https://panlex.org/snapshot/panlex-20191001-csv/2897#110829003>		"מאַי"@bhh	
"sánzá ya mítáno"@ln	<https://panlex.org/snapshot/panlex-20191001-csv/2897#110828844>				<https://panlex.org/snapshot/panlex-20191001-csv/2897#110828720>		"may"@bhh	
"sánzá ya libwa"@ln	<https://panlex.org/snapshot/panlex-20191001-csv/2897#110830333>				<https://panlex.org/snapshot/panlex-20191001-csv/2897#110830345>		"סיֵנטיאַבּר"@bhh	
"sánzá ya libwa"@ln	<https://panlex.org/snapshot/panlex-20191001-csv/2897#110830333>				<https://panlex.org/snapshot/panlex-20191001-csv/2897#110830684>		"sentyabr"@bhh	
"mársi"@ln	<https://panlex.org/snapshot/panlex-20191001-csv/2897#110828207>				<https://panlex.org/snapshot/panlex-20191001-csv/2897#110828110>		"mart"@bhh	
"mársi"@ln	<https://panlex.org/snapshot/panlex-20191001-csv/2897#110828207>				<https://panlex.org/snapshot/panlex-20191001-csv/2897#110828012>		"מאַרט"@bhh	
"yúli"@ln	<https://panlex.org/snapshot/panlex-20191001-csv/2897#110829638>				<https://panlex.org/snapshot/panlex-20191001-csv/2897#110829557>		"iyul"@bhh	
"yúli"@ln	<https://panlex.org/snapshot/panlex-20191001-csv/2897#110829638>				<https://panlex.org/snapshot/panlex-20191001-csv/2897#110829877>		"איִיוּל"@bhh	
"augústo"@ln	<https://panlex.org/snapshot/panlex-20191001-csv/2897#110830043>				<https://panlex.org/snapshot/panlex-20191001-csv/2897#110830227>		"avgust"@bhh	
"augústo"@ln	<https://panlex.org/snapshot/panlex-20191001-csv/2897#110830043>				<https://panlex.org/snapshot/panlex-20191001-csv/2897#110829924>		"אַבגוּסט"@bhh	
"ɔkɔtɔ́bɛ"@ln	<https://panlex.org/snapshot/panlex-20191001-csv/2897#110830998>				<https://panlex.org/snapshot/panlex-20191001-csv/2897#110831135>		"אָכּטיאַבּר"@bhh	
"ɔkɔtɔ́bɛ"@ln	<https://panlex.org/snapshot/panlex-20191001-csv/2897#110830998>				<https://panlex.org/snapshot/panlex-20191001-csv/2897#110830903>		"oktyabr"@bhh	
"máyí"@ln	<https://panlex.org/snapshot/panlex-20191001-csv/2897#110828811>				<https://panlex.org/snapshot/panlex-20191001-csv/2897#110829003>		"מאַי"@bhh	
"máyí"@ln	<https://panlex.org/snapshot/panlex-20191001-csv/2897#110828811>				<https://panlex.org/snapshot/panlex-20191001-csv/2897#110828720>		"may"@bhh	
