"-painawo"@tih	<https://panlex.org/snapshot/panlex-20191001-csv/114#8065947>				<https://panlex.org/snapshot/panlex-20191001-csv/114#8065963>		"napas"@tsg	
"aduŋ"@tih	<https://panlex.org/snapshot/panlex-20191001-csv/114#8065498>				<https://panlex.org/snapshot/panlex-20191001-csv/114#8065517>		"qilung"@tsg	
"dipon"@tih	<https://panlex.org/snapshot/panlex-20191001-csv/114#8067527>				<https://panlex.org/snapshot/panlex-20191001-csv/114#8067546>		"qipun"@tsg	
"kalayam"@tih	<https://panlex.org/snapshot/panlex-20191001-csv/114#8053593>				<https://panlex.org/snapshot/panlex-20191001-csv/114#8053615>		"sikih"@tsg	
"palad"@tih	<https://panlex.org/snapshot/panlex-20191001-csv/114#8052109>				<https://panlex.org/snapshot/panlex-20191001-csv/114#8052126>		"limah"@tsg	
"ugad"@tih	<https://panlex.org/snapshot/panlex-20191001-csv/114#8054182>				<https://panlex.org/snapshot/panlex-20191001-csv/114#8054203>		"magpanaw"@tsg	
"abuk"@tih	<https://panlex.org/snapshot/panlex-20191001-csv/114#8064945>				<https://panlex.org/snapshot/panlex-20191001-csv/114#8064967>		"buhuk"@tsg	
"kait"@tih	<https://panlex.org/snapshot/panlex-20191001-csv/114#8052586>				<https://panlex.org/snapshot/panlex-20191001-csv/114#8052604>		"ha lawah"@tsg	
"limbawo"@tih	<https://panlex.org/snapshot/panlex-20191001-csv/114#8061280>				<https://panlex.org/snapshot/panlex-20191001-csv/114#8061296>		"qagabah"@tsg	
"titiq"@tih	<https://panlex.org/snapshot/panlex-20191001-csv/114#8060790>				<https://panlex.org/snapshot/panlex-20191001-csv/114#8060812>		"daghal"@tsg	
"titiq"@tih	<https://panlex.org/snapshot/panlex-20191001-csv/114#8060790>				<https://panlex.org/snapshot/panlex-20191001-csv/114#8060813>		"duruq"@tsg	
"loŋon"@tih	<https://panlex.org/snapshot/panlex-20191001-csv/114#8052108>				<https://panlex.org/snapshot/panlex-20191001-csv/114#8052126>		"limah"@tsg	
"bakuluŋ"@tih	<https://panlex.org/snapshot/panlex-20191001-csv/114#8058191>				<https://panlex.org/snapshot/panlex-20191001-csv/114#8058212>		"taikud"@tsg	
