"timug"@tih	<https://panlex.org/snapshot/panlex-20191001-csv/12#851187>				<https://panlex.org/snapshot/panlex-20191001-csv/12#851255>		"daay"@yap	
"timug"@tih	<https://panlex.org/snapshot/panlex-20191001-csv/12#851187>				<https://panlex.org/snapshot/panlex-20191001-csv/12#851256>		"rawn"@yap	
"-painawo"@tih	<https://panlex.org/snapshot/panlex-20191001-csv/114#8065947>				<https://panlex.org/snapshot/panlex-20191001-csv/114#8066002>		"pagoofaan"@yap	
"aduŋ"@tih	<https://panlex.org/snapshot/panlex-20191001-csv/114#8065498>				<https://panlex.org/snapshot/panlex-20191001-csv/114#8065569>		"pʼeethŋuu-n"@yap	
"dipon"@tih	<https://panlex.org/snapshot/panlex-20191001-csv/114#8067527>				<https://panlex.org/snapshot/panlex-20191001-csv/114#8067598>		"ŋuwol"@yap	
"kalayam"@tih	<https://panlex.org/snapshot/panlex-20191001-csv/114#8053593>				<https://panlex.org/snapshot/panlex-20191001-csv/114#8053669>		"qaay"@yap	
"kalayam"@tih	<https://panlex.org/snapshot/panlex-20191001-csv/114#8053593>				<https://panlex.org/snapshot/panlex-20191001-csv/114#8053670>		"rifrif"@yap	
"palad"@tih	<https://panlex.org/snapshot/panlex-20191001-csv/114#8052109>				<https://panlex.org/snapshot/panlex-20191001-csv/114#8052178>		"rifrif"@yap	
"palad"@tih	<https://panlex.org/snapshot/panlex-20191001-csv/114#8052109>				<https://panlex.org/snapshot/panlex-20191001-csv/114#8052177>		"paaq"@yap	
"ugad"@tih	<https://panlex.org/snapshot/panlex-20191001-csv/114#8054182>				<https://panlex.org/snapshot/panlex-20191001-csv/114#8054261>		"yaen"@yap	
"abuk"@tih	<https://panlex.org/snapshot/panlex-20191001-csv/114#8064945>				<https://panlex.org/snapshot/panlex-20191001-csv/114#8065023>		"piy"@yap	
"kait"@tih	<https://panlex.org/snapshot/panlex-20191001-csv/114#8052586>				<https://panlex.org/snapshot/panlex-20191001-csv/114#8052648>		"gilaeyʼ"@yap	
"limbawo"@tih	<https://panlex.org/snapshot/panlex-20191001-csv/114#8061280>				<https://panlex.org/snapshot/panlex-20191001-csv/114#8061335>		"poe-n"@yap	
"limbawo"@tih	<https://panlex.org/snapshot/panlex-20191001-csv/114#8061280>				<https://panlex.org/snapshot/panlex-20191001-csv/114#8061336>		"puu-n"@yap	
"titiq"@tih	<https://panlex.org/snapshot/panlex-20191001-csv/114#8060790>				<https://panlex.org/snapshot/panlex-20191001-csv/114#8060871>		"thuth"@yap	
"loŋon"@tih	<https://panlex.org/snapshot/panlex-20191001-csv/114#8052108>				<https://panlex.org/snapshot/panlex-20191001-csv/114#8052178>		"rifrif"@yap	
"loŋon"@tih	<https://panlex.org/snapshot/panlex-20191001-csv/114#8052108>				<https://panlex.org/snapshot/panlex-20191001-csv/114#8052177>		"paaq"@yap	
"bakuluŋ"@tih	<https://panlex.org/snapshot/panlex-20191001-csv/114#8058191>				<https://panlex.org/snapshot/panlex-20191001-csv/114#8058257>		"keeruq"@yap	
