"c̷ãpi"@con	<https://panlex.org/snapshot/panlex-20191001-csv/1573#50089691>				<https://panlex.org/snapshot/panlex-20191001-csv/1573#50089644>		"a-wæ̃-dẽ"@auc	
"naiʔki"@con	<https://panlex.org/snapshot/panlex-20191001-csv/1573#50088271>				<https://panlex.org/snapshot/panlex-20191001-csv/1573#50088185>		"õ-dõ"@auc	
"koehe čiɣa"@con	<https://panlex.org/snapshot/panlex-20191001-csv/1573#50091337>				<https://panlex.org/snapshot/panlex-20191001-csv/1573#50091293>		"dæ̃ke"@auc	
"ʼãdeʔsɨ kʰɨʼtʰopaʔsɨ"@con	<https://panlex.org/snapshot/panlex-20191001-csv/1573#50082654>				<https://panlex.org/snapshot/panlex-20191001-csv/1573#50082608>		"gidĩ-bõ"@auc	
"ãde"@con	<https://panlex.org/snapshot/panlex-20191001-csv/1573#50081749>				<https://panlex.org/snapshot/panlex-20191001-csv/1573#50081705>		"ĩ-gipo"@auc	
"ãde"@con	<https://panlex.org/snapshot/panlex-20191001-csv/1573#50082338>				<https://panlex.org/snapshot/panlex-20191001-csv/1573#50082296>		"õ-gipo"@auc	
"ãde"@con	<https://panlex.org/snapshot/panlex-20191001-csv/1573#50084932>				<https://panlex.org/snapshot/panlex-20191001-csv/1573#50084908>		"õbæ-koo"@auc	
"ãde"@con	<https://panlex.org/snapshot/panlex-20191001-csv/1573#50082016>				<https://panlex.org/snapshot/panlex-20191001-csv/1573#50081955>		"õ-bæ"@auc	
"patɨ"@con	<https://panlex.org/snapshot/panlex-20191001-csv/1573#50090525>				<https://panlex.org/snapshot/panlex-20191001-csv/1573#50090454>		"di-ka"@auc	
"ãde oya"@con	<https://panlex.org/snapshot/panlex-20191001-csv/1573#50090887>				<https://panlex.org/snapshot/panlex-20191001-csv/1573#50090852>		"goĩke"@auc	
"ãʼtʰepoʔčo"@con	<https://panlex.org/snapshot/panlex-20191001-csv/1573#50084731>				<https://panlex.org/snapshot/panlex-20191001-csv/1573#50084695>		"waãtĩĩ-wæ̃dẽ"@auc	
"pʰĩpʰĩc̷ʰia naʔe"@con	<https://panlex.org/snapshot/panlex-20191001-csv/1573#50086154>				<https://panlex.org/snapshot/panlex-20191001-csv/1573#50086123>		"dæ̃æ̃ gõgæ̃"@auc	
"mar"@con	<https://panlex.org/snapshot/panlex-20191001-csv/1573#50085938>				<https://panlex.org/snapshot/panlex-20191001-csv/1573#50085903>		"gãwa-pæ̃ yæ̃dæ̃"@auc	
"ʼkʰotʰaʔkʰo"@con	<https://panlex.org/snapshot/panlex-20191001-csv/1573#50083507>				<https://panlex.org/snapshot/panlex-20191001-csv/1573#50083430>		"ãdã-kidi"@auc	
"sihɨ̃kʰɨ"@con	<https://panlex.org/snapshot/panlex-20191001-csv/1573#50089242>				<https://panlex.org/snapshot/panlex-20191001-csv/1573#50089201>		"akĩ-bæ̃ ĩ-yõbõ"@auc	
"aiʔhe"@con	<https://panlex.org/snapshot/panlex-20191001-csv/1573#50088270>				<https://panlex.org/snapshot/panlex-20191001-csv/1573#50088185>		"õ-dõ"@auc	
"ʼsĩgɨʔkʰɨ"@con	<https://panlex.org/snapshot/panlex-20191001-csv/1573#50087275>				<https://panlex.org/snapshot/panlex-20191001-csv/1573#50087253>		"gãwa-pæ̃"@auc	
"ʼsĩgɨʔkʰɨ"@con	<https://panlex.org/snapshot/panlex-20191001-csv/1573#50086918>				<https://panlex.org/snapshot/panlex-20191001-csv/1573#50086870>		"gãwa-pæ̃"@auc	
"otaΦa"@con	<https://panlex.org/snapshot/panlex-20191001-csv/1573#50085115>				<https://panlex.org/snapshot/panlex-20191001-csv/1573#50085066>		"æ-pæ̃ wedeka"@auc	
"c̷aʔkʰɨ sõboʔtʰi"@con	<https://panlex.org/snapshot/panlex-20191001-csv/1573#50088901>				<https://panlex.org/snapshot/panlex-20191001-csv/1573#50088832>		"æ-pæ̃ ta-yõbõ"@auc	
"Φatʰokʰo čãgo"@con	<https://panlex.org/snapshot/panlex-20191001-csv/1573#50085439>				<https://panlex.org/snapshot/panlex-20191001-csv/1573#50085401>		"õta-to"@auc	
"seΦani"@con	<https://panlex.org/snapshot/panlex-20191001-csv/1573#50091087>				<https://panlex.org/snapshot/panlex-20191001-csv/1573#50091040>		"õ-õdæ"@auc	
"šošoβi ãde"@con	<https://panlex.org/snapshot/panlex-20191001-csv/1573#50084198>				<https://panlex.org/snapshot/panlex-20191001-csv/1573#50084132>		"biyõdæ"@auc	
"tʰõtʰõʔba"@con	<https://panlex.org/snapshot/panlex-20191001-csv/1573#50086509>				<https://panlex.org/snapshot/panlex-20191001-csv/1573#50086474>		"bãwãta"@auc	
"c̷ɨtokʰɨ"@con	<https://panlex.org/snapshot/panlex-20191001-csv/1573#50089241>				<https://panlex.org/snapshot/panlex-20191001-csv/1573#50089201>		"akĩ-bæ̃ ĩ-yõbõ"@auc	
"Φatʰokʰo"@con	<https://panlex.org/snapshot/panlex-20191001-csv/1573#50083904>				<https://panlex.org/snapshot/panlex-20191001-csv/1573#50083837>		"õta-dã-a"@auc	
"naʔe"@con	<https://panlex.org/snapshot/panlex-20191001-csv/1573#50088272>				<https://panlex.org/snapshot/panlex-20191001-csv/1573#50088185>		"õ-dõ"@auc	
"c̷aʔkʰɨ"@con	<https://panlex.org/snapshot/panlex-20191001-csv/1573#50085682>				<https://panlex.org/snapshot/panlex-20191001-csv/1573#50085640>		"æ-pæ̃"@auc	
"õtɨhɨ̃kʰɨ"@con	<https://panlex.org/snapshot/panlex-20191001-csv/1573#50089492>				<https://panlex.org/snapshot/panlex-20191001-csv/1573#50089455>		"tĩyataa"@auc	
"seΦakʰo"@con	<https://panlex.org/snapshot/panlex-20191001-csv/1573#50091086>				<https://panlex.org/snapshot/panlex-20191001-csv/1573#50091040>		"õ-õdæ"@auc	
"čiɣa"@con	<https://panlex.org/snapshot/panlex-20191001-csv/1573#50091338>				<https://panlex.org/snapshot/panlex-20191001-csv/1573#50091293>		"dæ̃ke"@auc	
"c̷ʰipakʰɨ"@con	<https://panlex.org/snapshot/panlex-20191001-csv/1573#50082930>				<https://panlex.org/snapshot/panlex-20191001-csv/1573#50082881>		"akĩ-bæ̃"@auc	
"ʼkiniʔ-kʰo"@con	<https://panlex.org/snapshot/panlex-20191001-csv/1573#50090230>				<https://panlex.org/snapshot/panlex-20191001-csv/1573#50090188>		"a-wæ̃"@auc	
"ʼkiniʔ-kʰo"@con	<https://panlex.org/snapshot/panlex-20191001-csv/1573#50089982>				<https://panlex.org/snapshot/panlex-20191001-csv/1573#50089933>		"a-wæ̃"@auc	
"sĩhɨ̃kʰɨ"@con	<https://panlex.org/snapshot/panlex-20191001-csv/1573#50084511>				<https://panlex.org/snapshot/panlex-20191001-csv/1573#50084473>		"wĩyãbẽka"@auc	
"rãde naʔe"@con	<https://panlex.org/snapshot/panlex-20191001-csv/1573#50085939>				<https://panlex.org/snapshot/panlex-20191001-csv/1573#50085903>		"gãwa-pæ̃ yæ̃dæ̃"@auc	
"sisipa"@con	<https://panlex.org/snapshot/panlex-20191001-csv/1573#50083215>				<https://panlex.org/snapshot/panlex-20191001-csv/1573#50083170>		"ẽbõdai"@auc	
