"agem"@bny	<https://panlex.org/snapshot/panlex-20191001-csv/114#8051680>				<https://panlex.org/snapshot/panlex-20191001-csv/114#8052011>		"pawú-n"@puw	
"agem"@bny	<https://panlex.org/snapshot/panlex-20191001-csv/114#8051680>				<https://panlex.org/snapshot/panlex-20191001-csv/114#8052009>		"kumwúʀ"@puw	
"agem"@bny	<https://panlex.org/snapshot/panlex-20191001-csv/114#8051680>				<https://panlex.org/snapshot/panlex-20191001-csv/114#8052010>		"paaw"@puw	
"uruŋ"@bny	<https://panlex.org/snapshot/panlex-20191001-csv/114#8065090>				<https://panlex.org/snapshot/panlex-20191001-csv/114#8065406>		"pwootú-"@puw	
"uruŋ"@bny	<https://panlex.org/snapshot/panlex-20191001-csv/114#8065090>				<https://panlex.org/snapshot/panlex-20191001-csv/114#8065405>		"pwoot"@puw	
"likud"@bny	<https://panlex.org/snapshot/panlex-20191001-csv/114#8057816>				<https://panlex.org/snapshot/panlex-20191001-csv/114#8058106>		"hakúr"@puw	
"jelu"@bny	<https://panlex.org/snapshot/panlex-20191001-csv/114#8054323>				<https://panlex.org/snapshot/panlex-20191001-csv/114#8054602>		"yela-(n)"@puw	
"jelu"@bny	<https://panlex.org/snapshot/panlex-20191001-csv/114#8054323>				<https://panlex.org/snapshot/panlex-20191001-csv/114#8054601>		"yaal"@puw	
"bulay"@bny	<https://panlex.org/snapshot/panlex-20191001-csv/114#8052236>				<https://panlex.org/snapshot/panlex-20191001-csv/114#8052507>		"(yii)-mééyúŋ"@puw	
"bulay"@bny	<https://panlex.org/snapshot/panlex-20191001-csv/114#8052236>				<https://panlex.org/snapshot/panlex-20191001-csv/114#8052506>		"(húyi)-mééyúŋ"@puw	
