"vatn"@non	<https://panlex.org/snapshot/panlex-20191001-csv/2131#11695228>				<https://panlex.org/snapshot/panlex-20191001-csv/2131#11695250>		"voda"@sl	
"jökull"@non	<https://panlex.org/snapshot/panlex-20191001-csv/5947#84741249>				<https://panlex.org/snapshot/panlex-20191001-csv/5947#84741254>		"ledenik"@sl	
"úlfr"@non	<https://panlex.org/snapshot/panlex-20191001-csv/5947#84884519>				<https://panlex.org/snapshot/panlex-20191001-csv/5947#84884528>		"vulk"@sl	
"Guð"@non	<https://panlex.org/snapshot/panlex-20191001-csv/5947#84586750>				<https://panlex.org/snapshot/panlex-20191001-csv/5947#84586760>		"Bog"@sl	
"þak"@non	<https://panlex.org/snapshot/panlex-20191001-csv/5947#84663227>				<https://panlex.org/snapshot/panlex-20191001-csv/5947#84663231>		"strehe"@sl	
"áll"@non	<https://panlex.org/snapshot/panlex-20191001-csv/5939#80698955>				<https://panlex.org/snapshot/panlex-20191001-csv/5939#80698964>		"jegulja"@sl	
"heilendi"@non	<https://panlex.org/snapshot/panlex-20191001-csv/5939#80838896>				<https://panlex.org/snapshot/panlex-20191001-csv/5939#80838910>		"zdravje"@sl	
"fiskr"@non	<https://panlex.org/snapshot/panlex-20191001-csv/5939#80815777>				<https://panlex.org/snapshot/panlex-20191001-csv/5939#80815787>		"riba"@sl	
"Dafiþ"@non	<https://panlex.org/snapshot/panlex-20191001-csv/5939#80779642>				<https://panlex.org/snapshot/panlex-20191001-csv/5939#80779649>		"David"@sl	
"Dafiþ"@non	<https://panlex.org/snapshot/panlex-20191001-csv/5939#80779576>				<https://panlex.org/snapshot/panlex-20191001-csv/5939#80779583>		"David"@sl	
"brauð"@non	<https://panlex.org/snapshot/panlex-20191001-csv/5939#80765508>				<https://panlex.org/snapshot/panlex-20191001-csv/5939#80765513>		"kruh"@sl	
"Davið"@non	<https://panlex.org/snapshot/panlex-20191001-csv/5939#80779577>				<https://panlex.org/snapshot/panlex-20191001-csv/5939#80779583>		"David"@sl	
"Davið"@non	<https://panlex.org/snapshot/panlex-20191001-csv/5939#80779643>				<https://panlex.org/snapshot/panlex-20191001-csv/5939#80779649>		"David"@sl	
"auga"@non	<https://panlex.org/snapshot/panlex-20191001-csv/5939#80734160>				<https://panlex.org/snapshot/panlex-20191001-csv/5939#80734175>		"oko"@sl	
"heilsa"@non	<https://panlex.org/snapshot/panlex-20191001-csv/5939#80838895>				<https://panlex.org/snapshot/panlex-20191001-csv/5939#80838910>		"zdravje"@sl	
"sporðdreki"@non	<https://panlex.org/snapshot/panlex-20191001-csv/5946#84455129>				<https://panlex.org/snapshot/panlex-20191001-csv/5946#84455140>		"škorpijon"@sl	
"margr"@non	<https://panlex.org/snapshot/panlex-20191001-csv/5946#84442502>				<https://panlex.org/snapshot/panlex-20191001-csv/5946#84442535>		"mnogo"@sl	
"margr"@non	<https://panlex.org/snapshot/panlex-20191001-csv/5946#84442502>				<https://panlex.org/snapshot/panlex-20191001-csv/5946#84442536>		"veliko"@sl	
"tré"@non	<https://panlex.org/snapshot/panlex-20191001-csv/5946#84449624>				<https://panlex.org/snapshot/panlex-20191001-csv/5946#84449644>		"drevo"@sl	
"hǫra"@non	<https://panlex.org/snapshot/panlex-20191001-csv/5946#84450025>				<https://panlex.org/snapshot/panlex-20191001-csv/5946#84450031>		"slišati"@sl	
"svamper"@non	<https://panlex.org/snapshot/panlex-20191001-csv/5946#84450305>				<https://panlex.org/snapshot/panlex-20191001-csv/5946#84450319>		"goba"@sl	
"heyra"@non	<https://panlex.org/snapshot/panlex-20191001-csv/5946#84450024>				<https://panlex.org/snapshot/panlex-20191001-csv/5946#84450031>		"slišati"@sl	
"sǫppr"@non	<https://panlex.org/snapshot/panlex-20191001-csv/5946#84450304>				<https://panlex.org/snapshot/panlex-20191001-csv/5946#84450319>		"goba"@sl	
"svara"@non	<https://panlex.org/snapshot/panlex-20191001-csv/5946#84453559>				<https://panlex.org/snapshot/panlex-20191001-csv/5946#84453575>		"odgovoriti"@sl	
"skorpíónn"@non	<https://panlex.org/snapshot/panlex-20191001-csv/5946#84455130>				<https://panlex.org/snapshot/panlex-20191001-csv/5946#84455140>		"škorpijon"@sl	
"regn"@non	<https://panlex.org/snapshot/panlex-20191001-csv/5946#84436351>				<https://panlex.org/snapshot/panlex-20191001-csv/5946#84436377>		"dež"@sl	
"Noregi"@non	<https://panlex.org/snapshot/panlex-20191001-csv/5949#85317126>				<https://panlex.org/snapshot/panlex-20191001-csv/5949#85317134>		"Norveška"@sl	
"Jórsalaborg"@non	<https://panlex.org/snapshot/panlex-20191001-csv/5949#85309991>				<https://panlex.org/snapshot/panlex-20191001-csv/5949#85310016>		"Jeruzalem"@sl	
"Kristr"@non	<https://panlex.org/snapshot/panlex-20191001-csv/5949#85324287>				<https://panlex.org/snapshot/panlex-20191001-csv/5949#85324294>		"Kristus"@sl	
"Kristr"@non	<https://panlex.org/snapshot/panlex-20191001-csv/5949#85324287>				<https://panlex.org/snapshot/panlex-20191001-csv/5949#85324295>		"Cristo"@sl	
"Kristr"@non	<https://panlex.org/snapshot/panlex-20191001-csv/5949#85324287>				<https://panlex.org/snapshot/panlex-20191001-csv/5949#85324296>		"Jesucristo"@sl	
"helviti"@non	<https://panlex.org/snapshot/panlex-20191001-csv/5949#85332966>				<https://panlex.org/snapshot/panlex-20191001-csv/5949#85332986>		"pekel"@sl	
"Jórsalir"@non	<https://panlex.org/snapshot/panlex-20191001-csv/5949#85309990>				<https://panlex.org/snapshot/panlex-20191001-csv/5949#85310016>		"Jeruzalem"@sl	
"fugl"@non	<https://panlex.org/snapshot/panlex-20191001-csv/9#481994>				<https://panlex.org/snapshot/panlex-20191001-csv/9#482004>		"ptič"@sl	
"hann"@non	<https://panlex.org/snapshot/panlex-20191001-csv/9#473881>				<https://panlex.org/snapshot/panlex-20191001-csv/9#473899>		"on"@sl	
"friðr"@non	<https://panlex.org/snapshot/panlex-20191001-csv/2902#111012178>				<https://panlex.org/snapshot/panlex-20191001-csv/2902#111012166>		"mir"@sl	
"ᚠᚱᛁᚦᚱ"@non	<https://panlex.org/snapshot/panlex-20191001-csv/2902#111012314>				<https://panlex.org/snapshot/panlex-20191001-csv/2902#111012166>		"mir"@sl	
"Gandvík"@non	<https://panlex.org/snapshot/panlex-20191001-csv/2905#110871291>				<https://panlex.org/snapshot/panlex-20191001-csv/2905#110871414>		"Belo morje"@sl	
"Hafið Rauða"@non	<https://panlex.org/snapshot/panlex-20191001-csv/2905#110870979>				<https://panlex.org/snapshot/panlex-20191001-csv/2905#110871036>		"Rdeče morje"@sl	
"Eystrasalt"@non	<https://panlex.org/snapshot/panlex-20191001-csv/2905#110868785>				<https://panlex.org/snapshot/panlex-20191001-csv/2905#110868634>		"Baltiško morje"@sl	
"Eystrasalt"@non	<https://panlex.org/snapshot/panlex-20191001-csv/2905#110868785>				<https://panlex.org/snapshot/panlex-20191001-csv/2905#110868666>		"Baltik"@sl	
"Eystrasalt"@non	<https://panlex.org/snapshot/panlex-20191001-csv/2905#110868785>				<https://panlex.org/snapshot/panlex-20191001-csv/2905#110868766>		"Baltsko morje"@sl	
"Norðrsjór"@non	<https://panlex.org/snapshot/panlex-20191001-csv/2905#110870636>				<https://panlex.org/snapshot/panlex-20191001-csv/2905#110870703>		"Severno morje"@sl	
"Jórsalahaf"@non	<https://panlex.org/snapshot/panlex-20191001-csv/2905#110870472>				<https://panlex.org/snapshot/panlex-20191001-csv/2905#110870492>		"Sredozemsko morje"@sl	
"Miðjarðarhaf"@non	<https://panlex.org/snapshot/panlex-20191001-csv/2905#110870261>				<https://panlex.org/snapshot/panlex-20191001-csv/2905#110870492>		"Sredozemsko morje"@sl	
"Dauðasjór"@non	<https://panlex.org/snapshot/panlex-20191001-csv/2905#110870045>				<https://panlex.org/snapshot/panlex-20191001-csv/2905#110870076>		"Mrtvo morje"@sl	
"Rauða Haf"@non	<https://panlex.org/snapshot/panlex-20191001-csv/2905#110871003>				<https://panlex.org/snapshot/panlex-20191001-csv/2905#110871036>		"Rdeče morje"@sl	
"Englandshaf"@non	<https://panlex.org/snapshot/panlex-20191001-csv/2905#110870558>				<https://panlex.org/snapshot/panlex-20191001-csv/2905#110870703>		"Severno morje"@sl	
"Svartahaf"@non	<https://panlex.org/snapshot/panlex-20191001-csv/2905#110869205>				<https://panlex.org/snapshot/panlex-20191001-csv/2905#110868995>		"Črno morje"@sl	
"Kyrrahaf"@non	<https://panlex.org/snapshot/panlex-20191001-csv/2901#110867888>				<https://panlex.org/snapshot/panlex-20191001-csv/2901#110868132>		"Tihi ocean"@sl	
"Indlandshaf"@non	<https://panlex.org/snapshot/panlex-20191001-csv/2901#110867655>				<https://panlex.org/snapshot/panlex-20191001-csv/2901#110867744>		"Indijski ocean"@sl	
"Dumbshaf"@non	<https://panlex.org/snapshot/panlex-20191001-csv/2901#110867279>				<https://panlex.org/snapshot/panlex-20191001-csv/2901#110867281>		"Arktični ocean"@sl	
"Írlandshaf"@non	<https://panlex.org/snapshot/panlex-20191001-csv/2901#110867535>				<https://panlex.org/snapshot/panlex-20191001-csv/2901#110867582>		"Atlantski ocean"@sl	
"Indialandshaf"@non	<https://panlex.org/snapshot/panlex-20191001-csv/2901#110867768>				<https://panlex.org/snapshot/panlex-20191001-csv/2901#110867744>		"Indijski ocean"@sl	
"Atlantshaf"@non	<https://panlex.org/snapshot/panlex-20191001-csv/2901#110867609>				<https://panlex.org/snapshot/panlex-20191001-csv/2901#110867582>		"Atlantski ocean"@sl	
"fōa"@non	<https://panlex.org/snapshot/panlex-20191001-csv/8#224750>				<https://panlex.org/snapshot/panlex-20191001-csv/8#224766>		"lisica"@sl	
"fōa"@non	<https://panlex.org/snapshot/panlex-20191001-csv/8#224750>				<https://panlex.org/snapshot/panlex-20191001-csv/8#224767>		"lisjak"@sl	
"týsdagr"@non	<https://panlex.org/snapshot/panlex-20191001-csv/8#97275>				<https://panlex.org/snapshot/panlex-20191001-csv/8#97283>		"torek"@sl	
"leiptr"@non	<https://panlex.org/snapshot/panlex-20191001-csv/8#197004>				<https://panlex.org/snapshot/panlex-20191001-csv/8#197015>		"blisk"@sl	
"dȳr"@non	<https://panlex.org/snapshot/panlex-20191001-csv/10#561032>				<https://panlex.org/snapshot/panlex-20191001-csv/10#561050>		"žival"@sl	
"dȳr"@non	<https://panlex.org/snapshot/panlex-20191001-csv/10#561032>				<https://panlex.org/snapshot/panlex-20191001-csv/10#561051>		"zver"@sl	
"miðvikudagr"@non	<https://panlex.org/snapshot/panlex-20191001-csv/2892#110824914>				<https://panlex.org/snapshot/panlex-20191001-csv/2892#110825191>		"sreda"@sl	
"fimtidagr"@non	<https://panlex.org/snapshot/panlex-20191001-csv/2892#110825658>				<https://panlex.org/snapshot/panlex-20191001-csv/2892#110825534>		"četrtek"@sl	
"þváttdagr"@non	<https://panlex.org/snapshot/panlex-20191001-csv/2892#110826143>				<https://panlex.org/snapshot/panlex-20191001-csv/2892#110826380>		"sobota"@sl	
"þriðjudagr"@non	<https://panlex.org/snapshot/panlex-20191001-csv/2892#110824792>				<https://panlex.org/snapshot/panlex-20191001-csv/2892#110824693>		"torek"@sl	
"laugardagr"@non	<https://panlex.org/snapshot/panlex-20191001-csv/2892#110826555>				<https://panlex.org/snapshot/panlex-20191001-csv/2892#110826380>		"sobota"@sl	
"þriðidagr"@non	<https://panlex.org/snapshot/panlex-20191001-csv/2892#110824553>				<https://panlex.org/snapshot/panlex-20191001-csv/2892#110824693>		"torek"@sl	
"sunnudagr"@non	<https://panlex.org/snapshot/panlex-20191001-csv/2892#110826809>				<https://panlex.org/snapshot/panlex-20191001-csv/2892#110826713>		"nedelja"@sl	
"fǫstudagr"@non	<https://panlex.org/snapshot/panlex-20191001-csv/2892#110825701>				<https://panlex.org/snapshot/panlex-20191001-csv/2892#110825893>		"petek"@sl	
"frjádagr"@non	<https://panlex.org/snapshot/panlex-20191001-csv/2892#110826107>				<https://panlex.org/snapshot/panlex-20191001-csv/2892#110825893>		"petek"@sl	
"týsdagr"@non	<https://panlex.org/snapshot/panlex-20191001-csv/2892#110824840>				<https://panlex.org/snapshot/panlex-20191001-csv/2892#110824693>		"torek"@sl	
"mánudagr"@non	<https://panlex.org/snapshot/panlex-20191001-csv/2892#110824125>				<https://panlex.org/snapshot/panlex-20191001-csv/2892#110824215>		"ponedeljek"@sl	
"dróttinsdagr"@non	<https://panlex.org/snapshot/panlex-20191001-csv/2892#110826660>				<https://panlex.org/snapshot/panlex-20191001-csv/2892#110826713>		"nedelja"@sl	
"mánadagr"@non	<https://panlex.org/snapshot/panlex-20191001-csv/2892#110824311>				<https://panlex.org/snapshot/panlex-20191001-csv/2892#110824215>		"ponedeljek"@sl	
"þórsdagr"@non	<https://panlex.org/snapshot/panlex-20191001-csv/2892#110825394>				<https://panlex.org/snapshot/panlex-20191001-csv/2892#110825534>		"četrtek"@sl	
"týrsdagr"@non	<https://panlex.org/snapshot/panlex-20191001-csv/2892#110824537>				<https://panlex.org/snapshot/panlex-20191001-csv/2892#110824693>		"torek"@sl	
"óðinsdagr"@non	<https://panlex.org/snapshot/panlex-20191001-csv/2892#110824859>				<https://panlex.org/snapshot/panlex-20191001-csv/2892#110825191>		"sreda"@sl	
