"biyoa"@rej	<https://panlex.org/snapshot/panlex-20191001-csv/12#851125>				<https://panlex.org/snapshot/panlex-20191001-csv/12#850883>		"ranúm"@ckv	
"kekea"@rej	<https://panlex.org/snapshot/panlex-20191001-csv/114#8053508>				<https://panlex.org/snapshot/panlex-20191001-csv/114#8053198>		"ɤa:pán"@ckv	
"kekea"@rej	<https://panlex.org/snapshot/panlex-20191001-csv/114#8053508>				<https://panlex.org/snapshot/panlex-20191001-csv/114#8053197>		"rapan"@ckv	
"dalən"@rej	<https://panlex.org/snapshot/panlex-20191001-csv/114#8054609>				<https://panlex.org/snapshot/panlex-20191001-csv/114#8054343>		"la:rán"@ckv	
"dalən"@rej	<https://panlex.org/snapshot/panlex-20191001-csv/114#8054609>				<https://panlex.org/snapshot/panlex-20191001-csv/114#8054346>		"zaran"@ckv	
"dalən"@rej	<https://panlex.org/snapshot/panlex-20191001-csv/114#8054609>				<https://panlex.org/snapshot/panlex-20191001-csv/114#8054344>		"la:ẓán"@ckv	
"dalən"@rej	<https://panlex.org/snapshot/panlex-20191001-csv/114#8054609>				<https://panlex.org/snapshot/panlex-20191001-csv/114#8054345>		"rathan"@ckv	
"susəw"@rej	<https://panlex.org/snapshot/panlex-20191001-csv/114#8060697>				<https://panlex.org/snapshot/panlex-20191001-csv/114#8060387>		"si:súʔ"@ckv	
"taŋən"@rej	<https://panlex.org/snapshot/panlex-20191001-csv/114#8052021>				<https://panlex.org/snapshot/panlex-20191001-csv/114#8051713>		"rukap"@ckv	
"taŋən"@rej	<https://panlex.org/snapshot/panlex-20191001-csv/114#8052021>				<https://panlex.org/snapshot/panlex-20191001-csv/114#8051712>		"rima"@ckv	
"taŋən"@rej	<https://panlex.org/snapshot/panlex-20191001-csv/114#8052021>				<https://panlex.org/snapshot/panlex-20191001-csv/114#8051711>		"limáʔ"@ckv	
"taŋən"@rej	<https://panlex.org/snapshot/panlex-20191001-csv/114#8052021>				<https://panlex.org/snapshot/panlex-20191001-csv/114#8051714>		"ɤukáp"@ckv	
"kanən"@rej	<https://panlex.org/snapshot/panlex-20191001-csv/114#8052977>				<https://panlex.org/snapshot/panlex-20191001-csv/114#8052729>		"kawa:nán"@ckv	
"bəpanəw"@rej	<https://panlex.org/snapshot/panlex-20191001-csv/114#8054092>				<https://panlex.org/snapshot/panlex-20191001-csv/114#8053778>		"sma:qáy"@ckv	
"bəpanəw"@rej	<https://panlex.org/snapshot/panlex-20191001-csv/114#8054092>				<https://panlex.org/snapshot/panlex-20191001-csv/114#8053779>		"səma:kái"@ckv	
"si bəñabəy"@rej	<https://panlex.org/snapshot/panlex-20191001-csv/114#8065887>				<https://panlex.org/snapshot/panlex-20191001-csv/114#8065648>		"səməŋáh"@ckv	
"si bəñabəy"@rej	<https://panlex.org/snapshot/panlex-20191001-csv/114#8065887>				<https://panlex.org/snapshot/panlex-20191001-csv/114#8065647>		"sməŋŋáẓ"@ckv	
"biloʔ"@rej	<https://panlex.org/snapshot/panlex-20191001-csv/114#8055614>				<https://panlex.org/snapshot/panlex-20191001-csv/114#8055344>		"kəlisən"@ckv	
"biloʔ"@rej	<https://panlex.org/snapshot/panlex-20191001-csv/114#8055614>				<https://panlex.org/snapshot/panlex-20191001-csv/114#8055343>		"kmu:li:sə́ŋ"@ckv	
"nam"@rej	<https://panlex.org/snapshot/panlex-20191001-csv/114#8061748>				<https://panlex.org/snapshot/panlex-20191001-csv/114#8061440>		"su:pəɤán"@ckv	
"nam"@rej	<https://panlex.org/snapshot/panlex-20191001-csv/114#8061748>				<https://panlex.org/snapshot/panlex-20191001-csv/114#8061439>		"su:ppóɤ"@ckv	
"kiduəw"@rej	<https://panlex.org/snapshot/panlex-20191001-csv/114#8052516>				<https://panlex.org/snapshot/panlex-20191001-csv/114#8052262>		"kumawi:líʔ"@ckv	
"bər̃naŋ"@rej	<https://panlex.org/snapshot/panlex-20191001-csv/114#8056121>				<https://panlex.org/snapshot/panlex-20191001-csv/114#8055834>		"mənaŋúi"@ckv	
