"Jemeni"@bi	<https://panlex.org/snapshot/panlex-20191001-csv/5950#85858329>				<https://panlex.org/snapshot/panlex-20191001-csv/5950#85858388>		"Tek-kok"@nan	
"Federol Ripablik blong Jemeni"@bi	<https://panlex.org/snapshot/panlex-20191001-csv/5939#80768179>				<https://panlex.org/snapshot/panlex-20191001-csv/5939#80768228>		"Tek-kok Liân-pang Kiōng-hô-kok"@nan	
"Jemeni"@bi	<https://panlex.org/snapshot/panlex-20191001-csv/5939#80782652>				<https://panlex.org/snapshot/panlex-20191001-csv/5939#80782752>		"Tek-kok"@nan	
"Franis"@bi	<https://panlex.org/snapshot/panlex-20191001-csv/5949#85323539>				<https://panlex.org/snapshot/panlex-20191001-csv/5949#85323632>		"法國"@nan	
"Latvia"@bi	<https://panlex.org/snapshot/panlex-20191001-csv/5949#85314238>				<https://panlex.org/snapshot/panlex-20191001-csv/5949#85314336>		"Latvia"@nan	
"Rusia"@bi	<https://panlex.org/snapshot/panlex-20191001-csv/5949#85319405>				<https://panlex.org/snapshot/panlex-20191001-csv/5949#85319551>		"露西亚"@nan	
"Rusia"@bi	<https://panlex.org/snapshot/panlex-20191001-csv/5949#85319405>				<https://panlex.org/snapshot/panlex-20191001-csv/5949#85319549>		"俄罗斯"@nan	
"Rusia"@bi	<https://panlex.org/snapshot/panlex-20191001-csv/5949#85319405>				<https://panlex.org/snapshot/panlex-20191001-csv/5949#85319548>		"俄羅斯"@nan	
"Rusia"@bi	<https://panlex.org/snapshot/panlex-20191001-csv/5949#85319405>				<https://panlex.org/snapshot/panlex-20191001-csv/5949#85319550>		"露西亞"@nan	
"Uruguay"@bi	<https://panlex.org/snapshot/panlex-20191001-csv/5949#85322848>				<https://panlex.org/snapshot/panlex-20191001-csv/5949#85322928>		"Uruguay"@nan	
"Jemeni"@bi	<https://panlex.org/snapshot/panlex-20191001-csv/9#474747>				<https://panlex.org/snapshot/panlex-20191001-csv/9#474823>		"Tek-kok"@nan	
"Unaeted Neisen"@bi	<https://panlex.org/snapshot/panlex-20191001-csv/9#555003>				<https://panlex.org/snapshot/panlex-20191001-csv/9#555047>		"Liân-ha̍p-kok"@nan	
"Wenesde"@bi	<https://panlex.org/snapshot/panlex-20191001-csv/2892#110824980>				<https://panlex.org/snapshot/panlex-20191001-csv/2892#110825076>		"拜三"@nan	
"Tusde"@bi	<https://panlex.org/snapshot/panlex-20191001-csv/2892#110824575>				<https://panlex.org/snapshot/panlex-20191001-csv/2892#110824535>		"拜二"@nan	
"Mande"@bi	<https://panlex.org/snapshot/panlex-20191001-csv/2892#110824136>				<https://panlex.org/snapshot/panlex-20191001-csv/2892#110824005>		"拜一"@nan	
"Sande"@bi	<https://panlex.org/snapshot/panlex-20191001-csv/2892#110826942>				<https://panlex.org/snapshot/panlex-20191001-csv/2892#110826814>		"禮拜"@nan	
"Fraede"@bi	<https://panlex.org/snapshot/panlex-20191001-csv/2892#110825789>				<https://panlex.org/snapshot/panlex-20191001-csv/2892#110826117>		"拜五"@nan	
"Tosde"@bi	<https://panlex.org/snapshot/panlex-20191001-csv/2892#110825605>				<https://panlex.org/snapshot/panlex-20191001-csv/2892#110825504>		"拜四"@nan	
"Sarede"@bi	<https://panlex.org/snapshot/panlex-20191001-csv/2892#110826512>				<https://panlex.org/snapshot/panlex-20191001-csv/2892#110826478>		"拜六"@nan	
"Jun"@bi	<https://panlex.org/snapshot/panlex-20191001-csv/2897#110829396>				<https://panlex.org/snapshot/panlex-20191001-csv/2897#110829267>		"六月"@nan	
"Maj"@bi	<https://panlex.org/snapshot/panlex-20191001-csv/2897#110827988>				<https://panlex.org/snapshot/panlex-20191001-csv/2897#110828076>		"三月"@nan	
"Mei"@bi	<https://panlex.org/snapshot/panlex-20191001-csv/2897#110828897>				<https://panlex.org/snapshot/panlex-20191001-csv/2897#110828950>		"五月"@nan	
"Julae"@bi	<https://panlex.org/snapshot/panlex-20191001-csv/2897#110829865>				<https://panlex.org/snapshot/panlex-20191001-csv/2897#110829728>		"七月"@nan	
"Oktoba"@bi	<https://panlex.org/snapshot/panlex-20191001-csv/2897#110830970>				<https://panlex.org/snapshot/panlex-20191001-csv/2897#110831045>		"十月"@nan	
"Januware"@bi	<https://panlex.org/snapshot/panlex-20191001-csv/2897#110827051>				<https://panlex.org/snapshot/panlex-20191001-csv/2897#110827158>		"一月"@nan	
"Novemba"@bi	<https://panlex.org/snapshot/panlex-20191001-csv/2897#110831225>				<https://panlex.org/snapshot/panlex-20191001-csv/2897#110831478>		"十一月"@nan	
"Ogis"@bi	<https://panlex.org/snapshot/panlex-20191001-csv/2897#110830272>				<https://panlex.org/snapshot/panlex-20191001-csv/2897#110829955>		"八月"@nan	
"Epril"@bi	<https://panlex.org/snapshot/panlex-20191001-csv/2897#110828667>				<https://panlex.org/snapshot/panlex-20191001-csv/2897#110828267>		"四月"@nan	
"Desemba"@bi	<https://panlex.org/snapshot/panlex-20191001-csv/2897#110831788>				<https://panlex.org/snapshot/panlex-20191001-csv/2897#110831626>		"十二月"@nan	
"Septemba"@bi	<https://panlex.org/snapshot/panlex-20191001-csv/2897#110830681>				<https://panlex.org/snapshot/panlex-20191001-csv/2897#110830640>		"九月"@nan	
"Februari"@bi	<https://panlex.org/snapshot/panlex-20191001-csv/2897#110827620>				<https://panlex.org/snapshot/panlex-20191001-csv/2897#110827481>		"二月"@nan	
