"mira"@bi	<https://panlex.org/snapshot/panlex-20191001-csv/5946#84446127>				<https://panlex.org/snapshot/panlex-20191001-csv/5946#84446356>		"गेलुङ"@xsr	
"Ogis"@bi	<https://panlex.org/snapshot/panlex-20191001-csv/5949#85329284>				<https://panlex.org/snapshot/panlex-20191001-csv/5949#85329551>		"दावा ग्येपा"@xsr	
"Wenesde"@bi	<https://panlex.org/snapshot/panlex-20191001-csv/2892#110824980>				<https://panlex.org/snapshot/panlex-20191001-csv/2892#110825085>		"जा ल्हक्पा"@xsr	
"Tusde"@bi	<https://panlex.org/snapshot/panlex-20191001-csv/2892#110824575>				<https://panlex.org/snapshot/panlex-20191001-csv/2892#110824814>		"जा मिङमार"@xsr	
"Mande"@bi	<https://panlex.org/snapshot/panlex-20191001-csv/2892#110824136>				<https://panlex.org/snapshot/panlex-20191001-csv/2892#110824056>		"जा दावा"@xsr	
"Sande"@bi	<https://panlex.org/snapshot/panlex-20191001-csv/2892#110826942>				<https://panlex.org/snapshot/panlex-20191001-csv/2892#110826805>		"जा ङिमा"@xsr	
"Fraede"@bi	<https://panlex.org/snapshot/panlex-20191001-csv/2892#110825789>				<https://panlex.org/snapshot/panlex-20191001-csv/2892#110825739>		"जा पासाङ"@xsr	
"Tosde"@bi	<https://panlex.org/snapshot/panlex-20191001-csv/2892#110825605>				<https://panlex.org/snapshot/panlex-20191001-csv/2892#110825613>		"जा फुर्वा"@xsr	
"Sarede"@bi	<https://panlex.org/snapshot/panlex-20191001-csv/2892#110826512>				<https://panlex.org/snapshot/panlex-20191001-csv/2892#110826187>		"जा पेम्बा"@xsr	
"Jun"@bi	<https://panlex.org/snapshot/panlex-20191001-csv/2897#110829396>				<https://panlex.org/snapshot/panlex-20191001-csv/2897#110829473>		"दावा टुक्पा"@xsr	
"Maj"@bi	<https://panlex.org/snapshot/panlex-20191001-csv/2897#110827988>				<https://panlex.org/snapshot/panlex-20191001-csv/2897#110827905>		"दावा सुम्बा"@xsr	
"Mei"@bi	<https://panlex.org/snapshot/panlex-20191001-csv/2897#110828897>				<https://panlex.org/snapshot/panlex-20191001-csv/2897#110828730>		"दावा ङवा"@xsr	
"Julae"@bi	<https://panlex.org/snapshot/panlex-20191001-csv/2897#110829865>				<https://panlex.org/snapshot/panlex-20191001-csv/2897#110829700>		"दावा दिन्बा"@xsr	
"Oktoba"@bi	<https://panlex.org/snapshot/panlex-20191001-csv/2897#110830970>				<https://panlex.org/snapshot/panlex-20191001-csv/2897#110830961>		"दावा च्युवा"@xsr	
"Januware"@bi	<https://panlex.org/snapshot/panlex-20191001-csv/2897#110827051>				<https://panlex.org/snapshot/panlex-20191001-csv/2897#110827270>		"दावा तङबु"@xsr	
"Novemba"@bi	<https://panlex.org/snapshot/panlex-20191001-csv/2897#110831225>				<https://panlex.org/snapshot/panlex-20191001-csv/2897#110831494>		"दावा च्युचीक्पा"@xsr	
"Ogis"@bi	<https://panlex.org/snapshot/panlex-20191001-csv/2897#110830272>				<https://panlex.org/snapshot/panlex-20191001-csv/2897#110830145>		"दावा ग्येपा"@xsr	
"Epril"@bi	<https://panlex.org/snapshot/panlex-20191001-csv/2897#110828667>				<https://panlex.org/snapshot/panlex-20191001-csv/2897#110828259>		"दावा जिवा"@xsr	
"Desemba"@bi	<https://panlex.org/snapshot/panlex-20191001-csv/2897#110831788>				<https://panlex.org/snapshot/panlex-20191001-csv/2897#110831648>		"दावा चिङीवा"@xsr	
"Septemba"@bi	<https://panlex.org/snapshot/panlex-20191001-csv/2897#110830681>				<https://panlex.org/snapshot/panlex-20191001-csv/2897#110830712>		"दावा गुवा"@xsr	
"Februari"@bi	<https://panlex.org/snapshot/panlex-20191001-csv/2897#110827620>				<https://panlex.org/snapshot/panlex-20191001-csv/2897#110827500>		"दावा ङिपा"@xsr	
