"Gaboni"@ksb	<https://panlex.org/snapshot/panlex-20191001-csv/6898#113585183>				<https://panlex.org/snapshot/panlex-20191001-csv/6898#113585233>		"加蓬"@cmn	
"Gaboni"@ksb	<https://panlex.org/snapshot/panlex-20191001-csv/6898#113585183>				<https://panlex.org/snapshot/panlex-20191001-csv/6898#113585182>		"加彭"@cmn	
"Gaboni"@ksb	<https://panlex.org/snapshot/panlex-20191001-csv/6898#113585183>				<https://panlex.org/snapshot/panlex-20191001-csv/6898#113585143>		"加蓬"@cmn	
"Fiji"@ksb	<https://panlex.org/snapshot/panlex-20191001-csv/6898#113629918>				<https://panlex.org/snapshot/panlex-20191001-csv/6898#113629997>		"斐济"@cmn	
"Fiji"@ksb	<https://panlex.org/snapshot/panlex-20191001-csv/6898#113629918>				<https://panlex.org/snapshot/panlex-20191001-csv/6898#113629830>		"斐濟"@cmn	
"Katali"@ksb	<https://panlex.org/snapshot/panlex-20191001-csv/6898#113636904>				<https://panlex.org/snapshot/panlex-20191001-csv/6898#113636890>		"卡達"@cmn	
"Katali"@ksb	<https://panlex.org/snapshot/panlex-20191001-csv/6898#113636904>				<https://panlex.org/snapshot/panlex-20191001-csv/6898#113636893>		"卡塔尔"@cmn	
"Katali"@ksb	<https://panlex.org/snapshot/panlex-20191001-csv/6898#113636904>				<https://panlex.org/snapshot/panlex-20191001-csv/6898#113636884>		"卡塔爾"@cmn	
"Santavisenti na Glenadini"@ksb	<https://panlex.org/snapshot/panlex-20191001-csv/6898#113611914>				<https://panlex.org/snapshot/panlex-20191001-csv/6898#113611901>		"圣文森特和格林纳丁斯"@cmn	
"Santavisenti na Glenadini"@ksb	<https://panlex.org/snapshot/panlex-20191001-csv/6898#113611914>				<https://panlex.org/snapshot/panlex-20191001-csv/6898#113611772>		"聖文森特和格林納丁斯"@cmn	
"Santavisenti na Glenadini"@ksb	<https://panlex.org/snapshot/panlex-20191001-csv/6898#113611914>				<https://panlex.org/snapshot/panlex-20191001-csv/6898#113611872>		"聖文森及格瑞那丁"@cmn	
"Almenia"@ksb	<https://panlex.org/snapshot/panlex-20191001-csv/6898#113596519>				<https://panlex.org/snapshot/panlex-20191001-csv/6898#113596543>		"亞美尼亞"@cmn	
"Almenia"@ksb	<https://panlex.org/snapshot/panlex-20191001-csv/6898#113596519>				<https://panlex.org/snapshot/panlex-20191001-csv/6898#113596577>		"亚美尼亚"@cmn	
"Liyunioni"@ksb	<https://panlex.org/snapshot/panlex-20191001-csv/6898#113591552>				<https://panlex.org/snapshot/panlex-20191001-csv/6898#113591539>		"留尼汪"@cmn	
"Liyunioni"@ksb	<https://panlex.org/snapshot/panlex-20191001-csv/6898#113591552>				<https://panlex.org/snapshot/panlex-20191001-csv/6898#113591558>		"留尼旺"@cmn	
"Moloko"@ksb	<https://panlex.org/snapshot/panlex-20191001-csv/6898#113635966>				<https://panlex.org/snapshot/panlex-20191001-csv/6898#113635909>		"摩洛哥"@cmn	
"Moloko"@ksb	<https://panlex.org/snapshot/panlex-20191001-csv/6898#113635966>				<https://panlex.org/snapshot/panlex-20191001-csv/6898#113636045>		"摩洛哥"@cmn	
"Ekwado"@ksb	<https://panlex.org/snapshot/panlex-20191001-csv/6898#113610911>				<https://panlex.org/snapshot/panlex-20191001-csv/6898#113610949>		"厄瓜多尔"@cmn	
"Ekwado"@ksb	<https://panlex.org/snapshot/panlex-20191001-csv/6898#113610911>				<https://panlex.org/snapshot/panlex-20191001-csv/6898#113610938>		"厄瓜多爾"@cmn	
"Ekwado"@ksb	<https://panlex.org/snapshot/panlex-20191001-csv/6898#113610911>				<https://panlex.org/snapshot/panlex-20191001-csv/6898#113611071>		"厄瓜多"@cmn	
"Albania"@ksb	<https://panlex.org/snapshot/panlex-20191001-csv/6898#113637622>				<https://panlex.org/snapshot/panlex-20191001-csv/6898#113637660>		"阿爾巴尼亞"@cmn	
"Albania"@ksb	<https://panlex.org/snapshot/panlex-20191001-csv/6898#113637622>				<https://panlex.org/snapshot/panlex-20191001-csv/6898#113637672>		"阿尔巴尼亚"@cmn	
"Santapieli na Mikeloni"@ksb	<https://panlex.org/snapshot/panlex-20191001-csv/6898#113589080>				<https://panlex.org/snapshot/panlex-20191001-csv/6898#113589019>		"圣皮埃尔和密克隆群岛"@cmn	
"Santapieli na Mikeloni"@ksb	<https://panlex.org/snapshot/panlex-20191001-csv/6898#113589080>				<https://panlex.org/snapshot/panlex-20191001-csv/6898#113589061>		"聖皮埃爾和密克隆群島"@cmn	
"Malesia"@ksb	<https://panlex.org/snapshot/panlex-20191001-csv/6898#113584692>				<https://panlex.org/snapshot/panlex-20191001-csv/6898#113584803>		"馬來西亞"@cmn	
"Malesia"@ksb	<https://panlex.org/snapshot/panlex-20191001-csv/6898#113584692>				<https://panlex.org/snapshot/panlex-20191001-csv/6898#113584793>		"马来西亚"@cmn	
"Tajikistani"@ksb	<https://panlex.org/snapshot/panlex-20191001-csv/6898#113590284>				<https://panlex.org/snapshot/panlex-20191001-csv/6898#113590115>		"塔吉克"@cmn	
"Tajikistani"@ksb	<https://panlex.org/snapshot/panlex-20191001-csv/6898#113590284>				<https://panlex.org/snapshot/panlex-20191001-csv/6898#113590222>		"塔吉克斯坦"@cmn	
"Vietinamu"@ksb	<https://panlex.org/snapshot/panlex-20191001-csv/6898#113623543>				<https://panlex.org/snapshot/panlex-20191001-csv/6898#113623590>		"越南"@cmn	
"Vietinamu"@ksb	<https://panlex.org/snapshot/panlex-20191001-csv/6898#113623543>				<https://panlex.org/snapshot/panlex-20191001-csv/6898#113623522>		"越南"@cmn	
"Santalusia"@ksb	<https://panlex.org/snapshot/panlex-20191001-csv/6898#113621959>				<https://panlex.org/snapshot/panlex-20191001-csv/6898#113621873>		"聖露西亞"@cmn	
"Santalusia"@ksb	<https://panlex.org/snapshot/panlex-20191001-csv/6898#113621959>				<https://panlex.org/snapshot/panlex-20191001-csv/6898#113622007>		"聖盧西亞"@cmn	
"Santalusia"@ksb	<https://panlex.org/snapshot/panlex-20191001-csv/6898#113621959>				<https://panlex.org/snapshot/panlex-20191001-csv/6898#113621901>		"圣卢西亚"@cmn	
"Gwatemala"@ksb	<https://panlex.org/snapshot/panlex-20191001-csv/6898#113600361>				<https://panlex.org/snapshot/panlex-20191001-csv/6898#113600441>		"瓜地馬拉"@cmn	
"Gwatemala"@ksb	<https://panlex.org/snapshot/panlex-20191001-csv/6898#113600361>				<https://panlex.org/snapshot/panlex-20191001-csv/6898#113600486>		"危地馬拉"@cmn	
"Gwatemala"@ksb	<https://panlex.org/snapshot/panlex-20191001-csv/6898#113600361>				<https://panlex.org/snapshot/panlex-20191001-csv/6898#113600351>		"危地马拉"@cmn	
"Maulitania"@ksb	<https://panlex.org/snapshot/panlex-20191001-csv/6898#113636500>				<https://panlex.org/snapshot/panlex-20191001-csv/6898#113636380>		"毛里塔尼亞"@cmn	
"Maulitania"@ksb	<https://panlex.org/snapshot/panlex-20191001-csv/6898#113636500>				<https://panlex.org/snapshot/panlex-20191001-csv/6898#113636367>		"毛里塔尼亚"@cmn	
"Maulitania"@ksb	<https://panlex.org/snapshot/panlex-20191001-csv/6898#113636500>				<https://panlex.org/snapshot/panlex-20191001-csv/6898#113636515>		"茅利塔尼亞"@cmn	
"Ufini"@ksb	<https://panlex.org/snapshot/panlex-20191001-csv/6898#113641470>				<https://panlex.org/snapshot/panlex-20191001-csv/6898#113641626>		"芬兰"@cmn	
"Ufini"@ksb	<https://panlex.org/snapshot/panlex-20191001-csv/6898#113641470>				<https://panlex.org/snapshot/panlex-20191001-csv/6898#113641502>		"芬蘭"@cmn	
"Visiwa vya Falkland"@ksb	<https://panlex.org/snapshot/panlex-20191001-csv/6898#113643066>				<https://panlex.org/snapshot/panlex-20191001-csv/6898#113643004>		"福克蘭群島"@cmn	
"Visiwa vya Falkland"@ksb	<https://panlex.org/snapshot/panlex-20191001-csv/6898#113643066>				<https://panlex.org/snapshot/panlex-20191001-csv/6898#113642898>		"福克兰群岛（马尔维纳斯群岛）"@cmn	
"Visiwa vya Falkland"@ksb	<https://panlex.org/snapshot/panlex-20191001-csv/6898#113643066>				<https://panlex.org/snapshot/panlex-20191001-csv/6898#113642897>		"福克兰群岛"@cmn	
"Visiwa vya Falkland"@ksb	<https://panlex.org/snapshot/panlex-20191001-csv/6898#113643066>				<https://panlex.org/snapshot/panlex-20191001-csv/6898#113643039>		"福克蘭群島（馬爾維納斯群島）"@cmn	
"Angola"@ksb	<https://panlex.org/snapshot/panlex-20191001-csv/6898#113599899>				<https://panlex.org/snapshot/panlex-20191001-csv/6898#113599905>		"安哥拉"@cmn	
"Angola"@ksb	<https://panlex.org/snapshot/panlex-20191001-csv/6898#113599899>				<https://panlex.org/snapshot/panlex-20191001-csv/6898#113599961>		"安哥拉"@cmn	
"Dominika"@ksb	<https://panlex.org/snapshot/panlex-20191001-csv/6898#113599785>				<https://panlex.org/snapshot/panlex-20191001-csv/6898#113599747>		"多米尼克"@cmn	
"Dominika"@ksb	<https://panlex.org/snapshot/panlex-20191001-csv/6898#113599785>				<https://panlex.org/snapshot/panlex-20191001-csv/6898#113599813>		"多米尼克"@cmn	
"Aflika Kusini"@ksb	<https://panlex.org/snapshot/panlex-20191001-csv/6898#113613554>				<https://panlex.org/snapshot/panlex-20191001-csv/6898#113613604>		"南非"@cmn	
"Aflika Kusini"@ksb	<https://panlex.org/snapshot/panlex-20191001-csv/6898#113613554>				<https://panlex.org/snapshot/panlex-20191001-csv/6898#113613680>		"南非"@cmn	
"Nolwei"@ksb	<https://panlex.org/snapshot/panlex-20191001-csv/6898#113609894>				<https://panlex.org/snapshot/panlex-20191001-csv/6898#113609876>		"挪威"@cmn	
"Nolwei"@ksb	<https://panlex.org/snapshot/panlex-20191001-csv/6898#113609894>				<https://panlex.org/snapshot/panlex-20191001-csv/6898#113609933>		"挪威"@cmn	
"Visiwa vya Vilgin vya Malekani"@ksb	<https://panlex.org/snapshot/panlex-20191001-csv/6898#113587658>				<https://panlex.org/snapshot/panlex-20191001-csv/6898#113587763>		"美属维尔京群岛"@cmn	
"Visiwa vya Vilgin vya Malekani"@ksb	<https://panlex.org/snapshot/panlex-20191001-csv/6898#113587658>				<https://panlex.org/snapshot/panlex-20191001-csv/6898#113587628>		"美屬維爾京群島"@cmn	
"Visiwa vya Vilgin vya Malekani"@ksb	<https://panlex.org/snapshot/panlex-20191001-csv/6898#113587658>				<https://panlex.org/snapshot/panlex-20191001-csv/6898#113587755>		"美屬維京群島"@cmn	
"Ginekweta"@ksb	<https://panlex.org/snapshot/panlex-20191001-csv/6898#113634010>				<https://panlex.org/snapshot/panlex-20191001-csv/6898#113633934>		"赤道几内亚"@cmn	
"Ginekweta"@ksb	<https://panlex.org/snapshot/panlex-20191001-csv/6898#113634010>				<https://panlex.org/snapshot/panlex-20191001-csv/6898#113633986>		"赤道幾內亞"@cmn	
"Taiwani"@ksb	<https://panlex.org/snapshot/panlex-20191001-csv/6898#113605164>				<https://panlex.org/snapshot/panlex-20191001-csv/6898#113605170>		"台湾"@cmn	
"Taiwani"@ksb	<https://panlex.org/snapshot/panlex-20191001-csv/6898#113605164>				<https://panlex.org/snapshot/panlex-20191001-csv/6898#113605087>		"台灣"@cmn	
"Ufalansa"@ksb	<https://panlex.org/snapshot/panlex-20191001-csv/6898#113617966>				<https://panlex.org/snapshot/panlex-20191001-csv/6898#113617925>		"法国"@cmn	
"Ufalansa"@ksb	<https://panlex.org/snapshot/panlex-20191001-csv/6898#113617966>				<https://panlex.org/snapshot/panlex-20191001-csv/6898#113617929>		"法國"@cmn	
"Libelia"@ksb	<https://panlex.org/snapshot/panlex-20191001-csv/6898#113605556>				<https://panlex.org/snapshot/panlex-20191001-csv/6898#113605581>		"利比里亞"@cmn	
"Libelia"@ksb	<https://panlex.org/snapshot/panlex-20191001-csv/6898#113605556>				<https://panlex.org/snapshot/panlex-20191001-csv/6898#113605597>		"利比里亚"@cmn	
"Libelia"@ksb	<https://panlex.org/snapshot/panlex-20191001-csv/6898#113605556>				<https://panlex.org/snapshot/panlex-20191001-csv/6898#113605593>		"賴比瑞亞"@cmn	
"Bahama"@ksb	<https://panlex.org/snapshot/panlex-20191001-csv/6898#113592850>				<https://panlex.org/snapshot/panlex-20191001-csv/6898#113592764>		"巴哈馬"@cmn	
"Bahama"@ksb	<https://panlex.org/snapshot/panlex-20191001-csv/6898#113592850>				<https://panlex.org/snapshot/panlex-20191001-csv/6898#113592830>		"巴哈马"@cmn	
"Msumbiji"@ksb	<https://panlex.org/snapshot/panlex-20191001-csv/6898#113603271>				<https://panlex.org/snapshot/panlex-20191001-csv/6898#113603354>		"莫三比克"@cmn	
"Msumbiji"@ksb	<https://panlex.org/snapshot/panlex-20191001-csv/6898#113603271>				<https://panlex.org/snapshot/panlex-20191001-csv/6898#113603320>		"莫桑比克"@cmn	
"Msumbiji"@ksb	<https://panlex.org/snapshot/panlex-20191001-csv/6898#113603271>				<https://panlex.org/snapshot/panlex-20191001-csv/6898#113603279>		"莫桑比克"@cmn	
"Libya"@ksb	<https://panlex.org/snapshot/panlex-20191001-csv/6898#113597793>				<https://panlex.org/snapshot/panlex-20191001-csv/6898#113597801>		"利比亞"@cmn	
"Libya"@ksb	<https://panlex.org/snapshot/panlex-20191001-csv/6898#113597793>				<https://panlex.org/snapshot/panlex-20191001-csv/6898#113597747>		"利比亚"@cmn	
"Litwania"@ksb	<https://panlex.org/snapshot/panlex-20191001-csv/6898#113632073>				<https://panlex.org/snapshot/panlex-20191001-csv/6898#113631932>		"立陶宛"@cmn	
"Litwania"@ksb	<https://panlex.org/snapshot/panlex-20191001-csv/6898#113632073>				<https://panlex.org/snapshot/panlex-20191001-csv/6898#113631994>		"立陶宛"@cmn	
"Pitkailni"@ksb	<https://panlex.org/snapshot/panlex-20191001-csv/6898#113602959>				<https://panlex.org/snapshot/panlex-20191001-csv/6898#113602885>		"皮特肯群島"@cmn	
"Pitkailni"@ksb	<https://panlex.org/snapshot/panlex-20191001-csv/6898#113602959>				<https://panlex.org/snapshot/panlex-20191001-csv/6898#113602938>		"皮特凱恩島"@cmn	
"Pitkailni"@ksb	<https://panlex.org/snapshot/panlex-20191001-csv/6898#113602959>				<https://panlex.org/snapshot/panlex-20191001-csv/6898#113602916>		"皮特凯恩群岛"@cmn	
"Vanuatu"@ksb	<https://panlex.org/snapshot/panlex-20191001-csv/6898#113629052>				<https://panlex.org/snapshot/panlex-20191001-csv/6898#113629058>		"萬那杜"@cmn	
"Vanuatu"@ksb	<https://panlex.org/snapshot/panlex-20191001-csv/6898#113629052>				<https://panlex.org/snapshot/panlex-20191001-csv/6898#113628968>		"瓦努阿圖"@cmn	
"Vanuatu"@ksb	<https://panlex.org/snapshot/panlex-20191001-csv/6898#113629052>				<https://panlex.org/snapshot/panlex-20191001-csv/6898#113629060>		"瓦努阿图"@cmn	
"Malawi"@ksb	<https://panlex.org/snapshot/panlex-20191001-csv/6898#113583973>				<https://panlex.org/snapshot/panlex-20191001-csv/6898#113584036>		"馬拉維"@cmn	
"Malawi"@ksb	<https://panlex.org/snapshot/panlex-20191001-csv/6898#113583973>				<https://panlex.org/snapshot/panlex-20191001-csv/6898#113584024>		"馬拉威"@cmn	
"Malawi"@ksb	<https://panlex.org/snapshot/panlex-20191001-csv/6898#113583973>				<https://panlex.org/snapshot/panlex-20191001-csv/6898#113583905>		"马拉维"@cmn	
"Utuluki"@ksb	<https://panlex.org/snapshot/panlex-20191001-csv/6898#113612079>				<https://panlex.org/snapshot/panlex-20191001-csv/6898#113612023>		"土耳其"@cmn	
"Utuluki"@ksb	<https://panlex.org/snapshot/panlex-20191001-csv/6898#113612079>				<https://panlex.org/snapshot/panlex-20191001-csv/6898#113611968>		"土耳其"@cmn	
"Naijelia"@ksb	<https://panlex.org/snapshot/panlex-20191001-csv/6898#113624083>				<https://panlex.org/snapshot/panlex-20191001-csv/6898#113624130>		"尼日利亞"@cmn	
"Naijelia"@ksb	<https://panlex.org/snapshot/panlex-20191001-csv/6898#113624083>				<https://panlex.org/snapshot/panlex-20191001-csv/6898#113624107>		"尼日利亚"@cmn	
"Naijelia"@ksb	<https://panlex.org/snapshot/panlex-20191001-csv/6898#113624083>				<https://panlex.org/snapshot/panlex-20191001-csv/6898#113624086>		"奈及利亞"@cmn	
"Lesoto"@ksb	<https://panlex.org/snapshot/panlex-20191001-csv/6898#113594836>				<https://panlex.org/snapshot/panlex-20191001-csv/6898#113594712>		"萊索托"@cmn	
"Lesoto"@ksb	<https://panlex.org/snapshot/panlex-20191001-csv/6898#113594836>				<https://panlex.org/snapshot/panlex-20191001-csv/6898#113594851>		"賴索托"@cmn	
"Lesoto"@ksb	<https://panlex.org/snapshot/panlex-20191001-csv/6898#113594836>				<https://panlex.org/snapshot/panlex-20191001-csv/6898#113594850>		"莱索托"@cmn	
"Jamhuli ya Dominika"@ksb	<https://panlex.org/snapshot/panlex-20191001-csv/6898#113603507>				<https://panlex.org/snapshot/panlex-20191001-csv/6898#113603451>		"多明尼加共和國"@cmn	
"Jamhuli ya Dominika"@ksb	<https://panlex.org/snapshot/panlex-20191001-csv/6898#113603507>				<https://panlex.org/snapshot/panlex-20191001-csv/6898#113603534>		"多米尼加共和国"@cmn	
"Walis na Futuna"@ksb	<https://panlex.org/snapshot/panlex-20191001-csv/6898#113638650>				<https://panlex.org/snapshot/panlex-20191001-csv/6898#113638715>		"瓦利斯群島和富圖那群島"@cmn	
"Walis na Futuna"@ksb	<https://panlex.org/snapshot/panlex-20191001-csv/6898#113638650>				<https://panlex.org/snapshot/panlex-20191001-csv/6898#113638716>		"瓦利斯和富图纳"@cmn	
"Elitlea"@ksb	<https://panlex.org/snapshot/panlex-20191001-csv/6898#113587046>				<https://panlex.org/snapshot/panlex-20191001-csv/6898#113586985>		"厄利垂亞"@cmn	
"Elitlea"@ksb	<https://panlex.org/snapshot/panlex-20191001-csv/6898#113587046>				<https://panlex.org/snapshot/panlex-20191001-csv/6898#113586986>		"厄立特里亞"@cmn	
"Elitlea"@ksb	<https://panlex.org/snapshot/panlex-20191001-csv/6898#113587046>				<https://panlex.org/snapshot/panlex-20191001-csv/6898#113586914>		"厄立特里亚"@cmn	
"Singapoo"@ksb	<https://panlex.org/snapshot/panlex-20191001-csv/6898#113604859>				<https://panlex.org/snapshot/panlex-20191001-csv/6898#113604888>		"新加坡"@cmn	
"Singapoo"@ksb	<https://panlex.org/snapshot/panlex-20191001-csv/6898#113604859>				<https://panlex.org/snapshot/panlex-20191001-csv/6898#113605003>		"新加坡"@cmn	
"Venezuela"@ksb	<https://panlex.org/snapshot/panlex-20191001-csv/6898#113597505>				<https://panlex.org/snapshot/panlex-20191001-csv/6898#113597561>		"委內瑞拉"@cmn	
"Venezuela"@ksb	<https://panlex.org/snapshot/panlex-20191001-csv/6898#113597505>				<https://panlex.org/snapshot/panlex-20191001-csv/6898#113597501>		"委内瑞拉"@cmn	
"Visiwa vya Mashal"@ksb	<https://panlex.org/snapshot/panlex-20191001-csv/6898#113594960>				<https://panlex.org/snapshot/panlex-20191001-csv/6898#113595023>		"马绍尔群岛"@cmn	
"Visiwa vya Mashal"@ksb	<https://panlex.org/snapshot/panlex-20191001-csv/6898#113594960>				<https://panlex.org/snapshot/panlex-20191001-csv/6898#113594956>		"馬紹爾群島"@cmn	
"Lasembagi"@ksb	<https://panlex.org/snapshot/panlex-20191001-csv/6898#113640859>				<https://panlex.org/snapshot/panlex-20191001-csv/6898#113641033>		"卢森堡"@cmn	
"Lasembagi"@ksb	<https://panlex.org/snapshot/panlex-20191001-csv/6898#113640859>				<https://panlex.org/snapshot/panlex-20191001-csv/6898#113641042>		"盧森堡"@cmn	
"Falme za Kialabu"@ksb	<https://panlex.org/snapshot/panlex-20191001-csv/6898#113608779>				<https://panlex.org/snapshot/panlex-20191001-csv/6898#113608693>		"阿拉伯聯合酋長國"@cmn	
"Falme za Kialabu"@ksb	<https://panlex.org/snapshot/panlex-20191001-csv/6898#113608779>				<https://panlex.org/snapshot/panlex-20191001-csv/6898#113608684>		"阿拉伯聯合大公國"@cmn	
"Falme za Kialabu"@ksb	<https://panlex.org/snapshot/panlex-20191001-csv/6898#113608779>				<https://panlex.org/snapshot/panlex-20191001-csv/6898#113608729>		"阿拉伯联合酋长国"@cmn	
"Estonia"@ksb	<https://panlex.org/snapshot/panlex-20191001-csv/6898#113601526>				<https://panlex.org/snapshot/panlex-20191001-csv/6898#113601508>		"愛沙尼亞"@cmn	
"Estonia"@ksb	<https://panlex.org/snapshot/panlex-20191001-csv/6898#113601526>				<https://panlex.org/snapshot/panlex-20191001-csv/6898#113601461>		"爱沙尼亚"@cmn	
"Filipino"@ksb	<https://panlex.org/snapshot/panlex-20191001-csv/6898#113602740>				<https://panlex.org/snapshot/panlex-20191001-csv/6898#113602650>		"菲律賓"@cmn	
"Filipino"@ksb	<https://panlex.org/snapshot/panlex-20191001-csv/6898#113602740>				<https://panlex.org/snapshot/panlex-20191001-csv/6898#113602673>		"菲律宾"@cmn	
"Sulinamu"@ksb	<https://panlex.org/snapshot/panlex-20191001-csv/6898#113640760>				<https://panlex.org/snapshot/panlex-20191001-csv/6898#113640624>		"苏里南"@cmn	
"Sulinamu"@ksb	<https://panlex.org/snapshot/panlex-20191001-csv/6898#113640760>				<https://panlex.org/snapshot/panlex-20191001-csv/6898#113640751>		"蘇利南"@cmn	
"Sulinamu"@ksb	<https://panlex.org/snapshot/panlex-20191001-csv/6898#113640760>				<https://panlex.org/snapshot/panlex-20191001-csv/6898#113640666>		"蘇里南"@cmn	
"Polandi"@ksb	<https://panlex.org/snapshot/panlex-20191001-csv/6898#113642640>				<https://panlex.org/snapshot/panlex-20191001-csv/6898#113642609>		"波兰"@cmn	
"Polandi"@ksb	<https://panlex.org/snapshot/panlex-20191001-csv/6898#113642640>				<https://panlex.org/snapshot/panlex-20191001-csv/6898#113642745>		"波蘭"@cmn	
"Mayotte"@ksb	<https://panlex.org/snapshot/panlex-20191001-csv/6898#113603976>				<https://panlex.org/snapshot/panlex-20191001-csv/6898#113603899>		"馬約特"@cmn	
"Mayotte"@ksb	<https://panlex.org/snapshot/panlex-20191001-csv/6898#113603976>				<https://panlex.org/snapshot/panlex-20191001-csv/6898#113604048>		"马约特"@cmn	
"Anguilla"@ksb	<https://panlex.org/snapshot/panlex-20191001-csv/6898#113587594>				<https://panlex.org/snapshot/panlex-20191001-csv/6898#113587589>		"安圭拉"@cmn	
"Anguilla"@ksb	<https://panlex.org/snapshot/panlex-20191001-csv/6898#113587594>				<https://panlex.org/snapshot/panlex-20191001-csv/6898#113587531>		"安圭拉"@cmn	
"Papua"@ksb	<https://panlex.org/snapshot/panlex-20191001-csv/6898#113614874>				<https://panlex.org/snapshot/panlex-20191001-csv/6898#113614904>		"巴布亞新幾內亞"@cmn	
"Papua"@ksb	<https://panlex.org/snapshot/panlex-20191001-csv/6898#113614874>				<https://panlex.org/snapshot/panlex-20191001-csv/6898#113614912>		"巴布亚新几内亚"@cmn	
"Papua"@ksb	<https://panlex.org/snapshot/panlex-20191001-csv/6898#113614874>				<https://panlex.org/snapshot/panlex-20191001-csv/6898#113614922>		"巴布亞紐幾內亞"@cmn	
"Naija"@ksb	<https://panlex.org/snapshot/panlex-20191001-csv/6898#113644838>				<https://panlex.org/snapshot/panlex-20191001-csv/6898#113644877>		"尼日尔"@cmn	
"Naija"@ksb	<https://panlex.org/snapshot/panlex-20191001-csv/6898#113644838>				<https://panlex.org/snapshot/panlex-20191001-csv/6898#113644836>		"尼日"@cmn	
"Naija"@ksb	<https://panlex.org/snapshot/panlex-20191001-csv/6898#113644838>				<https://panlex.org/snapshot/panlex-20191001-csv/6898#113644782>		"尼日爾"@cmn	
"Blunei"@ksb	<https://panlex.org/snapshot/panlex-20191001-csv/6898#113616114>				<https://panlex.org/snapshot/panlex-20191001-csv/6898#113616031>		"文莱"@cmn	
"Blunei"@ksb	<https://panlex.org/snapshot/panlex-20191001-csv/6898#113616114>				<https://panlex.org/snapshot/panlex-20191001-csv/6898#113616111>		"汶萊"@cmn	
"Vatikani"@ksb	<https://panlex.org/snapshot/panlex-20191001-csv/6898#113629662>				<https://panlex.org/snapshot/panlex-20191001-csv/6898#113629803>		"梵蒂岡"@cmn	
"Vatikani"@ksb	<https://panlex.org/snapshot/panlex-20191001-csv/6898#113629662>				<https://panlex.org/snapshot/panlex-20191001-csv/6898#113629751>		"梵蒂冈"@cmn	
"Kuplosi"@ksb	<https://panlex.org/snapshot/panlex-20191001-csv/6898#113631780>				<https://panlex.org/snapshot/panlex-20191001-csv/6898#113631695>		"塞浦路斯"@cmn	
"Kuplosi"@ksb	<https://panlex.org/snapshot/panlex-20191001-csv/6898#113631780>				<https://panlex.org/snapshot/panlex-20191001-csv/6898#113631853>		"賽普勒斯"@cmn	
"Kuplosi"@ksb	<https://panlex.org/snapshot/panlex-20191001-csv/6898#113631780>				<https://panlex.org/snapshot/panlex-20191001-csv/6898#113631852>		"塞浦路斯"@cmn	
"Niue"@ksb	<https://panlex.org/snapshot/panlex-20191001-csv/6898#113641394>				<https://panlex.org/snapshot/panlex-20191001-csv/6898#113641309>		"纽埃"@cmn	
"Niue"@ksb	<https://panlex.org/snapshot/panlex-20191001-csv/6898#113641394>				<https://panlex.org/snapshot/panlex-20191001-csv/6898#113641263>		"紐埃島"@cmn	
"Shelisheli"@ksb	<https://panlex.org/snapshot/panlex-20191001-csv/6898#113602027>				<https://panlex.org/snapshot/panlex-20191001-csv/6898#113601959>		"塞席爾"@cmn	
"Shelisheli"@ksb	<https://panlex.org/snapshot/panlex-20191001-csv/6898#113602027>				<https://panlex.org/snapshot/panlex-20191001-csv/6898#113601892>		"塞舌爾"@cmn	
"Shelisheli"@ksb	<https://panlex.org/snapshot/panlex-20191001-csv/6898#113602027>				<https://panlex.org/snapshot/panlex-20191001-csv/6898#113601973>		"塞舌尔"@cmn	
"Honduasi"@ksb	<https://panlex.org/snapshot/panlex-20191001-csv/6898#113597073>				<https://panlex.org/snapshot/panlex-20191001-csv/6898#113596944>		"洪都拉斯"@cmn	
"Honduasi"@ksb	<https://panlex.org/snapshot/panlex-20191001-csv/6898#113597073>				<https://panlex.org/snapshot/panlex-20191001-csv/6898#113596976>		"洪都拉斯"@cmn	
"Honduasi"@ksb	<https://panlex.org/snapshot/panlex-20191001-csv/6898#113597073>				<https://panlex.org/snapshot/panlex-20191001-csv/6898#113596970>		"宏都拉斯"@cmn	
