"singa"@qva	<https://panlex.org/snapshot/panlex-20191001-csv/2283#100310112>				<https://panlex.org/snapshot/panlex-20191001-csv/2283#100310111>		"nariz"@es	
"si"@qva	<https://panlex.org/snapshot/panlex-20191001-csv/2283#100310110>				<https://panlex.org/snapshot/panlex-20191001-csv/2283#100310108>		"nadie"@es	<https://panlex.org/Pronominal>
"si"@qva	<https://panlex.org/snapshot/panlex-20191001-csv/2283#100309609>				<https://panlex.org/snapshot/panlex-20191001-csv/2283#100309607>		"algo"@es	<https://panlex.org/Pronominal>
"si"@qva	<https://panlex.org/snapshot/panlex-20191001-csv/2283#100309612>				<https://panlex.org/snapshot/panlex-20191001-csv/2283#100309610>		"alguien"@es	<https://panlex.org/Pronominal>
"si"@qva	<https://panlex.org/snapshot/panlex-20191001-csv/2283#100310107>				<https://panlex.org/snapshot/panlex-20191001-csv/2283#100310105>		"nada"@es	<https://panlex.org/Pronominal>
"canan"@qva	<https://panlex.org/snapshot/panlex-20191001-csv/2283#100310000>				<https://panlex.org/snapshot/panlex-20191001-csv/2283#100309999>		"hoy"@es	<https://panlex.org/Adverbial>
"jatiy"@qva	<https://panlex.org/snapshot/panlex-20191001-csv/2283#100310084>				<https://panlex.org/snapshot/panlex-20191001-csv/2283#100310083>		"meter"@es	<https://panlex.org/TransitiveVerb>
"acapa"@qva	<https://panlex.org/snapshot/panlex-20191001-csv/2283#100309799>				<https://panlex.org/snapshot/panlex-20191001-csv/2283#100309798>		"chico"@es	<https://panlex.org/Adjectival>
"shucuy"@qva	<https://panlex.org/snapshot/panlex-20191001-csv/2283#100310254>				<https://panlex.org/snapshot/panlex-20191001-csv/2283#100310253>		"sandalia"@es	
"usha+cay"@qva	<https://panlex.org/snapshot/panlex-20191001-csv/2283#100310325>				<https://panlex.org/snapshot/panlex-20191001-csv/2283#100310324>		"terminarse"@es	<https://panlex.org/Verbal>
"usha+cay"@qva	<https://panlex.org/snapshot/panlex-20191001-csv/2283#100309596>				<https://panlex.org/snapshot/panlex-20191001-csv/2283#100309594>		"agotarse"@es	<https://panlex.org/Verbal>
"usha+cay"@qva	<https://panlex.org/snapshot/panlex-20191001-csv/2283#100309596>				<https://panlex.org/snapshot/panlex-20191001-csv/2283#100309595>		"terminarse"@es	<https://panlex.org/Verbal>
"yarpUy"@qva	<https://panlex.org/snapshot/panlex-20191001-csv/2283#100309670>				<https://panlex.org/snapshot/panlex-20191001-csv/2283#100309669>		"bajar"@es	<https://panlex.org/IntransitiveVerb>
"wañu+chiy"@qva	<https://panlex.org/snapshot/panlex-20191001-csv/2283#100310070>				<https://panlex.org/snapshot/panlex-20191001-csv/2283#100310069>		"matar"@es	<https://panlex.org/TransitiveVerb>
"shincay"@qva	<https://panlex.org/snapshot/panlex-20191001-csv/2283#100309867>				<https://panlex.org/snapshot/panlex-20191001-csv/2283#100309865>		"emborracharse"@es	<https://panlex.org/Verbal>
"yanta"@qva	<https://panlex.org/snapshot/panlex-20191001-csv/2283#100310030>				<https://panlex.org/snapshot/panlex-20191001-csv/2283#100310029>		"leña"@es	
"mösu"@qva	<https://panlex.org/snapshot/panlex-20191001-csv/2283#100310016>				<https://panlex.org/snapshot/panlex-20191001-csv/2283#100310015>		"joven"@es	<https://panlex.org/AdjectivalNoun>
"pacha"@qva	<https://panlex.org/snapshot/panlex-20191001-csv/2283#100310331>				<https://panlex.org/snapshot/panlex-20191001-csv/2283#100310330>		"tierra"@es	
"pacha"@qva	<https://panlex.org/snapshot/panlex-20191001-csv/2283#100310100>				<https://panlex.org/snapshot/panlex-20191001-csv/2283#100310099>		"mundo"@es	
"upuy"@qva	<https://panlex.org/snapshot/panlex-20191001-csv/2283#100310337>				<https://panlex.org/snapshot/panlex-20191001-csv/2283#100310336>		"tomar"@es	<https://panlex.org/TransitiveVerb>
"upuy"@qva	<https://panlex.org/snapshot/panlex-20191001-csv/2283#100309690>				<https://panlex.org/snapshot/panlex-20191001-csv/2283#100309689>		"beber"@es	<https://panlex.org/TransitiveVerb>
"baña+chiy"@qva	<https://panlex.org/snapshot/panlex-20191001-csv/2283#100309672>				<https://panlex.org/snapshot/panlex-20191001-csv/2283#100309671>		"bañar"@es	<https://panlex.org/TransitiveVerb>
"away"@qva	<https://panlex.org/snapshot/panlex-20191001-csv/2283#100310312>				<https://panlex.org/snapshot/panlex-20191001-csv/2283#100310311>		"tejer"@es	<https://panlex.org/TransitiveVerb>
"mañay"@qva	<https://panlex.org/snapshot/panlex-20191001-csv/2283#100310176>				<https://panlex.org/snapshot/panlex-20191001-csv/2283#100310175>		"pedir"@es	<https://panlex.org/TransitiveVerb>
"Chaqui"@qva	<https://panlex.org/snapshot/panlex-20191001-csv/2283#100310262>				<https://panlex.org/snapshot/panlex-20191001-csv/2283#100310261>		"seco"@es	<https://panlex.org/Adjectival>
"wata"@qva	<https://panlex.org/snapshot/panlex-20191001-csv/2283#100309639>				<https://panlex.org/snapshot/panlex-20191001-csv/2283#100309638>		"año"@es	
"yarpay"@qva	<https://panlex.org/snapshot/panlex-20191001-csv/2283#100310225>				<https://panlex.org/snapshot/panlex-20191001-csv/2283#100310224>		"recordar"@es	<https://panlex.org/TransitiveVerb>
"yarpay"@qva	<https://panlex.org/snapshot/panlex-20191001-csv/2283#100310182>				<https://panlex.org/snapshot/panlex-20191001-csv/2283#100310181>		"pensar"@es	<https://panlex.org/TransitiveVerb>
"shimi"@qva	<https://panlex.org/snapshot/panlex-20191001-csv/2283#100309698>				<https://panlex.org/snapshot/panlex-20191001-csv/2283#100309697>		"boca"@es	
"ishquiy"@qva	<https://panlex.org/snapshot/panlex-20191001-csv/2283#100309716>				<https://panlex.org/snapshot/panlex-20191001-csv/2283#100309714>		"caer"@es	<https://panlex.org/IntransitiveVerb>
"Puclay"@qva	<https://panlex.org/snapshot/panlex-20191001-csv/2283#100310020>				<https://panlex.org/snapshot/panlex-20191001-csv/2283#100310019>		"jugar"@es	<https://panlex.org/TransitiveVerb>
"pichga"@qva	<https://panlex.org/snapshot/panlex-20191001-csv/2283#100309736>				<https://panlex.org/snapshot/panlex-20191001-csv/2283#100309735>		"cinco"@es	<https://panlex.org/Adjectival>
"wäca"@qva	<https://panlex.org/snapshot/panlex-20191001-csv/2283#100310363>				<https://panlex.org/snapshot/panlex-20191001-csv/2283#100310362>		"vaca"@es	
"alay"@qva	<https://panlex.org/snapshot/panlex-20191001-csv/2283#100309933>				<https://panlex.org/snapshot/panlex-20191001-csv/2283#100309932>		"excavar"@es	<https://panlex.org/TransitiveVerb>
"alay"@qva	<https://panlex.org/snapshot/panlex-20191001-csv/2283#100309770>				<https://panlex.org/snapshot/panlex-20191001-csv/2283#100309769>		"cosechar"@es	<https://panlex.org/TransitiveVerb>
"runa"@qva	<https://panlex.org/snapshot/panlex-20191001-csv/2283#100309992>				<https://panlex.org/snapshot/panlex-20191001-csv/2283#100309991>		"hombre"@es	
"runa"@qva	<https://panlex.org/snapshot/panlex-20191001-csv/2283#100309922>				<https://panlex.org/snapshot/panlex-20191001-csv/2283#100309920>		"esposo"@es	
"caway"@qva	<https://panlex.org/snapshot/panlex-20191001-csv/2283#100310395>				<https://panlex.org/snapshot/panlex-20191001-csv/2283#100310394>		"vivir"@es	<https://panlex.org/IntransitiveVerb>
"ima+pis"@qva	<https://panlex.org/snapshot/panlex-20191001-csv/2283#100309608>				<https://panlex.org/snapshot/panlex-20191001-csv/2283#100309607>		"algo"@es	<https://panlex.org/Pronominal>
"yanuy"@qva	<https://panlex.org/snapshot/panlex-20191001-csv/2283#100309738>				<https://panlex.org/snapshot/panlex-20191001-csv/2283#100309737>		"cocinar"@es	<https://panlex.org/TransitiveVerb>
"chacha"@qva	<https://panlex.org/snapshot/panlex-20191001-csv/2283#100309628>				<https://panlex.org/snapshot/panlex-20191001-csv/2283#100309627>		"anciana"@es	
"chacha"@qva	<https://panlex.org/snapshot/panlex-20191001-csv/2283#100309632>				<https://panlex.org/snapshot/panlex-20191001-csv/2283#100309631>		"anciano"@es	
"yali"@qva	<https://panlex.org/snapshot/panlex-20191001-csv/2283#100309950>				<https://panlex.org/snapshot/panlex-20191001-csv/2283#100309949>		"ganar"@es	<https://panlex.org/TransitiveVerb>
"yanta+cUy"@qva	<https://panlex.org/snapshot/panlex-20191001-csv/2283#100309764>				<https://panlex.org/snapshot/panlex-20191001-csv/2283#100309763>		"cortar"@es	<https://panlex.org/TransitiveVerb>
"mayu"@qva	<https://panlex.org/snapshot/panlex-20191001-csv/2283#100310236>				<https://panlex.org/snapshot/panlex-20191001-csv/2283#100310235>		"río"@es	
"canan öra"@qva	<https://panlex.org/snapshot/panlex-20191001-csv/2283#100309600>				<https://panlex.org/snapshot/panlex-20191001-csv/2283#100309599>		"ahora"@es	<https://panlex.org/Adverbial>
"punchu"@qva	<https://panlex.org/snapshot/panlex-20191001-csv/2283#100310203>				<https://panlex.org/snapshot/panlex-20191001-csv/2283#100310202>		"poncho"@es	
"sogta"@qva	<https://panlex.org/snapshot/panlex-20191001-csv/2283#100310266>				<https://panlex.org/snapshot/panlex-20191001-csv/2283#100310265>		"seis"@es	<https://panlex.org/Adjectival>
"shanay"@qva	<https://panlex.org/snapshot/panlex-20191001-csv/2283#100309968>				<https://panlex.org/snapshot/panlex-20191001-csv/2283#100309967>		"hacer calor"@es	<https://panlex.org/IntransitiveVerb>
"fiyu"@qva	<https://panlex.org/snapshot/panlex-20191001-csv/2283#100310052>				<https://panlex.org/snapshot/panlex-20191001-csv/2283#100310051>		"malo"@es	<https://panlex.org/Adjectival>
"willay"@qva	<https://panlex.org/snapshot/panlex-20191001-csv/2283#100309663>				<https://panlex.org/snapshot/panlex-20191001-csv/2283#100309662>		"avisar"@es	<https://panlex.org/TransitiveVerb>
"willay"@qva	<https://panlex.org/snapshot/panlex-20191001-csv/2283#100310008>				<https://panlex.org/snapshot/panlex-20191001-csv/2283#100310007>		"informar"@es	<https://panlex.org/TransitiveVerb>
"wira"@qva	<https://panlex.org/snapshot/panlex-20191001-csv/2283#100309958>				<https://panlex.org/snapshot/panlex-20191001-csv/2283#100309957>		"grasa"@es	
"jacu"@qva	<https://panlex.org/snapshot/panlex-20191001-csv/2283#100310062>				<https://panlex.org/snapshot/panlex-20191001-csv/2283#100310061>		"manta"@es	
"gueshya"@qva	<https://panlex.org/snapshot/panlex-20191001-csv/2283#100309881>				<https://panlex.org/snapshot/panlex-20191001-csv/2283#100309880>		"enfermedad"@es	
"cuchi"@qva	<https://panlex.org/snapshot/panlex-20191001-csv/2283#100309794>				<https://panlex.org/snapshot/panlex-20191001-csv/2283#100309793>		"chancho"@es	
"gatiy"@qva	<https://panlex.org/snapshot/panlex-20191001-csv/2283#100310264>				<https://panlex.org/snapshot/panlex-20191001-csv/2283#100310263>		"seguir"@es	<https://panlex.org/TransitiveVerb>
"jana+ga"@qva	<https://panlex.org/snapshot/panlex-20191001-csv/2283#100309655>				<https://panlex.org/snapshot/panlex-20191001-csv/2283#100309654>		"arriba de"@es	<https://panlex.org/Adverbial>
"gongay"@qva	<https://panlex.org/snapshot/panlex-20191001-csv/2283#100310147>				<https://panlex.org/snapshot/panlex-20191001-csv/2283#100310146>		"olvidar"@es	<https://panlex.org/TransitiveVerb>
"turmanya"@qva	<https://panlex.org/snapshot/panlex-20191001-csv/2283#100309653>				<https://panlex.org/snapshot/panlex-20191001-csv/2283#100309652>		"arco iris"@es	
"gotuy"@qva	<https://panlex.org/snapshot/panlex-20191001-csv/2283#100310234>				<https://panlex.org/snapshot/panlex-20191001-csv/2283#100310232>		"reunir"@es	<https://panlex.org/TransitiveVerb>
"mishquiy"@qva	<https://panlex.org/snapshot/panlex-20191001-csv/2283#100310316>				<https://panlex.org/snapshot/panlex-20191001-csv/2283#100310315>		"tener"@es	<https://panlex.org/TransitiveVerb>
"laquiy"@qva	<https://panlex.org/snapshot/panlex-20191001-csv/2283#100309892>				<https://panlex.org/snapshot/panlex-20191001-csv/2283#100309891>		"entristecerse"@es	<https://panlex.org/Verbal>
"ïllay"@qva	<https://panlex.org/snapshot/panlex-20191001-csv/2283#100309942>				<https://panlex.org/snapshot/panlex-20191001-csv/2283#100309940>		"frío"@es	
"chacwan"@qva	<https://panlex.org/snapshot/panlex-20191001-csv/2283#100309626>				<https://panlex.org/snapshot/panlex-20191001-csv/2283#100309625>		"anciana"@es	
"yacu+nay"@qva	<https://panlex.org/snapshot/panlex-20191001-csv/2283#100310321>				<https://panlex.org/snapshot/panlex-20191001-csv/2283#100310320>		"tener"@es	<https://panlex.org/TransitiveVerb>
"cachri"@qva	<https://panlex.org/snapshot/panlex-20191001-csv/2283#100310246>				<https://panlex.org/snapshot/panlex-20191001-csv/2283#100310245>		"sal"@es	
"ganchris"@qva	<https://panlex.org/snapshot/panlex-20191001-csv/2283#100310289>				<https://panlex.org/snapshot/panlex-20191001-csv/2283#100310288>		"siete"@es	<https://panlex.org/Adjectival>
"chrunca jucnin"@qva	<https://panlex.org/snapshot/panlex-20191001-csv/2283#100310153>				<https://panlex.org/snapshot/panlex-20191001-csv/2283#100310152>		"once"@es	<https://panlex.org/Adjectival>
"cay"@qva	<https://panlex.org/snapshot/panlex-20191001-csv/2283#100309927>				<https://panlex.org/snapshot/panlex-20191001-csv/2283#100309926>		"esta"@es	<https://panlex.org/Adjectival>
"cay"@qva	<https://panlex.org/snapshot/panlex-20191001-csv/2283#100309927>				<https://panlex.org/snapshot/panlex-20191001-csv/2283#100309925>		"este"@es	<https://panlex.org/Adjectival>
"cay"@qva	<https://panlex.org/snapshot/panlex-20191001-csv/2283#100309931>				<https://panlex.org/snapshot/panlex-20191001-csv/2283#100309930>		"esto"@es	<https://panlex.org/Pronominal>
"cay"@qva	<https://panlex.org/snapshot/panlex-20191001-csv/2283#100309931>				<https://panlex.org/snapshot/panlex-20191001-csv/2283#100309929>		"ésta"@es	<https://panlex.org/Pronominal>
"cay"@qva	<https://panlex.org/snapshot/panlex-20191001-csv/2283#100309931>				<https://panlex.org/snapshot/panlex-20191001-csv/2283#100309928>		"éste"@es	<https://panlex.org/Pronominal>
"cay"@qva	<https://panlex.org/snapshot/panlex-20191001-csv/2283#100310281>				<https://panlex.org/snapshot/panlex-20191001-csv/2283#100310280>		"ser"@es	<https://panlex.org/IntransitiveVerb>
"cay"@qva	<https://panlex.org/snapshot/panlex-20191001-csv/2283#100309924>				<https://panlex.org/snapshot/panlex-20191001-csv/2283#100309923>		"estar"@es	<https://panlex.org/IntransitiveVerb>
"runtu"@qva	<https://panlex.org/snapshot/panlex-20191001-csv/2283#100310327>				<https://panlex.org/snapshot/panlex-20191001-csv/2283#100310326>		"testículo"@es	
"runtu"@qva	<https://panlex.org/snapshot/panlex-20191001-csv/2283#100310004>				<https://panlex.org/snapshot/panlex-20191001-csv/2283#100310003>		"huevo"@es	
"jamay"@qva	<https://panlex.org/snapshot/panlex-20191001-csv/2283#100310272>				<https://panlex.org/snapshot/panlex-20191001-csv/2283#100310271>		"sentarse"@es	<https://panlex.org/Verbal>
"jamay"@qva	<https://panlex.org/snapshot/panlex-20191001-csv/2283#100309817>				<https://panlex.org/snapshot/panlex-20191001-csv/2283#100309816>		"descansar"@es	<https://panlex.org/IntransitiveVerb>
"äri"@qva	<https://panlex.org/snapshot/panlex-20191001-csv/2283#100310285>				<https://panlex.org/snapshot/panlex-20191001-csv/2283#100310284>		"sí"@es	<https://panlex.org/Adverbial>
"chariy"@qva	<https://panlex.org/snapshot/panlex-20191001-csv/2283#100309593>				<https://panlex.org/snapshot/panlex-20191001-csv/2283#100309592>		"agarrar"@es	<https://panlex.org/TransitiveVerb>
"pay+cuna"@qva	<https://panlex.org/snapshot/panlex-20191001-csv/2283#100309864>				<https://panlex.org/snapshot/panlex-20191001-csv/2283#100309863>		"ellos"@es	<https://panlex.org/PersonalPronoun>
"garay"@qva	<https://panlex.org/snapshot/panlex-20191001-csv/2283#100309805>				<https://panlex.org/snapshot/panlex-20191001-csv/2283#100309804>		"dar"@es	<https://panlex.org/TransitiveVerb>
"shongu"@qva	<https://panlex.org/snapshot/panlex-20191001-csv/2283#100309754>				<https://panlex.org/snapshot/panlex-20191001-csv/2283#100309753>		"corazón"@es	
"chriquiy"@qva	<https://panlex.org/snapshot/panlex-20191001-csv/2283#100310141>				<https://panlex.org/snapshot/panlex-20191001-csv/2283#100310140>		"odiar"@es	<https://panlex.org/TransitiveVerb>
"chrunca"@qva	<https://panlex.org/snapshot/panlex-20191001-csv/2283#100309835>				<https://panlex.org/snapshot/panlex-20191001-csv/2283#100309834>		"diez"@es	<https://panlex.org/Adjectival>
"yachra+cay"@qva	<https://panlex.org/snapshot/panlex-20191001-csv/2283#100309587>				<https://panlex.org/snapshot/panlex-20191001-csv/2283#100309586>		"acostumbrarse"@es	<https://panlex.org/Verbal>
"pulan"@qva	<https://panlex.org/snapshot/panlex-20191001-csv/2283#100310090>				<https://panlex.org/snapshot/panlex-20191001-csv/2283#100310089>		"mitad"@es	
"pulan"@qva	<https://panlex.org/snapshot/panlex-20191001-csv/2283#100310074>				<https://panlex.org/snapshot/panlex-20191001-csv/2283#100310073>		"medio"@es	<https://panlex.org/Adjectival>
"ima"@qva	<https://panlex.org/snapshot/panlex-20191001-csv/2283#100310215>				<https://panlex.org/snapshot/panlex-20191001-csv/2283#100310214>		"qué"@es	<https://panlex.org/InterrogativeProform>
"lapa"@qva	<https://panlex.org/snapshot/panlex-20191001-csv/2283#100310335>				<https://panlex.org/snapshot/panlex-20191001-csv/2283#100310334>		"todo"@es	<https://panlex.org/Adjectival>
"jati+pay"@qva	<https://panlex.org/snapshot/panlex-20191001-csv/2283#100310380>				<https://panlex.org/snapshot/panlex-20191001-csv/2283#100310379>		"vestir"@es	<https://panlex.org/Verbal>
"wituy"@qva	<https://panlex.org/snapshot/panlex-20191001-csv/2283#100309827>				<https://panlex.org/snapshot/panlex-20191001-csv/2283#100309826>		"destrozar"@es	<https://panlex.org/TransitiveVerb>
"mana ali"@qva	<https://panlex.org/snapshot/panlex-20191001-csv/2283#100310054>				<https://panlex.org/snapshot/panlex-20191001-csv/2283#100310053>		"malo"@es	<https://panlex.org/Adjectival>
"mishqui"@qva	<https://panlex.org/snapshot/panlex-20191001-csv/2283#100309856>				<https://panlex.org/snapshot/panlex-20191001-csv/2283#100309855>		"dulce"@es	<https://panlex.org/Adjectival>
"jana"@qva	<https://panlex.org/snapshot/panlex-20191001-csv/2283#100309873>				<https://panlex.org/snapshot/panlex-20191001-csv/2283#100309872>		"encima"@es	<https://panlex.org/Adverbial>
"cutiy"@qva	<https://panlex.org/snapshot/panlex-20191001-csv/2283#100310399>				<https://panlex.org/snapshot/panlex-20191001-csv/2283#100310398>		"volver"@es	<https://panlex.org/IntransitiveVerb>
"tacay"@qva	<https://panlex.org/snapshot/panlex-20191001-csv/2283#100310333>				<https://panlex.org/snapshot/panlex-20191001-csv/2283#100310332>		"tirar"@es	<https://panlex.org/TransitiveVerb>
"jipash"@qva	<https://panlex.org/snapshot/panlex-20191001-csv/2283#100310018>				<https://panlex.org/snapshot/panlex-20191001-csv/2283#100310017>		"joven"@es	<https://panlex.org/AdjectivalNoun>
"usyay"@qva	<https://panlex.org/snapshot/panlex-20191001-csv/2283#100310298>				<https://panlex.org/snapshot/panlex-20191001-csv/2283#100310297>		"solear"@es	<https://panlex.org/IntransitiveVerb>
"usyay"@qva	<https://panlex.org/snapshot/panlex-20191001-csv/2283#100309900>				<https://panlex.org/snapshot/panlex-20191001-csv/2283#100309899>		"escampar"@es	<https://panlex.org/Verbal>
"gueshpi"@qva	<https://panlex.org/snapshot/panlex-20191001-csv/2283#100310390>				<https://panlex.org/snapshot/panlex-20191001-csv/2283#100310389>		"vidrio"@es	
"ama"@qva	<https://panlex.org/snapshot/panlex-20191001-csv/2283#100310122>				<https://panlex.org/snapshot/panlex-20191001-csv/2283#100310121>		"no"@es	<https://panlex.org/Adverbial>
"gargUy"@qva	<https://panlex.org/snapshot/panlex-20191001-csv/2283#100309860>				<https://panlex.org/snapshot/panlex-20191001-csv/2283#100309859>		"echar"@es	<https://panlex.org/TransitiveVerb>
"gargUy"@qva	<https://panlex.org/snapshot/panlex-20191001-csv/2283#100309703>				<https://panlex.org/snapshot/panlex-20191001-csv/2283#100309701>		"botar"@es	<https://panlex.org/TransitiveVerb>
"tamyay"@qva	<https://panlex.org/snapshot/panlex-20191001-csv/2283#100310042>				<https://panlex.org/snapshot/panlex-20191001-csv/2283#100310041>		"llover"@es	<https://panlex.org/Verbal>
"gam+cuna"@qva	<https://panlex.org/snapshot/panlex-20191001-csv/2283#100310359>				<https://panlex.org/snapshot/panlex-20191001-csv/2283#100310358>		"ustedes"@es	<https://panlex.org/PersonalPronoun>
"musyay"@qva	<https://panlex.org/snapshot/panlex-20191001-csv/2283#100310244>				<https://panlex.org/snapshot/panlex-20191001-csv/2283#100310243>		"saber"@es	<https://panlex.org/TransitiveVerb>
"tiyay"@qva	<https://panlex.org/snapshot/panlex-20191001-csv/2283#100310231>				<https://panlex.org/snapshot/panlex-20191001-csv/2283#100310230>		"residir"@es	<https://panlex.org/IntransitiveVerb>
"tiyay"@qva	<https://panlex.org/snapshot/panlex-20191001-csv/2283#100310274>				<https://panlex.org/snapshot/panlex-20191001-csv/2283#100310273>		"sentarse"@es	<https://panlex.org/Verbal>
"tiyay"@qva	<https://panlex.org/snapshot/panlex-20191001-csv/2283#100310397>				<https://panlex.org/snapshot/panlex-20191001-csv/2283#100310396>		"vivir"@es	<https://panlex.org/IntransitiveVerb>
"tayta"@qva	<https://panlex.org/snapshot/panlex-20191001-csv/2283#100310278>				<https://panlex.org/snapshot/panlex-20191001-csv/2283#100310277>		"señor"@es	
"chraway"@qva	<https://panlex.org/snapshot/panlex-20191001-csv/2283#100309898>				<https://panlex.org/snapshot/panlex-20191001-csv/2283#100309897>		"escampar"@es	<https://panlex.org/Verbal>
"ïlay"@qva	<https://panlex.org/snapshot/panlex-20191001-csv/2283#100309941>				<https://panlex.org/snapshot/panlex-20191001-csv/2283#100309940>		"frío"@es	
"wara"@qva	<https://panlex.org/snapshot/panlex-20191001-csv/2283#100310064>				<https://panlex.org/snapshot/panlex-20191001-csv/2283#100310063>		"mañana"@es	
"Rätucama"@qva	<https://panlex.org/snapshot/panlex-20191001-csv/2283#100309823>				<https://panlex.org/snapshot/panlex-20191001-csv/2283#100309822>		"hasta pronto"@es	
"jucha"@qva	<https://panlex.org/snapshot/panlex-20191001-csv/2283#100310174>				<https://panlex.org/snapshot/panlex-20191001-csv/2283#100310173>		"pecado"@es	
"arma+cUy"@qva	<https://panlex.org/snapshot/panlex-20191001-csv/2283#100309676>				<https://panlex.org/snapshot/panlex-20191001-csv/2283#100309674>		"bañarse"@es	<https://panlex.org/Verbal>
"pampay"@qva	<https://panlex.org/snapshot/panlex-20191001-csv/2283#100309888>				<https://panlex.org/snapshot/panlex-20191001-csv/2283#100309887>		"enterrar"@es	<https://panlex.org/TransitiveVerb>
"uryay"@qva	<https://panlex.org/snapshot/panlex-20191001-csv/2283#100309784>				<https://panlex.org/snapshot/panlex-20191001-csv/2283#100309783>		"cultivar"@es	<https://panlex.org/TransitiveVerb>
"willapa"@qva	<https://panlex.org/snapshot/panlex-20191001-csv/2283#100310134>				<https://panlex.org/snapshot/panlex-20191001-csv/2283#100310133>		"noticia"@es	
"yuriy"@qva	<https://panlex.org/snapshot/panlex-20191001-csv/2283#100310104>				<https://panlex.org/snapshot/panlex-20191001-csv/2283#100310103>		"nacer"@es	<https://panlex.org/IntransitiveVerb>
"chacay"@qva	<https://panlex.org/snapshot/panlex-20191001-csv/2283#100310124>				<https://panlex.org/snapshot/panlex-20191001-csv/2283#100310123>		"noche"@es	
"chacay"@qva	<https://panlex.org/snapshot/panlex-20191001-csv/2283#100310158>				<https://panlex.org/snapshot/panlex-20191001-csv/2283#100310157>		"oscurecer"@es	<https://panlex.org/IntransitiveVerb>
"paquiy"@qva	<https://panlex.org/snapshot/panlex-20191001-csv/2283#100310240>				<https://panlex.org/snapshot/panlex-20191001-csv/2283#100310239>		"romper"@es	<https://panlex.org/TransitiveVerb>
"pacha+chiy"@qva	<https://panlex.org/snapshot/panlex-20191001-csv/2283#100309996>				<https://panlex.org/snapshot/panlex-20191001-csv/2283#100309995>		"hospedar"@es	<https://panlex.org/TransitiveVerb>
"jara"@qva	<https://panlex.org/snapshot/panlex-20191001-csv/2283#100310048>				<https://panlex.org/snapshot/panlex-20191001-csv/2283#100310047>		"maíz"@es	
"auquin"@qva	<https://panlex.org/snapshot/panlex-20191001-csv/2283#100309630>				<https://panlex.org/snapshot/panlex-20191001-csv/2283#100309629>		"anciano"@es	
"quilla"@qva	<https://panlex.org/snapshot/panlex-20191001-csv/2283#100310034>				<https://panlex.org/snapshot/panlex-20191001-csv/2283#100310033>		"luna"@es	
"quilla"@qva	<https://panlex.org/snapshot/panlex-20191001-csv/2283#100310082>				<https://panlex.org/snapshot/panlex-20191001-csv/2283#100310081>		"mes"@es	
"guellay"@qva	<https://panlex.org/snapshot/panlex-20191001-csv/2283#100309837>				<https://panlex.org/snapshot/panlex-20191001-csv/2283#100309836>		"dinero"@es	
"isguy"@qva	<https://panlex.org/snapshot/panlex-20191001-csv/2283#100310137>				<https://panlex.org/snapshot/panlex-20191001-csv/2283#100310135>		"nueve"@es	<https://panlex.org/Adjectival>
"tacsha"@qva	<https://panlex.org/snapshot/panlex-20191001-csv/2283#100309796>				<https://panlex.org/snapshot/panlex-20191001-csv/2283#100309795>		"chico"@es	<https://panlex.org/Adjectival>
"tacsha"@qva	<https://panlex.org/snapshot/panlex-20191001-csv/2283#100310186>				<https://panlex.org/snapshot/panlex-20191001-csv/2283#100310185>		"pequeño"@es	<https://panlex.org/Adjectival>
"yana+n+yay"@qva	<https://panlex.org/snapshot/panlex-20191001-csv/2283#100310159>				<https://panlex.org/snapshot/panlex-20191001-csv/2283#100310157>		"oscurecer"@es	<https://panlex.org/IntransitiveVerb>
"allpa"@qva	<https://panlex.org/snapshot/panlex-20191001-csv/2283#100310304>				<https://panlex.org/snapshot/panlex-20191001-csv/2283#100310303>		"suelo"@es	
"allpa"@qva	<https://panlex.org/snapshot/panlex-20191001-csv/2283#100310329>				<https://panlex.org/snapshot/panlex-20191001-csv/2283#100310328>		"tierra"@es	
"mutuy"@qva	<https://panlex.org/snapshot/panlex-20191001-csv/2283#100310102>				<https://panlex.org/snapshot/panlex-20191001-csv/2283#100310101>		"mutilar"@es	<https://panlex.org/TransitiveVerb>
"mutuy"@qva	<https://panlex.org/snapshot/panlex-20191001-csv/2283#100309624>				<https://panlex.org/snapshot/panlex-20191001-csv/2283#100309623>		"amputar"@es	<https://panlex.org/TransitiveVerb>
"mutuy"@qva	<https://panlex.org/snapshot/panlex-20191001-csv/2283#100309758>				<https://panlex.org/snapshot/panlex-20191001-csv/2283#100309757>		"cortar"@es	<https://panlex.org/TransitiveVerb>
"pacha+cUy"@qva	<https://panlex.org/snapshot/panlex-20191001-csv/2283#100309998>				<https://panlex.org/snapshot/panlex-20191001-csv/2283#100309997>		"hospedarse"@es	<https://panlex.org/Verbal>
"shuway"@qva	<https://panlex.org/snapshot/panlex-20191001-csv/2283#100309916>				<https://panlex.org/snapshot/panlex-20191001-csv/2283#100309915>		"esperar"@es	<https://panlex.org/TransitiveVerb>
"shapra"@qva	<https://panlex.org/snapshot/panlex-20191001-csv/2283#100309678>				<https://panlex.org/snapshot/panlex-20191001-csv/2283#100309677>		"barba"@es	
"sha+muy"@qva	<https://panlex.org/snapshot/panlex-20191001-csv/2283#100310372>				<https://panlex.org/snapshot/panlex-20191001-csv/2283#100310370>		"venir"@es	<https://panlex.org/IntransitiveVerb>
"unay"@qva	<https://panlex.org/snapshot/panlex-20191001-csv/2283#100309637>				<https://panlex.org/snapshot/panlex-20191001-csv/2283#100309636>		"anterior"@es	<https://panlex.org/Adjectival>
"yapay"@qva	<https://panlex.org/snapshot/panlex-20191001-csv/2283#100310388>				<https://panlex.org/snapshot/panlex-20191001-csv/2283#100310387>		"otra vez"@es	
"ratay"@qva	<https://panlex.org/snapshot/panlex-20191001-csv/2283#100309715>				<https://panlex.org/snapshot/panlex-20191001-csv/2283#100309714>		"caer"@es	<https://panlex.org/IntransitiveVerb>
"jiray"@qva	<https://panlex.org/snapshot/panlex-20191001-csv/2283#100309772>				<https://panlex.org/snapshot/panlex-20191001-csv/2283#100309771>		"coser"@es	<https://panlex.org/TransitiveVerb>
"juti"@qva	<https://panlex.org/snapshot/panlex-20191001-csv/2283#100310128>				<https://panlex.org/snapshot/panlex-20191001-csv/2283#100310127>		"nombre"@es	
"achca"@qva	<https://panlex.org/snapshot/panlex-20191001-csv/2283#100309684>				<https://panlex.org/snapshot/panlex-20191001-csv/2283#100309683>		"bastante"@es	<https://panlex.org/Adjectival>
"achca"@qva	<https://panlex.org/snapshot/panlex-20191001-csv/2283#100310094>				<https://panlex.org/snapshot/panlex-20191001-csv/2283#100310093>		"mucho"@es	<https://panlex.org/Adjectival>
"wac"@qva	<https://panlex.org/snapshot/panlex-20191001-csv/2283#100309644>				<https://panlex.org/snapshot/panlex-20191001-csv/2283#100309643>		"aquella"@es	<https://panlex.org/Adjectival>
"wac"@qva	<https://panlex.org/snapshot/panlex-20191001-csv/2283#100309644>				<https://panlex.org/snapshot/panlex-20191001-csv/2283#100309642>		"aquel"@es	<https://panlex.org/Adjectival>
"wac"@qva	<https://panlex.org/snapshot/panlex-20191001-csv/2283#100309648>				<https://panlex.org/snapshot/panlex-20191001-csv/2283#100309646>		"aquella"@es	<https://panlex.org/Pronominal>
"wac"@qva	<https://panlex.org/snapshot/panlex-20191001-csv/2283#100309648>				<https://panlex.org/snapshot/panlex-20191001-csv/2283#100309647>		"aquello"@es	<https://panlex.org/Pronominal>
"wac"@qva	<https://panlex.org/snapshot/panlex-20191001-csv/2283#100309648>				<https://panlex.org/snapshot/panlex-20191001-csv/2283#100309645>		"aquél"@es	<https://panlex.org/Pronominal>
"cuti"@qva	<https://panlex.org/snapshot/panlex-20191001-csv/2283#100310384>				<https://panlex.org/snapshot/panlex-20191001-csv/2283#100310383>		"vez"@es	
"pachrac"@qva	<https://panlex.org/snapshot/panlex-20191001-csv/2283#100309734>				<https://panlex.org/snapshot/panlex-20191001-csv/2283#100309733>		"cien"@es	<https://panlex.org/Adjectival>
"yachra+cUy"@qva	<https://panlex.org/snapshot/panlex-20191001-csv/2283#100309641>				<https://panlex.org/snapshot/panlex-20191001-csv/2283#100309640>		"aprender"@es	<https://panlex.org/TransitiveVerb>
"gällu"@qva	<https://panlex.org/snapshot/panlex-20191001-csv/2283#100309948>				<https://panlex.org/snapshot/panlex-20191001-csv/2283#100309947>		"gallo"@es	
"reguiy"@qva	<https://panlex.org/snapshot/panlex-20191001-csv/2283#100309750>				<https://panlex.org/snapshot/panlex-20191001-csv/2283#100309749>		"conocer"@es	<https://panlex.org/TransitiveVerb>
"ñawi"@qva	<https://panlex.org/snapshot/panlex-20191001-csv/2283#100310145>				<https://panlex.org/snapshot/panlex-20191001-csv/2283#100310144>		"ojo"@es	
"pi"@qva	<https://panlex.org/snapshot/panlex-20191001-csv/2283#100310221>				<https://panlex.org/snapshot/panlex-20191001-csv/2283#100310220>		"quién"@es	<https://panlex.org/InterrogativeProform>
"puediy"@qva	<https://panlex.org/snapshot/panlex-20191001-csv/2283#100310201>				<https://panlex.org/snapshot/panlex-20191001-csv/2283#100310200>		"poder"@es	<https://panlex.org/TransitiveVerb>
"quiqui"@qva	<https://panlex.org/snapshot/panlex-20191001-csv/2283#100310287>				<https://panlex.org/snapshot/panlex-20191001-csv/2283#100310286>		"sí"@es	<https://panlex.org/PersonalPronoun>
"yurag"@qva	<https://panlex.org/snapshot/panlex-20191001-csv/2283#100309696>				<https://panlex.org/snapshot/panlex-20191001-csv/2283#100309695>		"blanco"@es	<https://panlex.org/Adjectival>
"cosechay"@qva	<https://panlex.org/snapshot/panlex-20191001-csv/2283#100309768>				<https://panlex.org/snapshot/panlex-20191001-csv/2283#100309767>		"cosechar"@es	<https://panlex.org/TransitiveVerb>
"chrunca jucwan"@qva	<https://panlex.org/snapshot/panlex-20191001-csv/2283#100310154>				<https://panlex.org/snapshot/panlex-20191001-csv/2283#100310152>		"once"@es	<https://panlex.org/Adjectival>
"wagta"@qva	<https://panlex.org/snapshot/panlex-20191001-csv/2283#100309914>				<https://panlex.org/snapshot/panlex-20191001-csv/2283#100309912>		"espalda"@es	
"chracra"@qva	<https://panlex.org/snapshot/panlex-20191001-csv/2283#100309792>				<https://panlex.org/snapshot/panlex-20191001-csv/2283#100309791>		"chacra"@es	
"pulan pagas"@qva	<https://panlex.org/snapshot/panlex-20191001-csv/2283#100310072>				<https://panlex.org/snapshot/panlex-20191001-csv/2283#100310071>		"medianoche"@es	
"llanqui"@qva	<https://panlex.org/snapshot/panlex-20191001-csv/2283#100310251>				<https://panlex.org/snapshot/panlex-20191001-csv/2283#100310250>		"sandalia"@es	
"gayan"@qva	<https://panlex.org/snapshot/panlex-20191001-csv/2283#100309666>				<https://panlex.org/snapshot/panlex-20191001-csv/2283#100309664>		"ayer"@es	<https://panlex.org/Adverbial>
"charay"@qva	<https://panlex.org/snapshot/panlex-20191001-csv/2283#100310314>				<https://panlex.org/snapshot/panlex-20191001-csv/2283#100310313>		"tener"@es	<https://panlex.org/TransitiveVerb>
"cay+chru"@qva	<https://panlex.org/snapshot/panlex-20191001-csv/2283#100309585>				<https://panlex.org/snapshot/panlex-20191001-csv/2283#100309584>		"acá"@es	<https://panlex.org/Adverbial>
"cay+chru"@qva	<https://panlex.org/snapshot/panlex-20191001-csv/2283#100309650>				<https://panlex.org/snapshot/panlex-20191001-csv/2283#100309649>		"aquí"@es	<https://panlex.org/Adverbial>
"niy"@qva	<https://panlex.org/snapshot/panlex-20191001-csv/2283#100309809>				<https://panlex.org/snapshot/panlex-20191001-csv/2283#100309808>		"decir"@es	<https://panlex.org/TransitiveVerb>
"pusag"@qva	<https://panlex.org/snapshot/panlex-20191001-csv/2283#100310139>				<https://panlex.org/snapshot/panlex-20191001-csv/2283#100310138>		"ocho"@es	<https://panlex.org/Adjectival>
"parlay"@qva	<https://panlex.org/snapshot/panlex-20191001-csv/2283#100309752>				<https://panlex.org/snapshot/panlex-20191001-csv/2283#100309751>		"conversar"@es	<https://panlex.org/IntransitiveVerb>
"parlay"@qva	<https://panlex.org/snapshot/panlex-20191001-csv/2283#100309962>				<https://panlex.org/snapshot/panlex-20191001-csv/2283#100309961>		"hablar"@es	<https://panlex.org/IntransitiveVerb>
"micuy"@qva	<https://panlex.org/snapshot/panlex-20191001-csv/2283#100309742>				<https://panlex.org/snapshot/panlex-20191001-csv/2283#100309741>		"comida"@es	
"yarcUy"@qva	<https://panlex.org/snapshot/panlex-20191001-csv/2283#100310302>				<https://panlex.org/snapshot/panlex-20191001-csv/2283#100310301>		"subir"@es	<https://panlex.org/IntransitiveVerb>
"punta"@qva	<https://panlex.org/snapshot/panlex-20191001-csv/2283#100309730>				<https://panlex.org/snapshot/panlex-20191001-csv/2283#100309729>		"cerro"@es	
"algu"@qva	<https://panlex.org/snapshot/panlex-20191001-csv/2283#100310189>				<https://panlex.org/snapshot/panlex-20191001-csv/2283#100310188>		"perro"@es	
"ishcay"@qva	<https://panlex.org/snapshot/panlex-20191001-csv/2283#100309852>				<https://panlex.org/snapshot/panlex-20191001-csv/2283#100309851>		"dos"@es	<https://panlex.org/Adjectival>
"pi+pis"@qva	<https://panlex.org/snapshot/panlex-20191001-csv/2283#100309611>				<https://panlex.org/snapshot/panlex-20191001-csv/2283#100309610>		"alguien"@es	<https://panlex.org/Pronominal>
"wasi+yog"@qva	<https://panlex.org/snapshot/panlex-20191001-csv/2283#100309854>				<https://panlex.org/snapshot/panlex-20191001-csv/2283#100309853>		"dueño de casa"@es	
"chrunca ishcaywan"@qva	<https://panlex.org/snapshot/panlex-20191001-csv/2283#100309842>				<https://panlex.org/snapshot/panlex-20191001-csv/2283#100309840>		"doce"@es	<https://panlex.org/Adjectival>
"mashay"@qva	<https://panlex.org/snapshot/panlex-20191001-csv/2283#100310296>				<https://panlex.org/snapshot/panlex-20191001-csv/2283#100310295>		"solear"@es	<https://panlex.org/TransitiveVerb>
"uchu"@qva	<https://panlex.org/snapshot/panlex-20191001-csv/2283#100309602>				<https://panlex.org/snapshot/panlex-20191001-csv/2283#100309601>		"ají"@es	
"ayca"@qva	<https://panlex.org/snapshot/panlex-20191001-csv/2283#100309780>				<https://panlex.org/snapshot/panlex-20191001-csv/2283#100309779>		"cuánto"@es	<https://panlex.org/Adverbial>
"goy"@qva	<https://panlex.org/snapshot/panlex-20191001-csv/2283#100309803>				<https://panlex.org/snapshot/panlex-20191001-csv/2283#100309802>		"dar"@es	<https://panlex.org/TransitiveVerb>
"Aywalä"@qva	<https://panlex.org/snapshot/panlex-20191001-csv/2283#100309819>				<https://panlex.org/snapshot/panlex-20191001-csv/2283#100309818>		"ya me voy"@es	
"pichay"@qva	<https://panlex.org/snapshot/panlex-20191001-csv/2283#100309680>				<https://panlex.org/snapshot/panlex-20191001-csv/2283#100309679>		"barrer"@es	<https://panlex.org/TransitiveVerb>
"pichay"@qva	<https://panlex.org/snapshot/panlex-20191001-csv/2283#100310032>				<https://panlex.org/snapshot/panlex-20191001-csv/2283#100310031>		"limpiar"@es	<https://panlex.org/TransitiveVerb>
"choglu"@qva	<https://panlex.org/snapshot/panlex-20191001-csv/2283#100309801>				<https://panlex.org/snapshot/panlex-20191001-csv/2283#100309800>		"choclo"@es	
"wallpa"@qva	<https://panlex.org/snapshot/panlex-20191001-csv/2283#100309946>				<https://panlex.org/snapshot/panlex-20191001-csv/2283#100309945>		"gallina"@es	
"wamra"@qva	<https://panlex.org/snapshot/panlex-20191001-csv/2283#100310118>				<https://panlex.org/snapshot/panlex-20191001-csv/2283#100310117>		"niño"@es	
"wamra"@qva	<https://panlex.org/snapshot/panlex-20191001-csv/2283#100309988>				<https://panlex.org/snapshot/panlex-20191001-csv/2283#100309986>		"hijo"@es	
"wamra"@qva	<https://panlex.org/snapshot/panlex-20191001-csv/2283#100309988>				<https://panlex.org/snapshot/panlex-20191001-csv/2283#100309987>		"hija"@es	
"ishcay chrunca"@qva	<https://panlex.org/snapshot/panlex-20191001-csv/2283#100310367>				<https://panlex.org/snapshot/panlex-20191001-csv/2283#100310366>		"veinte"@es	<https://panlex.org/Adjectival>
"ari"@qva	<https://panlex.org/snapshot/panlex-20191001-csv/2283#100310213>				<https://panlex.org/snapshot/panlex-20191001-csv/2283#100310212>		"pues"@es	<https://panlex.org/Conjunction>
"puñuy"@qva	<https://panlex.org/snapshot/panlex-20191001-csv/2283#100309850>				<https://panlex.org/snapshot/panlex-20191001-csv/2283#100309849>		"dormir"@es	<https://panlex.org/IntransitiveVerb>
"ruray"@qva	<https://panlex.org/snapshot/panlex-20191001-csv/2283#100309966>				<https://panlex.org/snapshot/panlex-20191001-csv/2283#100309965>		"hacer"@es	<https://panlex.org/TransitiveVerb>
"tagshay"@qva	<https://panlex.org/snapshot/panlex-20191001-csv/2283#100310026>				<https://panlex.org/snapshot/panlex-20191001-csv/2283#100310025>		"lavar"@es	<https://panlex.org/TransitiveVerb>
"machray"@qva	<https://panlex.org/snapshot/panlex-20191001-csv/2283#100309866>				<https://panlex.org/snapshot/panlex-20191001-csv/2283#100309865>		"emborracharse"@es	<https://panlex.org/Verbal>
"uticay"@qva	<https://panlex.org/snapshot/panlex-20191001-csv/2283#100309722>				<https://panlex.org/snapshot/panlex-20191001-csv/2283#100309721>		"cansarse"@es	<https://panlex.org/Verbal>
"roguy"@qva	<https://panlex.org/snapshot/panlex-20191001-csv/2283#100309760>				<https://panlex.org/snapshot/panlex-20191001-csv/2283#100309759>		"cortar"@es	<https://panlex.org/TransitiveVerb>
"yawar"@qva	<https://panlex.org/snapshot/panlex-20191001-csv/2283#100310256>				<https://panlex.org/snapshot/panlex-20191001-csv/2283#100310255>		"sangre"@es	
"Aywalayrag"@qva	<https://panlex.org/snapshot/panlex-20191001-csv/2283#100309821>				<https://panlex.org/snapshot/panlex-20191001-csv/2283#100309820>		"chau"@es	
"yacu"@qva	<https://panlex.org/snapshot/panlex-20191001-csv/2283#100309598>				<https://panlex.org/snapshot/panlex-20191001-csv/2283#100309597>		"agua"@es	
"yaliy"@qva	<https://panlex.org/snapshot/panlex-20191001-csv/2283#100309746>				<https://panlex.org/snapshot/panlex-20191001-csv/2283#100309745>		"competir"@es	<https://panlex.org/TransitiveVerb>
"ranti+cUy"@qva	<https://panlex.org/snapshot/panlex-20191001-csv/2283#100310369>				<https://panlex.org/snapshot/panlex-20191001-csv/2283#100310368>		"vender"@es	<https://panlex.org/TransitiveVerb>
"tullpa"@qva	<https://panlex.org/snapshot/panlex-20191001-csv/2283#100309939>				<https://panlex.org/snapshot/panlex-20191001-csv/2283#100309938>		"fogón"@es	
"mayllay"@qva	<https://panlex.org/snapshot/panlex-20191001-csv/2283#100310024>				<https://panlex.org/snapshot/panlex-20191001-csv/2283#100310023>		"lavar"@es	<https://panlex.org/TransitiveVerb>
"puerta"@qva	<https://panlex.org/snapshot/panlex-20191001-csv/2283#100310211>				<https://panlex.org/snapshot/panlex-20191001-csv/2283#100310210>		"puerta"@es	
"pishtay"@qva	<https://panlex.org/snapshot/panlex-20191001-csv/2283#100309813>				<https://panlex.org/snapshot/panlex-20191001-csv/2283#100309812>		"degollar"@es	<https://panlex.org/TransitiveVerb>
"rimay"@qva	<https://panlex.org/snapshot/panlex-20191001-csv/2283#100309964>				<https://panlex.org/snapshot/panlex-20191001-csv/2283#100309963>		"hablar"@es	<https://panlex.org/IntransitiveVerb>
"noga+cuna"@qva	<https://panlex.org/snapshot/panlex-20191001-csv/2283#100310130>				<https://panlex.org/snapshot/panlex-20191001-csv/2283#100310129>		"nosotros"@es	<https://panlex.org/PersonalPronoun>
"tamya"@qva	<https://panlex.org/snapshot/panlex-20191001-csv/2283#100310044>				<https://panlex.org/snapshot/panlex-20191001-csv/2283#100310043>		"lluvia"@es	
"cachray"@qva	<https://panlex.org/snapshot/panlex-20191001-csv/2283#100309896>				<https://panlex.org/snapshot/panlex-20191001-csv/2283#100309895>		"enviar"@es	<https://panlex.org/TransitiveVerb>
"cachray"@qva	<https://panlex.org/snapshot/panlex-20191001-csv/2283#100310058>				<https://panlex.org/snapshot/panlex-20191001-csv/2283#100310057>		"mandar"@es	<https://panlex.org/TransitiveVerb>
"aywa+muy"@qva	<https://panlex.org/snapshot/panlex-20191001-csv/2283#100310371>				<https://panlex.org/snapshot/panlex-20191001-csv/2283#100310370>		"venir"@es	<https://panlex.org/IntransitiveVerb>
"waugui"@qva	<https://panlex.org/snapshot/panlex-20191001-csv/2283#100309976>				<https://panlex.org/snapshot/panlex-20191001-csv/2283#100309975>		"hermano"@es	
"agra"@qva	<https://panlex.org/snapshot/panlex-20191001-csv/2283#100309937>				<https://panlex.org/snapshot/panlex-20191001-csv/2283#100309936>		"flaco"@es	<https://panlex.org/Adjectival>
"mana"@qva	<https://panlex.org/snapshot/panlex-20191001-csv/2283#100310120>				<https://panlex.org/snapshot/panlex-20191001-csv/2283#100310119>		"no"@es	<https://panlex.org/Adverbial>
"yachra+pay"@qva	<https://panlex.org/snapshot/panlex-20191001-csv/2283#100310006>				<https://panlex.org/snapshot/panlex-20191001-csv/2283#100310005>		"imitar"@es	<https://panlex.org/TransitiveVerb>
"apa+chiy"@qva	<https://panlex.org/snapshot/panlex-20191001-csv/2283#100309871>				<https://panlex.org/snapshot/panlex-20191001-csv/2283#100309870>		"encargar"@es	<https://panlex.org/TransitiveVerb>
"apa+chiy"@qva	<https://panlex.org/snapshot/panlex-20191001-csv/2283#100309894>				<https://panlex.org/snapshot/panlex-20191001-csv/2283#100309893>		"enviar"@es	<https://panlex.org/TransitiveVerb>
"garwash"@qva	<https://panlex.org/snapshot/panlex-20191001-csv/2283#100309622>				<https://panlex.org/snapshot/panlex-20191001-csv/2283#100309621>		"amarillo"@es	<https://panlex.org/Adjectival>
"warapa warantin"@qva	<https://panlex.org/snapshot/panlex-20191001-csv/2283#100310066>				<https://panlex.org/snapshot/panlex-20191001-csv/2283#100310065>		"mañana"@es	
"apa+muy"@qva	<https://panlex.org/snapshot/panlex-20191001-csv/2283#100310343>				<https://panlex.org/snapshot/panlex-20191001-csv/2283#100310342>		"traer"@es	<https://panlex.org/TransitiveVerb>
"yachray"@qva	<https://panlex.org/snapshot/panlex-20191001-csv/2283#100310242>				<https://panlex.org/snapshot/panlex-20191001-csv/2283#100310241>		"saber"@es	<https://panlex.org/TransitiveVerb>
"yachray"@qva	<https://panlex.org/snapshot/panlex-20191001-csv/2283#100310229>				<https://panlex.org/snapshot/panlex-20191001-csv/2283#100310228>		"residir"@es	<https://panlex.org/IntransitiveVerb>
"gara"@qva	<https://panlex.org/snapshot/panlex-20191001-csv/2283#100310195>				<https://panlex.org/snapshot/panlex-20191001-csv/2283#100310194>		"piel"@es	
"muruy"@qva	<https://panlex.org/snapshot/panlex-20191001-csv/2283#100310268>				<https://panlex.org/snapshot/panlex-20191001-csv/2283#100310267>		"sembrar"@es	<https://panlex.org/TransitiveVerb>
"chay+chru"@qva	<https://panlex.org/snapshot/panlex-20191001-csv/2283#100309616>				<https://panlex.org/snapshot/panlex-20191001-csv/2283#100309615>		"allí"@es	<https://panlex.org/Adverbial>
"micUy"@qva	<https://panlex.org/snapshot/panlex-20191001-csv/2283#100309740>				<https://panlex.org/snapshot/panlex-20191001-csv/2283#100309739>		"comer"@es	<https://panlex.org/TransitiveVerb>
"rumi"@qva	<https://panlex.org/snapshot/panlex-20191001-csv/2283#100310193>				<https://panlex.org/snapshot/panlex-20191001-csv/2283#100310192>		"piedra"@es	
"chapla"@qva	<https://panlex.org/snapshot/panlex-20191001-csv/2283#100310252>				<https://panlex.org/snapshot/panlex-20191001-csv/2283#100310250>		"sandalia"@es	
"mama"@qva	<https://panlex.org/snapshot/panlex-20191001-csv/2283#100310056>				<https://panlex.org/snapshot/panlex-20191001-csv/2283#100310055>		"mamá"@es	
"mama"@qva	<https://panlex.org/snapshot/panlex-20191001-csv/2283#100310046>				<https://panlex.org/snapshot/panlex-20191001-csv/2283#100310045>		"madre"@es	
"yachra+chiy"@qva	<https://panlex.org/snapshot/panlex-20191001-csv/2283#100309883>				<https://panlex.org/snapshot/panlex-20191001-csv/2283#100309882>		"enseñar"@es	<https://panlex.org/TransitiveVerb>
"ali"@qva	<https://panlex.org/snapshot/panlex-20191001-csv/2283#100309707>				<https://panlex.org/snapshot/panlex-20191001-csv/2283#100309706>		"bueno"@es	<https://panlex.org/Adjectival>
"ali"@qva	<https://panlex.org/snapshot/panlex-20191001-csv/2283#100309694>				<https://panlex.org/snapshot/panlex-20191001-csv/2283#100309693>		"bien"@es	<https://panlex.org/Adverbial>
"uma"@qva	<https://panlex.org/snapshot/panlex-20191001-csv/2283#100309713>				<https://panlex.org/snapshot/panlex-20191001-csv/2283#100309712>		"cabeza"@es	
"jampiy"@qva	<https://panlex.org/snapshot/panlex-20191001-csv/2283#100309786>				<https://panlex.org/snapshot/panlex-20191001-csv/2283#100309785>		"curar"@es	<https://panlex.org/TransitiveVerb>
"papä"@qva	<https://panlex.org/snapshot/panlex-20191001-csv/2283#100310170>				<https://panlex.org/snapshot/panlex-20191001-csv/2283#100310168>		"padre"@es	
"papä"@qva	<https://panlex.org/snapshot/panlex-20191001-csv/2283#100310170>				<https://panlex.org/snapshot/panlex-20191001-csv/2283#100310169>		"papá"@es	
"gosa"@qva	<https://panlex.org/snapshot/panlex-20191001-csv/2283#100309921>				<https://panlex.org/snapshot/panlex-20191001-csv/2283#100309920>		"esposo"@es	
"uña wawa"@qva	<https://panlex.org/snapshot/panlex-20191001-csv/2283#100309985>				<https://panlex.org/snapshot/panlex-20191001-csv/2283#100309983>		"hija"@es	
"turi"@qva	<https://panlex.org/snapshot/panlex-20191001-csv/2283#100309978>				<https://panlex.org/snapshot/panlex-20191001-csv/2283#100309977>		"hermano"@es	
"tantiyay"@qva	<https://panlex.org/snapshot/panlex-20191001-csv/2283#100310184>				<https://panlex.org/snapshot/panlex-20191001-csv/2283#100310183>		"pensar"@es	<https://panlex.org/TransitiveVerb>
"tantiyay"@qva	<https://panlex.org/snapshot/panlex-20191001-csv/2283#100309885>				<https://panlex.org/snapshot/panlex-20191001-csv/2283#100309884>		"entender"@es	<https://panlex.org/TransitiveVerb>
"wayra"@qva	<https://panlex.org/snapshot/panlex-20191001-csv/2283#100310392>				<https://panlex.org/snapshot/panlex-20191001-csv/2283#100310391>		"viento"@es	
"Jatun"@qva	<https://panlex.org/snapshot/panlex-20191001-csv/2283#100309956>				<https://panlex.org/snapshot/panlex-20191001-csv/2283#100309955>		"grande"@es	<https://panlex.org/Adjectival>
"gracias"@qva	<https://panlex.org/snapshot/panlex-20191001-csv/2283#100309954>				<https://panlex.org/snapshot/panlex-20191001-csv/2283#100309953>		"gracias"@es	<https://panlex.org/Interjection>
"ganyanpa ganyannin"@qva	<https://panlex.org/snapshot/panlex-20191001-csv/2283#100309634>				<https://panlex.org/snapshot/panlex-20191001-csv/2283#100309633>		"anteayer"@es	<https://panlex.org/Adverbial>
"waray"@qva	<https://panlex.org/snapshot/panlex-20191001-csv/2283#100309618>				<https://panlex.org/snapshot/panlex-20191001-csv/2283#100309617>		"amanecer"@es	<https://panlex.org/Verbal>
"pachra"@qva	<https://panlex.org/snapshot/panlex-20191001-csv/2283#100309682>				<https://panlex.org/snapshot/panlex-20191001-csv/2283#100309681>		"barriga"@es	
"timpuy"@qva	<https://panlex.org/snapshot/panlex-20191001-csv/2283#100309980>				<https://panlex.org/snapshot/panlex-20191001-csv/2283#100309979>		"hervir"@es	<https://panlex.org/IntransitiveVerb>
"wawa"@qva	<https://panlex.org/snapshot/panlex-20191001-csv/2283#100309984>				<https://panlex.org/snapshot/panlex-20191001-csv/2283#100309983>		"hija"@es	
"ruri"@qva	<https://panlex.org/snapshot/panlex-20191001-csv/2283#100309589>				<https://panlex.org/snapshot/panlex-20191001-csv/2283#100309588>		"adentro"@es	<https://panlex.org/Adverbial>
"ruri"@qva	<https://panlex.org/snapshot/panlex-20191001-csv/2283#100309807>				<https://panlex.org/snapshot/panlex-20191001-csv/2283#100309806>		"debajo"@es	<https://panlex.org/Adverbial>
"gueshyay"@qva	<https://panlex.org/snapshot/panlex-20191001-csv/2283#100309879>				<https://panlex.org/snapshot/panlex-20191001-csv/2283#100309878>		"enfermarse"@es	<https://panlex.org/Verbal>
"washa"@qva	<https://panlex.org/snapshot/panlex-20191001-csv/2283#100309913>				<https://panlex.org/snapshot/panlex-20191001-csv/2283#100309912>		"espalda"@es	
"puca"@qva	<https://panlex.org/snapshot/panlex-20191001-csv/2283#100310238>				<https://panlex.org/snapshot/panlex-20191001-csv/2283#100310237>		"rojo"@es	<https://panlex.org/Adjectival>
"walca"@qva	<https://panlex.org/snapshot/panlex-20191001-csv/2283#100310199>				<https://panlex.org/snapshot/panlex-20191001-csv/2283#100310198>		"poco"@es	<https://panlex.org/Adjectival>
"baña+cUy"@qva	<https://panlex.org/snapshot/panlex-20191001-csv/2283#100309675>				<https://panlex.org/snapshot/panlex-20191001-csv/2283#100309674>		"bañarse"@es	<https://panlex.org/Verbal>
"ima+pag"@qva	<https://panlex.org/snapshot/panlex-20191001-csv/2283#100310172>				<https://panlex.org/snapshot/panlex-20191001-csv/2283#100310171>		"para"@es	<https://panlex.org/Preposition>
"gayay"@qva	<https://panlex.org/snapshot/panlex-20191001-csv/2283#100310036>				<https://panlex.org/snapshot/panlex-20191001-csv/2283#100310035>		"llamar"@es	<https://panlex.org/TransitiveVerb>
"yanga"@qva	<https://panlex.org/snapshot/panlex-20191001-csv/2283#100310080>				<https://panlex.org/snapshot/panlex-20191001-csv/2283#100310079>		"mentira"@es	
"yanga"@qva	<https://panlex.org/snapshot/panlex-20191001-csv/2283#100310365>				<https://panlex.org/snapshot/panlex-20191001-csv/2283#100310364>		"en vano"@es	<https://panlex.org/Adverbial>
"quichray"@qva	<https://panlex.org/snapshot/panlex-20191001-csv/2283#100309583>				<https://panlex.org/snapshot/panlex-20191001-csv/2283#100309582>		"abrir"@es	<https://panlex.org/TransitiveVerb>
"ñaña"@qva	<https://panlex.org/snapshot/panlex-20191001-csv/2283#100309974>				<https://panlex.org/snapshot/panlex-20191001-csv/2283#100309973>		"hermana"@es	
"casqui"@qva	<https://panlex.org/snapshot/panlex-20191001-csv/2283#100310078>				<https://panlex.org/snapshot/panlex-20191001-csv/2283#100310077>		"mentira"@es	
"mana pi+pis"@qva	<https://panlex.org/snapshot/panlex-20191001-csv/2283#100310109>				<https://panlex.org/snapshot/panlex-20191001-csv/2283#100310108>		"nadie"@es	<https://panlex.org/Pronominal>
"rantiy"@qva	<https://panlex.org/snapshot/panlex-20191001-csv/2283#100309748>				<https://panlex.org/snapshot/panlex-20191001-csv/2283#100309747>		"comprar"@es	<https://panlex.org/TransitiveVerb>
"pagas"@qva	<https://panlex.org/snapshot/panlex-20191001-csv/2283#100310126>				<https://panlex.org/snapshot/panlex-20191001-csv/2283#100310125>		"noche"@es	
"öra"@qva	<https://panlex.org/snapshot/panlex-20191001-csv/2283#100309994>				<https://panlex.org/snapshot/panlex-20191001-csv/2283#100309993>		"hora"@es	
"rutuy"@qva	<https://panlex.org/snapshot/panlex-20191001-csv/2283#100309762>				<https://panlex.org/snapshot/panlex-20191001-csv/2283#100309761>		"cortar"@es	<https://panlex.org/TransitiveVerb>
"ricay"@qva	<https://panlex.org/snapshot/panlex-20191001-csv/2283#100310088>				<https://panlex.org/snapshot/panlex-20191001-csv/2283#100310087>		"mirar"@es	<https://panlex.org/TransitiveVerb>
"ricay"@qva	<https://panlex.org/snapshot/panlex-20191001-csv/2283#100310378>				<https://panlex.org/snapshot/panlex-20191001-csv/2283#100310377>		"ver"@es	<https://panlex.org/TransitiveVerb>
"tincuy"@qva	<https://panlex.org/snapshot/panlex-20191001-csv/2283#100309877>				<https://panlex.org/snapshot/panlex-20191001-csv/2283#100309876>		"encontrarse"@es	<https://panlex.org/Verbal>
"warmi"@qva	<https://panlex.org/snapshot/panlex-20191001-csv/2283#100310098>				<https://panlex.org/snapshot/panlex-20191001-csv/2283#100310097>		"mujer"@es	
"warmi"@qva	<https://panlex.org/snapshot/panlex-20191001-csv/2283#100309919>				<https://panlex.org/snapshot/panlex-20191001-csv/2283#100309918>		"esposa"@es	
"jirca"@qva	<https://panlex.org/snapshot/panlex-20191001-csv/2283#100309720>				<https://panlex.org/snapshot/panlex-20191001-csv/2283#100309719>		"campo"@es	
"jirca"@qva	<https://panlex.org/snapshot/panlex-20191001-csv/2283#100309732>				<https://panlex.org/snapshot/panlex-20191001-csv/2283#100309731>		"cerro"@es	
"lïtuy"@qva	<https://panlex.org/snapshot/panlex-20191001-csv/2283#100309839>				<https://panlex.org/snapshot/panlex-20191001-csv/2283#100309838>		"discutir"@es	<https://panlex.org/TransitiveVerb>
"manca"@qva	<https://panlex.org/snapshot/panlex-20191001-csv/2283#100310151>				<https://panlex.org/snapshot/panlex-20191001-csv/2283#100310150>		"olla"@es	
"munay"@qva	<https://panlex.org/snapshot/panlex-20191001-csv/2283#100310219>				<https://panlex.org/snapshot/panlex-20191001-csv/2283#100310218>		"querer"@es	<https://panlex.org/TransitiveVerb>
"yanapay"@qva	<https://panlex.org/snapshot/panlex-20191001-csv/2283#100309668>				<https://panlex.org/snapshot/panlex-20191001-csv/2283#100309667>		"ayudar"@es	<https://panlex.org/TransitiveVerb>
"chragchray"@qva	<https://panlex.org/snapshot/panlex-20191001-csv/2283#100309790>				<https://panlex.org/snapshot/panlex-20191001-csv/2283#100309789>		"chacchar"@es	<https://panlex.org/TransitiveVerb>
"imay"@qva	<https://panlex.org/snapshot/panlex-20191001-csv/2283#100309778>				<https://panlex.org/snapshot/panlex-20191001-csv/2283#100309777>		"cuándo"@es	<https://panlex.org/Adverbial>
"chrucru"@qva	<https://panlex.org/snapshot/panlex-20191001-csv/2283#100309858>				<https://panlex.org/snapshot/panlex-20191001-csv/2283#100309857>		"duro"@es	<https://panlex.org/Adjectival>
"jitay"@qva	<https://panlex.org/snapshot/panlex-20191001-csv/2283#100309702>				<https://panlex.org/snapshot/panlex-20191001-csv/2283#100309701>		"botar"@es	<https://panlex.org/TransitiveVerb>
"muru"@qva	<https://panlex.org/snapshot/panlex-20191001-csv/2283#100310270>				<https://panlex.org/snapshot/panlex-20191001-csv/2283#100310269>		"semilla"@es	
"wayray"@qva	<https://panlex.org/snapshot/panlex-20191001-csv/2283#100310374>				<https://panlex.org/snapshot/panlex-20191001-csv/2283#100310373>		"ventear"@es	<https://panlex.org/Verbal>
"wayray"@qva	<https://panlex.org/snapshot/panlex-20191001-csv/2283#100310376>				<https://panlex.org/snapshot/panlex-20191001-csv/2283#100310375>		"ventear"@es	<https://panlex.org/TransitiveVerb>
"wayray"@qva	<https://panlex.org/snapshot/panlex-20191001-csv/2283#100309766>				<https://panlex.org/snapshot/panlex-20191001-csv/2283#100309765>		"correr"@es	<https://panlex.org/IntransitiveVerb>
"micU+nay"@qva	<https://panlex.org/snapshot/panlex-20191001-csv/2283#100310318>				<https://panlex.org/snapshot/panlex-20191001-csv/2283#100310317>		"tener"@es	<https://panlex.org/TransitiveVerb>
"chrayay"@qva	<https://panlex.org/snapshot/panlex-20191001-csv/2283#100310038>				<https://panlex.org/snapshot/panlex-20191001-csv/2283#100310037>		"llegar"@es	<https://panlex.org/IntransitiveVerb>
"juclayla"@qva	<https://panlex.org/snapshot/panlex-20191001-csv/2283#100310355>				<https://panlex.org/snapshot/panlex-20191001-csv/2283#100310352>		"uno"@es	<https://panlex.org/Adjectival>
"juclayla"@qva	<https://panlex.org/snapshot/panlex-20191001-csv/2283#100310355>				<https://panlex.org/snapshot/panlex-20191001-csv/2283#100310353>		"una"@es	<https://panlex.org/Adjectival>
"juclayla"@qva	<https://panlex.org/snapshot/panlex-20191001-csv/2283#100310355>				<https://panlex.org/snapshot/panlex-20191001-csv/2283#100310354>		"un"@es	<https://panlex.org/Adjectival>
"vientu"@qva	<https://panlex.org/snapshot/panlex-20191001-csv/2283#100310393>				<https://panlex.org/snapshot/panlex-20191001-csv/2283#100310391>		"viento"@es	
"ismay"@qva	<https://panlex.org/snapshot/panlex-20191001-csv/2283#100309970>				<https://panlex.org/snapshot/panlex-20191001-csv/2283#100309969>		"heces"@es	
"ismay"@qva	<https://panlex.org/snapshot/panlex-20191001-csv/2283#100309811>				<https://panlex.org/snapshot/panlex-20191001-csv/2283#100309810>		"defecar"@es	<https://panlex.org/IntransitiveVerb>
"quimsa"@qva	<https://panlex.org/snapshot/panlex-20191001-csv/2283#100310345>				<https://panlex.org/snapshot/panlex-20191001-csv/2283#100310344>		"tres"@es	<https://panlex.org/Adjectival>
"cushiy"@qva	<https://panlex.org/snapshot/panlex-20191001-csv/2283#100309604>				<https://panlex.org/snapshot/panlex-20191001-csv/2283#100309603>		"alegrarse"@es	<https://panlex.org/Verbal>
"jampi"@qva	<https://panlex.org/snapshot/panlex-20191001-csv/2283#100310227>				<https://panlex.org/snapshot/panlex-20191001-csv/2283#100310226>		"remedio"@es	
"isgun"@qva	<https://panlex.org/snapshot/panlex-20191001-csv/2283#100310136>				<https://panlex.org/snapshot/panlex-20191001-csv/2283#100310135>		"nueve"@es	<https://panlex.org/Adjectival>
"pampa"@qva	<https://panlex.org/snapshot/panlex-20191001-csv/2283#100310197>				<https://panlex.org/snapshot/panlex-20191001-csv/2283#100310196>		"plano"@es	<https://panlex.org/Adjectival>
"pampa"@qva	<https://panlex.org/snapshot/panlex-20191001-csv/2283#100310306>				<https://panlex.org/snapshot/panlex-20191001-csv/2283#100310305>		"suelo"@es	
"waranga"@qva	<https://panlex.org/snapshot/panlex-20191001-csv/2283#100310086>				<https://panlex.org/snapshot/panlex-20191001-csv/2283#100310085>		"mil"@es	<https://panlex.org/Adjectival>
"imanir"@qva	<https://panlex.org/snapshot/panlex-20191001-csv/2283#100310209>				<https://panlex.org/snapshot/panlex-20191001-csv/2283#100310208>		"por qué"@es	<https://panlex.org/Adverbial>
"imanir"@qva	<https://panlex.org/snapshot/panlex-20191001-csv/2283#100310207>				<https://panlex.org/snapshot/panlex-20191001-csv/2283#100310206>		"por"@es	<https://panlex.org/Preposition>
"chruscu"@qva	<https://panlex.org/snapshot/panlex-20191001-csv/2283#100309782>				<https://panlex.org/snapshot/panlex-20191001-csv/2283#100309781>		"cuatro"@es	<https://panlex.org/Adjectival>
"jati+cUy"@qva	<https://panlex.org/snapshot/panlex-20191001-csv/2283#100310382>				<https://panlex.org/snapshot/panlex-20191001-csv/2283#100310381>		"vestirse"@es	<https://panlex.org/TransitiveVerb>
"upyay"@qva	<https://panlex.org/snapshot/panlex-20191001-csv/2283#100309692>				<https://panlex.org/snapshot/panlex-20191001-csv/2283#100309691>		"beber"@es	<https://panlex.org/TransitiveVerb>
"upyay"@qva	<https://panlex.org/snapshot/panlex-20191001-csv/2283#100310339>				<https://panlex.org/snapshot/panlex-20191001-csv/2283#100310338>		"tomar"@es	<https://panlex.org/TransitiveVerb>
"yaycUy"@qva	<https://panlex.org/snapshot/panlex-20191001-csv/2283#100309890>				<https://panlex.org/snapshot/panlex-20191001-csv/2283#100309889>		"entrar"@es	<https://panlex.org/IntransitiveVerb>
"cuchuy"@qva	<https://panlex.org/snapshot/panlex-20191001-csv/2283#100309756>				<https://panlex.org/snapshot/panlex-20191001-csv/2283#100309755>		"cortar"@es	<https://panlex.org/TransitiveVerb>
"willca"@qva	<https://panlex.org/snapshot/panlex-20191001-csv/2283#100310116>				<https://panlex.org/snapshot/panlex-20191001-csv/2283#100310115>		"nieto"@es	
"maylla+cUy"@qva	<https://panlex.org/snapshot/panlex-20191001-csv/2283#100310028>				<https://panlex.org/snapshot/panlex-20191001-csv/2283#100310027>		"lavarse"@es	<https://panlex.org/Verbal>
"chruray"@qva	<https://panlex.org/snapshot/panlex-20191001-csv/2283#100310205>				<https://panlex.org/snapshot/panlex-20191001-csv/2283#100310204>		"poner"@es	<https://panlex.org/TransitiveVerb>
"yargUy"@qva	<https://panlex.org/snapshot/panlex-20191001-csv/2283#100310248>				<https://panlex.org/snapshot/panlex-20191001-csv/2283#100310247>		"salir"@es	<https://panlex.org/IntransitiveVerb>
"wac+chru"@qva	<https://panlex.org/snapshot/panlex-20191001-csv/2283#100309614>				<https://panlex.org/snapshot/panlex-20191001-csv/2283#100309613>		"allá"@es	<https://panlex.org/Adverbial>
"chucu"@qva	<https://panlex.org/snapshot/panlex-20191001-csv/2283#100310300>				<https://panlex.org/snapshot/panlex-20191001-csv/2283#100310299>		"sombrero"@es	
"ishca+yqui"@qva	<https://panlex.org/snapshot/panlex-20191001-csv/2283#100310361>				<https://panlex.org/snapshot/panlex-20191001-csv/2283#100310360>		"ustedes"@es	<https://panlex.org/PersonalPronoun>
"millwa"@qva	<https://panlex.org/snapshot/panlex-20191001-csv/2283#100310022>				<https://panlex.org/snapshot/panlex-20191001-csv/2283#100310021>		"lana"@es	
"taytala"@qva	<https://panlex.org/snapshot/panlex-20191001-csv/2283#100310279>				<https://panlex.org/snapshot/panlex-20191001-csv/2283#100310277>		"señor"@es	
"pani"@qva	<https://panlex.org/snapshot/panlex-20191001-csv/2283#100309972>				<https://panlex.org/snapshot/panlex-20191001-csv/2283#100309971>		"hermana"@es	
"tacsa"@qva	<https://panlex.org/snapshot/panlex-20191001-csv/2283#100309797>				<https://panlex.org/snapshot/panlex-20191001-csv/2283#100309795>		"chico"@es	<https://panlex.org/Adjectival>
"tacsa"@qva	<https://panlex.org/snapshot/panlex-20191001-csv/2283#100310187>				<https://panlex.org/snapshot/panlex-20191001-csv/2283#100310185>		"pequeño"@es	<https://panlex.org/Adjectival>
"ushay"@qva	<https://panlex.org/snapshot/panlex-20191001-csv/2283#100310323>				<https://panlex.org/snapshot/panlex-20191001-csv/2283#100310322>		"terminar"@es	<https://panlex.org/TransitiveVerb>
"shuntay"@qva	<https://panlex.org/snapshot/panlex-20191001-csv/2283#100310233>				<https://panlex.org/snapshot/panlex-20191001-csv/2283#100310232>		"reunir"@es	<https://panlex.org/TransitiveVerb>
"shuntay"@qva	<https://panlex.org/snapshot/panlex-20191001-csv/2283#100310223>				<https://panlex.org/snapshot/panlex-20191001-csv/2283#100310222>		"recoger"@es	<https://panlex.org/TransitiveVerb>
"nacay"@qva	<https://panlex.org/snapshot/panlex-20191001-csv/2283#100310308>				<https://panlex.org/snapshot/panlex-20191001-csv/2283#100310307>		"sufrir"@es	<https://panlex.org/IntransitiveVerb>
"nacay"@qva	<https://panlex.org/snapshot/panlex-20191001-csv/2283#100310167>				<https://panlex.org/snapshot/panlex-20191001-csv/2283#100310166>		"padecer"@es	<https://panlex.org/IntransitiveVerb>
"nacay"@qva	<https://panlex.org/snapshot/panlex-20191001-csv/2283#100309815>				<https://panlex.org/snapshot/panlex-20191001-csv/2283#100309814>		"demorar"@es	<https://panlex.org/IntransitiveVerb>
"caballu"@qva	<https://panlex.org/snapshot/panlex-20191001-csv/2283#100309711>				<https://panlex.org/snapshot/panlex-20191001-csv/2283#100309710>		"caballo"@es	
"warap warantin"@qva	<https://panlex.org/snapshot/panlex-20191001-csv/2283#100310067>				<https://panlex.org/snapshot/panlex-20191001-csv/2283#100310065>		"mañana"@es	
"cuti+chiy"@qva	<https://panlex.org/snapshot/panlex-20191001-csv/2283#100309829>				<https://panlex.org/snapshot/panlex-20191001-csv/2283#100309828>		"devolver"@es	<https://panlex.org/TransitiveVerb>
"inti"@qva	<https://panlex.org/snapshot/panlex-20191001-csv/2283#100310293>				<https://panlex.org/snapshot/panlex-20191001-csv/2283#100310292>		"sol"@es	
"cupay"@qva	<https://panlex.org/snapshot/panlex-20191001-csv/2283#100310291>				<https://panlex.org/snapshot/panlex-20191001-csv/2283#100310290>		"sobar"@es	<https://panlex.org/TransitiveVerb>
"chutay"@qva	<https://panlex.org/snapshot/panlex-20191001-csv/2283#100310014>				<https://panlex.org/snapshot/panlex-20191001-csv/2283#100310013>		"jalar"@es	<https://panlex.org/TransitiveVerb>
"ganyap ganyannin"@qva	<https://panlex.org/snapshot/panlex-20191001-csv/2283#100309635>				<https://panlex.org/snapshot/panlex-20191001-csv/2283#100309633>		"anteayer"@es	<https://panlex.org/Adverbial>
"nanay"@qva	<https://panlex.org/snapshot/panlex-20191001-csv/2283#100309844>				<https://panlex.org/snapshot/panlex-20191001-csv/2283#100309843>		"doler"@es	<https://panlex.org/IntransitiveVerb>
"nanay"@qva	<https://panlex.org/snapshot/panlex-20191001-csv/2283#100309846>				<https://panlex.org/snapshot/panlex-20191001-csv/2283#100309845>		"dolor"@es	
"mancha+chiy"@qva	<https://panlex.org/snapshot/panlex-20191001-csv/2283#100309659>				<https://panlex.org/snapshot/panlex-20191001-csv/2283#100309658>		"asustar"@es	<https://panlex.org/TransitiveVerb>
"üsha"@qva	<https://panlex.org/snapshot/panlex-20191001-csv/2283#100310165>				<https://panlex.org/snapshot/panlex-20191001-csv/2283#100310164>		"oveja"@es	
"cuyay"@qva	<https://panlex.org/snapshot/panlex-20191001-csv/2283#100309620>				<https://panlex.org/snapshot/panlex-20191001-csv/2283#100309619>		"amar"@es	<https://panlex.org/TransitiveVerb>
"intindiy"@qva	<https://panlex.org/snapshot/panlex-20191001-csv/2283#100309886>				<https://panlex.org/snapshot/panlex-20191001-csv/2283#100309884>		"entender"@es	<https://panlex.org/TransitiveVerb>
"jaca"@qva	<https://panlex.org/snapshot/panlex-20191001-csv/2283#100309788>				<https://panlex.org/snapshot/panlex-20191001-csv/2283#100309787>		"cuy"@es	<https://panlex.org/Noun>
"noga+nchi"@qva	<https://panlex.org/snapshot/panlex-20191001-csv/2283#100310132>				<https://panlex.org/snapshot/panlex-20191001-csv/2283#100310131>		"nosotros"@es	<https://panlex.org/PersonalPronoun>
"camiñu"@qva	<https://panlex.org/snapshot/panlex-20191001-csv/2283#100309718>				<https://panlex.org/snapshot/panlex-20191001-csv/2283#100309717>		"camino"@es	
"gasay"@qva	<https://panlex.org/snapshot/panlex-20191001-csv/2283#100309944>				<https://panlex.org/snapshot/panlex-20191001-csv/2283#100309943>		"hacer frío"@es	
"agcha"@qva	<https://panlex.org/snapshot/panlex-20191001-csv/2283#100310180>				<https://panlex.org/snapshot/panlex-20191001-csv/2283#100310179>		"pelo"@es	
"ayway"@qva	<https://panlex.org/snapshot/panlex-20191001-csv/2283#100310010>				<https://panlex.org/snapshot/panlex-20191001-csv/2283#100310009>		"ir"@es	<https://panlex.org/IntransitiveVerb>
"chaca"@qva	<https://panlex.org/snapshot/panlex-20191001-csv/2283#100310161>				<https://panlex.org/snapshot/panlex-20191001-csv/2283#100310160>		"oscuro"@es	<https://panlex.org/Adjectival>
"wera"@qva	<https://panlex.org/snapshot/panlex-20191001-csv/2283#100309952>				<https://panlex.org/snapshot/panlex-20191001-csv/2283#100309951>		"gordo"@es	<https://panlex.org/Adjectival>
"calintüra"@qva	<https://panlex.org/snapshot/panlex-20191001-csv/2283#100309935>				<https://panlex.org/snapshot/panlex-20191001-csv/2283#100309934>		"fiebre"@es	
"ashuy"@qva	<https://panlex.org/snapshot/panlex-20191001-csv/2283#100309606>				<https://panlex.org/snapshot/panlex-20191001-csv/2283#100309605>		"alejarse"@es	<https://panlex.org/Verbal>
"chraqui"@qva	<https://panlex.org/snapshot/panlex-20191001-csv/2283#100310191>				<https://panlex.org/snapshot/panlex-20191001-csv/2283#100310190>		"pie"@es	
"Noga"@qva	<https://panlex.org/snapshot/panlex-20191001-csv/2283#100310402>				<https://panlex.org/snapshot/panlex-20191001-csv/2283#100310401>		"yo"@es	<https://panlex.org/PersonalPronoun>
"gam"@qva	<https://panlex.org/snapshot/panlex-20191001-csv/2283#100310357>				<https://panlex.org/snapshot/panlex-20191001-csv/2283#100310356>		"usted"@es	<https://panlex.org/PersonalPronoun>
"gam"@qva	<https://panlex.org/snapshot/panlex-20191001-csv/2283#100310347>				<https://panlex.org/snapshot/panlex-20191001-csv/2283#100310346>		"tú"@es	<https://panlex.org/PersonalPronoun>
"magay"@qva	<https://panlex.org/snapshot/panlex-20191001-csv/2283#100310178>				<https://panlex.org/snapshot/panlex-20191001-csv/2283#100310177>		"pegar"@es	<https://panlex.org/TransitiveVerb>
"ima+nuy"@qva	<https://panlex.org/snapshot/panlex-20191001-csv/2283#100309744>				<https://panlex.org/snapshot/panlex-20191001-csv/2283#100309743>		"cómo"@es	<https://panlex.org/Adverbial>
"tullu"@qva	<https://panlex.org/snapshot/panlex-20191001-csv/2283#100310002>				<https://panlex.org/snapshot/panlex-20191001-csv/2283#100310001>		"hueso"@es	
"tullu"@qva	<https://panlex.org/snapshot/panlex-20191001-csv/2283#100310310>				<https://panlex.org/snapshot/panlex-20191001-csv/2283#100310309>		"tallo"@es	
"burricu"@qva	<https://panlex.org/snapshot/panlex-20191001-csv/2283#100309700>				<https://panlex.org/snapshot/panlex-20191001-csv/2283#100309699>		"borrico"@es	
"chrawa"@qva	<https://panlex.org/snapshot/panlex-20191001-csv/2283#100309774>				<https://panlex.org/snapshot/panlex-20191001-csv/2283#100309773>		"crudo"@es	<https://panlex.org/Adjectival>
"chaynuy"@qva	<https://panlex.org/snapshot/panlex-20191001-csv/2283#100309657>				<https://panlex.org/snapshot/panlex-20191001-csv/2283#100309656>		"así"@es	<https://panlex.org/Adverbial>
"gueru"@qva	<https://panlex.org/snapshot/panlex-20191001-csv/2283#100310050>				<https://panlex.org/snapshot/panlex-20191001-csv/2283#100310049>		"madera"@es	
"ganyan"@qva	<https://panlex.org/snapshot/panlex-20191001-csv/2283#100309665>				<https://panlex.org/snapshot/panlex-20191001-csv/2283#100309664>		"ayer"@es	<https://panlex.org/Adverbial>
"ura"@qva	<https://panlex.org/snapshot/panlex-20191001-csv/2283#100309581>				<https://panlex.org/snapshot/panlex-20191001-csv/2283#100309580>		"abajo"@es	<https://panlex.org/Adverbial>
"mana ima+pis"@qva	<https://panlex.org/snapshot/panlex-20191001-csv/2283#100310106>				<https://panlex.org/snapshot/panlex-20191001-csv/2283#100310105>		"nada"@es	<https://panlex.org/Pronominal>
"mayay"@qva	<https://panlex.org/snapshot/panlex-20191001-csv/2283#100310276>				<https://panlex.org/snapshot/panlex-20191001-csv/2283#100310275>		"sentir"@es	<https://panlex.org/TransitiveVerb>
"mayay"@qva	<https://panlex.org/snapshot/panlex-20191001-csv/2283#100309904>				<https://panlex.org/snapshot/panlex-20191001-csv/2283#100309903>		"escuchar"@es	<https://panlex.org/TransitiveVerb>
"mayay"@qva	<https://panlex.org/snapshot/panlex-20191001-csv/2283#100310143>				<https://panlex.org/snapshot/panlex-20191001-csv/2283#100310142>		"oír"@es	<https://panlex.org/TransitiveVerb>
"ragra"@qva	<https://panlex.org/snapshot/panlex-20191001-csv/2283#100310217>				<https://panlex.org/snapshot/panlex-20191001-csv/2283#100310216>		"quebrada"@es	
"wañuy"@qva	<https://panlex.org/snapshot/panlex-20191001-csv/2283#100310092>				<https://panlex.org/snapshot/panlex-20191001-csv/2283#100310091>		"morir"@es	<https://panlex.org/IntransitiveVerb>
"yana"@qva	<https://panlex.org/snapshot/panlex-20191001-csv/2283#100310114>				<https://panlex.org/snapshot/panlex-20191001-csv/2283#100310113>		"negro"@es	<https://panlex.org/Adjectival>
"aruy"@qva	<https://panlex.org/snapshot/panlex-20191001-csv/2283#100310341>				<https://panlex.org/snapshot/panlex-20191001-csv/2283#100310340>		"trabajar"@es	<https://panlex.org/TransitiveVerb>
"chaquiy"@qva	<https://panlex.org/snapshot/panlex-20191001-csv/2283#100310260>				<https://panlex.org/snapshot/panlex-20191001-csv/2283#100310259>		"secarse"@es	<https://panlex.org/Verbal>
"maygan"@qva	<https://panlex.org/snapshot/panlex-20191001-csv/2283#100309776>				<https://panlex.org/snapshot/panlex-20191001-csv/2283#100309775>		"cuál"@es	<https://panlex.org/InterrogativeProform>
"chaqui+chiy"@qva	<https://panlex.org/snapshot/panlex-20191001-csv/2283#100310258>				<https://panlex.org/snapshot/panlex-20191001-csv/2283#100310257>		"secar"@es	<https://panlex.org/TransitiveVerb>
"jucag"@qva	<https://panlex.org/snapshot/panlex-20191001-csv/2283#100310163>				<https://panlex.org/snapshot/panlex-20191001-csv/2283#100310162>		"otro"@es	<https://panlex.org/Adjectival>
"shuyay"@qva	<https://panlex.org/snapshot/panlex-20191001-csv/2283#100309917>				<https://panlex.org/snapshot/panlex-20191001-csv/2283#100309915>		"esperar"@es	<https://panlex.org/TransitiveVerb>
"bürru"@qva	<https://panlex.org/snapshot/panlex-20191001-csv/2283#100309709>				<https://panlex.org/snapshot/panlex-20191001-csv/2283#100309708>		"burro"@es	
"maqui"@qva	<https://panlex.org/snapshot/panlex-20191001-csv/2283#100310060>				<https://panlex.org/snapshot/panlex-20191001-csv/2283#100310059>		"mano"@es	
"galay"@qva	<https://panlex.org/snapshot/panlex-20191001-csv/2283#100309869>				<https://panlex.org/snapshot/panlex-20191001-csv/2283#100309868>		"empezar"@es	<https://panlex.org/TransitiveVerb>
"gueshpiy"@qva	<https://panlex.org/snapshot/panlex-20191001-csv/2283#100309902>				<https://panlex.org/snapshot/panlex-20191001-csv/2283#100309901>		"escapar"@es	<https://panlex.org/IntransitiveVerb>
"au"@qva	<https://panlex.org/snapshot/panlex-20191001-csv/2283#100310283>				<https://panlex.org/snapshot/panlex-20191001-csv/2283#100310282>		"sí"@es	<https://panlex.org/Adverbial>
"guepa"@qva	<https://panlex.org/snapshot/panlex-20191001-csv/2283#100309825>				<https://panlex.org/snapshot/panlex-20191001-csv/2283#100309824>		"detrás"@es	<https://panlex.org/Adverbial>
"quiru"@qva	<https://panlex.org/snapshot/panlex-20191001-csv/2283#100309833>				<https://panlex.org/snapshot/panlex-20191001-csv/2283#100309832>		"diente"@es	
"quiru"@qva	<https://panlex.org/snapshot/panlex-20191001-csv/2283#100310096>				<https://panlex.org/snapshot/panlex-20191001-csv/2283#100310095>		"muela"@es	
"gonga+cUy"@qva	<https://panlex.org/snapshot/panlex-20191001-csv/2283#100310149>				<https://panlex.org/snapshot/panlex-20191001-csv/2283#100310148>		"olvidarse"@es	<https://panlex.org/Verbal>
"mancha+cUy"@qva	<https://panlex.org/snapshot/panlex-20191001-csv/2283#100309661>				<https://panlex.org/snapshot/panlex-20191001-csv/2283#100309660>		"asustarse"@es	<https://panlex.org/Verbal>
"chrunca ishcaynin"@qva	<https://panlex.org/snapshot/panlex-20191001-csv/2283#100309841>				<https://panlex.org/snapshot/panlex-20191001-csv/2283#100309840>		"doce"@es	<https://panlex.org/Adjectival>
"iti wamra"@qva	<https://panlex.org/snapshot/panlex-20191001-csv/2283#100309688>				<https://panlex.org/snapshot/panlex-20191001-csv/2283#100309687>		"bebé"@es	
"aycha"@qva	<https://panlex.org/snapshot/panlex-20191001-csv/2283#100309724>				<https://panlex.org/snapshot/panlex-20191001-csv/2283#100309723>		"carne"@es	
"junag"@qva	<https://panlex.org/snapshot/panlex-20191001-csv/2283#100309831>				<https://panlex.org/snapshot/panlex-20191001-csv/2283#100309830>		"día"@es	
"puncu"@qva	<https://panlex.org/snapshot/panlex-20191001-csv/2283#100309591>				<https://panlex.org/snapshot/panlex-20191001-csv/2283#100309590>		"afuera"@es	<https://panlex.org/Adverbial>
"wasi"@qva	<https://panlex.org/snapshot/panlex-20191001-csv/2283#100309726>				<https://panlex.org/snapshot/panlex-20191001-csv/2283#100309725>		"casa"@es	
"mica+nay"@qva	<https://panlex.org/snapshot/panlex-20191001-csv/2283#100310319>				<https://panlex.org/snapshot/panlex-20191001-csv/2283#100310317>		"tener"@es	<https://panlex.org/TransitiveVerb>
"ricra"@qva	<https://panlex.org/snapshot/panlex-20191001-csv/2283#100309705>				<https://panlex.org/snapshot/panlex-20191001-csv/2283#100309704>		"brazo"@es	
"pay"@qva	<https://panlex.org/snapshot/panlex-20191001-csv/2283#100309862>				<https://panlex.org/snapshot/panlex-20191001-csv/2283#100309861>		"él"@es	<https://panlex.org/PersonalPronoun>
"tariy"@qva	<https://panlex.org/snapshot/panlex-20191001-csv/2283#100309875>				<https://panlex.org/snapshot/panlex-20191001-csv/2283#100309874>		"encontrar"@es	<https://panlex.org/TransitiveVerb>
"puchcay"@qva	<https://panlex.org/snapshot/panlex-20191001-csv/2283#100309990>				<https://panlex.org/snapshot/panlex-20191001-csv/2283#100309989>		"hilar"@es	<https://panlex.org/TransitiveVerb>
"pushay"@qva	<https://panlex.org/snapshot/panlex-20191001-csv/2283#100309960>				<https://panlex.org/snapshot/panlex-20191001-csv/2283#100309959>		"guiar"@es	<https://panlex.org/TransitiveVerb>
"wichrgay"@qva	<https://panlex.org/snapshot/panlex-20191001-csv/2283#100309728>				<https://panlex.org/snapshot/panlex-20191001-csv/2283#100309727>		"cerrar"@es	<https://panlex.org/TransitiveVerb>
"ishpay"@qva	<https://panlex.org/snapshot/panlex-20191001-csv/2283#100310156>				<https://panlex.org/snapshot/panlex-20191001-csv/2283#100310155>		"orinar"@es	<https://panlex.org/IntransitiveVerb>
"casquiy"@qva	<https://panlex.org/snapshot/panlex-20191001-csv/2283#100310076>				<https://panlex.org/snapshot/panlex-20191001-csv/2283#100310075>		"mentir"@es	<https://panlex.org/IntransitiveVerb>
"juc+la"@qva	<https://panlex.org/snapshot/panlex-20191001-csv/2283#100310386>				<https://panlex.org/snapshot/panlex-20191001-csv/2283#100310385>		"de una vez"@es	
"iti wawa"@qva	<https://panlex.org/snapshot/panlex-20191001-csv/2283#100309686>				<https://panlex.org/snapshot/panlex-20191001-csv/2283#100309685>		"bebé"@es	
"apay"@qva	<https://panlex.org/snapshot/panlex-20191001-csv/2283#100310040>				<https://panlex.org/snapshot/panlex-20191001-csv/2283#100310039>		"llevar"@es	<https://panlex.org/TransitiveVerb>
"ichog"@qva	<https://panlex.org/snapshot/panlex-20191001-csv/2283#100310012>				<https://panlex.org/snapshot/panlex-20191001-csv/2283#100310011>		"izquierdo"@es	<https://panlex.org/Adjectival>
"juc"@qva	<https://panlex.org/snapshot/panlex-20191001-csv/2283#100310351>				<https://panlex.org/snapshot/panlex-20191001-csv/2283#100310350>		"un"@es	<https://panlex.org/Adjectival>
"juc"@qva	<https://panlex.org/snapshot/panlex-20191001-csv/2283#100310351>				<https://panlex.org/snapshot/panlex-20191001-csv/2283#100310349>		"una"@es	<https://panlex.org/Adjectival>
"juc"@qva	<https://panlex.org/snapshot/panlex-20191001-csv/2283#100310351>				<https://panlex.org/snapshot/panlex-20191001-csv/2283#100310348>		"uno"@es	<https://panlex.org/Adjectival>
"may"@qva	<https://panlex.org/snapshot/panlex-20191001-csv/2283#100309848>				<https://panlex.org/snapshot/panlex-20191001-csv/2283#100309847>		"dónde"@es	<https://panlex.org/Adverbial>
"churi"@qva	<https://panlex.org/snapshot/panlex-20191001-csv/2283#100309982>				<https://panlex.org/snapshot/panlex-20191001-csv/2283#100309981>		"hijo"@es	
"arma+chiy"@qva	<https://panlex.org/snapshot/panlex-20191001-csv/2283#100309673>				<https://panlex.org/snapshot/panlex-20191001-csv/2283#100309671>		"bañar"@es	<https://panlex.org/TransitiveVerb>
"chay"@qva	<https://panlex.org/snapshot/panlex-20191001-csv/2283#100309907>				<https://panlex.org/snapshot/panlex-20191001-csv/2283#100309905>		"ese"@es	<https://panlex.org/Adjectival>
"chay"@qva	<https://panlex.org/snapshot/panlex-20191001-csv/2283#100309907>				<https://panlex.org/snapshot/panlex-20191001-csv/2283#100309906>		"esa"@es	<https://panlex.org/Adjectival>
"chay"@qva	<https://panlex.org/snapshot/panlex-20191001-csv/2283#100309911>				<https://panlex.org/snapshot/panlex-20191001-csv/2283#100309910>		"eso"@es	<https://panlex.org/Pronominal>
"chay"@qva	<https://panlex.org/snapshot/panlex-20191001-csv/2283#100309911>				<https://panlex.org/snapshot/panlex-20191001-csv/2283#100309908>		"ése"@es	<https://panlex.org/Pronominal>
"chay"@qva	<https://panlex.org/snapshot/panlex-20191001-csv/2283#100309911>				<https://panlex.org/snapshot/panlex-20191001-csv/2283#100309909>		"esa"@es	<https://panlex.org/Pronominal>
