"tír mór"@ga	<https://panlex.org/snapshot/panlex-20191001-csv/1573#50084962>				<https://panlex.org/snapshot/panlex-20191001-csv/1573#50084905>		"кантинент"@aqc	
"tulach"@ga	<https://panlex.org/snapshot/panlex-20191001-csv/1573#50083565>				<https://panlex.org/snapshot/panlex-20191001-csv/1573#50083425>		"хъуьн"@aqc	
"tulach"@ga	<https://panlex.org/snapshot/panlex-20191001-csv/1573#50083565>				<https://panlex.org/snapshot/panlex-20191001-csv/1573#50083424>		"хъІун"@aqc	
"tulach"@ga	<https://panlex.org/snapshot/panlex-20191001-csv/1573#50083565>				<https://panlex.org/snapshot/panlex-20191001-csv/1573#50083423>		"мул"@aqc	
"uaimh"@ga	<https://panlex.org/snapshot/panlex-20191001-csv/1573#50085470>				<https://panlex.org/snapshot/panlex-20191001-csv/1573#50085395>		"нох"@aqc	
"sliabh"@ga	<https://panlex.org/snapshot/panlex-20191001-csv/1573#50083564>				<https://panlex.org/snapshot/panlex-20191001-csv/1573#50083425>		"хъуьн"@aqc	
"sliabh"@ga	<https://panlex.org/snapshot/panlex-20191001-csv/1573#50083564>				<https://panlex.org/snapshot/panlex-20191001-csv/1573#50083424>		"хъІун"@aqc	
"sliabh"@ga	<https://panlex.org/snapshot/panlex-20191001-csv/1573#50083564>				<https://panlex.org/snapshot/panlex-20191001-csv/1573#50083423>		"мул"@aqc	
"socair"@ga	<https://panlex.org/snapshot/panlex-20191001-csv/1573#50086180>				<https://panlex.org/snapshot/panlex-20191001-csv/1573#50086119>		"къа-абчуттуб"@aqc	
"socair"@ga	<https://panlex.org/snapshot/panlex-20191001-csv/1573#50086180>				<https://panlex.org/snapshot/panlex-20191001-csv/1573#50086118>		"къа-абчутту"@aqc	
"socair"@ga	<https://panlex.org/snapshot/panlex-20191001-csv/1573#50086180>				<https://panlex.org/snapshot/panlex-20191001-csv/1573#50086120>		"оллъуттуб"@aqc	
"coire tuathail"@ga	<https://panlex.org/snapshot/panlex-20191001-csv/1573#50088698>				<https://panlex.org/snapshot/panlex-20191001-csv/1573#50088632>		"билъв"@aqc	
"corrach"@ga	<https://panlex.org/snapshot/panlex-20191001-csv/1573#50089282>				<https://panlex.org/snapshot/panlex-20191001-csv/1573#50089197>		"лъамцІа"@aqc	
"sruthán"@ga	<https://panlex.org/snapshot/panlex-20191001-csv/1573#50088335>				<https://panlex.org/snapshot/panlex-20191001-csv/1573#50088177>		"гьаІтара"@aqc	
"sruthán"@ga	<https://panlex.org/snapshot/panlex-20191001-csv/1573#50088335>				<https://panlex.org/snapshot/panlex-20191001-csv/1573#50088178>		"гьаІтыра"@aqc	
"láib"@ga	<https://panlex.org/snapshot/panlex-20191001-csv/1573#50082976>				<https://panlex.org/snapshot/panlex-20191001-csv/1573#50082875>		"оІбо"@aqc	
"láib"@ga	<https://panlex.org/snapshot/panlex-20191001-csv/1573#50082976>				<https://panlex.org/snapshot/panlex-20191001-csv/1573#50082876>		"пирчихІ"@aqc	
"puiteach"@ga	<https://panlex.org/snapshot/panlex-20191001-csv/1573#50082978>				<https://panlex.org/snapshot/panlex-20191001-csv/1573#50082875>		"оІбо"@aqc	
"puiteach"@ga	<https://panlex.org/snapshot/panlex-20191001-csv/1573#50082978>				<https://panlex.org/snapshot/panlex-20191001-csv/1573#50082876>		"пирчихІ"@aqc	
"ard"@ga	<https://panlex.org/snapshot/panlex-20191001-csv/1573#50083561>				<https://panlex.org/snapshot/panlex-20191001-csv/1573#50083425>		"хъуьн"@aqc	
"ard"@ga	<https://panlex.org/snapshot/panlex-20191001-csv/1573#50083561>				<https://panlex.org/snapshot/panlex-20191001-csv/1573#50083424>		"хъІун"@aqc	
"ard"@ga	<https://panlex.org/snapshot/panlex-20191001-csv/1573#50083561>				<https://panlex.org/snapshot/panlex-20191001-csv/1573#50083423>		"мул"@aqc	
"eas"@ga	<https://panlex.org/snapshot/panlex-20191001-csv/1573#50089520>				<https://panlex.org/snapshot/panlex-20191001-csv/1573#50089451>		"ллъан чаххьІарттут мачІ"@aqc	
"míntír"@ga	<https://panlex.org/snapshot/panlex-20191001-csv/1573#50084960>				<https://panlex.org/snapshot/panlex-20191001-csv/1573#50084905>		"кантинент"@aqc	
"pluda"@ga	<https://panlex.org/snapshot/panlex-20191001-csv/1573#50082977>				<https://panlex.org/snapshot/panlex-20191001-csv/1573#50082875>		"оІбо"@aqc	
"pluda"@ga	<https://panlex.org/snapshot/panlex-20191001-csv/1573#50082977>				<https://panlex.org/snapshot/panlex-20191001-csv/1573#50082876>		"пирчихІ"@aqc	
"ilchríoch"@ga	<https://panlex.org/snapshot/panlex-20191001-csv/1573#50084959>				<https://panlex.org/snapshot/panlex-20191001-csv/1573#50084905>		"кантинент"@aqc	
"ithir"@ga	<https://panlex.org/snapshot/panlex-20191001-csv/1573#50082381>				<https://panlex.org/snapshot/panlex-20191001-csv/1573#50082291>		"накъв"@aqc	
"linn"@ga	<https://panlex.org/snapshot/panlex-20191001-csv/1573#50086949>				<https://panlex.org/snapshot/panlex-20191001-csv/1573#50086866>		"баІри"@aqc	
"gaineamh"@ga	<https://panlex.org/snapshot/panlex-20191001-csv/1573#50083244>				<https://panlex.org/snapshot/panlex-20191001-csv/1573#50083166>		"сарси"@aqc	
"beann"@ga	<https://panlex.org/snapshot/panlex-20191001-csv/1573#50083562>				<https://panlex.org/snapshot/panlex-20191001-csv/1573#50083425>		"хъуьн"@aqc	
"beann"@ga	<https://panlex.org/snapshot/panlex-20191001-csv/1573#50083562>				<https://panlex.org/snapshot/panlex-20191001-csv/1573#50083424>		"хъІун"@aqc	
"beann"@ga	<https://panlex.org/snapshot/panlex-20191001-csv/1573#50083562>				<https://panlex.org/snapshot/panlex-20191001-csv/1573#50083423>		"мул"@aqc	
"neamh"@ga	<https://panlex.org/snapshot/panlex-20191001-csv/1573#50091124>				<https://panlex.org/snapshot/panlex-20191001-csv/1573#50091036>		"дунил"@aqc	
"foinse"@ga	<https://panlex.org/snapshot/panlex-20191001-csv/1573#50088953>				<https://panlex.org/snapshot/panlex-20191001-csv/1573#50088826>		"зулу"@aqc	
"oileán"@ga	<https://panlex.org/snapshot/panlex-20191001-csv/1573#50084761>				<https://panlex.org/snapshot/panlex-20191001-csv/1573#50084690>		"чІинкІиллъи"@aqc	
"carraig"@ga	<https://panlex.org/snapshot/panlex-20191001-csv/1573#50090580>				<https://panlex.org/snapshot/panlex-20191001-csv/1573#50090448>		"чІеле"@aqc	
"carraig"@ga	<https://panlex.org/snapshot/panlex-20191001-csv/1573#50090580>				<https://panlex.org/snapshot/panlex-20191001-csv/1573#50090447>		"хъвеІн"@aqc	
"deannach"@ga	<https://panlex.org/snapshot/panlex-20191001-csv/1573#50082686>				<https://panlex.org/snapshot/panlex-20191001-csv/1573#50082604>		"гун"@aqc	
"fuarán"@ga	<https://panlex.org/snapshot/panlex-20191001-csv/1573#50088954>				<https://panlex.org/snapshot/panlex-20191001-csv/1573#50088826>		"зулу"@aqc	
"domhan"@ga	<https://panlex.org/snapshot/panlex-20191001-csv/1573#50081781>				<https://panlex.org/snapshot/panlex-20191001-csv/1573#50081699>		"дунил"@aqc	
"domhan"@ga	<https://panlex.org/snapshot/panlex-20191001-csv/1573#50081781>				<https://panlex.org/snapshot/panlex-20191001-csv/1573#50081700>		"дунял"@aqc	
"ciúin"@ga	<https://panlex.org/snapshot/panlex-20191001-csv/1573#50086179>				<https://panlex.org/snapshot/panlex-20191001-csv/1573#50086119>		"къа-абчуттуб"@aqc	
"ciúin"@ga	<https://panlex.org/snapshot/panlex-20191001-csv/1573#50086179>				<https://panlex.org/snapshot/panlex-20191001-csv/1573#50086118>		"къа-абчутту"@aqc	
"ciúin"@ga	<https://panlex.org/snapshot/panlex-20191001-csv/1573#50086179>				<https://panlex.org/snapshot/panlex-20191001-csv/1573#50086120>		"оллъуттуб"@aqc	
"uain"@ga	<https://panlex.org/snapshot/panlex-20191001-csv/1573#50087699>				<https://panlex.org/snapshot/panlex-20191001-csv/1573#50087622>		"щваІлтІ"@aqc	
"glár"@ga	<https://panlex.org/snapshot/panlex-20191001-csv/1573#50082974>				<https://panlex.org/snapshot/panlex-20191001-csv/1573#50082875>		"оІбо"@aqc	
"glár"@ga	<https://panlex.org/snapshot/panlex-20191001-csv/1573#50082974>				<https://panlex.org/snapshot/panlex-20191001-csv/1573#50082876>		"пирчихІ"@aqc	
"craig"@ga	<https://panlex.org/snapshot/panlex-20191001-csv/1573#50090582>				<https://panlex.org/snapshot/panlex-20191001-csv/1573#50090448>		"чІеле"@aqc	
"craig"@ga	<https://panlex.org/snapshot/panlex-20191001-csv/1573#50090582>				<https://panlex.org/snapshot/panlex-20191001-csv/1573#50090447>		"хъвеІн"@aqc	
"spéir"@ga	<https://panlex.org/snapshot/panlex-20191001-csv/1573#50091125>				<https://panlex.org/snapshot/panlex-20191001-csv/1573#50091036>		"дунил"@aqc	
"adhmad"@ga	<https://panlex.org/snapshot/panlex-20191001-csv/1573#50090271>				<https://panlex.org/snapshot/panlex-20191001-csv/1573#50090184>		"цІахІан"@aqc	
"cúr"@ga	<https://panlex.org/snapshot/panlex-20191001-csv/1573#50086540>				<https://panlex.org/snapshot/panlex-20191001-csv/1573#50086470>		"молъ"@aqc	
"fiodh-"@ga	<https://panlex.org/snapshot/panlex-20191001-csv/1573#50090272>				<https://panlex.org/snapshot/panlex-20191001-csv/1573#50090184>		"цІахІан"@aqc	
"tobar"@ga	<https://panlex.org/snapshot/panlex-20191001-csv/1573#50088955>				<https://panlex.org/snapshot/panlex-20191001-csv/1573#50088826>		"зулу"@aqc	
"coill"@ga	<https://panlex.org/snapshot/panlex-20191001-csv/1573#50089727>				<https://panlex.org/snapshot/panlex-20191001-csv/1573#50089639>		"х̅вак"@aqc	
"coill"@ga	<https://panlex.org/snapshot/panlex-20191001-csv/1573#50089727>				<https://panlex.org/snapshot/panlex-20191001-csv/1573#50089640>		"ххвак"@aqc	
"loch"@ga	<https://panlex.org/snapshot/panlex-20191001-csv/1573#50086950>				<https://panlex.org/snapshot/panlex-20191001-csv/1573#50086866>		"баІри"@aqc	
"draoib"@ga	<https://panlex.org/snapshot/panlex-20191001-csv/1573#50082973>				<https://panlex.org/snapshot/panlex-20191001-csv/1573#50082875>		"оІбо"@aqc	
"draoib"@ga	<https://panlex.org/snapshot/panlex-20191001-csv/1573#50082973>				<https://panlex.org/snapshot/panlex-20191001-csv/1573#50082876>		"пирчихІ"@aqc	
"garbh"@ga	<https://panlex.org/snapshot/panlex-20191001-csv/1573#50086361>				<https://panlex.org/snapshot/panlex-20191001-csv/1573#50086301>		"гьаІлакдуб"@aqc	
"garbh"@ga	<https://panlex.org/snapshot/panlex-20191001-csv/1573#50086361>				<https://panlex.org/snapshot/panlex-20191001-csv/1573#50086302>		"хирих ебттили"@aqc	
"smúit"@ga	<https://panlex.org/snapshot/panlex-20191001-csv/1573#50082687>				<https://panlex.org/snapshot/panlex-20191001-csv/1573#50082604>		"гун"@aqc	
"machaire"@ga	<https://panlex.org/snapshot/panlex-20191001-csv/1573#50084247>				<https://panlex.org/snapshot/panlex-20191001-csv/1573#50084123>		"къаркъи"@aqc	
"machaire"@ga	<https://panlex.org/snapshot/panlex-20191001-csv/1573#50084247>				<https://panlex.org/snapshot/panlex-20191001-csv/1573#50084126>		"чийлагъ"@aqc	
"machaire"@ga	<https://panlex.org/snapshot/panlex-20191001-csv/1573#50084247>				<https://panlex.org/snapshot/panlex-20191001-csv/1573#50084124>		"ух"@aqc	
"machaire"@ga	<https://panlex.org/snapshot/panlex-20191001-csv/1573#50084247>				<https://panlex.org/snapshot/panlex-20191001-csv/1573#50084125>		"чейлагъ"@aqc	
"gleann"@ga	<https://panlex.org/snapshot/panlex-20191001-csv/1573#50084548>				<https://panlex.org/snapshot/panlex-20191001-csv/1573#50084470>		"чейлакъ"@aqc	
"gleann"@ga	<https://panlex.org/snapshot/panlex-20191001-csv/1573#50084548>				<https://panlex.org/snapshot/panlex-20191001-csv/1573#50084469>		"къакул"@aqc	
"coire guairdill"@ga	<https://panlex.org/snapshot/panlex-20191001-csv/1573#50088696>				<https://panlex.org/snapshot/panlex-20191001-csv/1573#50088632>		"билъв"@aqc	
"má"@ga	<https://panlex.org/snapshot/panlex-20191001-csv/1573#50084248>				<https://panlex.org/snapshot/panlex-20191001-csv/1573#50084123>		"къаркъи"@aqc	
"má"@ga	<https://panlex.org/snapshot/panlex-20191001-csv/1573#50084248>				<https://panlex.org/snapshot/panlex-20191001-csv/1573#50084126>		"чийлагъ"@aqc	
"má"@ga	<https://panlex.org/snapshot/panlex-20191001-csv/1573#50084248>				<https://panlex.org/snapshot/panlex-20191001-csv/1573#50084124>		"ух"@aqc	
"má"@ga	<https://panlex.org/snapshot/panlex-20191001-csv/1573#50084248>				<https://panlex.org/snapshot/panlex-20191001-csv/1573#50084125>		"чейлагъ"@aqc	
"fód"@ga	<https://panlex.org/snapshot/panlex-20191001-csv/1573#50082380>				<https://panlex.org/snapshot/panlex-20191001-csv/1573#50082291>		"накъв"@aqc	
"abhainn"@ga	<https://panlex.org/snapshot/panlex-20191001-csv/1573#50088333>				<https://panlex.org/snapshot/panlex-20191001-csv/1573#50088177>		"гьаІтара"@aqc	
"abhainn"@ga	<https://panlex.org/snapshot/panlex-20191001-csv/1573#50088333>				<https://panlex.org/snapshot/panlex-20191001-csv/1573#50088178>		"гьаІтыра"@aqc	
"farraige"@ga	<https://panlex.org/snapshot/panlex-20191001-csv/1573#50085967>				<https://panlex.org/snapshot/panlex-20191001-csv/1573#50085899>		"лъат"@aqc	
"grian"@ga	<https://panlex.org/snapshot/panlex-20191001-csv/1573#50091374>				<https://panlex.org/snapshot/panlex-20191001-csv/1573#50091289>		"бархъ"@aqc	
"muir"@ga	<https://panlex.org/snapshot/panlex-20191001-csv/1573#50085968>				<https://panlex.org/snapshot/panlex-20191001-csv/1573#50085899>		"лъат"@aqc	
"corcach"@ga	<https://panlex.org/snapshot/panlex-20191001-csv/1573#50089281>				<https://panlex.org/snapshot/panlex-20191001-csv/1573#50089197>		"лъамцІа"@aqc	
"Mór-roinn"@ga	<https://panlex.org/snapshot/panlex-20191001-csv/1573#50084958>				<https://panlex.org/snapshot/panlex-20191001-csv/1573#50084905>		"кантинент"@aqc	
"sruth"@ga	<https://panlex.org/snapshot/panlex-20191001-csv/1573#50088334>				<https://panlex.org/snapshot/panlex-20191001-csv/1573#50088177>		"гьаІтара"@aqc	
"sruth"@ga	<https://panlex.org/snapshot/panlex-20191001-csv/1573#50088334>				<https://panlex.org/snapshot/panlex-20191001-csv/1573#50088178>		"гьаІтыра"@aqc	
"clábar"@ga	<https://panlex.org/snapshot/panlex-20191001-csv/1573#50082972>				<https://panlex.org/snapshot/panlex-20191001-csv/1573#50082875>		"оІбо"@aqc	
"clábar"@ga	<https://panlex.org/snapshot/panlex-20191001-csv/1573#50082972>				<https://panlex.org/snapshot/panlex-20191001-csv/1573#50082876>		"пирчихІ"@aqc	
"cré"@ga	<https://panlex.org/snapshot/panlex-20191001-csv/1573#50082379>				<https://panlex.org/snapshot/panlex-20191001-csv/1573#50082291>		"накъв"@aqc	
"cré"@ga	<https://panlex.org/snapshot/panlex-20191001-csv/1573#50082685>				<https://panlex.org/snapshot/panlex-20191001-csv/1573#50082604>		"гун"@aqc	
"crann"@ga	<https://panlex.org/snapshot/panlex-20191001-csv/1573#50090021>				<https://panlex.org/snapshot/panlex-20191001-csv/1573#50089928>		"хъватІи"@aqc	
"coire guairneáin"@ga	<https://panlex.org/snapshot/panlex-20191001-csv/1573#50088697>				<https://panlex.org/snapshot/panlex-20191001-csv/1573#50088632>		"билъв"@aqc	
"cloch"@ga	<https://panlex.org/snapshot/panlex-20191001-csv/1573#50090581>				<https://panlex.org/snapshot/panlex-20191001-csv/1573#50090448>		"чІеле"@aqc	
"cloch"@ga	<https://panlex.org/snapshot/panlex-20191001-csv/1573#50090581>				<https://panlex.org/snapshot/panlex-20191001-csv/1573#50090447>		"хъвеІн"@aqc	
"coipeadh"@ga	<https://panlex.org/snapshot/panlex-20191001-csv/1573#50086539>				<https://panlex.org/snapshot/panlex-20191001-csv/1573#50086470>		"молъ"@aqc	
"tonn"@ga	<https://panlex.org/snapshot/panlex-20191001-csv/1573#50087698>				<https://panlex.org/snapshot/panlex-20191001-csv/1573#50087622>		"щваІлтІ"@aqc	
"tír"@ga	<https://panlex.org/snapshot/panlex-20191001-csv/1573#50082057>				<https://panlex.org/snapshot/panlex-20191001-csv/1573#50081949>		"улка"@aqc	
"tír"@ga	<https://panlex.org/snapshot/panlex-20191001-csv/1573#50082057>				<https://panlex.org/snapshot/panlex-20191001-csv/1573#50081950>		"хІукумат"@aqc	
"tír"@ga	<https://panlex.org/snapshot/panlex-20191001-csv/1573#50082057>				<https://panlex.org/snapshot/panlex-20191001-csv/1573#50081948>		"накъв"@aqc	
"uisce"@ga	<https://panlex.org/snapshot/panlex-20191001-csv/1573#50085717>				<https://panlex.org/snapshot/panlex-20191001-csv/1573#50085635>		"лълъан"@aqc	
"uisce"@ga	<https://panlex.org/snapshot/panlex-20191001-csv/1573#50085717>				<https://panlex.org/snapshot/panlex-20191001-csv/1573#50085634>		"ллъан"@aqc	
"saol"@ga	<https://panlex.org/snapshot/panlex-20191001-csv/1573#50081782>				<https://panlex.org/snapshot/panlex-20191001-csv/1573#50081699>		"дунил"@aqc	
"saol"@ga	<https://panlex.org/snapshot/panlex-20191001-csv/1573#50081782>				<https://panlex.org/snapshot/panlex-20191001-csv/1573#50081700>		"дунял"@aqc	
"bogach"@ga	<https://panlex.org/snapshot/panlex-20191001-csv/1573#50089280>				<https://panlex.org/snapshot/panlex-20191001-csv/1573#50089197>		"лъамцІа"@aqc	
"mórthír"@ga	<https://panlex.org/snapshot/panlex-20191001-csv/1573#50084961>				<https://panlex.org/snapshot/panlex-20191001-csv/1573#50084905>		"кантинент"@aqc	
"crith talún"@ga	<https://panlex.org/snapshot/panlex-20191001-csv/1573#50090916>				<https://panlex.org/snapshot/panlex-20191001-csv/1573#50090849>		"накъв х̅ирих-кумул"@aqc	
"crith talún"@ga	<https://panlex.org/snapshot/panlex-20191001-csv/1573#50090916>				<https://panlex.org/snapshot/panlex-20191001-csv/1573#50090848>		"дунил хирих-кумул"@aqc	
"inis"@ga	<https://panlex.org/snapshot/panlex-20191001-csv/1573#50084760>				<https://panlex.org/snapshot/panlex-20191001-csv/1573#50084690>		"чІинкІиллъи"@aqc	
"cnoc"@ga	<https://panlex.org/snapshot/panlex-20191001-csv/1573#50083563>				<https://panlex.org/snapshot/panlex-20191001-csv/1573#50083425>		"хъуьн"@aqc	
"cnoc"@ga	<https://panlex.org/snapshot/panlex-20191001-csv/1573#50083563>				<https://panlex.org/snapshot/panlex-20191001-csv/1573#50083424>		"хъІун"@aqc	
"cnoc"@ga	<https://panlex.org/snapshot/panlex-20191001-csv/1573#50083563>				<https://panlex.org/snapshot/panlex-20191001-csv/1573#50083423>		"мул"@aqc	
"riasc"@ga	<https://panlex.org/snapshot/panlex-20191001-csv/1573#50089283>				<https://panlex.org/snapshot/panlex-20191001-csv/1573#50089197>		"лъамцІа"@aqc	
"lathach"@ga	<https://panlex.org/snapshot/panlex-20191001-csv/1573#50082975>				<https://panlex.org/snapshot/panlex-20191001-csv/1573#50082875>		"оІбо"@aqc	
"lathach"@ga	<https://panlex.org/snapshot/panlex-20191001-csv/1573#50082975>				<https://panlex.org/snapshot/panlex-20191001-csv/1573#50082876>		"пирчихІ"@aqc	
"talamh"@ga	<https://panlex.org/snapshot/panlex-20191001-csv/1573#50082382>				<https://panlex.org/snapshot/panlex-20191001-csv/1573#50082291>		"накъв"@aqc	
"talamh"@ga	<https://panlex.org/snapshot/panlex-20191001-csv/1573#50082056>				<https://panlex.org/snapshot/panlex-20191001-csv/1573#50081949>		"улка"@aqc	
"talamh"@ga	<https://panlex.org/snapshot/panlex-20191001-csv/1573#50082056>				<https://panlex.org/snapshot/panlex-20191001-csv/1573#50081950>		"хІукумат"@aqc	
"talamh"@ga	<https://panlex.org/snapshot/panlex-20191001-csv/1573#50082056>				<https://panlex.org/snapshot/panlex-20191001-csv/1573#50081948>		"накъв"@aqc	
"Déardaoin"@ga	<https://panlex.org/snapshot/panlex-20191001-csv/2892#110825675>				<https://panlex.org/snapshot/panlex-20191001-csv/2892#110825445>		"хамиз"@aqc	
"Dé Domhnaigh"@ga	<https://panlex.org/snapshot/panlex-20191001-csv/2892#110826615>				<https://panlex.org/snapshot/panlex-20191001-csv/2892#110826591>		"аӏхӏат"@aqc	
"Dé Domhnaigh"@ga	<https://panlex.org/snapshot/panlex-20191001-csv/2892#110826615>				<https://panlex.org/snapshot/panlex-20191001-csv/2892#110826646>		"выхадной"@aqc	
"Dé Sathairn"@ga	<https://panlex.org/snapshot/panlex-20191001-csv/2892#110826306>				<https://panlex.org/snapshot/panlex-20191001-csv/2892#110826216>		"суббота"@aqc	
"Dé Sathairn"@ga	<https://panlex.org/snapshot/panlex-20191001-csv/2892#110826306>				<https://panlex.org/snapshot/panlex-20191001-csv/2892#110826128>		"деӏкълин-ихъ"@aqc	
"Dé hAoine"@ga	<https://panlex.org/snapshot/panlex-20191001-csv/2892#110825938>				<https://panlex.org/snapshot/panlex-20191001-csv/2892#110826051>		"пятница"@aqc	
"Dé hAoine"@ga	<https://panlex.org/snapshot/panlex-20191001-csv/2892#110825938>				<https://panlex.org/snapshot/panlex-20191001-csv/2892#110826074>		"рузман"@aqc	
"Dé Céadaoin"@ga	<https://panlex.org/snapshot/panlex-20191001-csv/2892#110824889>				<https://panlex.org/snapshot/panlex-20191001-csv/2892#110825042>		"середа"@aqc	
"Dé Céadaoin"@ga	<https://panlex.org/snapshot/panlex-20191001-csv/2892#110824889>				<https://panlex.org/snapshot/panlex-20191001-csv/2892#110825235>		"аӏрба"@aqc	
"Dé Luain"@ga	<https://panlex.org/snapshot/panlex-20191001-csv/2892#110824189>				<https://panlex.org/snapshot/panlex-20191001-csv/2892#110824412>		"итни"@aqc	
"Dé Luain"@ga	<https://panlex.org/snapshot/panlex-20191001-csv/2892#110824189>				<https://panlex.org/snapshot/panlex-20191001-csv/2892#110824288>		"пониделник"@aqc	
"Dé Máirt"@ga	<https://panlex.org/snapshot/panlex-20191001-csv/2892#110824619>				<https://panlex.org/snapshot/panlex-20191001-csv/2892#110824827>		"далат"@aqc	
"Dé Máirt"@ga	<https://panlex.org/snapshot/panlex-20191001-csv/2892#110824619>				<https://panlex.org/snapshot/panlex-20191001-csv/2892#110824587>		"вторник"@aqc	
"Dé Doṁnaiġ"@ga	<https://panlex.org/snapshot/panlex-20191001-csv/2892#110826970>				<https://panlex.org/snapshot/panlex-20191001-csv/2892#110826591>		"аӏхӏат"@aqc	
"Dé Doṁnaiġ"@ga	<https://panlex.org/snapshot/panlex-20191001-csv/2892#110826970>				<https://panlex.org/snapshot/panlex-20191001-csv/2892#110826646>		"выхадной"@aqc	
"Dé Saṫairn"@ga	<https://panlex.org/snapshot/panlex-20191001-csv/2892#110826373>				<https://panlex.org/snapshot/panlex-20191001-csv/2892#110826216>		"суббота"@aqc	
"Dé Saṫairn"@ga	<https://panlex.org/snapshot/panlex-20191001-csv/2892#110826373>				<https://panlex.org/snapshot/panlex-20191001-csv/2892#110826128>		"деӏкълин-ихъ"@aqc	
