"cat"@ga	<https://panlex.org/snapshot/panlex-20191001-csv/2129#11694530>				<https://panlex.org/snapshot/panlex-20191001-csv/2129#11694517>		"gàt"@egl	
"uisce"@ga	<https://panlex.org/snapshot/panlex-20191001-csv/2131#11695188>				<https://panlex.org/snapshot/panlex-20191001-csv/2131#11695146>		"âcua"@egl	
"Flórans"@ga	<https://panlex.org/snapshot/panlex-20191001-csv/5939#80817747>				<https://panlex.org/snapshot/panlex-20191001-csv/5939#80817738>		"Fiuränza"@egl	
"Genova"@ga	<https://panlex.org/snapshot/panlex-20191001-csv/5939#80834889>				<https://panlex.org/snapshot/panlex-20191001-csv/5939#80834879>		"Zêna"@egl	
"an Fhrainc"@ga	<https://panlex.org/snapshot/panlex-20191001-csv/5949#85323572>				<https://panlex.org/snapshot/panlex-20191001-csv/5949#85323559>		"Franza"@egl	
"Grian"@ga	<https://panlex.org/snapshot/panlex-20191001-csv/5949#85320902>				<https://panlex.org/snapshot/panlex-20191001-csv/5949#85320887>		"Såul"@egl	
"An Rúis"@ga	<https://panlex.org/snapshot/panlex-20191001-csv/5949#85319454>				<https://panlex.org/snapshot/panlex-20191001-csv/5949#85319439>		"Rossia"@egl	
"An Tuirc"@ga	<https://panlex.org/snapshot/panlex-20191001-csv/5949#85322505>				<https://panlex.org/snapshot/panlex-20191001-csv/5949#85322490>		"Turchî"@egl	
"stair"@ga	<https://panlex.org/snapshot/panlex-20191001-csv/5942#83282248>				<https://panlex.org/snapshot/panlex-20191001-csv/5942#83282234>		"stòria"@egl	
"farraige"@ga	<https://panlex.org/snapshot/panlex-20191001-csv/5942#83283205>				<https://panlex.org/snapshot/panlex-20191001-csv/5942#83283195>		"mèr"@egl	
"Amairis"@ga	<https://panlex.org/snapshot/panlex-20191001-csv/405#13626302>				<https://panlex.org/snapshot/panlex-20191001-csv/405#13626273>		"itagliàn"@egl	
"Teangacha Atapascacha Deisceartacha"@ga	<https://panlex.org/snapshot/panlex-20191001-csv/405#13624689>				<https://panlex.org/snapshot/panlex-20191001-csv/405#13624610>		"tedèsch"@egl	
"Afracáinis"@ga	<https://panlex.org/snapshot/panlex-20191001-csv/405#13620279>				<https://panlex.org/snapshot/panlex-20191001-csv/405#13620269>		"afrikaans"@egl	
"Spáinnis"@ga	<https://panlex.org/snapshot/panlex-20191001-csv/405#13632063>				<https://panlex.org/snapshot/panlex-20191001-csv/405#13632051>		"spagnôl"@egl	
"sliabh"@ga	<https://panlex.org/snapshot/panlex-20191001-csv/19#1044601>				<https://panlex.org/snapshot/panlex-20191001-csv/19#1044594>		"muntâgna"@egl	
"uisce"@ga	<https://panlex.org/snapshot/panlex-20191001-csv/12#850929>				<https://panlex.org/snapshot/panlex-20191001-csv/12#850899>		"aqua"@egl	
"uisce"@ga	<https://panlex.org/snapshot/panlex-20191001-csv/8#149148>				<https://panlex.org/snapshot/panlex-20191001-csv/8#149137>		"âcua"@egl	
"Satarn"@ga	<https://panlex.org/snapshot/panlex-20191001-csv/10#576756>				<https://panlex.org/snapshot/panlex-20191001-csv/10#576745>		"Saturn"@egl	
"faolchú"@ga	<https://panlex.org/snapshot/panlex-20191001-csv/3776#91734014>				<https://panlex.org/snapshot/panlex-20191001-csv/3776#91733998>		"låuv"@egl	
"carraig"@ga	<https://panlex.org/snapshot/panlex-20191001-csv/3776#91617001>				<https://panlex.org/snapshot/panlex-20191001-csv/3776#91616990>		"sâs"@egl	
"uisce"@ga	<https://panlex.org/snapshot/panlex-20191001-csv/11#787566>				<https://panlex.org/snapshot/panlex-20191001-csv/11#787539>		"aqua"@egl	
"cat"@ga	<https://panlex.org/snapshot/panlex-20191001-csv/11#795611>				<https://panlex.org/snapshot/panlex-20191001-csv/11#795601>		"gàt"@egl	
"Déardaoin"@ga	<https://panlex.org/snapshot/panlex-20191001-csv/2892#110825675>				<https://panlex.org/snapshot/panlex-20191001-csv/2892#110825492>		"źòbia"@egl	
"Dé Domhnaigh"@ga	<https://panlex.org/snapshot/panlex-20191001-csv/2892#110826615>				<https://panlex.org/snapshot/panlex-20191001-csv/2892#110826703>		"dméndga"@egl	
"Dé Domhnaigh"@ga	<https://panlex.org/snapshot/panlex-20191001-csv/2892#110826615>				<https://panlex.org/snapshot/panlex-20191001-csv/2892#110826820>		"dménga"@egl	
"Dé Sathairn"@ga	<https://panlex.org/snapshot/panlex-20191001-csv/2892#110826306>				<https://panlex.org/snapshot/panlex-20191001-csv/2892#110826467>		"sàbat"@egl	
"Dé hAoine"@ga	<https://panlex.org/snapshot/panlex-20191001-csv/2892#110825938>				<https://panlex.org/snapshot/panlex-20191001-csv/2892#110826093>		"vènar"@egl	
"Dé Céadaoin"@ga	<https://panlex.org/snapshot/panlex-20191001-csv/2892#110824889>				<https://panlex.org/snapshot/panlex-20191001-csv/2892#110825196>		"mèrcul"@egl	
"Dé Luain"@ga	<https://panlex.org/snapshot/panlex-20191001-csv/2892#110824189>				<https://panlex.org/snapshot/panlex-20191001-csv/2892#110824298>		"lùnî"@egl	
"Dé Máirt"@ga	<https://panlex.org/snapshot/panlex-20191001-csv/2892#110824619>				<https://panlex.org/snapshot/panlex-20191001-csv/2892#110824596>		"màrti"@egl	
"Dé Doṁnaiġ"@ga	<https://panlex.org/snapshot/panlex-20191001-csv/2892#110826970>				<https://panlex.org/snapshot/panlex-20191001-csv/2892#110826703>		"dméndga"@egl	
"Dé Doṁnaiġ"@ga	<https://panlex.org/snapshot/panlex-20191001-csv/2892#110826970>				<https://panlex.org/snapshot/panlex-20191001-csv/2892#110826820>		"dménga"@egl	
"Dé Saṫairn"@ga	<https://panlex.org/snapshot/panlex-20191001-csv/2892#110826373>				<https://panlex.org/snapshot/panlex-20191001-csv/2892#110826467>		"sàbat"@egl	
"Eanáir"@ga	<https://panlex.org/snapshot/panlex-20191001-csv/2897#110827101>				<https://panlex.org/snapshot/panlex-20191001-csv/2897#110827443>		"źnàr"@egl	
"Márta"@ga	<https://panlex.org/snapshot/panlex-20191001-csv/2897#110827931>				<https://panlex.org/snapshot/panlex-20191001-csv/2897#110828244>		"màrz"@egl	
"Meán Fómhair"@ga	<https://panlex.org/snapshot/panlex-20191001-csv/2897#110830471>				<https://panlex.org/snapshot/panlex-20191001-csv/2897#110830652>		"setémbar"@egl	
"Iúil"@ga	<https://panlex.org/snapshot/panlex-20191001-csv/2897#110829661>				<https://panlex.org/snapshot/panlex-20191001-csv/2897#110829481>		"lùj"@egl	
"Samhain"@ga	<https://panlex.org/snapshot/panlex-20191001-csv/2897#110831151>				<https://panlex.org/snapshot/panlex-20191001-csv/2897#110831434>		"nuvémbar"@egl	
"Nollaig"@ga	<https://panlex.org/snapshot/panlex-20191001-csv/2897#110831851>				<https://panlex.org/snapshot/panlex-20191001-csv/2897#110831700>		"dizémbar"@egl	
"Feabhra"@ga	<https://panlex.org/snapshot/panlex-20191001-csv/2897#110827610>				<https://panlex.org/snapshot/panlex-20191001-csv/2897#110827533>		"favràr"@egl	
"Deireadh Fómhair"@ga	<https://panlex.org/snapshot/panlex-20191001-csv/2897#110831060>				<https://panlex.org/snapshot/panlex-20191001-csv/2897#110830904>		"utóbar"@egl	
"Lúnasa"@ga	<https://panlex.org/snapshot/panlex-20191001-csv/2897#110830124>				<https://panlex.org/snapshot/panlex-20191001-csv/2897#110830036>		"agóst"@egl	
"Deireaḋ Fóṁair"@ga	<https://panlex.org/snapshot/panlex-20191001-csv/2897#110831014>				<https://panlex.org/snapshot/panlex-20191001-csv/2897#110830904>		"utóbar"@egl	
"Meitheamh"@ga	<https://panlex.org/snapshot/panlex-20191001-csv/2897#110829456>				<https://panlex.org/snapshot/panlex-20191001-csv/2897#110829452>		"źugn"@egl	
"Meán Fóṁair"@ga	<https://panlex.org/snapshot/panlex-20191001-csv/2897#110830542>				<https://panlex.org/snapshot/panlex-20191001-csv/2897#110830652>		"setémbar"@egl	
"Feaḃra"@ga	<https://panlex.org/snapshot/panlex-20191001-csv/2897#110827751>				<https://panlex.org/snapshot/panlex-20191001-csv/2897#110827533>		"favràr"@egl	
"Meiṫeaṁ"@ga	<https://panlex.org/snapshot/panlex-20191001-csv/2897#110829096>				<https://panlex.org/snapshot/panlex-20191001-csv/2897#110829452>		"źugn"@egl	
"Saṁain"@ga	<https://panlex.org/snapshot/panlex-20191001-csv/2897#110831302>				<https://panlex.org/snapshot/panlex-20191001-csv/2897#110831434>		"nuvémbar"@egl	
"Bealtaine"@ga	<https://panlex.org/snapshot/panlex-20191001-csv/2897#110828837>				<https://panlex.org/snapshot/panlex-20191001-csv/2897#110828826>		"màģ"@egl	
"Aibreán"@ga	<https://panlex.org/snapshot/panlex-20191001-csv/2897#110828551>				<https://panlex.org/snapshot/panlex-20191001-csv/2897#110828306>		"avrìl"@egl	
