"аргон"@mok	<https://panlex.org/snapshot/panlex-20191001-csv/187#51058732>				<https://panlex.org/snapshot/panlex-20191001-csv/187#51058744>		"аргон"@ru	
"роди"@mok	<https://panlex.org/snapshot/panlex-20191001-csv/187#51065854>				<https://panlex.org/snapshot/panlex-20191001-csv/187#51065866>		"родий"@ru	
"рубиди"@mok	<https://panlex.org/snapshot/panlex-20191001-csv/187#51065467>				<https://panlex.org/snapshot/panlex-20191001-csv/187#51065479>		"рубидий"@ru	
"марганцае"@mok	<https://panlex.org/snapshot/panlex-20191001-csv/187#51063446>				<https://panlex.org/snapshot/panlex-20191001-csv/187#51063458>		"марганец"@ru	
"тали"@mok	<https://panlex.org/snapshot/panlex-20191001-csv/187#51067565>				<https://panlex.org/snapshot/panlex-20191001-csv/187#51067577>		"таллий"@ru	
"менделеви"@mok	<https://panlex.org/snapshot/panlex-20191001-csv/187#51063244>				<https://panlex.org/snapshot/panlex-20191001-csv/187#51063256>		"менделевий"@ru	
"крома"@mok	<https://panlex.org/snapshot/panlex-20191001-csv/187#51060527>				<https://panlex.org/snapshot/panlex-20191001-csv/187#51060539>		"хром"@ru	
"цези"@mok	<https://panlex.org/snapshot/panlex-20191001-csv/187#51060630>				<https://panlex.org/snapshot/panlex-20191001-csv/187#51060642>		"цезий"@ru	
"клора"@mok	<https://panlex.org/snapshot/panlex-20191001-csv/187#51060141>				<https://panlex.org/snapshot/panlex-20191001-csv/187#51060153>		"хлор"@ru	
"ерби"@mok	<https://panlex.org/snapshot/panlex-20191001-csv/187#51061122>				<https://panlex.org/snapshot/panlex-20191001-csv/187#51061134>		"эрбий"@ru	
"сирнае"@mok	<https://panlex.org/snapshot/panlex-20191001-csv/187#51059035>				<https://panlex.org/snapshot/panlex-20191001-csv/187#51059048>		"золото"@ru	
"терби"@mok	<https://panlex.org/snapshot/panlex-20191001-csv/187#51067059>				<https://panlex.org/snapshot/panlex-20191001-csv/187#51067071>		"тербий"@ru	
"зенон"@mok	<https://panlex.org/snapshot/panlex-20191001-csv/187#51067767>				<https://panlex.org/snapshot/panlex-20191001-csv/187#51067779>		"ксенон"@ru	
"текнеци"@mok	<https://panlex.org/snapshot/panlex-20191001-csv/187#51067160>				<https://panlex.org/snapshot/panlex-20191001-csv/187#51067172>		"технеций"@ru	
"брома"@mok	<https://panlex.org/snapshot/panlex-20191001-csv/187#51059633>				<https://panlex.org/snapshot/panlex-20191001-csv/187#51059645>		"бром"@ru	
"диспрози"@mok	<https://panlex.org/snapshot/panlex-20191001-csv/187#51061020>				<https://panlex.org/snapshot/panlex-20191001-csv/187#51061032>		"диспрозий"@ru	
"сканди"@mok	<https://panlex.org/snapshot/panlex-20191001-csv/187#51066257>				<https://panlex.org/snapshot/panlex-20191001-csv/187#51066269>		"скандий"@ru	
"алюмини"@mok	<https://panlex.org/snapshot/panlex-20191001-csv/187#51058530>				<https://panlex.org/snapshot/panlex-20191001-csv/187#51058544>		"алюминий"@ru	
"инди"@mok	<https://panlex.org/snapshot/panlex-20191001-csv/187#51062535>				<https://panlex.org/snapshot/panlex-20191001-csv/187#51062547>		"индий"@ru	
"равжа киви"@mok	<https://panlex.org/snapshot/panlex-20191001-csv/187#51066753>				<https://panlex.org/snapshot/panlex-20191001-csv/187#51066767>		"олово"@ru	
"телури"@mok	<https://panlex.org/snapshot/panlex-20191001-csv/187#51067259>				<https://panlex.org/snapshot/panlex-20191001-csv/187#51067271>		"теллур"@ru	
"сере"@mok	<https://panlex.org/snapshot/panlex-20191001-csv/187#51060732>				<https://panlex.org/snapshot/panlex-20191001-csv/187#51060747>		"медь"@ru	
"ради"@mok	<https://panlex.org/snapshot/panlex-20191001-csv/187#51065366>				<https://panlex.org/snapshot/panlex-20191001-csv/187#51065378>		"радий"@ru	
"криптон"@mok	<https://panlex.org/snapshot/panlex-20191001-csv/187#51062735>				<https://panlex.org/snapshot/panlex-20191001-csv/187#51062747>		"криптон"@ru	
"ьевропи"@mok	<https://panlex.org/snapshot/panlex-20191001-csv/187#51061324>				<https://panlex.org/snapshot/panlex-20191001-csv/187#51061336>		"европий"@ru	
"калифорни"@mok	<https://panlex.org/snapshot/panlex-20191001-csv/187#51060040>				<https://panlex.org/snapshot/panlex-20191001-csv/187#51060052>		"калифорний"@ru	
"курчатови"@mok	<https://panlex.org/snapshot/panlex-20191001-csv/187#51065668>				<https://panlex.org/snapshot/panlex-20191001-csv/187#51065681>		"курчатовий"@ru	
"курчатови"@mok	<https://panlex.org/snapshot/panlex-20191001-csv/187#51065668>				<https://panlex.org/snapshot/panlex-20191001-csv/187#51065680>		"резерфордий"@ru	
"ириди"@mok	<https://panlex.org/snapshot/panlex-20191001-csv/187#51062636>				<https://panlex.org/snapshot/panlex-20191001-csv/187#51062648>		"иридий"@ru	
"пургев"@mok	<https://panlex.org/snapshot/panlex-20191001-csv/187#51059736>				<https://panlex.org/snapshot/panlex-20191001-csv/187#51059749>		"кальций"@ru	
"осми"@mok	<https://panlex.org/snapshot/panlex-20191001-csv/187#51064453>				<https://panlex.org/snapshot/panlex-20191001-csv/187#51064465>		"осмий"@ru	
"селени"@mok	<https://panlex.org/snapshot/panlex-20191001-csv/187#51066357>				<https://panlex.org/snapshot/panlex-20191001-csv/187#51066369>		"селен"@ru	
"титан"@mok	<https://panlex.org/snapshot/panlex-20191001-csv/187#51067464>				<https://panlex.org/snapshot/panlex-20191001-csv/187#51067476>		"титан"@ru	
"сия"@mok	<https://panlex.org/snapshot/panlex-20191001-csv/187#51058428>				<https://panlex.org/snapshot/panlex-20191001-csv/187#51058440>		"серебро"@ru	
"актини"@mok	<https://panlex.org/snapshot/panlex-20191001-csv/187#51058331>				<https://panlex.org/snapshot/panlex-20191001-csv/187#51058343>		"актиний"@ru	
"тули"@mok	<https://panlex.org/snapshot/panlex-20191001-csv/187#51067666>				<https://panlex.org/snapshot/panlex-20191001-csv/187#51067678>		"тулий"@ru	
"зрня"@mok	<https://panlex.org/snapshot/panlex-20191001-csv/187#51059036>				<https://panlex.org/snapshot/panlex-20191001-csv/187#51059048>		"золото"@ru	
"самари"@mok	<https://panlex.org/snapshot/panlex-20191001-csv/187#51066654>				<https://panlex.org/snapshot/panlex-20191001-csv/187#51066666>		"самарий"@ru	
"астата"@mok	<https://panlex.org/snapshot/panlex-20191001-csv/187#51058935>				<https://panlex.org/snapshot/panlex-20191001-csv/187#51058948>		"астат"@ru	
"астата"@mok	<https://panlex.org/snapshot/panlex-20191001-csv/187#51058935>				<https://panlex.org/snapshot/panlex-20191001-csv/187#51058949>		"астатин"@ru	
"кишни"@mok	<https://panlex.org/snapshot/panlex-20191001-csv/187#51061424>				<https://panlex.org/snapshot/panlex-20191001-csv/187#51061437>		"железо"@ru	
"гели"@mok	<https://panlex.org/snapshot/panlex-20191001-csv/187#51062032>				<https://panlex.org/snapshot/panlex-20191001-csv/187#51062044>		"гелий"@ru	
"нобели"@mok	<https://panlex.org/snapshot/panlex-20191001-csv/187#51064251>				<https://panlex.org/snapshot/panlex-20191001-csv/187#51064263>		"нобелий"@ru	
"ниоби"@mok	<https://panlex.org/snapshot/panlex-20191001-csv/187#51063846>				<https://panlex.org/snapshot/panlex-20191001-csv/187#51063858>		"ниобий"@ru	
"бари"@mok	<https://panlex.org/snapshot/panlex-20191001-csv/187#51059138>				<https://panlex.org/snapshot/panlex-20191001-csv/187#51059150>		"барий"@ru	
"сияжа"@mok	<https://panlex.org/snapshot/panlex-20191001-csv/187#51065163>				<https://panlex.org/snapshot/panlex-20191001-csv/187#51065176>		"платина"@ru	
"висмут"@mok	<https://panlex.org/snapshot/panlex-20191001-csv/187#51059431>				<https://panlex.org/snapshot/panlex-20191001-csv/187#51059444>		"висмут"@ru	
"америки"@mok	<https://panlex.org/snapshot/panlex-20191001-csv/187#51058633>				<https://panlex.org/snapshot/panlex-20191001-csv/187#51058645>		"америций"@ru	
"гафни"@mok	<https://panlex.org/snapshot/panlex-20191001-csv/187#51062133>				<https://panlex.org/snapshot/panlex-20191001-csv/187#51062145>		"гафний"@ru	
"гадолини"@mok	<https://panlex.org/snapshot/panlex-20191001-csv/187#51061830>				<https://panlex.org/snapshot/panlex-20191001-csv/187#51061842>		"гадолиний"@ru	
"лантан"@mok	<https://panlex.org/snapshot/panlex-20191001-csv/187#51062837>				<https://panlex.org/snapshot/panlex-20191001-csv/187#51062849>		"лантан"@ru	
"праседими"@mok	<https://panlex.org/snapshot/panlex-20191001-csv/187#51065062>				<https://panlex.org/snapshot/panlex-20191001-csv/187#51065074>		"празеодим"@ru	
"кшни"@mok	<https://panlex.org/snapshot/panlex-20191001-csv/187#51061425>				<https://panlex.org/snapshot/panlex-20191001-csv/187#51061437>		"железо"@ru	
"нилсбори"@mok	<https://panlex.org/snapshot/panlex-20191001-csv/187#51060833>				<https://panlex.org/snapshot/panlex-20191001-csv/187#51060845>		"дубний"@ru	
"нилсбори"@mok	<https://panlex.org/snapshot/panlex-20191001-csv/187#51060833>				<https://panlex.org/snapshot/panlex-20191001-csv/187#51060846>		"нильсборий"@ru	
"серае"@mok	<https://panlex.org/snapshot/panlex-20191001-csv/187#51060731>				<https://panlex.org/snapshot/panlex-20191001-csv/187#51060747>		"медь"@ru	
"радон"@mok	<https://panlex.org/snapshot/panlex-20191001-csv/187#51065953>				<https://panlex.org/snapshot/panlex-20191001-csv/187#51065965>		"радон"@ru	
"германи"@mok	<https://panlex.org/snapshot/panlex-20191001-csv/187#51061931>				<https://panlex.org/snapshot/panlex-20191001-csv/187#51061943>		"германий"@ru	
"валдакиви"@mok	<https://panlex.org/snapshot/panlex-20191001-csv/187#51066752>				<https://panlex.org/snapshot/panlex-20191001-csv/187#51066767>		"олово"@ru	
"цери"@mok	<https://panlex.org/snapshot/panlex-20191001-csv/187#51059941>				<https://panlex.org/snapshot/panlex-20191001-csv/187#51059953>		"церий"@ru	
"ловренси"@mok	<https://panlex.org/snapshot/panlex-20191001-csv/187#51063042>				<https://panlex.org/snapshot/panlex-20191001-csv/187#51063054>		"лоуренсий"@ru	
"молибден"@mok	<https://panlex.org/snapshot/panlex-20191001-csv/187#51063546>				<https://panlex.org/snapshot/panlex-20191001-csv/187#51063558>		"молибден"@ru	
"ферми"@mok	<https://panlex.org/snapshot/panlex-20191001-csv/187#51061527>				<https://panlex.org/snapshot/panlex-20191001-csv/187#51061539>		"фермий"@ru	
"франци"@mok	<https://panlex.org/snapshot/panlex-20191001-csv/187#51061628>				<https://panlex.org/snapshot/panlex-20191001-csv/187#51061640>		"франций"@ru	
"протактини"@mok	<https://panlex.org/snapshot/panlex-20191001-csv/187#51064555>				<https://panlex.org/snapshot/panlex-20191001-csv/187#51064567>		"протактиний"@ru	
"лити"@mok	<https://panlex.org/snapshot/panlex-20191001-csv/187#51062939>				<https://panlex.org/snapshot/panlex-20191001-csv/187#51062951>		"литий"@ru	
"палади"@mok	<https://panlex.org/snapshot/panlex-20191001-csv/187#51064759>				<https://panlex.org/snapshot/panlex-20191001-csv/187#51064771>		"палладий"@ru	
"магни"@mok	<https://panlex.org/snapshot/panlex-20191001-csv/187#51063346>				<https://panlex.org/snapshot/panlex-20191001-csv/187#51063359>		"магний"@ru	
"ктаем"@mok	<https://panlex.org/snapshot/panlex-20191001-csv/187#51066551>				<https://panlex.org/snapshot/panlex-20191001-csv/187#51066565>		"кремний"@ru	
"цинка"@mok	<https://panlex.org/snapshot/panlex-20191001-csv/187#51067967>				<https://panlex.org/snapshot/panlex-20191001-csv/187#51067980>		"цинк"@ru	
"киви"@mok	<https://panlex.org/snapshot/panlex-20191001-csv/187#51064654>				<https://panlex.org/snapshot/panlex-20191001-csv/187#51064668>		"свинец"@ru	
"нодими"@mok	<https://panlex.org/snapshot/panlex-20191001-csv/187#51063947>				<https://panlex.org/snapshot/panlex-20191001-csv/187#51063959>		"неодим"@ru	
"итерби"@mok	<https://panlex.org/snapshot/panlex-20191001-csv/187#51067870>				<https://panlex.org/snapshot/panlex-20191001-csv/187#51067882>		"иттербий"@ru	
"лтети"@mok	<https://panlex.org/snapshot/panlex-20191001-csv/187#51063145>				<https://panlex.org/snapshot/panlex-20191001-csv/187#51063157>		"лютеций"@ru	
"аериксия"@mok	<https://panlex.org/snapshot/panlex-20191001-csv/187#51062236>				<https://panlex.org/snapshot/panlex-20191001-csv/187#51062250>		"ртуть"@ru	
"сурьма"@mok	<https://panlex.org/snapshot/panlex-20191001-csv/187#51066154>				<https://panlex.org/snapshot/panlex-20191001-csv/187#51066167>		"сурьма"@ru	
"суляма"@mok	<https://panlex.org/snapshot/panlex-20191001-csv/187#51058834>				<https://panlex.org/snapshot/panlex-20191001-csv/187#51058846>		"мышъяк"@ru	
"плутони"@mok	<https://panlex.org/snapshot/panlex-20191001-csv/187#51065265>				<https://panlex.org/snapshot/panlex-20191001-csv/187#51065277>		"плутоний"@ru	
"кадми"@mok	<https://panlex.org/snapshot/panlex-20191001-csv/187#51059839>				<https://panlex.org/snapshot/panlex-20191001-csv/187#51059851>		"кадмий"@ru	
"кобгль"@mok	<https://panlex.org/snapshot/panlex-20191001-csv/187#51060425>				<https://panlex.org/snapshot/panlex-20191001-csv/187#51060438>		"кобальт"@ru	
"берили"@mok	<https://panlex.org/snapshot/panlex-20191001-csv/187#51059239>				<https://panlex.org/snapshot/panlex-20191001-csv/187#51059251>		"бериллий"@ru	
"рени"@mok	<https://panlex.org/snapshot/panlex-20191001-csv/187#51065568>				<https://panlex.org/snapshot/panlex-20191001-csv/187#51065580>		"рений"@ru	
"тантал"@mok	<https://panlex.org/snapshot/panlex-20191001-csv/187#51066957>				<https://panlex.org/snapshot/panlex-20191001-csv/187#51066969>		"тантал"@ru	
"гали"@mok	<https://panlex.org/snapshot/panlex-20191001-csv/187#51061729>				<https://panlex.org/snapshot/panlex-20191001-csv/187#51061741>		"галлий"@ru	
"стронти"@mok	<https://panlex.org/snapshot/panlex-20191001-csv/187#51066857>				<https://panlex.org/snapshot/panlex-20191001-csv/187#51066869>		"стронций"@ru	
"неон"@mok	<https://panlex.org/snapshot/panlex-20191001-csv/187#51064048>				<https://panlex.org/snapshot/panlex-20191001-csv/187#51064060>		"неон"@ru	
"нептуни"@mok	<https://panlex.org/snapshot/panlex-20191001-csv/187#51064352>				<https://panlex.org/snapshot/panlex-20191001-csv/187#51064364>		"нептуний"@ru	
"натри"@mok	<https://panlex.org/snapshot/panlex-20191001-csv/187#51063742>				<https://panlex.org/snapshot/panlex-20191001-csv/187#51063755>		"натрий"@ru	
"рутени"@mok	<https://panlex.org/snapshot/panlex-20191001-csv/187#51066054>				<https://panlex.org/snapshot/panlex-20191001-csv/187#51066066>		"рутений"@ru	
"никиль"@mok	<https://panlex.org/snapshot/panlex-20191001-csv/187#51064150>				<https://panlex.org/snapshot/panlex-20191001-csv/187#51064162>		"никель"@ru	
"полони"@mok	<https://panlex.org/snapshot/panlex-20191001-csv/187#51064961>				<https://panlex.org/snapshot/panlex-20191001-csv/187#51064973>		"полоний"@ru	
"тори"@mok	<https://panlex.org/snapshot/panlex-20191001-csv/187#51067361>				<https://panlex.org/snapshot/panlex-20191001-csv/187#51067373>		"торий"@ru	
"кури"@mok	<https://panlex.org/snapshot/panlex-20191001-csv/187#51060243>				<https://panlex.org/snapshot/panlex-20191001-csv/187#51060255>		"кюрий"@ru	
"беркли"@mok	<https://panlex.org/snapshot/panlex-20191001-csv/187#51059533>				<https://panlex.org/snapshot/panlex-20191001-csv/187#51059545>		"беркелий"@ru	
"холми"@mok	<https://panlex.org/snapshot/panlex-20191001-csv/187#51062342>				<https://panlex.org/snapshot/panlex-20191001-csv/187#51062354>		"голъмий"@ru	
"еинстеини"@mok	<https://panlex.org/snapshot/panlex-20191001-csv/187#51061223>				<https://panlex.org/snapshot/panlex-20191001-csv/187#51061235>		"эйнштейний"@ru	
"промети"@mok	<https://panlex.org/snapshot/panlex-20191001-csv/187#51064861>				<https://panlex.org/snapshot/panlex-20191001-csv/187#51064873>		"прометий"@ru	
"циркони"@mok	<https://panlex.org/snapshot/panlex-20191001-csv/187#51068071>				<https://panlex.org/snapshot/panlex-20191001-csv/187#51068083>		"цирконий"@ru	
