"Албания"@krc	<https://panlex.org/snapshot/panlex-20191001-csv/5947#84579720>				<https://panlex.org/snapshot/panlex-20191001-csv/5947#84579661>		"Arnawudiye"@diq	
"Туркия"@krc	<https://panlex.org/snapshot/panlex-20191001-csv/5949#85322543>				<https://panlex.org/snapshot/panlex-20191001-csv/5949#85322487>		"Tırkiya"@diq	
"Нарсана"@krc	<https://panlex.org/snapshot/panlex-20191001-csv/5949#85313105>				<https://panlex.org/snapshot/panlex-20191001-csv/5949#85313087>		"Kislovodsk"@diq	
"ёкюл"@krc	<https://panlex.org/snapshot/panlex-20191001-csv/5949#85333180>				<https://panlex.org/snapshot/panlex-20191001-csv/5949#85333147>		"avoqat"@diq	
"Латвия"@krc	<https://panlex.org/snapshot/panlex-20191001-csv/5949#85314317>				<https://panlex.org/snapshot/panlex-20191001-csv/5949#85314259>		"Letonya"@diq	
"август"@krc	<https://panlex.org/snapshot/panlex-20191001-csv/5949#85329406>				<https://panlex.org/snapshot/panlex-20191001-csv/5949#85329318>		"tebaxe"@diq	
"Австралия"@krc	<https://panlex.org/snapshot/panlex-20191001-csv/5949#85298168>				<https://panlex.org/snapshot/panlex-20191001-csv/5949#85298100>		"Awıstralya"@diq	
"Къуран"@krc	<https://panlex.org/snapshot/panlex-20191001-csv/5949#85313437>				<https://panlex.org/snapshot/panlex-20191001-csv/5949#85313395>		"Qurane"@diq	
"Европа"@krc	<https://panlex.org/snapshot/panlex-20191001-csv/5949#85308576>				<https://panlex.org/snapshot/panlex-20191001-csv/5949#85308522>		"Ewropa"@diq	
"Эресей"@krc	<https://panlex.org/snapshot/panlex-20191001-csv/5949#85319517>				<https://panlex.org/snapshot/panlex-20191001-csv/5949#85319434>		"Rusya"@diq	
