"Экинчи дуния къазауат"@krc	<https://panlex.org/snapshot/panlex-20191001-csv/6709#111077588>				<https://panlex.org/snapshot/panlex-20191001-csv/6709#111077582>		"Tweeda Welt-Tjrich"@pdt	
"Темир ёмюр"@krc	<https://panlex.org/snapshot/panlex-20191001-csv/6709#111076242>				<https://panlex.org/snapshot/panlex-20191001-csv/6709#111076122>		"Iesatiet"@pdt	
"Темир ёмюр"@krc	<https://panlex.org/snapshot/panlex-20191001-csv/6709#111076242>				<https://panlex.org/snapshot/panlex-20191001-csv/6709#111076240>		"Ieſatiet"@pdt	
"Сууукъ къазауат"@krc	<https://panlex.org/snapshot/panlex-20191001-csv/6709#111077773>				<https://panlex.org/snapshot/panlex-20191001-csv/6709#111077717>		"Kolda Tjrich"@pdt	
"Къач джортууулла"@krc	<https://panlex.org/snapshot/panlex-20191001-csv/6709#111076678>				<https://panlex.org/snapshot/panlex-20191001-csv/6709#111076651>		"Tjriezziej"@pdt	
"Биринчи дуния къазауат"@krc	<https://panlex.org/snapshot/panlex-20191001-csv/6709#111077430>				<https://panlex.org/snapshot/panlex-20191001-csv/6709#111077321>		"Eschta Welt-Tjrich"@pdt	
"Биринчи дуния къазауат"@krc	<https://panlex.org/snapshot/panlex-20191001-csv/6709#111077430>				<https://panlex.org/snapshot/panlex-20191001-csv/6709#111077323>		"Eſchta Welt-Tjrich"@pdt	
"Айныуну эпохасы"@krc	<https://panlex.org/snapshot/panlex-20191001-csv/6709#111076943>				<https://panlex.org/snapshot/panlex-20191001-csv/6709#111076787>		"Renaissance"@pdt	
"Айныуну эпохасы"@krc	<https://panlex.org/snapshot/panlex-20191001-csv/6709#111076943>				<https://panlex.org/snapshot/panlex-20191001-csv/6709#111076939>		"Renaiſſance"@pdt	
"Орта ёмюрле"@krc	<https://panlex.org/snapshot/panlex-20191001-csv/6709#111076424>				<https://panlex.org/snapshot/panlex-20191001-csv/6709#111076440>		"Meddelella"@pdt	
"Индустриял революция"@krc	<https://panlex.org/snapshot/panlex-20191001-csv/6709#111077213>				<https://panlex.org/snapshot/panlex-20191001-csv/6709#111077137>		"Industrielle Revolutioon"@pdt	
"Индустриял революция"@krc	<https://panlex.org/snapshot/panlex-20191001-csv/6709#111077213>				<https://panlex.org/snapshot/panlex-20191001-csv/6709#111077146>		"Induſtrielle Revolutioon"@pdt	
"Кюмюш ёмюр"@krc	<https://panlex.org/snapshot/panlex-20191001-csv/6709#111075946>				<https://panlex.org/snapshot/panlex-20191001-csv/6709#111076029>		"Bronzetiet"@pdt	
"Джарыкълыкъны эпохасы"@krc	<https://panlex.org/snapshot/panlex-20191001-csv/6709#111077114>				<https://panlex.org/snapshot/panlex-20191001-csv/6709#111077120>		"Oppkloarinj"@pdt	
"Таш ёмюр"@krc	<https://panlex.org/snapshot/panlex-20191001-csv/6709#111075846>				<https://panlex.org/snapshot/panlex-20191001-csv/6709#111075857>		"Steentiet"@pdt	
"suu"@krc	<https://panlex.org/snapshot/panlex-20191001-csv/5939#80818611>				<https://panlex.org/snapshot/panlex-20191001-csv/5939#80818631>		"Floot"@pdt	
"suu"@krc	<https://panlex.org/snapshot/panlex-20191001-csv/5939#80818611>				<https://panlex.org/snapshot/panlex-20191001-csv/5939#80818630>		"Stroom"@pdt	
"кюзгю"@krc	<https://panlex.org/snapshot/panlex-20191001-csv/5946#84446235>				<https://panlex.org/snapshot/panlex-20191001-csv/5946#84446283>		"Späjel"@pdt	
"Къыбыла полюс"@krc	<https://panlex.org/snapshot/panlex-20191001-csv/2910#110855671>				<https://panlex.org/snapshot/panlex-20191001-csv/2910#110855654>		"Siedpol"@pdt	
"Шимал полюс"@krc	<https://panlex.org/snapshot/panlex-20191001-csv/2910#110854711>				<https://panlex.org/snapshot/panlex-20191001-csv/2910#110854708>		"Nodpol"@pdt	
"Къара тенгиз"@krc	<https://panlex.org/snapshot/panlex-20191001-csv/2905#110869152>				<https://panlex.org/snapshot/panlex-20191001-csv/2905#110869139>		"Schwoatet Mea"@pdt	
"Балтика тенгиз"@krc	<https://panlex.org/snapshot/panlex-20191001-csv/2905#110868644>				<https://panlex.org/snapshot/panlex-20191001-csv/2905#110868746>		"Ooſtſee"@pdt	
"Балтика тенгиз"@krc	<https://panlex.org/snapshot/panlex-20191001-csv/2905#110868644>				<https://panlex.org/snapshot/panlex-20191001-csv/2905#110868696>		"Oostsee"@pdt	
"Джерле арасы тенгиз"@krc	<https://panlex.org/snapshot/panlex-20191001-csv/2905#110870474>				<https://panlex.org/snapshot/panlex-20191001-csv/2905#110870465>		"Meddelmea"@pdt	
"Шимал тенгиз"@krc	<https://panlex.org/snapshot/panlex-20191001-csv/2905#110870675>				<https://panlex.org/snapshot/panlex-20191001-csv/2905#110870564>		"Nodſee"@pdt	
"Шимал тенгиз"@krc	<https://panlex.org/snapshot/panlex-20191001-csv/2905#110870675>				<https://panlex.org/snapshot/panlex-20191001-csv/2905#110870521>		"Nodsee"@pdt	
"Шош океан"@krc	<https://panlex.org/snapshot/panlex-20191001-csv/2901#110868026>				<https://panlex.org/snapshot/panlex-20191001-csv/2901#110868071>		"Pazifischa Oozean"@pdt	
"Шош океан"@krc	<https://panlex.org/snapshot/panlex-20191001-csv/2901#110868026>				<https://panlex.org/snapshot/panlex-20191001-csv/2901#110867948>		"Stella Oozean"@pdt	
"Шош океан"@krc	<https://panlex.org/snapshot/panlex-20191001-csv/2901#110868026>				<https://panlex.org/snapshot/panlex-20191001-csv/2901#110867912>		"Pazifik"@pdt	
"Шош океан"@krc	<https://panlex.org/snapshot/panlex-20191001-csv/2901#110868026>				<https://panlex.org/snapshot/panlex-20191001-csv/2901#110868066>		"Pazifiſcha Oozean"@pdt	
"Атлантика океан"@krc	<https://panlex.org/snapshot/panlex-20191001-csv/2901#110867462>				<https://panlex.org/snapshot/panlex-20191001-csv/2901#110867407>		"Atlauntiſcha Oozean"@pdt	
"Атлантика океан"@krc	<https://panlex.org/snapshot/panlex-20191001-csv/2901#110867462>				<https://panlex.org/snapshot/panlex-20191001-csv/2901#110867525>		"Atlauntik"@pdt	
"Атлантика океан"@krc	<https://panlex.org/snapshot/panlex-20191001-csv/2901#110867462>				<https://panlex.org/snapshot/panlex-20191001-csv/2901#110867527>		"Atlauntischa Oozean"@pdt	
"Индий океан"@krc	<https://panlex.org/snapshot/panlex-20191001-csv/2901#110867844>				<https://panlex.org/snapshot/panlex-20191001-csv/2901#110867777>		"Indischa Oozean"@pdt	
"Индий океан"@krc	<https://panlex.org/snapshot/panlex-20191001-csv/2901#110867844>				<https://panlex.org/snapshot/panlex-20191001-csv/2901#110867832>		"Indiſcha Oozean"@pdt	
"Индий океан"@krc	<https://panlex.org/snapshot/panlex-20191001-csv/2901#110867844>				<https://panlex.org/snapshot/panlex-20191001-csv/2901#110867728>		"Indik"@pdt	
"Шимал Бузлаучу океан"@krc	<https://panlex.org/snapshot/panlex-20191001-csv/2901#110867246>				<https://panlex.org/snapshot/panlex-20191001-csv/2901#110867182>		"Arktiſcha Oozean"@pdt	
"Шимал Бузлаучу океан"@krc	<https://panlex.org/snapshot/panlex-20191001-csv/2901#110867246>				<https://panlex.org/snapshot/panlex-20191001-csv/2901#110867341>		"Nodpolarmea"@pdt	
"Шимал Бузлаучу океан"@krc	<https://panlex.org/snapshot/panlex-20191001-csv/2901#110867246>				<https://panlex.org/snapshot/panlex-20191001-csv/2901#110867268>		"Arktischa Oozean"@pdt	
"Къыбыла океан"@krc	<https://panlex.org/snapshot/panlex-20191001-csv/2901#110868341>				<https://panlex.org/snapshot/panlex-20191001-csv/2901#110868277>		"Siedpolarmea"@pdt	
"Къыбыла океан"@krc	<https://panlex.org/snapshot/panlex-20191001-csv/2901#110868341>				<https://panlex.org/snapshot/panlex-20191001-csv/2901#110868227>		"Siedlicha Oozean"@pdt	
"Уллу Карл"@krc	<https://panlex.org/snapshot/panlex-20191001-csv/2906#111019614>				<https://panlex.org/snapshot/panlex-20191001-csv/2906#111019675>		"Kodel dee Groota"@pdt	
"Уллу Александр"@krc	<https://panlex.org/snapshot/panlex-20191001-csv/2906#111019257>				<https://panlex.org/snapshot/panlex-20191001-csv/2906#111019397>		"Alexander dee Groota"@pdt	
"Европа Бирлик"@krc	<https://panlex.org/snapshot/panlex-20191001-csv/2894#111100186>				<https://panlex.org/snapshot/panlex-20191001-csv/2894#111100184>		"Europeische Unioon"@pdt	
"Европа Бирлик"@krc	<https://panlex.org/snapshot/panlex-20191001-csv/2894#111100186>				<https://panlex.org/snapshot/panlex-20191001-csv/2894#111100148>		"Europeiſche Unioon"@pdt	
"БМО"@krc	<https://panlex.org/snapshot/panlex-20191001-csv/2894#111102092>				<https://panlex.org/snapshot/panlex-20191001-csv/2894#111102100>		"Ve’eende Natioone"@pdt	
"Бирлешген Миллетлени Организациясы"@krc	<https://panlex.org/snapshot/panlex-20191001-csv/2894#111102060>				<https://panlex.org/snapshot/panlex-20191001-csv/2894#111102100>		"Ve’eende Natioone"@pdt	
"баш кюн"@krc	<https://panlex.org/snapshot/panlex-20191001-csv/2892#110824338>				<https://panlex.org/snapshot/panlex-20191001-csv/2892#110824180>		"Moondag"@pdt	
"шабат кюн"@krc	<https://panlex.org/snapshot/panlex-20191001-csv/2892#110826298>				<https://panlex.org/snapshot/panlex-20191001-csv/2892#110826307>		"Sinnovend"@pdt	
"ыйых кюн"@krc	<https://panlex.org/snapshot/panlex-20191001-csv/2892#110826774>				<https://panlex.org/snapshot/panlex-20191001-csv/2892#110826909>		"Sinndag"@pdt	
"гюрге кюн"@krc	<https://panlex.org/snapshot/panlex-20191001-csv/2892#110824696>				<https://panlex.org/snapshot/panlex-20191001-csv/2892#110824540>		"Dinjsdag"@pdt	
"орта кюн"@krc	<https://panlex.org/snapshot/panlex-20191001-csv/2892#110825309>				<https://panlex.org/snapshot/panlex-20191001-csv/2892#110825316>		"Donnadag"@pdt	
"байрым кюн"@krc	<https://panlex.org/snapshot/panlex-20191001-csv/2892#110826047>				<https://panlex.org/snapshot/panlex-20191001-csv/2892#110825916>		"Friedag"@pdt	
"барас кюн"@krc	<https://panlex.org/snapshot/panlex-20191001-csv/2892#110825063>				<https://panlex.org/snapshot/panlex-20191001-csv/2892#110825246>		"Meddweakj"@pdt	
"май"@krc	<https://panlex.org/snapshot/panlex-20191001-csv/2897#110828935>				<https://panlex.org/snapshot/panlex-20191001-csv/2897#110828848>		"Mai"@pdt	
"апрель"@krc	<https://panlex.org/snapshot/panlex-20191001-csv/2897#110828669>				<https://panlex.org/snapshot/panlex-20191001-csv/2897#110828642>		"Aprel"@pdt	
"декабрь"@krc	<https://panlex.org/snapshot/panlex-20191001-csv/2897#110831597>				<https://panlex.org/snapshot/panlex-20191001-csv/2897#110831571>		"Dezamba"@pdt	
"июнь"@krc	<https://panlex.org/snapshot/panlex-20191001-csv/2897#110829103>				<https://panlex.org/snapshot/panlex-20191001-csv/2897#110829081>		"Jüni"@pdt	
"август"@krc	<https://panlex.org/snapshot/panlex-20191001-csv/2897#110830093>				<https://panlex.org/snapshot/panlex-20191001-csv/2897#110830159>		"August"@pdt	
"август"@krc	<https://panlex.org/snapshot/panlex-20191001-csv/2897#110830093>				<https://panlex.org/snapshot/panlex-20191001-csv/2897#110830049>		"Auguſt"@pdt	
"январь"@krc	<https://panlex.org/snapshot/panlex-20191001-csv/2897#110827238>				<https://panlex.org/snapshot/panlex-20191001-csv/2897#110827104>		"Jaunwoa"@pdt	
"ноябрь"@krc	<https://panlex.org/snapshot/panlex-20191001-csv/2897#110831357>				<https://panlex.org/snapshot/panlex-20191001-csv/2897#110831413>		"Novamba"@pdt	
"июль"@krc	<https://panlex.org/snapshot/panlex-20191001-csv/2897#110829677>				<https://panlex.org/snapshot/panlex-20191001-csv/2897#110829549>		"Jüli"@pdt	
"сентябрь"@krc	<https://panlex.org/snapshot/panlex-20191001-csv/2897#110830524>				<https://panlex.org/snapshot/panlex-20191001-csv/2897#110830625>		"Septamba"@pdt	
"февраль"@krc	<https://panlex.org/snapshot/panlex-20191001-csv/2897#110827779>				<https://panlex.org/snapshot/panlex-20191001-csv/2897#110827575>		"Febawoa"@pdt	
"март"@krc	<https://panlex.org/snapshot/panlex-20191001-csv/2897#110828073>				<https://panlex.org/snapshot/panlex-20191001-csv/2897#110828209>		"Moaz"@pdt	
"октябрь"@krc	<https://panlex.org/snapshot/panlex-20191001-csv/2897#110830826>				<https://panlex.org/snapshot/panlex-20191001-csv/2897#110831122>		"Oktoba"@pdt	
"Европа"@krc	<https://panlex.org/snapshot/panlex-20191001-csv/2891#110854310>				<https://panlex.org/snapshot/panlex-20191001-csv/2891#110854151>		"Euroopa"@pdt	
"Америка"@krc	<https://panlex.org/snapshot/panlex-20191001-csv/2891#110853389>				<https://panlex.org/snapshot/panlex-20191001-csv/2891#110853414>		"Amerika"@pdt	
"Африка"@krc	<https://panlex.org/snapshot/panlex-20191001-csv/2891#110853074>				<https://panlex.org/snapshot/panlex-20191001-csv/2891#110853145>		"Afrika"@pdt	
"Антарктида"@krc	<https://panlex.org/snapshot/panlex-20191001-csv/2891#110853666>				<https://panlex.org/snapshot/panlex-20191001-csv/2891#110853549>		"Antarktis"@pdt	
"Азия"@krc	<https://panlex.org/snapshot/panlex-20191001-csv/2891#110853998>				<https://panlex.org/snapshot/panlex-20191001-csv/2891#110853974>		"Aſien"@pdt	
"Азия"@krc	<https://panlex.org/snapshot/panlex-20191001-csv/2891#110853998>				<https://panlex.org/snapshot/panlex-20191001-csv/2891#110853877>		"Asien"@pdt	
"Гималай таула"@krc	<https://panlex.org/snapshot/panlex-20191001-csv/2896#110866542>				<https://panlex.org/snapshot/panlex-20191001-csv/2896#110866589>		"Himalaya"@pdt	
"Альп таула"@krc	<https://panlex.org/snapshot/panlex-20191001-csv/2896#110865928>				<https://panlex.org/snapshot/panlex-20191001-csv/2896#110865893>		"Aulpe"@pdt	
"Анд таула"@krc	<https://panlex.org/snapshot/panlex-20191001-csv/2896#110866000>				<https://panlex.org/snapshot/panlex-20191001-csv/2896#110866017>		"Aunde"@pdt	
