"qaqay"@tgt	<https://panlex.org/snapshot/panlex-20191001-csv/114#8053592>				<https://panlex.org/snapshot/panlex-20191001-csv/114#8053358>		"kaka-n"@los	
"lamilamit"@tgt	<https://panlex.org/snapshot/panlex-20191001-csv/114#8057684>				<https://panlex.org/snapshot/panlex-20191001-csv/114#8057466>		"maʔa-n"@los	
"tuqlang"@tgt	<https://panlex.org/snapshot/panlex-20191001-csv/114#8059255>				<https://panlex.org/snapshot/panlex-20191001-csv/114#8059044>		"pitiʔo-n"@los	
"bɨtɨng"@tgt	<https://panlex.org/snapshot/panlex-20191001-csv/114#8058740>				<https://panlex.org/snapshot/panlex-20191001-csv/114#8058498>		"peʔetie-n"@los	
"qulu"@tgt	<https://panlex.org/snapshot/panlex-20191001-csv/114#8063858>				<https://panlex.org/snapshot/panlex-20191001-csv/114#8063636>		"pala-n"@los	
"qabaga"@tgt	<https://panlex.org/snapshot/panlex-20191001-csv/114#8061279>				<https://panlex.org/snapshot/panlex-20191001-csv/114#8061079>		"kehea-n"@los	
"baqbaq"@tgt	<https://panlex.org/snapshot/panlex-20191001-csv/114#8066972>				<https://panlex.org/snapshot/panlex-20191001-csv/114#8066740>		"pwaha-n"@los	
"diqgan"@tgt	<https://panlex.org/snapshot/panlex-20191001-csv/114#8060788>				<https://panlex.org/snapshot/panlex-20191001-csv/114#8060546>		"susu-n"@los	
