"qaqay"@tgt	<https://panlex.org/snapshot/panlex-20191001-csv/114#8053592>				<https://panlex.org/snapshot/panlex-20191001-csv/114#8053315>		"siki"@kqe	
"lamilamit"@tgt	<https://panlex.org/snapshot/panlex-20191001-csv/114#8057684>				<https://panlex.org/snapshot/panlex-20191001-csv/114#8057426>		"kindal"@kqe	
"tuqlang"@tgt	<https://panlex.org/snapshot/panlex-20191001-csv/114#8059255>				<https://panlex.org/snapshot/panlex-20191001-csv/114#8059008>		"pisaq"@kqe	
"bɨtɨng"@tgt	<https://panlex.org/snapshot/panlex-20191001-csv/114#8058740>				<https://panlex.org/snapshot/panlex-20191001-csv/114#8058458>		"buntit"@kqe	
"qulu"@tgt	<https://panlex.org/snapshot/panlex-20191001-csv/114#8063858>				<https://panlex.org/snapshot/panlex-20191001-csv/114#8063594>		"qulu"@kqe	
"qabaga"@tgt	<https://panlex.org/snapshot/panlex-20191001-csv/114#8061279>				<https://panlex.org/snapshot/panlex-20191001-csv/114#8061044>		"qaba:ga"@kqe	
"baqbaq"@tgt	<https://panlex.org/snapshot/panlex-20191001-csv/114#8066972>				<https://panlex.org/snapshot/panlex-20191001-csv/114#8066700>		"bakaq"@kqe	
"diqgan"@tgt	<https://panlex.org/snapshot/panlex-20191001-csv/114#8060788>				<https://panlex.org/snapshot/panlex-20191001-csv/114#8060505>		"qaba"@kqe	
"diqgan"@tgt	<https://panlex.org/snapshot/panlex-20191001-csv/114#8060788>				<https://panlex.org/snapshot/panlex-20191001-csv/114#8060506>		"susu"@kqe	
