"japuʔ"@bei	<https://panlex.org/snapshot/panlex-20191001-csv/114#8067092>				<https://panlex.org/snapshot/panlex-20191001-csv/114#8067163>		"ngi-i"@end	
"turakng"@bei	<https://panlex.org/snapshot/panlex-20191001-csv/114#8058866>				<https://panlex.org/snapshot/panlex-20191001-csv/114#8058926>		"nangu"@end	
"bajalatn"@bei	<https://panlex.org/snapshot/panlex-20191001-csv/114#8053721>				<https://panlex.org/snapshot/panlex-20191001-csv/114#8053797>		"mbanah"@end	
"barekng"@bei	<https://panlex.org/snapshot/panlex-20191001-csv/114#8051660>				<https://panlex.org/snapshot/panlex-20191001-csv/114#8051733>		"rima"@end	
"ngasukng"@bei	<https://panlex.org/snapshot/panlex-20191001-csv/114#8061945>				<https://panlex.org/snapshot/panlex-20191001-csv/114#8061997>		"piki"@end	
"pane"@bei	<https://panlex.org/snapshot/panlex-20191001-csv/114#8061383>				<https://panlex.org/snapshot/panlex-20191001-csv/114#8061459>		"mbe-o"@end	
"guluk"@bei	<https://panlex.org/snapshot/panlex-20191001-csv/114#8068159>				<https://panlex.org/snapshot/panlex-20191001-csv/114#8068229>		"tawa"@end	
"sadûʔ"@bei	<https://panlex.org/snapshot/panlex-20191001-csv/114#8060333>				<https://panlex.org/snapshot/panlex-20191001-csv/114#8060406>		"susu"@end	
"abak"@bei	<https://panlex.org/snapshot/panlex-20191001-csv/114#8063434>				<https://panlex.org/snapshot/panlex-20191001-csv/114#8063508>		"uru"@end	
"tanain"@bei	<https://panlex.org/snapshot/panlex-20191001-csv/114#8058303>				<https://panlex.org/snapshot/panlex-20191001-csv/114#8058368>		"tuka"@end	
"utukng"@bei	<https://panlex.org/snapshot/panlex-20191001-csv/114#8054793>				<https://panlex.org/snapshot/panlex-20191001-csv/114#8054854>		"mai"@end	
"babaʔ"@bei	<https://panlex.org/snapshot/panlex-20191001-csv/114#8066540>				<https://panlex.org/snapshot/panlex-20191001-csv/114#8066611>		"moki"@end	
