"japuʔ"@bei	<https://panlex.org/snapshot/panlex-20191001-csv/114#8067092>				<https://panlex.org/snapshot/panlex-20191001-csv/114#8067216>		"lilʼmute"@imr	
"turakng"@bei	<https://panlex.org/snapshot/panlex-20191001-csv/114#8058866>				<https://panlex.org/snapshot/panlex-20191001-csv/114#8058973>		"ʼrulije"@imr	
"bajalatn"@bei	<https://panlex.org/snapshot/panlex-20191001-csv/114#8053721>				<https://panlex.org/snapshot/panlex-20191001-csv/114#8053853>		"ʼkenah"@imr	
"barekng"@bei	<https://panlex.org/snapshot/panlex-20191001-csv/114#8051660>				<https://panlex.org/snapshot/panlex-20191001-csv/114#8051786>		"limʼmute"@imr	
"pane"@bei	<https://panlex.org/snapshot/panlex-20191001-csv/114#8061383>				<https://panlex.org/snapshot/panlex-20191001-csv/114#8061515>		"ʼowu"@imr	
"guluk"@bei	<https://panlex.org/snapshot/panlex-20191001-csv/114#8068159>				<https://panlex.org/snapshot/panlex-20191001-csv/114#8068279>		"moʼmuni"@imr	
"sadûʔ"@bei	<https://panlex.org/snapshot/panlex-20191001-csv/114#8060333>				<https://panlex.org/snapshot/panlex-20191001-csv/114#8060464>		"tutuʼmute"@imr	
"abak"@bei	<https://panlex.org/snapshot/panlex-20191001-csv/114#8063434>				<https://panlex.org/snapshot/panlex-20191001-csv/114#8063559>		"oʼkamu"@imr	
"tanain"@bei	<https://panlex.org/snapshot/panlex-20191001-csv/114#8058303>				<https://panlex.org/snapshot/panlex-20191001-csv/114#8058422>		"aʼpɛlmu"@imr	
"utukng"@bei	<https://panlex.org/snapshot/panlex-20191001-csv/114#8054793>				<https://panlex.org/snapshot/panlex-20191001-csv/114#8054900>		"ʼmoi"@imr	
"babaʔ"@bei	<https://panlex.org/snapshot/panlex-20191001-csv/114#8066540>				<https://panlex.org/snapshot/panlex-20191001-csv/114#8066661>		"loʼremu"@imr	
