"japuʔ"@bei	<https://panlex.org/snapshot/panlex-20191001-csv/114#8067092>				<https://panlex.org/snapshot/panlex-20191001-csv/114#8067095>		"woi"@bhp	
"turakng"@bei	<https://panlex.org/snapshot/panlex-20191001-csv/114#8058866>				<https://panlex.org/snapshot/panlex-20191001-csv/114#8058869>		"peke"@bhp	
"unuk taneʔ"@bei	<https://panlex.org/snapshot/panlex-20191001-csv/114#8056818>				<https://panlex.org/snapshot/panlex-20191001-csv/114#8056820>		"kaluḇu"@bhp	
"nyium"@bei	<https://panlex.org/snapshot/panlex-20191001-csv/114#8066043>				<https://panlex.org/snapshot/panlex-20191001-csv/114#8066048>		"ngilu"@bhp	
"bajalatn"@bei	<https://panlex.org/snapshot/panlex-20191001-csv/114#8053721>				<https://panlex.org/snapshot/panlex-20191001-csv/114#8053726>		"lampa"@bhp	
"barekng"@bei	<https://panlex.org/snapshot/panlex-20191001-csv/114#8051660>				<https://panlex.org/snapshot/panlex-20191001-csv/114#8051663>		"rima"@bhp	
"ngasukng"@bei	<https://panlex.org/snapshot/panlex-20191001-csv/114#8061945>				<https://panlex.org/snapshot/panlex-20191001-csv/114#8061950>		"kananu"@bhp	
"ngasukng"@bei	<https://panlex.org/snapshot/panlex-20191001-csv/114#8061945>				<https://panlex.org/snapshot/panlex-20191001-csv/114#8061949>		"fiki"@bhp	
"pane"@bei	<https://panlex.org/snapshot/panlex-20191001-csv/114#8061383>				<https://panlex.org/snapshot/panlex-20191001-csv/114#8061389>		"ḇade"@bhp	
"pane"@bei	<https://panlex.org/snapshot/panlex-20191001-csv/114#8061383>				<https://panlex.org/snapshot/panlex-20191001-csv/114#8061388>		"loa"@bhp	
"guluk"@bei	<https://panlex.org/snapshot/panlex-20191001-csv/114#8068159>				<https://panlex.org/snapshot/panlex-20191001-csv/114#8068162>		"hari"@bhp	
"sadûʔ"@bei	<https://panlex.org/snapshot/panlex-20191001-csv/114#8060333>				<https://panlex.org/snapshot/panlex-20191001-csv/114#8060336>		"susu"@bhp	
"sadûʔ"@bei	<https://panlex.org/snapshot/panlex-20191001-csv/114#8060333>				<https://panlex.org/snapshot/panlex-20191001-csv/114#8060337>		"tando"@bhp	
"abak"@bei	<https://panlex.org/snapshot/panlex-20191001-csv/114#8063434>				<https://panlex.org/snapshot/panlex-20191001-csv/114#8063437>		"tuta"@bhp	
"tanain"@bei	<https://panlex.org/snapshot/panlex-20191001-csv/114#8058303>				<https://panlex.org/snapshot/panlex-20191001-csv/114#8058306>		"loko"@bhp	
"utukng"@bei	<https://panlex.org/snapshot/panlex-20191001-csv/114#8054793>				<https://panlex.org/snapshot/panlex-20191001-csv/114#8054796>		"mai"@bhp	
"babaʔ"@bei	<https://panlex.org/snapshot/panlex-20191001-csv/114#8066540>				<https://panlex.org/snapshot/panlex-20191001-csv/114#8066544>		"asa"@bhp	
