"lul"@gdd	<https://panlex.org/snapshot/panlex-20191001-csv/5943#83323739>				<https://panlex.org/snapshot/panlex-20191001-csv/5943#83323759>		"simis"@lbq	
"lul"@gdd	<https://panlex.org/snapshot/panlex-20191001-csv/5943#83323739>				<https://panlex.org/snapshot/panlex-20191001-csv/5943#83323760>		"mag"@lbq	
"abúz"@gdd	<https://panlex.org/snapshot/panlex-20191001-csv/5943#83323740>				<https://panlex.org/snapshot/panlex-20191001-csv/5943#83323759>		"simis"@lbq	
"abúz"@gdd	<https://panlex.org/snapshot/panlex-20191001-csv/5943#83323740>				<https://panlex.org/snapshot/panlex-20191001-csv/5943#83323760>		"mag"@lbq	
"naz"@gdd	<https://panlex.org/snapshot/panlex-20191001-csv/12#850924>				<https://panlex.org/snapshot/panlex-20191001-csv/12#851011>		"saŋen"@lbq	
"naz"@gdd	<https://panlex.org/snapshot/panlex-20191001-csv/12#850924>				<https://panlex.org/snapshot/panlex-20191001-csv/12#851010>		"goreg"@lbq	
"abúz"@gdd	<https://panlex.org/snapshot/panlex-20191001-csv/15#967007>				<https://panlex.org/snapshot/panlex-20191001-csv/15#967022>		"mag"@lbq	
"abúz"@gdd	<https://panlex.org/snapshot/panlex-20191001-csv/15#967007>				<https://panlex.org/snapshot/panlex-20191001-csv/15#967023>		"simis"@lbq	
"lul"@gdd	<https://panlex.org/snapshot/panlex-20191001-csv/15#967008>				<https://panlex.org/snapshot/panlex-20191001-csv/15#967022>		"mag"@lbq	
"lul"@gdd	<https://panlex.org/snapshot/panlex-20191001-csv/15#967008>				<https://panlex.org/snapshot/panlex-20191001-csv/15#967023>		"simis"@lbq	
"taen"@gdd	<https://panlex.org/snapshot/panlex-20191001-csv/114#8059431>				<https://panlex.org/snapshot/panlex-20191001-csv/114#8059513>		"rai teret"@lbq	
"numunám"@gdd	<https://panlex.org/snapshot/panlex-20191001-csv/114#8056381>				<https://panlex.org/snapshot/panlex-20191001-csv/114#8056477>		"motat"@lbq	
"numunám"@gdd	<https://panlex.org/snapshot/panlex-20191001-csv/114#8056381>				<https://panlex.org/snapshot/panlex-20191001-csv/114#8056476>		"gaogao"@lbq	
"la"@gdd	<https://panlex.org/snapshot/panlex-20191001-csv/114#8053809>				<https://panlex.org/snapshot/panlex-20191001-csv/114#8053917>		"[m]pom"@lbq	
"di"@gdd	<https://panlex.org/snapshot/panlex-20191001-csv/114#8068243>				<https://panlex.org/snapshot/panlex-20191001-csv/114#8068337>		"fane"@lbq	
"win"@gdd	<https://panlex.org/snapshot/panlex-20191001-csv/114#8065155>				<https://panlex.org/snapshot/panlex-20191001-csv/114#8065248>		"so-n"@lbq	
"toz"@gdd	<https://panlex.org/snapshot/panlex-20191001-csv/114#8053810>				<https://panlex.org/snapshot/panlex-20191001-csv/114#8053917>		"[m]pom"@lbq	
"yazón"@gdd	<https://panlex.org/snapshot/panlex-20191001-csv/114#8060987>				<https://panlex.org/snapshot/panlex-20191001-csv/114#8061062>		"ŋantif"@lbq	
"yazón"@gdd	<https://panlex.org/snapshot/panlex-20191001-csv/114#8060987>				<https://panlex.org/snapshot/panlex-20191001-csv/114#8061061>		"tepa"@lbq	
"liwon"@gdd	<https://panlex.org/snapshot/panlex-20191001-csv/114#8067179>				<https://panlex.org/snapshot/panlex-20191001-csv/114#8067277>		"ganti"@lbq	
