"taen"@gdd	<https://panlex.org/snapshot/panlex-20191001-csv/114#8059431>				<https://panlex.org/snapshot/panlex-20191001-csv/114#8059470>		"sinay"@isd	
"numunám"@gdd	<https://panlex.org/snapshot/panlex-20191001-csv/114#8056381>				<https://panlex.org/snapshot/panlex-20191001-csv/114#8056420>		"naduping"@isd	
"la"@gdd	<https://panlex.org/snapshot/panlex-20191001-csv/114#8053809>				<https://panlex.org/snapshot/panlex-20191001-csv/114#8053856>		"manalen (da:len)"@isd	
"di"@gdd	<https://panlex.org/snapshot/panlex-20191001-csv/114#8068243>				<https://panlex.org/snapshot/panlex-20191001-csv/114#8068283>		"maggagalaq"@isd	
"win"@gdd	<https://panlex.org/snapshot/panlex-20191001-csv/114#8065155>				<https://panlex.org/snapshot/panlex-20191001-csv/114#8065195>		"qigung"@isd	
"toz"@gdd	<https://panlex.org/snapshot/panlex-20191001-csv/114#8053810>				<https://panlex.org/snapshot/panlex-20191001-csv/114#8053856>		"manalen (da:len)"@isd	
"yazón"@gdd	<https://panlex.org/snapshot/panlex-20191001-csv/114#8060987>				<https://panlex.org/snapshot/panlex-20191001-csv/114#8061019>		"qaba:ga"@isd	
"liwon"@gdd	<https://panlex.org/snapshot/panlex-20191001-csv/114#8067179>				<https://panlex.org/snapshot/panlex-20191001-csv/114#8067219>		"ngi:pan"@isd	
"ta"@gdd	<https://panlex.org/snapshot/panlex-20191001-csv/114#8068773>				<https://panlex.org/snapshot/panlex-20191001-csv/114#8068814>		"suma:ngit"@isd	
