"Japan"@ch	<https://panlex.org/snapshot/panlex-20191001-csv/5949#85326050>				<https://panlex.org/snapshot/panlex-20191001-csv/5949#85326040>		"Japan"@bar	
"hanom"@ch	<https://panlex.org/snapshot/panlex-20191001-csv/12#850876>				<https://panlex.org/snapshot/panlex-20191001-csv/12#850842>		"wassa"@bar	
"aqua"@ch	<https://panlex.org/snapshot/panlex-20191001-csv/12#850875>				<https://panlex.org/snapshot/panlex-20191001-csv/12#850842>		"wassa"@bar	
"gollai siha"@ch	<https://panlex.org/snapshot/panlex-20191001-csv/3776#91605266>				<https://panlex.org/snapshot/panlex-20191001-csv/3776#91605255>		"Gmias"@bar	
"aqua"@ch	<https://panlex.org/snapshot/panlex-20191001-csv/11#787515>				<https://panlex.org/snapshot/panlex-20191001-csv/11#787485>		"wassa"@bar	
"hanom"@ch	<https://panlex.org/snapshot/panlex-20191001-csv/11#787516>				<https://panlex.org/snapshot/panlex-20191001-csv/11#787485>		"wassa"@bar	
