"Lunes"@ch	<https://panlex.org/snapshot/panlex-20191001-csv/5947#84803349>				<https://panlex.org/snapshot/panlex-20191001-csv/5947#84803323>		"ntɛnɛn don"@bm	
"Lunes"@ch	<https://panlex.org/snapshot/panlex-20191001-csv/5947#84803349>				<https://panlex.org/snapshot/panlex-20191001-csv/5947#84803324>		"ntɛnɛn"@bm	
"Ågosto"@ch	<https://panlex.org/snapshot/panlex-20191001-csv/5949#85329293>				<https://panlex.org/snapshot/panlex-20191001-csv/5949#85329281>		"uti"@bm	
"hanom"@ch	<https://panlex.org/snapshot/panlex-20191001-csv/12#850876>				<https://panlex.org/snapshot/panlex-20191001-csv/12#850840>		"ji"@bm	
"díkike'e"@ch	<https://panlex.org/snapshot/panlex-20191001-csv/12#843904>				<https://panlex.org/snapshot/panlex-20191001-csv/12#843896>		"fitini"@bm	
"leche"@ch	<https://panlex.org/snapshot/panlex-20191001-csv/12#854890>				<https://panlex.org/snapshot/panlex-20191001-csv/12#854881>		"nɔnɔ"@bm	
"aqua"@ch	<https://panlex.org/snapshot/panlex-20191001-csv/12#850875>				<https://panlex.org/snapshot/panlex-20191001-csv/12#850840>		"ji"@bm	
"gui'eng"@ch	<https://panlex.org/snapshot/panlex-20191001-csv/12#871494>				<https://panlex.org/snapshot/panlex-20191001-csv/12#871486>		"nu"@bm	
"hígadu"@ch	<https://panlex.org/snapshot/panlex-20191001-csv/12#886310>				<https://panlex.org/snapshot/panlex-20191001-csv/12#886306>		"binyɛ"@bm	
"hígadu"@ch	<https://panlex.org/snapshot/panlex-20191001-csv/12#886239>				<https://panlex.org/snapshot/panlex-20191001-csv/12#886235>		"binyɛ"@bm	
"hígadu"@ch	<https://panlex.org/snapshot/panlex-20191001-csv/12#886142>				<https://panlex.org/snapshot/panlex-20191001-csv/12#886138>		"binyɛ"@bm	
"minaggem"@ch	<https://panlex.org/snapshot/panlex-20191001-csv/2902#111012237>				<https://panlex.org/snapshot/panlex-20191001-csv/2902#111012148>		"errɛbɛ"@bm	
"minaggem"@ch	<https://panlex.org/snapshot/panlex-20191001-csv/2902#111012237>				<https://panlex.org/snapshot/panlex-20191001-csv/2902#111012078>		"here"@bm	
"pås"@ch	<https://panlex.org/snapshot/panlex-20191001-csv/2902#111012140>				<https://panlex.org/snapshot/panlex-20191001-csv/2902#111012148>		"errɛbɛ"@bm	
"pås"@ch	<https://panlex.org/snapshot/panlex-20191001-csv/2902#111012140>				<https://panlex.org/snapshot/panlex-20191001-csv/2902#111012078>		"here"@bm	
"lågo'"@ch	<https://panlex.org/snapshot/panlex-20191001-csv/10#578940>				<https://panlex.org/snapshot/panlex-20191001-csv/10#578937>		"nyɛji"@bm	
"lana"@ch	<https://panlex.org/snapshot/panlex-20191001-csv/10#600509>				<https://panlex.org/snapshot/panlex-20191001-csv/10#600506>		"kasa"@bm	
"se'se'"@ch	<https://panlex.org/snapshot/panlex-20191001-csv/15#972309>				<https://panlex.org/snapshot/panlex-20191001-csv/15#972302>		"muru"@bm	
"aqua"@ch	<https://panlex.org/snapshot/panlex-20191001-csv/11#787515>				<https://panlex.org/snapshot/panlex-20191001-csv/11#787483>		"ji"@bm	
"hanom"@ch	<https://panlex.org/snapshot/panlex-20191001-csv/11#787516>				<https://panlex.org/snapshot/panlex-20191001-csv/11#787483>		"ji"@bm	
"Såbålu"@ch	<https://panlex.org/snapshot/panlex-20191001-csv/2892#110826263>				<https://panlex.org/snapshot/panlex-20191001-csv/2892#110826301>		"sibiri"@bm	
"Såbålu"@ch	<https://panlex.org/snapshot/panlex-20191001-csv/2892#110826263>				<https://panlex.org/snapshot/panlex-20191001-csv/2892#110826314>		"sibiri don"@bm	
"Betnes"@ch	<https://panlex.org/snapshot/panlex-20191001-csv/2892#110825708>				<https://panlex.org/snapshot/panlex-20191001-csv/2892#110826050>		"juma"@bm	
"Betnes"@ch	<https://panlex.org/snapshot/panlex-20191001-csv/2892#110825708>				<https://panlex.org/snapshot/panlex-20191001-csv/2892#110825840>		"juma don"@bm	
"Metkoles"@ch	<https://panlex.org/snapshot/panlex-20191001-csv/2892#110825000>				<https://panlex.org/snapshot/panlex-20191001-csv/2892#110825054>		"araba"@bm	
"Metkoles"@ch	<https://panlex.org/snapshot/panlex-20191001-csv/2892#110825000>				<https://panlex.org/snapshot/panlex-20191001-csv/2892#110825009>		"araba don"@bm	
"Lunes"@ch	<https://panlex.org/snapshot/panlex-20191001-csv/2892#110824070>				<https://panlex.org/snapshot/panlex-20191001-csv/2892#110824359>		"ntɛnɛn don"@bm	
"Lunes"@ch	<https://panlex.org/snapshot/panlex-20191001-csv/2892#110824070>				<https://panlex.org/snapshot/panlex-20191001-csv/2892#110824019>		"ntɛnɛn"@bm	
"Huebes"@ch	<https://panlex.org/snapshot/panlex-20191001-csv/2892#110825676>				<https://panlex.org/snapshot/panlex-20191001-csv/2892#110825538>		"alamisa don"@bm	
"Huebes"@ch	<https://panlex.org/snapshot/panlex-20191001-csv/2892#110825676>				<https://panlex.org/snapshot/panlex-20191001-csv/2892#110825553>		"alamisa"@bm	
"Måttes"@ch	<https://panlex.org/snapshot/panlex-20191001-csv/2892#110824784>				<https://panlex.org/snapshot/panlex-20191001-csv/2892#110824762>		"tarata don"@bm	
"Måttes"@ch	<https://panlex.org/snapshot/panlex-20191001-csv/2892#110824784>				<https://panlex.org/snapshot/panlex-20191001-csv/2892#110824514>		"tarata"@bm	
"Dåmenggo"@ch	<https://panlex.org/snapshot/panlex-20191001-csv/2892#110826824>				<https://panlex.org/snapshot/panlex-20191001-csv/2892#110826996>		"kari don"@bm	
"Dåmenggo"@ch	<https://panlex.org/snapshot/panlex-20191001-csv/2892#110826824>				<https://panlex.org/snapshot/panlex-20191001-csv/2892#110826756>		"kari"@bm	
"Oktubre"@ch	<https://panlex.org/snapshot/panlex-20191001-csv/2897#110830758>				<https://panlex.org/snapshot/panlex-20191001-csv/2897#110831052>		"ɔkutɔburu"@bm	
"Eneru"@ch	<https://panlex.org/snapshot/panlex-20191001-csv/2897#110827396>				<https://panlex.org/snapshot/panlex-20191001-csv/2897#110827346>		"zanwuye"@bm	
"Eneru"@ch	<https://panlex.org/snapshot/panlex-20191001-csv/2897#110827396>				<https://panlex.org/snapshot/panlex-20191001-csv/2897#110827181>		"zanwiye"@bm	
"Septembre"@ch	<https://panlex.org/snapshot/panlex-20191001-csv/2897#110830613>				<https://panlex.org/snapshot/panlex-20191001-csv/2897#110830698>		"sɛtanburu"@bm	
"Hulio"@ch	<https://panlex.org/snapshot/panlex-20191001-csv/2897#110829517>				<https://panlex.org/snapshot/panlex-20191001-csv/2897#110829845>		"zuluye"@bm	
"Huño"@ch	<https://panlex.org/snapshot/panlex-20191001-csv/2897#110829331>				<https://panlex.org/snapshot/panlex-20191001-csv/2897#110829265>		"zuɛn"@bm	
"Nobiembre"@ch	<https://panlex.org/snapshot/panlex-20191001-csv/2897#110831194>				<https://panlex.org/snapshot/panlex-20191001-csv/2897#110831403>		"nowanburu"@bm	
"Disiembre"@ch	<https://panlex.org/snapshot/panlex-20191001-csv/2897#110831853>				<https://panlex.org/snapshot/panlex-20191001-csv/2897#110831692>		"desanburu"@bm	
"Måtso"@ch	<https://panlex.org/snapshot/panlex-20191001-csv/2897#110827948>				<https://panlex.org/snapshot/panlex-20191001-csv/2897#110828090>		"marisi"@bm	
"Febreru"@ch	<https://panlex.org/snapshot/panlex-20191001-csv/2897#110827614>				<https://panlex.org/snapshot/panlex-20191001-csv/2897#110827597>		"feburuye"@bm	
"Måyu"@ch	<https://panlex.org/snapshot/panlex-20191001-csv/2897#110828894>				<https://panlex.org/snapshot/panlex-20191001-csv/2897#110828917>		"mɛ"@bm	
"Ågosto"@ch	<https://panlex.org/snapshot/panlex-20191001-csv/2897#110830105>				<https://panlex.org/snapshot/panlex-20191001-csv/2897#110830133>		"uti"@bm	
"Åbrit"@ch	<https://panlex.org/snapshot/panlex-20191001-csv/2897#110828650>				<https://panlex.org/snapshot/panlex-20191001-csv/2897#110828414>		"awirili"@bm	
