"kolepbla"@ch	<https://panlex.org/snapshot/panlex-20191001-csv/5945#84420998>				<https://panlex.org/snapshot/panlex-20191001-csv/5945#84421026>		"გველები"@ka	
"å’paka’"@ch	<https://panlex.org/snapshot/panlex-20191001-csv/5947#84639697>				<https://panlex.org/snapshot/panlex-20191001-csv/5947#84639773>		"თეთრი"@ka	
"Lunes"@ch	<https://panlex.org/snapshot/panlex-20191001-csv/5947#84803349>				<https://panlex.org/snapshot/panlex-20191001-csv/5947#84803455>		"ორშაბათი"@ka	
"blånka"@ch	<https://panlex.org/snapshot/panlex-20191001-csv/5947#84639696>				<https://panlex.org/snapshot/panlex-20191001-csv/5947#84639773>		"თეთრი"@ka	
"batatas"@ch	<https://panlex.org/snapshot/panlex-20191001-csv/5940#81350698>				<https://panlex.org/snapshot/panlex-20191001-csv/5940#81350730>		"კარტოფილი"@ka	
"ágila"@ch	<https://panlex.org/snapshot/panlex-20191001-csv/5940#81295788>				<https://panlex.org/snapshot/panlex-20191001-csv/5940#81295821>		"არწივი"@ka	
"espehos"@ch	<https://panlex.org/snapshot/panlex-20191001-csv/5946#84446139>				<https://panlex.org/snapshot/panlex-20191001-csv/5946#84446219>		"სარკე"@ka	
"Ågosto"@ch	<https://panlex.org/snapshot/panlex-20191001-csv/5949#85329293>				<https://panlex.org/snapshot/panlex-20191001-csv/5949#85329384>		"აგვისტო"@ka	
"Japan"@ch	<https://panlex.org/snapshot/panlex-20191001-csv/5949#85326050>				<https://panlex.org/snapshot/panlex-20191001-csv/5949#85326081>		"იაპონია"@ka	
"hanom"@ch	<https://panlex.org/snapshot/panlex-20191001-csv/12#850876>				<https://panlex.org/snapshot/panlex-20191001-csv/12#850982>		"წყალი"@ka	
"aqua"@ch	<https://panlex.org/snapshot/panlex-20191001-csv/12#850875>				<https://panlex.org/snapshot/panlex-20191001-csv/12#850982>		"წყალი"@ka	
"minaggem"@ch	<https://panlex.org/snapshot/panlex-20191001-csv/2902#111012237>				<https://panlex.org/snapshot/panlex-20191001-csv/2902#111012189>		"მშვიდობა"@ka	
"pås"@ch	<https://panlex.org/snapshot/panlex-20191001-csv/2902#111012140>				<https://panlex.org/snapshot/panlex-20191001-csv/2902#111012189>		"მშვიდობა"@ka	
"lana"@ch	<https://panlex.org/snapshot/panlex-20191001-csv/10#600509>				<https://panlex.org/snapshot/panlex-20191001-csv/10#600526>		"მატყლი"@ka	
"takolo"@ch	<https://panlex.org/snapshot/panlex-20191001-csv/3776#91773480>				<https://panlex.org/snapshot/panlex-20191001-csv/3776#91773515>		"იდაყვი"@ka	
"gollai siha"@ch	<https://panlex.org/snapshot/panlex-20191001-csv/3776#91605266>				<https://panlex.org/snapshot/panlex-20191001-csv/3776#91605305>		"ბოსტნეული"@ka	
"babui"@ch	<https://panlex.org/snapshot/panlex-20191001-csv/3776#91667361>				<https://panlex.org/snapshot/panlex-20191001-csv/3776#91667405>		"ღორი"@ka	
"aqua"@ch	<https://panlex.org/snapshot/panlex-20191001-csv/11#787515>				<https://panlex.org/snapshot/panlex-20191001-csv/11#787610>		"წყალი"@ka	
"hanom"@ch	<https://panlex.org/snapshot/panlex-20191001-csv/11#787516>				<https://panlex.org/snapshot/panlex-20191001-csv/11#787610>		"წყალი"@ka	
"Såbålu"@ch	<https://panlex.org/snapshot/panlex-20191001-csv/2892#110826263>				<https://panlex.org/snapshot/panlex-20191001-csv/2892#110826266>		"შაბათი"@ka	
"Betnes"@ch	<https://panlex.org/snapshot/panlex-20191001-csv/2892#110825708>				<https://panlex.org/snapshot/panlex-20191001-csv/2892#110826087>		"პარასკევი"@ka	
"Metkoles"@ch	<https://panlex.org/snapshot/panlex-20191001-csv/2892#110825000>				<https://panlex.org/snapshot/panlex-20191001-csv/2892#110825081>		"ოთხშაბათი"@ka	
"Lunes"@ch	<https://panlex.org/snapshot/panlex-20191001-csv/2892#110824070>				<https://panlex.org/snapshot/panlex-20191001-csv/2892#110824401>		"ორშაბათი"@ka	
"Huebes"@ch	<https://panlex.org/snapshot/panlex-20191001-csv/2892#110825676>				<https://panlex.org/snapshot/panlex-20191001-csv/2892#110825592>		"ხუთშაბათი"@ka	
"Måttes"@ch	<https://panlex.org/snapshot/panlex-20191001-csv/2892#110824784>				<https://panlex.org/snapshot/panlex-20191001-csv/2892#110824510>		"სამშაბათი"@ka	
"Dåmenggo"@ch	<https://panlex.org/snapshot/panlex-20191001-csv/2892#110826824>				<https://panlex.org/snapshot/panlex-20191001-csv/2892#110827028>		"კვირა"@ka	
"Oktubre"@ch	<https://panlex.org/snapshot/panlex-20191001-csv/2897#110830758>				<https://panlex.org/snapshot/panlex-20191001-csv/2897#110830810>		"ოქტომბერი"@ka	
"Eneru"@ch	<https://panlex.org/snapshot/panlex-20191001-csv/2897#110827396>				<https://panlex.org/snapshot/panlex-20191001-csv/2897#110827073>		"იანვარი"@ka	
"Septembre"@ch	<https://panlex.org/snapshot/panlex-20191001-csv/2897#110830613>				<https://panlex.org/snapshot/panlex-20191001-csv/2897#110830672>		"სექტემბერი"@ka	
"Hulio"@ch	<https://panlex.org/snapshot/panlex-20191001-csv/2897#110829517>				<https://panlex.org/snapshot/panlex-20191001-csv/2897#110829514>		"ივლისი"@ka	
"Huño"@ch	<https://panlex.org/snapshot/panlex-20191001-csv/2897#110829331>				<https://panlex.org/snapshot/panlex-20191001-csv/2897#110829251>		"ივნისი"@ka	
"Nobiembre"@ch	<https://panlex.org/snapshot/panlex-20191001-csv/2897#110831194>				<https://panlex.org/snapshot/panlex-20191001-csv/2897#110831359>		"ნოემბერი"@ka	
"Disiembre"@ch	<https://panlex.org/snapshot/panlex-20191001-csv/2897#110831853>				<https://panlex.org/snapshot/panlex-20191001-csv/2897#110831948>		"დეკემბერი"@ka	
"Måtso"@ch	<https://panlex.org/snapshot/panlex-20191001-csv/2897#110827948>				<https://panlex.org/snapshot/panlex-20191001-csv/2897#110828165>		"მარტი"@ka	
"Febreru"@ch	<https://panlex.org/snapshot/panlex-20191001-csv/2897#110827614>				<https://panlex.org/snapshot/panlex-20191001-csv/2897#110827468>		"თებერვალი"@ka	
"Måyu"@ch	<https://panlex.org/snapshot/panlex-20191001-csv/2897#110828894>				<https://panlex.org/snapshot/panlex-20191001-csv/2897#110829059>		"მაისი"@ka	
"Ågosto"@ch	<https://panlex.org/snapshot/panlex-20191001-csv/2897#110830105>				<https://panlex.org/snapshot/panlex-20191001-csv/2897#110830288>		"აგვისტო"@ka	
"Åbrit"@ch	<https://panlex.org/snapshot/panlex-20191001-csv/2897#110828650>				<https://panlex.org/snapshot/panlex-20191001-csv/2897#110828325>		"აპრილი"@ka	
