"स्वीडेन"@new	<https://panlex.org/snapshot/panlex-20191001-csv/5947#84612262>				<https://panlex.org/snapshot/panlex-20191001-csv/5947#84612232>		"ᔅᕗᕆᑭ"@iu	
"स्वीडेन"@new	<https://panlex.org/snapshot/panlex-20191001-csv/5947#84612262>				<https://panlex.org/snapshot/panlex-20191001-csv/5947#84612233>		"Sverige"@iu	
"āṟu"@new	<https://panlex.org/snapshot/panlex-20191001-csv/5939#80818623>				<https://panlex.org/snapshot/panlex-20191001-csv/5939#80818594>		"kuuk"@iu	
"टर्की"@new	<https://panlex.org/snapshot/panlex-20191001-csv/5949#85322563>				<https://panlex.org/snapshot/panlex-20191001-csv/5949#85322520>		"Tyrkia"@iu	
"फिनल्यान्ड"@new	<https://panlex.org/snapshot/panlex-20191001-csv/5949#85323224>				<https://panlex.org/snapshot/panlex-20191001-csv/5949#85323189>		"Finlandi"@iu	
"लात्भिया"@new	<https://panlex.org/snapshot/panlex-20191001-csv/5949#85314341>				<https://panlex.org/snapshot/panlex-20191001-csv/5949#85314296>		"Letlandi"@iu	
"इतिहास"@new	<https://panlex.org/snapshot/panlex-20191001-csv/5942#83282296>				<https://panlex.org/snapshot/panlex-20191001-csv/5942#83282260>		"oqaluttuarisaaneq"@iu	
"सफू"@new	<https://panlex.org/snapshot/panlex-20191001-csv/5942#83282757>				<https://panlex.org/snapshot/panlex-20191001-csv/5942#83282733>		"ᕿᒥᕐᕈᐊᑦ"@iu	
"हिन्दी भाषा"@new	<https://panlex.org/snapshot/panlex-20191001-csv/405#13625437>				<https://panlex.org/snapshot/panlex-20191001-csv/405#13625417>		"ᐦᐃᓐᑏ/hintii"@iu	
"अरबी भाषा"@new	<https://panlex.org/snapshot/panlex-20191001-csv/405#13620851>				<https://panlex.org/snapshot/panlex-20191001-csv/405#13620824>		"ᐊᕋᕕ/aravi"@iu	
"क्वेस्वा"@new	<https://panlex.org/snapshot/panlex-20191001-csv/405#13630401>				<https://panlex.org/snapshot/panlex-20191001-csv/405#13630388>		"ᑮᓱᐊ/kiisia"@iu	
