"dengen"@txs	<https://panlex.org/snapshot/panlex-20191001-csv/114#8052138>				<https://panlex.org/snapshot/panlex-20191001-csv/114#8051918>		"rima"@mmw	
"rumekoʼ"@txs	<https://panlex.org/snapshot/panlex-20191001-csv/114#8055711>				<https://panlex.org/snapshot/panlex-20191001-csv/114#8055516>		"fariu"@mmw	
"tian"@txs	<https://panlex.org/snapshot/panlex-20191001-csv/114#8058779>				<https://panlex.org/snapshot/panlex-20191001-csv/114#8058551>		"gaakau"@mmw	
"waʼang"@txs	<https://panlex.org/snapshot/panlex-20191001-csv/114#8067556>				<https://panlex.org/snapshot/panlex-20191001-csv/114#8067345>		"nifo"@mmw	
"dunus"@txs	<https://panlex.org/snapshot/panlex-20191001-csv/114#8057714>				<https://panlex.org/snapshot/panlex-20191001-csv/114#8057514>		"kiri"@mmw	
"wuʼuk"@txs	<https://panlex.org/snapshot/panlex-20191001-csv/114#8064979>				<https://panlex.org/snapshot/panlex-20191001-csv/114#8064756>		"furu"@mmw	
