"dengen"@txs	<https://panlex.org/snapshot/panlex-20191001-csv/114#8052138>				<https://panlex.org/snapshot/panlex-20191001-csv/114#8052110>		"kurina"@tio	
"rumekoʼ"@txs	<https://panlex.org/snapshot/panlex-20191001-csv/114#8055711>				<https://panlex.org/snapshot/panlex-20191001-csv/114#8055686>		"ja taviri"@tio	
"tian"@txs	<https://panlex.org/snapshot/panlex-20191001-csv/114#8058779>				<https://panlex.org/snapshot/panlex-20191001-csv/114#8058742>		"koma"@tio	
"waʼang"@txs	<https://panlex.org/snapshot/panlex-20191001-csv/114#8067556>				<https://panlex.org/snapshot/panlex-20191001-csv/114#8067528>		"nihi"@tio	
"ruʼur"@txs	<https://panlex.org/snapshot/panlex-20191001-csv/114#8058221>				<https://panlex.org/snapshot/panlex-20191001-csv/114#8058193>		"tonuna"@tio	
"ruʼur"@txs	<https://panlex.org/snapshot/panlex-20191001-csv/114#8058221>				<https://panlex.org/snapshot/panlex-20191001-csv/114#8058192>		"tobnuna"@tio	
"wed-wed"@txs	<https://panlex.org/snapshot/panlex-20191001-csv/114#8060826>				<https://panlex.org/snapshot/panlex-20191001-csv/114#8060792>		"koko"@tio	
"wed-wed"@txs	<https://panlex.org/snapshot/panlex-20191001-csv/114#8060826>				<https://panlex.org/snapshot/panlex-20191001-csv/114#8060793>		"kookoo"@tio	
"wed-wed"@txs	<https://panlex.org/snapshot/panlex-20191001-csv/114#8060826>				<https://panlex.org/snapshot/panlex-20191001-csv/114#8060791>		"huhu"@tio	
"dunus"@txs	<https://panlex.org/snapshot/panlex-20191001-csv/114#8057714>				<https://panlex.org/snapshot/panlex-20191001-csv/114#8057686>		"kapa"@tio	
"wuʼuk"@txs	<https://panlex.org/snapshot/panlex-20191001-csv/114#8064979>				<https://panlex.org/snapshot/panlex-20191001-csv/114#8064946>		"vunu"@tio	
"wuʼuk"@txs	<https://panlex.org/snapshot/panlex-20191001-csv/114#8064979>				<https://panlex.org/snapshot/panlex-20191001-csv/114#8064947>		"vunuu"@tio	
