"It-Tieni Gwerra Dinjija"@mt	<https://panlex.org/snapshot/panlex-20191001-csv/6709#111077645>				<https://panlex.org/snapshot/panlex-20191001-csv/6709#111077545>		"Hondo yePasirose yeChipiri"@sn	
"L-Ewwel Gwerra Dinjija"@mt	<https://panlex.org/snapshot/panlex-20191001-csv/6709#111077317>				<https://panlex.org/snapshot/panlex-20191001-csv/6709#111077331>		"Hondo yePasirose yeChiposhi"@sn	
"l-Użbekistan"@mt	<https://panlex.org/snapshot/panlex-20191001-csv/6898#113637211>				<https://panlex.org/snapshot/panlex-20191001-csv/6898#113637198>		"Uzbekistan"@sn	
"Żvizzera"@mt	<https://panlex.org/snapshot/panlex-20191001-csv/6898#113612900>				<https://panlex.org/snapshot/panlex-20191001-csv/6898#113612830>		"Switzerland"@sn	
"il-Guinea-Bissau"@mt	<https://panlex.org/snapshot/panlex-20191001-csv/6898#113616579>				<https://panlex.org/snapshot/panlex-20191001-csv/6898#113616670>		"Guinea-Bissau"@sn	
"il-Brunei"@mt	<https://panlex.org/snapshot/panlex-20191001-csv/6898#113616065>				<https://panlex.org/snapshot/panlex-20191001-csv/6898#113616136>		"Burunei"@sn	
"il-Kanada"@mt	<https://panlex.org/snapshot/panlex-20191001-csv/6898#113595909>				<https://panlex.org/snapshot/panlex-20191001-csv/6898#113595858>		"Kanada"@sn	
"il-Gżejjer Turks u Caicos"@mt	<https://panlex.org/snapshot/panlex-20191001-csv/6898#113588788>				<https://panlex.org/snapshot/panlex-20191001-csv/6898#113588722>		"Zvitsuwa zveTurk neCaico"@sn	
"l-Indoneżja"@mt	<https://panlex.org/snapshot/panlex-20191001-csv/6898#113633454>				<https://panlex.org/snapshot/panlex-20191001-csv/6898#113633455>		"Indonesia"@sn	
"Franza"@mt	<https://panlex.org/snapshot/panlex-20191001-csv/6898#113618077>				<https://panlex.org/snapshot/panlex-20191001-csv/6898#113617916>		"France"@sn	
"San Marino"@mt	<https://panlex.org/snapshot/panlex-20191001-csv/6898#113625701>				<https://panlex.org/snapshot/panlex-20191001-csv/6898#113625794>		"San Marino"@sn	
"l-Urugwaj"@mt	<https://panlex.org/snapshot/panlex-20191001-csv/6898#113623345>				<https://panlex.org/snapshot/panlex-20191001-csv/6898#113623334>		"Uruguay"@sn	
"il-Qatar"@mt	<https://panlex.org/snapshot/panlex-20191001-csv/6898#113636756>				<https://panlex.org/snapshot/panlex-20191001-csv/6898#113636881>		"Qatar"@sn	
"iċ-Chad"@mt	<https://panlex.org/snapshot/panlex-20191001-csv/6898#113643394>				<https://panlex.org/snapshot/panlex-20191001-csv/6898#113643322>		"Chadi"@sn	
"l-Istat tal-Belt tal-Vatikan"@mt	<https://panlex.org/snapshot/panlex-20191001-csv/6898#113629781>				<https://panlex.org/snapshot/panlex-20191001-csv/6898#113629748>		"Vatican State"@sn	
"il-Kosta tal-Avorju"@mt	<https://panlex.org/snapshot/panlex-20191001-csv/6898#113640429>				<https://panlex.org/snapshot/panlex-20191001-csv/6898#113640328>		"Ivory Coast"@sn	
"l-Arabia Sawdija"@mt	<https://panlex.org/snapshot/panlex-20191001-csv/6898#113583539>				<https://panlex.org/snapshot/panlex-20191001-csv/6898#113583561>		"Saudi Arabia"@sn	
"il-Kroazja"@mt	<https://panlex.org/snapshot/panlex-20191001-csv/6898#113623125>				<https://panlex.org/snapshot/panlex-20191001-csv/6898#113623256>		"Korasia"@sn	
"Saint Pierre u Miquelon"@mt	<https://panlex.org/snapshot/panlex-20191001-csv/6898#113588880>				<https://panlex.org/snapshot/panlex-20191001-csv/6898#113588911>		"Saint Pierre and Miquelon"@sn	
"is-Suriname"@mt	<https://panlex.org/snapshot/panlex-20191001-csv/6898#113640665>				<https://panlex.org/snapshot/panlex-20191001-csv/6898#113640664>		"Suriname"@sn	
"il-Gżejjer Verġni tal-Istati Uniti"@mt	<https://panlex.org/snapshot/panlex-20191001-csv/6898#113587781>				<https://panlex.org/snapshot/panlex-20191001-csv/6898#113587617>		"Zvitsuwa zveAmerika"@sn	
"Polineżja Franċiża"@mt	<https://panlex.org/snapshot/panlex-20191001-csv/6898#113621061>				<https://panlex.org/snapshot/panlex-20191001-csv/6898#113621152>		"French Polynesia"@sn	
"il-Costa Rica"@mt	<https://panlex.org/snapshot/panlex-20191001-csv/6898#113598339>				<https://panlex.org/snapshot/panlex-20191001-csv/6898#113598448>		"Kostarika"@sn	
"Puerto Rico"@mt	<https://panlex.org/snapshot/panlex-20191001-csv/6898#113612533>				<https://panlex.org/snapshot/panlex-20191001-csv/6898#113612406>		"Puerto Rico"@sn	
"Comoros"@mt	<https://panlex.org/snapshot/panlex-20191001-csv/6898#113626927>				<https://panlex.org/snapshot/panlex-20191001-csv/6898#113627104>		"Komoro"@sn	
"Aruba"@mt	<https://panlex.org/snapshot/panlex-20191001-csv/6898#113644163>				<https://panlex.org/snapshot/panlex-20191001-csv/6898#113644166>		"Arubha"@sn	
"il-Polonja"@mt	<https://panlex.org/snapshot/panlex-20191001-csv/6898#113642762>				<https://panlex.org/snapshot/panlex-20191001-csv/6898#113642594>		"Poland"@sn	
"Anguilla"@mt	<https://panlex.org/snapshot/panlex-20191001-csv/6898#113587492>				<https://panlex.org/snapshot/panlex-20191001-csv/6898#113587616>		"Anguila"@sn	
"il-Bangladesh"@mt	<https://panlex.org/snapshot/panlex-20191001-csv/6898#113632226>				<https://panlex.org/snapshot/panlex-20191001-csv/6898#113632223>		"Bangladeshi"@sn	
"il-Laos"@mt	<https://panlex.org/snapshot/panlex-20191001-csv/6898#113619189>				<https://panlex.org/snapshot/panlex-20191001-csv/6898#113619157>		"Laos"@sn	
"il-Bhutan"@mt	<https://panlex.org/snapshot/panlex-20191001-csv/6898#113639762>				<https://panlex.org/snapshot/panlex-20191001-csv/6898#113639593>		"Bhutani"@sn	
"in-Nikaragwa"@mt	<https://panlex.org/snapshot/panlex-20191001-csv/6898#113611257>				<https://panlex.org/snapshot/panlex-20191001-csv/6898#113611114>		"Nicaragua"@sn	
"l-Armenja"@mt	<https://panlex.org/snapshot/panlex-20191001-csv/6898#113596478>				<https://panlex.org/snapshot/panlex-20191001-csv/6898#113596635>		"Armenia"@sn	
"il-Bolivja"@mt	<https://panlex.org/snapshot/panlex-20191001-csv/6898#113609679>				<https://panlex.org/snapshot/panlex-20191001-csv/6898#113609659>		"Bolivia"@sn	
"l-Iżvezja"@mt	<https://panlex.org/snapshot/panlex-20191001-csv/6898#113639812>				<https://panlex.org/snapshot/panlex-20191001-csv/6898#113639870>		"Sweden"@sn	
"il-Malasja"@mt	<https://panlex.org/snapshot/panlex-20191001-csv/6898#113584662>				<https://panlex.org/snapshot/panlex-20191001-csv/6898#113584676>		"Malaysia"@sn	
"iż-Żambja"@mt	<https://panlex.org/snapshot/panlex-20191001-csv/6898#113617430>				<https://panlex.org/snapshot/panlex-20191001-csv/6898#113617366>		"Zambia"@sn	
"iż-Żimbabwe"@mt	<https://panlex.org/snapshot/panlex-20191001-csv/6898#113583724>				<https://panlex.org/snapshot/panlex-20191001-csv/6898#113583633>		"Zimbabwe"@sn	
"Il-Gżejjer Falkland (il-Gżejjer Malvinas)"@mt	<https://panlex.org/snapshot/panlex-20191001-csv/6898#113642946>				<https://panlex.org/snapshot/panlex-20191001-csv/6898#113642949>		"Zvitsuwa zveFalklands"@sn	
"il-Kuwajt"@mt	<https://panlex.org/snapshot/panlex-20191001-csv/6898#113605876>				<https://panlex.org/snapshot/panlex-20191001-csv/6898#113605872>		"Kuwait"@sn	
"il-Vjetnam"@mt	<https://panlex.org/snapshot/panlex-20191001-csv/6898#113623545>				<https://panlex.org/snapshot/panlex-20191001-csv/6898#113623678>		"Vietnam"@sn	
"ir-Rumanija"@mt	<https://panlex.org/snapshot/panlex-20191001-csv/6898#113618267>				<https://panlex.org/snapshot/panlex-20191001-csv/6898#113618207>		"Romania"@sn	
"il-Guyana Franċiża"@mt	<https://panlex.org/snapshot/panlex-20191001-csv/6898#113644557>				<https://panlex.org/snapshot/panlex-20191001-csv/6898#113644507>		"French Guiana"@sn	
"l-Ungerija"@mt	<https://panlex.org/snapshot/panlex-20191001-csv/6898#113625076>				<https://panlex.org/snapshot/panlex-20191001-csv/6898#113625127>		"Hungary"@sn	
"il-Belize"@mt	<https://panlex.org/snapshot/panlex-20191001-csv/6898#113608978>				<https://panlex.org/snapshot/panlex-20191001-csv/6898#113608890>		"Belize"@sn	
"in-Netherlands"@mt	<https://panlex.org/snapshot/panlex-20191001-csv/6898#113635729>				<https://panlex.org/snapshot/panlex-20191001-csv/6898#113635873>		"Netherlands"@sn	
"l-Iran"@mt	<https://panlex.org/snapshot/panlex-20191001-csv/6898#113626157>				<https://panlex.org/snapshot/panlex-20191001-csv/6898#113626235>		"Iran"@sn	
"il-Georgia"@mt	<https://panlex.org/snapshot/panlex-20191001-csv/6898#113635065>				<https://panlex.org/snapshot/panlex-20191001-csv/6898#113635166>		"Georgia"@sn	
"it-Tuneżija"@mt	<https://panlex.org/snapshot/panlex-20191001-csv/6898#113606427>				<https://panlex.org/snapshot/panlex-20191001-csv/6898#113606504>		"Tunisia"@sn	
"Kongo (RDK)"@mt	<https://panlex.org/snapshot/panlex-20191001-csv/6898#113589442>				<https://panlex.org/snapshot/panlex-20191001-csv/6898#113589612>		"Democratic Republic of the Congo"@sn	
"Spanja"@mt	<https://panlex.org/snapshot/panlex-20191001-csv/6898#113594515>				<https://panlex.org/snapshot/panlex-20191001-csv/6898#113594469>		"Spain"@sn	
"l-Emirati Għarab Magħquda"@mt	<https://panlex.org/snapshot/panlex-20191001-csv/6898#113608607>				<https://panlex.org/snapshot/panlex-20191001-csv/6898#113608782>		"United Arab Emirates"@sn	
"Ġibiltà"@mt	<https://panlex.org/snapshot/panlex-20191001-csv/6898#113592954>				<https://panlex.org/snapshot/panlex-20191001-csv/6898#113592973>		"Gibraltar"@sn	
"il-Libanu"@mt	<https://panlex.org/snapshot/panlex-20191001-csv/6898#113585443>				<https://panlex.org/snapshot/panlex-20191001-csv/6898#113585417>		"Lebanon"@sn	
"l-Irlanda"@mt	<https://panlex.org/snapshot/panlex-20191001-csv/6898#113625950>				<https://panlex.org/snapshot/panlex-20191001-csv/6898#113626008>		"Ireland"@sn	
"New Caledonia"@mt	<https://panlex.org/snapshot/panlex-20191001-csv/6898#113586629>				<https://panlex.org/snapshot/panlex-20191001-csv/6898#113586694>		"New Caledonia"@sn	
"l-Oman"@mt	<https://panlex.org/snapshot/panlex-20191001-csv/6898#113622605>				<https://panlex.org/snapshot/panlex-20191001-csv/6898#113622497>		"Oman"@sn	
"is-Seychelles"@mt	<https://panlex.org/snapshot/panlex-20191001-csv/6898#113602035>				<https://panlex.org/snapshot/panlex-20191001-csv/6898#113602031>		"Seychelles"@sn	
"in-Namibja"@mt	<https://panlex.org/snapshot/panlex-20191001-csv/6898#113606797>				<https://panlex.org/snapshot/panlex-20191001-csv/6898#113606658>		"Namibia"@sn	
"ir-Russja"@mt	<https://panlex.org/snapshot/panlex-20191001-csv/6898#113645923>				<https://panlex.org/snapshot/panlex-20191001-csv/6898#113645966>		"Russia"@sn	
"qalb"@mt	<https://panlex.org/snapshot/panlex-20191001-csv/5950#85876411>				<https://panlex.org/snapshot/panlex-20191001-csv/5950#85876431>		"mwoyo"@sn	
"it-Tnejn"@mt	<https://panlex.org/snapshot/panlex-20191001-csv/5947#84803509>				<https://panlex.org/snapshot/panlex-20191001-csv/5947#84803571>		"Muvhuro"@sn	
"rota"@mt	<https://panlex.org/snapshot/panlex-20191001-csv/5940#81353561>				<https://panlex.org/snapshot/panlex-20191001-csv/5940#81353585>		"bhasikoro"@sn	
"bajsikil"@mt	<https://panlex.org/snapshot/panlex-20191001-csv/5940#81353560>				<https://panlex.org/snapshot/panlex-20191001-csv/5940#81353585>		"bhasikoro"@sn	
"April"@mt	<https://panlex.org/snapshot/panlex-20191001-csv/5939#80725364>				<https://panlex.org/snapshot/panlex-20191001-csv/5939#80725388>		"kubvumbi"@sn	
"it-Tlieta"@mt	<https://panlex.org/snapshot/panlex-20191001-csv/5939#80784049>				<https://panlex.org/snapshot/panlex-20191001-csv/5939#80784069>		"Chipiri"@sn	
"Dicembru"@mt	<https://panlex.org/snapshot/panlex-20191001-csv/5939#80782980>				<https://panlex.org/snapshot/panlex-20191001-csv/5939#80782999>		"Zvita"@sn	
"Awissu"@mt	<https://panlex.org/snapshot/panlex-20191001-csv/5939#80734628>				<https://panlex.org/snapshot/panlex-20191001-csv/5939#80734656>		"nyamavhuvhu"@sn	
"tuffieha"@mt	<https://panlex.org/snapshot/panlex-20191001-csv/5939#80724067>				<https://panlex.org/snapshot/panlex-20191001-csv/5939#80724088>		"apuro"@sn	
"mera"@mt	<https://panlex.org/snapshot/panlex-20191001-csv/5946#84446259>				<https://panlex.org/snapshot/panlex-20191001-csv/5946#84446308>		"chiringiro"@sn	
"Awwissu"@mt	<https://panlex.org/snapshot/panlex-20191001-csv/5949#85329436>				<https://panlex.org/snapshot/panlex-20191001-csv/5949#85329497>		"Nyamavhuvhu"@sn	
"Russja"@mt	<https://panlex.org/snapshot/panlex-20191001-csv/5949#85319538>				<https://panlex.org/snapshot/panlex-20191001-csv/5949#85319591>		"Russia"@sn	
"tal-linja"@mt	<https://panlex.org/snapshot/panlex-20191001-csv/5949#85330541>				<https://panlex.org/snapshot/panlex-20191001-csv/5949#85330568>		"bhazi"@sn	
"karozza tal-linja"@mt	<https://panlex.org/snapshot/panlex-20191001-csv/5949#85330542>				<https://panlex.org/snapshot/panlex-20191001-csv/5949#85330568>		"bhazi"@sn	
"Ewropa"@mt	<https://panlex.org/snapshot/panlex-20191001-csv/5949#85308592>				<https://panlex.org/snapshot/panlex-20191001-csv/5949#85308633>		"Europe"@sn	
"Bibbja"@mt	<https://panlex.org/snapshot/panlex-20191001-csv/5949#85302739>				<https://panlex.org/snapshot/panlex-20191001-csv/5949#85302782>		"Bhaibheri"@sn	
"xarabank"@mt	<https://panlex.org/snapshot/panlex-20191001-csv/5949#85330543>				<https://panlex.org/snapshot/panlex-20191001-csv/5949#85330568>		"bhazi"@sn	
"deheb"@mt	<https://panlex.org/snapshot/panlex-20191001-csv/5943#83355695>				<https://panlex.org/snapshot/panlex-20191001-csv/5943#83355704>		"ndarama"@sn	
"sħaba"@mt	<https://panlex.org/snapshot/panlex-20191001-csv/5943#83399209>				<https://panlex.org/snapshot/panlex-20191001-csv/5943#83399225>		"gora"@sn	
"kukkudrill"@mt	<https://panlex.org/snapshot/panlex-20191001-csv/5943#83354509>				<https://panlex.org/snapshot/panlex-20191001-csv/5943#83354513>		"garwe"@sn	
"iljunfant"@mt	<https://panlex.org/snapshot/panlex-20191001-csv/5943#83386081>				<https://panlex.org/snapshot/panlex-20191001-csv/5943#83386092>		"nzou"@sn	
"xmara"@mt	<https://panlex.org/snapshot/panlex-20191001-csv/5943#83334617>				<https://panlex.org/snapshot/panlex-20191001-csv/5943#83334632>		"rukova"@sn	
"mera"@mt	<https://panlex.org/snapshot/panlex-20191001-csv/5943#83394978>				<https://panlex.org/snapshot/panlex-20191001-csv/5943#83394992>		"chiringiro"@sn	
"ljun"@mt	<https://panlex.org/snapshot/panlex-20191001-csv/5943#83364308>				<https://panlex.org/snapshot/panlex-20191001-csv/5943#83364315>		"shumba"@sn	
"Qamar"@mt	<https://panlex.org/snapshot/panlex-20191001-csv/611#25802630>				<https://panlex.org/snapshot/panlex-20191001-csv/611#25802654>		"Mwedzi"@sn	
"qamar"@mt	<https://panlex.org/snapshot/panlex-20191001-csv/611#25802631>				<https://panlex.org/snapshot/panlex-20191001-csv/611#25802654>		"Mwedzi"@sn	
"Xemx"@mt	<https://panlex.org/snapshot/panlex-20191001-csv/611#25808974>				<https://panlex.org/snapshot/panlex-20191001-csv/611#25808993>		"zuva"@sn	
"sema"@mt	<https://panlex.org/snapshot/panlex-20191001-csv/611#25810991>				<https://panlex.org/snapshot/panlex-20191001-csv/611#25811007>		"denga"@sn	
"sena"@mt	<https://panlex.org/snapshot/panlex-20191001-csv/611#25800124>				<https://panlex.org/snapshot/panlex-20191001-csv/611#25800142>		"gore"@sn	
"Awissu"@mt	<https://panlex.org/snapshot/panlex-20191001-csv/9#473465>				<https://panlex.org/snapshot/panlex-20191001-csv/9#473484>		"nyamavhuvhu"@sn	
"tuffieha"@mt	<https://panlex.org/snapshot/panlex-20191001-csv/9#476455>				<https://panlex.org/snapshot/panlex-20191001-csv/9#476475>		"apuro"@sn	
"Novembru"@mt	<https://panlex.org/snapshot/panlex-20191001-csv/9#473697>				<https://panlex.org/snapshot/panlex-20191001-csv/9#473716>		"Mbudzi"@sn	
"kafè"@mt	<https://panlex.org/snapshot/panlex-20191001-csv/9#476730>				<https://panlex.org/snapshot/panlex-20191001-csv/9#476749>		"kofi"@sn	
"disgħa"@mt	<https://panlex.org/snapshot/panlex-20191001-csv/9#491007>				<https://panlex.org/snapshot/panlex-20191001-csv/9#491037>		"pfumbamwe"@sn	
"Dicembru"@mt	<https://panlex.org/snapshot/panlex-20191001-csv/9#472894>				<https://panlex.org/snapshot/panlex-20191001-csv/9#472912>		"Zvita"@sn	
"imnieher"@mt	<https://panlex.org/snapshot/panlex-20191001-csv/12#871544>				<https://panlex.org/snapshot/panlex-20191001-csv/12#871568>		"mhuno"@sn	
"ilma"@mt	<https://panlex.org/snapshot/panlex-20191001-csv/12#851049>				<https://panlex.org/snapshot/panlex-20191001-csv/12#851153>		"mvura"@sn	
"paċi"@mt	<https://panlex.org/snapshot/panlex-20191001-csv/2902#111012086>				<https://panlex.org/snapshot/panlex-20191001-csv/2902#111012139>		"dendemaro"@sn	
"paċi"@mt	<https://panlex.org/snapshot/panlex-20191001-csv/2902#111012086>				<https://panlex.org/snapshot/panlex-20191001-csv/2902#111012273>		"runyaro"@sn	
"sliem"@mt	<https://panlex.org/snapshot/panlex-20191001-csv/2902#111012125>				<https://panlex.org/snapshot/panlex-20191001-csv/2902#111012139>		"dendemaro"@sn	
"sliem"@mt	<https://panlex.org/snapshot/panlex-20191001-csv/2902#111012125>				<https://panlex.org/snapshot/panlex-20191001-csv/2902#111012273>		"runyaro"@sn	
"lutra"@mt	<https://panlex.org/snapshot/panlex-20191001-csv/10#715153>				<https://panlex.org/snapshot/panlex-20191001-csv/10#715166>		"mbiti"@sn	
"rota"@mt	<https://panlex.org/snapshot/panlex-20191001-csv/10#621121>				<https://panlex.org/snapshot/panlex-20191001-csv/10#621139>		"bhasikoro"@sn	
"shaba"@mt	<https://panlex.org/snapshot/panlex-20191001-csv/15#957150>				<https://panlex.org/snapshot/panlex-20191001-csv/15#957165>		"gora"@sn	
"muntanja"@mt	<https://panlex.org/snapshot/panlex-20191001-csv/15#959237>				<https://panlex.org/snapshot/panlex-20191001-csv/15#959248>		"gomo"@sn	
"iljunfant"@mt	<https://panlex.org/snapshot/panlex-20191001-csv/15#971266>				<https://panlex.org/snapshot/panlex-20191001-csv/15#971270>		"nzou"@sn	
"tuffieha"@mt	<https://panlex.org/snapshot/panlex-20191001-csv/11#789491>				<https://panlex.org/snapshot/panlex-20191001-csv/11#789510>		"apuro"@sn	
"ilma"@mt	<https://panlex.org/snapshot/panlex-20191001-csv/11#787653>				<https://panlex.org/snapshot/panlex-20191001-csv/11#787728>		"mvura"@sn	
"it-Tlieta"@mt	<https://panlex.org/snapshot/panlex-20191001-csv/2892#110824499>				<https://panlex.org/snapshot/panlex-20191001-csv/2892#110824569>		"Chipiri"@sn	
"il-Ħamis"@mt	<https://panlex.org/snapshot/panlex-20191001-csv/2892#110825649>				<https://panlex.org/snapshot/panlex-20191001-csv/2892#110825527>		"China"@sn	
"is-Sibt"@mt	<https://panlex.org/snapshot/panlex-20191001-csv/2892#110826425>				<https://panlex.org/snapshot/panlex-20191001-csv/2892#110826346>		"Mugovera"@sn	
"is-Sibt"@mt	<https://panlex.org/snapshot/panlex-20191001-csv/2892#110826425>				<https://panlex.org/snapshot/panlex-20191001-csv/2892#110826486>		"Mugobera"@sn	
"il-Ġimgħa"@mt	<https://panlex.org/snapshot/panlex-20191001-csv/2892#110825878>				<https://panlex.org/snapshot/panlex-20191001-csv/2892#110826028>		"Chishanu"@sn	
"il-Ħadd"@mt	<https://panlex.org/snapshot/panlex-20191001-csv/2892#110826768>				<https://panlex.org/snapshot/panlex-20191001-csv/2892#110827001>		"Svondo"@sn	
"l-Erbgħa"@mt	<https://panlex.org/snapshot/panlex-20191001-csv/2892#110825255>				<https://panlex.org/snapshot/panlex-20191001-csv/2892#110825162>		"Chitatu"@sn	
"it-Tnejn"@mt	<https://panlex.org/snapshot/panlex-20191001-csv/2892#110824170>				<https://panlex.org/snapshot/panlex-20191001-csv/2892#110824196>		"Muvhuro"@sn	
"April"@mt	<https://panlex.org/snapshot/panlex-20191001-csv/2897#110828342>				<https://panlex.org/snapshot/panlex-20191001-csv/2897#110828653>		"Kubvumbi"@sn	
"Novembru"@mt	<https://panlex.org/snapshot/panlex-20191001-csv/2897#110831449>				<https://panlex.org/snapshot/panlex-20191001-csv/2897#110831414>		"Mbudzi"@sn	
"Frar"@mt	<https://panlex.org/snapshot/panlex-20191001-csv/2897#110827450>				<https://panlex.org/snapshot/panlex-20191001-csv/2897#110827644>		"Kukadzi"@sn	
"Settembru"@mt	<https://panlex.org/snapshot/panlex-20191001-csv/2897#110830606>				<https://panlex.org/snapshot/panlex-20191001-csv/2897#110830685>		"Gunyana"@sn	
"Lulju"@mt	<https://panlex.org/snapshot/panlex-20191001-csv/2897#110829498>				<https://panlex.org/snapshot/panlex-20191001-csv/2897#110829547>		"Chikunguru"@sn	
"Awwissu"@mt	<https://panlex.org/snapshot/panlex-20191001-csv/2897#110830292>				<https://panlex.org/snapshot/panlex-20191001-csv/2897#110830197>		"Nyamavhuvhu"@sn	
"Ġunju"@mt	<https://panlex.org/snapshot/panlex-20191001-csv/2897#110829475>				<https://panlex.org/snapshot/panlex-20191001-csv/2897#110829127>		"Chikumi"@sn	
"Diċembru"@mt	<https://panlex.org/snapshot/panlex-20191001-csv/2897#110831793>				<https://panlex.org/snapshot/panlex-20191001-csv/2897#110831565>		"Zvita"@sn	
"Jannar"@mt	<https://panlex.org/snapshot/panlex-20191001-csv/2897#110827137>				<https://panlex.org/snapshot/panlex-20191001-csv/2897#110827237>		"Ndira"@sn	
"Marzu"@mt	<https://panlex.org/snapshot/panlex-20191001-csv/2897#110828185>				<https://panlex.org/snapshot/panlex-20191001-csv/2897#110827873>		"Kurume"@sn	
"Mejju"@mt	<https://panlex.org/snapshot/panlex-20191001-csv/2897#110828670>				<https://panlex.org/snapshot/panlex-20191001-csv/2897#110828722>		"Chivabvu"@sn	
"Ottubru"@mt	<https://panlex.org/snapshot/panlex-20191001-csv/2897#110830739>				<https://panlex.org/snapshot/panlex-20191001-csv/2897#110831011>		"Gumiguru"@sn	
