"Ġeremija"@mt	<https://panlex.org/snapshot/panlex-20191001-csv/6718#111120402>				<https://panlex.org/snapshot/panlex-20191001-csv/6718#111120450>		"Jeremiah"@yo	
"Ekklesjasti"@mt	<https://panlex.org/snapshot/panlex-20191001-csv/6718#111121575>				<https://panlex.org/snapshot/panlex-20191001-csv/6718#111121457>		"Àwo̩n Oniwasu"@yo	
"Ġożwè"@mt	<https://panlex.org/snapshot/panlex-20191001-csv/6718#111119755>				<https://panlex.org/snapshot/panlex-20191001-csv/6718#111119831>		"Jos̩ua"@yo	
"Esdra – Neħemija"@mt	<https://panlex.org/snapshot/panlex-20191001-csv/6718#111121909>				<https://panlex.org/snapshot/panlex-20191001-csv/6718#111121834>		"E̩sra – Nehemiah"@yo	
"Ħabakkuk"@mt	<https://panlex.org/snapshot/panlex-20191001-csv/6718#111123021>				<https://panlex.org/snapshot/panlex-20191001-csv/6718#111122962>		"Habakkuku"@yo	
"Eżodu"@mt	<https://panlex.org/snapshot/panlex-20191001-csv/6718#111119324>				<https://panlex.org/snapshot/panlex-20191001-csv/6718#111119330>		"Eksodu"@yo	
"Danjel"@mt	<https://panlex.org/snapshot/panlex-20191001-csv/6718#111121776>				<https://panlex.org/snapshot/panlex-20191001-csv/6718#111121807>		"Danieli"@yo	
"Ġob"@mt	<https://panlex.org/snapshot/panlex-20191001-csv/6718#111121023>				<https://panlex.org/snapshot/panlex-20191001-csv/6718#111120997>		"Joobu"@yo	
"Malakija"@mt	<https://panlex.org/snapshot/panlex-20191001-csv/6718#111123489>				<https://panlex.org/snapshot/panlex-20191001-csv/6718#111123429>		"Malaki"@yo	
"It-Tnax-il Profeta"@mt	<https://panlex.org/snapshot/panlex-20191001-csv/6718#111120677>				<https://panlex.org/snapshot/panlex-20191001-csv/6718#111120621>		"Aláso̩té̩lè̩ Méjìlá"@yo	
"Levitiku"@mt	<https://panlex.org/snapshot/panlex-20191001-csv/6718#111119433>				<https://panlex.org/snapshot/panlex-20191001-csv/6718#111119472>		"Lefitiku"@yo	
"Għamos"@mt	<https://panlex.org/snapshot/panlex-20191001-csv/6718#111122342>				<https://panlex.org/snapshot/panlex-20191001-csv/6718#111122358>		"Amosi"@yo	
"Proverbji"@mt	<https://panlex.org/snapshot/panlex-20191001-csv/6718#111120857>				<https://panlex.org/snapshot/panlex-20191001-csv/6718#111120841>		"Òwe"@yo	
"L-Għanja tal-Għanjiet"@mt	<https://panlex.org/snapshot/panlex-20191001-csv/6718#111121185>				<https://panlex.org/snapshot/panlex-20191001-csv/6718#111121097>		"Orin Solomoni"@yo	
"Eżekjel"@mt	<https://panlex.org/snapshot/panlex-20191001-csv/6718#111120575>				<https://panlex.org/snapshot/panlex-20191001-csv/6718#111120563>		"Esekieli"@yo	
"Lamentazzjonijiet"@mt	<https://panlex.org/snapshot/panlex-20191001-csv/6718#111121421>				<https://panlex.org/snapshot/panlex-20191001-csv/6718#111121437>		"E̩kún Jeremiah"@yo	
"Ġoel"@mt	<https://panlex.org/snapshot/panlex-20191001-csv/6718#111122288>				<https://panlex.org/snapshot/panlex-20191001-csv/6718#111122262>		"Joeli"@yo	
"Ġenesi"@mt	<https://panlex.org/snapshot/panlex-20191001-csv/6718#111119221>				<https://panlex.org/snapshot/panlex-20191001-csv/6718#111119145>		"Genesisi"@yo	
"Isaija"@mt	<https://panlex.org/snapshot/panlex-20191001-csv/6718#111120305>				<https://panlex.org/snapshot/panlex-20191001-csv/6718#111120281>		"Isaiah"@yo	
"Dewteronomju"@mt	<https://panlex.org/snapshot/panlex-20191001-csv/6718#111119672>				<https://panlex.org/snapshot/panlex-20191001-csv/6718#111119696>		"Deuteronomi"@yo	
"Koħèlet"@mt	<https://panlex.org/snapshot/panlex-20191001-csv/6718#111121519>				<https://panlex.org/snapshot/panlex-20191001-csv/6718#111121457>		"Àwo̩n Oniwasu"@yo	
"Ħaggaj"@mt	<https://panlex.org/snapshot/panlex-20191001-csv/6718#111123276>				<https://panlex.org/snapshot/panlex-20191001-csv/6718#111123220>		"Haggai"@yo	
"Hosegħa"@mt	<https://panlex.org/snapshot/panlex-20191001-csv/6718#111122180>				<https://panlex.org/snapshot/panlex-20191001-csv/6718#111122142>		"Hosea"@yo	
"Mħallfin"@mt	<https://panlex.org/snapshot/panlex-20191001-csv/6718#111119937>				<https://panlex.org/snapshot/panlex-20191001-csv/6718#111119955>		"Àwo̩n Onídàjó̩"@yo	
"Mikea"@mt	<https://panlex.org/snapshot/panlex-20191001-csv/6718#111122752>				<https://panlex.org/snapshot/panlex-20191001-csv/6718#111122678>		"Mika"@yo	
"Ġona"@mt	<https://panlex.org/snapshot/panlex-20191001-csv/6718#111122671>				<https://panlex.org/snapshot/panlex-20191001-csv/6718#111122582>		"Jona"@yo	
"Rut"@mt	<https://panlex.org/snapshot/panlex-20191001-csv/6718#111121296>				<https://panlex.org/snapshot/panlex-20191001-csv/6718#111121222>		"Rutu"@yo	
"Kronaki"@mt	<https://panlex.org/snapshot/panlex-20191001-csv/6718#111121967>				<https://panlex.org/snapshot/panlex-20191001-csv/6718#111122009>		"Kronika"@yo	
"Naħum"@mt	<https://panlex.org/snapshot/panlex-20191001-csv/6718#111122850>				<https://panlex.org/snapshot/panlex-20191001-csv/6718#111122808>		"Nahumu"@yo	
"Sofonija"@mt	<https://panlex.org/snapshot/panlex-20191001-csv/6718#111123101>				<https://panlex.org/snapshot/panlex-20191001-csv/6718#111123080>		"Sefaniah"@yo	
"Salmi"@mt	<https://panlex.org/snapshot/panlex-20191001-csv/6718#111120777>				<https://panlex.org/snapshot/panlex-20191001-csv/6718#111120721>		"Psalmu"@yo	
"Slaten"@mt	<https://panlex.org/snapshot/panlex-20191001-csv/6718#111120185>				<https://panlex.org/snapshot/panlex-20191001-csv/6718#111120133>		"Àwo̩n O̩ba"@yo	
"Żakkarija"@mt	<https://panlex.org/snapshot/panlex-20191001-csv/6718#111123362>				<https://panlex.org/snapshot/panlex-20191001-csv/6718#111123375>		"Sekariah"@yo	
"Ester"@mt	<https://panlex.org/snapshot/panlex-20191001-csv/6718#111121663>				<https://panlex.org/snapshot/panlex-20191001-csv/6718#111121659>		"E̩steri"@yo	
"Samwel"@mt	<https://panlex.org/snapshot/panlex-20191001-csv/6718#111120015>				<https://panlex.org/snapshot/panlex-20191001-csv/6718#111120108>		"Samue̩li"@yo	
"Numri"@mt	<https://panlex.org/snapshot/panlex-20191001-csv/6718#111119554>				<https://panlex.org/snapshot/panlex-20191001-csv/6718#111119515>		"Numeri"@yo	
"Għabdija"@mt	<https://panlex.org/snapshot/panlex-20191001-csv/6718#111122525>				<https://panlex.org/snapshot/panlex-20191001-csv/6718#111122433>		"Obadiah"@yo	
"Knisja Kattolika Rumana"@mt	<https://panlex.org/snapshot/panlex-20191001-csv/6717#111107627>				<https://panlex.org/snapshot/panlex-20191001-csv/6717#111107620>		"Ìjo̩ Katholiki Romu"@yo	
"It-Tieni Gwerra Dinjija"@mt	<https://panlex.org/snapshot/panlex-20191001-csv/6709#111077645>				<https://panlex.org/snapshot/panlex-20191001-csv/6709#111077541>		"Ogun Àgbáyé Kejì"@yo	
"L-Ewwel Gwerra Dinjija"@mt	<https://panlex.org/snapshot/panlex-20191001-csv/6709#111077317>				<https://panlex.org/snapshot/panlex-20191001-csv/6709#111077307>		"Ogun Àgbáyé Kìíní"@yo	
"Tazza tad-Dinja tal-Futbol"@mt	<https://panlex.org/snapshot/panlex-20191001-csv/6715#111107312>				<https://panlex.org/snapshot/panlex-20191001-csv/6715#111107259>		"Ife-è̩ye̩ Àgbáyé Bó̩ò̩lù-e̩lé̩sè̩"@yo	
"Il-ktieb tal-Apokalissi"@mt	<https://panlex.org/snapshot/panlex-20191001-csv/6726#111134732>				<https://panlex.org/snapshot/panlex-20191001-csv/6726#111134769>		"Ifihan"@yo	
"It-Testment il-Ġdid"@mt	<https://panlex.org/snapshot/panlex-20191001-csv/6726#111134996>				<https://panlex.org/snapshot/panlex-20191001-csv/6726#111134918>		"Awo̩n iwe maje̩mu titun"@yo	
"L-ittra lil Filemon"@mt	<https://panlex.org/snapshot/panlex-20191001-csv/6726#111133319>				<https://panlex.org/snapshot/panlex-20191001-csv/6726#111133345>		"Filemo̩ni"@yo	
"L-ittra lill-Filippin"@mt	<https://panlex.org/snapshot/panlex-20191001-csv/6726#111132104>				<https://panlex.org/snapshot/panlex-20191001-csv/6726#111132245>		"Awo̩n ará Filippi"@yo	
"L-ittra ta’ San Ġakbu"@mt	<https://panlex.org/snapshot/panlex-20191001-csv/6726#111133655>				<https://panlex.org/snapshot/panlex-20191001-csv/6726#111133571>		"Jemisi"@yo	
"L-ewwel ittra ta’ San Pietru"@mt	<https://panlex.org/snapshot/panlex-20191001-csv/6726#111133863>				<https://panlex.org/snapshot/panlex-20191001-csv/6726#111133856>		"Peteru (Kinni)"@yo	
"L-ittra lill-Efesin"@mt	<https://panlex.org/snapshot/panlex-20191001-csv/6726#111131987>				<https://panlex.org/snapshot/panlex-20191001-csv/6726#111132076>		"Awo̩n ará Efesu"@yo	
"L-ewwel ittra lit-Tessalonikin"@mt	<https://panlex.org/snapshot/panlex-20191001-csv/6726#111132502>				<https://panlex.org/snapshot/panlex-20191001-csv/6726#111132473>		"Awo̩n ará Tessalonika (Kinni)"@yo	
"L-ewwel ittra lil Timotju"@mt	<https://panlex.org/snapshot/panlex-20191001-csv/6726#111132796>				<https://panlex.org/snapshot/panlex-20191001-csv/6726#111132822>		"Timoteu (Kinni)"@yo	
"L-atti tal-Appostli"@mt	<https://panlex.org/snapshot/panlex-20191001-csv/6726#111131169>				<https://panlex.org/snapshot/panlex-20191001-csv/6726#111131178>		"Ise Awo̩n Aposteli"@yo	
"It-tieni ittra ta’ San Ġwann"@mt	<https://panlex.org/snapshot/panlex-20191001-csv/6726#111134378>				<https://panlex.org/snapshot/panlex-20191001-csv/6726#111134296>		"Johanu (Keji)"@yo	
"It-tielet ittra ta’ San Ġwann"@mt	<https://panlex.org/snapshot/panlex-20191001-csv/6726#111134451>				<https://panlex.org/snapshot/panlex-20191001-csv/6726#111134454>		"Johanu (Ke̩ta)"@yo	
"L-ittra lill-Kolossin"@mt	<https://panlex.org/snapshot/panlex-20191001-csv/6726#111132287>				<https://panlex.org/snapshot/panlex-20191001-csv/6726#111132272>		"Awo̩n ará Kolosse"@yo	
"It-tieni ittra ta’ San Pietru"@mt	<https://panlex.org/snapshot/panlex-20191001-csv/6726#111133958>				<https://panlex.org/snapshot/panlex-20191001-csv/6726#111133933>		"Peteru (Keji)"@yo	
"It-tieni ittra lill-Korintin"@mt	<https://panlex.org/snapshot/panlex-20191001-csv/6726#111131734>				<https://panlex.org/snapshot/panlex-20191001-csv/6726#111131646>		"Awo̩n ará Korinti (Keji)"@yo	
"L-evanġelju skond San Luqa"@mt	<https://panlex.org/snapshot/panlex-20191001-csv/6726#111130860>				<https://panlex.org/snapshot/panlex-20191001-csv/6726#111130911>		"Luku"@yo	
"L-ittra ta’ San Ġuda"@mt	<https://panlex.org/snapshot/panlex-20191001-csv/6726#111134619>				<https://panlex.org/snapshot/panlex-20191001-csv/6726#111134565>		"Juda"@yo	
"It-tieni ittra lil Timotju"@mt	<https://panlex.org/snapshot/panlex-20191001-csv/6726#111133057>				<https://panlex.org/snapshot/panlex-20191001-csv/6726#111132960>		"Timoteu (Keji)"@yo	
"It-tieni ittra lit-Tessalonikin"@mt	<https://panlex.org/snapshot/panlex-20191001-csv/6726#111132754>				<https://panlex.org/snapshot/panlex-20191001-csv/6726#111132601>		"Awo̩n ará Tessalonika (Keji)"@yo	
"L-ittra lil-Lhud"@mt	<https://panlex.org/snapshot/panlex-20191001-csv/6726#111133412>				<https://panlex.org/snapshot/panlex-20191001-csv/6726#111133423>		"Awo̩n Heberu"@yo	
"L-ittra lill-Galatin"@mt	<https://panlex.org/snapshot/panlex-20191001-csv/6726#111131800>				<https://panlex.org/snapshot/panlex-20191001-csv/6726#111131787>		"Awo̩n ará Galatia"@yo	
"L-ittra lir-Rumani"@mt	<https://panlex.org/snapshot/panlex-20191001-csv/6726#111131380>				<https://panlex.org/snapshot/panlex-20191001-csv/6726#111131419>		"Awo̩n ará Romu"@yo	
"L-evanġelju skond San Mattew"@mt	<https://panlex.org/snapshot/panlex-20191001-csv/6726#111130622>				<https://panlex.org/snapshot/panlex-20191001-csv/6726#111130471>		"Matteu"@yo	
"L-evanġelju skond San Ġwann"@mt	<https://panlex.org/snapshot/panlex-20191001-csv/6726#111131078>				<https://panlex.org/snapshot/panlex-20191001-csv/6726#111131017>		"Johanu"@yo	
"L-ewwel ittra ta’ San Ġwann"@mt	<https://panlex.org/snapshot/panlex-20191001-csv/6726#111134130>				<https://panlex.org/snapshot/panlex-20191001-csv/6726#111134142>		"Johanu (Kinni)"@yo	
"L-evanġelju skond San Mark"@mt	<https://panlex.org/snapshot/panlex-20191001-csv/6726#111130632>				<https://panlex.org/snapshot/panlex-20191001-csv/6726#111130651>		"Marku"@yo	
"L-ewwel ittra lill-Korintin"@mt	<https://panlex.org/snapshot/panlex-20191001-csv/6726#111131558>				<https://panlex.org/snapshot/panlex-20191001-csv/6726#111131556>		"Awo̩n ará Korinti (Kinni)"@yo	
"L-ittra lil Titu"@mt	<https://panlex.org/snapshot/panlex-20191001-csv/6726#111133231>				<https://panlex.org/snapshot/panlex-20191001-csv/6726#111133225>		"Titu"@yo	
"l-Użbekistan"@mt	<https://panlex.org/snapshot/panlex-20191001-csv/6898#113637211>				<https://panlex.org/snapshot/panlex-20191001-csv/6898#113637246>		"Orílẹ́ède Nṣibẹkisitani"@yo	
"l-Użbekistan"@mt	<https://panlex.org/snapshot/panlex-20191001-csv/6898#113637211>				<https://panlex.org/snapshot/panlex-20191001-csv/6898#113637225>		"Orílɛ́ède Nshibɛkisitani"@yo	
"Żvizzera"@mt	<https://panlex.org/snapshot/panlex-20191001-csv/6898#113612900>				<https://panlex.org/snapshot/panlex-20191001-csv/6898#113612828>		"Orílẹ́ède switiṣilandi"@yo	
"Żvizzera"@mt	<https://panlex.org/snapshot/panlex-20191001-csv/6898#113612900>				<https://panlex.org/snapshot/panlex-20191001-csv/6898#113612859>		"Orílɛ́ède switishilandi"@yo	
"il-Guinea-Bissau"@mt	<https://panlex.org/snapshot/panlex-20191001-csv/6898#113616579>				<https://panlex.org/snapshot/panlex-20191001-csv/6898#113616570>		"Orílɛ́ède Gene-Busau"@yo	
"il-Guinea-Bissau"@mt	<https://panlex.org/snapshot/panlex-20191001-csv/6898#113616579>				<https://panlex.org/snapshot/panlex-20191001-csv/6898#113616614>		"Orílẹ́ède Gene-Busau"@yo	
"il-Brunei"@mt	<https://panlex.org/snapshot/panlex-20191001-csv/6898#113616065>				<https://panlex.org/snapshot/panlex-20191001-csv/6898#113616131>		"Orílẹ́ède Búrúnẹ́lì"@yo	
"il-Brunei"@mt	<https://panlex.org/snapshot/panlex-20191001-csv/6898#113616065>				<https://panlex.org/snapshot/panlex-20191001-csv/6898#113616104>		"Orílɛ́ède Búrúnɛ́lì"@yo	
"il-Kanada"@mt	<https://panlex.org/snapshot/panlex-20191001-csv/6898#113595909>				<https://panlex.org/snapshot/panlex-20191001-csv/6898#113595788>		"Orílɛ́ède Kánádà"@yo	
"il-Kanada"@mt	<https://panlex.org/snapshot/panlex-20191001-csv/6898#113595909>				<https://panlex.org/snapshot/panlex-20191001-csv/6898#113595880>		"Orílẹ́ède Kánádà"@yo	
"il-Gżejjer Turks u Caicos"@mt	<https://panlex.org/snapshot/panlex-20191001-csv/6898#113588788>				<https://panlex.org/snapshot/panlex-20191001-csv/6898#113588812>		"Orílɛ́ède Tɔɔki ati Etikun Kakɔsi"@yo	
"il-Gżejjer Turks u Caicos"@mt	<https://panlex.org/snapshot/panlex-20191001-csv/6898#113588788>				<https://panlex.org/snapshot/panlex-20191001-csv/6898#113588576>		"Orílẹ́ède Tọọki ati Etikun Kakọsi"@yo	
"l-Indoneżja"@mt	<https://panlex.org/snapshot/panlex-20191001-csv/6898#113633454>				<https://panlex.org/snapshot/panlex-20191001-csv/6898#113633565>		"Orílɛ́ède Indonesia"@yo	
"l-Indoneżja"@mt	<https://panlex.org/snapshot/panlex-20191001-csv/6898#113633454>				<https://panlex.org/snapshot/panlex-20191001-csv/6898#113633434>		"Orílẹ́ède Indonesia"@yo	
"Franza"@mt	<https://panlex.org/snapshot/panlex-20191001-csv/6898#113618077>				<https://panlex.org/snapshot/panlex-20191001-csv/6898#113618026>		"Orílɛ́ède Faranse"@yo	
"Franza"@mt	<https://panlex.org/snapshot/panlex-20191001-csv/6898#113618077>				<https://panlex.org/snapshot/panlex-20191001-csv/6898#113618070>		"Orílẹ́ède Faranse"@yo	
"San Marino"@mt	<https://panlex.org/snapshot/panlex-20191001-csv/6898#113625701>				<https://panlex.org/snapshot/panlex-20191001-csv/6898#113625683>		"Orílẹ́ède Sani Marino"@yo	
"San Marino"@mt	<https://panlex.org/snapshot/panlex-20191001-csv/6898#113625701>				<https://panlex.org/snapshot/panlex-20191001-csv/6898#113625759>		"Orílɛ́ède Sani Marino"@yo	
"l-Urugwaj"@mt	<https://panlex.org/snapshot/panlex-20191001-csv/6898#113623345>				<https://panlex.org/snapshot/panlex-20191001-csv/6898#113623432>		"Orílɛ́ède Nruguayi"@yo	
"l-Urugwaj"@mt	<https://panlex.org/snapshot/panlex-20191001-csv/6898#113623345>				<https://panlex.org/snapshot/panlex-20191001-csv/6898#113623484>		"Orílẹ́ède Nruguayi"@yo	
"il-Qatar"@mt	<https://panlex.org/snapshot/panlex-20191001-csv/6898#113636756>				<https://panlex.org/snapshot/panlex-20191001-csv/6898#113636851>		"Orílẹ́ède Kota"@yo	
"il-Qatar"@mt	<https://panlex.org/snapshot/panlex-20191001-csv/6898#113636756>				<https://panlex.org/snapshot/panlex-20191001-csv/6898#113636790>		"Orílɛ́ède Kota"@yo	
"iċ-Chad"@mt	<https://panlex.org/snapshot/panlex-20191001-csv/6898#113643394>				<https://panlex.org/snapshot/panlex-20191001-csv/6898#113643344>		"Orílɛ́ède shààdì"@yo	
"iċ-Chad"@mt	<https://panlex.org/snapshot/panlex-20191001-csv/6898#113643394>				<https://panlex.org/snapshot/panlex-20191001-csv/6898#113643236>		"Orílẹ́ède ṣààdì"@yo	
"l-Istat tal-Belt tal-Vatikan"@mt	<https://panlex.org/snapshot/panlex-20191001-csv/6898#113629781>				<https://panlex.org/snapshot/panlex-20191001-csv/6898#113629739>		"Orílɛ́ède Fatikani"@yo	
"l-Istat tal-Belt tal-Vatikan"@mt	<https://panlex.org/snapshot/panlex-20191001-csv/6898#113629781>				<https://panlex.org/snapshot/panlex-20191001-csv/6898#113629736>		"Orílẹ́ède Fatikani"@yo	
"il-Kosta tal-Avorju"@mt	<https://panlex.org/snapshot/panlex-20191001-csv/6898#113640429>				<https://panlex.org/snapshot/panlex-20191001-csv/6898#113640367>		"Orílɛ́ède Kóútè forà"@yo	
"il-Kosta tal-Avorju"@mt	<https://panlex.org/snapshot/panlex-20191001-csv/6898#113640429>				<https://panlex.org/snapshot/panlex-20191001-csv/6898#113640335>		"Orílẹ́ède Kóútè forà"@yo	
"l-Arabia Sawdija"@mt	<https://panlex.org/snapshot/panlex-20191001-csv/6898#113583539>				<https://panlex.org/snapshot/panlex-20191001-csv/6898#113583400>		"Orílẹ́ède Saudi Arabia"@yo	
"l-Arabia Sawdija"@mt	<https://panlex.org/snapshot/panlex-20191001-csv/6898#113583539>				<https://panlex.org/snapshot/panlex-20191001-csv/6898#113583390>		"Orílɛ́ède Saudi Arabia"@yo	
"il-Kroazja"@mt	<https://panlex.org/snapshot/panlex-20191001-csv/6898#113623125>				<https://panlex.org/snapshot/panlex-20191001-csv/6898#113623215>		"Orílɛ́ède Kòróátíà"@yo	
"il-Kroazja"@mt	<https://panlex.org/snapshot/panlex-20191001-csv/6898#113623125>				<https://panlex.org/snapshot/panlex-20191001-csv/6898#113623211>		"Orílẹ́ède Kòróátíà"@yo	
"Saint Pierre u Miquelon"@mt	<https://panlex.org/snapshot/panlex-20191001-csv/6898#113588880>				<https://panlex.org/snapshot/panlex-20191001-csv/6898#113588988>		"Orílɛ́ède Pɛɛri ati mikuloni"@yo	
"Saint Pierre u Miquelon"@mt	<https://panlex.org/snapshot/panlex-20191001-csv/6898#113588880>				<https://panlex.org/snapshot/panlex-20191001-csv/6898#113589047>		"Orílẹ́ède Pẹẹri ati mikuloni"@yo	
"is-Suriname"@mt	<https://panlex.org/snapshot/panlex-20191001-csv/6898#113640665>				<https://panlex.org/snapshot/panlex-20191001-csv/6898#113640772>		"Orílɛ́ède Surinami"@yo	
"is-Suriname"@mt	<https://panlex.org/snapshot/panlex-20191001-csv/6898#113640665>				<https://panlex.org/snapshot/panlex-20191001-csv/6898#113640688>		"Orílẹ́ède Surinami"@yo	
"il-Gżejjer Verġni tal-Istati Uniti"@mt	<https://panlex.org/snapshot/panlex-20191001-csv/6898#113587781>				<https://panlex.org/snapshot/panlex-20191001-csv/6898#113587666>		"Orílɛ́ède Etikun Fagini ti Amɛrika"@yo	
"il-Gżejjer Verġni tal-Istati Uniti"@mt	<https://panlex.org/snapshot/panlex-20191001-csv/6898#113587781>				<https://panlex.org/snapshot/panlex-20191001-csv/6898#113587683>		"Orílẹ́ède Etikun Fagini ti Amẹrika"@yo	
"Polineżja Franċiża"@mt	<https://panlex.org/snapshot/panlex-20191001-csv/6898#113621061>				<https://panlex.org/snapshot/panlex-20191001-csv/6898#113621122>		"Orílẹ́ède Firenṣi Polinesia"@yo	
"Polineżja Franċiża"@mt	<https://panlex.org/snapshot/panlex-20191001-csv/6898#113621061>				<https://panlex.org/snapshot/panlex-20191001-csv/6898#113621058>		"Orílɛ́ède Firenshi Polinesia"@yo	
"il-Costa Rica"@mt	<https://panlex.org/snapshot/panlex-20191001-csv/6898#113598339>				<https://panlex.org/snapshot/panlex-20191001-csv/6898#113598420>		"Orílẹ́ède Kuusita Ríkà"@yo	
"il-Costa Rica"@mt	<https://panlex.org/snapshot/panlex-20191001-csv/6898#113598339>				<https://panlex.org/snapshot/panlex-20191001-csv/6898#113598478>		"Orílɛ́ède Kuusita Ríkà"@yo	
"Puerto Rico"@mt	<https://panlex.org/snapshot/panlex-20191001-csv/6898#113612533>				<https://panlex.org/snapshot/panlex-20191001-csv/6898#113612389>		"Orílẹ́ède Pọto Riko"@yo	
"Puerto Rico"@mt	<https://panlex.org/snapshot/panlex-20191001-csv/6898#113612533>				<https://panlex.org/snapshot/panlex-20191001-csv/6898#113612500>		"Orílɛ́ède Pɔto Riko"@yo	
"Comoros"@mt	<https://panlex.org/snapshot/panlex-20191001-csv/6898#113626927>				<https://panlex.org/snapshot/panlex-20191001-csv/6898#113627003>		"Orílẹ́ède Kòmòrósì"@yo	
"Comoros"@mt	<https://panlex.org/snapshot/panlex-20191001-csv/6898#113626927>				<https://panlex.org/snapshot/panlex-20191001-csv/6898#113627101>		"Orílɛ́ède Kòmòrósì"@yo	
"Aruba"@mt	<https://panlex.org/snapshot/panlex-20191001-csv/6898#113644163>				<https://panlex.org/snapshot/panlex-20191001-csv/6898#113644149>		"Orílẹ́ède Árúbà"@yo	
"Aruba"@mt	<https://panlex.org/snapshot/panlex-20191001-csv/6898#113644163>				<https://panlex.org/snapshot/panlex-20191001-csv/6898#113644128>		"Orílɛ́ède Árúbà"@yo	
"il-Polonja"@mt	<https://panlex.org/snapshot/panlex-20191001-csv/6898#113642762>				<https://panlex.org/snapshot/panlex-20191001-csv/6898#113642768>		"Orílɛ́ède Polandi"@yo	
"il-Polonja"@mt	<https://panlex.org/snapshot/panlex-20191001-csv/6898#113642762>				<https://panlex.org/snapshot/panlex-20191001-csv/6898#113642751>		"Orílẹ́ède Polandi"@yo	
"Anguilla"@mt	<https://panlex.org/snapshot/panlex-20191001-csv/6898#113587492>				<https://panlex.org/snapshot/panlex-20191001-csv/6898#113587517>		"Orílẹ́ède Ààngúlílà"@yo	
"Anguilla"@mt	<https://panlex.org/snapshot/panlex-20191001-csv/6898#113587492>				<https://panlex.org/snapshot/panlex-20191001-csv/6898#113587562>		"Orílɛ́ède Ààngúlílà"@yo	
"il-Bangladesh"@mt	<https://panlex.org/snapshot/panlex-20191001-csv/6898#113632226>				<https://panlex.org/snapshot/panlex-20191001-csv/6898#113632295>		"Orílẹ́ède Bángáládésì"@yo	
"il-Bangladesh"@mt	<https://panlex.org/snapshot/panlex-20191001-csv/6898#113632226>				<https://panlex.org/snapshot/panlex-20191001-csv/6898#113632145>		"Orílɛ́ède Bángáládésì"@yo	
"il-Laos"@mt	<https://panlex.org/snapshot/panlex-20191001-csv/6898#113619189>				<https://panlex.org/snapshot/panlex-20191001-csv/6898#113619013>		"Orílɛ́ède Laosi"@yo	
"il-Laos"@mt	<https://panlex.org/snapshot/panlex-20191001-csv/6898#113619189>				<https://panlex.org/snapshot/panlex-20191001-csv/6898#113619056>		"Orílẹ́ède Laosi"@yo	
"il-Bhutan"@mt	<https://panlex.org/snapshot/panlex-20191001-csv/6898#113639762>				<https://panlex.org/snapshot/panlex-20191001-csv/6898#113639669>		"Orílẹ́ède Bútánì"@yo	
"il-Bhutan"@mt	<https://panlex.org/snapshot/panlex-20191001-csv/6898#113639762>				<https://panlex.org/snapshot/panlex-20191001-csv/6898#113639617>		"Orílɛ́ède Bútánì"@yo	
"in-Nikaragwa"@mt	<https://panlex.org/snapshot/panlex-20191001-csv/6898#113611257>				<https://panlex.org/snapshot/panlex-20191001-csv/6898#113611221>		"Orílɛ́ède NIkaragua"@yo	
"in-Nikaragwa"@mt	<https://panlex.org/snapshot/panlex-20191001-csv/6898#113611257>				<https://panlex.org/snapshot/panlex-20191001-csv/6898#113611263>		"Orílẹ́ède NIkaragua"@yo	
"l-Armenja"@mt	<https://panlex.org/snapshot/panlex-20191001-csv/6898#113596478>				<https://panlex.org/snapshot/panlex-20191001-csv/6898#113596605>		"Orílẹ́ède Améníà"@yo	
"l-Armenja"@mt	<https://panlex.org/snapshot/panlex-20191001-csv/6898#113596478>				<https://panlex.org/snapshot/panlex-20191001-csv/6898#113596497>		"Orílɛ́ède Améníà"@yo	
"il-Bolivja"@mt	<https://panlex.org/snapshot/panlex-20191001-csv/6898#113609679>				<https://panlex.org/snapshot/panlex-20191001-csv/6898#113609617>		"Orílɛ́ède Bɔ̀lífíyà"@yo	
"il-Bolivja"@mt	<https://panlex.org/snapshot/panlex-20191001-csv/6898#113609679>				<https://panlex.org/snapshot/panlex-20191001-csv/6898#113609557>		"Orílẹ́ède Bọ̀lífíyà"@yo	
"l-Iżvezja"@mt	<https://panlex.org/snapshot/panlex-20191001-csv/6898#113639812>				<https://panlex.org/snapshot/panlex-20191001-csv/6898#113639960>		"Orílẹ́ède Swidini"@yo	
"l-Iżvezja"@mt	<https://panlex.org/snapshot/panlex-20191001-csv/6898#113639812>				<https://panlex.org/snapshot/panlex-20191001-csv/6898#113639797>		"Orílɛ́ède Swidini"@yo	
"il-Malasja"@mt	<https://panlex.org/snapshot/panlex-20191001-csv/6898#113584662>				<https://panlex.org/snapshot/panlex-20191001-csv/6898#113584787>		"Orílẹ́ède Malasia"@yo	
"il-Malasja"@mt	<https://panlex.org/snapshot/panlex-20191001-csv/6898#113584662>				<https://panlex.org/snapshot/panlex-20191001-csv/6898#113584762>		"Orílɛ́ède Malasia"@yo	
"iż-Żambja"@mt	<https://panlex.org/snapshot/panlex-20191001-csv/6898#113617430>				<https://panlex.org/snapshot/panlex-20191001-csv/6898#113617467>		"Orílẹ́ède ṣamibia"@yo	
"iż-Żambja"@mt	<https://panlex.org/snapshot/panlex-20191001-csv/6898#113617430>				<https://panlex.org/snapshot/panlex-20191001-csv/6898#113617299>		"Orílɛ́ède shamibia"@yo	
"iż-Żimbabwe"@mt	<https://panlex.org/snapshot/panlex-20191001-csv/6898#113583724>				<https://panlex.org/snapshot/panlex-20191001-csv/6898#113583743>		"Orílɛ́ède shimibabe"@yo	
"iż-Żimbabwe"@mt	<https://panlex.org/snapshot/panlex-20191001-csv/6898#113583724>				<https://panlex.org/snapshot/panlex-20191001-csv/6898#113583758>		"Orílẹ́ède ṣimibabe"@yo	
"Il-Gżejjer Falkland (il-Gżejjer Malvinas)"@mt	<https://panlex.org/snapshot/panlex-20191001-csv/6898#113642946>				<https://panlex.org/snapshot/panlex-20191001-csv/6898#113642851>		"Orílẹ́ède Etikun Fakalandi"@yo	
"Il-Gżejjer Falkland (il-Gżejjer Malvinas)"@mt	<https://panlex.org/snapshot/panlex-20191001-csv/6898#113642946>				<https://panlex.org/snapshot/panlex-20191001-csv/6898#113643057>		"Orílɛ́ède Etikun Fakalandi"@yo	
"il-Kuwajt"@mt	<https://panlex.org/snapshot/panlex-20191001-csv/6898#113605876>				<https://panlex.org/snapshot/panlex-20191001-csv/6898#113605818>		"Orílɛ́ède Kuweti"@yo	
"il-Kuwajt"@mt	<https://panlex.org/snapshot/panlex-20191001-csv/6898#113605876>				<https://panlex.org/snapshot/panlex-20191001-csv/6898#113605862>		"Orílẹ́ède Kuweti"@yo	
"il-Vjetnam"@mt	<https://panlex.org/snapshot/panlex-20191001-csv/6898#113623545>				<https://panlex.org/snapshot/panlex-20191001-csv/6898#113623559>		"Orílɛ́ède Fɛtinami"@yo	
"il-Vjetnam"@mt	<https://panlex.org/snapshot/panlex-20191001-csv/6898#113623545>				<https://panlex.org/snapshot/panlex-20191001-csv/6898#113623688>		"Orílẹ́ède Fẹtinami"@yo	
"ir-Rumanija"@mt	<https://panlex.org/snapshot/panlex-20191001-csv/6898#113618267>				<https://panlex.org/snapshot/panlex-20191001-csv/6898#113618208>		"Orílɛ́ède Romaniya"@yo	
"ir-Rumanija"@mt	<https://panlex.org/snapshot/panlex-20191001-csv/6898#113618267>				<https://panlex.org/snapshot/panlex-20191001-csv/6898#113618263>		"Orílẹ́ède Romaniya"@yo	
"il-Guyana Franċiża"@mt	<https://panlex.org/snapshot/panlex-20191001-csv/6898#113644557>				<https://panlex.org/snapshot/panlex-20191001-csv/6898#113644411>		"Orílẹ́ède Firenṣi Guana"@yo	
"il-Guyana Franċiża"@mt	<https://panlex.org/snapshot/panlex-20191001-csv/6898#113644557>				<https://panlex.org/snapshot/panlex-20191001-csv/6898#113644438>		"Orílɛ́ède Firenshi Guana"@yo	
"l-Ungerija"@mt	<https://panlex.org/snapshot/panlex-20191001-csv/6898#113625076>				<https://panlex.org/snapshot/panlex-20191001-csv/6898#113624987>		"Orílẹ́ède Hungari"@yo	
"l-Ungerija"@mt	<https://panlex.org/snapshot/panlex-20191001-csv/6898#113625076>				<https://panlex.org/snapshot/panlex-20191001-csv/6898#113625026>		"Orílɛ́ède Hungari"@yo	
"il-Belize"@mt	<https://panlex.org/snapshot/panlex-20191001-csv/6898#113608978>				<https://panlex.org/snapshot/panlex-20191001-csv/6898#113608886>		"Orílɛ́ède Bèlísɛ̀"@yo	
"il-Belize"@mt	<https://panlex.org/snapshot/panlex-20191001-csv/6898#113608978>				<https://panlex.org/snapshot/panlex-20191001-csv/6898#113608892>		"Orílẹ́ède Bèlísẹ̀"@yo	
"in-Netherlands"@mt	<https://panlex.org/snapshot/panlex-20191001-csv/6898#113635729>				<https://panlex.org/snapshot/panlex-20191001-csv/6898#113635875>		"Orílẹ́ède Nedalandi"@yo	
"in-Netherlands"@mt	<https://panlex.org/snapshot/panlex-20191001-csv/6898#113635729>				<https://panlex.org/snapshot/panlex-20191001-csv/6898#113635770>		"Orílɛ́ède Nedalandi"@yo	
"l-Iran"@mt	<https://panlex.org/snapshot/panlex-20191001-csv/6898#113626157>				<https://panlex.org/snapshot/panlex-20191001-csv/6898#113626144>		"Orílẹ́ède Irani"@yo	
"l-Iran"@mt	<https://panlex.org/snapshot/panlex-20191001-csv/6898#113626157>				<https://panlex.org/snapshot/panlex-20191001-csv/6898#113626191>		"Orílɛ́ède Irani"@yo	
"il-Georgia"@mt	<https://panlex.org/snapshot/panlex-20191001-csv/6898#113635065>				<https://panlex.org/snapshot/panlex-20191001-csv/6898#113635081>		"Orílẹ́ède Gọgia"@yo	
"il-Georgia"@mt	<https://panlex.org/snapshot/panlex-20191001-csv/6898#113635065>				<https://panlex.org/snapshot/panlex-20191001-csv/6898#113635062>		"Orílɛ́ède Gɔgia"@yo	
"it-Tuneżija"@mt	<https://panlex.org/snapshot/panlex-20191001-csv/6898#113606427>				<https://panlex.org/snapshot/panlex-20191001-csv/6898#113606550>		"Orílẹ́ède Tuniṣia"@yo	
"it-Tuneżija"@mt	<https://panlex.org/snapshot/panlex-20191001-csv/6898#113606427>				<https://panlex.org/snapshot/panlex-20191001-csv/6898#113606381>		"Orílɛ́ède Tunishia"@yo	
"Kongo (RDK)"@mt	<https://panlex.org/snapshot/panlex-20191001-csv/6898#113589442>				<https://panlex.org/snapshot/panlex-20191001-csv/6898#113589496>		"Orilɛ́ède Kóngò"@yo	
"Kongo (RDK)"@mt	<https://panlex.org/snapshot/panlex-20191001-csv/6898#113589442>				<https://panlex.org/snapshot/panlex-20191001-csv/6898#113589666>		"Orilẹ́ède Kóngò"@yo	
"Spanja"@mt	<https://panlex.org/snapshot/panlex-20191001-csv/6898#113594515>				<https://panlex.org/snapshot/panlex-20191001-csv/6898#113594572>		"Orílɛ́ède Sipani"@yo	
"Spanja"@mt	<https://panlex.org/snapshot/panlex-20191001-csv/6898#113594515>				<https://panlex.org/snapshot/panlex-20191001-csv/6898#113594465>		"Orílẹ́ède Sipani"@yo	
"l-Emirati Għarab Magħquda"@mt	<https://panlex.org/snapshot/panlex-20191001-csv/6898#113608607>				<https://panlex.org/snapshot/panlex-20191001-csv/6898#113608762>		"Orílɛ́ède Ɛmirate ti Awɔn Arabu"@yo	
"l-Emirati Għarab Magħquda"@mt	<https://panlex.org/snapshot/panlex-20191001-csv/6898#113608607>				<https://panlex.org/snapshot/panlex-20191001-csv/6898#113608773>		"Orílẹ́ède Ẹmirate ti Awọn Arabu"@yo	
"Ġibiltà"@mt	<https://panlex.org/snapshot/panlex-20191001-csv/6898#113592954>				<https://panlex.org/snapshot/panlex-20191001-csv/6898#113593015>		"Orílẹ́ède Gibaratara"@yo	
"Ġibiltà"@mt	<https://panlex.org/snapshot/panlex-20191001-csv/6898#113592954>				<https://panlex.org/snapshot/panlex-20191001-csv/6898#113592983>		"Orílɛ́ède Gibaratara"@yo	
"il-Libanu"@mt	<https://panlex.org/snapshot/panlex-20191001-csv/6898#113585443>				<https://panlex.org/snapshot/panlex-20191001-csv/6898#113585451>		"Orílɛ́ède Lebanoni"@yo	
"il-Libanu"@mt	<https://panlex.org/snapshot/panlex-20191001-csv/6898#113585443>				<https://panlex.org/snapshot/panlex-20191001-csv/6898#113585519>		"Orílẹ́ède Lebanoni"@yo	
"l-Irlanda"@mt	<https://panlex.org/snapshot/panlex-20191001-csv/6898#113625950>				<https://panlex.org/snapshot/panlex-20191001-csv/6898#113625886>		"Orílẹ́ède Ailandi"@yo	
"l-Irlanda"@mt	<https://panlex.org/snapshot/panlex-20191001-csv/6898#113625950>				<https://panlex.org/snapshot/panlex-20191001-csv/6898#113625916>		"Orílɛ́ède Ailandi"@yo	
"New Caledonia"@mt	<https://panlex.org/snapshot/panlex-20191001-csv/6898#113586629>				<https://panlex.org/snapshot/panlex-20191001-csv/6898#113586658>		"Orílɛ́ède Kaledonia Titun"@yo	
"New Caledonia"@mt	<https://panlex.org/snapshot/panlex-20191001-csv/6898#113586629>				<https://panlex.org/snapshot/panlex-20191001-csv/6898#113586691>		"Orílẹ́ède Kaledonia Titun"@yo	
"l-Oman"@mt	<https://panlex.org/snapshot/panlex-20191001-csv/6898#113622605>				<https://panlex.org/snapshot/panlex-20191001-csv/6898#113622526>		"Orílẹ́ède Ọọma"@yo	
"l-Oman"@mt	<https://panlex.org/snapshot/panlex-20191001-csv/6898#113622605>				<https://panlex.org/snapshot/panlex-20191001-csv/6898#113622568>		"Orílɛ́ède Ɔɔma"@yo	
"is-Seychelles"@mt	<https://panlex.org/snapshot/panlex-20191001-csv/6898#113602035>				<https://panlex.org/snapshot/panlex-20191001-csv/6898#113601876>		"Orílẹ́ède seṣẹlẹsi"@yo	
"is-Seychelles"@mt	<https://panlex.org/snapshot/panlex-20191001-csv/6898#113602035>				<https://panlex.org/snapshot/panlex-20191001-csv/6898#113602000>		"Orílɛ́ède seshɛlɛsi"@yo	
"in-Namibja"@mt	<https://panlex.org/snapshot/panlex-20191001-csv/6898#113606797>				<https://panlex.org/snapshot/panlex-20191001-csv/6898#113606720>		"Orílẹ́ède Namibia"@yo	
"in-Namibja"@mt	<https://panlex.org/snapshot/panlex-20191001-csv/6898#113606797>				<https://panlex.org/snapshot/panlex-20191001-csv/6898#113606757>		"Orílɛ́ède Namibia"@yo	
"ir-Russja"@mt	<https://panlex.org/snapshot/panlex-20191001-csv/6898#113645923>				<https://panlex.org/snapshot/panlex-20191001-csv/6898#113645849>		"Orílẹ́ède Rọṣia"@yo	
"ir-Russja"@mt	<https://panlex.org/snapshot/panlex-20191001-csv/6898#113645923>				<https://panlex.org/snapshot/panlex-20191001-csv/6898#113645856>		"Orílɛ́ède Rɔshia"@yo	
"L-Għid it-tajjeb"@mt	<https://panlex.org/snapshot/panlex-20191001-csv/5945#84360332>				<https://panlex.org/snapshot/panlex-20191001-csv/5945#84360358>		"Eku odun ajinde"@yo	
"Novembru"@mt	<https://panlex.org/snapshot/panlex-20191001-csv/5947#84740626>				<https://panlex.org/snapshot/panlex-20191001-csv/5947#84740670>		"ko̩kànlá"@yo	
"it-Tnejn"@mt	<https://panlex.org/snapshot/panlex-20191001-csv/5947#84803509>				<https://panlex.org/snapshot/panlex-20191001-csv/5947#84803630>		"o̩jó̩ Mo̩ndé"@yo	
"it-Tnejn"@mt	<https://panlex.org/snapshot/panlex-20191001-csv/5947#84803509>				<https://panlex.org/snapshot/panlex-20191001-csv/5947#84803627>		"Mo̩ndé"@yo	
"it-Tnejn"@mt	<https://panlex.org/snapshot/panlex-20191001-csv/5947#84803509>				<https://panlex.org/snapshot/panlex-20191001-csv/5947#84803629>		"o̩jó̩ keji o̩sè̩"@yo	
"it-Tnejn"@mt	<https://panlex.org/snapshot/panlex-20191001-csv/5947#84803509>				<https://panlex.org/snapshot/panlex-20191001-csv/5947#84803628>		"o̩jó̩ Ajé"@yo	
"lupu"@mt	<https://panlex.org/snapshot/panlex-20191001-csv/5947#84884513>				<https://panlex.org/snapshot/panlex-20191001-csv/5947#84884555>		"ìkokò"@yo	
"lupu"@mt	<https://panlex.org/snapshot/panlex-20191001-csv/5947#84884513>				<https://panlex.org/snapshot/panlex-20191001-csv/5947#84884554>		"kòrikò"@yo	
"abjad"@mt	<https://panlex.org/snapshot/panlex-20191001-csv/5947#84639806>				<https://panlex.org/snapshot/panlex-20191001-csv/5947#84639882>		"funfun"@yo	
"konsulent"@mt	<https://panlex.org/snapshot/panlex-20191001-csv/5947#84669649>				<https://panlex.org/snapshot/panlex-20191001-csv/5947#84669678>		"onimọran"@yo	
"Art"@mt	<https://panlex.org/snapshot/panlex-20191001-csv/5940#81310797>				<https://panlex.org/snapshot/panlex-20191001-csv/5940#81310835>		"Ilẹ̀-ayé"@yo	
"Ġnus Magħquda"@mt	<https://panlex.org/snapshot/panlex-20191001-csv/5940#81285971>				<https://panlex.org/snapshot/panlex-20191001-csv/5940#81286028>		"Àgbájọ àwọn Orílẹ̀-èdè Aṣòkan"@yo	
"rota"@mt	<https://panlex.org/snapshot/panlex-20191001-csv/5940#81353561>				<https://panlex.org/snapshot/panlex-20191001-csv/5940#81353604>		"kẹ̀kẹ́"@yo	
"rota"@mt	<https://panlex.org/snapshot/panlex-20191001-csv/5940#81353561>				<https://panlex.org/snapshot/panlex-20191001-csv/5940#81353603>		"básíkùlù"@yo	
"bajsikil"@mt	<https://panlex.org/snapshot/panlex-20191001-csv/5940#81353560>				<https://panlex.org/snapshot/panlex-20191001-csv/5940#81353604>		"kẹ̀kẹ́"@yo	
"bajsikil"@mt	<https://panlex.org/snapshot/panlex-20191001-csv/5940#81353560>				<https://panlex.org/snapshot/panlex-20191001-csv/5940#81353603>		"básíkùlù"@yo	
"Stati Uniti"@mt	<https://panlex.org/snapshot/panlex-20191001-csv/5940#81280128>				<https://panlex.org/snapshot/panlex-20191001-csv/5940#81280179>		"Orílẹ̀-Èdè Amẹ́ríkà"@yo	
"Prinċipalità tal-Andorra"@mt	<https://panlex.org/snapshot/panlex-20191001-csv/5939#80827233>				<https://panlex.org/snapshot/panlex-20191001-csv/5939#80827255>		"Ilẹ̀-Ọmọba Andorra"@yo	
"għoġol"@mt	<https://panlex.org/snapshot/panlex-20191001-csv/5946#84439922>				<https://panlex.org/snapshot/panlex-20191001-csv/5946#84440028>		"wakaš"@yo	
"mera"@mt	<https://panlex.org/snapshot/panlex-20191001-csv/5946#84446259>				<https://panlex.org/snapshot/panlex-20191001-csv/5946#84446358>		"díngí"@yo	
"bhejjem"@mt	<https://panlex.org/snapshot/panlex-20191001-csv/5946#84439920>				<https://panlex.org/snapshot/panlex-20191001-csv/5946#84440028>		"wakaš"@yo	
"baqra"@mt	<https://panlex.org/snapshot/panlex-20191001-csv/5946#84439921>				<https://panlex.org/snapshot/panlex-20191001-csv/5946#84440028>		"wakaš"@yo	
"erħa"@mt	<https://panlex.org/snapshot/panlex-20191001-csv/5946#84439923>				<https://panlex.org/snapshot/panlex-20191001-csv/5946#84440028>		"wakaš"@yo	
"Awwissu"@mt	<https://panlex.org/snapshot/panlex-20191001-csv/5949#85329436>				<https://panlex.org/snapshot/panlex-20191001-csv/5949#85329553>		"ke̩jo̩"@yo	
"Singapor"@mt	<https://panlex.org/snapshot/panlex-20191001-csv/5949#85320552>				<https://panlex.org/snapshot/panlex-20191001-csv/5949#85320616>		"Singapore"@yo	
"Russja"@mt	<https://panlex.org/snapshot/panlex-20191001-csv/5949#85319538>				<https://panlex.org/snapshot/panlex-20191001-csv/5949#85319644>		"Rọ́síà"@yo	
"Tanżanija"@mt	<https://panlex.org/snapshot/panlex-20191001-csv/5949#85321634>				<https://panlex.org/snapshot/panlex-20191001-csv/5949#85321678>		"Tanzania"@yo	
"Berlin"@mt	<https://panlex.org/snapshot/panlex-20191001-csv/5949#85302486>				<https://panlex.org/snapshot/panlex-20191001-csv/5949#85302565>		"Berlin"@yo	
"Turkija"@mt	<https://panlex.org/snapshot/panlex-20191001-csv/5949#85322555>				<https://panlex.org/snapshot/panlex-20191001-csv/5949#85322618>		"Túrkì"@yo	
"Bibbja"@mt	<https://panlex.org/snapshot/panlex-20191001-csv/5949#85302739>				<https://panlex.org/snapshot/panlex-20191001-csv/5949#85302829>		"Bíbélì Mímọ́"@yo	
"Kape Verde"@mt	<https://panlex.org/snapshot/panlex-20191001-csv/5949#85311939>				<https://panlex.org/snapshot/panlex-20191001-csv/5949#85311972>		"Kepu Ferde"@yo	
"Finlandja"@mt	<https://panlex.org/snapshot/panlex-20191001-csv/5949#85323220>				<https://panlex.org/snapshot/panlex-20191001-csv/5949#85323275>		"Fínlándì"@yo	
"Latvja"@mt	<https://panlex.org/snapshot/panlex-20191001-csv/5949#85314333>				<https://panlex.org/snapshot/panlex-20191001-csv/5949#85314407>		"Látfíà"@yo	
"Koran"@mt	<https://panlex.org/snapshot/panlex-20191001-csv/5949#85313450>				<https://panlex.org/snapshot/panlex-20191001-csv/5949#85313500>		"Kùránì"@yo	
"Riga"@mt	<https://panlex.org/snapshot/panlex-20191001-csv/5949#85319236>				<https://panlex.org/snapshot/panlex-20191001-csv/5949#85319282>		"Riga"@yo	
"Ġerusalemm"@mt	<https://panlex.org/snapshot/panlex-20191001-csv/5949#85309983>				<https://panlex.org/snapshot/panlex-20191001-csv/5949#85310056>		"Jerúsálẹ́mù"@yo	
"Xemx"@mt	<https://panlex.org/snapshot/panlex-20191001-csv/5949#85320953>				<https://panlex.org/snapshot/panlex-20191001-csv/5949#85321019>		"Òòrùn"@yo	
"Awstralja"@mt	<https://panlex.org/snapshot/panlex-20191001-csv/5949#85298184>				<https://panlex.org/snapshot/panlex-20191001-csv/5949#85298255>		"Austrálíà"@yo	
"Franza"@mt	<https://panlex.org/snapshot/panlex-20191001-csv/5949#85323628>				<https://panlex.org/snapshot/panlex-20191001-csv/5949#85323703>		"Fránsì"@yo	
"storja"@mt	<https://panlex.org/snapshot/panlex-20191001-csv/5942#83282291>				<https://panlex.org/snapshot/panlex-20191001-csv/5942#83282348>		"ìtàn"@yo	
"deheb"@mt	<https://panlex.org/snapshot/panlex-20191001-csv/5942#83283879>				<https://panlex.org/snapshot/panlex-20191001-csv/5942#83283894>		"wúràìwóòrògóòlù"@yo	
"kewkba"@mt	<https://panlex.org/snapshot/panlex-20191001-csv/5942#83281583>				<https://panlex.org/snapshot/panlex-20191001-csv/5942#83281603>		"ìràwọ̀"@yo	
"ħarir"@mt	<https://panlex.org/snapshot/panlex-20191001-csv/5942#83285283>				<https://panlex.org/snapshot/panlex-20191001-csv/5942#83285298>		"aso sèdà"@yo	
"kukkudrill"@mt	<https://panlex.org/snapshot/panlex-20191001-csv/5943#83354509>				<https://panlex.org/snapshot/panlex-20191001-csv/5943#83354519>		"ọ̀nì"@yo	
"Ġesù"@mt	<https://panlex.org/snapshot/panlex-20191001-csv/5943#83289568>				<https://panlex.org/snapshot/panlex-20191001-csv/5943#83289617>		"Jésù"@yo	
"Alla"@mt	<https://panlex.org/snapshot/panlex-20191001-csv/5943#83289844>				<https://panlex.org/snapshot/panlex-20191001-csv/5943#83289876>		"Ọlọ́run"@yo	
"Qamar"@mt	<https://panlex.org/snapshot/panlex-20191001-csv/611#25802630>				<https://panlex.org/snapshot/panlex-20191001-csv/611#25802678>		"Osupa"@yo	
"niġma"@mt	<https://panlex.org/snapshot/panlex-20191001-csv/611#25808542>				<https://panlex.org/snapshot/panlex-20191001-csv/611#25808573>		"irawọ"@yo	
"qamar"@mt	<https://panlex.org/snapshot/panlex-20191001-csv/611#25802631>				<https://panlex.org/snapshot/panlex-20191001-csv/611#25802678>		"Osupa"@yo	
"Xemx"@mt	<https://panlex.org/snapshot/panlex-20191001-csv/611#25808974>				<https://panlex.org/snapshot/panlex-20191001-csv/611#25809009>		"Oòrùn"@yo	
"jum"@mt	<https://panlex.org/snapshot/panlex-20191001-csv/611#25809466>				<https://panlex.org/snapshot/panlex-20191001-csv/611#25809491>		"ọjọ"@yo	
"jum"@mt	<https://panlex.org/snapshot/panlex-20191001-csv/611#25809347>				<https://panlex.org/snapshot/panlex-20191001-csv/611#25809372>		"ọjọ"@yo	
"jum"@mt	<https://panlex.org/snapshot/panlex-20191001-csv/611#25809406>				<https://panlex.org/snapshot/panlex-20191001-csv/611#25809431>		"ọjọ"@yo	
"sena"@mt	<https://panlex.org/snapshot/panlex-20191001-csv/611#25800124>				<https://panlex.org/snapshot/panlex-20191001-csv/611#25800156>		"ọdun"@yo	
"Lingaljan"@mt	<https://panlex.org/snapshot/panlex-20191001-csv/400#13353774>				<https://panlex.org/snapshot/panlex-20191001-csv/400#13353799>		"Ta"@yo	
"Gwarani"@mt	<https://panlex.org/snapshot/panlex-20191001-csv/400#13348852>				<https://panlex.org/snapshot/panlex-20191001-csv/400#13348881>		"Guarani"@yo	
"Amħariku"@mt	<https://panlex.org/snapshot/panlex-20191001-csv/400#13341146>				<https://panlex.org/snapshot/panlex-20191001-csv/400#13341177>		"Ede Amharic"@yo	
"Ġappuniż"@mt	<https://panlex.org/snapshot/panlex-20191001-csv/400#13351367>				<https://panlex.org/snapshot/panlex-20191001-csv/400#13351410>		"Japanisi"@yo	
"Ċek"@mt	<https://panlex.org/snapshot/panlex-20191001-csv/400#13344818>				<https://panlex.org/snapshot/panlex-20191001-csv/400#13344854>		"Orile-ede Tseki"@yo	
"Mongoljan"@mt	<https://panlex.org/snapshot/panlex-20191001-csv/400#13355301>				<https://panlex.org/snapshot/panlex-20191001-csv/400#13355330>		"ara Mangoli"@yo	
"Welx"@mt	<https://panlex.org/snapshot/panlex-20191001-csv/400#13345076>				<https://panlex.org/snapshot/panlex-20191001-csv/400#13345107>		"Ede Welshi"@yo	
"Filippino"@mt	<https://panlex.org/snapshot/panlex-20191001-csv/400#13347496>				<https://panlex.org/snapshot/panlex-20191001-csv/400#13347527>		"Ede Tagalogi"@yo	
"Biħari"@mt	<https://panlex.org/snapshot/panlex-20191001-csv/400#13342760>				<https://panlex.org/snapshot/panlex-20191001-csv/400#13342792>		"Ede Bihari"@yo	
"Kirgiż"@mt	<https://panlex.org/snapshot/panlex-20191001-csv/400#13353324>				<https://panlex.org/snapshot/panlex-20191001-csv/400#13353353>		"Kyrgyz"@yo	
"Serb"@mt	<https://panlex.org/snapshot/panlex-20191001-csv/400#13361669>				<https://panlex.org/snapshot/panlex-20191001-csv/400#13361703>		"Ede Serbia"@yo	
"Tamil"@mt	<https://panlex.org/snapshot/panlex-20191001-csv/400#13362468>				<https://panlex.org/snapshot/panlex-20191001-csv/400#13362502>		"Ede Tamili"@yo	
"Sanskrit"@mt	<https://panlex.org/snapshot/panlex-20191001-csv/400#13359716>				<https://panlex.org/snapshot/panlex-20191001-csv/400#13359744>		"ede awon ara Indo"@yo	
"Malajalam"@mt	<https://panlex.org/snapshot/panlex-20191001-csv/400#13355205>				<https://panlex.org/snapshot/panlex-20191001-csv/400#13355237>		"Ede Malayalami"@yo	
"Olandiż"@mt	<https://panlex.org/snapshot/panlex-20191001-csv/400#13356802>				<https://panlex.org/snapshot/panlex-20191001-csv/400#13356841>		"Ede Dutch"@yo	
"Portugiż"@mt	<https://panlex.org/snapshot/panlex-20191001-csv/400#13358803>				<https://panlex.org/snapshot/panlex-20191001-csv/400#13358847>		"Ede Portugi"@yo	
"Interlingua"@mt	<https://panlex.org/snapshot/panlex-20191001-csv/400#13350351>				<https://panlex.org/snapshot/panlex-20191001-csv/400#13350382>		"Ede pipo"@yo	
"Serbo-Kroat"@mt	<https://panlex.org/snapshot/panlex-20191001-csv/400#13360523>				<https://panlex.org/snapshot/panlex-20191001-csv/400#13360550>		"Serbo-Croatiani"@yo	
"Russu"@mt	<https://panlex.org/snapshot/panlex-20191001-csv/400#13359528>				<https://panlex.org/snapshot/panlex-20191001-csv/400#13359569>		"Ede Roosia"@yo	
"Ġermaniż"@mt	<https://panlex.org/snapshot/panlex-20191001-csv/400#13345390>				<https://panlex.org/snapshot/panlex-20191001-csv/400#13345433>		"Èdè Ilẹ̀ Germany"@yo	
"Użbek"@mt	<https://panlex.org/snapshot/panlex-20191001-csv/400#13364632>				<https://panlex.org/snapshot/panlex-20191001-csv/400#13364666>		"Ede Uzbek"@yo	
"Esperanto"@mt	<https://panlex.org/snapshot/panlex-20191001-csv/400#13346668>				<https://panlex.org/snapshot/panlex-20191001-csv/400#13346700>		"Ede Esperanto"@yo	
"Indoneżjan"@mt	<https://panlex.org/snapshot/panlex-20191001-csv/400#13350482>				<https://panlex.org/snapshot/panlex-20191001-csv/400#13350517>		"Ede Indonesia"@yo	
"Malti"@mt	<https://panlex.org/snapshot/panlex-20191001-csv/400#13355821>				<https://panlex.org/snapshot/panlex-20191001-csv/400#13355851>		"Ede Malta"@yo	
"Ġavaniż"@mt	<https://panlex.org/snapshot/panlex-20191001-csv/400#13351589>				<https://panlex.org/snapshot/panlex-20191001-csv/400#13351622>		"Ede Javana"@yo	
"Tork"@mt	<https://panlex.org/snapshot/panlex-20191001-csv/400#13363628>				<https://panlex.org/snapshot/panlex-20191001-csv/400#13363659>		"Ede Turkey"@yo	
"Iżlandiż"@mt	<https://panlex.org/snapshot/panlex-20191001-csv/400#13351101>				<https://panlex.org/snapshot/panlex-20191001-csv/400#13351136>		"Ede Icelandic"@yo	
"Ġorġjan"@mt	<https://panlex.org/snapshot/panlex-20191001-csv/400#13351687>				<https://panlex.org/snapshot/panlex-20191001-csv/400#13351719>		"Ede Georgia"@yo	
"Ebrajk"@mt	<https://panlex.org/snapshot/panlex-20191001-csv/400#13349535>				<https://panlex.org/snapshot/panlex-20191001-csv/400#13349570>		"Heberu"@yo	
"Kannada"@mt	<https://panlex.org/snapshot/panlex-20191001-csv/400#13352562>				<https://panlex.org/snapshot/panlex-20191001-csv/400#13352594>		"Ede Kannada"@yo	
"Ingliż"@mt	<https://panlex.org/snapshot/panlex-20191001-csv/400#13346334>				<https://panlex.org/snapshot/panlex-20191001-csv/400#13346378>		"Èdè Gẹ̀ẹ́sì"@yo	
"Korejan"@mt	<https://panlex.org/snapshot/panlex-20191001-csv/400#13352660>				<https://panlex.org/snapshot/panlex-20191001-csv/400#13352694>		"Korean"@yo	
"Albaniż"@mt	<https://panlex.org/snapshot/panlex-20191001-csv/400#13361572>				<https://panlex.org/snapshot/panlex-20191001-csv/400#13361605>		"Ede Albania"@yo	
"Oċċitan"@mt	<https://panlex.org/snapshot/panlex-20191001-csv/400#13357599>				<https://panlex.org/snapshot/panlex-20191001-csv/400#13357632>		"Ede Occitani"@yo	
"Assamese"@mt	<https://panlex.org/snapshot/panlex-20191001-csv/400#13341726>				<https://panlex.org/snapshot/panlex-20191001-csv/400#13341753>		"Ti Assam"@yo	
"Paxtun"@mt	<https://panlex.org/snapshot/panlex-20191001-csv/400#13358708>				<https://panlex.org/snapshot/panlex-20191001-csv/400#13358737>		"Pashto"@yo	
"Sloven"@mt	<https://panlex.org/snapshot/panlex-20191001-csv/400#13360955>				<https://panlex.org/snapshot/panlex-20191001-csv/400#13360987>		"Ede Slovenia"@yo	
"Ungeriż"@mt	<https://panlex.org/snapshot/panlex-20191001-csv/400#13350093>				<https://panlex.org/snapshot/panlex-20191001-csv/400#13350127>		"Ede Hungaria"@yo	
"Lao"@mt	<https://panlex.org/snapshot/panlex-20191001-csv/400#13353862>				<https://panlex.org/snapshot/panlex-20191001-csv/400#13353890>		"ara Laos"@yo	
"Żulu"@mt	<https://panlex.org/snapshot/panlex-20191001-csv/400#13365999>				<https://panlex.org/snapshot/panlex-20191001-csv/400#13366032>		"Ede Zulu"@yo	
"Afrikans"@mt	<https://panlex.org/snapshot/panlex-20191001-csv/400#13340733>				<https://panlex.org/snapshot/panlex-20191001-csv/400#13340767>		"Ede Afrikani"@yo	
"Taljan"@mt	<https://panlex.org/snapshot/panlex-20191001-csv/400#13351206>				<https://panlex.org/snapshot/panlex-20191001-csv/400#13351249>		"Italiani"@yo	
"Fawriż"@mt	<https://panlex.org/snapshot/panlex-20191001-csv/400#13347688>				<https://panlex.org/snapshot/panlex-20191001-csv/400#13347720>		"Ede Faroesi"@yo	
"Sinħaliż"@mt	<https://panlex.org/snapshot/panlex-20191001-csv/400#13360649>				<https://panlex.org/snapshot/panlex-20191001-csv/400#13360681>		"Ede Sinhalese"@yo	
"Svediż"@mt	<https://panlex.org/snapshot/panlex-20191001-csv/400#13362206>				<https://panlex.org/snapshot/panlex-20191001-csv/400#13362245>		"suwidiisi"@yo	
"Interlingue"@mt	<https://panlex.org/snapshot/panlex-20191001-csv/400#13350575>				<https://panlex.org/snapshot/panlex-20191001-csv/400#13350600>		"Iru Ede"@yo	
"Lettix"@mt	<https://panlex.org/snapshot/panlex-20191001-csv/400#13354325>				<https://panlex.org/snapshot/panlex-20191001-csv/400#13354359>		"Ede Latvianu"@yo	
"Estonjan"@mt	<https://panlex.org/snapshot/panlex-20191001-csv/400#13346958>				<https://panlex.org/snapshot/panlex-20191001-csv/400#13346994>		"Ede Estonia"@yo	
"Tajlandiż"@mt	<https://panlex.org/snapshot/panlex-20191001-csv/400#13362857>				<https://panlex.org/snapshot/panlex-20191001-csv/400#13362890>		"Ede Thai"@yo	
"Ħoża"@mt	<https://panlex.org/snapshot/panlex-20191001-csv/400#13365270>				<https://panlex.org/snapshot/panlex-20191001-csv/400#13365301>		"Ede Xhosa"@yo	
"Irlandiż"@mt	<https://panlex.org/snapshot/panlex-20191001-csv/400#13348293>				<https://panlex.org/snapshot/panlex-20191001-csv/400#13348329>		"Ede Ireland"@yo	
"Franċiż"@mt	<https://panlex.org/snapshot/panlex-20191001-csv/400#13347822>				<https://panlex.org/snapshot/panlex-20191001-csv/400#13347865>		"Èdè Faransé"@yo	
"Galliku Skoċċiż"@mt	<https://panlex.org/snapshot/panlex-20191001-csv/400#13348499>				<https://panlex.org/snapshot/panlex-20191001-csv/400#13348530>		"Ede Gaelik ti Ilu Scotland"@yo	
"Somali"@mt	<https://panlex.org/snapshot/panlex-20191001-csv/400#13361413>				<https://panlex.org/snapshot/panlex-20191001-csv/400#13361440>		"ara Somalia"@yo	
"Katalan"@mt	<https://panlex.org/snapshot/panlex-20191001-csv/400#13343653>				<https://panlex.org/snapshot/panlex-20191001-csv/400#13343685>		"Ede Catala"@yo	
"Gallegjan"@mt	<https://panlex.org/snapshot/panlex-20191001-csv/400#13348719>				<https://panlex.org/snapshot/panlex-20191001-csv/400#13348750>		"Ede Galicia"@yo	
"Pollakk"@mt	<https://panlex.org/snapshot/panlex-20191001-csv/400#13358494>				<https://panlex.org/snapshot/panlex-20191001-csv/400#13358531>		"Èdè Ilẹ̀ Polandi"@yo	
"Persjan"@mt	<https://panlex.org/snapshot/panlex-20191001-csv/400#13347188>				<https://panlex.org/snapshot/panlex-20191001-csv/400#13347225>		"Ede Persia"@yo	
"Finlandiż"@mt	<https://panlex.org/snapshot/panlex-20191001-csv/400#13347397>				<https://panlex.org/snapshot/panlex-20191001-csv/400#13347436>		"Finisi"@yo	
"Litwanjan"@mt	<https://panlex.org/snapshot/panlex-20191001-csv/400#13354022>				<https://panlex.org/snapshot/panlex-20191001-csv/400#13354056>		"Ede Lithuania"@yo	
"Latin"@mt	<https://panlex.org/snapshot/panlex-20191001-csv/400#13353417>				<https://panlex.org/snapshot/panlex-20191001-csv/400#13353452>		"Ede Latini"@yo	
"Jiddix"@mt	<https://panlex.org/snapshot/panlex-20191001-csv/400#13365432>				<https://panlex.org/snapshot/panlex-20191001-csv/400#13365461>		"Yiddishi"@yo	
"Bosnijan"@mt	<https://panlex.org/snapshot/panlex-20191001-csv/400#13343406>				<https://panlex.org/snapshot/panlex-20191001-csv/400#13343438>		"Ede Bosnia"@yo	
"Friżjan"@mt	<https://panlex.org/snapshot/panlex-20191001-csv/400#13348193>				<https://panlex.org/snapshot/panlex-20191001-csv/400#13348226>		"Ede Frisia"@yo	
"Marati"@mt	<https://panlex.org/snapshot/panlex-20191001-csv/400#13355630>				<https://panlex.org/snapshot/panlex-20191001-csv/400#13355662>		"Ede marathi"@yo	
"Swaħili"@mt	<https://panlex.org/snapshot/panlex-20191001-csv/400#13362309>				<https://panlex.org/snapshot/panlex-20191001-csv/400#13362340>		"Ede Swahili"@yo	
"Wigur"@mt	<https://panlex.org/snapshot/panlex-20191001-csv/400#13364209>				<https://panlex.org/snapshot/panlex-20191001-csv/400#13364236>		"Uighur"@yo	
"Kurdiż"@mt	<https://panlex.org/snapshot/panlex-20191001-csv/400#13353086>				<https://panlex.org/snapshot/panlex-20191001-csv/400#13353115>		"Kurdish"@yo	
"Ażerbajġani"@mt	<https://panlex.org/snapshot/panlex-20191001-csv/400#13342075>				<https://panlex.org/snapshot/panlex-20191001-csv/400#13342106>		"Ede Azerbaijani"@yo	
"Orija"@mt	<https://panlex.org/snapshot/panlex-20191001-csv/400#13357778>				<https://panlex.org/snapshot/panlex-20191001-csv/400#13357808>		"Oriya"@yo	
"Nepaliż"@mt	<https://panlex.org/snapshot/panlex-20191001-csv/400#13356531>				<https://panlex.org/snapshot/panlex-20191001-csv/400#13356564>		"Ede Nepali"@yo	
"Kmer"@mt	<https://panlex.org/snapshot/panlex-20191001-csv/400#13352437>				<https://panlex.org/snapshot/panlex-20191001-csv/400#13352464>		"Cambodian"@yo	
"Sundaniż"@mt	<https://panlex.org/snapshot/panlex-20191001-csv/400#13362000>				<https://panlex.org/snapshot/panlex-20191001-csv/400#13362031>		"Ede Sudani"@yo	
"t’Isfel Soto"@mt	<https://panlex.org/snapshot/panlex-20191001-csv/400#13361912>				<https://panlex.org/snapshot/panlex-20191001-csv/400#13361939>		"Sesoto"@yo	
"Belarussu"@mt	<https://panlex.org/snapshot/panlex-20191001-csv/400#13342452>				<https://panlex.org/snapshot/panlex-20191001-csv/400#13342486>		"Ede Belarusi"@yo	
"Bask"@mt	<https://panlex.org/snapshot/panlex-20191001-csv/400#13347057>				<https://panlex.org/snapshot/panlex-20191001-csv/400#13347088>		"Ede Baski"@yo	
"Kroat"@mt	<https://panlex.org/snapshot/panlex-20191001-csv/400#13349919>				<https://panlex.org/snapshot/panlex-20191001-csv/400#13349952>		"Ede Kroatia"@yo	
"Guġarati"@mt	<https://panlex.org/snapshot/panlex-20191001-csv/400#13349230>				<https://panlex.org/snapshot/panlex-20191001-csv/400#13349265>		"Ede Gujarati"@yo	
"Telugu"@mt	<https://panlex.org/snapshot/panlex-20191001-csv/400#13362606>				<https://panlex.org/snapshot/panlex-20191001-csv/400#13362638>		"Ede Telugu"@yo	
"Joruba"@mt	<https://panlex.org/snapshot/panlex-20191001-csv/400#13365497>				<https://panlex.org/snapshot/panlex-20191001-csv/400#13365512>		"Yorùbá"@yo	
"Għarbi"@mt	<https://panlex.org/snapshot/panlex-20191001-csv/400#13341420>				<https://panlex.org/snapshot/panlex-20191001-csv/400#13341460>		"Ede Arabia"@yo	
"Bengali"@mt	<https://panlex.org/snapshot/panlex-20191001-csv/400#13343079>				<https://panlex.org/snapshot/panlex-20191001-csv/400#13343116>		"Ede Bengali"@yo	
"Slovakk"@mt	<https://panlex.org/snapshot/panlex-20191001-csv/400#13360859>				<https://panlex.org/snapshot/panlex-20191001-csv/400#13360891>		"Ede Slovaki"@yo	
"Sindi"@mt	<https://panlex.org/snapshot/panlex-20191001-csv/400#13360187>				<https://panlex.org/snapshot/panlex-20191001-csv/400#13360213>		"Sindhi"@yo	
"Tigrinja"@mt	<https://panlex.org/snapshot/panlex-20191001-csv/400#13362951>				<https://panlex.org/snapshot/panlex-20191001-csv/400#13362981>		"Ede Tigrinya"@yo	
"Spanjol"@mt	<https://panlex.org/snapshot/panlex-20191001-csv/400#13346769>				<https://panlex.org/snapshot/panlex-20191001-csv/400#13346813>		"Panyan"@yo	
"Norveġiż"@mt	<https://panlex.org/snapshot/panlex-20191001-csv/400#13357028>				<https://panlex.org/snapshot/panlex-20191001-csv/400#13357067>		"Ede Norway"@yo	
"Rumen"@mt	<https://panlex.org/snapshot/panlex-20191001-csv/400#13359313>				<https://panlex.org/snapshot/panlex-20191001-csv/400#13359348>		"Ede Romania"@yo	
"Ħindi"@mt	<https://panlex.org/snapshot/panlex-20191001-csv/400#13349637>				<https://panlex.org/snapshot/panlex-20191001-csv/400#13349677>		"Ede Hindi"@yo	
"Latvjan"@mt	<https://panlex.org/snapshot/panlex-20191001-csv/400#13354324>				<https://panlex.org/snapshot/panlex-20191001-csv/400#13354359>		"Ede Latvianu"@yo	
"Brenton"@mt	<https://panlex.org/snapshot/panlex-20191001-csv/400#13343282>				<https://panlex.org/snapshot/panlex-20191001-csv/400#13343311>		"Bretoni"@yo	
"Klingon"@mt	<https://panlex.org/snapshot/panlex-20191001-csv/400#13363301>				<https://panlex.org/snapshot/panlex-20191001-csv/400#13363331>		"Ede Klingoni"@yo	
"Armenjan"@mt	<https://panlex.org/snapshot/panlex-20191001-csv/400#13350227>				<https://panlex.org/snapshot/panlex-20191001-csv/400#13350254>		"Ile Armenia"@yo	
"Urdu"@mt	<https://panlex.org/snapshot/panlex-20191001-csv/400#13364535>				<https://panlex.org/snapshot/panlex-20191001-csv/400#13364568>		"Ede Urdu"@yo	
"Maċedonjan"@mt	<https://panlex.org/snapshot/panlex-20191001-csv/400#13355072>				<https://panlex.org/snapshot/panlex-20191001-csv/400#13355105>		"Ede Macedonia"@yo	
"Punġabi"@mt	<https://panlex.org/snapshot/panlex-20191001-csv/400#13358022>				<https://panlex.org/snapshot/panlex-20191001-csv/400#13358056>		"Ede Punjabi"@yo	
"Daniż"@mt	<https://panlex.org/snapshot/panlex-20191001-csv/400#13345173>				<https://panlex.org/snapshot/panlex-20191001-csv/400#13345210>		"Èdè Ilẹ̀ Denmark"@yo	
"Ukranjan"@mt	<https://panlex.org/snapshot/panlex-20191001-csv/400#13364337>				<https://panlex.org/snapshot/panlex-20191001-csv/400#13364370>		"Ede Ukrani"@yo	
"Turkmeni"@mt	<https://panlex.org/snapshot/panlex-20191001-csv/400#13363116>				<https://panlex.org/snapshot/panlex-20191001-csv/400#13363144>		"Turkmen"@yo	
"Vjetnamiż"@mt	<https://panlex.org/snapshot/panlex-20191001-csv/400#13364800>				<https://panlex.org/snapshot/panlex-20191001-csv/400#13364831>		"Ede Vietnamu"@yo	
"Malajan"@mt	<https://panlex.org/snapshot/panlex-20191001-csv/400#13355726>				<https://panlex.org/snapshot/panlex-20191001-csv/400#13355758>		"Ede Malaya"@yo	
"Bulgaru"@mt	<https://panlex.org/snapshot/panlex-20191001-csv/400#13342663>				<https://panlex.org/snapshot/panlex-20191001-csv/400#13342696>		"Ede Bulgaria"@yo	
"Twi"@mt	<https://panlex.org/snapshot/panlex-20191001-csv/400#13364004>				<https://panlex.org/snapshot/panlex-20191001-csv/400#13364032>		"Twi"@yo	
"Grieg"@mt	<https://panlex.org/snapshot/panlex-20191001-csv/400#13346191>				<https://panlex.org/snapshot/panlex-20191001-csv/400#13346227>		"giriki"@yo	
"ilma"@mt	<https://panlex.org/snapshot/panlex-20191001-csv/12#851049>				<https://panlex.org/snapshot/panlex-20191001-csv/12#851259>		"omi"@yo	
"xjenza"@mt	<https://panlex.org/snapshot/panlex-20191001-csv/2904#111024411>				<https://panlex.org/snapshot/panlex-20191001-csv/2904#111024290>		"sáyé̩nsì"@yo	
"fiżika"@mt	<https://panlex.org/snapshot/panlex-20191001-csv/2904#111024010>				<https://panlex.org/snapshot/panlex-20191001-csv/2904#111023987>		"agbára"@yo	
"bijoloġija"@mt	<https://panlex.org/snapshot/panlex-20191001-csv/2904#111022327>				<https://panlex.org/snapshot/panlex-20191001-csv/2904#111022342>		"è̩kó̩ nípa é̩dá bàyó̩ló̩jì"@yo	
"mediċina"@mt	<https://panlex.org/snapshot/panlex-20191001-csv/2904#111023585>				<https://panlex.org/snapshot/panlex-20191001-csv/2904#111023572>		"egbògi"@yo	
"filosofija"@mt	<https://panlex.org/snapshot/panlex-20191001-csv/2904#111023961>				<https://panlex.org/snapshot/panlex-20191001-csv/2904#111023873>		"è̩kó̩ ìmò̩"@yo	
"arkitettura"@mt	<https://panlex.org/snapshot/panlex-20191001-csv/2904#111021868>				<https://panlex.org/snapshot/panlex-20191001-csv/2904#111021855>		"aworan ilé̩ kíkó̩"@yo	
"matematika"@mt	<https://panlex.org/snapshot/panlex-20191001-csv/2904#111023534>				<https://panlex.org/snapshot/panlex-20191001-csv/2904#111023373>		"ìs̩irò"@yo	
"lingwistika"@mt	<https://panlex.org/snapshot/panlex-20191001-csv/2904#111023300>				<https://panlex.org/snapshot/panlex-20191001-csv/2904#111023279>		"è̩kó̩ mímò̩ èdè"@yo	
"kimika"@mt	<https://panlex.org/snapshot/panlex-20191001-csv/2904#111022567>				<https://panlex.org/snapshot/panlex-20191001-csv/2904#111022503>		"irú é̩ko̩ kan"@yo	
"storja"@mt	<https://panlex.org/snapshot/panlex-20191001-csv/2904#111022917>				<https://panlex.org/snapshot/panlex-20191001-csv/2904#111022962>		"íwé ìtàn"@yo	
"astronomija"@mt	<https://panlex.org/snapshot/panlex-20191001-csv/2904#111021971>				<https://panlex.org/snapshot/panlex-20191001-csv/2904#111022040>		"é̩ko̩ nípa àwěn ìràwó̩ìmo̩ ìràwó̩"@yo	
"università"@mt	<https://panlex.org/snapshot/panlex-20191001-csv/2904#111024487>				<https://panlex.org/snapshot/panlex-20191001-csv/2904#111024455>		"yunifásítì"@yo	
"ġeografija"@mt	<https://panlex.org/snapshot/panlex-20191001-csv/2904#111022672>				<https://panlex.org/snapshot/panlex-20191001-csv/2904#111022637>		"ìwé ìko̩ni nípa àgbáyé"@yo	
"paċi"@mt	<https://panlex.org/snapshot/panlex-20191001-csv/2902#111012086>				<https://panlex.org/snapshot/panlex-20191001-csv/2902#111012037>		"alaáfía"@yo	
"sliem"@mt	<https://panlex.org/snapshot/panlex-20191001-csv/2902#111012125>				<https://panlex.org/snapshot/panlex-20191001-csv/2902#111012037>		"alaáfía"@yo	
"Baħar l-Iswed"@mt	<https://panlex.org/snapshot/panlex-20191001-csv/2905#110869004>				<https://panlex.org/snapshot/panlex-20191001-csv/2905#110869168>		"Òkun Dúdú"@yo	
"Baħar Mediterran"@mt	<https://panlex.org/snapshot/panlex-20191001-csv/2905#110870360>				<https://panlex.org/snapshot/panlex-20191001-csv/2905#110870371>		"Òkun Me̩ditéránì"@yo	
"Baħar l-Aħmar"@mt	<https://panlex.org/snapshot/panlex-20191001-csv/2905#110871085>				<https://panlex.org/snapshot/panlex-20191001-csv/2905#110871006>		"Òkun Pupa"@yo	
"Baħar Għarbi"@mt	<https://panlex.org/snapshot/panlex-20191001-csv/2905#110868451>				<https://panlex.org/snapshot/panlex-20191001-csv/2905#110868467>		"Òkun Arábíà"@yo	
"Venere"@mt	<https://panlex.org/snapshot/panlex-20191001-csv/2907#110845465>				<https://panlex.org/snapshot/panlex-20191001-csv/2907#110845462>		"Àgùàlà"@yo	
"Univers"@mt	<https://panlex.org/snapshot/panlex-20191001-csv/2907#110848955>				<https://panlex.org/snapshot/panlex-20191001-csv/2907#110848930>		"Ayégbogbo è̩dáàgbáyé"@yo	
"Art"@mt	<https://panlex.org/snapshot/panlex-20191001-csv/2907#110845589>				<https://panlex.org/snapshot/panlex-20191001-csv/2907#110845630>		"Ilè̩-ayé"@yo	
"Marte"@mt	<https://panlex.org/snapshot/panlex-20191001-csv/2907#110846081>				<https://panlex.org/snapshot/panlex-20191001-csv/2907#110846056>		"Mársì"@yo	
"Nettunu"@mt	<https://panlex.org/snapshot/panlex-20191001-csv/2907#110847018>				<https://panlex.org/snapshot/panlex-20191001-csv/2907#110847027>		"Nẹ́ptúùnù"@yo	
"Xemx"@mt	<https://panlex.org/snapshot/panlex-20191001-csv/2907#110845025>				<https://panlex.org/snapshot/panlex-20191001-csv/2907#110845056>		"Òòrùn"@yo	
"Ġove"@mt	<https://panlex.org/snapshot/panlex-20191001-csv/2907#110846401>				<https://panlex.org/snapshot/panlex-20191001-csv/2907#110846523>		"Júpítà"@yo	
"Qamar"@mt	<https://panlex.org/snapshot/panlex-20191001-csv/2907#110845865>				<https://panlex.org/snapshot/panlex-20191001-csv/2907#110845720>		"Òs̩ùpá"@yo	
"Uranu"@mt	<https://panlex.org/snapshot/panlex-20191001-csv/2907#110846909>				<https://panlex.org/snapshot/panlex-20191001-csv/2907#110846974>		"Úránó̩ó̩sì"@yo	
"Sistema solari"@mt	<https://panlex.org/snapshot/panlex-20191001-csv/2907#110848179>				<https://panlex.org/snapshot/panlex-20191001-csv/2907#110848193>		"Ò̩nà ètò tòòrùn"@yo	
"Saturnu"@mt	<https://panlex.org/snapshot/panlex-20191001-csv/2907#110846560>				<https://panlex.org/snapshot/panlex-20191001-csv/2907#110846564>		"Sátó̩ó̩nù"@yo	
"Ħolqien kollu"@mt	<https://panlex.org/snapshot/panlex-20191001-csv/2907#110849046>				<https://panlex.org/snapshot/panlex-20191001-csv/2907#110848930>		"Ayégbogbo è̩dáàgbáyé"@yo	
"Merkurju"@mt	<https://panlex.org/snapshot/panlex-20191001-csv/2907#110845081>				<https://panlex.org/snapshot/panlex-20191001-csv/2907#110845092>		"Mé̩kíúrì"@yo	
"Plutone"@mt	<https://panlex.org/snapshot/panlex-20191001-csv/2907#110847329>				<https://panlex.org/snapshot/panlex-20191001-csv/2907#110847194>		"Pluto"@yo	
"Oċean Atlantiku"@mt	<https://panlex.org/snapshot/panlex-20191001-csv/2901#110867540>				<https://panlex.org/snapshot/panlex-20191001-csv/2901#110867403>		"Òkun Atlantiki"@yo	
"Oċean Antartiku"@mt	<https://panlex.org/snapshot/panlex-20191001-csv/2901#110868352>				<https://panlex.org/snapshot/panlex-20191001-csv/2901#110868387>		"Òkun Apa-Ariwa"@yo	
"Oċean Indjan"@mt	<https://panlex.org/snapshot/panlex-20191001-csv/2901#110867680>				<https://panlex.org/snapshot/panlex-20191001-csv/2901#110867818>		"Òkun India"@yo	
"Oċean Paċifiku"@mt	<https://panlex.org/snapshot/panlex-20191001-csv/2901#110867885>				<https://panlex.org/snapshot/panlex-20191001-csv/2901#110867985>		"Òkun Alafia"@yo	
"Oċean Artiku"@mt	<https://panlex.org/snapshot/panlex-20191001-csv/2901#110867184>				<https://panlex.org/snapshot/panlex-20191001-csv/2901#110867257>		"Òkun Árktìkì"@yo	
"Alessandru l-Kbir"@mt	<https://panlex.org/snapshot/panlex-20191001-csv/2906#111019256>				<https://panlex.org/snapshot/panlex-20191001-csv/2906#111019336>		"Ale̩ksándrò̩s Olókìkí"@yo	
"Adam u Eva"@mt	<https://panlex.org/snapshot/panlex-20191001-csv/2906#111019097>				<https://panlex.org/snapshot/panlex-20191001-csv/2906#111019227>		"Ádámù àti Éfà"@yo	
"Alessandru Manju"@mt	<https://panlex.org/snapshot/panlex-20191001-csv/2906#111019320>				<https://panlex.org/snapshot/panlex-20191001-csv/2906#111019336>		"Ale̩ksándrò̩s Olókìkí"@yo	
"rota"@mt	<https://panlex.org/snapshot/panlex-20191001-csv/10#621121>				<https://panlex.org/snapshot/panlex-20191001-csv/10#621154>		"básíkùlù"@yo	
"rota"@mt	<https://panlex.org/snapshot/panlex-20191001-csv/10#621121>				<https://panlex.org/snapshot/panlex-20191001-csv/10#621155>		"kẹ̀kẹ́"@yo	
"Organizzazzjoni Dinjija tal-Kummerċ"@mt	<https://panlex.org/snapshot/panlex-20191001-csv/2894#111102776>				<https://panlex.org/snapshot/panlex-20191001-csv/2894#111102688>		"Àgbájo̩ Ìsòwò Àgbáyé"@yo	
"Organizzazzjoni tan-Nazzjonijiet Uniti"@mt	<https://panlex.org/snapshot/panlex-20191001-csv/2894#111102084>				<https://panlex.org/snapshot/panlex-20191001-csv/2894#111102108>		"Àkójo̩e̩gbé̩ Ìs̩ò̩kan àwo̩n Orílè̩-èdè"@yo	
"KOI"@mt	<https://panlex.org/snapshot/panlex-20191001-csv/2894#111100730>				<https://panlex.org/snapshot/panlex-20191001-csv/2894#111100636>		"Igbimo Olympiki Kakiriaye"@yo	
"Kumitat Olimpiku Internazzjonali"@mt	<https://panlex.org/snapshot/panlex-20191001-csv/2894#111100711>				<https://panlex.org/snapshot/panlex-20191001-csv/2894#111100636>		"Igbimo Olympiki Kakiriaye"@yo	
"Organizzazzjoni tal-Ġnus Magħquda"@mt	<https://panlex.org/snapshot/panlex-20191001-csv/2894#111101979>				<https://panlex.org/snapshot/panlex-20191001-csv/2894#111102108>		"Àkójo̩e̩gbé̩ Ìs̩ò̩kan àwo̩n Orílè̩-èdè"@yo	
"it-Tlieta"@mt	<https://panlex.org/snapshot/panlex-20191001-csv/2892#110824499>				<https://panlex.org/snapshot/panlex-20191001-csv/2892#110824452>		"o̩jó̩ Is̩è̩gun"@yo	
"it-Tlieta"@mt	<https://panlex.org/snapshot/panlex-20191001-csv/2892#110824499>				<https://panlex.org/snapshot/panlex-20191001-csv/2892#110824740>		"o̩jó̩ Tusidé"@yo	
"it-Tlieta"@mt	<https://panlex.org/snapshot/panlex-20191001-csv/2892#110824499>				<https://panlex.org/snapshot/panlex-20191001-csv/2892#110824518>		"o̩jó̩ ke̩ta o̩sè̩"@yo	
"it-Tlieta"@mt	<https://panlex.org/snapshot/panlex-20191001-csv/2892#110824499>				<https://panlex.org/snapshot/panlex-20191001-csv/2892#110824573>		"Tusidé"@yo	
"il-Ħamis"@mt	<https://panlex.org/snapshot/panlex-20191001-csv/2892#110825649>				<https://panlex.org/snapshot/panlex-20191001-csv/2892#110825672>		"o̩jó̩ Àlàmísì"@yo	
"il-Ħamis"@mt	<https://panlex.org/snapshot/panlex-20191001-csv/2892#110825649>				<https://panlex.org/snapshot/panlex-20191001-csv/2892#110825573>		"o̩jó̩ kãrun o̩sè̩"@yo	
"il-Ħamis"@mt	<https://panlex.org/snapshot/panlex-20191001-csv/2892#110825649>				<https://panlex.org/snapshot/panlex-20191001-csv/2892#110825607>		"Àlàmísì"@yo	
"il-Ħamis"@mt	<https://panlex.org/snapshot/panlex-20191001-csv/2892#110825649>				<https://panlex.org/snapshot/panlex-20191001-csv/2892#110825529>		"o̩jó̩ ’Bo̩̩"@yo	
"is-Sibt"@mt	<https://panlex.org/snapshot/panlex-20191001-csv/2892#110826425>				<https://panlex.org/snapshot/panlex-20191001-csv/2892#110826278>		"o̩jó̩ Satidé"@yo	
"is-Sibt"@mt	<https://panlex.org/snapshot/panlex-20191001-csv/2892#110826425>				<https://panlex.org/snapshot/panlex-20191001-csv/2892#110826421>		"Satidé"@yo	
"is-Sibt"@mt	<https://panlex.org/snapshot/panlex-20191001-csv/2892#110826425>				<https://panlex.org/snapshot/panlex-20191001-csv/2892#110826309>		"o̩jó̩ Abame̩ta"@yo	
"is-Sibt"@mt	<https://panlex.org/snapshot/panlex-20191001-csv/2892#110826425>				<https://panlex.org/snapshot/panlex-20191001-csv/2892#110826244>		"o̩jó̩ keje o̩sè̩"@yo	
"il-Ġimgħa"@mt	<https://panlex.org/snapshot/panlex-20191001-csv/2892#110825878>				<https://panlex.org/snapshot/panlex-20191001-csv/2892#110826126>		"o̩jó̩ ke̩fà o̩sè̩"@yo	
"il-Ġimgħa"@mt	<https://panlex.org/snapshot/panlex-20191001-csv/2892#110825878>				<https://panlex.org/snapshot/panlex-20191001-csv/2892#110825945>		"o̩jó̩ Jimõ̩"@yo	
"il-Ġimgħa"@mt	<https://panlex.org/snapshot/panlex-20191001-csv/2892#110825878>				<https://panlex.org/snapshot/panlex-20191001-csv/2892#110825756>		"Jimõ̩"@yo	
"il-Ġimgħa"@mt	<https://panlex.org/snapshot/panlex-20191001-csv/2892#110825878>				<https://panlex.org/snapshot/panlex-20191001-csv/2892#110825748>		"o̩jó̩ E̩ti"@yo	
"il-Ħadd"@mt	<https://panlex.org/snapshot/panlex-20191001-csv/2892#110826768>				<https://panlex.org/snapshot/panlex-20191001-csv/2892#110826976>		"So̩ndé"@yo	
"il-Ħadd"@mt	<https://panlex.org/snapshot/panlex-20191001-csv/2892#110826768>				<https://panlex.org/snapshot/panlex-20191001-csv/2892#110826947>		"o̩jó̩ kini o̩sè̩"@yo	
"il-Ħadd"@mt	<https://panlex.org/snapshot/panlex-20191001-csv/2892#110826768>				<https://panlex.org/snapshot/panlex-20191001-csv/2892#110826852>		"o̩jó̩ So̩ndé"@yo	
"il-Ħadd"@mt	<https://panlex.org/snapshot/panlex-20191001-csv/2892#110826768>				<https://panlex.org/snapshot/panlex-20191001-csv/2892#110826587>		"o̩jó̩ Àikú"@yo	
"il-Ħadd"@mt	<https://panlex.org/snapshot/panlex-20191001-csv/2892#110826768>				<https://panlex.org/snapshot/panlex-20191001-csv/2892#110826806>		"o̩jó̩ o̩sè̩"@yo	
"l-Erbgħa"@mt	<https://panlex.org/snapshot/panlex-20191001-csv/2892#110825255>				<https://panlex.org/snapshot/panlex-20191001-csv/2892#110825234>		"Wesidé"@yo	
"l-Erbgħa"@mt	<https://panlex.org/snapshot/panlex-20191001-csv/2892#110825255>				<https://panlex.org/snapshot/panlex-20191001-csv/2892#110825244>		"o̩jó̩ ke̩rin o̩sè̩"@yo	
"l-Erbgħa"@mt	<https://panlex.org/snapshot/panlex-20191001-csv/2892#110825255>				<https://panlex.org/snapshot/panlex-20191001-csv/2892#110825256>		"o̩jó̩ Wesidé"@yo	
"l-Erbgħa"@mt	<https://panlex.org/snapshot/panlex-20191001-csv/2892#110825255>				<https://panlex.org/snapshot/panlex-20191001-csv/2892#110824881>		"o̩jó̩ ’Ru"@yo	
"it-Tnejn"@mt	<https://panlex.org/snapshot/panlex-20191001-csv/2892#110824170>				<https://panlex.org/snapshot/panlex-20191001-csv/2892#110824027>		"o̩jó̩ Mo̩ndé"@yo	
"it-Tnejn"@mt	<https://panlex.org/snapshot/panlex-20191001-csv/2892#110824170>				<https://panlex.org/snapshot/panlex-20191001-csv/2892#110824318>		"o̩jó̩ keji o̩sè̩"@yo	
"it-Tnejn"@mt	<https://panlex.org/snapshot/panlex-20191001-csv/2892#110824170>				<https://panlex.org/snapshot/panlex-20191001-csv/2892#110824104>		"Mo̩ndé"@yo	
"it-Tnejn"@mt	<https://panlex.org/snapshot/panlex-20191001-csv/2892#110824170>				<https://panlex.org/snapshot/panlex-20191001-csv/2892#110824386>		"o̩jó̩ Ajé"@yo	
"April"@mt	<https://panlex.org/snapshot/panlex-20191001-csv/2897#110828342>				<https://panlex.org/snapshot/panlex-20191001-csv/2897#110828336>		"ke̩rin"@yo	
"Novembru"@mt	<https://panlex.org/snapshot/panlex-20191001-csv/2897#110831449>				<https://panlex.org/snapshot/panlex-20191001-csv/2897#110831166>		"ko̩kànlá"@yo	
"Frar"@mt	<https://panlex.org/snapshot/panlex-20191001-csv/2897#110827450>				<https://panlex.org/snapshot/panlex-20191001-csv/2897#110827753>		"kejì"@yo	
"Settembru"@mt	<https://panlex.org/snapshot/panlex-20191001-csv/2897#110830606>				<https://panlex.org/snapshot/panlex-20191001-csv/2897#110830328>		"kè̩sán"@yo	
"Lulju"@mt	<https://panlex.org/snapshot/panlex-20191001-csv/2897#110829498>				<https://panlex.org/snapshot/panlex-20191001-csv/2897#110829814>		"keje"@yo	
"Awwissu"@mt	<https://panlex.org/snapshot/panlex-20191001-csv/2897#110830292>				<https://panlex.org/snapshot/panlex-20191001-csv/2897#110830305>		"ke̩jo̩"@yo	
"Ġunju"@mt	<https://panlex.org/snapshot/panlex-20191001-csv/2897#110829475>				<https://panlex.org/snapshot/panlex-20191001-csv/2897#110829359>		"ke̩fà"@yo	
"Diċembru"@mt	<https://panlex.org/snapshot/panlex-20191001-csv/2897#110831793>				<https://panlex.org/snapshot/panlex-20191001-csv/2897#110831575>		"kejìlá"@yo	
"Jannar"@mt	<https://panlex.org/snapshot/panlex-20191001-csv/2897#110827137>				<https://panlex.org/snapshot/panlex-20191001-csv/2897#110827160>		"kínní"@yo	
"Marzu"@mt	<https://panlex.org/snapshot/panlex-20191001-csv/2897#110828185>				<https://panlex.org/snapshot/panlex-20191001-csv/2897#110828239>		"ke̩ta"@yo	
"Mejju"@mt	<https://panlex.org/snapshot/panlex-20191001-csv/2897#110828670>				<https://panlex.org/snapshot/panlex-20191001-csv/2897#110828890>		"kàrún"@yo	
"Ottubru"@mt	<https://panlex.org/snapshot/panlex-20191001-csv/2897#110830739>				<https://panlex.org/snapshot/panlex-20191001-csv/2897#110830880>		"kè̩wá"@yo	
"Ewropa"@mt	<https://panlex.org/snapshot/panlex-20191001-csv/2891#110854040>				<https://panlex.org/snapshot/panlex-20191001-csv/2891#110854191>		"Yúróòpù"@yo	
