"a taravari"@don	<https://panlex.org/snapshot/panlex-20191001-csv/114#8053789>				<https://panlex.org/snapshot/panlex-20191001-csv/114#8054102>		"lampaq"@sas	
"tairaʼu"@don	<https://panlex.org/snapshot/panlex-20191001-csv/114#8057851>				<https://panlex.org/snapshot/panlex-20191001-csv/114#8058124>		"boŋkor"@sas	
"hui"@don	<https://panlex.org/snapshot/panlex-20191001-csv/114#8064579>				<https://panlex.org/snapshot/panlex-20191001-csv/114#8064868>		"bulu"@sas	
"ima"@don	<https://panlex.org/snapshot/panlex-20191001-csv/114#8051724>				<https://panlex.org/snapshot/panlex-20191001-csv/114#8052031>		"imə"@sas	
"mamai"@don	<https://panlex.org/snapshot/panlex-20191001-csv/114#8068222>				<https://panlex.org/snapshot/panlex-20191001-csv/114#8068507>		"kəréréq"@sas	
"itipaʼu"@don	<https://panlex.org/snapshot/panlex-20191001-csv/114#8052736>				<https://panlex.org/snapshot/panlex-20191001-csv/114#8052984>		"kawan"@sas	
"mara"@don	<https://panlex.org/snapshot/panlex-20191001-csv/114#8067696>				<https://panlex.org/snapshot/panlex-20191001-csv/114#8067973>		"elaq"@sas	
"tala"@don	<https://panlex.org/snapshot/panlex-20191001-csv/114#8054357>				<https://panlex.org/snapshot/panlex-20191001-csv/114#8054618>		"laŋan"@sas	
"boa"@don	<https://panlex.org/snapshot/panlex-20191001-csv/114#8058361>				<https://panlex.org/snapshot/panlex-20191001-csv/114#8058672>		"tian"@sas	
"nahu"@don	<https://panlex.org/snapshot/panlex-20191001-csv/114#8055844>				<https://panlex.org/snapshot/panlex-20191001-csv/114#8056131>		"ŋonoŋ"@sas	
"ueʼu"@don	<https://panlex.org/snapshot/panlex-20191001-csv/114#8053208>				<https://panlex.org/snapshot/panlex-20191001-csv/114#8053519>		"náe"@sas	
"ama"@don	<https://panlex.org/snapshot/panlex-20191001-csv/114#8054846>				<https://panlex.org/snapshot/panlex-20191001-csv/114#8055123>		"datəŋ"@sas	
"raraʼu"@don	<https://panlex.org/snapshot/panlex-20191001-csv/114#8062967>				<https://panlex.org/snapshot/panlex-20191001-csv/114#8063247>		"daraq"@sas	
