"кубънна ӄип"@ket	<https://panlex.org/snapshot/panlex-20191001-csv/2897#110829488>				<https://panlex.org/snapshot/panlex-20191001-csv/2897#110829884>		"Meaneeše’he"@chy	
"ӄурабъл"@ket	<https://panlex.org/snapshot/panlex-20191001-csv/2897#110828985>				<https://panlex.org/snapshot/panlex-20191001-csv/2897#110829049>		"Matse’omeeše’he"@chy	
"ээльтийӄип"@ket	<https://panlex.org/snapshot/panlex-20191001-csv/2897#110830656>				<https://panlex.org/snapshot/panlex-20191001-csv/2897#110830597>		"Tonoeveeše’he"@chy	
"ӄалнас ӄип"@ket	<https://panlex.org/snapshot/panlex-20191001-csv/2897#110829210>				<https://panlex.org/snapshot/panlex-20191001-csv/2897#110829429>		"Enano’eeše’he"@chy	
"ӄаятап"@ket	<https://panlex.org/snapshot/panlex-20191001-csv/2897#110827661>				<https://panlex.org/snapshot/panlex-20191001-csv/2897#110827532>		"Ma’xêhohtseeše’he"@chy	
"даанӷип"@ket	<https://panlex.org/snapshot/panlex-20191001-csv/2897#110830057>				<https://panlex.org/snapshot/panlex-20191001-csv/2897#110830306>		"Oeneneeše’he"@chy	
"ъъноӄӄип"@ket	<https://panlex.org/snapshot/panlex-20191001-csv/2897#110830690>				<https://panlex.org/snapshot/panlex-20191001-csv/2897#110830597>		"Tonoeveeše’he"@chy	
"ӄяӷып"@ket	<https://panlex.org/snapshot/panlex-20191001-csv/2897#110827317>				<https://panlex.org/snapshot/panlex-20191001-csv/2897#110827131>		"Hohtseeše’he"@chy	
"баӈтъъль ӄип"@ket	<https://panlex.org/snapshot/panlex-20191001-csv/2897#110830786>				<https://panlex.org/snapshot/panlex-20191001-csv/2897#110830727>		"Se’enehe"@chy	
"табеиӈ ӄип"@ket	<https://panlex.org/snapshot/panlex-20191001-csv/2897#110831140>				<https://panlex.org/snapshot/panlex-20191001-csv/2897#110831428>		"He’koneneeše’he"@chy	
"сюйдоӄӄип"@ket	<https://panlex.org/snapshot/panlex-20191001-csv/2897#110829665>				<https://panlex.org/snapshot/panlex-20191001-csv/2897#110829884>		"Meaneeše’he"@chy	
"ъъӈдантий ӄип"@ket	<https://panlex.org/snapshot/panlex-20191001-csv/2897#110829370>				<https://panlex.org/snapshot/panlex-20191001-csv/2897#110829429>		"Enano’eeše’he"@chy	
"ӄаятаӈӄип"@ket	<https://panlex.org/snapshot/panlex-20191001-csv/2897#110827840>				<https://panlex.org/snapshot/panlex-20191001-csv/2897#110827532>		"Ma’xêhohtseeše’he"@chy	
"ульбънна ӄип"@ket	<https://panlex.org/snapshot/panlex-20191001-csv/2897#110830144>				<https://panlex.org/snapshot/panlex-20191001-csv/2897#110830306>		"Oeneneeše’he"@chy	
"хъня холяӈ экӈ ӄип"@ket	<https://panlex.org/snapshot/panlex-20191001-csv/2897#110831683>				<https://panlex.org/snapshot/panlex-20191001-csv/2897#110831612>		"Ma’xêhe’koneneeše’he"@chy	
"коонъп"@ket	<https://panlex.org/snapshot/panlex-20191001-csv/2897#110828481>				<https://panlex.org/snapshot/panlex-20191001-csv/2897#110828377>		"Vehpotseeše’he"@chy	
"диӷып"@ket	<https://panlex.org/snapshot/panlex-20191001-csv/2897#110828154>				<https://panlex.org/snapshot/panlex-20191001-csv/2897#110828252>		"Ponoma’a’êhaseneeše’he"@chy	
