"кубънна ӄип"@ket	<https://panlex.org/snapshot/panlex-20191001-csv/2897#110829488>				<https://panlex.org/snapshot/panlex-20191001-csv/2897#110829688>		"Juli"@nds	
"кубънна ӄип"@ket	<https://panlex.org/snapshot/panlex-20191001-csv/2897#110829488>				<https://panlex.org/snapshot/panlex-20191001-csv/2897#110829613>		"Haumand"@nds	
"ӄурабъл"@ket	<https://panlex.org/snapshot/panlex-20191001-csv/2897#110828985>				<https://panlex.org/snapshot/panlex-20191001-csv/2897#110828680>		"Mai"@nds	
"ӄурабъл"@ket	<https://panlex.org/snapshot/panlex-20191001-csv/2897#110828985>				<https://panlex.org/snapshot/panlex-20191001-csv/2897#110828783>		"Maimaand"@nds	
"ээльтийӄип"@ket	<https://panlex.org/snapshot/panlex-20191001-csv/2897#110830656>				<https://panlex.org/snapshot/panlex-20191001-csv/2897#110830510>		"Michelimaand"@nds	
"ээльтийӄип"@ket	<https://panlex.org/snapshot/panlex-20191001-csv/2897#110830656>				<https://panlex.org/snapshot/panlex-20191001-csv/2897#110830566>		"Harvstmaand"@nds	
"ээльтийӄип"@ket	<https://panlex.org/snapshot/panlex-20191001-csv/2897#110830656>				<https://panlex.org/snapshot/panlex-20191001-csv/2897#110830484>		"September"@nds	
"ээльтийӄип"@ket	<https://panlex.org/snapshot/panlex-20191001-csv/2897#110830656>				<https://panlex.org/snapshot/panlex-20191001-csv/2897#110830576>		"Harvſtmaand"@nds	
"ӄалнас ӄип"@ket	<https://panlex.org/snapshot/panlex-20191001-csv/2897#110829210>				<https://panlex.org/snapshot/panlex-20191001-csv/2897#110829236>		"Braakmaand"@nds	
"ӄалнас ӄип"@ket	<https://panlex.org/snapshot/panlex-20191001-csv/2897#110829210>				<https://panlex.org/snapshot/panlex-20191001-csv/2897#110829300>		"Juni"@nds	
"ӄаятап"@ket	<https://panlex.org/snapshot/panlex-20191001-csv/2897#110827661>				<https://panlex.org/snapshot/panlex-20191001-csv/2897#110827625>		"Horning"@nds	
"ӄаятап"@ket	<https://panlex.org/snapshot/panlex-20191001-csv/2897#110827661>				<https://panlex.org/snapshot/panlex-20191001-csv/2897#110827584>		"Februar"@nds	
"ӄаятап"@ket	<https://panlex.org/snapshot/panlex-20191001-csv/2897#110827661>				<https://panlex.org/snapshot/panlex-20191001-csv/2897#110827698>		"Hornung"@nds	
"даанӷип"@ket	<https://panlex.org/snapshot/panlex-20191001-csv/2897#110830057>				<https://panlex.org/snapshot/panlex-20191001-csv/2897#110830251>		"August"@nds	
"даанӷип"@ket	<https://panlex.org/snapshot/panlex-20191001-csv/2897#110830057>				<https://panlex.org/snapshot/panlex-20191001-csv/2897#110829990>		"Oornmaand"@nds	
"даанӷип"@ket	<https://panlex.org/snapshot/panlex-20191001-csv/2897#110830057>				<https://panlex.org/snapshot/panlex-20191001-csv/2897#110829995>		"Austmaand"@nds	
"даанӷип"@ket	<https://panlex.org/snapshot/panlex-20191001-csv/2897#110830057>				<https://panlex.org/snapshot/panlex-20191001-csv/2897#110829952>		"Auſtmaand"@nds	
"даанӷип"@ket	<https://panlex.org/snapshot/panlex-20191001-csv/2897#110830057>				<https://panlex.org/snapshot/panlex-20191001-csv/2897#110830201>		"Auguſt"@nds	
"ъъноӄӄип"@ket	<https://panlex.org/snapshot/panlex-20191001-csv/2897#110830690>				<https://panlex.org/snapshot/panlex-20191001-csv/2897#110830510>		"Michelimaand"@nds	
"ъъноӄӄип"@ket	<https://panlex.org/snapshot/panlex-20191001-csv/2897#110830690>				<https://panlex.org/snapshot/panlex-20191001-csv/2897#110830566>		"Harvstmaand"@nds	
"ъъноӄӄип"@ket	<https://panlex.org/snapshot/panlex-20191001-csv/2897#110830690>				<https://panlex.org/snapshot/panlex-20191001-csv/2897#110830484>		"September"@nds	
"ъъноӄӄип"@ket	<https://panlex.org/snapshot/panlex-20191001-csv/2897#110830690>				<https://panlex.org/snapshot/panlex-20191001-csv/2897#110830576>		"Harvſtmaand"@nds	
"ӄяӷып"@ket	<https://panlex.org/snapshot/panlex-20191001-csv/2897#110827317>				<https://panlex.org/snapshot/panlex-20191001-csv/2897#110827348>		"Januar"@nds	
"ӄяӷып"@ket	<https://panlex.org/snapshot/panlex-20191001-csv/2897#110827317>				<https://panlex.org/snapshot/panlex-20191001-csv/2897#110827254>		"Sneemaand"@nds	
"баӈтъъль ӄип"@ket	<https://panlex.org/snapshot/panlex-20191001-csv/2897#110830786>				<https://panlex.org/snapshot/panlex-20191001-csv/2897#110830972>		"Wienmaand"@nds	
"баӈтъъль ӄип"@ket	<https://panlex.org/snapshot/panlex-20191001-csv/2897#110830786>				<https://panlex.org/snapshot/panlex-20191001-csv/2897#110830793>		"Oktober"@nds	
"баӈтъъль ӄип"@ket	<https://panlex.org/snapshot/panlex-20191001-csv/2897#110830786>				<https://panlex.org/snapshot/panlex-20191001-csv/2897#110830801>		"Saatmaand"@nds	
"табеиӈ ӄип"@ket	<https://panlex.org/snapshot/panlex-20191001-csv/2897#110831140>				<https://panlex.org/snapshot/panlex-20191001-csv/2897#110831218>		"Nevelmaand"@nds	
"табеиӈ ӄип"@ket	<https://panlex.org/snapshot/panlex-20191001-csv/2897#110831140>				<https://panlex.org/snapshot/panlex-20191001-csv/2897#110831542>		"November"@nds	
"сюйдоӄӄип"@ket	<https://panlex.org/snapshot/panlex-20191001-csv/2897#110829665>				<https://panlex.org/snapshot/panlex-20191001-csv/2897#110829688>		"Juli"@nds	
"сюйдоӄӄип"@ket	<https://panlex.org/snapshot/panlex-20191001-csv/2897#110829665>				<https://panlex.org/snapshot/panlex-20191001-csv/2897#110829613>		"Haumand"@nds	
"ъъӈдантий ӄип"@ket	<https://panlex.org/snapshot/panlex-20191001-csv/2897#110829370>				<https://panlex.org/snapshot/panlex-20191001-csv/2897#110829236>		"Braakmaand"@nds	
"ъъӈдантий ӄип"@ket	<https://panlex.org/snapshot/panlex-20191001-csv/2897#110829370>				<https://panlex.org/snapshot/panlex-20191001-csv/2897#110829300>		"Juni"@nds	
"ӄаятаӈӄип"@ket	<https://panlex.org/snapshot/panlex-20191001-csv/2897#110827840>				<https://panlex.org/snapshot/panlex-20191001-csv/2897#110827625>		"Horning"@nds	
"ӄаятаӈӄип"@ket	<https://panlex.org/snapshot/panlex-20191001-csv/2897#110827840>				<https://panlex.org/snapshot/panlex-20191001-csv/2897#110827584>		"Februar"@nds	
"ӄаятаӈӄип"@ket	<https://panlex.org/snapshot/panlex-20191001-csv/2897#110827840>				<https://panlex.org/snapshot/panlex-20191001-csv/2897#110827698>		"Hornung"@nds	
"ульбънна ӄип"@ket	<https://panlex.org/snapshot/panlex-20191001-csv/2897#110830144>				<https://panlex.org/snapshot/panlex-20191001-csv/2897#110830251>		"August"@nds	
"ульбънна ӄип"@ket	<https://panlex.org/snapshot/panlex-20191001-csv/2897#110830144>				<https://panlex.org/snapshot/panlex-20191001-csv/2897#110829990>		"Oornmaand"@nds	
"ульбънна ӄип"@ket	<https://panlex.org/snapshot/panlex-20191001-csv/2897#110830144>				<https://panlex.org/snapshot/panlex-20191001-csv/2897#110829995>		"Austmaand"@nds	
"ульбънна ӄип"@ket	<https://panlex.org/snapshot/panlex-20191001-csv/2897#110830144>				<https://panlex.org/snapshot/panlex-20191001-csv/2897#110829952>		"Auſtmaand"@nds	
"ульбънна ӄип"@ket	<https://panlex.org/snapshot/panlex-20191001-csv/2897#110830144>				<https://panlex.org/snapshot/panlex-20191001-csv/2897#110830201>		"Auguſt"@nds	
"хъня холяӈ экӈ ӄип"@ket	<https://panlex.org/snapshot/panlex-20191001-csv/2897#110831683>				<https://panlex.org/snapshot/panlex-20191001-csv/2897#110831882>		"Chriſtmaand"@nds	
"хъня холяӈ экӈ ӄип"@ket	<https://panlex.org/snapshot/panlex-20191001-csv/2897#110831683>				<https://panlex.org/snapshot/panlex-20191001-csv/2897#110831548>		"Dezember"@nds	
"хъня холяӈ экӈ ӄип"@ket	<https://panlex.org/snapshot/panlex-20191001-csv/2897#110831683>				<https://panlex.org/snapshot/panlex-20191001-csv/2897#110831901>		"Christmaand"@nds	
"коонъп"@ket	<https://panlex.org/snapshot/panlex-20191001-csv/2897#110828481>				<https://panlex.org/snapshot/panlex-20191001-csv/2897#110828406>		"Oostermaand"@nds	
"коонъп"@ket	<https://panlex.org/snapshot/panlex-20191001-csv/2897#110828481>				<https://panlex.org/snapshot/panlex-20191001-csv/2897#110828475>		"April"@nds	
"коонъп"@ket	<https://panlex.org/snapshot/panlex-20191001-csv/2897#110828481>				<https://panlex.org/snapshot/panlex-20191001-csv/2897#110828569>		"Ooſtermaand"@nds	
"диӷып"@ket	<https://panlex.org/snapshot/panlex-20191001-csv/2897#110828154>				<https://panlex.org/snapshot/panlex-20191001-csv/2897#110827990>		"Lentmaand"@nds	
"диӷып"@ket	<https://panlex.org/snapshot/panlex-20191001-csv/2897#110828154>				<https://panlex.org/snapshot/panlex-20191001-csv/2897#110828020>		"März"@nds	
