"wú"@lmy	<https://panlex.org/snapshot/panlex-20191001-csv/114#8064713>				<https://panlex.org/snapshot/panlex-20191001-csv/114#8064486>		"barahibo"@abx	
"rí"@lmy	<https://panlex.org/snapshot/panlex-20191001-csv/114#8059042>				<https://panlex.org/snapshot/panlex-20191001-csv/114#8058832>		"taʼulang"@abx	
"katàku"@lmy	<https://panlex.org/snapshot/panlex-20191001-csv/114#8063634>				<https://panlex.org/snapshot/panlex-20191001-csv/114#8063394>		"takulok"@abx	
"bhuku"@lmy	<https://panlex.org/snapshot/panlex-20191001-csv/114#8064177>				<https://panlex.org/snapshot/panlex-20191001-csv/114#8063948>		"kallong"@abx	
"ngaʼha"@lmy	<https://panlex.org/snapshot/panlex-20191001-csv/114#8066223>				<https://panlex.org/snapshot/panlex-20191001-csv/114#8066013>		"singo"@abx	
"ngaʼha"@lmy	<https://panlex.org/snapshot/panlex-20191001-csv/114#8066223>				<https://panlex.org/snapshot/panlex-20191001-csv/114#8066012>		"hingos"@abx	
"ngaʼha"@lmy	<https://panlex.org/snapshot/panlex-20191001-csv/114#8066223>				<https://panlex.org/snapshot/panlex-20191001-csv/114#8066011>		"baho1 +d1"@abx	
"matna"@lmy	<https://panlex.org/snapshot/panlex-20191001-csv/114#8056497>				<https://panlex.org/snapshot/panlex-20191001-csv/114#8056278>		"rigsok +d1"@abx	
"kabka"@lmy	<https://panlex.org/snapshot/panlex-20191001-csv/114#8056975>				<https://panlex.org/snapshot/panlex-20191001-csv/114#8056788>		"alpog"@abx	
"kàru"@lmy	<https://panlex.org/snapshot/panlex-20191001-csv/114#8065269>				<https://panlex.org/snapshot/panlex-20191001-csv/114#8065036>		"urong"@abx	
"lara"@lmy	<https://panlex.org/snapshot/panlex-20191001-csv/114#8054473>				<https://panlex.org/snapshot/panlex-20191001-csv/114#8054273>		"tinampo"@abx	
"lara"@lmy	<https://panlex.org/snapshot/panlex-20191001-csv/114#8054473>				<https://panlex.org/snapshot/panlex-20191001-csv/114#8054272>		"lalan"@abx	
"nangi"@lmy	<https://panlex.org/snapshot/panlex-20191001-csv/114#8055971>				<https://panlex.org/snapshot/panlex-20191001-csv/114#8055752>		"rangi"@abx	
"kalíta"@lmy	<https://panlex.org/snapshot/panlex-20191001-csv/114#8057464>				<https://panlex.org/snapshot/panlex-20191001-csv/114#8057245>		"panit +d1"@abx	
"kalíta"@lmy	<https://panlex.org/snapshot/panlex-20191001-csv/114#8057464>				<https://panlex.org/snapshot/panlex-20191001-csv/114#8057244>		"anit +d"@abx	
"àmini"@lmy	<https://panlex.org/snapshot/panlex-20191001-csv/114#8054979>				<https://panlex.org/snapshot/panlex-20191001-csv/114#8054762>		"daʼito"@abx	
"àmini"@lmy	<https://panlex.org/snapshot/panlex-20191001-csv/114#8054979>				<https://panlex.org/snapshot/panlex-20191001-csv/114#8054763>		"pada-"@abx	
