"li-k’ei"@tli	<https://panlex.org/snapshot/panlex-20191001-csv/2902#111012290>				<https://panlex.org/snapshot/panlex-20191001-csv/2902#111012057>		"εἰρήνη"@grc	
"éeḳ"@tli	<https://panlex.org/snapshot/panlex-20191001-csv/1573#50085349>				<https://panlex.org/snapshot/panlex-20191001-csv/1573#50085175>		"aigia’los"@grc	
"éeḳ"@tli	<https://panlex.org/snapshot/panlex-20191001-csv/1573#50085349>				<https://panlex.org/snapshot/panlex-20191001-csv/1573#50085176>		"a’ktē"@grc	
"léin"@tli	<https://panlex.org/snapshot/panlex-20191001-csv/1573#50088046>				<https://panlex.org/snapshot/panlex-20191001-csv/1573#50087987>		"’ampōtis"@grc	
"léin"@tli	<https://panlex.org/snapshot/panlex-20191001-csv/1573#50088046>				<https://panlex.org/snapshot/panlex-20191001-csv/1573#50087986>		"a’narroia"@grc	
"xákʷ"@tli	<https://panlex.org/snapshot/panlex-20191001-csv/1573#50085347>				<https://panlex.org/snapshot/panlex-20191001-csv/1573#50085175>		"aigia’los"@grc	
"xákʷ"@tli	<https://panlex.org/snapshot/panlex-20191001-csv/1573#50085347>				<https://panlex.org/snapshot/panlex-20191001-csv/1573#50085176>		"a’ktē"@grc	
"šaa"@tli	<https://panlex.org/snapshot/panlex-20191001-csv/1573#50083770>				<https://panlex.org/snapshot/panlex-20191001-csv/1573#50083577>		"kolō’nos"@grc	
"šaa"@tli	<https://panlex.org/snapshot/panlex-20191001-csv/1573#50083770>				<https://panlex.org/snapshot/panlex-20191001-csv/1573#50083578>		"’lopʰos"@grc	
"šaa"@tli	<https://panlex.org/snapshot/panlex-20191001-csv/1573#50083770>				<https://panlex.org/snapshot/panlex-20191001-csv/1573#50083576>		"bū’nos"@grc	
"šaa"@tli	<https://panlex.org/snapshot/panlex-20191001-csv/1573#50083770>				<https://panlex.org/snapshot/panlex-20191001-csv/1573#50083579>		"’oros"@grc	
"g̣agaan"@tli	<https://panlex.org/snapshot/panlex-20191001-csv/1573#50091499>				<https://panlex.org/snapshot/panlex-20191001-csv/1573#50091380>		"’hēlios"@grc	
"šaa yadaa"@tli	<https://panlex.org/snapshot/panlex-20191001-csv/1573#50083772>				<https://panlex.org/snapshot/panlex-20191001-csv/1573#50083577>		"kolō’nos"@grc	
"šaa yadaa"@tli	<https://panlex.org/snapshot/panlex-20191001-csv/1573#50083772>				<https://panlex.org/snapshot/panlex-20191001-csv/1573#50083578>		"’lopʰos"@grc	
"šaa yadaa"@tli	<https://panlex.org/snapshot/panlex-20191001-csv/1573#50083772>				<https://panlex.org/snapshot/panlex-20191001-csv/1573#50083576>		"bū’nos"@grc	
"šaa yadaa"@tli	<https://panlex.org/snapshot/panlex-20191001-csv/1573#50083772>				<https://panlex.org/snapshot/panlex-20191001-csv/1573#50083579>		"’oros"@grc	
"héen šú"@tli	<https://panlex.org/snapshot/panlex-20191001-csv/1573#50088580>				<https://panlex.org/snapshot/panlex-20191001-csv/1573#50088353>		"’hreuma"@grc	
"héen šú"@tli	<https://panlex.org/snapshot/panlex-20191001-csv/1573#50088580>				<https://panlex.org/snapshot/panlex-20191001-csv/1573#50088352>		"pota’mos"@grc	
"héen šú"@tli	<https://panlex.org/snapshot/panlex-20191001-csv/1573#50088580>				<https://panlex.org/snapshot/panlex-20191001-csv/1573#50088354>		"’kʰeimarros"@grc	
"šáčk"@tli	<https://panlex.org/snapshot/panlex-20191001-csv/1573#50089416>				<https://panlex.org/snapshot/panlex-20191001-csv/1573#50089291>		"’helos"@grc	
"g̣ílˀ"@tli	<https://panlex.org/snapshot/panlex-20191001-csv/1573#50084084>				<https://panlex.org/snapshot/panlex-20191001-csv/1573#50083953>		"krē’mnos"@grc	
"hintu eeǰí"@tli	<https://panlex.org/snapshot/panlex-20191001-csv/1573#50087475>				<https://panlex.org/snapshot/panlex-20191001-csv/1573#50087421>		"’hupʰalos"@grc	
"hintu eeǰí"@tli	<https://panlex.org/snapshot/panlex-20191001-csv/1573#50087475>				<https://panlex.org/snapshot/panlex-20191001-csv/1573#50087419>		"kʰoi’ras"@grc	
"hintu eeǰí"@tli	<https://panlex.org/snapshot/panlex-20191001-csv/1573#50087475>				<https://panlex.org/snapshot/panlex-20191001-csv/1573#50087420>		"’herma"@grc	
"hintu eeǰí"@tli	<https://panlex.org/snapshot/panlex-20191001-csv/1573#50087475>				<https://panlex.org/snapshot/panlex-20191001-csv/1573#50087422>		"’murmēks"@grc	
"teet"@tli	<https://panlex.org/snapshot/panlex-20191001-csv/1573#50087823>				<https://panlex.org/snapshot/panlex-20191001-csv/1573#50087707>		"’kūma"@grc	
"xˀáatˀ"@tli	<https://panlex.org/snapshot/panlex-20191001-csv/1573#50084871>				<https://panlex.org/snapshot/panlex-20191001-csv/1573#50084767>		"’nēsos"@grc	
"aas gutú"@tli	<https://panlex.org/snapshot/panlex-20191001-csv/1573#50089883>				<https://panlex.org/snapshot/panlex-20191001-csv/1573#50089735>		"’hūlē"@grc	
"šaa šaakée"@tli	<https://panlex.org/snapshot/panlex-20191001-csv/1573#50083773>				<https://panlex.org/snapshot/panlex-20191001-csv/1573#50083577>		"kolō’nos"@grc	
"šaa šaakée"@tli	<https://panlex.org/snapshot/panlex-20191001-csv/1573#50083773>				<https://panlex.org/snapshot/panlex-20191001-csv/1573#50083578>		"’lopʰos"@grc	
"šaa šaakée"@tli	<https://panlex.org/snapshot/panlex-20191001-csv/1573#50083773>				<https://panlex.org/snapshot/panlex-20191001-csv/1573#50083576>		"bū’nos"@grc	
"šaa šaakée"@tli	<https://panlex.org/snapshot/panlex-20191001-csv/1573#50083773>				<https://panlex.org/snapshot/panlex-20191001-csv/1573#50083579>		"’oros"@grc	
"héen táak"@tli	<https://panlex.org/snapshot/panlex-20191001-csv/1573#50088575>				<https://panlex.org/snapshot/panlex-20191001-csv/1573#50088353>		"’hreuma"@grc	
"héen táak"@tli	<https://panlex.org/snapshot/panlex-20191001-csv/1573#50088575>				<https://panlex.org/snapshot/panlex-20191001-csv/1573#50088352>		"pota’mos"@grc	
"héen táak"@tli	<https://panlex.org/snapshot/panlex-20191001-csv/1573#50088575>				<https://panlex.org/snapshot/panlex-20191001-csv/1573#50088354>		"’kʰeimarros"@grc	
"kaxˀásˀti"@tli	<https://panlex.org/snapshot/panlex-20191001-csv/1573#50090402>				<https://panlex.org/snapshot/panlex-20191001-csv/1573#50090278>		"’ksulon"@grc	
"haat kool"@tli	<https://panlex.org/snapshot/panlex-20191001-csv/1573#50088788>				<https://panlex.org/snapshot/panlex-20191001-csv/1573#50088700>		"’dinē"@grc	
"xˀaa"@tli	<https://panlex.org/snapshot/panlex-20191001-csv/1573#50087595>				<https://panlex.org/snapshot/panlex-20191001-csv/1573#50087527>		"’akra"@grc	
"xˀaa"@tli	<https://panlex.org/snapshot/panlex-20191001-csv/1573#50087595>				<https://panlex.org/snapshot/panlex-20191001-csv/1573#50087526>		"akrō’tērion"@grc	
"xˀaa"@tli	<https://panlex.org/snapshot/panlex-20191001-csv/1573#50087595>				<https://panlex.org/snapshot/panlex-20191001-csv/1573#50087528>		"’skopelos"@grc	
"ḳaadí"@tli	<https://panlex.org/snapshot/panlex-20191001-csv/1573#50090801>				<https://panlex.org/snapshot/panlex-20191001-csv/1573#50090591>		"’petrā"@grc	
"ḳaadí"@tli	<https://panlex.org/snapshot/panlex-20191001-csv/1573#50090801>				<https://panlex.org/snapshot/panlex-20191001-csv/1573#50090590>		"’litʰos"@grc	
"taašuká"@tli	<https://panlex.org/snapshot/panlex-20191001-csv/1573#50088583>				<https://panlex.org/snapshot/panlex-20191001-csv/1573#50088353>		"’hreuma"@grc	
"taašuká"@tli	<https://panlex.org/snapshot/panlex-20191001-csv/1573#50088583>				<https://panlex.org/snapshot/panlex-20191001-csv/1573#50088352>		"pota’mos"@grc	
"taašuká"@tli	<https://panlex.org/snapshot/panlex-20191001-csv/1573#50088583>				<https://panlex.org/snapshot/panlex-20191001-csv/1573#50088354>		"’kʰeimarros"@grc	
"ḳútlˀkʷ"@tli	<https://panlex.org/snapshot/panlex-20191001-csv/1573#50083132>				<https://panlex.org/snapshot/panlex-20191001-csv/1573#50082987>		"pē’los"@grc	
"ḳootlˀ"@tli	<https://panlex.org/snapshot/panlex-20191001-csv/1573#50083131>				<https://panlex.org/snapshot/panlex-20191001-csv/1573#50082987>		"pē’los"@grc	
"šaltláax̣"@tli	<https://panlex.org/snapshot/panlex-20191001-csv/1573#50087476>				<https://panlex.org/snapshot/panlex-20191001-csv/1573#50087421>		"’hupʰalos"@grc	
"šaltláax̣"@tli	<https://panlex.org/snapshot/panlex-20191001-csv/1573#50087476>				<https://panlex.org/snapshot/panlex-20191001-csv/1573#50087419>		"kʰoi’ras"@grc	
"šaltláax̣"@tli	<https://panlex.org/snapshot/panlex-20191001-csv/1573#50087476>				<https://panlex.org/snapshot/panlex-20191001-csv/1573#50087420>		"’herma"@grc	
"šaltláax̣"@tli	<https://panlex.org/snapshot/panlex-20191001-csv/1573#50087476>				<https://panlex.org/snapshot/panlex-20191001-csv/1573#50087422>		"’murmēks"@grc	
"lˀéiw yátxˀi"@tli	<https://panlex.org/snapshot/panlex-20191001-csv/1573#50083377>				<https://panlex.org/snapshot/panlex-20191001-csv/1573#50083249>		"’ammos"@grc	
"lˀéiw yátxˀi"@tli	<https://panlex.org/snapshot/panlex-20191001-csv/1573#50083377>				<https://panlex.org/snapshot/panlex-20191001-csv/1573#50083250>		"’psammos"@grc	
"éečˀ"@tli	<https://panlex.org/snapshot/panlex-20191001-csv/1573#50090800>				<https://panlex.org/snapshot/panlex-20191001-csv/1573#50090591>		"’petrā"@grc	
"éečˀ"@tli	<https://panlex.org/snapshot/panlex-20191001-csv/1573#50090800>				<https://panlex.org/snapshot/panlex-20191001-csv/1573#50090590>		"’litʰos"@grc	
"té"@tli	<https://panlex.org/snapshot/panlex-20191001-csv/1573#50090798>				<https://panlex.org/snapshot/panlex-20191001-csv/1573#50090591>		"’petrā"@grc	
"té"@tli	<https://panlex.org/snapshot/panlex-20191001-csv/1573#50090798>				<https://panlex.org/snapshot/panlex-20191001-csv/1573#50090590>		"’litʰos"@grc	
"xˀóolˀ"@tli	<https://panlex.org/snapshot/panlex-20191001-csv/1573#50087942>				<https://panlex.org/snapshot/panlex-20191001-csv/1573#50087892>		"aukso’meiōsis"@grc	
"xˀóolˀ"@tli	<https://panlex.org/snapshot/panlex-20191001-csv/1573#50087942>				<https://panlex.org/snapshot/panlex-20191001-csv/1573#50087893>		"’ampōtis"@grc	
"té x̣áaxˀ"@tli	<https://panlex.org/snapshot/panlex-20191001-csv/1573#50090799>				<https://panlex.org/snapshot/panlex-20191001-csv/1573#50090591>		"’petrā"@grc	
"té x̣áaxˀ"@tli	<https://panlex.org/snapshot/panlex-20191001-csv/1573#50090799>				<https://panlex.org/snapshot/panlex-20191001-csv/1573#50090590>		"’litʰos"@grc	
"katóok"@tli	<https://panlex.org/snapshot/panlex-20191001-csv/1573#50085604>				<https://panlex.org/snapshot/panlex-20191001-csv/1573#50085480>		"’spēlaion"@grc	
"katóok"@tli	<https://panlex.org/snapshot/panlex-20191001-csv/1573#50085604>				<https://panlex.org/snapshot/panlex-20191001-csv/1573#50085479>		"’antron"@grc	
"héen"@tli	<https://panlex.org/snapshot/panlex-20191001-csv/1573#50085855>				<https://panlex.org/snapshot/panlex-20191001-csv/1573#50085724>		"’hudōr"@grc	
"tlˀátk"@tli	<https://panlex.org/snapshot/panlex-20191001-csv/1573#50082245>				<https://panlex.org/snapshot/panlex-20191001-csv/1573#50082070>		"kʰtʰōn"@grc	
"tlˀátk"@tli	<https://panlex.org/snapshot/panlex-20191001-csv/1573#50082245>				<https://panlex.org/snapshot/panlex-20191001-csv/1573#50082069>		"gē"@grc	
"lˀóowú"@tli	<https://panlex.org/snapshot/panlex-20191001-csv/1573#50090404>				<https://panlex.org/snapshot/panlex-20191001-csv/1573#50090278>		"’ksulon"@grc	
"tleiyán"@tli	<https://panlex.org/snapshot/panlex-20191001-csv/1573#50085033>				<https://panlex.org/snapshot/panlex-20191001-csv/1573#50084965>		"’ēpeiros"@grc	
"lˀeiwú"@tli	<https://panlex.org/snapshot/panlex-20191001-csv/1573#50090403>				<https://panlex.org/snapshot/panlex-20191001-csv/1573#50090278>		"’ksulon"@grc	
"tlˀáx̣ˀkʷ"@tli	<https://panlex.org/snapshot/panlex-20191001-csv/1573#50082564>				<https://panlex.org/snapshot/panlex-20191001-csv/1573#50082398>		"’pedon"@grc	
"tlˀáx̣ˀkʷ"@tli	<https://panlex.org/snapshot/panlex-20191001-csv/1573#50082564>				<https://panlex.org/snapshot/panlex-20191001-csv/1573#50082395>		"gē"@grc	
"tlˀáx̣ˀkʷ"@tli	<https://panlex.org/snapshot/panlex-20191001-csv/1573#50082564>				<https://panlex.org/snapshot/panlex-20191001-csv/1573#50082396>		"’edapʰos"@grc	
"tlˀáx̣ˀkʷ"@tli	<https://panlex.org/snapshot/panlex-20191001-csv/1573#50082564>				<https://panlex.org/snapshot/panlex-20191001-csv/1573#50082397>		"’kʰōma"@grc	
"áakˀʷ"@tli	<https://panlex.org/snapshot/panlex-20191001-csv/1573#50087362>				<https://panlex.org/snapshot/panlex-20191001-csv/1573#50087295>		"’tenagos"@grc	
"naadaayi heen"@tli	<https://panlex.org/snapshot/panlex-20191001-csv/1573#50088582>				<https://panlex.org/snapshot/panlex-20191001-csv/1573#50088353>		"’hreuma"@grc	
"naadaayi heen"@tli	<https://panlex.org/snapshot/panlex-20191001-csv/1573#50088582>				<https://panlex.org/snapshot/panlex-20191001-csv/1573#50088352>		"pota’mos"@grc	
"naadaayi heen"@tli	<https://panlex.org/snapshot/panlex-20191001-csv/1573#50088582>				<https://panlex.org/snapshot/panlex-20191001-csv/1573#50088354>		"’kʰeimarros"@grc	
"xˀaa luká"@tli	<https://panlex.org/snapshot/panlex-20191001-csv/1573#50087596>				<https://panlex.org/snapshot/panlex-20191001-csv/1573#50087527>		"’akra"@grc	
"xˀaa luká"@tli	<https://panlex.org/snapshot/panlex-20191001-csv/1573#50087596>				<https://panlex.org/snapshot/panlex-20191001-csv/1573#50087526>		"akrō’tērion"@grc	
"xˀaa luká"@tli	<https://panlex.org/snapshot/panlex-20191001-csv/1573#50087596>				<https://panlex.org/snapshot/panlex-20191001-csv/1573#50087528>		"’skopelos"@grc	
"xáatsˀ"@tli	<https://panlex.org/snapshot/panlex-20191001-csv/1573#50091247>				<https://panlex.org/snapshot/panlex-20191001-csv/1573#50091130>		"ūra’nos"@grc	
"at gutú"@tli	<https://panlex.org/snapshot/panlex-20191001-csv/1573#50089884>				<https://panlex.org/snapshot/panlex-20191001-csv/1573#50089735>		"’hūlē"@grc	
"yán"@tli	<https://panlex.org/snapshot/panlex-20191001-csv/1573#50085348>				<https://panlex.org/snapshot/panlex-20191001-csv/1573#50085175>		"aigia’los"@grc	
"yán"@tli	<https://panlex.org/snapshot/panlex-20191001-csv/1573#50085348>				<https://panlex.org/snapshot/panlex-20191001-csv/1573#50085176>		"a’ktē"@grc	
"eeč"@tli	<https://panlex.org/snapshot/panlex-20191001-csv/1573#50090797>				<https://panlex.org/snapshot/panlex-20191001-csv/1573#50090591>		"’petrā"@grc	
"eeč"@tli	<https://panlex.org/snapshot/panlex-20191001-csv/1573#50090797>				<https://panlex.org/snapshot/panlex-20191001-csv/1573#50090590>		"’litʰos"@grc	
"eeč"@tli	<https://panlex.org/snapshot/panlex-20191001-csv/1573#50087474>				<https://panlex.org/snapshot/panlex-20191001-csv/1573#50087421>		"’hupʰalos"@grc	
"eeč"@tli	<https://panlex.org/snapshot/panlex-20191001-csv/1573#50087474>				<https://panlex.org/snapshot/panlex-20191001-csv/1573#50087419>		"kʰoi’ras"@grc	
"eeč"@tli	<https://panlex.org/snapshot/panlex-20191001-csv/1573#50087474>				<https://panlex.org/snapshot/panlex-20191001-csv/1573#50087420>		"’herma"@grc	
"eeč"@tli	<https://panlex.org/snapshot/panlex-20191001-csv/1573#50087474>				<https://panlex.org/snapshot/panlex-20191001-csv/1573#50087422>		"’murmēks"@grc	
"dakaadí"@tli	<https://panlex.org/snapshot/panlex-20191001-csv/1573#50090796>				<https://panlex.org/snapshot/panlex-20191001-csv/1573#50090591>		"’petrā"@grc	
"dakaadí"@tli	<https://panlex.org/snapshot/panlex-20191001-csv/1573#50090796>				<https://panlex.org/snapshot/panlex-20191001-csv/1573#50090590>		"’litʰos"@grc	
"šaanáx̣"@tli	<https://panlex.org/snapshot/panlex-20191001-csv/1573#50084659>				<https://panlex.org/snapshot/panlex-20191001-csv/1573#50084553>		"koi’las"@grc	
"šaanáx̣"@tli	<https://panlex.org/snapshot/panlex-20191001-csv/1573#50084659>				<https://panlex.org/snapshot/panlex-20191001-csv/1573#50084554>		"’napē"@grc	
"g̣eey"@tli	<https://panlex.org/snapshot/panlex-20191001-csv/1573#50087232>				<https://panlex.org/snapshot/panlex-20191001-csv/1573#50087154>		"’kolpos"@grc	
"gooč"@tli	<https://panlex.org/snapshot/panlex-20191001-csv/1573#50083769>				<https://panlex.org/snapshot/panlex-20191001-csv/1573#50083577>		"kolō’nos"@grc	
"gooč"@tli	<https://panlex.org/snapshot/panlex-20191001-csv/1573#50083769>				<https://panlex.org/snapshot/panlex-20191001-csv/1573#50083578>		"’lopʰos"@grc	
"gooč"@tli	<https://panlex.org/snapshot/panlex-20191001-csv/1573#50083769>				<https://panlex.org/snapshot/panlex-20191001-csv/1573#50083576>		"bū’nos"@grc	
"gooč"@tli	<https://panlex.org/snapshot/panlex-20191001-csv/1573#50083769>				<https://panlex.org/snapshot/panlex-20191001-csv/1573#50083579>		"’oros"@grc	
"x̣eil"@tli	<https://panlex.org/snapshot/panlex-20191001-csv/1573#50086651>				<https://panlex.org/snapshot/panlex-20191001-csv/1573#50086544>		"a’pʰros"@grc	
"héen wát"@tli	<https://panlex.org/snapshot/panlex-20191001-csv/1573#50088578>				<https://panlex.org/snapshot/panlex-20191001-csv/1573#50088353>		"’hreuma"@grc	
"héen wát"@tli	<https://panlex.org/snapshot/panlex-20191001-csv/1573#50088578>				<https://panlex.org/snapshot/panlex-20191001-csv/1573#50088352>		"pota’mos"@grc	
"héen wát"@tli	<https://panlex.org/snapshot/panlex-20191001-csv/1573#50088578>				<https://panlex.org/snapshot/panlex-20191001-csv/1573#50088354>		"’kʰeimarros"@grc	
"yoo aan ka.á"@tli	<https://panlex.org/snapshot/panlex-20191001-csv/1573#50091004>				<https://panlex.org/snapshot/panlex-20191001-csv/1573#50090923>		"sei’smos"@grc	
"éilˀ"@tli	<https://panlex.org/snapshot/panlex-20191001-csv/1573#50086835>				<https://panlex.org/snapshot/panlex-20191001-csv/1573#50086750>		"ōkea’nos"@grc	
"xˀáas"@tli	<https://panlex.org/snapshot/panlex-20191001-csv/1573#50089609>				<https://panlex.org/snapshot/panlex-20191001-csv/1573#50089525>		"katar’raktēs"@grc	
"haat"@tli	<https://panlex.org/snapshot/panlex-20191001-csv/1573#50087941>				<https://panlex.org/snapshot/panlex-20191001-csv/1573#50087892>		"aukso’meiōsis"@grc	
"haat"@tli	<https://panlex.org/snapshot/panlex-20191001-csv/1573#50087941>				<https://panlex.org/snapshot/panlex-20191001-csv/1573#50087893>		"’ampōtis"@grc	
"goon"@tli	<https://panlex.org/snapshot/panlex-20191001-csv/1573#50089152>				<https://panlex.org/snapshot/panlex-20191001-csv/1573#50088966>		"’krēnē"@grc	
"goon"@tli	<https://panlex.org/snapshot/panlex-20191001-csv/1573#50089152>				<https://panlex.org/snapshot/panlex-20191001-csv/1573#50088967>		"’pʰrear"@grc	
"goon"@tli	<https://panlex.org/snapshot/panlex-20191001-csv/1573#50089152>				<https://panlex.org/snapshot/panlex-20191001-csv/1573#50088965>		"pē’gē"@grc	
"héen tˀiká"@tli	<https://panlex.org/snapshot/panlex-20191001-csv/1573#50088576>				<https://panlex.org/snapshot/panlex-20191001-csv/1573#50088353>		"’hreuma"@grc	
"héen tˀiká"@tli	<https://panlex.org/snapshot/panlex-20191001-csv/1573#50088576>				<https://panlex.org/snapshot/panlex-20191001-csv/1573#50088352>		"pota’mos"@grc	
"héen tˀiká"@tli	<https://panlex.org/snapshot/panlex-20191001-csv/1573#50088576>				<https://panlex.org/snapshot/panlex-20191001-csv/1573#50088354>		"’kʰeimarros"@grc	
"góosˀ"@tli	<https://panlex.org/snapshot/panlex-20191001-csv/1573#50091246>				<https://panlex.org/snapshot/panlex-20191001-csv/1573#50091130>		"ūra’nos"@grc	
"x̣eel"@tli	<https://panlex.org/snapshot/panlex-20191001-csv/1573#50086649>				<https://panlex.org/snapshot/panlex-20191001-csv/1573#50086544>		"a’pʰros"@grc	
"taxˀaayí"@tli	<https://panlex.org/snapshot/panlex-20191001-csv/1573#50087594>				<https://panlex.org/snapshot/panlex-20191001-csv/1573#50087527>		"’akra"@grc	
"taxˀaayí"@tli	<https://panlex.org/snapshot/panlex-20191001-csv/1573#50087594>				<https://panlex.org/snapshot/panlex-20191001-csv/1573#50087526>		"akrō’tērion"@grc	
"taxˀaayí"@tli	<https://panlex.org/snapshot/panlex-20191001-csv/1573#50087594>				<https://panlex.org/snapshot/panlex-20191001-csv/1573#50087528>		"’skopelos"@grc	
"lˀéiw"@tli	<https://panlex.org/snapshot/panlex-20191001-csv/1573#50083376>				<https://panlex.org/snapshot/panlex-20191001-csv/1573#50083249>		"’ammos"@grc	
"lˀéiw"@tli	<https://panlex.org/snapshot/panlex-20191001-csv/1573#50083376>				<https://panlex.org/snapshot/panlex-20191001-csv/1573#50083250>		"’psammos"@grc	
"g̣eiy"@tli	<https://panlex.org/snapshot/panlex-20191001-csv/1573#50087233>				<https://panlex.org/snapshot/panlex-20191001-csv/1573#50087154>		"’kolpos"@grc	
"tlˀéx̣ˀkʷ"@tli	<https://panlex.org/snapshot/panlex-20191001-csv/1573#50082565>				<https://panlex.org/snapshot/panlex-20191001-csv/1573#50082398>		"’pedon"@grc	
"tlˀéx̣ˀkʷ"@tli	<https://panlex.org/snapshot/panlex-20191001-csv/1573#50082565>				<https://panlex.org/snapshot/panlex-20191001-csv/1573#50082395>		"gē"@grc	
"tlˀéx̣ˀkʷ"@tli	<https://panlex.org/snapshot/panlex-20191001-csv/1573#50082565>				<https://panlex.org/snapshot/panlex-20191001-csv/1573#50082396>		"’edapʰos"@grc	
"tlˀéx̣ˀkʷ"@tli	<https://panlex.org/snapshot/panlex-20191001-csv/1573#50082565>				<https://panlex.org/snapshot/panlex-20191001-csv/1573#50082397>		"’kʰōma"@grc	
"šaa seiyí"@tli	<https://panlex.org/snapshot/panlex-20191001-csv/1573#50083771>				<https://panlex.org/snapshot/panlex-20191001-csv/1573#50083577>		"kolō’nos"@grc	
"šaa seiyí"@tli	<https://panlex.org/snapshot/panlex-20191001-csv/1573#50083771>				<https://panlex.org/snapshot/panlex-20191001-csv/1573#50083578>		"’lopʰos"@grc	
"šaa seiyí"@tli	<https://panlex.org/snapshot/panlex-20191001-csv/1573#50083771>				<https://panlex.org/snapshot/panlex-20191001-csv/1573#50083576>		"bū’nos"@grc	
"šaa seiyí"@tli	<https://panlex.org/snapshot/panlex-20191001-csv/1573#50083771>				<https://panlex.org/snapshot/panlex-20191001-csv/1573#50083579>		"’oros"@grc	
"héen wantú"@tli	<https://panlex.org/snapshot/panlex-20191001-csv/1573#50088577>				<https://panlex.org/snapshot/panlex-20191001-csv/1573#50088353>		"’hreuma"@grc	
"héen wantú"@tli	<https://panlex.org/snapshot/panlex-20191001-csv/1573#50088577>				<https://panlex.org/snapshot/panlex-20191001-csv/1573#50088352>		"pota’mos"@grc	
"héen wantú"@tli	<https://panlex.org/snapshot/panlex-20191001-csv/1573#50088577>				<https://panlex.org/snapshot/panlex-20191001-csv/1573#50088354>		"’kʰeimarros"@grc	
"áa"@tli	<https://panlex.org/snapshot/panlex-20191001-csv/1573#50087075>				<https://panlex.org/snapshot/panlex-20191001-csv/1573#50086957>		"’limnē"@grc	
"kadánǰaa"@tli	<https://panlex.org/snapshot/panlex-20191001-csv/1573#50082834>				<https://panlex.org/snapshot/panlex-20191001-csv/1573#50082698>		"’konis"@grc	
"tatóok"@tli	<https://panlex.org/snapshot/panlex-20191001-csv/1573#50085605>				<https://panlex.org/snapshot/panlex-20191001-csv/1573#50085480>		"’spēlaion"@grc	
"tatóok"@tli	<https://panlex.org/snapshot/panlex-20191001-csv/1573#50085605>				<https://panlex.org/snapshot/panlex-20191001-csv/1573#50085479>		"’antron"@grc	
"neeč"@tli	<https://panlex.org/snapshot/panlex-20191001-csv/1573#50085346>				<https://panlex.org/snapshot/panlex-20191001-csv/1573#50085175>		"aigia’los"@grc	
"neeč"@tli	<https://panlex.org/snapshot/panlex-20191001-csv/1573#50085346>				<https://panlex.org/snapshot/panlex-20191001-csv/1573#50085176>		"a’ktē"@grc	
"hinšú"@tli	<https://panlex.org/snapshot/panlex-20191001-csv/1573#50088574>				<https://panlex.org/snapshot/panlex-20191001-csv/1573#50088353>		"’hreuma"@grc	
"hinšú"@tli	<https://panlex.org/snapshot/panlex-20191001-csv/1573#50088574>				<https://panlex.org/snapshot/panlex-20191001-csv/1573#50088352>		"pota’mos"@grc	
"hinšú"@tli	<https://panlex.org/snapshot/panlex-20191001-csv/1573#50088574>				<https://panlex.org/snapshot/panlex-20191001-csv/1573#50088354>		"’kʰeimarros"@grc	
"lingitˀaaní"@tli	<https://panlex.org/snapshot/panlex-20191001-csv/1573#50081906>				<https://panlex.org/snapshot/panlex-20191001-csv/1573#50081797>		"’kosmos"@grc	
"lingitˀaaní"@tli	<https://panlex.org/snapshot/panlex-20191001-csv/1573#50081906>				<https://panlex.org/snapshot/panlex-20191001-csv/1573#50081796>		"oikū’menē"@grc	
"x̣eeš"@tli	<https://panlex.org/snapshot/panlex-20191001-csv/1573#50086650>				<https://panlex.org/snapshot/panlex-20191001-csv/1573#50086544>		"a’pʰros"@grc	
"eey"@tli	<https://panlex.org/snapshot/panlex-20191001-csv/1573#50089608>				<https://panlex.org/snapshot/panlex-20191001-csv/1573#50089525>		"katar’raktēs"@grc	
"ḳéesˀ"@tli	<https://panlex.org/snapshot/panlex-20191001-csv/1573#50085856>				<https://panlex.org/snapshot/panlex-20191001-csv/1573#50085724>		"’hudōr"@grc	
"héen šáak"@tli	<https://panlex.org/snapshot/panlex-20191001-csv/1573#50088579>				<https://panlex.org/snapshot/panlex-20191001-csv/1573#50088353>		"’hreuma"@grc	
"héen šáak"@tli	<https://panlex.org/snapshot/panlex-20191001-csv/1573#50088579>				<https://panlex.org/snapshot/panlex-20191001-csv/1573#50088352>		"pota’mos"@grc	
"héen šáak"@tli	<https://panlex.org/snapshot/panlex-20191001-csv/1573#50088579>				<https://panlex.org/snapshot/panlex-20191001-csv/1573#50088354>		"’kʰeimarros"@grc	
"kanaadaayi héen"@tli	<https://panlex.org/snapshot/panlex-20191001-csv/1573#50088581>				<https://panlex.org/snapshot/panlex-20191001-csv/1573#50088353>		"’hreuma"@grc	
"kanaadaayi héen"@tli	<https://panlex.org/snapshot/panlex-20191001-csv/1573#50088581>				<https://panlex.org/snapshot/panlex-20191001-csv/1573#50088352>		"pota’mos"@grc	
"kanaadaayi héen"@tli	<https://panlex.org/snapshot/panlex-20191001-csv/1573#50088581>				<https://panlex.org/snapshot/panlex-20191001-csv/1573#50088354>		"’kʰeimarros"@grc	
"teet tlénxˀ"@tli	<https://panlex.org/snapshot/panlex-20191001-csv/1573#50087824>				<https://panlex.org/snapshot/panlex-20191001-csv/1573#50087707>		"’kūma"@grc	
"lˀéiw xˀaayí"@tli	<https://panlex.org/snapshot/panlex-20191001-csv/1573#50087593>				<https://panlex.org/snapshot/panlex-20191001-csv/1573#50087527>		"’akra"@grc	
"lˀéiw xˀaayí"@tli	<https://panlex.org/snapshot/panlex-20191001-csv/1573#50087593>				<https://panlex.org/snapshot/panlex-20191001-csv/1573#50087526>		"akrō’tērion"@grc	
"lˀéiw xˀaayí"@tli	<https://panlex.org/snapshot/panlex-20191001-csv/1573#50087593>				<https://panlex.org/snapshot/panlex-20191001-csv/1573#50087528>		"’skopelos"@grc	
