"ສົງຄາມເຢັນ"@lo	<https://panlex.org/snapshot/panlex-20191001-csv/6709#111077849>				<https://panlex.org/snapshot/panlex-20191001-csv/6709#111077712>		"Ady mangatsiaka"@mg	
"ທ້າວນ້ອຍ"@lo	<https://panlex.org/snapshot/panlex-20191001-csv/6710#111083148>				<https://panlex.org/snapshot/panlex-20191001-csv/6710#111083040>		"Ilay Andriandahy Kely"@mg	
"ບົນສະຫລອງການຂຶ້ນຈາກຫລົມຂອງພະເຍຊູ"@lo	<https://panlex.org/snapshot/panlex-20191001-csv/5947#84615928>				<https://panlex.org/snapshot/panlex-20191001-csv/5947#84615942>		"Paska"@mg	
"ຍູ່ໄສ"@lo	<https://panlex.org/snapshot/panlex-20191001-csv/5947#84689590>				<https://panlex.org/snapshot/panlex-20191001-csv/5947#84689601>		"aiza"@mg	
"ໂປແລັນ"@lo	<https://panlex.org/snapshot/panlex-20191001-csv/5947#84607776>				<https://panlex.org/snapshot/panlex-20191001-csv/5947#84607790>		"Polonia"@mg	
"ເດືອນສອງ"@lo	<https://panlex.org/snapshot/panlex-20191001-csv/5947#84742928>				<https://panlex.org/snapshot/panlex-20191001-csv/5947#84742954>		"febroary"@mg	
"ແບນຊິກ"@lo	<https://panlex.org/snapshot/panlex-20191001-csv/5947#84584449>				<https://panlex.org/snapshot/panlex-20191001-csv/5947#84584466>		"Belzika"@mg	
"ເດື່ອນກຸມພາ"@lo	<https://panlex.org/snapshot/panlex-20191001-csv/5939#80811265>				<https://panlex.org/snapshot/panlex-20191001-csv/5939#80811278>		"febroary"@mg	
"pathét Yialaman"@lo	<https://panlex.org/snapshot/panlex-20191001-csv/5939#80782734>				<https://panlex.org/snapshot/panlex-20191001-csv/5939#80782748>		"Jarumanu Vilay"@mg	
"pathét Yialaman"@lo	<https://panlex.org/snapshot/panlex-20191001-csv/5939#80782734>				<https://panlex.org/snapshot/panlex-20191001-csv/5939#80782747>		"Allemana"@mg	
"pathét-falang"@lo	<https://panlex.org/snapshot/panlex-20191001-csv/5939#80821035>				<https://panlex.org/snapshot/panlex-20191001-csv/5939#80821043>		"Frantsa"@mg	
"ā sī"@lo	<https://panlex.org/snapshot/panlex-20191001-csv/5939#80729965>				<https://panlex.org/snapshot/panlex-20191001-csv/5939#80729974>		"Azia"@mg	
"koumpha"@lo	<https://panlex.org/snapshot/panlex-20191001-csv/5939#80811266>				<https://panlex.org/snapshot/panlex-20191001-csv/5939#80811278>		"febroary"@mg	
"ຮົ່ມເງົາ"@lo	<https://panlex.org/snapshot/panlex-20191001-csv/5946#84447062>				<https://panlex.org/snapshot/panlex-20191001-csv/5946#84447069>		"àloka"@mg	
"ເງົາ"@lo	<https://panlex.org/snapshot/panlex-20191001-csv/5946#84447063>				<https://panlex.org/snapshot/panlex-20191001-csv/5946#84447069>		"àloka"@mg	
"ແວ່ນ"@lo	<https://panlex.org/snapshot/panlex-20191001-csv/5946#84446239>				<https://panlex.org/snapshot/panlex-20191001-csv/5946#84446258>		"fitaratra"@mg	
"ກະຈົກ"@lo	<https://panlex.org/snapshot/panlex-20191001-csv/5946#84446238>				<https://panlex.org/snapshot/panlex-20191001-csv/5946#84446258>		"fitaratra"@mg	
"ຮົ່ມ"@lo	<https://panlex.org/snapshot/panlex-20191001-csv/5946#84447064>				<https://panlex.org/snapshot/panlex-20191001-csv/5946#84447069>		"àloka"@mg	
"ເອີລົບ"@lo	<https://panlex.org/snapshot/panlex-20191001-csv/5949#85308578>				<https://panlex.org/snapshot/panlex-20191001-csv/5949#85308591>		"Eoropa"@mg	
"ສິງຫາ"@lo	<https://panlex.org/snapshot/panlex-20191001-csv/5949#85329411>				<https://panlex.org/snapshot/panlex-20191001-csv/5949#85329435>		"aogositra"@mg	
"ລັດເຊັຽ"@lo	<https://panlex.org/snapshot/panlex-20191001-csv/5949#85319519>				<https://panlex.org/snapshot/panlex-20191001-csv/5949#85319537>		"Rosia"@mg	
"ປະເທດຝະລັ່ງ"@lo	<https://panlex.org/snapshot/panlex-20191001-csv/5949#85323611>				<https://panlex.org/snapshot/panlex-20191001-csv/5949#85323627>		"Frantsa"@mg	
"ອົດສະຕາລີ"@lo	<https://panlex.org/snapshot/panlex-20191001-csv/5949#85298169>				<https://panlex.org/snapshot/panlex-20191001-csv/5949#85298183>		"Aostralia"@mg	
"ພະຄຳພີ"@lo	<https://panlex.org/snapshot/panlex-20191001-csv/5949#85302726>				<https://panlex.org/snapshot/panlex-20191001-csv/5949#85302738>		"Baiboly"@mg	
"ລົດ"@lo	<https://panlex.org/snapshot/panlex-20191001-csv/5949#85330532>				<https://panlex.org/snapshot/panlex-20191001-csv/5949#85330540>		"fiara fitaterana"@mg	
"ປະເທດລັດເຊັຽ"@lo	<https://panlex.org/snapshot/panlex-20191001-csv/5949#85319520>				<https://panlex.org/snapshot/panlex-20191001-csv/5949#85319537>		"Rosia"@mg	
"ເດືອນແປດ"@lo	<https://panlex.org/snapshot/panlex-20191001-csv/5949#85329410>				<https://panlex.org/snapshot/panlex-20191001-csv/5949#85329435>		"aogositra"@mg	
"ປະເທດອົດສະຕາລີ"@lo	<https://panlex.org/snapshot/panlex-20191001-csv/5949#85298170>				<https://panlex.org/snapshot/panlex-20191001-csv/5949#85298183>		"Aostralia"@mg	
"ພະເຍຊູ"@lo	<https://panlex.org/snapshot/panlex-20191001-csv/5943#83289560>				<https://panlex.org/snapshot/panlex-20191001-csv/5943#83289567>		"Jesoa"@mg	
"ປັດຊະຍາ"@lo	<https://panlex.org/snapshot/panlex-20191001-csv/2904#111023920>				<https://panlex.org/snapshot/panlex-20191001-csv/2904#111023884>		"filozofy"@mg	
"ພູມສາດ"@lo	<https://panlex.org/snapshot/panlex-20191001-csv/2904#111022732>				<https://panlex.org/snapshot/panlex-20191001-csv/2904#111022758>		"jeografia"@mg	
"ມະຫາວິທະຍາໄລ"@lo	<https://panlex.org/snapshot/panlex-20191001-csv/2904#111024520>				<https://panlex.org/snapshot/panlex-20191001-csv/2904#111024436>		"oniversite"@mg	
"ຄະນິດສາດ"@lo	<https://panlex.org/snapshot/panlex-20191001-csv/2904#111023369>				<https://panlex.org/snapshot/panlex-20191001-csv/2904#111023493>		"kajy"@mg	
"ຂົ້ວໂລກໃຕ້"@lo	<https://panlex.org/snapshot/panlex-20191001-csv/2910#110855566>				<https://panlex.org/snapshot/panlex-20191001-csv/2910#110855597>		"Tendrontany Atsimo"@mg	
"ເສັ້ນສູນສຸດ"@lo	<https://panlex.org/snapshot/panlex-20191001-csv/2910#110855045>				<https://panlex.org/snapshot/panlex-20191001-csv/2910#110855186>		"Fehibe"@mg	
"ເສັ້ນສູນສຸດ"@lo	<https://panlex.org/snapshot/panlex-20191001-csv/2910#110855045>				<https://panlex.org/snapshot/panlex-20191001-csv/2910#110855046>		"Ekoatera"@mg	
"ຂົ້ວໂລກເໜືອ"@lo	<https://panlex.org/snapshot/panlex-20191001-csv/2910#110854591>				<https://panlex.org/snapshot/panlex-20191001-csv/2910#110854575>		"Tendrontany Avaratra"@mg	
"ສມຕິພາປ"@lo	<https://panlex.org/snapshot/panlex-20191001-csv/2902#111012147>				<https://panlex.org/snapshot/panlex-20191001-csv/2902#111012213>		"fiadanana"@mg	
"ທະເລແດງ"@lo	<https://panlex.org/snapshot/panlex-20191001-csv/2905#110870911>				<https://panlex.org/snapshot/panlex-20191001-csv/2905#110870993>		"Ranomasina Mena"@mg	
"ທະເລຂາວ"@lo	<https://panlex.org/snapshot/panlex-20191001-csv/2905#110871333>				<https://panlex.org/snapshot/panlex-20191001-csv/2905#110871411>		"Ranomasina Fotsy"@mg	
"ທະເລເມດີແຕຣາເນ"@lo	<https://panlex.org/snapshot/panlex-20191001-csv/2905#110870400>				<https://panlex.org/snapshot/panlex-20191001-csv/2905#110870421>		"Ranomasina Mediteranea"@mg	
"ທະເລເຫນືອ"@lo	<https://panlex.org/snapshot/panlex-20191001-csv/2905#110870657>				<https://panlex.org/snapshot/panlex-20191001-csv/2905#110870555>		"Ranomasina Avaratra"@mg	
"ທະເລດຳ"@lo	<https://panlex.org/snapshot/panlex-20191001-csv/2905#110869045>				<https://panlex.org/snapshot/panlex-20191001-csv/2905#110869087>		"Ranomasina Mainty"@mg	
"ມະຫາສະໝຸດອິນເດັຽ"@lo	<https://panlex.org/snapshot/panlex-20191001-csv/2901#110867771>				<https://panlex.org/snapshot/panlex-20191001-csv/2901#110867646>		"Ranomasimbe Indiana"@mg	
"ມະຫາສະໝຸດອັດລັງຕິກ"@lo	<https://panlex.org/snapshot/panlex-20191001-csv/2901#110867601>				<https://panlex.org/snapshot/panlex-20191001-csv/2901#110867514>		"Ranomasimbe Atlantika"@mg	
"ມະຫາສະໝຸດປາຊີຟິກ"@lo	<https://panlex.org/snapshot/panlex-20191001-csv/2901#110867943>				<https://panlex.org/snapshot/panlex-20191001-csv/2901#110867889>		"Ranomasimbe Pasifika"@mg	
"ໄດ້ຍິນ"@lo	<https://panlex.org/snapshot/panlex-20191001-csv/3776#91673955>				<https://panlex.org/snapshot/panlex-20191001-csv/3776#91673963>		"mihaino"@mg	
"ຄຳຖາມ"@lo	<https://panlex.org/snapshot/panlex-20191001-csv/3776#91591617>				<https://panlex.org/snapshot/panlex-20191001-csv/3776#91591624>		"fanontaniana"@mg	
"ແປດ"@lo	<https://panlex.org/snapshot/panlex-20191001-csv/3776#91702856>				<https://panlex.org/snapshot/panlex-20191001-csv/3776#91702871>		"valo"@mg	
"ຊ້າງ"@lo	<https://panlex.org/snapshot/panlex-20191001-csv/3776#91659368>				<https://panlex.org/snapshot/panlex-20191001-csv/3776#91659376>		"elefanta"@mg	
"ໜ້າຜາກ"@lo	<https://panlex.org/snapshot/panlex-20191001-csv/3776#91734431>				<https://panlex.org/snapshot/panlex-20191001-csv/3776#91734439>		"handriny"@mg	
"ໝາກສະຕໍເບີຣີ"@lo	<https://panlex.org/snapshot/panlex-20191001-csv/3776#91736249>				<https://panlex.org/snapshot/panlex-20191001-csv/3776#91736260>		"frezy"@mg	
"ທີ່ຢູ່"@lo	<https://panlex.org/snapshot/panlex-20191001-csv/3776#91692896>				<https://panlex.org/snapshot/panlex-20191001-csv/3776#91692900>		"ladiresy"@mg	
"ເງົາ"@lo	<https://panlex.org/snapshot/panlex-20191001-csv/3776#91672147>				<https://panlex.org/snapshot/panlex-20191001-csv/3776#91672153>		"àloka"@mg	
"ອາຊີ"@lo	<https://panlex.org/snapshot/panlex-20191001-csv/3776#91577786>				<https://panlex.org/snapshot/panlex-20191001-csv/3776#91577798>		"Azia"@mg	
"ດອກໄມ້"@lo	<https://panlex.org/snapshot/panlex-20191001-csv/3776#91601236>				<https://panlex.org/snapshot/panlex-20191001-csv/3776#91601253>		"voninkazo"@mg	
"ແປ້ງ"@lo	<https://panlex.org/snapshot/panlex-20191001-csv/3776#91601366>				<https://panlex.org/snapshot/panlex-20191001-csv/3776#91601372>		"koba"@mg	
"ສູນ"@lo	<https://panlex.org/snapshot/panlex-20191001-csv/3776#91659921>				<https://panlex.org/snapshot/panlex-20191001-csv/3776#91659929>		"aotra"@mg	
"ທຳງານ"@lo	<https://panlex.org/snapshot/panlex-20191001-csv/3776#91611007>				<https://panlex.org/snapshot/panlex-20191001-csv/3776#91611012>		"miasa"@mg	
"ຕອບ"@lo	<https://panlex.org/snapshot/panlex-20191001-csv/3776#91657782>				<https://panlex.org/snapshot/panlex-20191001-csv/3776#91657788>		"mamaly"@mg	
"ກຸມພາ"@lo	<https://panlex.org/snapshot/panlex-20191001-csv/3776#91701497>				<https://panlex.org/snapshot/panlex-20191001-csv/3776#91701515>		"febroary"@mg	
"ສະຫະປະຊາຊາດ"@lo	<https://panlex.org/snapshot/panlex-20191001-csv/2894#111102109>				<https://panlex.org/snapshot/panlex-20191001-csv/2894#111102094>		"Firenena Mikambana"@mg	
"ສະຫະປະຊາຊາດ"@lo	<https://panlex.org/snapshot/panlex-20191001-csv/2894#111102109>				<https://panlex.org/snapshot/panlex-20191001-csv/2894#111102097>		"ONU"@mg	
"ວັນ ພະຫັດ"@lo	<https://panlex.org/snapshot/panlex-20191001-csv/2892#110825391>				<https://panlex.org/snapshot/panlex-20191001-csv/2892#110825361>		"alakamisy"@mg	
"ວັນອັງຄານ"@lo	<https://panlex.org/snapshot/panlex-20191001-csv/2892#110824747>				<https://panlex.org/snapshot/panlex-20191001-csv/2892#110824664>		"talata"@mg	
"ວັນອາທິດ"@lo	<https://panlex.org/snapshot/panlex-20191001-csv/2892#110826780>				<https://panlex.org/snapshot/panlex-20191001-csv/2892#110826861>		"alahady"@mg	
"ວັນເສົາ"@lo	<https://panlex.org/snapshot/panlex-20191001-csv/2892#110826452>				<https://panlex.org/snapshot/panlex-20191001-csv/2892#110826211>		"asabotsy"@mg	
"ວັນພຸດ"@lo	<https://panlex.org/snapshot/panlex-20191001-csv/2892#110825075>				<https://panlex.org/snapshot/panlex-20191001-csv/2892#110825130>		"alarobia"@mg	
"ວັນຈັນ"@lo	<https://panlex.org/snapshot/panlex-20191001-csv/2892#110824325>				<https://panlex.org/snapshot/panlex-20191001-csv/2892#110824047>		"alatsinainy"@mg	
"ວັນສຸກ"@lo	<https://panlex.org/snapshot/panlex-20191001-csv/2892#110825937>				<https://panlex.org/snapshot/panlex-20191001-csv/2892#110825936>		"zoma"@mg	
"ມິຖຸນາ"@lo	<https://panlex.org/snapshot/panlex-20191001-csv/2898#110833224>				<https://panlex.org/snapshot/panlex-20191001-csv/2898#110833233>		"adizaoza"@mg	
"ມັງກອນ"@lo	<https://panlex.org/snapshot/panlex-20191001-csv/2898#110833403>				<https://panlex.org/snapshot/panlex-20191001-csv/2898#110833413>		"adijady"@mg	
"ພະຈິກ"@lo	<https://panlex.org/snapshot/panlex-20191001-csv/2898#110833355>				<https://panlex.org/snapshot/panlex-20191001-csv/2898#110833361>		"alakarabo"@mg	
"ສິງຫາ"@lo	<https://panlex.org/snapshot/panlex-20191001-csv/2898#110833295>				<https://panlex.org/snapshot/panlex-20191001-csv/2898#110833279>		"alahasaty"@mg	
"ກຸມພາ"@lo	<https://panlex.org/snapshot/panlex-20191001-csv/2898#110833428>				<https://panlex.org/snapshot/panlex-20191001-csv/2898#110833432>		"adalo"@mg	
"ກັນຍາ"@lo	<https://panlex.org/snapshot/panlex-20191001-csv/2898#110833314>				<https://panlex.org/snapshot/panlex-20191001-csv/2898#110833312>		"asombola"@mg	
"ເມສາ"@lo	<https://panlex.org/snapshot/panlex-20191001-csv/2898#110833188>				<https://panlex.org/snapshot/panlex-20191001-csv/2898#110833172>		"alahamady"@mg	
"ພຶດສະພາ"@lo	<https://panlex.org/snapshot/panlex-20191001-csv/2898#110833221>				<https://panlex.org/snapshot/panlex-20191001-csv/2898#110833222>		"adaoro"@mg	
"ມີນາ"@lo	<https://panlex.org/snapshot/panlex-20191001-csv/2898#110833463>				<https://panlex.org/snapshot/panlex-20191001-csv/2898#110833470>		"alohotsy"@mg	
"ກໍລະກົດ"@lo	<https://panlex.org/snapshot/panlex-20191001-csv/2898#110833249>				<https://panlex.org/snapshot/panlex-20191001-csv/2898#110833271>		"asorotany"@mg	
"ທັນວາ"@lo	<https://panlex.org/snapshot/panlex-20191001-csv/2898#110833381>				<https://panlex.org/snapshot/panlex-20191001-csv/2898#110833399>		"alakaosy"@mg	
"ຕຸລາ"@lo	<https://panlex.org/snapshot/panlex-20191001-csv/2898#110833344>				<https://panlex.org/snapshot/panlex-20191001-csv/2898#110833349>		"adimizana"@mg	
"ທັນວາ"@lo	<https://panlex.org/snapshot/panlex-20191001-csv/2897#110831807>				<https://panlex.org/snapshot/panlex-20191001-csv/2897#110831558>		"desambra"@mg	
"ມີນາ"@lo	<https://panlex.org/snapshot/panlex-20191001-csv/2897#110828019>				<https://panlex.org/snapshot/panlex-20191001-csv/2897#110827957>		"martsa"@mg	
"ເດືອນຫ້າ"@lo	<https://panlex.org/snapshot/panlex-20191001-csv/2897#110828712>				<https://panlex.org/snapshot/panlex-20191001-csv/2897#110828686>		"mey"@mg	
"ພະຈິກ"@lo	<https://panlex.org/snapshot/panlex-20191001-csv/2897#110831210>				<https://panlex.org/snapshot/panlex-20191001-csv/2897#110831472>		"nôvambra"@mg	
"ມັງກອນ"@lo	<https://panlex.org/snapshot/panlex-20191001-csv/2897#110827302>				<https://panlex.org/snapshot/panlex-20191001-csv/2897#110827295>		"janoary"@mg	
"ເດືອນ ໜຶ່ງ"@lo	<https://panlex.org/snapshot/panlex-20191001-csv/2897#110827134>				<https://panlex.org/snapshot/panlex-20191001-csv/2897#110827295>		"janoary"@mg	
"ຕຸລາ"@lo	<https://panlex.org/snapshot/panlex-20191001-csv/2897#110830892>				<https://panlex.org/snapshot/panlex-20191001-csv/2897#110830877>		"ôktôbra"@mg	
"ເດືອນແປດ"@lo	<https://panlex.org/snapshot/panlex-20191001-csv/2897#110830223>				<https://panlex.org/snapshot/panlex-20191001-csv/2897#110830194>		"aogositra"@mg	
"ເດືອນເຈັດ"@lo	<https://panlex.org/snapshot/panlex-20191001-csv/2897#110829586>				<https://panlex.org/snapshot/panlex-20191001-csv/2897#110829593>		"jolay"@mg	
"ເມສາ"@lo	<https://panlex.org/snapshot/panlex-20191001-csv/2897#110828425>				<https://panlex.org/snapshot/panlex-20191001-csv/2897#110828503>		"aprily"@mg	
"ເດືອນສອງ"@lo	<https://panlex.org/snapshot/panlex-20191001-csv/2897#110827470>				<https://panlex.org/snapshot/panlex-20191001-csv/2897#110827561>		"febroary"@mg	
"ກໍລະກົດ"@lo	<https://panlex.org/snapshot/panlex-20191001-csv/2897#110829852>				<https://panlex.org/snapshot/panlex-20191001-csv/2897#110829593>		"jolay"@mg	
"ມິຖຸນາ"@lo	<https://panlex.org/snapshot/panlex-20191001-csv/2897#110829128>				<https://panlex.org/snapshot/panlex-20191001-csv/2897#110829114>		"jiona"@mg	
"ສິງຫາ"@lo	<https://panlex.org/snapshot/panlex-20191001-csv/2897#110830232>				<https://panlex.org/snapshot/panlex-20191001-csv/2897#110830194>		"aogositra"@mg	
"ເດືອນ ເກົ້າ"@lo	<https://panlex.org/snapshot/panlex-20191001-csv/2897#110830619>				<https://panlex.org/snapshot/panlex-20191001-csv/2897#110830674>		"septambra"@mg	
"ເດືອນ ສິບເອັດ"@lo	<https://panlex.org/snapshot/panlex-20191001-csv/2897#110831475>				<https://panlex.org/snapshot/panlex-20191001-csv/2897#110831472>		"nôvambra"@mg	
"ເດືອນສີ່"@lo	<https://panlex.org/snapshot/panlex-20191001-csv/2897#110828466>				<https://panlex.org/snapshot/panlex-20191001-csv/2897#110828503>		"aprily"@mg	
"ເດືອນສິບສອງ"@lo	<https://panlex.org/snapshot/panlex-20191001-csv/2897#110831677>				<https://panlex.org/snapshot/panlex-20191001-csv/2897#110831558>		"desambra"@mg	
"ເດືອນ ຫົກ"@lo	<https://panlex.org/snapshot/panlex-20191001-csv/2897#110829159>				<https://panlex.org/snapshot/panlex-20191001-csv/2897#110829114>		"jiona"@mg	
"ເດືອນສາມ"@lo	<https://panlex.org/snapshot/panlex-20191001-csv/2897#110828188>				<https://panlex.org/snapshot/panlex-20191001-csv/2897#110827957>		"martsa"@mg	
"ກັນຍາ"@lo	<https://panlex.org/snapshot/panlex-20191001-csv/2897#110830444>				<https://panlex.org/snapshot/panlex-20191001-csv/2897#110830674>		"septambra"@mg	
"ພຶດສະພາ"@lo	<https://panlex.org/snapshot/panlex-20191001-csv/2897#110828821>				<https://panlex.org/snapshot/panlex-20191001-csv/2897#110828686>		"mey"@mg	
"ເດືອນສິບ"@lo	<https://panlex.org/snapshot/panlex-20191001-csv/2897#110830766>				<https://panlex.org/snapshot/panlex-20191001-csv/2897#110830877>		"ôktôbra"@mg	
"ກຸມພາ"@lo	<https://panlex.org/snapshot/panlex-20191001-csv/2897#110827510>				<https://panlex.org/snapshot/panlex-20191001-csv/2897#110827561>		"febroary"@mg	
"ອາຊີ"@lo	<https://panlex.org/snapshot/panlex-20191001-csv/2891#110853785>				<https://panlex.org/snapshot/panlex-20191001-csv/2891#110853801>		"Azia"@mg	
"ເອີລົບ"@lo	<https://panlex.org/snapshot/panlex-20191001-csv/2891#110854228>				<https://panlex.org/snapshot/panlex-20191001-csv/2891#110854037>		"Eorôpa"@mg	
"ອາເມລິກາ"@lo	<https://panlex.org/snapshot/panlex-20191001-csv/2891#110853290>				<https://panlex.org/snapshot/panlex-20191001-csv/2891#110853459>		"Amerika"@mg	
"ອາຟຣິກກາ"@lo	<https://panlex.org/snapshot/panlex-20191001-csv/2891#110853157>				<https://panlex.org/snapshot/panlex-20191001-csv/2891#110853185>		"Afrika"@mg	
"ອະເມລິກາ"@lo	<https://panlex.org/snapshot/panlex-20191001-csv/2891#110853270>				<https://panlex.org/snapshot/panlex-20191001-csv/2891#110853459>		"Amerika"@mg	
"ທະວີບຂົ້ວໂລກໃຕ້"@lo	<https://panlex.org/snapshot/panlex-20191001-csv/2891#110853728>				<https://panlex.org/snapshot/panlex-20191001-csv/2891#110853547>		"Antartika"@mg	
"ໂອເຊອານີ"@lo	<https://panlex.org/snapshot/panlex-20191001-csv/2891#110854466>				<https://panlex.org/snapshot/panlex-20191001-csv/2891#110854426>		"Ôseania"@mg	
"ອາເມຣິກາ"@lo	<https://panlex.org/snapshot/panlex-20191001-csv/2891#110853282>				<https://panlex.org/snapshot/panlex-20191001-csv/2891#110853459>		"Amerika"@mg	
