"Malawi"@sn	<https://panlex.org/snapshot/panlex-20191001-csv/6898#113583899>				<https://panlex.org/snapshot/panlex-20191001-csv/6898#113583941>		"Malaawi"@fuc	
"Sri Lanka"@sn	<https://panlex.org/snapshot/panlex-20191001-csv/6898#113609247>				<https://panlex.org/snapshot/panlex-20191001-csv/6898#113609419>		"Siri Lanka"@fuc	
"Ghana"@sn	<https://panlex.org/snapshot/panlex-20191001-csv/6898#113645528>				<https://panlex.org/snapshot/panlex-20191001-csv/6898#113645614>		"Ganaa"@fuc	
"Kyrgyzstan"@sn	<https://panlex.org/snapshot/panlex-20191001-csv/6898#113627319>				<https://panlex.org/snapshot/panlex-20191001-csv/6898#113627289>		"Kirgistaan"@fuc	
"Armenia"@sn	<https://panlex.org/snapshot/panlex-20191001-csv/6898#113596635>				<https://panlex.org/snapshot/panlex-20191001-csv/6898#113596588>		"Armenii"@fuc	
"Saint Kitts and Nevis"@sn	<https://panlex.org/snapshot/panlex-20191001-csv/6898#113634355>				<https://panlex.org/snapshot/panlex-20191001-csv/6898#113634334>		"Sent Kits e Newis"@fuc	
"Lebanon"@sn	<https://panlex.org/snapshot/panlex-20191001-csv/6898#113585417>				<https://panlex.org/snapshot/panlex-20191001-csv/6898#113585393>		"Libaa"@fuc	
"Oman"@sn	<https://panlex.org/snapshot/panlex-20191001-csv/6898#113622497>				<https://panlex.org/snapshot/panlex-20191001-csv/6898#113622643>		"Omaan"@fuc	
"Jordan"@sn	<https://panlex.org/snapshot/panlex-20191001-csv/6898#113611562>				<https://panlex.org/snapshot/panlex-20191001-csv/6898#113611679>		"Jordani"@fuc	
"Kambodia"@sn	<https://panlex.org/snapshot/panlex-20191001-csv/6898#113591840>				<https://panlex.org/snapshot/panlex-20191001-csv/6898#113591762>		"Kambodso"@fuc	
"Russia"@sn	<https://panlex.org/snapshot/panlex-20191001-csv/6898#113645966>				<https://panlex.org/snapshot/panlex-20191001-csv/6898#113645860>		"Riisii"@fuc	
"Uzbekistan"@sn	<https://panlex.org/snapshot/panlex-20191001-csv/6898#113637198>				<https://panlex.org/snapshot/panlex-20191001-csv/6898#113637164>		"Usbekistaan"@fuc	
"New Zealand"@sn	<https://panlex.org/snapshot/panlex-20191001-csv/6898#113587274>				<https://panlex.org/snapshot/panlex-20191001-csv/6898#113587289>		"Nuwel Selannda"@fuc	
"Equatorial Guinea"@sn	<https://panlex.org/snapshot/panlex-20191001-csv/6898#113633889>				<https://panlex.org/snapshot/panlex-20191001-csv/6898#113633888>		"Ginee Ekuwaatoriyaal"@fuc	
"French Polynesia"@sn	<https://panlex.org/snapshot/panlex-20191001-csv/6898#113621152>				<https://panlex.org/snapshot/panlex-20191001-csv/6898#113621203>		"Polinesii Farayse"@fuc	
"Izuraeri"@sn	<https://panlex.org/snapshot/panlex-20191001-csv/6898#113615373>				<https://panlex.org/snapshot/panlex-20191001-csv/6898#113615460>		"Israa’iila"@fuc	
"Kolombia"@sn	<https://panlex.org/snapshot/panlex-20191001-csv/6898#113620786>				<https://panlex.org/snapshot/panlex-20191001-csv/6898#113620750>		"Kolombiya"@fuc	
"São Tomé and Príncipe"@sn	<https://panlex.org/snapshot/panlex-20191001-csv/6898#113622892>				<https://panlex.org/snapshot/panlex-20191001-csv/6898#113622902>		"Sawo Tome e Perensipe"@fuc	
"Honduras"@sn	<https://panlex.org/snapshot/panlex-20191001-csv/6898#113597101>				<https://panlex.org/snapshot/panlex-20191001-csv/6898#113597097>		"Onnduraas"@fuc	
"Bermuda"@sn	<https://panlex.org/snapshot/panlex-20191001-csv/6898#113607418>				<https://panlex.org/snapshot/panlex-20191001-csv/6898#113607377>		"Bermudaa"@fuc	
"Rwanda"@sn	<https://panlex.org/snapshot/panlex-20191001-csv/6898#113625521>				<https://panlex.org/snapshot/panlex-20191001-csv/6898#113625410>		"Ruwanndaa"@fuc	
"Gambia"@sn	<https://panlex.org/snapshot/panlex-20191001-csv/6898#113631274>				<https://panlex.org/snapshot/panlex-20191001-csv/6898#113631383>		"Gammbi"@fuc	
"Denmark"@sn	<https://panlex.org/snapshot/panlex-20191001-csv/6898#113629439>				<https://panlex.org/snapshot/panlex-20191001-csv/6898#113629516>		"Danmark"@fuc	
"Paraguay"@sn	<https://panlex.org/snapshot/panlex-20191001-csv/6898#113623825>				<https://panlex.org/snapshot/panlex-20191001-csv/6898#113623852>		"Paraguwaay"@fuc	
"Bahareni"@sn	<https://panlex.org/snapshot/panlex-20191001-csv/6898#113596040>				<https://panlex.org/snapshot/panlex-20191001-csv/6898#113596121>		"Bahreyn"@fuc	
"Komoro"@sn	<https://panlex.org/snapshot/panlex-20191001-csv/6898#113627104>				<https://panlex.org/snapshot/panlex-20191001-csv/6898#113626959>		"Komoor"@fuc	
"Switzerland"@sn	<https://panlex.org/snapshot/panlex-20191001-csv/6898#113612830>				<https://panlex.org/snapshot/panlex-20191001-csv/6898#113612922>		"Suwiis"@fuc	
"Aljeria"@sn	<https://panlex.org/snapshot/panlex-20191001-csv/6898#113608295>				<https://panlex.org/snapshot/panlex-20191001-csv/6898#113608183>		"Alaseri"@fuc	
"Philippines"@sn	<https://panlex.org/snapshot/panlex-20191001-csv/6898#113602610>				<https://panlex.org/snapshot/panlex-20191001-csv/6898#113602628>		"Filipiin"@fuc	
"Antigua ne Barbuda"@sn	<https://panlex.org/snapshot/panlex-20191001-csv/6898#113643722>				<https://panlex.org/snapshot/panlex-20191001-csv/6898#113643643>		"Antiguwaa e Barbudaa"@fuc	
"Tokelau"@sn	<https://panlex.org/snapshot/panlex-20191001-csv/6898#113615766>				<https://panlex.org/snapshot/panlex-20191001-csv/6898#113615861>		"Tokelaaw"@fuc	
"Spain"@sn	<https://panlex.org/snapshot/panlex-20191001-csv/6898#113594469>				<https://panlex.org/snapshot/panlex-20191001-csv/6898#113594528>		"Espaañ"@fuc	
"Madagascar"@sn	<https://panlex.org/snapshot/panlex-20191001-csv/6898#113589898>				<https://panlex.org/snapshot/panlex-20191001-csv/6898#113589945>		"Madagaskaar"@fuc	
"Jamaica"@sn	<https://panlex.org/snapshot/panlex-20191001-csv/6898#113593307>				<https://panlex.org/snapshot/panlex-20191001-csv/6898#113593375>		"Jamayka"@fuc	
"Ecuador"@sn	<https://panlex.org/snapshot/panlex-20191001-csv/6898#113610997>				<https://panlex.org/snapshot/panlex-20191001-csv/6898#113610960>		"Ekuwatoor"@fuc	
"Italy"@sn	<https://panlex.org/snapshot/panlex-20191001-csv/6898#113587963>				<https://panlex.org/snapshot/panlex-20191001-csv/6898#113587960>		"Itali"@fuc	
"Turkmenistan"@sn	<https://panlex.org/snapshot/panlex-20191001-csv/6898#113607796>				<https://panlex.org/snapshot/panlex-20191001-csv/6898#113607922>		"Turkmenistaan"@fuc	
"Trinidad and Tobago"@sn	<https://panlex.org/snapshot/panlex-20191001-csv/6898#113640109>				<https://panlex.org/snapshot/panlex-20191001-csv/6898#113640065>		"Tirnidaad e Tobaago"@fuc	
"Malta"@sn	<https://panlex.org/snapshot/panlex-20191001-csv/6898#113645085>				<https://panlex.org/snapshot/panlex-20191001-csv/6898#113645038>		"Malte"@fuc	
"Tajikistan"@sn	<https://panlex.org/snapshot/panlex-20191001-csv/6898#113590269>				<https://panlex.org/snapshot/panlex-20191001-csv/6898#113590145>		"Tajikistaan"@fuc	
"Sierra Leone"@sn	<https://panlex.org/snapshot/panlex-20191001-csv/6898#113637052>				<https://panlex.org/snapshot/panlex-20191001-csv/6898#113637101>		"Seraa liyon"@fuc	
"Dominica"@sn	<https://panlex.org/snapshot/panlex-20191001-csv/6898#113599868>				<https://panlex.org/snapshot/panlex-20191001-csv/6898#113599737>		"Dominika"@fuc	
"Maldives"@sn	<https://panlex.org/snapshot/panlex-20191001-csv/6898#113641846>				<https://panlex.org/snapshot/panlex-20191001-csv/6898#113641848>		"Maldiiwe"@fuc	
"Kongo"@sn	<https://panlex.org/snapshot/panlex-20191001-csv/6898#113599233>				<https://panlex.org/snapshot/panlex-20191001-csv/6898#113599234>		"Konngo"@fuc	
"Guam"@sn	<https://panlex.org/snapshot/panlex-20191001-csv/6898#113630815>				<https://panlex.org/snapshot/panlex-20191001-csv/6898#113630814>		"Guwam"@fuc	
"United Arab Emirates"@sn	<https://panlex.org/snapshot/panlex-20191001-csv/6898#113608782>				<https://panlex.org/snapshot/panlex-20191001-csv/6898#113608783>		"Emiraat Araab Denntuɗe"@fuc	
"mvura"@sn	<https://panlex.org/snapshot/panlex-20191001-csv/12#851153>				<https://panlex.org/snapshot/panlex-20191001-csv/12#850919>		"ndiyam"@fuc	
