"Hondo yePasirose yeChipiri"@sn	<https://panlex.org/snapshot/panlex-20191001-csv/6709#111077545>				<https://panlex.org/snapshot/panlex-20191001-csv/6709#111077676>		"Ady Lehibe Faharoa"@mg	
"Hondo yePasirose yeChiposhi"@sn	<https://panlex.org/snapshot/panlex-20191001-csv/6709#111077331>				<https://panlex.org/snapshot/panlex-20191001-csv/6709#111077481>		"Ady Lehibe Voalohany"@mg	
"mwoyo"@sn	<https://panlex.org/snapshot/panlex-20191001-csv/5950#85876431>				<https://panlex.org/snapshot/panlex-20191001-csv/5950#85876410>		"fo"@mg	
"domasi"@sn	<https://panlex.org/snapshot/panlex-20191001-csv/5950#85867957>				<https://panlex.org/snapshot/panlex-20191001-csv/5950#85867939>		"voatabia"@mg	
"domasi"@sn	<https://panlex.org/snapshot/panlex-20191001-csv/5950#85867957>				<https://panlex.org/snapshot/panlex-20191001-csv/5950#85867938>		"voatabiha"@mg	
"bhepa nhau"@sn	<https://panlex.org/snapshot/panlex-20191001-csv/5950#85868945>				<https://panlex.org/snapshot/panlex-20191001-csv/5950#85868934>		"gazety"@mg	
"Muvhuro"@sn	<https://panlex.org/snapshot/panlex-20191001-csv/5947#84803571>				<https://panlex.org/snapshot/panlex-20191001-csv/5947#84803506>		"alatsinainy"@mg	
"Muvhuro"@sn	<https://panlex.org/snapshot/panlex-20191001-csv/5947#84803571>				<https://panlex.org/snapshot/panlex-20191001-csv/5947#84803507>		"tinainy"@mg	
"Muvhuro"@sn	<https://panlex.org/snapshot/panlex-20191001-csv/5947#84803571>				<https://panlex.org/snapshot/panlex-20191001-csv/5947#84803508>		"tinaine"@mg	
"mbatatisi"@sn	<https://panlex.org/snapshot/panlex-20191001-csv/5940#81350764>				<https://panlex.org/snapshot/panlex-20191001-csv/5940#81350743>		"ovy"@mg	
"apuro"@sn	<https://panlex.org/snapshot/panlex-20191001-csv/5939#80724088>				<https://panlex.org/snapshot/panlex-20191001-csv/5939#80724066>		"pôma"@mg	
"kubvumbi"@sn	<https://panlex.org/snapshot/panlex-20191001-csv/5939#80725388>				<https://panlex.org/snapshot/panlex-20191001-csv/5939#80725363>		"aprily"@mg	
"nyamavhuvhu"@sn	<https://panlex.org/snapshot/panlex-20191001-csv/5939#80734656>				<https://panlex.org/snapshot/panlex-20191001-csv/5939#80734627>		"agositra"@mg	
"Zvita"@sn	<https://panlex.org/snapshot/panlex-20191001-csv/5939#80782999>				<https://panlex.org/snapshot/panlex-20191001-csv/5939#80782979>		"desambra"@mg	
"Chipiri"@sn	<https://panlex.org/snapshot/panlex-20191001-csv/5939#80784069>				<https://panlex.org/snapshot/panlex-20191001-csv/5939#80784048>		"talata"@mg	
"chiringiro"@sn	<https://panlex.org/snapshot/panlex-20191001-csv/5946#84446308>				<https://panlex.org/snapshot/panlex-20191001-csv/5946#84446258>		"fitaratra"@mg	
"bhazi"@sn	<https://panlex.org/snapshot/panlex-20191001-csv/5949#85330568>				<https://panlex.org/snapshot/panlex-20191001-csv/5949#85330540>		"fiara fitaterana"@mg	
"Russia"@sn	<https://panlex.org/snapshot/panlex-20191001-csv/5949#85319591>				<https://panlex.org/snapshot/panlex-20191001-csv/5949#85319537>		"Rosia"@mg	
"Bhaibheri"@sn	<https://panlex.org/snapshot/panlex-20191001-csv/5949#85302782>				<https://panlex.org/snapshot/panlex-20191001-csv/5949#85302738>		"Baiboly"@mg	
"Europe"@sn	<https://panlex.org/snapshot/panlex-20191001-csv/5949#85308633>				<https://panlex.org/snapshot/panlex-20191001-csv/5949#85308591>		"Eoropa"@mg	
"Nyamavhuvhu"@sn	<https://panlex.org/snapshot/panlex-20191001-csv/5949#85329497>				<https://panlex.org/snapshot/panlex-20191001-csv/5949#85329435>		"aogositra"@mg	
"chiringiro"@sn	<https://panlex.org/snapshot/panlex-20191001-csv/5943#83394992>				<https://panlex.org/snapshot/panlex-20191001-csv/5943#83394977>		"fitaratra"@mg	
"gora"@sn	<https://panlex.org/snapshot/panlex-20191001-csv/5943#83399225>				<https://panlex.org/snapshot/panlex-20191001-csv/5943#83399208>		"rahona"@mg	
"runyaro"@sn	<https://panlex.org/snapshot/panlex-20191001-csv/2902#111012273>				<https://panlex.org/snapshot/panlex-20191001-csv/2902#111012213>		"fiadanana"@mg	
"dendemaro"@sn	<https://panlex.org/snapshot/panlex-20191001-csv/2902#111012139>				<https://panlex.org/snapshot/panlex-20191001-csv/2902#111012213>		"fiadanana"@mg	
"Muvhuro"@sn	<https://panlex.org/snapshot/panlex-20191001-csv/2892#110824196>				<https://panlex.org/snapshot/panlex-20191001-csv/2892#110824047>		"alatsinainy"@mg	
"Chishanu"@sn	<https://panlex.org/snapshot/panlex-20191001-csv/2892#110826028>				<https://panlex.org/snapshot/panlex-20191001-csv/2892#110825936>		"zoma"@mg	
"China"@sn	<https://panlex.org/snapshot/panlex-20191001-csv/2892#110825527>				<https://panlex.org/snapshot/panlex-20191001-csv/2892#110825361>		"alakamisy"@mg	
"Chipiri"@sn	<https://panlex.org/snapshot/panlex-20191001-csv/2892#110824569>				<https://panlex.org/snapshot/panlex-20191001-csv/2892#110824664>		"talata"@mg	
"Mugobera"@sn	<https://panlex.org/snapshot/panlex-20191001-csv/2892#110826486>				<https://panlex.org/snapshot/panlex-20191001-csv/2892#110826211>		"asabotsy"@mg	
"Mugovera"@sn	<https://panlex.org/snapshot/panlex-20191001-csv/2892#110826346>				<https://panlex.org/snapshot/panlex-20191001-csv/2892#110826211>		"asabotsy"@mg	
"Svondo"@sn	<https://panlex.org/snapshot/panlex-20191001-csv/2892#110827001>				<https://panlex.org/snapshot/panlex-20191001-csv/2892#110826861>		"alahady"@mg	
"Chitatu"@sn	<https://panlex.org/snapshot/panlex-20191001-csv/2892#110825162>				<https://panlex.org/snapshot/panlex-20191001-csv/2892#110825130>		"alarobia"@mg	
"Ndira"@sn	<https://panlex.org/snapshot/panlex-20191001-csv/2897#110827237>				<https://panlex.org/snapshot/panlex-20191001-csv/2897#110827295>		"janoary"@mg	
"Chivabvu"@sn	<https://panlex.org/snapshot/panlex-20191001-csv/2897#110828722>				<https://panlex.org/snapshot/panlex-20191001-csv/2897#110828686>		"mey"@mg	
"Kurume"@sn	<https://panlex.org/snapshot/panlex-20191001-csv/2897#110827873>				<https://panlex.org/snapshot/panlex-20191001-csv/2897#110827957>		"martsa"@mg	
"Gumiguru"@sn	<https://panlex.org/snapshot/panlex-20191001-csv/2897#110831011>				<https://panlex.org/snapshot/panlex-20191001-csv/2897#110830877>		"ôktôbra"@mg	
"Chikumi"@sn	<https://panlex.org/snapshot/panlex-20191001-csv/2897#110829127>				<https://panlex.org/snapshot/panlex-20191001-csv/2897#110829114>		"jiona"@mg	
"Nyamavhuvhu"@sn	<https://panlex.org/snapshot/panlex-20191001-csv/2897#110830197>				<https://panlex.org/snapshot/panlex-20191001-csv/2897#110830194>		"aogositra"@mg	
"Zvita"@sn	<https://panlex.org/snapshot/panlex-20191001-csv/2897#110831565>				<https://panlex.org/snapshot/panlex-20191001-csv/2897#110831558>		"desambra"@mg	
"Kubvumbi"@sn	<https://panlex.org/snapshot/panlex-20191001-csv/2897#110828653>				<https://panlex.org/snapshot/panlex-20191001-csv/2897#110828503>		"aprily"@mg	
"Mbudzi"@sn	<https://panlex.org/snapshot/panlex-20191001-csv/2897#110831414>				<https://panlex.org/snapshot/panlex-20191001-csv/2897#110831472>		"nôvambra"@mg	
"Kukadzi"@sn	<https://panlex.org/snapshot/panlex-20191001-csv/2897#110827644>				<https://panlex.org/snapshot/panlex-20191001-csv/2897#110827561>		"febroary"@mg	
"Chikunguru"@sn	<https://panlex.org/snapshot/panlex-20191001-csv/2897#110829547>				<https://panlex.org/snapshot/panlex-20191001-csv/2897#110829593>		"jolay"@mg	
"Gunyana"@sn	<https://panlex.org/snapshot/panlex-20191001-csv/2897#110830685>				<https://panlex.org/snapshot/panlex-20191001-csv/2897#110830674>		"septambra"@mg	
