"Haran Sara"@mjg	<https://panlex.org/snapshot/panlex-20191001-csv/2897#110830896>				<https://panlex.org/snapshot/panlex-20191001-csv/2897#110830893>		"Oktower"@pdc	
"Deeran Sara"@mjg	<https://panlex.org/snapshot/panlex-20191001-csv/2897#110828416>				<https://panlex.org/snapshot/panlex-20191001-csv/2897#110828278>		"Abril"@pdc	
"Xni Sara"@mjg	<https://panlex.org/snapshot/panlex-20191001-csv/2897#110827050>				<https://panlex.org/snapshot/panlex-20191001-csv/2897#110827182>		"Yenner"@pdc	
"Tawun Sara"@mjg	<https://panlex.org/snapshot/panlex-20191001-csv/2897#110828752>				<https://panlex.org/snapshot/panlex-20191001-csv/2897#110828904>		"Moi"@pdc	
"Duluun Sara"@mjg	<https://panlex.org/snapshot/panlex-20191001-csv/2897#110829563>				<https://panlex.org/snapshot/panlex-20191001-csv/2897#110829868>		"Tſchulei"@pdc	
"Duluun Sara"@mjg	<https://panlex.org/snapshot/panlex-20191001-csv/2897#110829563>				<https://panlex.org/snapshot/panlex-20191001-csv/2897#110829805>		"Tschulei"@pdc	
"Ghoori Sara"@mjg	<https://panlex.org/snapshot/panlex-20191001-csv/2897#110827553>				<https://panlex.org/snapshot/panlex-20191001-csv/2897#110827511>		"Hanning"@pdc	
"Niiman Sara"@mjg	<https://panlex.org/snapshot/panlex-20191001-csv/2897#110830085>				<https://panlex.org/snapshot/panlex-20191001-csv/2897#110830016>		"Auguscht"@pdc	
"Niiman Sara"@mjg	<https://panlex.org/snapshot/panlex-20191001-csv/2897#110830085>				<https://panlex.org/snapshot/panlex-20191001-csv/2897#110830018>		"Aagscht"@pdc	
"Niiman Sara"@mjg	<https://panlex.org/snapshot/panlex-20191001-csv/2897#110830085>				<https://panlex.org/snapshot/panlex-20191001-csv/2897#110830158>		"Aagſcht"@pdc	
"Niiman Sara"@mjg	<https://panlex.org/snapshot/panlex-20191001-csv/2897#110830085>				<https://panlex.org/snapshot/panlex-20191001-csv/2897#110830052>		"Auguſcht"@pdc	
"Haran-Ghoori Sara"@mjg	<https://panlex.org/snapshot/panlex-20191001-csv/2897#110831903>				<https://panlex.org/snapshot/panlex-20191001-csv/2897#110831767>		"Diſember"@pdc	
"Haran-Ghoori Sara"@mjg	<https://panlex.org/snapshot/panlex-20191001-csv/2897#110831903>				<https://panlex.org/snapshot/panlex-20191001-csv/2897#110831746>		"Disember"@pdc	
"Jirighun Sara"@mjg	<https://panlex.org/snapshot/panlex-20191001-csv/2897#110829245>				<https://panlex.org/snapshot/panlex-20191001-csv/2897#110829169>		"Tschuun"@pdc	
"Jirighun Sara"@mjg	<https://panlex.org/snapshot/panlex-20191001-csv/2897#110829245>				<https://panlex.org/snapshot/panlex-20191001-csv/2897#110829309>		"Tſchuun"@pdc	
"Haran-Nige Sara"@mjg	<https://panlex.org/snapshot/panlex-20191001-csv/2897#110831322>				<https://panlex.org/snapshot/panlex-20191001-csv/2897#110831465>		"Nowember"@pdc	
"Shzin Sara"@mjg	<https://panlex.org/snapshot/panlex-20191001-csv/2897#110830694>				<https://panlex.org/snapshot/panlex-20191001-csv/2897#110830320>		"September"@pdc	
"Ghuran Sara"@mjg	<https://panlex.org/snapshot/panlex-20191001-csv/2897#110828184>				<https://panlex.org/snapshot/panlex-20191001-csv/2897#110827898>		"Matz"@pdc	
