"ranu"@meu	<https://panlex.org/snapshot/panlex-20191001-csv/12#851041>				<https://panlex.org/snapshot/panlex-20191001-csv/12#850962>		"'e"@ilu	
"ranu"@meu	<https://panlex.org/snapshot/panlex-20191001-csv/12#851041>				<https://panlex.org/snapshot/panlex-20191001-csv/12#850963>		"ēr"@ilu	
"dala"@meu	<https://panlex.org/snapshot/panlex-20191001-csv/114#8054501>				<https://panlex.org/snapshot/panlex-20191001-csv/114#8054406>		"raʼlowa"@ilu	
"dala"@meu	<https://panlex.org/snapshot/panlex-20191001-csv/114#8054501>				<https://panlex.org/snapshot/panlex-20191001-csv/114#8054407>		"sala(n)"@ilu	
"rata"@meu	<https://panlex.org/snapshot/panlex-20191001-csv/114#8060584>				<https://panlex.org/snapshot/panlex-20191001-csv/114#8060462>		"ʼsusu"@ilu	
"rata"@meu	<https://panlex.org/snapshot/panlex-20191001-csv/114#8060584>				<https://panlex.org/snapshot/panlex-20191001-csv/114#8060461>		"susu"@ilu	
"ase"@meu	<https://panlex.org/snapshot/panlex-20191001-csv/114#8060039>				<https://panlex.org/snapshot/panlex-20191001-csv/114#8059936>		"ate(n)"@ilu	
"ase"@meu	<https://panlex.org/snapshot/panlex-20191001-csv/114#8060039>				<https://panlex.org/snapshot/panlex-20191001-csv/114#8059937>		"ʼateŋ"@ilu	
"lauri"@meu	<https://panlex.org/snapshot/panlex-20191001-csv/114#8052412>				<https://panlex.org/snapshot/panlex-20191001-csv/114#8052318>		"wiri"@ilu	
"diba"@meu	<https://panlex.org/snapshot/panlex-20191001-csv/114#8061631>				<https://panlex.org/snapshot/panlex-20191001-csv/114#8061513>		"naʼnau"@ilu	
"diba"@meu	<https://panlex.org/snapshot/panlex-20191001-csv/114#8061631>				<https://panlex.org/snapshot/panlex-20191001-csv/114#8061512>		"nau(n)"@ilu	
"nahu"@meu	<https://panlex.org/snapshot/panlex-20191001-csv/114#8056005>				<https://panlex.org/snapshot/panlex-20191001-csv/114#8055897>		"ʼnani"@ilu	
"nahu"@meu	<https://panlex.org/snapshot/panlex-20191001-csv/114#8056005>				<https://panlex.org/snapshot/panlex-20191001-csv/114#8055896>		"nani"@ilu	
