"ranu"@meu	<https://panlex.org/snapshot/panlex-20191001-csv/12#851041>				<https://panlex.org/snapshot/panlex-20191001-csv/12#851047>		"ráno"@plt	
"ranu"@meu	<https://panlex.org/snapshot/panlex-20191001-csv/12#851041>				<https://panlex.org/snapshot/panlex-20191001-csv/12#851048>		"siniben-drano"@plt	
"ranu"@meu	<https://panlex.org/snapshot/panlex-20191001-csv/12#851041>				<https://panlex.org/snapshot/panlex-20191001-csv/12#851046>		"rano"@plt	
"dala"@meu	<https://panlex.org/snapshot/panlex-20191001-csv/114#8054501>				<https://panlex.org/snapshot/panlex-20191001-csv/114#8054588>		"lálana"@plt	
"rata"@meu	<https://panlex.org/snapshot/panlex-20191001-csv/114#8060584>				<https://panlex.org/snapshot/panlex-20191001-csv/114#8060675>		"nóno"@plt	
"ase"@meu	<https://panlex.org/snapshot/panlex-20191001-csv/114#8060039>				<https://panlex.org/snapshot/panlex-20191001-csv/114#8060120>		"áty"@plt	
"lauri"@meu	<https://panlex.org/snapshot/panlex-20191001-csv/114#8052412>				<https://panlex.org/snapshot/panlex-20191001-csv/114#8052492>		"havía"@plt	
"diba"@meu	<https://panlex.org/snapshot/panlex-20191001-csv/114#8061631>				<https://panlex.org/snapshot/panlex-20191001-csv/114#8061724>		"maha-lála"@plt	
"nahu"@meu	<https://panlex.org/snapshot/panlex-20191001-csv/114#8056005>				<https://panlex.org/snapshot/panlex-20191001-csv/114#8056097>		"l-om-áno"@plt	
"nahu"@meu	<https://panlex.org/snapshot/panlex-20191001-csv/114#8056005>				<https://panlex.org/snapshot/panlex-20191001-csv/114#8056096>		"milomano"@plt	
"k|ahu"@meu	<https://panlex.org/snapshot/panlex-20191001-csv/114#8057006>				<https://panlex.org/snapshot/panlex-20191001-csv/114#8057088>		"vóvoka"@plt	
"ranu"@meu	<https://panlex.org/snapshot/panlex-20191001-csv/11#787644>				<https://panlex.org/snapshot/panlex-20191001-csv/11#787651>		"ráno"@plt	
"ranu"@meu	<https://panlex.org/snapshot/panlex-20191001-csv/11#787644>				<https://panlex.org/snapshot/panlex-20191001-csv/11#787650>		"rano"@plt	
"ranu"@meu	<https://panlex.org/snapshot/panlex-20191001-csv/11#787644>				<https://panlex.org/snapshot/panlex-20191001-csv/11#787652>		"siniben-drano"@plt	
