"ranu"@meu	<https://panlex.org/snapshot/panlex-20191001-csv/12#851041>				<https://panlex.org/snapshot/panlex-20191001-csv/12#851058>		"wewel"@mpx	
"dala"@meu	<https://panlex.org/snapshot/panlex-20191001-csv/114#8054501>				<https://panlex.org/snapshot/panlex-20191001-csv/114#8054521>		"kamwasa"@mpx	
"rata"@meu	<https://panlex.org/snapshot/panlex-20191001-csv/114#8060584>				<https://panlex.org/snapshot/panlex-20191001-csv/114#8060606>		"huli|na"@mpx	
"ase"@meu	<https://panlex.org/snapshot/panlex-20191001-csv/114#8060039>				<https://panlex.org/snapshot/panlex-20191001-csv/114#8060061>		"ate"@mpx	
"lauri"@meu	<https://panlex.org/snapshot/panlex-20191001-csv/114#8052412>				<https://panlex.org/snapshot/panlex-20191001-csv/114#8052432>		"gegeba|na"@mpx	
"diba"@meu	<https://panlex.org/snapshot/panlex-20191001-csv/114#8061631>				<https://panlex.org/snapshot/panlex-20191001-csv/114#8061654>		"i|ate|na"@mpx	
"nahu"@meu	<https://panlex.org/snapshot/panlex-20191001-csv/114#8056005>				<https://panlex.org/snapshot/panlex-20191001-csv/114#8056029>		"i|highig"@mpx	
"k|ahu"@meu	<https://panlex.org/snapshot/panlex-20191001-csv/114#8057006>				<https://panlex.org/snapshot/panlex-20191001-csv/114#8057024>		"papakoa"@mpx	
"ranu"@meu	<https://panlex.org/snapshot/panlex-20191001-csv/11#787644>				<https://panlex.org/snapshot/panlex-20191001-csv/11#787659>		"wewel"@mpx	
