"dalúm"@uun	<https://panlex.org/snapshot/panlex-20191001-csv/12#851228>				<https://panlex.org/snapshot/panlex-20191001-csv/12#851254>		"ralom"@xsy	
"darūm"@uun	<https://panlex.org/snapshot/panlex-20191001-csv/12#851229>				<https://panlex.org/snapshot/panlex-20191001-csv/12#851254>		"ralom"@xsy	
"dalom"@uun	<https://panlex.org/snapshot/panlex-20191001-csv/12#851227>				<https://panlex.org/snapshot/panlex-20191001-csv/12#851254>		"ralom"@xsy	
"ixiʔ"@uun	<https://panlex.org/snapshot/panlex-20191001-csv/114#8052619>				<https://panlex.org/snapshot/panlex-20191001-csv/114#8052647>		"kayʼiʔ"@xsy	
"lahar"@uun	<https://panlex.org/snapshot/panlex-20191001-csv/114#8067010>				<https://panlex.org/snapshot/panlex-20191001-csv/114#8067044>		"ŋabas"@xsy	
"yohama"@uun	<https://panlex.org/snapshot/panlex-20191001-csv/114#8068078>				<https://panlex.org/snapshot/panlex-20191001-csv/114#8068112>		"kähmaʔ"@xsy	
"rapái"@uun	<https://panlex.org/snapshot/panlex-20191001-csv/114#8057720>				<https://panlex.org/snapshot/panlex-20191001-csv/114#8057755>		"baŋəŝ"@xsy	
"rupun"@uun	<https://panlex.org/snapshot/panlex-20191001-csv/114#8067564>				<https://panlex.org/snapshot/panlex-20191001-csv/114#8067597>		"nəpən"@xsy	
"punúʔ"@uun	<https://panlex.org/snapshot/panlex-20191001-csv/114#8063902>				<https://panlex.org/snapshot/panlex-20191001-csv/114#8063935>		"taʔölöh"@xsy	
"tiʼán"@uun	<https://panlex.org/snapshot/panlex-20191001-csv/114#8058785>				<https://panlex.org/snapshot/panlex-20191001-csv/114#8058818>		"tiyäl"@xsy	
"lalaŋuíʔ"@uun	<https://panlex.org/snapshot/panlex-20191001-csv/114#8056235>				<https://panlex.org/snapshot/panlex-20191001-csv/114#8056268>		"lalaŋoy"@xsy	
"karáu"@uun	<https://panlex.org/snapshot/panlex-20191001-csv/114#8053635>				<https://panlex.org/snapshot/panlex-20191001-csv/114#8053668>		"ʔäʔäy"@xsy	
"mouding"@uun	<https://panlex.org/snapshot/panlex-20191001-csv/114#8065534>				<https://panlex.org/snapshot/panlex-20191001-csv/114#8065568>		"kaŋosəlan"@xsy	
"muba:żáʔ"@uun	<https://panlex.org/snapshot/panlex-20191001-csv/114#8061869>				<https://panlex.org/snapshot/panlex-20191001-csv/114#8061902>		"raʼam"@xsy	
"vukkus"@uun	<https://panlex.org/snapshot/panlex-20191001-csv/114#8064987>				<https://panlex.org/snapshot/panlex-20191001-csv/114#8065022>		"bokəŝ"@xsy	
"mużiŋ"@uun	<https://panlex.org/snapshot/panlex-20191001-csv/114#8065536>				<https://panlex.org/snapshot/panlex-20191001-csv/114#8065568>		"kaŋosəlan"@xsy	
"sa:sażə́k"@uun	<https://panlex.org/snapshot/panlex-20191001-csv/114#8066464>				<https://panlex.org/snapshot/panlex-20191001-csv/114#8066492>		"sazəkən"@xsy	
"mupu:żáh"@uun	<https://panlex.org/snapshot/panlex-20191001-csv/114#8055222>				<https://panlex.org/snapshot/panlex-20191001-csv/114#8055253>		"moway"@xsy	
