"velembase"@tnx	<https://panlex.org/snapshot/panlex-20191001-csv/114#8064963>				<https://panlex.org/snapshot/panlex-20191001-csv/114#8064998>		"loge"@wew	
"amba"@tnx	<https://panlex.org/snapshot/panlex-20191001-csv/114#8063329>				<https://panlex.org/snapshot/panlex-20191001-csv/114#8063364>		"raʼa"@wew	
"mandira"@tnx	<https://panlex.org/snapshot/panlex-20191001-csv/114#8059271>				<https://panlex.org/snapshot/panlex-20191001-csv/114#8059305>		"rí"@wew	
"vatukura"@tnx	<https://panlex.org/snapshot/panlex-20191001-csv/114#8056729>				<https://panlex.org/snapshot/panlex-20191001-csv/114#8056758>		"mète-na"@wew	
"nora"@tnx	<https://panlex.org/snapshot/panlex-20191001-csv/114#8060808>				<https://panlex.org/snapshot/panlex-20191001-csv/114#8060850>		"zuzu"@wew	
"nene"@tnx	<https://panlex.org/snapshot/panlex-20191001-csv/114#8054698>				<https://panlex.org/snapshot/panlex-20191001-csv/114#8054730>		"lara"@wew	
"valambase"@tnx	<https://panlex.org/snapshot/panlex-20191001-csv/114#8063878>				<https://panlex.org/snapshot/panlex-20191001-csv/114#8063915>		"katowa"@wew	
