"velembase"@tnx	<https://panlex.org/snapshot/panlex-20191001-csv/114#8064963>				<https://panlex.org/snapshot/panlex-20191001-csv/114#8064632>		"bewek"@ify	
"velembase"@tnx	<https://panlex.org/snapshot/panlex-20191001-csv/114#8064963>				<https://panlex.org/snapshot/panlex-20191001-csv/114#8064633>		"bu:uq"@ify	
"amba"@tnx	<https://panlex.org/snapshot/panlex-20191001-csv/114#8063329>				<https://panlex.org/snapshot/panlex-20191001-csv/114#8063012>		"da:la"@ify	
"amba"@tnx	<https://panlex.org/snapshot/panlex-20191001-csv/114#8063329>				<https://panlex.org/snapshot/panlex-20191001-csv/114#8063013>		"kuheyaw"@ify	
"mandira"@tnx	<https://panlex.org/snapshot/panlex-20191001-csv/114#8059271>				<https://panlex.org/snapshot/panlex-20191001-csv/114#8058965>		"tuqngal"@ify	
"mandira"@tnx	<https://panlex.org/snapshot/panlex-20191001-csv/114#8059271>				<https://panlex.org/snapshot/panlex-20191001-csv/114#8058964>		"tungal"@ify	
"vatukura"@tnx	<https://panlex.org/snapshot/panlex-20191001-csv/114#8056729>				<https://panlex.org/snapshot/panlex-20191001-csv/114#8056413>		"lugit"@ify	
"vatukura"@tnx	<https://panlex.org/snapshot/panlex-20191001-csv/114#8056729>				<https://panlex.org/snapshot/panlex-20191001-csv/114#8056414>		"nadakkut"@ify	
"nora"@tnx	<https://panlex.org/snapshot/panlex-20191001-csv/114#8060808>				<https://panlex.org/snapshot/panlex-20191001-csv/114#8060455>		"pagew"@ify	
"nora"@tnx	<https://panlex.org/snapshot/panlex-20191001-csv/114#8060808>				<https://panlex.org/snapshot/panlex-20191001-csv/114#8060454>		"huhuq"@ify	
"nora"@tnx	<https://panlex.org/snapshot/panlex-20191001-csv/114#8060808>				<https://panlex.org/snapshot/panlex-20191001-csv/114#8060456>		"palagpag"@ify	
"valambase"@tnx	<https://panlex.org/snapshot/panlex-20191001-csv/114#8063878>				<https://panlex.org/snapshot/panlex-20191001-csv/114#8063552>		"quluq"@ify	
"valambase"@tnx	<https://panlex.org/snapshot/panlex-20191001-csv/114#8063878>				<https://panlex.org/snapshot/panlex-20191001-csv/114#8063551>		"qu:lu"@ify	
