"Дагестан"@be	<https://panlex.org/snapshot/panlex-20191001-csv/5949#85307258>				<https://panlex.org/snapshot/panlex-20191001-csv/5949#85307293>		"Дагъустан"@tkr	
"панядзелак"@be	<https://panlex.org/snapshot/panlex-20191001-csv/2892#110824265>				<https://panlex.org/snapshot/panlex-20191001-csv/2892#110824199>		"итнайн"@tkr	
"piatnica"@be	<https://panlex.org/snapshot/panlex-20191001-csv/2892#110825990>				<https://panlex.org/snapshot/panlex-20191001-csv/2892#110826105>		"оӏлʼджуман йигъ"@tkr	
"субота"@be	<https://panlex.org/snapshot/panlex-20191001-csv/2892#110826391>				<https://panlex.org/snapshot/panlex-20191001-csv/2892#110826375>		"сифтйин"@tkr	
"пятніца"@be	<https://panlex.org/snapshot/panlex-20191001-csv/2892#110825702>				<https://panlex.org/snapshot/panlex-20191001-csv/2892#110826105>		"оӏлʼджуман йигъ"@tkr	
"sierada"@be	<https://panlex.org/snapshot/panlex-20191001-csv/2892#110825171>				<https://panlex.org/snapshot/panlex-20191001-csv/2892#110825025>		"аӏрбаъан"@tkr	
"нядзеля"@be	<https://panlex.org/snapshot/panlex-20191001-csv/2892#110826680>				<https://panlex.org/snapshot/panlex-20191001-csv/2892#110826819>		"ваджар"@tkr	
"аўторак"@be	<https://panlex.org/snapshot/panlex-20191001-csv/2892#110824597>				<https://panlex.org/snapshot/panlex-20191001-csv/2892#110824469>		"далаттийн"@tkr	
"серада"@be	<https://panlex.org/snapshot/panlex-20191001-csv/2892#110824852>				<https://panlex.org/snapshot/panlex-20191001-csv/2892#110825025>		"аӏрбаъан"@tkr	
"čaćvier"@be	<https://panlex.org/snapshot/panlex-20191001-csv/2892#110825374>				<https://panlex.org/snapshot/panlex-20191001-csv/2892#110825423>		"оӏлʼджуманахоӏш"@tkr	
"чацьвер"@be	<https://panlex.org/snapshot/panlex-20191001-csv/2892#110825337>				<https://panlex.org/snapshot/panlex-20191001-csv/2892#110825423>		"оӏлʼджуманахоӏш"@tkr	
"aŭtorak"@be	<https://panlex.org/snapshot/panlex-20191001-csv/2892#110824451>				<https://panlex.org/snapshot/panlex-20191001-csv/2892#110824469>		"далаттийн"@tkr	
"paniadziełak"@be	<https://panlex.org/snapshot/panlex-20191001-csv/2892#110824376>				<https://panlex.org/snapshot/panlex-20191001-csv/2892#110824199>		"итнайн"@tkr	
"чацвер"@be	<https://panlex.org/snapshot/panlex-20191001-csv/2892#110825439>				<https://panlex.org/snapshot/panlex-20191001-csv/2892#110825423>		"оӏлʼджуманахоӏш"@tkr	
"čacvier"@be	<https://panlex.org/snapshot/panlex-20191001-csv/2892#110825329>				<https://panlex.org/snapshot/panlex-20191001-csv/2892#110825423>		"оӏлʼджуманахоӏш"@tkr	
"subota"@be	<https://panlex.org/snapshot/panlex-20191001-csv/2892#110826443>				<https://panlex.org/snapshot/panlex-20191001-csv/2892#110826375>		"сифтйин"@tkr	
"niadziela"@be	<https://panlex.org/snapshot/panlex-20191001-csv/2892#110826980>				<https://panlex.org/snapshot/panlex-20191001-csv/2892#110826819>		"ваджар"@tkr	
