"viŋa"@lcm	<https://panlex.org/snapshot/panlex-20191001-csv/114#8058478>				<https://panlex.org/snapshot/panlex-20191001-csv/114#8058735>		"ne-"@tgc	
"kak(-i-)"@lcm	<https://panlex.org/snapshot/panlex-20191001-csv/114#8053337>				<https://panlex.org/snapshot/panlex-20191001-csv/114#8053585>		"kak"@tgc	
"kak(-i-)"@lcm	<https://panlex.org/snapshot/panlex-20191001-csv/114#8053337>				<https://panlex.org/snapshot/panlex-20191001-csv/114#8053586>		"keke-"@tgc	
"palak"@lcm	<https://panlex.org/snapshot/panlex-20191001-csv/114#8054960>				<https://panlex.org/snapshot/panlex-20191001-csv/114#8055182>		"saŋ"@tgc	
"palak"@lcm	<https://panlex.org/snapshot/panlex-20191001-csv/114#8054960>				<https://panlex.org/snapshot/panlex-20191001-csv/114#8055181>		"ima"@tgc	
"lomlomonai"@lcm	<https://panlex.org/snapshot/panlex-20191001-csv/114#8062089>				<https://panlex.org/snapshot/panlex-20191001-csv/114#8062291>		"nol"@tgc	
"muŋ"@lcm	<https://panlex.org/snapshot/panlex-20191001-csv/114#8056480>				<https://panlex.org/snapshot/panlex-20191001-csv/114#8056707>		"vusit"@tgc	
"muŋ"@lcm	<https://panlex.org/snapshot/panlex-20191001-csv/114#8056480>				<https://panlex.org/snapshot/panlex-20191001-csv/114#8056706>		"galit"@tgc	
"ŋo"@lcm	<https://panlex.org/snapshot/panlex-20191001-csv/114#8064160>				<https://panlex.org/snapshot/panlex-20191001-csv/114#8064390>		"goko"@tgc	
"eŋono"@lcm	<https://panlex.org/snapshot/panlex-20191001-csv/114#8064159>				<https://panlex.org/snapshot/panlex-20191001-csv/114#8064390>		"goko"@tgc	
"tus"@lcm	<https://panlex.org/snapshot/panlex-20191001-csv/114#8060527>				<https://panlex.org/snapshot/panlex-20191001-csv/114#8060784>		"sut"@tgc	
"serei"@lcm	<https://panlex.org/snapshot/panlex-20191001-csv/114#8054961>				<https://panlex.org/snapshot/panlex-20191001-csv/114#8055182>		"saŋ"@tgc	
"serei"@lcm	<https://panlex.org/snapshot/panlex-20191001-csv/114#8054961>				<https://panlex.org/snapshot/panlex-20191001-csv/114#8055181>		"ima"@tgc	
"salan"@lcm	<https://panlex.org/snapshot/panlex-20191001-csv/114#8054456>				<https://panlex.org/snapshot/panlex-20191001-csv/114#8054678>		"salan"@tgc	
"nas"@lcm	<https://panlex.org/snapshot/panlex-20191001-csv/114#8061579>				<https://panlex.org/snapshot/panlex-20191001-csv/114#8061819>		"kakapaŋ"@tgc	
"nas"@lcm	<https://panlex.org/snapshot/panlex-20191001-csv/114#8061579>				<https://panlex.org/snapshot/panlex-20191001-csv/114#8061820>		"kila[i]"@tgc	
"vaŋaŋ"@lcm	<https://panlex.org/snapshot/panlex-20191001-csv/114#8063616>				<https://panlex.org/snapshot/panlex-20191001-csv/114#8063854>		"patu"@tgc	
"lomon"@lcm	<https://panlex.org/snapshot/panlex-20191001-csv/114#8062090>				<https://panlex.org/snapshot/panlex-20191001-csv/114#8062291>		"nol"@tgc	
