"viŋa"@lcm	<https://panlex.org/snapshot/panlex-20191001-csv/114#8058478>				<https://panlex.org/snapshot/panlex-20191001-csv/114#8058358>		"ʼapnono"@dmr	
"kak(-i-)"@lcm	<https://panlex.org/snapshot/panlex-20191001-csv/114#8053337>				<https://panlex.org/snapshot/panlex-20191001-csv/114#8053206>		"ʼlɛʔɛno"@dmr	
"palak"@lcm	<https://panlex.org/snapshot/panlex-20191001-csv/114#8054960>				<https://panlex.org/snapshot/panlex-20191001-csv/114#8054844>		"ṃʼmai"@dmr	
"ŋo"@lcm	<https://panlex.org/snapshot/panlex-20191001-csv/114#8064160>				<https://panlex.org/snapshot/panlex-20191001-csv/114#8064041>		"ʼlirano"@dmr	
"eŋono"@lcm	<https://panlex.org/snapshot/panlex-20191001-csv/114#8064159>				<https://panlex.org/snapshot/panlex-20191001-csv/114#8064041>		"ʼlirano"@dmr	
"tus"@lcm	<https://panlex.org/snapshot/panlex-20191001-csv/114#8060527>				<https://panlex.org/snapshot/panlex-20191001-csv/114#8060397>		"ʼhuhuno"@dmr	
"serei"@lcm	<https://panlex.org/snapshot/panlex-20191001-csv/114#8054961>				<https://panlex.org/snapshot/panlex-20191001-csv/114#8054844>		"ṃʼmai"@dmr	
"salan"@lcm	<https://panlex.org/snapshot/panlex-20191001-csv/114#8054456>				<https://panlex.org/snapshot/panlex-20191001-csv/114#8054355>		"lalʼno"@dmr	
"nas"@lcm	<https://panlex.org/snapshot/panlex-20191001-csv/114#8061579>				<https://panlex.org/snapshot/panlex-20191001-csv/114#8061449>		"gaʼtu"@dmr	
"vaŋaŋ"@lcm	<https://panlex.org/snapshot/panlex-20191001-csv/114#8063616>				<https://panlex.org/snapshot/panlex-20191001-csv/114#8063498>		"ʼuluno"@dmr	
