"=tʸúɛ̀"@nim	<https://panlex.org/snapshot/panlex-20191001-csv/3975#51725936>				<https://panlex.org/snapshot/panlex-20191001-csv/3975#51725894>		"ʔɳʘũ"@huc	
"kòlè"@nim	<https://panlex.org/snapshot/panlex-20191001-csv/3975#51735224>				<https://panlex.org/snapshot/panlex-20191001-csv/3975#51735199>		"ɡǂoa"@huc	
"=V́zà"@nim	<https://panlex.org/snapshot/panlex-20191001-csv/3975#51725369>				<https://panlex.org/snapshot/panlex-20191001-csv/3975#51725331>		"qʰãẽ"@huc	
"=́mòè"@nim	<https://panlex.org/snapshot/panlex-20191001-csv/3975#51729597>				<https://panlex.org/snapshot/panlex-20191001-csv/3975#51729554>		"ɳʘũ"@huc	
"=lʸúù"@nim	<https://panlex.org/snapshot/panlex-20191001-csv/3975#51726850>				<https://panlex.org/snapshot/panlex-20191001-csv/3975#51726820>		"ǂʰeme"@huc	
"kɛ̀=ǯáːnì"@nim	<https://panlex.org/snapshot/panlex-20191001-csv/3975#51725492>				<https://panlex.org/snapshot/panlex-20191001-csv/3975#51725464>		"za̰ʔa"@huc	
"=kúpè"@nim	<https://panlex.org/snapshot/panlex-20191001-csv/3975#51735756>				<https://panlex.org/snapshot/panlex-20191001-csv/3975#51735728>		"ǂeu"@huc	
"ènɛ̀"@nim	<https://panlex.org/snapshot/panlex-20191001-csv/3975#51726532>				<https://panlex.org/snapshot/panlex-20191001-csv/3975#51726483>		"ma"@huc	
"ǹ=zɛ̀gà"@nim	<https://panlex.org/snapshot/panlex-20191001-csv/3975#51736183>				<https://panlex.org/snapshot/panlex-20191001-csv/3975#51736141>		"ǂqʼui"@huc	
"ǹ=sɔ̀ndá"@nim	<https://panlex.org/snapshot/panlex-20191001-csv/3975#51732030>				<https://panlex.org/snapshot/panlex-20191001-csv/3975#51731991>		"ǂõ̏"@huc	
"=ò"@nim	<https://panlex.org/snapshot/panlex-20191001-csv/3975#51732905>				<https://panlex.org/snapshot/panlex-20191001-csv/3975#51732872>		"háː"@huc	
"mà=nǯáːnɔ̀"@nim	<https://panlex.org/snapshot/panlex-20191001-csv/3975#51735095>				<https://panlex.org/snapshot/panlex-20191001-csv/3975#51735062>		"za̰ʔa"@huc	
"òːwɛ̀"@nim	<https://panlex.org/snapshot/panlex-20191001-csv/3975#51733047>				<https://panlex.org/snapshot/panlex-20191001-csv/3975#51733014>		"úː"@huc	
"m=ɔ́ːtɔ̀"@nim	<https://panlex.org/snapshot/panlex-20191001-csv/3975#51724522>				<https://panlex.org/snapshot/panlex-20191001-csv/3975#51724478>		"ɡʘoa"@huc	
"kù=léà"@nim	<https://panlex.org/snapshot/panlex-20191001-csv/3975#51723796>				<https://panlex.org/snapshot/panlex-20191001-csv/3975#51723749>		"ʔám"@huc	
"kù=yóːmyà"@nim	<https://panlex.org/snapshot/panlex-20191001-csv/3975#51723349>				<https://panlex.org/snapshot/panlex-20191001-csv/3975#51723312>		"ǀqʼau"@huc	
"ǹ=kíngɔ̀"@nim	<https://panlex.org/snapshot/panlex-20191001-csv/3975#51728827>				<https://panlex.org/snapshot/panlex-20191001-csv/3975#51728793>		"ɕʰa"@huc	
"=ɛ́lù"@nim	<https://panlex.org/snapshot/panlex-20191001-csv/3975#51734648>				<https://panlex.org/snapshot/panlex-20191001-csv/3975#51734622>		"ǂà̰ʔnna"@huc	
"mò=lɛ́ngɛ̀"@nim	<https://panlex.org/snapshot/panlex-20191001-csv/3975#51735628>				<https://panlex.org/snapshot/panlex-20191001-csv/3975#51735594>		"qana"@huc	
"mò=lɛ́ngɛ̀"@nim	<https://panlex.org/snapshot/panlex-20191001-csv/3975#51735628>				<https://panlex.org/snapshot/panlex-20191001-csv/3975#51735593>		"qaʔana"@huc	
"lò=tùmbè"@nim	<https://panlex.org/snapshot/panlex-20191001-csv/3975#51725630>				<https://panlex.org/snapshot/panlex-20191001-csv/3975#51725589>		"ɳǂu"@huc	
"mò=gɔ́ɔ̀šyá"@nim	<https://panlex.org/snapshot/panlex-20191001-csv/3975#51727831>				<https://panlex.org/snapshot/panlex-20191001-csv/3975#51727791>		"ʔǎ̰ri"@huc	
"=ɛ̀nsì"@nim	<https://panlex.org/snapshot/panlex-20191001-csv/3975#51720627>				<https://panlex.org/snapshot/panlex-20191001-csv/3975#51720592>		"ùē"@huc	
"lyáːnì"@nim	<https://panlex.org/snapshot/panlex-20191001-csv/3975#51734512>				<https://panlex.org/snapshot/panlex-20191001-csv/3975#51734472>		"ɕini"@huc	
"=ɔ̀"@nim	<https://panlex.org/snapshot/panlex-20191001-csv/3975#51732755>				<https://panlex.org/snapshot/panlex-20191001-csv/3975#51732717>		"ɕǒa"@huc	
"=móè"@nim	<https://panlex.org/snapshot/panlex-20191001-csv/3975#51729596>				<https://panlex.org/snapshot/panlex-20191001-csv/3975#51729554>		"ɳʘũ"@huc	
"ò=lɔ̀ngɔ́"@nim	<https://panlex.org/snapshot/panlex-20191001-csv/3975#51723636>				<https://panlex.org/snapshot/panlex-20191001-csv/3975#51723598>		"kxà"@huc	
"=ɛ́ɲsì"@nim	<https://panlex.org/snapshot/panlex-20191001-csv/3975#51720626>				<https://panlex.org/snapshot/panlex-20191001-csv/3975#51720592>		"ùē"@huc	
"má=ázè"@nim	<https://panlex.org/snapshot/panlex-20191001-csv/3975#51734133>				<https://panlex.org/snapshot/panlex-20191001-csv/3975#51734092>		"ǯo"@huc	
"mò=ntò"@nim	<https://panlex.org/snapshot/panlex-20191001-csv/3975#51729745>				<https://panlex.org/snapshot/panlex-20191001-csv/3975#51729705>		"ǂʼàm-kòːe"@huc	
"=gè"@nim	<https://panlex.org/snapshot/panlex-20191001-csv/3975#51723948>				<https://panlex.org/snapshot/panlex-20191001-csv/3975#51723917>		"kʰõʔẽ"@huc	
"lí=ísɔ̀"@nim	<https://panlex.org/snapshot/panlex-20191001-csv/3975#51724103>				<https://panlex.org/snapshot/panlex-20191001-csv/3975#51724055>		"ʘōā"@huc	
"mò=kɔ́nɔ̀"@nim	<https://panlex.org/snapshot/panlex-20191001-csv/3975#51725780>				<https://panlex.org/snapshot/panlex-20191001-csv/3975#51725743>		"šíu"@huc	
"=tʸémà"@nim	<https://panlex.org/snapshot/panlex-20191001-csv/3975#51727433>				<https://panlex.org/snapshot/panlex-20191001-csv/3975#51727392>		"kui"@huc	
"=léːnɔ̀"@nim	<https://panlex.org/snapshot/panlex-20191001-csv/3975#51733361>				<https://panlex.org/snapshot/panlex-20191001-csv/3975#51733317>		"cʼíú"@huc	
"kù=yíːgyà"@nim	<https://panlex.org/snapshot/panlex-20191001-csv/3975#51726097>				<https://panlex.org/snapshot/panlex-20191001-csv/3975#51726047>		"cã̄"@huc	
"kyáːnì"@nim	<https://panlex.org/snapshot/panlex-20191001-csv/3975#51734511>				<https://panlex.org/snapshot/panlex-20191001-csv/3975#51734472>		"ɕini"@huc	
"mà=kútà"@nim	<https://panlex.org/snapshot/panlex-20191001-csv/3975#51724249>				<https://panlex.org/snapshot/panlex-20191001-csv/3975#51724206>		"ǀʼui"@huc	
"mà=kútà"@nim	<https://panlex.org/snapshot/panlex-20191001-csv/3975#51724249>				<https://panlex.org/snapshot/panlex-20191001-csv/3975#51724205>		"ǀui"@huc	
"m̀=pànì"@nim	<https://panlex.org/snapshot/panlex-20191001-csv/3975#51727693>				<https://panlex.org/snapshot/panlex-20191001-csv/3975#51727658>		"cʼiː"@huc	
"=léːpù"@nim	<https://panlex.org/snapshot/panlex-20191001-csv/3975#51727564>				<https://panlex.org/snapshot/panlex-20191001-csv/3975#51727531>		"čàʔa"@huc	
"kù=tʸámbòlà"@nim	<https://panlex.org/snapshot/panlex-20191001-csv/3975#51730691>				<https://panlex.org/snapshot/panlex-20191001-csv/3975#51730643>		"kiʔi"@huc	
"lò=lémè"@nim	<https://panlex.org/snapshot/panlex-20191001-csv/3975#51733205>				<https://panlex.org/snapshot/panlex-20191001-csv/3975#51733164>		"cela"@huc	
"m̀=búlà"@nim	<https://panlex.org/snapshot/panlex-20191001-csv/3975#51729895>				<https://panlex.org/snapshot/panlex-20191001-csv/3975#51729859>		"čoʔãː"@huc	
"m̀=búlà"@nim	<https://panlex.org/snapshot/panlex-20191001-csv/3975#51729895>				<https://panlex.org/snapshot/panlex-20191001-csv/3975#51729860>		"cõʔãː"@huc	
"kù=pʸɔ́là"@nim	<https://panlex.org/snapshot/panlex-20191001-csv/3975#51722547>				<https://panlex.org/snapshot/panlex-20191001-csv/3975#51722512>		"ǀaba"@huc	
"mò=sóngò"@nim	<https://panlex.org/snapshot/panlex-20191001-csv/3975#51734955>				<https://panlex.org/snapshot/panlex-20191001-csv/3975#51734907>		"ʔǎ̰ri=ɡǀǀá̰i"@huc	
"=kólò"@nim	<https://panlex.org/snapshot/panlex-20191001-csv/3975#51721162>				<https://panlex.org/snapshot/panlex-20191001-csv/3975#51721133>		"ɳǀǀam"@huc	
"m̀=bóà"@nim	<https://panlex.org/snapshot/panlex-20191001-csv/3975#51723038>				<https://panlex.org/snapshot/panlex-20191001-csv/3975#51722994>		"ɕeama"@huc	
"m̀=pàsó"@nim	<https://panlex.org/snapshot/panlex-20191001-csv/3975#51732331>				<https://panlex.org/snapshot/panlex-20191001-csv/3975#51732286>		"ʒʼaː"@huc	
"m̀=pàsó"@nim	<https://panlex.org/snapshot/panlex-20191001-csv/3975#51732331>				<https://panlex.org/snapshot/panlex-20191001-csv/3975#51732284>		"čʰaː"@huc	
"m̀=pàsó"@nim	<https://panlex.org/snapshot/panlex-20191001-csv/3975#51732331>				<https://panlex.org/snapshot/panlex-20191001-csv/3975#51732285>		"ʒa"@huc	
"kù=gʸɔ̀nà"@nim	<https://panlex.org/snapshot/panlex-20191001-csv/3975#51731456>				<https://panlex.org/snapshot/panlex-20191001-csv/3975#51731414>		"cʼã̄"@huc	
"kù=gʸɔ̀nà"@nim	<https://panlex.org/snapshot/panlex-20191001-csv/3975#51727283>				<https://panlex.org/snapshot/panlex-20191001-csv/3975#51727244>		"ǂqíʔi"@huc	
"kù=yɔ́nà"@nim	<https://panlex.org/snapshot/panlex-20191001-csv/3975#51730858>				<https://panlex.org/snapshot/panlex-20191001-csv/3975#51730805>		"cí"@huc	
"kù=pʸɛ́ɛ̀là"@nim	<https://panlex.org/snapshot/panlex-20191001-csv/3975#51725215>				<https://panlex.org/snapshot/panlex-20191001-csv/3975#51725169>		"šu"@huc	
"=bàlàbálà"@nim	<https://panlex.org/snapshot/panlex-20191001-csv/3975#51730174>				<https://panlex.org/snapshot/panlex-20191001-csv/3975#51730138>		"ʓeo"@huc	
"ly=óːkì"@nim	<https://panlex.org/snapshot/panlex-20191001-csv/3975#51731752>				<https://panlex.org/snapshot/panlex-20191001-csv/3975#51731710>		"ʓō̰e"@huc	
"yù=ùlì"@nim	<https://panlex.org/snapshot/panlex-20191001-csv/3975#51724376>				<https://panlex.org/snapshot/panlex-20191001-csv/3975#51724343>		"ɳǂu"@huc	
"kù=lʸɔ̀ngɔ̀là"@nim	<https://panlex.org/snapshot/panlex-20191001-csv/3975#51733822>				<https://panlex.org/snapshot/panlex-20191001-csv/3975#51733781>		"ɕà̰o"@huc	
"n=ɔ̀nì"@nim	<https://panlex.org/snapshot/panlex-20191001-csv/3975#51721314>				<https://panlex.org/snapshot/panlex-20191001-csv/3975#51721273>		"ǂǐ-sì:"@huc	
"=kʸúpà"@nim	<https://panlex.org/snapshot/panlex-20191001-csv/3975#51721880>				<https://panlex.org/snapshot/panlex-20191001-csv/3975#51721844>		"ɕa̰ː"@huc	
"=négènègè"@nim	<https://panlex.org/snapshot/panlex-20191001-csv/3975#51736036>				<https://panlex.org/snapshot/panlex-20191001-csv/3975#51736004>		"ǀxolo"@huc	
"kù=kíà"@nim	<https://panlex.org/snapshot/panlex-20191001-csv/3975#51722885>				<https://panlex.org/snapshot/panlex-20191001-csv/3975#51722840>		"šĩ́"@huc	
"kù=pùpùtà"@nim	<https://panlex.org/snapshot/panlex-20191001-csv/3975#51724803>				<https://panlex.org/snapshot/panlex-20191001-csv/3975#51724767>		"kàla"@huc	
"kù=yízà"@nim	<https://panlex.org/snapshot/panlex-20191001-csv/3975#51722709>				<https://panlex.org/snapshot/panlex-20191001-csv/3975#51722656>		"čá"@huc	
"píːpè"@nim	<https://panlex.org/snapshot/panlex-20191001-csv/3975#51735490>				<https://panlex.org/snapshot/panlex-20191001-csv/3975#51735454>		"ɕea̰m̩"@huc	
"píːpè"@nim	<https://panlex.org/snapshot/panlex-20191001-csv/3975#51735490>				<https://panlex.org/snapshot/panlex-20191001-csv/3975#51735455>		"ɕea̰am̩"@huc	
"mɛ̀=gàlí"@nim	<https://panlex.org/snapshot/panlex-20191001-csv/3975#51721736>				<https://panlex.org/snapshot/panlex-20191001-csv/3975#51721694>		"ǀqʼi"@huc	
"kù=kʸɔ̀pà"@nim	<https://panlex.org/snapshot/panlex-20191001-csv/3975#51723197>				<https://panlex.org/snapshot/panlex-20191001-csv/3975#51723151>		"ču"@huc	
"kù=mʸànà"@nim	<https://panlex.org/snapshot/panlex-20191001-csv/3975#51726991>				<https://panlex.org/snapshot/panlex-20191001-csv/3975#51726959>		"ciʔa"@huc	
"=píá"@nim	<https://panlex.org/snapshot/panlex-20191001-csv/3975#51728959>				<https://panlex.org/snapshot/panlex-20191001-csv/3975#51728930>		"zà"@huc	
"=lʸùkà"@nim	<https://panlex.org/snapshot/panlex-20191001-csv/3975#51727132>				<https://panlex.org/snapshot/panlex-20191001-csv/3975#51727096>		"kí=ʓȍ̰ba"@huc	
"=píò"@nim	<https://panlex.org/snapshot/panlex-20191001-csv/3975#51733995>				<https://panlex.org/snapshot/panlex-20191001-csv/3975#51733959>		"kǔru"@huc	
"mw=ɛ̀ɛ́lì"@nim	<https://panlex.org/snapshot/panlex-20191001-csv/3975#51728284>				<https://panlex.org/snapshot/panlex-20191001-csv/3975#51728240>		"ɡǂibi"@huc	
"ǹ=dèːlé"@nim	<https://panlex.org/snapshot/panlex-20191001-csv/3975#51731305>				<https://panlex.org/snapshot/panlex-20191001-csv/3975#51731258>		"čʼu"@huc	
"=kʸɔ́tà"@nim	<https://panlex.org/snapshot/panlex-20191001-csv/3975#51733505>				<https://panlex.org/snapshot/panlex-20191001-csv/3975#51733466>		"ǀʼṍ"@huc	
"ò=tíkò"@nim	<https://panlex.org/snapshot/panlex-20191001-csv/3975#51729109>				<https://panlex.org/snapshot/panlex-20191001-csv/3975#51729064>		"cʰao"@huc	
"=kòtúè"@nim	<https://panlex.org/snapshot/panlex-20191001-csv/3975#51723493>				<https://panlex.org/snapshot/panlex-20191001-csv/3975#51723451>		"ǀqʰõ̀ẽ̄"@huc	
"=gʸùɛ̀"@nim	<https://panlex.org/snapshot/panlex-20191001-csv/3975#51732176>				<https://panlex.org/snapshot/panlex-20191001-csv/3975#51732145>		"ǀǀʰȍ̰ːa"@huc	
"=́bèlè"@nim	<https://panlex.org/snapshot/panlex-20191001-csv/3975#51733666>				<https://panlex.org/snapshot/panlex-20191001-csv/3975#51733618>		"ʘóːa"@huc	
"mà=ú"@nim	<https://panlex.org/snapshot/panlex-20191001-csv/3975#51720773>				<https://panlex.org/snapshot/panlex-20191001-csv/3975#51720735>		"ɳǂʰoe"@huc	
"kò=kíkàlànsà"@nim	<https://panlex.org/snapshot/panlex-20191001-csv/3975#51731144>				<https://panlex.org/snapshot/panlex-20191001-csv/3975#51731098>		"ʔɳǀā"@huc	
"n=àmà"@nim	<https://panlex.org/snapshot/panlex-20191001-csv/3975#51728128>				<https://panlex.org/snapshot/panlex-20191001-csv/3975#51728085>		"ǀǀa̰ḛ"@huc	
"=ílò"@nim	<https://panlex.org/snapshot/panlex-20191001-csv/3975#51721588>				<https://panlex.org/snapshot/panlex-20191001-csv/3975#51721553>		"ǂkxau"@huc	
"=íɲgè"@nim	<https://panlex.org/snapshot/panlex-20191001-csv/3975#51727974>				<https://panlex.org/snapshot/panlex-20191001-csv/3975#51727939>		"ǯua"@huc	
"=íɲgè"@nim	<https://panlex.org/snapshot/panlex-20191001-csv/3975#51727974>				<https://panlex.org/snapshot/panlex-20191001-csv/3975#51727940>		"ʒũã"@huc	
"mò=kélà"@nim	<https://panlex.org/snapshot/panlex-20191001-csv/3975#51732602>				<https://panlex.org/snapshot/panlex-20191001-csv/3975#51732564>		"ʘxui"@huc	
"=lùtɔ̀"@nim	<https://panlex.org/snapshot/panlex-20191001-csv/3975#51735351>				<https://panlex.org/snapshot/panlex-20191001-csv/3975#51735323>		"ǀǀqo"@huc	
"mò=lɔ̀mɔ̀"@nim	<https://panlex.org/snapshot/panlex-20191001-csv/3975#51728542>				<https://panlex.org/snapshot/panlex-20191001-csv/3975#51728501>		"šĩ"@huc	
"mw=àákà"@nim	<https://panlex.org/snapshot/panlex-20191001-csv/3975#51736429>				<https://panlex.org/snapshot/panlex-20191001-csv/3975#51736393>		"kʰãẽ"@huc	
"mw=àákà"@nim	<https://panlex.org/snapshot/panlex-20191001-csv/3975#51736429>				<https://panlex.org/snapshot/panlex-20191001-csv/3975#51736394>		"kʰẽĩ"@huc	
"sìká"@nim	<https://panlex.org/snapshot/panlex-20191001-csv/3975#51729425>				<https://panlex.org/snapshot/panlex-20191001-csv/3975#51729384>		"ǀʰõʔõ"@huc	
"=́bèlé"@nim	<https://panlex.org/snapshot/panlex-20191001-csv/3975#51733665>				<https://panlex.org/snapshot/panlex-20191001-csv/3975#51733618>		"ʘóːa"@huc	
