"kupˀɨ"@snn	<https://panlex.org/snapshot/panlex-20191001-csv/1573#50083749>				<https://panlex.org/snapshot/panlex-20191001-csv/1573#50083601>		"blur"@hy	
"kupˀɨ"@snn	<https://panlex.org/snapshot/panlex-20191001-csv/1573#50083749>				<https://panlex.org/snapshot/panlex-20191001-csv/1573#50083602>		"ler̃"@hy	
"kupˀɨ"@snn	<https://panlex.org/snapshot/panlex-20191001-csv/1573#50083749>				<https://panlex.org/snapshot/panlex-20191001-csv/1573#50083603>		"sar"@hy	
"ɨ̃sɨ-kˀɨ"@snn	<https://panlex.org/snapshot/panlex-20191001-csv/1573#50091490>				<https://panlex.org/snapshot/panlex-20191001-csv/1573#50091394>		"arev"@hy	
"yaʔo"@snn	<https://panlex.org/snapshot/panlex-20191001-csv/1573#50082549>				<https://panlex.org/snapshot/panlex-20191001-csv/1573#50082419>		"hoɣ"@hy	
"yaʔo"@snn	<https://panlex.org/snapshot/panlex-20191001-csv/1573#50082225>				<https://panlex.org/snapshot/panlex-20191001-csv/1573#50082088>		"yerkˀragund"@hy	
"yaʔo"@snn	<https://panlex.org/snapshot/panlex-20191001-csv/1573#50082225>				<https://panlex.org/snapshot/panlex-20191001-csv/1573#50082087>		"yerkˀir"@hy	
"yaʔo"@snn	<https://panlex.org/snapshot/panlex-20191001-csv/1573#50082823>				<https://panlex.org/snapshot/panlex-20191001-csv/1573#50082717>		"pʰoši"@hy	
"sˀitatˀa"@snn	<https://panlex.org/snapshot/panlex-20191001-csv/1573#50087353>				<https://panlex.org/snapshot/panlex-20191001-csv/1573#50087309>		"c̷ˀovaličˀ"@hy	
"kˀata"@snn	<https://panlex.org/snapshot/panlex-20191001-csv/1573#50090777>				<https://panlex.org/snapshot/panlex-20191001-csv/1573#50090615>		"žayr̃"@hy	
"kˀata"@snn	<https://panlex.org/snapshot/panlex-20191001-csv/1573#50090777>				<https://panlex.org/snapshot/panlex-20191001-csv/1573#50090614>		"kʰar"@hy	
"maʔtɨmɨ"@snn	<https://panlex.org/snapshot/panlex-20191001-csv/1573#50091235>				<https://panlex.org/snapshot/panlex-20191001-csv/1573#50091142>		"yerkˀinkʰ"@hy	
"aitˀu"@snn	<https://panlex.org/snapshot/panlex-20191001-csv/1573#50089872>				<https://panlex.org/snapshot/panlex-20191001-csv/1573#50089757>		"antˀar̃"@hy	
"čitˀi"@snn	<https://panlex.org/snapshot/panlex-20191001-csv/1573#50086638>				<https://panlex.org/snapshot/panlex-20191001-csv/1573#50086556>		"pʰrpʰur"@hy	
"ʔoko"@snn	<https://panlex.org/snapshot/panlex-20191001-csv/1573#50085845>				<https://panlex.org/snapshot/panlex-20191001-csv/1573#50085739>		"ǰur"@hy	
"tɨʔa"@snn	<https://panlex.org/snapshot/panlex-20191001-csv/1573#50087813>				<https://panlex.org/snapshot/panlex-20191001-csv/1573#50087721>		"alikʰ"@hy	
"tɨka"@snn	<https://panlex.org/snapshot/panlex-20191001-csv/1573#50090390>				<https://panlex.org/snapshot/panlex-20191001-csv/1573#50090295>		"pʰaytˀ"@hy	
"wawɨ"@snn	<https://panlex.org/snapshot/panlex-20191001-csv/1573#50087225>				<https://panlex.org/snapshot/panlex-20191001-csv/1573#50087163>		"c̷ˀovac̷ˀoc̷ʰ"@hy	
"wawɨ"@snn	<https://panlex.org/snapshot/panlex-20191001-csv/1573#50087225>				<https://panlex.org/snapshot/panlex-20191001-csv/1573#50087164>		"c̷ˀovaxorš"@hy	
"yotˀopˀɨ"@snn	<https://panlex.org/snapshot/panlex-20191001-csv/1573#50089132>				<https://panlex.org/snapshot/panlex-20191001-csv/1573#50088992>		"aɣbyur"@hy	
"yotˀopˀɨ"@snn	<https://panlex.org/snapshot/panlex-20191001-csv/1573#50089132>				<https://panlex.org/snapshot/panlex-20191001-csv/1573#50088993>		"hor"@hy	
"yotˀopˀɨ"@snn	<https://panlex.org/snapshot/panlex-20191001-csv/1573#50089132>				<https://panlex.org/snapshot/panlex-20191001-csv/1573#50088991>		"akˀ"@hy	
"yotˀopˀɨ"@snn	<https://panlex.org/snapshot/panlex-20191001-csv/1573#50089132>				<https://panlex.org/snapshot/panlex-20191001-csv/1573#50088994>		"ǰrhor"@hy	
"yũʔkʷe-hi"@snn	<https://panlex.org/snapshot/panlex-20191001-csv/1573#50090997>				<https://panlex.org/snapshot/panlex-20191001-csv/1573#50090934>		"yerkˀrašarž"@hy	
"mẽhã"@snn	<https://panlex.org/snapshot/panlex-20191001-csv/1573#50083367>				<https://panlex.org/snapshot/panlex-20191001-csv/1573#50083264>		"avaz"@hy	
"ayara"@snn	<https://panlex.org/snapshot/panlex-20191001-csv/1573#50088778>				<https://panlex.org/snapshot/panlex-20191001-csv/1573#50088712>		"hord͜zankʰ"@hy	
"ayara"@snn	<https://panlex.org/snapshot/panlex-20191001-csv/1573#50088778>				<https://panlex.org/snapshot/panlex-20191001-csv/1573#50088713>		"ǰrapˀtˀuytˀ"@hy	
"taya"@snn	<https://panlex.org/snapshot/panlex-20191001-csv/1573#50084409>				<https://panlex.org/snapshot/panlex-20191001-csv/1573#50084280>		"hartʰavayr"@hy	
"taya"@snn	<https://panlex.org/snapshot/panlex-20191001-csv/1573#50084409>				<https://panlex.org/snapshot/panlex-20191001-csv/1573#50084279>		"daštˀ"@hy	
"piko"@snn	<https://panlex.org/snapshot/panlex-20191001-csv/1573#50082822>				<https://panlex.org/snapshot/panlex-20191001-csv/1573#50082717>		"pʰoši"@hy	
"wãso"@snn	<https://panlex.org/snapshot/panlex-20191001-csv/1573#50090391>				<https://panlex.org/snapshot/panlex-20191001-csv/1573#50090295>		"pʰaytˀ"@hy	
"pˀana-pˀɨ"@snn	<https://panlex.org/snapshot/panlex-20191001-csv/1573#50089399>				<https://panlex.org/snapshot/panlex-20191001-csv/1573#50089310>		"čˀahičˀ"@hy	
"sˀita-tˀa"@snn	<https://panlex.org/snapshot/panlex-20191001-csv/1573#50087064>				<https://panlex.org/snapshot/panlex-20191001-csv/1573#50086970>		"ličˀ"@hy	
"pana-pˀɨ"@snn	<https://panlex.org/snapshot/panlex-20191001-csv/1573#50089397>				<https://panlex.org/snapshot/panlex-20191001-csv/1573#50089310>		"čˀahičˀ"@hy	
"kˀɨ̃namɨ"@snn	<https://panlex.org/snapshot/panlex-20191001-csv/1573#50091234>				<https://panlex.org/snapshot/panlex-20191001-csv/1573#50091142>		"yerkˀinkʰ"@hy	
"sãʔkˀa"@snn	<https://panlex.org/snapshot/panlex-20191001-csv/1573#50089131>				<https://panlex.org/snapshot/panlex-20191001-csv/1573#50088992>		"aɣbyur"@hy	
"sãʔkˀa"@snn	<https://panlex.org/snapshot/panlex-20191001-csv/1573#50089131>				<https://panlex.org/snapshot/panlex-20191001-csv/1573#50088993>		"hor"@hy	
"sãʔkˀa"@snn	<https://panlex.org/snapshot/panlex-20191001-csv/1573#50089131>				<https://panlex.org/snapshot/panlex-20191001-csv/1573#50088991>		"akˀ"@hy	
"sãʔkˀa"@snn	<https://panlex.org/snapshot/panlex-20191001-csv/1573#50089131>				<https://panlex.org/snapshot/panlex-20191001-csv/1573#50088994>		"ǰrhor"@hy	
"sitatˀa"@snn	<https://panlex.org/snapshot/panlex-20191001-csv/1573#50087352>				<https://panlex.org/snapshot/panlex-20191001-csv/1573#50087309>		"c̷ˀovaličˀ"@hy	
"pana-hi"@snn	<https://panlex.org/snapshot/panlex-20191001-csv/1573#50083116>				<https://panlex.org/snapshot/panlex-20191001-csv/1573#50083004>		"c̷ʰex"@hy	
"ku"@snn	<https://panlex.org/snapshot/panlex-20191001-csv/1573#50083748>				<https://panlex.org/snapshot/panlex-20191001-csv/1573#50083601>		"blur"@hy	
"ku"@snn	<https://panlex.org/snapshot/panlex-20191001-csv/1573#50083748>				<https://panlex.org/snapshot/panlex-20191001-csv/1573#50083602>		"ler̃"@hy	
"ku"@snn	<https://panlex.org/snapshot/panlex-20191001-csv/1573#50083748>				<https://panlex.org/snapshot/panlex-20191001-csv/1573#50083603>		"sar"@hy	
"tɨ̃ʔtɨpˀa"@snn	<https://panlex.org/snapshot/panlex-20191001-csv/1573#50084070>				<https://panlex.org/snapshot/panlex-20191001-csv/1573#50083968>		"andund"@hy	
"tɨ̃ʔtɨpˀa"@snn	<https://panlex.org/snapshot/panlex-20191001-csv/1573#50084070>				<https://panlex.org/snapshot/panlex-20191001-csv/1573#50083970>		"žayr̃"@hy	
"tɨ̃ʔtɨpˀa"@snn	<https://panlex.org/snapshot/panlex-20191001-csv/1573#50084070>				<https://panlex.org/snapshot/panlex-20191001-csv/1573#50083969>		"vih"@hy	
"tãʔtɨpˀo"@snn	<https://panlex.org/snapshot/panlex-20191001-csv/1573#50084069>				<https://panlex.org/snapshot/panlex-20191001-csv/1573#50083968>		"andund"@hy	
"tãʔtɨpˀo"@snn	<https://panlex.org/snapshot/panlex-20191001-csv/1573#50084069>				<https://panlex.org/snapshot/panlex-20191001-csv/1573#50083970>		"žayr̃"@hy	
"tãʔtɨpˀo"@snn	<https://panlex.org/snapshot/panlex-20191001-csv/1573#50084069>				<https://panlex.org/snapshot/panlex-20191001-csv/1573#50083969>		"vih"@hy	
"kɨwitˀa"@snn	<https://panlex.org/snapshot/panlex-20191001-csv/1573#50088779>				<https://panlex.org/snapshot/panlex-20191001-csv/1573#50088712>		"hord͜zankʰ"@hy	
"kɨwitˀa"@snn	<https://panlex.org/snapshot/panlex-20191001-csv/1573#50088779>				<https://panlex.org/snapshot/panlex-20191001-csv/1573#50088713>		"ǰrapˀtˀuytˀ"@hy	
"mehapˀɨ"@snn	<https://panlex.org/snapshot/panlex-20191001-csv/1573#50085330>				<https://panlex.org/snapshot/panlex-20191001-csv/1573#50085197>		"c̷ˀovapʰ"@hy	
"mehapˀɨ"@snn	<https://panlex.org/snapshot/panlex-20191001-csv/1573#50085330>				<https://panlex.org/snapshot/panlex-20191001-csv/1573#50085198>		"c̷ˀovezerkʰ"@hy	
"mehapˀɨ"@snn	<https://panlex.org/snapshot/panlex-20191001-csv/1573#50085330>				<https://panlex.org/snapshot/panlex-20191001-csv/1573#50085199>		"c̷ˀovezr"@hy	
"sˀia-ya"@snn	<https://panlex.org/snapshot/panlex-20191001-csv/1573#50088551>				<https://panlex.org/snapshot/panlex-20191001-csv/1573#50088377>		"hosankʰ"@hy	
"sˀia-ya"@snn	<https://panlex.org/snapshot/panlex-20191001-csv/1573#50088551>				<https://panlex.org/snapshot/panlex-20191001-csv/1573#50088375>		"ar̃u"@hy	
"sˀia-ya"@snn	<https://panlex.org/snapshot/panlex-20191001-csv/1573#50088551>				<https://panlex.org/snapshot/panlex-20191001-csv/1573#50088376>		"getˀ"@hy	
"pˀana"@snn	<https://panlex.org/snapshot/panlex-20191001-csv/1573#50089398>				<https://panlex.org/snapshot/panlex-20191001-csv/1573#50089310>		"čˀahičˀ"@hy	
"yiha"@snn	<https://panlex.org/snapshot/panlex-20191001-csv/1573#50082226>				<https://panlex.org/snapshot/panlex-20191001-csv/1573#50082088>		"yerkˀragund"@hy	
"yiha"@snn	<https://panlex.org/snapshot/panlex-20191001-csv/1573#50082226>				<https://panlex.org/snapshot/panlex-20191001-csv/1573#50082087>		"yerkˀir"@hy	
"yiha"@snn	<https://panlex.org/snapshot/panlex-20191001-csv/1573#50082550>				<https://panlex.org/snapshot/panlex-20191001-csv/1573#50082419>		"hoɣ"@hy	
"sũki-yɨ̃"@snn	<https://panlex.org/snapshot/panlex-20191001-csv/1573#50090139>				<https://panlex.org/snapshot/panlex-20191001-csv/1573#50090041>		"c̷ˀar̃"@hy	
"mehakˀu"@snn	<https://panlex.org/snapshot/panlex-20191001-csv/1573#50085329>				<https://panlex.org/snapshot/panlex-20191001-csv/1573#50085197>		"c̷ˀovapʰ"@hy	
"mehakˀu"@snn	<https://panlex.org/snapshot/panlex-20191001-csv/1573#50085329>				<https://panlex.org/snapshot/panlex-20191001-csv/1573#50085198>		"c̷ˀovezerkʰ"@hy	
"mehakˀu"@snn	<https://panlex.org/snapshot/panlex-20191001-csv/1573#50085329>				<https://panlex.org/snapshot/panlex-20191001-csv/1573#50085199>		"c̷ˀovezr"@hy	
"hupˀo"@snn	<https://panlex.org/snapshot/panlex-20191001-csv/1573#50084863>				<https://panlex.org/snapshot/panlex-20191001-csv/1573#50084781>		"kˀɣzi"@hy	
"pˀana-hi"@snn	<https://panlex.org/snapshot/panlex-20191001-csv/1573#50083117>				<https://panlex.org/snapshot/panlex-20191001-csv/1573#50083004>		"c̷ʰex"@hy	
"mãka"@snn	<https://panlex.org/snapshot/panlex-20191001-csv/1573#50089873>				<https://panlex.org/snapshot/panlex-20191001-csv/1573#50089757>		"antˀar̃"@hy	
"saopˀo"@snn	<https://panlex.org/snapshot/panlex-20191001-csv/1573#50088550>				<https://panlex.org/snapshot/panlex-20191001-csv/1573#50088377>		"hosankʰ"@hy	
"saopˀo"@snn	<https://panlex.org/snapshot/panlex-20191001-csv/1573#50088550>				<https://panlex.org/snapshot/panlex-20191001-csv/1573#50088375>		"ar̃u"@hy	
"saopˀo"@snn	<https://panlex.org/snapshot/panlex-20191001-csv/1573#50088550>				<https://panlex.org/snapshot/panlex-20191001-csv/1573#50088376>		"getˀ"@hy	
