"waa"@agr	<https://panlex.org/snapshot/panlex-20191001-csv/1573#50085383>				<https://panlex.org/snapshot/panlex-20191001-csv/1573#50085442>		"kapna"@cuj	
"waa"@agr	<https://panlex.org/snapshot/panlex-20191001-csv/1573#50085383>				<https://panlex.org/snapshot/panlex-20191001-csv/1573#50085443>		"mahka"@cuj	
"kaʼamatak"@agr	<https://panlex.org/snapshot/panlex-20191001-csv/1573#50083157>				<https://panlex.org/snapshot/panlex-20191001-csv/1573#50083218>		"ksatɨ"@cuj	
"ʼbɨc̷ag"@agr	<https://panlex.org/snapshot/panlex-20191001-csv/1573#50083812>				<https://panlex.org/snapshot/panlex-20191001-csv/1573#50083907>		"pxita"@cuj	
"uʼug-bau"@agr	<https://panlex.org/snapshot/panlex-20191001-csv/1573#50090838>				<https://panlex.org/snapshot/panlex-20191001-csv/1573#50090890>		"hiyoľikčixrɨ"@cuj	
"yuʼkuukuntu"@agr	<https://panlex.org/snapshot/panlex-20191001-csv/1573#50082595>				<https://panlex.org/snapshot/panlex-20191001-csv/1573#50082658>		"pahi"@cuj	
"ʼwainči"@agr	<https://panlex.org/snapshot/panlex-20191001-csv/1573#50088622>				<https://panlex.org/snapshot/panlex-20191001-csv/1573#50088670>		"xiweyľɨ"@cuj	
"ʼwainči"@agr	<https://panlex.org/snapshot/panlex-20191001-csv/1573#50088622>				<https://panlex.org/snapshot/panlex-20191001-csv/1573#50088669>		"ximľere"@cuj	
"ɨc̷a"@agr	<https://panlex.org/snapshot/panlex-20191001-csv/1573#50091279>				<https://panlex.org/snapshot/panlex-20191001-csv/1573#50091341>		"tka-či"@cuj	
"sau"@agr	<https://panlex.org/snapshot/panlex-20191001-csv/1573#50086461>				<https://panlex.org/snapshot/panlex-20191001-csv/1573#50086512>		"soľi"@cuj	
"c̷ukatu"@agr	<https://panlex.org/snapshot/panlex-20191001-csv/1573#50087610>				<https://panlex.org/snapshot/panlex-20191001-csv/1573#50087670>		"špɨrha"@cuj	
"nain"@agr	<https://panlex.org/snapshot/panlex-20191001-csv/1573#50083404>				<https://panlex.org/snapshot/panlex-20191001-csv/1573#50083511>		"pxita"@cuj	
"nain"@agr	<https://panlex.org/snapshot/panlex-20191001-csv/1573#50083404>				<https://panlex.org/snapshot/panlex-20191001-csv/1573#50083510>		"mahka"@cuj	
"ʼikam"@agr	<https://panlex.org/snapshot/panlex-20191001-csv/1573#50089628>				<https://panlex.org/snapshot/panlex-20191001-csv/1573#50089694>		"hoša"@cuj	
"kampuʼha"@agr	<https://panlex.org/snapshot/panlex-20191001-csv/1573#50089916>				<https://panlex.org/snapshot/panlex-20191001-csv/1573#50089985>		"hah-mɨna"@cuj	
"kampuʼha"@agr	<https://panlex.org/snapshot/panlex-20191001-csv/1573#50089916>				<https://panlex.org/snapshot/panlex-20191001-csv/1573#50089986>		"mɨna"@cuj	
"c̷aʼkus"@agr	<https://panlex.org/snapshot/panlex-20191001-csv/1573#50082862>				<https://panlex.org/snapshot/panlex-20191001-csv/1573#50082933>		"kaxpa"@cuj	
"c̷aʼkus"@agr	<https://panlex.org/snapshot/panlex-20191001-csv/1573#50082862>				<https://panlex.org/snapshot/panlex-20191001-csv/1573#50082934>		"xpa"@cuj	
"ɨnc̷a ʼsɨgahu"@agr	<https://panlex.org/snapshot/panlex-20191001-csv/1573#50084458>				<https://panlex.org/snapshot/panlex-20191001-csv/1573#50084514>		"mahka čpaľe"@cuj	
"ɨnc̷a ʼsɨgahu"@agr	<https://panlex.org/snapshot/panlex-20191001-csv/1573#50084458>				<https://panlex.org/snapshot/panlex-20191001-csv/1573#50084515>		"čpaľe"@cuj	
"paka kuča-kʼčagmatu"@agr	<https://panlex.org/snapshot/panlex-20191001-csv/1573#50089184>				<https://panlex.org/snapshot/panlex-20191001-csv/1573#50089245>		"hihawakľe"@cuj	
"nugka muun"@agr	<https://panlex.org/snapshot/panlex-20191001-csv/1573#50084896>				<https://panlex.org/snapshot/panlex-20191001-csv/1573#50084934>		"c̷rɨrɨ"@cuj	
"nugka muun"@agr	<https://panlex.org/snapshot/panlex-20191001-csv/1573#50084896>				<https://panlex.org/snapshot/panlex-20191001-csv/1573#50084935>		"špotɨ"@cuj	
"ʼahun-tai"@agr	<https://panlex.org/snapshot/panlex-20191001-csv/1573#50084678>				<https://panlex.org/snapshot/panlex-20191001-csv/1573#50084734>		"kaniprekľɨ"@cuj	
"ʼahun-tai"@agr	<https://panlex.org/snapshot/panlex-20191001-csv/1573#50084678>				<https://panlex.org/snapshot/panlex-20191001-csv/1573#50084733>		"kaniprekľi"@cuj	
"nayaim"@agr	<https://panlex.org/snapshot/panlex-20191001-csv/1573#50091024>				<https://panlex.org/snapshot/panlex-20191001-csv/1573#50091090>		"tenhohne"@cuj	
"nayaim"@agr	<https://panlex.org/snapshot/panlex-20191001-csv/1573#50091024>				<https://panlex.org/snapshot/panlex-20191001-csv/1573#50091091>		"teno"@cuj	
"nugka"@agr	<https://panlex.org/snapshot/panlex-20191001-csv/1573#50081687>				<https://panlex.org/snapshot/panlex-20191001-csv/1573#50081751>		"hohi"@cuj	
"nugka"@agr	<https://panlex.org/snapshot/panlex-20191001-csv/1573#50081933>				<https://panlex.org/snapshot/panlex-20191001-csv/1573#50082019>		"čixi"@cuj	
"numi"@agr	<https://panlex.org/snapshot/panlex-20191001-csv/1573#50089917>				<https://panlex.org/snapshot/panlex-20191001-csv/1573#50089985>		"hah-mɨna"@cuj	
"numi"@agr	<https://panlex.org/snapshot/panlex-20191001-csv/1573#50089917>				<https://panlex.org/snapshot/panlex-20191001-csv/1573#50089986>		"mɨna"@cuj	
"numi"@agr	<https://panlex.org/snapshot/panlex-20191001-csv/1573#50090174>				<https://panlex.org/snapshot/panlex-20191001-csv/1573#50090234>		"hah-mɨna"@cuj	
"numi"@agr	<https://panlex.org/snapshot/panlex-20191001-csv/1573#50090174>				<https://panlex.org/snapshot/panlex-20191001-csv/1573#50090235>		"mɨna"@cuj	
"kaya"@agr	<https://panlex.org/snapshot/panlex-20191001-csv/1573#50090431>				<https://panlex.org/snapshot/panlex-20191001-csv/1573#50090528>		"sotľɨ"@cuj	
"ʼnayanc̷-a paka-hi"@agr	<https://panlex.org/snapshot/panlex-20191001-csv/1573#50085047>				<https://panlex.org/snapshot/panlex-20191001-csv/1573#50085118>		"wakanɨ"@cuj	
"kuča"@agr	<https://panlex.org/snapshot/panlex-20191001-csv/1573#50086856>				<https://panlex.org/snapshot/panlex-20191001-csv/1573#50086921>		"wenɨ"@cuj	
"kuča"@agr	<https://panlex.org/snapshot/panlex-20191001-csv/1573#50086856>				<https://panlex.org/snapshot/panlex-20191001-csv/1573#50086920>		"pow-ha"@cuj	
"hinʼta kaya pap-amu"@agr	<https://panlex.org/snapshot/panlex-20191001-csv/1573#50087382>				<https://panlex.org/snapshot/panlex-20191001-csv/1573#50087403>		"xrimta"@cuj	
"yumi"@agr	<https://panlex.org/snapshot/panlex-20191001-csv/1573#50085625>				<https://panlex.org/snapshot/panlex-20191001-csv/1573#50085685>		"ha"@cuj	
"yumi"@agr	<https://panlex.org/snapshot/panlex-20191001-csv/1573#50085625>				<https://panlex.org/snapshot/panlex-20191001-csv/1573#50085686>		"honɨ"@cuj	
"namak"@agr	<https://panlex.org/snapshot/panlex-20191001-csv/1573#50088157>				<https://panlex.org/snapshot/panlex-20191001-csv/1573#50088275>		"hapha"@cuj	
"namak"@agr	<https://panlex.org/snapshot/panlex-20191001-csv/1573#50088157>				<https://panlex.org/snapshot/panlex-20191001-csv/1573#50088276>		"wenɨ"@cuj	
