"nima-"@bjp	<https://panlex.org/snapshot/panlex-20191001-csv/114#8052103>				<https://panlex.org/snapshot/panlex-20191001-csv/114#8051905>		"ima"@mgu	
"saris"@bjp	<https://panlex.org/snapshot/panlex-20191001-csv/114#8054679>				<https://panlex.org/snapshot/panlex-20191001-csv/114#8054504>		"laea"@mgu	
"buŋa"@bjp	<https://panlex.org/snapshot/panlex-20191001-csv/114#8058737>				<https://panlex.org/snapshot/panlex-20191001-csv/114#8058539>		"amara"@mgu	
"soke"@bjp	<https://panlex.org/snapshot/panlex-20191001-csv/114#8062803>				<https://panlex.org/snapshot/panlex-20191001-csv/114#8062631>		"taguru"@mgu	
"pasua-"@bjp	<https://panlex.org/snapshot/panlex-20191001-csv/114#8061276>				<https://panlex.org/snapshot/panlex-20191001-csv/114#8061110>		"gabi"@mgu	
"fes"@bjp	<https://panlex.org/snapshot/panlex-20191001-csv/114#8054175>				<https://panlex.org/snapshot/panlex-20191001-csv/114#8053977>		"baebae"@mgu	
"pakalu"@bjp	<https://panlex.org/snapshot/panlex-20191001-csv/114#8063855>				<https://panlex.org/snapshot/panlex-20191001-csv/114#8063668>		"moru"@mgu	
"pakalu"@bjp	<https://panlex.org/snapshot/panlex-20191001-csv/114#8063855>				<https://panlex.org/snapshot/panlex-20191001-csv/114#8063669>		"uru"@mgu	
"to"@bjp	<https://panlex.org/snapshot/panlex-20191001-csv/114#8053039>				<https://panlex.org/snapshot/panlex-20191001-csv/114#8052880>		"iata"@mgu	
"koŋoŋo-"@bjp	<https://panlex.org/snapshot/panlex-20191001-csv/114#8064391>				<https://panlex.org/snapshot/panlex-20191001-csv/114#8064211>		"kusani"@mgu	
"parfat"@bjp	<https://panlex.org/snapshot/panlex-20191001-csv/114#8061821>				<https://panlex.org/snapshot/panlex-20191001-csv/114#8061635>		"vegarai"@mgu	
"parfat"@bjp	<https://panlex.org/snapshot/panlex-20191001-csv/114#8061821>				<https://panlex.org/snapshot/panlex-20191001-csv/114#8061634>		"ribariba"@mgu	
"keke"@bjp	<https://panlex.org/snapshot/panlex-20191001-csv/114#8053587>				<https://panlex.org/snapshot/panlex-20191001-csv/114#8053392>		"au"@mgu	
"bal"@bjp	<https://panlex.org/snapshot/panlex-20191001-csv/114#8058736>				<https://panlex.org/snapshot/panlex-20191001-csv/114#8058539>		"amara"@mgu	
