"*raun ni qulu"@pqe	<https://panlex.org/snapshot/panlex-20191001-csv/114#8064844>				<https://panlex.org/snapshot/panlex-20191001-csv/114#8064699>		"feina"@leu	
"*lako"@pqe	<https://panlex.org/snapshot/panlex-20191001-csv/114#8054081>				<https://panlex.org/snapshot/panlex-20191001-csv/114#8053921>		"a pan"@leu	
"*lako"@pqe	<https://panlex.org/snapshot/panlex-20191001-csv/114#8054081>				<https://panlex.org/snapshot/panlex-20191001-csv/114#8053922>		"a sangas"@leu	
"*nipon"@pqe	<https://panlex.org/snapshot/panlex-20191001-csv/114#8067435>				<https://panlex.org/snapshot/panlex-20191001-csv/114#8067281>		"lioana"@leu	
"*daun ni qulu"@pqe	<https://panlex.org/snapshot/panlex-20191001-csv/114#8064843>				<https://panlex.org/snapshot/panlex-20191001-csv/114#8064699>		"feina"@leu	
"*isuŋ"@pqe	<https://panlex.org/snapshot/panlex-20191001-csv/114#8065402>				<https://panlex.org/snapshot/panlex-20191001-csv/114#8065253>		"isuna"@leu	
"*ma-qitəm"@pqe	<https://panlex.org/snapshot/panlex-20191001-csv/114#8056621>				<https://panlex.org/snapshot/panlex-20191001-csv/114#8056483>		"mak"@leu	
"*pano"@pqe	<https://panlex.org/snapshot/panlex-20191001-csv/114#8054082>				<https://panlex.org/snapshot/panlex-20191001-csv/114#8053921>		"a pan"@leu	
"*pano"@pqe	<https://panlex.org/snapshot/panlex-20191001-csv/114#8054082>				<https://panlex.org/snapshot/panlex-20191001-csv/114#8053922>		"a sangas"@leu	
"*buk"@pqe	<https://panlex.org/snapshot/panlex-20191001-csv/114#8064842>				<https://panlex.org/snapshot/panlex-20191001-csv/114#8064699>		"feina"@leu	
"*kulit"@pqe	<https://panlex.org/snapshot/panlex-20191001-csv/114#8057594>				<https://panlex.org/snapshot/panlex-20191001-csv/114#8057450>		"tana"@leu	
"*tawa"@pqe	<https://panlex.org/snapshot/panlex-20191001-csv/114#8068485>				<https://panlex.org/snapshot/panlex-20191001-csv/114#8068340>		"a wal"@leu	
"*ajok"@pqe	<https://panlex.org/snapshot/panlex-20191001-csv/114#8066352>				<https://panlex.org/snapshot/panlex-20191001-csv/114#8066208>		"a ngusangi"@leu	
"*taqu"@pqe	<https://panlex.org/snapshot/panlex-20191001-csv/114#8061736>				<https://panlex.org/snapshot/panlex-20191001-csv/114#8061581>		"a rechas"@leu	
"*malip"@pqe	<https://panlex.org/snapshot/panlex-20191001-csv/114#8068484>				<https://panlex.org/snapshot/panlex-20191001-csv/114#8068340>		"a wal"@leu	
"*lakaw"@pqe	<https://panlex.org/snapshot/panlex-20191001-csv/114#8054079>				<https://panlex.org/snapshot/panlex-20191001-csv/114#8053921>		"a pan"@leu	
"*lakaw"@pqe	<https://panlex.org/snapshot/panlex-20191001-csv/114#8054079>				<https://panlex.org/snapshot/panlex-20191001-csv/114#8053922>		"a sangas"@leu	
"*qawa"@pqe	<https://panlex.org/snapshot/panlex-20191001-csv/114#8066877>				<https://panlex.org/snapshot/panlex-20191001-csv/114#8066722>		"ngusuna"@leu	
"*susu"@pqe	<https://panlex.org/snapshot/panlex-20191001-csv/114#8060686>				<https://panlex.org/snapshot/panlex-20191001-csv/114#8060529>		"susina"@leu	
"*takuʀu"@pqe	<https://panlex.org/snapshot/panlex-20191001-csv/114#8058103>				<https://panlex.org/snapshot/panlex-20191001-csv/114#8057968>		"a mina"@leu	
"*tinaqi"@pqe	<https://panlex.org/snapshot/panlex-20191001-csv/114#8059653>				<https://panlex.org/snapshot/panlex-20191001-csv/114#8059517>		"a bilavina"@leu	
"*waqay"@pqe	<https://panlex.org/snapshot/panlex-20191001-csv/114#8053494>				<https://panlex.org/snapshot/panlex-20191001-csv/114#8053340>		"kina"@leu	
"*waqay"@pqe	<https://panlex.org/snapshot/panlex-20191001-csv/114#8053494>				<https://panlex.org/snapshot/panlex-20191001-csv/114#8053339>		"a kina"@leu	
"*qatay"@pqe	<https://panlex.org/snapshot/panlex-20191001-csv/114#8060130>				<https://panlex.org/snapshot/panlex-20191001-csv/114#8059994>		"busaina"@leu	
"*babaq"@pqe	<https://panlex.org/snapshot/panlex-20191001-csv/114#8066875>				<https://panlex.org/snapshot/panlex-20191001-csv/114#8066722>		"ngusuna"@leu	
"*papaq"@pqe	<https://panlex.org/snapshot/panlex-20191001-csv/114#8066876>				<https://panlex.org/snapshot/panlex-20191001-csv/114#8066722>		"ngusuna"@leu	
"*daʀaq"@pqe	<https://panlex.org/snapshot/panlex-20191001-csv/114#8063223>				<https://panlex.org/snapshot/panlex-20191001-csv/114#8063073>		"diaina"@leu	
