"*raun ni qulu"@pqe	<https://panlex.org/snapshot/panlex-20191001-csv/114#8064844>				<https://panlex.org/snapshot/panlex-20191001-csv/114#8064804>		"lau ulu"@niu	
"*raun ni qulu"@pqe	<https://panlex.org/snapshot/panlex-20191001-csv/114#8064844>				<https://panlex.org/snapshot/panlex-20191001-csv/114#8064803>		"fulu"@niu	
"*lako"@pqe	<https://panlex.org/snapshot/panlex-20191001-csv/114#8054081>				<https://panlex.org/snapshot/panlex-20191001-csv/114#8054038>		"haele"@niu	
"*nipon"@pqe	<https://panlex.org/snapshot/panlex-20191001-csv/114#8067435>				<https://panlex.org/snapshot/panlex-20191001-csv/114#8067395>		"nifo"@niu	
"*daun ni qulu"@pqe	<https://panlex.org/snapshot/panlex-20191001-csv/114#8064843>				<https://panlex.org/snapshot/panlex-20191001-csv/114#8064804>		"lau ulu"@niu	
"*daun ni qulu"@pqe	<https://panlex.org/snapshot/panlex-20191001-csv/114#8064843>				<https://panlex.org/snapshot/panlex-20191001-csv/114#8064803>		"fulu"@niu	
"*isuŋ"@pqe	<https://panlex.org/snapshot/panlex-20191001-csv/114#8065402>				<https://panlex.org/snapshot/panlex-20191001-csv/114#8065366>		"ihu"@niu	
"*ma-qitəm"@pqe	<https://panlex.org/snapshot/panlex-20191001-csv/114#8056621>				<https://panlex.org/snapshot/panlex-20191001-csv/114#8056580>		"pilo"@niu	
"*ma-qitəm"@pqe	<https://panlex.org/snapshot/panlex-20191001-csv/114#8056621>				<https://panlex.org/snapshot/panlex-20191001-csv/114#8056579>		"palapala"@niu	
"*pano"@pqe	<https://panlex.org/snapshot/panlex-20191001-csv/114#8054082>				<https://panlex.org/snapshot/panlex-20191001-csv/114#8054038>		"haele"@niu	
"*buk"@pqe	<https://panlex.org/snapshot/panlex-20191001-csv/114#8064842>				<https://panlex.org/snapshot/panlex-20191001-csv/114#8064804>		"lau ulu"@niu	
"*buk"@pqe	<https://panlex.org/snapshot/panlex-20191001-csv/114#8064842>				<https://panlex.org/snapshot/panlex-20191001-csv/114#8064803>		"fulu"@niu	
"*kulit"@pqe	<https://panlex.org/snapshot/panlex-20191001-csv/114#8057594>				<https://panlex.org/snapshot/panlex-20191001-csv/114#8057560>		"kili"@niu	
"*tawa"@pqe	<https://panlex.org/snapshot/panlex-20191001-csv/114#8068485>				<https://panlex.org/snapshot/panlex-20191001-csv/114#8068449>		"kata"@niu	
"*ajok"@pqe	<https://panlex.org/snapshot/panlex-20191001-csv/114#8066352>				<https://panlex.org/snapshot/panlex-20191001-csv/114#8066317>		"hoŋi"@niu	
"*taqu"@pqe	<https://panlex.org/snapshot/panlex-20191001-csv/114#8061736>				<https://panlex.org/snapshot/panlex-20191001-csv/114#8061698>		"iloa"@niu	
"*taqu"@pqe	<https://panlex.org/snapshot/panlex-20191001-csv/114#8061736>				<https://panlex.org/snapshot/panlex-20191001-csv/114#8061697>		"ilo"@niu	
"*malip"@pqe	<https://panlex.org/snapshot/panlex-20191001-csv/114#8068484>				<https://panlex.org/snapshot/panlex-20191001-csv/114#8068449>		"kata"@niu	
"*lakaw"@pqe	<https://panlex.org/snapshot/panlex-20191001-csv/114#8054079>				<https://panlex.org/snapshot/panlex-20191001-csv/114#8054038>		"haele"@niu	
"*qawa"@pqe	<https://panlex.org/snapshot/panlex-20191001-csv/114#8066877>				<https://panlex.org/snapshot/panlex-20191001-csv/114#8066838>		"ŋutu"@niu	
"*susu"@pqe	<https://panlex.org/snapshot/panlex-20191001-csv/114#8060686>				<https://panlex.org/snapshot/panlex-20191001-csv/114#8060648>		"huhu"@niu	
"*tinaqi"@pqe	<https://panlex.org/snapshot/panlex-20191001-csv/114#8059653>				<https://panlex.org/snapshot/panlex-20191001-csv/114#8059619>		"ŋaakau"@niu	
"*waqay"@pqe	<https://panlex.org/snapshot/panlex-20191001-csv/114#8053494>				<https://panlex.org/snapshot/panlex-20191001-csv/114#8053458>		"vee"@niu	
"*qatay"@pqe	<https://panlex.org/snapshot/panlex-20191001-csv/114#8060130>				<https://panlex.org/snapshot/panlex-20191001-csv/114#8060099>		"ate"@niu	
"*babaq"@pqe	<https://panlex.org/snapshot/panlex-20191001-csv/114#8066875>				<https://panlex.org/snapshot/panlex-20191001-csv/114#8066838>		"ŋutu"@niu	
"*papaq"@pqe	<https://panlex.org/snapshot/panlex-20191001-csv/114#8066876>				<https://panlex.org/snapshot/panlex-20191001-csv/114#8066838>		"ŋutu"@niu	
"*daʀaq"@pqe	<https://panlex.org/snapshot/panlex-20191001-csv/114#8063223>				<https://panlex.org/snapshot/panlex-20191001-csv/114#8063189>		"toto"@niu	
