"ae|na"@mpx	<https://panlex.org/snapshot/panlex-20191001-csv/114#8053411>				<https://panlex.org/snapshot/panlex-20191001-csv/114#8053119>		"sari"@akr	
"gegeba|na"@mpx	<https://panlex.org/snapshot/panlex-20191001-csv/114#8052432>				<https://panlex.org/snapshot/panlex-20191001-csv/114#8052195>		"mʼarau"@akr	
"i|ana"@mpx	<https://panlex.org/snapshot/panlex-20191001-csv/114#8065806>				<https://panlex.org/snapshot/panlex-20191001-csv/114#8065586>		"mʼapu"@akr	
"vevela|na"@mpx	<https://panlex.org/snapshot/panlex-20191001-csv/114#8061127>				<https://panlex.org/snapshot/panlex-20191001-csv/114#8060892>		"pili"@akr	
"i|ate|na"@mpx	<https://panlex.org/snapshot/panlex-20191001-csv/114#8061654>				<https://panlex.org/snapshot/panlex-20191001-csv/114#8061353>		"levse"@akr	
"kamwasa"@mpx	<https://panlex.org/snapshot/panlex-20191001-csv/114#8054521>				<https://panlex.org/snapshot/panlex-20191001-csv/114#8054279>		"sala"@akr	
"i|highig"@mpx	<https://panlex.org/snapshot/panlex-20191001-csv/114#8056029>				<https://panlex.org/snapshot/panlex-20191001-csv/114#8055759>		"karu"@akr	
