"fɔf mɔlɔ"@tem	<https://panlex.org/snapshot/panlex-20191001-csv/5434#69532344>				<https://panlex.org/snapshot/panlex-20191001-csv/5434#69532342>		"bargain"@en	
"wunibom"@tem	<https://panlex.org/snapshot/panlex-20191001-csv/5434#69532655>				<https://panlex.org/snapshot/panlex-20191001-csv/5434#69532653>		"woman"@en	
"kʌ swit"@tem	<https://panlex.org/snapshot/panlex-20191001-csv/5434#69532390>				<https://panlex.org/snapshot/panlex-20191001-csv/5434#69532387>		"candy"@en	
"kʌ swit"@tem	<https://panlex.org/snapshot/panlex-20191001-csv/5434#69532390>				<https://panlex.org/snapshot/panlex-20191001-csv/5434#69532388>		"sweet"@en	
"tey"@tem	<https://panlex.org/snapshot/panlex-20191001-csv/5434#69532593>				<https://panlex.org/snapshot/panlex-20191001-csv/5434#69532591>		"stop"@en	
"ninʌŋ"@tem	<https://panlex.org/snapshot/panlex-20191001-csv/5434#69532619>				<https://panlex.org/snapshot/panlex-20191001-csv/5434#69532617>		"tomorrow"@en	
"tey mi"@tem	<https://panlex.org/snapshot/panlex-20191001-csv/5434#69532502>				<https://panlex.org/snapshot/panlex-20191001-csv/5434#69532500>		"leave me alone"@en	
"wath runi"@tem	<https://panlex.org/snapshot/panlex-20191001-csv/5434#69532371>				<https://panlex.org/snapshot/panlex-20191001-csv/5434#69532369>		"boy"@en	
"mari"@tem	<https://panlex.org/snapshot/panlex-20191001-csv/5434#69532545>				<https://panlex.org/snapshot/panlex-20191001-csv/5434#69532543>		"please"@en	
"kʌ bo"@tem	<https://panlex.org/snapshot/panlex-20191001-csv/5434#69532381>				<https://panlex.org/snapshot/panlex-20191001-csv/5434#69532379>		"bread"@en	
"kʌ yaba"@tem	<https://panlex.org/snapshot/panlex-20191001-csv/5434#69532533>				<https://panlex.org/snapshot/panlex-20191001-csv/5434#69532531>		"onions"@en	
"mʌ ru"@tem	<https://panlex.org/snapshot/panlex-20191001-csv/5434#69532378>				<https://panlex.org/snapshot/panlex-20191001-csv/5434#69532376>		"braids"@en	
"ʌŋ bɔnɛt"@tem	<https://panlex.org/snapshot/panlex-20191001-csv/5434#69532368>				<https://panlex.org/snapshot/panlex-20191001-csv/5434#69532366>		"hood"@en	
"ʌŋ bɔnɛt"@tem	<https://panlex.org/snapshot/panlex-20191001-csv/5434#69532368>				<https://panlex.org/snapshot/panlex-20191001-csv/5434#69532365>		"bonnet"@en	
"wanth uruni"@tem	<https://panlex.org/snapshot/panlex-20191001-csv/5434#69532372>				<https://panlex.org/snapshot/panlex-20191001-csv/5434#69532369>		"boy"@en	
"ɔ key"@tem	<https://panlex.org/snapshot/panlex-20191001-csv/5434#69532613>				<https://panlex.org/snapshot/panlex-20191001-csv/5434#69532610>		"thief"@en	
"gbʌthi"@tem	<https://panlex.org/snapshot/panlex-20191001-csv/5434#69532548>				<https://panlex.org/snapshot/panlex-20191001-csv/5434#69532546>		"plenty"@en	
"min yenki"@tem	<https://panlex.org/snapshot/panlex-20191001-csv/5434#69532490>				<https://panlex.org/snapshot/panlex-20191001-csv/5434#69532488>		"I am fine"@en	
"ʌ mʌnt"@tem	<https://panlex.org/snapshot/panlex-20191001-csv/5434#69532641>				<https://panlex.org/snapshot/panlex-20191001-csv/5434#69532639>		"water"@en	
"ro səthor"@tem	<https://panlex.org/snapshot/panlex-20191001-csv/5434#69532572>				<https://panlex.org/snapshot/panlex-20191001-csv/5434#69532569>		"store"@en	
"ro səthor"@tem	<https://panlex.org/snapshot/panlex-20191001-csv/5434#69532572>				<https://panlex.org/snapshot/panlex-20191001-csv/5434#69532568>		"shop"@en	
"ʌŋ muru"@tem	<https://panlex.org/snapshot/panlex-20191001-csv/5434#69532421>				<https://panlex.org/snapshot/panlex-20191001-csv/5434#69532419>		"trash can"@en	
"ʌŋ muru"@tem	<https://panlex.org/snapshot/panlex-20191001-csv/5434#69532421>				<https://panlex.org/snapshot/panlex-20191001-csv/5434#69532418>		"dustbin"@en	
"ɛ krep"@tem	<https://panlex.org/snapshot/panlex-20191001-csv/5434#69532586>				<https://panlex.org/snapshot/panlex-20191001-csv/5434#69532584>		"trainers"@en	
"ɛ krep"@tem	<https://panlex.org/snapshot/panlex-20191001-csv/5434#69532586>				<https://panlex.org/snapshot/panlex-20191001-csv/5434#69532583>		"sneakers"@en	
"ʌŋ but"@tem	<https://panlex.org/snapshot/panlex-20191001-csv/5434#69532629>				<https://panlex.org/snapshot/panlex-20191001-csv/5434#69532627>		"boot"@en	
"ʌŋ but"@tem	<https://panlex.org/snapshot/panlex-20191001-csv/5434#69532629>				<https://panlex.org/snapshot/panlex-20191001-csv/5434#69532626>		"trunk"@en	
"bʌsər"@tem	<https://panlex.org/snapshot/panlex-20191001-csv/5434#69532487>				<https://panlex.org/snapshot/panlex-20191001-csv/5434#69532485>		"hurry up"@en	
"mar mi"@tem	<https://panlex.org/snapshot/panlex-20191001-csv/5434#69532477>				<https://panlex.org/snapshot/panlex-20191001-csv/5434#69532474>		"help me"@en	
"ɔ yathki"@tem	<https://panlex.org/snapshot/panlex-20191001-csv/5434#69532443>				<https://panlex.org/snapshot/panlex-20191001-csv/5434#69532441>		"friend"@en	
"sɛkɛ"@tem	<https://panlex.org/snapshot/panlex-20191001-csv/5434#69532473>				<https://panlex.org/snapshot/panlex-20191001-csv/5434#69532470>		"hello"@en	
"I nɛmthɛnɛ"@tem	<https://panlex.org/snapshot/panlex-20191001-csv/5434#69532493>				<https://panlex.org/snapshot/panlex-20191001-csv/5434#69532491>		"I am sorry"@en	
"ʌŋ kɔftha"@tem	<https://panlex.org/snapshot/panlex-20191001-csv/5434#69532567>				<https://panlex.org/snapshot/panlex-20191001-csv/5434#69532565>		"shoe"@en	
"ʌŋ ləns"@tem	<https://panlex.org/snapshot/panlex-20191001-csv/5434#69532424>				<https://panlex.org/snapshot/panlex-20191001-csv/5434#69532422>		"ear"@en	
"wanduni"@tem	<https://panlex.org/snapshot/panlex-20191001-csv/5434#69532506>				<https://panlex.org/snapshot/panlex-20191001-csv/5434#69532504>		"man"@en	
"ɔ wath"@tem	<https://panlex.org/snapshot/panlex-20191001-csv/5434#69532396>				<https://panlex.org/snapshot/panlex-20191001-csv/5434#69532394>		"child"@en	
"ʌŋ tɔntebul"@tem	<https://panlex.org/snapshot/panlex-20191001-csv/5434#69532404>				<https://panlex.org/snapshot/panlex-20191001-csv/5434#69532402>		"roundabout"@en	
"ʌŋ tɔntebul"@tem	<https://panlex.org/snapshot/panlex-20191001-csv/5434#69532404>				<https://panlex.org/snapshot/panlex-20191001-csv/5434#69532401>		"circle"@en	
"I bayɛ"@tem	<https://panlex.org/snapshot/panlex-20191001-csv/5434#69532496>				<https://panlex.org/snapshot/panlex-20191001-csv/5434#69532494>		"I don’t have"@en	
"ɔwa"@tem	<https://panlex.org/snapshot/panlex-20191001-csv/5434#69532460>				<https://panlex.org/snapshot/panlex-20191001-csv/5434#69532458>		"goodbye"@en	
"mʌmo"@tem	<https://panlex.org/snapshot/panlex-20191001-csv/5434#69532609>				<https://panlex.org/snapshot/panlex-20191001-csv/5434#69532607>		"thank you"@en	
"kʌ tis"@tem	<https://panlex.org/snapshot/panlex-20191001-csv/5434#69532417>				<https://panlex.org/snapshot/panlex-20191001-csv/5434#69532415>		"drunk"@en	
"təmʌ"@tem	<https://panlex.org/snapshot/panlex-20191001-csv/5434#69532589>				<https://panlex.org/snapshot/panlex-20191001-csv/5434#69532587>		"stand up"@en	
"kʌ sənt"@tem	<https://panlex.org/snapshot/panlex-20191001-csv/5434#69532564>				<https://panlex.org/snapshot/panlex-20191001-csv/5434#69532562>		"sand"@en	
"ʌŋ tɔl"@tem	<https://panlex.org/snapshot/panlex-20191001-csv/5434#69532515>				<https://panlex.org/snapshot/panlex-20191001-csv/5434#69532513>		"medication"@en	
"ro gbaŋ"@tem	<https://panlex.org/snapshot/panlex-20191001-csv/5434#69532557>				<https://panlex.org/snapshot/panlex-20191001-csv/5434#69532555>		"provinces"@en	
"ʌŋ lɔri"@tem	<https://panlex.org/snapshot/panlex-20191001-csv/5434#69532393>				<https://panlex.org/snapshot/panlex-20191001-csv/5434#69532391>		"car"@en	
"kʌ fənt"@tem	<https://panlex.org/snapshot/panlex-20191001-csv/5434#69532353>				<https://panlex.org/snapshot/panlex-20191001-csv/5434#69532351>		"bed"@en	
"ʌŋ trit"@tem	<https://panlex.org/snapshot/panlex-20191001-csv/5434#69532596>				<https://panlex.org/snapshot/panlex-20191001-csv/5434#69532594>		"street"@en	
"gberkethe"@tem	<https://panlex.org/snapshot/panlex-20191001-csv/5434#69532450>				<https://panlex.org/snapshot/panlex-20191001-csv/5434#69532448>		"in the open"@en	
"ʌ kek"@tem	<https://panlex.org/snapshot/panlex-20191001-csv/5434#69532347>				<https://panlex.org/snapshot/panlex-20191001-csv/5434#69532345>		"beard"@en	
"beki"@tem	<https://panlex.org/snapshot/panlex-20191001-csv/5434#69532427>				<https://panlex.org/snapshot/panlex-20191001-csv/5434#69532425>		"enough"@en	
"rəyaŋ"@tem	<https://panlex.org/snapshot/panlex-20191001-csv/5434#69532333>				<https://panlex.org/snapshot/panlex-20191001-csv/5434#69532331>		"afternoon"@en	
"ʌ lɔkɔ-a"@tem	<https://panlex.org/snapshot/panlex-20191001-csv/5434#69532648>				<https://panlex.org/snapshot/panlex-20191001-csv/5434#69532646>		"when"@en	
"bansʌ"@tem	<https://panlex.org/snapshot/panlex-20191001-csv/5434#69532635>				<https://panlex.org/snapshot/panlex-20191001-csv/5434#69532633>		"upset"@en	
"kʌ səŋ"@tem	<https://panlex.org/snapshot/panlex-20191001-csv/5434#69532524>				<https://panlex.org/snapshot/panlex-20191001-csv/5434#69532522>		"mouth"@en	
"ɔ thela"@tem	<https://panlex.org/snapshot/panlex-20191001-csv/5434#69532599>				<https://panlex.org/snapshot/panlex-20191001-csv/5434#69532597>		"tailor"@en	
"ko rəka-a"@tem	<https://panlex.org/snapshot/panlex-20191001-csv/5434#69532645>				<https://panlex.org/snapshot/panlex-20191001-csv/5434#69532642>		"what"@en	
"mʌber"@tem	<https://panlex.org/snapshot/panlex-20191001-csv/5434#69532337>				<https://panlex.org/snapshot/panlex-20191001-csv/5434#69532334>		"alcohol"@en	
"sɔnkɔ"@tem	<https://panlex.org/snapshot/panlex-20191001-csv/5434#69532576>				<https://panlex.org/snapshot/panlex-20191001-csv/5434#69532573>		"shout"@en	
"sɔnkɔ"@tem	<https://panlex.org/snapshot/panlex-20191001-csv/5434#69532576>				<https://panlex.org/snapshot/panlex-20191001-csv/5434#69532574>		"yell"@en	
"ʌŋ yɔnksɔn"@tem	<https://panlex.org/snapshot/panlex-20191001-csv/5434#69532411>				<https://panlex.org/snapshot/panlex-20191001-csv/5434#69532409>		"junction"@en	
"ʌŋ yɔnksɔn"@tem	<https://panlex.org/snapshot/panlex-20191001-csv/5434#69532411>				<https://panlex.org/snapshot/panlex-20191001-csv/5434#69532408>		"cross roads"@en	
"da rədi"@tem	<https://panlex.org/snapshot/panlex-20191001-csv/5434#69532440>				<https://panlex.org/snapshot/panlex-20191001-csv/5434#69532438>		"food"@en	
"ʌŋ pɔmp"@tem	<https://panlex.org/snapshot/panlex-20191001-csv/5434#69532602>				<https://panlex.org/snapshot/panlex-20191001-csv/5434#69532600>		"tap"@en	
"ʌŋ kala"@tem	<https://panlex.org/snapshot/panlex-20191001-csv/5434#69532518>				<https://panlex.org/snapshot/panlex-20191001-csv/5434#69532516>		"money"@en	
"rʌ yola"@tem	<https://panlex.org/snapshot/panlex-20191001-csv/5434#69532561>				<https://panlex.org/snapshot/panlex-20191001-csv/5434#69532558>		"rich"@en	
"yathri"@tem	<https://panlex.org/snapshot/panlex-20191001-csv/5434#69532375>				<https://panlex.org/snapshot/panlex-20191001-csv/5434#69532373>		"rubbish"@en	
"thonɔŋ"@tem	<https://panlex.org/snapshot/panlex-20191001-csv/5434#69532616>				<https://panlex.org/snapshot/panlex-20191001-csv/5434#69532614>		"today"@en	
"ʌŋ winda"@tem	<https://panlex.org/snapshot/panlex-20191001-csv/5434#69532651>				<https://panlex.org/snapshot/panlex-20191001-csv/5434#69532649>		"window"@en	
"kɔth"@tem	<https://panlex.org/snapshot/panlex-20191001-csv/5434#69532638>				<https://panlex.org/snapshot/panlex-20191001-csv/5434#69532636>		"walk"@en	
"ʌŋ runt"@tem	<https://panlex.org/snapshot/panlex-20191001-csv/5434#69532400>				<https://panlex.org/snapshot/panlex-20191001-csv/5434#69532397>		"cholera"@en	
"ʌŋ runt"@tem	<https://panlex.org/snapshot/panlex-20191001-csv/5434#69532400>				<https://panlex.org/snapshot/panlex-20191001-csv/5434#69532398>		"dysentery"@en	
"ʌŋ sɔf dərink"@tem	<https://panlex.org/snapshot/panlex-20191001-csv/5434#69532330>				<https://panlex.org/snapshot/panlex-20191001-csv/5434#69532327>		"pop"@en	
"ʌŋ sɔf dərink"@tem	<https://panlex.org/snapshot/panlex-20191001-csv/5434#69532330>				<https://panlex.org/snapshot/panlex-20191001-csv/5434#69532326>		"soda"@en	
"ʌŋ sɔf dərink"@tem	<https://panlex.org/snapshot/panlex-20191001-csv/5434#69532330>				<https://panlex.org/snapshot/panlex-20191001-csv/5434#69532328>		"soft drink"@en	
"podapoda"@tem	<https://panlex.org/snapshot/panlex-20191001-csv/5434#69532386>				<https://panlex.org/snapshot/panlex-20191001-csv/5434#69532382>		"bus"@en	
"mʌ kʌntər"@tem	<https://panlex.org/snapshot/panlex-20191001-csv/5434#69532542>				<https://panlex.org/snapshot/panlex-20191001-csv/5434#69532540>		"peanut"@en	
"ro yɔpɔwa"@tem	<https://panlex.org/snapshot/panlex-20191001-csv/5434#69532509>				<https://panlex.org/snapshot/panlex-20191001-csv/5434#69532507>		"market"@en	
"yokanɛ"@tem	<https://panlex.org/snapshot/panlex-20191001-csv/5434#69532590>				<https://panlex.org/snapshot/panlex-20191001-csv/5434#69532587>		"stand up"@en	
"fith"@tem	<https://panlex.org/snapshot/panlex-20191001-csv/5434#69532360>				<https://panlex.org/snapshot/panlex-20191001-csv/5434#69532358>		"blind"@en	
"ro kaŋ"@tem	<https://panlex.org/snapshot/panlex-20191001-csv/5434#69532539>				<https://panlex.org/snapshot/panlex-20191001-csv/5434#69532537>		"outside"@en	
"I tʌrʌ"@tem	<https://panlex.org/snapshot/panlex-20191001-csv/5434#69532499>				<https://panlex.org/snapshot/panlex-20191001-csv/5434#69532497>		"I know"@en	
"to pɛ mu-a"@tem	<https://panlex.org/snapshot/panlex-20191001-csv/5434#69532484>				<https://panlex.org/snapshot/panlex-20191001-csv/5434#69532482>		"how are you"@en	
"ʌŋ sum"@tem	<https://panlex.org/snapshot/panlex-20191001-csv/5434#69532554>				<https://panlex.org/snapshot/panlex-20191001-csv/5434#69532552>		"power outage"@en	
"ʌŋ pɛntrol"@tem	<https://panlex.org/snapshot/panlex-20191001-csv/5434#69532447>				<https://panlex.org/snapshot/panlex-20191001-csv/5434#69532445>		"petrol"@en	
"ʌŋ pɛntrol"@tem	<https://panlex.org/snapshot/panlex-20191001-csv/5434#69532447>				<https://panlex.org/snapshot/panlex-20191001-csv/5434#69532444>		"gas"@en	
"ɛ yankra"@tem	<https://panlex.org/snapshot/panlex-20191001-csv/5434#69532625>				<https://panlex.org/snapshot/panlex-20191001-csv/5434#69532623>		"trouser"@en	
"kʌ poŋ"@tem	<https://panlex.org/snapshot/panlex-20191001-csv/5434#69532433>				<https://panlex.org/snapshot/panlex-20191001-csv/5434#69532431>		"finish"@en	
"gbɛpɛ mi"@tem	<https://panlex.org/snapshot/panlex-20191001-csv/5434#69532503>				<https://panlex.org/snapshot/panlex-20191001-csv/5434#69532500>		"leave me alone"@en	
"ʌŋ lemre"@tem	<https://panlex.org/snapshot/panlex-20191001-csv/5434#69532536>				<https://panlex.org/snapshot/panlex-20191001-csv/5434#69532534>		"orange"@en	
"minɛ yi"@tem	<https://panlex.org/snapshot/panlex-20191001-csv/5434#69532325>				<https://panlex.org/snapshot/panlex-20191001-csv/5434#69532322>		"I am"@en	
"minɛ yi"@tem	<https://panlex.org/snapshot/panlex-20191001-csv/5434#69532325>				<https://panlex.org/snapshot/panlex-20191001-csv/5434#69532323>		"my name is"@en	
"wath bɛra"@tem	<https://panlex.org/snapshot/panlex-20191001-csv/5434#69532457>				<https://panlex.org/snapshot/panlex-20191001-csv/5434#69532455>		"girl"@en	
"ʌŋ ba"@tem	<https://panlex.org/snapshot/panlex-20191001-csv/5434#69532341>				<https://panlex.org/snapshot/panlex-20191001-csv/5434#69532339>		"pub"@en	
"ʌŋ ba"@tem	<https://panlex.org/snapshot/panlex-20191001-csv/5434#69532341>				<https://panlex.org/snapshot/panlex-20191001-csv/5434#69532338>		"bar"@en	
"rʌ fɔy"@tem	<https://panlex.org/snapshot/panlex-20191001-csv/5434#69532530>				<https://panlex.org/snapshot/panlex-20191001-csv/5434#69532528>		"night"@en	
"ʌ kɔnyɛ"@tem	<https://panlex.org/snapshot/panlex-20191001-csv/5434#69532582>				<https://panlex.org/snapshot/panlex-20191001-csv/5434#69532580>		"snacks"@en	
"kʌ fenk"@tem	<https://panlex.org/snapshot/panlex-20191001-csv/5434#69532652>				<https://panlex.org/snapshot/panlex-20191001-csv/5434#69532649>		"window"@en	
"ɔ bɔnɛ"@tem	<https://panlex.org/snapshot/panlex-20191001-csv/5434#69532466>				<https://panlex.org/snapshot/panlex-20191001-csv/5434#69532464>		"happy"@en	
"ko-a"@tem	<https://panlex.org/snapshot/panlex-20191001-csv/5434#69532644>				<https://panlex.org/snapshot/panlex-20191001-csv/5434#69532642>		"what"@en	
"yola"@tem	<https://panlex.org/snapshot/panlex-20191001-csv/5434#69532560>				<https://panlex.org/snapshot/panlex-20191001-csv/5434#69532558>		"rich"@en	
"kʌ dare"@tem	<https://panlex.org/snapshot/panlex-20191001-csv/5434#69532414>				<https://panlex.org/snapshot/panlex-20191001-csv/5434#69532412>		"door"@en	
"ʌ kənt"@tem	<https://panlex.org/snapshot/panlex-20191001-csv/5434#69532622>				<https://panlex.org/snapshot/panlex-20191001-csv/5434#69532620>		"tree"@en	
"mɔnɛ"@tem	<https://panlex.org/snapshot/panlex-20191001-csv/5434#69532551>				<https://panlex.org/snapshot/panlex-20191001-csv/5434#69532549>		"poor"@en	
"ɔ polis"@tem	<https://panlex.org/snapshot/panlex-20191001-csv/5434#69532364>				<https://panlex.org/snapshot/panlex-20191001-csv/5434#69532362>		"cop"@en	
"ɔ polis"@tem	<https://panlex.org/snapshot/panlex-20191001-csv/5434#69532364>				<https://panlex.org/snapshot/panlex-20191001-csv/5434#69532361>		"bobby"@en	
"kʌ gbara"@tem	<https://panlex.org/snapshot/panlex-20191001-csv/5434#69532407>				<https://panlex.org/snapshot/panlex-20191001-csv/5434#69532405>		"coconut"@en	
"ɔwe sə fʌtʌnɛ-e"@tem	<https://panlex.org/snapshot/panlex-20191001-csv/5434#69532527>				<https://panlex.org/snapshot/panlex-20191001-csv/5434#69532525>		"neighbour"@en	
"ʌ lɔkɔ lɔm"@tem	<https://panlex.org/snapshot/panlex-20191001-csv/5434#69532512>				<https://panlex.org/snapshot/panlex-20191001-csv/5434#69532510>		"maybe"@en	
"ʌŋ gbasa"@tem	<https://panlex.org/snapshot/panlex-20191001-csv/5434#69532469>				<https://panlex.org/snapshot/panlex-20191001-csv/5434#69532467>		"headtie"@en	
"ɛ afbak"@tem	<https://panlex.org/snapshot/panlex-20191001-csv/5434#69532437>				<https://panlex.org/snapshot/panlex-20191001-csv/5434#69532434>		"flip-flops"@en	
"ɛ afbak"@tem	<https://panlex.org/snapshot/panlex-20191001-csv/5434#69532437>				<https://panlex.org/snapshot/panlex-20191001-csv/5434#69532435>		"slippers"@en	
"yirʌ"@tem	<https://panlex.org/snapshot/panlex-20191001-csv/5434#69532579>				<https://panlex.org/snapshot/panlex-20191001-csv/5434#69532577>		"sit down"@en	
"der nu"@tem	<https://panlex.org/snapshot/panlex-20191001-csv/5434#69532478>				<https://panlex.org/snapshot/panlex-20191001-csv/5434#69532474>		"help me"@en	
"gbakanda"@tem	<https://panlex.org/snapshot/panlex-20191001-csv/5434#69532454>				<https://panlex.org/snapshot/panlex-20191001-csv/5434#69532452>		"fearless"@en	
"gbakanda"@tem	<https://panlex.org/snapshot/panlex-20191001-csv/5434#69532454>				<https://panlex.org/snapshot/panlex-20191001-csv/5434#69532451>		"bold"@en	
"ʌŋ kolpɔt"@tem	<https://panlex.org/snapshot/panlex-20191001-csv/5434#69532463>				<https://panlex.org/snapshot/panlex-20191001-csv/5434#69532461>		"grill"@en	
"ʌŋ mis"@tem	<https://panlex.org/snapshot/panlex-20191001-csv/5434#69532521>				<https://panlex.org/snapshot/panlex-20191001-csv/5434#69532519>		"mosquito"@en	
"ʌŋ bɔs"@tem	<https://panlex.org/snapshot/panlex-20191001-csv/5434#69532385>				<https://panlex.org/snapshot/panlex-20191001-csv/5434#69532382>		"bus"@en	
"ʌŋ seth"@tem	<https://panlex.org/snapshot/panlex-20191001-csv/5434#69532481>				<https://panlex.org/snapshot/panlex-20191001-csv/5434#69532479>		"house"@en	
"ɛ ashɔbi"@tem	<https://panlex.org/snapshot/panlex-20191001-csv/5434#69532632>				<https://panlex.org/snapshot/panlex-20191001-csv/5434#69532630>		"uniform"@en	
"kʌbʌri mi"@tem	<https://panlex.org/snapshot/panlex-20191001-csv/5434#69532430>				<https://panlex.org/snapshot/panlex-20191001-csv/5434#69532428>		"excuse me"@en	
"ro shɔp"@tem	<https://panlex.org/snapshot/panlex-20191001-csv/5434#69532571>				<https://panlex.org/snapshot/panlex-20191001-csv/5434#69532569>		"store"@en	
"ro shɔp"@tem	<https://panlex.org/snapshot/panlex-20191001-csv/5434#69532571>				<https://panlex.org/snapshot/panlex-20191001-csv/5434#69532568>		"shop"@en	
"kʌ biskit"@tem	<https://panlex.org/snapshot/panlex-20191001-csv/5434#69532357>				<https://panlex.org/snapshot/panlex-20191001-csv/5434#69532355>		"cookies"@en	
"kʌ biskit"@tem	<https://panlex.org/snapshot/panlex-20191001-csv/5434#69532357>				<https://panlex.org/snapshot/panlex-20191001-csv/5434#69532354>		"biscuit"@en	
"ʌŋ taksi"@tem	<https://panlex.org/snapshot/panlex-20191001-csv/5434#69532606>				<https://panlex.org/snapshot/panlex-20191001-csv/5434#69532604>		"cab"@en	
"ʌŋ taksi"@tem	<https://panlex.org/snapshot/panlex-20191001-csv/5434#69532606>				<https://panlex.org/snapshot/panlex-20191001-csv/5434#69532603>		"taxi"@en	
"yɔ kəthɛgbɛ"@tem	<https://panlex.org/snapshot/panlex-20191001-csv/5434#69532350>				<https://panlex.org/snapshot/panlex-20191001-csv/5434#69532348>		"be careful"@en	
