"tuuna ymo"@waw	<https://panlex.org/snapshot/panlex-20191001-csv/1573#50086098>				<https://panlex.org/snapshot/panlex-20191001-csv/1573#50085997>		"даьрйаьгь"@kjj	
"tuuna ymo"@waw	<https://panlex.org/snapshot/panlex-20191001-csv/1573#50086845>				<https://panlex.org/snapshot/panlex-20191001-csv/1573#50086772>		"акеан"@kjj	
"wakro-n"@waw	<https://panlex.org/snapshot/panlex-20191001-csv/1573#50086666>				<https://panlex.org/snapshot/panlex-20191001-csv/1573#50086567>		"куьппуъг"@kjj	
"krarasɨ"@waw	<https://panlex.org/snapshot/panlex-20191001-csv/1573#50089430>				<https://panlex.org/snapshot/panlex-20191001-csv/1573#50089326>		"кьарыш"@kjj	
"tuuna yeΦu"@waw	<https://panlex.org/snapshot/panlex-20191001-csv/1573#50088601>				<https://panlex.org/snapshot/panlex-20191001-csv/1573#50088407>		"ынкка"@kjj	
"tuuna yeΦu"@waw	<https://panlex.org/snapshot/panlex-20191001-csv/1573#50088601>				<https://panlex.org/snapshot/panlex-20191001-csv/1573#50088406>		"къарасу"@kjj	
"ečhɨ-rɨ"@waw	<https://panlex.org/snapshot/panlex-20191001-csv/1573#50085368>				<https://panlex.org/snapshot/panlex-20191001-csv/1573#50085217>		"къарагъ"@kjj	
"weewe"@waw	<https://panlex.org/snapshot/panlex-20191001-csv/1573#50090418>				<https://panlex.org/snapshot/panlex-20191001-csv/1573#50090309>		"мыккар"@kjj	
"weewe"@waw	<https://panlex.org/snapshot/panlex-20191001-csv/1573#50090161>				<https://panlex.org/snapshot/panlex-20191001-csv/1573#50090053>		"вишаь"@kjj	
"čiwya"@waw	<https://panlex.org/snapshot/panlex-20191001-csv/1573#50084882>				<https://panlex.org/snapshot/panlex-20191001-csv/1573#50084796>		"ода"@kjj	
"kaaΦu"@waw	<https://panlex.org/snapshot/panlex-20191001-csv/1573#50091264>				<https://panlex.org/snapshot/panlex-20191001-csv/1573#50091155>		"ццва"@kjj	
"eeΦu"@waw	<https://panlex.org/snapshot/panlex-20191001-csv/1573#50088600>				<https://panlex.org/snapshot/panlex-20191001-csv/1573#50088407>		"ынкка"@kjj	
"eeΦu"@waw	<https://panlex.org/snapshot/panlex-20191001-csv/1573#50088600>				<https://panlex.org/snapshot/panlex-20191001-csv/1573#50088406>		"къарасу"@kjj	
"kahši"@waw	<https://panlex.org/snapshot/panlex-20191001-csv/1573#50089619>				<https://panlex.org/snapshot/panlex-20191001-csv/1573#50089550>		"шаьлаьлаь"@kjj	
"aΦačak-rɨ"@waw	<https://panlex.org/snapshot/panlex-20191001-csv/1573#50083144>				<https://panlex.org/snapshot/panlex-20191001-csv/1573#50083020>		"кир"@kjj	
"aΦačak-rɨ"@waw	<https://panlex.org/snapshot/panlex-20191001-csv/1573#50083144>				<https://panlex.org/snapshot/panlex-20191001-csv/1573#50083022>		"чирк"@kjj	
"aΦačak-rɨ"@waw	<https://panlex.org/snapshot/panlex-20191001-csv/1573#50083144>				<https://panlex.org/snapshot/panlex-20191001-csv/1573#50083021>		"макьал"@kjj	
"tɨt-Φe"@waw	<https://panlex.org/snapshot/panlex-20191001-csv/1573#50086286>				<https://panlex.org/snapshot/panlex-20191001-csv/1573#50086209>		"саькин"@kjj	
"woskara"@waw	<https://panlex.org/snapshot/panlex-20191001-csv/1573#50084445>				<https://panlex.org/snapshot/panlex-20191001-csv/1573#50084300>		"дуьздаьн"@kjj	
"woskara"@waw	<https://panlex.org/snapshot/panlex-20191001-csv/1573#50084445>				<https://panlex.org/snapshot/panlex-20191001-csv/1573#50084299>		"ант"@kjj	
"woskara"@waw	<https://panlex.org/snapshot/panlex-20191001-csv/1573#50084445>				<https://panlex.org/snapshot/panlex-20191001-csv/1573#50084301>		"тала"@kjj	
"woskara"@waw	<https://panlex.org/snapshot/panlex-20191001-csv/1573#50084445>				<https://panlex.org/snapshot/panlex-20191001-csv/1573#50084302>		"ынхъа"@kjj	
"čomota"@waw	<https://panlex.org/snapshot/panlex-20191001-csv/1573#50089903>				<https://panlex.org/snapshot/panlex-20191001-csv/1573#50089775>		"маша"@kjj	
"kaamo"@waw	<https://panlex.org/snapshot/panlex-20191001-csv/1573#50091513>				<https://panlex.org/snapshot/panlex-20191001-csv/1573#50091410>		"ынкь"@kjj	
"tuuna Φɨ-tho"@waw	<https://panlex.org/snapshot/panlex-20191001-csv/1573#50089170>				<https://panlex.org/snapshot/panlex-20191001-csv/1573#50089016>		"къойу"@kjj	
"tuuna Φɨ-tho"@waw	<https://panlex.org/snapshot/panlex-20191001-csv/1573#50089170>				<https://panlex.org/snapshot/panlex-20191001-csv/1573#50089017>		"миччаь"@kjj	
"tuuna Φɨ-tho"@waw	<https://panlex.org/snapshot/panlex-20191001-csv/1573#50089170>				<https://panlex.org/snapshot/panlex-20191001-csv/1573#50089018>		"мыц"@kjj	
"ɨɨΦɨ"@waw	<https://panlex.org/snapshot/panlex-20191001-csv/1573#50083796>				<https://panlex.org/snapshot/panlex-20191001-csv/1573#50083626>		"мыда"@kjj	
"ɨɨΦɨ"@waw	<https://panlex.org/snapshot/panlex-20191001-csv/1573#50083796>				<https://panlex.org/snapshot/panlex-20191001-csv/1573#50083627>		"таьпаь"@kjj	
"ɲikitho"@waw	<https://panlex.org/snapshot/panlex-20191001-csv/1573#50087086>				<https://panlex.org/snapshot/panlex-20191001-csv/1573#50086983>		"новыр"@kjj	
"tooΦu"@waw	<https://panlex.org/snapshot/panlex-20191001-csv/1573#50090822>				<https://panlex.org/snapshot/panlex-20191001-csv/1573#50090638>		"мыда"@kjj	
"tooΦu"@waw	<https://panlex.org/snapshot/panlex-20191001-csv/1573#50090822>				<https://panlex.org/snapshot/panlex-20191001-csv/1573#50090637>		"къайа"@kjj	
"tooΦu"@waw	<https://panlex.org/snapshot/panlex-20191001-csv/1573#50090822>				<https://panlex.org/snapshot/panlex-20191001-csv/1573#50090636>		"кІачІын"@kjj	
"akawa-n"@waw	<https://panlex.org/snapshot/panlex-20191001-csv/1573#50084669>				<https://panlex.org/snapshot/panlex-20191001-csv/1573#50084579>		"даьраь"@kjj	
"akawa-n"@waw	<https://panlex.org/snapshot/panlex-20191001-csv/1573#50084669>				<https://panlex.org/snapshot/panlex-20191001-csv/1573#50084580>		"чала"@kjj	
"tuuna"@waw	<https://panlex.org/snapshot/panlex-20191001-csv/1573#50085872>				<https://panlex.org/snapshot/panlex-20191001-csv/1573#50085751>		"хьу"@kjj	
"ewta-rɨ"@waw	<https://panlex.org/snapshot/panlex-20191001-csv/1573#50085616>				<https://panlex.org/snapshot/panlex-20191001-csv/1573#50085512>		"окьан"@kjj	
"ɲ-ewčoko-čoko-na"@waw	<https://panlex.org/snapshot/panlex-20191001-csv/1573#50086453>				<https://panlex.org/snapshot/panlex-20191001-csv/1573#50086388>		"къызгъын"@kjj	
"čawawa"@waw	<https://panlex.org/snapshot/panlex-20191001-csv/1573#50084097>				<https://panlex.org/snapshot/panlex-20191001-csv/1573#50083986>		"учхун"@kjj	
"ewčoko-čoko-n"@waw	<https://panlex.org/snapshot/panlex-20191001-csv/1573#50087836>				<https://panlex.org/snapshot/panlex-20191001-csv/1573#50087732>		"лаьпаь"@kjj	
"matɨwɨ-n"@waw	<https://panlex.org/snapshot/panlex-20191001-csv/1573#50083795>				<https://panlex.org/snapshot/panlex-20191001-csv/1573#50083626>		"мыда"@kjj	
"matɨwɨ-n"@waw	<https://panlex.org/snapshot/panlex-20191001-csv/1573#50083795>				<https://panlex.org/snapshot/panlex-20191001-csv/1573#50083627>		"таьпаь"@kjj	
"roowo"@waw	<https://panlex.org/snapshot/panlex-20191001-csv/1573#50082580>				<https://panlex.org/snapshot/panlex-20191001-csv/1573#50082438>		"инччи"@kjj	
"roowo"@waw	<https://panlex.org/snapshot/panlex-20191001-csv/1573#50082580>				<https://panlex.org/snapshot/panlex-20191001-csv/1573#50082440>		"турпагъ"@kjj	
"roowo"@waw	<https://panlex.org/snapshot/panlex-20191001-csv/1573#50082580>				<https://panlex.org/snapshot/panlex-20191001-csv/1573#50082439>		"ттва"@kjj	
"roowo"@waw	<https://panlex.org/snapshot/panlex-20191001-csv/1573#50081921>				<https://panlex.org/snapshot/panlex-20191001-csv/1573#50081822>		"джине"@kjj	
"roowo"@waw	<https://panlex.org/snapshot/panlex-20191001-csv/1573#50082264>				<https://panlex.org/snapshot/panlex-20191001-csv/1573#50082109>		"джине"@kjj	
"roowo"@waw	<https://panlex.org/snapshot/panlex-20191001-csv/1573#50082264>				<https://panlex.org/snapshot/panlex-20191001-csv/1573#50082108>		"вилайаьт"@kjj	
"roowo"@waw	<https://panlex.org/snapshot/panlex-20191001-csv/1573#50082264>				<https://panlex.org/snapshot/panlex-20191001-csv/1573#50082110>		"улка"@kjj	
"ašawa"@waw	<https://panlex.org/snapshot/panlex-20191001-csv/1573#50083390>				<https://panlex.org/snapshot/panlex-20191001-csv/1573#50083280>		"къум"@kjj	
"ašawa"@waw	<https://panlex.org/snapshot/panlex-20191001-csv/1573#50083390>				<https://panlex.org/snapshot/panlex-20191001-csv/1573#50083281>		"шум"@kjj	
