"アイヌ イタㇰ"@ain	<https://panlex.org/snapshot/panlex-20191001-csv/6708#112317765>				<https://panlex.org/snapshot/panlex-20191001-csv/6708#112317769>		"aïnou"@fr	
"レㇰ"@ain	<https://panlex.org/snapshot/panlex-20191001-csv/5945#84357509>				<https://panlex.org/snapshot/panlex-20191001-csv/5945#84357512>		"barbe"@fr	
"ruyanpe"@ain	<https://panlex.org/snapshot/panlex-20191001-csv/5946#84436220>				<https://panlex.org/snapshot/panlex-20191001-csv/5946#84436282>		"pluie"@fr	
"apto"@ain	<https://panlex.org/snapshot/panlex-20191001-csv/5946#84436222>				<https://panlex.org/snapshot/panlex-20191001-csv/5946#84436282>		"pluie"@fr	
"pet"@ain	<https://panlex.org/snapshot/panlex-20191001-csv/5946#84449207>				<https://panlex.org/snapshot/panlex-20191001-csv/5946#84449234>		"fleuve"@fr	
"pet"@ain	<https://panlex.org/snapshot/panlex-20191001-csv/5946#84449207>				<https://panlex.org/snapshot/panlex-20191001-csv/5946#84449235>		"rivière"@fr	
"ポッペ"@ain	<https://panlex.org/snapshot/panlex-20191001-csv/5946#84435219>				<https://panlex.org/snapshot/panlex-20191001-csv/5946#84435251>		"transpiration"@fr	
"ポッペ"@ain	<https://panlex.org/snapshot/panlex-20191001-csv/5946#84435219>				<https://panlex.org/snapshot/panlex-20191001-csv/5946#84435250>		"sueur"@fr	
"hioyoy"@ain	<https://panlex.org/snapshot/panlex-20191001-csv/5946#84436720>				<https://panlex.org/snapshot/panlex-20191001-csv/5946#84436759>		"merci"@fr	
"hioyoy"@ain	<https://panlex.org/snapshot/panlex-20191001-csv/5946#84436720>				<https://panlex.org/snapshot/panlex-20191001-csv/5946#84436758>		"je vous remercie"@fr	
"ker"@ain	<https://panlex.org/snapshot/panlex-20191001-csv/5946#84451360>				<https://panlex.org/snapshot/panlex-20191001-csv/5946#84451401>		"chaussure"@fr	
"ker"@ain	<https://panlex.org/snapshot/panlex-20191001-csv/5946#84451360>				<https://panlex.org/snapshot/panlex-20191001-csv/5946#84451402>		"soulier"@fr	
"iyairaykere"@ain	<https://panlex.org/snapshot/panlex-20191001-csv/5946#84436719>				<https://panlex.org/snapshot/panlex-20191001-csv/5946#84436759>		"merci"@fr	
"iyairaykere"@ain	<https://panlex.org/snapshot/panlex-20191001-csv/5946#84436719>				<https://panlex.org/snapshot/panlex-20191001-csv/5946#84436758>		"je vous remercie"@fr	
"esna"@ain	<https://panlex.org/snapshot/panlex-20191001-csv/5946#84450898>				<https://panlex.org/snapshot/panlex-20191001-csv/5946#84450907>		"atchoum"@fr	
"esna"@ain	<https://panlex.org/snapshot/panlex-20191001-csv/5946#84450898>				<https://panlex.org/snapshot/panlex-20191001-csv/5946#84450906>		"éternuement"@fr	
"keyr"@ain	<https://panlex.org/snapshot/panlex-20191001-csv/5946#84451361>				<https://panlex.org/snapshot/panlex-20191001-csv/5946#84451401>		"chaussure"@fr	
"keyr"@ain	<https://panlex.org/snapshot/panlex-20191001-csv/5946#84451361>				<https://panlex.org/snapshot/panlex-20191001-csv/5946#84451402>		"soulier"@fr	
"kamuy"@ain	<https://panlex.org/snapshot/panlex-20191001-csv/5946#84448121>				<https://panlex.org/snapshot/panlex-20191001-csv/5946#84448153>		"dieu"@fr	
"kamuy"@ain	<https://panlex.org/snapshot/panlex-20191001-csv/5946#84451903>				<https://panlex.org/snapshot/panlex-20191001-csv/5946#84451910>		"ours"@fr	
"rera"@ain	<https://panlex.org/snapshot/panlex-20191001-csv/5946#84447408>				<https://panlex.org/snapshot/panlex-20191001-csv/5946#84447423>		"vent"@fr	
"irankarapte"@ain	<https://panlex.org/snapshot/panlex-20191001-csv/5946#84454306>				<https://panlex.org/snapshot/panlex-20191001-csv/5946#84454337>		"bonjour"@fr	
"irankarapte"@ain	<https://panlex.org/snapshot/panlex-20191001-csv/5946#84454306>				<https://panlex.org/snapshot/panlex-20191001-csv/5946#84454336>		"salut"@fr	
"ニ"@ain	<https://panlex.org/snapshot/panlex-20191001-csv/5946#84449540>				<https://panlex.org/snapshot/panlex-20191001-csv/5946#84449582>		"arbre"@fr	
"as"@ain	<https://panlex.org/snapshot/panlex-20191001-csv/5946#84436221>				<https://panlex.org/snapshot/panlex-20191001-csv/5946#84436282>		"pluie"@fr	
"haap"@ain	<https://panlex.org/snapshot/panlex-20191001-csv/5946#84436721>				<https://panlex.org/snapshot/panlex-20191001-csv/5946#84436759>		"merci"@fr	
"haap"@ain	<https://panlex.org/snapshot/panlex-20191001-csv/5946#84436721>				<https://panlex.org/snapshot/panlex-20191001-csv/5946#84436758>		"je vous remercie"@fr	
"セタ"@ain	<https://panlex.org/snapshot/panlex-20191001-csv/5946#84438344>				<https://panlex.org/snapshot/panlex-20191001-csv/5946#84438389>		"chien"@fr	
"ヌチャ モシㇽ"@ain	<https://panlex.org/snapshot/panlex-20191001-csv/5949#85319382>				<https://panlex.org/snapshot/panlex-20191001-csv/5949#85319449>		"Russie"@fr	
"アィヌモシㇼ"@ain	<https://panlex.org/snapshot/panlex-20191001-csv/5949#85309497>				<https://panlex.org/snapshot/panlex-20191001-csv/5949#85309534>		"Terre"@fr	
"ヌチャ"@ain	<https://panlex.org/snapshot/panlex-20191001-csv/5949#85319381>				<https://panlex.org/snapshot/panlex-20191001-csv/5949#85319449>		"Russie"@fr	
"カムイ"@ain	<https://panlex.org/snapshot/panlex-20191001-csv/5949#85302952>				<https://panlex.org/snapshot/panlex-20191001-csv/5949#85303002>		"Dieu"@fr	
"ヌチャ モシㇼ"@ain	<https://panlex.org/snapshot/panlex-20191001-csv/5949#85319380>				<https://panlex.org/snapshot/panlex-20191001-csv/5949#85319449>		"Russie"@fr	
"オナ"@ain	<https://panlex.org/snapshot/panlex-20191001-csv/5942#83284048>				<https://panlex.org/snapshot/panlex-20191001-csv/5942#83284072>		"père"@fr	
"イマキ"@ain	<https://panlex.org/snapshot/panlex-20191001-csv/5942#83281022>				<https://panlex.org/snapshot/panlex-20191001-csv/5942#83281043>		"dent"@fr	
"hoku"@ain	<https://panlex.org/snapshot/panlex-20191001-csv/5943#83306915>				<https://panlex.org/snapshot/panlex-20191001-csv/5943#83306924>		"mari"@fr	
"ak"@ain	<https://panlex.org/snapshot/panlex-20191001-csv/5943#83398844>				<https://panlex.org/snapshot/panlex-20191001-csv/5943#83398846>		"petit frère"@fr	
"po"@ain	<https://panlex.org/snapshot/panlex-20191001-csv/5943#83400639>				<https://panlex.org/snapshot/panlex-20191001-csv/5943#83400654>		"garçon"@fr	
"ekasi"@ain	<https://panlex.org/snapshot/panlex-20191001-csv/5943#83331868>				<https://panlex.org/snapshot/panlex-20191001-csv/5943#83331875>		"grand-père"@fr	
"アプンノ"@ain	<https://panlex.org/snapshot/panlex-20191001-csv/2902#111012143>				<https://panlex.org/snapshot/panlex-20191001-csv/2902#111011952>		"paix"@fr	
"otop"@ain	<https://panlex.org/snapshot/panlex-20191001-csv/10#594671>				<https://panlex.org/snapshot/panlex-20191001-csv/10#594689>		"cheveu"@fr	
"ampene"@ain	<https://panlex.org/snapshot/panlex-20191001-csv/10#598990>				<https://panlex.org/snapshot/panlex-20191001-csv/10#599001>		"très"@fr	
"mokol"@ain	<https://panlex.org/snapshot/panlex-20191001-csv/10#582594>				<https://panlex.org/snapshot/panlex-20191001-csv/10#582607>		"dormir"@fr	
"tek"@ain	<https://panlex.org/snapshot/panlex-20191001-csv/10#575211>				<https://panlex.org/snapshot/panlex-20191001-csv/10#575230>		"main"@fr	
"ライ"@ain	<https://panlex.org/snapshot/panlex-20191001-csv/3776#91695654>				<https://panlex.org/snapshot/panlex-20191001-csv/3776#91695708>		"mort"@fr	
"エマウリ"@ain	<https://panlex.org/snapshot/panlex-20191001-csv/3776#91736191>				<https://panlex.org/snapshot/panlex-20191001-csv/3776#91736221>		"fraise"@fr	
"umma"@ain	<https://panlex.org/snapshot/panlex-20191001-csv/3776#91597540>				<https://panlex.org/snapshot/panlex-20191001-csv/3776#91597592>		"cheval"@fr	
"エㇾム"@ain	<https://panlex.org/snapshot/panlex-20191001-csv/3776#91684793>				<https://panlex.org/snapshot/panlex-20191001-csv/3776#91684828>		"souris"@fr	
"to"@ain	<https://panlex.org/snapshot/panlex-20191001-csv/3776#91611193>				<https://panlex.org/snapshot/panlex-20191001-csv/3776#91611226>		"lac"@fr	
"tumama"@ain	<https://panlex.org/snapshot/panlex-20191001-csv/3776#91620003>				<https://panlex.org/snapshot/panlex-20191001-csv/3776#91620033>		"corps"@fr	
"ancikar"@ain	<https://panlex.org/snapshot/panlex-20191001-csv/3776#91653339>				<https://panlex.org/snapshot/panlex-20191001-csv/3776#91653390>		"nuit"@fr	
"カパㇷ゚"@ain	<https://panlex.org/snapshot/panlex-20191001-csv/3776#91585017>				<https://panlex.org/snapshot/panlex-20191001-csv/3776#91585047>		"chauve-souris"@fr	
"erum"@ain	<https://panlex.org/snapshot/panlex-20191001-csv/3776#91684795>				<https://panlex.org/snapshot/panlex-20191001-csv/3776#91684828>		"souris"@fr	
"タクピ"@ain	<https://panlex.org/snapshot/panlex-20191001-csv/3776#91682237>				<https://panlex.org/snapshot/panlex-20191001-csv/3776#91682275>		"épaule"@fr	
"ク"@ain	<https://panlex.org/snapshot/panlex-20191001-csv/3776#91746164>				<https://panlex.org/snapshot/panlex-20191001-csv/3776#91746181>		"arc"@fr	
"yottek"@ain	<https://panlex.org/snapshot/panlex-20191001-csv/3776#91705688>				<https://panlex.org/snapshot/panlex-20191001-csv/3776#91705706>		"las"@fr	
"yottek"@ain	<https://panlex.org/snapshot/panlex-20191001-csv/3776#91705688>				<https://panlex.org/snapshot/panlex-20191001-csv/3776#91705707>		"fatigué"@fr	
"ポッペ"@ain	<https://panlex.org/snapshot/panlex-20191001-csv/3776#91637416>				<https://panlex.org/snapshot/panlex-20191001-csv/3776#91637433>		"sueur"@fr	
"ポッペ"@ain	<https://panlex.org/snapshot/panlex-20191001-csv/3776#91637416>				<https://panlex.org/snapshot/panlex-20191001-csv/3776#91637434>		"transpiration"@fr	
"アイヌ・イタㇰ"@ain	<https://panlex.org/snapshot/panlex-20191001-csv/3776#91683618>				<https://panlex.org/snapshot/panlex-20191001-csv/3776#91683629>		"aïnu"@fr	
"アイヌ・イタㇰ"@ain	<https://panlex.org/snapshot/panlex-20191001-csv/3776#91683618>				<https://panlex.org/snapshot/panlex-20191001-csv/3776#91683628>		"aïnou"@fr	
"ウェンペサニ"@ain	<https://panlex.org/snapshot/panlex-20191001-csv/3776#91630241>				<https://panlex.org/snapshot/panlex-20191001-csv/3776#91630283>		"serpent"@fr	
"ermu"@ain	<https://panlex.org/snapshot/panlex-20191001-csv/3776#91684797>				<https://panlex.org/snapshot/panlex-20191001-csv/3776#91684828>		"souris"@fr	
"エルㇺ"@ain	<https://panlex.org/snapshot/panlex-20191001-csv/3776#91684794>				<https://panlex.org/snapshot/panlex-20191001-csv/3776#91684828>		"souris"@fr	
"ラヤㇺペ"@ain	<https://panlex.org/snapshot/panlex-20191001-csv/3776#91695655>				<https://panlex.org/snapshot/panlex-20191001-csv/3776#91695708>		"mort"@fr	
"アンチカラ"@ain	<https://panlex.org/snapshot/panlex-20191001-csv/3776#91653338>				<https://panlex.org/snapshot/panlex-20191001-csv/3776#91653390>		"nuit"@fr	
"スマリ"@ain	<https://panlex.org/snapshot/panlex-20191001-csv/3776#91662198>				<https://panlex.org/snapshot/panlex-20191001-csv/3776#91662244>		"renard commun"@fr	
"スマリ"@ain	<https://panlex.org/snapshot/panlex-20191001-csv/3776#91662198>				<https://panlex.org/snapshot/panlex-20191001-csv/3776#91662243>		"renard roux"@fr	
"ニ"@ain	<https://panlex.org/snapshot/panlex-20191001-csv/3776#91637608>				<https://panlex.org/snapshot/panlex-20191001-csv/3776#91637665>		"arbre"@fr	
