"ruyanpe"@ain	<https://panlex.org/snapshot/panlex-20191001-csv/5946#84436220>				<https://panlex.org/snapshot/panlex-20191001-csv/5946#84436339>		"ᠠᡤᠠ"@mnc	
"apto"@ain	<https://panlex.org/snapshot/panlex-20191001-csv/5946#84436222>				<https://panlex.org/snapshot/panlex-20191001-csv/5946#84436339>		"ᠠᡤᠠ"@mnc	
"ニ"@ain	<https://panlex.org/snapshot/panlex-20191001-csv/5946#84449540>				<https://panlex.org/snapshot/panlex-20191001-csv/5946#84449618>		"moo"@mnc	
"as"@ain	<https://panlex.org/snapshot/panlex-20191001-csv/5946#84436221>				<https://panlex.org/snapshot/panlex-20191001-csv/5946#84436339>		"ᠠᡤᠠ"@mnc	
"ヌチャ モシㇽ"@ain	<https://panlex.org/snapshot/panlex-20191001-csv/5949#85319382>				<https://panlex.org/snapshot/panlex-20191001-csv/5949#85319539>		"ᠣᡵᠣᠰ"@mnc	
"ヌチャ"@ain	<https://panlex.org/snapshot/panlex-20191001-csv/5949#85319381>				<https://panlex.org/snapshot/panlex-20191001-csv/5949#85319539>		"ᠣᡵᠣᠰ"@mnc	
"ヌチャ モシㇼ"@ain	<https://panlex.org/snapshot/panlex-20191001-csv/5949#85319380>				<https://panlex.org/snapshot/panlex-20191001-csv/5949#85319539>		"ᠣᡵᠣᠰ"@mnc	
