"nangu"@nxe	<https://panlex.org/snapshot/panlex-20191001-csv/114#8056082>				<https://panlex.org/snapshot/panlex-20191001-csv/114#8055897>		"ʼnani"@ilu	
"nangu"@nxe	<https://panlex.org/snapshot/panlex-20191001-csv/114#8056082>				<https://panlex.org/snapshot/panlex-20191001-csv/114#8055896>		"nani"@ilu	
"huʼi"@nxe	<https://panlex.org/snapshot/panlex-20191001-csv/114#8057569>				<https://panlex.org/snapshot/panlex-20191001-csv/114#8057391>		"ʼuli"@ilu	
"huʼi"@nxe	<https://panlex.org/snapshot/panlex-20191001-csv/114#8057569>				<https://panlex.org/snapshot/panlex-20191001-csv/114#8057390>		"ulik"@ilu	
"lemma"@nxe	<https://panlex.org/snapshot/panlex-20191001-csv/114#8067926>				<https://panlex.org/snapshot/panlex-20191001-csv/114#8067749>		"ʼna"@ilu	
"lemma"@nxe	<https://panlex.org/snapshot/panlex-20191001-csv/114#8067926>				<https://panlex.org/snapshot/panlex-20191001-csv/114#8067748>		"naŋ"@ilu	
"tawa"@nxe	<https://panlex.org/snapshot/panlex-20191001-csv/114#8068457>				<https://panlex.org/snapshot/panlex-20191001-csv/114#8068277>		"ʼmali"@ilu	
"tawa"@nxe	<https://panlex.org/snapshot/panlex-20191001-csv/114#8068457>				<https://panlex.org/snapshot/panlex-20191001-csv/114#8068276>		"li"@ilu	
"taga"@nxe	<https://panlex.org/snapshot/panlex-20191001-csv/114#8053468>				<https://panlex.org/snapshot/panlex-20191001-csv/114#8053273>		"ʼlukuŋ"@ilu	
"taga"@nxe	<https://panlex.org/snapshot/panlex-20191001-csv/114#8053468>				<https://panlex.org/snapshot/panlex-20191001-csv/114#8053272>		"luku(n)"@ilu	
"wigu"@nxe	<https://panlex.org/snapshot/panlex-20191001-csv/114#8061175>				<https://panlex.org/snapshot/panlex-20191001-csv/114#8061016>		"pas"@ilu	
"zala"@nxe	<https://panlex.org/snapshot/panlex-20191001-csv/114#8054570>				<https://panlex.org/snapshot/panlex-20191001-csv/114#8054406>		"raʼlowa"@ilu	
"zala"@nxe	<https://panlex.org/snapshot/panlex-20191001-csv/114#8054570>				<https://panlex.org/snapshot/panlex-20191001-csv/114#8054407>		"sala(n)"@ilu	
"liʼu"@nxe	<https://panlex.org/snapshot/panlex-20191001-csv/114#8055567>				<https://panlex.org/snapshot/panlex-20191001-csv/114#8055399>		"pokek"@ilu	
"wana"@nxe	<https://panlex.org/snapshot/panlex-20191001-csv/114#8052943>				<https://panlex.org/snapshot/panlex-20191001-csv/114#8052786>		"wana"@ilu	
"foko"@nxe	<https://panlex.org/snapshot/panlex-20191001-csv/114#8064277>				<https://panlex.org/snapshot/panlex-20191001-csv/114#8064101>		"poin"@ilu	
"foko"@nxe	<https://panlex.org/snapshot/panlex-20191001-csv/114#8064277>				<https://panlex.org/snapshot/panlex-20191001-csv/114#8064103>		"ʼgɛnuŋ"@ilu	
"foko"@nxe	<https://panlex.org/snapshot/panlex-20191001-csv/114#8064277>				<https://panlex.org/snapshot/panlex-20191001-csv/114#8064102>		"poka"@ilu	
"izu"@nxe	<https://panlex.org/snapshot/panlex-20191001-csv/114#8065376>				<https://panlex.org/snapshot/panlex-20191001-csv/114#8065189>		"ʼkunai"@ilu	
"izu"@nxe	<https://panlex.org/snapshot/panlex-20191001-csv/114#8065376>				<https://panlex.org/snapshot/panlex-20191001-csv/114#8065188>		"kuru(n)"@ilu	
"até"@nxe	<https://panlex.org/snapshot/panlex-20191001-csv/114#8060108>				<https://panlex.org/snapshot/panlex-20191001-csv/114#8059936>		"ate(n)"@ilu	
"até"@nxe	<https://panlex.org/snapshot/panlex-20191001-csv/114#8060108>				<https://panlex.org/snapshot/panlex-20191001-csv/114#8059937>		"ʼateŋ"@ilu	
"laʼa"@nxe	<https://panlex.org/snapshot/panlex-20191001-csv/114#8054049>				<https://panlex.org/snapshot/panlex-20191001-csv/114#8053851>		"ʼraloa"@ilu	
"laʼa"@nxe	<https://panlex.org/snapshot/panlex-20191001-csv/114#8054049>				<https://panlex.org/snapshot/panlex-20191001-csv/114#8053850>		"la"@ilu	
"tuka"@nxe	<https://panlex.org/snapshot/panlex-20191001-csv/114#8059627>				<https://panlex.org/snapshot/panlex-20191001-csv/114#8059462>		"knen"@ilu	
"tuka"@nxe	<https://panlex.org/snapshot/panlex-20191001-csv/114#8058614>				<https://panlex.org/snapshot/panlex-20191001-csv/114#8058419>		"kapun"@ilu	
"tuka"@nxe	<https://panlex.org/snapshot/panlex-20191001-csv/114#8058614>				<https://panlex.org/snapshot/panlex-20191001-csv/114#8058420>		"ʼkapuŋ"@ilu	
"wunu mumu"@nxe	<https://panlex.org/snapshot/panlex-20191001-csv/114#8066847>				<https://panlex.org/snapshot/panlex-20191001-csv/114#8066658>		"kahan"@ilu	
"wunu mumu"@nxe	<https://panlex.org/snapshot/panlex-20191001-csv/114#8066847>				<https://panlex.org/snapshot/panlex-20191001-csv/114#8066659>		"ʼkaha"@ilu	
