"tubig"@mog	<https://panlex.org/snapshot/panlex-20191001-csv/12#851055>				<https://panlex.org/snapshot/panlex-20191001-csv/12#851063>		"vai"@mrv	
"sian"@mog	<https://panlex.org/snapshot/panlex-20191001-csv/114#8058555>				<https://panlex.org/snapshot/panlex-20191001-csv/114#8058567>		"manava"@mrv	
"sian"@mog	<https://panlex.org/snapshot/panlex-20191001-csv/114#8058555>				<https://panlex.org/snapshot/panlex-20191001-csv/114#8058566>		"koopuu"@mrv	
"sian"@mog	<https://panlex.org/snapshot/panlex-20191001-csv/114#8058555>				<https://panlex.org/snapshot/panlex-20191001-csv/114#8058565>		"kona"@mrv	
"sidalom"@mog	<https://panlex.org/snapshot/panlex-20191001-csv/114#8060059>				<https://panlex.org/snapshot/panlex-20191001-csv/114#8060067>		"ate"@mrv	
"siol"@mog	<https://panlex.org/snapshot/panlex-20191001-csv/114#8053409>				<https://panlex.org/snapshot/panlex-20191001-csv/114#8053418>		"va/vae/"@mrv	
"ulu"@mog	<https://panlex.org/snapshot/panlex-20191001-csv/114#8063685>				<https://panlex.org/snapshot/panlex-20191001-csv/114#8063694>		"upoko"@mrv	
"buok"@mog	<https://panlex.org/snapshot/panlex-20191001-csv/114#8064761>				<https://panlex.org/snapshot/panlex-20191001-csv/114#8064771>		"rouro"@mrv	
"laŋui"@mog	<https://panlex.org/snapshot/panlex-20191001-csv/114#8056027>				<https://panlex.org/snapshot/panlex-20191001-csv/114#8056034>		"kau"@mrv	
"tubig"@mog	<https://panlex.org/snapshot/panlex-20191001-csv/11#787656>				<https://panlex.org/snapshot/panlex-20191001-csv/11#787664>		"vai"@mrv	
