"tubig"@mog	<https://panlex.org/snapshot/panlex-20191001-csv/12#851055>				<https://panlex.org/snapshot/panlex-20191001-csv/12#850968>		"were"@irh	
"bayaʔ"@mog	<https://panlex.org/snapshot/panlex-20191001-csv/114#8053994>				<https://panlex.org/snapshot/panlex-20191001-csv/114#8053855>		"-fanə"@irh	
"sian"@mog	<https://panlex.org/snapshot/panlex-20191001-csv/114#8058555>				<https://panlex.org/snapshot/panlex-20191001-csv/114#8058424>		"fta-"@irh	
"koloanan"@mog	<https://panlex.org/snapshot/panlex-20191001-csv/114#8052894>				<https://panlex.org/snapshot/panlex-20191001-csv/114#8052788>		"tu"@irh	
"mo-taau"@mog	<https://panlex.org/snapshot/panlex-20191001-csv/114#8061652>				<https://panlex.org/snapshot/panlex-20191001-csv/114#8061517>		"-rarune"@irh	
"kuliʔ"@mog	<https://panlex.org/snapshot/panlex-20191001-csv/114#8057519>				<https://panlex.org/snapshot/panlex-20191001-csv/114#8057395>		"-rite"@irh	
"[t]eteʔ"@mog	<https://panlex.org/snapshot/panlex-20191001-csv/114#8060604>				<https://panlex.org/snapshot/panlex-20191001-csv/114#8060467>		"-susu"@irh	
"sidalom"@mog	<https://panlex.org/snapshot/panlex-20191001-csv/114#8060059>				<https://panlex.org/snapshot/panlex-20191001-csv/114#8059941>		"-te"@irh	
"siol"@mog	<https://panlex.org/snapshot/panlex-20191001-csv/114#8053409>				<https://panlex.org/snapshot/panlex-20191001-csv/114#8053277>		"fa"@irh	
"ulu"@mog	<https://panlex.org/snapshot/panlex-20191001-csv/114#8063685>				<https://panlex.org/snapshot/panlex-20191001-csv/114#8063561>		"rogwine"@irh	
"buok"@mog	<https://panlex.org/snapshot/panlex-20191001-csv/114#8064761>				<https://panlex.org/snapshot/panlex-20191001-csv/114#8064642>		"rogwin fru"@irh	
"laŋui"@mog	<https://panlex.org/snapshot/panlex-20191001-csv/114#8056027>				<https://panlex.org/snapshot/panlex-20191001-csv/114#8055902>		"-kaka"@irh	
