"carsada"@pag	<https://panlex.org/snapshot/panlex-20191001-csv/114#8054577>				<https://panlex.org/snapshot/panlex-20191001-csv/114#8054356>		"ʼeda"@dob	
"ulo"@pag	<https://panlex.org/snapshot/panlex-20191001-csv/114#8063746>				<https://panlex.org/snapshot/panlex-20191001-csv/114#8063499>		"deba-na"@dob	
"eges"@pag	<https://panlex.org/snapshot/panlex-20191001-csv/114#8058620>				<https://panlex.org/snapshot/panlex-20191001-csv/114#8058359>		"gamwa-na"@dob	
"eges"@pag	<https://panlex.org/snapshot/panlex-20191001-csv/114#8058620>				<https://panlex.org/snapshot/panlex-20191001-csv/114#8058360>		"gamwada-na"@dob	
"caoanan"@pag	<https://panlex.org/snapshot/panlex-20191001-csv/114#8052948>				<https://panlex.org/snapshot/panlex-20191001-csv/114#8052735>		"atai-na"@dob	
"balat"@pag	<https://panlex.org/snapshot/panlex-20191001-csv/114#8057574>				<https://panlex.org/snapshot/panlex-20191001-csv/114#8057337>		"bwara-na"@dob	
"acar"@pag	<https://panlex.org/snapshot/panlex-20191001-csv/114#8054056>				<https://panlex.org/snapshot/panlex-20191001-csv/114#8053788>		"lopilidadana"@dob	
"sali"@pag	<https://panlex.org/snapshot/panlex-20191001-csv/114#8053476>				<https://panlex.org/snapshot/panlex-20191001-csv/114#8053207>		"ʼae-na"@dob	
"ngipen"@pag	<https://panlex.org/snapshot/panlex-20191001-csv/114#8067411>				<https://panlex.org/snapshot/panlex-20191001-csv/114#8067155>		"sara-na"@dob	
"beneg"@pag	<https://panlex.org/snapshot/panlex-20191001-csv/114#8058084>				<https://panlex.org/snapshot/panlex-20191001-csv/114#8057850>		"guau-na"@dob	
"unla"@pag	<https://panlex.org/snapshot/panlex-20191001-csv/114#8055079>				<https://panlex.org/snapshot/panlex-20191001-csv/114#8054845>		"ʼu da ma"@dob	
"altey"@pag	<https://panlex.org/snapshot/panlex-20191001-csv/114#8060114>				<https://panlex.org/snapshot/panlex-20191001-csv/114#8059884>		"ʼate-na"@dob	
"sangi"@pag	<https://panlex.org/snapshot/panlex-20191001-csv/114#8066854>				<https://panlex.org/snapshot/panlex-20191001-csv/114#8066602>		"ʼawa"@dob	
