"dalum"@fos	<https://panlex.org/snapshot/panlex-20191001-csv/12#850913>				<https://panlex.org/snapshot/panlex-20191001-csv/12#850939>		"î"@gug	
"dalum"@fos	<https://panlex.org/snapshot/panlex-20191001-csv/12#850913>				<https://panlex.org/snapshot/panlex-20191001-csv/12#850938>		"y"@gug	
"ralaum"@fos	<https://panlex.org/snapshot/panlex-20191001-csv/12#850914>				<https://panlex.org/snapshot/panlex-20191001-csv/12#850939>		"î"@gug	
"ralaum"@fos	<https://panlex.org/snapshot/panlex-20191001-csv/12#850914>				<https://panlex.org/snapshot/panlex-20191001-csv/12#850938>		"y"@gug	
"rarum"@fos	<https://panlex.org/snapshot/panlex-20191001-csv/12#850915>				<https://panlex.org/snapshot/panlex-20191001-csv/12#850939>		"î"@gug	
"rarum"@fos	<https://panlex.org/snapshot/panlex-20191001-csv/12#850915>				<https://panlex.org/snapshot/panlex-20191001-csv/12#850938>		"y"@gug	
"salom"@fos	<https://panlex.org/snapshot/panlex-20191001-csv/12#850916>				<https://panlex.org/snapshot/panlex-20191001-csv/12#850939>		"î"@gug	
"salom"@fos	<https://panlex.org/snapshot/panlex-20191001-csv/12#850916>				<https://panlex.org/snapshot/panlex-20191001-csv/12#850938>		"y"@gug	
"dalum"@fos	<https://panlex.org/snapshot/panlex-20191001-csv/11#787552>				<https://panlex.org/snapshot/panlex-20191001-csv/11#787575>		"y"@gug	
"dalum"@fos	<https://panlex.org/snapshot/panlex-20191001-csv/11#787552>				<https://panlex.org/snapshot/panlex-20191001-csv/11#787576>		"î"@gug	
"salom"@fos	<https://panlex.org/snapshot/panlex-20191001-csv/11#787555>				<https://panlex.org/snapshot/panlex-20191001-csv/11#787575>		"y"@gug	
"salom"@fos	<https://panlex.org/snapshot/panlex-20191001-csv/11#787555>				<https://panlex.org/snapshot/panlex-20191001-csv/11#787576>		"î"@gug	
"ralaum"@fos	<https://panlex.org/snapshot/panlex-20191001-csv/11#787553>				<https://panlex.org/snapshot/panlex-20191001-csv/11#787575>		"y"@gug	
"ralaum"@fos	<https://panlex.org/snapshot/panlex-20191001-csv/11#787553>				<https://panlex.org/snapshot/panlex-20191001-csv/11#787576>		"î"@gug	
"rarum"@fos	<https://panlex.org/snapshot/panlex-20191001-csv/11#787554>				<https://panlex.org/snapshot/panlex-20191001-csv/11#787575>		"y"@gug	
"rarum"@fos	<https://panlex.org/snapshot/panlex-20191001-csv/11#787554>				<https://panlex.org/snapshot/panlex-20191001-csv/11#787576>		"î"@gug	
