"dalum"@fos	<https://panlex.org/snapshot/panlex-20191001-csv/12#850913>				<https://panlex.org/snapshot/panlex-20191001-csv/12#850934>		"taluhu"@gor	
"ralaum"@fos	<https://panlex.org/snapshot/panlex-20191001-csv/12#850914>				<https://panlex.org/snapshot/panlex-20191001-csv/12#850934>		"taluhu"@gor	
"rarum"@fos	<https://panlex.org/snapshot/panlex-20191001-csv/12#850915>				<https://panlex.org/snapshot/panlex-20191001-csv/12#850934>		"taluhu"@gor	
"salom"@fos	<https://panlex.org/snapshot/panlex-20191001-csv/12#850916>				<https://panlex.org/snapshot/panlex-20191001-csv/12#850934>		"taluhu"@gor	
"vongo"@fos	<https://panlex.org/snapshot/panlex-20191001-csv/114#8063519>				<https://panlex.org/snapshot/panlex-20191001-csv/114#8063532>		"luŋgoŋo"@gor	
"mouwal"@fos	<https://panlex.org/snapshot/panlex-20191001-csv/114#8052748>				<https://panlex.org/snapshot/panlex-20191001-csv/114#8052761>		"ʔolowala"@gor	
"kuduak"@fos	<https://panlex.org/snapshot/panlex-20191001-csv/114#8064059>				<https://panlex.org/snapshot/panlex-20191001-csv/114#8064075>		"buloʔo"@gor	
"madidung"@fos	<https://panlex.org/snapshot/panlex-20191001-csv/114#8056373>				<https://panlex.org/snapshot/panlex-20191001-csv/114#8056391>		"kootoro"@gor	
"moutous"@fos	<https://panlex.org/snapshot/panlex-20191001-csv/114#8066619>				<https://panlex.org/snapshot/panlex-20191001-csv/114#8066631>		"ŋaŋo"@gor	
"matawa"@fos	<https://panlex.org/snapshot/panlex-20191001-csv/114#8068237>				<https://panlex.org/snapshot/panlex-20191001-csv/114#8068249>		"mo-ʔiʔi"@gor	
"voukig"@fos	<https://panlex.org/snapshot/panlex-20191001-csv/114#8064597>				<https://panlex.org/snapshot/panlex-20191001-csv/114#8064612>		"huwoʔo"@gor	
"àmagh"@fos	<https://panlex.org/snapshot/panlex-20191001-csv/114#8062983>				<https://panlex.org/snapshot/panlex-20191001-csv/114#8062994>		"duhu"@gor	
"tagu"@fos	<https://panlex.org/snapshot/panlex-20191001-csv/114#8060981>				<https://panlex.org/snapshot/panlex-20191001-csv/114#8060993>		"biŋguŋo"@gor	
"gama"@fos	<https://panlex.org/snapshot/panlex-20191001-csv/114#8062981>				<https://panlex.org/snapshot/panlex-20191001-csv/114#8062994>		"duhu"@gor	
"mapil"@fos	<https://panlex.org/snapshot/panlex-20191001-csv/114#8054861>				<https://panlex.org/snapshot/panlex-20191001-csv/114#8054876>		"mee duŋga"@gor	
"pagdimdim"@fos	<https://panlex.org/snapshot/panlex-20191001-csv/114#8062004>				<https://panlex.org/snapshot/panlex-20191001-csv/114#8062016>		"mo-mikiilaŋi"@gor	
"lmangoy"@fos	<https://panlex.org/snapshot/panlex-20191001-csv/114#8055857>				<https://panlex.org/snapshot/panlex-20191001-csv/114#8055870>		"mo-lolaŋi"@gor	
"dadila"@fos	<https://panlex.org/snapshot/panlex-20191001-csv/114#8067710>				<https://panlex.org/snapshot/panlex-20191001-csv/114#8067723>		"dila"@gor	
"dapling"@fos	<https://panlex.org/snapshot/panlex-20191001-csv/114#8059900>				<https://panlex.org/snapshot/panlex-20191001-csv/114#8059913>		"wandohu"@gor	
"mapunakuli"@fos	<https://panlex.org/snapshot/panlex-20191001-csv/114#8054862>				<https://panlex.org/snapshot/panlex-20191001-csv/114#8054876>		"mee duŋga"@gor	
"motaus"@fos	<https://panlex.org/snapshot/panlex-20191001-csv/114#8066618>				<https://panlex.org/snapshot/panlex-20191001-csv/114#8066631>		"ŋaŋo"@gor	
"marisip"@fos	<https://panlex.org/snapshot/panlex-20191001-csv/114#8053803>				<https://panlex.org/snapshot/panlex-20191001-csv/114#8053820>		"naʔo-naʔo"@gor	
"taang"@fos	<https://panlex.org/snapshot/panlex-20191001-csv/114#8064062>				<https://panlex.org/snapshot/panlex-20191001-csv/114#8064075>		"buloʔo"@gor	
"ruch"@fos	<https://panlex.org/snapshot/panlex-20191001-csv/114#8064061>				<https://panlex.org/snapshot/panlex-20191001-csv/114#8064075>		"buloʔo"@gor	
"wali"@fos	<https://panlex.org/snapshot/panlex-20191001-csv/114#8067171>				<https://panlex.org/snapshot/panlex-20191001-csv/114#8067185>		"duŋito"@gor	
"gogos"@fos	<https://panlex.org/snapshot/panlex-20191001-csv/114#8065147>				<https://panlex.org/snapshot/panlex-20191001-csv/114#8065161>		"wuliŋo"@gor	
"dalum"@fos	<https://panlex.org/snapshot/panlex-20191001-csv/11#787552>				<https://panlex.org/snapshot/panlex-20191001-csv/11#787571>		"taluhu"@gor	
"salom"@fos	<https://panlex.org/snapshot/panlex-20191001-csv/11#787555>				<https://panlex.org/snapshot/panlex-20191001-csv/11#787571>		"taluhu"@gor	
"ralaum"@fos	<https://panlex.org/snapshot/panlex-20191001-csv/11#787553>				<https://panlex.org/snapshot/panlex-20191001-csv/11#787571>		"taluhu"@gor	
"rarum"@fos	<https://panlex.org/snapshot/panlex-20191001-csv/11#787554>				<https://panlex.org/snapshot/panlex-20191001-csv/11#787571>		"taluhu"@gor	
