"atinni"@dje	<https://panlex.org/snapshot/panlex-20191001-csv/2892#110824159>				<https://panlex.org/snapshot/panlex-20191001-csv/2892#110824033>		"итни"@lbe	
"alhadi"@dje	<https://panlex.org/snapshot/panlex-20191001-csv/2892#110826676>				<https://panlex.org/snapshot/panlex-20191001-csv/2892#110826746>		"алхӏат"@lbe	
"alarba"@dje	<https://panlex.org/snapshot/panlex-20191001-csv/2892#110825148>				<https://panlex.org/snapshot/panlex-20191001-csv/2892#110824896>		"арвахӏ"@lbe	
"alzuma"@dje	<https://panlex.org/snapshot/panlex-20191001-csv/2892#110826006>				<https://panlex.org/snapshot/panlex-20191001-csv/2892#110825963>		"нюжмар"@lbe	
"alamisi"@dje	<https://panlex.org/snapshot/panlex-20191001-csv/2892#110825390>				<https://panlex.org/snapshot/panlex-20191001-csv/2892#110825488>		"хамис"@lbe	
"han beri"@dje	<https://panlex.org/snapshot/panlex-20191001-csv/2892#110825776>				<https://panlex.org/snapshot/panlex-20191001-csv/2892#110825963>		"нюжмар"@lbe	
"jumma"@dje	<https://panlex.org/snapshot/panlex-20191001-csv/2892#110825716>				<https://panlex.org/snapshot/panlex-20191001-csv/2892#110825963>		"нюжмар"@lbe	
"asibiti"@dje	<https://panlex.org/snapshot/panlex-20191001-csv/2892#110826431>				<https://panlex.org/snapshot/panlex-20191001-csv/2892#110826446>		"ххуллун"@lbe	
"alkamisa"@dje	<https://panlex.org/snapshot/panlex-20191001-csv/2892#110825429>				<https://panlex.org/snapshot/panlex-20191001-csv/2892#110825488>		"хамис"@lbe	
"atalata"@dje	<https://panlex.org/snapshot/panlex-20191001-csv/2892#110824477>				<https://panlex.org/snapshot/panlex-20191001-csv/2892#110824458>		"тталат"@lbe	
