"Israyel"@dje	<https://panlex.org/snapshot/panlex-20191001-csv/6898#113615292>				<https://panlex.org/snapshot/panlex-20191001-csv/6898#113615412>		"Iisrael"@ekk	
"Fiji"@dje	<https://panlex.org/snapshot/panlex-20191001-csv/6898#113629937>				<https://panlex.org/snapshot/panlex-20191001-csv/6898#113629863>		"Fidži"@ekk	
"Kolombi"@dje	<https://panlex.org/snapshot/panlex-20191001-csv/6898#113620803>				<https://panlex.org/snapshot/panlex-20191001-csv/6898#113620651>		"Colombia"@ekk	
"Yaman"@dje	<https://panlex.org/snapshot/panlex-20191001-csv/6898#113593473>				<https://panlex.org/snapshot/panlex-20191001-csv/6898#113593525>		"Jeemen"@ekk	
"Kataar"@dje	<https://panlex.org/snapshot/panlex-20191001-csv/6898#113636771>				<https://panlex.org/snapshot/panlex-20191001-csv/6898#113636897>		"Katar"@ekk	
"Sao Tome nda Prinsipe"@dje	<https://panlex.org/snapshot/panlex-20191001-csv/6898#113622901>				<https://panlex.org/snapshot/panlex-20191001-csv/6898#113622943>		"São Tomé ja Príncipe"@ekk	
"Tonga"@dje	<https://panlex.org/snapshot/panlex-20191001-csv/6898#113610638>				<https://panlex.org/snapshot/panlex-20191001-csv/6898#113610792>		"Tonga"@ekk	
"Porto Riko"@dje	<https://panlex.org/snapshot/panlex-20191001-csv/6898#113612357>				<https://panlex.org/snapshot/panlex-20191001-csv/6898#113612454>		"Puerto Rico"@ekk	
"Bangladeši"@dje	<https://panlex.org/snapshot/panlex-20191001-csv/6898#113632131>				<https://panlex.org/snapshot/panlex-20191001-csv/6898#113632273>		"Bangladesh"@ekk	
"Pitikarin"@dje	<https://panlex.org/snapshot/panlex-20191001-csv/6898#113602918>				<https://panlex.org/snapshot/panlex-20191001-csv/6898#113602927>		"Pitcairni saared"@ekk	
"Maacedooni"@dje	<https://panlex.org/snapshot/panlex-20191001-csv/6898#113613426>				<https://panlex.org/snapshot/panlex-20191001-csv/6898#113613313>		"Makedoonia Vabariik"@ekk	
"Maacedooni"@dje	<https://panlex.org/snapshot/panlex-20191001-csv/6898#113613426>				<https://panlex.org/snapshot/panlex-20191001-csv/6898#113613427>		"Makedoonia"@ekk	
"Turkmenistaŋ"@dje	<https://panlex.org/snapshot/panlex-20191001-csv/6898#113607845>				<https://panlex.org/snapshot/panlex-20191001-csv/6898#113607878>		"Türkmenistan"@ekk	
"Ameerik Virgin Gungey"@dje	<https://panlex.org/snapshot/panlex-20191001-csv/6898#113587776>				<https://panlex.org/snapshot/panlex-20191001-csv/6898#113587802>		"USA Neitsisaared"@ekk	
"Iraak"@dje	<https://panlex.org/snapshot/panlex-20191001-csv/6898#113633694>				<https://panlex.org/snapshot/panlex-20191001-csv/6898#113633684>		"Iraak"@ekk	
"Angiiya"@dje	<https://panlex.org/snapshot/panlex-20191001-csv/6898#113587545>				<https://panlex.org/snapshot/panlex-20191001-csv/6898#113587471>		"Anguilla"@ekk	
"Malta"@dje	<https://panlex.org/snapshot/panlex-20191001-csv/6898#113645128>				<https://panlex.org/snapshot/panlex-20191001-csv/6898#113645041>		"Malta"@ekk	
"Komoor"@dje	<https://panlex.org/snapshot/panlex-20191001-csv/6898#113626946>				<https://panlex.org/snapshot/panlex-20191001-csv/6898#113626993>		"Komoorid"@ekk	
"Jaapoŋ"@dje	<https://panlex.org/snapshot/panlex-20191001-csv/6898#113634838>				<https://panlex.org/snapshot/panlex-20191001-csv/6898#113634830>		"Jaapan"@ekk	
"Sweede"@dje	<https://panlex.org/snapshot/panlex-20191001-csv/6898#113639800>				<https://panlex.org/snapshot/panlex-20191001-csv/6898#113639899>		"Rootsi"@ekk	
"Albaasalaama Marganta"@dje	<https://panlex.org/snapshot/panlex-20191001-csv/6898#113592590>				<https://panlex.org/snapshot/panlex-20191001-csv/6898#113592655>		"ÜK"@ekk	
"Albaasalaama Marganta"@dje	<https://panlex.org/snapshot/panlex-20191001-csv/6898#113592590>				<https://panlex.org/snapshot/panlex-20191001-csv/6898#113592430>		"Suurbritannia"@ekk	
"Mexiki"@dje	<https://panlex.org/snapshot/panlex-20191001-csv/6898#113628418>				<https://panlex.org/snapshot/panlex-20191001-csv/6898#113628380>		"Mehhiko"@ekk	
"Gine"@dje	<https://panlex.org/snapshot/panlex-20191001-csv/6898#113617848>				<https://panlex.org/snapshot/panlex-20191001-csv/6898#113617762>		"Guinea"@ekk	
"Bosni nda Herzegovine"@dje	<https://panlex.org/snapshot/panlex-20191001-csv/6898#113596802>				<https://panlex.org/snapshot/panlex-20191001-csv/6898#113596766>		"Bosnia ja Hertsegoviina"@ekk	
"Peeru"@dje	<https://panlex.org/snapshot/panlex-20191001-csv/6898#113593701>				<https://panlex.org/snapshot/panlex-20191001-csv/6898#113593856>		"Peruu"@ekk	
"Zeelandu Taaga"@dje	<https://panlex.org/snapshot/panlex-20191001-csv/6898#113587160>				<https://panlex.org/snapshot/panlex-20191001-csv/6898#113587178>		"Uus-Meremaa"@ekk	
"Neepal"@dje	<https://panlex.org/snapshot/panlex-20191001-csv/6898#113584220>				<https://panlex.org/snapshot/panlex-20191001-csv/6898#113584050>		"Nepal"@ekk	
"Ginee Ekwatorial"@dje	<https://panlex.org/snapshot/panlex-20191001-csv/6898#113634046>				<https://panlex.org/snapshot/panlex-20191001-csv/6898#113634038>		"Ekvatoriaal-Guinea"@ekk	
"Kaazakstan"@dje	<https://panlex.org/snapshot/panlex-20191001-csv/6898#113591106>				<https://panlex.org/snapshot/panlex-20191001-csv/6898#113590940>		"Kasahstan"@ekk	
"Andoora"@dje	<https://panlex.org/snapshot/panlex-20191001-csv/6898#113588472>				<https://panlex.org/snapshot/panlex-20191001-csv/6898#113588443>		"Andorra"@ekk	
"San Marino"@dje	<https://panlex.org/snapshot/panlex-20191001-csv/6898#113625772>				<https://panlex.org/snapshot/panlex-20191001-csv/6898#113625684>		"San Marino"@ekk	
"Naajiriia"@dje	<https://panlex.org/snapshot/panlex-20191001-csv/6898#113624197>				<https://panlex.org/snapshot/panlex-20191001-csv/6898#113624126>		"Nigeeria"@ekk	
"Ekwateer"@dje	<https://panlex.org/snapshot/panlex-20191001-csv/6898#113611049>				<https://panlex.org/snapshot/panlex-20191001-csv/6898#113610916>		"Ecuador"@ekk	
"Iriši laboo"@dje	<https://panlex.org/snapshot/panlex-20191001-csv/6898#113645812>				<https://panlex.org/snapshot/panlex-20191001-csv/6898#113645842>		"Venemaa"@ekk	
"Liibi"@dje	<https://panlex.org/snapshot/panlex-20191001-csv/6898#113597738>				<https://panlex.org/snapshot/panlex-20191001-csv/6898#113597714>		"Liibüa"@ekk	
"Botswaana"@dje	<https://panlex.org/snapshot/panlex-20191001-csv/6898#113595363>				<https://panlex.org/snapshot/panlex-20191001-csv/6898#113595427>		"Botswana"@ekk	
"Bruunee"@dje	<https://panlex.org/snapshot/panlex-20191001-csv/6898#113616124>				<https://panlex.org/snapshot/panlex-20191001-csv/6898#113615989>		"Brunei"@ekk	
"Togo"@dje	<https://panlex.org/snapshot/panlex-20191001-csv/6898#113613817>				<https://panlex.org/snapshot/panlex-20191001-csv/6898#113613855>		"Togo"@ekk	
"Aruuba"@dje	<https://panlex.org/snapshot/panlex-20191001-csv/6898#113644021>				<https://panlex.org/snapshot/panlex-20191001-csv/6898#113644059>		"Aruba"@ekk	
"Wallis nda Futuna"@dje	<https://panlex.org/snapshot/panlex-20191001-csv/6898#113638720>				<https://panlex.org/snapshot/panlex-20191001-csv/6898#113638707>		"Wallis ja Futuna"@ekk	
"Maali"@dje	<https://panlex.org/snapshot/panlex-20191001-csv/6898#113615131>				<https://panlex.org/snapshot/panlex-20191001-csv/6898#113615110>		"Mali"@ekk	
"Maleezi"@dje	<https://panlex.org/snapshot/panlex-20191001-csv/6898#113584630>				<https://panlex.org/snapshot/panlex-20191001-csv/6898#113584694>		"Malaisia"@ekk	
"Seŋ Piyer nda Mikelon"@dje	<https://panlex.org/snapshot/panlex-20191001-csv/6898#113589035>				<https://panlex.org/snapshot/panlex-20191001-csv/6898#113588868>		"Saint Pierre ja Miquelon"@ekk	
"Irlandu"@dje	<https://panlex.org/snapshot/panlex-20191001-csv/6898#113626019>				<https://panlex.org/snapshot/panlex-20191001-csv/6898#113625926>		"Iirimaa"@ekk	
"Solomon Gungey"@dje	<https://panlex.org/snapshot/panlex-20191001-csv/6898#113602356>				<https://panlex.org/snapshot/panlex-20191001-csv/6898#113602432>		"Saalomoni Saared"@ekk	
"Misra"@dje	<https://panlex.org/snapshot/panlex-20191001-csv/6898#113604486>				<https://panlex.org/snapshot/panlex-20191001-csv/6898#113604516>		"Egiptus"@ekk	
"Kuweet"@dje	<https://panlex.org/snapshot/panlex-20191001-csv/6898#113605787>				<https://panlex.org/snapshot/panlex-20191001-csv/6898#113605798>		"Kuveit"@ekk	
"Indu laboo"@dje	<https://panlex.org/snapshot/panlex-20191001-csv/6898#113616978>				<https://panlex.org/snapshot/panlex-20191001-csv/6898#113617019>		"India"@ekk	
"Seŋ Helena"@dje	<https://panlex.org/snapshot/panlex-20191001-csv/6898#113622689>				<https://panlex.org/snapshot/panlex-20191001-csv/6898#113622812>		"Saint Helena"@ekk	
"Tokelau"@dje	<https://panlex.org/snapshot/panlex-20191001-csv/6898#113615932>				<https://panlex.org/snapshot/panlex-20191001-csv/6898#113615892>		"Tokelau"@ekk	
"Bermuda"@dje	<https://panlex.org/snapshot/panlex-20191001-csv/6898#113607368>				<https://panlex.org/snapshot/panlex-20191001-csv/6898#113607279>		"Bermuda"@ekk	
"Beliizi"@dje	<https://panlex.org/snapshot/panlex-20191001-csv/6898#113608895>				<https://panlex.org/snapshot/panlex-20191001-csv/6898#113608995>		"Belize"@ekk	
"Hollandu"@dje	<https://panlex.org/snapshot/panlex-20191001-csv/6898#113635718>				<https://panlex.org/snapshot/panlex-20191001-csv/6898#113635859>		"Holland"@ekk	
"Hawsa Kooree"@dje	<https://panlex.org/snapshot/panlex-20191001-csv/6898#113638752>				<https://panlex.org/snapshot/panlex-20191001-csv/6898#113638839>		"Lõuna-Korea"@ekk	
"Kongoo"@dje	<https://panlex.org/snapshot/panlex-20191001-csv/6898#113599242>				<https://panlex.org/snapshot/panlex-20191001-csv/6898#113599003>		"Kongo-Brazzaville"@ekk	
"Kongoo"@dje	<https://panlex.org/snapshot/panlex-20191001-csv/6898#113599242>				<https://panlex.org/snapshot/panlex-20191001-csv/6898#113599270>		"Kongo Vabariik"@ekk	
"Bulgaari"@dje	<https://panlex.org/snapshot/panlex-20191001-csv/6898#113631198>				<https://panlex.org/snapshot/panlex-20191001-csv/6898#113631140>		"Bulgaaria"@ekk	
"Buutaŋ"@dje	<https://panlex.org/snapshot/panlex-20191001-csv/6898#113639653>				<https://panlex.org/snapshot/panlex-20191001-csv/6898#113639623>		"Bhutan"@ekk	
"Estooni"@dje	<https://panlex.org/snapshot/panlex-20191001-csv/6898#113601489>				<https://panlex.org/snapshot/panlex-20191001-csv/6898#113601343>		"Eesti"@ekk	
"Faransi"@dje	<https://panlex.org/snapshot/panlex-20191001-csv/6898#113617952>				<https://panlex.org/snapshot/panlex-20191001-csv/6898#113617967>		"Prantsusmaa"@ekk	
"Gurma Kooree"@dje	<https://panlex.org/snapshot/panlex-20191001-csv/6898#113598831>				<https://panlex.org/snapshot/panlex-20191001-csv/6898#113598784>		"Põhja-Korea"@ekk	
"atinni"@dje	<https://panlex.org/snapshot/panlex-20191001-csv/2892#110824159>				<https://panlex.org/snapshot/panlex-20191001-csv/2892#110824424>		"esmaspäev"@ekk	
"alhadi"@dje	<https://panlex.org/snapshot/panlex-20191001-csv/2892#110826676>				<https://panlex.org/snapshot/panlex-20191001-csv/2892#110826753>		"pühapäev"@ekk	
"alarba"@dje	<https://panlex.org/snapshot/panlex-20191001-csv/2892#110825148>				<https://panlex.org/snapshot/panlex-20191001-csv/2892#110825052>		"kolmapäev"@ekk	
"alzuma"@dje	<https://panlex.org/snapshot/panlex-20191001-csv/2892#110826006>				<https://panlex.org/snapshot/panlex-20191001-csv/2892#110826025>		"reede"@ekk	
"alamisi"@dje	<https://panlex.org/snapshot/panlex-20191001-csv/2892#110825390>				<https://panlex.org/snapshot/panlex-20191001-csv/2892#110825523>		"neljapäev"@ekk	
"han beri"@dje	<https://panlex.org/snapshot/panlex-20191001-csv/2892#110825776>				<https://panlex.org/snapshot/panlex-20191001-csv/2892#110826025>		"reede"@ekk	
"jumma"@dje	<https://panlex.org/snapshot/panlex-20191001-csv/2892#110825716>				<https://panlex.org/snapshot/panlex-20191001-csv/2892#110826025>		"reede"@ekk	
"asibiti"@dje	<https://panlex.org/snapshot/panlex-20191001-csv/2892#110826431>				<https://panlex.org/snapshot/panlex-20191001-csv/2892#110826487>		"laupäev"@ekk	
"alkamisa"@dje	<https://panlex.org/snapshot/panlex-20191001-csv/2892#110825429>				<https://panlex.org/snapshot/panlex-20191001-csv/2892#110825523>		"neljapäev"@ekk	
"atalata"@dje	<https://panlex.org/snapshot/panlex-20191001-csv/2892#110824477>				<https://panlex.org/snapshot/panlex-20191001-csv/2892#110824754>		"teisipäev"@ekk	
