"atinni"@dje	<https://panlex.org/snapshot/panlex-20191001-csv/2892#110824159>				<https://panlex.org/snapshot/panlex-20191001-csv/2892#110824276>		"lundi"@lfn	
"atinni"@dje	<https://panlex.org/snapshot/panlex-20191001-csv/2892#110824159>				<https://panlex.org/snapshot/panlex-20191001-csv/2892#110824364>		"лунди"@lfn	
"alhadi"@dje	<https://panlex.org/snapshot/panlex-20191001-csv/2892#110826676>				<https://panlex.org/snapshot/panlex-20191001-csv/2892#110826714>		"soldi"@lfn	
"alhadi"@dje	<https://panlex.org/snapshot/panlex-20191001-csv/2892#110826676>				<https://panlex.org/snapshot/panlex-20191001-csv/2892#110827026>		"солди"@lfn	
"alarba"@dje	<https://panlex.org/snapshot/panlex-20191001-csv/2892#110825148>				<https://panlex.org/snapshot/panlex-20191001-csv/2892#110825222>		"mercurdi"@lfn	
"alarba"@dje	<https://panlex.org/snapshot/panlex-20191001-csv/2892#110825148>				<https://panlex.org/snapshot/panlex-20191001-csv/2892#110824974>		"меркурди"@lfn	
"alzuma"@dje	<https://panlex.org/snapshot/panlex-20191001-csv/2892#110826006>				<https://panlex.org/snapshot/panlex-20191001-csv/2892#110825914>		"венерди"@lfn	
"alzuma"@dje	<https://panlex.org/snapshot/panlex-20191001-csv/2892#110826006>				<https://panlex.org/snapshot/panlex-20191001-csv/2892#110825728>		"venerdi"@lfn	
"alamisi"@dje	<https://panlex.org/snapshot/panlex-20191001-csv/2892#110825390>				<https://panlex.org/snapshot/panlex-20191001-csv/2892#110825589>		"жоведи"@lfn	
"alamisi"@dje	<https://panlex.org/snapshot/panlex-20191001-csv/2892#110825390>				<https://panlex.org/snapshot/panlex-20191001-csv/2892#110825385>		"jovedi"@lfn	
"han beri"@dje	<https://panlex.org/snapshot/panlex-20191001-csv/2892#110825776>				<https://panlex.org/snapshot/panlex-20191001-csv/2892#110825914>		"венерди"@lfn	
"han beri"@dje	<https://panlex.org/snapshot/panlex-20191001-csv/2892#110825776>				<https://panlex.org/snapshot/panlex-20191001-csv/2892#110825728>		"venerdi"@lfn	
"jumma"@dje	<https://panlex.org/snapshot/panlex-20191001-csv/2892#110825716>				<https://panlex.org/snapshot/panlex-20191001-csv/2892#110825914>		"венерди"@lfn	
"jumma"@dje	<https://panlex.org/snapshot/panlex-20191001-csv/2892#110825716>				<https://panlex.org/snapshot/panlex-20191001-csv/2892#110825728>		"venerdi"@lfn	
"asibiti"@dje	<https://panlex.org/snapshot/panlex-20191001-csv/2892#110826431>				<https://panlex.org/snapshot/panlex-20191001-csv/2892#110826560>		"сатурди"@lfn	
"asibiti"@dje	<https://panlex.org/snapshot/panlex-20191001-csv/2892#110826431>				<https://panlex.org/snapshot/panlex-20191001-csv/2892#110826473>		"saturdi"@lfn	
"alkamisa"@dje	<https://panlex.org/snapshot/panlex-20191001-csv/2892#110825429>				<https://panlex.org/snapshot/panlex-20191001-csv/2892#110825589>		"жоведи"@lfn	
"alkamisa"@dje	<https://panlex.org/snapshot/panlex-20191001-csv/2892#110825429>				<https://panlex.org/snapshot/panlex-20191001-csv/2892#110825385>		"jovedi"@lfn	
"atalata"@dje	<https://panlex.org/snapshot/panlex-20191001-csv/2892#110824477>				<https://panlex.org/snapshot/panlex-20191001-csv/2892#110824678>		"martedi"@lfn	
"atalata"@dje	<https://panlex.org/snapshot/panlex-20191001-csv/2892#110824477>				<https://panlex.org/snapshot/panlex-20191001-csv/2892#110824577>		"мартеди"@lfn	
