"fetál"@stw	<https://panlex.org/snapshot/panlex-20191001-csv/114#8054147>				<https://panlex.org/snapshot/panlex-20191001-csv/114#8053888>		"ɤaɤahe"@kji	
"téŋú"@stw	<https://panlex.org/snapshot/panlex-20191001-csv/114#8066405>				<https://panlex.org/snapshot/panlex-20191001-csv/114#8066176>		"huraŋi"@kji	
"kúle-e-(y)"@stw	<https://panlex.org/snapshot/panlex-20191001-csv/114#8061793>				<https://panlex.org/snapshot/panlex-20191001-csv/114#8061549>		"avɔhi"@kji	
"rúú"@stw	<https://panlex.org/snapshot/panlex-20191001-csv/114#8059226>				<https://panlex.org/snapshot/panlex-20191001-csv/114#8059000>		"huma-"@kji	
"máŋimáŋ"@stw	<https://panlex.org/snapshot/panlex-20191001-csv/114#8062276>				<https://panlex.org/snapshot/panlex-20191001-csv/114#8062065>		"ŋaŋana"@kji	
"kkay"@stw	<https://panlex.org/snapshot/panlex-20191001-csv/114#8068539>				<https://panlex.org/snapshot/panlex-20191001-csv/114#8068313>		"paɤɔ̄"@kji	
"chchaa-"@stw	<https://panlex.org/snapshot/panlex-20191001-csv/114#8063282>				<https://panlex.org/snapshot/panlex-20191001-csv/114#8063044>		"busaka-"@kji	
"lewe-(l)"@stw	<https://panlex.org/snapshot/panlex-20191001-csv/114#8068010>				<https://panlex.org/snapshot/panlex-20191001-csv/114#8067777>		"lapi-"@kji	
"yuuw"@stw	<https://panlex.org/snapshot/panlex-20191001-csv/114#8064361>				<https://panlex.org/snapshot/panlex-20191001-csv/114#8064132>		"tania-"@kji	
