"fetál"@stw	<https://panlex.org/snapshot/panlex-20191001-csv/114#8054147>				<https://panlex.org/snapshot/panlex-20191001-csv/114#8053736>		"mbo"@bnd	
"téŋú"@stw	<https://panlex.org/snapshot/panlex-20191001-csv/114#8066405>				<https://panlex.org/snapshot/panlex-20191001-csv/114#8066058>		"mbokfau"@bnd	
"kúle-e-(y)"@stw	<https://panlex.org/snapshot/panlex-20191001-csv/114#8061793>				<https://panlex.org/snapshot/panlex-20191001-csv/114#8061401>		"mbo kaiko"@bnd	
"rúú"@stw	<https://panlex.org/snapshot/panlex-20191001-csv/114#8059226>				<https://panlex.org/snapshot/panlex-20191001-csv/114#8058879>		"ririn"@bnd	
"máŋimáŋ"@stw	<https://panlex.org/snapshot/panlex-20191001-csv/114#8062276>				<https://panlex.org/snapshot/panlex-20191001-csv/114#8061957>		"mfikir"@bnd	
"kkay"@stw	<https://panlex.org/snapshot/panlex-20191001-csv/114#8068539>				<https://panlex.org/snapshot/panlex-20191001-csv/114#8068172>		"mbo|malik"@bnd	
"chchaa-"@stw	<https://panlex.org/snapshot/panlex-20191001-csv/114#8063282>				<https://panlex.org/snapshot/panlex-20191001-csv/114#8062924>		"nanan"@bnd	
"lewe-(l)"@stw	<https://panlex.org/snapshot/panlex-20191001-csv/114#8068010>				<https://panlex.org/snapshot/panlex-20191001-csv/114#8067656>		"me|no"@bnd	
"wúlawúl"@stw	<https://panlex.org/snapshot/panlex-20191001-csv/114#8064906>				<https://panlex.org/snapshot/panlex-20191001-csv/114#8064531>		"fuk"@bnd	
"yúla-(n)"@stw	<https://panlex.org/snapshot/panlex-20191001-csv/114#8064907>				<https://panlex.org/snapshot/panlex-20191001-csv/114#8064531>		"fuk"@bnd	
"yuuw"@stw	<https://panlex.org/snapshot/panlex-20191001-csv/114#8064361>				<https://panlex.org/snapshot/panlex-20191001-csv/114#8063996>		"enun"@bnd	
