"fetál"@stw	<https://panlex.org/snapshot/panlex-20191001-csv/114#8054147>				<https://panlex.org/snapshot/panlex-20191001-csv/114#8053937>		"kako"@lmy	
"téŋú"@stw	<https://panlex.org/snapshot/panlex-20191001-csv/114#8066405>				<https://panlex.org/snapshot/panlex-20191001-csv/114#8066223>		"ngaʼha"@lmy	
"kúle-e-(y)"@stw	<https://panlex.org/snapshot/panlex-20191001-csv/114#8061793>				<https://panlex.org/snapshot/panlex-20191001-csv/114#8061596>		"tada"@lmy	
"rúú"@stw	<https://panlex.org/snapshot/panlex-20191001-csv/114#8059226>				<https://panlex.org/snapshot/panlex-20191001-csv/114#8059042>		"rí"@lmy	
"máŋimáŋ"@stw	<https://panlex.org/snapshot/panlex-20191001-csv/114#8062276>				<https://panlex.org/snapshot/panlex-20191001-csv/114#8062105>		"hangàdha-ge"@lmy	
"kkay"@stw	<https://panlex.org/snapshot/panlex-20191001-csv/114#8068539>				<https://panlex.org/snapshot/panlex-20191001-csv/114#8068354>		"malha"@lmy	
"chchaa-"@stw	<https://panlex.org/snapshot/panlex-20191001-csv/114#8063282>				<https://panlex.org/snapshot/panlex-20191001-csv/114#8063087>		"ra"@lmy	
"lewe-(l)"@stw	<https://panlex.org/snapshot/panlex-20191001-csv/114#8068010>				<https://panlex.org/snapshot/panlex-20191001-csv/114#8067822>		"làma"@lmy	
"wúlawúl"@stw	<https://panlex.org/snapshot/panlex-20191001-csv/114#8064906>				<https://panlex.org/snapshot/panlex-20191001-csv/114#8064713>		"wú"@lmy	
"yúla-(n)"@stw	<https://panlex.org/snapshot/panlex-20191001-csv/114#8064907>				<https://panlex.org/snapshot/panlex-20191001-csv/114#8064713>		"wú"@lmy	
"yuuw"@stw	<https://panlex.org/snapshot/panlex-20191001-csv/114#8064361>				<https://panlex.org/snapshot/panlex-20191001-csv/114#8064177>		"bhuku"@lmy	
