"fetál"@stw	<https://panlex.org/snapshot/panlex-20191001-csv/114#8054147>				<https://panlex.org/snapshot/panlex-20191001-csv/114#8053793>		"panau"@dtp	
"téŋú"@stw	<https://panlex.org/snapshot/panlex-20191001-csv/114#8066405>				<https://panlex.org/snapshot/panlex-20191001-csv/114#8066099>		"singud"@dtp	
"kúle-e-(y)"@stw	<https://panlex.org/snapshot/panlex-20191001-csv/114#8061793>				<https://panlex.org/snapshot/panlex-20191001-csv/114#8061454>		"ilo"@dtp	
"kúle-e-(y)"@stw	<https://panlex.org/snapshot/panlex-20191001-csv/114#8061793>				<https://panlex.org/snapshot/panlex-20191001-csv/114#8061455>		"koilo"@dtp	
"rúú"@stw	<https://panlex.org/snapshot/panlex-20191001-csv/114#8059226>				<https://panlex.org/snapshot/panlex-20191001-csv/114#8058922>		"tulang"@dtp	
"máŋimáŋ"@stw	<https://panlex.org/snapshot/panlex-20191001-csv/114#8062276>				<https://panlex.org/snapshot/panlex-20191001-csv/114#8061994>		"sorou"@dtp	
"kkay"@stw	<https://panlex.org/snapshot/panlex-20191001-csv/114#8068539>				<https://panlex.org/snapshot/panlex-20191001-csv/114#8068225>		"irak"@dtp	
"chchaa-"@stw	<https://panlex.org/snapshot/panlex-20191001-csv/114#8063282>				<https://panlex.org/snapshot/panlex-20191001-csv/114#8062970>		"rahaʔ"@dtp	
"lewe-(l)"@stw	<https://panlex.org/snapshot/panlex-20191001-csv/114#8068010>				<https://panlex.org/snapshot/panlex-20191001-csv/114#8067699>		"dilaʔ"@dtp	
"wúlawúl"@stw	<https://panlex.org/snapshot/panlex-20191001-csv/114#8064906>				<https://panlex.org/snapshot/panlex-20191001-csv/114#8064583>		"tobuk"@dtp	
"yúla-(n)"@stw	<https://panlex.org/snapshot/panlex-20191001-csv/114#8064907>				<https://panlex.org/snapshot/panlex-20191001-csv/114#8064583>		"tobuk"@dtp	
"yuuw"@stw	<https://panlex.org/snapshot/panlex-20191001-csv/114#8064361>				<https://panlex.org/snapshot/panlex-20191001-csv/114#8064048>		"liou"@dtp	
