"fetál"@stw	<https://panlex.org/snapshot/panlex-20191001-csv/114#8054147>				<https://panlex.org/snapshot/panlex-20191001-csv/114#8053856>		"manalen (da:len)"@isd	
"téŋú"@stw	<https://panlex.org/snapshot/panlex-20191001-csv/114#8066405>				<https://panlex.org/snapshot/panlex-20191001-csv/114#8066150>		"laban (qala:b)"@isd	
"kúle-e-(y)"@stw	<https://panlex.org/snapshot/panlex-20191001-csv/114#8061793>				<https://panlex.org/snapshot/panlex-20191001-csv/114#8061518>		"qammu"@isd	
"rúú"@stw	<https://panlex.org/snapshot/panlex-20191001-csv/114#8059226>				<https://panlex.org/snapshot/panlex-20191001-csv/114#8058977>		"tula:ng"@isd	
"kkay"@stw	<https://panlex.org/snapshot/panlex-20191001-csv/114#8068539>				<https://panlex.org/snapshot/panlex-20191001-csv/114#8068283>		"maggagalaq"@isd	
"chchaa-"@stw	<https://panlex.org/snapshot/panlex-20191001-csv/114#8063282>				<https://panlex.org/snapshot/panlex-20191001-csv/114#8063023>		"da:ga"@isd	
"lewe-(l)"@stw	<https://panlex.org/snapshot/panlex-20191001-csv/114#8068010>				<https://panlex.org/snapshot/panlex-20191001-csv/114#8067754>		"di:la"@isd	
"wúlawúl"@stw	<https://panlex.org/snapshot/panlex-20191001-csv/114#8064906>				<https://panlex.org/snapshot/panlex-20191001-csv/114#8064643>		"qabuq"@isd	
"yúla-(n)"@stw	<https://panlex.org/snapshot/panlex-20191001-csv/114#8064907>				<https://panlex.org/snapshot/panlex-20191001-csv/114#8064643>		"qabuq"@isd	
"yuuw"@stw	<https://panlex.org/snapshot/panlex-20191001-csv/114#8064361>				<https://panlex.org/snapshot/panlex-20191001-csv/114#8064109>		"buqlaw"@isd	
