"fetál"@stw	<https://panlex.org/snapshot/panlex-20191001-csv/114#8054147>				<https://panlex.org/snapshot/panlex-20191001-csv/114#8053694>		"i-ra"@amk	
"téŋú"@stw	<https://panlex.org/snapshot/panlex-20191001-csv/114#8066405>				<https://panlex.org/snapshot/panlex-20191001-csv/114#8066023>		"-naha"@amk	
"kúle-e-(y)"@stw	<https://panlex.org/snapshot/panlex-20191001-csv/114#8061793>				<https://panlex.org/snapshot/panlex-20191001-csv/114#8061358>		"tawana"@amk	
"rúú"@stw	<https://panlex.org/snapshot/panlex-20191001-csv/114#8059226>				<https://panlex.org/snapshot/panlex-20191001-csv/114#8058843>		"ina"@amk	
"máŋimáŋ"@stw	<https://panlex.org/snapshot/panlex-20191001-csv/114#8062276>				<https://panlex.org/snapshot/panlex-20191001-csv/114#8061926>		"tituaita"@amk	
"kkay"@stw	<https://panlex.org/snapshot/panlex-20191001-csv/114#8068539>				<https://panlex.org/snapshot/panlex-20191001-csv/114#8068136>		"i-miri"@amk	
"chchaa-"@stw	<https://panlex.org/snapshot/panlex-20191001-csv/114#8063282>				<https://panlex.org/snapshot/panlex-20191001-csv/114#8062887>		"rika"@amk	
"lewe-(l)"@stw	<https://panlex.org/snapshot/panlex-20191001-csv/114#8068010>				<https://panlex.org/snapshot/panlex-20191001-csv/114#8067618>		"tap[e]re-"@amk	
"wúlawúl"@stw	<https://panlex.org/snapshot/panlex-20191001-csv/114#8064906>				<https://panlex.org/snapshot/panlex-20191001-csv/114#8064496>		"nu-"@amk	
"yúla-(n)"@stw	<https://panlex.org/snapshot/panlex-20191001-csv/114#8064907>				<https://panlex.org/snapshot/panlex-20191001-csv/114#8064496>		"nu-"@amk	
"yuuw"@stw	<https://panlex.org/snapshot/panlex-20191001-csv/114#8064361>				<https://panlex.org/snapshot/panlex-20191001-csv/114#8063960>		"kanaŋ"@amk	
