"Wikishinari"@tw	<https://panlex.org/snapshot/panlex-20191001-csv/5947#84616528>				<https://panlex.org/snapshot/panlex-20191001-csv/5947#84616481>		"વિક્ષનરી"@gu	
"k'a"@tw	<https://panlex.org/snapshot/panlex-20191001-csv/5946#84441077>				<https://panlex.org/snapshot/panlex-20191001-csv/5946#84441013>		"ઘોડો"@gu	
"Twere Kronkron"@tw	<https://panlex.org/snapshot/panlex-20191001-csv/5949#85302810>				<https://panlex.org/snapshot/panlex-20191001-csv/5949#85302683>		"બાઇબલ"@gu	
"Russia"@tw	<https://panlex.org/snapshot/panlex-20191001-csv/5949#85319619>				<https://panlex.org/snapshot/panlex-20191001-csv/5949#85319459>		"રશિયા"@gu	
"Wikishinari"@tw	<https://panlex.org/snapshot/panlex-20191001-csv/12#855315>				<https://panlex.org/snapshot/panlex-20191001-csv/12#855289>		"વિક્ષનરી"@gu	
"asomdwee"@tw	<https://panlex.org/snapshot/panlex-20191001-csv/2902#111012196>				<https://panlex.org/snapshot/panlex-20191001-csv/2902#111012251>		"શાંતિ"@gu	
"Kwasiada"@tw	<https://panlex.org/snapshot/panlex-20191001-csv/2892#110826910>				<https://panlex.org/snapshot/panlex-20191001-csv/2892#110826579>		"રવિવાર"@gu	
"Fiada"@tw	<https://panlex.org/snapshot/panlex-20191001-csv/2892#110825828>				<https://panlex.org/snapshot/panlex-20191001-csv/2892#110826122>		"શુક્રવાર"@gu	
"Benada"@tw	<https://panlex.org/snapshot/panlex-20191001-csv/2892#110824691>				<https://panlex.org/snapshot/panlex-20191001-csv/2892#110824571>		"મંગળવાર"@gu	
"Memeneda"@tw	<https://panlex.org/snapshot/panlex-20191001-csv/2892#110826347>				<https://panlex.org/snapshot/panlex-20191001-csv/2892#110826434>		"શનિવાર"@gu	
"Wukuada"@tw	<https://panlex.org/snapshot/panlex-20191001-csv/2892#110824871>				<https://panlex.org/snapshot/panlex-20191001-csv/2892#110824935>		"બુધવાર"@gu	
"Dwoada"@tw	<https://panlex.org/snapshot/panlex-20191001-csv/2892#110824217>				<https://panlex.org/snapshot/panlex-20191001-csv/2892#110824032>		"સોમવાર"@gu	
"Yawoada"@tw	<https://panlex.org/snapshot/panlex-20191001-csv/2892#110825593>				<https://panlex.org/snapshot/panlex-20191001-csv/2892#110825347>		"ગુરુવાર"@gu	
"Aburokiyiri"@tw	<https://panlex.org/snapshot/panlex-20191001-csv/2891#110854166>				<https://panlex.org/snapshot/panlex-20191001-csv/2891#110854075>		"યુરોપ"@gu	
"Abibiman"@tw	<https://panlex.org/snapshot/panlex-20191001-csv/2891#110852996>				<https://panlex.org/snapshot/panlex-20191001-csv/2891#110852999>		"આફ્રિકા"@gu	
