"Shelisheli"@jmc	<https://panlex.org/snapshot/panlex-20191001-csv/6898#113601979>				<https://panlex.org/snapshot/panlex-20191001-csv/6898#113601922>		"سیشَلِس"@ks	
"Bahareni"@jmc	<https://panlex.org/snapshot/panlex-20191001-csv/6898#113596157>				<https://panlex.org/snapshot/panlex-20191001-csv/6898#113596119>		"بحریٖن"@ks	
"Gambia"@jmc	<https://panlex.org/snapshot/panlex-20191001-csv/6898#113631289>				<https://panlex.org/snapshot/panlex-20191001-csv/6898#113631246>		"گَمبِیا"@ks	
"Gine"@jmc	<https://panlex.org/snapshot/panlex-20191001-csv/6898#113617835>				<https://panlex.org/snapshot/panlex-20191001-csv/6898#113617821>		"گِنی"@ks	
"Romania"@jmc	<https://panlex.org/snapshot/panlex-20191001-csv/6898#113618183>				<https://panlex.org/snapshot/panlex-20191001-csv/6898#113618146>		"رومانِیا"@ks	
"Kambodia"@jmc	<https://panlex.org/snapshot/panlex-20191001-csv/6898#113591772>				<https://panlex.org/snapshot/panlex-20191001-csv/6898#113591755>		"کَمبوڑِیا"@ks	
"Gwadelupe"@jmc	<https://panlex.org/snapshot/panlex-20191001-csv/6898#113614741>				<https://panlex.org/snapshot/panlex-20191001-csv/6898#113614716>		"گَواڑیلوپ"@ks	
"Senegali"@jmc	<https://panlex.org/snapshot/panlex-20191001-csv/6898#113591232>				<https://panlex.org/snapshot/panlex-20191001-csv/6898#113591139>		"سینیگَل"@ks	
"Nepali"@jmc	<https://panlex.org/snapshot/panlex-20191001-csv/6898#113584204>				<https://panlex.org/snapshot/panlex-20191001-csv/6898#113584176>		"نیپال"@ks	
"Omani"@jmc	<https://panlex.org/snapshot/panlex-20191001-csv/6898#113622521>				<https://panlex.org/snapshot/panlex-20191001-csv/6898#113622644>		"اومان"@ks	
"Nyukaledonia"@jmc	<https://panlex.org/snapshot/panlex-20191001-csv/6898#113586562>				<https://panlex.org/snapshot/panlex-20191001-csv/6898#113586687>		"نِو کیلِڑونِیا"@ks	
"Gwam"@jmc	<https://panlex.org/snapshot/panlex-20191001-csv/6898#113630721>				<https://panlex.org/snapshot/panlex-20191001-csv/6898#113630817>		"گُوام"@ks	
"Bahama"@jmc	<https://panlex.org/snapshot/panlex-20191001-csv/6898#113592815>				<https://panlex.org/snapshot/panlex-20191001-csv/6898#113592792>		"بَہامَس"@ks	
"Urugwai"@jmc	<https://panlex.org/snapshot/panlex-20191001-csv/6898#113623401>				<https://panlex.org/snapshot/panlex-20191001-csv/6898#113623494>		"یوٗروگے"@ks	
"Polinesia ya Ufaransa"@jmc	<https://panlex.org/snapshot/panlex-20191001-csv/6898#113621044>				<https://panlex.org/snapshot/panlex-20191001-csv/6898#113621201>		"فرٛانسی پولِنیشِیا"@ks	
"Siera Leoni"@jmc	<https://panlex.org/snapshot/panlex-20191001-csv/6898#113637143>				<https://panlex.org/snapshot/panlex-20191001-csv/6898#113637031>		"سیٖرالیوون"@ks	
"Libya"@jmc	<https://panlex.org/snapshot/panlex-20191001-csv/6898#113597706>				<https://panlex.org/snapshot/panlex-20191001-csv/6898#113597766>		"لِبیا"@ks	
"Siria"@jmc	<https://panlex.org/snapshot/panlex-20191001-csv/6898#113598697>				<https://panlex.org/snapshot/panlex-20191001-csv/6898#113598613>		"شام"@ks	
"Norwe"@jmc	<https://panlex.org/snapshot/panlex-20191001-csv/6898#113609853>				<https://panlex.org/snapshot/panlex-20191001-csv/6898#113609787>		"ناروے"@ks	
"Santalusia"@jmc	<https://panlex.org/snapshot/panlex-20191001-csv/6898#113621997>				<https://panlex.org/snapshot/panlex-20191001-csv/6898#113621992>		"سینٛٹ لوٗسِیا"@ks	
"India"@jmc	<https://panlex.org/snapshot/panlex-20191001-csv/6898#113617054>				<https://panlex.org/snapshot/panlex-20191001-csv/6898#113616848>		"ہِنٛدوستان"@ks	
"Jamhuri ya Afrika ya Kati"@jmc	<https://panlex.org/snapshot/panlex-20191001-csv/6898#113591362>				<https://panlex.org/snapshot/panlex-20191001-csv/6898#113591477>		"مرکٔزی اَفریٖکی جموٗریَت"@ks	
"Jamhuri ya Kidemokrasia ya Kongo"@jmc	<https://panlex.org/snapshot/panlex-20191001-csv/6898#113589656>				<https://panlex.org/snapshot/panlex-20191001-csv/6898#113589634>		"کونٛگو کِنشاسا"@ks	
"Benini"@jmc	<https://panlex.org/snapshot/panlex-20191001-csv/6898#113607590>				<https://panlex.org/snapshot/panlex-20191001-csv/6898#113607593>		"بِنِن"@ks	
"Panama"@jmc	<https://panlex.org/snapshot/panlex-20191001-csv/6898#113606143>				<https://panlex.org/snapshot/panlex-20191001-csv/6898#113605975>		"پَناما"@ks	
"Ujerumani"@jmc	<https://panlex.org/snapshot/panlex-20191001-csv/6898#113639293>				<https://panlex.org/snapshot/panlex-20191001-csv/6898#113639254>		"جرمٔنی"@ks	
"Azabajani"@jmc	<https://panlex.org/snapshot/panlex-20191001-csv/6898#113619389>				<https://panlex.org/snapshot/panlex-20191001-csv/6898#113619374>		"آزَرباجان"@ks	
"Katari"@jmc	<https://panlex.org/snapshot/panlex-20191001-csv/6898#113636835>				<https://panlex.org/snapshot/panlex-20191001-csv/6898#113636794>		"قَطِر"@ks	
"Niue"@jmc	<https://panlex.org/snapshot/panlex-20191001-csv/6898#113641328>				<https://panlex.org/snapshot/panlex-20191001-csv/6898#113641426>		"نیوٗ"@ks	
"Paragwai"@jmc	<https://panlex.org/snapshot/panlex-20191001-csv/6898#113623782>				<https://panlex.org/snapshot/panlex-20191001-csv/6898#113623887>		"پَراگُے"@ks	
"Aruba"@jmc	<https://panlex.org/snapshot/panlex-20191001-csv/6898#113644037>				<https://panlex.org/snapshot/panlex-20191001-csv/6898#113644045>		"اَروٗبا"@ks	
"Korea Kusini"@jmc	<https://panlex.org/snapshot/panlex-20191001-csv/6898#113638801>				<https://panlex.org/snapshot/panlex-20191001-csv/6898#113638787>		"جنوٗبی کورِیا"@ks	
"Msumbiji"@jmc	<https://panlex.org/snapshot/panlex-20191001-csv/6898#113603366>				<https://panlex.org/snapshot/panlex-20191001-csv/6898#113603328>		"موزَمبِک"@ks	
"Grenada"@jmc	<https://panlex.org/snapshot/panlex-20191001-csv/6898#113604185>				<https://panlex.org/snapshot/panlex-20191001-csv/6898#113604211>		"گرٛنیڑا"@ks	
"Anguilla"@jmc	<https://panlex.org/snapshot/panlex-20191001-csv/6898#113587533>				<https://panlex.org/snapshot/panlex-20191001-csv/6898#113587566>		"انگوئیلا"@ks	
"Kenya"@jmc	<https://panlex.org/snapshot/panlex-20191001-csv/6898#113593972>				<https://panlex.org/snapshot/panlex-20191001-csv/6898#113593977>		"کِنٛیا"@ks	
"Ufini"@jmc	<https://panlex.org/snapshot/panlex-20191001-csv/6898#113641537>				<https://panlex.org/snapshot/panlex-20191001-csv/6898#113641576>		"فِنلینٛڑ"@ks	
"Yemeni"@jmc	<https://panlex.org/snapshot/panlex-20191001-csv/6898#113593457>				<https://panlex.org/snapshot/panlex-20191001-csv/6898#113593474>		"یَمَن"@ks	
"Tanzania"@jmc	<https://panlex.org/snapshot/panlex-20191001-csv/6898#113627776>				<https://panlex.org/snapshot/panlex-20191001-csv/6898#113627841>		"تَنجانِیا"@ks	
"Antigua na Barbuda"@jmc	<https://panlex.org/snapshot/panlex-20191001-csv/6898#113643760>				<https://panlex.org/snapshot/panlex-20191001-csv/6898#113643776>		"اٮ۪نٹِگُوا تہٕ باربوڑا"@ks	
"Jibralta"@jmc	<https://panlex.org/snapshot/panlex-20191001-csv/6898#113593066>				<https://panlex.org/snapshot/panlex-20191001-csv/6898#113592940>		"جِبرالٹَر"@ks	
"Uswazi"@jmc	<https://panlex.org/snapshot/panlex-20191001-csv/6898#113625278>				<https://panlex.org/snapshot/panlex-20191001-csv/6898#113625253>		"سُوزِلینٛڑ"@ks	
"Ayalandi"@jmc	<https://panlex.org/snapshot/panlex-20191001-csv/6898#113625873>				<https://panlex.org/snapshot/panlex-20191001-csv/6898#113625910>		"اَیَرلینٛڑ"@ks	
"Jamhuri ya Dominika"@jmc	<https://panlex.org/snapshot/panlex-20191001-csv/6898#113603499>				<https://panlex.org/snapshot/panlex-20191001-csv/6898#113603515>		"ڈومِنِکَن جموٗرِیَت"@ks	
"Uzibekistani"@jmc	<https://panlex.org/snapshot/panlex-20191001-csv/6898#113637262>				<https://panlex.org/snapshot/panlex-20191001-csv/6898#113637297>		"اُزبِکِستان"@ks	
"Ubelgiji"@jmc	<https://panlex.org/snapshot/panlex-20191001-csv/6898#113643527>				<https://panlex.org/snapshot/panlex-20191001-csv/6898#113643472>		"بیٛلجِیَم"@ks	
"Sudani"@jmc	<https://panlex.org/snapshot/panlex-20191001-csv/6898#113632925>				<https://panlex.org/snapshot/panlex-20191001-csv/6898#113633036>		"سوٗڈان"@ks	
"Samarino"@jmc	<https://panlex.org/snapshot/panlex-20191001-csv/6898#113625790>				<https://panlex.org/snapshot/panlex-20191001-csv/6898#113625743>		"سین میرِنو"@ks	
"Afuganistani"@jmc	<https://panlex.org/snapshot/panlex-20191001-csv/6898#113604819>				<https://panlex.org/snapshot/panlex-20191001-csv/6898#113604691>		"اَفغانَستان"@ks	
"Belize"@jmc	<https://panlex.org/snapshot/panlex-20191001-csv/6898#113609053>				<https://panlex.org/snapshot/panlex-20191001-csv/6898#113608875>		"بیلِج"@ks	
"Tonga"@jmc	<https://panlex.org/snapshot/panlex-20191001-csv/6898#113610813>				<https://panlex.org/snapshot/panlex-20191001-csv/6898#113610811>		"ٹونٛگا"@ks	
"Malesia"@jmc	<https://panlex.org/snapshot/panlex-20191001-csv/6898#113584764>				<https://panlex.org/snapshot/panlex-20191001-csv/6898#113584660>		"مَلیشِیا"@ks	
"Visiwa vya Falkland"@jmc	<https://panlex.org/snapshot/panlex-20191001-csv/6898#113643065>				<https://panlex.org/snapshot/panlex-20191001-csv/6898#113642842>		"فٕلاکلینٛڑ جٔزیٖرٕ"@ks	
"Namibia"@jmc	<https://panlex.org/snapshot/panlex-20191001-csv/6898#113606820>				<https://panlex.org/snapshot/panlex-20191001-csv/6898#113606823>		"نامِبِیا"@ks	
