"yãn-paluk"@shb	<https://panlex.org/snapshot/panlex-20191001-csv/1573#50091229>				<https://panlex.org/snapshot/panlex-20191001-csv/1573#50091242>		"ʼkˀōč"@teh	
"ma u"@shb	<https://panlex.org/snapshot/panlex-20191001-csv/1573#50088541>				<https://panlex.org/snapshot/panlex-20191001-csv/1573#50088567>		"ʼkˀōn"@teh	
"wiitihi"@shb	<https://panlex.org/snapshot/panlex-20191001-csv/1573#50090386>				<https://panlex.org/snapshot/panlex-20191001-csv/1573#50090397>		"ʼbewln"@teh	
"maup"@shb	<https://panlex.org/snapshot/panlex-20191001-csv/1573#50085838>				<https://panlex.org/snapshot/panlex-20191001-csv/1573#50085852>		"ʼleʔ"@teh	
"mašithak ãhi"@shb	<https://panlex.org/snapshot/panlex-20191001-csv/1573#50083112>				<https://panlex.org/snapshot/panlex-20191001-csv/1573#50083127>		"ʼset"@teh	
"mašithak"@shb	<https://panlex.org/snapshot/panlex-20191001-csv/1573#50082546>				<https://panlex.org/snapshot/panlex-20191001-csv/1573#50082561>		"ʼtēm"@teh	
"olina"@shb	<https://panlex.org/snapshot/panlex-20191001-csv/1573#50083742>				<https://panlex.org/snapshot/panlex-20191001-csv/1573#50083763>		"ʼgēwt"@teh	
"maama"@shb	<https://panlex.org/snapshot/panlex-20191001-csv/1573#50090771>				<https://panlex.org/snapshot/panlex-20191001-csv/1573#50090791>		"ʼyatn"@teh	
"u"@shb	<https://panlex.org/snapshot/panlex-20191001-csv/1573#50088542>				<https://panlex.org/snapshot/panlex-20191001-csv/1573#50088567>		"ʼkˀōn"@teh	
"ilihi"@shb	<https://panlex.org/snapshot/panlex-20191001-csv/1573#50089866>				<https://panlex.org/snapshot/panlex-20191001-csv/1573#50089880>		"ʼḳaroʔ"@teh	
"maup paka"@shb	<https://panlex.org/snapshot/panlex-20191001-csv/1573#50089128>				<https://panlex.org/snapshot/panlex-20191001-csv/1573#50089145>		"ʼleʔ aškˀn"@teh	
"ilihi hõši"@shb	<https://panlex.org/snapshot/panlex-20191001-csv/1573#50084405>				<https://panlex.org/snapshot/panlex-20191001-csv/1573#50084423>		"ʼčˀokˀen"@teh	
"maamak paka"@shb	<https://panlex.org/snapshot/panlex-20191001-csv/1573#50085586>				<https://panlex.org/snapshot/panlex-20191001-csv/1573#50085599>		"ʼmá̄"@teh	
"palahi"@shb	<https://panlex.org/snapshot/panlex-20191001-csv/1573#50085324>				<https://panlex.org/snapshot/panlex-20191001-csv/1573#50085343>		"ʼxōno ʼk-eʔne-kˀ-n"@teh	
"kasi"@shb	<https://panlex.org/snapshot/panlex-20191001-csv/1573#50085323>				<https://panlex.org/snapshot/panlex-20191001-csv/1573#50085343>		"ʼxōno ʼk-eʔne-kˀ-n"@teh	
"popoši"@shb	<https://panlex.org/snapshot/panlex-20191001-csv/1573#50082817>				<https://panlex.org/snapshot/panlex-20191001-csv/1573#50082831>		"ʼtēm-hn"@teh	
"popoši"@shb	<https://panlex.org/snapshot/panlex-20191001-csv/1573#50086632>				<https://panlex.org/snapshot/panlex-20191001-csv/1573#50086646>		"ʼpet"@teh	
"mothok"@shb	<https://panlex.org/snapshot/panlex-20191001-csv/1573#50091485>				<https://panlex.org/snapshot/panlex-20191001-csv/1573#50091496>		"ʼḳēngenkn"@teh	
"yokoto"@shb	<https://panlex.org/snapshot/panlex-20191001-csv/1573#50089394>				<https://panlex.org/snapshot/panlex-20191001-csv/1573#50089412>		"ʼkoʔl"@teh	
"yokoto"@shb	<https://panlex.org/snapshot/panlex-20191001-csv/1573#50087059>				<https://panlex.org/snapshot/panlex-20191001-csv/1573#50087071>		"ʼḳoy"@teh	
"lãkak"@shb	<https://panlex.org/snapshot/panlex-20191001-csv/1573#50083363>				<https://panlex.org/snapshot/panlex-20191001-csv/1573#50083373>		"ʼtēm"@teh	
