"sina"@wad	<https://panlex.org/snapshot/panlex-20191001-csv/114#8059301>				<https://panlex.org/snapshot/panlex-20191001-csv/114#8059198>		"towang"@sjm	
"sane"@wad	<https://panlex.org/snapshot/panlex-20191001-csv/114#8058795>				<https://panlex.org/snapshot/panlex-20191001-csv/114#8058679>		"babat"@sjm	
"sane"@wad	<https://panlex.org/snapshot/panlex-20191001-csv/114#8058795>				<https://panlex.org/snapshot/panlex-20191001-csv/114#8058680>		"battong"@sjm	
"susu"@wad	<https://panlex.org/snapshot/panlex-20191001-csv/114#8060845>				<https://panlex.org/snapshot/panlex-20191001-csv/114#8060715>		"dakan"@sjm	
"susu"@wad	<https://panlex.org/snapshot/panlex-20191001-csv/114#8060845>				<https://panlex.org/snapshot/panlex-20191001-csv/114#8060716>		"duruʼ"@sjm	
"matait"@wad	<https://panlex.org/snapshot/panlex-20191001-csv/114#8062844>				<https://panlex.org/snapshot/panlex-20191001-csv/114#8062753>		"tawu"@sjm	
"ru"@wad	<https://panlex.org/snapshot/panlex-20191001-csv/114#8063911>				<https://panlex.org/snapshot/panlex-20191001-csv/114#8063794>		"kōk"@sjm	
"ru"@wad	<https://panlex.org/snapshot/panlex-20191001-csv/114#8063911>				<https://panlex.org/snapshot/panlex-20191001-csv/114#8063795>		"takōk"@sjm	
"sanèwai"@wad	<https://panlex.org/snapshot/panlex-20191001-csv/114#8059766>				<https://panlex.org/snapshot/panlex-20191001-csv/114#8059681>		"babat"@sjm	
"sanèwai"@wad	<https://panlex.org/snapshot/panlex-20191001-csv/114#8059766>				<https://panlex.org/snapshot/panlex-20191001-csv/114#8059682>		"tabbuk"@sjm	
"rau"@wad	<https://panlex.org/snapshot/panlex-20191001-csv/114#8064445>				<https://panlex.org/snapshot/panlex-20191001-csv/114#8064331>		"kallong"@sjm	
"wabu"@wad	<https://panlex.org/snapshot/panlex-20191001-csv/114#8057213>				<https://panlex.org/snapshot/panlex-20191001-csv/114#8057129>		"momok"@sjm	
"sanepai[a]"@wad	<https://panlex.org/snapshot/panlex-20191001-csv/114#8062334>				<https://panlex.org/snapshot/panlex-20191001-csv/114#8062253>		"kumpas"@sjm	
"sanepai[a]"@wad	<https://panlex.org/snapshot/panlex-20191001-csv/114#8062334>				<https://panlex.org/snapshot/panlex-20191001-csv/114#8062252>		"kanna"@sjm	
"sanepai[a]"@wad	<https://panlex.org/snapshot/panlex-20191001-csv/114#8062334>				<https://panlex.org/snapshot/panlex-20191001-csv/114#8062255>		"piki"@sjm	
"sanepai[a]"@wad	<https://panlex.org/snapshot/panlex-20191001-csv/114#8062334>				<https://panlex.org/snapshot/panlex-20191001-csv/114#8062251>		"hiyang-hiyang"@sjm	
"sanepai[a]"@wad	<https://panlex.org/snapshot/panlex-20191001-csv/114#8062334>				<https://panlex.org/snapshot/panlex-20191001-csv/114#8062254>		"niyat"@sjm	
"ra"@wad	<https://panlex.org/snapshot/panlex-20191001-csv/114#8054229>				<https://panlex.org/snapshot/panlex-20191001-csv/114#8054113>		"lumān"@sjm	
