"wih"@gay	<https://panlex.org/snapshot/panlex-20191001-csv/12#850923>				<https://panlex.org/snapshot/panlex-20191001-csv/12#850854>		"banyu"@bjn	
"délah"@gay	<https://panlex.org/snapshot/panlex-20191001-csv/114#8067716>				<https://panlex.org/snapshot/panlex-20191001-csv/114#8067650>		"ilat"@bjn	
"ulu"@gay	<https://panlex.org/snapshot/panlex-20191001-csv/114#8063525>				<https://panlex.org/snapshot/panlex-20191001-csv/114#8063441>		"kapala"@bjn	
"muralan"@gay	<https://panlex.org/snapshot/panlex-20191001-csv/114#8053808>				<https://panlex.org/snapshot/panlex-20191001-csv/114#8053730>		"bajalan"@bjn	
"kuduk"@gay	<https://panlex.org/snapshot/panlex-20191001-csv/114#8057871>				<https://panlex.org/snapshot/panlex-20191001-csv/114#8057805>		"balakang"@bjn	
"awah"@gay	<https://panlex.org/snapshot/panlex-20191001-csv/114#8066624>				<https://panlex.org/snapshot/panlex-20191001-csv/114#8066548>		"muntung"@bjn	
"rayɔh"@gay	<https://panlex.org/snapshot/panlex-20191001-csv/114#8062987>				<https://panlex.org/snapshot/panlex-20191001-csv/114#8062918>		"darah"@bjn	
"bəkəsah"@gay	<https://panlex.org/snapshot/panlex-20191001-csv/114#8065670>				<https://panlex.org/snapshot/panlex-20191001-csv/114#8065612>		"hinak"@bjn	
"munyum"@gay	<https://panlex.org/snapshot/panlex-20191001-csv/114#8066113>				<https://panlex.org/snapshot/panlex-20191001-csv/114#8066052>		"cium"@bjn	
"bətih"@gay	<https://panlex.org/snapshot/panlex-20191001-csv/114#8061475>				<https://panlex.org/snapshot/panlex-20191001-csv/114#8061393>		"tahu"@bjn	
"dul"@gay	<https://panlex.org/snapshot/panlex-20191001-csv/114#8056878>				<https://panlex.org/snapshot/panlex-20191001-csv/114#8056824>		"dabu"@bjn	
"wih"@gay	<https://panlex.org/snapshot/panlex-20191001-csv/11#787561>				<https://panlex.org/snapshot/panlex-20191001-csv/11#787497>		"banyu"@bjn	
