"wih"@gay	<https://panlex.org/snapshot/panlex-20191001-csv/12#850923>				<https://panlex.org/snapshot/panlex-20191001-csv/12#851117>		"okoa"@pwg	
"délah"@gay	<https://panlex.org/snapshot/panlex-20191001-csv/114#8067716>				<https://panlex.org/snapshot/panlex-20191001-csv/114#8067957>		"pepa-"@pwg	
"ulu"@gay	<https://panlex.org/snapshot/panlex-20191001-csv/114#8063525>				<https://panlex.org/snapshot/panlex-20191001-csv/114#8063769>		"ghayami"@pwg	
"muralan"@gay	<https://panlex.org/snapshot/panlex-20191001-csv/114#8053808>				<https://panlex.org/snapshot/panlex-20191001-csv/114#8054086>		"bhabha"@pwg	
"kuduk"@gay	<https://panlex.org/snapshot/panlex-20191001-csv/114#8057871>				<https://panlex.org/snapshot/panlex-20191001-csv/114#8058107>		"kuputua-"@pwg	
"awah"@gay	<https://panlex.org/snapshot/panlex-20191001-csv/114#8066624>				<https://panlex.org/snapshot/panlex-20191001-csv/114#8066882>		"kawa-"@pwg	
"rayɔh"@gay	<https://panlex.org/snapshot/panlex-20191001-csv/114#8062987>				<https://panlex.org/snapshot/panlex-20191001-csv/114#8063229>		"tara-"@pwg	
"bəkəsah"@gay	<https://panlex.org/snapshot/panlex-20191001-csv/114#8065670>				<https://panlex.org/snapshot/panlex-20191001-csv/114#8065879>		"ia-m ke-tawetawe"@pwg	
"munyum"@gay	<https://panlex.org/snapshot/panlex-20191001-csv/114#8066113>				<https://panlex.org/snapshot/panlex-20191001-csv/114#8066356>		"yoni"@pwg	
"bətih"@gay	<https://panlex.org/snapshot/panlex-20191001-csv/114#8061475>				<https://panlex.org/snapshot/panlex-20191001-csv/114#8061741>		"kovi"@pwg	
"dul"@gay	<https://panlex.org/snapshot/panlex-20191001-csv/114#8056878>				<https://panlex.org/snapshot/panlex-20191001-csv/114#8057104>		"popoku"@pwg	
"wih"@gay	<https://panlex.org/snapshot/panlex-20191001-csv/11#787561>				<https://panlex.org/snapshot/panlex-20191001-csv/11#787707>		"okoa"@pwg	
