"délah"@gay	<https://panlex.org/snapshot/panlex-20191001-csv/114#8067716>				<https://panlex.org/snapshot/panlex-20191001-csv/114#8068048>		"mein"@tlu	
"ulu"@gay	<https://panlex.org/snapshot/panlex-20191001-csv/114#8063525>				<https://panlex.org/snapshot/panlex-20191001-csv/114#8063869>		"uruhatu"@tlu	
"muralan"@gay	<https://panlex.org/snapshot/panlex-20191001-csv/114#8053808>				<https://panlex.org/snapshot/panlex-20191001-csv/114#8054192>		"oi"@tlu	
"kuduk"@gay	<https://panlex.org/snapshot/panlex-20191001-csv/114#8057871>				<https://panlex.org/snapshot/panlex-20191001-csv/114#8058201>		"muri"@tlu	
"awah"@gay	<https://panlex.org/snapshot/panlex-20191001-csv/114#8066624>				<https://panlex.org/snapshot/panlex-20191001-csv/114#8066979>		"nare"@tlu	
"rayɔh"@gay	<https://panlex.org/snapshot/panlex-20191001-csv/114#8062987>				<https://panlex.org/snapshot/panlex-20191001-csv/114#8063321>		"lalai"@tlu	
"bətih"@gay	<https://panlex.org/snapshot/panlex-20191001-csv/114#8061475>				<https://panlex.org/snapshot/panlex-20191001-csv/114#8061840>		"tea"@tlu	
