"Мыльтайв’аям"@kpy	<https://panlex.org/snapshot/panlex-20191001-csv/2907#110848822>				<https://panlex.org/snapshot/panlex-20191001-csv/2907#110848891>		"Llwybr Llaethog"@cy	
"Мыльтайв’аям"@kpy	<https://panlex.org/snapshot/panlex-20191001-csv/2907#110848822>				<https://panlex.org/snapshot/panlex-20191001-csv/2907#110848851>		"Caer Wydion"@cy	
"гилгил"@kpy	<https://panlex.org/snapshot/panlex-20191001-csv/3776#91607914>				<https://panlex.org/snapshot/panlex-20191001-csv/3776#91607865>		"iâ"@cy	
"гылгын"@kpy	<https://panlex.org/snapshot/panlex-20191001-csv/3776#91603217>				<https://panlex.org/snapshot/panlex-20191001-csv/3776#91603163>		"croen"@cy	
"эвʼтылаӈӄал"@kpy	<https://panlex.org/snapshot/panlex-20191001-csv/3776#91692959>				<https://panlex.org/snapshot/panlex-20191001-csv/3776#91692927>		"de"@cy	
"ынныын"@kpy	<https://panlex.org/snapshot/panlex-20191001-csv/3776#91600734>				<https://panlex.org/snapshot/panlex-20191001-csv/3776#91600666>		"pysgodyn"@cy	
"йылгылӈын"@kpy	<https://panlex.org/snapshot/panlex-20191001-csv/3776#91660873>				<https://panlex.org/snapshot/panlex-20191001-csv/3776#91660828>		"bys"@cy	
"вʼэем"@kpy	<https://panlex.org/snapshot/panlex-20191001-csv/3776#91628261>				<https://panlex.org/snapshot/panlex-20191001-csv/3776#91628213>		"afon"@cy	
"кытэг"@kpy	<https://panlex.org/snapshot/panlex-20191001-csv/3776#91640619>				<https://panlex.org/snapshot/panlex-20191001-csv/3776#91640568>		"awel"@cy	
"кытэг"@kpy	<https://panlex.org/snapshot/panlex-20191001-csv/3776#91640619>				<https://panlex.org/snapshot/panlex-20191001-csv/3776#91640567>		"gwynt"@cy	
