"ar"@ges	<https://panlex.org/snapshot/panlex-20191001-csv/12#850926>				<https://panlex.org/snapshot/panlex-20191001-csv/12#850903>		"danum"@emb	
"ŋisik"@ges	<https://panlex.org/snapshot/panlex-20191001-csv/114#8067181>				<https://panlex.org/snapshot/panlex-20191001-csv/114#8067160>		"isi"@emb	
"totolan"@ges	<https://panlex.org/snapshot/panlex-20191001-csv/114#8064072>				<https://panlex.org/snapshot/panlex-20191001-csv/114#8064049>		"kaloŋ"@emb	
"ratan"@ges	<https://panlex.org/snapshot/panlex-20191001-csv/114#8054869>				<https://panlex.org/snapshot/panlex-20191001-csv/114#8054851>		"mondok"@emb	
"lalano"@ges	<https://panlex.org/snapshot/panlex-20191001-csv/114#8054383>				<https://panlex.org/snapshot/panlex-20191001-csv/114#8054363>		"dalan"@emb	
"naŋu"@ges	<https://panlex.org/snapshot/panlex-20191001-csv/114#8055866>				<https://panlex.org/snapshot/panlex-20191001-csv/114#8055848>		"arananaŋ"@emb	
"ke"@ges	<https://panlex.org/snapshot/panlex-20191001-csv/114#8053235>				<https://panlex.org/snapshot/panlex-20191001-csv/114#8053215>		"kaki"@emb	
"likit"@ges	<https://panlex.org/snapshot/panlex-20191001-csv/114#8057361>				<https://panlex.org/snapshot/panlex-20191001-csv/114#8057343>		"kulit"@emb	
"ruri"@ges	<https://panlex.org/snapshot/panlex-20191001-csv/114#8058941>				<https://panlex.org/snapshot/panlex-20191001-csv/114#8058923>		"tulaŋ"@emb	
"ruk"@ges	<https://panlex.org/snapshot/panlex-20191001-csv/114#8061478>				<https://panlex.org/snapshot/panlex-20191001-csv/114#8061456>		"tamu"@emb	
"galotak"@ges	<https://panlex.org/snapshot/panlex-20191001-csv/114#8056384>				<https://panlex.org/snapshot/panlex-20191001-csv/114#8056363>		"kotor"@emb	
"futar"@ges	<https://panlex.org/snapshot/panlex-20191001-csv/114#8055370>				<https://panlex.org/snapshot/panlex-20191001-csv/114#8055354>		"lempaŋ"@emb	
"susu"@ges	<https://panlex.org/snapshot/panlex-20191001-csv/114#8060422>				<https://panlex.org/snapshot/panlex-20191001-csv/114#8060403>		"susu"@emb	
"ar"@ges	<https://panlex.org/snapshot/panlex-20191001-csv/11#787564>				<https://panlex.org/snapshot/panlex-20191001-csv/11#787543>		"danum"@emb	
