"ракь"@ddo	<https://panlex.org/snapshot/panlex-20191001-csv/1573#50082352>				<https://panlex.org/snapshot/panlex-20191001-csv/1573#50082546>		"mašithak"@shb	
"ракь"@ddo	<https://panlex.org/snapshot/panlex-20191001-csv/1573#50082034>				<https://panlex.org/snapshot/panlex-20191001-csv/1573#50082221>		"mašithak"@shb	
"ракь"@ddo	<https://panlex.org/snapshot/panlex-20191001-csv/1573#50082034>				<https://panlex.org/snapshot/panlex-20191001-csv/1573#50082220>		"ilihi"@shb	
"гъІул"@ddo	<https://panlex.org/snapshot/panlex-20191001-csv/1573#50090548>				<https://panlex.org/snapshot/panlex-20191001-csv/1573#50090771>		"maama"@shb	
"лъад"@ddo	<https://panlex.org/snapshot/panlex-20191001-csv/1573#50090547>				<https://panlex.org/snapshot/panlex-20191001-csv/1573#50090771>		"maama"@shb	
"цихъ"@ddo	<https://panlex.org/snapshot/panlex-20191001-csv/1573#50089707>				<https://panlex.org/snapshot/panlex-20191001-csv/1573#50089866>		"ilihi"@shb	
"мочи"@ddo	<https://panlex.org/snapshot/panlex-20191001-csv/1573#50082353>				<https://panlex.org/snapshot/panlex-20191001-csv/1573#50082546>		"mašithak"@shb	
"бихарав"@ddo	<https://panlex.org/snapshot/panlex-20191001-csv/1573#50086346>				<https://panlex.org/snapshot/panlex-20191001-csv/1573#50086434>		"payik-payik-mo"@shb	
"хІон"@ddo	<https://panlex.org/snapshot/panlex-20191001-csv/1573#50083534>				<https://panlex.org/snapshot/panlex-20191001-csv/1573#50083742>		"olina"@shb	
"кьотІу"@ddo	<https://panlex.org/snapshot/panlex-20191001-csv/1573#50089259>				<https://panlex.org/snapshot/panlex-20191001-csv/1573#50089394>		"yokoto"@shb	
"кик"@ddo	<https://panlex.org/snapshot/panlex-20191001-csv/1573#50088922>				<https://panlex.org/snapshot/panlex-20191001-csv/1573#50089128>		"maup paka"@shb	
"гьилІаьси"@ddo	<https://panlex.org/snapshot/panlex-20191001-csv/1573#50086164>				<https://panlex.org/snapshot/panlex-20191001-csv/1573#50086264>		"si-utiti"@shb	
"бІон"@ddo	<https://panlex.org/snapshot/panlex-20191001-csv/1573#50088679>				<https://panlex.org/snapshot/panlex-20191001-csv/1573#50088774>		"šĩmoli-a wei"@shb	
"гІалазан"@ddo	<https://panlex.org/snapshot/panlex-20191001-csv/1573#50086934>				<https://panlex.org/snapshot/panlex-20191001-csv/1573#50087059>		"yokoto"@shb	
"бизи-бутаьси"@ddo	<https://panlex.org/snapshot/panlex-20191001-csv/1573#50086345>				<https://panlex.org/snapshot/panlex-20191001-csv/1573#50086434>		"payik-payik-mo"@shb	
"гуз"@ddo	<https://panlex.org/snapshot/panlex-20191001-csv/1573#50090545>				<https://panlex.org/snapshot/panlex-20191001-csv/1573#50090771>		"maama"@shb	
"гъун"@ddo	<https://panlex.org/snapshot/panlex-20191001-csv/1573#50089999>				<https://panlex.org/snapshot/panlex-20191001-csv/1573#50090135>		"wiitihi"@shb	
"бихизи"@ddo	<https://panlex.org/snapshot/panlex-20191001-csv/1573#50086347>				<https://panlex.org/snapshot/panlex-20191001-csv/1573#50086434>		"payik-payik-mo"@shb	
"гибу"@ddo	<https://panlex.org/snapshot/panlex-20191001-csv/1573#50083228>				<https://panlex.org/snapshot/panlex-20191001-csv/1573#50083363>		"lãkak"@shb	
"маду"@ddo	<https://panlex.org/snapshot/panlex-20191001-csv/1573#50088299>				<https://panlex.org/snapshot/panlex-20191001-csv/1573#50088541>		"ma u"@shb	
"маду"@ddo	<https://panlex.org/snapshot/panlex-20191001-csv/1573#50088299>				<https://panlex.org/snapshot/panlex-20191001-csv/1573#50088542>		"u"@shb	
"кик"@ddo	<https://panlex.org/snapshot/panlex-20191001-csv/1573#50088923>				<https://panlex.org/snapshot/panlex-20191001-csv/1573#50089128>		"maup paka"@shb	
"кьиди"@ddo	<https://panlex.org/snapshot/panlex-20191001-csv/1573#50082667>				<https://panlex.org/snapshot/panlex-20191001-csv/1573#50082817>		"popoši"@shb	
"регъве лъи"@ddo	<https://panlex.org/snapshot/panlex-20191001-csv/1573#50088300>				<https://panlex.org/snapshot/panlex-20191001-csv/1573#50088541>		"ma u"@shb	
"регъве лъи"@ddo	<https://panlex.org/snapshot/panlex-20191001-csv/1573#50088300>				<https://panlex.org/snapshot/panlex-20191001-csv/1573#50088542>		"u"@shb	
"куцІ"@ddo	<https://panlex.org/snapshot/panlex-20191001-csv/1573#50089260>				<https://panlex.org/snapshot/panlex-20191001-csv/1573#50089394>		"yokoto"@shb	
"кьиди"@ddo	<https://panlex.org/snapshot/panlex-20191001-csv/1573#50082668>				<https://panlex.org/snapshot/panlex-20191001-csv/1573#50082817>		"popoši"@shb	
"хІукмат"@ddo	<https://panlex.org/snapshot/panlex-20191001-csv/1573#50082035>				<https://panlex.org/snapshot/panlex-20191001-csv/1573#50082221>		"mašithak"@shb	
"хІукмат"@ddo	<https://panlex.org/snapshot/panlex-20191001-csv/1573#50082035>				<https://panlex.org/snapshot/panlex-20191001-csv/1573#50082220>		"ilihi"@shb	
"орзен"@ddo	<https://panlex.org/snapshot/panlex-20191001-csv/1573#50086936>				<https://panlex.org/snapshot/panlex-20191001-csv/1573#50087059>		"yokoto"@shb	
"лъи"@ddo	<https://panlex.org/snapshot/panlex-20191001-csv/1573#50085700>				<https://panlex.org/snapshot/panlex-20191001-csv/1573#50085838>		"maup"@shb	
"ас"@ddo	<https://panlex.org/snapshot/panlex-20191001-csv/1573#50091107>				<https://panlex.org/snapshot/panlex-20191001-csv/1573#50091229>		"yãn-paluk"@shb	
"бухъ"@ddo	<https://panlex.org/snapshot/panlex-20191001-csv/1573#50091352>				<https://panlex.org/snapshot/panlex-20191001-csv/1573#50091485>		"mothok"@shb	
"рагІал"@ddo	<https://panlex.org/snapshot/panlex-20191001-csv/1573#50085136>				<https://panlex.org/snapshot/panlex-20191001-csv/1573#50085323>		"kasi"@shb	
"рагІал"@ddo	<https://panlex.org/snapshot/panlex-20191001-csv/1573#50085136>				<https://panlex.org/snapshot/panlex-20191001-csv/1573#50085324>		"palahi"@shb	
"гупІ"@ddo	<https://panlex.org/snapshot/panlex-20191001-csv/1573#50083533>				<https://panlex.org/snapshot/panlex-20191001-csv/1573#50083742>		"olina"@shb	
"гъІул"@ddo	<https://panlex.org/snapshot/panlex-20191001-csv/1573#50090546>				<https://panlex.org/snapshot/panlex-20191001-csv/1573#50090771>		"maama"@shb	
"бохьру"@ddo	<https://panlex.org/snapshot/panlex-20191001-csv/1573#50086348>				<https://panlex.org/snapshot/panlex-20191001-csv/1573#50086434>		"payik-payik-mo"@shb	
"тутурлъи"@ddo	<https://panlex.org/snapshot/panlex-20191001-csv/1573#50082951>				<https://panlex.org/snapshot/panlex-20191001-csv/1573#50083112>		"mašithak ãhi"@shb	
"карачел"@ddo	<https://panlex.org/snapshot/panlex-20191001-csv/1573#50087681>				<https://panlex.org/snapshot/panlex-20191001-csv/1573#50087809>		"pola"@shb	
"майдан"@ddo	<https://panlex.org/snapshot/panlex-20191001-csv/1573#50084222>				<https://panlex.org/snapshot/panlex-20191001-csv/1573#50084405>		"ilihi hõši"@shb	
"чІинкІиллъи"@ddo	<https://panlex.org/snapshot/panlex-20191001-csv/1573#50084742>				<https://panlex.org/snapshot/panlex-20191001-csv/1573#50084859>		"ilihi makoko"@shb	
"муж"@ddo	<https://panlex.org/snapshot/panlex-20191001-csv/1573#50086521>				<https://panlex.org/snapshot/panlex-20191001-csv/1573#50086632>		"popoši"@shb	
"бухъ"@ddo	<https://panlex.org/snapshot/panlex-20191001-csv/1573#50091353>				<https://panlex.org/snapshot/panlex-20191001-csv/1573#50091485>		"mothok"@shb	
"имху"@ddo	<https://panlex.org/snapshot/panlex-20191001-csv/1573#50085452>				<https://panlex.org/snapshot/panlex-20191001-csv/1573#50085586>		"maamak paka"@shb	
"гиму"@ddo	<https://panlex.org/snapshot/panlex-20191001-csv/1573#50083229>				<https://panlex.org/snapshot/panlex-20191001-csv/1573#50083363>		"lãkak"@shb	
"байдан"@ddo	<https://panlex.org/snapshot/panlex-20191001-csv/1573#50084221>				<https://panlex.org/snapshot/panlex-20191001-csv/1573#50084405>		"ilihi hõši"@shb	
"лилйо"@ddo	<https://panlex.org/snapshot/panlex-20191001-csv/1573#50085135>				<https://panlex.org/snapshot/panlex-20191001-csv/1573#50085323>		"kasi"@shb	
"лилйо"@ddo	<https://panlex.org/snapshot/panlex-20191001-csv/1573#50085135>				<https://panlex.org/snapshot/panlex-20191001-csv/1573#50085324>		"palahi"@shb	
"лабу"@ddo	<https://panlex.org/snapshot/panlex-20191001-csv/1573#50087683>				<https://panlex.org/snapshot/panlex-20191001-csv/1573#50087809>		"pola"@shb	
"гъун"@ddo	<https://panlex.org/snapshot/panlex-20191001-csv/1573#50090000>				<https://panlex.org/snapshot/panlex-20191001-csv/1573#50090135>		"wiitihi"@shb	
"хъаца"@ddo	<https://panlex.org/snapshot/panlex-20191001-csv/1573#50090252>				<https://panlex.org/snapshot/panlex-20191001-csv/1573#50090386>		"wiitihi"@shb	
"лъи"@ddo	<https://panlex.org/snapshot/panlex-20191001-csv/1573#50085699>				<https://panlex.org/snapshot/panlex-20191001-csv/1573#50085838>		"maup"@shb	
"къец"@ddo	<https://panlex.org/snapshot/panlex-20191001-csv/1573#50089258>				<https://panlex.org/snapshot/panlex-20191001-csv/1573#50089394>		"yokoto"@shb	
"муж"@ddo	<https://panlex.org/snapshot/panlex-20191001-csv/1573#50086522>				<https://panlex.org/snapshot/panlex-20191001-csv/1573#50086632>		"popoši"@shb	
"зоб"@ddo	<https://panlex.org/snapshot/panlex-20191001-csv/1573#50091108>				<https://panlex.org/snapshot/panlex-20191001-csv/1573#50091229>		"yãn-paluk"@shb	
"къверекъни"@ddo	<https://panlex.org/snapshot/panlex-20191001-csv/1573#50088680>				<https://panlex.org/snapshot/panlex-20191001-csv/1573#50088774>		"šĩmoli-a wei"@shb	
"чІинкІиллъи"@ddo	<https://panlex.org/snapshot/panlex-20191001-csv/1573#50084741>				<https://panlex.org/snapshot/panlex-20191001-csv/1573#50084859>		"ilihi makoko"@shb	
"дуйлйан"@ddo	<https://panlex.org/snapshot/panlex-20191001-csv/1573#50082036>				<https://panlex.org/snapshot/panlex-20191001-csv/1573#50082221>		"mašithak"@shb	
"дуйлйан"@ddo	<https://panlex.org/snapshot/panlex-20191001-csv/1573#50082036>				<https://panlex.org/snapshot/panlex-20191001-csv/1573#50082220>		"ilihi"@shb	
"мочи"@ddo	<https://panlex.org/snapshot/panlex-20191001-csv/1573#50082351>				<https://panlex.org/snapshot/panlex-20191001-csv/1573#50082546>		"mašithak"@shb	
"мочи"@ddo	<https://panlex.org/snapshot/panlex-20191001-csv/1573#50084220>				<https://panlex.org/snapshot/panlex-20191001-csv/1573#50084405>		"ilihi hõši"@shb	
"хІукумат"@ddo	<https://panlex.org/snapshot/panlex-20191001-csv/1573#50082037>				<https://panlex.org/snapshot/panlex-20191001-csv/1573#50082221>		"mašithak"@shb	
"хІукумат"@ddo	<https://panlex.org/snapshot/panlex-20191001-csv/1573#50082037>				<https://panlex.org/snapshot/panlex-20191001-csv/1573#50082220>		"ilihi"@shb	
"хъублъи"@ddo	<https://panlex.org/snapshot/panlex-20191001-csv/1573#50082952>				<https://panlex.org/snapshot/panlex-20191001-csv/1573#50083112>		"mašithak ãhi"@shb	
"ихІу"@ddo	<https://panlex.org/snapshot/panlex-20191001-csv/1573#50088297>				<https://panlex.org/snapshot/panlex-20191001-csv/1573#50088541>		"ma u"@shb	
"ихІу"@ddo	<https://panlex.org/snapshot/panlex-20191001-csv/1573#50088297>				<https://panlex.org/snapshot/panlex-20191001-csv/1573#50088542>		"u"@shb	
"лъад"@ddo	<https://panlex.org/snapshot/panlex-20191001-csv/1573#50090549>				<https://panlex.org/snapshot/panlex-20191001-csv/1573#50090771>		"maama"@shb	
"хІон"@ddo	<https://panlex.org/snapshot/panlex-20191001-csv/1573#50083532>				<https://panlex.org/snapshot/panlex-20191001-csv/1573#50083742>		"olina"@shb	
"гьилІийо"@ddo	<https://panlex.org/snapshot/panlex-20191001-csv/1573#50086165>				<https://panlex.org/snapshot/panlex-20191001-csv/1573#50086264>		"si-utiti"@shb	
"маду"@ddo	<https://panlex.org/snapshot/panlex-20191001-csv/1573#50088298>				<https://panlex.org/snapshot/panlex-20191001-csv/1573#50088541>		"ma u"@shb	
"маду"@ddo	<https://panlex.org/snapshot/panlex-20191001-csv/1573#50088298>				<https://panlex.org/snapshot/panlex-20191001-csv/1573#50088542>		"u"@shb	
"цІарагІ"@ddo	<https://panlex.org/snapshot/panlex-20191001-csv/1573#50090251>				<https://panlex.org/snapshot/panlex-20191001-csv/1573#50090386>		"wiitihi"@shb	
"хъаца"@ddo	<https://panlex.org/snapshot/panlex-20191001-csv/1573#50090250>				<https://panlex.org/snapshot/panlex-20191001-csv/1573#50090386>		"wiitihi"@shb	
"чороклъи"@ddo	<https://panlex.org/snapshot/panlex-20191001-csv/1573#50082953>				<https://panlex.org/snapshot/panlex-20191001-csv/1573#50083112>		"mašithak ãhi"@shb	
"лабу"@ddo	<https://panlex.org/snapshot/panlex-20191001-csv/1573#50087682>				<https://panlex.org/snapshot/panlex-20191001-csv/1573#50087809>		"pola"@shb	
"гупІ"@ddo	<https://panlex.org/snapshot/panlex-20191001-csv/1573#50083531>				<https://panlex.org/snapshot/panlex-20191001-csv/1573#50083742>		"olina"@shb	
"рагІал"@ddo	<https://panlex.org/snapshot/panlex-20191001-csv/1573#50085137>				<https://panlex.org/snapshot/panlex-20191001-csv/1573#50085323>		"kasi"@shb	
"рагІал"@ddo	<https://panlex.org/snapshot/panlex-20191001-csv/1573#50085137>				<https://panlex.org/snapshot/panlex-20191001-csv/1573#50085324>		"palahi"@shb	
"имху"@ddo	<https://panlex.org/snapshot/panlex-20191001-csv/1573#50085451>				<https://panlex.org/snapshot/panlex-20191001-csv/1573#50085586>		"maamak paka"@shb	
"цихъ"@ddo	<https://panlex.org/snapshot/panlex-20191001-csv/1573#50089708>				<https://panlex.org/snapshot/panlex-20191001-csv/1573#50089866>		"ilihi"@shb	
"йерезни"@ddo	<https://panlex.org/snapshot/panlex-20191001-csv/1573#50086935>				<https://panlex.org/snapshot/panlex-20191001-csv/1573#50087059>		"yokoto"@shb	
"ракь"@ddo	<https://panlex.org/snapshot/panlex-20191001-csv/1573#50082354>				<https://panlex.org/snapshot/panlex-20191001-csv/1573#50082546>		"mašithak"@shb	
"майдан"@ddo	<https://panlex.org/snapshot/panlex-20191001-csv/1573#50084219>				<https://panlex.org/snapshot/panlex-20191001-csv/1573#50084405>		"ilihi hõši"@shb	
