"kauṃ"@txb	<https://panlex.org/snapshot/panlex-20191001-csv/1573#50091508>				<https://panlex.org/snapshot/panlex-20191001-csv/1573#50091450>		"kwalaɨ"@oym	
"samuttär"@txb	<https://panlex.org/snapshot/panlex-20191001-csv/1573#50086840>				<https://panlex.org/snapshot/panlex-20191001-csv/1573#50086799>		"palana"@oym	
"ālme"@txb	<https://panlex.org/snapshot/panlex-20191001-csv/1573#50089166>				<https://panlex.org/snapshot/panlex-20191001-csv/1573#50089080>		"tɛapɨ"@oym	
"lenke"@txb	<https://panlex.org/snapshot/panlex-20191001-csv/1573#50084663>				<https://panlex.org/snapshot/panlex-20191001-csv/1573#50084620>		"ɨapɨ"@oym	
"keṃ"@txb	<https://panlex.org/snapshot/panlex-20191001-csv/1573#50082574>				<https://panlex.org/snapshot/panlex-20191001-csv/1573#50082497>		"ɨwɨ"@oym	
"keṃ"@txb	<https://panlex.org/snapshot/panlex-20191001-csv/1573#50082259>				<https://panlex.org/snapshot/panlex-20191001-csv/1573#50082165>		"ɨwɨ"@oym	
"keṃ"@txb	<https://panlex.org/snapshot/panlex-20191001-csv/1573#50082259>				<https://panlex.org/snapshot/panlex-20191001-csv/1573#50082164>		"pɨlũŋa"@oym	
"taur"@txb	<https://panlex.org/snapshot/panlex-20191001-csv/1573#50082842>				<https://panlex.org/snapshot/panlex-20191001-csv/1573#50082778>		"kuʔi"@oym	
"waraɲce"@txb	<https://panlex.org/snapshot/panlex-20191001-csv/1573#50083385>				<https://panlex.org/snapshot/panlex-20191001-csv/1573#50083330>		"ɨsĩ"@oym	
"wranta"@txb	<https://panlex.org/snapshot/panlex-20191001-csv/1573#50085867>				<https://panlex.org/snapshot/panlex-20191001-csv/1573#50085798>		"ɨɨ"@oym	
"manarko"@txb	<https://panlex.org/snapshot/panlex-20191001-csv/1573#50085361>				<https://panlex.org/snapshot/panlex-20191001-csv/1573#50085270>		"palana-pɔpɨ ɨsĩŋu"@oym	
"stām"@txb	<https://panlex.org/snapshot/panlex-20191001-csv/1573#50090156>				<https://panlex.org/snapshot/panlex-20191001-csv/1573#50090099>		"wɨla"@oym	
"stām"@txb	<https://panlex.org/snapshot/panlex-20191001-csv/1573#50090156>				<https://panlex.org/snapshot/panlex-20191001-csv/1573#50090100>		"ɨwa-"@oym	
"stām"@txb	<https://panlex.org/snapshot/panlex-20191001-csv/1573#50090156>				<https://panlex.org/snapshot/panlex-20191001-csv/1573#50090098>		"-ʔɨ"@oym	
"mīṣe"@txb	<https://panlex.org/snapshot/panlex-20191001-csv/1573#50084439>				<https://panlex.org/snapshot/panlex-20191001-csv/1573#50084366>		"ɨwɨ-tamɛ"@oym	
"iprer"@txb	<https://panlex.org/snapshot/panlex-20191001-csv/1573#50091257>				<https://panlex.org/snapshot/panlex-20191001-csv/1573#50091192>		"ɨwa"@oym	
"śaiṣṣe"@txb	<https://panlex.org/snapshot/panlex-20191001-csv/1573#50081916>				<https://panlex.org/snapshot/panlex-20191001-csv/1573#50081857>		"pɨlũŋa"@oym	
"war"@txb	<https://panlex.org/snapshot/panlex-20191001-csv/1573#50085866>				<https://panlex.org/snapshot/panlex-20191001-csv/1573#50085798>		"ɨɨ"@oym	
"karāś"@txb	<https://panlex.org/snapshot/panlex-20191001-csv/1573#50089897>				<https://panlex.org/snapshot/panlex-20191001-csv/1573#50089824>		"kaʔa"@oym	
"kärweɲe"@txb	<https://panlex.org/snapshot/panlex-20191001-csv/1573#50090815>				<https://panlex.org/snapshot/panlex-20191001-csv/1573#50090709>		"takulu"@oym	
"totte"@txb	<https://panlex.org/snapshot/panlex-20191001-csv/1573#50085362>				<https://panlex.org/snapshot/panlex-20191001-csv/1573#50085270>		"palana-pɔpɨ ɨsĩŋu"@oym	
"warśo"@txb	<https://panlex.org/snapshot/panlex-20191001-csv/1573#50084440>				<https://panlex.org/snapshot/panlex-20191001-csv/1573#50084366>		"ɨwɨ-tamɛ"@oym	
"eprer"@txb	<https://panlex.org/snapshot/panlex-20191001-csv/1573#50091256>				<https://panlex.org/snapshot/panlex-20191001-csv/1573#50091192>		"ɨwa"@oym	
"lyam"@txb	<https://panlex.org/snapshot/panlex-20191001-csv/1573#50086093>				<https://panlex.org/snapshot/panlex-20191001-csv/1573#50086040>		"palana"@oym	
"ṣale"@txb	<https://panlex.org/snapshot/panlex-20191001-csv/1573#50083789>				<https://panlex.org/snapshot/panlex-20191001-csv/1573#50083690>		"ɨwɨ-tɨ"@oym	
"or"@txb	<https://panlex.org/snapshot/panlex-20191001-csv/1573#50090413>				<https://panlex.org/snapshot/panlex-20191001-csv/1573#50090354>		"wɨla"@oym	
"kärkkālle"@txb	<https://panlex.org/snapshot/panlex-20191001-csv/1573#50089423>				<https://panlex.org/snapshot/panlex-20191001-csv/1573#50089364>		"ɨlɛkɔa"@oym	
"cake"@txb	<https://panlex.org/snapshot/panlex-20191001-csv/1573#50088595>				<https://panlex.org/snapshot/panlex-20191001-csv/1573#50088485>		"tɨãkã"@oym	
"cake"@txb	<https://panlex.org/snapshot/panlex-20191001-csv/1573#50088595>				<https://panlex.org/snapshot/panlex-20191001-csv/1573#50088486>		"ɨɨ"@oym	
"prenke"@txb	<https://panlex.org/snapshot/panlex-20191001-csv/1573#50084877>				<https://panlex.org/snapshot/panlex-20191001-csv/1573#50084832>		"ɨpãʔã"@oym	
"tweye"@txb	<https://panlex.org/snapshot/panlex-20191001-csv/1573#50082843>				<https://panlex.org/snapshot/panlex-20191001-csv/1573#50082778>		"kuʔi"@oym	
"yast"@txb	<https://panlex.org/snapshot/panlex-20191001-csv/1573#50084093>				<https://panlex.org/snapshot/panlex-20191001-csv/1573#50084038>		"palɛti"@oym	
