"kauṃ"@txb	<https://panlex.org/snapshot/panlex-20191001-csv/1573#50091508>				<https://panlex.org/snapshot/panlex-20191001-csv/1573#50091503>		"sače"@trn	
"ālme"@txb	<https://panlex.org/snapshot/panlex-20191001-csv/1573#50089166>				<https://panlex.org/snapshot/panlex-20191001-csv/1573#50089158>		"skoku"@trn	
"keṃ"@txb	<https://panlex.org/snapshot/panlex-20191001-csv/1573#50082574>				<https://panlex.org/snapshot/panlex-20191001-csv/1573#50082569>		"ʼmotehi"@trn	
"keṃ"@txb	<https://panlex.org/snapshot/panlex-20191001-csv/1573#50082259>				<https://panlex.org/snapshot/panlex-20191001-csv/1573#50082253>		"ʔpoɣʔe"@trn	
"taur"@txb	<https://panlex.org/snapshot/panlex-20191001-csv/1573#50082842>				<https://panlex.org/snapshot/panlex-20191001-csv/1573#50082837>		"ʼmotehi"@trn	
"waraɲce"@txb	<https://panlex.org/snapshot/panlex-20191001-csv/1573#50083385>				<https://panlex.org/snapshot/panlex-20191001-csv/1573#50083381>		"taʼwoparu"@trn	
"wranta"@txb	<https://panlex.org/snapshot/panlex-20191001-csv/1573#50085867>				<https://panlex.org/snapshot/panlex-20191001-csv/1573#50085861>		"-ʼune-ra"@trn	
"wranta"@txb	<https://panlex.org/snapshot/panlex-20191001-csv/1573#50085867>				<https://panlex.org/snapshot/panlex-20191001-csv/1573#50085862>		"une"@trn	
"manarko"@txb	<https://panlex.org/snapshot/panlex-20191001-csv/1573#50085361>				<https://panlex.org/snapshot/panlex-20191001-csv/1573#50085355>		"taʼčočoku"@trn	
"stām"@txb	<https://panlex.org/snapshot/panlex-20191001-csv/1573#50090156>				<https://panlex.org/snapshot/panlex-20191001-csv/1573#50090150>		"wkuɣi"@trn	
"stām"@txb	<https://panlex.org/snapshot/panlex-20191001-csv/1573#50090156>				<https://panlex.org/snapshot/panlex-20191001-csv/1573#50090151>		"ykuɣi"@trn	
"mīṣe"@txb	<https://panlex.org/snapshot/panlex-20191001-csv/1573#50084439>				<https://panlex.org/snapshot/panlex-20191001-csv/1573#50084434>		"womʔi"@trn	
"iprer"@txb	<https://panlex.org/snapshot/panlex-20191001-csv/1573#50091257>				<https://panlex.org/snapshot/panlex-20191001-csv/1573#50091252>		"anumo"@trn	
"śaiṣṣe"@txb	<https://panlex.org/snapshot/panlex-20191001-csv/1573#50081916>				<https://panlex.org/snapshot/panlex-20191001-csv/1573#50081909>		"ʔpoɣʔe"@trn	
"war"@txb	<https://panlex.org/snapshot/panlex-20191001-csv/1573#50085866>				<https://panlex.org/snapshot/panlex-20191001-csv/1573#50085861>		"-ʼune-ra"@trn	
"war"@txb	<https://panlex.org/snapshot/panlex-20191001-csv/1573#50085866>				<https://panlex.org/snapshot/panlex-20191001-csv/1573#50085862>		"une"@trn	
"karāś"@txb	<https://panlex.org/snapshot/panlex-20191001-csv/1573#50089897>				<https://panlex.org/snapshot/panlex-20191001-csv/1573#50089892>		"smeno"@trn	
"kärweɲe"@txb	<https://panlex.org/snapshot/panlex-20191001-csv/1573#50090815>				<https://panlex.org/snapshot/panlex-20191001-csv/1573#50090807>		"mari-haʔi"@trn	
"kärweɲe"@txb	<https://panlex.org/snapshot/panlex-20191001-csv/1573#50090815>				<https://panlex.org/snapshot/panlex-20191001-csv/1573#50090806>		"mari"@trn	
"totte"@txb	<https://panlex.org/snapshot/panlex-20191001-csv/1573#50085362>				<https://panlex.org/snapshot/panlex-20191001-csv/1573#50085355>		"taʼčočoku"@trn	
"warśo"@txb	<https://panlex.org/snapshot/panlex-20191001-csv/1573#50084440>				<https://panlex.org/snapshot/panlex-20191001-csv/1573#50084434>		"womʔi"@trn	
"eprer"@txb	<https://panlex.org/snapshot/panlex-20191001-csv/1573#50091256>				<https://panlex.org/snapshot/panlex-20191001-csv/1573#50091252>		"anumo"@trn	
"ṣale"@txb	<https://panlex.org/snapshot/panlex-20191001-csv/1573#50083789>				<https://panlex.org/snapshot/panlex-20191001-csv/1573#50083779>		"ʔnuɣʔe mari"@trn	
"or"@txb	<https://panlex.org/snapshot/panlex-20191001-csv/1573#50090413>				<https://panlex.org/snapshot/panlex-20191001-csv/1573#50090410>		"ykuɣi"@trn	
"or"@txb	<https://panlex.org/snapshot/panlex-20191001-csv/1573#50090413>				<https://panlex.org/snapshot/panlex-20191001-csv/1573#50090409>		"wkuɣi"@trn	
"kärkkālle"@txb	<https://panlex.org/snapshot/panlex-20191001-csv/1573#50089423>				<https://panlex.org/snapshot/panlex-20191001-csv/1573#50089420>		"yʼmomohi"@trn	
"cake"@txb	<https://panlex.org/snapshot/panlex-20191001-csv/1573#50088595>				<https://panlex.org/snapshot/panlex-20191001-csv/1573#50088589>		"khokre"@trn	
"prenke"@txb	<https://panlex.org/snapshot/panlex-20191001-csv/1573#50084877>				<https://panlex.org/snapshot/panlex-20191001-csv/1573#50084874>		"tʸuupuʔi"@trn	
"tweye"@txb	<https://panlex.org/snapshot/panlex-20191001-csv/1573#50082843>				<https://panlex.org/snapshot/panlex-20191001-csv/1573#50082837>		"ʼmotehi"@trn	
"yast"@txb	<https://panlex.org/snapshot/panlex-20191001-csv/1573#50084093>				<https://panlex.org/snapshot/panlex-20191001-csv/1573#50084087>		"tačusi"@trn	
