"ከመጀመሪያው የዓለም ጦርነት"@am	<https://panlex.org/snapshot/panlex-20191001-csv/6709#111077395>				<https://panlex.org/snapshot/panlex-20191001-csv/6709#111077376>		"Тӏоцебесеб гӏаламалъул рагъ"@av	
"ቫይኪንግ"@am	<https://panlex.org/snapshot/panlex-20191001-csv/6709#111076534>				<https://panlex.org/snapshot/panlex-20191001-csv/6709#111076521>		"Викингал"@av	
"ከሁለተኛው የዓለም ጦርነት"@am	<https://panlex.org/snapshot/panlex-20191001-csv/6709#111077526>				<https://panlex.org/snapshot/panlex-20191001-csv/6709#111077626>		"Кӏиабилеб гӏаламалъул рагъ"@av	
"1ኛ የጴጥሮስ መልእክት"@am	<https://panlex.org/snapshot/panlex-20191001-csv/6726#111133760>				<https://panlex.org/snapshot/panlex-20191001-csv/6726#111133813>		"Пётрил тӏоцебесеб кагъат"@av	
"የሐዋርያት ሥራ"@am	<https://panlex.org/snapshot/panlex-20191001-csv/6726#111131229>				<https://panlex.org/snapshot/panlex-20191001-csv/6726#111131204>		"Чапарзабазул ишал"@av	
"የማቴዎስ ወንጌል"@am	<https://panlex.org/snapshot/panlex-20191001-csv/6726#111130486>				<https://panlex.org/snapshot/panlex-20191001-csv/6726#111130570>		"Матфейица бицараб Рохалил хабар"@av	
"የማርቆስ ወንጌል"@am	<https://panlex.org/snapshot/panlex-20191001-csv/6726#111130650>				<https://panlex.org/snapshot/panlex-20191001-csv/6726#111130761>		"Маркица бицараб Рохалил хабар"@av	
"አዲስ ኪዳን"@am	<https://panlex.org/snapshot/panlex-20191001-csv/6726#111134967>				<https://panlex.org/snapshot/panlex-20191001-csv/6726#111134973>		"Инжил"@av	
"ወደ ቆላስይስ ሰዎች"@am	<https://panlex.org/snapshot/panlex-20191001-csv/6726#111132326>				<https://panlex.org/snapshot/panlex-20191001-csv/6726#111132369>		"Колоссиязухъе Павелил кагъат"@av	
"የዮሐንስ ራእይ"@am	<https://panlex.org/snapshot/panlex-20191001-csv/6726#111134781>				<https://panlex.org/snapshot/panlex-20191001-csv/6726#111134809>		"Иоанние Аллагьас загьир гьарурал ишал"@av	
"የይሁዳ መልእክት"@am	<https://panlex.org/snapshot/panlex-20191001-csv/6726#111134680>				<https://panlex.org/snapshot/panlex-20191001-csv/6726#111134655>		"Ягьудал кагъат"@av	
"ወደ ፊልጵስዩስ ሰዎች"@am	<https://panlex.org/snapshot/panlex-20191001-csv/6726#111132147>				<https://panlex.org/snapshot/panlex-20191001-csv/6726#111132162>		"Филиппиязухъе Павелил кагъат"@av	
"ወደ ዕብራውያን"@am	<https://panlex.org/snapshot/panlex-20191001-csv/6726#111133417>				<https://panlex.org/snapshot/panlex-20191001-csv/6726#111133416>		"Жугьутӏазухъе кагъат"@av	
"የሉቃስ ወንጌል"@am	<https://panlex.org/snapshot/panlex-20191001-csv/6726#111130806>				<https://panlex.org/snapshot/panlex-20191001-csv/6726#111130805>		"Лукаца бицараб Рохалил хабар"@av	
"1ኛ የዮሐንስ መልእክት"@am	<https://panlex.org/snapshot/panlex-20191001-csv/6726#111134153>				<https://panlex.org/snapshot/panlex-20191001-csv/6726#111134119>		"Иоаннил тӏоцебесеб кагъат"@av	
"ወደ ቲቶ"@am	<https://panlex.org/snapshot/panlex-20191001-csv/6726#111133130>				<https://panlex.org/snapshot/panlex-20191001-csv/6726#111133188>		"Титихъе Павелил кагъат"@av	
"2ኛ ወደ ጢሞቴዎስ"@am	<https://panlex.org/snapshot/panlex-20191001-csv/6726#111132945>				<https://panlex.org/snapshot/panlex-20191001-csv/6726#111133056>		"Тимофейихъе Павелил кӏиабилеб кагъат"@av	
"2ኛ ወደ ቆሮንቶስ ሰዎች"@am	<https://panlex.org/snapshot/panlex-20191001-csv/6726#111131638>				<https://panlex.org/snapshot/panlex-20191001-csv/6726#111131704>		"Коринфиязухъе Павелил кӏиабилеб кагъат"@av	
"3ኛ የዮሐንስ መልእክት"@am	<https://panlex.org/snapshot/panlex-20191001-csv/6726#111134522>				<https://panlex.org/snapshot/panlex-20191001-csv/6726#111134421>		"Иоаннил лъабабилеб кагъат"@av	
"ወደ ገላትያ ሰዎች"@am	<https://panlex.org/snapshot/panlex-20191001-csv/6726#111131765>				<https://panlex.org/snapshot/panlex-20191001-csv/6726#111131883>		"Галатиязухъе Павелил кагъат"@av	
"2ኛ ወደ ተሰሎንቄ ሰዎች"@am	<https://panlex.org/snapshot/panlex-20191001-csv/6726#111132751>				<https://panlex.org/snapshot/panlex-20191001-csv/6726#111132633>		"Фессалоникиязухъе Павелил кӏиабилеб кагъат"@av	
"ወደ ሮሜ ሰዎች"@am	<https://panlex.org/snapshot/panlex-20191001-csv/6726#111131308>				<https://panlex.org/snapshot/panlex-20191001-csv/6726#111131367>		"Румазухъе Павелил кагъат"@av	
"2ኛ የዮሐንስ መልእክት"@am	<https://panlex.org/snapshot/panlex-20191001-csv/6726#111134268>				<https://panlex.org/snapshot/panlex-20191001-csv/6726#111134312>		"Иоаннил кӏиабилеб кагъат"@av	
"1ኛ ወደ ጢሞቴዎስ"@am	<https://panlex.org/snapshot/panlex-20191001-csv/6726#111132875>				<https://panlex.org/snapshot/panlex-20191001-csv/6726#111132763>		"Тимофейихъе Павелил тӏоцебесеб кагъат"@av	
"የያዕቆብ መልእክት"@am	<https://panlex.org/snapshot/panlex-20191001-csv/6726#111133725>				<https://panlex.org/snapshot/panlex-20191001-csv/6726#111133625>		"Якъубил кагъат"@av	
"ወደ ኤፌሶን ሰዎች"@am	<https://panlex.org/snapshot/panlex-20191001-csv/6726#111132010>				<https://panlex.org/snapshot/panlex-20191001-csv/6726#111131997>		"Эфесиязухъе Павелил кагъат"@av	
"ወደ ፊልሞና"@am	<https://panlex.org/snapshot/panlex-20191001-csv/6726#111133275>				<https://panlex.org/snapshot/panlex-20191001-csv/6726#111133268>		"Филемонихъе Павелил кагъат"@av	
"2ኛ የጴጥሮስ መልእክት"@am	<https://panlex.org/snapshot/panlex-20191001-csv/6726#111133920>				<https://panlex.org/snapshot/panlex-20191001-csv/6726#111134009>		"Пётрил кӏиабилеб кагъат"@av	
"የዮሐንስ ወንጌል"@am	<https://panlex.org/snapshot/panlex-20191001-csv/6726#111131097>				<https://panlex.org/snapshot/panlex-20191001-csv/6726#111131020>		"Иоанница бицараб Рохалил хабар"@av	
"1ኛ ወደ ተሰሎንቄ ሰዎች"@am	<https://panlex.org/snapshot/panlex-20191001-csv/6726#111132467>				<https://panlex.org/snapshot/panlex-20191001-csv/6726#111132536>		"Фессалоникиязухъе Павелил тӏоцебесеб кагъат"@av	
"1ኛ ወደ ቆሮንቶስ ሰዎች"@am	<https://panlex.org/snapshot/panlex-20191001-csv/6726#111131575>				<https://panlex.org/snapshot/panlex-20191001-csv/6726#111131535>		"Коринфиязухъе Павелил тӏоцебесеб кагъат"@av	
"ሰላም"@am	<https://panlex.org/snapshot/panlex-20191001-csv/5947#84801239>				<https://panlex.org/snapshot/panlex-20191001-csv/5947#84801245>		"рекъел"@av	
"ልሳን"@am	<https://panlex.org/snapshot/panlex-20191001-csv/5947#84711478>				<https://panlex.org/snapshot/panlex-20191001-csv/5947#84711480>		"мацӀ"@av	
"ዓሣ"@am	<https://panlex.org/snapshot/panlex-20191001-csv/5947#84831490>				<https://panlex.org/snapshot/panlex-20191001-csv/5947#84831494>		"ччугӏа"@av	
"ሌሊት"@am	<https://panlex.org/snapshot/panlex-20191001-csv/5947#84770108>				<https://panlex.org/snapshot/panlex-20191001-csv/5947#84770112>		"сордо"@av	
"እናት"@am	<https://panlex.org/snapshot/panlex-20191001-csv/5947#84747288>				<https://panlex.org/snapshot/panlex-20191001-csv/5947#84747291>		"эбел"@av	
"ቤልጅክ"@am	<https://panlex.org/snapshot/panlex-20191001-csv/5947#84584328>				<https://panlex.org/snapshot/panlex-20191001-csv/5947#84584336>		"Бельгия"@av	
"ከልብ"@am	<https://panlex.org/snapshot/panlex-20191001-csv/5947#84792967>				<https://panlex.org/snapshot/panlex-20191001-csv/5947#84792969>		"гьой"@av	
"ሌት"@am	<https://panlex.org/snapshot/panlex-20191001-csv/5947#84770109>				<https://panlex.org/snapshot/panlex-20191001-csv/5947#84770112>		"сордо"@av	
"ፌብሩወሪ"@am	<https://panlex.org/snapshot/panlex-20191001-csv/5947#84742762>				<https://panlex.org/snapshot/panlex-20191001-csv/5947#84742773>		"февраль"@av	
"ነጭ"@am	<https://panlex.org/snapshot/panlex-20191001-csv/5947#84639674>				<https://panlex.org/snapshot/panlex-20191001-csv/5947#84639680>		"хъахӏаб"@av	
"ቤልጅግ"@am	<https://panlex.org/snapshot/panlex-20191001-csv/5947#84584329>				<https://panlex.org/snapshot/panlex-20191001-csv/5947#84584336>		"Бельгия"@av	
"እና"@am	<https://panlex.org/snapshot/panlex-20191001-csv/5947#84702194>				<https://panlex.org/snapshot/panlex-20191001-csv/5947#84702196>		"ва"@av	
"ሐኪም"@am	<https://panlex.org/snapshot/panlex-20191001-csv/5947#84737768>				<https://panlex.org/snapshot/panlex-20191001-csv/5947#84737772>		"тохтур"@av	
"መስታዎት"@am	<https://panlex.org/snapshot/panlex-20191001-csv/5946#84446111>				<https://panlex.org/snapshot/panlex-20191001-csv/5946#84446117>		"матӀу"@av	
"ዝናብ"@am	<https://panlex.org/snapshot/panlex-20191001-csv/5946#84436225>				<https://panlex.org/snapshot/panlex-20191001-csv/5946#84436238>		"цӏад"@av	
"ካዛኽስታን"@am	<https://panlex.org/snapshot/panlex-20191001-csv/5949#85312042>				<https://panlex.org/snapshot/panlex-20191001-csv/5949#85312048>		"Хъазахъистан"@av	
"ትብሊሲ"@am	<https://panlex.org/snapshot/panlex-20191001-csv/5949#85321774>				<https://panlex.org/snapshot/panlex-20191001-csv/5949#85321777>		"Тбилиси"@av	
"ሞስኮ"@am	<https://panlex.org/snapshot/panlex-20191001-csv/5949#85315989>				<https://panlex.org/snapshot/panlex-20191001-csv/5949#85315991>		"Москва"@av	
"አውሮፓ"@am	<https://panlex.org/snapshot/panlex-20191001-csv/5949#85308484>				<https://panlex.org/snapshot/panlex-20191001-csv/5949#85308491>		"Европа"@av	
"ቁርአን"@am	<https://panlex.org/snapshot/panlex-20191001-csv/5949#85313368>				<https://panlex.org/snapshot/panlex-20191001-csv/5949#85313375>		"Къуръан"@av	
"ባኩ"@am	<https://panlex.org/snapshot/panlex-20191001-csv/5949#85301428>				<https://panlex.org/snapshot/panlex-20191001-csv/5949#85301433>		"Баку"@av	
"ኦገስት"@am	<https://panlex.org/snapshot/panlex-20191001-csv/5949#85329268>				<https://panlex.org/snapshot/panlex-20191001-csv/5949#85329277>		"август"@av	
"ሩስያ"@am	<https://panlex.org/snapshot/panlex-20191001-csv/5949#85319387>				<https://panlex.org/snapshot/panlex-20191001-csv/5949#85319394>		"Россия"@av	
"አዜርባይጃን"@am	<https://panlex.org/snapshot/panlex-20191001-csv/5949#85298409>				<https://panlex.org/snapshot/panlex-20191001-csv/5949#85298413>		"Азарбижан"@av	
"ሩሲያ"@am	<https://panlex.org/snapshot/panlex-20191001-csv/5949#85319386>				<https://panlex.org/snapshot/panlex-20191001-csv/5949#85319394>		"Россия"@av	
"ባህር"@am	<https://panlex.org/snapshot/panlex-20191001-csv/5942#83283173>				<https://panlex.org/snapshot/panlex-20191001-csv/5942#83283179>		"ралъад"@av	
"ኢራቅ"@am	<https://panlex.org/snapshot/panlex-20191001-csv/5943#83289109>				<https://panlex.org/snapshot/panlex-20191001-csv/5943#83289111>		"ГІиракъ"@av	
"ሥነ ሕንፃ"@am	<https://panlex.org/snapshot/panlex-20191001-csv/2904#111021759>				<https://panlex.org/snapshot/panlex-20191001-csv/2904#111021732>		"архитектура"@av	
"ፍልስፍና"@am	<https://panlex.org/snapshot/panlex-20191001-csv/2904#111023910>				<https://panlex.org/snapshot/panlex-20191001-csv/2904#111023794>		"философия"@av	
"ፊዚካ"@am	<https://panlex.org/snapshot/panlex-20191001-csv/2904#111024108>				<https://panlex.org/snapshot/panlex-20191001-csv/2904#111024163>		"физика"@av	
"ትምህርተ ሂሳብ"@am	<https://panlex.org/snapshot/panlex-20191001-csv/2904#111023363>				<https://panlex.org/snapshot/panlex-20191001-csv/2904#111023525>		"математика"@av	
"ሥነ ጥበብ"@am	<https://panlex.org/snapshot/panlex-20191001-csv/2904#111024234>				<https://panlex.org/snapshot/panlex-20191001-csv/2904#111024378>		"гӏелму"@av	
"ሥነ ሕይወት"@am	<https://panlex.org/snapshot/panlex-20191001-csv/2904#111022236>				<https://panlex.org/snapshot/panlex-20191001-csv/2904#111022244>		"биология"@av	
"ሕክምና"@am	<https://panlex.org/snapshot/panlex-20191001-csv/2904#111023622>				<https://panlex.org/snapshot/panlex-20191001-csv/2904#111023636>		"медицина"@av	
"ሥነ ቋንቋ"@am	<https://panlex.org/snapshot/panlex-20191001-csv/2904#111023228>				<https://panlex.org/snapshot/panlex-20191001-csv/2904#111023221>		"мацӏазул гӏелму"@av	
"ሥነ ቋንቋ"@am	<https://panlex.org/snapshot/panlex-20191001-csv/2904#111023228>				<https://panlex.org/snapshot/panlex-20191001-csv/2904#111023097>		"лингвистика"@av	
"የቋንቋ ጥናት"@am	<https://panlex.org/snapshot/panlex-20191001-csv/2904#111023224>				<https://panlex.org/snapshot/panlex-20191001-csv/2904#111023221>		"мацӏазул гӏелму"@av	
"የቋንቋ ጥናት"@am	<https://panlex.org/snapshot/panlex-20191001-csv/2904#111023224>				<https://panlex.org/snapshot/panlex-20191001-csv/2904#111023097>		"лингвистика"@av	
"ሥነ ልሳን"@am	<https://panlex.org/snapshot/panlex-20191001-csv/2904#111023284>				<https://panlex.org/snapshot/panlex-20191001-csv/2904#111023221>		"мацӏазул гӏелму"@av	
"ሥነ ልሳን"@am	<https://panlex.org/snapshot/panlex-20191001-csv/2904#111023284>				<https://panlex.org/snapshot/panlex-20191001-csv/2904#111023097>		"лингвистика"@av	
"መልክዓ ምድር"@am	<https://panlex.org/snapshot/panlex-20191001-csv/2904#111022653>				<https://panlex.org/snapshot/panlex-20191001-csv/2904#111022592>		"география"@av	
"መልክዓ ምድር"@am	<https://panlex.org/snapshot/panlex-20191001-csv/2904#111022653>				<https://panlex.org/snapshot/panlex-20191001-csv/2904#111022697>		"жагърапия"@av	
"ኬሚስትሪ"@am	<https://panlex.org/snapshot/panlex-20191001-csv/2904#111022395>				<https://panlex.org/snapshot/panlex-20191001-csv/2904#111022534>		"химия"@av	
"ሥነ ፈለክ"@am	<https://panlex.org/snapshot/panlex-20191001-csv/2904#111022122>				<https://panlex.org/snapshot/panlex-20191001-csv/2904#111022118>		"астрономия"@av	
"ዩኒቨርስቲ"@am	<https://panlex.org/snapshot/panlex-20191001-csv/2904#111024516>				<https://panlex.org/snapshot/panlex-20191001-csv/2904#111024595>		"университет"@av	
"አውደ ምህር"@am	<https://panlex.org/snapshot/panlex-20191001-csv/2904#111024468>				<https://panlex.org/snapshot/panlex-20191001-csv/2904#111024595>		"университет"@av	
"ሳይንስ"@am	<https://panlex.org/snapshot/panlex-20191001-csv/2904#111024364>				<https://panlex.org/snapshot/panlex-20191001-csv/2904#111024378>		"гӏелму"@av	
"የጥንተ ንጥር ጥናት"@am	<https://panlex.org/snapshot/panlex-20191001-csv/2904#111022379>				<https://panlex.org/snapshot/panlex-20191001-csv/2904#111022534>		"химия"@av	
"አስትሮኖሚ"@am	<https://panlex.org/snapshot/panlex-20191001-csv/2904#111021959>				<https://panlex.org/snapshot/panlex-20191001-csv/2904#111022118>		"астрономия"@av	
"ታሪክ"@am	<https://panlex.org/snapshot/panlex-20191001-csv/2904#111022844>				<https://panlex.org/snapshot/panlex-20191001-csv/2904#111023016>		"тарих"@av	
"የሰሜን ዋልታ"@am	<https://panlex.org/snapshot/panlex-20191001-csv/2910#110854552>				<https://panlex.org/snapshot/panlex-20191001-csv/2910#110854599>		"Шималияб полюс"@av	
"የሰሜን ዋልታ"@am	<https://panlex.org/snapshot/panlex-20191001-csv/2910#110854552>				<https://panlex.org/snapshot/panlex-20191001-csv/2910#110854559>		"Северияб полюс"@av	
"የደቡብ ዋልታ"@am	<https://panlex.org/snapshot/panlex-20191001-csv/2910#110855556>				<https://panlex.org/snapshot/panlex-20191001-csv/2910#110855687>		"Югалъулаб полюс"@av	
"የደቡብ ዋልታ"@am	<https://panlex.org/snapshot/panlex-20191001-csv/2910#110855556>				<https://panlex.org/snapshot/panlex-20191001-csv/2910#110855622>		"Жанубияб полюс"@av	
"የምድር መቀነት"@am	<https://panlex.org/snapshot/panlex-20191001-csv/2910#110855037>				<https://panlex.org/snapshot/panlex-20191001-csv/2910#110855188>		"Экватор"@av	
"ሰላም"@am	<https://panlex.org/snapshot/panlex-20191001-csv/2902#111011987>				<https://panlex.org/snapshot/panlex-20191001-csv/2902#111012172>		"рекъел"@av	
"ኤፍራጥስ ወንዝ"@am	<https://panlex.org/snapshot/panlex-20191001-csv/2903#110872201>				<https://panlex.org/snapshot/panlex-20191001-csv/2903#110872299>		"Фурат"@av	
"ቢጫ ባሕር"@am	<https://panlex.org/snapshot/panlex-20191001-csv/2905#110871518>				<https://panlex.org/snapshot/panlex-20191001-csv/2905#110871467>		"Тӏогьилаб ралъад"@av	
"የሜዲቴራንያን ባሕር"@am	<https://panlex.org/snapshot/panlex-20191001-csv/2905#110870256>				<https://panlex.org/snapshot/panlex-20191001-csv/2905#110870423>		"Ракьдагьоркьосеб ралъад"@av	
"ቀይ ባሕር"@am	<https://panlex.org/snapshot/panlex-20191001-csv/2905#110871083>				<https://panlex.org/snapshot/panlex-20191001-csv/2905#110871030>		"Багӏараб ралъад"@av	
"የሰሜን ባሕር"@am	<https://panlex.org/snapshot/panlex-20191001-csv/2905#110870701>				<https://panlex.org/snapshot/panlex-20191001-csv/2905#110870634>		"Шималияб ралъад"@av	
"የሰሜን ባሕር"@am	<https://panlex.org/snapshot/panlex-20191001-csv/2905#110870701>				<https://panlex.org/snapshot/panlex-20191001-csv/2905#110870556>		"Севераб ралъад"@av	
"ሜድትራኒያን ባሕር"@am	<https://panlex.org/snapshot/panlex-20191001-csv/2905#110870464>				<https://panlex.org/snapshot/panlex-20191001-csv/2905#110870423>		"Ракьдагьоркьосеб ралъад"@av	
"ሜዲቴራንያ ባሕር"@am	<https://panlex.org/snapshot/panlex-20191001-csv/2905#110870411>				<https://panlex.org/snapshot/panlex-20191001-csv/2905#110870423>		"Ракьдагьоркьосеб ралъад"@av	
"የባልቲክ ባሕር"@am	<https://panlex.org/snapshot/panlex-20191001-csv/2905#110868731>				<https://panlex.org/snapshot/panlex-20191001-csv/2905#110868843>		"Балтикияб ралъад"@av	
"ነጭ ባሕር"@am	<https://panlex.org/snapshot/panlex-20191001-csv/2905#110871439>				<https://panlex.org/snapshot/panlex-20191001-csv/2905#110871281>		"Хъахӏралъад"@av	
"የካስፒያን ባሕር"@am	<https://panlex.org/snapshot/panlex-20191001-csv/2905#110869607>				<https://panlex.org/snapshot/panlex-20191001-csv/2905#110869656>		"Каспий ралъад"@av	
"የካስፒያን ባሕር"@am	<https://panlex.org/snapshot/panlex-20191001-csv/2905#110869607>				<https://panlex.org/snapshot/panlex-20191001-csv/2905#110869647>		"Хазар ралъад"@av	
"ጥቁር ባሕር"@am	<https://panlex.org/snapshot/panlex-20191001-csv/2905#110869148>				<https://panlex.org/snapshot/panlex-20191001-csv/2905#110869131>		"Чӏегӏералъад"@av	
"የካሪቢያን ባሕር"@am	<https://panlex.org/snapshot/panlex-20191001-csv/2905#110869389>				<https://panlex.org/snapshot/panlex-20191001-csv/2905#110869423>		"Кариб ралъад"@av	
"ጥቁር ቀዳዳ"@am	<https://panlex.org/snapshot/panlex-20191001-csv/2907#110849624>				<https://panlex.org/snapshot/panlex-20191001-csv/2907#110849644>		"чӏегӏераб каратӏ"@av	
"ነፕቲዩን"@am	<https://panlex.org/snapshot/panlex-20191001-csv/2907#110847043>				<https://panlex.org/snapshot/panlex-20191001-csv/2907#110847050>		"Нептун"@av	
"ሜርኩሪ"@am	<https://panlex.org/snapshot/panlex-20191001-csv/2907#110845129>				<https://panlex.org/snapshot/panlex-20191001-csv/2907#110845144>		"Меркурий"@av	
"የፀሐይ ሥርዓተ ፈለክ"@am	<https://panlex.org/snapshot/panlex-20191001-csv/2907#110848166>				<https://panlex.org/snapshot/panlex-20191001-csv/2907#110848159>		"Бакъулаб система"@av	
"ጠፈር"@am	<https://panlex.org/snapshot/panlex-20191001-csv/2907#110849117>				<https://panlex.org/snapshot/panlex-20191001-csv/2907#110848980>		"Дуниял-гӏалам"@av	
"ፕሉቶ"@am	<https://panlex.org/snapshot/panlex-20191001-csv/2907#110847195>				<https://panlex.org/snapshot/panlex-20191001-csv/2907#110847364>		"Плутон"@av	
"ዘሃራ"@am	<https://panlex.org/snapshot/panlex-20191001-csv/2907#110845445>				<https://panlex.org/snapshot/panlex-20191001-csv/2907#110845397>		"Венера"@av	
"መሬት"@am	<https://panlex.org/snapshot/panlex-20191001-csv/2907#110845606>				<https://panlex.org/snapshot/panlex-20191001-csv/2907#110845567>		"Ракь"@av	
"ማርስ"@am	<https://panlex.org/snapshot/panlex-20191001-csv/2907#110846105>				<https://panlex.org/snapshot/panlex-20191001-csv/2907#110846042>		"Марс"@av	
"ኡራኑስ"@am	<https://panlex.org/snapshot/panlex-20191001-csv/2907#110846963>				<https://panlex.org/snapshot/panlex-20191001-csv/2907#110846799>		"Уран"@av	
"ጨረቃ"@am	<https://panlex.org/snapshot/panlex-20191001-csv/2907#110845724>				<https://panlex.org/snapshot/panlex-20191001-csv/2907#110845834>		"Моцӏ"@av	
"ፀሐይ"@am	<https://panlex.org/snapshot/panlex-20191001-csv/2907#110844921>				<https://panlex.org/snapshot/panlex-20191001-csv/2907#110845044>		"Бакъ"@av	
"ማህፈድ"@am	<https://panlex.org/snapshot/panlex-20191001-csv/2907#110846728>				<https://panlex.org/snapshot/panlex-20191001-csv/2907#110846674>		"Сатурн"@av	
"ጁፒተር"@am	<https://panlex.org/snapshot/panlex-20191001-csv/2907#110846505>				<https://panlex.org/snapshot/panlex-20191001-csv/2907#110846357>		"Юпитер"@av	
"የደቡብ ውቅያኖስ"@am	<https://panlex.org/snapshot/panlex-20191001-csv/2901#110868336>				<https://panlex.org/snapshot/panlex-20191001-csv/2901#110868361>		"Жанубияб Цӏорол океан"@av	
"የደቡብ ውቅያኖስ"@am	<https://panlex.org/snapshot/panlex-20191001-csv/2901#110868336>				<https://panlex.org/snapshot/panlex-20191001-csv/2901#110868422>		"Югалъулаб океан"@av	
"የደቡብ ውቅያኖስ"@am	<https://panlex.org/snapshot/panlex-20191001-csv/2901#110868336>				<https://panlex.org/snapshot/panlex-20191001-csv/2901#110868274>		"Югалъулаб Цӏорол океан"@av	
"የደቡብ ውቅያኖስ"@am	<https://panlex.org/snapshot/panlex-20191001-csv/2901#110868336>				<https://panlex.org/snapshot/panlex-20191001-csv/2901#110868249>		"Жанубияб океан"@av	
"የህንድ ውቅያኖስ"@am	<https://panlex.org/snapshot/panlex-20191001-csv/2901#110867791>				<https://panlex.org/snapshot/panlex-20191001-csv/2901#110867766>		"Гьиндустаналъул океан"@av	
"ፓሲፊክ ውቅያኖስ"@am	<https://panlex.org/snapshot/panlex-20191001-csv/2901#110868114>				<https://panlex.org/snapshot/panlex-20191001-csv/2901#110867970>		"Гӏодоцараб океан"@av	
"አትላንቲክ ውቅያኖስ"@am	<https://panlex.org/snapshot/panlex-20191001-csv/2901#110867447>				<https://panlex.org/snapshot/panlex-20191001-csv/2901#110867488>		"Атлантикияб океан"@av	
"አርክቲክ ውቅያኖስ"@am	<https://panlex.org/snapshot/panlex-20191001-csv/2901#110867112>				<https://panlex.org/snapshot/panlex-20191001-csv/2901#110867150>		"Северияб Цӏорол океан"@av	
"አርክቲክ ውቅያኖስ"@am	<https://panlex.org/snapshot/panlex-20191001-csv/2901#110867112>				<https://panlex.org/snapshot/panlex-20191001-csv/2901#110867233>		"Шималияб Цӏорол океан"@av	
"አሪስጣጣሊስ"@am	<https://panlex.org/snapshot/panlex-20191001-csv/2906#111019481>				<https://panlex.org/snapshot/panlex-20191001-csv/2906#111019428>		"Аристотель"@av	
"ሶቅራጢስ"@am	<https://panlex.org/snapshot/panlex-20191001-csv/2906#111021339>				<https://panlex.org/snapshot/panlex-20191001-csv/2906#111021337>		"Сократ"@av	
"ኮንፉክዩስ"@am	<https://panlex.org/snapshot/panlex-20191001-csv/2906#111019947>				<https://panlex.org/snapshot/panlex-20191001-csv/2906#111019907>		"Конфуций"@av	
"ፕሌቶ"@am	<https://panlex.org/snapshot/panlex-20191001-csv/2906#111020841>				<https://panlex.org/snapshot/panlex-20191001-csv/2906#111020917>		"Платон"@av	
"የመጥምቁ ዮሐንስ"@am	<https://panlex.org/snapshot/panlex-20191001-csv/2906#111020447>				<https://panlex.org/snapshot/panlex-20191001-csv/2906#111020550>		"Яхӏя"@av	
"ኢራቅ"@am	<https://panlex.org/snapshot/panlex-20191001-csv/15#966653>				<https://panlex.org/snapshot/panlex-20191001-csv/15#966655>		"ГІиракъ"@av	
"አበባ"@am	<https://panlex.org/snapshot/panlex-20191001-csv/3776#91601152>				<https://panlex.org/snapshot/panlex-20191001-csv/3776#91601160>		"тӏе"@av	
"አሉምንም"@am	<https://panlex.org/snapshot/panlex-20191001-csv/2893#110991395>				<https://panlex.org/snapshot/panlex-20191001-csv/2893#110991410>		"алюмин"@av	
"ሶዲየም"@am	<https://panlex.org/snapshot/panlex-20191001-csv/2893#110990910>				<https://panlex.org/snapshot/panlex-20191001-csv/2893#110991004>		"натрий"@av	
"ክሎሪን"@am	<https://panlex.org/snapshot/panlex-20191001-csv/2893#110992158>				<https://panlex.org/snapshot/panlex-20191001-csv/2893#110992067>		"хлор"@av	
"ሒሊየም"@am	<https://panlex.org/snapshot/panlex-20191001-csv/2893#110989661>				<https://panlex.org/snapshot/panlex-20191001-csv/2893#110989512>		"гелий"@av	
"መዳብ"@am	<https://panlex.org/snapshot/panlex-20191001-csv/2893#110993355>				<https://panlex.org/snapshot/panlex-20191001-csv/2893#110993374>		"пахь"@av	
"አርሰኒክ"@am	<https://panlex.org/snapshot/panlex-20191001-csv/2893#110993767>				<https://panlex.org/snapshot/panlex-20191001-csv/2893#110993670>		"загьру"@av	
"ድኝ"@am	<https://panlex.org/snapshot/panlex-20191001-csv/2893#110992007>				<https://panlex.org/snapshot/panlex-20191001-csv/2893#110991933>		"чӏабатӏ"@av	
"ድኝ"@am	<https://panlex.org/snapshot/panlex-20191001-csv/2893#110992007>				<https://panlex.org/snapshot/panlex-20191001-csv/2893#110991900>		"жансаво"@av	
"ኩል"@am	<https://panlex.org/snapshot/panlex-20191001-csv/2893#110994494>				<https://panlex.org/snapshot/panlex-20191001-csv/2893#110994504>		"сурма"@av	
"ኩል"@am	<https://panlex.org/snapshot/panlex-20191001-csv/2893#110994494>				<https://panlex.org/snapshot/panlex-20191001-csv/2893#110994450>		"кухӏлу"@av	
"ካርቦን"@am	<https://panlex.org/snapshot/panlex-20191001-csv/2893#110989920>				<https://panlex.org/snapshot/panlex-20191001-csv/2893#110990010>		"углерод"@av	
"ቆርቆሮ"@am	<https://panlex.org/snapshot/panlex-20191001-csv/2893#110994307>				<https://panlex.org/snapshot/panlex-20191001-csv/2893#110994195>		"гъалай"@av	
"ፍሎሪን"@am	<https://panlex.org/snapshot/panlex-20191001-csv/2893#110990588>				<https://panlex.org/snapshot/panlex-20191001-csv/2893#110990610>		"фтор"@av	
"ብር"@am	<https://panlex.org/snapshot/panlex-20191001-csv/2893#110994074>				<https://panlex.org/snapshot/panlex-20191001-csv/2893#110994036>		"гӏарац"@av	
"ባዜቃ"@am	<https://panlex.org/snapshot/panlex-20191001-csv/2893#110995379>				<https://panlex.org/snapshot/panlex-20191001-csv/2893#110995410>		"лъамамесед"@av	
"ኮባልት"@am	<https://panlex.org/snapshot/panlex-20191001-csv/2893#110992955>				<https://panlex.org/snapshot/panlex-20191001-csv/2893#110992799>		"кобальт"@av	
"እርሳስ"@am	<https://panlex.org/snapshot/panlex-20191001-csv/2893#110995648>				<https://panlex.org/snapshot/panlex-20191001-csv/2893#110995665>		"тӏохьи"@av	
"ኦክሲጅን"@am	<https://panlex.org/snapshot/panlex-20191001-csv/2893#110990340>				<https://panlex.org/snapshot/panlex-20191001-csv/2893#110990465>		"кислород"@av	
"ዚንክ"@am	<https://panlex.org/snapshot/panlex-20191001-csv/2893#110993402>				<https://panlex.org/snapshot/panlex-20191001-csv/2893#110993529>		"тутия"@av	
"ሲልከን"@am	<https://panlex.org/snapshot/panlex-20191001-csv/2893#110991459>				<https://panlex.org/snapshot/panlex-20191001-csv/2893#110991590>		"кремний"@av	
"ኒዮን"@am	<https://panlex.org/snapshot/panlex-20191001-csv/2893#110990771>				<https://panlex.org/snapshot/panlex-20191001-csv/2893#110990707>		"неон"@av	
"ዩራኒየም"@am	<https://panlex.org/snapshot/panlex-20191001-csv/2893#110995853>				<https://panlex.org/snapshot/panlex-20191001-csv/2893#110995905>		"уран"@av	
"ወርቅ"@am	<https://panlex.org/snapshot/panlex-20191001-csv/2893#110995159>				<https://panlex.org/snapshot/panlex-20191001-csv/2893#110995157>		"багӏармесед"@av	
"ወርቅ"@am	<https://panlex.org/snapshot/panlex-20191001-csv/2893#110995159>				<https://panlex.org/snapshot/panlex-20191001-csv/2893#110995239>		"кибрит"@av	
"ወርቅ"@am	<https://panlex.org/snapshot/panlex-20191001-csv/2893#110995159>				<https://panlex.org/snapshot/panlex-20191001-csv/2893#110995211>		"месед"@av	
"ኒኬል"@am	<https://panlex.org/snapshot/panlex-20191001-csv/2893#110993146>				<https://panlex.org/snapshot/panlex-20191001-csv/2893#110993034>		"никель"@av	
"ፕላቲነም"@am	<https://panlex.org/snapshot/panlex-20191001-csv/2893#110995112>				<https://panlex.org/snapshot/panlex-20191001-csv/2893#110994986>		"хъахӏаб месед"@av	
"ፖታሺየም"@am	<https://panlex.org/snapshot/panlex-20191001-csv/2893#110992385>				<https://panlex.org/snapshot/panlex-20191001-csv/2893#110992225>		"калий"@av	
"ብሮሚን"@am	<https://panlex.org/snapshot/panlex-20191001-csv/2893#110993826>				<https://panlex.org/snapshot/panlex-20191001-csv/2893#110993912>		"бром"@av	
"ቦሮን"@am	<https://panlex.org/snapshot/panlex-20191001-csv/2893#110989776>				<https://panlex.org/snapshot/panlex-20191001-csv/2893#110989771>		"бор"@av	
"ማግኒዥየም"@am	<https://panlex.org/snapshot/panlex-20191001-csv/2893#110991230>				<https://panlex.org/snapshot/panlex-20191001-csv/2893#110991200>		"магний"@av	
"ፎስፈረስ"@am	<https://panlex.org/snapshot/panlex-20191001-csv/2893#110991635>				<https://panlex.org/snapshot/panlex-20191001-csv/2893#110991706>		"фосфор"@av	
"ተንግስተን"@am	<https://panlex.org/snapshot/panlex-20191001-csv/2893#110994757>				<https://panlex.org/snapshot/panlex-20191001-csv/2893#110994830>		"вольфрам"@av	
"ሃይድሮጅን"@am	<https://panlex.org/snapshot/panlex-20191001-csv/2893#110989434>				<https://panlex.org/snapshot/panlex-20191001-csv/2893#110989398>		"водород"@av	
"ብረት"@am	<https://panlex.org/snapshot/panlex-20191001-csv/2893#110992712>				<https://panlex.org/snapshot/panlex-20191001-csv/2893#110992663>		"махх"@av	
"ናይትሮጅን"@am	<https://panlex.org/snapshot/panlex-20191001-csv/2893#110990177>				<https://panlex.org/snapshot/panlex-20191001-csv/2893#110990107>		"азот"@av	
"ካልሲየም"@am	<https://panlex.org/snapshot/panlex-20191001-csv/2893#110992544>				<https://panlex.org/snapshot/panlex-20191001-csv/2893#110992419>		"кальций"@av	
"አዮዲን"@am	<https://panlex.org/snapshot/panlex-20191001-csv/2893#110994629>				<https://panlex.org/snapshot/panlex-20191001-csv/2893#110994648>		"йод"@av	
"ቀይ መስቀል"@am	<https://panlex.org/snapshot/panlex-20191001-csv/2894#111101648>				<https://panlex.org/snapshot/panlex-20191001-csv/2894#111101601>		"Багӏараб Хъанч"@av	
"የአውሮፓ ኅብረት"@am	<https://panlex.org/snapshot/panlex-20191001-csv/2894#111100345>				<https://panlex.org/snapshot/panlex-20191001-csv/2894#111100389>		"Европаялъул союз"@av	
"የዓለም ንግድ ድርጅት"@am	<https://panlex.org/snapshot/panlex-20191001-csv/2894#111102785>				<https://panlex.org/snapshot/panlex-20191001-csv/2894#111102676>		"Гӏаламалъул бича-хисиялъул гӏуцӏцӏи"@av	
"የሰሜን አትላንቲክ ተግባራዊ"@am	<https://panlex.org/snapshot/panlex-20191001-csv/2894#111100975>				<https://panlex.org/snapshot/panlex-20191001-csv/2894#111101120>		"Шималатлантикияб Къотӏиялъул Гӏуцӏцӏи"@av	
"ዐረብ ማኅበር"@am	<https://panlex.org/snapshot/panlex-20191001-csv/2894#111100932>				<https://panlex.org/snapshot/panlex-20191001-csv/2894#111100818>		"Гӏараб пачалихъазул лига"@av	
"የተባበሩት መንግሥታት"@am	<https://panlex.org/snapshot/panlex-20191001-csv/2894#111102078>				<https://panlex.org/snapshot/panlex-20191001-csv/2894#111101954>		"Цолъарал Миллатазул Гӏуцӏцӏи"@av	
"የተባበሩት መንግሥታት"@am	<https://panlex.org/snapshot/panlex-20191001-csv/2894#111102078>				<https://panlex.org/snapshot/panlex-20191001-csv/2894#111102096>		"ЦМГӀ"@av	
"የአፍሪቃ ኅብረት"@am	<https://panlex.org/snapshot/panlex-20191001-csv/2894#111099531>				<https://panlex.org/snapshot/panlex-20191001-csv/2894#111099461>		"Африканияб союз"@av	
"ሮብ"@am	<https://panlex.org/snapshot/panlex-20191001-csv/2892#110824968>				<https://panlex.org/snapshot/panlex-20191001-csv/2892#110825174>		"арбагӏ"@av	
"ኀሙስ"@am	<https://panlex.org/snapshot/panlex-20191001-csv/2892#110825290>				<https://panlex.org/snapshot/panlex-20191001-csv/2892#110825327>		"хамиз"@av	
"ዓርብ"@am	<https://panlex.org/snapshot/panlex-20191001-csv/2892#110826081>				<https://panlex.org/snapshot/panlex-20191001-csv/2892#110825747>		"рузман"@av	
"እሑድ"@am	<https://panlex.org/snapshot/panlex-20191001-csv/2892#110826586>				<https://panlex.org/snapshot/panlex-20191001-csv/2892#110826757>		"гьатӏан"@av	
"ቅዳሜ"@am	<https://panlex.org/snapshot/panlex-20191001-csv/2892#110826280>				<https://panlex.org/snapshot/panlex-20191001-csv/2892#110826274>		"шамат"@av	
"ማክሰኞ"@am	<https://panlex.org/snapshot/panlex-20191001-csv/2892#110824497>				<https://panlex.org/snapshot/panlex-20191001-csv/2892#110824539>		"талат"@av	
"ሰኞ"@am	<https://panlex.org/snapshot/panlex-20191001-csv/2892#110824342>				<https://panlex.org/snapshot/panlex-20191001-csv/2892#110824151>		"итни"@av	
"ረቡ"@am	<https://panlex.org/snapshot/panlex-20191001-csv/2892#110825121>				<https://panlex.org/snapshot/panlex-20191001-csv/2892#110825174>		"арбагӏ"@av	
"ኦገስት"@am	<https://panlex.org/snapshot/panlex-20191001-csv/2897#110830216>				<https://panlex.org/snapshot/panlex-20191001-csv/2897#110830020>		"август"@av	
"ሴፕቴምበር"@am	<https://panlex.org/snapshot/panlex-20191001-csv/2897#110830702>				<https://panlex.org/snapshot/panlex-20191001-csv/2897#110830569>		"сентябрь"@av	
"ኖቬምበር"@am	<https://panlex.org/snapshot/panlex-20191001-csv/2897#110831316>				<https://panlex.org/snapshot/panlex-20191001-csv/2897#110831423>		"ноябрь"@av	
"ሜይ"@am	<https://panlex.org/snapshot/panlex-20191001-csv/2897#110828846>				<https://panlex.org/snapshot/panlex-20191001-csv/2897#110828861>		"май"@av	
"ኦክተውበር"@am	<https://panlex.org/snapshot/panlex-20191001-csv/2897#110830737>				<https://panlex.org/snapshot/panlex-20191001-csv/2897#110830890>		"октябрь"@av	
"ጁላይ"@am	<https://panlex.org/snapshot/panlex-20191001-csv/2897#110829675>				<https://panlex.org/snapshot/panlex-20191001-csv/2897#110829560>		"июль"@av	
"ፌብሩወሪ"@am	<https://panlex.org/snapshot/panlex-20191001-csv/2897#110827505>				<https://panlex.org/snapshot/panlex-20191001-csv/2897#110827633>		"февраль"@av	
"ዲሴምበር"@am	<https://panlex.org/snapshot/panlex-20191001-csv/2897#110831940>				<https://panlex.org/snapshot/panlex-20191001-csv/2897#110831708>		"декабрь"@av	
"ማርች"@am	<https://panlex.org/snapshot/panlex-20191001-csv/2897#110828222>				<https://panlex.org/snapshot/panlex-20191001-csv/2897#110827935>		"март"@av	
"ጃንዩወሪ"@am	<https://panlex.org/snapshot/panlex-20191001-csv/2897#110827163>				<https://panlex.org/snapshot/panlex-20191001-csv/2897#110827053>		"январь"@av	
"ጁን"@am	<https://panlex.org/snapshot/panlex-20191001-csv/2897#110829174>				<https://panlex.org/snapshot/panlex-20191001-csv/2897#110829387>		"июнь"@av	
"ኤፕረል"@am	<https://panlex.org/snapshot/panlex-20191001-csv/2897#110828382>				<https://panlex.org/snapshot/panlex-20191001-csv/2897#110828308>		"апрель"@av	
"አንታርክቲክ"@am	<https://panlex.org/snapshot/panlex-20191001-csv/2891#110853628>				<https://panlex.org/snapshot/panlex-20191001-csv/2891#110853678>		"Антарктида"@av	
"አሜሪካ"@am	<https://panlex.org/snapshot/panlex-20191001-csv/2891#110853509>				<https://panlex.org/snapshot/panlex-20191001-csv/2891#110853422>		"Америка"@av	
"እስያ"@am	<https://panlex.org/snapshot/panlex-20191001-csv/2891#110853940>				<https://panlex.org/snapshot/panlex-20191001-csv/2891#110853841>		"Азия"@av	
"አውሮጳ"@am	<https://panlex.org/snapshot/panlex-20191001-csv/2891#110854155>				<https://panlex.org/snapshot/panlex-20191001-csv/2891#110854071>		"Европа"@av	
"ኤውሮፓ"@am	<https://panlex.org/snapshot/panlex-20191001-csv/2891#110854190>				<https://panlex.org/snapshot/panlex-20191001-csv/2891#110854071>		"Европа"@av	
"አውሮፓ"@am	<https://panlex.org/snapshot/panlex-20191001-csv/2891#110854076>				<https://panlex.org/snapshot/panlex-20191001-csv/2891#110854071>		"Европа"@av	
"አፍሪቃ"@am	<https://panlex.org/snapshot/panlex-20191001-csv/2891#110853085>				<https://panlex.org/snapshot/panlex-20191001-csv/2891#110853112>		"Африка"@av	
"ውቅያኖስያ"@am	<https://panlex.org/snapshot/panlex-20191001-csv/2891#110854452>				<https://panlex.org/snapshot/panlex-20191001-csv/2891#110854384>		"Океания"@av	
"ቁርአን"@am	<https://panlex.org/snapshot/panlex-20191001-csv/2899#111113301>				<https://panlex.org/snapshot/panlex-20191001-csv/2899#111113232>		"Къуръан"@av	
"ክርስትና"@am	<https://panlex.org/snapshot/panlex-20191001-csv/2899#111112216>				<https://panlex.org/snapshot/panlex-20191001-csv/2899#111112265>		"Насранияб дин"@av	
"ክርስትና"@am	<https://panlex.org/snapshot/panlex-20191001-csv/2899#111112216>				<https://panlex.org/snapshot/panlex-20191001-csv/2899#111112231>		"Христиан дин"@av	
"ክርስትና"@am	<https://panlex.org/snapshot/panlex-20191001-csv/2899#111112216>				<https://panlex.org/snapshot/panlex-20191001-csv/2899#111112206>		"Масихӏил дин"@av	
"እስልምና"@am	<https://panlex.org/snapshot/panlex-20191001-csv/2899#111112891>				<https://panlex.org/snapshot/panlex-20191001-csv/2899#111112977>		"Ислам"@av	
"አይሁድና"@am	<https://panlex.org/snapshot/panlex-20191001-csv/2899#111111542>				<https://panlex.org/snapshot/panlex-20191001-csv/2899#111111566>		"Жугьутӏ дин"@av	
"መስጊድ"@am	<https://panlex.org/snapshot/panlex-20191001-csv/2899#111113475>				<https://panlex.org/snapshot/panlex-20191001-csv/2899#111113540>		"мажгит"@av	
"መጽሐፍ ቅዱስ"@am	<https://panlex.org/snapshot/panlex-20191001-csv/2899#111112522>				<https://panlex.org/snapshot/panlex-20191001-csv/2899#111112597>		"Инжил"@av	
"ኢየሱስ ክርስቶስ"@am	<https://panlex.org/snapshot/panlex-20191001-csv/2899#111112691>				<https://panlex.org/snapshot/panlex-20191001-csv/2899#111112626>		"Гӏиса авараг"@av	
"ሙስሊም"@am	<https://panlex.org/snapshot/panlex-20191001-csv/2899#111113162>				<https://panlex.org/snapshot/panlex-20191001-csv/2899#111113063>		"Бусурманчи"@av	
"ቤተ ክርስቲያን"@am	<https://panlex.org/snapshot/panlex-20191001-csv/2899#111112844>				<https://panlex.org/snapshot/panlex-20191001-csv/2899#111112858>		"килиса"@av	
"ሙሐመድ"@am	<https://panlex.org/snapshot/panlex-20191001-csv/2899#111113433>				<https://panlex.org/snapshot/panlex-20191001-csv/2899#111113401>		"Мухӏаммад авараг"@av	
"ይሁዳ"@am	<https://panlex.org/snapshot/panlex-20191001-csv/2899#111111608>				<https://panlex.org/snapshot/panlex-20191001-csv/2899#111111739>		"Жугьутӏав"@av	
"ምኵራብ"@am	<https://panlex.org/snapshot/panlex-20191001-csv/2899#111112165>				<https://panlex.org/snapshot/panlex-20191001-csv/2899#111112093>		"синагога"@av	
"የ አብርሃም ሃይማኖት"@am	<https://panlex.org/snapshot/panlex-20191001-csv/2899#111113724>				<https://panlex.org/snapshot/panlex-20191001-csv/2899#111113621>		"Ибрагьимил динал"@av	
"ክርስቲያን"@am	<https://panlex.org/snapshot/panlex-20191001-csv/2899#111112385>				<https://panlex.org/snapshot/panlex-20191001-csv/2899#111112411>		"Христианав"@av	
"ክርስቲያን"@am	<https://panlex.org/snapshot/panlex-20191001-csv/2899#111112385>				<https://panlex.org/snapshot/panlex-20191001-csv/2899#111112417>		"Насранияв"@av	
"ሙሴ"@am	<https://panlex.org/snapshot/panlex-20191001-csv/2899#111111891>				<https://panlex.org/snapshot/panlex-20191001-csv/2899#111111889>		"Муса авараг"@av	
"ካውካሱስ"@am	<https://panlex.org/snapshot/panlex-20191001-csv/2896#110866309>				<https://panlex.org/snapshot/panlex-20191001-csv/2896#110866221>		"Кавказалъул мугӏрул"@av	
"ካውካሱስ"@am	<https://panlex.org/snapshot/panlex-20191001-csv/2896#110866309>				<https://panlex.org/snapshot/panlex-20191001-csv/2896#110866219>		"Кавказ"@av	
