"ሮብ"@am	<https://panlex.org/snapshot/panlex-20191001-csv/2892#110824968>				<https://panlex.org/snapshot/panlex-20191001-csv/2892#110825133>		"siskundé"@rmf	
"ኀሙስ"@am	<https://panlex.org/snapshot/panlex-20191001-csv/2892#110825290>				<https://panlex.org/snapshot/panlex-20191001-csv/2892#110825425>		"kaskaňé"@rmf	
"ዓርብ"@am	<https://panlex.org/snapshot/panlex-20191001-csv/2892#110826081>				<https://panlex.org/snapshot/panlex-20191001-csv/2892#110826055>		"axoró"@rmf	
"እሑድ"@am	<https://panlex.org/snapshot/panlex-20191001-csv/2892#110826586>				<https://panlex.org/snapshot/panlex-20191001-csv/2892#110826962>		"kurkó"@rmf	
"ቅዳሜ"@am	<https://panlex.org/snapshot/panlex-20191001-csv/2892#110826280>				<https://panlex.org/snapshot/panlex-20191001-csv/2892#110826384>		"končé"@rmf	
"ማክሰኞ"@am	<https://panlex.org/snapshot/panlex-20191001-csv/2892#110824497>				<https://panlex.org/snapshot/panlex-20191001-csv/2892#110824818>		"gergeré"@rmf	
"ሰኞ"@am	<https://panlex.org/snapshot/panlex-20191001-csv/2892#110824342>				<https://panlex.org/snapshot/panlex-20191001-csv/2892#110824067>		"lemitré"@rmf	
"ረቡ"@am	<https://panlex.org/snapshot/panlex-20191001-csv/2892#110825121>				<https://panlex.org/snapshot/panlex-20191001-csv/2892#110825133>		"siskundé"@rmf	
"ኦገስት"@am	<https://panlex.org/snapshot/panlex-20191001-csv/2897#110830216>				<https://panlex.org/snapshot/panlex-20191001-csv/2897#110830140>		"kerosto"@rmf	
"ሴፕቴምበር"@am	<https://panlex.org/snapshot/panlex-20191001-csv/2897#110830702>				<https://panlex.org/snapshot/panlex-20191001-csv/2897#110830680>		"xetava"@rmf	
"ኖቬምበር"@am	<https://panlex.org/snapshot/panlex-20191001-csv/2897#110831316>				<https://panlex.org/snapshot/panlex-20191001-csv/2897#110831504>		"ňudikoy"@rmf	
"ሜይ"@am	<https://panlex.org/snapshot/panlex-20191001-csv/2897#110828846>				<https://panlex.org/snapshot/panlex-20191001-csv/2897#110828868>		"kindalé"@rmf	
"ኦክተውበር"@am	<https://panlex.org/snapshot/panlex-20191001-csv/2897#110830737>				<https://panlex.org/snapshot/panlex-20191001-csv/2897#110830933>		"oktorbar"@rmf	
"ጁላይ"@am	<https://panlex.org/snapshot/panlex-20191001-csv/2897#110829675>				<https://panlex.org/snapshot/panlex-20191001-csv/2897#110829564>		"ňuntivé"@rmf	
"ፌብሩወሪ"@am	<https://panlex.org/snapshot/panlex-20191001-csv/2897#110827505>				<https://panlex.org/snapshot/panlex-20191001-csv/2897#110827731>		"ibraín"@rmf	
"ዲሴምበር"@am	<https://panlex.org/snapshot/panlex-20191001-csv/2897#110831940>				<https://panlex.org/snapshot/panlex-20191001-csv/2897#110831892>		"kendebré"@rmf	
"ማርች"@am	<https://panlex.org/snapshot/panlex-20191001-csv/2897#110828222>				<https://panlex.org/snapshot/panlex-20191001-csv/2897#110828017>		"kirdaré"@rmf	
"ጃንዩወሪ"@am	<https://panlex.org/snapshot/panlex-20191001-csv/2897#110827163>				<https://panlex.org/snapshot/panlex-20191001-csv/2897#110827037>		"enerín"@rmf	
"ጁን"@am	<https://panlex.org/snapshot/panlex-20191001-csv/2897#110829174>				<https://panlex.org/snapshot/panlex-20191001-csv/2897#110829448>		"ňutivé"@rmf	
"ኤፕረል"@am	<https://panlex.org/snapshot/panlex-20191001-csv/2897#110828382>				<https://panlex.org/snapshot/panlex-20191001-csv/2897#110828589>		"alpandy"@rmf	
