"kuwas suwana"@hit	<https://panlex.org/snapshot/panlex-20191001-csv/5946#84438408>				<https://panlex.org/snapshot/panlex-20191001-csv/5946#84438487>		"собака"@uk	
"kuwas suwana"@hit	<https://panlex.org/snapshot/panlex-20191001-csv/5946#84438408>				<https://panlex.org/snapshot/panlex-20191001-csv/5946#84438488>		"пес"@uk	
"watar"@hit	<https://panlex.org/snapshot/panlex-20191001-csv/12#850947>				<https://panlex.org/snapshot/panlex-20191001-csv/12#851225>		"вода"@uk	
"anna"@hit	<https://panlex.org/snapshot/panlex-20191001-csv/12#849029>				<https://panlex.org/snapshot/panlex-20191001-csv/12#849048>		"мати"@uk	
"Alaksandu"@hit	<https://panlex.org/snapshot/panlex-20191001-csv/8#288007>				<https://panlex.org/snapshot/panlex-20191001-csv/8#288030>		"Олександр"@uk	
"atta"@hit	<https://panlex.org/snapshot/panlex-20191001-csv/8#161514>				<https://panlex.org/snapshot/panlex-20191001-csv/8#161600>		"батько"@uk	
