"псы"@ady	<https://panlex.org/snapshot/panlex-20191001-csv/5947#84886407>				<https://panlex.org/snapshot/panlex-20191001-csv/5947#84886496>		"Wasser"@ksh	
"Фрэндж"@ady	<https://panlex.org/snapshot/panlex-20191001-csv/5949#85323523>				<https://panlex.org/snapshot/panlex-20191001-csv/5949#85323610>		"Frankreich"@ksh	
"чъыен"@ady	<https://panlex.org/snapshot/panlex-20191001-csv/3776#91631393>				<https://panlex.org/snapshot/panlex-20191001-csv/3776#91631487>		"schloofe"@ksh	
"мэчъыен"@ady	<https://panlex.org/snapshot/panlex-20191001-csv/3776#91631392>				<https://panlex.org/snapshot/panlex-20191001-csv/3776#91631487>		"schloofe"@ksh	
"гъэушӏоин"@ady	<https://panlex.org/snapshot/panlex-20191001-csv/3776#91679014>				<https://panlex.org/snapshot/panlex-20191001-csv/3776#91679047>		"raddehre"@ksh	
"гъэушӏоин"@ady	<https://panlex.org/snapshot/panlex-20191001-csv/3776#91679014>				<https://panlex.org/snapshot/panlex-20191001-csv/3776#91679044>		"ußradehre"@ksh	
"гъэушӏоин"@ady	<https://panlex.org/snapshot/panlex-20191001-csv/3776#91679014>				<https://panlex.org/snapshot/panlex-20191001-csv/3776#91679043>		"fott schmiiße"@ksh	
"гъэушӏоин"@ady	<https://panlex.org/snapshot/panlex-20191001-csv/3776#91679014>				<https://panlex.org/snapshot/panlex-20191001-csv/3776#91679045>		"fott maache"@ksh	
"гъэушӏоин"@ady	<https://panlex.org/snapshot/panlex-20191001-csv/3776#91679014>				<https://panlex.org/snapshot/panlex-20191001-csv/3776#91679046>		"fott nämme"@ksh	
"гъэушӏоин"@ady	<https://panlex.org/snapshot/panlex-20191001-csv/3776#91632376>				<https://panlex.org/snapshot/panlex-20191001-csv/3776#91632406>		"beschmehre"@ksh	
"гъэушӏоин"@ady	<https://panlex.org/snapshot/panlex-20191001-csv/3776#91632376>				<https://panlex.org/snapshot/panlex-20191001-csv/3776#91632409>		"vollsaue"@ksh	
"гъэушӏоин"@ady	<https://panlex.org/snapshot/panlex-20191001-csv/3776#91632376>				<https://panlex.org/snapshot/panlex-20191001-csv/3776#91632414>		"versaue"@ksh	
"гъэушӏоин"@ady	<https://panlex.org/snapshot/panlex-20191001-csv/3776#91632376>				<https://panlex.org/snapshot/panlex-20191001-csv/3776#91632413>		"däkesch maache"@ksh	
"гъэушӏоин"@ady	<https://panlex.org/snapshot/panlex-20191001-csv/3776#91632376>				<https://panlex.org/snapshot/panlex-20191001-csv/3776#91632405>		"vollschmehre"@ksh	
"гъэушӏоин"@ady	<https://panlex.org/snapshot/panlex-20191001-csv/3776#91632376>				<https://panlex.org/snapshot/panlex-20191001-csv/3776#91632418>		"verdräke"@ksh	
"гъэушӏоин"@ady	<https://panlex.org/snapshot/panlex-20191001-csv/3776#91632376>				<https://panlex.org/snapshot/panlex-20191001-csv/3776#91632411>		"ennsaue"@ksh	
"гъэушӏоин"@ady	<https://panlex.org/snapshot/panlex-20191001-csv/3776#91632376>				<https://panlex.org/snapshot/panlex-20191001-csv/3776#91632417>		"vollsabbelle"@ksh	
"гъэушӏоин"@ady	<https://panlex.org/snapshot/panlex-20191001-csv/3776#91632376>				<https://panlex.org/snapshot/panlex-20191001-csv/3776#91632410>		"besabbele"@ksh	
"гъэушӏоин"@ady	<https://panlex.org/snapshot/panlex-20191001-csv/3776#91632376>				<https://panlex.org/snapshot/panlex-20191001-csv/3776#91632412>		"beschlabbere"@ksh	
"гъэушӏоин"@ady	<https://panlex.org/snapshot/panlex-20191001-csv/3776#91632376>				<https://panlex.org/snapshot/panlex-20191001-csv/3776#91632415>		"vollschlabebre"@ksh	
"гъэушӏоин"@ady	<https://panlex.org/snapshot/panlex-20191001-csv/3776#91632376>				<https://panlex.org/snapshot/panlex-20191001-csv/3776#91632408>		"besuddelle"@ksh	
"гъэушӏоин"@ady	<https://panlex.org/snapshot/panlex-20191001-csv/3776#91632376>				<https://panlex.org/snapshot/panlex-20191001-csv/3776#91632416>		"däkelesch maache"@ksh	
"гъэушӏоин"@ady	<https://panlex.org/snapshot/panlex-20191001-csv/3776#91632376>				<https://panlex.org/snapshot/panlex-20191001-csv/3776#91632407>		"bedräke"@ksh	
"изы"@ady	<https://panlex.org/snapshot/panlex-20191001-csv/3776#91676312>				<https://panlex.org/snapshot/panlex-20191001-csv/3776#91676373>		"foll"@ksh	
"изы"@ady	<https://panlex.org/snapshot/panlex-20191001-csv/3776#91676312>				<https://panlex.org/snapshot/panlex-20191001-csv/3776#91676370>		"janz"@ksh	
"изы"@ady	<https://panlex.org/snapshot/panlex-20191001-csv/3776#91676312>				<https://panlex.org/snapshot/panlex-20191001-csv/3776#91676369>		"jeföllt"@ksh	
"изы"@ady	<https://panlex.org/snapshot/panlex-20191001-csv/3776#91676312>				<https://panlex.org/snapshot/panlex-20191001-csv/3776#91676372>		"jevöllt"@ksh	
"изы"@ady	<https://panlex.org/snapshot/panlex-20191001-csv/3776#91676312>				<https://panlex.org/snapshot/panlex-20191001-csv/3776#91676371>		"voll"@ksh	
