"mà"@cdo	<https://panlex.org/snapshot/panlex-20191001-csv/2129#11694506>				<https://panlex.org/snapshot/panlex-20191001-csv/2129#11694594>		"katse"@st	
"Séng-gĭng"@cdo	<https://panlex.org/snapshot/panlex-20191001-csv/5949#85302650>				<https://panlex.org/snapshot/panlex-20191001-csv/5949#85302783>		"Bebele"@st	
"Ĭng-ngṳ̄"@cdo	<https://panlex.org/snapshot/panlex-20191001-csv/405#13623565>				<https://panlex.org/snapshot/panlex-20191001-csv/405#13623673>		"Senyesemane"@st	
"Huák-ngṳ̄"@cdo	<https://panlex.org/snapshot/panlex-20191001-csv/405#13624224>				<https://panlex.org/snapshot/panlex-20191001-csv/405#13624320>		"Se-french"@st	
"Dáik-ngṳ̄"@cdo	<https://panlex.org/snapshot/panlex-20191001-csv/405#13624595>				<https://panlex.org/snapshot/panlex-20191001-csv/405#13624684>		"Se-jeremane"@st	
