"Turkeieb"@naq	<https://panlex.org/snapshot/panlex-20191001-csv/6898#113611994>				<https://panlex.org/snapshot/panlex-20191001-csv/6898#113612114>		"Turki"@ses	
"Portugali"@naq	<https://panlex.org/snapshot/panlex-20191001-csv/6898#113628638>				<https://panlex.org/snapshot/panlex-20191001-csv/6898#113628684>		"Portugaal"@ses	
"U.S. Virgin Islands"@naq	<https://panlex.org/snapshot/panlex-20191001-csv/6898#113587756>				<https://panlex.org/snapshot/panlex-20191001-csv/6898#113587774>		"Ameerik Virgin Gungey"@ses	
"Guam"@naq	<https://panlex.org/snapshot/panlex-20191001-csv/6898#113630646>				<https://panlex.org/snapshot/panlex-20191001-csv/6898#113630776>		"Guam"@ses	
"Sierra Leone"@naq	<https://panlex.org/snapshot/panlex-20191001-csv/6898#113637129>				<https://panlex.org/snapshot/panlex-20191001-csv/6898#113637121>		"Seera Leon"@ses	
"Angolab"@naq	<https://panlex.org/snapshot/panlex-20191001-csv/6898#113599983>				<https://panlex.org/snapshot/panlex-20191001-csv/6898#113599904>		"Angoola"@ses	
"Armeniab"@naq	<https://panlex.org/snapshot/panlex-20191001-csv/6898#113596626>				<https://panlex.org/snapshot/panlex-20191001-csv/6898#113596498>		"Armeeni"@ses	
"Braziliab"@naq	<https://panlex.org/snapshot/panlex-20191001-csv/6898#113645313>				<https://panlex.org/snapshot/panlex-20191001-csv/6898#113645371>		"Breezil"@ses	
"Iceland"@naq	<https://panlex.org/snapshot/panlex-20191001-csv/6898#113601134>				<https://panlex.org/snapshot/panlex-20191001-csv/6898#113601109>		"Ayceland"@ses	
"Egipteb"@naq	<https://panlex.org/snapshot/panlex-20191001-csv/6898#113604581>				<https://panlex.org/snapshot/panlex-20191001-csv/6898#113604487>		"Misra"@ses	
"Réunion"@naq	<https://panlex.org/snapshot/panlex-20191001-csv/6898#113591687>				<https://panlex.org/snapshot/panlex-20191001-csv/6898#113591609>		"Reenioŋ"@ses	
"Gibraltar"@naq	<https://panlex.org/snapshot/panlex-20191001-csv/6898#113592994>				<https://panlex.org/snapshot/panlex-20191001-csv/6898#113592904>		"Gibraltar"@ses	
"Bosniab tsî Herzegovinab"@naq	<https://panlex.org/snapshot/panlex-20191001-csv/6898#113596850>				<https://panlex.org/snapshot/panlex-20191001-csv/6898#113596878>		"Bosni nda Herzegovine"@ses	
"New Zealandi"@naq	<https://panlex.org/snapshot/panlex-20191001-csv/6898#113587240>				<https://panlex.org/snapshot/panlex-20191001-csv/6898#113587179>		"Zeelandu Taaga"@ses	
"Liberiab"@naq	<https://panlex.org/snapshot/panlex-20191001-csv/6898#113605544>				<https://panlex.org/snapshot/panlex-20191001-csv/6898#113605545>		"Liberia"@ses	
"Swazilandi"@naq	<https://panlex.org/snapshot/panlex-20191001-csv/6898#113625243>				<https://panlex.org/snapshot/panlex-20191001-csv/6898#113625287>		"Swaziland"@ses	
"Belgiummi"@naq	<https://panlex.org/snapshot/panlex-20191001-csv/6898#113643442>				<https://panlex.org/snapshot/panlex-20191001-csv/6898#113643430>		"Belgiiki"@ses	
"Japanni"@naq	<https://panlex.org/snapshot/panlex-20191001-csv/6898#113634812>				<https://panlex.org/snapshot/panlex-20191001-csv/6898#113634827>		"Jaapoŋ"@ses	
"Taiwan"@naq	<https://panlex.org/snapshot/panlex-20191001-csv/6898#113605073>				<https://panlex.org/snapshot/panlex-20191001-csv/6898#113605075>		"Taayiwan"@ses	
"Democratic Republic of the Congo"@naq	<https://panlex.org/snapshot/panlex-20191001-csv/6898#113589535>				<https://panlex.org/snapshot/panlex-20191001-csv/6898#113589748>		"Kongoo demookaratiki laboo"@ses	
"Zambiab"@naq	<https://panlex.org/snapshot/panlex-20191001-csv/6898#113617416>				<https://panlex.org/snapshot/panlex-20191001-csv/6898#113617380>		"Zambi"@ses	
"Algeriab"@naq	<https://panlex.org/snapshot/panlex-20191001-csv/6898#113608249>				<https://panlex.org/snapshot/panlex-20191001-csv/6898#113608256>		"Alžeeri"@ses	
"Bhutans"@naq	<https://panlex.org/snapshot/panlex-20191001-csv/6898#113639761>				<https://panlex.org/snapshot/panlex-20191001-csv/6898#113639680>		"Buutaŋ"@ses	
"Pitcairn"@naq	<https://panlex.org/snapshot/panlex-20191001-csv/6898#113602843>				<https://panlex.org/snapshot/panlex-20191001-csv/6898#113602786>		"Pitikarin"@ses	
"Croatiab"@naq	<https://panlex.org/snapshot/panlex-20191001-csv/6898#113623189>				<https://panlex.org/snapshot/panlex-20191001-csv/6898#113623200>		"Krwaasi"@ses	
"Nepali"@naq	<https://panlex.org/snapshot/panlex-20191001-csv/6898#113584215>				<https://panlex.org/snapshot/panlex-20191001-csv/6898#113584053>		"Neepal"@ses	
"Palau"@naq	<https://panlex.org/snapshot/panlex-20191001-csv/6898#113630980>				<https://panlex.org/snapshot/panlex-20191001-csv/6898#113630882>		"Palu"@ses	
"Somaliab"@naq	<https://panlex.org/snapshot/panlex-20191001-csv/6898#113608421>				<https://panlex.org/snapshot/panlex-20191001-csv/6898#113608416>		"Somaali"@ses	
"Switzerlandi"@naq	<https://panlex.org/snapshot/panlex-20191001-csv/6898#113612823>				<https://panlex.org/snapshot/panlex-20191001-csv/6898#113612969>		"Swisu"@ses	
"Romania"@naq	<https://panlex.org/snapshot/panlex-20191001-csv/6898#113618121>				<https://panlex.org/snapshot/panlex-20191001-csv/6898#113618129>		"Rumaani"@ses	
"Antiguab tsî Barbudab"@naq	<https://panlex.org/snapshot/panlex-20191001-csv/6898#113643672>				<https://panlex.org/snapshot/panlex-20191001-csv/6898#113643752>		"Antigua nda Barbuuda"@ses	
"Rwandab"@naq	<https://panlex.org/snapshot/panlex-20191001-csv/6898#113625561>				<https://panlex.org/snapshot/panlex-20191001-csv/6898#113625438>		"Rwanda"@ses	
"Cambodiab"@naq	<https://panlex.org/snapshot/panlex-20191001-csv/6898#113591813>				<https://panlex.org/snapshot/panlex-20191001-csv/6898#113591884>		"Kamboogi"@ses	
"Namibiab"@naq	<https://panlex.org/snapshot/panlex-20191001-csv/6898#113606840>				<https://panlex.org/snapshot/panlex-20191001-csv/6898#113606800>		"Naamibi"@ses	
"Iranni"@naq	<https://panlex.org/snapshot/panlex-20191001-csv/6898#113626111>				<https://panlex.org/snapshot/panlex-20191001-csv/6898#113626106>		"Iraan"@ses	
"Saint Lucia"@naq	<https://panlex.org/snapshot/panlex-20191001-csv/6898#113621962>				<https://panlex.org/snapshot/panlex-20191001-csv/6898#113621921>		"Seŋ Lussia"@ses	
"Morocco"@naq	<https://panlex.org/snapshot/panlex-20191001-csv/6898#113636044>				<https://panlex.org/snapshot/panlex-20191001-csv/6898#113635958>		"Maarok"@ses	
"Mauritania"@naq	<https://panlex.org/snapshot/panlex-20191001-csv/6898#113636415>				<https://panlex.org/snapshot/panlex-20191001-csv/6898#113636504>		"Mooritaani"@ses	
"Ivoorkusi"@naq	<https://panlex.org/snapshot/panlex-20191001-csv/6898#113640333>				<https://panlex.org/snapshot/panlex-20191001-csv/6898#113640350>		"Kudwar"@ses	
"Spanieb"@naq	<https://panlex.org/snapshot/panlex-20191001-csv/6898#113594523>				<https://panlex.org/snapshot/panlex-20191001-csv/6898#113594546>		"Espaaɲe"@ses	
"Andorrab"@naq	<https://panlex.org/snapshot/panlex-20191001-csv/6898#113588322>				<https://panlex.org/snapshot/panlex-20191001-csv/6898#113588495>		"Andoora"@ses	
"Samoa"@naq	<https://panlex.org/snapshot/panlex-20191001-csv/6898#113637372>				<https://panlex.org/snapshot/panlex-20191001-csv/6898#113637412>		"Samoa"@ses	
"Norfolk Island"@naq	<https://panlex.org/snapshot/panlex-20191001-csv/6898#113642297>				<https://panlex.org/snapshot/panlex-20191001-csv/6898#113642432>		"Norfolk Gungoo"@ses	
"Israeli"@naq	<https://panlex.org/snapshot/panlex-20191001-csv/6898#113615384>				<https://panlex.org/snapshot/panlex-20191001-csv/6898#113615449>		"Israyel"@ses	
"Tonga"@naq	<https://panlex.org/snapshot/panlex-20191001-csv/6898#113610772>				<https://panlex.org/snapshot/panlex-20191001-csv/6898#113610639>		"Tonga"@ses	
"Papua New Guineab"@naq	<https://panlex.org/snapshot/panlex-20191001-csv/6898#113614811>				<https://panlex.org/snapshot/panlex-20191001-csv/6898#113614942>		"Papua Ginee Taaga"@ses	
"Arubab"@naq	<https://panlex.org/snapshot/panlex-20191001-csv/6898#113644028>				<https://panlex.org/snapshot/panlex-20191001-csv/6898#113644024>		"Aruuba"@ses	
"Cyprus"@naq	<https://panlex.org/snapshot/panlex-20191001-csv/6898#113631871>				<https://panlex.org/snapshot/panlex-20191001-csv/6898#113631771>		"Šiipur"@ses	
"Chinab"@naq	<https://panlex.org/snapshot/panlex-20191001-csv/6898#113614132>				<https://panlex.org/snapshot/panlex-20191001-csv/6898#113614010>		"Šiin"@ses	
"Uruguaib"@naq	<https://panlex.org/snapshot/panlex-20191001-csv/6898#113623379>				<https://panlex.org/snapshot/panlex-20191001-csv/6898#113623465>		"Uruguwey"@ses	
"Denmarki"@naq	<https://panlex.org/snapshot/panlex-20191001-csv/6898#113629525>				<https://panlex.org/snapshot/panlex-20191001-csv/6898#113629573>		"Danemark"@ses	
"Saint Kitts and Nevis"@naq	<https://panlex.org/snapshot/panlex-20191001-csv/6898#113634429>				<https://panlex.org/snapshot/panlex-20191001-csv/6898#113634316>		"Seŋ Kitts nda Nevis"@ses	
"French Polynesia"@naq	<https://panlex.org/snapshot/panlex-20191001-csv/6898#113621077>				<https://panlex.org/snapshot/panlex-20191001-csv/6898#113621207>		"Faransi Polineezi"@ses	
"Polandi"@naq	<https://panlex.org/snapshot/panlex-20191001-csv/6898#113642677>				<https://panlex.org/snapshot/panlex-20191001-csv/6898#113642772>		"Poloɲe"@ses	
"Greenland"@naq	<https://panlex.org/snapshot/panlex-20191001-csv/6898#113590762>				<https://panlex.org/snapshot/panlex-20191001-csv/6898#113590690>		"Grinland"@ses	
"Finlandi"@naq	<https://panlex.org/snapshot/panlex-20191001-csv/6898#113641527>				<https://panlex.org/snapshot/panlex-20191001-csv/6898#113641530>		"Finlandu"@ses	
"Dominican Republic"@naq	<https://panlex.org/snapshot/panlex-20191001-csv/6898#113603457>				<https://panlex.org/snapshot/panlex-20191001-csv/6898#113603475>		"Doominiki laboo"@ses	
"Vietnammi"@naq	<https://panlex.org/snapshot/panlex-20191001-csv/6898#113623679>				<https://panlex.org/snapshot/panlex-20191001-csv/6898#113623661>		"Vietnaam"@ses	
