"Turkeieb"@naq	<https://panlex.org/snapshot/panlex-20191001-csv/6898#113611994>				<https://panlex.org/snapshot/panlex-20191001-csv/6898#113612070>		"Tɛɛki"@ak	
"Portugali"@naq	<https://panlex.org/snapshot/panlex-20191001-csv/6898#113628638>				<https://panlex.org/snapshot/panlex-20191001-csv/6898#113628665>		"Pɔtugal"@ak	
"U.S. Virgin Islands"@naq	<https://panlex.org/snapshot/panlex-20191001-csv/6898#113587756>				<https://panlex.org/snapshot/panlex-20191001-csv/6898#113587693>		"Amɛrika Virgin Islands"@ak	
"Guam"@naq	<https://panlex.org/snapshot/panlex-20191001-csv/6898#113630646>				<https://panlex.org/snapshot/panlex-20191001-csv/6898#113630764>		"Guam"@ak	
"Sierra Leone"@naq	<https://panlex.org/snapshot/panlex-20191001-csv/6898#113637129>				<https://panlex.org/snapshot/panlex-20191001-csv/6898#113637061>		"Sierra Leone"@ak	
"Angolab"@naq	<https://panlex.org/snapshot/panlex-20191001-csv/6898#113599983>				<https://panlex.org/snapshot/panlex-20191001-csv/6898#113599927>		"Angola"@ak	
"Armeniab"@naq	<https://panlex.org/snapshot/panlex-20191001-csv/6898#113596626>				<https://panlex.org/snapshot/panlex-20191001-csv/6898#113596552>		"Aamenia"@ak	
"Braziliab"@naq	<https://panlex.org/snapshot/panlex-20191001-csv/6898#113645313>				<https://panlex.org/snapshot/panlex-20191001-csv/6898#113645260>		"Brazil"@ak	
"Iceland"@naq	<https://panlex.org/snapshot/panlex-20191001-csv/6898#113601134>				<https://panlex.org/snapshot/panlex-20191001-csv/6898#113600983>		"Aesland"@ak	
"Egipteb"@naq	<https://panlex.org/snapshot/panlex-20191001-csv/6898#113604581>				<https://panlex.org/snapshot/panlex-20191001-csv/6898#113604476>		"Nisrim"@ak	
"Réunion"@naq	<https://panlex.org/snapshot/panlex-20191001-csv/6898#113591687>				<https://panlex.org/snapshot/panlex-20191001-csv/6898#113591584>		"Reyuniɔn"@ak	
"Gibraltar"@naq	<https://panlex.org/snapshot/panlex-20191001-csv/6898#113592994>				<https://panlex.org/snapshot/panlex-20191001-csv/6898#113592951>		"Gyebralta"@ak	
"Bosniab tsî Herzegovinab"@naq	<https://panlex.org/snapshot/panlex-20191001-csv/6898#113596850>				<https://panlex.org/snapshot/panlex-20191001-csv/6898#113596739>		"Bosnia ne Hɛzegovina"@ak	
"New Zealandi"@naq	<https://panlex.org/snapshot/panlex-20191001-csv/6898#113587240>				<https://panlex.org/snapshot/panlex-20191001-csv/6898#113587217>		"Ziland Foforo"@ak	
"Liberiab"@naq	<https://panlex.org/snapshot/panlex-20191001-csv/6898#113605544>				<https://panlex.org/snapshot/panlex-20191001-csv/6898#113605565>		"Laeberia"@ak	
"Swazilandi"@naq	<https://panlex.org/snapshot/panlex-20191001-csv/6898#113625243>				<https://panlex.org/snapshot/panlex-20191001-csv/6898#113625363>		"Swaziland"@ak	
"Belgiummi"@naq	<https://panlex.org/snapshot/panlex-20191001-csv/6898#113643442>				<https://panlex.org/snapshot/panlex-20191001-csv/6898#113643580>		"Bɛlgyium"@ak	
"Japanni"@naq	<https://panlex.org/snapshot/panlex-20191001-csv/6898#113634812>				<https://panlex.org/snapshot/panlex-20191001-csv/6898#113634953>		"Gyapan"@ak	
"Taiwan"@naq	<https://panlex.org/snapshot/panlex-20191001-csv/6898#113605073>				<https://panlex.org/snapshot/panlex-20191001-csv/6898#113605198>		"Taiwan"@ak	
"Democratic Republic of the Congo"@naq	<https://panlex.org/snapshot/panlex-20191001-csv/6898#113589535>				<https://panlex.org/snapshot/panlex-20191001-csv/6898#113589587>		"Kongo (Zair)"@ak	
"Zambiab"@naq	<https://panlex.org/snapshot/panlex-20191001-csv/6898#113617416>				<https://panlex.org/snapshot/panlex-20191001-csv/6898#113617471>		"Zambia"@ak	
"Algeriab"@naq	<https://panlex.org/snapshot/panlex-20191001-csv/6898#113608249>				<https://panlex.org/snapshot/panlex-20191001-csv/6898#113608188>		"Ɔlgyeria"@ak	
"Bhutans"@naq	<https://panlex.org/snapshot/panlex-20191001-csv/6898#113639761>				<https://panlex.org/snapshot/panlex-20191001-csv/6898#113639605>		"Butan"@ak	
"Pitcairn"@naq	<https://panlex.org/snapshot/panlex-20191001-csv/6898#113602843>				<https://panlex.org/snapshot/panlex-20191001-csv/6898#113602818>		"Pitcairn"@ak	
"Croatiab"@naq	<https://panlex.org/snapshot/panlex-20191001-csv/6898#113623189>				<https://panlex.org/snapshot/panlex-20191001-csv/6898#113623294>		"Krowehyia"@ak	
"Nepali"@naq	<https://panlex.org/snapshot/panlex-20191001-csv/6898#113584215>				<https://panlex.org/snapshot/panlex-20191001-csv/6898#113584157>		"Nɛpɔl"@ak	
"Palau"@naq	<https://panlex.org/snapshot/panlex-20191001-csv/6898#113630980>				<https://panlex.org/snapshot/panlex-20191001-csv/6898#113630921>		"Palau"@ak	
"Somaliab"@naq	<https://panlex.org/snapshot/panlex-20191001-csv/6898#113608421>				<https://panlex.org/snapshot/panlex-20191001-csv/6898#113608555>		"Somalia"@ak	
"Switzerlandi"@naq	<https://panlex.org/snapshot/panlex-20191001-csv/6898#113612823>				<https://panlex.org/snapshot/panlex-20191001-csv/6898#113612905>		"Swetzaland"@ak	
"Romania"@naq	<https://panlex.org/snapshot/panlex-20191001-csv/6898#113618121>				<https://panlex.org/snapshot/panlex-20191001-csv/6898#113618214>		"Romenia"@ak	
"Antiguab tsî Barbudab"@naq	<https://panlex.org/snapshot/panlex-20191001-csv/6898#113643672>				<https://panlex.org/snapshot/panlex-20191001-csv/6898#113643799>		"Antigua ne Baabuda"@ak	
"Rwandab"@naq	<https://panlex.org/snapshot/panlex-20191001-csv/6898#113625561>				<https://panlex.org/snapshot/panlex-20191001-csv/6898#113625516>		"Rwanda"@ak	
"Cambodiab"@naq	<https://panlex.org/snapshot/panlex-20191001-csv/6898#113591813>				<https://panlex.org/snapshot/panlex-20191001-csv/6898#113591908>		"Kambodia"@ak	
"Namibiab"@naq	<https://panlex.org/snapshot/panlex-20191001-csv/6898#113606840>				<https://panlex.org/snapshot/panlex-20191001-csv/6898#113606667>		"Namibia"@ak	
"Iranni"@naq	<https://panlex.org/snapshot/panlex-20191001-csv/6898#113626111>				<https://panlex.org/snapshot/panlex-20191001-csv/6898#113626229>		"Iran"@ak	
"Saint Lucia"@naq	<https://panlex.org/snapshot/panlex-20191001-csv/6898#113621962>				<https://panlex.org/snapshot/panlex-20191001-csv/6898#113621852>		"Saint Lucia"@ak	
"Morocco"@naq	<https://panlex.org/snapshot/panlex-20191001-csv/6898#113636044>				<https://panlex.org/snapshot/panlex-20191001-csv/6898#113636057>		"Moroko"@ak	
"Mauritania"@naq	<https://panlex.org/snapshot/panlex-20191001-csv/6898#113636415>				<https://panlex.org/snapshot/panlex-20191001-csv/6898#113636488>		"Mɔretenia"@ak	
"Ivoorkusi"@naq	<https://panlex.org/snapshot/panlex-20191001-csv/6898#113640333>				<https://panlex.org/snapshot/panlex-20191001-csv/6898#113640537>		"La Côte d’Ivoire"@ak	
"Spanieb"@naq	<https://panlex.org/snapshot/panlex-20191001-csv/6898#113594523>				<https://panlex.org/snapshot/panlex-20191001-csv/6898#113594490>		"Spain"@ak	
"Andorrab"@naq	<https://panlex.org/snapshot/panlex-20191001-csv/6898#113588322>				<https://panlex.org/snapshot/panlex-20191001-csv/6898#113588365>		"Andora"@ak	
"Samoa"@naq	<https://panlex.org/snapshot/panlex-20191001-csv/6898#113637372>				<https://panlex.org/snapshot/panlex-20191001-csv/6898#113637518>		"Samoa"@ak	
"Norfolk Island"@naq	<https://panlex.org/snapshot/panlex-20191001-csv/6898#113642297>				<https://panlex.org/snapshot/panlex-20191001-csv/6898#113642375>		"Nɔfolk Aeland"@ak	
"Israeli"@naq	<https://panlex.org/snapshot/panlex-20191001-csv/6898#113615384>				<https://panlex.org/snapshot/panlex-20191001-csv/6898#113615375>		"Israel"@ak	
"Tonga"@naq	<https://panlex.org/snapshot/panlex-20191001-csv/6898#113610772>				<https://panlex.org/snapshot/panlex-20191001-csv/6898#113610660>		"Tonga"@ak	
"Papua New Guineab"@naq	<https://panlex.org/snapshot/panlex-20191001-csv/6898#113614811>				<https://panlex.org/snapshot/panlex-20191001-csv/6898#113614860>		"Papua Guinea Foforo"@ak	
"Arubab"@naq	<https://panlex.org/snapshot/panlex-20191001-csv/6898#113644028>				<https://panlex.org/snapshot/panlex-20191001-csv/6898#113644066>		"Aruba"@ak	
"Cyprus"@naq	<https://panlex.org/snapshot/panlex-20191001-csv/6898#113631871>				<https://panlex.org/snapshot/panlex-20191001-csv/6898#113631725>		"Saeprɔs"@ak	
"Chinab"@naq	<https://panlex.org/snapshot/panlex-20191001-csv/6898#113614132>				<https://panlex.org/snapshot/panlex-20191001-csv/6898#113614105>		"Kyaena"@ak	
"Uruguaib"@naq	<https://panlex.org/snapshot/panlex-20191001-csv/6898#113623379>				<https://panlex.org/snapshot/panlex-20191001-csv/6898#113623506>		"Yurugwae"@ak	
"Denmarki"@naq	<https://panlex.org/snapshot/panlex-20191001-csv/6898#113629525>				<https://panlex.org/snapshot/panlex-20191001-csv/6898#113629520>		"Dɛnmak"@ak	
"Saint Kitts and Nevis"@naq	<https://panlex.org/snapshot/panlex-20191001-csv/6898#113634429>				<https://panlex.org/snapshot/panlex-20191001-csv/6898#113634442>		"Saint Kitts ne Nɛves"@ak	
"French Polynesia"@naq	<https://panlex.org/snapshot/panlex-20191001-csv/6898#113621077>				<https://panlex.org/snapshot/panlex-20191001-csv/6898#113621214>		"Frɛnkye Pɔlenehyia"@ak	
"Polandi"@naq	<https://panlex.org/snapshot/panlex-20191001-csv/6898#113642677>				<https://panlex.org/snapshot/panlex-20191001-csv/6898#113642757>		"Poland"@ak	
"Greenland"@naq	<https://panlex.org/snapshot/panlex-20191001-csv/6898#113590762>				<https://panlex.org/snapshot/panlex-20191001-csv/6898#113590685>		"Greenman"@ak	
"Finlandi"@naq	<https://panlex.org/snapshot/panlex-20191001-csv/6898#113641527>				<https://panlex.org/snapshot/panlex-20191001-csv/6898#113641602>		"Finland"@ak	
"Dominican Republic"@naq	<https://panlex.org/snapshot/panlex-20191001-csv/6898#113603457>				<https://panlex.org/snapshot/panlex-20191001-csv/6898#113603568>		"Dɔmeneka Kurokɛse"@ak	
"Vietnammi"@naq	<https://panlex.org/snapshot/panlex-20191001-csv/6898#113623679>				<https://panlex.org/snapshot/panlex-20191001-csv/6898#113623636>		"Viɛtnam"@ak	
