"Turkeieb"@naq	<https://panlex.org/snapshot/panlex-20191001-csv/6898#113611994>				<https://panlex.org/snapshot/panlex-20191001-csv/6898#113611979>		"Uturuki"@asa	
"Portugali"@naq	<https://panlex.org/snapshot/panlex-20191001-csv/6898#113628638>				<https://panlex.org/snapshot/panlex-20191001-csv/6898#113628537>		"Ureno"@asa	
"U.S. Virgin Islands"@naq	<https://panlex.org/snapshot/panlex-20191001-csv/6898#113587756>				<https://panlex.org/snapshot/panlex-20191001-csv/6898#113587726>		"Vithiwa vya Virgin vya Marekani"@asa	
"Guam"@naq	<https://panlex.org/snapshot/panlex-20191001-csv/6898#113630646>				<https://panlex.org/snapshot/panlex-20191001-csv/6898#113630685>		"Gwam"@asa	
"Sierra Leone"@naq	<https://panlex.org/snapshot/panlex-20191001-csv/6898#113637129>				<https://panlex.org/snapshot/panlex-20191001-csv/6898#113636974>		"Thiera Leoni"@asa	
"Angolab"@naq	<https://panlex.org/snapshot/panlex-20191001-csv/6898#113599983>				<https://panlex.org/snapshot/panlex-20191001-csv/6898#113600027>		"Angola"@asa	
"Armeniab"@naq	<https://panlex.org/snapshot/panlex-20191001-csv/6898#113596626>				<https://panlex.org/snapshot/panlex-20191001-csv/6898#113596585>		"Armenia"@asa	
"Braziliab"@naq	<https://panlex.org/snapshot/panlex-20191001-csv/6898#113645313>				<https://panlex.org/snapshot/panlex-20191001-csv/6898#113645271>		"Brazili"@asa	
"Iceland"@naq	<https://panlex.org/snapshot/panlex-20191001-csv/6898#113601134>				<https://panlex.org/snapshot/panlex-20191001-csv/6898#113601160>		"Aithlandi"@asa	
"Egipteb"@naq	<https://panlex.org/snapshot/panlex-20191001-csv/6898#113604581>				<https://panlex.org/snapshot/panlex-20191001-csv/6898#113604552>		"Mithri"@asa	
"Réunion"@naq	<https://panlex.org/snapshot/panlex-20191001-csv/6898#113591687>				<https://panlex.org/snapshot/panlex-20191001-csv/6898#113591573>		"Riyunioni"@asa	
"Gibraltar"@naq	<https://panlex.org/snapshot/panlex-20191001-csv/6898#113592994>				<https://panlex.org/snapshot/panlex-20191001-csv/6898#113592914>		"Jibralta"@asa	
"Bosniab tsî Herzegovinab"@naq	<https://panlex.org/snapshot/panlex-20191001-csv/6898#113596850>				<https://panlex.org/snapshot/panlex-20191001-csv/6898#113596822>		"Bothnia na Hedhegovina"@asa	
"New Zealandi"@naq	<https://panlex.org/snapshot/panlex-20191001-csv/6898#113587240>				<https://panlex.org/snapshot/panlex-20191001-csv/6898#113587227>		"Nyudhilandi"@asa	
"Liberiab"@naq	<https://panlex.org/snapshot/panlex-20191001-csv/6898#113605544>				<https://panlex.org/snapshot/panlex-20191001-csv/6898#113605434>		"Liberia"@asa	
"Swazilandi"@naq	<https://panlex.org/snapshot/panlex-20191001-csv/6898#113625243>				<https://panlex.org/snapshot/panlex-20191001-csv/6898#113625336>		"Uthwadhi"@asa	
"Belgiummi"@naq	<https://panlex.org/snapshot/panlex-20191001-csv/6898#113643442>				<https://panlex.org/snapshot/panlex-20191001-csv/6898#113643528>		"Ubelgiji"@asa	
"Japanni"@naq	<https://panlex.org/snapshot/panlex-20191001-csv/6898#113634812>				<https://panlex.org/snapshot/panlex-20191001-csv/6898#113634775>		"Japani"@asa	
"Taiwan"@naq	<https://panlex.org/snapshot/panlex-20191001-csv/6898#113605073>				<https://panlex.org/snapshot/panlex-20191001-csv/6898#113605104>		"Taiwani"@asa	
"Democratic Republic of the Congo"@naq	<https://panlex.org/snapshot/panlex-20191001-csv/6898#113589535>				<https://panlex.org/snapshot/panlex-20191001-csv/6898#113589437>		"Jamhuri ya Kidemokrathia ya Kongo"@asa	
"Zambiab"@naq	<https://panlex.org/snapshot/panlex-20191001-csv/6898#113617416>				<https://panlex.org/snapshot/panlex-20191001-csv/6898#113617353>		"Dhambia"@asa	
"Algeriab"@naq	<https://panlex.org/snapshot/panlex-20191001-csv/6898#113608249>				<https://panlex.org/snapshot/panlex-20191001-csv/6898#113608198>		"Aljeria"@asa	
"Bhutans"@naq	<https://panlex.org/snapshot/panlex-20191001-csv/6898#113639761>				<https://panlex.org/snapshot/panlex-20191001-csv/6898#113639619>		"Butani"@asa	
"Pitcairn"@naq	<https://panlex.org/snapshot/panlex-20191001-csv/6898#113602843>				<https://panlex.org/snapshot/panlex-20191001-csv/6898#113602874>		"Pitkairni"@asa	
"Croatiab"@naq	<https://panlex.org/snapshot/panlex-20191001-csv/6898#113623189>				<https://panlex.org/snapshot/panlex-20191001-csv/6898#113623134>		"Korathia"@asa	
"Nepali"@naq	<https://panlex.org/snapshot/panlex-20191001-csv/6898#113584215>				<https://panlex.org/snapshot/panlex-20191001-csv/6898#113584074>		"Nepali"@asa	
"Palau"@naq	<https://panlex.org/snapshot/panlex-20191001-csv/6898#113630980>				<https://panlex.org/snapshot/panlex-20191001-csv/6898#113630911>		"Palau"@asa	
"Somaliab"@naq	<https://panlex.org/snapshot/panlex-20191001-csv/6898#113608421>				<https://panlex.org/snapshot/panlex-20191001-csv/6898#113608493>		"Thomalia"@asa	
"Switzerlandi"@naq	<https://panlex.org/snapshot/panlex-20191001-csv/6898#113612823>				<https://panlex.org/snapshot/panlex-20191001-csv/6898#113612974>		"Uthwithi"@asa	
"Romania"@naq	<https://panlex.org/snapshot/panlex-20191001-csv/6898#113618121>				<https://panlex.org/snapshot/panlex-20191001-csv/6898#113618144>		"Romania"@asa	
"Antiguab tsî Barbudab"@naq	<https://panlex.org/snapshot/panlex-20191001-csv/6898#113643672>				<https://panlex.org/snapshot/panlex-20191001-csv/6898#113643637>		"Antigua na Barbuda"@asa	
"Rwandab"@naq	<https://panlex.org/snapshot/panlex-20191001-csv/6898#113625561>				<https://panlex.org/snapshot/panlex-20191001-csv/6898#113625549>		"Rwanda"@asa	
"Cambodiab"@naq	<https://panlex.org/snapshot/panlex-20191001-csv/6898#113591813>				<https://panlex.org/snapshot/panlex-20191001-csv/6898#113591809>		"Kambodia"@asa	
"Namibiab"@naq	<https://panlex.org/snapshot/panlex-20191001-csv/6898#113606840>				<https://panlex.org/snapshot/panlex-20191001-csv/6898#113606769>		"Namibia"@asa	
"Iranni"@naq	<https://panlex.org/snapshot/panlex-20191001-csv/6898#113626111>				<https://panlex.org/snapshot/panlex-20191001-csv/6898#113626148>		"Uajemi"@asa	
"Saint Lucia"@naq	<https://panlex.org/snapshot/panlex-20191001-csv/6898#113621962>				<https://panlex.org/snapshot/panlex-20191001-csv/6898#113621895>		"Thantaluthia"@asa	
"Morocco"@naq	<https://panlex.org/snapshot/panlex-20191001-csv/6898#113636044>				<https://panlex.org/snapshot/panlex-20191001-csv/6898#113635919>		"Moroko"@asa	
"Mauritania"@naq	<https://panlex.org/snapshot/panlex-20191001-csv/6898#113636415>				<https://panlex.org/snapshot/panlex-20191001-csv/6898#113636336>		"Moritania"@asa	
"Ivoorkusi"@naq	<https://panlex.org/snapshot/panlex-20191001-csv/6898#113640333>				<https://panlex.org/snapshot/panlex-20191001-csv/6898#113640336>		"Kodivaa"@asa	
"Spanieb"@naq	<https://panlex.org/snapshot/panlex-20191001-csv/6898#113594523>				<https://panlex.org/snapshot/panlex-20191001-csv/6898#113594625>		"Hithpania"@asa	
"Andorrab"@naq	<https://panlex.org/snapshot/panlex-20191001-csv/6898#113588322>				<https://panlex.org/snapshot/panlex-20191001-csv/6898#113588343>		"Andora"@asa	
"Samoa"@naq	<https://panlex.org/snapshot/panlex-20191001-csv/6898#113637372>				<https://panlex.org/snapshot/panlex-20191001-csv/6898#113637553>		"Thamoa"@asa	
"Norfolk Island"@naq	<https://panlex.org/snapshot/panlex-20191001-csv/6898#113642297>				<https://panlex.org/snapshot/panlex-20191001-csv/6898#113642427>		"Kithiwa cha Norfok"@asa	
"Israeli"@naq	<https://panlex.org/snapshot/panlex-20191001-csv/6898#113615384>				<https://panlex.org/snapshot/panlex-20191001-csv/6898#113615400>		"Ithraeli"@asa	
"Tonga"@naq	<https://panlex.org/snapshot/panlex-20191001-csv/6898#113610772>				<https://panlex.org/snapshot/panlex-20191001-csv/6898#113610754>		"Tonga"@asa	
"Papua New Guineab"@naq	<https://panlex.org/snapshot/panlex-20191001-csv/6898#113614811>				<https://panlex.org/snapshot/panlex-20191001-csv/6898#113614913>		"Papua"@asa	
"Arubab"@naq	<https://panlex.org/snapshot/panlex-20191001-csv/6898#113644028>				<https://panlex.org/snapshot/panlex-20191001-csv/6898#113644193>		"Aruba"@asa	
"Cyprus"@naq	<https://panlex.org/snapshot/panlex-20191001-csv/6898#113631871>				<https://panlex.org/snapshot/panlex-20191001-csv/6898#113631751>		"Kuprothi"@asa	
"Chinab"@naq	<https://panlex.org/snapshot/panlex-20191001-csv/6898#113614132>				<https://panlex.org/snapshot/panlex-20191001-csv/6898#113613998>		"China"@asa	
"Uruguaib"@naq	<https://panlex.org/snapshot/panlex-20191001-csv/6898#113623379>				<https://panlex.org/snapshot/panlex-20191001-csv/6898#113623486>		"Urugwai"@asa	
"Denmarki"@naq	<https://panlex.org/snapshot/panlex-20191001-csv/6898#113629525>				<https://panlex.org/snapshot/panlex-20191001-csv/6898#113629500>		"Denmaki"@asa	
"Saint Kitts and Nevis"@naq	<https://panlex.org/snapshot/panlex-20191001-csv/6898#113634429>				<https://panlex.org/snapshot/panlex-20191001-csv/6898#113634273>		"Thantakitdhi na Nevith"@asa	
"French Polynesia"@naq	<https://panlex.org/snapshot/panlex-20191001-csv/6898#113621077>				<https://panlex.org/snapshot/panlex-20191001-csv/6898#113621067>		"Polinesia ya Ufarantha"@asa	
"Polandi"@naq	<https://panlex.org/snapshot/panlex-20191001-csv/6898#113642677>				<https://panlex.org/snapshot/panlex-20191001-csv/6898#113642748>		"Polandi"@asa	
"Greenland"@naq	<https://panlex.org/snapshot/panlex-20191001-csv/6898#113590762>				<https://panlex.org/snapshot/panlex-20191001-csv/6898#113590747>		"Grinlandi"@asa	
"Finlandi"@naq	<https://panlex.org/snapshot/panlex-20191001-csv/6898#113641527>				<https://panlex.org/snapshot/panlex-20191001-csv/6898#113641634>		"Ufini"@asa	
"Dominican Republic"@naq	<https://panlex.org/snapshot/panlex-20191001-csv/6898#113603457>				<https://panlex.org/snapshot/panlex-20191001-csv/6898#113603435>		"Jamhuri ya Dominika"@asa	
"Vietnammi"@naq	<https://panlex.org/snapshot/panlex-20191001-csv/6898#113623679>				<https://panlex.org/snapshot/panlex-20191001-csv/6898#113623647>		"Vietinamu"@asa	
