"Марцци вакиларин ляхнар"@tab	<https://panlex.org/snapshot/panlex-20191001-csv/6726#111131218>				<https://panlex.org/snapshot/panlex-20191001-csv/6726#111131150>		"Actus Apostolorum"@la	
"Лукайи ктибту ужувлан хабар"@tab	<https://panlex.org/snapshot/panlex-20191001-csv/6726#111130883>				<https://panlex.org/snapshot/panlex-20191001-csv/6726#111130931>		"Evangelium secundum Lucam"@la	
"Маркди ктибту ужувлан хабар"@tab	<https://panlex.org/snapshot/panlex-20191001-csv/6726#111130701>				<https://panlex.org/snapshot/panlex-20191001-csv/6726#111130730>		"Evangelium secundum Marcum"@la	
"Вари хъугърудариз Петрин сабпи кагъаз"@tab	<https://panlex.org/snapshot/panlex-20191001-csv/6726#111133859>				<https://panlex.org/snapshot/panlex-20191001-csv/6726#111133823>		"Epistula Petri Ⅰ"@la	
"Тимофейиз сабпи кагъаз"@tab	<https://panlex.org/snapshot/panlex-20191001-csv/6726#111132833>				<https://panlex.org/snapshot/panlex-20191001-csv/6726#111132759>		"Epistula ad Timotheum Ⅰ"@la	
"Вари хъугърудариз Петрин кьюбпи кагъаз"@tab	<https://panlex.org/snapshot/panlex-20191001-csv/6726#111133978>				<https://panlex.org/snapshot/panlex-20191001-csv/6726#111133904>		"Epistula Petri Ⅱ"@la	
"Рим агьларихьна вуйи кагъаз"@tab	<https://panlex.org/snapshot/panlex-20191001-csv/6726#111131377>				<https://panlex.org/snapshot/panlex-20191001-csv/6726#111131388>		"Epistula ad Romanos"@la	
"Югьандин шубубпи кагъаз"@tab	<https://panlex.org/snapshot/panlex-20191001-csv/6726#111134422>				<https://panlex.org/snapshot/panlex-20191001-csv/6726#111134456>		"Epistula Ioannis Ⅲ"@la	
"Югьанди ктибту ужувлан хабар"@tab	<https://panlex.org/snapshot/panlex-20191001-csv/6726#111131045>				<https://panlex.org/snapshot/panlex-20191001-csv/6726#111131015>		"Evangelium secundum Ioannem"@la	
"Вари хъугърудариз Якьубдин кагъаз"@tab	<https://panlex.org/snapshot/panlex-20191001-csv/6726#111133567>				<https://panlex.org/snapshot/panlex-20191001-csv/6726#111133707>		"Epistula Iacobi"@la	
"Цӏийи Йикьрар"@tab	<https://panlex.org/snapshot/panlex-20191001-csv/6726#111135022>				<https://panlex.org/snapshot/panlex-20191001-csv/6726#111134896>		"Novum Testamentum"@la	
"Коринфдиъ айи хъугърудариз сабпи кагъаз"@tab	<https://panlex.org/snapshot/panlex-20191001-csv/6726#111131484>				<https://panlex.org/snapshot/panlex-20191001-csv/6726#111131526>		"Epistula ad Corinthios Ⅰ"@la	
"Вари хъугърудариз Ягьудайин кагъаз"@tab	<https://panlex.org/snapshot/panlex-20191001-csv/6726#111134633>				<https://panlex.org/snapshot/panlex-20191001-csv/6726#111134595>		"Epistula Iudae"@la	
"Эфесдиъ айи хъугърудариз кагъаз"@tab	<https://panlex.org/snapshot/panlex-20191001-csv/6726#111132041>				<https://panlex.org/snapshot/panlex-20191001-csv/6726#111132050>		"Epistula ad Ephesios"@la	
"Фессалоник шагьриъ айи хъугърудариз кьюбпи кагъаз"@tab	<https://panlex.org/snapshot/panlex-20191001-csv/6726#111132647>				<https://panlex.org/snapshot/panlex-20191001-csv/6726#111132739>		"Epistula ad Thessalonicenses Ⅱ"@la	
"Жугьдариз кагъаз"@tab	<https://panlex.org/snapshot/panlex-20191001-csv/6726#111133511>				<https://panlex.org/snapshot/panlex-20191001-csv/6726#111133540>		"Epistula ad Hebraeos"@la	
"Филипп шагьриъ айи хъугърудариз кагъаз"@tab	<https://panlex.org/snapshot/panlex-20191001-csv/6726#111132151>				<https://panlex.org/snapshot/panlex-20191001-csv/6726#111132125>		"Epistula ad Philippenses"@la	
"Маттайи ктибту ужувлан хабар"@tab	<https://panlex.org/snapshot/panlex-20191001-csv/6726#111130477>				<https://panlex.org/snapshot/panlex-20191001-csv/6726#111130467>		"Evangelium secundum Matthaeum"@la	
"Коринфдиъ айи хъугърудариз кьюбпи кагъаз"@tab	<https://panlex.org/snapshot/panlex-20191001-csv/6726#111131630>				<https://panlex.org/snapshot/panlex-20191001-csv/6726#111131673>		"Epistula ad Corinthios Ⅱ"@la	
"Югьандин кьюбпи кагъаз"@tab	<https://panlex.org/snapshot/panlex-20191001-csv/6726#111134289>				<https://panlex.org/snapshot/panlex-20191001-csv/6726#111134220>		"Epistula Ioannis Ⅱ"@la	
"Титдиз кагъаз"@tab	<https://panlex.org/snapshot/panlex-20191001-csv/6726#111133107>				<https://panlex.org/snapshot/panlex-20191001-csv/6726#111133119>		"Epistula ad Titum"@la	
"Фессалоник шагьриъ айи хъугърудариз сабпи кагъаз"@tab	<https://panlex.org/snapshot/panlex-20191001-csv/6726#111132548>				<https://panlex.org/snapshot/panlex-20191001-csv/6726#111132550>		"Epistula ad Thessalonicenses Ⅰ"@la	
"Ачмиш апӏувал"@tab	<https://panlex.org/snapshot/panlex-20191001-csv/6726#111134800>				<https://panlex.org/snapshot/panlex-20191001-csv/6726#111134845>		"Apocalypsis Ioannis Apostoli"@la	
"Югьандин сабпи кагъаз"@tab	<https://panlex.org/snapshot/panlex-20191001-csv/6726#111134138>				<https://panlex.org/snapshot/panlex-20191001-csv/6726#111134081>		"Epistula Ioannis Ⅰ"@la	
"Тимофейиз кьюбпи кагъаз"@tab	<https://panlex.org/snapshot/panlex-20191001-csv/6726#111133052>				<https://panlex.org/snapshot/panlex-20191001-csv/6726#111132956>		"Epistula ad Timotheum Ⅱ"@la	
"Колоссдиъ хъугъдариз кагъаз"@tab	<https://panlex.org/snapshot/panlex-20191001-csv/6726#111132292>				<https://panlex.org/snapshot/panlex-20191001-csv/6726#111132310>		"Epistula ad Colossenses"@la	
"Филимондиз кагъаз"@tab	<https://panlex.org/snapshot/panlex-20191001-csv/6726#111133402>				<https://panlex.org/snapshot/panlex-20191001-csv/6726#111133335>		"Epistula ad Philemonem"@la	
"Галатдиъ хъугъдариз кагъаз"@tab	<https://panlex.org/snapshot/panlex-20191001-csv/6726#111131888>				<https://panlex.org/snapshot/panlex-20191001-csv/6726#111131917>		"Epistula ad Galatas"@la	
"лизи"@tab	<https://panlex.org/snapshot/panlex-20191001-csv/5947#84639854>				<https://panlex.org/snapshot/panlex-20191001-csv/5947#84639793>		"albus"@la	
"лизи"@tab	<https://panlex.org/snapshot/panlex-20191001-csv/5947#84639854>				<https://panlex.org/snapshot/panlex-20191001-csv/5947#84639791>		"candidus"@la	
"лизи"@tab	<https://panlex.org/snapshot/panlex-20191001-csv/5947#84639854>				<https://panlex.org/snapshot/panlex-20191001-csv/5947#84639792>		"blancus"@la	
"ва"@tab	<https://panlex.org/snapshot/panlex-20191001-csv/5947#84702333>				<https://panlex.org/snapshot/panlex-20191001-csv/5947#84702285>		"atque"@la	
"ва"@tab	<https://panlex.org/snapshot/panlex-20191001-csv/5947#84702333>				<https://panlex.org/snapshot/panlex-20191001-csv/5947#84702286>		"et"@la	
"ва"@tab	<https://panlex.org/snapshot/panlex-20191001-csv/5947#84702333>				<https://panlex.org/snapshot/panlex-20191001-csv/5947#84702287>		"at"@la	
"ва"@tab	<https://panlex.org/snapshot/panlex-20191001-csv/5947#84702333>				<https://panlex.org/snapshot/panlex-20191001-csv/5947#84702284>		"-que"@la	
"хуй"@tab	<https://panlex.org/snapshot/panlex-20191001-csv/5947#84793048>				<https://panlex.org/snapshot/panlex-20191001-csv/5947#84793018>		"canis"@la	
"гюзгю"@tab	<https://panlex.org/snapshot/panlex-20191001-csv/5946#84446320>				<https://panlex.org/snapshot/panlex-20191001-csv/5946#84446240>		"speculum"@la	
"Къазакъистан"@tab	<https://panlex.org/snapshot/panlex-20191001-csv/5949#85312149>				<https://panlex.org/snapshot/panlex-20191001-csv/5949#85312117>		"Cazastania"@la	
"Ригъ"@tab	<https://panlex.org/snapshot/panlex-20191001-csv/5949#85320993>				<https://panlex.org/snapshot/panlex-20191001-csv/5949#85320941>		"Sol"@la	
"август"@tab	<https://panlex.org/snapshot/panlex-20191001-csv/5949#85329513>				<https://panlex.org/snapshot/panlex-20191001-csv/5949#85329412>		"Augustus"@la	
"Урусат"@tab	<https://panlex.org/snapshot/panlex-20191001-csv/5949#85319604>				<https://panlex.org/snapshot/panlex-20191001-csv/5949#85319522>		"Ruthenia"@la	
"Урусат"@tab	<https://panlex.org/snapshot/panlex-20191001-csv/5949#85319604>				<https://panlex.org/snapshot/panlex-20191001-csv/5949#85319521>		"Russia"@la	
"Кафари гьюл"@tab	<https://panlex.org/snapshot/panlex-20191001-csv/2905#110870678>				<https://panlex.org/snapshot/panlex-20191001-csv/2905#110870699>		"Mare Septentrionalis"@la	
"Кафари гьюл"@tab	<https://panlex.org/snapshot/panlex-20191001-csv/2905#110870678>				<https://panlex.org/snapshot/panlex-20191001-csv/2905#110870720>		"Mare Germanicum"@la	
"Кафари гьюл"@tab	<https://panlex.org/snapshot/panlex-20191001-csv/2905#110870678>				<https://panlex.org/snapshot/panlex-20191001-csv/2905#110870563>		"Oceanus Occidentalis"@la	
"Кафари гьюл"@tab	<https://panlex.org/snapshot/panlex-20191001-csv/2905#110870678>				<https://panlex.org/snapshot/panlex-20191001-csv/2905#110870609>		"Oceanus Fresonicus"@la	
"Кьялан гьюл"@tab	<https://panlex.org/snapshot/panlex-20191001-csv/2905#110870297>				<https://panlex.org/snapshot/panlex-20191001-csv/2905#110870289>		"Mare Mediterraneum"@la	
"Кьялан гьюл"@tab	<https://panlex.org/snapshot/panlex-20191001-csv/2905#110870297>				<https://panlex.org/snapshot/panlex-20191001-csv/2905#110870413>		"Mare Internum"@la	
"Аьрабистан гьюл"@tab	<https://panlex.org/snapshot/panlex-20191001-csv/2905#110868484>				<https://panlex.org/snapshot/panlex-20191001-csv/2905#110868469>		"Mare Arabicum"@la	
"Къумран гьюл"@tab	<https://panlex.org/snapshot/panlex-20191001-csv/2905#110869918>				<https://panlex.org/snapshot/panlex-20191001-csv/2905#110869931>		"Mare Mortuum"@la	
"Къумран гьюл"@tab	<https://panlex.org/snapshot/panlex-20191001-csv/2905#110869918>				<https://panlex.org/snapshot/panlex-20191001-csv/2905#110869902>		"Mare Deserti"@la	
"Къумран гьюл"@tab	<https://panlex.org/snapshot/panlex-20191001-csv/2905#110869918>				<https://panlex.org/snapshot/panlex-20191001-csv/2905#110869963>		"Mare Salis"@la	
"Къумран гьюл"@tab	<https://panlex.org/snapshot/panlex-20191001-csv/2905#110869918>				<https://panlex.org/snapshot/panlex-20191001-csv/2905#110869947>		"Lacus Asphaltites"@la	
"Лизи гьюл"@tab	<https://panlex.org/snapshot/panlex-20191001-csv/2905#110871458>				<https://panlex.org/snapshot/panlex-20191001-csv/2905#110871377>		"Mare Album"@la	
"Убкъу гьюл"@tab	<https://panlex.org/snapshot/panlex-20191001-csv/2905#110870029>				<https://panlex.org/snapshot/panlex-20191001-csv/2905#110869931>		"Mare Mortuum"@la	
"Убкъу гьюл"@tab	<https://panlex.org/snapshot/panlex-20191001-csv/2905#110870029>				<https://panlex.org/snapshot/panlex-20191001-csv/2905#110869902>		"Mare Deserti"@la	
"Убкъу гьюл"@tab	<https://panlex.org/snapshot/panlex-20191001-csv/2905#110870029>				<https://panlex.org/snapshot/panlex-20191001-csv/2905#110869963>		"Mare Salis"@la	
"Убкъу гьюл"@tab	<https://panlex.org/snapshot/panlex-20191001-csv/2905#110870029>				<https://panlex.org/snapshot/panlex-20191001-csv/2905#110869947>		"Lacus Asphaltites"@la	
"Кӏару гьюл"@tab	<https://panlex.org/snapshot/panlex-20191001-csv/2905#110869033>				<https://panlex.org/snapshot/panlex-20191001-csv/2905#110869016>		"Pontus Euxinus"@la	
"Кӏару гьюл"@tab	<https://panlex.org/snapshot/panlex-20191001-csv/2905#110869033>				<https://panlex.org/snapshot/panlex-20191001-csv/2905#110869185>		"Mare Nigrum"@la	
"Кӏару гьюл"@tab	<https://panlex.org/snapshot/panlex-20191001-csv/2905#110869033>				<https://panlex.org/snapshot/panlex-20191001-csv/2905#110869080>		"Mare Scythicum"@la	
"Кӏару гьюл"@tab	<https://panlex.org/snapshot/panlex-20191001-csv/2905#110869033>				<https://panlex.org/snapshot/panlex-20191001-csv/2905#110869066>		"Mare Ponticum"@la	
"Юпитер"@tab	<https://panlex.org/snapshot/panlex-20191001-csv/2907#110846520>				<https://panlex.org/snapshot/panlex-20191001-csv/2907#110846421>		"Iuppiter"@la	
"Венера"@tab	<https://panlex.org/snapshot/panlex-20191001-csv/2907#110845340>				<https://panlex.org/snapshot/panlex-20191001-csv/2907#110845296>		"Venus"@la	
"Ригъ"@tab	<https://panlex.org/snapshot/panlex-20191001-csv/2907#110844891>				<https://panlex.org/snapshot/panlex-20191001-csv/2907#110844932>		"Sol"@la	
"Марс"@tab	<https://panlex.org/snapshot/panlex-20191001-csv/2907#110846091>				<https://panlex.org/snapshot/panlex-20191001-csv/2907#110846068>		"Mars"@la	
"Жил"@tab	<https://panlex.org/snapshot/panlex-20191001-csv/2907#110845568>				<https://panlex.org/snapshot/panlex-20191001-csv/2907#110845518>		"Terra"@la	
"Нептун"@tab	<https://panlex.org/snapshot/panlex-20191001-csv/2907#110847163>				<https://panlex.org/snapshot/panlex-20191001-csv/2907#110847078>		"Neptunus"@la	
"Меркурий"@tab	<https://panlex.org/snapshot/panlex-20191001-csv/2907#110845098>				<https://panlex.org/snapshot/panlex-20191001-csv/2907#110845133>		"Mercurius"@la	
"Макемаке"@tab	<https://panlex.org/snapshot/panlex-20191001-csv/2907#110847614>				<https://panlex.org/snapshot/panlex-20191001-csv/2907#110847607>		"Makemake"@la	
"Эрида"@tab	<https://panlex.org/snapshot/panlex-20191001-csv/2907#110847955>				<https://panlex.org/snapshot/panlex-20191001-csv/2907#110847863>		"Eris"@la	
"Уран"@tab	<https://panlex.org/snapshot/panlex-20191001-csv/2907#110846956>				<https://panlex.org/snapshot/panlex-20191001-csv/2907#110846902>		"Uranus"@la	
"Плутон"@tab	<https://panlex.org/snapshot/panlex-20191001-csv/2907#110847322>				<https://panlex.org/snapshot/panlex-20191001-csv/2907#110847292>		"Pluto"@la	
"Сатурн"@tab	<https://panlex.org/snapshot/panlex-20191001-csv/2907#110846732>				<https://panlex.org/snapshot/panlex-20191001-csv/2907#110846633>		"Saturnus"@la	
"Хаумеа"@tab	<https://panlex.org/snapshot/panlex-20191001-csv/2907#110847409>				<https://panlex.org/snapshot/panlex-20191001-csv/2907#110847438>		"Haumea"@la	
"Церера"@tab	<https://panlex.org/snapshot/panlex-20191001-csv/2907#110846146>				<https://panlex.org/snapshot/panlex-20191001-csv/2907#110846277>		"Ceres"@la	
"Ваз"@tab	<https://panlex.org/snapshot/panlex-20191001-csv/2907#110845766>				<https://panlex.org/snapshot/panlex-20191001-csv/2907#110845798>		"Luna"@la	
"Индустан океан"@tab	<https://panlex.org/snapshot/panlex-20191001-csv/2901#110867692>				<https://panlex.org/snapshot/panlex-20191001-csv/2901#110867628>		"Oceanus Indicus"@la	
"Индустан океан"@tab	<https://panlex.org/snapshot/panlex-20191001-csv/2901#110867692>				<https://panlex.org/snapshot/panlex-20191001-csv/2901#110867848>		"Mare Indicum"@la	
"Кафари Мирккарин океан"@tab	<https://panlex.org/snapshot/panlex-20191001-csv/2901#110867111>				<https://panlex.org/snapshot/panlex-20191001-csv/2901#110867205>		"Oceanus Arcticus"@la	
"Гьиндустан океан"@tab	<https://panlex.org/snapshot/panlex-20191001-csv/2901#110867679>				<https://panlex.org/snapshot/panlex-20191001-csv/2901#110867628>		"Oceanus Indicus"@la	
"Гьиндустан океан"@tab	<https://panlex.org/snapshot/panlex-20191001-csv/2901#110867679>				<https://panlex.org/snapshot/panlex-20191001-csv/2901#110867848>		"Mare Indicum"@la	
"Яваш океан"@tab	<https://panlex.org/snapshot/panlex-20191001-csv/2901#110867873>				<https://panlex.org/snapshot/panlex-20191001-csv/2901#110868102>		"Oceanus Pacificus"@la	
"Штуан апӏру Ягь’я"@tab	<https://panlex.org/snapshot/panlex-20191001-csv/2906#111020526>				<https://panlex.org/snapshot/panlex-20191001-csv/2906#111020457>		"Iohannes Baptista"@la	
"шар илбицни йишв"@tab	<https://panlex.org/snapshot/panlex-20191001-csv/1573#50088784>				<https://panlex.org/snapshot/panlex-20191001-csv/1573#50088731>		"vertex"@la	
"шар илбицни йишв"@tab	<https://panlex.org/snapshot/panlex-20191001-csv/1573#50088784>				<https://panlex.org/snapshot/panlex-20191001-csv/1573#50088730>		"gurges"@la	
"шар илбицни йишв"@tab	<https://panlex.org/snapshot/panlex-20191001-csv/1573#50088784>				<https://panlex.org/snapshot/panlex-20191001-csv/1573#50088732>		"vorāgō"@la	
"хутІил"@tab	<https://panlex.org/snapshot/panlex-20191001-csv/1573#50084417>				<https://panlex.org/snapshot/panlex-20191001-csv/1573#50084319>		"campus"@la	
"хутІил"@tab	<https://panlex.org/snapshot/panlex-20191001-csv/1573#50084417>				<https://panlex.org/snapshot/panlex-20191001-csv/1573#50084320>		"plānum"@la	
"яркур"@tab	<https://panlex.org/snapshot/panlex-20191001-csv/1573#50089878>				<https://panlex.org/snapshot/panlex-20191001-csv/1573#50089785>		"silva"@la	
"секинуб"@tab	<https://panlex.org/snapshot/panlex-20191001-csv/1573#50086269>				<https://panlex.org/snapshot/panlex-20191001-csv/1573#50086218>		"mare"@la	
"секинуб"@tab	<https://panlex.org/snapshot/panlex-20191001-csv/1573#50086269>				<https://panlex.org/snapshot/panlex-20191001-csv/1573#50086217>		"malacia"@la	
"секинуб"@tab	<https://panlex.org/snapshot/panlex-20191001-csv/1573#50086269>				<https://panlex.org/snapshot/panlex-20191001-csv/1573#50086216>		"aequor tranquillum"@la	
"жилар дурччвуб"@tab	<https://panlex.org/snapshot/panlex-20191001-csv/1573#50091001>				<https://panlex.org/snapshot/panlex-20191001-csv/1573#50090953>		"concussiō"@la	
"зурба гьюл"@tab	<https://panlex.org/snapshot/panlex-20191001-csv/1573#50086831>				<https://panlex.org/snapshot/panlex-20191001-csv/1573#50086779>		"ōceanus"@la	
"чюл"@tab	<https://panlex.org/snapshot/panlex-20191001-csv/1573#50084655>				<https://panlex.org/snapshot/panlex-20191001-csv/1573#50084590>		"vallēs"@la	
"гъуйи"@tab	<https://panlex.org/snapshot/panlex-20191001-csv/1573#50089140>				<https://panlex.org/snapshot/panlex-20191001-csv/1573#50089033>		"fōns"@la	
"гъуйи"@tab	<https://panlex.org/snapshot/panlex-20191001-csv/1573#50089140>				<https://panlex.org/snapshot/panlex-20191001-csv/1573#50089034>		"puteus"@la	
"тепе"@tab	<https://panlex.org/snapshot/panlex-20191001-csv/1573#50083762>				<https://panlex.org/snapshot/panlex-20191001-csv/1573#50083642>		"clīvus"@la	
"тепе"@tab	<https://panlex.org/snapshot/panlex-20191001-csv/1573#50083762>				<https://panlex.org/snapshot/panlex-20191001-csv/1573#50083643>		"collis"@la	
"тепе"@tab	<https://panlex.org/snapshot/panlex-20191001-csv/1573#50083762>				<https://panlex.org/snapshot/panlex-20191001-csv/1573#50083644>		"mōns"@la	
"дюрхъ"@tab	<https://panlex.org/snapshot/panlex-20191001-csv/1573#50085596>				<https://panlex.org/snapshot/panlex-20191001-csv/1573#50085523>		"caverna"@la	
"дюрхъ"@tab	<https://panlex.org/snapshot/panlex-20191001-csv/1573#50085596>				<https://panlex.org/snapshot/panlex-20191001-csv/1573#50085524>		"specus"@la	
"дюрхъ"@tab	<https://panlex.org/snapshot/panlex-20191001-csv/1573#50085596>				<https://panlex.org/snapshot/panlex-20191001-csv/1573#50085525>		"spēlunca"@la	
"дюрхъ"@tab	<https://panlex.org/snapshot/panlex-20191001-csv/1573#50085596>				<https://panlex.org/snapshot/panlex-20191001-csv/1573#50085522>		"antrum"@la	
"гьюл"@tab	<https://panlex.org/snapshot/panlex-20191001-csv/1573#50086082>				<https://panlex.org/snapshot/panlex-20191001-csv/1573#50086004>		"aequor"@la	
"гьюл"@tab	<https://panlex.org/snapshot/panlex-20191001-csv/1573#50086082>				<https://panlex.org/snapshot/panlex-20191001-csv/1573#50086005>		"mare"@la	
"штун кІул"@tab	<https://panlex.org/snapshot/panlex-20191001-csv/1573#50089141>				<https://panlex.org/snapshot/panlex-20191001-csv/1573#50089033>		"fōns"@la	
"штун кІул"@tab	<https://panlex.org/snapshot/panlex-20191001-csv/1573#50089141>				<https://panlex.org/snapshot/panlex-20191001-csv/1573#50089034>		"puteus"@la	
"бушуруг"@tab	<https://panlex.org/snapshot/panlex-20191001-csv/1573#50082829>				<https://panlex.org/snapshot/panlex-20191001-csv/1573#50082741>		"pulvis"@la	
"гьялапуб"@tab	<https://panlex.org/snapshot/panlex-20191001-csv/1573#50086443>				<https://panlex.org/snapshot/panlex-20191001-csv/1573#50086396>		"mare"@la	
"гьялапуб"@tab	<https://panlex.org/snapshot/panlex-20191001-csv/1573#50086443>				<https://panlex.org/snapshot/panlex-20191001-csv/1573#50086395>		"aequor turbidum"@la	
"уьлке"@tab	<https://panlex.org/snapshot/panlex-20191001-csv/1573#50082236>				<https://panlex.org/snapshot/panlex-20191001-csv/1573#50082126>		"terra"@la	
"уьлке"@tab	<https://panlex.org/snapshot/panlex-20191001-csv/1573#50082236>				<https://panlex.org/snapshot/panlex-20191001-csv/1573#50082124>		"humus"@la	
"уьлке"@tab	<https://panlex.org/snapshot/panlex-20191001-csv/1573#50082236>				<https://panlex.org/snapshot/panlex-20191001-csv/1573#50082125>		"tellūs"@la	
"гъарз"@tab	<https://panlex.org/snapshot/panlex-20191001-csv/1573#50084075>				<https://panlex.org/snapshot/panlex-20191001-csv/1573#50084000>		"cautēs"@la	
"яркур"@tab	<https://panlex.org/snapshot/panlex-20191001-csv/1573#50089879>				<https://panlex.org/snapshot/panlex-20191001-csv/1573#50089785>		"silva"@la	
"ватан"@tab	<https://panlex.org/snapshot/panlex-20191001-csv/1573#50082232>				<https://panlex.org/snapshot/panlex-20191001-csv/1573#50082126>		"terra"@la	
"ватан"@tab	<https://panlex.org/snapshot/panlex-20191001-csv/1573#50082232>				<https://panlex.org/snapshot/panlex-20191001-csv/1573#50082124>		"humus"@la	
"ватан"@tab	<https://panlex.org/snapshot/panlex-20191001-csv/1573#50082232>				<https://panlex.org/snapshot/panlex-20191001-csv/1573#50082125>		"tellūs"@la	
"гьявуз"@tab	<https://panlex.org/snapshot/panlex-20191001-csv/1573#50089410>				<https://panlex.org/snapshot/panlex-20191001-csv/1573#50089332>		"palūs"@la	
"дюнья"@tab	<https://panlex.org/snapshot/panlex-20191001-csv/1573#50081901>				<https://panlex.org/snapshot/panlex-20191001-csv/1573#50081831>		"mundus"@la	
"океан"@tab	<https://panlex.org/snapshot/panlex-20191001-csv/1573#50086830>				<https://panlex.org/snapshot/panlex-20191001-csv/1573#50086779>		"ōceanus"@la	
"лепе"@tab	<https://panlex.org/snapshot/panlex-20191001-csv/1573#50087819>				<https://panlex.org/snapshot/panlex-20191001-csv/1573#50087739>		"fluctus"@la	
"лепе"@tab	<https://panlex.org/snapshot/panlex-20191001-csv/1573#50087819>				<https://panlex.org/snapshot/panlex-20191001-csv/1573#50087740>		"unda"@la	
"улубчІвуб"@tab	<https://panlex.org/snapshot/panlex-20191001-csv/1573#50088149>				<https://panlex.org/snapshot/panlex-20191001-csv/1573#50088113>		"aestus altus"@la	
"хутІил"@tab	<https://panlex.org/snapshot/panlex-20191001-csv/1573#50084421>				<https://panlex.org/snapshot/panlex-20191001-csv/1573#50084319>		"campus"@la	
"хутІил"@tab	<https://panlex.org/snapshot/panlex-20191001-csv/1573#50084421>				<https://panlex.org/snapshot/panlex-20191001-csv/1573#50084320>		"plānum"@la	
"зав"@tab	<https://panlex.org/snapshot/panlex-20191001-csv/1573#50091241>				<https://panlex.org/snapshot/panlex-20191001-csv/1573#50091163>		"caelum"@la	
"шар удучІвру йишв"@tab	<https://panlex.org/snapshot/panlex-20191001-csv/1573#50089144>				<https://panlex.org/snapshot/panlex-20191001-csv/1573#50089033>		"fōns"@la	
"шар удучІвру йишв"@tab	<https://panlex.org/snapshot/panlex-20191001-csv/1573#50089144>				<https://panlex.org/snapshot/panlex-20191001-csv/1573#50089034>		"puteus"@la	
"сив"@tab	<https://panlex.org/snapshot/panlex-20191001-csv/1573#50083759>				<https://panlex.org/snapshot/panlex-20191001-csv/1573#50083642>		"clīvus"@la	
"сив"@tab	<https://panlex.org/snapshot/panlex-20191001-csv/1573#50083759>				<https://panlex.org/snapshot/panlex-20191001-csv/1573#50083643>		"collis"@la	
"сив"@tab	<https://panlex.org/snapshot/panlex-20191001-csv/1573#50083759>				<https://panlex.org/snapshot/panlex-20191001-csv/1573#50083644>		"mōns"@la	
"континент"@tab	<https://panlex.org/snapshot/panlex-20191001-csv/1573#50085029>				<https://panlex.org/snapshot/panlex-20191001-csv/1573#50084993>		"continēns"@la	
"шар"@tab	<https://panlex.org/snapshot/panlex-20191001-csv/1573#50085851>				<https://panlex.org/snapshot/panlex-20191001-csv/1573#50085764>		"aqua"@la	
"батІур"@tab	<https://panlex.org/snapshot/panlex-20191001-csv/1573#50083125>				<https://panlex.org/snapshot/panlex-20191001-csv/1573#50083036>		"lutum"@la	
"батІур"@tab	<https://panlex.org/snapshot/panlex-20191001-csv/1573#50083125>				<https://panlex.org/snapshot/panlex-20191001-csv/1573#50083035>		"caenum"@la	
"батІур"@tab	<https://panlex.org/snapshot/panlex-20191001-csv/1573#50083125>				<https://panlex.org/snapshot/panlex-20191001-csv/1573#50083037>		"līmus"@la	
"кьуриш"@tab	<https://panlex.org/snapshot/panlex-20191001-csv/1573#50083124>				<https://panlex.org/snapshot/panlex-20191001-csv/1573#50083036>		"lutum"@la	
"кьуриш"@tab	<https://panlex.org/snapshot/panlex-20191001-csv/1573#50083124>				<https://panlex.org/snapshot/panlex-20191001-csv/1573#50083035>		"caenum"@la	
"кьуриш"@tab	<https://panlex.org/snapshot/panlex-20191001-csv/1573#50083124>				<https://panlex.org/snapshot/panlex-20191001-csv/1573#50083037>		"līmus"@la	
"секин гьюл"@tab	<https://panlex.org/snapshot/panlex-20191001-csv/1573#50086270>				<https://panlex.org/snapshot/panlex-20191001-csv/1573#50086218>		"mare"@la	
"секин гьюл"@tab	<https://panlex.org/snapshot/panlex-20191001-csv/1573#50086270>				<https://panlex.org/snapshot/panlex-20191001-csv/1573#50086217>		"malacia"@la	
"секин гьюл"@tab	<https://panlex.org/snapshot/panlex-20191001-csv/1573#50086270>				<https://panlex.org/snapshot/panlex-20191001-csv/1573#50086216>		"aequor tranquillum"@la	
"гъум"@tab	<https://panlex.org/snapshot/panlex-20191001-csv/1573#50083371>				<https://panlex.org/snapshot/panlex-20191001-csv/1573#50083293>		"arēna"@la	
"гъум"@tab	<https://panlex.org/snapshot/panlex-20191001-csv/1573#50083371>				<https://panlex.org/snapshot/panlex-20191001-csv/1573#50083294>		"sabulō"@la	
"сел"@tab	<https://panlex.org/snapshot/panlex-20191001-csv/1573#50088563>				<https://panlex.org/snapshot/panlex-20191001-csv/1573#50088430>		"rīvus"@la	
"сел"@tab	<https://panlex.org/snapshot/panlex-20191001-csv/1573#50088563>				<https://panlex.org/snapshot/panlex-20191001-csv/1573#50088428>		"fluvius"@la	
"сел"@tab	<https://panlex.org/snapshot/panlex-20191001-csv/1573#50088563>				<https://panlex.org/snapshot/panlex-20191001-csv/1573#50088427>		"amnis"@la	
"сел"@tab	<https://panlex.org/snapshot/panlex-20191001-csv/1573#50088563>				<https://panlex.org/snapshot/panlex-20191001-csv/1573#50088429>		"flūmen"@la	
"каф"@tab	<https://panlex.org/snapshot/panlex-20191001-csv/1573#50086644>				<https://panlex.org/snapshot/panlex-20191001-csv/1573#50086574>		"spūma"@la	
"гъямишлугъ"@tab	<https://panlex.org/snapshot/panlex-20191001-csv/1573#50087357>				<https://panlex.org/snapshot/panlex-20191001-csv/1573#50087316>		"lacus"@la	
"хьар"@tab	<https://panlex.org/snapshot/panlex-20191001-csv/1573#50085598>				<https://panlex.org/snapshot/panlex-20191001-csv/1573#50085523>		"caverna"@la	
"хьар"@tab	<https://panlex.org/snapshot/panlex-20191001-csv/1573#50085598>				<https://panlex.org/snapshot/panlex-20191001-csv/1573#50085524>		"specus"@la	
"хьар"@tab	<https://panlex.org/snapshot/panlex-20191001-csv/1573#50085598>				<https://panlex.org/snapshot/panlex-20191001-csv/1573#50085525>		"spēlunca"@la	
"хьар"@tab	<https://panlex.org/snapshot/panlex-20191001-csv/1573#50085598>				<https://panlex.org/snapshot/panlex-20191001-csv/1573#50085522>		"antrum"@la	
"кІар"@tab	<https://panlex.org/snapshot/panlex-20191001-csv/1573#50089411>				<https://panlex.org/snapshot/panlex-20191001-csv/1573#50089332>		"palūs"@la	
"гъан"@tab	<https://panlex.org/snapshot/panlex-20191001-csv/1573#50090788>				<https://panlex.org/snapshot/panlex-20191001-csv/1573#50090655>		"lapis"@la	
"гъан"@tab	<https://panlex.org/snapshot/panlex-20191001-csv/1573#50090788>				<https://panlex.org/snapshot/panlex-20191001-csv/1573#50090657>		"saxum"@la	
"гъан"@tab	<https://panlex.org/snapshot/panlex-20191001-csv/1573#50090788>				<https://panlex.org/snapshot/panlex-20191001-csv/1573#50090656>		"petra"@la	
"нир"@tab	<https://panlex.org/snapshot/panlex-20191001-csv/1573#50088562>				<https://panlex.org/snapshot/panlex-20191001-csv/1573#50088430>		"rīvus"@la	
"нир"@tab	<https://panlex.org/snapshot/panlex-20191001-csv/1573#50088562>				<https://panlex.org/snapshot/panlex-20191001-csv/1573#50088428>		"fluvius"@la	
"нир"@tab	<https://panlex.org/snapshot/panlex-20191001-csv/1573#50088562>				<https://panlex.org/snapshot/panlex-20191001-csv/1573#50088427>		"amnis"@la	
"нир"@tab	<https://panlex.org/snapshot/panlex-20191001-csv/1573#50088562>				<https://panlex.org/snapshot/panlex-20191001-csv/1573#50088429>		"flūmen"@la	
"шиб илбицрушв"@tab	<https://panlex.org/snapshot/panlex-20191001-csv/1573#50088783>				<https://panlex.org/snapshot/panlex-20191001-csv/1573#50088731>		"vertex"@la	
"шиб илбицрушв"@tab	<https://panlex.org/snapshot/panlex-20191001-csv/1573#50088783>				<https://panlex.org/snapshot/panlex-20191001-csv/1573#50088730>		"gurges"@la	
"шиб илбицрушв"@tab	<https://panlex.org/snapshot/panlex-20191001-csv/1573#50088783>				<https://panlex.org/snapshot/panlex-20191001-csv/1573#50088732>		"vorāgō"@la	
"чІеэр айн йишв"@tab	<https://panlex.org/snapshot/panlex-20191001-csv/1573#50087359>				<https://panlex.org/snapshot/panlex-20191001-csv/1573#50087316>		"lacus"@la	
"дюзен"@tab	<https://panlex.org/snapshot/panlex-20191001-csv/1573#50084654>				<https://panlex.org/snapshot/panlex-20191001-csv/1573#50084590>		"vallēs"@la	
"булагъ"@tab	<https://panlex.org/snapshot/panlex-20191001-csv/1573#50089142>				<https://panlex.org/snapshot/panlex-20191001-csv/1573#50089033>		"fōns"@la	
"булагъ"@tab	<https://panlex.org/snapshot/panlex-20191001-csv/1573#50089142>				<https://panlex.org/snapshot/panlex-20191001-csv/1573#50089034>		"puteus"@la	
"къум"@tab	<https://panlex.org/snapshot/panlex-20191001-csv/1573#50083372>				<https://panlex.org/snapshot/panlex-20191001-csv/1573#50083293>		"arēna"@la	
"къум"@tab	<https://panlex.org/snapshot/panlex-20191001-csv/1573#50083372>				<https://panlex.org/snapshot/panlex-20191001-csv/1573#50083294>		"sabulō"@la	
"уьлке"@tab	<https://panlex.org/snapshot/panlex-20191001-csv/1573#50082240>				<https://panlex.org/snapshot/panlex-20191001-csv/1573#50082126>		"terra"@la	
"уьлке"@tab	<https://panlex.org/snapshot/panlex-20191001-csv/1573#50082240>				<https://panlex.org/snapshot/panlex-20191001-csv/1573#50082124>		"humus"@la	
"уьлке"@tab	<https://panlex.org/snapshot/panlex-20191001-csv/1573#50082240>				<https://panlex.org/snapshot/panlex-20191001-csv/1573#50082125>		"tellūs"@la	
"кьуруш"@tab	<https://panlex.org/snapshot/panlex-20191001-csv/1573#50083126>				<https://panlex.org/snapshot/panlex-20191001-csv/1573#50083036>		"lutum"@la	
"кьуруш"@tab	<https://panlex.org/snapshot/panlex-20191001-csv/1573#50083126>				<https://panlex.org/snapshot/panlex-20191001-csv/1573#50083035>		"caenum"@la	
"кьуруш"@tab	<https://panlex.org/snapshot/panlex-20191001-csv/1573#50083126>				<https://panlex.org/snapshot/panlex-20191001-csv/1573#50083037>		"līmus"@la	
"дюз йишв"@tab	<https://panlex.org/snapshot/panlex-20191001-csv/1573#50084420>				<https://panlex.org/snapshot/panlex-20191001-csv/1573#50084319>		"campus"@la	
"дюз йишв"@tab	<https://panlex.org/snapshot/panlex-20191001-csv/1573#50084420>				<https://panlex.org/snapshot/panlex-20191001-csv/1573#50084320>		"plānum"@la	
"дарг"@tab	<https://panlex.org/snapshot/panlex-20191001-csv/1573#50085340>				<https://panlex.org/snapshot/panlex-20191001-csv/1573#50085230>		"rīpa"@la	
"дарг"@tab	<https://panlex.org/snapshot/panlex-20191001-csv/1573#50085340>				<https://panlex.org/snapshot/panlex-20191001-csv/1573#50085231>		"ōra"@la	
"дарг"@tab	<https://panlex.org/snapshot/panlex-20191001-csv/1573#50085340>				<https://panlex.org/snapshot/panlex-20191001-csv/1573#50085229>		"lītus"@la	
"дубсугъван"@tab	<https://panlex.org/snapshot/panlex-20191001-csv/1573#50084076>				<https://panlex.org/snapshot/panlex-20191001-csv/1573#50084000>		"cautēs"@la	
"дагъдин кьал"@tab	<https://panlex.org/snapshot/panlex-20191001-csv/1573#50084078>				<https://panlex.org/snapshot/panlex-20191001-csv/1573#50084000>		"cautēs"@la	
"гъван"@tab	<https://panlex.org/snapshot/panlex-20191001-csv/1573#50090785>				<https://panlex.org/snapshot/panlex-20191001-csv/1573#50090655>		"lapis"@la	
"гъван"@tab	<https://panlex.org/snapshot/panlex-20191001-csv/1573#50090785>				<https://panlex.org/snapshot/panlex-20191001-csv/1573#50090657>		"saxum"@la	
"гъван"@tab	<https://panlex.org/snapshot/panlex-20191001-csv/1573#50090785>				<https://panlex.org/snapshot/panlex-20191001-csv/1573#50090656>		"petra"@la	
"кьяляхъ гъябгъюб"@tab	<https://panlex.org/snapshot/panlex-20191001-csv/1573#50088042>				<https://panlex.org/snapshot/panlex-20191001-csv/1573#50088004>		"aestus minuēns"@la	
"шар кьяляхъ хъараькув"@tab	<https://panlex.org/snapshot/panlex-20191001-csv/1573#50088044>				<https://panlex.org/snapshot/panlex-20191001-csv/1573#50088004>		"aestus minuēns"@la	
"гъун"@tab	<https://panlex.org/snapshot/panlex-20191001-csv/1573#50083757>				<https://panlex.org/snapshot/panlex-20191001-csv/1573#50083642>		"clīvus"@la	
"гъун"@tab	<https://panlex.org/snapshot/panlex-20191001-csv/1573#50083757>				<https://panlex.org/snapshot/panlex-20191001-csv/1573#50083643>		"collis"@la	
"гъун"@tab	<https://panlex.org/snapshot/panlex-20191001-csv/1573#50083757>				<https://panlex.org/snapshot/panlex-20191001-csv/1573#50083644>		"mōns"@la	
"булагъ"@tab	<https://panlex.org/snapshot/panlex-20191001-csv/1573#50089139>				<https://panlex.org/snapshot/panlex-20191001-csv/1573#50089033>		"fōns"@la	
"булагъ"@tab	<https://panlex.org/snapshot/panlex-20191001-csv/1573#50089139>				<https://panlex.org/snapshot/panlex-20191001-csv/1573#50089034>		"puteus"@la	
"зав"@tab	<https://panlex.org/snapshot/panlex-20191001-csv/1573#50091240>				<https://panlex.org/snapshot/panlex-20191001-csv/1573#50091163>		"caelum"@la	
"кевшан"@tab	<https://panlex.org/snapshot/panlex-20191001-csv/1573#50082235>				<https://panlex.org/snapshot/panlex-20191001-csv/1573#50082126>		"terra"@la	
"кевшан"@tab	<https://panlex.org/snapshot/panlex-20191001-csv/1573#50082235>				<https://panlex.org/snapshot/panlex-20191001-csv/1573#50082124>		"humus"@la	
"кевшан"@tab	<https://panlex.org/snapshot/panlex-20191001-csv/1573#50082235>				<https://panlex.org/snapshot/panlex-20191001-csv/1573#50082125>		"tellūs"@la	
"гьар"@tab	<https://panlex.org/snapshot/panlex-20191001-csv/1573#50090143>				<https://panlex.org/snapshot/panlex-20191001-csv/1573#50090063>		"arbor"@la	
"дюзен"@tab	<https://panlex.org/snapshot/panlex-20191001-csv/1573#50084652>				<https://panlex.org/snapshot/panlex-20191001-csv/1573#50084590>		"vallēs"@la	
"дюзен"@tab	<https://panlex.org/snapshot/panlex-20191001-csv/1573#50084416>				<https://panlex.org/snapshot/panlex-20191001-csv/1573#50084319>		"campus"@la	
"дюзен"@tab	<https://panlex.org/snapshot/panlex-20191001-csv/1573#50084416>				<https://panlex.org/snapshot/panlex-20191001-csv/1573#50084320>		"plānum"@la	
"гъизгъин гьюл"@tab	<https://panlex.org/snapshot/panlex-20191001-csv/1573#50086442>				<https://panlex.org/snapshot/panlex-20191001-csv/1573#50086396>		"mare"@la	
"гъизгъин гьюл"@tab	<https://panlex.org/snapshot/panlex-20191001-csv/1573#50086442>				<https://panlex.org/snapshot/panlex-20191001-csv/1573#50086395>		"aequor turbidum"@la	
"континент"@tab	<https://panlex.org/snapshot/panlex-20191001-csv/1573#50085030>				<https://panlex.org/snapshot/panlex-20191001-csv/1573#50084993>		"continēns"@la	
"кьул"@tab	<https://panlex.org/snapshot/panlex-20191001-csv/1573#50090787>				<https://panlex.org/snapshot/panlex-20191001-csv/1573#50090655>		"lapis"@la	
"кьул"@tab	<https://panlex.org/snapshot/panlex-20191001-csv/1573#50090787>				<https://panlex.org/snapshot/panlex-20191001-csv/1573#50090657>		"saxum"@la	
"кьул"@tab	<https://panlex.org/snapshot/panlex-20191001-csv/1573#50090787>				<https://panlex.org/snapshot/panlex-20191001-csv/1573#50090656>		"petra"@la	
"сел"@tab	<https://panlex.org/snapshot/panlex-20191001-csv/1573#50088566>				<https://panlex.org/snapshot/panlex-20191001-csv/1573#50088430>		"rīvus"@la	
"сел"@tab	<https://panlex.org/snapshot/panlex-20191001-csv/1573#50088566>				<https://panlex.org/snapshot/panlex-20191001-csv/1573#50088428>		"fluvius"@la	
"сел"@tab	<https://panlex.org/snapshot/panlex-20191001-csv/1573#50088566>				<https://panlex.org/snapshot/panlex-20191001-csv/1573#50088427>		"amnis"@la	
"сел"@tab	<https://panlex.org/snapshot/panlex-20191001-csv/1573#50088566>				<https://panlex.org/snapshot/panlex-20191001-csv/1573#50088429>		"flūmen"@la	
"жилар тІурччвуб"@tab	<https://panlex.org/snapshot/panlex-20191001-csv/1573#50091000>				<https://panlex.org/snapshot/panlex-20191001-csv/1573#50090953>		"concussiō"@la	
"лебчинай"@tab	<https://panlex.org/snapshot/panlex-20191001-csv/1573#50089604>				<https://panlex.org/snapshot/panlex-20191001-csv/1573#50089557>		"casicāre"@la	
"гъяргъял"@tab	<https://panlex.org/snapshot/panlex-20191001-csv/1573#50090790>				<https://panlex.org/snapshot/panlex-20191001-csv/1573#50090655>		"lapis"@la	
"гъяргъял"@tab	<https://panlex.org/snapshot/panlex-20191001-csv/1573#50090790>				<https://panlex.org/snapshot/panlex-20191001-csv/1573#50090657>		"saxum"@la	
"гъяргъял"@tab	<https://panlex.org/snapshot/panlex-20191001-csv/1573#50090790>				<https://panlex.org/snapshot/panlex-20191001-csv/1573#50090656>		"petra"@la	
"шар улувчІвув"@tab	<https://panlex.org/snapshot/panlex-20191001-csv/1573#50088150>				<https://panlex.org/snapshot/panlex-20191001-csv/1573#50088113>		"aestus altus"@la	
"гакІул"@tab	<https://panlex.org/snapshot/panlex-20191001-csv/1573#50090395>				<https://panlex.org/snapshot/panlex-20191001-csv/1573#50090318>		"māteria"@la	
"дагар"@tab	<https://panlex.org/snapshot/panlex-20191001-csv/1573#50087358>				<https://panlex.org/snapshot/panlex-20191001-csv/1573#50087316>		"lacus"@la	
"дагар"@tab	<https://panlex.org/snapshot/panlex-20191001-csv/1573#50087070>				<https://panlex.org/snapshot/panlex-20191001-csv/1573#50086993>		"lacus"@la	
"гьюлин кьялаъ жил"@tab	<https://panlex.org/snapshot/panlex-20191001-csv/1573#50084867>				<https://panlex.org/snapshot/panlex-20191001-csv/1573#50084803>		"īnsula"@la	
"яваш гьюл"@tab	<https://panlex.org/snapshot/panlex-20191001-csv/1573#50086271>				<https://panlex.org/snapshot/panlex-20191001-csv/1573#50086218>		"mare"@la	
"яваш гьюл"@tab	<https://panlex.org/snapshot/panlex-20191001-csv/1573#50086271>				<https://panlex.org/snapshot/panlex-20191001-csv/1573#50086217>		"malacia"@la	
"яваш гьюл"@tab	<https://panlex.org/snapshot/panlex-20191001-csv/1573#50086271>				<https://panlex.org/snapshot/panlex-20191001-csv/1573#50086216>		"aequor tranquillum"@la	
"мяслягьят"@tab	<https://panlex.org/snapshot/panlex-20191001-csv/1573#50081903>				<https://panlex.org/snapshot/panlex-20191001-csv/1573#50081831>		"mundus"@la	
"бишшируг"@tab	<https://panlex.org/snapshot/panlex-20191001-csv/1573#50082830>				<https://panlex.org/snapshot/panlex-20191001-csv/1573#50082741>		"pulvis"@la	
"бицІинир"@tab	<https://panlex.org/snapshot/panlex-20191001-csv/1573#50088564>				<https://panlex.org/snapshot/panlex-20191001-csv/1573#50088430>		"rīvus"@la	
"бицІинир"@tab	<https://panlex.org/snapshot/panlex-20191001-csv/1573#50088564>				<https://panlex.org/snapshot/panlex-20191001-csv/1573#50088428>		"fluvius"@la	
"бицІинир"@tab	<https://panlex.org/snapshot/panlex-20191001-csv/1573#50088564>				<https://panlex.org/snapshot/panlex-20191001-csv/1573#50088427>		"amnis"@la	
"бицІинир"@tab	<https://panlex.org/snapshot/panlex-20191001-csv/1573#50088564>				<https://panlex.org/snapshot/panlex-20191001-csv/1573#50088429>		"flūmen"@la	
"чюл"@tab	<https://panlex.org/snapshot/panlex-20191001-csv/1573#50084653>				<https://panlex.org/snapshot/panlex-20191001-csv/1573#50084590>		"vallēs"@la	
"чюл"@tab	<https://panlex.org/snapshot/panlex-20191001-csv/1573#50084419>				<https://panlex.org/snapshot/panlex-20191001-csv/1573#50084319>		"campus"@la	
"чюл"@tab	<https://panlex.org/snapshot/panlex-20191001-csv/1573#50084419>				<https://panlex.org/snapshot/panlex-20191001-csv/1573#50084320>		"plānum"@la	
"жил"@tab	<https://panlex.org/snapshot/panlex-20191001-csv/1573#50082239>				<https://panlex.org/snapshot/panlex-20191001-csv/1573#50082126>		"terra"@la	
"жил"@tab	<https://panlex.org/snapshot/panlex-20191001-csv/1573#50082239>				<https://panlex.org/snapshot/panlex-20191001-csv/1573#50082124>		"humus"@la	
"жил"@tab	<https://panlex.org/snapshot/panlex-20191001-csv/1573#50082239>				<https://panlex.org/snapshot/panlex-20191001-csv/1573#50082125>		"tellūs"@la	
"жил"@tab	<https://panlex.org/snapshot/panlex-20191001-csv/1573#50082559>				<https://panlex.org/snapshot/panlex-20191001-csv/1573#50082455>		"solum"@la	
"вилаят"@tab	<https://panlex.org/snapshot/panlex-20191001-csv/1573#50082233>				<https://panlex.org/snapshot/panlex-20191001-csv/1573#50082126>		"terra"@la	
"вилаят"@tab	<https://panlex.org/snapshot/panlex-20191001-csv/1573#50082233>				<https://panlex.org/snapshot/panlex-20191001-csv/1573#50082124>		"humus"@la	
"вилаят"@tab	<https://panlex.org/snapshot/panlex-20191001-csv/1573#50082233>				<https://panlex.org/snapshot/panlex-20191001-csv/1573#50082125>		"tellūs"@la	
"батлагъ"@tab	<https://panlex.org/snapshot/panlex-20191001-csv/1573#50089408>				<https://panlex.org/snapshot/panlex-20191001-csv/1573#50089332>		"palūs"@la	
"гьялакуб"@tab	<https://panlex.org/snapshot/panlex-20191001-csv/1573#50086440>				<https://panlex.org/snapshot/panlex-20191001-csv/1573#50086396>		"mare"@la	
"гьялакуб"@tab	<https://panlex.org/snapshot/panlex-20191001-csv/1573#50086440>				<https://panlex.org/snapshot/panlex-20191001-csv/1573#50086395>		"aequor turbidum"@la	
"дагъ"@tab	<https://panlex.org/snapshot/panlex-20191001-csv/1573#50083758>				<https://panlex.org/snapshot/panlex-20191001-csv/1573#50083642>		"clīvus"@la	
"дагъ"@tab	<https://panlex.org/snapshot/panlex-20191001-csv/1573#50083758>				<https://panlex.org/snapshot/panlex-20191001-csv/1573#50083643>		"collis"@la	
"дагъ"@tab	<https://panlex.org/snapshot/panlex-20191001-csv/1573#50083758>				<https://panlex.org/snapshot/panlex-20191001-csv/1573#50083644>		"mōns"@la	
"гъирагъ"@tab	<https://panlex.org/snapshot/panlex-20191001-csv/1573#50085341>				<https://panlex.org/snapshot/panlex-20191001-csv/1573#50085230>		"rīpa"@la	
"гъирагъ"@tab	<https://panlex.org/snapshot/panlex-20191001-csv/1573#50085341>				<https://panlex.org/snapshot/panlex-20191001-csv/1573#50085231>		"ōra"@la	
"гъирагъ"@tab	<https://panlex.org/snapshot/panlex-20191001-csv/1573#50085341>				<https://panlex.org/snapshot/panlex-20191001-csv/1573#50085229>		"lītus"@la	
"кьал"@tab	<https://panlex.org/snapshot/panlex-20191001-csv/1573#50084077>				<https://panlex.org/snapshot/panlex-20191001-csv/1573#50084000>		"cautēs"@la	
"дюнʼя"@tab	<https://panlex.org/snapshot/panlex-20191001-csv/1573#50081899>				<https://panlex.org/snapshot/panlex-20191001-csv/1573#50081831>		"mundus"@la	
"гъарз"@tab	<https://panlex.org/snapshot/panlex-20191001-csv/1573#50090789>				<https://panlex.org/snapshot/panlex-20191001-csv/1573#50090655>		"lapis"@la	
"гъарз"@tab	<https://panlex.org/snapshot/panlex-20191001-csv/1573#50090789>				<https://panlex.org/snapshot/panlex-20191001-csv/1573#50090657>		"saxum"@la	
"гъарз"@tab	<https://panlex.org/snapshot/panlex-20191001-csv/1573#50090789>				<https://panlex.org/snapshot/panlex-20191001-csv/1573#50090656>		"petra"@la	
"къуйи"@tab	<https://panlex.org/snapshot/panlex-20191001-csv/1573#50089143>				<https://panlex.org/snapshot/panlex-20191001-csv/1573#50089033>		"fōns"@la	
"къуйи"@tab	<https://panlex.org/snapshot/panlex-20191001-csv/1573#50089143>				<https://panlex.org/snapshot/panlex-20191001-csv/1573#50089034>		"puteus"@la	
"ислягьвал"@tab	<https://panlex.org/snapshot/panlex-20191001-csv/1573#50081900>				<https://panlex.org/snapshot/panlex-20191001-csv/1573#50081831>		"mundus"@la	
"каф"@tab	<https://panlex.org/snapshot/panlex-20191001-csv/1573#50086643>				<https://panlex.org/snapshot/panlex-20191001-csv/1573#50086574>		"spūma"@la	
"хьар"@tab	<https://panlex.org/snapshot/panlex-20191001-csv/1573#50085597>				<https://panlex.org/snapshot/panlex-20191001-csv/1573#50085523>		"caverna"@la	
"хьар"@tab	<https://panlex.org/snapshot/panlex-20191001-csv/1573#50085597>				<https://panlex.org/snapshot/panlex-20191001-csv/1573#50085524>		"specus"@la	
"хьар"@tab	<https://panlex.org/snapshot/panlex-20191001-csv/1573#50085597>				<https://panlex.org/snapshot/panlex-20191001-csv/1573#50085525>		"spēlunca"@la	
"хьар"@tab	<https://panlex.org/snapshot/panlex-20191001-csv/1573#50085597>				<https://panlex.org/snapshot/panlex-20191001-csv/1573#50085522>		"antrum"@la	
"гьявуз"@tab	<https://panlex.org/snapshot/panlex-20191001-csv/1573#50089409>				<https://panlex.org/snapshot/panlex-20191001-csv/1573#50089332>		"palūs"@la	
"гьар"@tab	<https://panlex.org/snapshot/panlex-20191001-csv/1573#50090144>				<https://panlex.org/snapshot/panlex-20191001-csv/1573#50090063>		"arbor"@la	
"дагар"@tab	<https://panlex.org/snapshot/panlex-20191001-csv/1573#50087069>				<https://panlex.org/snapshot/panlex-20191001-csv/1573#50086993>		"lacus"@la	
"лепе"@tab	<https://panlex.org/snapshot/panlex-20191001-csv/1573#50087820>				<https://panlex.org/snapshot/panlex-20191001-csv/1573#50087739>		"fluctus"@la	
"лепе"@tab	<https://panlex.org/snapshot/panlex-20191001-csv/1573#50087820>				<https://panlex.org/snapshot/panlex-20191001-csv/1573#50087740>		"unda"@la	
"гъварз"@tab	<https://panlex.org/snapshot/panlex-20191001-csv/1573#50090786>				<https://panlex.org/snapshot/panlex-20191001-csv/1573#50090655>		"lapis"@la	
"гъварз"@tab	<https://panlex.org/snapshot/panlex-20191001-csv/1573#50090786>				<https://panlex.org/snapshot/panlex-20191001-csv/1573#50090657>		"saxum"@la	
"гъварз"@tab	<https://panlex.org/snapshot/panlex-20191001-csv/1573#50090786>				<https://panlex.org/snapshot/panlex-20191001-csv/1573#50090656>		"petra"@la	
"дагъ"@tab	<https://panlex.org/snapshot/panlex-20191001-csv/1573#50083761>				<https://panlex.org/snapshot/panlex-20191001-csv/1573#50083642>		"clīvus"@la	
"дагъ"@tab	<https://panlex.org/snapshot/panlex-20191001-csv/1573#50083761>				<https://panlex.org/snapshot/panlex-20191001-csv/1573#50083643>		"collis"@la	
"дагъ"@tab	<https://panlex.org/snapshot/panlex-20191001-csv/1573#50083761>				<https://panlex.org/snapshot/panlex-20191001-csv/1573#50083644>		"mōns"@la	
"руг"@tab	<https://panlex.org/snapshot/panlex-20191001-csv/1573#50082558>				<https://panlex.org/snapshot/panlex-20191001-csv/1573#50082455>		"solum"@la	
"кІакІул"@tab	<https://panlex.org/snapshot/panlex-20191001-csv/1573#50090396>				<https://panlex.org/snapshot/panlex-20191001-csv/1573#50090318>		"māteria"@la	
"кьар"@tab	<https://panlex.org/snapshot/panlex-20191001-csv/1573#50086645>				<https://panlex.org/snapshot/panlex-20191001-csv/1573#50086574>		"spūma"@la	
"шиб убсрушв"@tab	<https://panlex.org/snapshot/panlex-20191001-csv/1573#50089603>				<https://panlex.org/snapshot/panlex-20191001-csv/1573#50089557>		"casicāre"@la	
"секинсузуб"@tab	<https://panlex.org/snapshot/panlex-20191001-csv/1573#50086441>				<https://panlex.org/snapshot/panlex-20191001-csv/1573#50086396>		"mare"@la	
"секинсузуб"@tab	<https://panlex.org/snapshot/panlex-20191001-csv/1573#50086441>				<https://panlex.org/snapshot/panlex-20191001-csv/1573#50086395>		"aequor turbidum"@la	
"гьюлин кьялаъ жил"@tab	<https://panlex.org/snapshot/panlex-20191001-csv/1573#50084868>				<https://panlex.org/snapshot/panlex-20191001-csv/1573#50084803>		"īnsula"@la	
"юрд"@tab	<https://panlex.org/snapshot/panlex-20191001-csv/1573#50082237>				<https://panlex.org/snapshot/panlex-20191001-csv/1573#50082126>		"terra"@la	
"юрд"@tab	<https://panlex.org/snapshot/panlex-20191001-csv/1573#50082237>				<https://panlex.org/snapshot/panlex-20191001-csv/1573#50082124>		"humus"@la	
"юрд"@tab	<https://panlex.org/snapshot/panlex-20191001-csv/1573#50082237>				<https://panlex.org/snapshot/panlex-20191001-csv/1573#50082125>		"tellūs"@la	
"шид"@tab	<https://panlex.org/snapshot/panlex-20191001-csv/1573#50085850>				<https://panlex.org/snapshot/panlex-20191001-csv/1573#50085764>		"aqua"@la	
"гъирагъдихъ йишв"@tab	<https://panlex.org/snapshot/panlex-20191001-csv/1573#50085342>				<https://panlex.org/snapshot/panlex-20191001-csv/1573#50085230>		"rīpa"@la	
"гъирагъдихъ йишв"@tab	<https://panlex.org/snapshot/panlex-20191001-csv/1573#50085342>				<https://panlex.org/snapshot/panlex-20191001-csv/1573#50085231>		"ōra"@la	
"гъирагъдихъ йишв"@tab	<https://panlex.org/snapshot/panlex-20191001-csv/1573#50085342>				<https://panlex.org/snapshot/panlex-20191001-csv/1573#50085229>		"lītus"@la	
"бицІи нир"@tab	<https://panlex.org/snapshot/panlex-20191001-csv/1573#50088561>				<https://panlex.org/snapshot/panlex-20191001-csv/1573#50088430>		"rīvus"@la	
"бицІи нир"@tab	<https://panlex.org/snapshot/panlex-20191001-csv/1573#50088561>				<https://panlex.org/snapshot/panlex-20191001-csv/1573#50088428>		"fluvius"@la	
"бицІи нир"@tab	<https://panlex.org/snapshot/panlex-20191001-csv/1573#50088561>				<https://panlex.org/snapshot/panlex-20191001-csv/1573#50088427>		"amnis"@la	
"бицІи нир"@tab	<https://panlex.org/snapshot/panlex-20191001-csv/1573#50088561>				<https://panlex.org/snapshot/panlex-20191001-csv/1573#50088429>		"flūmen"@la	
"жил"@tab	<https://panlex.org/snapshot/panlex-20191001-csv/1573#50082557>				<https://panlex.org/snapshot/panlex-20191001-csv/1573#50082455>		"solum"@la	
"жил"@tab	<https://panlex.org/snapshot/panlex-20191001-csv/1573#50082234>				<https://panlex.org/snapshot/panlex-20191001-csv/1573#50082126>		"terra"@la	
"жил"@tab	<https://panlex.org/snapshot/panlex-20191001-csv/1573#50082234>				<https://panlex.org/snapshot/panlex-20191001-csv/1573#50082124>		"humus"@la	
"жил"@tab	<https://panlex.org/snapshot/panlex-20191001-csv/1573#50082234>				<https://panlex.org/snapshot/panlex-20191001-csv/1573#50082125>		"tellūs"@la	
"хяр"@tab	<https://panlex.org/snapshot/panlex-20191001-csv/1573#50084422>				<https://panlex.org/snapshot/panlex-20191001-csv/1573#50084319>		"campus"@la	
"хяр"@tab	<https://panlex.org/snapshot/panlex-20191001-csv/1573#50084422>				<https://panlex.org/snapshot/panlex-20191001-csv/1573#50084320>		"plānum"@la	
"нир"@tab	<https://panlex.org/snapshot/panlex-20191001-csv/1573#50088565>				<https://panlex.org/snapshot/panlex-20191001-csv/1573#50088430>		"rīvus"@la	
"нир"@tab	<https://panlex.org/snapshot/panlex-20191001-csv/1573#50088565>				<https://panlex.org/snapshot/panlex-20191001-csv/1573#50088428>		"fluvius"@la	
"нир"@tab	<https://panlex.org/snapshot/panlex-20191001-csv/1573#50088565>				<https://panlex.org/snapshot/panlex-20191001-csv/1573#50088427>		"amnis"@la	
"нир"@tab	<https://panlex.org/snapshot/panlex-20191001-csv/1573#50088565>				<https://panlex.org/snapshot/panlex-20191001-csv/1573#50088429>		"flūmen"@la	
"ислягьвал"@tab	<https://panlex.org/snapshot/panlex-20191001-csv/1573#50081902>				<https://panlex.org/snapshot/panlex-20191001-csv/1573#50081831>		"mundus"@la	
"руг"@tab	<https://panlex.org/snapshot/panlex-20191001-csv/1573#50082560>				<https://panlex.org/snapshot/panlex-20191001-csv/1573#50082455>		"solum"@la	
"нирин)"@tab	<https://panlex.org/snapshot/panlex-20191001-csv/1573#50088043>				<https://panlex.org/snapshot/panlex-20191001-csv/1573#50088004>		"aestus minuēns"@la	
"ватан"@tab	<https://panlex.org/snapshot/panlex-20191001-csv/1573#50082238>				<https://panlex.org/snapshot/panlex-20191001-csv/1573#50082126>		"terra"@la	
"ватан"@tab	<https://panlex.org/snapshot/panlex-20191001-csv/1573#50082238>				<https://panlex.org/snapshot/panlex-20191001-csv/1573#50082124>		"humus"@la	
"ватан"@tab	<https://panlex.org/snapshot/panlex-20191001-csv/1573#50082238>				<https://panlex.org/snapshot/panlex-20191001-csv/1573#50082125>		"tellūs"@la	
"гьюл"@tab	<https://panlex.org/snapshot/panlex-20191001-csv/1573#50086081>				<https://panlex.org/snapshot/panlex-20191001-csv/1573#50086004>		"aequor"@la	
"гьюл"@tab	<https://panlex.org/snapshot/panlex-20191001-csv/1573#50086081>				<https://panlex.org/snapshot/panlex-20191001-csv/1573#50086005>		"mare"@la	
"тепе"@tab	<https://panlex.org/snapshot/panlex-20191001-csv/1573#50083760>				<https://panlex.org/snapshot/panlex-20191001-csv/1573#50083642>		"clīvus"@la	
"тепе"@tab	<https://panlex.org/snapshot/panlex-20191001-csv/1573#50083760>				<https://panlex.org/snapshot/panlex-20191001-csv/1573#50083643>		"collis"@la	
"тепе"@tab	<https://panlex.org/snapshot/panlex-20191001-csv/1573#50083760>				<https://panlex.org/snapshot/panlex-20191001-csv/1573#50083644>		"mōns"@la	
"сакитуб"@tab	<https://panlex.org/snapshot/panlex-20191001-csv/1573#50086268>				<https://panlex.org/snapshot/panlex-20191001-csv/1573#50086218>		"mare"@la	
"сакитуб"@tab	<https://panlex.org/snapshot/panlex-20191001-csv/1573#50086268>				<https://panlex.org/snapshot/panlex-20191001-csv/1573#50086217>		"malacia"@la	
"сакитуб"@tab	<https://panlex.org/snapshot/panlex-20191001-csv/1573#50086268>				<https://panlex.org/snapshot/panlex-20191001-csv/1573#50086216>		"aequor tranquillum"@la	
"хяр"@tab	<https://panlex.org/snapshot/panlex-20191001-csv/1573#50084418>				<https://panlex.org/snapshot/panlex-20191001-csv/1573#50084319>		"campus"@la	
"хяр"@tab	<https://panlex.org/snapshot/panlex-20191001-csv/1573#50084418>				<https://panlex.org/snapshot/panlex-20191001-csv/1573#50084320>		"plānum"@la	
"гьюлин гъирагъ"@tab	<https://panlex.org/snapshot/panlex-20191001-csv/1573#50085339>				<https://panlex.org/snapshot/panlex-20191001-csv/1573#50085230>		"rīpa"@la	
"гьюлин гъирагъ"@tab	<https://panlex.org/snapshot/panlex-20191001-csv/1573#50085339>				<https://panlex.org/snapshot/panlex-20191001-csv/1573#50085231>		"ōra"@la	
"гьюлин гъирагъ"@tab	<https://panlex.org/snapshot/panlex-20191001-csv/1573#50085339>				<https://panlex.org/snapshot/panlex-20191001-csv/1573#50085229>		"lītus"@la	
"бром"@tab	<https://panlex.org/snapshot/panlex-20191001-csv/2893#110993931>				<https://panlex.org/snapshot/panlex-20191001-csv/2893#110993850>		"bromium"@la	
"никель"@tab	<https://panlex.org/snapshot/panlex-20191001-csv/2893#110992989>				<https://panlex.org/snapshot/panlex-20191001-csv/2893#110993064>		"niccolum"@la	
"кремний"@tab	<https://panlex.org/snapshot/panlex-20191001-csv/2893#110991497>				<https://panlex.org/snapshot/panlex-20191001-csv/2893#110991618>		"silicium"@la	
"йод"@tab	<https://panlex.org/snapshot/panlex-20191001-csv/2893#110994711>				<https://panlex.org/snapshot/panlex-20191001-csv/2893#110994734>		"iodium"@la	
"аре"@tab	<https://panlex.org/snapshot/panlex-20191001-csv/2893#110994157>				<https://panlex.org/snapshot/panlex-20191001-csv/2893#110993980>		"argentum"@la	
"бор"@tab	<https://panlex.org/snapshot/panlex-20191001-csv/2893#110989767>				<https://panlex.org/snapshot/panlex-20191001-csv/2893#110989854>		"borium"@la	
"фосфор"@tab	<https://panlex.org/snapshot/panlex-20191001-csv/2893#110991698>				<https://panlex.org/snapshot/panlex-20191001-csv/2893#110991702>		"phosphorus"@la	
"йиф"@tab	<https://panlex.org/snapshot/panlex-20191001-csv/2893#110993211>				<https://panlex.org/snapshot/panlex-20191001-csv/2893#110993178>		"cuprum"@la	
"азот"@tab	<https://panlex.org/snapshot/panlex-20191001-csv/2893#110990176>				<https://panlex.org/snapshot/panlex-20191001-csv/2893#110990184>		"nitrogenium"@la	
"алюминий"@tab	<https://panlex.org/snapshot/panlex-20191001-csv/2893#110991264>				<https://panlex.org/snapshot/panlex-20191001-csv/2893#110991271>		"aluminium"@la	
"платина"@tab	<https://panlex.org/snapshot/panlex-20191001-csv/2893#110994961>				<https://panlex.org/snapshot/panlex-20191001-csv/2893#110995131>		"platinum"@la	
"гелий"@tab	<https://panlex.org/snapshot/panlex-20191001-csv/2893#110989505>				<https://panlex.org/snapshot/panlex-20191001-csv/2893#110989668>		"helium"@la	
"фтор"@tab	<https://panlex.org/snapshot/panlex-20191001-csv/2893#110990557>				<https://panlex.org/snapshot/panlex-20191001-csv/2893#110990601>		"fluorum"@la	
"кальций"@tab	<https://panlex.org/snapshot/panlex-20191001-csv/2893#110992451>				<https://panlex.org/snapshot/panlex-20191001-csv/2893#110992560>		"calcium"@la	
"хлор"@tab	<https://panlex.org/snapshot/panlex-20191001-csv/2893#110992177>				<https://panlex.org/snapshot/panlex-20191001-csv/2893#110992066>		"chlorium"@la	
"цинк"@tab	<https://panlex.org/snapshot/panlex-20191001-csv/2893#110993487>				<https://panlex.org/snapshot/panlex-20191001-csv/2893#110993537>		"zinkum"@la	
"магний"@tab	<https://panlex.org/snapshot/panlex-20191001-csv/2893#110991163>				<https://panlex.org/snapshot/panlex-20191001-csv/2893#110991170>		"magnesium"@la	
"уран"@tab	<https://panlex.org/snapshot/panlex-20191001-csv/2893#110995880>				<https://panlex.org/snapshot/panlex-20191001-csv/2893#110995930>		"uranium"@la	
"вольфрам"@tab	<https://panlex.org/snapshot/panlex-20191001-csv/2893#110994878>				<https://panlex.org/snapshot/panlex-20191001-csv/2893#110994890>		"wolframium"@la	
"мышьяк"@tab	<https://panlex.org/snapshot/panlex-20191001-csv/2893#110993740>				<https://panlex.org/snapshot/panlex-20191001-csv/2893#110993596>		"arsenicum"@la	
"сурьма"@tab	<https://panlex.org/snapshot/panlex-20191001-csv/2893#110994508>				<https://panlex.org/snapshot/panlex-20191001-csv/2893#110994468>		"stibium"@la	
"натрий"@tab	<https://panlex.org/snapshot/panlex-20191001-csv/2893#110990956>				<https://panlex.org/snapshot/panlex-20191001-csv/2893#110990889>		"natrium"@la	
"ртуть"@tab	<https://panlex.org/snapshot/panlex-20191001-csv/2893#110995504>				<https://panlex.org/snapshot/panlex-20191001-csv/2893#110995376>		"hydrargyrum"@la	
"водород"@tab	<https://panlex.org/snapshot/panlex-20191001-csv/2893#110989367>				<https://panlex.org/snapshot/panlex-20191001-csv/2893#110989413>		"hydrogenium"@la	
"углерод"@tab	<https://panlex.org/snapshot/panlex-20191001-csv/2893#110989860>				<https://panlex.org/snapshot/panlex-20191001-csv/2893#110989895>		"carbonium"@la	
"кислород"@tab	<https://panlex.org/snapshot/panlex-20191001-csv/2893#110990339>				<https://panlex.org/snapshot/panlex-20191001-csv/2893#110990444>		"oxygenium"@la	
"сера"@tab	<https://panlex.org/snapshot/panlex-20191001-csv/2893#110991948>				<https://panlex.org/snapshot/panlex-20191001-csv/2893#110991912>		"sulphurium"@la	
"рукь"@tab	<https://panlex.org/snapshot/panlex-20191001-csv/2893#110992728>				<https://panlex.org/snapshot/panlex-20191001-csv/2893#110992615>		"ferrum"@la	
"неон"@tab	<https://panlex.org/snapshot/panlex-20191001-csv/2893#110990683>				<https://panlex.org/snapshot/panlex-20191001-csv/2893#110990816>		"neon"@la	
"калий"@tab	<https://panlex.org/snapshot/panlex-20191001-csv/2893#110992228>				<https://panlex.org/snapshot/panlex-20191001-csv/2893#110992221>		"kalium"@la	
"гъизил"@tab	<https://panlex.org/snapshot/panlex-20191001-csv/2893#110995286>				<https://panlex.org/snapshot/panlex-20191001-csv/2893#110995290>		"aurum"@la	
"кобальт"@tab	<https://panlex.org/snapshot/panlex-20191001-csv/2893#110992805>				<https://panlex.org/snapshot/panlex-20191001-csv/2893#110992899>		"cobaltum"@la	
"Ассилу дару Паччагьлугъарин Дустлугъ"@tab	<https://panlex.org/snapshot/panlex-20191001-csv/2894#111099902>				<https://panlex.org/snapshot/panlex-20191001-csv/2894#111099963>		"Independentium Civitatum Foederatio"@la	
"итни"@tab	<https://panlex.org/snapshot/panlex-20191001-csv/2892#110824080>				<https://panlex.org/snapshot/panlex-20191001-csv/2892#110824058>		"dies Lunae"@la	
"итни"@tab	<https://panlex.org/snapshot/panlex-20191001-csv/2892#110824080>				<https://panlex.org/snapshot/panlex-20191001-csv/2892#110824205>		"secunda feria"@la	
"итни"@tab	<https://panlex.org/snapshot/panlex-20191001-csv/2892#110824080>				<https://panlex.org/snapshot/panlex-20191001-csv/2892#110824258>		"lunae dies"@la	
"киш"@tab	<https://panlex.org/snapshot/panlex-20191001-csv/2892#110826289>				<https://panlex.org/snapshot/panlex-20191001-csv/2892#110826548>		"sabbatum"@la	
"киш"@tab	<https://panlex.org/snapshot/panlex-20191001-csv/2892#110826289>				<https://panlex.org/snapshot/panlex-20191001-csv/2892#110826201>		"sabbatum"@la	
"киш"@tab	<https://panlex.org/snapshot/panlex-20191001-csv/2892#110826289>				<https://panlex.org/snapshot/panlex-20191001-csv/2892#110826493>		"dies Saturni"@la	
"гьербе"@tab	<https://panlex.org/snapshot/panlex-20191001-csv/2892#110824909>				<https://panlex.org/snapshot/panlex-20191001-csv/2892#110824946>		"dies Mercurii"@la	
"гьербе"@tab	<https://panlex.org/snapshot/panlex-20191001-csv/2892#110824909>				<https://panlex.org/snapshot/panlex-20191001-csv/2892#110825172>		"quarta feria"@la	
"гьербе"@tab	<https://panlex.org/snapshot/panlex-20191001-csv/2892#110824909>				<https://panlex.org/snapshot/panlex-20191001-csv/2892#110824882>		"mercurii dies"@la	
"гьербе"@tab	<https://panlex.org/snapshot/panlex-20191001-csv/2892#110824909>				<https://panlex.org/snapshot/panlex-20191001-csv/2892#110824947>		"media hebdomas"@la	
"элгьет"@tab	<https://panlex.org/snapshot/panlex-20191001-csv/2892#110827005>				<https://panlex.org/snapshot/panlex-20191001-csv/2892#110826723>		"dominica"@la	
"элгьет"@tab	<https://panlex.org/snapshot/panlex-20191001-csv/2892#110827005>				<https://panlex.org/snapshot/panlex-20191001-csv/2892#110826917>		"dominicus"@la	
"элгьет"@tab	<https://panlex.org/snapshot/panlex-20191001-csv/2892#110827005>				<https://panlex.org/snapshot/panlex-20191001-csv/2892#110826798>		"dies dominica"@la	
"элгьет"@tab	<https://panlex.org/snapshot/panlex-20191001-csv/2892#110827005>				<https://panlex.org/snapshot/panlex-20191001-csv/2892#110826745>		"dies Solis"@la	
"хамис"@tab	<https://panlex.org/snapshot/panlex-20191001-csv/2892#110825414>				<https://panlex.org/snapshot/panlex-20191001-csv/2892#110825574>		"iovis dies"@la	
"хамис"@tab	<https://panlex.org/snapshot/panlex-20191001-csv/2892#110825414>				<https://panlex.org/snapshot/panlex-20191001-csv/2892#110825489>		"dies Iovis"@la	
"хамис"@tab	<https://panlex.org/snapshot/panlex-20191001-csv/2892#110825414>				<https://panlex.org/snapshot/panlex-20191001-csv/2892#110825531>		"quinta feria"@la	
"шембе"@tab	<https://panlex.org/snapshot/panlex-20191001-csv/2892#110826499>				<https://panlex.org/snapshot/panlex-20191001-csv/2892#110826548>		"sabbatum"@la	
"шембе"@tab	<https://panlex.org/snapshot/panlex-20191001-csv/2892#110826499>				<https://panlex.org/snapshot/panlex-20191001-csv/2892#110826201>		"sabbatum"@la	
"шембе"@tab	<https://panlex.org/snapshot/panlex-20191001-csv/2892#110826499>				<https://panlex.org/snapshot/panlex-20191001-csv/2892#110826493>		"dies Saturni"@la	
"талат"@tab	<https://panlex.org/snapshot/panlex-20191001-csv/2892#110824507>				<https://panlex.org/snapshot/panlex-20191001-csv/2892#110824463>		"martis dies"@la	
"талат"@tab	<https://panlex.org/snapshot/panlex-20191001-csv/2892#110824507>				<https://panlex.org/snapshot/panlex-20191001-csv/2892#110824725>		"dies Martis"@la	
"талат"@tab	<https://panlex.org/snapshot/panlex-20191001-csv/2892#110824507>				<https://panlex.org/snapshot/panlex-20191001-csv/2892#110824449>		"tertia feria"@la	
"жвуми"@tab	<https://panlex.org/snapshot/panlex-20191001-csv/2892#110825912>				<https://panlex.org/snapshot/panlex-20191001-csv/2892#110826090>		"dies Veneris"@la	
"жвуми"@tab	<https://panlex.org/snapshot/panlex-20191001-csv/2892#110825912>				<https://panlex.org/snapshot/panlex-20191001-csv/2892#110825867>		"sexta feria"@la	
"жвуми"@tab	<https://panlex.org/snapshot/panlex-20191001-csv/2892#110825912>				<https://panlex.org/snapshot/panlex-20191001-csv/2892#110825982>		"veneris dies"@la	
"июль"@tab	<https://panlex.org/snapshot/panlex-20191001-csv/2897#110829847>				<https://panlex.org/snapshot/panlex-20191001-csv/2897#110829720>		"Iulius"@la	
"октябрь"@tab	<https://panlex.org/snapshot/panlex-20191001-csv/2897#110830888>				<https://panlex.org/snapshot/panlex-20191001-csv/2897#110830990>		"October"@la	
"август"@tab	<https://panlex.org/snapshot/panlex-20191001-csv/2897#110830092>				<https://panlex.org/snapshot/panlex-20191001-csv/2897#110830054>		"Augustus"@la	
"ноябрь"@tab	<https://panlex.org/snapshot/panlex-20191001-csv/2897#110831157>				<https://panlex.org/snapshot/panlex-20191001-csv/2897#110831247>		"November"@la	
"май"@tab	<https://panlex.org/snapshot/panlex-20191001-csv/2897#110828823>				<https://panlex.org/snapshot/panlex-20191001-csv/2897#110828724>		"Maius"@la	
"апрель"@tab	<https://panlex.org/snapshot/panlex-20191001-csv/2897#110828432>				<https://panlex.org/snapshot/panlex-20191001-csv/2897#110828524>		"Aprilis"@la	
"март"@tab	<https://panlex.org/snapshot/panlex-20191001-csv/2897#110828045>				<https://panlex.org/snapshot/panlex-20191001-csv/2897#110828018>		"Martius"@la	
"июнь"@tab	<https://panlex.org/snapshot/panlex-20191001-csv/2897#110829170>				<https://panlex.org/snapshot/panlex-20191001-csv/2897#110829196>		"Iunius"@la	
"январь"@tab	<https://panlex.org/snapshot/panlex-20191001-csv/2897#110827294>				<https://panlex.org/snapshot/panlex-20191001-csv/2897#110827056>		"Ianuarius"@la	
"февраль"@tab	<https://panlex.org/snapshot/panlex-20191001-csv/2897#110827503>				<https://panlex.org/snapshot/panlex-20191001-csv/2897#110827534>		"Februarius"@la	
"сентябрь"@tab	<https://panlex.org/snapshot/panlex-20191001-csv/2897#110830657>				<https://panlex.org/snapshot/panlex-20191001-csv/2897#110830495>		"September"@la	
"декабрь"@tab	<https://panlex.org/snapshot/panlex-20191001-csv/2897#110831916>				<https://panlex.org/snapshot/panlex-20191001-csv/2897#110831549>		"December"@la	
"Къавкъаз"@tab	<https://panlex.org/snapshot/panlex-20191001-csv/2896#110866326>				<https://panlex.org/snapshot/panlex-20191001-csv/2896#110866358>		"Caucasus"@la	
"Къавкъаз дагълар"@tab	<https://panlex.org/snapshot/panlex-20191001-csv/2896#110866298>				<https://panlex.org/snapshot/panlex-20191001-csv/2896#110866358>		"Caucasus"@la	
