"čːiw"@tab	<https://panlex.org/snapshot/panlex-20191001-csv/3975#51730326>				<https://panlex.org/snapshot/panlex-20191001-csv/3975#51730306>		"mò=lì"@nim	
"ʁʷalˈa-q"@tab	<https://panlex.org/snapshot/panlex-20191001-csv/3975#51735521>				<https://panlex.org/snapshot/panlex-20191001-csv/3975#51735490>		"píːpè"@nim	
"fu"@tab	<https://panlex.org/snapshot/panlex-20191001-csv/3975#51734542>				<https://panlex.org/snapshot/panlex-20191001-csv/3975#51734511>		"kyáːnì"@nim	
"fu"@tab	<https://panlex.org/snapshot/panlex-20191001-csv/3975#51734542>				<https://panlex.org/snapshot/panlex-20191001-csv/3975#51734512>		"lyáːnì"@nim	
"šib"@tab	<https://panlex.org/snapshot/panlex-20191001-csv/3975#51722320>				<https://panlex.org/snapshot/panlex-20191001-csv/3975#51722288>		"mó=sùmáːlì"@nim	
"raqːˤ"@tab	<https://panlex.org/snapshot/panlex-20191001-csv/3975#51730202>				<https://panlex.org/snapshot/panlex-20191001-csv/3975#51730174>		"=bàlàbálà"@nim	
"t=ˈuw-"@tab	<https://panlex.org/snapshot/panlex-20191001-csv/3975#51725248>				<https://panlex.org/snapshot/panlex-20191001-csv/3975#51725215>		"kù=pʸɛ́ɛ̀là"@nim	
"čʼar"@tab	<https://panlex.org/snapshot/panlex-20191001-csv/3975#51725660>				<https://panlex.org/snapshot/panlex-20191001-csv/3975#51725630>		"lò=tùmbè"@nim	
"tum"@tab	<https://panlex.org/snapshot/panlex-20191001-csv/3975#51731022>				<https://panlex.org/snapshot/panlex-20191001-csv/3975#51730995>		"m̀=bɛ́ò"@nim	
"bicʼˈi"@tab	<https://panlex.org/snapshot/panlex-20191001-csv/3975#51731633>				<https://panlex.org/snapshot/panlex-20191001-csv/3975#51731603>		"=dɔ́"@nim	
"žʷi"@tab	<https://panlex.org/snapshot/panlex-20191001-csv/3975#51727862>				<https://panlex.org/snapshot/panlex-20191001-csv/3975#51727831>		"mò=gɔ́ɔ̀šyá"@nim	
"d=ˈaq-"@tab	<https://panlex.org/snapshot/panlex-20191001-csv/3975#51727315>				<https://panlex.org/snapshot/panlex-20191001-csv/3975#51727283>		"kù=gʸɔ̀nà"@nim	
"marx"@tab	<https://panlex.org/snapshot/panlex-20191001-csv/3975#51729921>				<https://panlex.org/snapshot/panlex-20191001-csv/3975#51729895>		"m̀=búlà"@nim	
"tʼi=ʔiχ-ˈ"@tab	<https://panlex.org/snapshot/panlex-20191001-csv/3975#51724825>				<https://panlex.org/snapshot/panlex-20191001-csv/3975#51724803>		"kù=pùpùtà"@nim	
"kʼarˈu=likʼ"@tab	<https://panlex.org/snapshot/panlex-20191001-csv/3975#51727456>				<https://panlex.org/snapshot/panlex-20191001-csv/3975#51727433>		"=tʸémà"@nim	
"ruqːˤ"@tab	<https://panlex.org/snapshot/panlex-20191001-csv/3975#51720796>				<https://panlex.org/snapshot/panlex-20191001-csv/3975#51720773>		"mà=ú"@nim	
"эрми"@tab	<https://panlex.org/snapshot/panlex-20191001-csv/3975#51729777>				<https://panlex.org/snapshot/panlex-20191001-csv/3975#51729745>		"mò=ntò"@nim	
"qʼˈamqʼ-a"@tab	<https://panlex.org/snapshot/panlex-20191001-csv/3975#51726877>				<https://panlex.org/snapshot/panlex-20191001-csv/3975#51726850>		"=lʸúù"@nim	
"di=yiʁ-ˈ"@tab	<https://panlex.org/snapshot/panlex-20191001-csv/3975#51731917>				<https://panlex.org/snapshot/panlex-20191001-csv/3975#51731886>		"kù=yíːmèkà"@nim	
"čːʷur"@tab	<https://panlex.org/snapshot/panlex-20191001-csv/3975#51728717>				<https://panlex.org/snapshot/panlex-20191001-csv/3975#51728687>		"=líːnà"@nim	
"χˤul"@tab	<https://panlex.org/snapshot/panlex-20191001-csv/3975#51724273>				<https://panlex.org/snapshot/panlex-20191001-csv/3975#51724249>		"mà=kútà"@nim	
"bitʼ"@tab	<https://panlex.org/snapshot/panlex-20191001-csv/3975#51735934>				<https://panlex.org/snapshot/panlex-20191001-csv/3975#51735900>		"ǹ=zɔ́kà"@nim	
"ɢan"@tab	<https://panlex.org/snapshot/panlex-20191001-csv/3975#51732202>				<https://panlex.org/snapshot/panlex-20191001-csv/3975#51732176>		"=gʸùɛ̀"@nim	
"izˈu"@tab	<https://panlex.org/snapshot/panlex-20191001-csv/3975#51726580>				<https://panlex.org/snapshot/panlex-20191001-csv/3975#51726532>		"ènɛ̀"@nim	
"i-wˈi"@tab	<https://panlex.org/snapshot/panlex-20191001-csv/3975#51721763>				<https://panlex.org/snapshot/panlex-20191001-csv/3975#51721736>		"mɛ̀=gàlí"@nim	
"lik"@tab	<https://panlex.org/snapshot/panlex-20191001-csv/3975#51724975>				<https://panlex.org/snapshot/panlex-20191001-csv/3975#51724946>		"mò=gòlò"@nim	
"da-r"@tab	<https://panlex.org/snapshot/panlex-20191001-csv/3975#51729466>				<https://panlex.org/snapshot/panlex-20191001-csv/3975#51729425>		"sìká"@nim	
"qʼil"@tab	<https://panlex.org/snapshot/panlex-20191001-csv/3975#51735654>				<https://panlex.org/snapshot/panlex-20191001-csv/3975#51735628>		"mò=lɛ́ngɛ̀"@nim	
"kʼul"@tab	<https://panlex.org/snapshot/panlex-20191001-csv/3975#51725966>				<https://panlex.org/snapshot/panlex-20191001-csv/3975#51725936>		"=tʸúɛ̀"@nim	
"de=ʔˈeʔ-"@tab	<https://panlex.org/snapshot/panlex-20191001-csv/3975#51731181>				<https://panlex.org/snapshot/panlex-20191001-csv/3975#51731144>		"kò=kíkàlànsà"@nim	
"cʼˈi=gurgu-mi"@tab	<https://panlex.org/snapshot/panlex-20191001-csv/3975#51730433>				<https://panlex.org/snapshot/panlex-20191001-csv/3975#51730416>		"kò=kélìngà"@nim	
"yikʼ-"@tab	<https://panlex.org/snapshot/panlex-20191001-csv/3975#51726737>				<https://panlex.org/snapshot/panlex-20191001-csv/3975#51726710>		"kù=yólàgà"@nim	
"yikʼ-"@tab	<https://panlex.org/snapshot/panlex-20191001-csv/3975#51722917>				<https://panlex.org/snapshot/panlex-20191001-csv/3975#51722885>		"kù=kíà"@nim	
"yiz"@tab	<https://panlex.org/snapshot/panlex-20191001-csv/3975#51726583>				<https://panlex.org/snapshot/panlex-20191001-csv/3975#51726532>		"ènɛ̀"@nim	
"ˈužʷ-u"@tab	<https://panlex.org/snapshot/panlex-20191001-csv/3975#51728571>				<https://panlex.org/snapshot/panlex-20191001-csv/3975#51728542>		"mò=lɔ̀mɔ̀"@nim	
"qʼˤu-"@tab	<https://panlex.org/snapshot/panlex-20191001-csv/3975#51733698>				<https://panlex.org/snapshot/panlex-20191001-csv/3975#51733665>		"=́bèlé"@nim	
"qʼˤu-"@tab	<https://panlex.org/snapshot/panlex-20191001-csv/3975#51733698>				<https://panlex.org/snapshot/panlex-20191001-csv/3975#51733666>		"=́bèlè"@nim	
"kʼˈaǯ-a"@tab	<https://panlex.org/snapshot/panlex-20191001-csv/3975#51727162>				<https://panlex.org/snapshot/panlex-20191001-csv/3975#51727132>		"=lʸùkà"@nim	
"manˈi"@tab	<https://panlex.org/snapshot/panlex-20191001-csv/3975#51734015>				<https://panlex.org/snapshot/panlex-20191001-csv/3975#51733995>		"=píò"@nim	
"kʼarˈi"@tab	<https://panlex.org/snapshot/panlex-20191001-csv/3975#51721615>				<https://panlex.org/snapshot/panlex-20191001-csv/3975#51721588>		"=ílò"@nim	
"cʼiyˈi"@tab	<https://panlex.org/snapshot/panlex-20191001-csv/3975#51728984>				<https://panlex.org/snapshot/panlex-20191001-csv/3975#51728959>		"=píá"@nim	
"lˈikʼ-i"@tab	<https://panlex.org/snapshot/panlex-20191001-csv/3975#51727455>				<https://panlex.org/snapshot/panlex-20191001-csv/3975#51727433>		"=tʸémà"@nim	
"af-ˈ"@tab	<https://panlex.org/snapshot/panlex-20191001-csv/3975#51722750>				<https://panlex.org/snapshot/panlex-20191001-csv/3975#51722709>		"kù=yízà"@nim	
"raqːˤ-ˈ"@tab	<https://panlex.org/snapshot/panlex-20191001-csv/3975#51730896>				<https://panlex.org/snapshot/panlex-20191001-csv/3975#51730858>		"kù=yɔ́nà"@nim	
"aɢˤ-ˈ"@tab	<https://panlex.org/snapshot/panlex-20191001-csv/3975#51733861>				<https://panlex.org/snapshot/panlex-20191001-csv/3975#51733822>		"kù=lʸɔ̀ngɔ̀là"@nim	
"l=icʼ-ˈ"@tab	<https://panlex.org/snapshot/panlex-20191001-csv/3975#51725244>				<https://panlex.org/snapshot/panlex-20191001-csv/3975#51725215>		"kù=pʸɛ́ɛ̀là"@nim	
"ужжу"@tab	<https://panlex.org/snapshot/panlex-20191001-csv/3975#51725394>				<https://panlex.org/snapshot/panlex-20191001-csv/3975#51725369>		"=V́zà"@nim	
"qʼacʼ-ˈar ˈax-"@tab	<https://panlex.org/snapshot/panlex-20191001-csv/3975#51721479>				<https://panlex.org/snapshot/panlex-20191001-csv/3975#51721453>		"kù=lʸómà"@nim	
"melʒ"@tab	<https://panlex.org/snapshot/panlex-20191001-csv/3975#51733232>				<https://panlex.org/snapshot/panlex-20191001-csv/3975#51733205>		"lò=lémè"@nim	
"nicː"@tab	<https://panlex.org/snapshot/panlex-20191001-csv/3975#51727715>				<https://panlex.org/snapshot/panlex-20191001-csv/3975#51727693>		"m̀=pànì"@nim	
"fi"@tab	<https://panlex.org/snapshot/panlex-20191001-csv/3975#51734541>				<https://panlex.org/snapshot/panlex-20191001-csv/3975#51734511>		"kyáːnì"@nim	
"fi"@tab	<https://panlex.org/snapshot/panlex-20191001-csv/3975#51734541>				<https://panlex.org/snapshot/panlex-20191001-csv/3975#51734512>		"lyáːnì"@nim	
"ipʼ-ˈ"@tab	<https://panlex.org/snapshot/panlex-20191001-csv/3975#51723836>				<https://panlex.org/snapshot/panlex-20191001-csv/3975#51723796>		"kù=léà"@nim	
"marx"@tab	<https://panlex.org/snapshot/panlex-20191001-csv/3975#51729922>				<https://panlex.org/snapshot/panlex-20191001-csv/3975#51729895>		"m̀=búlà"@nim	
"bičʼʷˈi"@tab	<https://panlex.org/snapshot/panlex-20191001-csv/3975#51731632>				<https://panlex.org/snapshot/panlex-20191001-csv/3975#51731603>		"=dɔ́"@nim	
"cːikʷ"@tab	<https://panlex.org/snapshot/panlex-20191001-csv/3975#51724396>				<https://panlex.org/snapshot/panlex-20191001-csv/3975#51724376>		"yù=ùlì"@nim	
"эдми"@tab	<https://panlex.org/snapshot/panlex-20191001-csv/3975#51729778>				<https://panlex.org/snapshot/panlex-20191001-csv/3975#51729745>		"mò=ntò"@nim	
"rˈiɢ-i"@tab	<https://panlex.org/snapshot/panlex-20191001-csv/3975#51732363>				<https://panlex.org/snapshot/panlex-20191001-csv/3975#51732331>		"m̀=pàsó"@nim	
"fun"@tab	<https://panlex.org/snapshot/panlex-20191001-csv/3975#51721054>				<https://panlex.org/snapshot/panlex-20191001-csv/3975#51721029>		"ǹ=dà"@nim	
"ˈuš-"@tab	<https://panlex.org/snapshot/panlex-20191001-csv/3975#51733864>				<https://panlex.org/snapshot/panlex-20191001-csv/3975#51733822>		"kù=lʸɔ̀ngɔ̀là"@nim	
"murtˈa"@tab	<https://panlex.org/snapshot/panlex-20191001-csv/3975#51723971>				<https://panlex.org/snapshot/panlex-20191001-csv/3975#51723948>		"=gè"@nim	
"har"@tab	<https://panlex.org/snapshot/panlex-20191001-csv/3975#51733535>				<https://panlex.org/snapshot/panlex-20191001-csv/3975#51733505>		"=kʸɔ́tà"@nim	
"ʁatχˈu"@tab	<https://panlex.org/snapshot/panlex-20191001-csv/3975#51735113>				<https://panlex.org/snapshot/panlex-20191001-csv/3975#51735095>		"mà=nǯáːnɔ̀"@nim	
"kʼarč"@tab	<https://panlex.org/snapshot/panlex-20191001-csv/3975#51726398>				<https://panlex.org/snapshot/panlex-20191001-csv/3975#51726372>		"lò=pɛ́mbɛ̀"@nim	
"rˈaqːˤ-a"@tab	<https://panlex.org/snapshot/panlex-20191001-csv/3975#51730201>				<https://panlex.org/snapshot/panlex-20191001-csv/3975#51730174>		"=bàlàbálà"@nim	
"aːχ-ˈ"@tab	<https://panlex.org/snapshot/panlex-20191001-csv/3975#51731488>				<https://panlex.org/snapshot/panlex-20191001-csv/3975#51731456>		"kù=gʸɔ̀nà"@nim	
"aχːˤˈi"@tab	<https://panlex.org/snapshot/panlex-20191001-csv/3975#51721194>				<https://panlex.org/snapshot/panlex-20191001-csv/3975#51721162>		"=kólò"@nim	
"mu-mu"@tab	<https://panlex.org/snapshot/panlex-20191001-csv/3975#51732936>				<https://panlex.org/snapshot/panlex-20191001-csv/3975#51732905>		"=ò"@nim	
"yˈukʼ-u"@tab	<https://panlex.org/snapshot/panlex-20191001-csv/3975#51726266>				<https://panlex.org/snapshot/panlex-20191001-csv/3975#51726238>		"ǹ=kɔ́lɔ̀"@nim	
"yˈakː-a"@tab	<https://panlex.org/snapshot/panlex-20191001-csv/3975#51728159>				<https://panlex.org/snapshot/panlex-20191001-csv/3975#51728128>		"n=àmà"@nim	
"aɢːˤ-ˈ"@tab	<https://panlex.org/snapshot/panlex-20191001-csv/3975#51730895>				<https://panlex.org/snapshot/panlex-20191001-csv/3975#51730858>		"kù=yɔ́nà"@nim	
"qʼiriqʼ"@tab	<https://panlex.org/snapshot/panlex-20191001-csv/3975#51731333>				<https://panlex.org/snapshot/panlex-20191001-csv/3975#51731305>		"ǹ=dèːlé"@nim	
"ʒur"@tab	<https://panlex.org/snapshot/panlex-20191001-csv/3975#51728716>				<https://panlex.org/snapshot/panlex-20191001-csv/3975#51728687>		"=líːnà"@nim	
"yarχˈi"@tab	<https://panlex.org/snapshot/panlex-20191001-csv/3975#51727587>				<https://panlex.org/snapshot/panlex-20191001-csv/3975#51727564>		"=léːpù"@nim	
"mˈilʒ-i"@tab	<https://panlex.org/snapshot/panlex-20191001-csv/3975#51733231>				<https://panlex.org/snapshot/panlex-20191001-csv/3975#51733205>		"lò=lémè"@nim	
"aqʼˤˈi"@tab	<https://panlex.org/snapshot/panlex-20191001-csv/3975#51735374>				<https://panlex.org/snapshot/panlex-20191001-csv/3975#51735351>		"=lùtɔ̀"@nim	
"tː=ˈuw-"@tab	<https://panlex.org/snapshot/panlex-20191001-csv/3975#51725247>				<https://panlex.org/snapshot/panlex-20191001-csv/3975#51725215>		"kù=pʸɛ́ɛ̀là"@nim	
"yis"@tab	<https://panlex.org/snapshot/panlex-20191001-csv/3975#51736459>				<https://panlex.org/snapshot/panlex-20191001-csv/3975#51736429>		"mw=àákà"@nim	
"tum"@tab	<https://panlex.org/snapshot/panlex-20191001-csv/3975#51731021>				<https://panlex.org/snapshot/panlex-20191001-csv/3975#51730995>		"m̀=bɛ́ò"@nim	
"χil"@tab	<https://panlex.org/snapshot/panlex-20191001-csv/3975#51725810>				<https://panlex.org/snapshot/panlex-20191001-csv/3975#51725780>		"mò=kɔ́nɔ̀"@nim	
"bičʼːʷˈi"@tab	<https://panlex.org/snapshot/panlex-20191001-csv/3975#51731631>				<https://panlex.org/snapshot/panlex-20191001-csv/3975#51731603>		"=dɔ́"@nim	
"waz"@tab	<https://panlex.org/snapshot/panlex-20191001-csv/3975#51728308>				<https://panlex.org/snapshot/panlex-20191001-csv/3975#51728284>		"mw=ɛ̀ɛ́lì"@nim	
"ib"@tab	<https://panlex.org/snapshot/panlex-20191001-csv/3975#51723521>				<https://panlex.org/snapshot/panlex-20191001-csv/3975#51723493>		"=kòtúè"@nim	
"ʁik"@tab	<https://panlex.org/snapshot/panlex-20191001-csv/3975#51724395>				<https://panlex.org/snapshot/panlex-20191001-csv/3975#51724376>		"yù=ùlì"@nim	
"tʼ=iχ-ˈ"@tab	<https://panlex.org/snapshot/panlex-20191001-csv/3975#51724826>				<https://panlex.org/snapshot/panlex-20191001-csv/3975#51724803>		"kù=pùpùtà"@nim	
"muχˈur"@tab	<https://panlex.org/snapshot/panlex-20191001-csv/3975#51722037>				<https://panlex.org/snapshot/panlex-20191001-csv/3975#51722011>		"kè=kúà"@nim	
"uzˈu"@tab	<https://panlex.org/snapshot/panlex-20191001-csv/3975#51726582>				<https://panlex.org/snapshot/panlex-20191001-csv/3975#51726532>		"ènɛ̀"@nim	
"yˈižʷ-i"@tab	<https://panlex.org/snapshot/panlex-20191001-csv/3975#51729139>				<https://panlex.org/snapshot/panlex-20191001-csv/3975#51729109>		"ò=tíkò"@nim	
"qʼˤu-"@tab	<https://panlex.org/snapshot/panlex-20191001-csv/3975#51733697>				<https://panlex.org/snapshot/panlex-20191001-csv/3975#51733665>		"=́bèlé"@nim	
"qʼˤu-"@tab	<https://panlex.org/snapshot/panlex-20191001-csv/3975#51733697>				<https://panlex.org/snapshot/panlex-20191001-csv/3975#51733666>		"=́bèlè"@nim	
"aχˤu=čʼʷˈiʔ"@tab	<https://panlex.org/snapshot/panlex-20191001-csv/3975#51728002>				<https://panlex.org/snapshot/panlex-20191001-csv/3975#51727974>		"=íɲgè"@nim	
"kum"@tab	<https://panlex.org/snapshot/panlex-20191001-csv/3975#51731779>				<https://panlex.org/snapshot/panlex-20191001-csv/3975#51731752>		"ly=óːkì"@nim	
"χˤaǯ"@tab	<https://panlex.org/snapshot/panlex-20191001-csv/3975#51732061>				<https://panlex.org/snapshot/panlex-20191001-csv/3975#51732030>		"ǹ=sɔ̀ndá"@nim	
"ɢaʔ=ˈaχ-"@tab	<https://panlex.org/snapshot/panlex-20191001-csv/3975#51731487>				<https://panlex.org/snapshot/panlex-20191001-csv/3975#51731456>		"kù=gʸɔ̀nà"@nim	
"ˈüd-"@tab	<https://panlex.org/snapshot/panlex-20191001-csv/3975#51723834>				<https://panlex.org/snapshot/panlex-20191001-csv/3975#51723796>		"kù=léà"@nim	
"iwˈu"@tab	<https://panlex.org/snapshot/panlex-20191001-csv/3975#51733077>				<https://panlex.org/snapshot/panlex-20191001-csv/3975#51733047>		"òːwɛ̀"@nim	
"lik"@tab	<https://panlex.org/snapshot/panlex-20191001-csv/3975#51724976>				<https://panlex.org/snapshot/panlex-20191001-csv/3975#51724946>		"mò=gòlò"@nim	
"χil"@tab	<https://panlex.org/snapshot/panlex-20191001-csv/3975#51725809>				<https://panlex.org/snapshot/panlex-20191001-csv/3975#51725780>		"mò=kɔ́nɔ̀"@nim	
"da=ʔˈaq-"@tab	<https://panlex.org/snapshot/panlex-20191001-csv/3975#51727314>				<https://panlex.org/snapshot/panlex-20191001-csv/3975#51727283>		"kù=gʸɔ̀nà"@nim	
"kʼul"@tab	<https://panlex.org/snapshot/panlex-20191001-csv/3975#51725965>				<https://panlex.org/snapshot/panlex-20191001-csv/3975#51725936>		"=tʸúɛ̀"@nim	
"af-ˈ"@tab	<https://panlex.org/snapshot/panlex-20191001-csv/3975#51722752>				<https://panlex.org/snapshot/panlex-20191001-csv/3975#51722709>		"kù=yízà"@nim	
"nˈicː-i"@tab	<https://panlex.org/snapshot/panlex-20191001-csv/3975#51727714>				<https://panlex.org/snapshot/panlex-20191001-csv/3975#51727693>		"m̀=pànì"@nim	
"p-"@tab	<https://panlex.org/snapshot/panlex-20191001-csv/3975#51730720>				<https://panlex.org/snapshot/panlex-20191001-csv/3975#51730691>		"kù=tʸámbòlà"@nim	
"admˈi"@tab	<https://panlex.org/snapshot/panlex-20191001-csv/3975#51727863>				<https://panlex.org/snapshot/panlex-20191001-csv/3975#51727831>		"mò=gɔ́ɔ̀šyá"@nim	
"č=ˈeʔ-"@tab	<https://panlex.org/snapshot/panlex-20191001-csv/3975#51731182>				<https://panlex.org/snapshot/panlex-20191001-csv/3975#51731144>		"kò=kíkàlànsà"@nim	
"ǯif"@tab	<https://panlex.org/snapshot/panlex-20191001-csv/3975#51722437>				<https://panlex.org/snapshot/panlex-20191001-csv/3975#51722419>		"=lʸùndɛ̀"@nim	
"gardˈan"@tab	<https://panlex.org/snapshot/panlex-20191001-csv/3975#51728852>				<https://panlex.org/snapshot/panlex-20191001-csv/3975#51728827>		"ǹ=kíngɔ̀"@nim	
"qʼamqʼ"@tab	<https://panlex.org/snapshot/panlex-20191001-csv/3975#51726878>				<https://panlex.org/snapshot/panlex-20191001-csv/3975#51726850>		"=lʸúù"@nim	
"ˈuš-"@tab	<https://panlex.org/snapshot/panlex-20191001-csv/3975#51733862>				<https://panlex.org/snapshot/panlex-20191001-csv/3975#51733822>		"kù=lʸɔ̀ngɔ̀là"@nim	
"хяй"@tab	<https://panlex.org/snapshot/panlex-20191001-csv/3975#51732060>				<https://panlex.org/snapshot/panlex-20191001-csv/3975#51732030>		"ǹ=sɔ̀ndá"@nim	
"mu"@tab	<https://panlex.org/snapshot/panlex-20191001-csv/3975#51732935>				<https://panlex.org/snapshot/panlex-20191001-csv/3975#51732905>		"=ò"@nim	
"warˈi"@tab	<https://panlex.org/snapshot/panlex-20191001-csv/3975#51720653>				<https://panlex.org/snapshot/panlex-20191001-csv/3975#51720627>		"=ɛ̀nsì"@nim	
"warˈi"@tab	<https://panlex.org/snapshot/panlex-20191001-csv/3975#51720653>				<https://panlex.org/snapshot/panlex-20191001-csv/3975#51720626>		"=ɛ́ɲsì"@nim	
"qˤuq"@tab	<https://panlex.org/snapshot/panlex-20191001-csv/3975#51729298>				<https://panlex.org/snapshot/panlex-20191001-csv/3975#51729266>		"m̀=pòlà"@nim	
"ˈuˤpʼ-"@tab	<https://panlex.org/snapshot/panlex-20191001-csv/3975#51723835>				<https://panlex.org/snapshot/panlex-20191001-csv/3975#51723796>		"kù=léà"@nim	
"lizˈi"@tab	<https://panlex.org/snapshot/panlex-20191001-csv/3975#51734673>				<https://panlex.org/snapshot/panlex-20191001-csv/3975#51734648>		"=ɛ́lù"@nim	
"sˈilb-i"@tab	<https://panlex.org/snapshot/panlex-20191001-csv/3975#51733386>				<https://panlex.org/snapshot/panlex-20191001-csv/3975#51733361>		"=léːnɔ̀"@nim	
"kʼarč"@tab	<https://panlex.org/snapshot/panlex-20191001-csv/3975#51726397>				<https://panlex.org/snapshot/panlex-20191001-csv/3975#51726372>		"lò=pɛ́mbɛ̀"@nim	
"aʁˤˈu š-"@tab	<https://panlex.org/snapshot/panlex-20191001-csv/3975#51727022>				<https://panlex.org/snapshot/panlex-20191001-csv/3975#51726991>		"kù=mʸànà"@nim	
"cʼeyˈi"@tab	<https://panlex.org/snapshot/panlex-20191001-csv/3975#51728983>				<https://panlex.org/snapshot/panlex-20191001-csv/3975#51728959>		"=píá"@nim	
"kʼarˈu"@tab	<https://panlex.org/snapshot/panlex-20191001-csv/3975#51721616>				<https://panlex.org/snapshot/panlex-20191001-csv/3975#51721588>		"=ílò"@nim	
"mikʼ"@tab	<https://panlex.org/snapshot/panlex-20191001-csv/3975#51736214>				<https://panlex.org/snapshot/panlex-20191001-csv/3975#51736183>		"ǹ=zɛ̀gà"@nim	
"sa-"@tab	<https://panlex.org/snapshot/panlex-20191001-csv/3975#51729628>				<https://panlex.org/snapshot/panlex-20191001-csv/3975#51729596>		"=móè"@nim	
"sa-"@tab	<https://panlex.org/snapshot/panlex-20191001-csv/3975#51729628>				<https://panlex.org/snapshot/panlex-20191001-csv/3975#51729597>		"=́mòè"@nim	
"aχˤˈu"@tab	<https://panlex.org/snapshot/panlex-20191001-csv/3975#51721195>				<https://panlex.org/snapshot/panlex-20191001-csv/3975#51721162>		"=kólò"@nim	
"uwˈu"@tab	<https://panlex.org/snapshot/panlex-20191001-csv/3975#51733079>				<https://panlex.org/snapshot/panlex-20191001-csv/3975#51733047>		"òːwɛ̀"@nim	
"mu"@tab	<https://panlex.org/snapshot/panlex-20191001-csv/3975#51732937>				<https://panlex.org/snapshot/panlex-20191001-csv/3975#51732905>		"=ò"@nim	
"čičʼ"@tab	<https://panlex.org/snapshot/panlex-20191001-csv/3975#51724695>				<https://panlex.org/snapshot/panlex-20191001-csv/3975#51724671>		"ǹ=síè"@nim	
"aʁˤ-ˈ"@tab	<https://panlex.org/snapshot/panlex-20191001-csv/3975#51733863>				<https://panlex.org/snapshot/panlex-20191001-csv/3975#51733822>		"kù=lʸɔ̀ngɔ̀là"@nim	
"yišʷ"@tab	<https://panlex.org/snapshot/panlex-20191001-csv/3975#51729140>				<https://panlex.org/snapshot/panlex-20191001-csv/3975#51729109>		"ò=tíkò"@nim	
"šar"@tab	<https://panlex.org/snapshot/panlex-20191001-csv/3975#51736322>				<https://panlex.org/snapshot/panlex-20191001-csv/3975#51736304>		"mó=ɲɔ̀ngɔ́ːlɔ̀"@nim	
"muχˈur"@tab	<https://panlex.org/snapshot/panlex-20191001-csv/3975#51722038>				<https://panlex.org/snapshot/panlex-20191001-csv/3975#51722011>		"kè=kúà"@nim	
"riʁ"@tab	<https://panlex.org/snapshot/panlex-20191001-csv/3975#51732364>				<https://panlex.org/snapshot/panlex-20191001-csv/3975#51732331>		"m̀=pàsó"@nim	
"aχˤ=čʼʷˈa"@tab	<https://panlex.org/snapshot/panlex-20191001-csv/3975#51728001>				<https://panlex.org/snapshot/panlex-20191001-csv/3975#51727974>		"=íɲgè"@nim	
"wˈaʒ-a"@tab	<https://panlex.org/snapshot/panlex-20191001-csv/3975#51728307>				<https://panlex.org/snapshot/panlex-20191001-csv/3975#51728284>		"mw=ɛ̀ɛ́lì"@nim	
"du-mu"@tab	<https://panlex.org/snapshot/panlex-20191001-csv/3975#51732784>				<https://panlex.org/snapshot/panlex-20191001-csv/3975#51732755>		"=ɔ̀"@nim	
"šay"@tab	<https://panlex.org/snapshot/panlex-20191001-csv/3975#51734161>				<https://panlex.org/snapshot/panlex-20191001-csv/3975#51734133>		"má=ázè"@nim	
"yikː"@tab	<https://panlex.org/snapshot/panlex-20191001-csv/3975#51728160>				<https://panlex.org/snapshot/panlex-20191001-csv/3975#51728128>		"n=àmà"@nim	
"manˈi"@tab	<https://panlex.org/snapshot/panlex-20191001-csv/3975#51734016>				<https://panlex.org/snapshot/panlex-20191001-csv/3975#51733995>		"=píò"@nim	
"kʼaǯ"@tab	<https://panlex.org/snapshot/panlex-20191001-csv/3975#51727163>				<https://panlex.org/snapshot/panlex-20191001-csv/3975#51727132>		"=lʸùkà"@nim	
"iǯˈi"@tab	<https://panlex.org/snapshot/panlex-20191001-csv/3975#51725393>				<https://panlex.org/snapshot/panlex-20191001-csv/3975#51725369>		"=V́zà"@nim	
"gardˈan"@tab	<https://panlex.org/snapshot/panlex-20191001-csv/3975#51728851>				<https://panlex.org/snapshot/panlex-20191001-csv/3975#51728827>		"ǹ=kíngɔ̀"@nim	
"ug-ˈ"@tab	<https://panlex.org/snapshot/panlex-20191001-csv/3975#51722178>				<https://panlex.org/snapshot/panlex-20191001-csv/3975#51722154>		"kù=šɔ̀nsà"@nim	
"kum"@tab	<https://panlex.org/snapshot/panlex-20191001-csv/3975#51731780>				<https://panlex.org/snapshot/panlex-20191001-csv/3975#51731752>		"ly=óːkì"@nim	
"yik-ˈ"@tab	<https://panlex.org/snapshot/panlex-20191001-csv/3975#51726127>				<https://panlex.org/snapshot/panlex-20191001-csv/3975#51726097>		"kù=yíːgyà"@nim	
"irˈi"@tab	<https://panlex.org/snapshot/panlex-20191001-csv/3975#51730060>				<https://panlex.org/snapshot/panlex-20191001-csv/3975#51730033>		"=kásùkù"@nim	
"χpːi-r"@tab	<https://panlex.org/snapshot/panlex-20191001-csv/3975#51734988>				<https://panlex.org/snapshot/panlex-20191001-csv/3975#51734955>		"mò=sóngò"@nim	
"yukʼ"@tab	<https://panlex.org/snapshot/panlex-20191001-csv/3975#51726267>				<https://panlex.org/snapshot/panlex-20191001-csv/3975#51726238>		"ǹ=kɔ́lɔ̀"@nim	
"ʁum"@tab	<https://panlex.org/snapshot/panlex-20191001-csv/3975#51730559>				<https://panlex.org/snapshot/panlex-20191001-csv/3975#51730537>		"mó=ɲsàngà"@nim	
"čʼučʼurufˈan apʼ-"@tab	<https://panlex.org/snapshot/panlex-20191001-csv/3975#51732491>				<https://panlex.org/snapshot/panlex-20191001-csv/3975#51732470>		"kù=tʸwìːlà"@nim	
"ul"@tab	<https://panlex.org/snapshot/panlex-20191001-csv/3975#51724131>				<https://panlex.org/snapshot/panlex-20191001-csv/3975#51724103>		"lí=ísɔ̀"@nim	
"kʼ-"@tab	<https://panlex.org/snapshot/panlex-20191001-csv/3975#51730717>				<https://panlex.org/snapshot/panlex-20191001-csv/3975#51730691>		"kù=tʸámbòlà"@nim	
"yarχu-lˈa"@tab	<https://panlex.org/snapshot/panlex-20191001-csv/3975#51735249>				<https://panlex.org/snapshot/panlex-20191001-csv/3975#51735224>		"kòlè"@nim	
"ɢaɢˈi"@tab	<https://panlex.org/snapshot/panlex-20191001-csv/3975#51735375>				<https://panlex.org/snapshot/panlex-20191001-csv/3975#51735351>		"=lùtɔ̀"@nim	
"čru"@tab	<https://panlex.org/snapshot/panlex-20191001-csv/3975#51725514>				<https://panlex.org/snapshot/panlex-20191001-csv/3975#51725492>		"kɛ̀=ǯáːnì"@nim	
"yarχʷ-lˈa"@tab	<https://panlex.org/snapshot/panlex-20191001-csv/3975#51735250>				<https://panlex.org/snapshot/panlex-20191001-csv/3975#51735224>		"kòlè"@nim	
"učˈu"@tab	<https://panlex.org/snapshot/panlex-20191001-csv/3975#51734376>				<https://panlex.org/snapshot/panlex-20191001-csv/3975#51734320>		"ìšɛ̀"@nim	
"warːˈi"@tab	<https://panlex.org/snapshot/panlex-20191001-csv/3975#51720654>				<https://panlex.org/snapshot/panlex-20191001-csv/3975#51720627>		"=ɛ̀nsì"@nim	
"warːˈi"@tab	<https://panlex.org/snapshot/panlex-20191001-csv/3975#51720654>				<https://panlex.org/snapshot/panlex-20191001-csv/3975#51720626>		"=ɛ́ɲsì"@nim	
"ušʷ"@tab	<https://panlex.org/snapshot/panlex-20191001-csv/3975#51728572>				<https://panlex.org/snapshot/panlex-20191001-csv/3975#51728542>		"mò=lɔ̀mɔ̀"@nim	
"ǯuw"@tab	<https://panlex.org/snapshot/panlex-20191001-csv/3975#51730325>				<https://panlex.org/snapshot/panlex-20191001-csv/3975#51730306>		"mò=lì"@nim	
"ʁˤ-"@tab	<https://panlex.org/snapshot/panlex-20191001-csv/3975#51722751>				<https://panlex.org/snapshot/panlex-20191001-csv/3975#51722709>		"kù=yízà"@nim	
"šaw"@tab	<https://panlex.org/snapshot/panlex-20191001-csv/3975#51722319>				<https://panlex.org/snapshot/panlex-20191001-csv/3975#51722288>		"mó=sùmáːlì"@nim	
"ičˈu"@tab	<https://panlex.org/snapshot/panlex-20191001-csv/3975#51734374>				<https://panlex.org/snapshot/panlex-20191001-csv/3975#51734320>		"ìšɛ̀"@nim	
"da-r"@tab	<https://panlex.org/snapshot/panlex-20191001-csv/3975#51729467>				<https://panlex.org/snapshot/panlex-20191001-csv/3975#51729425>		"sìká"@nim	
"aʁˤˈa-di x-"@tab	<https://panlex.org/snapshot/panlex-20191001-csv/3975#51727021>				<https://panlex.org/snapshot/panlex-20191001-csv/3975#51726991>		"kù=mʸànà"@nim	
"siw"@tab	<https://panlex.org/snapshot/panlex-20191001-csv/3975#51728422>				<https://panlex.org/snapshot/panlex-20191001-csv/3975#51728400>		"mó=lèmá"@nim	
"rug"@tab	<https://panlex.org/snapshot/panlex-20191001-csv/3975#51723665>				<https://panlex.org/snapshot/panlex-20191001-csv/3975#51723636>		"ò=lɔ̀ngɔ́"@nim	
"slib"@tab	<https://panlex.org/snapshot/panlex-20191001-csv/3975#51733387>				<https://panlex.org/snapshot/panlex-20191001-csv/3975#51733361>		"=léːnɔ̀"@nim	
"iw"@tab	<https://panlex.org/snapshot/panlex-20191001-csv/3975#51723520>				<https://panlex.org/snapshot/panlex-20191001-csv/3975#51723493>		"=kòtúè"@nim	
"du=ʔˈuw-"@tab	<https://panlex.org/snapshot/panlex-20191001-csv/3975#51725246>				<https://panlex.org/snapshot/panlex-20191001-csv/3975#51725215>		"kù=pʸɛ́ɛ̀là"@nim	
"šar"@tab	<https://panlex.org/snapshot/panlex-20191001-csv/3975#51736323>				<https://panlex.org/snapshot/panlex-20191001-csv/3975#51736304>		"mó=ɲɔ̀ngɔ́ːlɔ̀"@nim	
"uχ-ˈ"@tab	<https://panlex.org/snapshot/panlex-20191001-csv/3975#51723234>				<https://panlex.org/snapshot/panlex-20191001-csv/3975#51723197>		"kù=kʸɔ̀pà"@nim	
"qˤaq"@tab	<https://panlex.org/snapshot/panlex-20191001-csv/3975#51729297>				<https://panlex.org/snapshot/panlex-20191001-csv/3975#51729266>		"m̀=pòlà"@nim	
"ацIу"@tab	<https://panlex.org/snapshot/panlex-20191001-csv/3975#51725094>				<https://panlex.org/snapshot/panlex-20191001-csv/3975#51725070>		"kò=kíǯòlà"@nim	
"aqˤ-lˈi"@tab	<https://panlex.org/snapshot/panlex-20191001-csv/3975#51722572>				<https://panlex.org/snapshot/panlex-20191001-csv/3975#51722547>		"kù=pʸɔ́là"@nim	
"kʼurˈab"@tab	<https://panlex.org/snapshot/panlex-20191001-csv/3975#51721904>				<https://panlex.org/snapshot/panlex-20191001-csv/3975#51721880>		"=kʸúpà"@nim	
"ɢarχˈi"@tab	<https://panlex.org/snapshot/panlex-20191001-csv/3975#51735112>				<https://panlex.org/snapshot/panlex-20191001-csv/3975#51735095>		"mà=nǯáːnɔ̀"@nim	
"ǯiqːˈi"@tab	<https://panlex.org/snapshot/panlex-20191001-csv/3975#51735786>				<https://panlex.org/snapshot/panlex-20191001-csv/3975#51735756>		"=kúpè"@nim	
"ʁe=yˈecːu"@tab	<https://panlex.org/snapshot/panlex-20191001-csv/3975#51723372>				<https://panlex.org/snapshot/panlex-20191001-csv/3975#51723349>		"kù=yóːmyà"@nim	
"čʼilːˈi"@tab	<https://panlex.org/snapshot/panlex-20191001-csv/3975#51736056>				<https://panlex.org/snapshot/panlex-20191001-csv/3975#51736036>		"=négènègè"@nim	
"yaw"@tab	<https://panlex.org/snapshot/panlex-20191001-csv/3975#51733080>				<https://panlex.org/snapshot/panlex-20191001-csv/3975#51733047>		"òːwɛ̀"@nim	
"har"@tab	<https://panlex.org/snapshot/panlex-20191001-csv/3975#51733536>				<https://panlex.org/snapshot/panlex-20191001-csv/3975#51733505>		"=kʸɔ́tà"@nim	
"rˈuqːˤ-u"@tab	<https://panlex.org/snapshot/panlex-20191001-csv/3975#51720795>				<https://panlex.org/snapshot/panlex-20191001-csv/3975#51720773>		"mà=ú"@nim	
"bagˈa-x"@tab	<https://panlex.org/snapshot/panlex-20191001-csv/3975#51735520>				<https://panlex.org/snapshot/panlex-20191001-csv/3975#51735490>		"píːpè"@nim	
"šid"@tab	<https://panlex.org/snapshot/panlex-20191001-csv/3975#51734162>				<https://panlex.org/snapshot/panlex-20191001-csv/3975#51734133>		"má=ázè"@nim	
"rˈug-u"@tab	<https://panlex.org/snapshot/panlex-20191001-csv/3975#51723664>				<https://panlex.org/snapshot/panlex-20191001-csv/3975#51723636>		"ò=lɔ̀ngɔ́"@nim	
"cʼa"@tab	<https://panlex.org/snapshot/panlex-20191001-csv/3975#51724555>				<https://panlex.org/snapshot/panlex-20191001-csv/3975#51724522>		"m=ɔ́ːtɔ̀"@nim	
"d=ˈuɣ-"@tab	<https://panlex.org/snapshot/panlex-20191001-csv/3975#51725245>				<https://panlex.org/snapshot/panlex-20191001-csv/3975#51725215>		"kù=pʸɛ́ɛ̀là"@nim	
"čˈičʼ-i"@tab	<https://panlex.org/snapshot/panlex-20191001-csv/3975#51724694>				<https://panlex.org/snapshot/panlex-20191001-csv/3975#51724671>		"ǹ=síè"@nim	
"kːu-rˈu"@tab	<https://panlex.org/snapshot/panlex-20191001-csv/3975#51736058>				<https://panlex.org/snapshot/panlex-20191001-csv/3975#51736036>		"=négènègè"@nim	
"ʁaʁˈi"@tab	<https://panlex.org/snapshot/panlex-20191001-csv/3975#51735376>				<https://panlex.org/snapshot/panlex-20191001-csv/3975#51735351>		"=lùtɔ̀"@nim	
"du-mu"@tab	<https://panlex.org/snapshot/panlex-20191001-csv/3975#51732785>				<https://panlex.org/snapshot/panlex-20191001-csv/3975#51732755>		"=ɔ̀"@nim	
"čirˈi"@tab	<https://panlex.org/snapshot/panlex-20191001-csv/3975#51725513>				<https://panlex.org/snapshot/panlex-20191001-csv/3975#51725492>		"kɛ̀=ǯáːnì"@nim	
"melz"@tab	<https://panlex.org/snapshot/panlex-20191001-csv/3975#51733233>				<https://panlex.org/snapshot/panlex-20191001-csv/3975#51733205>		"lò=lémè"@nim	
"bˈitʼ-i"@tab	<https://panlex.org/snapshot/panlex-20191001-csv/3975#51735933>				<https://panlex.org/snapshot/panlex-20191001-csv/3975#51735900>		"ǹ=zɔ́kà"@nim	
"i-fˈi"@tab	<https://panlex.org/snapshot/panlex-20191001-csv/3975#51721764>				<https://panlex.org/snapshot/panlex-20191001-csv/3975#51721736>		"mɛ̀=gàlí"@nim	
"uɢ-ˈ"@tab	<https://panlex.org/snapshot/panlex-20191001-csv/3975#51723233>				<https://panlex.org/snapshot/panlex-20191001-csv/3975#51723197>		"kù=kʸɔ̀pà"@nim	
"liʒˈi"@tab	<https://panlex.org/snapshot/panlex-20191001-csv/3975#51734672>				<https://panlex.org/snapshot/panlex-20191001-csv/3975#51734648>		"=ɛ́lù"@nim	
"di=ʔˈiɢ-"@tab	<https://panlex.org/snapshot/panlex-20191001-csv/3975#51731916>				<https://panlex.org/snapshot/panlex-20191001-csv/3975#51731886>		"kù=yíːmèkà"@nim	
"rˈiǯʷ-i"@tab	<https://panlex.org/snapshot/panlex-20191001-csv/3975#51732630>				<https://panlex.org/snapshot/panlex-20191001-csv/3975#51732602>		"mò=kélà"@nim	
"kʼ-"@tab	<https://panlex.org/snapshot/panlex-20191001-csv/3975#51730719>				<https://panlex.org/snapshot/panlex-20191001-csv/3975#51730691>		"kù=tʸámbòlà"@nim	
"šiw"@tab	<https://panlex.org/snapshot/panlex-20191001-csv/3975#51734987>				<https://panlex.org/snapshot/panlex-20191001-csv/3975#51734955>		"mò=sóngò"@nim	
"yex-ˈ"@tab	<https://panlex.org/snapshot/panlex-20191001-csv/3975#51726128>				<https://panlex.org/snapshot/panlex-20191001-csv/3975#51726097>		"kù=yíːgyà"@nim	
"gerg-mˈi"@tab	<https://panlex.org/snapshot/panlex-20191001-csv/3975#51730434>				<https://panlex.org/snapshot/panlex-20191001-csv/3975#51730416>		"kò=kélìngà"@nim	
"aˈms-a"@tab	<https://panlex.org/snapshot/panlex-20191001-csv/3975#51722436>				<https://panlex.org/snapshot/panlex-20191001-csv/3975#51722419>		"=lʸùndɛ̀"@nim	
"ɢˤ-"@tab	<https://panlex.org/snapshot/panlex-20191001-csv/3975#51722749>				<https://panlex.org/snapshot/panlex-20191001-csv/3975#51722709>		"kù=yízà"@nim	
"qʼil"@tab	<https://panlex.org/snapshot/panlex-20191001-csv/3975#51735653>				<https://panlex.org/snapshot/panlex-20191001-csv/3975#51735628>		"mò=lɛ́ngɛ̀"@nim	
"čʼar"@tab	<https://panlex.org/snapshot/panlex-20191001-csv/3975#51725661>				<https://panlex.org/snapshot/panlex-20191001-csv/3975#51725630>		"lò=tùmbè"@nim	
"ürˈu"@tab	<https://panlex.org/snapshot/panlex-20191001-csv/3975#51730061>				<https://panlex.org/snapshot/panlex-20191001-csv/3975#51730033>		"=kásùkù"@nim	
"yaw"@tab	<https://panlex.org/snapshot/panlex-20191001-csv/3975#51733078>				<https://panlex.org/snapshot/panlex-20191001-csv/3975#51733047>		"òːwɛ̀"@nim	
"p-"@tab	<https://panlex.org/snapshot/panlex-20191001-csv/3975#51730718>				<https://panlex.org/snapshot/panlex-20191001-csv/3975#51730691>		"kù=tʸámbòlà"@nim	
"ɢum"@tab	<https://panlex.org/snapshot/panlex-20191001-csv/3975#51730558>				<https://panlex.org/snapshot/panlex-20191001-csv/3975#51730537>		"mó=ɲsàngà"@nim	
"mˈikʼ-i"@tab	<https://panlex.org/snapshot/panlex-20191001-csv/3975#51736213>				<https://panlex.org/snapshot/panlex-20191001-csv/3975#51736183>		"ǹ=zɛ̀gà"@nim	
"hu=ž"@tab	<https://panlex.org/snapshot/panlex-20191001-csv/3975#51734816>				<https://panlex.org/snapshot/panlex-20191001-csv/3975#51734786>		"wáːnì"@nim	
"хам"@tab	<https://panlex.org/snapshot/panlex-20191001-csv/3975#51731334>				<https://panlex.org/snapshot/panlex-20191001-csv/3975#51731305>		"ǹ=dèːlé"@nim	
"ʁ=ˈaʁu"@tab	<https://panlex.org/snapshot/panlex-20191001-csv/3975#51722573>				<https://panlex.org/snapshot/panlex-20191001-csv/3975#51722547>		"kù=pʸɔ́là"@nim	
"ul"@tab	<https://panlex.org/snapshot/panlex-20191001-csv/3975#51724130>				<https://panlex.org/snapshot/panlex-20191001-csv/3975#51724103>		"lí=ísɔ̀"@nim	
"bagˈa-x"@tab	<https://panlex.org/snapshot/panlex-20191001-csv/3975#51735519>				<https://panlex.org/snapshot/panlex-20191001-csv/3975#51735490>		"píːpè"@nim	
"siw"@tab	<https://panlex.org/snapshot/panlex-20191001-csv/3975#51728423>				<https://panlex.org/snapshot/panlex-20191001-csv/3975#51728400>		"mó=lèmá"@nim	
"ʁʷan"@tab	<https://panlex.org/snapshot/panlex-20191001-csv/3975#51732203>				<https://panlex.org/snapshot/panlex-20191001-csv/3975#51732176>		"=gʸùɛ̀"@nim	
"сирнав апIуб"@tab	<https://panlex.org/snapshot/panlex-20191001-csv/3975#51732492>				<https://panlex.org/snapshot/panlex-20191001-csv/3975#51732470>		"kù=tʸwìːlà"@nim	
"sa-"@tab	<https://panlex.org/snapshot/panlex-20191001-csv/3975#51729627>				<https://panlex.org/snapshot/panlex-20191001-csv/3975#51729596>		"=móè"@nim	
"sa-"@tab	<https://panlex.org/snapshot/panlex-20191001-csv/3975#51729627>				<https://panlex.org/snapshot/panlex-20191001-csv/3975#51729597>		"=́mòè"@nim	
"uxˈu"@tab	<https://panlex.org/snapshot/panlex-20191001-csv/3975#51734377>				<https://panlex.org/snapshot/panlex-20191001-csv/3975#51734320>		"ìšɛ̀"@nim	
"cʼa"@tab	<https://panlex.org/snapshot/panlex-20191001-csv/3975#51724554>				<https://panlex.org/snapshot/panlex-20191001-csv/3975#51724522>		"m=ɔ́ːtɔ̀"@nim	
"yˈiz-i"@tab	<https://panlex.org/snapshot/panlex-20191001-csv/3975#51736458>				<https://panlex.org/snapshot/panlex-20191001-csv/3975#51736429>		"mw=àákà"@nim	
"χˤul"@tab	<https://panlex.org/snapshot/panlex-20191001-csv/3975#51724272>				<https://panlex.org/snapshot/panlex-20191001-csv/3975#51724249>		"mà=kútà"@nim	
"yˈirkː-i"@tab	<https://panlex.org/snapshot/panlex-20191001-csv/3975#51721903>				<https://panlex.org/snapshot/panlex-20191001-csv/3975#51721880>		"=kʸúpà"@nim	
"yas"@tab	<https://panlex.org/snapshot/panlex-20191001-csv/3975#51726581>				<https://panlex.org/snapshot/panlex-20191001-csv/3975#51726532>		"ènɛ̀"@nim	
"fun"@tab	<https://panlex.org/snapshot/panlex-20191001-csv/3975#51721053>				<https://panlex.org/snapshot/panlex-20191001-csv/3975#51721029>		"ǹ=dà"@nim	
"yarχˈi"@tab	<https://panlex.org/snapshot/panlex-20191001-csv/3975#51727586>				<https://panlex.org/snapshot/panlex-20191001-csv/3975#51727564>		"=léːpù"@nim	
"вари"@tab	<https://panlex.org/snapshot/panlex-20191001-csv/3975#51720655>				<https://panlex.org/snapshot/panlex-20191001-csv/3975#51720627>		"=ɛ̀nsì"@nim	
"вари"@tab	<https://panlex.org/snapshot/panlex-20191001-csv/3975#51720655>				<https://panlex.org/snapshot/panlex-20191001-csv/3975#51720626>		"=ɛ́ɲsì"@nim	
"čʼilːˈi"@tab	<https://panlex.org/snapshot/panlex-20191001-csv/3975#51736057>				<https://panlex.org/snapshot/panlex-20191001-csv/3975#51736036>		"=négènègè"@nim	
"fu=ž"@tab	<https://panlex.org/snapshot/panlex-20191001-csv/3975#51734817>				<https://panlex.org/snapshot/panlex-20191001-csv/3975#51734786>		"wáːnì"@nim	
"qʼacʼ apʼ-"@tab	<https://panlex.org/snapshot/panlex-20191001-csv/3975#51721480>				<https://panlex.org/snapshot/panlex-20191001-csv/3975#51721453>		"kù=lʸómà"@nim	
"riǯʷ"@tab	<https://panlex.org/snapshot/panlex-20191001-csv/3975#51732631>				<https://panlex.org/snapshot/panlex-20191001-csv/3975#51732602>		"mò=kélà"@nim	
"χu"@tab	<https://panlex.org/snapshot/panlex-20191001-csv/3975#51723070>				<https://panlex.org/snapshot/panlex-20191001-csv/3975#51723038>		"m̀=bóà"@nim	
"hu=žˈu"@tab	<https://panlex.org/snapshot/panlex-20191001-csv/3975#51734815>				<https://panlex.org/snapshot/panlex-20191001-csv/3975#51734786>		"wáːnì"@nim	
"yiʒˈi"@tab	<https://panlex.org/snapshot/panlex-20191001-csv/3975#51723371>				<https://panlex.org/snapshot/panlex-20191001-csv/3975#51723349>		"kù=yóːmyà"@nim	
"χuy"@tab	<https://panlex.org/snapshot/panlex-20191001-csv/3975#51723069>				<https://panlex.org/snapshot/panlex-20191001-csv/3975#51723038>		"m̀=bóà"@nim	
"yikʼ-"@tab	<https://panlex.org/snapshot/panlex-20191001-csv/3975#51722916>				<https://panlex.org/snapshot/panlex-20191001-csv/3975#51722885>		"kù=kíà"@nim	
"yikʼ-"@tab	<https://panlex.org/snapshot/panlex-20191001-csv/3975#51726736>				<https://panlex.org/snapshot/panlex-20191001-csv/3975#51726710>		"kù=yólàgà"@nim	
"ug-ˈ"@tab	<https://panlex.org/snapshot/panlex-20191001-csv/3975#51722179>				<https://panlex.org/snapshot/panlex-20191001-csv/3975#51722154>		"kù=šɔ̀nsà"@nim	
"пелихюв"@tab	<https://panlex.org/snapshot/panlex-20191001-csv/3975#51723970>				<https://panlex.org/snapshot/panlex-20191001-csv/3975#51723948>		"=gè"@nim	
"ixˈu"@tab	<https://panlex.org/snapshot/panlex-20191001-csv/3975#51734375>				<https://panlex.org/snapshot/panlex-20191001-csv/3975#51734320>		"ìšɛ̀"@nim	
"ǯiqːˈi"@tab	<https://panlex.org/snapshot/panlex-20191001-csv/3975#51735787>				<https://panlex.org/snapshot/panlex-20191001-csv/3975#51735756>		"=kúpè"@nim	
