"پیر"@pnb	<https://panlex.org/snapshot/panlex-20191001-csv/5947#84803541>				<https://panlex.org/snapshot/panlex-20191001-csv/5947#84803409>		"итни"@gin	
"پیر"@pnb	<https://panlex.org/snapshot/panlex-20191001-csv/2892#110824128>				<https://panlex.org/snapshot/panlex-20191001-csv/2892#110824346>		"итни"@gin	
"جمعہ"@pnb	<https://panlex.org/snapshot/panlex-20191001-csv/2892#110825807>				<https://panlex.org/snapshot/panlex-20191001-csv/2892#110825881>		"рузман"@gin	
"جمعرات"@pnb	<https://panlex.org/snapshot/panlex-20191001-csv/2892#110825459>				<https://panlex.org/snapshot/panlex-20191001-csv/2892#110825600>		"хамиз"@gin	
"بدھ"@pnb	<https://panlex.org/snapshot/panlex-20191001-csv/2892#110825186>				<https://panlex.org/snapshot/panlex-20191001-csv/2892#110825181>		"арбагӏ"@gin	
"اتوار"@pnb	<https://panlex.org/snapshot/panlex-20191001-csv/2892#110826778>				<https://panlex.org/snapshot/panlex-20191001-csv/2892#110826882>		"гьатӏан"@gin	
"منگل"@pnb	<https://panlex.org/snapshot/panlex-20191001-csv/2892#110824653>				<https://panlex.org/snapshot/panlex-20191001-csv/2892#110824564>		"талат"@gin	
"ہفتہ"@pnb	<https://panlex.org/snapshot/panlex-20191001-csv/2892#110826226>				<https://panlex.org/snapshot/panlex-20191001-csv/2892#110826327>		"шамат"@gin	
