"وشکارلہ ویلہ"@pnb	<https://panlex.org/snapshot/panlex-20191001-csv/6709#111076301>				<https://panlex.org/snapshot/panlex-20191001-csv/6709#111076340>		"Sedekanî nawîn"@ckb	
"وشکارلہ ویلہ"@pnb	<https://panlex.org/snapshot/panlex-20191001-csv/6709#111076301>				<https://panlex.org/snapshot/panlex-20191001-csv/6709#111076396>		"سەدەکانی ناوین"@ckb	
"صلیبی جنگاں"@pnb	<https://panlex.org/snapshot/panlex-20191001-csv/6709#111076620>				<https://panlex.org/snapshot/panlex-20191001-csv/6709#111076725>		"شەڕەکانی خاچپەرستی"@ckb	
"صلیبی جنگاں"@pnb	<https://panlex.org/snapshot/panlex-20191001-csv/6709#111076620>				<https://panlex.org/snapshot/panlex-20191001-csv/6709#111076590>		"Şeṟekanî xaçperistî"@ckb	
"دوجی وڈی لڑائی"@pnb	<https://panlex.org/snapshot/panlex-20191001-csv/6709#111077566>				<https://panlex.org/snapshot/panlex-20191001-csv/6709#111077637>		"Şeṟî cîhaniyî dûhem"@ckb	
"دوجی وڈی لڑائی"@pnb	<https://panlex.org/snapshot/panlex-20191001-csv/6709#111077566>				<https://panlex.org/snapshot/panlex-20191001-csv/6709#111077623>		"شەڕی جیهانیی دووهەم"@ckb	
"کانسی ویلہ"@pnb	<https://panlex.org/snapshot/panlex-20191001-csv/6709#111076026>				<https://panlex.org/snapshot/panlex-20191001-csv/6709#111075944>		"Serdemî bronz"@ckb	
"کانسی ویلہ"@pnb	<https://panlex.org/snapshot/panlex-20191001-csv/6709#111076026>				<https://panlex.org/snapshot/panlex-20191001-csv/6709#111076007>		"سەردەمی برۆنز"@ckb	
"پتھر ویلہ"@pnb	<https://panlex.org/snapshot/panlex-20191001-csv/6709#111075843>				<https://panlex.org/snapshot/panlex-20191001-csv/6709#111075914>		"Serdemî berdîn"@ckb	
"پتھر ویلہ"@pnb	<https://panlex.org/snapshot/panlex-20191001-csv/6709#111075843>				<https://panlex.org/snapshot/panlex-20191001-csv/6709#111075799>		"سەردەمی بەردین"@ckb	
"پہلی وڈی لڑائی"@pnb	<https://panlex.org/snapshot/panlex-20191001-csv/6709#111077319>				<https://panlex.org/snapshot/panlex-20191001-csv/6709#111077402>		"شەڕی جیهانیی یەکەم"@ckb	
"پہلی وڈی لڑائی"@pnb	<https://panlex.org/snapshot/panlex-20191001-csv/6709#111077319>				<https://panlex.org/snapshot/panlex-20191001-csv/6709#111077483>		"Şeṟî cîhaniyî yekem"@ckb	
"رینیساں"@pnb	<https://panlex.org/snapshot/panlex-20191001-csv/6709#111076759>				<https://panlex.org/snapshot/panlex-20191001-csv/6709#111076834>		"Ṟînêsans"@ckb	
"رینیساں"@pnb	<https://panlex.org/snapshot/panlex-20191001-csv/6709#111076759>				<https://panlex.org/snapshot/panlex-20191001-csv/6709#111076903>		"ڕینێسانس"@ckb	
"ٹھنڈی لڑائی"@pnb	<https://panlex.org/snapshot/panlex-20191001-csv/6709#111077844>				<https://panlex.org/snapshot/panlex-20191001-csv/6709#111077855>		"Şeṟî sard"@ckb	
"ٹھنڈی لڑائی"@pnb	<https://panlex.org/snapshot/panlex-20191001-csv/6709#111077844>				<https://panlex.org/snapshot/panlex-20191001-csv/6709#111077766>		"شەڕی سارد"@ckb	
"صنعتی انقلاب"@pnb	<https://panlex.org/snapshot/panlex-20191001-csv/6709#111077265>				<https://panlex.org/snapshot/panlex-20191001-csv/6709#111077134>		"شۆڕشی پیشەسازی"@ckb	
"صنعتی انقلاب"@pnb	<https://panlex.org/snapshot/panlex-20191001-csv/6709#111077265>				<https://panlex.org/snapshot/panlex-20191001-csv/6709#111077257>		"Şoṟşî pîşesazî"@ckb	
"لویا ویلہ"@pnb	<https://panlex.org/snapshot/panlex-20191001-csv/6709#111076113>				<https://panlex.org/snapshot/panlex-20191001-csv/6709#111076178>		"سەردەمی ئاسن"@ckb	
"لویا ویلہ"@pnb	<https://panlex.org/snapshot/panlex-20191001-csv/6709#111076113>				<https://panlex.org/snapshot/panlex-20191001-csv/6709#111076134>		"Serdemî asin"@ckb	
"چانن ویلہ"@pnb	<https://panlex.org/snapshot/panlex-20191001-csv/6709#111076978>				<https://panlex.org/snapshot/panlex-20191001-csv/6709#111077055>		"سەردەمی ڕووناکبیری"@ckb	
"چانن ویلہ"@pnb	<https://panlex.org/snapshot/panlex-20191001-csv/6709#111076978>				<https://panlex.org/snapshot/panlex-20191001-csv/6709#111076991>		"Serdemî ṟûnakbîrî"@ckb	
"وائی کنگ"@pnb	<https://panlex.org/snapshot/panlex-20191001-csv/6709#111076573>				<https://panlex.org/snapshot/panlex-20191001-csv/6709#111076569>		"Vaykîngekan"@ckb	
"وائی کنگ"@pnb	<https://panlex.org/snapshot/panlex-20191001-csv/6709#111076573>				<https://panlex.org/snapshot/panlex-20191001-csv/6709#111076500>		"ڤایکینگەکان"@ckb	
"الف لیلہ"@pnb	<https://panlex.org/snapshot/panlex-20191001-csv/6710#111082839>				<https://panlex.org/snapshot/panlex-20191001-csv/6710#111082801>		"Hezar û yek şev"@ckb	
"الف لیلہ"@pnb	<https://panlex.org/snapshot/panlex-20191001-csv/6710#111082839>				<https://panlex.org/snapshot/panlex-20191001-csv/6710#111082829>		"هەزار و یەک شەو"@ckb	
"اوزون"@pnb	<https://panlex.org/snapshot/panlex-20191001-csv/5945#84405468>				<https://panlex.org/snapshot/panlex-20191001-csv/5945#84405428>		"ئۆزۆن"@ckb	
"پیر"@pnb	<https://panlex.org/snapshot/panlex-20191001-csv/5947#84803541>				<https://panlex.org/snapshot/panlex-20191001-csv/5947#84803360>		"دووشەممە"@ckb	
"یونائیٹڈ نیشنز"@pnb	<https://panlex.org/snapshot/panlex-20191001-csv/5940#81285988>				<https://panlex.org/snapshot/panlex-20191001-csv/5940#81285904>		"نەتەوە یەکگرتووەکان"@ckb	
"گولجی مادے"@pnb	<https://panlex.org/snapshot/panlex-20191001-csv/5939#80843259>				<https://panlex.org/snapshot/panlex-20191001-csv/5939#80843207>		"دەزگای گۆڵجی"@ckb	
"لیٹویا"@pnb	<https://panlex.org/snapshot/panlex-20191001-csv/5949#85314356>				<https://panlex.org/snapshot/panlex-20191001-csv/5949#85314250>		"لاتڤیا"@ckb	
"سنگاپور"@pnb	<https://panlex.org/snapshot/panlex-20191001-csv/5949#85320572>				<https://panlex.org/snapshot/panlex-20191001-csv/5949#85320482>		"سینگاپور"@ckb	
"فلپائن"@pnb	<https://panlex.org/snapshot/panlex-20191001-csv/5949#85323396>				<https://panlex.org/snapshot/panlex-20191001-csv/5949#85323305>		"فلیپین"@ckb	
"قرآن"@pnb	<https://panlex.org/snapshot/panlex-20191001-csv/5949#85313462>				<https://panlex.org/snapshot/panlex-20191001-csv/5949#85313390>		"قورئان"@ckb	
"آسٹریلیا"@pnb	<https://panlex.org/snapshot/panlex-20191001-csv/5949#85298207>				<https://panlex.org/snapshot/panlex-20191001-csv/5949#85298092>		"ئۆسترالیا"@ckb	
"تبلیسی"@pnb	<https://panlex.org/snapshot/panlex-20191001-csv/5949#85321857>				<https://panlex.org/snapshot/panlex-20191001-csv/5949#85321789>		"تبلیس"@ckb	
"باکو"@pnb	<https://panlex.org/snapshot/panlex-20191001-csv/5949#85301516>				<https://panlex.org/snapshot/panlex-20191001-csv/5949#85301445>		"باکوو"@ckb	
"تریخ"@pnb	<https://panlex.org/snapshot/panlex-20191001-csv/5942#83282309>				<https://panlex.org/snapshot/panlex-20191001-csv/5942#83282228>		"مێژوو"@ckb	
"سمندر"@pnb	<https://panlex.org/snapshot/panlex-20191001-csv/5942#83283257>				<https://panlex.org/snapshot/panlex-20191001-csv/5942#83283190>		"زەریا"@ckb	
"کالے ٹڈ آلا ریتگراوز"@pnb	<https://panlex.org/snapshot/panlex-20191001-csv/5942#83280030>				<https://panlex.org/snapshot/panlex-20191001-csv/5942#83280017>		"کوڕکوڕە"@ckb	
"یونیورسٹی"@pnb	<https://panlex.org/snapshot/panlex-20191001-csv/2904#111024522>				<https://panlex.org/snapshot/panlex-20191001-csv/2904#111024576>		"zanko"@ckb	
"یونیورسٹی"@pnb	<https://panlex.org/snapshot/panlex-20191001-csv/2904#111024522>				<https://panlex.org/snapshot/panlex-20191001-csv/2904#111024510>		"زانکۆ"@ckb	
"امن"@pnb	<https://panlex.org/snapshot/panlex-20191001-csv/2902#111012330>				<https://panlex.org/snapshot/panlex-20191001-csv/2902#111012170>		"ئاشتی"@ckb	
"امن"@pnb	<https://panlex.org/snapshot/panlex-20191001-csv/2902#111012330>				<https://panlex.org/snapshot/panlex-20191001-csv/2902#111012200>		"aştî"@ckb	
"شانتی"@pnb	<https://panlex.org/snapshot/panlex-20191001-csv/2902#111012326>				<https://panlex.org/snapshot/panlex-20191001-csv/2902#111012170>		"ئاشتی"@ckb	
"شانتی"@pnb	<https://panlex.org/snapshot/panlex-20191001-csv/2902#111012326>				<https://panlex.org/snapshot/panlex-20191001-csv/2902#111012200>		"aştî"@ckb	
"کالا سوراخ"@pnb	<https://panlex.org/snapshot/panlex-20191001-csv/2907#110849509>				<https://panlex.org/snapshot/panlex-20191001-csv/2907#110849502>		"kunî ṟeş"@ckb	
"کالا سوراخ"@pnb	<https://panlex.org/snapshot/panlex-20191001-csv/2907#110849509>				<https://panlex.org/snapshot/panlex-20191001-csv/2907#110849490>		"کونی ڕەش"@ckb	
"نوری سال"@pnb	<https://panlex.org/snapshot/panlex-20191001-csv/2907#110849409>				<https://panlex.org/snapshot/panlex-20191001-csv/2907#110849328>		"ساڵی تیشکی"@ckb	
"نوری سال"@pnb	<https://panlex.org/snapshot/panlex-20191001-csv/2907#110849409>				<https://panlex.org/snapshot/panlex-20191001-csv/2907#110849352>		"saḻî tîşkî"@ckb	
"پیر"@pnb	<https://panlex.org/snapshot/panlex-20191001-csv/2892#110824128>				<https://panlex.org/snapshot/panlex-20191001-csv/2892#110824175>		"dûşemme"@ckb	
"پیر"@pnb	<https://panlex.org/snapshot/panlex-20191001-csv/2892#110824128>				<https://panlex.org/snapshot/panlex-20191001-csv/2892#110824004>		"دووشەممە"@ckb	
"جمعہ"@pnb	<https://panlex.org/snapshot/panlex-20191001-csv/2892#110825807>				<https://panlex.org/snapshot/panlex-20191001-csv/2892#110825922>		"جومعە"@ckb	
"جمعہ"@pnb	<https://panlex.org/snapshot/panlex-20191001-csv/2892#110825807>				<https://panlex.org/snapshot/panlex-20191001-csv/2892#110825817>		"cum’e"@ckb	
"جمعرات"@pnb	<https://panlex.org/snapshot/panlex-20191001-csv/2892#110825459>				<https://panlex.org/snapshot/panlex-20191001-csv/2892#110825609>		"pêncşemme"@ckb	
"جمعرات"@pnb	<https://panlex.org/snapshot/panlex-20191001-csv/2892#110825459>				<https://panlex.org/snapshot/panlex-20191001-csv/2892#110825602>		"پێنجشەممە"@ckb	
"بدھ"@pnb	<https://panlex.org/snapshot/panlex-20191001-csv/2892#110825186>				<https://panlex.org/snapshot/panlex-20191001-csv/2892#110825097>		"çwarşemme"@ckb	
"بدھ"@pnb	<https://panlex.org/snapshot/panlex-20191001-csv/2892#110825186>				<https://panlex.org/snapshot/panlex-20191001-csv/2892#110825241>		"چوارشەممە"@ckb	
"اتوار"@pnb	<https://panlex.org/snapshot/panlex-20191001-csv/2892#110826778>				<https://panlex.org/snapshot/panlex-20191001-csv/2892#110826864>		"yekşemme"@ckb	
"اتوار"@pnb	<https://panlex.org/snapshot/panlex-20191001-csv/2892#110826778>				<https://panlex.org/snapshot/panlex-20191001-csv/2892#110826635>		"یەکشەممە"@ckb	
"منگل"@pnb	<https://panlex.org/snapshot/panlex-20191001-csv/2892#110824653>				<https://panlex.org/snapshot/panlex-20191001-csv/2892#110824805>		"سێشەممە"@ckb	
"منگل"@pnb	<https://panlex.org/snapshot/panlex-20191001-csv/2892#110824653>				<https://panlex.org/snapshot/panlex-20191001-csv/2892#110824698>		"sêşemme"@ckb	
"ہفتہ"@pnb	<https://panlex.org/snapshot/panlex-20191001-csv/2892#110826226>				<https://panlex.org/snapshot/panlex-20191001-csv/2892#110826546>		"şemme"@ckb	
"ہفتہ"@pnb	<https://panlex.org/snapshot/panlex-20191001-csv/2892#110826226>				<https://panlex.org/snapshot/panlex-20191001-csv/2892#110826403>		"شەممە"@ckb	
"فروری"@pnb	<https://panlex.org/snapshot/panlex-20191001-csv/2897#110827689>				<https://panlex.org/snapshot/panlex-20191001-csv/2897#110827648>		"شوبات"@ckb	
"فروری"@pnb	<https://panlex.org/snapshot/panlex-20191001-csv/2897#110827689>				<https://panlex.org/snapshot/panlex-20191001-csv/2897#110827788>		"şubat"@ckb	
"دسمبر"@pnb	<https://panlex.org/snapshot/panlex-20191001-csv/2897#110831873>				<https://panlex.org/snapshot/panlex-20191001-csv/2897#110831560>		"kanûnî yekem"@ckb	
"دسمبر"@pnb	<https://panlex.org/snapshot/panlex-20191001-csv/2897#110831873>				<https://panlex.org/snapshot/panlex-20191001-csv/2897#110831791>		"کانوونی یەکەم"@ckb	
"نومبر"@pnb	<https://panlex.org/snapshot/panlex-20191001-csv/2897#110831280>				<https://panlex.org/snapshot/panlex-20191001-csv/2897#110831400>		"تشرینی دووهەم"@ckb	
"نومبر"@pnb	<https://panlex.org/snapshot/panlex-20191001-csv/2897#110831280>				<https://panlex.org/snapshot/panlex-20191001-csv/2897#110831488>		"tişrînî dûhem"@ckb	
"اپریل"@pnb	<https://panlex.org/snapshot/panlex-20191001-csv/2897#110828291>				<https://panlex.org/snapshot/panlex-20191001-csv/2897#110828353>		"nîsan"@ckb	
"اپریل"@pnb	<https://panlex.org/snapshot/panlex-20191001-csv/2897#110828291>				<https://panlex.org/snapshot/panlex-20191001-csv/2897#110828525>		"نیسان"@ckb	
"جنوری"@pnb	<https://panlex.org/snapshot/panlex-20191001-csv/2897#110827167>				<https://panlex.org/snapshot/panlex-20191001-csv/2897#110827374>		"کانوونی دووهەم"@ckb	
"جنوری"@pnb	<https://panlex.org/snapshot/panlex-20191001-csv/2897#110827167>				<https://panlex.org/snapshot/panlex-20191001-csv/2897#110827138>		"kanûnî dûhem"@ckb	
"جولائی"@pnb	<https://panlex.org/snapshot/panlex-20191001-csv/2897#110829679>				<https://panlex.org/snapshot/panlex-20191001-csv/2897#110829529>		"temûz"@ckb	
"جولائی"@pnb	<https://panlex.org/snapshot/panlex-20191001-csv/2897#110829679>				<https://panlex.org/snapshot/panlex-20191001-csv/2897#110829723>		"تەمووز"@ckb	
"مارچ"@pnb	<https://panlex.org/snapshot/panlex-20191001-csv/2897#110828043>				<https://panlex.org/snapshot/panlex-20191001-csv/2897#110828175>		"adar"@ckb	
"مارچ"@pnb	<https://panlex.org/snapshot/panlex-20191001-csv/2897#110828043>				<https://panlex.org/snapshot/panlex-20191001-csv/2897#110828161>		"ئادار"@ckb	
"اگست"@pnb	<https://panlex.org/snapshot/panlex-20191001-csv/2897#110829991>				<https://panlex.org/snapshot/panlex-20191001-csv/2897#110830006>		"ab"@ckb	
"اگست"@pnb	<https://panlex.org/snapshot/panlex-20191001-csv/2897#110829991>				<https://panlex.org/snapshot/panlex-20191001-csv/2897#110829964>		"ئاب"@ckb	
"اکتوبر"@pnb	<https://panlex.org/snapshot/panlex-20191001-csv/2897#110831022>				<https://panlex.org/snapshot/panlex-20191001-csv/2897#110830956>		"تشرینی یەکەم"@ckb	
"اکتوبر"@pnb	<https://panlex.org/snapshot/panlex-20191001-csv/2897#110831022>				<https://panlex.org/snapshot/panlex-20191001-csv/2897#110830804>		"tişrînî yekem"@ckb	
"ستمبر"@pnb	<https://panlex.org/snapshot/panlex-20191001-csv/2897#110830623>				<https://panlex.org/snapshot/panlex-20191001-csv/2897#110830677>		"ئەیلوول"@ckb	
"ستمبر"@pnb	<https://panlex.org/snapshot/panlex-20191001-csv/2897#110830623>				<https://panlex.org/snapshot/panlex-20191001-csv/2897#110830655>		"eylûl"@ckb	
"جون"@pnb	<https://panlex.org/snapshot/panlex-20191001-csv/2897#110829218>				<https://panlex.org/snapshot/panlex-20191001-csv/2897#110829228>		"ḧuzeyran"@ckb	
"جون"@pnb	<https://panlex.org/snapshot/panlex-20191001-csv/2897#110829218>				<https://panlex.org/snapshot/panlex-20191001-csv/2897#110829375>		"ḧezîran"@ckb	
"جون"@pnb	<https://panlex.org/snapshot/panlex-20191001-csv/2897#110829218>				<https://panlex.org/snapshot/panlex-20191001-csv/2897#110829449>		"حەزیران"@ckb	
"جون"@pnb	<https://panlex.org/snapshot/panlex-20191001-csv/2897#110829218>				<https://panlex.org/snapshot/panlex-20191001-csv/2897#110829465>		"حوزەیران"@ckb	
"مئ"@pnb	<https://panlex.org/snapshot/panlex-20191001-csv/2897#110828678>				<https://panlex.org/snapshot/panlex-20191001-csv/2897#110828928>		"ئایار"@ckb	
"مئ"@pnb	<https://panlex.org/snapshot/panlex-20191001-csv/2897#110828678>				<https://panlex.org/snapshot/panlex-20191001-csv/2897#110828727>		"ayar"@ckb	
"اوشیانا"@pnb	<https://panlex.org/snapshot/panlex-20191001-csv/2891#110854355>				<https://panlex.org/snapshot/panlex-20191001-csv/2891#110854412>		"Oqyanusya"@ckb	
"اوشیانا"@pnb	<https://panlex.org/snapshot/panlex-20191001-csv/2891#110854355>				<https://panlex.org/snapshot/panlex-20191001-csv/2891#110854538>		"ئۆقیانوسیا"@ckb	
"ایشیاء"@pnb	<https://panlex.org/snapshot/panlex-20191001-csv/2891#110853860>				<https://panlex.org/snapshot/panlex-20191001-csv/2891#110853870>		"Asya"@ckb	
"ایشیاء"@pnb	<https://panlex.org/snapshot/panlex-20191001-csv/2891#110853860>				<https://panlex.org/snapshot/panlex-20191001-csv/2891#110853882>		"ئاسیا"@ckb	
"یورپ"@pnb	<https://panlex.org/snapshot/panlex-20191001-csv/2891#110854150>				<https://panlex.org/snapshot/panlex-20191001-csv/2891#110854047>		"Ewrupa"@ckb	
"یورپ"@pnb	<https://panlex.org/snapshot/panlex-20191001-csv/2891#110854150>				<https://panlex.org/snapshot/panlex-20191001-csv/2891#110854222>		"Ewrûpa"@ckb	
"یورپ"@pnb	<https://panlex.org/snapshot/panlex-20191001-csv/2891#110854150>				<https://panlex.org/snapshot/panlex-20191001-csv/2891#110854257>		"ئەورۆپا"@ckb	
"یورپ"@pnb	<https://panlex.org/snapshot/panlex-20191001-csv/2891#110854150>				<https://panlex.org/snapshot/panlex-20191001-csv/2891#110854319>		"Ewropa"@ckb	
"یورپ"@pnb	<https://panlex.org/snapshot/panlex-20191001-csv/2891#110854150>				<https://panlex.org/snapshot/panlex-20191001-csv/2891#110854195>		"ئەورووپا"@ckb	
"یورپ"@pnb	<https://panlex.org/snapshot/panlex-20191001-csv/2891#110854150>				<https://panlex.org/snapshot/panlex-20191001-csv/2891#110854211>		"ئەوروپا"@ckb	
"افریقہ"@pnb	<https://panlex.org/snapshot/panlex-20191001-csv/2891#110853171>				<https://panlex.org/snapshot/panlex-20191001-csv/2891#110853043>		"Efrîqa"@ckb	
"افریقہ"@pnb	<https://panlex.org/snapshot/panlex-20191001-csv/2891#110853171>				<https://panlex.org/snapshot/panlex-20191001-csv/2891#110853092>		"ئەفریقا"@ckb	
"امریکہ"@pnb	<https://panlex.org/snapshot/panlex-20191001-csv/2891#110853329>				<https://panlex.org/snapshot/panlex-20191001-csv/2891#110853469>		"ئامریکا"@ckb	
"امریکہ"@pnb	<https://panlex.org/snapshot/panlex-20191001-csv/2891#110853329>				<https://panlex.org/snapshot/panlex-20191001-csv/2891#110853464>		"ئەمەریکا"@ckb	
"امریکہ"@pnb	<https://panlex.org/snapshot/panlex-20191001-csv/2891#110853329>				<https://panlex.org/snapshot/panlex-20191001-csv/2891#110853381>		"Amrîka"@ckb	
"امریکہ"@pnb	<https://panlex.org/snapshot/panlex-20191001-csv/2891#110853329>				<https://panlex.org/snapshot/panlex-20191001-csv/2891#110853455>		"Emerîka"@ckb	
"انٹارکٹکا"@pnb	<https://panlex.org/snapshot/panlex-20191001-csv/2891#110853753>				<https://panlex.org/snapshot/panlex-20191001-csv/2891#110853630>		"ئانتارکتیکا"@ckb	
"انٹارکٹکا"@pnb	<https://panlex.org/snapshot/panlex-20191001-csv/2891#110853753>				<https://panlex.org/snapshot/panlex-20191001-csv/2891#110853723>		"Antarktîka"@ckb	
