"Me"@fj	<https://panlex.org/snapshot/panlex-20191001-csv/5947#84744053>				<https://panlex.org/snapshot/panlex-20191001-csv/5947#84744033>		"Matse’omeeše’he"@chy	
"Moniti"@fj	<https://panlex.org/snapshot/panlex-20191001-csv/5947#84803394>				<https://panlex.org/snapshot/panlex-20191001-csv/5947#84803355>		"Éénema’heóne Éšeeva"@chy	
"Moniti"@fj	<https://panlex.org/snapshot/panlex-20191001-csv/5947#84803394>				<https://panlex.org/snapshot/panlex-20191001-csv/5947#84803356>		"No’ka Éšeeva"@chy	
"Ai Vola Tabu"@fj	<https://panlex.org/snapshot/panlex-20191001-csv/5949#85302674>				<https://panlex.org/snapshot/panlex-20191001-csv/5949#85302654>		"Ma'heónemôxe'êstoo'o"@chy	
"Okosita"@fj	<https://panlex.org/snapshot/panlex-20191001-csv/5949#85329335>				<https://panlex.org/snapshot/panlex-20191001-csv/5949#85329301>		"Oeneneeše’he"@chy	
"vakacegu"@fj	<https://panlex.org/snapshot/panlex-20191001-csv/2902#111012312>				<https://panlex.org/snapshot/panlex-20191001-csv/2902#111011966>		"nanomonsetôtse"@chy	
"Vakarauwai"@fj	<https://panlex.org/snapshot/panlex-20191001-csv/2892#110826542>				<https://panlex.org/snapshot/panlex-20191001-csv/2892#110826311>		"Tšêške’ma’heóne Éšeeva"@chy	
"Vakarauwai"@fj	<https://panlex.org/snapshot/panlex-20191001-csv/2892#110826542>				<https://panlex.org/snapshot/panlex-20191001-csv/2892#110826230>		"Tšêške’ma’heóne Éšeeva"@chy	
"Vukelulu"@fj	<https://panlex.org/snapshot/panlex-20191001-csv/2892#110824922>				<https://panlex.org/snapshot/panlex-20191001-csv/2892#110825140>		"Na’ha Éšeeva"@chy	
"Vukelulu"@fj	<https://panlex.org/snapshot/panlex-20191001-csv/2892#110824922>				<https://panlex.org/snapshot/panlex-20191001-csv/2892#110825082>		"Nexa Éšeeva"@chy	
"Sigatabu"@fj	<https://panlex.org/snapshot/panlex-20191001-csv/2892#110827024>				<https://panlex.org/snapshot/panlex-20191001-csv/2892#110826739>		"Ma’heóne Éšeeva"@chy	
"Sigatabu"@fj	<https://panlex.org/snapshot/panlex-20191001-csv/2892#110827024>				<https://panlex.org/snapshot/panlex-20191001-csv/2892#110826581>		"Ma’heóne Éšeeva"@chy	
"Lotulevu"@fj	<https://panlex.org/snapshot/panlex-20191001-csv/2892#110825483>				<https://panlex.org/snapshot/panlex-20191001-csv/2892#110825516>		"Neva Éšeeva"@chy	
"Lotulevu"@fj	<https://panlex.org/snapshot/panlex-20191001-csv/2892#110825483>				<https://panlex.org/snapshot/panlex-20191001-csv/2892#110825441>		"Na’ha Éšeeva"@chy	
"Tusiti"@fj	<https://panlex.org/snapshot/panlex-20191001-csv/2892#110824681>				<https://panlex.org/snapshot/panlex-20191001-csv/2892#110824833>		"No’ka Éšeeva"@chy	
"Tusiti"@fj	<https://panlex.org/snapshot/panlex-20191001-csv/2892#110824681>				<https://panlex.org/snapshot/panlex-20191001-csv/2892#110824609>		"Nexa Éšeeva"@chy	
"Moniti"@fj	<https://panlex.org/snapshot/panlex-20191001-csv/2892#110824134>				<https://panlex.org/snapshot/panlex-20191001-csv/2892#110824323>		"No’ka Éšeeva"@chy	
"Moniti"@fj	<https://panlex.org/snapshot/panlex-20191001-csv/2892#110824134>				<https://panlex.org/snapshot/panlex-20191001-csv/2892#110824192>		"Éénema’heóne Éšeeva"@chy	
"Vakaraubuka"@fj	<https://panlex.org/snapshot/panlex-20191001-csv/2892#110826069>				<https://panlex.org/snapshot/panlex-20191001-csv/2892#110826005>		"Nóhona Éšeeva"@chy	
"Vakaraubuka"@fj	<https://panlex.org/snapshot/panlex-20191001-csv/2892#110826069>				<https://panlex.org/snapshot/panlex-20191001-csv/2892#110825873>		"Neva Éšeeva"@chy	
"Me"@fj	<https://panlex.org/snapshot/panlex-20191001-csv/2897#110828918>				<https://panlex.org/snapshot/panlex-20191001-csv/2897#110829049>		"Matse’omeeše’he"@chy	
"Julai"@fj	<https://panlex.org/snapshot/panlex-20191001-csv/2897#110829721>				<https://panlex.org/snapshot/panlex-20191001-csv/2897#110829884>		"Meaneeše’he"@chy	
"June"@fj	<https://panlex.org/snapshot/panlex-20191001-csv/2897#110829098>				<https://panlex.org/snapshot/panlex-20191001-csv/2897#110829429>		"Enano’eeše’he"@chy	
"Epereli"@fj	<https://panlex.org/snapshot/panlex-20191001-csv/2897#110828340>				<https://panlex.org/snapshot/panlex-20191001-csv/2897#110828377>		"Vehpotseeše’he"@chy	
"Feperueri"@fj	<https://panlex.org/snapshot/panlex-20191001-csv/2897#110827730>				<https://panlex.org/snapshot/panlex-20191001-csv/2897#110827532>		"Ma’xêhohtseeše’he"@chy	
"Noveba"@fj	<https://panlex.org/snapshot/panlex-20191001-csv/2897#110831314>				<https://panlex.org/snapshot/panlex-20191001-csv/2897#110831428>		"He’koneneeše’he"@chy	
"Sepiteba"@fj	<https://panlex.org/snapshot/panlex-20191001-csv/2897#110830717>				<https://panlex.org/snapshot/panlex-20191001-csv/2897#110830597>		"Tonoeveeše’he"@chy	
"Okotova"@fj	<https://panlex.org/snapshot/panlex-20191001-csv/2897#110830788>				<https://panlex.org/snapshot/panlex-20191001-csv/2897#110830727>		"Se’enehe"@chy	
"Janueri"@fj	<https://panlex.org/snapshot/panlex-20191001-csv/2897#110827402>				<https://panlex.org/snapshot/panlex-20191001-csv/2897#110827131>		"Hohtseeše’he"@chy	
"Maji"@fj	<https://panlex.org/snapshot/panlex-20191001-csv/2897#110828069>				<https://panlex.org/snapshot/panlex-20191001-csv/2897#110828252>		"Ponoma’a’êhaseneeše’he"@chy	
"Tiseba"@fj	<https://panlex.org/snapshot/panlex-20191001-csv/2897#110831932>				<https://panlex.org/snapshot/panlex-20191001-csv/2897#110831612>		"Ma’xêhe’koneneeše’he"@chy	
"Okosita"@fj	<https://panlex.org/snapshot/panlex-20191001-csv/2897#110829945>				<https://panlex.org/snapshot/panlex-20191001-csv/2897#110830306>		"Oeneneeše’he"@chy	
