"akmens"@lvs	<https://panlex.org/snapshot/panlex-20191001-csv/1573#50090668>				<https://panlex.org/snapshot/panlex-20191001-csv/1573#50090684>		"ããng"@mot	
"akmens"@lvs	<https://panlex.org/snapshot/panlex-20191001-csv/1573#50090668>				<https://panlex.org/snapshot/panlex-20191001-csv/1573#50090683>		"aɨna"@mot	
"koks"@lvs	<https://panlex.org/snapshot/panlex-20191001-csv/1573#50090070>				<https://panlex.org/snapshot/panlex-20191001-csv/1573#50090082>		"kaa"@mot	
"koks"@lvs	<https://panlex.org/snapshot/panlex-20191001-csv/1573#50090327>				<https://panlex.org/snapshot/panlex-20191001-csv/1573#50090338>		"kaa"@mot	
"atvars"@lvs	<https://panlex.org/snapshot/panlex-20191001-csv/1573#50088738>				<https://panlex.org/snapshot/panlex-20191001-csv/1573#50088743>		"sabarīka"@mot	
"malka"@lvs	<https://panlex.org/snapshot/panlex-20191001-csv/1573#50090328>				<https://panlex.org/snapshot/panlex-20191001-csv/1573#50090338>		"kaa"@mot	
"aka"@lvs	<https://panlex.org/snapshot/panlex-20191001-csv/1573#50089048>				<https://panlex.org/snapshot/panlex-20191001-csv/1573#50089060>		"undaghakĩ"@mot	
"mežs"@lvs	<https://panlex.org/snapshot/panlex-20191001-csv/1573#50089794>				<https://panlex.org/snapshot/panlex-20191001-csv/1573#50089803>		"itenči"@mot	
"kalns"@lvs	<https://panlex.org/snapshot/panlex-20191001-csv/1573#50083656>				<https://panlex.org/snapshot/panlex-20191001-csv/1573#50083668>		"dyɨra"@mot	
"tīrums"@lvs	<https://panlex.org/snapshot/panlex-20191001-csv/1573#50084335>				<https://panlex.org/snapshot/panlex-20191001-csv/1573#50084342>		"bẽa"@mot	
"ūdens"@lvs	<https://panlex.org/snapshot/panlex-20191001-csv/1573#50085771>				<https://panlex.org/snapshot/panlex-20191001-csv/1573#50085784>		"šiima"@mot	
"lagūna"@lvs	<https://panlex.org/snapshot/panlex-20191001-csv/1573#50087320>				<https://panlex.org/snapshot/panlex-20191001-csv/1573#50087325>		"baḍõ"@mot	
"leja"@lvs	<https://panlex.org/snapshot/panlex-20191001-csv/1573#50084600>				<https://panlex.org/snapshot/panlex-20191001-csv/1573#50084604>		"šiimbia"@mot	
"augsne"@lvs	<https://panlex.org/snapshot/panlex-20191001-csv/1573#50082468>				<https://panlex.org/snapshot/panlex-20191001-csv/1573#50082479>		"ihtãã"@mot	
"dubl̩i"@lvs	<https://panlex.org/snapshot/panlex-20191001-csv/1573#50083048>				<https://panlex.org/snapshot/panlex-20191001-csv/1573#50083063>		"barā"@mot	
"zeme"@lvs	<https://panlex.org/snapshot/panlex-20191001-csv/1573#50082469>				<https://panlex.org/snapshot/panlex-20191001-csv/1573#50082479>		"ihtãã"@mot	
"zeme"@lvs	<https://panlex.org/snapshot/panlex-20191001-csv/1573#50082136>				<https://panlex.org/snapshot/panlex-20191001-csv/1573#50082145>		"ihtãã"@mot	
"ieleja"@lvs	<https://panlex.org/snapshot/panlex-20191001-csv/1573#50084599>				<https://panlex.org/snapshot/panlex-20191001-csv/1573#50084604>		"šiimbia"@mot	
"pasaule"@lvs	<https://panlex.org/snapshot/panlex-20191001-csv/1573#50081838>				<https://panlex.org/snapshot/panlex-20191001-csv/1573#50081842>		"ihtãã"@mot	
"klints"@lvs	<https://panlex.org/snapshot/panlex-20191001-csv/1573#50084011>				<https://panlex.org/snapshot/panlex-20191001-csv/1573#50084021>		"angbarī"@mot	
"klints"@lvs	<https://panlex.org/snapshot/panlex-20191001-csv/1573#50090669>				<https://panlex.org/snapshot/panlex-20191001-csv/1573#50090684>		"ããng"@mot	
"klints"@lvs	<https://panlex.org/snapshot/panlex-20191001-csv/1573#50090669>				<https://panlex.org/snapshot/panlex-20191001-csv/1573#50090683>		"aɨna"@mot	
"smiltis"@lvs	<https://panlex.org/snapshot/panlex-20191001-csv/1573#50083302>				<https://panlex.org/snapshot/panlex-20191001-csv/1573#50083313>		"ũũngda"@mot	
"ezers"@lvs	<https://panlex.org/snapshot/panlex-20191001-csv/1573#50087000>				<https://panlex.org/snapshot/panlex-20191001-csv/1573#50087009>		"badõo"@mot	
"līdzenums"@lvs	<https://panlex.org/snapshot/panlex-20191001-csv/1573#50084334>				<https://panlex.org/snapshot/panlex-20191001-csv/1573#50084342>		"bẽa"@mot	
"krauja"@lvs	<https://panlex.org/snapshot/panlex-20191001-csv/1573#50084012>				<https://panlex.org/snapshot/panlex-20191001-csv/1573#50084021>		"angbarī"@mot	
"lauks"@lvs	<https://panlex.org/snapshot/panlex-20191001-csv/1573#50084333>				<https://panlex.org/snapshot/panlex-20191001-csv/1573#50084342>		"bẽa"@mot	
"smilts"@lvs	<https://panlex.org/snapshot/panlex-20191001-csv/1573#50083303>				<https://panlex.org/snapshot/panlex-20191001-csv/1573#50083313>		"ũũngda"@mot	
"avots"@lvs	<https://panlex.org/snapshot/panlex-20191001-csv/1573#50089049>				<https://panlex.org/snapshot/panlex-20191001-csv/1573#50089060>		"undaghakĩ"@mot	
"debesis"@lvs	<https://panlex.org/snapshot/panlex-20191001-csv/1573#50091170>				<https://panlex.org/snapshot/panlex-20191001-csv/1573#50091178>		"baḍũ"@mot	
"upe"@lvs	<https://panlex.org/snapshot/panlex-20191001-csv/1573#50088447>				<https://panlex.org/snapshot/panlex-20191001-csv/1573#50088460>		"bohgī"@mot	
"pakalns"@lvs	<https://panlex.org/snapshot/panlex-20191001-csv/1573#50083657>				<https://panlex.org/snapshot/panlex-20191001-csv/1573#50083668>		"dyɨra"@mot	
"straume"@lvs	<https://panlex.org/snapshot/panlex-20191001-csv/1573#50088446>				<https://panlex.org/snapshot/panlex-20191001-csv/1573#50088460>		"bohgī"@mot	
"ala"@lvs	<https://panlex.org/snapshot/panlex-20191001-csv/1573#50085533>				<https://panlex.org/snapshot/panlex-20191001-csv/1573#50085539>		"akdō"@mot	
"purvs"@lvs	<https://panlex.org/snapshot/panlex-20191001-csv/1573#50089342>				<https://panlex.org/snapshot/panlex-20191001-csv/1573#50089352>		"barona"@mot	
"ūdenskritums"@lvs	<https://panlex.org/snapshot/panlex-20191001-csv/1573#50089563>				<https://panlex.org/snapshot/panlex-20191001-csv/1573#50089567>		"bohgi baado ahgyitakani"@mot	
"putekl̩i"@lvs	<https://panlex.org/snapshot/panlex-20191001-csv/1573#50082748>				<https://panlex.org/snapshot/panlex-20191001-csv/1573#50082760>		"ihtan-bruki"@mot	
"debess"@lvs	<https://panlex.org/snapshot/panlex-20191001-csv/1573#50091171>				<https://panlex.org/snapshot/panlex-20191001-csv/1573#50091178>		"baḍũ"@mot	
