"Deitschland"@pdc	<https://panlex.org/snapshot/panlex-20191001-csv/5939#80782764>				<https://panlex.org/snapshot/panlex-20191001-csv/5939#80782779>		"jarmaniya"@si	
"Beijing"@pdc	<https://panlex.org/snapshot/panlex-20191001-csv/5949#85318034>				<https://panlex.org/snapshot/panlex-20191001-csv/5949#85318046>		"බෙයිජිං"@si	
"Berlin"@pdc	<https://panlex.org/snapshot/panlex-20191001-csv/5949#85302506>				<https://panlex.org/snapshot/panlex-20191001-csv/5949#85302525>		"බර්ලිනය"@si	
"Biwwel"@pdc	<https://panlex.org/snapshot/panlex-20191001-csv/5949#85302762>				<https://panlex.org/snapshot/panlex-20191001-csv/5949#85302777>		"ශුද්ධවූ බයිබලය"@si	
"Aagscht"@pdc	<https://panlex.org/snapshot/panlex-20191001-csv/2897#110830018>				<https://panlex.org/snapshot/panlex-20191001-csv/2897#110829968>		"අගෝස්‍තු"@si	
"Matz"@pdc	<https://panlex.org/snapshot/panlex-20191001-csv/2897#110827898>				<https://panlex.org/snapshot/panlex-20191001-csv/2897#110827951>		"මාර්‍තු"@si	
"Disember"@pdc	<https://panlex.org/snapshot/panlex-20191001-csv/2897#110831746>				<https://panlex.org/snapshot/panlex-20191001-csv/2897#110831904>		"දෙසැම්‍බර්"@si	
"Yenner"@pdc	<https://panlex.org/snapshot/panlex-20191001-csv/2897#110827182>				<https://panlex.org/snapshot/panlex-20191001-csv/2897#110827357>		"ජනවාරි"@si	
"Oktower"@pdc	<https://panlex.org/snapshot/panlex-20191001-csv/2897#110830893>				<https://panlex.org/snapshot/panlex-20191001-csv/2897#110831088>		"ඔක්‍තෝබර්"@si	
"Auguſcht"@pdc	<https://panlex.org/snapshot/panlex-20191001-csv/2897#110830052>				<https://panlex.org/snapshot/panlex-20191001-csv/2897#110829968>		"අගෝස්‍තු"@si	
"Tschulei"@pdc	<https://panlex.org/snapshot/panlex-20191001-csv/2897#110829805>				<https://panlex.org/snapshot/panlex-20191001-csv/2897#110829869>		"ජූලි"@si	
"Auguscht"@pdc	<https://panlex.org/snapshot/panlex-20191001-csv/2897#110830016>				<https://panlex.org/snapshot/panlex-20191001-csv/2897#110829968>		"අගෝස්‍තු"@si	
"Tſchuun"@pdc	<https://panlex.org/snapshot/panlex-20191001-csv/2897#110829309>				<https://panlex.org/snapshot/panlex-20191001-csv/2897#110829139>		"ජූනි"@si	
"September"@pdc	<https://panlex.org/snapshot/panlex-20191001-csv/2897#110830320>				<https://panlex.org/snapshot/panlex-20191001-csv/2897#110830664>		"සැප්‍තැම්‍බර්"@si	
"Diſember"@pdc	<https://panlex.org/snapshot/panlex-20191001-csv/2897#110831767>				<https://panlex.org/snapshot/panlex-20191001-csv/2897#110831904>		"දෙසැම්‍බර්"@si	
"Moi"@pdc	<https://panlex.org/snapshot/panlex-20191001-csv/2897#110828904>				<https://panlex.org/snapshot/panlex-20191001-csv/2897#110828842>		"මැයි"@si	
"Hanning"@pdc	<https://panlex.org/snapshot/panlex-20191001-csv/2897#110827511>				<https://panlex.org/snapshot/panlex-20191001-csv/2897#110827475>		"පෙබරවාරි"@si	
"Aagſcht"@pdc	<https://panlex.org/snapshot/panlex-20191001-csv/2897#110830158>				<https://panlex.org/snapshot/panlex-20191001-csv/2897#110829968>		"අගෝස්‍තු"@si	
"Tschuun"@pdc	<https://panlex.org/snapshot/panlex-20191001-csv/2897#110829169>				<https://panlex.org/snapshot/panlex-20191001-csv/2897#110829139>		"ජූනි"@si	
"Abril"@pdc	<https://panlex.org/snapshot/panlex-20191001-csv/2897#110828278>				<https://panlex.org/snapshot/panlex-20191001-csv/2897#110828550>		"අප්‍රේල්"@si	
"Tſchulei"@pdc	<https://panlex.org/snapshot/panlex-20191001-csv/2897#110829868>				<https://panlex.org/snapshot/panlex-20191001-csv/2897#110829869>		"ජූලි"@si	
"Nowember"@pdc	<https://panlex.org/snapshot/panlex-20191001-csv/2897#110831465>				<https://panlex.org/snapshot/panlex-20191001-csv/2897#110831158>		"නොවැම්‍බර්"@si	
