"მეორე მსოფლიო ომი"@ka	<https://panlex.org/snapshot/panlex-20191001-csv/6709#111077650>				<https://panlex.org/snapshot/panlex-20191001-csv/6709#111077605>		"Mokõiha Ñorairõ Guasu"@gug	
"პირველი მსოფლიო ომი"@ka	<https://panlex.org/snapshot/panlex-20191001-csv/6709#111077297>				<https://panlex.org/snapshot/panlex-20191001-csv/6709#111077345>		"Peteĩha Ñorairõ Guasu"@gug	
"პატარა უფლისწული"@ka	<https://panlex.org/snapshot/panlex-20191001-csv/6710#111083051>				<https://panlex.org/snapshot/panlex-20191001-csv/6710#111083121>		"Mitãmi"@gug	
"პატარა პრინცი"@ka	<https://panlex.org/snapshot/panlex-20191001-csv/6710#111083109>				<https://panlex.org/snapshot/panlex-20191001-csv/6710#111083121>		"Mitãmi"@gug	
"შინაური კატა"@ka	<https://panlex.org/snapshot/panlex-20191001-csv/2129#11694550>				<https://panlex.org/snapshot/panlex-20191001-csv/2129#11694533>		"mbarakaja"@gug	
"ენა"@ka	<https://panlex.org/snapshot/panlex-20191001-csv/2129#11694326>				<https://panlex.org/snapshot/panlex-20191001-csv/2129#11694308>		"ñe'ẽ"@gug	
"გმადლობთ"@ka	<https://panlex.org/snapshot/panlex-20191001-csv/5945#84386437>				<https://panlex.org/snapshot/panlex-20191001-csv/5945#84386423>		"aguyje"@gug	
"მადლობთ"@ka	<https://panlex.org/snapshot/panlex-20191001-csv/5945#84386438>				<https://panlex.org/snapshot/panlex-20191001-csv/5945#84386423>		"aguyje"@gug	
"შენ"@ka	<https://panlex.org/snapshot/panlex-20191001-csv/5945#84429830>				<https://panlex.org/snapshot/panlex-20191001-csv/5945#84429815>		"nde"@gug	
"გველები"@ka	<https://panlex.org/snapshot/panlex-20191001-csv/5945#84421026>				<https://panlex.org/snapshot/panlex-20191001-csv/5945#84421015>		"mbói"@gug	
"დამოუკიდებლობის"@ka	<https://panlex.org/snapshot/panlex-20191001-csv/5947#84766744>				<https://panlex.org/snapshot/panlex-20191001-csv/5947#84766725>		"tekosa’y"@gug	
"ალბანეთი"@ka	<https://panlex.org/snapshot/panlex-20191001-csv/5947#84579709>				<https://panlex.org/snapshot/panlex-20191001-csv/5947#84579684>		"Avaña"@gug	
"ორშაბათი"@ka	<https://panlex.org/snapshot/panlex-20191001-csv/5947#84803455>				<https://panlex.org/snapshot/panlex-20191001-csv/5947#84803422>		"arakõi"@gug	
"არწივი"@ka	<https://panlex.org/snapshot/panlex-20191001-csv/5947#84782287>				<https://panlex.org/snapshot/panlex-20191001-csv/5947#84782259>		"apakani"@gug	
"ექიმი"@ka	<https://panlex.org/snapshot/panlex-20191001-csv/5947#84737825>				<https://panlex.org/snapshot/panlex-20191001-csv/5947#84737810>		"pohãnohara"@gug	
"შობას გილოცავთ"@ka	<https://panlex.org/snapshot/panlex-20191001-csv/5947#84615736>				<https://panlex.org/snapshot/panlex-20191001-csv/5947#84615722>		"Tupãra'y'ára rory"@gug	
"საშობაო ნაძვის ხე"@ka	<https://panlex.org/snapshot/panlex-20191001-csv/5947#84652689>				<https://panlex.org/snapshot/panlex-20191001-csv/5947#84652676>		"yvyrapuku’i tupãra’y aragua"@gug	
"ვარსკვლავი"@ka	<https://panlex.org/snapshot/panlex-20191001-csv/5947#84696116>				<https://panlex.org/snapshot/panlex-20191001-csv/5947#84696103>		"mbyja"@gug	
"იანვარი"@ka	<https://panlex.org/snapshot/panlex-20191001-csv/5947#84851476>				<https://panlex.org/snapshot/panlex-20191001-csv/5947#84851456>		"Jasyteĩ"@gug	
"ალჟირი"@ka	<https://panlex.org/snapshot/panlex-20191001-csv/5947#84580130>				<https://panlex.org/snapshot/panlex-20191001-csv/5947#84580105>		"Ahélia"@gug	
"ის"@ka	<https://panlex.org/snapshot/panlex-20191001-csv/5947#84779917>				<https://panlex.org/snapshot/panlex-20191001-csv/5947#84779907>		"ahẽ"@gug	
"ენა"@ka	<https://panlex.org/snapshot/panlex-20191001-csv/5940#81311438>				<https://panlex.org/snapshot/panlex-20191001-csv/5940#81311427>		"kũ"@gug	
"ესპანეთი"@ka	<https://panlex.org/snapshot/panlex-20191001-csv/5940#81280969>				<https://panlex.org/snapshot/panlex-20191001-csv/5940#81280952>		"Epaña"@gug	
"ქალი"@ka	<https://panlex.org/snapshot/panlex-20191001-csv/5940#81312502>				<https://panlex.org/snapshot/panlex-20191001-csv/5940#81312490>		"kuña"@gug	
"ევროპა"@ka	<https://panlex.org/snapshot/panlex-20191001-csv/5940#81279751>				<https://panlex.org/snapshot/panlex-20191001-csv/5940#81279734>		"Europa"@gug	
"gazapkhili"@ka	<https://panlex.org/snapshot/panlex-20191001-csv/5939#80824555>				<https://panlex.org/snapshot/panlex-20191001-csv/5939#80824543>		"arapoty"@gug	
"vašli"@ka	<https://panlex.org/snapshot/panlex-20191001-csv/5939#80724050>				<https://panlex.org/snapshot/panlex-20191001-csv/5939#80724036>		"guavirana’a"@gug	
"gvelt̕evza"@ka	<https://panlex.org/snapshot/panlex-20191001-csv/5939#80698939>				<https://panlex.org/snapshot/panlex-20191001-csv/5939#80698929>		"mbusu"@gug	
"gamonaqʼari"@ka	<https://panlex.org/snapshot/panlex-20191001-csv/5939#80710845>				<https://panlex.org/snapshot/panlex-20191001-csv/5939#80710833>		"jari’i"@gug	
"xe"@ka	<https://panlex.org/snapshot/panlex-20191001-csv/5939#80745496>				<https://panlex.org/snapshot/panlex-20191001-csv/5939#80745486>		"yvyra"@gug	
"germanuli"@ka	<https://panlex.org/snapshot/panlex-20191001-csv/5939#80782404>				<https://panlex.org/snapshot/panlex-20191001-csv/5939#80782382>		"aleman"@gug	
"germanuli"@ka	<https://panlex.org/snapshot/panlex-20191001-csv/5939#80782404>				<https://panlex.org/snapshot/panlex-20191001-csv/5939#80782381>		"alemañañe'ẽ"@gug	
"tsigni"@ka	<https://panlex.org/snapshot/panlex-20191001-csv/5939#80766677>				<https://panlex.org/snapshot/panlex-20191001-csv/5939#80766666>		"kuatiañe'ẽ"@gug	
"ṗriziuli"@ka	<https://panlex.org/snapshot/panlex-20191001-csv/5939#80823496>				<https://panlex.org/snapshot/panlex-20191001-csv/5939#80823487>		"Frisia-gua ñe'ẽ"@gug	
"theberwali"@ka	<https://panlex.org/snapshot/panlex-20191001-csv/5939#80811257>				<https://panlex.org/snapshot/panlex-20191001-csv/5939#80811235>		"jasykõi"@gug	
"akʼne"@ka	<https://panlex.org/snapshot/panlex-20191001-csv/5939#80710846>				<https://panlex.org/snapshot/panlex-20191001-csv/5939#80710833>		"jari’i"@gug	
"agvist’o"@ka	<https://panlex.org/snapshot/panlex-20191001-csv/5939#80734613>				<https://panlex.org/snapshot/panlex-20191001-csv/5939#80734602>		"yasypoapy"@gug	
"magaliti"@ka	<https://panlex.org/snapshot/panlex-20191001-csv/5939#80748545>				<https://panlex.org/snapshot/panlex-20191001-csv/5939#80748541>		"techapyrã"@gug	
"papa"@ka	<https://panlex.org/snapshot/panlex-20191001-csv/5939#80846273>				<https://panlex.org/snapshot/panlex-20191001-csv/5939#80846256>		"tamói"@gug	
"papa"@ka	<https://panlex.org/snapshot/panlex-20191001-csv/5939#80846273>				<https://panlex.org/snapshot/panlex-20191001-csv/5939#80846254>		"taita"@gug	
"papa"@ka	<https://panlex.org/snapshot/panlex-20191001-csv/5939#80846273>				<https://panlex.org/snapshot/panlex-20191001-csv/5939#80846255>		"taitaguasu"@gug	
"aphthiakhi"@ka	<https://panlex.org/snapshot/panlex-20191001-csv/5939#80724745>				<https://panlex.org/snapshot/panlex-20191001-csv/5939#80724731>		"pohã ñemũha"@gug	
"mdinare"@ka	<https://panlex.org/snapshot/panlex-20191001-csv/5939#80818602>				<https://panlex.org/snapshot/panlex-20191001-csv/5939#80818584>		"ysyry"@gug	
"ap'rili"@ka	<https://panlex.org/snapshot/panlex-20191001-csv/5939#80725350>				<https://panlex.org/snapshot/panlex-20191001-csv/5939#80725338>		"jasyrundy"@gug	
"mutsʼuebi"@ka	<https://panlex.org/snapshot/panlex-20191001-csv/5939#80710847>				<https://panlex.org/snapshot/panlex-20191001-csv/5939#80710833>		"jari’i"@gug	
"samshabati"@ka	<https://panlex.org/snapshot/panlex-20191001-csv/5939#80784033>				<https://panlex.org/snapshot/panlex-20191001-csv/5939#80784021>		"araapy"@gug	
"pranguli"@ka	<https://panlex.org/snapshot/panlex-20191001-csv/5939#80821404>				<https://panlex.org/snapshot/panlex-20191001-csv/5939#80821389>		"Hyãsiañe'ẽ"@gug	
"babua"@ka	<https://panlex.org/snapshot/panlex-20191001-csv/5939#80846272>				<https://panlex.org/snapshot/panlex-20191001-csv/5939#80846256>		"tamói"@gug	
"babua"@ka	<https://panlex.org/snapshot/panlex-20191001-csv/5939#80846272>				<https://panlex.org/snapshot/panlex-20191001-csv/5939#80846254>		"taita"@gug	
"babua"@ka	<https://panlex.org/snapshot/panlex-20191001-csv/5939#80846272>				<https://panlex.org/snapshot/panlex-20191001-csv/5939#80846255>		"taitaguasu"@gug	
"sixaruli"@ka	<https://panlex.org/snapshot/panlex-20191001-csv/5939#80822761>				<https://panlex.org/snapshot/panlex-20191001-csv/5939#80822752>		"vy’a"@gug	
"sixaruli"@ka	<https://panlex.org/snapshot/panlex-20191001-csv/5939#80822761>				<https://panlex.org/snapshot/panlex-20191001-csv/5939#80822753>		"tory"@gug	
"berlini"@ka	<https://panlex.org/snapshot/panlex-20191001-csv/5939#80750968>				<https://panlex.org/snapshot/panlex-20191001-csv/5939#80750953>		"Berlin"@gug	
"andora"@ka	<https://panlex.org/snapshot/panlex-20191001-csv/5939#80718552>				<https://panlex.org/snapshot/panlex-20191001-csv/5939#80718534>		"Andorra"@gug	
"tseri"@ka	<https://panlex.org/snapshot/panlex-20191001-csv/5939#80779691>				<https://panlex.org/snapshot/panlex-20191001-csv/5939#80779682>		"kuã guasu"@gug	
"Evropa"@ka	<https://panlex.org/snapshot/panlex-20191001-csv/5939#80806631>				<https://panlex.org/snapshot/panlex-20191001-csv/5939#80806616>		"Europa"@gug	
"put'k'ari"@ka	<https://panlex.org/snapshot/panlex-20191001-csv/5939#80754685>				<https://panlex.org/snapshot/panlex-20191001-csv/5939#80754676>		"kava"@gug	
"pharmazhewtika"@ka	<https://panlex.org/snapshot/panlex-20191001-csv/5939#80724746>				<https://panlex.org/snapshot/panlex-20191001-csv/5939#80724731>		"pohã ñemũha"@gug	
"saprangeti"@ka	<https://panlex.org/snapshot/panlex-20191001-csv/5939#80821032>				<https://panlex.org/snapshot/panlex-20191001-csv/5939#80821017>		"Hyãsia"@gug	
"sasaplao"@ka	<https://panlex.org/snapshot/panlex-20191001-csv/5939#80823272>				<https://panlex.org/snapshot/panlex-20191001-csv/5939#80823260>		"tyvyty"@gug	
"sasaplao"@ka	<https://panlex.org/snapshot/panlex-20191001-csv/5939#80823272>				<https://panlex.org/snapshot/panlex-20191001-csv/5939#80823261>		"tyvyroka"@gug	
"dek'emberi"@ka	<https://panlex.org/snapshot/panlex-20191001-csv/5939#80782967>				<https://panlex.org/snapshot/panlex-20191001-csv/5939#80782955>		"jasypakõi"@gug	
"თევზი"@ka	<https://panlex.org/snapshot/panlex-20191001-csv/5946#84454778>				<https://panlex.org/snapshot/panlex-20191001-csv/5946#84454756>		"pira"@gug	
"ხე"@ka	<https://panlex.org/snapshot/panlex-20191001-csv/5946#84449603>				<https://panlex.org/snapshot/panlex-20191001-csv/5946#84449589>		"yvyra"@gug	
"სარკე"@ka	<https://panlex.org/snapshot/panlex-20191001-csv/5946#84446219>				<https://panlex.org/snapshot/panlex-20191001-csv/5946#84446186>		"itagecha"@gug	
"ობობა"@ka	<https://panlex.org/snapshot/panlex-20191001-csv/5946#84452139>				<https://panlex.org/snapshot/panlex-20191001-csv/5946#84452124>		"ñandu"@gug	
"ოფლი"@ka	<https://panlex.org/snapshot/panlex-20191001-csv/5946#84435267>				<https://panlex.org/snapshot/panlex-20191001-csv/5946#84435255>		"ty'ai"@gug	
"მონასტერი"@ka	<https://panlex.org/snapshot/panlex-20191001-csv/5949#85326614>				<https://panlex.org/snapshot/panlex-20191001-csv/5949#85326596>		"pa’iróga"@gug	
"სააბატო"@ka	<https://panlex.org/snapshot/panlex-20191001-csv/5949#85326616>				<https://panlex.org/snapshot/panlex-20191001-csv/5949#85326596>		"pa’iróga"@gug	
"ევროპა"@ka	<https://panlex.org/snapshot/panlex-20191001-csv/5949#85308567>				<https://panlex.org/snapshot/panlex-20191001-csv/5949#85308541>		"Europa"@gug	
"ურუგვაი"@ka	<https://panlex.org/snapshot/panlex-20191001-csv/5949#85322910>				<https://panlex.org/snapshot/panlex-20191001-csv/5949#85322887>		"Uruguái"@gug	
"ბერლინი"@ka	<https://panlex.org/snapshot/panlex-20191001-csv/5949#85302457>				<https://panlex.org/snapshot/panlex-20191001-csv/5949#85302432>		"Berlin"@gug	
"ყურანი"@ka	<https://panlex.org/snapshot/panlex-20191001-csv/5949#85313433>				<https://panlex.org/snapshot/panlex-20191001-csv/5949#85313413>		"Korã"@gug	
"ლატვია"@ka	<https://panlex.org/snapshot/panlex-20191001-csv/5949#85314307>				<https://panlex.org/snapshot/panlex-20191001-csv/5949#85314284>		"Letoña"@gug	
"იტალია"@ka	<https://panlex.org/snapshot/panlex-20191001-csv/5949#85311610>				<https://panlex.org/snapshot/panlex-20191001-csv/5949#85311598>		"Italia"@gug	
"პორტუგალია"@ka	<https://panlex.org/snapshot/panlex-20191001-csv/5949#85318815>				<https://panlex.org/snapshot/panlex-20191001-csv/5949#85318800>		"Poytuga"@gug	
"სავანე"@ka	<https://panlex.org/snapshot/panlex-20191001-csv/5949#85326615>				<https://panlex.org/snapshot/panlex-20191001-csv/5949#85326596>		"pa’iróga"@gug	
"პერუ"@ka	<https://panlex.org/snapshot/panlex-20191001-csv/5949#85318259>				<https://panlex.org/snapshot/panlex-20191001-csv/5949#85318232>		"Perũ"@gug	
"იერუსალიმი"@ka	<https://panlex.org/snapshot/panlex-20191001-csv/5949#85309958>				<https://panlex.org/snapshot/panlex-20191001-csv/5949#85309931>		"Herusalẽ"@gug	
"თურქეთი"@ka	<https://panlex.org/snapshot/panlex-20191001-csv/5949#85322534>				<https://panlex.org/snapshot/panlex-20191001-csv/5949#85322508>		"Tuykia"@gug	
"რუსეთი"@ka	<https://panlex.org/snapshot/panlex-20191001-csv/5949#85319493>				<https://panlex.org/snapshot/panlex-20191001-csv/5949#85319458>		"Rrusia"@gug	
"ღმერთი"@ka	<https://panlex.org/snapshot/panlex-20191001-csv/5949#85303045>				<https://panlex.org/snapshot/panlex-20191001-csv/5949#85303013>		"Ñandejára"@gug	
"ღმერთი"@ka	<https://panlex.org/snapshot/panlex-20191001-csv/5949#85303045>				<https://panlex.org/snapshot/panlex-20191001-csv/5949#85303012>		"Tupã ñandejára"@gug	
"ღმერთი"@ka	<https://panlex.org/snapshot/panlex-20191001-csv/5949#85303045>				<https://panlex.org/snapshot/panlex-20191001-csv/5949#85303011>		"tupã"@gug	
"ადვოკატი"@ka	<https://panlex.org/snapshot/panlex-20191001-csv/5949#85333175>				<https://panlex.org/snapshot/panlex-20191001-csv/5949#85333165>		"ñe’êngára"@gug	
"ადვოკატი"@ka	<https://panlex.org/snapshot/panlex-20191001-csv/5949#85333175>				<https://panlex.org/snapshot/panlex-20191001-csv/5949#85333164>		"tekojoja pytyvõha"@gug	
"ბრაზილია"@ka	<https://panlex.org/snapshot/panlex-20191001-csv/5949#85303587>				<https://panlex.org/snapshot/panlex-20191001-csv/5949#85303574>		"Brasil"@gug	
"პოლონეთი"@ka	<https://panlex.org/snapshot/panlex-20191001-csv/5949#85318686>				<https://panlex.org/snapshot/panlex-20191001-csv/5949#85318673>		"Poloña"@gug	
"აგვისტო"@ka	<https://panlex.org/snapshot/panlex-20191001-csv/5949#85329384>				<https://panlex.org/snapshot/panlex-20191001-csv/5949#85329352>		"Jasypoapy"@gug	
"მზე"@ka	<https://panlex.org/snapshot/panlex-20191001-csv/5949#85320928>				<https://panlex.org/snapshot/panlex-20191001-csv/5949#85320906>		"Kuarahy"@gug	
"ისტორია"@ka	<https://panlex.org/snapshot/panlex-20191001-csv/5942#83282272>				<https://panlex.org/snapshot/panlex-20191001-csv/5942#83282251>		"tembiasakue"@gug	
"ვაგინა"@ka	<https://panlex.org/snapshot/panlex-20191001-csv/5943#83313194>				<https://panlex.org/snapshot/panlex-20191001-csv/5943#83313175>		"tako"@gug	
"ვაგინა"@ka	<https://panlex.org/snapshot/panlex-20191001-csv/5943#83313194>				<https://panlex.org/snapshot/panlex-20191001-csv/5943#83313176>		"rako"@gug	
"ზაფხული"@ka	<https://panlex.org/snapshot/panlex-20191001-csv/611#25807767>				<https://panlex.org/snapshot/panlex-20191001-csv/611#25807761>		"arahaku"@gug	
"ზაფხული"@ka	<https://panlex.org/snapshot/panlex-20191001-csv/611#25807712>				<https://panlex.org/snapshot/panlex-20191001-csv/611#25807706>		"arahaku"@gug	
"კვირა"@ka	<https://panlex.org/snapshot/panlex-20191001-csv/611#25807090>				<https://panlex.org/snapshot/panlex-20191001-csv/611#25807075>		"arapokõindy"@gug	
"მზე"@ka	<https://panlex.org/snapshot/panlex-20191001-csv/611#25808966>				<https://panlex.org/snapshot/panlex-20191001-csv/611#25808954>		"Kuarahy"@gug	
"ვარსკვლავი"@ka	<https://panlex.org/snapshot/panlex-20191001-csv/611#25808534>				<https://panlex.org/snapshot/panlex-20191001-csv/611#25808524>		"mbyja"@gug	
"ლათინური ენა"@ka	<https://panlex.org/snapshot/panlex-20191001-csv/405#13627491>				<https://panlex.org/snapshot/panlex-20191001-csv/405#13627478>		"Latinañeʼẽ"@gug	
"ესპანური ენა"@ka	<https://panlex.org/snapshot/panlex-20191001-csv/405#13632085>				<https://panlex.org/snapshot/panlex-20191001-csv/405#13632065>		"Karaiñeʼẽ"@gug	
"კორეული ენა"@ka	<https://panlex.org/snapshot/panlex-20191001-csv/405#13627161>				<https://panlex.org/snapshot/panlex-20191001-csv/405#13627150>		"Aimarañeʼẽ"@gug	
"მე"@ka	<https://panlex.org/snapshot/panlex-20191001-csv/19#1041930>				<https://panlex.org/snapshot/panlex-20191001-csv/19#1041914>		"che"@gug	
"შენ"@ka	<https://panlex.org/snapshot/panlex-20191001-csv/19#1042010>				<https://panlex.org/snapshot/panlex-20191001-csv/19#1041994>		"nde"@gug	
"კვირადღე"@ka	<https://panlex.org/snapshot/panlex-20191001-csv/9#475188>				<https://panlex.org/snapshot/panlex-20191001-csv/9#475177>		"arateĩ"@gug	
"ვაშლი"@ka	<https://panlex.org/snapshot/panlex-20191001-csv/9#476440>				<https://panlex.org/snapshot/panlex-20191001-csv/9#476429>		"guaviranaʼa"@gug	
"სიტყვა"@ka	<https://panlex.org/snapshot/panlex-20191001-csv/9#474473>				<https://panlex.org/snapshot/panlex-20191001-csv/9#474464>		"ñeʼẽ"@gug	
"Tve"@ka	<https://panlex.org/snapshot/panlex-20191001-csv/9#479668>				<https://panlex.org/snapshot/panlex-20191001-csv/9#479657>		"jasyho"@gug	
"დეკემბერი"@ka	<https://panlex.org/snapshot/panlex-20191001-csv/9#472884>				<https://panlex.org/snapshot/panlex-20191001-csv/9#472873>		"jasypakõi"@gug	
"ნოემბერი"@ka	<https://panlex.org/snapshot/panlex-20191001-csv/9#473688>				<https://panlex.org/snapshot/panlex-20191001-csv/9#473677>		"jasypateĩ"@gug	
"Cai"@ka	<https://panlex.org/snapshot/panlex-20191001-csv/9#476634>				<https://panlex.org/snapshot/panlex-20191001-csv/9#476624>		"ñanary"@gug	
"ცერი"@ka	<https://panlex.org/snapshot/panlex-20191001-csv/9#480981>				<https://panlex.org/snapshot/panlex-20191001-csv/9#480970>		"kuã guasu"@gug	
"ლიტვა"@ka	<https://panlex.org/snapshot/panlex-20191001-csv/9#539798>				<https://panlex.org/snapshot/panlex-20191001-csv/9#539782>		"Lituania"@gug	
"სამშაბათი"@ka	<https://panlex.org/snapshot/panlex-20191001-csv/9#477298>				<https://panlex.org/snapshot/panlex-20191001-csv/9#477287>		"araapy"@gug	
"yava"@ka	<https://panlex.org/snapshot/panlex-20191001-csv/9#476716>				<https://panlex.org/snapshot/panlex-20191001-csv/9#476704>		"kafery"@gug	
"პარაგვაი"@ka	<https://panlex.org/snapshot/panlex-20191001-csv/9#500270>				<https://panlex.org/snapshot/panlex-20191001-csv/9#500265>		"Paraguái"@gug	
"შუბლი"@ka	<https://panlex.org/snapshot/panlex-20191001-csv/9#487752>				<https://panlex.org/snapshot/panlex-20191001-csv/9#487745>		"syva"@gug	
"futkari"@ka	<https://panlex.org/snapshot/panlex-20191001-csv/9#479934>				<https://panlex.org/snapshot/panlex-20191001-csv/9#479925>		"kava"@gug	
"აპრილი"@ka	<https://panlex.org/snapshot/panlex-20191001-csv/9#473133>				<https://panlex.org/snapshot/panlex-20191001-csv/9#473121>		"jasyrundy"@gug	
"გაზაფხული"@ka	<https://panlex.org/snapshot/panlex-20191001-csv/9#478301>				<https://panlex.org/snapshot/panlex-20191001-csv/9#478289>		"arapoty"@gug	
"ის"@ka	<https://panlex.org/snapshot/panlex-20191001-csv/9#473863>				<https://panlex.org/snapshot/panlex-20191001-csv/9#473845>		"haʼe"@gug	
"babua"@ka	<https://panlex.org/snapshot/panlex-20191001-csv/9#479090>				<https://panlex.org/snapshot/panlex-20191001-csv/9#479078>		"taita"@gug	
"ზაფხული"@ka	<https://panlex.org/snapshot/panlex-20191001-csv/9#478432>				<https://panlex.org/snapshot/panlex-20191001-csv/9#478420>		"arahaku"@gug	
"აგვისტო"@ka	<https://panlex.org/snapshot/panlex-20191001-csv/9#473452>				<https://panlex.org/snapshot/panlex-20191001-csv/9#473440>		"yasypoapy"@gug	
"ძაღლი"@ka	<https://panlex.org/snapshot/panlex-20191001-csv/9#477628>				<https://panlex.org/snapshot/panlex-20191001-csv/9#477617>		"jagua"@gug	
"სიხარული"@ka	<https://panlex.org/snapshot/panlex-20191001-csv/9#476891>				<https://panlex.org/snapshot/panlex-20191001-csv/9#476880>		"tory"@gug	
"სიხარული"@ka	<https://panlex.org/snapshot/panlex-20191001-csv/9#476891>				<https://panlex.org/snapshot/panlex-20191001-csv/9#476881>		"vyʼa"@gug	
"ცხრა"@ka	<https://panlex.org/snapshot/panlex-20191001-csv/9#490981>				<https://panlex.org/snapshot/panlex-20191001-csv/9#490959>		"porundy"@gug	
"finjani"@ka	<https://panlex.org/snapshot/panlex-20191001-csv/9#477418>				<https://panlex.org/snapshot/panlex-20191001-csv/9#477408>		"kagua apuʼa"@gug	
"ხე"@ka	<https://panlex.org/snapshot/panlex-20191001-csv/9#475678>				<https://panlex.org/snapshot/panlex-20191001-csv/9#475671>		"yvyra"@gug	
"სამშაბათი"@ka	<https://panlex.org/snapshot/panlex-20191001-csv/12#857552>				<https://panlex.org/snapshot/panlex-20191001-csv/12#857542>		"araapy"@gug	
"p'iri"@ka	<https://panlex.org/snapshot/panlex-20191001-csv/12#844919>				<https://panlex.org/snapshot/panlex-20191001-csv/12#844913>		"juru"@gug	
"რვა"@ka	<https://panlex.org/snapshot/panlex-20191001-csv/12#845493>				<https://panlex.org/snapshot/panlex-20191001-csv/12#845483>		"poapy"@gug	
"ოქრო"@ka	<https://panlex.org/snapshot/panlex-20191001-csv/12#844107>				<https://panlex.org/snapshot/panlex-20191001-csv/12#844095>		"kuarepotiju"@gug	
"ოქრო"@ka	<https://panlex.org/snapshot/panlex-20191001-csv/12#844107>				<https://panlex.org/snapshot/panlex-20191001-csv/12#844094>		"itaju"@gug	
"ოქრო"@ka	<https://panlex.org/snapshot/panlex-20191001-csv/12#914925>				<https://panlex.org/snapshot/panlex-20191001-csv/12#914912>		"itaju"@gug	
"ოქრო"@ka	<https://panlex.org/snapshot/panlex-20191001-csv/12#914925>				<https://panlex.org/snapshot/panlex-20191001-csv/12#914913>		"kuarepotiju"@gug	
"მე"@ka	<https://panlex.org/snapshot/panlex-20191001-csv/12#847811>				<https://panlex.org/snapshot/panlex-20191001-csv/12#847796>		"che"@gug	
"წყალი"@ka	<https://panlex.org/snapshot/panlex-20191001-csv/12#850982>				<https://panlex.org/snapshot/panlex-20191001-csv/12#850939>		"î"@gug	
"წყალი"@ka	<https://panlex.org/snapshot/panlex-20191001-csv/12#850982>				<https://panlex.org/snapshot/panlex-20191001-csv/12#850938>		"y"@gug	
"უნივერსიტეტი"@ka	<https://panlex.org/snapshot/panlex-20191001-csv/2904#111024566>				<https://panlex.org/snapshot/panlex-20191001-csv/2904#111024518>		"mbo’ehao guasu"@gug	
"მათემატიკა"@ka	<https://panlex.org/snapshot/panlex-20191001-csv/2904#111023395>				<https://panlex.org/snapshot/panlex-20191001-csv/2904#111023331>		"papapykuaa"@gug	
"ბიოლოგია"@ka	<https://panlex.org/snapshot/panlex-20191001-csv/2904#111022241>				<https://panlex.org/snapshot/panlex-20191001-csv/2904#111022141>		"tekovekuaaty"@gug	
"ისტორია"@ka	<https://panlex.org/snapshot/panlex-20191001-csv/2904#111023006>				<https://panlex.org/snapshot/panlex-20191001-csv/2904#111022838>		"tembiasakue"@gug	
"გეოგრაფია"@ka	<https://panlex.org/snapshot/panlex-20191001-csv/2904#111022698>				<https://panlex.org/snapshot/panlex-20191001-csv/2904#111022778>		"tetãnguéra"@gug	
"მეცნიერება"@ka	<https://panlex.org/snapshot/panlex-20191001-csv/2904#111024392>				<https://panlex.org/snapshot/panlex-20191001-csv/2904#111024408>		"tembikuaaty"@gug	
"ასტრონომია"@ka	<https://panlex.org/snapshot/panlex-20191001-csv/2904#111022043>				<https://panlex.org/snapshot/panlex-20191001-csv/2904#111022107>		"mbyjakuaa"@gug	
"ენათმეცნიერება"@ka	<https://panlex.org/snapshot/panlex-20191001-csv/2904#111023108>				<https://panlex.org/snapshot/panlex-20191001-csv/2904#111023092>		"ñe’ẽkuaaty"@gug	
"მედიცინა"@ka	<https://panlex.org/snapshot/panlex-20191001-csv/2904#111023558>				<https://panlex.org/snapshot/panlex-20191001-csv/2904#111023732>		"ñepohãno"@gug	
"ქიმია"@ka	<https://panlex.org/snapshot/panlex-20191001-csv/2904#111022518>				<https://panlex.org/snapshot/panlex-20191001-csv/2904#111022417>		"kimi"@gug	
"ფილოსოფია"@ka	<https://panlex.org/snapshot/panlex-20191001-csv/2904#111023867>				<https://panlex.org/snapshot/panlex-20191001-csv/2904#111023859>		"arandupykuaaty"@gug	
"მშვიდობა"@ka	<https://panlex.org/snapshot/panlex-20191001-csv/2902#111012189>				<https://panlex.org/snapshot/panlex-20191001-csv/2902#111012060>		"py’a guapy"@gug	
"შავი ხვრელი"@ka	<https://panlex.org/snapshot/panlex-20191001-csv/2907#110849504>				<https://panlex.org/snapshot/panlex-20191001-csv/2907#110849543>		"kua hû"@gug	
"კომეტა"@ka	<https://panlex.org/snapshot/panlex-20191001-csv/2907#110849188>				<https://panlex.org/snapshot/panlex-20191001-csv/2907#110849291>		"mbyjausuveve"@gug	
"სამყარო"@ka	<https://panlex.org/snapshot/panlex-20191001-csv/2907#110848992>				<https://panlex.org/snapshot/panlex-20191001-csv/2907#110849100>		"Arapy"@gug	
"ირმის ნახტომი"@ka	<https://panlex.org/snapshot/panlex-20191001-csv/2907#110848843>				<https://panlex.org/snapshot/panlex-20191001-csv/2907#110848884>		"Mborevi Rape"@gug	
"მამა"@ka	<https://panlex.org/snapshot/panlex-20191001-csv/8#161535>				<https://panlex.org/snapshot/panlex-20191001-csv/8#161509>		"úva"@gug	
"რვა"@ka	<https://panlex.org/snapshot/panlex-20191001-csv/8#112594>				<https://panlex.org/snapshot/panlex-20191001-csv/8#112577>		"poapy"@gug	
"მე თქვენ მიყვარხართ"@ka	<https://panlex.org/snapshot/panlex-20191001-csv/8#109460>				<https://panlex.org/snapshot/panlex-20191001-csv/8#109398>		"Rohayhu"@gug	
"ალბანური"@ka	<https://panlex.org/snapshot/panlex-20191001-csv/5#21730>				<https://panlex.org/snapshot/panlex-20191001-csv/5#21718>		"avañañeʼẽ"@gug	
"მარათული"@ka	<https://panlex.org/snapshot/panlex-20191001-csv/5#25783>				<https://panlex.org/snapshot/panlex-20191001-csv/5#25771>		"maratiñeʼẽ"@gug	
"ტაგალოგური"@ka	<https://panlex.org/snapshot/panlex-20191001-csv/5#25184>				<https://panlex.org/snapshot/panlex-20191001-csv/5#25171>		"tagaloñeʼẽ"@gug	
"იავანური"@ka	<https://panlex.org/snapshot/panlex-20191001-csv/5#27128>				<https://panlex.org/snapshot/panlex-20191001-csv/5#27115>		"javañeʼẽ"@gug	
"ჩეხური"@ka	<https://panlex.org/snapshot/panlex-20191001-csv/5#22730>				<https://panlex.org/snapshot/panlex-20191001-csv/5#22718>		"chekoñeʼẽ"@gug	
"სვაჰილური"@ka	<https://panlex.org/snapshot/panlex-20191001-csv/5#21833>				<https://panlex.org/snapshot/panlex-20191001-csv/5#21821>		"suahiliñeʼẽ"@gug	
"ბენგალური"@ka	<https://panlex.org/snapshot/panlex-20191001-csv/5#26922>				<https://panlex.org/snapshot/panlex-20191001-csv/5#26909>		"vengalañeʼẽ"@gug	
"დანიური"@ka	<https://panlex.org/snapshot/panlex-20191001-csv/5#20909>				<https://panlex.org/snapshot/panlex-20191001-csv/5#20897>		"ndinamaykañeʼẽ"@gug	
"მალტესური"@ka	<https://panlex.org/snapshot/panlex-20191001-csv/5#24976>				<https://panlex.org/snapshot/panlex-20191001-csv/5#24962>		"Malta-gua ñeʼẽ"@gug	
"კორეული"@ka	<https://panlex.org/snapshot/panlex-20191001-csv/5#28032>				<https://panlex.org/snapshot/panlex-20191001-csv/5#28018>		"koreañeʼẽ"@gug	
"ნეპალური"@ka	<https://panlex.org/snapshot/panlex-20191001-csv/5#27626>				<https://panlex.org/snapshot/panlex-20191001-csv/5#27614>		"nepaliañeʼẽ"@gug	
"არაბული"@ka	<https://panlex.org/snapshot/panlex-20191001-csv/5#20064>				<https://panlex.org/snapshot/panlex-20191001-csv/5#20049>		"araviañeʼẽ"@gug	
"იაპონური"@ka	<https://panlex.org/snapshot/panlex-20191001-csv/5#21012>				<https://panlex.org/snapshot/panlex-20191001-csv/5#20999>		"hapõñeʼẽ"@gug	
"უნგრული"@ka	<https://panlex.org/snapshot/panlex-20191001-csv/5#25078>				<https://panlex.org/snapshot/panlex-20191001-csv/5#25066>		"hungyriañeʼẽ"@gug	
"ინდონეზიური"@ka	<https://panlex.org/snapshot/panlex-20191001-csv/5#21529>				<https://panlex.org/snapshot/panlex-20191001-csv/5#21515>		"indonesiañeʼẽ"@gug	
"ხორვატიული"@ka	<https://panlex.org/snapshot/panlex-20191001-csv/5#22928>				<https://panlex.org/snapshot/panlex-20191001-csv/5#22916>		"kyoasiañeʼẽ"@gug	
"ჰინდი"@ka	<https://panlex.org/snapshot/panlex-20191001-csv/5#20270>				<https://panlex.org/snapshot/panlex-20191001-csv/5#20255>		"hindiñeʼẽ"@gug	
"აფრიკული"@ka	<https://panlex.org/snapshot/panlex-20191001-csv/5#20580>				<https://panlex.org/snapshot/panlex-20191001-csv/5#20568>		"ahykañeʼẽ"@gug	
"ტაილანდური"@ka	<https://panlex.org/snapshot/panlex-20191001-csv/5#24059>				<https://panlex.org/snapshot/panlex-20191001-csv/5#24047>		"tailandiañeʼẽ"@gug	
"სპარსული"@ka	<https://panlex.org/snapshot/panlex-20191001-csv/5#23754>				<https://panlex.org/snapshot/panlex-20191001-csv/5#23740>		"peysiañeʼẽ"@gug	
"ყირგიზული"@ka	<https://panlex.org/snapshot/panlex-20191001-csv/5#25586>				<https://panlex.org/snapshot/panlex-20191001-csv/5#25574>		"kygyñeʼẽ"@gug	
"შოტლანდიურ-გალური"@ka	<https://panlex.org/snapshot/panlex-20191001-csv/5#24467>				<https://panlex.org/snapshot/panlex-20191001-csv/5#24455>		"Ekósia galiañeʼẽ"@gug	
"პორტუგალიური"@ka	<https://panlex.org/snapshot/panlex-20191001-csv/5#23033>				<https://panlex.org/snapshot/panlex-20191001-csv/5#23020>		"poytugañeʼẽ"@gug	
"პოლონური"@ka	<https://panlex.org/snapshot/panlex-20191001-csv/5#20472>				<https://panlex.org/snapshot/panlex-20191001-csv/5#20460>		"poloñañeʼẽ"@gug	
"ბოსნიური"@ka	<https://panlex.org/snapshot/panlex-20191001-csv/5#23544>				<https://panlex.org/snapshot/panlex-20191001-csv/5#23531>		"voniañeʼẽ"@gug	
"ვიეტნამური"@ka	<https://panlex.org/snapshot/panlex-20191001-csv/5#26818>				<https://panlex.org/snapshot/panlex-20191001-csv/5#26805>		"vienamiñeʼẽ"@gug	
"ინგლისური"@ka	<https://panlex.org/snapshot/panlex-20191001-csv/5#28641>				<https://panlex.org/snapshot/panlex-20191001-csv/5#28626>		"ingyaterrañeʼẽ"@gug	
"კატალანური"@ka	<https://panlex.org/snapshot/panlex-20191001-csv/5#27523>				<https://panlex.org/snapshot/panlex-20191001-csv/5#27509>		"kataluñañeʼẽ"@gug	
"ბრეტონული"@ka	<https://panlex.org/snapshot/panlex-20191001-csv/5#22033>				<https://panlex.org/snapshot/panlex-20191001-csv/5#22021>		"vyetañañeʼẽ"@gug	
"ბელორუსიული"@ka	<https://panlex.org/snapshot/panlex-20191001-csv/5#25882>				<https://panlex.org/snapshot/panlex-20191001-csv/5#25870>		"vielorrusiañeʼẽ"@gug	
"მალაიზიური"@ka	<https://panlex.org/snapshot/panlex-20191001-csv/5#21929>				<https://panlex.org/snapshot/panlex-20191001-csv/5#21917>		"malasiañeʼẽ"@gug	
"რუსული"@ka	<https://panlex.org/snapshot/panlex-20191001-csv/5#23141>				<https://panlex.org/snapshot/panlex-20191001-csv/5#23127>		"rrusiañeʼẽ"@gug	
"სერბული"@ka	<https://panlex.org/snapshot/panlex-20191001-csv/5#21326>				<https://panlex.org/snapshot/panlex-20191001-csv/5#21314>		"seviañeʼẽ"@gug	
"ესპერანტო"@ka	<https://panlex.org/snapshot/panlex-20191001-csv/5#20803>				<https://panlex.org/snapshot/panlex-20191001-csv/5#20790>		"eperantoñeʼẽ"@gug	
"ჩინური"@ka	<https://panlex.org/snapshot/panlex-20191001-csv/5#24869>				<https://panlex.org/snapshot/panlex-20191001-csv/5#24856>		"chinañeʼẽ"@gug	
"იტალიური"@ka	<https://panlex.org/snapshot/panlex-20191001-csv/5#23646>				<https://panlex.org/snapshot/panlex-20191001-csv/5#23632>		"italiañeʼẽ"@gug	
"იდიში"@ka	<https://panlex.org/snapshot/panlex-20191001-csv/5#22231>				<https://panlex.org/snapshot/panlex-20191001-csv/5#22218>		"jiicheñeʼẽ"@gug	
"ამარული"@ka	<https://panlex.org/snapshot/panlex-20191001-csv/5#22130>				<https://panlex.org/snapshot/panlex-20191001-csv/5#22118>		"amáriñeʼẽ"@gug	
"გერმანული"@ka	<https://panlex.org/snapshot/panlex-20191001-csv/5#20685>				<https://panlex.org/snapshot/panlex-20191001-csv/5#20670>		"alemañañeʼẽ"@gug	
"ფრიზიული"@ka	<https://panlex.org/snapshot/panlex-20191001-csv/5#24769>				<https://panlex.org/snapshot/panlex-20191001-csv/5#24757>		"Frisia-gua ñeʼẽ"@gug	
"მალაიალამური"@ka	<https://panlex.org/snapshot/panlex-20191001-csv/5#27725>				<https://panlex.org/snapshot/panlex-20191001-csv/5#27713>		"malaialãñeʼẽ"@gug	
"ბერძნული"@ka	<https://panlex.org/snapshot/panlex-20191001-csv/5#26412>				<https://panlex.org/snapshot/panlex-20191001-csv/5#26397>		"gyresiañeʼẽ"@gug	
"ფრანგული"@ka	<https://panlex.org/snapshot/panlex-20191001-csv/5#27828>				<https://panlex.org/snapshot/panlex-20191001-csv/5#27813>		"hyãsiañeʼẽ"@gug	
"ჰოლანდიური"@ka	<https://panlex.org/snapshot/panlex-20191001-csv/5#24262>				<https://panlex.org/snapshot/panlex-20191001-csv/5#24249>		"holandañeʼẽ"@gug	
"ესტონური"@ka	<https://panlex.org/snapshot/panlex-20191001-csv/5#26612>				<https://panlex.org/snapshot/panlex-20191001-csv/5#26600>		"etoñañeʼẽ"@gug	
"ლიტვური"@ka	<https://panlex.org/snapshot/panlex-20191001-csv/5#27328>				<https://panlex.org/snapshot/panlex-20191001-csv/5#27316>		"lituañañeʼẽ"@gug	
"ლათინური"@ka	<https://panlex.org/snapshot/panlex-20191001-csv/5#21116>				<https://panlex.org/snapshot/panlex-20191001-csv/5#21102>		"latĩñeʼẽ"@gug	
"თურქმენული"@ka	<https://panlex.org/snapshot/panlex-20191001-csv/5#28540>				<https://panlex.org/snapshot/panlex-20191001-csv/5#28528>		"tuykomañeʼẽ"@gug	
"სლოვაკური"@ka	<https://panlex.org/snapshot/panlex-20191001-csv/5#25281>				<https://panlex.org/snapshot/panlex-20191001-csv/5#25269>		"elovakiañeʼẽ"@gug	
"ბულგარული"@ka	<https://panlex.org/snapshot/panlex-20191001-csv/5#21425>				<https://panlex.org/snapshot/panlex-20191001-csv/5#21413>		"vugariañeʼẽ"@gug	
"თელუგუური"@ka	<https://panlex.org/snapshot/panlex-20191001-csv/5#28439>				<https://panlex.org/snapshot/panlex-20191001-csv/5#28425>		"teluguñeʼẽ"@gug	
"ესპანური"@ka	<https://panlex.org/snapshot/panlex-20191001-csv/5#26303>				<https://panlex.org/snapshot/panlex-20191001-csv/5#26289>		"epañañeʼẽ"@gug	
"ბასკური"@ka	<https://panlex.org/snapshot/panlex-20191001-csv/5#25487>				<https://panlex.org/snapshot/panlex-20191001-csv/5#25475>		"vakoñeʼẽ"@gug	
"თამულური"@ka	<https://panlex.org/snapshot/panlex-20191001-csv/5#28138>				<https://panlex.org/snapshot/panlex-20191001-csv/5#28126>		"tamiñeʼẽ"@gug	
"რუმინული"@ka	<https://panlex.org/snapshot/panlex-20191001-csv/5#27226>				<https://panlex.org/snapshot/panlex-20191001-csv/5#27214>		"rrumañañeʼẽ"@gug	
"ტიგრინული"@ka	<https://panlex.org/snapshot/panlex-20191001-csv/5#22830>				<https://panlex.org/snapshot/panlex-20191001-csv/5#22818>		"tiyrĩjañeʼẽ"@gug	
"ებრაული"@ka	<https://panlex.org/snapshot/panlex-20191001-csv/5#24369>				<https://panlex.org/snapshot/panlex-20191001-csv/5#24356>		"hevyreañeʼẽ"@gug	
"ქურთული"@ka	<https://panlex.org/snapshot/panlex-20191001-csv/5#21631>				<https://panlex.org/snapshot/panlex-20191001-csv/5#21619>		"kuynditañeʼẽ"@gug	
"ქართული"@ka	<https://panlex.org/snapshot/panlex-20191001-csv/5#28334>				<https://panlex.org/snapshot/panlex-20191001-csv/5#28322>		"Georgia-gua ñeʼẽ"@gug	
"ირლანდიური"@ka	<https://panlex.org/snapshot/panlex-20191001-csv/5#26195>				<https://panlex.org/snapshot/panlex-20191001-csv/5#26183>		"iylandañeʼẽ"@gug	
"შვედური"@ka	<https://panlex.org/snapshot/panlex-20191001-csv/5#27027>				<https://panlex.org/snapshot/panlex-20191001-csv/5#27015>		"suesiañeʼẽ"@gug	
"ფინური"@ka	<https://panlex.org/snapshot/panlex-20191001-csv/5#25385>				<https://panlex.org/snapshot/panlex-20191001-csv/5#25372>		"hĩlandiañeʼẽ"@gug	
"ნორვეგიული"@ka	<https://panlex.org/snapshot/panlex-20191001-csv/5#21220>				<https://panlex.org/snapshot/panlex-20191001-csv/5#21207>		"noruegañeʼẽ"@gug	
"თურქული"@ka	<https://panlex.org/snapshot/panlex-20191001-csv/5#26715>				<https://panlex.org/snapshot/panlex-20191001-csv/5#26703>		"tuykiañeʼẽ"@gug	
"ფუნჯაბური"@ka	<https://panlex.org/snapshot/panlex-20191001-csv/5#25987>				<https://panlex.org/snapshot/panlex-20191001-csv/5#25975>		"pũjaviñeʼẽ"@gug	
"ისლანდიური"@ka	<https://panlex.org/snapshot/panlex-20191001-csv/5#23243>				<https://panlex.org/snapshot/panlex-20191001-csv/5#23231>		"ilandiañeʼẽ"@gug	
"ლატვიური"@ka	<https://panlex.org/snapshot/panlex-20191001-csv/5#23957>				<https://panlex.org/snapshot/panlex-20191001-csv/5#23945>		"letoñañeʼẽ"@gug	
"მაკედონიური"@ka	<https://panlex.org/snapshot/panlex-20191001-csv/5#23856>				<https://panlex.org/snapshot/panlex-20191001-csv/5#23844>		"masendoñañeʼẽ"@gug	
"სლოვენური"@ka	<https://panlex.org/snapshot/panlex-20191001-csv/5#24665>				<https://panlex.org/snapshot/panlex-20191001-csv/5#24653>		"eloveñañeʼẽ"@gug	
"უკრაინული"@ka	<https://panlex.org/snapshot/panlex-20191001-csv/5#20168>				<https://panlex.org/snapshot/panlex-20191001-csv/5#20156>		"ukyañañeʼẽ"@gug	
"კანნადური"@ka	<https://panlex.org/snapshot/panlex-20191001-csv/5#24567>				<https://panlex.org/snapshot/panlex-20191001-csv/5#24553>		"kanandañeʼẽ"@gug	
"გალისიური"@ka	<https://panlex.org/snapshot/panlex-20191001-csv/5#22430>				<https://panlex.org/snapshot/panlex-20191001-csv/5#22416>		"galisiañeʼẽ"@gug	
"ესპანეთი"@ka	<https://panlex.org/snapshot/panlex-20191001-csv/10#642103>				<https://panlex.org/snapshot/panlex-20191001-csv/10#642086>		"Epaña"@gug	
"ლექსიკონი"@ka	<https://panlex.org/snapshot/panlex-20191001-csv/10#452145>				<https://panlex.org/snapshot/panlex-20191001-csv/10#28870>		"ñeʼẽndy"@gug	
"პარაგვაი"@ka	<https://panlex.org/snapshot/panlex-20191001-csv/10#646145>				<https://panlex.org/snapshot/panlex-20191001-csv/10#646135>		"Paraguái"@gug	
"ლინგვისტიკა"@ka	<https://panlex.org/snapshot/panlex-20191001-csv/3776#91759213>				<https://panlex.org/snapshot/panlex-20191001-csv/3776#91759194>		"ñeʼẽkuaaty ha ñeʼẽtekuaa"@gug	
"სახე"@ka	<https://panlex.org/snapshot/panlex-20191001-csv/3776#91690441>				<https://panlex.org/snapshot/panlex-20191001-csv/3776#91690423>		"tova"@gug	
"მეუღლე"@ka	<https://panlex.org/snapshot/panlex-20191001-csv/3776#91649867>				<https://panlex.org/snapshot/panlex-20191001-csv/3776#91649850>		"me"@gug	
"მეუღლე"@ka	<https://panlex.org/snapshot/panlex-20191001-csv/3776#91649867>				<https://panlex.org/snapshot/panlex-20191001-csv/3776#91649851>		"ména"@gug	
"გოგო"@ka	<https://panlex.org/snapshot/panlex-20191001-csv/3776#91643160>				<https://panlex.org/snapshot/panlex-20191001-csv/3776#91643145>		"mitãkuña"@gug	
"გოგო"@ka	<https://panlex.org/snapshot/panlex-20191001-csv/3776#91643160>				<https://panlex.org/snapshot/panlex-20191001-csv/3776#91643144>		"kuñataĩ"@gug	
"არგენტინა"@ka	<https://panlex.org/snapshot/panlex-20191001-csv/3776#91664467>				<https://panlex.org/snapshot/panlex-20191001-csv/3776#91664448>		"Argentina"@gug	
"ქუსლი"@ka	<https://panlex.org/snapshot/panlex-20191001-csv/3776#91707586>				<https://panlex.org/snapshot/panlex-20191001-csv/3776#91707574>		"pyta"@gug	
"გრილი"@ka	<https://panlex.org/snapshot/panlex-20191001-csv/3776#91587033>				<https://panlex.org/snapshot/panlex-20191001-csv/3776#91587024>		"roʼysã"@gug	
"ბატატი"@ka	<https://panlex.org/snapshot/panlex-20191001-csv/3776#91874684>				<https://panlex.org/snapshot/panlex-20191001-csv/3776#91874669>		"jety"@gug	
"თებერვალი"@ka	<https://panlex.org/snapshot/panlex-20191001-csv/3776#91701490>				<https://panlex.org/snapshot/panlex-20191001-csv/3776#91701468>		"jasykõi"@gug	
"ხუთი"@ka	<https://panlex.org/snapshot/panlex-20191001-csv/3776#91651011>				<https://panlex.org/snapshot/panlex-20191001-csv/3776#91650992>		"po"@gug	
"გილოცავ დაბადების დღეს"@ka	<https://panlex.org/snapshot/panlex-20191001-csv/3776#91669242>				<https://panlex.org/snapshot/panlex-20191001-csv/3776#91669218>		"vy-apave nde srambotyre"@gug	
"ხე"@ka	<https://panlex.org/snapshot/panlex-20191001-csv/3776#91637698>				<https://panlex.org/snapshot/panlex-20191001-csv/3776#91637673>		"yvyra"@gug	
"უნივერსიტეტი"@ka	<https://panlex.org/snapshot/panlex-20191001-csv/3776#91629540>				<https://panlex.org/snapshot/panlex-20191001-csv/3776#91629525>		"mboʼehao guasu"@gug	
"კვირა"@ka	<https://panlex.org/snapshot/panlex-20191001-csv/3776#91680843>				<https://panlex.org/snapshot/panlex-20191001-csv/3776#91680828>		"arapokõindy"@gug	
"ფუტკარი"@ka	<https://panlex.org/snapshot/panlex-20191001-csv/3776#91579177>				<https://panlex.org/snapshot/panlex-20191001-csv/3776#91579152>		"eiru"@gug	
"ტყავი"@ka	<https://panlex.org/snapshot/panlex-20191001-csv/3776#91603206>				<https://panlex.org/snapshot/panlex-20191001-csv/3776#91603188>		"api"@gug	
"მიცემა"@ka	<https://panlex.org/snapshot/panlex-20191001-csv/3776#91677749>				<https://panlex.org/snapshot/panlex-20191001-csv/3776#91677733>		"meʼẽ"@gug	
"ქმარი"@ka	<https://panlex.org/snapshot/panlex-20191001-csv/3776#91649866>				<https://panlex.org/snapshot/panlex-20191001-csv/3776#91649850>		"me"@gug	
"ქმარი"@ka	<https://panlex.org/snapshot/panlex-20191001-csv/3776#91649866>				<https://panlex.org/snapshot/panlex-20191001-csv/3776#91649851>		"ména"@gug	
"შესვლა"@ka	<https://panlex.org/snapshot/panlex-20191001-csv/3776#91744375>				<https://panlex.org/snapshot/panlex-20191001-csv/3776#91744361>		"ike"@gug	
"გოგონა"@ka	<https://panlex.org/snapshot/panlex-20191001-csv/3776#91643161>				<https://panlex.org/snapshot/panlex-20191001-csv/3776#91643145>		"mitãkuña"@gug	
"გოგონა"@ka	<https://panlex.org/snapshot/panlex-20191001-csv/3776#91643161>				<https://panlex.org/snapshot/panlex-20191001-csv/3776#91643144>		"kuñataĩ"@gug	
"ენათმეცნიერება"@ka	<https://panlex.org/snapshot/panlex-20191001-csv/3776#91759212>				<https://panlex.org/snapshot/panlex-20191001-csv/3776#91759194>		"ñeʼẽkuaaty ha ñeʼẽtekuaa"@gug	
"ქაღალდი"@ka	<https://panlex.org/snapshot/panlex-20191001-csv/3776#91620754>				<https://panlex.org/snapshot/panlex-20191001-csv/3776#91620739>		"kuatia"@gug	
"მწარე"@ka	<https://panlex.org/snapshot/panlex-20191001-csv/3776#91759447>				<https://panlex.org/snapshot/panlex-20191001-csv/3776#91759432>		"ro"@gug	
"დარგვა"@ka	<https://panlex.org/snapshot/panlex-20191001-csv/3776#91622853>				<https://panlex.org/snapshot/panlex-20191001-csv/3776#91622843>		"ñoty"@gug	
"ცხვარი"@ka	<https://panlex.org/snapshot/panlex-20191001-csv/3776#91642435>				<https://panlex.org/snapshot/panlex-20191001-csv/3776#91642417>		"ovecha"@gug	
"თვითმფრინავი"@ka	<https://panlex.org/snapshot/panlex-20191001-csv/3776#91574340>				<https://panlex.org/snapshot/panlex-20191001-csv/3776#91574324>		"kurusu veve"@gug	
"რვა"@ka	<https://panlex.org/snapshot/panlex-20191001-csv/3776#91702845>				<https://panlex.org/snapshot/panlex-20191001-csv/3776#91702821>		"poapy"@gug	
"ასი"@ka	<https://panlex.org/snapshot/panlex-20191001-csv/11#807276>				<https://panlex.org/snapshot/panlex-20191001-csv/11#807268>		"sa"@gug	
"კვირადღე"@ka	<https://panlex.org/snapshot/panlex-20191001-csv/11#788866>				<https://panlex.org/snapshot/panlex-20191001-csv/11#788853>		"arateĩ"@gug	
"ბრაზილია"@ka	<https://panlex.org/snapshot/panlex-20191001-csv/11#802744>				<https://panlex.org/snapshot/panlex-20191001-csv/11#802731>		"Brasil"@gug	
"პეპელა"@ka	<https://panlex.org/snapshot/panlex-20191001-csv/11#789730>				<https://panlex.org/snapshot/panlex-20191001-csv/11#789714>		"panambi"@gug	
"წყალი"@ka	<https://panlex.org/snapshot/panlex-20191001-csv/11#787610>				<https://panlex.org/snapshot/panlex-20191001-csv/11#787575>		"y"@gug	
"წყალი"@ka	<https://panlex.org/snapshot/panlex-20191001-csv/11#787610>				<https://panlex.org/snapshot/panlex-20191001-csv/11#787576>		"î"@gug	
"ვაშლი"@ka	<https://panlex.org/snapshot/panlex-20191001-csv/11#789477>				<https://panlex.org/snapshot/panlex-20191001-csv/11#789462>		"guaviranaʼa"@gug	
"ოქრო"@ka	<https://panlex.org/snapshot/panlex-20191001-csv/13#945811>				<https://panlex.org/snapshot/panlex-20191001-csv/13#945800>		"kuarepotiju"@gug	
"ოქრო"@ka	<https://panlex.org/snapshot/panlex-20191001-csv/13#945811>				<https://panlex.org/snapshot/panlex-20191001-csv/13#945799>		"itaju"@gug	
"ნიკელი"@ka	<https://panlex.org/snapshot/panlex-20191001-csv/2893#110993071>				<https://panlex.org/snapshot/panlex-20191001-csv/2893#110993049>		"níquel"@gug	
"დარიშხანი"@ka	<https://panlex.org/snapshot/panlex-20191001-csv/2893#110993723>				<https://panlex.org/snapshot/panlex-20191001-csv/2893#110993692>		"ñongatuita"@gug	
"დარიშხანი"@ka	<https://panlex.org/snapshot/panlex-20191001-csv/2893#110993723>				<https://panlex.org/snapshot/panlex-20191001-csv/2893#110993626>		"itañongatu"@gug	
"გოგირდი"@ka	<https://panlex.org/snapshot/panlex-20191001-csv/2893#110991943>				<https://panlex.org/snapshot/panlex-20191001-csv/2893#110991937>		"itaysy"@gug	
"ფთორი"@ka	<https://panlex.org/snapshot/panlex-20191001-csv/2893#110990507>				<https://panlex.org/snapshot/panlex-20191001-csv/2893#110990604>		"flúor"@gug	
"თუთია"@ka	<https://panlex.org/snapshot/panlex-20191001-csv/2893#110993431>				<https://panlex.org/snapshot/panlex-20191001-csv/2893#110993418>		"zinco"@gug	
"პერიოდული სისტემა"@ka	<https://panlex.org/snapshot/panlex-20191001-csv/2893#110989166>				<https://panlex.org/snapshot/panlex-20191001-csv/2893#110989146>		"techaukaha rysýi apỹigua"@gug	
"კალა"@ka	<https://panlex.org/snapshot/panlex-20191001-csv/2893#110994225>				<https://panlex.org/snapshot/panlex-20191001-csv/2893#110994271>		"estaño"@gug	
"იოდი"@ka	<https://panlex.org/snapshot/panlex-20191001-csv/2893#110994639>				<https://panlex.org/snapshot/panlex-20191001-csv/2893#110994599>		"iodo"@gug	
"ტყვია"@ka	<https://panlex.org/snapshot/panlex-20191001-csv/2893#110995742>				<https://panlex.org/snapshot/panlex-20191001-csv/2893#110995563>		"chumbo"@gug	
"ალუმინი"@ka	<https://panlex.org/snapshot/panlex-20191001-csv/2893#110991418>				<https://panlex.org/snapshot/panlex-20191001-csv/2893#110991404>		"itaporã"@gug	
"რკინა"@ka	<https://panlex.org/snapshot/panlex-20191001-csv/2893#110992718>				<https://panlex.org/snapshot/panlex-20191001-csv/2893#110992708>		"ambopyita"@gug	
"ჟანგბადი"@ka	<https://panlex.org/snapshot/panlex-20191001-csv/2893#110990336>				<https://panlex.org/snapshot/panlex-20191001-csv/2893#110990359>		"tatarapo"@gug	
"ჟანგბადი"@ka	<https://panlex.org/snapshot/panlex-20191001-csv/2893#110990336>				<https://panlex.org/snapshot/panlex-20191001-csv/2893#110990405>		"tataru"@gug	
"კალციუმი"@ka	<https://panlex.org/snapshot/panlex-20191001-csv/2893#110992586>				<https://panlex.org/snapshot/panlex-20191001-csv/2893#110992591>		"itakairã"@gug	
"ვერცხლის წყალი"@ka	<https://panlex.org/snapshot/panlex-20191001-csv/2893#110995550>				<https://panlex.org/snapshot/panlex-20191001-csv/2893#110995553>		"itamembeyku"@gug	
"წყალბადი"@ka	<https://panlex.org/snapshot/panlex-20191001-csv/2893#110989397>				<https://panlex.org/snapshot/panlex-20191001-csv/2893#110989461>		"tatavevýi"@gug	
"წყალბადი"@ka	<https://panlex.org/snapshot/panlex-20191001-csv/2893#110989397>				<https://panlex.org/snapshot/panlex-20191001-csv/2893#110989405>		"idyroheno"@gug	
"ნატრიუმი"@ka	<https://panlex.org/snapshot/panlex-20191001-csv/2893#110990973>				<https://panlex.org/snapshot/panlex-20191001-csv/2893#110990954>		"sódio"@gug	
"ბორი"@ka	<https://panlex.org/snapshot/panlex-20191001-csv/2893#110989720>				<https://panlex.org/snapshot/panlex-20191001-csv/2893#110989737>		"voro"@gug	
"პლატინა"@ka	<https://panlex.org/snapshot/panlex-20191001-csv/2893#110995041>				<https://panlex.org/snapshot/panlex-20191001-csv/2893#110994976>		"platina"@gug	
"ნახშირბადი"@ka	<https://panlex.org/snapshot/panlex-20191001-csv/2893#110989886>				<https://panlex.org/snapshot/panlex-20191001-csv/2893#110989974>		"tatapỹi"@gug	
"ვოლფრამი"@ka	<https://panlex.org/snapshot/panlex-20191001-csv/2893#110994900>				<https://panlex.org/snapshot/panlex-20191001-csv/2893#110994860>		"tungstenio"@gug	
"ვერცხლი"@ka	<https://panlex.org/snapshot/panlex-20191001-csv/2893#110994025>				<https://panlex.org/snapshot/panlex-20191001-csv/2893#110994131>		"itatĩ"@gug	
"სილიციუმი"@ka	<https://panlex.org/snapshot/panlex-20191001-csv/2893#110991473>				<https://panlex.org/snapshot/panlex-20191001-csv/2893#110991454>		"kuarepotiatã"@gug	
"სილიციუმი"@ka	<https://panlex.org/snapshot/panlex-20191001-csv/2893#110991473>				<https://panlex.org/snapshot/panlex-20191001-csv/2893#110991607>		"silisio"@gug	
"ქლორი"@ka	<https://panlex.org/snapshot/panlex-20191001-csv/2893#110992191>				<https://panlex.org/snapshot/panlex-20191001-csv/2893#110992055>		"tatahovy"@gug	
"ჰელიუმი"@ka	<https://panlex.org/snapshot/panlex-20191001-csv/2893#110989569>				<https://panlex.org/snapshot/panlex-20191001-csv/2893#110989577>		"élio"@gug	
"ჰელიუმი"@ka	<https://panlex.org/snapshot/panlex-20191001-csv/2893#110989569>				<https://panlex.org/snapshot/panlex-20191001-csv/2893#110989555>		"tataveve"@gug	
"სტიბიუმი"@ka	<https://panlex.org/snapshot/panlex-20191001-csv/2893#110994506>				<https://panlex.org/snapshot/panlex-20191001-csv/2893#110994426>		"itajoaju"@gug	
"ოქრო"@ka	<https://panlex.org/snapshot/panlex-20191001-csv/2893#110995183>				<https://panlex.org/snapshot/panlex-20191001-csv/2893#110995331>		"kuarepotiju"@gug	
"ურანი"@ka	<https://panlex.org/snapshot/panlex-20191001-csv/2893#110995807>				<https://panlex.org/snapshot/panlex-20191001-csv/2893#110995907>		"urânio"@gug	
"ფოსფორი"@ka	<https://panlex.org/snapshot/panlex-20191001-csv/2893#110991733>				<https://panlex.org/snapshot/panlex-20191001-csv/2893#110991783>		"fósforo"@gug	
"აზოტი"@ka	<https://panlex.org/snapshot/panlex-20191001-csv/2893#110990240>				<https://panlex.org/snapshot/panlex-20191001-csv/2893#110990147>		"nitrogenio"@gug	
"ბრომი"@ka	<https://panlex.org/snapshot/panlex-20191001-csv/2893#110993877>				<https://panlex.org/snapshot/panlex-20191001-csv/2893#110993894>		"bromo"@gug	
"კობალტი"@ka	<https://panlex.org/snapshot/panlex-20191001-csv/2893#110992865>				<https://panlex.org/snapshot/panlex-20191001-csv/2893#110992867>		"cobalto"@gug	
"მაგნიუმი"@ka	<https://panlex.org/snapshot/panlex-20191001-csv/2893#110991082>				<https://panlex.org/snapshot/panlex-20191001-csv/2893#110991101>		"magnésio"@gug	
"ნეონი"@ka	<https://panlex.org/snapshot/panlex-20191001-csv/2893#110990754>				<https://panlex.org/snapshot/panlex-20191001-csv/2893#110990808>		"tatatendy"@gug	
"სპილენძი"@ka	<https://panlex.org/snapshot/panlex-20191001-csv/2893#110993325>				<https://panlex.org/snapshot/panlex-20191001-csv/2893#110993279>		"kuarepoti pytã"@gug	
"კალიუმი"@ka	<https://panlex.org/snapshot/panlex-20191001-csv/2893#110992302>				<https://panlex.org/snapshot/panlex-20191001-csv/2893#110992297>		"itahũngy"@gug	
"შაბათი"@ka	<https://panlex.org/snapshot/panlex-20191001-csv/2892#110826266>				<https://panlex.org/snapshot/panlex-20191001-csv/2892#110826522>		"arapokõi"@gug	
"ოთხშაბათი"@ka	<https://panlex.org/snapshot/panlex-20191001-csv/2892#110825081>				<https://panlex.org/snapshot/panlex-20191001-csv/2892#110824933>		"ararundy"@gug	
"კვირა"@ka	<https://panlex.org/snapshot/panlex-20191001-csv/2892#110827028>				<https://panlex.org/snapshot/panlex-20191001-csv/2892#110826590>		"arateĩ"@gug	
"ორშაბათი"@ka	<https://panlex.org/snapshot/panlex-20191001-csv/2892#110824401>				<https://panlex.org/snapshot/panlex-20191001-csv/2892#110824345>		"arakõi"@gug	
"ხუთშაბათი"@ka	<https://panlex.org/snapshot/panlex-20191001-csv/2892#110825592>				<https://panlex.org/snapshot/panlex-20191001-csv/2892#110825628>		"arapo"@gug	
"სამშაბათი"@ka	<https://panlex.org/snapshot/panlex-20191001-csv/2892#110824510>				<https://panlex.org/snapshot/panlex-20191001-csv/2892#110824425>		"ara’apy"@gug	
"პარასკევი"@ka	<https://panlex.org/snapshot/panlex-20191001-csv/2892#110826087>				<https://panlex.org/snapshot/panlex-20191001-csv/2892#110825848>		"arapoteĩ"@gug	
"თებერვალი"@ka	<https://panlex.org/snapshot/panlex-20191001-csv/2897#110827468>				<https://panlex.org/snapshot/panlex-20191001-csv/2897#110827701>		"Jasykõi"@gug	
"ნოემბერი"@ka	<https://panlex.org/snapshot/panlex-20191001-csv/2897#110831359>				<https://panlex.org/snapshot/panlex-20191001-csv/2897#110831386>		"Jasypateĩ"@gug	
"ივლისი"@ka	<https://panlex.org/snapshot/panlex-20191001-csv/2897#110829514>				<https://panlex.org/snapshot/panlex-20191001-csv/2897#110829867>		"Jasypokõi"@gug	
"იანვარი"@ka	<https://panlex.org/snapshot/panlex-20191001-csv/2897#110827073>				<https://panlex.org/snapshot/panlex-20191001-csv/2897#110827403>		"Jasyteĩ"@gug	
"სექტემბერი"@ka	<https://panlex.org/snapshot/panlex-20191001-csv/2897#110830672>				<https://panlex.org/snapshot/panlex-20191001-csv/2897#110830578>		"Jasyporundy"@gug	
"დეკემბერი"@ka	<https://panlex.org/snapshot/panlex-20191001-csv/2897#110831948>				<https://panlex.org/snapshot/panlex-20191001-csv/2897#110831891>		"Jasypakõi"@gug	
"ივნისი"@ka	<https://panlex.org/snapshot/panlex-20191001-csv/2897#110829251>				<https://panlex.org/snapshot/panlex-20191001-csv/2897#110829442>		"Jasypoteĩ"@gug	
"ოქტომბერი"@ka	<https://panlex.org/snapshot/panlex-20191001-csv/2897#110830810>				<https://panlex.org/snapshot/panlex-20191001-csv/2897#110830923>		"Jasypa"@gug	
"მარტი"@ka	<https://panlex.org/snapshot/panlex-20191001-csv/2897#110828165>				<https://panlex.org/snapshot/panlex-20191001-csv/2897#110828229>		"Jasyapy"@gug	
"მაისი"@ka	<https://panlex.org/snapshot/panlex-20191001-csv/2897#110829059>				<https://panlex.org/snapshot/panlex-20191001-csv/2897#110828970>		"Jasypo"@gug	
"აგვისტო"@ka	<https://panlex.org/snapshot/panlex-20191001-csv/2897#110830288>				<https://panlex.org/snapshot/panlex-20191001-csv/2897#110830007>		"Jasypoapy"@gug	
"აპრილი"@ka	<https://panlex.org/snapshot/panlex-20191001-csv/2897#110828325>				<https://panlex.org/snapshot/panlex-20191001-csv/2897#110828262>		"Jasyrundy"@gug	
"ოკეანეთი"@ka	<https://panlex.org/snapshot/panlex-20191001-csv/2891#110854335>				<https://panlex.org/snapshot/panlex-20191001-csv/2891#110854416>		"Oseania"@gug	
"ანტარქტიდა"@ka	<https://panlex.org/snapshot/panlex-20191001-csv/2891#110853631>				<https://panlex.org/snapshot/panlex-20191001-csv/2891#110853641>		"Antártida"@gug	
"ოკეანია"@ka	<https://panlex.org/snapshot/panlex-20191001-csv/2891#110854445>				<https://panlex.org/snapshot/panlex-20191001-csv/2891#110854416>		"Oseania"@gug	
"აფრიკა"@ka	<https://panlex.org/snapshot/panlex-20191001-csv/2891#110853046>				<https://panlex.org/snapshot/panlex-20191001-csv/2891#110853146>		"Áfrika"@gug	
"ევროპა"@ka	<https://panlex.org/snapshot/panlex-20191001-csv/2891#110854328>				<https://panlex.org/snapshot/panlex-20191001-csv/2891#110854225>		"Europa"@gug	
"აზია"@ka	<https://panlex.org/snapshot/panlex-20191001-csv/2891#110853858>				<https://panlex.org/snapshot/panlex-20191001-csv/2891#110853796>		"Asia"@gug	
"ამერიკა"@ka	<https://panlex.org/snapshot/panlex-20191001-csv/2891#110853279>				<https://panlex.org/snapshot/panlex-20191001-csv/2891#110853462>		"Amérika"@gug	
