"Algeria"@nov	<https://panlex.org/snapshot/panlex-20191001-csv/5947#84580168>				<https://panlex.org/snapshot/panlex-20191001-csv/5947#84580117>		"Algeria"@ie	
"februare"@nov	<https://panlex.org/snapshot/panlex-20191001-csv/5947#84742971>				<https://panlex.org/snapshot/panlex-20191001-csv/5947#84742886>		"februar"@ie	
"Albania"@nov	<https://panlex.org/snapshot/panlex-20191001-csv/5947#84579746>				<https://panlex.org/snapshot/panlex-20191001-csv/5947#84579699>		"Albania"@ie	
"desembre"@nov	<https://panlex.org/snapshot/panlex-20191001-csv/5940#81278797>				<https://panlex.org/snapshot/panlex-20191001-csv/5940#81278780>		"decembre"@ie	
"auguste"@nov	<https://panlex.org/snapshot/panlex-20191001-csv/5940#81277216>				<https://panlex.org/snapshot/panlex-20191001-csv/5940#81277194>		"august"@ie	
"Octobre"@nov	<https://panlex.org/snapshot/panlex-20191001-csv/5940#81285677>				<https://panlex.org/snapshot/panlex-20191001-csv/5940#81285647>		"Octobre"@ie	
"germanum"@nov	<https://panlex.org/snapshot/panlex-20191001-csv/5939#80782436>				<https://panlex.org/snapshot/panlex-20191001-csv/5939#80782392>		"german"@ie	
"Bible"@nov	<https://panlex.org/snapshot/panlex-20191001-csv/5949#85302751>				<https://panlex.org/snapshot/panlex-20191001-csv/5949#85302698>		"Bible"@ie	
"Filipines"@nov	<https://panlex.org/snapshot/panlex-20191001-csv/5949#85323383>				<https://panlex.org/snapshot/panlex-20191001-csv/5949#85323345>		"Filipines"@ie	
"Uruguay"@nov	<https://panlex.org/snapshot/panlex-20191001-csv/5949#85322935>				<https://panlex.org/snapshot/panlex-20191001-csv/5949#85322900>		"Uruguay"@ie	
"Skotia"@nov	<https://panlex.org/snapshot/panlex-20191001-csv/5949#85325281>				<https://panlex.org/snapshot/panlex-20191001-csv/5949#85325239>		"Scotia"@ie	
"Riga"@nov	<https://panlex.org/snapshot/panlex-20191001-csv/5949#85319243>				<https://panlex.org/snapshot/panlex-20191001-csv/5949#85319214>		"Riga"@ie	
"Fransia"@nov	<https://panlex.org/snapshot/panlex-20191001-csv/5949#85323638>				<https://panlex.org/snapshot/panlex-20191001-csv/5949#85323589>		"Francia"@ie	
"Portugal"@nov	<https://panlex.org/snapshot/panlex-20191001-csv/5949#85318833>				<https://panlex.org/snapshot/panlex-20191001-csv/5949#85318807>		"Portugal"@ie	
"Yemen"@nov	<https://panlex.org/snapshot/panlex-20191001-csv/5949#85311029>				<https://panlex.org/snapshot/panlex-20191001-csv/5949#85310999>		"Yemen"@ie	
"Gabon"@nov	<https://panlex.org/snapshot/panlex-20191001-csv/5949#85305702>				<https://panlex.org/snapshot/panlex-20191001-csv/5949#85305675>		"Gabon"@ie	
"Berlin"@nov	<https://panlex.org/snapshot/panlex-20191001-csv/5949#85302498>				<https://panlex.org/snapshot/panlex-20191001-csv/5949#85302445>		"Berlin"@ie	
"Australia"@nov	<https://panlex.org/snapshot/panlex-20191001-csv/5949#85298194>				<https://panlex.org/snapshot/panlex-20191001-csv/5949#85298144>		"Australia"@ie	
"Bavaria"@nov	<https://panlex.org/snapshot/panlex-20191001-csv/5949#85301221>				<https://panlex.org/snapshot/panlex-20191001-csv/5949#85301196>		"Bavaria"@ie	
"Sune"@nov	<https://panlex.org/snapshot/panlex-20191001-csv/5949#85320963>				<https://panlex.org/snapshot/panlex-20191001-csv/5949#85320919>		"Sole"@ie	
"Latvia"@nov	<https://panlex.org/snapshot/panlex-20191001-csv/5949#85314345>				<https://panlex.org/snapshot/panlex-20191001-csv/5949#85314297>		"Latvia"@ie	
"Wien"@nov	<https://panlex.org/snapshot/panlex-20191001-csv/5949#85304596>				<https://panlex.org/snapshot/panlex-20191001-csv/5949#85304573>		"Vienna"@ie	
"Rusia"@nov	<https://panlex.org/snapshot/panlex-20191001-csv/5949#85319559>				<https://panlex.org/snapshot/panlex-20191001-csv/5949#85319475>		"Russia"@ie	
"Singapore"@nov	<https://panlex.org/snapshot/panlex-20191001-csv/5949#85320563>				<https://panlex.org/snapshot/panlex-20191001-csv/5949#85320520>		"Singapor"@ie	
"historie"@nov	<https://panlex.org/snapshot/panlex-20191001-csv/5942#83282300>				<https://panlex.org/snapshot/panlex-20191001-csv/5942#83282261>		"historie"@ie	
"Volapük"@nov	<https://panlex.org/snapshot/panlex-20191001-csv/405#13633654>				<https://panlex.org/snapshot/panlex-20191001-csv/405#13633641>		"Volapük"@ie	
"Interlingue lingue"@nov	<https://panlex.org/snapshot/panlex-20191001-csv/405#13626064>				<https://panlex.org/snapshot/panlex-20191001-csv/405#13626058>		"Interlingue"@ie	
"Esperanto"@nov	<https://panlex.org/snapshot/panlex-20191001-csv/405#13623794>				<https://panlex.org/snapshot/panlex-20191001-csv/405#13623768>		"Esperanto"@ie	
"Novial"@nov	<https://panlex.org/snapshot/panlex-20191001-csv/405#13629408>				<https://panlex.org/snapshot/panlex-20191001-csv/405#13629396>		"Novial"@ie	
"anglum"@nov	<https://panlex.org/snapshot/panlex-20191001-csv/405#13623650>				<https://panlex.org/snapshot/panlex-20191001-csv/405#13623613>		"Angles"@ie	
"june"@nov	<https://panlex.org/snapshot/panlex-20191001-csv/9#473306>				<https://panlex.org/snapshot/panlex-20191001-csv/9#473287>		"junio"@ie	
"julie"@nov	<https://panlex.org/snapshot/panlex-20191001-csv/9#473380>				<https://panlex.org/snapshot/panlex-20191001-csv/9#473365>		"juli"@ie	
"marte"@nov	<https://panlex.org/snapshot/panlex-20191001-csv/9#473063>				<https://panlex.org/snapshot/panlex-20191001-csv/9#473046>		"marte"@ie	
"maye"@nov	<https://panlex.org/snapshot/panlex-20191001-csv/9#473228>				<https://panlex.org/snapshot/panlex-20191001-csv/9#473211>		"may"@ie	
"maye"@nov	<https://panlex.org/snapshot/panlex-20191001-csv/8#431378>				<https://panlex.org/snapshot/panlex-20191001-csv/8#431351>		"may"@ie	
"marte"@nov	<https://panlex.org/snapshot/panlex-20191001-csv/8#431148>				<https://panlex.org/snapshot/panlex-20191001-csv/8#431122>		"marte"@ie	
"marte"@nov	<https://panlex.org/snapshot/panlex-20191001-csv/11#789039>				<https://panlex.org/snapshot/panlex-20191001-csv/11#789020>		"marte"@ie	
"marte"@nov	<https://panlex.org/snapshot/panlex-20191001-csv/13#949929>				<https://panlex.org/snapshot/panlex-20191001-csv/13#949907>		"marte"@ie	
