"O le tusi a Paulo ia Kalatia"@sm	<https://panlex.org/snapshot/panlex-20191001-csv/6726#111131822>				<https://panlex.org/snapshot/panlex-20191001-csv/6726#111131787>		"Awo̩n ará Galatia"@yo	
"O le tusi e lua a Peteru"@sm	<https://panlex.org/snapshot/panlex-20191001-csv/6726#111134012>				<https://panlex.org/snapshot/panlex-20191001-csv/6726#111133933>		"Peteru (Keji)"@yo	
"O le tusi a Paulo ia Tito"@sm	<https://panlex.org/snapshot/panlex-20191001-csv/6726#111133114>				<https://panlex.org/snapshot/panlex-20191001-csv/6726#111133225>		"Titu"@yo	
"O le tusi a Paulo ia Efeso"@sm	<https://panlex.org/snapshot/panlex-20191001-csv/6726#111131968>				<https://panlex.org/snapshot/panlex-20191001-csv/6726#111132076>		"Awo̩n ará Efesu"@yo	
"O le tusi e lua a Paulo ia Timoteo"@sm	<https://panlex.org/snapshot/panlex-20191001-csv/6726#111133044>				<https://panlex.org/snapshot/panlex-20191001-csv/6726#111132960>		"Timoteu (Keji)"@yo	
"O le tusi a Iakopo"@sm	<https://panlex.org/snapshot/panlex-20191001-csv/6726#111133657>				<https://panlex.org/snapshot/panlex-20191001-csv/6726#111133571>		"Jemisi"@yo	
"O le tusi e lua a Ioane"@sm	<https://panlex.org/snapshot/panlex-20191001-csv/6726#111134304>				<https://panlex.org/snapshot/panlex-20191001-csv/6726#111134296>		"Johanu (Keji)"@yo	
"O le Evagelia a Mareko"@sm	<https://panlex.org/snapshot/panlex-20191001-csv/6726#111130638>				<https://panlex.org/snapshot/panlex-20191001-csv/6726#111130651>		"Marku"@yo	
"O le tusi ia Eperu"@sm	<https://panlex.org/snapshot/panlex-20191001-csv/6726#111133563>				<https://panlex.org/snapshot/panlex-20191001-csv/6726#111133423>		"Awo̩n Heberu"@yo	
"O le tusi muamua a Paulo ia Timoteo"@sm	<https://panlex.org/snapshot/panlex-20191001-csv/6726#111132827>				<https://panlex.org/snapshot/panlex-20191001-csv/6726#111132822>		"Timoteu (Kinni)"@yo	
"O le Evagelia a Ioane"@sm	<https://panlex.org/snapshot/panlex-20191001-csv/6726#111131013>				<https://panlex.org/snapshot/panlex-20191001-csv/6726#111131017>		"Johanu"@yo	
"O le tusi muamua a Paulo ia Tesalonia"@sm	<https://panlex.org/snapshot/panlex-20191001-csv/6726#111132451>				<https://panlex.org/snapshot/panlex-20191001-csv/6726#111132473>		"Awo̩n ará Tessalonika (Kinni)"@yo	
"O le tusi a Iuta"@sm	<https://panlex.org/snapshot/panlex-20191001-csv/6726#111134616>				<https://panlex.org/snapshot/panlex-20191001-csv/6726#111134565>		"Juda"@yo	
"O le Feagaiga Fou"@sm	<https://panlex.org/snapshot/panlex-20191001-csv/6726#111135013>				<https://panlex.org/snapshot/panlex-20191001-csv/6726#111134918>		"Awo̩n iwe maje̩mu titun"@yo	
"O le tusi muamua a Peteru"@sm	<https://panlex.org/snapshot/panlex-20191001-csv/6726#111133752>				<https://panlex.org/snapshot/panlex-20191001-csv/6726#111133856>		"Peteru (Kinni)"@yo	
"O le Evagelia a Luka"@sm	<https://panlex.org/snapshot/panlex-20191001-csv/6726#111130812>				<https://panlex.org/snapshot/panlex-20191001-csv/6726#111130911>		"Luku"@yo	
"O le tusi e tolu a Ioane"@sm	<https://panlex.org/snapshot/panlex-20191001-csv/6726#111134389>				<https://panlex.org/snapshot/panlex-20191001-csv/6726#111134454>		"Johanu (Ke̩ta)"@yo	
"O le tusi e lua a Paulo ia Tesalonia"@sm	<https://panlex.org/snapshot/panlex-20191001-csv/6726#111132708>				<https://panlex.org/snapshot/panlex-20191001-csv/6726#111132601>		"Awo̩n ará Tessalonika (Keji)"@yo	
"O le tusi a Paulo ia Filemonia"@sm	<https://panlex.org/snapshot/panlex-20191001-csv/6726#111133312>				<https://panlex.org/snapshot/panlex-20191001-csv/6726#111133345>		"Filemo̩ni"@yo	
"O le tusi a Paulo ia Filipi"@sm	<https://panlex.org/snapshot/panlex-20191001-csv/6726#111132222>				<https://panlex.org/snapshot/panlex-20191001-csv/6726#111132245>		"Awo̩n ará Filippi"@yo	
"O le tusi a Paulo ia Roma"@sm	<https://panlex.org/snapshot/panlex-20191001-csv/6726#111131295>				<https://panlex.org/snapshot/panlex-20191001-csv/6726#111131419>		"Awo̩n ará Romu"@yo	
"O le uluai tusi a Ioane"@sm	<https://panlex.org/snapshot/panlex-20191001-csv/6726#111134152>				<https://panlex.org/snapshot/panlex-20191001-csv/6726#111134142>		"Johanu (Kinni)"@yo	
"O le tusi muamua a Paulo ia Korinto"@sm	<https://panlex.org/snapshot/panlex-20191001-csv/6726#111131590>				<https://panlex.org/snapshot/panlex-20191001-csv/6726#111131556>		"Awo̩n ará Korinti (Kinni)"@yo	
"O Galuega a le au Aposetoro"@sm	<https://panlex.org/snapshot/panlex-20191001-csv/6726#111131266>				<https://panlex.org/snapshot/panlex-20191001-csv/6726#111131178>		"Ise Awo̩n Aposteli"@yo	
"O le tusi e lua a Paulo ia Korinto"@sm	<https://panlex.org/snapshot/panlex-20191001-csv/6726#111131732>				<https://panlex.org/snapshot/panlex-20191001-csv/6726#111131646>		"Awo̩n ará Korinti (Keji)"@yo	
"O le tusi a Paulo ia Kolose"@sm	<https://panlex.org/snapshot/panlex-20191001-csv/6726#111132294>				<https://panlex.org/snapshot/panlex-20191001-csv/6726#111132272>		"Awo̩n ará Kolosse"@yo	
"O le Faaaliga ia Ioane"@sm	<https://panlex.org/snapshot/panlex-20191001-csv/6726#111134780>				<https://panlex.org/snapshot/panlex-20191001-csv/6726#111134769>		"Ifihan"@yo	
"O le Evagelia a Mataio"@sm	<https://panlex.org/snapshot/panlex-20191001-csv/6726#111130539>				<https://panlex.org/snapshot/panlex-20191001-csv/6726#111130471>		"Matteu"@yo	
"'apogāleveleve"@sm	<https://panlex.org/snapshot/panlex-20191001-csv/5947#84785630>				<https://panlex.org/snapshot/panlex-20191001-csv/5947#84785649>		"alantakun"@yo	
"Peleseuma"@sm	<https://panlex.org/snapshot/panlex-20191001-csv/5947#84584505>				<https://panlex.org/snapshot/panlex-20191001-csv/5947#84584552>		"Bẹ́ljíọ̀m"@yo	
"aso gafua"@sm	<https://panlex.org/snapshot/panlex-20191001-csv/5947#84803570>				<https://panlex.org/snapshot/panlex-20191001-csv/5947#84803630>		"o̩jó̩ Mo̩ndé"@yo	
"aso gafua"@sm	<https://panlex.org/snapshot/panlex-20191001-csv/5947#84803570>				<https://panlex.org/snapshot/panlex-20191001-csv/5947#84803627>		"Mo̩ndé"@yo	
"aso gafua"@sm	<https://panlex.org/snapshot/panlex-20191001-csv/5947#84803570>				<https://panlex.org/snapshot/panlex-20191001-csv/5947#84803629>		"o̩jó̩ keji o̩sè̩"@yo	
"aso gafua"@sm	<https://panlex.org/snapshot/panlex-20191001-csv/5947#84803570>				<https://panlex.org/snapshot/panlex-20191001-csv/5947#84803628>		"o̩jó̩ Ajé"@yo	
"vilivae"@sm	<https://panlex.org/snapshot/panlex-20191001-csv/5940#81353583>				<https://panlex.org/snapshot/panlex-20191001-csv/5940#81353604>		"kẹ̀kẹ́"@yo	
"vilivae"@sm	<https://panlex.org/snapshot/panlex-20191001-csv/5940#81353583>				<https://panlex.org/snapshot/panlex-20191001-csv/5940#81353603>		"básíkùlù"@yo	
"uila"@sm	<https://panlex.org/snapshot/panlex-20191001-csv/5940#81353584>				<https://panlex.org/snapshot/panlex-20191001-csv/5940#81353604>		"kẹ̀kẹ́"@yo	
"uila"@sm	<https://panlex.org/snapshot/panlex-20191001-csv/5940#81353584>				<https://panlex.org/snapshot/panlex-20191001-csv/5940#81353603>		"básíkùlù"@yo	
"Saina"@sm	<https://panlex.org/snapshot/panlex-20191001-csv/5939#80773637>				<https://panlex.org/snapshot/panlex-20191001-csv/5939#80773640>		"Shaina"@yo	
"Fiti"@sm	<https://panlex.org/snapshot/panlex-20191001-csv/5939#80814697>				<https://panlex.org/snapshot/panlex-20191001-csv/5939#80814707>		"Fíjì"@yo	
"Feterisitete o Micronisia"@sm	<https://panlex.org/snapshot/panlex-20191001-csv/5939#80826594>				<https://panlex.org/snapshot/panlex-20191001-csv/5939#80826605>		"Àwọn Ìpínlẹ̀ Àṣepapọ̀ ilẹ̀ Mikronésíà"@yo	
"aisa"@sm	<https://panlex.org/snapshot/panlex-20191001-csv/5946#84446307>				<https://panlex.org/snapshot/panlex-20191001-csv/5946#84446358>		"díngí"@yo	
"'apogāleveleve"@sm	<https://panlex.org/snapshot/panlex-20191001-csv/5946#84452167>				<https://panlex.org/snapshot/panlex-20191001-csv/5946#84452184>		"alantakun"@yo	
"Ierusalema"@sm	<https://panlex.org/snapshot/panlex-20191001-csv/5949#85310017>				<https://panlex.org/snapshot/panlex-20191001-csv/5949#85310056>		"Jerúsálẹ́mù"@yo	
"Filipaina"@sm	<https://panlex.org/snapshot/panlex-20191001-csv/5949#85323409>				<https://panlex.org/snapshot/panlex-20191001-csv/5949#85323446>		"Filipínì"@yo	
"Sigapoa"@sm	<https://panlex.org/snapshot/panlex-20191001-csv/5949#85320587>				<https://panlex.org/snapshot/panlex-20191001-csv/5949#85320616>		"Singapore"@yo	
"ʻAukuso"@sm	<https://panlex.org/snapshot/panlex-20191001-csv/5949#85329495>				<https://panlex.org/snapshot/panlex-20191001-csv/5949#85329553>		"ke̩jo̩"@yo	
"Ausetalia"@sm	<https://panlex.org/snapshot/panlex-20191001-csv/5949#85298223>				<https://panlex.org/snapshot/panlex-20191001-csv/5949#85298255>		"Austrálíà"@yo	
"'O le Tusi Pa'ia"@sm	<https://panlex.org/snapshot/panlex-20191001-csv/5949#85302781>				<https://panlex.org/snapshot/panlex-20191001-csv/5949#85302829>		"Bíbélì Mímọ́"@yo	
"Finalagi"@sm	<https://panlex.org/snapshot/panlex-20191001-csv/5949#85323244>				<https://panlex.org/snapshot/panlex-20191001-csv/5949#85323275>		"Fínlándì"@yo	
"fetū"@sm	<https://panlex.org/snapshot/panlex-20191001-csv/5942#83281596>				<https://panlex.org/snapshot/panlex-20191001-csv/5942#83281603>		"ìràwọ̀"@yo	
"Iesu"@sm	<https://panlex.org/snapshot/panlex-20191001-csv/5943#83289591>				<https://panlex.org/snapshot/panlex-20191001-csv/5943#83289617>		"Jésù"@yo	
"tausaga"@sm	<https://panlex.org/snapshot/panlex-20191001-csv/611#25800141>				<https://panlex.org/snapshot/panlex-20191001-csv/611#25800156>		"ọdun"@yo	
"fetū"@sm	<https://panlex.org/snapshot/panlex-20191001-csv/611#25808557>				<https://panlex.org/snapshot/panlex-20191001-csv/611#25808573>		"irawọ"@yo	
"Lā"@sm	<https://panlex.org/snapshot/panlex-20191001-csv/611#25808992>				<https://panlex.org/snapshot/panlex-20191001-csv/611#25809009>		"Oòrùn"@yo	
"māsina"@sm	<https://panlex.org/snapshot/panlex-20191001-csv/611#25802653>				<https://panlex.org/snapshot/panlex-20191001-csv/611#25802678>		"Osupa"@yo	
"Faʻaperetania"@sm	<https://panlex.org/snapshot/panlex-20191001-csv/405#13623671>				<https://panlex.org/snapshot/panlex-20191001-csv/405#13623698>		"Èdè Gẹ̀ẹ́sì"@yo	
"onosefulu"@sm	<https://panlex.org/snapshot/panlex-20191001-csv/12#845871>				<https://panlex.org/snapshot/panlex-20191001-csv/12#845886>		"ọgóta"@yo	
"vai"@sm	<https://panlex.org/snapshot/panlex-20191001-csv/12#851152>				<https://panlex.org/snapshot/panlex-20191001-csv/12#851259>		"omi"@yo	
"kemisi"@sm	<https://panlex.org/snapshot/panlex-20191001-csv/2904#111022514>				<https://panlex.org/snapshot/panlex-20191001-csv/2904#111022503>		"irú é̩ko̩ kan"@yo	
"paiolo"@sm	<https://panlex.org/snapshot/panlex-20191001-csv/2904#111022228>				<https://panlex.org/snapshot/panlex-20191001-csv/2904#111022342>		"è̩kó̩ nípa é̩dá bàyó̩ló̩jì"@yo	
"saienisi"@sm	<https://panlex.org/snapshot/panlex-20191001-csv/2904#111024305>				<https://panlex.org/snapshot/panlex-20191001-csv/2904#111024290>		"sáyé̩nsì"@yo	
"fisiki"@sm	<https://panlex.org/snapshot/panlex-20191001-csv/2904#111024143>				<https://panlex.org/snapshot/panlex-20191001-csv/2904#111023987>		"agbára"@yo	
"iunivesitē"@sm	<https://panlex.org/snapshot/panlex-20191001-csv/2904#111024447>				<https://panlex.org/snapshot/panlex-20191001-csv/2904#111024455>		"yunifásítì"@yo	
"matematika"@sm	<https://panlex.org/snapshot/panlex-20191001-csv/2904#111023526>				<https://panlex.org/snapshot/panlex-20191001-csv/2904#111023373>		"ìs̩irò"@yo	
"filemū"@sm	<https://panlex.org/snapshot/panlex-20191001-csv/2902#111012329>				<https://panlex.org/snapshot/panlex-20191001-csv/2902#111012037>		"alaáfía"@yo	
"toʻa"@sm	<https://panlex.org/snapshot/panlex-20191001-csv/2902#111012211>				<https://panlex.org/snapshot/panlex-20191001-csv/2902#111012037>		"alaáfía"@yo	
"Vasa Pasefika"@sm	<https://panlex.org/snapshot/panlex-20191001-csv/2901#110868081>				<https://panlex.org/snapshot/panlex-20191001-csv/2901#110867985>		"Òkun Alafia"@yo	
"aso sa"@sm	<https://panlex.org/snapshot/panlex-20191001-csv/2892#110826677>				<https://panlex.org/snapshot/panlex-20191001-csv/2892#110826976>		"So̩ndé"@yo	
"aso sa"@sm	<https://panlex.org/snapshot/panlex-20191001-csv/2892#110826677>				<https://panlex.org/snapshot/panlex-20191001-csv/2892#110826947>		"o̩jó̩ kini o̩sè̩"@yo	
"aso sa"@sm	<https://panlex.org/snapshot/panlex-20191001-csv/2892#110826677>				<https://panlex.org/snapshot/panlex-20191001-csv/2892#110826852>		"o̩jó̩ So̩ndé"@yo	
"aso sa"@sm	<https://panlex.org/snapshot/panlex-20191001-csv/2892#110826677>				<https://panlex.org/snapshot/panlex-20191001-csv/2892#110826587>		"o̩jó̩ Àikú"@yo	
"aso sa"@sm	<https://panlex.org/snapshot/panlex-20191001-csv/2892#110826677>				<https://panlex.org/snapshot/panlex-20191001-csv/2892#110826806>		"o̩jó̩ o̩sè̩"@yo	
"aso tofi"@sm	<https://panlex.org/snapshot/panlex-20191001-csv/2892#110825363>				<https://panlex.org/snapshot/panlex-20191001-csv/2892#110825672>		"o̩jó̩ Àlàmísì"@yo	
"aso tofi"@sm	<https://panlex.org/snapshot/panlex-20191001-csv/2892#110825363>				<https://panlex.org/snapshot/panlex-20191001-csv/2892#110825573>		"o̩jó̩ kãrun o̩sè̩"@yo	
"aso tofi"@sm	<https://panlex.org/snapshot/panlex-20191001-csv/2892#110825363>				<https://panlex.org/snapshot/panlex-20191001-csv/2892#110825607>		"Àlàmísì"@yo	
"aso tofi"@sm	<https://panlex.org/snapshot/panlex-20191001-csv/2892#110825363>				<https://panlex.org/snapshot/panlex-20191001-csv/2892#110825529>		"o̩jó̩ ’Bo̩̩"@yo	
"aso lua"@sm	<https://panlex.org/snapshot/panlex-20191001-csv/2892#110824809>				<https://panlex.org/snapshot/panlex-20191001-csv/2892#110824452>		"o̩jó̩ Is̩è̩gun"@yo	
"aso lua"@sm	<https://panlex.org/snapshot/panlex-20191001-csv/2892#110824809>				<https://panlex.org/snapshot/panlex-20191001-csv/2892#110824740>		"o̩jó̩ Tusidé"@yo	
"aso lua"@sm	<https://panlex.org/snapshot/panlex-20191001-csv/2892#110824809>				<https://panlex.org/snapshot/panlex-20191001-csv/2892#110824518>		"o̩jó̩ ke̩ta o̩sè̩"@yo	
"aso lua"@sm	<https://panlex.org/snapshot/panlex-20191001-csv/2892#110824809>				<https://panlex.org/snapshot/panlex-20191001-csv/2892#110824573>		"Tusidé"@yo	
"aso toonai"@sm	<https://panlex.org/snapshot/panlex-20191001-csv/2892#110826303>				<https://panlex.org/snapshot/panlex-20191001-csv/2892#110826278>		"o̩jó̩ Satidé"@yo	
"aso toonai"@sm	<https://panlex.org/snapshot/panlex-20191001-csv/2892#110826303>				<https://panlex.org/snapshot/panlex-20191001-csv/2892#110826421>		"Satidé"@yo	
"aso toonai"@sm	<https://panlex.org/snapshot/panlex-20191001-csv/2892#110826303>				<https://panlex.org/snapshot/panlex-20191001-csv/2892#110826309>		"o̩jó̩ Abame̩ta"@yo	
"aso toonai"@sm	<https://panlex.org/snapshot/panlex-20191001-csv/2892#110826303>				<https://panlex.org/snapshot/panlex-20191001-csv/2892#110826244>		"o̩jó̩ keje o̩sè̩"@yo	
"aso gafua"@sm	<https://panlex.org/snapshot/panlex-20191001-csv/2892#110824174>				<https://panlex.org/snapshot/panlex-20191001-csv/2892#110824027>		"o̩jó̩ Mo̩ndé"@yo	
"aso gafua"@sm	<https://panlex.org/snapshot/panlex-20191001-csv/2892#110824174>				<https://panlex.org/snapshot/panlex-20191001-csv/2892#110824318>		"o̩jó̩ keji o̩sè̩"@yo	
"aso gafua"@sm	<https://panlex.org/snapshot/panlex-20191001-csv/2892#110824174>				<https://panlex.org/snapshot/panlex-20191001-csv/2892#110824104>		"Mo̩ndé"@yo	
"aso gafua"@sm	<https://panlex.org/snapshot/panlex-20191001-csv/2892#110824174>				<https://panlex.org/snapshot/panlex-20191001-csv/2892#110824386>		"o̩jó̩ Ajé"@yo	
"aso lulu"@sm	<https://panlex.org/snapshot/panlex-20191001-csv/2892#110825045>				<https://panlex.org/snapshot/panlex-20191001-csv/2892#110825234>		"Wesidé"@yo	
"aso lulu"@sm	<https://panlex.org/snapshot/panlex-20191001-csv/2892#110825045>				<https://panlex.org/snapshot/panlex-20191001-csv/2892#110825244>		"o̩jó̩ ke̩rin o̩sè̩"@yo	
"aso lulu"@sm	<https://panlex.org/snapshot/panlex-20191001-csv/2892#110825045>				<https://panlex.org/snapshot/panlex-20191001-csv/2892#110825256>		"o̩jó̩ Wesidé"@yo	
"aso lulu"@sm	<https://panlex.org/snapshot/panlex-20191001-csv/2892#110825045>				<https://panlex.org/snapshot/panlex-20191001-csv/2892#110824881>		"o̩jó̩ ’Ru"@yo	
"aso faraile"@sm	<https://panlex.org/snapshot/panlex-20191001-csv/2892#110825801>				<https://panlex.org/snapshot/panlex-20191001-csv/2892#110826126>		"o̩jó̩ ke̩fà o̩sè̩"@yo	
"aso faraile"@sm	<https://panlex.org/snapshot/panlex-20191001-csv/2892#110825801>				<https://panlex.org/snapshot/panlex-20191001-csv/2892#110825945>		"o̩jó̩ Jimõ̩"@yo	
"aso faraile"@sm	<https://panlex.org/snapshot/panlex-20191001-csv/2892#110825801>				<https://panlex.org/snapshot/panlex-20191001-csv/2892#110825756>		"Jimõ̩"@yo	
"aso faraile"@sm	<https://panlex.org/snapshot/panlex-20191001-csv/2892#110825801>				<https://panlex.org/snapshot/panlex-20191001-csv/2892#110825748>		"o̩jó̩ E̩ti"@yo	
"Novema"@sm	<https://panlex.org/snapshot/panlex-20191001-csv/2897#110831544>				<https://panlex.org/snapshot/panlex-20191001-csv/2897#110831166>		"ko̩kànlá"@yo	
"Iulai"@sm	<https://panlex.org/snapshot/panlex-20191001-csv/2897#110829876>				<https://panlex.org/snapshot/panlex-20191001-csv/2897#110829814>		"keje"@yo	
"Mē"@sm	<https://panlex.org/snapshot/panlex-20191001-csv/2897#110828677>				<https://panlex.org/snapshot/panlex-20191001-csv/2897#110828890>		"kàrún"@yo	
"Tesema"@sm	<https://panlex.org/snapshot/panlex-20191001-csv/2897#110831805>				<https://panlex.org/snapshot/panlex-20191001-csv/2897#110831575>		"kejìlá"@yo	
"Setema"@sm	<https://panlex.org/snapshot/panlex-20191001-csv/2897#110830683>				<https://panlex.org/snapshot/panlex-20191001-csv/2897#110830328>		"kè̩sán"@yo	
"Mati"@sm	<https://panlex.org/snapshot/panlex-20191001-csv/2897#110828251>				<https://panlex.org/snapshot/panlex-20191001-csv/2897#110828239>		"ke̩ta"@yo	
"Fepuari"@sm	<https://panlex.org/snapshot/panlex-20191001-csv/2897#110827748>				<https://panlex.org/snapshot/panlex-20191001-csv/2897#110827753>		"kejì"@yo	
"ʻAperila"@sm	<https://panlex.org/snapshot/panlex-20191001-csv/2897#110828543>				<https://panlex.org/snapshot/panlex-20191001-csv/2897#110828336>		"ke̩rin"@yo	
"ʻAukuso"@sm	<https://panlex.org/snapshot/panlex-20191001-csv/2897#110830300>				<https://panlex.org/snapshot/panlex-20191001-csv/2897#110830305>		"ke̩jo̩"@yo	
"ʻOketopa"@sm	<https://panlex.org/snapshot/panlex-20191001-csv/2897#110830974>				<https://panlex.org/snapshot/panlex-20191001-csv/2897#110830880>		"kè̩wá"@yo	
"Iuni"@sm	<https://panlex.org/snapshot/panlex-20191001-csv/2897#110829317>				<https://panlex.org/snapshot/panlex-20191001-csv/2897#110829359>		"ke̩fà"@yo	
"Ianuari"@sm	<https://panlex.org/snapshot/panlex-20191001-csv/2897#110827171>				<https://panlex.org/snapshot/panlex-20191001-csv/2897#110827160>		"kínní"@yo	
"Iuropa"@sm	<https://panlex.org/snapshot/panlex-20191001-csv/2891#110854267>				<https://panlex.org/snapshot/panlex-20191001-csv/2891#110854191>		"Yúróòpù"@yo	
