"iJamani"@xh	<https://panlex.org/snapshot/panlex-20191001-csv/5950#85858440>				<https://panlex.org/snapshot/panlex-20191001-csv/5950#85858359>		"Jamus"@ha	
"iqanda"@xh	<https://panlex.org/snapshot/panlex-20191001-csv/5947#84707602>				<https://panlex.org/snapshot/panlex-20191001-csv/5947#84707485>		"ƙwái"@ha	
"-mhlophe"@xh	<https://panlex.org/snapshot/panlex-20191001-csv/5947#84639880>				<https://panlex.org/snapshot/panlex-20191001-csv/5947#84639751>		"fari"@ha	
"isibindi"@xh	<https://panlex.org/snapshot/panlex-20191001-csv/5947#84895319>				<https://panlex.org/snapshot/panlex-20191001-csv/5947#84895237>		"igitiku"@ha	
"isibindi"@xh	<https://panlex.org/snapshot/panlex-20191001-csv/5947#84895319>				<https://panlex.org/snapshot/panlex-20191001-csv/5947#84895238>		"hanta"@ha	
"uFebruwari"@xh	<https://panlex.org/snapshot/panlex-20191001-csv/5947#84743067>				<https://panlex.org/snapshot/panlex-20191001-csv/5947#84742871>		"Fabrairu"@ha	
"uFebruwari"@xh	<https://panlex.org/snapshot/panlex-20191001-csv/5947#84743067>				<https://panlex.org/snapshot/panlex-20191001-csv/5947#84742870>		"Fabara’ir"@ha	
"iJamani"@xh	<https://panlex.org/snapshot/panlex-20191001-csv/5939#80782829>				<https://panlex.org/snapshot/panlex-20191001-csv/5939#80782695>		"Jamus"@ha	
"isipili"@xh	<https://panlex.org/snapshot/panlex-20191001-csv/5946#84446355>				<https://panlex.org/snapshot/panlex-20191001-csv/5946#84446193>		"matsokaci"@ha	
"isipili"@xh	<https://panlex.org/snapshot/panlex-20191001-csv/5946#84446355>				<https://panlex.org/snapshot/panlex-20191001-csv/5946#84446191>		"madubi"@ha	
"isipili"@xh	<https://panlex.org/snapshot/panlex-20191001-csv/5946#84446355>				<https://panlex.org/snapshot/panlex-20191001-csv/5946#84446192>		"boka"@ha	
"uAgasti"@xh	<https://panlex.org/snapshot/panlex-20191001-csv/5949#85329548>				<https://panlex.org/snapshot/panlex-20191001-csv/5949#85329355>		"Angushat"@ha	
"uAgasti"@xh	<https://panlex.org/snapshot/panlex-20191001-csv/5949#85329548>				<https://panlex.org/snapshot/panlex-20191001-csv/5949#85329356>		"Agusta"@ha	
"uAgasti"@xh	<https://panlex.org/snapshot/panlex-20191001-csv/5949#85329548>				<https://panlex.org/snapshot/panlex-20191001-csv/5949#85329357>		"Angusta"@ha	
"isisthixo"@xh	<https://panlex.org/snapshot/panlex-20191001-csv/5949#85303168>				<https://panlex.org/snapshot/panlex-20191001-csv/5949#85303018>		"Állȁh"@ha	
"uThixo"@xh	<https://panlex.org/snapshot/panlex-20191001-csv/5949#85303169>				<https://panlex.org/snapshot/panlex-20191001-csv/5949#85303018>		"Állȁh"@ha	
"IRashiya"@xh	<https://panlex.org/snapshot/panlex-20191001-csv/5949#85319641>				<https://panlex.org/snapshot/panlex-20191001-csv/5949#85319462>		"Rāshà"@ha	
"eyeThupha"@xh	<https://panlex.org/snapshot/panlex-20191001-csv/5949#85329549>				<https://panlex.org/snapshot/panlex-20191001-csv/5949#85329355>		"Angushat"@ha	
"eyeThupha"@xh	<https://panlex.org/snapshot/panlex-20191001-csv/5949#85329549>				<https://panlex.org/snapshot/panlex-20191001-csv/5949#85329356>		"Agusta"@ha	
"eyeThupha"@xh	<https://panlex.org/snapshot/panlex-20191001-csv/5949#85329549>				<https://panlex.org/snapshot/panlex-20191001-csv/5949#85329357>		"Angusta"@ha	
"IBhayibhile"@xh	<https://panlex.org/snapshot/panlex-20191001-csv/5949#85302826>				<https://panlex.org/snapshot/panlex-20191001-csv/5949#85302686>		"Baibûl"@ha	
"izinyo"@xh	<https://panlex.org/snapshot/panlex-20191001-csv/5942#83281091>				<https://panlex.org/snapshot/panlex-20191001-csv/5942#83281051>		"haƙori"@ha	
"Isi-Portuguese (Portugal)"@xh	<https://panlex.org/snapshot/panlex-20191001-csv/400#13358987>				<https://panlex.org/snapshot/panlex-20191001-csv/400#13358944>		"Yaren Kasar Portugal"@ha	
"Isi-Dutch"@xh	<https://panlex.org/snapshot/panlex-20191001-csv/400#13356840>				<https://panlex.org/snapshot/panlex-20191001-csv/400#13356774>		"Yaren mutanen Holland"@ha	
"Isi-Tamil"@xh	<https://panlex.org/snapshot/panlex-20191001-csv/400#13362501>				<https://panlex.org/snapshot/panlex-20191001-csv/400#13362441>		"Dʼan/ʼYar Kabilar Tamil"@ha	
"Guarani"@xh	<https://panlex.org/snapshot/panlex-20191001-csv/400#13348880>				<https://panlex.org/snapshot/panlex-20191001-csv/400#13348824>		"Guwaraniyanci"@ha	
"Isi-Galician"@xh	<https://panlex.org/snapshot/panlex-20191001-csv/400#13348749>				<https://panlex.org/snapshot/panlex-20191001-csv/400#13348692>		"Bagalike"@ha	
"Isi-Bulgaria"@xh	<https://panlex.org/snapshot/panlex-20191001-csv/400#13342695>				<https://panlex.org/snapshot/panlex-20191001-csv/400#13342635>		"Bulgeriyan"@ha	
"Isi-Nepali"@xh	<https://panlex.org/snapshot/panlex-20191001-csv/400#13356563>				<https://panlex.org/snapshot/panlex-20191001-csv/400#13356503>		"Dʼan/ʼYar Kabilar Nepal"@ha	
"Isi-Greek"@xh	<https://panlex.org/snapshot/panlex-20191001-csv/400#13346226>				<https://panlex.org/snapshot/panlex-20191001-csv/400#13346163>		"Girkanci"@ha	
"Isi-Czech"@xh	<https://panlex.org/snapshot/panlex-20191001-csv/400#13344853>				<https://panlex.org/snapshot/panlex-20191001-csv/400#13344790>		"Yaren Jamhuriyar Cek"@ha	
"Isi-Korean"@xh	<https://panlex.org/snapshot/panlex-20191001-csv/400#13352693>				<https://panlex.org/snapshot/panlex-20191001-csv/400#13352632>		"Yaren mutanen Koriya"@ha	
"Isi-Frisian"@xh	<https://panlex.org/snapshot/panlex-20191001-csv/400#13348225>				<https://panlex.org/snapshot/panlex-20191001-csv/400#13348167>		"Kʼabilan Firsi"@ha	
"Isi-Malay"@xh	<https://panlex.org/snapshot/panlex-20191001-csv/400#13355757>				<https://panlex.org/snapshot/panlex-20191001-csv/400#13355698>		"Dan Kabilar Male"@ha	
"Isi-Punjabi"@xh	<https://panlex.org/snapshot/panlex-20191001-csv/400#13358055>				<https://panlex.org/snapshot/panlex-20191001-csv/400#13357995>		"Dan/ʼYar Garin Punjab"@ha	
"Isi-Albania"@xh	<https://panlex.org/snapshot/panlex-20191001-csv/400#13361604>				<https://panlex.org/snapshot/panlex-20191001-csv/400#13361544>		"Dʼan/ʼYar Kabilar Albaniya"@ha	
"Isi-Vietnamese"@xh	<https://panlex.org/snapshot/panlex-20191001-csv/400#13364830>				<https://panlex.org/snapshot/panlex-20191001-csv/400#13364772>		"Kʼabilan Biyetnam"@ha	
"Isi-Maltese"@xh	<https://panlex.org/snapshot/panlex-20191001-csv/400#13355850>				<https://panlex.org/snapshot/panlex-20191001-csv/400#13355794>		"Harshen Maltis"@ha	
"Oriya"@xh	<https://panlex.org/snapshot/panlex-20191001-csv/400#13357807>				<https://panlex.org/snapshot/panlex-20191001-csv/400#13357750>		"Oriyanci"@ha	
"Isi-German"@xh	<https://panlex.org/snapshot/panlex-20191001-csv/400#13345432>				<https://panlex.org/snapshot/panlex-20191001-csv/400#13345361>		"Jamusanchi"@ha	
"Isi-Azerbaijani"@xh	<https://panlex.org/snapshot/panlex-20191001-csv/400#13342105>				<https://panlex.org/snapshot/panlex-20191001-csv/400#13342048>		"Azerbaijanci"@ha	
"Isi-Telegu"@xh	<https://panlex.org/snapshot/panlex-20191001-csv/400#13362637>				<https://panlex.org/snapshot/panlex-20191001-csv/400#13362579>		"Dʼan/ʼYar Kabilar Telug"@ha	
"Isi-Italian"@xh	<https://panlex.org/snapshot/panlex-20191001-csv/400#13351248>				<https://panlex.org/snapshot/panlex-20191001-csv/400#13351177>		"Italiyanci"@ha	
"isiCambodia"@xh	<https://panlex.org/snapshot/panlex-20191001-csv/400#13352463>				<https://panlex.org/snapshot/panlex-20191001-csv/400#13352410>		"Kambodiyanci"@ha	
"Isi-Bengali"@xh	<https://panlex.org/snapshot/panlex-20191001-csv/400#13343115>				<https://panlex.org/snapshot/panlex-20191001-csv/400#13343052>		"Dan Bengal"@ha	
"Isi-Japanese"@xh	<https://panlex.org/snapshot/panlex-20191001-csv/400#13351409>				<https://panlex.org/snapshot/panlex-20191001-csv/400#13351337>		"Jafananci"@ha	
"Isi-Russian"@xh	<https://panlex.org/snapshot/panlex-20191001-csv/400#13359568>				<https://panlex.org/snapshot/panlex-20191001-csv/400#13359499>		"Rashanci"@ha	
"isiBhulu"@xh	<https://panlex.org/snapshot/panlex-20191001-csv/400#13340766>				<https://panlex.org/snapshot/panlex-20191001-csv/400#13340705>		"Afirkanci"@ha	
"Isi-Danish"@xh	<https://panlex.org/snapshot/panlex-20191001-csv/400#13345209>				<https://panlex.org/snapshot/panlex-20191001-csv/400#13345145>		"Danish"@ha	
"isiNgesi"@xh	<https://panlex.org/snapshot/panlex-20191001-csv/400#13346377>				<https://panlex.org/snapshot/panlex-20191001-csv/400#13346304>		"Turanci"@ha	
"Isi-Croatia"@xh	<https://panlex.org/snapshot/panlex-20191001-csv/400#13349951>				<https://panlex.org/snapshot/panlex-20191001-csv/400#13349891>		"Kuroshiyan"@ha	
"Isi-Esperanto"@xh	<https://panlex.org/snapshot/panlex-20191001-csv/400#13346699>				<https://panlex.org/snapshot/panlex-20191001-csv/400#13346640>		"Dʼan/ʼYar Kabilar Andalus"@ha	
"Iso-Occitan"@xh	<https://panlex.org/snapshot/panlex-20191001-csv/400#13357631>				<https://panlex.org/snapshot/panlex-20191001-csv/400#13357571>		"Ositanci"@ha	
"Isi-Spanish"@xh	<https://panlex.org/snapshot/panlex-20191001-csv/400#13346812>				<https://panlex.org/snapshot/panlex-20191001-csv/400#13346740>		"Mutanen Espanya"@ha	
"Isi-Thai"@xh	<https://panlex.org/snapshot/panlex-20191001-csv/400#13362889>				<https://panlex.org/snapshot/panlex-20191001-csv/400#13362829>		"Tayanci"@ha	
"Isi-Swedish"@xh	<https://panlex.org/snapshot/panlex-20191001-csv/400#13362244>				<https://panlex.org/snapshot/panlex-20191001-csv/400#13362178>		"Yaren mutanen Sweden"@ha	
"Isi-Norwegia (Nynorsk)"@xh	<https://panlex.org/snapshot/panlex-20191001-csv/400#13356964>				<https://panlex.org/snapshot/panlex-20191001-csv/400#13356916>		"Yaren Kasar Norway"@ha	
"Isi-Belarusian"@xh	<https://panlex.org/snapshot/panlex-20191001-csv/400#13342485>				<https://panlex.org/snapshot/panlex-20191001-csv/400#13342424>		"Belarushiyanci"@ha	
"Scots Gaelic"@xh	<https://panlex.org/snapshot/panlex-20191001-csv/400#13348529>				<https://panlex.org/snapshot/panlex-20191001-csv/400#13348472>		"Kʼabilan Scots Gaelic"@ha	
"Pashto"@xh	<https://panlex.org/snapshot/panlex-20191001-csv/400#13358736>				<https://panlex.org/snapshot/panlex-20191001-csv/400#13358680>		"Pashtanci"@ha	
"Isi-Serbia"@xh	<https://panlex.org/snapshot/panlex-20191001-csv/400#13361702>				<https://panlex.org/snapshot/panlex-20191001-csv/400#13361641>		"Sabiyan"@ha	
"Isi-Marathi"@xh	<https://panlex.org/snapshot/panlex-20191001-csv/400#13355661>				<https://panlex.org/snapshot/panlex-20191001-csv/400#13355603>		"Kʼabilan Marathi"@ha	
"Isi-Tigrinya"@xh	<https://panlex.org/snapshot/panlex-20191001-csv/400#13362980>				<https://panlex.org/snapshot/panlex-20191001-csv/400#13362925>		"Tigriyanci"@ha	
"isiZulu"@xh	<https://panlex.org/snapshot/panlex-20191001-csv/400#13366031>				<https://panlex.org/snapshot/panlex-20191001-csv/400#13365972>		"Bazule"@ha	
"Isi-Icelandic"@xh	<https://panlex.org/snapshot/panlex-20191001-csv/400#13351135>				<https://panlex.org/snapshot/panlex-20191001-csv/400#13351073>		"Yaren mutanen Iceland"@ha	
"Interlingua"@xh	<https://panlex.org/snapshot/panlex-20191001-csv/400#13350381>				<https://panlex.org/snapshot/panlex-20191001-csv/400#13350324>		"Yare Tsakanin Kasashe"@ha	
"isiArmenian"@xh	<https://panlex.org/snapshot/panlex-20191001-csv/400#13350253>				<https://panlex.org/snapshot/panlex-20191001-csv/400#13350200>		"Armeniyanci"@ha	
"iSanskrit"@xh	<https://panlex.org/snapshot/panlex-20191001-csv/400#13359743>				<https://panlex.org/snapshot/panlex-20191001-csv/400#13359689>		"sanskrit"@ha	
"Isi-Portuguese"@xh	<https://panlex.org/snapshot/panlex-20191001-csv/400#13358846>				<https://panlex.org/snapshot/panlex-20191001-csv/400#13358774>		"Yaren mutanen Portugal"@ha	
"Isi-Basque"@xh	<https://panlex.org/snapshot/panlex-20191001-csv/400#13347087>				<https://panlex.org/snapshot/panlex-20191001-csv/400#13347030>		"Dan/ʼYar Kabilar Bas"@ha	
"Isi-Irish"@xh	<https://panlex.org/snapshot/panlex-20191001-csv/400#13348328>				<https://panlex.org/snapshot/panlex-20191001-csv/400#13348265>		"Dan Ailan"@ha	
"Isi-Sudanese"@xh	<https://panlex.org/snapshot/panlex-20191001-csv/400#13362030>				<https://panlex.org/snapshot/panlex-20191001-csv/400#13361974>		"Sundanese"@ha	
"isiXhosa"@xh	<https://panlex.org/snapshot/panlex-20191001-csv/400#13365300>				<https://panlex.org/snapshot/panlex-20191001-csv/400#13365243>		"Bazosa"@ha	
"Isi-Macedonian"@xh	<https://panlex.org/snapshot/panlex-20191001-csv/400#13355104>				<https://panlex.org/snapshot/panlex-20191001-csv/400#13355044>		"Dan Masedoniya"@ha	
"Isi-Latvian"@xh	<https://panlex.org/snapshot/panlex-20191001-csv/400#13354358>				<https://panlex.org/snapshot/panlex-20191001-csv/400#13354296>		"Latbiyanci"@ha	
"Sesotho"@xh	<https://panlex.org/snapshot/panlex-20191001-csv/400#13361938>				<https://panlex.org/snapshot/panlex-20191001-csv/400#13361884>		"Sesotanci"@ha	
"Isi-Hebrew"@xh	<https://panlex.org/snapshot/panlex-20191001-csv/400#13349569>				<https://panlex.org/snapshot/panlex-20191001-csv/400#13349507>		"Yahudanci"@ha	
"Breton"@xh	<https://panlex.org/snapshot/panlex-20191001-csv/400#13343310>				<https://panlex.org/snapshot/panlex-20191001-csv/400#13343254>		"Buretananci"@ha	
"Isi-Bosnia"@xh	<https://panlex.org/snapshot/panlex-20191001-csv/400#13343437>				<https://panlex.org/snapshot/panlex-20191001-csv/400#13343379>		"Bosniyanci"@ha	
"Isi-Norwegian"@xh	<https://panlex.org/snapshot/panlex-20191001-csv/400#13357066>				<https://panlex.org/snapshot/panlex-20191001-csv/400#13357000>		"Yaren mutanen Norway"@ha	
"Isi-Hungarian"@xh	<https://panlex.org/snapshot/panlex-20191001-csv/400#13350126>				<https://panlex.org/snapshot/panlex-20191001-csv/400#13350065>		"Hongeriyanci"@ha	
"Isi-French"@xh	<https://panlex.org/snapshot/panlex-20191001-csv/400#13347864>				<https://panlex.org/snapshot/panlex-20191001-csv/400#13347793>		"Faranshi"@ha	
"Turkmen"@xh	<https://panlex.org/snapshot/panlex-20191001-csv/400#13363143>				<https://panlex.org/snapshot/panlex-20191001-csv/400#13363088>		"Tukmenistanci"@ha	
"Isi-Malayalam"@xh	<https://panlex.org/snapshot/panlex-20191001-csv/400#13355236>				<https://panlex.org/snapshot/panlex-20191001-csv/400#13355178>		"Kabilar Maleyalam"@ha	
"Isi-Welsh"@xh	<https://panlex.org/snapshot/panlex-20191001-csv/400#13345106>				<https://panlex.org/snapshot/panlex-20191001-csv/400#13345049>		"Kabilar Welsh"@ha	
"Isi-Latin"@xh	<https://panlex.org/snapshot/panlex-20191001-csv/400#13353451>				<https://panlex.org/snapshot/panlex-20191001-csv/400#13353389>		"Dan Kabilar Latin"@ha	
"Isi-Hindi"@xh	<https://panlex.org/snapshot/panlex-20191001-csv/400#13349676>				<https://panlex.org/snapshot/panlex-20191001-csv/400#13349609>		"Bahinde"@ha	
"Klingon"@xh	<https://panlex.org/snapshot/panlex-20191001-csv/400#13363330>				<https://panlex.org/snapshot/panlex-20191001-csv/400#13363274>		"Klingon"@ha	
"Isi-Estonian"@xh	<https://panlex.org/snapshot/panlex-20191001-csv/400#13346993>				<https://panlex.org/snapshot/panlex-20191001-csv/400#13346930>		"Istoniyanci"@ha	
"Isi-Georgia"@xh	<https://panlex.org/snapshot/panlex-20191001-csv/400#13351718>				<https://panlex.org/snapshot/panlex-20191001-csv/400#13351659>		"Jojiyanci"@ha	
"Isi-Kannada"@xh	<https://panlex.org/snapshot/panlex-20191001-csv/400#13352593>				<https://panlex.org/snapshot/panlex-20191001-csv/400#13352535>		"Dan/ʼYar Kabilar Kannada"@ha	
"Kurdish"@xh	<https://panlex.org/snapshot/panlex-20191001-csv/400#13353114>				<https://panlex.org/snapshot/panlex-20191001-csv/400#13353057>		"Kurdanci"@ha	
"Isi Uighur"@xh	<https://panlex.org/snapshot/panlex-20191001-csv/400#13364235>				<https://panlex.org/snapshot/panlex-20191001-csv/400#13364184>		"Ugiranci"@ha	
"isiAssamese"@xh	<https://panlex.org/snapshot/panlex-20191001-csv/400#13341752>				<https://panlex.org/snapshot/panlex-20191001-csv/400#13341700>		"Asamisanci"@ha	
"Isi-Amharic"@xh	<https://panlex.org/snapshot/panlex-20191001-csv/400#13341176>				<https://panlex.org/snapshot/panlex-20191001-csv/400#13341120>		"Amharic"@ha	
"Isi-Ukranian"@xh	<https://panlex.org/snapshot/panlex-20191001-csv/400#13364369>				<https://panlex.org/snapshot/panlex-20191001-csv/400#13364309>		"Dan Ukirain"@ha	
"Isi-Romanian"@xh	<https://panlex.org/snapshot/panlex-20191001-csv/400#13359347>				<https://panlex.org/snapshot/panlex-20191001-csv/400#13359285>		"Romaniyanci"@ha	
"Serbo-Croatian"@xh	<https://panlex.org/snapshot/panlex-20191001-csv/400#13360549>				<https://panlex.org/snapshot/panlex-20191001-csv/400#13360496>		"Kuroweshiyancin-Sabiya"@ha	
"portokugusseee"@xh	<https://panlex.org/snapshot/panlex-20191001-csv/400#13358920>				<https://panlex.org/snapshot/panlex-20191001-csv/400#13358875>		"Fotigis (Burazil)"@ha	
"Isi-Faroese"@xh	<https://panlex.org/snapshot/panlex-20191001-csv/400#13347719>				<https://panlex.org/snapshot/panlex-20191001-csv/400#13347662>		"Faroese"@ha	
"IsiLoathian"@xh	<https://panlex.org/snapshot/panlex-20191001-csv/400#13353889>				<https://panlex.org/snapshot/panlex-20191001-csv/400#13353836>		"Laothian"@ha	
"Isi-Uzbek"@xh	<https://panlex.org/snapshot/panlex-20191001-csv/400#13364665>				<https://panlex.org/snapshot/panlex-20191001-csv/400#13364604>		"Uzbek"@ha	
"Twi"@xh	<https://panlex.org/snapshot/panlex-20191001-csv/400#13364031>				<https://panlex.org/snapshot/panlex-20191001-csv/400#13363976>		"Tiwiniyanci"@ha	
"Isi-Lithuanian"@xh	<https://panlex.org/snapshot/panlex-20191001-csv/400#13354055>				<https://panlex.org/snapshot/panlex-20191001-csv/400#13353994>		"Lituweniyanci"@ha	
"Isi-Taglog"@xh	<https://panlex.org/snapshot/panlex-20191001-csv/400#13347526>				<https://panlex.org/snapshot/panlex-20191001-csv/400#13347469>		"Dan Filifin"@ha	
"Isi-Bihari"@xh	<https://panlex.org/snapshot/panlex-20191001-csv/400#13342791>				<https://panlex.org/snapshot/panlex-20191001-csv/400#13342732>		"Bihari"@ha	
"Kyrgyz"@xh	<https://panlex.org/snapshot/panlex-20191001-csv/400#13353352>				<https://panlex.org/snapshot/panlex-20191001-csv/400#13353296>		"Kirgizanci"@ha	
"Isi-Sinhalese"@xh	<https://panlex.org/snapshot/panlex-20191001-csv/400#13360680>				<https://panlex.org/snapshot/panlex-20191001-csv/400#13360621>		"Sinhalanci"@ha	
"Iilwimi"@xh	<https://panlex.org/snapshot/panlex-20191001-csv/400#13353798>				<https://panlex.org/snapshot/panlex-20191001-csv/400#13353747>		"Lingala"@ha	
"isiSindhi"@xh	<https://panlex.org/snapshot/panlex-20191001-csv/400#13360212>				<https://panlex.org/snapshot/panlex-20191001-csv/400#13360160>		"Sindiyanci"@ha	
"Isi-Javanese"@xh	<https://panlex.org/snapshot/panlex-20191001-csv/400#13351621>				<https://panlex.org/snapshot/panlex-20191001-csv/400#13351561>		"Javanisanci"@ha	
"Isi-Arabic"@xh	<https://panlex.org/snapshot/panlex-20191001-csv/400#13341459>				<https://panlex.org/snapshot/panlex-20191001-csv/400#13341391>		"Harshen Larabci"@ha	
"Isi-Finnish"@xh	<https://panlex.org/snapshot/panlex-20191001-csv/400#13347435>				<https://panlex.org/snapshot/panlex-20191001-csv/400#13347369>		"Yaren mutanen Finland"@ha	
"IsiSomaliya"@xh	<https://panlex.org/snapshot/panlex-20191001-csv/400#13361439>				<https://panlex.org/snapshot/panlex-20191001-csv/400#13361386>		"Somaali"@ha	
"Isi-Turkish"@xh	<https://panlex.org/snapshot/panlex-20191001-csv/400#13363658>				<https://panlex.org/snapshot/panlex-20191001-csv/400#13363600>		"Baturke"@ha	
"Isi-Gujarati"@xh	<https://panlex.org/snapshot/panlex-20191001-csv/400#13349264>				<https://panlex.org/snapshot/panlex-20191001-csv/400#13349202>		"Gujarati"@ha	
"Isi-Polish"@xh	<https://panlex.org/snapshot/panlex-20191001-csv/400#13358530>				<https://panlex.org/snapshot/panlex-20191001-csv/400#13358466>		"Yaren mutanen Poland"@ha	
"isiInterlingue"@xh	<https://panlex.org/snapshot/panlex-20191001-csv/400#13350599>				<https://panlex.org/snapshot/panlex-20191001-csv/400#13350551>		"Intagulanci"@ha	
"Isi-Indonesian"@xh	<https://panlex.org/snapshot/panlex-20191001-csv/400#13350516>				<https://panlex.org/snapshot/panlex-20191001-csv/400#13350454>		"Indonesiyan"@ha	
"Isi-Swahili"@xh	<https://panlex.org/snapshot/panlex-20191001-csv/400#13362339>				<https://panlex.org/snapshot/panlex-20191001-csv/400#13362281>		"Harshen Suwahili"@ha	
"Isi-Calatan"@xh	<https://panlex.org/snapshot/panlex-20191001-csv/400#13343684>				<https://panlex.org/snapshot/panlex-20191001-csv/400#13343625>		"Kataloniyanci"@ha	
"IsiMongolian"@xh	<https://panlex.org/snapshot/panlex-20191001-csv/400#13355329>				<https://panlex.org/snapshot/panlex-20191001-csv/400#13355274>		"Mongolian"@ha	
"Isi-Persia"@xh	<https://panlex.org/snapshot/panlex-20191001-csv/400#13347224>				<https://panlex.org/snapshot/panlex-20191001-csv/400#13347160>		"Persian"@ha	
"Urdu"@xh	<https://panlex.org/snapshot/panlex-20191001-csv/400#13364567>				<https://panlex.org/snapshot/panlex-20191001-csv/400#13364507>		"Urdu"@ha	
"Isi-Slovak"@xh	<https://panlex.org/snapshot/panlex-20191001-csv/400#13360890>				<https://panlex.org/snapshot/panlex-20191001-csv/400#13360831>		"Basulake"@ha	
"Isi-Slovenian"@xh	<https://panlex.org/snapshot/panlex-20191001-csv/400#13360986>				<https://panlex.org/snapshot/panlex-20191001-csv/400#13360927>		"Basulabe"@ha	
"ithoba"@xh	<https://panlex.org/snapshot/panlex-20191001-csv/9#491070>				<https://panlex.org/snapshot/panlex-20191001-csv/9#490961>		"tara"@ha	
"iJamani"@xh	<https://panlex.org/snapshot/panlex-20191001-csv/9#474874>				<https://panlex.org/snapshot/panlex-20191001-csv/9#474783>		"Jamus"@ha	
"idikshinari"@xh	<https://panlex.org/snapshot/panlex-20191001-csv/12#844061>				<https://panlex.org/snapshot/panlex-20191001-csv/12#844004>		"kamus"@ha	
"uxolo"@xh	<https://panlex.org/snapshot/panlex-20191001-csv/2902#111012318>				<https://panlex.org/snapshot/panlex-20191001-csv/2902#111012059>		"lafiya"@ha	
"uLwandle lweMeditera"@xh	<https://panlex.org/snapshot/panlex-20191001-csv/2905#110870352>				<https://panlex.org/snapshot/panlex-20191001-csv/2905#110870310>		"Tekun Mediterranea"@ha	
"uLwandle lweMeditera"@xh	<https://panlex.org/snapshot/panlex-20191001-csv/2905#110870352>				<https://panlex.org/snapshot/panlex-20191001-csv/2905#110870319>		"Bahar Rum"@ha	
"uLwandle oluMhlophe"@xh	<https://panlex.org/snapshot/panlex-20191001-csv/2905#110871398>				<https://panlex.org/snapshot/panlex-20191001-csv/2905#110871417>		"Farin Tekun"@ha	
"uLwandle oluMyama"@xh	<https://panlex.org/snapshot/panlex-20191001-csv/2905#110869065>				<https://panlex.org/snapshot/panlex-20191001-csv/2905#110869119>		"Bakin Tekun"@ha	
"uAdam noEva"@xh	<https://panlex.org/snapshot/panlex-20191001-csv/2906#111019160>				<https://panlex.org/snapshot/panlex-20191001-csv/2906#111019177>		"Adamu da Hawa’u"@ha	
"idikshinari"@xh	<https://panlex.org/snapshot/panlex-20191001-csv/13#945265>				<https://panlex.org/snapshot/panlex-20191001-csv/13#945210>		"kamus"@ha	
"uMgqibelo"@xh	<https://panlex.org/snapshot/panlex-20191001-csv/2892#110826133>				<https://panlex.org/snapshot/panlex-20191001-csv/2892#110826212>		"سُبْدُ"@ha	
"uMgqibelo"@xh	<https://panlex.org/snapshot/panlex-20191001-csv/2892#110826133>				<https://panlex.org/snapshot/panlex-20191001-csv/2892#110826485>		"Asibit"@ha	
"uMgqibelo"@xh	<https://panlex.org/snapshot/panlex-20191001-csv/2892#110826133>				<https://panlex.org/snapshot/panlex-20191001-csv/2892#110826392>		"ٲسِبِتْ"@ha	
"uMgqibelo"@xh	<https://panlex.org/snapshot/panlex-20191001-csv/2892#110826133>				<https://panlex.org/snapshot/panlex-20191001-csv/2892#110826248>		"Assabat"@ha	
"uMgqibelo"@xh	<https://panlex.org/snapshot/panlex-20191001-csv/2892#110826133>				<https://panlex.org/snapshot/panlex-20191001-csv/2892#110826447>		"Sati"@ha	
"uMgqibelo"@xh	<https://panlex.org/snapshot/panlex-20191001-csv/2892#110826133>				<https://panlex.org/snapshot/panlex-20191001-csv/2892#110826232>		"Assabit"@ha	
"uMgqibelo"@xh	<https://panlex.org/snapshot/panlex-20191001-csv/2892#110826133>				<https://panlex.org/snapshot/panlex-20191001-csv/2892#110826305>		"سَاتِى"@ha	
"uMgqibelo"@xh	<https://panlex.org/snapshot/panlex-20191001-csv/2892#110826133>				<https://panlex.org/snapshot/panlex-20191001-csv/2892#110826137>		"ٲسَبَرْ"@ha	
"uMgqibelo"@xh	<https://panlex.org/snapshot/panlex-20191001-csv/2892#110826133>				<https://panlex.org/snapshot/panlex-20191001-csv/2892#110826202>		"Asabar"@ha	
"uMgqibelo"@xh	<https://panlex.org/snapshot/panlex-20191001-csv/2892#110826133>				<https://panlex.org/snapshot/panlex-20191001-csv/2892#110826366>		"ٲسَبِتْ"@ha	
"uMgqibelo"@xh	<https://panlex.org/snapshot/panlex-20191001-csv/2892#110826133>				<https://panlex.org/snapshot/panlex-20191001-csv/2892#110826459>		"ٲسَبَتْ"@ha	
"uMgqibelo"@xh	<https://panlex.org/snapshot/panlex-20191001-csv/2892#110826133>				<https://panlex.org/snapshot/panlex-20191001-csv/2892#110826138>		"Assabar"@ha	
"uMgqibelo"@xh	<https://panlex.org/snapshot/panlex-20191001-csv/2892#110826133>				<https://panlex.org/snapshot/panlex-20191001-csv/2892#110826161>		"Subdu"@ha	
"uLwesine"@xh	<https://panlex.org/snapshot/panlex-20191001-csv/2892#110825654>				<https://panlex.org/snapshot/panlex-20191001-csv/2892#110825470>		"Alhamis"@ha	
"uLwesine"@xh	<https://panlex.org/snapshot/panlex-20191001-csv/2892#110825654>				<https://panlex.org/snapshot/panlex-20191001-csv/2892#110825372>		"ٲلْحَمِسْ"@ha	
"uLwesibini"@xh	<https://panlex.org/snapshot/panlex-20191001-csv/2892#110824517>				<https://panlex.org/snapshot/panlex-20191001-csv/2892#110824703>		"Talata"@ha	
"uLwesibini"@xh	<https://panlex.org/snapshot/panlex-20191001-csv/2892#110824517>				<https://panlex.org/snapshot/panlex-20191001-csv/2892#110824549>		"تَلاَتَ"@ha	
"uLwesihlanu"@xh	<https://panlex.org/snapshot/panlex-20191001-csv/2892#110825796>				<https://panlex.org/snapshot/panlex-20191001-csv/2892#110825877>		"Aljimma’a"@ha	
"uLwesihlanu"@xh	<https://panlex.org/snapshot/panlex-20191001-csv/2892#110825796>				<https://panlex.org/snapshot/panlex-20191001-csv/2892#110826027>		"ٲلْجِمَعَ"@ha	
"uLwesihlanu"@xh	<https://panlex.org/snapshot/panlex-20191001-csv/2892#110825796>				<https://panlex.org/snapshot/panlex-20191001-csv/2892#110825795>		"Aljumma’a"@ha	
"uLwesihlanu"@xh	<https://panlex.org/snapshot/panlex-20191001-csv/2892#110825796>				<https://panlex.org/snapshot/panlex-20191001-csv/2892#110825759>		"Jumma’a"@ha	
"uLwesihlanu"@xh	<https://panlex.org/snapshot/panlex-20191001-csv/2892#110825796>				<https://panlex.org/snapshot/panlex-20191001-csv/2892#110825978>		"ٲلْجُمَعَ"@ha	
"uLwesihlanu"@xh	<https://panlex.org/snapshot/panlex-20191001-csv/2892#110825796>				<https://panlex.org/snapshot/panlex-20191001-csv/2892#110825757>		"جُمَعَ"@ha	
"uLwesithathu"@xh	<https://panlex.org/snapshot/panlex-20191001-csv/2892#110825185>				<https://panlex.org/snapshot/panlex-20191001-csv/2892#110825247>		"لاَرَبَا"@ha	
"uLwesithathu"@xh	<https://panlex.org/snapshot/panlex-20191001-csv/2892#110825185>				<https://panlex.org/snapshot/panlex-20191001-csv/2892#110824864>		"Laraba"@ha	
"iCawe"@xh	<https://panlex.org/snapshot/panlex-20191001-csv/2892#110826827>				<https://panlex.org/snapshot/panlex-20191001-csv/2892#110826655>		"Ladi"@ha	
"iCawe"@xh	<https://panlex.org/snapshot/panlex-20191001-csv/2892#110826827>				<https://panlex.org/snapshot/panlex-20191001-csv/2892#110826743>		"لاَدِ"@ha	
"iCawe"@xh	<https://panlex.org/snapshot/panlex-20191001-csv/2892#110826827>				<https://panlex.org/snapshot/panlex-20191001-csv/2892#110827020>		"لَحَدِ"@ha	
"iCawe"@xh	<https://panlex.org/snapshot/panlex-20191001-csv/2892#110826827>				<https://panlex.org/snapshot/panlex-20191001-csv/2892#110826979>		"Lahadi"@ha	
"uMvulo"@xh	<https://panlex.org/snapshot/panlex-20191001-csv/2892#110824069>				<https://panlex.org/snapshot/panlex-20191001-csv/2892#110824267>		"لِتِنِنْ"@ha	
"uMvulo"@xh	<https://panlex.org/snapshot/panlex-20191001-csv/2892#110824069>				<https://panlex.org/snapshot/panlex-20191001-csv/2892#110824075>		"Litinin"@ha	
"uMvulo"@xh	<https://panlex.org/snapshot/panlex-20191001-csv/2892#110824069>				<https://panlex.org/snapshot/panlex-20191001-csv/2892#110824423>		"لِيتِنِنْ"@ha	
"uMvulo"@xh	<https://panlex.org/snapshot/panlex-20191001-csv/2892#110824069>				<https://panlex.org/snapshot/panlex-20191001-csv/2892#110824403>		"Littinin"@ha	
"uJulayi"@xh	<https://panlex.org/snapshot/panlex-20191001-csv/2897#110829617>				<https://panlex.org/snapshot/panlex-20191001-csv/2897#110829680>		"يُولِ"@ha	
"uJulayi"@xh	<https://panlex.org/snapshot/panlex-20191001-csv/2897#110829617>				<https://panlex.org/snapshot/panlex-20191001-csv/2897#110829759>		"Yulizi"@ha	
"uJulayi"@xh	<https://panlex.org/snapshot/panlex-20191001-csv/2897#110829617>				<https://panlex.org/snapshot/panlex-20191001-csv/2897#110829621>		"Yuli"@ha	
"uJulayi"@xh	<https://panlex.org/snapshot/panlex-20191001-csv/2897#110829617>				<https://panlex.org/snapshot/panlex-20191001-csv/2897#110829740>		"يُولِزِ"@ha	
"eyoKwindla"@xh	<https://panlex.org/snapshot/panlex-20191001-csv/2897#110827941>				<https://panlex.org/snapshot/panlex-20191001-csv/2897#110828052>		"Maris"@ha	
"eyoKwindla"@xh	<https://panlex.org/snapshot/panlex-20191001-csv/2897#110827941>				<https://panlex.org/snapshot/panlex-20191001-csv/2897#110828204>		"مَارِسْ"@ha	
"uMeyi"@xh	<https://panlex.org/snapshot/panlex-20191001-csv/2897#110828744>				<https://panlex.org/snapshot/panlex-20191001-csv/2897#110828965>		"مَايِبِ"@ha	
"uMeyi"@xh	<https://panlex.org/snapshot/panlex-20191001-csv/2897#110828744>				<https://panlex.org/snapshot/panlex-20191001-csv/2897#110828937>		"Mayibi"@ha	
"uMeyi"@xh	<https://panlex.org/snapshot/panlex-20191001-csv/2897#110828744>				<https://panlex.org/snapshot/panlex-20191001-csv/2897#110828901>		"مَايُ"@ha	
"uMeyi"@xh	<https://panlex.org/snapshot/panlex-20191001-csv/2897#110828744>				<https://panlex.org/snapshot/panlex-20191001-csv/2897#110828905>		"Mayu"@ha	
"uMatshi"@xh	<https://panlex.org/snapshot/panlex-20191001-csv/2897#110827876>				<https://panlex.org/snapshot/panlex-20191001-csv/2897#110828052>		"Maris"@ha	
"uMatshi"@xh	<https://panlex.org/snapshot/panlex-20191001-csv/2897#110827876>				<https://panlex.org/snapshot/panlex-20191001-csv/2897#110828204>		"مَارِسْ"@ha	
"eyoMsintsi"@xh	<https://panlex.org/snapshot/panlex-20191001-csv/2897#110830587>				<https://panlex.org/snapshot/panlex-20191001-csv/2897#110830438>		"Shatumbar"@ha	
"eyoMsintsi"@xh	<https://panlex.org/snapshot/panlex-20191001-csv/2897#110830587>				<https://panlex.org/snapshot/panlex-20191001-csv/2897#110830564>		"Sitamba"@ha	
"eyoMsintsi"@xh	<https://panlex.org/snapshot/panlex-20191001-csv/2897#110830587>				<https://panlex.org/snapshot/panlex-20191001-csv/2897#110830310>		"شَاتُمْبَرْ"@ha	
"eyoMsintsi"@xh	<https://panlex.org/snapshot/panlex-20191001-csv/2897#110830587>				<https://panlex.org/snapshot/panlex-20191001-csv/2897#110830464>		"سِتَمْبَ"@ha	
"eyoMsintsi"@xh	<https://panlex.org/snapshot/panlex-20191001-csv/2897#110830587>				<https://panlex.org/snapshot/panlex-20191001-csv/2897#110830638>		"Satumba"@ha	
"eyoMsintsi"@xh	<https://panlex.org/snapshot/panlex-20191001-csv/2897#110830587>				<https://panlex.org/snapshot/panlex-20191001-csv/2897#110830501>		"سَتُمْبَ"@ha	
"eyeThupha"@xh	<https://panlex.org/snapshot/panlex-20191001-csv/2897#110830034>				<https://panlex.org/snapshot/panlex-20191001-csv/2897#110829906>		"Agusta"@ha	
"eyeThupha"@xh	<https://panlex.org/snapshot/panlex-20191001-csv/2897#110830034>				<https://panlex.org/snapshot/panlex-20191001-csv/2897#110829953>		"Angusta"@ha	
"eyeThupha"@xh	<https://panlex.org/snapshot/panlex-20191001-csv/2897#110830034>				<https://panlex.org/snapshot/panlex-20191001-csv/2897#110829897>		"ٲغُسْتَ"@ha	
"eyeThupha"@xh	<https://panlex.org/snapshot/panlex-20191001-csv/2897#110830034>				<https://panlex.org/snapshot/panlex-20191001-csv/2897#110830039>		"ٲنْغُشَتْ"@ha	
"eyeThupha"@xh	<https://panlex.org/snapshot/panlex-20191001-csv/2897#110830034>				<https://panlex.org/snapshot/panlex-20191001-csv/2897#110829941>		"Angushat"@ha	
"eyeThupha"@xh	<https://panlex.org/snapshot/panlex-20191001-csv/2897#110830034>				<https://panlex.org/snapshot/panlex-20191001-csv/2897#110830116>		"ٲنْغُسْتَ"@ha	
"eyoMdumba"@xh	<https://panlex.org/snapshot/panlex-20191001-csv/2897#110827681>				<https://panlex.org/snapshot/panlex-20191001-csv/2897#110827851>		"ڢَبَرَاءِر"@ha	
"eyoMdumba"@xh	<https://panlex.org/snapshot/panlex-20191001-csv/2897#110827681>				<https://panlex.org/snapshot/panlex-20191001-csv/2897#110827855>		"Fabara’ir"@ha	
"eyoMdumba"@xh	<https://panlex.org/snapshot/panlex-20191001-csv/2897#110827681>				<https://panlex.org/snapshot/panlex-20191001-csv/2897#110827543>		"ڢَبْرَيْرُ"@ha	
"eyoMdumba"@xh	<https://panlex.org/snapshot/panlex-20191001-csv/2897#110827681>				<https://panlex.org/snapshot/panlex-20191001-csv/2897#110827682>		"Fabrairu"@ha	
"uSeptemba"@xh	<https://panlex.org/snapshot/panlex-20191001-csv/2897#110830382>				<https://panlex.org/snapshot/panlex-20191001-csv/2897#110830438>		"Shatumbar"@ha	
"uSeptemba"@xh	<https://panlex.org/snapshot/panlex-20191001-csv/2897#110830382>				<https://panlex.org/snapshot/panlex-20191001-csv/2897#110830564>		"Sitamba"@ha	
"uSeptemba"@xh	<https://panlex.org/snapshot/panlex-20191001-csv/2897#110830382>				<https://panlex.org/snapshot/panlex-20191001-csv/2897#110830310>		"شَاتُمْبَرْ"@ha	
"uSeptemba"@xh	<https://panlex.org/snapshot/panlex-20191001-csv/2897#110830382>				<https://panlex.org/snapshot/panlex-20191001-csv/2897#110830464>		"سِتَمْبَ"@ha	
"uSeptemba"@xh	<https://panlex.org/snapshot/panlex-20191001-csv/2897#110830382>				<https://panlex.org/snapshot/panlex-20191001-csv/2897#110830638>		"Satumba"@ha	
"uSeptemba"@xh	<https://panlex.org/snapshot/panlex-20191001-csv/2897#110830382>				<https://panlex.org/snapshot/panlex-20191001-csv/2897#110830501>		"سَتُمْبَ"@ha	
"uDisemba"@xh	<https://panlex.org/snapshot/panlex-20191001-csv/2897#110831905>				<https://panlex.org/snapshot/panlex-20191001-csv/2897#110831809>		"Disamba"@ha	
"uDisemba"@xh	<https://panlex.org/snapshot/panlex-20191001-csv/2897#110831905>				<https://panlex.org/snapshot/panlex-20191001-csv/2897#110831804>		"دِيزَمْبَ"@ha	
"uDisemba"@xh	<https://panlex.org/snapshot/panlex-20191001-csv/2897#110831905>				<https://panlex.org/snapshot/panlex-20191001-csv/2897#110831930>		"Dujambar"@ha	
"uDisemba"@xh	<https://panlex.org/snapshot/panlex-20191001-csv/2897#110831905>				<https://panlex.org/snapshot/panlex-20191001-csv/2897#110831720>		"Dizamba"@ha	
"uDisemba"@xh	<https://panlex.org/snapshot/panlex-20191001-csv/2897#110831905>				<https://panlex.org/snapshot/panlex-20191001-csv/2897#110831934>		"Dijambar"@ha	
"uDisemba"@xh	<https://panlex.org/snapshot/panlex-20191001-csv/2897#110831905>				<https://panlex.org/snapshot/panlex-20191001-csv/2897#110831842>		"دِجَمْبَرْ"@ha	
"uDisemba"@xh	<https://panlex.org/snapshot/panlex-20191001-csv/2897#110831905>				<https://panlex.org/snapshot/panlex-20191001-csv/2897#110831785>		"دِيسَمْبَ"@ha	
"uDisemba"@xh	<https://panlex.org/snapshot/panlex-20191001-csv/2897#110831905>				<https://panlex.org/snapshot/panlex-20191001-csv/2897#110831869>		"دُجَمْبَرْ"@ha	
"eyeSilimela"@xh	<https://panlex.org/snapshot/panlex-20191001-csv/2897#110829403>				<https://panlex.org/snapshot/panlex-20191001-csv/2897#110829335>		"جُنْ"@ha	
"eyeSilimela"@xh	<https://panlex.org/snapshot/panlex-20191001-csv/2897#110829403>				<https://panlex.org/snapshot/panlex-20191001-csv/2897#110829101>		"Yuni"@ha	
"eyeSilimela"@xh	<https://panlex.org/snapshot/panlex-20191001-csv/2897#110829403>				<https://panlex.org/snapshot/panlex-20191001-csv/2897#110829316>		"Yunihi"@ha	
"eyeSilimela"@xh	<https://panlex.org/snapshot/panlex-20191001-csv/2897#110829403>				<https://panlex.org/snapshot/panlex-20191001-csv/2897#110829472>		"يُونِ"@ha	
"eyeSilimela"@xh	<https://panlex.org/snapshot/panlex-20191001-csv/2897#110829403>				<https://panlex.org/snapshot/panlex-20191001-csv/2897#110829460>		"يُونِحِ"@ha	
"eyeSilimela"@xh	<https://panlex.org/snapshot/panlex-20191001-csv/2897#110829403>				<https://panlex.org/snapshot/panlex-20191001-csv/2897#110829292>		"Jun"@ha	
"eyomNga"@xh	<https://panlex.org/snapshot/panlex-20191001-csv/2897#110831573>				<https://panlex.org/snapshot/panlex-20191001-csv/2897#110831809>		"Disamba"@ha	
"eyomNga"@xh	<https://panlex.org/snapshot/panlex-20191001-csv/2897#110831573>				<https://panlex.org/snapshot/panlex-20191001-csv/2897#110831804>		"دِيزَمْبَ"@ha	
"eyomNga"@xh	<https://panlex.org/snapshot/panlex-20191001-csv/2897#110831573>				<https://panlex.org/snapshot/panlex-20191001-csv/2897#110831930>		"Dujambar"@ha	
"eyomNga"@xh	<https://panlex.org/snapshot/panlex-20191001-csv/2897#110831573>				<https://panlex.org/snapshot/panlex-20191001-csv/2897#110831720>		"Dizamba"@ha	
"eyomNga"@xh	<https://panlex.org/snapshot/panlex-20191001-csv/2897#110831573>				<https://panlex.org/snapshot/panlex-20191001-csv/2897#110831934>		"Dijambar"@ha	
"eyomNga"@xh	<https://panlex.org/snapshot/panlex-20191001-csv/2897#110831573>				<https://panlex.org/snapshot/panlex-20191001-csv/2897#110831842>		"دِجَمْبَرْ"@ha	
"eyomNga"@xh	<https://panlex.org/snapshot/panlex-20191001-csv/2897#110831573>				<https://panlex.org/snapshot/panlex-20191001-csv/2897#110831785>		"دِيسَمْبَ"@ha	
"eyomNga"@xh	<https://panlex.org/snapshot/panlex-20191001-csv/2897#110831573>				<https://panlex.org/snapshot/panlex-20191001-csv/2897#110831869>		"دُجَمْبَرْ"@ha	
"uAgasti"@xh	<https://panlex.org/snapshot/panlex-20191001-csv/2897#110830108>				<https://panlex.org/snapshot/panlex-20191001-csv/2897#110829906>		"Agusta"@ha	
"uAgasti"@xh	<https://panlex.org/snapshot/panlex-20191001-csv/2897#110830108>				<https://panlex.org/snapshot/panlex-20191001-csv/2897#110829953>		"Angusta"@ha	
"uAgasti"@xh	<https://panlex.org/snapshot/panlex-20191001-csv/2897#110830108>				<https://panlex.org/snapshot/panlex-20191001-csv/2897#110829897>		"ٲغُسْتَ"@ha	
"uAgasti"@xh	<https://panlex.org/snapshot/panlex-20191001-csv/2897#110830108>				<https://panlex.org/snapshot/panlex-20191001-csv/2897#110830039>		"ٲنْغُشَتْ"@ha	
"uAgasti"@xh	<https://panlex.org/snapshot/panlex-20191001-csv/2897#110830108>				<https://panlex.org/snapshot/panlex-20191001-csv/2897#110829941>		"Angushat"@ha	
"uAgasti"@xh	<https://panlex.org/snapshot/panlex-20191001-csv/2897#110830108>				<https://panlex.org/snapshot/panlex-20191001-csv/2897#110830116>		"ٲنْغُسْتَ"@ha	
"uCanzibe"@xh	<https://panlex.org/snapshot/panlex-20191001-csv/2897#110828750>				<https://panlex.org/snapshot/panlex-20191001-csv/2897#110828965>		"مَايِبِ"@ha	
"uCanzibe"@xh	<https://panlex.org/snapshot/panlex-20191001-csv/2897#110828750>				<https://panlex.org/snapshot/panlex-20191001-csv/2897#110828937>		"Mayibi"@ha	
"uCanzibe"@xh	<https://panlex.org/snapshot/panlex-20191001-csv/2897#110828750>				<https://panlex.org/snapshot/panlex-20191001-csv/2897#110828901>		"مَايُ"@ha	
"uCanzibe"@xh	<https://panlex.org/snapshot/panlex-20191001-csv/2897#110828750>				<https://panlex.org/snapshot/panlex-20191001-csv/2897#110828905>		"Mayu"@ha	
"uNovemba"@xh	<https://panlex.org/snapshot/panlex-20191001-csv/2897#110831435>				<https://panlex.org/snapshot/panlex-20191001-csv/2897#110831368>		"نُوَمْبَرْ"@ha	
"uNovemba"@xh	<https://panlex.org/snapshot/panlex-20191001-csv/2897#110831435>				<https://panlex.org/snapshot/panlex-20191001-csv/2897#110831222>		"Nuwamba"@ha	
"uNovemba"@xh	<https://panlex.org/snapshot/panlex-20191001-csv/2897#110831435>				<https://panlex.org/snapshot/panlex-20191001-csv/2897#110831199>		"Nuwambar"@ha	
"uNovemba"@xh	<https://panlex.org/snapshot/panlex-20191001-csv/2897#110831435>				<https://panlex.org/snapshot/panlex-20191001-csv/2897#110831153>		"نُوَمْبَ"@ha	
"uFebhruwari"@xh	<https://panlex.org/snapshot/panlex-20191001-csv/2897#110827825>				<https://panlex.org/snapshot/panlex-20191001-csv/2897#110827851>		"ڢَبَرَاءِر"@ha	
"uFebhruwari"@xh	<https://panlex.org/snapshot/panlex-20191001-csv/2897#110827825>				<https://panlex.org/snapshot/panlex-20191001-csv/2897#110827855>		"Fabara’ir"@ha	
"uFebhruwari"@xh	<https://panlex.org/snapshot/panlex-20191001-csv/2897#110827825>				<https://panlex.org/snapshot/panlex-20191001-csv/2897#110827543>		"ڢَبْرَيْرُ"@ha	
"uFebhruwari"@xh	<https://panlex.org/snapshot/panlex-20191001-csv/2897#110827825>				<https://panlex.org/snapshot/panlex-20191001-csv/2897#110827682>		"Fabrairu"@ha	
"uAprili"@xh	<https://panlex.org/snapshot/panlex-20191001-csv/2897#110828401>				<https://panlex.org/snapshot/panlex-20191001-csv/2897#110828668>		"ٲڢْرِيلُ"@ha	
"uAprili"@xh	<https://panlex.org/snapshot/panlex-20191001-csv/2897#110828401>				<https://panlex.org/snapshot/panlex-20191001-csv/2897#110828504>		"Afril"@ha	
"uAprili"@xh	<https://panlex.org/snapshot/panlex-20191001-csv/2897#110828401>				<https://panlex.org/snapshot/panlex-20191001-csv/2897#110828577>		"ٲڢْرِلْ"@ha	
"uAprili"@xh	<https://panlex.org/snapshot/panlex-20191001-csv/2897#110828401>				<https://panlex.org/snapshot/panlex-20191001-csv/2897#110828402>		"Afrilu"@ha	
"eyeDwarha"@xh	<https://panlex.org/snapshot/panlex-20191001-csv/2897#110830792>				<https://panlex.org/snapshot/panlex-20191001-csv/2897#110830993>		"أُكْتوُبَ"@ha	
"eyeDwarha"@xh	<https://panlex.org/snapshot/panlex-20191001-csv/2897#110830792>				<https://panlex.org/snapshot/panlex-20191001-csv/2897#110830744>		"ٲكَتُوبَر"@ha	
"eyeDwarha"@xh	<https://panlex.org/snapshot/panlex-20191001-csv/2897#110830792>				<https://panlex.org/snapshot/panlex-20191001-csv/2897#110830735>		"Oktoba"@ha	
"eyeDwarha"@xh	<https://panlex.org/snapshot/panlex-20191001-csv/2897#110830792>				<https://panlex.org/snapshot/panlex-20191001-csv/2897#110831089>		"Akatubar"@ha	
"uJuni"@xh	<https://panlex.org/snapshot/panlex-20191001-csv/2897#110829083>				<https://panlex.org/snapshot/panlex-20191001-csv/2897#110829335>		"جُنْ"@ha	
"uJuni"@xh	<https://panlex.org/snapshot/panlex-20191001-csv/2897#110829083>				<https://panlex.org/snapshot/panlex-20191001-csv/2897#110829101>		"Yuni"@ha	
"uJuni"@xh	<https://panlex.org/snapshot/panlex-20191001-csv/2897#110829083>				<https://panlex.org/snapshot/panlex-20191001-csv/2897#110829316>		"Yunihi"@ha	
"uJuni"@xh	<https://panlex.org/snapshot/panlex-20191001-csv/2897#110829083>				<https://panlex.org/snapshot/panlex-20191001-csv/2897#110829472>		"يُونِ"@ha	
"uJuni"@xh	<https://panlex.org/snapshot/panlex-20191001-csv/2897#110829083>				<https://panlex.org/snapshot/panlex-20191001-csv/2897#110829460>		"يُونِحِ"@ha	
"uJuni"@xh	<https://panlex.org/snapshot/panlex-20191001-csv/2897#110829083>				<https://panlex.org/snapshot/panlex-20191001-csv/2897#110829292>		"Jun"@ha	
"eyoMqungu"@xh	<https://panlex.org/snapshot/panlex-20191001-csv/2897#110827060>				<https://panlex.org/snapshot/panlex-20191001-csv/2897#110827201>		"جَنَيْرُ"@ha	
"eyoMqungu"@xh	<https://panlex.org/snapshot/panlex-20191001-csv/2897#110827060>				<https://panlex.org/snapshot/panlex-20191001-csv/2897#110827267>		"Janairu"@ha	
"uJanuwari"@xh	<https://panlex.org/snapshot/panlex-20191001-csv/2897#110827335>				<https://panlex.org/snapshot/panlex-20191001-csv/2897#110827201>		"جَنَيْرُ"@ha	
"uJanuwari"@xh	<https://panlex.org/snapshot/panlex-20191001-csv/2897#110827335>				<https://panlex.org/snapshot/panlex-20191001-csv/2897#110827267>		"Janairu"@ha	
"eyeKhala"@xh	<https://panlex.org/snapshot/panlex-20191001-csv/2897#110829851>				<https://panlex.org/snapshot/panlex-20191001-csv/2897#110829680>		"يُولِ"@ha	
"eyeKhala"@xh	<https://panlex.org/snapshot/panlex-20191001-csv/2897#110829851>				<https://panlex.org/snapshot/panlex-20191001-csv/2897#110829759>		"Yulizi"@ha	
"eyeKhala"@xh	<https://panlex.org/snapshot/panlex-20191001-csv/2897#110829851>				<https://panlex.org/snapshot/panlex-20191001-csv/2897#110829621>		"Yuli"@ha	
"eyeKhala"@xh	<https://panlex.org/snapshot/panlex-20191001-csv/2897#110829851>				<https://panlex.org/snapshot/panlex-20191001-csv/2897#110829740>		"يُولِزِ"@ha	
"eyeNkanga"@xh	<https://panlex.org/snapshot/panlex-20191001-csv/2897#110831145>				<https://panlex.org/snapshot/panlex-20191001-csv/2897#110831368>		"نُوَمْبَرْ"@ha	
"eyeNkanga"@xh	<https://panlex.org/snapshot/panlex-20191001-csv/2897#110831145>				<https://panlex.org/snapshot/panlex-20191001-csv/2897#110831222>		"Nuwamba"@ha	
"eyeNkanga"@xh	<https://panlex.org/snapshot/panlex-20191001-csv/2897#110831145>				<https://panlex.org/snapshot/panlex-20191001-csv/2897#110831199>		"Nuwambar"@ha	
"eyeNkanga"@xh	<https://panlex.org/snapshot/panlex-20191001-csv/2897#110831145>				<https://panlex.org/snapshot/panlex-20191001-csv/2897#110831153>		"نُوَمْبَ"@ha	
"uOktobha"@xh	<https://panlex.org/snapshot/panlex-20191001-csv/2897#110830876>				<https://panlex.org/snapshot/panlex-20191001-csv/2897#110830993>		"أُكْتوُبَ"@ha	
"uOktobha"@xh	<https://panlex.org/snapshot/panlex-20191001-csv/2897#110830876>				<https://panlex.org/snapshot/panlex-20191001-csv/2897#110830744>		"ٲكَتُوبَر"@ha	
"uOktobha"@xh	<https://panlex.org/snapshot/panlex-20191001-csv/2897#110830876>				<https://panlex.org/snapshot/panlex-20191001-csv/2897#110830735>		"Oktoba"@ha	
"uOktobha"@xh	<https://panlex.org/snapshot/panlex-20191001-csv/2897#110830876>				<https://panlex.org/snapshot/panlex-20191001-csv/2897#110831089>		"Akatubar"@ha	
"uEpreli"@xh	<https://panlex.org/snapshot/panlex-20191001-csv/2897#110828563>				<https://panlex.org/snapshot/panlex-20191001-csv/2897#110828668>		"ٲڢْرِيلُ"@ha	
"uEpreli"@xh	<https://panlex.org/snapshot/panlex-20191001-csv/2897#110828563>				<https://panlex.org/snapshot/panlex-20191001-csv/2897#110828504>		"Afril"@ha	
"uEpreli"@xh	<https://panlex.org/snapshot/panlex-20191001-csv/2897#110828563>				<https://panlex.org/snapshot/panlex-20191001-csv/2897#110828577>		"ٲڢْرِلْ"@ha	
"uEpreli"@xh	<https://panlex.org/snapshot/panlex-20191001-csv/2897#110828563>				<https://panlex.org/snapshot/panlex-20191001-csv/2897#110828402>		"Afrilu"@ha	
"uFebruwari"@xh	<https://panlex.org/snapshot/panlex-20191001-csv/2897#110827712>				<https://panlex.org/snapshot/panlex-20191001-csv/2897#110827851>		"ڢَبَرَاءِر"@ha	
"uFebruwari"@xh	<https://panlex.org/snapshot/panlex-20191001-csv/2897#110827712>				<https://panlex.org/snapshot/panlex-20191001-csv/2897#110827855>		"Fabara’ir"@ha	
"uFebruwari"@xh	<https://panlex.org/snapshot/panlex-20191001-csv/2897#110827712>				<https://panlex.org/snapshot/panlex-20191001-csv/2897#110827543>		"ڢَبْرَيْرُ"@ha	
"uFebruwari"@xh	<https://panlex.org/snapshot/panlex-20191001-csv/2897#110827712>				<https://panlex.org/snapshot/panlex-20191001-csv/2897#110827682>		"Fabrairu"@ha	
"uTshazimpunzi"@xh	<https://panlex.org/snapshot/panlex-20191001-csv/2897#110828558>				<https://panlex.org/snapshot/panlex-20191001-csv/2897#110828668>		"ٲڢْرِيلُ"@ha	
"uTshazimpunzi"@xh	<https://panlex.org/snapshot/panlex-20191001-csv/2897#110828558>				<https://panlex.org/snapshot/panlex-20191001-csv/2897#110828504>		"Afril"@ha	
"uTshazimpunzi"@xh	<https://panlex.org/snapshot/panlex-20191001-csv/2897#110828558>				<https://panlex.org/snapshot/panlex-20191001-csv/2897#110828577>		"ٲڢْرِلْ"@ha	
"uTshazimpunzi"@xh	<https://panlex.org/snapshot/panlex-20191001-csv/2897#110828558>				<https://panlex.org/snapshot/panlex-20191001-csv/2897#110828402>		"Afrilu"@ha	
"iAntarktika"@xh	<https://panlex.org/snapshot/panlex-20191001-csv/2891#110853637>				<https://panlex.org/snapshot/panlex-20191001-csv/2891#110853767>		"Antarktic"@ha	
"iAfrika"@xh	<https://panlex.org/snapshot/panlex-20191001-csv/2891#110853259>				<https://panlex.org/snapshot/panlex-20191001-csv/2891#110853114>		"Afrika"@ha	
"iAfrika"@xh	<https://panlex.org/snapshot/panlex-20191001-csv/2891#110853259>				<https://panlex.org/snapshot/panlex-20191001-csv/2891#110853138>		"Afirka"@ha	
"iAfrika"@xh	<https://panlex.org/snapshot/panlex-20191001-csv/2891#110853259>				<https://panlex.org/snapshot/panlex-20191001-csv/2891#110853162>		"Tudu"@ha	
"iMerika"@xh	<https://panlex.org/snapshot/panlex-20191001-csv/2891#110853310>				<https://panlex.org/snapshot/panlex-20191001-csv/2891#110853527>		"Amirka"@ha	
"iMerika"@xh	<https://panlex.org/snapshot/panlex-20191001-csv/2891#110853310>				<https://panlex.org/snapshot/panlex-20191001-csv/2891#110853369>		"Amerika"@ha	
"iAsiya"@xh	<https://panlex.org/snapshot/panlex-20191001-csv/2891#110853979>				<https://panlex.org/snapshot/panlex-20191001-csv/2891#110853815>		"Asiya"@ha	
"iAsiya"@xh	<https://panlex.org/snapshot/panlex-20191001-csv/2891#110853979>				<https://panlex.org/snapshot/panlex-20191001-csv/2891#110853941>		"Asia"@ha	
