"isibindi"@xh	<https://panlex.org/snapshot/panlex-20191001-csv/5947#84895319>				<https://panlex.org/snapshot/panlex-20191001-csv/5947#84895290>		"libre"@smj	
"uFebruwari"@xh	<https://panlex.org/snapshot/panlex-20191001-csv/5947#84743067>				<https://panlex.org/snapshot/panlex-20191001-csv/5947#84743013>		"guovvamánno"@smj	
"uMgqibelo"@xh	<https://panlex.org/snapshot/panlex-20191001-csv/2892#110826133>				<https://panlex.org/snapshot/panlex-20191001-csv/2892#110826344>		"lávvodahka"@smj	
"uLwesine"@xh	<https://panlex.org/snapshot/panlex-20191001-csv/2892#110825654>				<https://panlex.org/snapshot/panlex-20191001-csv/2892#110825270>		"duorastahka"@smj	
"uLwesibini"@xh	<https://panlex.org/snapshot/panlex-20191001-csv/2892#110824517>				<https://panlex.org/snapshot/panlex-20191001-csv/2892#110824811>		"dijstahka"@smj	
"uLwesihlanu"@xh	<https://panlex.org/snapshot/panlex-20191001-csv/2892#110825796>				<https://panlex.org/snapshot/panlex-20191001-csv/2892#110826026>		"bierjjedahka"@smj	
"uLwesithathu"@xh	<https://panlex.org/snapshot/panlex-20191001-csv/2892#110825185>				<https://panlex.org/snapshot/panlex-20191001-csv/2892#110825160>		"gasskavahkko"@smj	
"iCawe"@xh	<https://panlex.org/snapshot/panlex-20191001-csv/2892#110826827>				<https://panlex.org/snapshot/panlex-20191001-csv/2892#110826991>		"ájllek"@smj	
"iCawe"@xh	<https://panlex.org/snapshot/panlex-20191001-csv/2892#110826827>				<https://panlex.org/snapshot/panlex-20191001-csv/2892#110826906>		"sådnåbiejvve"@smj	
"uMvulo"@xh	<https://panlex.org/snapshot/panlex-20191001-csv/2892#110824069>				<https://panlex.org/snapshot/panlex-20191001-csv/2892#110824057>		"mánnodahka"@smj	
"uJulayi"@xh	<https://panlex.org/snapshot/panlex-20191001-csv/2897#110829617>				<https://panlex.org/snapshot/panlex-20191001-csv/2897#110829871>		"sjnjilltjamánno"@smj	
"eyoKwindla"@xh	<https://panlex.org/snapshot/panlex-20191001-csv/2897#110827941>				<https://panlex.org/snapshot/panlex-20191001-csv/2897#110828176>		"sjnjuktjamánno"@smj	
"uMeyi"@xh	<https://panlex.org/snapshot/panlex-20191001-csv/2897#110828744>				<https://panlex.org/snapshot/panlex-20191001-csv/2897#110828839>		"moarmesmánno"@smj	
"uMatshi"@xh	<https://panlex.org/snapshot/panlex-20191001-csv/2897#110827876>				<https://panlex.org/snapshot/panlex-20191001-csv/2897#110828176>		"sjnjuktjamánno"@smj	
"eyoMsintsi"@xh	<https://panlex.org/snapshot/panlex-20191001-csv/2897#110830587>				<https://panlex.org/snapshot/panlex-20191001-csv/2897#110830521>		"ragátmánno"@smj	
"eyeThupha"@xh	<https://panlex.org/snapshot/panlex-20191001-csv/2897#110830034>				<https://panlex.org/snapshot/panlex-20191001-csv/2897#110830037>		"bårggemánno"@smj	
"eyoMdumba"@xh	<https://panlex.org/snapshot/panlex-20191001-csv/2897#110827681>				<https://panlex.org/snapshot/panlex-20191001-csv/2897#110827795>		"guovvamánno"@smj	
"uSeptemba"@xh	<https://panlex.org/snapshot/panlex-20191001-csv/2897#110830382>				<https://panlex.org/snapshot/panlex-20191001-csv/2897#110830521>		"ragátmánno"@smj	
"uDisemba"@xh	<https://panlex.org/snapshot/panlex-20191001-csv/2897#110831905>				<https://panlex.org/snapshot/panlex-20191001-csv/2897#110831944>		"javllamánno"@smj	
"eyeSilimela"@xh	<https://panlex.org/snapshot/panlex-20191001-csv/2897#110829403>				<https://panlex.org/snapshot/panlex-20191001-csv/2897#110829235>		"biehtsemánno"@smj	
"eyomNga"@xh	<https://panlex.org/snapshot/panlex-20191001-csv/2897#110831573>				<https://panlex.org/snapshot/panlex-20191001-csv/2897#110831944>		"javllamánno"@smj	
"uAgasti"@xh	<https://panlex.org/snapshot/panlex-20191001-csv/2897#110830108>				<https://panlex.org/snapshot/panlex-20191001-csv/2897#110830037>		"bårggemánno"@smj	
"uCanzibe"@xh	<https://panlex.org/snapshot/panlex-20191001-csv/2897#110828750>				<https://panlex.org/snapshot/panlex-20191001-csv/2897#110828839>		"moarmesmánno"@smj	
"uNovemba"@xh	<https://panlex.org/snapshot/panlex-20191001-csv/2897#110831435>				<https://panlex.org/snapshot/panlex-20191001-csv/2897#110831431>		"basádismánno"@smj	
"uFebhruwari"@xh	<https://panlex.org/snapshot/panlex-20191001-csv/2897#110827825>				<https://panlex.org/snapshot/panlex-20191001-csv/2897#110827795>		"guovvamánno"@smj	
"uAprili"@xh	<https://panlex.org/snapshot/panlex-20191001-csv/2897#110828401>				<https://panlex.org/snapshot/panlex-20191001-csv/2897#110828513>		"vuoratjismánno"@smj	
"eyeDwarha"@xh	<https://panlex.org/snapshot/panlex-20191001-csv/2897#110830792>				<https://panlex.org/snapshot/panlex-20191001-csv/2897#110831001>		"gålgådismánno"@smj	
"uJuni"@xh	<https://panlex.org/snapshot/panlex-20191001-csv/2897#110829083>				<https://panlex.org/snapshot/panlex-20191001-csv/2897#110829235>		"biehtsemánno"@smj	
"eyoMqungu"@xh	<https://panlex.org/snapshot/panlex-20191001-csv/2897#110827060>				<https://panlex.org/snapshot/panlex-20191001-csv/2897#110827064>		"ådåjakmánno"@smj	
"uJanuwari"@xh	<https://panlex.org/snapshot/panlex-20191001-csv/2897#110827335>				<https://panlex.org/snapshot/panlex-20191001-csv/2897#110827064>		"ådåjakmánno"@smj	
"eyeKhala"@xh	<https://panlex.org/snapshot/panlex-20191001-csv/2897#110829851>				<https://panlex.org/snapshot/panlex-20191001-csv/2897#110829871>		"sjnjilltjamánno"@smj	
"eyeNkanga"@xh	<https://panlex.org/snapshot/panlex-20191001-csv/2897#110831145>				<https://panlex.org/snapshot/panlex-20191001-csv/2897#110831431>		"basádismánno"@smj	
"uOktobha"@xh	<https://panlex.org/snapshot/panlex-20191001-csv/2897#110830876>				<https://panlex.org/snapshot/panlex-20191001-csv/2897#110831001>		"gålgådismánno"@smj	
"uEpreli"@xh	<https://panlex.org/snapshot/panlex-20191001-csv/2897#110828563>				<https://panlex.org/snapshot/panlex-20191001-csv/2897#110828513>		"vuoratjismánno"@smj	
"uFebruwari"@xh	<https://panlex.org/snapshot/panlex-20191001-csv/2897#110827712>				<https://panlex.org/snapshot/panlex-20191001-csv/2897#110827795>		"guovvamánno"@smj	
"uTshazimpunzi"@xh	<https://panlex.org/snapshot/panlex-20191001-csv/2897#110828558>				<https://panlex.org/snapshot/panlex-20191001-csv/2897#110828513>		"vuoratjismánno"@smj	
