"qwayu"@mrc	<https://panlex.org/snapshot/panlex-20191001-csv/3776#91597648>				<https://panlex.org/snapshot/panlex-20191001-csv/3776#91597557>		"конь"@be	
"xalyaw"@mrc	<https://panlex.org/snapshot/panlex-20191001-csv/3776#91793179>				<https://panlex.org/snapshot/panlex-20191001-csv/3776#91793110>		"трус"@be	
"kʼwesam"@mrc	<https://panlex.org/snapshot/panlex-20191001-csv/3776#91675653>				<https://panlex.org/snapshot/panlex-20191001-csv/3776#91675563>		"жоўты"@be	
"qmpanyq"@mrc	<https://panlex.org/snapshot/panlex-20191001-csv/3776#91585083>				<https://panlex.org/snapshot/panlex-20191001-csv/3776#91585022>		"лятучая мыш"@be	
"qmpanyq"@mrc	<https://panlex.org/snapshot/panlex-20191001-csv/3776#91585083>				<https://panlex.org/snapshot/panlex-20191001-csv/3776#91585023>		"кажан"@be	
