"ɬapup anik"@enx	<https://panlex.org/snapshot/panlex-20191001-csv/1573#50082743>				<https://panlex.org/snapshot/panlex-20191001-csv/1573#50082811>		"ɬipop ampaia"@aqt	
"elwata"@enx	<https://panlex.org/snapshot/panlex-20191001-csv/1573#50088433>				<https://panlex.org/snapshot/panlex-20191001-csv/1573#50088530>		"watsom"@aqt	
"inkyiɬe"@enx	<https://panlex.org/snapshot/panlex-20191001-csv/1573#50083647>				<https://panlex.org/snapshot/panlex-20191001-csv/1573#50083731>		"mitaimoŋ"@aqt	
"mitaimaŋ"@enx	<https://panlex.org/snapshot/panlex-20191001-csv/1573#50090660>				<https://panlex.org/snapshot/panlex-20191001-csv/1573#50090760>		"mitaimoŋ"@aqt	
"yiŋmin"@enx	<https://panlex.org/snapshot/panlex-20191001-csv/1573#50085766>				<https://panlex.org/snapshot/panlex-20191001-csv/1573#50085832>		"yimin"@aqt	
"waiŋkyikmek yiŋmin"@enx	<https://panlex.org/snapshot/panlex-20191001-csv/1573#50088734>				<https://panlex.org/snapshot/panlex-20191001-csv/1573#50088769>		"yimin akhaɬinkayam"@aqt	
"yilpa"@enx	<https://panlex.org/snapshot/panlex-20191001-csv/1573#50083039>				<https://panlex.org/snapshot/panlex-20191001-csv/1573#50083108>		"anyaɬpa"@aqt	
"el-yakya-haiam"@enx	<https://panlex.org/snapshot/panlex-20191001-csv/1573#50087742>				<https://panlex.org/snapshot/panlex-20191001-csv/1573#50087804>		"ankilyaski nitin yimin"@aqt	
"ik-haiam ɬapup"@enx	<https://panlex.org/snapshot/panlex-20191001-csv/1573#50084805>				<https://panlex.org/snapshot/panlex-20191001-csv/1573#50084856>		"akhayam ɬipop"@aqt	
"saŋye"@enx	<https://panlex.org/snapshot/panlex-20191001-csv/1573#50089334>				<https://panlex.org/snapshot/panlex-20191001-csv/1573#50089389>		"yama awaɬwok"@aqt	
"saŋye"@enx	<https://panlex.org/snapshot/panlex-20191001-csv/1573#50087317>				<https://panlex.org/snapshot/panlex-20191001-csv/1573#50087346>		"saŋa"@aqt	
"yantesiksik"@enx	<https://panlex.org/snapshot/panlex-20191001-csv/1573#50090320>				<https://panlex.org/snapshot/panlex-20191001-csv/1573#50090380>		"yamit aisiksik"@aqt	
"watsam"@enx	<https://panlex.org/snapshot/panlex-20191001-csv/1573#50088434>				<https://panlex.org/snapshot/panlex-20191001-csv/1573#50088530>		"watsom"@aqt	
"ik-yohe-ka ɬapup"@enx	<https://panlex.org/snapshot/panlex-20191001-csv/1573#50090956>				<https://panlex.org/snapshot/panlex-20191001-csv/1573#50090990>		"ɬipop akpiɬninimama"@aqt	
"ɬapup"@enx	<https://panlex.org/snapshot/panlex-20191001-csv/1573#50082129>				<https://panlex.org/snapshot/panlex-20191001-csv/1573#50082213>		"ɬipop anak"@aqt	
"ɬapup"@enx	<https://panlex.org/snapshot/panlex-20191001-csv/1573#50082458>				<https://panlex.org/snapshot/panlex-20191001-csv/1573#50082540>		"ɬipop"@aqt	
"nathma"@enx	<https://panlex.org/snapshot/panlex-20191001-csv/1573#50089787>				<https://panlex.org/snapshot/panlex-20191001-csv/1573#50089858>		"aɬma"@aqt	
"yamilkyit"@enx	<https://panlex.org/snapshot/panlex-20191001-csv/1573#50089037>				<https://panlex.org/snapshot/panlex-20191001-csv/1573#50089121>		"yimin akyiŋama"@aqt	
"yinkamith"@enx	<https://panlex.org/snapshot/panlex-20191001-csv/1573#50083296>				<https://panlex.org/snapshot/panlex-20191001-csv/1573#50083356>		"ɬipop anik"@aqt	
"paihe ɬapup"@enx	<https://panlex.org/snapshot/panlex-20191001-csv/1573#50084325>				<https://panlex.org/snapshot/panlex-20191001-csv/1573#50084400>		"yama awaɬwok"@aqt	
"kyi-so-nel-wanmeŋ-kaɬa"@enx	<https://panlex.org/snapshot/panlex-20191001-csv/1573#50081833>				<https://panlex.org/snapshot/panlex-20191001-csv/1573#50081887>		"akyawakaɬma nak"@aqt	
"yamit"@enx	<https://panlex.org/snapshot/panlex-20191001-csv/1573#50090065>				<https://panlex.org/snapshot/panlex-20191001-csv/1573#50090128>		"yamit aohak"@aqt	
"takaɬit yiŋmin"@enx	<https://panlex.org/snapshot/panlex-20191001-csv/1573#50085233>				<https://panlex.org/snapshot/panlex-20191001-csv/1573#50085314>		"niyawa"@aqt	
"netin"@enx	<https://panlex.org/snapshot/panlex-20191001-csv/1573#50091165>				<https://panlex.org/snapshot/panlex-20191001-csv/1573#50091224>		"nitiŋ"@aqt	
"yipwat-iam"@enx	<https://panlex.org/snapshot/panlex-20191001-csv/1573#50084592>				<https://panlex.org/snapshot/panlex-20191001-csv/1573#50084645>		"waiwikanta ɬipop yiman"@aqt	
