"ʼapnono"@dmr	<https://panlex.org/snapshot/panlex-20191001-csv/114#8058358>				<https://panlex.org/snapshot/panlex-20191001-csv/114#8058353>		"ifuyana"@ddi	
"ṇʼlaʔat"@dmr	<https://panlex.org/snapshot/panlex-20191001-csv/114#8053787>				<https://panlex.org/snapshot/panlex-20191001-csv/114#8053782>		"naudadana"@ddi	
"ʼnurmano"@dmr	<https://panlex.org/snapshot/panlex-20191001-csv/114#8065127>				<https://panlex.org/snapshot/panlex-20191001-csv/114#8065122>		"kabuna"@ddi	
"ŋiʼhano"@dmr	<https://panlex.org/snapshot/panlex-20191001-csv/114#8067154>				<https://panlex.org/snapshot/panlex-20191001-csv/114#8067149>		"niyona"@ddi	
"ʼhuhuno"@dmr	<https://panlex.org/snapshot/panlex-20191001-csv/114#8060397>				<https://panlex.org/snapshot/panlex-20191001-csv/114#8060390>		"manawababa"@ddi	
"leʼmaino"@dmr	<https://panlex.org/snapshot/panlex-20191001-csv/114#8067694>				<https://panlex.org/snapshot/panlex-20191001-csv/114#8067689>		"meyana"@ddi	
"ruʼrino"@dmr	<https://panlex.org/snapshot/panlex-20191001-csv/114#8058917>				<https://panlex.org/snapshot/panlex-20191001-csv/114#8058912>		"yeki"@ddi	
"ʼlɛʔɛno"@dmr	<https://panlex.org/snapshot/panlex-20191001-csv/114#8053206>				<https://panlex.org/snapshot/panlex-20191001-csv/114#8053201>		"ayeyafayafa"@ddi	
