"'er"@dmr	<https://panlex.org/snapshot/panlex-20191001-csv/12#850895>				<https://panlex.org/snapshot/panlex-20191001-csv/12#851152>		"vai"@sm	
"ʼapnono"@dmr	<https://panlex.org/snapshot/panlex-20191001-csv/114#8058358>				<https://panlex.org/snapshot/panlex-20191001-csv/114#8058691>		"manava"@sm	
"ṇʼlaʔat"@dmr	<https://panlex.org/snapshot/panlex-20191001-csv/114#8053787>				<https://panlex.org/snapshot/panlex-20191001-csv/114#8054125>		"saele"@sm	
"ṇʼlaʔat"@dmr	<https://panlex.org/snapshot/panlex-20191001-csv/114#8053787>				<https://panlex.org/snapshot/panlex-20191001-csv/114#8054126>		"savali"@sm	
"ʼnurmano"@dmr	<https://panlex.org/snapshot/panlex-20191001-csv/114#8065127>				<https://panlex.org/snapshot/panlex-20191001-csv/114#8065441>		"isu"@sm	
"ʼralmano"@dmr	<https://panlex.org/snapshot/panlex-20191001-csv/114#8059883>				<https://panlex.org/snapshot/panlex-20191001-csv/114#8060169>		"ate"@sm	
"ŋiʼhano"@dmr	<https://panlex.org/snapshot/panlex-20191001-csv/114#8067154>				<https://panlex.org/snapshot/panlex-20191001-csv/114#8067477>		"nifo"@sm	
"ʼhuhuno"@dmr	<https://panlex.org/snapshot/panlex-20191001-csv/114#8060397>				<https://panlex.org/snapshot/panlex-20191001-csv/114#8060728>		"susu"@sm	
"leʼmaino"@dmr	<https://panlex.org/snapshot/panlex-20191001-csv/114#8067694>				<https://panlex.org/snapshot/panlex-20191001-csv/114#8067992>		"alelo"@sm	
"leʼmaino"@dmr	<https://panlex.org/snapshot/panlex-20191001-csv/114#8067694>				<https://panlex.org/snapshot/panlex-20191001-csv/114#8067991>		"laulaufaiva"@sm	
"ruʼrino"@dmr	<https://panlex.org/snapshot/panlex-20191001-csv/114#8058917>				<https://panlex.org/snapshot/panlex-20191001-csv/114#8059209>		"ivi"@sm	
"ʼlɛʔɛno"@dmr	<https://panlex.org/snapshot/panlex-20191001-csv/114#8053206>				<https://panlex.org/snapshot/panlex-20191001-csv/114#8053540>		"vae"@sm	
"'er"@dmr	<https://panlex.org/snapshot/panlex-20191001-csv/11#787537>				<https://panlex.org/snapshot/panlex-20191001-csv/11#787727>		"vai"@sm	
