"ʼapnono"@dmr	<https://panlex.org/snapshot/panlex-20191001-csv/114#8058358>				<https://panlex.org/snapshot/panlex-20191001-csv/114#8058409>		"perut"@iba	
"ṇʼlaʔat"@dmr	<https://panlex.org/snapshot/panlex-20191001-csv/114#8053787>				<https://panlex.org/snapshot/panlex-20191001-csv/114#8053840>		"jalai"@iba	
"ʼnurmano"@dmr	<https://panlex.org/snapshot/panlex-20191001-csv/114#8065127>				<https://panlex.org/snapshot/panlex-20191001-csv/114#8065177>		"idoŋ"@iba	
"ʼralmano"@dmr	<https://panlex.org/snapshot/panlex-20191001-csv/114#8059883>				<https://panlex.org/snapshot/panlex-20191001-csv/114#8059926>		"atau"@iba	
"ŋiʼhano"@dmr	<https://panlex.org/snapshot/panlex-20191001-csv/114#8067154>				<https://panlex.org/snapshot/panlex-20191001-csv/114#8067202>		"ŋeliʔ"@iba	
"ʼhuhuno"@dmr	<https://panlex.org/snapshot/panlex-20191001-csv/114#8060397>				<https://panlex.org/snapshot/panlex-20191001-csv/114#8060447>		"tusu"@iba	
"leʼmaino"@dmr	<https://panlex.org/snapshot/panlex-20191001-csv/114#8067694>				<https://panlex.org/snapshot/panlex-20191001-csv/114#8067738>		"dilah"@iba	
"ruʼrino"@dmr	<https://panlex.org/snapshot/panlex-20191001-csv/114#8058917>				<https://panlex.org/snapshot/panlex-20191001-csv/114#8058959>		"tulaŋ"@iba	
"ʼlɛʔɛno"@dmr	<https://panlex.org/snapshot/panlex-20191001-csv/114#8053206>				<https://panlex.org/snapshot/panlex-20191001-csv/114#8053260>		"kaki"@iba	
"ʼlɛʔɛno"@dmr	<https://panlex.org/snapshot/panlex-20191001-csv/114#8053206>				<https://panlex.org/snapshot/panlex-20191001-csv/114#8053261>		"pah"@iba	
