"tepe-t"@azz	<https://panlex.org/snapshot/panlex-20191001-csv/1573#50083460>				<https://panlex.org/snapshot/panlex-20191001-csv/1573#50083475>		"kuru"@cap	
"a-t"@azz	<https://panlex.org/snapshot/panlex-20191001-csv/1573#50085654>				<https://panlex.org/snapshot/panlex-20191001-csv/1573#50085665>		"ḳʰaš"@cap	
"amel"@azz	<https://panlex.org/snapshot/panlex-20191001-csv/1573#50088859>				<https://panlex.org/snapshot/panlex-20191001-csv/1573#50088875>		"tux"@cap	
"amel"@azz	<https://panlex.org/snapshot/panlex-20191001-csv/1573#50088859>				<https://panlex.org/snapshot/panlex-20191001-csv/1573#50088874>		"pʰoma"@cap	
"poso-k"@azz	<https://panlex.org/snapshot/panlex-20191001-csv/1573#50086488>				<https://panlex.org/snapshot/panlex-20191001-csv/1573#50086496>		"č̣ˀutu"@cap	
"tal-neš"@azz	<https://panlex.org/snapshot/panlex-20191001-csv/1573#50082623>				<https://panlex.org/snapshot/panlex-20191001-csv/1573#50082636>		"ṣ̌ḳeti"@cap	
"po-poso-ka"@azz	<https://panlex.org/snapshot/panlex-20191001-csv/1573#50086487>				<https://panlex.org/snapshot/panlex-20191001-csv/1573#50086496>		"č̣ˀutu"@cap	
"tona-l"@azz	<https://panlex.org/snapshot/panlex-20191001-csv/1573#50091310>				<https://panlex.org/snapshot/panlex-20191001-csv/1573#50091320>		"tʰuɲi"@cap	
"pila"@azz	<https://panlex.org/snapshot/panlex-20191001-csv/1573#50088861>				<https://panlex.org/snapshot/panlex-20191001-csv/1573#50088875>		"tux"@cap	
"pila"@azz	<https://panlex.org/snapshot/panlex-20191001-csv/1573#50088861>				<https://panlex.org/snapshot/panlex-20191001-csv/1573#50088874>		"pʰoma"@cap	
"akomol"@azz	<https://panlex.org/snapshot/panlex-20191001-csv/1573#50088858>				<https://panlex.org/snapshot/panlex-20191001-csv/1573#50088875>		"tux"@cap	
"akomol"@azz	<https://panlex.org/snapshot/panlex-20191001-csv/1573#50088858>				<https://panlex.org/snapshot/panlex-20191001-csv/1573#50088874>		"pʰoma"@cap	
"kʷow-yoh"@azz	<https://panlex.org/snapshot/panlex-20191001-csv/1573#50089659>				<https://panlex.org/snapshot/panlex-20191001-csv/1573#50089669>		"munti-naka"@cap	
"kʷawi-t"@azz	<https://panlex.org/snapshot/panlex-20191001-csv/1573#50089950>				<https://panlex.org/snapshot/panlex-20191001-csv/1573#50089963>		"munti"@cap	
"kʷowi-t"@azz	<https://panlex.org/snapshot/panlex-20191001-csv/1573#50090205>				<https://panlex.org/snapshot/panlex-20191001-csv/1573#50090214>		"para"@cap	
"kʷowi-t"@azz	<https://panlex.org/snapshot/panlex-20191001-csv/1573#50089951>				<https://panlex.org/snapshot/panlex-20191001-csv/1573#50089963>		"munti"@cap	
"kʷow"@azz	<https://panlex.org/snapshot/panlex-20191001-csv/1573#50090204>				<https://panlex.org/snapshot/panlex-20191001-csv/1573#50090214>		"para"@cap	
"šal"@azz	<https://panlex.org/snapshot/panlex-20191001-csv/1573#50083184>				<https://panlex.org/snapshot/panlex-20191001-csv/1573#50083196>		"pʰila"@cap	
"apic̷ak"@azz	<https://panlex.org/snapshot/panlex-20191001-csv/1573#50088217>				<https://panlex.org/snapshot/panlex-20191001-csv/1573#50088236>		"puxu"@cap	
"ameyal"@azz	<https://panlex.org/snapshot/panlex-20191001-csv/1573#50088860>				<https://panlex.org/snapshot/panlex-20191001-csv/1573#50088875>		"tux"@cap	
"ameyal"@azz	<https://panlex.org/snapshot/panlex-20191001-csv/1573#50088860>				<https://panlex.org/snapshot/panlex-20191001-csv/1573#50088874>		"pʰoma"@cap	
"soki-yo"@azz	<https://panlex.org/snapshot/panlex-20191001-csv/1573#50082896>				<https://panlex.org/snapshot/panlex-20191001-csv/1573#50082908>		"lxoki"@cap	
"te-t"@azz	<https://panlex.org/snapshot/panlex-20191001-csv/1573#50090481>				<https://panlex.org/snapshot/panlex-20191001-csv/1573#50090497>		"č̣ara"@cap	
"te-t"@azz	<https://panlex.org/snapshot/panlex-20191001-csv/1573#50090481>				<https://panlex.org/snapshot/panlex-20191001-csv/1573#50090496>		"maš"@cap	
"kampa tektok a-t"@azz	<https://panlex.org/snapshot/panlex-20191001-csv/1573#50086886>				<https://panlex.org/snapshot/panlex-20191001-csv/1573#50086901>		"x̣oči"@cap	
"elwiak"@azz	<https://panlex.org/snapshot/panlex-20191001-csv/1573#50091056>				<https://panlex.org/snapshot/panlex-20191001-csv/1573#50091066>		"arax̣pača"@cap	
"elwiak"@azz	<https://panlex.org/snapshot/panlex-20191001-csv/1573#50091056>				<https://panlex.org/snapshot/panlex-20191001-csv/1573#50091067>		"pača"@cap	
"tal-pan"@azz	<https://panlex.org/snapshot/panlex-20191001-csv/1573#50084156>				<https://panlex.org/snapshot/panlex-20191001-csv/1573#50084170>		"šḳala"@cap	
"tal-pan"@azz	<https://panlex.org/snapshot/panlex-20191001-csv/1573#50082309>				<https://panlex.org/snapshot/panlex-20191001-csv/1573#50082319>		"yoḳa"@cap	
"ištawa-t"@azz	<https://panlex.org/snapshot/panlex-20191001-csv/1573#50084154>				<https://panlex.org/snapshot/panlex-20191001-csv/1573#50084170>		"šḳala"@cap	
"a-pic̷ak-ti"@azz	<https://panlex.org/snapshot/panlex-20191001-csv/1573#50088216>				<https://panlex.org/snapshot/panlex-20191001-csv/1573#50088236>		"puxu"@cap	
"taal-neeš-yo"@azz	<https://panlex.org/snapshot/panlex-20191001-csv/1573#50082622>				<https://panlex.org/snapshot/panlex-20191001-csv/1573#50082636>		"ṣ̌ḳeti"@cap	
"kʷow-tah"@azz	<https://panlex.org/snapshot/panlex-20191001-csv/1573#50089658>				<https://panlex.org/snapshot/panlex-20191001-csv/1573#50089669>		"munti-naka"@cap	
"tal"@azz	<https://panlex.org/snapshot/panlex-20191001-csv/1573#50081979>				<https://panlex.org/snapshot/panlex-20191001-csv/1573#50081994>		"yoḳa"@cap	
"tal"@azz	<https://panlex.org/snapshot/panlex-20191001-csv/1573#50084155>				<https://panlex.org/snapshot/panlex-20191001-csv/1573#50084170>		"šḳala"@cap	
"soki-t"@azz	<https://panlex.org/snapshot/panlex-20191001-csv/1573#50082895>				<https://panlex.org/snapshot/panlex-20191001-csv/1573#50082908>		"lxoki"@cap	
"weyi-a-t"@azz	<https://panlex.org/snapshot/panlex-20191001-csv/1573#50088218>				<https://panlex.org/snapshot/panlex-20191001-csv/1573#50088236>		"puxu"@cap	
