"tepe-t"@azz	<https://panlex.org/snapshot/panlex-20191001-csv/1573#50083460>				<https://panlex.org/snapshot/panlex-20191001-csv/1573#50083650>		"дагъ"@lez	
"tepe-t"@azz	<https://panlex.org/snapshot/panlex-20191001-csv/1573#50083460>				<https://panlex.org/snapshot/panlex-20191001-csv/1573#50083648>		"дагъ"@lez	
"tepe-t"@azz	<https://panlex.org/snapshot/panlex-20191001-csv/1573#50083460>				<https://panlex.org/snapshot/panlex-20191001-csv/1573#50083651>		"тепе"@lez	
"tepe-t"@azz	<https://panlex.org/snapshot/panlex-20191001-csv/1573#50083460>				<https://panlex.org/snapshot/panlex-20191001-csv/1573#50083649>		"кІунтІ"@lez	
"tepe-t"@azz	<https://panlex.org/snapshot/panlex-20191001-csv/1573#50083460>				<https://panlex.org/snapshot/panlex-20191001-csv/1573#50083652>		"дагъ"@lez	
"tepe-t"@azz	<https://panlex.org/snapshot/panlex-20191001-csv/1573#50083460>				<https://panlex.org/snapshot/panlex-20191001-csv/1573#50083653>		"тепе"@lez	
"a-tekomol"@azz	<https://panlex.org/snapshot/panlex-20191001-csv/1573#50084487>				<https://panlex.org/snapshot/panlex-20191001-csv/1573#50084595>		"дере"@lez	
"a-tekomol"@azz	<https://panlex.org/snapshot/panlex-20191001-csv/1573#50084487>				<https://panlex.org/snapshot/panlex-20191001-csv/1573#50084596>		"дере"@lez	
"a-tekomol"@azz	<https://panlex.org/snapshot/panlex-20191001-csv/1573#50084487>				<https://panlex.org/snapshot/panlex-20191001-csv/1573#50084594>		"дугун"@lez	
"a-tekomol"@azz	<https://panlex.org/snapshot/panlex-20191001-csv/1573#50084487>				<https://panlex.org/snapshot/panlex-20191001-csv/1573#50084593>		"дере"@lez	
"a-t"@azz	<https://panlex.org/snapshot/panlex-20191001-csv/1573#50085654>				<https://panlex.org/snapshot/panlex-20191001-csv/1573#50085768>		"йад"@lez	
"a-t"@azz	<https://panlex.org/snapshot/panlex-20191001-csv/1573#50085654>				<https://panlex.org/snapshot/panlex-20191001-csv/1573#50085767>		"йад"@lez	
"a-t"@azz	<https://panlex.org/snapshot/panlex-20191001-csv/1573#50085654>				<https://panlex.org/snapshot/panlex-20191001-csv/1573#50085769>		"йад"@lez	
"amel"@azz	<https://panlex.org/snapshot/panlex-20191001-csv/1573#50088859>				<https://panlex.org/snapshot/panlex-20191001-csv/1573#50089041>		"булах"@lez	
"amel"@azz	<https://panlex.org/snapshot/panlex-20191001-csv/1573#50088859>				<https://panlex.org/snapshot/panlex-20191001-csv/1573#50089042>		"къуй"@lez	
"amel"@azz	<https://panlex.org/snapshot/panlex-20191001-csv/1573#50088859>				<https://panlex.org/snapshot/panlex-20191001-csv/1573#50089038>		"булах"@lez	
"amel"@azz	<https://panlex.org/snapshot/panlex-20191001-csv/1573#50088859>				<https://panlex.org/snapshot/panlex-20191001-csv/1573#50089043>		"чешме"@lez	
"amel"@azz	<https://panlex.org/snapshot/panlex-20191001-csv/1573#50088859>				<https://panlex.org/snapshot/panlex-20191001-csv/1573#50089039>		"къуй"@lez	
"amel"@azz	<https://panlex.org/snapshot/panlex-20191001-csv/1573#50088859>				<https://panlex.org/snapshot/panlex-20191001-csv/1573#50089040>		"чешме"@lez	
"amel"@azz	<https://panlex.org/snapshot/panlex-20191001-csv/1573#50088859>				<https://panlex.org/snapshot/panlex-20191001-csv/1573#50089044>		"булах"@lez	
"poso-k"@azz	<https://panlex.org/snapshot/panlex-20191001-csv/1573#50086488>				<https://panlex.org/snapshot/panlex-20191001-csv/1573#50086578>		"каф"@lez	
"poso-k"@azz	<https://panlex.org/snapshot/panlex-20191001-csv/1573#50086488>				<https://panlex.org/snapshot/panlex-20191001-csv/1573#50086577>		"каф"@lez	
"poso-k"@azz	<https://panlex.org/snapshot/panlex-20191001-csv/1573#50086488>				<https://panlex.org/snapshot/panlex-20191001-csv/1573#50086579>		"каф"@lez	
"tal-neš"@azz	<https://panlex.org/snapshot/panlex-20191001-csv/1573#50082623>				<https://panlex.org/snapshot/panlex-20191001-csv/1573#50082745>		"руг"@lez	
"tal-neš"@azz	<https://panlex.org/snapshot/panlex-20191001-csv/1573#50082623>				<https://panlex.org/snapshot/panlex-20191001-csv/1573#50082744>		"руг"@lez	
"tal-neš"@azz	<https://panlex.org/snapshot/panlex-20191001-csv/1573#50082623>				<https://panlex.org/snapshot/panlex-20191001-csv/1573#50082746>		"руг"@lez	
"po-poso-ka"@azz	<https://panlex.org/snapshot/panlex-20191001-csv/1573#50086487>				<https://panlex.org/snapshot/panlex-20191001-csv/1573#50086578>		"каф"@lez	
"po-poso-ka"@azz	<https://panlex.org/snapshot/panlex-20191001-csv/1573#50086487>				<https://panlex.org/snapshot/panlex-20191001-csv/1573#50086577>		"каф"@lez	
"po-poso-ka"@azz	<https://panlex.org/snapshot/panlex-20191001-csv/1573#50086487>				<https://panlex.org/snapshot/panlex-20191001-csv/1573#50086579>		"каф"@lez	
"ačawtah"@azz	<https://panlex.org/snapshot/panlex-20191001-csv/1573#50089216>				<https://panlex.org/snapshot/panlex-20191001-csv/1573#50089335>		"вир"@lez	
"ačawtah"@azz	<https://panlex.org/snapshot/panlex-20191001-csv/1573#50089216>				<https://panlex.org/snapshot/panlex-20191001-csv/1573#50089338>		"батагълугъ"@lez	
"ačawtah"@azz	<https://panlex.org/snapshot/panlex-20191001-csv/1573#50089216>				<https://panlex.org/snapshot/panlex-20191001-csv/1573#50089337>		"уьлен"@lez	
"ačawtah"@azz	<https://panlex.org/snapshot/panlex-20191001-csv/1573#50089216>				<https://panlex.org/snapshot/panlex-20191001-csv/1573#50089336>		"уьлен"@lez	
"tal-tikpa-k"@azz	<https://panlex.org/snapshot/panlex-20191001-csv/1573#50081722>				<https://panlex.org/snapshot/panlex-20191001-csv/1573#50081834>		"дуьньйа"@lez	
"tal-tikpa-k"@azz	<https://panlex.org/snapshot/panlex-20191001-csv/1573#50081722>				<https://panlex.org/snapshot/panlex-20191001-csv/1573#50081836>		"дуьньйа"@lez	
"tal-tikpa-k"@azz	<https://panlex.org/snapshot/panlex-20191001-csv/1573#50081722>				<https://panlex.org/snapshot/panlex-20191001-csv/1573#50081835>		"дуьньйа"@lez	
"pila"@azz	<https://panlex.org/snapshot/panlex-20191001-csv/1573#50088861>				<https://panlex.org/snapshot/panlex-20191001-csv/1573#50089041>		"булах"@lez	
"pila"@azz	<https://panlex.org/snapshot/panlex-20191001-csv/1573#50088861>				<https://panlex.org/snapshot/panlex-20191001-csv/1573#50089042>		"къуй"@lez	
"pila"@azz	<https://panlex.org/snapshot/panlex-20191001-csv/1573#50088861>				<https://panlex.org/snapshot/panlex-20191001-csv/1573#50089038>		"булах"@lez	
"pila"@azz	<https://panlex.org/snapshot/panlex-20191001-csv/1573#50088861>				<https://panlex.org/snapshot/panlex-20191001-csv/1573#50089043>		"чешме"@lez	
"pila"@azz	<https://panlex.org/snapshot/panlex-20191001-csv/1573#50088861>				<https://panlex.org/snapshot/panlex-20191001-csv/1573#50089039>		"къуй"@lez	
"pila"@azz	<https://panlex.org/snapshot/panlex-20191001-csv/1573#50088861>				<https://panlex.org/snapshot/panlex-20191001-csv/1573#50089040>		"чешме"@lez	
"pila"@azz	<https://panlex.org/snapshot/panlex-20191001-csv/1573#50088861>				<https://panlex.org/snapshot/panlex-20191001-csv/1573#50089044>		"булах"@lez	
"panc̷ikʷi-ni in a-t"@azz	<https://panlex.org/snapshot/panlex-20191001-csv/1573#50089468>				<https://panlex.org/snapshot/panlex-20191001-csv/1573#50089559>		"гургур"@lez	
"panc̷ikʷi-ni in a-t"@azz	<https://panlex.org/snapshot/panlex-20191001-csv/1573#50089468>				<https://panlex.org/snapshot/panlex-20191001-csv/1573#50089561>		"чарчар"@lez	
"panc̷ikʷi-ni in a-t"@azz	<https://panlex.org/snapshot/panlex-20191001-csv/1573#50089468>				<https://panlex.org/snapshot/panlex-20191001-csv/1573#50089560>		"чарчар"@lez	
"akomol"@azz	<https://panlex.org/snapshot/panlex-20191001-csv/1573#50088858>				<https://panlex.org/snapshot/panlex-20191001-csv/1573#50089041>		"булах"@lez	
"akomol"@azz	<https://panlex.org/snapshot/panlex-20191001-csv/1573#50088858>				<https://panlex.org/snapshot/panlex-20191001-csv/1573#50089042>		"къуй"@lez	
"akomol"@azz	<https://panlex.org/snapshot/panlex-20191001-csv/1573#50088858>				<https://panlex.org/snapshot/panlex-20191001-csv/1573#50089038>		"булах"@lez	
"akomol"@azz	<https://panlex.org/snapshot/panlex-20191001-csv/1573#50088858>				<https://panlex.org/snapshot/panlex-20191001-csv/1573#50089043>		"чешме"@lez	
"akomol"@azz	<https://panlex.org/snapshot/panlex-20191001-csv/1573#50088858>				<https://panlex.org/snapshot/panlex-20191001-csv/1573#50089039>		"къуй"@lez	
"akomol"@azz	<https://panlex.org/snapshot/panlex-20191001-csv/1573#50088858>				<https://panlex.org/snapshot/panlex-20191001-csv/1573#50089040>		"чешме"@lez	
"akomol"@azz	<https://panlex.org/snapshot/panlex-20191001-csv/1573#50088858>				<https://panlex.org/snapshot/panlex-20191001-csv/1573#50089044>		"булах"@lez	
"kʷow-yoh"@azz	<https://panlex.org/snapshot/panlex-20191001-csv/1573#50089659>				<https://panlex.org/snapshot/panlex-20191001-csv/1573#50089790>		"там"@lez	
"kʷow-yoh"@azz	<https://panlex.org/snapshot/panlex-20191001-csv/1573#50089659>				<https://panlex.org/snapshot/panlex-20191001-csv/1573#50089789>		"рук"@lez	
"kʷow-yoh"@azz	<https://panlex.org/snapshot/panlex-20191001-csv/1573#50089659>				<https://panlex.org/snapshot/panlex-20191001-csv/1573#50089788>		"там"@lez	
"kʷow-yoh"@azz	<https://panlex.org/snapshot/panlex-20191001-csv/1573#50089659>				<https://panlex.org/snapshot/panlex-20191001-csv/1573#50089791>		"рук"@lez	
"kʷawi-t"@azz	<https://panlex.org/snapshot/panlex-20191001-csv/1573#50089950>				<https://panlex.org/snapshot/panlex-20191001-csv/1573#50090067>		"тар"@lez	
"kʷawi-t"@azz	<https://panlex.org/snapshot/panlex-20191001-csv/1573#50089950>				<https://panlex.org/snapshot/panlex-20191001-csv/1573#50090068>		"тар"@lez	
"kʷawi-t"@azz	<https://panlex.org/snapshot/panlex-20191001-csv/1573#50089950>				<https://panlex.org/snapshot/panlex-20191001-csv/1573#50090066>		"тар"@lez	
"a-ten-tenoh"@azz	<https://panlex.org/snapshot/panlex-20191001-csv/1573#50085082>				<https://panlex.org/snapshot/panlex-20191001-csv/1573#50085234>		"йаха"@lez	
"a-ten-tenoh"@azz	<https://panlex.org/snapshot/panlex-20191001-csv/1573#50085082>				<https://panlex.org/snapshot/panlex-20191001-csv/1573#50085236>		"къерех"@lez	
"a-ten-tenoh"@azz	<https://panlex.org/snapshot/panlex-20191001-csv/1573#50085082>				<https://panlex.org/snapshot/panlex-20191001-csv/1573#50085238>		"къерех"@lez	
"a-ten-tenoh"@azz	<https://panlex.org/snapshot/panlex-20191001-csv/1573#50085082>				<https://panlex.org/snapshot/panlex-20191001-csv/1573#50085237>		"кьер"@lez	
"a-ten-tenoh"@azz	<https://panlex.org/snapshot/panlex-20191001-csv/1573#50085082>				<https://panlex.org/snapshot/panlex-20191001-csv/1573#50085235>		"къерех"@lez	
"kʷowi-t"@azz	<https://panlex.org/snapshot/panlex-20191001-csv/1573#50090205>				<https://panlex.org/snapshot/panlex-20191001-csv/1573#50090323>		"тар"@lez	
"kʷowi-t"@azz	<https://panlex.org/snapshot/panlex-20191001-csv/1573#50090205>				<https://panlex.org/snapshot/panlex-20191001-csv/1573#50090321>		"кІарас"@lez	
"kʷowi-t"@azz	<https://panlex.org/snapshot/panlex-20191001-csv/1573#50090205>				<https://panlex.org/snapshot/panlex-20191001-csv/1573#50090322>		"кІарас"@lez	
"kʷowi-t"@azz	<https://panlex.org/snapshot/panlex-20191001-csv/1573#50089951>				<https://panlex.org/snapshot/panlex-20191001-csv/1573#50090067>		"тар"@lez	
"kʷowi-t"@azz	<https://panlex.org/snapshot/panlex-20191001-csv/1573#50089951>				<https://panlex.org/snapshot/panlex-20191001-csv/1573#50090068>		"тар"@lez	
"kʷowi-t"@azz	<https://panlex.org/snapshot/panlex-20191001-csv/1573#50089951>				<https://panlex.org/snapshot/panlex-20191001-csv/1573#50090066>		"тар"@lez	
"tal-olini"@azz	<https://panlex.org/snapshot/panlex-20191001-csv/1573#50090865>				<https://panlex.org/snapshot/panlex-20191001-csv/1573#50090957>		"залзала"@lez	
"tal-olini"@azz	<https://panlex.org/snapshot/panlex-20191001-csv/1573#50090865>				<https://panlex.org/snapshot/panlex-20191001-csv/1573#50090959>		"зелзеле"@lez	
"tal-olini"@azz	<https://panlex.org/snapshot/panlex-20191001-csv/1573#50090865>				<https://panlex.org/snapshot/panlex-20191001-csv/1573#50090958>		"залзалаг"@lez	
"kʷow"@azz	<https://panlex.org/snapshot/panlex-20191001-csv/1573#50090204>				<https://panlex.org/snapshot/panlex-20191001-csv/1573#50090323>		"тар"@lez	
"kʷow"@azz	<https://panlex.org/snapshot/panlex-20191001-csv/1573#50090204>				<https://panlex.org/snapshot/panlex-20191001-csv/1573#50090321>		"кІарас"@lez	
"kʷow"@azz	<https://panlex.org/snapshot/panlex-20191001-csv/1573#50090204>				<https://panlex.org/snapshot/panlex-20191001-csv/1573#50090322>		"кІарас"@lez	
"šal"@azz	<https://panlex.org/snapshot/panlex-20191001-csv/1573#50083184>				<https://panlex.org/snapshot/panlex-20191001-csv/1573#50083297>		"къум"@lez	
"šal"@azz	<https://panlex.org/snapshot/panlex-20191001-csv/1573#50083184>				<https://panlex.org/snapshot/panlex-20191001-csv/1573#50083299>		"къум"@lez	
"šal"@azz	<https://panlex.org/snapshot/panlex-20191001-csv/1573#50083184>				<https://panlex.org/snapshot/panlex-20191001-csv/1573#50083298>		"къум"@lez	
"apic̷ak"@azz	<https://panlex.org/snapshot/panlex-20191001-csv/1573#50088217>				<https://panlex.org/snapshot/panlex-20191001-csv/1573#50088438>		"хвал"@lez	
"apic̷ak"@azz	<https://panlex.org/snapshot/panlex-20191001-csv/1573#50088217>				<https://panlex.org/snapshot/panlex-20191001-csv/1573#50088436>		"вацІ"@lez	
"apic̷ak"@azz	<https://panlex.org/snapshot/panlex-20191001-csv/1573#50088217>				<https://panlex.org/snapshot/panlex-20191001-csv/1573#50088437>		"сел"@lez	
"apic̷ak"@azz	<https://panlex.org/snapshot/panlex-20191001-csv/1573#50088217>				<https://panlex.org/snapshot/panlex-20191001-csv/1573#50088435>		"булах"@lez	
"apic̷ak"@azz	<https://panlex.org/snapshot/panlex-20191001-csv/1573#50088217>				<https://panlex.org/snapshot/panlex-20191001-csv/1573#50088442>		"вацІ"@lez	
"apic̷ak"@azz	<https://panlex.org/snapshot/panlex-20191001-csv/1573#50088217>				<https://panlex.org/snapshot/panlex-20191001-csv/1573#50088440>		"кІам"@lez	
"apic̷ak"@azz	<https://panlex.org/snapshot/panlex-20191001-csv/1573#50088217>				<https://panlex.org/snapshot/panlex-20191001-csv/1573#50088439>		"вацІ"@lez	
"apic̷ak"@azz	<https://panlex.org/snapshot/panlex-20191001-csv/1573#50088217>				<https://panlex.org/snapshot/panlex-20191001-csv/1573#50088441>		"сел"@lez	
"ačawit"@azz	<https://panlex.org/snapshot/panlex-20191001-csv/1573#50089215>				<https://panlex.org/snapshot/panlex-20191001-csv/1573#50089335>		"вир"@lez	
"ačawit"@azz	<https://panlex.org/snapshot/panlex-20191001-csv/1573#50089215>				<https://panlex.org/snapshot/panlex-20191001-csv/1573#50089338>		"батагълугъ"@lez	
"ačawit"@azz	<https://panlex.org/snapshot/panlex-20191001-csv/1573#50089215>				<https://panlex.org/snapshot/panlex-20191001-csv/1573#50089337>		"уьлен"@lez	
"ačawit"@azz	<https://panlex.org/snapshot/panlex-20191001-csv/1573#50089215>				<https://panlex.org/snapshot/panlex-20191001-csv/1573#50089336>		"уьлен"@lez	
"ameyal"@azz	<https://panlex.org/snapshot/panlex-20191001-csv/1573#50088860>				<https://panlex.org/snapshot/panlex-20191001-csv/1573#50089041>		"булах"@lez	
"ameyal"@azz	<https://panlex.org/snapshot/panlex-20191001-csv/1573#50088860>				<https://panlex.org/snapshot/panlex-20191001-csv/1573#50089042>		"къуй"@lez	
"ameyal"@azz	<https://panlex.org/snapshot/panlex-20191001-csv/1573#50088860>				<https://panlex.org/snapshot/panlex-20191001-csv/1573#50089038>		"булах"@lez	
"ameyal"@azz	<https://panlex.org/snapshot/panlex-20191001-csv/1573#50088860>				<https://panlex.org/snapshot/panlex-20191001-csv/1573#50089043>		"чешме"@lez	
"ameyal"@azz	<https://panlex.org/snapshot/panlex-20191001-csv/1573#50088860>				<https://panlex.org/snapshot/panlex-20191001-csv/1573#50089039>		"къуй"@lez	
"ameyal"@azz	<https://panlex.org/snapshot/panlex-20191001-csv/1573#50088860>				<https://panlex.org/snapshot/panlex-20191001-csv/1573#50089040>		"чешме"@lez	
"ameyal"@azz	<https://panlex.org/snapshot/panlex-20191001-csv/1573#50088860>				<https://panlex.org/snapshot/panlex-20191001-csv/1573#50089044>		"булах"@lez	
"tal-mani-k"@azz	<https://panlex.org/snapshot/panlex-20191001-csv/1573#50081721>				<https://panlex.org/snapshot/panlex-20191001-csv/1573#50081834>		"дуьньйа"@lez	
"tal-mani-k"@azz	<https://panlex.org/snapshot/panlex-20191001-csv/1573#50081721>				<https://panlex.org/snapshot/panlex-20191001-csv/1573#50081836>		"дуьньйа"@lez	
"tal-mani-k"@azz	<https://panlex.org/snapshot/panlex-20191001-csv/1573#50081721>				<https://panlex.org/snapshot/panlex-20191001-csv/1573#50081835>		"дуьньйа"@lez	
"weyi a-t"@azz	<https://panlex.org/snapshot/panlex-20191001-csv/1573#50085917>				<https://panlex.org/snapshot/panlex-20191001-csv/1573#50086009>		"гьуьл"@lez	
"weyi a-t"@azz	<https://panlex.org/snapshot/panlex-20191001-csv/1573#50085917>				<https://panlex.org/snapshot/panlex-20191001-csv/1573#50086008>		"гьуьл"@lez	
"weyi a-t"@azz	<https://panlex.org/snapshot/panlex-20191001-csv/1573#50085917>				<https://panlex.org/snapshot/panlex-20191001-csv/1573#50086007>		"гьуьл"@lez	
"soki-yo"@azz	<https://panlex.org/snapshot/panlex-20191001-csv/1573#50082896>				<https://panlex.org/snapshot/panlex-20191001-csv/1573#50083045>		"палчугъ"@lez	
"soki-yo"@azz	<https://panlex.org/snapshot/panlex-20191001-csv/1573#50082896>				<https://panlex.org/snapshot/panlex-20191001-csv/1573#50083044>		"палчух"@lez	
"soki-yo"@azz	<https://panlex.org/snapshot/panlex-20191001-csv/1573#50082896>				<https://panlex.org/snapshot/panlex-20191001-csv/1573#50083041>		"палчух"@lez	
"soki-yo"@azz	<https://panlex.org/snapshot/panlex-20191001-csv/1573#50082896>				<https://panlex.org/snapshot/panlex-20191001-csv/1573#50083040>		"кьар"@lez	
"soki-yo"@azz	<https://panlex.org/snapshot/panlex-20191001-csv/1573#50082896>				<https://panlex.org/snapshot/panlex-20191001-csv/1573#50083042>		"чирк"@lez	
"soki-yo"@azz	<https://panlex.org/snapshot/panlex-20191001-csv/1573#50082896>				<https://panlex.org/snapshot/panlex-20191001-csv/1573#50083043>		"кьар"@lez	
"te-t"@azz	<https://panlex.org/snapshot/panlex-20191001-csv/1573#50090481>				<https://panlex.org/snapshot/panlex-20191001-csv/1573#50090662>		"чарх"@lez	
"te-t"@azz	<https://panlex.org/snapshot/panlex-20191001-csv/1573#50090481>				<https://panlex.org/snapshot/panlex-20191001-csv/1573#50090663>		"къван"@lez	
"te-t"@azz	<https://panlex.org/snapshot/panlex-20191001-csv/1573#50090481>				<https://panlex.org/snapshot/panlex-20191001-csv/1573#50090661>		"къван"@lez	
"te-t"@azz	<https://panlex.org/snapshot/panlex-20191001-csv/1573#50090481>				<https://panlex.org/snapshot/panlex-20191001-csv/1573#50090664>		"раг"@lez	
"te-t"@azz	<https://panlex.org/snapshot/panlex-20191001-csv/1573#50090481>				<https://panlex.org/snapshot/panlex-20191001-csv/1573#50090665>		"къван"@lez	
"kampa tektok a-t"@azz	<https://panlex.org/snapshot/panlex-20191001-csv/1573#50086886>				<https://panlex.org/snapshot/panlex-20191001-csv/1573#50086998>		"вир"@lez	
"kampa tektok a-t"@azz	<https://panlex.org/snapshot/panlex-20191001-csv/1573#50086886>				<https://panlex.org/snapshot/panlex-20191001-csv/1573#50086996>		"вир"@lez	
"kampa tektok a-t"@azz	<https://panlex.org/snapshot/panlex-20191001-csv/1573#50086886>				<https://panlex.org/snapshot/panlex-20191001-csv/1573#50086997>		"вир"@lez	
"elwiak"@azz	<https://panlex.org/snapshot/panlex-20191001-csv/1573#50091056>				<https://panlex.org/snapshot/panlex-20191001-csv/1573#50091167>		"цав"@lez	
"elwiak"@azz	<https://panlex.org/snapshot/panlex-20191001-csv/1573#50091056>				<https://panlex.org/snapshot/panlex-20191001-csv/1573#50091166>		"цав"@lez	
"elwiak"@azz	<https://panlex.org/snapshot/panlex-20191001-csv/1573#50091056>				<https://panlex.org/snapshot/panlex-20191001-csv/1573#50091168>		"цав"@lez	
"tepe-hši-t"@azz	<https://panlex.org/snapshot/panlex-20191001-csv/1573#50083864>				<https://panlex.org/snapshot/panlex-20191001-csv/1573#50084005>		"чарх"@lez	
"tepe-hši-t"@azz	<https://panlex.org/snapshot/panlex-20191001-csv/1573#50083864>				<https://panlex.org/snapshot/panlex-20191001-csv/1573#50084008>		"къаййа"@lez	
"tepe-hši-t"@azz	<https://panlex.org/snapshot/panlex-20191001-csv/1573#50083864>				<https://panlex.org/snapshot/panlex-20191001-csv/1573#50084007>		"раг"@lez	
"tepe-hši-t"@azz	<https://panlex.org/snapshot/panlex-20191001-csv/1573#50083864>				<https://panlex.org/snapshot/panlex-20191001-csv/1573#50084003>		"тик кьвал"@lez	
"tepe-hši-t"@azz	<https://panlex.org/snapshot/panlex-20191001-csv/1573#50083864>				<https://panlex.org/snapshot/panlex-20191001-csv/1573#50084006>		"дагьар"@lez	
"tepe-hši-t"@azz	<https://panlex.org/snapshot/panlex-20191001-csv/1573#50083864>				<https://panlex.org/snapshot/panlex-20191001-csv/1573#50084004>		"тик чарх"@lez	
"tepe-koyo-k"@azz	<https://panlex.org/snapshot/panlex-20191001-csv/1573#50085416>				<https://panlex.org/snapshot/panlex-20191001-csv/1573#50085527>		"кьветІ"@lez	
"tepe-koyo-k"@azz	<https://panlex.org/snapshot/panlex-20191001-csv/1573#50085416>				<https://panlex.org/snapshot/panlex-20191001-csv/1573#50085528>		"магъара"@lez	
"tepe-koyo-k"@azz	<https://panlex.org/snapshot/panlex-20191001-csv/1573#50085416>				<https://panlex.org/snapshot/panlex-20191001-csv/1573#50085530>		"магъара"@lez	
"tepe-koyo-k"@azz	<https://panlex.org/snapshot/panlex-20191001-csv/1573#50085416>				<https://panlex.org/snapshot/panlex-20191001-csv/1573#50085529>		"хъиткьер"@lez	
"tal-pan"@azz	<https://panlex.org/snapshot/panlex-20191001-csv/1573#50084156>				<https://panlex.org/snapshot/panlex-20191001-csv/1573#50084327>		"чуьл"@lez	
"tal-pan"@azz	<https://panlex.org/snapshot/panlex-20191001-csv/1573#50084156>				<https://panlex.org/snapshot/panlex-20191001-csv/1573#50084330>		"дуьзенлух"@lez	
"tal-pan"@azz	<https://panlex.org/snapshot/panlex-20191001-csv/1573#50084156>				<https://panlex.org/snapshot/panlex-20191001-csv/1573#50084326>		"дуьзен"@lez	
"tal-pan"@azz	<https://panlex.org/snapshot/panlex-20191001-csv/1573#50084156>				<https://panlex.org/snapshot/panlex-20191001-csv/1573#50084329>		"чуьл"@lez	
"tal-pan"@azz	<https://panlex.org/snapshot/panlex-20191001-csv/1573#50084156>				<https://panlex.org/snapshot/panlex-20191001-csv/1573#50084328>		"дуьзен"@lez	
"tal-pan"@azz	<https://panlex.org/snapshot/panlex-20191001-csv/1573#50082309>				<https://panlex.org/snapshot/panlex-20191001-csv/1573#50082459>		"накьв"@lez	
"tal-pan"@azz	<https://panlex.org/snapshot/panlex-20191001-csv/1573#50082309>				<https://panlex.org/snapshot/panlex-20191001-csv/1573#50082463>		"нукьв"@lez	
"tal-pan"@azz	<https://panlex.org/snapshot/panlex-20191001-csv/1573#50082309>				<https://panlex.org/snapshot/panlex-20191001-csv/1573#50082462>		"чил"@lez	
"tal-pan"@azz	<https://panlex.org/snapshot/panlex-20191001-csv/1573#50082309>				<https://panlex.org/snapshot/panlex-20191001-csv/1573#50082461>		"накьв"@lez	
"tal-pan"@azz	<https://panlex.org/snapshot/panlex-20191001-csv/1573#50082309>				<https://panlex.org/snapshot/panlex-20191001-csv/1573#50082460>		"чил"@lez	
"ištawa-t"@azz	<https://panlex.org/snapshot/panlex-20191001-csv/1573#50084154>				<https://panlex.org/snapshot/panlex-20191001-csv/1573#50084327>		"чуьл"@lez	
"ištawa-t"@azz	<https://panlex.org/snapshot/panlex-20191001-csv/1573#50084154>				<https://panlex.org/snapshot/panlex-20191001-csv/1573#50084330>		"дуьзенлух"@lez	
"ištawa-t"@azz	<https://panlex.org/snapshot/panlex-20191001-csv/1573#50084154>				<https://panlex.org/snapshot/panlex-20191001-csv/1573#50084326>		"дуьзен"@lez	
"ištawa-t"@azz	<https://panlex.org/snapshot/panlex-20191001-csv/1573#50084154>				<https://panlex.org/snapshot/panlex-20191001-csv/1573#50084329>		"чуьл"@lez	
"ištawa-t"@azz	<https://panlex.org/snapshot/panlex-20191001-csv/1573#50084154>				<https://panlex.org/snapshot/panlex-20191001-csv/1573#50084328>		"дуьзен"@lez	
"ašošowil"@azz	<https://panlex.org/snapshot/panlex-20191001-csv/1573#50085083>				<https://panlex.org/snapshot/panlex-20191001-csv/1573#50085234>		"йаха"@lez	
"ašošowil"@azz	<https://panlex.org/snapshot/panlex-20191001-csv/1573#50085083>				<https://panlex.org/snapshot/panlex-20191001-csv/1573#50085236>		"къерех"@lez	
"ašošowil"@azz	<https://panlex.org/snapshot/panlex-20191001-csv/1573#50085083>				<https://panlex.org/snapshot/panlex-20191001-csv/1573#50085238>		"къерех"@lez	
"ašošowil"@azz	<https://panlex.org/snapshot/panlex-20191001-csv/1573#50085083>				<https://panlex.org/snapshot/panlex-20191001-csv/1573#50085237>		"кьер"@lez	
"ašošowil"@azz	<https://panlex.org/snapshot/panlex-20191001-csv/1573#50085083>				<https://panlex.org/snapshot/panlex-20191001-csv/1573#50085235>		"къерех"@lez	
"a-pic̷ak-ti"@azz	<https://panlex.org/snapshot/panlex-20191001-csv/1573#50088216>				<https://panlex.org/snapshot/panlex-20191001-csv/1573#50088438>		"хвал"@lez	
"a-pic̷ak-ti"@azz	<https://panlex.org/snapshot/panlex-20191001-csv/1573#50088216>				<https://panlex.org/snapshot/panlex-20191001-csv/1573#50088436>		"вацІ"@lez	
"a-pic̷ak-ti"@azz	<https://panlex.org/snapshot/panlex-20191001-csv/1573#50088216>				<https://panlex.org/snapshot/panlex-20191001-csv/1573#50088437>		"сел"@lez	
"a-pic̷ak-ti"@azz	<https://panlex.org/snapshot/panlex-20191001-csv/1573#50088216>				<https://panlex.org/snapshot/panlex-20191001-csv/1573#50088435>		"булах"@lez	
"a-pic̷ak-ti"@azz	<https://panlex.org/snapshot/panlex-20191001-csv/1573#50088216>				<https://panlex.org/snapshot/panlex-20191001-csv/1573#50088442>		"вацІ"@lez	
"a-pic̷ak-ti"@azz	<https://panlex.org/snapshot/panlex-20191001-csv/1573#50088216>				<https://panlex.org/snapshot/panlex-20191001-csv/1573#50088440>		"кІам"@lez	
"a-pic̷ak-ti"@azz	<https://panlex.org/snapshot/panlex-20191001-csv/1573#50088216>				<https://panlex.org/snapshot/panlex-20191001-csv/1573#50088439>		"вацІ"@lez	
"a-pic̷ak-ti"@azz	<https://panlex.org/snapshot/panlex-20191001-csv/1573#50088216>				<https://panlex.org/snapshot/panlex-20191001-csv/1573#50088441>		"сел"@lez	
"atawit"@azz	<https://panlex.org/snapshot/panlex-20191001-csv/1573#50084488>				<https://panlex.org/snapshot/panlex-20191001-csv/1573#50084595>		"дере"@lez	
"atawit"@azz	<https://panlex.org/snapshot/panlex-20191001-csv/1573#50084488>				<https://panlex.org/snapshot/panlex-20191001-csv/1573#50084596>		"дере"@lez	
"atawit"@azz	<https://panlex.org/snapshot/panlex-20191001-csv/1573#50084488>				<https://panlex.org/snapshot/panlex-20191001-csv/1573#50084594>		"дугун"@lez	
"atawit"@azz	<https://panlex.org/snapshot/panlex-20191001-csv/1573#50084488>				<https://panlex.org/snapshot/panlex-20191001-csv/1573#50084593>		"дере"@lez	
"taal-neeš-yo"@azz	<https://panlex.org/snapshot/panlex-20191001-csv/1573#50082622>				<https://panlex.org/snapshot/panlex-20191001-csv/1573#50082745>		"руг"@lez	
"taal-neeš-yo"@azz	<https://panlex.org/snapshot/panlex-20191001-csv/1573#50082622>				<https://panlex.org/snapshot/panlex-20191001-csv/1573#50082744>		"руг"@lez	
"taal-neeš-yo"@azz	<https://panlex.org/snapshot/panlex-20191001-csv/1573#50082622>				<https://panlex.org/snapshot/panlex-20191001-csv/1573#50082746>		"руг"@lez	
"tal-olini-lo-t"@azz	<https://panlex.org/snapshot/panlex-20191001-csv/1573#50090866>				<https://panlex.org/snapshot/panlex-20191001-csv/1573#50090957>		"залзала"@lez	
"tal-olini-lo-t"@azz	<https://panlex.org/snapshot/panlex-20191001-csv/1573#50090866>				<https://panlex.org/snapshot/panlex-20191001-csv/1573#50090959>		"зелзеле"@lez	
"tal-olini-lo-t"@azz	<https://panlex.org/snapshot/panlex-20191001-csv/1573#50090866>				<https://panlex.org/snapshot/panlex-20191001-csv/1573#50090958>		"залзалаг"@lez	
"kʷow-tah"@azz	<https://panlex.org/snapshot/panlex-20191001-csv/1573#50089658>				<https://panlex.org/snapshot/panlex-20191001-csv/1573#50089790>		"там"@lez	
"kʷow-tah"@azz	<https://panlex.org/snapshot/panlex-20191001-csv/1573#50089658>				<https://panlex.org/snapshot/panlex-20191001-csv/1573#50089789>		"рук"@lez	
"kʷow-tah"@azz	<https://panlex.org/snapshot/panlex-20191001-csv/1573#50089658>				<https://panlex.org/snapshot/panlex-20191001-csv/1573#50089788>		"там"@lez	
"kʷow-tah"@azz	<https://panlex.org/snapshot/panlex-20191001-csv/1573#50089658>				<https://panlex.org/snapshot/panlex-20191001-csv/1573#50089791>		"рук"@lez	
"tal"@azz	<https://panlex.org/snapshot/panlex-20191001-csv/1573#50081979>				<https://panlex.org/snapshot/panlex-20191001-csv/1573#50082130>		"уьлкве"@lez	
"tal"@azz	<https://panlex.org/snapshot/panlex-20191001-csv/1573#50081979>				<https://panlex.org/snapshot/panlex-20191001-csv/1573#50082131>		"чил"@lez	
"tal"@azz	<https://panlex.org/snapshot/panlex-20191001-csv/1573#50081979>				<https://panlex.org/snapshot/panlex-20191001-csv/1573#50082132>		"уьлкве"@lez	
"tal"@azz	<https://panlex.org/snapshot/panlex-20191001-csv/1573#50081979>				<https://panlex.org/snapshot/panlex-20191001-csv/1573#50082133>		"чил"@lez	
"tal"@azz	<https://panlex.org/snapshot/panlex-20191001-csv/1573#50081979>				<https://panlex.org/snapshot/panlex-20191001-csv/1573#50082134>		"уьлкве"@lez	
"tal"@azz	<https://panlex.org/snapshot/panlex-20191001-csv/1573#50084155>				<https://panlex.org/snapshot/panlex-20191001-csv/1573#50084327>		"чуьл"@lez	
"tal"@azz	<https://panlex.org/snapshot/panlex-20191001-csv/1573#50084155>				<https://panlex.org/snapshot/panlex-20191001-csv/1573#50084330>		"дуьзенлух"@lez	
"tal"@azz	<https://panlex.org/snapshot/panlex-20191001-csv/1573#50084155>				<https://panlex.org/snapshot/panlex-20191001-csv/1573#50084326>		"дуьзен"@lez	
"tal"@azz	<https://panlex.org/snapshot/panlex-20191001-csv/1573#50084155>				<https://panlex.org/snapshot/panlex-20191001-csv/1573#50084329>		"чуьл"@lez	
"tal"@azz	<https://panlex.org/snapshot/panlex-20191001-csv/1573#50084155>				<https://panlex.org/snapshot/panlex-20191001-csv/1573#50084328>		"дуьзен"@lez	
"soki-t"@azz	<https://panlex.org/snapshot/panlex-20191001-csv/1573#50082895>				<https://panlex.org/snapshot/panlex-20191001-csv/1573#50083045>		"палчугъ"@lez	
"soki-t"@azz	<https://panlex.org/snapshot/panlex-20191001-csv/1573#50082895>				<https://panlex.org/snapshot/panlex-20191001-csv/1573#50083044>		"палчух"@lez	
"soki-t"@azz	<https://panlex.org/snapshot/panlex-20191001-csv/1573#50082895>				<https://panlex.org/snapshot/panlex-20191001-csv/1573#50083041>		"палчух"@lez	
"soki-t"@azz	<https://panlex.org/snapshot/panlex-20191001-csv/1573#50082895>				<https://panlex.org/snapshot/panlex-20191001-csv/1573#50083040>		"кьар"@lez	
"soki-t"@azz	<https://panlex.org/snapshot/panlex-20191001-csv/1573#50082895>				<https://panlex.org/snapshot/panlex-20191001-csv/1573#50083042>		"чирк"@lez	
"soki-t"@azz	<https://panlex.org/snapshot/panlex-20191001-csv/1573#50082895>				<https://panlex.org/snapshot/panlex-20191001-csv/1573#50083043>		"кьар"@lez	
"weyi-a-t"@azz	<https://panlex.org/snapshot/panlex-20191001-csv/1573#50088218>				<https://panlex.org/snapshot/panlex-20191001-csv/1573#50088438>		"хвал"@lez	
"weyi-a-t"@azz	<https://panlex.org/snapshot/panlex-20191001-csv/1573#50088218>				<https://panlex.org/snapshot/panlex-20191001-csv/1573#50088436>		"вацІ"@lez	
"weyi-a-t"@azz	<https://panlex.org/snapshot/panlex-20191001-csv/1573#50088218>				<https://panlex.org/snapshot/panlex-20191001-csv/1573#50088437>		"сел"@lez	
"weyi-a-t"@azz	<https://panlex.org/snapshot/panlex-20191001-csv/1573#50088218>				<https://panlex.org/snapshot/panlex-20191001-csv/1573#50088435>		"булах"@lez	
"weyi-a-t"@azz	<https://panlex.org/snapshot/panlex-20191001-csv/1573#50088218>				<https://panlex.org/snapshot/panlex-20191001-csv/1573#50088442>		"вацІ"@lez	
"weyi-a-t"@azz	<https://panlex.org/snapshot/panlex-20191001-csv/1573#50088218>				<https://panlex.org/snapshot/panlex-20191001-csv/1573#50088440>		"кІам"@lez	
"weyi-a-t"@azz	<https://panlex.org/snapshot/panlex-20191001-csv/1573#50088218>				<https://panlex.org/snapshot/panlex-20191001-csv/1573#50088439>		"вацІ"@lez	
"weyi-a-t"@azz	<https://panlex.org/snapshot/panlex-20191001-csv/1573#50088218>				<https://panlex.org/snapshot/panlex-20191001-csv/1573#50088441>		"сел"@lez	
