"nnai"@pyu	<https://panlex.org/snapshot/panlex-20191001-csv/12#851120>				<https://panlex.org/snapshot/panlex-20191001-csv/12#851052>		"oē"@mnb	
"ane"@pyu	<https://panlex.org/snapshot/panlex-20191001-csv/12#851118>				<https://panlex.org/snapshot/panlex-20191001-csv/12#851052>		"oē"@mnb	
"a-tuei"@pyu	<https://panlex.org/snapshot/panlex-20191001-csv/12#851119>				<https://panlex.org/snapshot/panlex-20191001-csv/12#851052>		"oē"@mnb	
"atenguran"@pyu	<https://panlex.org/snapshot/panlex-20191001-csv/114#8065410>				<https://panlex.org/snapshot/panlex-20191001-csv/114#8065318>		"nee"@mnb	
"atenguran"@pyu	<https://panlex.org/snapshot/panlex-20191001-csv/114#8065410>				<https://panlex.org/snapshot/panlex-20191001-csv/114#8065319>		"nē"@mnb	
"məŋáẓ"@pyu	<https://panlex.org/snapshot/panlex-20191001-csv/114#8065881>				<https://panlex.org/snapshot/panlex-20191001-csv/114#8065798>		"afenei"@mnb	
"məŋáẓ"@pyu	<https://panlex.org/snapshot/panlex-20191001-csv/114#8065881>				<https://panlex.org/snapshot/panlex-20191001-csv/114#8065799>		"nofenei"@mnb	
"tungrow"@pyu	<https://panlex.org/snapshot/panlex-20191001-csv/114#8063773>				<https://panlex.org/snapshot/panlex-20191001-csv/114#8063682>		"fotu"@mnb	
"tangal"@pyu	<https://panlex.org/snapshot/panlex-20191001-csv/114#8063771>				<https://panlex.org/snapshot/panlex-20191001-csv/114#8063682>		"fotu"@mnb	
"súsuʔ"@pyu	<https://panlex.org/snapshot/panlex-20191001-csv/114#8060692>				<https://panlex.org/snapshot/panlex-20191001-csv/114#8060602>		"titi"@mnb	
"aruvo"@pyu	<https://panlex.org/snapshot/panlex-20191001-csv/114#8064851>				<https://panlex.org/snapshot/panlex-20191001-csv/114#8064759>		"wulu no fotu"@mnb	
"aruvo"@pyu	<https://panlex.org/snapshot/panlex-20191001-csv/114#8064851>				<https://panlex.org/snapshot/panlex-20191001-csv/114#8064758>		"vulu no fotu"@mnb	
"q̂arvó"@pyu	<https://panlex.org/snapshot/panlex-20191001-csv/114#8064852>				<https://panlex.org/snapshot/panlex-20191001-csv/114#8064759>		"wulu no fotu"@mnb	
"q̂arvó"@pyu	<https://panlex.org/snapshot/panlex-20191001-csv/114#8064852>				<https://panlex.org/snapshot/panlex-20191001-csv/114#8064758>		"vulu no fotu"@mnb	
"ʔunṭán"@pyu	<https://panlex.org/snapshot/panlex-20191001-csv/114#8065411>				<https://panlex.org/snapshot/panlex-20191001-csv/114#8065318>		"nee"@mnb	
"ʔunṭán"@pyu	<https://panlex.org/snapshot/panlex-20191001-csv/114#8065411>				<https://panlex.org/snapshot/panlex-20191001-csv/114#8065319>		"nē"@mnb	
"miliṭáq̂"@pyu	<https://panlex.org/snapshot/panlex-20191001-csv/114#8056628>				<https://panlex.org/snapshot/panlex-20191001-csv/114#8056537>		"noraku"@mnb	
"marʔáŋər"@pyu	<https://panlex.org/snapshot/panlex-20191001-csv/114#8062232>				<https://panlex.org/snapshot/panlex-20191001-csv/114#8062147>		"fekiri"@mnb	
"marʔáŋər"@pyu	<https://panlex.org/snapshot/panlex-20191001-csv/114#8062232>				<https://panlex.org/snapshot/panlex-20191001-csv/114#8062146>		"aefekiri"@mnb	
"rikuẓán"@pyu	<https://panlex.org/snapshot/panlex-20191001-csv/114#8058109>				<https://panlex.org/snapshot/panlex-20191001-csv/114#8058027>		"towu"@mnb	
"tangaro"@pyu	<https://panlex.org/snapshot/panlex-20191001-csv/114#8063772>				<https://panlex.org/snapshot/panlex-20191001-csv/114#8063682>		"fotu"@mnb	
"tteyal"@pyu	<https://panlex.org/snapshot/panlex-20191001-csv/114#8058653>				<https://panlex.org/snapshot/panlex-20191001-csv/114#8058553>		"taghi"@mnb	
"sema"@pyu	<https://panlex.org/snapshot/panlex-20191001-csv/114#8067959>				<https://panlex.org/snapshot/panlex-20191001-csv/114#8067874>		"lela"@mnb	
"ṭaŋúruq̂"@pyu	<https://panlex.org/snapshot/panlex-20191001-csv/114#8063774>				<https://panlex.org/snapshot/panlex-20191001-csv/114#8063682>		"fotu"@mnb	
