"atenguran"@pyu	<https://panlex.org/snapshot/panlex-20191001-csv/114#8065410>				<https://panlex.org/snapshot/panlex-20191001-csv/114#8065484>		"pipinsun(a)"@tbf	
"atenguran"@pyu	<https://panlex.org/snapshot/panlex-20191001-csv/114#8065410>				<https://panlex.org/snapshot/panlex-20191001-csv/114#8065485>		"pipi|usu-na"@tbf	
"məŋáẓ"@pyu	<https://panlex.org/snapshot/panlex-20191001-csv/114#8065881>				<https://panlex.org/snapshot/panlex-20191001-csv/114#8065937>		"mase"@tbf	
"tungrow"@pyu	<https://panlex.org/snapshot/panlex-20191001-csv/114#8063773>				<https://panlex.org/snapshot/panlex-20191001-csv/114#8063847>		"kova-na"@tbf	
"tungrow"@pyu	<https://panlex.org/snapshot/panlex-20191001-csv/114#8063773>				<https://panlex.org/snapshot/panlex-20191001-csv/114#8063848>		"mi kovana"@tbf	
"tangal"@pyu	<https://panlex.org/snapshot/panlex-20191001-csv/114#8063771>				<https://panlex.org/snapshot/panlex-20191001-csv/114#8063847>		"kova-na"@tbf	
"tangal"@pyu	<https://panlex.org/snapshot/panlex-20191001-csv/114#8063771>				<https://panlex.org/snapshot/panlex-20191001-csv/114#8063848>		"mi kovana"@tbf	
"súsuʔ"@pyu	<https://panlex.org/snapshot/panlex-20191001-csv/114#8060692>				<https://panlex.org/snapshot/panlex-20191001-csv/114#8060774>		"mi susuna"@tbf	
"súsuʔ"@pyu	<https://panlex.org/snapshot/panlex-20191001-csv/114#8060692>				<https://panlex.org/snapshot/panlex-20191001-csv/114#8060775>		"susu-na"@tbf	
"aruvo"@pyu	<https://panlex.org/snapshot/panlex-20191001-csv/114#8064851>				<https://panlex.org/snapshot/panlex-20191001-csv/114#8064932>		"mi vuruvuruna"@tbf	
"aruvo"@pyu	<https://panlex.org/snapshot/panlex-20191001-csv/114#8064851>				<https://panlex.org/snapshot/panlex-20191001-csv/114#8064933>		"vuruvuru-na"@tbf	
"q̂arvó"@pyu	<https://panlex.org/snapshot/panlex-20191001-csv/114#8064852>				<https://panlex.org/snapshot/panlex-20191001-csv/114#8064932>		"mi vuruvuruna"@tbf	
"q̂arvó"@pyu	<https://panlex.org/snapshot/panlex-20191001-csv/114#8064852>				<https://panlex.org/snapshot/panlex-20191001-csv/114#8064933>		"vuruvuru-na"@tbf	
"ʔunṭán"@pyu	<https://panlex.org/snapshot/panlex-20191001-csv/114#8065411>				<https://panlex.org/snapshot/panlex-20191001-csv/114#8065484>		"pipinsun(a)"@tbf	
"ʔunṭán"@pyu	<https://panlex.org/snapshot/panlex-20191001-csv/114#8065411>				<https://panlex.org/snapshot/panlex-20191001-csv/114#8065485>		"pipi|usu-na"@tbf	
"miliṭáq̂"@pyu	<https://panlex.org/snapshot/panlex-20191001-csv/114#8056628>				<https://panlex.org/snapshot/panlex-20191001-csv/114#8056697>		"bita"@tbf	
"marʔáŋər"@pyu	<https://panlex.org/snapshot/panlex-20191001-csv/114#8062232>				<https://panlex.org/snapshot/panlex-20191001-csv/114#8062286>		"vadovadona"@tbf	
"rikuẓán"@pyu	<https://panlex.org/snapshot/panlex-20191001-csv/114#8058109>				<https://panlex.org/snapshot/panlex-20191001-csv/114#8058178>		"vunataru-na"@tbf	
"rikuẓán"@pyu	<https://panlex.org/snapshot/panlex-20191001-csv/114#8058109>				<https://panlex.org/snapshot/panlex-20191001-csv/114#8058179>		"vunatarun"@tbf	
"tangaro"@pyu	<https://panlex.org/snapshot/panlex-20191001-csv/114#8063772>				<https://panlex.org/snapshot/panlex-20191001-csv/114#8063847>		"kova-na"@tbf	
"tangaro"@pyu	<https://panlex.org/snapshot/panlex-20191001-csv/114#8063772>				<https://panlex.org/snapshot/panlex-20191001-csv/114#8063848>		"mi kovana"@tbf	
"tteyal"@pyu	<https://panlex.org/snapshot/panlex-20191001-csv/114#8058653>				<https://panlex.org/snapshot/panlex-20191001-csv/114#8058729>		"kuku|tia-na"@tbf	
"tteyal"@pyu	<https://panlex.org/snapshot/panlex-20191001-csv/114#8058653>				<https://panlex.org/snapshot/panlex-20191001-csv/114#8058728>		"ku kutiana"@tbf	
"sema"@pyu	<https://panlex.org/snapshot/panlex-20191001-csv/114#8067959>				<https://panlex.org/snapshot/panlex-20191001-csv/114#8068028>		"karameŋ"@tbf	
"sema"@pyu	<https://panlex.org/snapshot/panlex-20191001-csv/114#8067959>				<https://panlex.org/snapshot/panlex-20191001-csv/114#8068029>		"mi karawieŋ"@tbf	
"ṭaŋúruq̂"@pyu	<https://panlex.org/snapshot/panlex-20191001-csv/114#8063774>				<https://panlex.org/snapshot/panlex-20191001-csv/114#8063847>		"kova-na"@tbf	
"ṭaŋúruq̂"@pyu	<https://panlex.org/snapshot/panlex-20191001-csv/114#8063774>				<https://panlex.org/snapshot/panlex-20191001-csv/114#8063848>		"mi kovana"@tbf	
