"nnai"@pyu	<https://panlex.org/snapshot/panlex-20191001-csv/12#851120>				<https://panlex.org/snapshot/panlex-20191001-csv/12#850903>		"danum"@emb	
"ane"@pyu	<https://panlex.org/snapshot/panlex-20191001-csv/12#851118>				<https://panlex.org/snapshot/panlex-20191001-csv/12#850903>		"danum"@emb	
"a-tuei"@pyu	<https://panlex.org/snapshot/panlex-20191001-csv/12#851119>				<https://panlex.org/snapshot/panlex-20191001-csv/12#850903>		"danum"@emb	
"atenguran"@pyu	<https://panlex.org/snapshot/panlex-20191001-csv/114#8065410>				<https://panlex.org/snapshot/panlex-20191001-csv/114#8065135>		"iŋar"@emb	
"məŋáẓ"@pyu	<https://panlex.org/snapshot/panlex-20191001-csv/114#8065881>				<https://panlex.org/snapshot/panlex-20191001-csv/114#8065656>		"batak ñawa"@emb	
"tungrow"@pyu	<https://panlex.org/snapshot/panlex-20191001-csv/114#8063773>				<https://panlex.org/snapshot/panlex-20191001-csv/114#8063505>		"ulu"@emb	
"tangal"@pyu	<https://panlex.org/snapshot/panlex-20191001-csv/114#8063771>				<https://panlex.org/snapshot/panlex-20191001-csv/114#8063505>		"ulu"@emb	
"súsuʔ"@pyu	<https://panlex.org/snapshot/panlex-20191001-csv/114#8060692>				<https://panlex.org/snapshot/panlex-20191001-csv/114#8060403>		"susu"@emb	
"aruvo"@pyu	<https://panlex.org/snapshot/panlex-20191001-csv/114#8064851>				<https://panlex.org/snapshot/panlex-20191001-csv/114#8064584>		"búk"@emb	
"q̂arvó"@pyu	<https://panlex.org/snapshot/panlex-20191001-csv/114#8064852>				<https://panlex.org/snapshot/panlex-20191001-csv/114#8064584>		"búk"@emb	
"ʔunṭán"@pyu	<https://panlex.org/snapshot/panlex-20191001-csv/114#8065411>				<https://panlex.org/snapshot/panlex-20191001-csv/114#8065135>		"iŋar"@emb	
"miliṭáq̂"@pyu	<https://panlex.org/snapshot/panlex-20191001-csv/114#8056628>				<https://panlex.org/snapshot/panlex-20191001-csv/114#8056363>		"kotor"@emb	
"marʔáŋər"@pyu	<https://panlex.org/snapshot/panlex-20191001-csv/114#8062232>				<https://panlex.org/snapshot/panlex-20191001-csv/114#8061995>		"bapik"@emb	
"rikuẓán"@pyu	<https://panlex.org/snapshot/panlex-20191001-csv/114#8058109>				<https://panlex.org/snapshot/panlex-20191001-csv/114#8057854>		"balakaŋ"@emb	
"tangaro"@pyu	<https://panlex.org/snapshot/panlex-20191001-csv/114#8063772>				<https://panlex.org/snapshot/panlex-20191001-csv/114#8063505>		"ulu"@emb	
"tteyal"@pyu	<https://panlex.org/snapshot/panlex-20191001-csv/114#8058653>				<https://panlex.org/snapshot/panlex-20191001-csv/114#8058365>		"bataŋ"@emb	
"sema"@pyu	<https://panlex.org/snapshot/panlex-20191001-csv/114#8067959>				<https://panlex.org/snapshot/panlex-20191001-csv/114#8067700>		"lilaʔ"@emb	
"ṭaŋúruq̂"@pyu	<https://panlex.org/snapshot/panlex-20191001-csv/114#8063774>				<https://panlex.org/snapshot/panlex-20191001-csv/114#8063505>		"ulu"@emb	
