"ee"@ve	<https://panlex.org/snapshot/panlex-20191001-csv/5947#84862301>				<https://panlex.org/snapshot/panlex-20191001-csv/5947#84862206>		"Ꭵ-Ꭵ"@chr	
"Ludzheremane"@ve	<https://panlex.org/snapshot/panlex-20191001-csv/5939#80782482>				<https://panlex.org/snapshot/panlex-20191001-csv/5939#80782350>		"advtsi"@chr	
"Tshidzheremane"@ve	<https://panlex.org/snapshot/panlex-20191001-csv/5939#80782483>				<https://panlex.org/snapshot/panlex-20191001-csv/5939#80782350>		"advtsi"@chr	
"Rashia"@ve	<https://panlex.org/snapshot/panlex-20191001-csv/5949#85319629>				<https://panlex.org/snapshot/panlex-20191001-csv/5949#85319421>		"ᎶᏏᏴ"@chr	
"Rashia"@ve	<https://panlex.org/snapshot/panlex-20191001-csv/5949#85319629>				<https://panlex.org/snapshot/panlex-20191001-csv/5949#85319420>		"ᏲᏂᏱ"@chr	
"Ṱhangule"@ve	<https://panlex.org/snapshot/panlex-20191001-csv/5949#85329537>				<https://panlex.org/snapshot/panlex-20191001-csv/5949#85329298>		"ᎦᎶᏂᎢ"@chr	
"Musumbuluwo"@ve	<https://panlex.org/snapshot/panlex-20191001-csv/2892#110824034>				<https://panlex.org/snapshot/panlex-20191001-csv/2892#110824100>		"unadodaquonvhi"@chr	
"Musumbuluwo"@ve	<https://panlex.org/snapshot/panlex-20191001-csv/2892#110824034>				<https://panlex.org/snapshot/panlex-20191001-csv/2892#110824161>		"ᎤᎾᏙᏓᏉᏅᎯ"@chr	
"Ḽavhuraru"@ve	<https://panlex.org/snapshot/panlex-20191001-csv/2892#110824895>				<https://panlex.org/snapshot/panlex-20191001-csv/2892#110824915>		"ᏦᎢᏁ ᎢᎦ"@chr	
"Ḽavhuraru"@ve	<https://panlex.org/snapshot/panlex-20191001-csv/2892#110824895>				<https://panlex.org/snapshot/panlex-20191001-csv/2892#110825028>		"tsoine iga"@chr	
"Ḽavhuṋa"@ve	<https://panlex.org/snapshot/panlex-20191001-csv/2892#110825641>				<https://panlex.org/snapshot/panlex-20191001-csv/2892#110825558>		"nvgine iga"@chr	
"Ḽavhuṋa"@ve	<https://panlex.org/snapshot/panlex-20191001-csv/2892#110825641>				<https://panlex.org/snapshot/panlex-20191001-csv/2892#110825343>		"ᏅᎩᏁ ᎢᎦ"@chr	
"Ḽavhuṱanu"@ve	<https://panlex.org/snapshot/panlex-20191001-csv/2892#110825885>				<https://panlex.org/snapshot/panlex-20191001-csv/2892#110825870>		"tsunagilosdi"@chr	
"Ḽavhuṱanu"@ve	<https://panlex.org/snapshot/panlex-20191001-csv/2892#110825885>				<https://panlex.org/snapshot/panlex-20191001-csv/2892#110825842>		"ᏧᎾᎩᎶᏍᏗ"@chr	
"Mugivhela"@ve	<https://panlex.org/snapshot/panlex-20191001-csv/2892#110826433>				<https://panlex.org/snapshot/panlex-20191001-csv/2892#110826523>		"unadodaquidena"@chr	
"Mugivhela"@ve	<https://panlex.org/snapshot/panlex-20191001-csv/2892#110826433>				<https://panlex.org/snapshot/panlex-20191001-csv/2892#110826362>		"ᎤᎾᏙᏓᏈᏕᎾ"@chr	
"Ḽavhuvhili"@ve	<https://panlex.org/snapshot/panlex-20191001-csv/2892#110824682>				<https://panlex.org/snapshot/panlex-20191001-csv/2892#110824584>		"taline iga"@chr	
"Ḽavhuvhili"@ve	<https://panlex.org/snapshot/panlex-20191001-csv/2892#110824682>				<https://panlex.org/snapshot/panlex-20191001-csv/2892#110824787>		"ᏔᎵᏁ ᎢᎦ"@chr	
"Swondaha"@ve	<https://panlex.org/snapshot/panlex-20191001-csv/2892#110826923>				<https://panlex.org/snapshot/panlex-20191001-csv/2892#110826899>		"unadodaquasgv"@chr	
"Swondaha"@ve	<https://panlex.org/snapshot/panlex-20191001-csv/2892#110826923>				<https://panlex.org/snapshot/panlex-20191001-csv/2892#110826796>		"ᎤᎾᏙᏓᏆᏍᎬ"@chr	
"Tshimedzi"@ve	<https://panlex.org/snapshot/panlex-20191001-csv/2897#110830729>				<https://panlex.org/snapshot/panlex-20191001-csv/2897#110830764>		"ᏚᏂᏅᏗ"@chr	
"Tshimedzi"@ve	<https://panlex.org/snapshot/panlex-20191001-csv/2897#110830729>				<https://panlex.org/snapshot/panlex-20191001-csv/2897#110831005>		"duninvdi"@chr	
"Ṱhangule"@ve	<https://panlex.org/snapshot/panlex-20191001-csv/2897#110830167>				<https://panlex.org/snapshot/panlex-20191001-csv/2897#110829911>		"ᎦᎶᏂᎢ"@chr	
"Ṱhangule"@ve	<https://panlex.org/snapshot/panlex-20191001-csv/2897#110830167>				<https://panlex.org/snapshot/panlex-20191001-csv/2897#110830163>		"galonii"@chr	
"Fulwana"@ve	<https://panlex.org/snapshot/panlex-20191001-csv/2897#110829647>				<https://panlex.org/snapshot/panlex-20191001-csv/2897#110829623>		"guyequoni"@chr	
"Fulwana"@ve	<https://panlex.org/snapshot/panlex-20191001-csv/2897#110829647>				<https://panlex.org/snapshot/panlex-20191001-csv/2897#110829709>		"ᎫᏰᏉᏂ"@chr	
"Lambamai"@ve	<https://panlex.org/snapshot/panlex-20191001-csv/2897#110828332>				<https://panlex.org/snapshot/panlex-20191001-csv/2897#110828542>		"ᎧᏩᏂ"@chr	
"Lambamai"@ve	<https://panlex.org/snapshot/panlex-20191001-csv/2897#110828332>				<https://panlex.org/snapshot/panlex-20191001-csv/2897#110828258>		"kawani"@chr	
"Phando"@ve	<https://panlex.org/snapshot/panlex-20191001-csv/2897#110827045>				<https://panlex.org/snapshot/panlex-20191001-csv/2897#110827213>		"dunolvtani"@chr	
"Phando"@ve	<https://panlex.org/snapshot/panlex-20191001-csv/2897#110827045>				<https://panlex.org/snapshot/panlex-20191001-csv/2897#110827265>		"ᏚᏃᎸᏔᏂ"@chr	
"Fulwi"@ve	<https://panlex.org/snapshot/panlex-20191001-csv/2897#110829399>				<https://panlex.org/snapshot/panlex-20191001-csv/2897#110829175>		"dehaluyi"@chr	
"Fulwi"@ve	<https://panlex.org/snapshot/panlex-20191001-csv/2897#110829399>				<https://panlex.org/snapshot/panlex-20191001-csv/2897#110829203>		"ᏕᎭᎷᏱ"@chr	
"Shundunthule"@ve	<https://panlex.org/snapshot/panlex-20191001-csv/2897#110828731>				<https://panlex.org/snapshot/panlex-20191001-csv/2897#110828741>		"ᎠᎾᎠᎬᏘ"@chr	
"Shundunthule"@ve	<https://panlex.org/snapshot/panlex-20191001-csv/2897#110828731>				<https://panlex.org/snapshot/panlex-20191001-csv/2897#110829053>		"anaagvti"@chr	
"Khubvumedzi"@ve	<https://panlex.org/snapshot/panlex-20191001-csv/2897#110830461>				<https://panlex.org/snapshot/panlex-20191001-csv/2897#110830317>		"ᏚᎵᎢᏍᏗ"@chr	
"Khubvumedzi"@ve	<https://panlex.org/snapshot/panlex-20191001-csv/2897#110830461>				<https://panlex.org/snapshot/panlex-20191001-csv/2897#110830440>		"duliisdi"@chr	
"Ḽara"@ve	<https://panlex.org/snapshot/panlex-20191001-csv/2897#110831392>				<https://panlex.org/snapshot/panlex-20191001-csv/2897#110831545>		"ᏄᏓᏕᏆ"@chr	
"Ḽara"@ve	<https://panlex.org/snapshot/panlex-20191001-csv/2897#110831392>				<https://panlex.org/snapshot/panlex-20191001-csv/2897#110831178>		"nudadequa"@chr	
"Nyendavhusiku"@ve	<https://panlex.org/snapshot/panlex-20191001-csv/2897#110831699>				<https://panlex.org/snapshot/panlex-20191001-csv/2897#110831945>		"vsgiga"@chr	
"Nyendavhusiku"@ve	<https://panlex.org/snapshot/panlex-20191001-csv/2897#110831699>				<https://panlex.org/snapshot/panlex-20191001-csv/2897#110831849>		"ᎥᏍᎩᎦ"@chr	
"Ṱhafamuhwe"@ve	<https://panlex.org/snapshot/panlex-20191001-csv/2897#110828247>				<https://panlex.org/snapshot/panlex-20191001-csv/2897#110827952>		"anuyi"@chr	
"Ṱhafamuhwe"@ve	<https://panlex.org/snapshot/panlex-20191001-csv/2897#110828247>				<https://panlex.org/snapshot/panlex-20191001-csv/2897#110827917>		"ᎠᏄᏱ"@chr	
"Luhuhi"@ve	<https://panlex.org/snapshot/panlex-20191001-csv/2897#110827492>				<https://panlex.org/snapshot/panlex-20191001-csv/2897#110827662>		"ᎧᎦᎵ"@chr	
"Luhuhi"@ve	<https://panlex.org/snapshot/panlex-20191001-csv/2897#110827492>				<https://panlex.org/snapshot/panlex-20191001-csv/2897#110827734>		"kagali"@chr	
