"Gabão"@seh	<https://panlex.org/snapshot/panlex-20191001-csv/6898#113585112>				<https://panlex.org/snapshot/panlex-20191001-csv/6898#113585242>		"Gàbûn"@agq	
"Micronésia"@seh	<https://panlex.org/snapshot/panlex-20191001-csv/6898#113597175>				<https://panlex.org/snapshot/panlex-20191001-csv/6898#113597134>		"Maekòlòneshìa"@agq	
"Comores"@seh	<https://panlex.org/snapshot/panlex-20191001-csv/6898#113626948>				<https://panlex.org/snapshot/panlex-20191001-csv/6898#113627069>		"Komolòs"@agq	
"Anguilla"@seh	<https://panlex.org/snapshot/panlex-20191001-csv/6898#113587511>				<https://panlex.org/snapshot/panlex-20191001-csv/6898#113587505>		"Àŋgwilà"@agq	
"República Centro-Africana"@seh	<https://panlex.org/snapshot/panlex-20191001-csv/6898#113591374>				<https://panlex.org/snapshot/panlex-20191001-csv/6898#113591446>		"Sɛnta Afɨlekan Lèkpobèlè"@agq	
"Vietnã"@seh	<https://panlex.org/snapshot/panlex-20191001-csv/6898#113623560>				<https://panlex.org/snapshot/panlex-20191001-csv/6898#113623563>		"Vìyɛnàm"@agq	
"Peru"@seh	<https://panlex.org/snapshot/panlex-20191001-csv/6898#113593834>				<https://panlex.org/snapshot/panlex-20191001-csv/6898#113593732>		"Kpɛlû"@agq	
"República dos Camarões"@seh	<https://panlex.org/snapshot/panlex-20191001-csv/6898#113639059>				<https://panlex.org/snapshot/panlex-20191001-csv/6898#113639010>		"Kàmàlûŋ"@agq	
"Polinésia Francesa"@seh	<https://panlex.org/snapshot/panlex-20191001-csv/6898#113621066>				<https://panlex.org/snapshot/panlex-20191001-csv/6898#113621138>		"Kpoleneshìa è Fàlâŋnsì"@agq	
"Madagascar"@seh	<https://panlex.org/snapshot/panlex-20191001-csv/6898#113589941>				<https://panlex.org/snapshot/panlex-20191001-csv/6898#113589938>		"Màdàgasɨkà"@agq	
"Venezuela"@seh	<https://panlex.org/snapshot/panlex-20191001-csv/6898#113597482>				<https://panlex.org/snapshot/panlex-20191001-csv/6898#113597567>		"Vɛ̀nɛ̀zǔɛɛlà"@agq	
"Niue"@seh	<https://panlex.org/snapshot/panlex-20191001-csv/6898#113641369>				<https://panlex.org/snapshot/panlex-20191001-csv/6898#113641277>		"Niyu"@agq	
"Saint Pierre e Miquelon"@seh	<https://panlex.org/snapshot/panlex-20191001-csv/6898#113589057>				<https://panlex.org/snapshot/panlex-20191001-csv/6898#113589075>		"Sɛ̀n Kpiyɛ̀ à Mikelɔŋ"@agq	
"Mianmar"@seh	<https://panlex.org/snapshot/panlex-20191001-csv/6898#113594442>				<https://panlex.org/snapshot/panlex-20191001-csv/6898#113594380>		"Mǐanmà"@agq	
"República Dominicana"@seh	<https://panlex.org/snapshot/panlex-20191001-csv/6898#113603542>				<https://panlex.org/snapshot/panlex-20191001-csv/6898#113603403>		"Dòmenekà Lèkpubèlè"@agq	
"Marrocos"@seh	<https://panlex.org/snapshot/panlex-20191001-csv/6898#113635910>				<https://panlex.org/snapshot/panlex-20191001-csv/6898#113635981>		"Mòlokò"@agq	
"Bósnia-Herzegovina"@seh	<https://panlex.org/snapshot/panlex-20191001-csv/6898#113596687>				<https://panlex.org/snapshot/panlex-20191001-csv/6898#113596886>		"Bosɨnyìa à Hɛ̀zɛ̀gòvinà"@agq	
"Uganda"@seh	<https://panlex.org/snapshot/panlex-20191001-csv/6898#113637944>				<https://panlex.org/snapshot/panlex-20191001-csv/6898#113637969>		"Yùgandà"@agq	
"Tadjiquistão"@seh	<https://panlex.org/snapshot/panlex-20191001-csv/6898#113590275>				<https://panlex.org/snapshot/panlex-20191001-csv/6898#113590200>		"Tàdzikìsɨ̀tân"@agq	
"Rússia"@seh	<https://panlex.org/snapshot/panlex-20191001-csv/6898#113645954>				<https://panlex.org/snapshot/panlex-20191001-csv/6898#113645962>		"Loshìa"@agq	
"Estônia"@seh	<https://panlex.org/snapshot/panlex-20191001-csv/6898#113601382>				<https://panlex.org/snapshot/panlex-20191001-csv/6898#113601502>		"Èsɨ̀tonyìa"@agq	
"Síria"@seh	<https://panlex.org/snapshot/panlex-20191001-csv/6898#113598671>				<https://panlex.org/snapshot/panlex-20191001-csv/6898#113598652>		"Silîa"@agq	
"Suriname"@seh	<https://panlex.org/snapshot/panlex-20191001-csv/6898#113640604>				<https://panlex.org/snapshot/panlex-20191001-csv/6898#113640720>		"Sulènamè"@agq	
"Porto Rico"@seh	<https://panlex.org/snapshot/panlex-20191001-csv/6898#113612348>				<https://panlex.org/snapshot/panlex-20191001-csv/6898#113612521>		"Kpǒto Leko"@agq	
"Timor Leste"@seh	<https://panlex.org/snapshot/panlex-20191001-csv/6898#113632790>				<https://panlex.org/snapshot/panlex-20191001-csv/6898#113632601>		"Ês Taemò"@agq	
"Suazilândia"@seh	<https://panlex.org/snapshot/panlex-20191001-csv/6898#113625329>				<https://panlex.org/snapshot/panlex-20191001-csv/6898#113625207>		"Shǔazìlân"@agq	
"Egito"@seh	<https://panlex.org/snapshot/panlex-20191001-csv/6898#113604544>				<https://panlex.org/snapshot/panlex-20191001-csv/6898#113604465>		"Edzì"@agq	
"Camboja"@seh	<https://panlex.org/snapshot/panlex-20191001-csv/6898#113591862>				<https://panlex.org/snapshot/panlex-20191001-csv/6898#113591802>		"Kàmbodìa"@agq	
"Noruega"@seh	<https://panlex.org/snapshot/panlex-20191001-csv/6898#113609854>				<https://panlex.org/snapshot/panlex-20191001-csv/6898#113609817>		"Noowɛ̂ɛ"@agq	
"Nova Zelândia"@seh	<https://panlex.org/snapshot/panlex-20191001-csv/6898#113587226>				<https://panlex.org/snapshot/panlex-20191001-csv/6898#113587132>		"Zìlân È fūghū"@agq	
"Ucrânia"@seh	<https://panlex.org/snapshot/panlex-20191001-csv/6898#113600750>				<https://panlex.org/snapshot/panlex-20191001-csv/6898#113600825>		"Yùkɛ̀lɛ̂"@agq	
"Lituânia"@seh	<https://panlex.org/snapshot/panlex-20191001-csv/6898#113631997>				<https://panlex.org/snapshot/panlex-20191001-csv/6898#113631929>		"Lètwǎnyìa"@agq	
"Arábia Saudita"@seh	<https://panlex.org/snapshot/panlex-20191001-csv/6898#113583573>				<https://panlex.org/snapshot/panlex-20191001-csv/6898#113583423>		"Sawudi Alabi"@agq	
"Mauritânia"@seh	<https://panlex.org/snapshot/panlex-20191001-csv/6898#113636386>				<https://panlex.org/snapshot/panlex-20191001-csv/6898#113636441>		"Mùlètanyìa"@agq	
"Luxemburgo"@seh	<https://panlex.org/snapshot/panlex-20191001-csv/6898#113640947>				<https://panlex.org/snapshot/panlex-20191001-csv/6898#113640864>		"Luzɨmbùʔ"@agq	
"Nicarágua"@seh	<https://panlex.org/snapshot/panlex-20191001-csv/6898#113611234>				<https://panlex.org/snapshot/panlex-20191001-csv/6898#113611278>		"Nikàlagwà"@agq	
"Iraque"@seh	<https://panlex.org/snapshot/panlex-20191001-csv/6898#113633659>				<https://panlex.org/snapshot/panlex-20191001-csv/6898#113633839>		"Èlâkɨ̀"@agq	
"Estados Unidos"@seh	<https://panlex.org/snapshot/panlex-20191001-csv/6898#113597857>				<https://panlex.org/snapshot/panlex-20191001-csv/6898#113598050>		"USA"@agq	
"Togo"@seh	<https://panlex.org/snapshot/panlex-20191001-csv/6898#113613820>				<https://panlex.org/snapshot/panlex-20191001-csv/6898#113613832>		"Tugù"@agq	
"Argélia"@seh	<https://panlex.org/snapshot/panlex-20191001-csv/6898#113608171>				<https://panlex.org/snapshot/panlex-20191001-csv/6898#113608141>		"Àadzɛlìa"@agq	
"Tailândia"@seh	<https://panlex.org/snapshot/panlex-20191001-csv/6898#113603663>				<https://panlex.org/snapshot/panlex-20191001-csv/6898#113603633>		"Taelàn"@agq	
"Guiné"@seh	<https://panlex.org/snapshot/panlex-20191001-csv/6898#113617674>				<https://panlex.org/snapshot/panlex-20191001-csv/6898#113617784>		"Ginè"@agq	
"Níger"@seh	<https://panlex.org/snapshot/panlex-20191001-csv/6898#113644884>				<https://panlex.org/snapshot/panlex-20191001-csv/6898#113644833>		"Naedzà"@agq	
"Aruba"@seh	<https://panlex.org/snapshot/panlex-20191001-csv/6898#113644151>				<https://panlex.org/snapshot/panlex-20191001-csv/6898#113644197>		"Àlubà"@agq	
"Belize"@seh	<https://panlex.org/snapshot/panlex-20191001-csv/6898#113608913>				<https://panlex.org/snapshot/panlex-20191001-csv/6898#113608880>		"Bɛ̀lezɨ̀"@agq	
"Uruguai"@seh	<https://panlex.org/snapshot/panlex-20191001-csv/6898#113623470>				<https://panlex.org/snapshot/panlex-20191001-csv/6898#113623389>		"Yulùgwɛ̂"@agq	
"Bahrain"@seh	<https://panlex.org/snapshot/panlex-20191001-csv/6898#113595986>				<https://panlex.org/snapshot/panlex-20191001-csv/6898#113596086>		"Bàlaen"@agq	
"Burquina Faso"@seh	<https://panlex.org/snapshot/panlex-20191001-csv/6898#113632390>				<https://panlex.org/snapshot/panlex-20191001-csv/6898#113632463>		"Bùkinà Fasò"@agq	
"Colômbia"@seh	<https://panlex.org/snapshot/panlex-20191001-csv/6898#113620775>				<https://panlex.org/snapshot/panlex-20191001-csv/6898#113620680>		"Kòlombìa"@agq	
"Malásia"@seh	<https://panlex.org/snapshot/panlex-20191001-csv/6898#113584716>				<https://panlex.org/snapshot/panlex-20191001-csv/6898#113584765>		"Màlɛshìa"@agq	
"Moldávia"@seh	<https://panlex.org/snapshot/panlex-20191001-csv/6898#113633315>				<https://panlex.org/snapshot/panlex-20191001-csv/6898#113633256>		"Mòodovà"@agq	
"Nauru"@seh	<https://panlex.org/snapshot/panlex-20191001-csv/6898#113601709>				<https://panlex.org/snapshot/panlex-20191001-csv/6898#113601609>		"Nàwulù"@agq	
"Somália"@seh	<https://panlex.org/snapshot/panlex-20191001-csv/6898#113608538>				<https://panlex.org/snapshot/panlex-20191001-csv/6898#113608450>		"Sòmalìa"@agq	
"Bélgica"@seh	<https://panlex.org/snapshot/panlex-20191001-csv/6898#113643513>				<https://panlex.org/snapshot/panlex-20191001-csv/6898#113643507>		"Bɛɛdzwùm"@agq	
"Índia"@seh	<https://panlex.org/snapshot/panlex-20191001-csv/6898#113617009>				<https://panlex.org/snapshot/panlex-20191001-csv/6898#113617004>		"Endìa"@agq	
"Mayotte"@seh	<https://panlex.org/snapshot/panlex-20191001-csv/6898#113603900>				<https://panlex.org/snapshot/panlex-20191001-csv/6898#113603977>		"Màyotì"@agq	
