"Gabão"@seh	<https://panlex.org/snapshot/panlex-20191001-csv/6898#113585112>				<https://panlex.org/snapshot/panlex-20191001-csv/6898#113585136>		"Gaboni"@rwk	
"Micronésia"@seh	<https://panlex.org/snapshot/panlex-20191001-csv/6898#113597175>				<https://panlex.org/snapshot/panlex-20191001-csv/6898#113597146>		"Mikronesia"@rwk	
"Comores"@seh	<https://panlex.org/snapshot/panlex-20191001-csv/6898#113626948>				<https://panlex.org/snapshot/panlex-20191001-csv/6898#113626977>		"Komoro"@rwk	
"Anguilla"@seh	<https://panlex.org/snapshot/panlex-20191001-csv/6898#113587511>				<https://panlex.org/snapshot/panlex-20191001-csv/6898#113587499>		"Anguilla"@rwk	
"República Centro-Africana"@seh	<https://panlex.org/snapshot/panlex-20191001-csv/6898#113591374>				<https://panlex.org/snapshot/panlex-20191001-csv/6898#113591363>		"Jamhuri ya Afrika ya Kati"@rwk	
"Vietnã"@seh	<https://panlex.org/snapshot/panlex-20191001-csv/6898#113623560>				<https://panlex.org/snapshot/panlex-20191001-csv/6898#113623669>		"Vietinamu"@rwk	
"Peru"@seh	<https://panlex.org/snapshot/panlex-20191001-csv/6898#113593834>				<https://panlex.org/snapshot/panlex-20191001-csv/6898#113593734>		"Peru"@rwk	
"República dos Camarões"@seh	<https://panlex.org/snapshot/panlex-20191001-csv/6898#113639059>				<https://panlex.org/snapshot/panlex-20191001-csv/6898#113639008>		"Kameruni"@rwk	
"Polinésia Francesa"@seh	<https://panlex.org/snapshot/panlex-20191001-csv/6898#113621066>				<https://panlex.org/snapshot/panlex-20191001-csv/6898#113621074>		"Polinesia ya Ufaransa"@rwk	
"Madagascar"@seh	<https://panlex.org/snapshot/panlex-20191001-csv/6898#113589941>				<https://panlex.org/snapshot/panlex-20191001-csv/6898#113589899>		"Bukini"@rwk	
"Venezuela"@seh	<https://panlex.org/snapshot/panlex-20191001-csv/6898#113597482>				<https://panlex.org/snapshot/panlex-20191001-csv/6898#113597607>		"Venezuela"@rwk	
"Niue"@seh	<https://panlex.org/snapshot/panlex-20191001-csv/6898#113641369>				<https://panlex.org/snapshot/panlex-20191001-csv/6898#113641340>		"Niue"@rwk	
"Saint Pierre e Miquelon"@seh	<https://panlex.org/snapshot/panlex-20191001-csv/6898#113589057>				<https://panlex.org/snapshot/panlex-20191001-csv/6898#113588961>		"Santapieri na Mikeloni"@rwk	
"Mianmar"@seh	<https://panlex.org/snapshot/panlex-20191001-csv/6898#113594442>				<https://panlex.org/snapshot/panlex-20191001-csv/6898#113594402>		"Myama"@rwk	
"República Dominicana"@seh	<https://panlex.org/snapshot/panlex-20191001-csv/6898#113603542>				<https://panlex.org/snapshot/panlex-20191001-csv/6898#113603406>		"Jamhuri ya Dominika"@rwk	
"Marrocos"@seh	<https://panlex.org/snapshot/panlex-20191001-csv/6898#113635910>				<https://panlex.org/snapshot/panlex-20191001-csv/6898#113636022>		"Moroko"@rwk	
"Bósnia-Herzegovina"@seh	<https://panlex.org/snapshot/panlex-20191001-csv/6898#113596687>				<https://panlex.org/snapshot/panlex-20191001-csv/6898#113596821>		"Bosnia na Hezegovina"@rwk	
"Uganda"@seh	<https://panlex.org/snapshot/panlex-20191001-csv/6898#113637944>				<https://panlex.org/snapshot/panlex-20191001-csv/6898#113637996>		"Uganda"@rwk	
"Tadjiquistão"@seh	<https://panlex.org/snapshot/panlex-20191001-csv/6898#113590275>				<https://panlex.org/snapshot/panlex-20191001-csv/6898#113590187>		"Tajikistani"@rwk	
"Rússia"@seh	<https://panlex.org/snapshot/panlex-20191001-csv/6898#113645954>				<https://panlex.org/snapshot/panlex-20191001-csv/6898#113645965>		"Urusi"@rwk	
"Estônia"@seh	<https://panlex.org/snapshot/panlex-20191001-csv/6898#113601382>				<https://panlex.org/snapshot/panlex-20191001-csv/6898#113601531>		"Estonia"@rwk	
"Síria"@seh	<https://panlex.org/snapshot/panlex-20191001-csv/6898#113598671>				<https://panlex.org/snapshot/panlex-20191001-csv/6898#113598686>		"Siria"@rwk	
"Suriname"@seh	<https://panlex.org/snapshot/panlex-20191001-csv/6898#113640604>				<https://panlex.org/snapshot/panlex-20191001-csv/6898#113640766>		"Surinamu"@rwk	
"Porto Rico"@seh	<https://panlex.org/snapshot/panlex-20191001-csv/6898#113612348>				<https://panlex.org/snapshot/panlex-20191001-csv/6898#113612428>		"Pwetoriko"@rwk	
"Timor Leste"@seh	<https://panlex.org/snapshot/panlex-20191001-csv/6898#113632790>				<https://panlex.org/snapshot/panlex-20191001-csv/6898#113632681>		"Timori ya Mashariki"@rwk	
"Suazilândia"@seh	<https://panlex.org/snapshot/panlex-20191001-csv/6898#113625329>				<https://panlex.org/snapshot/panlex-20191001-csv/6898#113625282>		"Uswazi"@rwk	
"Egito"@seh	<https://panlex.org/snapshot/panlex-20191001-csv/6898#113604544>				<https://panlex.org/snapshot/panlex-20191001-csv/6898#113604584>		"Misri"@rwk	
"Camboja"@seh	<https://panlex.org/snapshot/panlex-20191001-csv/6898#113591862>				<https://panlex.org/snapshot/panlex-20191001-csv/6898#113591866>		"Kambodia"@rwk	
"Noruega"@seh	<https://panlex.org/snapshot/panlex-20191001-csv/6898#113609854>				<https://panlex.org/snapshot/panlex-20191001-csv/6898#113609857>		"Norwe"@rwk	
"Nova Zelândia"@seh	<https://panlex.org/snapshot/panlex-20191001-csv/6898#113587226>				<https://panlex.org/snapshot/panlex-20191001-csv/6898#113587158>		"Nyuzilandi"@rwk	
"Ucrânia"@seh	<https://panlex.org/snapshot/panlex-20191001-csv/6898#113600750>				<https://panlex.org/snapshot/panlex-20191001-csv/6898#113600866>		"Ukraini"@rwk	
"Lituânia"@seh	<https://panlex.org/snapshot/panlex-20191001-csv/6898#113631997>				<https://panlex.org/snapshot/panlex-20191001-csv/6898#113632024>		"Litwania"@rwk	
"Arábia Saudita"@seh	<https://panlex.org/snapshot/panlex-20191001-csv/6898#113583573>				<https://panlex.org/snapshot/panlex-20191001-csv/6898#113583522>		"Saudi"@rwk	
"Mauritânia"@seh	<https://panlex.org/snapshot/panlex-20191001-csv/6898#113636386>				<https://panlex.org/snapshot/panlex-20191001-csv/6898#113636483>		"Moritania"@rwk	
"Luxemburgo"@seh	<https://panlex.org/snapshot/panlex-20191001-csv/6898#113640947>				<https://panlex.org/snapshot/panlex-20191001-csv/6898#113640868>		"Lasembagi"@rwk	
"Nicarágua"@seh	<https://panlex.org/snapshot/panlex-20191001-csv/6898#113611234>				<https://panlex.org/snapshot/panlex-20191001-csv/6898#113611258>		"Nikaragwa"@rwk	
"Iraque"@seh	<https://panlex.org/snapshot/panlex-20191001-csv/6898#113633659>				<https://panlex.org/snapshot/panlex-20191001-csv/6898#113633766>		"Iraki"@rwk	
"Estados Unidos"@seh	<https://panlex.org/snapshot/panlex-20191001-csv/6898#113597857>				<https://panlex.org/snapshot/panlex-20191001-csv/6898#113598049>		"Marekani"@rwk	
"Togo"@seh	<https://panlex.org/snapshot/panlex-20191001-csv/6898#113613820>				<https://panlex.org/snapshot/panlex-20191001-csv/6898#113613876>		"Togo"@rwk	
"Argélia"@seh	<https://panlex.org/snapshot/panlex-20191001-csv/6898#113608171>				<https://panlex.org/snapshot/panlex-20191001-csv/6898#113608116>		"Aljeria"@rwk	
"Tailândia"@seh	<https://panlex.org/snapshot/panlex-20191001-csv/6898#113603663>				<https://panlex.org/snapshot/panlex-20191001-csv/6898#113603782>		"Tailandi"@rwk	
"Guiné"@seh	<https://panlex.org/snapshot/panlex-20191001-csv/6898#113617674>				<https://panlex.org/snapshot/panlex-20191001-csv/6898#113617830>		"Gine"@rwk	
"Níger"@seh	<https://panlex.org/snapshot/panlex-20191001-csv/6898#113644884>				<https://panlex.org/snapshot/panlex-20191001-csv/6898#113644872>		"Nijeri"@rwk	
"Aruba"@seh	<https://panlex.org/snapshot/panlex-20191001-csv/6898#113644151>				<https://panlex.org/snapshot/panlex-20191001-csv/6898#113644031>		"Aruba"@rwk	
"Belize"@seh	<https://panlex.org/snapshot/panlex-20191001-csv/6898#113608913>				<https://panlex.org/snapshot/panlex-20191001-csv/6898#113608921>		"Belize"@rwk	
"Uruguai"@seh	<https://panlex.org/snapshot/panlex-20191001-csv/6898#113623470>				<https://panlex.org/snapshot/panlex-20191001-csv/6898#113623343>		"Urugwai"@rwk	
"Bahrain"@seh	<https://panlex.org/snapshot/panlex-20191001-csv/6898#113595986>				<https://panlex.org/snapshot/panlex-20191001-csv/6898#113596154>		"Bahareni"@rwk	
"Burquina Faso"@seh	<https://panlex.org/snapshot/panlex-20191001-csv/6898#113632390>				<https://panlex.org/snapshot/panlex-20191001-csv/6898#113632421>		"Bukinafaso"@rwk	
"Colômbia"@seh	<https://panlex.org/snapshot/panlex-20191001-csv/6898#113620775>				<https://panlex.org/snapshot/panlex-20191001-csv/6898#113620713>		"Kolombia"@rwk	
"Malásia"@seh	<https://panlex.org/snapshot/panlex-20191001-csv/6898#113584716>				<https://panlex.org/snapshot/panlex-20191001-csv/6898#113584730>		"Malesia"@rwk	
"Moldávia"@seh	<https://panlex.org/snapshot/panlex-20191001-csv/6898#113633315>				<https://panlex.org/snapshot/panlex-20191001-csv/6898#113633307>		"Moldova"@rwk	
"Nauru"@seh	<https://panlex.org/snapshot/panlex-20191001-csv/6898#113601709>				<https://panlex.org/snapshot/panlex-20191001-csv/6898#113601632>		"Nauru"@rwk	
"Somália"@seh	<https://panlex.org/snapshot/panlex-20191001-csv/6898#113608538>				<https://panlex.org/snapshot/panlex-20191001-csv/6898#113608456>		"Somalia"@rwk	
"Bélgica"@seh	<https://panlex.org/snapshot/panlex-20191001-csv/6898#113643513>				<https://panlex.org/snapshot/panlex-20191001-csv/6898#113643525>		"Ubelgiji"@rwk	
"Índia"@seh	<https://panlex.org/snapshot/panlex-20191001-csv/6898#113617009>				<https://panlex.org/snapshot/panlex-20191001-csv/6898#113616997>		"India"@rwk	
"Mayotte"@seh	<https://panlex.org/snapshot/panlex-20191001-csv/6898#113603900>				<https://panlex.org/snapshot/panlex-20191001-csv/6898#113603966>		"Mayotte"@rwk	
