"Gabão"@seh	<https://panlex.org/snapshot/panlex-20191001-csv/6898#113585112>				<https://panlex.org/snapshot/panlex-20191001-csv/6898#113585157>		"Габон"@ce	
"Micronésia"@seh	<https://panlex.org/snapshot/panlex-20191001-csv/6898#113597175>				<https://panlex.org/snapshot/panlex-20191001-csv/6898#113597294>		"Микронезин Федеративни штаташ"@ce	
"Comores"@seh	<https://panlex.org/snapshot/panlex-20191001-csv/6898#113626948>				<https://panlex.org/snapshot/panlex-20191001-csv/6898#113626931>		"Комораш"@ce	
"Anguilla"@seh	<https://panlex.org/snapshot/panlex-20191001-csv/6898#113587511>				<https://panlex.org/snapshot/panlex-20191001-csv/6898#113587451>		"Ангилья"@ce	
"República Centro-Africana"@seh	<https://panlex.org/snapshot/panlex-20191001-csv/6898#113591374>				<https://panlex.org/snapshot/panlex-20191001-csv/6898#113591397>		"Юккъерчу Африкин Республика"@ce	
"Vietnã"@seh	<https://panlex.org/snapshot/panlex-20191001-csv/6898#113623560>				<https://panlex.org/snapshot/panlex-20191001-csv/6898#113623536>		"Вьетнам"@ce	
"Peru"@seh	<https://panlex.org/snapshot/panlex-20191001-csv/6898#113593834>				<https://panlex.org/snapshot/panlex-20191001-csv/6898#113593805>		"Перу"@ce	
"República dos Camarões"@seh	<https://panlex.org/snapshot/panlex-20191001-csv/6898#113639059>				<https://panlex.org/snapshot/panlex-20191001-csv/6898#113639038>		"Камерун"@ce	
"Polinésia Francesa"@seh	<https://panlex.org/snapshot/panlex-20191001-csv/6898#113621066>				<https://panlex.org/snapshot/panlex-20191001-csv/6898#113621099>		"Французийн Полинези"@ce	
"Madagascar"@seh	<https://panlex.org/snapshot/panlex-20191001-csv/6898#113589941>				<https://panlex.org/snapshot/panlex-20191001-csv/6898#113589974>		"Мадагаскар"@ce	
"Venezuela"@seh	<https://panlex.org/snapshot/panlex-20191001-csv/6898#113597482>				<https://panlex.org/snapshot/panlex-20191001-csv/6898#113597468>		"Венесуэла"@ce	
"Niue"@seh	<https://panlex.org/snapshot/panlex-20191001-csv/6898#113641369>				<https://panlex.org/snapshot/panlex-20191001-csv/6898#113641303>		"Ниуэ"@ce	
"Saint Pierre e Miquelon"@seh	<https://panlex.org/snapshot/panlex-20191001-csv/6898#113589057>				<https://panlex.org/snapshot/panlex-20191001-csv/6898#113588840>		"Сен-Пьер а, Микелон а"@ce	
"Mianmar"@seh	<https://panlex.org/snapshot/panlex-20191001-csv/6898#113594442>				<https://panlex.org/snapshot/panlex-20191001-csv/6898#113594419>		"Мьянма (Бирма)"@ce	
"República Dominicana"@seh	<https://panlex.org/snapshot/panlex-20191001-csv/6898#113603542>				<https://panlex.org/snapshot/panlex-20191001-csv/6898#113603394>		"Доминикан Республика"@ce	
"Marrocos"@seh	<https://panlex.org/snapshot/panlex-20191001-csv/6898#113635910>				<https://panlex.org/snapshot/panlex-20191001-csv/6898#113636036>		"Марокко"@ce	
"Bósnia-Herzegovina"@seh	<https://panlex.org/snapshot/panlex-20191001-csv/6898#113596687>				<https://panlex.org/snapshot/panlex-20191001-csv/6898#113596770>		"Босни а, Герцеговина а"@ce	
"Uganda"@seh	<https://panlex.org/snapshot/panlex-20191001-csv/6898#113637944>				<https://panlex.org/snapshot/panlex-20191001-csv/6898#113638120>		"Уганда"@ce	
"Tadjiquistão"@seh	<https://panlex.org/snapshot/panlex-20191001-csv/6898#113590275>				<https://panlex.org/snapshot/panlex-20191001-csv/6898#113590163>		"Таджикистан"@ce	
"Rússia"@seh	<https://panlex.org/snapshot/panlex-20191001-csv/6898#113645954>				<https://panlex.org/snapshot/panlex-20191001-csv/6898#113645861>		"Росси"@ce	
"Estônia"@seh	<https://panlex.org/snapshot/panlex-20191001-csv/6898#113601382>				<https://panlex.org/snapshot/panlex-20191001-csv/6898#113601515>		"Эстони"@ce	
"Síria"@seh	<https://panlex.org/snapshot/panlex-20191001-csv/6898#113598671>				<https://panlex.org/snapshot/panlex-20191001-csv/6898#113598568>		"Шема"@ce	
"Suriname"@seh	<https://panlex.org/snapshot/panlex-20191001-csv/6898#113640604>				<https://panlex.org/snapshot/panlex-20191001-csv/6898#113640778>		"Суринам"@ce	
"Porto Rico"@seh	<https://panlex.org/snapshot/panlex-20191001-csv/6898#113612348>				<https://panlex.org/snapshot/panlex-20191001-csv/6898#113612376>		"Пуэрто-Рико"@ce	
"Timor Leste"@seh	<https://panlex.org/snapshot/panlex-20191001-csv/6898#113632790>				<https://panlex.org/snapshot/panlex-20191001-csv/6898#113632553>		"Малхбален Тимор"@ce	
"Suazilândia"@seh	<https://panlex.org/snapshot/panlex-20191001-csv/6898#113625329>				<https://panlex.org/snapshot/panlex-20191001-csv/6898#113625221>		"Свазиленд"@ce	
"Egito"@seh	<https://panlex.org/snapshot/panlex-20191001-csv/6898#113604544>				<https://panlex.org/snapshot/panlex-20191001-csv/6898#113604462>		"Мисар"@ce	
"Camboja"@seh	<https://panlex.org/snapshot/panlex-20191001-csv/6898#113591862>				<https://panlex.org/snapshot/panlex-20191001-csv/6898#113591812>		"Камбоджа"@ce	
"Noruega"@seh	<https://panlex.org/snapshot/panlex-20191001-csv/6898#113609854>				<https://panlex.org/snapshot/panlex-20191001-csv/6898#113609949>		"Норвеги"@ce	
"Nova Zelândia"@seh	<https://panlex.org/snapshot/panlex-20191001-csv/6898#113587226>				<https://panlex.org/snapshot/panlex-20191001-csv/6898#113587168>		"Керла Зеланди"@ce	
"Ucrânia"@seh	<https://panlex.org/snapshot/panlex-20191001-csv/6898#113600750>				<https://panlex.org/snapshot/panlex-20191001-csv/6898#113600899>		"Украина"@ce	
"Lituânia"@seh	<https://panlex.org/snapshot/panlex-20191001-csv/6898#113631997>				<https://panlex.org/snapshot/panlex-20191001-csv/6898#113632062>		"Литва"@ce	
"Arábia Saudita"@seh	<https://panlex.org/snapshot/panlex-20191001-csv/6898#113583573>				<https://panlex.org/snapshot/panlex-20191001-csv/6898#113583518>		"СаӀудийн Арави"@ce	
"Mauritânia"@seh	<https://panlex.org/snapshot/panlex-20191001-csv/6898#113636386>				<https://panlex.org/snapshot/panlex-20191001-csv/6898#113636381>		"Мавритани"@ce	
"Luxemburgo"@seh	<https://panlex.org/snapshot/panlex-20191001-csv/6898#113640947>				<https://panlex.org/snapshot/panlex-20191001-csv/6898#113640894>		"Люксембург"@ce	
"Nicarágua"@seh	<https://panlex.org/snapshot/panlex-20191001-csv/6898#113611234>				<https://panlex.org/snapshot/panlex-20191001-csv/6898#113611140>		"Никарагуа"@ce	
"Iraque"@seh	<https://panlex.org/snapshot/panlex-20191001-csv/6898#113633659>				<https://panlex.org/snapshot/panlex-20191001-csv/6898#113633676>		"Ӏиракъ"@ce	
"Estados Unidos"@seh	<https://panlex.org/snapshot/panlex-20191001-csv/6898#113597857>				<https://panlex.org/snapshot/panlex-20191001-csv/6898#113598100>		"Цхьанатоьхна Штаташ"@ce	
"Estados Unidos"@seh	<https://panlex.org/snapshot/panlex-20191001-csv/6898#113597857>				<https://panlex.org/snapshot/panlex-20191001-csv/6898#113598133>		"АЦШ"@ce	
"Togo"@seh	<https://panlex.org/snapshot/panlex-20191001-csv/6898#113613820>				<https://panlex.org/snapshot/panlex-20191001-csv/6898#113613756>		"Того"@ce	
"Argélia"@seh	<https://panlex.org/snapshot/panlex-20191001-csv/6898#113608171>				<https://panlex.org/snapshot/panlex-20191001-csv/6898#113608186>		"Алжир"@ce	
"Tailândia"@seh	<https://panlex.org/snapshot/panlex-20191001-csv/6898#113603663>				<https://panlex.org/snapshot/panlex-20191001-csv/6898#113603638>		"Таиланд"@ce	
"Guiné"@seh	<https://panlex.org/snapshot/panlex-20191001-csv/6898#113617674>				<https://panlex.org/snapshot/panlex-20191001-csv/6898#113617803>		"Гвиней"@ce	
"Níger"@seh	<https://panlex.org/snapshot/panlex-20191001-csv/6898#113644884>				<https://panlex.org/snapshot/panlex-20191001-csv/6898#113644742>		"Нигер"@ce	
"Aruba"@seh	<https://panlex.org/snapshot/panlex-20191001-csv/6898#113644151>				<https://panlex.org/snapshot/panlex-20191001-csv/6898#113644034>		"Аруба"@ce	
"Belize"@seh	<https://panlex.org/snapshot/panlex-20191001-csv/6898#113608913>				<https://panlex.org/snapshot/panlex-20191001-csv/6898#113608998>		"Белиз"@ce	
"Uruguai"@seh	<https://panlex.org/snapshot/panlex-20191001-csv/6898#113623470>				<https://panlex.org/snapshot/panlex-20191001-csv/6898#113623415>		"Уругвай"@ce	
"Bahrain"@seh	<https://panlex.org/snapshot/panlex-20191001-csv/6898#113595986>				<https://panlex.org/snapshot/panlex-20191001-csv/6898#113596028>		"Бахрейн"@ce	
"Burquina Faso"@seh	<https://panlex.org/snapshot/panlex-20191001-csv/6898#113632390>				<https://panlex.org/snapshot/panlex-20191001-csv/6898#113632393>		"Буркина- Фасо"@ce	
"Colômbia"@seh	<https://panlex.org/snapshot/panlex-20191001-csv/6898#113620775>				<https://panlex.org/snapshot/panlex-20191001-csv/6898#113620674>		"Колумби"@ce	
"Malásia"@seh	<https://panlex.org/snapshot/panlex-20191001-csv/6898#113584716>				<https://panlex.org/snapshot/panlex-20191001-csv/6898#113584805>		"Малайзи"@ce	
"Moldávia"@seh	<https://panlex.org/snapshot/panlex-20191001-csv/6898#113633315>				<https://panlex.org/snapshot/panlex-20191001-csv/6898#113633266>		"Молдави"@ce	
"Nauru"@seh	<https://panlex.org/snapshot/panlex-20191001-csv/6898#113601709>				<https://panlex.org/snapshot/panlex-20191001-csv/6898#113601617>		"Науру"@ce	
"Somália"@seh	<https://panlex.org/snapshot/panlex-20191001-csv/6898#113608538>				<https://panlex.org/snapshot/panlex-20191001-csv/6898#113608492>		"Сомали"@ce	
"Bélgica"@seh	<https://panlex.org/snapshot/panlex-20191001-csv/6898#113643513>				<https://panlex.org/snapshot/panlex-20191001-csv/6898#113643555>		"Бельги"@ce	
"Índia"@seh	<https://panlex.org/snapshot/panlex-20191001-csv/6898#113617009>				<https://panlex.org/snapshot/panlex-20191001-csv/6898#113617036>		"Инди"@ce	
"Mayotte"@seh	<https://panlex.org/snapshot/panlex-20191001-csv/6898#113603900>				<https://panlex.org/snapshot/panlex-20191001-csv/6898#113603989>		"Майотта"@ce	
