"mai"@kav	<https://panlex.org/snapshot/panlex-20191001-csv/1573#50082431>				<https://panlex.org/snapshot/panlex-20191001-csv/1573#50082544>		"ʔant"@sei	
"mai"@kav	<https://panlex.org/snapshot/panlex-20191001-csv/1573#50082431>				<https://panlex.org/snapshot/panlex-20191001-csv/1573#50082543>		"ʔamt"@sei	
"mai"@kav	<https://panlex.org/snapshot/panlex-20191001-csv/1573#50082099>				<https://panlex.org/snapshot/panlex-20191001-csv/1573#50082216>		"ʔant"@sei	
"waka rɨškɨ-"@kav	<https://panlex.org/snapshot/panlex-20191001-csv/1573#50087727>				<https://panlex.org/snapshot/panlex-20191001-csv/1573#50087806>		"ʼʔopatx"@sei	
"mači"@kav	<https://panlex.org/snapshot/panlex-20191001-csv/1573#50083272>				<https://panlex.org/snapshot/panlex-20191001-csv/1573#50083360>		"ʔamt k-ōχp"@sei	
"šaβa"@kav	<https://panlex.org/snapshot/panlex-20191001-csv/1573#50081816>				<https://panlex.org/snapshot/panlex-20191001-csv/1573#50081890>		"ʔant"@sei	
"waka"@kav	<https://panlex.org/snapshot/panlex-20191001-csv/1573#50088396>				<https://panlex.org/snapshot/panlex-20191001-csv/1573#50088533>		"ʔant īpšχ"@sei	
"waka"@kav	<https://panlex.org/snapshot/panlex-20191001-csv/1573#50088396>				<https://panlex.org/snapshot/panlex-20191001-csv/1573#50088534>		"ʼʔasox"@sei	
"waka"@kav	<https://panlex.org/snapshot/panlex-20191001-csv/1573#50085746>				<https://panlex.org/snapshot/panlex-20191001-csv/1573#50085835>		"ʔaχ"@sei	
"tɨã"@kav	<https://panlex.org/snapshot/panlex-20191001-csv/1573#50088395>				<https://panlex.org/snapshot/panlex-20191001-csv/1573#50088533>		"ʔant īpšχ"@sei	
"tɨã"@kav	<https://panlex.org/snapshot/panlex-20191001-csv/1573#50088395>				<https://panlex.org/snapshot/panlex-20191001-csv/1573#50088534>		"ʼʔasox"@sei	
"maṣ̌i"@kav	<https://panlex.org/snapshot/panlex-20191001-csv/1573#50083615>				<https://panlex.org/snapshot/panlex-20191001-csv/1573#50083734>		"ʔast"@sei	
"maṣ̌i"@kav	<https://panlex.org/snapshot/panlex-20191001-csv/1573#50083615>				<https://panlex.org/snapshot/panlex-20191001-csv/1573#50083735>		"ʼʔoinax"@sei	
"βakoš"@kav	<https://panlex.org/snapshot/panlex-20191001-csv/1573#50086562>				<https://panlex.org/snapshot/panlex-20191001-csv/1573#50086630>		"ʔaʼtasim"@sei	
"noa"@kav	<https://panlex.org/snapshot/panlex-20191001-csv/1573#50088394>				<https://panlex.org/snapshot/panlex-20191001-csv/1573#50088533>		"ʔant īpšχ"@sei	
"noa"@kav	<https://panlex.org/snapshot/panlex-20191001-csv/1573#50088394>				<https://panlex.org/snapshot/panlex-20191001-csv/1573#50088534>		"ʼʔasox"@sei	
"waka kɨso"@kav	<https://panlex.org/snapshot/panlex-20191001-csv/1573#50085212>				<https://panlex.org/snapshot/panlex-20191001-csv/1573#50085317>		"ʼχæpæ i-ʼtǣɬ"@sei	
"mispã"@kav	<https://panlex.org/snapshot/panlex-20191001-csv/1573#50084573>				<https://panlex.org/snapshot/panlex-20191001-csv/1573#50084647>		"ʔast kiʔ ʼikot"@sei	
"mispã"@kav	<https://panlex.org/snapshot/panlex-20191001-csv/1573#50089319>				<https://panlex.org/snapshot/panlex-20191001-csv/1573#50089391>		"ʔant k-o-ʼnopix"@sei	
"hiwi"@kav	<https://panlex.org/snapshot/panlex-20191001-csv/1573#50090048>				<https://panlex.org/snapshot/panlex-20191001-csv/1573#50090131>		"ʼʔæʔæ ʔant ʼk-iti"@sei	
"mai poto"@kav	<https://panlex.org/snapshot/panlex-20191001-csv/1573#50082724>				<https://panlex.org/snapshot/panlex-20191001-csv/1573#50082814>		"ʼxoænæ"@sei	
"yočĩ-ni hato"@kav	<https://panlex.org/snapshot/panlex-20191001-csv/1573#50089011>				<https://panlex.org/snapshot/panlex-20191001-csv/1573#50089124>		"ʔant ʼipot ʔaχ"@sei	
"iã"@kav	<https://panlex.org/snapshot/panlex-20191001-csv/1573#50086978>				<https://panlex.org/snapshot/panlex-20191001-csv/1573#50087055>		"ʔaχ ʼk-ākox"@sei	
"βari"@kav	<https://panlex.org/snapshot/panlex-20191001-csv/1573#50091401>				<https://panlex.org/snapshot/panlex-20191001-csv/1573#50091482>		"šāʔ"@sei	
"mički"@kav	<https://panlex.org/snapshot/panlex-20191001-csv/1573#50090628>				<https://panlex.org/snapshot/panlex-20191001-csv/1573#50090764>		"ʔast"@sei	
"nɨmĩ"@kav	<https://panlex.org/snapshot/panlex-20191001-csv/1573#50088720>				<https://panlex.org/snapshot/panlex-20191001-csv/1573#50088771>		"ʼχæpæ toī k-pot"@sei	
"hiwi kaškɨ"@kav	<https://panlex.org/snapshot/panlex-20191001-csv/1573#50090302>				<https://panlex.org/snapshot/panlex-20191001-csv/1573#50090383>		"ʼʔæʔæ"@sei	
"mai tatĩ-"@kav	<https://panlex.org/snapshot/panlex-20191001-csv/1573#50090940>				<https://panlex.org/snapshot/panlex-20191001-csv/1573#50090993>		"ʔant yakʷš"@sei	
"mai tatĩ-"@kav	<https://panlex.org/snapshot/panlex-20191001-csv/1573#50090940>				<https://panlex.org/snapshot/panlex-20191001-csv/1573#50090992>		"ʔant iʼsiīxim"@sei	
"nai"@kav	<https://panlex.org/snapshot/panlex-20191001-csv/1573#50091149>				<https://panlex.org/snapshot/panlex-20191001-csv/1573#50091226>		"ʔaʼmīmæ"@sei	
