"a kina"@leu	<https://panlex.org/snapshot/panlex-20191001-csv/114#8053339>				<https://panlex.org/snapshot/panlex-20191001-csv/114#8053496>		"kətiŋ"@pse	
"ku chuna"@leu	<https://panlex.org/snapshot/panlex-20191001-csv/114#8058480>				<https://panlex.org/snapshot/panlex-20191001-csv/114#8058646>		"pəxut"@pse	
"a limana sokosoko"@leu	<https://panlex.org/snapshot/panlex-20191001-csv/114#8052835>				<https://panlex.org/snapshot/panlex-20191001-csv/114#8052969>		"kanan"@pse	
"diaina"@leu	<https://panlex.org/snapshot/panlex-20191001-csv/114#8063073>				<https://panlex.org/snapshot/panlex-20191001-csv/114#8063225>		"daxah"@pse	
"ngusuna"@leu	<https://panlex.org/snapshot/panlex-20191001-csv/114#8066722>				<https://panlex.org/snapshot/panlex-20191001-csv/114#8066878>		"mulut"@pse	
"lioana"@leu	<https://panlex.org/snapshot/panlex-20191001-csv/114#8067281>				<https://panlex.org/snapshot/panlex-20191001-csv/114#8067436>		"gigi"@pse	
"a wal"@leu	<https://panlex.org/snapshot/panlex-20191001-csv/114#8068340>				<https://panlex.org/snapshot/panlex-20191001-csv/114#8068487>		"tətawə"@pse	
