"a kina"@leu	<https://panlex.org/snapshot/panlex-20191001-csv/114#8053339>				<https://panlex.org/snapshot/panlex-20191001-csv/114#8053201>		"ayeyafayafa"@ddi	
"ku chuna"@leu	<https://panlex.org/snapshot/panlex-20191001-csv/114#8058480>				<https://panlex.org/snapshot/panlex-20191001-csv/114#8058353>		"ifuyana"@ddi	
"a limana sokosoko"@leu	<https://panlex.org/snapshot/panlex-20191001-csv/114#8052835>				<https://panlex.org/snapshot/panlex-20191001-csv/114#8052732>		"iyatayina"@ddi	
"diaina"@leu	<https://panlex.org/snapshot/panlex-20191001-csv/114#8063073>				<https://panlex.org/snapshot/panlex-20191001-csv/114#8062960>		"dayayina"@ddi	
"ngusuna"@leu	<https://panlex.org/snapshot/panlex-20191001-csv/114#8066722>				<https://panlex.org/snapshot/panlex-20191001-csv/114#8066594>		"awana"@ddi	
"lioana"@leu	<https://panlex.org/snapshot/panlex-20191001-csv/114#8067281>				<https://panlex.org/snapshot/panlex-20191001-csv/114#8067149>		"niyona"@ddi	
"a wal"@leu	<https://panlex.org/snapshot/panlex-20191001-csv/114#8068340>				<https://panlex.org/snapshot/panlex-20191001-csv/114#8068214>		"velaiya"@ddi	
