"bolokon"@tmb	<https://panlex.org/snapshot/panlex-20191001-csv/114#8053606>				<https://panlex.org/snapshot/panlex-20191001-csv/114#8053496>		"kətiŋ"@pse	
"bburtan"@tmb	<https://panlex.org/snapshot/panlex-20191001-csv/114#8059737>				<https://panlex.org/snapshot/panlex-20191001-csv/114#8059655>		"pəxut"@pse	
"bongon"@tmb	<https://panlex.org/snapshot/panlex-20191001-csv/114#8066982>				<https://panlex.org/snapshot/panlex-20191001-csv/114#8066878>		"mulut"@pse	
"mwiir"@tmb	<https://panlex.org/snapshot/panlex-20191001-csv/114#8052596>				<https://panlex.org/snapshot/panlex-20191001-csv/114#8052504>		"kiri"@pse	
"lemen"@tmb	<https://panlex.org/snapshot/panlex-20191001-csv/114#8068051>				<https://panlex.org/snapshot/panlex-20191001-csv/114#8067955>		"lidah"@pse	
"onosn"@tmb	<https://panlex.org/snapshot/panlex-20191001-csv/114#8065508>				<https://panlex.org/snapshot/panlex-20191001-csv/114#8065403>		"iduŋ"@pse	
"robit"@tmb	<https://panlex.org/snapshot/panlex-20191001-csv/114#8066443>				<https://panlex.org/snapshot/panlex-20191001-csv/114#8066353>		"m̃ium"@pse	
"bisnaap"@tmb	<https://panlex.org/snapshot/panlex-20191001-csv/114#8057190>				<https://panlex.org/snapshot/panlex-20191001-csv/114#8057102>		"abu"@pse	
"sivlen"@tmb	<https://panlex.org/snapshot/panlex-20191001-csv/114#8064959>				<https://panlex.org/snapshot/panlex-20191001-csv/114#8064845>		"gumbaʔ"@pse	
"varan"@tmb	<https://panlex.org/snapshot/panlex-20191001-csv/114#8052119>				<https://panlex.org/snapshot/panlex-20191001-csv/114#8052007>		"taŋan"@pse	
"metemet"@tmb	<https://panlex.org/snapshot/panlex-20191001-csv/114#8056725>				<https://panlex.org/snapshot/panlex-20191001-csv/114#8056624>		"kamah"@pse	
"asih"@tmb	<https://panlex.org/snapshot/panlex-20191001-csv/114#8060803>				<https://panlex.org/snapshot/panlex-20191001-csv/114#8060687>		"susu"@pse	
"batn"@tmb	<https://panlex.org/snapshot/panlex-20191001-csv/114#8063874>				<https://panlex.org/snapshot/panlex-20191001-csv/114#8063767>		"palaʔ"@pse	
