"bolokon"@tmb	<https://panlex.org/snapshot/panlex-20191001-csv/114#8053606>				<https://panlex.org/snapshot/panlex-20191001-csv/114#8053664>		"k|ae-"@xmt	
"bburtan"@tmb	<https://panlex.org/snapshot/panlex-20191001-csv/114#8059737>				<https://panlex.org/snapshot/panlex-20191001-csv/114#8059782>		"kasaiwono"@xmt	
"bongon"@tmb	<https://panlex.org/snapshot/panlex-20191001-csv/114#8066982>				<https://panlex.org/snapshot/panlex-20191001-csv/114#8067040>		"samo-"@xmt	
"mwiir"@tmb	<https://panlex.org/snapshot/panlex-20191001-csv/114#8052596>				<https://panlex.org/snapshot/panlex-20191001-csv/114#8052643>		"pelimi"@xmt	
"lemen"@tmb	<https://panlex.org/snapshot/panlex-20191001-csv/114#8068051>				<https://panlex.org/snapshot/panlex-20191001-csv/114#8068108>		"telebo-"@xmt	
"onosn"@tmb	<https://panlex.org/snapshot/panlex-20191001-csv/114#8065508>				<https://panlex.org/snapshot/panlex-20191001-csv/114#8065564>		"senu-"@xmt	
"robit"@tmb	<https://panlex.org/snapshot/panlex-20191001-csv/114#8066443>				<https://panlex.org/snapshot/panlex-20191001-csv/114#8066489>		"-fatam"@xmt	
"bisnaap"@tmb	<https://panlex.org/snapshot/panlex-20191001-csv/114#8057190>				<https://panlex.org/snapshot/panlex-20191001-csv/114#8057231>		"kaplas"@xmt	
"sivlen"@tmb	<https://panlex.org/snapshot/panlex-20191001-csv/114#8064959>				<https://panlex.org/snapshot/panlex-20191001-csv/114#8065018>		"pa"@xmt	
"varan"@tmb	<https://panlex.org/snapshot/panlex-20191001-csv/114#8052119>				<https://panlex.org/snapshot/panlex-20191001-csv/114#8052172>		"kanano"@xmt	
"metemet"@tmb	<https://panlex.org/snapshot/panlex-20191001-csv/114#8056725>				<https://panlex.org/snapshot/panlex-20191001-csv/114#8056774>		"kotor"@xmt	
"asih"@tmb	<https://panlex.org/snapshot/panlex-20191001-csv/114#8060803>				<https://panlex.org/snapshot/panlex-20191001-csv/114#8060865>		"sus"@xmt	
"batn"@tmb	<https://panlex.org/snapshot/panlex-20191001-csv/114#8063874>				<https://panlex.org/snapshot/panlex-20191001-csv/114#8063931>		"wu-"@xmt	
