"h₁su"@ine	<https://panlex.org/snapshot/panlex-20191001-csv/6730#113799721>				<https://panlex.org/snapshot/panlex-20191001-csv/6730#113799727>		"bäst"@sv	
"k̂wōn"@ine	<https://panlex.org/snapshot/panlex-20191001-csv/6730#113807865>				<https://panlex.org/snapshot/panlex-20191001-csv/6730#113807871>		"hund"@sv	
"ĝhes-r"@ine	<https://panlex.org/snapshot/panlex-20191001-csv/6730#113801801>				<https://panlex.org/snapshot/panlex-20191001-csv/6730#113801808>		"hand"@sv	
"méh₁nōt"@ine	<https://panlex.org/snapshot/panlex-20191001-csv/6730#113802178>				<https://panlex.org/snapshot/panlex-20191001-csv/6730#113802183>		"måne"@sv	
"nek̂"@ine	<https://panlex.org/snapshot/panlex-20191001-csv/6730#113803332>				<https://panlex.org/snapshot/panlex-20191001-csv/6730#113803338>		"döda"@sv	
"h₄ék̂mōn"@ine	<https://panlex.org/snapshot/panlex-20191001-csv/6730#113798619>				<https://panlex.org/snapshot/panlex-20191001-csv/6730#113798625>		"sten"@sv	
"dwéh₃"@ine	<https://panlex.org/snapshot/panlex-20191001-csv/6730#113804348>				<https://panlex.org/snapshot/panlex-20191001-csv/6730#113804354>		"två"@sv	
"gʷénh a"@ine	<https://panlex.org/snapshot/panlex-20191001-csv/6730#113799274>				<https://panlex.org/snapshot/panlex-20191001-csv/6730#113799280>		"kvinna"@sv	
"dóru"@ine	<https://panlex.org/snapshot/panlex-20191001-csv/6730#113798871>				<https://panlex.org/snapshot/panlex-20191001-csv/6730#113798877>		"träd"@sv	
"kʷr̥snós"@ine	<https://panlex.org/snapshot/panlex-20191001-csv/6730#113794501>				<https://panlex.org/snapshot/panlex-20191001-csv/6730#113794507>		"svart"@sv	
"h₁nómn̥"@ine	<https://panlex.org/snapshot/panlex-20191001-csv/6730#113803117>				<https://panlex.org/snapshot/panlex-20191001-csv/6730#113803124>		"namn"@sv	
"h₁eĝ"@ine	<https://panlex.org/snapshot/panlex-20191001-csv/6730#113800840>				<https://panlex.org/snapshot/panlex-20191001-csv/6730#113800846>		"jag"@sv	
"derk̂"@ine	<https://panlex.org/snapshot/panlex-20191001-csv/6730#113803199>				<https://panlex.org/snapshot/panlex-20191001-csv/6730#113803205>		"se"@sv	
"h₁ésh₂̥r"@ine	<https://panlex.org/snapshot/panlex-20191001-csv/6730#113799158>				<https://panlex.org/snapshot/panlex-20191001-csv/6730#113799164>		"blod"@sv	
"peh₃"@ine	<https://panlex.org/snapshot/panlex-20191001-csv/6730#113803035>				<https://panlex.org/snapshot/panlex-20191001-csv/6730#113803042>		"dricka"@sv	
"nekʷt"@ine	<https://panlex.org/snapshot/panlex-20191001-csv/6730#113801254>				<https://panlex.org/snapshot/panlex-20191001-csv/6730#113801260>		"natt"@sv	
"h₁reudh"@ine	<https://panlex.org/snapshot/panlex-20191001-csv/6730#113794439>				<https://panlex.org/snapshot/panlex-20191001-csv/6730#113794445>		"röd"@sv	
"k̂ripo"@ine	<https://panlex.org/snapshot/panlex-20191001-csv/6730#113799764>				<https://panlex.org/snapshot/panlex-20191001-csv/6730#113799772>		"hår"@sv	
"h₁nē ́r"@ine	<https://panlex.org/snapshot/panlex-20191001-csv/6730#113804769>				<https://panlex.org/snapshot/panlex-20191001-csv/6730#113804776>		"man"@sv	
"k̂yeh₁"@ine	<https://panlex.org/snapshot/panlex-20191001-csv/6730#113803474>				<https://panlex.org/snapshot/panlex-20191001-csv/6730#113803480>		"grön"@sv	
"kʷós"@ine	<https://panlex.org/snapshot/panlex-20191001-csv/6730#113801289>				<https://panlex.org/snapshot/panlex-20191001-csv/6730#113801295>		"vem"@sv	
"ne"@ine	<https://panlex.org/snapshot/panlex-20191001-csv/6730#113801368>				<https://panlex.org/snapshot/panlex-20191001-csv/6730#113801374>		"inte"@sv	
"meĝhₐ"@ine	<https://panlex.org/snapshot/panlex-20191001-csv/6730#113800732>				<https://panlex.org/snapshot/panlex-20191001-csv/6730#113800738>		"stor"@sv	
"h₂stē ́r"@ine	<https://panlex.org/snapshot/panlex-20191001-csv/6730#113803546>				<https://panlex.org/snapshot/panlex-20191001-csv/6730#113803552>		"stjärna"@sv	
"weid"@ine	<https://panlex.org/snapshot/panlex-20191001-csv/6730#113803219>				<https://panlex.org/snapshot/panlex-20191001-csv/6730#113803227>		"veta"@sv	
"swep"@ine	<https://panlex.org/snapshot/panlex-20191001-csv/6730#113805026>				<https://panlex.org/snapshot/panlex-20191001-csv/6730#113805032>		"sova"@sv	
"dhĝhm-ón"@ine	<https://panlex.org/snapshot/panlex-20191001-csv/6730#113797361>				<https://panlex.org/snapshot/panlex-20191001-csv/6730#113797369>		"person"@sv	
"wódr̥"@ine	<https://panlex.org/snapshot/panlex-20191001-csv/6730#113799183>				<https://panlex.org/snapshot/panlex-20191001-csv/6730#113799189>		"vatten"@sv	
"h₄elbhósr"@ine	<https://panlex.org/snapshot/panlex-20191001-csv/6730#113802367>				<https://panlex.org/snapshot/panlex-20191001-csv/6730#113802373>		"vit"@sv	
"dhĝhuhₓ"@ine	<https://panlex.org/snapshot/panlex-20191001-csv/6730#113794878>				<https://panlex.org/snapshot/panlex-20191001-csv/6730#113794886>		"fisk"@sv	
"k̂ei"@ine	<https://panlex.org/snapshot/panlex-20191001-csv/6730#113803243>				<https://panlex.org/snapshot/panlex-20191001-csv/6730#113803249>		"ljuga"@sv	
"nébhes"@ine	<https://panlex.org/snapshot/panlex-20191001-csv/6730#113804221>				<https://panlex.org/snapshot/panlex-20191001-csv/6730#113804229>		"moln"@sv	
"hₐewei"@ine	<https://panlex.org/snapshot/panlex-20191001-csv/6730#113799094>				<https://panlex.org/snapshot/panlex-20191001-csv/6730#113799101>		"fågel"@sv	
"teh₂"@ine	<https://panlex.org/snapshot/panlex-20191001-csv/6730#113803712>				<https://panlex.org/snapshot/panlex-20191001-csv/6730#113803722>		"stå"@sv	
"h₁édmi"@ine	<https://panlex.org/snapshot/panlex-20191001-csv/6730#113802387>				<https://panlex.org/snapshot/panlex-20191001-csv/6730#113802393>		"äta"@sv	
"hₐóus"@ine	<https://panlex.org/snapshot/panlex-20191001-csv/6730#113801479>				<https://panlex.org/snapshot/panlex-20191001-csv/6730#113801485>		"öra"@sv	
"h₁oin"@ine	<https://panlex.org/snapshot/panlex-20191001-csv/6730#113804262>				<https://panlex.org/snapshot/panlex-20191001-csv/6730#113804268>		"ett"@sv	
"túhₓ"@ine	<https://panlex.org/snapshot/panlex-20191001-csv/6730#113800939>				<https://panlex.org/snapshot/panlex-20191001-csv/6730#113800946>		"du"@sv	
"wekʷ"@ine	<https://panlex.org/snapshot/panlex-20191001-csv/6730#113803939>				<https://panlex.org/snapshot/panlex-20191001-csv/6730#113803945>		"säga"@sv	
"sed"@ine	<https://panlex.org/snapshot/panlex-20191001-csv/6730#113803309>				<https://panlex.org/snapshot/panlex-20191001-csv/6730#113803317>		"sitta"@sv	
"hₐōiom"@ine	<https://panlex.org/snapshot/panlex-20191001-csv/6730#113797912>				<https://panlex.org/snapshot/panlex-20191001-csv/6730#113797918>		"ägg"@sv	
"k̂leu"@ine	<https://panlex.org/snapshot/panlex-20191001-csv/6730#113803176>				<https://panlex.org/snapshot/panlex-20191001-csv/6730#113803182>		"höra"@sv	
"mer"@ine	<https://panlex.org/snapshot/panlex-20191001-csv/6730#113804291>				<https://panlex.org/snapshot/panlex-20191001-csv/6730#113804299>		"dö"@sv	
"h₁ei"@ine	<https://panlex.org/snapshot/panlex-20191001-csv/6730#113803733>				<https://panlex.org/snapshot/panlex-20191001-csv/6730#113803741>		"gå"@sv	
"pélh₁us"@ine	<https://panlex.org/snapshot/panlex-20191001-csv/6730#113800649>				<https://panlex.org/snapshot/panlex-20191001-csv/6730#113800657>		"många"@sv	
"h₁wers"@ine	<https://panlex.org/snapshot/panlex-20191001-csv/6730#113801555>				<https://panlex.org/snapshot/panlex-20191001-csv/6730#113801559>		"regna"@sv	
"pl̥h₁nós"@ine	<https://panlex.org/snapshot/panlex-20191001-csv/6730#113803526>				<https://panlex.org/snapshot/panlex-20191001-csv/6730#113803531>		"full"@sv	
"séhₐul"@ine	<https://panlex.org/snapshot/panlex-20191001-csv/6730#113802459>				<https://panlex.org/snapshot/panlex-20191001-csv/6730#113802465>		"sol"@sv	
"gel"@ine	<https://panlex.org/snapshot/panlex-20191001-csv/6730#113801919>				<https://panlex.org/snapshot/panlex-20191001-csv/6730#113801926>		"kall"@sv	
"gʷhermós"@ine	<https://panlex.org/snapshot/panlex-20191001-csv/6730#113801902>				<https://panlex.org/snapshot/panlex-20191001-csv/6730#113801906>		"varm"@sv	
"saus"@ine	<https://panlex.org/snapshot/panlex-20191001-csv/6730#113802996>				<https://panlex.org/snapshot/panlex-20191001-csv/6730#113803002>		"torr"@sv	
"kʷı́d"@ine	<https://panlex.org/snapshot/panlex-20191001-csv/6730#113801306>				<https://panlex.org/snapshot/panlex-20191001-csv/6730#113801312>		"vad"@sv	
"néwos"@ine	<https://panlex.org/snapshot/panlex-20191001-csv/6730#113801215>				<https://panlex.org/snapshot/panlex-20191001-csv/6730#113801221>		"ny"@sv	
"ghel"@ine	<https://panlex.org/snapshot/panlex-20191001-csv/6730#113803454>				<https://panlex.org/snapshot/panlex-20191001-csv/6730#113803460>		"gul"@sv	
"péh₂ur"@ine	<https://panlex.org/snapshot/panlex-20191001-csv/6730#113794838>				<https://panlex.org/snapshot/panlex-20191001-csv/6730#113794845>		"eld"@sv	
"gʷorhₓ"@ine	<https://panlex.org/snapshot/panlex-20191001-csv/6730#113796949>				<https://panlex.org/snapshot/panlex-20191001-csv/6730#113796956>		"berg"@sv	
