"ta"@cyb	<https://panlex.org/snapshot/panlex-20191001-csv/1573#50085689>				<https://panlex.org/snapshot/panlex-20191001-csv/1573#50085714>		"лълъени"@gdo	
"ʼpipɨdɨ"@cyb	<https://panlex.org/snapshot/panlex-20191001-csv/1573#50089696>				<https://panlex.org/snapshot/panlex-20191001-csv/1573#50089724>		"рущлъи"@gdo	
"ʼpipɨdɨ"@cyb	<https://panlex.org/snapshot/panlex-20191001-csv/1573#50089696>				<https://panlex.org/snapshot/panlex-20191001-csv/1573#50089723>		"руша"@gdo	
"ripu"@cyb	<https://panlex.org/snapshot/panlex-20191001-csv/1573#50083219>				<https://panlex.org/snapshot/panlex-20191001-csv/1573#50083241>		"сира"@gdo	
"kui"@cyb	<https://panlex.org/snapshot/panlex-20191001-csv/1573#50086923>				<https://panlex.org/snapshot/panlex-20191001-csv/1573#50086947>		"игьуру"@gdo	
"poone"@cyb	<https://panlex.org/snapshot/panlex-20191001-csv/1573#50082935>				<https://panlex.org/snapshot/panlex-20191001-csv/1573#50082968>		"чарта"@gdo	
"datɨ"@cyb	<https://panlex.org/snapshot/panlex-20191001-csv/1573#50081752>				<https://panlex.org/snapshot/panlex-20191001-csv/1573#50081777>		"дунел"@gdo	
"ɲeraʼbaike"@cyb	<https://panlex.org/snapshot/panlex-20191001-csv/1573#50088277>				<https://panlex.org/snapshot/panlex-20191001-csv/1573#50088328>		"инххи лълъинс̅а"@gdo	
"rĩnɨ̃rɨ̃"@cyb	<https://panlex.org/snapshot/panlex-20191001-csv/1573#50089248>				<https://panlex.org/snapshot/panlex-20191001-csv/1573#50089277>		"лълъинц̅у"@gdo	
"bɔ"@cyb	<https://panlex.org/snapshot/panlex-20191001-csv/1573#50086513>				<https://panlex.org/snapshot/panlex-20191001-csv/1573#50086536>		"пали"@gdo	
"naræ"@cyb	<https://panlex.org/snapshot/panlex-20191001-csv/1573#50089987>				<https://panlex.org/snapshot/panlex-20191001-csv/1573#50090017>		"руша"@gdo	
"rabɨbɨrɨ"@cyb	<https://panlex.org/snapshot/panlex-20191001-csv/1573#50085119>				<https://panlex.org/snapshot/panlex-20191001-csv/1573#50085161>		"релъалІи бакил"@gdo	
"pɔne"@cyb	<https://panlex.org/snapshot/panlex-20191001-csv/1573#50082936>				<https://panlex.org/snapshot/panlex-20191001-csv/1573#50082968>		"чарта"@gdo	
"daɨ"@cyb	<https://panlex.org/snapshot/panlex-20191001-csv/1573#50091092>				<https://panlex.org/snapshot/panlex-20191001-csv/1573#50091121>		"решин"@gdo	
"nãræ"@cyb	<https://panlex.org/snapshot/panlex-20191001-csv/1573#50090237>				<https://panlex.org/snapshot/panlex-20191001-csv/1573#50090267>		"лъуди"@gdo	
"ɲeraʼbarike"@cyb	<https://panlex.org/snapshot/panlex-20191001-csv/1573#50088278>				<https://panlex.org/snapshot/panlex-20191001-csv/1573#50088328>		"инххи лълъинс̅а"@gdo	
"ʼdačuču"@cyb	<https://panlex.org/snapshot/panlex-20191001-csv/1573#50088672>				<https://panlex.org/snapshot/panlex-20191001-csv/1573#50088692>		"х̅арадатабу лълъени"@gdo	
"ʼyaroho"@cyb	<https://panlex.org/snapshot/panlex-20191001-csv/1573#50090529>				<https://panlex.org/snapshot/panlex-20191001-csv/1573#50090575>		"кьуду"@gdo	
"ʼyaroho"@cyb	<https://panlex.org/snapshot/panlex-20191001-csv/1573#50090529>				<https://panlex.org/snapshot/panlex-20191001-csv/1573#50090574>		"анча"@gdo	
"dabe"@cyb	<https://panlex.org/snapshot/panlex-20191001-csv/1573#50085687>				<https://panlex.org/snapshot/panlex-20191001-csv/1573#50085714>		"лълъени"@gdo	
"tati"@cyb	<https://panlex.org/snapshot/panlex-20191001-csv/1573#50082020>				<https://panlex.org/snapshot/panlex-20191001-csv/1573#50082052>		"улка"@gdo	
"maka"@cyb	<https://panlex.org/snapshot/panlex-20191001-csv/1573#50091342>				<https://panlex.org/snapshot/panlex-20191001-csv/1573#50091370>		"милъи"@gdo	
"ki-kuri"@cyb	<https://panlex.org/snapshot/panlex-20191001-csv/1573#50086922>				<https://panlex.org/snapshot/panlex-20191001-csv/1573#50086947>		"игьуру"@gdo	
"nãræ̃"@cyb	<https://panlex.org/snapshot/panlex-20191001-csv/1573#50089988>				<https://panlex.org/snapshot/panlex-20191001-csv/1573#50090017>		"руша"@gdo	
"kita"@cyb	<https://panlex.org/snapshot/panlex-20191001-csv/1573#50085688>				<https://panlex.org/snapshot/panlex-20191001-csv/1573#50085714>		"лълъени"@gdo	
"raʼčokimi"@cyb	<https://panlex.org/snapshot/panlex-20191001-csv/1573#50088671>				<https://panlex.org/snapshot/panlex-20191001-csv/1573#50088692>		"х̅арадатабу лълъени"@gdo	
"ɲæʼra-nãre"@cyb	<https://panlex.org/snapshot/panlex-20191001-csv/1573#50089695>				<https://panlex.org/snapshot/panlex-20191001-csv/1573#50089724>		"рущлъи"@gdo	
"ɲæʼra-nãre"@cyb	<https://panlex.org/snapshot/panlex-20191001-csv/1573#50089695>				<https://panlex.org/snapshot/panlex-20191001-csv/1573#50089723>		"руша"@gdo	
"rinɨ̃rɨ̃"@cyb	<https://panlex.org/snapshot/panlex-20191001-csv/1573#50089247>				<https://panlex.org/snapshot/panlex-20191001-csv/1573#50089277>		"лълъинц̅у"@gdo	
"rɔʼretui"@cyb	<https://panlex.org/snapshot/panlex-20191001-csv/1573#50083512>				<https://panlex.org/snapshot/panlex-20191001-csv/1573#50083556>		"бе̅л"@gdo	
"rɔʼretui"@cyb	<https://panlex.org/snapshot/panlex-20191001-csv/1573#50083512>				<https://panlex.org/snapshot/panlex-20191001-csv/1573#50083557>		"бегьил рекъа"@gdo	
"kuri"@cyb	<https://panlex.org/snapshot/panlex-20191001-csv/1573#50086924>				<https://panlex.org/snapshot/panlex-20191001-csv/1573#50086947>		"игьуру"@gdo	
"ʼnaare"@cyb	<https://panlex.org/snapshot/panlex-20191001-csv/1573#50090238>				<https://panlex.org/snapshot/panlex-20191001-csv/1573#50090267>		"лъуди"@gdo	
"ʼnaare"@cyb	<https://panlex.org/snapshot/panlex-20191001-csv/1573#50089989>				<https://panlex.org/snapshot/panlex-20191001-csv/1573#50090017>		"руша"@gdo	
"ǰuke"@cyb	<https://panlex.org/snapshot/panlex-20191001-csv/1573#50084735>				<https://panlex.org/snapshot/panlex-20191001-csv/1573#50084758>		"чІинкІиллъи"@gdo	
"hɔʼhɔbæ"@cyb	<https://panlex.org/snapshot/panlex-20191001-csv/1573#50089246>				<https://panlex.org/snapshot/panlex-20191001-csv/1573#50089277>		"лълъинц̅у"@gdo	
"nare"@cyb	<https://panlex.org/snapshot/panlex-20191001-csv/1573#50090236>				<https://panlex.org/snapshot/panlex-20191001-csv/1573#50090267>		"лъуди"@gdo	
