"Jernalderen"@nb	<https://panlex.org/snapshot/panlex-20191001-csv/6709#111076256>				<https://panlex.org/snapshot/panlex-20191001-csv/6709#111076115>		"Аихаамҭа"@ab	
"Andre verdenskrig"@nb	<https://panlex.org/snapshot/panlex-20191001-csv/6709#111077575>				<https://panlex.org/snapshot/panlex-20191001-csv/6709#111077612>		"Аҩбатәи адунеитә еибашьра"@ab	
"Bronsealderen"@nb	<https://panlex.org/snapshot/panlex-20191001-csv/6709#111076024>				<https://panlex.org/snapshot/panlex-20191001-csv/6709#111075980>		"Аџьазаамҭа"@ab	
"Den industrielle revolusjon"@nb	<https://panlex.org/snapshot/panlex-20191001-csv/6709#111077279>				<https://panlex.org/snapshot/panlex-20191001-csv/6709#111077198>		"Аиндустриатә ареволиуциа"@ab	
"Første verdenskrig"@nb	<https://panlex.org/snapshot/panlex-20191001-csv/6709#111077350>				<https://panlex.org/snapshot/panlex-20191001-csv/6709#111077334>		"Актәи адунеитә еибашьра"@ab	
"Korstogene"@nb	<https://panlex.org/snapshot/panlex-20191001-csv/6709#111076586>				<https://panlex.org/snapshot/panlex-20191001-csv/6709#111076728>		"Аџьартә ныҟәарақәа"@ab	
"Den kalde krigen"@nb	<https://panlex.org/snapshot/panlex-20191001-csv/6709#111077852>				<https://panlex.org/snapshot/panlex-20191001-csv/6709#111077818>		"Аибашьра хьшәашәа"@ab	
"Renessansen"@nb	<https://panlex.org/snapshot/panlex-20191001-csv/6709#111076846>				<https://panlex.org/snapshot/panlex-20191001-csv/6709#111076897>		"Аренессанс"@ab	
"Renessansen"@nb	<https://panlex.org/snapshot/panlex-20191001-csv/6709#111076846>				<https://panlex.org/snapshot/panlex-20191001-csv/6709#111076852>		"Аиҭаҿиара"@ab	
"Middelalderen"@nb	<https://panlex.org/snapshot/panlex-20191001-csv/6709#111076305>				<https://panlex.org/snapshot/panlex-20191001-csv/6709#111076380>		"Ашқәсбжьара"@ab	
"Opplysningstiden"@nb	<https://panlex.org/snapshot/panlex-20191001-csv/6709#111077116>				<https://panlex.org/snapshot/panlex-20191001-csv/6709#111077006>		"Аарԥшымҭа ашәышықәса"@ab	
"Steinalderen"@nb	<https://panlex.org/snapshot/panlex-20191001-csv/6709#111075849>				<https://panlex.org/snapshot/panlex-20191001-csv/6709#111075775>		"Ахаҳәаамҭа"@ab	
"Den lille Prinsen"@nb	<https://panlex.org/snapshot/panlex-20191001-csv/6710#111083136>				<https://panlex.org/snapshot/panlex-20191001-csv/6710#111083108>		"Апринц хәыҷы"@ab	
"april"@nb	<https://panlex.org/snapshot/panlex-20191001-csv/5945#84353131>				<https://panlex.org/snapshot/panlex-20191001-csv/5945#84353068>		"мшаҧы"@ab	
"jo"@nb	<https://panlex.org/snapshot/panlex-20191001-csv/5947#84862269>				<https://panlex.org/snapshot/panlex-20191001-csv/5947#84862192>		"а'аи"@ab	
"vann"@nb	<https://panlex.org/snapshot/panlex-20191001-csv/5947#84886519>				<https://panlex.org/snapshot/panlex-20191001-csv/5947#84886405>		"аӡы"@ab	
"lyn"@nb	<https://panlex.org/snapshot/panlex-20191001-csv/5947#84794093>				<https://panlex.org/snapshot/panlex-20191001-csv/5947#84794043>		"фы"@ab	
"onsdag"@nb	<https://panlex.org/snapshot/panlex-20191001-csv/5947#84915811>				<https://panlex.org/snapshot/panlex-20191001-csv/5947#84915768>		"ахаша"@ab	
"hav"@nb	<https://panlex.org/snapshot/panlex-20191001-csv/5947#84755333>				<https://panlex.org/snapshot/panlex-20191001-csv/5947#84755272>		"амшын"@ab	
"hav"@nb	<https://panlex.org/snapshot/panlex-20191001-csv/5947#84755333>				<https://panlex.org/snapshot/panlex-20191001-csv/5947#84755271>		"амшы'н"@ab	
"og"@nb	<https://panlex.org/snapshot/panlex-20191001-csv/5947#84702305>				<https://panlex.org/snapshot/panlex-20191001-csv/5947#84702191>		"-гьы"@ab	
"og"@nb	<https://panlex.org/snapshot/panlex-20191001-csv/5947#84702305>				<https://panlex.org/snapshot/panlex-20191001-csv/5947#84702192>		"-и"@ab	
"London"@nb	<https://panlex.org/snapshot/panlex-20191001-csv/5947#84600128>				<https://panlex.org/snapshot/panlex-20191001-csv/5947#84600078>		"Лондан"@ab	
"bomull"@nb	<https://panlex.org/snapshot/panlex-20191001-csv/5947#84636555>				<https://panlex.org/snapshot/panlex-20191001-csv/5947#84636543>		"абамба"@ab	
"år"@nb	<https://panlex.org/snapshot/panlex-20191001-csv/5947#84828255>				<https://panlex.org/snapshot/panlex-20191001-csv/5947#84828208>		"ашықәс"@ab	
"du"@nb	<https://panlex.org/snapshot/panlex-20191001-csv/5947#84871904>				<https://panlex.org/snapshot/panlex-20191001-csv/5947#84871854>		"бара'"@ab	
"du"@nb	<https://panlex.org/snapshot/panlex-20191001-csv/5947#84871904>				<https://panlex.org/snapshot/panlex-20191001-csv/5947#84871855>		"уара'"@ab	
"snø"@nb	<https://panlex.org/snapshot/panlex-20191001-csv/5947#84915237>				<https://panlex.org/snapshot/panlex-20191001-csv/5947#84915162>		"асы"@ab	
"hvit"@nb	<https://panlex.org/snapshot/panlex-20191001-csv/5947#84639813>				<https://panlex.org/snapshot/panlex-20191001-csv/5947#84639670>		"ашкәакәа"@ab	
"Litauen"@nb	<https://panlex.org/snapshot/panlex-20191001-csv/5947#84600009>				<https://panlex.org/snapshot/panlex-20191001-csv/5947#84599969>		"Литва"@ab	
"pris"@nb	<https://panlex.org/snapshot/panlex-20191001-csv/5947#84650441>				<https://panlex.org/snapshot/panlex-20191001-csv/5947#84650420>		"ахә"@ab	
"lørdag"@nb	<https://panlex.org/snapshot/panlex-20191001-csv/5947#84843397>				<https://panlex.org/snapshot/panlex-20191001-csv/5947#84843353>		"асабша"@ab	
"alfabet"@nb	<https://panlex.org/snapshot/panlex-20191001-csv/5947#84624025>				<https://panlex.org/snapshot/panlex-20191001-csv/5947#84623970>		"алфавит"@ab	
"ja"@nb	<https://panlex.org/snapshot/panlex-20191001-csv/5947#84862268>				<https://panlex.org/snapshot/panlex-20191001-csv/5947#84862192>		"а'аи"@ab	
"se"@nb	<https://panlex.org/snapshot/panlex-20191001-csv/5947#84882276>				<https://panlex.org/snapshot/panlex-20191001-csv/5947#84882247>		"абара"@ab	
"september"@nb	<https://panlex.org/snapshot/panlex-20191001-csv/5947#84888375>				<https://panlex.org/snapshot/panlex-20191001-csv/5947#84888309>		"цәыббра"@ab	
"gå"@nb	<https://panlex.org/snapshot/panlex-20191001-csv/5947#84706609>				<https://panlex.org/snapshot/panlex-20191001-csv/5947#84706581>		"ацара'"@ab	
"jeg"@nb	<https://panlex.org/snapshot/panlex-20191001-csv/5947#84706891>				<https://panlex.org/snapshot/panlex-20191001-csv/5947#84706850>		"сара'"@ab	
"ha"@nb	<https://panlex.org/snapshot/panlex-20191001-csv/5947#84750931>				<https://panlex.org/snapshot/panlex-20191001-csv/5947#84750904>		"а'мазаара"@ab	
"god"@nb	<https://panlex.org/snapshot/panlex-20191001-csv/5947#84667715>				<https://panlex.org/snapshot/panlex-20191001-csv/5947#84667679>		"абзи'а"@ab	
"gå"@nb	<https://panlex.org/snapshot/panlex-20191001-csv/5940#81352145>				<https://panlex.org/snapshot/panlex-20191001-csv/5940#81352075>		"ацара"@ab	
"kjøre"@nb	<https://panlex.org/snapshot/panlex-20191001-csv/5940#81352144>				<https://panlex.org/snapshot/panlex-20191001-csv/5940#81352075>		"ацара"@ab	
"hjerte"@nb	<https://panlex.org/snapshot/panlex-20191001-csv/5940#81328429>				<https://panlex.org/snapshot/panlex-20191001-csv/5940#81328375>		"агәы"@ab	
"bygd"@nb	<https://panlex.org/snapshot/panlex-20191001-csv/5940#81375268>				<https://panlex.org/snapshot/panlex-20191001-csv/5940#81375240>		"ақыҭа"@ab	
"landsby"@nb	<https://panlex.org/snapshot/panlex-20191001-csv/5940#81375267>				<https://panlex.org/snapshot/panlex-20191001-csv/5940#81375240>		"ақыҭа"@ab	
"Georgia"@nb	<https://panlex.org/snapshot/panlex-20191001-csv/5939#80835687>				<https://panlex.org/snapshot/panlex-20191001-csv/5939#80835652>		"K̢yrt̢tºyla"@ab	
"Caracas"@nb	<https://panlex.org/snapshot/panlex-20191001-csv/5949#85312539>				<https://panlex.org/snapshot/panlex-20191001-csv/5949#85312486>		"Каракас"@ab	
"Europa"@nb	<https://panlex.org/snapshot/panlex-20191001-csv/5949#85308604>				<https://panlex.org/snapshot/panlex-20191001-csv/5949#85308481>		"Европа"@ab	
"Bibelen"@nb	<https://panlex.org/snapshot/panlex-20191001-csv/5949#85302750>				<https://panlex.org/snapshot/panlex-20191001-csv/5949#85302624>		"Абиблиа"@ab	
"Tbilisi"@nb	<https://panlex.org/snapshot/panlex-20191001-csv/5949#85321850>				<https://panlex.org/snapshot/panlex-20191001-csv/5949#85321771>		"Қарҭ"@ab	
"Abkhasia"@nb	<https://panlex.org/snapshot/panlex-20191001-csv/5949#85297919>				<https://panlex.org/snapshot/panlex-20191001-csv/5949#85297888>		"Аҧсны"@ab	
"Herre"@nb	<https://panlex.org/snapshot/panlex-20191001-csv/5949#85303082>				<https://panlex.org/snapshot/panlex-20191001-csv/5949#85302949>		"анцәа"@ab	
"Tyrkia"@nb	<https://panlex.org/snapshot/panlex-20191001-csv/5949#85322565>				<https://panlex.org/snapshot/panlex-20191001-csv/5949#85322454>		"Ҭырқтәыла"@ab	
"Gud"@nb	<https://panlex.org/snapshot/panlex-20191001-csv/5949#85303083>				<https://panlex.org/snapshot/panlex-20191001-csv/5949#85302949>		"анцәа"@ab	
"Aserbajdsjan"@nb	<https://panlex.org/snapshot/panlex-20191001-csv/5949#85298507>				<https://panlex.org/snapshot/panlex-20191001-csv/5949#85298405>		"Азербаиџьан"@ab	
"buss"@nb	<https://panlex.org/snapshot/panlex-20191001-csv/5949#85330550>				<https://panlex.org/snapshot/panlex-20191001-csv/5949#85330467>		"автобус"@ab	
"Syria"@nb	<https://panlex.org/snapshot/panlex-20191001-csv/5949#85320690>				<https://panlex.org/snapshot/panlex-20191001-csv/5949#85320641>		"Шьам"@ab	
"august"@nb	<https://panlex.org/snapshot/panlex-20191001-csv/5949#85329448>				<https://panlex.org/snapshot/panlex-20191001-csv/5949#85329259>		"август"@ab	
"august"@nb	<https://panlex.org/snapshot/panlex-20191001-csv/5949#85329448>				<https://panlex.org/snapshot/panlex-20191001-csv/5949#85329260>		"нанҳәа"@ab	
"Brussel"@nb	<https://panlex.org/snapshot/panlex-20191001-csv/5949#85303826>				<https://panlex.org/snapshot/panlex-20191001-csv/5949#85303794>		"Бриуссель"@ab	
"påske"@nb	<https://panlex.org/snapshot/panlex-20191001-csv/5949#85317872>				<https://panlex.org/snapshot/panlex-20191001-csv/5949#85317843>		"Мшаҧы"@ab	
"Jorden"@nb	<https://panlex.org/snapshot/panlex-20191001-csv/5949#85309585>				<https://panlex.org/snapshot/panlex-20191001-csv/5949#85309495>		"Адгьыл"@ab	
"Dagestan"@nb	<https://panlex.org/snapshot/panlex-20191001-csv/5949#85307280>				<https://panlex.org/snapshot/panlex-20191001-csv/5949#85307254>		"Даҕьесҭан"@ab	
"Solen"@nb	<https://panlex.org/snapshot/panlex-20191001-csv/5949#85320962>				<https://panlex.org/snapshot/panlex-20191001-csv/5949#85320852>		"Амра"@ab	
"Albania"@nb	<https://panlex.org/snapshot/panlex-20191001-csv/5949#85298825>				<https://panlex.org/snapshot/panlex-20191001-csv/5949#85298786>		"Арнауыҭтәыла"@ab	
"Berlin"@nb	<https://panlex.org/snapshot/panlex-20191001-csv/5949#85302497>				<https://panlex.org/snapshot/panlex-20191001-csv/5949#85302374>		"Берлин"@ab	
"Georgia"@nb	<https://panlex.org/snapshot/panlex-20191001-csv/5949#85307049>				<https://panlex.org/snapshot/panlex-20191001-csv/5949#85307001>		"Қырҭтәыла"@ab	
"Kasakhstan"@nb	<https://panlex.org/snapshot/panlex-20191001-csv/5949#85312128>				<https://panlex.org/snapshot/panlex-20191001-csv/5949#85312037>		"Ҟазаҟсҭан"@ab	
"Russland"@nb	<https://panlex.org/snapshot/panlex-20191001-csv/5949#85319558>				<https://panlex.org/snapshot/panlex-20191001-csv/5949#85319377>		"Урыстәыла"@ab	
"abkhasisk"@nb	<https://panlex.org/snapshot/panlex-20191001-csv/405#13620164>				<https://panlex.org/snapshot/panlex-20191001-csv/405#13620138>		"аҧсуа бызшәа"@ab	
"Georgia"@nb	<https://panlex.org/snapshot/panlex-20191001-csv/9#499427>				<https://panlex.org/snapshot/panlex-20191001-csv/9#499392>		"Қырҭтәыла"@ab	
"søndag"@nb	<https://panlex.org/snapshot/panlex-20191001-csv/9#475204>				<https://panlex.org/snapshot/panlex-20191001-csv/9#475150>		"амҽыш"@ab	
"fysikk"@nb	<https://panlex.org/snapshot/panlex-20191001-csv/2904#111024099>				<https://panlex.org/snapshot/panlex-20191001-csv/2904#111024095>		"афизика"@ab	
"geografi"@nb	<https://panlex.org/snapshot/panlex-20191001-csv/2904#111022662>				<https://panlex.org/snapshot/panlex-20191001-csv/2904#111022722>		"агеографиа"@ab	
"lingvistikk"@nb	<https://panlex.org/snapshot/panlex-20191001-csv/2904#111023127>				<https://panlex.org/snapshot/panlex-20191001-csv/2904#111023094>		"алингвистика"@ab	
"lingvistikk"@nb	<https://panlex.org/snapshot/panlex-20191001-csv/2904#111023127>				<https://panlex.org/snapshot/panlex-20191001-csv/2904#111023206>		"абызшәадырра"@ab	
"vitenskap"@nb	<https://panlex.org/snapshot/panlex-20191001-csv/2904#111024397>				<https://panlex.org/snapshot/panlex-20191001-csv/2904#111024276>		"аҭҵаарадырра"@ab	
"biologi"@nb	<https://panlex.org/snapshot/panlex-20191001-csv/2904#111022150>				<https://panlex.org/snapshot/panlex-20191001-csv/2904#111022222>		"абиологиа"@ab	
"matematikk"@nb	<https://panlex.org/snapshot/panlex-20191001-csv/2904#111023531>				<https://panlex.org/snapshot/panlex-20191001-csv/2904#111023498>		"аматематика"@ab	
"universitet"@nb	<https://panlex.org/snapshot/panlex-20191001-csv/2904#111024618>				<https://panlex.org/snapshot/panlex-20191001-csv/2904#111024581>		"ауниверситет"@ab	
"språkvitenskap"@nb	<https://panlex.org/snapshot/panlex-20191001-csv/2904#111023226>				<https://panlex.org/snapshot/panlex-20191001-csv/2904#111023094>		"алингвистика"@ab	
"språkvitenskap"@nb	<https://panlex.org/snapshot/panlex-20191001-csv/2904#111023226>				<https://panlex.org/snapshot/panlex-20191001-csv/2904#111023206>		"абызшәадырра"@ab	
"historie"@nb	<https://panlex.org/snapshot/panlex-20191001-csv/2904#111022991>				<https://panlex.org/snapshot/panlex-20191001-csv/2904#111022850>		"аҭаурых"@ab	
"arkitektur"@nb	<https://panlex.org/snapshot/panlex-20191001-csv/2904#111021852>				<https://panlex.org/snapshot/panlex-20191001-csv/2904#111021865>		"архитеқтура"@ab	
"kjemi"@nb	<https://panlex.org/snapshot/panlex-20191001-csv/2904#111022465>				<https://panlex.org/snapshot/panlex-20191001-csv/2904#111022562>		"ахимиа"@ab	
"medisin"@nb	<https://panlex.org/snapshot/panlex-20191001-csv/2904#111023562>				<https://panlex.org/snapshot/panlex-20191001-csv/2904#111023563>		"амедицина"@ab	
"filosofi"@nb	<https://panlex.org/snapshot/panlex-20191001-csv/2904#111023911>				<https://panlex.org/snapshot/panlex-20191001-csv/2904#111023832>		"афилософиа"@ab	
"astronomi"@nb	<https://panlex.org/snapshot/panlex-20191001-csv/2904#111022038>				<https://panlex.org/snapshot/panlex-20191001-csv/2904#111022011>		"астрономиа"@ab	
"Sørpolen"@nb	<https://panlex.org/snapshot/panlex-20191001-csv/2910#110855711>				<https://panlex.org/snapshot/panlex-20191001-csv/2910#110855683>		"Аладатәи аполиус"@ab	
"Ekvator"@nb	<https://panlex.org/snapshot/panlex-20191001-csv/2910#110855161>				<https://panlex.org/snapshot/panlex-20191001-csv/2910#110855222>		"Аекватор"@ab	
"Sydpolen"@nb	<https://panlex.org/snapshot/panlex-20191001-csv/2910#110855633>				<https://panlex.org/snapshot/panlex-20191001-csv/2910#110855683>		"Аладатәи аполиус"@ab	
"Nordpolen"@nb	<https://panlex.org/snapshot/panlex-20191001-csv/2910#110854600>				<https://panlex.org/snapshot/panlex-20191001-csv/2910#110854587>		"Аҩадатәи аполиус"@ab	
"fred"@nb	<https://panlex.org/snapshot/panlex-20191001-csv/2902#111012151>				<https://panlex.org/snapshot/panlex-20191001-csv/2902#111012206>		"аҭынчра"@ab	
"Chang Jiang"@nb	<https://panlex.org/snapshot/panlex-20191001-csv/2903#110873683>				<https://panlex.org/snapshot/panlex-20191001-csv/2903#110873780>		"Ианӡи"@ab	
"Nordsjøen"@nb	<https://panlex.org/snapshot/panlex-20191001-csv/2905#110870695>				<https://panlex.org/snapshot/panlex-20191001-csv/2905#110870616>		"Ҩадахьтәи амшын"@ab	
"Bosporos"@nb	<https://panlex.org/snapshot/panlex-20191001-csv/2905#110869234>				<https://panlex.org/snapshot/panlex-20191001-csv/2905#110869319>		"Боспор"@ab	
"Middelhavet"@nb	<https://panlex.org/snapshot/panlex-20191001-csv/2905#110870466>				<https://panlex.org/snapshot/panlex-20191001-csv/2905#110870331>		"Адгьылбжьаратә мшын"@ab	
"Kvitsjøen"@nb	<https://panlex.org/snapshot/panlex-20191001-csv/2905#110871456>				<https://panlex.org/snapshot/panlex-20191001-csv/2905#110871369>		"Амшын шкәакәа"@ab	
"Gibraltarstredet"@nb	<https://panlex.org/snapshot/panlex-20191001-csv/2905#110871176>				<https://panlex.org/snapshot/panlex-20191001-csv/2905#110871155>		"Гибралтар аӡбжьанда"@ab	
"Kaspihavet"@nb	<https://panlex.org/snapshot/panlex-20191001-csv/2905#110869596>				<https://panlex.org/snapshot/panlex-20191001-csv/2905#110869563>		"Каспи амшын"@ab	
"Gulehavet"@nb	<https://panlex.org/snapshot/panlex-20191001-csv/2905#110871492>				<https://panlex.org/snapshot/panlex-20191001-csv/2905#110871583>		"Амшын ҩеижь"@ab	
"Østersjøen"@nb	<https://panlex.org/snapshot/panlex-20191001-csv/2905#110868800>				<https://panlex.org/snapshot/panlex-20191001-csv/2905#110868838>		"Балтикатәи амшын"@ab	
"Den engelske kanal"@nb	<https://panlex.org/snapshot/panlex-20191001-csv/2905#110870239>				<https://panlex.org/snapshot/panlex-20191001-csv/2905#110870169>		"Англыз аӡкы"@ab	
"Kvitehavet"@nb	<https://panlex.org/snapshot/panlex-20191001-csv/2905#110871273>				<https://panlex.org/snapshot/panlex-20191001-csv/2905#110871369>		"Амшын шкәакәа"@ab	
"Det Karibiske hav"@nb	<https://panlex.org/snapshot/panlex-20191001-csv/2905#110869399>				<https://panlex.org/snapshot/panlex-20191001-csv/2905#110869412>		"Кариб амшын"@ab	
"Rødehavet"@nb	<https://panlex.org/snapshot/panlex-20191001-csv/2905#110870934>				<https://panlex.org/snapshot/panlex-20191001-csv/2905#110871072>		"Амшын ҟаԥшь"@ab	
"Svartehavet"@nb	<https://panlex.org/snapshot/panlex-20191001-csv/2905#110869193>				<https://panlex.org/snapshot/panlex-20191001-csv/2905#110869160>		"Амшын Еиқәа"@ab	
"Neptun"@nb	<https://panlex.org/snapshot/panlex-20191001-csv/2907#110847142>				<https://panlex.org/snapshot/panlex-20191001-csv/2907#110847087>		"Нептун"@ab	
"relativitetsteorien"@nb	<https://panlex.org/snapshot/panlex-20191001-csv/2907#110849788>				<https://panlex.org/snapshot/panlex-20191001-csv/2907#110849848>		"азыҟара атеориа"@ab	
"Melkeveien"@nb	<https://panlex.org/snapshot/panlex-20191001-csv/2907#110848834>				<https://panlex.org/snapshot/panlex-20191001-csv/2907#110848778>		"Асаррымҩа"@ab	
"Merkur"@nb	<https://panlex.org/snapshot/panlex-20191001-csv/2907#110845088>				<https://panlex.org/snapshot/panlex-20191001-csv/2907#110845269>		"Меркури"@ab	
"Eris"@nb	<https://panlex.org/snapshot/panlex-20191001-csv/2907#110847799>				<https://panlex.org/snapshot/panlex-20191001-csv/2907#110847973>		"Ерида"@ab	
"Venus"@nb	<https://panlex.org/snapshot/panlex-20191001-csv/2907#110845328>				<https://panlex.org/snapshot/panlex-20191001-csv/2907#110845365>		"Венера"@ab	
"Månen"@nb	<https://panlex.org/snapshot/panlex-20191001-csv/2907#110845900>				<https://panlex.org/snapshot/panlex-20191001-csv/2907#110845778>		"Амза"@ab	
"Jupiter"@nb	<https://panlex.org/snapshot/panlex-20191001-csv/2907#110846340>				<https://panlex.org/snapshot/panlex-20191001-csv/2907#110846514>		"Иупитер"@ab	
"Pluto"@nb	<https://panlex.org/snapshot/panlex-20191001-csv/2907#110847201>				<https://panlex.org/snapshot/panlex-20191001-csv/2907#110847345>		"Плутон"@ab	
"Solen"@nb	<https://panlex.org/snapshot/panlex-20191001-csv/2907#110844948>				<https://panlex.org/snapshot/panlex-20191001-csv/2907#110844905>		"Амра"@ab	
"komet"@nb	<https://panlex.org/snapshot/panlex-20191001-csv/2907#110849296>				<https://panlex.org/snapshot/panlex-20191001-csv/2907#110849210>		"акомета"@ab	
"Saturn"@nb	<https://panlex.org/snapshot/panlex-20191001-csv/2907#110846748>				<https://panlex.org/snapshot/panlex-20191001-csv/2907#110846650>		"Сатурн"@ab	
"Jorden"@nb	<https://panlex.org/snapshot/panlex-20191001-csv/2907#110845617>				<https://panlex.org/snapshot/panlex-20191001-csv/2907#110845647>		"Адгьыл"@ab	
"Ceres"@nb	<https://panlex.org/snapshot/panlex-20191001-csv/2907#110846329>				<https://panlex.org/snapshot/panlex-20191001-csv/2907#110846250>		"Церера"@ab	
"Uranus"@nb	<https://panlex.org/snapshot/panlex-20191001-csv/2907#110846924>				<https://panlex.org/snapshot/panlex-20191001-csv/2907#110846919>		"Уран"@ab	
"Mars"@nb	<https://panlex.org/snapshot/panlex-20191001-csv/2907#110846013>				<https://panlex.org/snapshot/panlex-20191001-csv/2907#110846120>		"Марс"@ab	
"Haumea"@nb	<https://panlex.org/snapshot/panlex-20191001-csv/2907#110847505>				<https://panlex.org/snapshot/panlex-20191001-csv/2907#110847577>		"Хаумеа"@ab	
"Makemake"@nb	<https://panlex.org/snapshot/panlex-20191001-csv/2907#110847715>				<https://panlex.org/snapshot/panlex-20191001-csv/2907#110847776>		"Макемаке"@ab	
"Atlanterhavet"@nb	<https://panlex.org/snapshot/panlex-20191001-csv/2901#110867372>				<https://panlex.org/snapshot/panlex-20191001-csv/2901#110867413>		"Атлантикатә амшынду"@ab	
"Atlanterhavet"@nb	<https://panlex.org/snapshot/panlex-20191001-csv/2901#110867372>				<https://panlex.org/snapshot/panlex-20191001-csv/2901#110867377>		"Атлантикатә аокеан"@ab	
"Sørishavet"@nb	<https://panlex.org/snapshot/panlex-20191001-csv/2901#110868262>				<https://panlex.org/snapshot/panlex-20191001-csv/2901#110868181>		"Аладатәи амшынду"@ab	
"Sørishavet"@nb	<https://panlex.org/snapshot/panlex-20191001-csv/2901#110868262>				<https://panlex.org/snapshot/panlex-20191001-csv/2901#110868342>		"Аладатәи аокеан"@ab	
"Nordishavet"@nb	<https://panlex.org/snapshot/panlex-20191001-csv/2901#110867086>				<https://panlex.org/snapshot/panlex-20191001-csv/2901#110867207>		"Аҩадатәи аокеан ҵааршә"@ab	
"Nordishavet"@nb	<https://panlex.org/snapshot/panlex-20191001-csv/2901#110867086>				<https://panlex.org/snapshot/panlex-20191001-csv/2901#110867221>		"Аҩадатәи амшынду ҵааршә"@ab	
"Stillehavet"@nb	<https://panlex.org/snapshot/panlex-20191001-csv/2901#110867964>				<https://panlex.org/snapshot/panlex-20191001-csv/2901#110868117>		"Амшынду ҭынч"@ab	
"Stillehavet"@nb	<https://panlex.org/snapshot/panlex-20191001-csv/2901#110867964>				<https://panlex.org/snapshot/panlex-20191001-csv/2901#110868130>		"Аокеан ҭынч"@ab	
"Indiahavet"@nb	<https://panlex.org/snapshot/panlex-20191001-csv/2901#110867755>				<https://panlex.org/snapshot/panlex-20191001-csv/2901#110867830>		"Инди аокеан"@ab	
"Indiahavet"@nb	<https://panlex.org/snapshot/panlex-20191001-csv/2901#110867755>				<https://panlex.org/snapshot/panlex-20191001-csv/2901#110867781>		"Инди амшынду"@ab	
"Dsjengis-Khan"@nb	<https://panlex.org/snapshot/panlex-20191001-csv/2906#111020104>				<https://panlex.org/snapshot/panlex-20191001-csv/2906#111020187>		"Чингиз Ҟан"@ab	
"Rikard Løvehjerte"@nb	<https://panlex.org/snapshot/panlex-20191001-csv/2906#111021155>				<https://panlex.org/snapshot/panlex-20191001-csv/2906#111021204>		"Ричард Алымгәы"@ab	
"Karl den store"@nb	<https://panlex.org/snapshot/panlex-20191001-csv/2906#111019627>				<https://panlex.org/snapshot/panlex-20191001-csv/2906#111019649>		"Карл Ду"@ab	
"Karl den store"@nb	<https://panlex.org/snapshot/panlex-20191001-csv/2906#111019627>				<https://panlex.org/snapshot/panlex-20191001-csv/2906#111019645>		"Карл Апаз"@ab	
"Karl den store"@nb	<https://panlex.org/snapshot/panlex-20191001-csv/2906#111019627>				<https://panlex.org/snapshot/panlex-20191001-csv/2906#111019673>		"Карл Адуӡӡа"@ab	
"Djengis Khan"@nb	<https://panlex.org/snapshot/panlex-20191001-csv/2906#111020184>				<https://panlex.org/snapshot/panlex-20191001-csv/2906#111020187>		"Чингиз Ҟан"@ab	
"Aleksander den store"@nb	<https://panlex.org/snapshot/panlex-20191001-csv/2906#111019267>				<https://panlex.org/snapshot/panlex-20191001-csv/2906#111019308>		"Алеқсандр Адуӡӡа"@ab	
"Aleksander den store"@nb	<https://panlex.org/snapshot/panlex-20191001-csv/2906#111019267>				<https://panlex.org/snapshot/panlex-20191001-csv/2906#111019307>		"Алеқсандр Апаз"@ab	
"Aleksander den store"@nb	<https://panlex.org/snapshot/panlex-20191001-csv/2906#111019267>				<https://panlex.org/snapshot/panlex-20191001-csv/2906#111019350>		"Алеқсандр Ду"@ab	
"Adam og Eva"@nb	<https://panlex.org/snapshot/panlex-20191001-csv/2906#111019231>				<https://panlex.org/snapshot/panlex-20191001-csv/2906#111019205>		"Адами Евеи"@ab	
"bygd"@nb	<https://panlex.org/snapshot/panlex-20191001-csv/10#611600>				<https://panlex.org/snapshot/panlex-20191001-csv/10#611572>		"ақыҭа"@ab	
"penger"@nb	<https://panlex.org/snapshot/panlex-20191001-csv/10#615117>				<https://panlex.org/snapshot/panlex-20191001-csv/10#615090>		"аҧара"@ab	
"rød"@nb	<https://panlex.org/snapshot/panlex-20191001-csv/15#951942>				<https://panlex.org/snapshot/panlex-20191001-csv/15#951929>		"аҟаҧшь"@ab	
"venn"@nb	<https://panlex.org/snapshot/panlex-20191001-csv/15#963239>				<https://panlex.org/snapshot/panlex-20191001-csv/15#963228>		"аҩыза"@ab	
"april"@nb	<https://panlex.org/snapshot/panlex-20191001-csv/11#792911>				<https://panlex.org/snapshot/panlex-20191001-csv/11#792886>		"мшаҧы"@ab	
"søndag"@nb	<https://panlex.org/snapshot/panlex-20191001-csv/11#788883>				<https://panlex.org/snapshot/panlex-20191001-csv/11#788822>		"амҽыш"@ab	
"august"@nb	<https://panlex.org/snapshot/panlex-20191001-csv/11#792517>				<https://panlex.org/snapshot/panlex-20191001-csv/11#792494>		"нанҳәа"@ab	
"hundre"@nb	<https://panlex.org/snapshot/panlex-20191001-csv/11#807284>				<https://panlex.org/snapshot/panlex-20191001-csv/11#807240>		"шәкы"@ab	
"åtte"@nb	<https://panlex.org/snapshot/panlex-20191001-csv/11#794102>				<https://panlex.org/snapshot/panlex-20191001-csv/11#794076>		"ааба"@ab	
"vannstoff"@nb	<https://panlex.org/snapshot/panlex-20191001-csv/2893#110989407>				<https://panlex.org/snapshot/panlex-20191001-csv/2893#110989417>		"аӡри"@ab	
"neon"@nb	<https://panlex.org/snapshot/panlex-20191001-csv/2893#110990786>				<https://panlex.org/snapshot/panlex-20191001-csv/2893#110990803>		"анеон"@ab	
"kvikksølv"@nb	<https://panlex.org/snapshot/panlex-20191001-csv/2893#110995556>				<https://panlex.org/snapshot/panlex-20191001-csv/2893#110995354>		"аџьуа"@ab	
"karbon"@nb	<https://panlex.org/snapshot/panlex-20191001-csv/2893#110990025>				<https://panlex.org/snapshot/panlex-20191001-csv/2893#110989950>		"арацәари"@ab	
"jod"@nb	<https://panlex.org/snapshot/panlex-20191001-csv/2893#110994621>				<https://panlex.org/snapshot/panlex-20191001-csv/2893#110994616>		"аиод"@ab	
"sølv"@nb	<https://panlex.org/snapshot/panlex-20191001-csv/2893#110994006>				<https://panlex.org/snapshot/panlex-20191001-csv/2893#110994164>		"аразны"@ab	
"aluminium"@nb	<https://panlex.org/snapshot/panlex-20191001-csv/2893#110991427>				<https://panlex.org/snapshot/panlex-20191001-csv/2893#110991377>		"алиумини"@ab	
"natrium"@nb	<https://panlex.org/snapshot/panlex-20191001-csv/2893#110990895>				<https://panlex.org/snapshot/panlex-20191001-csv/2893#110990894>		"анатри"@ab	
"brom"@nb	<https://panlex.org/snapshot/panlex-20191001-csv/2893#110993812>				<https://panlex.org/snapshot/panlex-20191001-csv/2893#110993832>		"абром"@ab	
"silisium"@nb	<https://panlex.org/snapshot/panlex-20191001-csv/2893#110991617>				<https://panlex.org/snapshot/panlex-20191001-csv/2893#110991507>		"акремни"@ab	
"magnesium"@nb	<https://panlex.org/snapshot/panlex-20191001-csv/2893#110991229>				<https://panlex.org/snapshot/panlex-20191001-csv/2893#110991145>		"амагни"@ab	
"surstoff"@nb	<https://panlex.org/snapshot/panlex-20191001-csv/2893#110990387>				<https://panlex.org/snapshot/panlex-20191001-csv/2893#110990448>		"аҵәыҵәри"@ab	
"arsen"@nb	<https://panlex.org/snapshot/panlex-20191001-csv/2893#110993645>				<https://panlex.org/snapshot/panlex-20191001-csv/2893#110993595>		"аҳәынаԥшьыга"@ab	
"platina"@nb	<https://panlex.org/snapshot/panlex-20191001-csv/2893#110994965>				<https://panlex.org/snapshot/panlex-20191001-csv/2893#110995017>		"аплатина"@ab	
"fosfor"@nb	<https://panlex.org/snapshot/panlex-20191001-csv/2893#110991705>				<https://panlex.org/snapshot/panlex-20191001-csv/2893#110991807>		"афосфор"@ab	
"bor"@nb	<https://panlex.org/snapshot/panlex-20191001-csv/2893#110989851>				<https://panlex.org/snapshot/panlex-20191001-csv/2893#110989830>		"абор"@ab	
"bly"@nb	<https://panlex.org/snapshot/panlex-20191001-csv/2893#110995599>				<https://panlex.org/snapshot/panlex-20191001-csv/2893#110995693>		"атса"@ab	
"wolfram"@nb	<https://panlex.org/snapshot/panlex-20191001-csv/2893#110994872>				<https://panlex.org/snapshot/panlex-20191001-csv/2893#110994910>		"аволфрам"@ab	
"nitrogen"@nb	<https://panlex.org/snapshot/panlex-20191001-csv/2893#110990158>				<https://panlex.org/snapshot/panlex-20191001-csv/2893#110990114>		"азот"@ab	
"nitrogen"@nb	<https://panlex.org/snapshot/panlex-20191001-csv/2893#110990158>				<https://panlex.org/snapshot/panlex-20191001-csv/2893#110990243>		"аԥсҭам"@ab	
"oksygen"@nb	<https://panlex.org/snapshot/panlex-20191001-csv/2893#110990346>				<https://panlex.org/snapshot/panlex-20191001-csv/2893#110990448>		"аҵәыҵәри"@ab	
"antimon"@nb	<https://panlex.org/snapshot/panlex-20191001-csv/2893#110994377>				<https://panlex.org/snapshot/panlex-20191001-csv/2893#110994375>		"асурьма"@ab	
"tinn"@nb	<https://panlex.org/snapshot/panlex-20191001-csv/2893#110994326>				<https://panlex.org/snapshot/panlex-20191001-csv/2893#110994314>		"акалеи"@ab	
"gull"@nb	<https://panlex.org/snapshot/panlex-20191001-csv/2893#110995197>				<https://panlex.org/snapshot/panlex-20191001-csv/2893#110995168>		"ахьы"@ab	
"kobolt"@nb	<https://panlex.org/snapshot/panlex-20191001-csv/2893#110992798>				<https://panlex.org/snapshot/panlex-20191001-csv/2893#110992886>		"акобалт"@ab	
"sink"@nb	<https://panlex.org/snapshot/panlex-20191001-csv/2893#110993519>				<https://panlex.org/snapshot/panlex-20191001-csv/2893#110993494>		"ацинк"@ab	
"fluor"@nb	<https://panlex.org/snapshot/panlex-20191001-csv/2893#110990608>				<https://panlex.org/snapshot/panlex-20191001-csv/2893#110990592>		"афтор"@ab	
"nikkel"@nb	<https://panlex.org/snapshot/panlex-20191001-csv/2893#110992987>				<https://panlex.org/snapshot/panlex-20191001-csv/2893#110993109>		"аникел"@ab	
"hydrogen"@nb	<https://panlex.org/snapshot/panlex-20191001-csv/2893#110989462>				<https://panlex.org/snapshot/panlex-20191001-csv/2893#110989417>		"аӡри"@ab	
"kalium"@nb	<https://panlex.org/snapshot/panlex-20191001-csv/2893#110992358>				<https://panlex.org/snapshot/panlex-20191001-csv/2893#110992240>		"акали"@ab	
"jern"@nb	<https://panlex.org/snapshot/panlex-20191001-csv/2893#110992719>				<https://panlex.org/snapshot/panlex-20191001-csv/2893#110992655>		"аиха"@ab	
"helium"@nb	<https://panlex.org/snapshot/panlex-20191001-csv/2893#110989570>				<https://panlex.org/snapshot/panlex-20191001-csv/2893#110989553>		"агели"@ab	
"kobber"@nb	<https://panlex.org/snapshot/panlex-20191001-csv/2893#110993237>				<https://panlex.org/snapshot/panlex-20191001-csv/2893#110993214>		"абҩа"@ab	
"periodiske system"@nb	<https://panlex.org/snapshot/panlex-20191001-csv/2893#110989128>				<https://panlex.org/snapshot/panlex-20191001-csv/2893#110989152>		"апериодикатә асистема"@ab	
"klor"@nb	<https://panlex.org/snapshot/panlex-20191001-csv/2893#110992159>				<https://panlex.org/snapshot/panlex-20191001-csv/2893#110992104>		"ахлор"@ab	
"svovel"@nb	<https://panlex.org/snapshot/panlex-20191001-csv/2893#110991851>				<https://panlex.org/snapshot/panlex-20191001-csv/2893#110991953>		"атыҩша"@ab	
"uran"@nb	<https://panlex.org/snapshot/panlex-20191001-csv/2893#110995894>				<https://panlex.org/snapshot/panlex-20191001-csv/2893#110995918>		"ауран"@ab	
"kalsium"@nb	<https://panlex.org/snapshot/panlex-20191001-csv/2893#110992537>				<https://panlex.org/snapshot/panlex-20191001-csv/2893#110992444>		"акалци"@ab	
"kopper"@nb	<https://panlex.org/snapshot/panlex-20191001-csv/2893#110993340>				<https://panlex.org/snapshot/panlex-20191001-csv/2893#110993214>		"абҩа"@ab	
"De Forente Nasjoner"@nb	<https://panlex.org/snapshot/panlex-20191001-csv/2894#111101919>				<https://panlex.org/snapshot/panlex-20191001-csv/2894#111102052>		"Еиду Амилаҭқәа Реиҿкаара"@ab	
"Afrikanske Union"@nb	<https://panlex.org/snapshot/panlex-20191001-csv/2894#111099475>				<https://panlex.org/snapshot/panlex-20191001-csv/2894#111099647>		"Африкатәи Аидгыла"@ab	
"FN"@nb	<https://panlex.org/snapshot/panlex-20191001-csv/2894#111101973>				<https://panlex.org/snapshot/panlex-20191001-csv/2894#111102052>		"Еиду Амилаҭқәа Реиҿкаара"@ab	
"EU"@nb	<https://panlex.org/snapshot/panlex-20191001-csv/2894#111100316>				<https://panlex.org/snapshot/panlex-20191001-csv/2894#111100375>		"Европатәи Аидгыла"@ab	
"AU"@nb	<https://panlex.org/snapshot/panlex-20191001-csv/2894#111099608>				<https://panlex.org/snapshot/panlex-20191001-csv/2894#111099647>		"Африкатәи Аидгыла"@ab	
"Røde Kors"@nb	<https://panlex.org/snapshot/panlex-20191001-csv/2894#111101586>				<https://panlex.org/snapshot/panlex-20191001-csv/2894#111101581>		"Аџьар Ҟаԥшь"@ab	
"Den Europeiske Union"@nb	<https://panlex.org/snapshot/panlex-20191001-csv/2894#111100278>				<https://panlex.org/snapshot/panlex-20191001-csv/2894#111100375>		"Европатәи Аидгыла"@ab	
"mandag"@nb	<https://panlex.org/snapshot/panlex-20191001-csv/2892#110824137>				<https://panlex.org/snapshot/panlex-20191001-csv/2892#110824130>		"ашәахьа"@ab	
"fredag"@nb	<https://panlex.org/snapshot/panlex-20191001-csv/2892#110826101>				<https://panlex.org/snapshot/panlex-20191001-csv/2892#110825754>		"ахәаша"@ab	
"lørdag"@nb	<https://panlex.org/snapshot/panlex-20191001-csv/2892#110826502>				<https://panlex.org/snapshot/panlex-20191001-csv/2892#110826136>		"асабша"@ab	
"torsdag"@nb	<https://panlex.org/snapshot/panlex-20191001-csv/2892#110825522>				<https://panlex.org/snapshot/panlex-20191001-csv/2892#110825679>		"аԥшьаша"@ab	
"onsdag"@nb	<https://panlex.org/snapshot/panlex-20191001-csv/2892#110825164>				<https://panlex.org/snapshot/panlex-20191001-csv/2892#110824970>		"ахаша"@ab	
"tirsdag"@nb	<https://panlex.org/snapshot/panlex-20191001-csv/2892#110824799>				<https://panlex.org/snapshot/panlex-20191001-csv/2892#110824593>		"аҩаша"@ab	
"søndag"@nb	<https://panlex.org/snapshot/panlex-20191001-csv/2892#110826944>				<https://panlex.org/snapshot/panlex-20191001-csv/2892#110826957>		"амҽыша"@ab	
"februar"@nb	<https://panlex.org/snapshot/panlex-20191001-csv/2897#110827557>				<https://panlex.org/snapshot/panlex-20191001-csv/2897#110827776>		"феврал"@ab	
"februar"@nb	<https://panlex.org/snapshot/panlex-20191001-csv/2897#110827557>				<https://panlex.org/snapshot/panlex-20191001-csv/2897#110827660>		"жәабран"@ab	
"juli"@nb	<https://panlex.org/snapshot/panlex-20191001-csv/2897#110829743>				<https://panlex.org/snapshot/panlex-20191001-csv/2897#110829791>		"ԥхынгәы"@ab	
"juli"@nb	<https://panlex.org/snapshot/panlex-20191001-csv/2897#110829743>				<https://panlex.org/snapshot/panlex-20191001-csv/2897#110829543>		"ииул"@ab	
"januar"@nb	<https://panlex.org/snapshot/panlex-20191001-csv/2897#110827417>				<https://panlex.org/snapshot/panlex-20191001-csv/2897#110827368>		"ианвар"@ab	
"januar"@nb	<https://panlex.org/snapshot/panlex-20191001-csv/2897#110827417>				<https://panlex.org/snapshot/panlex-20191001-csv/2897#110827314>		"ажьырныҳәа"@ab	
"desember"@nb	<https://panlex.org/snapshot/panlex-20191001-csv/2897#110831859>				<https://panlex.org/snapshot/panlex-20191001-csv/2897#110831964>		"декабр"@ab	
"desember"@nb	<https://panlex.org/snapshot/panlex-20191001-csv/2897#110831859>				<https://panlex.org/snapshot/panlex-20191001-csv/2897#110831857>		"ԥхынҷкәын"@ab	
"august"@nb	<https://panlex.org/snapshot/panlex-20191001-csv/2897#110829980>				<https://panlex.org/snapshot/panlex-20191001-csv/2897#110829886>		"нанҳәа"@ab	
"august"@nb	<https://panlex.org/snapshot/panlex-20191001-csv/2897#110829980>				<https://panlex.org/snapshot/panlex-20191001-csv/2897#110830269>		"август"@ab	
"juni"@nb	<https://panlex.org/snapshot/panlex-20191001-csv/2897#110829463>				<https://panlex.org/snapshot/panlex-20191001-csv/2897#110829397>		"рашәара"@ab	
"juni"@nb	<https://panlex.org/snapshot/panlex-20191001-csv/2897#110829463>				<https://panlex.org/snapshot/panlex-20191001-csv/2897#110829283>		"ииун"@ab	
"mai"@nb	<https://panlex.org/snapshot/panlex-20191001-csv/2897#110828794>				<https://panlex.org/snapshot/panlex-20191001-csv/2897#110828693>		"маи"@ab	
"mai"@nb	<https://panlex.org/snapshot/panlex-20191001-csv/2897#110828794>				<https://panlex.org/snapshot/panlex-20191001-csv/2897#110828856>		"лаҵара"@ab	
"april"@nb	<https://panlex.org/snapshot/panlex-20191001-csv/2897#110828346>				<https://panlex.org/snapshot/panlex-20191001-csv/2897#110828310>		"мшаԥы"@ab	
"april"@nb	<https://panlex.org/snapshot/panlex-20191001-csv/2897#110828346>				<https://panlex.org/snapshot/panlex-20191001-csv/2897#110828644>		"апрел"@ab	
"november"@nb	<https://panlex.org/snapshot/panlex-20191001-csv/2897#110831524>				<https://panlex.org/snapshot/panlex-20191001-csv/2897#110831348>		"абҵара"@ab	
"november"@nb	<https://panlex.org/snapshot/panlex-20191001-csv/2897#110831524>				<https://panlex.org/snapshot/panlex-20191001-csv/2897#110831377>		"ноиабр"@ab	
"september"@nb	<https://panlex.org/snapshot/panlex-20191001-csv/2897#110830402>				<https://panlex.org/snapshot/panlex-20191001-csv/2897#110830637>		"цәыббра"@ab	
"september"@nb	<https://panlex.org/snapshot/panlex-20191001-csv/2897#110830402>				<https://panlex.org/snapshot/panlex-20191001-csv/2897#110830477>		"сентиабр"@ab	
"mars"@nb	<https://panlex.org/snapshot/panlex-20191001-csv/2897#110827904>				<https://panlex.org/snapshot/panlex-20191001-csv/2897#110827959>		"хәажәкыра"@ab	
"mars"@nb	<https://panlex.org/snapshot/panlex-20191001-csv/2897#110827904>				<https://panlex.org/snapshot/panlex-20191001-csv/2897#110828226>		"март"@ab	
"oktober"@nb	<https://panlex.org/snapshot/panlex-20191001-csv/2897#110831120>				<https://panlex.org/snapshot/panlex-20191001-csv/2897#110830909>		"жьҭаара"@ab	
"oktober"@nb	<https://panlex.org/snapshot/panlex-20191001-csv/2897#110831120>				<https://panlex.org/snapshot/panlex-20191001-csv/2897#110830734>		"октиабр"@ab	
"Afrika"@nb	<https://panlex.org/snapshot/panlex-20191001-csv/2891#110853011>				<https://panlex.org/snapshot/panlex-20191001-csv/2891#110853071>		"Африка"@ab	
"Antarktika"@nb	<https://panlex.org/snapshot/panlex-20191001-csv/2891#110853572>				<https://panlex.org/snapshot/panlex-20191001-csv/2891#110853722>		"Антарктида"@ab	
"Asia"@nb	<https://panlex.org/snapshot/panlex-20191001-csv/2891#110853786>				<https://panlex.org/snapshot/panlex-20191001-csv/2891#110853962>		"Азиа"@ab	
"Amerika"@nb	<https://panlex.org/snapshot/panlex-20191001-csv/2891#110853271>				<https://panlex.org/snapshot/panlex-20191001-csv/2891#110853393>		"Америка"@ab	
"Europa"@nb	<https://panlex.org/snapshot/panlex-20191001-csv/2891#110854181>				<https://panlex.org/snapshot/panlex-20191001-csv/2891#110854165>		"Европа"@ab	
"Oseania"@nb	<https://panlex.org/snapshot/panlex-20191001-csv/2891#110854429>				<https://panlex.org/snapshot/panlex-20191001-csv/2891#110854348>		"Океаниа"@ab	
"Andesfjellene"@nb	<https://panlex.org/snapshot/panlex-20191001-csv/2896#110866070>				<https://panlex.org/snapshot/panlex-20191001-csv/2896#110866040>		"Андқәа"@ab	
"Alpene"@nb	<https://panlex.org/snapshot/panlex-20191001-csv/2896#110865871>				<https://panlex.org/snapshot/panlex-20191001-csv/2896#110865976>		"Алпқәа"@ab	
"Andes"@nb	<https://panlex.org/snapshot/panlex-20191001-csv/2896#110866084>				<https://panlex.org/snapshot/panlex-20191001-csv/2896#110866040>		"Андқәа"@ab	
"Himalaya"@nb	<https://panlex.org/snapshot/panlex-20191001-csv/2896#110866611>				<https://panlex.org/snapshot/panlex-20191001-csv/2896#110866515>		"Ӷималаиқәа"@ab	
"Rocky Mountains"@nb	<https://panlex.org/snapshot/panlex-20191001-csv/2896#110866774>				<https://panlex.org/snapshot/panlex-20191001-csv/2896#110866776>		"Абахә ашьхақәа"@ab	
"Rocky Mountains"@nb	<https://panlex.org/snapshot/panlex-20191001-csv/2896#110866774>				<https://panlex.org/snapshot/panlex-20191001-csv/2896#110866812>		"Абахәра ашьхақәа"@ab	
