"mandag"@nb	<https://panlex.org/snapshot/panlex-20191001-csv/2892#110824137>				<https://panlex.org/snapshot/panlex-20191001-csv/2892#110824071>		"lundo"@neu	
"fredag"@nb	<https://panlex.org/snapshot/panlex-20191001-csv/2892#110826101>				<https://panlex.org/snapshot/panlex-20191001-csv/2892#110825846>		"venso"@neu	
"lørdag"@nb	<https://panlex.org/snapshot/panlex-20191001-csv/2892#110826502>				<https://panlex.org/snapshot/panlex-20191001-csv/2892#110826233>		"sab"@neu	
"torsdag"@nb	<https://panlex.org/snapshot/panlex-20191001-csv/2892#110825522>				<https://panlex.org/snapshot/panlex-20191001-csv/2892#110825281>		"jov"@neu	
"onsdag"@nb	<https://panlex.org/snapshot/panlex-20191001-csv/2892#110825164>				<https://panlex.org/snapshot/panlex-20191001-csv/2892#110824883>		"mirko"@neu	
"tirsdag"@nb	<https://panlex.org/snapshot/panlex-20191001-csv/2892#110824799>				<https://panlex.org/snapshot/panlex-20191001-csv/2892#110824578>		"tud"@neu	
"søndag"@nb	<https://panlex.org/snapshot/panlex-20191001-csv/2892#110826944>				<https://panlex.org/snapshot/panlex-20191001-csv/2892#110826966>		"dominko"@neu	
"søndag"@nb	<https://panlex.org/snapshot/panlex-20191001-csv/2892#110826944>				<https://panlex.org/snapshot/panlex-20191001-csv/2892#110826644>		"domin"@neu	
"februar"@nb	<https://panlex.org/snapshot/panlex-20191001-csv/2897#110827557>				<https://panlex.org/snapshot/panlex-20191001-csv/2897#110827819>		"febrar"@neu	
"juli"@nb	<https://panlex.org/snapshot/panlex-20191001-csv/2897#110829743>				<https://panlex.org/snapshot/panlex-20191001-csv/2897#110829492>		"yul"@neu	
"januar"@nb	<https://panlex.org/snapshot/panlex-20191001-csv/2897#110827417>				<https://panlex.org/snapshot/panlex-20191001-csv/2897#110827227>		"janar"@neu	
"desember"@nb	<https://panlex.org/snapshot/panlex-20191001-csv/2897#110831859>				<https://panlex.org/snapshot/panlex-20191001-csv/2897#110831959>		"decem"@neu	
"desember"@nb	<https://panlex.org/snapshot/panlex-20191001-csv/2897#110831859>				<https://panlex.org/snapshot/panlex-20191001-csv/2897#110831838>		"decembro"@neu	
"august"@nb	<https://panlex.org/snapshot/panlex-20191001-csv/2897#110829980>				<https://panlex.org/snapshot/panlex-20191001-csv/2897#110830205>		"agost"@neu	
"juni"@nb	<https://panlex.org/snapshot/panlex-20191001-csv/2897#110829463>				<https://panlex.org/snapshot/panlex-20191001-csv/2897#110829340>		"yunyo"@neu	
"mai"@nb	<https://panlex.org/snapshot/panlex-20191001-csv/2897#110828794>				<https://panlex.org/snapshot/panlex-20191001-csv/2897#110828955>		"mey"@neu	
"april"@nb	<https://panlex.org/snapshot/panlex-20191001-csv/2897#110828346>				<https://panlex.org/snapshot/panlex-20191001-csv/2897#110828529>		"april"@neu	
"november"@nb	<https://panlex.org/snapshot/panlex-20191001-csv/2897#110831524>				<https://panlex.org/snapshot/panlex-20191001-csv/2897#110831156>		"novembro"@neu	
"november"@nb	<https://panlex.org/snapshot/panlex-20191001-csv/2897#110831524>				<https://panlex.org/snapshot/panlex-20191001-csv/2897#110831398>		"novem"@neu	
"september"@nb	<https://panlex.org/snapshot/panlex-20191001-csv/2897#110830402>				<https://panlex.org/snapshot/panlex-20191001-csv/2897#110830344>		"septembro"@neu	
"september"@nb	<https://panlex.org/snapshot/panlex-20191001-csv/2897#110830402>				<https://panlex.org/snapshot/panlex-20191001-csv/2897#110830678>		"septem"@neu	
"mars"@nb	<https://panlex.org/snapshot/panlex-20191001-csv/2897#110827904>				<https://panlex.org/snapshot/panlex-20191001-csv/2897#110828032>		"mars"@neu	
"oktober"@nb	<https://panlex.org/snapshot/panlex-20191001-csv/2897#110831120>				<https://panlex.org/snapshot/panlex-20191001-csv/2897#110831041>		"oktobbro"@neu	
"oktober"@nb	<https://panlex.org/snapshot/panlex-20191001-csv/2897#110831120>				<https://panlex.org/snapshot/panlex-20191001-csv/2897#110830878>		"oktob"@neu	
