"pitu"@sjm	<https://panlex.org/snapshot/panlex-20191001-csv/114#8055134>				<https://panlex.org/snapshot/panlex-20191001-csv/114#8054984>		"velet"@lzl	
"pitu"@sjm	<https://panlex.org/snapshot/panlex-20191001-csv/114#8055134>				<https://panlex.org/snapshot/panlex-20191001-csv/114#8054983>		"vale"@lzl	
"battis"@sjm	<https://panlex.org/snapshot/panlex-20191001-csv/114#8053528>				<https://panlex.org/snapshot/panlex-20191001-csv/114#8053360>		"dalen"@lzl	
"sangngok-sangngok"@sjm	<https://panlex.org/snapshot/panlex-20191001-csv/114#8066377>				<https://panlex.org/snapshot/panlex-20191001-csv/114#8066226>		"ingus"@lzl	
"kayli"@sjm	<https://panlex.org/snapshot/panlex-20191001-csv/114#8052530>				<https://panlex.org/snapshot/panlex-20191001-csv/114#8052387>		"xəmir"@lzl	
"likoʼ"@sjm	<https://panlex.org/snapshot/panlex-20191001-csv/114#8055631>				<https://panlex.org/snapshot/panlex-20191001-csv/114#8055478>		"vələs"@lzl	
"likoʼ"@sjm	<https://panlex.org/snapshot/panlex-20191001-csv/114#8055631>				<https://panlex.org/snapshot/panlex-20191001-csv/114#8055477>		"rəvəxes"@lzl	
"kanna"@sjm	<https://panlex.org/snapshot/panlex-20191001-csv/114#8062252>				<https://panlex.org/snapshot/panlex-20191001-csv/114#8062109>		"nsəmnsəm"@lzl	
"kanna"@sjm	<https://panlex.org/snapshot/panlex-20191001-csv/114#8062252>				<https://panlex.org/snapshot/panlex-20191001-csv/114#8062110>		"var"@lzl	
"paling"@sjm	<https://panlex.org/snapshot/panlex-20191001-csv/114#8055632>				<https://panlex.org/snapshot/panlex-20191001-csv/114#8055478>		"vələs"@lzl	
"paling"@sjm	<https://panlex.org/snapshot/panlex-20191001-csv/114#8055632>				<https://panlex.org/snapshot/panlex-20191001-csv/114#8055477>		"rəvəxes"@lzl	
"lahaʼ"@sjm	<https://panlex.org/snapshot/panlex-20191001-csv/114#8063254>				<https://panlex.org/snapshot/panlex-20191001-csv/114#8063091>		"nede"@lzl	
"lumān"@sjm	<https://panlex.org/snapshot/panlex-20191001-csv/114#8054113>				<https://panlex.org/snapshot/panlex-20191001-csv/114#8053943>		"seso"@lzl	
"lumān"@sjm	<https://panlex.org/snapshot/panlex-20191001-csv/114#8054113>				<https://panlex.org/snapshot/panlex-20191001-csv/114#8053942>		"lungolung"@lzl	
"lumān"@sjm	<https://panlex.org/snapshot/panlex-20191001-csv/114#8054113>				<https://panlex.org/snapshot/panlex-20191001-csv/114#8053941>		"ilel"@lzl	
"impon"@sjm	<https://panlex.org/snapshot/panlex-20191001-csv/114#8067465>				<https://panlex.org/snapshot/panlex-20191001-csv/114#8067300>		"nelvən"@lzl	
"kawnan"@sjm	<https://panlex.org/snapshot/panlex-20191001-csv/114#8052991>				<https://panlex.org/snapshot/panlex-20191001-csv/114#8052852>		"xəmutu"@lzl	
"battong"@sjm	<https://panlex.org/snapshot/panlex-20191001-csv/114#8058680>				<https://panlex.org/snapshot/panlex-20191001-csv/114#8058500>		"daba(x)an"@lzl	
"bibud"@sjm	<https://panlex.org/snapshot/panlex-20191001-csv/114#8055629>				<https://panlex.org/snapshot/panlex-20191001-csv/114#8055478>		"vələs"@lzl	
"bibud"@sjm	<https://panlex.org/snapshot/panlex-20191001-csv/114#8055629>				<https://panlex.org/snapshot/panlex-20191001-csv/114#8055477>		"rəvəxes"@lzl	
"babat"@sjm	<https://panlex.org/snapshot/panlex-20191001-csv/114#8058679>				<https://panlex.org/snapshot/panlex-20191001-csv/114#8058500>		"daba(x)an"@lzl	
"babat"@sjm	<https://panlex.org/snapshot/panlex-20191001-csv/114#8059681>				<https://panlex.org/snapshot/panlex-20191001-csv/114#8059536>		"nesnen"@lzl	
"ūk"@sjm	<https://panlex.org/snapshot/panlex-20191001-csv/114#8066378>				<https://panlex.org/snapshot/panlex-20191001-csv/114#8066226>		"ingus"@lzl	
