"diloq"@atd	<https://panlex.org/snapshot/panlex-20191001-csv/114#8067625>				<https://panlex.org/snapshot/panlex-20191001-csv/114#8067920>		"mena-"@nmk	
"bulbul"@atd	<https://panlex.org/snapshot/panlex-20191001-csv/114#8064503>				<https://panlex.org/snapshot/panlex-20191001-csv/114#8064809>		"vili-"@nmk	
"susu"@atd	<https://panlex.org/snapshot/panlex-20191001-csv/114#8060313>				<https://panlex.org/snapshot/panlex-20191001-csv/114#8060651>		"na-mumuh"@nmk	
"gibang"@atd	<https://panlex.org/snapshot/panlex-20191001-csv/114#8052204>				<https://panlex.org/snapshot/panlex-20191001-csv/114#8052473>		"mo"@nmk	
"qulu"@atd	<https://panlex.org/snapshot/panlex-20191001-csv/114#8063413>				<https://panlex.org/snapshot/panlex-20191001-csv/114#8063734>		"baʼi-"@nmk	
"ngipon"@atd	<https://panlex.org/snapshot/panlex-20191001-csv/114#8067075>				<https://panlex.org/snapshot/panlex-20191001-csv/114#8067398>		"bati-"@nmk	
"kawanan"@atd	<https://panlex.org/snapshot/panlex-20191001-csv/114#8052674>				<https://panlex.org/snapshot/panlex-20191001-csv/114#8052936>		"matiʼ"@nmk	
"poka"@atd	<https://panlex.org/snapshot/panlex-20191001-csv/114#8057786>				<https://panlex.org/snapshot/panlex-20191001-csv/114#8058073>		"maŋo-"@nmk	
"poka"@atd	<https://panlex.org/snapshot/panlex-20191001-csv/114#8057786>				<https://panlex.org/snapshot/panlex-20191001-csv/114#8058074>		"tak"@nmk	
"liog"@atd	<https://panlex.org/snapshot/panlex-20191001-csv/114#8063967>				<https://panlex.org/snapshot/panlex-20191001-csv/114#8064271>		"noʼa-"@nmk	
"hipanow"@atd	<https://panlex.org/snapshot/panlex-20191001-csv/114#8053701>				<https://panlex.org/snapshot/panlex-20191001-csv/114#8054044>		"daliw"@nmk	
