"fétal"@mrl	<https://panlex.org/snapshot/panlex-20191001-csv/114#8053999>				<https://panlex.org/snapshot/panlex-20191001-csv/114#8054224>		"ʼmona"@vme	
"pɛshe"@mrl	<https://panlex.org/snapshot/panlex-20191001-csv/114#8053415>				<https://panlex.org/snapshot/panlex-20191001-csv/114#8053639>		"ʼor"@vme	
"pwoot"@mrl	<https://panlex.org/snapshot/panlex-20191001-csv/114#8065328>				<https://panlex.org/snapshot/panlex-20191001-csv/114#8065540>		"ʼirə"@vme	
"paWú-(n)"@mrl	<https://panlex.org/snapshot/panlex-20191001-csv/114#8051929>				<https://panlex.org/snapshot/panlex-20191001-csv/114#8052149>		"ʼnim"@vme	
"kumwushu-(n)"@mrl	<https://panlex.org/snapshot/panlex-20191001-csv/114#8051928>				<https://panlex.org/snapshot/panlex-20191001-csv/114#8052149>		"ʼnim"@vme	
