"me-sɛk"@mrl	<https://panlex.org/snapshot/panlex-20191001-csv/114#8062654>				<https://panlex.org/snapshot/panlex-20191001-csv/114#8062697>		"ŋən"@nwi	
"fétal"@mrl	<https://panlex.org/snapshot/panlex-20191001-csv/114#8053999>				<https://panlex.org/snapshot/panlex-20191001-csv/114#8054048>		"eliuok"@nwi	
"pɛshe"@mrl	<https://panlex.org/snapshot/panlex-20191001-csv/114#8053415>				<https://panlex.org/snapshot/panlex-20191001-csv/114#8053467>		"nuhu-"@nwi	
"sakúré-"@mrl	<https://panlex.org/snapshot/panlex-20191001-csv/114#8058033>				<https://panlex.org/snapshot/panlex-20191001-csv/114#8058077>		"nəmweitaa-"@nwi	
"pwoot"@mrl	<https://panlex.org/snapshot/panlex-20191001-csv/114#8065328>				<https://panlex.org/snapshot/panlex-20191001-csv/114#8065375>		"nəpwaŋnhiŋ-"@nwi	
"téŋé-(w)"@mrl	<https://panlex.org/snapshot/panlex-20191001-csv/114#8066278>				<https://panlex.org/snapshot/panlex-20191001-csv/114#8066323>		"ələŋ"@nwi	
"maŋimaŋɛ"@mrl	<https://panlex.org/snapshot/panlex-20191001-csv/114#8062153>				<https://panlex.org/snapshot/panlex-20191001-csv/114#8062193>		"ləki-n l-uh"@nwi	
"paWú-(n)"@mrl	<https://panlex.org/snapshot/panlex-20191001-csv/114#8051929>				<https://panlex.org/snapshot/panlex-20191001-csv/114#8051980>		"kwa|lm-"@nwi	
"kumwushu-(n)"@mrl	<https://panlex.org/snapshot/panlex-20191001-csv/114#8051928>				<https://panlex.org/snapshot/panlex-20191001-csv/114#8051980>		"kwa|lm-"@nwi	
"awúfar"@mrl	<https://panlex.org/snapshot/panlex-20191001-csv/114#8061130>				<https://panlex.org/snapshot/panlex-20191001-csv/114#8061174>		"nua-"@nwi	
