"me-sɛk"@mrl	<https://panlex.org/snapshot/panlex-20191001-csv/114#8062654>				<https://panlex.org/snapshot/panlex-20191001-csv/114#8062621>		"qandɨk"@mbi	
"fétal"@mrl	<https://panlex.org/snapshot/panlex-20191001-csv/114#8053999>				<https://panlex.org/snapshot/panlex-20191001-csv/114#8053967>		"qipanɨw"@mbi	
"pɛshe"@mrl	<https://panlex.org/snapshot/panlex-20191001-csv/114#8053415>				<https://panlex.org/snapshot/panlex-20191001-csv/114#8053381>		"paqa"@mbi	
"sakúré-"@mrl	<https://panlex.org/snapshot/panlex-20191001-csv/114#8058033>				<https://panlex.org/snapshot/panlex-20191001-csv/114#8058005>		"pɨka"@mbi	
"pwoot"@mrl	<https://panlex.org/snapshot/panlex-20191001-csv/114#8065328>				<https://panlex.org/snapshot/panlex-20191001-csv/114#8065293>		"qirung"@mbi	
"téŋé-(w)"@mrl	<https://panlex.org/snapshot/panlex-20191001-csv/114#8066278>				<https://panlex.org/snapshot/panlex-20191001-csv/114#8066246>		"qɨbpɨngarɨk"@mbi	
"paWú-(n)"@mrl	<https://panlex.org/snapshot/panlex-20191001-csv/114#8051929>				<https://panlex.org/snapshot/panlex-20191001-csv/114#8051894>		"bɨlad"@mbi	
"kumwushu-(n)"@mrl	<https://panlex.org/snapshot/panlex-20191001-csv/114#8051928>				<https://panlex.org/snapshot/panlex-20191001-csv/114#8051894>		"bɨlad"@mbi	
"awúfar"@mrl	<https://panlex.org/snapshot/panlex-20191001-csv/114#8061130>				<https://panlex.org/snapshot/panlex-20191001-csv/114#8061101>		"pɨmɨnayan"@mbi	
