"Haiti"@luy	<https://panlex.org/snapshot/panlex-20191001-csv/6898#113634650>				<https://panlex.org/snapshot/panlex-20191001-csv/6898#113634626>		"Hayti"@tzm	
"Ekwado"@luy	<https://panlex.org/snapshot/panlex-20191001-csv/6898#113611021>				<https://panlex.org/snapshot/panlex-20191001-csv/6898#113610983>		"Ikwaḍur"@tzm	
"Timori ya Mashariki"@luy	<https://panlex.org/snapshot/panlex-20191001-csv/6898#113632673>				<https://panlex.org/snapshot/panlex-20191001-csv/6898#113632768>		"Timur Tagmuṭ"@tzm	
"Kodivaa"@luy	<https://panlex.org/snapshot/panlex-20191001-csv/6898#113640447>				<https://panlex.org/snapshot/panlex-20191001-csv/6898#113640428>		"Taɣazut n Uszer"@tzm	
"Kiribati"@luy	<https://panlex.org/snapshot/panlex-20191001-csv/6898#113603179>				<https://panlex.org/snapshot/panlex-20191001-csv/6898#113603021>		"Kiribati"@tzm	
"Bahama"@luy	<https://panlex.org/snapshot/panlex-20191001-csv/6898#113592756>				<https://panlex.org/snapshot/panlex-20191001-csv/6898#113592754>		"Bahamas"@tzm	
"Moroko"@luy	<https://panlex.org/snapshot/panlex-20191001-csv/6898#113636075>				<https://panlex.org/snapshot/panlex-20191001-csv/6898#113635930>		"Meṛṛuk"@tzm	
"Vietinamu"@luy	<https://panlex.org/snapshot/panlex-20191001-csv/6898#113623624>				<https://panlex.org/snapshot/panlex-20191001-csv/6898#113623652>		"Viṭnam"@tzm	
"Denmaki"@luy	<https://panlex.org/snapshot/panlex-20191001-csv/6898#113629493>				<https://panlex.org/snapshot/panlex-20191001-csv/6898#113629464>		"Danmark"@tzm	
"Jibralta"@luy	<https://panlex.org/snapshot/panlex-20191001-csv/6898#113593024>				<https://panlex.org/snapshot/panlex-20191001-csv/6898#113593058>		"Jibralṭar"@tzm	
"Katari"@luy	<https://panlex.org/snapshot/panlex-20191001-csv/6898#113636765>				<https://panlex.org/snapshot/panlex-20191001-csv/6898#113636882>		"Qaṭar"@tzm	
"Zambia"@luy	<https://panlex.org/snapshot/panlex-20191001-csv/6898#113617453>				<https://panlex.org/snapshot/panlex-20191001-csv/6898#113617328>		"Zambya"@tzm	
"Gambia"@luy	<https://panlex.org/snapshot/panlex-20191001-csv/6898#113631348>				<https://panlex.org/snapshot/panlex-20191001-csv/6898#113631283>		"Gambya"@tzm	
"Jamhuri ya Dominika"@luy	<https://panlex.org/snapshot/panlex-20191001-csv/6898#113603514>				<https://panlex.org/snapshot/panlex-20191001-csv/6898#113603518>		"Tagduda n Ḍuminikan"@tzm	
"Jamhuri ya Afrika ya Kati"@luy	<https://panlex.org/snapshot/panlex-20191001-csv/6898#113591388>				<https://panlex.org/snapshot/panlex-20191001-csv/6898#113591390>		"Tagduda n Afrika Wammas"@tzm	
"Uholanzi"@luy	<https://panlex.org/snapshot/panlex-20191001-csv/6898#113635790>				<https://panlex.org/snapshot/panlex-20191001-csv/6898#113635781>		"Hulanḍa"@tzm	
"Mikronesia"@luy	<https://panlex.org/snapshot/panlex-20191001-csv/6898#113597141>				<https://panlex.org/snapshot/panlex-20191001-csv/6898#113597293>		"Mikrunizya"@tzm	
"Polinesia ya Ufaransa"@luy	<https://panlex.org/snapshot/panlex-20191001-csv/6898#113621135>				<https://panlex.org/snapshot/panlex-20191001-csv/6898#113621084>		"Pulinizya Tafransist"@tzm	
"Mali"@luy	<https://panlex.org/snapshot/panlex-20191001-csv/6898#113615133>				<https://panlex.org/snapshot/panlex-20191001-csv/6898#113615123>		"Mali"@tzm	
"Omani"@luy	<https://panlex.org/snapshot/panlex-20191001-csv/6898#113622664>				<https://panlex.org/snapshot/panlex-20191001-csv/6898#113622592>		"Ɛumman"@tzm	
"Walis na Futuna"@luy	<https://panlex.org/snapshot/panlex-20191001-csv/6898#113638662>				<https://panlex.org/snapshot/panlex-20191001-csv/6898#113638630>		"Walis d Futuna"@tzm	
"Martiniki"@luy	<https://panlex.org/snapshot/panlex-20191001-csv/6898#113585999>				<https://panlex.org/snapshot/panlex-20191001-csv/6898#113586080>		"Martinik"@tzm	
"Santavisenti na Grenadini"@luy	<https://panlex.org/snapshot/panlex-20191001-csv/6898#113611801>				<https://panlex.org/snapshot/panlex-20191001-csv/6898#113611956>		"Santevinsent d Grinadin"@tzm	
"Dominika"@luy	<https://panlex.org/snapshot/panlex-20191001-csv/6898#113599860>				<https://panlex.org/snapshot/panlex-20191001-csv/6898#113599845>		"Ḍuminika"@tzm	
"Albania"@luy	<https://panlex.org/snapshot/panlex-20191001-csv/6898#113637776>				<https://panlex.org/snapshot/panlex-20191001-csv/6898#113637712>		"Albanya"@tzm	
"Lativia"@luy	<https://panlex.org/snapshot/panlex-20191001-csv/6898#113584943>				<https://panlex.org/snapshot/panlex-20191001-csv/6898#113584971>		"Liṭṭunya"@tzm	
"Pakistani"@luy	<https://panlex.org/snapshot/panlex-20191001-csv/6898#113606952>				<https://panlex.org/snapshot/panlex-20191001-csv/6898#113606875>		"Pakistan"@tzm	
"Marekani"@luy	<https://panlex.org/snapshot/panlex-20191001-csv/6898#113597997>				<https://panlex.org/snapshot/panlex-20191001-csv/6898#113597971>		"Iwunak Idduklen n Amirika"@tzm	
"Samoa lya Marekani"@luy	<https://panlex.org/snapshot/panlex-20191001-csv/6898#113606257>				<https://panlex.org/snapshot/panlex-20191001-csv/6898#113606335>		"Samwa Imirikaniyyin"@tzm	
"Vanuatu"@luy	<https://panlex.org/snapshot/panlex-20191001-csv/6898#113628912>				<https://panlex.org/snapshot/panlex-20191001-csv/6898#113628924>		"Vanwatu"@tzm	
"Visiwa vya Falkland"@luy	<https://panlex.org/snapshot/panlex-20191001-csv/6898#113642996>				<https://panlex.org/snapshot/panlex-20191001-csv/6898#113643090>		"Tigzirin n Falkland"@tzm	
"Grenada"@luy	<https://panlex.org/snapshot/panlex-20191001-csv/6898#113604130>				<https://panlex.org/snapshot/panlex-20191001-csv/6898#113604191>		"Grinada"@tzm	
"Belize"@luy	<https://panlex.org/snapshot/panlex-20191001-csv/6898#113608981>				<https://panlex.org/snapshot/panlex-20191001-csv/6898#113608910>		"Biliz"@tzm	
"India"@luy	<https://panlex.org/snapshot/panlex-20191001-csv/6898#113617038>				<https://panlex.org/snapshot/panlex-20191001-csv/6898#113616942>		"Hind"@tzm	
"Burundi"@luy	<https://panlex.org/snapshot/panlex-20191001-csv/6898#113626798>				<https://panlex.org/snapshot/panlex-20191001-csv/6898#113626788>		"Burundi"@tzm	
"Pwetoriko"@luy	<https://panlex.org/snapshot/panlex-20191001-csv/6898#113612503>				<https://panlex.org/snapshot/panlex-20191001-csv/6898#113612489>		"Purturiku"@tzm	
"Laosi"@luy	<https://panlex.org/snapshot/panlex-20191001-csv/6898#113619071>				<https://panlex.org/snapshot/panlex-20191001-csv/6898#113619184>		"Laws"@tzm	
"Bukini"@luy	<https://panlex.org/snapshot/panlex-20191001-csv/6898#113590043>				<https://panlex.org/snapshot/panlex-20191001-csv/6898#113590008>		"Madaɣacqar"@tzm	
"Belarusi"@luy	<https://panlex.org/snapshot/panlex-20191001-csv/6898#113592261>				<https://panlex.org/snapshot/panlex-20191001-csv/6898#113592205>		"Bilarusya"@tzm	
"Benini"@luy	<https://panlex.org/snapshot/panlex-20191001-csv/6898#113607482>				<https://panlex.org/snapshot/panlex-20191001-csv/6898#113607532>		"Binin"@tzm	
"Visiwa vya Marshal"@luy	<https://panlex.org/snapshot/panlex-20191001-csv/6898#113595017>				<https://panlex.org/snapshot/panlex-20191001-csv/6898#113595020>		"Tigzirin n Marcal"@tzm	
"Chadi"@luy	<https://panlex.org/snapshot/panlex-20191001-csv/6898#113643215>				<https://panlex.org/snapshot/panlex-20191001-csv/6898#113643289>		"Tcad"@tzm	
"Kameruni"@luy	<https://panlex.org/snapshot/panlex-20191001-csv/6898#113639120>				<https://panlex.org/snapshot/panlex-20191001-csv/6898#113638992>		"Kamerun"@tzm	
"Masedonia"@luy	<https://panlex.org/snapshot/panlex-20191001-csv/6898#113613365>				<https://panlex.org/snapshot/panlex-20191001-csv/6898#113613419>		"Maqdunya"@tzm	
"Siera Leoni"@luy	<https://panlex.org/snapshot/panlex-20191001-csv/6898#113637136>				<https://panlex.org/snapshot/panlex-20191001-csv/6898#113637054>		"Siralyun"@tzm	
"Sirilanka"@luy	<https://panlex.org/snapshot/panlex-20191001-csv/6898#113609374>				<https://panlex.org/snapshot/panlex-20191001-csv/6898#113609246>		"Srilanka"@tzm	
"Jojia"@luy	<https://panlex.org/snapshot/panlex-20191001-csv/6898#113635141>				<https://panlex.org/snapshot/panlex-20191001-csv/6898#113635138>		"Jyurjya"@tzm	
"Msumbiji"@luy	<https://panlex.org/snapshot/panlex-20191001-csv/6898#113603252>				<https://panlex.org/snapshot/panlex-20191001-csv/6898#113603234>		"Muzambiq"@tzm	
"Santahelena"@luy	<https://panlex.org/snapshot/panlex-20191001-csv/6898#113622782>				<https://panlex.org/snapshot/panlex-20191001-csv/6898#113622766>		"Santehilin"@tzm	
"Ginekweta"@luy	<https://panlex.org/snapshot/panlex-20191001-csv/6898#113633956>				<https://panlex.org/snapshot/panlex-20191001-csv/6898#113633932>		"Ɣinya Tikwaṭur it"@tzm	
"Mongolia"@luy	<https://panlex.org/snapshot/panlex-20191001-csv/6898#113621566>				<https://panlex.org/snapshot/panlex-20191001-csv/6898#113621590>		"Manɣulya"@tzm	
"shibia"@luy	<https://panlex.org/snapshot/panlex-20191001-csv/8#216077>				<https://panlex.org/snapshot/panlex-20191001-csv/8#216184>		"ⵓⵣⵣⴰⵍ"@tzm	
