"efula"@luy	<https://panlex.org/snapshot/panlex-20191001-csv/5946#84436336>				<https://panlex.org/snapshot/panlex-20191001-csv/5946#84436383>		"shi"@sq	
"siraro"@luy	<https://panlex.org/snapshot/panlex-20191001-csv/5946#84451441>				<https://panlex.org/snapshot/panlex-20191001-csv/5946#84451477>		"këpucë"@sq	
"lukesi"@luy	<https://panlex.org/snapshot/panlex-20191001-csv/5946#84435282>				<https://panlex.org/snapshot/panlex-20191001-csv/5946#84435308>		"djersë"@sq	
"Ebuazabaja"@luy	<https://panlex.org/snapshot/panlex-20191001-csv/5949#85298493>				<https://panlex.org/snapshot/panlex-20191001-csv/5949#85298526>		"Azerbajxhani"@sq	
"wele"@luy	<https://panlex.org/snapshot/panlex-20191001-csv/5949#85303066>				<https://panlex.org/snapshot/panlex-20191001-csv/5949#85303131>		"perёndi"@sq	
"wele"@luy	<https://panlex.org/snapshot/panlex-20191001-csv/5949#85303066>				<https://panlex.org/snapshot/panlex-20191001-csv/5949#85303130>		"Perëndia"@sq	
"wele"@luy	<https://panlex.org/snapshot/panlex-20191001-csv/5949#85303066>				<https://panlex.org/snapshot/panlex-20191001-csv/5949#85303129>		"hyjni"@sq	
"wele"@luy	<https://panlex.org/snapshot/panlex-20191001-csv/5949#85303066>				<https://panlex.org/snapshot/panlex-20191001-csv/5949#85303132>		"zot"@sq	
