"qaliʼyabuk"@bkd	<https://panlex.org/snapshot/panlex-20191001-csv/114#8056825>				<https://panlex.org/snapshot/panlex-20191001-csv/114#8056831>		"ofin"@bnd	
"ʼlanguy"@bkd	<https://panlex.org/snapshot/panlex-20191001-csv/114#8055796>				<https://panlex.org/snapshot/panlex-20191001-csv/114#8055802>		"mamo"@bnd	
"ʼlanguy"@bkd	<https://panlex.org/snapshot/panlex-20191001-csv/114#8055796>				<https://panlex.org/snapshot/panlex-20191001-csv/114#8055803>		"mbo lo lu"@bnd	
"ɨgɨtɨk"@bkd	<https://panlex.org/snapshot/panlex-20191001-csv/114#8058311>				<https://panlex.org/snapshot/panlex-20191001-csv/114#8058316>		"tian"@bnd	
"ʼliqɨg"@bkd	<https://panlex.org/snapshot/panlex-20191001-csv/114#8063991>				<https://panlex.org/snapshot/panlex-20191001-csv/114#8063996>		"enun"@bnd	
"ʼbɨlad"@bkd	<https://panlex.org/snapshot/panlex-20191001-csv/114#8060923>				<https://panlex.org/snapshot/panlex-20191001-csv/114#8060928>		"fara-"@bnd	
"daʼqɨt"@bkd	<https://panlex.org/snapshot/panlex-20191001-csv/114#8056322>				<https://panlex.org/snapshot/panlex-20191001-csv/114#8056327>		"monǰon"@bnd	
"ʼsusu"@bkd	<https://panlex.org/snapshot/panlex-20191001-csv/114#8060343>				<https://panlex.org/snapshot/panlex-20191001-csv/114#8060350>		"susum"@bnd	
"kiʼlala"@bkd	<https://panlex.org/snapshot/panlex-20191001-csv/114#8061394>				<https://panlex.org/snapshot/panlex-20191001-csv/114#8061401>		"mbo kaiko"@bnd	
"laʼngɨsa"@bkd	<https://panlex.org/snapshot/panlex-20191001-csv/114#8062919>				<https://panlex.org/snapshot/panlex-20191001-csv/114#8062924>		"nanan"@bnd	
"paʼtawa"@bkd	<https://panlex.org/snapshot/panlex-20191001-csv/114#8068167>				<https://panlex.org/snapshot/panlex-20191001-csv/114#8068172>		"mbo|malik"@bnd	
"ʼbuhuk"@bkd	<https://panlex.org/snapshot/panlex-20191001-csv/114#8064526>				<https://panlex.org/snapshot/panlex-20191001-csv/114#8064531>		"fuk"@bnd	
