"qaliʼyabuk"@bkd	<https://panlex.org/snapshot/panlex-20191001-csv/114#8056825>				<https://panlex.org/snapshot/panlex-20191001-csv/114#8056938>		"tubumyou"@kij	
"ʼlanguy"@bkd	<https://panlex.org/snapshot/panlex-20191001-csv/114#8055796>				<https://panlex.org/snapshot/panlex-20191001-csv/114#8055923>		"kakaya"@kij	
"ɨgɨtɨk"@bkd	<https://panlex.org/snapshot/panlex-20191001-csv/114#8058311>				<https://panlex.org/snapshot/panlex-20191001-csv/114#8058447>		"lula"@kij	
"ʼliqɨg"@bkd	<https://panlex.org/snapshot/panlex-20191001-csv/114#8063991>				<https://panlex.org/snapshot/panlex-20191001-csv/114#8064129>		"keyona"@kij	
"ʼbɨlad"@bkd	<https://panlex.org/snapshot/panlex-20191001-csv/114#8060923>				<https://panlex.org/snapshot/panlex-20191001-csv/114#8061036>		"ilara"@kij	
"daʼqɨt"@bkd	<https://panlex.org/snapshot/panlex-20191001-csv/114#8056322>				<https://panlex.org/snapshot/panlex-20191001-csv/114#8056450>		"pupagatu"@kij	
"ʼsusu"@bkd	<https://panlex.org/snapshot/panlex-20191001-csv/114#8060343>				<https://panlex.org/snapshot/panlex-20191001-csv/114#8060490>		"nunu"@kij	
"kiʼlala"@bkd	<https://panlex.org/snapshot/panlex-20191001-csv/114#8061394>				<https://panlex.org/snapshot/panlex-20191001-csv/114#8061547>		"nukwali"@kij	
"laʼngɨsa"@bkd	<https://panlex.org/snapshot/panlex-20191001-csv/114#8062919>				<https://panlex.org/snapshot/panlex-20191001-csv/114#8063041>		"buyai"@kij	
"paʼtawa"@bkd	<https://panlex.org/snapshot/panlex-20191001-csv/114#8068167>				<https://panlex.org/snapshot/panlex-20191001-csv/114#8068311>		"gigila"@kij	
"ʼbuhuk"@bkd	<https://panlex.org/snapshot/panlex-20191001-csv/114#8064526>				<https://panlex.org/snapshot/panlex-20191001-csv/114#8064665>		"kulu"@kij	
