"ʼlanguy"@bkd	<https://panlex.org/snapshot/panlex-20191001-csv/114#8055796>				<https://panlex.org/snapshot/panlex-20191001-csv/114#8056208>		"nanu"@tlu	
"ɨgɨtɨk"@bkd	<https://panlex.org/snapshot/panlex-20191001-csv/114#8058311>				<https://panlex.org/snapshot/panlex-20191001-csv/114#8058753>		"tia"@tlu	
"ʼliqɨg"@bkd	<https://panlex.org/snapshot/panlex-20191001-csv/114#8063991>				<https://panlex.org/snapshot/panlex-20191001-csv/114#8064404>		"enui"@tlu	
"ʼbɨlad"@bkd	<https://panlex.org/snapshot/panlex-20191001-csv/114#8060923>				<https://panlex.org/snapshot/panlex-20191001-csv/114#8061285>		"hala"@tlu	
"daʼqɨt"@bkd	<https://panlex.org/snapshot/panlex-20191001-csv/114#8056322>				<https://panlex.org/snapshot/panlex-20191001-csv/114#8056721>		"mananini"@tlu	
"ʼsusu"@bkd	<https://panlex.org/snapshot/panlex-20191001-csv/114#8060343>				<https://panlex.org/snapshot/panlex-20191001-csv/114#8060800>		"irumatai"@tlu	
"kiʼlala"@bkd	<https://panlex.org/snapshot/panlex-20191001-csv/114#8061394>				<https://panlex.org/snapshot/panlex-20191001-csv/114#8061840>		"tea"@tlu	
"laʼngɨsa"@bkd	<https://panlex.org/snapshot/panlex-20191001-csv/114#8062919>				<https://panlex.org/snapshot/panlex-20191001-csv/114#8063321>		"lalai"@tlu	
"paʼtawa"@bkd	<https://panlex.org/snapshot/panlex-20191001-csv/114#8068167>				<https://panlex.org/snapshot/panlex-20191001-csv/114#8068574>		"mala?a"@tlu	
"ʼbuhuk"@bkd	<https://panlex.org/snapshot/panlex-20191001-csv/114#8064526>				<https://panlex.org/snapshot/panlex-20191001-csv/114#8064956>		"keur"@tlu	
