"dalah"@cjm	<https://panlex.org/snapshot/panlex-20191001-csv/114#8067683>				<https://panlex.org/snapshot/panlex-20191001-csv/114#8067664>		"balen"@brz	
"klaw"@cjm	<https://panlex.org/snapshot/panlex-20191001-csv/114#8068209>				<https://panlex.org/snapshot/panlex-20191001-csv/114#8068180>		"-iwa"@brz	
"hanuk"@cjm	<https://panlex.org/snapshot/panlex-20191001-csv/114#8052728>				<https://panlex.org/snapshot/panlex-20191001-csv/114#8052712>		"waŋ"@brz	
"darah"@cjm	<https://panlex.org/snapshot/panlex-20191001-csv/114#8062953>				<https://panlex.org/snapshot/panlex-20191001-csv/114#8062933>		"dar"@brz	
"tian"@cjm	<https://panlex.org/snapshot/panlex-20191001-csv/114#8058346>				<https://panlex.org/snapshot/panlex-20191001-csv/114#8058326>		"luan"@brz	
"hia"@cjm	<https://panlex.org/snapshot/panlex-20191001-csv/114#8068738>				<https://panlex.org/snapshot/panlex-20191001-csv/114#8068713>		"-ta"@brz	
"hia"@cjm	<https://panlex.org/snapshot/panlex-20191001-csv/114#8068738>				<https://panlex.org/snapshot/panlex-20191001-csv/114#8068714>		"nteŋe(nn)"@brz	
"takuai"@cjm	<https://panlex.org/snapshot/panlex-20191001-csv/114#8064029>				<https://panlex.org/snapshot/panlex-20191001-csv/114#8064007>		"buru/n"@brz	
"ʔbuk"@cjm	<https://panlex.org/snapshot/panlex-20191001-csv/114#8064565>				<https://panlex.org/snapshot/panlex-20191001-csv/114#8064540>		"raon"@brz	
"pabah"@cjm	<https://panlex.org/snapshot/panlex-20191001-csv/114#8066587>				<https://panlex.org/snapshot/panlex-20191001-csv/114#8066564>		"aua-"@brz	
"pruəc"@cjm	<https://panlex.org/snapshot/panlex-20191001-csv/114#8059404>				<https://panlex.org/snapshot/panlex-20191001-csv/114#8059384>		"tiŋain"@brz	
"hañah"@cjm	<https://panlex.org/snapshot/panlex-20191001-csv/114#8066086>				<https://panlex.org/snapshot/panlex-20191001-csv/114#8066067>		"ruŋan"@brz	
