"dalah"@cjm	<https://panlex.org/snapshot/panlex-20191001-csv/114#8067683>				<https://panlex.org/snapshot/panlex-20191001-csv/114#8067888>		"meata-"@mte	
"klaw"@cjm	<https://panlex.org/snapshot/panlex-20191001-csv/114#8068209>				<https://panlex.org/snapshot/panlex-20191001-csv/114#8068419>		"melea"@mte	
"hanuk"@cjm	<https://panlex.org/snapshot/panlex-20191001-csv/114#8052728>				<https://panlex.org/snapshot/panlex-20191001-csv/114#8052906>		"matau"@mte	
"darah"@cjm	<https://panlex.org/snapshot/panlex-20191001-csv/114#8062953>				<https://panlex.org/snapshot/panlex-20191001-csv/114#8063158>		"masini-"@mte	
"tian"@cjm	<https://panlex.org/snapshot/panlex-20191001-csv/114#8058346>				<https://panlex.org/snapshot/panlex-20191001-csv/114#8058572>		"tia-"@mte	
"takuai"@cjm	<https://panlex.org/snapshot/panlex-20191001-csv/114#8064029>				<https://panlex.org/snapshot/panlex-20191001-csv/114#8064238>		"lua-"@mte	
"talaŋ"@cjm	<https://panlex.org/snapshot/panlex-20191001-csv/114#8058906>				<https://panlex.org/snapshot/panlex-20191001-csv/114#8059107>		"suma-"@mte	
"sanɨŋ"@cjm	<https://panlex.org/snapshot/panlex-20191001-csv/114#8061986>				<https://panlex.org/snapshot/panlex-20191001-csv/114#8062158>		"ononogu"@mte	
"pabah"@cjm	<https://panlex.org/snapshot/panlex-20191001-csv/114#8066587>				<https://panlex.org/snapshot/panlex-20191001-csv/114#8066806>		"uru-"@mte	
"pruəc"@cjm	<https://panlex.org/snapshot/panlex-20191001-csv/114#8059404>				<https://panlex.org/snapshot/panlex-20191001-csv/114#8059589>		"siopana"@mte	
"hañah"@cjm	<https://panlex.org/snapshot/panlex-20191001-csv/114#8066086>				<https://panlex.org/snapshot/panlex-20191001-csv/114#8066287>		"aho"@mte	
"hañah"@cjm	<https://panlex.org/snapshot/panlex-20191001-csv/114#8066086>				<https://panlex.org/snapshot/panlex-20191001-csv/114#8066288>		"oʔola"@mte	
"tathuw"@cjm	<https://panlex.org/snapshot/panlex-20191001-csv/114#8061438>				<https://panlex.org/snapshot/panlex-20191001-csv/114#8061664>		"ataeŋ"@mte	
