"dalah"@cjm	<https://panlex.org/snapshot/panlex-20191001-csv/114#8067683>				<https://panlex.org/snapshot/panlex-20191001-csv/114#8067723>		"dila"@gor	
"klaw"@cjm	<https://panlex.org/snapshot/panlex-20191001-csv/114#8068209>				<https://panlex.org/snapshot/panlex-20191001-csv/114#8068249>		"mo-ʔiʔi"@gor	
"hanuk"@cjm	<https://panlex.org/snapshot/panlex-20191001-csv/114#8052728>				<https://panlex.org/snapshot/panlex-20191001-csv/114#8052761>		"ʔolowala"@gor	
"darah"@cjm	<https://panlex.org/snapshot/panlex-20191001-csv/114#8062953>				<https://panlex.org/snapshot/panlex-20191001-csv/114#8062994>		"duhu"@gor	
"tian"@cjm	<https://panlex.org/snapshot/panlex-20191001-csv/114#8058346>				<https://panlex.org/snapshot/panlex-20191001-csv/114#8058393>		"ʔomboŋo"@gor	
"hia"@cjm	<https://panlex.org/snapshot/panlex-20191001-csv/114#8068738>				<https://panlex.org/snapshot/panlex-20191001-csv/114#8068781>		"h-um-oyoŋo"@gor	
"takuai"@cjm	<https://panlex.org/snapshot/panlex-20191001-csv/114#8064029>				<https://panlex.org/snapshot/panlex-20191001-csv/114#8064075>		"buloʔo"@gor	
"talaŋ"@cjm	<https://panlex.org/snapshot/panlex-20191001-csv/114#8058906>				<https://panlex.org/snapshot/panlex-20191001-csv/114#8058945>		"tulalo"@gor	
"sanɨŋ"@cjm	<https://panlex.org/snapshot/panlex-20191001-csv/114#8061986>				<https://panlex.org/snapshot/panlex-20191001-csv/114#8062016>		"mo-mikiilaŋi"@gor	
"ʔbuk"@cjm	<https://panlex.org/snapshot/panlex-20191001-csv/114#8064565>				<https://panlex.org/snapshot/panlex-20191001-csv/114#8064612>		"huwoʔo"@gor	
"pabah"@cjm	<https://panlex.org/snapshot/panlex-20191001-csv/114#8066587>				<https://panlex.org/snapshot/panlex-20191001-csv/114#8066631>		"ŋaŋo"@gor	
"pruəc"@cjm	<https://panlex.org/snapshot/panlex-20191001-csv/114#8059404>				<https://panlex.org/snapshot/panlex-20191001-csv/114#8059437>		"toniya"@gor	
"hañah"@cjm	<https://panlex.org/snapshot/panlex-20191001-csv/114#8066086>				<https://panlex.org/snapshot/panlex-20191001-csv/114#8066120>		"mo-diilo"@gor	
"tathuw"@cjm	<https://panlex.org/snapshot/panlex-20191001-csv/114#8061438>				<https://panlex.org/snapshot/panlex-20191001-csv/114#8061483>		"ʔo-taawa"@gor	
