"mʼa"@akr	<https://panlex.org/snapshot/panlex-20191001-csv/114#8054768>				<https://panlex.org/snapshot/panlex-20191001-csv/114#8055097>		"(haere) mai"@pmt	
"maape"@akr	<https://panlex.org/snapshot/panlex-20191001-csv/114#8059803>				<https://panlex.org/snapshot/panlex-20191001-csv/114#8060126>		"ate"@pmt	
"vulu"@akr	<https://panlex.org/snapshot/panlex-20191001-csv/114#8064492>				<https://panlex.org/snapshot/panlex-20191001-csv/114#8064837>		"huru"@pmt	
"vulu"@akr	<https://panlex.org/snapshot/panlex-20191001-csv/114#8064492>				<https://panlex.org/snapshot/panlex-20191001-csv/114#8064838>		"roouru"@pmt	
"vava"@akr	<https://panlex.org/snapshot/panlex-20191001-csv/114#8066509>				<https://panlex.org/snapshot/panlex-20191001-csv/114#8066871>		"ŋutu"@pmt	
"vava"@akr	<https://panlex.org/snapshot/panlex-20191001-csv/114#8066509>				<https://panlex.org/snapshot/panlex-20191001-csv/114#8066870>		"vaha"@pmt	
"tsomʼitsomʼi"@akr	<https://panlex.org/snapshot/panlex-20191001-csv/114#8061919>				<https://panlex.org/snapshot/panlex-20191001-csv/114#8062217>		"mahara"@pmt	
"mʼarrahu"@akr	<https://panlex.org/snapshot/panlex-20191001-csv/114#8062378>				<https://panlex.org/snapshot/panlex-20191001-csv/114#8062720>		"mataku"@pmt	
"sala"@akr	<https://panlex.org/snapshot/panlex-20191001-csv/114#8054279>				<https://panlex.org/snapshot/panlex-20191001-csv/114#8054593>		"ara"@pmt	
"mʼana"@akr	<https://panlex.org/snapshot/panlex-20191001-csv/114#8068131>				<https://panlex.org/snapshot/panlex-20191001-csv/114#8068480>		"kata"@pmt	
"sari"@akr	<https://panlex.org/snapshot/panlex-20191001-csv/114#8053119>				<https://panlex.org/snapshot/panlex-20191001-csv/114#8053490>		"vae"@pmt	
