"Tiohrhēnsa"@moh	<https://panlex.org/snapshot/panlex-20191001-csv/5939#80799731>				<https://panlex.org/snapshot/panlex-20191001-csv/5939#80799711>		"bahasa"@id	
"Tiohrhēnsa"@moh	<https://panlex.org/snapshot/panlex-20191001-csv/5939#80799731>				<https://panlex.org/snapshot/panlex-20191001-csv/5939#80799712>		"Inggris"@id	
"onawatsta"@moh	<https://panlex.org/snapshot/panlex-20191001-csv/5942#83279355>				<https://panlex.org/snapshot/panlex-20191001-csv/5942#83279352>		"lumpur"@id	
"Tiohrhēnsa"@moh	<https://panlex.org/snapshot/panlex-20191001-csv/9#479778>				<https://panlex.org/snapshot/panlex-20191001-csv/9#479761>		"bahasa"@id	
"ohnekanos"@moh	<https://panlex.org/snapshot/panlex-20191001-csv/12#851057>				<https://panlex.org/snapshot/panlex-20191001-csv/12#850967>		"air"@id	
"ohneka"@moh	<https://panlex.org/snapshot/panlex-20191001-csv/12#851056>				<https://panlex.org/snapshot/panlex-20191001-csv/12#850967>		"air"@id	
"anachemowegan"@moh	<https://panlex.org/snapshot/panlex-20191001-csv/2902#111012198>				<https://panlex.org/snapshot/panlex-20191001-csv/2902#111012075>		"kedamaian"@id	
"Tiohrhēnsa"@moh	<https://panlex.org/snapshot/panlex-20191001-csv/8#102829>				<https://panlex.org/snapshot/panlex-20191001-csv/8#102806>		"bahasa Inggris"@id	
"ohnekanos"@moh	<https://panlex.org/snapshot/panlex-20191001-csv/11#787658>				<https://panlex.org/snapshot/panlex-20191001-csv/11#787596>		"air"@id	
"ohneka"@moh	<https://panlex.org/snapshot/panlex-20191001-csv/11#787657>				<https://panlex.org/snapshot/panlex-20191001-csv/11#787596>		"air"@id	
