"-kota tina"@sij	<https://panlex.org/snapshot/panlex-20191001-csv/114#8056139>				<https://panlex.org/snapshot/panlex-20191001-csv/114#8055854>		"oruc"@erg	
"ae"@sij	<https://panlex.org/snapshot/panlex-20191001-csv/114#8053527>				<https://panlex.org/snapshot/panlex-20191001-csv/114#8053224>		"no-"@erg	
"masina"@sij	<https://panlex.org/snapshot/panlex-20191001-csv/114#8063253>				<https://panlex.org/snapshot/panlex-20191001-csv/114#8062978>		"nde"@erg	
"-mandi"@sij	<https://panlex.org/snapshot/panlex-20191001-csv/114#8062752>				<https://panlex.org/snapshot/panlex-20191001-csv/114#8062468>		"emtitoŋi"@erg	
"-you yagawa"@sij	<https://panlex.org/snapshot/panlex-20191001-csv/114#8065900>				<https://panlex.org/snapshot/panlex-20191001-csv/114#8065662>		"esomsac"@erg	
"dabola"@sij	<https://panlex.org/snapshot/panlex-20191001-csv/114#8063793>				<https://panlex.org/snapshot/panlex-20191001-csv/114#8063513>		"nompu-"@erg	
"-numusu"@sij	<https://panlex.org/snapshot/panlex-20191001-csv/114#8066376>				<https://panlex.org/snapshot/panlex-20191001-csv/114#8066105>		"sumsum"@erg	
"-so yagawa"@sij	<https://panlex.org/snapshot/panlex-20191001-csv/114#8065899>				<https://panlex.org/snapshot/panlex-20191001-csv/114#8065662>		"esomsac"@erg	
"tuatua"@sij	<https://panlex.org/snapshot/panlex-20191001-csv/114#8059197>				<https://panlex.org/snapshot/panlex-20191001-csv/114#8058930>		"noura-"@erg	
"-momola"@sij	<https://panlex.org/snapshot/panlex-20191001-csv/114#8068513>				<https://panlex.org/snapshot/panlex-20191001-csv/114#8068233>		"tovop"@erg	
"ate"@sij	<https://panlex.org/snapshot/panlex-20191001-csv/114#8060157>				<https://panlex.org/snapshot/panlex-20191001-csv/114#8059897>		"mou"@erg	
"bolo"@sij	<https://panlex.org/snapshot/panlex-20191001-csv/114#8057623>				<https://panlex.org/snapshot/panlex-20191001-csv/114#8057350>		"noclehnta-"@erg	
"bolo"@sij	<https://panlex.org/snapshot/panlex-20191001-csv/114#8057623>				<https://panlex.org/snapshot/panlex-20191001-csv/114#8057351>		"nta-"@erg	
"-yuma"@sij	<https://panlex.org/snapshot/panlex-20191001-csv/114#8056140>				<https://panlex.org/snapshot/panlex-20191001-csv/114#8055854>		"oruc"@erg	
"gidu"@sij	<https://panlex.org/snapshot/panlex-20191001-csv/114#8064330>				<https://panlex.org/snapshot/panlex-20191001-csv/114#8064056>		"nowa-"@erg	
"ano"@sij	<https://panlex.org/snapshot/panlex-20191001-csv/114#8052990>				<https://panlex.org/snapshot/panlex-20191001-csv/114#8052745>		"meveh"@erg	
"susu"@sij	<https://panlex.org/snapshot/panlex-20191001-csv/114#8060714>				<https://panlex.org/snapshot/panlex-20191001-csv/114#8060410>		"ni-"@erg	
"[dabola] uli"@sij	<https://panlex.org/snapshot/panlex-20191001-csv/114#8064875>				<https://panlex.org/snapshot/panlex-20191001-csv/114#8064592>		"novlinompu-"@erg	
