"Hnub peb"@cqd	<https://panlex.org/snapshot/panlex-20191001-csv/2892#110825229>				<https://panlex.org/snapshot/panlex-20191001-csv/2892#110824854>		"gaskevåhkoe"@sma	
"Hnub tsib"@cqd	<https://panlex.org/snapshot/panlex-20191001-csv/2892#110825784>				<https://panlex.org/snapshot/panlex-20191001-csv/2892#110826003>		"bearjadahke"@sma	
"𖬆𖬩 𖬗𖬲𖬧𖬰"@cqd	<https://panlex.org/snapshot/panlex-20191001-csv/2892#110826588>				<https://panlex.org/snapshot/panlex-20191001-csv/2892#110826967>		"aejlege"@sma	
"𖬆𖬩 𖬄𖬦𖬵"@cqd	<https://panlex.org/snapshot/panlex-20191001-csv/2892#110825646>				<https://panlex.org/snapshot/panlex-20191001-csv/2892#110825420>		"duarsta"@sma	
"𖬆𖬩 𖬈𖬪𖬵"@cqd	<https://panlex.org/snapshot/panlex-20191001-csv/2892#110824944>				<https://panlex.org/snapshot/panlex-20191001-csv/2892#110824854>		"gaskevåhkoe"@sma	
"𖬆𖬩 𖬅𖬰𖬡"@cqd	<https://panlex.org/snapshot/panlex-20191001-csv/2892#110826417>				<https://panlex.org/snapshot/panlex-20191001-csv/2892#110826181>		"laavvardahke"@sma	
"Hnub ib"@cqd	<https://panlex.org/snapshot/panlex-20191001-csv/2892#110824063>				<https://panlex.org/snapshot/panlex-20191001-csv/2892#110824225>		"måanta"@sma	
"Hnub plaub"@cqd	<https://panlex.org/snapshot/panlex-20191001-csv/2892#110825580>				<https://panlex.org/snapshot/panlex-20191001-csv/2892#110825420>		"duarsta"@sma	
"Hnub rau"@cqd	<https://panlex.org/snapshot/panlex-20191001-csv/2892#110826369>				<https://panlex.org/snapshot/panlex-20191001-csv/2892#110826181>		"laavvardahke"@sma	
"𖬆𖬩 𖬂𖬝𖬰"@cqd	<https://panlex.org/snapshot/panlex-20191001-csv/2892#110825862>				<https://panlex.org/snapshot/panlex-20191001-csv/2892#110826003>		"bearjadahke"@sma	
"Hnub xya"@cqd	<https://panlex.org/snapshot/panlex-20191001-csv/2892#110826922>				<https://panlex.org/snapshot/panlex-20191001-csv/2892#110826967>		"aejlege"@sma	
"𖬆𖬩 𖬒𖬮𖬰"@cqd	<https://panlex.org/snapshot/panlex-20191001-csv/2892#110824749>				<https://panlex.org/snapshot/panlex-20191001-csv/2892#110824545>		"dæjsta"@sma	
"Hnub ob"@cqd	<https://panlex.org/snapshot/panlex-20191001-csv/2892#110824714>				<https://panlex.org/snapshot/panlex-20191001-csv/2892#110824545>		"dæjsta"@sma	
"𖬆𖬩 𖬂𖬮𖬰"@cqd	<https://panlex.org/snapshot/panlex-20191001-csv/2892#110824303>				<https://panlex.org/snapshot/panlex-20191001-csv/2892#110824225>		"måanta"@sma	
