"vai"@mrq	<https://panlex.org/snapshot/panlex-20191001-csv/12#851062>				<https://panlex.org/snapshot/panlex-20191001-csv/12#851089>		"laur"@nsn	
"vai"@mrq	<https://panlex.org/snapshot/panlex-20191001-csv/12#851062>				<https://panlex.org/snapshot/panlex-20191001-csv/12#851088>		"kodom"@nsn	
"ha"@mrq	<https://panlex.org/snapshot/panlex-20191001-csv/114#8065811>				<https://panlex.org/snapshot/panlex-20191001-csv/114#8065846>		"ung"@nsn	
"ha"@mrq	<https://panlex.org/snapshot/panlex-20191001-csv/114#8065811>				<https://panlex.org/snapshot/panlex-20191001-csv/114#8065847>		"uŋ"@nsn	
"ha"@mrq	<https://panlex.org/snapshot/panlex-20191001-csv/114#8065811>				<https://panlex.org/snapshot/panlex-20191001-csv/114#8065848>		"uŋa"@nsn	
"menava"@mrq	<https://panlex.org/snapshot/panlex-20191001-csv/114#8065812>				<https://panlex.org/snapshot/panlex-20191001-csv/114#8065846>		"ung"@nsn	
"menava"@mrq	<https://panlex.org/snapshot/panlex-20191001-csv/114#8065812>				<https://panlex.org/snapshot/panlex-20191001-csv/114#8065847>		"uŋ"@nsn	
"menava"@mrq	<https://panlex.org/snapshot/panlex-20191001-csv/114#8065812>				<https://panlex.org/snapshot/panlex-20191001-csv/114#8065848>		"uŋa"@nsn	
"hèe"@mrq	<https://panlex.org/snapshot/panlex-20191001-csv/114#8054001>				<https://panlex.org/snapshot/panlex-20191001-csv/114#8054047>		"lala"@nsn	
"hèe"@mrq	<https://panlex.org/snapshot/panlex-20191001-csv/114#8054001>				<https://panlex.org/snapshot/panlex-20191001-csv/114#8054046>		"la"@nsn	
"uʻu"@mrq	<https://panlex.org/snapshot/panlex-20191001-csv/114#8063693>				<https://panlex.org/snapshot/panlex-20191001-csv/114#8063736>		"lu"@nsn	
"uʻu"@mrq	<https://panlex.org/snapshot/panlex-20191001-csv/114#8063693>				<https://panlex.org/snapshot/panlex-20191001-csv/114#8063738>		"lun"@nsn	
"uʻu"@mrq	<https://panlex.org/snapshot/panlex-20191001-csv/114#8063693>				<https://panlex.org/snapshot/panlex-20191001-csv/114#8063737>		"lu-"@nsn	
"haʻametaʻu"@mrq	<https://panlex.org/snapshot/panlex-20191001-csv/114#8062656>				<https://panlex.org/snapshot/panlex-20191001-csv/114#8062696>		"sokoro"@nsn	
"haʻametaʻu"@mrq	<https://panlex.org/snapshot/panlex-20191001-csv/114#8062656>				<https://panlex.org/snapshot/panlex-20191001-csv/114#8062695>		"sokor"@nsn	
"niho"@mrq	<https://panlex.org/snapshot/panlex-20191001-csv/114#8067360>				<https://panlex.org/snapshot/panlex-20191001-csv/114#8067401>		"liwo-"@nsn	
"niho"@mrq	<https://panlex.org/snapshot/panlex-20191001-csv/114#8067360>				<https://panlex.org/snapshot/panlex-20191001-csv/114#8067400>		"liwo"@nsn	
"niho"@mrq	<https://panlex.org/snapshot/panlex-20191001-csv/114#8067360>				<https://panlex.org/snapshot/panlex-20191001-csv/114#8067402>		"liwon"@nsn	
"kavií"@mrq	<https://panlex.org/snapshot/panlex-20191001-csv/114#8055525>				<https://panlex.org/snapshot/panlex-20191001-csv/114#8055565>		"uageg"@nsn	
"kavií"@mrq	<https://panlex.org/snapshot/panlex-20191001-csv/114#8055525>				<https://panlex.org/snapshot/panlex-20191001-csv/114#8055564>		"tapokisi"@nsn	
"kavií"@mrq	<https://panlex.org/snapshot/panlex-20191001-csv/114#8055525>				<https://panlex.org/snapshot/panlex-20191001-csv/114#8055563>		"gel"@nsn	
"àta"@mrq	<https://panlex.org/snapshot/panlex-20191001-csv/114#8068414>				<https://panlex.org/snapshot/panlex-20191001-csv/114#8068454>		"wanio"@nsn	
"àta"@mrq	<https://panlex.org/snapshot/panlex-20191001-csv/114#8068414>				<https://panlex.org/snapshot/panlex-20191001-csv/114#8068455>		"wanio-"@nsn	
"ʻepo"@mrq	<https://panlex.org/snapshot/panlex-20191001-csv/114#8057029>				<https://panlex.org/snapshot/panlex-20191001-csv/114#8057068>		"mongmong"@nsn	
"ʻepo"@mrq	<https://panlex.org/snapshot/panlex-20191001-csv/114#8057029>				<https://panlex.org/snapshot/panlex-20191001-csv/114#8057070>		"wou"@nsn	
"ʻepo"@mrq	<https://panlex.org/snapshot/panlex-20191001-csv/114#8057029>				<https://panlex.org/snapshot/panlex-20191001-csv/114#8057069>		"wau"@nsn	
"koekoe"@mrq	<https://panlex.org/snapshot/panlex-20191001-csv/114#8059585>				<https://panlex.org/snapshot/panlex-20191001-csv/114#8059625>		"todin"@nsn	
"koekoe"@mrq	<https://panlex.org/snapshot/panlex-20191001-csv/114#8059585>				<https://panlex.org/snapshot/panlex-20191001-csv/114#8059624>		"bala"@nsn	
"kaakii"@mrq	<https://panlex.org/snapshot/panlex-20191001-csv/114#8064234>				<https://panlex.org/snapshot/panlex-20191001-csv/114#8064275>		"wekwekon"@nsn	
"kaakii"@mrq	<https://panlex.org/snapshot/panlex-20191001-csv/114#8064234>				<https://panlex.org/snapshot/panlex-20191001-csv/114#8064273>		"uekuekon"@nsn	
"kaakii"@mrq	<https://panlex.org/snapshot/panlex-20191001-csv/114#8064234>				<https://panlex.org/snapshot/panlex-20191001-csv/114#8064274>		"wekweko-"@nsn	
"hava"@mrq	<https://panlex.org/snapshot/panlex-20191001-csv/114#8056546>				<https://panlex.org/snapshot/panlex-20191001-csv/114#8056589>		"uh[o]"@nsn	
"hava"@mrq	<https://panlex.org/snapshot/panlex-20191001-csv/114#8056546>				<https://panlex.org/snapshot/panlex-20191001-csv/114#8056587>		"dikdiku"@nsn	
"hava"@mrq	<https://panlex.org/snapshot/panlex-20191001-csv/114#8056546>				<https://panlex.org/snapshot/panlex-20191001-csv/114#8056586>		"beŋ"@nsn	
"hava"@mrq	<https://panlex.org/snapshot/panlex-20191001-csv/114#8056546>				<https://panlex.org/snapshot/panlex-20191001-csv/114#8056588>		"muskurum"@nsn	
"ʻima oko"@mrq	<https://panlex.org/snapshot/panlex-20191001-csv/114#8052902>				<https://panlex.org/snapshot/panlex-20191001-csv/114#8052940>		"pamua"@nsn	
"ʻima oko"@mrq	<https://panlex.org/snapshot/panlex-20191001-csv/114#8052902>				<https://panlex.org/snapshot/panlex-20191001-csv/114#8052939>		"makos[o]"@nsn	
"ʻima oko"@mrq	<https://panlex.org/snapshot/panlex-20191001-csv/114#8052902>				<https://panlex.org/snapshot/panlex-20191001-csv/114#8052938>		"kawiwih"@nsn	
"ʻima oko"@mrq	<https://panlex.org/snapshot/panlex-20191001-csv/114#8052902>				<https://panlex.org/snapshot/panlex-20191001-csv/114#8052941>		"pangmua"@nsn	
"metaʻu"@mrq	<https://panlex.org/snapshot/panlex-20191001-csv/114#8062657>				<https://panlex.org/snapshot/panlex-20191001-csv/114#8062696>		"sokoro"@nsn	
"metaʻu"@mrq	<https://panlex.org/snapshot/panlex-20191001-csv/114#8062657>				<https://panlex.org/snapshot/panlex-20191001-csv/114#8062695>		"sokor"@nsn	
"kiʻi nene"@mrq	<https://panlex.org/snapshot/panlex-20191001-csv/114#8060612>				<https://panlex.org/snapshot/panlex-20191001-csv/114#8060654>		"huhu"@nsn	
"kiʻi nene"@mrq	<https://panlex.org/snapshot/panlex-20191001-csv/114#8060612>				<https://panlex.org/snapshot/panlex-20191001-csv/114#8060655>		"huhu-"@nsn	
"kiʻi nene"@mrq	<https://panlex.org/snapshot/panlex-20191001-csv/114#8060612>				<https://panlex.org/snapshot/panlex-20191001-csv/114#8060656>		"huhun"@nsn	
"toto"@mrq	<https://panlex.org/snapshot/panlex-20191001-csv/114#8063153>				<https://panlex.org/snapshot/panlex-20191001-csv/114#8063196>		"dewatiŋi"@nsn	
"toto"@mrq	<https://panlex.org/snapshot/panlex-20191001-csv/114#8063153>				<https://panlex.org/snapshot/panlex-20191001-csv/114#8063194>		"dewacin"@nsn	
"toto"@mrq	<https://panlex.org/snapshot/panlex-20191001-csv/114#8063153>				<https://panlex.org/snapshot/panlex-20191001-csv/114#8063195>		"dewatin"@nsn	
"ʻouoho"@mrq	<https://panlex.org/snapshot/panlex-20191001-csv/114#8064770>				<https://panlex.org/snapshot/panlex-20191001-csv/114#8064811>		"ulu"@nsn	
"ʻouoho"@mrq	<https://panlex.org/snapshot/panlex-20191001-csv/114#8064770>				<https://panlex.org/snapshot/panlex-20191001-csv/114#8064813>		"ulun"@nsn	
"ʻouoho"@mrq	<https://panlex.org/snapshot/panlex-20191001-csv/114#8064770>				<https://panlex.org/snapshot/panlex-20191001-csv/114#8064812>		"ulu-"@nsn	
"vai"@mrq	<https://panlex.org/snapshot/panlex-20191001-csv/11#787663>				<https://panlex.org/snapshot/panlex-20191001-csv/11#787689>		"laur"@nsn	
"vai"@mrq	<https://panlex.org/snapshot/panlex-20191001-csv/11#787663>				<https://panlex.org/snapshot/panlex-20191001-csv/11#787688>		"kodom"@nsn	
