"hèe"@mrq	<https://panlex.org/snapshot/panlex-20191001-csv/114#8054001>				<https://panlex.org/snapshot/panlex-20191001-csv/114#8054208>		"ʼlakti"@tve	
"uʻu"@mrq	<https://panlex.org/snapshot/panlex-20191001-csv/114#8063693>				<https://panlex.org/snapshot/panlex-20191001-csv/114#8063888>		"ʼwulu"@tve	
"niho"@mrq	<https://panlex.org/snapshot/panlex-20191001-csv/114#8067360>				<https://panlex.org/snapshot/panlex-20191001-csv/114#8067550>		"ʼnina"@tve	
"àta"@mrq	<https://panlex.org/snapshot/panlex-20191001-csv/114#8068414>				<https://panlex.org/snapshot/panlex-20191001-csv/114#8068590>		"ṇʼmali"@tve	
"kaakii"@mrq	<https://panlex.org/snapshot/panlex-20191001-csv/114#8064234>				<https://panlex.org/snapshot/panlex-20191001-csv/114#8064421>		"tɛfʼtɛfna"@tve	
"kiʻi nene"@mrq	<https://panlex.org/snapshot/panlex-20191001-csv/114#8060612>				<https://panlex.org/snapshot/panlex-20191001-csv/114#8060819>		"ʼsusu"@tve	
"toto"@mrq	<https://panlex.org/snapshot/panlex-20191001-csv/114#8063153>				<https://panlex.org/snapshot/panlex-20191001-csv/114#8063338>		"ʼrawa"@tve	
"ʻouoho"@mrq	<https://panlex.org/snapshot/panlex-20191001-csv/114#8064770>				<https://panlex.org/snapshot/panlex-20191001-csv/114#8064971>		"ʼpɔʔu"@tve	
