"to:ʔi"@kem	<https://panlex.org/snapshot/panlex-20191001-csv/114#8052340>				<https://panlex.org/snapshot/panlex-20191001-csv/114#8052417>		"kawiʔ"@mhy	
"gənɔ-rɔ tai ait"@kem	<https://panlex.org/snapshot/panlex-20191001-csv/114#8057926>				<https://panlex.org/snapshot/panlex-20191001-csv/114#8058017>		"puŋuŋ"@mhy	
"təmaʔut"@kem	<https://panlex.org/snapshot/panlex-20191001-csv/114#8062549>				<https://panlex.org/snapshot/panlex-20191001-csv/114#8062635>		"aŋheʔey"@mhy	
"ra"@kem	<https://panlex.org/snapshot/panlex-20191001-csv/114#8063039>				<https://panlex.org/snapshot/panlex-20191001-csv/114#8063132>		"iraʔ"@mhy	
"ɔɛ|ɛ"@kem	<https://panlex.org/snapshot/panlex-20191001-csv/114#8053297>				<https://panlex.org/snapshot/panlex-20191001-csv/114#8053394>		"peʔe"@mhy	
"nagi"@kem	<https://panlex.org/snapshot/panlex-20191001-csv/114#8055920>				<https://panlex.org/snapshot/panlex-20191001-csv/114#8056013>		"katamah"@mhy	
"gara-ra hulu"@kem	<https://panlex.org/snapshot/panlex-20191001-csv/114#8064663>				<https://panlex.org/snapshot/panlex-20191001-csv/114#8064748>		"wulu"@mhy	
"lima-r"@kem	<https://panlex.org/snapshot/panlex-20191001-csv/114#8051809>				<https://panlex.org/snapshot/panlex-20191001-csv/114#8051907>		"taŋan"@mhy	
"gara-r"@kem	<https://panlex.org/snapshot/panlex-20191001-csv/114#8063579>				<https://panlex.org/snapshot/panlex-20191001-csv/114#8063671>		"uluʔ"@mhy	
"lamara"@kem	<https://panlex.org/snapshot/panlex-20191001-csv/114#8067771>				<https://panlex.org/snapshot/panlex-20191001-csv/114#8067860>		"lelaʔ"@mhy	
"ta:da"@kem	<https://panlex.org/snapshot/panlex-20191001-csv/114#8061545>				<https://panlex.org/snapshot/panlex-20191001-csv/114#8061637>		"karasa"@mhy	
