"to:ʔi"@kem	<https://panlex.org/snapshot/panlex-20191001-csv/114#8052340>				<https://panlex.org/snapshot/panlex-20191001-csv/114#8052326>		"holiq"@ivv	
"to:ʔi"@kem	<https://panlex.org/snapshot/panlex-20191001-csv/114#8052340>				<https://panlex.org/snapshot/panlex-20191001-csv/114#8052327>		"kaholi"@ivv	
"to:ʔi"@kem	<https://panlex.org/snapshot/panlex-20191001-csv/114#8052340>				<https://panlex.org/snapshot/panlex-20191001-csv/114#8052323>		"gori"@ivv	
"to:ʔi"@kem	<https://panlex.org/snapshot/panlex-20191001-csv/114#8052340>				<https://panlex.org/snapshot/panlex-20191001-csv/114#8052324>		"guriq"@ivv	
"to:ʔi"@kem	<https://panlex.org/snapshot/panlex-20191001-csv/114#8052340>				<https://panlex.org/snapshot/panlex-20191001-csv/114#8052328>		"ozi"@ivv	
"to:ʔi"@kem	<https://panlex.org/snapshot/panlex-20191001-csv/114#8052340>				<https://panlex.org/snapshot/panlex-20191001-csv/114#8052329>		"wozi"@ivv	
"to:ʔi"@kem	<https://panlex.org/snapshot/panlex-20191001-csv/114#8052340>				<https://panlex.org/snapshot/panlex-20191001-csv/114#8052325>		"holi"@ivv	
"gənɔ-rɔ tai ait"@kem	<https://panlex.org/snapshot/panlex-20191001-csv/114#8057926>				<https://panlex.org/snapshot/panlex-20191001-csv/114#8057912>		"licod"@ivv	
"gənɔ-rɔ tai ait"@kem	<https://panlex.org/snapshot/panlex-20191001-csv/114#8057926>				<https://panlex.org/snapshot/panlex-20191001-csv/114#8057911>		"dicod"@ivv	
"gənɔ-rɔ tai ait"@kem	<https://panlex.org/snapshot/panlex-20191001-csv/114#8057926>				<https://panlex.org/snapshot/panlex-20191001-csv/114#8057913>		"licud"@ivv	
"gənɔ-rɔ tai ait"@kem	<https://panlex.org/snapshot/panlex-20191001-csv/114#8057926>				<https://panlex.org/snapshot/panlex-20191001-csv/114#8057914>		"likod"@ivv	
"təmaʔut"@kem	<https://panlex.org/snapshot/panlex-20191001-csv/114#8062549>				<https://panlex.org/snapshot/panlex-20191001-csv/114#8062530>		"meyzow"@ivv	
"təmaʔut"@kem	<https://panlex.org/snapshot/panlex-20191001-csv/114#8062549>				<https://panlex.org/snapshot/panlex-20191001-csv/114#8062525>		"mahaʼmo"@ivv	
"təmaʔut"@kem	<https://panlex.org/snapshot/panlex-20191001-csv/114#8062549>				<https://panlex.org/snapshot/panlex-20191001-csv/114#8062518>		"amo"@ivv	
"təmaʔut"@kem	<https://panlex.org/snapshot/panlex-20191001-csv/114#8062549>				<https://panlex.org/snapshot/panlex-20191001-csv/114#8062533>		"yahey"@ivv	
"təmaʔut"@kem	<https://panlex.org/snapshot/panlex-20191001-csv/114#8062549>				<https://panlex.org/snapshot/panlex-20191001-csv/114#8062529>		"meywam"@ivv	
"təmaʔut"@kem	<https://panlex.org/snapshot/panlex-20191001-csv/114#8062549>				<https://panlex.org/snapshot/panlex-20191001-csv/114#8062524>		"mahaqmuq"@ivv	
"təmaʔut"@kem	<https://panlex.org/snapshot/panlex-20191001-csv/114#8062549>				<https://panlex.org/snapshot/panlex-20191001-csv/114#8062531>		"wam"@ivv	
"təmaʔut"@kem	<https://panlex.org/snapshot/panlex-20191001-csv/114#8062549>				<https://panlex.org/snapshot/panlex-20191001-csv/114#8062521>		"haʼmo"@ivv	
"təmaʔut"@kem	<https://panlex.org/snapshot/panlex-20191001-csv/114#8062549>				<https://panlex.org/snapshot/panlex-20191001-csv/114#8062534>		"yohey"@ivv	
"təmaʔut"@kem	<https://panlex.org/snapshot/panlex-20191001-csv/114#8062549>				<https://panlex.org/snapshot/panlex-20191001-csv/114#8062527>		"maqmoq"@ivv	
"təmaʔut"@kem	<https://panlex.org/snapshot/panlex-20191001-csv/114#8062549>				<https://panlex.org/snapshot/panlex-20191001-csv/114#8062522>		"ma:mo"@ivv	
"təmaʔut"@kem	<https://panlex.org/snapshot/panlex-20191001-csv/114#8062549>				<https://panlex.org/snapshot/panlex-20191001-csv/114#8062535>		"zow"@ivv	
"təmaʔut"@kem	<https://panlex.org/snapshot/panlex-20191001-csv/114#8062549>				<https://panlex.org/snapshot/panlex-20191001-csv/114#8062526>		"manyahey"@ivv	
"təmaʔut"@kem	<https://panlex.org/snapshot/panlex-20191001-csv/114#8062549>				<https://panlex.org/snapshot/panlex-20191001-csv/114#8062532>		"warangey"@ivv	
"təmaʔut"@kem	<https://panlex.org/snapshot/panlex-20191001-csv/114#8062549>				<https://panlex.org/snapshot/panlex-20191001-csv/114#8062528>		"maʼmo"@ivv	
"təmaʔut"@kem	<https://panlex.org/snapshot/panlex-20191001-csv/114#8062549>				<https://panlex.org/snapshot/panlex-20191001-csv/114#8062520>		"bakel"@ivv	
"təmaʔut"@kem	<https://panlex.org/snapshot/panlex-20191001-csv/114#8062549>				<https://panlex.org/snapshot/panlex-20191001-csv/114#8062519>		"aʼmo"@ivv	
"təmaʔut"@kem	<https://panlex.org/snapshot/panlex-20191001-csv/114#8062549>				<https://panlex.org/snapshot/panlex-20191001-csv/114#8062523>		"mabakel"@ivv	
"ra"@kem	<https://panlex.org/snapshot/panlex-20191001-csv/114#8063039>				<https://panlex.org/snapshot/panlex-20191001-csv/114#8063025>		"rala"@ivv	
"ra"@kem	<https://panlex.org/snapshot/panlex-20191001-csv/114#8063039>				<https://panlex.org/snapshot/panlex-20191001-csv/114#8063027>		"rayaq"@ivv	
"ra"@kem	<https://panlex.org/snapshot/panlex-20191001-csv/114#8063039>				<https://panlex.org/snapshot/panlex-20191001-csv/114#8063026>		"raya"@ivv	
"ɔɛ|ɛ"@kem	<https://panlex.org/snapshot/panlex-20191001-csv/114#8053297>				<https://panlex.org/snapshot/panlex-20191001-csv/114#8053281>		"kokod"@ivv	
"ɔɛ|ɛ"@kem	<https://panlex.org/snapshot/panlex-20191001-csv/114#8053297>				<https://panlex.org/snapshot/panlex-20191001-csv/114#8053282>		"padang"@ivv	
"ɔɛ|ɛ"@kem	<https://panlex.org/snapshot/panlex-20191001-csv/114#8053297>				<https://panlex.org/snapshot/panlex-20191001-csv/114#8053283>		"qayiq"@ivv	
"ɔɛ|ɛ"@kem	<https://panlex.org/snapshot/panlex-20191001-csv/114#8053297>				<https://panlex.org/snapshot/panlex-20191001-csv/114#8053280>		"ayi"@ivv	
"nagi"@kem	<https://panlex.org/snapshot/panlex-20191001-csv/114#8055920>				<https://panlex.org/snapshot/panlex-20191001-csv/114#8055905>		"awat"@ivv	
"nagi"@kem	<https://panlex.org/snapshot/panlex-20191001-csv/114#8055920>				<https://panlex.org/snapshot/panlex-20191001-csv/114#8055906>		"awawat"@ivv	
"nagi"@kem	<https://panlex.org/snapshot/panlex-20191001-csv/114#8055920>				<https://panlex.org/snapshot/panlex-20191001-csv/114#8055910>		"miyawawat"@ivv	
"nagi"@kem	<https://panlex.org/snapshot/panlex-20191001-csv/114#8055920>				<https://panlex.org/snapshot/panlex-20191001-csv/114#8055907>		"mayawat"@ivv	
"nagi"@kem	<https://panlex.org/snapshot/panlex-20191001-csv/114#8055920>				<https://panlex.org/snapshot/panlex-20191001-csv/114#8055909>		"miawawat"@ivv	
"nagi"@kem	<https://panlex.org/snapshot/panlex-20191001-csv/114#8055920>				<https://panlex.org/snapshot/panlex-20191001-csv/114#8055908>		"miawat"@ivv	
"gara-ra hulu"@kem	<https://panlex.org/snapshot/panlex-20191001-csv/114#8064663>				<https://panlex.org/snapshot/panlex-20191001-csv/114#8064652>		"vuhok"@ivv	
"gara-ra hulu"@kem	<https://panlex.org/snapshot/panlex-20191001-csv/114#8064663>				<https://panlex.org/snapshot/panlex-20191001-csv/114#8064645>		"avok"@ivv	
"gara-ra hulu"@kem	<https://panlex.org/snapshot/panlex-20191001-csv/114#8064663>				<https://panlex.org/snapshot/panlex-20191001-csv/114#8064653>		"vuhuk"@ivv	
"gara-ra hulu"@kem	<https://panlex.org/snapshot/panlex-20191001-csv/114#8064663>				<https://panlex.org/snapshot/panlex-20191001-csv/114#8064648>		"ovok"@ivv	
"gara-ra hulu"@kem	<https://panlex.org/snapshot/panlex-20191001-csv/114#8064663>				<https://panlex.org/snapshot/panlex-20191001-csv/114#8064651>		"vook"@ivv	
"gara-ra hulu"@kem	<https://panlex.org/snapshot/panlex-20191001-csv/114#8064663>				<https://panlex.org/snapshot/panlex-20191001-csv/114#8064647>		"book"@ivv	
"gara-ra hulu"@kem	<https://panlex.org/snapshot/panlex-20191001-csv/114#8064663>				<https://panlex.org/snapshot/panlex-20191001-csv/114#8064649>		"vo:ok"@ivv	
"gara-ra hulu"@kem	<https://panlex.org/snapshot/panlex-20191001-csv/114#8064663>				<https://panlex.org/snapshot/panlex-20191001-csv/114#8064646>		"bo:boh"@ivv	
"gara-ra hulu"@kem	<https://panlex.org/snapshot/panlex-20191001-csv/114#8064663>				<https://panlex.org/snapshot/panlex-20191001-csv/114#8064650>		"vohok"@ivv	
"lima-r"@kem	<https://panlex.org/snapshot/panlex-20191001-csv/114#8051809>				<https://panlex.org/snapshot/panlex-20191001-csv/114#8051795>		"panorowan"@ivv	
"lima-r"@kem	<https://panlex.org/snapshot/panlex-20191001-csv/114#8051809>				<https://panlex.org/snapshot/panlex-20191001-csv/114#8051796>		"tanoro"@ivv	
"lima-r"@kem	<https://panlex.org/snapshot/panlex-20191001-csv/114#8051809>				<https://panlex.org/snapshot/panlex-20191001-csv/114#8051793>		"limaq"@ivv	
"lima-r"@kem	<https://panlex.org/snapshot/panlex-20191001-csv/114#8051809>				<https://panlex.org/snapshot/panlex-20191001-csv/114#8051794>		"pamamahadan"@ivv	
"lima-r"@kem	<https://panlex.org/snapshot/panlex-20191001-csv/114#8051809>				<https://panlex.org/snapshot/panlex-20191001-csv/114#8051792>		"lima"@ivv	
"lima-r"@kem	<https://panlex.org/snapshot/panlex-20191001-csv/114#8051809>				<https://panlex.org/snapshot/panlex-20191001-csv/114#8051797>		"tanoroq"@ivv	
"gara-r"@kem	<https://panlex.org/snapshot/panlex-20191001-csv/114#8063579>				<https://panlex.org/snapshot/panlex-20191001-csv/114#8063565>		"oxo"@ivv	
"gara-r"@kem	<https://panlex.org/snapshot/panlex-20191001-csv/114#8063579>				<https://panlex.org/snapshot/panlex-20191001-csv/114#8063566>		"qohoq"@ivv	
"gara-r"@kem	<https://panlex.org/snapshot/panlex-20191001-csv/114#8063579>				<https://panlex.org/snapshot/panlex-20191001-csv/114#8063567>		"quǥuq"@ivv	
"gara-r"@kem	<https://panlex.org/snapshot/panlex-20191001-csv/114#8063579>				<https://panlex.org/snapshot/panlex-20191001-csv/114#8063564>		"oho"@ivv	
"gara-r"@kem	<https://panlex.org/snapshot/panlex-20191001-csv/114#8063579>				<https://panlex.org/snapshot/panlex-20191001-csv/114#8063568>		"wowo"@ivv	
"lamara"@kem	<https://panlex.org/snapshot/panlex-20191001-csv/114#8067771>				<https://panlex.org/snapshot/panlex-20191001-csv/114#8067757>		"rida"@ivv	
"lamara"@kem	<https://panlex.org/snapshot/panlex-20191001-csv/114#8067771>				<https://panlex.org/snapshot/panlex-20191001-csv/114#8067758>		"ridaq"@ivv	
"lamara"@kem	<https://panlex.org/snapshot/panlex-20191001-csv/114#8067771>				<https://panlex.org/snapshot/panlex-20191001-csv/114#8067759>		"rila"@ivv	
"lamara"@kem	<https://panlex.org/snapshot/panlex-20191001-csv/114#8067771>				<https://panlex.org/snapshot/panlex-20191001-csv/114#8067760>		"rilaq"@ivv	
"lamara"@kem	<https://panlex.org/snapshot/panlex-20191001-csv/114#8067771>				<https://panlex.org/snapshot/panlex-20191001-csv/114#8067756>		"lila"@ivv	
"ta:da"@kem	<https://panlex.org/snapshot/panlex-20191001-csv/114#8061545>				<https://panlex.org/snapshot/panlex-20191001-csv/114#8061524>		"ipapanmo"@ivv	
"ta:da"@kem	<https://panlex.org/snapshot/panlex-20191001-csv/114#8061545>				<https://panlex.org/snapshot/panlex-20191001-csv/114#8061520>		"icapatak"@ivv	
"ta:da"@kem	<https://panlex.org/snapshot/panlex-20191001-csv/114#8061545>				<https://panlex.org/snapshot/panlex-20191001-csv/114#8061522>		"icaʼpatak"@ivv	
"ta:da"@kem	<https://panlex.org/snapshot/panlex-20191001-csv/114#8061545>				<https://panlex.org/snapshot/panlex-20191001-csv/114#8061526>		"maapanmo"@ivv	
"ta:da"@kem	<https://panlex.org/snapshot/panlex-20191001-csv/114#8061545>				<https://panlex.org/snapshot/panlex-20191001-csv/114#8061533>		"teneng"@ivv	
"ta:da"@kem	<https://panlex.org/snapshot/panlex-20191001-csv/114#8061545>				<https://panlex.org/snapshot/panlex-20191001-csv/114#8061525>		"katenngan"@ivv	
"ta:da"@kem	<https://panlex.org/snapshot/panlex-20191001-csv/114#8061545>				<https://panlex.org/snapshot/panlex-20191001-csv/114#8061521>		"icaʼpanmo"@ivv	
"ta:da"@kem	<https://panlex.org/snapshot/panlex-20191001-csv/114#8061545>				<https://panlex.org/snapshot/panlex-20191001-csv/114#8061527>		"masincad"@ivv	
"ta:da"@kem	<https://panlex.org/snapshot/panlex-20191001-csv/114#8061545>				<https://panlex.org/snapshot/panlex-20191001-csv/114#8061531>		"peymo"@ivv	
"ta:da"@kem	<https://panlex.org/snapshot/panlex-20191001-csv/114#8061545>				<https://panlex.org/snapshot/panlex-20191001-csv/114#8061523>		"ichaʼpanmu"@ivv	
"ta:da"@kem	<https://panlex.org/snapshot/panlex-20191001-csv/114#8061545>				<https://panlex.org/snapshot/panlex-20191001-csv/114#8061528>		"masiñcad"@ivv	
"ta:da"@kem	<https://panlex.org/snapshot/panlex-20191001-csv/114#8061545>				<https://panlex.org/snapshot/panlex-20191001-csv/114#8061532>		"sincad"@ivv	
"ta:da"@kem	<https://panlex.org/snapshot/panlex-20191001-csv/114#8061545>				<https://panlex.org/snapshot/panlex-20191001-csv/114#8061529>		"panmo"@ivv	
"ta:da"@kem	<https://panlex.org/snapshot/panlex-20191001-csv/114#8061545>				<https://panlex.org/snapshot/panlex-20191001-csv/114#8061530>		"patak"@ivv	
