"duʼ"@mxd	<https://panlex.org/snapshot/panlex-20191001-csv/114#8063713>				<https://panlex.org/snapshot/panlex-20191001-csv/114#8063546>		"palaʔ"@iba	
"kəjun məl"@mxd	<https://panlex.org/snapshot/panlex-20191001-csv/114#8058054>				<https://panlex.org/snapshot/panlex-20191001-csv/114#8057895>		"belakaŋ"@iba	
"ptɛng"@mxd	<https://panlex.org/snapshot/panlex-20191001-csv/114#8061674>				<https://panlex.org/snapshot/panlex-20191001-csv/114#8061500>		"tauʔ"@iba	
"ptɛng"@mxd	<https://panlex.org/snapshot/panlex-20191001-csv/114#8061674>				<https://panlex.org/snapshot/panlex-20191001-csv/114#8061501>		"temu"@iba	
"ngəs ngiang"@mxd	<https://panlex.org/snapshot/panlex-20191001-csv/114#8065825>				<https://panlex.org/snapshot/panlex-20191001-csv/114#8065693>		"nyintak seput"@iba	
"ngəs ngiang"@mxd	<https://panlex.org/snapshot/panlex-20191001-csv/114#8065825>				<https://panlex.org/snapshot/panlex-20191001-csv/114#8065692>		"be-ñawa"@iba	
"tlaʼ"@mxd	<https://panlex.org/snapshot/panlex-20191001-csv/114#8067899>				<https://panlex.org/snapshot/panlex-20191001-csv/114#8067738>		"dilah"@iba	
"məʼa"@mxd	<https://panlex.org/snapshot/panlex-20191001-csv/114#8052917>				<https://panlex.org/snapshot/panlex-20191001-csv/114#8052776>		"kanan"@iba	
"hay"@mxd	<https://panlex.org/snapshot/panlex-20191001-csv/114#8055046>				<https://panlex.org/snapshot/panlex-20191001-csv/114#8054891>		"datai"@iba	
"ənjoʼ"@mxd	<https://panlex.org/snapshot/panlex-20191001-csv/114#8056052>				<https://panlex.org/snapshot/panlex-20191001-csv/114#8055885>		"nyemerai"@iba	
"wok"@mxd	<https://panlex.org/snapshot/panlex-20191001-csv/114#8064785>				<https://panlex.org/snapshot/panlex-20191001-csv/114#8064627>		"bok"@iba	
"ləʼa"@mxd	<https://panlex.org/snapshot/panlex-20191001-csv/114#8063169>				<https://panlex.org/snapshot/panlex-20191001-csv/114#8063007>		"darah"@iba	
"ləʼip"@mxd	<https://panlex.org/snapshot/panlex-20191001-csv/114#8061149>				<https://panlex.org/snapshot/panlex-20191001-csv/114#8061005>		"bau"@iba	
