"hanguy"@mxd	<https://panlex.org/snapshot/panlex-20191001-csv/12#851072>				<https://panlex.org/snapshot/panlex-20191001-csv/12#851042>		"era"@mgm	
"duʼ"@mxd	<https://panlex.org/snapshot/panlex-20191001-csv/114#8063713>				<https://panlex.org/snapshot/panlex-20191001-csv/114#8063667>		"ul"@mgm	
"ptɛng"@mxd	<https://panlex.org/snapshot/panlex-20191001-csv/114#8061674>				<https://panlex.org/snapshot/panlex-20191001-csv/114#8061633>		"tad"@mgm	
"ngəs ngiang"@mxd	<https://panlex.org/snapshot/panlex-20191001-csv/114#8065825>				<https://panlex.org/snapshot/panlex-20191001-csv/114#8065785>		"snukan"@mgm	
"tlaʼ"@mxd	<https://panlex.org/snapshot/panlex-20191001-csv/114#8067899>				<https://panlex.org/snapshot/panlex-20191001-csv/114#8067857>		"lamalau"@mgm	
"məʼa"@mxd	<https://panlex.org/snapshot/panlex-20191001-csv/114#8052917>				<https://panlex.org/snapshot/panlex-20191001-csv/114#8052879>		"hana-n"@mgm	
"hay"@mxd	<https://panlex.org/snapshot/panlex-20191001-csv/114#8055046>				<https://panlex.org/snapshot/panlex-20191001-csv/114#8055007>		"ma"@mgm	
"ənjoʼ"@mxd	<https://panlex.org/snapshot/panlex-20191001-csv/114#8056052>				<https://panlex.org/snapshot/panlex-20191001-csv/114#8056007>		"nain"@mgm	
"wok"@mxd	<https://panlex.org/snapshot/panlex-20191001-csv/114#8064785>				<https://panlex.org/snapshot/panlex-20191001-csv/114#8064745>		"ulu-n"@mgm	
"ləʼa"@mxd	<https://panlex.org/snapshot/panlex-20191001-csv/114#8063169>				<https://panlex.org/snapshot/panlex-20191001-csv/114#8063128>		"lara-n"@mgm	
"ləʼip"@mxd	<https://panlex.org/snapshot/panlex-20191001-csv/114#8061149>				<https://panlex.org/snapshot/panlex-20191001-csv/114#8061109>		"kba:s"@mgm	
"hanguy"@mxd	<https://panlex.org/snapshot/panlex-20191001-csv/11#787673>				<https://panlex.org/snapshot/panlex-20191001-csv/11#787645>		"era"@mgm	
