"seyshenbe"@ug	<https://panlex.org/snapshot/panlex-20191001-csv/2892#110824434>				<https://panlex.org/snapshot/panlex-20191001-csv/2892#110824714>		"Hnub ob"@cqd	
"seyshenbe"@ug	<https://panlex.org/snapshot/panlex-20191001-csv/2892#110824434>				<https://panlex.org/snapshot/panlex-20191001-csv/2892#110824749>		"𖬆𖬩 𖬒𖬮𖬰"@cqd	
"düshenbe"@ug	<https://panlex.org/snapshot/panlex-20191001-csv/2892#110824373>				<https://panlex.org/snapshot/panlex-20191001-csv/2892#110824063>		"Hnub ib"@cqd	
"düshenbe"@ug	<https://panlex.org/snapshot/panlex-20191001-csv/2892#110824373>				<https://panlex.org/snapshot/panlex-20191001-csv/2892#110824303>		"𖬆𖬩 𖬂𖬮𖬰"@cqd	
"چارشەنبە"@ug	<https://panlex.org/snapshot/panlex-20191001-csv/2892#110825124>				<https://panlex.org/snapshot/panlex-20191001-csv/2892#110825229>		"Hnub peb"@cqd	
"چارشەنبە"@ug	<https://panlex.org/snapshot/panlex-20191001-csv/2892#110825124>				<https://panlex.org/snapshot/panlex-20191001-csv/2892#110824944>		"𖬆𖬩 𖬈𖬪𖬵"@cqd	
"charshenbe"@ug	<https://panlex.org/snapshot/panlex-20191001-csv/2892#110825237>				<https://panlex.org/snapshot/panlex-20191001-csv/2892#110825229>		"Hnub peb"@cqd	
"charshenbe"@ug	<https://panlex.org/snapshot/panlex-20191001-csv/2892#110825237>				<https://panlex.org/snapshot/panlex-20191001-csv/2892#110824944>		"𖬆𖬩 𖬈𖬪𖬵"@cqd	
"دۈشەنبە"@ug	<https://panlex.org/snapshot/panlex-20191001-csv/2892#110824209>				<https://panlex.org/snapshot/panlex-20191001-csv/2892#110824063>		"Hnub ib"@cqd	
"دۈشەنبە"@ug	<https://panlex.org/snapshot/panlex-20191001-csv/2892#110824209>				<https://panlex.org/snapshot/panlex-20191001-csv/2892#110824303>		"𖬆𖬩 𖬂𖬮𖬰"@cqd	
"شەنبە"@ug	<https://panlex.org/snapshot/panlex-20191001-csv/2892#110826146>				<https://panlex.org/snapshot/panlex-20191001-csv/2892#110826369>		"Hnub rau"@cqd	
"شەنبە"@ug	<https://panlex.org/snapshot/panlex-20191001-csv/2892#110826146>				<https://panlex.org/snapshot/panlex-20191001-csv/2892#110826417>		"𖬆𖬩 𖬅𖬰𖬡"@cqd	
"جۈمە"@ug	<https://panlex.org/snapshot/panlex-20191001-csv/2892#110826063>				<https://panlex.org/snapshot/panlex-20191001-csv/2892#110825862>		"𖬆𖬩 𖬂𖬝𖬰"@cqd	
"جۈمە"@ug	<https://panlex.org/snapshot/panlex-20191001-csv/2892#110826063>				<https://panlex.org/snapshot/panlex-20191001-csv/2892#110825784>		"Hnub tsib"@cqd	
"пәйшәнбә"@ug	<https://panlex.org/snapshot/panlex-20191001-csv/2892#110825587>				<https://panlex.org/snapshot/panlex-20191001-csv/2892#110825580>		"Hnub plaub"@cqd	
"пәйшәнбә"@ug	<https://panlex.org/snapshot/panlex-20191001-csv/2892#110825587>				<https://panlex.org/snapshot/panlex-20191001-csv/2892#110825646>		"𖬆𖬩 𖬄𖬦𖬵"@cqd	
"шәнбә"@ug	<https://panlex.org/snapshot/panlex-20191001-csv/2892#110826488>				<https://panlex.org/snapshot/panlex-20191001-csv/2892#110826369>		"Hnub rau"@cqd	
"шәнбә"@ug	<https://panlex.org/snapshot/panlex-20191001-csv/2892#110826488>				<https://panlex.org/snapshot/panlex-20191001-csv/2892#110826417>		"𖬆𖬩 𖬅𖬰𖬡"@cqd	
"پەيشەنبە"@ug	<https://panlex.org/snapshot/panlex-20191001-csv/2892#110825576>				<https://panlex.org/snapshot/panlex-20191001-csv/2892#110825580>		"Hnub plaub"@cqd	
"پەيشەنبە"@ug	<https://panlex.org/snapshot/panlex-20191001-csv/2892#110825576>				<https://panlex.org/snapshot/panlex-20191001-csv/2892#110825646>		"𖬆𖬩 𖬄𖬦𖬵"@cqd	
"jüme"@ug	<https://panlex.org/snapshot/panlex-20191001-csv/2892#110826088>				<https://panlex.org/snapshot/panlex-20191001-csv/2892#110825862>		"𖬆𖬩 𖬂𖬝𖬰"@cqd	
"jüme"@ug	<https://panlex.org/snapshot/panlex-20191001-csv/2892#110826088>				<https://panlex.org/snapshot/panlex-20191001-csv/2892#110825784>		"Hnub tsib"@cqd	
"йәкшәнбә"@ug	<https://panlex.org/snapshot/panlex-20191001-csv/2892#110826641>				<https://panlex.org/snapshot/panlex-20191001-csv/2892#110826922>		"Hnub xya"@cqd	
"йәкшәнбә"@ug	<https://panlex.org/snapshot/panlex-20191001-csv/2892#110826641>				<https://panlex.org/snapshot/panlex-20191001-csv/2892#110826588>		"𖬆𖬩 𖬗𖬲𖬧𖬰"@cqd	
"يەكشەنبە"@ug	<https://panlex.org/snapshot/panlex-20191001-csv/2892#110826931>				<https://panlex.org/snapshot/panlex-20191001-csv/2892#110826922>		"Hnub xya"@cqd	
"يەكشەنبە"@ug	<https://panlex.org/snapshot/panlex-20191001-csv/2892#110826931>				<https://panlex.org/snapshot/panlex-20191001-csv/2892#110826588>		"𖬆𖬩 𖬗𖬲𖬧𖬰"@cqd	
"чаршәнбә"@ug	<https://panlex.org/snapshot/panlex-20191001-csv/2892#110824941>				<https://panlex.org/snapshot/panlex-20191001-csv/2892#110825229>		"Hnub peb"@cqd	
"чаршәнбә"@ug	<https://panlex.org/snapshot/panlex-20191001-csv/2892#110824941>				<https://panlex.org/snapshot/panlex-20191001-csv/2892#110824944>		"𖬆𖬩 𖬈𖬪𖬵"@cqd	
"shenbe"@ug	<https://panlex.org/snapshot/panlex-20191001-csv/2892#110826178>				<https://panlex.org/snapshot/panlex-20191001-csv/2892#110826369>		"Hnub rau"@cqd	
"shenbe"@ug	<https://panlex.org/snapshot/panlex-20191001-csv/2892#110826178>				<https://panlex.org/snapshot/panlex-20191001-csv/2892#110826417>		"𖬆𖬩 𖬅𖬰𖬡"@cqd	
"yekshenbe"@ug	<https://panlex.org/snapshot/panlex-20191001-csv/2892#110826737>				<https://panlex.org/snapshot/panlex-20191001-csv/2892#110826922>		"Hnub xya"@cqd	
"yekshenbe"@ug	<https://panlex.org/snapshot/panlex-20191001-csv/2892#110826737>				<https://panlex.org/snapshot/panlex-20191001-csv/2892#110826588>		"𖬆𖬩 𖬗𖬲𖬧𖬰"@cqd	
"җүмә"@ug	<https://panlex.org/snapshot/panlex-20191001-csv/2892#110825903>				<https://panlex.org/snapshot/panlex-20191001-csv/2892#110825862>		"𖬆𖬩 𖬂𖬝𖬰"@cqd	
"җүмә"@ug	<https://panlex.org/snapshot/panlex-20191001-csv/2892#110825903>				<https://panlex.org/snapshot/panlex-20191001-csv/2892#110825784>		"Hnub tsib"@cqd	
"سەيشەنبە"@ug	<https://panlex.org/snapshot/panlex-20191001-csv/2892#110824637>				<https://panlex.org/snapshot/panlex-20191001-csv/2892#110824714>		"Hnub ob"@cqd	
"سەيشەنبە"@ug	<https://panlex.org/snapshot/panlex-20191001-csv/2892#110824637>				<https://panlex.org/snapshot/panlex-20191001-csv/2892#110824749>		"𖬆𖬩 𖬒𖬮𖬰"@cqd	
"дүшәнбә"@ug	<https://panlex.org/snapshot/panlex-20191001-csv/2892#110824132>				<https://panlex.org/snapshot/panlex-20191001-csv/2892#110824063>		"Hnub ib"@cqd	
"дүшәнбә"@ug	<https://panlex.org/snapshot/panlex-20191001-csv/2892#110824132>				<https://panlex.org/snapshot/panlex-20191001-csv/2892#110824303>		"𖬆𖬩 𖬂𖬮𖬰"@cqd	
"сәйшәнбә"@ug	<https://panlex.org/snapshot/panlex-20191001-csv/2892#110824800>				<https://panlex.org/snapshot/panlex-20191001-csv/2892#110824714>		"Hnub ob"@cqd	
"сәйшәнбә"@ug	<https://panlex.org/snapshot/panlex-20191001-csv/2892#110824800>				<https://panlex.org/snapshot/panlex-20191001-csv/2892#110824749>		"𖬆𖬩 𖬒𖬮𖬰"@cqd	
"peyshenbe"@ug	<https://panlex.org/snapshot/panlex-20191001-csv/2892#110825370>				<https://panlex.org/snapshot/panlex-20191001-csv/2892#110825580>		"Hnub plaub"@cqd	
"peyshenbe"@ug	<https://panlex.org/snapshot/panlex-20191001-csv/2892#110825370>				<https://panlex.org/snapshot/panlex-20191001-csv/2892#110825646>		"𖬆𖬩 𖬄𖬦𖬵"@cqd	
