"baqbaq"@mmn	<https://panlex.org/snapshot/panlex-20191001-csv/114#8066784>				<https://panlex.org/snapshot/panlex-20191001-csv/114#8066898>		"pina-"@rro	
"dibdib"@mmn	<https://panlex.org/snapshot/panlex-20191001-csv/114#8060598>				<https://panlex.org/snapshot/panlex-20191001-csv/114#8060702>		"susu-na"@rro	
"haldɨk"@mmn	<https://panlex.org/snapshot/panlex-20191001-csv/114#8062643>				<https://panlex.org/snapshot/panlex-20191001-csv/114#8062741>		"taʔu"@rro	
"bɨkɨg"@mmn	<https://panlex.org/snapshot/panlex-20191001-csv/114#8059090>				<https://panlex.org/snapshot/panlex-20191001-csv/114#8059187>		"húria"@rro	
"bohok"@mmn	<https://panlex.org/snapshot/panlex-20191001-csv/114#8064755>				<https://panlex.org/snapshot/panlex-20191001-csv/114#8064864>		"bui-"@rro	
"panaw"@mmn	<https://panlex.org/snapshot/panlex-20191001-csv/114#8053987>				<https://panlex.org/snapshot/panlex-20191001-csv/114#8054098>		"hamákaʔao"@rro	
"panaw"@mmn	<https://panlex.org/snapshot/panlex-20191001-csv/114#8053987>				<https://panlex.org/snapshot/panlex-20191001-csv/114#8054097>		"ao"@rro	
"tinaqi"@mmn	<https://panlex.org/snapshot/panlex-20191001-csv/114#8058550>				<https://panlex.org/snapshot/panlex-20191001-csv/114#8058667>		"nua-na"@rro	
"tinaqi"@mmn	<https://panlex.org/snapshot/panlex-20191001-csv/114#8058550>				<https://panlex.org/snapshot/panlex-20191001-csv/114#8058666>		"nua-mu"@rro	
"tinaqi"@mmn	<https://panlex.org/snapshot/panlex-20191001-csv/114#8058550>				<https://panlex.org/snapshot/panlex-20191001-csv/114#8058668>		"nua-ʔu"@rro	
"tinaqi"@mmn	<https://panlex.org/snapshot/panlex-20191001-csv/114#8059574>				<https://panlex.org/snapshot/panlex-20191001-csv/114#8059668>		"nua-na"@rro	
"paqa"@mmn	<https://panlex.org/snapshot/panlex-20191001-csv/114#8053402>				<https://panlex.org/snapshot/panlex-20191001-csv/114#8053514>		"ai-na"@rro	
"paqa"@mmn	<https://panlex.org/snapshot/panlex-20191001-csv/114#8053402>				<https://panlex.org/snapshot/panlex-20191001-csv/114#8053513>		"ai-mu"@rro	
"paqa"@mmn	<https://panlex.org/snapshot/panlex-20191001-csv/114#8053402>				<https://panlex.org/snapshot/panlex-20191001-csv/114#8053515>		"aiʔu"@rro	
"soso"@mmn	<https://panlex.org/snapshot/panlex-20191001-csv/114#8060599>				<https://panlex.org/snapshot/panlex-20191001-csv/114#8060702>		"susu-na"@rro	
