"baqbaq"@mmn	<https://panlex.org/snapshot/panlex-20191001-csv/114#8066784>				<https://panlex.org/snapshot/panlex-20191001-csv/114#8066855>		"asbúk"@pam	
"qabaga"@mmn	<https://panlex.org/snapshot/panlex-20191001-csv/114#8061120>				<https://panlex.org/snapshot/panlex-20191001-csv/114#8061182>		"pagó"@pam	
"dibdib"@mmn	<https://panlex.org/snapshot/panlex-20191001-csv/114#8060598>				<https://panlex.org/snapshot/panlex-20191001-csv/114#8060666>		"súsu"@pam	
"haldɨk"@mmn	<https://panlex.org/snapshot/panlex-20191001-csv/114#8062643>				<https://panlex.org/snapshot/panlex-20191001-csv/114#8062706>		"ma-takút"@pam	
"bɨkɨg"@mmn	<https://panlex.org/snapshot/panlex-20191001-csv/114#8059090>				<https://panlex.org/snapshot/panlex-20191001-csv/114#8059154>		"binyás"@pam	
"bohok"@mmn	<https://panlex.org/snapshot/panlex-20191001-csv/114#8064755>				<https://panlex.org/snapshot/panlex-20191001-csv/114#8064823>		"bwak"@pam	
"panaw"@mmn	<https://panlex.org/snapshot/panlex-20191001-csv/114#8053987>				<https://panlex.org/snapshot/panlex-20191001-csv/114#8054057>		"lákad"@pam	
"tinaqi"@mmn	<https://panlex.org/snapshot/panlex-20191001-csv/114#8058550>				<https://panlex.org/snapshot/panlex-20191001-csv/114#8058621>		"á|tcan"@pam	
"tinaqi"@mmn	<https://panlex.org/snapshot/panlex-20191001-csv/114#8059574>				<https://panlex.org/snapshot/panlex-20191001-csv/114#8059635>		"bitúka"@pam	
"paqa"@mmn	<https://panlex.org/snapshot/panlex-20191001-csv/114#8053402>				<https://panlex.org/snapshot/panlex-20191001-csv/114#8053477>		"bitís"@pam	
"liqɨg"@mmn	<https://panlex.org/snapshot/panlex-20191001-csv/114#8064222>				<https://panlex.org/snapshot/panlex-20191001-csv/114#8064285>		"bátal"@pam	
"liso"@mmn	<https://panlex.org/snapshot/panlex-20191001-csv/114#8055515>				<https://panlex.org/snapshot/panlex-20191001-csv/114#8055573>		"kurba"@pam	
"soso"@mmn	<https://panlex.org/snapshot/panlex-20191001-csv/114#8060599>				<https://panlex.org/snapshot/panlex-20191001-csv/114#8060666>		"súsu"@pam	
