"baqbaq"@mmn	<https://panlex.org/snapshot/panlex-20191001-csv/114#8066784>				<https://panlex.org/snapshot/panlex-20191001-csv/114#8066892>		"bebea[ʔ]"@rej	
"qabaga"@mmn	<https://panlex.org/snapshot/panlex-20191001-csv/114#8061120>				<https://panlex.org/snapshot/panlex-20191001-csv/114#8061215>		"baəw"@rej	
"dibdib"@mmn	<https://panlex.org/snapshot/panlex-20191001-csv/114#8060598>				<https://panlex.org/snapshot/panlex-20191001-csv/114#8060697>		"susəw"@rej	
"haldɨk"@mmn	<https://panlex.org/snapshot/panlex-20191001-csv/114#8062643>				<https://panlex.org/snapshot/panlex-20191001-csv/114#8062737>		"sabən"@rej	
"bɨkɨg"@mmn	<https://panlex.org/snapshot/panlex-20191001-csv/114#8059090>				<https://panlex.org/snapshot/panlex-20191001-csv/114#8059182>		"təlan"@rej	
"bohok"@mmn	<https://panlex.org/snapshot/panlex-20191001-csv/114#8064755>				<https://panlex.org/snapshot/panlex-20191001-csv/114#8064859>		"buʔ"@rej	
"panaw"@mmn	<https://panlex.org/snapshot/panlex-20191001-csv/114#8053987>				<https://panlex.org/snapshot/panlex-20191001-csv/114#8054092>		"bəpanəw"@rej	
"tinaqi"@mmn	<https://panlex.org/snapshot/panlex-20191001-csv/114#8058550>				<https://panlex.org/snapshot/panlex-20191001-csv/114#8058661>		"tənĩyɛ̃"@rej	
"tinaqi"@mmn	<https://panlex.org/snapshot/panlex-20191001-csv/114#8059574>				<https://panlex.org/snapshot/panlex-20191001-csv/114#8059664>		"usus"@rej	
"paqa"@mmn	<https://panlex.org/snapshot/panlex-20191001-csv/114#8053402>				<https://panlex.org/snapshot/panlex-20191001-csv/114#8053508>		"kekea"@rej	
"liqɨg"@mmn	<https://panlex.org/snapshot/panlex-20191001-csv/114#8064222>				<https://panlex.org/snapshot/panlex-20191001-csv/114#8064316>		"kagən"@rej	
"liso"@mmn	<https://panlex.org/snapshot/panlex-20191001-csv/114#8055515>				<https://panlex.org/snapshot/panlex-20191001-csv/114#8055613>		"beloʔ"@rej	
"liso"@mmn	<https://panlex.org/snapshot/panlex-20191001-csv/114#8055515>				<https://panlex.org/snapshot/panlex-20191001-csv/114#8055614>		"biloʔ"@rej	
"soso"@mmn	<https://panlex.org/snapshot/panlex-20191001-csv/114#8060599>				<https://panlex.org/snapshot/panlex-20191001-csv/114#8060697>		"susəw"@rej	
