"сагаан"@bua	<https://panlex.org/snapshot/panlex-20191001-csv/5947#84639690>				<https://panlex.org/snapshot/panlex-20191001-csv/5947#84639773>		"თეთრი"@ka	
"Алжир"@bua	<https://panlex.org/snapshot/panlex-20191001-csv/5947#84580062>				<https://panlex.org/snapshot/panlex-20191001-csv/5947#84580130>		"ალჟირი"@ka	
"гэрэл"@bua	<https://panlex.org/snapshot/panlex-20191001-csv/5946#84446133>				<https://panlex.org/snapshot/panlex-20191001-csv/5946#84446219>		"სარკე"@ka	
"Жибэн"@bua	<https://panlex.org/snapshot/panlex-20191001-csv/5949#85326046>				<https://panlex.org/snapshot/panlex-20191001-csv/5949#85326081>		"იაპონია"@ka	
"Казахстан"@bua	<https://panlex.org/snapshot/panlex-20191001-csv/5949#85312054>				<https://panlex.org/snapshot/panlex-20191001-csv/5949#85312099>		"ყაზახეთი"@ka	
"Дэлхэй"@bua	<https://panlex.org/snapshot/panlex-20191001-csv/5949#85309511>				<https://panlex.org/snapshot/panlex-20191001-csv/5949#85309559>		"დედამიწა"@ka	
"август"@bua	<https://panlex.org/snapshot/panlex-20191001-csv/5949#85329289>				<https://panlex.org/snapshot/panlex-20191001-csv/5949#85329384>		"აგვისტო"@ka	
"Ород улас"@bua	<https://panlex.org/snapshot/panlex-20191001-csv/5949#85319411>				<https://panlex.org/snapshot/panlex-20191001-csv/5949#85319493>		"რუსეთი"@ka	
"Берлин"@bua	<https://panlex.org/snapshot/panlex-20191001-csv/5949#85302395>				<https://panlex.org/snapshot/panlex-20191001-csv/5949#85302457>		"ბერლინი"@ka	
"Ливан"@bua	<https://panlex.org/snapshot/panlex-20191001-csv/5949#85314525>				<https://panlex.org/snapshot/panlex-20191001-csv/5949#85314538>		"ლიბანი"@ka	
"Байгал нуур"@bua	<https://panlex.org/snapshot/panlex-20191001-csv/5949#85301356>				<https://panlex.org/snapshot/panlex-20191001-csv/5949#85301369>		"ბაიკალი"@ka	
"Евроопо"@bua	<https://panlex.org/snapshot/panlex-20191001-csv/5949#85308506>				<https://panlex.org/snapshot/panlex-20191001-csv/5949#85308567>		"ევროპა"@ka	
"Марокко"@bua	<https://panlex.org/snapshot/panlex-20191001-csv/5949#85315320>				<https://panlex.org/snapshot/panlex-20191001-csv/5949#85315327>		"მაროკო"@ka	
"Франци"@bua	<https://panlex.org/snapshot/panlex-20191001-csv/5949#85323543>				<https://panlex.org/snapshot/panlex-20191001-csv/5949#85323602>		"საფრანგეთი"@ka	
"Ород"@bua	<https://panlex.org/snapshot/panlex-20191001-csv/5949#85319412>				<https://panlex.org/snapshot/panlex-20191001-csv/5949#85319493>		"რუსეთი"@ka	
"Элһэтэ"@bua	<https://panlex.org/snapshot/panlex-20191001-csv/5949#85325463>				<https://panlex.org/snapshot/panlex-20191001-csv/5949#85325472>		"ელისთა"@ka	
"Европо"@bua	<https://panlex.org/snapshot/panlex-20191001-csv/5949#85308507>				<https://panlex.org/snapshot/panlex-20191001-csv/5949#85308567>		"ევროპა"@ka	
"буряад хэлэн"@bua	<https://panlex.org/snapshot/panlex-20191001-csv/0#107618738>				<https://panlex.org/snapshot/panlex-20191001-csv/0#116320528>		"ბურიატული"@ka	
