"Gini Bisaw"@ak	<https://panlex.org/snapshot/panlex-20191001-csv/6898#113616625>				<https://panlex.org/snapshot/panlex-20191001-csv/6898#113616518>		"Gini-Bisawu"@lg	
"Kata"@ak	<https://panlex.org/snapshot/panlex-20191001-csv/6898#113636789>				<https://panlex.org/snapshot/panlex-20191001-csv/6898#113636895>		"Kataa"@lg	
"Aereland"@ak	<https://panlex.org/snapshot/panlex-20191001-csv/6898#113626043>				<https://panlex.org/snapshot/panlex-20191001-csv/6898#113625922>		"Ayalandi"@lg	
"Fɔlkman Aeland"@ak	<https://panlex.org/snapshot/panlex-20191001-csv/6898#113642895>				<https://panlex.org/snapshot/panlex-20191001-csv/6898#113642886>		"Bizinga by’eFalikalandi"@lg	
"Nɛpɔl"@ak	<https://panlex.org/snapshot/panlex-20191001-csv/6898#113584157>				<https://panlex.org/snapshot/panlex-20191001-csv/6898#113584108>		"Nepalo"@lg	
"Yɛmen"@ak	<https://panlex.org/snapshot/panlex-20191001-csv/6898#113593541>				<https://panlex.org/snapshot/panlex-20191001-csv/6898#113593552>		"Yemeni"@lg	
"Namibia"@ak	<https://panlex.org/snapshot/panlex-20191001-csv/6898#113606667>				<https://panlex.org/snapshot/panlex-20191001-csv/6898#113606806>		"Namibiya"@lg	
"Suriname"@ak	<https://panlex.org/snapshot/panlex-20191001-csv/6898#113640692>				<https://panlex.org/snapshot/panlex-20191001-csv/6898#113640681>		"Surinaamu"@lg	
"Zambia"@ak	<https://panlex.org/snapshot/panlex-20191001-csv/6898#113617471>				<https://panlex.org/snapshot/panlex-20191001-csv/6898#113617447>		"Zambya"@lg	
"Indɔnehyia"@ak	<https://panlex.org/snapshot/panlex-20191001-csv/6898#113633550>				<https://panlex.org/snapshot/panlex-20191001-csv/6898#113633440>		"Yindonezya"@lg	
"Swaziland"@ak	<https://panlex.org/snapshot/panlex-20191001-csv/6898#113625363>				<https://panlex.org/snapshot/panlex-20191001-csv/6898#113625268>		"Swazirandi"@lg	
"Somalia"@ak	<https://panlex.org/snapshot/panlex-20191001-csv/6898#113608555>				<https://panlex.org/snapshot/panlex-20191001-csv/6898#113608486>		"Somaliya"@lg	
"Philippines"@ak	<https://panlex.org/snapshot/panlex-20191001-csv/6898#113602774>				<https://panlex.org/snapshot/panlex-20191001-csv/6898#113602635>		"Bizinga bya Firipino"@lg	
"Gini"@ak	<https://panlex.org/snapshot/panlex-20191001-csv/6898#113617689>				<https://panlex.org/snapshot/panlex-20191001-csv/6898#113617713>		"Gini"@lg	
"Kazakstan"@ak	<https://panlex.org/snapshot/panlex-20191001-csv/6898#113590958>				<https://panlex.org/snapshot/panlex-20191001-csv/6898#113590994>		"Kazakisitaani"@lg	
"Laos"@ak	<https://panlex.org/snapshot/panlex-20191001-csv/6898#113619038>				<https://panlex.org/snapshot/panlex-20191001-csv/6898#113619089>		"Lawosi"@lg	
"Nisrim"@ak	<https://panlex.org/snapshot/panlex-20191001-csv/6898#113604476>				<https://panlex.org/snapshot/panlex-20191001-csv/6898#113604503>		"Misiri"@lg	
"Gyameka"@ak	<https://panlex.org/snapshot/panlex-20191001-csv/6898#113593369>				<https://panlex.org/snapshot/panlex-20191001-csv/6898#113593311>		"Jamayika"@lg	
"Rwanda"@ak	<https://panlex.org/snapshot/panlex-20191001-csv/6898#113625516>				<https://panlex.org/snapshot/panlex-20191001-csv/6898#113625536>		"Rwanda"@lg	
"Gyɔdan"@ak	<https://panlex.org/snapshot/panlex-20191001-csv/6898#113611605>				<https://panlex.org/snapshot/panlex-20191001-csv/6898#113611558>		"Yorodani"@lg	
"Beliz"@ak	<https://panlex.org/snapshot/panlex-20191001-csv/6898#113608887>				<https://panlex.org/snapshot/panlex-20191001-csv/6898#113608933>		"Belize"@lg	
"Poland"@ak	<https://panlex.org/snapshot/panlex-20191001-csv/6898#113642757>				<https://panlex.org/snapshot/panlex-20191001-csv/6898#113642685>		"Polandi"@lg	
"Pakistan"@ak	<https://panlex.org/snapshot/panlex-20191001-csv/6898#113607021>				<https://panlex.org/snapshot/panlex-20191001-csv/6898#113607004>		"Pakisitaani"@lg	
"Ɛl Salvadɔ"@ak	<https://panlex.org/snapshot/panlex-20191001-csv/6898#113600676>				<https://panlex.org/snapshot/panlex-20191001-csv/6898#113600631>		"El salivado"@lg	
"Baren"@ak	<https://panlex.org/snapshot/panlex-20191001-csv/6898#113596107>				<https://panlex.org/snapshot/panlex-20191001-csv/6898#113596120>		"Baareeni"@lg	
"Saint Vincent ne Grenadines"@ak	<https://panlex.org/snapshot/panlex-20191001-csv/6898#113611788>				<https://panlex.org/snapshot/panlex-20191001-csv/6898#113611846>		"Senti Vinsenti ne Gurendadiini"@lg	
"Azebaegyan"@ak	<https://panlex.org/snapshot/panlex-20191001-csv/6898#113619364>				<https://panlex.org/snapshot/panlex-20191001-csv/6898#113619394>		"Azerebayijaani"@lg	
"Miyanma"@ak	<https://panlex.org/snapshot/panlex-20191001-csv/6898#113594285>				<https://panlex.org/snapshot/panlex-20191001-csv/6898#113594326>		"Myanima"@lg	
"Kuba"@ak	<https://panlex.org/snapshot/panlex-20191001-csv/6898#113618670>				<https://panlex.org/snapshot/panlex-20191001-csv/6898#113618683>		"Cuba"@lg	
"Grenada"@ak	<https://panlex.org/snapshot/panlex-20191001-csv/6898#113604143>				<https://panlex.org/snapshot/panlex-20191001-csv/6898#113604146>		"Gurenada"@lg	
"Afganistan"@ak	<https://panlex.org/snapshot/panlex-20191001-csv/6898#113604670>				<https://panlex.org/snapshot/panlex-20191001-csv/6898#113604666>		"Afaganisitani"@lg	
"Slovinia"@ak	<https://panlex.org/snapshot/panlex-20191001-csv/6898#113636569>				<https://panlex.org/snapshot/panlex-20191001-csv/6898#113636716>		"Sirovenya"@lg	
"Brunae"@ak	<https://panlex.org/snapshot/panlex-20191001-csv/6898#113615970>				<https://panlex.org/snapshot/panlex-20191001-csv/6898#113616066>		"Burunayi"@lg	
"Ukren"@ak	<https://panlex.org/snapshot/panlex-20191001-csv/6898#113600927>				<https://panlex.org/snapshot/panlex-20191001-csv/6898#113600851>		"Yukurayine"@lg	
"Nigyɛ"@ak	<https://panlex.org/snapshot/panlex-20191001-csv/6898#113644744>				<https://panlex.org/snapshot/panlex-20191001-csv/6898#113644870>		"Nije"@lg	
"Taeland"@ak	<https://panlex.org/snapshot/panlex-20191001-csv/6898#113603752>				<https://panlex.org/snapshot/panlex-20191001-csv/6898#113603619>		"Tayirandi"@lg	
"Naegyeria"@ak	<https://panlex.org/snapshot/panlex-20191001-csv/6898#113624136>				<https://panlex.org/snapshot/panlex-20191001-csv/6898#113624146>		"Nayijerya"@lg	
"Tunihyia"@ak	<https://panlex.org/snapshot/panlex-20191001-csv/6898#113606373>				<https://panlex.org/snapshot/panlex-20191001-csv/6898#113606379>		"Tunisya"@lg	
"Mozambik"@ak	<https://panlex.org/snapshot/panlex-20191001-csv/6898#113603384>				<https://panlex.org/snapshot/panlex-20191001-csv/6898#113603212>		"Mozambiiki"@lg	
"Mali"@ak	<https://panlex.org/snapshot/panlex-20191001-csv/6898#113615010>				<https://panlex.org/snapshot/panlex-20191001-csv/6898#113615149>		"Mali"@lg	
"Rɔhyea"@ak	<https://panlex.org/snapshot/panlex-20191001-csv/6898#113645927>				<https://panlex.org/snapshot/panlex-20191001-csv/6898#113645963>		"Lasa"@lg	
"Mɛksiko"@ak	<https://panlex.org/snapshot/panlex-20191001-csv/6898#113628279>				<https://panlex.org/snapshot/panlex-20191001-csv/6898#113628415>		"Mekisiko"@lg	
"Palestaen West Bank ne Gaza"@ak	<https://panlex.org/snapshot/panlex-20191001-csv/6898#113586249>				<https://panlex.org/snapshot/panlex-20191001-csv/6898#113586263>		"Palesitayini"@lg	
"Gyapan"@ak	<https://panlex.org/snapshot/panlex-20191001-csv/6898#113634953>				<https://panlex.org/snapshot/panlex-20191001-csv/6898#113634894>		"Japani"@lg	
"Kook Nsupɔw"@ak	<https://panlex.org/snapshot/panlex-20191001-csv/6898#113638361>				<https://panlex.org/snapshot/panlex-20191001-csv/6898#113638490>		"Bizinga bya Kkuki"@lg	
"Kanada"@ak	<https://panlex.org/snapshot/panlex-20191001-csv/6898#113595795>				<https://panlex.org/snapshot/panlex-20191001-csv/6898#113595864>		"Kanada"@lg	
"Maldives"@ak	<https://panlex.org/snapshot/panlex-20191001-csv/6898#113641833>				<https://panlex.org/snapshot/panlex-20191001-csv/6898#113641776>		"Bizinga by’eMalidive"@lg	
"Nɔfolk Aeland"@ak	<https://panlex.org/snapshot/panlex-20191001-csv/6898#113642375>				<https://panlex.org/snapshot/panlex-20191001-csv/6898#113642373>		"Kizinga ky’eNorofoko"@lg	
"Afrika Anaafo"@ak	<https://panlex.org/snapshot/panlex-20191001-csv/6898#113613689>				<https://panlex.org/snapshot/panlex-20191001-csv/6898#113613681>		"Sawusafirika"@lg	
"Ɔstrelia"@ak	<https://panlex.org/snapshot/panlex-20191001-csv/6898#113631611>				<https://panlex.org/snapshot/panlex-20191001-csv/6898#113631587>		"Awusitureliya"@lg	
"Andora"@ak	<https://panlex.org/snapshot/panlex-20191001-csv/6898#113588365>				<https://panlex.org/snapshot/panlex-20191001-csv/6898#113588357>		"Andora"@lg	
"Saudi Arabia"@ak	<https://panlex.org/snapshot/panlex-20191001-csv/6898#113583510>				<https://panlex.org/snapshot/panlex-20191001-csv/6898#113583453>		"Sawudarebya - Buwarabu"@lg	
"Tajikistan"@ak	<https://panlex.org/snapshot/panlex-20191001-csv/6898#113590165>				<https://panlex.org/snapshot/panlex-20191001-csv/6898#113590272>		"Tajikisitaani"@lg	
"Bolivia"@ak	<https://panlex.org/snapshot/panlex-20191001-csv/6898#113609647>				<https://panlex.org/snapshot/panlex-20191001-csv/6898#113609709>		"Boliviya"@lg	
"Anguila"@ak	<https://panlex.org/snapshot/panlex-20191001-csv/6898#113587443>				<https://panlex.org/snapshot/panlex-20191001-csv/6898#113587529>		"Angwila"@lg	
"Guwadelup"@ak	<https://panlex.org/snapshot/panlex-20191001-csv/6898#113614781>				<https://panlex.org/snapshot/panlex-20191001-csv/6898#113614668>		"Gwadalupe"@lg	
"Sierra Leone"@ak	<https://panlex.org/snapshot/panlex-20191001-csv/6898#113637061>				<https://panlex.org/snapshot/panlex-20191001-csv/6898#113636968>		"Siyeralewone"@lg	
"Sri Lanka"@ak	<https://panlex.org/snapshot/panlex-20191001-csv/6898#113609426>				<https://panlex.org/snapshot/panlex-20191001-csv/6898#113609311>		"Sirilanka"@lg	
"Uganda"@ak	<https://panlex.org/snapshot/panlex-20191001-csv/6898#113637954>				<https://panlex.org/snapshot/panlex-20191001-csv/6898#113637987>		"Yuganda"@lg	
"Gaana"@ak	<https://panlex.org/snapshot/panlex-20191001-csv/6898#113645514>				<https://panlex.org/snapshot/panlex-20191001-csv/6898#113645433>		"Gana"@lg	
"Burundi"@ak	<https://panlex.org/snapshot/panlex-20191001-csv/6898#113626770>				<https://panlex.org/snapshot/panlex-20191001-csv/6898#113626740>		"Burundi"@lg	
"Tanzania"@ak	<https://panlex.org/snapshot/panlex-20191001-csv/6898#113627748>				<https://panlex.org/snapshot/panlex-20191001-csv/6898#113627710>		"Tanzaniya"@lg	
"asmomdwoe"@ak	<https://panlex.org/snapshot/panlex-20191001-csv/2902#111012145>				<https://panlex.org/snapshot/panlex-20191001-csv/2902#111012106>		"emirembe"@lg	
"ɛsṍ"@ak	<https://panlex.org/snapshot/panlex-20191001-csv/10#601238>				<https://panlex.org/snapshot/panlex-20191001-csv/10#601268>		"linnyo"@lg	
