"ivi"@tkl	<https://panlex.org/snapshot/panlex-20191001-csv/114#8059259>				<https://panlex.org/snapshot/panlex-20191001-csv/114#8059003>		"ʼtungqal"@knb	
"ilo"@tkl	<https://panlex.org/snapshot/panlex-20191001-csv/114#8061831>				<https://panlex.org/snapshot/panlex-20191001-csv/114#8061551>		"tigamʼmu"@knb	
"vae"@tkl	<https://panlex.org/snapshot/panlex-20191001-csv/114#8053597>				<https://panlex.org/snapshot/panlex-20191001-csv/114#8053307>		"qiʼki"@knb	
"alelo"@tkl	<https://panlex.org/snapshot/panlex-20191001-csv/114#8068044>				<https://panlex.org/snapshot/panlex-20191001-csv/114#8067780>		"ʼdila"@knb	
"ua"@tkl	<https://panlex.org/snapshot/panlex-20191001-csv/114#8064399>				<https://panlex.org/snapshot/panlex-20191001-csv/114#8064135>		"baʼgang"@knb	
"lauulu"@tkl	<https://panlex.org/snapshot/panlex-20191001-csv/114#8064950>				<https://panlex.org/snapshot/panlex-20191001-csv/114#8064672>		"buʼquq"@knb	
"pala/pala"@tkl	<https://panlex.org/snapshot/panlex-20191001-csv/114#8063315>				<https://panlex.org/snapshot/panlex-20191001-csv/114#8063046>		"ʼdala"@knb	
"huhu"@tkl	<https://panlex.org/snapshot/panlex-20191001-csv/114#8060794>				<https://panlex.org/snapshot/panlex-20191001-csv/114#8060497>		"baʼluqong"@knb	
"huhu"@tkl	<https://panlex.org/snapshot/panlex-20191001-csv/114#8060794>				<https://panlex.org/snapshot/panlex-20191001-csv/114#8060498>		"ʼsusu"@knb	
