"vai"@tkl	<https://panlex.org/snapshot/panlex-20191001-csv/12#851191>				<https://panlex.org/snapshot/panlex-20191001-csv/12#851044>		"rarum"@mhz	
"manatu"@tkl	<https://panlex.org/snapshot/panlex-20191001-csv/114#8062300>				<https://panlex.org/snapshot/panlex-20191001-csv/114#8062140>		"tarama"@mhz	
"ivi"@tkl	<https://panlex.org/snapshot/panlex-20191001-csv/114#8059259>				<https://panlex.org/snapshot/panlex-20191001-csv/114#8059082>		"ʔoro"@mhz	
"ilo"@tkl	<https://panlex.org/snapshot/panlex-20191001-csv/114#8061831>				<https://panlex.org/snapshot/panlex-20191001-csv/114#8061638>		"anini"@mhz	
"vae"@tkl	<https://panlex.org/snapshot/panlex-20191001-csv/114#8053597>				<https://panlex.org/snapshot/panlex-20191001-csv/114#8053395>		"ne[a]"@mhz	
"alelo"@tkl	<https://panlex.org/snapshot/panlex-20191001-csv/114#8068044>				<https://panlex.org/snapshot/panlex-20191001-csv/114#8067861>		"néma"@mhz	
"ua"@tkl	<https://panlex.org/snapshot/panlex-20191001-csv/114#8064399>				<https://panlex.org/snapshot/panlex-20191001-csv/114#8064214>		"toro"@mhz	
"lauulu"@tkl	<https://panlex.org/snapshot/panlex-20191001-csv/114#8064950>				<https://panlex.org/snapshot/panlex-20191001-csv/114#8064749>		"[u] ranu"@mhz	
"pala/pala"@tkl	<https://panlex.org/snapshot/panlex-20191001-csv/114#8063315>				<https://panlex.org/snapshot/panlex-20191001-csv/114#8063133>		"rara"@mhz	
"huhu"@tkl	<https://panlex.org/snapshot/panlex-20191001-csv/114#8060794>				<https://panlex.org/snapshot/panlex-20191001-csv/114#8060590>		"tut[a]"@mhz	
"vai"@tkl	<https://panlex.org/snapshot/panlex-20191001-csv/11#787750>				<https://panlex.org/snapshot/panlex-20191001-csv/11#787647>		"rarum"@mhz	
