"drax"@cje	<https://panlex.org/snapshot/panlex-20191001-csv/114#8062952>				<https://panlex.org/snapshot/panlex-20191001-csv/114#8062933>		"dar"@brz	
"nau"@cje	<https://panlex.org/snapshot/panlex-20191001-csv/114#8053776>				<https://panlex.org/snapshot/panlex-20191001-csv/114#8053746>		"-la"@brz	
"nau"@cje	<https://panlex.org/snapshot/panlex-20191001-csv/114#8053776>				<https://panlex.org/snapshot/panlex-20191001-csv/114#8053748>		"au"@brz	
"nau"@cje	<https://panlex.org/snapshot/panlex-20191001-csv/114#8053776>				<https://panlex.org/snapshot/panlex-20191001-csv/114#8053747>		"-tor"@brz	
"təkuai"@cje	<https://panlex.org/snapshot/panlex-20191001-csv/114#8064028>				<https://panlex.org/snapshot/panlex-20191001-csv/114#8064007>		"buru/n"@brz	
"pla:ʔ təkai"@cje	<https://panlex.org/snapshot/panlex-20191001-csv/114#8053194>				<https://panlex.org/snapshot/panlex-20191001-csv/114#8053173>		"ni?e/n"@brz	
"pla:ʔ təkai"@cje	<https://panlex.org/snapshot/panlex-20191001-csv/114#8053194>				<https://panlex.org/snapshot/panlex-20191001-csv/114#8053174>		"nien"@brz	
"ue:"@cje	<https://panlex.org/snapshot/panlex-20191001-csv/114#8055341>				<https://panlex.org/snapshot/panlex-20191001-csv/114#8055318>		"daŋsa"@brz	
"ue:"@cje	<https://panlex.org/snapshot/panlex-20191001-csv/114#8055341>				<https://panlex.org/snapshot/panlex-20191001-csv/114#8055317>		"-buli"@brz	
"cum bɤu"@cje	<https://panlex.org/snapshot/panlex-20191001-csv/114#8066085>				<https://panlex.org/snapshot/panlex-20191001-csv/114#8066067>		"ruŋan"@brz	
