"thəu"@cje	<https://panlex.org/snapshot/panlex-20191001-csv/114#8061437>				<https://panlex.org/snapshot/panlex-20191001-csv/114#8061738>		"tau"@pse	
"drax"@cje	<https://panlex.org/snapshot/panlex-20191001-csv/114#8062952>				<https://panlex.org/snapshot/panlex-20191001-csv/114#8063225>		"daxah"@pse	
"nau"@cje	<https://panlex.org/snapshot/panlex-20191001-csv/114#8053776>				<https://panlex.org/snapshot/panlex-20191001-csv/114#8054083>		"bəjalan"@pse	
"təkuai"@cje	<https://panlex.org/snapshot/panlex-20191001-csv/114#8064028>				<https://panlex.org/snapshot/panlex-20191001-csv/114#8064305>		"liax̥"@pse	
"pla:ʔ təkai"@cje	<https://panlex.org/snapshot/panlex-20191001-csv/114#8053194>				<https://panlex.org/snapshot/panlex-20191001-csv/114#8053496>		"kətiŋ"@pse	
"ue:"@cje	<https://panlex.org/snapshot/panlex-20191001-csv/114#8055341>				<https://panlex.org/snapshot/panlex-20191001-csv/114#8055600>		"biluk"@pse	
"Bra:"@cje	<https://panlex.org/snapshot/panlex-20191001-csv/114#8060958>				<https://panlex.org/snapshot/panlex-20191001-csv/114#8061202>		"bau"@pse	
"sənɤng"@cje	<https://panlex.org/snapshot/panlex-20191001-csv/114#8061985>				<https://panlex.org/snapshot/panlex-20191001-csv/114#8062223>		"bəpikir"@pse	
"cum bɤu"@cje	<https://panlex.org/snapshot/panlex-20191001-csv/114#8066085>				<https://panlex.org/snapshot/panlex-20191001-csv/114#8066353>		"m̃ium"@pse	
