"oroclaŋ"@erg	<https://panlex.org/snapshot/panlex-20191001-csv/114#8065143>				<https://panlex.org/snapshot/panlex-20191001-csv/114#8065065>		"ʼotne"@bcd	
"tovop"@erg	<https://panlex.org/snapshot/panlex-20191001-csv/114#8068233>				<https://panlex.org/snapshot/panlex-20191001-csv/114#8068153>		"ṇʼhanni"@bcd	
"ni-"@erg	<https://panlex.org/snapshot/panlex-20191001-csv/114#8060410>				<https://panlex.org/snapshot/panlex-20191001-csv/114#8060326>		"ʼdutnijɛ"@bcd	
"nocletni-"@erg	<https://panlex.org/snapshot/panlex-20191001-csv/114#8058373>				<https://panlex.org/snapshot/panlex-20191001-csv/114#8058297>		"ʼapene"@bcd	
"okili"@erg	<https://panlex.org/snapshot/panlex-20191001-csv/114#8061464>				<https://panlex.org/snapshot/panlex-20191001-csv/114#8061376>		"jaʼʔakijai"@bcd	
"netni-"@erg	<https://panlex.org/snapshot/panlex-20191001-csv/114#8058372>				<https://panlex.org/snapshot/panlex-20191001-csv/114#8058297>		"ʼapene"@bcd	
"nta-"@erg	<https://panlex.org/snapshot/panlex-20191001-csv/114#8057351>				<https://panlex.org/snapshot/panlex-20191001-csv/114#8057273>		"uʼnɛʔinai"@bcd	
"noclehnta-"@erg	<https://panlex.org/snapshot/panlex-20191001-csv/114#8057350>				<https://panlex.org/snapshot/panlex-20191001-csv/114#8057273>		"uʼnɛʔinai"@bcd	
"velam"@erg	<https://panlex.org/snapshot/panlex-20191001-csv/114#8054857>				<https://panlex.org/snapshot/panlex-20191001-csv/114#8054787>		"ṇʼmai"@bcd	
"nocuŋo"@erg	<https://panlex.org/snapshot/panlex-20191001-csv/114#8054372>				<https://panlex.org/snapshot/panlex-20191001-csv/114#8054300>		"ʼhaʔanai"@bcd	
