"फरवरी"@doi	<https://panlex.org/snapshot/panlex-20191001-csv/5947#84742830>				<https://panlex.org/snapshot/panlex-20191001-csv/5947#84742854>		"helmikuu"@fi	
"बीरवार"@doi	<https://panlex.org/snapshot/panlex-20191001-csv/2892#110825303>				<https://panlex.org/snapshot/panlex-20191001-csv/2892#110825551>		"torstai"@fi	
"सङार"@doi	<https://panlex.org/snapshot/panlex-20191001-csv/2892#110824356>				<https://panlex.org/snapshot/panlex-20191001-csv/2892#110824387>		"maanantai"@fi	
"मंगलवार"@doi	<https://panlex.org/snapshot/panlex-20191001-csv/2892#110824660>				<https://panlex.org/snapshot/panlex-20191001-csv/2892#110824801>		"tiistai"@fi	
"बुधवार"@doi	<https://panlex.org/snapshot/panlex-20191001-csv/2892#110825069>				<https://panlex.org/snapshot/panlex-20191001-csv/2892#110825084>		"keskiviikko"@fi	
"शुक्रवार"@doi	<https://panlex.org/snapshot/panlex-20191001-csv/2892#110825966>				<https://panlex.org/snapshot/panlex-20191001-csv/2892#110826095>		"perjantai"@fi	
"तार"@doi	<https://panlex.org/snapshot/panlex-20191001-csv/2892#110826889>				<https://panlex.org/snapshot/panlex-20191001-csv/2892#110826576>		"sunnuntai"@fi	
"शनिवार"@doi	<https://panlex.org/snapshot/panlex-20191001-csv/2892#110826435>				<https://panlex.org/snapshot/panlex-20191001-csv/2892#110826570>		"lauantai"@fi	
"जनवरी"@doi	<https://panlex.org/snapshot/panlex-20191001-csv/2897#110827212>				<https://panlex.org/snapshot/panlex-20191001-csv/2897#110827333>		"tammikuu"@fi	
"अक्तूबर"@doi	<https://panlex.org/snapshot/panlex-20191001-csv/2897#110830930>				<https://panlex.org/snapshot/panlex-20191001-csv/2897#110831093>		"lokakuu"@fi	
"मार्च"@doi	<https://panlex.org/snapshot/panlex-20191001-csv/2897#110827887>				<https://panlex.org/snapshot/panlex-20191001-csv/2897#110828104>		"maaliskuu"@fi	
"दसम्बर"@doi	<https://panlex.org/snapshot/panlex-20191001-csv/2897#110831716>				<https://panlex.org/snapshot/panlex-20191001-csv/2897#110831563>		"joulukuu"@fi	
"अप्रैल"@doi	<https://panlex.org/snapshot/panlex-20191001-csv/2897#110828415>				<https://panlex.org/snapshot/panlex-20191001-csv/2897#110828621>		"huhtikuu"@fi	
"नवम्बर"@doi	<https://panlex.org/snapshot/panlex-20191001-csv/2897#110831294>				<https://panlex.org/snapshot/panlex-20191001-csv/2897#110831352>		"marraskuu"@fi	
"सतम्बर"@doi	<https://panlex.org/snapshot/panlex-20191001-csv/2897#110830359>				<https://panlex.org/snapshot/panlex-20191001-csv/2897#110830397>		"syyskuu"@fi	
"अगस्त"@doi	<https://panlex.org/snapshot/panlex-20191001-csv/2897#110830224>				<https://panlex.org/snapshot/panlex-20191001-csv/2897#110830001>		"elokuu"@fi	
"जून"@doi	<https://panlex.org/snapshot/panlex-20191001-csv/2897#110829398>				<https://panlex.org/snapshot/panlex-20191001-csv/2897#110829188>		"kesäkuu"@fi	
"मेई"@doi	<https://panlex.org/snapshot/panlex-20191001-csv/2897#110828922>				<https://panlex.org/snapshot/panlex-20191001-csv/2897#110829060>		"toukokuu"@fi	
"फरवरी"@doi	<https://panlex.org/snapshot/panlex-20191001-csv/2897#110827463>				<https://panlex.org/snapshot/panlex-20191001-csv/2897#110827663>		"helmikuu"@fi	
"जुलाई"@doi	<https://panlex.org/snapshot/panlex-20191001-csv/2897#110829786>				<https://panlex.org/snapshot/panlex-20191001-csv/2897#110829848>		"heinäkuu"@fi	
