"po"@sq	<https://panlex.org/snapshot/panlex-20191001-csv/5947#84862285>				<https://panlex.org/snapshot/panlex-20191001-csv/5947#84862194>		"aang"@ale	
"ju falem nderit"@sq	<https://panlex.org/snapshot/panlex-20191001-csv/5946#84436812>				<https://panlex.org/snapshot/panlex-20191001-csv/5946#84436722>		"qagaasakuq"@ale	
"miell"@sq	<https://panlex.org/snapshot/panlex-20191001-csv/5946#84454193>				<https://panlex.org/snapshot/panlex-20191001-csv/5946#84454162>		"mu-kak"@ale	
"peshk"@sq	<https://panlex.org/snapshot/panlex-20191001-csv/5946#84454808>				<https://panlex.org/snapshot/panlex-20191001-csv/5946#84454719>		"sa-yak"@ale	
"faleminderit"@sq	<https://panlex.org/snapshot/panlex-20191001-csv/5946#84436811>				<https://panlex.org/snapshot/panlex-20191001-csv/5946#84436722>		"qagaasakuq"@ale	
"Toka"@sq	<https://panlex.org/snapshot/panlex-20191001-csv/5949#85309602>				<https://panlex.org/snapshot/panlex-20191001-csv/5949#85309498>		"tanax̂"@ale	
