"bardhë"@sq	<https://panlex.org/snapshot/panlex-20191001-csv/5947#84639846>				<https://panlex.org/snapshot/panlex-20191001-csv/5947#84639780>		"धवे"@knn	
"nëntor"@sq	<https://panlex.org/snapshot/panlex-20191001-csv/5947#84740648>				<https://panlex.org/snapshot/panlex-20191001-csv/5947#84740616>		"नोव्हेंबर"@knn	
"shkurt"@sq	<https://panlex.org/snapshot/panlex-20191001-csv/5947#84743022>				<https://panlex.org/snapshot/panlex-20191001-csv/5947#84742915>		"फ़ेब्रुवारी"@knn	
"deve"@sq	<https://panlex.org/snapshot/panlex-20191001-csv/5947#84882829>				<https://panlex.org/snapshot/panlex-20191001-csv/5947#84882813>		"ओन्टे"@knn	
"e hënë"@sq	<https://panlex.org/snapshot/panlex-20191001-csv/5947#84803576>				<https://panlex.org/snapshot/panlex-20191001-csv/5947#84803468>		"सोमवार"@knn	
"kar"@sq	<https://panlex.org/snapshot/panlex-20191001-csv/5942#83284502>				<https://panlex.org/snapshot/panlex-20191001-csv/5942#83284449>		"minni"@knn	
