"хама"@cji	<https://panlex.org/snapshot/panlex-20191001-csv/1573#50084509>				<https://panlex.org/snapshot/panlex-20191001-csv/1573#50084587>		"ckalal"@kuz	
"бе̅л"@cji	<https://panlex.org/snapshot/panlex-20191001-csv/1573#50083503>				<https://panlex.org/snapshot/panlex-20191001-csv/1573#50083637>		"caur"@kuz	
"бе̅л"@cji	<https://panlex.org/snapshot/panlex-20191001-csv/1573#50083503>				<https://panlex.org/snapshot/panlex-20191001-csv/1573#50083638>		"ckabur"@kuz	
"х̅арди"@cji	<https://panlex.org/snapshot/panlex-20191001-csv/1573#50088663>				<https://panlex.org/snapshot/panlex-20191001-csv/1573#50088728>		"tchinckonao"@kuz	
"х̅арди"@cji	<https://panlex.org/snapshot/panlex-20191001-csv/1573#50088663>				<https://panlex.org/snapshot/panlex-20191001-csv/1573#50088727>		"ckoi-man"@kuz	
"байдаᴴ"@cji	<https://panlex.org/snapshot/panlex-20191001-csv/1573#50084192>				<https://panlex.org/snapshot/panlex-20191001-csv/1573#50084316>		"tul-va"@kuz	
"байдаᴴ"@cji	<https://panlex.org/snapshot/panlex-20191001-csv/1573#50084192>				<https://panlex.org/snapshot/panlex-20191001-csv/1573#50084315>		"ttul-va"@kuz	
"гъада"@cji	<https://panlex.org/snapshot/panlex-20191001-csv/1573#50088265>				<https://panlex.org/snapshot/panlex-20191001-csv/1573#50088423>		"vac-ka"@kuz	
"гъада"@cji	<https://panlex.org/snapshot/panlex-20191001-csv/1573#50088265>				<https://panlex.org/snapshot/panlex-20191001-csv/1573#50088422>		"back-cka"@kuz	
"кьод"@cji	<https://panlex.org/snapshot/panlex-20191001-csv/1573#50090522>				<https://panlex.org/snapshot/panlex-20191001-csv/1573#50090651>		"ckaitchi"@kuz	
"кьод"@cji	<https://panlex.org/snapshot/panlex-20191001-csv/1573#50090522>				<https://panlex.org/snapshot/panlex-20191001-csv/1573#50090650>		"cai-chi"@kuz	
"гъиз"@cji	<https://panlex.org/snapshot/panlex-20191001-csv/1573#50082925>				<https://panlex.org/snapshot/panlex-20191001-csv/1573#50083029>		"quis-ti"@kuz	
"гъиз"@cji	<https://panlex.org/snapshot/panlex-20191001-csv/1573#50082925>				<https://panlex.org/snapshot/panlex-20191001-csv/1573#50083030>		"yot-to"@kuz	
"гъогъма"@cji	<https://panlex.org/snapshot/panlex-20191001-csv/1573#50088266>				<https://panlex.org/snapshot/panlex-20191001-csv/1573#50088423>		"vac-ka"@kuz	
"гъогъма"@cji	<https://panlex.org/snapshot/panlex-20191001-csv/1573#50088266>				<https://panlex.org/snapshot/panlex-20191001-csv/1573#50088422>		"back-cka"@kuz	
"лъес̅а"@cji	<https://panlex.org/snapshot/panlex-20191001-csv/1573#50088267>				<https://panlex.org/snapshot/panlex-20191001-csv/1573#50088423>		"vac-ka"@kuz	
"лъес̅а"@cji	<https://panlex.org/snapshot/panlex-20191001-csv/1573#50088267>				<https://panlex.org/snapshot/panlex-20191001-csv/1573#50088422>		"back-cka"@kuz	
"кІас̅Іара"@cji	<https://panlex.org/snapshot/panlex-20191001-csv/1573#50082926>				<https://panlex.org/snapshot/panlex-20191001-csv/1573#50083029>		"quis-ti"@kuz	
"кІас̅Іара"@cji	<https://panlex.org/snapshot/panlex-20191001-csv/1573#50082926>				<https://panlex.org/snapshot/panlex-20191001-csv/1573#50083030>		"yot-to"@kuz	
"вогьа"@cji	<https://panlex.org/snapshot/panlex-20191001-csv/1573#50089979>				<https://panlex.org/snapshot/panlex-20191001-csv/1573#50090059>		"yaii"@kuz	
"вогьа"@cji	<https://panlex.org/snapshot/panlex-20191001-csv/1573#50089979>				<https://panlex.org/snapshot/panlex-20191001-csv/1573#50090060>		"yali"@kuz	
"улка"@cji	<https://panlex.org/snapshot/panlex-20191001-csv/1573#50082012>				<https://panlex.org/snapshot/panlex-20191001-csv/1573#50082120>		"hoyri"@kuz	
"улка"@cji	<https://panlex.org/snapshot/panlex-20191001-csv/1573#50082012>				<https://panlex.org/snapshot/panlex-20191001-csv/1573#50082119>		"hoi-re"@kuz	
"лълъи̅ᴴ"@cji	<https://panlex.org/snapshot/panlex-20191001-csv/1573#50085679>				<https://panlex.org/snapshot/panlex-20191001-csv/1573#50085758>		"puri"@kuz	
"лълъи̅ᴴ"@cji	<https://panlex.org/snapshot/panlex-20191001-csv/1573#50085679>				<https://panlex.org/snapshot/panlex-20191001-csv/1573#50085760>		"yacko"@kuz	
"лълъи̅ᴴ"@cji	<https://panlex.org/snapshot/panlex-20191001-csv/1573#50085679>				<https://panlex.org/snapshot/panlex-20191001-csv/1573#50085759>		"puy"@kuz	
"дада"@cji	<https://panlex.org/snapshot/panlex-20191001-csv/1573#50082651>				<https://panlex.org/snapshot/panlex-20191001-csv/1573#50082738>		"pockor"@kuz	
"гІатІиракь"@cji	<https://panlex.org/snapshot/panlex-20191001-csv/1573#50084193>				<https://panlex.org/snapshot/panlex-20191001-csv/1573#50084316>		"tul-va"@kuz	
"гІатІиракь"@cji	<https://panlex.org/snapshot/panlex-20191001-csv/1573#50084193>				<https://panlex.org/snapshot/panlex-20191001-csv/1573#50084315>		"ttul-va"@kuz	
"гьиᴴцІа"@cji	<https://panlex.org/snapshot/panlex-20191001-csv/1573#50090521>				<https://panlex.org/snapshot/panlex-20191001-csv/1573#50090651>		"ckaitchi"@kuz	
"гьиᴴцІа"@cji	<https://panlex.org/snapshot/panlex-20191001-csv/1573#50090521>				<https://panlex.org/snapshot/panlex-20191001-csv/1573#50090650>		"cai-chi"@kuz	
"мигъа"@cji	<https://panlex.org/snapshot/panlex-20191001-csv/1573#50084194>				<https://panlex.org/snapshot/panlex-20191001-csv/1573#50084316>		"tul-va"@kuz	
"мигъа"@cji	<https://panlex.org/snapshot/panlex-20191001-csv/1573#50084194>				<https://panlex.org/snapshot/panlex-20191001-csv/1573#50084315>		"ttul-va"@kuz	
"бис̅Іа"@cji	<https://panlex.org/snapshot/panlex-20191001-csv/1573#50082924>				<https://panlex.org/snapshot/panlex-20191001-csv/1573#50083029>		"quis-ti"@kuz	
"бис̅Іа"@cji	<https://panlex.org/snapshot/panlex-20191001-csv/1573#50082924>				<https://panlex.org/snapshot/panlex-20191001-csv/1573#50083030>		"yot-to"@kuz	
"уᴴс̅"@cji	<https://panlex.org/snapshot/panlex-20191001-csv/1573#50082013>				<https://panlex.org/snapshot/panlex-20191001-csv/1573#50082120>		"hoyri"@kuz	
"уᴴс̅"@cji	<https://panlex.org/snapshot/panlex-20191001-csv/1573#50082013>				<https://panlex.org/snapshot/panlex-20191001-csv/1573#50082119>		"hoi-re"@kuz	
"уᴴс̅"@cji	<https://panlex.org/snapshot/panlex-20191001-csv/1573#50082335>				<https://panlex.org/snapshot/panlex-20191001-csv/1573#50082450>		"hoyri"@kuz	
"уᴴс̅"@cji	<https://panlex.org/snapshot/panlex-20191001-csv/1573#50082335>				<https://panlex.org/snapshot/panlex-20191001-csv/1573#50082449>		"hoy-tu"@kuz	
"уᴴс̅"@cji	<https://panlex.org/snapshot/panlex-20191001-csv/1573#50082335>				<https://panlex.org/snapshot/panlex-20191001-csv/1573#50082451>		"ttunar"@kuz	
"сера"@cji	<https://panlex.org/snapshot/panlex-20191001-csv/1573#50083212>				<https://panlex.org/snapshot/panlex-20191001-csv/1573#50083289>		"si-tche-re"@kuz	
"сера"@cji	<https://panlex.org/snapshot/panlex-20191001-csv/1573#50083212>				<https://panlex.org/snapshot/panlex-20191001-csv/1573#50083288>		"horckte"@kuz	
"иᴴцв гъуй"@cji	<https://panlex.org/snapshot/panlex-20191001-csv/1573#50088898>				<https://panlex.org/snapshot/panlex-20191001-csv/1573#50089028>		"cheresner"@kuz	
"иᴴцв гъуй"@cji	<https://panlex.org/snapshot/panlex-20191001-csv/1573#50088898>				<https://panlex.org/snapshot/panlex-20191001-csv/1573#50089029>		"cheresnir"@kuz	
"иᴴцв гъуй"@cji	<https://panlex.org/snapshot/panlex-20191001-csv/1573#50088898>				<https://panlex.org/snapshot/panlex-20191001-csv/1573#50089027>		"cherejner"@kuz	
"йес̅Іа"@cji	<https://panlex.org/snapshot/panlex-20191001-csv/1573#50085436>				<https://panlex.org/snapshot/panlex-20191001-csv/1573#50085518>		"ckoiba"@kuz	
"йес̅Іа"@cji	<https://panlex.org/snapshot/panlex-20191001-csv/1573#50085436>				<https://panlex.org/snapshot/panlex-20191001-csv/1573#50085519>		"toco"@kuz	
"кус̅"@cji	<https://panlex.org/snapshot/panlex-20191001-csv/1573#50083211>				<https://panlex.org/snapshot/panlex-20191001-csv/1573#50083289>		"si-tche-re"@kuz	
"кус̅"@cji	<https://panlex.org/snapshot/panlex-20191001-csv/1573#50083211>				<https://panlex.org/snapshot/panlex-20191001-csv/1573#50083288>		"horckte"@kuz	
"гъун"@cji	<https://panlex.org/snapshot/panlex-20191001-csv/1573#50083504>				<https://panlex.org/snapshot/panlex-20191001-csv/1573#50083637>		"caur"@kuz	
"гъун"@cji	<https://panlex.org/snapshot/panlex-20191001-csv/1573#50083504>				<https://panlex.org/snapshot/panlex-20191001-csv/1573#50083638>		"ckabur"@kuz	
"милъ"@cji	<https://panlex.org/snapshot/panlex-20191001-csv/1573#50091334>				<https://panlex.org/snapshot/panlex-20191001-csv/1573#50091418>		"ckapin"@kuz	
"милъ"@cji	<https://panlex.org/snapshot/panlex-20191001-csv/1573#50091334>				<https://panlex.org/snapshot/panlex-20191001-csv/1573#50091417>		"caapin"@kuz	
