"lamulu"@ddg	<https://panlex.org/snapshot/panlex-20191001-csv/114#8057845>				<https://panlex.org/snapshot/panlex-20191001-csv/114#8058079>		"logo"@nxg	
"maʔu"@ddg	<https://panlex.org/snapshot/panlex-20191001-csv/114#8054839>				<https://panlex.org/snapshot/panlex-20191001-csv/114#8055074>		"mai"@nxg	
"iʔa"@ddg	<https://panlex.org/snapshot/panlex-20191001-csv/114#8054349>				<https://panlex.org/snapshot/panlex-20191001-csv/114#8054571>		"zala"@nxg	
"oʔo"@ddg	<https://panlex.org/snapshot/panlex-20191001-csv/114#8066593>				<https://panlex.org/snapshot/panlex-20191001-csv/114#8066848>		"boro"@nxg	
"oʔo"@ddg	<https://panlex.org/snapshot/panlex-20191001-csv/114#8066593>				<https://panlex.org/snapshot/panlex-20191001-csv/114#8066849>		"vuca"@nxg	
"kele"@ddg	<https://panlex.org/snapshot/panlex-20191001-csv/114#8068213>				<https://panlex.org/snapshot/panlex-20191001-csv/114#8068458>		"tawa"@nxg	
"ia"@ddg	<https://panlex.org/snapshot/panlex-20191001-csv/114#8053200>				<https://panlex.org/snapshot/panlex-20191001-csv/114#8053469>		"vai"@nxg	
"vehe"@ddg	<https://panlex.org/snapshot/panlex-20191001-csv/114#8062959>				<https://panlex.org/snapshot/panlex-20191001-csv/114#8063200>		"raa"@nxg	
"vehe"@ddg	<https://panlex.org/snapshot/panlex-20191001-csv/114#8062959>				<https://panlex.org/snapshot/panlex-20191001-csv/114#8063199>		"ra"@nxg	
"náʔe"@ddg	<https://panlex.org/snapshot/panlex-20191001-csv/114#8065650>				<https://panlex.org/snapshot/panlex-20191001-csv/114#8065851>		"ŋaci"@nxg	
"tana"@ddg	<https://panlex.org/snapshot/panlex-20191001-csv/114#8051716>				<https://panlex.org/snapshot/panlex-20191001-csv/114#8051982>		"[ɬ]ima"@nxg	
"fasa"@ddg	<https://panlex.org/snapshot/panlex-20191001-csv/114#8056355>				<https://panlex.org/snapshot/panlex-20191001-csv/114#8056592>		"zaki"@nxg	
"ulupa"@ddg	<https://panlex.org/snapshot/panlex-20191001-csv/114#8056860>				<https://panlex.org/snapshot/panlex-20191001-csv/114#8057073>		"avu"@nxg	
