"lamulu"@ddg	<https://panlex.org/snapshot/panlex-20191001-csv/114#8057845>				<https://panlex.org/snapshot/panlex-20191001-csv/114#8058107>		"kuputua-"@pwg	
"maʔu"@ddg	<https://panlex.org/snapshot/panlex-20191001-csv/114#8054839>				<https://panlex.org/snapshot/panlex-20191001-csv/114#8055107>		"kepis"@pwg	
"iʔa"@ddg	<https://panlex.org/snapshot/panlex-20191001-csv/114#8054349>				<https://panlex.org/snapshot/panlex-20191001-csv/114#8054603>		"ketha"@pwg	
"oʔo"@ddg	<https://panlex.org/snapshot/panlex-20191001-csv/114#8066593>				<https://panlex.org/snapshot/panlex-20191001-csv/114#8066882>		"kawa-"@pwg	
"kele"@ddg	<https://panlex.org/snapshot/panlex-20191001-csv/114#8068213>				<https://panlex.org/snapshot/panlex-20191001-csv/114#8068492>		"kevinama"@pwg	
"ia"@ddg	<https://panlex.org/snapshot/panlex-20191001-csv/114#8053200>				<https://panlex.org/snapshot/panlex-20191001-csv/114#8053499>		"kai-"@pwg	
"vehe"@ddg	<https://panlex.org/snapshot/panlex-20191001-csv/114#8062959>				<https://panlex.org/snapshot/panlex-20191001-csv/114#8063229>		"tara-"@pwg	
"náʔe"@ddg	<https://panlex.org/snapshot/panlex-20191001-csv/114#8065650>				<https://panlex.org/snapshot/panlex-20191001-csv/114#8065879>		"ia-m ke-tawetawe"@pwg	
"tana"@ddg	<https://panlex.org/snapshot/panlex-20191001-csv/114#8051716>				<https://panlex.org/snapshot/panlex-20191001-csv/114#8052012>		"ima-"@pwg	
"fasa"@ddg	<https://panlex.org/snapshot/panlex-20191001-csv/114#8056355>				<https://panlex.org/snapshot/panlex-20191001-csv/114#8056626>		"dhoadhoa"@pwg	
"ulupa"@ddg	<https://panlex.org/snapshot/panlex-20191001-csv/114#8056860>				<https://panlex.org/snapshot/panlex-20191001-csv/114#8057104>		"popoku"@pwg	
