"pluie"@fro	<https://panlex.org/snapshot/panlex-20191001-csv/5946#84436283>				<https://panlex.org/snapshot/panlex-20191001-csv/5946#84436310>		"udan"@jv	
"chen"@fro	<https://panlex.org/snapshot/panlex-20191001-csv/5946#84438390>				<https://panlex.org/snapshot/panlex-20191001-csv/5946#84438421>		"asu"@jv	
"balaine"@fro	<https://panlex.org/snapshot/panlex-20191001-csv/3776#91640443>				<https://panlex.org/snapshot/panlex-20191001-csv/3776#91640458>		"iwak paus"@jv	
"dame"@fro	<https://panlex.org/snapshot/panlex-20191001-csv/3776#91640794>				<https://panlex.org/snapshot/panlex-20191001-csv/3776#91640821>		"wedok"@jv	
"dame"@fro	<https://panlex.org/snapshot/panlex-20191001-csv/3776#91640794>				<https://panlex.org/snapshot/panlex-20191001-csv/3776#91640820>		"wadon"@jv	
"cheval"@fro	<https://panlex.org/snapshot/panlex-20191001-csv/3776#91597593>				<https://panlex.org/snapshot/panlex-20191001-csv/3776#91597616>		"jaran"@jv	
"baleine"@fro	<https://panlex.org/snapshot/panlex-20191001-csv/3776#91640444>				<https://panlex.org/snapshot/panlex-20191001-csv/3776#91640458>		"iwak paus"@jv	
"feu"@fro	<https://panlex.org/snapshot/panlex-20191001-csv/3776#91600249>				<https://panlex.org/snapshot/panlex-20191001-csv/3776#91600273>		"geni"@jv	
"blanc"@fro	<https://panlex.org/snapshot/panlex-20191001-csv/3776#91666625>				<https://panlex.org/snapshot/panlex-20191001-csv/3776#91666645>		"putih"@jv	
"blanc"@fro	<https://panlex.org/snapshot/panlex-20191001-csv/3776#91666625>				<https://panlex.org/snapshot/panlex-20191001-csv/3776#91666643>		"petak"@jv	
"blanc"@fro	<https://panlex.org/snapshot/panlex-20191001-csv/3776#91666625>				<https://panlex.org/snapshot/panlex-20191001-csv/3776#91666644>		"pět.ak"@jv	
