"seod"@plv	<https://panlex.org/snapshot/panlex-20191001-csv/114#8061727>				<https://panlex.org/snapshot/panlex-20191001-csv/114#8061681>		"tehas"@nal	
"seod"@plv	<https://panlex.org/snapshot/panlex-20191001-csv/114#8061727>				<https://panlex.org/snapshot/panlex-20191001-csv/114#8061680>		"rapti"@nal	
"seod"@plv	<https://panlex.org/snapshot/panlex-20191001-csv/114#8061727>				<https://panlex.org/snapshot/panlex-20191001-csv/114#8061679>		"ramti"@nal	
"ebaga"@plv	<https://panlex.org/snapshot/panlex-20191001-csv/114#8061191>				<https://panlex.org/snapshot/panlex-20191001-csv/114#8061154>		"aǥalǥala"@nal	
"isiʼ"@plv	<https://panlex.org/snapshot/panlex-20191001-csv/114#8055585>				<https://panlex.org/snapshot/panlex-20191001-csv/114#8055547>		"rawuk"@nal	
"tumakot"@plv	<https://panlex.org/snapshot/panlex-20191001-csv/114#8062715>				<https://panlex.org/snapshot/panlex-20191001-csv/114#8062679>		"maraut"@nal	
"manew"@plv	<https://panlex.org/snapshot/panlex-20191001-csv/114#8054067>				<https://panlex.org/snapshot/panlex-20191001-csv/114#8054022>		"zangas"@nal	
"manew"@plv	<https://panlex.org/snapshot/panlex-20191001-csv/114#8054067>				<https://panlex.org/snapshot/panlex-20191001-csv/114#8054023>		"zəŋəs"@nal	
"kewanan"@plv	<https://panlex.org/snapshot/panlex-20191001-csv/114#8052956>				<https://panlex.org/snapshot/panlex-20191001-csv/114#8052923>		"mit sazacha"@nal	
"kewanan"@plv	<https://panlex.org/snapshot/panlex-20191001-csv/114#8052956>				<https://panlex.org/snapshot/panlex-20191001-csv/114#8052922>		"ləpəl"@nal	
"gibang"@plv	<https://panlex.org/snapshot/panlex-20191001-csv/114#8052493>				<https://panlex.org/snapshot/panlex-20191001-csv/114#8052458>		"lakawa"@nal	
"gibang"@plv	<https://panlex.org/snapshot/panlex-20191001-csv/114#8052493>				<https://panlex.org/snapshot/panlex-20191001-csv/114#8052459>		"mit kais"@nal	
"matoʼ"@plv	<https://panlex.org/snapshot/panlex-20191001-csv/114#8055093>				<https://panlex.org/snapshot/panlex-20191001-csv/114#8055050>		"lawus"@nal	
"dugoʼ"@plv	<https://panlex.org/snapshot/panlex-20191001-csv/114#8063214>				<https://panlex.org/snapshot/panlex-20191001-csv/114#8063174>		"dari"@nal	
"bigang"@plv	<https://panlex.org/snapshot/panlex-20191001-csv/114#8067420>				<https://panlex.org/snapshot/panlex-20191001-csv/114#8067383>		"ləvam"@nal	
"bigang"@plv	<https://panlex.org/snapshot/panlex-20191001-csv/114#8067420>				<https://panlex.org/snapshot/panlex-20191001-csv/114#8067382>		"alva"@nal	
"tango"@plv	<https://panlex.org/snapshot/panlex-20191001-csv/114#8067422>				<https://panlex.org/snapshot/panlex-20191001-csv/114#8067383>		"ləvam"@nal	
"tango"@plv	<https://panlex.org/snapshot/panlex-20191001-csv/114#8067422>				<https://panlex.org/snapshot/panlex-20191001-csv/114#8067382>		"alva"@nal	
"misiʼ et debdeb"@plv	<https://panlex.org/snapshot/panlex-20191001-csv/114#8055586>				<https://panlex.org/snapshot/panlex-20191001-csv/114#8055547>		"rawuk"@nal	
"langoy"@plv	<https://panlex.org/snapshot/panlex-20191001-csv/114#8056098>				<https://panlex.org/snapshot/panlex-20191001-csv/114#8056057>		"kaiok"@nal	
"langoy"@plv	<https://panlex.org/snapshot/panlex-20191001-csv/114#8056098>				<https://panlex.org/snapshot/panlex-20191001-csv/114#8056058>		"suzuf"@nal	
"elima"@plv	<https://panlex.org/snapshot/panlex-20191001-csv/114#8051995>				<https://panlex.org/snapshot/panlex-20191001-csv/114#8051956>		"mitna"@nal	
"elima"@plv	<https://panlex.org/snapshot/panlex-20191001-csv/114#8051995>				<https://panlex.org/snapshot/panlex-20191001-csv/114#8051955>		"mit"@nal	
"arek"@plv	<https://panlex.org/snapshot/panlex-20191001-csv/114#8066339>				<https://panlex.org/snapshot/panlex-20191001-csv/114#8066304>		"bis"@nal	
"erkan"@plv	<https://panlex.org/snapshot/panlex-20191001-csv/114#8066340>				<https://panlex.org/snapshot/panlex-20191001-csv/114#8066304>		"bis"@nal	
"nipen"@plv	<https://panlex.org/snapshot/panlex-20191001-csv/114#8067421>				<https://panlex.org/snapshot/panlex-20191001-csv/114#8067383>		"ləvam"@nal	
"nipen"@plv	<https://panlex.org/snapshot/panlex-20191001-csv/114#8067421>				<https://panlex.org/snapshot/panlex-20191001-csv/114#8067382>		"alva"@nal	
"takot"@plv	<https://panlex.org/snapshot/panlex-20191001-csv/114#8062714>				<https://panlex.org/snapshot/panlex-20191001-csv/114#8062679>		"maraut"@nal	
"beteng"@plv	<https://panlex.org/snapshot/panlex-20191001-csv/114#8058631>				<https://panlex.org/snapshot/panlex-20191001-csv/114#8058589>		"chu"@nal	
"beteng"@plv	<https://panlex.org/snapshot/panlex-20191001-csv/114#8058631>				<https://panlex.org/snapshot/panlex-20191001-csv/114#8058588>		"aɣu"@nal	
"atey"@plv	<https://panlex.org/snapshot/panlex-20191001-csv/114#8060121>				<https://panlex.org/snapshot/panlex-20191001-csv/114#8060087>		"iat"@nal	
