"seod"@plv	<https://panlex.org/snapshot/panlex-20191001-csv/114#8061727>				<https://panlex.org/snapshot/panlex-20191001-csv/114#8061623>		"kilala"@mbi	
"ebaga"@plv	<https://panlex.org/snapshot/panlex-20191001-csv/114#8061191>				<https://panlex.org/snapshot/panlex-20191001-csv/114#8061101>		"pɨmɨnayan"@mbi	
"isiʼ"@plv	<https://panlex.org/snapshot/panlex-20191001-csv/114#8055585>				<https://panlex.org/snapshot/panlex-20191001-csv/114#8055496>		"tilɨng"@mbi	
"tumakot"@plv	<https://panlex.org/snapshot/panlex-20191001-csv/114#8062715>				<https://panlex.org/snapshot/panlex-20191001-csv/114#8062621>		"qandɨk"@mbi	
"manew"@plv	<https://panlex.org/snapshot/panlex-20191001-csv/114#8054067>				<https://panlex.org/snapshot/panlex-20191001-csv/114#8053967>		"qipanɨw"@mbi	
"kewanan"@plv	<https://panlex.org/snapshot/panlex-20191001-csv/114#8052956>				<https://panlex.org/snapshot/panlex-20191001-csv/114#8052869>		"kɨwanan"@mbi	
"gibang"@plv	<https://panlex.org/snapshot/panlex-20191001-csv/114#8052493>				<https://panlex.org/snapshot/panlex-20191001-csv/114#8052405>		"hiβang"@mbi	
"dugoʼ"@plv	<https://panlex.org/snapshot/panlex-20191001-csv/114#8063214>				<https://panlex.org/snapshot/panlex-20191001-csv/114#8063119>		"lɨngɨsa"@mbi	
"bigang"@plv	<https://panlex.org/snapshot/panlex-20191001-csv/114#8067420>				<https://panlex.org/snapshot/panlex-20191001-csv/114#8067322>		"ngipin"@mbi	
"tango"@plv	<https://panlex.org/snapshot/panlex-20191001-csv/114#8067422>				<https://panlex.org/snapshot/panlex-20191001-csv/114#8067322>		"ngipin"@mbi	
"misiʼ et debdeb"@plv	<https://panlex.org/snapshot/panlex-20191001-csv/114#8055586>				<https://panlex.org/snapshot/panlex-20191001-csv/114#8055496>		"tilɨng"@mbi	
"langoy"@plv	<https://panlex.org/snapshot/panlex-20191001-csv/114#8056098>				<https://panlex.org/snapshot/panlex-20191001-csv/114#8055997>		"pɨmaras"@mbi	
"elima"@plv	<https://panlex.org/snapshot/panlex-20191001-csv/114#8051995>				<https://panlex.org/snapshot/panlex-20191001-csv/114#8051894>		"bɨlad"@mbi	
"arek"@plv	<https://panlex.org/snapshot/panlex-20191001-csv/114#8066339>				<https://panlex.org/snapshot/panlex-20191001-csv/114#8066246>		"qɨbpɨngarɨk"@mbi	
"erkan"@plv	<https://panlex.org/snapshot/panlex-20191001-csv/114#8066340>				<https://panlex.org/snapshot/panlex-20191001-csv/114#8066246>		"qɨbpɨngarɨk"@mbi	
"nipen"@plv	<https://panlex.org/snapshot/panlex-20191001-csv/114#8067421>				<https://panlex.org/snapshot/panlex-20191001-csv/114#8067322>		"ngipin"@mbi	
"takot"@plv	<https://panlex.org/snapshot/panlex-20191001-csv/114#8062714>				<https://panlex.org/snapshot/panlex-20191001-csv/114#8062621>		"qandɨk"@mbi	
"beteng"@plv	<https://panlex.org/snapshot/panlex-20191001-csv/114#8058631>				<https://panlex.org/snapshot/panlex-20191001-csv/114#8058528>		"gɨtɨk"@mbi	
"atey"@plv	<https://panlex.org/snapshot/panlex-20191001-csv/114#8060121>				<https://panlex.org/snapshot/panlex-20191001-csv/114#8060032>		"qatɨy"@mbi	
