"ikor"@xsy	<https://panlex.org/snapshot/panlex-20191001-csv/114#8058256>				<https://panlex.org/snapshot/panlex-20191001-csv/114#8057947>		"kafena"@kse	
"raʼam"@xsy	<https://panlex.org/snapshot/panlex-20191001-csv/114#8061902>				<https://panlex.org/snapshot/panlex-20191001-csv/114#8061562>		"waliana"@kse	
"manraʼan"@xsy	<https://panlex.org/snapshot/panlex-20191001-csv/114#8054260>				<https://panlex.org/snapshot/panlex-20191001-csv/114#8053902>		"eda"@kse	
"manraʼan"@xsy	<https://panlex.org/snapshot/panlex-20191001-csv/114#8054260>				<https://panlex.org/snapshot/panlex-20191001-csv/114#8053903>		"edakaju"@kse	
"kaŋosəlan"@xsy	<https://panlex.org/snapshot/panlex-20191001-csv/114#8065568>				<https://panlex.org/snapshot/panlex-20191001-csv/114#8065232>		"iduna"@kse	
"ʔäʔäy"@xsy	<https://panlex.org/snapshot/panlex-20191001-csv/114#8053668>				<https://panlex.org/snapshot/panlex-20191001-csv/114#8053319>		"aena"@kse	
"kayʼiʔ"@xsy	<https://panlex.org/snapshot/panlex-20191001-csv/114#8052647>				<https://panlex.org/snapshot/panlex-20191001-csv/114#8052354>		"imana evalina"@kse	
