"lig"@agt	<https://panlex.org/snapshot/panlex-20191001-csv/114#8063950>				<https://panlex.org/snapshot/panlex-20191001-csv/114#8064334>		"[œ]rlœ-ɣ"@sku	
"lig"@agt	<https://panlex.org/snapshot/panlex-20191001-csv/114#8063950>				<https://panlex.org/snapshot/panlex-20191001-csv/114#8064335>		"[œ]rœl-"@sku	
"lig"@agt	<https://panlex.org/snapshot/panlex-20191001-csv/114#8063950>				<https://panlex.org/snapshot/panlex-20191001-csv/114#8064336>		"[ɔ]rlɔ-n"@sku	
"mʌduping"@agt	<https://panlex.org/snapshot/panlex-20191001-csv/114#8056280>				<https://panlex.org/snapshot/panlex-20191001-csv/114#8056655>		"lœhœr"@sku	
"qʌwan"@agt	<https://panlex.org/snapshot/panlex-20191001-csv/114#8065038>				<https://panlex.org/snapshot/panlex-20191001-csv/114#8065434>		"[ɛ]ðelhœ-n"@sku	
"qʌwan"@agt	<https://panlex.org/snapshot/panlex-20191001-csv/114#8065038>				<https://panlex.org/snapshot/panlex-20191001-csv/114#8065435>		"[ɛ]ðɛlhy-ɣ"@sku	
"mʌgtʌlaw"@agt	<https://panlex.org/snapshot/panlex-20191001-csv/114#8062374>				<https://panlex.org/snapshot/panlex-20191001-csv/114#8062756>		"kɛðkɛð"@sku	
"mʌgbʌlittʌg"@agt	<https://panlex.org/snapshot/panlex-20191001-csv/114#8055267>				<https://panlex.org/snapshot/panlex-20191001-csv/114#8055636>		"rjø"@sku	
"lʌppu"@agt	<https://panlex.org/snapshot/panlex-20191001-csv/114#8056790>				<https://panlex.org/snapshot/panlex-20191001-csv/114#8057132>		"[a]taŋtaŋ"@sku	
"hilʌ"@agt	<https://panlex.org/snapshot/panlex-20191001-csv/114#8067610>				<https://panlex.org/snapshot/panlex-20191001-csv/114#8067984>		"[œ]nœ-ɣ"@sku	
"hilʌ"@agt	<https://panlex.org/snapshot/panlex-20191001-csv/114#8067610>				<https://panlex.org/snapshot/panlex-20191001-csv/114#8067985>		"[ɒ]nɒ-n [œ]nœ-"@sku	
"sihʌt"@agt	<https://panlex.org/snapshot/panlex-20191001-csv/114#8059337>				<https://panlex.org/snapshot/panlex-20191001-csv/114#8059685>		"[ɔ]kɔðɨŋœ-ɣ"@sku	
"dʌgʌ"@agt	<https://panlex.org/snapshot/panlex-20191001-csv/114#8062879>				<https://panlex.org/snapshot/panlex-20191001-csv/114#8063259>		"[ɛ]nɛ-ɣ"@sku	
"dʌgʌ"@agt	<https://panlex.org/snapshot/panlex-20191001-csv/114#8062879>				<https://panlex.org/snapshot/panlex-20191001-csv/114#8063258>		"[ɛ]nɛ-n"@sku	
"dʌgʌ"@agt	<https://panlex.org/snapshot/panlex-20191001-csv/114#8062879>				<https://panlex.org/snapshot/panlex-20191001-csv/114#8063257>		"[ɛ]nɛ-"@sku	
