"ŋgela"@baa	<https://panlex.org/snapshot/panlex-20191001-csv/114#8068676>				<https://panlex.org/snapshot/panlex-20191001-csv/114#8068681>		"ṇʼnaroti"@bcd	
"popomae"@baa	<https://panlex.org/snapshot/panlex-20191001-csv/114#8059825>				<https://panlex.org/snapshot/panlex-20191001-csv/114#8059828>		"aʼʔaɲa"@bcd	
"vutini"@baa	<https://panlex.org/snapshot/panlex-20191001-csv/114#8061372>				<https://panlex.org/snapshot/panlex-20191001-csv/114#8061376>		"jaʼʔakijai"@bcd	
"síqe"@baa	<https://panlex.org/snapshot/panlex-20191001-csv/114#8055776>				<https://panlex.org/snapshot/panlex-20191001-csv/114#8055780>		"ṇʼwɛnnai"@bcd	
"zuka"@baa	<https://panlex.org/snapshot/panlex-20191001-csv/114#8054297>				<https://panlex.org/snapshot/panlex-20191001-csv/114#8054300>		"ʼhaʔanai"@bcd	
"mbere"@baa	<https://panlex.org/snapshot/panlex-20191001-csv/114#8068149>				<https://panlex.org/snapshot/panlex-20191001-csv/114#8068153>		"ṇʼhanni"@bcd	
"kòkunùa"@baa	<https://panlex.org/snapshot/panlex-20191001-csv/114#8063974>				<https://panlex.org/snapshot/panlex-20191001-csv/114#8063977>		"ʼonne"@bcd	
"pàndáe"@baa	<https://panlex.org/snapshot/panlex-20191001-csv/114#8058857>				<https://panlex.org/snapshot/panlex-20191001-csv/114#8058860>		"ʼrunai"@bcd	
"bére"@baa	<https://panlex.org/snapshot/panlex-20191001-csv/114#8068148>				<https://panlex.org/snapshot/panlex-20191001-csv/114#8068153>		"ṇʼhanni"@bcd	
"kœrisi-"@baa	<https://panlex.org/snapshot/panlex-20191001-csv/114#8051649>				<https://panlex.org/snapshot/panlex-20191001-csv/114#8051653>		"ʼnamne"@bcd	
"vàranáe"@baa	<https://panlex.org/snapshot/panlex-20191001-csv/114#8064509>				<https://panlex.org/snapshot/panlex-20191001-csv/114#8064512>		"ʼmukai"@bcd	
"punda-"@baa	<https://panlex.org/snapshot/panlex-20191001-csv/114#8058856>				<https://panlex.org/snapshot/panlex-20191001-csv/114#8058860>		"ʼrunai"@bcd	
