"mbisi"@baa	<https://panlex.org/snapshot/panlex-20191001-csv/12#850839>				<https://panlex.org/snapshot/panlex-20191001-csv/12#850844>		"tubig"@bcl	
"pito"@baa	<https://panlex.org/snapshot/panlex-20191001-csv/114#8056302>				<https://panlex.org/snapshot/panlex-20191001-csv/114#8056306>		"maati"@bcl	
"ŋgela"@baa	<https://panlex.org/snapshot/panlex-20191001-csv/114#8068676>				<https://panlex.org/snapshot/panlex-20191001-csv/114#8068682>		"mahibi"@bcl	
"kɨrisi mɨria"@baa	<https://panlex.org/snapshot/panlex-20191001-csv/114#8052210>				<https://panlex.org/snapshot/panlex-20191001-csv/114#8052214>		"wala"@bcl	
"popomae"@baa	<https://panlex.org/snapshot/panlex-20191001-csv/114#8059825>				<https://panlex.org/snapshot/panlex-20191001-csv/114#8059829>		"katoy"@bcl	
"vutini"@baa	<https://panlex.org/snapshot/panlex-20191001-csv/114#8061372>				<https://panlex.org/snapshot/panlex-20191001-csv/114#8061377>		"tatao"@bcl	
"kɨrisi dékanae"@baa	<https://panlex.org/snapshot/panlex-20191001-csv/114#8052680>				<https://panlex.org/snapshot/panlex-20191001-csv/114#8052685>		"tu-o"@bcl	
"síqe"@baa	<https://panlex.org/snapshot/panlex-20191001-csv/114#8055776>				<https://panlex.org/snapshot/panlex-20191001-csv/114#8055781>		"malangoy"@bcl	
"viuru"@baa	<https://panlex.org/snapshot/panlex-20191001-csv/114#8055287>				<https://panlex.org/snapshot/panlex-20191001-csv/114#8055290>		"mabiric"@bcl	
"zuka"@baa	<https://panlex.org/snapshot/panlex-20191001-csv/114#8054297>				<https://panlex.org/snapshot/panlex-20191001-csv/114#8054301>		"tinampo-dalan"@bcl	
"mbere"@baa	<https://panlex.org/snapshot/panlex-20191001-csv/114#8068149>				<https://panlex.org/snapshot/panlex-20191001-csv/114#8068155>		"ma-oloc"@bcl	
"mbere"@baa	<https://panlex.org/snapshot/panlex-20191001-csv/114#8068149>				<https://panlex.org/snapshot/panlex-20191001-csv/114#8068154>		"ma-ngisi"@bcl	
"kòkunùa"@baa	<https://panlex.org/snapshot/panlex-20191001-csv/114#8063974>				<https://panlex.org/snapshot/panlex-20191001-csv/114#8063978>		"li-og"@bcl	
"pàndáe"@baa	<https://panlex.org/snapshot/panlex-20191001-csv/114#8058857>				<https://panlex.org/snapshot/panlex-20191001-csv/114#8058861>		"tu-lang"@bcl	
"bére"@baa	<https://panlex.org/snapshot/panlex-20191001-csv/114#8068148>				<https://panlex.org/snapshot/panlex-20191001-csv/114#8068155>		"ma-oloc"@bcl	
"bére"@baa	<https://panlex.org/snapshot/panlex-20191001-csv/114#8068148>				<https://panlex.org/snapshot/panlex-20191001-csv/114#8068154>		"ma-ngisi"@bcl	
"totaka-"@baa	<https://panlex.org/snapshot/panlex-20191001-csv/114#8057792>				<https://panlex.org/snapshot/panlex-20191001-csv/114#8057796>		"likod"@bcl	
"kœrisi-"@baa	<https://panlex.org/snapshot/panlex-20191001-csv/114#8051649>				<https://panlex.org/snapshot/panlex-20191001-csv/114#8051654>		"kamut"@bcl	
"njoŋa"@baa	<https://panlex.org/snapshot/panlex-20191001-csv/114#8052681>				<https://panlex.org/snapshot/panlex-20191001-csv/114#8052685>		"tu-o"@bcl	
"vàranáe"@baa	<https://panlex.org/snapshot/panlex-20191001-csv/114#8064509>				<https://panlex.org/snapshot/panlex-20191001-csv/114#8064513>		"buhok"@bcl	
"punda-"@baa	<https://panlex.org/snapshot/panlex-20191001-csv/114#8058856>				<https://panlex.org/snapshot/panlex-20191001-csv/114#8058861>		"tu-lang"@bcl	
"kɔmba-e"@baa	<https://panlex.org/snapshot/panlex-20191001-csv/114#8059359>				<https://panlex.org/snapshot/panlex-20191001-csv/114#8059362>		"minudencia"@bcl	
"nœmbœ"@baa	<https://panlex.org/snapshot/panlex-20191001-csv/114#8066033>				<https://panlex.org/snapshot/panlex-20191001-csv/114#8066038>		"maparong"@bcl	
"mbisi"@baa	<https://panlex.org/snapshot/panlex-20191001-csv/11#787482>				<https://panlex.org/snapshot/panlex-20191001-csv/11#787487>		"tubig"@bcl	
