"popomae"@baa	<https://panlex.org/snapshot/panlex-20191001-csv/114#8059825>				<https://panlex.org/snapshot/panlex-20191001-csv/114#8060237>		"ʼwawa"@tve	
"vutini"@baa	<https://panlex.org/snapshot/panlex-20191001-csv/114#8061372>				<https://panlex.org/snapshot/panlex-20191001-csv/114#8061855>		"nafʼre"@tve	
"síqe"@baa	<https://panlex.org/snapshot/panlex-20191001-csv/114#8055776>				<https://panlex.org/snapshot/panlex-20191001-csv/114#8056224>		"ʼnani"@tve	
"zuka"@baa	<https://panlex.org/snapshot/panlex-20191001-csv/114#8054297>				<https://panlex.org/snapshot/panlex-20191001-csv/114#8054707>		"ʼkala"@tve	
"mbere"@baa	<https://panlex.org/snapshot/panlex-20191001-csv/114#8068149>				<https://panlex.org/snapshot/panlex-20191001-csv/114#8068590>		"ṇʼmali"@tve	
"kòkunùa"@baa	<https://panlex.org/snapshot/panlex-20191001-csv/114#8063974>				<https://panlex.org/snapshot/panlex-20191001-csv/114#8064421>		"tɛfʼtɛfna"@tve	
"pàndáe"@baa	<https://panlex.org/snapshot/panlex-20191001-csv/114#8058857>				<https://panlex.org/snapshot/panlex-20191001-csv/114#8059281>		"ʼro"@tve	
"bére"@baa	<https://panlex.org/snapshot/panlex-20191001-csv/114#8068148>				<https://panlex.org/snapshot/panlex-20191001-csv/114#8068590>		"ṇʼmali"@tve	
"kœrisi-"@baa	<https://panlex.org/snapshot/panlex-20191001-csv/114#8051649>				<https://panlex.org/snapshot/panlex-20191001-csv/114#8052132>		"ʼlima"@tve	
"vàranáe"@baa	<https://panlex.org/snapshot/panlex-20191001-csv/114#8064509>				<https://panlex.org/snapshot/panlex-20191001-csv/114#8064971>		"ʼpɔʔu"@tve	
"punda-"@baa	<https://panlex.org/snapshot/panlex-20191001-csv/114#8058856>				<https://panlex.org/snapshot/panlex-20191001-csv/114#8059281>		"ʼro"@tve	
