"ʼmá̄"@teh	<https://panlex.org/snapshot/panlex-20191001-csv/1573#50085599>				<https://panlex.org/snapshot/panlex-20191001-csv/1573#50085480>		"’spēlaion"@grc	
"ʼmá̄"@teh	<https://panlex.org/snapshot/panlex-20191001-csv/1573#50085599>				<https://panlex.org/snapshot/panlex-20191001-csv/1573#50085479>		"’antron"@grc	
"ʼxōno ʼk-eʔne-kˀ-n"@teh	<https://panlex.org/snapshot/panlex-20191001-csv/1573#50087230>				<https://panlex.org/snapshot/panlex-20191001-csv/1573#50087154>		"’kolpos"@grc	
"ʼxōno ʼk-eʔne-kˀ-n"@teh	<https://panlex.org/snapshot/panlex-20191001-csv/1573#50085343>				<https://panlex.org/snapshot/panlex-20191001-csv/1573#50085175>		"aigia’los"@grc	
"ʼxōno ʼk-eʔne-kˀ-n"@teh	<https://panlex.org/snapshot/panlex-20191001-csv/1573#50085343>				<https://panlex.org/snapshot/panlex-20191001-csv/1573#50085176>		"a’ktē"@grc	
"ʼleʔ"@teh	<https://panlex.org/snapshot/panlex-20191001-csv/1573#50085852>				<https://panlex.org/snapshot/panlex-20191001-csv/1573#50085724>		"’hudōr"@grc	
"ʼset"@teh	<https://panlex.org/snapshot/panlex-20191001-csv/1573#50083127>				<https://panlex.org/snapshot/panlex-20191001-csv/1573#50082987>		"pē’los"@grc	
"ʼxōno"@teh	<https://panlex.org/snapshot/panlex-20191001-csv/1573#50086832>				<https://panlex.org/snapshot/panlex-20191001-csv/1573#50086750>		"ōkea’nos"@grc	
"ʼxōno"@teh	<https://panlex.org/snapshot/panlex-20191001-csv/1573#50086083>				<https://panlex.org/snapshot/panlex-20191001-csv/1573#50085975>		"’pontos"@grc	
"ʼxōno"@teh	<https://panlex.org/snapshot/panlex-20191001-csv/1573#50086083>				<https://panlex.org/snapshot/panlex-20191001-csv/1573#50085976>		"’tʰalassa"@grc	
"ʼxōno"@teh	<https://panlex.org/snapshot/panlex-20191001-csv/1573#50086083>				<https://panlex.org/snapshot/panlex-20191001-csv/1573#50085974>		"hals"@grc	
"ʼḳoy"@teh	<https://panlex.org/snapshot/panlex-20191001-csv/1573#50087360>				<https://panlex.org/snapshot/panlex-20191001-csv/1573#50087295>		"’tenagos"@grc	
"ʼḳoy"@teh	<https://panlex.org/snapshot/panlex-20191001-csv/1573#50087071>				<https://panlex.org/snapshot/panlex-20191001-csv/1573#50086957>		"’limnē"@grc	
"ʼkˀōč"@teh	<https://panlex.org/snapshot/panlex-20191001-csv/1573#50091242>				<https://panlex.org/snapshot/panlex-20191001-csv/1573#50091130>		"ūra’nos"@grc	
"ʼw-ayh-kˀ-n ʼxōno"@teh	<https://panlex.org/snapshot/panlex-20191001-csv/1573#50088045>				<https://panlex.org/snapshot/panlex-20191001-csv/1573#50087987>		"’ampōtis"@grc	
"ʼw-ayh-kˀ-n ʼxōno"@teh	<https://panlex.org/snapshot/panlex-20191001-csv/1573#50088045>				<https://panlex.org/snapshot/panlex-20191001-csv/1573#50087986>		"a’narroia"@grc	
"ʼwelč"@teh	<https://panlex.org/snapshot/panlex-20191001-csv/1573#50084079>				<https://panlex.org/snapshot/panlex-20191001-csv/1573#50083953>		"krē’mnos"@grc	
"ʼḳatḳten"@teh	<https://panlex.org/snapshot/panlex-20191001-csv/1573#50089605>				<https://panlex.org/snapshot/panlex-20191001-csv/1573#50089525>		"katar’raktēs"@grc	
"ʼtēm-hn"@teh	<https://panlex.org/snapshot/panlex-20191001-csv/1573#50082831>				<https://panlex.org/snapshot/panlex-20191001-csv/1573#50082698>		"’konis"@grc	
"ʼleʔ aškˀn"@teh	<https://panlex.org/snapshot/panlex-20191001-csv/1573#50089145>				<https://panlex.org/snapshot/panlex-20191001-csv/1573#50088966>		"’krēnē"@grc	
"ʼleʔ aškˀn"@teh	<https://panlex.org/snapshot/panlex-20191001-csv/1573#50089145>				<https://panlex.org/snapshot/panlex-20191001-csv/1573#50088967>		"’pʰrear"@grc	
"ʼleʔ aškˀn"@teh	<https://panlex.org/snapshot/panlex-20191001-csv/1573#50089145>				<https://panlex.org/snapshot/panlex-20191001-csv/1573#50088965>		"pē’gē"@grc	
"ʼḳēngenkn"@teh	<https://panlex.org/snapshot/panlex-20191001-csv/1573#50091496>				<https://panlex.org/snapshot/panlex-20191001-csv/1573#50091380>		"’hēlios"@grc	
"ʼbewln"@teh	<https://panlex.org/snapshot/panlex-20191001-csv/1573#50090397>				<https://panlex.org/snapshot/panlex-20191001-csv/1573#50090278>		"’ksulon"@grc	
"ʼkoʔl"@teh	<https://panlex.org/snapshot/panlex-20191001-csv/1573#50089412>				<https://panlex.org/snapshot/panlex-20191001-csv/1573#50089291>		"’helos"@grc	
"ʼyatn"@teh	<https://panlex.org/snapshot/panlex-20191001-csv/1573#50090791>				<https://panlex.org/snapshot/panlex-20191001-csv/1573#50090591>		"’petrā"@grc	
"ʼyatn"@teh	<https://panlex.org/snapshot/panlex-20191001-csv/1573#50090791>				<https://panlex.org/snapshot/panlex-20191001-csv/1573#50090590>		"’litʰos"@grc	
"ʼpet"@teh	<https://panlex.org/snapshot/panlex-20191001-csv/1573#50086646>				<https://panlex.org/snapshot/panlex-20191001-csv/1573#50086544>		"a’pʰros"@grc	
"ʼkˀōn"@teh	<https://panlex.org/snapshot/panlex-20191001-csv/1573#50088567>				<https://panlex.org/snapshot/panlex-20191001-csv/1573#50088353>		"’hreuma"@grc	
"ʼkˀōn"@teh	<https://panlex.org/snapshot/panlex-20191001-csv/1573#50088567>				<https://panlex.org/snapshot/panlex-20191001-csv/1573#50088352>		"pota’mos"@grc	
"ʼkˀōn"@teh	<https://panlex.org/snapshot/panlex-20191001-csv/1573#50088567>				<https://panlex.org/snapshot/panlex-20191001-csv/1573#50088354>		"’kʰeimarros"@grc	
"ʼtēm"@teh	<https://panlex.org/snapshot/panlex-20191001-csv/1573#50082561>				<https://panlex.org/snapshot/panlex-20191001-csv/1573#50082398>		"’pedon"@grc	
"ʼtēm"@teh	<https://panlex.org/snapshot/panlex-20191001-csv/1573#50082561>				<https://panlex.org/snapshot/panlex-20191001-csv/1573#50082395>		"gē"@grc	
"ʼtēm"@teh	<https://panlex.org/snapshot/panlex-20191001-csv/1573#50082561>				<https://panlex.org/snapshot/panlex-20191001-csv/1573#50082396>		"’edapʰos"@grc	
"ʼtēm"@teh	<https://panlex.org/snapshot/panlex-20191001-csv/1573#50082561>				<https://panlex.org/snapshot/panlex-20191001-csv/1573#50082397>		"’kʰōma"@grc	
"ʼtēm"@teh	<https://panlex.org/snapshot/panlex-20191001-csv/1573#50083373>				<https://panlex.org/snapshot/panlex-20191001-csv/1573#50083249>		"’ammos"@grc	
"ʼtēm"@teh	<https://panlex.org/snapshot/panlex-20191001-csv/1573#50083373>				<https://panlex.org/snapshot/panlex-20191001-csv/1573#50083250>		"’psammos"@grc	
"ʼgēwt"@teh	<https://panlex.org/snapshot/panlex-20191001-csv/1573#50083763>				<https://panlex.org/snapshot/panlex-20191001-csv/1573#50083577>		"kolō’nos"@grc	
"ʼgēwt"@teh	<https://panlex.org/snapshot/panlex-20191001-csv/1573#50083763>				<https://panlex.org/snapshot/panlex-20191001-csv/1573#50083578>		"’lopʰos"@grc	
"ʼgēwt"@teh	<https://panlex.org/snapshot/panlex-20191001-csv/1573#50083763>				<https://panlex.org/snapshot/panlex-20191001-csv/1573#50083576>		"bū’nos"@grc	
"ʼgēwt"@teh	<https://panlex.org/snapshot/panlex-20191001-csv/1573#50083763>				<https://panlex.org/snapshot/panlex-20191001-csv/1573#50083579>		"’oros"@grc	
"ʼor"@teh	<https://panlex.org/snapshot/panlex-20191001-csv/1573#50087592>				<https://panlex.org/snapshot/panlex-20191001-csv/1573#50087527>		"’akra"@grc	
"ʼor"@teh	<https://panlex.org/snapshot/panlex-20191001-csv/1573#50087592>				<https://panlex.org/snapshot/panlex-20191001-csv/1573#50087526>		"akrō’tērion"@grc	
"ʼor"@teh	<https://panlex.org/snapshot/panlex-20191001-csv/1573#50087592>				<https://panlex.org/snapshot/panlex-20191001-csv/1573#50087528>		"’skopelos"@grc	
"ʼḳaroʔ"@teh	<https://panlex.org/snapshot/panlex-20191001-csv/1573#50089880>				<https://panlex.org/snapshot/panlex-20191001-csv/1573#50089735>		"’hūlē"@grc	
"ʼčˀokˀen"@teh	<https://panlex.org/snapshot/panlex-20191001-csv/1573#50084423>				<https://panlex.org/snapshot/panlex-20191001-csv/1573#50084259>		"pe’dion"@grc	
"ʼmatˀ"@teh	<https://panlex.org/snapshot/panlex-20191001-csv/1573#50084656>				<https://panlex.org/snapshot/panlex-20191001-csv/1573#50084553>		"koi’las"@grc	
"ʼmatˀ"@teh	<https://panlex.org/snapshot/panlex-20191001-csv/1573#50084656>				<https://panlex.org/snapshot/panlex-20191001-csv/1573#50084554>		"’napē"@grc	
