"rʔima"@kzp	<https://panlex.org/snapshot/panlex-20191001-csv/114#8051841>				<https://panlex.org/snapshot/panlex-20191001-csv/114#8051758>		"walima"@hao	
"rʔima"@kzp	<https://panlex.org/snapshot/panlex-20191001-csv/114#8051841>				<https://panlex.org/snapshot/panlex-20191001-csv/114#8051757>		"u walima"@hao	
"turʔa"@kzp	<https://panlex.org/snapshot/panlex-20191001-csv/114#8059022>				<https://panlex.org/snapshot/panlex-20191001-csv/114#8058950>		"silo"@hao	
"morʔako"@kzp	<https://panlex.org/snapshot/panlex-20191001-csv/114#8053915>				<https://panlex.org/snapshot/panlex-20191001-csv/114#8053825>		"la"@hao	
"morʔako"@kzp	<https://panlex.org/snapshot/panlex-20191001-csv/114#8053915>				<https://panlex.org/snapshot/panlex-20191001-csv/114#8053824>		"elala"@hao	
"tigugu"@kzp	<https://panlex.org/snapshot/panlex-20191001-csv/114#8064156>				<https://panlex.org/snapshot/panlex-20191001-csv/114#8064079>		"u liou"@hao	
"kobilé"@kzp	<https://panlex.org/snapshot/panlex-20191001-csv/114#8059987>				<https://panlex.org/snapshot/panlex-20191001-csv/114#8059917>		"poso"@hao	
"rʔikavuko"@kzp	<https://panlex.org/snapshot/panlex-20191001-csv/114#8056956>				<https://panlex.org/snapshot/panlex-20191001-csv/114#8056892>		"ku pa"@hao	
"mai"@kzp	<https://panlex.org/snapshot/panlex-20191001-csv/114#8054955>				<https://panlex.org/snapshot/panlex-20191001-csv/114#8054880>		"lanama"@hao	
"dorʔa"@kzp	<https://panlex.org/snapshot/panlex-20191001-csv/114#8054451>				<https://panlex.org/snapshot/panlex-20191001-csv/114#8054391>		"maroro"@hao	
"bogo"@kzp	<https://panlex.org/snapshot/panlex-20191001-csv/114#8061059>				<https://panlex.org/snapshot/panlex-20191001-csv/114#8060996>		"hala-hala"@hao	
"buŋgiuŋo"@kzp	<https://panlex.org/snapshot/panlex-20191001-csv/114#8057961>				<https://panlex.org/snapshot/panlex-20191001-csv/114#8057885>		"u muru"@hao	
"sélé"@kzp	<https://panlex.org/snapshot/panlex-20191001-csv/114#8055452>				<https://panlex.org/snapshot/panlex-20191001-csv/114#8055378>		"hola-habiritsina"@hao	
"dila"@kzp	<https://panlex.org/snapshot/panlex-20191001-csv/114#8067802>				<https://panlex.org/snapshot/panlex-20191001-csv/114#8067727>		"u mea"@hao	
"tiorʔo"@kzp	<https://panlex.org/snapshot/panlex-20191001-csv/114#8053332>				<https://panlex.org/snapshot/panlex-20191001-csv/114#8053243>		"u mu"@hao	
"tiorʔo"@kzp	<https://panlex.org/snapshot/panlex-20191001-csv/114#8053332>				<https://panlex.org/snapshot/panlex-20191001-csv/114#8053244>		"u mŭ"@hao	
"tinai"@kzp	<https://panlex.org/snapshot/panlex-20191001-csv/114#8059511>				<https://panlex.org/snapshot/panlex-20191001-csv/114#8059441>		"u tor"@hao	
