"yuramu"@dbl	<https://panlex.org/snapshot/panlex-20191001-csv/2131#11694839>				<https://panlex.org/snapshot/panlex-20191001-csv/2131#88053>		"rijeka"@bs	
"guda"@dbl	<https://panlex.org/snapshot/panlex-20191001-csv/12#853801>				<https://panlex.org/snapshot/panlex-20191001-csv/12#853781>		"kučka"@bs	
"guda"@dbl	<https://panlex.org/snapshot/panlex-20191001-csv/12#853801>				<https://panlex.org/snapshot/panlex-20191001-csv/12#853782>		"pas"@bs	
"gudaɖaran"@dbl	<https://panlex.org/snapshot/panlex-20191001-csv/12#853802>				<https://panlex.org/snapshot/panlex-20191001-csv/12#853781>		"kučka"@bs	
"gudaɖaran"@dbl	<https://panlex.org/snapshot/panlex-20191001-csv/12#853802>				<https://panlex.org/snapshot/panlex-20191001-csv/12#853782>		"pas"@bs	
"gudaguda"@dbl	<https://panlex.org/snapshot/panlex-20191001-csv/12#853803>				<https://panlex.org/snapshot/panlex-20191001-csv/12#853781>		"kučka"@bs	
"gudaguda"@dbl	<https://panlex.org/snapshot/panlex-20191001-csv/12#853803>				<https://panlex.org/snapshot/panlex-20191001-csv/12#853782>		"pas"@bs	
"bulgan"@dbl	<https://panlex.org/snapshot/panlex-20191001-csv/8#118199>				<https://panlex.org/snapshot/panlex-20191001-csv/8#118188>		"veliki"@bs	
