"yuramu"@dbl	<https://panlex.org/snapshot/panlex-20191001-csv/2131#11694839>				<https://panlex.org/snapshot/panlex-20191001-csv/2131#11694860>		"내"@ko	
"guda"@dbl	<https://panlex.org/snapshot/panlex-20191001-csv/12#853801>				<https://panlex.org/snapshot/panlex-20191001-csv/12#853847>		"개"@ko	
"gudaɖaran"@dbl	<https://panlex.org/snapshot/panlex-20191001-csv/12#853802>				<https://panlex.org/snapshot/panlex-20191001-csv/12#853847>		"개"@ko	
"gudaguda"@dbl	<https://panlex.org/snapshot/panlex-20191001-csv/12#853803>				<https://panlex.org/snapshot/panlex-20191001-csv/12#853847>		"개"@ko	
"bulgan"@dbl	<https://panlex.org/snapshot/panlex-20191001-csv/8#118199>				<https://panlex.org/snapshot/panlex-20191001-csv/8#118234>		"큰"@ko	
