"tenʔ 32"@huq	<https://panlex.org/snapshot/panlex-20191001-csv/114#8058404>				<https://panlex.org/snapshot/panlex-20191001-csv/114#8058331>		"tɔraʔ"@bvk	
"la:ŋ 33"@huq	<https://panlex.org/snapshot/panlex-20191001-csv/114#8058956>				<https://panlex.org/snapshot/panlex-20191001-csv/114#8058891>		"tɔlaŋ"@bvk	
"la 55"@huq	<https://panlex.org/snapshot/panlex-20191001-csv/114#8067734>				<https://panlex.org/snapshot/panlex-20191001-csv/114#8067669>		"jalaʔ"@bvk	
"ka:i 33"@huq	<https://panlex.org/snapshot/panlex-20191001-csv/114#8053251>				<https://panlex.org/snapshot/panlex-20191001-csv/114#8053179>		"bati"@bvk	
"hu 11 thuŋ 11"@huq	<https://panlex.org/snapshot/panlex-20191001-csv/114#8065172>				<https://panlex.org/snapshot/panlex-20191001-csv/114#8065100>		"uruŋ"@bvk	
"ñu 55"@huq	<https://panlex.org/snapshot/panlex-20191001-csv/114#8066131>				<https://panlex.org/snapshot/panlex-20191001-csv/114#8066072>		"marək"@bvk	
"na:uʔ 32"@huq	<https://panlex.org/snapshot/panlex-20191001-csv/114#8053832>				<https://panlex.org/snapshot/panlex-20191001-csv/114#8053754>		"mak yap"@bvk	
"ʔda 11"@huq	<https://panlex.org/snapshot/panlex-20191001-csv/114#8062499>				<https://panlex.org/snapshot/panlex-20191001-csv/114#8062431>		"but"@bvk	
"pioŋʔ 32 kiaw 33"@huq	<https://panlex.org/snapshot/panlex-20191001-csv/114#8068261>				<https://panlex.org/snapshot/panlex-20191001-csv/114#8068185>		"pusan"@bvk	
"kia 33 zoŋʔ 32"@huq	<https://panlex.org/snapshot/panlex-20191001-csv/114#8057892>				<https://panlex.org/snapshot/panlex-20191001-csv/114#8057825>		"lapət"@bvk	
"phaʔ 43"@huq	<https://panlex.org/snapshot/panlex-20191001-csv/114#8053833>				<https://panlex.org/snapshot/panlex-20191001-csv/114#8053754>		"mak yap"@bvk	
"hia 33"@huq	<https://panlex.org/snapshot/panlex-20191001-csv/114#8068792>				<https://panlex.org/snapshot/panlex-20191001-csv/114#8068720>		"naŋi"@bvk	
"za:iʔ 32"@huq	<https://panlex.org/snapshot/panlex-20191001-csv/114#8054887>				<https://panlex.org/snapshot/panlex-20191001-csv/114#8054816>		"tipay"@bvk	
"luai 33 ʔai 33"@huq	<https://panlex.org/snapshot/panlex-20191001-csv/114#8055881>				<https://panlex.org/snapshot/panlex-20191001-csv/114#8055819>		"navuŋ"@bvk	
"heʔ 24"@huq	<https://panlex.org/snapshot/panlex-20191001-csv/114#8062498>				<https://panlex.org/snapshot/panlex-20191001-csv/114#8062431>		"but"@bvk	
