"trois"@fr	<https://panlex.org/snapshot/panlex-20191001-csv/17#1010845>				<https://panlex.org/snapshot/panlex-20191001-csv/17#1010846>		"trije"@fy	
"janvier"@fr	<https://panlex.org/snapshot/panlex-20191001-csv/17#1009399>				<https://panlex.org/snapshot/panlex-20191001-csv/17#1009400>		"jannewaris"@fy	
"deux"@fr	<https://panlex.org/snapshot/panlex-20191001-csv/17#1010992>				<https://panlex.org/snapshot/panlex-20191001-csv/17#1010993>		"twa"@fy	
"cinq"@fr	<https://panlex.org/snapshot/panlex-20191001-csv/17#1010883>				<https://panlex.org/snapshot/panlex-20191001-csv/17#1010884>		"fiif"@fy	
"quatre"@fr	<https://panlex.org/snapshot/panlex-20191001-csv/17#1010864>				<https://panlex.org/snapshot/panlex-20191001-csv/17#1010865>		"fjouwer"@fy	
"un"@fr	<https://panlex.org/snapshot/panlex-20191001-csv/17#1011010>				<https://panlex.org/snapshot/panlex-20191001-csv/17#1011011>		"ien"@fy	
