"way"@udj	<https://panlex.org/snapshot/panlex-20191001-csv/12#851224>				<https://panlex.org/snapshot/panlex-20191001-csv/12#851116>		"ayax"@pse	
"wil tabi"@udj	<https://panlex.org/snapshot/panlex-20191001-csv/114#8063897>				<https://panlex.org/snapshot/panlex-20191001-csv/114#8063767>		"palaʔ"@pse	
"néin"@udj	<https://panlex.org/snapshot/panlex-20191001-csv/114#8067560>				<https://panlex.org/snapshot/panlex-20191001-csv/114#8067436>		"gigi"@pse	
"jala"@udj	<https://panlex.org/snapshot/panlex-20191001-csv/114#8054715>				<https://panlex.org/snapshot/panlex-20191001-csv/114#8054599>		"jalan"@pse	
"a-fe da jeri"@udj	<https://panlex.org/snapshot/panlex-20191001-csv/114#8065973>				<https://panlex.org/snapshot/panlex-20191001-csv/114#8065876>		"napas"@pse	
"sei lima lima"@udj	<https://panlex.org/snapshot/panlex-20191001-csv/114#8053072>				<https://panlex.org/snapshot/panlex-20191001-csv/114#8052969>		"kanan"@pse	
"waku suʔ"@udj	<https://panlex.org/snapshot/panlex-20191001-csv/114#8057206>				<https://panlex.org/snapshot/panlex-20191001-csv/114#8057102>		"abu"@pse	
"kabéli"@udj	<https://panlex.org/snapshot/panlex-20191001-csv/114#8068074>				<https://panlex.org/snapshot/panlex-20191001-csv/114#8067955>		"lidah"@pse	
"juin"@udj	<https://panlex.org/snapshot/panlex-20191001-csv/114#8065531>				<https://panlex.org/snapshot/panlex-20191001-csv/114#8065403>		"iduŋ"@pse	
"tulikáy"@udj	<https://panlex.org/snapshot/panlex-20191001-csv/114#8058223>				<https://panlex.org/snapshot/panlex-20191001-csv/114#8058104>		"puŋguŋ"@pse	
"udu"@udj	<https://panlex.org/snapshot/panlex-20191001-csv/114#8063348>				<https://panlex.org/snapshot/panlex-20191001-csv/114#8063225>		"daxah"@pse	
"tubi kay waŋwaŋi"@udj	<https://panlex.org/snapshot/panlex-20191001-csv/114#8059758>				<https://panlex.org/snapshot/panlex-20191001-csv/114#8059655>		"pəxut"@pse	
