"tati"@tox	<https://panlex.org/snapshot/panlex-20191001-csv/12#851202>				<https://panlex.org/snapshot/panlex-20191001-csv/12#850948>		"danúm"@hnn	
"taht"@tox	<https://panlex.org/snapshot/panlex-20191001-csv/12#851200>				<https://panlex.org/snapshot/panlex-20191001-csv/12#850948>		"danúm"@hnn	
"char"@tox	<https://panlex.org/snapshot/panlex-20191001-csv/12#851198>				<https://panlex.org/snapshot/panlex-20191001-csv/12#850948>		"danúm"@hnn	
"tah'roo"@tox	<https://panlex.org/snapshot/panlex-20191001-csv/12#851199>				<https://panlex.org/snapshot/panlex-20191001-csv/12#850948>		"danúm"@hnn	
"tat"@tox	<https://panlex.org/snapshot/panlex-20191001-csv/12#851201>				<https://panlex.org/snapshot/panlex-20191001-csv/12#850948>		"danúm"@hnn	
