"tah'roo"@tox	<https://panlex.org/snapshot/panlex-20191001-csv/5945#84347946>				<https://panlex.org/snapshot/panlex-20191001-csv/5945#84347945>		"acqua"@it	<https://panlex.org/Noun>
"tati"@tox	<https://panlex.org/snapshot/panlex-20191001-csv/5945#84347531>				<https://panlex.org/snapshot/panlex-20191001-csv/5945#84347530>		"acqua"@it	<https://panlex.org/Noun>
"tat"@tox	<https://panlex.org/snapshot/panlex-20191001-csv/5945#84347717>				<https://panlex.org/snapshot/panlex-20191001-csv/5945#84347716>		"acqua"@it	<https://panlex.org/Noun>
"Ramarih"@tox	<https://panlex.org/snapshot/panlex-20191001-csv/5945#84395138>				<https://panlex.org/snapshot/panlex-20191001-csv/5945#84395087>		"lingua"@it	<https://panlex.org/Noun>
"char"@tox	<https://panlex.org/snapshot/panlex-20191001-csv/5945#84347537>				<https://panlex.org/snapshot/panlex-20191001-csv/5945#84347536>		"acqua"@it	<https://panlex.org/Noun>
"taht"@tox	<https://panlex.org/snapshot/panlex-20191001-csv/5945#84347930>				<https://panlex.org/snapshot/panlex-20191001-csv/5945#84347929>		"acqua"@it	<https://panlex.org/Noun>
"Ramarih"@tox	<https://panlex.org/snapshot/panlex-20191001-csv/19#1025387>				<https://panlex.org/snapshot/panlex-20191001-csv/19#1025363>		"lingua"@it	
"yay"@tox	<https://panlex.org/snapshot/panlex-20191001-csv/12#849338>				<https://panlex.org/snapshot/panlex-20191001-csv/12#849319>		"vento"@it	
"tati"@tox	<https://panlex.org/snapshot/panlex-20191001-csv/12#851202>				<https://panlex.org/snapshot/panlex-20191001-csv/12#850972>		"acqua"@it	
"taht"@tox	<https://panlex.org/snapshot/panlex-20191001-csv/12#851200>				<https://panlex.org/snapshot/panlex-20191001-csv/12#850972>		"acqua"@it	
"unga"@tox	<https://panlex.org/snapshot/panlex-20191001-csv/12#858592>				<https://panlex.org/snapshot/panlex-20191001-csv/12#858563>		"sì"@it	
"char"@tox	<https://panlex.org/snapshot/panlex-20191001-csv/12#851198>				<https://panlex.org/snapshot/panlex-20191001-csv/12#850972>		"acqua"@it	
"uan"@tox	<https://panlex.org/snapshot/panlex-20191001-csv/12#845451>				<https://panlex.org/snapshot/panlex-20191001-csv/12#845426>		"quattro"@it	
"vamul"@tox	<https://panlex.org/snapshot/panlex-20191001-csv/12#845452>				<https://panlex.org/snapshot/panlex-20191001-csv/12#845426>		"quattro"@it	
"ila"@tox	<https://panlex.org/snapshot/panlex-20191001-csv/12#858591>				<https://panlex.org/snapshot/panlex-20191001-csv/12#858563>		"sì"@it	
"vau"@tox	<https://panlex.org/snapshot/panlex-20191001-csv/12#845453>				<https://panlex.org/snapshot/panlex-20191001-csv/12#845426>		"quattro"@it	
"tah'roo"@tox	<https://panlex.org/snapshot/panlex-20191001-csv/12#851199>				<https://panlex.org/snapshot/panlex-20191001-csv/12#850972>		"acqua"@it	
"tat"@tox	<https://panlex.org/snapshot/panlex-20191001-csv/12#851201>				<https://panlex.org/snapshot/panlex-20191001-csv/12#850972>		"acqua"@it	
"ma"@tox	<https://panlex.org/snapshot/panlex-20191001-csv/13#945869>				<https://panlex.org/snapshot/panlex-20191001-csv/13#945862>		"e"@it	
