"Ramarih"@tox	<https://panlex.org/snapshot/panlex-20191001-csv/5945#84395138>				<https://panlex.org/snapshot/panlex-20191001-csv/5945#84395146>		"tiếng nói"@vi	
"Ramarih"@tox	<https://panlex.org/snapshot/panlex-20191001-csv/5945#84395138>				<https://panlex.org/snapshot/panlex-20191001-csv/5945#84395145>		"ngôn ngữ"@vi	
"Ramarih"@tox	<https://panlex.org/snapshot/panlex-20191001-csv/5945#84395138>				<https://panlex.org/snapshot/panlex-20191001-csv/5945#84395147>		"tiếng"@vi	
"Ramarih"@tox	<https://panlex.org/snapshot/panlex-20191001-csv/19#1025387>				<https://panlex.org/snapshot/panlex-20191001-csv/19#1025391>		"tiếng"@vi	
"Ramarih"@tox	<https://panlex.org/snapshot/panlex-20191001-csv/19#1025387>				<https://panlex.org/snapshot/panlex-20191001-csv/19#1025392>		"tiếng nói"@vi	
"Ramarih"@tox	<https://panlex.org/snapshot/panlex-20191001-csv/19#1025387>				<https://panlex.org/snapshot/panlex-20191001-csv/19#1025390>		"ngôn ngữ"@vi	
"tati"@tox	<https://panlex.org/snapshot/panlex-20191001-csv/12#851202>				<https://panlex.org/snapshot/panlex-20191001-csv/12#851234>		"nước"@vi	
"taht"@tox	<https://panlex.org/snapshot/panlex-20191001-csv/12#851200>				<https://panlex.org/snapshot/panlex-20191001-csv/12#851234>		"nước"@vi	
"unga"@tox	<https://panlex.org/snapshot/panlex-20191001-csv/12#858592>				<https://panlex.org/snapshot/panlex-20191001-csv/12#858598>		"vâng"@vi	
"unga"@tox	<https://panlex.org/snapshot/panlex-20191001-csv/12#858592>				<https://panlex.org/snapshot/panlex-20191001-csv/12#858595>		"có"@vi	
"unga"@tox	<https://panlex.org/snapshot/panlex-20191001-csv/12#858592>				<https://panlex.org/snapshot/panlex-20191001-csv/12#858596>		"dạ"@vi	
"unga"@tox	<https://panlex.org/snapshot/panlex-20191001-csv/12#858592>				<https://panlex.org/snapshot/panlex-20191001-csv/12#858597>		"phải"@vi	
"char"@tox	<https://panlex.org/snapshot/panlex-20191001-csv/12#851198>				<https://panlex.org/snapshot/panlex-20191001-csv/12#851234>		"nước"@vi	
"uan"@tox	<https://panlex.org/snapshot/panlex-20191001-csv/12#845451>				<https://panlex.org/snapshot/panlex-20191001-csv/12#845462>		"bốn"@vi	
"vamul"@tox	<https://panlex.org/snapshot/panlex-20191001-csv/12#845452>				<https://panlex.org/snapshot/panlex-20191001-csv/12#845462>		"bốn"@vi	
"ila"@tox	<https://panlex.org/snapshot/panlex-20191001-csv/12#858591>				<https://panlex.org/snapshot/panlex-20191001-csv/12#858598>		"vâng"@vi	
"ila"@tox	<https://panlex.org/snapshot/panlex-20191001-csv/12#858591>				<https://panlex.org/snapshot/panlex-20191001-csv/12#858595>		"có"@vi	
"ila"@tox	<https://panlex.org/snapshot/panlex-20191001-csv/12#858591>				<https://panlex.org/snapshot/panlex-20191001-csv/12#858596>		"dạ"@vi	
"ila"@tox	<https://panlex.org/snapshot/panlex-20191001-csv/12#858591>				<https://panlex.org/snapshot/panlex-20191001-csv/12#858597>		"phải"@vi	
"vau"@tox	<https://panlex.org/snapshot/panlex-20191001-csv/12#845453>				<https://panlex.org/snapshot/panlex-20191001-csv/12#845462>		"bốn"@vi	
"tah'roo"@tox	<https://panlex.org/snapshot/panlex-20191001-csv/12#851199>				<https://panlex.org/snapshot/panlex-20191001-csv/12#851234>		"nước"@vi	
"tat"@tox	<https://panlex.org/snapshot/panlex-20191001-csv/12#851201>				<https://panlex.org/snapshot/panlex-20191001-csv/12#851234>		"nước"@vi	
"ma"@tox	<https://panlex.org/snapshot/panlex-20191001-csv/13#945869>				<https://panlex.org/snapshot/panlex-20191001-csv/13#945871>		"và"@vi	
