"muwaʔɨn"@wap	<https://panlex.org/snapshot/panlex-20191001-csv/1573#50089169>				<https://panlex.org/snapshot/panlex-20191001-csv/1573#50089120>		"utsa-"@sa	
"muwaʔɨn"@wap	<https://panlex.org/snapshot/panlex-20191001-csv/1573#50089169>				<https://panlex.org/snapshot/panlex-20191001-csv/1573#50089119>		"kūpa-"@sa	
"muwaʔɨn"@wap	<https://panlex.org/snapshot/panlex-20191001-csv/1573#50089169>				<https://panlex.org/snapshot/panlex-20191001-csv/1573#50089117>		"andhu-"@sa	
"muwaʔɨn"@wap	<https://panlex.org/snapshot/panlex-20191001-csv/1573#50089169>				<https://panlex.org/snapshot/panlex-20191001-csv/1573#50089118>		"avata-"@sa	
"ɨnɨˀba"@wap	<https://panlex.org/snapshot/panlex-20191001-csv/1573#50082846>				<https://panlex.org/snapshot/panlex-20191001-csv/1573#50082810>		"reṇu-"@sa	
"ɨnɨˀba"@wap	<https://panlex.org/snapshot/panlex-20191001-csv/1573#50082846>				<https://panlex.org/snapshot/panlex-20191001-csv/1573#50082809>		"pāṃsu-"@sa	
"ɨnɨˀba"@wap	<https://panlex.org/snapshot/panlex-20191001-csv/1573#50082846>				<https://panlex.org/snapshot/panlex-20191001-csv/1573#50082808>		"kṣoda-"@sa	
"ɨnɨˀba"@wap	<https://panlex.org/snapshot/panlex-20191001-csv/1573#50082846>				<https://panlex.org/snapshot/panlex-20191001-csv/1573#50082807>		"dhūli-"@sa	
"tʰuẓuwan"@wap	<https://panlex.org/snapshot/panlex-20191001-csv/1573#50089618>				<https://panlex.org/snapshot/panlex-20191001-csv/1573#50089596>		"nirjhara-"@sa	
"tʰuẓuwan"@wap	<https://panlex.org/snapshot/panlex-20191001-csv/1573#50089618>				<https://panlex.org/snapshot/panlex-20191001-csv/1573#50089595>		"jhara-"@sa	
"ˀbuẓuwan"@wap	<https://panlex.org/snapshot/panlex-20191001-csv/1573#50086664>				<https://panlex.org/snapshot/panlex-20191001-csv/1573#50086628>		"pheṇa-"@sa	
"ˀbuẓuwan"@wap	<https://panlex.org/snapshot/panlex-20191001-csv/1573#50086664>				<https://panlex.org/snapshot/panlex-20191001-csv/1573#50086627>		"phena-"@sa	
"aukʰaẓi"@wap	<https://panlex.org/snapshot/panlex-20191001-csv/1573#50091262>				<https://panlex.org/snapshot/panlex-20191001-csv/1573#50091222>		"vyoman-"@sa	
"aukʰaẓi"@wap	<https://panlex.org/snapshot/panlex-20191001-csv/1573#50091262>				<https://panlex.org/snapshot/panlex-20191001-csv/1573#50091223>		"ākāša-"@sa	
"aukʰaẓi"@wap	<https://panlex.org/snapshot/panlex-20191001-csv/1573#50091262>				<https://panlex.org/snapshot/panlex-20191001-csv/1573#50091221>		"nabhas-"@sa	
"aukʰaẓi"@wap	<https://panlex.org/snapshot/panlex-20191001-csv/1573#50091262>				<https://panlex.org/snapshot/panlex-20191001-csv/1573#50091220>		"div-"@sa	
"waʔuẓi"@wap	<https://panlex.org/snapshot/panlex-20191001-csv/1573#50088598>				<https://panlex.org/snapshot/panlex-20191001-csv/1573#50088529>		"srotas-"@sa	
"waʔuẓi"@wap	<https://panlex.org/snapshot/panlex-20191001-csv/1573#50088598>				<https://panlex.org/snapshot/panlex-20191001-csv/1573#50088527>		"sarit-"@sa	
"waʔuẓi"@wap	<https://panlex.org/snapshot/panlex-20191001-csv/1573#50088598>				<https://panlex.org/snapshot/panlex-20191001-csv/1573#50088528>		"sindhu-"@sa	
"waʔuẓi"@wap	<https://panlex.org/snapshot/panlex-20191001-csv/1573#50088598>				<https://panlex.org/snapshot/panlex-20191001-csv/1573#50088525>		"kulyā-"@sa	
"waʔuẓi"@wap	<https://panlex.org/snapshot/panlex-20191001-csv/1573#50088598>				<https://panlex.org/snapshot/panlex-20191001-csv/1573#50088526>		"nadī"@sa	
"nawaẓi sakʰuˀdaẓ"@wap	<https://panlex.org/snapshot/panlex-20191001-csv/1573#50084667>				<https://panlex.org/snapshot/panlex-20191001-csv/1573#50084643>		"kandara-"@sa	
"nawaẓi sakʰuˀdaẓ"@wap	<https://panlex.org/snapshot/panlex-20191001-csv/1573#50084667>				<https://panlex.org/snapshot/panlex-20191001-csv/1573#50084644>		"upatyakā-"@sa	
"pʰaran"@wap	<https://panlex.org/snapshot/panlex-20191001-csv/1573#50086843>				<https://panlex.org/snapshot/panlex-20191001-csv/1573#50086819>		"sāgara-"@sa	
"pʰaran"@wap	<https://panlex.org/snapshot/panlex-20191001-csv/1573#50086843>				<https://panlex.org/snapshot/panlex-20191001-csv/1573#50086817>		"mahārṇava-"@sa	
"pʰaran"@wap	<https://panlex.org/snapshot/panlex-20191001-csv/1573#50086843>				<https://panlex.org/snapshot/panlex-20191001-csv/1573#50086818>		"samudra-"@sa	
"pʰaran"@wap	<https://panlex.org/snapshot/panlex-20191001-csv/1573#50086843>				<https://panlex.org/snapshot/panlex-20191001-csv/1573#50086815>		"arṇava-"@sa	
"pʰaran"@wap	<https://panlex.org/snapshot/panlex-20191001-csv/1573#50086843>				<https://panlex.org/snapshot/panlex-20191001-csv/1573#50086820>		"udadhi-"@sa	
"pʰaran"@wap	<https://panlex.org/snapshot/panlex-20191001-csv/1573#50086843>				<https://panlex.org/snapshot/panlex-20191001-csv/1573#50086816>		"mahodadhi-"@sa	
"pʰaran"@wap	<https://panlex.org/snapshot/panlex-20191001-csv/1573#50086096>				<https://panlex.org/snapshot/panlex-20191001-csv/1573#50086063>		"arṇava-"@sa	
"pʰaran"@wap	<https://panlex.org/snapshot/panlex-20191001-csv/1573#50086096>				<https://panlex.org/snapshot/panlex-20191001-csv/1573#50086067>		"vāridhi-"@sa	
"pʰaran"@wap	<https://panlex.org/snapshot/panlex-20191001-csv/1573#50086096>				<https://panlex.org/snapshot/panlex-20191001-csv/1573#50086066>		"udadhi-"@sa	
"pʰaran"@wap	<https://panlex.org/snapshot/panlex-20191001-csv/1573#50086096>				<https://panlex.org/snapshot/panlex-20191001-csv/1573#50086065>		"sāgara-"@sa	
"pʰaran"@wap	<https://panlex.org/snapshot/panlex-20191001-csv/1573#50086096>				<https://panlex.org/snapshot/panlex-20191001-csv/1573#50086064>		"samudra-"@sa	
"miˀdɨkʰɨu"@wap	<https://panlex.org/snapshot/panlex-20191001-csv/1573#50083792>				<https://panlex.org/snapshot/panlex-20191001-csv/1573#50083729>		"giri- parvata-"@sa	
"miˀdɨkʰɨu"@wap	<https://panlex.org/snapshot/panlex-20191001-csv/1573#50083792>				<https://panlex.org/snapshot/panlex-20191001-csv/1573#50083730>		"šaila-"@sa	
"miˀdɨkʰɨu"@wap	<https://panlex.org/snapshot/panlex-20191001-csv/1573#50083792>				<https://panlex.org/snapshot/panlex-20191001-csv/1573#50083726>		"acala-"@sa	
"miˀdɨkʰɨu"@wap	<https://panlex.org/snapshot/panlex-20191001-csv/1573#50083792>				<https://panlex.org/snapshot/panlex-20191001-csv/1573#50083728>		"bhūdhara"@sa	
"miˀdɨkʰɨu"@wap	<https://panlex.org/snapshot/panlex-20191001-csv/1573#50083792>				<https://panlex.org/snapshot/panlex-20191001-csv/1573#50083727>		"adri-"@sa	
"mašaa"@wap	<https://panlex.org/snapshot/panlex-20191001-csv/1573#50086284>				<https://panlex.org/snapshot/panlex-20191001-csv/1573#50086257>		"nirvega-"@sa	
"mašaa"@wap	<https://panlex.org/snapshot/panlex-20191001-csv/1573#50086284>				<https://panlex.org/snapshot/panlex-20191001-csv/1573#50086259>		"prasanna-"@sa	
"mašaa"@wap	<https://panlex.org/snapshot/panlex-20191001-csv/1573#50086284>				<https://panlex.org/snapshot/panlex-20191001-csv/1573#50086258>		"nistaraṃga-"@sa	
"amaẓaˀda"@wap	<https://panlex.org/snapshot/panlex-20191001-csv/1573#50081919>				<https://panlex.org/snapshot/panlex-20191001-csv/1573#50081883>		"carācara-"@sa	
"amaẓaˀda"@wap	<https://panlex.org/snapshot/panlex-20191001-csv/1573#50081919>				<https://panlex.org/snapshot/panlex-20191001-csv/1573#50081881>		"bhuvana-"@sa	
"amaẓaˀda"@wap	<https://panlex.org/snapshot/panlex-20191001-csv/1573#50081919>				<https://panlex.org/snapshot/panlex-20191001-csv/1573#50081885>		"jagatī-"@sa	
"amaẓaˀda"@wap	<https://panlex.org/snapshot/panlex-20191001-csv/1573#50081919>				<https://panlex.org/snapshot/panlex-20191001-csv/1573#50081884>		"jagat-"@sa	
"amaẓaˀda"@wap	<https://panlex.org/snapshot/panlex-20191001-csv/1573#50081919>				<https://panlex.org/snapshot/panlex-20191001-csv/1573#50081882>		"bhū-"@sa	
"amaẓaˀda"@wap	<https://panlex.org/snapshot/panlex-20191001-csv/1573#50081919>				<https://panlex.org/snapshot/panlex-20191001-csv/1573#50081886>		"loka-"@sa	
"amaẓaˀda"@wap	<https://panlex.org/snapshot/panlex-20191001-csv/1573#50082262>				<https://panlex.org/snapshot/panlex-20191001-csv/1573#50082201>		"bhūmi-"@sa	
"amaẓaˀda"@wap	<https://panlex.org/snapshot/panlex-20191001-csv/1573#50082262>				<https://panlex.org/snapshot/panlex-20191001-csv/1573#50082205>		"kṣama-"@sa	
"amaẓaˀda"@wap	<https://panlex.org/snapshot/panlex-20191001-csv/1573#50082262>				<https://panlex.org/snapshot/panlex-20191001-csv/1573#50082212>		"vasudhā-"@sa	
"amaẓaˀda"@wap	<https://panlex.org/snapshot/panlex-20191001-csv/1573#50082262>				<https://panlex.org/snapshot/panlex-20191001-csv/1573#50082199>		"bhūgola-"@sa	
"amaẓaˀda"@wap	<https://panlex.org/snapshot/panlex-20191001-csv/1573#50082262>				<https://panlex.org/snapshot/panlex-20191001-csv/1573#50082208>		"loka-"@sa	
"amaẓaˀda"@wap	<https://panlex.org/snapshot/panlex-20191001-csv/1573#50082262>				<https://panlex.org/snapshot/panlex-20191001-csv/1573#50082209>		"mahī"@sa	
"amaẓaˀda"@wap	<https://panlex.org/snapshot/panlex-20191001-csv/1573#50082262>				<https://panlex.org/snapshot/panlex-20191001-csv/1573#50082203>		"kṣam-"@sa	
"amaẓaˀda"@wap	<https://panlex.org/snapshot/panlex-20191001-csv/1573#50082262>				<https://panlex.org/snapshot/panlex-20191001-csv/1573#50082211>		"pṛthvī"@sa	
"amaẓaˀda"@wap	<https://panlex.org/snapshot/panlex-20191001-csv/1573#50082262>				<https://panlex.org/snapshot/panlex-20191001-csv/1573#50082198>		"bhū-"@sa	
"amaẓaˀda"@wap	<https://panlex.org/snapshot/panlex-20191001-csv/1573#50082262>				<https://panlex.org/snapshot/panlex-20191001-csv/1573#50082204>		"kṣam-pṛthivī"@sa	
"amaẓaˀda"@wap	<https://panlex.org/snapshot/panlex-20191001-csv/1573#50082262>				<https://panlex.org/snapshot/panlex-20191001-csv/1573#50082202>		"jagat-"@sa	
"amaẓaˀda"@wap	<https://panlex.org/snapshot/panlex-20191001-csv/1573#50082262>				<https://panlex.org/snapshot/panlex-20191001-csv/1573#50082210>		"pṛthivī-"@sa	
"amaẓaˀda"@wap	<https://panlex.org/snapshot/panlex-20191001-csv/1573#50082262>				<https://panlex.org/snapshot/panlex-20191001-csv/1573#50082206>		"kṣiti-"@sa	
"amaẓaˀda"@wap	<https://panlex.org/snapshot/panlex-20191001-csv/1573#50082262>				<https://panlex.org/snapshot/panlex-20191001-csv/1573#50082207>		"kṣmā"@sa	
"amaẓaˀda"@wap	<https://panlex.org/snapshot/panlex-20191001-csv/1573#50082262>				<https://panlex.org/snapshot/panlex-20191001-csv/1573#50082200>		"bhūloka-"@sa	
"amaẓaˀda"@wap	<https://panlex.org/snapshot/panlex-20191001-csv/1573#50082262>				<https://panlex.org/snapshot/panlex-20191001-csv/1573#50082197>		"bhuvana-"@sa	
"wɨnɨ pʰaran"@wap	<https://panlex.org/snapshot/panlex-20191001-csv/1573#50087834>				<https://panlex.org/snapshot/panlex-20191001-csv/1573#50087803>		"ūrmi-"@sa	
"wɨnɨ pʰaran"@wap	<https://panlex.org/snapshot/panlex-20191001-csv/1573#50087834>				<https://panlex.org/snapshot/panlex-20191001-csv/1573#50087802>		"taran̄ga-"@sa	
"kʰɨˀba"@wap	<https://panlex.org/snapshot/panlex-20191001-csv/1573#50090820>				<https://panlex.org/snapshot/panlex-20191001-csv/1573#50090756>		"ašan-"@sa	
"kʰɨˀba"@wap	<https://panlex.org/snapshot/panlex-20191001-csv/1573#50090820>				<https://panlex.org/snapshot/panlex-20191001-csv/1573#50090757>		"ašman-"@sa	
"kʰɨˀba"@wap	<https://panlex.org/snapshot/panlex-20191001-csv/1573#50090820>				<https://panlex.org/snapshot/panlex-20191001-csv/1573#50090759>		"šilā-"@sa	
"kʰɨˀba"@wap	<https://panlex.org/snapshot/panlex-20191001-csv/1573#50090820>				<https://panlex.org/snapshot/panlex-20191001-csv/1573#50090758>		"pāṣāṇa"@sa	
"ˀbauwɨẓɨ"@wap	<https://panlex.org/snapshot/panlex-20191001-csv/1573#50089428>				<https://panlex.org/snapshot/panlex-20191001-csv/1573#50089388>		"kaccha-"@sa	
"kʰamuu"@wap	<https://panlex.org/snapshot/panlex-20191001-csv/1573#50091511>				<https://panlex.org/snapshot/panlex-20191001-csv/1573#50091477>		"svar"@sa	
"kʰamuu"@wap	<https://panlex.org/snapshot/panlex-20191001-csv/1573#50091511>				<https://panlex.org/snapshot/panlex-20191001-csv/1573#50091479>		"sūrya-"@sa	
"kʰamuu"@wap	<https://panlex.org/snapshot/panlex-20191001-csv/1573#50091511>				<https://panlex.org/snapshot/panlex-20191001-csv/1573#50091478>		"sūra-"@sa	
"kʰamuu"@wap	<https://panlex.org/snapshot/panlex-20191001-csv/1573#50091511>				<https://panlex.org/snapshot/panlex-20191001-csv/1573#50091476>		"ravi-"@sa	
"nawaẓi"@wap	<https://panlex.org/snapshot/panlex-20191001-csv/1573#50083793>				<https://panlex.org/snapshot/panlex-20191001-csv/1573#50083729>		"giri- parvata-"@sa	
"nawaẓi"@wap	<https://panlex.org/snapshot/panlex-20191001-csv/1573#50083793>				<https://panlex.org/snapshot/panlex-20191001-csv/1573#50083730>		"šaila-"@sa	
"nawaẓi"@wap	<https://panlex.org/snapshot/panlex-20191001-csv/1573#50083793>				<https://panlex.org/snapshot/panlex-20191001-csv/1573#50083726>		"acala-"@sa	
"nawaẓi"@wap	<https://panlex.org/snapshot/panlex-20191001-csv/1573#50083793>				<https://panlex.org/snapshot/panlex-20191001-csv/1573#50083728>		"bhūdhara"@sa	
"nawaẓi"@wap	<https://panlex.org/snapshot/panlex-20191001-csv/1573#50083793>				<https://panlex.org/snapshot/panlex-20191001-csv/1573#50083727>		"adri-"@sa	
"kʰapʰaran"@wap	<https://panlex.org/snapshot/panlex-20191001-csv/1573#50086452>				<https://panlex.org/snapshot/panlex-20191001-csv/1573#50086431>		"salila-"@sa	
"kʰapʰaran"@wap	<https://panlex.org/snapshot/panlex-20191001-csv/1573#50086452>				<https://panlex.org/snapshot/panlex-20191001-csv/1573#50086430>		"kliṣṭa-"@sa	
"kʰapʰaran"@wap	<https://panlex.org/snapshot/panlex-20191001-csv/1573#50086452>				<https://panlex.org/snapshot/panlex-20191001-csv/1573#50086429>		"kleša-"@sa	
"ˀdarukʰaʔɨ"@wap	<https://panlex.org/snapshot/panlex-20191001-csv/1573#50088795>				<https://panlex.org/snapshot/panlex-20191001-csv/1573#50088767>		"bhrama-"@sa	
"ˀdarukʰaʔɨ"@wap	<https://panlex.org/snapshot/panlex-20191001-csv/1573#50088795>				<https://panlex.org/snapshot/panlex-20191001-csv/1573#50088768>		"jalagulma-"@sa	
"wɨnɨ ˀdanum"@wap	<https://panlex.org/snapshot/panlex-20191001-csv/1573#50085366>				<https://panlex.org/snapshot/panlex-20191001-csv/1573#50085312>		"tīra-"@sa	
"wɨnɨ ˀdanum"@wap	<https://panlex.org/snapshot/panlex-20191001-csv/1573#50085366>				<https://panlex.org/snapshot/panlex-20191001-csv/1573#50085313>		"velā-"@sa	
"wɨnɨ ˀdanum"@wap	<https://panlex.org/snapshot/panlex-20191001-csv/1573#50085366>				<https://panlex.org/snapshot/panlex-20191001-csv/1573#50085309>		"pāra-"@sa	
"wɨnɨ ˀdanum"@wap	<https://panlex.org/snapshot/panlex-20191001-csv/1573#50085366>				<https://panlex.org/snapshot/panlex-20191001-csv/1573#50085308>		"kūla-"@sa	
"wɨnɨ ˀdanum"@wap	<https://panlex.org/snapshot/panlex-20191001-csv/1573#50085366>				<https://panlex.org/snapshot/panlex-20191001-csv/1573#50085310>		"rodhas-"@sa	
"wɨnɨ ˀdanum"@wap	<https://panlex.org/snapshot/panlex-20191001-csv/1573#50085366>				<https://panlex.org/snapshot/panlex-20191001-csv/1573#50085311>		"taṭa-"@sa	
"wɨnɨ"@wap	<https://panlex.org/snapshot/panlex-20191001-csv/1573#50085870>				<https://panlex.org/snapshot/panlex-20191001-csv/1573#50085828>		"udaka-"@sa	
"wɨnɨ"@wap	<https://panlex.org/snapshot/panlex-20191001-csv/1573#50085870>				<https://panlex.org/snapshot/panlex-20191001-csv/1573#50085830>		"vāri-"@sa	
"wɨnɨ"@wap	<https://panlex.org/snapshot/panlex-20191001-csv/1573#50085870>				<https://panlex.org/snapshot/panlex-20191001-csv/1573#50085829>		"udan-"@sa	
"wɨnɨ"@wap	<https://panlex.org/snapshot/panlex-20191001-csv/1573#50085870>				<https://panlex.org/snapshot/panlex-20191001-csv/1573#50085825>		"ambhas-"@sa	
"wɨnɨ"@wap	<https://panlex.org/snapshot/panlex-20191001-csv/1573#50085870>				<https://panlex.org/snapshot/panlex-20191001-csv/1573#50085827>		"jala-"@sa	
"wɨnɨ"@wap	<https://panlex.org/snapshot/panlex-20191001-csv/1573#50085870>				<https://panlex.org/snapshot/panlex-20191001-csv/1573#50085831>		"āp-"@sa	
"wɨnɨ"@wap	<https://panlex.org/snapshot/panlex-20191001-csv/1573#50085870>				<https://panlex.org/snapshot/panlex-20191001-csv/1573#50085826>		"ambu-"@sa	
"kʰatʰɨ"@wap	<https://panlex.org/snapshot/panlex-20191001-csv/1573#50083388>				<https://panlex.org/snapshot/panlex-20191001-csv/1573#50083355>		"vālukā-"@sa	
"kʰatʰɨ"@wap	<https://panlex.org/snapshot/panlex-20191001-csv/1573#50083388>				<https://panlex.org/snapshot/panlex-20191001-csv/1573#50083354>		"sikatā-"@sa	
"kʰatʰɨ"@wap	<https://panlex.org/snapshot/panlex-20191001-csv/1573#50083388>				<https://panlex.org/snapshot/panlex-20191001-csv/1573#50083353>		"mahāsūkṣmā"@sa	
"kʰarišii"@wap	<https://panlex.org/snapshot/panlex-20191001-csv/1573#50087084>				<https://panlex.org/snapshot/panlex-20191001-csv/1573#50087048>		"vāpi-"@sa	
"kʰarišii"@wap	<https://panlex.org/snapshot/panlex-20191001-csv/1573#50087084>				<https://panlex.org/snapshot/panlex-20191001-csv/1573#50087049>		"vāpī-"@sa	
"kʰarišii"@wap	<https://panlex.org/snapshot/panlex-20191001-csv/1573#50087084>				<https://panlex.org/snapshot/panlex-20191001-csv/1573#50087045>		"hrada-"@sa	
"kʰarišii"@wap	<https://panlex.org/snapshot/panlex-20191001-csv/1573#50087084>				<https://panlex.org/snapshot/panlex-20191001-csv/1573#50087046>		"jala-sthāna-"@sa	
"kʰarišii"@wap	<https://panlex.org/snapshot/panlex-20191001-csv/1573#50087084>				<https://panlex.org/snapshot/panlex-20191001-csv/1573#50087047>		"saras-"@sa	
"kʰatʰunarɨ"@wap	<https://panlex.org/snapshot/panlex-20191001-csv/1573#50084880>				<https://panlex.org/snapshot/panlex-20191001-csv/1573#50084854>		"dvīpa-"@sa	
"kʰatʰunarɨ"@wap	<https://panlex.org/snapshot/panlex-20191001-csv/1573#50084880>				<https://panlex.org/snapshot/panlex-20191001-csv/1573#50084855>		"payogaḍa-"@sa	
"ɨna"@wap	<https://panlex.org/snapshot/panlex-20191001-csv/1573#50085614>				<https://panlex.org/snapshot/panlex-20191001-csv/1573#50085579>		"darī-"@sa	
"ɨna"@wap	<https://panlex.org/snapshot/panlex-20191001-csv/1573#50085614>				<https://panlex.org/snapshot/panlex-20191001-csv/1573#50085580>		"kandara-"@sa	
"atʰamɨnɨ"@wap	<https://panlex.org/snapshot/panlex-20191001-csv/1573#50090159>				<https://panlex.org/snapshot/panlex-20191001-csv/1573#50090127>		"vṛkṣa-"@sa	
"atʰamɨnɨ"@wap	<https://panlex.org/snapshot/panlex-20191001-csv/1573#50090159>				<https://panlex.org/snapshot/panlex-20191001-csv/1573#50090125>		"taru-"@sa	
"atʰamɨnɨ"@wap	<https://panlex.org/snapshot/panlex-20191001-csv/1573#50090159>				<https://panlex.org/snapshot/panlex-20191001-csv/1573#50090126>		"vana-"@sa	
"atʰamɨnɨ"@wap	<https://panlex.org/snapshot/panlex-20191001-csv/1573#50090159>				<https://panlex.org/snapshot/panlex-20191001-csv/1573#50090124>		"druma-"@sa	
"atʰamɨnɨ"@wap	<https://panlex.org/snapshot/panlex-20191001-csv/1573#50090416>				<https://panlex.org/snapshot/panlex-20191001-csv/1573#50090378>		"dāru-"@sa	
"atʰamɨnɨ"@wap	<https://panlex.org/snapshot/panlex-20191001-csv/1573#50090416>				<https://panlex.org/snapshot/panlex-20191001-csv/1573#50090379>		"kāṣṭha-"@sa	
"amaẓaˀda nakʰa-ĩĩa-n"@wap	<https://panlex.org/snapshot/panlex-20191001-csv/1573#50091015>				<https://panlex.org/snapshot/panlex-20191001-csv/1573#50090989>		"bhūmi-kampa-"@sa	
"kʰanukʰu"@wap	<https://panlex.org/snapshot/panlex-20191001-csv/1573#50089901>				<https://panlex.org/snapshot/panlex-20191001-csv/1573#50089855>		"araṇya-"@sa	
"kʰanukʰu"@wap	<https://panlex.org/snapshot/panlex-20191001-csv/1573#50089901>				<https://panlex.org/snapshot/panlex-20191001-csv/1573#50089857>		"vana-"@sa	
"kʰanukʰu"@wap	<https://panlex.org/snapshot/panlex-20191001-csv/1573#50089901>				<https://panlex.org/snapshot/panlex-20191001-csv/1573#50089856>		"aṭavī"@sa	
"ˀdari"@wap	<https://panlex.org/snapshot/panlex-20191001-csv/1573#50083142>				<https://panlex.org/snapshot/panlex-20191001-csv/1573#50083106>		"kardama-"@sa	
"ˀdari"@wap	<https://panlex.org/snapshot/panlex-20191001-csv/1573#50083142>				<https://panlex.org/snapshot/panlex-20191001-csv/1573#50083105>		"jambāla-"@sa	
"ˀdari"@wap	<https://panlex.org/snapshot/panlex-20191001-csv/1573#50083142>				<https://panlex.org/snapshot/panlex-20191001-csv/1573#50083107>		"pan̄ka-"@sa	
"imiʔi"@wap	<https://panlex.org/snapshot/panlex-20191001-csv/1573#50082578>				<https://panlex.org/snapshot/panlex-20191001-csv/1573#50082532>		"kṣoṇī-"@sa	
"imiʔi"@wap	<https://panlex.org/snapshot/panlex-20191001-csv/1573#50082578>				<https://panlex.org/snapshot/panlex-20191001-csv/1573#50082536>		"pṛthvī-"@sa	
"imiʔi"@wap	<https://panlex.org/snapshot/panlex-20191001-csv/1573#50082578>				<https://panlex.org/snapshot/panlex-20191001-csv/1573#50082527>		"bhū-"@sa	
"imiʔi"@wap	<https://panlex.org/snapshot/panlex-20191001-csv/1573#50082578>				<https://panlex.org/snapshot/panlex-20191001-csv/1573#50082526>		"avanī-"@sa	
"imiʔi"@wap	<https://panlex.org/snapshot/panlex-20191001-csv/1573#50082578>				<https://panlex.org/snapshot/panlex-20191001-csv/1573#50082535>		"pṛthivī-"@sa	
"imiʔi"@wap	<https://panlex.org/snapshot/panlex-20191001-csv/1573#50082578>				<https://panlex.org/snapshot/panlex-20191001-csv/1573#50082528>		"bhūmi-"@sa	
"imiʔi"@wap	<https://panlex.org/snapshot/panlex-20191001-csv/1573#50082578>				<https://panlex.org/snapshot/panlex-20191001-csv/1573#50082525>		"avani-"@sa	
"imiʔi"@wap	<https://panlex.org/snapshot/panlex-20191001-csv/1573#50082578>				<https://panlex.org/snapshot/panlex-20191001-csv/1573#50082530>		"dharā-"@sa	
"imiʔi"@wap	<https://panlex.org/snapshot/panlex-20191001-csv/1573#50082578>				<https://panlex.org/snapshot/panlex-20191001-csv/1573#50082531>		"kṣiti-"@sa	
"imiʔi"@wap	<https://panlex.org/snapshot/panlex-20191001-csv/1573#50082578>				<https://panlex.org/snapshot/panlex-20191001-csv/1573#50082534>		"medinī-"@sa	
"imiʔi"@wap	<https://panlex.org/snapshot/panlex-20191001-csv/1573#50082578>				<https://panlex.org/snapshot/panlex-20191001-csv/1573#50082538>		"vasudhā-"@sa	
"imiʔi"@wap	<https://panlex.org/snapshot/panlex-20191001-csv/1573#50082578>				<https://panlex.org/snapshot/panlex-20191001-csv/1573#50082533>		"mahī-"@sa	
"imiʔi"@wap	<https://panlex.org/snapshot/panlex-20191001-csv/1573#50082578>				<https://panlex.org/snapshot/panlex-20191001-csv/1573#50082537>		"urvī-"@sa	
"imiʔi"@wap	<https://panlex.org/snapshot/panlex-20191001-csv/1573#50082578>				<https://panlex.org/snapshot/panlex-20191001-csv/1573#50082529>		"dharaṇī-"@sa	
"imiʔi"@wap	<https://panlex.org/snapshot/panlex-20191001-csv/1573#50082578>				<https://panlex.org/snapshot/panlex-20191001-csv/1573#50082539>		"vasumatī-"@sa	
"ˀbaraẓi"@wap	<https://panlex.org/snapshot/panlex-20191001-csv/1573#50084444>				<https://panlex.org/snapshot/panlex-20191001-csv/1573#50084398>		"kṣetra-"@sa	
"ˀbaraẓi"@wap	<https://panlex.org/snapshot/panlex-20191001-csv/1573#50084444>				<https://panlex.org/snapshot/panlex-20191001-csv/1573#50084396>		"ajra-"@sa	
"ˀbaraẓi"@wap	<https://panlex.org/snapshot/panlex-20191001-csv/1573#50084444>				<https://panlex.org/snapshot/panlex-20191001-csv/1573#50084397>		"kedāra-"@sa	
"ˀbaraẓi"@wap	<https://panlex.org/snapshot/panlex-20191001-csv/1573#50084444>				<https://panlex.org/snapshot/panlex-20191001-csv/1573#50084399>		"sama-"@sa	
