"muwaʔɨn"@wap	<https://panlex.org/snapshot/panlex-20191001-csv/1573#50089169>				<https://panlex.org/snapshot/panlex-20191001-csv/1573#50088807>		"ʼyumigmat"@agr	
"ɨnɨˀba"@wap	<https://panlex.org/snapshot/panlex-20191001-csv/1573#50082846>				<https://panlex.org/snapshot/panlex-20191001-csv/1573#50082595>		"yuʼkuukuntu"@agr	
"tʰuẓuwan"@wap	<https://panlex.org/snapshot/panlex-20191001-csv/1573#50089618>				<https://panlex.org/snapshot/panlex-20191001-csv/1573#50089442>		"bɨc̷ahau"@agr	
"ˀbuẓuwan"@wap	<https://panlex.org/snapshot/panlex-20191001-csv/1573#50086664>				<https://panlex.org/snapshot/panlex-20191001-csv/1573#50086461>		"sau"@agr	
"aukʰaẓi"@wap	<https://panlex.org/snapshot/panlex-20191001-csv/1573#50091262>				<https://panlex.org/snapshot/panlex-20191001-csv/1573#50091024>		"nayaim"@agr	
"waʔuẓi"@wap	<https://panlex.org/snapshot/panlex-20191001-csv/1573#50088598>				<https://panlex.org/snapshot/panlex-20191001-csv/1573#50088157>		"namak"@agr	
"nawaẓi sakʰuˀdaẓ"@wap	<https://panlex.org/snapshot/panlex-20191001-csv/1573#50084667>				<https://panlex.org/snapshot/panlex-20191001-csv/1573#50084458>		"ɨnc̷a ʼsɨgahu"@agr	
"pʰaran"@wap	<https://panlex.org/snapshot/panlex-20191001-csv/1573#50086843>				<https://panlex.org/snapshot/panlex-20191001-csv/1573#50086679>		"ʼnayanc̷"@agr	
"pʰaran"@wap	<https://panlex.org/snapshot/panlex-20191001-csv/1573#50086096>				<https://panlex.org/snapshot/panlex-20191001-csv/1573#50085886>		"ʼnayanc̷"@agr	
"miˀdɨkʰɨu"@wap	<https://panlex.org/snapshot/panlex-20191001-csv/1573#50083792>				<https://panlex.org/snapshot/panlex-20191001-csv/1573#50083404>		"nain"@agr	
"mašaa"@wap	<https://panlex.org/snapshot/panlex-20191001-csv/1573#50086284>				<https://panlex.org/snapshot/panlex-20191001-csv/1573#50086109>		"bitat"@agr	
"amaẓaˀda"@wap	<https://panlex.org/snapshot/panlex-20191001-csv/1573#50081919>				<https://panlex.org/snapshot/panlex-20191001-csv/1573#50081687>		"nugka"@agr	
"amaẓaˀda"@wap	<https://panlex.org/snapshot/panlex-20191001-csv/1573#50082262>				<https://panlex.org/snapshot/panlex-20191001-csv/1573#50081933>		"nugka"@agr	
"wɨnɨ pʰaran"@wap	<https://panlex.org/snapshot/panlex-20191001-csv/1573#50087834>				<https://panlex.org/snapshot/panlex-20191001-csv/1573#50087610>		"c̷ukatu"@agr	
"kʰɨˀba"@wap	<https://panlex.org/snapshot/panlex-20191001-csv/1573#50090820>				<https://panlex.org/snapshot/panlex-20191001-csv/1573#50090431>		"kaya"@agr	
"ˀbauwɨẓɨ"@wap	<https://panlex.org/snapshot/panlex-20191001-csv/1573#50089428>				<https://panlex.org/snapshot/panlex-20191001-csv/1573#50089184>		"paka kuča-kʼčagmatu"@agr	
"kʰamuu"@wap	<https://panlex.org/snapshot/panlex-20191001-csv/1573#50091511>				<https://panlex.org/snapshot/panlex-20191001-csv/1573#50091279>		"ɨc̷a"@agr	
"nawaẓi"@wap	<https://panlex.org/snapshot/panlex-20191001-csv/1573#50083793>				<https://panlex.org/snapshot/panlex-20191001-csv/1573#50083404>		"nain"@agr	
"kʰapʰaran"@wap	<https://panlex.org/snapshot/panlex-20191001-csv/1573#50086452>				<https://panlex.org/snapshot/panlex-20191001-csv/1573#50086294>		"ʼnayanc̷ c̷uʼkat-bau"@agr	
"ˀdarukʰaʔɨ"@wap	<https://panlex.org/snapshot/panlex-20191001-csv/1573#50088795>				<https://panlex.org/snapshot/panlex-20191001-csv/1573#50088622>		"ʼwainči"@agr	
"wɨnɨ ˀdanum"@wap	<https://panlex.org/snapshot/panlex-20191001-csv/1573#50085366>				<https://panlex.org/snapshot/panlex-20191001-csv/1573#50085047>		"ʼnayanc̷-a paka-hi"@agr	
"wɨnɨ"@wap	<https://panlex.org/snapshot/panlex-20191001-csv/1573#50085870>				<https://panlex.org/snapshot/panlex-20191001-csv/1573#50085625>		"yumi"@agr	
"kʰatʰɨ"@wap	<https://panlex.org/snapshot/panlex-20191001-csv/1573#50083388>				<https://panlex.org/snapshot/panlex-20191001-csv/1573#50083157>		"kaʼamatak"@agr	
"kʰarišii"@wap	<https://panlex.org/snapshot/panlex-20191001-csv/1573#50087084>				<https://panlex.org/snapshot/panlex-20191001-csv/1573#50086856>		"kuča"@agr	
"kʰatʰunarɨ"@wap	<https://panlex.org/snapshot/panlex-20191001-csv/1573#50084880>				<https://panlex.org/snapshot/panlex-20191001-csv/1573#50084678>		"ʼahun-tai"@agr	
"ɨna"@wap	<https://panlex.org/snapshot/panlex-20191001-csv/1573#50085614>				<https://panlex.org/snapshot/panlex-20191001-csv/1573#50085383>		"waa"@agr	
"atʰamɨnɨ"@wap	<https://panlex.org/snapshot/panlex-20191001-csv/1573#50090159>				<https://panlex.org/snapshot/panlex-20191001-csv/1573#50089917>		"numi"@agr	
"atʰamɨnɨ"@wap	<https://panlex.org/snapshot/panlex-20191001-csv/1573#50090159>				<https://panlex.org/snapshot/panlex-20191001-csv/1573#50089916>		"kampuʼha"@agr	
"atʰamɨnɨ"@wap	<https://panlex.org/snapshot/panlex-20191001-csv/1573#50090416>				<https://panlex.org/snapshot/panlex-20191001-csv/1573#50090174>		"numi"@agr	
"amaẓaˀda nakʰa-ĩĩa-n"@wap	<https://panlex.org/snapshot/panlex-20191001-csv/1573#50091015>				<https://panlex.org/snapshot/panlex-20191001-csv/1573#50090838>		"uʼug-bau"@agr	
"kʰanukʰu"@wap	<https://panlex.org/snapshot/panlex-20191001-csv/1573#50089901>				<https://panlex.org/snapshot/panlex-20191001-csv/1573#50089628>		"ʼikam"@agr	
"ˀdari"@wap	<https://panlex.org/snapshot/panlex-20191001-csv/1573#50083142>				<https://panlex.org/snapshot/panlex-20191001-csv/1573#50082862>		"c̷aʼkus"@agr	
"imiʔi"@wap	<https://panlex.org/snapshot/panlex-20191001-csv/1573#50082578>				<https://panlex.org/snapshot/panlex-20191001-csv/1573#50082279>		"nugka"@agr	
"ˀbaraẓi"@wap	<https://panlex.org/snapshot/panlex-20191001-csv/1573#50084444>				<https://panlex.org/snapshot/panlex-20191001-csv/1573#50084108>		"paka"@agr	
