"turu"@bgt	<https://panlex.org/snapshot/panlex-20191001-csv/114#8056313>				<https://panlex.org/snapshot/panlex-20191001-csv/114#8056389>		"baáreka"@gil	
"turu"@bgt	<https://panlex.org/snapshot/panlex-20191001-csv/114#8056313>				<https://panlex.org/snapshot/panlex-20191001-csv/114#8056390>		"korowawa"@gil	
"turu"@bgt	<https://panlex.org/snapshot/panlex-20191001-csv/114#8056313>				<https://panlex.org/snapshot/panlex-20191001-csv/114#8056387>		"baitoto"@gil	
"turu"@bgt	<https://panlex.org/snapshot/panlex-20191001-csv/114#8056313>				<https://panlex.org/snapshot/panlex-20191001-csv/114#8056388>		"bakanana"@gil	
"huli [ña]"@bgt	<https://panlex.org/snapshot/panlex-20191001-csv/114#8058867>				<https://panlex.org/snapshot/panlex-20191001-csv/114#8058944>		"ri"@gil	
"otho"@bgt	<https://panlex.org/snapshot/panlex-20191001-csv/114#8055788>				<https://panlex.org/snapshot/panlex-20191001-csv/114#8055869>		"uáua"@gil	
"toi [ña]"@bgt	<https://panlex.org/snapshot/panlex-20191001-csv/114#8052220>				<https://panlex.org/snapshot/panlex-20191001-csv/114#8052292>		"máing"@gil	
"ate [ña]"@bgt	<https://panlex.org/snapshot/panlex-20191001-csv/114#8059836>				<https://panlex.org/snapshot/panlex-20191001-csv/114#8059912>		"áto"@gil	
"susuu [ña]"@bgt	<https://panlex.org/snapshot/panlex-20191001-csv/114#8060334>				<https://panlex.org/snapshot/panlex-20191001-csv/114#8060425>		"bʼaábʼaa"@gil	
"susuu [ña]"@bgt	<https://panlex.org/snapshot/panlex-20191001-csv/114#8060334>				<https://panlex.org/snapshot/panlex-20191001-csv/114#8060426>		"úbʼa"@gil	
"pi|liu"@bgt	<https://panlex.org/snapshot/panlex-20191001-csv/114#8055297>				<https://panlex.org/snapshot/panlex-20191001-csv/114#8055373>		"tan"@gil	
"pi|liu"@bgt	<https://panlex.org/snapshot/panlex-20191001-csv/114#8055297>				<https://panlex.org/snapshot/panlex-20191001-csv/114#8055374>		"tæn"@gil	
"aoaso"@bgt	<https://panlex.org/snapshot/panlex-20191001-csv/114#8053722>				<https://panlex.org/snapshot/panlex-20191001-csv/114#8053819>		"nákonako"@gil	
"aoaso"@bgt	<https://panlex.org/snapshot/panlex-20191001-csv/114#8053722>				<https://panlex.org/snapshot/panlex-20191001-csv/114#8053818>		"nuwae"@gil	
"aoaso"@bgt	<https://panlex.org/snapshot/panlex-20191001-csv/114#8053722>				<https://panlex.org/snapshot/panlex-20191001-csv/114#8053817>		"karae"@gil	
"aoaso"@bgt	<https://panlex.org/snapshot/panlex-20191001-csv/114#8053722>				<https://panlex.org/snapshot/panlex-20191001-csv/114#8053816>		"butæ"@gil	
"atheathe"@bgt	<https://panlex.org/snapshot/panlex-20191001-csv/114#8065607>				<https://panlex.org/snapshot/panlex-20191001-csv/114#8065677>		"ike"@gil	
"guiguli[ña]"@bgt	<https://panlex.org/snapshot/panlex-20191001-csv/114#8057281>				<https://panlex.org/snapshot/panlex-20191001-csv/114#8057364>		"kun"@gil	
"n|ae[ña]"@bgt	<https://panlex.org/snapshot/panlex-20191001-csv/114#8053151>				<https://panlex.org/snapshot/panlex-20191001-csv/114#8053238>		"wáe"@gil	
