"nhe'enga"@tpn	<https://panlex.org/snapshot/panlex-20191001-csv/5945#84395139>				<https://panlex.org/snapshot/panlex-20191001-csv/5945#84395103>		"ñe'ẽ"@gug	
"kuî"@tpn	<https://panlex.org/snapshot/panlex-20191001-csv/5946#84443716>				<https://panlex.org/snapshot/panlex-20191001-csv/5946#84443665>		"kúi"@gug	
"kuî"@tpn	<https://panlex.org/snapshot/panlex-20191001-csv/5946#84443716>				<https://panlex.org/snapshot/panlex-20191001-csv/5946#84443664>		"'a"@gug	
"tym"@tpn	<https://panlex.org/snapshot/panlex-20191001-csv/5946#84439595>				<https://panlex.org/snapshot/panlex-20191001-csv/5946#84439557>		"ñoty"@gug	
"'ar"@tpn	<https://panlex.org/snapshot/panlex-20191001-csv/5946#84443717>				<https://panlex.org/snapshot/panlex-20191001-csv/5946#84443665>		"kúi"@gug	
"'ar"@tpn	<https://panlex.org/snapshot/panlex-20191001-csv/5946#84443717>				<https://panlex.org/snapshot/panlex-20191001-csv/5946#84443664>		"'a"@gug	
"îasytatá"@tpn	<https://panlex.org/snapshot/panlex-20191001-csv/5942#83281600>				<https://panlex.org/snapshot/panlex-20191001-csv/5942#83281568>		"mbyja"@gug	
"îepé"@tpn	<https://panlex.org/snapshot/panlex-20191001-csv/19#1028620>				<https://panlex.org/snapshot/panlex-20191001-csv/19#1028586>		"peteĩ"@gug	
"nheʼenga"@tpn	<https://panlex.org/snapshot/panlex-20191001-csv/19#1025388>				<https://panlex.org/snapshot/panlex-20191001-csv/19#1025354>		"ñeʼẽ"@gug	
"oîepé"@tpn	<https://panlex.org/snapshot/panlex-20191001-csv/19#1028621>				<https://panlex.org/snapshot/panlex-20191001-csv/19#1028586>		"peteĩ"@gug	
"aʼe"@tpn	<https://panlex.org/snapshot/panlex-20191001-csv/9#473910>				<https://panlex.org/snapshot/panlex-20191001-csv/9#473845>		"haʼe"@gug	
"gûyrá"@tpn	<https://panlex.org/snapshot/panlex-20191001-csv/9#482016>				<https://panlex.org/snapshot/panlex-20191001-csv/9#481962>		"guyra"@gug	
"amana"@tpn	<https://panlex.org/snapshot/panlex-20191001-csv/12#844261>				<https://panlex.org/snapshot/panlex-20191001-csv/12#844236>		"ama"@gug	
"îagûara"@tpn	<https://panlex.org/snapshot/panlex-20191001-csv/12#853900>				<https://panlex.org/snapshot/panlex-20191001-csv/12#853827>		"jagua"@gug	
"irundyk"@tpn	<https://panlex.org/snapshot/panlex-20191001-csv/12#845455>				<https://panlex.org/snapshot/panlex-20191001-csv/12#845416>		"irundy"@gug	
"ybytu"@tpn	<https://panlex.org/snapshot/panlex-20191001-csv/12#860017>				<https://panlex.org/snapshot/panlex-20191001-csv/12#859995>		"yvytu"@gug	
"opakatu"@tpn	<https://panlex.org/snapshot/panlex-20191001-csv/12#850716>				<https://panlex.org/snapshot/panlex-20191001-csv/12#850674>		"opa"@gug	
"esá"@tpn	<https://panlex.org/snapshot/panlex-20191001-csv/12#844895>				<https://panlex.org/snapshot/panlex-20191001-csv/12#844865>		"esa"@gug	
"ʼy"@tpn	<https://panlex.org/snapshot/panlex-20191001-csv/12#851205>				<https://panlex.org/snapshot/panlex-20191001-csv/12#850939>		"î"@gug	
"ʼy"@tpn	<https://panlex.org/snapshot/panlex-20191001-csv/12#851205>				<https://panlex.org/snapshot/panlex-20191001-csv/12#850938>		"y"@gug	
"popesûara"@tpn	<https://panlex.org/snapshot/panlex-20191001-csv/12#854984>				<https://panlex.org/snapshot/panlex-20191001-csv/12#854971>		"mboka"@gug	
"popesûara"@tpn	<https://panlex.org/snapshot/panlex-20191001-csv/12#893599>				<https://panlex.org/snapshot/panlex-20191001-csv/12#893586>		"mboka"@gug	
"itaîuba"@tpn	<https://panlex.org/snapshot/panlex-20191001-csv/12#914953>				<https://panlex.org/snapshot/panlex-20191001-csv/12#914912>		"itaju"@gug	
"itaîuba"@tpn	<https://panlex.org/snapshot/panlex-20191001-csv/12#914953>				<https://panlex.org/snapshot/panlex-20191001-csv/12#914913>		"kuarepotiju"@gug	
"itaîuba"@tpn	<https://panlex.org/snapshot/panlex-20191001-csv/12#844135>				<https://panlex.org/snapshot/panlex-20191001-csv/12#844095>		"kuarepotiju"@gug	
"itaîuba"@tpn	<https://panlex.org/snapshot/panlex-20191001-csv/12#844135>				<https://panlex.org/snapshot/panlex-20191001-csv/12#844094>		"itaju"@gug	
"ʼara"@tpn	<https://panlex.org/snapshot/panlex-20191001-csv/12#851729>				<https://panlex.org/snapshot/panlex-20191001-csv/12#851708>		"ára"@gug	
"oîoîrundyk"@tpn	<https://panlex.org/snapshot/panlex-20191001-csv/12#845456>				<https://panlex.org/snapshot/panlex-20191001-csv/12#845416>		"irundy"@gug	
"opab"@tpn	<https://panlex.org/snapshot/panlex-20191001-csv/12#850715>				<https://panlex.org/snapshot/panlex-20191001-csv/12#850674>		"opa"@gug	
"gûyrá"@tpn	<https://panlex.org/snapshot/panlex-20191001-csv/12#854631>				<https://panlex.org/snapshot/panlex-20191001-csv/12#854592>		"guyra"@gug	
"amỹîa"@tpn	<https://panlex.org/snapshot/panlex-20191001-csv/8#162519>				<https://panlex.org/snapshot/panlex-20191001-csv/8#162505>		"taita guasu"@gug	
"amỹîa"@tpn	<https://panlex.org/snapshot/panlex-20191001-csv/8#162519>				<https://panlex.org/snapshot/panlex-20191001-csv/8#162504>		"jarýi"@gug	
"paranã"@tpn	<https://panlex.org/snapshot/panlex-20191001-csv/8#249457>				<https://panlex.org/snapshot/panlex-20191001-csv/8#249414>		"para"@gug	
"ygé"@tpn	<https://panlex.org/snapshot/panlex-20191001-csv/8#184899>				<https://panlex.org/snapshot/panlex-20191001-csv/8#184877>		"ye"@gug	
"poti"@tpn	<https://panlex.org/snapshot/panlex-20191001-csv/8#150304>				<https://panlex.org/snapshot/panlex-20191001-csv/8#150241>		"epoti"@gug	
"eíra"@tpn	<https://panlex.org/snapshot/panlex-20191001-csv/8#163849>				<https://panlex.org/snapshot/panlex-20191001-csv/8#163809>		"eiru"@gug	
"eíra"@tpn	<https://panlex.org/snapshot/panlex-20191001-csv/8#163849>				<https://panlex.org/snapshot/panlex-20191001-csv/8#163808>		"eira rúa"@gug	
"eíra"@tpn	<https://panlex.org/snapshot/panlex-20191001-csv/8#163907>				<https://panlex.org/snapshot/panlex-20191001-csv/8#163875>		"eirete"@gug	
"mena"@tpn	<https://panlex.org/snapshot/panlex-20191001-csv/8#118007>				<https://panlex.org/snapshot/panlex-20191001-csv/8#117962>		"me"@gug	
"mena"@tpn	<https://panlex.org/snapshot/panlex-20191001-csv/8#118007>				<https://panlex.org/snapshot/panlex-20191001-csv/8#117963>		"ména"@gug	
"gûyrá"@tpn	<https://panlex.org/snapshot/panlex-20191001-csv/10#557306>				<https://panlex.org/snapshot/panlex-20191001-csv/10#557269>		"guyra"@gug	
"itaîuba"@tpn	<https://panlex.org/snapshot/panlex-20191001-csv/13#945839>				<https://panlex.org/snapshot/panlex-20191001-csv/13#945800>		"kuarepotiju"@gug	
"itaîuba"@tpn	<https://panlex.org/snapshot/panlex-20191001-csv/13#945839>				<https://panlex.org/snapshot/panlex-20191001-csv/13#945799>		"itaju"@gug	
