"کلیسای کاتولیک روم"@prs	<https://panlex.org/snapshot/panlex-20191001-csv/6717#111107604>				<https://panlex.org/snapshot/panlex-20191001-csv/6717#111107683>		"Simbahang Katoliko Romano"@tl	
"اگست"@prs	<https://panlex.org/snapshot/panlex-20191001-csv/5949#85329470>				<https://panlex.org/snapshot/panlex-20191001-csv/5949#85329519>		"Agosto"@tl	
"زبان شناسی"@prs	<https://panlex.org/snapshot/panlex-20191001-csv/2904#111023245>				<https://panlex.org/snapshot/panlex-20191001-csv/2904#111023190>		"linggwistika"@tl	
"زبان شناسی"@prs	<https://panlex.org/snapshot/panlex-20191001-csv/2904#111023245>				<https://panlex.org/snapshot/panlex-20191001-csv/2904#111023140>		"palawikaan"@tl	
"فزیک"@prs	<https://panlex.org/snapshot/panlex-20191001-csv/2904#111024137>				<https://panlex.org/snapshot/panlex-20191001-csv/2904#111024029>		"pisika"@tl	
"معماری"@prs	<https://panlex.org/snapshot/panlex-20191001-csv/2904#111021731>				<https://panlex.org/snapshot/panlex-20191001-csv/2904#111021787>		"arkitektura"@tl	
"تاریخ"@prs	<https://panlex.org/snapshot/panlex-20191001-csv/2904#111022932>				<https://panlex.org/snapshot/panlex-20191001-csv/2904#111023010>		"kasaysayan"@tl	
"کیمیا"@prs	<https://panlex.org/snapshot/panlex-20191001-csv/2904#111022375>				<https://panlex.org/snapshot/panlex-20191001-csv/2904#111022478>		"kimika"@tl	
"کیمیا"@prs	<https://panlex.org/snapshot/panlex-20191001-csv/2904#111022375>				<https://panlex.org/snapshot/panlex-20191001-csv/2904#111022558>		"kemistri"@tl	
"بیولوژی"@prs	<https://panlex.org/snapshot/panlex-20191001-csv/2904#111022205>				<https://panlex.org/snapshot/panlex-20191001-csv/2904#111022237>		"biyolohiya"@tl	
"ریاضیات"@prs	<https://panlex.org/snapshot/panlex-20191001-csv/2904#111023475>				<https://panlex.org/snapshot/panlex-20191001-csv/2904#111023322>		"matematika"@tl	
"ریاضیات"@prs	<https://panlex.org/snapshot/panlex-20191001-csv/2904#111023475>				<https://panlex.org/snapshot/panlex-20191001-csv/2904#111023453>		"sipnayan"@tl	
"فلسفه"@prs	<https://panlex.org/snapshot/panlex-20191001-csv/2904#111023943>				<https://panlex.org/snapshot/panlex-20191001-csv/2904#111023937>		"pilosopiya"@tl	
"مهندسی"@prs	<https://panlex.org/snapshot/panlex-20191001-csv/2904#111021869>				<https://panlex.org/snapshot/panlex-20191001-csv/2904#111021787>		"arkitektura"@tl	
"ساینس"@prs	<https://panlex.org/snapshot/panlex-20191001-csv/2904#111024218>				<https://panlex.org/snapshot/panlex-20191001-csv/2904#111024195>		"agham"@tl	
"ساینس"@prs	<https://panlex.org/snapshot/panlex-20191001-csv/2904#111024218>				<https://panlex.org/snapshot/panlex-20191001-csv/2904#111024243>		"syensya"@tl	
"جغرافیه"@prs	<https://panlex.org/snapshot/panlex-20191001-csv/2904#111022784>				<https://panlex.org/snapshot/panlex-20191001-csv/2904#111022635>		"heograpiya"@tl	
"علم"@prs	<https://panlex.org/snapshot/panlex-20191001-csv/2904#111024273>				<https://panlex.org/snapshot/panlex-20191001-csv/2904#111024195>		"agham"@tl	
"علم"@prs	<https://panlex.org/snapshot/panlex-20191001-csv/2904#111024273>				<https://panlex.org/snapshot/panlex-20191001-csv/2904#111024243>		"syensya"@tl	
"طبابت"@prs	<https://panlex.org/snapshot/panlex-20191001-csv/2904#111023647>				<https://panlex.org/snapshot/panlex-20191001-csv/2904#111023658>		"medisina"@tl	
"طبابت"@prs	<https://panlex.org/snapshot/panlex-20191001-csv/2904#111023647>				<https://panlex.org/snapshot/panlex-20191001-csv/2904#111023580>		"panggagamot"@tl	
"صلح"@prs	<https://panlex.org/snapshot/panlex-20191001-csv/2902#111012099>				<https://panlex.org/snapshot/panlex-20191001-csv/2902#111012104>		"kapayapaan"@tl	
"کائنات"@prs	<https://panlex.org/snapshot/panlex-20191001-csv/2907#110849135>				<https://panlex.org/snapshot/panlex-20191001-csv/2907#110848931>		"Sanlibutan"@tl	
"عراق"@prs	<https://panlex.org/snapshot/panlex-20191001-csv/8#115109>				<https://panlex.org/snapshot/panlex-20191001-csv/8#115124>		"Irák"@tl	
"تگالوگ"@prs	<https://panlex.org/snapshot/panlex-20191001-csv/5#25204>				<https://panlex.org/snapshot/panlex-20191001-csv/5#25218>		"Tagalog"@tl	
"عبرانی"@prs	<https://panlex.org/snapshot/panlex-20191001-csv/5#24390>				<https://panlex.org/snapshot/panlex-20191001-csv/5#24406>		"Hebreo"@tl	
"سندهی"@prs	<https://panlex.org/snapshot/panlex-20191001-csv/5#27443>				<https://panlex.org/snapshot/panlex-20191001-csv/5#27460>		"Sindhi"@tl	
"سومالی"@prs	<https://panlex.org/snapshot/panlex-20191001-csv/5#25703>				<https://panlex.org/snapshot/panlex-20191001-csv/5#25720>		"Somali"@tl	
"پولندی"@prs	<https://panlex.org/snapshot/panlex-20191001-csv/5#20494>				<https://panlex.org/snapshot/panlex-20191001-csv/5#20512>		"Polish"@tl	
"کرگیز"@prs	<https://panlex.org/snapshot/panlex-20191001-csv/5#25607>				<https://panlex.org/snapshot/panlex-20191001-csv/5#25622>		"Kergis"@tl	
"استونیایی"@prs	<https://panlex.org/snapshot/panlex-20191001-csv/5#26636>				<https://panlex.org/snapshot/panlex-20191001-csv/5#26651>		"Estonian"@tl	
"فاروئی"@prs	<https://panlex.org/snapshot/panlex-20191001-csv/5#20391>				<https://panlex.org/snapshot/panlex-20191001-csv/5#20407>		"Faroeso"@tl	
"نارویئی"@prs	<https://panlex.org/snapshot/panlex-20191001-csv/5#21244>				<https://panlex.org/snapshot/panlex-20191001-csv/5#21261>		"Norwegian"@tl	
"مراتهی"@prs	<https://panlex.org/snapshot/panlex-20191001-csv/5#25803>				<https://panlex.org/snapshot/panlex-20191001-csv/5#25819>		"Marathi"@tl	
"هالندی"@prs	<https://panlex.org/snapshot/panlex-20191001-csv/5#24284>				<https://panlex.org/snapshot/panlex-20191001-csv/5#24300>		"Dutch"@tl	
"لاطینی"@prs	<https://panlex.org/snapshot/panlex-20191001-csv/5#21137>				<https://panlex.org/snapshot/panlex-20191001-csv/5#21154>		"Latino"@tl	
"کناده"@prs	<https://panlex.org/snapshot/panlex-20191001-csv/5#24587>				<https://panlex.org/snapshot/panlex-20191001-csv/5#24601>		"Kannada"@tl	
"گورجستانی"@prs	<https://panlex.org/snapshot/panlex-20191001-csv/5#28358>				<https://panlex.org/snapshot/panlex-20191001-csv/5#28374>		"Georgian"@tl	
"پورتگالی"@prs	<https://panlex.org/snapshot/panlex-20191001-csv/5#23056>				<https://panlex.org/snapshot/panlex-20191001-csv/5#23073>		"Portuges"@tl	
"انگلیسی"@prs	<https://panlex.org/snapshot/panlex-20191001-csv/5#28668>				<https://panlex.org/snapshot/panlex-20191001-csv/5#28684>		"Ingles"@tl	
"ارمنیایی"@prs	<https://panlex.org/snapshot/panlex-20191001-csv/5#28769>				<https://panlex.org/snapshot/panlex-20191001-csv/5#28784>		"Armenyo"@tl	
"اندونیزیایی"@prs	<https://panlex.org/snapshot/panlex-20191001-csv/5#21551>				<https://panlex.org/snapshot/panlex-20191001-csv/5#21567>		"Indones"@tl	
"فریزی"@prs	<https://panlex.org/snapshot/panlex-20191001-csv/5#24789>				<https://panlex.org/snapshot/panlex-20191001-csv/5#24802>		"Prisian"@tl	
"هندی"@prs	<https://panlex.org/snapshot/panlex-20191001-csv/5#20290>				<https://panlex.org/snapshot/panlex-20191001-csv/5#20308>		"Hindi"@tl	
"ایسلندی"@prs	<https://panlex.org/snapshot/panlex-20191001-csv/5#23265>				<https://panlex.org/snapshot/panlex-20191001-csv/5#23281>		"Icelandic"@tl	
"یونانی"@prs	<https://panlex.org/snapshot/panlex-20191001-csv/5#26434>				<https://panlex.org/snapshot/panlex-20191001-csv/5#26450>		"Griyego"@tl	
"اردو"@prs	<https://panlex.org/snapshot/panlex-20191001-csv/5#26109>				<https://panlex.org/snapshot/panlex-20191001-csv/5#26125>		"Urdu"@tl	
"کوریایی"@prs	<https://panlex.org/snapshot/panlex-20191001-csv/5#28055>				<https://panlex.org/snapshot/panlex-20191001-csv/5#28071>		"Koreano"@tl	
"لاتویانی"@prs	<https://panlex.org/snapshot/panlex-20191001-csv/5#23977>				<https://panlex.org/snapshot/panlex-20191001-csv/5#23993>		"Latvian"@tl	
"فارسی"@prs	<https://panlex.org/snapshot/panlex-20191001-csv/5#23776>				<https://panlex.org/snapshot/panlex-20191001-csv/5#23791>		"Persiyano"@tl	
"استونی"@prs	<https://panlex.org/snapshot/panlex-20191001-csv/5#26635>				<https://panlex.org/snapshot/panlex-20191001-csv/5#26651>		"Estonian"@tl	
"اسپرانتو"@prs	<https://panlex.org/snapshot/panlex-20191001-csv/5#20824>				<https://panlex.org/snapshot/panlex-20191001-csv/5#20839>		"Esperanto"@tl	
"جرمنی"@prs	<https://panlex.org/snapshot/panlex-20191001-csv/5#20711>				<https://panlex.org/snapshot/panlex-20191001-csv/5#20733>		"Aleman"@tl	
"چکی"@prs	<https://panlex.org/snapshot/panlex-20191001-csv/5#22752>				<https://panlex.org/snapshot/panlex-20191001-csv/5#22766>		"Czech"@tl	
"سلواک"@prs	<https://panlex.org/snapshot/panlex-20191001-csv/5#25304>				<https://panlex.org/snapshot/panlex-20191001-csv/5#25320>		"Eslobak"@tl	
"مالتایی"@prs	<https://panlex.org/snapshot/panlex-20191001-csv/5#24996>				<https://panlex.org/snapshot/panlex-20191001-csv/5#25012>		"Maltese"@tl	
"بلغاریایی"@prs	<https://panlex.org/snapshot/panlex-20191001-csv/5#21447>				<https://panlex.org/snapshot/panlex-20191001-csv/5#21463>		"Bulgaro"@tl	
"قرغز"@prs	<https://panlex.org/snapshot/panlex-20191001-csv/5#25606>				<https://panlex.org/snapshot/panlex-20191001-csv/5#25622>		"Kergis"@tl	
"آذربایجانی"@prs	<https://panlex.org/snapshot/panlex-20191001-csv/5#22551>				<https://panlex.org/snapshot/panlex-20191001-csv/5#22570>		"Azerbaijani"@tl	
"بیلاروسی"@prs	<https://panlex.org/snapshot/panlex-20191001-csv/5#25904>				<https://panlex.org/snapshot/panlex-20191001-csv/5#25921>		"Belarusyan"@tl	
"تیلیگو"@prs	<https://panlex.org/snapshot/panlex-20191001-csv/5#28460>				<https://panlex.org/snapshot/panlex-20191001-csv/5#28477>		"Telugu"@tl	
"پرتگالی"@prs	<https://panlex.org/snapshot/panlex-20191001-csv/5#23055>				<https://panlex.org/snapshot/panlex-20191001-csv/5#23073>		"Portuges"@tl	
"نارویی"@prs	<https://panlex.org/snapshot/panlex-20191001-csv/5#21243>				<https://panlex.org/snapshot/panlex-20191001-csv/5#21261>		"Norwegian"@tl	
"مجارستانی"@prs	<https://panlex.org/snapshot/panlex-20191001-csv/5#25098>				<https://panlex.org/snapshot/panlex-20191001-csv/5#25118>		"Hungarian"@tl	
"مالایی"@prs	<https://panlex.org/snapshot/panlex-20191001-csv/5#21949>				<https://panlex.org/snapshot/panlex-20191001-csv/5#21966>		"Malayo"@tl	
"فنلاندی"@prs	<https://panlex.org/snapshot/panlex-20191001-csv/5#25405>				<https://panlex.org/snapshot/panlex-20191001-csv/5#25422>		"Finnish"@tl	
"عربی"@prs	<https://panlex.org/snapshot/panlex-20191001-csv/5#20086>				<https://panlex.org/snapshot/panlex-20191001-csv/5#20104>		"Arabo"@tl	
"تامل"@prs	<https://panlex.org/snapshot/panlex-20191001-csv/5#28159>				<https://panlex.org/snapshot/panlex-20191001-csv/5#28175>		"Tamil"@tl	
"جورجیایی"@prs	<https://panlex.org/snapshot/panlex-20191001-csv/5#28356>				<https://panlex.org/snapshot/panlex-20191001-csv/5#28374>		"Georgian"@tl	
"ارمنی"@prs	<https://panlex.org/snapshot/panlex-20191001-csv/5#28768>				<https://panlex.org/snapshot/panlex-20191001-csv/5#28784>		"Armenyo"@tl	
"ویلشی"@prs	<https://panlex.org/snapshot/panlex-20191001-csv/5#23363>				<https://panlex.org/snapshot/panlex-20191001-csv/5#23377>		"Welsh"@tl	
"کردی"@prs	<https://panlex.org/snapshot/panlex-20191001-csv/5#21649>				<https://panlex.org/snapshot/panlex-20191001-csv/5#21665>		"Kurdish"@tl	
"جاوایی"@prs	<https://panlex.org/snapshot/panlex-20191001-csv/5#27148>				<https://panlex.org/snapshot/panlex-20191001-csv/5#27163>		"Javanese"@tl	
"تیگرینی"@prs	<https://panlex.org/snapshot/panlex-20191001-csv/5#22851>				<https://panlex.org/snapshot/panlex-20191001-csv/5#22865>		"Tigrinya"@tl	
"کروویشیایی"@prs	<https://panlex.org/snapshot/panlex-20191001-csv/5#22950>				<https://panlex.org/snapshot/panlex-20191001-csv/5#22966>		"Croatian"@tl	
"فریزیایی"@prs	<https://panlex.org/snapshot/panlex-20191001-csv/5#24790>				<https://panlex.org/snapshot/panlex-20191001-csv/5#24802>		"Prisian"@tl	
"پنجابی"@prs	<https://panlex.org/snapshot/panlex-20191001-csv/5#26010>				<https://panlex.org/snapshot/panlex-20191001-csv/5#26024>		"Punjabi"@tl	
"سلواکی"@prs	<https://panlex.org/snapshot/panlex-20191001-csv/5#25305>				<https://panlex.org/snapshot/panlex-20191001-csv/5#25320>		"Eslobak"@tl	
"دنمارکی"@prs	<https://panlex.org/snapshot/panlex-20191001-csv/5#20931>				<https://panlex.org/snapshot/panlex-20191001-csv/5#20947>		"Danish"@tl	
"گروزینی"@prs	<https://panlex.org/snapshot/panlex-20191001-csv/5#28357>				<https://panlex.org/snapshot/panlex-20191001-csv/5#28374>		"Georgian"@tl	
"لتوانیایی"@prs	<https://panlex.org/snapshot/panlex-20191001-csv/5#27350>				<https://panlex.org/snapshot/panlex-20191001-csv/5#27365>		"Lithuanian"@tl	
"منگولیایی"@prs	<https://panlex.org/snapshot/panlex-20191001-csv/5#22653>				<https://panlex.org/snapshot/panlex-20191001-csv/5#22668>		"Mongolian"@tl	
"بنگالی"@prs	<https://panlex.org/snapshot/panlex-20191001-csv/5#26943>				<https://panlex.org/snapshot/panlex-20191001-csv/5#26963>		"Bengali"@tl	
"بنگالی"@prs	<https://panlex.org/snapshot/panlex-20191001-csv/5#26943>				<https://panlex.org/snapshot/panlex-20191001-csv/5#26962>		"Bangla"@tl	
"سلوانی"@prs	<https://panlex.org/snapshot/panlex-20191001-csv/5#24687>				<https://panlex.org/snapshot/panlex-20191001-csv/5#24703>		"Eslobenyan"@tl	
"چیک"@prs	<https://panlex.org/snapshot/panlex-20191001-csv/5#22751>				<https://panlex.org/snapshot/panlex-20191001-csv/5#22766>		"Czech"@tl	
"سواهیلی"@prs	<https://panlex.org/snapshot/panlex-20191001-csv/5#21855>				<https://panlex.org/snapshot/panlex-20191001-csv/5#21868>		"Swahili"@tl	
"ویتنامی"@prs	<https://panlex.org/snapshot/panlex-20191001-csv/5#26837>				<https://panlex.org/snapshot/panlex-20191001-csv/5#26853>		"Vietnames"@tl	
"انگلیس"@prs	<https://panlex.org/snapshot/panlex-20191001-csv/5#28667>				<https://panlex.org/snapshot/panlex-20191001-csv/5#28684>		"Ingles"@tl	
"فنلندی"@prs	<https://panlex.org/snapshot/panlex-20191001-csv/5#25406>				<https://panlex.org/snapshot/panlex-20191001-csv/5#25422>		"Finnish"@tl	
"فرانسیسی"@prs	<https://panlex.org/snapshot/panlex-20191001-csv/5#27850>				<https://panlex.org/snapshot/panlex-20191001-csv/5#27870>		"Pranses"@tl	
"افریکانی"@prs	<https://panlex.org/snapshot/panlex-20191001-csv/5#20602>				<https://panlex.org/snapshot/panlex-20191001-csv/5#20617>		"Afrikaans"@tl	
"ایتالیایی"@prs	<https://panlex.org/snapshot/panlex-20191001-csv/5#23668>				<https://panlex.org/snapshot/panlex-20191001-csv/5#23687>		"Italyano"@tl	
"اویگور"@prs	<https://panlex.org/snapshot/panlex-20191001-csv/5#28260>				<https://panlex.org/snapshot/panlex-20191001-csv/5#28273>		"Uighur"@tl	
"اویگور"@prs	<https://panlex.org/snapshot/panlex-20191001-csv/5#28260>				<https://panlex.org/snapshot/panlex-20191001-csv/5#28274>		"Uyghur"@tl	
"مقدونی"@prs	<https://panlex.org/snapshot/panlex-20191001-csv/5#23877>				<https://panlex.org/snapshot/panlex-20191001-csv/5#23893>		"Macedonian"@tl	
"قزاق"@prs	<https://panlex.org/snapshot/panlex-20191001-csv/5#26535>				<https://panlex.org/snapshot/panlex-20191001-csv/5#26551>		"Kasah"@tl	
"قزاق"@prs	<https://panlex.org/snapshot/panlex-20191001-csv/5#26535>				<https://panlex.org/snapshot/panlex-20191001-csv/5#26552>		"Kasak"@tl	
"گلیشیایی"@prs	<https://panlex.org/snapshot/panlex-20191001-csv/5#22449>				<https://panlex.org/snapshot/panlex-20191001-csv/5#22463>		"Gallegan"@tl	
"باسکی"@prs	<https://panlex.org/snapshot/panlex-20191001-csv/5#25508>				<https://panlex.org/snapshot/panlex-20191001-csv/5#25524>		"Basque"@tl	
"هسپانوی"@prs	<https://panlex.org/snapshot/panlex-20191001-csv/5#26326>				<https://panlex.org/snapshot/panlex-20191001-csv/5#26343>		"Espanyol"@tl	
"سینهالی"@prs	<https://panlex.org/snapshot/panlex-20191001-csv/5#24181>				<https://panlex.org/snapshot/panlex-20191001-csv/5#24196>		"Sinhalese"@tl	
"بوسنی"@prs	<https://panlex.org/snapshot/panlex-20191001-csv/5#23563>				<https://panlex.org/snapshot/panlex-20191001-csv/5#23579>		"Bosnian"@tl	
"ایرلندی"@prs	<https://panlex.org/snapshot/panlex-20191001-csv/5#26219>				<https://panlex.org/snapshot/panlex-20191001-csv/5#26237>		"Irish"@tl	
"المانی"@prs	<https://panlex.org/snapshot/panlex-20191001-csv/5#20709>				<https://panlex.org/snapshot/panlex-20191001-csv/5#20733>		"Aleman"@tl	
"ازبکی"@prs	<https://panlex.org/snapshot/panlex-20191001-csv/5#22350>				<https://panlex.org/snapshot/panlex-20191001-csv/5#22366>		"Uzbeko"@tl	
"تاجکی"@prs	<https://panlex.org/snapshot/panlex-20191001-csv/5#23466>				<https://panlex.org/snapshot/panlex-20191001-csv/5#23483>		"Tadyiko"@tl	
"چینی"@prs	<https://panlex.org/snapshot/panlex-20191001-csv/5#24891>				<https://panlex.org/snapshot/panlex-20191001-csv/5#24910>		"Intsik"@tl	
"کروشیایی"@prs	<https://panlex.org/snapshot/panlex-20191001-csv/5#22949>				<https://panlex.org/snapshot/panlex-20191001-csv/5#22966>		"Croatian"@tl	
"سومالیایی"@prs	<https://panlex.org/snapshot/panlex-20191001-csv/5#25704>				<https://panlex.org/snapshot/panlex-20191001-csv/5#25720>		"Somali"@tl	
"لتویایی"@prs	<https://panlex.org/snapshot/panlex-20191001-csv/5#23978>				<https://panlex.org/snapshot/panlex-20191001-csv/5#23993>		"Latvian"@tl	
"رومانیایی"@prs	<https://panlex.org/snapshot/panlex-20191001-csv/5#27248>				<https://panlex.org/snapshot/panlex-20191001-csv/5#27264>		"Romanian"@tl	
"ترکی"@prs	<https://panlex.org/snapshot/panlex-20191001-csv/5#26735>				<https://panlex.org/snapshot/panlex-20191001-csv/5#26753>		"Turko"@tl	
"روسی"@prs	<https://panlex.org/snapshot/panlex-20191001-csv/5#23161>				<https://panlex.org/snapshot/panlex-20191001-csv/5#23179>		"Ruso"@tl	
"بلغاری"@prs	<https://panlex.org/snapshot/panlex-20191001-csv/5#21446>				<https://panlex.org/snapshot/panlex-20191001-csv/5#21463>		"Bulgaro"@tl	
"البانیایی"@prs	<https://panlex.org/snapshot/panlex-20191001-csv/5#21754>				<https://panlex.org/snapshot/panlex-20191001-csv/5#21769>		"Albano"@tl	
"چینایی"@prs	<https://panlex.org/snapshot/panlex-20191001-csv/5#24892>				<https://panlex.org/snapshot/panlex-20191001-csv/5#24910>		"Intsik"@tl	
"سلووانیایی"@prs	<https://panlex.org/snapshot/panlex-20191001-csv/5#24688>				<https://panlex.org/snapshot/panlex-20191001-csv/5#24703>		"Eslobenyan"@tl	
"هسپانیایی"@prs	<https://panlex.org/snapshot/panlex-20191001-csv/5#26325>				<https://panlex.org/snapshot/panlex-20191001-csv/5#26343>		"Espanyol"@tl	
"هنگری"@prs	<https://panlex.org/snapshot/panlex-20191001-csv/5#25099>				<https://panlex.org/snapshot/panlex-20191001-csv/5#25118>		"Hungarian"@tl	
"سویدنی"@prs	<https://panlex.org/snapshot/panlex-20191001-csv/5#27047>				<https://panlex.org/snapshot/panlex-20191001-csv/5#27063>		"Suweko"@tl	
"کتلانی"@prs	<https://panlex.org/snapshot/panlex-20191001-csv/5#27543>				<https://panlex.org/snapshot/panlex-20191001-csv/5#27558>		"Catalan"@tl	
"اتالوی"@prs	<https://panlex.org/snapshot/panlex-20191001-csv/5#23669>				<https://panlex.org/snapshot/panlex-20191001-csv/5#23687>		"Italyano"@tl	
"جرمن"@prs	<https://panlex.org/snapshot/panlex-20191001-csv/5#20710>				<https://panlex.org/snapshot/panlex-20191001-csv/5#20733>		"Aleman"@tl	
"تایلندی"@prs	<https://panlex.org/snapshot/panlex-20191001-csv/5#24080>				<https://panlex.org/snapshot/panlex-20191001-csv/5#24096>		"Thai"@tl	
"فرانسوی"@prs	<https://panlex.org/snapshot/panlex-20191001-csv/5#27851>				<https://panlex.org/snapshot/panlex-20191001-csv/5#27870>		"Pranses"@tl	
"نیپالی"@prs	<https://panlex.org/snapshot/panlex-20191001-csv/5#27646>				<https://panlex.org/snapshot/panlex-20191001-csv/5#27661>		"Nepali"@tl	
"بوسنیایی"@prs	<https://panlex.org/snapshot/panlex-20191001-csv/5#23564>				<https://panlex.org/snapshot/panlex-20191001-csv/5#23579>		"Bosnian"@tl	
"مالایالم"@prs	<https://panlex.org/snapshot/panlex-20191001-csv/5#27746>				<https://panlex.org/snapshot/panlex-20191001-csv/5#27761>		"Malayalam"@tl	
"آیسلندی"@prs	<https://panlex.org/snapshot/panlex-20191001-csv/5#23264>				<https://panlex.org/snapshot/panlex-20191001-csv/5#23281>		"Icelandic"@tl	
"اذربایجانی"@prs	<https://panlex.org/snapshot/panlex-20191001-csv/5#22552>				<https://panlex.org/snapshot/panlex-20191001-csv/5#22570>		"Azerbaijani"@tl	
"ترکمن"@prs	<https://panlex.org/snapshot/panlex-20191001-csv/5#28559>				<https://panlex.org/snapshot/panlex-20191001-csv/5#28574>		"Turkmen"@tl	
"ازبک"@prs	<https://panlex.org/snapshot/panlex-20191001-csv/5#22349>				<https://panlex.org/snapshot/panlex-20191001-csv/5#22366>		"Uzbeko"@tl	
"اوکراینی"@prs	<https://panlex.org/snapshot/panlex-20191001-csv/5#20187>				<https://panlex.org/snapshot/panlex-20191001-csv/5#20203>		"Ukranian"@tl	
"البانی"@prs	<https://panlex.org/snapshot/panlex-20191001-csv/5#21753>				<https://panlex.org/snapshot/panlex-20191001-csv/5#21769>		"Albano"@tl	
"یدیش"@prs	<https://panlex.org/snapshot/panlex-20191001-csv/5#22250>				<https://panlex.org/snapshot/panlex-20191001-csv/5#22266>		"Yiddish"@tl	
"بریتون"@prs	<https://panlex.org/snapshot/panlex-20191001-csv/5#22053>				<https://panlex.org/snapshot/panlex-20191001-csv/5#22069>		"Breton"@tl	
"جاپانی"@prs	<https://panlex.org/snapshot/panlex-20191001-csv/5#21033>				<https://panlex.org/snapshot/panlex-20191001-csv/5#21049>		"Hapon"@tl	
"رومانی"@prs	<https://panlex.org/snapshot/panlex-20191001-csv/5#27247>				<https://panlex.org/snapshot/panlex-20191001-csv/5#27264>		"Romanian"@tl	
"لاتینی"@prs	<https://panlex.org/snapshot/panlex-20191001-csv/5#21136>				<https://panlex.org/snapshot/panlex-20191001-csv/5#21154>		"Latino"@tl	
"لیتوانی"@prs	<https://panlex.org/snapshot/panlex-20191001-csv/5#27349>				<https://panlex.org/snapshot/panlex-20191001-csv/5#27365>		"Lithuanian"@tl	
"سربیایی"@prs	<https://panlex.org/snapshot/panlex-20191001-csv/5#21346>				<https://panlex.org/snapshot/panlex-20191001-csv/5#21361>		"Serbyo"@tl	
"جست"@prs	<https://panlex.org/snapshot/panlex-20191001-csv/2893#110993540>				<https://panlex.org/snapshot/panlex-20191001-csv/2893#110993454>		"sink"@tl	
"هایدروجن"@prs	<https://panlex.org/snapshot/panlex-20191001-csv/2893#110989381>				<https://panlex.org/snapshot/panlex-20191001-csv/2893#110989333>		"hidroheno"@tl	
"هایدروجن"@prs	<https://panlex.org/snapshot/panlex-20191001-csv/2893#110989381>				<https://panlex.org/snapshot/panlex-20191001-csv/2893#110989420>		"idroheno"@tl	
"سلفر"@prs	<https://panlex.org/snapshot/panlex-20191001-csv/2893#110991965>				<https://panlex.org/snapshot/panlex-20191001-csv/2893#110991856>		"asupre"@tl	
"سلفر"@prs	<https://panlex.org/snapshot/panlex-20191001-csv/2893#110991965>				<https://panlex.org/snapshot/panlex-20191001-csv/2893#110991873>		"sulpura"@tl	
"فاسفورس"@prs	<https://panlex.org/snapshot/panlex-20191001-csv/2893#110991633>				<https://panlex.org/snapshot/panlex-20191001-csv/2893#110991655>		"posporo"@tl	
"کاربن"@prs	<https://panlex.org/snapshot/panlex-20191001-csv/2893#110989987>				<https://panlex.org/snapshot/panlex-20191001-csv/2893#110990019>		"karbon"@tl	
"کاربن"@prs	<https://panlex.org/snapshot/panlex-20191001-csv/2893#110989987>				<https://panlex.org/snapshot/panlex-20191001-csv/2893#110990028>		"karbono"@tl	
"جدول دوره‌یی"@prs	<https://panlex.org/snapshot/panlex-20191001-csv/2893#110989158>				<https://panlex.org/snapshot/panlex-20191001-csv/2893#110989230>		"talaang peryodiko"@tl	
"سرب"@prs	<https://panlex.org/snapshot/panlex-20191001-csv/2893#110995672>				<https://panlex.org/snapshot/panlex-20191001-csv/2893#110995565>		"tingga"@tl	
"سرب"@prs	<https://panlex.org/snapshot/panlex-20191001-csv/2893#110995672>				<https://panlex.org/snapshot/panlex-20191001-csv/2893#110995612>		"led"@tl	
"تنگستن"@prs	<https://panlex.org/snapshot/panlex-20191001-csv/2893#110994836>				<https://panlex.org/snapshot/panlex-20191001-csv/2893#110994942>		"tungsten"@tl	
"بورون"@prs	<https://panlex.org/snapshot/panlex-20191001-csv/2893#110989848>				<https://panlex.org/snapshot/panlex-20191001-csv/2893#110989724>		"boron"@tl	
"فلورین"@prs	<https://panlex.org/snapshot/panlex-20191001-csv/2893#110990665>				<https://panlex.org/snapshot/panlex-20191001-csv/2893#110990515>		"plurina"@tl	
"فلورین"@prs	<https://panlex.org/snapshot/panlex-20191001-csv/2893#110990665>				<https://panlex.org/snapshot/panlex-20191001-csv/2893#110990506>		"pluor"@tl	
"سلیکان"@prs	<https://panlex.org/snapshot/panlex-20191001-csv/2893#110991623>				<https://panlex.org/snapshot/panlex-20191001-csv/2893#110991559>		"silikon"@tl	
"نیکل"@prs	<https://panlex.org/snapshot/panlex-20191001-csv/2893#110993162>				<https://panlex.org/snapshot/panlex-20191001-csv/2893#110993158>		"nikel"@tl	
"نایتروجن"@prs	<https://panlex.org/snapshot/panlex-20191001-csv/2893#110990174>				<https://panlex.org/snapshot/panlex-20191001-csv/2893#110990094>		"nitroheno"@tl	
"سیماب"@prs	<https://panlex.org/snapshot/panlex-20191001-csv/2893#110995462>				<https://panlex.org/snapshot/panlex-20191001-csv/2893#110995469>		"asoge"@tl	
"سیماب"@prs	<https://panlex.org/snapshot/panlex-20191001-csv/2893#110995462>				<https://panlex.org/snapshot/panlex-20191001-csv/2893#110995509>		"merkuryo"@tl	
"گوگرد"@prs	<https://panlex.org/snapshot/panlex-20191001-csv/2893#110991892>				<https://panlex.org/snapshot/panlex-20191001-csv/2893#110991856>		"asupre"@tl	
"گوگرد"@prs	<https://panlex.org/snapshot/panlex-20191001-csv/2893#110991892>				<https://panlex.org/snapshot/panlex-20191001-csv/2893#110991873>		"sulpura"@tl	
"هیلیم"@prs	<https://panlex.org/snapshot/panlex-20191001-csv/2893#110989641>				<https://panlex.org/snapshot/panlex-20191001-csv/2893#110989494>		"helyum"@tl	
"هیلیم"@prs	<https://panlex.org/snapshot/panlex-20191001-csv/2893#110989641>				<https://panlex.org/snapshot/panlex-20191001-csv/2893#110989568>		"helyo"@tl	
"برومین"@prs	<https://panlex.org/snapshot/panlex-20191001-csv/2893#110993940>				<https://panlex.org/snapshot/panlex-20191001-csv/2893#110993804>		"bromo"@tl	
"برومین"@prs	<https://panlex.org/snapshot/panlex-20191001-csv/2893#110993940>				<https://panlex.org/snapshot/panlex-20191001-csv/2893#110993814>		"bromina"@tl	
"مس"@prs	<https://panlex.org/snapshot/panlex-20191001-csv/2893#110993254>				<https://panlex.org/snapshot/panlex-20191001-csv/2893#110993243>		"tumbaga"@tl	
"مس"@prs	<https://panlex.org/snapshot/panlex-20191001-csv/2893#110993254>				<https://panlex.org/snapshot/panlex-20191001-csv/2893#110993272>		"kobre"@tl	
"مس"@prs	<https://panlex.org/snapshot/panlex-20191001-csv/2893#110993254>				<https://panlex.org/snapshot/panlex-20191001-csv/2893#110993309>		"tanso"@tl	
"مگنیزیم"@prs	<https://panlex.org/snapshot/panlex-20191001-csv/2893#110991112>				<https://panlex.org/snapshot/panlex-20191001-csv/2893#110991120>		"magnesyum"@tl	
"مگنیزیم"@prs	<https://panlex.org/snapshot/panlex-20191001-csv/2893#110991112>				<https://panlex.org/snapshot/panlex-20191001-csv/2893#110991092>		"magnesyo"@tl	
"قلعی"@prs	<https://panlex.org/snapshot/panlex-20191001-csv/2893#110994312>				<https://panlex.org/snapshot/panlex-20191001-csv/2893#110994209>		"lata"@tl	
"قلعی"@prs	<https://panlex.org/snapshot/panlex-20191001-csv/2893#110994312>				<https://panlex.org/snapshot/panlex-20191001-csv/2893#110994359>		"tin"@tl	
"آیودین"@prs	<https://panlex.org/snapshot/panlex-20191001-csv/2893#110994652>				<https://panlex.org/snapshot/panlex-20191001-csv/2893#110994687>		"yodo"@tl	
"الومینیم"@prs	<https://panlex.org/snapshot/panlex-20191001-csv/2893#110991314>				<https://panlex.org/snapshot/panlex-20191001-csv/2893#110991430>		"aluminum"@tl	
"الومینیم"@prs	<https://panlex.org/snapshot/panlex-20191001-csv/2893#110991314>				<https://panlex.org/snapshot/panlex-20191001-csv/2893#110991255>		"aluminyo"@tl	
"کلسیم"@prs	<https://panlex.org/snapshot/panlex-20191001-csv/2893#110992462>				<https://panlex.org/snapshot/panlex-20191001-csv/2893#110992449>		"kalsyo"@tl	
"کلسیم"@prs	<https://panlex.org/snapshot/panlex-20191001-csv/2893#110992462>				<https://panlex.org/snapshot/panlex-20191001-csv/2893#110992422>		"kalsyum"@tl	
"طلا"@prs	<https://panlex.org/snapshot/panlex-20191001-csv/2893#110995222>				<https://panlex.org/snapshot/panlex-20191001-csv/2893#110995241>		"ginto"@tl	
"کلورین"@prs	<https://panlex.org/snapshot/panlex-20191001-csv/2893#110992061>				<https://panlex.org/snapshot/panlex-20191001-csv/2893#110992103>		"kloro"@tl	
"کلورین"@prs	<https://panlex.org/snapshot/panlex-20191001-csv/2893#110992061>				<https://panlex.org/snapshot/panlex-20191001-csv/2893#110992050>		"klorina"@tl	
"پلاتین"@prs	<https://panlex.org/snapshot/panlex-20191001-csv/2893#110995125>				<https://panlex.org/snapshot/panlex-20191001-csv/2893#110995079>		"platino"@tl	
"پلاتین"@prs	<https://panlex.org/snapshot/panlex-20191001-csv/2893#110995125>				<https://panlex.org/snapshot/panlex-20191001-csv/2893#110995006>		"platinum"@tl	
"نقره"@prs	<https://panlex.org/snapshot/panlex-20191001-csv/2893#110994026>				<https://panlex.org/snapshot/panlex-20191001-csv/2893#110994091>		"pilak"@tl	
"نقره"@prs	<https://panlex.org/snapshot/panlex-20191001-csv/2893#110994026>				<https://panlex.org/snapshot/panlex-20191001-csv/2893#110993993>		"plata"@tl	
"یورانیم"@prs	<https://panlex.org/snapshot/panlex-20191001-csv/2893#110995793>				<https://panlex.org/snapshot/panlex-20191001-csv/2893#110995799>		"uranyo"@tl	
"یورانیم"@prs	<https://panlex.org/snapshot/panlex-20191001-csv/2893#110995793>				<https://panlex.org/snapshot/panlex-20191001-csv/2893#110995843>		"uranyum"@tl	
"آهن"@prs	<https://panlex.org/snapshot/panlex-20191001-csv/2893#110992716>				<https://panlex.org/snapshot/panlex-20191001-csv/2893#110992759>		"bakal"@tl	
"آهن"@prs	<https://panlex.org/snapshot/panlex-20191001-csv/2893#110992716>				<https://panlex.org/snapshot/panlex-20191001-csv/2893#110992727>		"uwit"@tl	
"آهن"@prs	<https://panlex.org/snapshot/panlex-20191001-csv/2893#110992716>				<https://panlex.org/snapshot/panlex-20191001-csv/2893#110992601>		"yero"@tl	
"نیون"@prs	<https://panlex.org/snapshot/panlex-20191001-csv/2893#110990806>				<https://panlex.org/snapshot/panlex-20191001-csv/2893#110990731>		"neon"@tl	
"سودیم"@prs	<https://panlex.org/snapshot/panlex-20191001-csv/2893#110990996>				<https://panlex.org/snapshot/panlex-20191001-csv/2893#110990935>		"sodyo"@tl	
"سودیم"@prs	<https://panlex.org/snapshot/panlex-20191001-csv/2893#110990996>				<https://panlex.org/snapshot/panlex-20191001-csv/2893#110990912>		"sodyum"@tl	
"اکسیجن"@prs	<https://panlex.org/snapshot/panlex-20191001-csv/2893#110990342>				<https://panlex.org/snapshot/panlex-20191001-csv/2893#110990331>		"oksiheno"@tl	
"پوتاشیم"@prs	<https://panlex.org/snapshot/panlex-20191001-csv/2893#110992331>				<https://panlex.org/snapshot/panlex-20191001-csv/2893#110992258>		"potasyum"@tl	
"پوتاشیم"@prs	<https://panlex.org/snapshot/panlex-20191001-csv/2893#110992331>				<https://panlex.org/snapshot/panlex-20191001-csv/2893#110992377>		"potasyo"@tl	
"ارسینک"@prs	<https://panlex.org/snapshot/panlex-20191001-csv/2893#110993673>				<https://panlex.org/snapshot/panlex-20191001-csv/2893#110993613>		"arseniko"@tl	
"ارسینک"@prs	<https://panlex.org/snapshot/panlex-20191001-csv/2893#110993673>				<https://panlex.org/snapshot/panlex-20191001-csv/2893#110993614>		"arsenik"@tl	
"انتی‌منی"@prs	<https://panlex.org/snapshot/panlex-20191001-csv/2893#110994437>				<https://panlex.org/snapshot/panlex-20191001-csv/2893#110994479>		"antimonyo"@tl	
"کوبالت"@prs	<https://panlex.org/snapshot/panlex-20191001-csv/2893#110992900>				<https://panlex.org/snapshot/panlex-20191001-csv/2893#110992978>		"kobalto"@tl	
"محکمهٔ بین ‌المللی"@prs	<https://panlex.org/snapshot/panlex-20191001-csv/2894#111100549>				<https://panlex.org/snapshot/panlex-20191001-csv/2894#111100508>		"Hukumang Internasyonal ng Katarungan"@tl	
"پنج‌شنبه"@prs	<https://panlex.org/snapshot/panlex-20191001-csv/2892#110825648>				<https://panlex.org/snapshot/panlex-20191001-csv/2892#110825438>		"Huwebes"@tl	
"یک‌شنبه"@prs	<https://panlex.org/snapshot/panlex-20191001-csv/2892#110826651>				<https://panlex.org/snapshot/panlex-20191001-csv/2892#110826972>		"Linggo"@tl	
"دوشنبه"@prs	<https://panlex.org/snapshot/panlex-20191001-csv/2892#110824372>				<https://panlex.org/snapshot/panlex-20191001-csv/2892#110824240>		"Lunes"@tl	
"چهارشنبه"@prs	<https://panlex.org/snapshot/panlex-20191001-csv/2892#110825113>				<https://panlex.org/snapshot/panlex-20191001-csv/2892#110825039>		"Miyerkules"@tl	
"سه‌شنبه"@prs	<https://panlex.org/snapshot/panlex-20191001-csv/2892#110824426>				<https://panlex.org/snapshot/panlex-20191001-csv/2892#110824721>		"Martes"@tl	
"هفته"@prs	<https://panlex.org/snapshot/panlex-20191001-csv/2892#110826445>				<https://panlex.org/snapshot/panlex-20191001-csv/2892#110826343>		"Sabado"@tl	
"جمعه"@prs	<https://panlex.org/snapshot/panlex-20191001-csv/2892#110825986>				<https://panlex.org/snapshot/panlex-20191001-csv/2892#110826065>		"Biyernes"@tl	
"آکتوبر"@prs	<https://panlex.org/snapshot/panlex-20191001-csv/2897#110831079>				<https://panlex.org/snapshot/panlex-20191001-csv/2897#110831115>		"Oktubre"@tl	
"اپریل"@prs	<https://panlex.org/snapshot/panlex-20191001-csv/2897#110828270>				<https://panlex.org/snapshot/panlex-20191001-csv/2897#110828314>		"Abril"@tl	
"جولای"@prs	<https://panlex.org/snapshot/panlex-20191001-csv/2897#110829836>				<https://panlex.org/snapshot/panlex-20191001-csv/2897#110829587>		"Hulyo"@tl	
"جنوری"@prs	<https://panlex.org/snapshot/panlex-20191001-csv/2897#110827272>				<https://panlex.org/snapshot/panlex-20191001-csv/2897#110827159>		"Enero"@tl	
"مارچ"@prs	<https://panlex.org/snapshot/panlex-20191001-csv/2897#110827861>				<https://panlex.org/snapshot/panlex-20191001-csv/2897#110827929>		"Marso"@tl	
"اگست"@prs	<https://panlex.org/snapshot/panlex-20191001-csv/2897#110830087>				<https://panlex.org/snapshot/panlex-20191001-csv/2897#110830112>		"Agosto"@tl	
"سپتمبر"@prs	<https://panlex.org/snapshot/panlex-20191001-csv/2897#110830430>				<https://panlex.org/snapshot/panlex-20191001-csv/2897#110830460>		"Setyembre"@tl	
"نومبر"@prs	<https://panlex.org/snapshot/panlex-20191001-csv/2897#110831148>				<https://panlex.org/snapshot/panlex-20191001-csv/2897#110831271>		"Nobyembre"@tl	
"جون"@prs	<https://panlex.org/snapshot/panlex-20191001-csv/2897#110829285>				<https://panlex.org/snapshot/panlex-20191001-csv/2897#110829145>		"Hunyo"@tl	
"دسمبر"@prs	<https://panlex.org/snapshot/panlex-20191001-csv/2897#110831771>				<https://panlex.org/snapshot/panlex-20191001-csv/2897#110831962>		"Disyembre"@tl	
"فبرری"@prs	<https://panlex.org/snapshot/panlex-20191001-csv/2897#110827688>				<https://panlex.org/snapshot/panlex-20191001-csv/2897#110827556>		"Pebrero"@tl	
"مئ"@prs	<https://panlex.org/snapshot/panlex-20191001-csv/2897#110829027>				<https://panlex.org/snapshot/panlex-20191001-csv/2897#110828814>		"Mayo"@tl	
"امریکا"@prs	<https://panlex.org/snapshot/panlex-20191001-csv/2891#110853476>				<https://panlex.org/snapshot/panlex-20191001-csv/2891#110853376>		"Amerika"@tl	
"اروپا"@prs	<https://panlex.org/snapshot/panlex-20191001-csv/2891#110854212>				<https://panlex.org/snapshot/panlex-20191001-csv/2891#110854064>		"Europa"@tl	
"اسیا"@prs	<https://panlex.org/snapshot/panlex-20191001-csv/2891#110854004>				<https://panlex.org/snapshot/panlex-20191001-csv/2891#110853856>		"Asya"@tl	
"افریقا"@prs	<https://panlex.org/snapshot/panlex-20191001-csv/2891#110853015>				<https://panlex.org/snapshot/panlex-20191001-csv/2891#110853237>		"Aprika"@tl	
