"klep"@goh	<https://panlex.org/snapshot/panlex-20191001-csv/1573#50083951>				<https://panlex.org/snapshot/panlex-20191001-csv/1573#50084034>		"λatḥ-"@nuk	
"melm"@goh	<https://panlex.org/snapshot/panlex-20191001-csv/1573#50082691>				<https://panlex.org/snapshot/panlex-20191001-csv/1573#50082775>		"c̷ˀakˀʷa-q-"@nuk	
"houg"@goh	<https://panlex.org/snapshot/panlex-20191001-csv/1573#50083572>				<https://panlex.org/snapshot/panlex-20191001-csv/1573#50083685>		"nočiˑ"@nuk	
"houg"@goh	<https://panlex.org/snapshot/panlex-20191001-csv/1573#50083572>				<https://panlex.org/snapshot/panlex-20191001-csv/1573#50083684>		"noč-iˑ̆q-"@nuk	
"houg"@goh	<https://panlex.org/snapshot/panlex-20191001-csv/1573#50083572>				<https://panlex.org/snapshot/panlex-20191001-csv/1573#50083683>		"noč-"@nuk	
"houg"@goh	<https://panlex.org/snapshot/panlex-20191001-csv/1573#50083572>				<https://panlex.org/snapshot/panlex-20191001-csv/1573#50083687>		"tˀočkak"@nuk	
"houg"@goh	<https://panlex.org/snapshot/panlex-20191001-csv/1573#50083572>				<https://panlex.org/snapshot/panlex-20191001-csv/1573#50083686>		"tˀočk-"@nuk	
"quāt"@goh	<https://panlex.org/snapshot/panlex-20191001-csv/1573#50082985>				<https://panlex.org/snapshot/panlex-20191001-csv/1573#50083078>		"c̷ˀakˀʷa-q-"@nuk	
"herd"@goh	<https://panlex.org/snapshot/panlex-20191001-csv/1573#50082690>				<https://panlex.org/snapshot/panlex-20191001-csv/1573#50082775>		"c̷ˀakˀʷa-q-"@nuk	
"loh"@goh	<https://panlex.org/snapshot/panlex-20191001-csv/1573#50085476>				<https://panlex.org/snapshot/panlex-20191001-csv/1573#50085549>		"ʕaʕiλ"@nuk	
"hor"@goh	<https://panlex.org/snapshot/panlex-20191001-csv/1573#50082983>				<https://panlex.org/snapshot/panlex-20191001-csv/1573#50083078>		"c̷ˀakˀʷa-q-"@nuk	
"aha"@goh	<https://panlex.org/snapshot/panlex-20191001-csv/1573#50088339>				<https://panlex.org/snapshot/panlex-20191001-csv/1573#50088481>		"c̷aʔak"@nuk	
"aha"@goh	<https://panlex.org/snapshot/panlex-20191001-csv/1573#50088339>				<https://panlex.org/snapshot/panlex-20191001-csv/1573#50088482>		"c̷ˀa-"@nuk	
"erd-gi-ruornessi"@goh	<https://panlex.org/snapshot/panlex-20191001-csv/1573#50090921>				<https://panlex.org/snapshot/panlex-20191001-csv/1573#50090973>		"taqiˑ̆"@nuk	
"stroum"@goh	<https://panlex.org/snapshot/panlex-20191001-csv/1573#50088347>				<https://panlex.org/snapshot/panlex-20191001-csv/1573#50088481>		"c̷aʔak"@nuk	
"stroum"@goh	<https://panlex.org/snapshot/panlex-20191001-csv/1573#50088347>				<https://panlex.org/snapshot/panlex-20191001-csv/1573#50088482>		"c̷ˀa-"@nuk	
"kruft"@goh	<https://panlex.org/snapshot/panlex-20191001-csv/1573#50085475>				<https://panlex.org/snapshot/panlex-20191001-csv/1573#50085549>		"ʕaʕiλ"@nuk	
"stil-nissi"@goh	<https://panlex.org/snapshot/panlex-20191001-csv/1573#50086184>				<https://panlex.org/snapshot/panlex-20191001-csv/1573#50086235>		"tinḥok"@nuk	
"stil-nissi"@goh	<https://panlex.org/snapshot/panlex-20191001-csv/1573#50086184>				<https://panlex.org/snapshot/panlex-20191001-csv/1573#50086236>		"tinḥʷ-"@nuk	
"stil-nissi"@goh	<https://panlex.org/snapshot/panlex-20191001-csv/1573#50086184>				<https://panlex.org/snapshot/panlex-20191001-csv/1573#50086234>		"tinḥak"@nuk	
"rīhi"@goh	<https://panlex.org/snapshot/panlex-20191001-csv/1573#50082065>				<https://panlex.org/snapshot/panlex-20191001-csv/1573#50082161>		"nismˀa"@nuk	
"erd-mist"@goh	<https://panlex.org/snapshot/panlex-20191001-csv/1573#50082982>				<https://panlex.org/snapshot/panlex-20191001-csv/1573#50083078>		"c̷ˀakˀʷa-q-"@nuk	
"ero"@goh	<https://panlex.org/snapshot/panlex-20191001-csv/1573#50082061>				<https://panlex.org/snapshot/panlex-20191001-csv/1573#50082161>		"nismˀa"@nuk	
"stillī"@goh	<https://panlex.org/snapshot/panlex-20191001-csv/1573#50086186>				<https://panlex.org/snapshot/panlex-20191001-csv/1573#50086235>		"tinḥok"@nuk	
"stillī"@goh	<https://panlex.org/snapshot/panlex-20191001-csv/1573#50086186>				<https://panlex.org/snapshot/panlex-20191001-csv/1573#50086236>		"tinḥʷ-"@nuk	
"stillī"@goh	<https://panlex.org/snapshot/panlex-20191001-csv/1573#50086186>				<https://panlex.org/snapshot/panlex-20191001-csv/1573#50086234>		"tinḥak"@nuk	
"wāg"@goh	<https://panlex.org/snapshot/panlex-20191001-csv/1573#50086954>				<https://panlex.org/snapshot/panlex-20191001-csv/1573#50087020>		"ʕaʔo-k"@nuk	
"klingo"@goh	<https://panlex.org/snapshot/panlex-20191001-csv/1573#50088345>				<https://panlex.org/snapshot/panlex-20191001-csv/1573#50088481>		"c̷aʔak"@nuk	
"klingo"@goh	<https://panlex.org/snapshot/panlex-20191001-csv/1573#50088345>				<https://panlex.org/snapshot/panlex-20191001-csv/1573#50088482>		"c̷ˀa-"@nuk	
"felis"@goh	<https://panlex.org/snapshot/panlex-20191001-csv/1573#50083949>				<https://panlex.org/snapshot/panlex-20191001-csv/1573#50084034>		"λatḥ-"@nuk	
"felis"@goh	<https://panlex.org/snapshot/panlex-20191001-csv/1573#50090585>				<https://panlex.org/snapshot/panlex-20191001-csv/1573#50090705>		"tˀi-"@nuk	
"felis"@goh	<https://panlex.org/snapshot/panlex-20191001-csv/1573#50090585>				<https://panlex.org/snapshot/panlex-20191001-csv/1573#50090704>		"mˀokʷ-"@nuk	
"felis"@goh	<https://panlex.org/snapshot/panlex-20191001-csv/1573#50090585>				<https://panlex.org/snapshot/panlex-20191001-csv/1573#50090703>		"mˀoksyˀi"@nuk	
"stilli"@goh	<https://panlex.org/snapshot/panlex-20191001-csv/1573#50086185>				<https://panlex.org/snapshot/panlex-20191001-csv/1573#50086235>		"tinḥok"@nuk	
"stilli"@goh	<https://panlex.org/snapshot/panlex-20191001-csv/1573#50086185>				<https://panlex.org/snapshot/panlex-20191001-csv/1573#50086236>		"tinḥʷ-"@nuk	
"stilli"@goh	<https://panlex.org/snapshot/panlex-20191001-csv/1573#50086185>				<https://panlex.org/snapshot/panlex-20191001-csv/1573#50086234>		"tinḥak"@nuk	
"stuppi"@goh	<https://panlex.org/snapshot/panlex-20191001-csv/1573#50082696>				<https://panlex.org/snapshot/panlex-20191001-csv/1573#50082775>		"c̷ˀakˀʷa-q-"@nuk	
"asca"@goh	<https://panlex.org/snapshot/panlex-20191001-csv/1573#50082689>				<https://panlex.org/snapshot/panlex-20191001-csv/1573#50082775>		"c̷ˀakˀʷa-q-"@nuk	
"nol"@goh	<https://panlex.org/snapshot/panlex-20191001-csv/1573#50083573>				<https://panlex.org/snapshot/panlex-20191001-csv/1573#50083685>		"nočiˑ"@nuk	
"nol"@goh	<https://panlex.org/snapshot/panlex-20191001-csv/1573#50083573>				<https://panlex.org/snapshot/panlex-20191001-csv/1573#50083684>		"noč-iˑ̆q-"@nuk	
"nol"@goh	<https://panlex.org/snapshot/panlex-20191001-csv/1573#50083573>				<https://panlex.org/snapshot/panlex-20191001-csv/1573#50083683>		"noč-"@nuk	
"nol"@goh	<https://panlex.org/snapshot/panlex-20191001-csv/1573#50083573>				<https://panlex.org/snapshot/panlex-20191001-csv/1573#50083687>		"tˀočkak"@nuk	
"nol"@goh	<https://panlex.org/snapshot/panlex-20191001-csv/1573#50083573>				<https://panlex.org/snapshot/panlex-20191001-csv/1573#50083686>		"tˀočk-"@nuk	
"fluz"@goh	<https://panlex.org/snapshot/panlex-20191001-csv/1573#50088341>				<https://panlex.org/snapshot/panlex-20191001-csv/1573#50088481>		"c̷aʔak"@nuk	
"fluz"@goh	<https://panlex.org/snapshot/panlex-20191001-csv/1573#50088341>				<https://panlex.org/snapshot/panlex-20191001-csv/1573#50088482>		"c̷ˀa-"@nuk	
"*ruowa"@goh	<https://panlex.org/snapshot/panlex-20191001-csv/1573#50086182>				<https://panlex.org/snapshot/panlex-20191001-csv/1573#50086235>		"tinḥok"@nuk	
"*ruowa"@goh	<https://panlex.org/snapshot/panlex-20191001-csv/1573#50086182>				<https://panlex.org/snapshot/panlex-20191001-csv/1573#50086236>		"tinḥʷ-"@nuk	
"*ruowa"@goh	<https://panlex.org/snapshot/panlex-20191001-csv/1573#50086182>				<https://panlex.org/snapshot/panlex-20191001-csv/1573#50086234>		"tinḥak"@nuk	
"scūm"@goh	<https://panlex.org/snapshot/panlex-20191001-csv/1573#50086542>				<https://panlex.org/snapshot/panlex-20191001-csv/1573#50086602>		"pˀac̷aˑ"@nuk	
"scūm"@goh	<https://panlex.org/snapshot/panlex-20191001-csv/1573#50086542>				<https://panlex.org/snapshot/panlex-20191001-csv/1573#50086600>		"pˀac̷-"@nuk	
"scūm"@goh	<https://panlex.org/snapshot/panlex-20191001-csv/1573#50086542>				<https://panlex.org/snapshot/panlex-20191001-csv/1573#50086601>		"pˀac̷ak"@nuk	
"erd-bibōd"@goh	<https://panlex.org/snapshot/panlex-20191001-csv/1573#50090920>				<https://panlex.org/snapshot/panlex-20191001-csv/1573#50090973>		"taqiˑ̆"@nuk	
"wald"@goh	<https://panlex.org/snapshot/panlex-20191001-csv/1573#50089734>				<https://panlex.org/snapshot/panlex-20191001-csv/1573#50089819>		"ʔiˑq-maq-"@nuk	
"wald"@goh	<https://panlex.org/snapshot/panlex-20191001-csv/1573#50089734>				<https://panlex.org/snapshot/panlex-20191001-csv/1573#50089820>		"ʔiˑqmaqak"@nuk	
"sant"@goh	<https://panlex.org/snapshot/panlex-20191001-csv/1573#50083247>				<https://panlex.org/snapshot/panlex-20191001-csv/1573#50083326>		"ʕopxaq-"@nuk	
"sant"@goh	<https://panlex.org/snapshot/panlex-20191001-csv/1573#50083247>				<https://panlex.org/snapshot/panlex-20191001-csv/1573#50083325>		"sopˀic̷-mis"@nuk	
"giozo"@goh	<https://panlex.org/snapshot/panlex-20191001-csv/1573#50086952>				<https://panlex.org/snapshot/panlex-20191001-csv/1573#50087020>		"ʕaʔo-k"@nuk	
"giozo"@goh	<https://panlex.org/snapshot/panlex-20191001-csv/1573#50085719>				<https://panlex.org/snapshot/panlex-20191001-csv/1573#50085795>		"čˀaʔak"@nuk	
"giozo"@goh	<https://panlex.org/snapshot/panlex-20191001-csv/1573#50085719>				<https://panlex.org/snapshot/panlex-20191001-csv/1573#50085794>		"čˀa-"@nuk	
"giozo"@goh	<https://panlex.org/snapshot/panlex-20191001-csv/1573#50088343>				<https://panlex.org/snapshot/panlex-20191001-csv/1573#50088481>		"c̷aʔak"@nuk	
"giozo"@goh	<https://panlex.org/snapshot/panlex-20191001-csv/1573#50088343>				<https://panlex.org/snapshot/panlex-20191001-csv/1573#50088482>		"c̷ˀa-"@nuk	
"strōm"@goh	<https://panlex.org/snapshot/panlex-20191001-csv/1573#50088348>				<https://panlex.org/snapshot/panlex-20191001-csv/1573#50088481>		"c̷aʔak"@nuk	
"strōm"@goh	<https://panlex.org/snapshot/panlex-20191001-csv/1573#50088348>				<https://panlex.org/snapshot/panlex-20191001-csv/1573#50088482>		"c̷ˀa-"@nuk	
"sē"@goh	<https://panlex.org/snapshot/panlex-20191001-csv/1573#50085972>				<https://panlex.org/snapshot/panlex-20191001-csv/1573#50086037>		"topˀał"@nuk	
"sē"@goh	<https://panlex.org/snapshot/panlex-20191001-csv/1573#50085972>				<https://panlex.org/snapshot/panlex-20191001-csv/1573#50086036>		"-)"@nuk	
"sē"@goh	<https://panlex.org/snapshot/panlex-20191001-csv/1573#50086953>				<https://panlex.org/snapshot/panlex-20191001-csv/1573#50087020>		"ʕaʔo-k"@nuk	
"lenti"@goh	<https://panlex.org/snapshot/panlex-20191001-csv/1573#50082063>				<https://panlex.org/snapshot/panlex-20191001-csv/1573#50082161>		"nismˀa"@nuk	
"meri"@goh	<https://panlex.org/snapshot/panlex-20191001-csv/1573#50085971>				<https://panlex.org/snapshot/panlex-20191001-csv/1573#50086037>		"topˀał"@nuk	
"meri"@goh	<https://panlex.org/snapshot/panlex-20191001-csv/1573#50085971>				<https://panlex.org/snapshot/panlex-20191001-csv/1573#50086036>		"-)"@nuk	
"stubbi"@goh	<https://panlex.org/snapshot/panlex-20191001-csv/1573#50082695>				<https://panlex.org/snapshot/panlex-20191001-csv/1573#50082775>		"c̷ˀakˀʷa-q-"@nuk	
"hulī"@goh	<https://panlex.org/snapshot/panlex-20191001-csv/1573#50085474>				<https://panlex.org/snapshot/panlex-20191001-csv/1573#50085549>		"ʕaʕiλ"@nuk	
"nazi"@goh	<https://panlex.org/snapshot/panlex-20191001-csv/1573#50085720>				<https://panlex.org/snapshot/panlex-20191001-csv/1573#50085795>		"čˀaʔak"@nuk	
"nazi"@goh	<https://panlex.org/snapshot/panlex-20191001-csv/1573#50085720>				<https://panlex.org/snapshot/panlex-20191001-csv/1573#50085794>		"čˀa-"@nuk	
"wazar"@goh	<https://panlex.org/snapshot/panlex-20191001-csv/1573#50088349>				<https://panlex.org/snapshot/panlex-20191001-csv/1573#50088481>		"c̷aʔak"@nuk	
"wazar"@goh	<https://panlex.org/snapshot/panlex-20191001-csv/1573#50088349>				<https://panlex.org/snapshot/panlex-20191001-csv/1573#50088482>		"c̷ˀa-"@nuk	
"leim"@goh	<https://panlex.org/snapshot/panlex-20191001-csv/1573#50082984>				<https://panlex.org/snapshot/panlex-20191001-csv/1573#50083078>		"c̷ˀakˀʷa-q-"@nuk	
"mittilgart"@goh	<https://panlex.org/snapshot/panlex-20191001-csv/1573#50082064>				<https://panlex.org/snapshot/panlex-20191001-csv/1573#50082161>		"nismˀa"@nuk	
"stoub"@goh	<https://panlex.org/snapshot/panlex-20191001-csv/1573#50082694>				<https://panlex.org/snapshot/panlex-20191001-csv/1573#50082775>		"c̷ˀakˀʷa-q-"@nuk	
"erd-bibunga"@goh	<https://panlex.org/snapshot/panlex-20191001-csv/1573#50090919>				<https://panlex.org/snapshot/panlex-20191001-csv/1573#50090973>		"taqiˑ̆"@nuk	
"luog"@goh	<https://panlex.org/snapshot/panlex-20191001-csv/1573#50085477>				<https://panlex.org/snapshot/panlex-20191001-csv/1573#50085549>		"ʕaʕiλ"@nuk	
"forst"@goh	<https://panlex.org/snapshot/panlex-20191001-csv/1573#50089732>				<https://panlex.org/snapshot/panlex-20191001-csv/1573#50089819>		"ʔiˑq-maq-"@nuk	
"forst"@goh	<https://panlex.org/snapshot/panlex-20191001-csv/1573#50089732>				<https://panlex.org/snapshot/panlex-20191001-csv/1573#50089820>		"ʔiˑqmaqak"@nuk	
"īsila"@goh	<https://panlex.org/snapshot/panlex-20191001-csv/1573#50084766>				<https://panlex.org/snapshot/panlex-20191001-csv/1573#50084827>		"ča-"@nuk	
"īsila"@goh	<https://panlex.org/snapshot/panlex-20191001-csv/1573#50084766>				<https://panlex.org/snapshot/panlex-20191001-csv/1573#50084828>		"čaʔak"@nuk	
"bah"@goh	<https://panlex.org/snapshot/panlex-20191001-csv/1573#50088340>				<https://panlex.org/snapshot/panlex-20191001-csv/1573#50088481>		"c̷aʔak"@nuk	
"bah"@goh	<https://panlex.org/snapshot/panlex-20191001-csv/1573#50088340>				<https://panlex.org/snapshot/panlex-20191001-csv/1573#50088482>		"c̷ˀa-"@nuk	
"rāwa"@goh	<https://panlex.org/snapshot/panlex-20191001-csv/1573#50086183>				<https://panlex.org/snapshot/panlex-20191001-csv/1573#50086235>		"tinḥok"@nuk	
"rāwa"@goh	<https://panlex.org/snapshot/panlex-20191001-csv/1573#50086183>				<https://panlex.org/snapshot/panlex-20191001-csv/1573#50086236>		"tinḥʷ-"@nuk	
"rāwa"@goh	<https://panlex.org/snapshot/panlex-20191001-csv/1573#50086183>				<https://panlex.org/snapshot/panlex-20191001-csv/1573#50086234>		"tinḥak"@nuk	
"hol"@goh	<https://panlex.org/snapshot/panlex-20191001-csv/1573#50085473>				<https://panlex.org/snapshot/panlex-20191001-csv/1573#50085549>		"ʕaʕiλ"@nuk	
"runsa"@goh	<https://panlex.org/snapshot/panlex-20191001-csv/1573#50088346>				<https://panlex.org/snapshot/panlex-20191001-csv/1573#50088481>		"c̷aʔak"@nuk	
"runsa"@goh	<https://panlex.org/snapshot/panlex-20191001-csv/1573#50088346>				<https://panlex.org/snapshot/panlex-20191001-csv/1573#50088482>		"c̷ˀa-"@nuk	
"klinga"@goh	<https://panlex.org/snapshot/panlex-20191001-csv/1573#50088344>				<https://panlex.org/snapshot/panlex-20191001-csv/1573#50088481>		"c̷aʔak"@nuk	
"klinga"@goh	<https://panlex.org/snapshot/panlex-20191001-csv/1573#50088344>				<https://panlex.org/snapshot/panlex-20191001-csv/1573#50088482>		"c̷ˀa-"@nuk	
"lan"@goh	<https://panlex.org/snapshot/panlex-20191001-csv/1573#50082062>				<https://panlex.org/snapshot/panlex-20191001-csv/1573#50082161>		"nismˀa"@nuk	
"abgrunt"@goh	<https://panlex.org/snapshot/panlex-20191001-csv/1573#50083948>				<https://panlex.org/snapshot/panlex-20191001-csv/1573#50084034>		"λatḥ-"@nuk	
"unda"@goh	<https://panlex.org/snapshot/panlex-20191001-csv/1573#50087703>				<https://panlex.org/snapshot/panlex-20191001-csv/1573#50087773>		"hoyˀaˑk"@nuk	
"unda"@goh	<https://panlex.org/snapshot/panlex-20191001-csv/1573#50087703>				<https://panlex.org/snapshot/panlex-20191001-csv/1573#50087772>		"hoyˀa-"@nuk	
"boum"@goh	<https://panlex.org/snapshot/panlex-20191001-csv/1573#50090023>				<https://panlex.org/snapshot/panlex-20191001-csv/1573#50090094>		"soč-"@nuk	
"boum"@goh	<https://panlex.org/snapshot/panlex-20191001-csv/1573#50090023>				<https://panlex.org/snapshot/panlex-20191001-csv/1573#50090095>		"sočˀas"@nuk	
"boum"@goh	<https://panlex.org/snapshot/panlex-20191001-csv/1573#50090274>				<https://panlex.org/snapshot/panlex-20191001-csv/1573#50090350>		"ʔač-yˀaq-"@nuk	
"boum"@goh	<https://panlex.org/snapshot/panlex-20191001-csv/1573#50090274>				<https://panlex.org/snapshot/panlex-20191001-csv/1573#50090351>		"ʔačyˀaˑp"@nuk	
"wazzar"@goh	<https://panlex.org/snapshot/panlex-20191001-csv/1573#50085722>				<https://panlex.org/snapshot/panlex-20191001-csv/1573#50085795>		"čˀaʔak"@nuk	
"wazzar"@goh	<https://panlex.org/snapshot/panlex-20191001-csv/1573#50085722>				<https://panlex.org/snapshot/panlex-20191001-csv/1573#50085794>		"čˀa-"@nuk	
"runs"@goh	<https://panlex.org/snapshot/panlex-20191001-csv/1573#50085721>				<https://panlex.org/snapshot/panlex-20191001-csv/1573#50085795>		"čˀaʔak"@nuk	
"runs"@goh	<https://panlex.org/snapshot/panlex-20191001-csv/1573#50085721>				<https://panlex.org/snapshot/panlex-20191001-csv/1573#50085794>		"čˀa-"@nuk	
"wella"@goh	<https://panlex.org/snapshot/panlex-20191001-csv/1573#50087704>				<https://panlex.org/snapshot/panlex-20191001-csv/1573#50087773>		"hoyˀaˑk"@nuk	
"wella"@goh	<https://panlex.org/snapshot/panlex-20191001-csv/1573#50087704>				<https://panlex.org/snapshot/panlex-20191001-csv/1573#50087772>		"hoyˀa-"@nuk	
"wella"@goh	<https://panlex.org/snapshot/panlex-20191001-csv/1573#50088094>				<https://panlex.org/snapshot/panlex-20191001-csv/1573#50088127>		"moˑł-"@nuk	
"wella"@goh	<https://panlex.org/snapshot/panlex-20191001-csv/1573#50088094>				<https://panlex.org/snapshot/panlex-20191001-csv/1573#50088126>		"mołaˑ"@nuk	
"wella"@goh	<https://panlex.org/snapshot/panlex-20191001-csv/1573#50088094>				<https://panlex.org/snapshot/panlex-20191001-csv/1573#50088125>		"moł.-"@nuk	
"erda"@goh	<https://panlex.org/snapshot/panlex-20191001-csv/1573#50082060>				<https://panlex.org/snapshot/panlex-20191001-csv/1573#50082161>		"nismˀa"@nuk	
"isila"@goh	<https://panlex.org/snapshot/panlex-20191001-csv/1573#50084765>				<https://panlex.org/snapshot/panlex-20191001-csv/1573#50084827>		"ča-"@nuk	
"isila"@goh	<https://panlex.org/snapshot/panlex-20191001-csv/1573#50084765>				<https://panlex.org/snapshot/panlex-20191001-csv/1573#50084828>		"čaʔak"@nuk	
"berg"@goh	<https://panlex.org/snapshot/panlex-20191001-csv/1573#50083570>				<https://panlex.org/snapshot/panlex-20191001-csv/1573#50083685>		"nočiˑ"@nuk	
"berg"@goh	<https://panlex.org/snapshot/panlex-20191001-csv/1573#50083570>				<https://panlex.org/snapshot/panlex-20191001-csv/1573#50083684>		"noč-iˑ̆q-"@nuk	
"berg"@goh	<https://panlex.org/snapshot/panlex-20191001-csv/1573#50083570>				<https://panlex.org/snapshot/panlex-20191001-csv/1573#50083683>		"noč-"@nuk	
"berg"@goh	<https://panlex.org/snapshot/panlex-20191001-csv/1573#50083570>				<https://panlex.org/snapshot/panlex-20191001-csv/1573#50083687>		"tˀočkak"@nuk	
"berg"@goh	<https://panlex.org/snapshot/panlex-20191001-csv/1573#50083570>				<https://panlex.org/snapshot/panlex-20191001-csv/1573#50083686>		"tˀočk-"@nuk	
"molta"@goh	<https://panlex.org/snapshot/panlex-20191001-csv/1573#50082692>				<https://panlex.org/snapshot/panlex-20191001-csv/1573#50082775>		"c̷ˀakˀʷa-q-"@nuk	
"holz"@goh	<https://panlex.org/snapshot/panlex-20191001-csv/1573#50090275>				<https://panlex.org/snapshot/panlex-20191001-csv/1573#50090350>		"ʔač-yˀaq-"@nuk	
"holz"@goh	<https://panlex.org/snapshot/panlex-20191001-csv/1573#50090275>				<https://panlex.org/snapshot/panlex-20191001-csv/1573#50090351>		"ʔačyˀaˑp"@nuk	
"holz"@goh	<https://panlex.org/snapshot/panlex-20191001-csv/1573#50089733>				<https://panlex.org/snapshot/panlex-20191001-csv/1573#50089819>		"ʔiˑq-maq-"@nuk	
"holz"@goh	<https://panlex.org/snapshot/panlex-20191001-csv/1573#50089733>				<https://panlex.org/snapshot/panlex-20191001-csv/1573#50089820>		"ʔiˑqmaqak"@nuk	
"holz"@goh	<https://panlex.org/snapshot/panlex-20191001-csv/1573#50090024>				<https://panlex.org/snapshot/panlex-20191001-csv/1573#50090094>		"soč-"@nuk	
"holz"@goh	<https://panlex.org/snapshot/panlex-20191001-csv/1573#50090024>				<https://panlex.org/snapshot/panlex-20191001-csv/1573#50090095>		"sočˀas"@nuk	
"grioz"@goh	<https://panlex.org/snapshot/panlex-20191001-csv/1573#50083246>				<https://panlex.org/snapshot/panlex-20191001-csv/1573#50083326>		"ʕopxaq-"@nuk	
"grioz"@goh	<https://panlex.org/snapshot/panlex-20191001-csv/1573#50083246>				<https://panlex.org/snapshot/panlex-20191001-csv/1573#50083325>		"sopˀic̷-mis"@nuk	
"*tan"@goh	<https://panlex.org/snapshot/panlex-20191001-csv/1573#50089731>				<https://panlex.org/snapshot/panlex-20191001-csv/1573#50089819>		"ʔiˑq-maq-"@nuk	
"*tan"@goh	<https://panlex.org/snapshot/panlex-20191001-csv/1573#50089731>				<https://panlex.org/snapshot/panlex-20191001-csv/1573#50089820>		"ʔiˑqmaqak"@nuk	
"stein"@goh	<https://panlex.org/snapshot/panlex-20191001-csv/1573#50090587>				<https://panlex.org/snapshot/panlex-20191001-csv/1573#50090705>		"tˀi-"@nuk	
"stein"@goh	<https://panlex.org/snapshot/panlex-20191001-csv/1573#50090587>				<https://panlex.org/snapshot/panlex-20191001-csv/1573#50090704>		"mˀokʷ-"@nuk	
"stein"@goh	<https://panlex.org/snapshot/panlex-20191001-csv/1573#50090587>				<https://panlex.org/snapshot/panlex-20191001-csv/1573#50090703>		"mˀoksyˀi"@nuk	
"flōz"@goh	<https://panlex.org/snapshot/panlex-20191001-csv/1573#50088342>				<https://panlex.org/snapshot/panlex-20191001-csv/1573#50088481>		"c̷aʔak"@nuk	
"flōz"@goh	<https://panlex.org/snapshot/panlex-20191001-csv/1573#50088342>				<https://panlex.org/snapshot/panlex-20191001-csv/1573#50088482>		"c̷ˀa-"@nuk	
"buhil"@goh	<https://panlex.org/snapshot/panlex-20191001-csv/1573#50083571>				<https://panlex.org/snapshot/panlex-20191001-csv/1573#50083685>		"nočiˑ"@nuk	
"buhil"@goh	<https://panlex.org/snapshot/panlex-20191001-csv/1573#50083571>				<https://panlex.org/snapshot/panlex-20191001-csv/1573#50083684>		"noč-iˑ̆q-"@nuk	
"buhil"@goh	<https://panlex.org/snapshot/panlex-20191001-csv/1573#50083571>				<https://panlex.org/snapshot/panlex-20191001-csv/1573#50083683>		"noč-"@nuk	
"buhil"@goh	<https://panlex.org/snapshot/panlex-20191001-csv/1573#50083571>				<https://panlex.org/snapshot/panlex-20191001-csv/1573#50083687>		"tˀočkak"@nuk	
"buhil"@goh	<https://panlex.org/snapshot/panlex-20191001-csv/1573#50083571>				<https://panlex.org/snapshot/panlex-20191001-csv/1573#50083686>		"tˀočk-"@nuk	
"zessa"@goh	<https://panlex.org/snapshot/panlex-20191001-csv/1573#50088095>				<https://panlex.org/snapshot/panlex-20191001-csv/1573#50088127>		"moˑł-"@nuk	
"zessa"@goh	<https://panlex.org/snapshot/panlex-20191001-csv/1573#50088095>				<https://panlex.org/snapshot/panlex-20191001-csv/1573#50088126>		"mołaˑ"@nuk	
"zessa"@goh	<https://panlex.org/snapshot/panlex-20191001-csv/1573#50088095>				<https://panlex.org/snapshot/panlex-20191001-csv/1573#50088125>		"moł.-"@nuk	
"zessa"@goh	<https://panlex.org/snapshot/panlex-20191001-csv/1573#50087705>				<https://panlex.org/snapshot/panlex-20191001-csv/1573#50087773>		"hoyˀaˑk"@nuk	
"zessa"@goh	<https://panlex.org/snapshot/panlex-20191001-csv/1573#50087705>				<https://panlex.org/snapshot/panlex-20191001-csv/1573#50087772>		"hoyˀa-"@nuk	
"pulver"@goh	<https://panlex.org/snapshot/panlex-20191001-csv/1573#50082693>				<https://panlex.org/snapshot/panlex-20191001-csv/1573#50082775>		"c̷ˀakˀʷa-q-"@nuk	
"erd-biba"@goh	<https://panlex.org/snapshot/panlex-20191001-csv/1573#50090918>				<https://panlex.org/snapshot/panlex-20191001-csv/1573#50090973>		"taqiˑ̆"@nuk	
"fluoh"@goh	<https://panlex.org/snapshot/panlex-20191001-csv/1573#50083950>				<https://panlex.org/snapshot/panlex-20191001-csv/1573#50084034>		"λatḥ-"@nuk	
"fluoh"@goh	<https://panlex.org/snapshot/panlex-20191001-csv/1573#50090586>				<https://panlex.org/snapshot/panlex-20191001-csv/1573#50090705>		"tˀi-"@nuk	
"fluoh"@goh	<https://panlex.org/snapshot/panlex-20191001-csv/1573#50090586>				<https://panlex.org/snapshot/panlex-20191001-csv/1573#50090704>		"mˀokʷ-"@nuk	
"fluoh"@goh	<https://panlex.org/snapshot/panlex-20191001-csv/1573#50090586>				<https://panlex.org/snapshot/panlex-20191001-csv/1573#50090703>		"mˀoksyˀi"@nuk	
"wer-alt-lant"@goh	<https://panlex.org/snapshot/panlex-20191001-csv/1573#50082066>				<https://panlex.org/snapshot/panlex-20191001-csv/1573#50082161>		"nismˀa"@nuk	
"witu"@goh	<https://panlex.org/snapshot/panlex-20191001-csv/1573#50090276>				<https://panlex.org/snapshot/panlex-20191001-csv/1573#50090350>		"ʔač-yˀaq-"@nuk	
"witu"@goh	<https://panlex.org/snapshot/panlex-20191001-csv/1573#50090276>				<https://panlex.org/snapshot/panlex-20191001-csv/1573#50090351>		"ʔačyˀaˑp"@nuk	
