"waʒʒar"@goh	<https://panlex.org/snapshot/panlex-20191001-csv/2131#11695227>				<https://panlex.org/snapshot/panlex-20191001-csv/2131#11695146>		"âcua"@egl	
"ziostag"@goh	<https://panlex.org/snapshot/panlex-20191001-csv/2892#110824431>				<https://panlex.org/snapshot/panlex-20191001-csv/2892#110824596>		"màrti"@egl	
"manetag"@goh	<https://panlex.org/snapshot/panlex-20191001-csv/2892#110824290>				<https://panlex.org/snapshot/panlex-20191001-csv/2892#110824298>		"lùnî"@egl	
"donarstag"@goh	<https://panlex.org/snapshot/panlex-20191001-csv/2892#110825612>				<https://panlex.org/snapshot/panlex-20191001-csv/2892#110825492>		"źòbia"@egl	
"sambaztag"@goh	<https://panlex.org/snapshot/panlex-20191001-csv/2892#110826203>				<https://panlex.org/snapshot/panlex-20191001-csv/2892#110826467>		"sàbat"@egl	
"sunnuntag"@goh	<https://panlex.org/snapshot/panlex-20191001-csv/2892#110826983>				<https://panlex.org/snapshot/panlex-20191001-csv/2892#110826703>		"dméndga"@egl	
"sunnuntag"@goh	<https://panlex.org/snapshot/panlex-20191001-csv/2892#110826983>				<https://panlex.org/snapshot/panlex-20191001-csv/2892#110826820>		"dménga"@egl	
"frijetag"@goh	<https://panlex.org/snapshot/panlex-20191001-csv/2892#110825715>				<https://panlex.org/snapshot/panlex-20191001-csv/2892#110826093>		"vènar"@egl	
"mittawehha"@goh	<https://panlex.org/snapshot/panlex-20191001-csv/2892#110825099>				<https://panlex.org/snapshot/panlex-20191001-csv/2892#110825196>		"mèrcul"@egl	
