"ʔucc-ˈa"@aiw	<https://panlex.org/snapshot/panlex-20191001-csv/3975#51735419>				<https://panlex.org/snapshot/panlex-20191001-csv/3975#51735459>		"гаргара"@inh	
"čʼub-"@aiw	<https://panlex.org/snapshot/panlex-20191001-csv/3975#51731679>				<https://panlex.org/snapshot/panlex-20191001-csv/3975#51731715>		"кIур"@inh	
"ay"@aiw	<https://panlex.org/snapshot/panlex-20191001-csv/3975#51732248>				<https://panlex.org/snapshot/panlex-20191001-csv/3975#51732290>		"малх"@inh	
"nortˈi"@aiw	<https://panlex.org/snapshot/panlex-20191001-csv/3975#51720964>				<https://panlex.org/snapshot/panlex-20191001-csv/3975#51721001>		"че"@inh	
"bˈuːdi"@aiw	<https://panlex.org/snapshot/panlex-20191001-csv/3975#51721946>				<https://panlex.org/snapshot/panlex-20191001-csv/3975#51721980>		"накха"@inh	
"bˈuːdi"@aiw	<https://panlex.org/snapshot/panlex-20191001-csv/3975#51726169>				<https://panlex.org/snapshot/panlex-20191001-csv/3975#51726206>		"дог"@inh	
"waːrr-i"@aiw	<https://panlex.org/snapshot/panlex-20191001-csv/3975#51732410>				<https://panlex.org/snapshot/panlex-20191001-csv/3975#51732440>		"нек де"@inh	
"waːrr-i"@aiw	<https://panlex.org/snapshot/panlex-20191001-csv/3975#51732410>				<https://panlex.org/snapshot/panlex-20191001-csv/3975#51732441>		"наьк де"@inh	
"liːl-a"@aiw	<https://panlex.org/snapshot/panlex-20191001-csv/3975#51722362>				<https://panlex.org/snapshot/panlex-20191001-csv/3975#51722392>		"морх"@inh	
"noʰ"@aiw	<https://panlex.org/snapshot/panlex-20191001-csv/3975#51724443>				<https://panlex.org/snapshot/panlex-20191001-csv/3975#51724482>		"цIи"@inh	
"ɗaki"@aiw	<https://panlex.org/snapshot/panlex-20191001-csv/3975#51720838>				<https://panlex.org/snapshot/panlex-20191001-csv/3975#51720871>		"коаст"@inh	
"toylˈa"@aiw	<https://panlex.org/snapshot/panlex-20191001-csv/3975#51724601>				<https://panlex.org/snapshot/panlex-20191001-csv/3975#51724638>		"чкъаьра"@inh	
"ʔafˈa"@aiw	<https://panlex.org/snapshot/panlex-20191001-csv/3975#51728466>				<https://panlex.org/snapshot/panlex-20191001-csv/3975#51728507>		"баге"@inh	
"muqˈa"@aiw	<https://panlex.org/snapshot/panlex-20191001-csv/3975#51723885>				<https://panlex.org/snapshot/panlex-20191001-csv/3975#51723920>		"фуъ"@inh	
"fečʼˈe"@aiw	<https://panlex.org/snapshot/panlex-20191001-csv/3975#51723565>				<https://panlex.org/snapshot/panlex-20191001-csv/3975#51723605>		"лаьтта"@inh	
"qasˈa"@aiw	<https://panlex.org/snapshot/panlex-20191001-csv/3975#51727631>				<https://panlex.org/snapshot/panlex-20191001-csv/3975#51727662>		"маза"@inh	
"goyr-ˈiy"@aiw	<https://panlex.org/snapshot/panlex-20191001-csv/3975#51732531>				<https://panlex.org/snapshot/panlex-20191001-csv/3975#51732568>		"цIог"@inh	
"qastˈen"@aiw	<https://panlex.org/snapshot/panlex-20191001-csv/3975#51733584>				<https://panlex.org/snapshot/panlex-20191001-csv/3975#51733624>		"шиъ"@inh	
"roːʰt-"@aiw	<https://panlex.org/snapshot/panlex-20191001-csv/3975#51727500>				<https://panlex.org/snapshot/panlex-20191001-csv/3975#51727535>		"дIаьха"@inh	
"ʔic-"@aiw	<https://panlex.org/snapshot/panlex-20191001-csv/3975#51723714>				<https://panlex.org/snapshot/panlex-20191001-csv/3975#51723753>		"даа"@inh	
"dˈuːti"@aiw	<https://panlex.org/snapshot/panlex-20191001-csv/3975#51724871>				<https://panlex.org/snapshot/panlex-20191001-csv/3975#51724908>		"ког"@inh	
"bind-"@aiw	<https://panlex.org/snapshot/panlex-20191001-csv/3975#51720703>				<https://panlex.org/snapshot/panlex-20191001-csv/3975#51720741>		"йокъ"@inh	
"wočʼ-"@aiw	<https://panlex.org/snapshot/panlex-20191001-csv/3975#51723117>				<https://panlex.org/snapshot/panlex-20191001-csv/3975#51723155>		"мела"@inh	
"adim"@aiw	<https://panlex.org/snapshot/panlex-20191001-csv/3975#51733130>				<https://panlex.org/snapshot/panlex-20191001-csv/3975#51733168>		"мотт"@inh	
"doq-"@aiw	<https://panlex.org/snapshot/panlex-20191001-csv/3975#51731058>				<https://panlex.org/snapshot/panlex-20191001-csv/3975#51731102>		"вагIа"@inh	
"deʔ-"@aiw	<https://panlex.org/snapshot/panlex-20191001-csv/3975#51722804>				<https://panlex.org/snapshot/panlex-20191001-csv/3975#51722846>		"дала"@inh	
"deʔ-"@aiw	<https://panlex.org/snapshot/panlex-20191001-csv/3975#51722804>				<https://panlex.org/snapshot/panlex-20191001-csv/3975#51722847>		"вала"@inh	
"tirˈa"@aiw	<https://panlex.org/snapshot/panlex-20191001-csv/3975#51727360>				<https://panlex.org/snapshot/panlex-20191001-csv/3975#51727396>		"дийхк"@inh	
"gunˈi"@aiw	<https://panlex.org/snapshot/panlex-20191001-csv/3975#51735829>				<https://panlex.org/snapshot/panlex-20191001-csv/3975#51735867>		"бIехал"@inh	
"deʰːs-"@aiw	<https://panlex.org/snapshot/panlex-20191001-csv/3975#51726641>				<https://panlex.org/snapshot/panlex-20191001-csv/3975#51726677>		"де"@inh	
"naːmˈi"@aiw	<https://panlex.org/snapshot/panlex-20191001-csv/3975#51728621>				<https://panlex.org/snapshot/panlex-20191001-csv/3975#51728655>		"цIи"@inh	
"afti"@aiw	<https://panlex.org/snapshot/panlex-20191001-csv/3975#51721240>				<https://panlex.org/snapshot/panlex-20191001-csv/3975#51721277>		"оалхазар"@inh	
"deːcʼ-mˈi"@aiw	<https://panlex.org/snapshot/panlex-20191001-csv/3975#51735293>				<https://panlex.org/snapshot/panlex-20191001-csv/3975#51735328>		"деза"@inh	
"laqa-mˈi"@aiw	<https://panlex.org/snapshot/panlex-20191001-csv/3975#51725297>				<https://panlex.org/snapshot/panlex-20191001-csv/3975#51725335>		"дика"@inh	
"bon"@aiw	<https://panlex.org/snapshot/panlex-20191001-csv/3975#51736359>				<https://panlex.org/snapshot/panlex-20191001-csv/3975#51736400>		"шу"@inh	
"šami"@aiw	<https://panlex.org/snapshot/panlex-20191001-csv/3975#51730471>				<https://panlex.org/snapshot/panlex-20191001-csv/3975#51730505>		"гIум"@inh	
"soici"@aiw	<https://panlex.org/snapshot/panlex-20191001-csv/3975#51729030>				<https://panlex.org/snapshot/panlex-20191001-csv/3975#51729071>		"бийса"@inh	
"koːnˈa"@aiw	<https://panlex.org/snapshot/panlex-20191001-csv/3975#51732837>				<https://panlex.org/snapshot/panlex-20191001-csv/3975#51732878>		"ер"@inh	
"koːnˈa"@aiw	<https://panlex.org/snapshot/panlex-20191001-csv/3975#51732680>				<https://panlex.org/snapshot/panlex-20191001-csv/3975#51732724>		"дIара"@inh	
"aʰy"@aiw	<https://panlex.org/snapshot/panlex-20191001-csv/3975#51734717>				<https://panlex.org/snapshot/panlex-20191001-csv/3975#51734751>		"мала"@inh	
"aʰy"@aiw	<https://panlex.org/snapshot/panlex-20191001-csv/3975#51734717>				<https://panlex.org/snapshot/panlex-20191001-csv/3975#51734752>		"ħa"@inh	
"čʼaːčʼ-"@aiw	<https://panlex.org/snapshot/panlex-20191001-csv/3975#51730249>				<https://panlex.org/snapshot/panlex-20191001-csv/3975#51730281>		"овла"@inh	
"noʰː"@aiw	<https://panlex.org/snapshot/panlex-20191001-csv/3975#51724444>				<https://panlex.org/snapshot/panlex-20191001-csv/3975#51724482>		"цIи"@inh	
"rat-"@aiw	<https://panlex.org/snapshot/panlex-20191001-csv/3975#51731379>				<https://panlex.org/snapshot/panlex-20191001-csv/3975#51731418>		"наб е"@inh	
"qadˈa"@aiw	<https://panlex.org/snapshot/panlex-20191001-csv/3975#51728763>				<https://panlex.org/snapshot/panlex-20191001-csv/3975#51728797>		"фоарт"@inh	
"gutˈa"@aiw	<https://panlex.org/snapshot/panlex-20191001-csv/3975#51731231>				<https://panlex.org/snapshot/panlex-20191001-csv/3975#51731263>		"цIока"@inh	
"gulbˈe"@aiw	<https://panlex.org/snapshot/panlex-20191001-csv/3975#51726784>				<https://panlex.org/snapshot/panlex-20191001-csv/3975#51726824>		"го"@inh	
"doːbi"@aiw	<https://panlex.org/snapshot/panlex-20191001-csv/3975#51729828>				<https://panlex.org/snapshot/panlex-20191001-csv/3975#51729864>		"догIа"@inh	
"raʰːt-"@aiw	<https://panlex.org/snapshot/panlex-20191001-csv/3975#51727209>				<https://panlex.org/snapshot/panlex-20191001-csv/3975#51727248>		"алла"@inh	
"guftˈa"@aiw	<https://panlex.org/snapshot/panlex-20191001-csv/3975#51731230>				<https://panlex.org/snapshot/panlex-20191001-csv/3975#51731263>		"цIока"@inh	
"ʔes-"@aiw	<https://panlex.org/snapshot/panlex-20191001-csv/3975#51726927>				<https://panlex.org/snapshot/panlex-20191001-csv/3975#51726962>		"ха"@inh	
"ʔˈaci"@aiw	<https://panlex.org/snapshot/panlex-20191001-csv/3975#51733282>				<https://panlex.org/snapshot/panlex-20191001-csv/3975#51733321>		"царг"@inh	
"cʼeːdˈi"@aiw	<https://panlex.org/snapshot/panlex-20191001-csv/3975#51735696>				<https://panlex.org/snapshot/panlex-20191001-csv/3975#51735733>		"лоаца"@inh	
"kay-"@aiw	<https://panlex.org/snapshot/panlex-20191001-csv/3975#51733746>				<https://panlex.org/snapshot/panlex-20191001-csv/3975#51733785>		"даха"@inh	
"bed-mˈi"@aiw	<https://panlex.org/snapshot/panlex-20191001-csv/3975#51727907>				<https://panlex.org/snapshot/panlex-20191001-csv/3975#51727945>		"дукха"@inh	
"šˈoqa"@aiw	<https://panlex.org/snapshot/panlex-20191001-csv/3975#51726312>				<https://panlex.org/snapshot/panlex-20191001-csv/3975#51726342>		"муIа"@inh	
"aʰːqˈe"@aiw	<https://panlex.org/snapshot/panlex-20191001-csv/3975#51733432>				<https://panlex.org/snapshot/panlex-20191001-csv/3975#51733471>		"га"@inh	
"woč-"@aiw	<https://panlex.org/snapshot/panlex-20191001-csv/3975#51723281>				<https://panlex.org/snapshot/panlex-20191001-csv/3975#51723316>		"декъа"@inh	
"soiti"@aiw	<https://panlex.org/snapshot/panlex-20191001-csv/3975#51729029>				<https://panlex.org/snapshot/panlex-20191001-csv/3975#51729071>		"бийса"@inh	
"gaʔ-"@aiw	<https://panlex.org/snapshot/panlex-20191001-csv/3975#51721382>				<https://panlex.org/snapshot/panlex-20191001-csv/3975#51721418>		"царгаш йохка"@inh	
"ʔoyɗ-mˈí"@aiw	<https://panlex.org/snapshot/panlex-20191001-csv/3975#51733928>				<https://panlex.org/snapshot/panlex-20191001-csv/3975#51733963>		"дIайха"@inh	
"zey-mˈi"@aiw	<https://panlex.org/snapshot/panlex-20191001-csv/3975#51729966>				<https://panlex.org/snapshot/panlex-20191001-csv/3975#51730002>		"цIе"@inh	
"ʔaŋ"@aiw	<https://panlex.org/snapshot/panlex-20191001-csv/3975#51727757>				<https://panlex.org/snapshot/panlex-20191001-csv/3975#51727797>		"маIа саг"@inh	
"cʼaː-mi"@aiw	<https://panlex.org/snapshot/panlex-20191001-csv/3975#51734593>				<https://panlex.org/snapshot/panlex-20191001-csv/3975#51734626>		"кIай"@inh	
"qalʔˈe"@aiw	<https://panlex.org/snapshot/panlex-20191001-csv/3975#51727064>				<https://panlex.org/snapshot/panlex-20191001-csv/3975#51727101>		"гIа"@inh	
"matˈa"@aiw	<https://panlex.org/snapshot/panlex-20191001-csv/3975#51725856>				<https://panlex.org/snapshot/panlex-20191001-csv/3975#51725899>		"корта"@inh	
"aʰː"@aiw	<https://panlex.org/snapshot/panlex-20191001-csv/3975#51732985>				<https://panlex.org/snapshot/panlex-20191001-csv/3975#51733018>		"хьо"@inh	
"maʰ"@aiw	<https://panlex.org/snapshot/panlex-20191001-csv/3975#51734868>				<https://panlex.org/snapshot/panlex-20191001-csv/3975#51734911>		"кхалсаг"@inh	
"ʔˈaːfi"@aiw	<https://panlex.org/snapshot/panlex-20191001-csv/3975#51724017>				<https://panlex.org/snapshot/panlex-20191001-csv/3975#51724060>		"бIарг"@inh	
"qaskˈen"@aiw	<https://panlex.org/snapshot/panlex-20191001-csv/3975#51733583>				<https://panlex.org/snapshot/panlex-20191001-csv/3975#51733624>		"шиъ"@inh	
"aʰ-rˈe"@aiw	<https://panlex.org/snapshot/panlex-20191001-csv/3975#51734438>				<https://panlex.org/snapshot/panlex-20191001-csv/3975#51734477>		"фу"@inh	
"goːgˈi"@aiw	<https://panlex.org/snapshot/panlex-20191001-csv/3975#51730105>				<https://panlex.org/snapshot/panlex-20191001-csv/3975#51730143>		"никъ"@inh	
"noqˈa"@aiw	<https://panlex.org/snapshot/panlex-20191001-csv/3975#51734057>				<https://panlex.org/snapshot/panlex-20191001-csv/3975#51734096>		"хий"@inh	
"balˈa"@aiw	<https://panlex.org/snapshot/panlex-20191001-csv/3975#51728349>				<https://panlex.org/snapshot/panlex-20191001-csv/3975#51728378>		"лоам"@inh	
"šed-"@aiw	<https://panlex.org/snapshot/panlex-20191001-csv/3975#51730771>				<https://panlex.org/snapshot/panlex-20191001-csv/3975#51730811>		"го"@inh	
"ʔac-"@aiw	<https://panlex.org/snapshot/panlex-20191001-csv/3975#51722081>				<https://panlex.org/snapshot/panlex-20191001-csv/3975#51722118>		"доагаде"@inh	
"qaːm-"@aiw	<https://panlex.org/snapshot/panlex-20191001-csv/3975#51723419>				<https://panlex.org/snapshot/panlex-20191001-csv/3975#51723456>		"лерг"@inh	
"ʔi"@aiw	<https://panlex.org/snapshot/panlex-20191001-csv/3975#51726441>				<https://panlex.org/snapshot/panlex-20191001-csv/3975#51726489>		"со"@inh	
"soːq"@aiw	<https://panlex.org/snapshot/panlex-20191001-csv/3975#51735564>				<https://panlex.org/snapshot/panlex-20191001-csv/3975#51735598>		"тух"@inh	
"kill-ˈa"@aiw	<https://panlex.org/snapshot/panlex-20191001-csv/3975#51728900>				<https://panlex.org/snapshot/panlex-20191001-csv/3975#51728934>		"керда"@inh	
"seːn-"@aiw	<https://panlex.org/snapshot/panlex-20191001-csv/3975#51732114>				<https://panlex.org/snapshot/panlex-20191001-csv/3975#51732149>		"кхера"@inh	
"cʼoːcʼ-ˈi"@aiw	<https://panlex.org/snapshot/panlex-20191001-csv/3975#51725018>				<https://panlex.org/snapshot/panlex-20191001-csv/3975#51725052>		"диза"@inh	
"cʼoːcʼ-ˈi"@aiw	<https://panlex.org/snapshot/panlex-20191001-csv/3975#51725018>				<https://panlex.org/snapshot/panlex-20191001-csv/3975#51725051>		"дизза"@inh	
"woʔ-"@aiw	<https://panlex.org/snapshot/panlex-20191001-csv/3975#51731824>				<https://panlex.org/snapshot/panlex-20191001-csv/3975#51731860>		"латта"@inh	
"aʰːd-"@aiw	<https://panlex.org/snapshot/panlex-20191001-csv/3975#51722617>				<https://panlex.org/snapshot/panlex-20191001-csv/3975#51722662>		"ва"@inh	
"ɗecʼ-"@aiw	<https://panlex.org/snapshot/panlex-20191001-csv/3975#51721100>				<https://panlex.org/snapshot/panlex-20191001-csv/3975#51721137>		"доккха"@inh	
"ʔˈarfi"@aiw	<https://panlex.org/snapshot/panlex-20191001-csv/3975#51728208>				<https://panlex.org/snapshot/panlex-20191001-csv/3975#51728246>		"бутт"@inh	
"qaʰž-ˈi"@aiw	<https://panlex.org/snapshot/panlex-20191001-csv/3975#51736107>				<https://panlex.org/snapshot/panlex-20191001-csv/3975#51736145>		"мух"@inh	
"qaʰž-ˈi"@aiw	<https://panlex.org/snapshot/panlex-20191001-csv/3975#51722479>				<https://panlex.org/snapshot/panlex-20191001-csv/3975#51722517>		"шийла"@inh	
"nˈuki"@aiw	<https://panlex.org/snapshot/panlex-20191001-csv/3975#51729188>				<https://panlex.org/snapshot/panlex-20191001-csv/3975#51729225>		"мераж"@inh	
"ʔeːd"@aiw	<https://panlex.org/snapshot/panlex-20191001-csv/3975#51729671>				<https://panlex.org/snapshot/panlex-20191001-csv/3975#51729709>		"саг"@inh	
"aʰz-"@aiw	<https://panlex.org/snapshot/panlex-20191001-csv/3975#51724740>				<https://panlex.org/snapshot/panlex-20191001-csv/3975#51724772>		"лела"@inh	
"tok-mˈi"@aiw	<https://panlex.org/snapshot/panlex-20191001-csv/3975#51731535>				<https://panlex.org/snapshot/panlex-20191001-csv/3975#51731574>		"зIамига"@inh	
"qˈase"@aiw	<https://panlex.org/snapshot/panlex-20191001-csv/3975#51721660>				<https://panlex.org/snapshot/panlex-20191001-csv/3975#51721699>		"цIий"@inh	
"ʔim-"@aiw	<https://panlex.org/snapshot/panlex-20191001-csv/3975#51725134>				<https://panlex.org/snapshot/panlex-20191001-csv/3975#51725173>		"d=al-a (дала}"@inh	
"manka"@aiw	<https://panlex.org/snapshot/panlex-20191001-csv/3975#51731959>				<https://panlex.org/snapshot/panlex-20191001-csv/3975#51731995>		"седкъа"@inh	
"ʔaːni"@aiw	<https://panlex.org/snapshot/panlex-20191001-csv/3975#51725708>				<https://panlex.org/snapshot/panlex-20191001-csv/3975#51725747>		"кулг"@inh	
"woʰː"@aiw	<https://panlex.org/snapshot/panlex-20191001-csv/3975#51734215>				<https://panlex.org/snapshot/panlex-20191001-csv/3975#51734271>		"тхо"@inh	
"woʰː"@aiw	<https://panlex.org/snapshot/panlex-20191001-csv/3975#51734215>				<https://panlex.org/snapshot/panlex-20191001-csv/3975#51734272>		"вай"@inh	
"fegˈa"@aiw	<https://panlex.org/snapshot/panlex-20191001-csv/3975#51735164>				<https://panlex.org/snapshot/panlex-20191001-csv/3975#51735203>		"гаьнара"@inh	
"lefi"@aiw	<https://panlex.org/snapshot/panlex-20191001-csv/3975#51721810>				<https://panlex.org/snapshot/panlex-20191001-csv/3975#51721850>		"тIехк"@inh	
"wˈollaq"@aiw	<https://panlex.org/snapshot/panlex-20191001-csv/3975#51729513>				<https://panlex.org/snapshot/panlex-20191001-csv/3975#51729559>		"цаI"@inh	
"laq-mˈi"@aiw	<https://panlex.org/snapshot/panlex-20191001-csv/3975#51725298>				<https://panlex.org/snapshot/panlex-20191001-csv/3975#51725335>		"дика"@inh	
"deʰs-"@aiw	<https://panlex.org/snapshot/panlex-20191001-csv/3975#51726640>				<https://panlex.org/snapshot/panlex-20191001-csv/3975#51726677>		"де"@inh	
"nohˈa"@aiw	<https://panlex.org/snapshot/panlex-20191001-csv/3975#51724442>				<https://panlex.org/snapshot/panlex-20191001-csv/3975#51724482>		"цIи"@inh	
"koːnˈe"@aiw	<https://panlex.org/snapshot/panlex-20191001-csv/3975#51732836>				<https://panlex.org/snapshot/panlex-20191001-csv/3975#51732878>		"ер"@inh	
"koːnˈe"@aiw	<https://panlex.org/snapshot/panlex-20191001-csv/3975#51732679>				<https://panlex.org/snapshot/panlex-20191001-csv/3975#51732724>		"дIара"@inh	
"gay-"@aiw	<https://panlex.org/snapshot/panlex-20191001-csv/3975#51730605>				<https://panlex.org/snapshot/panlex-20191001-csv/3975#51730647>		"ала"@inh	
"wur-"@aiw	<https://panlex.org/snapshot/panlex-20191001-csv/3975#51726013>				<https://panlex.org/snapshot/panlex-20191001-csv/3975#51726051>		"xaz-a (хаза}"@inh	
"ʔˈaksi"@aiw	<https://panlex.org/snapshot/panlex-20191001-csv/3975#51722962>				<https://panlex.org/snapshot/panlex-20191001-csv/3975#51723001>		"жIали"@inh	
"wahˈa"@aiw	<https://panlex.org/snapshot/panlex-20191001-csv/3975#51728051>				<https://panlex.org/snapshot/panlex-20191001-csv/3975#51728089>		"дулх"@inh	
"čʼel-mˈi"@aiw	<https://panlex.org/snapshot/panlex-20191001-csv/3975#51721520>				<https://panlex.org/snapshot/panlex-20191001-csv/3975#51721556>		"Iаьржа"@inh	
"woʰ"@aiw	<https://panlex.org/snapshot/panlex-20191001-csv/3975#51734214>				<https://panlex.org/snapshot/panlex-20191001-csv/3975#51734271>		"тхо"@inh	
"woʰ"@aiw	<https://panlex.org/snapshot/panlex-20191001-csv/3975#51734214>				<https://panlex.org/snapshot/panlex-20191001-csv/3975#51734272>		"вай"@inh	
"muːda"@aiw	<https://panlex.org/snapshot/panlex-20191001-csv/3975#51720561>				<https://panlex.org/snapshot/panlex-20191001-csv/3975#51720597>		"деррига"@inh	
"sicʼˈi"@aiw	<https://panlex.org/snapshot/panlex-20191001-csv/3975#51725560>				<https://panlex.org/snapshot/panlex-20191001-csv/3975#51725595>		"чо"@inh	
