"ŋgeŋgèo"@twu	<https://panlex.org/snapshot/panlex-20191001-csv/114#8056742>				<https://panlex.org/snapshot/panlex-20191001-csv/114#8056393>		"baailina"@gvs	
"eno[k]"@twu	<https://panlex.org/snapshot/panlex-20191001-csv/114#8054711>				<https://panlex.org/snapshot/panlex-20191001-csv/114#8054389>		"enao"@gvs	
"laŋa"@twu	<https://panlex.org/snapshot/panlex-20191001-csv/114#8063892>				<https://panlex.org/snapshot/panlex-20191001-csv/114#8063534>		"bulubulu"@gvs	
"taʔu"@twu	<https://panlex.org/snapshot/panlex-20191001-csv/114#8062832>				<https://panlex.org/snapshot/panlex-20191001-csv/114#8062488>		"matoita"@gvs	
"pana"@twu	<https://panlex.org/snapshot/panlex-20191001-csv/114#8065526>				<https://panlex.org/snapshot/panlex-20191001-csv/114#8065163>		"kubuna"@gvs	
"suʔu"@twu	<https://panlex.org/snapshot/panlex-20191001-csv/114#8060823>				<https://panlex.org/snapshot/panlex-20191001-csv/114#8060429>		"nunu"@gvs	
"nisi[k]"@twu	<https://panlex.org/snapshot/panlex-20191001-csv/114#8067554>				<https://panlex.org/snapshot/panlex-20191001-csv/114#8067187>		"sala"@gvs	
"bi"@twu	<https://panlex.org/snapshot/panlex-20191001-csv/114#8062831>				<https://panlex.org/snapshot/panlex-20191001-csv/114#8062488>		"matoita"@gvs	
"laʔo"@twu	<https://panlex.org/snapshot/panlex-20191001-csv/114#8054212>				<https://panlex.org/snapshot/panlex-20191001-csv/114#8053822>		"ketoiya"@gvs	
