"oe"@twu	<https://panlex.org/snapshot/panlex-20191001-csv/12#851220>				<https://panlex.org/snapshot/panlex-20191001-csv/12#850875>		"aqua"@ch	
"oe"@twu	<https://panlex.org/snapshot/panlex-20191001-csv/12#851220>				<https://panlex.org/snapshot/panlex-20191001-csv/12#850876>		"hanom"@ch	
"ŋgeŋgèo"@twu	<https://panlex.org/snapshot/panlex-20191001-csv/114#8056742>				<https://panlex.org/snapshot/panlex-20191001-csv/114#8056348>		"hoplat"@ch	
"eno[k]"@twu	<https://panlex.org/snapshot/panlex-20191001-csv/114#8054711>				<https://panlex.org/snapshot/panlex-20191001-csv/114#8054337>		"chalan"@ch	
"laŋa"@twu	<https://panlex.org/snapshot/panlex-20191001-csv/114#8063892>				<https://panlex.org/snapshot/panlex-20191001-csv/114#8063475>		"kabesa"@ch	
"laŋa"@twu	<https://panlex.org/snapshot/panlex-20191001-csv/114#8063892>				<https://panlex.org/snapshot/panlex-20191001-csv/114#8063476>		"ulu"@ch	
"taʔu"@twu	<https://panlex.org/snapshot/panlex-20191001-csv/114#8062832>				<https://panlex.org/snapshot/panlex-20191001-csv/114#8062446>		"kinibatde"@ch	
"pana"@twu	<https://panlex.org/snapshot/panlex-20191001-csv/114#8065526>				<https://panlex.org/snapshot/panlex-20191001-csv/114#8065110>		"guiʼeng"@ch	
"suʔu"@twu	<https://panlex.org/snapshot/panlex-20191001-csv/114#8060823>				<https://panlex.org/snapshot/panlex-20191001-csv/114#8060379>		"susu"@ch	
"nisi[k]"@twu	<https://panlex.org/snapshot/panlex-20191001-csv/114#8067554>				<https://panlex.org/snapshot/panlex-20191001-csv/114#8067133>		"nifen"@ch	
"bi"@twu	<https://panlex.org/snapshot/panlex-20191001-csv/114#8062831>				<https://panlex.org/snapshot/panlex-20191001-csv/114#8062446>		"kinibatde"@ch	
"laʔo"@twu	<https://panlex.org/snapshot/panlex-20191001-csv/114#8054212>				<https://panlex.org/snapshot/panlex-20191001-csv/114#8053770>		"lahu"@ch	
