"eno[k]"@twu	<https://panlex.org/snapshot/panlex-20191001-csv/114#8054711>				<https://panlex.org/snapshot/panlex-20191001-csv/114#8054575>		"tanduhan"@otd	
"eno[k]"@twu	<https://panlex.org/snapshot/panlex-20191001-csv/114#8054711>				<https://panlex.org/snapshot/panlex-20191001-csv/114#8054576>		"ǰaɾan"@otd	
"laŋa"@twu	<https://panlex.org/snapshot/panlex-20191001-csv/114#8063892>				<https://panlex.org/snapshot/panlex-20191001-csv/114#8063745>		"kuhuŋ"@otd	
"taʔu"@twu	<https://panlex.org/snapshot/panlex-20191001-csv/114#8062832>				<https://panlex.org/snapshot/panlex-20191001-csv/114#8062703>		"mihkoh"@otd	
"pana"@twu	<https://panlex.org/snapshot/panlex-20191001-csv/114#8065526>				<https://panlex.org/snapshot/panlex-20191001-csv/114#8065381>		"uruŋ"@otd	
"suʔu"@twu	<https://panlex.org/snapshot/panlex-20191001-csv/114#8060823>				<https://panlex.org/snapshot/panlex-20191001-csv/114#8060664>		"usuk"@otd	
"suʔu"@twu	<https://panlex.org/snapshot/panlex-20191001-csv/114#8060823>				<https://panlex.org/snapshot/panlex-20191001-csv/114#8060663>		"tusu"@otd	
"nisi[k]"@twu	<https://panlex.org/snapshot/panlex-20191001-csv/114#8067554>				<https://panlex.org/snapshot/panlex-20191001-csv/114#8067410>		"ñihpo"@otd	
"bi"@twu	<https://panlex.org/snapshot/panlex-20191001-csv/114#8062831>				<https://panlex.org/snapshot/panlex-20191001-csv/114#8062703>		"mihkoh"@otd	
"laʔo"@twu	<https://panlex.org/snapshot/panlex-20191001-csv/114#8054212>				<https://panlex.org/snapshot/panlex-20191001-csv/114#8054055>		"ñaɾan"@otd	
