"Germany"@zu	<https://panlex.org/snapshot/panlex-20191001-csv/5950#85858443>				<https://panlex.org/snapshot/panlex-20191001-csv/5950#85858350>		"Jamani"@fj	
"-mhlophe"@zu	<https://panlex.org/snapshot/panlex-20191001-csv/5947#84639884>				<https://panlex.org/snapshot/panlex-20191001-csv/5947#84639730>		"vulavula"@fj	
"IFiji"@zu	<https://panlex.org/snapshot/panlex-20191001-csv/5939#80814708>				<https://panlex.org/snapshot/panlex-20191001-csv/5939#80814668>		"Viti"@fj	
"Jalimani"@zu	<https://panlex.org/snapshot/panlex-20191001-csv/5939#80782492>				<https://panlex.org/snapshot/panlex-20191001-csv/5939#80782371>		"vakajamani"@fj	
"Jalimani"@zu	<https://panlex.org/snapshot/panlex-20191001-csv/5939#80782492>				<https://panlex.org/snapshot/panlex-20191001-csv/5939#80782370>		"vosa vakajamani"@fj	
"I-ephuleli"@zu	<https://panlex.org/snapshot/panlex-20191001-csv/5939#80725408>				<https://panlex.org/snapshot/panlex-20191001-csv/5939#80725330>		"Epereli"@fj	
"ikhemisi"@zu	<https://panlex.org/snapshot/panlex-20191001-csv/5939#80724804>				<https://panlex.org/snapshot/panlex-20191001-csv/5939#80724725>		"kemisi"@fj	
"Ijalimane"@zu	<https://panlex.org/snapshot/panlex-20191001-csv/5939#80782490>				<https://panlex.org/snapshot/panlex-20191001-csv/5939#80782371>		"vakajamani"@fj	
"Ijalimane"@zu	<https://panlex.org/snapshot/panlex-20191001-csv/5939#80782490>				<https://panlex.org/snapshot/panlex-20191001-csv/5939#80782370>		"vosa vakajamani"@fj	
"isiJalimane"@zu	<https://panlex.org/snapshot/panlex-20191001-csv/5939#80782491>				<https://panlex.org/snapshot/panlex-20191001-csv/5939#80782371>		"vakajamani"@fj	
"isiJalimane"@zu	<https://panlex.org/snapshot/panlex-20191001-csv/5939#80782491>				<https://panlex.org/snapshot/panlex-20191001-csv/5939#80782370>		"vosa vakajamani"@fj	
"IRiphabliki yoBumbano yaseJalimani"@zu	<https://panlex.org/snapshot/panlex-20191001-csv/5939#80768275>				<https://panlex.org/snapshot/panlex-20191001-csv/5939#80768194>		"Na Matanitu Cokovata O Jamani"@fj	
"Uncwaba"@zu	<https://panlex.org/snapshot/panlex-20191001-csv/5939#80734683>				<https://panlex.org/snapshot/panlex-20191001-csv/5939#80734594>		"Okosita"@fj	
"Germany"@zu	<https://panlex.org/snapshot/panlex-20191001-csv/5939#80782832>				<https://panlex.org/snapshot/panlex-20191001-csv/5939#80782680>		"Jamani"@fj	
"hamba kalhle"@zu	<https://panlex.org/snapshot/panlex-20191001-csv/5946#84455433>				<https://panlex.org/snapshot/panlex-20191001-csv/5946#84455370>		"moce"@fj	
"imvula"@zu	<https://panlex.org/snapshot/panlex-20191001-csv/5946#84436411>				<https://panlex.org/snapshot/panlex-20191001-csv/5946#84436280>		"uca"@fj	
"IBhayibheli"@zu	<https://panlex.org/snapshot/panlex-20191001-csv/5949#85302832>				<https://panlex.org/snapshot/panlex-20191001-csv/5949#85302674>		"Ai Vola Tabu"@fj	
"uNcwaba"@zu	<https://panlex.org/snapshot/panlex-20191001-csv/5949#85329559>				<https://panlex.org/snapshot/panlex-20191001-csv/5949#85329335>		"Okosita"@fj	
"uAgasti"@zu	<https://panlex.org/snapshot/panlex-20191001-csv/5949#85329558>				<https://panlex.org/snapshot/panlex-20191001-csv/5949#85329335>		"Okosita"@fj	
"impophoma"@zu	<https://panlex.org/snapshot/panlex-20191001-csv/5942#83279821>				<https://panlex.org/snapshot/panlex-20191001-csv/5942#83279762>		"savu"@fj	
"isinkwa"@zu	<https://panlex.org/snapshot/panlex-20191001-csv/5943#83364597>				<https://panlex.org/snapshot/panlex-20191001-csv/5943#83364551>		"madrai"@fj	
"ifishi"@zu	<https://panlex.org/snapshot/panlex-20191001-csv/5943#83338493>				<https://panlex.org/snapshot/panlex-20191001-csv/5943#83338455>		"ika"@fj	
"ubaba"@zu	<https://panlex.org/snapshot/panlex-20191001-csv/5943#83332692>				<https://panlex.org/snapshot/panlex-20191001-csv/5943#83332672>		"tama tata"@fj	
"ihlanzi"@zu	<https://panlex.org/snapshot/panlex-20191001-csv/5943#83338492>				<https://panlex.org/snapshot/panlex-20191001-csv/5943#83338455>		"ika"@fj	
"ihashi"@zu	<https://panlex.org/snapshot/panlex-20191001-csv/5943#83323612>				<https://panlex.org/snapshot/panlex-20191001-csv/5943#83323571>		"ose"@fj	
"isishiyagalolunye"@zu	<https://panlex.org/snapshot/panlex-20191001-csv/9#491073>				<https://panlex.org/snapshot/panlex-20191001-csv/9#490948>		"ciwa"@fj	
"I-ephuleli"@zu	<https://panlex.org/snapshot/panlex-20191001-csv/9#473178>				<https://panlex.org/snapshot/panlex-20191001-csv/9#473114>		"Epereli"@fj	
"IRiphabliki yoBumbano yaseJalimani"@zu	<https://panlex.org/snapshot/panlex-20191001-csv/9#522322>				<https://panlex.org/snapshot/panlex-20191001-csv/9#522274>		"Na Matanitu Cokovata O Jamani"@fj	
"Uncwaba"@zu	<https://panlex.org/snapshot/panlex-20191001-csv/9#473503>				<https://panlex.org/snapshot/panlex-20191001-csv/9#473432>		"Okosita"@fj	
"Germany"@zu	<https://panlex.org/snapshot/panlex-20191001-csv/9#474877>				<https://panlex.org/snapshot/panlex-20191001-csv/9#474771>		"Jamani"@fj	
"nzi"@zu	<https://panlex.org/snapshot/panlex-20191001-csv/12#851262>				<https://panlex.org/snapshot/panlex-20191001-csv/12#850911>		"wai"@fj	
"ukuthula"@zu	<https://panlex.org/snapshot/panlex-20191001-csv/2902#111012061>				<https://panlex.org/snapshot/panlex-20191001-csv/2902#111012312>		"vakacegu"@fj	
"isithangami"@zu	<https://panlex.org/snapshot/panlex-20191001-csv/2902#111012126>				<https://panlex.org/snapshot/panlex-20191001-csv/2902#111012312>		"vakacegu"@fj	
"u-Adamu no-Eva"@zu	<https://panlex.org/snapshot/panlex-20191001-csv/2906#111019190>				<https://panlex.org/snapshot/panlex-20191001-csv/2906#111019135>		"Atama kei Ivi"@fj	
"siyakubonga"@zu	<https://panlex.org/snapshot/panlex-20191001-csv/10#569218>				<https://panlex.org/snapshot/panlex-20191001-csv/10#569170>		"vinaka"@fj	
"intaba"@zu	<https://panlex.org/snapshot/panlex-20191001-csv/10#592466>				<https://panlex.org/snapshot/panlex-20191001-csv/10#592412>		"ulunivanua"@fj	
"ngiyabonga"@zu	<https://panlex.org/snapshot/panlex-20191001-csv/10#569217>				<https://panlex.org/snapshot/panlex-20191001-csv/10#569170>		"vinaka"@fj	
"ummese"@zu	<https://panlex.org/snapshot/panlex-20191001-csv/15#972362>				<https://panlex.org/snapshot/panlex-20191001-csv/15#972321>		"sele"@fj	
"ifishi"@zu	<https://panlex.org/snapshot/panlex-20191001-csv/15#954466>				<https://panlex.org/snapshot/panlex-20191001-csv/15#954442>		"ika"@fj	
"ihlanzi"@zu	<https://panlex.org/snapshot/panlex-20191001-csv/15#954467>				<https://panlex.org/snapshot/panlex-20191001-csv/15#954442>		"ika"@fj	
"isinkwa"@zu	<https://panlex.org/snapshot/panlex-20191001-csv/15#966162>				<https://panlex.org/snapshot/panlex-20191001-csv/15#966124>		"madrai"@fj	
"nzi"@zu	<https://panlex.org/snapshot/panlex-20191001-csv/11#787776>				<https://panlex.org/snapshot/panlex-20191001-csv/11#787550>		"wai"@fj	
"uMgqibelo"@zu	<https://panlex.org/snapshot/panlex-20191001-csv/2892#110826209>				<https://panlex.org/snapshot/panlex-20191001-csv/2892#110826542>		"Vakarauwai"@fj	
"uLwesine"@zu	<https://panlex.org/snapshot/panlex-20191001-csv/2892#110825578>				<https://panlex.org/snapshot/panlex-20191001-csv/2892#110825483>		"Lotulevu"@fj	
"iSonto"@zu	<https://panlex.org/snapshot/panlex-20191001-csv/2892#110826790>				<https://panlex.org/snapshot/panlex-20191001-csv/2892#110827024>		"Sigatabu"@fj	
"uMsombuluko"@zu	<https://panlex.org/snapshot/panlex-20191001-csv/2892#110824239>				<https://panlex.org/snapshot/panlex-20191001-csv/2892#110824134>		"Moniti"@fj	
"uLwesihlanu"@zu	<https://panlex.org/snapshot/panlex-20191001-csv/2892#110825720>				<https://panlex.org/snapshot/panlex-20191001-csv/2892#110826069>		"Vakaraubuka"@fj	
"uLwesibili"@zu	<https://panlex.org/snapshot/panlex-20191001-csv/2892#110824673>				<https://panlex.org/snapshot/panlex-20191001-csv/2892#110824681>		"Tusiti"@fj	
"uLwesithathu"@zu	<https://panlex.org/snapshot/panlex-20191001-csv/2892#110825143>				<https://panlex.org/snapshot/panlex-20191001-csv/2892#110824922>		"Vukelulu"@fj	
"uJanuwari"@zu	<https://panlex.org/snapshot/panlex-20191001-csv/2897#110827147>				<https://panlex.org/snapshot/panlex-20191001-csv/2897#110827402>		"Janueri"@fj	
"uZibandlela"@zu	<https://panlex.org/snapshot/panlex-20191001-csv/2897#110831803>				<https://panlex.org/snapshot/panlex-20191001-csv/2897#110831932>		"Tiseba"@fj	
"uNovemba"@zu	<https://panlex.org/snapshot/panlex-20191001-csv/2897#110831269>				<https://panlex.org/snapshot/panlex-20191001-csv/2897#110831314>		"Noveba"@fj	
"uMasingana"@zu	<https://panlex.org/snapshot/panlex-20191001-csv/2897#110827301>				<https://panlex.org/snapshot/panlex-20191001-csv/2897#110827402>		"Janueri"@fj	
"uMandulo"@zu	<https://panlex.org/snapshot/panlex-20191001-csv/2897#110830437>				<https://panlex.org/snapshot/panlex-20191001-csv/2897#110830717>		"Sepiteba"@fj	
"uMeyi"@zu	<https://panlex.org/snapshot/panlex-20191001-csv/2897#110828865>				<https://panlex.org/snapshot/panlex-20191001-csv/2897#110828918>		"Me"@fj	
"uNhlaba"@zu	<https://panlex.org/snapshot/panlex-20191001-csv/2897#110829058>				<https://panlex.org/snapshot/panlex-20191001-csv/2897#110828918>		"Me"@fj	
"uNdasa"@zu	<https://panlex.org/snapshot/panlex-20191001-csv/2897#110827927>				<https://panlex.org/snapshot/panlex-20191001-csv/2897#110828069>		"Maji"@fj	
"uJuni"@zu	<https://panlex.org/snapshot/panlex-20191001-csv/2897#110829100>				<https://panlex.org/snapshot/panlex-20191001-csv/2897#110829098>		"June"@fj	
"uAphrili"@zu	<https://panlex.org/snapshot/panlex-20191001-csv/2897#110828637>				<https://panlex.org/snapshot/panlex-20191001-csv/2897#110828340>		"Epereli"@fj	
"uNhlolanja"@zu	<https://panlex.org/snapshot/panlex-20191001-csv/2897#110827605>				<https://panlex.org/snapshot/panlex-20191001-csv/2897#110827730>		"Feperueri"@fj	
"uNhlangulana"@zu	<https://panlex.org/snapshot/panlex-20191001-csv/2897#110829334>				<https://panlex.org/snapshot/panlex-20191001-csv/2897#110829098>		"June"@fj	
"uNgcela"@zu	<https://panlex.org/snapshot/panlex-20191001-csv/2897#110827276>				<https://panlex.org/snapshot/panlex-20191001-csv/2897#110827402>		"Janueri"@fj	
"uFebruwari"@zu	<https://panlex.org/snapshot/panlex-20191001-csv/2897#110827639>				<https://panlex.org/snapshot/panlex-20191001-csv/2897#110827730>		"Feperueri"@fj	
"uEphuleli"@zu	<https://panlex.org/snapshot/panlex-20191001-csv/2897#110828455>				<https://panlex.org/snapshot/panlex-20191001-csv/2897#110828340>		"Epereli"@fj	
"uJulayi"@zu	<https://panlex.org/snapshot/panlex-20191001-csv/2897#110829596>				<https://panlex.org/snapshot/panlex-20191001-csv/2897#110829721>		"Julai"@fj	
"uMbasa"@zu	<https://panlex.org/snapshot/panlex-20191001-csv/2897#110828281>				<https://panlex.org/snapshot/panlex-20191001-csv/2897#110828340>		"Epereli"@fj	
"uAgasti"@zu	<https://panlex.org/snapshot/panlex-20191001-csv/2897#110829992>				<https://panlex.org/snapshot/panlex-20191001-csv/2897#110829945>		"Okosita"@fj	
"uLwezi"@zu	<https://panlex.org/snapshot/panlex-20191001-csv/2897#110831543>				<https://panlex.org/snapshot/panlex-20191001-csv/2897#110831314>		"Noveba"@fj	
"uOkthoba"@zu	<https://panlex.org/snapshot/panlex-20191001-csv/2897#110830857>				<https://panlex.org/snapshot/panlex-20191001-csv/2897#110830788>		"Okotova"@fj	
"uNtulikazi"@zu	<https://panlex.org/snapshot/panlex-20191001-csv/2897#110829486>				<https://panlex.org/snapshot/panlex-20191001-csv/2897#110829721>		"Julai"@fj	
"uApreli"@zu	<https://panlex.org/snapshot/panlex-20191001-csv/2897#110828458>				<https://panlex.org/snapshot/panlex-20191001-csv/2897#110828340>		"Epereli"@fj	
"uDisemba"@zu	<https://panlex.org/snapshot/panlex-20191001-csv/2897#110831600>				<https://panlex.org/snapshot/panlex-20191001-csv/2897#110831932>		"Tiseba"@fj	
"uOktoba"@zu	<https://panlex.org/snapshot/panlex-20191001-csv/2897#110830723>				<https://panlex.org/snapshot/panlex-20191001-csv/2897#110830788>		"Okotova"@fj	
"uMfumfu"@zu	<https://panlex.org/snapshot/panlex-20191001-csv/2897#110830902>				<https://panlex.org/snapshot/panlex-20191001-csv/2897#110830788>		"Okotova"@fj	
"uNcwaba"@zu	<https://panlex.org/snapshot/panlex-20191001-csv/2897#110829893>				<https://panlex.org/snapshot/panlex-20191001-csv/2897#110829945>		"Okosita"@fj	
"uSebutemba"@zu	<https://panlex.org/snapshot/panlex-20191001-csv/2897#110830448>				<https://panlex.org/snapshot/panlex-20191001-csv/2897#110830717>		"Sepiteba"@fj	
"uMashi"@zu	<https://panlex.org/snapshot/panlex-20191001-csv/2897#110828097>				<https://panlex.org/snapshot/panlex-20191001-csv/2897#110828069>		"Maji"@fj	
"iMelika"@zu	<https://panlex.org/snapshot/panlex-20191001-csv/2891#110853298>				<https://panlex.org/snapshot/panlex-20191001-csv/2891#110853505>		"Merika"@fj	
"iYurophu"@zu	<https://panlex.org/snapshot/panlex-20191001-csv/2891#110854112>				<https://panlex.org/snapshot/panlex-20191001-csv/2891#110854136>		"Urope"@fj	
