"i-French Guiana"@zu	<https://panlex.org/snapshot/panlex-20191001-csv/6898#113644426>				<https://panlex.org/snapshot/panlex-20191001-csv/6898#113644430>		"Gwiyana ya Ufaransa"@jmc	
"i-Barbados"@zu	<https://panlex.org/snapshot/panlex-20191001-csv/6898#113620367>				<https://panlex.org/snapshot/panlex-20191001-csv/6898#113620484>		"Babadosi"@jmc	
"i-Nepal"@zu	<https://panlex.org/snapshot/panlex-20191001-csv/6898#113584084>				<https://panlex.org/snapshot/panlex-20191001-csv/6898#113584204>		"Nepali"@jmc	
"i-Kenya"@zu	<https://panlex.org/snapshot/panlex-20191001-csv/6898#113593891>				<https://panlex.org/snapshot/panlex-20191001-csv/6898#113593972>		"Kenya"@jmc	
"i-Belize"@zu	<https://panlex.org/snapshot/panlex-20191001-csv/6898#113609027>				<https://panlex.org/snapshot/panlex-20191001-csv/6898#113609053>		"Belize"@jmc	
"i-United States"@zu	<https://panlex.org/snapshot/panlex-20191001-csv/6898#113597948>				<https://panlex.org/snapshot/panlex-20191001-csv/6898#113598140>		"Marekani"@jmc	
"i-Palestinian Territories"@zu	<https://panlex.org/snapshot/panlex-20191001-csv/6898#113586384>				<https://panlex.org/snapshot/panlex-20191001-csv/6898#113586236>		"Ukingo wa Magharibi na Ukanda wa Gaza wa Palestina"@jmc	
"iBotswana"@zu	<https://panlex.org/snapshot/panlex-20191001-csv/6898#113595432>				<https://panlex.org/snapshot/panlex-20191001-csv/6898#113595320>		"Botswana"@jmc	
"i-Iceland"@zu	<https://panlex.org/snapshot/panlex-20191001-csv/6898#113601103>				<https://panlex.org/snapshot/panlex-20191001-csv/6898#113601142>		"Aislandi"@jmc	
"i-Guinea-Bissau"@zu	<https://panlex.org/snapshot/panlex-20191001-csv/6898#113616644>				<https://panlex.org/snapshot/panlex-20191001-csv/6898#113616569>		"Ginebisau"@jmc	
"i-Costa Rica"@zu	<https://panlex.org/snapshot/panlex-20191001-csv/6898#113598425>				<https://panlex.org/snapshot/panlex-20191001-csv/6898#113598474>		"Kostarika"@jmc	
"i-Ireland"@zu	<https://panlex.org/snapshot/panlex-20191001-csv/6898#113625857>				<https://panlex.org/snapshot/panlex-20191001-csv/6898#113625873>		"Ayalandi"@jmc	
"i-Zambia"@zu	<https://panlex.org/snapshot/panlex-20191001-csv/6898#113617458>				<https://panlex.org/snapshot/panlex-20191001-csv/6898#113617432>		"Zambia"@jmc	
"i-Lithuania"@zu	<https://panlex.org/snapshot/panlex-20191001-csv/6898#113632048>				<https://panlex.org/snapshot/panlex-20191001-csv/6898#113632089>		"Litwania"@jmc	
"i-Niue"@zu	<https://panlex.org/snapshot/panlex-20191001-csv/6898#113641372>				<https://panlex.org/snapshot/panlex-20191001-csv/6898#113641328>		"Niue"@jmc	
"i-Djibouti"@zu	<https://panlex.org/snapshot/panlex-20191001-csv/6898#113585803>				<https://panlex.org/snapshot/panlex-20191001-csv/6898#113585663>		"Jibuti"@jmc	
"i-Saint Pierre kanye ne-Miquelon"@zu	<https://panlex.org/snapshot/panlex-20191001-csv/6898#113588863>				<https://panlex.org/snapshot/panlex-20191001-csv/6898#113588979>		"Santapieri na Mikeloni"@jmc	
"i-Peru"@zu	<https://panlex.org/snapshot/panlex-20191001-csv/6898#113593702>				<https://panlex.org/snapshot/panlex-20191001-csv/6898#113593785>		"Peru"@jmc	
"i-Finland"@zu	<https://panlex.org/snapshot/panlex-20191001-csv/6898#113641563>				<https://panlex.org/snapshot/panlex-20191001-csv/6898#113641537>		"Ufini"@jmc	
"i-Central African Republic"@zu	<https://panlex.org/snapshot/panlex-20191001-csv/6898#113591475>				<https://panlex.org/snapshot/panlex-20191001-csv/6898#113591362>		"Jamhuri ya Afrika ya Kati"@jmc	
"i-Greece"@zu	<https://panlex.org/snapshot/panlex-20191001-csv/6898#113630327>				<https://panlex.org/snapshot/panlex-20191001-csv/6898#113630369>		"Ugiriki"@jmc	
"i-U.K."@zu	<https://panlex.org/snapshot/panlex-20191001-csv/6898#113592495>				<https://panlex.org/snapshot/panlex-20191001-csv/6898#113592440>		"Uingereza"@jmc	
"i-Congo (Republic)"@zu	<https://panlex.org/snapshot/panlex-20191001-csv/6898#113599196>				<https://panlex.org/snapshot/panlex-20191001-csv/6898#113599271>		"Kongo"@jmc	
"i-Trinidad ne-Tobago"@zu	<https://panlex.org/snapshot/panlex-20191001-csv/6898#113640097>				<https://panlex.org/snapshot/panlex-20191001-csv/6898#113640074>		"Trinidad na Tobago"@jmc	
"i-East Timor"@zu	<https://panlex.org/snapshot/panlex-20191001-csv/6898#113632638>				<https://panlex.org/snapshot/panlex-20191001-csv/6898#113632749>		"Timori ya Mashariki"@jmc	
"iLesotho"@zu	<https://panlex.org/snapshot/panlex-20191001-csv/6898#113594765>				<https://panlex.org/snapshot/panlex-20191001-csv/6898#113594844>		"Lesoto"@jmc	
"i-Singapore"@zu	<https://panlex.org/snapshot/panlex-20191001-csv/6898#113604994>				<https://panlex.org/snapshot/panlex-20191001-csv/6898#113605000>		"Singapoo"@jmc	
"i-Ethiopia"@zu	<https://panlex.org/snapshot/panlex-20191001-csv/6898#113615639>				<https://panlex.org/snapshot/panlex-20191001-csv/6898#113615647>		"Uhabeshi"@jmc	
"i-Slovakia"@zu	<https://panlex.org/snapshot/panlex-20191001-csv/6898#113614403>				<https://panlex.org/snapshot/panlex-20191001-csv/6898#113614539>		"Slovakia"@jmc	
"i-Croatia"@zu	<https://panlex.org/snapshot/panlex-20191001-csv/6898#113623184>				<https://panlex.org/snapshot/panlex-20191001-csv/6898#113623181>		"Korasia"@jmc	
"i-Benin"@zu	<https://panlex.org/snapshot/panlex-20191001-csv/6898#113607460>				<https://panlex.org/snapshot/panlex-20191001-csv/6898#113607590>		"Benini"@jmc	
"i-Dominican Republic"@zu	<https://panlex.org/snapshot/panlex-20191001-csv/6898#113603488>				<https://panlex.org/snapshot/panlex-20191001-csv/6898#113603499>		"Jamhuri ya Dominika"@jmc	
"i-Mexico"@zu	<https://panlex.org/snapshot/panlex-20191001-csv/6898#113628270>				<https://panlex.org/snapshot/panlex-20191001-csv/6898#113628381>		"Meksiko"@jmc	
"i-Solomon Islands"@zu	<https://panlex.org/snapshot/panlex-20191001-csv/6898#113602447>				<https://panlex.org/snapshot/panlex-20191001-csv/6898#113602403>		"Visiwa vya Solomon"@jmc	
"i-French Polynesia"@zu	<https://panlex.org/snapshot/panlex-20191001-csv/6898#113621108>				<https://panlex.org/snapshot/panlex-20191001-csv/6898#113621044>		"Polinesia ya Ufaransa"@jmc	
"i-Bermuda"@zu	<https://panlex.org/snapshot/panlex-20191001-csv/6898#113607246>				<https://panlex.org/snapshot/panlex-20191001-csv/6898#113607301>		"Bermuda"@jmc	
"i-Bangladesh"@zu	<https://panlex.org/snapshot/panlex-20191001-csv/6898#113632137>				<https://panlex.org/snapshot/panlex-20191001-csv/6898#113632144>		"Bangladeshi"@jmc	
"i-São Tomé kanye ne-Príncipe"@zu	<https://panlex.org/snapshot/panlex-20191001-csv/6898#113622949>				<https://panlex.org/snapshot/panlex-20191001-csv/6898#113622926>		"Sao Tome na Principe"@jmc	
"i-U.S"@zu	<https://panlex.org/snapshot/panlex-20191001-csv/6898#113598048>				<https://panlex.org/snapshot/panlex-20191001-csv/6898#113598140>		"Marekani"@jmc	
"i-Gibraltar"@zu	<https://panlex.org/snapshot/panlex-20191001-csv/6898#113593068>				<https://panlex.org/snapshot/panlex-20191001-csv/6898#113593066>		"Jibralta"@jmc	
"i-Bhutan"@zu	<https://panlex.org/snapshot/panlex-20191001-csv/6898#113639625>				<https://panlex.org/snapshot/panlex-20191001-csv/6898#113639724>		"Butani"@jmc	
"i-Seychelles"@zu	<https://panlex.org/snapshot/panlex-20191001-csv/6898#113601911>				<https://panlex.org/snapshot/panlex-20191001-csv/6898#113601979>		"Shelisheli"@jmc	
"i-Uruguay"@zu	<https://panlex.org/snapshot/panlex-20191001-csv/6898#113623423>				<https://panlex.org/snapshot/panlex-20191001-csv/6898#113623401>		"Urugwai"@jmc	
"i-Falkland Islands (Islas Malvinas)"@zu	<https://panlex.org/snapshot/panlex-20191001-csv/6898#113643013>				<https://panlex.org/snapshot/panlex-20191001-csv/6898#113643065>		"Visiwa vya Falkland"@jmc	
"i-Haiti"@zu	<https://panlex.org/snapshot/panlex-20191001-csv/6898#113634551>				<https://panlex.org/snapshot/panlex-20191001-csv/6898#113634540>		"Haiti"@jmc	
"i-Latvia"@zu	<https://panlex.org/snapshot/panlex-20191001-csv/6898#113584944>				<https://panlex.org/snapshot/panlex-20191001-csv/6898#113585048>		"Lativia"@jmc	
"i-Morocco"@zu	<https://panlex.org/snapshot/panlex-20191001-csv/6898#113636008>				<https://panlex.org/snapshot/panlex-20191001-csv/6898#113636021>		"Moroko"@jmc	
"i-Cyprus"@zu	<https://panlex.org/snapshot/panlex-20191001-csv/6898#113631840>				<https://panlex.org/snapshot/panlex-20191001-csv/6898#113631793>		"Kuprosi"@jmc	
"i-New Zealand"@zu	<https://panlex.org/snapshot/panlex-20191001-csv/6898#113587250>				<https://panlex.org/snapshot/panlex-20191001-csv/6898#113587147>		"Nyuzilandi"@jmc	
"i-Martinique"@zu	<https://panlex.org/snapshot/panlex-20191001-csv/6898#113586000>				<https://panlex.org/snapshot/panlex-20191001-csv/6898#113586120>		"Martiniki"@jmc	
"i-Andorra"@zu	<https://panlex.org/snapshot/panlex-20191001-csv/6898#113588385>				<https://panlex.org/snapshot/panlex-20191001-csv/6898#113588332>		"Andora"@jmc	
"i-British Indian Ocean Territory"@zu	<https://panlex.org/snapshot/panlex-20191001-csv/6898#113584364>				<https://panlex.org/snapshot/panlex-20191001-csv/6898#113584320>		"Eneo la Uingereza katika Bahari Hindi"@jmc	
"i-Réunion"@zu	<https://panlex.org/snapshot/panlex-20191001-csv/6898#113591675>				<https://panlex.org/snapshot/panlex-20191001-csv/6898#113591626>		"Riyunioni"@jmc	
"i-Iran"@zu	<https://panlex.org/snapshot/panlex-20191001-csv/6898#113626112>				<https://panlex.org/snapshot/panlex-20191001-csv/6898#113626193>		"Uajemi"@jmc	
"i-Spain"@zu	<https://panlex.org/snapshot/panlex-20191001-csv/6898#113594502>				<https://panlex.org/snapshot/panlex-20191001-csv/6898#113594520>		"Hispania"@jmc	
"i-Nigeria"@zu	<https://panlex.org/snapshot/panlex-20191001-csv/6898#113624073>				<https://panlex.org/snapshot/panlex-20191001-csv/6898#113624108>		"Nijeria"@jmc	
"i-Armenia"@zu	<https://panlex.org/snapshot/panlex-20191001-csv/6898#113596513>				<https://panlex.org/snapshot/panlex-20191001-csv/6898#113596502>		"Armenia"@jmc	
"i-Bolivia"@zu	<https://panlex.org/snapshot/panlex-20191001-csv/6898#113609685>				<https://panlex.org/snapshot/panlex-20191001-csv/6898#113609682>		"Bolivia"@jmc	
"i-Netherlands"@zu	<https://panlex.org/snapshot/panlex-20191001-csv/6898#113635884>				<https://panlex.org/snapshot/panlex-20191001-csv/6898#113635840>		"Uholanzi"@jmc	
"i-Palau"@zu	<https://panlex.org/snapshot/panlex-20191001-csv/6898#113630913>				<https://panlex.org/snapshot/panlex-20191001-csv/6898#113630978>		"Palau"@jmc	
"i-Uzbekistan"@zu	<https://panlex.org/snapshot/panlex-20191001-csv/6898#113637298>				<https://panlex.org/snapshot/panlex-20191001-csv/6898#113637262>		"Uzibekistani"@jmc	
"i-Montserrat"@zu	<https://panlex.org/snapshot/panlex-20191001-csv/6898#113618470>				<https://panlex.org/snapshot/panlex-20191001-csv/6898#113618437>		"Montserrati"@jmc	
"i-Cape Verde"@zu	<https://panlex.org/snapshot/panlex-20191001-csv/6898#113629295>				<https://panlex.org/snapshot/panlex-20191001-csv/6898#113629382>		"Kepuvede"@jmc	
"i-Saint Vincent ne-Grenadines"@zu	<https://panlex.org/snapshot/panlex-20191001-csv/6898#113611948>				<https://panlex.org/snapshot/panlex-20191001-csv/6898#113611780>		"Santavisenti na Grenadini"@jmc	
"kwa-Israel"@zu	<https://panlex.org/snapshot/panlex-20191001-csv/6898#113615323>				<https://panlex.org/snapshot/panlex-20191001-csv/6898#113615438>		"Israeli"@jmc	
"i-Namibia"@zu	<https://panlex.org/snapshot/panlex-20191001-csv/6898#113606807>				<https://panlex.org/snapshot/panlex-20191001-csv/6898#113606820>		"Namibia"@jmc	
"i-Congo - Brazzaville"@zu	<https://panlex.org/snapshot/panlex-20191001-csv/6898#113599262>				<https://panlex.org/snapshot/panlex-20191001-csv/6898#113599271>		"Kongo"@jmc	
"iMalawi"@zu	<https://panlex.org/snapshot/panlex-20191001-csv/6898#113583890>				<https://panlex.org/snapshot/panlex-20191001-csv/6898#113583927>		"Malawi"@jmc	
"i-Nicaragua"@zu	<https://panlex.org/snapshot/panlex-20191001-csv/6898#113611167>				<https://panlex.org/snapshot/panlex-20191001-csv/6898#113611219>		"Nikaragwa"@jmc	
"i-Chad"@zu	<https://panlex.org/snapshot/panlex-20191001-csv/6898#113643235>				<https://panlex.org/snapshot/panlex-20191001-csv/6898#113643295>		"Chadi"@jmc	
