"gurar"@skz	<https://panlex.org/snapshot/panlex-20191001-csv/114#8064338>				<https://panlex.org/snapshot/panlex-20191001-csv/114#8064460>		"ua"@wuv	
"rara"@skz	<https://panlex.org/snapshot/panlex-20191001-csv/114#8063260>				<https://panlex.org/snapshot/panlex-20191001-csv/114#8063373>		"xaxa-"@wuv	
"ruri|r"@skz	<https://panlex.org/snapshot/panlex-20191001-csv/114#8059205>				<https://panlex.org/snapshot/panlex-20191001-csv/114#8059315>		"kui-"@wuv	
"uni-n faki-n"@skz	<https://panlex.org/snapshot/panlex-20191001-csv/114#8064884>				<https://panlex.org/snapshot/panlex-20191001-csv/114#8065011>		"uko"@wuv	
"kerir"@skz	<https://panlex.org/snapshot/panlex-20191001-csv/114#8067987>				<https://panlex.org/snapshot/panlex-20191001-csv/114#8068102>		"kawe-"@wuv	
"nanam"@skz	<https://panlex.org/snapshot/panlex-20191001-csv/114#8054632>				<https://panlex.org/snapshot/panlex-20191001-csv/114#8054742>		"tala"@wuv	
"nanam"@skz	<https://panlex.org/snapshot/panlex-20191001-csv/114#8062259>				<https://panlex.org/snapshot/panlex-20191001-csv/114#8062348>		"nakanaka-ia"@wuv	
"bara|r"@skz	<https://panlex.org/snapshot/panlex-20191001-csv/114#8061233>				<https://panlex.org/snapshot/panlex-20191001-csv/114#8061324>		"foka-"@wuv	
"susi"@skz	<https://panlex.org/snapshot/panlex-20191001-csv/114#8060722>				<https://panlex.org/snapshot/panlex-20191001-csv/114#8060861>		"tutu-"@wuv	
