"gurar"@skz	<https://panlex.org/snapshot/panlex-20191001-csv/114#8064338>				<https://panlex.org/snapshot/panlex-20191001-csv/114#8064448>		"ʼgenu"@wet	
"rara"@skz	<https://panlex.org/snapshot/panlex-20191001-csv/114#8063260>				<https://panlex.org/snapshot/panlex-20191001-csv/114#8063363>		"ʼrara"@wet	
"ruri|r"@skz	<https://panlex.org/snapshot/panlex-20191001-csv/114#8059205>				<https://panlex.org/snapshot/panlex-20191001-csv/114#8059304>		"ʼruri"@wet	
"uni-n faki-n"@skz	<https://panlex.org/snapshot/panlex-20191001-csv/114#8064884>				<https://panlex.org/snapshot/panlex-20191001-csv/114#8064997>		"kuruʼron"@wet	
"kerir"@skz	<https://panlex.org/snapshot/panlex-20191001-csv/114#8067987>				<https://panlex.org/snapshot/panlex-20191001-csv/114#8068090>		"ʼna"@wet	
"nanam"@skz	<https://panlex.org/snapshot/panlex-20191001-csv/114#8054632>				<https://panlex.org/snapshot/panlex-20191001-csv/114#8054729>		"ʼsala"@wet	
"susi"@skz	<https://panlex.org/snapshot/panlex-20191001-csv/114#8060722>				<https://panlex.org/snapshot/panlex-20191001-csv/114#8060849>		"ʼsusu"@wet	
