"wer"@skz	<https://panlex.org/snapshot/panlex-20191001-csv/12#851147>				<https://panlex.org/snapshot/panlex-20191001-csv/12#851157>		"saru"@sov	
"wer"@skz	<https://panlex.org/snapshot/panlex-20191001-csv/12#851147>				<https://panlex.org/snapshot/panlex-20191001-csv/12#851158>		"tati"@sov	
"gurar"@skz	<https://panlex.org/snapshot/panlex-20191001-csv/114#8064338>				<https://panlex.org/snapshot/panlex-20191001-csv/114#8064351>		"úya-(na)"@sov	
"gurar"@skz	<https://panlex.org/snapshot/panlex-20191001-csv/114#8064338>				<https://panlex.org/snapshot/panlex-20191001-csv/114#8064350>		"úya"@sov	
"rara"@skz	<https://panlex.org/snapshot/panlex-20191001-csv/114#8063260>				<https://panlex.org/snapshot/panlex-20191001-csv/114#8063272>		"ssaa"@sov	
"rara"@skz	<https://panlex.org/snapshot/panlex-20191001-csv/114#8063260>				<https://panlex.org/snapshot/panlex-20191001-csv/114#8063271>		"ssa"@sov	
"ruri|r"@skz	<https://panlex.org/snapshot/panlex-20191001-csv/114#8059205>				<https://panlex.org/snapshot/panlex-20191001-csv/114#8059217>		"ssi"@sov	
"ruri|r"@skz	<https://panlex.org/snapshot/panlex-20191001-csv/114#8059205>				<https://panlex.org/snapshot/panlex-20191001-csv/114#8059216>		"sii"@sov	
"uni-n faki-n"@skz	<https://panlex.org/snapshot/panlex-20191001-csv/114#8064884>				<https://panlex.org/snapshot/panlex-20191001-csv/114#8064895>		"nanɪ"@sov	
"uni-n faki-n"@skz	<https://panlex.org/snapshot/panlex-20191001-csv/114#8064884>				<https://panlex.org/snapshot/panlex-20191001-csv/114#8064898>		"úúna"@sov	
"uni-n faki-n"@skz	<https://panlex.org/snapshot/panlex-20191001-csv/114#8064884>				<https://panlex.org/snapshot/panlex-20191001-csv/114#8064896>		"yanɪ"@sov	
"uni-n faki-n"@skz	<https://panlex.org/snapshot/panlex-20191001-csv/114#8064884>				<https://panlex.org/snapshot/panlex-20191001-csv/114#8064897>		"úna-"@sov	
"kerir"@skz	<https://panlex.org/snapshot/panlex-20191001-csv/114#8067987>				<https://panlex.org/snapshot/panlex-20191001-csv/114#8068001>		"newɛ"@sov	
"kerir"@skz	<https://panlex.org/snapshot/panlex-20191001-csv/114#8067987>				<https://panlex.org/snapshot/panlex-20191001-csv/114#8068000>		"newe-"@sov	
"kerir"@skz	<https://panlex.org/snapshot/panlex-20191001-csv/114#8067987>				<https://panlex.org/snapshot/panlex-20191001-csv/114#8067999>		"neewe"@sov	
"nanam"@skz	<https://panlex.org/snapshot/panlex-20191001-csv/114#8054632>				<https://panlex.org/snapshot/panlex-20191001-csv/114#8054641>		"yaana"@sov	
"nanam"@skz	<https://panlex.org/snapshot/panlex-20191001-csv/114#8054632>				<https://panlex.org/snapshot/panlex-20191001-csv/114#8054644>		"yana-"@sov	
"nanam"@skz	<https://panlex.org/snapshot/panlex-20191001-csv/114#8054632>				<https://panlex.org/snapshot/panlex-20191001-csv/114#8054642>		"yaara"@sov	
"nanam"@skz	<https://panlex.org/snapshot/panlex-20191001-csv/114#8054632>				<https://panlex.org/snapshot/panlex-20191001-csv/114#8054643>		"yana"@sov	
"nanam"@skz	<https://panlex.org/snapshot/panlex-20191001-csv/114#8062259>				<https://panlex.org/snapshot/panlex-20191001-csv/114#8062266>		"mengi-a"@sov	
"nanam"@skz	<https://panlex.org/snapshot/panlex-20191001-csv/114#8062259>				<https://panlex.org/snapshot/panlex-20191001-csv/114#8062267>		"meŋi"@sov	
"nanam"@skz	<https://panlex.org/snapshot/panlex-20191001-csv/114#8062259>				<https://panlex.org/snapshot/panlex-20191001-csv/114#8062268>		"meŋimeŋi"@sov	
"bara|r"@skz	<https://panlex.org/snapshot/panlex-20191001-csv/114#8061233>				<https://panlex.org/snapshot/panlex-20191001-csv/114#8061245>		"yadala"@sov	
"susi"@skz	<https://panlex.org/snapshot/panlex-20191001-csv/114#8060722>				<https://panlex.org/snapshot/panlex-20191001-csv/114#8060739>		"tútú"@sov	
"susi"@skz	<https://panlex.org/snapshot/panlex-20191001-csv/114#8060722>				<https://panlex.org/snapshot/panlex-20191001-csv/114#8060740>		"tútʊ́"@sov	
