"isna"@nal	<https://panlex.org/snapshot/panlex-20191001-csv/114#8065355>				<https://panlex.org/snapshot/panlex-20191001-csv/114#8065149>		"gungus"@fos	
"isna"@nal	<https://panlex.org/snapshot/panlex-20191001-csv/114#8065355>				<https://panlex.org/snapshot/panlex-20191001-csv/114#8065148>		"gongos"@fos	
"isna"@nal	<https://panlex.org/snapshot/panlex-20191001-csv/114#8065355>				<https://panlex.org/snapshot/panlex-20191001-csv/114#8065150>		"togunut"@fos	
"isna"@nal	<https://panlex.org/snapshot/panlex-20191001-csv/114#8065355>				<https://panlex.org/snapshot/panlex-20191001-csv/114#8065147>		"gogos"@fos	
"chuf"@nal	<https://panlex.org/snapshot/panlex-20191001-csv/114#8057053>				<https://panlex.org/snapshot/panlex-20191001-csv/114#8056874>		"mal"@fos	
"kaiok"@nal	<https://panlex.org/snapshot/panlex-20191001-csv/114#8056057>				<https://panlex.org/snapshot/panlex-20191001-csv/114#8055857>		"lmangoy"@fos	
"zus"@nal	<https://panlex.org/snapshot/panlex-20191001-csv/114#8060635>				<https://panlex.org/snapshot/panlex-20191001-csv/114#8060413>		"oho"@fos	
"suzuf"@nal	<https://panlex.org/snapshot/panlex-20191001-csv/114#8056058>				<https://panlex.org/snapshot/panlex-20191001-csv/114#8055857>		"lmangoy"@fos	
"ləlen"@nal	<https://panlex.org/snapshot/panlex-20191001-csv/114#8054548>				<https://panlex.org/snapshot/panlex-20191001-csv/114#8054375>		"darang"@fos	
"ləvam"@nal	<https://panlex.org/snapshot/panlex-20191001-csv/114#8067383>				<https://panlex.org/snapshot/panlex-20191001-csv/114#8067171>		"wali"@fos	
"ləvam"@nal	<https://panlex.org/snapshot/panlex-20191001-csv/114#8067383>				<https://panlex.org/snapshot/panlex-20191001-csv/114#8067174>		"wangan"@fos	
"ləvam"@nal	<https://panlex.org/snapshot/panlex-20191001-csv/114#8067383>				<https://panlex.org/snapshot/panlex-20191001-csv/114#8067173>		"walit"@fos	
"ləvam"@nal	<https://panlex.org/snapshot/panlex-20191001-csv/114#8067383>				<https://panlex.org/snapshot/panlex-20191001-csv/114#8067172>		"walig"@fos	
"iat"@nal	<https://panlex.org/snapshot/panlex-20191001-csv/114#8060087>				<https://panlex.org/snapshot/panlex-20191001-csv/114#8059900>		"dapling"@fos	
"iat"@nal	<https://panlex.org/snapshot/panlex-20191001-csv/114#8060087>				<https://panlex.org/snapshot/panlex-20191001-csv/114#8059901>		"mauwach"@fos	
"mitna"@nal	<https://panlex.org/snapshot/panlex-20191001-csv/114#8051956>				<https://panlex.org/snapshot/panlex-20191001-csv/114#8051740>		"dadukam"@fos	
"mitna"@nal	<https://panlex.org/snapshot/panlex-20191001-csv/114#8051956>				<https://panlex.org/snapshot/panlex-20191001-csv/114#8051741>		"rima"@fos	
"arun"@nal	<https://panlex.org/snapshot/panlex-20191001-csv/114#8059124>				<https://panlex.org/snapshot/panlex-20191001-csv/114#8058933>		"toural"@fos	
"chu"@nal	<https://panlex.org/snapshot/panlex-20191001-csv/114#8058589>				<https://panlex.org/snapshot/panlex-20191001-csv/114#8058377>		"vouil"@fos	
"chu"@nal	<https://panlex.org/snapshot/panlex-20191001-csv/114#8058589>				<https://panlex.org/snapshot/panlex-20191001-csv/114#8058376>		"vauyl"@fos	
"winpin"@nal	<https://panlex.org/snapshot/panlex-20191001-csv/114#8057550>				<https://panlex.org/snapshot/panlex-20191001-csv/114#8057354>		"validt"@fos	
